tree
version=v4
num_class=1
num_tree_per_iteration=1
label_index=0
max_feature_idx=14
objective=regression
feature_names=route hour dow day kind log_level temperature_2m apparent_temperature precipitation snowfall snow_depth cloud_cover wind_speed_10m network_regime holiday
feature_infos=[1:50] [0:23] [0:6] [120:303] [0:2] [0.69337816202450586:8.6123689052626649] [-0.59999999999999998:35.100000000000001] [-4.0999999999999996:33.700000000000003] [0:8.6999999999999993] none [0:0.02] [0:100] [0.20000000000000001:24.699999999999999] [0:4] [0:1]
tree_sizes=1385 1466 1461 1460 1467 1469 1460 1466 1455 1474 1450 1474 1468 1474 1468 1474 1467 1470 1466 1465 1462 1470 1480 1470 1474 1474 1478 1466 1472 1482 1464 1473 1470 1466 1465 1456 1470 1469 1482 1478 1467 1459 1477 1473 1461 1472 1475 1475 1467 1468 1460 1465 1466 1465 1473 1473 1467 1471 1468 1480 1466 1467 1469 1466 1468 1468 1468 1462 1462 1467 1460 1463 1472 1459 1475 1457 1469 1466 1467 1467 1463 1463 1479 1469 1465 1475 1462 1457 1474 1474 1457 1468 1473 1473 1464 1474 1460 1463 1470 1473 1469 1470 1470 1479 1457 1461 1467 1470 1466 1461 1464 1481 1471 1462 1477 1459 1470 1479 1474 1467 1467 1474 1476 1465 1473 1470 1481 1481 1461 1477 1481 1466 1468 1473 1466 1469 1464 1462 1471 1470 1483 1463 1466 1479 1461 1474 1468 1475 1470 1473 1471 1473 1480 1459 1468 1480 1466 1473 1470 1469 1473 1470 1478 1468 1486 1475 1472 1482 1470 1470 1470 1466 1475 1485 1471 1477 1468 1474 1467 1467

Tree=0
num_leaves=12
num_cat=0
split_feature=5 13 5 0 14 5 1 3 0 5 3
split_gain=5.76018 2.86415 1.486 1.41404 1.06162 1.01712 0.816795 0.644248 0.829023 0.621627 0.415528
threshold=7.1427849880752516 1.0000000180025095e-35 1.2839396744917264 39.000000000000007 1.0000000180025095e-35 6.6248692065636119 12.500000000000002 273.50000000000006 39.000000000000007 5.952804382261208 211.50000000000003
decision_type=2 2 2 2 2 2 2 2 2 2 2
left_child=1 2 -1 4 5 6 -4 8 -2 -8 -10
right_child=7 -3 3 -5 -6 -7 9 -9 10 -11 -12
leaf_value=0.11408398307520368 0.1148776266613933 0.11811746443868934 0.11556523329423059 0.1171283968120677 0.11794116134738346 0.1151783858298687 0.11655209355146692 0.1144332283658217 0.11507975362386592 0.1158112635870357 0.11684207063659635
leaf_weight=299.01292030513287 2730.5235166847706 315.4482527077198 2922.6992545127869 469.78077632188797 114.90022380650043 1766.8772347718477 1328.3415676951408 1939.2914263010025 123.42577134072781 1549.6349803060293 199.73283103108406
leaf_count=610 7906 939 6943 1034 736 4221 3081 2285 591 3643 394
internal_value=0.115465 0.115851 0.11576 0.115825 0.115741 0.115701 0.115861 0.114789 0.11502 0.116158 0.116186
internal_weight=13759.7 8766.7 8451.25 8152.23 7682.45 7567.55 5800.68 4992.97 3053.68 2877.98 323.159
internal_count=32383 21207 20268 19658 18624 17888 13667 11176 8891 6724 985
is_linear=0
shrinkage=1


Tree=1
num_leaves=12
num_cat=0
split_feature=5 13 5 0 14 5 1 3 0 5 3
split_gain=5.48044 2.73155 1.41679 1.34712 1.01765 0.967511 0.777085 0.613157 0.790025 0.591846 0.397088
threshold=7.1427849880752516 1.0000000180025095e-35 1.2839396744917264 39.000000000000007 1.0000000180025095e-35 6.6248692065636119 12.500000000000002 273.50000000000006 39.000000000000007 5.9724973852341252 211.50000000000003
decision_type=2 2 2 2 2 2 2 2 2 2 2
left_child=1 2 -1 4 5 6 -4 8 -2 -8 -10
right_child=7 -3 3 -5 -6 -7 9 -9 10 -11 -12
leaf_value=-0.0013486726065571736 -0.00057281234102819658 0.0025900898985483718 9.7727922655926184e-05 0.0016234934087322635 0.0024234185411961978 -0.00027954558957717107 0.0010540428131148446 -0.0010062572014447495 -0.00037697485491414639 0.000331993888705819 0.0013457607752875472
leaf_weight=299.01292030513287 2730.5235166847706 315.4482527077198 2922.6992545127869 469.78077632188797 114.90022380650043 1766.8772347718477 1352.4372244477272 1939.2914263010025 123.42577134072781 1525.539323553443 199.73283103108406
leaf_count=610 7906 939 6943 1034 736 4221 3149 2285 591 3575 394
internal_value=2.18811e-07 0.000376531 0.000287988 0.000351172 0.000269357 0.000230349 0.000386089 -0.000659378 -0.000433973 0.000676236 0.000704164
internal_weight=13759.7 8766.7 8451.25 8152.23 7682.45 7567.55 5800.68 4992.97 3053.68 2877.98 323.159
internal_count=32383 21207 20268 19658 18624 17888 13667 11176 8891 6724 985
is_linear=0
shrinkage=0.025


Tree=2
num_leaves=12
num_cat=0
split_feature=5 13 5 0 14 5 1 3 0 5 1
split_gain=5.21428 2.6051 1.3508 1.28337 0.975487 0.920323 0.7393 0.583566 0.752863 0.563146 0.386501
threshold=7.1427849880752516 1.0000000180025095e-35 1.2839396744917264 39.000000000000007 1.0000000180025095e-35 6.6248692065636119 12.500000000000002 273.50000000000006 39.000000000000007 5.952804382261208 18.500000000000004
decision_type=2 2 2 2 2 2 2 2 2 2 2
left_child=1 2 -1 4 5 6 -4 8 -2 -8 -5
right_child=7 -3 3 10 -6 -7 9 -9 -10 -11 -12
leaf_value=-0.0013170695912665699 -0.00055859613944064064 0.0025291982791966054 9.530135436921911e-05 0.002182251643810917 0.0023718152777323985 -0.00027263516631270202 0.0010343425872788063 -0.00098135756222335357 0.00068797142421519021 0.00032922954252897693 0.00066084580418212841
leaf_weight=299.01292030513287 2730.5235166847706 315.4482527077198 2922.6992545127869 268.68185174465179 114.90022380650043 1766.8772347718477 1328.3415676951408 1939.2914263010025 323.15860237181187 1549.6349803060293 201.09892457723618
leaf_count=610 7906 939 6943 599 736 4221 3081 2285 985 3643 435
internal_value=4.26794e-07 0.000367487 0.000281019 0.000342714 0.000262858 0.00022467 0.000376565 -0.000642955 -0.000423059 0.00065957 0.00158456
internal_weight=13759.7 8766.7 8451.25 8152.23 7682.45 7567.55 5800.68 4992.97 3053.68 2877.98 469.781
internal_count=32383 21207 20268 19658 18624 17888 13667 11176 8891 6724 1034
is_linear=0
shrinkage=0.025


Tree=3
num_leaves=12
num_cat=0
split_feature=5 13 5 0 14 5 1 5 3 0 1
split_gain=4.96204 2.48432 1.28801 1.22507 0.935071 0.8772 1.00098 0.611713 0.555315 0.717002 0.438365
threshold=7.1427849880752516 1.0000000180025095e-35 1.2839396744917264 39.000000000000007 1.0000000180025095e-35 5.9369083356571579 5.5000000000000009 4.9497445937041711 273.50000000000006 39.000000000000007 6.5000000000000009
decision_type=2 2 2 2 2 2 2 2 2 2 2
left_child=1 2 -1 4 5 6 -4 10 9 -2 -8
right_child=8 -3 3 -5 -6 -7 7 -9 -10 -11 -12
leaf_value=-0.0012862071539155944 -0.00054473278278620611 0.0024697382229968128 1.65722261774443e-05 0.0015478518036004278 0.002321310930960802 -2.0167143219776694e-05 0.0029986896372513686 0.00059537269674893051 -0.0009570740693542175 0.0006717745629030912 0.0011575948375059702
leaf_weight=299.01292030513287 2730.5235166847706 315.4482527077198 1419.9491667449474 469.78077632188797 114.90022380650043 4231.465777784586 100.06561768054962 1374.5945944786072 1939.2914263010025 323.15860237181187 441.47788059711456
leaf_count=610 7906 939 3384 1034 736 10062 212 3255 2285 985 975
internal_value=6.61459e-07 0.000358733 0.000274293 0.000334538 0.000256518 0.000219131 0.000520967 0.000890715 -0.000626966 -0.000412461 0.00159247
internal_weight=13759.7 8766.7 8451.25 8152.23 7682.45 7567.55 3336.09 1916.14 4992.97 3053.68 541.543
internal_count=32383 21207 20268 19658 18624 17888 7826 4442 11176 8891 1187
is_linear=0
shrinkage=0.025


Tree=4
num_leaves=12
num_cat=0
split_feature=5 13 5 5 3 0 0 3 1 0 5
split_gain=4.72578 2.38601 1.18819 1.07746 0.841133 0.840967 0.782438 0.625679 0.503635 0.439379 0.433036
threshold=7.215117607053493 1.0000000180025095e-35 1.2839396744917264 5.9194824808467219 273.50000000000006 39.000000000000007 21.000000000000004 130.50000000000003 13.500000000000002 11.500000000000002 7.9549388348688348
decision_type=2 2 2 2 2 2 2 2 2 2 2
left_child=1 2 -1 6 5 7 9 -5 -9 -4 -2
right_child=10 -3 3 4 -6 -7 -8 8 -10 -11 -12
leaf_value=-0.0012560678919444398 -0.00053975035771774863 0.0023596556016569933 0.00055522320776536294 0.0018982619184348274 -0.00043083892867955737 0.0015819316669188424 0.00095431851996590096 -0.00024153036097671637 0.00038041278738933386 -0.00029161459591137178 -0.0011736554762491207
leaf_weight=299.01292030513287 3656.8752506226301 326.56108501553535 898.13755536079407 104.62416587769985 1490.5154287815094 262.48228490352631 2010.4939340502024 1500.3962855786085 1732.8854281008244 640.27205081284046 837.41236637532711
leaf_count=610 8382 972 2127 764 1766 642 4899 4213 4838 1519 1651
internal_value=9.70418e-07 0.000323549 0.000244062 0.000298761 6.50074e-05 0.000271528 0.000631837 0.000159673 9.20911e-05 0.000203558 -0.000662541
internal_weight=13759.7 9265.38 8938.82 8639.81 5090.9 3600.39 3548.9 3337.91 3233.28 1538.41 4494.29
internal_count=32383 22350 21378 20768 12223 10457 8545 9815 9051 3646 10033
is_linear=0
shrinkage=0.025


Tree=5
num_leaves=12
num_cat=0
split_feature=5 13 5 0 14 5 1 3 0 5 3
split_gain=4.50517 2.26109 1.17166 1.13238 0.88368 0.830394 0.687117 0.522827 0.668795 0.483387 0.378286
threshold=7.1427849880752516 1.0000000180025095e-35 1.2839396744917264 39.000000000000007 1.0000000180025095e-35 6.6248692065636119 12.500000000000002 273.50000000000006 39.000000000000007 5.9724973852341252 180.50000000000003
decision_type=2 2 2 2 2 2 2 2 2 2 2
left_child=1 2 -1 4 5 6 -4 8 -2 -8 -10
right_child=7 -3 3 -5 -6 -7 9 -9 10 -11 -12
leaf_value=-0.0012266348737490697 -0.0005167323161337573 0.0023562017050239238 8.1063541577220061e-05 0.0014856668131954108 0.0022513441511155538 -0.00026450582282913773 0.00096648858015155239 -0.00091717189385836736 -0.00062676161785243868 0.00031358711493953938 0.0011612297044613937
leaf_weight=299.01292030513287 2730.5235166847706 315.4482527077198 2922.6992545127869 469.78077632188797 114.90022380650043 1766.8772347718477 1352.4372244477272 1939.2914263010025 89.578143402934074 1525.539323553443 233.58045896887779
leaf_count=610 7906 939 6943 1034 736 4221 3149 2285 477 3575 508
internal_value=1.08391e-06 0.000342272 0.000261716 0.000319175 0.000244171 0.000207842 0.000352133 -0.000596952 -0.000388947 0.000624955 0.000657963
internal_weight=13759.7 8766.7 8451.25 8152.23 7682.45 7567.55 5800.68 4992.97 3053.68 2877.98 323.159
internal_count=32383 21207 20268 19658 18624 17888 13667 11176 8891 6724 985
is_linear=0
shrinkage=0.025


Tree=6
num_leaves=12
num_cat=0
split_feature=5 13 5 5 3 0 0 3 1 0 1
split_gain=4.29002 2.16939 1.08073 0.984363 0.793952 0.767251 0.730614 0.589071 0.472127 0.416968 0.712961
threshold=7.215117607053493 1.0000000180025095e-35 1.2839396744917264 5.9194824808467219 273.50000000000006 39.000000000000007 21.000000000000004 130.50000000000003 13.500000000000002 25.500000000000004 6.5000000000000009
decision_type=2 2 2 2 2 2 2 2 2 2 2
left_child=1 2 -1 6 5 7 -4 -5 -9 10 -8
right_child=-2 -3 3 4 -6 -7 9 8 -10 -11 -12
leaf_value=-0.0011978915345899179 -0.00063094108389760619 0.0022500683264040397 0.00018958639470859334 0.0018422920874515845 -0.00042019502280612434 0.0015138631604931056 0.0027913484933052997 -0.00023327177038141701 0.00036890444441284179 0.00059645293934723739 0.00093853059627734274
leaf_weight=299.01292030513287 4494.2876169979572 326.56108501553535 1538.4096061736345 104.62416587769985 1490.5154287815094 262.48228490352631 155.40599279105663 1500.3962855786085 1732.8854281008244 1179.9439887702465 675.14395248889923
leaf_count=610 10033 972 3646 764 1766 642 364 4213 4838 2934 1601
internal_value=1.24056e-06 0.000308587 0.000232794 0.00028496 6.15359e-05 0.000262186 0.000603322 0.000155328 8.97499e-05 0.000914922 0.0013427
internal_weight=13759.7 9265.38 8938.82 8639.81 5090.9 3600.39 3548.9 3337.91 3233.28 2010.49 830.55
internal_count=32383 22350 21378 20768 12223 10457 8545 9815 9051 4899 1965
is_linear=0
shrinkage=0.025


Tree=7
num_leaves=12
num_cat=0
split_feature=5 13 5 0 14 5 1 3 0 5 1
split_gain=4.0895 2.05797 1.06581 1.05316 0.835738 0.767111 0.654472 0.493479 0.625958 0.444777 0.370325
threshold=7.1427849880752516 1.0000000180025095e-35 1.2839396744917264 39.000000000000007 1.0000000180025095e-35 6.6248692065636119 12.500000000000002 273.50000000000006 39.000000000000007 6.0049937574249084 18.500000000000004
decision_type=2 2 2 2 2 2 2 2 2 2 2
left_child=1 2 -1 4 5 6 -4 8 -2 -8 -5
right_child=7 -3 3 10 -6 -7 9 -9 -10 -11 -12
leaf_value=-0.0011698217560149279 -0.00048999464859620387 0.0022479107978175495 7.1078558479416263e-05 0.0020111024656629499 0.0021840823503479823 -0.00025709500882241035 0.00091732018643222741 -0.00087929627338568682 0.0006462460617605542 0.00029192408362608402 0.00054066980312307002
leaf_weight=299.01292030513287 2730.5235166847706 315.4482527077198 2922.6992545127869 268.68185174465179 114.90022380650043 1766.8772347718477 1406.67949411273 1939.2914263010025 323.15860237181187 1471.2970538884401 201.09892457723618
leaf_count=610 7906 939 6943 599 736 4221 3275 2285 985 3449 435
internal_value=1.50014e-06 0.000326567 0.000249714 0.000304516 0.000232194 0.000196879 0.000335568 -0.00056828 -0.000366328 0.000601822 0.00142944
internal_weight=13759.7 8766.7 8451.25 8152.23 7682.45 7567.55 5800.68 4992.97 3053.68 2877.98 469.781
internal_count=32383 21207 20268 19658 18624 17888 13667 11176 8891 6724 1034
is_linear=0
shrinkage=0.025


Tree=8
num_leaves=12
num_cat=0
split_feature=5 13 5 5 3 0 0 3 0 1 3
split_gain=3.89663 1.97224 0.990012 0.856668 0.748328 0.700957 0.699729 0.554662 0.469675 0.740924 2.69535
threshold=7.215117607053493 1.0000000180025095e-35 1.1797840513104594 5.9194824808467219 273.50000000000006 21.000000000000004 39.000000000000007 130.50000000000003 25.500000000000004 6.5000000000000009 256.50000000000006
decision_type=2 2 2 2 2 2 2 2 2 2 2
left_child=1 2 -1 5 6 -4 7 -5 9 10 -7
right_child=-2 -3 3 4 -6 8 -8 -9 -10 -11 -12
leaf_value=-0.0012849429828220762 -0.00060081601925232315 0.002145762975195184 0.00016049276453528128 0.0017879854432865357 -0.00040938623854227082 -0.00046013088815151327 0.0014484497944752773 8.7394392939334849e-05 0.00053368392292635629 0.00090073196351406508 0.0055409780157374125
leaf_weight=244.91481684148312 4494.2876169979572 326.56108501553535 1565.2129378914833 104.62416587769985 1490.5154287815094 83.124653816223145 262.48228490352631 3233.2817136794329 1200.2650655806065 675.14395248889923 79.255033910274506
leaf_count=482 10033 972 3703 764 1766 271 642 9051 2994 1601 104
internal_value=1.68449e-06 0.000294599 0.000222332 0.000267645 5.82914e-05 0.000561498 0.000253096 0.00015103 0.000864954 0.00131618 0.00275535
internal_weight=13759.7 9265.38 8938.82 8693.91 5090.9 3603 3600.39 3337.91 2037.79 837.524 162.38
internal_count=32383 22350 21378 20896 12223 8673 10457 9815 4970 1976 375
is_linear=0
shrinkage=0.025


Tree=9
num_leaves=12
num_cat=0
split_feature=5 13 5 0 14 5 1 5 3 3 0
split_gain=3.71544 1.8726 0.977965 0.981544 0.791409 0.710621 0.631153 0.478235 0.427189 0.423825 0.379603
threshold=7.1427849880752516 1.0000000180025095e-35 1.2839396744917264 39.000000000000007 1.0000000180025095e-35 6.6248692065636119 12.500000000000002 7.788416872111152 269.50000000000006 274.50000000000006 39.000000000000007
decision_type=2 2 2 2 2 2 2 2 2 2 2
left_child=1 2 -1 4 5 6 -4 9 -8 10 -2
right_child=7 -3 3 -5 -6 -7 8 -9 -10 -11 -12
leaf_value=-0.0011212360533554742 -0.00030411224266584883 0.0021446179225795238 6.0689447170995092e-05 0.0013770048075457978 0.0021205656356045803 -0.00025005733158990813 0.00080263964337095618 -0.00092951057378331788 0.00016057496466607364 -0.00073650303724679181 0.00060949635891537155
leaf_weight=299.01292030513287 1948.8350977897644 315.4482527077198 2922.6992545127869 469.78077632188797 114.90022380650043 1766.8772347718477 1876.2720706909895 1410.0777897238731 1001.7044773101807 1320.8811400532722 313.17951779067516
leaf_count=610 5649 939 6943 1034 736 4221 5513 3048 1211 1546 933
internal_value=1.9998e-06 0.000311843 0.000238531 0.000291028 0.000221217 0.000186866 0.000320354 -0.000541098 0.000581814 -0.000383924 -0.000173389
internal_weight=13759.7 8766.7 8451.25 8152.23 7682.45 7567.55 5800.68 4992.97 2877.98 3582.9 2262.01
internal_count=32383 21207 20268 19658 18624 17888 13667 11176 6724 8128 6582
is_linear=0
shrinkage=0.025


Tree=10
num_leaves=12
num_cat=0
split_feature=5 13 5 5 3 0 0 3 0 6 0
split_gain=3.53594 1.79312 0.905552 0.80295 0.696715 0.658163 0.64326 0.523262 0.455288 0.724761 0.472775
threshold=7.215117607053493 1.0000000180025095e-35 1.1797840513104594 5.9194824808467219 273.50000000000006 21.000000000000004 39.000000000000007 130.50000000000003 25.500000000000004 5.0500000000000007 39.000000000000007
decision_type=2 2 2 2 2 2 2 2 2 2 2
left_child=1 2 -1 5 6 -4 7 -5 9 -7 -10
right_child=-2 -3 3 4 -6 8 -8 -9 10 -11 -12
leaf_value=-0.0012293299127069314 -0.00057184598083159213 0.0020462221532421927 0.0001515297397480256 0.0017329280034649331 -0.00039836218204889812 0.0033259328073613759 0.0013869520762571554 8.1227116511173878e-05 0.00025822674309351035 0.0009828909613970936 0.0015017242948681224
leaf_weight=244.91481684148312 4494.2876169979572 326.56108501553535 1565.2129378914833 104.62416587769985 1490.5154287815094 79.640638947486877 262.48228490352631 3233.2817136794329 978.91886951029301 757.88300126791 221.34619607031345
leaf_count=482 10033 972 3703 764 1766 134 642 9051 2483 1842 511
internal_value=2.09256e-06 0.000281121 0.000212212 0.00025555 5.28823e-05 0.000540039 0.000240861 0.000143012 0.000834077 0.00127807 0.0005084
internal_weight=13759.7 9265.38 8938.82 8693.91 5090.9 3603 3600.39 3337.91 2037.79 837.524 1200.27
internal_count=32383 22350 21378 20896 12223 8673 10457 9815 4970 1976 2994
is_linear=0
shrinkage=0.025


Tree=11
num_leaves=12
num_cat=0
split_feature=5 13 5 0 14 5 1 5 3 0 3
split_gain=3.37552 1.70413 0.896725 0.894966 0.74817 0.660224 0.604507 0.459263 0.403165 0.404624 0.398861
threshold=7.1427849880752516 1.0000000180025095e-35 1.2839396744917264 39.000000000000007 1.0000000180025095e-35 6.6248692065636119 12.500000000000002 7.9549388348688348 274.50000000000006 39.000000000000007 269.50000000000006
decision_type=2 2 2 2 2 2 2 2 2 2 2
left_child=1 2 -1 4 5 6 -4 8 9 -2 -8
right_child=7 -3 3 -5 -6 -7 10 -9 -10 -11 -12
leaf_value=-0.0010742875033964946 -0.0003329101830627825 0.0020460935868753475 5.2587104322247425e-05 0.0013150167160103743 0.0020580588039304632 -0.00024314291574102171 0.00077591493703919954 -0.0010450810356506469 -0.00072842967767566922 0.0005798926876491255 0.0001554947859145199
leaf_weight=299.01292030513287 2320.0030962377787 315.4482527077198 2922.6992545127869 469.78077632188797 114.90022380650043 1766.8772347718477 1876.2720706909895 837.41236637532711 1505.3463460803032 330.21173666417599 1001.7044773101807
leaf_count=610 6771 939 6943 1034 736 4221 5513 1651 1762 992 1211
internal_value=2.37654e-06 0.000297705 0.000227769 0.000278039 0.000211378 0.000177988 0.000306659 -0.000515283 -0.000404025 -0.000215685 0.000562536
internal_weight=13759.7 8766.7 8451.25 8152.23 7682.45 7567.55 5800.68 4992.97 4155.56 2650.21 2877.98
internal_count=32383 21207 20268 19658 18624 17888 13667 11176 9525 7763 6724
is_linear=0
shrinkage=0.025


Tree=12
num_leaves=12
num_cat=0
split_feature=5 13 5 0 3 4 5 1 5 3 0
split_gain=3.21243 1.62524 0.854956 0.852614 0.727457 0.795082 0.615233 0.52008 0.437367 0.3837 0.385426
threshold=7.1427849880752516 1.0000000180025095e-35 1.2839396744917264 39.000000000000007 164.50000000000003 1.0000000180025095e-35 6.6248692065636119 12.500000000000002 7.9549388348688348 274.50000000000006 39.000000000000007
decision_type=2 2 2 2 2 2 2 2 2 2 2
left_child=1 2 -1 4 5 -4 7 -6 9 10 -2
right_child=8 -3 3 -5 6 -7 -8 -9 -10 -11 -12
leaf_value=-0.0010491140860345945 -0.00032465858284389383 0.001997990992654949 0.00013941752643335031 0.0012834837486433287 7.121802758955522e-06 0.0017393781655782429 -0.00029999133744472569 0.00050156133170239047 -0.0010195634470016718 -0.00071045769588151935 0.00056622328328988659
leaf_weight=299.01292030513287 2320.0030962377787 315.4482527077198 399.37081398069859 469.78077632188797 2661.025302618742 364.84876339137554 1618.627931162715 2638.5804499387741 837.41236637532711 1505.3463460803032 330.21173666417599
leaf_count=610 6771 939 2364 1034 5383 2249 3333 5295 1651 1762 992
internal_value=2.44627e-06 0.000290552 0.000222254 0.00027134 0.000206275 0.00092814 0.000124089 0.000254255 -0.000502553 -0.000393983 -0.000210247
internal_weight=13759.7 8766.7 8451.25 8152.23 7682.45 764.22 6918.23 5299.61 4992.97 4155.56 2650.21
internal_count=32383 21207 20268 19658 18624 4613 14011 10678 11176 9525 7763
is_linear=0
shrinkage=0.025


Tree=13
num_leaves=12
num_cat=0
split_feature=5 13 1 3 1 1 5 3 5 0 5
split_gain=3.0605 1.55472 0.812048 0.747575 0.678162 0.575911 0.78594 0.779139 0.455163 0.407595 0.357652
threshold=7.215117607053493 1.0000000180025095e-35 12.500000000000002 273.50000000000006 1.0000000180025095e-35 4.5000000000000009 5.6101237220163602 274.50000000000006 5.952804382261208 39.000000000000007 7.9549388348688348
decision_type=2 2 2 2 2 2 2 2 2 2 2
left_child=1 2 4 8 -1 -6 7 -7 -4 -10 -2
right_child=10 -3 3 -5 5 6 -8 -9 9 -11 -12
leaf_value=0.00080558453378664621 -0.00042057032952712119 0.0019056627758845435 0.0010875604119266397 -5.5531218334813873e-05 -0.00076627824825222001 0.00011949090402525194 -0.00023856697454247667 0.0017272550529067315 0.00032436213014118176 0.0015529360388067568 -0.00099466892474044046
leaf_weight=503.61938387155533 3656.8752506226301 326.56108501553535 988.3462136387825 1351.0004455447197 748.54121579229832 588.49898193776608 2368.9824010431767 259.40692257881165 1962.9847210347652 167.43976832926273 837.41236637532711
leaf_count=1166 8382 972 2882 1599 1830 1724 5697 306 5762 412 1651
internal_value=2.48785e-06 0.000262079 0.000197914 0.000435388 -4.04789e-05 -0.000151435 -4.5152e-06 0.000639836 0.000647045 0.000434466 -0.000531474
internal_weight=13759.7 9265.38 8938.82 4469.77 4469.05 3965.43 3216.89 847.906 3118.77 2130.42 4494.29
internal_count=32383 22350 21378 10655 10723 9557 7727 2030 9056 6174 10033
is_linear=0
shrinkage=0.025


Tree=14
num_leaves=12
num_cat=0
split_feature=5 13 5 0 14 5 1 3 0 5 3
split_gain=2.91619 1.47954 0.796078 0.719384 0.688014 0.580904 0.535803 0.403266 0.495127 0.372579 0.35392
threshold=7.1427849880752516 1.0000000180025095e-35 1.1797840513104594 39.000000000000007 1.0000000180025095e-35 6.6248692065636119 12.500000000000002 273.50000000000006 39.000000000000007 6.0049937574249084 211.50000000000003
decision_type=2 2 2 2 2 2 2 2 2 2 2
left_child=1 2 -1 4 5 6 -4 8 -2 -8 -10
right_child=7 -3 3 -5 -6 -7 9 -9 10 -11 -12
leaf_value=-0.0011386762696830855 -0.00040647605829297788 0.0019062182727683575 4.6050954251321381e-05 0.0011714517018517011 0.001962936624944134 -0.00023250289673713441 0.00081308751342075403 -0.00075945399599403941 -0.00041067110058833788 0.00024137050144275399 0.0012105150731911343
leaf_weight=244.91481684148312 2730.5235166847706 315.4482527077198 2962.845762565732 483.34112271666527 115.29147282242775 1766.8772347718477 1406.67949411273 1939.2914263010025 123.42577134072781 1471.2970538884401 199.73283103108406
leaf_count=482 7906 939 7037 1065 739 4221 3275 2285 591 3449 394
internal_value=2.6088e-06 0.000277109 0.000211945 0.000254924 0.000194685 0.000162812 0.000282782 -0.000478543 -0.000296365 0.000524494 0.000603479
internal_weight=13759.7 8766.7 8451.25 8206.33 7722.99 7607.7 5840.82 4992.97 3053.68 2877.98 323.159
internal_count=32383 21207 20268 19786 18721 17982 13761 11176 8891 6724 985
is_linear=0
shrinkage=0.025


Tree=15
num_leaves=12
num_cat=0
split_feature=5 13 1 3 1 1 5 3 5 3 4
split_gain=2.7785 1.41323 0.742466 0.708513 0.641013 0.539951 0.747159 1.67105 0.409394 0.389483 0.44013
threshold=7.215117607053493 1.0000000180025095e-35 12.500000000000002 273.50000000000006 1.0000000180025095e-35 4.5000000000000009 5.1509068179788846 274.50000000000006 5.952804382261208 164.50000000000003 1.0000000180025095e-35
decision_type=2 2 2 2 2 2 2 2 2 2 2
left_child=1 2 4 8 -1 -6 7 -7 -4 10 -8
right_child=-2 -3 3 -5 5 6 9 -9 -10 -11 -12
leaf_value=0.00078348250812614354 -0.00050606467106788287 0.001817058798125866 0.0010398906691485086 -6.1873979151351344e-05 -0.00074229355331651543 -0.00014772177046370083 -0.00026909691979130071 0.0026851426958233414 0.00042026183968778665 -0.00028009156118114143 0.0016996444509265836
leaf_weight=503.61938387155533 4494.2876169979572 326.56108501553535 988.3462136387825 1351.0004455447197 748.54121579229832 380.31378203630447 134.54562352597713 176.3369208574295 2130.424489364028 2405.7922036200762 119.89977551996708
leaf_count=1166 10033 972 2882 1599 1830 1130 800 208 6174 4848 741
internal_value=2.70337e-06 0.000250046 0.00018887 0.000415941 -3.90797e-05 -0.000146955 -4.69408e-06 0.000811683 0.000621999 -0.000180302 0.000714868
internal_weight=13759.7 9265.38 8938.82 4469.77 4469.05 3965.43 3216.89 556.651 3118.77 2660.24 254.445
internal_count=32383 22350 21378 10655 10723 9557 7727 1338 9056 6389 1541
is_linear=0
shrinkage=0.025


Tree=16
num_leaves=12
num_cat=0
split_feature=5 13 5 0 3 4 5 1 5 1 3
split_gain=2.6449 1.34695 0.74169 0.757571 0.667265 0.730136 0.537446 0.430287 0.397795 0.365079 0.343494
threshold=7.1427849880752516 1.0000000180025095e-35 1.2839396744917264 39.000000000000007 164.50000000000003 1.0000000180025095e-35 6.6248692065636119 12.500000000000002 7.788416872111152 18.500000000000004 274.50000000000006
decision_type=2 2 2 2 2 2 2 2 2 2 2
left_child=1 2 -1 4 5 -4 7 -6 10 -5 -2
right_child=8 -3 3 9 6 -7 -8 -9 -10 -11 -12
leaf_value=-0.00098198453836124749 -0.00012319769817085811 0.001818685998142641 0.0001226244394310178 0.0017747796921982997 4.7590998372752891e-06 0.0016551984467910643 -0.00028846174645506595 0.00045448151248164682 -0.00080924501783671734 0.00034506724866294343 -0.0006296366198354366
leaf_weight=299.01292030513287 2262.0146155804396 315.4482527077198 399.37081398069859 268.68185174465179 2661.025302618742 364.84876339137554 1618.627931162715 2638.5804499387741 1410.0777897238731 201.09892457723618 1320.8811400532722
leaf_count=610 6582 939 2364 599 5383 2249 3333 5295 3048 435 1546
internal_value=2.86941e-06 0.000264289 0.000202114 0.000247842 0.000186535 0.000877849 0.000107859 0.000229535 -0.000455357 0.00120185 -0.000312362
internal_weight=13759.7 8766.7 8451.25 8152.23 7682.45 764.22 6918.23 5299.61 4992.97 469.781 3582.9
internal_count=32383 21207 20268 19658 18624 4613 14011 10678 11176 1034 8128
is_linear=0
shrinkage=0.025


Tree=17
num_leaves=12
num_cat=0
split_feature=5 13 1 3 1 1 5 3 5 0 5
split_gain=2.52193 1.2887 0.687598 0.694862 0.608401 0.500883 0.71451 0.706146 0.378722 0.373228 0.321638
threshold=7.223635453420953 1.0000000180025095e-35 12.500000000000002 273.50000000000006 1.0000000180025095e-35 4.5000000000000009 5.6101237220163602 274.50000000000006 5.952804382261208 39.000000000000007 7.9549388348688348
decision_type=2 2 2 2 2 2 2 2 2 2 2
left_child=1 2 4 8 -1 -6 7 -7 -4 -10 -2
right_child=10 -3 3 -5 5 6 -8 -9 9 -11 -12
leaf_value=0.00076101647783834777 -0.00037977455921152478 0.0017329673338217278 0.0010020861164679767 -7.4769622087030138e-05 -0.00071893048054539601 0.00011092136995101289 -0.00023035563147154044 0.0016414032993949841 0.0003013194159745464 0.0014615622226423581 -0.00092452049779459316
leaf_weight=503.61938387155533 3601.7503151893616 326.56108501553535 988.3462136387825 1363.3910520076752 748.54121579229832 588.49898193776608 2390.381625264883 259.40692257881165 1979.1031546145678 172.6564394980669 837.41236637532711
leaf_count=1166 8255 972 2882 1613 1830 1724 5746 306 5807 431 1651
internal_value=2.91897e-06 0.000236429 0.000178367 0.000395924 -4.06112e-05 -0.000145167 -8.94028e-06 0.000606189 0.000599473 0.000407019 -0.000486222
internal_weight=13759.7 9320.51 8993.94 4503.5 4490.45 3986.83 3238.29 847.906 3140.11 2151.76 4439.16
internal_count=32383 22477 21505 10733 10772 9606 7776 2030 9120 6238 9906
is_linear=0
shrinkage=0.025


Tree=18
num_leaves=12
num_cat=0
split_feature=5 13 5 0 14 5 1 3 0 3 5
split_gain=2.40211 1.22612 0.689804 0.639172 0.626386 0.508193 0.444409 0.364906 0.457965 0.337298 0.328207
threshold=7.1427849880752516 1.0000000180025095e-35 1.1797840513104594 39.000000000000007 1.0000000180025095e-35 6.6248692065636119 12.500000000000002 273.50000000000006 39.000000000000007 246.50000000000003 6.0049937574249084
decision_type=2 2 2 2 2 2 2 2 2 2 2
left_child=1 2 -1 4 5 6 -4 8 -2 -10 -8
right_child=7 -3 3 -5 -6 -7 10 -9 9 -11 -12
leaf_value=-0.0010643533029308448 -0.00036660806820743496 0.0017351885829993833 4.232088668625687e-05 0.0010967062771443947 0.0018631591065578869 -0.00022400742465720493 0.00074883795459638526 -0.00070075330577327836 4.3386165398311035e-05 0.0017072584928095862 0.00021259409943838673
leaf_weight=244.91481684148312 2730.5235166847706 315.4482527077198 2962.845762565732 483.34112271666527 115.29147282242775 1766.8772347718477 1406.67949411273 1939.2914263010025 228.00499852001667 95.153603851795197 1471.2970538884401
leaf_count=482 7906 939 7037 1065 739 4221 3275 2285 832 153 3449
internal_value=3.01592e-06 0.000252148 0.000192826 0.000232843 0.000176085 0.0001457 0.000257921 -0.000433672 -0.000260602 0.00060426 0.000478055
internal_weight=13759.7 8766.7 8451.25 8206.33 7722.99 7607.7 5840.82 4992.97 3053.68 323.159 2877.98
internal_count=32383 21207 20268 19786 18721 17982 13761 11176 8891 985 6724
is_linear=0
shrinkage=0.025


Tree=19
num_leaves=12
num_cat=0
split_feature=5 13 5 5 3 0 0 1 0 3 1
split_gain=2.28991 1.17192 0.638352 0.689412 0.833573 0.557986 0.527314 0.48898 0.772038 0.462095 0.437911
threshold=7.223635453420953 1.0000000180025095e-35 1.2839396744917264 5.6272971629801676 273.50000000000006 4.0000000000000009 9.0000000000000018 5.5000000000000009 39.000000000000007 130.50000000000003 11.500000000000002
decision_type=2 2 2 2 2 2 2 2 2 2 2
left_child=1 2 -1 7 5 -5 -7 8 -4 -8 -11
right_child=-2 -3 3 4 -6 6 9 -9 -10 10 -12
leaf_value=-0.00092930514915391541 -0.00046297317884187652 0.00165275710161475 2.4984070457544506e-05 -0.00039739179795444653 -0.00040918299450859159 0.0013618905259709661 0.0017660721114924817 0.00087468598176283731 0.0019871595945148714 -0.00019973571236703939 0.00042272557776454708
leaf_weight=299.01292030513287 4439.1626815646887 326.56108501553535 1330.394052490592 690.08024890720844 1691.2575935125351 288.31822653114796 105.42781689763069 1335.7536584287882 118.42302595078945 1047.9078158438206 2087.3696303367615
leaf_count=610 9906 972 3247 2006 2002 685 770 3124 287 2947 5827
internal_value=3.12535e-06 0.000225634 0.000170265 0.000210124 5.67507e-05 0.000244573 0.000371637 0.000532939 0.000210242 0.000275724 0.000214732
internal_weight=13759.7 9320.51 8993.94 8694.93 5910.36 4219.1 3529.02 2784.57 1448.82 3240.71 3135.28
internal_count=32383 22477 21505 20895 14237 12235 10229 6658 3534 9544 8774
is_linear=0
shrinkage=0.025


Tree=20
num_leaves=12
num_cat=0
split_feature=5 13 5 5 3 0 1 0 0 3 0
split_gain=2.17968 1.11437 0.613328 0.611278 0.77191 0.5159 0.503645 0.591709 0.471705 0.442526 0.428158
threshold=7.215117607053493 1.0000000180025095e-35 1.1797840513104594 5.6272971629801676 273.50000000000006 4.0000000000000009 5.5000000000000009 39.000000000000007 9.0000000000000018 130.50000000000003 39.000000000000007
decision_type=2 2 2 2 2 2 2 2 2 2 2
left_child=1 2 -1 6 5 -5 7 -4 -7 -10 -11
right_child=-2 -3 3 4 -6 8 -8 -9 9 10 -12
leaf_value=-0.0010182746919208667 -0.00044736774110578145 0.0016138227574935952 2.1006568729298426e-05 -0.00038234447757914654 -0.00039415477567987793 0.0013034787279988926 0.00085314140057224743 0.0016654238385736325 0.0017356635444800755 0.00011426788817123215 0.0011096035285369306
leaf_weight=244.91481684148312 4494.2876169979572 326.56108501553535 1370.9318095594645 682.61551709473133 1670.8611593842506 284.62830685079098 1335.7536584287882 131.98337234556675 104.20178574323654 2833.4933951199055 279.43623240292072
leaf_count=482 10033 972 3344 1988 1979 676 3124 318 761 8025 681
internal_value=3.25374e-06 0.000222326 0.000168001 0.00020368 5.71662e-05 0.000238401 0.000503376 0.000185391 0.00036089 0.000269958 0.000210129
internal_weight=13759.7 9265.38 8938.82 8693.91 5855.24 4184.38 2838.67 1502.92 3501.76 3217.13 3112.93
internal_count=32383 22350 21378 20896 14110 12131 6786 3662 10143 9467 8706
is_linear=0
shrinkage=0.025


Tree=21
num_leaves=12
num_cat=0
split_feature=5 13 5 0 3 4 5 5 1 1 7
split_gain=2.07883 1.06542 0.605318 0.630754 0.601826 0.674655 0.457275 0.355791 0.355062 0.342391 0.312839
threshold=7.1427849880752516 1.0000000180025095e-35 1.2839396744917264 39.000000000000007 164.50000000000003 1.0000000180025095e-35 6.6248692065636119 7.788416872111152 12.500000000000002 18.500000000000004 23.350000000000005
decision_type=2 2 2 2 2 2 2 2 2 2 2
left_child=1 2 -1 4 5 -4 8 10 -6 -5 -2
right_child=7 -3 3 9 6 -7 -8 -9 -10 -11 -12
leaf_value=-0.00088982167327580431 -0.00034212442014977334 0.0016175997648458025 9.6917462761577072e-05 0.001645389935437707 -1.3170310625463721e-06 0.0015688994160887764 -0.00027494953999787787 -0.00073729674974158405 0.00040716390794867836 0.00026987650435770274 0.00045133687209252731
leaf_weight=299.01292030513287 3257.0512776076794 315.4482527077198 399.37081398069859 268.68185174465179 2661.025302618742 364.84876339137554 1618.627931162715 1410.0777897238731 2638.5804499387741 201.09892457723618 325.84447802603245
leaf_count=610 7030 939 2364 599 5383 2249 3333 3048 5295 435 1098
internal_value=3.39644e-06 0.000235158 0.00017986 0.000221176 0.000165251 0.000821751 9.05716e-05 -0.000402846 0.000202825 0.00109164 -0.000267859
internal_weight=13759.7 8766.7 8451.25 8152.23 7682.45 764.22 6918.23 4992.97 5299.61 469.781 3582.9
internal_count=32383 21207 20268 19658 18624 4613 14011 11176 10678 1034 8128
is_linear=0
shrinkage=0.025


Tree=22
num_leaves=12
num_cat=0
split_feature=5 13 1 3 1 1 5 3 3 4 0
split_gain=1.97978 1.01559 0.578008 0.606893 0.565131 0.441557 0.64974 1.74022 0.375124 0.435018 0.321706
threshold=7.223635453420953 1.0000000180025095e-35 12.500000000000002 273.50000000000006 1.0000000180025095e-35 4.5000000000000009 4.9918203575237543 274.50000000000006 164.50000000000003 1.0000000180025095e-35 4.0000000000000009
decision_type=2 2 2 2 2 2 2 2 2 2 2
left_child=1 2 4 10 -1 -6 7 -7 9 -8 -4
right_child=-2 -3 3 -5 5 6 8 -9 -10 -11 -12
leaf_value=0.00073065961136074354 -0.00042993934969547609 0.0015388765130175174 -3.1194008282368403e-05 -8.1474140862417704e-05 -0.00068142787038893331 -0.00024397710302291364 -0.00027067613122761669 0.0027402182817516663 -0.00026769311814401595 0.0016500520627217093 0.00065803880878053484
leaf_weight=503.61938387155533 4439.1626815646887 326.56108501553535 501.30232846736908 1363.3910520076752 748.54121579229832 348.98626285791397 139.53494249284267 165.53647404909134 2458.6574566066265 125.57239377498627 2638.8034792840481
leaf_count=1166 9906 972 1454 1613 1830 1018 828 195 4960 775 7666
internal_value=3.44983e-06 0.000210343 0.000158798 0.000358268 -4.1954e-05 -0.000142711 -1.47665e-05 0.000782729 -0.000170022 0.000691037 0.000548505
internal_weight=13759.7 9320.51 8993.94 4503.5 4490.45 3986.83 3238.29 514.523 2723.76 265.107 3140.11
internal_count=32383 22477 21505 10733 10772 9606 7776 1213 6563 1603 9120
is_linear=0
shrinkage=0.025


Tree=23
num_leaves=12
num_cat=0
split_feature=5 13 5 0 3 4 5 1 5 1 5
split_gain=1.88629 0.96998 0.561964 0.59719 0.560743 0.630386 0.435923 0.514302 0.548531 0.542023 0.340179
threshold=7.1427849880752516 1.0000000180025095e-35 1.2839396744917264 39.000000000000007 164.50000000000003 1.0000000180025095e-35 5.9369083356571579 5.5000000000000009 4.9497445937041711 6.5000000000000009 7.9549388348688348
decision_type=2 2 2 2 2 2 2 2 2 2 2
left_child=1 2 -1 4 5 -4 7 -6 9 -9 -2
right_child=10 -3 3 -5 6 -7 -8 8 -10 -11 -12
leaf_value=-0.0008590814896631034 -0.00028811787878797572 0.0015433926257785559 9.0194078560261063e-05 0.0010583320030800986 -7.2726348727856428e-05 0.0015128640246056819 -9.1506892452414366e-05 0.0028084341861711192 0.00029473667231146006 0.00078967512236803269 -0.00083857610438427808
leaf_weight=299.01292030513287 4155.5611789822578 315.4482527077198 399.37081398069859 469.78077632188797 1288.0573582798243 364.84876339137554 3862.7845923900604 95.125225841999054 1265.0678032040596 407.19870400428772 837.41236637532711
leaf_count=610 9525 939 2364 1034 2599 2249 7863 182 2600 767 1651
internal_value=3.55631e-06 0.000224324 0.000171561 0.000211374 0.000156969 0.000790657 8.48911e-05 0.000307043 0.000581533 0.00126487 -0.000383417
internal_weight=13759.7 8766.7 8451.25 8152.23 7682.45 764.22 6918.23 3055.45 1767.39 502.324 4992.97
internal_count=32383 21207 20268 19658 18624 4613 14011 6148 3549 949 11176
is_linear=0
shrinkage=0.025


Tree=24
num_leaves=12
num_cat=0
split_feature=5 13 14 1 1 3 1 5 3 5 0
split_gain=1.79934 0.923417 0.547959 0.548543 0.553637 0.518713 0.353642 0.618651 1.75226 0.296238 0.333217
threshold=7.223635453420953 1.0000000180025095e-35 1.0000000180025095e-35 12.500000000000002 1.0000000180025095e-35 273.50000000000006 4.5000000000000009 4.9497445937041711 274.50000000000006 5.952804382261208 39.000000000000007
decision_type=2 2 2 2 2 2 2 2 2 2 2
left_child=1 2 3 4 -1 9 -6 8 -8 -5 -11
right_child=-2 -3 -4 5 6 -7 7 -9 -10 10 -12
leaf_value=0.0006986796483986681 -0.00040948409249650888 0.0014677349811602234 0.0016892040594304021 0.00086124372641089891 -0.00065465825014895387 -8.2735173480724238e-05 -0.0003275878473197093 -0.00020524931043222535 0.0026934688771638776 0.00022900978881583889 0.001324290337885538
leaf_weight=498.29296478629112 4439.1626815646887 326.56108501553535 122.72872243821621 966.08129876852036 741.32199041545391 1363.3910520076752 332.42234998941422 2693.8214616924524 164.60096704959869 1938.6277425587177 172.6564394980669
leaf_count=1132 9906 972 787 2740 1784 1613 926 6351 194 5547 431
internal_value=3.68322e-06 0.000200922 0.00015177 0.000126749 -6.99989e-05 0.000322474 -0.00017045 -5.45783e-05 0.000738395 0.000501373 0.000330166
internal_weight=13759.7 9320.51 8993.94 8871.22 4430.46 4440.76 3932.17 3190.84 497.023 3077.37 2111.28
internal_count=32383 22477 21505 20718 10387 10331 9255 7471 1120 8718 5978
is_linear=0
shrinkage=0.025


Tree=25
num_leaves=12
num_cat=0
split_feature=5 13 5 0 14 5 1 3 3 0 3
split_gain=1.71461 0.882615 0.523503 0.497997 0.511361 0.422546 0.351516 0.33587 0.334254 0.416413 0.326768
threshold=7.1427849880752516 1.0000000180025095e-35 1.1797840513104594 39.000000000000007 1.0000000180025095e-35 6.6248692065636119 10.500000000000002 269.50000000000006 273.50000000000006 39.000000000000007 180.50000000000003
decision_type=2 2 2 2 2 2 2 2 2 2 2
left_child=1 2 -1 4 5 6 -4 -8 9 -2 -11
right_child=8 -3 3 -5 -6 -7 7 -9 -10 10 -12
leaf_value=-0.00093114388711832666 -0.00030125661164700883 0.0014726026858167744 6.4888256901011716e-06 0.00096134035769446843 0.0016729919791176771 -0.00021568013239676426 0.00057973373033463167 4.4964765881700167e-05 -0.00062043342623792526 -0.00057174702177462805 0.001091162302396633
leaf_weight=244.91481684148312 2730.5235166847706 315.4482527077198 2595.3034213334322 483.34112271666527 115.29147282242775 1766.8772347718477 2123.8467058390379 1121.6721833944321 1939.2914263010025 89.578143402934074 233.58045896887779
leaf_count=482 7906 939 6170 1065 739 4221 6235 1356 2285 477 508
internal_value=3.85544e-06 0.000214336 0.000164004 0.000198873 0.000148794 0.00012137 0.000223717 0.000396321 -0.000365088 -0.000199945 0.000623754
internal_weight=13759.7 8766.7 8451.25 8206.33 7722.99 7607.7 5840.82 3245.52 4992.97 3053.68 323.159
internal_count=32383 21207 20268 19786 18721 17982 13761 7591 11176 8891 985
is_linear=0
shrinkage=0.025


Tree=26
num_leaves=12
num_cat=0
split_feature=5 13 14 1 1 3 1 5 3 5 0
split_gain=1.63403 0.838822 0.504162 0.503802 0.524589 0.478434 0.3307 0.588758 1.67354 0.27921 0.277296
threshold=7.223635453420953 1.0000000180025095e-35 1.0000000180025095e-35 12.500000000000002 1.0000000180025095e-35 273.50000000000006 4.5000000000000009 4.9497445937041711 274.50000000000006 7.9549388348688348 25.500000000000004
decision_type=2 2 2 2 2 2 2 2 2 2 2
left_child=1 2 3 4 10 -5 -6 8 -8 -2 -1
right_child=9 -3 -4 5 6 -7 7 -9 -10 -11 -12
leaf_value=0.00029321206802184873 -0.00029124878850727881 0.0013992287449857159 0.0016196933578112853 0.00048037537065360141 -0.00063358637130034475 -8.0582456681117695e-05 -0.00032140962357415681 -0.00020027799263120182 0.0026309544122211166 -0.00079728681973232458 0.0015901248575510573
leaf_weight=367.97132527828217 3601.7503151893616 326.56108501553535 122.72872243821621 3077.365480825305 741.32199041545391 1363.3910520076752 332.42234998941422 2693.8214616924524 164.60096704959869 837.41236637532711 130.32163950800896
leaf_count=833 8255 972 787 8718 1784 1613 926 6351 194 1651 299
internal_value=3.87476e-06 0.000191834 0.000144987 0.000120988 -6.75636e-05 0.000308562 -0.000165347 -5.32925e-05 0.000720286 -0.000389857 0.000680673
internal_weight=13759.7 9320.51 8993.94 8871.22 4430.46 4440.76 3932.17 3190.84 497.023 4439.16 498.293
internal_count=32383 22477 21505 20718 10387 10331 9255 7471 1120 9906 1132
is_linear=0
shrinkage=0.025


Tree=27
num_leaves=12
num_cat=0
split_feature=5 13 5 0 3 4 5 0 0 1 3
split_gain=1.55759 0.803422 0.487299 0.525632 0.512036 0.562972 0.422038 0.348866 1.05494 0.33145 0.316094
threshold=7.1427849880752516 1.0000000180025095e-35 1.2839396744917264 39.000000000000007 144.50000000000003 1.0000000180025095e-35 6.6248692065636119 14.500000000000002 21.000000000000004 18.500000000000004 274.50000000000006
decision_type=2 2 2 2 2 2 2 2 2 2 2
left_child=1 2 -1 4 5 -4 -6 -7 -9 -5 -2
right_child=10 -3 3 9 6 7 -8 8 -10 -11 -12
leaf_value=-0.00080312114923568952 -0.00019153509104685205 0.0014050875435247588 -6.0529812265492446e-05 0.0015320494118871554 0.00019836038613119802 0.0003873513838640847 -0.00024987936375431307 0.0055422925320664897 0.00088631122667278707 0.00018876582017950881 -0.00060303392582488442
leaf_weight=299.01292030513287 3120.3195333331823 315.4482527077198 177.87180687487125 268.68185174465179 5591.6741510182619 83.500856563448906 1695.2519553899765 29.738786458969116 104.4157047867775 201.09892457723618 1872.6540120244026
leaf_count=610 8984 939 1176 599 12208 576 3739 206 719 435 2192
internal_value=3.98433e-06 0.000204596 0.000156575 0.000193655 0.000142627 0.00099645 9.3682e-05 0.00179263 0.00250358 0.000988219 -0.000347661
internal_weight=13759.7 8766.7 8451.25 8152.23 7682.45 395.527 7286.93 217.655 134.154 469.781 4992.97
internal_count=32383 21207 20268 19658 18624 2677 15947 1501 925 1034 11176
is_linear=0
shrinkage=0.025


Tree=28
num_leaves=12
num_cat=0
split_feature=5 13 3 1 1 3 2 1 5 3 5
split_gain=1.48805 0.76215 0.475815 0.481493 0.507935 0.443594 0.357924 0.295131 0.567021 1.6065 0.285602
threshold=7.223635453420953 1.0000000180025095e-35 130.50000000000003 12.500000000000002 1.0000000180025095e-35 273.50000000000006 2.5000000000000004 4.5000000000000009 4.9497445937041711 274.50000000000006 5.952804382261208
decision_type=2 2 2 2 2 2 2 2 2 2 2
left_child=1 2 6 4 -4 10 -1 -6 9 -9 -5
right_child=-2 -3 3 5 7 -7 -8 8 -10 -11 -12
leaf_value=-0.00046435141069576239 -0.00037154962361990516 0.0013344467325352399 0.00066411174061718509 0.00081602142963670393 -0.00061617758132311278 -7.9765250056615638e-05 0.0018446418688686135 -0.00033228056190381261 -0.00021009939181173491 0.0025651958639328798 0.00029261034980794661
leaf_weight=46.660804703831673 4439.1626815646887 326.56108501553535 494.44674815237522 955.90565703809261 733.9132876098156 1363.3910520076752 148.53058083355427 328.76838462054729 2670.5742007941008 164.60096704959869 2087.1533063948154
leaf_count=341 9906 972 1099 2645 1723 1613 1085 892 6147 194 5766
internal_value=4.18343e-06 0.00018355 0.000138894 0.000110226 -7.49118e-05 0.000294274 0.00130082 -0.000171569 -6.52145e-05 0.000696669 0.000461282
internal_weight=13759.7 9320.51 8993.94 8798.75 4392.3 4406.45 195.191 3897.86 3163.94 493.369 3043.06
internal_count=32383 22477 21505 20079 10055 10024 1426 8956 7233 1086 8411
is_linear=0
shrinkage=0.025


Tree=29
num_leaves=12
num_cat=0
split_feature=5 13 14 1 1 3 1 5 3 0 5
split_gain=1.41642 0.726604 0.457722 0.455031 0.472007 0.42993 0.295544 0.530754 1.5295 0.270819 0.265896
threshold=7.223635453420953 1.0000000180025095e-35 1.0000000180025095e-35 12.500000000000002 1.0000000180025095e-35 273.50000000000006 4.5000000000000009 4.9497445937041711 274.50000000000006 4.0000000000000009 7.9549388348688348
decision_type=2 2 2 2 2 2 2 2 2 2 2
left_child=1 2 3 4 -1 9 -6 8 -8 -5 -2
right_child=10 -3 -4 5 6 -7 7 -9 -10 -11 -12
leaf_value=0.00064338804150140371 -0.00026623062256997491 0.0013030108371671568 0.0015407875544381912 -8.1683940760183388e-05 -0.00060177849922749688 -7.7799947536187362e-05 -0.00031415466329688186 -0.00019271311907189642 0.0025080140045720123 0.00055542348067288375 -0.00075966377151919905
leaf_weight=498.29296478629112 3601.7503151893616 326.56108501553535 122.72872243821621 490.77607604861259 741.32199041545391 1363.3910520076752 332.42234998941422 2693.8214616924524 164.60096704959869 2586.5894047766924 837.41236637532711
leaf_count=1132 8255 972 787 1388 1784 1613 926 6351 194 7330 1651
internal_value=4.27634e-06 0.000179272 0.00013567 0.000112809 -6.63765e-05 0.000291074 -0.00015912 -5.31705e-05 0.000681336 0.000453947 -0.000362303
internal_weight=13759.7 9320.51 8993.94 8871.22 4430.46 4440.76 3932.17 3190.84 497.023 3077.37 4439.16
internal_count=32383 22477 21505 20718 10387 10331 9255 7471 1120 8718 9906
is_linear=0
shrinkage=0.025


Tree=30
num_leaves=12
num_cat=0
split_feature=5 13 5 0 3 4 5 1 5 1 1
split_gain=1.34981 0.698013 0.441897 0.49515 0.474815 0.534265 0.371338 0.455095 0.50351 0.515099 0.317961
threshold=7.1427849880752516 1.0000000180025095e-35 1.2839396744917264 39.000000000000007 164.50000000000003 1.0000000180025095e-35 5.9369083356571579 5.5000000000000009 4.9497445937041711 6.5000000000000009 18.500000000000004
decision_type=2 2 2 2 2 2 2 2 2 2 2
left_child=1 2 -1 4 5 -4 7 -6 9 -9 -5
right_child=-2 -3 3 10 6 -7 -8 8 -10 -11 -12
leaf_value=-0.00076754787067866235 -0.00032302859594123895 0.0013100494457552571 7.0993501128864591e-05 0.0014852753186885821 -8.6108446070075391e-05 0.001380036721699506 -9.6921435412127295e-05 0.0026849780298236988 0.00025491283082234407 0.00072346772869297455 0.00017130648930528301
leaf_weight=299.01292030513287 4992.973545357585 315.4482527077198 399.37081398069859 268.68185174465179 1288.0573582798243 364.84876339137554 3862.7845923900604 95.125225841999054 1265.0678032040596 407.19870400428772 201.09892457723618
leaf_count=610 11176 939 2364 599 2599 2249 7863 182 2600 767 435
internal_value=4.32388e-06 0.000191075 0.000146314 0.00018163 0.000132123 0.000715205 6.58372e-05 0.000270893 0.000529125 0.00118351 0.000952769
internal_weight=13759.7 8766.7 8451.25 8152.23 7682.45 764.22 6918.23 3055.45 1767.39 502.324 469.781
internal_count=32383 21207 20268 19658 18624 4613 14011 6148 3549 949 1034
is_linear=0
shrinkage=0.025


Tree=31
num_leaves=12
num_cat=0
split_feature=5 13 3 1 1 3 2 1 5 3 3
split_gain=1.2896 0.660398 0.429756 0.434228 0.439845 0.331344 0.331135 0.281992 0.467379 1.46862 0.304251
threshold=7.223635453420953 1.0000000180025095e-35 130.50000000000003 13.500000000000002 1.0000000180025095e-35 273.50000000000006 2.5000000000000004 4.5000000000000009 4.9497445937041711 274.50000000000006 274.50000000000006
decision_type=2 2 2 2 2 2 2 2 2 2 2
left_child=1 2 6 4 -4 -5 -1 -6 9 -9 -10
right_child=-2 -3 3 5 7 -7 -8 8 10 -11 -12
leaf_value=-0.00045963950212965477 -0.00034532051696076118 0.0012427634196380795 0.00063153197784764884 0.00044361374597740055 -0.00058116730440727418 -4.3506184719672562e-05 0.001757598979069506 -0.00033289149087149166 -4.9116384515596859e-06 0.0024368470700492878 -0.00055416304963219927
leaf_weight=46.660804703831673 4439.1626815646887 326.56108501553535 494.44674815237522 2785.3860708773136 733.9132876098156 1262.0134743452072 148.53058083355427 328.76838462054729 2159.2053249776363 164.60096704959869 870.41934603452682
leaf_count=341 9906 972 1099 7716 1723 1493 1085 892 5936 194 1026
internal_value=4.46279e-06 0.00017144 0.00012987 0.000102631 -5.94504e-05 0.000292259 0.00123411 -0.000142287 -4.80945e-05 0.000650102 -0.000165312
internal_weight=13759.7 9320.51 8993.94 8798.75 4751.35 4047.4 195.191 4256.91 3522.99 493.369 3029.62
internal_count=32383 22477 21505 20079 10870 9209 1426 9771 8048 1086 6962
is_linear=0
shrinkage=0.025


Tree=32
num_leaves=12
num_cat=0
split_feature=5 13 3 1 1 5 2 0 3 0 5
split_gain=1.22729 0.629655 0.410691 0.413206 0.439792 0.380687 0.31744 0.270941 0.262589 0.32392 0.253882
threshold=7.223635453420953 1.0000000180025095e-35 130.50000000000003 12.500000000000002 1.0000000180025095e-35 6.0531444827558438 2.5000000000000004 25.500000000000004 273.50000000000006 39.000000000000007 7.9549388348688348
decision_type=2 2 2 2 2 2 2 2 2 2 2
left_child=1 2 6 4 7 -5 -1 -4 9 -7 -2
right_child=10 -3 3 5 -6 8 -8 -9 -10 -11 -12
leaf_value=-0.00045159611381203626 -0.00024299515456333771 0.0012134873737356033 0.00023501087745225432 0.00058081112489795177 -0.00016125656013592533 0.00015027512354765882 0.0017188734804507726 0.0015158423394786228 -0.00025977307496368867 0.001236125008358625 -0.00072479619689730173
leaf_weight=46.660804703831673 3601.7503151893616 326.56108501553535 364.94831831753254 1567.6925921589136 3897.8568400740623 1792.6371840387583 148.53058083355427 129.49842983484268 875.10299491882324 171.0172443240881 837.41236637532711
leaf_count=341 8255 972 808 3571 8956 4999 1085 291 1035 419 1651
internal_value=4.50329e-06 0.000167397 0.000126806 0.000100178 -7.13226e-05 0.000270678 0.00120627 0.000616357 9.65426e-05 0.000256353 -0.000336726
internal_weight=13759.7 9320.51 8993.94 8798.75 4392.3 4406.45 195.191 494.447 2838.76 1963.65 4439.16
internal_count=32383 22477 21505 20079 10055 10024 1426 1099 6453 5418 9906
is_linear=0
shrinkage=0.025


Tree=33
num_leaves=12
num_cat=0
split_feature=5 0 5 1 5 3 4 13 5 3 0
split_gain=1.1698 0.629542 0.62664 0.586719 0.449823 0.377756 0.481123 0.389443 0.368109 0.342333 0.336747
threshold=7.1427849880752516 39.000000000000007 2.0156980327251106 5.5000000000000009 1.1797840513104594 145.50000000000003 1.0000000180025095e-35 1.0000000180025095e-35 6.6248692065636119 273.50000000000006 14.500000000000002
decision_type=2 2 2 2 2 2 2 2 2 2 2
left_child=1 4 -3 -4 -1 6 -6 8 -7 -5 -8
right_child=-2 2 3 9 5 7 10 -9 -10 -11 -12
leaf_value=-0.00094673199984305007 -0.00030017958725570389 -0.00092946922679440882 0.0027219225714370642 0.0011138119629634001 -4.3156902387819902e-05 0.0001748100476399649 0.00027043190994313252 0.0011605559137759429 -0.00024395789185318207 -0.0004788385251731839 0.0023124398654246494
leaf_weight=220.90309178829193 4992.973545357585 83.167929396033287 111.26259531080723 336.74335198104382 197.29854290187359 5615.7762875258923 83.500856563448906 193.75660240650177 1691.1503142118454 97.870621383190155 135.26501695811749
leaf_count=444 11176 214 254 887 1292 12205 576 572 3715 115 933
internal_value=4.56524e-06 0.000178417 0.000927978 0.00123382 0.000118343 0.000150373 0.000866049 0.000108477 7.7487e-05 0.000749876 0.00162096
internal_weight=13759.7 8766.7 629.044 545.877 8137.65 7916.75 416.064 7500.68 7306.93 434.614 218.766
internal_count=32383 21207 1470 1256 19737 19293 2801 16492 15920 1002 1509
is_linear=0
shrinkage=0.025


Tree=34
num_leaves=12
num_cat=0
split_feature=5 13 0 0 3 4 0 5 1 5 0
split_gain=1.11724 0.576317 0.400029 0.465374 0.463271 0.70959 0.468224 0.40904 0.465797 0.824154 0.403093
threshold=7.223635453420953 1.0000000180025095e-35 4.0000000000000009 9.0000000000000018 145.50000000000003 1.0000000180025095e-35 39.000000000000007 6.4654875720464018 5.5000000000000009 4.9497445937041711 21.000000000000004
decision_type=2 2 2 2 2 2 2 2 2 2 2
left_child=1 2 -1 -4 5 -5 7 8 -6 -10 -7
right_child=-2 -3 3 4 6 10 -8 -9 9 -11 -12
leaf_value=-0.00028340614557663922 -0.00032094576008713131 0.0011608458710926392 0.00084102480804307234 -0.000152437638086573 -0.00026006121408966295 0.002995767151623399 0.00072146644278033088 -0.00030746611161154569 0.0013120427228920644 0.0001414779634195328 0.00067734525602041547
leaf_weight=1289.1211351901293 4439.1626815646887 326.56108501553535 610.00561559200287 190.45186957716942 1253.3497029393911 91.412822738289833 625.2731895595789 1748.744191929698 419.14721082150936 2659.0419569015503 107.39729395508766
leaf_count=3165 9906 972 1306 1247 2716 632 1218 3834 839 5808 740
internal_value=4.6257e-06 0.000160044 0.000121211 0.000189467 0.00013124 0.000947994 8.11488e-05 1.31514e-05 0.000143411 0.000308311 0.00191974
internal_weight=13759.7 9320.51 8993.94 7704.82 7094.82 389.262 6705.56 6080.28 4331.54 3078.19 198.81
internal_count=32383 22477 21505 18340 17034 2619 14415 13197 9363 6647 1372
is_linear=0
shrinkage=0.025


Tree=35
num_leaves=12
num_cat=0
split_feature=5 0 5 1 5 0 0 0 0 1 3
split_gain=1.06484 0.576531 0.59897 0.566818 0.427867 0.367305 0.577897 0.341239 0.549279 1.0432 2.38805
threshold=7.1427849880752516 39.000000000000007 2.0156980327251106 5.5000000000000009 1.1797840513104594 25.500000000000004 4.0000000000000009 9.0000000000000018 21.000000000000004 6.5000000000000009 256.50000000000006
decision_type=2 2 2 2 2 2 2 2 2 2 2
left_child=1 4 -3 -4 -1 6 -6 -8 -9 10 -10
right_child=-2 2 3 -5 5 -7 7 8 9 -11 -12
leaf_value=-0.00092560485097091495 -0.0002860055643630785 -0.00092592994646066356 0.0026484260605611938 0.00071310794235627997 -0.00023558999319283044 -8.0554638432950429e-05 0.00093143182497033925 1.4129502038489292e-05 -0.00056222783846207678 0.00040853736847666064 0.0050614970809012769
leaf_weight=220.90309178829193 4992.973545357585 83.167929396033287 111.26259531080723 434.61397336423397 1083.3039044737816 2878.9769410341978 645.15823367238045 1822.3765027672052 83.124653816223145 1324.5523508936167 79.255033910274506
leaf_count=444 11176 214 254 1002 2707 6964 1500 4619 271 3128 104
internal_value=4.74684e-06 0.000170616 0.000887923 0.00118723 0.000113126 0.00014437 0.00027272 0.000412453 0.000306289 0.000659419 0.00243667
internal_weight=13759.7 8766.7 629.044 545.877 8137.65 7916.75 5037.77 3954.47 3309.31 1486.93 162.38
internal_count=32383 21207 1470 1256 19737 19293 12329 9622 8122 3503 375
is_linear=0
shrinkage=0.025


Tree=36
num_leaves=12
num_cat=0
split_feature=5 13 1 3 1 1 5 3 0 5 0
split_gain=1.01759 0.537357 0.37892 0.409061 0.385793 0.282891 0.436256 0.47924 0.251828 0.242651 0.24083
threshold=7.223635453420953 1.0000000180025095e-35 12.500000000000002 273.50000000000006 1.0000000180025095e-35 4.5000000000000009 5.6101237220163602 277.50000000000006 4.0000000000000009 7.788416872111152 25.500000000000004
decision_type=2 2 2 2 2 2 2 2 2 2 2
left_child=1 2 4 8 -1 -6 7 -7 -4 -2 -10
right_child=9 -3 3 -5 5 6 -8 -9 10 -11 -12
leaf_value=0.00059164967001433283 -0.00017768630435202666 0.00111957103478385 -7.765901888516269e-05 -8.3599360522641373e-05 -0.00056120032451785799 7.5542889195078696e-05 -0.00020036842020038325 0.0013731897818069722 0.0007646778503934866 -0.00057480077860348104 0.00028184043265670945
leaf_weight=503.61938387155533 3029.0848918408155 326.56108501553535 501.30232846736908 1363.3910520076752 748.54121579229832 616.40531562268734 2390.381625264883 231.50058889389038 1336.8169874697924 1410.0777897238731 1301.9864918142557
leaf_count=1166 6858 972 1454 1613 1830 1762 5746 268 3913 3048 3753
internal_value=4.8735e-06 0.000153198 0.000115704 0.000277215 -4.67884e-05 -0.000129987 -2.74778e-05 0.000453314 0.000433414 -0.00030584 0.000530358
internal_weight=13759.7 9320.51 8993.94 4503.5 4490.45 3986.83 3238.29 847.906 3140.11 4439.16 2638.8
internal_count=32383 22477 21505 10733 10772 9606 7776 2030 9120 9906 7666
is_linear=0
shrinkage=0.025


Tree=37
num_leaves=12
num_cat=0
split_feature=5 5 13 0 0 13 3 3 3 5 0
split_gain=0.970282 0.577932 0.742765 0.580749 0.568508 0.486269 0.424896 0.384919 0.447231 0.335479 0.397232
threshold=6.6407842071027137 1.8901881706909898 1.0000000180025095e-35 27.000000000000004 27.000000000000004 1.0000000180025095e-35 274.50000000000006 273.50000000000006 210.50000000000003 5.6272971629801676 39.000000000000007
decision_type=2 2 2 2 2 2 2 2 2 2 2
left_child=1 6 9 -4 5 -2 -1 8 -6 10 -3
right_child=4 2 3 -5 7 -7 -8 -9 -10 -11 -12
leaf_value=-0.00093454519453776269 -0.00031907450264878623 0.00036715899574504607 0.0002859807793752711 0.0031209442684584296 -0.00012472528723479309 0.0013547853641634876 0.00049757300531890142 -0.00028931316697794278 0.0012600083493073465 8.0089153055984701e-05 0.0015758745204940143
leaf_weight=417.93397991359234 5977.8200900256634 2354.7116276323795 89.194447055459023 81.785206437110901 228.5626685321331 91.089022442698479 169.00889927148819 344.19364738464355 366.85933923721313 3472.160791054368 166.34903679788113
leaf_count=1210 13682 5587 278 194 1022 309 198 404 712 8441 346
internal_value=4.84351e-06 0.000218414 0.000290116 0.00182686 -0.00020092 -0.000289584 -0.000519362 0.000365853 0.000741676 0.000240344 0.00045869
internal_weight=13759.7 6751.14 6164.2 170.98 7008.52 6068.91 586.943 939.616 595.422 5993.22 2521.06
internal_count=32383 16254 14846 472 16129 13991 1408 2138 1734 14374 5933
is_linear=0
shrinkage=0.025


Tree=38
num_leaves=12
num_cat=0
split_feature=5 13 14 1 1 3 5 5 0 0 1
split_gain=0.929177 0.486746 0.37756 0.365214 0.369692 0.351562 0.251781 0.232822 0.228021 0.226966 0.223353
threshold=7.223635453420953 1.0000000180025095e-35 1.0000000180025095e-35 12.500000000000002 1.0000000180025095e-35 273.50000000000006 4.7627887594731648 7.9549388348688348 4.0000000000000009 25.500000000000004 4.5000000000000009
decision_type=2 2 2 2 2 2 2 2 2 2 2
left_child=1 2 3 4 9 6 -5 -2 -8 -1 -6
right_child=7 -3 -4 5 10 -7 8 -9 -10 -11 -12
leaf_value=0.00021107616284486187 -0.00020242639344380945 0.0010664510848800797 0.0013870506780769539 0.0012702468817713079 -0.00053709552403184691 -8.3403583272278825e-05 -0.00018252053770897143 -0.00066322819907494487 0.0004290055230749398 0.0013792555952206005 -6.0036559889267719e-05
leaf_weight=367.97132527828217 3601.7503151893616 326.56108501553535 122.72872243821621 176.21341368556023 741.32199041545391 1363.3910520076752 438.58498968183994 837.41236637532711 2462.5670774579048 130.32163950800896 3190.8447787314653
leaf_count=833 8255 972 787 508 1784 1613 1236 1651 6974 299 7471
internal_value=4.97187e-06 0.000146706 0.000111019 9.02853e-05 -7.02056e-05 0.000250001 0.000397297 -0.000291938 0.000335941 0.000558031 -0.000152238
internal_weight=13759.7 9320.51 8993.94 8871.22 4430.46 4440.76 3077.37 4439.16 2901.15 498.293 3932.17
internal_count=32383 22477 21505 20718 10387 10331 8718 9906 8210 1132 9255
is_linear=0
shrinkage=0.025


Tree=39
num_leaves=12
num_cat=0
split_feature=5 5 13 0 13 0 11 3 4 3 3
split_gain=0.89376 0.545347 0.546046 0.532812 0.45428 0.420675 0.361966 0.331862 0.383557 0.404426 0.355889
threshold=6.6407842071027137 1.376014991901342 1.0000000180025095e-35 27.000000000000004 1.0000000180025095e-35 27.000000000000004 92.500000000000014 195.50000000000003 1.0000000180025095e-35 164.50000000000003 176.50000000000003
decision_type=2 2 2 2 2 2 2 2 2 2 2
left_child=1 -1 -3 4 7 -4 -5 8 10 -10 -2
right_child=3 2 5 6 -6 -7 -8 -9 9 -11 -12
leaf_value=-0.00071206468066867712 -0.00051021726445549091 0.00022136632992402437 0.00021597625468139245 0.00090962763303214806 0.0013109782399870682 0.0025542355098331516 -6.7473381698515401e-05 -0.00039645425870312475 0.0017629417610163949 -0.00023563557277103675 0.00051699402391549513
leaf_weight=359.97526314854622 595.52661909162998 6207.2253072708845 90.42685966193676 397.45501802861691 91.089022442698479 93.516558080911636 542.16063712537289 4847.9641864001751 130.8749775737524 101.74127501249313 301.71303194761276
leaf_count=768 3232 14972 284 1064 309 230 1074 8126 804 401 1119
internal_value=4.99324e-06 0.000209969 0.000263961 -0.00019249 -0.000278329 0.00153865 0.000356182 -0.000306838 7.78955e-05 0.000939358 -0.000161058
internal_weight=13759.7 6751.14 6391.17 7008.52 6068.91 183.943 939.616 5977.82 1129.86 232.616 897.24
internal_count=32383 16254 15486 16129 13991 514 2138 13682 5556 1205 4351
is_linear=0
shrinkage=0.025


Tree=40
num_leaves=12
num_cat=0
split_feature=5 5 13 0 7 0 3 3 3 5 3
split_gain=0.849345 0.519697 0.524593 0.506898 0.436675 0.403513 0.354032 0.427847 0.32375 0.268791 0.321674
threshold=6.6407842071027137 1.376014991901342 1.0000000180025095e-35 27.000000000000004 23.750000000000004 27.000000000000004 273.50000000000006 210.50000000000003 130.50000000000003 5.6272971629801676 272.50000000000006
decision_type=2 2 2 2 2 2 2 2 2 2 2
left_child=1 -1 9 4 8 -4 7 -5 -2 -3 -11
right_child=3 2 5 6 -6 -7 -8 -9 -10 10 -12
leaf_value=-0.00069520005269823758 0.0010501938970088782 0.00040029111416532253 0.00021155475239423901 -0.0001379889017087972 0.00035888208780251248 0.0025016301072291296 -0.00028048971199489059 0.0012152358330260961 -0.00036715973317011938 0.00022539370966156107 -0.00029680265919607726
leaf_weight=359.97526314854622 83.840418219566345 2735.0645162165165 90.42685966193676 228.5626685321331 602.52772706747055 93.516558080911636 344.19364738464355 366.85933923721313 5382.540967181325 2438.3416413217783 1033.8191497325897
leaf_count=768 612 6531 284 1022 1999 230 404 712 11380 7211 1230
internal_value=5.07053e-06 0.000204888 0.000257595 -0.000187444 -0.00027117 0.00150698 0.000347716 0.000708175 -0.000341672 0.00021585 6.91029e-05
internal_weight=13759.7 6751.14 6391.17 7008.52 6068.91 183.943 939.616 595.422 5466.38 6207.23 3472.16
internal_count=32383 16254 15486 16129 13991 514 2138 1734 11992 14972 8441
is_linear=0
shrinkage=0.025


Tree=41
num_leaves=12
num_cat=0
split_feature=5 0 5 5 3 4 0 0 1 5 3
split_gain=0.81012 0.448395 0.452363 0.652969 0.428004 0.553548 0.420376 1.33628 0.382187 0.332655 0.267895
threshold=7.223635453420953 39.000000000000007 2.0156980327251106 5.6272971629801676 145.50000000000003 1.0000000180025095e-35 14.500000000000002 21.000000000000004 12.500000000000002 6.0799047650907765 273.50000000000006
decision_type=2 2 2 2 2 2 2 2 2 2 2
left_child=1 4 -3 -4 5 -1 -7 -8 -6 -10 -5
right_child=-2 2 3 10 8 6 7 -9 9 -11 -12
leaf_value=-0.00010042637885036918 -0.00027214099174314923 -0.00088332331859582863 0.0020858505584584039 0.00073516375578057023 -0.00012880990850736858 0.00020087504895996029 0.0055733032949323207 0.00063017945745915804 0.00050263559876757055 3.5969539537363138e-05 -0.00053094465479414403
leaf_weight=216.19309616088867 4439.1626815646887 83.167929396033287 191.78146973252296 369.49497739970684 4066.1569274514914 90.364739760756493 34.759541094303131 107.39729395508766 1523.637986779213 2511.1389126479626 126.41319984197617
leaf_count=1416 9906 214 423 965 8882 624 240 740 3308 5516 149
internal_value=5.09564e-06 0.000137438 0.000707105 0.000918976 8.45447e-05 0.0008191 0.00161429 0.00237717 4.19402e-05 0.000213805 0.000404346
internal_weight=13759.7 9320.51 770.858 687.69 8549.65 448.715 232.522 142.157 8100.93 4034.78 495.908
internal_count=32383 22477 1751 1537 20726 3020 1604 980 17706 8824 1114
is_linear=0
shrinkage=0.025


Tree=42
num_leaves=12
num_cat=0
split_feature=5 5 13 0 0 13 3 11 3 3 4
split_gain=0.777467 0.488661 0.647643 0.517334 0.474116 0.428985 0.41352 0.333592 0.317999 0.305964 0.355026
threshold=6.6407842071027137 1.8901881706909898 1.0000000180025095e-35 27.000000000000004 27.000000000000004 1.0000000180025095e-35 274.50000000000006 92.500000000000014 211.50000000000003 195.50000000000003 1.0000000180025095e-35
decision_type=2 2 2 2 2 2 2 2 2 2 2
left_child=1 6 -3 -4 5 9 -1 8 -6 10 -2
right_child=4 2 3 -5 7 -7 -8 -9 -10 -11 -12
leaf_value=-0.00089201213051788488 -0.00014834941046628356 0.00021592607409491 0.00024831925102623983 0.0029180821361692866 -0.00010821844527963243 0.0012841582106791439 0.00051923415062872188 -6.7992335710105435e-05 0.001349511088537764 -0.0003736995780274819 0.00091039793639471173
leaf_weight=417.93397991359234 897.23965103924274 5993.2214554846287 89.194447055459023 81.785206437110901 135.85424669086933 91.089022442698479 169.00889927148819 542.16063712537289 261.60077133774757 4847.9641864001751 232.61625258624554
leaf_count=1210 4351 14374 278 194 599 309 198 1074 465 8126 1205
internal_value=5.25303e-06 0.000196428 0.000262369 0.00169721 -0.000178936 -0.000259914 -0.000481928 0.000338609 0.000869931 -0.000287646 8.16705e-05
internal_weight=13759.7 6751.14 6164.2 170.98 7008.52 6068.91 586.943 939.616 397.455 5977.82 1129.86
internal_count=32383 16254 14846 472 16129 13991 1408 2138 1064 13682 5556
is_linear=0
shrinkage=0.025


Tree=43
num_leaves=12
num_cat=0
split_feature=5 5 13 0 13 0 3 3 3 4 3
split_gain=0.73916 0.474331 0.482934 0.451443 0.410886 0.37105 0.323682 0.405918 0.291347 0.338728 0.377205
threshold=6.6407842071027137 1.1797840513104594 1.0000000180025095e-35 27.000000000000004 1.0000000180025095e-35 27.000000000000004 273.50000000000006 246.50000000000003 195.50000000000003 1.0000000180025095e-35 164.50000000000003
decision_type=2 2 2 2 2 2 2 2 2 2 2
left_child=1 -1 -3 4 8 -4 7 -5 9 -2 -11
right_child=3 2 5 6 -6 -7 -8 -9 -10 10 -12
leaf_value=-0.00082488699763366962 -0.00014472153625940044 0.00019486460767146273 0.00019442500913776817 0.00020414532737227174 0.0012578340966964731 0.0023867250835821557 -0.0002698520896884258 0.001572266318723871 -0.00036439547066667707 0.0016851108120787854 -0.00024276132548318189
leaf_weight=256.16219921410084 897.23965103924274 6310.8296313881874 90.635599479079247 406.40707466006279 91.089022442698479 93.516558080911636 344.19364738464355 189.01493310928345 4847.9641864001751 130.8749775737524 101.74127501249313
leaf_count=512 4351 15227 285 1429 309 230 404 305 8126 804 401
internal_value=5.33416e-06 0.000191739 0.000234244 -0.00017426 -0.000253279 0.00143248 0.000330755 0.000675433 -0.000280422 7.99602e-05 0.00088944
internal_weight=13759.7 6751.14 6494.98 7008.52 6068.91 184.152 939.616 595.422 5977.82 1129.86 232.616
internal_count=32383 16254 15742 16129 13991 515 2138 1734 13682 5556 1205
is_linear=0
shrinkage=0.025


Tree=44
num_leaves=12
num_cat=0
split_feature=5 0 5 5 3 4 0 0 1 5 3
split_gain=0.704675 0.405179 0.416966 0.624523 0.405105 0.524141 0.410385 1.29302 0.358566 0.303528 0.244067
threshold=7.223635453420953 39.000000000000007 2.0156980327251106 5.6272971629801676 145.50000000000003 1.0000000180025095e-35 14.500000000000002 21.000000000000004 12.500000000000002 6.0799047650907765 273.50000000000006
decision_type=2 2 2 2 2 2 2 2 2 2 2
left_child=1 4 -3 -4 5 -1 -7 -8 -6 -10 -5
right_child=-2 2 3 10 8 6 7 -9 9 -11 -12
leaf_value=-0.00010127506864135217 -0.0002531606882421821 -0.00085574860878946408 0.0020145057383541823 0.00068784381033145379 -0.00012825897936341826 0.00017598429806899387 0.0054635881996101003 0.00060513326578192478 0.00047949101157649364 3.3729164423294223e-05 -0.00051984165109166187
leaf_weight=216.19309616088867 4439.1626815646887 83.167929396033287 191.78146973252296 369.49497739970684 4066.1569274514914 90.364739760756493 34.759541094303131 107.39729395508766 1523.637986779213 2511.1389126479626 126.41319984197617
leaf_count=1416 9906 214 423 965 8882 624 240 740 3308 5516 149
internal_value=5.40578e-06 0.000128834 0.000670347 0.000873879 7.85593e-05 0.000793186 0.00156699 0.00232044 3.71198e-05 0.000203595 0.000371772
internal_weight=13759.7 9320.51 770.858 687.69 8549.65 448.715 232.522 142.157 8100.93 4034.78 495.908
internal_count=32383 22477 1751 1537 20726 3020 1604 980 17706 8824 1114
is_linear=0
shrinkage=0.025


Tree=45
num_leaves=12
num_cat=0
split_feature=5 5 13 0 7 0 11 3 3 0 0
split_gain=0.675886 0.444935 0.460827 0.422848 0.399446 0.35215 0.308267 0.322866 0.277425 0.237161 0.248054
threshold=6.6407842071027137 1.1797840513104594 1.0000000180025095e-35 27.000000000000004 23.750000000000004 27.000000000000004 61.500000000000007 211.50000000000003 130.50000000000003 11.500000000000002 4.0000000000000009
decision_type=2 2 2 2 2 2 2 2 2 2 2
left_child=1 -1 -3 4 8 -4 7 -5 -2 10 -10
right_child=3 2 5 6 -6 -7 -8 -9 9 -11 -12
leaf_value=-0.0008007954857719489 0.00097800676531940834 0.00018651179549495432 0.00018930867545586844 -0.000161925096667621 0.00035967202369605619 0.002325018563802041 -2.7818793745308012e-06 0.0014792793813777237 -0.00052744416475638981 -0.00048288039114995432 1.9579012202244776e-05
leaf_weight=256.16219921410084 83.840418219566345 6310.8296313881874 90.635599479079247 107.00505116581917 602.52772706747055 93.516558080911636 628.25131520628929 204.35928878188133 726.64439186453819 2967.6650577485561 1688.2315175682306
leaf_count=512 612 15227 285 460 1999 230 1309 369 1530 6270 3580
internal_value=5.54647e-06 0.000183794 0.000224966 -0.00016619 -0.000242669 0.00139539 0.000322547 0.000939524 -0.000310131 -0.000333742 -0.000148003
internal_weight=13759.7 6751.14 6494.98 7008.52 6068.91 184.152 939.616 311.364 5466.38 5382.54 2414.88
internal_count=32383 16254 15742 16129 13991 515 2138 829 11992 11380 5110
is_linear=0
shrinkage=0.025


Tree=46
num_leaves=12
num_cat=0
split_feature=13 5 0 3 3 5 3 4 3 3 0
split_gain=0.649205 0.617108 0.410157 0.315483 0.424992 0.302649 0.269836 0.314961 0.359562 0.330822 0.440499
threshold=1.0000000180025095e-35 6.6248692065636119 27.000000000000004 273.50000000000006 180.50000000000003 1.0522426454215306 195.50000000000003 1.0000000180025095e-35 164.50000000000003 176.50000000000003 9.0000000000000018
decision_type=2 2 2 2 2 2 2 2 2 2 2
left_child=1 5 6 4 -4 -1 7 9 -9 -3 -11
right_child=-2 2 3 -5 -6 -7 -8 8 -10 10 -12
leaf_value=-0.0007818714237945014 0.00098588920158602564 -0.00047100711245787663 -0.00046212935084379426 -0.00024909035740931145 0.001123422037716404 0.00018053669961108762 -0.00034295823836005801 0.0016270369956047533 -0.00024103156662560077 0.0018719109202356894 -0.00010458284941036179
leaf_weight=191.54593244194984 389.64137849211693 596.09982387721539 131.84593388438225 352.5405541062355 372.50981020927429 6310.0697073638439 4877.1972714066505 133.34922322630882 103.15608882904053 82.546505630016327 219.16652631759644
leaf_count=361 1159 3235 703 414 757 15225 8183 820 407 309 810
internal_value=5.53705e-06 -2.44632e-05 -0.000189444 0.000317011 0.000707119 0.000149872 -0.000262447 8.36668e-05 0.000856982 -0.000134278 0.000518926
internal_weight=13759.7 13370 6868.41 856.896 504.356 6501.62 6011.52 1134.32 236.505 897.813 301.713
internal_count=32383 31224 15638 1874 1460 15586 13764 5581 1227 4354 1119
is_linear=0
shrinkage=0.025


Tree=47
num_leaves=12
num_cat=0
split_feature=5 13 0 14 0 3 3 3 5 1 1
split_gain=0.618583 0.534849 0.417969 0.390168 0.419257 0.471103 0.316999 0.476107 0.300466 0.313346 0.346786
threshold=7.7438573883996122 1.0000000180025095e-35 4.0000000000000009 1.0000000180025095e-35 9.0000000000000018 271.50000000000006 180.50000000000003 229.50000000000003 6.3060822227194304 11.500000000000002 1.0000000180025095e-35
decision_type=2 2 2 2 2 2 2 2 2 2 2
left_child=1 2 -1 4 5 6 -4 -8 9 10 -6
right_child=-2 -3 3 -5 8 -7 7 -9 -10 -11 -12
leaf_value=-0.00033769508490197656 -0.00045838529015020308 0.00095910925685816428 -7.7710790563396308e-05 0.0014413233102984621 0.00064043589224500516 -0.00010806243068664891 0.0027206253556967303 0.00079594959999322384 -0.0001158745639461898 0.00039521980215825674 -0.00016226354340968157
leaf_weight=1602.1749557703733 1569.6352092772722 385.1178323328495 132.2977377474308 112.71082746982574 385.06513950228691 394.61733239889145 95.792816460132599 364.54213583469391 4703.1824369728565 2049.8548718690872 1964.6774601489305
leaf_count=3776 3429 1147 705 721 878 471 286 659 10922 4775 4614
internal_value=5.51241e-06 6.58986e-05 3.51861e-05 9.42871e-05 7.64185e-05 0.000560402 0.000994511 0.00129307 2.28141e-05 0.000170926 -2.64259e-05
internal_weight=13759.7 12190 11804.9 10202.7 10090 987.25 592.633 460.335 9102.78 4399.6 2349.74
internal_count=32383 28954 27807 24031 23310 2121 1650 945 21189 10267 5492
is_linear=0
shrinkage=0.025


Tree=48
num_leaves=12
num_cat=0
split_feature=13 5 0 3 3 5 3 4 3 0 3
split_gain=0.589832 0.561161 0.388507 0.300425 0.405514 0.288151 0.255868 0.29746 0.341141 0.477453 0.312529
threshold=1.0000000180025095e-35 6.6248692065636119 27.000000000000004 273.50000000000006 180.50000000000003 1.376014991901342 195.50000000000003 1.0000000180025095e-35 150.50000000000003 14.500000000000002 176.50000000000003
decision_type=2 2 2 2 2 2 2 2 2 2 2
left_child=1 5 6 4 -4 -1 7 10 9 -9 -3
right_child=-2 2 3 -5 -6 -7 -8 8 -10 -11 -12
leaf_value=-0.00053707222078160045 0.00094002958782266489 -0.00045366160312008583 -0.00044919120124317961 -0.00024002573618980578 0.001099793922653632 0.00018337807991926098 -0.00032980049381498396 0.00015825254069961402 4.172033900270865e-05 0.0035159312360795399 0.00050846050575993867
leaf_weight=348.51914095878601 389.64137849211693 596.09982387721539 131.84593388438225 352.5405541062355 372.50981020927429 6153.0964988470078 4877.1972714066505 54.179365023970604 146.57353594899178 35.752411082386971 301.71303194761276
leaf_count=737 1159 3235 703 414 757 14849 8183 363 625 239 1119
internal_value=5.58117e-06 -2.30148e-05 -0.00018034 0.000312526 0.000693178 0.00014323 -0.000251398 8.5581e-05 0.00083706 0.00188991 -0.000126303
internal_weight=13759.7 13370 6868.41 856.896 504.356 6501.62 6011.52 1134.32 236.505 89.9318 897.813
internal_count=32383 31224 15638 1874 1460 15586 13764 5581 1227 602 4354
is_linear=0
shrinkage=0.025


Tree=49
num_leaves=12
num_cat=0
split_feature=5 13 0 0 3 3 2 0 5 1 5
split_gain=0.570877 0.484762 0.393573 0.377226 0.448873 0.402875 0.324231 0.31395 0.345651 0.368984 0.750395
threshold=7.7438573883996122 1.0000000180025095e-35 4.0000000000000009 9.0000000000000018 271.50000000000006 130.50000000000003 2.5000000000000004 39.000000000000007 6.4654875720464018 5.5000000000000009 4.9497445937041711
decision_type=2 2 2 2 2 2 2 2 2 2 2
left_child=1 2 -1 4 -4 6 -5 8 9 -7 -11
right_child=-2 -3 3 5 -6 7 -8 -9 -10 10 -12
leaf_value=-0.00032746367805152297 -0.00044004847145660814 0.00091397472265083686 0.0009748399039697501 -0.00046361114223437955 -0.0001015703815764288 -0.00024228172145490586 0.0016824307899516756 0.00043339465885163366 -0.00021840948684620238 0.0011997715998843346 9.9075680278734314e-05
leaf_weight=1602.1749557703733 1569.6352092772722 385.1178323328495 592.63269004225731 50.634101271629333 394.61733239889145 1296.2950874567032 139.94737526774406 982.37792052328587 3573.2611349225044 431.67727456986904 2741.297841951251
leaf_count=3776 3429 1147 1650 370 471 2987 1022 2102 8185 918 6326
internal_value=5.60266e-06 6.36132e-05 3.43725e-05 9.17225e-05 0.00055111 4.14217e-05 0.00112239 1.61633e-05 -3.57493e-05 0.000110613 0.0002554
internal_weight=13759.7 12190 11804.9 10202.7 987.25 9215.49 190.581 9024.91 8042.53 4469.27 3172.98
internal_count=32383 28954 27807 24031 2121 21910 1392 20518 18416 10231 7244
is_linear=0
shrinkage=0.025


Tree=50
num_leaves=12
num_cat=0
split_feature=5 5 0 3 3 0 3 6 3 3 3
split_gain=0.54439 0.447516 0.739357 0.428894 0.407692 0.323401 0.363957 0.282435 0.27224 0.70547 0.267517
threshold=6.3060822227194304 1.8901881706909898 39.000000000000007 273.50000000000006 274.50000000000006 27.000000000000004 246.50000000000003 26.050000000000004 242.50000000000003 193.50000000000003 130.50000000000003
decision_type=2 2 2 2 2 2 2 2 2 2 2
left_child=1 4 -3 5 -1 7 -7 10 9 -4 -2
right_child=3 2 8 -5 -6 6 -8 -9 -10 -11 -12
leaf_value=-0.00085384640736184164 0.00099077969427194875 0.00019781151222998534 1.2934152984132929e-05 -0.00037416942277106435 0.00054585043485179212 7.7452916888257799e-05 0.001151665793118441 0.00060195693589999537 0.00069011533109413501 0.0038046492738552772 -0.0001687831442441561
leaf_weight=417.93397991359234 108.49138045310974 4697.7007390409708 49.41240930557251 2791.2374493479729 169.00889927148819 583.33902849256992 280.23177427053452 332.83299162983894 155.37731248140335 61.440002590417862 4112.6627889871597
leaf_count=1210 792 11288 242 3294 198 2075 453 1189 210 164 11268
internal_value=5.58996e-06 0.000196421 0.000273879 -0.000123616 -0.000446101 6.37605e-06 0.000444217 -7.82308e-05 0.00150851 0.0023748 -0.000134449
internal_weight=13759.7 5550.87 4963.93 8208.8 586.943 5417.56 863.571 4553.99 266.23 110.852 4221.15
internal_count=32383 13312 11904 19071 1408 15777 2528 13249 616 406 12060
is_linear=0
shrinkage=0.025


Tree=51
num_leaves=12
num_cat=0
split_feature=5 7 3 5 5 0 3 1 3 0 0
split_gain=0.530896 0.46539 0.432048 0.411304 0.575779 0.638945 0.458801 0.396068 0.386992 0.326027 0.417022
threshold=7.7438573883996122 25.250000000000004 213.50000000000003 5.6272971629801676 1.8901881706909898 39.000000000000007 274.50000000000006 5.5000000000000009 274.50000000000006 4.0000000000000009 9.0000000000000018
decision_type=2 2 2 2 2 2 2 2 2 2 2
left_child=1 3 -3 4 8 7 9 -6 -1 -5 -11
right_child=-2 2 -4 6 5 -7 -8 -9 -10 10 -12
leaf_value=-0.00083290428198279527 -0.00042407048760392178 0.00044230608786760821 0.0023696669503408367 -0.00041428869822734098 -3.4121665822839335e-05 0.0017685202234771467 -0.00033072003412971783 0.00061281267164279142 0.0005336481087805299 0.00077526217340930144 5.388968406299629e-05
leaf_weight=411.53161685168743 1569.6352092772722 566.59270150959492 66.432341516017914 757.65717005729675 1104.4791288673878 186.33061058819294 2736.2012273669243 1248.4211034029722 169.00889927148819 545.81888376176357 4397.5598633140326
leaf_count=1189 3429 1864 142 2178 2643 406 3215 2920 198 1471 12728
internal_value=5.69247e-06 6.16344e-05 0.000710952 2.49018e-05 0.000269215 0.000431315 -6.58592e-05 0.000311406 -0.000430546 6.1972e-05 0.000136342
internal_weight=13759.7 12190 633.025 11557 3119.77 2539.23 8437.24 2352.9 580.541 5701.04 4943.38
internal_count=32383 28954 2006 26948 7356 5969 19592 5563 1387 16377 14199
is_linear=0
shrinkage=0.025


Tree=52
num_leaves=12
num_cat=0
split_feature=13 5 3 0 3 1 1 1 5 6 3
split_gain=0.514391 0.470829 0.316738 0.323151 0.334837 0.299917 0.267889 0.261822 0.327124 0.734716 0.230806
threshold=1.0000000180025095e-35 6.3060822227194304 274.50000000000006 39.000000000000007 180.50000000000003 12.500000000000002 1.0000000180025095e-35 4.5000000000000009 3.9118354293723496 10.15 130.50000000000003
decision_type=2 2 2 2 2 2 2 2 2 2 2
left_child=1 5 3 10 -5 6 -1 -8 9 -9 -3
right_child=-2 2 -4 4 -6 -7 7 8 -10 -11 -12
leaf_value=0.00051000922724088189 0.00087835872160987232 0.00093056922322881153 -0.0003618321782996007 -0.00058523391115709931 0.00093240821214155283 0.00036986857839694956 -0.00049664110972437653 0.0025599447474264729 -5.5899084691398318e-05 -0.00055326572597640936 -0.00012025789608730687
leaf_weight=503.61938387155533 389.64137849211693 114.51959621906281 2702.3875636458397 104.05601194500923 363.03827619552612 2351.3451626896858 748.54121579229832 76.559001341462135 1630.0625106692314 81.609942227602005 4694.288712695241
leaf_count=1166 1159 836 3170 553 719 5611 1830 141 3865 248 13085
internal_value=5.71417e-06 -2.09912e-05 -0.000142812 -2.96842e-05 0.000584171 0.000159132 -5.19771e-06 -0.00011067 5.46011e-05 0.00107184 -9.14823e-05
internal_weight=13759.7 13370 7978.29 5275.9 467.094 5391.74 3040.39 2536.77 1788.23 158.169 4808.81
internal_count=32383 31224 18363 15193 1272 12861 7250 6084 4254 389 13921
is_linear=0
shrinkage=0.025


Tree=53
num_leaves=12
num_cat=0
split_feature=5 7 3 5 5 0 3 1 3 0 0
split_gain=0.493776 0.44016 0.418259 0.382369 0.537754 0.606555 0.418933 0.371107 0.366281 0.306776 0.398232
threshold=7.7438573883996122 25.250000000000004 213.50000000000003 5.6272971629801676 1.8901881706909898 39.000000000000007 274.50000000000006 5.5000000000000009 274.50000000000006 4.0000000000000009 9.0000000000000018
decision_type=2 2 2 2 2 2 2 2 2 2 2
left_child=1 3 -3 4 8 7 9 -6 -1 -5 -11
right_child=-2 2 -4 6 5 -7 -8 -9 -10 10 -12
leaf_value=-0.00080822300629776293 -0.0004087500072846664 0.0004271648997911086 0.0023227295636023006 -0.00040338915188654781 -3.5050289047586733e-05 0.0017189529782978268 -0.00031665655051021685 0.00059113418215423852 0.0005211597971141943 0.00075508709352546102 5.0171629305723795e-05
leaf_weight=411.53161685168743 1569.6352092772722 566.59270150959492 66.432341516017914 757.65717005729675 1104.4791288673878 186.33061058819294 2736.2012273669243 1248.4211034029722 169.00889927148819 545.81888376176357 4397.5598633140326
leaf_count=1189 3429 1864 142 2178 2643 406 3215 2920 198 1471 12728
internal_value=5.71675e-06 5.96672e-05 0.000691139 2.39447e-05 0.000259508 0.000416167 -6.35655e-05 0.000299378 -0.000416741 5.85873e-05 0.000130733
internal_weight=13759.7 12190 633.025 11557 3119.77 2539.23 8437.24 2352.9 580.541 5701.04 4943.38
internal_count=32383 28954 2006 26948 7356 5969 19592 5563 1387 16377 14199
is_linear=0
shrinkage=0.025


Tree=54
num_leaves=12
num_cat=0
split_feature=13 5 14 1 1 3 5 0 12 1 5
split_gain=0.480822 0.435824 0.294419 0.260473 0.293595 0.275701 0.211819 0.18497 0.165804 0.15688 0.379612
threshold=1.0000000180025095e-35 7.223635453420953 1.0000000180025095e-35 12.500000000000002 1.0000000180025095e-35 273.50000000000006 4.7627887594731648 25.500000000000004 8.3500000000000032 4.5000000000000009 3.9118354293723496
decision_type=2 2 2 2 2 2 2 2 2 2 2
left_child=1 2 3 4 7 6 -5 -1 -8 -6 -11
right_child=-2 -3 -4 5 9 -7 8 -9 -10 10 -12
leaf_value=0.00017356181417875428 0.00084942398296418984 -0.00022414103507044383 0.001206127972821578 0.0011259626003874885 -0.0004699532492296217 -9.8847771648053896e-05 4.1395877523288483e-05 0.001226633963585057 0.00042591766614310812 0.0010691483915854152 -0.0001340057985065815
leaf_weight=367.97132527828217 389.64137849211693 4376.0823880881071 122.72872243821621 176.21341368556023 741.32199041545391 1363.3910520076752 1181.6753113120794 130.32163950800896 1719.4767558276653 153.25769762694836 3037.587081104517
leaf_count=833 1159 9719 787 508 1784 1613 3231 299 4979 357 7114
internal_value=5.734e-06 -2.00856e-05 7.94764e-05 6.12117e-05 -7.42744e-05 0.000196111 0.000326583 0.000485684 0.000270653 -0.000147332 -6.99181e-05
internal_weight=13759.7 13370 8993.94 8871.22 4430.46 4440.76 3077.37 498.293 2901.15 3932.17 3190.84
internal_count=32383 31224 21505 20718 10387 10331 8718 1132 8210 9255 7471
is_linear=0
shrinkage=0.025


Tree=55
num_leaves=12
num_cat=0
split_feature=13 5 0 11 5 3 3 4 3 0 3
split_gain=0.458025 0.417742 0.32985 0.269832 0.24396 0.236262 0.217855 0.27314 0.321002 0.319982 0.292505
threshold=1.0000000180025095e-35 6.6248692065636119 27.000000000000004 86.500000000000014 1.0522426454215306 246.50000000000003 195.50000000000003 1.0000000180025095e-35 164.50000000000003 14.500000000000002 176.50000000000003
decision_type=2 2 2 2 2 2 2 2 2 2 2
left_child=1 4 6 5 -1 -4 7 10 9 -9 -3
right_child=-2 2 3 -5 -6 -7 -8 8 -10 -11 -12
leaf_value=-0.00071234305932534991 0.00082922517098504747 -0.00042991682725872509 0.00013807724766215097 -4.7689319263736403e-05 0.00015157231890624472 0.001478605153245965 -0.00029301190046848724 0.00027945909542438375 -0.00022737251045207619 0.0026509719284812387 0.00050076637169765501
leaf_weight=191.54593244194984 389.64137849211693 596.09982387721539 160.81042654812336 537.73747159540653 6310.0697073638439 158.34840005636215 4877.1972714066505 74.341694235801697 103.15608882904053 59.007528990507126 301.71303194761276
leaf_count=361 1159 3235 601 1033 15225 240 8183 465 407 355 1119
internal_value=5.77902e-06 -1.94213e-05 -0.000155162 0.000298866 0.000124014 0.000851143 -0.000220657 9.01315e-05 0.000810155 0.00153774 -0.000113061
internal_weight=13759.7 13370 6868.41 856.896 6501.62 319.159 6011.52 1134.32 236.505 133.349 897.813
internal_count=32383 31224 15638 1874 15586 841 13764 5581 1227 820 4354
is_linear=0
shrinkage=0.025


Tree=56
num_leaves=12
num_cat=0
split_feature=5 7 3 5 5 0 3 3 1 0 0
split_gain=0.444085 0.412933 0.450016 0.354868 0.494911 0.573829 0.370256 0.352258 0.348538 0.282226 0.379727
threshold=7.7752807615677453 25.250000000000004 213.50000000000003 5.6272971629801676 1.8901881706909898 39.000000000000007 274.50000000000006 274.50000000000006 5.5000000000000009 4.0000000000000009 9.0000000000000018
decision_type=2 2 2 2 2 2 2 2 2 2 2
left_child=1 3 -3 4 7 8 9 -1 -6 -5 -11
right_child=-2 2 -4 6 5 -7 -8 -9 -10 10 -12
leaf_value=-0.00078493235984639087 -0.0004025420777011027 0.00039315208534459914 0.0023436653631778936 -0.00039198749712233445 -3.938246026145173e-05 0.0016651718310199686 -0.00029913987611103319 0.00051839801670048886 0.00056737554535151303 0.00072489223288809844 4.1606851866115619e-05
leaf_weight=411.53161685168743 1465.4975147992373 571.97601091861725 67.425512135028839 757.65717005729675 1104.4791288673878 186.33061058819294 2773.1914870142937 169.00889927148819 1248.4211034029722 554.3405124694109 4449.8091894090176
leaf_count=1189 3175 1881 144 2178 2643 406 3258 198 2920 1508 12883
internal_value=5.79124e-06 5.50404e-05 0.000663682 2.05695e-05 0.000247859 0.000398152 -6.28962e-05 -0.000400874 0.000284625 5.14507e-05 0.000119883
internal_weight=13759.7 12294.2 639.402 11654.8 3119.77 2539.23 8535 580.541 2352.9 5761.81 5004.15
internal_count=32383 29208 2025 27183 7356 5969 19827 1387 5563 16569 14391
is_linear=0
shrinkage=0.025


Tree=57
num_leaves=12
num_cat=0
split_feature=13 5 14 0 0 3 3 3 1 1 3
split_gain=0.42812 0.384206 0.336623 0.306964 0.364534 0.390134 0.310284 0.461652 0.2533 0.366742 0.259642
threshold=1.0000000180025095e-35 7.788416872111152 1.0000000180025095e-35 4.0000000000000009 9.0000000000000018 271.50000000000006 180.50000000000003 229.50000000000003 11.500000000000002 1.0000000180025095e-35 273.50000000000006
decision_type=2 2 2 2 2 2 2 2 2 2 2
left_child=1 2 3 -1 5 6 -5 -8 9 -6 -10
right_child=-2 -3 -4 4 8 -7 7 -9 10 -11 -12
leaf_value=-0.00030904116907656077 0.00080191397081719358 -0.0004064179669497778 0.0011985498481461372 -0.0001117429966258567 0.00057856959790156183 -8.8306271075457468e-05 0.0026071874416469425 0.00072181781303163727 0.00025028724790993783 -0.00021508627997164926 -0.00012284305555946675
leaf_weight=1583.9932470470667 389.64137849211693 1406.3029336333275 131.51414266228676 141.3501074463129 385.06513950228691 407.32773786783218 95.792816460132599 365.1095495223999 3510.4869575053453 3617.8995178341866 1725.1852278113365
leaf_count=3662 1159 3038 838 752 878 486 286 660 10118 8467 2039
internal_value=5.8038e-06 -1.85603e-05 2.76335e-05 1.26183e-05 6.284e-05 0.000509049 0.000902918 0.0012058 1.30849e-05 -0.000136244 0.000127339
internal_weight=13759.7 13370 11963.7 11832.2 10248.2 1009.58 602.252 460.902 9238.64 4002.96 5235.67
internal_count=32383 31224 28186 27348 23686 2184 1698 946 21502 9345 12157
is_linear=0
shrinkage=0.025


Tree=58
num_leaves=12
num_cat=0
split_feature=5 3 5 0 1 3 6 0 3 3 5
split_gain=0.418546 0.527354 0.50203 0.654497 0.354422 0.340351 0.281009 0.304907 0.345143 0.27386 0.24106
threshold=5.6272971629801676 273.50000000000006 1.8901881706909898 39.000000000000007 5.5000000000000009 274.50000000000006 26.050000000000004 39.000000000000007 180.50000000000003 130.50000000000003 4.9211102491195282
decision_type=2 2 2 2 2 2 2 2 2 2 2
left_child=2 6 5 4 -4 -1 7 9 -9 -2 -6
right_child=1 -3 3 -5 10 -7 -8 8 -10 -11 -12
leaf_value=-0.00076706533940940373 0.00090674236906340276 -0.00032264158577612214 -4.0403566452185016e-05 0.0017384398626776822 0.00097282962677688412 0.00051120637655354133 0.00060849107827230277 -0.00062222221184789585 0.00084321119747407145 -7.3639241189687055e-05 0.00027157731684172626
leaf_weight=417.93397991359234 163.66333414614201 3449.4499366283417 1118.7773118019104 192.37908272445202 518.3572726547718 169.00889927148819 507.28995850682259 111.1017539948225 464.07729542255402 5883.5693858861923 764.06054483354092
leaf_count=1210 1195 4073 2689 425 1183 198 1795 590 1009 16169 1847
internal_value=5.83668e-06 -6.98293e-05 0.000256383 0.000405522 0.000285253 -0.000394273 5.30452e-05 8.79288e-06 0.000548751 -4.42045e-05 0.000565612
internal_weight=13759.7 10579.2 3180.52 2593.57 2401.2 586.943 7129.7 6622.41 575.179 6047.23 1282.42
internal_count=32383 24831 7552 6144 5719 1408 20758 18963 1599 17364 3030
is_linear=0
shrinkage=0.025


Tree=59
num_leaves=12
num_cat=0
split_feature=13 5 1 3 0 3 1 7 1 1 5
split_gain=0.398933 0.365408 0.241388 0.235687 0.282306 0.301491 0.235366 0.223362 0.205625 0.202494 0.313247
threshold=1.0000000180025095e-35 6.3060822227194304 11.500000000000002 274.50000000000006 39.000000000000007 180.50000000000003 1.0000000180025095e-35 9.3500000000000032 17.500000000000004 4.5000000000000009 3.9118354293723496
decision_type=2 2 2 2 2 2 2 2 2 2 2
left_child=1 2 6 4 -3 -6 -1 -4 -7 -8 -11
right_child=-2 3 7 -5 5 8 9 -9 -10 10 -12
leaf_value=0.00046728936582670705 0.00077433045302932786 -8.5171408288561029e-05 4.1298012475552587e-06 -0.00031393484291342421 -0.00056252270560647405 0.0012001426592181731 -0.0004526530647027099 0.00049747619912078177 -0.00013499171693928986 0.0010292027832864501 -7.8771120805307972e-05
leaf_weight=503.61938387155533 389.64137849211693 4808.8083089143038 892.68190942704678 2702.3875636458397 104.05601194500923 272.33724984526634 748.54121579229832 1586.1774418503046 90.701026350259781 158.16894356906414 1502.5483220815659
leaf_count=1166 1159 13921 1459 3170 553 541 1830 4457 178 389 3560
internal_value=5.83686e-06 -1.76824e-05 0.000140998 -0.000125003 -2.74095e-05 0.000546338 -1.35572e-05 0.000321268 0.000876943 -0.000117091 3.77453e-05
internal_weight=13759.7 13370 5391.74 7978.29 5275.9 467.094 2912.88 2478.86 363.038 2409.26 1660.72
internal_count=32383 31224 12861 18363 15193 1272 6945 5916 719 5779 3949
is_linear=0
shrinkage=0.025


Tree=60
num_leaves=12
num_cat=0
split_feature=5 3 5 0 1 3 6 0 3 3 3
split_gain=0.39006 0.480537 0.470096 0.622735 0.33387 0.325972 0.266148 0.276728 0.316221 0.262622 0.229155
threshold=5.6272971629801676 273.50000000000006 1.8901881706909898 39.000000000000007 5.5000000000000009 277.50000000000006 26.050000000000004 39.000000000000007 180.50000000000003 130.50000000000003 273.50000000000006
decision_type=2 2 2 2 2 2 2 2 2 2 2
left_child=2 6 5 4 10 -1 7 9 -9 -2 -4
right_child=1 -3 3 -5 -6 -7 -8 8 -10 -11 -12
leaf_value=-0.00073024543191022636 0.00088771156652454409 -0.00030859903281222554 0.00019995484885570737 0.0016920722998048695 0.00054679748517795143 0.00054423161088986902 0.0005905835037340755 -0.00059912822766048388 0.00080329121612113447 -7.234476844575787e-05 -0.00055447783413589973
leaf_weight=429.62398962676525 163.66333414614201 3449.4499366283417 769.23652803897858 192.37908272445202 1282.4178174883127 157.31888955831528 507.28995850682259 111.1017539948225 464.07729542255402 5883.5693858861923 349.54078376293182
leaf_count=1226 1195 4073 2276 425 3030 182 1795 590 1009 16169 413
internal_value=5.77601e-06 -6.72699e-05 0.000247646 0.000391965 0.000274686 -0.000381969 5.00251e-05 6.96373e-06 0.00052137 -4.3521e-05 -4.13518e-05
internal_weight=13759.7 10579.2 3180.52 2593.57 2401.2 586.943 7129.7 6622.41 575.179 6047.23 1118.78
internal_count=32383 24831 7552 6144 5719 1408 20758 18963 1599 17364 2689
is_linear=0
shrinkage=0.025


Tree=61
num_leaves=12
num_cat=0
split_feature=5 0 0 6 3 0 11 2 1 5 0
split_gain=0.381847 0.361598 0.421059 0.410705 0.318928 0.330411 0.367965 0.295661 0.26728 0.282701 0.203607
threshold=7.7274138894170212 4.0000000000000009 9.0000000000000018 20.650000000000002 130.50000000000003 39.000000000000007 53.500000000000007 2.5000000000000004 11.500000000000002 6.3371014973726627 25.500000000000004
decision_type=2 2 2 2 2 2 2 2 2 2 2
left_child=1 -1 3 -3 7 8 -7 -4 -6 -10 -11
right_child=-2 2 4 -5 5 6 -8 -9 9 10 -12
leaf_value=-0.00029354864055330737 -0.00035192021594383441 0.00034049340430229421 -0.00048953306449820138 0.0016239029363722774 -0.00018934469059590537 0.0010172733099777724 8.7040904604161997e-05 0.0015501733422157071 0.00032110019582105983 0.00010323519595479307 -0.00035236733206485556
leaf_weight=1602.1749557703733 1623.524077296257 967.78093183040619 50.498765990138054 170.28066828846931 3531.5292585939169 398.51689952611923 739.78578226268291 139.94737526774406 1995.9572532773018 1554.1050562560558 985.56773142516613
leaf_count=3776 3556 2020 369 567 8118 1033 1537 1022 4554 3625 2206
internal_value=5.74046e-06 5.40871e-05 0.000107417 0.00055725 5.18642e-05 2.97994e-05 0.000424655 0.0010142 -2.68283e-05 9.99858e-05 -7.49417e-05
internal_weight=13759.7 12136.1 10534 1138.06 9395.91 9205.46 1138.3 190.446 8067.16 4535.63 2539.67
internal_count=32383 28827 25051 2587 22464 21073 2570 1391 18503 10385 5831
is_linear=0
shrinkage=0.025


Tree=62
num_leaves=12
num_cat=0
split_feature=5 3 5 0 3 1 6 0 3 3 5
split_gain=0.368098 0.449756 0.445618 0.587208 0.31179 0.311527 0.251112 0.252187 0.300428 0.241514 0.229772
threshold=5.6272971629801676 273.50000000000006 1.8901881706909898 39.000000000000007 274.50000000000006 5.5000000000000009 26.050000000000004 39.000000000000007 180.50000000000003 130.50000000000003 4.9211102491195282
decision_type=2 2 2 2 2 2 2 2 2 2 2
left_child=2 6 4 5 -1 -4 7 9 -9 -2 -7
right_child=1 -3 3 -5 -6 10 -8 8 -10 -11 -12
leaf_value=-0.00072921500812832079 0.00085124246015372176 -0.00029871249579840957 -3.8007885985390519e-05 0.0016436824366534695 0.00049401944544362779 0.00092741508797183837 0.00057330157650291834 -0.00059375348133811024 0.00077245886153028825 -6.9425045845910503e-05 0.00024385519453226528
leaf_weight=417.93397991359234 163.66333414614201 3449.4499366283417 1118.7773118019104 192.37908272445202 169.00889927148819 518.3572726547718 507.28995850682259 111.1017539948225 464.07729542255402 5883.5693858861923 764.06054483354092
leaf_count=1210 1195 4073 2689 425 198 1183 1795 590 1009 16169 1847
internal_value=5.71911e-06 -6.52409e-05 0.000240681 0.000381194 -0.000372315 0.000267304 4.82356e-05 6.40944e-06 0.000497477 -4.1784e-05 0.000530151
internal_weight=13759.7 10579.2 3180.52 2593.57 586.943 2401.2 7129.7 6622.41 575.179 6047.23 1282.42
internal_count=32383 24831 7552 6144 1408 5719 20758 18963 1599 17364 3030
is_linear=0
shrinkage=0.025


Tree=63
num_leaves=12
num_cat=0
split_feature=5 7 3 0 5 5 3 0 3 0 2
split_gain=0.357791 0.343386 0.447374 0.297229 0.270631 0.427595 0.324741 0.334219 0.236667 0.27768 0.240115
threshold=7.7752807615677453 25.250000000000004 213.50000000000003 4.0000000000000009 1.1797840513104594 5.6101237220163602 273.50000000000006 9.0000000000000018 130.50000000000003 27.000000000000004 2.5000000000000004
decision_type=2 2 2 2 2 2 2 2 2 2 2
left_child=1 3 -3 -1 -5 -6 7 -7 10 -10 -9
right_child=-2 2 -4 4 5 6 -8 8 9 -11 -12
leaf_value=-0.00030542670918856017 -0.00036080643686674284 0.0003374874936663807 0.0022775489330618226 -0.00074232357046270152 0.00037196978679802868 0.00068282262565575553 -0.00023976709223006497 -0.00049368272354148189 -0.0001226116263390185 0.00032384012003313332 0.0015873177885443062
leaf_weight=1518.0865589380264 1465.4975147992373 571.97601091861725 67.425512135028839 231.75285856425762 2463.2684700042009 543.95233692228794 2474.0634383559227 38.457217589020729 3102.9084112942219 1187.3374006003141 94.943025663495064
leaf_count=3510 3175 1881 144 460 5896 1494 2923 281 8660 3266 693
internal_value=5.71317e-06 4.99183e-05 0.000604943 1.84845e-05 6.74999e-05 8.79056e-05 -6.8676e-06 0.000109622 3.63826e-05 1.87447e-06 0.00100125
internal_weight=13759.7 12294.2 639.402 11654.8 10136.7 9904.93 7441.66 4967.6 4423.65 4290.25 133.4
internal_count=32383 29208 2025 27183 23673 23213 17317 14394 12900 11926 974
is_linear=0
shrinkage=0.025


Tree=64
num_leaves=12
num_cat=0
split_feature=7 5 5 0 3 3 3 1 0 3 3
split_gain=0.342357 0.370668 0.392222 0.505212 0.304669 0.301287 0.299587 0.277226 0.24412 0.31091 0.222789
threshold=25.950000000000003 5.6272971629801676 1.8901881706909898 39.000000000000007 273.50000000000006 210.50000000000003 277.50000000000006 5.5000000000000009 39.000000000000007 180.50000000000003 130.50000000000003
decision_type=2 2 2 2 2 2 2 2 2 2 2
left_child=1 2 6 7 8 -2 -1 -4 10 -10 -3
right_child=5 4 3 -5 -6 -7 -8 -9 9 -11 -12
leaf_value=-0.00069508775406656163 0.00030417231981338884 0.00081488330447901608 -4.4871218753479209e-05 0.0015326465661282187 -0.00028462533178908763 0.0017508083411921561 0.00052723104885018222 0.0004948058376976895 -0.00059160795868791862 0.00077712236832443236 -6.9450826088072047e-05
leaf_weight=427.54405982792377 486.08292549848557 163.66333414614201 1110.989884853363 187.97362802922726 3449.4499366283417 94.229039967060089 157.31888955831528 1253.0954807847738 116.58109150826931 457.19315877556801 5855.5473262071609
leaf_count=1219 1615 1195 2663 411 4073 227 182 2935 621 987 16255
internal_value=5.69068e-06 -2.08733e-05 0.000215508 0.000349112 -9.49925e-05 0.000589576 -0.000359742 0.000242939 4.78416e-06 0.00048846 -4.27866e-05
internal_weight=13759.7 13179.4 3136.92 2552.06 10042.4 580.312 584.863 2364.09 6592.98 573.774 6019.21
internal_count=32383 30541 7410 6009 23131 1842 1401 5598 19058 1608 17450
is_linear=0
shrinkage=0.025


Tree=65
num_leaves=12
num_cat=0
split_feature=5 0 0 6 3 0 11 2 1 5 0
split_gain=0.334855 0.319856 0.395145 0.393114 0.277407 0.279904 0.346615 0.278177 0.243439 0.255838 0.184664
threshold=7.7752807615677453 4.0000000000000009 9.0000000000000018 21.050000000000004 130.50000000000003 39.000000000000007 50.500000000000007 2.5000000000000004 11.500000000000002 6.3371014973726627 25.500000000000004
decision_type=2 2 2 2 2 2 2 2 2 2 2
left_child=1 -1 3 -3 7 8 -7 -4 -6 -10 -11
right_child=-2 2 4 -5 5 6 -8 -9 9 10 -12
leaf_value=-0.00027879142041320693 -0.00034886534400016805 0.00032948902716703975 -0.0004985748757865262 0.0016154433364126888 -0.00018236016659451453 0.00097596983686863497 6.8622478697551414e-05 0.0014641110449934193 0.00030393567128312102 9.1929740357014932e-05 -0.00033704250095144083
leaf_weight=1602.1749557703733 1465.4975147992373 1006.9875142872334 51.31988413631916 158.2629651427269 3560.9931055009365 386.39088869094849 755.99739725887775 139.94737526774406 1995.9572532773018 1650.572170227766 985.56773142516613
leaf_count=3776 3175 2113 375 537 8194 1004 1576 1022 4554 3851 2206
internal_value=5.71228e-06 4.84768e-05 9.79463e-05 0.000528458 4.42921e-05 2.3967e-05 0.000387027 0.000940148 -2.74748e-05 9.18677e-05 -6.97794e-05
internal_weight=13759.7 12294.2 10692 1165.25 9526.75 9335.48 1142.39 191.267 8193.09 4632.1 2636.14
internal_count=32383 29208 25432 2650 22782 21385 2580 1397 18805 10611 6057
is_linear=0
shrinkage=0.025


Tree=66
num_leaves=12
num_cat=0
split_feature=7 5 5 0 3 3 3 1 0 3 3
split_gain=0.323197 0.349976 0.371926 0.476472 0.290559 0.286475 0.284793 0.258441 0.222641 0.295407 0.216604
threshold=25.950000000000003 5.6272971629801676 1.8901881706909898 39.000000000000007 210.50000000000003 274.50000000000006 273.50000000000006 5.5000000000000009 39.000000000000007 180.50000000000003 273.50000000000006
decision_type=2 2 2 2 2 2 2 2 2 2 2
left_child=1 2 5 7 -2 -1 8 10 -3 -10 -4
right_child=4 6 3 -5 -6 -7 -8 -9 9 -11 -12
leaf_value=-0.00069421443588600998 0.00029300687055070569 -4.1106363636376784e-05 0.00019521998908159077 0.0014890549591008195 0.0017131506644987634 0.00047887512611636656 -0.0002754884094768236 0.00047973265075143979 -0.00058574652065052091 0.00074778484846798861 -0.00053943220690894371
leaf_weight=415.85405011475086 486.08292549848557 6019.210660353303 761.44910109043121 187.97362802922726 94.229039967060089 169.00889927148819 3449.4499366283417 1253.0954807847738 116.58109150826931 457.19315877556801 349.54078376293182
leaf_count=1203 1615 17450 2250 411 227 198 4073 2935 621 987 413
internal_value=5.68573e-06 -2.01245e-05 0.000209564 0.000339666 0.000572998 -0.000350599 -9.21454e-05 0.000236551 4.3227e-06 0.000466231 -4.13688e-05
internal_weight=13759.7 13179.4 3136.92 2552.06 580.312 584.863 10042.4 2364.09 6592.98 573.774 1110.99
internal_count=32383 30541 7410 6009 1842 1401 23131 5598 19058 1608 2663
is_linear=0
shrinkage=0.025


Tree=67
num_leaves=12
num_cat=0
split_feature=5 0 0 6 3 4 0 0 0 11 1
split_gain=0.31715 0.321891 0.332657 0.360442 0.293399 0.65779 0.377209 1.51424 0.306529 0.283393 0.20399
threshold=7.5950186735015883 4.0000000000000009 9.0000000000000018 20.650000000000002 144.50000000000003 1.0000000180025095e-35 21.000000000000004 14.500000000000002 39.000000000000007 50.500000000000007 11.500000000000002
decision_type=2 2 2 2 2 2 2 2 2 2 2
left_child=1 -1 3 -3 5 -4 7 -7 10 -10 -6
right_child=-2 2 4 -5 8 6 -8 -9 9 -11 -12
leaf_value=-0.00027203177560916869 -0.000274131197676744 0.00030854373958624879 -0.00028317455825871689 0.0015263235021158901 -0.00017755986328438624 0.00011517619406944898 0.00038816029084041883 0.0054949204001826105 0.00098989184031699124 0.00011862537078431313 8.4627427593836127e-05
leaf_weight=1584.5424632281065 2119.587958291173 949.63986645638943 224.56710787117481 165.04303799569607 3302.2235389947891 76.404214829206467 107.39729395508766 38.342811584472656 344.07565750181675 667.86512833833694 4179.9796767383814
leaf_count=3755 4699 1987 1484 551 7176 526 740 264 849 1315 9037
internal_value=5.6619e-06 5.69933e-05 0.000109278 0.000512577 5.79656e-05 0.000668267 0.00157403 0.00246159 2.43752e-05 0.000428313 -3.12522e-05
internal_weight=13759.7 11640.1 10055.5 1114.68 8940.86 446.711 222.144 114.747 8494.14 1011.94 7482.2
internal_count=32383 27684 23929 2538 21391 3014 1530 790 18377 2164 16213
is_linear=0
shrinkage=0.025


Tree=68
num_leaves=12
num_cat=0
split_feature=7 5 5 0 3 3 3 1 5 1 3
split_gain=0.305479 0.33282 0.354052 0.447881 0.280222 0.274506 0.266959 0.243994 0.215262 0.364551 0.20537
threshold=25.950000000000003 5.6272971629801676 1.8901881706909898 39.000000000000007 210.50000000000003 277.50000000000006 273.50000000000006 5.5000000000000009 5.3059701185146144 6.5000000000000009 273.50000000000006
decision_type=2 2 2 2 2 2 2 2 2 2 2
left_child=1 2 5 7 -2 -1 -3 10 9 -9 -4
right_child=4 6 3 -5 -6 -7 -8 8 -10 -11 -12
leaf_value=-0.00066288713301874058 0.00028264275700483251 3.8839947992821982e-06 0.00019191244302905336 0.0014460550317857562 0.0016768487103175406 0.00050703667574455654 -0.00026702530729721719 0.0018273862869247677 7.4688090545689762e-05 0.00044065577036043568 -0.00052342712299658235
leaf_weight=427.54405982792377 486.08292549848557 6592.9849106371403 761.44910109043121 187.97362802922726 94.229039967060089 157.31888955831528 3449.4499366283417 135.25664104521275 521.58508171141148 596.2537580281496 349.54078376293182
leaf_count=1219 1615 19058 2250 411 227 182 4073 337 1215 1383 413
internal_value=5.81134e-06 -1.92818e-05 0.000204705 0.000331642 0.000557353 -0.000341836 -8.95157e-05 0.000231645 0.00046793 0.000738872 -3.84246e-05
internal_weight=13759.7 13179.4 3136.92 2552.06 580.312 584.863 10042.4 2364.09 1253.1 731.51 1110.99
internal_count=32383 30541 7410 6009 1842 1401 23131 5598 2935 1720 2663
is_linear=0
shrinkage=0.025


Tree=69
num_leaves=12
num_cat=0
split_feature=5 0 0 6 3 2 1 1 5 3 1
split_gain=0.298185 0.286549 0.364915 0.358417 0.2547 0.257815 0.250182 0.367055 0.589423 0.551695 0.225604
threshold=7.788416872111152 4.0000000000000009 9.0000000000000018 21.050000000000004 130.50000000000003 2.5000000000000004 1.0000000180025095e-35 4.5000000000000009 3.9118354293723496 274.50000000000006 11.500000000000002
decision_type=2 2 2 2 2 2 2 2 2 2 2
left_child=1 -1 3 -3 5 -4 -6 -8 9 -9 -10
right_child=-2 2 4 -5 6 -7 7 8 10 -11 -12
leaf_value=-0.00026451050266983569 -0.00033594169472531918 0.00031533024183952427 -0.00048191778429321317 0.0015411357309351866 0.00062439487423839122 0.0014039165310931433 -0.00059214379490142599 0.00026368551195813647 -0.00017689882800442128 0.0025304814004921596 9.645900173738738e-05
leaf_weight=1602.1749557703733 1410.0777897238731 1012.4185237288475 51.592066809535027 158.81372837722301 390.91033582389355 139.94737526774406 602.53583778440952 183.51388110220432 2944.1035668700933 90.954268753528595 5172.6264257729053
leaf_count=3776 3048 2127 377 540 881 1022 1454 511 6720 107 11820
internal_value=5.8474e-06 4.5353e-05 9.19515e-05 0.000504628 4.05319e-05 0.00089842 2.11491e-05 -6.39804e-06 3.69698e-05 0.00113571 -2.88456e-06
internal_weight=13759.7 12349.6 10747.4 1171.23 9576.18 191.539 9384.64 8993.73 8391.2 274.468 8116.73
internal_count=32383 29335 25559 2667 22892 1399 21493 20612 19158 618 18540
is_linear=0
shrinkage=0.025


Tree=70
num_leaves=12
num_cat=0
split_feature=7 5 5 3 0 3 1 0 3 5 1
split_gain=0.289296 0.313015 0.33269 0.269663 0.254762 0.251435 0.226956 0.204427 0.278955 0.204178 0.52911
threshold=25.950000000000003 5.6272971629801676 1.376014991901342 210.50000000000003 39.000000000000007 273.50000000000006 5.5000000000000009 39.000000000000007 180.50000000000003 4.9211102491195282 6.5000000000000009
decision_type=2 2 2 2 2 2 2 2 2 2 2
left_child=1 2 -1 -2 6 7 -4 -3 -9 10 -8
right_child=3 5 4 -5 -6 -7 9 8 -10 -11 -12
leaf_value=-0.00049858305580298249 0.00027332536992302975 -3.9540176347726099e-05 -1.4014103550443682e-05 0.0016406690067891996 0.0010797025797604127 -0.00025892359855609541 0.0023498805063991886 -0.00057513402268936627 0.00072032274084927951 0.00018197184220950915 0.00039718342636050632
leaf_weight=359.39262339472771 486.08292549848557 6019.210660353303 1305.8331881016493 94.229039967060089 216.2478045374155 3449.4499366283417 93.666654407978058 116.58109150826931 457.19315877556801 744.59767915308475 417.18399345874786
leaf_count=766 1615 17450 3199 227 506 4073 213 621 987 1784 942
internal_value=5.87989e-06 -1.85399e-05 0.00019868 0.000542613 0.000291821 -8.66523e-05 0.00021745 3.99051e-06 0.000446602 0.000454648 0.000830262
internal_weight=13759.7 13179.4 3136.92 580.312 2777.53 10042.4 2561.28 6592.98 573.774 1255.45 510.851
internal_count=32383 30541 7410 1842 6644 23131 6138 19058 1608 2939 1155
is_linear=0
shrinkage=0.025


Tree=71
num_leaves=12
num_cat=0
split_feature=5 0 0 6 3 4 0 0 0 11 0
split_gain=0.282063 0.290403 0.307136 0.325919 0.276544 0.617062 0.369978 1.46843 0.273767 0.265616 0.201064
threshold=7.5950186735015883 4.0000000000000009 9.0000000000000018 20.650000000000002 144.50000000000003 1.0000000180025095e-35 21.000000000000004 14.500000000000002 39.000000000000007 50.500000000000007 25.500000000000004
decision_type=2 2 2 2 2 2 2 2 2 2 2
left_child=1 -1 3 -3 5 -4 7 -7 10 -10 -6
right_child=-2 2 4 -5 8 6 -8 -9 9 -11 -12
leaf_value=-0.00025818721016256677 -0.00025793976875735362 0.00029738810819029921 -0.00027431304684179633 0.0014556004148009328 7.713758167992572e-05 9.6461406113315174e-05 0.00035640113749141388 0.0053895172037198881 0.0009474289850441728 0.00010436464680503673 -0.00018577066921945256
leaf_weight=1584.5424632281065 2119.587958291173 949.63986645638943 224.56710787117481 165.04303799569607 4425.2749261558056 76.404214829206467 107.39729395508766 38.342811584472656 344.07565750181675 667.86512833833694 3056.9282895773649
leaf_count=3755 4699 1987 1484 551 9600 526 740 264 849 1315 6613
internal_value=5.92364e-06 5.43316e-05 0.000103993 0.00049151 5.46906e-05 0.0006472 0.00152448 0.00240257 2.20832e-05 0.000403826 -3.04851e-05
internal_weight=13759.7 11640.1 10055.5 1114.68 8940.86 446.711 222.144 114.747 8494.14 1011.94 7482.2
internal_count=32383 27684 23929 2538 21391 3014 1530 790 18377 2164 16213
is_linear=0
shrinkage=0.025


Tree=72
num_leaves=12
num_cat=0
split_feature=5 5 13 0 0 0 3 4 0 7 0
split_gain=0.277451 0.261129 0.236643 0.329363 0.191631 0.240911 0.420153 0.393594 0.271516 0.303205 0.236427
threshold=6.6407842071027137 1.0522426454215306 1.0000000180025095e-35 27.000000000000004 27.000000000000004 11.500000000000002 151.50000000000003 1.0000000180025095e-35 4.0000000000000009 23.650000000000002 9.0000000000000018
decision_type=2 2 2 2 2 2 2 2 2 2 2
left_child=1 -1 -3 -4 5 8 7 -7 -2 -10 -11
right_child=4 2 3 -5 -6 6 -8 -9 9 10 -12
leaf_value=-0.00072724076341759952 -0.00035784248921851258 0.0001208880924642551 -0.00011342724183021843 0.0018731403625702539 0.00022496734542624109 -6.0527418624675538e-05 -0.00036905976446652392 0.0021038322923856568 6.8743605936327998e-05 0.002003890513185046 0.00029041848900492328
leaf_weight=200.4234836101532 814.59433361887932 6364.1985157877207 91.500152394175529 95.021836370229721 939.61565515398979 135.92612363398075 3143.1660639047623 64.485812649130821 1711.1009358912706 74.805824413895607 124.83001835644245
leaf_count=384 1852 15348 288 234 2138 861 6433 425 3756 252 412
internal_value=6.05669e-06 0.000120257 0.000148321 0.000982001 -0.000103979 -0.000155479 -0.000297032 0.000763598 1.90835e-05 0.000181819 0.00105648
internal_weight=13759.7 6751.14 6550.72 186.522 7008.52 6068.91 3343.58 200.412 2725.33 1910.74 199.636
internal_count=32383 16254 15870 522 16129 13991 7719 1286 6272 4420 664
is_linear=0
shrinkage=0.025


Tree=73
num_leaves=12
num_cat=0
split_feature=7 5 5 0 3 3 3 1 5 1 3
split_gain=0.271066 0.289029 0.310777 0.403166 0.261929 0.261024 0.232366 0.223304 0.196821 0.337493 0.195237
threshold=25.950000000000003 5.6272971629801676 1.8901881706909898 39.000000000000007 277.50000000000006 210.50000000000003 273.50000000000006 5.5000000000000009 5.3059701185146144 6.5000000000000009 273.50000000000006
decision_type=2 2 2 2 2 2 2 2 2 2 2
left_child=1 2 4 7 -1 -2 -3 10 9 -9 -4
right_child=5 6 3 -5 -6 -7 -8 8 -10 -11 -12
leaf_value=-0.00063472640594657134 0.00026108461860384054 4.1361148764595639e-06 0.000181705286476665 0.0013673486274600303 0.00050751243814755188 0.0016056741059443679 -0.00024861051045716446 0.001747306247692877 6.556389767531209e-05 0.00041390758945616815 -0.0005157879509275178
leaf_weight=427.54405982792377 486.08292549848557 6592.9849106371403 761.44910109043121 187.97362802922726 157.31888955831528 94.229039967060089 3449.4499366283417 135.25664104521275 521.58508171141148 596.2537580281496 349.54078376293182
leaf_count=1219 1615 19058 2250 411 182 227 4073 337 1215 1383 413
internal_value=6.08879e-06 -1.75496e-05 0.000191182 0.000310111 -0.00032086 0.000525635 -8.30008e-05 0.000215282 0.000441335 0.000700394 -4.29812e-05
internal_weight=13759.7 13179.4 3136.92 2552.06 584.863 580.312 10042.4 2364.09 1253.1 731.51 1110.99
internal_count=32383 30541 7410 6009 1401 1842 23131 5598 2935 1720 2663
is_linear=0
shrinkage=0.025


Tree=74
num_leaves=12
num_cat=0
split_feature=7 5 5 3 13 3 0 3 12 8 8
split_gain=0.25909 0.275804 0.299456 0.25074 0.225196 0.220958 0.181746 0.263036 0.197005 0.164961 0.153971
threshold=25.950000000000003 5.6272971629801676 1.2839396744917264 210.50000000000003 1.0000000180025095e-35 273.50000000000006 39.000000000000007 180.50000000000003 8.3500000000000032 0.35000000000000003 1.0500000000000003
decision_type=2 2 2 2 2 2 2 2 2 2 2
left_child=1 2 -1 -2 9 6 8 -8 -3 -4 -10
right_child=3 5 4 -5 -6 -7 7 -9 10 -11 -12
leaf_value=-0.00052889793022466906 0.00025481544517988902 -0.00020411585456486781 0.00016778733756916286 0.0015725605533051818 0.0014404732849648254 -0.00024243107562108495 -0.00056979249562508975 0.00068739561952742604 5.3714008540644592e-05 0.00090226974302150091 0.00098076570997639558
leaf_weight=309.67766292393208 486.08292549848557 2530.3462304919958 2559.0753152817488 94.229039967060089 79.594334438443184 3449.4499366283417 116.58109150826931 457.19315877556801 3392.9168680161238 188.57463040947914 95.947561845183372
leaf_count=638 1615 6945 6143 227 235 4073 621 987 10169 394 336
internal_value=6.10912e-06 -1.70015e-05 0.000186898 0.000514049 0.000268467 -8.09379e-05 4.03303e-06 0.000421368 -3.70127e-05 0.000224352 8.46538e-05
internal_weight=13759.7 13179.4 3136.92 580.312 2827.24 10042.4 6592.98 573.774 6019.21 2747.65 3488.86
internal_count=32383 30541 7410 1842 6772 23131 19058 1608 17450 6537 10505
is_linear=0
shrinkage=0.025


Tree=75
num_leaves=12
num_cat=0
split_feature=5 0 0 3 3 3 4 0 0 0 11
split_gain=0.251448 0.25005 0.334294 0.312849 0.766809 0.231225 0.63994 0.356693 1.41943 0.248603 0.293519
threshold=7.788416872111152 4.0000000000000009 9.0000000000000018 211.50000000000003 180.50000000000003 144.50000000000003 1.0000000180025095e-35 21.000000000000004 14.500000000000002 39.000000000000007 53.500000000000007
decision_type=2 2 2 2 2 2 2 2 2 2 2
left_child=1 -1 3 4 -3 6 -4 8 -8 -7 -11
right_child=-2 2 5 -5 -6 9 7 -9 -10 10 -12
leaf_value=-0.00024706024651916051 -0.00030774330233605514 -0.00018157110758403624 -0.00030668280823143313 0.00023240135283960134 0.0022771202560852417 -4.0756784374430947e-05 8.0209092608390226e-05 0.00033765922226329205 0.0052801864201852166 0.0008908591722557596 5.1230465103055152e-05
leaf_weight=1602.1749557703733 1410.0777897238731 141.3501074463129 246.9256394058466 876.98539054393768 152.89675411581993 7994.3814775049686 76.404214829206467 107.39729395508766 38.342811584472656 388.48049038648605 724.2518305182457
leaf_count=3776 3048 752 1632 1410 505 17353 526 740 264 954 1423
internal_value=6.1202e-06 4.23968e-05 8.59265e-05 0.000480906 0.00115963 3.67162e-05 0.000566276 0.0014818 0.0023436 8.25963e-06 0.000354918
internal_weight=13759.7 12349.6 10747.4 1171.23 294.247 9576.18 469.07 222.144 114.747 9107.11 1112.73
internal_count=32383 29335 25559 2667 1257 22892 3162 1530 790 19730 2377
is_linear=0
shrinkage=0.025


Tree=76
num_leaves=12
num_cat=0
split_feature=5 5 13 0 0 0 3 4 0 7 0
split_gain=0.247878 0.23858 0.210191 0.319461 0.170431 0.225586 0.391976 0.36486 0.250534 0.273376 0.21777
threshold=6.6407842071027137 1.0522426454215306 1.0000000180025095e-35 27.000000000000004 27.000000000000004 11.500000000000002 151.50000000000003 1.0000000180025095e-35 4.0000000000000009 23.650000000000002 9.0000000000000018
decision_type=2 2 2 2 2 2 2 2 2 2 2
left_child=1 -1 -3 -4 5 8 7 -7 -2 -10 -11
right_child=4 2 3 -5 -6 6 -8 -9 9 10 -12
leaf_value=-0.00069586690453469439 -0.00033952875151595615 0.00011516992045833689 -0.00014531927369691098 0.0018048544289253833 0.00021246772822982861 -5.3154525920336922e-05 -0.00035287988533764776 0.0020313964719029655 7.1420826620830234e-05 0.0019185337025950596 0.000274945666136994
leaf_weight=200.4234836101532 814.59433361887932 6364.1985157877207 91.500152394175529 95.021836370229721 939.61565515398979 135.92612363398075 3143.1660639047623 64.485812649130821 1711.1009358912706 74.805824413895607 124.83001835644245
leaf_count=384 1852 15348 288 234 2138 861 6433 425 3756 252 412
internal_value=6.25987e-06 0.000114202 0.000141029 0.000926751 -9.77471e-05 -0.000146316 -0.000283294 0.000741049 2.25752e-05 0.000178867 0.00100944
internal_weight=13759.7 6751.14 6550.72 186.522 7008.52 6068.91 3343.58 200.412 2725.33 1910.74 199.636
internal_count=32383 16254 15870 522 16129 13991 7719 1286 6272 4420 664
is_linear=0
shrinkage=0.025


Tree=77
num_leaves=12
num_cat=0
split_feature=7 5 5 0 3 11 1 3 5 1 3
split_gain=0.241017 0.254057 0.281738 0.375557 0.254267 0.245051 0.214955 0.204151 0.19155 0.49515 0.185487
threshold=25.950000000000003 5.6272971629801676 1.8901881706909898 39.000000000000007 274.50000000000006 1.0000000180025095e-35 5.5000000000000009 273.50000000000006 4.9211102491195282 6.5000000000000009 273.50000000000006
decision_type=2 2 2 2 2 2 2 2 2 2 2
left_child=1 2 4 6 -1 -2 10 -3 9 -8 -4
right_child=5 7 3 -5 -6 -7 8 -9 -10 -11 -12
leaf_value=-0.00063196566774469652 0.0016371568513350967 4.2983137012076836e-06 0.00016742779576492026 0.0013132136163295932 0.00047226061864255077 0.00026014029154716359 0.0022566080992792842 -0.00023260564400774781 0.00016005209020095553 0.00036792855791924596 -0.00051247933674023415
leaf_weight=415.85405011475086 79.124563217163086 6592.9849106371403 761.44910109043121 187.97362802922726 169.00889927148819 501.18740224838257 93.666654407978058 3449.4499366283417 744.59767915308475 414.83114722371101 349.54078376293182
leaf_count=1203 219 19058 2250 411 198 1623 213 4073 1784 938 413
internal_value=6.27907e-06 -1.60115e-05 0.000179684 0.000292929 -0.000307811 0.000496183 0.000201468 -7.73758e-05 0.00042327 0.00078806 -5.1765e-05
internal_weight=13759.7 13179.4 3136.92 2552.06 584.863 580.312 2364.09 10042.4 1253.1 508.498 1110.99
internal_count=32383 30541 7410 6009 1401 1842 5598 23131 2935 1151 2663
is_linear=0
shrinkage=0.025


Tree=78
num_leaves=12
num_cat=0
split_feature=7 3 5 5 3 3 0 8 3 2 8
split_gain=0.231249 0.431995 0.24692 0.27163 0.186614 0.176172 0.219061 0.173519 0.160096 0.182985 0.151461
threshold=25.250000000000004 213.50000000000003 5.6272971629801676 1.0522426454215306 273.50000000000006 262.50000000000006 27.000000000000004 0.35000000000000003 130.50000000000003 2.5000000000000004 1.0500000000000003
decision_type=2 2 2 2 2 2 2 2 2 2 2
left_child=2 -2 3 -1 5 8 -7 -5 9 -4 -10
right_child=1 -3 4 7 -6 6 -8 -9 10 -11 -12
leaf_value=-0.00067483786758116291 0.00020424329480609067 0.0020616297698672331 -0.00036467895225164235 0.00018086327731240667 -0.00022682402886069382 0.00011244556369229091 0.0010200090426717662 0.0009049460922099285 -0.00010557317415229985 0.0011994814905688341 0.00063641137388833948
leaf_weight=199.84406280517578 639.89946340024471 70.197628855705261 61.448525682091713 2713.6356341391802 3449.4499366283417 816.81448191404343 190.79185682535172 206.29166203737259 5144.1131906956434 109.05897742509842 158.12333537638187
leaf_count=382 2104 149 449 6540 4073 1217 284 434 15453 796 502
internal_value=6.31302e-06 0.000439303 -1.78845e-05 0.000175439 -7.88538e-05 3.65344e-07 0.000300802 0.000237828 -5.58429e-05 0.000656674 -8.11373e-05
internal_weight=13759.7 710.097 13049.6 3119.77 9929.8 6480.35 1007.61 2919.93 5472.74 170.508 5302.24
internal_count=32383 2253 30130 7356 22774 18701 1501 6974 17200 1245 15955
is_linear=0
shrinkage=0.025


Tree=79
num_leaves=12
num_cat=0
split_feature=5 0 0 3 3 4 0 0 3 3 0
split_gain=0.224233 0.247302 0.276974 0.286457 0.242591 0.547564 0.343705 1.37542 0.233036 0.480341 0.216275
threshold=7.5950186735015883 4.0000000000000009 9.0000000000000018 271.50000000000006 144.50000000000003 1.0000000180025095e-35 21.000000000000004 14.500000000000002 180.50000000000003 201.50000000000003 39.000000000000007
decision_type=2 2 2 2 2 2 2 2 2 2 2
left_child=1 -1 3 8 5 -4 7 -7 -3 -10 -6
right_child=-2 2 4 -5 10 6 -8 -9 9 -11 -12
leaf_value=-0.00023889936938687809 -0.00022893147856203988 -0.00018637852561782694 -0.00026418505485496248 -8.9492328688589451e-05 -2.8740030197658697e-05 5.3930044988988413e-05 0.00031131363941193173 0.0051658585170169464 0.0024700374309456507 0.00060010694135310939 0.00035728195396846708
leaf_weight=1584.5424632281065 2119.587958291173 130.86509022116661 224.56710787117481 382.32214206457138 7482.2032157331705 76.404214829206467 107.39729395508766 38.342811584472656 89.560758113861084 511.93491405248642 1011.9407858401537
leaf_count=3755 4699 698 1484 456 16213 526 740 264 315 1069 2164
internal_value=6.33474e-06 4.94945e-05 9.53233e-05 0.000463314 4.85132e-05 0.000603455 0.00142993 0.0022753 0.000746609 0.000949061 1.79795e-05
internal_weight=13759.7 11640.1 10055.5 1114.68 8940.86 446.711 222.144 114.747 732.361 601.496 8494.14
internal_count=32383 27684 23929 2538 21391 3014 1530 790 2082 1384 18377
is_linear=0
shrinkage=0.025


Tree=80
num_leaves=12
num_cat=0
split_feature=7 3 5 5 0 3 1 6 3 3 5
split_gain=0.219913 0.23388 0.228048 0.262113 0.354227 0.244116 0.207016 0.188695 0.181387 0.176127 0.189217
threshold=25.950000000000003 210.50000000000003 5.6272971629801676 1.8901881706909898 39.000000000000007 274.50000000000006 5.5000000000000009 4.6500000000000012 273.50000000000006 273.50000000000006 5.0384778491657878
decision_type=2 2 2 2 2 2 2 2 2 2 2
left_child=2 -2 3 5 6 -1 9 -8 -4 10 -5
right_child=1 -3 8 4 -6 -7 7 -9 -10 -11 -12
leaf_value=-0.00061724558337466237 0.00022509313944092571 0.0014960175874348133 4.0181068716656787e-06 -1.0290848853720568e-05 0.0012706246758996996 0.00046463159380348974 0.0013779962959142159 0.00030630607161767263 -0.00021928787446687766 -0.00050621787731970993 0.0010627969958794175
leaf_weight=415.85405011475086 486.08292549848557 94.229039967060089 6592.9849106371403 659.9010267406702 187.97362802922726 169.00889927148819 95.943518832325935 1157.1519619524479 3449.4499366283417 349.54078376293182 101.54807434976101
leaf_count=1203 1615 227 19058 1953 411 198 207 2728 4073 413 297
internal_value=6.46382e-06 0.000474427 -1.48291e-05 0.000170578 0.000279819 -0.000299588 0.00019104 0.000408719 -7.29681e-05 -5.73692e-05 0.000156356
internal_weight=13759.7 580.312 13179.4 3136.92 2552.06 584.863 2364.09 1253.1 10042.4 1110.99 761.449
internal_count=32383 1842 30541 7410 6009 1401 5598 2935 23131 2663 2250
is_linear=0
shrinkage=0.025


Tree=81
num_leaves=12
num_cat=0
split_feature=5 0 0 3 3 3 1 1 5 3 3
split_gain=0.212617 0.219455 0.305866 0.281978 0.241816 0.574685 0.206514 0.369558 0.521703 0.513233 0.253586
threshold=7.788416872111152 4.0000000000000009 9.0000000000000018 271.50000000000006 180.50000000000003 201.50000000000003 1.0000000180025095e-35 4.5000000000000009 3.9118354293723496 274.50000000000006 130.50000000000003
decision_type=2 2 2 2 2 2 2 2 2 2 2
left_child=1 -1 3 4 -3 -6 -4 -8 9 -9 -10
right_child=-2 2 6 -5 5 -7 7 8 10 -11 -12
leaf_value=-0.00023133616369735554 -0.00028213631019670144 -0.00017751368117642106 0.00057632656656933859 -7.1804222131243377e-05 0.00257054506220015 0.00057086799342974273 -0.00057277690097427836 0.00025905898472607493 0.000937432417138211 0.0024276917179572141 -6.1555654948027945e-06
leaf_weight=1602.1749557703733 1410.0777897238731 141.3501074463129 398.9864256978035 407.32773786783218 93.611100733280182 528.94330605864525 615.93208874762058 191.58603942394257 161.99494291841984 90.954268753528595 8116.7299926429987
leaf_count=3776 3048 752 940 486 330 1099 1552 570 1183 107 18540
internal_value=6.47837e-06 3.98353e-05 8.06149e-05 0.000458425 0.000735772 0.000942203 3.3547e-05 8.74729e-06 5.18219e-05 0.00107151 1.45229e-05
internal_weight=13759.7 12349.6 10747.4 1171.23 763.905 622.554 9576.18 9177.2 8561.27 282.54 8278.72
internal_count=32383 29335 25559 2667 2181 1429 22892 21952 20400 677 19723
is_linear=0
shrinkage=0.025


Tree=82
num_leaves=12
num_cat=0
split_feature=7 11 5 5 3 3 0 13 8 8 3
split_gain=0.208509 0.229504 0.213859 0.249943 0.169081 0.173582 0.210881 0.168834 0.177375 0.149509 0.141142
threshold=25.950000000000003 1.0000000180025095e-35 5.6272971629801676 1.0522426454215306 273.50000000000006 262.50000000000006 27.000000000000004 1.0000000180025095e-35 0.35000000000000003 1.0500000000000003 144.50000000000003
decision_type=2 2 2 2 2 2 2 2 2 2 2
left_child=2 -2 3 -1 5 9 -7 8 -5 10 -4
right_child=1 -3 4 7 -6 6 -8 -9 -10 -11 -12
leaf_value=-0.0006497983008529446 0.0015657247915636875 0.00023458614608044015 0.00033534576117946372 0.00013010256258604488 -0.00021177020487103592 0.00011700296599908823 0.0010050774413180277 0.001227873068037046 0.00087003954435626489 0.00064520789672814656 -0.00011408032033282115
leaf_weight=200.13216373324394 79.124563217163086 501.18740224838257 459.44082213938236 2654.2603759765625 3449.4499366283417 821.30274468660355 192.07421761751175 81.964165642857552 200.56523770093918 166.51962766051292 4953.6474985331297
leaf_count=383 219 1623 3074 6368 4073 1224 286 242 417 566 13908
internal_value=6.53413e-06 0.000462202 -1.41997e-05 0.000165347 -7.05011e-05 3.82777e-06 0.000301522 0.000224915 0.000187778 -5.11237e-05 -7.48408e-05
internal_weight=13759.7 580.312 13179.4 3136.92 10042.4 6592.98 1013.38 2936.79 2854.83 5579.61 5413.09
internal_count=32383 1842 30541 7410 23131 19058 1510 7027 6785 17548 16982
is_linear=0
shrinkage=0.025


Tree=83
num_leaves=12
num_cat=0
split_feature=5 5 13 0 0 0 1 3 1 1 3
split_gain=0.202089 0.198405 0.180368 0.312703 0.177223 0.326463 0.923168 2.20686 0.280933 0.264214 0.206124
threshold=6.6407842071027137 1.0522426454215306 1.0000000180025095e-35 27.000000000000004 25.500000000000004 21.000000000000004 6.5000000000000009 256.50000000000006 10.500000000000002 1.0000000180025095e-35 150.50000000000003
decision_type=2 2 2 2 2 2 2 2 2 2 2
left_child=1 -1 4 -4 5 10 7 -7 -8 -6 -3
right_child=-2 2 3 -5 9 6 8 -9 -10 -11 -12
leaf_value=-0.00063469946927055846 -8.7354150412850026e-05 0.00081071016615276599 -0.00019445280303578402 0.0017259966987780196 0.00095722416723004243 -0.00067780101158303966 -0.00040841864137759737 0.0046984513883169942 0.00045927945210862456 -0.00012597824201300098 -3.398699540751461e-05
leaf_weight=200.4234836101532 7008.5247676223516 175.94124512374401 91.500152394175529 95.021836370229721 129.78663149476051 83.443054586648941 285.51461319625378 79.255033910274506 998.52958728373051 2327.8658373653889 2283.8625128269196
leaf_count=384 16129 1156 288 234 307 272 677 104 2375 5673 4784
internal_value=6.55784e-06 0.00010402 0.000128485 0.000856305 0.000104538 0.000208782 0.000504003 0.00216878 0.000263037 -6.15101e-05 3.24825e-05
internal_weight=13759.7 6751.14 6550.72 186.522 6364.2 3906.55 1446.74 162.698 1284.04 2457.65 2459.8
internal_count=32383 16254 15870 522 15348 9368 3428 376 3052 5980 5940
is_linear=0
shrinkage=0.025


Tree=84
num_leaves=12
num_cat=0
split_feature=7 3 5 1 1 0 8 0 0 3 3
split_gain=0.200386 0.4069 0.199912 0.230457 0.571979 0.228956 0.335221 0.226792 0.252764 0.216135 0.153883
threshold=25.250000000000004 213.50000000000003 5.6272971629801676 4.5000000000000009 2.5000000000000004 25.500000000000004 0.25000000000000006 27.000000000000004 11.500000000000002 244.50000000000003 273.50000000000006
decision_type=2 2 2 2 2 2 2 2 2 2 2
left_child=2 -2 3 4 7 6 -5 8 -1 -7 -4
right_child=1 -3 10 5 -6 9 -8 -9 -10 -11 -12
leaf_value=0.0006973502174768228 0.00018211827787426545 0.0019838016403944132 1.1777958328493361e-06 0.00040276966361104251 -0.00080637626533293187 0.00048153948108403297 0.0018069787971715511 0.0013005632494931226 -0.00023386176967749289 -0.00034562093334509478 -0.00020512498040091244
leaf_weight=272.10575203597546 639.89946340024471 70.197628855705261 6480.3503679186106 968.82370644807816 442.23684680461884 322.66441641747952 103.10192535817623 98.651428669691086 466.33875378966331 445.84852945804596 3449.4499366283417
leaf_count=639 2104 149 18701 2290 1070 1158 227 262 1105 605 4073
internal_value=6.62935e-06 0.000409691 -1.58968e-05 0.000158053 -9.88655e-05 0.000335787 0.000568455 0.000285006 0.000118616 5.07213e-06 -7.07567e-05
internal_weight=13759.7 710.097 13049.6 3119.77 1279.33 1840.44 1071.93 837.096 738.445 768.513 9929.8
internal_count=32383 2253 30130 7356 3076 4280 2517 2006 1744 1763 22774
is_linear=0
shrinkage=0.025


Tree=85
num_leaves=12
num_cat=0
split_feature=5 1 1 3 0 5 2 1 5 3 1
split_gain=0.195375 0.211445 0.252614 0.184182 0.183123 0.176645 0.159907 0.158507 0.313323 0.929833 0.200445
threshold=7.9549388348688348 12.500000000000002 1.0000000180025095e-35 273.50000000000006 25.500000000000004 4.7627887594731648 3.5000000000000004 4.5000000000000009 5.1509068179788846 277.50000000000006 2.5000000000000004
decision_type=2 2 2 2 2 2 2 2 2 2 2
left_child=1 2 4 5 -1 -3 -5 10 9 -9 -4
right_child=-2 3 7 6 -6 -7 -8 8 -10 -11 -12
leaf_value=0.00013703206284811309 -0.00035882533931671281 0.00093455648575248643 1.332432187735231e-05 -0.00023978253180133541 0.0011551108937584702 0.00018239724049705602 0.00019786762795609907 -0.00016812781690364579 -0.00014251246439794544 0.0019872054313032281 -0.00078623464508402593
leaf_weight=379.97874739766121 837.41236637532711 185.97272616624832 338.11356143653393 1274.4915925264359 139.59795808792114 4399.9108589291573 855.32049375772476 416.08190536499023 4331.5842737704515 157.23881959915161 443.9654523730278
leaf_count=883 1651 550 856 1498 333 12900 1018 1203 10233 182 1076
internal_value=6.65467e-06 3.08571e-05 -7.42165e-05 0.000127897 0.000443242 0.000216825 -6.3819e-05 -0.00012288 -6.92932e-05 0.000470053 -0.000448851
internal_weight=13759.7 12922.3 6206.56 6715.7 519.577 4585.88 2129.81 5686.98 4904.9 573.321 782.079
internal_count=32383 30732 14766 15966 1216 13450 2516 13550 11618 1385 1932
is_linear=0
shrinkage=0.025


Tree=86
num_leaves=12
num_cat=0
split_feature=7 11 5 5 0 3 1 0 1 3 5
split_gain=0.189917 0.216521 0.182427 0.22217 0.312336 0.225568 0.188336 0.179198 0.602222 0.177827 0.211797
threshold=25.950000000000003 1.0000000180025095e-35 5.6101237220163602 1.8901881706909898 39.000000000000007 277.50000000000006 5.5000000000000009 25.500000000000004 6.5000000000000009 273.50000000000006 5.0384778491657878
decision_type=2 2 2 2 2 2 2 2 2 2 2
left_child=2 -2 3 5 6 -1 9 8 -8 10 -5
right_child=1 -3 -4 4 -6 -7 7 -9 -10 -11 -12
leaf_value=-0.00056931070714977142 0.0015130672271850827 0.0002207242590276745 -6.4650962450231125e-05 -1.7058560143054314e-05 0.0011914307363170506 0.00048984990957325134 0.0022327102045869764 2.9260225001409449e-06 0.00030374337520861584 -0.00051441779701603063 0.0011600473042296742
leaf_weight=427.54405982792377 79.124563217163086 501.18740224838257 10092.59874419868 659.9010267406702 185.84946005046368 157.31888955831528 102.36947558820248 474.57903729379177 638.05505295097828 349.54078376293182 91.600260347127914
leaf_count=1219 219 1623 23256 1953 406 182 255 1099 1491 413 267
internal_value=6.59397e-06 0.000441472 -1.31944e-05 0.000154383 0.000256776 -0.000277636 0.000172217 0.000384244 0.000622146 -6.44355e-05 0.000152772
internal_weight=13759.7 580.312 13179.4 3086.76 2501.9 584.863 2316.05 1215 740.425 1101.04 751.501
internal_count=32383 1842 30541 7285 5884 1401 5478 2845 1746 2633 2220
is_linear=0
shrinkage=0.025


Tree=87
num_leaves=12
num_cat=0
split_feature=5 0 0 3 3 3 3 4 0 0 0
split_gain=0.184941 0.208941 0.297604 0.264518 0.669744 0.215695 0.192095 0.570731 0.335402 1.33436 0.202132
threshold=7.788416872111152 4.0000000000000009 9.0000000000000018 211.50000000000003 180.50000000000003 194.50000000000003 144.50000000000003 1.0000000180025095e-35 21.000000000000004 14.500000000000002 39.000000000000007
decision_type=2 2 2 2 2 2 2 2 2 2 2
left_child=1 -1 3 4 -3 -6 7 -4 9 -9 -8
right_child=-2 2 6 -5 5 -7 10 8 -10 -11 -12
leaf_value=-0.00022683826469993177 -0.00026253190044864982 -0.00017793084547951455 -0.00030931330268503987 0.00022148793064149741 0.0031548721695160917 0.0010103467697680994 -3.90019038508091e-05 3.0947241076436822e-05 0.00027980197767314122 0.0050600433252010989 0.00031777879630506904
leaf_weight=1602.1749557703733 1410.0777897238731 141.3501074463129 246.9256394058466 876.98539054393768 59.951476395130157 92.945277720689774 7994.3814775049686 76.404214829206467 107.39729395508766 38.342811584472656 1112.7323209047318
leaf_count=3776 3048 752 1632 1410 220 285 17353 526 740 264 2377
internal_value=6.64498e-06 3.77544e-05 7.75467e-05 0.000450217 0.00107445 0.0021189 3.11233e-05 0.000513798 0.00137871 0.00221304 5.19136e-06
internal_weight=13759.7 12349.6 10747.4 1171.23 294.247 152.897 9576.18 469.07 222.144 114.747 9107.11
internal_count=32383 29335 25559 2667 1257 505 22892 3162 1530 790 19730
is_linear=0
shrinkage=0.025


Tree=88
num_leaves=12
num_cat=0
split_feature=6 5 5 0 11 3 0 3 4 0 8
split_gain=0.180751 0.187106 0.166349 0.156149 0.190928 0.189155 0.17466 0.302514 0.243283 0.199019 0.152445
threshold=26.050000000000004 6.7829561654240722 1.0522426454215306 39.000000000000007 89.500000000000014 253.50000000000003 11.500000000000002 151.50000000000003 1.0000000180025095e-35 4.0000000000000009 0.35000000000000003
decision_type=2 2 2 2 2 2 2 2 2 2 2
left_child=1 2 -1 6 5 -5 9 8 -8 -3 -4
right_child=-2 3 10 4 -6 -7 7 -9 -10 -11 -12
leaf_value=-0.00060132167826684041 0.00044951758289049496 -0.00034565366782602643 6.4282418038963924e-05 0.00020096844982673504 -0.00011009101055290611 0.0015033018718160697 2.9555074678714228e-06 -0.00034875938310031186 0.0018830724477559473 0.00014254132984805389 0.00051980807092466975
leaf_weight=200.13216373324394 533.26742124557495 721.66356688737869 6406.0958878397942 192.70951277017593 420.19670245051384 96.312727808952332 116.02261193096638 2807.9763618409634 48.418317899107933 1741.3237733393908 475.5497080385685
leaf_count=383 1883 1591 15281 600 833 139 743 5583 322 3914 1111
internal_value=6.80759e-06 -1.16935e-05 7.57987e-05 -0.000112448 0.000231946 0.00070416 -0.000158071 -0.000286405 0.000700705 -2.13344e-06 9.71762e-05
internal_weight=13759.7 13226.4 7081.78 6144.62 709.219 289.022 5435.4 2972.42 164.441 2462.99 6881.65
internal_count=32383 30500 16775 13725 1572 739 12153 6648 1065 5505 16392
is_linear=0
shrinkage=0.025


Tree=89
num_leaves=12
num_cat=0
split_feature=7 3 14 1 1 5 0 5 8 5 0
split_gain=0.173445 0.390806 0.174464 0.169846 0.196109 0.168733 0.155852 0.137065 0.112558 0.117119 0.11249
threshold=25.250000000000004 213.50000000000003 1.0000000180025095e-35 1.0000000180025095e-35 12.500000000000002 3.3909250640928472 25.500000000000004 7.9731410727309457 0.55000000000000016 5.7734839111547958 9.0000000000000018
decision_type=2 2 2 2 2 2 2 2 2 2 2
left_child=2 10 3 6 8 -6 -1 -7 -5 -10 -2
right_child=1 -3 -4 4 5 7 -8 -9 9 -11 -12
leaf_value=0.00013038398757380374 0.00075320871659030337 0.0019239942201416333 0.00080463157106290442 -0.00017598277159571547 0.00085779752812036806 6.2163316511987241e-05 0.0010882772400302118 -0.0003776905598826831 0.00096817277624490364 -2.509717416330286e-05 -1.929431930802835e-05
leaf_weight=365.72137603163719 133.12710516154766 70.197628855705261 140.64795181155205 5456.1229271441698 137.73964363336563 6041.351965546608 133.56856933236122 457.78506465256214 89.492489486932755 227.14167588949203 506.77235823869705
leaf_count=826 435 149 882 12561 298 13751 308 853 154 497 1669
internal_value=6.75934e-06 0.000381747 -1.41987e-05 -2.43511e-05 -4.28211e-05 4.98203e-05 0.000418681 3.01173e-05 -0.000149134 0.000296479 0.000159377
internal_weight=13759.7 710.097 13049.6 12908.9 12409.6 6636.88 499.29 6499.14 5772.76 316.634 639.899
internal_count=32383 2253 30130 29248 28114 14902 1134 14604 13212 651 2104
is_linear=0
shrinkage=0.025


Tree=90
num_leaves=12
num_cat=0
split_feature=6 5 1 1 0 0 0 6 3 0 3
split_gain=0.167671 0.17665 0.212496 0.504114 0.223146 0.239579 0.221109 0.312246 0.215824 0.252254 0.14737
threshold=26.050000000000004 5.6272971629801676 4.5000000000000009 2.5000000000000004 27.000000000000004 11.500000000000002 25.500000000000004 4.6500000000000012 244.50000000000003 39.000000000000007 210.50000000000003
decision_type=2 2 2 2 2 2 2 2 2 2 2
left_child=1 2 3 4 5 -1 7 -4 9 -8 -2
right_child=10 -3 6 -5 -6 -7 8 -9 -10 -11 -12
leaf_value=0.00065828338548077768 0.0002455830148609288 -6.2160930859492001e-05 0.001697441884560098 -0.00075792611119790149 0.0012615057119891328 -0.00024162103535386127 0.00012307213771622306 0.00038469669031073942 -0.00035430974942218937 0.0018078751439323385 0.0013861160172284135
leaf_weight=276.74794383347034 466.56228041648865 10071.861706078053 112.26903854310513 443.9654523730278 100.61867147684097 472.24048221111298 282.49379113316536 970.14211666584015 445.84852945804596 50.213602766394615 66.705140829086304
leaf_count=653 1721 23036 226 1076 268 1123 1012 2323 605 178 162
internal_value=6.80773e-06 -1.10118e-05 0.000151661 -9.37e-05 0.000262843 9.93625e-05 0.000321396 0.000549181 -1.11287e-06 0.000465445 0.000433199
internal_weight=13759.7 13226.4 3154.54 1293.57 849.607 748.988 1860.97 1082.41 778.556 332.707 533.267
internal_count=32383 30500 7464 3120 2044 1776 4344 2549 1795 1190 1883
is_linear=0
shrinkage=0.025


Tree=91
num_leaves=12
num_cat=0
split_feature=5 0 0 3 3 4 0 0 3 3 0
split_gain=0.16477 0.211177 0.242666 0.246014 0.20711 0.602087 0.411136 1.42554 0.205984 0.417337 0.203392
threshold=7.5950186735015883 4.0000000000000009 9.0000000000000018 271.50000000000006 151.50000000000003 1.0000000180025095e-35 14.500000000000002 21.000000000000004 180.50000000000003 201.50000000000003 39.000000000000007
decision_type=2 2 2 2 2 2 2 2 2 2 2
left_child=1 -1 3 8 5 -4 -7 -8 -3 -10 -6
right_child=-2 2 4 -5 10 6 7 -9 9 -11 -12
leaf_value=-0.00022263633097324294 -0.00019481538144794372 -0.00018301759989729894 -0.00023728899799227497 -8.1707173330513498e-05 -3.5873264894111136e-05 -4.2238526465742032e-05 0.0049995184116376828 0.00039401030720859534 0.0023012275514842969 0.00055835608000940023 0.00034148561910688006
leaf_weight=1584.5424632281065 2119.587958291173 130.86509022116661 324.88151027262211 382.32214206457138 7353.2752698361874 92.391547471284866 45.057693213224411 129.56558774411678 89.560758113861084 511.93491405248642 995.68382127583027
leaf_count=3755 4699 698 2058 456 15485 614 301 862 315 1069 2071
internal_value=6.86064e-06 4.38558e-05 8.62079e-05 0.000430649 4.24002e-05 0.000486363 0.00132202 0.00197401 0.000693181 0.000883567 9.83849e-06
internal_weight=13759.7 11640.1 10055.5 1114.68 8940.86 591.896 267.015 174.623 732.361 601.496 8348.96
internal_count=32383 27684 23929 2538 21391 3835 1777 1163 2082 1384 17556
is_linear=0
shrinkage=0.025


Tree=92
num_leaves=12
num_cat=0
split_feature=1 1 3 2 5 0 1 5 3 1 0
split_gain=0.161108 0.231037 0.182095 0.184754 0.177002 0.162325 0.12914 0.291438 0.890325 0.178619 0.374962
threshold=12.500000000000002 1.0000000180025095e-35 273.50000000000006 3.5000000000000004 4.7627887594731648 25.500000000000004 4.5000000000000009 5.1509068179788846 277.50000000000006 2.5000000000000004 11.500000000000002
decision_type=2 2 2 2 2 2 2 2 2 2 2
left_child=1 5 4 -4 -2 -1 9 8 -8 10 -3
right_child=2 6 3 -5 -6 -7 7 -9 -10 -11 -12
leaf_value=0.00012530707658130704 0.00089426870001859554 0.0013211129174441104 -0.0002679589777350611 0.00018028164078508452 0.00014339326025856447 0.0010835430425143037 -0.00018240394806030911 -0.0001470270057302535 0.0019260293628370314 -0.00074093831332988299 -0.00046078631683403126
leaf_weight=379.97874739766121 185.97272616624832 80.544514924287796 1431.9812523722649 933.45872032642365 4666.4724230915308 139.59795808792114 416.08190536499023 4666.8071895688772 157.23881959915161 443.9654523730278 257.56904651224613
leaf_count=883 550 201 1683 1111 13596 333 1203 10910 182 1076 655
internal_value=6.96478e-06 -8.27596e-05 8.82887e-05 -9.10441e-05 0.000175724 0.000413382 -0.000126792 -8.12268e-05 0.000441286 -0.000422451 1.37684e-05
internal_weight=13759.7 6541.78 7217.89 2365.44 4852.45 519.577 6022.21 5240.13 573.321 782.079 338.114
internal_count=32383 15443 16940 2794 14146 1216 14227 12295 1385 1932 856
is_linear=0
shrinkage=0.025


Tree=93
num_leaves=12
num_cat=0
split_feature=5 1 1 3 5 0 2 1 5 3 1
split_gain=0.158019 0.179604 0.210455 0.15798 0.155618 0.155389 0.145731 0.133591 0.264132 0.576089 0.170755
threshold=7.9549388348688348 12.500000000000002 1.0000000180025095e-35 273.50000000000006 4.7627887594731648 25.500000000000004 3.5000000000000004 4.5000000000000009 4.2608145240937647 270.50000000000006 2.5000000000000004
decision_type=2 2 2 2 2 2 2 2 2 2 2
left_child=1 2 5 4 -3 -1 -5 10 9 -9 -4
right_child=-2 3 7 6 -6 -7 -8 8 -10 -11 -12
leaf_value=0.00012233103473641342 -0.00032175866926238721 0.00087408283563060398 1.4625349107959529e-05 -0.00022741617086859106 0.00016819435942005888 0.0010598491015183405 0.00019037627318580809 -0.00027912598894200253 -0.00010208003456545743 0.0022985657752499114 -0.00072321334145421874
leaf_weight=379.97874739766121 837.41236637532711 185.97272616624832 338.11356143653393 1274.4915925264359 4399.9108589291573 139.59795808792114 855.32049375772476 123.36125572025776 4709.8495855927467 71.694157421588898 443.9654523730278
leaf_count=883 1651 550 856 1498 12900 333 1018 400 11132 86 1076
internal_value=6.93126e-06 2.86959e-05 -6.8144e-05 0.000118131 0.000200492 0.000404168 -5.94229e-05 -0.000112561 -6.33665e-05 0.000793978 -0.000411815
internal_weight=13759.7 12922.3 6206.56 6715.7 4585.88 519.577 2129.81 5686.98 4904.9 195.055 782.079
internal_count=32383 30732 14766 15966 13450 1216 2516 13550 11618 486 1932
is_linear=0
shrinkage=0.025


Tree=94
num_leaves=12
num_cat=0
split_feature=6 5 1 1 0 6 3 0 0 3 12
split_gain=0.155466 0.160873 0.195247 0.43723 0.240967 0.296075 0.215345 0.206699 0.223884 0.14286 0.135085
threshold=26.050000000000004 5.6101237220163602 4.5000000000000009 2.5000000000000004 25.500000000000004 4.6500000000000012 244.50000000000003 27.000000000000004 11.500000000000002 210.50000000000003 8.4500000000000011
decision_type=2 2 2 2 2 2 2 2 2 2 2
left_child=1 2 3 7 5 -4 -6 8 -1 -2 -3
right_child=9 10 4 -5 6 -7 -8 -9 -10 -11 -12
leaf_value=0.00062808278266169898 0.00023317730936933155 -0.00016275513266811336 0.0016821985774626619 -0.00070591239363137375 0.00044642206499142151 0.00039095972559182677 -0.00037800214641277947 0.0012057759988027342 -0.00024175170083969873 0.0013552297483173201 2.1258996094987511e-05
leaf_weight=276.74794383347034 466.56228041648865 4383.4308583289385 110.32288709282875 443.9654523730278 327.52983772754669 932.28408281505108 440.39079719781876 100.61867147684097 472.24048221111298 66.705140829086304 5738.87032148242
leaf_count=653 1721 9861 221 1076 1171 2228 598 268 1123 162 13301
internal_value=6.86953e-06 -1.02896e-05 0.000146587 -8.73173e-05 0.000312833 0.000556682 -2.39665e-05 0.000244733 8.76246e-05 0.000417449 -5.85916e-05
internal_weight=13759.7 13226.4 3104.1 1293.57 1810.53 1042.61 767.921 849.607 748.988 533.267 10122.3
internal_count=32383 30500 7338 3120 4218 2449 1769 2044 1776 1883 23162
is_linear=0
shrinkage=0.025


Tree=95
num_leaves=12
num_cat=0
split_feature=14 13 1 1 0 0 2 7 3 3 3
split_gain=0.151305 0.176572 0.143191 0.214638 0.203049 0.242389 0.182076 0.195142 0.181077 0.168224 0.150457
threshold=1.0000000180025095e-35 1.0000000180025095e-35 11.500000000000002 2.5000000000000004 27.000000000000004 11.500000000000002 3.5000000000000004 25.950000000000003 206.50000000000003 278.50000000000006 164.50000000000003
decision_type=2 2 2 2 2 2 2 2 2 2 2
left_child=1 2 3 4 5 -1 9 10 -9 -4 -8
right_child=-2 -3 6 -5 -6 -7 7 8 -10 -11 -12
leaf_value=0.00068811522230024515 0.00076961234445591966 0.00051503926406434061 5.4908256194412415e-05 -0.0001760943113676456 0.0012878141487743316 -0.00023253566241165512 0.00072368470174032193 0.00020389677736076261 0.001798597007201094 -0.00027122132000789896 9.2353790599535046e-05
leaf_weight=262.41086579859257 140.64795181155205 380.50756934285164 3217.1383979916573 4838.6064499914646 84.847455650568008 468.82139611244202 241.1423205435276 99.55133044719696 70.095338463783264 1403.8736743927002 2552.0260052382946
leaf_count=605 882 1115 8952 11112 215 1090 1446 350 161 1620 4835
internal_value=6.86016e-06 -2.13401e-06 -1.77533e-05 -0.000112761 0.000257974 0.000107374 5.31973e-05 0.000205491 0.000982993 -4.49125e-05 0.000151616
internal_weight=13759.7 13619 13238.5 5654.69 816.08 731.232 7583.83 2962.81 169.647 4621.01 2793.17
internal_count=32383 31501 30386 13022 1910 1695 17364 6792 511 10572 6281
is_linear=0
shrinkage=0.025


Tree=96
num_leaves=12
num_cat=0
split_feature=5 5 13 0 0 0 1 3 1 3 0
split_gain=0.149098 0.148105 0.13184 0.337998 0.176862 0.305233 0.823821 2.05407 0.251329 0.190777 0.492251
threshold=6.7829561654240722 1.0522426454215306 1.0000000180025095e-35 27.000000000000004 25.500000000000004 21.000000000000004 6.5000000000000009 256.50000000000006 10.500000000000002 150.50000000000003 14.500000000000002
decision_type=2 2 2 2 2 2 2 2 2 2 2
left_child=1 -1 4 -4 5 9 7 -7 -8 10 -3
right_child=-2 2 3 -5 -6 6 8 -9 -10 -11 -12
leaf_value=-0.00055473511128684659 -8.0447956414318928e-05 -1.7513145518336696e-05 -0.00029658684595995231 0.0016223394226573898 -6.9489557383486708e-05 -0.00069091825470624449 -0.00036275057565338499 0.0044895710854441226 0.00043813698713537842 -3.5474913248581243e-05 0.0026693652857451844
leaf_weight=200.4234836101532 6461.0348188430071 147.91674448549747 101.5573785007 97.939197778701782 2779.9967947751284 83.443054586648941 304.32152372598648 79.255033910274506 1012.8929742127657 2451.1711641997099 39.716587156057358
leaf_count=384 14859 970 321 241 6739 272 727 104 2392 5112 262
internal_value=6.88656e-06 8.42071e-05 0.000103756 0.00070746 8.43036e-05 0.000187943 0.000472723 0.00204787 0.000250447 2.58763e-05 0.000753562
internal_weight=13759.7 7298.63 7098.21 199.497 6898.71 4118.72 1479.91 162.698 1317.21 2638.8 187.633
internal_count=32383 17524 17140 562 16578 9839 3495 376 3119 6344 1232
is_linear=0
shrinkage=0.025


Tree=97
num_leaves=12
num_cat=0
split_feature=0 0 3 3 4 0 0 0 0 1 0
split_gain=0.146926 0.308868 0.24556 0.221803 0.56458 0.388825 1.33633 0.277798 0.47996 0.769036 0.490223
threshold=4.0000000000000009 9.0000000000000018 271.50000000000006 151.50000000000003 1.0000000180025095e-35 14.500000000000002 21.000000000000004 21.000000000000004 25.500000000000004 6.5000000000000009 27.000000000000004
decision_type=2 2 2 2 2 2 2 2 2 2 2
left_child=-1 2 -2 4 -3 -6 -7 -5 9 -9 -10
right_child=1 3 -4 7 5 6 -8 8 10 -11 -12
leaf_value=-0.000216542516461983 0.0006737820524368919 -0.00015549291222024647 -5.8724828843899048e-05 -0.00017629619109363836 -5.1162004547935442e-05 0.0047965198300621206 0.0003683800955532518 0.0019946459834039735 -0.00039645785286388869 0.00025290908444867294 0.00016057013467426985
leaf_weight=1602.1749557703733 775.21811971068382 419.98121620714664 442.01709115505219 4694.7652038633823 92.391547471284866 46.336477905511856 129.56558774411678 163.18495465815067 1571.9828326404095 1240.4542623907328 2581.596506267786
leaf_count=3776 2243 2661 527 9789 614 308 862 335 3303 2584 5381
internal_value=6.97244e-06 3.67356e-05 0.000411136 -5.59512e-06 0.000422318 0.00127485 0.00190545 -3.50897e-05 8.44066e-05 0.000480578 -5.11349e-05
internal_weight=13759.7 12157.5 1217.24 10940.3 688.275 268.294 175.902 10252 5557.22 1403.64 4153.58
internal_count=32383 28607 2770 25837 4445 1784 1170 21392 11603 2919 8684
is_linear=0
shrinkage=0.025


Tree=98
num_leaves=12
num_cat=0
split_feature=7 3 14 1 1 5 0 5 12 0 0
split_gain=0.144731 0.362023 0.147705 0.131514 0.158568 0.148268 0.135491 0.115288 0.106833 0.103404 0.160528
threshold=25.250000000000004 213.50000000000003 1.0000000180025095e-35 1.0000000180025095e-35 12.500000000000002 3.3909250640928472 25.500000000000004 7.9731410727309457 10.950000000000001 9.0000000000000018 4.0000000000000009
decision_type=2 2 2 2 2 2 2 2 2 2 2
left_child=2 9 3 6 -5 -6 -1 -7 -4 10 -2
right_child=1 -3 8 4 5 7 -8 -9 -10 -11 -12
leaf_value=0.00010089118715810079 -0.00010231880604014197 0.0018336331316055735 0.0012258806472776008 -0.00013328061760707708 0.00080301215226789152 5.6544619470788162e-05 0.00099238758204401862 -0.00034685440387568361 -8.8549420930355183e-05 -3.4530322384472657e-05 0.0014919036911035498
leaf_weight=365.72137603163719 74.243358537554741 70.197628855705261 82.774205461144447 5772.7570925205946 137.73964363336563 6041.351965546608 133.56856933236122 457.78506465256214 57.8737463504076 506.77235823869705 58.88374662399292
leaf_count=826 245 149 499 13212 298 13751 308 853 383 1669 190
internal_value=7.0591e-06 0.000349603 -1.2087e-05 -2.14299e-05 -3.76826e-05 4.56193e-05 0.000368417 2.71531e-05 0.000741331 0.000136164 0.000705584
internal_weight=13759.7 710.097 13049.6 12908.9 12409.6 6636.88 499.29 6499.14 140.648 639.899 133.127
internal_count=32383 2253 30130 29248 28114 14902 1134 14604 882 2104 435
is_linear=0
shrinkage=0.025


Tree=99
num_leaves=12
num_cat=0
split_feature=6 14 3 5 5 13 0 0 3 1 1
split_gain=0.140103 0.140756 0.130832 0.130658 0.165358 0.175907 0.146045 0.491123 1.16848 0.279474 0.211514
threshold=26.050000000000004 1.0000000180025095e-35 210.50000000000003 5.6101237220163602 1.0522426454215306 1.0000000180025095e-35 25.500000000000004 21.000000000000004 274.50000000000006 10.500000000000002 1.0000000180025095e-35
decision_type=2 2 2 2 2 2 2 2 2 2 2
left_child=1 3 -2 4 -1 6 7 -6 9 -9 -8
right_child=2 -3 -4 -5 5 -7 10 8 -10 -11 -12
leaf_value=-0.00054021340879011038 0.00022064500172762997 0.00072633711980031026 0.0012941649939301704 -6.1823023090443424e-05 3.8802964173315769e-06 0.0011938717353100385 0.00077990928842153803 -0.00057897365666280463 0.0026559474880144388 0.00074385511245982896 -0.00024433700137704997
leaf_weight=198.65453058481216 466.56228041648865 140.64795181155205 66.705140829086304 10028.432408630848 1261.4118123352528 82.28229646384716 126.71710923314095 173.61793687939644 145.05368441343307 186.59871092438698 882.98489326238632
leaf_count=373 1721 882 162 22576 2903 239 291 469 171 512 2084
internal_value=7.09303e-06 -9.19711e-06 0.000396857 -1.81991e-05 0.000124365 0.00017398 0.000135432 0.000271411 0.000913727 0.000109358 -0.000103143
internal_weight=13759.7 13226.4 533.267 13085.8 3057.32 2858.67 2776.38 1766.68 505.27 360.217 1009.7
internal_count=32383 30500 1883 29618 7042 6669 6430 4055 1152 981 2375
is_linear=0
shrinkage=0.025


Tree=100
num_leaves=12
num_cat=0
split_feature=0 0 3 3 3 3 4 0 0 0 0
split_gain=0.139259 0.292522 0.230642 0.216493 0.500997 0.211978 0.537384 0.374938 1.29281 0.257482 0.443554
threshold=4.0000000000000009 9.0000000000000018 271.50000000000006 180.50000000000003 201.50000000000003 151.50000000000003 1.0000000180025095e-35 14.500000000000002 21.000000000000004 21.000000000000004 25.500000000000004
decision_type=2 2 2 2 2 2 2 2 2 2 2
left_child=-1 2 3 -2 -5 6 -3 -8 -9 -7 -11
right_child=1 5 -4 4 -6 9 7 8 -10 10 -12
leaf_value=-0.00021046524627719627 -0.0001709232675047564 -0.00015052516777425351 -5.4971623188627085e-05 0.0023757928574360061 0.00051093520906300932 -0.0001698596035467857 -5.5941778182326512e-05 0.0047075980731654402 0.00035384290529138856 0.00046197958145616788 -4.9169607541314549e-05
leaf_weight=1602.1749557703733 152.66371291875839 419.98121620714664 442.01709115505219 93.611100733280182 528.94330605864525 4694.7652038633823 92.391547471284866 46.336477905511856 129.56558774411678 1403.6392170488834 4153.5793389081955
leaf_count=3776 814 2661 527 330 1099 9789 614 308 862 2919 8684
internal_value=7.14043e-06 3.61162e-05 0.000400474 0.000655014 0.000856567 -5.07986e-06 0.000413247 0.00124498 0.00186424 -3.39145e-05 8.11299e-05
internal_weight=13759.7 12157.5 1217.24 775.218 622.554 10940.3 688.275 268.294 175.902 10252 5557.22
internal_count=32383 28607 2770 2243 1429 25837 4445 1784 1170 21392 11603
is_linear=0
shrinkage=0.025


Tree=101
num_leaves=12
num_cat=0
split_feature=7 3 3 4 0 0 0 11 8 0 0
split_gain=0.133007 0.337287 0.138655 0.493747 0.461476 1.24911 0.201107 0.275536 0.185081 0.159502 0.277313
threshold=25.350000000000005 213.50000000000003 151.50000000000003 1.0000000180025095e-35 14.500000000000002 21.000000000000004 39.000000000000007 53.500000000000007 1.0500000000000003 11.500000000000002 21.000000000000004
decision_type=2 2 2 2 2 2 2 2 2 2 2
left_child=2 -2 3 -1 -5 -6 8 -8 9 -4 -11
right_child=1 -3 6 4 5 -7 7 -9 -10 10 -12
leaf_value=-0.00016412971598653896 0.00013564793467142719 0.0018252977762498017 5.0134515126299192e-05 -6.7031587932564276e-05 0.0046253908781291103 0.00034617974416485708 0.0008433639443070558 5.3873271414105672e-06 0.00059774363216571992 -0.00033225641733476924 -1.5902346442431256e-05
leaf_weight=542.13315838575363 623.24403131008148 64.427005290985107 3832.4312390685081 133.18729144334793 46.336477905511856 129.56558774411678 352.47297266125679 718.71018594503403 238.26338820159435 2983.4305142462254 4095.4669035822153
leaf_count=3435 2047 140 7688 885 308 862 819 1335 580 6012 8272
internal_value=7.23581e-06 0.000341061 -1.08197e-05 0.000293929 0.0010585 0.00183055 -3.24922e-05 0.000291528 -6.40882e-05 -7.96074e-05 -0.000149792
internal_weight=13759.7 687.671 13072 851.223 309.089 175.902 12220.8 1071.18 11149.6 10911.3 7078.9
internal_count=32383 2187 30196 5490 2055 1170 24706 2154 22552 21972 14284
is_linear=0
shrinkage=0.025


Tree=102
num_leaves=12
num_cat=0
split_feature=0 0 3 3 3 3 4 0 0 0 0
split_gain=0.134905 0.276616 0.220555 0.205945 0.481395 0.197757 0.498115 0.348328 1.20687 0.233276 0.424852
threshold=4.0000000000000009 9.0000000000000018 271.50000000000006 180.50000000000003 201.50000000000003 151.50000000000003 1.0000000180025095e-35 14.500000000000002 21.000000000000004 21.000000000000004 25.500000000000004
decision_type=2 2 2 2 2 2 2 2 2 2 2
left_child=-1 2 3 -2 -5 6 -3 -8 -9 -7 -11
right_child=1 5 -4 4 -6 9 7 8 -10 10 -12
leaf_value=-0.00020683828338370074 -0.00016650030151379826 -0.00014301637534108874 -5.5145247498673108e-05 0.0023246847838858053 0.00049704865753691699 -0.00016145250309474587 -5.3414500542481677e-05 0.0045446192077645605 0.00033868253865607426 0.00045018466929776463 -5.0067104848499105e-05
leaf_weight=1602.1749557703733 152.66371291875839 419.98121620714664 442.01709115505219 93.611100733280182 528.94330605864525 4694.7652038633823 92.391547471284866 46.336477905511856 129.56558774411678 1403.6392170488834 4153.5793389081955
leaf_count=3776 814 2661 527 330 1099 9789 614 308 862 2919 8684
internal_value=7.33975e-06 3.58585e-05 0.000390172 0.000639086 0.000835667 -4.20316e-06 0.000399847 0.0012006 0.00179748 -3.20551e-05 7.74475e-05
internal_weight=13759.7 12157.5 1217.24 775.218 622.554 10940.3 688.275 268.294 175.902 10252 5557.22
internal_count=32383 28607 2770 2243 1429 25837 4445 1784 1170 21392 11603
is_linear=0
shrinkage=0.025


Tree=103
num_leaves=12
num_cat=0
split_feature=1 1 3 2 5 0 0 3 1 5 3
split_gain=0.128987 0.182746 0.142965 0.160925 0.150526 0.136775 0.120693 0.20702 0.107619 0.233195 0.806682
threshold=12.500000000000002 1.0000000180025095e-35 273.50000000000006 3.5000000000000004 4.7627887594731648 25.500000000000004 39.000000000000007 180.50000000000003 4.5000000000000009 5.1509068179788846 277.50000000000006
decision_type=2 2 2 2 2 2 2 2 2 2 2
left_child=1 5 4 -4 -2 -1 -6 -8 -3 10 -10
right_child=2 8 3 -5 6 -7 7 -9 9 -11 -12
leaf_value=0.00010457433039398145 0.00082020674973910454 -0.00038190616343418589 -0.00024387224886336168 0.0001744227676773706 8.7474421100651483e-05 0.00098337260657534696 -0.00053893643872104707 0.00079836231617917198 -0.00019577976786356441 -0.00012931416054120143 0.0018104488342451817
leaf_weight=379.97874739766121 185.97272616624832 782.07901380956173 1431.9812523722649 933.45872032642365 4263.9076204746962 139.59795808792114 76.331856459379196 326.23294615745544 416.08190536499023 4666.8071895688772 157.23881959915161
leaf_count=883 550 1932 1683 1111 12453 333 407 736 1203 10910 182
internal_value=7.42182e-06 -7.28631e-05 8.01867e-05 -7.87247e-05 0.000157657 0.000368385 0.000127865 0.000531286 -0.000112026 -7.04479e-05 0.000396928
internal_weight=13759.7 6541.78 7217.89 2365.44 4852.45 519.577 4666.47 402.565 6022.21 5240.13 573.321
internal_count=32383 15443 16940 2794 14146 1216 13596 1143 14227 12295 1385
is_linear=0
shrinkage=0.025


Tree=104
num_leaves=12
num_cat=0
split_feature=0 0 3 3 3 3 4 0 0 0 11
split_gain=0.129053 0.26678 0.212468 0.572055 0.212502 0.191837 0.478856 0.335351 1.16697 0.2185 0.258223
threshold=4.0000000000000009 9.0000000000000018 211.50000000000003 180.50000000000003 194.50000000000003 151.50000000000003 1.0000000180025095e-35 14.500000000000002 21.000000000000004 39.000000000000007 50.500000000000007
decision_type=2 2 2 2 2 2 2 2 2 2 2
left_child=-1 2 3 -2 -5 6 -3 -8 -9 -7 -11
right_child=1 5 -4 4 -6 9 7 8 -10 10 -12
leaf_value=-0.00020212566873595945 -0.00016208494870713361 -0.00013847778284299973 0.0001829148912447327 0.0029260635987094241 0.0008653887857614066 -7.22997374720442e-05 -5.1627591995508257e-05 0.0044658982432754886 0.00033056018330092748 0.00080854493473005726 2.0204501779293539e-05
leaf_weight=1602.1749557703733 152.66371291875839 419.98121620714664 911.67474383115768 59.951476395130157 92.945277720689774 9123.1423878371716 92.391547471284866 46.336477905511856 129.56558774411678 377.79036802053452 751.0510039627552
leaf_count=3776 814 2661 1451 220 285 19052 614 308 862 912 1428
internal_value=7.35562e-06 3.52487e-05 0.000383206 0.000932848 0.0019184 -4.09429e-06 0.000393862 0.00117897 0.00176462 -3.15262e-05 0.000293522
internal_weight=13759.7 12157.5 1217.24 305.56 152.897 10940.3 688.275 268.294 175.902 10252 1128.84
internal_count=32383 28607 2770 1319 505 25837 4445 1784 1170 21392 2340
is_linear=0
shrinkage=0.025


Tree=105
num_leaves=12
num_cat=0
split_feature=6 3 5 5 0 3 1 3 5 6 1
split_gain=0.124253 0.124855 0.123802 0.174221 0.252207 0.204951 0.157277 0.172123 0.1926 0.153157 0.142101
threshold=26.050000000000004 210.50000000000003 5.6101237220163602 1.8901881706909898 39.000000000000007 277.50000000000006 5.5000000000000009 275.50000000000006 5.0384778491657878 4.6500000000000012 2.5000000000000004
decision_type=2 2 2 2 2 2 2 2 2 2 2
left_child=2 -2 3 5 6 -1 7 8 10 -8 -5
right_child=1 -3 -4 4 -6 -7 9 -9 -10 -11 -12
leaf_value=-0.00053089082542858226 0.00020305944192026612 0.0012505184483640134 -5.0219395780285154e-05 0.00031473981335104366 0.0010548631476907551 0.00047813495270717277 0.0012186255547772459 -0.00053351828836172563 0.0010797091446021114 0.00024412351007940038 -0.00038879087169421699
leaf_weight=427.88891063630581 466.56228041648865 66.705140829086304 10122.301179811358 350.60213369131088 188.14058263599873 157.31888955831528 93.261947959661484 329.36582434177399 94.827248215675354 1134.723499044776 327.97111864387989
leaf_count=1220 1721 162 23162 1023 413 182 202 385 272 2683 958
internal_value=7.49732e-06 0.000374552 -7.84491e-06 0.000129773 0.000219947 -0.000252802 0.00014415 -7.21947e-05 0.000132764 0.000336478 -2.66898e-05
internal_weight=13759.7 533.267 13226.4 3104.1 2518.89 585.208 2330.75 1102.77 773.401 1227.99 678.573
internal_count=32383 1883 30500 7338 5936 1402 5523 2638 2253 2885 1981
is_linear=0
shrinkage=0.025


Tree=106
num_leaves=12
num_cat=0
split_feature=0 0 3 3 3 1 3 4 0 0 0
split_gain=0.122125 0.254798 0.204776 0.189967 0.443059 0.186338 0.184925 0.460267 0.322833 1.12853 0.210333
threshold=4.0000000000000009 9.0000000000000018 271.50000000000006 180.50000000000003 197.50000000000003 16.500000000000004 151.50000000000003 1.0000000180025095e-35 14.500000000000002 21.000000000000004 21.000000000000004
decision_type=2 2 2 2 2 2 2 2 2 2 2
left_child=-1 2 3 -2 -5 -6 7 -3 -9 -10 -8
right_child=1 6 -4 4 5 -7 10 8 9 -11 -12
leaf_value=-0.00019631413262061236 -0.00015927102842840164 -0.00013506268879528093 -5.4385551597660446e-05 0.0023482348549488039 0.00080429038808397212 -0.00016539306568700868 -0.00015365116172974769 -5.0796113798042881e-05 0.0043875177405475335 0.00032155202348084603 7.3197010581189188e-05
leaf_weight=1602.1749557703733 152.66371291875839 419.98121620714664 442.01709115505219 79.831112563610077 369.93616843223572 172.78712579607964 4694.7652038633823 92.391547471284866 46.336477905511856 129.56558774411678 5557.2185559570789
leaf_count=3776 814 2661 527 286 779 364 9789 614 308 862 11603
internal_value=7.46738e-06 3.4601e-05 0.000374655 0.000614502 0.000803299 0.000500666 -3.84863e-06 0.000386872 0.00115659 0.0017312 -3.07821e-05
internal_weight=13759.7 12157.5 1217.24 775.218 622.554 542.723 10940.3 688.275 268.294 175.902 10252
internal_count=32383 28607 2770 2243 1429 1143 25837 4445 1784 1170 21392
is_linear=0
shrinkage=0.025


Tree=107
num_leaves=12
num_cat=0
split_feature=1 1 3 2 5 0 0 3 7 0 5
split_gain=0.121528 0.170667 0.132468 0.154374 0.142765 0.127061 0.10854 0.195374 0.100562 0.154083 0.201285
threshold=12.500000000000002 1.0000000180025095e-35 273.50000000000006 3.5000000000000004 4.7627887594731648 25.500000000000004 39.000000000000007 180.50000000000003 1.9500000000000002 21.000000000000004 4.9918203575237543
decision_type=2 2 2 2 2 2 2 2 2 2 2
left_child=1 5 4 -4 -2 -1 -6 -8 9 -3 -11
right_child=2 8 3 -5 6 -7 7 -9 -10 10 -12
leaf_value=0.00010169806304565832 0.00079796379542449553 -0.00014620547579874941 -0.00023657166047314472 0.0001731066999403834 8.5408688528939937e-05 0.00094878434785294072 -0.00053215565555224625 0.00076600406430908663 -0.00014874134197273331 0.0012993344841806505 7.7226291226259629e-05
leaf_weight=379.97874739766121 185.97272616624832 472.00811550021172 1431.9812523722649 933.45872032642365 4263.9076204746962 139.59795808792114 76.331856459379196 326.23294615745544 5204.1508150845766 115.14050509035587 230.9074926674366
leaf_count=883 550 792 1683 1111 12453 333 407 736 12858 220 357
internal_value=7.53541e-06 -7.03941e-05 7.81646e-05 -7.4807e-05 0.000152735 0.000356022 0.000123725 0.000506318 -0.000108241 0.00014681 0.000532633
internal_weight=13759.7 6541.78 7217.89 2365.44 4852.45 519.577 4666.47 402.565 6022.21 818.056 346.048
internal_count=32383 15443 16940 2794 14146 1216 13596 1143 14227 1369 577
is_linear=0
shrinkage=0.025


Tree=108
num_leaves=12
num_cat=0
split_feature=6 8 3 3 4 0 0 0 11 0 0
split_gain=0.116582 0.122893 0.12103 0.114738 0.39158 0.359077 0.984573 0.189104 0.258283 0.156898 0.25056
threshold=26.050000000000004 1.5500000000000003 210.50000000000003 151.50000000000003 1.0000000180025095e-35 14.500000000000002 21.000000000000004 39.000000000000007 50.500000000000007 11.500000000000002 4.0000000000000009
decision_type=2 2 2 2 2 2 2 2 2 2 2
left_child=1 3 -2 4 -1 -6 -7 9 -9 10 -5
right_child=2 -3 -4 7 5 6 -8 8 -10 -11 -12
leaf_value=-0.00015269651101743411 0.0001944435767830724 0.00063991276988324859 0.001225196676859476 -0.00020149164462831821 -5.7101050060437127e-05 0.0042249962306093371 0.00029813328460099198 0.00081485772216513628 3.4617659371394073e-06 -0.00013443523553513463 0.0002109185012428207
leaf_weight=497.70492924749851 466.56228041648865 160.81831304728985 66.705140829086304 1428.1800479739904 122.33731631934643 42.719819530844688 119.0769425034523 351.02359379827976 723.49215734004974 7269.7434860318899 2511.3047287464142
leaf_count=3178 1721 485 162 2897 816 285 795 826 1347 14794 5077
internal_value=7.46263e-06 -7.39878e-06 0.000363007 -1.63321e-05 0.000273465 0.000980906 0.0016857 -3.51918e-05 0.000278575 -6.5712e-05 6.1145e-05
internal_weight=13759.7 13226.4 533.267 13065.6 781.839 284.134 161.797 12283.7 1074.52 11209.2 3939.48
internal_count=32383 30500 1883 30015 5074 1896 1080 24941 2173 22768 7974
is_linear=0
shrinkage=0.025


Tree=109
num_leaves=12
num_cat=0
split_feature=1 1 5 7 0 1 5 6 1 0 13
split_gain=0.115008 0.16248 0.131205 0.17697 0.121255 0.101394 0.22148 0.534397 0.146071 0.328357 0.136958
threshold=12.500000000000002 1.0000000180025095e-35 6.3060822227194304 9.2500000000000018 25.500000000000004 4.5000000000000009 3.9118354293723496 10.15 2.5000000000000004 11.500000000000002 1.0000000180025095e-35
decision_type=2 2 2 2 2 2 2 2 2 2 2
left_child=1 4 3 -2 -1 8 7 -7 9 -3 -8
right_child=2 5 -4 -5 -6 6 10 -9 -10 -11 -12
leaf_value=9.9335559346930681e-05 -6.4098751696480284e-05 0.0012492380054009156 4.702028239806338e-07 0.00038183767872416725 0.00092684112642692294 0.0020757579007074211 -0.00011799436655905276 -0.00056615801927319381 -0.00065517626385982802 -0.00041829251174358605 0.00061877945719344073
leaf_weight=379.97874739766121 849.00180216133595 80.544514924287796 4803.7717140465975 1565.1116057485342 139.59795808792114 76.559001341462135 4938.7394935488701 81.609942227602005 443.9654523730278 257.56904651224613 143.21947741508484
leaf_count=883 1387 201 11159 4394 333 141 11482 248 1076 655 424
internal_value=7.53246e-06 -6.82782e-05 7.62407e-05 0.000225771 0.00034778 -0.000105207 -6.48655e-05 0.00080208 -0.000367146 2.6525e-05 -9.48864e-05
internal_weight=13759.7 6541.78 7217.89 2414.11 519.577 6022.21 5240.13 158.169 782.079 338.114 5081.96
internal_count=32383 15443 16940 5781 1216 14227 12295 389 1932 856 11906
is_linear=0
shrinkage=0.025


Tree=110
num_leaves=12
num_cat=0
split_feature=5 0 0 3 3 5 3 4 0 0 3
split_gain=0.112809 0.133949 0.20721 0.197844 0.525635 0.207669 0.13228 0.378463 0.266972 0.986024 0.154061
threshold=7.9549388348688348 4.0000000000000009 9.0000000000000018 211.50000000000003 180.50000000000003 6.9762286039679982 145.50000000000003 1.0000000180025095e-35 21.000000000000004 14.500000000000002 234.50000000000003
decision_type=2 2 2 2 2 2 2 2 2 2 2
left_child=1 -1 3 4 -3 -6 7 -4 9 -9 -8
right_child=-2 2 6 -5 5 -7 10 8 -10 -11 -12
leaf_value=-0.00018668253722916296 -0.00027024829329184877 -0.00015744985960213715 -0.0001916969237265572 0.00016854309950458415 0.00056315322572722385 0.0025569028818908449 -0.00013351969421023961 5.9997860891420436e-06 0.00017029118772683851 0.0043236687946505443 7.3809302763128192e-05
leaf_weight=1602.1749557703733 837.41236637532711 152.66371291875839 292.41327042877674 911.67474383115768 68.112790554761887 84.783963561058044 3525.9119725525379 76.404214829206467 107.39729395508766 38.342811584472656 6062.3766594231129
leaf_count=3776 1651 814 1915 1451 224 281 11971 526 740 264 8770
internal_value=7.47225e-06 2.58594e-05 5.62175e-05 0.000361601 0.00089187 0.00183661 1.87819e-05 0.000401527 0.00113374 0.00187636 -2.55125e-06
internal_weight=13759.7 12922.3 11320.1 1217.24 305.56 152.897 10102.8 514.558 222.144 114.747 9588.29
internal_count=32383 30732 26956 2770 1319 505 24186 3445 1530 790 20741
is_linear=0
shrinkage=0.025


Tree=111
num_leaves=12
num_cat=0
split_feature=7 11 8 3 4 0 0 0 11 0 0
split_gain=0.109559 0.188446 0.11754 0.116393 0.393061 0.378617 1.06802 0.190907 0.247338 0.145019 0.228567
threshold=25.950000000000003 1.0000000180025095e-35 1.5500000000000003 151.50000000000003 1.0000000180025095e-35 14.500000000000002 21.000000000000004 39.000000000000007 73.500000000000014 11.500000000000002 21.000000000000004
decision_type=2 2 2 2 2 2 2 2 2 2 2
left_child=2 -2 3 4 -1 -6 -7 9 -9 -5 -11
right_child=1 -3 -4 7 5 6 -8 8 -10 10 -12
leaf_value=-0.00014264327807964519 0.0013354291966783092 0.00013513835745763392 0.00062554565530991823 5.5608010330735406e-05 -7.4278778115873163e-05 0.0042645635601933915 0.00027815456121993193 0.00074881340035940196 -2.2790254975582498e-05 -0.00029751148200846063 -1.2825262494304467e-05
leaf_weight=540.06665320694447 79.124563217163086 501.18740224838257 160.81831304728985 3905.0938904136419 129.90930019319057 45.243814155459404 126.64892637729645 407.33880513906479 658.77416606247425 3035.7707866132259 4169.6921351104975
leaf_count=3421 219 1623 485 7875 861 300 840 940 1208 6148 8463
internal_value=7.53664e-06 0.000337835 -7.49687e-06 -1.62644e-05 0.000264545 0.000956776 0.00166253 -3.60809e-05 0.000280383 -6.68964e-05 -0.000133259
internal_weight=13759.7 580.312 13179.4 13018.5 841.869 301.802 171.893 12176.7 1066.11 11110.6 7205.46
internal_count=32383 1842 30541 30056 5422 2001 1140 24634 2148 22486 14611
is_linear=0
shrinkage=0.025


Tree=112
num_leaves=12
num_cat=0
split_feature=1 1 5 7 0 1 5 3 1 0 3
split_gain=0.10872 0.154973 0.123823 0.16941 0.114985 0.0962561 0.212794 0.75745 0.139571 0.313048 0.110455
threshold=12.500000000000002 1.0000000180025095e-35 6.3060822227194304 9.2500000000000018 25.500000000000004 4.5000000000000009 5.1509068179788846 277.50000000000006 2.5000000000000004 11.500000000000002 274.50000000000006
decision_type=2 2 2 2 2 2 2 2 2 2 2
left_child=1 4 3 -2 -1 8 7 -7 9 -3 -8
right_child=2 5 -4 -5 -6 6 10 -9 -10 -11 -12
leaf_value=9.8195078425679394e-05 -6.392236035428324e-05 0.0012211370360188094 7.9206847011830931e-07 0.00037236342273443764 0.00090412991536111442 -0.00019073796870309621 -3.5247354974178757e-05 0.0017532746608464056 -0.00063894341561682633 -0.000407061948624338 -0.00029526666539207355
leaf_weight=379.97874739766121 849.00180216133595 80.544514924287796 4803.7717140465975 1565.1116057485342 139.59795808792114 416.08190536499023 3177.7200180143118 157.23881959915161 443.9654523730278 257.56904651224613 1489.0871715545654
leaf_count=883 1387 201 11159 4394 333 1203 9162 182 1076 655 1748
internal_value=7.59835e-06 -6.61111e-05 7.44015e-05 0.000219665 0.000340217 -0.000102178 -6.28736e-05 0.000383555 -0.000357392 2.734e-05 -0.00011912
internal_weight=13759.7 6541.78 7217.89 2414.11 519.577 6022.21 5240.13 573.321 782.079 338.114 4666.81
internal_count=32383 15443 16940 5781 1216 14227 12295 1385 1932 856 10910
is_linear=0
shrinkage=0.025


Tree=113
num_leaves=12
num_cat=0
split_feature=0 0 3 3 3 3 4 0 0 0 0
split_gain=0.10756 0.224273 0.190023 0.502876 0.208768 0.163675 0.397455 0.280805 0.994852 0.17624 0.40803
threshold=4.0000000000000009 9.0000000000000018 211.50000000000003 180.50000000000003 194.50000000000003 151.50000000000003 1.0000000180025095e-35 14.500000000000002 21.000000000000004 21.000000000000004 25.500000000000004
decision_type=2 2 2 2 2 2 2 2 2 2 2
left_child=-1 2 3 -2 -5 6 -3 -8 -9 -7 -11
right_child=1 5 -4 4 -6 9 7 8 -10 10 -12
leaf_value=-0.0001837377111414074 -0.00015462237984996348 -0.00012073612652977555 0.0001628648075991739 0.0027838024437439133 0.00077829665373577324 -0.00014091408834588932 -4.651791351883019e-05 0.0041094198301774914 0.00029350681874860973 0.00043203482370744766 -5.8187978871088723e-05
leaf_weight=1602.1749557703733 152.66371291875839 419.98121620714664 911.67474383115768 59.951476395130157 92.945277720689774 4694.7652038633823 92.391547471284866 46.336477905511856 129.56558774411678 1403.6392170488834 4153.5793389081955
leaf_count=3776 814 2661 1451 220 285 9789 614 308 862 2919 8684
internal_value=7.50704e-06 3.29706e-05 0.000352005 0.000871655 0.00179572 -3.10341e-06 0.000364482 0.00107971 0.00161562 -2.84431e-05 6.67375e-05
internal_weight=13759.7 12157.5 1217.24 305.56 152.897 10940.3 688.275 268.294 175.902 10252 5557.22
internal_count=32383 28607 2770 1319 505 25837 4445 1784 1170 21392 11603
is_linear=0
shrinkage=0.025


Tree=114
num_leaves=12
num_cat=0
split_feature=1 1 3 2 5 0 0 3 8 5 3
split_gain=0.102884 0.148274 0.115249 0.148389 0.134529 0.110238 0.0977755 0.182508 0.093663 0.107641 0.088984
threshold=12.500000000000002 1.0000000180025095e-35 273.50000000000006 3.5000000000000004 4.7627887594731648 25.500000000000004 39.000000000000007 180.50000000000003 0.55000000000000016 5.6465768424958567 237.50000000000003
decision_type=2 2 2 2 2 2 2 2 2 2 2
left_child=1 5 4 -4 -2 -1 -6 -8 10 -10 -3
right_child=2 8 3 -5 6 -7 7 -9 9 -11 -12
leaf_value=9.6358838470354455e-05 0.00076838082892279188 -0.00024228149350212665 -0.00022870864940033469 0.00017292895275597276 7.7667487210658021e-05 0.00088549805336057797 -0.00052509790439866802 0.00072839255653281117 0.00096513461239833937 6.4019405857026644e-06 -4.1231810745121902e-05
leaf_weight=379.97874739766121 185.97272616624832 2306.7134771496058 1431.9812523722649 933.45872032642365 4263.9076204746962 139.59795808792114 76.331856459379196 326.23294615745544 85.976329118013382 237.46994183957577 3392.0471802353859
leaf_count=883 550 8660 1683 1111 12453 333 407 736 172 527 4868
internal_value=7.60439e-06 -6.40999e-05 7.25897e-05 -7.00919e-05 0.000142145 0.000333345 0.000114015 0.00047711 -9.938e-05 0.000302608 -0.000123174
internal_weight=13759.7 6541.78 7217.89 2365.44 4852.45 519.577 4666.47 402.565 6022.21 323.446 5698.76
internal_count=32383 15443 16940 2794 14146 1216 13596 1143 14227 699 13528
is_linear=0
shrinkage=0.025


Tree=115
num_leaves=12
num_cat=0
split_feature=0 0 3 3 3 1 3 4 0 0 0
split_gain=0.102561 0.216032 0.184669 0.166439 0.457482 0.199888 0.1594 0.381807 0.27032 0.96177 0.171512
threshold=4.0000000000000009 9.0000000000000018 271.50000000000006 176.50000000000003 195.50000000000003 16.500000000000004 151.50000000000003 1.0000000180025095e-35 14.500000000000002 21.000000000000004 39.000000000000007
decision_type=2 2 2 2 2 2 2 2 2 2 2
left_child=-1 2 3 -2 -5 -6 7 -3 -9 -10 -8
right_child=1 6 -4 4 5 -7 10 8 9 -11 -12
leaf_value=-0.0001792367600388756 -0.00018056614373414888 -0.00011594850461690441 -6.1533022161679469e-05 0.0023341140868756156 0.00075901233641922894 -0.0002291653320384858 -6.4160372629438653e-05 -4.4521470774130104e-05 0.0040384580388322664 0.00028686401564085044 0.0002599480120739829
leaf_weight=1602.1749557703733 141.7514842748642 419.98121620714664 442.01709115505219 77.4167600274086 379.02247378230095 177.02740162611008 9123.1423878371716 92.391547471284866 46.336477905511856 129.56558774411678 1128.8413719832897
leaf_count=3776 770 2661 527 286 809 378 19052 614 308 862 2340
internal_value=7.51093e-06 3.23754e-05 0.000345494 0.000573284 0.000742338 0.000447376 -3.02961e-06 0.000359723 0.00106072 0.00158652 -2.80363e-05
internal_weight=13759.7 12157.5 1217.24 775.218 633.467 556.05 10940.3 688.275 268.294 175.902 10252
internal_count=32383 28607 2770 2243 1473 1187 25837 4445 1784 1170 21392
is_linear=0
shrinkage=0.025


Tree=116
num_leaves=12
num_cat=0
split_feature=6 3 8 5 5 13 12 0 0 3 1
split_gain=0.101134 0.116698 0.10982 0.103666 0.153558 0.147887 0.107536 0.0987578 0.285417 0.859082 0.187769
threshold=26.050000000000004 210.50000000000003 1.5500000000000003 5.6272971629801676 1.376014991901342 1.0000000180025095e-35 8.3500000000000032 25.500000000000004 21.000000000000004 277.50000000000006 10.500000000000002
decision_type=2 2 2 2 2 2 2 2 2 2 2
left_child=2 -2 3 4 -1 7 -5 8 -6 10 -10
right_child=1 -3 -4 6 5 -7 -8 -9 9 -11 -12
leaf_value=-0.00036682439440663314 0.00017406157679128405 0.0011846035916376948 0.00060563773494366291 -0.00014896355171382036 3.8532133091304609e-05 0.0011147196353835992 1.6950503964374798e-05 -6.4727912590466241e-05 -0.0004639475392501675 0.0023655319505440499 0.00059491414890929623
leaf_weight=353.64312762022018 466.56228041648865 66.705140829086304 160.81831304728985 4253.9479513466358 1219.1637176424265 80.977750018239021 5686.4509314149618 964.05506005883217 176.87622003257275 126.12146836519241 204.34679499268532
leaf_count=753 1721 162 485 9511 2886 238 13123 2300 497 146 561
internal_value=7.57001e-06 0.000338721 -6.2727e-06 -1.47186e-05 0.000110434 0.000173523 -5.42082e-05 0.000137179 0.000249372 0.000735348 0.000104996
internal_weight=13759.7 533.267 13226.4 13065.6 3125.18 2771.54 9940.4 2690.56 1726.51 507.344 381.223
internal_count=32383 1883 30500 30015 7381 6628 22634 6390 4090 1204 1058
is_linear=0
shrinkage=0.025


Tree=117
num_leaves=12
num_cat=0
split_feature=1 1 3 5 2 7 0 0 12 0 0
split_gain=0.0976212 0.147438 0.118381 0.133797 0.117737 0.114344 0.159463 0.202337 0.106924 0.105343 0.101485
threshold=11.500000000000002 1.0000000180025095e-35 273.50000000000006 6.0799047650907765 3.5000000000000004 1.9500000000000002 21.000000000000004 27.000000000000004 6.6500000000000012 25.500000000000004 4.0000000000000009
decision_type=2 2 2 2 2 2 2 2 2 2 2
left_child=1 9 3 8 -4 6 -3 -8 -2 -1 -5
right_child=2 5 4 10 -6 -7 7 -9 -10 -11 -12
leaf_value=9.3482874449742092e-05 -2.7874947214359622e-05 -0.00013725911209463271 -0.00020868032247495767 -0.00026756329554275434 0.00013417473842419194 -0.00015663335380781217 0.001132537235109589 -5.6349697279945153e-05 0.00048774689588774534 0.00086484981282045461 0.00010832278069487224
leaf_weight=379.97874739766121 337.57757976651192 458.09429268538952 1562.1613662242889 494.79726205766201 1018.3186039924622 4572.9981417357922 166.17794814705849 168.76517105102539 940.95269873738289 139.59795808792114 3520.248985901475
leaf_count=883 985 768 1836 1443 1212 11361 290 268 2751 333 10253
internal_value=7.56402e-06 -6.93245e-05 6.50658e-05 0.000132582 -7.33902e-05 -0.000108581 0.000165544 0.000564081 0.000353272 0.000325106 6.09036e-05
internal_weight=13759.7 5885.61 7874.06 5293.58 2580.48 5366.04 793.037 334.943 1278.53 519.577 4015.05
internal_count=32383 13903 18480 15432 3048 12687 1326 558 3736 1216 11696
is_linear=0
shrinkage=0.025


Tree=118
num_leaves=12
num_cat=0
split_feature=14 12 7 3 8 1 1 3 1 1 3
split_gain=0.0963899 0.112342 0.100961 0.331864 0.104654 0.0964929 0.104039 0.138499 0.148423 0.160906 0.411469
threshold=1.0000000180025095e-35 10.950000000000001 25.250000000000004 213.50000000000003 1.5500000000000003 1.0000000180025095e-35 11.500000000000002 241.50000000000003 8.5000000000000018 7.5000000000000009 272.50000000000006
decision_type=2 2 2 2 2 2 2 2 2 2 2
left_child=2 -2 4 -4 5 -1 7 -7 9 -9 -11
right_child=1 -3 3 -5 -6 6 -8 8 -10 10 -12
leaf_value=0.00031044388203683011 0.0011162041496412158 -0.00020185159128887229 8.3494846875958124e-05 0.0017064498304013333 0.00060120575577936449 -0.00027961949523416498 2.3352169330845863e-05 3.6221072194894737e-06 -0.0002392474972349186 0.0014713745318658891 -0.0001489493477716788
leaf_weight=497.4392736852169 82.774205461144447 57.8737463504076 639.89946340024471 70.197628855705261 149.54263107478619 2087.6562651693821 7162.566768720746 1511.0321950912476 1130.9803011417389 155.57591080665588 214.13036602735519
leaf_count=1122 499 383 2104 149 415 7510 16003 2111 1572 261 254
internal_value=7.44629e-06 0.000616242 2.6463e-07 0.000286285 -1.58874e-05 -2.40494e-05 -3.81025e-05 -0.000124176 -1.52914e-05 0.000120485 0.000573417
internal_weight=13759.7 140.648 13619 710.097 12908.9 12759.4 12261.9 5099.38 3011.72 1880.74 369.706
internal_count=32383 882 31501 2253 29248 28833 27711 11708 4198 2626 515
is_linear=0
shrinkage=0.025


Tree=119
num_leaves=12
num_cat=0
split_feature=5 0 0 3 3 5 3 4 0 0 3
split_gain=0.0957078 0.113741 0.182507 0.177053 0.466742 0.205817 0.11519 0.324919 0.241614 0.863877 0.148005
threshold=7.9549388348688348 4.0000000000000009 9.0000000000000018 211.50000000000003 180.50000000000003 6.9762286039679982 145.50000000000003 1.0000000180025095e-35 21.000000000000004 14.500000000000002 234.50000000000003
decision_type=2 2 2 2 2 2 2 2 2 2 2
left_child=1 -1 3 4 -3 -6 7 -4 9 -9 -8
right_child=-2 2 6 -5 5 -7 10 8 -10 -11 -12
leaf_value=-0.00017149943146717317 -0.00024838511095726052 -0.00014827925999064598 -0.00017542365485229006 0.0001563834718027048 0.00049108089972961803 0.0024428582745725669 -0.00013107655044644357 7.6717517039483989e-06 0.00014065104055063034 0.0040496086284048972 7.2136910167046252e-05
leaf_weight=1602.1749557703733 837.41236637532711 152.66371291875839 292.41327042877674 911.67474383115768 68.112790554761887 84.783963561058044 3525.9119725525379 76.404214829206467 107.39729395508766 38.342811584472656 6062.3766594231129
leaf_count=3776 1651 814 1915 1451 224 281 11971 526 740 264 8770
internal_value=7.42147e-06 2.43569e-05 5.23308e-05 0.000338932 0.000840521 0.00173076 1.71984e-05 0.000374364 0.00105278 0.00175889 -2.70829e-06
internal_weight=13759.7 12922.3 11320.1 1217.24 305.56 152.897 10102.8 514.558 222.144 114.747 9588.29
internal_count=32383 30732 26956 2770 1319 505 24186 3445 1530 790 20741
is_linear=0
shrinkage=0.025


Tree=120
num_leaves=12
num_cat=0
split_feature=5 5 13 0 0 3 1 1 0 1 5
split_gain=0.0929548 0.140443 0.155503 0.149667 0.378627 1.04187 0.252009 0.147343 0.119723 0.144202 0.125174
threshold=1.0522426454215306 5.6101237220163602 1.0000000180025095e-35 25.500000000000004 21.000000000000004 274.50000000000006 10.500000000000002 1.0000000180025095e-35 11.500000000000002 2.5000000000000004 5.2393670515679691
decision_type=2 2 2 2 2 2 2 2 2 2 2
left_child=-1 2 3 4 8 6 -6 -5 9 -2 -11
right_child=1 -3 -4 7 5 -7 -8 -9 -10 10 -12
leaf_value=-0.00050181726380780708 0.00070013266173767194 -2.6573351793860743e-05 0.0011042099684748744 0.00062340132728943979 -0.00054926157929304604 0.0024789943059949512 0.0006788665332109747 -0.00022296669118368457 -0.00025638087789778133 -0.00031565716090002898 0.00044490146827044709
leaf_weight=200.4234836101532 247.79655776917934 10630.173778072 87.324098572134972 129.78663149476051 181.06012961268425 145.05368441343307 197.75326311588287 902.76153728365898 513.57588747143745 318.86222226917744 205.09748210012913
leaf_count=384 581 24959 259 307 513 171 561 2190 1233 767 458
internal_value=7.47127e-06 1.57272e-05 0.000168383 0.00013211 0.000268114 0.000821079 9.37551e-05 -0.000106758 3.36132e-05 0.000228195 -1.25342e-05
internal_weight=13759.7 13559.2 2929.07 2841.75 1809.2 523.867 378.813 1032.55 1285.33 771.756 523.96
internal_count=32383 31999 7040 6781 4284 1245 1074 2497 3039 1806 1225
is_linear=0
shrinkage=0.025


Tree=121
num_leaves=12
num_cat=0
split_feature=6 2 3 8 3 4 0 0 0 11 0
split_gain=0.0927221 0.113371 0.135952 0.0999868 0.0993307 0.313517 0.290638 0.812818 0.159391 0.232324 0.142297
threshold=26.050000000000004 4.5000000000000009 198.50000000000003 1.5500000000000003 151.50000000000003 1.0000000180025095e-35 14.500000000000002 21.000000000000004 39.000000000000007 49.500000000000007 11.500000000000002
decision_type=2 2 2 2 2 2 2 2 2 2 2
left_child=3 -2 -3 4 5 -1 -7 -8 10 -10 -6
right_child=1 2 -4 -5 8 6 7 -9 9 -11 -12
leaf_value=-0.00012594042163695845 9.1354892521809829e-05 0.00017874053214081149 0.0016903958813598058 0.00057805426795179838 6.1350186152775839e-05 -4.6031483408650091e-05 0.0038297238135197699 0.00026336355231784632 0.00076932663791032859 -2.0691308101396041e-06 -0.0001248998940146516
leaf_weight=497.70492924749851 393.30066403746605 87.450845420360565 52.515911787748337 160.81831304728985 3939.4847767204046 122.33731631934643 42.719819530844688 119.0769425034523 347.11926557123661 727.3964855670929 7269.7434860318899
leaf_count=3178 1393 364 126 485 7974 816 285 795 819 1354 14794
internal_value=7.43536e-06 0.000324515 0.000886349 -5.81944e-06 -1.38786e-05 0.000255756 0.000888672 0.00152273 -3.14282e-05 0.000256632 -5.94496e-05
internal_weight=13759.7 533.267 139.967 13226.4 13065.6 781.839 284.134 161.797 12283.7 1074.52 11209.2
internal_count=32383 1883 490 30500 30015 5074 1896 1080 24941 2173 22768
is_linear=0
shrinkage=0.025


Tree=122
num_leaves=12
num_cat=0
split_feature=5 5 8 0 0 13 0 0 1 1 0
split_gain=0.0908707 0.113246 0.105991 0.0945593 0.226146 0.0890962 0.375793 0.101746 0.107007 0.105797 0.0929249
threshold=6.7829561654240722 1.0522426454215306 0.35000000000000003 25.500000000000004 21.000000000000004 1.0000000180025095e-35 27.000000000000004 25.500000000000004 1.0000000180025095e-35 6.5000000000000009 21.000000000000004
decision_type=2 2 2 2 2 2 2 2 2 2 2
left_child=1 -1 5 4 -4 7 -7 10 -9 -10 -3
right_child=-2 2 3 -5 -6 6 -8 8 9 -11 -12
leaf_value=-0.00049076122333246497 -6.0674857188557577e-05 3.0786817461167557e-05 0.00013146536844307701 6.3657816952942155e-06 0.0015334326588971475 -0.00053941130870077496 0.0015426277657458803 0.00059062726551357308 -0.00043262662936556533 -3.1999630250244635e-05 0.00028626213047189519
leaf_weight=200.4234836101532 6461.0348188430071 2470.7095897942781 180.77263398468494 195.74050608277321 104.21714566648006 88.879650563001633 93.493272721767426 121.65486951172352 502.58537885546684 1964.4619653820992 1375.6954407691956
leaf_count=384 14859 5973 408 471 250 284 229 290 1306 4684 3245
internal_value=7.5094e-06 6.78696e-05 8.49776e-05 0.000435857 0.000711084 5.82513e-05 0.000574914 4.1873e-05 -7.89363e-05 -0.000116438 0.000123168
internal_weight=13759.7 7298.63 7098.21 480.73 284.99 6617.48 182.373 6435.11 2588.7 2467.05 3846.41
internal_count=32383 17524 17140 1129 658 16011 513 15498 6280 5990 9218
is_linear=0
shrinkage=0.025


Tree=123
num_leaves=12
num_cat=0
split_feature=0 0 3 3 3 3 4 0 0 0 11
split_gain=0.0901232 0.197846 0.170795 0.448161 0.19981 0.146804 0.34045 0.244335 0.87695 0.156088 0.209438
threshold=4.0000000000000009 9.0000000000000018 211.50000000000003 180.50000000000003 194.50000000000003 151.50000000000003 1.0000000180025095e-35 14.500000000000002 21.000000000000004 39.000000000000007 74.500000000000014
decision_type=2 2 2 2 2 2 2 2 2 2 2
left_child=-1 2 3 -2 -5 6 -3 -8 -9 -7 -11
right_child=1 5 -4 4 -6 9 7 8 -10 10 -12
leaf_value=-0.00016764440055354684 -0.00014586956848308184 -0.00010442202657409013 0.00015114396058309604 0.0026561649705850857 0.00071496781860954132 -6.1617841103884136e-05 -4.3630684504123786e-05 0.0038479060230829989 0.00026692092675231012 0.0006569691500269804 -2.9902700848311104e-05
leaf_weight=1602.1749557703733 152.66371291875839 419.98121620714664 911.67474383115768 59.951476395130157 92.945277720689774 9123.1423878371716 92.391547471284866 46.336477905511856 129.56558774411678 444.97094674408436 683.87042523920536
leaf_count=3776 814 2661 1451 220 285 19052 614 308 862 1060 1280
internal_value=7.41478e-06 3.07224e-05 0.000330371 0.000822981 0.00169533 -3.15919e-06 0.000344967 0.00100687 0.00150677 -2.7157e-05 0.000247575
internal_weight=13759.7 12157.5 1217.24 305.56 152.897 10940.3 688.275 268.294 175.902 10252 1128.84
internal_count=32383 28607 2770 1319 505 25837 4445 1784 1170 21392 2340
is_linear=0
shrinkage=0.025


Tree=124
num_leaves=12
num_cat=0
split_feature=6 2 3 8 3 4 0 0 0 11 3
split_gain=0.0874192 0.110214 0.131846 0.0944108 0.0930759 0.290655 0.26962 0.760354 0.145272 0.211781 0.139105
threshold=26.050000000000004 4.5000000000000009 198.50000000000003 1.5500000000000003 151.50000000000003 1.0000000180025095e-35 14.500000000000002 21.000000000000004 39.000000000000007 49.500000000000007 230.50000000000003
decision_type=2 2 2 2 2 2 2 2 2 2 2
left_child=3 -2 -3 4 5 -1 -7 -8 10 -10 -6
right_child=1 2 -4 -5 8 6 7 -9 9 -11 -12
leaf_value=-0.00011975466078329716 8.5744952900274635e-05 0.00017318398688985471 0.0016609759831622412 0.00056199853655741945 -0.00019391625687041256 -4.3239344088174929e-05 0.0036990862136814136 0.00025060766094121102 0.00073432918407290658 -2.1672217949119828e-06 -4.1080619083494055e-07
leaf_weight=497.70492924749851 393.30066403746605 87.450845420360565 52.515911787748337 160.81831304728985 3259.8956531584263 122.33731631934643 42.719819530844688 119.0769425034523 347.11926557123661 727.3964855670929 7949.3326095938683
leaf_count=3178 1393 364 126 485 11111 816 285 795 819 1354 11657
internal_value=7.51029e-06 0.000315389 0.00086928 -5.36033e-06 -1.3192e-05 0.000247815 0.000857205 0.0014679 -3.01804e-05 0.000244827 -5.69317e-05
internal_weight=13759.7 533.267 139.967 13226.4 13065.6 781.839 284.134 161.797 12283.7 1074.52 11209.2
internal_count=32383 1883 490 30500 30015 5074 1896 1080 24941 2173 22768
is_linear=0
shrinkage=0.025


Tree=125
num_leaves=12
num_cat=0
split_feature=5 5 8 0 0 0 0 5 3 0 4
split_gain=0.0877795 0.109276 0.100531 0.0903262 0.21769 0.0863095 0.17053 0.149182 0.137607 0.178976 0.160162
threshold=6.7829561654240722 1.0522426454215306 0.35000000000000003 25.500000000000004 21.000000000000004 11.500000000000002 4.0000000000000009 7.2393382754587465 144.50000000000003 39.000000000000007 1.0000000180025095e-35
decision_type=2 2 2 2 2 2 2 2 2 2 2
left_child=1 -1 -3 4 -4 6 -2 -8 10 -10 -7
right_child=5 2 3 -5 -6 8 7 -9 9 -11 -12
leaf_value=-0.00048186086089226608 -0.00025932540547644612 5.7666712198261459e-05 0.00012609599229562279 5.7118482573330179e-06 0.0015012022699655854 -6.5772925832747432e-06 0.00058447405739605739 5.6149192999178427e-05 -0.00025094391618732978 0.00018418839145862903 0.0015590359309186489
leaf_weight=200.4234836101532 758.2615180015564 6617.4801675975323 180.77263398468494 195.74050608277321 104.21714566648006 115.32766002416611 419.00842683017254 1418.8127090036869 2986.7977778613567 719.7395596653223 43.087167456746101
leaf_count=384 1723 16011 408 471 250 762 1057 3201 6289 1532 295
internal_value=7.56951e-06 6.68939e-05 8.36988e-05 0.000425427 0.000694422 -5.94453e-05 5.18157e-05 0.000181598 -0.000134061 -0.000165914 0.000546283
internal_weight=13759.7 7298.63 7098.21 480.73 284.99 6461.03 2596.08 1837.82 3864.95 3706.54 158.415
internal_count=32383 17524 17140 1129 658 14859 5981 4258 8878 7821 1057
is_linear=0
shrinkage=0.025


Tree=126
num_leaves=12
num_cat=0
split_feature=1 1 3 5 2 7 0 0 0 5 0
split_gain=0.0860557 0.123721 0.108572 0.127612 0.111869 0.10401 0.150695 0.190666 0.0943753 0.0843316 0.105763
threshold=11.500000000000002 1.0000000180025095e-35 273.50000000000006 4.7627887594731648 3.5000000000000004 1.9500000000000002 21.000000000000004 27.000000000000004 25.500000000000004 7.5728460463677161 4.0000000000000009
decision_type=2 2 2 2 2 2 2 2 2 2 2
left_child=1 8 3 -2 -4 6 -3 -8 -1 10 -5
right_child=2 5 4 9 -6 -7 7 -9 -10 -11 -12
leaf_value=7.8011317084431908e-05 0.00073701551665973175 -0.00013360104085111284 -0.00020299007823977147 -0.00016399686164792729 0.00013120971747605236 -0.00014649261095498007 0.0010999962570183291 -5.4151724972984203e-05 0.00080734375596129386 -0.00012381415809832236 0.00019580116168202265
leaf_weight=379.97874739766121 185.97272616624832 458.09429268538952 1562.1613662242889 576.83983041346073 1018.3186039924622 4572.9981417357922 166.17794814705849 168.76517105102539 139.59795808792114 851.78912179172039 3678.9748480916023
leaf_count=883 550 768 1836 1686 1212 11361 290 268 333 2433 10763
internal_value=7.49188e-06 -6.46991e-05 6.14796e-05 0.000126139 -7.11121e-05 -0.000100657 0.000160754 0.000548181 0.000296627 0.000101108 0.000146495
internal_weight=13759.7 5885.61 7874.06 5293.58 2580.48 5366.04 793.037 334.943 519.577 5107.6 4255.81
internal_count=32383 13903 18480 15432 3048 12687 1326 558 1216 14882 12449
is_linear=0
shrinkage=0.025


Tree=127
num_leaves=12
num_cat=0
split_feature=7 11 3 4 0 0 0 11 8 0 0
split_gain=0.0840757 0.170783 0.0904911 0.298465 0.289018 0.820145 0.125588 0.213936 0.140901 0.134322 0.189212
threshold=25.950000000000003 1.0000000180025095e-35 151.50000000000003 1.0000000180025095e-35 14.500000000000002 21.000000000000004 39.000000000000007 73.500000000000014 1.0500000000000003 11.500000000000002 4.0000000000000009
decision_type=2 2 2 2 2 2 2 2 2 2 2
left_child=2 -2 3 -1 -5 -6 8 -8 9 10 -4
right_child=1 -3 6 4 5 -7 7 -9 -10 -11 -12
leaf_value=-0.00011603288991994365 0.0012459090161857172 0.00010482028074703532 -0.00017327754863940808 -5.5543386177779045e-05 0.0037096223947784032 0.00024843284539196881 0.00066872451184300579 -4.4845554594402644e-05 0.00052942983232632114 -0.00012560290799186244 0.00018837370475113487
leaf_weight=542.13315838575363 79.124563217163086 501.18740224838257 1402.4996742159128 133.18729144334793 46.336477905511856 129.56558774411678 408.09963051974773 673.2824309617281 238.26338820159435 7140.9028807133436 2465.0862702280283
leaf_count=3435 219 1623 2835 885 308 862 943 1244 580 14483 4966
internal_value=7.38529e-06 0.000296731 -5.78546e-06 0.000240473 0.000834824 0.00144583 -2.31509e-05 0.0002317 -4.80227e-05 -6.14583e-05 5.70116e-05
internal_weight=13759.7 580.312 13179.4 851.223 309.089 175.902 12328.1 1081.38 11246.8 11008.5 3867.59
internal_count=32383 1842 30541 5490 2055 1170 25051 2187 22864 22284 7801
is_linear=0
shrinkage=0.025


Tree=128
num_leaves=12
num_cat=0
split_feature=5 5 8 0 0 0 0 7 0 3 0
split_gain=0.0823538 0.103821 0.0946337 0.0866503 0.207923 0.0802373 0.154213 0.145857 0.13061 0.128991 0.164373
threshold=6.7829561654240722 1.0522426454215306 0.35000000000000003 25.500000000000004 21.000000000000004 11.500000000000002 4.0000000000000009 23.650000000000002 9.0000000000000018 144.50000000000003 39.000000000000007
decision_type=2 2 2 2 2 2 2 2 2 2 2
left_child=1 -1 -3 4 -4 6 -2 -8 -9 -7 -11
right_child=5 2 3 -5 -6 9 7 8 -10 10 -12
leaf_value=-0.00046999273278169694 -0.00024609588324425719 5.6010195480168972e-05 0.00012111291693521812 2.0944095137522329e-06 0.0014647224110595118 0.00052926210841428055 9.2355533915937482e-05 0.0015159637214940394 0.00021843035693603423 -0.0002417536361362291 0.00017526573348307671
leaf_weight=200.4234836101532 758.2615180015564 6617.4801675975323 180.77263398468494 195.74050608277321 104.21714566648006 158.41482748091221 1645.115645006299 70.303164795041084 122.40232603251934 2986.7977778613567 719.7395596653223
leaf_count=384 1723 16011 408 471 250 1057 3616 238 404 6289 1532
internal_value=7.4249e-06 6.48865e-05 8.12674e-05 0.00041282 0.000676284 -5.74859e-05 4.97909e-05 0.000173205 0.000789831 -0.000129429 -0.00016027
internal_weight=13759.7 7298.63 7098.21 480.73 284.99 6461.03 2596.08 1837.82 192.705 3864.95 3706.54
internal_count=32383 17524 17140 1129 658 14859 5981 4258 642 8878 7821
is_linear=0
shrinkage=0.025


Tree=129
num_leaves=12
num_cat=0
split_feature=1 1 5 7 11 3 1 1 3 0 5
split_gain=0.0810845 0.117119 0.105091 0.105191 0.190658 0.0997132 0.146344 0.154325 0.386346 0.218213 0.27789
threshold=11.500000000000002 1.0000000180025095e-35 3.3909250640928472 25.950000000000003 1.0000000180025095e-35 241.50000000000003 8.5000000000000018 7.5000000000000009 272.50000000000006 25.500000000000004 4.9211102491195282
decision_type=2 2 2 2 2 2 2 2 2 2 2
left_child=1 -1 -2 -4 -5 -3 7 9 -9 10 -7
right_child=2 5 3 4 -6 6 -8 8 -10 -11 -12
leaf_value=0.0002888331248111484 0.00068809783624173085 -0.00022045548364793755 2.2635775714458429e-05 0.001488573336832399 0.00016645600439526193 0.00068730650310285402 -0.00022663169937394429 0.0014451610971477581 -0.00011563692151752555 -0.00040913039944101884 -0.00012505686263987887
leaf_weight=519.57670548558235 143.03603556752205 2319.5003643482924 7269.9826925247908 64.075291752815247 396.96247683465481 435.09155982732773 1130.9803011417389 155.57591080665588 221.41752290725708 491.29152595996857 612.17836862802505
leaf_count=1216 319 8446 16717 170 1274 603 1572 261 263 689 853
internal_value=7.35602e-06 -6.27189e-05 5.97611e-05 4.63904e-05 0.000404455 -9.77048e-05 -3.41939e-06 0.000129349 0.000568822 1.5748e-05 0.000218997
internal_weight=13759.7 5885.61 7874.06 7731.02 461.038 5366.04 3046.54 1915.55 376.993 1538.56 1047.27
internal_count=32383 13903 18480 18161 1444 12687 4241 2669 524 2145 1456
is_linear=0
shrinkage=0.025


Tree=130
num_leaves=12
num_cat=0
split_feature=14 12 1 1 1 5 0 0 13 2 3
split_gain=0.0789578 0.112933 0.0840893 0.126571 0.169127 0.22348 0.154186 0.175481 0.129081 0.107462 0.119322
threshold=1.0000000180025095e-35 10.950000000000001 10.500000000000002 2.5000000000000004 4.5000000000000009 3.9118354293723496 27.000000000000004 11.500000000000002 1.0000000180025095e-35 3.5000000000000004 278.50000000000006
decision_type=2 2 2 2 2 2 2 2 2 2 2
left_child=2 -2 3 6 -5 -6 7 -1 -7 10 -4
right_child=1 -3 9 4 5 8 -8 -9 -10 -11 -12
leaf_value=0.00054088485741587305 0.0010615728252530701 -0.00024926487344039853 5.6002547438216466e-05 -0.00058628506792973896 0.00079964446741539325 -0.00014557727413968362 0.0010318335686670371 -0.00022927562852107818 0.00067310525123861261 0.00016129227847377697 -0.00020606857889122617
leaf_weight=277.13577480614185 82.774205461144447 57.8737463504076 3658.4080859273672 440.70054090023041 153.25769762694836 3629.8279258012772 99.572364658117294 470.45587503910065 104.9235692024231 3263.8758227527142 1520.8631472587585
leaf_count=649 499 383 10179 1056 357 8302 259 1098 306 7540 1755
internal_value=7.30602e-06 0.000558308 8.05294e-07 -7.83616e-05 -0.000133098 -7.89918e-05 0.000197939 6.28807e-05 -0.000119114 4.94072e-05 -2.14498e-05
internal_weight=13759.7 140.648 13619 5175.87 4328.71 3888.01 847.164 747.592 3734.75 8443.15 5179.27
internal_count=32383 882 31501 12027 10021 8965 2006 1747 8608 19474 11934
is_linear=0
shrinkage=0.025


Tree=131
num_leaves=12
num_cat=0
split_feature=5 5 13 0 0 3 1 1 0 1 5
split_gain=0.0765133 0.121343 0.137311 0.135013 0.35017 0.990469 0.23555 0.122684 0.109999 0.128015 0.118964
threshold=1.0522426454215306 5.6101237220163602 1.0000000180025095e-35 25.500000000000004 21.000000000000004 274.50000000000006 10.500000000000002 1.0000000180025095e-35 11.500000000000002 2.5000000000000004 5.2393670515679691
decision_type=2 2 2 2 2 2 2 2 2 2 2
left_child=-1 2 3 4 8 6 -6 -5 9 -2 -11
right_child=1 -3 -4 7 5 -7 -8 -9 -10 10 -12
leaf_value=-0.00045483044986285165 0.00065756312034872448 -2.4600701188664232e-05 0.0010359570735383192 0.00056221906123470565 -0.00054559820650985187 0.0023999225922593783 0.00064155074810282042 -0.00021022168156053175 -0.00025155806439982394 -0.00030929294019133762 0.00043216464295661234
leaf_weight=200.4234836101532 247.79655776917934 10630.173778072 87.324098572134972 129.78663149476051 181.06012961268425 145.05368441343307 197.75326311588287 902.76153728365898 513.57588747143745 318.86222226917744 205.09748210012913
leaf_count=384 581 24959 259 307 513 171 561 2190 1233 767 458
internal_value=7.22888e-06 1.47186e-05 0.000156615 0.000122542 0.000251726 0.000783496 7.52275e-05 -0.000104291 2.63069e-05 0.0002129 -1.38402e-05
internal_weight=13759.7 13559.2 2929.07 2841.75 1809.2 523.867 378.813 1032.55 1285.33 771.756 523.96
internal_count=32383 31999 7040 6781 4284 1245 1074 2497 3039 1806 1225
is_linear=0
shrinkage=0.025


Tree=132
num_leaves=12
num_cat=0
split_feature=3 4 0 0 3 3 0 0 3 0 11
split_gain=0.0765553 0.285843 0.278917 0.79306 0.135008 0.183908 0.304934 0.631701 0.161205 0.133805 0.205799
threshold=151.50000000000003 1.0000000180025095e-35 14.500000000000002 21.000000000000004 176.50000000000003 189.50000000000003 9.0000000000000018 4.0000000000000009 164.50000000000003 39.000000000000007 50.500000000000007
decision_type=2 2 2 2 2 2 2 2 2 2 2
left_child=1 -1 -3 -4 8 6 7 -6 -2 -7 -11
right_child=4 2 3 -5 5 9 -8 -9 -10 10 -12
leaf_value=-0.00011483163104788525 5.144878032759975e-05 -5.8442980876771672e-05 0.0036418952795160852 0.00023929913856817332 -0.00018737915237648572 -3.4966911843484356e-05 0.00012664563766446441 0.0030997140800526879 -0.00059827095118514641 0.0007600584787368403 9.5996180389644689e-06
leaf_weight=542.13315838575363 443.91014564037323 133.18729144334793 46.336477905511856 129.56558774411678 69.944041714072227 10376.741354197264 479.28863854706287 51.915949702262878 488.97582998871803 326.62860214710236 671.04167836904526
leaf_count=3435 2253 885 308 862 268 18418 1836 198 2152 685 1083
internal_value=7.19088e-06 0.000234014 0.000815671 0.00141592 -8.10539e-06 1.46594e-05 0.000433548 0.0014526 -0.000294514 -8.20141e-06 0.000265402
internal_weight=13759.7 851.223 309.089 175.902 12908.4 11975.6 601.149 121.86 932.886 11374.4 997.67
internal_count=32383 5490 2055 1170 26893 22488 2302 466 4405 20186 1768
is_linear=0
shrinkage=0.025


Tree=133
num_leaves=12
num_cat=0
split_feature=8 7 3 3 4 0 0 0 11 12 0
split_gain=0.0747163 0.0810179 0.293609 0.0857266 0.275425 0.275598 0.801875 0.122631 0.166314 0.122063 0.118835
threshold=1.5500000000000003 25.350000000000005 213.50000000000003 151.50000000000003 1.0000000180025095e-35 14.500000000000002 21.000000000000004 39.000000000000007 73.500000000000014 5.1500000000000012 11.500000000000002
decision_type=2 2 2 2 2 2 2 2 2 2 2
left_child=1 3 -3 4 -1 -6 -7 10 9 -9 -5
right_child=-2 2 -4 7 5 6 -8 8 -10 -11 -12
leaf_value=-0.00011385570800455773 0.00050583183291799997 7.075648590134318e-05 0.0016451494965531673 5.5690267815477095e-05 -7.1843578222805584e-05 0.0036627659170127718 0.00021384100351323678 0.0013753689642762052 -2.4577224753749573e-05 0.00034488710825394991 -0.00011602506109839467
leaf_weight=540.06665320694447 165.33774338662624 618.72460097074509 64.427005290985107 3869.939185038209 129.90930019319057 45.243814155459404 126.64892637729645 82.285383686423302 654.80092860758305 318.82775603234768 7143.4574588388205
leaf_count=3421 501 2031 140 7762 861 300 840 180 1195 740 14412
internal_value=7.26274e-06 4.64835e-07 0.000261805 -1.37467e-05 0.000227176 0.00080659 0.00140877 -3.08997e-05 0.000223952 0.000611564 -5.56953e-05
internal_weight=13759.7 13594.3 683.152 12911.2 841.869 301.802 171.893 12069.3 1055.91 401.113 11013.4
internal_count=32383 31882 2171 29711 5422 2001 1140 24289 2115 920 22174
is_linear=0
shrinkage=0.025


Tree=134
num_leaves=12
num_cat=0
split_feature=5 5 8 12 5 0 0 5 1 1 3
split_gain=0.0756178 0.0936602 0.0894981 0.0837647 0.0863416 0.0755405 0.145198 0.137425 0.130007 0.121458 0.117793
threshold=6.7829561654240722 1.0522426454215306 0.35000000000000003 13.050000000000002 5.1509068179788846 11.500000000000002 4.0000000000000009 7.2393382754587465 10.500000000000002 16.500000000000004 144.50000000000003
decision_type=2 2 2 2 2 2 2 2 2 2 2
left_child=1 -1 -3 4 -4 6 -2 8 -8 -10 -7
right_child=5 2 3 -5 -6 10 7 -9 9 -11 -12
leaf_value=-0.0004456261180107982 -0.00023787837317290652 5.341439847430449e-05 0.0010745209004098591 -0.00018854596628491881 0.00026922965567254155 0.00050482558304404889 -8.5484560528524675e-05 4.8663257975283644e-05 0.0012952072078750505 0.00024931594908191029 -0.00015412024606599201
leaf_weight=200.4234836101532 758.2615180015564 6617.4801675975323 120.55887280404568 107.31193886697292 252.85947406291962 158.41482748091221 132.78715306520462 1418.8127090036869 147.9505453556776 138.27072840929031 3706.537337526679
leaf_count=384 1723 16011 226 276 627 1057 332 3201 362 363 7821
internal_value=7.35505e-06 6.24163e-05 7.7973e-05 0.000400398 0.000570627 -5.48449e-05 4.92396e-05 0.000168986 0.000555637 0.00083923 -0.000124652
internal_weight=13759.7 7298.63 7098.21 480.73 373.418 6461.03 2596.08 1837.82 419.008 286.221 3864.95
internal_count=32383 17524 17140 1129 853 14859 5981 4258 1057 725 8878
is_linear=0
shrinkage=0.025


Tree=135
num_leaves=12
num_cat=0
split_feature=0 0 3 3 3 1 3 4 0 0 3
split_gain=0.07315 0.167013 0.157252 0.139627 0.340453 0.173858 0.115955 0.277503 0.205959 0.739087 0.137017
threshold=4.0000000000000009 9.0000000000000018 271.50000000000006 180.50000000000003 197.50000000000003 16.500000000000004 151.50000000000003 1.0000000180025095e-35 14.500000000000002 21.000000000000004 224.50000000000003
decision_type=2 2 2 2 2 2 2 2 2 2 2
left_child=-1 2 3 -2 -5 -6 7 -3 -9 -10 -8
right_child=1 6 -4 4 5 -7 10 8 9 -11 -12
leaf_value=-0.00015045877180840109 -0.00014831661932065241 -9.9000835263491043e-05 -7.1443560764387603e-05 0.0020285241899124147 0.00070577288978638489 -0.00022571880724071521 -0.00016839658733158969 -5.685419721123143e-05 0.0035119909031073402 0.00022782969339696851 3.3537930941458464e-05
leaf_weight=1602.1749557703733 152.66371291875839 419.98121620714664 442.01709115505219 79.831112563610077 369.93616843223572 172.78712579607964 2920.4423242807388 92.391547471284866 46.336477905511856 129.56558774411678 7331.5414355397224
leaf_count=3776 814 2661 527 286 779 364 10307 614 308 862 11085
internal_value=7.25766e-06 2.82553e-05 0.000303567 0.000513811 0.000675741 0.000411731 -2.87446e-06 0.00030652 0.000904143 0.00136317 -2.42022e-05
internal_weight=13759.7 12157.5 1217.24 775.218 622.554 542.723 10940.3 688.275 268.294 175.902 10252
internal_count=32383 28607 2770 2243 1429 1143 25837 4445 1784 1170 21392
is_linear=0
shrinkage=0.025


Tree=136
num_leaves=12
num_cat=0
split_feature=1 5 1 0 1 5 6 1 0 3 4
split_gain=0.073634 0.0972231 0.0960589 0.0874849 0.0827057 0.185644 0.460027 0.1174 0.264787 0.0911969 0.177745
threshold=12.500000000000002 3.3909250640928472 1.0000000180025095e-35 25.500000000000004 4.5000000000000009 3.9118354293723496 10.15 2.5000000000000004 11.500000000000002 164.50000000000003 1.0000000180025095e-35
decision_type=2 2 2 2 2 2 2 2 2 2 2
left_child=2 -2 3 -1 7 6 -6 8 -4 10 -7
right_child=1 -3 4 -5 5 9 -8 -9 -10 -11 -12
leaf_value=5.7089691959228538e-05 0.0006660674401984312 4.820395808043231e-05 0.001131554126621986 0.00075802502252797629 0.0019297179535034054 -0.00010282366331149059 -0.00052192278270090243 -0.00057652594532589887 -0.00036593447604158077 -0.00010703242638899979 0.00087955352610212751
leaf_weight=379.97874739766121 143.03603556752205 7074.8490863889456 80.544514924287796 139.59795808792114 76.559001341462135 311.75758607685566 81.609942227602005 443.9654523730278 257.56904651224613 4610.9523212462664 159.2490636408329
leaf_count=883 319 16621 201 333 141 1846 248 1076 655 9093 967
internal_value=7.27896e-06 6.22548e-05 -5.33835e-05 0.000266531 -8.17756e-05 -4.54012e-05 0.000748161 -0.000318284 3.40659e-05 -7.29358e-05 0.000251619
internal_weight=13759.7 7217.89 6541.78 519.577 6022.21 5240.13 158.169 782.079 338.114 5081.96 471.007
internal_count=32383 16940 15443 1216 14227 12295 389 1932 856 11906 2813
is_linear=0
shrinkage=0.025


Tree=137
num_leaves=12
num_cat=0
split_feature=6 2 3 8 5 5 0 3 0 0 1
split_gain=0.0713674 0.100782 0.123207 0.0805418 0.0766233 0.119679 0.199636 0.158208 0.120098 0.187993 0.50937
threshold=26.050000000000004 4.5000000000000009 198.50000000000003 1.5500000000000003 5.6101237220163602 1.8901881706909898 39.000000000000007 277.50000000000006 25.500000000000004 21.000000000000004 6.5000000000000009
decision_type=2 2 2 2 2 2 2 2 2 2 2
left_child=3 -2 -3 4 5 7 8 -1 9 -7 -11
right_child=1 2 -4 -5 -6 6 -8 -9 -10 10 -12
leaf_value=-0.00046499067411409151 6.6677263184737132e-05 0.0001472251008741059 0.001579423629578797 0.00051963543266130702 -4.5222714373824806e-05 5.26306825710922e-05 0.00091682934091408177 0.00042960192638610953 -0.00015517925438687219 0.002105434467711634 0.00016707916631970721
leaf_weight=425.39115406572819 393.30066403746605 87.450845420360565 52.515911787748337 160.81831304728985 9990.8383564949036 1128.0150712579489 186.87716248631477 153.2704690694809 740.03777113556862 93.840980276465416 347.31205670535564
leaf_count=1209 1393 364 126 485 22760 2644 410 177 1754 234 827
internal_value=7.23473e-06 0.000285415 0.000814874 -4.39503e-06 -1.16294e-05 9.71128e-05 0.000172174 -0.000221603 0.000104557 0.000227462 0.000652831
internal_weight=13759.7 533.267 139.967 13226.4 13065.6 3074.74 2496.08 578.662 2309.21 1569.17 441.153
internal_count=32383 1883 490 30500 30015 7255 5869 1386 5459 3705 1061
is_linear=0
shrinkage=0.025


Tree=138
num_leaves=12
num_cat=0
split_feature=5 1 1 3 3 0 0 3 3 0 5
split_gain=0.070171 0.0882879 0.0979105 0.119459 0.112495 0.103376 0.584857 0.818795 0.266629 0.141605 0.137511
threshold=7.9549388348688348 10.500000000000002 1.0000000180025095e-35 241.50000000000003 211.50000000000003 21.000000000000004 25.500000000000004 277.50000000000006 273.50000000000006 14.500000000000002 5.5723809354905018
decision_type=2 2 2 2 2 2 2 2 2 2 2
left_child=1 2 -1 4 -4 9 7 -7 10 -5 -8
right_child=-2 -3 3 5 -6 6 8 -9 -10 -11 -12
leaf_value=0.00025751145886674509 -0.00021179178773469273 7.3202232539409015e-05 -9.1875963469298196e-05 -9.4515916051665616e-06 -0.00048102522132408351 -0.00024445891814832264 -0.00021144320157020355 0.0024262114534175754 -0.00051616362339182854 -0.00066359327675880953 0.00071789629457396763
leaf_weight=519.57670548558235 837.41236637532711 7968.2540040314198 1202.9801330864429 1131.3622491359711 748.9244641661644 129.46538549661636 153.87167096138 132.16414695978165 474.23197603225708 233.26535725593567 228.16029679775238
leaf_count=1216 1651 18960 5331 1579 1762 211 257 153 559 324 380
internal_value=7.24687e-06 2.17468e-05 -6.09782e-05 -9.92839e-05 -0.000244553 1.59766e-05 0.000192399 0.00118114 -0.000129773 -0.000129239 0.000351687
internal_weight=13759.7 12922.3 4954 4434.43 1951.9 2482.52 1117.89 261.63 856.264 1364.63 382.032
internal_count=32383 30732 11772 10556 7093 3463 1560 364 1196 1903 637
is_linear=0
shrinkage=0.025


Tree=139
num_leaves=12
num_cat=0
split_feature=0 0 3 3 5 5 13 8 0 3 3
split_gain=0.0696601 0.159457 0.151704 0.392547 0.196728 0.110595 0.195294 0.140876 0.180627 0.131672 0.160561
threshold=4.0000000000000009 9.0000000000000018 211.50000000000003 180.50000000000003 6.9762286039679982 6.3060822227194304 1.0000000180025095e-35 0.35000000000000003 25.500000000000004 237.50000000000003 156.50000000000003
decision_type=2 2 2 2 2 2 2 2 2 2 2
left_child=-1 2 3 -2 -5 6 7 -3 -9 10 -7
right_child=1 5 -4 4 -6 9 -8 8 -10 -11 -12
leaf_value=-0.00014680465055866933 -0.00014505544721960204 2.6297853444745487e-05 0.0001280759909424231 0.00039733676604795107 0.0022682955954931531 0.0001919206322420012 0.0011464543946146913 0.0010532754848312353 -0.00013317338459779943 2.0960040925729049e-05 -0.00030927858024497562
leaf_weight=1602.1749557703733 152.66371291875839 4165.8993617892265 911.67474383115768 68.112790554761887 84.783963561058044 483.15459759533405 87.088568568229675 173.45544283092022 130.08281250298023 3895.8292284309864 2004.7485774308443
leaf_count=3776 814 10013 1451 224 281 2998 242 399 299 5502 6384
internal_value=7.10362e-06 2.75942e-05 0.000296606 0.000760675 0.00157719 -2.82315e-06 9.10357e-05 6.54547e-05 0.000568016 -6.9892e-05 -0.000211191
internal_weight=13759.7 12157.5 1217.24 305.56 152.897 10940.3 4556.53 4469.44 303.538 6383.73 2487.9
internal_count=32383 28607 2770 1319 505 25837 10953 10711 698 14884 9382
is_linear=0
shrinkage=0.025


Tree=140
num_leaves=12
num_cat=0
split_feature=7 11 8 3 4 0 0 0 11 3 3
split_gain=0.068428 0.152151 0.0768501 0.0743201 0.250763 0.256456 0.750606 0.123995 0.176843 0.112214 0.111351
threshold=25.950000000000003 1.0000000180025095e-35 1.5500000000000003 151.50000000000003 1.0000000180025095e-35 14.500000000000002 21.000000000000004 39.000000000000007 49.500000000000007 230.50000000000003 189.50000000000003
decision_type=2 2 2 2 2 2 2 2 2 2 2
left_child=2 -2 3 4 -1 -6 -7 9 -9 10 -5
right_child=1 -3 -4 7 5 6 -8 8 -10 -11 -12
leaf_value=-0.00011277136693223984 0.0011638207410497856 8.7482790281803906e-05 0.00050707507202705604 1.1664356530621856e-06 -8.0376179067089055e-05 0.0035268035900901298 0.00019266479275676737 0.0006794817993322805 2.1975352333386124e-06 -2.1821042896306898e-06 -0.00029944220863798571
leaf_weight=540.06665320694447 79.124563217163086 501.18740224838257 160.81831304728985 1294.4657643139362 129.90930019319057 45.243814155459404 126.64892637729645 340.94476009905338 725.16821110248566 7935.3117054104805 1880.7793424129486
leaf_count=3421 219 1623 485 5696 861 300 840 800 1348 11629 5161
internal_value=7.08925e-06 0.000268124 -4.79347e-06 -1.18847e-05 0.000212501 0.000765399 0.00134636 -2.77212e-05 0.000227318 -5.2558e-05 -0.000177652
internal_weight=13759.7 580.312 13179.4 13018.5 841.869 301.802 171.893 12176.7 1066.11 11110.6 3175.25
internal_count=32383 1842 30541 30056 5422 2001 1140 24634 2148 22486 10857
is_linear=0
shrinkage=0.025


Tree=141
num_leaves=12
num_cat=0
split_feature=1 5 1 0 3 2 1 5 6 1 0
split_gain=0.0673382 0.0929025 0.0849313 0.0823999 0.0808997 0.1247 0.0755845 0.173057 0.432237 0.111723 0.251159
threshold=12.500000000000002 3.3909250640928472 1.0000000180025095e-35 25.500000000000004 273.50000000000006 3.5000000000000004 4.5000000000000009 3.9118354293723496 10.15 2.5000000000000004 11.500000000000002
decision_type=2 2 2 2 2 2 2 2 2 2 2
left_child=2 -2 3 -1 -3 -6 9 8 -8 10 -4
right_child=1 4 6 -5 5 -7 7 -9 -10 -11 -12
leaf_value=4.7133684642899649e-05 0.00064992287574503502 0.00010472313165599917 0.0011082429558252893 0.00072684064888421023 -0.0002219373443631237 0.00015044518986173416 0.0018687529354316076 -6.9406905571675636e-05 -0.00050747745902699653 -0.00055562257714254261 -0.00035024208863187307
leaf_weight=379.97874739766121 143.03603556752205 4762.6052763909101 80.544514924287796 139.59795808792114 1399.672425866127 912.57138413190842 76.559001341462135 5081.9589709639549 81.609942227602005 443.9654523730278 257.56904651224613
leaf_count=883 319 13890 201 333 1645 1086 141 11906 248 1076 655
internal_value=7.11761e-06 5.96905e-05 -5.08939e-05 0.000249927 4.5959e-05 -7.49396e-05 -7.75891e-05 -4.28185e-05 0.000723359 -0.000303684 3.9684e-05
internal_weight=13759.7 7217.89 6541.78 519.577 7074.85 2312.24 6022.21 5240.13 158.169 782.079 338.114
internal_count=32383 16940 15443 1216 16621 2731 14227 12295 389 1932 856
is_linear=0
shrinkage=0.025


Tree=142
num_leaves=12
num_cat=0
split_feature=5 5 8 12 5 0 0 7 0 0 3
split_gain=0.066453 0.0806928 0.0786537 0.0798803 0.079754 0.0702102 0.130269 0.124148 0.11047 0.105815 0.176946
threshold=6.7829561654240722 1.0522426454215306 0.35000000000000003 13.050000000000002 5.1509068179788846 11.500000000000002 4.0000000000000009 23.650000000000002 9.0000000000000018 39.000000000000007 150.50000000000003
decision_type=2 2 2 2 2 2 2 2 2 2 2
left_child=1 -1 -3 4 -4 6 -2 -8 -9 10 -7
right_child=5 2 3 -5 -6 9 7 8 -10 -11 -12
leaf_value=-0.00041290965793467206 -0.00022290962844110133 5.0078620208607376e-05 0.0010257800094370421 -0.0001979411276742255 0.0002527769601245509 0.00054253352327533299 8.7855293796834698e-05 0.001399399797878305 0.00020508000971968313 0.00014615398152214933 -0.00022985172901189579
leaf_weight=200.4234836101532 758.2615180015564 6617.4801675975323 120.55887280404568 107.31193886697292 252.85947406291962 179.01957315206528 1645.115645006299 70.303164795041084 122.40232603251934 745.47305390238762 2940.4595379531384
leaf_count=384 1723 16011 226 276 627 1151 3616 238 404 1702 6025
internal_value=7.04676e-06 5.86634e-05 7.31013e-05 0.000375361 0.000541803 -5.12624e-05 4.90739e-05 0.000162482 0.000731406 -0.000118564 -0.000182353
internal_weight=13759.7 7298.63 7098.21 480.73 373.418 6461.03 2596.08 1837.82 192.705 3864.95 3119.48
internal_count=32383 17524 17140 1129 853 14859 5981 4258 642 8878 7176
is_linear=0
shrinkage=0.025


Tree=143
num_leaves=12
num_cat=0
split_feature=1 5 7 11 7 0 5 1 5 13 0
split_gain=0.0642589 0.0896207 0.0884175 0.17177 0.0848331 0.149831 0.15046 0.0912786 0.0975439 0.113299 0.0921389
threshold=11.500000000000002 3.3909250640928472 25.950000000000003 1.0000000180025095e-35 1.9500000000000002 21.000000000000004 4.9918203575237543 2.5000000000000004 3.6486588433922895 1.0000000180025095e-35 27.000000000000004
decision_type=2 2 2 2 2 2 2 2 2 2 2
left_child=4 -2 -3 -4 5 -1 -7 10 -9 -10 -6
right_child=1 2 3 -5 7 6 -8 8 9 -11 -12
leaf_value=-0.00010535970924025987 0.00063385191325281034 1.9500269761199964e-05 0.0013981556630424507 0.00014441769251346767 4.3331045765296774e-05 0.0011437075354993683 0.00011669317584064236 -0.00047627153665705994 -0.00012310425732626955 0.00058944669420397608 0.00082543152207947921
leaf_weight=508.19945411384106 143.03603556752205 7269.9826925247908 64.075291752815247 396.96247683465481 660.37474265694618 136.21411162614822 219.802614107728 459.1487495303154 3686.2397077679634 125.31704273819923 90.315836563706398
leaf_count=842 319 16717 170 1274 1646 253 338 1164 9037 371 252
internal_value=6.9666e-06 5.36181e-05 4.1275e-05 0.000369549 -5.54163e-05 0.000170768 0.000549568 -9.48671e-05 -0.000139558 -9.67224e-05 0.000156405
internal_weight=13759.7 7874.06 7731.02 461.038 5885.61 864.216 356.017 5021.4 4270.71 3811.56 750.691
internal_count=32383 18480 18161 1444 13903 1433 591 12470 10572 9408 1898
is_linear=0
shrinkage=0.025


Tree=144
num_leaves=12
num_cat=0
split_feature=8 5 5 0 3 0 0 1 3 3 1
split_gain=0.0639721 0.0695468 0.110692 0.220769 0.14278 0.125512 0.176949 0.480913 0.127174 0.118819 0.115302
threshold=1.0500000000000003 5.6101237220163602 1.8901881706909898 39.000000000000007 274.50000000000006 25.500000000000004 21.000000000000004 6.5000000000000009 166.50000000000003 250.50000000000003 7.5000000000000009
decision_type=2 2 2 2 2 2 2 2 2 2 2
left_child=1 2 4 5 -1 6 -4 -8 -7 -5 -10
right_child=-2 -3 3 9 -6 8 7 -9 10 -11 -12
leaf_value=-0.00044678107147408841 0.00036135114003855193 -3.2213253570260802e-05 5.8618270840233277e-05 0.0015782598827616277 0.00038660344904974228 0.00068819680743889436 0.0020578959332135378 0.00017375958618835269 -0.00058471468413336493 0.00030677852390143304 6.1913925000377037e-05
leaf_weight=413.5292359739542 291.13592337071896 10385.773976102471 1127.9938153028488 81.241314560174942 164.96047878265381 77.878031745553017 93.247513264417648 353.02129885554314 341.99015666544437 106.54926520586014 322.34774595499039
leaf_count=1191 800 24287 2652 276 193 463 232 849 686 139 615
internal_value=6.94519e-06 -1.24008e-06 0.000102643 0.000174571 -0.000204158 0.000103598 0.000229047 0.000638832 -0.00016151 0.000955807 -0.00027832
internal_weight=13759.7 13468.5 3082.76 2504.27 578.49 2316.48 1574.26 446.269 742.216 187.791 664.338
internal_count=32383 31583 7296 5912 1384 5497 3733 1081 1764 415 1301
is_linear=0
shrinkage=0.025


Tree=145
num_leaves=12
num_cat=0
split_feature=0 0 3 3 3 1 5 13 3 3 4
split_gain=0.0629084 0.150403 0.146647 0.12821 0.31348 0.168469 0.0989894 0.181949 0.128628 0.146323 0.1775
threshold=4.0000000000000009 9.0000000000000018 271.50000000000006 180.50000000000003 197.50000000000003 16.500000000000004 6.3060822227194304 1.0000000180025095e-35 237.50000000000003 156.50000000000003 1.0000000180025095e-35
decision_type=2 2 2 2 2 2 2 2 2 2 2
left_child=-1 2 3 -2 -5 -6 7 -3 9 10 -8
right_child=1 6 -4 4 5 -7 8 -9 -10 -11 -12
leaf_value=-0.00013932104684953665 -0.00014360328389219945 6.0987675484516199e-05 -7.4263771939558963e-05 0.0019438604566368049 0.00068228643052973344 -0.00023383186818771941 -0.00010592818855165443 0.0011043653350711316 2.3203044285857457e-05 -0.00029985921767752458 0.0009394423750019496
leaf_weight=1602.1749557703733 152.66371291875839 4469.437617123127 442.01709115505219 79.831112563610077 369.93616843223572 172.78712579607964 364.13233399391174 87.088568568229675 3895.8292284309864 2004.7485774308443 119.02226360142231
leaf_count=3776 814 10711 527 286 779 364 2211 242 5502 6384 787
internal_value=6.93882e-06 2.64108e-05 0.000287674 0.000490722 0.0006459 0.000392677 -3.12968e-06 8.56687e-05 -6.65811e-05 -0.000206239 0.000178698
internal_weight=13759.7 12157.5 1217.24 775.218 622.554 542.723 10940.3 4556.53 6383.73 2487.9 483.155
internal_count=32383 28607 2770 2243 1429 1143 25837 10953 14884 9382 2998
is_linear=0
shrinkage=0.025


Tree=146
num_leaves=12
num_cat=0
split_feature=1 2 3 8 3 0 0 7 3 3 1
split_gain=0.0628349 0.0896518 0.113404 0.12422 0.103536 0.124538 0.371952 0.103507 0.170401 0.0863197 0.143071
threshold=10.500000000000002 3.5000000000000004 278.50000000000006 1.0500000000000003 155.50000000000003 14.500000000000002 21.000000000000004 25.950000000000003 206.50000000000003 241.50000000000003 8.5000000000000018
decision_type=2 2 2 2 2 2 2 2 2 2 2
left_child=9 2 3 -2 5 -3 -7 -6 -9 -1 -11
right_child=1 4 -4 -5 7 6 -8 8 -10 10 -12
leaf_value=-0.00017709302117621819 3.2073937796698197e-05 -4.0228658197879265e-05 -0.00019617662946859579 0.00084285921675098972 7.0212702429277217e-05 0.0028505494511706342 0.00016630615165525106 3.2734902448077037e-05 0.0014682658995642268 0.00012840800290561856 -0.00026590247762148911
leaf_weight=2255.7358296215534 3599.5084192454815 97.474980339407921 1520.8631472587585 102.19818605482578 2888.8639968782663 30.338439211249352 97.474980339407921 123.4103836119175 70.095338463783264 2219.7181873321533 753.98686742782593
leaf_count=8219 10101 624 1755 351 5775 195 624 434 161 3096 1048
internal_value=6.90169e-06 4.86919e-05 -1.58689e-05 5.88676e-05 0.000150112 0.000645376 0.00110294 0.000109986 0.000641568 -6.11921e-05 2.73216e-05
internal_weight=13759.7 8530.23 5222.57 3701.71 3307.66 225.288 127.813 3082.37 193.506 5229.44 2973.71
internal_count=32383 20020 12207 10452 7813 1443 819 6370 595 12363 4144
is_linear=0
shrinkage=0.025


Tree=147
num_leaves=12
num_cat=0
split_feature=5 1 3 5 3 7 1 1 3 3 12
split_gain=0.0615118 0.0773281 0.0829429 0.101761 0.0831355 0.50926 0.16535 0.127251 0.172877 0.136599 0.0919553
threshold=7.9549388348688348 10.500000000000002 274.50000000000006 4.7627887594731648 234.50000000000003 22.550000000000004 22.500000000000004 20.500000000000004 221.50000000000003 215.50000000000003 8.5500000000000025
decision_type=2 2 2 2 2 2 2 2 2 2 2
left_child=1 -1 3 -3 7 6 10 9 -9 -5 -6
right_child=-2 2 -4 4 5 -7 -8 8 -10 -11 -12
leaf_value=-5.6937539044196656e-05 -0.00019817179882875219 0.00066357792900099684 -5.1909899784582658e-05 4.6472023620344638e-05 -1.5362524636298668e-05 0.0017575312871354776 -0.00069519302325771453 0.00010508554723821454 0.0010863898870576889 -0.00037240868904078988 0.00032273895690454436
leaf_weight=4954.0023853778839 837.41236637532711 189.55538284778595 2455.8860251307487 1754.7703189104795 868.97724080085754 106.43449795246124 124.94692629575729 524.33318872749805 124.63906568288803 651.38366293907166 1167.3276947438717
leaf_count=11772 1651 555 2885 7584 1490 200 215 2172 290 1565 2004
internal_value=6.90738e-06 2.0483e-05 6.86388e-05 0.000122339 0.000100653 0.000214621 0.00012322 1.52137e-05 0.000320396 -6.90607e-05 0.000179711
internal_weight=13759.7 12922.3 7968.25 5512.37 5322.81 2267.69 2161.25 3055.13 648.972 2406.15 2036.3
internal_count=32383 30732 18960 16075 15520 3909 3709 11611 2462 9149 3494
is_linear=0
shrinkage=0.025


Tree=148
num_leaves=12
num_cat=0
split_feature=14 12 12 0 11 3 6 0 0 1 1
split_gain=0.0612937 0.11237 0.0650608 0.137539 0.116987 0.160203 0.112782 0.082013 0.260151 0.400853 0.137076
threshold=1.0000000180025095e-35 10.950000000000001 8.9500000000000011 39.000000000000007 73.500000000000014 256.50000000000006 26.450000000000003 25.500000000000004 21.000000000000004 6.5000000000000009 10.500000000000002
decision_type=2 2 2 2 2 2 2 2 2 2 2
left_child=2 -2 3 6 5 -5 -1 8 -4 -10 -11
right_child=1 -3 7 4 -6 -7 -8 -9 9 10 -12
leaf_value=-0.00010791041543637335 0.00099695824736568744 -0.00030015947612538254 3.1408801973677376e-05 0.00022908309546897069 -2.265443567727692e-05 0.0015084820925325114 0.00050953889583746912 -6.9821577612553878e-05 0.0020344306804924504 -0.00035540425179886347 0.00048542712483940062
leaf_weight=5991.0091998577118 82.774205461144447 57.8737463504076 3902.4723805785179 194.25833536684513 322.50256672501564 75.942988276481628 171.20088610053062 2208.3382507264614 77.887355387210846 139.19130942225456 536.21753153204918
leaf_count=13553 499 383 9132 581 650 104 518 5196 165 306 1296
internal_value=6.82874e-06 0.0004923 1.10057e-06 -5.39009e-05 0.000303657 0.000667851 -8.91633e-05 5.52265e-05 0.000114585 0.000533522 0.000306907
internal_weight=13759.7 140.648 13619 6754.91 592.704 270.201 6162.21 6864.11 4655.77 753.296 675.409
internal_count=32383 882 31501 15406 1335 685 14071 16095 10899 1767 1602
is_linear=0
shrinkage=0.025


Tree=149
num_leaves=12
num_cat=0
split_feature=0 0 3 0 0 4 0 0 1 0 1
split_gain=0.0600452 0.146976 0.140339 0.264607 0.554044 0.316949 0.227568 0.300174 0.646483 0.356784 0.178112
threshold=4.0000000000000009 11.500000000000002 151.50000000000003 21.000000000000004 14.500000000000002 1.0000000180025095e-35 21.000000000000004 25.500000000000004 6.5000000000000009 27.000000000000004 10.500000000000002
decision_type=2 2 2 2 2 2 2 2 2 2 2
left_child=-1 -2 3 4 -3 -6 -4 8 -8 -9 -10
right_child=1 2 6 -5 5 -7 7 9 10 -11 -12
leaf_value=-0.00013605554281237136 0.0001838114631541172 -0.00027174489822468298 -0.00021399796172860412 -7.1482122963257229e-05 0.00060625972319856142 0.0033414172297751969 0.0017502243885703893 -0.00035194559914099115 -0.00036746692469877024 0.00012329115127443616 0.00032093322425652261
leaf_weight=1602.1749557703733 2807.4049896448851 108.55141207575798 3210.5875026583672 364.89851926267147 62.49634250998497 46.336477905511856 163.18495465815067 1571.9828326404095 291.87159115076065 2581.596506267786 948.58267123997211
leaf_count=3776 6557 702 6688 2353 396 308 335 3303 608 5381 1976
internal_value=6.83725e-06 2.58609e-05 -2.18556e-05 0.000347388 0.000997281 0.00210872 -4.71123e-05 4.97246e-05 0.000363057 -5.73938e-05 0.000155696
internal_weight=13759.7 12157.5 9350.09 582.283 217.384 108.833 8767.81 5557.22 1403.64 4153.58 1240.45
internal_count=32383 28607 22050 3759 1406 704 18291 11603 2919 8684 2584
is_linear=0
shrinkage=0.025


Tree=150
num_leaves=12
num_cat=0
split_feature=5 5 13 0 0 3 1 1 3 0 1
split_gain=0.0605045 0.089351 0.114441 0.118866 0.276976 0.906989 0.188473 0.099504 0.115023 0.0957364 0.108899
threshold=1.0522426454215306 5.6101237220163602 1.0000000180025095e-35 25.500000000000004 21.000000000000004 277.50000000000006 10.500000000000002 1.0000000180025095e-35 257.50000000000006 11.500000000000002 2.5000000000000004
decision_type=2 2 2 2 2 2 2 2 2 2 2
left_child=-1 2 3 4 9 6 -6 -5 -9 10 -2
right_child=1 -3 -4 7 5 -7 -8 8 -10 -11 -12
leaf_value=-0.00040404427088491947 0.00060915309337713412 -2.0237434938034352e-05 0.0009378608594993687 0.00049232442349435638 -0.00047745343720121476 0.0023557898466210325 0.00056527565309654837 4.9720030756971045e-05 -0.00050896643174568577 -0.00023426859811582408 -1.0188894117718838e-05
leaf_weight=200.4234836101532 247.79655776917934 10630.173778072 87.324098572134972 129.78663149476051 189.16019633412361 129.61883592605591 205.08804488182068 502.50213059782982 400.25940668582916 513.57588747143745 523.95970436930656
leaf_count=384 581 24959 259 307 524 150 571 1681 509 1233 1225
internal_value=6.8446e-06 1.35042e-05 0.000135266 0.000104221 0.00022547 0.000698412 6.60776e-05 -0.000108475 -0.000203649 2.49643e-05 0.000199034
internal_weight=13759.7 13559.2 2929.07 2841.75 1809.2 523.867 394.248 1032.55 902.762 1285.33 771.756
internal_count=32383 31999 7040 6781 4284 1245 1095 2497 2190 3039 1806
is_linear=0
shrinkage=0.025


Tree=151
num_leaves=12
num_cat=0
split_feature=8 7 3 3 3 4 0 0 3 0 3
split_gain=0.0592505 0.0622901 0.254786 0.0637592 0.250512 0.23624 0.196196 0.625157 0.156775 0.227544 0.151739
threshold=1.5500000000000003 25.350000000000005 213.50000000000003 164.50000000000003 176.50000000000003 1.0000000180025095e-35 14.500000000000002 21.000000000000004 189.50000000000003 9.0000000000000018 221.50000000000003
decision_type=2 2 2 2 2 2 2 2 2 2 2
left_child=1 3 -3 5 -5 -1 -7 -8 9 -6 -10
right_child=-2 2 -4 4 8 6 7 -9 10 -11 -12
leaf_value=-9.2272404982912697e-05 0.00045077544086077095 5.2379022018628926e-05 0.0015184070760022857 -0.00057818764852565871 0.0013713450122006055 -6.1607486234031454e-06 0.002834720127288577 0.00019816379521211437 -0.00027666837471512366 0.0001254034052616177 9.1672670184253866e-06
leaf_weight=825.73924849927425 165.33774338662624 618.72460097074509 64.427005290985107 478.79579012095928 100.46170265972614 184.09347081184387 64.259094044566154 179.00359736382961 1304.696020334959 403.1478668898344 9370.9826154112816
leaf_count=4896 501 2031 140 2107 388 1126 393 1096 3801 1558 14346
internal_value=6.79522e-06 7.41142e-07 0.000229894 -1.17205e-05 -3.00178e-05 0.000156304 0.000619258 0.00105707 -5.54974e-06 0.000416835 -2.62173e-05
internal_weight=13759.7 13594.3 683.152 12911.2 11658.1 1253.1 427.356 243.263 11179.3 503.61 10675.7
internal_count=32383 31882 2171 29711 22200 7511 2615 1489 20093 1946 18147
is_linear=0
shrinkage=0.025


Tree=152
num_leaves=12
num_cat=0
split_feature=5 5 13 0 0 3 1 1 3 1 0
split_gain=0.057864 0.0860654 0.110798 0.112798 0.265984 0.869503 0.220711 0.0950441 0.110477 0.0937994 0.0916852
threshold=1.0522426454215306 5.6101237220163602 1.0000000180025095e-35 25.500000000000004 21.000000000000004 274.50000000000006 10.500000000000002 1.0000000180025095e-35 257.50000000000006 7.5000000000000009 11.500000000000002
decision_type=2 2 2 2 2 2 2 2 2 2 2
left_child=-1 2 3 4 10 6 -6 -5 -9 -3 -2
right_child=1 9 -4 7 5 -7 -8 8 -10 -11 -12
leaf_value=-0.00039499452395886433 0.00019428518209221944 -0.00022616117888305226 0.00092255359586585536 0.00048222996931008904 -0.00057553530901605294 0.0021982469687043958 0.00057323294298622471 5.0314262234960627e-05 -0.00049717243919051419 6.8826412049832121e-06 -0.00022974891998825463
leaf_weight=200.4234836101532 771.75626213848591 1198.8226456791162 87.324098572134972 129.78663149476051 181.06012961268425 145.05368441343307 197.75326311588287 502.50213059782982 400.25940668582916 9431.3511323928833 513.57588747143745
leaf_count=384 1806 2777 259 307 513 171 561 1681 509 22182 1233
internal_value=6.82879e-06 1.33413e-05 0.000132843 0.000102298 0.00022041 0.000683871 2.28331e-05 -0.000104908 -0.000197941 -1.97743e-05 2.39311e-05
internal_weight=13759.7 13559.2 2929.07 2841.75 1809.2 523.867 378.813 1032.55 902.762 10630.2 1285.33
internal_count=32383 31999 7040 6781 4284 1245 1074 2497 2190 24959 3039
is_linear=0
shrinkage=0.025


Tree=153
num_leaves=12
num_cat=0
split_feature=0 0 3 3 1 3 1 3 4 0 0
split_gain=0.0581106 0.138494 0.142265 0.898121 0.120962 0.112218 0.115355 0.0877963 0.229729 0.179 0.639866
threshold=4.0000000000000009 9.0000000000000018 189.50000000000003 180.50000000000003 15.500000000000002 272.50000000000006 10.500000000000002 151.50000000000003 1.0000000180025095e-35 14.500000000000002 21.000000000000004
decision_type=2 2 2 2 2 2 2 2 2 2 2
left_child=-1 2 3 -2 5 6 -4 8 -3 -10 -11
right_child=1 7 4 -5 -6 -7 -8 -9 9 10 -12
leaf_value=-0.00013382310124093052 -0.00014196482986226369 -0.00010211901926787876 0.0002550268823381453 0.0034295390214717893 -0.00020193236232548739 -3.7728760973695538e-05 0.0011552240181839097 -2.14411707140282e-05 -8.0189340769041309e-05 0.0032370762771500557 0.00018618030274585685
leaf_weight=1602.1749557703733 152.66371291875839 419.98121620714664 244.02390688657761 41.003721058368683 372.64534068107605 271.1508264541626 135.74770286679268 10251.983759820461 92.391547471284866 46.336477905511856 129.56558774411678
leaf_count=3776 814 2661 530 154 656 321 295 21392 614 308 862
internal_value=6.74894e-06 2.54636e-05 0.000276169 0.000864439 0.00015043 0.00035216 0.000618495 -2.88351e-06 0.000266336 0.00081018 0.00123828
internal_weight=13759.7 12157.5 1217.24 193.667 1023.57 650.922 379.772 10940.3 688.275 268.294 175.902
internal_count=32383 28607 2770 968 1802 1146 825 25837 4445 1784 1170
is_linear=0
shrinkage=0.025


Tree=154
num_leaves=12
num_cat=0
split_feature=8 6 2 3 14 12 0 0 0 1 3
split_gain=0.0565075 0.0591236 0.0960817 0.10022 0.0580849 0.102841 0.0727798 0.21362 0.215564 0.513493 1.4538
threshold=1.5500000000000003 26.050000000000004 4.5000000000000009 198.50000000000003 1.0000000180025095e-35 9.3500000000000032 27.000000000000004 25.500000000000004 21.000000000000004 6.5000000000000009 254.50000000000003
decision_type=2 2 2 2 2 2 2 2 2 2 2
left_child=1 4 -3 -4 6 -6 7 8 -1 10 -10
right_child=-2 2 3 -5 5 -7 -8 -9 9 -11 -12
leaf_value=-5.0791235029286074e-05 0.0004404354570650595 4.2626210577258248e-05 0.00015609985305099685 0.0014624836144983967 0.0011005907365353607 -0.00017245427676139836 0.00010283019197426917 -0.00031086577195633849 -0.00073446299099661806 9.8011330855510219e-05 0.0035363914842631789
leaf_weight=7373.6359778940678 165.33774338662624 390.82047283649445 85.411606281995773 52.515911787748337 59.320845663547516 70.05142417550087 2584.2303779423237 1577.8921991586685 86.258142292499542 1232.1661751866341 82.027879178524017
leaf_count=16629 501 1384 357 126 359 453 5831 3597 272 2765 109
internal_value=6.85394e-06 9.41344e-07 0.000255162 0.000775723 -9.72093e-06 0.000480478 -1.53574e-05 -4.50027e-05 3.40711e-06 0.000285468 0.0015018
internal_weight=13759.7 13594.3 528.748 137.928 13065.6 129.372 12936.2 10352 8774.09 1400.45 168.286
internal_count=32383 31882 1867 483 30015 812 29203 23372 19775 3146 381
is_linear=0
shrinkage=0.025


Tree=155
num_leaves=12
num_cat=0
split_feature=5 5 13 0 0 3 1 1 3 1 0
split_gain=0.0554409 0.0804661 0.106236 0.104546 0.244464 0.817283 0.17384 0.0913676 0.105429 0.0887085 0.0882183
threshold=1.0522426454215306 5.6101237220163602 1.0000000180025095e-35 25.500000000000004 21.000000000000004 277.50000000000006 10.500000000000002 1.0000000180025095e-35 257.50000000000006 7.5000000000000009 11.500000000000002
decision_type=2 2 2 2 2 2 2 2 2 2 2
left_child=-1 2 3 4 10 6 -6 -5 -9 -3 -2
right_child=1 9 -4 7 5 -7 -8 8 -10 -11 -12
leaf_value=-0.0003864323504052386 0.00019132757971477852 -0.00021946625637131708 0.00090206398875925615 0.00047500594909499191 -0.00046468165222195764 0.0022301993274499092 0.00053668098320114365 5.0636158233936012e-05 -0.00048414811288007248 7.1643849048921127e-06 -0.00022461505762222815
leaf_weight=200.4234836101532 771.75626213848591 1198.8226456791162 87.324098572134972 129.78663149476051 189.16019633412361 129.61883592605591 205.08804488182068 502.50213059782982 400.25940668582916 9431.3511323928833 513.57588747143745
leaf_count=384 1806 2777 259 307 524 150 571 1681 509 22182 1233
internal_value=6.88836e-06 1.32628e-05 0.000128812 9.89124e-05 0.000212619 0.000656939 5.69889e-05 -0.000100576 -0.000191827 -1.87581e-05 2.42357e-05
internal_weight=13759.7 13559.2 2929.07 2841.75 1809.2 523.867 394.248 1032.55 902.762 10630.2 1285.33
internal_count=32383 31999 7040 6781 4284 1245 1095 2497 2190 24959 3039
is_linear=0
shrinkage=0.025


Tree=156
num_leaves=12
num_cat=0
split_feature=0 0 3 0 0 4 0 0 1 0 1
split_gain=0.055416 0.135928 0.128334 0.245121 0.509218 0.277677 0.204081 0.250118 0.593068 0.326487 0.166365
threshold=4.0000000000000009 11.500000000000002 151.50000000000003 21.000000000000004 14.500000000000002 1.0000000180025095e-35 21.000000000000004 25.500000000000004 6.5000000000000009 27.000000000000004 2.5000000000000004
decision_type=2 2 2 2 2 2 2 2 2 2 2
left_child=-1 -2 3 4 -3 -6 -4 8 -8 -9 -11
right_child=1 2 6 -5 5 -7 7 9 -10 10 -12
leaf_value=-0.00013046368558354383 0.00017698393691476912 -0.0002590330363645046 -0.00020299334373916002 -7.0756666978267753e-05 0.00060226233807022665 0.0031805162697942919 0.0016612373675117871 -0.00033281659275198995 0.00013441397920953868 0.0010598898219216634 7.8499771887478084e-05
leaf_weight=1602.1749557703733 2807.4049896448851 108.55141207575798 3210.5875026583672 364.89851926267147 62.49634250998497 46.336477905511856 163.18495465815067 1571.9828326404095 1240.4542623907328 93.148089349269867 2488.4484169185162
leaf_count=3776 6557 702 6688 2353 396 308 335 3303 2584 217 5164
internal_value=6.811e-06 2.50863e-05 -2.08021e-05 0.000332295 0.000957813 0.00202331 -4.49546e-05 4.675e-05 0.000332764 -5.10356e-05 0.000121786
internal_weight=13759.7 12157.5 9350.09 582.283 217.384 108.833 8767.81 5557.22 1403.64 4153.58 2581.6
internal_count=32383 28607 22050 3759 1406 704 18291 11603 2919 8684 5381
is_linear=0
shrinkage=0.025


Tree=157
num_leaves=12
num_cat=0
split_feature=8 7 3 3 3 4 0 0 3 0 3
split_gain=0.0545577 0.056594 0.253506 0.0601333 0.235635 0.215428 0.175895 0.572491 0.14425 0.200561 0.159725
threshold=1.0500000000000003 25.250000000000004 213.50000000000003 164.50000000000003 176.50000000000003 1.0000000180025095e-35 14.500000000000002 21.000000000000004 189.50000000000003 9.0000000000000018 221.50000000000003
decision_type=2 2 2 2 2 2 2 2 2 2 2
left_child=1 3 -3 5 -5 -1 -7 -8 9 -6 -10
right_child=-2 2 -4 4 8 6 7 -9 10 -11 -12
leaf_value=-8.6022071516451951e-05 0.00033414547077865602 3.6579239539905303e-05 0.0014545296295175043 -0.00056450192736683363 0.0013046718400994107 -4.5388627007021751e-07 0.0027277016779990002 0.00018551281575793633 -0.00028721801516021515 0.0001251114306463094 9.4933285345952928e-06
leaf_weight=821.27977077662945 291.13592337071896 632.87213034927845 70.197628855705261 474.80114364624023 98.647465318441391 180.71033652126789 63.087749794125557 175.75136153399944 1271.5202679634094 396.17465569078922 9283.4903219640255
leaf_count=4869 800 2079 149 2089 381 1103 385 1074 3701 1531 14222
internal_value=6.85472e-06 -7.04957e-07 0.00021447 -1.28729e-05 -3.0757e-05 0.000151086 0.000598026 0.00101589 -6.84406e-06 0.000401817 -2.67259e-05
internal_weight=13759.7 13468.5 703.07 12765.5 11524.6 1240.83 419.549 238.839 11049.8 494.822 10555
internal_count=32383 31583 2228 29355 21924 7431 2562 1459 19835 1912 17923
is_linear=0
shrinkage=0.025


Tree=158
num_leaves=12
num_cat=0
split_feature=5 5 13 0 0 3 1 5 5 3 1
split_gain=0.0539145 0.0744376 0.102066 0.0963498 0.224203 0.780916 0.211705 0.0893909 0.19749 0.15652 0.0834716
threshold=1.0522426454215306 5.6101237220163602 1.0000000180025095e-35 25.500000000000004 21.000000000000004 274.50000000000006 10.500000000000002 3.0184591316827398 1.7721339317720315 250.50000000000003 7.5000000000000009
decision_type=2 2 2 2 2 2 2 2 2 2 2
left_child=-1 2 3 4 -2 6 -6 8 -5 -9 -3
right_child=1 10 -4 7 5 -7 -8 9 -10 -11 -12
leaf_value=-0.00038099509864773068 2.3745892146405837e-05 -0.00021233322082520167 0.00088217522406671192 -0.00044167807884349785 -0.00058100071373951652 0.0020648173758490741 0.0005440478744352218 0.00014318623815847315 0.00088071622786985669 -0.0005503850709667671 7.5052609822029331e-06
leaf_weight=200.4234836101532 1285.3321496099234 1198.8226456791162 87.324098572134972 111.11000400781631 181.06012961268425 145.05368441343307 197.75326311588287 370.90368378162384 137.48788666725159 413.04659432172775 9431.3511323928833
leaf_count=384 3039 2777 259 334 513 171 561 1284 333 546 22182
internal_value=6.87347e-06 1.31594e-05 0.000124295 9.5004e-05 0.000204163 0.000629672 4.14259e-06 -9.65054e-05 0.000300798 -0.000226843 -1.76393e-05
internal_weight=13759.7 13559.2 2929.07 2841.75 1809.2 523.867 378.813 1032.55 248.598 783.95 10630.2
internal_count=32383 31999 7040 6781 4284 1245 1074 2497 667 1830 24959
is_linear=0
shrinkage=0.025


Tree=159
num_leaves=12
num_cat=0
split_feature=0 0 3 0 0 4 0 0 1 0 1
split_gain=0.0530241 0.129664 0.120405 0.23158 0.480664 0.256739 0.1932 0.230647 0.567598 0.309702 0.158249
threshold=4.0000000000000009 11.500000000000002 151.50000000000003 21.000000000000004 14.500000000000002 1.0000000180025095e-35 21.000000000000004 25.500000000000004 6.5000000000000009 27.000000000000004 2.5000000000000004
decision_type=2 2 2 2 2 2 2 2 2 2 2
left_child=-1 -2 3 4 -3 -6 -4 8 -8 -9 -11
right_child=1 2 6 -5 5 -7 7 9 -10 10 -12
leaf_value=-0.00012749168012752494 0.00017302083556141213 -0.00025227628226872799 -0.00019731730318152852 -6.9845238826721914e-05 0.00059279361390826742 0.0030791789579075711 0.0016199161089596641 -0.00032267573166307244 0.00012637680776315894 0.0010350376241759602 7.7854796930275884e-05
leaf_weight=1602.1749557703733 2807.4049896448851 108.55141207575798 3210.5875026583672 364.89851926267147 62.49634250998497 46.336477905511856 163.18495465815067 1571.9828326404095 1240.4542623907328 93.148089349269867 2488.4484169185162
leaf_count=3776 6557 702 6688 2353 396 308 335 3303 2584 217 5164
internal_value=6.78799e-06 2.46644e-05 -2.01546e-05 0.000321861 0.000929863 0.00196507 -4.35491e-05 4.56768e-05 0.000320331 -4.82289e-05 0.000120083
internal_weight=13759.7 12157.5 9350.09 582.283 217.384 108.833 8767.81 5557.22 1403.64 4153.58 2581.6
internal_count=32383 28607 22050 3759 1406 704 18291 11603 2919 8684 5381
is_linear=0
shrinkage=0.025


Tree=160
num_leaves=12
num_cat=0
split_feature=5 5 13 0 0 3 1 5 5 3 12
split_gain=0.0523905 0.0684076 0.0971701 0.0893449 0.204581 0.748892 0.171041 0.084297 0.188358 0.149063 0.0821704
threshold=1.0522426454215306 5.6101237220163602 1.0000000180025095e-35 25.500000000000004 21.000000000000004 277.50000000000006 10.500000000000002 3.0184591316827398 1.7721339317720315 250.50000000000003 8.3500000000000032
decision_type=2 2 2 2 2 2 2 2 2 2 2
left_child=-1 2 3 4 -2 6 -6 8 -5 -9 -3
right_child=1 10 -4 7 5 -7 -8 9 -10 -11 -12
leaf_value=-0.00037552119673639987 2.3754039893196161e-05 -9.7593893081966669e-05 0.00085900244077607556 -0.00043257499406427211 -0.00048653355217126215 0.0021085033129431136 0.000506529490172744 0.00014106168132559734 0.00085880253029954807 -0.00053574232441586859 4.2865875160966107e-05
leaf_weight=200.4234836101532 1285.3321496099234 4487.656738370657 87.324098572134972 111.11000400781631 189.16019633412361 129.61883592605591 205.08804488182068 370.90368378162384 137.48788666725159 413.04659432172775 6142.5170397013426
leaf_count=384 3039 10210 259 334 524 150 571 1284 333 546 14749
internal_value=6.82637e-06 1.30227e-05 0.000119562 9.09952e-05 0.000196113 0.000602578 2.95723e-05 -9.3415e-05 0.000292393 -0.000219989 -1.65028e-05
internal_weight=13759.7 13559.2 2929.07 2841.75 1809.2 523.867 394.248 1032.55 248.598 783.95 10630.2
internal_count=32383 31999 7040 6781 4284 1245 1095 2497 667 1830 24959
is_linear=0
shrinkage=0.025


Tree=161
num_leaves=12
num_cat=0
split_feature=8 6 2 3 0 0 0 1 3 11 3
split_gain=0.0519691 0.0552218 0.0904499 0.0957771 0.0514972 0.184976 0.155565 0.444655 1.48342 0.14066 0.13628
threshold=1.5500000000000003 26.050000000000004 4.5000000000000009 198.50000000000003 27.000000000000004 25.500000000000004 21.000000000000004 6.5000000000000009 257.50000000000006 31.500000000000004 150.50000000000003
decision_type=2 2 2 2 2 2 2 2 2 2 2
left_child=1 4 -3 -4 5 6 10 8 -8 -6 -1
right_child=-2 2 3 -5 9 -7 7 -9 -10 -11 -12
leaf_value=0.00038616395939454652 0.00042255606730283077 4.0597156980054353e-05 0.00014748156651858829 0.0014229921857548001 0.00038848177822944479 -0.0002798993455441597 -0.00074796069000710992 7.5801120005568161e-05 0.0035354834569581843 -2.2162758709993231e-05 -6.1964934866107438e-05
leaf_weight=431.47877641022205 165.33774338662624 390.82047283649445 85.411606281995773 52.515911787748337 696.60047842562199 1597.052483946085 92.702572003006935 1246.9541065841913 77.908173978328705 1906.1146606057882 7016.7717695385218
leaf_count=2816 501 1384 357 126 1783 3717 294 2858 102 4164 14281
internal_value=6.75051e-06 1.08005e-06 0.000246769 0.000751838 -9.22464e-06 -3.39991e-05 1.08267e-05 0.000248957 0.00137377 8.9868e-05 -3.50401e-05
internal_weight=13759.7 13594.3 528.748 137.928 13065.6 10462.9 8865.82 1417.56 170.611 2602.72 7448.25
internal_count=32383 31882 1867 483 30015 24068 20351 3254 396 5947 17097
is_linear=0
shrinkage=0.025


Tree=162
num_leaves=12
num_cat=0
split_feature=1 2 3 3 3 1 13 6 3 1 0
split_gain=0.0513112 0.0781405 0.130468 0.0752301 0.0942269 0.103612 0.110036 0.129768 0.0812108 0.160626 0.100579
threshold=12.500000000000002 3.5000000000000004 278.50000000000006 179.50000000000003 189.50000000000003 15.500000000000002 1.0000000180025095e-35 18.850000000000005 231.50000000000003 20.500000000000004 25.500000000000004
decision_type=2 2 2 2 2 2 2 2 2 2 2
left_child=-1 2 3 -2 -5 -6 7 8 9 -7 -10
right_child=1 -3 -4 4 5 6 -8 -9 10 -11 -12
leaf_value=-4.3866054010215588e-05 -0.00017759034445463388 0.00015551996070606631 -0.00022284825617240912 0.0006499263541408616 0.00035269228102398418 -0.00016435247469264057 0.00069570112732611706 -0.00039259344108756296 0.0001590491207528175 0.0011249460945340203 -0.00039162388673511807
leaf_weight=6541.7836338281631 583.87051205337048 2798.7876390218735 1286.8842015266418 183.38231331110001 644.98921528458595 110.5373939871788 106.56912088394165 507.07643765211105 602.59346044063568 102.32955890893936 290.86526888608932
leaf_count=15443 3201 6611 1485 693 1350 264 296 1265 1026 252 497
internal_value=6.77433e-06 5.26656e-05 -1.28833e-05 7.42484e-05 0.000132883 8.76764e-05 -1.46162e-05 -6.94783e-05 8.29606e-05 0.000498826 -2.48718e-05
internal_weight=13759.7 7217.89 4419.1 3132.21 2548.34 2364.96 1719.97 1613.4 1106.33 212.867 893.459
internal_count=32383 16940 10329 8844 5643 4950 3600 3304 2039 516 1523
is_linear=0
shrinkage=0.025


Tree=163
num_leaves=12
num_cat=0
split_feature=0 0 3 3 1 3 1 1 3 4 0
split_gain=0.050133 0.125302 0.136528 0.858559 0.117433 0.105699 0.109779 0.0805864 0.0742651 0.20154 0.159931
threshold=4.0000000000000009 9.0000000000000018 189.50000000000003 180.50000000000003 15.500000000000002 272.50000000000006 10.500000000000002 21.500000000000004 151.50000000000003 1.0000000180025095e-35 14.500000000000002
decision_type=2 2 2 2 2 2 2 2 2 2 2
left_child=7 2 3 -2 5 6 -4 -1 9 -3 -11
right_child=1 8 4 -5 -6 -7 -8 -9 -10 10 -12
leaf_value=-0.00018321700732589312 -0.00014461361526284917 -0.00010022387195470108 0.00024293326721323621 0.0033467037976128832 -0.00020738180129110741 -3.9789345165979845e-05 0.0011202435050113682 0.00038487687941633688 -1.9979832975776347e-05 -8.5545222554323679e-05 0.0011588542367647094
leaf_weight=1446.3452674299479 152.66371291875839 419.98121620714664 244.02390688657761 41.003721058368683 372.64534068107605 271.1508264541626 135.74770286679268 155.82968834042549 10251.983759820461 92.391547471284866 175.90206564962864
leaf_count=3408 814 2661 530 154 656 321 295 368 21392 614 1170
internal_value=6.66829e-06 2.40504e-05 0.000262517 0.000838648 0.000139525 0.000338386 0.00059688 -0.000123899 -2.9125e-06 0.000244694 0.000754118
internal_weight=13759.7 12157.5 1217.24 193.667 1023.57 650.922 379.772 1602.17 10940.3 688.275 268.294
internal_count=32383 28607 2770 968 1802 1146 825 3776 25837 4445 1784
is_linear=0
shrinkage=0.025


Tree=164
num_leaves=12
num_cat=0
split_feature=5 5 13 8 1 12 8 3 3 3 1
split_gain=0.0499644 0.0635112 0.0922324 0.0850414 0.0772591 0.0728939 0.072493 0.0875683 0.20711 0.162413 0.106025
threshold=1.0522426454215306 5.6101237220163602 1.0000000180025095e-35 0.35000000000000003 7.5000000000000009 8.3500000000000032 1.0500000000000003 232.50000000000003 269.50000000000006 193.50000000000003 17.500000000000004
decision_type=2 2 2 2 2 2 2 2 2 2 2
left_child=-1 2 3 -2 -3 -6 7 9 -9 -7 -11
right_child=1 4 -4 -5 5 6 -8 8 -10 10 -12
leaf_value=-0.00036668978789793961 4.8025998474553216e-05 -0.00020300767568813939 0.00083579117111658792 0.00056186608786277538 -7.4661856998527653e-05 9.8078612976900702e-05 0.00057802739514551456 0.00035250333758095901 -4.1199263821491322e-05 -0.00053965982004630794 8.5803874307564191e-05
leaf_weight=200.4234836101532 2643.3073462098837 1198.8226456791162 87.324098572134972 198.44004932045937 3866.8730825334787 1251.3080992102623 148.02544920146465 1443.4237226247787 1936.5370317697525 551.45955526828766 233.7241917848587
leaf_count=384 6372 2777 259 409 8691 6202 412 2540 2285 1436 616
internal_value=6.70017e-06 1.27513e-05 0.000115407 8.75836e-05 -1.56983e-05 8.48989e-06 6.63342e-05 5.02752e-05 0.000128017 -7.87434e-05 -0.000355972
internal_weight=13759.7 13559.2 2929.07 2841.75 10630.2 9431.35 5564.48 5416.45 3379.96 2036.49 785.184
internal_count=32383 31999 7040 6781 24959 22182 13491 13079 4825 8254 2052
is_linear=0
shrinkage=0.025


Tree=165
num_leaves=12
num_cat=0
split_feature=5 1 7 0 5 1 5 13 0 0 3
split_gain=0.0482557 0.063035 0.0705434 0.12669 0.124611 0.081229 0.0907672 0.0953842 0.0707368 0.0837593 0.0700717
threshold=7.9549388348688348 10.500000000000002 1.9500000000000002 21.000000000000004 4.9211102491195282 2.5000000000000004 3.6486588433922895 1.0000000180025095e-35 27.000000000000004 11.500000000000002 274.50000000000006
decision_type=2 2 2 2 2 2 2 2 2 2 2
left_child=1 2 3 -1 -5 8 -7 -8 9 -4 -3
right_child=-2 10 5 4 -6 6 7 -9 -10 -11 -12
leaf_value=-0.00012098424259799549 -0.00017506213771757812 0.00011144214254019023 0.00039830849718818905 0.0010572142855956935 0.00010266700049151186 -0.00046272625653058215 -0.0001195017811876658 0.00058638263885773807 0.00072763436759011981 -0.00016833754563708799 -4.8712826469186339e-05
leaf_weight=422.00156384706497 837.41236637532711 5512.367978900671 238.71084442734718 132.16148915886879 206.16392102837563 459.1487495303154 2878.6832476109266 105.15283498167992 90.315836563706398 421.663898229599 2455.8860251307487
leaf_count=722 1651 16075 600 240 324 1164 7112 312 252 1046 2885
internal_value=6.5811e-06 1.86046e-05 -5.12959e-05 0.000167381 0.000513742 -9.15489e-05 -0.000142861 -9.08872e-05 0.00014139 4.21799e-05 6.20826e-05
internal_weight=13759.7 12922.3 4954 760.327 338.325 4193.68 3442.98 2983.84 750.691 660.375 7968.25
internal_count=32383 30732 11772 1286 564 10486 8588 7424 1898 1646 18960
is_linear=0
shrinkage=0.025


Tree=166
num_leaves=12
num_cat=0
split_feature=0 0 3 0 0 4 0 0 1 0 1
split_gain=0.0475943 0.120599 0.10899 0.223054 0.459146 0.242439 0.175927 0.204532 0.523896 0.279411 0.147596
threshold=4.0000000000000009 11.500000000000002 151.50000000000003 21.000000000000004 14.500000000000002 1.0000000180025095e-35 21.000000000000004 25.500000000000004 6.5000000000000009 27.000000000000004 10.500000000000002
decision_type=2 2 2 2 2 2 2 2 2 2 2
left_child=-1 -2 3 4 -3 -6 -4 8 -8 -9 -10
right_child=1 2 6 -5 5 -7 7 9 10 -11 -12
leaf_value=-0.00012073381409990069 0.00016649802366723674 -0.00025211998119443172 -0.00018879129751345943 -7.8334314807110771e-05 0.00057933178961428117 0.0029972300176497931 0.0015502235674687832 -0.00030602489161099696 -0.00036000089496022363 0.00011452338223737732 0.00026620867174118257
leaf_weight=1602.1749557703733 2807.4049896448851 108.55141207575798 3210.5875026583672 364.89851926267147 62.49634250998497 46.336477905511856 163.18495465815067 1571.9828326404095 291.87159115076065 2581.596506267786 948.58267123997211
leaf_count=3776 6557 702 6688 2353 396 308 335 3303 608 5381 1976
internal_value=6.48509e-06 2.34214e-05 -1.98017e-05 0.000305599 0.000902369 0.00191425 -4.20584e-05 4.30871e-05 0.000301726 -4.5343e-05 0.000115491
internal_weight=13759.7 12157.5 9350.09 582.283 217.384 108.833 8767.81 5557.22 1403.64 4153.58 1240.45
internal_count=32383 28607 22050 3759 1406 704 18291 11603 2919 8684 2584
is_linear=0
shrinkage=0.025


Tree=167
num_leaves=12
num_cat=0
split_feature=5 5 13 0 0 3 1 1 3 7 12
split_gain=0.0478646 0.0586802 0.0868813 0.080766 0.1775 0.700955 0.165852 0.0820865 0.0926415 0.0791582 0.0725256
threshold=1.0522426454215306 5.6101237220163602 1.0000000180025095e-35 25.500000000000004 21.000000000000004 277.50000000000006 10.500000000000002 1.0000000180025095e-35 257.50000000000006 8.2500000000000018 8.3500000000000032
decision_type=2 2 2 2 2 2 2 2 2 2 2
left_child=-1 2 3 4 9 6 -6 -5 -9 -2 -3
right_child=1 10 -4 7 5 -7 -8 8 -10 -11 -12
leaf_value=-0.00035897767711617971 -0.00020499409013378339 -9.1126519756652371e-05 0.00081023285975321277 0.00045418823677424752 -0.00049799564274366048 0.0020195484615117255 0.00047981975402993813 4.9436395037235243e-05 -0.00045180728414441148 0.00018679711196553222 4.0832268466712746e-05
leaf_weight=200.4234836101532 533.70749853551388 4487.656738370657 87.324098572134972 129.78663149476051 189.16019633412361 129.61883592605591 205.08804488182068 502.50213059782982 400.25940668582916 751.62465107440948 6142.5170397013426
leaf_count=384 916 10210 259 307 524 150 571 1681 509 2123 14749
internal_value=6.48146e-06 1.24042e-05 0.000111078 8.40813e-05 0.000184033 0.000562644 9.27179e-06 -9.12208e-05 -0.000177777 2.34657e-05 -1.49422e-05
internal_weight=13759.7 13559.2 2929.07 2841.75 1809.2 523.867 394.248 1032.55 902.762 1285.33 10630.2
internal_count=32383 31999 7040 6781 4284 1245 1095 2497 2190 3039 24959
is_linear=0
shrinkage=0.025


Tree=168
num_leaves=12
num_cat=0
split_feature=5 3 5 0 3 1 3 5 6 2 1
split_gain=0.0468924 0.134314 0.0835012 0.182868 0.108607 0.0858893 0.163473 0.177393 0.118544 0.0770626 0.0706193
threshold=1.8901881706909898 277.50000000000006 5.6101237220163602 39.000000000000007 251.50000000000003 5.5000000000000009 275.50000000000006 5.0384778491657878 4.6500000000000012 5.5000000000000009 7.5000000000000009
decision_type=2 2 2 2 2 2 2 2 2 2 2
left_child=1 -1 3 5 -5 6 7 -2 -7 -10 -4
right_child=2 -3 10 4 -6 8 -8 -9 9 -11 -12
leaf_value=-0.00043275464770870122 -3.2428174884834779e-05 0.00038378543247591683 -0.00019365113677355766 0.0014334121620221945 0.00024039051423129407 0.00099546917723946303 -0.00052883144383642107 0.0010252506236277715 0.00025411913124280349 -0.00021869383011935656 8.5535023667306369e-06
leaf_weight=429.62398962676525 683.7720869332552 157.31888955831528 1198.8226456791162 83.614836677908897 106.64007806777954 93.261947959661484 329.36582434177399 95.691586524248123 884.26257468760014 265.94316333532333 9431.3511323928833
leaf_count=1226 1999 182 2777 282 138 202 385 275 2095 640 22182
internal_value=6.40781e-06 -0.000208462 1.62834e-05 0.00014439 0.000851185 8.05297e-05 -7.88116e-05 0.000119819 0.000221616 0.000142929 -1.45711e-05
internal_weight=13759.7 586.943 13172.7 2542.55 190.255 2352.3 1108.83 779.464 1243.47 1150.21 10630.2
internal_count=32383 1408 30975 6016 420 5596 2659 2274 2937 2735 24959
is_linear=0
shrinkage=0.025


Tree=169
num_leaves=12
num_cat=0
split_feature=8 7 3 2 3 3 4 0 0 3 0
split_gain=0.0469093 0.0510974 0.230418 0.0490691 0.0474987 0.224801 0.187722 0.15703 0.509914 0.13452 0.195226
threshold=1.5500000000000003 25.350000000000005 213.50000000000003 1.5000000000000002 164.50000000000003 176.50000000000003 1.0000000180025095e-35 14.500000000000002 21.000000000000004 189.50000000000003 9.0000000000000018
decision_type=2 2 2 2 2 2 2 2 2 2 2
left_child=1 4 -3 -2 6 -6 -1 -8 -9 10 -7
right_child=3 2 -4 -5 5 9 7 8 -10 -11 -12
leaf_value=-8.6785457415800295e-05 0.00070564557061530888 4.0026870674017936e-05 0.0014337825045516372 -0.0001139550955193012 -0.00054539043309806477 0.0012724820802046456 -1.1463614499702786e-05 0.0025442996559374483 0.00016507177845090436 -2.2086767878492032e-05 0.00011825668748016569
leaf_weight=825.73924849927425 99.318853840231895 618.72460097074509 64.427005290985107 66.018889546394348 478.79579012095928 100.46170265972614 184.09347081184387 64.259094044566154 179.00359736382961 10675.678635746241 403.1478668898344
leaf_count=4896 244 2031 140 257 2107 388 1126 393 1096 18147 1558
internal_value=6.3541e-06 9.66838e-07 0.000208513 0.0004014 -1.03203e-05 -2.61127e-05 0.000134705 0.000547418 0.000939101 -2.93836e-06 0.000388315
internal_weight=13759.7 13594.3 683.152 165.338 12911.2 11658.1 1253.1 427.356 243.263 11179.3 503.61
internal_count=32383 31882 2171 501 29711 22200 7511 2615 1489 20093 1946
is_linear=0
shrinkage=0.025


Tree=170
num_leaves=12
num_cat=0
split_feature=0 0 3 0 0 4 0 0 1 0 11
split_gain=0.0453396 0.115379 0.101958 0.2113 0.43319 0.223903 0.164766 0.188463 0.501232 0.263891 0.141246
threshold=4.0000000000000009 11.500000000000002 151.50000000000003 21.000000000000004 14.500000000000002 1.0000000180025095e-35 21.000000000000004 25.500000000000004 6.5000000000000009 27.000000000000004 31.500000000000004
decision_type=2 2 2 2 2 2 2 2 2 2 2
left_child=-1 -2 3 4 -3 -6 -4 8 -8 -9 -11
right_child=1 2 6 -5 5 -7 7 9 -10 10 -12
leaf_value=-0.00011777426785797888 0.00016287117554700077 -0.00024512009422875564 -0.00018288079171200917 -7.8205561907115375e-05 0.00057035510702081738 0.002901270263877891 0.0015109410046109327 -0.00029670460727757324 0.00010772175189492841 0.00040713494236840951 -2.9441995723912113e-06
leaf_weight=1602.1749557703733 2807.4049896448851 108.55141207575798 3210.5875026583672 364.89851926267147 62.49634250998497 46.336477905511856 163.18495465815067 1571.9828326404095 1240.4542623907328 709.33514370024204 1872.261362567544
leaf_count=3776 6557 702 6688 2353 396 308 335 3303 2584 1696 3685
internal_value=6.39481e-06 2.2925e-05 -1.93524e-05 0.000295377 0.000876224 0.00185909 -4.08787e-05 4.15221e-05 0.000289793 -4.33637e-05 0.000111995
internal_weight=13759.7 12157.5 9350.09 582.283 217.384 108.833 8767.81 5557.22 1403.64 4153.58 2581.6
internal_count=32383 28607 22050 3759 1406 704 18291 11603 2919 8684 5381
is_linear=0
shrinkage=0.025


Tree=171
num_leaves=12
num_cat=0
split_feature=5 3 3 5 1 0 3 5 5 3 12
split_gain=0.0465075 0.128511 0.0785389 0.112284 0.342802 0.108775 0.309273 0.175033 0.15885 0.137372 0.110603
threshold=1.8901881706909898 277.50000000000006 274.50000000000006 5.3059701185146144 5.5000000000000009 39.000000000000007 180.50000000000003 6.3060822227194304 6.9445611583079314 246.50000000000003 4.9500000000000011
decision_type=2 2 2 2 2 2 2 2 2 2 2
left_child=1 -1 5 4 -4 10 -7 -8 -9 -10 -2
right_child=2 -3 3 -5 -6 6 7 8 9 -11 -12
leaf_value=-0.00042689686864129568 -0.00020701291421677183 0.00037195340023375955 -0.00027254237942177126 -0.00012729252022618891 0.00088858577450940865 -0.00065687866189146705 0.001315717467379312 -0.00052640951703736315 0.00011642188890131668 0.0010580545523775826 6.6085968649664983e-05
leaf_weight=429.62398962676525 1043.3561381399632 157.31888955831528 350.90406376123428 3553.96973913908 260.47346949577332 139.14615204930305 136.60365268588066 91.923764318227768 218.90020775794983 162.07398641109467 7215.3747028410435
leaf_count=1226 2981 182 412 4173 307 742 317 213 572 260 20998
internal_value=6.40681e-06 -0.000207579 1.62417e-05 -7.33038e-05 0.000234626 5.77216e-05 0.000342219 0.000583932 0.000327735 0.000549805 3.11676e-05
internal_weight=13759.7 586.943 13172.7 4165.35 611.378 9007.38 748.648 609.502 472.898 380.974 8258.73
internal_count=32383 1408 30975 4892 719 26083 2104 1362 1045 832 23979
is_linear=0
shrinkage=0.025


Tree=172
num_leaves=12
num_cat=0
split_feature=8 7 3 2 0 0 3 3 4 0 0
split_gain=0.0448981 0.0487257 0.222136 0.0471376 0.0449295 0.0531603 0.0446706 0.213107 0.176002 0.146965 0.474371
threshold=1.5500000000000003 25.350000000000005 213.50000000000003 1.5000000000000002 9.0000000000000018 4.0000000000000009 164.50000000000003 176.50000000000003 1.0000000180025095e-35 14.500000000000002 21.000000000000004
decision_type=2 2 2 2 2 2 2 2 2 2 2
left_child=1 6 4 -2 5 -3 8 -8 -1 -10 -11
right_child=3 2 -4 -5 -6 -7 7 -9 9 10 -12
leaf_value=-8.3816065776888194e-05 0.00069100138279203852 -5.6391420739130638e-05 0.001406747719199307 -0.00011219509107174668 -7.4554932583313218e-05 0.00087406040366599816 -0.00053089428540063017 -2.7399253405338106e-06 -1.0466855063969465e-05 0.002457497853383278 0.00016226341905931468
leaf_weight=825.73924849927425 99.318853840231895 71.647266775369644 64.427005290985107 66.018889546394348 489.6946976184845 57.382636576890945 478.79579012095928 11179.288205295801 184.09347081184387 64.259094044566154 179.00359736382961
leaf_count=4896 244 236 140 257 1610 185 2107 20093 1126 393 1096
internal_value=6.30469e-06 1.03406e-06 0.000203706 0.000392789 3.83087e-05 0.000419171 -9.98813e-06 -2.53032e-05 0.000130654 0.000530274 0.000909197
internal_weight=13759.7 13594.3 683.152 165.338 618.725 129.03 12911.2 11658.1 1253.1 427.356 243.263
internal_count=32383 31882 2171 501 2031 421 29711 22200 7511 2615 1489
is_linear=0
shrinkage=0.025


Tree=173
num_leaves=12
num_cat=0
split_feature=5 5 13 8 12 11 0 12 3 3 3
split_gain=0.0444299 0.0509409 0.0797065 0.079399 0.0672625 0.0832622 0.0671531 0.0792023 0.0642738 0.209121 0.117637
threshold=1.0522426454215306 5.6101237220163602 1.0000000180025095e-35 0.35000000000000003 8.3500000000000032 1.0000000180025095e-35 27.000000000000004 4.3500000000000005 273.50000000000006 237.50000000000003 242.50000000000003
decision_type=2 2 2 2 2 2 2 2 2 2 2
left_child=-1 2 3 -2 5 6 7 -3 9 -6 -11
right_child=1 4 -4 -5 8 -7 -8 -9 -10 10 -12
leaf_value=-0.00034578450571204512 3.995236304426115e-05 -0.00036895514461482122 0.00077357354969702483 0.00053634851564174932 -4.9091407332211792e-05 -0.00012996925919635629 0.00068842162049174299 0.0002629429846980997 -7.4615820023084215e-05 0.00083407731404204391 0.00022408613886709596
leaf_weight=200.4234836101532 2643.3073462098837 169.00414928793907 87.324098572134972 198.44004932045937 2467.2468828111887 3868.4926400333643 108.93219588696957 341.22775316238403 2024.0869597792625 215.61808404326439 1435.565113067627
leaf_count=384 6372 377 259 409 9635 8794 244 795 2330 442 2342
internal_value=6.31836e-06 1.20245e-05 0.000103961 7.8122e-05 -1.34556e-05 -8.68248e-05 0.00017837 4.76174e-05 4.0255e-05 9.67984e-05 0.00031277
internal_weight=13759.7 13559.2 2929.07 2841.75 10630.2 4487.66 619.164 510.232 6142.52 4118.43 1651.18
internal_count=32383 31999 7040 6781 24959 10210 1416 1172 14749 12419 2784
is_linear=0
shrinkage=0.025


Tree=174
num_leaves=12
num_cat=0
split_feature=5 3 5 0 3 1 3 5 6 2 1
split_gain=0.0436698 0.122671 0.0729053 0.168773 0.103442 0.0771566 0.152591 0.169558 0.111278 0.0729289 0.0667632
threshold=1.8901881706909898 277.50000000000006 5.6101237220163602 39.000000000000007 250.50000000000003 5.5000000000000009 275.50000000000006 5.0384778491657878 4.6500000000000012 5.5000000000000009 7.5000000000000009
decision_type=2 2 2 2 2 2 2 2 2 2 2
left_child=1 -1 3 5 -5 6 7 -2 -7 -10 -4
right_child=2 -3 10 4 -6 8 -8 -9 9 -11 -12
leaf_value=-0.00041541943554528548 -3.3706892673007472e-05 0.00036500085928502452 -0.00018717709166432919 0.0013914640880206535 0.00022901956342849173 0.00095745643020320095 -0.00051161155222359588 0.0010003064122325687 0.00024003128537710013 -0.00021973248733377638 9.4279842636711309e-06
leaf_weight=429.62398962676525 683.7720869332552 157.31888955831528 1198.8226456791162 81.950005993247032 108.30490875244141 93.261947959661484 329.36582434177399 95.691586524248123 884.26257468760014 265.94316333532333 9431.3511323928833
leaf_count=1226 1999 182 2777 279 141 202 385 275 2095 640 22182
internal_value=6.24716e-06 -0.000201108 1.57772e-05 0.000135479 0.000814459 7.41598e-05 -7.68358e-05 0.000115083 0.000207891 0.000131789 -1.30541e-05
internal_weight=13759.7 586.943 13172.7 2542.55 190.255 2352.3 1108.83 779.464 1243.47 1150.21 10630.2
internal_count=32383 1408 30975 6016 420 5596 2659 2274 2937 2735 24959
is_linear=0
shrinkage=0.025


Tree=175
num_leaves=12
num_cat=0
split_feature=8 3 6 1 3 3 1 5 0 3 0
split_gain=0.0432973 0.0466428 0.374629 0.198748 0.193951 0.192786 0.108289 0.0923741 0.0898451 0.0769776 0.075723
threshold=1.0500000000000003 231.50000000000003 22.250000000000004 20.500000000000004 221.50000000000003 211.50000000000003 2.5000000000000004 2.0156980327251106 39.000000000000007 151.50000000000003 21.000000000000004
decision_type=2 2 2 2 2 2 2 2 2 2 2
left_child=1 3 -3 5 9 7 -7 -1 -8 -5 -9
right_child=-2 2 -4 4 -6 6 8 10 -10 -11 -12
leaf_value=-0.00054755300210201582 0.00029775911236400512 1.1976276043841074e-05 0.0012450590808659916 0.00065018607294466515 0.0012365280826416797 0.00038433737986657342 -0.00053842750748244676 0.00012371639512985137 0.00024424970139578156 -1.7633609158370107e-05 -0.00013564569166837445
leaf_weight=175.5293947905302 291.13592337071896 8463.5625171065331 136.8545663356781 119.08728729188442 101.05740147829056 86.713435620069504 976.85510602593422 1643.7561567872763 89.582897663116455 476.31146994233131 1199.2225993722677
leaf_count=783 800 12331 251 766 240 216 2433 7295 222 1717 5329
internal_value=6.19349e-06 -5.4115e-07 3.44409e-05 -6.22313e-05 0.000322939 -0.000127769 -0.000399739 -2.19223e-05 -0.000469395 0.000132728 1.41292e-05
internal_weight=13759.7 13468.5 8600.42 4868.12 696.456 4171.66 1153.15 3018.51 1066.44 595.399 2842.98
internal_count=32383 31583 12582 19001 2723 16278 2871 13407 2655 2483 12624
is_linear=0
shrinkage=0.025


Tree=176
num_leaves=12
num_cat=0
split_feature=0 0 3 3 1 3 1 1 3 4 0
split_gain=0.0428304 0.111048 0.131712 0.81848 0.115503 0.0962637 0.105086 0.0703511 0.0606254 0.136209 0.146415
threshold=4.0000000000000009 9.0000000000000018 189.50000000000003 180.50000000000003 15.500000000000002 272.50000000000006 10.500000000000002 21.500000000000004 145.50000000000003 1.0000000180025095e-35 21.000000000000004
decision_type=2 2 2 2 2 2 2 2 2 2 2
left_child=7 2 3 -2 5 6 -4 -1 9 -3 -11
right_child=1 8 4 -5 -6 -7 -8 -9 -10 10 -12
leaf_value=-0.00016997227804041557 -0.00014693576221971427 -8.6089138427641212e-05 0.0002252326349522159 0.0032612899866655332 -0.00021750891455146103 -3.7420829104510474e-05 0.0010817811125775302 0.00036078649860045995 -1.6757906104605415e-05 0.0012460615936665277 7.2845330710636805e-06
leaf_weight=1446.3452674299479 152.66371291875839 315.94959361851215 244.02390688657761 41.003721058368683 372.64534068107605 271.1508264541626 135.74770286679268 155.82968834042549 10402.164675161242 114.74702641367912 107.39729395508766
leaf_count=3408 814 2069 530 154 656 321 295 368 22238 790 740
internal_value=6.14586e-06 2.22122e-05 0.000246706 0.000812386 0.000126156 0.00032352 0.000570205 -0.000114538 -3.17001e-06 0.000250692 0.000697233
internal_weight=13759.7 12157.5 1217.24 193.667 1023.57 650.922 379.772 1602.17 10940.3 538.094 222.144
internal_count=32383 28607 2770 968 1802 1146 825 3776 25837 3599 1530
is_linear=0
shrinkage=0.025


Tree=177
num_leaves=12
num_cat=0
split_feature=8 6 2 3 2 3 1 3 3 6 1
split_gain=0.0414015 0.0459235 0.0809458 0.0869137 0.0452781 0.0426552 0.191156 0.179809 0.16752 0.115864 0.114742
threshold=1.5500000000000003 26.050000000000004 4.5000000000000009 198.50000000000003 1.5000000000000002 231.50000000000003 20.500000000000004 221.50000000000003 201.50000000000003 21.950000000000003 1.0000000180025095e-35
decision_type=2 2 2 2 2 2 2 2 2 2 2
left_child=1 5 -3 -4 -2 6 8 -8 -1 -7 -10
right_child=4 2 3 -5 -6 9 7 -9 10 -11 -12
leaf_value=-1.6883750378164046e-06 0.00066977734978019752 3.0565467776851281e-05 0.00013001245541608501 0.0013418632076787342 -0.00011607997575206964 1.1919533488517047e-05 0.00011784554623221916 0.0011731690221901659 0.00052695709390339232 0.00071316509244433537 -0.00038988120896791661
leaf_weight=2240.9253611266613 99.318853840231895 390.82047283649445 85.411606281995773 52.515911787748337 66.018889546394348 8504.8768293261528 552.86072292923927 105.05667784810066 73.59561026096344 129.87364399433136 1458.3941760063171
leaf_count=10835 244 1384 357 126 257 12367 2343 249 194 231 3796
internal_value=6.19206e-06 1.13061e-06 0.000225182 0.000702925 0.000377322 -8.26678e-06 -7.11491e-05 0.000316 -0.00013997 2.40905e-05 -0.000339614
internal_weight=13759.7 13594.3 528.748 137.928 165.338 13065.6 4430.83 657.917 3772.92 8634.75 1531.99
internal_count=32383 31882 1867 483 501 30015 17417 2592 14825 12598 3990
is_linear=0
shrinkage=0.025


Tree=178
num_leaves=12
num_cat=0
split_feature=5 5 13 0 0 3 1 5 5 3 7
split_gain=0.0412392 0.0460075 0.0751309 0.0763645 0.157148 0.654214 0.193775 0.0870746 0.169206 0.134071 0.073656
threshold=1.0522426454215306 5.6101237220163602 1.0000000180025095e-35 25.500000000000004 21.000000000000004 274.50000000000006 10.500000000000002 3.0184591316827398 1.7721339317720315 250.50000000000003 8.2500000000000018
decision_type=2 2 2 2 2 2 2 2 2 2 2
left_child=-1 2 3 4 10 6 -6 8 -5 -9 -2
right_child=1 -3 -4 7 5 -7 -8 9 -10 -11 -12
leaf_value=-0.00033303472904314346 -0.00020017910947259978 -1.2528082345572146e-05 0.000749128043830408 -0.00039325118505434691 -0.00060033482748753694 0.0018410791890400933 0.0004761695228418181 0.0001180891698064561 0.00083184731173112478 -0.00052430351648694701 0.00017774193175975185
leaf_weight=200.4234836101532 533.70749853551388 10630.173778072 87.324098572134972 111.11000400781631 181.06012961268425 145.05368441343307 197.75326311588287 370.90368378162384 137.48788666725159 413.04659432172775 751.62465107440948
leaf_count=384 916 24959 259 334 513 171 561 1284 333 546 2123
internal_value=6.18994e-06 1.16872e-05 9.90584e-05 7.39865e-05 0.000171206 0.000527447 -4.26664e-05 -9.63753e-05 0.000295783 -0.000224997 2.01553e-05
internal_weight=13759.7 13559.2 2929.07 2841.75 1809.2 523.867 378.813 1032.55 248.598 783.95 1285.33
internal_count=32383 31999 7040 6781 4284 1245 1074 2497 667 1830 3039
is_linear=0
shrinkage=0.025


Tree=179
num_leaves=12
num_cat=0
split_feature=0 0 3 0 0 4 0 0 1 0 1
split_gain=0.0406747 0.107636 0.0941578 0.19294 0.408781 0.203001 0.152372 0.174557 0.480827 0.242838 0.137402
threshold=4.0000000000000009 11.500000000000002 151.50000000000003 21.000000000000004 14.500000000000002 1.0000000180025095e-35 21.000000000000004 25.500000000000004 6.5000000000000009 27.000000000000004 2.5000000000000004
decision_type=2 2 2 2 2 2 2 2 2 2 2
left_child=-1 -2 3 4 -3 -6 -4 8 -8 -9 -11
right_child=1 2 6 -5 5 -7 7 9 -10 10 -12
leaf_value=-0.00011149554652736182 0.00015693826005702452 -0.00024912528615389707 -0.00017630622335005781 -7.3648999436236811e-05 0.00055929098917812574 0.00278751008521327 0.0014744184150260529 -0.00028522312527398257 0.00010019437768125854 0.00095932808376542891 6.753188920931313e-05
leaf_weight=1602.1749557703733 2807.4049896448851 108.55141207575798 3210.5875026583672 364.89851926267147 62.49634250998497 46.336477905511856 163.18495465815067 1571.9828326404095 1240.4542623907328 93.148089349269867 2488.4484169185162
leaf_count=3776 6557 702 6688 2353 396 308 335 3303 2584 217 5164
internal_value=6.11249e-06 2.17691e-05 -1.90643e-05 0.000283389 0.00083842 0.00179343 -3.975e-05 3.94924e-05 0.000278428 -4.21997e-05 0.000106837
internal_weight=13759.7 12157.5 9350.09 582.283 217.384 108.833 8767.81 5557.22 1403.64 4153.58 2581.6
internal_count=32383 28607 22050 3759 1406 704 18291 11603 2919 8684 5381
is_linear=0
shrinkage=0.025


end of trees

feature_importances:
route=504
day=455
log_level=366
hour=268
network_regime=84
kind=63
apparent_temperature=50
precipitation=40
temperature_2m=37
dow=33
cloud_cover=33
holiday=26
wind_speed_10m=21

parameters:
[boosting: gbdt]
[objective: regression]
[metric: l2]
[tree_learner: serial]
[device_type: cpu]
[data_sample_strategy: bagging]
[data: ]
[valid: ]
[num_iterations: 180]
[learning_rate: 0.025]
[num_leaves: 12]
[num_threads: 2]
[seed: 42]
[deterministic: 0]
[force_col_wise: 0]
[force_row_wise: 0]
[histogram_pool_size: -1]
[max_depth: -1]
[min_data_in_leaf: 180]
[min_sum_hessian_in_leaf: 0.001]
[bagging_fraction: 1]
[pos_bagging_fraction: 1]
[neg_bagging_fraction: 1]
[bagging_freq: 0]
[bagging_seed: 400]
[bagging_by_query: 0]
[feature_fraction: 1]
[feature_fraction_bynode: 1]
[feature_fraction_seed: 30056]
[extra_trees: 0]
[extra_seed: 12879]
[early_stopping_round: 0]
[early_stopping_min_delta: 0]
[first_metric_only: 0]
[max_delta_step: 0]
[lambda_l1: 0]
[lambda_l2: 20]
[linear_lambda: 0]
[min_gain_to_split: 0]
[drop_rate: 0.1]
[max_drop: 50]
[skip_drop: 0.5]
[xgboost_dart_mode: 0]
[uniform_drop: 0]
[drop_seed: 17869]
[top_rate: 0.2]
[other_rate: 0.1]
[min_data_per_group: 100]
[max_cat_threshold: 32]
[cat_l2: 10]
[cat_smooth: 10]
[max_cat_to_onehot: 4]
[top_k: 20]
[monotone_constraints: ]
[monotone_constraints_method: basic]
[monotone_penalty: 0]
[feature_contri: ]
[forcedsplits_filename: ]
[refit_decay_rate: 0.9]
[cegb_tradeoff: 1]
[cegb_penalty_split: 0]
[cegb_penalty_feature_lazy: ]
[cegb_penalty_feature_coupled: ]
[path_smooth: 0]
[interaction_constraints: ]
[verbosity: -1]
[saved_feature_importance_type: 0]
[use_quantized_grad: 0]
[num_grad_quant_bins: 4]
[quant_train_renew_leaf: 0]
[stochastic_rounding: 1]
[linear_tree: 0]
[max_bin: 255]
[max_bin_by_feature: ]
[min_data_in_bin: 3]
[bin_construct_sample_cnt: 200000]
[data_random_seed: 175]
[is_enable_sparse: 1]
[enable_bundle: 1]
[use_missing: 1]
[zero_as_missing: 0]
[feature_pre_filter: 1]
[pre_partition: 0]
[two_round: 0]
[header: 0]
[label_column: ]
[weight_column: ]
[group_column: ]
[ignore_column: ]
[categorical_feature: ]
[forcedbins_filename: ]
[precise_float_parser: 0]
[parser_config_file: ]
[objective_seed: 16083]
[num_class: 1]
[is_unbalance: 0]
[scale_pos_weight: 1]
[sigmoid: 1]
[boost_from_average: 1]
[reg_sqrt: 0]
[alpha: 0.9]
[fair_c: 1]
[poisson_max_delta_step: 0.7]
[tweedie_variance_power: 1.5]
[lambdarank_truncation_level: 30]
[lambdarank_norm: 1]
[label_gain: ]
[lambdarank_position_bias_regularization: 0]
[eval_at: ]
[multi_error_top_k: 1]
[auc_mu_weights: ]
[num_machines: 1]
[local_listen_port: 12400]
[time_out: 120]
[machine_list_filename: ]
[machines: ]
[gpu_platform_id: -1]
[gpu_device_id: -1]
[gpu_use_dp: 0]
[num_gpu: 1]

end of parameters

pandas_categorical:[]
