route;date;hour;prediction
1;2025-11-01;0;2
1;2025-11-01;1;0
1;2025-11-01;2;0
1;2025-11-01;3;0
1;2025-11-01;4;8
1;2025-11-01;5;109
1;2025-11-01;6;439
1;2025-11-01;7;1396
1;2025-11-01;8;1776
1;2025-11-01;9;1334
1;2025-11-01;10;1210
1;2025-11-01;11;1198
1;2025-11-01;12;1264
1;2025-11-01;13;1305
1;2025-11-01;14;1245
1;2025-11-01;15;1336
1;2025-11-01;16;1406
1;2025-11-01;17;1634
1;2025-11-01;18;1618
1;2025-11-01;19;1207
1;2025-11-01;20;778
1;2025-11-01;21;412
1;2025-11-01;22;157
1;2025-11-01;23;32
1;2025-11-02;0;0
1;2025-11-02;1;0
1;2025-11-02;2;0
1;2025-11-02;3;0
1;2025-11-02;4;0
1;2025-11-02;5;24
1;2025-11-02;6;118
1;2025-11-02;7;268
1;2025-11-02;8;365
1;2025-11-02;9;615
1;2025-11-02;10;702
1;2025-11-02;11;740
1;2025-11-02;12;840
1;2025-11-02;13;847
1;2025-11-02;14;811
1;2025-11-02;15;714
1;2025-11-02;16;652
1;2025-11-02;17;604
1;2025-11-02;18;533
1;2025-11-02;19;474
1;2025-11-02;20;334
1;2025-11-02;21;262
1;2025-11-02;22;100
1;2025-11-02;23;26
1;2025-11-03;0;0
1;2025-11-03;1;0
1;2025-11-03;2;0
1;2025-11-03;3;0
1;2025-11-03;4;0
1;2025-11-03;5;22
1;2025-11-03;6;109
1;2025-11-03;7;248
1;2025-11-03;8;336
1;2025-11-03;9;563
1;2025-11-03;10;641
1;2025-11-03;11;664
1;2025-11-03;12;763
1;2025-11-03;13;755
1;2025-11-03;14;719
1;2025-11-03;15;633
1;2025-11-03;16;574
1;2025-11-03;17;536
1;2025-11-03;18;489
1;2025-11-03;19;440
1;2025-11-03;20;317
1;2025-11-03;21;248
1;2025-11-03;22;97
1;2025-11-03;23;25
1;2025-11-04;0;0
1;2025-11-04;1;0
1;2025-11-04;2;0
1;2025-11-04;3;0
1;2025-11-04;4;0
1;2025-11-04;5;20
1;2025-11-04;6;102
1;2025-11-04;7;232
1;2025-11-04;8;311
1;2025-11-04;9;521
1;2025-11-04;10;593
1;2025-11-04;11;620
1;2025-11-04;12;713
1;2025-11-04;13;707
1;2025-11-04;14;680
1;2025-11-04;15;601
1;2025-11-04;16;553
1;2025-11-04;17;511
1;2025-11-04;18;463
1;2025-11-04;19;417
1;2025-11-04;20;301
1;2025-11-04;21;235
1;2025-11-04;22;93
1;2025-11-04;23;25
1;2025-11-05;0;3
1;2025-11-05;1;0
1;2025-11-05;2;0
1;2025-11-05;3;0
1;2025-11-05;4;9
1;2025-11-05;5;122
1;2025-11-05;6;488
1;2025-11-05;7;1518
1;2025-11-05;8;1946
1;2025-11-05;9;1448
1;2025-11-05;10;1316
1;2025-11-05;11;1291
1;2025-11-05;12;1363
1;2025-11-05;13;1415
1;2025-11-05;14;1356
1;2025-11-05;15;1454
1;2025-11-05;16;1513
1;2025-11-05;17;1784
1;2025-11-05;18;1785
1;2025-11-05;19;1350
1;2025-11-05;20;865
1;2025-11-05;21;464
1;2025-11-05;22;180
1;2025-11-05;23;34
1;2025-11-06;0;3
1;2025-11-06;1;0
1;2025-11-06;2;0
1;2025-11-06;3;0
1;2025-11-06;4;9
1;2025-11-06;5;125
1;2025-11-06;6;498
1;2025-11-06;7;1568
1;2025-11-06;8;2002
1;2025-11-06;9;1491
1;2025-11-06;10;1353
1;2025-11-06;11;1329
1;2025-11-06;12;1403
1;2025-11-06;13;1446
1;2025-11-06;14;1392
1;2025-11-06;15;1471
1;2025-11-06;16;1552
1;2025-11-06;17;1808
1;2025-11-06;18;1828
1;2025-11-06;19;1374
1;2025-11-06;20;880
1;2025-11-06;21;466
1;2025-11-06;22;181
1;2025-11-06;23;36
1;2025-11-07;0;3
1;2025-11-07;1;0
1;2025-11-07;2;0
1;2025-11-07;3;0
1;2025-11-07;4;9
1;2025-11-07;5;124
1;2025-11-07;6;495
1;2025-11-07;7;1556
1;2025-11-07;8;1958
1;2025-11-07;9;1476
1;2025-11-07;10;1330
1;2025-11-07;11;1331
1;2025-11-07;12;1401
1;2025-11-07;13;1444
1;2025-11-07;14;1394
1;2025-11-07;15;1481
1;2025-11-07;16;1565
1;2025-11-07;17;1817
1;2025-11-07;18;1748
1;2025-11-07;19;1336
1;2025-11-07;20;863
1;2025-11-07;21;471
1;2025-11-07;22;185
1;2025-11-07;23;38
1;2025-11-08;0;4
1;2025-11-08;1;0
1;2025-11-08;2;0
1;2025-11-08;3;0
1;2025-11-08;4;0
1;2025-11-08;5;29
1;2025-11-08;6;148
1;2025-11-08;7;347
1;2025-11-08;8;489
1;2025-11-08;9;722
1;2025-11-08;10;884
1;2025-11-08;11;873
1;2025-11-08;12;1033
1;2025-11-08;13;1101
1;2025-11-08;14;1012
1;2025-11-08;15;889
1;2025-11-08;16;762
1;2025-11-08;17;705
1;2025-11-08;18;609
1;2025-11-08;19;538
1;2025-11-08;20;414
1;2025-11-08;21;286
1;2025-11-08;22;111
1;2025-11-08;23;27
1;2025-11-09;0;0
1;2025-11-09;1;0
1;2025-11-09;2;0
1;2025-11-09;3;0
1;2025-11-09;4;0
1;2025-11-09;5;24
1;2025-11-09;6;118
1;2025-11-09;7;269
1;2025-11-09;8;365
1;2025-11-09;9;615
1;2025-11-09;10;702
1;2025-11-09;11;733
1;2025-11-09;12;842
1;2025-11-09;13;843
1;2025-11-09;14;806
1;2025-11-09;15;709
1;2025-11-09;16;643
1;2025-11-09;17;599
1;2025-11-09;18;533
1;2025-11-09;19;478
1;2025-11-09;20;343
1;2025-11-09;21;272
1;2025-11-09;22;104
1;2025-11-09;23;27
1;2025-11-10;0;3
1;2025-11-10;1;0
1;2025-11-10;2;0
1;2025-11-10;3;0
1;2025-11-10;4;9
1;2025-11-10;5;125
1;2025-11-10;6;496
1;2025-11-10;7;1556
1;2025-11-10;8;1986
1;2025-11-10;9;1478
1;2025-11-10;10;1340
1;2025-11-10;11;1322
1;2025-11-10;12;1402
1;2025-11-10;13;1441
1;2025-11-10;14;1394
1;2025-11-10;15;1485
1;2025-11-10;16;1555
1;2025-11-10;17;1828
1;2025-11-10;18;1839
1;2025-11-10;19;1385
1;2025-11-10;20;887
1;2025-11-10;21;470
1;2025-11-10;22;181
1;2025-11-10;23;36
1;2025-11-11;0;3
1;2025-11-11;1;0
1;2025-11-11;2;0
1;2025-11-11;3;0
1;2025-11-11;4;10
1;2025-11-11;5;124
1;2025-11-11;6;506
1;2025-11-11;7;1580
1;2025-11-11;8;2016
1;2025-11-11;9;1507
1;2025-11-11;10;1365
1;2025-11-11;11;1349
1;2025-11-11;12;1424
1;2025-11-11;13;1464
1;2025-11-11;14;1402
1;2025-11-11;15;1493
1;2025-11-11;16;1566
1;2025-11-11;17;1842
1;2025-11-11;18;1847
1;2025-11-11;19;1399
1;2025-11-11;20;894
1;2025-11-11;21;479
1;2025-11-11;22;187
1;2025-11-11;23;38
1;2025-11-12;0;3
1;2025-11-12;1;0
1;2025-11-12;2;0
1;2025-11-12;3;0
1;2025-11-12;4;9
1;2025-11-12;5;126
1;2025-11-12;6;503
1;2025-11-12;7;1565
1;2025-11-12;8;2007
1;2025-11-12;9;1496
1;2025-11-12;10;1357
1;2025-11-12;11;1338
1;2025-11-12;12;1408
1;2025-11-12;13;1455
1;2025-11-12;14;1391
1;2025-11-12;15;1489
1;2025-11-12;16;1555
1;2025-11-12;17;1829
1;2025-11-12;18;1830
1;2025-11-12;19;1386
1;2025-11-12;20;892
1;2025-11-12;21;478
1;2025-11-12;22;186
1;2025-11-12;23;37
1;2025-11-13;0;3
1;2025-11-13;1;0
1;2025-11-13;2;0
1;2025-11-13;3;0
1;2025-11-13;4;9
1;2025-11-13;5;126
1;2025-11-13;6;502
1;2025-11-13;7;1579
1;2025-11-13;8;2016
1;2025-11-13;9;1503
1;2025-11-13;10;1366
1;2025-11-13;11;1349
1;2025-11-13;12;1426
1;2025-11-13;13;1466
1;2025-11-13;14;1406
1;2025-11-13;15;1501
1;2025-11-13;16;1577
1;2025-11-13;17;1836
1;2025-11-13;18;1856
1;2025-11-13;19;1389
1;2025-11-13;20;894
1;2025-11-13;21;476
1;2025-11-13;22;184
1;2025-11-13;23;36
1;2025-11-14;0;3
1;2025-11-14;1;0
1;2025-11-14;2;0
1;2025-11-14;3;0
1;2025-11-14;4;9
1;2025-11-14;5;126
1;2025-11-14;6;501
1;2025-11-14;7;1570
1;2025-11-14;8;1974
1;2025-11-14;9;1493
1;2025-11-14;10;1348
1;2025-11-14;11;1350
1;2025-11-14;12;1415
1;2025-11-14;13;1458
1;2025-11-14;14;1406
1;2025-11-14;15;1496
1;2025-11-14;16;1582
1;2025-11-14;17;1835
1;2025-11-14;18;1762
1;2025-11-14;19;1347
1;2025-11-14;20;875
1;2025-11-14;21;475
1;2025-11-14;22;185
1;2025-11-14;23;38
1;2025-11-15;0;4
1;2025-11-15;1;0
1;2025-11-15;2;0
1;2025-11-15;3;0
1;2025-11-15;4;0
1;2025-11-15;5;29
1;2025-11-15;6;147
1;2025-11-15;7;341
1;2025-11-15;8;481
1;2025-11-15;9;709
1;2025-11-15;10;860
1;2025-11-15;11;850
1;2025-11-15;12;1011
1;2025-11-15;13;1075
1;2025-11-15;14;989
1;2025-11-15;15;875
1;2025-11-15;16;754
1;2025-11-15;17;694
1;2025-11-15;18;602
1;2025-11-15;19;533
1;2025-11-15;20;411
1;2025-11-15;21;284
1;2025-11-15;22;110
1;2025-11-15;23;24
1;2025-11-16;0;0
1;2025-11-16;1;0
1;2025-11-16;2;0
1;2025-11-16;3;0
1;2025-11-16;4;0
1;2025-11-16;5;24
1;2025-11-16;6;117
1;2025-11-16;7;270
1;2025-11-16;8;367
1;2025-11-16;9;615
1;2025-11-16;10;704
1;2025-11-16;11;737
1;2025-11-16;12;845
1;2025-11-16;13;848
1;2025-11-16;14;809
1;2025-11-16;15;714
1;2025-11-16;16;647
1;2025-11-16;17;604
1;2025-11-16;18;536
1;2025-11-16;19;481
1;2025-11-16;20;344
1;2025-11-16;21;274
1;2025-11-16;22;107
1;2025-11-16;23;29
1;2025-11-17;0;3
1;2025-11-17;1;0
1;2025-11-17;2;0
1;2025-11-17;3;0
1;2025-11-17;4;9
1;2025-11-17;5;125
1;2025-11-17;6;498
1;2025-11-17;7;1560
1;2025-11-17;8;1986
1;2025-11-17;9;1478
1;2025-11-17;10;1338
1;2025-11-17;11;1319
1;2025-11-17;12;1395
1;2025-11-17;13;1424
1;2025-11-17;14;1379
1;2025-11-17;15;1468
1;2025-11-17;16;1541
1;2025-11-17;17;1818
1;2025-11-17;18;1837
1;2025-11-17;19;1382
1;2025-11-17;20;886
1;2025-11-17;21;468
1;2025-11-17;22;181
1;2025-11-17;23;35
1;2025-11-18;0;3
1;2025-11-18;1;0
1;2025-11-18;2;0
1;2025-11-18;3;0
1;2025-11-18;4;9
1;2025-11-18;5;119
1;2025-11-18;6;488
1;2025-11-18;7;1531
1;2025-11-18;8;1806
1;2025-11-18;9;1460
1;2025-11-18;10;1312
1;2025-11-18;11;1298
1;2025-11-18;12;1372
1;2025-11-18;13;1407
1;2025-11-18;14;1349
1;2025-11-18;15;1436
1;2025-11-18;16;1509
1;2025-11-18;17;1780
1;2025-11-18;18;1784
1;2025-11-18;19;1355
1;2025-11-18;20;865
1;2025-11-18;21;463
1;2025-11-18;22;179
1;2025-11-18;23;35
1;2025-11-19;0;3
1;2025-11-19;1;0
1;2025-11-19;2;0
1;2025-11-19;3;0
1;2025-11-19;4;9
1;2025-11-19;5;126
1;2025-11-19;6;502
1;2025-11-19;7;1564
1;2025-11-19;8;2007
1;2025-11-19;9;1497
1;2025-11-19;10;1359
1;2025-11-19;11;1343
1;2025-11-19;12;1417
1;2025-11-19;13;1466
1;2025-11-19;14;1401
1;2025-11-19;15;1498
1;2025-11-19;16;1561
1;2025-11-19;17;1837
1;2025-11-19;18;1837
1;2025-11-19;19;1392
1;2025-11-19;20;897
1;2025-11-19;21;479
1;2025-11-19;22;187
1;2025-11-19;23;36
1;2025-11-20;0;3
1;2025-11-20;1;0
1;2025-11-20;2;0
1;2025-11-20;3;0
1;2025-11-20;4;10
1;2025-11-20;5;126
1;2025-11-20;6;503
1;2025-11-20;7;1582
1;2025-11-20;8;2021
1;2025-11-20;9;1507
1;2025-11-20;10;1370
1;2025-11-20;11;1353
1;2025-11-20;12;1430
1;2025-11-20;13;1471
1;2025-11-20;14;1409
1;2025-11-20;15;1505
1;2025-11-20;16;1581
1;2025-11-20;17;1841
1;2025-11-20;18;1855
1;2025-11-20;19;1390
1;2025-11-20;20;896
1;2025-11-20;21;477
1;2025-11-20;22;186
1;2025-11-20;23;37
1;2025-11-21;0;3
1;2025-11-21;1;0
1;2025-11-21;2;0
1;2025-11-21;3;0
1;2025-11-21;4;9
1;2025-11-21;5;126
1;2025-11-21;6;502
1;2025-11-21;7;1579
1;2025-11-21;8;1989
1;2025-11-21;9;1503
1;2025-11-21;10;1358
1;2025-11-21;11;1358
1;2025-11-21;12;1423
1;2025-11-21;13;1467
1;2025-11-21;14;1415
1;2025-11-21;15;1505
1;2025-11-21;16;1590
1;2025-11-21;17;1845
1;2025-11-21;18;1774
1;2025-11-21;19;1357
1;2025-11-21;20;881
1;2025-11-21;21;479
1;2025-11-21;22;188
1;2025-11-21;23;39
1;2025-11-22;0;4
1;2025-11-22;1;0
1;2025-11-22;2;0
1;2025-11-22;3;0
1;2025-11-22;4;0
1;2025-11-22;5;29
1;2025-11-22;6;149
1;2025-11-22;7;346
1;2025-11-22;8;486
1;2025-11-22;9;715
1;2025-11-22;10;875
1;2025-11-22;11;865
1;2025-11-22;12;1034
1;2025-11-22;13;1098
1;2025-11-22;14;1009
1;2025-11-22;15;891
1;2025-11-22;16;764
1;2025-11-22;17;707
1;2025-11-22;18;612
1;2025-11-22;19;541
1;2025-11-22;20;415
1;2025-11-22;21;286
1;2025-11-22;22;109
1;2025-11-22;23;24
1;2025-11-23;0;0
1;2025-11-23;1;0
1;2025-11-23;2;0
1;2025-11-23;3;0
1;2025-11-23;4;0
1;2025-11-23;5;24
1;2025-11-23;6;117
1;2025-11-23;7;270
1;2025-11-23;8;366
1;2025-11-23;9;615
1;2025-11-23;10;702
1;2025-11-23;11;735
1;2025-11-23;12;844
1;2025-11-23;13;845
1;2025-11-23;14;806
1;2025-11-23;15;711
1;2025-11-23;16;643
1;2025-11-23;17;598
1;2025-11-23;18;532
1;2025-11-23;19;477
1;2025-11-23;20;342
1;2025-11-23;21;273
1;2025-11-23;22;107
1;2025-11-23;23;28
1;2025-11-24;0;3
1;2025-11-24;1;0
1;2025-11-24;2;0
1;2025-11-24;3;0
1;2025-11-24;4;9
1;2025-11-24;5;122
1;2025-11-24;6;484
1;2025-11-24;7;1525
1;2025-11-24;8;1948
1;2025-11-24;9;1448
1;2025-11-24;10;1309
1;2025-11-24;11;1287
1;2025-11-24;12;1365
1;2025-11-24;13;1402
1;2025-11-24;14;1360
1;2025-11-24;15;1448
1;2025-11-24;16;1515
1;2025-11-24;17;1787
1;2025-11-24;18;1803
1;2025-11-24;19;1360
1;2025-11-24;20;866
1;2025-11-24;21;462
1;2025-11-24;22;177
1;2025-11-24;23;34
1;2025-11-25;0;3
1;2025-11-25;1;0
1;2025-11-25;2;0
1;2025-11-25;3;0
1;2025-11-25;4;9
1;2025-11-25;5;123
1;2025-11-25;6;504
1;2025-11-25;7;1571
1;2025-11-25;8;2006
1;2025-11-25;9;1501
1;2025-11-25;10;1361
1;2025-11-25;11;1346
1;2025-11-25;12;1421
1;2025-11-25;13;1461
1;2025-11-25;14;1397
1;2025-11-25;15;1491
1;2025-11-25;16;1562
1;2025-11-25;17;1838
1;2025-11-25;18;1843
1;2025-11-25;19;1397
1;2025-11-25;20;897
1;2025-11-25;21;478
1;2025-11-25;22;186
1;2025-11-25;23;37
1;2025-11-26;0;3
1;2025-11-26;1;0
1;2025-11-26;2;0
1;2025-11-26;3;0
1;2025-11-26;4;9
1;2025-11-26;5;125
1;2025-11-26;6;499
1;2025-11-26;7;1559
1;2025-11-26;8;2000
1;2025-11-26;9;1489
1;2025-11-26;10;1349
1;2025-11-26;11;1331
1;2025-11-26;12;1402
1;2025-11-26;13;1450
1;2025-11-26;14;1391
1;2025-11-26;15;1488
1;2025-11-26;16;1549
1;2025-11-26;17;1820
1;2025-11-26;18;1823
1;2025-11-26;19;1380
1;2025-11-26;20;888
1;2025-11-26;21;473
1;2025-11-26;22;185
1;2025-11-26;23;36
1;2025-11-27;0;3
1;2025-11-27;1;0
1;2025-11-27;2;0
1;2025-11-27;3;0
1;2025-11-27;4;10
1;2025-11-27;5;126
1;2025-11-27;6;503
1;2025-11-27;7;1585
1;2025-11-27;8;2025
1;2025-11-27;9;1509
1;2025-11-27;10;1372
1;2025-11-27;11;1352
1;2025-11-27;12;1424
1;2025-11-27;13;1463
1;2025-11-27;14;1401
1;2025-11-27;15;1498
1;2025-11-27;16;1575
1;2025-11-27;17;1836
1;2025-11-27;18;1849
1;2025-11-27;19;1381
1;2025-11-27;20;892
1;2025-11-27;21;472
1;2025-11-27;22;182
1;2025-11-27;23;36
1;2025-11-28;0;3
1;2025-11-28;1;0
1;2025-11-28;2;0
1;2025-11-28;3;0
1;2025-11-28;4;9
1;2025-11-28;5;125
1;2025-11-28;6;496
1;2025-11-28;7;1558
1;2025-11-28;8;1965
1;2025-11-28;9;1484
1;2025-11-28;10;1340
1;2025-11-28;11;1340
1;2025-11-28;12;1406
1;2025-11-28;13;1451
1;2025-11-28;14;1403
1;2025-11-28;15;1492
1;2025-11-28;16;1577
1;2025-11-28;17;1832
1;2025-11-28;18;1764
1;2025-11-28;19;1346
1;2025-11-28;20;870
1;2025-11-28;21;476
1;2025-11-28;22;186
1;2025-11-28;23;37
1;2025-11-29;0;4
1;2025-11-29;1;0
1;2025-11-29;2;0
1;2025-11-29;3;0
1;2025-11-29;4;0
1;2025-11-29;5;30
1;2025-11-29;6;151
1;2025-11-29;7;351
1;2025-11-29;8;497
1;2025-11-29;9;730
1;2025-11-29;10;893
1;2025-11-29;11;882
1;2025-11-29;12;1048
1;2025-11-29;13;1112
1;2025-11-29;14;1021
1;2025-11-29;15;897
1;2025-11-29;16;768
1;2025-11-29;17;710
1;2025-11-29;18;615
1;2025-11-29;19;545
1;2025-11-29;20;419
1;2025-11-29;21;290
1;2025-11-29;22;114
1;2025-11-29;23;27
1;2025-11-30;0;0
1;2025-11-30;1;0
1;2025-11-30;2;0
1;2025-11-30;3;0
1;2025-11-30;4;0
1;2025-11-30;5;24
1;2025-11-30;6;118
1;2025-11-30;7;269
1;2025-11-30;8;366
1;2025-11-30;9;614
1;2025-11-30;10;700
1;2025-11-30;11;735
1;2025-11-30;12;843
1;2025-11-30;13;842
1;2025-11-30;14;805
1;2025-11-30;15;710
1;2025-11-30;16;644
1;2025-11-30;17;600
1;2025-11-30;18;534
1;2025-11-30;19;480
1;2025-11-30;20;344
1;2025-11-30;21;272
1;2025-11-30;22;106
1;2025-11-30;23;29
1;2025-12-01;0;3
1;2025-12-01;1;0
1;2025-12-01;2;0
1;2025-12-01;3;0
1;2025-12-01;4;10
1;2025-12-01;5;130
1;2025-12-01;6;513
1;2025-12-01;7;1599
1;2025-12-01;8;2051
1;2025-12-01;9;1526
1;2025-12-01;10;1387
1;2025-12-01;11;1369
1;2025-12-01;12;1449
1;2025-12-01;13;1489
1;2025-12-01;14;1443
1;2025-12-01;15;1539
1;2025-12-01;16;1607
1;2025-12-01;17;1896
1;2025-12-01;18;1908
1;2025-12-01;19;1438
1;2025-12-01;20;916
1;2025-12-01;21;489
1;2025-12-01;22;186
1;2025-12-01;23;37
1;2025-12-02;0;3
1;2025-12-02;1;0
1;2025-12-02;2;0
1;2025-12-02;3;0
1;2025-12-02;4;10
1;2025-12-02;5;127
1;2025-12-02;6;521
1;2025-12-02;7;1618
1;2025-12-02;8;2071
1;2025-12-02;9;1554
1;2025-12-02;10;1410
1;2025-12-02;11;1391
1;2025-12-02;12;1465
1;2025-12-02;13;1504
1;2025-12-02;14;1433
1;2025-12-02;15;1534
1;2025-12-02;16;1601
1;2025-12-02;17;1889
1;2025-12-02;18;1894
1;2025-12-02;19;1445
1;2025-12-02;20;927
1;2025-12-02;21;494
1;2025-12-02;22;191
1;2025-12-02;23;38
1;2025-12-03;0;3
1;2025-12-03;1;0
1;2025-12-03;2;0
1;2025-12-03;3;0
1;2025-12-03;4;10
1;2025-12-03;5;131
1;2025-12-03;6;519
1;2025-12-03;7;1604
1;2025-12-03;8;2070
1;2025-12-03;9;1547
1;2025-12-03;10;1409
1;2025-12-03;11;1392
1;2025-12-03;12;1460
1;2025-12-03;13;1514
1;2025-12-03;14;1438
1;2025-12-03;15;1546
1;2025-12-03;16;1600
1;2025-12-03;17;1891
1;2025-12-03;18;1887
1;2025-12-03;19;1438
1;2025-12-03;20;926
1;2025-12-03;21;496
1;2025-12-03;22;193
1;2025-12-03;23;38
1;2025-12-04;0;3
1;2025-12-04;1;0
1;2025-12-04;2;0
1;2025-12-04;3;0
1;2025-12-04;4;10
1;2025-12-04;5;131
1;2025-12-04;6;518
1;2025-12-04;7;1626
1;2025-12-04;8;2087
1;2025-12-04;9;1559
1;2025-12-04;10;1420
1;2025-12-04;11;1400
1;2025-12-04;12;1478
1;2025-12-04;13;1519
1;2025-12-04;14;1449
1;2025-12-04;15;1555
1;2025-12-04;16;1628
1;2025-12-04;17;1891
1;2025-12-04;18;1914
1;2025-12-04;19;1436
1;2025-12-04;20;932
1;2025-12-04;21;491
1;2025-12-04;22;190
1;2025-12-04;23;38
1;2025-12-05;0;3
1;2025-12-05;1;0
1;2025-12-05;2;0
1;2025-12-05;3;0
1;2025-12-05;4;9
1;2025-12-05;5;132
1;2025-12-05;6;520
1;2025-12-05;7;1620
1;2025-12-05;8;2035
1;2025-12-05;9;1552
1;2025-12-05;10;1401
1;2025-12-05;11;1406
1;2025-12-05;12;1468
1;2025-12-05;13;1516
1;2025-12-05;14;1459
1;2025-12-05;15;1555
1;2025-12-05;16;1640
1;2025-12-05;17;1902
1;2025-12-05;18;1794
1;2025-12-05;19;1385
1;2025-12-05;20;901
1;2025-12-05;21;495
1;2025-12-05;22;194
1;2025-12-05;23;40
1;2025-12-06;0;4
1;2025-12-06;1;0
1;2025-12-06;2;0
1;2025-12-06;3;0
1;2025-12-06;4;0
1;2025-12-06;5;31
1;2025-12-06;6;157
1;2025-12-06;7;364
1;2025-12-06;8;511
1;2025-12-06;9;754
1;2025-12-06;10;913
1;2025-12-06;11;907
1;2025-12-06;12;1079
1;2025-12-06;13;1144
1;2025-12-06;14;1048
1;2025-12-06;15;926
1;2025-12-06;16;789
1;2025-12-06;17;732
1;2025-12-06;18;634
1;2025-12-06;19;567
1;2025-12-06;20;434
1;2025-12-06;21;301
1;2025-12-06;22;118
1;2025-12-06;23;29
1;2025-12-07;0;0
1;2025-12-07;1;0
1;2025-12-07;2;0
1;2025-12-07;3;0
1;2025-12-07;4;0
1;2025-12-07;5;25
1;2025-12-07;6;120
1;2025-12-07;7;273
1;2025-12-07;8;374
1;2025-12-07;9;628
1;2025-12-07;10;714
1;2025-12-07;11;748
1;2025-12-07;12;856
1;2025-12-07;13;860
1;2025-12-07;14;821
1;2025-12-07;15;725
1;2025-12-07;16;659
1;2025-12-07;17;615
1;2025-12-07;18;545
1;2025-12-07;19;495
1;2025-12-07;20;354
1;2025-12-07;21;280
1;2025-12-07;22;109
1;2025-12-07;23;31
1;2025-12-08;0;3
1;2025-12-08;1;0
1;2025-12-08;2;0
1;2025-12-08;3;0
1;2025-12-08;4;10
1;2025-12-08;5;130
1;2025-12-08;6;512
1;2025-12-08;7;1598
1;2025-12-08;8;2048
1;2025-12-08;9;1526
1;2025-12-08;10;1388
1;2025-12-08;11;1366
1;2025-12-08;12;1446
1;2025-12-08;13;1485
1;2025-12-08;14;1439
1;2025-12-08;15;1536
1;2025-12-08;16;1603
1;2025-12-08;17;1891
1;2025-12-08;18;1904
1;2025-12-08;19;1437
1;2025-12-08;20;913
1;2025-12-08;21;488
1;2025-12-08;22;186
1;2025-12-08;23;37
1;2025-12-09;0;3
1;2025-12-09;1;0
1;2025-12-09;2;0
1;2025-12-09;3;0
1;2025-12-09;4;10
1;2025-12-09;5;127
1;2025-12-09;6;522
1;2025-12-09;7;1607
1;2025-12-09;8;2064
1;2025-12-09;9;1553
1;2025-12-09;10;1410
1;2025-12-09;11;1386
1;2025-12-09;12;1461
1;2025-12-09;13;1499
1;2025-12-09;14;1427
1;2025-12-09;15;1532
1;2025-12-09;16;1600
1;2025-12-09;17;1879
1;2025-12-09;18;1885
1;2025-12-09;19;1443
1;2025-12-09;20;922
1;2025-12-09;21;492
1;2025-12-09;22;190
1;2025-12-09;23;38
1;2025-12-10;0;3
1;2025-12-10;1;0
1;2025-12-10;2;0
1;2025-12-10;3;0
1;2025-12-10;4;10
1;2025-12-10;5;131
1;2025-12-10;6;518
1;2025-12-10;7;1606
1;2025-12-10;8;2077
1;2025-12-10;9;1549
1;2025-12-10;10;1412
1;2025-12-10;11;1394
1;2025-12-10;12;1464
1;2025-12-10;13;1516
1;2025-12-10;14;1442
1;2025-12-10;15;1551
1;2025-12-10;16;1603
1;2025-12-10;17;1892
1;2025-12-10;18;1890
1;2025-12-10;19;1440
1;2025-12-10;20;928
1;2025-12-10;21;497
1;2025-12-10;22;193
1;2025-12-10;23;38
1;2025-12-11;0;3
1;2025-12-11;1;0
1;2025-12-11;2;0
1;2025-12-11;3;0
1;2025-12-11;4;10
1;2025-12-11;5;129
1;2025-12-11;6;513
1;2025-12-11;7;1605
1;2025-12-11;8;2057
1;2025-12-11;9;1535
1;2025-12-11;10;1395
1;2025-12-11;11;1373
1;2025-12-11;12;1453
1;2025-12-11;13;1494
1;2025-12-11;14;1429
1;2025-12-11;15;1539
1;2025-12-11;16;1609
1;2025-12-11;17;1864
1;2025-12-11;18;1881
1;2025-12-11;19;1403
1;2025-12-11;20;911
1;2025-12-11;21;481
1;2025-12-11;22;186
1;2025-12-11;23;37
1;2025-12-12;0;3
1;2025-12-12;1;0
1;2025-12-12;2;0
1;2025-12-12;3;0
1;2025-12-12;4;9
1;2025-12-12;5;130
1;2025-12-12;6;512
1;2025-12-12;7;1605
1;2025-12-12;8;2013
1;2025-12-12;9;1539
1;2025-12-12;10;1388
1;2025-12-12;11;1393
1;2025-12-12;12;1450
1;2025-12-12;13;1490
1;2025-12-12;14;1433
1;2025-12-12;15;1514
1;2025-12-12;16;1599
1;2025-12-12;17;1845
1;2025-12-12;18;1755
1;2025-12-12;19;1353
1;2025-12-12;20;877
1;2025-12-12;21;487
1;2025-12-12;22;190
1;2025-12-12;23;39
1;2025-12-13;0;4
1;2025-12-13;1;0
1;2025-12-13;2;0
1;2025-12-13;3;0
1;2025-12-13;4;0
1;2025-12-13;5;30
1;2025-12-13;6;156
1;2025-12-13;7;360
1;2025-12-13;8;507
1;2025-12-13;9;750
1;2025-12-13;10;913
1;2025-12-13;11;907
1;2025-12-13;12;1078
1;2025-12-13;13;1143
1;2025-12-13;14;1046
1;2025-12-13;15;925
1;2025-12-13;16;790
1;2025-12-13;17;730
1;2025-12-13;18;633
1;2025-12-13;19;565
1;2025-12-13;20;429
1;2025-12-13;21;298
1;2025-12-13;22;117
1;2025-12-13;23;28
1;2025-12-14;0;0
1;2025-12-14;1;0
1;2025-12-14;2;0
1;2025-12-14;3;0
1;2025-12-14;4;0
1;2025-12-14;5;24
1;2025-12-14;6;120
1;2025-12-14;7;274
1;2025-12-14;8;370
1;2025-12-14;9;622
1;2025-12-14;10;707
1;2025-12-14;11;746
1;2025-12-14;12;849
1;2025-12-14;13;853
1;2025-12-14;14;816
1;2025-12-14;15;720
1;2025-12-14;16;655
1;2025-12-14;17;612
1;2025-12-14;18;542
1;2025-12-14;19;492
1;2025-12-14;20;352
1;2025-12-14;21;275
1;2025-12-14;22;105
1;2025-12-14;23;28
1;2025-12-15;0;3
1;2025-12-15;1;0
1;2025-12-15;2;0
1;2025-12-15;3;0
1;2025-12-15;4;10
1;2025-12-15;5;129
1;2025-12-15;6;511
1;2025-12-15;7;1596
1;2025-12-15;8;2048
1;2025-12-15;9;1526
1;2025-12-15;10;1388
1;2025-12-15;11;1364
1;2025-12-15;12;1444
1;2025-12-15;13;1482
1;2025-12-15;14;1437
1;2025-12-15;15;1532
1;2025-12-15;16;1601
1;2025-12-15;17;1886
1;2025-12-15;18;1899
1;2025-12-15;19;1432
1;2025-12-15;20;918
1;2025-12-15;21;486
1;2025-12-15;22;185
1;2025-12-15;23;36
1;2025-12-16;0;3
1;2025-12-16;1;0
1;2025-12-16;2;0
1;2025-12-16;3;0
1;2025-12-16;4;10
1;2025-12-16;5;130
1;2025-12-16;6;533
1;2025-12-16;7;1653
1;2025-12-16;8;2118
1;2025-12-16;9;1592
1;2025-12-16;10;1443
1;2025-12-16;11;1423
1;2025-12-16;12;1498
1;2025-12-16;13;1531
1;2025-12-16;14;1459
1;2025-12-16;15;1564
1;2025-12-16;16;1635
1;2025-12-16;17;1926
1;2025-12-16;18;1932
1;2025-12-16;19;1474
1;2025-12-16;20;946
1;2025-12-16;21;504
1;2025-12-16;22;195
1;2025-12-16;23;40
1;2025-12-17;0;3
1;2025-12-17;1;0
1;2025-12-17;2;0
1;2025-12-17;3;0
1;2025-12-17;4;10
1;2025-12-17;5;131
1;2025-12-17;6;521
1;2025-12-17;7;1607
1;2025-12-17;8;2078
1;2025-12-17;9;1554
1;2025-12-17;10;1416
1;2025-12-17;11;1398
1;2025-12-17;12;1466
1;2025-12-17;13;1517
1;2025-12-17;14;1443
1;2025-12-17;15;1554
1;2025-12-17;16;1607
1;2025-12-17;17;1898
1;2025-12-17;18;1893
1;2025-12-17;19;1443
1;2025-12-17;20;923
1;2025-12-17;21;498
1;2025-12-17;22;194
1;2025-12-17;23;38
1;2025-12-18;0;3
1;2025-12-18;1;0
1;2025-12-18;2;0
1;2025-12-18;3;0
1;2025-12-18;4;10
1;2025-12-18;5;130
1;2025-12-18;6;513
1;2025-12-18;7;1609
1;2025-12-18;8;2067
1;2025-12-18;9;1545
1;2025-12-18;10;1406
1;2025-12-18;11;1381
1;2025-12-18;12;1462
1;2025-12-18;13;1504
1;2025-12-18;14;1435
1;2025-12-18;15;1541
1;2025-12-18;16;1612
1;2025-12-18;17;1873
1;2025-12-18;18;1896
1;2025-12-18;19;1423
1;2025-12-18;20;924
1;2025-12-18;21;487
1;2025-12-18;22;189
1;2025-12-18;23;38
1;2025-12-19;0;3
1;2025-12-19;1;0
1;2025-12-19;2;0
1;2025-12-19;3;0
1;2025-12-19;4;9
1;2025-12-19;5;132
1;2025-12-19;6;519
1;2025-12-19;7;1616
1;2025-12-19;8;2033
1;2025-12-19;9;1549
1;2025-12-19;10;1397
1;2025-12-19;11;1403
1;2025-12-19;12;1464
1;2025-12-19;13;1514
1;2025-12-19;14;1458
1;2025-12-19;15;1553
1;2025-12-19;16;1637
1;2025-12-19;17;1898
1;2025-12-19;18;1787
1;2025-12-19;19;1380
1;2025-12-19;20;898
1;2025-12-19;21;494
1;2025-12-19;22;193
1;2025-12-19;23;40
1;2025-12-20;0;4
1;2025-12-20;1;0
1;2025-12-20;2;0
1;2025-12-20;3;0
1;2025-12-20;4;0
1;2025-12-20;5;30
1;2025-12-20;6;156
1;2025-12-20;7;362
1;2025-12-20;8;510
1;2025-12-20;9;752
1;2025-12-20;10;911
1;2025-12-20;11;905
1;2025-12-20;12;1075
1;2025-12-20;13;1140
1;2025-12-20;14;1044
1;2025-12-20;15;923
1;2025-12-20;16;788
1;2025-12-20;17;730
1;2025-12-20;18;632
1;2025-12-20;19;565
1;2025-12-20;20;432
1;2025-12-20;21;301
1;2025-12-20;22;117
1;2025-12-20;23;29
1;2025-12-21;0;0
1;2025-12-21;1;0
1;2025-12-21;2;0
1;2025-12-21;3;0
1;2025-12-21;4;0
1;2025-12-21;5;25
1;2025-12-21;6;120
1;2025-12-21;7;271
1;2025-12-21;8;369
1;2025-12-21;9;623
1;2025-12-21;10;714
1;2025-12-21;11;746
1;2025-12-21;12;853
1;2025-12-21;13;857
1;2025-12-21;14;817
1;2025-12-21;15;721
1;2025-12-21;16;656
1;2025-12-21;17;611
1;2025-12-21;18;543
1;2025-12-21;19;493
1;2025-12-21;20;353
1;2025-12-21;21;279
1;2025-12-21;22;107
1;2025-12-21;23;30
1;2025-12-22;0;3
1;2025-12-22;1;0
1;2025-12-22;2;0
1;2025-12-22;3;0
1;2025-12-22;4;10
1;2025-12-22;5;129
1;2025-12-22;6;509
1;2025-12-22;7;1587
1;2025-12-22;8;2037
1;2025-12-22;9;1516
1;2025-12-22;10;1377
1;2025-12-22;11;1352
1;2025-12-22;12;1430
1;2025-12-22;13;1466
1;2025-12-22;14;1423
1;2025-12-22;15;1515
1;2025-12-22;16;1581
1;2025-12-22;17;1867
1;2025-12-22;18;1878
1;2025-12-22;19;1415
1;2025-12-22;20;901
1;2025-12-22;21;482
1;2025-12-22;22;182
1;2025-12-22;23;35
1;2025-12-23;0;3
1;2025-12-23;1;0
1;2025-12-23;2;0
1;2025-12-23;3;0
1;2025-12-23;4;10
1;2025-12-23;5;126
1;2025-12-23;6;520
1;2025-12-23;7;1604
1;2025-12-23;8;2059
1;2025-12-23;9;1547
1;2025-12-23;10;1404
1;2025-12-23;11;1385
1;2025-12-23;12;1461
1;2025-12-23;13;1497
1;2025-12-23;14;1426
1;2025-12-23;15;1529
1;2025-12-23;16;1596
1;2025-12-23;17;1883
1;2025-12-23;18;1883
1;2025-12-23;19;1435
1;2025-12-23;20;917
1;2025-12-23;21;493
1;2025-12-23;22;188
1;2025-12-23;23;38
1;2025-12-24;0;3
1;2025-12-24;1;0
1;2025-12-24;2;0
1;2025-12-24;3;0
1;2025-12-24;4;10
1;2025-12-24;5;133
1;2025-12-24;6;525
1;2025-12-24;7;1622
1;2025-12-24;8;2102
1;2025-12-24;9;1573
1;2025-12-24;10;1434
1;2025-12-24;11;1414
1;2025-12-24;12;1485
1;2025-12-24;13;1531
1;2025-12-24;14;1454
1;2025-12-24;15;1565
1;2025-12-24;16;1626
1;2025-12-24;17;1920
1;2025-12-24;18;1913
1;2025-12-24;19;1448
1;2025-12-24;20;936
1;2025-12-24;21;502
1;2025-12-24;22;194
1;2025-12-24;23;38
1;2025-12-25;0;3
1;2025-12-25;1;0
1;2025-12-25;2;0
1;2025-12-25;3;0
1;2025-12-25;4;10
1;2025-12-25;5;130
1;2025-12-25;6;515
1;2025-12-25;7;1619
1;2025-12-25;8;2082
1;2025-12-25;9;1559
1;2025-12-25;10;1421
1;2025-12-25;11;1400
1;2025-12-25;12;1477
1;2025-12-25;13;1515
1;2025-12-25;14;1446
1;2025-12-25;15;1551
1;2025-12-25;16;1621
1;2025-12-25;17;1879
1;2025-12-25;18;1893
1;2025-12-25;19;1413
1;2025-12-25;20;915
1;2025-12-25;21;483
1;2025-12-25;22;187
1;2025-12-25;23;36
1;2025-12-26;0;3
1;2025-12-26;1;0
1;2025-12-26;2;0
1;2025-12-26;3;0
1;2025-12-26;4;8
1;2025-12-26;5;128
1;2025-12-26;6;500
1;2025-12-26;7;1569
1;2025-12-26;8;1978
1;2025-12-26;9;1503
1;2025-12-26;10;1354
1;2025-12-26;11;1352
1;2025-12-26;12;1409
1;2025-12-26;13;1453
1;2025-12-26;14;1404
1;2025-12-26;15;1502
1;2025-12-26;16;1590
1;2025-12-26;17;1832
1;2025-12-26;18;1737
1;2025-12-26;19;1332
1;2025-12-26;20;867
1;2025-12-26;21;472
1;2025-12-26;22;187
1;2025-12-26;23;39
1;2025-12-27;0;4
1;2025-12-27;1;0
1;2025-12-27;2;0
1;2025-12-27;3;0
1;2025-12-27;4;0
1;2025-12-27;5;30
1;2025-12-27;6;154
1;2025-12-27;7;359
1;2025-12-27;8;505
1;2025-12-27;9;743
1;2025-12-27;10;900
1;2025-12-27;11;893
1;2025-12-27;12;1071
1;2025-12-27;13;1135
1;2025-12-27;14;1040
1;2025-12-27;15;917
1;2025-12-27;16;783
1;2025-12-27;17;725
1;2025-12-27;18;627
1;2025-12-27;19;560
1;2025-12-27;20;428
1;2025-12-27;21;296
1;2025-12-27;22;115
1;2025-12-27;23;28
1;2025-12-28;0;0
1;2025-12-28;1;0
1;2025-12-28;2;0
1;2025-12-28;3;0
1;2025-12-28;4;0
1;2025-12-28;5;24
1;2025-12-28;6;120
1;2025-12-28;7;272
1;2025-12-28;8;369
1;2025-12-28;9;618
1;2025-12-28;10;702
1;2025-12-28;11;734
1;2025-12-28;12;844
1;2025-12-28;13;845
1;2025-12-28;14;809
1;2025-12-28;15;714
1;2025-12-28;16;648
1;2025-12-28;17;605
1;2025-12-28;18;542
1;2025-12-28;19;488
1;2025-12-28;20;349
1;2025-12-28;21;274
1;2025-12-28;22;105
1;2025-12-28;23;29
1;2025-12-29;0;2
1;2025-12-29;1;0
1;2025-12-29;2;0
1;2025-12-29;3;0
1;2025-12-29;4;8
1;2025-12-29;5;108
1;2025-12-29;6;425
1;2025-12-29;7;1334
1;2025-12-29;8;1711
1;2025-12-29;9;1274
1;2025-12-29;10;1158
1;2025-12-29;11;1139
1;2025-12-29;12;1206
1;2025-12-29;13;1238
1;2025-12-29;14;1199
1;2025-12-29;15;1281
1;2025-12-29;16;1339
1;2025-12-29;17;1576
1;2025-12-29;18;1578
1;2025-12-29;19;1181
1;2025-12-29;20;752
1;2025-12-29;21;400
1;2025-12-29;22;151
1;2025-12-29;23;30
1;2025-12-30;0;2
1;2025-12-30;1;0
1;2025-12-30;2;0
1;2025-12-30;3;0
1;2025-12-30;4;8
1;2025-12-30;5;106
1;2025-12-30;6;436
1;2025-12-30;7;1351
1;2025-12-30;8;1739
1;2025-12-30;9;1305
1;2025-12-30;10;1179
1;2025-12-30;11;1164
1;2025-12-30;12;1230
1;2025-12-30;13;1264
1;2025-12-30;14;1199
1;2025-12-30;15;1287
1;2025-12-30;16;1345
1;2025-12-30;17;1583
1;2025-12-30;18;1562
1;2025-12-30;19;1193
1;2025-12-30;20;767
1;2025-12-30;21;405
1;2025-12-30;22;157
1;2025-12-30;23;32
1;2025-12-31;0;0
1;2025-12-31;1;0
1;2025-12-31;2;0
1;2025-12-31;3;0
1;2025-12-31;4;0
1;2025-12-31;5;21
1;2025-12-31;6;105
1;2025-12-31;7;235
1;2025-12-31;8;316
1;2025-12-31;9;526
1;2025-12-31;10;599
1;2025-12-31;11;625
1;2025-12-31;12;715
1;2025-12-31;13;716
1;2025-12-31;14;688
1;2025-12-31;15;604
1;2025-12-31;16;547
1;2025-12-31;17;517
1;2025-12-31;18;455
1;2025-12-31;19;408
1;2025-12-31;20;0
1;2025-12-31;21;0
1;2025-12-31;22;0
1;2025-12-31;23;0
5;2025-11-01;0;0
5;2025-11-01;1;0
5;2025-11-01;2;0
5;2025-11-01;3;0
5;2025-11-01;4;0
5;2025-11-01;5;0
5;2025-11-01;6;0
5;2025-11-01;7;0
5;2025-11-01;8;0
5;2025-11-01;9;0
5;2025-11-01;10;0
5;2025-11-01;11;0
5;2025-11-01;12;0
5;2025-11-01;13;0
5;2025-11-01;14;0
5;2025-11-01;15;0
5;2025-11-01;16;0
5;2025-11-01;17;0
5;2025-11-01;18;0
5;2025-11-01;19;0
5;2025-11-01;20;0
5;2025-11-01;21;0
5;2025-11-01;22;0
5;2025-11-01;23;0
5;2025-11-02;0;0
5;2025-11-02;1;0
5;2025-11-02;2;0
5;2025-11-02;3;0
5;2025-11-02;4;0
5;2025-11-02;5;0
5;2025-11-02;6;0
5;2025-11-02;7;0
5;2025-11-02;8;0
5;2025-11-02;9;0
5;2025-11-02;10;0
5;2025-11-02;11;0
5;2025-11-02;12;0
5;2025-11-02;13;0
5;2025-11-02;14;0
5;2025-11-02;15;0
5;2025-11-02;16;0
5;2025-11-02;17;0
5;2025-11-02;18;0
5;2025-11-02;19;0
5;2025-11-02;20;0
5;2025-11-02;21;0
5;2025-11-02;22;0
5;2025-11-02;23;0
5;2025-11-03;0;0
5;2025-11-03;1;0
5;2025-11-03;2;0
5;2025-11-03;3;0
5;2025-11-03;4;0
5;2025-11-03;5;0
5;2025-11-03;6;0
5;2025-11-03;7;0
5;2025-11-03;8;0
5;2025-11-03;9;0
5;2025-11-03;10;0
5;2025-11-03;11;0
5;2025-11-03;12;0
5;2025-11-03;13;0
5;2025-11-03;14;0
5;2025-11-03;15;0
5;2025-11-03;16;0
5;2025-11-03;17;0
5;2025-11-03;18;0
5;2025-11-03;19;0
5;2025-11-03;20;0
5;2025-11-03;21;0
5;2025-11-03;22;0
5;2025-11-03;23;0
5;2025-11-04;0;0
5;2025-11-04;1;0
5;2025-11-04;2;0
5;2025-11-04;3;0
5;2025-11-04;4;0
5;2025-11-04;5;0
5;2025-11-04;6;0
5;2025-11-04;7;0
5;2025-11-04;8;0
5;2025-11-04;9;0
5;2025-11-04;10;0
5;2025-11-04;11;0
5;2025-11-04;12;0
5;2025-11-04;13;0
5;2025-11-04;14;0
5;2025-11-04;15;0
5;2025-11-04;16;0
5;2025-11-04;17;0
5;2025-11-04;18;0
5;2025-11-04;19;0
5;2025-11-04;20;0
5;2025-11-04;21;0
5;2025-11-04;22;0
5;2025-11-04;23;0
5;2025-11-05;0;0
5;2025-11-05;1;0
5;2025-11-05;2;0
5;2025-11-05;3;0
5;2025-11-05;4;0
5;2025-11-05;5;0
5;2025-11-05;6;0
5;2025-11-05;7;0
5;2025-11-05;8;0
5;2025-11-05;9;0
5;2025-11-05;10;0
5;2025-11-05;11;0
5;2025-11-05;12;0
5;2025-11-05;13;0
5;2025-11-05;14;0
5;2025-11-05;15;0
5;2025-11-05;16;0
5;2025-11-05;17;0
5;2025-11-05;18;0
5;2025-11-05;19;0
5;2025-11-05;20;0
5;2025-11-05;21;0
5;2025-11-05;22;0
5;2025-11-05;23;0
5;2025-11-06;0;0
5;2025-11-06;1;0
5;2025-11-06;2;0
5;2025-11-06;3;0
5;2025-11-06;4;0
5;2025-11-06;5;0
5;2025-11-06;6;0
5;2025-11-06;7;0
5;2025-11-06;8;0
5;2025-11-06;9;0
5;2025-11-06;10;0
5;2025-11-06;11;0
5;2025-11-06;12;0
5;2025-11-06;13;0
5;2025-11-06;14;0
5;2025-11-06;15;0
5;2025-11-06;16;0
5;2025-11-06;17;0
5;2025-11-06;18;0
5;2025-11-06;19;0
5;2025-11-06;20;0
5;2025-11-06;21;0
5;2025-11-06;22;0
5;2025-11-06;23;0
5;2025-11-07;0;0
5;2025-11-07;1;0
5;2025-11-07;2;0
5;2025-11-07;3;0
5;2025-11-07;4;0
5;2025-11-07;5;0
5;2025-11-07;6;0
5;2025-11-07;7;0
5;2025-11-07;8;0
5;2025-11-07;9;0
5;2025-11-07;10;0
5;2025-11-07;11;0
5;2025-11-07;12;0
5;2025-11-07;13;0
5;2025-11-07;14;0
5;2025-11-07;15;0
5;2025-11-07;16;0
5;2025-11-07;17;0
5;2025-11-07;18;0
5;2025-11-07;19;0
5;2025-11-07;20;0
5;2025-11-07;21;0
5;2025-11-07;22;0
5;2025-11-07;23;0
5;2025-11-08;0;0
5;2025-11-08;1;0
5;2025-11-08;2;0
5;2025-11-08;3;0
5;2025-11-08;4;0
5;2025-11-08;5;0
5;2025-11-08;6;0
5;2025-11-08;7;0
5;2025-11-08;8;0
5;2025-11-08;9;0
5;2025-11-08;10;0
5;2025-11-08;11;0
5;2025-11-08;12;0
5;2025-11-08;13;0
5;2025-11-08;14;0
5;2025-11-08;15;0
5;2025-11-08;16;0
5;2025-11-08;17;0
5;2025-11-08;18;0
5;2025-11-08;19;0
5;2025-11-08;20;0
5;2025-11-08;21;0
5;2025-11-08;22;0
5;2025-11-08;23;0
5;2025-11-09;0;0
5;2025-11-09;1;0
5;2025-11-09;2;0
5;2025-11-09;3;0
5;2025-11-09;4;0
5;2025-11-09;5;0
5;2025-11-09;6;0
5;2025-11-09;7;0
5;2025-11-09;8;0
5;2025-11-09;9;0
5;2025-11-09;10;0
5;2025-11-09;11;0
5;2025-11-09;12;0
5;2025-11-09;13;0
5;2025-11-09;14;0
5;2025-11-09;15;0
5;2025-11-09;16;0
5;2025-11-09;17;0
5;2025-11-09;18;0
5;2025-11-09;19;0
5;2025-11-09;20;0
5;2025-11-09;21;0
5;2025-11-09;22;0
5;2025-11-09;23;0
5;2025-11-10;0;0
5;2025-11-10;1;0
5;2025-11-10;2;0
5;2025-11-10;3;0
5;2025-11-10;4;0
5;2025-11-10;5;0
5;2025-11-10;6;0
5;2025-11-10;7;0
5;2025-11-10;8;0
5;2025-11-10;9;0
5;2025-11-10;10;0
5;2025-11-10;11;0
5;2025-11-10;12;0
5;2025-11-10;13;0
5;2025-11-10;14;0
5;2025-11-10;15;0
5;2025-11-10;16;0
5;2025-11-10;17;0
5;2025-11-10;18;0
5;2025-11-10;19;0
5;2025-11-10;20;0
5;2025-11-10;21;0
5;2025-11-10;22;0
5;2025-11-10;23;0
5;2025-11-11;0;0
5;2025-11-11;1;0
5;2025-11-11;2;0
5;2025-11-11;3;0
5;2025-11-11;4;0
5;2025-11-11;5;0
5;2025-11-11;6;0
5;2025-11-11;7;0
5;2025-11-11;8;0
5;2025-11-11;9;0
5;2025-11-11;10;0
5;2025-11-11;11;0
5;2025-11-11;12;0
5;2025-11-11;13;0
5;2025-11-11;14;0
5;2025-11-11;15;0
5;2025-11-11;16;0
5;2025-11-11;17;0
5;2025-11-11;18;0
5;2025-11-11;19;0
5;2025-11-11;20;0
5;2025-11-11;21;0
5;2025-11-11;22;0
5;2025-11-11;23;0
5;2025-11-12;0;0
5;2025-11-12;1;0
5;2025-11-12;2;0
5;2025-11-12;3;0
5;2025-11-12;4;0
5;2025-11-12;5;0
5;2025-11-12;6;0
5;2025-11-12;7;0
5;2025-11-12;8;0
5;2025-11-12;9;0
5;2025-11-12;10;0
5;2025-11-12;11;0
5;2025-11-12;12;0
5;2025-11-12;13;0
5;2025-11-12;14;0
5;2025-11-12;15;0
5;2025-11-12;16;0
5;2025-11-12;17;0
5;2025-11-12;18;0
5;2025-11-12;19;0
5;2025-11-12;20;0
5;2025-11-12;21;0
5;2025-11-12;22;0
5;2025-11-12;23;0
5;2025-11-13;0;0
5;2025-11-13;1;0
5;2025-11-13;2;0
5;2025-11-13;3;0
5;2025-11-13;4;0
5;2025-11-13;5;0
5;2025-11-13;6;0
5;2025-11-13;7;0
5;2025-11-13;8;0
5;2025-11-13;9;0
5;2025-11-13;10;0
5;2025-11-13;11;0
5;2025-11-13;12;0
5;2025-11-13;13;0
5;2025-11-13;14;0
5;2025-11-13;15;0
5;2025-11-13;16;0
5;2025-11-13;17;0
5;2025-11-13;18;0
5;2025-11-13;19;0
5;2025-11-13;20;0
5;2025-11-13;21;0
5;2025-11-13;22;0
5;2025-11-13;23;0
5;2025-11-14;0;0
5;2025-11-14;1;0
5;2025-11-14;2;0
5;2025-11-14;3;0
5;2025-11-14;4;0
5;2025-11-14;5;0
5;2025-11-14;6;0
5;2025-11-14;7;0
5;2025-11-14;8;0
5;2025-11-14;9;0
5;2025-11-14;10;0
5;2025-11-14;11;0
5;2025-11-14;12;0
5;2025-11-14;13;0
5;2025-11-14;14;0
5;2025-11-14;15;0
5;2025-11-14;16;0
5;2025-11-14;17;0
5;2025-11-14;18;0
5;2025-11-14;19;0
5;2025-11-14;20;0
5;2025-11-14;21;0
5;2025-11-14;22;0
5;2025-11-14;23;0
5;2025-11-15;0;0
5;2025-11-15;1;0
5;2025-11-15;2;0
5;2025-11-15;3;0
5;2025-11-15;4;0
5;2025-11-15;5;0
5;2025-11-15;6;0
5;2025-11-15;7;0
5;2025-11-15;8;0
5;2025-11-15;9;0
5;2025-11-15;10;0
5;2025-11-15;11;0
5;2025-11-15;12;0
5;2025-11-15;13;0
5;2025-11-15;14;0
5;2025-11-15;15;0
5;2025-11-15;16;0
5;2025-11-15;17;0
5;2025-11-15;18;0
5;2025-11-15;19;0
5;2025-11-15;20;0
5;2025-11-15;21;0
5;2025-11-15;22;0
5;2025-11-15;23;0
5;2025-11-16;0;0
5;2025-11-16;1;0
5;2025-11-16;2;0
5;2025-11-16;3;0
5;2025-11-16;4;0
5;2025-11-16;5;0
5;2025-11-16;6;0
5;2025-11-16;7;0
5;2025-11-16;8;0
5;2025-11-16;9;0
5;2025-11-16;10;0
5;2025-11-16;11;0
5;2025-11-16;12;0
5;2025-11-16;13;0
5;2025-11-16;14;0
5;2025-11-16;15;0
5;2025-11-16;16;0
5;2025-11-16;17;0
5;2025-11-16;18;0
5;2025-11-16;19;0
5;2025-11-16;20;0
5;2025-11-16;21;0
5;2025-11-16;22;0
5;2025-11-16;23;0
5;2025-11-17;0;0
5;2025-11-17;1;0
5;2025-11-17;2;0
5;2025-11-17;3;0
5;2025-11-17;4;0
5;2025-11-17;5;0
5;2025-11-17;6;0
5;2025-11-17;7;0
5;2025-11-17;8;0
5;2025-11-17;9;0
5;2025-11-17;10;0
5;2025-11-17;11;0
5;2025-11-17;12;0
5;2025-11-17;13;0
5;2025-11-17;14;0
5;2025-11-17;15;0
5;2025-11-17;16;0
5;2025-11-17;17;0
5;2025-11-17;18;0
5;2025-11-17;19;0
5;2025-11-17;20;0
5;2025-11-17;21;0
5;2025-11-17;22;0
5;2025-11-17;23;0
5;2025-11-18;0;0
5;2025-11-18;1;0
5;2025-11-18;2;0
5;2025-11-18;3;0
5;2025-11-18;4;0
5;2025-11-18;5;0
5;2025-11-18;6;0
5;2025-11-18;7;0
5;2025-11-18;8;0
5;2025-11-18;9;0
5;2025-11-18;10;0
5;2025-11-18;11;0
5;2025-11-18;12;0
5;2025-11-18;13;0
5;2025-11-18;14;0
5;2025-11-18;15;0
5;2025-11-18;16;0
5;2025-11-18;17;0
5;2025-11-18;18;0
5;2025-11-18;19;0
5;2025-11-18;20;0
5;2025-11-18;21;0
5;2025-11-18;22;0
5;2025-11-18;23;0
5;2025-11-19;0;0
5;2025-11-19;1;0
5;2025-11-19;2;0
5;2025-11-19;3;0
5;2025-11-19;4;0
5;2025-11-19;5;0
5;2025-11-19;6;0
5;2025-11-19;7;0
5;2025-11-19;8;0
5;2025-11-19;9;0
5;2025-11-19;10;0
5;2025-11-19;11;0
5;2025-11-19;12;0
5;2025-11-19;13;0
5;2025-11-19;14;0
5;2025-11-19;15;0
5;2025-11-19;16;0
5;2025-11-19;17;0
5;2025-11-19;18;0
5;2025-11-19;19;0
5;2025-11-19;20;0
5;2025-11-19;21;0
5;2025-11-19;22;0
5;2025-11-19;23;0
5;2025-11-20;0;0
5;2025-11-20;1;0
5;2025-11-20;2;0
5;2025-11-20;3;0
5;2025-11-20;4;0
5;2025-11-20;5;0
5;2025-11-20;6;0
5;2025-11-20;7;0
5;2025-11-20;8;0
5;2025-11-20;9;0
5;2025-11-20;10;0
5;2025-11-20;11;0
5;2025-11-20;12;0
5;2025-11-20;13;0
5;2025-11-20;14;0
5;2025-11-20;15;0
5;2025-11-20;16;0
5;2025-11-20;17;0
5;2025-11-20;18;0
5;2025-11-20;19;0
5;2025-11-20;20;0
5;2025-11-20;21;0
5;2025-11-20;22;0
5;2025-11-20;23;0
5;2025-11-21;0;0
5;2025-11-21;1;0
5;2025-11-21;2;0
5;2025-11-21;3;0
5;2025-11-21;4;0
5;2025-11-21;5;0
5;2025-11-21;6;0
5;2025-11-21;7;0
5;2025-11-21;8;0
5;2025-11-21;9;0
5;2025-11-21;10;0
5;2025-11-21;11;0
5;2025-11-21;12;0
5;2025-11-21;13;0
5;2025-11-21;14;0
5;2025-11-21;15;0
5;2025-11-21;16;0
5;2025-11-21;17;0
5;2025-11-21;18;0
5;2025-11-21;19;0
5;2025-11-21;20;0
5;2025-11-21;21;0
5;2025-11-21;22;0
5;2025-11-21;23;0
5;2025-11-22;0;0
5;2025-11-22;1;0
5;2025-11-22;2;0
5;2025-11-22;3;0
5;2025-11-22;4;0
5;2025-11-22;5;0
5;2025-11-22;6;0
5;2025-11-22;7;0
5;2025-11-22;8;0
5;2025-11-22;9;0
5;2025-11-22;10;0
5;2025-11-22;11;0
5;2025-11-22;12;0
5;2025-11-22;13;0
5;2025-11-22;14;0
5;2025-11-22;15;0
5;2025-11-22;16;0
5;2025-11-22;17;0
5;2025-11-22;18;0
5;2025-11-22;19;0
5;2025-11-22;20;0
5;2025-11-22;21;0
5;2025-11-22;22;0
5;2025-11-22;23;0
5;2025-11-23;0;0
5;2025-11-23;1;0
5;2025-11-23;2;0
5;2025-11-23;3;0
5;2025-11-23;4;0
5;2025-11-23;5;0
5;2025-11-23;6;0
5;2025-11-23;7;0
5;2025-11-23;8;0
5;2025-11-23;9;0
5;2025-11-23;10;0
5;2025-11-23;11;0
5;2025-11-23;12;0
5;2025-11-23;13;0
5;2025-11-23;14;0
5;2025-11-23;15;0
5;2025-11-23;16;0
5;2025-11-23;17;0
5;2025-11-23;18;0
5;2025-11-23;19;0
5;2025-11-23;20;0
5;2025-11-23;21;0
5;2025-11-23;22;0
5;2025-11-23;23;0
5;2025-11-24;0;0
5;2025-11-24;1;0
5;2025-11-24;2;0
5;2025-11-24;3;0
5;2025-11-24;4;0
5;2025-11-24;5;0
5;2025-11-24;6;0
5;2025-11-24;7;0
5;2025-11-24;8;0
5;2025-11-24;9;0
5;2025-11-24;10;0
5;2025-11-24;11;0
5;2025-11-24;12;0
5;2025-11-24;13;0
5;2025-11-24;14;0
5;2025-11-24;15;0
5;2025-11-24;16;0
5;2025-11-24;17;0
5;2025-11-24;18;0
5;2025-11-24;19;0
5;2025-11-24;20;0
5;2025-11-24;21;0
5;2025-11-24;22;0
5;2025-11-24;23;0
5;2025-11-25;0;0
5;2025-11-25;1;0
5;2025-11-25;2;0
5;2025-11-25;3;0
5;2025-11-25;4;0
5;2025-11-25;5;0
5;2025-11-25;6;0
5;2025-11-25;7;0
5;2025-11-25;8;0
5;2025-11-25;9;0
5;2025-11-25;10;0
5;2025-11-25;11;0
5;2025-11-25;12;0
5;2025-11-25;13;0
5;2025-11-25;14;0
5;2025-11-25;15;0
5;2025-11-25;16;0
5;2025-11-25;17;0
5;2025-11-25;18;0
5;2025-11-25;19;0
5;2025-11-25;20;0
5;2025-11-25;21;0
5;2025-11-25;22;0
5;2025-11-25;23;0
5;2025-11-26;0;0
5;2025-11-26;1;0
5;2025-11-26;2;0
5;2025-11-26;3;0
5;2025-11-26;4;0
5;2025-11-26;5;0
5;2025-11-26;6;0
5;2025-11-26;7;0
5;2025-11-26;8;0
5;2025-11-26;9;0
5;2025-11-26;10;0
5;2025-11-26;11;0
5;2025-11-26;12;0
5;2025-11-26;13;0
5;2025-11-26;14;0
5;2025-11-26;15;0
5;2025-11-26;16;0
5;2025-11-26;17;0
5;2025-11-26;18;0
5;2025-11-26;19;0
5;2025-11-26;20;0
5;2025-11-26;21;0
5;2025-11-26;22;0
5;2025-11-26;23;0
5;2025-11-27;0;0
5;2025-11-27;1;0
5;2025-11-27;2;0
5;2025-11-27;3;0
5;2025-11-27;4;0
5;2025-11-27;5;0
5;2025-11-27;6;0
5;2025-11-27;7;0
5;2025-11-27;8;0
5;2025-11-27;9;0
5;2025-11-27;10;0
5;2025-11-27;11;0
5;2025-11-27;12;0
5;2025-11-27;13;0
5;2025-11-27;14;0
5;2025-11-27;15;0
5;2025-11-27;16;0
5;2025-11-27;17;0
5;2025-11-27;18;0
5;2025-11-27;19;0
5;2025-11-27;20;0
5;2025-11-27;21;0
5;2025-11-27;22;0
5;2025-11-27;23;0
5;2025-11-28;0;0
5;2025-11-28;1;0
5;2025-11-28;2;0
5;2025-11-28;3;0
5;2025-11-28;4;0
5;2025-11-28;5;0
5;2025-11-28;6;0
5;2025-11-28;7;0
5;2025-11-28;8;0
5;2025-11-28;9;0
5;2025-11-28;10;0
5;2025-11-28;11;0
5;2025-11-28;12;0
5;2025-11-28;13;0
5;2025-11-28;14;0
5;2025-11-28;15;0
5;2025-11-28;16;0
5;2025-11-28;17;0
5;2025-11-28;18;0
5;2025-11-28;19;0
5;2025-11-28;20;0
5;2025-11-28;21;0
5;2025-11-28;22;0
5;2025-11-28;23;0
5;2025-11-29;0;0
5;2025-11-29;1;0
5;2025-11-29;2;0
5;2025-11-29;3;0
5;2025-11-29;4;0
5;2025-11-29;5;0
5;2025-11-29;6;0
5;2025-11-29;7;0
5;2025-11-29;8;0
5;2025-11-29;9;0
5;2025-11-29;10;0
5;2025-11-29;11;0
5;2025-11-29;12;0
5;2025-11-29;13;0
5;2025-11-29;14;0
5;2025-11-29;15;0
5;2025-11-29;16;0
5;2025-11-29;17;0
5;2025-11-29;18;0
5;2025-11-29;19;0
5;2025-11-29;20;0
5;2025-11-29;21;0
5;2025-11-29;22;0
5;2025-11-29;23;0
5;2025-11-30;0;0
5;2025-11-30;1;0
5;2025-11-30;2;0
5;2025-11-30;3;0
5;2025-11-30;4;0
5;2025-11-30;5;0
5;2025-11-30;6;0
5;2025-11-30;7;0
5;2025-11-30;8;0
5;2025-11-30;9;0
5;2025-11-30;10;0
5;2025-11-30;11;0
5;2025-11-30;12;0
5;2025-11-30;13;0
5;2025-11-30;14;0
5;2025-11-30;15;0
5;2025-11-30;16;0
5;2025-11-30;17;0
5;2025-11-30;18;0
5;2025-11-30;19;0
5;2025-11-30;20;0
5;2025-11-30;21;0
5;2025-11-30;22;0
5;2025-11-30;23;0
5;2025-12-01;0;0
5;2025-12-01;1;0
5;2025-12-01;2;0
5;2025-12-01;3;0
5;2025-12-01;4;0
5;2025-12-01;5;0
5;2025-12-01;6;0
5;2025-12-01;7;0
5;2025-12-01;8;0
5;2025-12-01;9;0
5;2025-12-01;10;0
5;2025-12-01;11;0
5;2025-12-01;12;0
5;2025-12-01;13;0
5;2025-12-01;14;0
5;2025-12-01;15;0
5;2025-12-01;16;0
5;2025-12-01;17;0
5;2025-12-01;18;0
5;2025-12-01;19;0
5;2025-12-01;20;0
5;2025-12-01;21;0
5;2025-12-01;22;0
5;2025-12-01;23;0
5;2025-12-02;0;0
5;2025-12-02;1;0
5;2025-12-02;2;0
5;2025-12-02;3;0
5;2025-12-02;4;0
5;2025-12-02;5;0
5;2025-12-02;6;0
5;2025-12-02;7;0
5;2025-12-02;8;0
5;2025-12-02;9;0
5;2025-12-02;10;0
5;2025-12-02;11;0
5;2025-12-02;12;0
5;2025-12-02;13;0
5;2025-12-02;14;0
5;2025-12-02;15;0
5;2025-12-02;16;0
5;2025-12-02;17;0
5;2025-12-02;18;0
5;2025-12-02;19;0
5;2025-12-02;20;0
5;2025-12-02;21;0
5;2025-12-02;22;0
5;2025-12-02;23;0
5;2025-12-03;0;0
5;2025-12-03;1;0
5;2025-12-03;2;0
5;2025-12-03;3;0
5;2025-12-03;4;0
5;2025-12-03;5;0
5;2025-12-03;6;0
5;2025-12-03;7;0
5;2025-12-03;8;0
5;2025-12-03;9;0
5;2025-12-03;10;0
5;2025-12-03;11;0
5;2025-12-03;12;0
5;2025-12-03;13;0
5;2025-12-03;14;0
5;2025-12-03;15;0
5;2025-12-03;16;0
5;2025-12-03;17;0
5;2025-12-03;18;0
5;2025-12-03;19;0
5;2025-12-03;20;0
5;2025-12-03;21;0
5;2025-12-03;22;0
5;2025-12-03;23;0
5;2025-12-04;0;0
5;2025-12-04;1;0
5;2025-12-04;2;0
5;2025-12-04;3;0
5;2025-12-04;4;0
5;2025-12-04;5;0
5;2025-12-04;6;0
5;2025-12-04;7;0
5;2025-12-04;8;0
5;2025-12-04;9;0
5;2025-12-04;10;0
5;2025-12-04;11;0
5;2025-12-04;12;0
5;2025-12-04;13;0
5;2025-12-04;14;0
5;2025-12-04;15;0
5;2025-12-04;16;0
5;2025-12-04;17;0
5;2025-12-04;18;0
5;2025-12-04;19;0
5;2025-12-04;20;0
5;2025-12-04;21;0
5;2025-12-04;22;0
5;2025-12-04;23;0
5;2025-12-05;0;0
5;2025-12-05;1;0
5;2025-12-05;2;0
5;2025-12-05;3;0
5;2025-12-05;4;0
5;2025-12-05;5;0
5;2025-12-05;6;0
5;2025-12-05;7;0
5;2025-12-05;8;0
5;2025-12-05;9;0
5;2025-12-05;10;0
5;2025-12-05;11;0
5;2025-12-05;12;0
5;2025-12-05;13;0
5;2025-12-05;14;0
5;2025-12-05;15;0
5;2025-12-05;16;0
5;2025-12-05;17;0
5;2025-12-05;18;0
5;2025-12-05;19;0
5;2025-12-05;20;0
5;2025-12-05;21;0
5;2025-12-05;22;0
5;2025-12-05;23;0
5;2025-12-06;0;0
5;2025-12-06;1;0
5;2025-12-06;2;0
5;2025-12-06;3;0
5;2025-12-06;4;0
5;2025-12-06;5;0
5;2025-12-06;6;0
5;2025-12-06;7;0
5;2025-12-06;8;0
5;2025-12-06;9;0
5;2025-12-06;10;0
5;2025-12-06;11;0
5;2025-12-06;12;0
5;2025-12-06;13;0
5;2025-12-06;14;0
5;2025-12-06;15;0
5;2025-12-06;16;0
5;2025-12-06;17;0
5;2025-12-06;18;0
5;2025-12-06;19;0
5;2025-12-06;20;0
5;2025-12-06;21;0
5;2025-12-06;22;0
5;2025-12-06;23;0
5;2025-12-07;0;0
5;2025-12-07;1;0
5;2025-12-07;2;0
5;2025-12-07;3;0
5;2025-12-07;4;0
5;2025-12-07;5;0
5;2025-12-07;6;0
5;2025-12-07;7;0
5;2025-12-07;8;0
5;2025-12-07;9;0
5;2025-12-07;10;0
5;2025-12-07;11;0
5;2025-12-07;12;0
5;2025-12-07;13;0
5;2025-12-07;14;0
5;2025-12-07;15;0
5;2025-12-07;16;0
5;2025-12-07;17;0
5;2025-12-07;18;0
5;2025-12-07;19;0
5;2025-12-07;20;0
5;2025-12-07;21;0
5;2025-12-07;22;0
5;2025-12-07;23;0
5;2025-12-08;0;0
5;2025-12-08;1;0
5;2025-12-08;2;0
5;2025-12-08;3;0
5;2025-12-08;4;0
5;2025-12-08;5;0
5;2025-12-08;6;0
5;2025-12-08;7;0
5;2025-12-08;8;0
5;2025-12-08;9;0
5;2025-12-08;10;0
5;2025-12-08;11;0
5;2025-12-08;12;0
5;2025-12-08;13;0
5;2025-12-08;14;0
5;2025-12-08;15;0
5;2025-12-08;16;0
5;2025-12-08;17;0
5;2025-12-08;18;0
5;2025-12-08;19;0
5;2025-12-08;20;0
5;2025-12-08;21;0
5;2025-12-08;22;0
5;2025-12-08;23;0
5;2025-12-09;0;0
5;2025-12-09;1;0
5;2025-12-09;2;0
5;2025-12-09;3;0
5;2025-12-09;4;0
5;2025-12-09;5;0
5;2025-12-09;6;0
5;2025-12-09;7;0
5;2025-12-09;8;0
5;2025-12-09;9;0
5;2025-12-09;10;0
5;2025-12-09;11;0
5;2025-12-09;12;0
5;2025-12-09;13;0
5;2025-12-09;14;0
5;2025-12-09;15;0
5;2025-12-09;16;0
5;2025-12-09;17;0
5;2025-12-09;18;0
5;2025-12-09;19;0
5;2025-12-09;20;0
5;2025-12-09;21;0
5;2025-12-09;22;0
5;2025-12-09;23;0
5;2025-12-10;0;0
5;2025-12-10;1;0
5;2025-12-10;2;0
5;2025-12-10;3;0
5;2025-12-10;4;0
5;2025-12-10;5;0
5;2025-12-10;6;0
5;2025-12-10;7;0
5;2025-12-10;8;0
5;2025-12-10;9;0
5;2025-12-10;10;0
5;2025-12-10;11;0
5;2025-12-10;12;0
5;2025-12-10;13;0
5;2025-12-10;14;0
5;2025-12-10;15;0
5;2025-12-10;16;0
5;2025-12-10;17;0
5;2025-12-10;18;0
5;2025-12-10;19;0
5;2025-12-10;20;0
5;2025-12-10;21;0
5;2025-12-10;22;0
5;2025-12-10;23;0
5;2025-12-11;0;0
5;2025-12-11;1;0
5;2025-12-11;2;0
5;2025-12-11;3;0
5;2025-12-11;4;0
5;2025-12-11;5;0
5;2025-12-11;6;0
5;2025-12-11;7;0
5;2025-12-11;8;0
5;2025-12-11;9;0
5;2025-12-11;10;0
5;2025-12-11;11;0
5;2025-12-11;12;0
5;2025-12-11;13;0
5;2025-12-11;14;0
5;2025-12-11;15;0
5;2025-12-11;16;0
5;2025-12-11;17;0
5;2025-12-11;18;0
5;2025-12-11;19;0
5;2025-12-11;20;0
5;2025-12-11;21;0
5;2025-12-11;22;0
5;2025-12-11;23;0
5;2025-12-12;0;0
5;2025-12-12;1;0
5;2025-12-12;2;0
5;2025-12-12;3;0
5;2025-12-12;4;0
5;2025-12-12;5;0
5;2025-12-12;6;0
5;2025-12-12;7;0
5;2025-12-12;8;0
5;2025-12-12;9;0
5;2025-12-12;10;0
5;2025-12-12;11;0
5;2025-12-12;12;0
5;2025-12-12;13;0
5;2025-12-12;14;0
5;2025-12-12;15;0
5;2025-12-12;16;0
5;2025-12-12;17;0
5;2025-12-12;18;0
5;2025-12-12;19;0
5;2025-12-12;20;0
5;2025-12-12;21;0
5;2025-12-12;22;0
5;2025-12-12;23;0
5;2025-12-13;0;0
5;2025-12-13;1;0
5;2025-12-13;2;0
5;2025-12-13;3;0
5;2025-12-13;4;0
5;2025-12-13;5;0
5;2025-12-13;6;0
5;2025-12-13;7;0
5;2025-12-13;8;0
5;2025-12-13;9;0
5;2025-12-13;10;0
5;2025-12-13;11;0
5;2025-12-13;12;0
5;2025-12-13;13;0
5;2025-12-13;14;0
5;2025-12-13;15;0
5;2025-12-13;16;0
5;2025-12-13;17;0
5;2025-12-13;18;0
5;2025-12-13;19;0
5;2025-12-13;20;0
5;2025-12-13;21;0
5;2025-12-13;22;0
5;2025-12-13;23;0
5;2025-12-14;0;0
5;2025-12-14;1;0
5;2025-12-14;2;0
5;2025-12-14;3;0
5;2025-12-14;4;0
5;2025-12-14;5;0
5;2025-12-14;6;0
5;2025-12-14;7;0
5;2025-12-14;8;0
5;2025-12-14;9;0
5;2025-12-14;10;0
5;2025-12-14;11;0
5;2025-12-14;12;0
5;2025-12-14;13;0
5;2025-12-14;14;0
5;2025-12-14;15;0
5;2025-12-14;16;0
5;2025-12-14;17;0
5;2025-12-14;18;0
5;2025-12-14;19;0
5;2025-12-14;20;0
5;2025-12-14;21;0
5;2025-12-14;22;0
5;2025-12-14;23;0
5;2025-12-15;0;0
5;2025-12-15;1;0
5;2025-12-15;2;0
5;2025-12-15;3;0
5;2025-12-15;4;0
5;2025-12-15;5;0
5;2025-12-15;6;0
5;2025-12-15;7;0
5;2025-12-15;8;0
5;2025-12-15;9;0
5;2025-12-15;10;0
5;2025-12-15;11;0
5;2025-12-15;12;0
5;2025-12-15;13;0
5;2025-12-15;14;0
5;2025-12-15;15;0
5;2025-12-15;16;0
5;2025-12-15;17;0
5;2025-12-15;18;0
5;2025-12-15;19;0
5;2025-12-15;20;0
5;2025-12-15;21;0
5;2025-12-15;22;0
5;2025-12-15;23;0
5;2025-12-16;0;0
5;2025-12-16;1;0
5;2025-12-16;2;0
5;2025-12-16;3;0
5;2025-12-16;4;0
5;2025-12-16;5;0
5;2025-12-16;6;0
5;2025-12-16;7;0
5;2025-12-16;8;0
5;2025-12-16;9;0
5;2025-12-16;10;0
5;2025-12-16;11;0
5;2025-12-16;12;0
5;2025-12-16;13;0
5;2025-12-16;14;0
5;2025-12-16;15;0
5;2025-12-16;16;0
5;2025-12-16;17;0
5;2025-12-16;18;437
5;2025-12-16;19;259
5;2025-12-16;20;176
5;2025-12-16;21;118
5;2025-12-16;22;48
5;2025-12-16;23;28
5;2025-12-17;0;5
5;2025-12-17;1;0
5;2025-12-17;2;0
5;2025-12-17;3;0
5;2025-12-17;4;1
5;2025-12-17;5;14
5;2025-12-17;6;99
5;2025-12-17;7;325
5;2025-12-17;8;531
5;2025-12-17;9;418
5;2025-12-17;10;318
5;2025-12-17;11;287
5;2025-12-17;12;271
5;2025-12-17;13;287
5;2025-12-17;14;273
5;2025-12-17;15;317
5;2025-12-17;16;340
5;2025-12-17;17;448
5;2025-12-17;18;437
5;2025-12-17;19;259
5;2025-12-17;20;176
5;2025-12-17;21;118
5;2025-12-17;22;48
5;2025-12-17;23;28
5;2025-12-18;0;5
5;2025-12-18;1;0
5;2025-12-18;2;0
5;2025-12-18;3;0
5;2025-12-18;4;1
5;2025-12-18;5;14
5;2025-12-18;6;99
5;2025-12-18;7;325
5;2025-12-18;8;531
5;2025-12-18;9;418
5;2025-12-18;10;318
5;2025-12-18;11;287
5;2025-12-18;12;271
5;2025-12-18;13;287
5;2025-12-18;14;273
5;2025-12-18;15;317
5;2025-12-18;16;340
5;2025-12-18;17;448
5;2025-12-18;18;437
5;2025-12-18;19;259
5;2025-12-18;20;176
5;2025-12-18;21;118
5;2025-12-18;22;48
5;2025-12-18;23;28
5;2025-12-19;0;5
5;2025-12-19;1;0
5;2025-12-19;2;0
5;2025-12-19;3;0
5;2025-12-19;4;1
5;2025-12-19;5;14
5;2025-12-19;6;99
5;2025-12-19;7;325
5;2025-12-19;8;531
5;2025-12-19;9;418
5;2025-12-19;10;318
5;2025-12-19;11;287
5;2025-12-19;12;271
5;2025-12-19;13;287
5;2025-12-19;14;273
5;2025-12-19;15;317
5;2025-12-19;16;340
5;2025-12-19;17;448
5;2025-12-19;18;437
5;2025-12-19;19;259
5;2025-12-19;20;176
5;2025-12-19;21;118
5;2025-12-19;22;48
5;2025-12-19;23;28
5;2025-12-20;0;3
5;2025-12-20;1;0
5;2025-12-20;2;0
5;2025-12-20;3;0
5;2025-12-20;4;0
5;2025-12-20;5;8
5;2025-12-20;6;59
5;2025-12-20;7;195
5;2025-12-20;8;319
5;2025-12-20;9;251
5;2025-12-20;10;191
5;2025-12-20;11;172
5;2025-12-20;12;162
5;2025-12-20;13;172
5;2025-12-20;14;164
5;2025-12-20;15;190
5;2025-12-20;16;204
5;2025-12-20;17;269
5;2025-12-20;18;262
5;2025-12-20;19;155
5;2025-12-20;20;105
5;2025-12-20;21;71
5;2025-12-20;22;29
5;2025-12-20;23;17
5;2025-12-21;0;3
5;2025-12-21;1;0
5;2025-12-21;2;0
5;2025-12-21;3;0
5;2025-12-21;4;0
5;2025-12-21;5;7
5;2025-12-21;6;49
5;2025-12-21;7;162
5;2025-12-21;8;266
5;2025-12-21;9;209
5;2025-12-21;10;159
5;2025-12-21;11;144
5;2025-12-21;12;135
5;2025-12-21;13;143
5;2025-12-21;14;136
5;2025-12-21;15;159
5;2025-12-21;16;170
5;2025-12-21;17;224
5;2025-12-21;18;219
5;2025-12-21;19;130
5;2025-12-21;20;88
5;2025-12-21;21;59
5;2025-12-21;22;24
5;2025-12-21;23;14
5;2025-12-22;0;5
5;2025-12-22;1;0
5;2025-12-22;2;0
5;2025-12-22;3;0
5;2025-12-22;4;1
5;2025-12-22;5;14
5;2025-12-22;6;99
5;2025-12-22;7;325
5;2025-12-22;8;531
5;2025-12-22;9;418
5;2025-12-22;10;318
5;2025-12-22;11;287
5;2025-12-22;12;271
5;2025-12-22;13;287
5;2025-12-22;14;273
5;2025-12-22;15;317
5;2025-12-22;16;340
5;2025-12-22;17;448
5;2025-12-22;18;437
5;2025-12-22;19;259
5;2025-12-22;20;176
5;2025-12-22;21;118
5;2025-12-22;22;48
5;2025-12-22;23;28
5;2025-12-23;0;5
5;2025-12-23;1;0
5;2025-12-23;2;0
5;2025-12-23;3;0
5;2025-12-23;4;1
5;2025-12-23;5;14
5;2025-12-23;6;99
5;2025-12-23;7;325
5;2025-12-23;8;531
5;2025-12-23;9;418
5;2025-12-23;10;318
5;2025-12-23;11;287
5;2025-12-23;12;271
5;2025-12-23;13;287
5;2025-12-23;14;273
5;2025-12-23;15;317
5;2025-12-23;16;340
5;2025-12-23;17;448
5;2025-12-23;18;437
5;2025-12-23;19;259
5;2025-12-23;20;176
5;2025-12-23;21;118
5;2025-12-23;22;48
5;2025-12-23;23;28
5;2025-12-24;0;5
5;2025-12-24;1;0
5;2025-12-24;2;0
5;2025-12-24;3;0
5;2025-12-24;4;1
5;2025-12-24;5;14
5;2025-12-24;6;99
5;2025-12-24;7;325
5;2025-12-24;8;531
5;2025-12-24;9;418
5;2025-12-24;10;318
5;2025-12-24;11;287
5;2025-12-24;12;271
5;2025-12-24;13;287
5;2025-12-24;14;273
5;2025-12-24;15;317
5;2025-12-24;16;340
5;2025-12-24;17;448
5;2025-12-24;18;437
5;2025-12-24;19;259
5;2025-12-24;20;176
5;2025-12-24;21;118
5;2025-12-24;22;48
5;2025-12-24;23;28
5;2025-12-25;0;5
5;2025-12-25;1;0
5;2025-12-25;2;0
5;2025-12-25;3;0
5;2025-12-25;4;1
5;2025-12-25;5;14
5;2025-12-25;6;99
5;2025-12-25;7;325
5;2025-12-25;8;531
5;2025-12-25;9;418
5;2025-12-25;10;318
5;2025-12-25;11;287
5;2025-12-25;12;271
5;2025-12-25;13;287
5;2025-12-25;14;273
5;2025-12-25;15;317
5;2025-12-25;16;340
5;2025-12-25;17;448
5;2025-12-25;18;437
5;2025-12-25;19;259
5;2025-12-25;20;176
5;2025-12-25;21;118
5;2025-12-25;22;48
5;2025-12-25;23;28
5;2025-12-26;0;5
5;2025-12-26;1;0
5;2025-12-26;2;0
5;2025-12-26;3;0
5;2025-12-26;4;1
5;2025-12-26;5;14
5;2025-12-26;6;99
5;2025-12-26;7;325
5;2025-12-26;8;531
5;2025-12-26;9;418
5;2025-12-26;10;318
5;2025-12-26;11;287
5;2025-12-26;12;271
5;2025-12-26;13;287
5;2025-12-26;14;273
5;2025-12-26;15;317
5;2025-12-26;16;340
5;2025-12-26;17;448
5;2025-12-26;18;437
5;2025-12-26;19;259
5;2025-12-26;20;176
5;2025-12-26;21;118
5;2025-12-26;22;48
5;2025-12-26;23;28
5;2025-12-27;0;3
5;2025-12-27;1;0
5;2025-12-27;2;0
5;2025-12-27;3;0
5;2025-12-27;4;0
5;2025-12-27;5;8
5;2025-12-27;6;59
5;2025-12-27;7;195
5;2025-12-27;8;319
5;2025-12-27;9;251
5;2025-12-27;10;191
5;2025-12-27;11;172
5;2025-12-27;12;162
5;2025-12-27;13;172
5;2025-12-27;14;164
5;2025-12-27;15;190
5;2025-12-27;16;204
5;2025-12-27;17;269
5;2025-12-27;18;262
5;2025-12-27;19;155
5;2025-12-27;20;105
5;2025-12-27;21;71
5;2025-12-27;22;29
5;2025-12-27;23;17
5;2025-12-28;0;3
5;2025-12-28;1;0
5;2025-12-28;2;0
5;2025-12-28;3;0
5;2025-12-28;4;0
5;2025-12-28;5;7
5;2025-12-28;6;49
5;2025-12-28;7;162
5;2025-12-28;8;266
5;2025-12-28;9;209
5;2025-12-28;10;159
5;2025-12-28;11;144
5;2025-12-28;12;135
5;2025-12-28;13;143
5;2025-12-28;14;136
5;2025-12-28;15;159
5;2025-12-28;16;170
5;2025-12-28;17;224
5;2025-12-28;18;219
5;2025-12-28;19;130
5;2025-12-28;20;88
5;2025-12-28;21;59
5;2025-12-28;22;24
5;2025-12-28;23;14
5;2025-12-29;0;5
5;2025-12-29;1;0
5;2025-12-29;2;0
5;2025-12-29;3;0
5;2025-12-29;4;1
5;2025-12-29;5;14
5;2025-12-29;6;99
5;2025-12-29;7;325
5;2025-12-29;8;531
5;2025-12-29;9;418
5;2025-12-29;10;318
5;2025-12-29;11;287
5;2025-12-29;12;271
5;2025-12-29;13;287
5;2025-12-29;14;273
5;2025-12-29;15;317
5;2025-12-29;16;340
5;2025-12-29;17;448
5;2025-12-29;18;437
5;2025-12-29;19;259
5;2025-12-29;20;176
5;2025-12-29;21;118
5;2025-12-29;22;48
5;2025-12-29;23;28
5;2025-12-30;0;5
5;2025-12-30;1;0
5;2025-12-30;2;0
5;2025-12-30;3;0
5;2025-12-30;4;1
5;2025-12-30;5;14
5;2025-12-30;6;99
5;2025-12-30;7;325
5;2025-12-30;8;531
5;2025-12-30;9;418
5;2025-12-30;10;318
5;2025-12-30;11;287
5;2025-12-30;12;271
5;2025-12-30;13;287
5;2025-12-30;14;273
5;2025-12-30;15;317
5;2025-12-30;16;340
5;2025-12-30;17;448
5;2025-12-30;18;437
5;2025-12-30;19;259
5;2025-12-30;20;176
5;2025-12-30;21;118
5;2025-12-30;22;48
5;2025-12-30;23;28
5;2025-12-31;0;3
5;2025-12-31;1;0
5;2025-12-31;2;0
5;2025-12-31;3;0
5;2025-12-31;4;0
5;2025-12-31;5;7
5;2025-12-31;6;49
5;2025-12-31;7;162
5;2025-12-31;8;266
5;2025-12-31;9;209
5;2025-12-31;10;159
5;2025-12-31;11;144
5;2025-12-31;12;135
5;2025-12-31;13;143
5;2025-12-31;14;136
5;2025-12-31;15;159
5;2025-12-31;16;170
5;2025-12-31;17;224
5;2025-12-31;18;219
5;2025-12-31;19;130
5;2025-12-31;20;0
5;2025-12-31;21;0
5;2025-12-31;22;0
5;2025-12-31;23;0
7;2025-11-01;0;54
7;2025-11-01;1;9
7;2025-11-01;2;0
7;2025-11-01;3;0
7;2025-11-01;4;1
7;2025-11-01;5;162
7;2025-11-01;6;529
7;2025-11-01;7;1410
7;2025-11-01;8;2201
7;2025-11-01;9;1634
7;2025-11-01;10;1536
7;2025-11-01;11;1414
7;2025-11-01;12;1537
7;2025-11-01;13;1463
7;2025-11-01;14;1516
7;2025-11-01;15;1599
7;2025-11-01;16;1678
7;2025-11-01;17;2125
7;2025-11-01;18;2206
7;2025-11-01;19;1459
7;2025-11-01;20;948
7;2025-11-01;21;538
7;2025-11-01;22;214
7;2025-11-01;23;164
7;2025-11-02;0;99
7;2025-11-02;1;24
7;2025-11-02;2;0
7;2025-11-02;3;0
7;2025-11-02;4;1
7;2025-11-02;5;26
7;2025-11-02;6;132
7;2025-11-02;7;169
7;2025-11-02;8;394
7;2025-11-02;9;511
7;2025-11-02;10;394
7;2025-11-02;11;529
7;2025-11-02;12;651
7;2025-11-02;13;626
7;2025-11-02;14;675
7;2025-11-02;15;699
7;2025-11-02;16;585
7;2025-11-02;17;627
7;2025-11-02;18;655
7;2025-11-02;19;469
7;2025-11-02;20;401
7;2025-11-02;21;295
7;2025-11-02;22;153
7;2025-11-02;23;122
7;2025-11-03;0;94
7;2025-11-03;1;22
7;2025-11-03;2;0
7;2025-11-03;3;0
7;2025-11-03;4;0
7;2025-11-03;5;25
7;2025-11-03;6;125
7;2025-11-03;7;161
7;2025-11-03;8;374
7;2025-11-03;9;486
7;2025-11-03;10;374
7;2025-11-03;11;503
7;2025-11-03;12;619
7;2025-11-03;13;595
7;2025-11-03;14;642
7;2025-11-03;15;664
7;2025-11-03;16;556
7;2025-11-03;17;595
7;2025-11-03;18;622
7;2025-11-03;19;445
7;2025-11-03;20;381
7;2025-11-03;21;280
7;2025-11-03;22;146
7;2025-11-03;23;116
7;2025-11-04;0;94
7;2025-11-04;1;22
7;2025-11-04;2;0
7;2025-11-04;3;0
7;2025-11-04;4;0
7;2025-11-04;5;25
7;2025-11-04;6;125
7;2025-11-04;7;161
7;2025-11-04;8;374
7;2025-11-04;9;486
7;2025-11-04;10;374
7;2025-11-04;11;503
7;2025-11-04;12;619
7;2025-11-04;13;595
7;2025-11-04;14;642
7;2025-11-04;15;664
7;2025-11-04;16;556
7;2025-11-04;17;595
7;2025-11-04;18;622
7;2025-11-04;19;445
7;2025-11-04;20;381
7;2025-11-04;21;280
7;2025-11-04;22;146
7;2025-11-04;23;116
7;2025-11-05;0;60
7;2025-11-05;1;10
7;2025-11-05;2;0
7;2025-11-05;3;0
7;2025-11-05;4;1
7;2025-11-05;5;184
7;2025-11-05;6;591
7;2025-11-05;7;1549
7;2025-11-05;8;2416
7;2025-11-05;9;1782
7;2025-11-05;10;1678
7;2025-11-05;11;1526
7;2025-11-05;12;1678
7;2025-11-05;13;1573
7;2025-11-05;14;1642
7;2025-11-05;15;1745
7;2025-11-05;16;1822
7;2025-11-05;17;2334
7;2025-11-05;18;2455
7;2025-11-05;19;1630
7;2025-11-05;20;1051
7;2025-11-05;21;608
7;2025-11-05;22;285
7;2025-11-05;23;189
7;2025-11-06;0;63
7;2025-11-06;1;11
7;2025-11-06;2;0
7;2025-11-06;3;0
7;2025-11-06;4;1
7;2025-11-06;5;189
7;2025-11-06;6;607
7;2025-11-06;7;1600
7;2025-11-06;8;2491
7;2025-11-06;9;1836
7;2025-11-06;10;1713
7;2025-11-06;11;1570
7;2025-11-06;12;1720
7;2025-11-06;13;1623
7;2025-11-06;14;1696
7;2025-11-06;15;1770
7;2025-11-06;16;1859
7;2025-11-06;17;2376
7;2025-11-06;18;2519
7;2025-11-06;19;1662
7;2025-11-06;20;1079
7;2025-11-06;21;616
7;2025-11-06;22;294
7;2025-11-06;23;196
7;2025-11-07;0;63
7;2025-11-07;1;11
7;2025-11-07;2;0
7;2025-11-07;3;0
7;2025-11-07;4;1
7;2025-11-07;5;184
7;2025-11-07;6;602
7;2025-11-07;7;1570
7;2025-11-07;8;2429
7;2025-11-07;9;1794
7;2025-11-07;10;1710
7;2025-11-07;11;1564
7;2025-11-07;12;1704
7;2025-11-07;13;1631
7;2025-11-07;14;1689
7;2025-11-07;15;1792
7;2025-11-07;16;1876
7;2025-11-07;17;2384
7;2025-11-07;18;2382
7;2025-11-07;19;1598
7;2025-11-07;20;1055
7;2025-11-07;21;610
7;2025-11-07;22;294
7;2025-11-07;23;201
7;2025-11-08;0;118
7;2025-11-08;1;24
7;2025-11-08;2;0
7;2025-11-08;3;0
7;2025-11-08;4;1
7;2025-11-08;5;53
7;2025-11-08;6;281
7;2025-11-08;7;308
7;2025-11-08;8;706
7;2025-11-08;9;584
7;2025-11-08;10;635
7;2025-11-08;11;675
7;2025-11-08;12;945
7;2025-11-08;13;857
7;2025-11-08;14;841
7;2025-11-08;15;839
7;2025-11-08;16;866
7;2025-11-08;17;862
7;2025-11-08;18;750
7;2025-11-08;19;627
7;2025-11-08;20;511
7;2025-11-08;21;368
7;2025-11-08;22;198
7;2025-11-08;23;174
7;2025-11-09;0;99
7;2025-11-09;1;24
7;2025-11-09;2;0
7;2025-11-09;3;0
7;2025-11-09;4;1
7;2025-11-09;5;26
7;2025-11-09;6;132
7;2025-11-09;7;169
7;2025-11-09;8;394
7;2025-11-09;9;511
7;2025-11-09;10;394
7;2025-11-09;11;529
7;2025-11-09;12;651
7;2025-11-09;13;626
7;2025-11-09;14;675
7;2025-11-09;15;699
7;2025-11-09;16;585
7;2025-11-09;17;627
7;2025-11-09;18;655
7;2025-11-09;19;469
7;2025-11-09;20;401
7;2025-11-09;21;295
7;2025-11-09;22;153
7;2025-11-09;23;122
7;2025-11-10;0;64
7;2025-11-10;1;11
7;2025-11-10;2;0
7;2025-11-10;3;0
7;2025-11-10;4;1
7;2025-11-10;5;189
7;2025-11-10;6;606
7;2025-11-10;7;1601
7;2025-11-10;8;2504
7;2025-11-10;9;1840
7;2025-11-10;10;1725
7;2025-11-10;11;1578
7;2025-11-10;12;1729
7;2025-11-10;13;1635
7;2025-11-10;14;1700
7;2025-11-10;15;1797
7;2025-11-10;16;1870
7;2025-11-10;17;2391
7;2025-11-10;18;2527
7;2025-11-10;19;1682
7;2025-11-10;20;1091
7;2025-11-10;21;624
7;2025-11-10;22;292
7;2025-11-10;23;194
7;2025-11-11;0;63
7;2025-11-11;1;11
7;2025-11-11;2;0
7;2025-11-11;3;0
7;2025-11-11;4;1
7;2025-11-11;5;191
7;2025-11-11;6;616
7;2025-11-11;7;1634
7;2025-11-11;8;2529
7;2025-11-11;9;1872
7;2025-11-11;10;1751
7;2025-11-11;11;1605
7;2025-11-11;12;1752
7;2025-11-11;13;1656
7;2025-11-11;14;1721
7;2025-11-11;15;1824
7;2025-11-11;16;1902
7;2025-11-11;17;2430
7;2025-11-11;18;2568
7;2025-11-11;19;1705
7;2025-11-11;20;1105
7;2025-11-11;21;638
7;2025-11-11;22;301
7;2025-11-11;23;198
7;2025-11-12;0;59
7;2025-11-12;1;10
7;2025-11-12;2;0
7;2025-11-12;3;0
7;2025-11-12;4;1
7;2025-11-12;5;185
7;2025-11-12;6;603
7;2025-11-12;7;1593
7;2025-11-12;8;2469
7;2025-11-12;9;1829
7;2025-11-12;10;1730
7;2025-11-12;11;1578
7;2025-11-12;12;1733
7;2025-11-12;13;1615
7;2025-11-12;14;1677
7;2025-11-12;15;1777
7;2025-11-12;16;1859
7;2025-11-12;17;2384
7;2025-11-12;18;2499
7;2025-11-12;19;1673
7;2025-11-12;20;1076
7;2025-11-12;21;616
7;2025-11-12;22;296
7;2025-11-12;23;198
7;2025-11-13;0;60
7;2025-11-13;1;10
7;2025-11-13;2;0
7;2025-11-13;3;0
7;2025-11-13;4;1
7;2025-11-13;5;186
7;2025-11-13;6;606
7;2025-11-13;7;1606
7;2025-11-13;8;2490
7;2025-11-13;9;1839
7;2025-11-13;10;1720
7;2025-11-13;11;1584
7;2025-11-13;12;1740
7;2025-11-13;13;1639
7;2025-11-13;14;1709
7;2025-11-13;15;1796
7;2025-11-13;16;1878
7;2025-11-13;17;2392
7;2025-11-13;18;2533
7;2025-11-13;19;1675
7;2025-11-13;20;1092
7;2025-11-13;21;621
7;2025-11-13;22;300
7;2025-11-13;23;199
7;2025-11-14;0;61
7;2025-11-14;1;10
7;2025-11-14;2;0
7;2025-11-14;3;0
7;2025-11-14;4;1
7;2025-11-14;5;183
7;2025-11-14;6;606
7;2025-11-14;7;1586
7;2025-11-14;8;2439
7;2025-11-14;9;1813
7;2025-11-14;10;1742
7;2025-11-14;11;1584
7;2025-11-14;12;1720
7;2025-11-14;13;1654
7;2025-11-14;14;1706
7;2025-11-14;15;1818
7;2025-11-14;16;1899
7;2025-11-14;17;2406
7;2025-11-14;18;2390
7;2025-11-14;19;1613
7;2025-11-14;20;1068
7;2025-11-14;21;608
7;2025-11-14;22;299
7;2025-11-14;23;203
7;2025-11-15;0;98
7;2025-11-15;1;27
7;2025-11-15;2;0
7;2025-11-15;3;0
7;2025-11-15;4;0
7;2025-11-15;5;57
7;2025-11-15;6;314
7;2025-11-15;7;506
7;2025-11-15;8;794
7;2025-11-15;9;917
7;2025-11-15;10;974
7;2025-11-15;11;1131
7;2025-11-15;12;1342
7;2025-11-15;13;1308
7;2025-11-15;14;1413
7;2025-11-15;15;1257
7;2025-11-15;16;1208
7;2025-11-15;17;1199
7;2025-11-15;18;1132
7;2025-11-15;19;1148
7;2025-11-15;20;842
7;2025-11-15;21;679
7;2025-11-15;22;375
7;2025-11-15;23;223
7;2025-11-16;0;111
7;2025-11-16;1;27
7;2025-11-16;2;0
7;2025-11-16;3;0
7;2025-11-16;4;0
7;2025-11-16;5;35
7;2025-11-16;6;211
7;2025-11-16;7;349
7;2025-11-16;8;542
7;2025-11-16;9;713
7;2025-11-16;10;798
7;2025-11-16;11;1003
7;2025-11-16;12;1127
7;2025-11-16;13;1170
7;2025-11-16;14;1265
7;2025-11-16;15;1232
7;2025-11-16;16;1111
7;2025-11-16;17;1210
7;2025-11-16;18;1035
7;2025-11-16;19;897
7;2025-11-16;20;762
7;2025-11-16;21;610
7;2025-11-16;22;351
7;2025-11-16;23;192
7;2025-11-17;0;60
7;2025-11-17;1;10
7;2025-11-17;2;0
7;2025-11-17;3;0
7;2025-11-17;4;1
7;2025-11-17;5;185
7;2025-11-17;6;599
7;2025-11-17;7;1595
7;2025-11-17;8;2483
7;2025-11-17;9;1825
7;2025-11-17;10;1711
7;2025-11-17;11;1563
7;2025-11-17;12;1712
7;2025-11-17;13;1606
7;2025-11-17;14;1664
7;2025-11-17;15;1757
7;2025-11-17;16;1830
7;2025-11-17;17;2348
7;2025-11-17;18;2479
7;2025-11-17;19;1671
7;2025-11-17;20;1076
7;2025-11-17;21;610
7;2025-11-17;22;293
7;2025-11-17;23;194
7;2025-11-18;0;58
7;2025-11-18;1;10
7;2025-11-18;2;0
7;2025-11-18;3;0
7;2025-11-18;4;1
7;2025-11-18;5;180
7;2025-11-18;6;586
7;2025-11-18;7;1576
7;2025-11-18;8;2427
7;2025-11-18;9;1803
7;2025-11-18;10;1672
7;2025-11-18;11;1533
7;2025-11-18;12;1677
7;2025-11-18;13;1580
7;2025-11-18;14;1640
7;2025-11-18;15;1742
7;2025-11-18;16;1806
7;2025-11-18;17;2321
7;2025-11-18;18;2453
7;2025-11-18;19;1643
7;2025-11-18;20;1062
7;2025-11-18;21;608
7;2025-11-18;22;290
7;2025-11-18;23;191
7;2025-11-19;0;59
7;2025-11-19;1;10
7;2025-11-19;2;0
7;2025-11-19;3;0
7;2025-11-19;4;1
7;2025-11-19;5;185
7;2025-11-19;6;605
7;2025-11-19;7;1601
7;2025-11-19;8;2484
7;2025-11-19;9;1842
7;2025-11-19;10;1742
7;2025-11-19;11;1591
7;2025-11-19;12;1751
7;2025-11-19;13;1634
7;2025-11-19;14;1699
7;2025-11-19;15;1799
7;2025-11-19;16;1878
7;2025-11-19;17;2408
7;2025-11-19;18;2522
7;2025-11-19;19;1687
7;2025-11-19;20;1083
7;2025-11-19;21;620
7;2025-11-19;22;297
7;2025-11-19;23;198
7;2025-11-20;0;61
7;2025-11-20;1;10
7;2025-11-20;2;0
7;2025-11-20;3;0
7;2025-11-20;4;1
7;2025-11-20;5;188
7;2025-11-20;6;610
7;2025-11-20;7;1617
7;2025-11-20;8;2512
7;2025-11-20;9;1855
7;2025-11-20;10;1734
7;2025-11-20;11;1597
7;2025-11-20;12;1754
7;2025-11-20;13;1652
7;2025-11-20;14;1723
7;2025-11-20;15;1812
7;2025-11-20;16;1894
7;2025-11-20;17;2413
7;2025-11-20;18;2547
7;2025-11-20;19;1684
7;2025-11-20;20;1099
7;2025-11-20;21;624
7;2025-11-20;22;301
7;2025-11-20;23;200
7;2025-11-21;0;62
7;2025-11-21;1;11
7;2025-11-21;2;0
7;2025-11-21;3;0
7;2025-11-21;4;1
7;2025-11-21;5;185
7;2025-11-21;6;608
7;2025-11-21;7;1600
7;2025-11-21;8;2466
7;2025-11-21;9;1831
7;2025-11-21;10;1756
7;2025-11-21;11;1598
7;2025-11-21;12;1736
7;2025-11-21;13;1666
7;2025-11-21;14;1720
7;2025-11-21;15;1831
7;2025-11-21;16;1911
7;2025-11-21;17;2426
7;2025-11-21;18;2409
7;2025-11-21;19;1628
7;2025-11-21;20;1074
7;2025-11-21;21;612
7;2025-11-21;22;300
7;2025-11-21;23;206
7;2025-11-22;0;98
7;2025-11-22;1;27
7;2025-11-22;2;0
7;2025-11-22;3;0
7;2025-11-22;4;0
7;2025-11-22;5;57
7;2025-11-22;6;314
7;2025-11-22;7;506
7;2025-11-22;8;794
7;2025-11-22;9;917
7;2025-11-22;10;974
7;2025-11-22;11;1131
7;2025-11-22;12;1342
7;2025-11-22;13;1308
7;2025-11-22;14;1413
7;2025-11-22;15;1257
7;2025-11-22;16;1208
7;2025-11-22;17;1199
7;2025-11-22;18;1132
7;2025-11-22;19;1148
7;2025-11-22;20;842
7;2025-11-22;21;679
7;2025-11-22;22;375
7;2025-11-22;23;223
7;2025-11-23;0;111
7;2025-11-23;1;27
7;2025-11-23;2;0
7;2025-11-23;3;0
7;2025-11-23;4;0
7;2025-11-23;5;35
7;2025-11-23;6;211
7;2025-11-23;7;349
7;2025-11-23;8;542
7;2025-11-23;9;713
7;2025-11-23;10;798
7;2025-11-23;11;1003
7;2025-11-23;12;1127
7;2025-11-23;13;1170
7;2025-11-23;14;1265
7;2025-11-23;15;1232
7;2025-11-23;16;1111
7;2025-11-23;17;1210
7;2025-11-23;18;1035
7;2025-11-23;19;897
7;2025-11-23;20;762
7;2025-11-23;21;610
7;2025-11-23;22;351
7;2025-11-23;23;192
7;2025-11-24;0;59
7;2025-11-24;1;10
7;2025-11-24;2;0
7;2025-11-24;3;0
7;2025-11-24;4;1
7;2025-11-24;5;180
7;2025-11-24;6;581
7;2025-11-24;7;1554
7;2025-11-24;8;2427
7;2025-11-24;9;1779
7;2025-11-24;10;1663
7;2025-11-24;11;1516
7;2025-11-24;12;1667
7;2025-11-24;13;1573
7;2025-11-24;14;1634
7;2025-11-24;15;1726
7;2025-11-24;16;1791
7;2025-11-24;17;2306
7;2025-11-24;18;2430
7;2025-11-24;19;1639
7;2025-11-24;20;1051
7;2025-11-24;21;598
7;2025-11-24;22;286
7;2025-11-24;23;190
7;2025-11-25;0;59
7;2025-11-25;1;10
7;2025-11-25;2;0
7;2025-11-25;3;0
7;2025-11-25;4;1
7;2025-11-25;5;185
7;2025-11-25;6;605
7;2025-11-25;7;1618
7;2025-11-25;8;2500
7;2025-11-25;9;1854
7;2025-11-25;10;1732
7;2025-11-25;11;1588
7;2025-11-25;12;1735
7;2025-11-25;13;1639
7;2025-11-25;14;1702
7;2025-11-25;15;1811
7;2025-11-25;16;1879
7;2025-11-25;17;2405
7;2025-11-25;18;2538
7;2025-11-25;19;1693
7;2025-11-25;20;1097
7;2025-11-25;21;625
7;2025-11-25;22;298
7;2025-11-25;23;198
7;2025-11-26;0;60
7;2025-11-26;1;10
7;2025-11-26;2;0
7;2025-11-26;3;0
7;2025-11-26;4;1
7;2025-11-26;5;185
7;2025-11-26;6;601
7;2025-11-26;7;1589
7;2025-11-26;8;2475
7;2025-11-26;9;1828
7;2025-11-26;10;1723
7;2025-11-26;11;1572
7;2025-11-26;12;1729
7;2025-11-26;13;1612
7;2025-11-26;14;1679
7;2025-11-26;15;1781
7;2025-11-26;16;1854
7;2025-11-26;17;2385
7;2025-11-26;18;2499
7;2025-11-26;19;1668
7;2025-11-26;20;1072
7;2025-11-26;21;613
7;2025-11-26;22;293
7;2025-11-26;23;195
7;2025-11-27;0;61
7;2025-11-27;1;10
7;2025-11-27;2;0
7;2025-11-27;3;0
7;2025-11-27;4;1
7;2025-11-27;5;188
7;2025-11-27;6;610
7;2025-11-27;7;1615
7;2025-11-27;8;2517
7;2025-11-27;9;1853
7;2025-11-27;10;1733
7;2025-11-27;11;1594
7;2025-11-27;12;1744
7;2025-11-27;13;1639
7;2025-11-27;14;1706
7;2025-11-27;15;1796
7;2025-11-27;16;1878
7;2025-11-27;17;2407
7;2025-11-27;18;2539
7;2025-11-27;19;1667
7;2025-11-27;20;1089
7;2025-11-27;21;616
7;2025-11-27;22;295
7;2025-11-27;23;194
7;2025-11-28;0;62
7;2025-11-28;1;10
7;2025-11-28;2;0
7;2025-11-28;3;0
7;2025-11-28;4;1
7;2025-11-28;5;184
7;2025-11-28;6;601
7;2025-11-28;7;1577
7;2025-11-28;8;2442
7;2025-11-28;9;1808
7;2025-11-28;10;1735
7;2025-11-28;11;1576
7;2025-11-28;12;1713
7;2025-11-28;13;1649
7;2025-11-28;14;1702
7;2025-11-28;15;1815
7;2025-11-28;16;1898
7;2025-11-28;17;2414
7;2025-11-28;18;2400
7;2025-11-28;19;1614
7;2025-11-28;20;1061
7;2025-11-28;21;611
7;2025-11-28;22;298
7;2025-11-28;23;201
7;2025-11-29;0;98
7;2025-11-29;1;27
7;2025-11-29;2;0
7;2025-11-29;3;0
7;2025-11-29;4;0
7;2025-11-29;5;57
7;2025-11-29;6;314
7;2025-11-29;7;506
7;2025-11-29;8;794
7;2025-11-29;9;917
7;2025-11-29;10;974
7;2025-11-29;11;1131
7;2025-11-29;12;1342
7;2025-11-29;13;1308
7;2025-11-29;14;1413
7;2025-11-29;15;1257
7;2025-11-29;16;1208
7;2025-11-29;17;1199
7;2025-11-29;18;1132
7;2025-11-29;19;1148
7;2025-11-29;20;842
7;2025-11-29;21;679
7;2025-11-29;22;375
7;2025-11-29;23;223
7;2025-11-30;0;111
7;2025-11-30;1;27
7;2025-11-30;2;0
7;2025-11-30;3;0
7;2025-11-30;4;0
7;2025-11-30;5;35
7;2025-11-30;6;211
7;2025-11-30;7;349
7;2025-11-30;8;542
7;2025-11-30;9;713
7;2025-11-30;10;798
7;2025-11-30;11;1003
7;2025-11-30;12;1127
7;2025-11-30;13;1170
7;2025-11-30;14;1265
7;2025-11-30;15;1232
7;2025-11-30;16;1111
7;2025-11-30;17;1210
7;2025-11-30;18;1035
7;2025-11-30;19;897
7;2025-11-30;20;762
7;2025-11-30;21;610
7;2025-11-30;22;351
7;2025-11-30;23;192
7;2025-12-01;0;61
7;2025-12-01;1;10
7;2025-12-01;2;0
7;2025-12-01;3;0
7;2025-12-01;4;1
7;2025-12-01;5;190
7;2025-12-01;6;613
7;2025-12-01;7;1620
7;2025-12-01;8;2543
7;2025-12-01;9;1860
7;2025-12-01;10;1754
7;2025-12-01;11;1601
7;2025-12-01;12;1754
7;2025-12-01;13;1667
7;2025-12-01;14;1720
7;2025-12-01;15;1826
7;2025-12-01;16;1898
7;2025-12-01;17;2416
7;2025-12-01;18;2558
7;2025-12-01;19;1724
7;2025-12-01;20;1103
7;2025-12-01;21;635
7;2025-12-01;22;303
7;2025-12-01;23;200
7;2025-12-02;0;61
7;2025-12-02;1;10
7;2025-12-02;2;0
7;2025-12-02;3;0
7;2025-12-02;4;1
7;2025-12-02;5;190
7;2025-12-02;6;621
7;2025-12-02;7;1657
7;2025-12-02;8;2548
7;2025-12-02;9;1892
7;2025-12-02;10;1772
7;2025-12-02;11;1620
7;2025-12-02;12;1763
7;2025-12-02;13;1674
7;2025-12-02;14;1734
7;2025-12-02;15;1849
7;2025-12-02;16;1917
7;2025-12-02;17;2438
7;2025-12-02;18;2590
7;2025-12-02;19;1737
7;2025-12-02;20;1122
7;2025-12-02;21;646
7;2025-12-02;22;306
7;2025-12-02;23;197
7;2025-12-03;0;61
7;2025-12-03;1;10
7;2025-12-03;2;0
7;2025-12-03;3;0
7;2025-12-03;4;1
7;2025-12-03;5;194
7;2025-12-03;6;626
7;2025-12-03;7;1629
7;2025-12-03;8;2536
7;2025-12-03;9;1876
7;2025-12-03;10;1788
7;2025-12-03;11;1631
7;2025-12-03;12;1793
7;2025-12-03;13;1665
7;2025-12-03;14;1726
7;2025-12-03;15;1837
7;2025-12-03;16;1922
7;2025-12-03;17;2459
7;2025-12-03;18;2579
7;2025-12-03;19;1727
7;2025-12-03;20;1103
7;2025-12-03;21;641
7;2025-12-03;22;305
7;2025-12-03;23;200
7;2025-12-04;0;62
7;2025-12-04;1;11
7;2025-12-04;2;0
7;2025-12-04;3;0
7;2025-12-04;4;1
7;2025-12-04;5;195
7;2025-12-04;6;628
7;2025-12-04;7;1645
7;2025-12-04;8;2564
7;2025-12-04;9;1888
7;2025-12-04;10;1762
7;2025-12-04;11;1627
7;2025-12-04;12;1786
7;2025-12-04;13;1686
7;2025-12-04;14;1755
7;2025-12-04;15;1844
7;2025-12-04;16;1931
7;2025-12-04;17;2450
7;2025-12-04;18;2603
7;2025-12-04;19;1716
7;2025-12-04;20;1126
7;2025-12-04;21;642
7;2025-12-04;22;310
7;2025-12-04;23;201
7;2025-12-05;0;65
7;2025-12-05;1;11
7;2025-12-05;2;0
7;2025-12-05;3;0
7;2025-12-05;4;1
7;2025-12-05;5;191
7;2025-12-05;6;632
7;2025-12-05;7;1627
7;2025-12-05;8;2510
7;2025-12-05;9;1857
7;2025-12-05;10;1809
7;2025-12-05;11;1640
7;2025-12-05;12;1769
7;2025-12-05;13;1721
7;2025-12-05;14;1765
7;2025-12-05;15;1888
7;2025-12-05;16;1971
7;2025-12-05;17;2489
7;2025-12-05;18;2421
7;2025-12-05;19;1642
7;2025-12-05;20;1091
7;2025-12-05;21;629
7;2025-12-05;22;312
7;2025-12-05;23;210
7;2025-12-06;0;101
7;2025-12-06;1;27
7;2025-12-06;2;0
7;2025-12-06;3;0
7;2025-12-06;4;0
7;2025-12-06;5;59
7;2025-12-06;6;324
7;2025-12-06;7;522
7;2025-12-06;8;818
7;2025-12-06;9;946
7;2025-12-06;10;1004
7;2025-12-06;11;1166
7;2025-12-06;12;1384
7;2025-12-06;13;1348
7;2025-12-06;14;1457
7;2025-12-06;15;1296
7;2025-12-06;16;1245
7;2025-12-06;17;1236
7;2025-12-06;18;1168
7;2025-12-06;19;1184
7;2025-12-06;20;868
7;2025-12-06;21;701
7;2025-12-06;22;386
7;2025-12-06;23;230
7;2025-12-07;0;114
7;2025-12-07;1;28
7;2025-12-07;2;0
7;2025-12-07;3;0
7;2025-12-07;4;0
7;2025-12-07;5;36
7;2025-12-07;6;218
7;2025-12-07;7;360
7;2025-12-07;8;559
7;2025-12-07;9;735
7;2025-12-07;10;823
7;2025-12-07;11;1034
7;2025-12-07;12;1162
7;2025-12-07;13;1207
7;2025-12-07;14;1305
7;2025-12-07;15;1271
7;2025-12-07;16;1146
7;2025-12-07;17;1247
7;2025-12-07;18;1068
7;2025-12-07;19;925
7;2025-12-07;20;786
7;2025-12-07;21;629
7;2025-12-07;22;362
7;2025-12-07;23;198
7;2025-12-08;0;62
7;2025-12-08;1;10
7;2025-12-08;2;0
7;2025-12-08;3;0
7;2025-12-08;4;1
7;2025-12-08;5;190
7;2025-12-08;6;614
7;2025-12-08;7;1624
7;2025-12-08;8;2549
7;2025-12-08;9;1864
7;2025-12-08;10;1758
7;2025-12-08;11;1602
7;2025-12-08;12;1755
7;2025-12-08;13;1668
7;2025-12-08;14;1725
7;2025-12-08;15;1827
7;2025-12-08;16;1899
7;2025-12-08;17;2416
7;2025-12-08;18;2564
7;2025-12-08;19;1728
7;2025-12-08;20;1104
7;2025-12-08;21;637
7;2025-12-08;22;305
7;2025-12-08;23;200
7;2025-12-09;0;61
7;2025-12-09;1;11
7;2025-12-09;2;0
7;2025-12-09;3;0
7;2025-12-09;4;1
7;2025-12-09;5;192
7;2025-12-09;6;624
7;2025-12-09;7;1647
7;2025-12-09;8;2549
7;2025-12-09;9;1893
7;2025-12-09;10;1773
7;2025-12-09;11;1615
7;2025-12-09;12;1756
7;2025-12-09;13;1668
7;2025-12-09;14;1728
7;2025-12-09;15;1849
7;2025-12-09;16;1918
7;2025-12-09;17;2427
7;2025-12-09;18;2587
7;2025-12-09;19;1737
7;2025-12-09;20;1122
7;2025-12-09;21;648
7;2025-12-09;22;306
7;2025-12-09;23;197
7;2025-12-10;0;63
7;2025-12-10;1;10
7;2025-12-10;2;0
7;2025-12-10;3;0
7;2025-12-10;4;1
7;2025-12-10;5;193
7;2025-12-10;6;623
7;2025-12-10;7;1621
7;2025-12-10;8;2537
7;2025-12-10;9;1871
7;2025-12-10;10;1787
7;2025-12-10;11;1631
7;2025-12-10;12;1792
7;2025-12-10;13;1669
7;2025-12-10;14;1729
7;2025-12-10;15;1835
7;2025-12-10;16;1917
7;2025-12-10;17;2452
7;2025-12-10;18;2582
7;2025-12-10;19;1727
7;2025-12-10;20;1109
7;2025-12-10;21;645
7;2025-12-10;22;310
7;2025-12-10;23;205
7;2025-12-11;0;63
7;2025-12-11;1;10
7;2025-12-11;2;0
7;2025-12-11;3;0
7;2025-12-11;4;1
7;2025-12-11;5;195
7;2025-12-11;6;624
7;2025-12-11;7;1619
7;2025-12-11;8;2534
7;2025-12-11;9;1853
7;2025-12-11;10;1733
7;2025-12-11;11;1597
7;2025-12-11;12;1752
7;2025-12-11;13;1656
7;2025-12-11;14;1731
7;2025-12-11;15;1826
7;2025-12-11;16;1906
7;2025-12-11;17;2416
7;2025-12-11;18;2572
7;2025-12-11;19;1679
7;2025-12-11;20;1107
7;2025-12-11;21;634
7;2025-12-11;22;308
7;2025-12-11;23;203
7;2025-12-12;0;65
7;2025-12-12;1;11
7;2025-12-12;2;0
7;2025-12-12;3;0
7;2025-12-12;4;1
7;2025-12-12;5;189
7;2025-12-12;6;622
7;2025-12-12;7;1602
7;2025-12-12;8;2471
7;2025-12-12;9;1838
7;2025-12-12;10;1789
7;2025-12-12;11;1623
7;2025-12-12;12;1741
7;2025-12-12;13;1685
7;2025-12-12;14;1727
7;2025-12-12;15;1842
7;2025-12-12;16;1916
7;2025-12-12;17;2416
7;2025-12-12;18;2368
7;2025-12-12;19;1602
7;2025-12-12;20;1067
7;2025-12-12;21;622
7;2025-12-12;22;310
7;2025-12-12;23;210
7;2025-12-13;0;101
7;2025-12-13;1;27
7;2025-12-13;2;0
7;2025-12-13;3;0
7;2025-12-13;4;0
7;2025-12-13;5;59
7;2025-12-13;6;324
7;2025-12-13;7;522
7;2025-12-13;8;818
7;2025-12-13;9;946
7;2025-12-13;10;1004
7;2025-12-13;11;1166
7;2025-12-13;12;1384
7;2025-12-13;13;1348
7;2025-12-13;14;1457
7;2025-12-13;15;1296
7;2025-12-13;16;1245
7;2025-12-13;17;1236
7;2025-12-13;18;1168
7;2025-12-13;19;1184
7;2025-12-13;20;868
7;2025-12-13;21;701
7;2025-12-13;22;386
7;2025-12-13;23;230
7;2025-12-14;0;114
7;2025-12-14;1;28
7;2025-12-14;2;0
7;2025-12-14;3;0
7;2025-12-14;4;0
7;2025-12-14;5;36
7;2025-12-14;6;218
7;2025-12-14;7;360
7;2025-12-14;8;559
7;2025-12-14;9;735
7;2025-12-14;10;823
7;2025-12-14;11;1034
7;2025-12-14;12;1162
7;2025-12-14;13;1207
7;2025-12-14;14;1305
7;2025-12-14;15;1271
7;2025-12-14;16;1146
7;2025-12-14;17;1247
7;2025-12-14;18;1068
7;2025-12-14;19;925
7;2025-12-14;20;786
7;2025-12-14;21;629
7;2025-12-14;22;362
7;2025-12-14;23;198
7;2025-12-15;0;64
7;2025-12-15;1;10
7;2025-12-15;2;0
7;2025-12-15;3;0
7;2025-12-15;4;1
7;2025-12-15;5;191
7;2025-12-15;6;615
7;2025-12-15;7;1621
7;2025-12-15;8;2547
7;2025-12-15;9;1863
7;2025-12-15;10;1758
7;2025-12-15;11;1599
7;2025-12-15;12;1751
7;2025-12-15;13;1664
7;2025-12-15;14;1724
7;2025-12-15;15;1824
7;2025-12-15;16;1896
7;2025-12-15;17;2413
7;2025-12-15;18;2559
7;2025-12-15;19;1722
7;2025-12-15;20;1110
7;2025-12-15;21;636
7;2025-12-15;22;305
7;2025-12-15;23;201
7;2025-12-16;0;66
7;2025-12-16;1;11
7;2025-12-16;2;0
7;2025-12-16;3;0
7;2025-12-16;4;1
7;2025-12-16;5;200
7;2025-12-16;6;647
7;2025-12-16;7;1705
7;2025-12-16;8;2630
7;2025-12-16;9;1954
7;2025-12-16;10;1836
7;2025-12-16;11;1677
7;2025-12-16;12;1822
7;2025-12-16;13;1725
7;2025-12-16;14;1784
7;2025-12-16;15;1898
7;2025-12-16;16;1980
7;2025-12-16;17;2515
7;2025-12-16;18;2668
7;2025-12-16;19;1788
7;2025-12-16;20;1163
7;2025-12-16;21;673
7;2025-12-16;22;323
7;2025-12-16;23;211
7;2025-12-17;0;63
7;2025-12-17;1;10
7;2025-12-17;2;0
7;2025-12-17;3;0
7;2025-12-17;4;1
7;2025-12-17;5;195
7;2025-12-17;6;629
7;2025-12-17;7;1637
7;2025-12-17;8;2561
7;2025-12-17;9;1887
7;2025-12-17;10;1799
7;2025-12-17;11;1641
7;2025-12-17;12;1797
7;2025-12-17;13;1679
7;2025-12-17;14;1745
7;2025-12-17;15;1858
7;2025-12-17;16;1942
7;2025-12-17;17;2471
7;2025-12-17;18;2596
7;2025-12-17;19;1738
7;2025-12-17;20;1114
7;2025-12-17;21;657
7;2025-12-17;22;314
7;2025-12-17;23;208
7;2025-12-18;0;64
7;2025-12-18;1;11
7;2025-12-18;2;0
7;2025-12-18;3;0
7;2025-12-18;4;1
7;2025-12-18;5;195
7;2025-12-18;6;625
7;2025-12-18;7;1630
7;2025-12-18;8;2544
7;2025-12-18;9;1877
7;2025-12-18;10;1756
7;2025-12-18;11;1617
7;2025-12-18;12;1778
7;2025-12-18;13;1683
7;2025-12-18;14;1748
7;2025-12-18;15;1841
7;2025-12-18;16;1928
7;2025-12-18;17;2443
7;2025-12-18;18;2590
7;2025-12-18;19;1574
7;2025-12-18;20;1127
7;2025-12-18;21;650
7;2025-12-18;22;316
7;2025-12-18;23;207
7;2025-12-19;0;67
7;2025-12-19;1;11
7;2025-12-19;2;0
7;2025-12-19;3;0
7;2025-12-19;4;1
7;2025-12-19;5;194
7;2025-12-19;6;634
7;2025-12-19;7;1626
7;2025-12-19;8;2521
7;2025-12-19;9;1863
7;2025-12-19;10;1811
7;2025-12-19;11;1648
7;2025-12-19;12;1774
7;2025-12-19;13;1724
7;2025-12-19;14;1778
7;2025-12-19;15;1889
7;2025-12-19;16;1974
7;2025-12-19;17;2490
7;2025-12-19;18;2428
7;2025-12-19;19;1648
7;2025-12-19;20;1102
7;2025-12-19;21;641
7;2025-12-19;22;319
7;2025-12-19;23;216
7;2025-12-20;0;101
7;2025-12-20;1;27
7;2025-12-20;2;0
7;2025-12-20;3;0
7;2025-12-20;4;0
7;2025-12-20;5;59
7;2025-12-20;6;324
7;2025-12-20;7;522
7;2025-12-20;8;818
7;2025-12-20;9;946
7;2025-12-20;10;1004
7;2025-12-20;11;1166
7;2025-12-20;12;1384
7;2025-12-20;13;1348
7;2025-12-20;14;1457
7;2025-12-20;15;1296
7;2025-12-20;16;1245
7;2025-12-20;17;1236
7;2025-12-20;18;1168
7;2025-12-20;19;1184
7;2025-12-20;20;868
7;2025-12-20;21;701
7;2025-12-20;22;386
7;2025-12-20;23;230
7;2025-12-21;0;114
7;2025-12-21;1;28
7;2025-12-21;2;0
7;2025-12-21;3;0
7;2025-12-21;4;0
7;2025-12-21;5;36
7;2025-12-21;6;218
7;2025-12-21;7;360
7;2025-12-21;8;559
7;2025-12-21;9;735
7;2025-12-21;10;823
7;2025-12-21;11;1034
7;2025-12-21;12;1162
7;2025-12-21;13;1207
7;2025-12-21;14;1305
7;2025-12-21;15;1271
7;2025-12-21;16;1146
7;2025-12-21;17;1247
7;2025-12-21;18;1068
7;2025-12-21;19;925
7;2025-12-21;20;786
7;2025-12-21;21;629
7;2025-12-21;22;362
7;2025-12-21;23;198
7;2025-12-22;0;65
7;2025-12-22;1;11
7;2025-12-22;2;0
7;2025-12-22;3;0
7;2025-12-22;4;1
7;2025-12-22;5;192
7;2025-12-22;6;616
7;2025-12-22;7;1619
7;2025-12-22;8;2531
7;2025-12-22;9;1857
7;2025-12-22;10;1748
7;2025-12-22;11;1593
7;2025-12-22;12;1740
7;2025-12-22;13;1652
7;2025-12-22;14;1712
7;2025-12-22;15;1807
7;2025-12-22;16;1874
7;2025-12-22;17;2392
7;2025-12-22;18;2534
7;2025-12-22;19;1699
7;2025-12-22;20;1095
7;2025-12-22;21;634
7;2025-12-22;22;302
7;2025-12-22;23;198
7;2025-12-23;0;63
7;2025-12-23;1;11
7;2025-12-23;2;0
7;2025-12-23;3;0
7;2025-12-23;4;1
7;2025-12-23;5;193
7;2025-12-23;6;626
7;2025-12-23;7;1645
7;2025-12-23;8;2546
7;2025-12-23;9;1890
7;2025-12-23;10;1774
7;2025-12-23;11;1625
7;2025-12-23;12;1765
7;2025-12-23;13;1678
7;2025-12-23;14;1741
7;2025-12-23;15;1853
7;2025-12-23;16;1922
7;2025-12-23;17;2448
7;2025-12-23;18;2591
7;2025-12-23;19;1734
7;2025-12-23;20;1125
7;2025-12-23;21;656
7;2025-12-23;22;314
7;2025-12-23;23;206
7;2025-12-24;0;65
7;2025-12-24;1;11
7;2025-12-24;2;0
7;2025-12-24;3;0
7;2025-12-24;4;1
7;2025-12-24;5;200
7;2025-12-24;6;642
7;2025-12-24;7;1666
7;2025-12-24;8;2613
7;2025-12-24;9;1930
7;2025-12-24;10;1833
7;2025-12-24;11;1673
7;2025-12-24;12;1836
7;2025-12-24;13;1707
7;2025-12-24;14;1768
7;2025-12-24;15;1879
7;2025-12-24;16;1966
7;2025-12-24;17;2512
7;2025-12-24;18;2636
7;2025-12-24;19;1759
7;2025-12-24;20;1133
7;2025-12-24;21;661
7;2025-12-24;22;315
7;2025-12-24;23;209
7;2025-12-25;0;64
7;2025-12-25;1;11
7;2025-12-25;2;0
7;2025-12-25;3;0
7;2025-12-25;4;1
7;2025-12-25;5;195
7;2025-12-25;6;626
7;2025-12-25;7;1638
7;2025-12-25;8;2554
7;2025-12-25;9;1887
7;2025-12-25;10;1768
7;2025-12-25;11;1632
7;2025-12-25;12;1788
7;2025-12-25;13;1688
7;2025-12-25;14;1752
7;2025-12-25;15;1846
7;2025-12-25;16;1924
7;2025-12-25;17;2438
7;2025-12-25;18;2578
7;2025-12-25;19;1691
7;2025-12-25;20;1110
7;2025-12-25;21;637
7;2025-12-25;22;309
7;2025-12-25;23;201
7;2025-12-26;0;64
7;2025-12-26;1;11
7;2025-12-26;2;0
7;2025-12-26;3;0
7;2025-12-26;4;1
7;2025-12-26;5;186
7;2025-12-26;6;604
7;2025-12-26;7;1564
7;2025-12-26;8;2425
7;2025-12-26;9;1791
7;2025-12-26;10;1729
7;2025-12-26;11;1566
7;2025-12-26;12;1688
7;2025-12-26;13;1637
7;2025-12-26;14;1683
7;2025-12-26;15;1809
7;2025-12-26;16;1883
7;2025-12-26;17;2372
7;2025-12-26;18;2326
7;2025-12-26;19;1569
7;2025-12-26;20;1047
7;2025-12-26;21;605
7;2025-12-26;22;302
7;2025-12-26;23;206
7;2025-12-27;0;101
7;2025-12-27;1;27
7;2025-12-27;2;0
7;2025-12-27;3;0
7;2025-12-27;4;0
7;2025-12-27;5;59
7;2025-12-27;6;324
7;2025-12-27;7;522
7;2025-12-27;8;818
7;2025-12-27;9;946
7;2025-12-27;10;1004
7;2025-12-27;11;1166
7;2025-12-27;12;1384
7;2025-12-27;13;1348
7;2025-12-27;14;1457
7;2025-12-27;15;1296
7;2025-12-27;16;1245
7;2025-12-27;17;1236
7;2025-12-27;18;1168
7;2025-12-27;19;1184
7;2025-12-27;20;868
7;2025-12-27;21;701
7;2025-12-27;22;386
7;2025-12-27;23;230
7;2025-12-28;0;114
7;2025-12-28;1;28
7;2025-12-28;2;0
7;2025-12-28;3;0
7;2025-12-28;4;0
7;2025-12-28;5;36
7;2025-12-28;6;218
7;2025-12-28;7;360
7;2025-12-28;8;559
7;2025-12-28;9;735
7;2025-12-28;10;823
7;2025-12-28;11;1034
7;2025-12-28;12;1162
7;2025-12-28;13;1207
7;2025-12-28;14;1305
7;2025-12-28;15;1271
7;2025-12-28;16;1146
7;2025-12-28;17;1247
7;2025-12-28;18;1068
7;2025-12-28;19;925
7;2025-12-28;20;786
7;2025-12-28;21;629
7;2025-12-28;22;362
7;2025-12-28;23;198
7;2025-12-29;0;54
7;2025-12-29;1;9
7;2025-12-29;2;0
7;2025-12-29;3;0
7;2025-12-29;4;1
7;2025-12-29;5;161
7;2025-12-29;6;516
7;2025-12-29;7;1362
7;2025-12-29;8;2129
7;2025-12-29;9;1562
7;2025-12-29;10;1472
7;2025-12-29;11;1343
7;2025-12-29;12;1470
7;2025-12-29;13;1396
7;2025-12-29;14;1446
7;2025-12-29;15;1530
7;2025-12-29;16;1589
7;2025-12-29;17;2024
7;2025-12-29;18;2133
7;2025-12-29;19;1421
7;2025-12-29;20;915
7;2025-12-29;21;527
7;2025-12-29;22;251
7;2025-12-29;23;165
7;2025-12-30;0;53
7;2025-12-30;1;10
7;2025-12-30;2;0
7;2025-12-30;3;0
7;2025-12-30;4;1
7;2025-12-30;5;163
7;2025-12-30;6;526
7;2025-12-30;7;1392
7;2025-12-30;8;2149
7;2025-12-30;9;1591
7;2025-12-30;10;1490
7;2025-12-30;11;1357
7;2025-12-30;12;1485
7;2025-12-30;13;1406
7;2025-12-30;14;1460
7;2025-12-30;15;1562
7;2025-12-30;16;1627
7;2025-12-30;17;2056
7;2025-12-30;18;2156
7;2025-12-30;19;1438
7;2025-12-30;20;938
7;2025-12-30;21;544
7;2025-12-30;22;258
7;2025-12-30;23;169
7;2025-12-31;0;98
7;2025-12-31;1;24
7;2025-12-31;2;0
7;2025-12-31;3;0
7;2025-12-31;4;0
7;2025-12-31;5;31
7;2025-12-31;6;186
7;2025-12-31;7;308
7;2025-12-31;8;478
7;2025-12-31;9;629
7;2025-12-31;10;704
7;2025-12-31;11;884
7;2025-12-31;12;994
7;2025-12-31;13;1032
7;2025-12-31;14;1115
7;2025-12-31;15;1086
7;2025-12-31;16;980
7;2025-12-31;17;1066
7;2025-12-31;18;913
7;2025-12-31;19;791
7;2025-12-31;20;0
7;2025-12-31;21;0
7;2025-12-31;22;0
7;2025-12-31;23;0
11;2025-11-01;0;55
11;2025-11-01;1;0
11;2025-11-01;2;0
11;2025-11-01;3;0
11;2025-11-01;4;0
11;2025-11-01;5;212
11;2025-11-01;6;1151
11;2025-11-01;7;2154
11;2025-11-01;8;2826
11;2025-11-01;9;2124
11;2025-11-01;10;1761
11;2025-11-01;11;1669
11;2025-11-01;12;1738
11;2025-11-01;13;1782
11;2025-11-01;14;1805
11;2025-11-01;15;1760
11;2025-11-01;16;1967
11;2025-11-01;17;2458
11;2025-11-01;18;2609
11;2025-11-01;19;1983
11;2025-11-01;20;1251
11;2025-11-01;21;723
11;2025-11-01;22;321
11;2025-11-01;23;217
11;2025-11-02;0;117
11;2025-11-02;1;16
11;2025-11-02;2;0
11;2025-11-02;3;0
11;2025-11-02;4;0
11;2025-11-02;5;107
11;2025-11-02;6;508
11;2025-11-02;7;501
11;2025-11-02;8;715
11;2025-11-02;9;986
11;2025-11-02;10;1060
11;2025-11-02;11;1529
11;2025-11-02;12;1613
11;2025-11-02;13;1637
11;2025-11-02;14;1637
11;2025-11-02;15;1612
11;2025-11-02;16;1536
11;2025-11-02;17;1753
11;2025-11-02;18;1287
11;2025-11-02;19;1051
11;2025-11-02;20;809
11;2025-11-02;21;608
11;2025-11-02;22;355
11;2025-11-02;23;252
11;2025-11-03;0;109
11;2025-11-03;1;15
11;2025-11-03;2;0
11;2025-11-03;3;0
11;2025-11-03;4;0
11;2025-11-03;5;99
11;2025-11-03;6;470
11;2025-11-03;7;460
11;2025-11-03;8;653
11;2025-11-03;9;912
11;2025-11-03;10;969
11;2025-11-03;11;1397
11;2025-11-03;12;1451
11;2025-11-03;13;1472
11;2025-11-03;14;1480
11;2025-11-03;15;1459
11;2025-11-03;16;1364
11;2025-11-03;17;1589
11;2025-11-03;18;1194
11;2025-11-03;19;976
11;2025-11-03;20;762
11;2025-11-03;21;573
11;2025-11-03;22;339
11;2025-11-03;23;242
11;2025-11-04;0;102
11;2025-11-04;1;14
11;2025-11-04;2;0
11;2025-11-04;3;0
11;2025-11-04;4;0
11;2025-11-04;5;91
11;2025-11-04;6;442
11;2025-11-04;7;432
11;2025-11-04;8;606
11;2025-11-04;9;845
11;2025-11-04;10;898
11;2025-11-04;11;1309
11;2025-11-04;12;1364
11;2025-11-04;13;1385
11;2025-11-04;14;1404
11;2025-11-04;15;1395
11;2025-11-04;16;1312
11;2025-11-04;17;1516
11;2025-11-04;18;1137
11;2025-11-04;19;927
11;2025-11-04;20;725
11;2025-11-04;21;545
11;2025-11-04;22;322
11;2025-11-04;23;230
11;2025-11-05;0;62
11;2025-11-05;1;0
11;2025-11-05;2;0
11;2025-11-05;3;0
11;2025-11-05;4;0
11;2025-11-05;5;235
11;2025-11-05;6;1280
11;2025-11-05;7;2371
11;2025-11-05;8;3096
11;2025-11-05;9;2330
11;2025-11-05;10;1912
11;2025-11-05;11;1814
11;2025-11-05;12;1881
11;2025-11-05;13;1940
11;2025-11-05;14;1967
11;2025-11-05;15;1917
11;2025-11-05;16;2140
11;2025-11-05;17;2696
11;2025-11-05;18;2922
11;2025-11-05;19;2271
11;2025-11-05;20;1405
11;2025-11-05;21;812
11;2025-11-05;22;363
11;2025-11-05;23;239
11;2025-11-06;0;64
11;2025-11-06;1;0
11;2025-11-06;2;0
11;2025-11-06;3;0
11;2025-11-06;4;0
11;2025-11-06;5;243
11;2025-11-06;6;1321
11;2025-11-06;7;2441
11;2025-11-06;8;3199
11;2025-11-06;9;2410
11;2025-11-06;10;1991
11;2025-11-06;11;1880
11;2025-11-06;12;1954
11;2025-11-06;13;1995
11;2025-11-06;14;2025
11;2025-11-06;15;1952
11;2025-11-06;16;2217
11;2025-11-06;17;2763
11;2025-11-06;18;3002
11;2025-11-06;19;2320
11;2025-11-06;20;1434
11;2025-11-06;21;825
11;2025-11-06;22;371
11;2025-11-06;23;250
11;2025-11-07;0;63
11;2025-11-07;1;0
11;2025-11-07;2;0
11;2025-11-07;3;0
11;2025-11-07;4;0
11;2025-11-07;5;239
11;2025-11-07;6;1306
11;2025-11-07;7;2413
11;2025-11-07;8;3167
11;2025-11-07;9;2369
11;2025-11-07;10;1955
11;2025-11-07;11;1847
11;2025-11-07;12;1939
11;2025-11-07;13;1964
11;2025-11-07;14;2005
11;2025-11-07;15;1942
11;2025-11-07;16;2208
11;2025-11-07;17;2736
11;2025-11-07;18;2820
11;2025-11-07;19;2231
11;2025-11-07;20;1424
11;2025-11-07;21;828
11;2025-11-07;22;372
11;2025-11-07;23;253
11;2025-11-08;0;105
11;2025-11-08;1;1
11;2025-11-08;2;0
11;2025-11-08;3;0
11;2025-11-08;4;0
11;2025-11-08;5;170
11;2025-11-08;6;858
11;2025-11-08;7;784
11;2025-11-08;8;1066
11;2025-11-08;9;1180
11;2025-11-08;10;1420
11;2025-11-08;11;1696
11;2025-11-08;12;1915
11;2025-11-08;13;1850
11;2025-11-08;14;1981
11;2025-11-08;15;1892
11;2025-11-08;16;1785
11;2025-11-08;17;1930
11;2025-11-08;18;1538
11;2025-11-08;19;1488
11;2025-11-08;20;1014
11;2025-11-08;21;735
11;2025-11-08;22;419
11;2025-11-08;23;295
11;2025-11-09;0;117
11;2025-11-09;1;16
11;2025-11-09;2;0
11;2025-11-09;3;0
11;2025-11-09;4;0
11;2025-11-09;5;107
11;2025-11-09;6;505
11;2025-11-09;7;494
11;2025-11-09;8;704
11;2025-11-09;9;981
11;2025-11-09;10;1047
11;2025-11-09;11;1518
11;2025-11-09;12;1590
11;2025-11-09;13;1619
11;2025-11-09;14;1632
11;2025-11-09;15;1608
11;2025-11-09;16;1505
11;2025-11-09;17;1738
11;2025-11-09;18;1288
11;2025-11-09;19;1050
11;2025-11-09;20;819
11;2025-11-09;21;618
11;2025-11-09;22;362
11;2025-11-09;23;257
11;2025-11-10;0;64
11;2025-11-10;1;0
11;2025-11-10;2;0
11;2025-11-10;3;0
11;2025-11-10;4;0
11;2025-11-10;5;240
11;2025-11-10;6;1308
11;2025-11-10;7;2428
11;2025-11-10;8;3175
11;2025-11-10;9;2384
11;2025-11-10;10;1957
11;2025-11-10;11;1858
11;2025-11-10;12;1922
11;2025-11-10;13;1971
11;2025-11-10;14;1993
11;2025-11-10;15;1964
11;2025-11-10;16;2186
11;2025-11-10;17;2753
11;2025-11-10;18;2967
11;2025-11-10;19;2320
11;2025-11-10;20;1422
11;2025-11-10;21;818
11;2025-11-10;22;366
11;2025-11-10;23;242
11;2025-11-11;0;63
11;2025-11-11;1;0
11;2025-11-11;2;0
11;2025-11-11;3;0
11;2025-11-11;4;0
11;2025-11-11;5;242
11;2025-11-11;6;1322
11;2025-11-11;7;2459
11;2025-11-11;8;3221
11;2025-11-11;9;2418
11;2025-11-11;10;1996
11;2025-11-11;11;1883
11;2025-11-11;12;1956
11;2025-11-11;13;2008
11;2025-11-11;14;2031
11;2025-11-11;15;1981
11;2025-11-11;16;2221
11;2025-11-11;17;2791
11;2025-11-11;18;3011
11;2025-11-11;19;2326
11;2025-11-11;20;1458
11;2025-11-11;21;844
11;2025-11-11;22;374
11;2025-11-11;23;248
11;2025-11-12;0;64
11;2025-11-12;1;0
11;2025-11-12;2;0
11;2025-11-12;3;0
11;2025-11-12;4;0
11;2025-11-12;5;244
11;2025-11-12;6;1317
11;2025-11-12;7;2447
11;2025-11-12;8;3197
11;2025-11-12;9;2405
11;2025-11-12;10;1972
11;2025-11-12;11;1871
11;2025-11-12;12;1937
11;2025-11-12;13;1994
11;2025-11-12;14;2015
11;2025-11-12;15;1963
11;2025-11-12;16;2195
11;2025-11-12;17;2763
11;2025-11-12;18;2995
11;2025-11-12;19;2333
11;2025-11-12;20;1442
11;2025-11-12;21;829
11;2025-11-12;22;373
11;2025-11-12;23;246
11;2025-11-13;0;64
11;2025-11-13;1;0
11;2025-11-13;2;0
11;2025-11-13;3;0
11;2025-11-13;4;0
11;2025-11-13;5;244
11;2025-11-13;6;1325
11;2025-11-13;7;2450
11;2025-11-13;8;3212
11;2025-11-13;9;2420
11;2025-11-13;10;2001
11;2025-11-13;11;1898
11;2025-11-13;12;1976
11;2025-11-13;13;2016
11;2025-11-13;14;2039
11;2025-11-13;15;1985
11;2025-11-13;16;2240
11;2025-11-13;17;2793
11;2025-11-13;18;3033
11;2025-11-13;19;2339
11;2025-11-13;20;1457
11;2025-11-13;21;846
11;2025-11-13;22;379
11;2025-11-13;23;254
11;2025-11-14;0;65
11;2025-11-14;1;0
11;2025-11-14;2;0
11;2025-11-14;3;0
11;2025-11-14;4;0
11;2025-11-14;5;244
11;2025-11-14;6;1325
11;2025-11-14;7;2441
11;2025-11-14;8;3207
11;2025-11-14;9;2402
11;2025-11-14;10;1984
11;2025-11-14;11;1874
11;2025-11-14;12;1965
11;2025-11-14;13;1986
11;2025-11-14;14;2027
11;2025-11-14;15;1962
11;2025-11-14;16;2236
11;2025-11-14;17;2769
11;2025-11-14;18;2850
11;2025-11-14;19;2251
11;2025-11-14;20;1441
11;2025-11-14;21;842
11;2025-11-14;22;374
11;2025-11-14;23;255
11;2025-11-15;0;103
11;2025-11-15;1;1
11;2025-11-15;2;0
11;2025-11-15;3;0
11;2025-11-15;4;0
11;2025-11-15;5;166
11;2025-11-15;6;839
11;2025-11-15;7;763
11;2025-11-15;8;1036
11;2025-11-15;9;1141
11;2025-11-15;10;1366
11;2025-11-15;11;1631
11;2025-11-15;12;1857
11;2025-11-15;13;1787
11;2025-11-15;14;1917
11;2025-11-15;15;1843
11;2025-11-15;16;1745
11;2025-11-15;17;1883
11;2025-11-15;18;1504
11;2025-11-15;19;1462
11;2025-11-15;20;997
11;2025-11-15;21;725
11;2025-11-15;22;413
11;2025-11-15;23;286
11;2025-11-16;0;116
11;2025-11-16;1;16
11;2025-11-16;2;0
11;2025-11-16;3;0
11;2025-11-16;4;0
11;2025-11-16;5;107
11;2025-11-16;6;504
11;2025-11-16;7;498
11;2025-11-16;8;708
11;2025-11-16;9;985
11;2025-11-16;10;1053
11;2025-11-16;11;1530
11;2025-11-16;12;1604
11;2025-11-16;13;1635
11;2025-11-16;14;1645
11;2025-11-16;15;1622
11;2025-11-16;16;1519
11;2025-11-16;17;1752
11;2025-11-16;18;1297
11;2025-11-16;19;1057
11;2025-11-16;20;825
11;2025-11-16;21;623
11;2025-11-16;22;369
11;2025-11-16;23;262
11;2025-11-17;0;65
11;2025-11-17;1;0
11;2025-11-17;2;0
11;2025-11-17;3;0
11;2025-11-17;4;0
11;2025-11-17;5;241
11;2025-11-17;6;1314
11;2025-11-17;7;2439
11;2025-11-17;8;3181
11;2025-11-17;9;2388
11;2025-11-17;10;1958
11;2025-11-17;11;1860
11;2025-11-17;12;1917
11;2025-11-17;13;1952
11;2025-11-17;14;1973
11;2025-11-17;15;1944
11;2025-11-17;16;2167
11;2025-11-17;17;2742
11;2025-11-17;18;2965
11;2025-11-17;19;2317
11;2025-11-17;20;1422
11;2025-11-17;21;816
11;2025-11-17;22;365
11;2025-11-17;23;241
11;2025-11-18;0;61
11;2025-11-18;1;0
11;2025-11-18;2;0
11;2025-11-18;3;0
11;2025-11-18;4;0
11;2025-11-18;5;232
11;2025-11-18;6;1274
11;2025-11-18;7;2388
11;2025-11-18;8;3136
11;2025-11-18;9;2347
11;2025-11-18;10;1925
11;2025-11-18;11;1817
11;2025-11-18;12;1884
11;2025-11-18;13;1933
11;2025-11-18;14;1954
11;2025-11-18;15;1909
11;2025-11-18;16;2145
11;2025-11-18;17;2711
11;2025-11-18;18;2921
11;2025-11-18;19;2259
11;2025-11-18;20;1416
11;2025-11-18;21;817
11;2025-11-18;22;362
11;2025-11-18;23;239
11;2025-11-19;0;63
11;2025-11-19;1;0
11;2025-11-19;2;0
11;2025-11-19;3;0
11;2025-11-19;4;0
11;2025-11-19;5;243
11;2025-11-19;6;1318
11;2025-11-19;7;2450
11;2025-11-19;8;3202
11;2025-11-19;9;2410
11;2025-11-19;10;1978
11;2025-11-19;11;1884
11;2025-11-19;12;1957
11;2025-11-19;13;2015
11;2025-11-19;14;2037
11;2025-11-19;15;1981
11;2025-11-19;16;2210
11;2025-11-19;17;2781
11;2025-11-19;18;3014
11;2025-11-19;19;2347
11;2025-11-19;20;1451
11;2025-11-19;21;839
11;2025-11-19;22;375
11;2025-11-19;23;247
11;2025-11-20;0;64
11;2025-11-20;1;0
11;2025-11-20;2;0
11;2025-11-20;3;0
11;2025-11-20;4;0
11;2025-11-20;5;245
11;2025-11-20;6;1330
11;2025-11-20;7;2459
11;2025-11-20;8;3226
11;2025-11-20;9;2430
11;2025-11-20;10;2010
11;2025-11-20;11;1907
11;2025-11-20;12;1986
11;2025-11-20;13;2026
11;2025-11-20;14;2048
11;2025-11-20;15;1994
11;2025-11-20;16;2249
11;2025-11-20;17;2804
11;2025-11-20;18;3039
11;2025-11-20;19;2345
11;2025-11-20;20;1461
11;2025-11-20;21;848
11;2025-11-20;22;380
11;2025-11-20;23;255
11;2025-11-21;0;65
11;2025-11-21;1;0
11;2025-11-21;2;0
11;2025-11-21;3;0
11;2025-11-21;4;0
11;2025-11-21;5;244
11;2025-11-21;6;1328
11;2025-11-21;7;2454
11;2025-11-21;8;3229
11;2025-11-21;9;2422
11;2025-11-21;10;2001
11;2025-11-21;11;1889
11;2025-11-21;12;1977
11;2025-11-21;13;2000
11;2025-11-21;14;2041
11;2025-11-21;15;1977
11;2025-11-21;16;2248
11;2025-11-21;17;2787
11;2025-11-21;18;2872
11;2025-11-21;19;2272
11;2025-11-21;20;1451
11;2025-11-21;21;843
11;2025-11-21;22;378
11;2025-11-21;23;258
11;2025-11-22;0;106
11;2025-11-22;1;1
11;2025-11-22;2;0
11;2025-11-22;3;0
11;2025-11-22;4;0
11;2025-11-22;5;170
11;2025-11-22;6;857
11;2025-11-22;7;780
11;2025-11-22;8;1055
11;2025-11-22;9;1161
11;2025-11-22;10;1399
11;2025-11-22;11;1675
11;2025-11-22;12;1914
11;2025-11-22;13;1840
11;2025-11-22;14;1969
11;2025-11-22;15;1887
11;2025-11-22;16;1785
11;2025-11-22;17;1932
11;2025-11-22;18;1543
11;2025-11-22;19;1494
11;2025-11-22;20;1016
11;2025-11-22;21;734
11;2025-11-22;22;414
11;2025-11-22;23;287
11;2025-11-23;0;115
11;2025-11-23;1;16
11;2025-11-23;2;0
11;2025-11-23;3;0
11;2025-11-23;4;0
11;2025-11-23;5;106
11;2025-11-23;6;503
11;2025-11-23;7;497
11;2025-11-23;8;707
11;2025-11-23;9;984
11;2025-11-23;10;1051
11;2025-11-23;11;1526
11;2025-11-23;12;1599
11;2025-11-23;13;1630
11;2025-11-23;14;1638
11;2025-11-23;15;1616
11;2025-11-23;16;1509
11;2025-11-23;17;1742
11;2025-11-23;18;1291
11;2025-11-23;19;1052
11;2025-11-23;20;820
11;2025-11-23;21;620
11;2025-11-23;22;368
11;2025-11-23;23;262
11;2025-11-24;0;64
11;2025-11-24;1;0
11;2025-11-24;2;0
11;2025-11-24;3;0
11;2025-11-24;4;0
11;2025-11-24;5;233
11;2025-11-24;6;1278
11;2025-11-24;7;2370
11;2025-11-24;8;3100
11;2025-11-24;9;2328
11;2025-11-24;10;1906
11;2025-11-24;11;1802
11;2025-11-24;12;1865
11;2025-11-24;13;1914
11;2025-11-24;14;1937
11;2025-11-24;15;1910
11;2025-11-24;16;2122
11;2025-11-24;17;2686
11;2025-11-24;18;2900
11;2025-11-24;19;2268
11;2025-11-24;20;1393
11;2025-11-24;21;807
11;2025-11-24;22;358
11;2025-11-24;23;237
11;2025-11-25;0;62
11;2025-11-25;1;0
11;2025-11-25;2;0
11;2025-11-25;3;0
11;2025-11-25;4;0
11;2025-11-25;5;241
11;2025-11-25;6;1320
11;2025-11-25;7;2449
11;2025-11-25;8;3210
11;2025-11-25;9;2411
11;2025-11-25;10;1993
11;2025-11-25;11;1881
11;2025-11-25;12;1954
11;2025-11-25;13;2005
11;2025-11-25;14;2028
11;2025-11-25;15;1981
11;2025-11-25;16;2220
11;2025-11-25;17;2790
11;2025-11-25;18;3010
11;2025-11-25;19;2323
11;2025-11-25;20;1458
11;2025-11-25;21;838
11;2025-11-25;22;373
11;2025-11-25;23;246
11;2025-11-26;0;64
11;2025-11-26;1;0
11;2025-11-26;2;0
11;2025-11-26;3;0
11;2025-11-26;4;0
11;2025-11-26;5;241
11;2025-11-26;6;1304
11;2025-11-26;7;2430
11;2025-11-26;8;3178
11;2025-11-26;9;2389
11;2025-11-26;10;1959
11;2025-11-26;11;1860
11;2025-11-26;12;1927
11;2025-11-26;13;1985
11;2025-11-26;14;2011
11;2025-11-26;15;1960
11;2025-11-26;16;2182
11;2025-11-26;17;2747
11;2025-11-26;18;2978
11;2025-11-26;19;2318
11;2025-11-26;20;1432
11;2025-11-26;21;822
11;2025-11-26;22;368
11;2025-11-26;23;243
11;2025-11-27;0;63
11;2025-11-27;1;0
11;2025-11-27;2;0
11;2025-11-27;3;0
11;2025-11-27;4;0
11;2025-11-27;5;244
11;2025-11-27;6;1328
11;2025-11-27;7;2456
11;2025-11-27;8;3221
11;2025-11-27;9;2427
11;2025-11-27;10;2009
11;2025-11-27;11;1902
11;2025-11-27;12;1972
11;2025-11-27;13;2007
11;2025-11-27;14;2026
11;2025-11-27;15;1975
11;2025-11-27;16;2235
11;2025-11-27;17;2790
11;2025-11-27;18;3020
11;2025-11-27;19;2325
11;2025-11-27;20;1444
11;2025-11-27;21;829
11;2025-11-27;22;373
11;2025-11-27;23;249
11;2025-11-28;0;63
11;2025-11-28;1;0
11;2025-11-28;2;0
11;2025-11-28;3;0
11;2025-11-28;4;0
11;2025-11-28;5;239
11;2025-11-28;6;1306
11;2025-11-28;7;2416
11;2025-11-28;8;3184
11;2025-11-28;9;2386
11;2025-11-28;10;1971
11;2025-11-28;11;1859
11;2025-11-28;12;1945
11;2025-11-28;13;1970
11;2025-11-28;14;2014
11;2025-11-28;15;1954
11;2025-11-28;16;2224
11;2025-11-28;17;2757
11;2025-11-28;18;2846
11;2025-11-28;19;2249
11;2025-11-28;20;1437
11;2025-11-28;21;841
11;2025-11-28;22;374
11;2025-11-28;23;255
11;2025-11-29;0;106
11;2025-11-29;1;1
11;2025-11-29;2;0
11;2025-11-29;3;0
11;2025-11-29;4;0
11;2025-11-29;5;173
11;2025-11-29;6;875
11;2025-11-29;7;798
11;2025-11-29;8;1083
11;2025-11-29;9;1198
11;2025-11-29;10;1441
11;2025-11-29;11;1720
11;2025-11-29;12;1951
11;2025-11-29;13;1875
11;2025-11-29;14;2002
11;2025-11-29;15;1912
11;2025-11-29;16;1803
11;2025-11-29;17;1950
11;2025-11-29;18;1557
11;2025-11-29;19;1509
11;2025-11-29;20;1028
11;2025-11-29;21;746
11;2025-11-29;22;428
11;2025-11-29;23;298
11;2025-11-30;0;116
11;2025-11-30;1;16
11;2025-11-30;2;0
11;2025-11-30;3;0
11;2025-11-30;4;0
11;2025-11-30;5;106
11;2025-11-30;6;506
11;2025-11-30;7;496
11;2025-11-30;8;705
11;2025-11-30;9;981
11;2025-11-30;10;1047
11;2025-11-30;11;1522
11;2025-11-30;12;1594
11;2025-11-30;13;1624
11;2025-11-30;14;1633
11;2025-11-30;15;1613
11;2025-11-30;16;1509
11;2025-11-30;17;1740
11;2025-11-30;18;1291
11;2025-11-30;19;1054
11;2025-11-30;20;821
11;2025-11-30;21;620
11;2025-11-30;22;367
11;2025-11-30;23;261
11;2025-12-01;0;66
11;2025-12-01;1;0
11;2025-12-01;2;0
11;2025-12-01;3;0
11;2025-12-01;4;0
11;2025-12-01;5;244
11;2025-12-01;6;1341
11;2025-12-01;7;2465
11;2025-12-01;8;3223
11;2025-12-01;9;2416
11;2025-12-01;10;1980
11;2025-12-01;11;1890
11;2025-12-01;12;1947
11;2025-12-01;13;2000
11;2025-12-01;14;2020
11;2025-12-01;15;1995
11;2025-12-01;16;2222
11;2025-12-01;17;2796
11;2025-12-01;18;3001
11;2025-12-01;19;2347
11;2025-12-01;20;1439
11;2025-12-01;21;829
11;2025-12-01;22;369
11;2025-12-01;23;243
11;2025-12-02;0;63
11;2025-12-02;1;0
11;2025-12-02;2;0
11;2025-12-02;3;0
11;2025-12-02;4;0
11;2025-12-02;5;243
11;2025-12-02;6;1341
11;2025-12-02;7;2480
11;2025-12-02;8;3250
11;2025-12-02;9;2435
11;2025-12-02;10;2014
11;2025-12-02;11;1904
11;2025-12-02;12;1973
11;2025-12-02;13;2028
11;2025-12-02;14;2050
11;2025-12-02;15;1998
11;2025-12-02;16;2244
11;2025-12-02;17;2813
11;2025-12-02;18;3017
11;2025-12-02;19;2327
11;2025-12-02;20;1475
11;2025-12-02;21;846
11;2025-12-02;22;375
11;2025-12-02;23;247
11;2025-12-03;0;65
11;2025-12-03;1;0
11;2025-12-03;2;0
11;2025-12-03;3;0
11;2025-12-03;4;0
11;2025-12-03;5;247
11;2025-12-03;6;1341
11;2025-12-03;7;2478
11;2025-12-03;8;3234
11;2025-12-03;9;2431
11;2025-12-03;10;1996
11;2025-12-03;11;1910
11;2025-12-03;12;1977
11;2025-12-03;13;2041
11;2025-12-03;14;2061
11;2025-12-03;15;1998
11;2025-12-03;16;2232
11;2025-12-03;17;2804
11;2025-12-03;18;3026
11;2025-12-03;19;2355
11;2025-12-03;20;1463
11;2025-12-03;21;840
11;2025-12-03;22;377
11;2025-12-03;23;248
11;2025-12-04;0;65
11;2025-12-04;1;0
11;2025-12-04;2;0
11;2025-12-04;3;0
11;2025-12-04;4;0
11;2025-12-04;5;248
11;2025-12-04;6;1351
11;2025-12-04;7;2478
11;2025-12-04;8;3252
11;2025-12-04;9;2449
11;2025-12-04;10;2030
11;2025-12-04;11;1935
11;2025-12-04;12;2011
11;2025-12-04;13;2049
11;2025-12-04;14;2070
11;2025-12-04;15;2010
11;2025-12-04;16;2282
11;2025-12-04;17;2826
11;2025-12-04;18;3054
11;2025-12-04;19;2352
11;2025-12-04;20;1475
11;2025-12-04;21;850
11;2025-12-04;22;384
11;2025-12-04;23;259
11;2025-12-05;0;66
11;2025-12-05;1;0
11;2025-12-05;2;0
11;2025-12-05;3;0
11;2025-12-05;4;0
11;2025-12-05;5;250
11;2025-12-05;6;1364
11;2025-12-05;7;2490
11;2025-12-05;8;3276
11;2025-12-05;9;2451
11;2025-12-05;10;2028
11;2025-12-05;11;1918
11;2025-12-05;12;2012
11;2025-12-05;13;2029
11;2025-12-05;14;2075
11;2025-12-05;15;1999
11;2025-12-05;16;2293
11;2025-12-05;17;2824
11;2025-12-05;18;2838
11;2025-12-05;19;2259
11;2025-12-05;20;1471
11;2025-12-05;21;857
11;2025-12-05;22;384
11;2025-12-05;23;264
11;2025-12-06;0;108
11;2025-12-06;1;1
11;2025-12-06;2;0
11;2025-12-06;3;0
11;2025-12-06;4;0
11;2025-12-06;5;176
11;2025-12-06;6;897
11;2025-12-06;7;820
11;2025-12-06;8;1115
11;2025-12-06;9;1234
11;2025-12-06;10;1471
11;2025-12-06;11;1753
11;2025-12-06;12;1982
11;2025-12-06;13;1907
11;2025-12-06;14;2039
11;2025-12-06;15;1936
11;2025-12-06;16;1828
11;2025-12-06;17;1981
11;2025-12-06;18;1586
11;2025-12-06;19;1550
11;2025-12-06;20;1051
11;2025-12-06;21;765
11;2025-12-06;22;441
11;2025-12-06;23;308
11;2025-12-07;0;120
11;2025-12-07;1;16
11;2025-12-07;2;0
11;2025-12-07;3;0
11;2025-12-07;4;0
11;2025-12-07;5;111
11;2025-12-07;6;522
11;2025-12-07;7;511
11;2025-12-07;8;734
11;2025-12-07;9;1012
11;2025-12-07;10;1085
11;2025-12-07;11;1565
11;2025-12-07;12;1645
11;2025-12-07;13;1677
11;2025-12-07;14;1682
11;2025-12-07;15;1661
11;2025-12-07;16;1562
11;2025-12-07;17;1795
11;2025-12-07;18;1341
11;2025-12-07;19;1100
11;2025-12-07;20;853
11;2025-12-07;21;642
11;2025-12-07;22;381
11;2025-12-07;23;271
11;2025-12-08;0;66
11;2025-12-08;1;0
11;2025-12-08;2;0
11;2025-12-08;3;0
11;2025-12-08;4;0
11;2025-12-08;5;244
11;2025-12-08;6;1336
11;2025-12-08;7;2462
11;2025-12-08;8;3217
11;2025-12-08;9;2414
11;2025-12-08;10;1982
11;2025-12-08;11;1887
11;2025-12-08;12;1945
11;2025-12-08;13;1999
11;2025-12-08;14;2018
11;2025-12-08;15;1993
11;2025-12-08;16;2220
11;2025-12-08;17;2792
11;2025-12-08;18;2997
11;2025-12-08;19;2344
11;2025-12-08;20;1438
11;2025-12-08;21;829
11;2025-12-08;22;370
11;2025-12-08;23;244
11;2025-12-09;0;63
11;2025-12-09;1;0
11;2025-12-09;2;0
11;2025-12-09;3;0
11;2025-12-09;4;0
11;2025-12-09;5;244
11;2025-12-09;6;1339
11;2025-12-09;7;2470
11;2025-12-09;8;3247
11;2025-12-09;9;2432
11;2025-12-09;10;2012
11;2025-12-09;11;1895
11;2025-12-09;12;1965
11;2025-12-09;13;2019
11;2025-12-09;14;2040
11;2025-12-09;15;1995
11;2025-12-09;16;2242
11;2025-12-09;17;2803
11;2025-12-09;18;3004
11;2025-12-09;19;2322
11;2025-12-09;20;1468
11;2025-12-09;21;842
11;2025-12-09;22;373
11;2025-12-09;23;245
11;2025-12-10;0;65
11;2025-12-10;1;0
11;2025-12-10;2;0
11;2025-12-10;3;0
11;2025-12-10;4;0
11;2025-12-10;5;245
11;2025-12-10;6;1338
11;2025-12-10;7;2479
11;2025-12-10;8;3242
11;2025-12-10;9;2429
11;2025-12-10;10;2000
11;2025-12-10;11;1909
11;2025-12-10;12;1974
11;2025-12-10;13;2040
11;2025-12-10;14;2060
11;2025-12-10;15;1999
11;2025-12-10;16;2233
11;2025-12-10;17;2803
11;2025-12-10;18;3027
11;2025-12-10;19;2356
11;2025-12-10;20;1464
11;2025-12-10;21;841
11;2025-12-10;22;377
11;2025-12-10;23;249
11;2025-12-11;0;65
11;2025-12-11;1;0
11;2025-12-11;2;0
11;2025-12-11;3;0
11;2025-12-11;4;0
11;2025-12-11;5;247
11;2025-12-11;6;1345
11;2025-12-11;7;2458
11;2025-12-11;8;3220
11;2025-12-11;9;2420
11;2025-12-11;10;2005
11;2025-12-11;11;1911
11;2025-12-11;12;1985
11;2025-12-11;13;2019
11;2025-12-11;14;2048
11;2025-12-11;15;1994
11;2025-12-11;16;2265
11;2025-12-11;17;2796
11;2025-12-11;18;3025
11;2025-12-11;19;2315
11;2025-12-11;20;1450
11;2025-12-11;21;834
11;2025-12-11;22;377
11;2025-12-11;23;255
11;2025-12-12;0;65
11;2025-12-12;1;0
11;2025-12-12;2;0
11;2025-12-12;3;0
11;2025-12-12;4;0
11;2025-12-12;5;246
11;2025-12-12;6;1343
11;2025-12-12;7;2461
11;2025-12-12;8;3236
11;2025-12-12;9;2427
11;2025-12-12;10;2008
11;2025-12-12;11;1898
11;2025-12-12;12;1979
11;2025-12-12;13;1994
11;2025-12-12;14;2033
11;2025-12-12;15;1951
11;2025-12-12;16;2238
11;2025-12-12;17;2750
11;2025-12-12;18;2785
11;2025-12-12;19;2212
11;2025-12-12;20;1436
11;2025-12-12;21;849
11;2025-12-12;22;377
11;2025-12-12;23;260
11;2025-12-13;0;105
11;2025-12-13;1;1
11;2025-12-13;2;0
11;2025-12-13;3;0
11;2025-12-13;4;0
11;2025-12-13;5;173
11;2025-12-13;6;883
11;2025-12-13;7;805
11;2025-12-13;8;1098
11;2025-12-13;9;1213
11;2025-12-13;10;1457
11;2025-12-13;11;1736
11;2025-12-13;12;1961
11;2025-12-13;13;1825
11;2025-12-13;14;1637
11;2025-12-13;15;1919
11;2025-12-13;16;1812
11;2025-12-13;17;1963
11;2025-12-13;18;1571
11;2025-12-13;19;1538
11;2025-12-13;20;1033
11;2025-12-13;21;750
11;2025-12-13;22;433
11;2025-12-13;23;301
11;2025-12-14;0;117
11;2025-12-14;1;16
11;2025-12-14;2;0
11;2025-12-14;3;0
11;2025-12-14;4;0
11;2025-12-14;5;109
11;2025-12-14;6;521
11;2025-12-14;7;510
11;2025-12-14;8;722
11;2025-12-14;9;999
11;2025-12-14;10;1068
11;2025-12-14;11;1551
11;2025-12-14;12;1620
11;2025-12-14;13;1652
11;2025-12-14;14;1658
11;2025-12-14;15;1638
11;2025-12-14;16;1544
11;2025-12-14;17;1778
11;2025-12-14;18;1329
11;2025-12-14;19;1089
11;2025-12-14;20;844
11;2025-12-14;21;632
11;2025-12-14;22;370
11;2025-12-14;23;262
11;2025-12-15;0;65
11;2025-12-15;1;0
11;2025-12-15;2;0
11;2025-12-15;3;0
11;2025-12-15;4;0
11;2025-12-15;5;243
11;2025-12-15;6;1335
11;2025-12-15;7;2460
11;2025-12-15;8;3219
11;2025-12-15;9;2416
11;2025-12-15;10;1985
11;2025-12-15;11;1881
11;2025-12-15;12;1939
11;2025-12-15;13;1996
11;2025-12-15;14;2016
11;2025-12-15;15;1989
11;2025-12-15;16;2214
11;2025-12-15;17;2784
11;2025-12-15;18;2989
11;2025-12-15;19;2340
11;2025-12-15;20;1434
11;2025-12-15;21;825
11;2025-12-15;22;368
11;2025-12-15;23;243
11;2025-12-16;0;65
11;2025-12-16;1;0
11;2025-12-16;2;0
11;2025-12-16;3;0
11;2025-12-16;4;0
11;2025-12-16;5;250
11;2025-12-16;6;1375
11;2025-12-16;7;2547
11;2025-12-16;8;3337
11;2025-12-16;9;2504
11;2025-12-16;10;2070
11;2025-12-16;11;1946
11;2025-12-16;12;2015
11;2025-12-16;13;2068
11;2025-12-16;14;2088
11;2025-12-16;15;2035
11;2025-12-16;16;2296
11;2025-12-16;17;2875
11;2025-12-16;18;3082
11;2025-12-16;19;2378
11;2025-12-16;20;1508
11;2025-12-16;21;864
11;2025-12-16;22;384
11;2025-12-16;23;254
11;2025-12-17;0;65
11;2025-12-17;1;0
11;2025-12-17;2;0
11;2025-12-17;3;0
11;2025-12-17;4;0
11;2025-12-17;5;248
11;2025-12-17;6;1346
11;2025-12-17;7;2484
11;2025-12-17;8;3246
11;2025-12-17;9;2442
11;2025-12-17;10;2006
11;2025-12-17;11;1917
11;2025-12-17;12;1984
11;2025-12-17;13;2046
11;2025-12-17;14;2070
11;2025-12-17;15;2010
11;2025-12-17;16;2246
11;2025-12-17;17;2819
11;2025-12-17;18;3040
11;2025-12-17;19;2364
11;2025-12-17;20;1470
11;2025-12-17;21;845
11;2025-12-17;22;380
11;2025-12-17;23;250
11;2025-12-18;0;64
11;2025-12-18;1;0
11;2025-12-18;2;0
11;2025-12-18;3;0
11;2025-12-18;4;0
11;2025-12-18;5;247
11;2025-12-18;6;1343
11;2025-12-18;7;2460
11;2025-12-18;8;3232
11;2025-12-18;9;2434
11;2025-12-18;10;2015
11;2025-12-18;11;1920
11;2025-12-18;12;1997
11;2025-12-18;13;2034
11;2025-12-18;14;2056
11;2025-12-18;15;1998
11;2025-12-18;16;2267
11;2025-12-18;17;2808
11;2025-12-18;18;3035
11;2025-12-18;19;2338
11;2025-12-18;20;1467
11;2025-12-18;21;845
11;2025-12-18;22;381
11;2025-12-18;23;257
11;2025-12-19;0;66
11;2025-12-19;1;0
11;2025-12-19;2;0
11;2025-12-19;3;0
11;2025-12-19;4;0
11;2025-12-19;5;250
11;2025-12-19;6;1361
11;2025-12-19;7;2486
11;2025-12-19;8;3276
11;2025-12-19;9;2450
11;2025-12-19;10;2025
11;2025-12-19;11;1918
11;2025-12-19;12;2011
11;2025-12-19;13;2026
11;2025-12-19;14;2073
11;2025-12-19;15;2001
11;2025-12-19;16;2294
11;2025-12-19;17;2825
11;2025-12-19;18;2830
11;2025-12-19;19;2254
11;2025-12-19;20;1467
11;2025-12-19;21;856
11;2025-12-19;22;383
11;2025-12-19;23;264
11;2025-12-20;0;108
11;2025-12-20;1;1
11;2025-12-20;2;0
11;2025-12-20;3;0
11;2025-12-20;4;0
11;2025-12-20;5;175
11;2025-12-20;6;896
11;2025-12-20;7;816
11;2025-12-20;8;1113
11;2025-12-20;9;1233
11;2025-12-20;10;1469
11;2025-12-20;11;1751
11;2025-12-20;12;1979
11;2025-12-20;13;1903
11;2025-12-20;14;2033
11;2025-12-20;15;1933
11;2025-12-20;16;1826
11;2025-12-20;17;1981
11;2025-12-20;18;1586
11;2025-12-20;19;1551
11;2025-12-20;20;1050
11;2025-12-20;21;764
11;2025-12-20;22;441
11;2025-12-20;23;307
11;2025-12-21;0;120
11;2025-12-21;1;16
11;2025-12-21;2;0
11;2025-12-21;3;0
11;2025-12-21;4;0
11;2025-12-21;5;110
11;2025-12-21;6;517
11;2025-12-21;7;505
11;2025-12-21;8;722
11;2025-12-21;9;1004
11;2025-12-21;10;1081
11;2025-12-21;11;1558
11;2025-12-21;12;1634
11;2025-12-21;13;1665
11;2025-12-21;14;1669
11;2025-12-21;15;1651
11;2025-12-21;16;1549
11;2025-12-21;17;1784
11;2025-12-21;18;1334
11;2025-12-21;19;1094
11;2025-12-21;20;847
11;2025-12-21;21;637
11;2025-12-21;22;375
11;2025-12-21;23;268
11;2025-12-22;0;65
11;2025-12-22;1;0
11;2025-12-22;2;0
11;2025-12-22;3;0
11;2025-12-22;4;0
11;2025-12-22;5;242
11;2025-12-22;6;1330
11;2025-12-22;7;2447
11;2025-12-22;8;3200
11;2025-12-22;9;2401
11;2025-12-22;10;1967
11;2025-12-22;11;1869
11;2025-12-22;12;1922
11;2025-12-22;13;1979
11;2025-12-22;14;1997
11;2025-12-22;15;1975
11;2025-12-22;16;2198
11;2025-12-22;17;2766
11;2025-12-22;18;2960
11;2025-12-22;19;2316
11;2025-12-22;20;1416
11;2025-12-22;21;826
11;2025-12-22;22;363
11;2025-12-22;23;239
11;2025-12-23;0;63
11;2025-12-23;1;0
11;2025-12-23;2;0
11;2025-12-23;3;0
11;2025-12-23;4;0
11;2025-12-23;5;243
11;2025-12-23;6;1338
11;2025-12-23;7;2470
11;2025-12-23;8;3245
11;2025-12-23;9;2432
11;2025-12-23;10;2011
11;2025-12-23;11;1901
11;2025-12-23;12;1969
11;2025-12-23;13;2024
11;2025-12-23;14;2045
11;2025-12-23;15;2000
11;2025-12-23;16;2245
11;2025-12-23;17;2814
11;2025-12-23;18;3007
11;2025-12-23;19;2324
11;2025-12-23;20;1465
11;2025-12-23;21;852
11;2025-12-23;22;374
11;2025-12-23;23;247
11;2025-12-24;0;66
11;2025-12-24;1;0
11;2025-12-24;2;0
11;2025-12-24;3;0
11;2025-12-24;4;0
11;2025-12-24;5;253
11;2025-12-24;6;1372
11;2025-12-24;7;2531
11;2025-12-24;8;3311
11;2025-12-24;9;2495
11;2025-12-24;10;2052
11;2025-12-24;11;1956
11;2025-12-24;12;2024
11;2025-12-24;13;2085
11;2025-12-24;14;2105
11;2025-12-24;15;2037
11;2025-12-24;16;2283
11;2025-12-24;17;2868
11;2025-12-24;18;3084
11;2025-12-24;19;2398
11;2025-12-24;20;1483
11;2025-12-24;21;854
11;2025-12-24;22;382
11;2025-12-24;23;251
11;2025-12-25;0;65
11;2025-12-25;1;0
11;2025-12-25;2;0
11;2025-12-25;3;0
11;2025-12-25;4;0
11;2025-12-25;5;249
11;2025-12-25;6;1356
11;2025-12-25;7;2489
11;2025-12-25;8;3273
11;2025-12-25;9;2472
11;2025-12-25;10;2050
11;2025-12-25;11;1951
11;2025-12-25;12;2026
11;2025-12-25;13;2064
11;2025-12-25;14;2086
11;2025-12-25;15;2027
11;2025-12-25;16;2299
11;2025-12-25;17;2837
11;2025-12-25;18;3052
11;2025-12-25;19;2346
11;2025-12-25;20;1457
11;2025-12-25;21;840
11;2025-12-25;22;379
11;2025-12-25;23;253
11;2025-12-26;0;63
11;2025-12-26;1;0
11;2025-12-26;2;0
11;2025-12-26;3;0
11;2025-12-26;4;0
11;2025-12-26;5;240
11;2025-12-26;6;1315
11;2025-12-26;7;2409
11;2025-12-26;8;3177
11;2025-12-26;9;2376
11;2025-12-26;10;1958
11;2025-12-26;11;1848
11;2025-12-26;12;1930
11;2025-12-26;13;1955
11;2025-12-26;14;2000
11;2025-12-26;15;1937
11;2025-12-26;16;2227
11;2025-12-26;17;2733
11;2025-12-26;18;2754
11;2025-12-26;19;2186
11;2025-12-26;20;1407
11;2025-12-26;21;819
11;2025-12-26;22;368
11;2025-12-26;23;255
11;2025-12-27;0;105
11;2025-12-27;1;1
11;2025-12-27;2;0
11;2025-12-27;3;0
11;2025-12-27;4;0
11;2025-12-27;5;173
11;2025-12-27;6;886
11;2025-12-27;7;804
11;2025-12-27;8;1102
11;2025-12-27;9;1212
11;2025-12-27;10;1445
11;2025-12-27;11;1723
11;2025-12-27;12;1963
11;2025-12-27;13;1889
11;2025-12-27;14;2020
11;2025-12-27;15;1919
11;2025-12-27;16;1815
11;2025-12-27;17;1963
11;2025-12-27;18;1571
11;2025-12-27;19;1532
11;2025-12-27;20;1037
11;2025-12-27;21;748
11;2025-12-27;22;429
11;2025-12-27;23;299
11;2025-12-28;0;118
11;2025-12-28;1;16
11;2025-12-28;2;0
11;2025-12-28;3;0
11;2025-12-28;4;0
11;2025-12-28;5;108
11;2025-12-28;6;515
11;2025-12-28;7;506
11;2025-12-28;8;718
11;2025-12-28;9;996
11;2025-12-28;10;1060
11;2025-12-28;11;1536
11;2025-12-28;12;1614
11;2025-12-28;13;1642
11;2025-12-28;14;1656
11;2025-12-28;15;1639
11;2025-12-28;16;1536
11;2025-12-28;17;1768
11;2025-12-28;18;1333
11;2025-12-28;19;1087
11;2025-12-28;20;839
11;2025-12-28;21;625
11;2025-12-28;22;368
11;2025-12-28;23;263
11;2025-12-29;0;55
11;2025-12-29;1;0
11;2025-12-29;2;0
11;2025-12-29;3;0
11;2025-12-29;4;0
11;2025-12-29;5;204
11;2025-12-29;6;1120
11;2025-12-29;7;2069
11;2025-12-29;8;2706
11;2025-12-29;9;2033
11;2025-12-29;10;1669
11;2025-12-29;11;1586
11;2025-12-29;12;1637
11;2025-12-29;13;1685
11;2025-12-29;14;1701
11;2025-12-29;15;1678
11;2025-12-29;16;1867
11;2025-12-29;17;2345
11;2025-12-29;18;2505
11;2025-12-29;19;1955
11;2025-12-29;20;1180
11;2025-12-29;21;685
11;2025-12-29;22;302
11;2025-12-29;23;201
11;2025-12-30;0;53
11;2025-12-30;1;0
11;2025-12-30;2;0
11;2025-12-30;3;0
11;2025-12-30;4;0
11;2025-12-30;5;205
11;2025-12-30;6;1125
11;2025-12-30;7;2100
11;2025-12-30;8;2759
11;2025-12-30;9;2065
11;2025-12-30;10;1703
11;2025-12-30;11;1602
11;2025-12-30;12;1669
11;2025-12-30;13;1717
11;2025-12-30;14;1738
11;2025-12-30;15;1697
11;2025-12-30;16;1912
11;2025-12-30;17;2385
11;2025-12-30;18;2511
11;2025-12-30;19;1934
11;2025-12-30;20;1231
11;2025-12-30;21;700
11;2025-12-30;22;310
11;2025-12-30;23;206
11;2025-12-31;0;101
11;2025-12-31;1;14
11;2025-12-31;2;0
11;2025-12-31;3;0
11;2025-12-31;4;0
11;2025-12-31;5;94
11;2025-12-31;6;439
11;2025-12-31;7;429
11;2025-12-31;8;612
11;2025-12-31;9;846
11;2025-12-31;10;901
11;2025-12-31;11;1300
11;2025-12-31;12;1366
11;2025-12-31;13;1389
11;2025-12-31;14;1398
11;2025-12-31;15;1372
11;2025-12-31;16;1296
11;2025-12-31;17;1496
11;2025-12-31;18;1107
11;2025-12-31;19;914
11;2025-12-31;20;0
11;2025-12-31;21;0
11;2025-12-31;22;0
11;2025-12-31;23;0
12;2025-11-01;0;45
12;2025-11-01;1;1
12;2025-11-01;2;0
12;2025-11-01;3;0
12;2025-11-01;4;6
12;2025-11-01;5;278
12;2025-11-01;6;1251
12;2025-11-01;7;2395
12;2025-11-01;8;3159
12;2025-11-01;9;2239
12;2025-11-01;10;1813
12;2025-11-01;11;1715
12;2025-11-01;12;1773
12;2025-11-01;13;1822
12;2025-11-01;14;1740
12;2025-11-01;15;1951
12;2025-11-01;16;2417
12;2025-11-01;17;2639
12;2025-11-01;18;2695
12;2025-11-01;19;2024
12;2025-11-01;20;1333
12;2025-11-01;21;837
12;2025-11-01;22;414
12;2025-11-01;23;225
12;2025-11-02;0;84
12;2025-11-02;1;3
12;2025-11-02;2;0
12;2025-11-02;3;0
12;2025-11-02;4;3
12;2025-11-02;5;137
12;2025-11-02;6;530
12;2025-11-02;7;746
12;2025-11-02;8;756
12;2025-11-02;9;963
12;2025-11-02;10;1182
12;2025-11-02;11;1290
12;2025-11-02;12;1402
12;2025-11-02;13;1589
12;2025-11-02;14;1434
12;2025-11-02;15;1530
12;2025-11-02;16;1552
12;2025-11-02;17;1596
12;2025-11-02;18;1437
12;2025-11-02;19;1008
12;2025-11-02;20;787
12;2025-11-02;21;610
12;2025-11-02;22;403
12;2025-11-02;23;201
12;2025-11-03;0;78
12;2025-11-03;1;3
12;2025-11-03;2;0
12;2025-11-03;3;0
12;2025-11-03;4;3
12;2025-11-03;5;128
12;2025-11-03;6;492
12;2025-11-03;7;685
12;2025-11-03;8;690
12;2025-11-03;9;880
12;2025-11-03;10;1075
12;2025-11-03;11;1160
12;2025-11-03;12;1259
12;2025-11-03;13;1432
12;2025-11-03;14;1285
12;2025-11-03;15;1372
12;2025-11-03;16;1379
12;2025-11-03;17;1443
12;2025-11-03;18;1313
12;2025-11-03;19;937
12;2025-11-03;20;743
12;2025-11-03;21;575
12;2025-11-03;22;383
12;2025-11-03;23;193
12;2025-11-04;0;73
12;2025-11-04;1;3
12;2025-11-04;2;0
12;2025-11-04;3;0
12;2025-11-04;4;3
12;2025-11-04;5;120
12;2025-11-04;6;462
12;2025-11-04;7;640
12;2025-11-04;8;640
12;2025-11-04;9;813
12;2025-11-04;10;997
12;2025-11-04;11;1086
12;2025-11-04;12;1176
12;2025-11-04;13;1345
12;2025-11-04;14;1217
12;2025-11-04;15;1303
12;2025-11-04;16;1325
12;2025-11-04;17;1376
12;2025-11-04;18;1249
12;2025-11-04;19;889
12;2025-11-04;20;707
12;2025-11-04;21;548
12;2025-11-04;22;365
12;2025-11-04;23;184
12;2025-11-05;0;53
12;2025-11-05;1;1
12;2025-11-05;2;0
12;2025-11-05;3;0
12;2025-11-05;4;7
12;2025-11-05;5;312
12;2025-11-05;6;1401
12;2025-11-05;7;2643
12;2025-11-05;8;3486
12;2025-11-05;9;2466
12;2025-11-05;10;1995
12;2025-11-05;11;1875
12;2025-11-05;12;1950
12;2025-11-05;13;1984
12;2025-11-05;14;1896
12;2025-11-05;15;2134
12;2025-11-05;16;2643
12;2025-11-05;17;2911
12;2025-11-05;18;3024
12;2025-11-05;19;2298
12;2025-11-05;20;1509
12;2025-11-05;21;955
12;2025-11-05;22;472
12;2025-11-05;23;254
12;2025-11-06;0;54
12;2025-11-06;1;1
12;2025-11-06;2;0
12;2025-11-06;3;0
12;2025-11-06;4;7
12;2025-11-06;5;322
12;2025-11-06;6;1441
12;2025-11-06;7;2741
12;2025-11-06;8;3616
12;2025-11-06;9;2553
12;2025-11-06;10;2059
12;2025-11-06;11;1938
12;2025-11-06;12;2012
12;2025-11-06;13;2051
12;2025-11-06;14;1964
12;2025-11-06;15;2190
12;2025-11-06;16;2714
12;2025-11-06;17;2995
12;2025-11-06;18;3110
12;2025-11-06;19;2372
12;2025-11-06;20;1546
12;2025-11-06;21;964
12;2025-11-06;22;481
12;2025-11-06;23;260
12;2025-11-07;0;54
12;2025-11-07;1;1
12;2025-11-07;2;0
12;2025-11-07;3;0
12;2025-11-07;4;6
12;2025-11-07;5;318
12;2025-11-07;6;1423
12;2025-11-07;7;2688
12;2025-11-07;8;3520
12;2025-11-07;9;2515
12;2025-11-07;10;2017
12;2025-11-07;11;1924
12;2025-11-07;12;1994
12;2025-11-07;13;2055
12;2025-11-07;14;1958
12;2025-11-07;15;2210
12;2025-11-07;16;2727
12;2025-11-07;17;2976
12;2025-11-07;18;2949
12;2025-11-07;19;2275
12;2025-11-07;20;1502
12;2025-11-07;21;963
12;2025-11-07;22;483
12;2025-11-07;23;266
12;2025-11-08;0;71
12;2025-11-08;1;2
12;2025-11-08;2;0
12;2025-11-08;3;0
12;2025-11-08;4;2
12;2025-11-08;5;227
12;2025-11-08;6;817
12;2025-11-08;7;901
12;2025-11-08;8;1024
12;2025-11-08;9;1230
12;2025-11-08;10;1276
12;2025-11-08;11;1424
12;2025-11-08;12;1541
12;2025-11-08;13;1728
12;2025-11-08;14;1569
12;2025-11-08;15;1520
12;2025-11-08;16;1696
12;2025-11-08;17;1612
12;2025-11-08;18;1498
12;2025-11-08;19;1408
12;2025-11-08;20;997
12;2025-11-08;21;821
12;2025-11-08;22;404
12;2025-11-08;23;305
12;2025-11-09;0;85
12;2025-11-09;1;3
12;2025-11-09;2;0
12;2025-11-09;3;0
12;2025-11-09;4;3
12;2025-11-09;5;138
12;2025-11-09;6;534
12;2025-11-09;7;745
12;2025-11-09;8;752
12;2025-11-09;9;961
12;2025-11-09;10;1178
12;2025-11-09;11;1281
12;2025-11-09;12;1396
12;2025-11-09;13;1587
12;2025-11-09;14;1435
12;2025-11-09;15;1527
12;2025-11-09;16;1539
12;2025-11-09;17;1597
12;2025-11-09;18;1444
12;2025-11-09;19;1022
12;2025-11-09;20;804
12;2025-11-09;21;627
12;2025-11-09;22;415
12;2025-11-09;23;207
12;2025-11-10;0;54
12;2025-11-10;1;1
12;2025-11-10;2;0
12;2025-11-10;3;0
12;2025-11-10;4;7
12;2025-11-10;5;317
12;2025-11-10;6;1426
12;2025-11-10;7;2696
12;2025-11-10;8;3557
12;2025-11-10;9;2518
12;2025-11-10;10;2016
12;2025-11-10;11;1909
12;2025-11-10;12;2011
12;2025-11-10;13;2020
12;2025-11-10;14;1947
12;2025-11-10;15;2166
12;2025-11-10;16;2693
12;2025-11-10;17;2975
12;2025-11-10;18;3088
12;2025-11-10;19;2336
12;2025-11-10;20;1536
12;2025-11-10;21;958
12;2025-11-10;22;475
12;2025-11-10;23;254
12;2025-11-11;0;54
12;2025-11-11;1;1
12;2025-11-11;2;0
12;2025-11-11;3;0
12;2025-11-11;4;7
12;2025-11-11;5;323
12;2025-11-11;6;1444
12;2025-11-11;7;2740
12;2025-11-11;8;3631
12;2025-11-11;9;2562
12;2025-11-11;10;2066
12;2025-11-11;11;1947
12;2025-11-11;12;2031
12;2025-11-11;13;2065
12;2025-11-11;14;1967
12;2025-11-11;15;2205
12;2025-11-11;16;2733
12;2025-11-11;17;3014
12;2025-11-11;18;3128
12;2025-11-11;19;2367
12;2025-11-11;20;1554
12;2025-11-11;21;981
12;2025-11-11;22;485
12;2025-11-11;23;262
12;2025-11-12;0;55
12;2025-11-12;1;1
12;2025-11-12;2;0
12;2025-11-12;3;0
12;2025-11-12;4;7
12;2025-11-12;5;323
12;2025-11-12;6;1442
12;2025-11-12;7;2725
12;2025-11-12;8;3601
12;2025-11-12;9;2546
12;2025-11-12;10;2060
12;2025-11-12;11;1942
12;2025-11-12;12;2016
12;2025-11-12;13;2046
12;2025-11-12;14;1945
12;2025-11-12;15;2184
12;2025-11-12;16;2719
12;2025-11-12;17;2991
12;2025-11-12;18;3103
12;2025-11-12;19;2356
12;2025-11-12;20;1548
12;2025-11-12;21;976
12;2025-11-12;22;486
12;2025-11-12;23;262
12;2025-11-13;0;54
12;2025-11-13;1;1
12;2025-11-13;2;0
12;2025-11-13;3;0
12;2025-11-13;4;7
12;2025-11-13;5;323
12;2025-11-13;6;1441
12;2025-11-13;7;2740
12;2025-11-13;8;3621
12;2025-11-13;9;2557
12;2025-11-13;10;2066
12;2025-11-13;11;1953
12;2025-11-13;12;2030
12;2025-11-13;13;2068
12;2025-11-13;14;1972
12;2025-11-13;15;2218
12;2025-11-13;16;2743
12;2025-11-13;17;3024
12;2025-11-13;18;3135
12;2025-11-13;19;2381
12;2025-11-13;20;1564
12;2025-11-13;21;984
12;2025-11-13;22;489
12;2025-11-13;23;264
12;2025-11-14;0;55
12;2025-11-14;1;1
12;2025-11-14;2;0
12;2025-11-14;3;0
12;2025-11-14;4;7
12;2025-11-14;5;322
12;2025-11-14;6;1433
12;2025-11-14;7;2705
12;2025-11-14;8;3536
12;2025-11-14;9;2533
12;2025-11-14;10;2034
12;2025-11-14;11;1938
12;2025-11-14;12;2001
12;2025-11-14;13;2065
12;2025-11-14;14;1967
12;2025-11-14;15;2224
12;2025-11-14;16;2744
12;2025-11-14;17;2994
12;2025-11-14;18;2965
12;2025-11-14;19;2285
12;2025-11-14;20;1511
12;2025-11-14;21;972
12;2025-11-14;22;484
12;2025-11-14;23;266
12;2025-11-15;0;69
12;2025-11-15;1;2
12;2025-11-15;2;0
12;2025-11-15;3;0
12;2025-11-15;4;2
12;2025-11-15;5;220
12;2025-11-15;6;796
12;2025-11-15;7;871
12;2025-11-15;8;987
12;2025-11-15;9;1186
12;2025-11-15;10;1407
12;2025-11-15;11;1417
12;2025-11-15;12;1483
12;2025-11-15;13;1658
12;2025-11-15;14;1507
12;2025-11-15;15;1469
12;2025-11-15;16;1650
12;2025-11-15;17;1566
12;2025-11-15;18;1458
12;2025-11-15;19;1371
12;2025-11-15;20;974
12;2025-11-15;21;806
12;2025-11-15;22;396
12;2025-11-15;23;294
12;2025-11-16;0;84
12;2025-11-16;1;3
12;2025-11-16;2;0
12;2025-11-16;3;0
12;2025-11-16;4;3
12;2025-11-16;5;138
12;2025-11-16;6;498
12;2025-11-16;7;673
12;2025-11-16;8;752
12;2025-11-16;9;960
12;2025-11-16;10;1179
12;2025-11-16;11;1283
12;2025-11-16;12;1403
12;2025-11-16;13;1596
12;2025-11-16;14;1441
12;2025-11-16;15;1534
12;2025-11-16;16;1546
12;2025-11-16;17;1603
12;2025-11-16;18;1448
12;2025-11-16;19;1024
12;2025-11-16;20;807
12;2025-11-16;21;630
12;2025-11-16;22;420
12;2025-11-16;23;212
12;2025-11-17;0;54
12;2025-11-17;1;1
12;2025-11-17;2;0
12;2025-11-17;3;0
12;2025-11-17;4;7
12;2025-11-17;5;319
12;2025-11-17;6;1439
12;2025-11-17;7;2719
12;2025-11-17;8;3577
12;2025-11-17;9;2531
12;2025-11-17;10;2024
12;2025-11-17;11;1918
12;2025-11-17;12;2013
12;2025-11-17;13;2012
12;2025-11-17;14;1935
12;2025-11-17;15;2151
12;2025-11-17;16;2683
12;2025-11-17;17;2977
12;2025-11-17;18;3102
12;2025-11-17;19;2346
12;2025-11-17;20;1543
12;2025-11-17;21;960
12;2025-11-17;22;476
12;2025-11-17;23;254
12;2025-11-18;0;53
12;2025-11-18;1;1
12;2025-11-18;2;0
12;2025-11-18;3;0
12;2025-11-18;4;6
12;2025-11-18;5;311
12;2025-11-18;6;1398
12;2025-11-18;7;2667
12;2025-11-18;8;3539
12;2025-11-18;9;2491
12;2025-11-18;10;1995
12;2025-11-18;11;1882
12;2025-11-18;12;1966
12;2025-11-18;13;1991
12;2025-11-18;14;1898
12;2025-11-18;15;2129
12;2025-11-18;16;2644
12;2025-11-18;17;2929
12;2025-11-18;18;3041
12;2025-11-18;19;2301
12;2025-11-18;20;1510
12;2025-11-18;21;952
12;2025-11-18;22;470
12;2025-11-18;23;253
12;2025-11-19;0;54
12;2025-11-19;1;1
12;2025-11-19;2;0
12;2025-11-19;3;0
12;2025-11-19;4;7
12;2025-11-19;5;321
12;2025-11-19;6;1438
12;2025-11-19;7;2719
12;2025-11-19;8;3597
12;2025-11-19;9;2545
12;2025-11-19;10;2061
12;2025-11-19;11;1948
12;2025-11-19;12;2025
12;2025-11-19;13;2060
12;2025-11-19;14;1956
12;2025-11-19;15;2198
12;2025-11-19;16;2729
12;2025-11-19;17;3001
12;2025-11-19;18;3112
12;2025-11-19;19;2363
12;2025-11-19;20;1553
12;2025-11-19;21;984
12;2025-11-19;22;488
12;2025-11-19;23;262
12;2025-11-20;0;54
12;2025-11-20;1;1
12;2025-11-20;2;0
12;2025-11-20;3;0
12;2025-11-20;4;7
12;2025-11-20;5;323
12;2025-11-20;6;1444
12;2025-11-20;7;2745
12;2025-11-20;8;3627
12;2025-11-20;9;2560
12;2025-11-20;10;2069
12;2025-11-20;11;1956
12;2025-11-20;12;2031
12;2025-11-20;13;2071
12;2025-11-20;14;1975
12;2025-11-20;15;2221
12;2025-11-20;16;2746
12;2025-11-20;17;3029
12;2025-11-20;18;3134
12;2025-11-20;19;2379
12;2025-11-20;20;1565
12;2025-11-20;21;985
12;2025-11-20;22;490
12;2025-11-20;23;264
12;2025-11-21;0;55
12;2025-11-21;1;1
12;2025-11-21;2;0
12;2025-11-21;3;0
12;2025-11-21;4;7
12;2025-11-21;5;322
12;2025-11-21;6;1437
12;2025-11-21;7;2717
12;2025-11-21;8;3559
12;2025-11-21;9;2550
12;2025-11-21;10;2048
12;2025-11-21;11;1953
12;2025-11-21;12;2015
12;2025-11-21;13;2076
12;2025-11-21;14;1978
12;2025-11-21;15;2232
12;2025-11-21;16;2756
12;2025-11-21;17;3011
12;2025-11-21;18;2984
12;2025-11-21;19;2303
12;2025-11-21;20;1520
12;2025-11-21;21;973
12;2025-11-21;22;489
12;2025-11-21;23;269
12;2025-11-22;0;72
12;2025-11-22;1;2
12;2025-11-22;2;0
12;2025-11-22;3;0
12;2025-11-22;4;2
12;2025-11-22;5;225
12;2025-11-22;6;812
12;2025-11-22;7;889
12;2025-11-22;8;1004
12;2025-11-22;9;1204
12;2025-11-22;10;1435
12;2025-11-22;11;1451
12;2025-11-22;12;1525
12;2025-11-22;13;1703
12;2025-11-22;14;1548
12;2025-11-22;15;1504
12;2025-11-22;16;1683
12;2025-11-22;17;1601
12;2025-11-22;18;1491
12;2025-11-22;19;1402
12;2025-11-22;20;991
12;2025-11-22;21;812
12;2025-11-22;22;396
12;2025-11-22;23;293
12;2025-11-23;0;83
12;2025-11-23;1;3
12;2025-11-23;2;0
12;2025-11-23;3;0
12;2025-11-23;4;3
12;2025-11-23;5;137
12;2025-11-23;6;529
12;2025-11-23;7;745
12;2025-11-23;8;750
12;2025-11-23;9;959
12;2025-11-23;10;1176
12;2025-11-23;11;1280
12;2025-11-23;12;1399
12;2025-11-23;13;1589
12;2025-11-23;14;1435
12;2025-11-23;15;1527
12;2025-11-23;16;1536
12;2025-11-23;17;1593
12;2025-11-23;18;1439
12;2025-11-23;19;1018
12;2025-11-23;20;801
12;2025-11-23;21;627
12;2025-11-23;22;418
12;2025-11-23;23;211
12;2025-11-24;0;53
12;2025-11-24;1;1
12;2025-11-24;2;0
12;2025-11-24;3;0
12;2025-11-24;4;7
12;2025-11-24;5;309
12;2025-11-24;6;1403
12;2025-11-24;7;2645
12;2025-11-24;8;3497
12;2025-11-24;9;2470
12;2025-11-24;10;1972
12;2025-11-24;11;1864
12;2025-11-24;12;1965
12;2025-11-24;13;1973
12;2025-11-24;14;1901
12;2025-11-24;15;2113
12;2025-11-24;16;2629
12;2025-11-24;17;2916
12;2025-11-24;18;3039
12;2025-11-24;19;2302
12;2025-11-24;20;1511
12;2025-11-24;21;948
12;2025-11-24;22;467
12;2025-11-24;23;250
12;2025-11-25;0;53
12;2025-11-25;1;1
12;2025-11-25;2;0
12;2025-11-25;3;0
12;2025-11-25;4;7
12;2025-11-25;5;321
12;2025-11-25;6;1438
12;2025-11-25;7;2723
12;2025-11-25;8;3610
12;2025-11-25;9;2549
12;2025-11-25;10;2058
12;2025-11-25;11;1941
12;2025-11-25;12;2025
12;2025-11-25;13;2058
12;2025-11-25;14;1960
12;2025-11-25;15;2199
12;2025-11-25;16;2726
12;2025-11-25;17;3006
12;2025-11-25;18;3119
12;2025-11-25;19;2360
12;2025-11-25;20;1550
12;2025-11-25;21;972
12;2025-11-25;22;482
12;2025-11-25;23;261
12;2025-11-26;0;55
12;2025-11-26;1;1
12;2025-11-26;2;0
12;2025-11-26;3;0
12;2025-11-26;4;7
12;2025-11-26;5;317
12;2025-11-26;6;1422
12;2025-11-26;7;2692
12;2025-11-26;8;3564
12;2025-11-26;9;2517
12;2025-11-26;10;2033
12;2025-11-26;11;1919
12;2025-11-26;12;1995
12;2025-11-26;13;2023
12;2025-11-26;14;1930
12;2025-11-26;15;2166
12;2025-11-26;16;2687
12;2025-11-26;17;2958
12;2025-11-26;18;3068
12;2025-11-26;19;2330
12;2025-11-26;20;1531
12;2025-11-26;21;962
12;2025-11-26;22;477
12;2025-11-26;23;257
12;2025-11-27;0;54
12;2025-11-27;1;1
12;2025-11-27;2;0
12;2025-11-27;3;0
12;2025-11-27;4;7
12;2025-11-27;5;324
12;2025-11-27;6;1447
12;2025-11-27;7;2752
12;2025-11-27;8;3640
12;2025-11-27;9;2569
12;2025-11-27;10;2077
12;2025-11-27;11;1959
12;2025-11-27;12;2030
12;2025-11-27;13;2064
12;2025-11-27;14;1965
12;2025-11-27;15;2212
12;2025-11-27;16;2740
12;2025-11-27;17;3026
12;2025-11-27;18;3126
12;2025-11-27;19;2374
12;2025-11-27;20;1556
12;2025-11-27;21;967
12;2025-11-27;22;482
12;2025-11-27;23;259
12;2025-11-28;0;53
12;2025-11-28;1;1
12;2025-11-28;2;0
12;2025-11-28;3;0
12;2025-11-28;4;6
12;2025-11-28;5;315
12;2025-11-28;6;1406
12;2025-11-28;7;2662
12;2025-11-28;8;3498
12;2025-11-28;9;2504
12;2025-11-28;10;2009
12;2025-11-28;11;1914
12;2025-11-28;12;1977
12;2025-11-28;13;2040
12;2025-11-28;14;1945
12;2025-11-28;15;2197
12;2025-11-28;16;2714
12;2025-11-28;17;2965
12;2025-11-28;18;2942
12;2025-11-28;19;2268
12;2025-11-28;20;1497
12;2025-11-28;21;965
12;2025-11-28;22;482
12;2025-11-28;23;265
12;2025-11-29;0;72
12;2025-11-29;1;2
12;2025-11-29;2;0
12;2025-11-29;3;0
12;2025-11-29;4;2
12;2025-11-29;5;229
12;2025-11-29;6;825
12;2025-11-29;7;906
12;2025-11-29;8;1030
12;2025-11-29;9;1236
12;2025-11-29;10;1473
12;2025-11-29;11;1485
12;2025-11-29;12;1554
12;2025-11-29;13;1735
12;2025-11-29;14;1572
12;2025-11-29;15;1524
12;2025-11-29;16;1699
12;2025-11-29;17;1615
12;2025-11-29;18;1503
12;2025-11-29;19;1413
12;2025-11-29;20;1002
12;2025-11-29;21;825
12;2025-11-29;22;410
12;2025-11-29;23;305
12;2025-11-30;0;84
12;2025-11-30;1;3
12;2025-11-30;2;0
12;2025-11-30;3;0
12;2025-11-30;4;3
12;2025-11-30;5;137
12;2025-11-30;6;533
12;2025-11-30;7;745
12;2025-11-30;8;750
12;2025-11-30;9;959
12;2025-11-30;10;1177
12;2025-11-30;11;1280
12;2025-11-30;12;1398
12;2025-11-30;13;1589
12;2025-11-30;14;1433
12;2025-11-30;15;1528
12;2025-11-30;16;1538
12;2025-11-30;17;1596
12;2025-11-30;18;1444
12;2025-11-30;19;1022
12;2025-11-30;20;805
12;2025-11-30;21;628
12;2025-11-30;22;419
12;2025-11-30;23;212
12;2025-12-01;0;55
12;2025-12-01;1;1
12;2025-12-01;2;0
12;2025-12-01;3;0
12;2025-12-01;4;7
12;2025-12-01;5;321
12;2025-12-01;6;1463
12;2025-12-01;7;2753
12;2025-12-01;8;3625
12;2025-12-01;9;2571
12;2025-12-01;10;2057
12;2025-12-01;11;1948
12;2025-12-01;12;2047
12;2025-12-01;13;2060
12;2025-12-01;14;1985
12;2025-12-01;15;2219
12;2025-12-01;16;2748
12;2025-12-01;17;3032
12;2025-12-01;18;3138
12;2025-12-01;19;2376
12;2025-12-01;20;1564
12;2025-12-01;21;969
12;2025-12-01;22;481
12;2025-12-01;23;255
12;2025-12-02;0;55
12;2025-12-02;1;1
12;2025-12-02;2;0
12;2025-12-02;3;0
12;2025-12-02;4;7
12;2025-12-02;5;328
12;2025-12-02;6;1468
12;2025-12-02;7;2784
12;2025-12-02;8;3688
12;2025-12-02;9;2603
12;2025-12-02;10;2108
12;2025-12-02;11;1977
12;2025-12-02;12;2055
12;2025-12-02;13;2100
12;2025-12-02;14;1994
12;2025-12-02;15;2253
12;2025-12-02;16;2772
12;2025-12-02;17;3046
12;2025-12-02;18;3151
12;2025-12-02;19;2391
12;2025-12-02;20;1572
12;2025-12-02;21;981
12;2025-12-02;22;488
12;2025-12-02;23;264
12;2025-12-03;0;57
12;2025-12-03;1;1
12;2025-12-03;2;0
12;2025-12-03;3;0
12;2025-12-03;4;7
12;2025-12-03;5;329
12;2025-12-03;6;1471
12;2025-12-03;7;2774
12;2025-12-03;8;3662
12;2025-12-03;9;2595
12;2025-12-03;10;2112
12;2025-12-03;11;1990
12;2025-12-03;12;2057
12;2025-12-03;13;2102
12;2025-12-03;14;1986
12;2025-12-03;15;2252
12;2025-12-03;16;2778
12;2025-12-03;17;3045
12;2025-12-03;18;3141
12;2025-12-03;19;2392
12;2025-12-03;20;1574
12;2025-12-03;21;988
12;2025-12-03;22;495
12;2025-12-03;23;266
12;2025-12-04;0;55
12;2025-12-04;1;1
12;2025-12-04;2;0
12;2025-12-04;3;0
12;2025-12-04;4;7
12;2025-12-04;5;329
12;2025-12-04;6;1470
12;2025-12-04;7;2797
12;2025-12-04;8;3694
12;2025-12-04;9;2609
12;2025-12-04;10;2116
12;2025-12-04;11;1994
12;2025-12-04;12;2059
12;2025-12-04;13;2113
12;2025-12-04;14;2010
12;2025-12-04;15;2282
12;2025-12-04;16;2796
12;2025-12-04;17;3073
12;2025-12-04;18;3166
12;2025-12-04;19;2414
12;2025-12-04;20;1589
12;2025-12-04;21;988
12;2025-12-04;22;498
12;2025-12-04;23;269
12;2025-12-05;0;56
12;2025-12-05;1;1
12;2025-12-05;2;0
12;2025-12-05;3;0
12;2025-12-05;4;7
12;2025-12-05;5;329
12;2025-12-05;6;1467
12;2025-12-05;7;2760
12;2025-12-05;8;3593
12;2025-12-05;9;2591
12;2025-12-05;10;2086
12;2025-12-05;11;1985
12;2025-12-05;12;2033
12;2025-12-05;13;2122
12;2025-12-05;14;2013
12;2025-12-05;15;2298
12;2025-12-05;16;2809
12;2025-12-05;17;3048
12;2025-12-05;18;2957
12;2025-12-05;19;2306
12;2025-12-05;20;1524
12;2025-12-05;21;980
12;2025-12-05;22;496
12;2025-12-05;23;276
12;2025-12-06;0;74
12;2025-12-06;1;2
12;2025-12-06;2;0
12;2025-12-06;3;0
12;2025-12-06;4;2
12;2025-12-06;5;234
12;2025-12-06;6;867
12;2025-12-06;7;930
12;2025-12-06;8;1057
12;2025-12-06;9;1266
12;2025-12-06;10;1501
12;2025-12-06;11;1514
12;2025-12-06;12;1583
12;2025-12-06;13;1773
12;2025-12-06;14;1602
12;2025-12-06;15;1555
12;2025-12-06;16;1731
12;2025-12-06;17;1652
12;2025-12-06;18;1539
12;2025-12-06;19;1442
12;2025-12-06;20;1029
12;2025-12-06;21;846
12;2025-12-06;22;422
12;2025-12-06;23;318
12;2025-12-07;0;88
12;2025-12-07;1;3
12;2025-12-07;2;0
12;2025-12-07;3;0
12;2025-12-07;4;3
12;2025-12-07;5;140
12;2025-12-07;6;545
12;2025-12-07;7;759
12;2025-12-07;8;771
12;2025-12-07;9;981
12;2025-12-07;10;1205
12;2025-12-07;11;1317
12;2025-12-07;12;1426
12;2025-12-07;13;1618
12;2025-12-07;14;1462
12;2025-12-07;15;1559
12;2025-12-07;16;1572
12;2025-12-07;17;1625
12;2025-12-07;18;1476
12;2025-12-07;19;1053
12;2025-12-07;20;828
12;2025-12-07;21;644
12;2025-12-07;22;433
12;2025-12-07;23;219
12;2025-12-08;0;55
12;2025-12-08;1;1
12;2025-12-08;2;0
12;2025-12-08;3;0
12;2025-12-08;4;7
12;2025-12-08;5;322
12;2025-12-08;6;1458
12;2025-12-08;7;2748
12;2025-12-08;8;3622
12;2025-12-08;9;2568
12;2025-12-08;10;2057
12;2025-12-08;11;1946
12;2025-12-08;12;2046
12;2025-12-08;13;2058
12;2025-12-08;14;1981
12;2025-12-08;15;2218
12;2025-12-08;16;2745
12;2025-12-08;17;3028
12;2025-12-08;18;3133
12;2025-12-08;19;2373
12;2025-12-08;20;1562
12;2025-12-08;21;968
12;2025-12-08;22;481
12;2025-12-08;23;257
12;2025-12-09;0;55
12;2025-12-09;1;1
12;2025-12-09;2;0
12;2025-12-09;3;0
12;2025-12-09;4;7
12;2025-12-09;5;328
12;2025-12-09;6;1466
12;2025-12-09;7;2776
12;2025-12-09;8;3680
12;2025-12-09;9;2600
12;2025-12-09;10;2106
12;2025-12-09;11;1968
12;2025-12-09;12;2045
12;2025-12-09;13;2089
12;2025-12-09;14;1984
12;2025-12-09;15;2251
12;2025-12-09;16;2769
12;2025-12-09;17;3031
12;2025-12-09;18;3137
12;2025-12-09;19;2384
12;2025-12-09;20;1562
12;2025-12-09;21;976
12;2025-12-09;22;486
12;2025-12-09;23;262
12;2025-12-10;0;57
12;2025-12-10;1;1
12;2025-12-10;2;0
12;2025-12-10;3;0
12;2025-12-10;4;7
12;2025-12-10;5;326
12;2025-12-10;6;1470
12;2025-12-10;7;2770
12;2025-12-10;8;3665
12;2025-12-10;9;2592
12;2025-12-10;10;2111
12;2025-12-10;11;1988
12;2025-12-10;12;2057
12;2025-12-10;13;2098
12;2025-12-10;14;1985
12;2025-12-10;15;2249
12;2025-12-10;16;2772
12;2025-12-10;17;3039
12;2025-12-10;18;3137
12;2025-12-10;19;2388
12;2025-12-10;20;1572
12;2025-12-10;21;988
12;2025-12-10;22;495
12;2025-12-10;23;266
12;2025-12-11;0;55
12;2025-12-11;1;1
12;2025-12-11;2;0
12;2025-12-11;3;0
12;2025-12-11;4;7
12;2025-12-11;5;327
12;2025-12-11;6;1462
12;2025-12-11;7;2780
12;2025-12-11;8;3654
12;2025-12-11;9;2581
12;2025-12-11;10;2087
12;2025-12-11;11;1962
12;2025-12-11;12;2031
12;2025-12-11;13;2083
12;2025-12-11;14;1986
12;2025-12-11;15;2266
12;2025-12-11;16;2773
12;2025-12-11;17;3046
12;2025-12-11;18;3127
12;2025-12-11;19;2377
12;2025-12-11;20;1564
12;2025-12-11;21;968
12;2025-12-11;22;488
12;2025-12-11;23;264
12;2025-12-12;0;55
12;2025-12-12;1;1
12;2025-12-12;2;0
12;2025-12-12;3;0
12;2025-12-12;4;6
12;2025-12-12;5;326
12;2025-12-12;6;1453
12;2025-12-12;7;2737
12;2025-12-12;8;3572
12;2025-12-12;9;2581
12;2025-12-12;10;2075
12;2025-12-12;11;1976
12;2025-12-12;12;2015
12;2025-12-12;13;2092
12;2025-12-12;14;1982
12;2025-12-12;15;2261
12;2025-12-12;16;2755
12;2025-12-12;17;2980
12;2025-12-12;18;2914
12;2025-12-12;19;2266
12;2025-12-12;20;1496
12;2025-12-12;21;973
12;2025-12-12;22;488
12;2025-12-12;23;272
12;2025-12-13;0;72
12;2025-12-13;1;2
12;2025-12-13;2;0
12;2025-12-13;3;0
12;2025-12-13;4;2
12;2025-12-13;5;231
12;2025-12-13;6;858
12;2025-12-13;7;918
12;2025-12-13;8;1042
12;2025-12-13;9;1253
12;2025-12-13;10;1495
12;2025-12-13;11;1507
12;2025-12-13;12;1574
12;2025-12-13;13;1761
12;2025-12-13;14;1590
12;2025-12-13;15;1546
12;2025-12-13;16;1723
12;2025-12-13;17;1643
12;2025-12-13;18;1531
12;2025-12-13;19;1434
12;2025-12-13;20;1013
12;2025-12-13;21;832
12;2025-12-13;22;414
12;2025-12-13;23;312
12;2025-12-14;0;86
12;2025-12-14;1;3
12;2025-12-14;2;0
12;2025-12-14;3;0
12;2025-12-14;4;3
12;2025-12-14;5;139
12;2025-12-14;6;544
12;2025-12-14;7;758
12;2025-12-14;8;761
12;2025-12-14;9;970
12;2025-12-14;10;1193
12;2025-12-14;11;1308
12;2025-12-14;12;1415
12;2025-12-14;13;1604
12;2025-12-14;14;1446
12;2025-12-14;15;1546
12;2025-12-14;16;1562
12;2025-12-14;17;1616
12;2025-12-14;18;1466
12;2025-12-14;19;1046
12;2025-12-14;20;823
12;2025-12-14;21;638
12;2025-12-14;22;423
12;2025-12-14;23;211
12;2025-12-15;0;55
12;2025-12-15;1;1
12;2025-12-15;2;0
12;2025-12-15;3;0
12;2025-12-15;4;7
12;2025-12-15;5;321
12;2025-12-15;6;1459
12;2025-12-15;7;2746
12;2025-12-15;8;3627
12;2025-12-15;9;2571
12;2025-12-15;10;2060
12;2025-12-15;11;1945
12;2025-12-15;12;2044
12;2025-12-15;13;2056
12;2025-12-15;14;1979
12;2025-12-15;15;2214
12;2025-12-15;16;2743
12;2025-12-15;17;3024
12;2025-12-15;18;3126
12;2025-12-15;19;2367
12;2025-12-15;20;1559
12;2025-12-15;21;965
12;2025-12-15;22;479
12;2025-12-15;23;256
12;2025-12-16;0;57
12;2025-12-16;1;1
12;2025-12-16;2;0
12;2025-12-16;3;0
12;2025-12-16;4;7
12;2025-12-16;5;338
12;2025-12-16;6;1508
12;2025-12-16;7;2862
12;2025-12-16;8;3789
12;2025-12-16;9;2680
12;2025-12-16;10;2167
12;2025-12-16;11;2031
12;2025-12-16;12;2111
12;2025-12-16;13;2143
12;2025-12-16;14;2037
12;2025-12-16;15;2301
12;2025-12-16;16;2840
12;2025-12-16;17;3121
12;2025-12-16;18;3227
12;2025-12-16;19;2448
12;2025-12-16;20;1609
12;2025-12-16;21;1005
12;2025-12-16;22;502
12;2025-12-16;23;272
12;2025-12-17;0;57
12;2025-12-17;1;1
12;2025-12-17;2;0
12;2025-12-17;3;0
12;2025-12-17;4;7
12;2025-12-17;5;329
12;2025-12-17;6;1470
12;2025-12-17;7;2774
12;2025-12-17;8;3665
12;2025-12-17;9;2600
12;2025-12-17;10;2116
12;2025-12-17;11;1993
12;2025-12-17;12;2058
12;2025-12-17;13;2100
12;2025-12-17;14;1989
12;2025-12-17;15;2260
12;2025-12-17;16;2784
12;2025-12-17;17;3050
12;2025-12-17;18;3146
12;2025-12-17;19;2395
12;2025-12-17;20;1575
12;2025-12-17;21;990
12;2025-12-17;22;496
12;2025-12-17;23;268
12;2025-12-18;0;55
12;2025-12-18;1;1
12;2025-12-18;2;0
12;2025-12-18;3;0
12;2025-12-18;4;7
12;2025-12-18;5;327
12;2025-12-18;6;1461
12;2025-12-18;7;2778
12;2025-12-18;8;3668
12;2025-12-18;9;2589
12;2025-12-18;10;2098
12;2025-12-18;11;1970
12;2025-12-18;12;2039
12;2025-12-18;13;2096
12;2025-12-18;14;1993
12;2025-12-18;15;2266
12;2025-12-18;16;2774
12;2025-12-18;17;3050
12;2025-12-18;18;3142
12;2025-12-18;19;2396
12;2025-12-18;20;1577
12;2025-12-18;21;981
12;2025-12-18;22;494
12;2025-12-18;23;267
12;2025-12-19;0;56
12;2025-12-19;1;1
12;2025-12-19;2;0
12;2025-12-19;3;0
12;2025-12-19;4;7
12;2025-12-19;5;330
12;2025-12-19;6;1468
12;2025-12-19;7;2766
12;2025-12-19;8;3600
12;2025-12-19;9;2595
12;2025-12-19;10;2088
12;2025-12-19;11;1988
12;2025-12-19;12;2033
12;2025-12-19;13;2125
12;2025-12-19;14;2015
12;2025-12-19;15;2302
12;2025-12-19;16;2814
12;2025-12-19;17;3054
12;2025-12-19;18;2956
12;2025-12-19;19;2306
12;2025-12-19;20;1523
12;2025-12-19;21;980
12;2025-12-19;22;496
12;2025-12-19;23;276
12;2025-12-20;0;73
12;2025-12-20;1;2
12;2025-12-20;2;0
12;2025-12-20;3;0
12;2025-12-20;4;2
12;2025-12-20;5;234
12;2025-12-20;6;867
12;2025-12-20;7;928
12;2025-12-20;8;1056
12;2025-12-20;9;1266
12;2025-12-20;10;1501
12;2025-12-20;11;1514
12;2025-12-20;12;1581
12;2025-12-20;13;1770
12;2025-12-20;14;1600
12;2025-12-20;15;1554
12;2025-12-20;16;1730
12;2025-12-20;17;1652
12;2025-12-20;18;1539
12;2025-12-20;19;1443
12;2025-12-20;20;1028
12;2025-12-20;21;845
12;2025-12-20;22;422
12;2025-12-20;23;317
12;2025-12-21;0;88
12;2025-12-21;1;3
12;2025-12-21;2;0
12;2025-12-21;3;0
12;2025-12-21;4;3
12;2025-12-21;5;141
12;2025-12-21;6;542
12;2025-12-21;7;752
12;2025-12-21;8;762
12;2025-12-21;9;975
12;2025-12-21;10;1208
12;2025-12-21;11;1314
12;2025-12-21;12;1424
12;2025-12-21;13;1615
12;2025-12-21;14;1458
12;2025-12-21;15;1555
12;2025-12-21;16;1567
12;2025-12-21;17;1622
12;2025-12-21;18;1473
12;2025-12-21;19;1052
12;2025-12-21;20;827
12;2025-12-21;21;643
12;2025-12-21;22;428
12;2025-12-21;23;217
12;2025-12-22;0;55
12;2025-12-22;1;1
12;2025-12-22;2;0
12;2025-12-22;3;0
12;2025-12-22;4;7
12;2025-12-22;5;320
12;2025-12-22;6;1452
12;2025-12-22;7;2736
12;2025-12-22;8;3607
12;2025-12-22;9;2555
12;2025-12-22;10;2043
12;2025-12-22;11;1931
12;2025-12-22;12;2026
12;2025-12-22;13;2036
12;2025-12-22;14;1961
12;2025-12-22;15;2195
12;2025-12-22;16;2715
12;2025-12-22;17;2997
12;2025-12-22;18;3101
12;2025-12-22;19;2348
12;2025-12-22;20;1538
12;2025-12-22;21;963
12;2025-12-22;22;474
12;2025-12-22;23;252
12;2025-12-23;0;55
12;2025-12-23;1;1
12;2025-12-23;2;0
12;2025-12-23;3;0
12;2025-12-23;4;7
12;2025-12-23;5;326
12;2025-12-23;6;1463
12;2025-12-23;7;2768
12;2025-12-23;8;3663
12;2025-12-23;9;2589
12;2025-12-23;10;2095
12;2025-12-23;11;1965
12;2025-12-23;12;2043
12;2025-12-23;13;2087
12;2025-12-23;14;1980
12;2025-12-23;15;2247
12;2025-12-23;16;2761
12;2025-12-23;17;3034
12;2025-12-23;18;3131
12;2025-12-23;19;2376
12;2025-12-23;20;1556
12;2025-12-23;21;982
12;2025-12-23;22;484
12;2025-12-23;23;264
12;2025-12-24;0;58
12;2025-12-24;1;1
12;2025-12-24;2;0
12;2025-12-24;3;0
12;2025-12-24;4;7
12;2025-12-24;5;336
12;2025-12-24;6;1510
12;2025-12-24;7;2840
12;2025-12-24;8;3751
12;2025-12-24;9;2663
12;2025-12-24;10;2168
12;2025-12-24;11;2040
12;2025-12-24;12;2112
12;2025-12-24;13;2142
12;2025-12-24;14;2027
12;2025-12-24;15;2299
12;2025-12-24;16;2840
12;2025-12-24;17;3116
12;2025-12-24;18;3202
12;2025-12-24;19;2439
12;2025-12-24;20;1595
12;2025-12-24;21;1004
12;2025-12-24;22;502
12;2025-12-24;23;270
12;2025-12-25;0;55
12;2025-12-25;1;1
12;2025-12-25;2;0
12;2025-12-25;3;0
12;2025-12-25;4;7
12;2025-12-25;5;329
12;2025-12-25;6;1474
12;2025-12-25;7;2802
12;2025-12-25;8;3699
12;2025-12-25;9;2623
12;2025-12-25;10;2127
12;2025-12-25;11;2003
12;2025-12-25;12;2071
12;2025-12-25;13;2121
12;2025-12-25;14;2015
12;2025-12-25;15;2292
12;2025-12-25;16;2802
12;2025-12-25;17;3071
12;2025-12-25;18;3149
12;2025-12-25;19;2403
12;2025-12-25;20;1569
12;2025-12-25;21;972
12;2025-12-25;22;487
12;2025-12-25;23;260
12;2025-12-26;0;54
12;2025-12-26;1;1
12;2025-12-26;2;0
12;2025-12-26;3;0
12;2025-12-26;4;6
12;2025-12-26;5;318
12;2025-12-26;6;1421
12;2025-12-26;7;2682
12;2025-12-26;8;3503
12;2025-12-26;9;2518
12;2025-12-26;10;2021
12;2025-12-26;11;1915
12;2025-12-26;12;1964
12;2025-12-26;13;2044
12;2025-12-26;14;1941
12;2025-12-26;15;2236
12;2025-12-26;16;2730
12;2025-12-26;17;2952
12;2025-12-26;18;2879
12;2025-12-26;19;2235
12;2025-12-26;20;1469
12;2025-12-26;21;938
12;2025-12-26;22;476
12;2025-12-26;23;267
12;2025-12-27;0;72
12;2025-12-27;1;2
12;2025-12-27;2;0
12;2025-12-27;3;0
12;2025-12-27;4;2
12;2025-12-27;5;233
12;2025-12-27;6;863
12;2025-12-27;7;920
12;2025-12-27;8;1047
12;2025-12-27;9;1250
12;2025-12-27;10;1483
12;2025-12-27;11;1494
12;2025-12-27;12;1574
12;2025-12-27;13;1761
12;2025-12-27;14;1593
12;2025-12-27;15;1545
12;2025-12-27;16;1720
12;2025-12-27;17;1639
12;2025-12-27;18;1526
12;2025-12-27;19;1429
12;2025-12-27;20;1017
12;2025-12-27;21;831
12;2025-12-27;22;411
12;2025-12-27;23;310
12;2025-12-28;0;86
12;2025-12-28;1;3
12;2025-12-28;2;0
12;2025-12-28;3;0
12;2025-12-28;4;3
12;2025-12-28;5;139
12;2025-12-28;6;538
12;2025-12-28;7;750
12;2025-12-28;8;757
12;2025-12-28;9;963
12;2025-12-28;10;1184
12;2025-12-28;11;1289
12;2025-12-28;12;1401
12;2025-12-28;13;1593
12;2025-12-28;14;1439
12;2025-12-28;15;1539
12;2025-12-28;16;1549
12;2025-12-28;17;1606
12;2025-12-28;18;1465
12;2025-12-28;19;1044
12;2025-12-28;20;817
12;2025-12-28;21;631
12;2025-12-28;22;422
12;2025-12-28;23;213
12;2025-12-29;0;46
12;2025-12-29;1;1
12;2025-12-29;2;0
12;2025-12-29;3;0
12;2025-12-29;4;5
12;2025-12-29;5;268
12;2025-12-29;6;1222
12;2025-12-29;7;2303
12;2025-12-29;8;3039
12;2025-12-29;9;2153
12;2025-12-29;10;1727
12;2025-12-29;11;1631
12;2025-12-29;12;1714
12;2025-12-29;13;1727
12;2025-12-29;14;1659
12;2025-12-29;15;1859
12;2025-12-29;16;2302
12;2025-12-29;17;2534
12;2025-12-29;18;2611
12;2025-12-29;19;1971
12;2025-12-29;20;1292
12;2025-12-29;21;797
12;2025-12-29;22;394
12;2025-12-29;23;211
12;2025-12-30;0;45
12;2025-12-30;1;1
12;2025-12-30;2;0
12;2025-12-30;3;0
12;2025-12-30;4;6
12;2025-12-30;5;273
12;2025-12-30;6;1232
12;2025-12-30;7;2332
12;2025-12-30;8;3091
12;2025-12-30;9;2181
12;2025-12-30;10;1764
12;2025-12-30;11;1649
12;2025-12-30;12;1720
12;2025-12-30;13;1758
12;2025-12-30;14;1670
12;2025-12-30;15;1898
12;2025-12-30;16;2337
12;2025-12-30;17;2552
12;2025-12-30;18;2607
12;2025-12-30;19;1973
12;2025-12-30;20;1290
12;2025-12-30;21;802
12;2025-12-30;22;398
12;2025-12-30;23;219
12;2025-12-31;0;73
12;2025-12-31;1;3
12;2025-12-31;2;0
12;2025-12-31;3;0
12;2025-12-31;4;3
12;2025-12-31;5;118
12;2025-12-31;6;456
12;2025-12-31;7;636
12;2025-12-31;8;641
12;2025-12-31;9;815
12;2025-12-31;10;998
12;2025-12-31;11;1082
12;2025-12-31;12;1180
12;2025-12-31;13;1338
12;2025-12-31;14;1213
12;2025-12-31;15;1287
12;2025-12-31;16;1300
12;2025-12-31;17;1352
12;2025-12-31;18;1223
12;2025-12-31;19;869
12;2025-12-31;20;0
12;2025-12-31;21;0
12;2025-12-31;22;0
12;2025-12-31;23;0
17;2025-11-01;0;109
17;2025-11-01;1;10
17;2025-11-01;2;0
17;2025-11-01;3;0
17;2025-11-01;4;21
17;2025-11-01;5;269
17;2025-11-01;6;1355
17;2025-11-01;7;3792
17;2025-11-01;8;4768
17;2025-11-01;9;3453
17;2025-11-01;10;2739
17;2025-11-01;11;2725
17;2025-11-01;12;2727
17;2025-11-01;13;2784
17;2025-11-01;14;2858
17;2025-11-01;15;2933
17;2025-11-01;16;3295
17;2025-11-01;17;4011
17;2025-11-01;18;4116
17;2025-11-01;19;2931
17;2025-11-01;20;2054
17;2025-11-01;21;1280
17;2025-11-01;22;614
17;2025-11-01;23;339
17;2025-11-02;0;187
17;2025-11-02;1;25
17;2025-11-02;2;0
17;2025-11-02;3;0
17;2025-11-02;4;3
17;2025-11-02;5;113
17;2025-11-02;6;441
17;2025-11-02;7;882
17;2025-11-02;8;1259
17;2025-11-02;9;1709
17;2025-11-02;10;2011
17;2025-11-02;11;2582
17;2025-11-02;12;2959
17;2025-11-02;13;3223
17;2025-11-02;14;3289
17;2025-11-02;15;3167
17;2025-11-02;16;3192
17;2025-11-02;17;3025
17;2025-11-02;18;2618
17;2025-11-02;19;2090
17;2025-11-02;20;1565
17;2025-11-02;21;1120
17;2025-11-02;22;693
17;2025-11-02;23;324
17;2025-11-03;0;175
17;2025-11-03;1;23
17;2025-11-03;2;0
17;2025-11-03;3;0
17;2025-11-03;4;3
17;2025-11-03;5;104
17;2025-11-03;6;410
17;2025-11-03;7;812
17;2025-11-03;8;1156
17;2025-11-03;9;1562
17;2025-11-03;10;1853
17;2025-11-03;11;2354
17;2025-11-03;12;2672
17;2025-11-03;13;2936
17;2025-11-03;14;2996
17;2025-11-03;15;2852
17;2025-11-03;16;2884
17;2025-11-03;17;2740
17;2025-11-03;18;2406
17;2025-11-03;19;1944
17;2025-11-03;20;1471
17;2025-11-03;21;1055
17;2025-11-03;22;664
17;2025-11-03;23;310
17;2025-11-04;0;165
17;2025-11-04;1;22
17;2025-11-04;2;0
17;2025-11-04;3;0
17;2025-11-04;4;3
17;2025-11-04;5;96
17;2025-11-04;6;385
17;2025-11-04;7;759
17;2025-11-04;8;1071
17;2025-11-04;9;1449
17;2025-11-04;10;1717
17;2025-11-04;11;2202
17;2025-11-04;12;2501
17;2025-11-04;13;2765
17;2025-11-04;14;2837
17;2025-11-04;15;2717
17;2025-11-04;16;2761
17;2025-11-04;17;2611
17;2025-11-04;18;2290
17;2025-11-04;19;1857
17;2025-11-04;20;1402
17;2025-11-04;21;1006
17;2025-11-04;22;633
17;2025-11-04;23;294
17;2025-11-05;0;120
17;2025-11-05;1;11
17;2025-11-05;2;0
17;2025-11-05;3;0
17;2025-11-05;4;24
17;2025-11-05;5;296
17;2025-11-05;6;1491
17;2025-11-05;7;4124
17;2025-11-05;8;5160
17;2025-11-05;9;3740
17;2025-11-05;10;2951
17;2025-11-05;11;2921
17;2025-11-05;12;2924
17;2025-11-05;13;2984
17;2025-11-05;14;3081
17;2025-11-05;15;3162
17;2025-11-05;16;3552
17;2025-11-05;17;4355
17;2025-11-05;18;4561
17;2025-11-05;19;3258
17;2025-11-05;20;2298
17;2025-11-05;21;1432
17;2025-11-05;22;691
17;2025-11-05;23;377
17;2025-11-06;0;124
17;2025-11-06;1;12
17;2025-11-06;2;0
17;2025-11-06;3;0
17;2025-11-06;4;25
17;2025-11-06;5;308
17;2025-11-06;6;1539
17;2025-11-06;7;4252
17;2025-11-06;8;5328
17;2025-11-06;9;3862
17;2025-11-06;10;3044
17;2025-11-06;11;3011
17;2025-11-06;12;3011
17;2025-11-06;13;3078
17;2025-11-06;14;3172
17;2025-11-06;15;3207
17;2025-11-06;16;3637
17;2025-11-06;17;4448
17;2025-11-06;18;4647
17;2025-11-06;19;3349
17;2025-11-06;20;2349
17;2025-11-06;21;1455
17;2025-11-06;22;705
17;2025-11-06;23;388
17;2025-11-07;0;125
17;2025-11-07;1;12
17;2025-11-07;2;0
17;2025-11-07;3;0
17;2025-11-07;4;24
17;2025-11-07;5;304
17;2025-11-07;6;1524
17;2025-11-07;7;4213
17;2025-11-07;8;5272
17;2025-11-07;9;3809
17;2025-11-07;10;2995
17;2025-11-07;11;2997
17;2025-11-07;12;3006
17;2025-11-07;13;3071
17;2025-11-07;14;3153
17;2025-11-07;15;3248
17;2025-11-07;16;3680
17;2025-11-07;17;4463
17;2025-11-07;18;4512
17;2025-11-07;19;3281
17;2025-11-07;20;2334
17;2025-11-07;21;1462
17;2025-11-07;22;708
17;2025-11-07;23;393
17;2025-11-08;0;210
17;2025-11-08;1;26
17;2025-11-08;2;0
17;2025-11-08;3;0
17;2025-11-08;4;6
17;2025-11-08;5;137
17;2025-11-08;6;579
17;2025-11-08;7;1271
17;2025-11-08;8;1781
17;2025-11-08;9;2267
17;2025-11-08;10;2502
17;2025-11-08;11;2977
17;2025-11-08;12;3276
17;2025-11-08;13;3537
17;2025-11-08;14;3512
17;2025-11-08;15;3465
17;2025-11-08;16;3569
17;2025-11-08;17;3168
17;2025-11-08;18;2957
17;2025-11-08;19;2354
17;2025-11-08;20;1873
17;2025-11-08;21;1357
17;2025-11-08;22;843
17;2025-11-08;23;457
17;2025-11-09;0;188
17;2025-11-09;1;25
17;2025-11-09;2;0
17;2025-11-09;3;0
17;2025-11-09;4;3
17;2025-11-09;5;112
17;2025-11-09;6;441
17;2025-11-09;7;873
17;2025-11-09;8;1244
17;2025-11-09;9;1690
17;2025-11-09;10;1996
17;2025-11-09;11;2557
17;2025-11-09;12;2917
17;2025-11-09;13;3195
17;2025-11-09;14;3281
17;2025-11-09;15;3140
17;2025-11-09;16;3160
17;2025-11-09;17;2992
17;2025-11-09;18;2616
17;2025-11-09;19;2103
17;2025-11-09;20;1586
17;2025-11-09;21;1140
17;2025-11-09;22;708
17;2025-11-09;23;329
17;2025-11-10;0;122
17;2025-11-10;1;12
17;2025-11-10;2;0
17;2025-11-10;3;0
17;2025-11-10;4;25
17;2025-11-10;5;304
17;2025-11-10;6;1523
17;2025-11-10;7;4219
17;2025-11-10;8;5291
17;2025-11-10;9;3836
17;2025-11-10;10;3019
17;2025-11-10;11;3002
17;2025-11-10;12;2992
17;2025-11-10;13;3049
17;2025-11-10;14;3130
17;2025-11-10;15;3215
17;2025-11-10;16;3616
17;2025-11-10;17;4437
17;2025-11-10;18;4639
17;2025-11-10;19;3314
17;2025-11-10;20;2337
17;2025-11-10;21;1440
17;2025-11-10;22;691
17;2025-11-10;23;378
17;2025-11-11;0;123
17;2025-11-11;1;12
17;2025-11-11;2;0
17;2025-11-11;3;0
17;2025-11-11;4;25
17;2025-11-11;5;310
17;2025-11-11;6;1542
17;2025-11-11;7;4261
17;2025-11-11;8;5342
17;2025-11-11;9;3870
17;2025-11-11;10;3051
17;2025-11-11;11;3036
17;2025-11-11;12;3032
17;2025-11-11;13;3096
17;2025-11-11;14;3180
17;2025-11-11;15;3253
17;2025-11-11;16;3661
17;2025-11-11;17;4502
17;2025-11-11;18;4702
17;2025-11-11;19;3360
17;2025-11-11;20;2366
17;2025-11-11;21;1475
17;2025-11-11;22;710
17;2025-11-11;23;386
17;2025-11-12;0;124
17;2025-11-12;1;12
17;2025-11-12;2;0
17;2025-11-12;3;0
17;2025-11-12;4;25
17;2025-11-12;5;306
17;2025-11-12;6;1534
17;2025-11-12;7;4240
17;2025-11-12;8;5309
17;2025-11-12;9;3847
17;2025-11-12;10;3036
17;2025-11-12;11;3014
17;2025-11-12;12;3007
17;2025-11-12;13;3064
17;2025-11-12;14;3151
17;2025-11-12;15;3224
17;2025-11-12;16;3640
17;2025-11-12;17;4459
17;2025-11-12;18;4665
17;2025-11-12;19;3328
17;2025-11-12;20;2350
17;2025-11-12;21;1461
17;2025-11-12;22;708
17;2025-11-12;23;388
17;2025-11-13;0;125
17;2025-11-13;1;12
17;2025-11-13;2;0
17;2025-11-13;3;0
17;2025-11-13;4;25
17;2025-11-13;5;309
17;2025-11-13;6;1537
17;2025-11-13;7;4252
17;2025-11-13;8;5328
17;2025-11-13;9;3866
17;2025-11-13;10;3051
17;2025-11-13;11;3034
17;2025-11-13;12;3038
17;2025-11-13;13;3100
17;2025-11-13;14;3184
17;2025-11-13;15;3251
17;2025-11-13;16;3672
17;2025-11-13;17;4488
17;2025-11-13;18;4687
17;2025-11-13;19;3361
17;2025-11-13;20;2375
17;2025-11-13;21;1480
17;2025-11-13;22;714
17;2025-11-13;23;393
17;2025-11-14;0;127
17;2025-11-14;1;13
17;2025-11-14;2;0
17;2025-11-14;3;0
17;2025-11-14;4;25
17;2025-11-14;5;309
17;2025-11-14;6;1541
17;2025-11-14;7;4254
17;2025-11-14;8;5325
17;2025-11-14;9;3854
17;2025-11-14;10;3037
17;2025-11-14;11;3034
17;2025-11-14;12;3038
17;2025-11-14;13;3104
17;2025-11-14;14;3187
17;2025-11-14;15;3289
17;2025-11-14;16;3720
17;2025-11-14;17;4515
17;2025-11-14;18;4557
17;2025-11-14;19;3316
17;2025-11-14;20;2358
17;2025-11-14;21;1479
17;2025-11-14;22;714
17;2025-11-14;23;397
17;2025-11-15;0;205
17;2025-11-15;1;25
17;2025-11-15;2;0
17;2025-11-15;3;0
17;2025-11-15;4;5
17;2025-11-15;5;134
17;2025-11-15;6;564
17;2025-11-15;7;1229
17;2025-11-15;8;1720
17;2025-11-15;9;2195
17;2025-11-15;10;2411
17;2025-11-15;11;2870
17;2025-11-15;12;3182
17;2025-11-15;13;3431
17;2025-11-15;14;3410
17;2025-11-15;15;3375
17;2025-11-15;16;3496
17;2025-11-15;17;3088
17;2025-11-15;18;2882
17;2025-11-15;19;2299
17;2025-11-15;20;1837
17;2025-11-15;21;1337
17;2025-11-15;22;830
17;2025-11-15;23;445
17;2025-11-16;0;187
17;2025-11-16;1;24
17;2025-11-16;2;0
17;2025-11-16;3;0
17;2025-11-16;4;3
17;2025-11-16;5;112
17;2025-11-16;6;438
17;2025-11-16;7;876
17;2025-11-16;8;1245
17;2025-11-16;9;1688
17;2025-11-16;10;2001
17;2025-11-16;11;2566
17;2025-11-16;12;2928
17;2025-11-16;13;3211
17;2025-11-16;14;3293
17;2025-11-16;15;3157
17;2025-11-16;16;3174
17;2025-11-16;17;3005
17;2025-11-16;18;2627
17;2025-11-16;19;2112
17;2025-11-16;20;1591
17;2025-11-16;21;1145
17;2025-11-16;22;713
17;2025-11-16;23;334
17;2025-11-17;0;123
17;2025-11-17;1;12
17;2025-11-17;2;0
17;2025-11-17;3;0
17;2025-11-17;4;25
17;2025-11-17;5;305
17;2025-11-17;6;1529
17;2025-11-17;7;4231
17;2025-11-17;8;5292
17;2025-11-17;9;3838
17;2025-11-17;10;3017
17;2025-11-17;11;3000
17;2025-11-17;12;2981
17;2025-11-17;13;3023
17;2025-11-17;14;3103
17;2025-11-17;15;3180
17;2025-11-17;16;3588
17;2025-11-17;17;4417
17;2025-11-17;18;4633
17;2025-11-17;19;3309
17;2025-11-17;20;2333
17;2025-11-17;21;1436
17;2025-11-17;22;690
17;2025-11-17;23;376
17;2025-11-18;0;120
17;2025-11-18;1;11
17;2025-11-18;2;0
17;2025-11-18;3;0
17;2025-11-18;4;24
17;2025-11-18;5;297
17;2025-11-18;6;1485
17;2025-11-18;7;4145
17;2025-11-18;8;5197
17;2025-11-18;9;3762
17;2025-11-18;10;2949
17;2025-11-18;11;2934
17;2025-11-18;12;2929
17;2025-11-18;13;2988
17;2025-11-18;14;3068
17;2025-11-18;15;3143
17;2025-11-18;16;3541
17;2025-11-18;17;4374
17;2025-11-18;18;4572
17;2025-11-18;19;3266
17;2025-11-18;20;2298
17;2025-11-18;21;1432
17;2025-11-18;22;691
17;2025-11-18;23;374
17;2025-11-19;0;122
17;2025-11-19;1;11
17;2025-11-19;2;0
17;2025-11-19;3;0
17;2025-11-19;4;25
17;2025-11-19;5;305
17;2025-11-19;6;1531
17;2025-11-19;7;4236
17;2025-11-19;8;5306
17;2025-11-19;9;3848
17;2025-11-19;10;3038
17;2025-11-19;11;3024
17;2025-11-19;12;3025
17;2025-11-19;13;3086
17;2025-11-19;14;3173
17;2025-11-19;15;3243
17;2025-11-19;16;3656
17;2025-11-19;17;4476
17;2025-11-19;18;4680
17;2025-11-19;19;3340
17;2025-11-19;20;2359
17;2025-11-19;21;1472
17;2025-11-19;22;711
17;2025-11-19;23;390
17;2025-11-20;0;125
17;2025-11-20;1;12
17;2025-11-20;2;0
17;2025-11-20;3;0
17;2025-11-20;4;26
17;2025-11-20;5;309
17;2025-11-20;6;1461
17;2025-11-20;7;4209
17;2025-11-20;8;5336
17;2025-11-20;9;3868
17;2025-11-20;10;3054
17;2025-11-20;11;3037
17;2025-11-20;12;3041
17;2025-11-20;13;3103
17;2025-11-20;14;3186
17;2025-11-20;15;3253
17;2025-11-20;16;3673
17;2025-11-20;17;4490
17;2025-11-20;18;4682
17;2025-11-20;19;3357
17;2025-11-20;20;2373
17;2025-11-20;21;1480
17;2025-11-20;22;713
17;2025-11-20;23;392
17;2025-11-21;0;127
17;2025-11-21;1;13
17;2025-11-21;2;0
17;2025-11-21;3;0
17;2025-11-21;4;24
17;2025-11-21;5;308
17;2025-11-21;6;1537
17;2025-11-21;7;4254
17;2025-11-21;8;5335
17;2025-11-21;9;3862
17;2025-11-21;10;3045
17;2025-11-21;11;3042
17;2025-11-21;12;3043
17;2025-11-21;13;3107
17;2025-11-21;14;3188
17;2025-11-21;15;3287
17;2025-11-21;16;3719
17;2025-11-21;17;4512
17;2025-11-21;18;4561
17;2025-11-21;19;3322
17;2025-11-21;20;2363
17;2025-11-21;21;1479
17;2025-11-21;22;685
17;2025-11-21;23;313
17;2025-11-22;0;212
17;2025-11-22;1;26
17;2025-11-22;2;0
17;2025-11-22;3;0
17;2025-11-22;4;6
17;2025-11-22;5;137
17;2025-11-22;6;579
17;2025-11-22;7;1259
17;2025-11-22;8;1761
17;2025-11-22;9;2243
17;2025-11-22;10;2474
17;2025-11-22;11;2949
17;2025-11-22;12;3279
17;2025-11-22;13;3530
17;2025-11-22;14;3504
17;2025-11-22;15;3464
17;2025-11-22;16;3574
17;2025-11-22;17;3170
17;2025-11-22;18;2964
17;2025-11-22;19;2364
17;2025-11-22;20;1879
17;2025-11-22;21;1353
17;2025-11-22;22;835
17;2025-11-22;23;446
17;2025-11-23;0;186
17;2025-11-23;1;24
17;2025-11-23;2;0
17;2025-11-23;3;0
17;2025-11-23;4;3
17;2025-11-23;5;111
17;2025-11-23;6;436
17;2025-11-23;7;872
17;2025-11-23;8;1241
17;2025-11-23;9;1684
17;2025-11-23;10;1991
17;2025-11-23;11;2556
17;2025-11-23;12;2916
17;2025-11-23;13;3192
17;2025-11-23;14;3276
17;2025-11-23;15;3132
17;2025-11-23;16;3149
17;2025-11-23;17;2980
17;2025-11-23;18;2606
17;2025-11-23;19;2096
17;2025-11-23;20;1581
17;2025-11-23;21;1138
17;2025-11-23;22;710
17;2025-11-23;23;333
17;2025-11-24;0;121
17;2025-11-24;1;12
17;2025-11-24;2;0
17;2025-11-24;3;0
17;2025-11-24;4;23
17;2025-11-24;5;292
17;2025-11-24;6;1479
17;2025-11-24;7;4116
17;2025-11-24;8;5156
17;2025-11-24;9;3744
17;2025-11-24;10;2935
17;2025-11-24;11;2908
17;2025-11-24;12;2904
17;2025-11-24;13;2964
17;2025-11-24;14;3044
17;2025-11-24;15;3124
17;2025-11-24;16;3512
17;2025-11-24;17;4326
17;2025-11-24;18;4532
17;2025-11-24;19;3237
17;2025-11-24;20;2283
17;2025-11-24;21;1412
17;2025-11-24;22;678
17;2025-11-24;23;369
17;2025-11-25;0;122
17;2025-11-25;1;11
17;2025-11-25;2;0
17;2025-11-25;3;0
17;2025-11-25;4;25
17;2025-11-25;5;308
17;2025-11-25;6;1537
17;2025-11-25;7;4245
17;2025-11-25;8;5319
17;2025-11-25;9;3857
17;2025-11-25;10;3044
17;2025-11-25;11;3032
17;2025-11-25;12;3027
17;2025-11-25;13;3090
17;2025-11-25;14;3174
17;2025-11-25;15;3251
17;2025-11-25;16;3657
17;2025-11-25;17;4497
17;2025-11-25;18;4696
17;2025-11-25;19;3356
17;2025-11-25;20;2364
17;2025-11-25;21;1469
17;2025-11-25;22;708
17;2025-11-25;23;386
17;2025-11-26;0;123
17;2025-11-26;1;12
17;2025-11-26;2;0
17;2025-11-26;3;0
17;2025-11-26;4;25
17;2025-11-26;5;303
17;2025-11-26;6;1517
17;2025-11-26;7;4208
17;2025-11-26;8;5271
17;2025-11-26;9;3823
17;2025-11-26;10;3011
17;2025-11-26;11;2988
17;2025-11-26;12;2986
17;2025-11-26;13;3045
17;2025-11-26;14;3138
17;2025-11-26;15;3212
17;2025-11-26;16;3614
17;2025-11-26;17;4429
17;2025-11-26;18;4636
17;2025-11-26;19;3307
17;2025-11-26;20;2333
17;2025-11-26;21;1445
17;2025-11-26;22;702
17;2025-11-26;23;382
17;2025-11-27;0;124
17;2025-11-27;1;12
17;2025-11-27;2;0
17;2025-11-27;3;0
17;2025-11-27;4;25
17;2025-11-27;5;310
17;2025-11-27;6;1546
17;2025-11-27;7;4280
17;2025-11-27;8;5367
17;2025-11-27;9;3895
17;2025-11-27;10;3074
17;2025-11-27;11;3051
17;2025-11-27;12;3042
17;2025-11-27;13;3102
17;2025-11-27;14;3181
17;2025-11-27;15;3252
17;2025-11-27;16;3680
17;2025-11-27;17;4505
17;2025-11-27;18;4691
17;2025-11-27;19;3354
17;2025-11-27;20;2368
17;2025-11-27;21;1464
17;2025-11-27;22;707
17;2025-11-27;23;387
17;2025-11-28;0;124
17;2025-11-28;1;12
17;2025-11-28;2;0
17;2025-11-28;3;0
17;2025-11-28;4;24
17;2025-11-28;5;301
17;2025-11-28;6;1506
17;2025-11-28;7;4181
17;2025-11-28;8;5251
17;2025-11-28;9;3802
17;2025-11-28;10;2991
17;2025-11-28;11;2808
17;2025-11-28;12;2833
17;2025-11-28;13;3056
17;2025-11-28;14;3140
17;2025-11-28;15;3237
17;2025-11-28;16;3670
17;2025-11-28;17;4452
17;2025-11-28;18;4507
17;2025-11-28;19;3277
17;2025-11-28;20;2330
17;2025-11-28;21;1465
17;2025-11-28;22;708
17;2025-11-28;23;394
17;2025-11-29;0;213
17;2025-11-29;1;26
17;2025-11-29;2;0
17;2025-11-29;3;0
17;2025-11-29;4;6
17;2025-11-29;5;140
17;2025-11-29;6;591
17;2025-11-29;7;1291
17;2025-11-29;8;1812
17;2025-11-29;9;2300
17;2025-11-29;10;2539
17;2025-11-29;11;3017
17;2025-11-29;12;3336
17;2025-11-29;13;3587
17;2025-11-29;14;3555
17;2025-11-29;15;3507
17;2025-11-29;16;3612
17;2025-11-29;17;3206
17;2025-11-29;18;2995
17;2025-11-29;19;2385
17;2025-11-29;20;1901
17;2025-11-29;21;1377
17;2025-11-29;22;858
17;2025-11-29;23;464
17;2025-11-30;0;186
17;2025-11-30;1;25
17;2025-11-30;2;0
17;2025-11-30;3;0
17;2025-11-30;4;3
17;2025-11-30;5;111
17;2025-11-30;6;439
17;2025-11-30;7;871
17;2025-11-30;8;1240
17;2025-11-30;9;1683
17;2025-11-30;10;1990
17;2025-11-30;11;2554
17;2025-11-30;12;2912
17;2025-11-30;13;3188
17;2025-11-30;14;3272
17;2025-11-30;15;3132
17;2025-11-30;16;3150
17;2025-11-30;17;2982
17;2025-11-30;18;2608
17;2025-11-30;19;2100
17;2025-11-30;20;1584
17;2025-11-30;21;1138
17;2025-11-30;22;710
17;2025-11-30;23;333
17;2025-12-01;0;125
17;2025-12-01;1;12
17;2025-12-01;2;0
17;2025-12-01;3;0
17;2025-12-01;4;25
17;2025-12-01;5;309
17;2025-12-01;6;1556
17;2025-12-01;7;4282
17;2025-12-01;8;5391
17;2025-12-01;9;3909
17;2025-12-01;10;3084
17;2025-12-01;11;3066
17;2025-12-01;12;3047
17;2025-12-01;13;3108
17;2025-12-01;14;3195
17;2025-12-01;15;3279
17;2025-12-01;16;3681
17;2025-12-01;17;4527
17;2025-12-01;18;4708
17;2025-12-01;19;3367
17;2025-12-01;20;2372
17;2025-12-01;21;1462
17;2025-12-01;22;698
17;2025-12-01;23;384
17;2025-12-02;0;125
17;2025-12-02;1;12
17;2025-12-02;2;0
17;2025-12-02;3;0
17;2025-12-02;4;26
17;2025-12-02;5;316
17;2025-12-02;6;1570
17;2025-12-02;7;4316
17;2025-12-02;8;5436
17;2025-12-02;9;3939
17;2025-12-02;10;3116
17;2025-12-02;11;3095
17;2025-12-02;12;3086
17;2025-12-02;13;3153
17;2025-12-02;14;3244
17;2025-12-02;15;3315
17;2025-12-02;16;3722
17;2025-12-02;17;4584
17;2025-12-02;18;4759
17;2025-12-02;19;3408
17;2025-12-02;20;2399
17;2025-12-02;21;1494
17;2025-12-02;22;719
17;2025-12-02;23;394
17;2025-12-03;0;128
17;2025-12-03;1;12
17;2025-12-03;2;0
17;2025-12-03;3;0
17;2025-12-03;4;26
17;2025-12-03;5;315
17;2025-12-03;6;1569
17;2025-12-03;7;4314
17;2025-12-03;8;5425
17;2025-12-03;9;3935
17;2025-12-03;10;3120
17;2025-12-03;11;3099
17;2025-12-03;12;3096
17;2025-12-03;13;3157
17;2025-12-03;14;3253
17;2025-12-03;15;3320
17;2025-12-03;16;3734
17;2025-12-03;17;4577
17;2025-12-03;18;4756
17;2025-12-03;19;3396
17;2025-12-03;20;2396
17;2025-12-03;21;1495
17;2025-12-03;22;725
17;2025-12-03;23;401
17;2025-12-04;0;129
17;2025-12-04;1;12
17;2025-12-04;2;0
17;2025-12-04;3;0
17;2025-12-04;4;26
17;2025-12-04;5;318
17;2025-12-04;6;1580
17;2025-12-04;7;4342
17;2025-12-04;8;5472
17;2025-12-04;9;3967
17;2025-12-04;10;3143
17;2025-12-04;11;3118
17;2025-12-04;12;3124
17;2025-12-04;13;3188
17;2025-12-04;14;3280
17;2025-12-04;15;3340
17;2025-12-04;16;3769
17;2025-12-04;17;4605
17;2025-12-04;18;4771
17;2025-12-04;19;3430
17;2025-12-04;20;2426
17;2025-12-04;21;1511
17;2025-12-04;22;731
17;2025-12-04;23;407
17;2025-12-05;0;132
17;2025-12-05;1;13
17;2025-12-05;2;0
17;2025-12-05;3;0
17;2025-12-05;4;25
17;2025-12-05;5;317
17;2025-12-05;6;1579
17;2025-12-05;7;4326
17;2025-12-05;8;5441
17;2025-12-05;9;3940
17;2025-12-05;10;3112
17;2025-12-05;11;3108
17;2025-12-05;12;3114
17;2025-12-05;13;3184
17;2025-12-05;14;3273
17;2025-12-05;15;3374
17;2025-12-05;16;3817
17;2025-12-05;17;4619
17;2025-12-05;18;4588
17;2025-12-05;19;3366
17;2025-12-05;20;2396
17;2025-12-05;21;1511
17;2025-12-05;22;733
17;2025-12-05;23;414
17;2025-12-06;0;217
17;2025-12-06;1;27
17;2025-12-06;2;0
17;2025-12-06;3;0
17;2025-12-06;4;6
17;2025-12-06;5;142
17;2025-12-06;6;606
17;2025-12-06;7;1317
17;2025-12-06;8;1848
17;2025-12-06;9;2338
17;2025-12-06;10;2583
17;2025-12-06;11;3056
17;2025-12-06;12;3366
17;2025-12-06;13;3637
17;2025-12-06;14;3602
17;2025-12-06;15;3556
17;2025-12-06;16;3643
17;2025-12-06;17;3268
17;2025-12-06;18;3040
17;2025-12-06;19;2415
17;2025-12-06;20;1930
17;2025-12-06;21;1404
17;2025-12-06;22;872
17;2025-12-06;23;476
17;2025-12-07;0;192
17;2025-12-07;1;25
17;2025-12-07;2;0
17;2025-12-07;3;0
17;2025-12-07;4;3
17;2025-12-07;5;114
17;2025-12-07;6;451
17;2025-12-07;7;892
17;2025-12-07;8;1277
17;2025-12-07;9;1726
17;2025-12-07;10;2038
17;2025-12-07;11;2606
17;2025-12-07;12;2971
17;2025-12-07;13;3252
17;2025-12-07;14;3319
17;2025-12-07;15;3200
17;2025-12-07;16;3219
17;2025-12-07;17;3040
17;2025-12-07;18;2665
17;2025-12-07;19;2159
17;2025-12-07;20;1625
17;2025-12-07;21;1166
17;2025-12-07;22;725
17;2025-12-07;23;341
17;2025-12-08;0;125
17;2025-12-08;1;12
17;2025-12-08;2;0
17;2025-12-08;3;0
17;2025-12-08;4;25
17;2025-12-08;5;310
17;2025-12-08;6;1554
17;2025-12-08;7;4287
17;2025-12-08;8;5395
17;2025-12-08;9;3915
17;2025-12-08;10;3089
17;2025-12-08;11;3067
17;2025-12-08;12;3053
17;2025-12-08;13;3111
17;2025-12-08;14;3198
17;2025-12-08;15;3282
17;2025-12-08;16;3686
17;2025-12-08;17;4532
17;2025-12-08;18;4714
17;2025-12-08;19;3371
17;2025-12-08;20;2374
17;2025-12-08;21;1465
17;2025-12-08;22;700
17;2025-12-08;23;386
17;2025-12-09;0;126
17;2025-12-09;1;12
17;2025-12-09;2;0
17;2025-12-09;3;0
17;2025-12-09;4;26
17;2025-12-09;5;317
17;2025-12-09;6;1567
17;2025-12-09;7;4293
17;2025-12-09;8;5422
17;2025-12-09;9;3933
17;2025-12-09;10;3112
17;2025-12-09;11;3081
17;2025-12-09;12;3072
17;2025-12-09;13;3138
17;2025-12-09;14;3230
17;2025-12-09;15;3311
17;2025-12-09;16;3721
17;2025-12-09;17;4565
17;2025-12-09;18;4743
17;2025-12-09;19;3400
17;2025-12-09;20;2384
17;2025-12-09;21;1486
17;2025-12-09;22;715
17;2025-12-09;23;391
17;2025-12-10;0;127
17;2025-12-10;1;12
17;2025-12-10;2;0
17;2025-12-10;3;0
17;2025-12-10;4;26
17;2025-12-10;5;312
17;2025-12-10;6;1561
17;2025-12-10;7;4302
17;2025-12-10;8;5400
17;2025-12-10;9;3923
17;2025-12-10;10;3114
17;2025-12-10;11;3091
17;2025-12-10;12;3089
17;2025-12-10;13;3147
17;2025-12-10;14;3242
17;2025-12-10;15;3309
17;2025-12-10;16;3720
17;2025-12-10;17;4560
17;2025-12-10;18;4741
17;2025-12-10;19;3382
17;2025-12-10;20;2388
17;2025-12-10;21;1490
17;2025-12-10;22;724
17;2025-12-10;23;400
17;2025-12-11;0;128
17;2025-12-11;1;12
17;2025-12-11;2;0
17;2025-12-11;3;0
17;2025-12-11;4;26
17;2025-12-11;5;316
17;2025-12-11;6;1566
17;2025-12-11;7;4296
17;2025-12-11;8;5398
17;2025-12-11;9;3919
17;2025-12-11;10;3100
17;2025-12-11;11;3070
17;2025-12-11;12;3075
17;2025-12-11;13;3144
17;2025-12-11;14;3246
17;2025-12-11;15;3311
17;2025-12-11;16;3737
17;2025-12-11;17;4556
17;2025-12-11;18;4706
17;2025-12-11;19;3367
17;2025-12-11;20;2383
17;2025-12-11;21;1480
17;2025-12-11;22;721
17;2025-12-11;23;400
17;2025-12-12;0;130
17;2025-12-12;1;13
17;2025-12-12;2;0
17;2025-12-12;3;0
17;2025-12-12;4;25
17;2025-12-12;5;312
17;2025-12-12;6;1553
17;2025-12-12;7;4273
17;2025-12-12;8;5366
17;2025-12-12;9;3901
17;2025-12-12;10;3079
17;2025-12-12;11;3075
17;2025-12-12;12;3064
17;2025-12-12;13;3123
17;2025-12-12;14;3207
17;2025-12-12;15;3299
17;2025-12-12;16;3733
17;2025-12-12;17;4499
17;2025-12-12;18;4495
17;2025-12-12;19;3287
17;2025-12-12;20;2340
17;2025-12-12;21;1489
17;2025-12-12;22;723
17;2025-12-12;23;405
17;2025-12-13;0;211
17;2025-12-13;1;25
17;2025-12-13;2;0
17;2025-12-13;3;0
17;2025-12-13;4;5
17;2025-12-13;5;138
17;2025-12-13;6;594
17;2025-12-13;7;1290
17;2025-12-13;8;1813
17;2025-12-13;9;2302
17;2025-12-13;10;2558
17;2025-12-13;11;3028
17;2025-12-13;12;3330
17;2025-12-13;13;3596
17;2025-12-13;14;3562
17;2025-12-13;15;3517
17;2025-12-13;16;3608
17;2025-12-13;17;3238
17;2025-12-13;18;3010
17;2025-12-13;19;2392
17;2025-12-13;20;1896
17;2025-12-13;21;1376
17;2025-12-13;22;856
17;2025-12-13;23;465
17;2025-12-14;0;186
17;2025-12-14;1;25
17;2025-12-14;2;0
17;2025-12-14;3;0
17;2025-12-14;4;3
17;2025-12-14;5;113
17;2025-12-14;6;450
17;2025-12-14;7;888
17;2025-12-14;8;1255
17;2025-12-14;9;1694
17;2025-12-14;10;2010
17;2025-12-14;11;2581
17;2025-12-14;12;2926
17;2025-12-14;13;3205
17;2025-12-14;14;3274
17;2025-12-14;15;3148
17;2025-12-14;16;3182
17;2025-12-14;17;3005
17;2025-12-14;18;2633
17;2025-12-14;19;2133
17;2025-12-14;20;1607
17;2025-12-14;21;1151
17;2025-12-14;22;712
17;2025-12-14;23;332
17;2025-12-15;0;124
17;2025-12-15;1;12
17;2025-12-15;2;0
17;2025-12-15;3;0
17;2025-12-15;4;25
17;2025-12-15;5;308
17;2025-12-15;6;1547
17;2025-12-15;7;4261
17;2025-12-15;8;5369
17;2025-12-15;9;3897
17;2025-12-15;10;3078
17;2025-12-15;11;3049
17;2025-12-15;12;3035
17;2025-12-15;13;3093
17;2025-12-15;14;3179
17;2025-12-15;15;3261
17;2025-12-15;16;3661
17;2025-12-15;17;4498
17;2025-12-15;18;4676
17;2025-12-15;19;3343
17;2025-12-15;20;2357
17;2025-12-15;21;1452
17;2025-12-15;22;695
17;2025-12-15;23;382
17;2025-12-16;0;129
17;2025-12-16;1;12
17;2025-12-16;2;0
17;2025-12-16;3;0
17;2025-12-16;4;27
17;2025-12-16;5;325
17;2025-12-16;6;1609
17;2025-12-16;7;4420
17;2025-12-16;8;5561
17;2025-12-16;9;4038
17;2025-12-16;10;3195
17;2025-12-16;11;3169
17;2025-12-16;12;3156
17;2025-12-16;13;3213
17;2025-12-16;14;3304
17;2025-12-16;15;3381
17;2025-12-16;16;3800
17;2025-12-16;17;4680
17;2025-12-16;18;4858
17;2025-12-16;19;3475
17;2025-12-16;20;2446
17;2025-12-16;21;1495
17;2025-12-16;22;552
17;2025-12-16;23;302
17;2025-12-17;0;95
17;2025-12-17;1;9
17;2025-12-17;2;0
17;2025-12-17;3;0
17;2025-12-17;4;20
17;2025-12-17;5;311
17;2025-12-17;6;1562
17;2025-12-17;7;4296
17;2025-12-17;8;5407
17;2025-12-17;9;3924
17;2025-12-17;10;3115
17;2025-12-17;11;3092
17;2025-12-17;12;3086
17;2025-12-17;13;3144
17;2025-12-17;14;3245
17;2025-12-17;15;3317
17;2025-12-17;16;3732
17;2025-12-17;17;4571
17;2025-12-17;18;4752
17;2025-12-17;19;3391
17;2025-12-17;20;2390
17;2025-12-17;21;1494
17;2025-12-17;22;725
17;2025-12-17;23;401
17;2025-12-18;0;128
17;2025-12-18;1;12
17;2025-12-18;2;0
17;2025-12-18;3;0
17;2025-12-18;4;26
17;2025-12-18;5;316
17;2025-12-18;6;1568
17;2025-12-18;7;4309
17;2025-12-18;8;5432
17;2025-12-18;9;3936
17;2025-12-18;10;3113
17;2025-12-18;11;3080
17;2025-12-18;12;3093
17;2025-12-18;13;3159
17;2025-12-18;14;3251
17;2025-12-18;15;3314
17;2025-12-18;16;3736
17;2025-12-18;17;4572
17;2025-12-18;18;4738
17;2025-12-18;19;3403
17;2025-12-18;20;2405
17;2025-12-18;21;1500
17;2025-12-18;22;727
17;2025-12-18;23;403
17;2025-12-19;0;131
17;2025-12-19;1;13
17;2025-12-19;2;0
17;2025-12-19;3;0
17;2025-12-19;4;25
17;2025-12-19;5;315
17;2025-12-19;6;1567
17;2025-12-19;7;4298
17;2025-12-19;8;5412
17;2025-12-19;9;3916
17;2025-12-19;10;3090
17;2025-12-19;11;3087
17;2025-12-19;12;3090
17;2025-12-19;13;3161
17;2025-12-19;14;3249
17;2025-12-19;15;3354
17;2025-12-19;16;3794
17;2025-12-19;17;4593
17;2025-12-19;18;4555
17;2025-12-19;19;3341
17;2025-12-19;20;2376
17;2025-12-19;21;1500
17;2025-12-19;22;728
17;2025-12-19;23;411
17;2025-12-20;0;216
17;2025-12-20;1;27
17;2025-12-20;2;0
17;2025-12-20;3;0
17;2025-12-20;4;6
17;2025-12-20;5;141
17;2025-12-20;6;604
17;2025-12-20;7;1311
17;2025-12-20;8;1840
17;2025-12-20;9;2330
17;2025-12-20;10;2574
17;2025-12-20;11;3044
17;2025-12-20;12;3351
17;2025-12-20;13;3617
17;2025-12-20;14;3585
17;2025-12-20;15;3539
17;2025-12-20;16;3630
17;2025-12-20;17;3260
17;2025-12-20;18;3032
17;2025-12-20;19;2410
17;2025-12-20;20;1926
17;2025-12-20;21;1401
17;2025-12-20;22;871
17;2025-12-20;23;474
17;2025-12-21;0;190
17;2025-12-21;1;25
17;2025-12-21;2;0
17;2025-12-21;3;0
17;2025-12-21;4;3
17;2025-12-21;5;114
17;2025-12-21;6;445
17;2025-12-21;7;879
17;2025-12-21;8;1251
17;2025-12-21;9;1701
17;2025-12-21;10;2027
17;2025-12-21;11;2587
17;2025-12-21;12;2938
17;2025-12-21;13;3219
17;2025-12-21;14;3287
17;2025-12-21;15;3163
17;2025-12-21;16;3183
17;2025-12-21;17;3008
17;2025-12-21;18;2641
17;2025-12-21;19;2142
17;2025-12-21;20;1612
17;2025-12-21;21;1158
17;2025-12-21;22;715
17;2025-12-21;23;336
17;2025-12-22;0;124
17;2025-12-22;1;12
17;2025-12-22;2;0
17;2025-12-22;3;0
17;2025-12-22;4;25
17;2025-12-22;5;306
17;2025-12-22;6;1536
17;2025-12-22;7;4238
17;2025-12-22;8;5336
17;2025-12-22;9;3871
17;2025-12-22;10;3053
17;2025-12-22;11;3026
17;2025-12-22;12;3006
17;2025-12-22;13;3061
17;2025-12-22;14;3147
17;2025-12-22;15;3228
17;2025-12-22;16;3623
17;2025-12-22;17;4452
17;2025-12-22;18;4628
17;2025-12-22;19;3308
17;2025-12-22;20;2332
17;2025-12-22;21;1443
17;2025-12-22;22;689
17;2025-12-22;23;376
17;2025-12-23;0;123
17;2025-12-23;1;11
17;2025-12-23;2;0
17;2025-12-23;3;0
17;2025-12-23;4;25
17;2025-12-23;5;313
17;2025-12-23;6;1557
17;2025-12-23;7;4270
17;2025-12-23;8;5379
17;2025-12-23;9;3905
17;2025-12-23;10;3095
17;2025-12-23;11;3073
17;2025-12-23;12;3064
17;2025-12-23;13;3130
17;2025-12-23;14;3221
17;2025-12-23;15;3301
17;2025-12-23;16;3702
17;2025-12-23;17;4556
17;2025-12-23;18;4729
17;2025-12-23;19;3385
17;2025-12-23;20;2384
17;2025-12-23;21;1489
17;2025-12-23;22;689
17;2025-12-23;23;316
17;2025-12-24;0;130
17;2025-12-24;1;12
17;2025-12-24;2;0
17;2025-12-24;3;0
17;2025-12-24;4;27
17;2025-12-24;5;320
17;2025-12-24;6;1604
17;2025-12-24;7;4395
17;2025-12-24;8;5537
17;2025-12-24;9;4021
17;2025-12-24;10;3193
17;2025-12-24;11;3168
17;2025-12-24;12;3165
17;2025-12-24;13;3210
17;2025-12-24;14;3310
17;2025-12-24;15;3384
17;2025-12-24;16;3803
17;2025-12-24;17;4667
17;2025-12-24;18;4841
17;2025-12-24;19;3451
17;2025-12-24;20;2434
17;2025-12-24;21;1513
17;2025-12-24;22;736
17;2025-12-24;23;405
17;2025-12-25;0;129
17;2025-12-25;1;13
17;2025-12-25;2;0
17;2025-12-25;3;0
17;2025-12-25;4;27
17;2025-12-25;5;318
17;2025-12-25;6;1579
17;2025-12-25;7;4334
17;2025-12-25;8;5466
17;2025-12-25;9;3976
17;2025-12-25;10;3155
17;2025-12-25;11;3128
17;2025-12-25;12;3129
17;2025-12-25;13;3191
17;2025-12-25;14;3282
17;2025-12-25;15;3343
17;2025-12-25;16;3767
17;2025-12-25;17;4581
17;2025-12-25;18;4732
17;2025-12-25;19;3403
17;2025-12-25;20;2402
17;2025-12-25;21;1485
17;2025-12-25;22;725
17;2025-12-25;23;396
17;2025-12-26;0;128
17;2025-12-26;1;12
17;2025-12-26;2;0
17;2025-12-26;3;0
17;2025-12-26;4;24
17;2025-12-26;5;304
17;2025-12-26;6;1515
17;2025-12-26;7;4181
17;2025-12-26;8;5254
17;2025-12-26;9;3820
17;2025-12-26;10;3011
17;2025-12-26;11;2991
17;2025-12-26;12;2983
17;2025-12-26;13;3057
17;2025-12-26;14;3150
17;2025-12-26;15;3271
17;2025-12-26;16;3699
17;2025-12-26;17;4461
17;2025-12-26;18;4447
17;2025-12-26;19;3245
17;2025-12-26;20;2303
17;2025-12-26;21;1445
17;2025-12-26;22;711
17;2025-12-26;23;400
17;2025-12-27;0;210
17;2025-12-27;1;26
17;2025-12-27;2;0
17;2025-12-27;3;0
17;2025-12-27;4;6
17;2025-12-27;5;138
17;2025-12-27;6;594
17;2025-12-27;7;1291
17;2025-12-27;8;1817
17;2025-12-27;9;2299
17;2025-12-27;10;2534
17;2025-12-27;11;2998
17;2025-12-27;12;3319
17;2025-12-27;13;3586
17;2025-12-27;14;3556
17;2025-12-27;15;3507
17;2025-12-27;16;3596
17;2025-12-27;17;3221
17;2025-12-27;18;2997
17;2025-12-27;19;2387
17;2025-12-27;20;1906
17;2025-12-27;21;1376
17;2025-12-27;22;850
17;2025-12-27;23;462
17;2025-12-28;0;189
17;2025-12-28;1;25
17;2025-12-28;2;0
17;2025-12-28;3;0
17;2025-12-28;4;3
17;2025-12-28;5;112
17;2025-12-28;6;446
17;2025-12-28;7;882
17;2025-12-28;8;1250
17;2025-12-28;9;1690
17;2025-12-28;10;2010
17;2025-12-28;11;2571
17;2025-12-28;12;2926
17;2025-12-28;13;3209
17;2025-12-28;14;3283
17;2025-12-28;15;3158
17;2025-12-28;16;3175
17;2025-12-28;17;3000
17;2025-12-28;18;2648
17;2025-12-28;19;2143
17;2025-12-28;20;1604
17;2025-12-28;21;1144
17;2025-12-28;22;712
17;2025-12-28;23;333
17;2025-12-29;0;105
17;2025-12-29;1;10
17;2025-12-29;2;0
17;2025-12-29;3;0
17;2025-12-29;4;21
17;2025-12-29;5;258
17;2025-12-29;6;1299
17;2025-12-29;7;3587
17;2025-12-29;8;4511
17;2025-12-29;9;3277
17;2025-12-29;10;2590
17;2025-12-29;11;2569
17;2025-12-29;12;2559
17;2025-12-29;13;2610
17;2025-12-29;14;2682
17;2025-12-29;15;2752
17;2025-12-29;16;3090
17;2025-12-29;17;3790
17;2025-12-29;18;3928
17;2025-12-29;19;2805
17;2025-12-29;20;1971
17;2025-12-29;21;1207
17;2025-12-29;22;577
17;2025-12-29;23;318
17;2025-12-30;0;105
17;2025-12-30;1;10
17;2025-12-30;2;0
17;2025-12-30;3;0
17;2025-12-30;4;21
17;2025-12-30;5;265
17;2025-12-30;6;1308
17;2025-12-30;7;3617
17;2025-12-30;8;4550
17;2025-12-30;9;3306
17;2025-12-30;10;2615
17;2025-12-30;11;2594
17;2025-12-30;12;2595
17;2025-12-30;13;2653
17;2025-12-30;14;2735
17;2025-12-30;15;2804
17;2025-12-30;16;3151
17;2025-12-30;17;3859
17;2025-12-30;18;3956
17;2025-12-30;19;2827
17;2025-12-30;20;1989
17;2025-12-30;21;1227
17;2025-12-30;22;597
17;2025-12-30;23;328
17;2025-12-31;0;163
17;2025-12-31;1;22
17;2025-12-31;2;0
17;2025-12-31;3;0
17;2025-12-31;4;3
17;2025-12-31;5;98
17;2025-12-31;6;387
17;2025-12-31;7;761
17;2025-12-31;8;1077
17;2025-12-31;9;1450
17;2025-12-31;10;1721
17;2025-12-31;11;2194
17;2025-12-31;12;2501
17;2025-12-31;13;2736
17;2025-12-31;14;2817
17;2025-12-31;15;2690
17;2025-12-31;16;2706
17;2025-12-31;17;2579
17;2025-12-31;18;2242
17;2025-12-31;19;1809
17;2025-12-31;20;0
17;2025-12-31;21;0
17;2025-12-31;22;0
17;2025-12-31;23;0
25;2025-11-01;0;0
25;2025-11-01;1;0
25;2025-11-01;2;0
25;2025-11-01;3;0
25;2025-11-01;4;0
25;2025-11-01;5;18
25;2025-11-01;6;238
25;2025-11-01;7;475
25;2025-11-01;8;784
25;2025-11-01;9;417
25;2025-11-01;10;331
25;2025-11-01;11;385
25;2025-11-01;12;377
25;2025-11-01;13;475
25;2025-11-01;14;422
25;2025-11-01;15;522
25;2025-11-01;16;628
25;2025-11-01;17;671
25;2025-11-01;18;675
25;2025-11-01;19;525
25;2025-11-01;20;280
25;2025-11-01;21;187
25;2025-11-01;22;80
25;2025-11-01;23;4
25;2025-11-02;0;15
25;2025-11-02;1;0
25;2025-11-02;2;0
25;2025-11-02;3;0
25;2025-11-02;4;0
25;2025-11-02;5;11
25;2025-11-02;6;110
25;2025-11-02;7;107
25;2025-11-02;8;186
25;2025-11-02;9;225
25;2025-11-02;10;221
25;2025-11-02;11;319
25;2025-11-02;12;381
25;2025-11-02;13;495
25;2025-11-02;14;530
25;2025-11-02;15;639
25;2025-11-02;16;528
25;2025-11-02;17;529
25;2025-11-02;18;424
25;2025-11-02;19;314
25;2025-11-02;20;246
25;2025-11-02;21;148
25;2025-11-02;22;96
25;2025-11-02;23;34
25;2025-11-03;0;14
25;2025-11-03;1;0
25;2025-11-03;2;0
25;2025-11-03;3;0
25;2025-11-03;4;0
25;2025-11-03;5;10
25;2025-11-03;6;103
25;2025-11-03;7;96
25;2025-11-03;8;169
25;2025-11-03;9;205
25;2025-11-03;10;200
25;2025-11-03;11;292
25;2025-11-03;12;340
25;2025-11-03;13;446
25;2025-11-03;14;481
25;2025-11-03;15;578
25;2025-11-03;16;465
25;2025-11-03;17;473
25;2025-11-03;18;387
25;2025-11-03;19;296
25;2025-11-03;20;233
25;2025-11-03;21;140
25;2025-11-03;22;90
25;2025-11-03;23;31
25;2025-11-04;0;13
25;2025-11-04;1;0
25;2025-11-04;2;0
25;2025-11-04;3;0
25;2025-11-04;4;0
25;2025-11-04;5;9
25;2025-11-04;6;95
25;2025-11-04;7;89
25;2025-11-04;8;154
25;2025-11-04;9;186
25;2025-11-04;10;182
25;2025-11-04;11;267
25;2025-11-04;12;311
25;2025-11-04;13;409
25;2025-11-04;14;448
25;2025-11-04;15;541
25;2025-11-04;16;440
25;2025-11-04;17;445
25;2025-11-04;18;362
25;2025-11-04;19;276
25;2025-11-04;20;218
25;2025-11-04;21;132
25;2025-11-04;22;85
25;2025-11-04;23;29
25;2025-11-05;0;0
25;2025-11-05;1;0
25;2025-11-05;2;0
25;2025-11-05;3;0
25;2025-11-05;4;0
25;2025-11-05;5;19
25;2025-11-05;6;263
25;2025-11-05;7;518
25;2025-11-05;8;850
25;2025-11-05;9;449
25;2025-11-05;10;352
25;2025-11-05;11;411
25;2025-11-05;12;403
25;2025-11-05;13;509
25;2025-11-05;14;450
25;2025-11-05;15;566
25;2025-11-05;16;670
25;2025-11-05;17;726
25;2025-11-05;18;737
25;2025-11-05;19;588
25;2025-11-05;20;318
25;2025-11-05;21;210
25;2025-11-05;22;91
25;2025-11-05;23;6
25;2025-11-06;0;0
25;2025-11-06;1;0
25;2025-11-06;2;0
25;2025-11-06;3;0
25;2025-11-06;4;0
25;2025-11-06;5;21
25;2025-11-06;6;269
25;2025-11-06;7;530
25;2025-11-06;8;869
25;2025-11-06;9;460
25;2025-11-06;10;362
25;2025-11-06;11;421
25;2025-11-06;12;408
25;2025-11-06;13;514
25;2025-11-06;14;464
25;2025-11-06;15;575
25;2025-11-06;16;682
25;2025-11-06;17;731
25;2025-11-06;18;744
25;2025-11-06;19;595
25;2025-11-06;20;316
25;2025-11-06;21;210
25;2025-11-06;22;91
25;2025-11-06;23;6
25;2025-11-07;0;0
25;2025-11-07;1;0
25;2025-11-07;2;0
25;2025-11-07;3;0
25;2025-11-07;4;0
25;2025-11-07;5;20
25;2025-11-07;6;264
25;2025-11-07;7;526
25;2025-11-07;8;851
25;2025-11-07;9;450
25;2025-11-07;10;354
25;2025-11-07;11;419
25;2025-11-07;12;411
25;2025-11-07;13;516
25;2025-11-07;14;462
25;2025-11-07;15;579
25;2025-11-07;16;690
25;2025-11-07;17;725
25;2025-11-07;18;724
25;2025-11-07;19;581
25;2025-11-07;20;316
25;2025-11-07;21;213
25;2025-11-07;22;93
25;2025-11-07;23;7
25;2025-11-08;0;0
25;2025-11-08;1;0
25;2025-11-08;2;0
25;2025-11-08;3;0
25;2025-11-08;4;0
25;2025-11-08;5;21
25;2025-11-08;6;132
25;2025-11-08;7;132
25;2025-11-08;8;309
25;2025-11-08;9;284
25;2025-11-08;10;284
25;2025-11-08;11;388
25;2025-11-08;12;364
25;2025-11-08;13;600
25;2025-11-08;14;630
25;2025-11-08;15;685
25;2025-11-08;16;599
25;2025-11-08;17;516
25;2025-11-08;18;512
25;2025-11-08;19;445
25;2025-11-08;20;250
25;2025-11-08;21;195
25;2025-11-08;22;114
25;2025-11-08;23;49
25;2025-11-09;0;16
25;2025-11-09;1;0
25;2025-11-09;2;0
25;2025-11-09;3;0
25;2025-11-09;4;0
25;2025-11-09;5;11
25;2025-11-09;6;109
25;2025-11-09;7;103
25;2025-11-09;8;181
25;2025-11-09;9;220
25;2025-11-09;10;216
25;2025-11-09;11;314
25;2025-11-09;12;372
25;2025-11-09;13;489
25;2025-11-09;14;526
25;2025-11-09;15;635
25;2025-11-09;16;513
25;2025-11-09;17;518
25;2025-11-09;18;419
25;2025-11-09;19;316
25;2025-11-09;20;250
25;2025-11-09;21;151
25;2025-11-09;22;98
25;2025-11-09;23;34
25;2025-11-10;0;0
25;2025-11-10;1;0
25;2025-11-10;2;0
25;2025-11-10;3;0
25;2025-11-10;4;0
25;2025-11-10;5;21
25;2025-11-10;6;270
25;2025-11-10;7;533
25;2025-11-10;8;874
25;2025-11-10;9;464
25;2025-11-10;10;361
25;2025-11-10;11;419
25;2025-11-10;12;411
25;2025-11-10;13;525
25;2025-11-10;14;464
25;2025-11-10;15;579
25;2025-11-10;16;684
25;2025-11-10;17;737
25;2025-11-10;18;746
25;2025-11-10;19;598
25;2025-11-10;20;325
25;2025-11-10;21;215
25;2025-11-10;22;92
25;2025-11-10;23;6
25;2025-11-11;0;0
25;2025-11-11;1;0
25;2025-11-11;2;0
25;2025-11-11;3;0
25;2025-11-11;4;0
25;2025-11-11;5;21
25;2025-11-11;6;272
25;2025-11-11;7;536
25;2025-11-11;8;886
25;2025-11-11;9;465
25;2025-11-11;10;365
25;2025-11-11;11;427
25;2025-11-11;12;416
25;2025-11-11;13;523
25;2025-11-11;14;470
25;2025-11-11;15;586
25;2025-11-11;16;699
25;2025-11-11;17;747
25;2025-11-11;18;759
25;2025-11-11;19;602
25;2025-11-11;20;328
25;2025-11-11;21;216
25;2025-11-11;22;94
25;2025-11-11;23;7
25;2025-11-12;0;0
25;2025-11-12;1;0
25;2025-11-12;2;0
25;2025-11-12;3;0
25;2025-11-12;4;0
25;2025-11-12;5;21
25;2025-11-12;6;270
25;2025-11-12;7;533
25;2025-11-12;8;875
25;2025-11-12;9;463
25;2025-11-12;10;364
25;2025-11-12;11;424
25;2025-11-12;12;415
25;2025-11-12;13;521
25;2025-11-12;14;459
25;2025-11-12;15;578
25;2025-11-12;16;687
25;2025-11-12;17;744
25;2025-11-12;18;755
25;2025-11-12;19;602
25;2025-11-12;20;325
25;2025-11-12;21;216
25;2025-11-12;22;93
25;2025-11-12;23;6
25;2025-11-13;0;0
25;2025-11-13;1;0
25;2025-11-13;2;0
25;2025-11-13;3;0
25;2025-11-13;4;0
25;2025-11-13;5;21
25;2025-11-13;6;272
25;2025-11-13;7;536
25;2025-11-13;8;878
25;2025-11-13;9;466
25;2025-11-13;10;368
25;2025-11-13;11;430
25;2025-11-13;12;418
25;2025-11-13;13;525
25;2025-11-13;14;471
25;2025-11-13;15;589
25;2025-11-13;16;696
25;2025-11-13;17;746
25;2025-11-13;18;759
25;2025-11-13;19;604
25;2025-11-13;20;325
25;2025-11-13;21;215
25;2025-11-13;22;94
25;2025-11-13;23;6
25;2025-11-14;0;0
25;2025-11-14;1;0
25;2025-11-14;2;0
25;2025-11-14;3;0
25;2025-11-14;4;0
25;2025-11-14;5;21
25;2025-11-14;6;269
25;2025-11-14;7;535
25;2025-11-14;8;866
25;2025-11-14;9;459
25;2025-11-14;10;362
25;2025-11-14;11;428
25;2025-11-14;12;418
25;2025-11-14;13;526
25;2025-11-14;14;470
25;2025-11-14;15;588
25;2025-11-14;16;703
25;2025-11-14;17;737
25;2025-11-14;18;737
25;2025-11-14;19;591
25;2025-11-14;20;322
25;2025-11-14;21;215
25;2025-11-14;22;94
25;2025-11-14;23;6
25;2025-11-15;0;0
25;2025-11-15;1;0
25;2025-11-15;2;0
25;2025-11-15;3;0
25;2025-11-15;4;0
25;2025-11-15;5;19
25;2025-11-15;6;129
25;2025-11-15;7;130
25;2025-11-15;8;300
25;2025-11-15;9;276
25;2025-11-15;10;273
25;2025-11-15;11;372
25;2025-11-15;12;349
25;2025-11-15;13;576
25;2025-11-15;14;607
25;2025-11-15;15;663
25;2025-11-15;16;585
25;2025-11-15;17;500
25;2025-11-15;18;499
25;2025-11-15;19;433
25;2025-11-15;20;244
25;2025-11-15;21;190
25;2025-11-15;22;111
25;2025-11-15;23;47
25;2025-11-16;0;15
25;2025-11-16;1;0
25;2025-11-16;2;0
25;2025-11-16;3;0
25;2025-11-16;4;0
25;2025-11-16;5;10
25;2025-11-16;6;109
25;2025-11-16;7;104
25;2025-11-16;8;183
25;2025-11-16;9;221
25;2025-11-16;10;217
25;2025-11-16;11;316
25;2025-11-16;12;375
25;2025-11-16;13;495
25;2025-11-16;14;530
25;2025-11-16;15;641
25;2025-11-16;16;519
25;2025-11-16;17;522
25;2025-11-16;18;421
25;2025-11-16;19;317
25;2025-11-16;20;252
25;2025-11-16;21;153
25;2025-11-16;22;98
25;2025-11-16;23;35
25;2025-11-17;0;0
25;2025-11-17;1;0
25;2025-11-17;2;0
25;2025-11-17;3;0
25;2025-11-17;4;0
25;2025-11-17;5;20
25;2025-11-17;6;271
25;2025-11-17;7;535
25;2025-11-17;8;873
25;2025-11-17;9;465
25;2025-11-17;10;360
25;2025-11-17;11;417
25;2025-11-17;12;407
25;2025-11-17;13;518
25;2025-11-17;14;456
25;2025-11-17;15;572
25;2025-11-17;16;677
25;2025-11-17;17;732
25;2025-11-17;18;743
25;2025-11-17;19;595
25;2025-11-17;20;324
25;2025-11-17;21;214
25;2025-11-17;22;91
25;2025-11-17;23;6
25;2025-11-18;0;0
25;2025-11-18;1;0
25;2025-11-18;2;0
25;2025-11-18;3;0
25;2025-11-18;4;0
25;2025-11-18;5;20
25;2025-11-18;6;263
25;2025-11-18;7;521
25;2025-11-18;8;862
25;2025-11-18;9;451
25;2025-11-18;10;351
25;2025-11-18;11;409
25;2025-11-18;12;400
25;2025-11-18;13;501
25;2025-11-18;14;449
25;2025-11-18;15;565
25;2025-11-18;16;674
25;2025-11-18;17;725
25;2025-11-18;18;736
25;2025-11-18;19;584
25;2025-11-18;20;317
25;2025-11-18;21;209
25;2025-11-18;22;89
25;2025-11-18;23;5
25;2025-11-19;0;0
25;2025-11-19;1;0
25;2025-11-19;2;0
25;2025-11-19;3;0
25;2025-11-19;4;0
25;2025-11-19;5;21
25;2025-11-19;6;271
25;2025-11-19;7;535
25;2025-11-19;8;879
25;2025-11-19;9;465
25;2025-11-19;10;366
25;2025-11-19;11;428
25;2025-11-19;12;421
25;2025-11-19;13;530
25;2025-11-19;14;466
25;2025-11-19;15;585
25;2025-11-19;16;695
25;2025-11-19;17;751
25;2025-11-19;18;762
25;2025-11-19;19;607
25;2025-11-19;20;328
25;2025-11-19;21;218
25;2025-11-19;22;95
25;2025-11-19;23;6
25;2025-11-20;0;0
25;2025-11-20;1;0
25;2025-11-20;2;0
25;2025-11-20;3;0
25;2025-11-20;4;0
25;2025-11-20;5;22
25;2025-11-20;6;273
25;2025-11-20;7;538
25;2025-11-20;8;881
25;2025-11-20;9;467
25;2025-11-20;10;369
25;2025-11-20;11;431
25;2025-11-20;12;419
25;2025-11-20;13;528
25;2025-11-20;14;474
25;2025-11-20;15;590
25;2025-11-20;16;699
25;2025-11-20;17;748
25;2025-11-20;18;761
25;2025-11-20;19;606
25;2025-11-20;20;325
25;2025-11-20;21;216
25;2025-11-20;22;95
25;2025-11-20;23;6
25;2025-11-21;0;0
25;2025-11-21;1;0
25;2025-11-21;2;0
25;2025-11-21;3;0
25;2025-11-21;4;0
25;2025-11-21;5;21
25;2025-11-21;6;269
25;2025-11-21;7;536
25;2025-11-21;8;869
25;2025-11-21;9;461
25;2025-11-21;10;364
25;2025-11-21;11;430
25;2025-11-21;12;419
25;2025-11-21;13;527
25;2025-11-21;14;471
25;2025-11-21;15;591
25;2025-11-21;16;704
25;2025-11-21;17;739
25;2025-11-21;18;739
25;2025-11-21;19;593
25;2025-11-21;20;323
25;2025-11-21;21;218
25;2025-11-21;22;94
25;2025-11-21;23;7
25;2025-11-22;0;0
25;2025-11-22;1;0
25;2025-11-22;2;0
25;2025-11-22;3;0
25;2025-11-22;4;0
25;2025-11-22;5;21
25;2025-11-22;6;132
25;2025-11-22;7;132
25;2025-11-22;8;306
25;2025-11-22;9;281
25;2025-11-22;10;280
25;2025-11-22;11;382
25;2025-11-22;12;363
25;2025-11-22;13;595
25;2025-11-22;14;625
25;2025-11-22;15;682
25;2025-11-22;16;598
25;2025-11-22;17;514
25;2025-11-22;18;512
25;2025-11-22;19;445
25;2025-11-22;20;249
25;2025-11-22;21;193
25;2025-11-22;22;112
25;2025-11-22;23;47
25;2025-11-23;0;15
25;2025-11-23;1;0
25;2025-11-23;2;0
25;2025-11-23;3;0
25;2025-11-23;4;0
25;2025-11-23;5;9
25;2025-11-23;6;108
25;2025-11-23;7;104
25;2025-11-23;8;182
25;2025-11-23;9;221
25;2025-11-23;10;216
25;2025-11-23;11;316
25;2025-11-23;12;374
25;2025-11-23;13;492
25;2025-11-23;14;528
25;2025-11-23;15;637
25;2025-11-23;16;515
25;2025-11-23;17;519
25;2025-11-23;18;419
25;2025-11-23;19;315
25;2025-11-23;20;250
25;2025-11-23;21;152
25;2025-11-23;22;98
25;2025-11-23;23;34
25;2025-11-24;0;0
25;2025-11-24;1;0
25;2025-11-24;2;0
25;2025-11-24;3;0
25;2025-11-24;4;0
25;2025-11-24;5;19
25;2025-11-24;6;263
25;2025-11-24;7;519
25;2025-11-24;8;852
25;2025-11-24;9;453
25;2025-11-24;10;350
25;2025-11-24;11;405
25;2025-11-24;12;397
25;2025-11-24;13;507
25;2025-11-24;14;448
25;2025-11-24;15;562
25;2025-11-24;16;662
25;2025-11-24;17;718
25;2025-11-24;18;728
25;2025-11-24;19;584
25;2025-11-24;20;318
25;2025-11-24;21;209
25;2025-11-24;22;88
25;2025-11-24;23;5
25;2025-11-25;0;0
25;2025-11-25;1;0
25;2025-11-25;2;0
25;2025-11-25;3;0
25;2025-11-25;4;0
25;2025-11-25;5;20
25;2025-11-25;6;271
25;2025-11-25;7;536
25;2025-11-25;8;886
25;2025-11-25;9;464
25;2025-11-25;10;365
25;2025-11-25;11;427
25;2025-11-25;12;416
25;2025-11-25;13;523
25;2025-11-25;14;470
25;2025-11-25;15;586
25;2025-11-25;16;700
25;2025-11-25;17;746
25;2025-11-25;18;759
25;2025-11-25;19;601
25;2025-11-25;20;327
25;2025-11-25;21;217
25;2025-11-25;22;93
25;2025-11-25;23;6
25;2025-11-26;0;0
25;2025-11-26;1;0
25;2025-11-26;2;0
25;2025-11-26;3;0
25;2025-11-26;4;0
25;2025-11-26;5;21
25;2025-11-26;6;271
25;2025-11-26;7;534
25;2025-11-26;8;877
25;2025-11-26;9;464
25;2025-11-26;10;364
25;2025-11-26;11;424
25;2025-11-26;12;417
25;2025-11-26;13;523
25;2025-11-26;14;462
25;2025-11-26;15;582
25;2025-11-26;16;688
25;2025-11-26;17;744
25;2025-11-26;18;757
25;2025-11-26;19;602
25;2025-11-26;20;325
25;2025-11-26;21;216
25;2025-11-26;22;93
25;2025-11-26;23;6
25;2025-11-27;0;0
25;2025-11-27;1;0
25;2025-11-27;2;0
25;2025-11-27;3;0
25;2025-11-27;4;0
25;2025-11-27;5;22
25;2025-11-27;6;275
25;2025-11-27;7;541
25;2025-11-27;8;888
25;2025-11-27;9;471
25;2025-11-27;10;372
25;2025-11-27;11;433
25;2025-11-27;12;419
25;2025-11-27;13;526
25;2025-11-27;14;471
25;2025-11-27;15;590
25;2025-11-27;16;697
25;2025-11-27;17;749
25;2025-11-27;18;759
25;2025-11-27;19;603
25;2025-11-27;20;323
25;2025-11-27;21;215
25;2025-11-27;22;92
25;2025-11-27;23;6
25;2025-11-28;0;0
25;2025-11-28;1;0
25;2025-11-28;2;0
25;2025-11-28;3;0
25;2025-11-28;4;0
25;2025-11-28;5;21
25;2025-11-28;6;268
25;2025-11-28;7;533
25;2025-11-28;8;866
25;2025-11-28;9;461
25;2025-11-28;10;363
25;2025-11-28;11;429
25;2025-11-28;12;418
25;2025-11-28;13;526
25;2025-11-28;14;471
25;2025-11-28;15;590
25;2025-11-28;16;703
25;2025-11-28;17;739
25;2025-11-28;18;740
25;2025-11-28;19;594
25;2025-11-28;20;323
25;2025-11-28;21;217
25;2025-11-28;22;94
25;2025-11-28;23;6
25;2025-11-29;0;0
25;2025-11-29;1;0
25;2025-11-29;2;0
25;2025-11-29;3;0
25;2025-11-29;4;0
25;2025-11-29;5;21
25;2025-11-29;6;136
25;2025-11-29;7;136
25;2025-11-29;8;317
25;2025-11-29;9;291
25;2025-11-29;10;291
25;2025-11-29;11;397
25;2025-11-29;12;375
25;2025-11-29;13;614
25;2025-11-29;14;642
25;2025-11-29;15;699
25;2025-11-29;16;613
25;2025-11-29;17;528
25;2025-11-29;18;525
25;2025-11-29;19;456
25;2025-11-29;20;255
25;2025-11-29;21;200
25;2025-11-29;22;116
25;2025-11-29;23;50
25;2025-11-30;0;16
25;2025-11-30;1;0
25;2025-11-30;2;0
25;2025-11-30;3;0
25;2025-11-30;4;0
25;2025-11-30;5;11
25;2025-11-30;6;110
25;2025-11-30;7;104
25;2025-11-30;8;183
25;2025-11-30;9;222
25;2025-11-30;10;218
25;2025-11-30;11;319
25;2025-11-30;12;377
25;2025-11-30;13;496
25;2025-11-30;14;533
25;2025-11-30;15;641
25;2025-11-30;16;519
25;2025-11-30;17;523
25;2025-11-30;18;422
25;2025-11-30;19;319
25;2025-11-30;20;253
25;2025-11-30;21;152
25;2025-11-30;22;98
25;2025-11-30;23;35
25;2025-12-01;0;0
25;2025-12-01;1;0
25;2025-12-01;2;0
25;2025-12-01;3;0
25;2025-12-01;4;0
25;2025-12-01;5;21
25;2025-12-01;6;284
25;2025-12-01;7;560
25;2025-12-01;8;920
25;2025-12-01;9;491
25;2025-12-01;10;381
25;2025-12-01;11;443
25;2025-12-01;12;431
25;2025-12-01;13;556
25;2025-12-01;14;491
25;2025-12-01;15;609
25;2025-12-01;16;716
25;2025-12-01;17;776
25;2025-12-01;18;787
25;2025-12-01;19;629
25;2025-12-01;20;343
25;2025-12-01;21;230
25;2025-12-01;22;97
25;2025-12-01;23;7
25;2025-12-02;0;0
25;2025-12-02;1;0
25;2025-12-02;2;0
25;2025-12-02;3;0
25;2025-12-02;4;0
25;2025-12-02;5;23
25;2025-12-02;6;285
25;2025-12-02;7;561
25;2025-12-02;8;931
25;2025-12-02;9;488
25;2025-12-02;10;386
25;2025-12-02;11;453
25;2025-12-02;12;437
25;2025-12-02;13;549
25;2025-12-02;14;496
25;2025-12-02;15;614
25;2025-12-02;16;732
25;2025-12-02;17;781
25;2025-12-02;18;799
25;2025-12-02;19;629
25;2025-12-02;20;343
25;2025-12-02;21;231
25;2025-12-02;22;99
25;2025-12-02;23;7
25;2025-12-03;0;0
25;2025-12-03;1;0
25;2025-12-03;2;0
25;2025-12-03;3;0
25;2025-12-03;4;0
25;2025-12-03;5;23
25;2025-12-03;6;286
25;2025-12-03;7;564
25;2025-12-03;8;925
25;2025-12-03;9;492
25;2025-12-03;10;390
25;2025-12-03;11;458
25;2025-12-03;12;447
25;2025-12-03;13;561
25;2025-12-03;14;492
25;2025-12-03;15;614
25;2025-12-03;16;728
25;2025-12-03;17;793
25;2025-12-03;18;806
25;2025-12-03;19;639
25;2025-12-03;20;345
25;2025-12-03;21;234
25;2025-12-03;22;101
25;2025-12-03;23;7
25;2025-12-04;0;0
25;2025-12-04;1;0
25;2025-12-04;2;0
25;2025-12-04;3;0
25;2025-12-04;4;0
25;2025-12-04;5;24
25;2025-12-04;6;288
25;2025-12-04;7;566
25;2025-12-04;8;929
25;2025-12-04;9;494
25;2025-12-04;10;393
25;2025-12-04;11;462
25;2025-12-04;12;445
25;2025-12-04;13;559
25;2025-12-04;14;504
25;2025-12-04;15;625
25;2025-12-04;16;734
25;2025-12-04;17;787
25;2025-12-04;18;805
25;2025-12-04;19;639
25;2025-12-04;20;341
25;2025-12-04;21;232
25;2025-12-04;22;100
25;2025-12-04;23;7
25;2025-12-05;0;0
25;2025-12-05;1;0
25;2025-12-05;2;0
25;2025-12-05;3;0
25;2025-12-05;4;0
25;2025-12-05;5;21
25;2025-12-05;6;285
25;2025-12-05;7;569
25;2025-12-05;8;915
25;2025-12-05;9;489
25;2025-12-05;10;386
25;2025-12-05;11;463
25;2025-12-05;12;448
25;2025-12-05;13;564
25;2025-12-05;14;505
25;2025-12-05;15;628
25;2025-12-05;16;748
25;2025-12-05;17;779
25;2025-12-05;18;778
25;2025-12-05;19;624
25;2025-12-05;20;340
25;2025-12-05;21;235
25;2025-12-05;22;102
25;2025-12-05;23;8
25;2025-12-06;0;0
25;2025-12-06;1;0
25;2025-12-06;2;0
25;2025-12-06;3;0
25;2025-12-06;4;0
25;2025-12-06;5;24
25;2025-12-06;6;141
25;2025-12-06;7;142
25;2025-12-06;8;332
25;2025-12-06;9;305
25;2025-12-06;10;304
25;2025-12-06;11;414
25;2025-12-06;12;393
25;2025-12-06;13;640
25;2025-12-06;14;664
25;2025-12-06;15;727
25;2025-12-06;16;641
25;2025-12-06;17;552
25;2025-12-06;18;546
25;2025-12-06;19;475
25;2025-12-06;20;269
25;2025-12-06;21;209
25;2025-12-06;22;121
25;2025-12-06;23;52
25;2025-12-07;0;18
25;2025-12-07;1;0
25;2025-12-07;2;0
25;2025-12-07;3;0
25;2025-12-07;4;0
25;2025-12-07;5;11
25;2025-12-07;6;115
25;2025-12-07;7;110
25;2025-12-07;8;195
25;2025-12-07;9;234
25;2025-12-07;10;229
25;2025-12-07;11;332
25;2025-12-07;12;394
25;2025-12-07;13;516
25;2025-12-07;14;558
25;2025-12-07;15;663
25;2025-12-07;16;544
25;2025-12-07;17;547
25;2025-12-07;18;446
25;2025-12-07;19;334
25;2025-12-07;20;265
25;2025-12-07;21;160
25;2025-12-07;22;104
25;2025-12-07;23;36
25;2025-12-08;0;0
25;2025-12-08;1;0
25;2025-12-08;2;0
25;2025-12-08;3;0
25;2025-12-08;4;0
25;2025-12-08;5;23
25;2025-12-08;6;285
25;2025-12-08;7;561
25;2025-12-08;8;920
25;2025-12-08;9;492
25;2025-12-08;10;382
25;2025-12-08;11;445
25;2025-12-08;12;433
25;2025-12-08;13;557
25;2025-12-08;14;493
25;2025-12-08;15;610
25;2025-12-08;16;717
25;2025-12-08;17;777
25;2025-12-08;18;787
25;2025-12-08;19;630
25;2025-12-08;20;344
25;2025-12-08;21;231
25;2025-12-08;22;98
25;2025-12-08;23;7
25;2025-12-09;0;0
25;2025-12-09;1;0
25;2025-12-09;2;0
25;2025-12-09;3;0
25;2025-12-09;4;0
25;2025-12-09;5;23
25;2025-12-09;6;285
25;2025-12-09;7;558
25;2025-12-09;8;932
25;2025-12-09;9;489
25;2025-12-09;10;387
25;2025-12-09;11;452
25;2025-12-09;12;437
25;2025-12-09;13;548
25;2025-12-09;14;495
25;2025-12-09;15;615
25;2025-12-09;16;733
25;2025-12-09;17;778
25;2025-12-09;18;796
25;2025-12-09;19;629
25;2025-12-09;20;342
25;2025-12-09;21;230
25;2025-12-09;22;98
25;2025-12-09;23;7
25;2025-12-10;0;0
25;2025-12-10;1;0
25;2025-12-10;2;0
25;2025-12-10;3;0
25;2025-12-10;4;0
25;2025-12-10;5;21
25;2025-12-10;6;283
25;2025-12-10;7;560
25;2025-12-10;8;922
25;2025-12-10;9;488
25;2025-12-10;10;387
25;2025-12-10;11;456
25;2025-12-10;12;445
25;2025-12-10;13;559
25;2025-12-10;14;490
25;2025-12-10;15;613
25;2025-12-10;16;725
25;2025-12-10;17;789
25;2025-12-10;18;803
25;2025-12-10;19;636
25;2025-12-10;20;343
25;2025-12-10;21;233
25;2025-12-10;22;100
25;2025-12-10;23;7
25;2025-12-11;0;0
25;2025-12-11;1;0
25;2025-12-11;2;0
25;2025-12-11;3;0
25;2025-12-11;4;0
25;2025-12-11;5;24
25;2025-12-11;6;286
25;2025-12-11;7;559
25;2025-12-11;8;916
25;2025-12-11;9;486
25;2025-12-11;10;386
25;2025-12-11;11;455
25;2025-12-11;12;436
25;2025-12-11;13;548
25;2025-12-11;14;497
25;2025-12-11;15;619
25;2025-12-11;16;726
25;2025-12-11;17;778
25;2025-12-11;18;791
25;2025-12-11;19;623
25;2025-12-11;20;334
25;2025-12-11;21;226
25;2025-12-11;22;98
25;2025-12-11;23;7
25;2025-12-12;0;0
25;2025-12-12;1;0
25;2025-12-12;2;0
25;2025-12-12;3;0
25;2025-12-12;4;0
25;2025-12-12;5;23
25;2025-12-12;6;280
25;2025-12-12;7;560
25;2025-12-12;8;902
25;2025-12-12;9;483
25;2025-12-12;10;381
25;2025-12-12;11;458
25;2025-12-12;12;439
25;2025-12-12;13;550
25;2025-12-12;14;491
25;2025-12-12;15;608
25;2025-12-12;16;726
25;2025-12-12;17;756
25;2025-12-12;18;757
25;2025-12-12;19;609
25;2025-12-12;20;332
25;2025-12-12;21;228
25;2025-12-12;22;99
25;2025-12-12;23;7
25;2025-12-13;0;0
25;2025-12-13;1;0
25;2025-12-13;2;0
25;2025-12-13;3;0
25;2025-12-13;4;0
25;2025-12-13;5;23
25;2025-12-13;6;139
25;2025-12-13;7;138
25;2025-12-13;8;326
25;2025-12-13;9;300
25;2025-12-13;10;301
25;2025-12-13;11;410
25;2025-12-13;12;389
25;2025-12-13;13;613
25;2025-12-13;14;532
25;2025-12-13;15;719
25;2025-12-13;16;635
25;2025-12-13;17;546
25;2025-12-13;18;541
25;2025-12-13;19;470
25;2025-12-13;20;263
25;2025-12-13;21;205
25;2025-12-13;22;119
25;2025-12-13;23;51
25;2025-12-14;0;16
25;2025-12-14;1;0
25;2025-12-14;2;0
25;2025-12-14;3;0
25;2025-12-14;4;0
25;2025-12-14;5;12
25;2025-12-14;6;115
25;2025-12-14;7;109
25;2025-12-14;8;192
25;2025-12-14;9;231
25;2025-12-14;10;225
25;2025-12-14;11;329
25;2025-12-14;12;389
25;2025-12-14;13;510
25;2025-12-14;14;552
25;2025-12-14;15;656
25;2025-12-14;16;540
25;2025-12-14;17;544
25;2025-12-14;18;442
25;2025-12-14;19;331
25;2025-12-14;20;263
25;2025-12-14;21;156
25;2025-12-14;22;102
25;2025-12-14;23;36
25;2025-12-15;0;0
25;2025-12-15;1;0
25;2025-12-15;2;0
25;2025-12-15;3;0
25;2025-12-15;4;0
25;2025-12-15;5;21
25;2025-12-15;6;284
25;2025-12-15;7;561
25;2025-12-15;8;920
25;2025-12-15;9;492
25;2025-12-15;10;383
25;2025-12-15;11;444
25;2025-12-15;12;432
25;2025-12-15;13;556
25;2025-12-15;14;491
25;2025-12-15;15;609
25;2025-12-15;16;716
25;2025-12-15;17;775
25;2025-12-15;18;785
25;2025-12-15;19;628
25;2025-12-15;20;342
25;2025-12-15;21;230
25;2025-12-15;22;97
25;2025-12-15;23;7
25;2025-12-16;0;0
25;2025-12-16;1;0
25;2025-12-16;2;0
25;2025-12-16;3;0
25;2025-12-16;4;0
25;2025-12-16;5;24
25;2025-12-16;6;291
25;2025-12-16;7;572
25;2025-12-16;8;949
25;2025-12-16;9;499
25;2025-12-16;10;395
25;2025-12-16;11;461
25;2025-12-16;12;444
25;2025-12-16;13;554
25;2025-12-16;14;500
25;2025-12-16;15;621
25;2025-12-16;16;743
25;2025-12-16;17;794
25;2025-12-16;18;811
25;2025-12-16;19;639
25;2025-12-16;20;349
25;2025-12-16;21;234
25;2025-12-16;22;100
25;2025-12-16;23;7
25;2025-12-17;0;0
25;2025-12-17;1;0
25;2025-12-17;2;0
25;2025-12-17;3;0
25;2025-12-17;4;0
25;2025-12-17;5;23
25;2025-12-17;6;286
25;2025-12-17;7;563
25;2025-12-17;8;928
25;2025-12-17;9;494
25;2025-12-17;10;391
25;2025-12-17;11;459
25;2025-12-17;12;447
25;2025-12-17;13;562
25;2025-12-17;14;494
25;2025-12-17;15;617
25;2025-12-17;16;731
25;2025-12-17;17;796
25;2025-12-17;18;809
25;2025-12-17;19;641
25;2025-12-17;20;346
25;2025-12-17;21;235
25;2025-12-17;22;102
25;2025-12-17;23;8
25;2025-12-18;0;0
25;2025-12-18;1;0
25;2025-12-18;2;0
25;2025-12-18;3;0
25;2025-12-18;4;0
25;2025-12-18;5;24
25;2025-12-18;6;286
25;2025-12-18;7;561
25;2025-12-18;8;923
25;2025-12-18;9;492
25;2025-12-18;10;391
25;2025-12-18;11;458
25;2025-12-18;12;441
25;2025-12-18;13;556
25;2025-12-18;14;502
25;2025-12-18;15;620
25;2025-12-18;16;731
25;2025-12-18;17;783
25;2025-12-18;18;800
25;2025-12-18;19;635
25;2025-12-18;20;339
25;2025-12-18;21;230
25;2025-12-18;22;100
25;2025-12-18;23;7
25;2025-12-19;0;0
25;2025-12-19;1;0
25;2025-12-19;2;0
25;2025-12-19;3;0
25;2025-12-19;4;0
25;2025-12-19;5;23
25;2025-12-19;6;283
25;2025-12-19;7;566
25;2025-12-19;8;912
25;2025-12-19;9;488
25;2025-12-19;10;386
25;2025-12-19;11;462
25;2025-12-19;12;447
25;2025-12-19;13;562
25;2025-12-19;14;504
25;2025-12-19;15;626
25;2025-12-19;16;747
25;2025-12-19;17;776
25;2025-12-19;18;773
25;2025-12-19;19;620
25;2025-12-19;20;337
25;2025-12-19;21;233
25;2025-12-19;22;102
25;2025-12-19;23;8
25;2025-12-20;0;0
25;2025-12-20;1;0
25;2025-12-20;2;0
25;2025-12-20;3;0
25;2025-12-20;4;0
25;2025-12-20;5;24
25;2025-12-20;6;141
25;2025-12-20;7;141
25;2025-12-20;8;332
25;2025-12-20;9;305
25;2025-12-20;10;303
25;2025-12-20;11;414
25;2025-12-20;12;394
25;2025-12-20;13;637
25;2025-12-20;14;660
25;2025-12-20;15;724
25;2025-12-20;16;638
25;2025-12-20;17;551
25;2025-12-20;18;546
25;2025-12-20;19;474
25;2025-12-20;20;268
25;2025-12-20;21;209
25;2025-12-20;22;122
25;2025-12-20;23;51
25;2025-12-21;0;18
25;2025-12-21;1;0
25;2025-12-21;2;0
25;2025-12-21;3;0
25;2025-12-21;4;0
25;2025-12-21;5;12
25;2025-12-21;6;114
25;2025-12-21;7;108
25;2025-12-21;8;190
25;2025-12-21;9;230
25;2025-12-21;10;227
25;2025-12-21;11;329
25;2025-12-21;12;390
25;2025-12-21;13;511
25;2025-12-21;14;552
25;2025-12-21;15;658
25;2025-12-21;16;537
25;2025-12-21;17;541
25;2025-12-21;18;441
25;2025-12-21;19;330
25;2025-12-21;20;263
25;2025-12-21;21;157
25;2025-12-21;22;102
25;2025-12-21;23;35
25;2025-12-22;0;0
25;2025-12-22;1;0
25;2025-12-22;2;0
25;2025-12-22;3;0
25;2025-12-22;4;0
25;2025-12-22;5;23
25;2025-12-22;6;282
25;2025-12-22;7;556
25;2025-12-22;8;912
25;2025-12-22;9;487
25;2025-12-22;10;377
25;2025-12-22;11;438
25;2025-12-22;12;426
25;2025-12-22;13;549
25;2025-12-22;14;484
25;2025-12-22;15;601
25;2025-12-22;16;706
25;2025-12-22;17;765
25;2025-12-22;18;774
25;2025-12-22;19;620
25;2025-12-22;20;338
25;2025-12-22;21;226
25;2025-12-22;22;95
25;2025-12-22;23;6
25;2025-12-23;0;0
25;2025-12-23;1;0
25;2025-12-23;2;0
25;2025-12-23;3;0
25;2025-12-23;4;0
25;2025-12-23;5;20
25;2025-12-23;6;282
25;2025-12-23;7;556
25;2025-12-23;8;926
25;2025-12-23;9;486
25;2025-12-23;10;386
25;2025-12-23;11;452
25;2025-12-23;12;437
25;2025-12-23;13;548
25;2025-12-23;14;495
25;2025-12-23;15;614
25;2025-12-23;16;732
25;2025-12-23;17;781
25;2025-12-23;18;796
25;2025-12-23;19;627
25;2025-12-23;20;343
25;2025-12-23;21;229
25;2025-12-23;22;98
25;2025-12-23;23;7
25;2025-12-24;0;0
25;2025-12-24;1;0
25;2025-12-24;2;0
25;2025-12-24;3;0
25;2025-12-24;4;0
25;2025-12-24;5;22
25;2025-12-24;6;290
25;2025-12-24;7;571
25;2025-12-24;8;939
25;2025-12-24;9;501
25;2025-12-24;10;398
25;2025-12-24;11;467
25;2025-12-24;12;454
25;2025-12-24;13;567
25;2025-12-24;14;496
25;2025-12-24;15;620
25;2025-12-24;16;738
25;2025-12-24;17;803
25;2025-12-24;18;815
25;2025-12-24;19;645
25;2025-12-24;20;348
25;2025-12-24;21;235
25;2025-12-24;22;100
25;2025-12-24;23;7
25;2025-12-25;0;0
25;2025-12-25;1;0
25;2025-12-25;2;0
25;2025-12-25;3;0
25;2025-12-25;4;0
25;2025-12-25;5;24
25;2025-12-25;6;286
25;2025-12-25;7;561
25;2025-12-25;8;921
25;2025-12-25;9;492
25;2025-12-25;10;392
25;2025-12-25;11;460
25;2025-12-25;12;442
25;2025-12-25;13;556
25;2025-12-25;14;501
25;2025-12-25;15;621
25;2025-12-25;16;731
25;2025-12-25;17;778
25;2025-12-25;18;789
25;2025-12-25;19;623
25;2025-12-25;20;332
25;2025-12-25;21;225
25;2025-12-25;22;97
25;2025-12-25;23;7
25;2025-12-26;0;0
25;2025-12-26;1;0
25;2025-12-26;2;0
25;2025-12-26;3;0
25;2025-12-26;4;0
25;2025-12-26;5;22
25;2025-12-26;6;273
25;2025-12-26;7;543
25;2025-12-26;8;878
25;2025-12-26;9;469
25;2025-12-26;10;370
25;2025-12-26;11;440
25;2025-12-26;12;423
25;2025-12-26;13;534
25;2025-12-26;14;480
25;2025-12-26;15;601
25;2025-12-26;16;720
25;2025-12-26;17;747
25;2025-12-26;18;744
25;2025-12-26;19;594
25;2025-12-26;20;323
25;2025-12-26;21;222
25;2025-12-26;22;97
25;2025-12-26;23;8
25;2025-12-27;0;0
25;2025-12-27;1;0
25;2025-12-27;2;0
25;2025-12-27;3;0
25;2025-12-27;4;0
25;2025-12-27;5;22
25;2025-12-27;6;140
25;2025-12-27;7;138
25;2025-12-27;8;327
25;2025-12-27;9;299
25;2025-12-27;10;298
25;2025-12-27;11;405
25;2025-12-27;12;389
25;2025-12-27;13;631
25;2025-12-27;14;654
25;2025-12-27;15;717
25;2025-12-27;16;633
25;2025-12-27;17;545
25;2025-12-27;18;540
25;2025-12-27;19;468
25;2025-12-27;20;264
25;2025-12-27;21;204
25;2025-12-27;22;119
25;2025-12-27;23;50
25;2025-12-28;0;17
25;2025-12-28;1;0
25;2025-12-28;2;0
25;2025-12-28;3;0
25;2025-12-28;4;0
25;2025-12-28;5;12
25;2025-12-28;6;113
25;2025-12-28;7;107
25;2025-12-28;8;189
25;2025-12-28;9;226
25;2025-12-28;10;221
25;2025-12-28;11;321
25;2025-12-28;12;382
25;2025-12-28;13;500
25;2025-12-28;14;544
25;2025-12-28;15;649
25;2025-12-28;16;530
25;2025-12-28;17;534
25;2025-12-28;18;438
25;2025-12-28;19;327
25;2025-12-28;20;257
25;2025-12-28;21;154
25;2025-12-28;22;99
25;2025-12-28;23;34
25;2025-12-29;0;0
25;2025-12-29;1;0
25;2025-12-29;2;0
25;2025-12-29;3;0
25;2025-12-29;4;0
25;2025-12-29;5;19
25;2025-12-29;6;238
25;2025-12-29;7;468
25;2025-12-29;8;767
25;2025-12-29;9;409
25;2025-12-29;10;319
25;2025-12-29;11;371
25;2025-12-29;12;362
25;2025-12-29;13;465
25;2025-12-29;14;410
25;2025-12-29;15;509
25;2025-12-29;16;600
25;2025-12-29;17;649
25;2025-12-29;18;653
25;2025-12-29;19;519
25;2025-12-29;20;282
25;2025-12-29;21;189
25;2025-12-29;22;78
25;2025-12-29;23;6
25;2025-12-30;0;0
25;2025-12-30;1;0
25;2025-12-30;2;0
25;2025-12-30;3;0
25;2025-12-30;4;0
25;2025-12-30;5;19
25;2025-12-30;6;237
25;2025-12-30;7;467
25;2025-12-30;8;778
25;2025-12-30;9;408
25;2025-12-30;10;321
25;2025-12-30;11;375
25;2025-12-30;12;364
25;2025-12-30;13;458
25;2025-12-30;14;413
25;2025-12-30;15;513
25;2025-12-30;16;618
25;2025-12-30;17;654
25;2025-12-30;18;657
25;2025-12-30;19;516
25;2025-12-30;20;282
25;2025-12-30;21;189
25;2025-12-30;22;80
25;2025-12-30;23;6
25;2025-12-31;0;14
25;2025-12-31;1;0
25;2025-12-31;2;0
25;2025-12-31;3;0
25;2025-12-31;4;0
25;2025-12-31;5;10
25;2025-12-31;6;97
25;2025-12-31;7;93
25;2025-12-31;8;162
25;2025-12-31;9;194
25;2025-12-31;10;189
25;2025-12-31;11;272
25;2025-12-31;12;320
25;2025-12-31;13;423
25;2025-12-31;14;455
25;2025-12-31;15;547
25;2025-12-31;16;445
25;2025-12-31;17;451
25;2025-12-31;18;363
25;2025-12-31;19;273
25;2025-12-31;20;0
25;2025-12-31;21;0
25;2025-12-31;22;0
25;2025-12-31;23;0
26;2025-11-01;0;28
26;2025-11-01;1;1
26;2025-11-01;2;0
26;2025-11-01;3;0
26;2025-11-01;4;2
26;2025-11-01;5;79
26;2025-11-01;6;414
26;2025-11-01;7;976
26;2025-11-01;8;1973
26;2025-11-01;9;1267
26;2025-11-01;10;1094
26;2025-11-01;11;1004
26;2025-11-01;12;1013
26;2025-11-01;13;1040
26;2025-11-01;14;1191
26;2025-11-01;15;1229
26;2025-11-01;16;1360
26;2025-11-01;17;1536
26;2025-11-01;18;1606
26;2025-11-01;19;1052
26;2025-11-01;20;655
26;2025-11-01;21;418
26;2025-11-01;22;176
26;2025-11-01;23;114
26;2025-11-02;0;53
26;2025-11-02;1;3
26;2025-11-02;2;0
26;2025-11-02;3;0
26;2025-11-02;4;2
26;2025-11-02;5;22
26;2025-11-02;6;156
26;2025-11-02;7;268
26;2025-11-02;8;403
26;2025-11-02;9;532
26;2025-11-02;10;605
26;2025-11-02;11;826
26;2025-11-02;12;841
26;2025-11-02;13;887
26;2025-11-02;14;892
26;2025-11-02;15;810
26;2025-11-02;16;765
26;2025-11-02;17;793
26;2025-11-02;18;701
26;2025-11-02;19;529
26;2025-11-02;20;404
26;2025-11-02;21;275
26;2025-11-02;22;166
26;2025-11-02;23;113
26;2025-11-03;0;49
26;2025-11-03;1;3
26;2025-11-03;2;0
26;2025-11-03;3;0
26;2025-11-03;4;1
26;2025-11-03;5;21
26;2025-11-03;6;145
26;2025-11-03;7;244
26;2025-11-03;8;364
26;2025-11-03;9;483
26;2025-11-03;10;545
26;2025-11-03;11;738
26;2025-11-03;12;745
26;2025-11-03;13;786
26;2025-11-03;14;791
26;2025-11-03;15;716
26;2025-11-03;16;667
26;2025-11-03;17;703
26;2025-11-03;18;637
26;2025-11-03;19;487
26;2025-11-03;20;380
26;2025-11-03;21;260
26;2025-11-03;22;156
26;2025-11-03;23;106
26;2025-11-04;0;46
26;2025-11-04;1;3
26;2025-11-04;2;0
26;2025-11-04;3;0
26;2025-11-04;4;1
26;2025-11-04;5;19
26;2025-11-04;6;136
26;2025-11-04;7;228
26;2025-11-04;8;337
26;2025-11-04;9;445
26;2025-11-04;10;502
26;2025-11-04;11;687
26;2025-11-04;12;694
26;2025-11-04;13;734
26;2025-11-04;14;745
26;2025-11-04;15;678
26;2025-11-04;16;641
26;2025-11-04;17;670
26;2025-11-04;18;605
26;2025-11-04;19;463
26;2025-11-04;20;361
26;2025-11-04;21;247
26;2025-11-04;22;149
26;2025-11-04;23;101
26;2025-11-05;0;32
26;2025-11-05;1;1
26;2025-11-05;2;0
26;2025-11-05;3;0
26;2025-11-05;4;2
26;2025-11-05;5;90
26;2025-11-05;6;466
26;2025-11-05;7;1082
26;2025-11-05;8;2200
26;2025-11-05;9;1399
26;2025-11-05;10;1204
26;2025-11-05;11;1098
26;2025-11-05;12;1116
26;2025-11-05;13;1143
26;2025-11-05;14;1306
26;2025-11-05;15;1357
26;2025-11-05;16;1492
26;2025-11-05;17;1693
26;2025-11-05;18;1808
26;2025-11-05;19;1195
26;2025-11-05;20;744
26;2025-11-05;21;481
26;2025-11-05;22;205
26;2025-11-05;23;130
26;2025-11-06;0;33
26;2025-11-06;1;1
26;2025-11-06;2;0
26;2025-11-06;3;0
26;2025-11-06;4;2
26;2025-11-06;5;93
26;2025-11-06;6;479
26;2025-11-06;7;1110
26;2025-11-06;8;2266
26;2025-11-06;9;1444
26;2025-11-06;10;1237
26;2025-11-06;11;1136
26;2025-11-06;12;1146
26;2025-11-06;13;1170
26;2025-11-06;14;1341
26;2025-11-06;15;1378
26;2025-11-06;16;1530
26;2025-11-06;17;1727
26;2025-11-06;18;1842
26;2025-11-06;19;1219
26;2025-11-06;20;750
26;2025-11-06;21;484
26;2025-11-06;22;206
26;2025-11-06;23;134
26;2025-11-07;0;32
26;2025-11-07;1;1
26;2025-11-07;2;0
26;2025-11-07;3;0
26;2025-11-07;4;2
26;2025-11-07;5;90
26;2025-11-07;6;474
26;2025-11-07;7;1098
26;2025-11-07;8;2231
26;2025-11-07;9;1415
26;2025-11-07;10;1219
26;2025-11-07;11;1117
26;2025-11-07;12;1128
26;2025-11-07;13;1161
26;2025-11-07;14;1330
26;2025-11-07;15;1380
26;2025-11-07;16;1533
26;2025-11-07;17;1728
26;2025-11-07;18;1747
26;2025-11-07;19;1174
26;2025-11-07;20;732
26;2025-11-07;21;483
26;2025-11-07;22;207
26;2025-11-07;23;136
26;2025-11-08;0;48
26;2025-11-08;1;1
26;2025-11-08;2;0
26;2025-11-08;3;0
26;2025-11-08;4;1
26;2025-11-08;5;53
26;2025-11-08;6;247
26;2025-11-08;7;367
26;2025-11-08;8;650
26;2025-11-08;9;676
26;2025-11-08;10;826
26;2025-11-08;11;992
26;2025-11-08;12;1057
26;2025-11-08;13;1044
26;2025-11-08;14;1080
26;2025-11-08;15;973
26;2025-11-08;16;1032
26;2025-11-08;17;955
26;2025-11-08;18;874
26;2025-11-08;19;786
26;2025-11-08;20;565
26;2025-11-08;21;374
26;2025-11-08;22;211
26;2025-11-08;23;163
26;2025-11-09;0;54
26;2025-11-09;1;3
26;2025-11-09;2;0
26;2025-11-09;3;0
26;2025-11-09;4;2
26;2025-11-09;5;23
26;2025-11-09;6;158
26;2025-11-09;7;265
26;2025-11-09;8;398
26;2025-11-09;9;529
26;2025-11-09;10;601
26;2025-11-09;11;816
26;2025-11-09;12;827
26;2025-11-09;13;880
26;2025-11-09;14;888
26;2025-11-09;15;802
26;2025-11-09;16;748
26;2025-11-09;17;781
26;2025-11-09;18;698
26;2025-11-09;19;531
26;2025-11-09;20;414
26;2025-11-09;21;284
26;2025-11-09;22;170
26;2025-11-09;23;114
26;2025-11-10;0;32
26;2025-11-10;1;1
26;2025-11-10;2;0
26;2025-11-10;3;0
26;2025-11-10;4;2
26;2025-11-10;5;93
26;2025-11-10;6;478
26;2025-11-10;7;1112
26;2025-11-10;8;2257
26;2025-11-10;9;1433
26;2025-11-10;10;1236
26;2025-11-10;11;1130
26;2025-11-10;12;1140
26;2025-11-10;13;1168
26;2025-11-10;14;1322
26;2025-11-10;15;1389
26;2025-11-10;16;1526
26;2025-11-10;17;1741
26;2025-11-10;18;1857
26;2025-11-10;19;1223
26;2025-11-10;20;762
26;2025-11-10;21;488
26;2025-11-10;22;208
26;2025-11-10;23;132
26;2025-11-11;0;33
26;2025-11-11;1;1
26;2025-11-11;2;0
26;2025-11-11;3;0
26;2025-11-11;4;2
26;2025-11-11;5;94
26;2025-11-11;6;483
26;2025-11-11;7;1125
26;2025-11-11;8;2282
26;2025-11-11;9;1451
26;2025-11-11;10;1255
26;2025-11-11;11;1153
26;2025-11-11;12;1159
26;2025-11-11;13;1182
26;2025-11-11;14;1345
26;2025-11-11;15;1394
26;2025-11-11;16;1548
26;2025-11-11;17;1756
26;2025-11-11;18;1875
26;2025-11-11;19;1241
26;2025-11-11;20;766
26;2025-11-11;21;496
26;2025-11-11;22;212
26;2025-11-11;23;134
26;2025-11-12;0;33
26;2025-11-12;1;1
26;2025-11-12;2;0
26;2025-11-12;3;0
26;2025-11-12;4;2
26;2025-11-12;5;93
26;2025-11-12;6;480
26;2025-11-12;7;1118
26;2025-11-12;8;2270
26;2025-11-12;9;1445
26;2025-11-12;10;1244
26;2025-11-12;11;1139
26;2025-11-12;12;1152
26;2025-11-12;13;1178
26;2025-11-12;14;1340
26;2025-11-12;15;1390
26;2025-11-12;16;1536
26;2025-11-12;17;1738
26;2025-11-12;18;1855
26;2025-11-12;19;1227
26;2025-11-12;20;767
26;2025-11-12;21;496
26;2025-11-12;22;211
26;2025-11-12;23;135
26;2025-11-13;0;34
26;2025-11-13;1;1
26;2025-11-13;2;0
26;2025-11-13;3;0
26;2025-11-13;4;2
26;2025-11-13;5;94
26;2025-11-13;6;482
26;2025-11-13;7;1118
26;2025-11-13;8;2280
26;2025-11-13;9;1455
26;2025-11-13;10;1250
26;2025-11-13;11;1151
26;2025-11-13;12;1165
26;2025-11-13;13;1189
26;2025-11-13;14;1357
26;2025-11-13;15;1406
26;2025-11-13;16;1553
26;2025-11-13;17;1755
26;2025-11-13;18;1872
26;2025-11-13;19;1235
26;2025-11-13;20;759
26;2025-11-13;21;495
26;2025-11-13;22;211
26;2025-11-13;23;136
26;2025-11-14;0;33
26;2025-11-14;1;1
26;2025-11-14;2;0
26;2025-11-14;3;0
26;2025-11-14;4;2
26;2025-11-14;5;91
26;2025-11-14;6;480
26;2025-11-14;7;1111
26;2025-11-14;8;2251
26;2025-11-14;9;1434
26;2025-11-14;10;1238
26;2025-11-14;11;1131
26;2025-11-14;12;1140
26;2025-11-14;13;1173
26;2025-11-14;14;1346
26;2025-11-14;15;1395
26;2025-11-14;16;1551
26;2025-11-14;17;1748
26;2025-11-14;18;1762
26;2025-11-14;19;1185
26;2025-11-14;20;742
26;2025-11-14;21;487
26;2025-11-14;22;208
26;2025-11-14;23;137
26;2025-11-15;0;47
26;2025-11-15;1;1
26;2025-11-15;2;0
26;2025-11-15;3;0
26;2025-11-15;4;1
26;2025-11-15;5;52
26;2025-11-15;6;242
26;2025-11-15;7;358
26;2025-11-15;8;637
26;2025-11-15;9;661
26;2025-11-15;10;800
26;2025-11-15;11;956
26;2025-11-15;12;1029
26;2025-11-15;13;1013
26;2025-11-15;14;1051
26;2025-11-15;15;951
26;2025-11-15;16;1014
26;2025-11-15;17;936
26;2025-11-15;18;860
26;2025-11-15;19;774
26;2025-11-15;20;557
26;2025-11-15;21;369
26;2025-11-15;22;208
26;2025-11-15;23;159
26;2025-11-16;0;53
26;2025-11-16;1;3
26;2025-11-16;2;0
26;2025-11-16;3;0
26;2025-11-16;4;2
26;2025-11-16;5;23
26;2025-11-16;6;158
26;2025-11-16;7;267
26;2025-11-16;8;400
26;2025-11-16;9;531
26;2025-11-16;10;605
26;2025-11-16;11;822
26;2025-11-16;12;834
26;2025-11-16;13;890
26;2025-11-16;14;897
26;2025-11-16;15;811
26;2025-11-16;16;756
26;2025-11-16;17;788
26;2025-11-16;18;703
26;2025-11-16;19;535
26;2025-11-16;20;416
26;2025-11-16;21;288
26;2025-11-16;22;173
26;2025-11-16;23;116
26;2025-11-17;0;33
26;2025-11-17;1;1
26;2025-11-17;2;0
26;2025-11-17;3;0
26;2025-11-17;4;2
26;2025-11-17;5;93
26;2025-11-17;6;481
26;2025-11-17;7;1119
26;2025-11-17;8;2264
26;2025-11-17;9;1438
26;2025-11-17;10;1236
26;2025-11-17;11;1130
26;2025-11-17;12;1136
26;2025-11-17;13;1157
26;2025-11-17;14;1310
26;2025-11-17;15;1373
26;2025-11-17;16;1515
26;2025-11-17;17;1734
26;2025-11-17;18;1853
26;2025-11-17;19;1221
26;2025-11-17;20;762
26;2025-11-17;21;487
26;2025-11-17;22;207
26;2025-11-17;23;131
26;2025-11-18;0;32
26;2025-11-18;1;1
26;2025-11-18;2;0
26;2025-11-18;3;0
26;2025-11-18;4;2
26;2025-11-18;5;89
26;2025-11-18;6;466
26;2025-11-18;7;1089
26;2025-11-18;8;2212
26;2025-11-18;9;1403
26;2025-11-18;10;1207
26;2025-11-18;11;1109
26;2025-11-18;12;1114
26;2025-11-18;13;1135
26;2025-11-18;14;1292
26;2025-11-18;15;1342
26;2025-11-18;16;1493
26;2025-11-18;17;1699
26;2025-11-18;18;1813
26;2025-11-18;19;1203
26;2025-11-18;20;742
26;2025-11-18;21;479
26;2025-11-18;22;204
26;2025-11-18;23;128
26;2025-11-19;0;32
26;2025-11-19;1;1
26;2025-11-19;2;0
26;2025-11-19;3;0
26;2025-11-19;4;2
26;2025-11-19;5;93
26;2025-11-19;6;480
26;2025-11-19;7;1120
26;2025-11-19;8;2276
26;2025-11-19;9;1449
26;2025-11-19;10;1248
26;2025-11-19;11;1146
26;2025-11-19;12;1163
26;2025-11-19;13;1191
26;2025-11-19;14;1356
26;2025-11-19;15;1403
26;2025-11-19;16;1546
26;2025-11-19;17;1750
26;2025-11-19;18;1867
26;2025-11-19;19;1236
26;2025-11-19;20;773
26;2025-11-19;21;499
26;2025-11-19;22;213
26;2025-11-19;23;135
26;2025-11-20;0;34
26;2025-11-20;1;1
26;2025-11-20;2;0
26;2025-11-20;3;0
26;2025-11-20;4;2
26;2025-11-20;5;95
26;2025-11-20;6;484
26;2025-11-20;7;1123
26;2025-11-20;8;2291
26;2025-11-20;9;1463
26;2025-11-20;10;1254
26;2025-11-20;11;1155
26;2025-11-20;12;1169
26;2025-11-20;13;1194
26;2025-11-20;14;1363
26;2025-11-20;15;1413
26;2025-11-20;16;1558
26;2025-11-20;17;1763
26;2025-11-20;18;1876
26;2025-11-20;19;1237
26;2025-11-20;20;762
26;2025-11-20;21;497
26;2025-11-20;22;212
26;2025-11-20;23;138
26;2025-11-21;0;33
26;2025-11-21;1;1
26;2025-11-21;2;0
26;2025-11-21;3;0
26;2025-11-21;4;2
26;2025-11-21;5;92
26;2025-11-21;6;481
26;2025-11-21;7;1120
26;2025-11-21;8;2273
26;2025-11-21;9;1447
26;2025-11-21;10;1250
26;2025-11-21;11;1142
26;2025-11-21;12;1149
26;2025-11-21;13;1184
26;2025-11-21;14;1356
26;2025-11-21;15;1408
26;2025-11-21;16;1562
26;2025-11-21;17;1759
26;2025-11-21;18;1778
26;2025-11-21;19;1196
26;2025-11-21;20;749
26;2025-11-21;21;493
26;2025-11-21;22;211
26;2025-11-21;23;140
26;2025-11-22;0;49
26;2025-11-22;1;1
26;2025-11-22;2;0
26;2025-11-22;3;0
26;2025-11-22;4;1
26;2025-11-22;5;53
26;2025-11-22;6;248
26;2025-11-22;7;367
26;2025-11-22;8;650
26;2025-11-22;9;673
26;2025-11-22;10;821
26;2025-11-22;11;986
26;2025-11-22;12;1064
26;2025-11-22;13;1046
26;2025-11-22;14;1083
26;2025-11-22;15;979
26;2025-11-22;16;1039
26;2025-11-22;17;962
26;2025-11-22;18;884
26;2025-11-22;19;794
26;2025-11-22;20;570
26;2025-11-22;21;375
26;2025-11-22;22;209
26;2025-11-22;23;160
26;2025-11-23;0;53
26;2025-11-23;1;3
26;2025-11-23;2;0
26;2025-11-23;3;0
26;2025-11-23;4;2
26;2025-11-23;5;22
26;2025-11-23;6;157
26;2025-11-23;7;266
26;2025-11-23;8;400
26;2025-11-23;9;530
26;2025-11-23;10;603
26;2025-11-23;11;819
26;2025-11-23;12;831
26;2025-11-23;13;885
26;2025-11-23;14;891
26;2025-11-23;15;806
26;2025-11-23;16;750
26;2025-11-23;17;782
26;2025-11-23;18;698
26;2025-11-23;19;531
26;2025-11-23;20;413
26;2025-11-23;21;287
26;2025-11-23;22;172
26;2025-11-23;23;116
26;2025-11-24;0;32
26;2025-11-24;1;1
26;2025-11-24;2;0
26;2025-11-24;3;0
26;2025-11-24;4;2
26;2025-11-24;5;90
26;2025-11-24;6;467
26;2025-11-24;7;1087
26;2025-11-24;8;2207
26;2025-11-24;9;1402
26;2025-11-24;10;1204
26;2025-11-24;11;1101
26;2025-11-24;12;1110
26;2025-11-24;13;1135
26;2025-11-24;14;1287
26;2025-11-24;15;1349
26;2025-11-24;16;1485
26;2025-11-24;17;1700
26;2025-11-24;18;1811
26;2025-11-24;19;1197
26;2025-11-24;20;742
26;2025-11-24;21;477
26;2025-11-24;22;203
26;2025-11-24;23;128
26;2025-11-25;0;33
26;2025-11-25;1;1
26;2025-11-25;2;0
26;2025-11-25;3;0
26;2025-11-25;4;2
26;2025-11-25;5;93
26;2025-11-25;6;481
26;2025-11-25;7;1118
26;2025-11-25;8;2267
26;2025-11-25;9;1443
26;2025-11-25;10;1250
26;2025-11-25;11;1149
26;2025-11-25;12;1155
26;2025-11-25;13;1180
26;2025-11-25;14;1341
26;2025-11-25;15;1391
26;2025-11-25;16;1544
26;2025-11-25;17;1750
26;2025-11-25;18;1867
26;2025-11-25;19;1239
26;2025-11-25;20;769
26;2025-11-25;21;495
26;2025-11-25;22;211
26;2025-11-25;23;134
26;2025-11-26;0;33
26;2025-11-26;1;1
26;2025-11-26;2;0
26;2025-11-26;3;0
26;2025-11-26;4;2
26;2025-11-26;5;93
26;2025-11-26;6;478
26;2025-11-26;7;1115
26;2025-11-26;8;2271
26;2025-11-26;9;1444
26;2025-11-26;10;1241
26;2025-11-26;11;1138
26;2025-11-26;12;1153
26;2025-11-26;13;1181
26;2025-11-26;14;1346
26;2025-11-26;15;1396
26;2025-11-26;16;1536
26;2025-11-26;17;1736
26;2025-11-26;18;1856
26;2025-11-26;19;1227
26;2025-11-26;20;767
26;2025-11-26;21;494
26;2025-11-26;22;210
26;2025-11-26;23;134
26;2025-11-27;0;33
26;2025-11-27;1;1
26;2025-11-27;2;0
26;2025-11-27;3;0
26;2025-11-27;4;2
26;2025-11-27;5;94
26;2025-11-27;6;484
26;2025-11-27;7;1124
26;2025-11-27;8;2294
26;2025-11-27;9;1463
26;2025-11-27;10;1258
26;2025-11-27;11;1157
26;2025-11-27;12;1164
26;2025-11-27;13;1188
26;2025-11-27;14;1355
26;2025-11-27;15;1405
26;2025-11-27;16;1555
26;2025-11-27;17;1757
26;2025-11-27;18;1867
26;2025-11-27;19;1228
26;2025-11-27;20;760
26;2025-11-27;21;490
26;2025-11-27;22;208
26;2025-11-27;23;135
26;2025-11-28;0;32
26;2025-11-28;1;1
26;2025-11-28;2;0
26;2025-11-28;3;0
26;2025-11-28;4;2
26;2025-11-28;5;91
26;2025-11-28;6;475
26;2025-11-28;7;1104
26;2025-11-28;8;2248
26;2025-11-28;9;1430
26;2025-11-28;10;1237
26;2025-11-28;11;1129
26;2025-11-28;12;1137
26;2025-11-28;13;1174
26;2025-11-28;14;1347
26;2025-11-28;15;1397
26;2025-11-28;16;1554
26;2025-11-28;17;1750
26;2025-11-28;18;1771
26;2025-11-28;19;1188
26;2025-11-28;20;740
26;2025-11-28;21;490
26;2025-11-28;22;209
26;2025-11-28;23;138
26;2025-11-29;0;49
26;2025-11-29;1;1
26;2025-11-29;2;0
26;2025-11-29;3;0
26;2025-11-29;4;1
26;2025-11-29;5;54
26;2025-11-29;6;251
26;2025-11-29;7;372
26;2025-11-29;8;661
26;2025-11-29;9;687
26;2025-11-29;10;840
26;2025-11-29;11;1008
26;2025-11-29;12;1078
26;2025-11-29;13;1061
26;2025-11-29;14;1096
26;2025-11-29;15;988
26;2025-11-29;16;1046
26;2025-11-29;17;967
26;2025-11-29;18;888
26;2025-11-29;19;797
26;2025-11-29;20;576
26;2025-11-29;21;381
26;2025-11-29;22;215
26;2025-11-29;23;165
26;2025-11-30;0;54
26;2025-11-30;1;3
26;2025-11-30;2;0
26;2025-11-30;3;0
26;2025-11-30;4;2
26;2025-11-30;5;22
26;2025-11-30;6;158
26;2025-11-30;7;266
26;2025-11-30;8;400
26;2025-11-30;9;531
26;2025-11-30;10;603
26;2025-11-30;11;821
26;2025-11-30;12;832
26;2025-11-30;13;885
26;2025-11-30;14;892
26;2025-11-30;15;806
26;2025-11-30;16;752
26;2025-11-30;17;785
26;2025-11-30;18;702
26;2025-11-30;19;536
26;2025-11-30;20;416
26;2025-11-30;21;287
26;2025-11-30;22;172
26;2025-11-30;23;116
26;2025-12-01;0;33
26;2025-12-01;1;1
26;2025-12-01;2;0
26;2025-12-01;3;0
26;2025-12-01;4;2
26;2025-12-01;5;97
26;2025-12-01;6;500
26;2025-12-01;7;1158
26;2025-12-01;8;2340
26;2025-12-01;9;1490
26;2025-12-01;10;1284
26;2025-12-01;11;1174
26;2025-12-01;12;1182
26;2025-12-01;13;1218
26;2025-12-01;14;1381
26;2025-12-01;15;1445
26;2025-12-01;16;1582
26;2025-12-01;17;1815
26;2025-12-01;18;1930
26;2025-12-01;19;1271
26;2025-12-01;20;789
26;2025-12-01;21;511
26;2025-12-01;22;216
26;2025-12-01;23;136
26;2025-12-02;0;34
26;2025-12-02;1;1
26;2025-12-02;2;0
26;2025-12-02;3;0
26;2025-12-02;4;2
26;2025-12-02;5;98
26;2025-12-02;6;502
26;2025-12-02;7;1168
26;2025-12-02;8;2357
26;2025-12-02;9;1505
26;2025-12-02;10;1304
26;2025-12-02;11;1196
26;2025-12-02;12;1201
26;2025-12-02;13;1229
26;2025-12-02;14;1404
26;2025-12-02;15;1441
26;2025-12-02;16;1599
26;2025-12-02;17;1817
26;2025-12-02;18;1936
26;2025-12-02;19;1290
26;2025-12-02;20;801
26;2025-12-02;21;517
26;2025-12-02;22;219
26;2025-12-02;23;137
26;2025-12-03;0;34
26;2025-12-03;1;1
26;2025-12-03;2;0
26;2025-12-03;3;0
26;2025-12-03;4;2
26;2025-12-03;5;99
26;2025-12-03;6;502
26;2025-12-03;7;1169
26;2025-12-03;8;2361
26;2025-12-03;9;1511
26;2025-12-03;10;1301
26;2025-12-03;11;1194
26;2025-12-03;12;1213
26;2025-12-03;13;1246
26;2025-12-03;14;1422
26;2025-12-03;15;1459
26;2025-12-03;16;1601
26;2025-12-03;17;1817
26;2025-12-03;18;1933
26;2025-12-03;19;1284
26;2025-12-03;20;804
26;2025-12-03;21;523
26;2025-12-03;22;222
26;2025-12-03;23;141
26;2025-12-04;0;36
26;2025-12-04;1;1
26;2025-12-04;2;0
26;2025-12-04;3;0
26;2025-12-04;4;2
26;2025-12-04;5;99
26;2025-12-04;6;505
26;2025-12-04;7;1168
26;2025-12-04;8;2377
26;2025-12-04;9;1525
26;2025-12-04;10;1306
26;2025-12-04;11;1203
26;2025-12-04;12;1219
26;2025-12-04;13;1249
26;2025-12-04;14;1431
26;2025-12-04;15;1472
26;2025-12-04;16;1618
26;2025-12-04;17;1830
26;2025-12-04;18;1942
26;2025-12-04;19;1287
26;2025-12-04;20;795
26;2025-12-04;21;520
26;2025-12-04;22;220
26;2025-12-04;23;143
26;2025-12-05;0;35
26;2025-12-05;1;1
26;2025-12-05;2;0
26;2025-12-05;3;0
26;2025-12-05;4;2
26;2025-12-05;5;96
26;2025-12-05;6;506
26;2025-12-05;7;1168
26;2025-12-05;8;2362
26;2025-12-05;9;1511
26;2025-12-05;10;1306
26;2025-12-05;11;1187
26;2025-12-05;12;1196
26;2025-12-05;13;1241
26;2025-12-05;14;1430
26;2025-12-05;15;1471
26;2025-12-05;16;1631
26;2025-12-05;17;1839
26;2025-12-05;18;1811
26;2025-12-05;19;1231
26;2025-12-05;20;774
26;2025-12-05;21;516
26;2025-12-05;22;221
26;2025-12-05;23;147
26;2025-12-06;0;53
26;2025-12-06;1;1
26;2025-12-06;2;0
26;2025-12-06;3;0
26;2025-12-06;4;1
26;2025-12-06;5;56
26;2025-12-06;6;260
26;2025-12-06;7;384
26;2025-12-06;8;678
26;2025-12-06;9;709
26;2025-12-06;10;869
26;2025-12-06;11;1035
26;2025-12-06;12;1103
26;2025-12-06;13;1098
26;2025-12-06;14;1126
26;2025-12-06;15;1017
26;2025-12-06;16;1078
26;2025-12-06;17;996
26;2025-12-06;18;918
26;2025-12-06;19;823
26;2025-12-06;20;599
26;2025-12-06;21;394
26;2025-12-06;22;224
26;2025-12-06;23;173
26;2025-12-07;0;55
26;2025-12-07;1;3
26;2025-12-07;2;0
26;2025-12-07;3;0
26;2025-12-07;4;2
26;2025-12-07;5;23
26;2025-12-07;6;163
26;2025-12-07;7;275
26;2025-12-07;8;415
26;2025-12-07;9;545
26;2025-12-07;10;620
26;2025-12-07;11;845
26;2025-12-07;12;856
26;2025-12-07;13;910
26;2025-12-07;14;914
26;2025-12-07;15;828
26;2025-12-07;16;773
26;2025-12-07;17;807
26;2025-12-07;18;724
26;2025-12-07;19;555
26;2025-12-07;20;429
26;2025-12-07;21;296
26;2025-12-07;22;179
26;2025-12-07;23;121
26;2025-12-08;0;33
26;2025-12-08;1;1
26;2025-12-08;2;0
26;2025-12-08;3;0
26;2025-12-08;4;2
26;2025-12-08;5;97
26;2025-12-08;6;500
26;2025-12-08;7;1161
26;2025-12-08;8;2342
26;2025-12-08;9;1493
26;2025-12-08;10;1288
26;2025-12-08;11;1174
26;2025-12-08;12;1184
26;2025-12-08;13;1219
26;2025-12-08;14;1381
26;2025-12-08;15;1446
26;2025-12-08;16;1582
26;2025-12-08;17;1816
26;2025-12-08;18;1929
26;2025-12-08;19;1274
26;2025-12-08;20;789
26;2025-12-08;21;512
26;2025-12-08;22;217
26;2025-12-08;23;136
26;2025-12-09;0;35
26;2025-12-09;1;1
26;2025-12-09;2;0
26;2025-12-09;3;0
26;2025-12-09;4;2
26;2025-12-09;5;98
26;2025-12-09;6;502
26;2025-12-09;7;1158
26;2025-12-09;8;2348
26;2025-12-09;9;1504
26;2025-12-09;10;1304
26;2025-12-09;11;1190
26;2025-12-09;12;1194
26;2025-12-09;13;1223
26;2025-12-09;14;1396
26;2025-12-09;15;1438
26;2025-12-09;16;1597
26;2025-12-09;17;1807
26;2025-12-09;18;1922
26;2025-12-09;19;1288
26;2025-12-09;20;795
26;2025-12-09;21;515
26;2025-12-09;22;219
26;2025-12-09;23;137
26;2025-12-10;0;35
26;2025-12-10;1;1
26;2025-12-10;2;0
26;2025-12-10;3;0
26;2025-12-10;4;2
26;2025-12-10;5;98
26;2025-12-10;6;501
26;2025-12-10;7;1165
26;2025-12-10;8;2369
26;2025-12-10;9;1512
26;2025-12-10;10;1303
26;2025-12-10;11;1195
26;2025-12-10;12;1214
26;2025-12-10;13;1247
26;2025-12-10;14;1424
26;2025-12-10;15;1461
26;2025-12-10;16;1603
26;2025-12-10;17;1818
26;2025-12-10;18;1934
26;2025-12-10;19;1285
26;2025-12-10;20;805
26;2025-12-10;21;523
26;2025-12-10;22;222
26;2025-12-10;23;141
26;2025-12-11;0;35
26;2025-12-11;1;1
26;2025-12-11;2;0
26;2025-12-11;3;0
26;2025-12-11;4;2
26;2025-12-11;5;98
26;2025-12-11;6;502
26;2025-12-11;7;1154
26;2025-12-11;8;2346
26;2025-12-11;9;1505
26;2025-12-11;10;1282
26;2025-12-11;11;1180
26;2025-12-11;12;1196
26;2025-12-11;13;1230
26;2025-12-11;14;1414
26;2025-12-11;15;1456
26;2025-12-11;16;1602
26;2025-12-11;17;1806
26;2025-12-11;18;1907
26;2025-12-11;19;1257
26;2025-12-11;20;781
26;2025-12-11;21;507
26;2025-12-11;22;215
26;2025-12-11;23;141
26;2025-12-12;0;34
26;2025-12-12;1;1
26;2025-12-12;2;0
26;2025-12-12;3;0
26;2025-12-12;4;2
26;2025-12-12;5;95
26;2025-12-12;6;500
26;2025-12-12;7;1159
26;2025-12-12;8;2338
26;2025-12-12;9;1501
26;2025-12-12;10;1295
26;2025-12-12;11;1179
26;2025-12-12;12;1181
26;2025-12-12;13;1221
26;2025-12-12;14;1404
26;2025-12-12;15;1431
26;2025-12-12;16;1593
26;2025-12-12;17;1790
26;2025-12-12;18;1775
26;2025-12-12;19;1205
26;2025-12-12;20;755
26;2025-12-12;21;506
26;2025-12-12;22;216
26;2025-12-12;23;144
26;2025-12-13;0;51
26;2025-12-13;1;1
26;2025-12-13;2;0
26;2025-12-13;3;0
26;2025-12-13;4;1
26;2025-12-13;5;55
26;2025-12-13;6;255
26;2025-12-13;7;378
26;2025-12-13;8;670
26;2025-12-13;9;701
26;2025-12-13;10;865
26;2025-12-13;11;1025
26;2025-12-13;12;1095
26;2025-12-13;13;1093
26;2025-12-13;14;1117
26;2025-12-13;15;1009
26;2025-12-13;16;1070
26;2025-12-13;17;989
26;2025-12-13;18;911
26;2025-12-13;19;819
26;2025-12-13;20;588
26;2025-12-13;21;386
26;2025-12-13;22;219
26;2025-12-13;23;170
26;2025-12-14;0;54
26;2025-12-14;1;3
26;2025-12-14;2;0
26;2025-12-14;3;0
26;2025-12-14;4;2
26;2025-12-14;5;23
26;2025-12-14;6;163
26;2025-12-14;7;273
26;2025-12-14;8;408
26;2025-12-14;9;538
26;2025-12-14;10;611
26;2025-12-14;11;839
26;2025-12-14;12;846
26;2025-12-14;13;900
26;2025-12-14;14;904
26;2025-12-14;15;818
26;2025-12-14;16;748
26;2025-12-14;17;800
26;2025-12-14;18;717
26;2025-12-14;19;549
26;2025-12-14;20;425
26;2025-12-14;21;290
26;2025-12-14;22;174
26;2025-12-14;23;117
26;2025-12-15;0;33
26;2025-12-15;1;1
26;2025-12-15;2;0
26;2025-12-15;3;0
26;2025-12-15;4;2
26;2025-12-15;5;97
26;2025-12-15;6;499
26;2025-12-15;7;1160
26;2025-12-15;8;2347
26;2025-12-15;9;1494
26;2025-12-15;10;1290
26;2025-12-15;11;1174
26;2025-12-15;12;1183
26;2025-12-15;13;1218
26;2025-12-15;14;1381
26;2025-12-15;15;1445
26;2025-12-15;16;1582
26;2025-12-15;17;1813
26;2025-12-15;18;1927
26;2025-12-15;19;1273
26;2025-12-15;20;794
26;2025-12-15;21;511
26;2025-12-15;22;216
26;2025-12-15;23;135
26;2025-12-16;0;36
26;2025-12-16;1;1
26;2025-12-16;2;0
26;2025-12-16;3;0
26;2025-12-16;4;2
26;2025-12-16;5;100
26;2025-12-16;6;515
26;2025-12-16;7;1196
26;2025-12-16;8;2417
26;2025-12-16;9;1543
26;2025-12-16;10;1338
26;2025-12-16;11;1225
26;2025-12-16;12;1225
26;2025-12-16;13;1248
26;2025-12-16;14;1425
26;2025-12-16;15;1466
26;2025-12-16;16;1632
26;2025-12-16;17;1853
26;2025-12-16;18;1972
26;2025-12-16;19;1317
26;2025-12-16;20;816
26;2025-12-16;21;527
26;2025-12-16;22;224
26;2025-12-16;23;141
26;2025-12-17;0;34
26;2025-12-17;1;1
26;2025-12-17;2;0
26;2025-12-17;3;0
26;2025-12-17;4;2
26;2025-12-17;5;98
26;2025-12-17;6;502
26;2025-12-17;7;1168
26;2025-12-17;8;2363
26;2025-12-17;9;1513
26;2025-12-17;10;1305
26;2025-12-17;11;1197
26;2025-12-17;12;1215
26;2025-12-17;13;1246
26;2025-12-17;14;1426
26;2025-12-17;15;1463
26;2025-12-17;16;1606
26;2025-12-17;17;1822
26;2025-12-17;18;1935
26;2025-12-17;19;1285
26;2025-12-17;20;799
26;2025-12-17;21;524
26;2025-12-17;22;222
26;2025-12-17;23;142
26;2025-12-18;0;35
26;2025-12-18;1;1
26;2025-12-18;2;0
26;2025-12-18;3;0
26;2025-12-18;4;2
26;2025-12-18;5;98
26;2025-12-18;6;501
26;2025-12-18;7;1157
26;2025-12-18;8;2357
26;2025-12-18;9;1514
26;2025-12-18;10;1295
26;2025-12-18;11;1189
26;2025-12-18;12;1208
26;2025-12-18;13;1239
26;2025-12-18;14;1420
26;2025-12-18;15;1460
26;2025-12-18;16;1603
26;2025-12-18;17;1816
26;2025-12-18;18;1925
26;2025-12-18;19;1277
26;2025-12-18;20;789
26;2025-12-18;21;516
26;2025-12-18;22;219
26;2025-12-18;23;142
26;2025-12-19;0;35
26;2025-12-19;1;1
26;2025-12-19;2;0
26;2025-12-19;3;0
26;2025-12-19;4;2
26;2025-12-19;5;96
26;2025-12-19;6;505
26;2025-12-19;7;1164
26;2025-12-19;8;2360
26;2025-12-19;9;1509
26;2025-12-19;10;1303
26;2025-12-19;11;1184
26;2025-12-19;12;1192
26;2025-12-19;13;1241
26;2025-12-19;14;1429
26;2025-12-19;15;1470
26;2025-12-19;16;1628
26;2025-12-19;17;1837
26;2025-12-19;18;1803
26;2025-12-19;19;1227
26;2025-12-19;20;771
26;2025-12-19;21;514
26;2025-12-19;22;220
26;2025-12-19;23;147
26;2025-12-20;0;52
26;2025-12-20;1;1
26;2025-12-20;2;0
26;2025-12-20;3;0
26;2025-12-20;4;1
26;2025-12-20;5;55
26;2025-12-20;6;258
26;2025-12-20;7;382
26;2025-12-20;8;677
26;2025-12-20;9;707
26;2025-12-20;10;867
26;2025-12-20;11;1032
26;2025-12-20;12;1099
26;2025-12-20;13;1094
26;2025-12-20;14;1121
26;2025-12-20;15;1013
26;2025-12-20;16;1074
26;2025-12-20;17;993
26;2025-12-20;18;916
26;2025-12-20;19;822
26;2025-12-20;20;597
26;2025-12-20;21;392
26;2025-12-20;22;223
26;2025-12-20;23;172
26;2025-12-21;0;55
26;2025-12-21;1;3
26;2025-12-21;2;0
26;2025-12-21;3;0
26;2025-12-21;4;2
26;2025-12-21;5;23
26;2025-12-21;6;162
26;2025-12-21;7;270
26;2025-12-21;8;406
26;2025-12-21;9;539
26;2025-12-21;10;617
26;2025-12-21;11;839
26;2025-12-21;12;849
26;2025-12-21;13;903
26;2025-12-21;14;907
26;2025-12-21;15;821
26;2025-12-21;16;766
26;2025-12-21;17;801
26;2025-12-21;18;718
26;2025-12-21;19;550
26;2025-12-21;20;426
26;2025-12-21;21;294
26;2025-12-21;22;176
26;2025-12-21;23;119
26;2025-12-22;0;33
26;2025-12-22;1;1
26;2025-12-22;2;0
26;2025-12-22;3;0
26;2025-12-22;4;2
26;2025-12-22;5;97
26;2025-12-22;6;498
26;2025-12-22;7;1155
26;2025-12-22;8;2331
26;2025-12-22;9;1486
26;2025-12-22;10;1279
26;2025-12-22;11;1164
26;2025-12-22;12;1171
26;2025-12-22;13;1204
26;2025-12-22;14;1367
26;2025-12-22;15;1426
26;2025-12-22;16;1562
26;2025-12-22;17;1797
26;2025-12-22;18;1904
26;2025-12-22;19;1253
26;2025-12-22;20;779
26;2025-12-22;21;505
26;2025-12-22;22;212
26;2025-12-22;23;132
26;2025-12-23;0;35
26;2025-12-23;1;1
26;2025-12-23;2;0
26;2025-12-23;3;0
26;2025-12-23;4;2
26;2025-12-23;5;97
26;2025-12-23;6;501
26;2025-12-23;7;1155
26;2025-12-23;8;2340
26;2025-12-23;9;1495
26;2025-12-23;10;1299
26;2025-12-23;11;1189
26;2025-12-23;12;1193
26;2025-12-23;13;1222
26;2025-12-23;14;1396
26;2025-12-23;15;1436
26;2025-12-23;16;1594
26;2025-12-23;17;1811
26;2025-12-23;18;1923
26;2025-12-23;19;1279
26;2025-12-23;20;790
26;2025-12-23;21;516
26;2025-12-23;22;217
26;2025-12-23;23;137
26;2025-12-24;0;35
26;2025-12-24;1;1
26;2025-12-24;2;0
26;2025-12-24;3;0
26;2025-12-24;4;2
26;2025-12-24;5;99
26;2025-12-24;6;509
26;2025-12-24;7;1180
26;2025-12-24;8;2403
26;2025-12-24;9;1538
26;2025-12-24;10;1326
26;2025-12-24;11;1215
26;2025-12-24;12;1233
26;2025-12-24;13;1259
26;2025-12-24;14;1437
26;2025-12-24;15;1474
26;2025-12-24;16;1626
26;2025-12-24;17;1846
26;2025-12-24;18;1957
26;2025-12-24;19;1295
26;2025-12-24;20;813
26;2025-12-24;21;529
26;2025-12-24;22;224
26;2025-12-24;23;142
26;2025-12-25;0;36
26;2025-12-25;1;1
26;2025-12-25;2;0
26;2025-12-25;3;0
26;2025-12-25;4;2
26;2025-12-25;5;98
26;2025-12-25;6;504
26;2025-12-25;7;1164
26;2025-12-25;8;2380
26;2025-12-25;9;1529
26;2025-12-25;10;1311
26;2025-12-25;11;1208
26;2025-12-25;12;1221
26;2025-12-25;13;1252
26;2025-12-25;14;1434
26;2025-12-25;15;1474
26;2025-12-25;16;1617
26;2025-12-25;17;1824
26;2025-12-25;18;1923
26;2025-12-25;19;1266
26;2025-12-25;20;783
26;2025-12-25;21;510
26;2025-12-25;22;216
26;2025-12-25;23;139
26;2025-12-26;0;33
26;2025-12-26;1;1
26;2025-12-26;2;0
26;2025-12-26;3;0
26;2025-12-26;4;2
26;2025-12-26;5;92
26;2025-12-26;6;486
26;2025-12-26;7;1121
26;2025-12-26;8;2277
26;2025-12-26;9;1457
26;2025-12-26;10;1252
26;2025-12-26;11;1137
26;2025-12-26;12;1143
26;2025-12-26;13;1182
26;2025-12-26;14;1371
26;2025-12-26;15;1412
26;2025-12-26;16;1574
26;2025-12-26;17;1770
26;2025-12-26;18;1744
26;2025-12-26;19;1178
26;2025-12-26;20;741
26;2025-12-26;21;489
26;2025-12-26;22;211
26;2025-12-26;23;141
26;2025-12-27;0;51
26;2025-12-27;1;1
26;2025-12-27;2;0
26;2025-12-27;3;0
26;2025-12-27;4;1
26;2025-12-27;5;54
26;2025-12-27;6;255
26;2025-12-27;7;379
26;2025-12-27;8;670
26;2025-12-27;9;696
26;2025-12-27;10;851
26;2025-12-27;11;1014
26;2025-12-27;12;1092
26;2025-12-27;13;1088
26;2025-12-27;14;1114
26;2025-12-27;15;1004
26;2025-12-27;16;1067
26;2025-12-27;17;984
26;2025-12-27;18;906
26;2025-12-27;19;815
26;2025-12-27;20;591
26;2025-12-27;21;386
26;2025-12-27;22;217
26;2025-12-27;23;168
26;2025-12-28;0;55
26;2025-12-28;1;3
26;2025-12-28;2;0
26;2025-12-28;3;0
26;2025-12-28;4;2
26;2025-12-28;5;23
26;2025-12-28;6;161
26;2025-12-28;7;271
26;2025-12-28;8;406
26;2025-12-28;9;535
26;2025-12-28;10;607
26;2025-12-28;11;828
26;2025-12-28;12;839
26;2025-12-28;13;893
26;2025-12-28;14;899
26;2025-12-28;15;814
26;2025-12-28;16;761
26;2025-12-28;17;795
26;2025-12-28;18;719
26;2025-12-28;19;548
26;2025-12-28;20;422
26;2025-12-28;21;289
26;2025-12-28;22;175
26;2025-12-28;23;119
26;2025-12-29;0;28
26;2025-12-29;1;1
26;2025-12-29;2;0
26;2025-12-29;3;0
26;2025-12-29;4;2
26;2025-12-29;5;81
26;2025-12-29;6;418
26;2025-12-29;7;971
26;2025-12-29;8;1969
26;2025-12-29;9;1253
26;2025-12-29;10;1081
26;2025-12-29;11;985
26;2025-12-29;12;994
26;2025-12-29;13;1022
26;2025-12-29;14;1161
26;2025-12-29;15;1213
26;2025-12-29;16;1330
26;2025-12-29;17;1523
26;2025-12-29;18;1610
26;2025-12-29;19;1053
26;2025-12-29;20;654
26;2025-12-29;21;422
26;2025-12-29;22;177
26;2025-12-29;23;111
26;2025-12-30;0;29
26;2025-12-30;1;1
26;2025-12-30;2;0
26;2025-12-30;3;0
26;2025-12-30;4;2
26;2025-12-30;5;81
26;2025-12-30;6;420
26;2025-12-30;7;977
26;2025-12-30;8;1979
26;2025-12-30;9;1261
26;2025-12-30;10;1094
26;2025-12-30;11;997
26;2025-12-30;12;1003
26;2025-12-30;13;1031
26;2025-12-30;14;1177
26;2025-12-30;15;1208
26;2025-12-30;16;1343
26;2025-12-30;17;1528
26;2025-12-30;18;1594
26;2025-12-30;19;1063
26;2025-12-30;20;659
26;2025-12-30;21;426
26;2025-12-30;22;180
26;2025-12-30;23;114
26;2025-12-31;0;47
26;2025-12-31;1;3
26;2025-12-31;2;0
26;2025-12-31;3;0
26;2025-12-31;4;1
26;2025-12-31;5;20
26;2025-12-31;6;138
26;2025-12-31;7;231
26;2025-12-31;8;345
26;2025-12-31;9;454
26;2025-12-31;10;517
26;2025-12-31;11;695
26;2025-12-31;12;707
26;2025-12-31;13;750
26;2025-12-31;14;759
26;2025-12-31;15;686
26;2025-12-31;16;639
26;2025-12-31;17;672
26;2025-12-31;18;596
26;2025-12-31;19;457
26;2025-12-31;20;0
26;2025-12-31;21;0
26;2025-12-31;22;0
26;2025-12-31;23;0
28;2025-11-01;0;0
28;2025-11-01;1;0
28;2025-11-01;2;0
28;2025-11-01;3;0
28;2025-11-01;4;1
28;2025-11-01;5;68
28;2025-11-01;6;226
28;2025-11-01;7;708
28;2025-11-01;8;1098
28;2025-11-01;9;728
28;2025-11-01;10;558
28;2025-11-01;11;503
28;2025-11-01;12;647
28;2025-11-01;13;638
28;2025-11-01;14;608
28;2025-11-01;15;613
28;2025-11-01;16;775
28;2025-11-01;17;918
28;2025-11-01;18;867
28;2025-11-01;19;641
28;2025-11-01;20;422
28;2025-11-01;21;272
28;2025-11-01;22;99
28;2025-11-01;23;8
28;2025-11-02;0;0
28;2025-11-02;1;0
28;2025-11-02;2;0
28;2025-11-02;3;0
28;2025-11-02;4;0
28;2025-11-02;5;30
28;2025-11-02;6;75
28;2025-11-02;7;164
28;2025-11-02;8;260
28;2025-11-02;9;324
28;2025-11-02;10;382
28;2025-11-02;11;435
28;2025-11-02;12;451
28;2025-11-02;13;518
28;2025-11-02;14;503
28;2025-11-02;15;502
28;2025-11-02;16;461
28;2025-11-02;17;479
28;2025-11-02;18;432
28;2025-11-02;19;366
28;2025-11-02;20;280
28;2025-11-02;21;224
28;2025-11-02;22;104
28;2025-11-02;23;10
28;2025-11-03;0;0
28;2025-11-03;1;0
28;2025-11-03;2;0
28;2025-11-03;3;0
28;2025-11-03;4;0
28;2025-11-03;5;28
28;2025-11-03;6;71
28;2025-11-03;7;152
28;2025-11-03;8;241
28;2025-11-03;9;302
28;2025-11-03;10;361
28;2025-11-03;11;399
28;2025-11-03;12;408
28;2025-11-03;13;483
28;2025-11-03;14;458
28;2025-11-03;15;461
28;2025-11-03;16;418
28;2025-11-03;17;433
28;2025-11-03;18;398
28;2025-11-03;19;348
28;2025-11-03;20;268
28;2025-11-03;21;216
28;2025-11-03;22;100
28;2025-11-03;23;9
28;2025-11-04;0;0
28;2025-11-04;1;0
28;2025-11-04;2;0
28;2025-11-04;3;0
28;2025-11-04;4;0
28;2025-11-04;5;26
28;2025-11-04;6;67
28;2025-11-04;7;142
28;2025-11-04;8;223
28;2025-11-04;9;279
28;2025-11-04;10;333
28;2025-11-04;11;371
28;2025-11-04;12;381
28;2025-11-04;13;453
28;2025-11-04;14;431
28;2025-11-04;15;436
28;2025-11-04;16;399
28;2025-11-04;17;413
28;2025-11-04;18;378
28;2025-11-04;19;331
28;2025-11-04;20;255
28;2025-11-04;21;206
28;2025-11-04;22;95
28;2025-11-04;23;9
28;2025-11-05;0;0
28;2025-11-05;1;0
28;2025-11-05;2;0
28;2025-11-05;3;0
28;2025-11-05;4;1
28;2025-11-05;5;74
28;2025-11-05;6;251
28;2025-11-05;7;777
28;2025-11-05;8;1212
28;2025-11-05;9;797
28;2025-11-05;10;611
28;2025-11-05;11;547
28;2025-11-05;12;705
28;2025-11-05;13;687
28;2025-11-05;14;653
28;2025-11-05;15;660
28;2025-11-05;16;852
28;2025-11-05;17;1001
28;2025-11-05;18;964
28;2025-11-05;19;718
28;2025-11-05;20;480
28;2025-11-05;21;310
28;2025-11-05;22;114
28;2025-11-05;23;9
28;2025-11-06;0;0
28;2025-11-06;1;0
28;2025-11-06;2;0
28;2025-11-06;3;0
28;2025-11-06;4;1
28;2025-11-06;5;79
28;2025-11-06;6;259
28;2025-11-06;7;803
28;2025-11-06;8;1242
28;2025-11-06;9;815
28;2025-11-06;10;626
28;2025-11-06;11;561
28;2025-11-06;12;721
28;2025-11-06;13;705
28;2025-11-06;14;669
28;2025-11-06;15;677
28;2025-11-06;16;866
28;2025-11-06;17;1028
28;2025-11-06;18;986
28;2025-11-06;19;730
28;2025-11-06;20;488
28;2025-11-06;21;316
28;2025-11-06;22;118
28;2025-11-06;23;10
28;2025-11-07;0;0
28;2025-11-07;1;0
28;2025-11-07;2;0
28;2025-11-07;3;0
28;2025-11-07;4;1
28;2025-11-07;5;77
28;2025-11-07;6;258
28;2025-11-07;7;797
28;2025-11-07;8;1232
28;2025-11-07;9;810
28;2025-11-07;10;624
28;2025-11-07;11;555
28;2025-11-07;12;718
28;2025-11-07;13;705
28;2025-11-07;14;672
28;2025-11-07;15;677
28;2025-11-07;16;872
28;2025-11-07;17;1007
28;2025-11-07;18;951
28;2025-11-07;19;703
28;2025-11-07;20;477
28;2025-11-07;21;318
28;2025-11-07;22;114
28;2025-11-07;23;11
28;2025-11-08;0;1
28;2025-11-08;1;0
28;2025-11-08;2;0
28;2025-11-08;3;0
28;2025-11-08;4;1
28;2025-11-08;5;37
28;2025-11-08;6;106
28;2025-11-08;7;228
28;2025-11-08;8;397
28;2025-11-08;9;458
28;2025-11-08;10;493
28;2025-11-08;11;496
28;2025-11-08;12;590
28;2025-11-08;13;580
28;2025-11-08;14;528
28;2025-11-08;15;591
28;2025-11-08;16;591
28;2025-11-08;17;569
28;2025-11-08;18;493
28;2025-11-08;19;381
28;2025-11-08;20;291
28;2025-11-08;21;252
28;2025-11-08;22;113
28;2025-11-08;23;18
28;2025-11-09;0;0
28;2025-11-09;1;0
28;2025-11-09;2;0
28;2025-11-09;3;0
28;2025-11-09;4;0
28;2025-11-09;5;30
28;2025-11-09;6;75
28;2025-11-09;7;163
28;2025-11-09;8;257
28;2025-11-09;9;322
28;2025-11-09;10;382
28;2025-11-09;11;429
28;2025-11-09;12;443
28;2025-11-09;13;518
28;2025-11-09;14;500
28;2025-11-09;15;501
28;2025-11-09;16;454
28;2025-11-09;17;467
28;2025-11-09;18;426
28;2025-11-09;19;370
28;2025-11-09;20;286
28;2025-11-09;21;231
28;2025-11-09;22;107
28;2025-11-09;23;10
28;2025-11-10;0;0
28;2025-11-10;1;0
28;2025-11-10;2;0
28;2025-11-10;3;0
28;2025-11-10;4;1
28;2025-11-10;5;78
28;2025-11-10;6;258
28;2025-11-10;7;797
28;2025-11-10;8;1240
28;2025-11-10;9;813
28;2025-11-10;10;630
28;2025-11-10;11;562
28;2025-11-10;12;726
28;2025-11-10;13;699
28;2025-11-10;14;667
28;2025-11-10;15;670
28;2025-11-10;16;868
28;2025-11-10;17;1025
28;2025-11-10;18;978
28;2025-11-10;19;731
28;2025-11-10;20;484
28;2025-11-10;21;316
28;2025-11-10;22;116
28;2025-11-10;23;10
28;2025-11-11;0;0
28;2025-11-11;1;0
28;2025-11-11;2;0
28;2025-11-11;3;0
28;2025-11-11;4;1
28;2025-11-11;5;79
28;2025-11-11;6;261
28;2025-11-11;7;803
28;2025-11-11;8;1260
28;2025-11-11;9;820
28;2025-11-11;10;636
28;2025-11-11;11;571
28;2025-11-11;12;732
28;2025-11-11;13;711
28;2025-11-11;14;677
28;2025-11-11;15;683
28;2025-11-11;16;875
28;2025-11-11;17;1035
28;2025-11-11;18;993
28;2025-11-11;19;734
28;2025-11-11;20;493
28;2025-11-11;21;320
28;2025-11-11;22;119
28;2025-11-11;23;11
28;2025-11-12;0;0
28;2025-11-12;1;0
28;2025-11-12;2;0
28;2025-11-12;3;0
28;2025-11-12;4;1
28;2025-11-12;5;78
28;2025-11-12;6;260
28;2025-11-12;7;800
28;2025-11-12;8;1251
28;2025-11-12;9;822
28;2025-11-12;10;633
28;2025-11-12;11;569
28;2025-11-12;12;733
28;2025-11-12;13;709
28;2025-11-12;14;674
28;2025-11-12;15;678
28;2025-11-12;16;876
28;2025-11-12;17;1028
28;2025-11-12;18;991
28;2025-11-12;19;739
28;2025-11-12;20;494
28;2025-11-12;21;321
28;2025-11-12;22;118
28;2025-11-12;23;11
28;2025-11-13;0;0
28;2025-11-13;1;0
28;2025-11-13;2;0
28;2025-11-13;3;0
28;2025-11-13;4;1
28;2025-11-13;5;79
28;2025-11-13;6;260
28;2025-11-13;7;808
28;2025-11-13;8;1250
28;2025-11-13;9;821
28;2025-11-13;10;633
28;2025-11-13;11;569
28;2025-11-13;12;731
28;2025-11-13;13;713
28;2025-11-13;14;677
28;2025-11-13;15;686
28;2025-11-13;16;876
28;2025-11-13;17;1039
28;2025-11-13;18;996
28;2025-11-13;19;740
28;2025-11-13;20;496
28;2025-11-13;21;321
28;2025-11-13;22;119
28;2025-11-13;23;10
28;2025-11-14;0;0
28;2025-11-14;1;0
28;2025-11-14;2;0
28;2025-11-14;3;0
28;2025-11-14;4;1
28;2025-11-14;5;78
28;2025-11-14;6;260
28;2025-11-14;7;802
28;2025-11-14;8;1241
28;2025-11-14;9;815
28;2025-11-14;10;633
28;2025-11-14;11;562
28;2025-11-14;12;725
28;2025-11-14;13;711
28;2025-11-14;14;680
28;2025-11-14;15;683
28;2025-11-14;16;879
28;2025-11-14;17;1014
28;2025-11-14;18;957
28;2025-11-14;19;709
28;2025-11-14;20;482
28;2025-11-14;21;320
28;2025-11-14;22;114
28;2025-11-14;23;10
28;2025-11-15;0;1
28;2025-11-15;1;0
28;2025-11-15;2;0
28;2025-11-15;3;0
28;2025-11-15;4;1
28;2025-11-15;5;35
28;2025-11-15;6;104
28;2025-11-15;7;222
28;2025-11-15;8;386
28;2025-11-15;9;446
28;2025-11-15;10;475
28;2025-11-15;11;477
28;2025-11-15;12;571
28;2025-11-15;13;563
28;2025-11-15;14;512
28;2025-11-15;15;573
28;2025-11-15;16;580
28;2025-11-15;17;555
28;2025-11-15;18;480
28;2025-11-15;19;372
28;2025-11-15;20;284
28;2025-11-15;21;248
28;2025-11-15;22;111
28;2025-11-15;23;17
28;2025-11-16;0;0
28;2025-11-16;1;0
28;2025-11-16;2;0
28;2025-11-16;3;0
28;2025-11-16;4;0
28;2025-11-16;5;29
28;2025-11-16;6;75
28;2025-11-16;7;163
28;2025-11-16;8;259
28;2025-11-16;9;322
28;2025-11-16;10;383
28;2025-11-16;11;431
28;2025-11-16;12;445
28;2025-11-16;13;522
28;2025-11-16;14;503
28;2025-11-16;15;504
28;2025-11-16;16;457
28;2025-11-16;17;469
28;2025-11-16;18;428
28;2025-11-16;19;371
28;2025-11-16;20;287
28;2025-11-16;21;232
28;2025-11-16;22;107
28;2025-11-16;23;11
28;2025-11-17;0;0
28;2025-11-17;1;0
28;2025-11-17;2;0
28;2025-11-17;3;0
28;2025-11-17;4;1
28;2025-11-17;5;77
28;2025-11-17;6;259
28;2025-11-17;7;798
28;2025-11-17;8;1240
28;2025-11-17;9;813
28;2025-11-17;10;629
28;2025-11-17;11;561
28;2025-11-17;12;725
28;2025-11-17;13;694
28;2025-11-17;14;663
28;2025-11-17;15;664
28;2025-11-17;16;863
28;2025-11-17;17;1021
28;2025-11-17;18;977
28;2025-11-17;19;730
28;2025-11-17;20;484
28;2025-11-17;21;314
28;2025-11-17;22;116
28;2025-11-17;23;10
28;2025-11-18;0;0
28;2025-11-18;1;0
28;2025-11-18;2;0
28;2025-11-18;3;0
28;2025-11-18;4;1
28;2025-11-18;5;77
28;2025-11-18;6;254
28;2025-11-18;7;788
28;2025-11-18;8;1235
28;2025-11-18;9;803
28;2025-11-18;10;618
28;2025-11-18;11;554
28;2025-11-18;12;713
28;2025-11-18;13;689
28;2025-11-18;14;658
28;2025-11-18;15;664
28;2025-11-18;16;854
28;2025-11-18;17;1012
28;2025-11-18;18;971
28;2025-11-18;19;718
28;2025-11-18;20;482
28;2025-11-18;21;313
28;2025-11-18;22;115
28;2025-11-18;23;9
28;2025-11-19;0;0
28;2025-11-19;1;0
28;2025-11-19;2;0
28;2025-11-19;3;0
28;2025-11-19;4;1
28;2025-11-19;5;78
28;2025-11-19;6;260
28;2025-11-19;7;800
28;2025-11-19;8;1253
28;2025-11-19;9;823
28;2025-11-19;10;635
28;2025-11-19;11;571
28;2025-11-19;12;736
28;2025-11-19;13;714
28;2025-11-19;14;678
28;2025-11-19;15;683
28;2025-11-19;16;881
28;2025-11-19;17;1033
28;2025-11-19;18;995
28;2025-11-19;19;742
28;2025-11-19;20;496
28;2025-11-19;21;321
28;2025-11-19;22;119
28;2025-11-19;23;10
28;2025-11-20;0;0
28;2025-11-20;1;0
28;2025-11-20;2;0
28;2025-11-20;3;0
28;2025-11-20;4;1
28;2025-11-20;5;79
28;2025-11-20;6;261
28;2025-11-20;7;810
28;2025-11-20;8;1254
28;2025-11-20;9;823
28;2025-11-20;10;635
28;2025-11-20;11;571
28;2025-11-20;12;733
28;2025-11-20;13;715
28;2025-11-20;14;679
28;2025-11-20;15;689
28;2025-11-20;16;878
28;2025-11-20;17;1043
28;2025-11-20;18;998
28;2025-11-20;19;741
28;2025-11-20;20;497
28;2025-11-20;21;322
28;2025-11-20;22;120
28;2025-11-20;23;11
28;2025-11-21;0;0
28;2025-11-21;1;0
28;2025-11-21;2;0
28;2025-11-21;3;0
28;2025-11-21;4;1
28;2025-11-21;5;79
28;2025-11-21;6;260
28;2025-11-21;7;806
28;2025-11-21;8;1249
28;2025-11-21;9;820
28;2025-11-21;10;636
28;2025-11-21;11;565
28;2025-11-21;12;729
28;2025-11-21;13;714
28;2025-11-21;14;682
28;2025-11-21;15;686
28;2025-11-21;16;883
28;2025-11-21;17;1020
28;2025-11-21;18;963
28;2025-11-21;19;713
28;2025-11-21;20;483
28;2025-11-21;21;323
28;2025-11-21;22;115
28;2025-11-21;23;11
28;2025-11-22;0;1
28;2025-11-22;1;0
28;2025-11-22;2;0
28;2025-11-22;3;0
28;2025-11-22;4;1
28;2025-11-22;5;37
28;2025-11-22;6;106
28;2025-11-22;7;226
28;2025-11-22;8;393
28;2025-11-22;9;452
28;2025-11-22;10;486
28;2025-11-22;11;489
28;2025-11-22;12;587
28;2025-11-22;13;577
28;2025-11-22;14;524
28;2025-11-22;15;587
28;2025-11-22;16;591
28;2025-11-22;17;567
28;2025-11-22;18;491
28;2025-11-22;19;379
28;2025-11-22;20;289
28;2025-11-22;21;250
28;2025-11-22;22;111
28;2025-11-22;23;16
28;2025-11-23;0;0
28;2025-11-23;1;0
28;2025-11-23;2;0
28;2025-11-23;3;0
28;2025-11-23;4;0
28;2025-11-23;5;29
28;2025-11-23;6;75
28;2025-11-23;7;163
28;2025-11-23;8;258
28;2025-11-23;9;322
28;2025-11-23;10;383
28;2025-11-23;11;430
28;2025-11-23;12;444
28;2025-11-23;13;520
28;2025-11-23;14;501
28;2025-11-23;15;502
28;2025-11-23;16;454
28;2025-11-23;17;468
28;2025-11-23;18;427
28;2025-11-23;19;369
28;2025-11-23;20;286
28;2025-11-23;21;231
28;2025-11-23;22;107
28;2025-11-23;23;11
28;2025-11-24;0;0
28;2025-11-24;1;0
28;2025-11-24;2;0
28;2025-11-24;3;0
28;2025-11-24;4;1
28;2025-11-24;5;76
28;2025-11-24;6;253
28;2025-11-24;7;784
28;2025-11-24;8;1217
28;2025-11-24;9;800
28;2025-11-24;10;616
28;2025-11-24;11;549
28;2025-11-24;12;712
28;2025-11-24;13;684
28;2025-11-24;14;655
28;2025-11-24;15;655
28;2025-11-24;16;850
28;2025-11-24;17;1005
28;2025-11-24;18;962
28;2025-11-24;19;719
28;2025-11-24;20;476
28;2025-11-24;21;309
28;2025-11-24;22;112
28;2025-11-24;23;8
28;2025-11-25;0;0
28;2025-11-25;1;0
28;2025-11-25;2;0
28;2025-11-25;3;0
28;2025-11-25;4;1
28;2025-11-25;5;77
28;2025-11-25;6;260
28;2025-11-25;7;801
28;2025-11-25;8;1259
28;2025-11-25;9;818
28;2025-11-25;10;636
28;2025-11-25;11;571
28;2025-11-25;12;731
28;2025-11-25;13;711
28;2025-11-25;14;677
28;2025-11-25;15;684
28;2025-11-25;16;875
28;2025-11-25;17;1034
28;2025-11-25;18;992
28;2025-11-25;19;733
28;2025-11-25;20;493
28;2025-11-25;21;321
28;2025-11-25;22;119
28;2025-11-25;23;11
28;2025-11-26;0;0
28;2025-11-26;1;0
28;2025-11-26;2;0
28;2025-11-26;3;0
28;2025-11-26;4;1
28;2025-11-26;5;78
28;2025-11-26;6;259
28;2025-11-26;7;801
28;2025-11-26;8;1251
28;2025-11-26;9;823
28;2025-11-26;10;632
28;2025-11-26;11;568
28;2025-11-26;12;733
28;2025-11-26;13;709
28;2025-11-26;14;675
28;2025-11-26;15;679
28;2025-11-26;16;876
28;2025-11-26;17;1028
28;2025-11-26;18;991
28;2025-11-26;19;740
28;2025-11-26;20;493
28;2025-11-26;21;320
28;2025-11-26;22;117
28;2025-11-26;23;10
28;2025-11-27;0;0
28;2025-11-27;1;0
28;2025-11-27;2;0
28;2025-11-27;3;0
28;2025-11-27;4;1
28;2025-11-27;5;80
28;2025-11-27;6;262
28;2025-11-27;7;816
28;2025-11-27;8;1261
28;2025-11-27;9;829
28;2025-11-27;10;640
28;2025-11-27;11;575
28;2025-11-27;12;736
28;2025-11-27;13;715
28;2025-11-27;14;679
28;2025-11-27;15;689
28;2025-11-27;16;881
28;2025-11-27;17;1047
28;2025-11-27;18;1000
28;2025-11-27;19;742
28;2025-11-27;20;496
28;2025-11-27;21;321
28;2025-11-27;22;119
28;2025-11-27;23;10
28;2025-11-28;0;0
28;2025-11-28;1;0
28;2025-11-28;2;0
28;2025-11-28;3;0
28;2025-11-28;4;1
28;2025-11-28;5;79
28;2025-11-28;6;259
28;2025-11-28;7;802
28;2025-11-28;8;1242
28;2025-11-28;9;818
28;2025-11-28;10;634
28;2025-11-28;11;564
28;2025-11-28;12;728
28;2025-11-28;13;712
28;2025-11-28;14;681
28;2025-11-28;15;684
28;2025-11-28;16;883
28;2025-11-28;17;1019
28;2025-11-28;18;964
28;2025-11-28;19;714
28;2025-11-28;20;483
28;2025-11-28;21;322
28;2025-11-28;22;115
28;2025-11-28;23;10
28;2025-11-29;0;1
28;2025-11-29;1;0
28;2025-11-29;2;0
28;2025-11-29;3;0
28;2025-11-29;4;1
28;2025-11-29;5;36
28;2025-11-29;6;107
28;2025-11-29;7;230
28;2025-11-29;8;401
28;2025-11-29;9;463
28;2025-11-29;10;499
28;2025-11-29;11;502
28;2025-11-29;12;599
28;2025-11-29;13;588
28;2025-11-29;14;533
28;2025-11-29;15;596
28;2025-11-29;16;598
28;2025-11-29;17;573
28;2025-11-29;18;497
28;2025-11-29;19;383
28;2025-11-29;20;293
28;2025-11-29;21;254
28;2025-11-29;22;113
28;2025-11-29;23;18
28;2025-11-30;0;0
28;2025-11-30;1;0
28;2025-11-30;2;0
28;2025-11-30;3;0
28;2025-11-30;4;0
28;2025-11-30;5;30
28;2025-11-30;6;75
28;2025-11-30;7;163
28;2025-11-30;8;257
28;2025-11-30;9;321
28;2025-11-30;10;384
28;2025-11-30;11;431
28;2025-11-30;12;444
28;2025-11-30;13;521
28;2025-11-30;14;500
28;2025-11-30;15;502
28;2025-11-30;16;455
28;2025-11-30;17;468
28;2025-11-30;18;428
28;2025-11-30;19;370
28;2025-11-30;20;287
28;2025-11-30;21;231
28;2025-11-30;22;107
28;2025-11-30;23;11
28;2025-12-01;0;0
28;2025-12-01;1;0
28;2025-12-01;2;0
28;2025-12-01;3;0
28;2025-12-01;4;1
28;2025-12-01;5;79
28;2025-12-01;6;267
28;2025-12-01;7;825
28;2025-12-01;8;1283
28;2025-12-01;9;846
28;2025-12-01;10;654
28;2025-12-01;11;584
28;2025-12-01;12;750
28;2025-12-01;13;724
28;2025-12-01;14;690
28;2025-12-01;15;693
28;2025-12-01;16;895
28;2025-12-01;17;1066
28;2025-12-01;18;1010
28;2025-12-01;19;754
28;2025-12-01;20;501
28;2025-12-01;21;327
28;2025-12-01;22;119
28;2025-12-01;23;10
28;2025-12-02;0;0
28;2025-12-02;1;0
28;2025-12-02;2;0
28;2025-12-02;3;0
28;2025-12-02;4;1
28;2025-12-02;5;81
28;2025-12-02;6;268
28;2025-12-02;7;825
28;2025-12-02;8;1299
28;2025-12-02;9;846
28;2025-12-02;10;657
28;2025-12-02;11;591
28;2025-12-02;12;750
28;2025-12-02;13;733
28;2025-12-02;14;696
28;2025-12-02;15;705
28;2025-12-02;16;895
28;2025-12-02;17;1067
28;2025-12-02;18;1021
28;2025-12-02;19;750
28;2025-12-02;20;509
28;2025-12-02;21;332
28;2025-12-02;22;123
28;2025-12-02;23;11
28;2025-12-03;0;0
28;2025-12-03;1;0
28;2025-12-03;2;0
28;2025-12-03;3;0
28;2025-12-03;4;1
28;2025-12-03;5;82
28;2025-12-03;6;270
28;2025-12-03;7;824
28;2025-12-03;8;1292
28;2025-12-03;9;855
28;2025-12-03;10;657
28;2025-12-03;11;594
28;2025-12-03;12;759
28;2025-12-03;13;740
28;2025-12-03;14;699
28;2025-12-03;15;705
28;2025-12-03;16;906
28;2025-12-03;17;1068
28;2025-12-03;18;1026
28;2025-12-03;19;763
28;2025-12-03;20;513
28;2025-12-03;21;333
28;2025-12-03;22;122
28;2025-12-03;23;11
28;2025-12-04;0;0
28;2025-12-04;1;0
28;2025-12-04;2;0
28;2025-12-04;3;0
28;2025-12-04;4;1
28;2025-12-04;5;83
28;2025-12-04;6;271
28;2025-12-04;7;838
28;2025-12-04;8;1293
28;2025-12-04;9;853
28;2025-12-04;10;655
28;2025-12-04;11;592
28;2025-12-04;12;754
28;2025-12-04;13;741
28;2025-12-04;14;700
28;2025-12-04;15;714
28;2025-12-04;16;902
28;2025-12-04;17;1081
28;2025-12-04;18;1030
28;2025-12-04;19;744
28;2025-12-04;20;514
28;2025-12-04;21;335
28;2025-12-04;22;125
28;2025-12-04;23;11
28;2025-12-05;0;0
28;2025-12-05;1;0
28;2025-12-05;2;0
28;2025-12-05;3;0
28;2025-12-05;4;1
28;2025-12-05;5;80
28;2025-12-05;6;271
28;2025-12-05;7;834
28;2025-12-05;8;1288
28;2025-12-05;9;852
28;2025-12-05;10;660
28;2025-12-05;11;585
28;2025-12-05;12;751
28;2025-12-05;13;743
28;2025-12-05;14;708
28;2025-12-05;15;712
28;2025-12-05;16;913
28;2025-12-05;17;1050
28;2025-12-05;18;979
28;2025-12-05;19;724
28;2025-12-05;20;496
28;2025-12-05;21;336
28;2025-12-05;22;118
28;2025-12-05;23;12
28;2025-12-06;0;1
28;2025-12-06;1;0
28;2025-12-06;2;0
28;2025-12-06;3;0
28;2025-12-06;4;1
28;2025-12-06;5;37
28;2025-12-06;6;107
28;2025-12-06;7;229
28;2025-12-06;8;400
28;2025-12-06;9;461
28;2025-12-06;10;496
28;2025-12-06;11;499
28;2025-12-06;12;596
28;2025-12-06;13;584
28;2025-12-06;14;527
28;2025-12-06;15;594
28;2025-12-06;16;595
28;2025-12-06;17;573
28;2025-12-06;18;495
28;2025-12-06;19;382
28;2025-12-06;20;295
28;2025-12-06;21;255
28;2025-12-06;22;115
28;2025-12-06;23;18
28;2025-12-07;0;0
28;2025-12-07;1;0
28;2025-12-07;2;0
28;2025-12-07;3;0
28;2025-12-07;4;0
28;2025-12-07;5;29
28;2025-12-07;6;74
28;2025-12-07;7;162
28;2025-12-07;8;258
28;2025-12-07;9;322
28;2025-12-07;10;382
28;2025-12-07;11;431
28;2025-12-07;12;445
28;2025-12-07;13;518
28;2025-12-07;14;498
28;2025-12-07;15;498
28;2025-12-07;16;455
28;2025-12-07;17;471
28;2025-12-07;18;432
28;2025-12-07;19;373
28;2025-12-07;20;289
28;2025-12-07;21;232
28;2025-12-07;22;108
28;2025-12-07;23;11
28;2025-12-08;0;0
28;2025-12-08;1;0
28;2025-12-08;2;0
28;2025-12-08;3;0
28;2025-12-08;4;1
28;2025-12-08;5;82
28;2025-12-08;6;269
28;2025-12-08;7;824
28;2025-12-08;8;1282
28;2025-12-08;9;846
28;2025-12-08;10;655
28;2025-12-08;11;585
28;2025-12-08;12;751
28;2025-12-08;13;724
28;2025-12-08;14;690
28;2025-12-08;15;693
28;2025-12-08;16;895
28;2025-12-08;17;1066
28;2025-12-08;18;1010
28;2025-12-08;19;754
28;2025-12-08;20;502
28;2025-12-08;21;328
28;2025-12-08;22;119
28;2025-12-08;23;11
28;2025-12-09;0;0
28;2025-12-09;1;0
28;2025-12-09;2;0
28;2025-12-09;3;0
28;2025-12-09;4;1
28;2025-12-09;5;82
28;2025-12-09;6;269
28;2025-12-09;7;821
28;2025-12-09;8;1300
28;2025-12-09;9;847
28;2025-12-09;10;659
28;2025-12-09;11;591
28;2025-12-09;12;749
28;2025-12-09;13;732
28;2025-12-09;14;695
28;2025-12-09;15;707
28;2025-12-09;16;897
28;2025-12-09;17;1063
28;2025-12-09;18;1017
28;2025-12-09;19;749
28;2025-12-09;20;507
28;2025-12-09;21;331
28;2025-12-09;22;122
28;2025-12-09;23;11
28;2025-12-10;0;0
28;2025-12-10;1;0
28;2025-12-10;2;0
28;2025-12-10;3;0
28;2025-12-10;4;1
28;2025-12-10;5;79
28;2025-12-10;6;269
28;2025-12-10;7;827
28;2025-12-10;8;1297
28;2025-12-10;9;857
28;2025-12-10;10;660
28;2025-12-10;11;597
28;2025-12-10;12;763
28;2025-12-10;13;743
28;2025-12-10;14;701
28;2025-12-10;15;707
28;2025-12-10;16;908
28;2025-12-10;17;1069
28;2025-12-10;18;1028
28;2025-12-10;19;764
28;2025-12-10;20;514
28;2025-12-10;21;334
28;2025-12-10;22;122
28;2025-12-10;23;11
28;2025-12-11;0;0
28;2025-12-11;1;0
28;2025-12-11;2;0
28;2025-12-11;3;0
28;2025-12-11;4;1
28;2025-12-11;5;82
28;2025-12-11;6;269
28;2025-12-11;7;831
28;2025-12-11;8;1280
28;2025-12-11;9;845
28;2025-12-11;10;647
28;2025-12-11;11;585
28;2025-12-11;12;746
28;2025-12-11;13;734
28;2025-12-11;14;694
28;2025-12-11;15;712
28;2025-12-11;16;897
28;2025-12-11;17;1073
28;2025-12-11;18;1019
28;2025-12-11;19;752
28;2025-12-11;20;507
28;2025-12-11;21;330
28;2025-12-11;22;123
28;2025-12-11;23;11
28;2025-12-12;0;0
28;2025-12-12;1;0
28;2025-12-12;2;0
28;2025-12-12;3;0
28;2025-12-12;4;1
28;2025-12-12;5;82
28;2025-12-12;6;269
28;2025-12-12;7;827
28;2025-12-12;8;1276
28;2025-12-12;9;847
28;2025-12-12;10;657
28;2025-12-12;11;582
28;2025-12-12;12;744
28;2025-12-12;13;732
28;2025-12-12;14;697
28;2025-12-12;15;698
28;2025-12-12;16;889
28;2025-12-12;17;1025
28;2025-12-12;18;961
28;2025-12-12;19;714
28;2025-12-12;20;488
28;2025-12-12;21;329
28;2025-12-12;22;115
28;2025-12-12;23;10
28;2025-12-13;0;1
28;2025-12-13;1;0
28;2025-12-13;2;0
28;2025-12-13;3;0
28;2025-12-13;4;1
28;2025-12-13;5;36
28;2025-12-13;6;105
28;2025-12-13;7;226
28;2025-12-13;8;398
28;2025-12-13;9;458
28;2025-12-13;10;497
28;2025-12-13;11;499
28;2025-12-13;12;596
28;2025-12-13;13;584
28;2025-12-13;14;526
28;2025-12-13;15;593
28;2025-12-13;16;594
28;2025-12-13;17;573
28;2025-12-13;18;494
28;2025-12-13;19;381
28;2025-12-13;20;291
28;2025-12-13;21;252
28;2025-12-13;22;114
28;2025-12-13;23;17
28;2025-12-14;0;0
28;2025-12-14;1;0
28;2025-12-14;2;0
28;2025-12-14;3;0
28;2025-12-14;4;0
28;2025-12-14;5;31
28;2025-12-14;6;74
28;2025-12-14;7;162
28;2025-12-14;8;256
28;2025-12-14;9;320
28;2025-12-14;10;380
28;2025-12-14;11;431
28;2025-12-14;12;443
28;2025-12-14;13;516
28;2025-12-14;14;496
28;2025-12-14;15;496
28;2025-12-14;16;454
28;2025-12-14;17;470
28;2025-12-14;18;431
28;2025-12-14;19;371
28;2025-12-14;20;288
28;2025-12-14;21;230
28;2025-12-14;22;107
28;2025-12-14;23;10
28;2025-12-15;0;0
28;2025-12-15;1;0
28;2025-12-15;2;0
28;2025-12-15;3;0
28;2025-12-15;4;1
28;2025-12-15;5;79
28;2025-12-15;6;267
28;2025-12-15;7;823
28;2025-12-15;8;1281
28;2025-12-15;9;845
28;2025-12-15;10;655
28;2025-12-15;11;585
28;2025-12-15;12;750
28;2025-12-15;13;722
28;2025-12-15;14;688
28;2025-12-15;15;692
28;2025-12-15;16;893
28;2025-12-15;17;1063
28;2025-12-15;18;1007
28;2025-12-15;19;752
28;2025-12-15;20;501
28;2025-12-15;21;326
28;2025-12-15;22;119
28;2025-12-15;23;10
28;2025-12-16;0;0
28;2025-12-16;1;0
28;2025-12-16;2;0
28;2025-12-16;3;0
28;2025-12-16;4;1
28;2025-12-16;5;83
28;2025-12-16;6;275
28;2025-12-16;7;842
28;2025-12-16;8;1327
28;2025-12-16;9;867
28;2025-12-16;10;673
28;2025-12-16;11;605
28;2025-12-16;12;767
28;2025-12-16;13;745
28;2025-12-16;14;707
28;2025-12-16;15;716
28;2025-12-16;16;914
28;2025-12-16;17;1088
28;2025-12-16;18;1039
28;2025-12-16;19;763
28;2025-12-16;20;518
28;2025-12-16;21;338
28;2025-12-16;22;125
28;2025-12-16;23;11
28;2025-12-17;0;0
28;2025-12-17;1;0
28;2025-12-17;2;0
28;2025-12-17;3;0
28;2025-12-17;4;1
28;2025-12-17;5;82
28;2025-12-17;6;270
28;2025-12-17;7;825
28;2025-12-17;8;1298
28;2025-12-17;9;859
28;2025-12-17;10;660
28;2025-12-17;11;597
28;2025-12-17;12;762
28;2025-12-17;13;741
28;2025-12-17;14;702
28;2025-12-17;15;709
28;2025-12-17;16;911
28;2025-12-17;17;1072
28;2025-12-17;18;1030
28;2025-12-17;19;765
28;2025-12-17;20;515
28;2025-12-17;21;335
28;2025-12-17;22;123
28;2025-12-17;23;11
28;2025-12-18;0;0
28;2025-12-18;1;0
28;2025-12-18;2;0
28;2025-12-18;3;0
28;2025-12-18;4;1
28;2025-12-18;5;82
28;2025-12-18;6;269
28;2025-12-18;7;831
28;2025-12-18;8;1285
28;2025-12-18;9;848
28;2025-12-18;10;650
28;2025-12-18;11;587
28;2025-12-18;12;748
28;2025-12-18;13;736
28;2025-12-18;14;696
28;2025-12-18;15;710
28;2025-12-18;16;897
28;2025-12-18;17;1074
28;2025-12-18;18;1023
28;2025-12-18;19;758
28;2025-12-18;20;511
28;2025-12-18;21;333
28;2025-12-18;22;124
28;2025-12-18;23;11
28;2025-12-19;0;0
28;2025-12-19;1;0
28;2025-12-19;2;0
28;2025-12-19;3;0
28;2025-12-19;4;1
28;2025-12-19;5;82
28;2025-12-19;6;271
28;2025-12-19;7;831
28;2025-12-19;8;1288
28;2025-12-19;9;852
28;2025-12-19;10;660
28;2025-12-19;11;584
28;2025-12-19;12;750
28;2025-12-19;13;742
28;2025-12-19;14;708
28;2025-12-19;15;714
28;2025-12-19;16;913
28;2025-12-19;17;1051
28;2025-12-19;18;978
28;2025-12-19;19;724
28;2025-12-19;20;495
28;2025-12-19;21;335
28;2025-12-19;22;118
28;2025-12-19;23;12
28;2025-12-20;0;1
28;2025-12-20;1;0
28;2025-12-20;2;0
28;2025-12-20;3;0
28;2025-12-20;4;1
28;2025-12-20;5;37
28;2025-12-20;6;107
28;2025-12-20;7;228
28;2025-12-20;8;401
28;2025-12-20;9;462
28;2025-12-20;10;496
28;2025-12-20;11;499
28;2025-12-20;12;594
28;2025-12-20;13;583
28;2025-12-20;14;526
28;2025-12-20;15;593
28;2025-12-20;16;594
28;2025-12-20;17;573
28;2025-12-20;18;494
28;2025-12-20;19;383
28;2025-12-20;20;294
28;2025-12-20;21;254
28;2025-12-20;22;115
28;2025-12-20;23;18
28;2025-12-21;0;0
28;2025-12-21;1;0
28;2025-12-21;2;0
28;2025-12-21;3;0
28;2025-12-21;4;0
28;2025-12-21;5;31
28;2025-12-21;6;74
28;2025-12-21;7;160
28;2025-12-21;8;255
28;2025-12-21;9;320
28;2025-12-21;10;382
28;2025-12-21;11;429
28;2025-12-21;12;442
28;2025-12-21;13;517
28;2025-12-21;14;496
28;2025-12-21;15;497
28;2025-12-21;16;453
28;2025-12-21;17;469
28;2025-12-21;18;430
28;2025-12-21;19;371
28;2025-12-21;20;287
28;2025-12-21;21;232
28;2025-12-21;22;107
28;2025-12-21;23;11
28;2025-12-22;0;0
28;2025-12-22;1;0
28;2025-12-22;2;0
28;2025-12-22;3;0
28;2025-12-22;4;1
28;2025-12-22;5;82
28;2025-12-22;6;267
28;2025-12-22;7;822
28;2025-12-22;8;1277
28;2025-12-22;9;842
28;2025-12-22;10;650
28;2025-12-22;11;580
28;2025-12-22;12;745
28;2025-12-22;13;715
28;2025-12-22;14;682
28;2025-12-22;15;685
28;2025-12-22;16;886
28;2025-12-22;17;1055
28;2025-12-22;18;998
28;2025-12-22;19;745
28;2025-12-22;20;496
28;2025-12-22;21;323
28;2025-12-22;22;117
28;2025-12-22;23;8
28;2025-12-23;0;0
28;2025-12-23;1;0
28;2025-12-23;2;0
28;2025-12-23;3;0
28;2025-12-23;4;1
28;2025-12-23;5;78
28;2025-12-23;6;266
28;2025-12-23;7;818
28;2025-12-23;8;1296
28;2025-12-23;9;844
28;2025-12-23;10;657
28;2025-12-23;11;591
28;2025-12-23;12;749
28;2025-12-23;13;732
28;2025-12-23;14;695
28;2025-12-23;15;707
28;2025-12-23;16;894
28;2025-12-23;17;1067
28;2025-12-23;18;1016
28;2025-12-23;19;748
28;2025-12-23;20;507
28;2025-12-23;21;330
28;2025-12-23;22;121
28;2025-12-23;23;10
28;2025-12-24;0;0
28;2025-12-24;1;0
28;2025-12-24;2;0
28;2025-12-24;3;0
28;2025-12-24;4;1
28;2025-12-24;5;80
28;2025-12-24;6;272
28;2025-12-24;7;836
28;2025-12-24;8;1315
28;2025-12-24;9;871
28;2025-12-24;10;671
28;2025-12-24;11;607
28;2025-12-24;12;774
28;2025-12-24;13;750
28;2025-12-24;14;708
28;2025-12-24;15;715
28;2025-12-24;16;922
28;2025-12-24;17;1086
28;2025-12-24;18;1041
28;2025-12-24;19;773
28;2025-12-24;20;520
28;2025-12-24;21;337
28;2025-12-24;22;122
28;2025-12-24;23;11
28;2025-12-25;0;0
28;2025-12-25;1;0
28;2025-12-25;2;0
28;2025-12-25;3;0
28;2025-12-25;4;1
28;2025-12-25;5;82
28;2025-12-25;6;269
28;2025-12-25;7;833
28;2025-12-25;8;1289
28;2025-12-25;9;853
28;2025-12-25;10;655
28;2025-12-25;11;592
28;2025-12-25;12;754
28;2025-12-25;13;739
28;2025-12-25;14;698
28;2025-12-25;15;714
28;2025-12-25;16;899
28;2025-12-25;17;1077
28;2025-12-25;18;1017
28;2025-12-25;19;751
28;2025-12-25;20;506
28;2025-12-25;21;328
28;2025-12-25;22;122
28;2025-12-25;23;11
28;2025-12-26;0;0
28;2025-12-26;1;0
28;2025-12-26;2;0
28;2025-12-26;3;0
28;2025-12-26;4;1
28;2025-12-26;5;80
28;2025-12-26;6;262
28;2025-12-26;7;805
28;2025-12-26;8;1244
28;2025-12-26;9;824
28;2025-12-26;10;637
28;2025-12-26;11;562
28;2025-12-26;12;722
28;2025-12-26;13;712
28;2025-12-26;14;682
28;2025-12-26;15;689
28;2025-12-26;16;882
28;2025-12-26;17;1014
28;2025-12-26;18;946
28;2025-12-26;19;699
28;2025-12-26;20;476
28;2025-12-26;21;322
28;2025-12-26;22;114
28;2025-12-26;23;12
28;2025-12-27;0;1
28;2025-12-27;1;0
28;2025-12-27;2;0
28;2025-12-27;3;0
28;2025-12-27;4;1
28;2025-12-27;5;35
28;2025-12-27;6;105
28;2025-12-27;7;226
28;2025-12-27;8;398
28;2025-12-27;9;456
28;2025-12-27;10;490
28;2025-12-27;11;492
28;2025-12-27;12;592
28;2025-12-27;13;582
28;2025-12-27;14;526
28;2025-12-27;15;590
28;2025-12-27;16;592
28;2025-12-27;17;570
28;2025-12-27;18;492
28;2025-12-27;19;380
28;2025-12-27;20;291
28;2025-12-27;21;251
28;2025-12-27;22;114
28;2025-12-27;23;17
28;2025-12-28;0;0
28;2025-12-28;1;0
28;2025-12-28;2;0
28;2025-12-28;3;0
28;2025-12-28;4;0
28;2025-12-28;5;30
28;2025-12-28;6;74
28;2025-12-28;7;160
28;2025-12-28;8;254
28;2025-12-28;9;316
28;2025-12-28;10;378
28;2025-12-28;11;422
28;2025-12-28;12;436
28;2025-12-28;13;511
28;2025-12-28;14;491
28;2025-12-28;15;493
28;2025-12-28;16;448
28;2025-12-28;17;467
28;2025-12-28;18;430
28;2025-12-28;19;369
28;2025-12-28;20;283
28;2025-12-28;21;228
28;2025-12-28;22;106
28;2025-12-28;23;11
28;2025-12-29;0;0
28;2025-12-29;1;0
28;2025-12-29;2;0
28;2025-12-29;3;0
28;2025-12-29;4;1
28;2025-12-29;5;68
28;2025-12-29;6;222
28;2025-12-29;7;684
28;2025-12-29;8;1066
28;2025-12-29;9;703
28;2025-12-29;10;543
28;2025-12-29;11;485
28;2025-12-29;12;624
28;2025-12-29;13;602
28;2025-12-29;14;573
28;2025-12-29;15;577
28;2025-12-29;16;745
28;2025-12-29;17;884
28;2025-12-29;18;833
28;2025-12-29;19;621
28;2025-12-29;20;412
28;2025-12-29;21;268
28;2025-12-29;22;96
28;2025-12-29;23;8
28;2025-12-30;0;0
28;2025-12-30;1;0
28;2025-12-30;2;0
28;2025-12-30;3;0
28;2025-12-30;4;1
28;2025-12-30;5;68
28;2025-12-30;6;223
28;2025-12-30;7;688
28;2025-12-30;8;1092
28;2025-12-30;9;708
28;2025-12-30;10;549
28;2025-12-30;11;490
28;2025-12-30;12;626
28;2025-12-30;13;613
28;2025-12-30;14;583
28;2025-12-30;15;595
28;2025-12-30;16;748
28;2025-12-30;17;890
28;2025-12-30;18;841
28;2025-12-30;19;614
28;2025-12-30;20;418
28;2025-12-30;21;272
28;2025-12-30;22;100
28;2025-12-30;23;9
28;2025-12-31;0;0
28;2025-12-31;1;0
28;2025-12-31;2;0
28;2025-12-31;3;0
28;2025-12-31;4;0
28;2025-12-31;5;26
28;2025-12-31;6;66
28;2025-12-31;7;142
28;2025-12-31;8;225
28;2025-12-31;9;280
28;2025-12-31;10;331
28;2025-12-31;11;371
28;2025-12-31;12;383
28;2025-12-31;13;447
28;2025-12-31;14;429
28;2025-12-31;15;432
28;2025-12-31;16;392
28;2025-12-31;17;409
28;2025-12-31;18;372
28;2025-12-31;19;318
28;2025-12-31;20;0
28;2025-12-31;21;0
28;2025-12-31;22;0
28;2025-12-31;23;0
50;2025-11-01;0;20
50;2025-11-01;1;1
50;2025-11-01;2;0
50;2025-11-01;3;0
50;2025-11-01;4;3
50;2025-11-01;5;61
50;2025-11-01;6;452
50;2025-11-01;7;1535
50;2025-11-01;8;2477
50;2025-11-01;9;1936
50;2025-11-01;10;1476
50;2025-11-01;11;1344
50;2025-11-01;12;1277
50;2025-11-01;13;1326
50;2025-11-01;14;1270
50;2025-11-01;15;1469
50;2025-11-01;16;1543
50;2025-11-01;17;2071
50;2025-11-01;18;2052
50;2025-11-01;19;1203
50;2025-11-01;20;788
50;2025-11-01;21;539
50;2025-11-01;22;178
50;2025-11-01;23;130
50;2025-11-02;0;0
50;2025-11-02;1;0
50;2025-11-02;2;0
50;2025-11-02;3;0
50;2025-11-02;4;0
50;2025-11-02;5;0
50;2025-11-02;6;0
50;2025-11-02;7;0
50;2025-11-02;8;0
50;2025-11-02;9;0
50;2025-11-02;10;13
50;2025-11-02;11;16
50;2025-11-02;12;9
50;2025-11-02;13;18
50;2025-11-02;14;59
50;2025-11-02;15;54
50;2025-11-02;16;100
50;2025-11-02;17;74
50;2025-11-02;18;40
50;2025-11-02;19;30
50;2025-11-02;20;31
50;2025-11-02;21;20
50;2025-11-02;22;30
50;2025-11-02;23;4
50;2025-11-03;0;0
50;2025-11-03;1;0
50;2025-11-03;2;0
50;2025-11-03;3;0
50;2025-11-03;4;0
50;2025-11-03;5;0
50;2025-11-03;6;0
50;2025-11-03;7;0
50;2025-11-03;8;0
50;2025-11-03;9;0
50;2025-11-03;10;12
50;2025-11-03;11;15
50;2025-11-03;12;8
50;2025-11-03;13;17
50;2025-11-03;14;56
50;2025-11-03;15;51
50;2025-11-03;16;95
50;2025-11-03;17;70
50;2025-11-03;18;38
50;2025-11-03;19;28
50;2025-11-03;20;29
50;2025-11-03;21;19
50;2025-11-03;22;28
50;2025-11-03;23;4
50;2025-11-04;0;0
50;2025-11-04;1;0
50;2025-11-04;2;0
50;2025-11-04;3;0
50;2025-11-04;4;0
50;2025-11-04;5;0
50;2025-11-04;6;0
50;2025-11-04;7;0
50;2025-11-04;8;0
50;2025-11-04;9;0
50;2025-11-04;10;12
50;2025-11-04;11;15
50;2025-11-04;12;8
50;2025-11-04;13;17
50;2025-11-04;14;56
50;2025-11-04;15;51
50;2025-11-04;16;95
50;2025-11-04;17;70
50;2025-11-04;18;38
50;2025-11-04;19;28
50;2025-11-04;20;29
50;2025-11-04;21;19
50;2025-11-04;22;28
50;2025-11-04;23;4
50;2025-11-05;0;23
50;2025-11-05;1;2
50;2025-11-05;2;0
50;2025-11-05;3;0
50;2025-11-05;4;3
50;2025-11-05;5;69
50;2025-11-05;6;505
50;2025-11-05;7;1707
50;2025-11-05;8;2737
50;2025-11-05;9;2136
50;2025-11-05;10;1623
50;2025-11-05;11;1472
50;2025-11-05;12;1397
50;2025-11-05;13;1445
50;2025-11-05;14;1383
50;2025-11-05;15;1597
50;2025-11-05;16;1681
50;2025-11-05;17;2288
50;2025-11-05;18;2317
50;2025-11-05;19;1365
50;2025-11-05;20;886
50;2025-11-05;21;620
50;2025-11-05;22;233
50;2025-11-05;23;145
50;2025-11-06;0;24
50;2025-11-06;1;2
50;2025-11-06;2;0
50;2025-11-06;3;0
50;2025-11-06;4;3
50;2025-11-06;5;70
50;2025-11-06;6;519
50;2025-11-06;7;1758
50;2025-11-06;8;2815
50;2025-11-06;9;2209
50;2025-11-06;10;1681
50;2025-11-06;11;1521
50;2025-11-06;12;1448
50;2025-11-06;13;1495
50;2025-11-06;14;1426
50;2025-11-06;15;1651
50;2025-11-06;16;1718
50;2025-11-06;17;2352
50;2025-11-06;18;2400
50;2025-11-06;19;1408
50;2025-11-06;20;930
50;2025-11-06;21;637
50;2025-11-06;22;243
50;2025-11-06;23;151
50;2025-11-07;0;24
50;2025-11-07;1;2
50;2025-11-07;2;0
50;2025-11-07;3;0
50;2025-11-07;4;3
50;2025-11-07;5;70
50;2025-11-07;6;513
50;2025-11-07;7;1746
50;2025-11-07;8;2802
50;2025-11-07;9;2182
50;2025-11-07;10;1635
50;2025-11-07;11;1493
50;2025-11-07;12;1430
50;2025-11-07;13;1485
50;2025-11-07;14;1423
50;2025-11-07;15;1654
50;2025-11-07;16;1755
50;2025-11-07;17;2290
50;2025-11-07;18;2259
50;2025-11-07;19;1351
50;2025-11-07;20;907
50;2025-11-07;21;616
50;2025-11-07;22;243
50;2025-11-07;23;152
50;2025-11-08;0;49
50;2025-11-08;1;5
50;2025-11-08;2;0
50;2025-11-08;3;0
50;2025-11-08;4;0
50;2025-11-08;5;1
50;2025-11-08;6;1
50;2025-11-08;7;4
50;2025-11-08;8;5
50;2025-11-08;9;7
50;2025-11-08;10;6
50;2025-11-08;11;15
50;2025-11-08;12;57
50;2025-11-08;13;42
50;2025-11-08;14;37
50;2025-11-08;15;60
50;2025-11-08;16;42
50;2025-11-08;17;30
50;2025-11-08;18;3
50;2025-11-08;19;0
50;2025-11-08;20;2
50;2025-11-08;21;0
50;2025-11-08;22;1
50;2025-11-08;23;0
50;2025-11-09;0;0
50;2025-11-09;1;0
50;2025-11-09;2;0
50;2025-11-09;3;0
50;2025-11-09;4;0
50;2025-11-09;5;0
50;2025-11-09;6;0
50;2025-11-09;7;0
50;2025-11-09;8;0
50;2025-11-09;9;0
50;2025-11-09;10;13
50;2025-11-09;11;16
50;2025-11-09;12;9
50;2025-11-09;13;18
50;2025-11-09;14;59
50;2025-11-09;15;54
50;2025-11-09;16;100
50;2025-11-09;17;74
50;2025-11-09;18;40
50;2025-11-09;19;30
50;2025-11-09;20;31
50;2025-11-09;21;20
50;2025-11-09;22;30
50;2025-11-09;23;4
50;2025-11-10;0;23
50;2025-11-10;1;2
50;2025-11-10;2;0
50;2025-11-10;3;0
50;2025-11-10;4;3
50;2025-11-10;5;70
50;2025-11-10;6;518
50;2025-11-10;7;1746
50;2025-11-10;8;2812
50;2025-11-10;9;2201
50;2025-11-10;10;1668
50;2025-11-10;11;1510
50;2025-11-10;12;1420
50;2025-11-10;13;1486
50;2025-11-10;14;1419
50;2025-11-10;15;1651
50;2025-11-10;16;1728
50;2025-11-10;17;2210
50;2025-11-10;18;2390
50;2025-11-10;19;1389
50;2025-11-10;20;917
50;2025-11-10;21;629
50;2025-11-10;22;237
50;2025-11-10;23;146
50;2025-11-11;0;24
50;2025-11-11;1;2
50;2025-11-11;2;0
50;2025-11-11;3;0
50;2025-11-11;4;3
50;2025-11-11;5;71
50;2025-11-11;6;527
50;2025-11-11;7;1775
50;2025-11-11;8;2843
50;2025-11-11;9;2226
50;2025-11-11;10;1692
50;2025-11-11;11;1537
50;2025-11-11;12;1445
50;2025-11-11;13;1518
50;2025-11-11;14;1436
50;2025-11-11;15;1671
50;2025-11-11;16;1751
50;2025-11-11;17;2389
50;2025-11-11;18;2426
50;2025-11-11;19;1413
50;2025-11-11;20;934
50;2025-11-11;21;638
50;2025-11-11;22;243
50;2025-11-11;23;151
50;2025-11-12;0;23
50;2025-11-12;1;2
50;2025-11-12;2;0
50;2025-11-12;3;0
50;2025-11-12;4;3
50;2025-11-12;5;70
50;2025-11-12;6;516
50;2025-11-12;7;1753
50;2025-11-12;8;2794
50;2025-11-12;9;2184
50;2025-11-12;10;1673
50;2025-11-12;11;1527
50;2025-11-12;12;1449
50;2025-11-12;13;1492
50;2025-11-12;14;1424
50;2025-11-12;15;1635
50;2025-11-12;16;1732
50;2025-11-12;17;2339
50;2025-11-12;18;2368
50;2025-11-12;19;1403
50;2025-11-12;20;914
50;2025-11-12;21;632
50;2025-11-12;22;243
50;2025-11-12;23;151
50;2025-11-13;0;23
50;2025-11-13;1;2
50;2025-11-13;2;0
50;2025-11-13;3;0
50;2025-11-13;4;3
50;2025-11-13;5;69
50;2025-11-13;6;515
50;2025-11-13;7;1746
50;2025-11-13;8;2778
50;2025-11-13;9;2190
50;2025-11-13;10;1682
50;2025-11-13;11;1528
50;2025-11-13;12;1458
50;2025-11-13;13;1495
50;2025-11-13;14;1427
50;2025-11-13;15;1665
50;2025-11-13;16;1728
50;2025-11-13;17;2352
50;2025-11-13;18;2403
50;2025-11-13;19;1412
50;2025-11-13;20;930
50;2025-11-13;21;636
50;2025-11-13;22;247
50;2025-11-13;23;152
50;2025-11-14;0;23
50;2025-11-14;1;2
50;2025-11-14;2;0
50;2025-11-14;3;0
50;2025-11-14;4;3
50;2025-11-14;5;69
50;2025-11-14;6;510
50;2025-11-14;7;1748
50;2025-11-14;8;2783
50;2025-11-14;9;2170
50;2025-11-14;10;1637
50;2025-11-14;11;1499
50;2025-11-14;12;1438
50;2025-11-14;13;1484
50;2025-11-14;14;1429
50;2025-11-14;15;1662
50;2025-11-14;16;1766
50;2025-11-14;17;2285
50;2025-11-14;18;2259
50;2025-11-14;19;1352
50;2025-11-14;20;913
50;2025-11-14;21;610
50;2025-11-14;22;244
50;2025-11-14;23;154
50;2025-11-15;0;71
50;2025-11-15;1;5
50;2025-11-15;2;0
50;2025-11-15;3;0
50;2025-11-15;4;2
50;2025-11-15;5;34
50;2025-11-15;6;177
50;2025-11-15;7;412
50;2025-11-15;8;647
50;2025-11-15;9;717
50;2025-11-15;10;684
50;2025-11-15;11;854
50;2025-11-15;12;864
50;2025-11-15;13;926
50;2025-11-15;14;916
50;2025-11-15;15;874
50;2025-11-15;16;839
50;2025-11-15;17;808
50;2025-11-15;18;700
50;2025-11-15;19;639
50;2025-11-15;20;512
50;2025-11-15;21;410
50;2025-11-15;22;239
50;2025-11-15;23;144
50;2025-11-16;0;50
50;2025-11-16;1;7
50;2025-11-16;2;0
50;2025-11-16;3;0
50;2025-11-16;4;1
50;2025-11-16;5;25
50;2025-11-16;6;114
50;2025-11-16;7;214
50;2025-11-16;8;358
50;2025-11-16;9;478
50;2025-11-16;10;519
50;2025-11-16;11;625
50;2025-11-16;12;682
50;2025-11-16;13;781
50;2025-11-16;14;793
50;2025-11-16;15;691
50;2025-11-16;16;689
50;2025-11-16;17;705
50;2025-11-16;18;668
50;2025-11-16;19;599
50;2025-11-16;20;479
50;2025-11-16;21;399
50;2025-11-16;22;233
50;2025-11-16;23;117
50;2025-11-17;0;22
50;2025-11-17;1;2
50;2025-11-17;2;0
50;2025-11-17;3;0
50;2025-11-17;4;3
50;2025-11-17;5;69
50;2025-11-17;6;514
50;2025-11-17;7;1742
50;2025-11-17;8;2780
50;2025-11-17;9;2191
50;2025-11-17;10;1658
50;2025-11-17;11;1502
50;2025-11-17;12;1416
50;2025-11-17;13;1467
50;2025-11-17;14;1404
50;2025-11-17;15;1635
50;2025-11-17;16;1719
50;2025-11-17;17;2323
50;2025-11-17;18;2363
50;2025-11-17;19;1386
50;2025-11-17;20;911
50;2025-11-17;21;622
50;2025-11-17;22;239
50;2025-11-17;23;147
50;2025-11-18;0;22
50;2025-11-18;1;2
50;2025-11-18;2;0
50;2025-11-18;3;0
50;2025-11-18;4;3
50;2025-11-18;5;69
50;2025-11-18;6;506
50;2025-11-18;7;1726
50;2025-11-18;8;2741
50;2025-11-18;9;2149
50;2025-11-18;10;1635
50;2025-11-18;11;1485
50;2025-11-18;12;1395
50;2025-11-18;13;1464
50;2025-11-18;14;1380
50;2025-11-18;15;1616
50;2025-11-18;16;1697
50;2025-11-18;17;2307
50;2025-11-18;18;2340
50;2025-11-18;19;1374
50;2025-11-18;20;908
50;2025-11-18;21;613
50;2025-11-18;22;236
50;2025-11-18;23;147
50;2025-11-19;0;22
50;2025-11-19;1;2
50;2025-11-19;2;0
50;2025-11-19;3;0
50;2025-11-19;4;3
50;2025-11-19;5;70
50;2025-11-19;6;517
50;2025-11-19;7;1760
50;2025-11-19;8;2806
50;2025-11-19;9;2194
50;2025-11-19;10;1683
50;2025-11-19;11;1538
50;2025-11-19;12;1459
50;2025-11-19;13;1505
50;2025-11-19;14;1437
50;2025-11-19;15;1647
50;2025-11-19;16;1746
50;2025-11-19;17;2356
50;2025-11-19;18;2385
50;2025-11-19;19;1414
50;2025-11-19;20;920
50;2025-11-19;21;636
50;2025-11-19;22;244
50;2025-11-19;23;152
50;2025-11-20;0;23
50;2025-11-20;1;2
50;2025-11-20;2;0
50;2025-11-20;3;0
50;2025-11-20;4;3
50;2025-11-20;5;70
50;2025-11-20;6;517
50;2025-11-20;7;1759
50;2025-11-20;8;2799
50;2025-11-20;9;2207
50;2025-11-20;10;1695
50;2025-11-20;11;1539
50;2025-11-20;12;1468
50;2025-11-20;13;1505
50;2025-11-20;14;1437
50;2025-11-20;15;1677
50;2025-11-20;16;1738
50;2025-11-20;17;2368
50;2025-11-20;18;2415
50;2025-11-20;19;1419
50;2025-11-20;20;936
50;2025-11-20;21;641
50;2025-11-20;22;250
50;2025-11-20;23;154
50;2025-11-21;0;23
50;2025-11-21;1;2
50;2025-11-21;2;0
50;2025-11-21;3;0
50;2025-11-21;4;3
50;2025-11-21;5;70
50;2025-11-21;6;512
50;2025-11-21;7;1764
50;2025-11-21;8;2814
50;2025-11-21;9;2198
50;2025-11-21;10;1655
50;2025-11-21;11;1516
50;2025-11-21;12;1454
50;2025-11-21;13;1501
50;2025-11-21;14;1444
50;2025-11-21;15;1678
50;2025-11-21;16;1781
50;2025-11-21;17;2311
50;2025-11-21;18;2283
50;2025-11-21;19;1366
50;2025-11-21;20;922
50;2025-11-21;21;617
50;2025-11-21;22;248
50;2025-11-21;23;156
50;2025-11-22;0;71
50;2025-11-22;1;5
50;2025-11-22;2;0
50;2025-11-22;3;0
50;2025-11-22;4;2
50;2025-11-22;5;34
50;2025-11-22;6;177
50;2025-11-22;7;412
50;2025-11-22;8;647
50;2025-11-22;9;717
50;2025-11-22;10;684
50;2025-11-22;11;854
50;2025-11-22;12;864
50;2025-11-22;13;926
50;2025-11-22;14;916
50;2025-11-22;15;874
50;2025-11-22;16;839
50;2025-11-22;17;808
50;2025-11-22;18;700
50;2025-11-22;19;639
50;2025-11-22;20;512
50;2025-11-22;21;410
50;2025-11-22;22;239
50;2025-11-22;23;144
50;2025-11-23;0;50
50;2025-11-23;1;7
50;2025-11-23;2;0
50;2025-11-23;3;0
50;2025-11-23;4;1
50;2025-11-23;5;25
50;2025-11-23;6;122
50;2025-11-23;7;238
50;2025-11-23;8;358
50;2025-11-23;9;478
50;2025-11-23;10;519
50;2025-11-23;11;625
50;2025-11-23;12;682
50;2025-11-23;13;781
50;2025-11-23;14;793
50;2025-11-23;15;691
50;2025-11-23;16;689
50;2025-11-23;17;705
50;2025-11-23;18;668
50;2025-11-23;19;599
50;2025-11-23;20;479
50;2025-11-23;21;399
50;2025-11-23;22;233
50;2025-11-23;23;117
50;2025-11-24;0;21
50;2025-11-24;1;2
50;2025-11-24;2;0
50;2025-11-24;3;0
50;2025-11-24;4;3
50;2025-11-24;5;68
50;2025-11-24;6;502
50;2025-11-24;7;1709
50;2025-11-24;8;2734
50;2025-11-24;9;2151
50;2025-11-24;10;1626
50;2025-11-24;11;1468
50;2025-11-24;12;1386
50;2025-11-24;13;1443
50;2025-11-24;14;1386
50;2025-11-24;15;1616
50;2025-11-24;16;1690
50;2025-11-24;17;2288
50;2025-11-24;18;2328
50;2025-11-24;19;1243
50;2025-11-24;20;893
50;2025-11-24;21;613
50;2025-11-24;22;235
50;2025-11-24;23;145
50;2025-11-25;0;23
50;2025-11-25;1;2
50;2025-11-25;2;0
50;2025-11-25;3;0
50;2025-11-25;4;3
50;2025-11-25;5;70
50;2025-11-25;6;519
50;2025-11-25;7;1756
50;2025-11-25;8;2802
50;2025-11-25;9;2202
50;2025-11-25;10;1680
50;2025-11-25;11;1527
50;2025-11-25;12;1435
50;2025-11-25;13;1508
50;2025-11-25;14;1424
50;2025-11-25;15;1661
50;2025-11-25;16;1742
50;2025-11-25;17;2370
50;2025-11-25;18;2404
50;2025-11-25;19;1409
50;2025-11-25;20;932
50;2025-11-25;21;631
50;2025-11-25;22;244
50;2025-11-25;23;151
50;2025-11-26;0;23
50;2025-11-26;1;2
50;2025-11-26;2;0
50;2025-11-26;3;0
50;2025-11-26;4;3
50;2025-11-26;5;70
50;2025-11-26;6;517
50;2025-11-26;7;1758
50;2025-11-26;8;2814
50;2025-11-26;9;2196
50;2025-11-26;10;1679
50;2025-11-26;11;1531
50;2025-11-26;12;1451
50;2025-11-26;13;1496
50;2025-11-26;14;1430
50;2025-11-26;15;1643
50;2025-11-26;16;1737
50;2025-11-26;17;2353
50;2025-11-26;18;2383
50;2025-11-26;19;1409
50;2025-11-26;20;916
50;2025-11-26;21;633
50;2025-11-26;22;241
50;2025-11-26;23;152
50;2025-11-27;0;23
50;2025-11-27;1;2
50;2025-11-27;2;0
50;2025-11-27;3;0
50;2025-11-27;4;3
50;2025-11-27;5;69
50;2025-11-27;6;516
50;2025-11-27;7;1753
50;2025-11-27;8;2798
50;2025-11-27;9;2202
50;2025-11-27;10;1691
50;2025-11-27;11;1535
50;2025-11-27;12;1460
50;2025-11-27;13;1495
50;2025-11-27;14;1425
50;2025-11-27;15;1668
50;2025-11-27;16;1721
50;2025-11-27;17;2356
50;2025-11-27;18;2403
50;2025-11-27;19;1409
50;2025-11-27;20;930
50;2025-11-27;21;633
50;2025-11-27;22;243
50;2025-11-27;23;151
50;2025-11-28;0;23
50;2025-11-28;1;2
50;2025-11-28;2;0
50;2025-11-28;3;0
50;2025-11-28;4;3
50;2025-11-28;5;70
50;2025-11-28;6;508
50;2025-11-28;7;1735
50;2025-11-28;8;2778
50;2025-11-28;9;2169
50;2025-11-28;10;1628
50;2025-11-28;11;1492
50;2025-11-28;12;1433
50;2025-11-28;13;1479
50;2025-11-28;14;1427
50;2025-11-28;15;1658
50;2025-11-28;16;1761
50;2025-11-28;17;2290
50;2025-11-28;18;2266
50;2025-11-28;19;1351
50;2025-11-28;20;907
50;2025-11-28;21;612
50;2025-11-28;22;243
50;2025-11-28;23;153
50;2025-11-29;0;71
50;2025-11-29;1;5
50;2025-11-29;2;0
50;2025-11-29;3;0
50;2025-11-29;4;2
50;2025-11-29;5;34
50;2025-11-29;6;177
50;2025-11-29;7;412
50;2025-11-29;8;647
50;2025-11-29;9;717
50;2025-11-29;10;684
50;2025-11-29;11;854
50;2025-11-29;12;864
50;2025-11-29;13;926
50;2025-11-29;14;916
50;2025-11-29;15;874
50;2025-11-29;16;839
50;2025-11-29;17;808
50;2025-11-29;18;700
50;2025-11-29;19;639
50;2025-11-29;20;512
50;2025-11-29;21;410
50;2025-11-29;22;239
50;2025-11-29;23;144
50;2025-11-30;0;50
50;2025-11-30;1;7
50;2025-11-30;2;0
50;2025-11-30;3;0
50;2025-11-30;4;1
50;2025-11-30;5;25
50;2025-11-30;6;122
50;2025-11-30;7;238
50;2025-11-30;8;358
50;2025-11-30;9;478
50;2025-11-30;10;519
50;2025-11-30;11;625
50;2025-11-30;12;682
50;2025-11-30;13;781
50;2025-11-30;14;793
50;2025-11-30;15;691
50;2025-11-30;16;689
50;2025-11-30;17;705
50;2025-11-30;18;668
50;2025-11-30;19;599
50;2025-11-30;20;479
50;2025-11-30;21;399
50;2025-11-30;22;233
50;2025-11-30;23;117
50;2025-12-01;0;22
50;2025-12-01;1;2
50;2025-12-01;2;0
50;2025-12-01;3;0
50;2025-12-01;4;3
50;2025-12-01;5;71
50;2025-12-01;6;523
50;2025-12-01;7;1769
50;2025-12-01;8;2822
50;2025-12-01;9;2238
50;2025-12-01;10;1692
50;2025-12-01;11;1539
50;2025-12-01;12;1447
50;2025-12-01;13;1510
50;2025-12-01;14;1449
50;2025-12-01;15;1683
50;2025-12-01;16;1780
50;2025-12-01;17;2367
50;2025-12-01;18;2403
50;2025-12-01;19;1427
50;2025-12-01;20;929
50;2025-12-01;21;637
50;2025-12-01;22;240
50;2025-12-01;23;150
50;2025-12-02;0;24
50;2025-12-02;1;2
50;2025-12-02;2;0
50;2025-12-02;3;0
50;2025-12-02;4;3
50;2025-12-02;5;72
50;2025-12-02;6;532
50;2025-12-02;7;1798
50;2025-12-02;8;2845
50;2025-12-02;9;2250
50;2025-12-02;10;1717
50;2025-12-02;11;1566
50;2025-12-02;12;1468
50;2025-12-02;13;1546
50;2025-12-02;14;1456
50;2025-12-02;15;1691
50;2025-12-02;16;1790
50;2025-12-02;17;2398
50;2025-12-02;18;2429
50;2025-12-02;19;1451
50;2025-12-02;20;960
50;2025-12-02;21;642
50;2025-12-02;22;245
50;2025-12-02;23;154
50;2025-12-03;0;24
50;2025-12-03;1;2
50;2025-12-03;2;0
50;2025-12-03;3;0
50;2025-12-03;4;3
50;2025-12-03;5;73
50;2025-12-03;6;529
50;2025-12-03;7;1795
50;2025-12-03;8;2850
50;2025-12-03;9;2237
50;2025-12-03;10;1717
50;2025-12-03;11;1578
50;2025-12-03;12;1499
50;2025-12-03;13;1534
50;2025-12-03;14;1469
50;2025-12-03;15;1669
50;2025-12-03;16;1789
50;2025-12-03;17;2384
50;2025-12-03;18;2401
50;2025-12-03;19;1453
50;2025-12-03;20;937
50;2025-12-03;21;650
50;2025-12-03;22;245
50;2025-12-03;23;156
50;2025-12-04;0;24
50;2025-12-04;1;2
50;2025-12-04;2;0
50;2025-12-04;3;0
50;2025-12-04;4;3
50;2025-12-04;5;72
50;2025-12-04;6;528
50;2025-12-04;7;1788
50;2025-12-04;8;2839
50;2025-12-04;9;2251
50;2025-12-04;10;1726
50;2025-12-04;11;1573
50;2025-12-04;12;1507
50;2025-12-04;13;1534
50;2025-12-04;14;1467
50;2025-12-04;15;1706
50;2025-12-04;16;1776
50;2025-12-04;17;2391
50;2025-12-04;18;2438
50;2025-12-04;19;1460
50;2025-12-04;20;966
50;2025-12-04;21;654
50;2025-12-04;22;251
50;2025-12-04;23;158
50;2025-12-05;0;24
50;2025-12-05;1;2
50;2025-12-05;2;0
50;2025-12-05;3;0
50;2025-12-05;4;3
50;2025-12-05;5;73
50;2025-12-05;6;525
50;2025-12-05;7;1797
50;2025-12-05;8;2856
50;2025-12-05;9;2232
50;2025-12-05;10;1671
50;2025-12-05;11;1541
50;2025-12-05;12;1488
50;2025-12-05;13;1529
50;2025-12-05;14;1479
50;2025-12-05;15;1708
50;2025-12-05;16;1839
50;2025-12-05;17;2315
50;2025-12-05;18;2254
50;2025-12-05;19;1384
50;2025-12-05;20;939
50;2025-12-05;21;622
50;2025-12-05;22;250
50;2025-12-05;23;160
50;2025-12-06;0;73
50;2025-12-06;1;5
50;2025-12-06;2;0
50;2025-12-06;3;0
50;2025-12-06;4;2
50;2025-12-06;5;35
50;2025-12-06;6;182
50;2025-12-06;7;425
50;2025-12-06;8;667
50;2025-12-06;9;739
50;2025-12-06;10;706
50;2025-12-06;11;881
50;2025-12-06;12;891
50;2025-12-06;13;955
50;2025-12-06;14;944
50;2025-12-06;15;901
50;2025-12-06;16;865
50;2025-12-06;17;833
50;2025-12-06;18;722
50;2025-12-06;19;659
50;2025-12-06;20;528
50;2025-12-06;21;423
50;2025-12-06;22;246
50;2025-12-06;23;148
50;2025-12-07;0;52
50;2025-12-07;1;7
50;2025-12-07;2;0
50;2025-12-07;3;0
50;2025-12-07;4;1
50;2025-12-07;5;26
50;2025-12-07;6;126
50;2025-12-07;7;245
50;2025-12-07;8;369
50;2025-12-07;9;493
50;2025-12-07;10;536
50;2025-12-07;11;644
50;2025-12-07;12;703
50;2025-12-07;13;805
50;2025-12-07;14;818
50;2025-12-07;15;712
50;2025-12-07;16;710
50;2025-12-07;17;727
50;2025-12-07;18;689
50;2025-12-07;19;617
50;2025-12-07;20;494
50;2025-12-07;21;411
50;2025-12-07;22;240
50;2025-12-07;23;121
50;2025-12-08;0;22
50;2025-12-08;1;2
50;2025-12-08;2;0
50;2025-12-08;3;0
50;2025-12-08;4;3
50;2025-12-08;5;71
50;2025-12-08;6;523
50;2025-12-08;7;1769
50;2025-12-08;8;2826
50;2025-12-08;9;2237
50;2025-12-08;10;1694
50;2025-12-08;11;1538
50;2025-12-08;12;1447
50;2025-12-08;13;1509
50;2025-12-08;14;1451
50;2025-12-08;15;1682
50;2025-12-08;16;1779
50;2025-12-08;17;2367
50;2025-12-08;18;2408
50;2025-12-08;19;1428
50;2025-12-08;20;930
50;2025-12-08;21;637
50;2025-12-08;22;242
50;2025-12-08;23;150
50;2025-12-09;0;24
50;2025-12-09;1;2
50;2025-12-09;2;0
50;2025-12-09;3;0
50;2025-12-09;4;3
50;2025-12-09;5;73
50;2025-12-09;6;534
50;2025-12-09;7;1796
50;2025-12-09;8;2848
50;2025-12-09;9;2253
50;2025-12-09;10;1721
50;2025-12-09;11;1566
50;2025-12-09;12;1464
50;2025-12-09;13;1546
50;2025-12-09;14;1451
50;2025-12-09;15;1693
50;2025-12-09;16;1793
50;2025-12-09;17;2398
50;2025-12-09;18;2431
50;2025-12-09;19;1450
50;2025-12-09;20;960
50;2025-12-09;21;643
50;2025-12-09;22;246
50;2025-12-09;23;154
50;2025-12-10;0;24
50;2025-12-10;1;2
50;2025-12-10;2;0
50;2025-12-10;3;0
50;2025-12-10;4;3
50;2025-12-10;5;74
50;2025-12-10;6;532
50;2025-12-10;7;1807
50;2025-12-10;8;2886
50;2025-12-10;9;2252
50;2025-12-10;10;1732
50;2025-12-10;11;1591
50;2025-12-10;12;1510
50;2025-12-10;13;1550
50;2025-12-10;14;1483
50;2025-12-10;15;1684
50;2025-12-10;16;1802
50;2025-12-10;17;2402
50;2025-12-10;18;2426
50;2025-12-10;19;1461
50;2025-12-10;20;944
50;2025-12-10;21;654
50;2025-12-10;22;247
50;2025-12-10;23;157
50;2025-12-11;0;25
50;2025-12-11;1;2
50;2025-12-11;2;0
50;2025-12-11;3;0
50;2025-12-11;4;3
50;2025-12-11;5;72
50;2025-12-11;6;529
50;2025-12-11;7;1774
50;2025-12-11;8;2830
50;2025-12-11;9;2229
50;2025-12-11;10;1715
50;2025-12-11;11;1559
50;2025-12-11;12;1495
50;2025-12-11;13;1522
50;2025-12-11;14;1456
50;2025-12-11;15;1701
50;2025-12-11;16;1765
50;2025-12-11;17;2379
50;2025-12-11;18;2427
50;2025-12-11;19;1444
50;2025-12-11;20;958
50;2025-12-11;21;648
50;2025-12-11;22;247
50;2025-12-11;23;157
50;2025-12-12;0;24
50;2025-12-12;1;2
50;2025-12-12;2;0
50;2025-12-12;3;0
50;2025-12-12;4;3
50;2025-12-12;5;72
50;2025-12-12;6;522
50;2025-12-12;7;1788
50;2025-12-12;8;2840
50;2025-12-12;9;2228
50;2025-12-12;10;1668
50;2025-12-12;11;1537
50;2025-12-12;12;1480
50;2025-12-12;13;1518
50;2025-12-12;14;1467
50;2025-12-12;15;1690
50;2025-12-12;16;1829
50;2025-12-12;17;2296
50;2025-12-12;18;2249
50;2025-12-12;19;1371
50;2025-12-12;20;928
50;2025-12-12;21;619
50;2025-12-12;22;248
50;2025-12-12;23;159
50;2025-12-13;0;73
50;2025-12-13;1;5
50;2025-12-13;2;0
50;2025-12-13;3;0
50;2025-12-13;4;2
50;2025-12-13;5;35
50;2025-12-13;6;182
50;2025-12-13;7;425
50;2025-12-13;8;667
50;2025-12-13;9;739
50;2025-12-13;10;706
50;2025-12-13;11;881
50;2025-12-13;12;891
50;2025-12-13;13;955
50;2025-12-13;14;944
50;2025-12-13;15;901
50;2025-12-13;16;865
50;2025-12-13;17;833
50;2025-12-13;18;722
50;2025-12-13;19;659
50;2025-12-13;20;528
50;2025-12-13;21;423
50;2025-12-13;22;246
50;2025-12-13;23;148
50;2025-12-14;0;52
50;2025-12-14;1;7
50;2025-12-14;2;0
50;2025-12-14;3;0
50;2025-12-14;4;1
50;2025-12-14;5;26
50;2025-12-14;6;126
50;2025-12-14;7;245
50;2025-12-14;8;369
50;2025-12-14;9;493
50;2025-12-14;10;536
50;2025-12-14;11;644
50;2025-12-14;12;703
50;2025-12-14;13;805
50;2025-12-14;14;818
50;2025-12-14;15;712
50;2025-12-14;16;710
50;2025-12-14;17;727
50;2025-12-14;18;689
50;2025-12-14;19;617
50;2025-12-14;20;494
50;2025-12-14;21;411
50;2025-12-14;22;240
50;2025-12-14;23;121
50;2025-12-15;0;22
50;2025-12-15;1;2
50;2025-12-15;2;0
50;2025-12-15;3;0
50;2025-12-15;4;3
50;2025-12-15;5;71
50;2025-12-15;6;528
50;2025-12-15;7;1775
50;2025-12-15;8;2842
50;2025-12-15;9;2253
50;2025-12-15;10;1705
50;2025-12-15;11;1546
50;2025-12-15;12;1454
50;2025-12-15;13;1518
50;2025-12-15;14;1460
50;2025-12-15;15;1691
50;2025-12-15;16;1787
50;2025-12-15;17;2380
50;2025-12-15;18;2420
50;2025-12-15;19;1431
50;2025-12-15;20;940
50;2025-12-15;21;638
50;2025-12-15;22;242
50;2025-12-15;23;151
50;2025-12-16;0;25
50;2025-12-16;1;2
50;2025-12-16;2;0
50;2025-12-16;3;0
50;2025-12-16;4;3
50;2025-12-16;5;74
50;2025-12-16;6;549
50;2025-12-16;7;1846
50;2025-12-16;8;2927
50;2025-12-16;9;2314
50;2025-12-16;10;1765
50;2025-12-16;11;1609
50;2025-12-16;12;1512
50;2025-12-16;13;1584
50;2025-12-16;14;1494
50;2025-12-16;15;1732
50;2025-12-16;16;1836
50;2025-12-16;17;2459
50;2025-12-16;18;2493
50;2025-12-16;19;1484
50;2025-12-16;20;984
50;2025-12-16;21;658
50;2025-12-16;22;253
50;2025-12-16;23;159
50;2025-12-17;0;24
50;2025-12-17;1;2
50;2025-12-17;2;0
50;2025-12-17;3;0
50;2025-12-17;4;3
50;2025-12-17;5;73
50;2025-12-17;6;534
50;2025-12-17;7;1804
50;2025-12-17;8;2871
50;2025-12-17;9;2254
50;2025-12-17;10;1729
50;2025-12-17;11;1589
50;2025-12-17;12;1502
50;2025-12-17;13;1541
50;2025-12-17;14;1477
50;2025-12-17;15;1687
50;2025-12-17;16;1800
50;2025-12-17;17;2405
50;2025-12-17;18;2429
50;2025-12-17;19;1459
50;2025-12-17;20;939
50;2025-12-17;21;656
50;2025-12-17;22;248
50;2025-12-17;23;158
50;2025-12-18;0;24
50;2025-12-18;1;2
50;2025-12-18;2;0
50;2025-12-18;3;0
50;2025-12-18;4;3
50;2025-12-18;5;72
50;2025-12-18;6;530
50;2025-12-18;7;1788
50;2025-12-18;8;2841
50;2025-12-18;9;2249
50;2025-12-18;10;1723
50;2025-12-18;11;1565
50;2025-12-18;12;1502
50;2025-12-18;13;1538
50;2025-12-18;14;1470
50;2025-12-18;15;1703
50;2025-12-18;16;1778
50;2025-12-18;17;2395
50;2025-12-18;18;2439
50;2025-12-18;19;1456
50;2025-12-18;20;964
50;2025-12-18;21;655
50;2025-12-18;22;251
50;2025-12-18;23;158
50;2025-12-19;0;25
50;2025-12-19;1;2
50;2025-12-19;2;0
50;2025-12-19;3;0
50;2025-12-19;4;3
50;2025-12-19;5;73
50;2025-12-19;6;531
50;2025-12-19;7;1804
50;2025-12-19;8;2870
50;2025-12-19;9;2253
50;2025-12-19;10;1686
50;2025-12-19;11;1554
50;2025-12-19;12;1494
50;2025-12-19;13;1545
50;2025-12-19;14;1490
50;2025-12-19;15;1718
50;2025-12-19;16;1848
50;2025-12-19;17;2336
50;2025-12-19;18;2273
50;2025-12-19;19;1395
50;2025-12-19;20;947
50;2025-12-19;21;629
50;2025-12-19;22;251
50;2025-12-19;23;161
50;2025-12-20;0;73
50;2025-12-20;1;5
50;2025-12-20;2;0
50;2025-12-20;3;0
50;2025-12-20;4;2
50;2025-12-20;5;35
50;2025-12-20;6;182
50;2025-12-20;7;425
50;2025-12-20;8;667
50;2025-12-20;9;739
50;2025-12-20;10;706
50;2025-12-20;11;881
50;2025-12-20;12;891
50;2025-12-20;13;955
50;2025-12-20;14;944
50;2025-12-20;15;901
50;2025-12-20;16;865
50;2025-12-20;17;833
50;2025-12-20;18;722
50;2025-12-20;19;659
50;2025-12-20;20;528
50;2025-12-20;21;423
50;2025-12-20;22;246
50;2025-12-20;23;148
50;2025-12-21;0;52
50;2025-12-21;1;7
50;2025-12-21;2;0
50;2025-12-21;3;0
50;2025-12-21;4;1
50;2025-12-21;5;26
50;2025-12-21;6;126
50;2025-12-21;7;245
50;2025-12-21;8;369
50;2025-12-21;9;493
50;2025-12-21;10;536
50;2025-12-21;11;644
50;2025-12-21;12;703
50;2025-12-21;13;805
50;2025-12-21;14;818
50;2025-12-21;15;712
50;2025-12-21;16;710
50;2025-12-21;17;727
50;2025-12-21;18;689
50;2025-12-21;19;617
50;2025-12-21;20;494
50;2025-12-21;21;411
50;2025-12-21;22;240
50;2025-12-21;23;121
50;2025-12-22;0;24
50;2025-12-22;1;2
50;2025-12-22;2;0
50;2025-12-22;3;0
50;2025-12-22;4;3
50;2025-12-22;5;73
50;2025-12-22;6;531
50;2025-12-22;7;1791
50;2025-12-22;8;2857
50;2025-12-22;9;2249
50;2025-12-22;10;1712
50;2025-12-22;11;1549
50;2025-12-22;12;1456
50;2025-12-22;13;1516
50;2025-12-22;14;1456
50;2025-12-22;15;1686
50;2025-12-22;16;1779
50;2025-12-22;17;2384
50;2025-12-22;18;2419
50;2025-12-22;19;1422
50;2025-12-22;20;934
50;2025-12-22;21;637
50;2025-12-22;22;242
50;2025-12-22;23;151
50;2025-12-23;0;26
50;2025-12-23;1;2
50;2025-12-23;2;0
50;2025-12-23;3;0
50;2025-12-23;4;3
50;2025-12-23;5;74
50;2025-12-23;6;539
50;2025-12-23;7;1809
50;2025-12-23;8;2866
50;2025-12-23;9;2261
50;2025-12-23;10;1731
50;2025-12-23;11;1575
50;2025-12-23;12;1478
50;2025-12-23;13;1556
50;2025-12-23;14;1467
50;2025-12-23;15;1706
50;2025-12-23;16;1800
50;2025-12-23;17;2421
50;2025-12-23;18;2448
50;2025-12-23;19;1448
50;2025-12-23;20;958
50;2025-12-23;21;646
50;2025-12-23;22;248
50;2025-12-23;23;156
50;2025-12-24;0;26
50;2025-12-24;1;2
50;2025-12-24;2;0
50;2025-12-24;3;0
50;2025-12-24;4;3
50;2025-12-24;5;76
50;2025-12-24;6;547
50;2025-12-24;7;1840
50;2025-12-24;8;2936
50;2025-12-24;9;2305
50;2025-12-24;10;1767
50;2025-12-24;11;1620
50;2025-12-24;12;1535
50;2025-12-24;13;1569
50;2025-12-24;14;1501
50;2025-12-24;15;1717
50;2025-12-24;16;1830
50;2025-12-24;17;2458
50;2025-12-24;18;2475
50;2025-12-24;19;1474
50;2025-12-24;20;961
50;2025-12-24;21;663
50;2025-12-24;22;252
50;2025-12-24;23;160
50;2025-12-25;0;26
50;2025-12-25;1;2
50;2025-12-25;2;0
50;2025-12-25;3;0
50;2025-12-25;4;3
50;2025-12-25;5;74
50;2025-12-25;6;536
50;2025-12-25;7;1805
50;2025-12-25;8;2881
50;2025-12-25;9;2280
50;2025-12-25;10;1751
50;2025-12-25;11;1590
50;2025-12-25;12;1520
50;2025-12-25;13;1554
50;2025-12-25;14;1483
50;2025-12-25;15;1727
50;2025-12-25;16;1794
50;2025-12-25;17;2421
50;2025-12-25;18;2456
50;2025-12-25;19;1454
50;2025-12-25;20;966
50;2025-12-25;21;652
50;2025-12-25;22;250
50;2025-12-25;23;156
50;2025-12-26;0;25
50;2025-12-26;1;2
50;2025-12-26;2;0
50;2025-12-26;3;0
50;2025-12-26;4;3
50;2025-12-26;5;73
50;2025-12-26;6;514
50;2025-12-26;7;1764
50;2025-12-26;8;2799
50;2025-12-26;9;2189
50;2025-12-26;10;1647
50;2025-12-26;11;1506
50;2025-12-26;12;1441
50;2025-12-26;13;1489
50;2025-12-26;14;1440
50;2025-12-26;15;1676
50;2025-12-26;16;1804
50;2025-12-26;17;2276
50;2025-12-26;18;2220
50;2025-12-26;19;1346
50;2025-12-26;20;916
50;2025-12-26;21;606
50;2025-12-26;22;244
50;2025-12-26;23;158
50;2025-12-27;0;73
50;2025-12-27;1;5
50;2025-12-27;2;0
50;2025-12-27;3;0
50;2025-12-27;4;2
50;2025-12-27;5;35
50;2025-12-27;6;182
50;2025-12-27;7;425
50;2025-12-27;8;667
50;2025-12-27;9;739
50;2025-12-27;10;706
50;2025-12-27;11;881
50;2025-12-27;12;891
50;2025-12-27;13;955
50;2025-12-27;14;944
50;2025-12-27;15;901
50;2025-12-27;16;865
50;2025-12-27;17;833
50;2025-12-27;18;722
50;2025-12-27;19;659
50;2025-12-27;20;528
50;2025-12-27;21;423
50;2025-12-27;22;246
50;2025-12-27;23;148
50;2025-12-28;0;52
50;2025-12-28;1;7
50;2025-12-28;2;0
50;2025-12-28;3;0
50;2025-12-28;4;1
50;2025-12-28;5;26
50;2025-12-28;6;126
50;2025-12-28;7;245
50;2025-12-28;8;369
50;2025-12-28;9;465
50;2025-12-28;10;417
50;2025-12-28;11;644
50;2025-12-28;12;703
50;2025-12-28;13;805
50;2025-12-28;14;818
50;2025-12-28;15;712
50;2025-12-28;16;710
50;2025-12-28;17;727
50;2025-12-28;18;689
50;2025-12-28;19;617
50;2025-12-28;20;494
50;2025-12-28;21;411
50;2025-12-28;22;240
50;2025-12-28;23;121
50;2025-12-29;0;20
50;2025-12-29;1;1
50;2025-12-29;2;0
50;2025-12-29;3;0
50;2025-12-29;4;3
50;2025-12-29;5;61
50;2025-12-29;6;447
50;2025-12-29;7;1514
50;2025-12-29;8;2420
50;2025-12-29;9;1906
50;2025-12-29;10;1451
50;2025-12-29;11;1313
50;2025-12-29;12;1237
50;2025-12-29;13;1290
50;2025-12-29;14;1235
50;2025-12-29;15;1436
50;2025-12-29;16;1514
50;2025-12-29;17;2028
50;2025-12-29;18;2051
50;2025-12-29;19;1196
50;2025-12-29;20;787
50;2025-12-29;21;534
50;2025-12-29;22;203
50;2025-12-29;23;128
50;2025-12-30;0;22
50;2025-12-30;1;1
50;2025-12-30;2;0
50;2025-12-30;3;0
50;2025-12-30;4;3
50;2025-12-30;5;62
50;2025-12-30;6;453
50;2025-12-30;7;1532
50;2025-12-30;8;2427
50;2025-12-30;9;1914
50;2025-12-30;10;1459
50;2025-12-30;11;1328
50;2025-12-30;12;1247
50;2025-12-30;13;1317
50;2025-12-30;14;1240
50;2025-12-30;15;1446
50;2025-12-30;16;1531
50;2025-12-30;17;2045
50;2025-12-30;18;2051
50;2025-12-30;19;1215
50;2025-12-30;20;810
50;2025-12-30;21;536
50;2025-12-30;22;205
50;2025-12-30;23;131
50;2025-12-31;0;44
50;2025-12-31;1;6
50;2025-12-31;2;0
50;2025-12-31;3;0
50;2025-12-31;4;1
50;2025-12-31;5;22
50;2025-12-31;6;108
50;2025-12-31;7;210
50;2025-12-31;8;315
50;2025-12-31;9;421
50;2025-12-31;10;458
50;2025-12-31;11;551
50;2025-12-31;12;601
50;2025-12-31;13;688
50;2025-12-31;14;699
50;2025-12-31;15;609
50;2025-12-31;16;607
50;2025-12-31;17;622
50;2025-12-31;18;589
50;2025-12-31;19;528
50;2025-12-31;20;0
50;2025-12-31;21;0
50;2025-12-31;22;0
50;2025-12-31;23;0
