tree
version=v4
num_class=1
num_tree_per_iteration=1
label_index=0
max_feature_idx=69
objective=regression_l1
feature_names=route dow kind holiday horizon season log_daily_base ratio_median_14d ratio_median_28d ratio_median_56d ratio_ew_median_14d ratio_ew_mean_7d ratio_ew_median_28d ratio_adaptive_dow_25 off_-3 holiday_-3 off_-2 holiday_-2 off_-1 holiday_-1 off_1 holiday_1 off_2 holiday_2 off_3 holiday_3 days_to_holiday days_since_holiday event_closure event_detour event_merge event_night_limit event_restore event_network event_age iqr_28d tail_width_28d zero_rate_28d count_28d iqr_56d tail_width_56d zero_rate_56d count_56d off_block_length off_block_position temperature_2m_mean temperature_2m_min temperature_2m_max wind_speed_10m_mean wind_speed_10m_min wind_speed_10m_max temperature_change_6h_mean temperature_change_6h_min temperature_change_6h_max precipitation_total precipitation_hours snowfall_total snowfall_hours history_daily_median_14 history_daily_mean_14 history_daily_std_14 history_daily_median_42 history_daily_mean_42 history_daily_std_42 history_daily_median_112 history_daily_mean_112 history_daily_std_112 same_regime_count same_regime_level regime
feature_infos=-1:1:7:11:12:17:25:26:28:50 [0:6] -1:0:2:1 [0:1] [1:61] [0.87730535302650725:1.2302895877892517] [4.6443908991413725:11.094309110049588] [0.086347068373512373:3.6739884842218116] [0.35713766787088497:1.1436786093132181] [0.63868270520367387:4.7958776996030608] [0.089607480757093114:1.744175976316046] [0.58772427801334393:3.8285946432780511] [0.75616355468753116:2.6856258866306542] [0.43100467547318322:1.4651099851975287] [0:1] [0:1] [0:1] [0:1] [0:1] [0:1] [0:1] [0:1] [0:1] [0:1] [0:1] [0:1] [0:60] [0:60] [0:1] none [0:1] none none none [0:90] [0.026341301654888676:2.1563468862486963] [0.042146082647821874:4.6260064222763795] [0:0.70388349514563098] [3.0000000000000009:20.000000000000007] [0.042631702202166846:14.020860750315048] [0.091356899274605552:16.408122931311887] [0:0.5031380753138075] [3.0000000000000009:40.000000000000014] [0:4] [0:4] [-12.245833333333332:29.025000000000002] [-16:23.699999999999999] [-9.9000000000000004:35.100000000000001] [1.8833333333333335:21.541666666666668] [0.20000000000000001:15.800000000000001] [3.6000000000000001:28.699999999999999] [-2.6291666666666664:1.5791666666666668] [-9.5999999999999996:-0.19999999999999996] [-0.5:13.1] [0:31.199999999999996] [0:22] [0:9.379999999999999] [0:18] [0.0042059150468954781:5.8496583143507976] [0.0042059150468954781:5.8496583143507976] [0:5.8132118451025061] [0.21384928716904278:5.4092526690391463] [0.64680467077418569:13.940065681444992] [0.0055554015062160896:19.299884573611376] [0.53618848446769318:40.881773399014776] [0.58684837580897364:40.060960591133004] [0.025718539745737443:27.751870041972047] [0:196] [0:2.5672126583453205] -1:0:1:4
tree_sizes=1409 1420 1423 1391 1413 1419 1408 1416 1416 1407 1395 1394 1410 1379 1419 1409 1402 1403 1407 1418 1422 1411 1421 1415 1387 1396 1410 1407 1408 1399 1395 1403 1378 1394 1411 1407 1414 1402 1401 1399 1402 1401 1381 1412 1376 1405 1414 1383 1419 1399 1414 1396 1416 1381 1413 1373 1409 1376 1400 1380 1410 1394 1389 1386 1393 1387 1385 1403 1401 1416 1377 1415 1384 1372 1401 1410 1389 1412 1397 1406 1396 1385 1383 1394 1418 1378 1403 1405 1406 1409 1399 1400 1379 1396 1393 1401 1410 1386 1410 1378 1414 1410 1402 1400 1412 1414 1405 1382 1400 1408 1382 1412 1406 1397 1377 1400 1391 1398 1413 1375 1406 1391 1394 1384 1400 1418 1382 1383 1403 1353 1403 1394 1403 1404 1406 1372 1410 1382 1392 1396 1383 1407 1405 1390 1402 1387 1408 1383 1403 1403 1392 1402 1399 1400 1410 1407 1387 1400 1378 1391 1367 1406 1411 1412 1411 1377 1411 1377 1415 1401 1364 1415 1393 1399 1409 1399 1412 1405 1355 1403 1404 1339 1409 1391 1393 1377 1400 1390 1378 1367 1387 1421 1392 1387 1406 1391 1413 1407 1403 1417 1386 1400 1393 1404 1375 1387 1344 1411 1393 1376 1418 1388 1393 1414 1388 1416 1411 1381 1395 1377 1382 1390 1390 1400 1381 1391 1401 1408 1370 1386 1367 1409 1395 1415 1400 1379 1406 1409 1395 1415 1392 1384 1403 1408 1415 1391 1412 1406 1403 1421 1419 1408 1388 1396 1399 1379 1400 1408 1394 1416 1408 1397 1388 1415 1388 1398 1417 1382 1424 1390 1409 1384 1412 1397 1412 1391 1373 1388 1367 1386 1376 1404 1401 1377 1397 1387 1395 1383 1393 1407 1421 1379 1410 1387 1380 1413 1399 1410 1362 1360 1383 1371 1367 1391 1403 1390 1385 1401 1390 1408 1395 1406 1384 1402 1395 1386 1397 1400 1383 1369 1388 1398 1371 1401 1398 1401 1398 1394 1419 1380 1357 1397 1426 1408 1393 1400 1404 1388 1400 1376 1395 1400 1386 1406 1402 1403 1417 1386 1398 1400

Tree=0
num_leaves=11
num_cat=1
split_feature=42 68 67 68 30 54 67 26 0 68
split_gain=4.60827e+06 2.4037e+06 3.15128e+06 1.80255e+06 1.30963e+06 927980 814085 785888 576016 731060
threshold=39.000000000000021 0.88134311562745504 36.500000000000007 1.0128307998207073 1.0000000180025095e-35 0.25000000000000006 130.00000000000003 55.500000000000007 0 0.96467921993212002
decision_type=2 2 2 2 2 2 2 2 1 2
left_child=1 4 5 8 -1 -3 7 -4 9 -2
right_child=3 2 6 -5 -6 -7 -8 -9 -10 -11
leaf_value=-0.020831155177955155 -0.017208719971554404 -0.01427759946561068 -0.01638970355962379 -0.012390388076811443 -0.0095428114355623136 -0.016246051355174158 -0.015025838684086539 -0.018727195876375821 -0.014440828684915441 -0.015526724361676507
leaf_weight=6592002.7309379578 2382640.9187011719 8232937.1409606934 4254753.4465332031 8498746.6791992188 432016.77966308594 5759313.3767089844 1676824.9688720703 9492317.4499511719 2623981.4912109375 3862740.25
leaf_count=1620 504 3127 1287 3242 208 2774 596 3341 1238 794
internal_value=-0.0160274 -0.0241089 -0.0190888 0.000928401 -0.0451326 -0.00534318 -0.0315585 -0.034768 -0.0116858 -0.0182932
internal_weight=5.38083e+07 3.64402e+07 2.94161e+07 1.73681e+07 7.02402e+06 1.39923e+07 1.54239e+07 1.37471e+07 8.86936e+06 6.24538e+06
internal_count=18731 12953 11125 5778 1828 5901 5224 4628 2536 1298
cat_boundaries=0 2
cat_threshold=137216 262144
is_linear=0
shrinkage=1


Tree=1
num_leaves=11
num_cat=1
split_feature=68 26 68 30 66 6 50 27 67 0
split_gain=4.35502e+06 4.35759e+06 1.4152e+06 1.23643e+06 1.09874e+06 792072 615019 556973 538863 461464
threshold=0.90145475729484981 58.500000000000007 1.0501265280502088 1.0000000180025095e-35 0.09360529734730795 10.919884629464011 15.100000000000001 2.5000000000000004 132.50000000000003 0
decision_type=2 2 2 2 2 2 2 2 2 1
left_child=3 2 5 -1 -3 6 9 -4 -6 -2
right_child=1 4 7 -5 8 -7 -8 -9 -10 -11
leaf_value=-0.0043528615788467531 0.0017814715899223642 -0.0021630199465799784 -0.0011828723642176599 0.0062547399786930663 -0.00078750726405992877 -0.00068599415813582615 0.00012373620267866787 0.0045255378237607701 0.0021697115583841128 0.00081702340380014474
leaf_weight=7503776.4199638367 7708062.2087402344 8861827.4837036133 720364.57824707031 432016.77966308594 4656409.7790222168 2097870.9418945312 7614970.1038818359 5670992.1309814453 1115776.5672607422 7426208.2393798828
leaf_count=2053 2454 2672 436 208 2860 288 2742 2383 470 2165
internal_value=-4.83656e-05 0.00468478 0.0131229 -0.027408 -0.0133275 0.00880484 0.0109736 0.0299095 0.000253032 0.0156388
internal_weight=5.38083e+07 4.58725e+07 3.12385e+07 7.93579e+06 1.4634e+07 2.48471e+07 2.27492e+07 6.39136e+06 5.77219e+06 1.51343e+07
internal_count=18731 16470 10468 2261 6002 7649 7361 2819 3330 4619
cat_boundaries=0 1
cat_threshold=100794498
is_linear=0
shrinkage=0.04


Tree=2
num_leaves=11
num_cat=1
split_feature=42 68 67 68 30 54 67 26 0 68
split_gain=4.12548e+06 2.25256e+06 2.82852e+06 1.67684e+06 1.24906e+06 866658 763332 689754 528653 662842
threshold=39.000000000000021 0.88134311562745504 36.500000000000007 1.0128307998207073 1.0000000180025095e-35 0.25000000000000006 130.00000000000003 55.500000000000007 0 0.96467921993212002
decision_type=2 2 2 2 2 2 2 2 1 2
left_child=1 4 5 8 -1 -3 7 -4 9 -2
right_child=3 2 6 -5 -6 -7 -8 -9 -10 -11
leaf_value=-0.0044079555508501934 -0.001053927549232798 0.0016832119710838576 -0.00030149982439291954 0.0033891821469007434 0.0060045503795453431 -0.0001735703182883448 0.00099187823503269932 -0.0024758107790298998 0.0014837363137023571 0.00047753493387255735
leaf_weight=6592002.7309379578 2382640.9187011719 8232937.1409606934 4254753.4465332031 8498746.6791992188 432016.77966308594 5759313.3767089844 1676824.9688720703 9492317.4499511719 2623981.4912109375 3862740.25
leaf_count=1620 504 3127 1287 3242 208 2774 596 3341 1238 794
internal_value=-3.07937e-05 -0.00767722 -0.00281753 0.0160122 -0.0280292 0.0102051 -0.0146314 -0.0177393 0.00384585 -0.00248412
internal_weight=5.38083e+07 3.64402e+07 2.94161e+07 1.73681e+07 7.02402e+06 1.39923e+07 1.54239e+07 1.37471e+07 8.86936e+06 6.24538e+06
internal_count=18731 12953 11125 5778 1828 5901 5224 4628 2536 1298
cat_boundaries=0 2
cat_threshold=137216 262144
is_linear=0
shrinkage=0.04


Tree=3
num_leaves=11
num_cat=0
split_feature=68 26 68 30 27 6 50 68 67 27
split_gain=4.0324e+06 3.81181e+06 1.45459e+06 1.20541e+06 1.03014e+06 803655 605555 579100 640354 511355
threshold=0.88134311562745504 58.500000000000007 1.0615240366427878 1.0000000180025095e-35 59.500000000000007 10.919884629464011 15.100000000000001 1.1249726793973547 80.500000000000014 2.5000000000000004
decision_type=2 2 2 2 2 2 2 2 2 2
left_child=3 2 5 -1 7 6 -2 -3 -9 -4
right_child=1 4 9 -5 -6 -7 -8 8 -10 -11
leaf_value=-0.0042199473019799271 0.001295736715179226 -0.0028845820033646052 -0.0010200351714516147 0.0057643683643635295 0.00034535310488505259 -0.00072459210094615088 0.00010688250708872776 0.0014073229224967512 -0.0016430870639506866 0.0045315394488660392
leaf_weight=6758131.7344169617 16028747.42010498 5766810.7213745117 661420.45874023438 432016.77966308594 4599693.3110046387 2263215.4267578125 8187254.6455078125 1176602.1088256836 3140888.9194946289 4793493.7068481445
leaf_count=1685 5053 2365 395 208 1905 312 3024 541 1212 2031
internal_value=-0.000106835 0.00419357 0.0119497 -0.0279889 -0.012674 0.00807489 0.0102053 -0.0198293 -0.00875115 0.0307584
internal_weight=5.38083e+07 4.66181e+07 3.19341e+07 7.19015e+06 1.4684e+07 2.64792e+07 2.4216e+07 1.00843e+07 4.31749e+06 5.45491e+06
internal_count=18731 16838 10815 1893 6023 8389 8077 4118 1753 2426
is_linear=0
shrinkage=0.04


Tree=4
num_leaves=11
num_cat=1
split_feature=68 26 68 30 27 6 50 67 67 0
split_gain=3.93849e+06 3.62603e+06 1.44172e+06 1.19433e+06 961752 755200 562851 553616 501798 468364
threshold=0.88134311562745504 58.500000000000007 1.0615240366427878 1.0000000180025095e-35 59.500000000000007 10.919884629464011 15.100000000000001 73.500000000000014 26.500000000000004 0
decision_type=2 2 2 2 2 2 2 2 2 1
left_child=3 2 5 -1 7 6 -2 -3 -4 -6
right_child=1 4 8 -5 9 -7 -8 -9 -10 -11
leaf_value=-0.0040511494099007301 0.0012439072465720575 -0.00041855207853972289 0.0014280985494199061 0.0055337936297889878 -0.0074630767809173802 -0.00069560841690830487 0.00010260720680517866 -0.0024014851447246256 0.0043914534165859333 0.00074384868553521808
leaf_weight=6758131.7344169617 16028747.42010498 2371261.3619995117 1054891.8033447266 432016.77966308594 442961.25366210938 2263215.4267578125 8187254.6455078125 7713040.3876953125 4400022.3622436523 4156732.0573425293
leaf_count=1685 5053 1416 617 208 172 312 3024 2702 1809 1733
internal_value=-0.000134824 0.00411521 0.0116799 -0.0276903 -0.0123362 0.00782234 0.00988748 -0.0192499 0.0304053 0.0028213
internal_weight=5.38083e+07 4.66181e+07 3.19341e+07 7.19015e+06 1.4684e+07 2.64792e+07 2.4216e+07 1.00843e+07 5.45491e+06 4.59969e+06
internal_count=18731 16838 10815 1893 6023 8389 8077 4118 2426 1905
cat_boundaries=0 2
cat_threshold=0 262144
is_linear=0
shrinkage=0.04


Tree=5
num_leaves=11
num_cat=1
split_feature=68 26 68 30 27 1 0 68 67 67
split_gain=3.80588e+06 3.51183e+06 1.35589e+06 1.08015e+06 888078 612787 537128 523911 578651 504782
threshold=0.90145475729484981 58.500000000000007 1.0615240366427878 1.0000000180025095e-35 59.500000000000007 1.0000000180025095e-35 0 1.1249726793973547 80.500000000000014 13.500000000000002
decision_type=2 2 2 2 2 2 1 2 2 2
left_child=3 2 5 6 7 -2 -1 -3 -9 -4
right_child=1 4 9 -5 -6 -7 -8 8 -10 -11
leaf_value=-0.00047305432779207917 -0.00036681285302811033 -0.0026917637923588489 0.0007519323814617157 0.0053124418845974285 0.00034161537072817112 0.00086942772991344748 -0.0038905552155490044 0.0013677720887384701 -0.0014813041756036741 0.0042137944490965931
leaf_weight=927595.6159362793 4461833.67578125 5751976.8969116211 850943.75567626953 432016.77966308594 4564545.9047546387 21321720.361755371 6576180.8040275574 1176602.1088256836 3140888.9194946289 4603970.4099121094
leaf_count=570 1264 2349 501 208 1900 6778 1483 541 1212 1925
internal_value=-0.000127944 0.00429674 0.0118718 -0.0257046 -0.0118734 0.00803871 -0.0292455 -0.0185077 -0.00797648 0.0299896
internal_weight=5.38083e+07 4.58725e+07 3.12385e+07 7.93579e+06 1.4634e+07 2.57836e+07 7.50378e+06 1.00695e+07 4.31749e+06 5.45491e+06
internal_count=18731 16470 10468 2261 6002 8042 2053 4102 1753 2426
cat_boundaries=0 1
cat_threshold=100663296
is_linear=0
shrinkage=0.04


Tree=6
num_leaves=11
num_cat=2
split_feature=68 26 68 30 66 68 50 0 0 6
split_gain=3.62728e+06 3.29739e+06 1.36148e+06 1.04404e+06 833052 586499 548760 524671 513842 474604
threshold=0.90145475729484981 58.500000000000007 1.0780005931102548 1.0000000180025095e-35 0.09360529734730795 0.97072170590528717 15.250000000000002 0 1 10.228971438560512
decision_type=2 2 2 2 2 2 2 1 1 2
left_child=3 2 5 8 7 9 -7 -3 -1 -2
right_child=1 4 -4 -5 -6 6 -8 -9 -10 -11
leaf_value=-0.00045413215468039598 0.0010080258778012495 -0.00099965340923150706 0.0041094044775145857 0.0050999442092135314 4.2616881249861428e-05 0.0015455687411487953 0.00019609501175881533 -0.0040987041596446342 -0.0037349330069270442 -0.00036257988270086897
leaf_weight=927595.6159362793 4749335.5628051758 6297939.2670898438 4646473.6999511719 432016.77966308594 5772186.346282959 9964937.0198364258 4752498.8504638672 2563888.2166137695 6576180.8040275574 7125223.0700683594
leaf_count=570 2429 1413 2002 208 3330 2814 1823 1259 1483 1400
internal_value=-0.00017046 0.00414916 0.0114893 -0.0251398 -0.0115195 0.00799866 0.0133346 -0.0192218 -0.028621 0.00138525
internal_weight=5.38083e+07 4.58725e+07 3.12385e+07 7.93579e+06 1.4634e+07 2.6592e+07 1.47174e+07 8.86183e+06 7.50378e+06 1.18746e+07
internal_count=18731 16470 10468 2261 6002 8466 4637 2672 2053 3829
cat_boundaries=0 1 2
cat_threshold=137216 100663296
is_linear=0
shrinkage=0.04


Tree=7
num_leaves=11
num_cat=1
split_feature=68 26 68 30 68 6 46 50 27 0
split_gain=3.56763e+06 3.01161e+06 1.39256e+06 1.04385e+06 830756 658517 645840 516482 460025 435852
threshold=0.88134311562745504 58.500000000000007 1.0716861932123056 1.0000000180025095e-35 1.1258332385151053 10.929392146471601 15.950000000000001 15.250000000000002 57.500000000000007 0
decision_type=2 2 2 2 2 2 2 2 2 1
left_child=3 2 5 -1 8 7 -6 9 -3 -2
right_child=1 4 -4 -5 6 -7 -8 -9 -10 -11
leaf_value=-0.0036817923882170593 0.0015392814230785765 -0.0025082878417964005 0.0038217233874277626 0.0048959464408449907 0.0010769809010328175 -0.00074961905140842784 -0.0013974483422103735 4.7192012096979219e-05 -0.00043800779060479633 0.00058013240735149847
leaf_weight=6758131.7344169617 8651135.0434570312 5803088.7761535645 4894154.7545166016 432016.77966308594 3527986.5492553711 1888835.3393554688 2876757.330291748 8374225.7935791016 2476162.4049987793 8125780.7270507812
leaf_count=1685 2901 2356 2133 208 1575 254 1177 3114 915 2413
internal_value=-0.00025514 0.00378985 0.0106839 -0.0264812 -0.0112031 0.00713027 -0.000385783 0.00884091 -0.0195712 0.0128906
internal_weight=5.38083e+07 4.66181e+07 3.19341e+07 7.19015e+06 1.4684e+07 2.704e+07 6.40474e+06 2.51511e+07 8.27925e+06 1.67769e+07
internal_count=18731 16838 10815 1893 6023 8682 2752 8428 3271 5314
cat_boundaries=0 1
cat_threshold=100794498
is_linear=0
shrinkage=0.04


Tree=8
num_leaves=11
num_cat=1
split_feature=68 26 68 30 68 6 46 0 26 27
split_gain=3.4142e+06 2.78102e+06 1.37476e+06 1.00759e+06 806917 634155 560135 464374 484930 426420
threshold=0.88134311562745504 58.500000000000007 1.0716861932123056 1.0000000180025095e-35 1.1258332385151053 10.919884629464011 15.950000000000001 0 7.5000000000000009 50.500000000000007
decision_type=2 2 2 2 2 2 2 1 2 2
left_child=3 2 5 -1 9 7 -6 8 -2 -3
right_child=1 4 -4 -5 6 -7 -8 -9 -10 -11
leaf_value=-0.0035345206926883773 3.8231850285985522e-05 -0.0024487024628490621 0.0036688544519306522 0.0047001085832111909 0.0010339016649915048 -0.00058102793849974007 -0.0013415504085219588 0.00028727267747301875 0.0014870950925055862 -0.00069916392623172135
leaf_weight=6758131.7344169617 3169132.1132507324 5348056.5564880371 4894154.7545166016 432016.77966308594 3527986.5492553711 2263215.4267578125 2876757.330291748 12220569.809875488 9387059.5535583496 2931194.6246643066
leaf_count=1685 1113 2172 2133 208 1575 312 1177 3788 3469 1099
internal_value=-0.00023818 0.00371887 0.0103438 -0.0258941 -0.0106887 0.00681289 -2.76898e-05 0.00866427 0.0140667 -0.0189359
internal_weight=5.38083e+07 4.66181e+07 3.19341e+07 7.19015e+06 1.4684e+07 2.704e+07 6.40474e+06 2.47768e+07 1.25562e+07 8.27925e+06
internal_count=18731 16838 10815 1893 6023 8682 2752 8370 4582 3271
cat_boundaries=0 1
cat_threshold=100794498
is_linear=0
shrinkage=0.04


Tree=9
num_leaves=11
num_cat=1
split_feature=68 26 68 30 67 67 6 36 50 0
split_gain=3.38284e+06 2.61665e+06 1.36196e+06 943597 790648 740617 609924 554278 462393 425089
threshold=0.88134311562745504 58.500000000000007 1.0716861932123056 1.0000000180025095e-35 130.00000000000003 73.500000000000014 10.916842674511971 0.16890065402303561 15.100000000000001 0
decision_type=2 2 2 2 2 2 2 2 2 1
left_child=3 2 6 -1 5 -3 8 -7 9 -2
right_child=1 4 -4 -5 -6 7 -8 -9 -10 -11
leaf_value=-0.0033931398649808425 0.0015264520582142249 0.00037409639463345268 0.0035221002738534258 0.0045121042398827424 0.0011648601417469683 9.1297752510586426e-05 -0.00046050085982032347 -0.0023581155369673907 6.4439153518394297e-05 0.00058524566028471706
leaf_weight=6758131.7344169617 8056648.4277954102 3047787.8137512207 4894154.7545166016 432016.77966308594 2016881.4844970703 1637209.8959960938 2585653.8930664062 7982115.8664550781 8389548.0829467773 8008126.4996337891
leaf_count=1685 2787 1872 2133 208 745 282 362 3124 3156 2377
internal_value=-0.000333961 0.00360488 0.010031 -0.0258718 -0.0103704 -0.014074 0.0065166 -0.0195183 0.00847005 0.0124449
internal_weight=5.38083e+07 4.66181e+07 3.19341e+07 7.19015e+06 1.4684e+07 1.26671e+07 2.704e+07 9.61933e+06 2.44543e+07 1.60648e+07
internal_count=18731 16838 10815 1893 6023 5278 8682 3406 8320 5164
cat_boundaries=0 1
cat_threshold=100794498
is_linear=0
shrinkage=0.04


Tree=10
num_leaves=11
num_cat=0
split_feature=68 26 68 30 68 68 46 18 6 54
split_gain=3.03707e+06 2.43318e+06 1.30559e+06 879504 756126 595423 498449 479414 475041 424016
threshold=0.88134311562745504 58.500000000000007 1.0780005931102548 1.0000000180025095e-35 1.1258332385151053 0.97072170590528717 15.950000000000001 1.0000000180025095e-35 10.526970781884479 2.5000000000000004
decision_type=2 2 2 2 2 2 2 2 2 2
left_child=3 2 5 -1 9 8 -6 -7 -2 -3
right_child=1 4 -4 -5 6 7 -8 -9 -10 -11
leaf_value=-0.0032574142703816083 0.00052764223760674508 -0.0012159398206595046 0.0035045211738855275 0.0043316200702874334 0.0010065087915675694 0.0012690401189600718 -0.0012155817831431589 -4.2111647885448033e-05 -0.00050717837924810552 -0.0029089169244779461
leaf_weight=6758131.7344169617 7704819.219543457 5654980.116973877 4646473.6999511719 432016.77966308594 3527986.5492553711 10962598.012268066 2876757.330291748 3754837.8580322266 4865402.8681640625 2624271.0641784668
leaf_count=1685 3361 2232 2002 208 1575 3234 1177 1403 815 1039
internal_value=-0.00016298 0.00356913 0.00976589 -0.0243605 -0.00990731 0.00642843 0.000412695 0.0118891 3.49893e-05 -0.0178907
internal_weight=5.38083e+07 4.66181e+07 3.19341e+07 7.19015e+06 1.4684e+07 2.72877e+07 6.40474e+06 1.47174e+07 1.25702e+07 8.27925e+06
internal_count=18731 16838 10815 1893 6023 8813 2752 4637 4176 3271
is_linear=0
shrinkage=0.04


Tree=11
num_leaves=11
num_cat=0
split_feature=68 26 68 30 67 67 54 36 27 1
split_gain=2.92963e+06 2.29206e+06 1.23398e+06 849578 719164 676894 567292 544799 519213 509420
threshold=0.88134311562745504 58.500000000000007 1.0501265280502088 1.0000000180025095e-35 130.00000000000003 73.500000000000014 6.9500000000000011 0.16890065402303561 3.5000000000000004 1.0000000180025095e-35
decision_type=2 2 2 2 2 2 2 2 2 2
left_child=3 2 6 -1 5 -3 9 -7 -4 -2
right_child=1 4 8 -5 -6 7 -8 -9 -10 -11
leaf_value=-0.0031271176995663445 -0.00035030554926371798 0.00038856789159248353 -0.00010171866258810373 0.0041583552674759362 0.0011287751962514045 0.00016183590425363815 -0.0013381791900424569 -0.0022131136994441056 0.0032521748764891886 0.00070997199102334422
leaf_weight=6758131.7344169617 3898988.8696289062 3047787.8137512207 1031307.1342773438 432016.77966308594 2016881.4844970703 1637209.8959960938 1298952.1323242188 7982115.8664550781 5360049.5749511719 20344833.946777344
leaf_count=1685 1072 1872 541 208 745 282 437 3124 2278 6487
internal_value=-0.000108127 0.00355738 0.00957175 -0.0238738 -0.00952242 -0.0130547 0.0056385 -0.0182594 0.0252907 0.00701834
internal_weight=5.38083e+07 4.66181e+07 3.19341e+07 7.19015e+06 1.4684e+07 1.26671e+07 2.55428e+07 9.61933e+06 6.39136e+06 2.42438e+07
internal_count=18731 16838 10815 1893 6023 5278 7996 3406 2819 7559
is_linear=0
shrinkage=0.04


Tree=12
num_leaves=11
num_cat=2
split_feature=68 26 68 30 68 66 1 0 0 54
split_gain=2.78678e+06 2.19548e+06 1.13296e+06 789724 705568 526812 542414 504445 496501 423431
threshold=0.90145475729484981 58.500000000000007 1.0807423002415908 1.0000000180025095e-35 1.1258332385151053 0.091061852137971397 1.0000000180025095e-35 0 1 2.5000000000000004
decision_type=2 2 2 2 2 2 2 1 1 2
left_child=3 2 5 7 9 6 -2 -1 -6 -3
right_child=1 4 -4 -5 8 -7 -8 -9 -10 -11
leaf_value=0.00034282629940909681 -0.00064316584616457484 -0.0011178025105819788 0.0032506917788338125 0.0039920210567768993 0.0017039049178821592 0.0018074836653178203 0.00047905082145059663 -0.0030487019796623018 -0.00052037066025144036 -0.0027321776033760476
leaf_weight=927595.6159362793 3908196.9241943359 5613486.4855651855 4478009.1696777344 432016.77966308594 1258170.6672363281 5014220.3846740723 17838041.724578857 6576180.8040275574 5146573.212310791 2615783.4648742676
leaf_count=570 978 2220 1932 208 285 2705 4853 1483 2467 1030
internal_value=-0.000194378 0.00359184 0.00958127 -0.0220804 -0.00919346 0.0064651 0.00377014 -0.0251081 0.000762368 -0.016942
internal_weight=5.38083e+07 4.58725e+07 3.12385e+07 7.93579e+06 1.4634e+07 2.67605e+07 2.17462e+07 7.50378e+06 6.40474e+06 8.22927e+06
internal_count=18731 16470 10468 2261 6002 8536 5831 2053 2752 3250
cat_boundaries=0 1 2
cat_threshold=100663296 131072
is_linear=0
shrinkage=0.04


Tree=13
num_leaves=11
num_cat=0
split_feature=68 26 68 30 68 68 46 50 26 6
split_gain=2.64175e+06 1.99509e+06 1.13288e+06 797158 667246 556023 481654 456248 437164 426853
threshold=0.88134311562745504 58.500000000000007 1.0807423002415908 1.0000000180025095e-35 1.1249726793973547 0.97072170590528717 15.950000000000001 14.65 5.5000000000000009 10.228971438560512
decision_type=2 2 2 2 2 2 2 2 2 2
left_child=3 2 5 -1 -3 9 -6 -7 -9 -2
right_child=1 4 -4 -5 6 7 -8 8 -10 -11
leaf_value=-0.0028672602257389583 0.00078371644666748778 -0.0016905161485483064 0.0031206641076804609 0.0038323402145058229 0.00097144152376021063 0.0012872707587621283 -0.0010383347691782503 -0.001026354232894523 0.00059990629859126791 -0.00037165712332174231
leaf_weight=6758131.7344169617 5153487.826965332 8100594.442565918 4478009.1696777344 432016.77966308594 3553384.7047119141 9495460.3973388672 3030015.9134216309 1486782.0221252441 3903657.9811096191 7416734.2607421875
leaf_count=1685 2724 3204 1932 208 1584 2681 1235 628 1398 1452
internal_value=-7.40767e-05 0.00340667 0.00901791 -0.0226419 -0.00879641 0.00597528 0.000661918 0.0112061 0.00191175 -0.000219176
internal_weight=5.38083e+07 4.66181e+07 3.19341e+07 7.19015e+06 1.4684e+07 2.74561e+07 6.5834e+06 1.48859e+07 5.39044e+06 1.25702e+07
internal_count=18731 16838 10815 1893 6023 8883 2819 4707 2026 4176
is_linear=0
shrinkage=0.04


Tree=14
num_leaves=11
num_cat=2
split_feature=42 68 68 67 30 55 0 39 67 0
split_gain=2.49268e+06 1.41378e+06 1.31623e+06 1.57826e+06 769780 707230 550452 509372 649857 422610
threshold=39.000000000000021 1.0128307998207073 0.87011684247950793 36.500000000000007 1.0000000180025095e-35 2.5000000000000004 0 0.10089339769587544 125.00000000000001 1
decision_type=2 2 2 2 2 2 1 2 2 1
left_child=2 9 4 5 6 -4 -1 -5 -9 -2
right_child=1 -3 3 7 -6 -7 -8 8 -10 -11
leaf_value=-0.0012148632147968676 -0.00024056333595142901 0.0022772906820490765 0.0011799434207649599 0.00024726933147647099 0.0036790466059255901 -0.00046007724420824779 -0.0031662928439525114 -0.0016900493938711814 0.00029946035645572001 0.0010610186991700651
leaf_weight=1374515.8672790527 6245381.1687011719 8498746.6791992188 9282402.758392334 2515105.1762695312 432016.77966308594 5065265.6883544922 4839633.8427238464 10398467.372802734 2532758.4081420898 2623981.4912109375
leaf_count=412 1298 3242 3659 414 208 2375 1069 3919 897 1238
internal_value=-1.7059e-05 0.0124534 -0.00596073 -0.00237021 -0.0220566 0.00718207 -0.0256459 -0.0112431 -0.0144465 0.00128204
internal_weight=5.38083e+07 1.73681e+07 3.64402e+07 2.9794e+07 6.64617e+06 1.43477e+07 6.21415e+06 1.54463e+07 1.29312e+07 8.86936e+06
internal_count=18731 5778 12953 11264 1689 6034 1481 5230 4816 2536
cat_boundaries=0 1 3
cat_threshold=100665344 137216 262144
is_linear=0
shrinkage=0.04


Tree=15
num_leaves=11
num_cat=2
split_feature=68 26 68 30 54 0 54 27 66 0
split_gain=2.34308e+06 1.82633e+06 1.01416e+06 730302 664307 588638 526645 496356 447552 443057
threshold=0.88134311562745504 55.500000000000007 1.0501265280502088 1.0000000180025095e-35 1.7500000000000002 0 6.9500000000000011 3.5000000000000004 0.09360529734730795 1
decision_type=2 2 2 2 2 1 2 2 2 1
left_child=3 2 6 5 8 -1 -2 -4 9 -3
right_child=1 4 7 -5 -6 -7 -8 -9 -10 -11
leaf_value=-0.00090231773560244303 0.00046587926631093293 -0.00019335631740759665 -0.00027431966311115613 0.0035318847416885664 -0.0017755969946341261 -0.0029918650946016514 -0.001338843158838235 0.0027714718029805763 0.00093770805256568421 -0.0029991703438021129
leaf_weight=1527939.4540710449 23911216.052490234 3814590.8392333984 1031307.1342773438 432016.77966308594 5640980.8415527344 5230192.2803459167 1298952.1323242188 5287983.7235107422 4295113.1410217285 1337982.8542480469
leaf_count=495 7424 849 541 208 2230 1190 437 2232 2481 644
internal_value=-7.53342e-05 0.00320276 0.00867971 -0.0213291 -0.00824195 -0.0245523 0.005088 0.0230084 -0.00175659 -0.00970524
internal_weight=5.38083e+07 4.66181e+07 3.15295e+07 7.19015e+06 1.50887e+07 6.75813e+06 2.52102e+07 6.31929e+06 9.44769e+06 5.15257e+06
internal_count=18731 16838 10634 1893 6204 1685 7861 2773 3974 1493
cat_boundaries=0 1 2
cat_threshold=100665344 137216
is_linear=0
shrinkage=0.04


Tree=16
num_leaves=11
num_cat=2
split_feature=68 26 68 30 67 0 0 68 62 64
split_gain=2.26169e+06 1.71069e+06 999536 692130 629068 734325 588824 509440 461837 422133
threshold=0.88134311562745504 55.500000000000007 1.0807423002415908 1.0000000180025095e-35 130.00000000000003 0 1 0.97072170590528717 0.99729612480152441 1.2767743035143131
decision_type=2 2 2 2 2 1 1 2 2 2
left_child=3 2 7 6 5 -3 -1 -2 -9 -7
right_child=1 4 -4 -5 -6 9 -8 8 -10 -11
leaf_value=-0.00086622502617834539 -3.1288311615567229e-05 7.6996988705244333e-06 0.0027856220308649839 0.0033906093520210236 0.0010762588745556008 -0.0021414464361219905 -0.0028721904908175851 0.0014001648424149529 0.00016522911557991112 0.023571427548045764
leaf_weight=1527939.4540710449 12369662.850158691 5251338.1253662109 4424269.1298828125 432016.77966308594 2166193.7576904297 7434711.9945373535 5230192.2803459167 8435515.4676513672 6300011.594909668 236423.79846191406
leaf_count=495 4092 1280 1897 208 798 3946 1190 2308 2337 180
internal_value=-3.65325e-05 0.00318412 0.00848485 -0.0209179 -0.00789235 -0.0112363 -0.0240557 0.00560747 0.0106318 -0.0191255
internal_weight=5.38083e+07 4.66181e+07 3.15295e+07 7.19015e+06 1.50887e+07 1.29225e+07 6.75813e+06 2.71052e+07 1.47355e+07 7.67114e+06
internal_count=18731 16838 10634 1893 6204 5406 1685 8737 4645 4126
cat_boundaries=0 1 2
cat_threshold=133120 100665344
is_linear=0
shrinkage=0.04


Tree=17
num_leaves=11
num_cat=2
split_feature=68 26 68 30 68 26 0 0 55 6
split_gain=2.1511e+06 1.62689e+06 985610 664655 636055 575447 567246 449345 418661 397194
threshold=0.88134311562745504 58.500000000000007 0.98478936214059098 1.0000000180025095e-35 1.1249726793973547 6.5000000000000009 0 1 8.5000000000000018 10.246214066765779
decision_type=2 2 2 2 2 2 1 1 2 2
left_child=3 2 9 6 8 -4 -1 -6 -3 -2
right_child=1 4 5 -5 7 -7 -8 -9 -10 -11
leaf_value=-0.00083157602513121145 0.00068379201261365851 -0.00094821349471666721 0.00015432304360981969 0.0032549849779401831 0.0015346387951413502 0.0016617450611332739 -0.0027573028711848813 -0.00044659537420733129 -0.0029272908465485478 -0.00028585287410757789
leaf_weight=1527939.4540710449 6944961.3356323242 6011313.1224365234 4138585.0419616699 432016.77966308594 1381708.2131347656 12308119.121917725 5230192.2803459167 5201692.4049987793 2089281.3201293945 8542466.1584472656
leaf_count=495 3368 2373 1486 208 307 4334 1190 2512 831 1627
internal_value=-7.73801e-05 0.00306354 0.00813061 -0.0204419 -0.0079561 0.0149498 -0.0235167 0.00127851 -0.0154611 0.000889002
internal_weight=5.38083e+07 4.66181e+07 3.19341e+07 7.19015e+06 1.4684e+07 1.64467e+07 6.75813e+06 6.5834e+06 8.10059e+06 1.54874e+07
internal_count=18731 16838 10815 1893 6023 5820 1685 2819 3204 4995
cat_boundaries=0 1 2
cat_threshold=100665344 131072
is_linear=0
shrinkage=0.04


Tree=18
num_leaves=11
num_cat=2
split_feature=68 26 68 30 0 67 0 66 1 54
split_gain=2.06142e+06 1.51266e+06 961349 641348 615027 611289 545146 501789 551531 480724
threshold=0.88134311562745504 58.500000000000007 1.0807423002415908 1.0000000180025095e-35 0 130.00000000000003 1 0.098241166682033157 1.0000000180025095e-35 7.6500000000000004
decision_type=2 2 2 2 1 2 1 2 2 2
left_child=3 2 7 6 9 -6 -1 8 -2 -3
right_child=1 4 -4 -5 5 -7 -8 -9 -10 -11
leaf_value=-0.00079831298412596271 -0.00064939584300686027 0.00016434757812541765 0.0026564365820069169 0.0031247855788225755 -0.0026075503501907216 0.0019952787815442135 -0.0026470107563374861 0.0017458710611868533 0.00037585379849363172 -0.0025895557415102697
leaf_weight=1527939.4540710449 4176305.5239257812 7602875.1630859375 4478009.1696777344 432016.77966308594 5449977.058380127 618111.61022949219 5230192.2803459167 3902434.053527832 19377382.910827637 1013031.2290039062
leaf_count=495 1073 1923 1932 208 3417 430 1190 2313 5497 253
internal_value=-0.000107086 0.00296767 0.00785361 -0.0200426 -0.00765806 -0.0174126 -0.023063 0.00505078 0.00284967 -0.000787983
internal_weight=5.38083e+07 4.66181e+07 3.19341e+07 7.19015e+06 1.4684e+07 6.06809e+06 6.75813e+06 2.74561e+07 2.35537e+07 8.61591e+06
internal_count=18731 16838 10815 1893 6023 3847 1685 8883 6570 2176
cat_boundaries=0 1 2
cat_threshold=137216 100665344
is_linear=0
shrinkage=0.04


Tree=19
num_leaves=11
num_cat=2
split_feature=42 68 68 67 0 16 39 67 54 0
split_gain=1.8844e+06 1.22873e+06 1.01203e+06 1.20558e+06 696928 566167 445323 559218 406520 376322
threshold=39.000000000000021 1.0128307998207073 0.86098156158378003 36.500000000000007 0 1.0000000180025095e-35 0.10089339769587544 125.00000000000001 6.9500000000000011 1
decision_type=2 2 2 2 1 2 2 2 2 1
left_child=2 9 4 5 -1 8 -5 -8 -4 -2
right_child=1 -3 3 6 -6 -7 7 -9 -10 -11
leaf_value=-0.00042626321199892945 0.0010254485784541253 0.0019408670601097531 0.00097123197231485268 0.0002499411379914136 -0.0027020081591314971 -0.00086861953956846169 -0.0014810749438142238 0.0002322408154337188 -0.0023180593784146502 -0.00024420440587323762
leaf_weight=2250728.3699150085 2340720.0075683594 8498746.6791992188 11335334.463989258 2515105.1762695312 3184272.8220214844 3482513.9596862793 10460599.158081055 2532758.4081420898 678853.53552246094 6528642.65234375
leaf_count=796 1026 3242 4812 414 742 947 3955 897 390 1510
internal_value=-8.09664e-05 0.0107617 -0.00524879 -0.00245785 -0.0211703 0.00543266 -0.0103424 -0.0133245 0.009549 0.000347067
internal_weight=5.38083e+07 1.73681e+07 3.64402e+07 3.10052e+07 5.435e+06 1.54967e+07 1.55085e+07 1.29934e+07 1.20142e+07 8.86936e+06
internal_count=18731 5778 12953 11415 1538 6149 5266 4852 5202 2536
cat_boundaries=0 2 3
cat_threshold=100665344 262144 100663426
is_linear=0
shrinkage=0.04


Tree=20
num_leaves=11
num_cat=2
split_feature=42 68 68 67 0 16 39 67 54 0
split_gain=1.77617e+06 1.12579e+06 954259 1.09571e+06 710096 517416 404463 519454 379681 354786
threshold=39.000000000000021 1.0128307998207073 0.86098156158378003 36.500000000000007 0 1.0000000180025095e-35 0.10089339769587544 125.00000000000001 6.9500000000000011 1
decision_type=2 2 2 2 1 2 2 2 2 1
left_child=2 9 4 5 -1 8 -5 -8 -4 -2
right_child=1 -3 3 6 -6 -7 7 -9 -10 -11
leaf_value=-0.00040921268351897232 -0.00025581247404352699 0.0018632323777053629 0.00093238269342225857 0.00023994349247175706 -0.0025939278327662373 -0.00083387475798572298 -0.0014218319460616552 0.00022295118281637005 -0.002225337003278064 0.0008896018097005416
leaf_weight=2250728.3699150085 6245381.1687011719 8498746.6791992188 11335334.463989258 2515105.1762695312 3184272.8220214844 3482513.9596862793 10460599.158081055 2532758.4081420898 678853.53552246094 2623981.4912109375
leaf_count=796 1298 3242 4812 414 742 947 3955 897 390 1238
internal_value=-0.000179422 0.0103473 -0.00519666 -0.00248655 -0.020657 0.00503583 -0.0100032 -0.0128453 0.00897096 0.000378467
internal_weight=5.38083e+07 1.73681e+07 3.64402e+07 3.10052e+07 5.435e+06 1.54967e+07 1.55085e+07 1.29934e+07 1.20142e+07 8.86936e+06
internal_count=18731 5778 12953 11415 1538 6149 5266 4852 5202 2536
cat_boundaries=0 2 4
cat_threshold=100665344 262144 137216 262144
is_linear=0
shrinkage=0.04


Tree=21
num_leaves=11
num_cat=1
split_feature=68 26 66 0 39 54 66 18 66 59
split_gain=1.72293e+06 1.45428e+06 892599 624257 565040 520760 492716 461853 449902 444805
threshold=0.91802624167463043 59.500000000000007 0.09735742102352328 0 0.1047551005159644 7.6500000000000004 0.16502588158012571 1.0000000180025095e-35 0.091685435146554278 1.0060940907454092
decision_type=2 2 2 1 2 2 2 2 2 2
left_child=4 2 7 5 -1 8 -5 9 -3 -2
right_child=1 3 -4 6 -6 -7 -8 -9 -10 -11
leaf_value=-0.0019281331956968609 0.00018663620472456595 -0.00031862625403228151 0.0026463898560056208 -0.0030208356655849334 -0.0012013732080707554 -0.0027079029115351554 0.0010697749469241707 -0.00027049622877887703 0.0013171388018119263 0.0012795518671272499
leaf_weight=2923403.8627929688 11839029.346557617 5824294.655456543 5451115.9638061523 3704014.8320922852 6584037.034160614 1174483.7297973633 888614.93301391602 6271088.4701538086 2778108.224609375 6370084.1802978516
leaf_count=347 2916 1424 3131 2207 2494 339 840 2092 1104 1837
internal_value=-0.000206343 0.00310951 0.00813104 -0.00735019 -0.0156569 -0.00163602 -0.0195145 0.00487145 0.00177508 0.00809572
internal_weight=5.38083e+07 4.43008e+07 2.99313e+07 1.43695e+07 9.50744e+06 9.77689e+06 4.59263e+06 2.44802e+07 8.6024e+06 1.82091e+07
internal_count=18731 15890 9976 5914 2841 2867 3047 6845 2528 4753
cat_boundaries=0 1
cat_threshold=137218
is_linear=0
shrinkage=0.04


Tree=22
num_leaves=11
num_cat=2
split_feature=42 68 68 67 0 16 26 54 54 0
split_gain=1.60425e+06 1.05758e+06 864595 1.00384e+06 693129 471047 392641 379399 368175 344226
threshold=39.000000000000021 0.97072170590528717 0.86098156158378003 36.500000000000007 0 1.0000000180025095e-35 3.5000000000000004 1.6500000000000001 6.9500000000000011 1
decision_type=2 2 2 2 1 2 2 2 2 1
left_child=2 -2 4 5 -1 8 -3 -5 -4 -8
right_child=1 6 3 7 -6 -7 9 -9 -10 -11
leaf_value=-0.0003447892478553831 -0.00031881762104499076 -0.00024441198226857278 0.00087232861862632293 -0.00043842694909355159 -0.0024245305423524089 -0.00078253391600105362 0.0019155897419725933 -0.0013977946623009796 -0.0024178609381229491 0.00098593738839157031
leaf_weight=2250728.3699150085 4887522.1071166992 1281162.626159668 11335334.463989258 9818190.7288818359 3184272.8220214844 3482513.9596862793 5611244.1121826172 5690272.0136108398 678853.53552246094 5588180.4936523438
leaf_count=796 1468 426 4812 3311 742 947 2208 1955 390 1676
internal_value=-0.000128809 0.00987544 -0.00489704 -0.00231739 -0.0196131 0.00488271 0.0160523 -0.00951204 0.00863738 0.0184519
internal_weight=5.38083e+07 1.73681e+07 3.64402e+07 3.10052e+07 5.435e+06 1.54967e+07 1.24806e+07 1.55085e+07 1.20142e+07 1.11994e+07
internal_count=18731 5778 12953 11415 1538 6149 4310 5266 5202 3884
cat_boundaries=0 2 3
cat_threshold=100665344 262144 302121090
is_linear=0
shrinkage=0.04


Tree=23
num_leaves=11
num_cat=1
split_feature=68 26 66 39 0 67 28 55 54 51
split_gain=1.53221e+06 1.29336e+06 796287 606144 575830 547695 472114 456655 442939 432361
threshold=0.91802624167463043 58.500000000000007 0.12175161647438333 0.1047551005159644 0 122.50000000000001 1.0000000180025095e-35 2.5000000000000004 7.6500000000000004 0.0062499999999999977
decision_type=2 2 2 2 1 2 2 2 2 2
left_child=3 2 7 -1 8 -6 -5 -2 -3 -9
right_child=1 4 -4 6 5 -7 -8 9 -10 -11
leaf_value=-0.0018721114833793314 0.00065494325428404375 0.00022799610603242953 0.0033479662198774812 -0.00033867088554358481 -0.002375713867541714 0.0013463903851206175 -0.018878953979690014 -0.00060479136204508708 -0.0022378239716152647 0.00043603586074183147
leaf_weight=2923403.8627929688 15478541.673217773 7533530.8310546875 3654125.3465881348 5561997.575958252 5108418.0166931152 918572.61138916016 1022039.4582023621 5209512.7346191406 1010734.3400878906 5387398.7821350098
leaf_count=347 4455 1913 2086 1914 3200 615 580 1775 252 1594
internal_value=-0.000192962 0.00293398 0.00771883 -0.0147632 -0.00682848 -0.0162962 -0.00803321 0.0052682 -0.000150074 -0.00112935
internal_weight=5.38083e+07 4.43008e+07 2.97296e+07 9.50744e+06 1.45713e+07 6.02699e+06 6.58404e+06 2.60755e+07 8.54427e+06 1.05969e+07
internal_count=18731 15890 9910 2841 5980 3815 2494 7824 2165 3369
cat_boundaries=0 1
cat_threshold=137216
is_linear=0
shrinkage=0.04


Tree=24
num_leaves=11
num_cat=0
split_feature=68 26 66 39 68 59 26 28 54 55
split_gain=1.47584e+06 1.16257e+06 818430 619700 537724 493517 520321 477682 386754 372068
threshold=0.88134311562745504 55.500000000000007 0.12175161647438333 0.1047551005159644 1.1258332385151053 1.0064490564572208 5.5000000000000009 1.0000000180025095e-35 6.9500000000000011 8.5000000000000018
decision_type=2 2 2 2 2 2 2 2 2 2
left_child=3 2 5 -1 9 8 -7 -5 -2 -3
right_child=1 4 -4 7 -6 6 -8 -9 -10 -11
leaf_value=-0.0018709202443019401 0.00011009271067855569 -0.0007965100862935056 0.0032282570622976935 -0.00036745756488761088 0.00015345259224386809 -0.00031255794081343192 0.001234847890089492 -0.018130765557917958 -0.0014304408207492978 -0.0024268234988799949
leaf_weight=2495235.0646972656 16991627.276397705 6520251.9760131836 3619414.5758972168 3681011.1578063965 6435712.7734680176 2536920.3544006348 7443827.6643371582 1013902.2915763855 937669.17156982422 2132702.926574707
leaf_count=239 4741 2584 2099 1082 2773 1062 2466 572 266 847
internal_value=-0.000354371 0.00224727 0.00661704 -0.0172223 -0.00688385 0.00429626 0.0114253 -0.00866129 0.000327719 -0.0133961
internal_weight=5.38083e+07 4.66181e+07 3.15295e+07 7.19015e+06 1.50887e+07 2.791e+07 9.98075e+06 4.69491e+06 1.79293e+07 8.65295e+06
internal_count=18731 16838 10634 1893 6204 8535 3528 1654 5007 3431
is_linear=0
shrinkage=0.04


Tree=25
num_leaves=11
num_cat=0
split_feature=68 54 11 46 39 28 63 51 54 68
split_gain=1.43259e+06 1.10276e+06 851408 609907 602233 469518 460537 445711 442845 346955
threshold=0.88134311562745504 7.7500000000000009 1.0280009033713422 17.250000000000004 0.1047551005159644 1.0000000180025095e-35 0.050400987569116908 -0.097916666666666582 1.7500000000000002 1.0927966981287558
decision_type=2 2 2 2 2 2 2 2 2 2
left_child=4 2 3 7 -1 -6 -4 8 -2 -9
right_child=1 -3 6 -5 5 -7 -8 9 -10 -11
leaf_value=-0.0017960834345298626 0.00027687245128300229 -0.0023191073013975444 -0.0016754182809133621 -0.0010833234195402471 -0.00035275926229210645 -0.017405534935601243 0.0029688580849491671 0.00023010684167420748 -0.00062445037846133489 0.0013578164241691351
leaf_weight=2495235.0646972656 7346971.0824279785 2622418.5852050781 369508.89636230469 3691416.4846496582 3681011.1578063965 1013902.2915763855 4360785.8115844727 18372982.286010742 4745401.7668457031 5108641.8055725098
leaf_count=239 2573 1053 190 1445 1082 572 2197 5697 1627 2056
internal_value=-0.000360293 0.00220294 0.00370494 0.00177358 -0.0169793 -0.00853972 0.0197368 0.00337948 -0.00285972 0.00659248
internal_weight=5.38083e+07 4.66181e+07 4.39957e+07 3.92654e+07 7.19015e+06 4.69491e+06 4.73029e+06 3.5574e+07 1.20924e+07 2.34816e+07
internal_count=18731 16838 15785 13398 1893 1654 2387 11953 4200 7753
is_linear=0
shrinkage=0.04


Tree=26
num_leaves=11
num_cat=2
split_feature=42 68 1 68 67 30 0 54 6 0
split_gain=1.31921e+06 1.01044e+06 763524 674074 568802 513024 587366 435156 419849 412295
threshold=39.000000000000021 1.0152359820863996 1.0000000180025095e-35 0.86098156158378003 36.500000000000007 1.0000000180025095e-35 0 0.25000000000000006 10.671636925282963 1
decision_type=2 2 2 2 2 2 1 2 2 1
left_child=2 -2 -1 5 7 6 -4 8 -5 -6
right_child=1 -3 3 4 9 -7 -8 -9 -10 -11
leaf_value=-0.0016489966129546291 -2.3556943124687044e-05 0.0016057451018120408 0.00010395413399487631 0.0012169528377851445 -0.0001211832656457975 0.0035561055579517286 -0.0022408763110316221 -0.00028648324270919197 -0.00068782592122203559 -0.0020590164708452507
leaf_weight=5291563.3883666992 9071995.0388183594 8296114.3002929688 1096627.7630310059 7515790.1035461426 9295245.8482666016 367105.57995605469 3274783.3700675964 5588571.0140380859 1009665.2133789062 3000813.6129760742
leaf_count=1494 2575 3203 319 3051 2336 182 911 2781 72 1807
internal_value=-0.000248395 0.00882368 -0.00457233 -0.00218586 0.000306615 -0.0160776 -0.0198917 0.00578576 0.0114723 -0.00598262
internal_weight=5.38083e+07 1.73681e+07 3.64402e+07 3.11486e+07 2.64101e+07 4.73852e+06 4.37141e+06 1.4114e+07 8.52546e+06 1.22961e+07
internal_count=18731 5778 12953 11459 10047 1412 1230 5904 3123 4143
cat_boundaries=0 1 2
cat_threshold=100665344 137346
is_linear=0
shrinkage=0.04


Tree=27
num_leaves=11
num_cat=2
split_feature=68 26 66 0 67 30 0 51 18 68
split_gain=1.24081e+06 1.0671e+06 706140 522702 655046 477975 511461 376279 385507 352043
threshold=0.91802624167463043 55.500000000000007 0.097826160240436957 0 122.50000000000001 1.0000000180025095e-35 1 -0.58124999999999993 1.0000000180025095e-35 0.98597259777333079
decision_type=2 2 2 1 2 2 1 2 2 2
left_child=5 2 7 -3 -5 6 -1 -2 9 -9
right_child=1 3 -4 4 -6 -7 -8 8 -10 -11
leaf_value=5.8309888585982485e-05 -0.00067080290659423162 0.00017119143343848523 0.0023039756045539232 -0.001642412697658542 0.0010233460437014048 0.0029951709759182973 -0.0017009852032478046 0.00018660877299847372 -0.00020440264764590567 0.0011134120558524622
leaf_weight=2381125.9195861816 3227031.4461669922 6198872.1614990234 5096816.466796875 7138224.042388916 1565185.8529052734 432016.77966308594 6694298.1977043152 7971237.1961669922 5332164.3796386719 7771302.790222168
leaf_count=955 1079 1485 2943 3837 802 208 1678 2025 1752 1967
internal_value=-0.000336127 0.00247781 0.00689779 -0.00624171 -0.012564 -0.0134479 -0.0154047 0.00405873 0.00600641 0.00915495
internal_weight=5.38083e+07 4.43008e+07 2.93986e+07 1.49023e+07 8.70341e+06 9.50744e+06 9.07542e+06 2.43017e+07 2.10747e+07 1.57425e+07
internal_count=18731 15890 9766 6124 4639 2841 2633 6823 5744 3992
cat_boundaries=0 1 2
cat_threshold=133120 100665344
is_linear=0
shrinkage=0.04


Tree=28
num_leaves=11
num_cat=1
split_feature=11 54 68 46 39 67 67 30 0 63
split_gain=1.10263e+06 877798 941522 521436 607233 545858 539947 414262 413667 366840
threshold=1.0280009033713422 7.7500000000000009 0.88134311562745504 9.8000000000000025 0.096097512110767377 73.500000000000014 130.00000000000003 1.0000000180025095e-35 0 0.053616084021490346
decision_type=2 2 2 2 2 2 2 2 1 2
left_child=1 2 7 -4 -5 -6 -7 8 -1 -2
right_child=9 -3 3 4 5 6 -8 -9 -10 -11
leaf_value=5.5865675866018338e-05 -0.0013687015183731115 -0.0024737676461834691 0.00041312908673467856 0.000680650895902946 0.00033796296727423762 -0.0012197127743726948 0.00032212592463914713 0.0030683142864169751 -0.0018540325983700046 0.002651099738215945
leaf_weight=1418543.2035522461 491337.39984130859 2612827.868347168 20203257.265075684 2800185.9263916016 5408105.3195495605 8208721.7867431641 2645143.127746582 363058.91772460938 4912275.9204711914 4744818.4972953796
leaf_count=393 269 1028 5996 516 2881 3133 872 178 979 2486
internal_value=-0.000185751 -0.00206577 -0.000783638 0.00158023 -0.00316525 -0.00612776 -0.0113008 -0.0146497 -0.0170327 0.0172538
internal_weight=5.38083e+07 4.85721e+07 4.59593e+07 3.92654e+07 1.90622e+07 1.6262e+07 1.08539e+07 6.69388e+06 6.33082e+06 5.23616e+06
internal_count=18731 15976 14948 13398 7402 6886 4005 1550 1372 2755
cat_boundaries=0 1
cat_threshold=100665344
is_linear=0
shrinkage=0.04


Tree=29
num_leaves=11
num_cat=2
split_feature=11 68 54 30 0 46 68 0 26 36
split_gain=1.02857e+06 812879 883673 530172 480489 477277 415963 552293 439220 378975
threshold=1.0280009033713422 0.86098156158378003 7.7500000000000009 1.0000000180025095e-35 0 17.400000000000002 1.0927966981287558 1 54.500000000000007 0.16361644114972776
decision_type=2 2 2 2 1 2 2 1 2 2
left_child=1 3 5 4 -1 6 8 -8 -3 -10
right_child=-2 2 -4 -5 -6 -7 7 -9 9 -11
leaf_value=7.057318033940338e-05 0.0021831076556281192 0.00013956628240372116 -0.0022434253590514442 0.0028227008181394954 -0.0023686789228510811 -0.0010505803263121489 0.0019670366496100625 0.00053423856485913649 0.00066347368461212354 -0.0010537233518147452
leaf_weight=1208766.1280517578 5236155.8971366882 24450588.951904297 2404702.8887939453 432016.77966308594 3698988.6578979492 3523170.4402160645 1832760.9439697266 5776257.5419006348 788284.33044433594 4456582.6727600098
leaf_count=276 2755 7140 940 208 902 1390 397 2730 211 1782
internal_value=-0.000221709 -0.0020375 -0.000218904 -0.0167614 -0.0205009 0.00116899 0.00249808 0.0108423 0.000359989 -0.0101435
internal_weight=5.38083e+07 4.85721e+07 4.32323e+07 5.33977e+06 4.90775e+06 4.08276e+07 3.73045e+07 7.60902e+06 2.96955e+07 5.24487e+06
internal_count=18731 15976 14590 1386 1178 13650 12260 3127 9133 1993
cat_boundaries=0 1 2
cat_threshold=100665344 131072
is_linear=0
shrinkage=0.04


Tree=30
num_leaves=11
num_cat=2
split_feature=67 54 68 68 67 0 0 51 66 30
split_gain=1.02327e+06 773288 756962 659688 646057 406815 360334 348815 365798 358802
threshold=132.50000000000003 1.1500000000000004 0.92118260893279647 0.98478936214059098 73.500000000000014 0 1 0.76666666666666672 0.39386069692895692 1.0000000180025095e-35
decision_type=2 2 2 2 2 1 1 2 2 2
left_child=1 2 -1 -2 -4 -6 -5 8 9 -3
right_child=3 7 4 6 5 -7 -8 -9 -10 -11
leaf_value=-0.0010018216884970842 -0.0001267968026625537 -0.00098440114037993661 0.00077884547792587478 0.00074110086244889362 -0.002202054221072231 1.770359432056372e-05 0.0022133042342915104 0.00089661052718144471 0.015183314360303924 0.0034711620862517001
leaf_weight=7399183.014919281 3153841.6630859375 13994225.736633301 14525969.235137939 2889002.9267578125 1632397.1444702148 5561989.328125 3404506.2977294922 607272.6435546875 337272.30293273926 302614.93939208984
leaf_count=2026 828 5364 5145 785 798 1705 1574 207 168 131
internal_value=-0.000141364 -0.00268693 0.00113383 0.0118116 0.00489795 -0.00490456 0.0192941 -0.00998672 -0.0112194 -0.0121908
internal_weight=5.38083e+07 4.43609e+07 2.91195e+07 9.44735e+06 2.17204e+07 7.19439e+06 6.29351e+06 1.52414e+07 1.46341e+07 1.42968e+07
internal_count=18731 15544 9674 3187 7648 2503 2359 5870 5663 5495
cat_boundaries=0 2 3
cat_threshold=335544320 262144 6272
is_linear=0
shrinkage=0.04


Tree=31
num_leaves=11
num_cat=1
split_feature=11 28 54 68 46 39 0 67 67 8
split_gain=932020 758034 684062 516248 499368 616461 462161 452338 510323 343358
threshold=1.0251587562750542 1.0000000180025095e-35 7.7500000000000009 0.93430894345523441 9.8000000000000025 0.096097512110767377 0 73.500000000000014 125.00000000000001 0.99975005494864011
decision_type=2 2 2 2 2 2 1 2 2 2
left_child=1 2 3 6 -5 -6 -1 -7 -9 -8
right_child=-2 -3 -4 4 5 7 9 8 -10 -11
leaf_value=0.00013101529666832346 0.0019905074386985162 -0.016905817937148477 -0.0021178647739755418 0.00052267435783199265 0.00067809606360814587 0.00033068811941623215 0.00028134072341613975 -0.0011349633132289574 0.00019803592159374993 -0.0013087500366070484
leaf_weight=3481195.5383300781 5614074.7982597351 994603.34771728516 2496588.1478881836 16841546.79486084 2677261.1929931641 4879940.9689025879 1119127.2349243164 7388562.0397338867 3161398.4970703125 5153976.6720581055
leaf_count=1081 2968 460 976 4859 487 2579 414 2863 1086 958
internal_value=-7.17914e-05 -0.00186855 -0.00114032 -2.3165e-06 0.00226861 -0.00234266 -0.00813882 -0.005417 -0.0100749 -0.0146249
internal_weight=5.38083e+07 4.81942e+07 4.71996e+07 4.4703e+07 3.49487e+07 1.81072e+07 9.7543e+06 1.54299e+07 1.055e+07 6.2731e+06
internal_count=18731 15763 15303 14327 11874 7015 2453 6528 3949 1372
cat_boundaries=0 1
cat_threshold=100665472
is_linear=0
shrinkage=0.04


Tree=32
num_leaves=11
num_cat=3
split_feature=67 54 68 68 67 0 0 26 0 68
split_gain=879188 717094 662180 652128 567613 394184 363553 383626 356658 342589
threshold=132.50000000000003 1.1500000000000004 0.988342851355268 0.92118260893279647 73.500000000000014 0 1 59.500000000000007 2 1.2953483916878066
decision_type=2 2 2 2 2 1 1 2 1 2
left_child=1 3 -2 6 -5 -6 7 -1 -4 -3
right_child=2 9 8 4 5 -7 -8 -9 -10 -11
leaf_value=0.00032523768620212467 -7.985167850292792e-05 -0.00075129763685266593 0.00068901562920570963 0.00072917976140253926 -0.0020685735197001837 1.5329212306869522e-05 -0.0013089677320295521 -0.015371791757652513 0.0021856399536572036 0.023791184357626949
leaf_weight=2698242.4421691895 3550540.4487304688 15021635.018997192 2650482.8251953125 14525969.235137939 1632397.1444702148 5561989.328125 4356323.2886924744 344617.28405761719 3246327.6136474609 219750.603515625
leaf_count=900 924 5752 726 5145 798 1705 956 170 1537 118
internal_value=-0.000194779 -0.00255434 0.0108847 0.00112498 0.00461874 -0.00456941 -0.00913095 0.00147798 0.0191021 -0.00958389
internal_weight=5.38083e+07 4.43609e+07 9.44735e+06 2.91195e+07 2.17204e+07 7.19439e+06 7.39918e+06 3.04286e+06 5.89681e+06 1.52414e+07
internal_count=18731 15544 3187 9674 7648 2503 2026 1070 2263 5870
cat_boundaries=0 2 3 4
cat_threshold=335544320 262144 100665472 6272
is_linear=0
shrinkage=0.04


Tree=33
num_leaves=11
num_cat=2
split_feature=67 28 67 0 68 5 0 50 27 51
split_gain=841418 659797 781051 702960 622152 612228 475606 472080 428375 427554
threshold=132.50000000000003 1.0000000180025095e-35 73.500000000000014 0 0.988342851355268 1.0673257521216373 1 13.950000000000001 2.5000000000000004 -0.40416666666666662
decision_type=2 2 2 1 2 2 1 2 2 2
left_child=1 2 5 9 -2 7 -7 -1 -9 -4
right_child=4 -3 3 -5 -6 6 -8 8 -10 -11
leaf_value=0.00087321987690497447 -7.6657611362810875e-05 -0.015737495663915694 -0.0011770712292001229 -0.0020425572736980351 0.0014831940125040266 0.00018021323206398929 -0.001154229754927284 -0.0048225141357232451 0.00014631735494827512 0.00011954613343656747
leaf_weight=11044299.785461426 3550540.4487304688 1167158.4564323425 2026896.8249511719 5062842.713684082 5896810.4388427734 2541093.359588623 4442757.2518310547 1198776.7567138672 9966405.6225280762 6910693.5739746094
leaf_count=3994 924 622 493 2706 2263 664 840 774 3780 1671
internal_value=-0.000100597 -0.00240892 -0.00160701 -0.00937413 0.0107383 0.00211792 -0.00821198 0.0053662 -0.000433897 -0.00262817
internal_weight=5.38083e+07 4.43609e+07 4.31938e+07 1.40004e+07 9.44735e+06 2.91933e+07 6.98385e+06 2.22095e+07 1.11652e+07 8.93759e+06
internal_count=18731 15544 14922 4870 3187 10052 1504 8548 4554 2164
cat_boundaries=0 1 2
cat_threshold=137344 100665472
is_linear=0
shrinkage=0.04


Tree=34
num_leaves=11
num_cat=1
split_feature=11 28 1 51 54 63 42 6 26 0
split_gain=850784 719914 651644 465121 342649 328037 305083 290861 320464 297650
threshold=1.0251587562750542 1.0000000180025095e-35 1.0000000180025095e-35 1.0083333333333335 1.3500000000000003 0.050400987569116908 39.000000000000021 10.908705158582606 42.500000000000007 0
decision_type=2 2 2 2 2 2 2 2 2 1
left_child=1 2 6 4 7 -2 -1 9 -9 -4
right_child=5 -3 3 -5 -6 -7 -8 8 -10 -11
leaf_value=-0.0013551190219790207 -0.001642944000126404 -0.01554069082417317 -0.00019665200747111654 0.0012261012783190675 -0.00036594616771690132 0.0020931624692032309 -7.1755714278807955e-05 -0.00011358074679871275 -0.00133811608358461 0.00047906601716785074
leaf_weight=4995966.2005004883 394698.00122070312 994603.34771728516 8072103.5859985352 2126521.8976135254 12065176.175811768 5219376.797039032 3009760.2054443359 1533670.1625976562 660447.06201171875 14735951.796783447
leaf_count=1376 206 460 2828 692 4379 2762 942 160 90 4836
internal_value=-0.000195577 -0.00191225 -0.00120257 0.000921594 -0.000122104 0.0145412 -0.0116019 0.00254947 -0.0113605 0.0038876
internal_weight=5.38083e+07 4.81942e+07 4.71996e+07 3.91939e+07 3.70673e+07 5.61407e+06 8.00573e+06 2.50022e+07 2.19412e+06 2.28081e+07
internal_count=18731 15763 15303 12985 12293 2968 2318 7914 250 7664
cat_boundaries=0 2
cat_threshold=268439552 262144
is_linear=0
shrinkage=0.04


Tree=35
num_leaves=11
num_cat=1
split_feature=11 28 54 6 0 38 16 68 10 26
split_gain=793688 707709 632642 432262 489303 416773 443542 399750 389988 331161
threshold=1.0251587562750542 1.0000000180025095e-35 7.7500000000000009 10.919884629464011 0 19.000000000000011 1.0000000180025095e-35 1.1039501390030517 0.99901618550961013 45.500000000000007
decision_type=2 2 2 2 1 2 2 2 2 2
left_child=1 2 3 4 7 6 -6 -1 9 -7
right_child=-2 -3 -4 -5 5 8 -8 -9 -10 -11
leaf_value=0.00015490054369938987 0.0017826603565406984 -0.014919063191206243 -0.0019588834300141317 -0.00072143423217576794 -0.00016938874829013154 -1.8017427395356116e-05 -0.0011380208011550011 0.0015354398727066949 0.00067836690570297455 -0.0021540962317061134
leaf_weight=5799480.5551757812 5614074.7982597351 994603.34771728516 2496588.1478881836 3234194.6928710938 11318654.698455811 5888675.1587524414 4180206.6083984375 2285409.2857666016 10780425.705688477 1215962.2337646484
leaf_count=928 2968 460 976 368 5216 1923 1486 488 3473 445
internal_value=-0.000110296 -0.00176837 -0.00106473 2.9676e-05 0.00112815 -0.0010101 -0.00581115 0.00995729 0.00315041 -0.0041255
internal_weight=5.38083e+07 4.81942e+07 4.71996e+07 4.4703e+07 4.14688e+07 3.33839e+07 1.54989e+07 8.08489e+06 1.78851e+07 7.10464e+06
internal_count=18731 15763 15303 14327 13959 12543 6702 1416 5841 2368
cat_boundaries=0 1
cat_threshold=131072
is_linear=0
shrinkage=0.04


Tree=36
num_leaves=11
num_cat=1
split_feature=11 28 54 1 51 63 6 0 55 51
split_gain=764723 669913 610921 420300 420856 333938 276378 414249 370332 273575
threshold=1.0280009033713422 1.0000000180025095e-35 7.7500000000000009 1.0000000180025095e-35 -0.0062499999999999405 0.053616084021490346 10.891091086816976 0 1.5000000000000002 1.0562500000000001
decision_type=2 2 2 2 2 2 2 1 2 2
left_child=1 2 3 -1 6 -2 7 8 -5 -6
right_child=5 -3 -4 4 9 -7 -8 -9 -10 -11
leaf_value=-0.0005629278008560867 -0.0015746607304529009 -0.014216375441320631 -0.0018421839384842509 0.00064426130858488034 0.00029051465146056867 0.0021115585899494126 -0.00072423230631485011 -0.00067068920335602931 -0.00013209902387662054 0.0013914863991168547
leaf_weight=7021946.8336181641 491337.39984130859 1006609.4229125977 2511746.8051147461 3702363.6504821777 19354375.842834473 4744818.4972953796 1829267.232421875 6608858.3569335938 4804623.6078186035 1732327.5834655762
leaf_count=1985 269 473 989 1166 6172 2486 222 2655 1737 577
internal_value=-0.000166675 -0.00173235 -0.00104896 2.13979e-05 0.00168148 0.0143569 -0.00301243 -0.00123532 0.00460114 0.00545347
internal_weight=5.38083e+07 4.85721e+07 4.75655e+07 4.50538e+07 3.80318e+07 5.23616e+06 1.69451e+07 1.51158e+07 8.50699e+06 2.10867e+07
internal_count=18731 15976 15503 14514 12529 2755 5780 5558 2903 6749
cat_boundaries=0 1
cat_threshold=33687682
is_linear=0
shrinkage=0.04


Tree=37
num_leaves=11
num_cat=1
split_feature=67 68 67 28 0 68 58 12 53 6
split_gain=781205 643403 628975 734952 669000 544174 502160 462112 363055 358688
threshold=132.50000000000003 1.2953483916878066 73.500000000000014 1.0000000180025095e-35 0 1.0205584634041334 0.95336260083079549 0.99153687881733243 4.5000000000000009 10.891091086816976
decision_type=2 2 2 2 1 2 2 2 2 2
left_child=1 2 3 6 8 -2 -1 -8 -4 -9
right_child=5 -3 4 -5 -6 -7 7 9 -10 -11
leaf_value=-0.00051018975634994261 6.8045913507226396e-05 0.024668744335633264 -0.00095742234788498296 -0.013429403273724803 -0.0021055198221976322 0.0017150283665791511 -0.00024804281795791301 0.00097370080357916998 7.8853420521346476e-05 -0.00030494673427710586
leaf_weight=9324435.531463623 5238918.0635375977 605483.48706054688 2315099.6137695312 1167158.4564323425 4831012.4694213867 4208432.8240356445 7211654.9351806641 10917255.471710205 6526598.4763183594 1462225.9038085938
leaf_count=2469 1383 352 568 622 2486 1804 3444 3828 1612 163
internal_value=-8.9917e-06 -0.00223319 -0.00279987 0.000433306 -0.00991351 0.0104349 0.00168943 0.00532604 -0.00337318 0.0100149
internal_weight=5.38083e+07 4.43609e+07 4.37554e+07 3.00827e+07 1.36727e+07 9.44735e+06 2.89156e+07 1.95911e+07 8.8417e+06 1.23795e+07
internal_count=18731 15544 15192 10526 4666 3187 9904 7435 2180 3991
cat_boundaries=0 1
cat_threshold=137218
is_linear=0
shrinkage=0.04


Tree=38
num_leaves=11
num_cat=1
split_feature=67 68 67 28 0 6 59 50 27 51
split_gain=744131 629175 602417 692482 634550 530962 493588 459305 444698 356400
threshold=132.50000000000003 1.3185288200997529 73.500000000000014 1.0000000180025095e-35 0 10.170812382686195 0.92921549468148046 13.950000000000001 1.5000000000000002 -0.4291666666666667
decision_type=2 2 2 2 1 2 2 2 2 2
left_child=1 2 3 6 9 -2 -1 -8 -9 -4
right_child=5 -3 4 -5 -6 -7 7 8 -10 -11
leaf_value=-0.0006816352466467604 0.0019428020404462123 0.025066742729168739 -0.0012517105459021261 -0.012892227142775809 -0.0020215841832002656 0.00011783717070595252 0.0007886150834202979 -0.0056506290458214828 6.3243729364634665e-05 5.1436457443602617e-05
leaf_weight=6871355.7470397949 3558351.6983642578 581649.29998779297 1896325.6766357422 1167158.4564323425 4834914.9485473633 5888999.1892089844 10941668.352050781 777078.70419311523 10345400.746826172 6945372.4134521484
leaf_count=1676 1941 334 468 622 2490 1246 3834 490 3918 1712
internal_value=-5.25986e-05 -0.00222337 -0.00277247 0.000390254 -0.00973372 0.0101405 0.00160872 0.00452416 -0.00119995 -0.00336235
internal_weight=5.38083e+07 4.43609e+07 4.37793e+07 3.01027e+07 1.36766e+07 9.44735e+06 2.89355e+07 2.20641e+07 1.11225e+07 8.8417e+06
internal_count=18731 15544 15210 10540 4670 3187 9918 8242 4408 2180
cat_boundaries=0 1
cat_threshold=137218
is_linear=0
shrinkage=0.04


Tree=39
num_leaves=11
num_cat=1
split_feature=11 28 54 68 46 41 5 6 5 0
split_gain=712891 656314 592751 389746 536740 501673 422256 386701 377864 419900
threshold=1.0251587562750542 1.0000000180025095e-35 7.7500000000000009 0.97072170590528717 18.950000000000003 7.8220626490593943e-06 1.0123130853103539 10.130290994998036 1.0673257521216373 0
decision_type=2 2 2 2 2 2 2 2 2 1
left_child=1 2 3 8 5 -5 -7 -8 -1 -10
right_child=-2 -3 -4 4 -6 6 7 -9 9 -11
leaf_value=5.9181075163127033e-05 0.0016159018637080249 -0.012700780429245143 -0.0017706189626810166 0.00057824923608584724 -0.0014209255547134143 -0.00026226647781361722 0.0023609318116213571 -0.00022647634994064618 0.00053790325575137229 -0.00099814465351294305
leaf_weight=8657289.6993713379 5614074.7982597351 994603.34771728516 2496588.1478881836 10986661.237182617 1774335.9931640625 11644241.467193604 1715115.9864501953 1477133.25 1187741.4916687012 7260489.8138427734
leaf_count=3025 2968 460 976 2639 672 5038 955 381 315 1302
internal_value=-0.000107664 -0.00167907 -0.00100146 5.78706e-05 0.00299834 0.00446059 -0.000337115 0.012551 -0.00468618 -0.0107044
internal_weight=5.38083e+07 4.81942e+07 4.71996e+07 4.4703e+07 2.75975e+07 2.58232e+07 1.48365e+07 3.19225e+06 1.71055e+07 8.44823e+06
internal_count=18731 15763 15303 14327 9685 9013 6374 1336 4642 1617
cat_boundaries=0 1
cat_threshold=100663424
is_linear=0
shrinkage=0.04


Tree=40
num_leaves=11
num_cat=2
split_feature=67 68 54 68 0 46 59 51 6 0
split_gain=677853 610525 556611 534544 472450 459920 402858 344632 287423 283729
threshold=132.50000000000003 1.3185288200997529 1.1500000000000004 1.0196921161886461 0 18.950000000000003 1.0064490564572208 0.0062499999999999977 10.608922170965139 1
decision_type=2 2 2 2 1 2 2 2 2 1
left_child=1 2 4 -2 -1 6 8 -4 -6 -8
right_child=3 -3 7 -5 5 -7 9 -9 -10 -11
leaf_value=-0.0011681268742872214 1.5265500125470633e-05 0.02394430694401236 -0.0010177764765056333 0.0015561563588770116 0.00023935331281335723 -0.0016613854930706388 -0.00046475305894818058 -0.00018256960473970343 -0.00042703943395137287 0.0010992235184045258
leaf_weight=4659980.4815635681 5100163.2190551758 581649.29998779297 8563665.313369751 4347187.6685180664 10815040.972106934 1390132.9628295898 1596481.8438110352 6461429.3724975586 4386410.7446289062 5906133.3543701172
leaf_count=2222 1340 334 3552 1847 3668 474 680 2202 493 1919
internal_value=-0.000140838 -0.00221269 -0.00275358 0.00958771 0.000506735 0.00276162 0.00412911 -0.00899299 0.000385858 0.0117135
internal_weight=5.38083e+07 4.43609e+07 4.37793e+07 9.44735e+06 2.87542e+07 2.40942e+07 2.27041e+07 1.50251e+07 1.52015e+07 7.50262e+06
internal_count=18731 15544 15210 3187 9456 7234 6760 5754 4161 2599
cat_boundaries=0 2 3
cat_threshold=268435456 262144 67108992
is_linear=0
shrinkage=0.04


Tree=41
num_leaves=11
num_cat=2
split_feature=54 68 46 39 66 66 52 0 0 68
split_gain=646410 726768 523143 508648 461778 438409 340229 337893 311408 541581
threshold=7.7500000000000009 0.93430894345523441 9.8000000000000025 0.096097512110767377 0.091061852137971397 0.12175161647438333 -6.8499999999999988 0 1 0.50888423190236087
decision_type=2 2 2 2 2 2 2 1 1 2
left_child=1 8 5 6 7 -3 -4 -5 9 -1
right_child=-2 2 3 4 -6 -7 -8 -9 -10 -11
leaf_value=-0.011294695448419054 -0.0016983668310609032 0.00038633014695863563 -0.0007325397495602673 -0.0026013967759571798 0.00043614007648673715 0.0026391604042633066 0.00096076802042679651 -0.00043696415091792472 -0.0010233281630250587 0.00029108635016637102
leaf_weight=497697.11657714844 2844388.422668457 16830111.344543457 465920.61889648438 701211.32861328125 6561971.4176940918 2701090.8011779785 2225239.0994873047 9570543.0688476562 6772627.4642448425 4637474.549987793
leaf_count=202 1152 4588 85 319 3767 1554 406 3265 1655 1738
internal_value=-0.000160261 0.000875486 0.00351302 -0.00111714 -0.00369854 0.00814168 0.0150299 -0.00899372 -0.00777528 -0.000346604
internal_weight=5.38083e+07 5.09639e+07 3.90561e+07 1.95249e+07 1.68337e+07 1.95312e+07 2.69116e+06 1.02718e+07 1.19078e+07 5.13517e+06
internal_count=18731 17579 13984 7842 7351 6142 491 3584 3595 1940
cat_boundaries=0 1 2
cat_threshold=67108864 100665472
is_linear=0
shrinkage=0.04


Tree=42
num_leaves=11
num_cat=0
split_feature=11 28 54 68 1 51 67 62 68 67
split_gain=657970 646974 552381 353705 351222 391803 276635 351743 319749 314124
threshold=1.0251587562750542 1.0000000180025095e-35 7.7500000000000009 1.1392797283955944 1.0000000180025095e-35 1.0562500000000001 130.00000000000003 1.1218395954326501 1.0212984139956836 54.500000000000007
decision_type=2 2 2 2 2 2 2 2 2 2
left_child=1 2 4 -2 -1 6 7 9 -8 -6
right_child=3 -3 -4 -5 5 -7 8 -9 -10 -11
leaf_value=-0.0005331323065933737 0.00091936275256684246 -0.011703361620274331 -0.0016187815197649085 0.01327943982747621 4.6789668225172484e-05 0.0012724270239330945 5.135136890182285e-05 0.00088816426400009055 0.0013186653593967193 -0.00055126174074170674
leaf_weight=6986165.1082763672 4803120.9338798523 994603.34771728516 2496588.1478881836 810953.86437988281 16745290.051208496 1713468.9520568848 4173294.3842163086 3929781.5126342773 2293085.8295288086 8861923.1009521484
leaf_count=1971 2469 460 976 499 5331 569 1017 1542 969 2928
internal_value=-0.000213568 -0.00172323 -0.00105046 0.0127462 -2.78383e-05 0.00149809 0.000608694 -0.00103186 0.00810235 -0.00274185
internal_weight=5.38083e+07 4.81942e+07 4.71996e+07 5.61407e+06 4.4703e+07 3.77168e+07 3.60034e+07 2.9537e+07 6.46638e+06 2.56072e+07
internal_count=18731 15763 15303 2968 14327 12356 11787 9801 1986 8259
is_linear=0
shrinkage=0.04


Tree=43
num_leaves=11
num_cat=1
split_feature=54 68 46 68 47 50 28 68 0 30
split_gain=624740 702294 501350 609473 396728 318678 300499 378038 354758 318301
threshold=7.7500000000000009 0.93430894345523441 15.950000000000001 1.0780005931102548 9.9000000000000021 16.900000000000002 1.0000000180025095e-35 0.50888423190236087 0 1.0000000180025095e-35
decision_type=2 2 2 2 2 2 2 2 1 2
left_child=1 6 3 4 -3 -6 8 -8 -1 -10
right_child=-2 2 -4 -5 5 -7 7 -9 9 -11
leaf_value=-0.00036280241571251607 -0.0015761453411787729 0.00047707200662978379 -0.0005669224996742155 0.0012324853519349649 9.4029353856750085e-05 -0.00066313264692942288 -0.011750577248571379 0.0039203673051215852 -0.00092986572573332661 0.0031163934646598981
leaf_weight=4434132.4844360352 2844388.422668457 9334242.8747253418 6255534.4828796387 8489698.2625732422 11030453.620300293 3946158.4387817383 848741.93607711792 203632.73220825195 6058233.0603637695 363058.91772460938
leaf_count=1569 1152 2434 2491 3741 3833 1485 394 177 1277 178
internal_value=-0.000243716 0.000774522 0.00336727 0.00534641 0.00212428 -0.00190975 -0.00772934 -0.0281373 -0.00575085 -0.0117597
internal_weight=5.38083e+07 5.09639e+07 3.90561e+07 3.28006e+07 2.43109e+07 1.49766e+07 1.19078e+07 1.05237e+06 1.08554e+07 6.42129e+06
internal_count=18731 17579 13984 11493 7752 5318 3595 571 3024 1455
cat_boundaries=0 1
cat_threshold=100665472
is_linear=0
shrinkage=0.04


Tree=44
num_leaves=11
num_cat=0
split_feature=28 66 1 41 67 68 64 67 67 68
split_gain=624337 612989 476050 375456 541919 481499 360502 391338 414469 357653
threshold=1.0000000180025095e-35 0.091061852137971397 1.0000000180025095e-35 1.17282832609843e-05 69.500000000000014 1.1039501390030517 1.2909598861211009 130.00000000000003 73.500000000000014 0.50888423190236087
decision_type=2 2 2 2 2 2 2 2 2 2
left_child=1 2 -1 5 -5 -4 7 8 -3 -2
right_child=9 6 3 4 -6 -7 -8 -9 -10 -11
leaf_value=-0.00070655272077628408 -0.0115248827327577 0.0007042767156913329 3.4852400031314739e-05 0.0001575277397009672 -0.0011512937831458334 0.0011995001387224719 0.021883553585988827 0.0011420850375777041 -0.0014847992169885651 0.0034371571821813171
leaf_weight=7019344.3007202148 944730.81266403198 5605532.785736084 18696535.797607422 5651147.9211120605 4781210.131652832 2654744.0290527344 593930.11737060547 5374307.1466064453 2264364.5464477539 222427.64376831055
leaf_count=1763 430 3777 3837 2321 1709 635 340 2505 1222 192
internal_value=-0.00021241 0.00042917 -0.00214852 -6.64192e-05 -0.00628596 0.00297249 0.00765715 0.00628993 0.000607941 -0.0291484
internal_weight=5.38083e+07 5.26411e+07 3.8803e+07 3.17836e+07 1.04324e+07 2.13513e+07 1.38381e+07 1.32442e+07 7.8699e+06 1.16716e+06
internal_count=18731 18109 10265 8502 4030 4472 7844 7504 4999 622
is_linear=0
shrinkage=0.04


Tree=45
num_leaves=11
num_cat=1
split_feature=28 66 54 62 41 67 0 62 11 68
split_gain=621012 561377 437483 451022 563382 483833 434626 364885 355873 348454
threshold=1.0000000180025095e-35 0.091061852137971397 7.7500000000000009 0.929068560126589 1.1004260853667822e-05 69.500000000000014 0 1.1133560970562424 1.0350704997676357 0.50888423190236087
decision_type=2 2 2 2 2 2 1 2 2 2
left_child=1 2 3 6 7 -6 -1 -5 -3 -2
right_child=9 8 -4 4 5 -7 -8 -9 -10 -11
leaf_value=-9.7826073486333766e-06 -0.011063887423447391 0.00043063056864109253 -0.0014346454614829476 0.00020884787686960664 0.00018217009828890566 -0.00095856028780483076 -0.00086143325830922404 0.0012603408363055682 0.0027832618145248351 0.003299670894894064
leaf_weight=3360468.296081543 944730.81266403198 11371747.933227539 1766981.0786743164 14771119.670715332 5242517.4118347168 4976433.877746582 6420206.5034790039 2265255.3416137695 2466386.6629333496 222427.64376831055
leaf_count=712 430 6345 558 3236 2223 1869 1119 548 1499 192
internal_value=-0.000200537 0.000439332 -0.00202745 -0.00109974 0.00154453 -0.00588089 -0.00846838 0.00599853 0.00735634 -0.0290594
internal_weight=5.38083e+07 5.26411e+07 3.8803e+07 3.7036e+07 2.72553e+07 1.0219e+07 9.78067e+06 1.70364e+07 1.38381e+07 1.16716e+06
internal_count=18731 18109 10265 9707 7876 4092 1831 3784 7844 622
cat_boundaries=0 1
cat_threshold=100665472
is_linear=0
shrinkage=0.04


Tree=46
num_leaves=11
num_cat=1
split_feature=28 54 66 0 67 59 46 5 68 1
split_gain=624738 549890 509086 412912 687530 442838 391934 364988 348454 308644
threshold=1.0000000180025095e-35 7.7500000000000009 0.12175161647438333 0 54.500000000000007 1.0074025484761744 16.700000000000006 1.0123130853103539 0.50888423190236087 1.0000000180025095e-35
decision_type=2 2 2 1 2 2 2 2 2 2
left_child=1 2 3 4 -1 9 -7 -4 -2 -5
right_child=8 -3 7 5 -6 6 -8 -9 -10 -11
leaf_value=0.00018001606842956791 -0.010621331926509497 -0.0013662489745259953 0.0004331948885091666 -0.00067702903838326781 -0.0017013903530124072 0.00069561201449014538 -0.00043760277099555374 0.0027836217175879058 0.0031676840590983009 1.509108008353989e-05
leaf_weight=4877013.4701538086 944730.81266403198 2737317.8010253906 3956501.1448059082 3556091.3928833008 3737678.8399658203 9674962.1157836914 2667896.3965454102 2769375.3497924805 222427.64376831055 18664280.265350342
leaf_count=2054 430 1108 2627 749 1687 3012 857 1635 192 4380
internal_value=-0.000114076 0.000527711 0.0014852 -0.000109334 -0.00794443 0.00184353 0.00791847 0.0117215 -0.0290594 -0.00153096
internal_weight=5.38083e+07 5.26411e+07 4.99038e+07 4.31779e+07 8.61469e+06 3.45632e+07 1.23429e+07 6.72588e+06 1.16716e+06 2.22204e+07
internal_count=18731 18109 17001 12739 3741 8998 3869 4262 622 5129
cat_boundaries=0 2
cat_threshold=335544320 262144
is_linear=0
shrinkage=0.04


Tree=47
num_leaves=11
num_cat=0
split_feature=28 68 51 67 68 44 67 54 1 51
split_gain=644921 509321 514495 500505 368200 350956 366046 346362 335110 487082
threshold=1.0000000180025095e-35 1.3638666787996223 -0.4499999999999999 130.00000000000003 0.98478936214059098 2.5000000000000004 113.50000000000001 1.7500000000000002 1.0000000180025095e-35 1.0562500000000001
decision_type=2 2 2 2 2 2 2 2 2 2
left_child=1 2 7 5 -5 6 8 -1 -4 -10
right_child=-2 -3 3 4 -6 -7 -8 -9 9 -11
leaf_value=-5.125834557336039e-05 -0.0094158738428724766 0.021837606914459049 -0.00056174557300025813 -6.6107114368950097e-05 0.0011075187569680419 -0.0051684736218064412 -0.0010413597839912824 -0.00097948641894111716 0.00012151095689592845 0.0014160680189106939
leaf_weight=4428066.7268066406 1167158.4564323425 576648.23614501953 4765030.6032104492 2882395.0062866211 5646301.3978271484 712198.9201965332 2822154.3448486328 4972701.6662902832 24066582.874664307 1769037.0000305176
leaf_count=1713 622 339 1268 753 2120 464 961 1941 7962 588
internal_value=-0.000127234 0.000524836 0.000110755 0.00197727 0.0106448 -0.000188318 0.00040375 -0.0083601 0.00167501 0.00347268
internal_weight=5.38083e+07 5.26411e+07 5.20645e+07 4.26637e+07 8.5287e+06 3.4135e+07 3.34228e+07 9.40077e+06 3.06007e+07 2.58356e+07
internal_count=18731 18109 17770 14116 2873 11243 10779 3654 9818 8550
is_linear=0
shrinkage=0.04


Tree=48
num_leaves=11
num_cat=1
split_feature=28 54 66 62 41 40 68 61 68 0
split_gain=616711 518829 467770 390299 389798 370918 353736 325162 309736 285609
threshold=1.0000000180025095e-35 7.7500000000000009 0.097826160240436957 0.85616356784708325 4.2028622689130727e-06 0.1808574677405585 0.66848686488126996 0.96278179793024321 1.0164822917308471 0
decision_type=2 2 2 2 2 2 2 2 2 1
left_child=1 2 3 9 5 -5 -2 8 -4 -1
right_child=6 -3 7 4 -6 -7 -8 -9 -10 -11
leaf_value=-0.0018007701628616059 -0.0095242710191660983 -0.0012835000817593728 0.00039969534236863002 -0.00011618590545133672 -0.00016518154115456227 0.00062845268220785417 0.0052200053881967514 0.00028029910294514733 0.003133070043874643 -0.00043753198166234799
leaf_weight=1430757.1953735352 1029169.4799613953 2737317.8010253906 1715415.5432434082 3937307.9208374023 19193232.658203125 9034763.7964477539 137988.97647094727 6437931.5643920898 2465208.9872741699 5689181.3095092773
leaf_count=288 491 1108 1038 564 6483 2402 131 3855 1486 885
internal_value=-0.000132521 0.000505129 0.00143518 -0.00057821 0.0012976 0.00665377 -0.0288913 0.00888406 0.0175702 -0.00905241
internal_weight=5.38083e+07 5.26411e+07 4.99038e+07 3.92852e+07 3.21653e+07 1.29721e+07 1.16716e+06 1.06186e+07 4.18062e+06 7.11994e+06
internal_count=18731 18109 17001 10622 9449 2966 622 6379 2524 1173
cat_boundaries=0 2
cat_threshold=268435458 262144
is_linear=0
shrinkage=0.04


Tree=49
num_leaves=11
num_cat=1
split_feature=28 68 54 67 6 6 0 67 46 68
split_gain=604391 496361 480655 431446 424923 393834 495961 650064 400817 356232
threshold=1.0000000180025095e-35 1.3638666787996223 7.7500000000000009 132.50000000000003 9.9040710608881088 10.90395333873701 0 73.500000000000014 18.850000000000005 0.50888423190236087
decision_type=2 2 2 2 2 2 1 2 2 2
left_child=1 2 3 5 -5 6 8 -8 -1 -2
right_child=9 -3 -4 4 -6 -7 7 -9 -10 -11
leaf_value=0.00066107378898800978 -0.0094388728549675734 0.020838779836125695 -0.0012859856798964537 0.0028993691995162409 0.00026017852702717485 -0.000640174588511931 0.0001691773038150631 -0.00075777870093895669 -0.0010847447788254558 0.0032088114349213977
leaf_weight=5541606.0290527344 944730.81266403198 576648.23614501953 2698139.3084716797 1546610.299621582 7359859.7106933594 3268834.4697265625 21614998.394470215 9512581.5554199219 521838.77270507812 222427.64376831055
leaf_count=1006 430 339 1088 1138 1863 358 8467 3749 101 192
internal_value=-0.000198176 0.000433072 2.42934e-05 0.000922806 0.00889296 -0.000831675 0.000338318 -0.00170038 0.0108042 -0.0286682
internal_weight=5.38083e+07 5.26411e+07 5.20645e+07 4.93663e+07 8.90647e+06 4.04599e+07 3.7191e+07 3.11276e+07 6.06344e+06 1.16716e+06
internal_count=18731 18109 17770 16682 3001 13681 13323 12216 1107 622
cat_boundaries=0 1
cat_threshold=131072
is_linear=0
shrinkage=0.04


Tree=50
num_leaves=11
num_cat=1
split_feature=28 68 1 20 51 26 0 68 43 46
split_gain=600161 491606 475636 456972 454608 429505 416719 338835 234873 230694
threshold=1.0000000180025095e-35 1.3638666787996223 1.0000000180025095e-35 1.0000000180025095e-35 -0.12083333333333356 47.500000000000007 0 0.50888423190236087 3.0000000000000004 17.600000000000005
decision_type=2 2 2 2 2 2 1 2 2 2
left_child=1 2 9 4 -4 6 8 -2 -5 -1
right_child=7 -3 3 5 -6 -7 -8 -9 -10 -11
leaf_value=-0.00036153367642787919 -0.0090613179407688701 0.020005228642680666 -0.00014700017249500683 0.00065669318100802787 0.0005547029903040495 -0.0011700627264203877 -0.00067737971543458645 0.0030804589775245421 -0.0036389874461238399 -0.0018820823831150499
leaf_weight=7766399.8690185547 944730.81266403198 576648.23614501953 10500011.321990967 5240836.6657104492 18747026.555908203 4609382.3531799316 3666146.3576660156 222427.64376831055 545193.26226806641 989472.15441894531
leaf_count=2296 430 339 3561 1511 6281 1945 1502 192 305 369
internal_value=-0.000179309 0.000449726 4.29101e-05 0.00176196 0.00461097 -0.00416376 0.000718076 -0.0285496 0.0074035 -0.00845991
internal_weight=5.38083e+07 5.26411e+07 5.20645e+07 4.33086e+07 2.9247e+07 1.40616e+07 9.45218e+06 1.16716e+06 5.78603e+06 8.75587e+06
internal_count=18731 18109 17770 15105 9842 5263 3318 622 1816 2665
cat_boundaries=0 1
cat_threshold=100796544
is_linear=0
shrinkage=0.04


Tree=51
num_leaves=11
num_cat=2
split_feature=28 68 51 67 40 6 0 46 6 0
split_gain=611297 483904 460179 423338 388014 370078 475894 437892 368354 327363
threshold=1.0000000180025095e-35 1.3638666787996223 -0.56041666666666645 130.00000000000003 0.31425909964921267 10.90395333873701 0 18.850000000000005 9.9118965834771711 1
decision_type=2 2 2 2 2 2 1 2 2 1
left_child=1 2 -1 4 5 6 7 -4 -5 -6
right_child=-2 -3 3 8 9 -7 -8 -9 -10 -11
leaf_value=-0.00065052983228504173 -0.0079264471380881153 0.019205019496973445 0.00079178524276442145 0.0026483548310094526 0.00020391932171222115 -0.00044591755280382875 -6.3257266564673622e-05 -0.0014226614828580805 0.00027318268992970892 -0.0013372936333997793
leaf_weight=7445345.2506713867 1167158.4564323425 576648.23614501953 8923751.5589599609 1627493.401550293 3050837.9526977539 2845458.71484375 14982785.332397461 423748.40075683594 7289194.02734375 5475853.9009399414
leaf_count=2947 622 339 2360 1185 1776 300 4508 100 1830 2764
internal_value=-0.000142026 0.000492819 8.92021e-05 0.00162536 -0.000321781 0.00201401 0.00361033 0.0106929 0.00942168 -0.00776626
internal_weight=5.38083e+07 5.26411e+07 5.20645e+07 4.46191e+07 3.57024e+07 2.71757e+07 2.43303e+07 9.3475e+06 8.91669e+06 8.52669e+06
internal_count=18731 18109 17770 14823 11808 7268 6968 2460 3015 4540
cat_boundaries=0 1 2
cat_threshold=100794496 33560576
is_linear=0
shrinkage=0.04


Tree=52
num_leaves=11
num_cat=1
split_feature=28 11 1 20 53 68 26 0 68 52
split_gain=585939 481110 410444 361369 431076 349156 338807 368931 311721 279957
threshold=1.0000000180025095e-35 1.0280009033713422 1.0000000180025095e-35 1.0000000180025095e-35 6.2500000000000027 0.50888423190236087 47.500000000000007 0 1.127525569481671 -5.3499999999999979
decision_type=2 2 2 2 2 2 2 1 2 2
left_child=1 2 -1 4 -4 -2 7 -5 -3 -6
right_child=5 8 3 6 9 -7 -8 -9 -10 -11
leaf_value=-0.00053130426840392985 -0.0083818073376145923 0.00078448446134384584 -6.5602660472469386e-05 0.00038214728813335474 0.00024485943890551918 0.0032742985039470869 -0.0011025373681365538 -0.00064007713288303581 0.0088037027823963786 0.00097454970515942804
leaf_weight=8045678.5571899414 944730.81266403198 4221108.8788757324 14726230.122650146 4964002.9866333008 7110478.1581420898 222427.64376831055 4457497.001739502 3355984.1841430664 854497.98474121094 4905638.9021911621
leaf_count=2334 430 2095 4320 1402 2483 192 1844 1297 511 1823
internal_value=-0.000181618 0.00043992 -0.000809241 0.000867304 0.00351124 -0.0282137 -0.00466626 0.000101323 0.0121463 0.00913336
internal_weight=5.38083e+07 5.26411e+07 4.75655e+07 3.95198e+07 2.67423e+07 1.16716e+06 1.27775e+07 8.31999e+06 5.07561e+06 1.20161e+07
internal_count=18731 18109 15503 13169 8626 622 4543 2699 2606 4306
cat_boundaries=0 1
cat_threshold=100796544
is_linear=0
shrinkage=0.04


Tree=53
num_leaves=11
num_cat=0
split_feature=28 68 51 13 68 54 67 68 67 51
split_gain=581211 475131 409734 391669 347334 262093 254362 282156 261034 225549
threshold=1.0000000180025095e-35 1.3638666787996223 -0.56041666666666645 1.0003443716683282 0.50888423190236087 1.7500000000000002 125.00000000000001 0.98706615201009795 113.50000000000001 0.98125000000000018
decision_type=2 2 2 2 2 2 2 2 2 2
left_child=1 2 5 -4 -2 -1 8 -8 9 -5
right_child=4 -3 3 6 -6 -7 7 -9 -10 -11
leaf_value=-4.7237520204826395e-05 -0.0080465350441100095 0.018084670605798651 -0.00015775824063458808 0.00015590158956621313 0.0031433265637892021 -0.00099914073526353097 -0.00010640645665525044 0.0012840424983035672 -0.0011749225893674859 0.0011892219544365511
leaf_weight=3496129.6946105957 944730.81266403198 576648.23614501953 21719288.036743164 14712073.017303467 222427.64376831055 3949215.556060791 1451427.7144775391 4114183.3444824219 1225926.3806152344 1396224.7958679199
leaf_count=1388 430 339 7437 4584 192 1559 330 1601 429 442
internal_value=-0.000177108 0.000441917 4.19749e-05 0.00149149 -0.0280959 -0.00864479 0.00514126 0.0125811 0.00275248 0.00410663
internal_weight=5.38083e+07 5.26411e+07 5.20645e+07 4.46191e+07 1.16716e+06 7.44535e+06 2.28998e+07 5.56561e+06 1.73342e+07 1.61083e+07
internal_count=18731 18109 17770 14823 622 2947 7386 1931 5455 5026
is_linear=0
shrinkage=0.04


Tree=54
num_leaves=11
num_cat=1
split_feature=28 68 1 44 51 68 67 6 0 67
split_gain=600020 462134 390049 394066 459028 315862 275311 352090 432228 639763
threshold=1.0000000180025095e-35 1.3638666787996223 1.0000000180025095e-35 2.5000000000000004 1.0562500000000001 0.50888423190236087 132.50000000000003 10.90395333873701 0 54.500000000000007
decision_type=2 2 2 2 2 2 2 2 1 2
left_child=1 2 -1 4 6 -2 7 8 9 -4
right_child=5 -3 3 -5 -6 -7 -8 -9 -10 -11
leaf_value=-0.00047825429178493362 -0.0077246736423456086 0.017361283781566705 0.00029439463526460813 -0.0049836252294579589 0.0013147887205385825 0.0030175935012376337 0.00050238700432245101 -0.00063682531851989551 0.00020104692888405116 -0.0016925602866674858
leaf_weight=8755872.0234375 944730.81266403198 576648.23614501953 4617141.1584472656 712198.9201965332 1769037.0000305176 222427.64376831055 7601441.7645263672 2489823.9462890625 22706619.192810059 3412334.5344238281
leaf_count=2665 430 339 2394 464 588 192 2530 272 7243 1614
internal_value=-0.000132209 0.000496753 0.000102319 0.00165904 0.00215242 -0.0284991 0.00128807 -0.000283037 0.000888914 -0.0070878
internal_weight=5.38083e+07 5.26411e+07 5.20645e+07 4.33086e+07 4.25964e+07 1.16716e+06 4.08274e+07 3.32259e+07 3.07361e+07 8.02948e+06
internal_count=18731 18109 17770 15105 14641 622 14053 11523 11251 4008
cat_boundaries=0 2
cat_threshold=335544320 262144
is_linear=0
shrinkage=0.04


Tree=55
num_leaves=11
num_cat=0
split_feature=28 68 51 1 44 67 6 62 54 6
split_gain=597069 432212 372961 316328 409265 349955 306915 298546 294051 285196
threshold=1.0000000180025095e-35 1.3638666787996223 -0.12708333333333324 5.5000000000000009 2.5000000000000004 130.00000000000003 9.4079130624875891 1.1218395954326501 1.7500000000000002 10.441490387124581
decision_type=2 2 2 2 2 2 2 2 2 2
left_child=1 2 8 4 5 7 -2 -4 -1 -9
right_child=6 -3 3 -5 -6 -7 -8 9 -10 -11
leaf_value=-1.4557714838184686e-05 0.002274254266337285 0.016666832430304038 -0.00011959958783200149 0.0016841442666488005 -0.0063612083884721114 0.00062642840404359876 -0.0072257665685678844 0.00023645768584909182 -0.0005961798050830179 0.0013786110805203322
leaf_weight=10774785.061065674 252303.94483566284 576648.23614501953 21120753.730957031 2080709.1858520508 389667.97351074219 6537919.8912963867 914854.51159667969 2371293.76171875 7658584.6618347168 1130754.2739257812
leaf_count=3298 258 339 6556 1340 232 2200 364 981 2938 225
internal_value=-0.000231407 0.000396006 1.45562e-05 0.00252097 0.00152473 0.0020342 -0.0285285 -0.000150114 -0.00455832 0.0106664
internal_weight=5.38083e+07 5.26411e+07 5.20645e+07 3.36311e+07 3.15504e+07 3.11607e+07 1.16716e+06 2.46228e+07 1.84334e+07 3.50205e+06
internal_count=18731 18109 17770 11534 10194 9962 622 7762 6236 1206
is_linear=0
shrinkage=0.04


Tree=56
num_leaves=11
num_cat=1
split_feature=28 64 1 44 51 68 20 26 0 68
split_gain=592025 431532 359874 368275 431175 311303 269325 362980 333565 316204
threshold=1.0000000180025095e-35 1.2909598861211009 1.0000000180025095e-35 2.5000000000000004 1.0562500000000001 0.50888423190236087 1.0000000180025095e-35 47.500000000000007 0 0.98597259777333079
decision_type=2 2 2 2 2 2 2 2 1 2
left_child=1 2 -1 4 6 -2 9 8 -8 -4
right_child=5 -3 3 -5 -6 -7 7 -9 -10 -11
leaf_value=-0.00045042370544754704 -0.0071266560339090677 0.015206851129804209 -7.9692269068852101e-05 -0.0045732195878423745 0.001204064895809999 0.0028059195905346364 0.00043573661595901463 -0.0010749232090751051 -0.00055826043204801822 0.0004554608654216087
leaf_weight=8757643.5789794922 944730.81266403198 593930.11737060547 12246707.636322021 712198.9201965332 1769037.0000305176 222427.64376831055 5476538.8342895508 4359754.1892089844 3466255.9540405273 15259050.54586792
leaf_count=2667 430 340 3472 464 588 192 1713 1796 1414 5655
internal_value=-0.000220681 0.000404076 1.7193e-05 0.00151322 0.00199039 -0.028398 0.00115229 -0.00352042 0.00109307 0.00341214
internal_weight=5.38083e+07 5.26411e+07 5.20472e+07 4.32895e+07 4.25773e+07 1.16716e+06 4.08083e+07 1.33025e+07 8.94279e+06 2.75058e+07
internal_count=18731 18109 17769 15102 14638 622 14050 4923 3127 9127
cat_boundaries=0 1
cat_threshold=100796544
is_linear=0
shrinkage=0.04


Tree=57
num_leaves=11
num_cat=0
split_feature=28 66 51 5 1 44 6 55 61 58
split_gain=595069 428088 380977 379936 325456 339517 300533 296670 330381 282401
threshold=1.0000000180025095e-35 0.12175161647438333 -0.12708333333333324 1.0123130853103539 5.5000000000000009 2.5000000000000004 9.4079130624875891 8.5000000000000018 0.86728846239791768 0.95336260083079549
decision_type=2 2 2 2 2 2 2 2 2 2
left_child=1 2 7 -3 5 9 -2 8 -1 -4
right_child=6 3 4 -5 -6 -7 -8 -9 -10 -11
leaf_value=-0.00079373922244499993 0.0021838431146339672 0.0001672224407278324 -0.00036463259080856509 0.0023478851826657797 0.001631571709038144 -0.0060803363068809924 -0.006651669664468807 -0.0007671842292195913 0.00012663789927433658 0.00021970986660650737
leaf_weight=3458996.7513427734 252303.94483566284 4369416.9331970215 7137880.1779785156 2863309.6141967773 1505530.7377319336 339220.31506347656 914854.51159667969 4487415.8138427734 8101944.6884460449 20377401.744506836
leaf_count=525 258 2888 1607 1685 878 194 364 1463 2708 6161
internal_value=-0.000254208 0.000372153 -0.00106747 0.00941032 0.00164134 0.000662243 -0.0285038 -0.00602316 -0.00263484 0.0011526
internal_weight=5.38083e+07 5.26411e+07 4.54084e+07 7.23273e+06 2.936e+07 2.78545e+07 1.16716e+06 1.60484e+07 1.15609e+07 2.75153e+07
internal_count=18731 18109 13536 4573 8840 7962 622 4696 3233 7768
is_linear=0
shrinkage=0.04


Tree=58
num_leaves=11
num_cat=1
split_feature=28 64 67 67 0 6 44 6 65 12
split_gain=590602 422974 351018 413333 583146 398867 397053 389556 352197 538326
threshold=1.0000000180025095e-35 1.2909598861211009 132.50000000000003 73.500000000000014 0 10.891091086816976 2.5000000000000004 9.8904204288569257 0.92844415641771816 0.99153687881733243
decision_type=2 2 2 2 1 2 2 2 2 2
left_child=1 2 3 5 -5 6 8 -4 -1 -10
right_child=-2 -3 7 4 -6 -7 -8 -9 9 -11
leaf_value=-0.00024307765621064961 -0.0059068180908430972 0.01456978392376186 0.0025806726835060968 -6.0081589644394092e-05 -0.001649756862091693 -0.00044666024294734256 -0.0043532211458829776 0.0001654834711335041 -0.00027868251564719295 0.00088708997408537299
leaf_weight=8490087.984161377 1167158.4564323425 593930.11737060547 1540912.4371337891 8841698.0900878906 4834914.9485473633 3152430.9912109375 712198.9201965332 7906438.4504394531 5152361.1766967773 11416143.660461426
leaf_count=2538 622 340 1167 2180 2490 305 464 2020 2336 4269
internal_value=-0.000237196 0.00038681 3.78186e-06 -0.00154317 -0.00727298 0.00116622 0.00280912 0.00697926 0.00364616 0.00704076
internal_weight=5.38083e+07 5.26411e+07 5.20472e+07 4.25998e+07 1.36766e+07 2.89232e+07 2.57708e+07 9.44735e+06 2.50586e+07 1.65685e+07
internal_count=18731 18109 17769 14582 4670 9912 9607 3187 9143 6605
cat_boundaries=0 1
cat_threshold=137218
is_linear=0
shrinkage=0.04


Tree=59
num_leaves=11
num_cat=0
split_feature=28 11 51 6 68 45 6 61 68 35
split_gain=561596 407303 317504 312080 297020 335614 429025 377883 266204 240046
threshold=1.0000000180025095e-35 1.0280009033713422 -0.56041666666666645 9.4079130624875891 0.98597259777333079 24.966666666666672 10.671636925282963 1.0005541646305323 1.1392797283955944 0.14266344211251855
decision_type=2 2 2 2 2 2 2 2 2 2
left_child=1 2 -1 -2 -4 6 7 -6 9 -3
right_child=3 8 4 -5 5 -7 -8 -9 -10 -11
leaf_value=-0.00059336470748998183 0.0023327621136823326 0.0015909909222679172 -0.00021707403478234873 -0.0061493301542563314 0.00074587150135582312 -0.0011338435305466026 0.00064718510506396089 -0.00016085101617681387 0.0078258019996746749 -2.1025748552292477e-05
leaf_weight=6833605.1646118164 252303.94483566284 1642716.5887145996 18574461.635894775 914854.51159667969 5846818.7713623047 1329939.1910400391 4104193.9887695312 10876491.161010742 797926.19177246094 2634964.0831298828
leaf_count=2609 258 675 5023 364 2179 497 659 4536 485 1446
internal_value=-0.00021775 0.00039074 -0.000758617 -0.0276614 0.000579969 0.00370737 0.00495136 0.00210732 0.0111618 0.00720529
internal_weight=5.38083e+07 5.26411e+07 4.75655e+07 1.16716e+06 4.07319e+07 2.21574e+07 2.08275e+07 1.67233e+07 5.07561e+06 4.27768e+06
internal_count=18731 18109 15503 622 12894 7871 7374 6715 2606 2121
is_linear=0
shrinkage=0.04


Tree=60
num_leaves=11
num_cat=1
split_feature=28 65 1 20 51 26 0 68 26 46
split_gain=549849 403687 348578 341927 361707 322596 335174 305765 225419 223902
threshold=1.0000000180025095e-35 1.2512347844042779 1.0000000180025095e-35 1.0000000180025095e-35 -0.12083333333333356 47.500000000000007 0 0.66848686488126996 22.500000000000004 17.600000000000005
decision_type=2 2 2 2 2 2 1 2 2 2
left_child=1 2 9 4 -4 6 8 -2 -5 -1
right_child=7 -3 3 5 -6 -7 -8 -9 -10 -11
leaf_value=-0.00027320237538469019 -0.0058516020969374286 0.013477015947160449 -0.00011647197737362998 6.1044801592047046e-05 0.0004719847476218428 -0.0010413079046142659 -0.00060893002375015607 0.0045516850591618063 0.0010955892004127254 -0.0016463474719065972
leaf_weight=7766173.9438476562 1029169.4799613953 595111.15435791016 10491123.39151001 4046468.7719726562 18743090.142883301 4600005.5304260254 3666146.3576660156 137988.97647094727 1746140.6298828125 986856.85375976562
leaf_count=2295 491 362 3555 1210 6277 1932 1502 131 609 367
internal_value=-0.000177449 0.000424643 5.00736e-05 0.001522 0.00398717 -0.00360413 0.000621376 -0.0273325 0.00661163 -0.00723016
internal_weight=5.38083e+07 5.26411e+07 5.2046e+07 4.3293e+07 2.92342e+07 1.40588e+07 9.45876e+06 1.16716e+06 5.79261e+06 8.75303e+06
internal_count=18731 18109 17747 15085 9832 5253 3321 622 1819 2662
cat_boundaries=0 1
cat_threshold=100796544
is_linear=0
shrinkage=0.04


Tree=61
num_leaves=11
num_cat=1
split_feature=28 64 1 6 44 51 6 26 0 27
split_gain=523487 386899 330723 308962 308908 403668 248993 354154 307565 323388
threshold=1.0000000180025095e-35 1.2909598861211009 1.0000000180025095e-35 9.4542020413041801 2.5000000000000004 1.0562500000000001 10.908705158582606 42.500000000000007 0 57.500000000000007
decision_type=2 2 2 2 2 2 2 2 1 2
left_child=1 2 -1 -2 5 6 8 -8 9 -4
right_child=3 -3 4 -5 -6 -7 7 -9 -10 -11
leaf_value=-0.00041565574730077477 0.00091685603489624775 0.013509589832628019 0.00013921205507224908 -0.0059356513062043441 -0.004186141153016661 0.0011444010884570103 -4.5145551924240118e-05 -0.00097396979590302077 3.3391741174088952e-06 0.0011232780393747829
leaf_weight=8757643.5789794922 295150.53968429565 593930.11737060547 5345098.3522644043 872007.91674804688 712198.9201965332 1769037.0000305176 2291436.7260742188 843522.83984375 29702444.42779541 2625804.8137512207
leaf_count=2667 288 340 1804 334 464 588 266 112 10845 1023
internal_value=-0.00023392 0.000353562 -1.27681e-05 -0.02673 0.00142139 0.0018584 0.00104748 -0.00978379 0.0019488 0.00892555
internal_weight=5.38083e+07 5.26411e+07 5.20472e+07 1.16716e+06 4.32895e+07 4.25773e+07 4.08083e+07 3.13496e+06 3.76733e+07 7.9709e+06
internal_count=18731 18109 17769 622 15102 14638 14050 378 13672 2827
cat_boundaries=0 1
cat_threshold=33685504
is_linear=0
shrinkage=0.04


Tree=62
num_leaves=11
num_cat=0
split_feature=28 66 39 6 51 62 64 41 41 61
split_gain=524988 386549 349762 305932 291223 284236 274541 266978 263969 249710
threshold=1.0000000180025095e-35 0.091061852137971397 0.17091929722982999 9.4542020413041801 -0.56041666666666645 1.1133560970562424 1.5919406536375533 9.8878125618173772e-06 4.5004582487303228e-05 0.99049616960246878
decision_type=2 2 2 2 2 2 2 2 2 2
left_child=1 2 4 -2 -1 8 9 -7 -6 -3
right_child=3 6 -4 -5 5 7 -8 -9 -10 -11
leaf_value=-0.00057731464001111702 0.00088018179350039685 0.00097925110503987631 -0.0013824971436100656 -0.0056982252539561707 9.4518839890692275e-06 0.001208925924537792 0.016073306775284825 9.0113660460028704e-05 -0.0010527690398570524 -3.3338479630349439e-05
leaf_weight=4956845.4624023438 295150.53968429565 6668545.4159240723 2550501.5963745117 872007.91674804688 25933845.985107422 1833791.0072021484 448877.91510009766 2027839.8753662109 1500158.253692627 6720711.2651367188
leaf_count=1470 288 3695 1134 334 5859 428 264 740 634 3885
internal_value=-0.000254808 0.000333516 -0.00171343 -0.0267889 -0.000706128 0.000720679 0.00607327 0.0108812 -0.000709531 0.00504164
internal_weight=5.38083e+07 5.26411e+07 3.8803e+07 1.16716e+06 3.62525e+07 3.12956e+07 1.38381e+07 3.86163e+06 2.7434e+07 1.33893e+07
internal_count=18731 18109 10265 622 9131 7661 7844 1168 6493 7580
is_linear=0
shrinkage=0.04


Tree=63
num_leaves=11
num_cat=2
split_feature=28 64 54 65 52 46 6 0 40 0
split_gain=525400 376956 341610 405636 324283 307236 294491 267321 265232 285676
threshold=1.0000000180025095e-35 1.5919406536375533 1.1500000000000004 0.9180320564393436 -1.95 18.950000000000003 9.436222877676526 0 0.14713801971401555 1
decision_type=2 2 2 2 2 2 2 1 2 1
left_child=1 2 3 7 8 -5 -2 -1 -4 -10
right_child=6 -3 4 5 -6 -7 -8 -9 9 -11
leaf_value=0.00049692786845299851 0.001863138360280137 0.01543037450427343 -0.001055923219907657 0.00041152018120186354 0.00060438429008147969 -0.00096431247297522771 -0.0053982901762965052 -0.00055496216835303593 0.00016386472373262629 -0.00060748045840518835
leaf_weight=2121743.5114440918 266378.39771652222 448877.91510009766 939657.17919921875 22709038.195648193 1430804.2044677734 1477351.9300537109 900780.05871582031 7581788.4708251953 4760658.9378051758 11171196.431762695
leaf_count=826 268 264 123 8067 440 550 354 1585 1269 4985
internal_value=-0.000243419 0.000345135 3.12191e-05 0.00240938 -0.00437235 0.00518124 -0.0267879 -0.0044996 -0.00592289 -0.00470487
internal_weight=5.38083e+07 5.26411e+07 5.21922e+07 3.38899e+07 1.83023e+07 2.41864e+07 1.16716e+06 9.70353e+06 1.68715e+07 1.59319e+07
internal_count=18731 18109 17845 11028 6817 8617 622 2411 6377 6254
cat_boundaries=0 1 3
cat_threshold=100663424 131072 262144
is_linear=0
shrinkage=0.04


Tree=64
num_leaves=11
num_cat=1
split_feature=28 66 13 6 6 54 67 67 0 36
split_gain=505724 373843 329776 314549 272875 217084 209753 371311 241042 197799
threshold=1.0000000180025095e-35 0.42107035298402834 1.0003443716683282 9.4757704825232647 10.900327018341988 7.7500000000000009 125.00000000000001 113.50000000000001 0 0.19566257773595844
decision_type=2 2 2 2 2 2 2 2 1 2
left_child=1 2 5 -2 6 9 7 -4 -8 -1
right_child=3 -3 4 -5 -6 -7 8 -9 -10 -11
leaf_value=0.00012972747413224348 0.00060261955899901807 0.01387030576550974 0.00025631637082484319 -0.0053266911105330685 -0.00031433368426114636 -0.0011328014042583797 -0.00042162090642393769 -0.0013686693534463339 0.00099917811351992879 -0.00033512666163919367
leaf_weight=9191242.2488708496 311021.37110519409 510863.23211669922 16806528.251495361 856137.08532714844 2709849.3286132812 1732514.3500366211 1091106.5866699219 1468460.5877685547 4425940.2080688477 14704611.982666016
leaf_count=2410 299 293 5848 323 325 677 264 519 1831 5942
internal_value=-0.000245015 0.000332413 -1.28811e-06 -0.0262877 0.00312729 -0.0032365 0.0044971 0.0024335 0.0113326 -0.00224523
internal_weight=5.38083e+07 5.26411e+07 5.21303e+07 1.16716e+06 2.65019e+07 2.56284e+07 2.3792e+07 1.8275e+07 5.51705e+06 2.38959e+07
internal_count=18731 18109 17816 622 8787 9029 8462 6367 2095 8352
cat_boundaries=0 1
cat_threshold=4096
is_linear=0
shrinkage=0.04


Tree=65
num_leaves=11
num_cat=0
split_feature=28 11 6 1 20 53 49 36 68 52
split_gain=510190 367405 309691 287426 273003 341829 251663 261194 249880 237558
threshold=1.0000000180025095e-35 1.0251587562750542 9.4757704825232647 1.0000000180025095e-35 1.0000000180025095e-35 6.2500000000000027 10.350000000000003 0.19745754037734656 1.1474239465239835 -5.3499999999999979
decision_type=2 2 2 2 2 2 2 2 2 2
left_child=1 3 -2 -1 5 -5 7 -6 -3 -7
right_child=2 8 -4 4 6 9 -8 -9 -10 -11
leaf_value=-0.0004219301938334244 0.00057851477663905886 0.0006220271121246256 -0.005113623466111745 -5.9514049304445041e-05 0.00016420330899081395 0.00019834993742460339 -0.0021621693046844598 -0.00064877237999234178 0.0068146763703095456 0.00085885467458316487
leaf_weight=8005726.4059448242 311021.37110519409 4647928.4776916504 856137.08532714844 14597617.188201904 5247268.7512207031 7059792.2510375977 509159.85369873047 6920737.2496643066 793591.21185302734 4859295.3869934082
leaf_count=2318 299 2329 323 4259 1450 2451 122 2903 477 1800
internal_value=-0.00022729 0.000352683 -0.0263847 -0.000781965 0.000628769 0.00293703 -0.0041994 -0.00304652 0.0101946 0.00796305
internal_weight=5.38083e+07 5.26411e+07 1.16716e+06 4.71996e+07 3.91939e+07 2.65167e+07 1.26772e+07 1.2168e+07 5.44152e+06 1.19191e+07
internal_count=18731 18109 622 15303 12985 8510 4475 4353 2806 4251
is_linear=0
shrinkage=0.04


Tree=66
num_leaves=11
num_cat=0
split_feature=28 66 51 54 14 6 56 53 46 68
split_gain=486473 362020 312739 369828 315034 302848 281918 265277 268967 384645
threshold=1.0000000180025095e-35 0.42107035298402834 0.0062499999999999977 1.7500000000000002 1.0000000180025095e-35 9.4978611686446204 1.0000000180025095e-35 1.8500000000000003 16.700000000000006 1.0927966981287558
decision_type=2 2 2 2 2 2 2 2 2 2
left_child=1 2 3 6 -5 -2 -1 -4 9 -9
right_child=5 -3 7 4 -6 -7 -8 8 -10 -11
leaf_value=0.00012052732650907269 0.00044990665275576825 0.013044559398593383 -0.0019330768557019136 -0.00095952335690295033 -7.5526870167829849e-05 -0.0049711833508591695 -0.00092694011595755021 0.00014165347120100789 -0.00057437434009083169 0.0010386127276718917
leaf_weight=13807771.704864502 333312.24305343628 510863.23211669922 425996.49609375 5055857.8359375 4122898.0372314453 833846.21337890625 1171310.1749572754 20552018.484710693 2821008.6435852051 4173392.166809082
leaf_count=4795 314 293 54 2151 1418 308 207 6412 1063 1716
internal_value=-0.000306426 0.000259906 -6.84765e-05 -0.0034023 -0.00972468 -0.0258487 0.000471891 0.00281071 0.00329513 0.00463022
internal_weight=5.38083e+07 5.26411e+07 5.21303e+07 2.41578e+07 9.17876e+06 1.16716e+06 1.49791e+07 2.79724e+07 2.75464e+07 2.47254e+07
internal_count=18731 18109 17816 8571 3569 622 5002 9245 9191 8128
is_linear=0
shrinkage=0.04


Tree=67
num_leaves=11
num_cat=2
split_feature=28 66 62 41 0 6 67 12 0 6
split_gain=487388 342310 343722 437836 315231 290198 264914 438362 271158 266362
threshold=1.0000000180025095e-35 0.091061852137971397 0.929068560126589 5.2935735913341139e-06 0 9.4978611686446204 73.500000000000014 0.99153687881733243 1 10.288996519795115
decision_type=2 2 2 2 1 2 2 2 1 2
left_child=1 2 4 -4 -1 -2 7 -5 -9 -8
right_child=5 -3 3 6 -6 -7 9 8 -10 -11
leaf_value=0.00059680922352157463 0.00043191038664553653 0.00051459313704486638 0.00028884424073850667 -0.00057941055045636401 -0.00060667012380649979 -0.0047723360168248023 -0.0012788884331809995 0.0013156575910405 1.9716838111786341e-05 -0.00017518996039825427
leaf_weight=1367690.9762573242 333312.24305343628 13838134.596160889 12139197.344970703 3970082.7755737305 8602187.151550293 833846.21337890625 2997758.1326904297 2196211.2666931152 3096152.2304077148 4433702.3020019531
leaf_count=323 314 7844 2711 1515 1558 308 1367 589 1183 1019
internal_value=-0.000249508 0.000317356 -0.0016089 0.000604863 -0.00801113 -0.0258157 -0.00359839 0.000915047 0.00845186 -0.00922386
internal_weight=5.38083e+07 5.26411e+07 3.8803e+07 2.88331e+07 9.96988e+06 1.16716e+06 1.66939e+07 9.26245e+06 5.29236e+06 7.43146e+06
internal_count=18731 18109 10265 8384 1881 622 5673 3287 1772 2386
cat_boundaries=0 1 2
cat_threshold=100663424 100667520
is_linear=0
shrinkage=0.04


Tree=68
num_leaves=11
num_cat=1
split_feature=28 68 54 68 26 0 26 6 6 45
split_gain=495273 332457 305910 296710 445446 588976 319978 281185 258324 282988
threshold=1.0000000180025095e-35 1.8504016389448521 20.850000000000005 0.97072170590528717 59.500000000000007 0 6.5000000000000009 9.4978611686446204 10.101474394711781 13.635416666666668
decision_type=2 2 2 2 2 1 2 2 2 2
left_child=1 2 3 8 6 -6 -5 -2 -1 -10
right_child=7 -3 -4 4 5 -7 -8 -9 9 -11
leaf_value=0.0002140013337328637 0.00041463397117971534 0.016358944151725906 -0.0027446760962468574 -0.0001429748239078225 0.00011462539179345112 -0.001422417581628341 0.00060931608335963402 -0.0045814425761518101 -0.00024271781598683448 -0.0012124052724682361
leaf_weight=6856468.1909179688 333312.24305343628 357125.49261474609 483541.54934692383 4454006.4127502441 9226820.2760009766 4215477.9870910645 14757873.867340088 833846.21337890625 10269352.835205078 2020450.1650390625
leaf_count=3612 314 225 215 1544 2715 2764 4972 308 1610 452
internal_value=-0.000240902 0.000330529 6.78028e-05 0.000363421 0.00268152 -0.00290365 0.00658939 -0.0260131 -0.00359012 -0.00706051
internal_weight=5.38083e+07 5.26411e+07 5.2284e+07 5.18004e+07 3.26542e+07 1.34423e+07 1.92119e+07 1.16716e+06 1.91463e+07 1.22898e+07
internal_count=18731 18109 17884 17669 11995 5479 6516 622 5674 2062
cat_boundaries=0 1
cat_threshold=137218
is_linear=0
shrinkage=0.04


Tree=69
num_leaves=11
num_cat=1
split_feature=28 68 30 54 68 46 0 40 27 46
split_gain=478240 332090 290527 358240 328812 408463 401198 305397 328033 308010
threshold=1.0000000180025095e-35 1.8504016389448521 1.0000000180025095e-35 20.850000000000005 0.9380399176498575 18.850000000000005 0 0.21868595353056988 30.500000000000004 9.5500000000000025
decision_type=2 2 2 2 2 2 1 2 2 2
left_child=1 2 3 4 6 7 -1 8 -6 -9
right_child=-2 -3 -4 -5 5 -7 -8 9 -10 -11
leaf_value=0.00016013406202596114 -0.0035301181365688479 0.015704586385656871 0.0032757661887539559 -0.0029503177204109748 0.00069637241038626784 -0.00097025765599611526 -0.00065820225215070546 0.00043755628810427191 2.4525847006375434e-05 -0.00020719854274201313
leaf_weight=4918429.2049255371 1167158.4564323425 357125.49261474609 597710.93603515625 437704.20510864258 5362438.0442504883 2059732.9393005371 6950902.8031005859 11957552.772827148 4756238.9008789062 15243281.477264404
leaf_count=1754 622 225 278 197 1143 812 1495 4518 886 6801
internal_value=-0.000209734 0.000351784 8.92033e-05 -0.000231449 7.6316e-05 0.00183534 -0.00575965 0.00279241 0.00872512 0.000585443
internal_weight=5.38083e+07 5.26411e+07 5.2284e+07 5.16863e+07 5.12486e+07 3.93792e+07 1.18693e+07 3.73195e+07 1.01187e+07 2.72008e+07
internal_count=18731 18109 17884 17606 17409 14160 3249 13348 2029 11319
cat_boundaries=0 1
cat_threshold=100665472
is_linear=0
shrinkage=0.04


Tree=70
num_leaves=11
num_cat=0
split_feature=28 64 6 13 6 26 36 40 62 63
split_gain=438230 331304 296360 283186 243520 216475 192392 229199 181646 229129
threshold=1.0000000180025095e-35 1.5919406536375533 9.4978611686446204 1.0003443716683282 10.900327018341988 42.500000000000007 0.19566257773595844 0.15671517352806114 1.1218395954326501 0.055397501568359479
decision_type=2 2 2 2 2 2 2 2 2 2
left_child=1 3 -2 6 -5 -6 7 -1 9 -8
right_child=2 -3 -4 4 5 -7 8 -9 -10 -11
leaf_value=-0.00038066302615235263 0.00053925333779528128 0.012819580612727366 -0.0042569801476429825 0.00027133115527066404 -5.8297817312563292e-05 -0.00064356352343652448 -0.00095435175981757364 0.0002363253430362745 0.00031166243098157024 -0.00026817261878088862
leaf_weight=2762897.1611328125 333312.24305343628 448877.91510009766 833846.21337890625 23840582.37020874 1927342.7602539062 782506.568359375 3610619.9177246094 6978682.925567627 2178718.3906860352 10110888.767272949
leaf_count=385 314 264 308 8486 217 108 1122 2187 882 4458
internal_value=-0.000212318 0.000325199 -0.024455 3.09053e-05 0.00292646 -0.00843609 -0.00296725 0.0014593 -0.00567926 -0.00738288
internal_weight=5.38083e+07 5.26411e+07 1.16716e+06 5.21922e+07 2.65504e+07 2.70985e+06 2.56418e+07 9.74158e+06 1.59002e+07 1.37215e+07
internal_count=18731 18109 622 17845 8811 325 9034 2572 6462 5580
is_linear=0
shrinkage=0.04


Tree=71
num_leaves=11
num_cat=1
split_feature=28 68 6 54 68 46 0 41 10 46
split_gain=433132 323192 288814 282851 287706 374827 286832 267420 333499 294125
threshold=1.0000000180025095e-35 1.8504016389448521 9.6162321560486443 7.7500000000000009 0.94201024505600095 18.950000000000003 0 5.2935735913341139e-06 1.0003643669750428 10.450000000000001
decision_type=2 2 2 2 2 2 1 2 2 2
left_child=1 3 -2 4 6 7 -1 -6 -9 -10
right_child=2 -3 -4 -5 5 -7 -8 8 9 -11
leaf_value=0.00026704633868553356 0.00016259381471088227 0.014563619705721502 -0.0040733491237793986 -0.00082974326938519837 0.00037289524823279417 -0.00093776954055956637 -0.00051215430517122002 -0.00027963323184625633 0.00098155547649215547 -4.3748166833145581e-05
leaf_weight=4910433.6307067871 391757.06592941284 357125.49261474609 775401.39050292969 2714094.9013671875 12381823.613891602 1841427.7280273438 7526800.6317138672 10881787.97467041 5724406.2689208984 6303216.5343933105
leaf_count=1758 350 225 272 1096 3171 706 1722 4402 2243 2786
internal_value=-0.000230334 0.000304047 -0.0243316 4.50077e-05 0.000733438 0.00249707 -0.00453208 0.00341507 0.000855254 0.00544576
internal_weight=5.38083e+07 5.26411e+07 1.16716e+06 5.2284e+07 4.95699e+07 3.71327e+07 1.24372e+07 3.52912e+07 2.29094e+07 1.20276e+07
internal_count=18731 18109 622 17884 16788 13308 3480 12602 9431 5029
cat_boundaries=0 1
cat_threshold=100665472
is_linear=0
shrinkage=0.04


Tree=72
num_leaves=11
num_cat=0
split_feature=28 68 6 44 1 51 30 26 20 6
split_gain=421997 298657 281993 275911 300794 381099 225370 251078 377415 318253
threshold=1.0000000180025095e-35 1.8504016389448521 9.6162321560486443 2.5000000000000004 1.0000000180025095e-35 1.0562500000000001 1.0000000180025095e-35 47.500000000000007 1.0000000180025095e-35 10.929392146471601
decision_type=2 2 2 2 2 2 2 2 2 2
left_child=1 3 -2 4 -1 6 7 -6 9 -9
right_child=2 -3 -4 -5 5 -7 -8 8 -10 -11
leaf_value=-0.00033925738633103865 0.00015609006212244632 0.013981074917492642 -0.0039104151588282253 -0.0038804409553265368 0.00019079965650868727 0.00099921697381890684 0.0032351796410435983 9.0485732993471921e-05 -0.0010825864975235672 -0.001317038967623459
leaf_weight=8776246.4875488281 391757.06592941284 357125.49261474609 775401.39050292969 739356.1350402832 26248878.893676758 1771243.1731262207 506355.1474609375 9681767.1131591797 4225701.729675293 334442.60400390625
leaf_count=2677 350 225 272 475 8285 590 242 3848 1724 43
internal_value=-0.000209626 0.000317842 -0.023999 6.88288e-05 0.000416846 0.00180104 0.00101619 0.000684537 -0.00359166 0.000637792
internal_weight=5.38083e+07 5.26411e+07 1.16716e+06 5.2284e+07 5.15446e+07 4.27684e+07 4.09971e+07 4.04908e+07 1.42419e+07 1.00162e+07
internal_count=18731 18109 622 17884 17409 14732 14142 13900 5615 3891
is_linear=0
shrinkage=0.04


Tree=73
num_leaves=11
num_cat=0
split_feature=68 46 68 49 45 36 6 26 66 6
split_gain=415712 387732 411181 291556 288718 260208 256025 389897 285337 217206
threshold=0.9380399176498575 15.950000000000001 1.0927966981287558 9.3500000000000032 5.1208333333333336 0.19745754037734656 10.067130992270858 43.500000000000007 0.071116887048233615 10.421759970434744
decision_type=2 2 2 2 2 2 2 2 2 2
left_child=6 2 4 -3 -2 -6 -1 8 -8 -4
right_child=1 3 9 -5 5 -7 7 -9 -10 -11
leaf_value=6.9766717863166476e-05 0.00043935786153112154 -0.00058330098263631599 0.00069034806185047876 0.0019884489704383649 0.00018747156891248622 -0.00031987013753159851 -0.00070064809032126837 -0.0014770366723902276 0.00033863592979580778 0.0011266326848115547
leaf_weight=5063597.4419364929 7334288.3050231934 6497324.381439209 5916869.9253540039 441759.88763427734 6096801.2883911133 12384757.88772583 4885040.5104980469 1906271.451171875 1604920.6787109375 1676643.4748535156
leaf_count=2740 1785 2521 3058 217 1715 5017 574 426 332 346
internal_value=-0.000222766 0.0018079 0.00359492 -0.00679599 0.00118822 -0.00147657 -0.00631007 -0.0105943 -0.00592263 0.011777
internal_weight=5.38083e+07 4.03484e+07 3.34094e+07 6.93908e+06 2.58158e+07 1.84816e+07 1.34598e+07 8.39623e+06 6.48996e+06 7.59351e+06
internal_count=18731 14659 11921 2738 8517 6732 4072 1332 906 3404
is_linear=0
shrinkage=0.04


Tree=74
num_leaves=11
num_cat=1
split_feature=28 66 40 0 6 5 46 54 68 62
split_gain=411386 288543 352478 419576 285533 280677 274137 269011 217421 210524
threshold=1.0000000180025095e-35 0.091061852137971397 0.30323284665384637 0 9.6713858314595758 1.0673257521216373 18.950000000000003 19.450000000000003 1.8504016389448521 1.1218395954326501
decision_type=2 2 2 1 2 2 2 2 2 2
left_child=1 2 5 -4 -2 6 7 9 -3 -1
right_child=4 8 3 -5 -6 -7 -8 -9 -10 -11
leaf_value=0.00014564018682936965 7.8288259397368473e-05 0.00038608233296624105 -9.4483919576192669e-05 -0.0017594414362974448 -0.0037165688024794266 -0.00035517581408491889 -0.00075967185435728681 -0.001400044656221452 0.013394217998318914 0.00094710672023557351
leaf_weight=18955687.889648438 431351.20020675659 13481009.103546143 4412847.7838134766 2775217.4940185547 735807.25622558594 8748619.1153869629 1261031.8413696289 353087.92028808594 357125.49261474609 2296490.1356201172
leaf_count=4888 373 7619 1445 1293 249 1500 327 108 225 704
internal_value=-0.000161554 0.000359241 -0.00140927 -0.00940454 -0.02365 0.000408559 0.00273981 0.00379792 0.00531826 0.00437324
internal_weight=5.38083e+07 5.26411e+07 3.8803e+07 7.18807e+06 1.16716e+06 3.16149e+07 2.28663e+07 2.16053e+07 1.38381e+07 2.12522e+07
internal_count=18731 18109 10265 2738 622 7527 6027 5700 7844 5592
cat_boundaries=0 1
cat_threshold=33560704
is_linear=0
shrinkage=0.04


Tree=75
num_leaves=11
num_cat=1
split_feature=28 6 66 51 54 14 53 53 0 6
split_gain=402816 281053 277250 269709 329244 299141 243495 261782 243099 267422
threshold=1.0000000180025095e-35 9.6713858314595758 0.39386069692895692 0.0062499999999999977 1.7500000000000002 1.0000000180025095e-35 1.8500000000000003 2.5500000000000003 0 10.891091086816976
decision_type=2 2 2 2 2 2 2 2 1 2
left_child=2 -2 3 4 8 -6 -5 -8 -1 -10
right_child=1 -3 -4 6 5 -7 7 -9 9 -11
leaf_value=-0.00053797758023477454 7.5156729021473489e-05 -0.0035679060503802508 0.0054068803093828164 -0.0018157837579493314 -0.00088305634149201913 -8.1376617135891504e-05 0.00070678338737767854 0.00013228049477757362 0.00035528661082283026 -0.00032734251128419109
leaf_weight=3958374.5405273438 431351.20020675659 735807.25622558594 801889.49249267578 425996.49609375 4970396.7894287109 4118999.0897216797 1236798.3487548828 26182637.546081543 9390086.4517211914 1555938.021484375
leaf_count=1123 373 249 389 54 2124 1416 267 8881 3693 162
internal_value=-0.000203974 -0.0234465 0.000311367 -4.96821e-05 -0.00315786 -0.00915796 0.00262857 0.00309481 0.000501289 0.00357331
internal_weight=5.38083e+07 1.16716e+06 5.26411e+07 5.18392e+07 2.39938e+07 9.0894e+06 2.78454e+07 2.74194e+07 1.49044e+07 1.0946e+07
internal_count=18731 622 18109 17720 8518 3540 9202 9148 4978 3855
cat_boundaries=0 2
cat_threshold=4096 262144
is_linear=0
shrinkage=0.04


Tree=76
num_leaves=11
num_cat=0
split_feature=28 6 12 30 54 46 68 26 41 5
split_gain=398707 276434 274568 261113 313658 268230 371390 359852 302195 373110
threshold=1.0000000180025095e-35 9.6713858314595758 1.1247450223406561 1.0000000180025095e-35 20.850000000000005 18.850000000000005 0.98597259777333079 53.500000000000007 7.8220626490593943e-06 1.0123130853103539
decision_type=2 2 2 2 2 2 2 2 2 2
left_child=2 -2 3 4 5 6 7 -1 -8 -10
right_child=1 -3 -4 -5 -6 -7 8 -9 9 -11
leaf_value=-9.1286208951735803e-05 7.2150459860614491e-05 -0.0034251898083650402 0.0090472199980126192 0.0031499837050179024 -0.0027213159383237496 -0.0008538438201235361 0.00041945810245897739 -0.0013629051786795134 -0.00017455922379418923 0.0010571180392144569
leaf_weight=20785425.879272461 431351.20020675659 735807.25622558594 514470.94970703125 597710.93603515625 435332.7532043457 2063963.501373291 10320796.988952637 1731037.8674926758 12663956.870239258 3528421.0300292969
leaf_count=5888 373 249 288 278 196 818 2660 669 5658 1654
internal_value=-0.000111294 -0.0232349 0.000401411 0.000114411 -0.000190499 9.75723e-05 0.000692212 -0.00308548 0.00390043 0.000491061
internal_weight=5.38083e+07 1.16716e+06 5.26411e+07 5.21266e+07 5.15289e+07 5.10936e+07 4.90296e+07 2.25165e+07 2.65132e+07 1.61924e+07
internal_count=18731 622 18109 17821 17543 17347 16529 6557 9972 7312
is_linear=0
shrinkage=0.04


Tree=77
num_leaves=11
num_cat=1
split_feature=28 6 68 44 51 30 54 68 26 0
split_gain=398163 276434 267282 273845 269614 254440 309150 264235 361137 505772
threshold=1.0000000180025095e-35 9.6713858314595758 1.8504016389448521 2.5000000000000004 0.98125000000000018 1.0000000180025095e-35 20.850000000000005 0.93430894345523441 55.500000000000007 0
decision_type=2 2 2 2 2 2 2 2 2 1
left_child=2 -2 3 4 5 6 7 -1 -9 -10
right_child=1 -3 -4 -5 -6 -7 -8 8 9 -11
leaf_value=-0.00040113899846835069 6.9264441466193618e-05 -0.0032881822160304385 0.012280285266090341 -0.0039192482296929723 0.00061691209108048512 0.0030239843568171864 -0.0026045503190257413 0.00023419775579814348 2.8748896130542428e-05 -0.0015958267918473558
leaf_weight=9963623.9489746094 431351.20020675659 735807.25622558594 357125.49261474609 739356.1350402832 3180205.8789367676 597710.93603515625 437704.20510864258 24430153.174530029 9023505.6026611328 3911731.4024047852
leaf_count=2641 373 249 225 475 1044 278 197 7995 2637 2617
internal_value=-0.000127051 -0.0232349 0.000385305 0.000149735 0.000496447 -0.000245384 -0.000569932 -0.000260462 0.00128289 -0.00412137
internal_weight=5.38083e+07 1.16716e+06 5.26411e+07 5.2284e+07 5.15446e+07 4.83644e+07 4.77667e+07 4.7329e+07 3.73654e+07 1.29352e+07
internal_count=18731 622 18109 17884 17409 16365 16087 15890 13249 5254
cat_boundaries=0 1
cat_threshold=137218
is_linear=0
shrinkage=0.04


Tree=78
num_leaves=11
num_cat=1
split_feature=28 66 5 6 0 67 53 6 68 1
split_gain=371839 266350 339500 259898 254863 502893 324875 253616 253411 274975
threshold=1.0000000180025095e-35 0.12175161647438333 1.0123130853103539 9.6713858314595758 0 54.500000000000007 6.2500000000000027 10.018422923078303 1.1106803494987865 5.5000000000000009
decision_type=2 2 2 2 1 2 2 2 2 2
left_child=1 4 -3 -2 5 -1 -6 -4 9 -8
right_child=3 2 7 -5 6 -7 8 -9 -10 -11
leaf_value=0.00011339665755254647 6.6493863807542587e-05 4.5499575693455634e-05 0.0029865152845209041 -0.003156654927389221 -0.00014990559305172791 -0.0013764902534348031 1.0031120162542769e-05 0.00017094522651174673 0.00089335292771586152 0.0013758857071101071
leaf_weight=5100867.3980102539 431351.20020675659 4369416.9331970215 1847984.9891967773 735807.25622558594 20031281.065704346 3955188.4584960938 11545084.44317627 1015324.625 3437037.1826782227 1338931.680847168
leaf_count=2198 373 2888 1352 249 4896 1795 3062 333 941 644
internal_value=-0.000131831 0.000363298 0.00749249 -0.0224628 -0.000772254 -0.00677626 0.000723463 0.0181979 0.00491267 0.00233833
internal_weight=5.38083e+07 5.26411e+07 7.23273e+06 1.16716e+06 4.54084e+07 9.05606e+06 3.63523e+07 2.86331e+06 1.63211e+07 1.2884e+07
internal_count=18731 18109 4573 622 13536 3993 9543 1685 4647 3706
cat_boundaries=0 2
cat_threshold=335544320 262144
is_linear=0
shrinkage=0.04


Tree=79
num_leaves=11
num_cat=1
split_feature=28 54 68 26 48 0 6 44 45 37
split_gain=365335 259479 284705 353606 279485 295351 256016 228479 225810 210452
threshold=1.0000000180025095e-35 20.850000000000005 1.0927966981287558 59.500000000000007 7.4416666666666673 0 9.6713858314595758 2.5000000000000004 27.193750000000005 5.3987049869892473e-05
decision_type=2 2 2 2 2 1 2 2 2 2
left_child=1 2 7 -4 -5 8 -2 9 -6 -1
right_child=6 -3 3 4 5 -7 -8 -9 -10 -11
leaf_value=-7.1064392944996267e-05 6.3834109255241544e-05 -0.0021672031511658124 0.0012416435260144843 -0.00053073056115727081 0.00092118883974538941 -0.00076430393950805006 -0.0030303887302936504 -0.0038374054466777047 -0.0015593239040154144 0.0011374966294673606
leaf_weight=37429542.077667236 431351.20020675659 485761.84158325195 3622357.8447875977 2818300.0428771973 3296304.4819946289 1736106.3817749023 735807.25622558594 647353.72549438477 281179.087890625 2324211.2922363281
leaf_count=10536 373 216 1534 1183 1025 1182 249 429 84 1920
internal_value=-0.000143176 0.000347604 0.000618636 0.00609771 0.00146725 0.00686786 -0.022278 -0.000975441 0.0134374 -0.000591579
internal_weight=5.38083e+07 5.26411e+07 5.21554e+07 1.17542e+07 8.13189e+06 5.31359e+06 1.16716e+06 4.04011e+07 3.57748e+06 3.97538e+07
internal_count=18731 18109 17893 5008 3474 2291 622 12885 1109 12456
cat_boundaries=0 1
cat_threshold=137218
is_linear=0
shrinkage=0.04


Tree=80
num_leaves=11
num_cat=1
split_feature=28 66 5 40 0 30 6 6 54 5
split_gain=334138 255968 305496 250228 345565 359241 249329 235811 233097 248261
threshold=1.0000000180025095e-35 0.12175161647438333 1.0123130853103539 0.31951028357576317 0 1.0000000180025095e-35 10.018422923078303 9.6713858314595758 19.450000000000003 1.0673257521216373
decision_type=2 2 2 2 1 2 2 2 2 2
left_child=1 3 -3 8 -5 -6 -4 -2 9 -1
right_child=7 2 6 4 5 -7 -8 -9 -10 -11
leaf_value=0.00012928648127538114 6.1280744885031284e-05 5.0314657573108771e-05 0.0028619766248970582 -2.6084945917492185e-05 -0.0019046715256656416 0.0028935149722662591 0.00016320180202572147 -0.0029091731810819066 -0.0011656218083039443 -0.00026606818247718495
leaf_weight=27259854.68560791 431351.20020675659 4369416.9331970215 1847984.9891967773 4910105.4562988281 2778168.3064575195 214779.96557617188 1015324.625 735807.25622558594 503357.29583740234 9742124.5191345215
leaf_count=7819 373 2888 1352 2163 1399 90 333 249 167 1898
internal_value=-0.000124021 0.000345337 0.0073342 -0.000767863 -0.00723643 -0.0179497 0.0174894 -0.0212926 0.000595184 0.000962988
internal_weight=5.38083e+07 5.26411e+07 7.23273e+06 4.54084e+07 7.90305e+06 2.99295e+06 2.86331e+06 1.16716e+06 3.75053e+07 3.7002e+07
internal_count=18731 18109 4573 13536 3652 1489 1685 622 9884 9717
cat_boundaries=0 1
cat_threshold=33560706
is_linear=0
shrinkage=0.04


Tree=81
num_leaves=11
num_cat=2
split_feature=28 68 51 17 6 54 0 6 2 53
split_gain=333318 250761 237908 286807 235811 228898 235201 261758 225354 207879
threshold=1.0000000180025095e-35 1.8504016389448521 0.0062499999999999977 1.0000000180025095e-35 9.6713858314595758 1.7500000000000002 0 10.891091086816976 1 1.8500000000000003
decision_type=2 2 2 2 2 2 1 2 1 2
left_child=1 2 3 5 -2 6 -1 -8 -4 -10
right_child=4 -3 8 -5 -6 -7 7 -9 9 -11
leaf_value=-0.00051878496730532221 5.8829515089627095e-05 0.011751176268189518 0.0012574930394758234 -0.0055881986207384849 -0.0027928062538386321 -0.00038603867539835156 0.00036446563248883465 -0.00035605606390651213 -0.0016845035055056052 0.00011308894837796192
leaf_weight=3931641.5933227539 431351.20020675659 357125.49261474609 1623601.2260437012 379646.87075805664 735807.25622558594 8938423.6475219727 9443012.427154541 1555938.021484375 425996.49609375 25985731.001312256
leaf_count=1105 373 225 1060 237 249 3422 3685 162 54 8159
internal_value=-0.00015 0.000318781 9.06076e-05 -0.00281067 -0.0212926 -0.00226202 0.000768774 0.00377037 0.00260001 0.00171085
internal_weight=5.38083e+07 5.26411e+07 5.2284e+07 2.42487e+07 1.16716e+06 2.3869e+07 1.49306e+07 1.0999e+07 2.80353e+07 2.64117e+07
internal_count=18731 18109 17884 8611 622 8374 4952 3847 9273 8213
cat_boundaries=0 2 3
cat_threshold=4096 262144 4
is_linear=0
shrinkage=0.04


Tree=82
num_leaves=11
num_cat=0
split_feature=68 46 68 6 26 66 49 45 36 20
split_gain=314495 301425 332641 249078 285597 272611 248180 228350 228639 226840
threshold=0.93271271883963547 15.950000000000001 1.0780005931102548 10.078125577222332 44.500000000000007 0.071116887048233615 9.3500000000000032 5.1208333333333336 0.19745754037734656 1.0000000180025095e-35
decision_type=2 2 2 2 2 2 2 2 2 2
left_child=3 2 7 -1 5 -5 -3 -2 -9 -4
right_child=1 6 9 4 -6 -7 -8 8 -10 -11
leaf_value=0.00012353344063084862 0.00033098692506668956 -0.00049466287981097135 0.00088687280690706463 -0.00069833385885022931 -0.0014442732195833069 0.00030298946128929125 0.0019394381249895913 0.00014317788578412116 -0.0003436426989825974 -5.3021124882750225e-05
leaf_weight=4490807.9191398621 8196393.1714172363 6506261.7917175293 6508334.7959594727 4275749.0842285156 1434823.1274414062 1572471.1374511719 442659.94317626953 6309805.0472106934 11496880.332366943 2574088.8826293945
leaf_count=2441 1975 2530 2809 486 341 322 218 1743 4635 1231
internal_value=-0.0001732 0.00144525 0.0029527 -0.0059513 -0.0105198 -0.00659631 -0.00616592 0.000650866 -0.00189226 0.00954284
internal_weight=5.38083e+07 4.20344e+07 3.50855e+07 1.17739e+07 7.28304e+06 5.84822e+06 6.94892e+06 2.60031e+07 1.78067e+07 9.08242e+06
internal_count=18731 15141 12393 3590 1149 808 2748 8353 6378 4040
is_linear=0
shrinkage=0.04


Tree=83
num_leaves=11
num_cat=1
split_feature=28 40 36 52 52 38 10 0 65 42
split_gain=304276 244789 371523 354992 315496 298576 369851 407759 347305 247822
threshold=1.0000000180025095e-35 0.15193327989938968 0.16713035865941933 -4.7499999999999982 -2.25 19.000000000000011 0.99901618550961013 0 0.93160139341212744 37.500000000000021
decision_type=2 2 2 2 2 2 2 1 2 2
left_child=1 3 -3 -1 -5 9 -7 -8 -9 -4
right_child=-2 2 5 4 -6 6 7 8 -10 -11
leaf_value=0.00011397300305400573 -0.0018855377396169435 0.00044525287445732435 -0.00018870889629942676 -0.0007519303822824347 -2.7812740201038654e-05 -0.00024000226138837271 0.0021319719098272542 -0.00031941357614545654 0.00048949010972035528 -0.0011447331195679449
leaf_weight=2012825.5025634766 1167158.4564323425 6077522.9084777832 14516774.90322876 1787010.7801513672 896109.79907226562 8904148.5323486328 1337927.09765625 4275707.3312988281 10914410.675537109 1918679.2459716797
leaf_count=293 622 1959 6494 203 61 3149 571 1109 3593 677
internal_value=-0.000265512 0.000182382 0.00103604 -0.00853334 -0.0180589 -0.000305506 0.00240998 0.00595049 0.00408586 -0.00450743
internal_weight=5.38083e+07 5.26411e+07 4.79452e+07 4.69595e+06 2.68312e+06 4.18676e+07 2.54322e+07 1.6528e+07 1.51901e+07 1.64355e+07
internal_count=18731 18109 17552 557 264 15593 8422 5273 4702 7171
cat_boundaries=0 1
cat_threshold=67108864
is_linear=0
shrinkage=0.04


Tree=84
num_leaves=11
num_cat=1
split_feature=28 68 30 54 46 68 36 6 0 55
split_gain=283804 243063 235814 290004 237720 305750 266946 403980 311840 257762
threshold=1.0000000180025095e-35 1.8504016389448521 1.0000000180025095e-35 20.850000000000005 18.850000000000005 0.97072170590528717 0.19745754037734656 10.608922170965139 0 2.5000000000000004
decision_type=2 2 2 2 2 2 2 2 1 2
left_child=1 2 3 4 5 6 7 -1 -8 -7
right_child=-2 -3 -4 -5 -6 9 8 -9 -10 -11
leaf_value=0.00042875586310920109 -0.0018101162300322646 0.011258220289779859 0.0028628737570927593 -0.0023713003358133934 -0.00078292209816336819 0.00039957607613196787 0.00019536224881239888 -0.00031373241173786505 -0.00085128254790205432 -5.2092973934725479e-05
leaf_weight=5331498.7036132812 1167158.4564323425 357125.49261474609 597710.93603515625 437704.20510864258 2063963.501373291 16464262.759552002 2974166.7867431641 4729762.958984375 5684717.7108764648 14000203.721405029
leaf_count=1787 622 225 278 197 818 5809 1501 559 1617 5318
internal_value=-0.000230104 0.000202461 -2.2183e-05 -0.000311068 -3.41613e-05 0.000523911 -0.00349928 0.000931924 -0.00864815 0.00299613
internal_weight=5.38083e+07 5.26411e+07 5.2284e+07 5.16863e+07 5.12486e+07 4.91846e+07 1.87201e+07 1.00613e+07 8.65888e+06 3.04645e+07
internal_count=18731 18109 17884 17606 17409 16591 5464 2346 3118 11127
cat_boundaries=0 1
cat_threshold=100663424
is_linear=0
shrinkage=0.04


Tree=85
num_leaves=11
num_cat=0
split_feature=68 30 54 68 46 68 6 26 36 12
split_gain=283038 304986 261274 230073 217569 230565 289279 253582 259545 278281
threshold=0.84541188293708125 1.0000000180025095e-35 20.850000000000005 1.8504016389448521 18.850000000000005 1.0927966981287558 10.743515546292906 53.500000000000007 0.16713035865941933 1.0057609155348233
decision_type=2 2 2 2 2 2 2 2 2 2
left_child=1 -1 3 4 5 7 -7 -2 -9 -10
right_child=2 -3 -4 -5 -6 6 -8 8 9 -11
leaf_value=-0.0010326034154224705 6.4021906251118463e-05 0.0024043383135508968 -0.002168477484043614 0.010725016748626515 -0.00069924267479383353 0.00028264809528888988 0.0010527751861962803 0.0002940404337868899 -0.0017713989890678448 -0.00028675437289460822
leaf_weight=3087520.0696220398 30909245.964874268 432016.77966308594 458599.19229125977 354905.20037841797 2116502.4844055176 8494421.9045715332 1376461.1704101562 998963.60656738281 1831271.8031616211 3748367.0567932129
leaf_count=1152 9397 208 206 224 840 3930 248 263 882 1381
internal_value=-0.000247558 -0.0112136 0.00051992 0.00079652 0.000566311 0.00112707 0.00656612 -0.000305083 -0.00743609 -0.0107979
internal_weight=5.38083e+07 3.51954e+06 5.02887e+07 4.98301e+07 4.94752e+07 4.73587e+07 9.87088e+06 3.74878e+07 6.5786e+06 5.57964e+06
internal_count=18731 1360 17371 17165 16941 16101 4178 11923 2526 2263
is_linear=0
shrinkage=0.04


Tree=86
num_leaves=11
num_cat=1
split_feature=68 30 54 46 68 26 48 37 11 0
split_gain=271028 291198 244316 225265 239098 235064 278753 207357 202993 190006
threshold=0.84541188293708125 1.0000000180025095e-35 7.7500000000000009 18.850000000000005 1.0927966981287558 59.500000000000007 11.064583333333337 4.7485946718428421e-05 0.98993448103666892 0
decision_type=2 2 2 2 2 2 2 2 2 1
left_child=1 -1 3 4 7 -6 9 8 -2 -7
right_child=2 -3 -4 -5 5 6 -8 -9 -10 -11
leaf_value=-0.00099129927880556605 -0.00044718056262323081 0.002308164781008861 -0.00063139577897492339 -0.000705637043020938 0.0011212008387720405 0.00041526287205466075 0.00096702862274879371 0.0010430817211807466 3.5613205741457907e-05 -0.00080796750930736834
leaf_weight=3087520.0696220398 5620891.1713867188 432016.77966308594 2635537.224609375 1941307.5390319824 3395187.458984375 1726117.9571533203 1808439.9981384277 2649597.6407470703 27787929.752410889 2723729.6409912109
leaf_count=1152 1905 208 1063 780 1425 438 760 2019 7473 1508
internal_value=-0.00021452 -0.0109454 0.0005365 0.00119218 0.00175893 0.00735 0.00275255 0.000262103 -0.00059213 -0.00262919
internal_weight=5.38083e+07 3.51954e+06 5.02887e+07 4.76532e+07 4.57119e+07 9.65348e+06 6.25829e+06 3.60584e+07 3.34088e+07 4.44985e+06
internal_count=18731 1360 17371 16308 15528 4131 2706 11397 9378 1946
cat_boundaries=0 1
cat_threshold=133120
is_linear=0
shrinkage=0.04


Tree=87
num_leaves=11
num_cat=1
split_feature=28 66 6 13 39 51 0 26 10 26
split_gain=259199 228176 224262 217154 205550 159766 142899 208502 146508 145730
threshold=1.0000000180025095e-35 0.39386069692895692 9.4978611686446204 1.0003443716683282 0.071414906992633254 -0.6187499999999998 0 50.500000000000007 1.0005169124184421 6.5000000000000009
decision_type=2 2 2 2 2 2 1 2 2 2
left_child=1 3 -2 -1 -5 -6 7 8 -7 -8
right_child=2 -3 -4 4 5 6 9 -9 -10 -11
leaf_value=-0.00015777882316667582 0.00070417418451413803 0.0044793912745932918 -0.0023780840378961302 -0.00045255852954680098 -0.00037757701611403549 -2.2452006761767957e-06 -0.00052392221306647605 3.1501944694870632e-05 0.0008510241619838825 0.00028170053454446567
leaf_weight=25520244.266143799 333312.24305343628 801889.49249267578 833846.21337890625 1685907.9506835938 3054156.5609436035 1187821.5007324219 1825884.833984375 3843161.2423095703 4719262.8032836914 10002788.125732422
leaf_count=8995 314 389 308 155 1187 267 636 1105 1139 4236
internal_value=-0.000142881 0.000270507 -0.0187872 -5.70346e-05 0.00249227 0.00341706 0.00462898 0.00821423 0.0129323 0.00167368
internal_weight=5.38083e+07 5.26411e+07 1.16716e+06 5.18392e+07 2.6319e+07 2.46331e+07 2.15789e+07 9.75025e+06 5.90708e+06 1.18287e+07
internal_count=18731 18109 622 17720 8725 8570 7383 2511 1406 4872
cat_boundaries=0 1
cat_threshold=67241984
is_linear=0
shrinkage=0.04


Tree=88
num_leaves=11
num_cat=1
split_feature=54 44 11 27 64 40 27 0 47 6
split_gain=246707 254592 222571 262356 232741 239190 222585 429112 234008 328538
threshold=6.9500000000000011 2.5000000000000004 1.0223267630973725 23.500000000000004 1.1062488081849409 0.30041209383461154 59.500000000000007 0 17.050000000000004 10.900327018341988
decision_type=2 2 2 2 2 2 2 1 2 2
left_child=1 2 3 4 5 -1 -5 8 -8 -10
right_child=-2 -3 -4 6 -6 -7 7 -9 9 -11
leaf_value=0.00022607959988569354 -0.00044726176278256813 -0.0033758285788276893 0.00087713300429950822 -0.0002970578512547339 0.0010574654027040245 -0.00048115734739011306 0.00067603320076972207 -0.00041262047965933817 0.00051222953208142244 -0.00046686735552926248
leaf_weight=9526021.3911437988 4461349.4515991211 509517.92349243164 5716097.2411613464 15963494.373352051 2249262.5124511719 2865437.8388671875 3135477.5190429688 6320038.7494506836 2281821.0412597656 779757.19091796875
leaf_count=2409 1773 324 2936 4570 779 1383 1177 2012 1248 120
internal_value=-0.000103154 0.000711231 0.0010047 2.15454e-05 0.00437318 0.00222448 -0.00221546 0.00177797 0.00925724 0.00139109
internal_weight=5.38083e+07 4.93469e+07 4.88374e+07 4.31213e+07 1.46407e+07 1.23915e+07 2.84806e+07 1.25171e+07 6.19706e+06 3.06158e+06
internal_count=18731 16958 16634 13698 4571 3792 9127 4557 2545 1368
cat_boundaries=0 1
cat_threshold=369229826
is_linear=0
shrinkage=0.04


Tree=89
num_leaves=11
num_cat=2
split_feature=55 27 0 46 0 6 45 65 30 67
split_gain=250831 318039 372959 300252 273076 291699 308788 251800 215705 279709
threshold=2.5000000000000004 59.500000000000007 0 3.9500000000000006 1 10.891091086816976 21.902083333333341 0.95079854056747115 1.0000000180025095e-35 21.500000000000004
decision_type=2 2 1 2 1 2 2 2 2 2
left_child=4 8 -3 -4 7 6 -6 -1 9 -2
right_child=1 2 3 -5 5 -7 -8 -9 -10 -11
leaf_value=-0.0013989567814192399 -0.0014214788096610178 0.00056661016732798344 0.0010110911789330552 -0.00082916011277655991 0.00043933484692721791 -0.00020263081504207311 -0.00038334004994225175 0.00011072973895551901 0.0031390019225447491 -0.00018493287551628337
leaf_weight=2010304.8711547852 3779854.2745056152 3620585.7518920898 723247.96520996094 3086089.8675041199 19199514.070709229 3621970.3657226562 3256167.9488830566 2627825.133972168 313313.98968505859 11569400.993499756
leaf_count=760 1784 1615 212 1073 6242 410 1272 1504 140 3719
internal_value=-6.87268e-05 -0.00321844 0.00359715 -0.00513986 0.00229927 0.00388986 0.00558889 -0.00664371 -0.00645159 -0.00712226
internal_weight=5.38083e+07 2.30925e+07 7.42992e+06 3.80934e+06 3.07158e+07 2.60777e+07 2.24557e+07 4.63813e+06 1.56626e+07 1.53493e+07
internal_count=18731 8543 2900 1285 10188 7924 7514 2264 5643 5503
cat_boundaries=0 1 3
cat_threshold=369229826 268435456 262144
is_linear=0
shrinkage=0.04


Tree=90
num_leaves=11
num_cat=1
split_feature=1 44 51 68 26 26 26 20 0 53
split_gain=227778 227827 285893 217708 204780 196305 352299 318378 300896 298186
threshold=1.0000000180025095e-35 2.5000000000000004 1.0562500000000001 1.6256320201723138 4.5000000000000009 47.500000000000007 8.5000000000000018 1.0000000180025095e-35 0 1.3500000000000003
decision_type=2 2 2 2 2 2 2 2 1 2
left_child=-1 2 3 5 -3 6 -2 -7 -8 -10
right_child=1 4 -4 -5 -6 7 8 -9 9 -11
leaf_value=-0.0002701981407446093 -0.00022628991508246864 0.0019027117334540246 0.00080949034335441831 0.010022998036359018 -0.003570676516986511 3.7047710823365419e-05 -5.5882527678808917e-05 -0.00091439873226836223 -0.0004836964098333813 0.00072779019953759421
leaf_weight=8927605.3869628906 7862155.7773590088 115031.47985839844 1833281.143157959 351506.93640136719 647013.08120727539 10773176.972412109 7749334.0734519958 4626429.276550293 985461.9775390625 9937279.1278381348
leaf_count=2754 2564 81 621 210 405 4239 1996 1927 236 3698
internal_value=-7.35251e-05 0.0010872 0.00146176 0.000791295 -0.0205972 0.00052851 0.00261346 -0.00306395 0.00560425 0.00988123
internal_weight=5.38083e+07 4.48807e+07 4.41186e+07 4.22853e+07 762045 4.19338e+07 2.65342e+07 1.53996e+07 1.86721e+07 1.09227e+07
internal_count=18731 15977 15491 14870 486 14660 8494 6166 5930 3934
cat_boundaries=0 2
cat_threshold=6144 262144
is_linear=0
shrinkage=0.04


Tree=91
num_leaves=11
num_cat=1
split_feature=68 10 46 36 0 6 26 1 41 12
split_gain=251260 258395 319975 229893 228289 212052 242224 219745 199881 197922
threshold=0.93271271883963547 1.0003643669750428 9.8000000000000025 0.16713035865941933 0 10.078125577222332 44.500000000000007 1.0000000180025095e-35 5.2935735913341139e-06 1.0055004103810752
decision_type=2 2 2 2 1 2 2 2 2 2
left_child=5 8 4 -4 -3 -1 7 -7 -2 -9
right_child=1 2 3 -5 -6 6 -8 9 -10 -11
leaf_value=0.00015747962032406431 0.0001253375522175261 0.0027429357444214205 0.00063452912013777884 -0.0001114597086310276 0.00050799460471607561 -0.0011036330103685154 -0.001208033730169124 -0.00028000429143467786 -0.00034040669319776624 0.00047353623226472561
leaf_weight=4490807.9191398621 6095198.598449707 858272.76165771484 1309694.8987731934 11268575.020629883 9506100.5191345215 969045.72265625 1434823.1274414062 4220239.1528320312 12996582.16583252 658935.34619140625
leaf_count=2441 1652 383 328 4527 2893 127 341 603 5358 78
internal_value=-7.82755e-05 0.00136834 0.00422923 -5.87985e-05 0.00943319 -0.00524291 -0.0094582 -0.00584489 -0.00206959 -0.00238939
internal_weight=5.38083e+07 4.20344e+07 2.29426e+07 1.25783e+07 1.03644e+07 1.17739e+07 7.28304e+06 5.84822e+06 1.90918e+07 4.87917e+06
internal_count=18731 15141 8131 4855 3276 3590 1149 808 7010 681
cat_boundaries=0 1
cat_threshold=67108864
is_linear=0
shrinkage=0.04


Tree=92
num_leaves=11
num_cat=0
split_feature=40 36 26 68 30 68 52 46 52 20
split_gain=237965 330282 311050 343141 305926 318803 270383 247837 245260 244255
threshold=0.15193327989938968 0.16713035865941933 51.500000000000007 1.0602402834790554 1.0000000180025095e-35 1.0205584634041334 -4.7499999999999982 15.950000000000001 -2.25 1.0000000180025095e-35
decision_type=2 2 2 2 2 2 2 2 2 2
left_child=6 -2 3 -3 5 -4 -1 9 -8 -7
right_child=1 2 4 -5 -6 7 8 -9 -10 -11
leaf_value=8.2772641423036904e-05 0.00036231000975356852 -1.0793506501489078e-05 -0.00094737799952587006 0.00086016858127636604 0.0026744263960195862 0.00036678179912915347 -0.00060226952457842508 -0.00064236310844636925 -8.0831996222160279e-05 -0.00094306983179759656
leaf_weight=2069650.6348876953 6131041.8377990723 22763918.282054901 4017336.4421386719 4755653.9038696289 592458.13134765625 4935476.1153564453 1845290.5911865234 4014170.7746887207 896109.79907226562 1787168.7203369141
leaf_count=306 1983 7397 1572 2125 274 2229 216 1742 61 826
internal_value=-0.000157136 0.000676405 -0.000565611 0.00197889 -0.00512841 -0.00626013 -0.00864614 -0.00266349 -0.0168854 0.00203256
internal_weight=5.38083e+07 4.89972e+07 4.28662e+07 2.75196e+07 1.53466e+07 1.47542e+07 4.81105e+06 1.07368e+07 2.7414e+06 6.72264e+06
internal_count=18731 18148 16165 9522 6643 6369 583 4797 277 3055
is_linear=0
shrinkage=0.04


Tree=93
num_leaves=11
num_cat=1
split_feature=68 26 0 26 6 51 36 6 67 5
split_gain=230240 283628 397487 327465 281135 209891 198221 314645 294236 196694
threshold=0.97072170590528717 59.500000000000007 0 5.5000000000000009 9.8530962726721345 0.76666666666666672 0.19745754037734656 10.608922170965139 3.5000000000000004 1.1694833628063137
decision_type=2 2 1 2 2 2 2 2 2 2
left_child=6 3 5 -2 -5 -3 7 8 -1 -4
right_child=1 2 9 4 -6 -7 -8 -9 -10 -11
leaf_value=-0.0018796065966561219 -0.00027910810481841667 3.2013258446206676e-05 -0.0010414216016239289 0.0019251653083115206 0.00025491788950390365 0.0010139591021226873 -0.00048985291023111253 -0.00029667375194052564 0.00055711277174065783 0.0017831405137936072
leaf_weight=753556.04736328125 3971624.8460388184 7150413.9066162109 5428390.3497009277 2948703.9045715332 12595873.161376953 1066075.4132080078 10081642.299968719 4796283.916015625 4705752.9879760742 309958.39990234375
leaf_count=168 1468 1839 3457 2093 3135 257 3882 573 1682 177
internal_value=-6.37198e-05 0.00197584 -0.00237862 0.00508945 0.00770848 0.00326307 -0.00342044 0.000494947 0.00706203 -0.0104567
internal_weight=5.38083e+07 3.3471e+07 1.39548e+07 1.95162e+07 1.55446e+07 8.21649e+06 2.03372e+07 1.02556e+07 5.45931e+06 5.73835e+06
internal_count=18731 12426 5730 6696 5228 2096 6305 2423 1850 3634
cat_boundaries=0 1
cat_threshold=137216
is_linear=0
shrinkage=0.04


Tree=94
num_leaves=11
num_cat=2
split_feature=13 51 6 54 46 68 0 0 46 51
split_gain=229275 176550 156879 143399 138728 165000 254677 158857 142723 148704
threshold=1.0003443716683282 -0.6187499999999998 10.332254021448593 1.4500000000000004 17.600000000000005 0.95612081005470906 0 1 4.5500000000000007 0.7250000000000002
decision_type=2 2 2 2 2 2 1 1 2 2
left_child=4 2 3 -2 5 6 -1 8 -7 -10
right_child=1 -3 -4 -5 -6 7 -8 -9 9 -11
leaf_value=0.00046167369004129262 0.0012607751553067692 0.00020909127759666799 -0.00066241776600527581 -0.00092594458756753439 -0.00067215655653764044 -6.2396411587839538e-05 -0.00070403204972461456 -9.5839387789379142e-05 0.00025582233420994304 0.001017927013506508
leaf_weight=2312747.0086975098 960805.02334594727 23972701.459030151 1587218.1752929688 788940.55029296875 2561787.4098205566 1319089.2991333008 6098863.1001853943 11447650.537719727 2232656.1448669434 525816.52435302734
leaf_count=1158 543 7971 308 442 1059 295 1597 4487 719 152
internal_value=-1.30974e-05 0.00255888 -0.00606132 0.00219901 -0.00266379 -0.00171696 -0.00622873 0.00072753 0.00750708 0.0126821
internal_weight=5.38083e+07 2.73097e+07 3.33696e+06 1.74975e+06 2.64986e+07 2.39368e+07 8.41161e+06 1.55252e+07 4.07756e+06 2.75847e+06
internal_count=18731 9264 1293 985 9467 8408 2755 5653 1166 871
cat_boundaries=0 1 2
cat_threshold=100663424 33685504
is_linear=0
shrinkage=0.04


Tree=95
num_leaves=11
num_cat=1
split_feature=68 26 68 26 30 0 67 51 26 6
split_gain=217079 241600 289293 238973 235830 262348 275360 249220 228312 295866
threshold=1.1258332385151053 53.500000000000007 0.50888423190236087 59.500000000000007 1.0000000180025095e-35 0 125.00000000000001 0.75416666666666676 6.5000000000000009 10.246214066765779
decision_type=2 2 2 2 2 1 2 2 2 2
left_child=1 2 -1 -2 5 7 -7 -3 -4 -10
right_child=3 4 8 -5 -6 6 -8 -9 9 -11
leaf_value=-0.017064950574678238 0.0012172991224100118 -0.00022296695324684437 -0.00026919066503790955 0.0001406186638966813 0.0019342133955634914 -0.0014485664023512804 0.0012076644189902956 0.0010298855221063106 0.00055141619663525842 -4.9905496496738624e-05
leaf_weight=397432.43815231323 2145965.3833007812 4920491.5372314453 7389877.4534606934 6384445.5611877441 487464.5849609375 4060366.7969360352 331771.66320800781 607801.38073730469 12221173.094940186 14861485.338623047
leaf_count=209 906 1184 2322 2740 229 2436 192 143 5788 2582
internal_value=-2.61621e-05 -0.00112894 0.000467388 0.00582715 -0.00647715 -0.00781187 -0.0151096 -0.00201386 0.000858597 0.00255903
internal_weight=5.38083e+07 4.52779e+07 3.487e+07 8.53041e+06 1.04079e+07 9.92043e+06 4.39214e+06 5.52829e+06 3.44725e+07 2.70827e+07
internal_count=18731 15085 10901 3646 4184 3955 2628 1327 10692 8370
cat_boundaries=0 1
cat_threshold=137216
is_linear=0
shrinkage=0.04


Tree=96
num_leaves=11
num_cat=1
split_feature=55 67 30 0 6 27 61 52 46 65
split_gain=215218 280151 306221 265520 268402 364001 289100 284930 253355 241044
threshold=2.5000000000000004 20.500000000000004 1.0000000180025095e-35 0 10.461941960935095 25.500000000000004 1.0051357309768005 -7.0999999999999996 12.850000000000003 0.91337758666966984
decision_type=2 2 2 1 2 2 2 2 2 2
left_child=3 2 -2 9 6 -6 -5 -7 -3 -1
right_child=1 8 -4 4 5 7 -8 -9 -10 -11
leaf_value=-0.0015615041146091299 -0.0013314251427135283 0.0001033929853150606 0.0029021980027557838 0.00099377888389776603 0.00038749925935814452 -0.00088778293658770989 2.7834056040115099e-05 -0.0001038947843361679 -0.00038730851661524873 -7.0762255688144537e-05
leaf_weight=1266125.0316772461 3870823.2528800964 13853991.315185547 313313.98968505859 8909206.3696289062 3852825.9343261719 1055365.3051757812 5584232.950012207 6676021.826171875 5054364.2845458984 3372004.973449707
leaf_count=408 1874 4606 140 3574 613 208 2543 986 1923 1856
internal_value=4.25394e-05 -0.00287502 -0.0122408 0.002236 0.00380443 -0.000734682 0.00743242 -0.00574008 -0.000802508 -0.0065824
internal_weight=5.38083e+07 2.30925e+07 4.18414e+06 3.07158e+07 2.60777e+07 1.15842e+07 1.44934e+07 7.73139e+06 1.89084e+07 4.63813e+06
internal_count=18731 8543 2014 10188 7924 1807 6117 1194 6529 2264
cat_boundaries=0 2
cat_threshold=268435456 262144
is_linear=0
shrinkage=0.04


Tree=97
num_leaves=11
num_cat=0
split_feature=68 13 53 66 36 40 54 36 26 26
split_gain=210095 207609 160784 137909 122187 173151 201753 166171 184586 143623
threshold=1.8504016389448521 1.0003443716683282 6.8500000000000005 0.12063973170318699 0.19566257773595844 0.15671517352806114 1.0000000180025095e-35 0.21595238764417762 51.500000000000007 12.500000000000002
decision_type=2 2 2 2 2 2 2 2 2 2
left_child=1 4 3 -3 5 6 9 -6 -9 -1
right_child=-2 2 -4 -5 7 -7 -8 8 -10 -11
leaf_value=-0.00038098331371260894 0.0096997733932150144 -8.8348398003201524e-05 0.00035819444156244518 0.00071778186984312073 -0.00055407576254173766 0.0001948261344859418 -0.00064507919124937008 5.6615713018551651e-05 -0.00071376895680688864 0.00034691352142891775
leaf_weight=519174.06079101562 357125.49261474609 14611773.420776367 9959423.2989730835 2540903.5076828003 3696238.4927978516 7024914.854888916 1479226.5406494141 7755607.0480003357 5009462.7693481445 854425.74621582031
leaf_count=64 225 3913 3574 1646 1110 2210 214 3189 2458 128
internal_value=3.06758e-05 -0.000173633 0.00228347 -6.37398e-05 -0.00270285 0.000814177 -0.00749627 -0.00481327 -0.00265067 0.00354247
internal_weight=5.38083e+07 5.34511e+07 2.71121e+07 1.71527e+07 2.6339e+07 9.87774e+06 2.85283e+06 1.64613e+07 1.27651e+07 1.3736e+06
internal_count=18731 18506 9133 5559 9373 2616 406 6757 5647 192
is_linear=0
shrinkage=0.04


Tree=98
num_leaves=11
num_cat=1
split_feature=68 54 44 26 46 0 6 51 52 65
split_gain=216031 232959 220051 214843 192063 226131 343306 250953 212570 198457
threshold=1.1258332385151053 6.9500000000000011 2.5000000000000004 59.500000000000007 17.000000000000004 0 9.8530962726721345 0.93750000000000011 -4.9000000000000004 0.855912773779821
decision_type=2 2 2 2 2 1 2 2 2 2
left_child=1 2 4 -2 5 9 -7 -8 -6 -1
right_child=3 -3 -4 -5 8 6 7 -9 -10 -11
leaf_value=-0.0015503770116292615 0.0011482099103758653 -0.00052390287043933609 -0.0031382662170410815 0.00015008022369970421 -0.00094209075547435368 0.0013218810632659873 -3.5255889798953662e-05 0.00058183390990425451 0.00048227683183278653 -0.0001914391041570826
leaf_weight=1296191.7523803711 2145965.3833007812 3294780.9291992188 467428.56954956055 6384445.5611877441 2169455.5944519043 4663136.6195373535 26070208.351806641 2236947.4448242188 497555.99774169922 4582159.0287590027
leaf_count=368 906 1275 305 2740 922 3361 5744 536 203 2371
internal_value=7.942e-05 -0.00102069 -0.000216914 0.00591858 9.03739e-05 0.00080323 0.00209183 0.000435182 -0.0102933 -0.00642421
internal_weight=5.38083e+07 4.52779e+07 4.19831e+07 8.53041e+06 4.15157e+07 3.88486e+07 3.29703e+07 2.83072e+07 2.66701e+06 5.87835e+06
internal_count=18731 15085 13810 3646 13505 12380 9641 6280 1125 2739
cat_boundaries=0 2
cat_threshold=268435456 262144
is_linear=0
shrinkage=0.04


Tree=99
num_leaves=11
num_cat=0
split_feature=68 44 50 51 30 46 68 26 49 68
split_gain=202449 200654 220488 192320 199783 235159 235113 214852 191928 186185
threshold=1.8504016389448521 2.5000000000000004 18.700000000000006 0.98125000000000018 1.0000000180025095e-35 16.700000000000006 0.98597259777333079 53.500000000000007 10.450000000000001 0.50888423190236087
decision_type=2 2 2 2 2 2 2 2 2 2
left_child=1 3 -3 4 5 6 7 9 -7 -1
right_child=-2 2 -4 -5 -6 8 -8 -9 -10 -11
leaf_value=-0.017722002485595304 0.0093057792485384261 -0.0039668419657276164 0.0010103595074177458 0.00049883307705890587 0.0024892629762827581 -0.0004581484455363459 0.00017180052320553291 -0.00085902522199456902 0.001464990973677962 -4.7606983048835136e-05
leaf_weight=309521.41575241089 357125.49261474609 517409.31881713867 221946.81622314453 3238697.0156555176 597710.93603515625 6212455.4150695801 21325116.752441406 1768074.3579101562 235080.53601074219 19025137.176208496
leaf_count=173 225 317 158 1071 278 2440 8000 690 81 5298
internal_value=8.76731e-05 -0.000112883 -0.020806 0.000177374 -0.000440812 -0.000721913 0.000359689 -0.0026336 -0.00783935 -0.00141308
internal_weight=5.38083e+07 5.34511e+07 739356 5.27118e+07 4.94731e+07 4.88754e+07 4.24278e+07 2.11027e+07 6.44754e+06 1.93347e+07
internal_count=18731 18506 475 18031 16960 16682 14161 6161 2521 5471
is_linear=0
shrinkage=0.04


Tree=100
num_leaves=11
num_cat=1
split_feature=13 51 11 68 20 1 56 16 0 48
split_gain=199560 176563 180169 150183 168218 169739 166704 163134 167246 176720
threshold=1.0035700798240745 1.0979166666666671 1.0251587562750542 0.85672341091956927 1.0000000180025095e-35 1.0000000180025095e-35 1.0000000180025095e-35 1.0000000180025095e-35 0 11.793750000000003
decision_type=2 2 2 2 2 2 2 2 1 2
left_child=3 2 -2 6 5 -5 -1 8 9 -6
right_child=1 -3 -4 4 7 -7 -8 -9 -10 -11
leaf_value=-0.00036161804159601046 2.5550934070342142e-05 0.00096559828626674351 0.0010617490767795956 -0.00019402672883827638 0.00027288784549046424 0.00018328793863765395 -0.0016332337632680067 -0.0033217607649201901 -0.00073620544589512245 -0.00066261435099034384
leaf_weight=2453882.9309043884 16012661.81817627 777662.19967651367 3125004.9365081787 7443528.8715820312 2540741.5832214355 14773498.091186523 592495.20593261719 295355.56506347656 5149287.6324462891 644156.39804077148
leaf_count=898 4910 251 1683 2324 774 5222 97 171 2214 187
internal_value=7.74917e-05 0.00325533 0.0024961 -0.00178979 -0.000953025 0.000887931 -0.0102626 -0.00569262 -0.00465724 0.00254772
internal_weight=5.38083e+07 1.99153e+07 1.91377e+07 3.38929e+07 3.08466e+07 2.2217e+07 3.04638e+06 8.62954e+06 8.33419e+06 3.1849e+06
internal_count=18731 6844 6593 11887 10892 7546 995 3346 3175 961
cat_boundaries=0 1
cat_threshold=33687552
is_linear=0
shrinkage=0.04


Tree=101
num_leaves=11
num_cat=2
split_feature=10 9 0 54 26 52 30 66 0 61
split_gain=200751 194134 187993 175457 178956 182001 164095 172580 202611 195225
threshold=1.0004405275458925 0.99526732561851705 0 1.1500000000000004 7.5000000000000009 -4.6499999999999986 1.0000000180025095e-35 0.12780445112349689 1 0.90730363413540271
decision_type=2 2 1 2 2 2 2 2 1 2
left_child=2 -2 3 4 5 -1 7 8 -3 -9
right_child=1 6 -4 -5 -6 -7 -8 9 -10 -11
leaf_value=0.00022470097814751759 0.00052116058217855699 -0.00075664546508504992 -0.00039000300825358189 -0.00027274181615378411 0.00029780810220723762 -0.0013055857454859229 0.0032036497494942594 0.0023356363348210475 -3.7962237417196707e-08 0.00010313398227461336
leaf_weight=682176.87301635742 8331701.5183258057 2812144.1353759766 12895757.722438812 4393769.5751037598 5842672.8994445801 570871.97412109375 381471.92987060547 963340.32073974609 15049193.405426025 1885174.8788757324
leaf_count=219 2989 1150 4814 1624 2051 163 170 687 3532 1332
internal_value=5.52739e-05 0.00227953 -0.00262849 0.00109235 0.00498204 -0.00873479 0.000237399 -0.000241463 -0.00169967 0.00890204
internal_weight=5.38083e+07 2.9423e+07 2.43852e+07 1.14895e+07 7.09572e+06 1.25305e+06 2.10913e+07 2.07099e+07 1.78613e+07 2.84852e+06
internal_count=18731 9860 8871 4057 2433 382 6871 6701 4682 2019
cat_boundaries=0 1 3
cat_threshold=33685634 268435584 262144
is_linear=0
shrinkage=0.04


Tree=102
num_leaves=11
num_cat=1
split_feature=68 44 50 51 30 26 0 67 46 68
split_gain=194992 201346 220488 171511 180509 228637 455502 215022 214683 214646
threshold=1.8504016389448521 2.5000000000000004 18.700000000000006 0.98125000000000018 1.0000000180025095e-35 55.500000000000007 0 125.00000000000001 9.8000000000000025 0.98597259777333079
decision_type=2 2 2 2 2 2 1 2 2 2
left_child=1 3 -3 4 5 9 8 -8 -7 -1
right_child=-2 2 -4 -5 -6 6 7 -9 -10 -11
leaf_value=-8.7696697759105644e-05 0.0088810780834897036 -0.0036530239209334654 0.00097352328222168104 0.00047851968152227086 0.0022777115867137483 0.0016286665980479852 -0.0015724530980765531 0.00056435686324394498 -5.4619524603194944e-05 0.0002379189284089758
leaf_weight=19818505.450908661 357125.49261474609 517409.31881713867 221946.81622314453 3238697.0156555176 597710.93603515625 720829.41143798828 4292502.4309082031 580356.19976806641 8852200.4102172852 14610991.750152588
leaf_count=5670 225 317 158 1071 278 208 2661 456 2573 5114
internal_value=0.000119577 -7.72516e-05 -0.020806 0.000213506 -0.00037028 -0.000637478 -0.00486106 -0.0148166 0.000206529 0.00113465
internal_weight=5.38083e+07 5.34511e+07 739356 5.27118e+07 4.94731e+07 4.88754e+07 1.44459e+07 4.87286e+06 9.57303e+06 3.44295e+07
internal_count=18731 18506 475 18031 16960 16682 5898 3117 2781 10784
cat_boundaries=0 1
cat_threshold=137218
is_linear=0
shrinkage=0.04


Tree=103
num_leaves=11
num_cat=2
split_feature=68 26 40 26 0 68 48 27 26 0
split_gain=187290 202371 223874 208458 237119 314584 260429 204408 195320 195430
threshold=1.1258332385151053 53.500000000000007 0.33368241636167534 6.5000000000000009 0 0.94201024505600095 7.8020833333333348 29.500000000000004 59.500000000000007 1
decision_type=2 2 2 2 1 2 2 2 2 1
left_child=1 3 -3 -1 6 -6 -5 -8 -2 -10
right_child=8 2 -4 4 5 -7 7 -9 9 -11
leaf_value=-0.00027575239653246928 0.001093263763294853 -0.00011185682195748124 -0.0013345705032399462 0.0014256530641687973 -0.00039129497748451524 0.00018475759908135768 -0.00062471191735735026 0.00099026450762541504 0.00038471129795098348 -0.0010235864564186129
leaf_weight=7535456.7477722168 2145965.3833007812 7501489.2917785645 2906406.671295166 2079301.6954956055 7251174.7724723816 14187246.415405273 1986948.1967163086 1829840.4973144531 4800592.6489868164 1583852.9122009277
leaf_count=2374 906 2384 1800 868 1628 4075 921 1035 1548 1192
internal_value=4.44964e-05 -0.000979823 -0.00587463 0.000481167 0.002105 0.00015123 0.00920897 0.00300408 0.00548139 0.00197225
internal_weight=5.38083e+07 4.52779e+07 1.04079e+07 3.487e+07 2.73345e+07 2.14384e+07 5.89609e+06 3.81679e+06 8.53041e+06 6.38445e+06
internal_count=18731 15085 4184 10901 8527 5703 2824 1956 3646 2740
cat_boundaries=0 1 3
cat_threshold=100663424 137218 262144
is_linear=0
shrinkage=0.04


Tree=104
num_leaves=11
num_cat=1
split_feature=44 68 50 1 51 48 20 26 0 26
split_gain=184344 210812 209607 173690 199382 185840 150863 279775 285003 236752
threshold=2.5000000000000004 1.6256320201723138 18.700000000000006 1.0000000180025095e-35 1.0562500000000001 7.5145833333333343 1.0000000180025095e-35 47.500000000000007 0 22.500000000000004
decision_type=2 2 2 2 2 2 2 2 1 2
left_child=1 3 -2 5 6 -1 -5 8 -8 -10
right_child=2 -3 -4 4 -6 -7 7 -9 9 -11
leaf_value=-0.00079926518075415292 -0.0034632800332426899 0.0080038354632255421 0.00095102929834256402 0.00012623464584625627 0.00067131449922173156 -6.3463540307390882e-05 -0.00080230531127901787 -0.00076136231436389464 4.2115441286862526e-05 0.00093885306653285433
leaf_weight=2551430.1457519531 532424.33737182617 407115.68231201172 229620.22369384766 28148645.145450592 1827528.1367492676 6326319.5017089844 2763229.9630203247 4626429.276550293 4452173.1903686523 1943359.6297607422
leaf_count=662 324 250 162 9474 615 2058 1101 1927 1428 730
internal_value=4.97479e-07 0.000281117 -0.019533 5.93506e-05 0.00109425 -0.00504201 0.000530601 -0.0028978 0.00115228 0.00579034
internal_weight=5.38083e+07 5.30462e+07 762045 5.26391e+07 4.37614e+07 8.87775e+06 4.19338e+07 1.37852e+07 9.15876e+06 6.39553e+06
internal_count=18731 18245 486 17995 15275 2720 14660 5186 3259 2158
cat_boundaries=0 2
cat_threshold=268439552 262144
is_linear=0
shrinkage=0.04


Tree=105
num_leaves=11
num_cat=2
split_feature=10 9 0 47 68 30 66 0 61 53
split_gain=195835 172871 162953 198760 186877 149245 149155 178705 171443 151678
threshold=1.0004405275458925 0.99526732561851705 0 9.5000000000000018 1.1106803494987865 1.0000000180025095e-35 0.12780445112349689 1 0.90730363413540271 5.3500000000000014
decision_type=2 2 1 2 2 2 2 1 2 2
left_child=2 -2 4 -4 -1 6 7 -3 -8 -9
right_child=1 5 3 -5 -6 -7 8 9 -10 -11
leaf_value=-7.0660203444564124e-05 0.00048772605188423358 -0.00070662778230470391 4.2844836522009429e-05 -0.00084555161779733537 0.00064663550775596445 0.0029939489697055079 0.0022198349340457496 -0.00021734679868593793 0.00011236238329790941 0.00020708264299646356
leaf_weight=12979643.788604736 8331701.5183258057 2812144.1353759766 3290894.9368515015 6007091.3601722717 2107618.9584960938 381471.92987060547 963340.32073974609 6808662.1993408203 1885174.8788757324 8240531.2060852051
leaf_count=4240 2989 1150 1101 2768 762 170 687 1362 1332 2170
internal_value=4.19245e-05 0.00223877 -0.00260877 -0.00677398 -4.18246e-05 0.000311722 -0.000144958 -0.00150059 0.00835539 0.000228966
internal_weight=5.38083e+07 2.9423e+07 2.43852e+07 9.29799e+06 1.50873e+07 2.10913e+07 2.07099e+07 1.78613e+07 2.84852e+06 1.50492e+07
internal_count=18731 9860 8871 3869 5002 6871 6701 4682 2019 3532
cat_boundaries=0 1 3
cat_threshold=33689730 268435584 262144
is_linear=0
shrinkage=0.04


Tree=106
num_leaves=11
num_cat=2
split_feature=68 0 7 54 44 46 52 65 0 66
split_gain=190590 183325 177454 174674 209878 174528 181230 175848 229154 191871
threshold=1.1258332385151053 0 1.0121418834221647 6.9500000000000011 2.5000000000000004 17.000000000000004 -4.9000000000000004 0.85232892671893279 1 0.12063973170318699
decision_type=2 1 2 2 2 2 2 2 1 2
left_child=3 -2 -3 4 5 7 -7 8 -1 -9
right_child=1 2 -4 -5 -6 6 -8 9 -10 -11
leaf_value=-0.0010587879603056981 0.00081568539079339224 -0.00014269142433291849 0.0023179033643729585 -0.0004987838944259396 -0.0025041112189694266 -0.00083938735283155697 0.00045936616943771262 2.8804166273373051e-05 0.00011389744234010722 0.00093705915821153064
leaf_weight=1964055.5853271484 4105064.5276489258 4001498.9687194824 423847.44812011719 3294780.9291992188 467428.56954956055 2169455.5944519043 497555.99774169922 31384052.012695312 2302525.9815063477 3198009.6177787781
leaf_count=490 1283 2097 266 1275 305 922 203 8978 697 2215
internal_value=5.94918e-05 0.00554406 -0.000103667 -0.000973811 -0.000277813 2.22876e-05 -0.00987601 0.000701824 -0.00695987 0.00164709
internal_weight=5.38083e+07 8.53041e+06 4.42535e+06 4.52779e+07 4.19831e+07 4.15157e+07 2.66701e+06 3.88486e+07 4.26658e+06 3.45821e+07
internal_count=18731 3646 2363 15085 13810 13505 1125 12380 1187 11193
cat_boundaries=0 1 3
cat_threshold=135296 130 262144
is_linear=0
shrinkage=0.04


Tree=107
num_leaves=11
num_cat=0
split_feature=44 50 68 40 36 46 66 30 54 68
split_gain=178204 202167 190457 169162 319343 244321 294385 236666 231017 215072
threshold=2.5000000000000004 18.700000000000006 1.6256320201723138 0.15193327989938968 0.16713035865941933 9.6500000000000004 0.046316212423763284 1.0000000180025095e-35 1.0000000180025095e-35 0.95800949373089117
decision_type=2 2 2 2 2 2 2 2 2 2
left_child=2 -2 3 8 -5 9 -7 -8 -1 -6
right_child=1 -3 -4 4 5 6 7 -9 -10 -11
leaf_value=2.288285251177777e-05 -0.0032195265965277789 0.00095188282421068931 0.007625189208754545 0.00038852899870632117 -0.00010595549545415162 0.00089802139424490629 -0.00027956698337961745 0.0020700444545159215 -0.00060907614146879594 0.00044681230495985868
leaf_weight=2441403.439453125 532424.33737182617 229620.22369384766 407115.68231201172 5961404.5672302246 10010606.258434296 561910.4814453125 19328575.080871582 592458.13134765625 2305983.6081542969 11436773.422424316
leaf_count=276 324 162 250 1876 2965 104 8340 274 291 3869
internal_value=6.65176e-05 -0.019139 0.000342424 0.000131636 0.000845565 -0.000386034 -0.00351044 -0.00431582 -0.00707047 0.00259787
internal_weight=5.38083e+07 762045 5.30462e+07 5.26391e+07 4.78917e+07 4.19303e+07 2.04829e+07 1.9921e+07 4.74739e+06 2.14474e+07
internal_count=18731 486 18245 17995 17428 15552 8718 8614 567 6834
is_linear=0
shrinkage=0.04


Tree=108
num_leaves=11
num_cat=3
split_feature=10 0 45 54 65 61 0 26 0 27
split_gain=176722 154700 197040 174589 153678 228236 226502 212686 250301 244773
threshold=1.0004405275458925 0 4.9333333333333345 1.1500000000000004 0.9180320564393436 0.99998851579701775 1 45.500000000000007 2 28.500000000000004
decision_type=2 1 2 2 2 2 1 2 1 2
left_child=1 2 -1 -3 7 6 -6 8 -2 -10
right_child=4 3 -4 -5 5 -7 -8 -9 9 -11
leaf_value=0.00013793760994944065 -0.00067732954624996058 0.00014012458730897087 -0.00075195751791538748 -0.00031783846840075089 0.0022879414952754885 4.923107909655831e-08 0.00038706886987718397 -0.00065283745582657079 -0.00065970906720540636 0.00043344926941992471
leaf_weight=2217939.3010253906 1873893.932800293 10021889.335266113 5961407.2177391052 6184013.1900939941 1034099.0678100586 11980683.233459473 8995815.0515899658 1504527.5409545898 1000244.6122436523 3033762.7497558594
leaf_count=557 359 3575 2347 2392 475 4559 3162 377 141 787
internal_value=2.73149e-05 -0.00249072 -0.00697525 -0.000227297 0.00211421 0.0037918 0.00824353 -0.00286726 0.000552021 0.00616351
internal_weight=5.38083e+07 2.43852e+07 8.17935e+06 1.62059e+07 2.9423e+07 2.20106e+07 1.00299e+07 7.41243e+06 5.9079e+06 4.03401e+06
internal_count=18731 8871 2904 5967 9860 8196 3637 1664 1287 928
cat_boundaries=0 2 3 5
cat_threshold=67110912 262144 67108864 268439552 262144
is_linear=0
shrinkage=0.04


Tree=109
num_leaves=11
num_cat=1
split_feature=44 50 68 51 65 66 40 0 40 39
split_gain=171342 197272 171858 160144 156160 164594 257070 307346 190466 226199
threshold=2.5000000000000004 18.700000000000006 1.6256320201723138 0.76666666666666672 0.77861415993795047 0.091061852137971397 0.29977661216484358 0 0.15671517352806114 0.098399621101406085
decision_type=2 2 2 2 2 2 2 1 2 2
left_child=2 -2 3 4 -1 6 8 -8 -6 -10
right_child=1 -3 -4 -5 5 -7 7 -9 9 -11
leaf_value=-0.0024630080575362111 -0.0030555619401394125 0.00097783441944254289 0.0073463845855239601 0.00031561201320030402 -0.00030627843512595561 0.00027965406641280332 -0.0001934790892062828 -0.001689833272156055 0.00049823646933741614 -9.9894319366564491e-06
leaf_weight=386730.29602050781 532424.33737182617 229620.22369384766 407115.68231201172 5637135.8959960938 4717523.2160644531 12496389.954967499 4995302.7634887695 1480104.1008300781 2630384.556640625 20295544.205352783
leaf_count=148 324 162 250 1845 592 7143 1841 580 529 5317
internal_value=7.52615e-05 -0.0187568 0.000345804 0.000145572 -0.000618496 -0.000408487 -0.00184695 -0.00902077 -0.000166497 0.00133965
internal_weight=5.38083e+07 762045 5.30462e+07 5.26391e+07 4.7002e+07 4.66152e+07 3.41189e+07 6.47541e+06 2.76435e+07 2.29259e+07
internal_count=18731 486 18245 17995 16150 16002 8859 2421 6438 5846
cat_boundaries=0 1
cat_threshold=301996160
is_linear=0
shrinkage=0.04


Tree=110
num_leaves=11
num_cat=0
split_feature=44 50 68 51 51 53 65 1 49 26
split_gain=165526 193490 157437 157040 168429 227691 178483 175913 165936 148294
threshold=2.5000000000000004 18.700000000000006 1.6256320201723138 -0.40416666666666662 -0.29583333333333334 1.3500000000000003 0.81532913316729683 5.5000000000000009 9.3500000000000032 59.500000000000007
decision_type=2 2 2 2 2 2 2 2 2 2
left_child=2 -2 3 -1 -5 -6 -7 8 9 -8
right_child=1 -3 -4 4 5 6 7 -9 -10 -11
leaf_value=-0.00021114112813996772 -0.0029333394625338351 0.00093872104266484149 0.007052529202103002 0.00041679985619201901 -0.00075952791193227153 -0.00055882737497517647 8.1634481210349222e-05 0.0010880067462141407 0.00044735769283871512 -0.00020749645006249191
leaf_weight=10432914.351974487 532424.33737182617 229620.22369384766 407115.68231201172 2216998.2910652161 551451.57946777344 1575682.2498168945 23980168.195365906 2200968.0343513489 2250321.6777610779 9430610.6095581055
leaf_count=4109 324 162 250 634 108 474 6909 1453 732 3576
internal_value=5.14747e-05 -0.0184583 0.000317386 0.000125739 0.00121198 0.000617011 0.000973928 0.00152288 0.000845524 0.000137394
internal_weight=5.38083e+07 762045 5.30462e+07 5.26391e+07 4.22062e+07 3.99892e+07 3.94378e+07 3.78621e+07 3.56611e+07 3.34108e+07
internal_count=18731 486 18245 17995 13886 13252 13144 12670 11217 10485
is_linear=0
shrinkage=0.04


Tree=111
num_leaves=11
num_cat=1
split_feature=44 50 68 30 67 46 0 51 67 27
split_gain=168440 181674 154540 155436 213279 189229 161166 232734 207059 215561
threshold=2.5000000000000004 18.700000000000006 1.6256320201723138 1.0000000180025095e-35 3.5000000000000004 18.850000000000005 0 0.93750000000000011 130.00000000000003 47.500000000000007
decision_type=2 2 2 2 2 2 1 2 2 2
left_child=2 -2 3 4 -1 6 8 -8 9 -6
right_child=1 -3 -4 -5 5 -7 7 -9 -10 -11
leaf_value=-0.00094625339119738892 -0.0028160058840324825 0.00090117220095824809 0.0067704280340188825 0.0020028301368560692 -0.00019182906534407379 -0.00055464966380272681 4.5759545547931523e-05 0.00058948924728893012 0.00081571146995413214 -0.0019862046841365075
leaf_weight=1917717.3541564941 532424.33737182617 229620.22369384766 407115.68231201172 597710.93603515625 4382011.2432861328 2084316.3426818848 38232423.11416626 2879072.984588623 1078886.5883178711 1466976.4261283875
leaf_count=644 324 162 250 278 2000 828 11908 877 629 831
internal_value=5.03585e-06 -0.0186669 0.000273278 8.34026e-05 -0.000149546 0.000351333 0.000863271 0.00181435 -0.00478062 -0.00775062
internal_weight=5.38083e+07 762045 5.30462e+07 5.26391e+07 5.20414e+07 5.01237e+07 4.80394e+07 4.11115e+07 6.92787e+06 5.84899e+06
internal_count=18731 486 18245 17995 17717 17073 16245 12785 3460 2831
cat_boundaries=0 2
cat_threshold=268435456 262144
is_linear=0
shrinkage=0.04


Tree=112
num_leaves=11
num_cat=1
split_feature=44 50 40 36 26 0 26 27 68 30
split_gain=170037 174604 159732 249099 195780 222416 284253 282559 216982 203501
threshold=2.5000000000000004 18.700000000000006 0.15193327989938968 0.16713035865941933 46.500000000000007 0 7.5000000000000009 20.500000000000004 0.96882196368791473 1.0000000180025095e-35
decision_type=2 2 2 2 2 1 2 2 2 2
left_child=2 -2 -1 -4 5 6 -5 -7 -9 -6
right_child=1 -3 3 4 9 7 -8 8 -10 -11
leaf_value=-0.00025218344902081696 -0.002703365648671182 0.00086512531291991796 0.00036182650025872061 -0.00028817956046039414 -0.00022602739501418036 0.00032986360253144922 0.00060910926399602658 -0.00078461995201431316 -1.4306344707769885e-05 0.0019144600994714933
leaf_weight=4747387.0476074219 532424.33737182617 229620.22369384766 5961404.5672302246 3114012.8801879883 16154515.736114502 4524499.6901245117 8862693.0086975098 3847523.2931022644 5241736.3172607422 592458.13134765625
leaf_count=567 324 162 1876 1241 6781 1368 3460 986 1692 274
internal_value=-4.64729e-05 -0.0188067 0.000223037 0.000911194 -0.000166736 0.00203371 0.0060095 -0.001464 -0.0055298 -0.00352916
internal_weight=5.38083e+07 762045 5.30462e+07 4.82988e+07 4.23374e+07 2.55905e+07 1.19767e+07 1.36138e+07 9.08926e+06 1.6747e+07
internal_count=18731 486 18245 17678 15802 8747 4701 4046 2678 7055
cat_boundaries=0 1
cat_threshold=100794498
is_linear=0
shrinkage=0.04


Tree=113
num_leaves=11
num_cat=2
split_feature=10 6 30 0 46 51 47 0 26 48
split_gain=171542 147399 144050 175068 157575 188007 168293 151114 220658 167631
threshold=1.0004405275458925 11.067471412892301 1.0000000180025095e-35 0 16.700000000000006 0.060416666666666605 0.45000000000000001 1 47.500000000000007 6.5791666666666675
decision_type=2 2 2 1 2 2 2 1 2 2
left_child=-1 2 3 -2 5 7 -7 8 9 -5
right_child=1 -3 -4 4 -6 6 -8 -9 -10 -11
leaf_value=-0.00011667769199523055 -0.00044614559715307526 -0.00118429967425052 0.0024963837403755729 0.0013504220309973123 -0.00019106747259984268 -0.00067982453585851662 0.00056513299483893344 -0.00013158646520685651 -0.00028205310802402678 0.00078059564786774386
leaf_weight=24385249.044124603 3625003.7844085693 209058.642578125 423747.22918701172 721977.65158081055 3517376.3929443359 1045647.7408447266 8910725.7307739258 7102953.4879760742 1833771.5634460449 2032763.9648742676
leaf_count=8871 1920 20 190 165 1232 107 2803 1665 887 871
internal_value=5.83525e-05 0.00211443 0.00235394 0.00201317 0.00319702 0.00447288 0.00851234 0.0010329 0.00669086 0.0138476
internal_weight=5.38083e+07 2.9423e+07 2.9214e+07 2.87902e+07 2.51652e+07 2.16478e+07 9.95637e+06 1.16915e+07 4.58851e+06 2.75474e+06
internal_count=18731 9860 9840 9650 7730 6498 2910 3588 1923 1036
cat_boundaries=0 2 3
cat_threshold=268435456 262144 100665472
is_linear=0
shrinkage=0.04


Tree=114
num_leaves=11
num_cat=0
split_feature=44 50 1 50 54 53 68 51 26 6
split_gain=168241 168620 167384 173938 157367 156193 163087 145688 159074 191354
threshold=2.5000000000000004 18.700000000000006 1.0000000180025095e-35 14.250000000000002 1.0000000180025095e-35 9.6500000000000021 1.1474239465239835 0.68750000000000033 50.500000000000007 10.916842674511971
decision_type=2 2 2 2 2 2 2 2 2 2
left_child=2 -2 3 4 -1 6 7 8 -4 -10
right_child=1 -3 5 -5 -6 -7 -8 -9 9 -11
leaf_value=-0.00011553628421885792 -0.0025905639150445264 0.00085320008237721044 2.9181755525459395e-05 4.3341074387186356e-05 -0.00082269856072919286 0.00073030474634342563 0.0006473760424209234 0.00038366267271217449 -0.00021646087401486384 -0.00079477117800987962
leaf_weight=2388106.3458251953 532424.33737182617 229620.22369384766 24012297.0063591 4262911.1611938477 2276587.8799438477 2197329.5216369629 4430675.0001831055 3862940.2567749023 9278455.0700683594 336928.4296875
leaf_count=675 324 162 7721 1377 702 657 2125 1238 3702 48
internal_value=1.26129e-05 -0.0186483 0.000280696 -0.00471427 -0.0100517 0.00129145 0.00074656 -0.000111125 -0.00095625 -0.0053038
internal_weight=5.38083e+07 762045 5.30462e+07 8.92761e+06 4.66469e+06 4.41186e+07 4.19213e+07 3.74906e+07 3.36277e+07 9.61538e+06
internal_count=18731 486 18245 2754 1377 15491 14834 12709 11471 3750
is_linear=0
shrinkage=0.04


Tree=115
num_leaves=11
num_cat=1
split_feature=10 30 9 66 61 64 0 63 6 26
split_gain=155966 148692 169334 148310 174985 144620 137500 150372 183240 165457
threshold=1.0004405275458925 1.0000000180025095e-35 0.99803644225560484 0.12780445112349689 0.90730363413540271 1.1344083693184059 0 0.038153125110614007 10.544439342914364 59.500000000000007
decision_type=2 2 2 2 2 2 1 2 2 2
left_child=6 2 -2 5 -5 -4 7 -1 9 -9
right_child=1 -3 3 4 -6 -7 -8 8 -10 -11
leaf_value=-0.00021486696766526346 0.00030419589639040141 0.0024051868257211444 -0.00018552865449711847 0.0020182821102472785 7.6617310679306e-05 0.00034742261376954193 -0.00033021107503186333 0.00030748698605449721 0.00039746419374639365 -0.00074302505997797953
leaf_weight=3048288.4431152344 11014027.145370483 423747.22918701172 12547075.22555542 935369.14019775391 1858350.3352050781 2644457.1130981445 12895757.722438812 4927545.2059631348 1671880.9765625 1841776.6960449219
leaf_count=526 3604 190 3186 675 1317 888 4814 2247 261 1023
internal_value=2.20703e-05 0.00198259 0.00163885 -0.000753114 0.00771711 -0.00231079 -0.00234347 0.000838684 0.0035886 0.000659728
internal_weight=5.38083e+07 2.9423e+07 2.89993e+07 1.79853e+07 2.79372e+06 1.51915e+07 2.43852e+07 1.14895e+07 8.4412e+06 6.76932e+06
internal_count=18731 9860 9670 6066 1992 4074 8871 4057 3531 3270
cat_boundaries=0 1
cat_threshold=33685634
is_linear=0
shrinkage=0.04


Tree=116
num_leaves=11
num_cat=2
split_feature=68 0 46 44 46 50 52 65 0 66
split_gain=155624 148391 226533 147343 148499 148089 142315 137454 194543 169125
threshold=1.1313273284087959 0 12.500000000000002 2.5000000000000004 17.000000000000004 18.700000000000006 -4.9000000000000004 0.84993302476790944 1 0.12063973170318699
decision_type=2 1 2 2 2 2 2 2 1 2
left_child=3 2 -2 4 7 -5 -6 8 -1 -9
right_child=1 -3 -4 5 6 -7 -8 9 -10 -11
leaf_value=-0.001182941418469897 0.0010439562332765088 0.00053695901214868022 -0.0016234192672507108 -0.0028176444067389834 -0.00074950351776211562 0.00075927432274495088 0.00013292676212366559 -1.4010665044557541e-07 2.7666649241260894e-05 0.00074371611803850796
leaf_weight=1571268.5068359375 560710.62109375 6449407.8988647461 888018.27145385742 487547.78775024414 2542561.2880249023 208203.19396972656 1027314.6721496582 34356652.250732422 2247929.0366821289 3468661.7051811218
leaf_count=418 486 2256 706 305 1036 152 387 9848 747 2390
internal_value=6.87891e-05 0.00525519 -0.006313 -0.000823453 -0.00054235 -0.0190908 -0.00837187 0.00012882 -0.00710327 0.000859043
internal_weight=5.38083e+07 7.89814e+06 1.44873e+06 4.59101e+07 4.52144e+07 695751 3.56988e+06 4.16445e+07 3.8192e+06 3.78253e+07
internal_count=18731 3448 1192 15283 14826 457 1423 13403 1165 12238
cat_boundaries=0 1 3
cat_threshold=369098752 128 262144
is_linear=0
shrinkage=0.04


Tree=117
num_leaves=11
num_cat=4
split_feature=10 65 61 0 0 26 0 27 0 45
split_gain=149137 151299 208268 201621 189480 155413 206299 214291 135179 185768
threshold=1.0004405275458925 0.9180320564393436 0.99998851579701775 0 1 45.500000000000007 2 28.500000000000004 3 4.9333333333333345
decision_type=2 2 2 1 1 2 1 2 1 2
left_child=8 5 3 -3 -4 6 -2 -8 9 -1
right_child=1 2 4 -5 -6 -7 7 -9 -10 -11
leaf_value=0.00012554016526295766 -0.0006221446216688512 0.0020957968090505987 0.00013446559049479936 0.00035512334623911582 -0.0008367245934070267 -0.00064134251068897075 -0.00060507477816797444 0.00036905775035453155 -1.004050328981699e-05 -0.00069900911999525907
leaf_weight=2217939.3010253906 1873893.932800293 1034099.0678100586 9402984.4578857422 8995815.0515899658 2577698.7755737305 1504527.5409545898 1000244.6122436523 3033762.7497558594 16205902.525360107 5961407.2177391052
leaf_count=557 359 475 2865 3162 1694 377 141 787 5967 2347
internal_value=6.78523e-05 0.00198496 0.00364952 0.00790205 8.94077e-05 -0.00295779 -3.49239e-05 0.00505951 -0.00224532 -0.00643737
internal_weight=5.38083e+07 2.9423e+07 2.20106e+07 1.00299e+07 1.19807e+07 7.41243e+06 5.9079e+06 4.03401e+06 2.43852e+07 8.17935e+06
internal_count=18731 9860 8196 3637 4559 1664 1287 928 8871 2904
cat_boundaries=0 1 3 5 7
cat_threshold=67108864 137218 262144 268439552 262144 67110912 262144
is_linear=0
shrinkage=0.04


Tree=118
num_leaves=11
num_cat=1
split_feature=44 1 50 53 68 0 54 26 61 54
split_gain=147366 151604 160135 154649 149764 168314 151483 149028 144225 136997
threshold=2.5000000000000004 1.0000000180025095e-35 14.250000000000002 9.6500000000000021 1.1039501390030517 0 7.2000000000000002 4.5000000000000009 0.96632374871164761 1.0000000180025095e-35
decision_type=2 2 2 2 2 1 2 2 2 2
left_child=1 2 9 4 6 8 -3 -2 -6 -1
right_child=7 3 -4 -5 5 -7 -8 -9 -10 -11
leaf_value=-0.00011016951552026281 0.0016762850705109474 2.1887501991248658e-06 2.7307081049101419e-05 0.00066786845637203441 0.0032385554789228356 0.0005082955246148846 -0.00078196580284016699 -0.0020858511829191999 -0.00082824475194604071 -0.00079621779683256499
leaf_weight=2388106.3458251953 115031.47985839844 31545709.74930954 4262911.1611938477 2197329.5216369629 192398.14477539062 6929271.4342956543 1450062.8642578125 647013.08120727539 1803853.5704345703 2276587.8799438477
leaf_count=675 81 10468 1377 657 156 2484 593 405 1133 702
internal_value=3.6172e-05 0.000287073 -0.00446662 0.00124901 0.000706811 0.00530364 -0.000536656 -0.0174287 -0.00493019 -0.00958786
internal_weight=5.38083e+07 5.30462e+07 8.92761e+06 4.41186e+07 4.19213e+07 8.92552e+06 3.29958e+07 762045 1.99625e+06 4.66469e+06
internal_count=18731 18245 2754 15491 14834 3773 11061 486 1289 1377
cat_boundaries=0 2
cat_threshold=335544320 262144
is_linear=0
shrinkage=0.04


Tree=119
num_leaves=11
num_cat=0
split_feature=51 68 44 26 30 67 1 27 55 51
split_gain=145083 146165 149050 149690 136139 183627 173987 179200 227450 163469
threshold=1.560416666666667 1.8504016389448521 2.5000000000000004 4.5000000000000009 1.0000000180025095e-35 3.5000000000000004 4.5000000000000009 50.500000000000007 1.5000000000000002 -0.56041666666666645
decision_type=2 2 2 2 2 2 2 2 2 2
left_child=1 2 4 -4 5 -1 9 8 -8 -7
right_child=-2 -3 3 -5 -6 6 7 -9 -10 -11
leaf_value=-0.00085116199234899217 0.0020761305619981553 0.0069238842303592091 0.0016019148527065073 -0.0020547724963589447 0.0016962539319712666 -0.00036499957428253897 0.00057877745531065641 0.0011314387043720746 -0.0008544332004372944 9.639732350171736e-06
leaf_weight=1917717.3541564941 215527.37139892578 357125.49261474609 113138.646484375 626217.4885559082 597710.93603515625 5565297.2260131836 3002600.7474975586 2959820.0746879578 1746605.4774475098 36706514.41784668
leaf_count=644 72 225 80 395 278 1888 1569 1807 1057 10716
internal_value=5.80359e-05 -7.3687e-05 -0.000244787 -0.0180791 6.39816e-06 -0.000212208 0.000253854 0.00578025 0.000965741 -0.000753986
internal_weight=5.38083e+07 5.35927e+07 5.32356e+07 739356 5.24963e+07 5.18986e+07 4.99808e+07 7.70903e+06 4.74921e+06 4.22718e+07
internal_count=18731 18659 18434 475 17959 17681 17037 4433 2626 12604
is_linear=0
shrinkage=0.04


Tree=120
num_leaves=11
num_cat=1
split_feature=51 10 9 68 60 30 0 54 53 26
split_gain=141957 140603 140027 156601 176920 139042 133970 129382 163123 153095
threshold=1.560416666666667 1.0004405275458925 0.99497802744257102 0.93271271883963547 0.034058564262724196 1.0000000180025095e-35 0 1.1500000000000004 2.6999999999999997 12.500000000000002
decision_type=2 2 2 2 2 2 1 2 2 2
left_child=1 6 3 4 -3 -4 7 8 -1 -10
right_child=-2 2 5 -5 -6 -7 -8 -9 9 -11
leaf_value=0.00049519680518579471 0.001993085339518229 0.00057974047601967455 -1.4154029719443603e-05 0.00055423573230592622 -0.00067503056083997501 0.0024433243939911481 -0.00030626354474243159 -0.00025357965129276807 -0.00018832309089374233 0.00030381871771670835
leaf_weight=558281.45556640625 215527.37139892578 843642.61358642578 20691833.343444824 6234726.7501525879 1153471.8257293701 381471.92987060547 12848126.070217133 4393769.5751037598 1982966.0832824707 4504458.2143859863
leaf_count=85 72 355 6699 2138 460 170 4797 1624 615 1716
internal_value=8.92487e-05 -4.10475e-05 0.00182415 0.00624811 -0.00349988 9.60162e-05 -0.00229157 0.000856814 0.00421612 0.00243064
internal_weight=5.38083e+07 5.35927e+07 2.93051e+07 8.23184e+06 1.99711e+06 2.10733e+07 2.42876e+07 1.14395e+07 7.04571e+06 6.48742e+06
internal_count=18731 18659 9822 2953 815 6869 8837 4040 2416 2331
cat_boundaries=0 1
cat_threshold=33685634
is_linear=0
shrinkage=0.04


Tree=121
num_leaves=11
num_cat=4
split_feature=68 11 0 40 0 61 26 12 0 0
split_gain=139941 129388 240179 128655 223809 250293 223369 250460 201026 168911
threshold=1.1313273284087959 1.0458181858434279 0 0.31425909964921267 1 1.034320373945562 35.500000000000007 1.0217314187209225 2 3
decision_type=2 2 1 2 1 2 2 2 1 1
left_child=3 2 -2 4 5 -1 9 8 -8 -5
right_child=1 -3 -4 6 -6 -7 7 -9 -10 -11
leaf_value=0.0012772273576018018 0.00043763215337479434 0.0028822097094088578 -0.0009755262587684677 -0.00098720725866721301 -1.5034163673052512e-05 -0.0018168672206195207 -0.0023875751187469058 6.394426676153186e-05 -0.00014202684562555492 0.00021160508792483139
leaf_weight=2286777.6766052246 5450089.3675537109 823787.89947509766 1624259.5243835449 994043.30816650391 32210438.811889648 257900.15618896484 2048948.2430419922 1626068.759552002 1017813.5206298828 5468147.9652519226
leaf_count=1038 1746 473 1229 442 8025 184 1390 1064 356 2784
internal_value=9.68807e-05 0.00501499 0.0032679 -0.000749207 0.000450416 0.0118705 -0.00448681 -0.0111289 -0.0178578 0.000336717
internal_weight=5.38083e+07 7.89814e+06 7.07435e+06 4.59101e+07 3.47551e+07 2.54468e+06 1.1155e+07 4.69283e+06 3.06676e+06 6.46219e+06
internal_count=18731 3448 2975 15283 9247 1222 6036 2810 1746 3226
cat_boundaries=0 2 3 5 6
cat_threshold=137218 262144 100663296 369098754 262144 67239936
is_linear=0
shrinkage=0.04


Tree=122
num_leaves=11
num_cat=1
split_feature=66 44 50 65 66 5 40 0 30 26
split_gain=137373 140764 154626 137954 170244 218495 189332 280481 275227 188036
threshold=0.034313835005731076 2.5000000000000004 18.700000000000006 0.77861415993795047 0.12063973170318699 1.0123130853103539 0.31425909964921267 0 1.0000000180025095e-35 35.500000000000007
decision_type=2 2 2 2 2 2 2 1 2 2
left_child=-1 3 -3 -2 6 -6 -5 -8 9 -9
right_child=1 2 -4 4 5 -7 7 8 -10 -11
leaf_value=-0.0006953781928302075 -0.0022198552862938326 -0.0024211954164729487 0.00076583048793007872 4.2890864785281922e-05 5.4466405057098848e-05 0.001371108389099531 6.1652392958790709e-05 -0.00055959628175346571 0.0022892924700764505 -0.0022040320922640942
leaf_weight=636243.70336914062 416130.95068359375 532424.33737182617 229620.22369384766 35948922.066497803 4479836.0728569031 2885028.1907348633 4805862.6380615234 1903710.3180236816 268849.9208984375 1701646.810546875
leaf_count=89 162 324 162 9305 2998 1809 1549 1141 112 1080
internal_value=0.000130428 0.000351514 -0.0167162 0.000599686 0.000783284 0.00641766 -0.000146526 -0.00544858 -0.0134569 -0.0163683
internal_weight=5.38083e+07 5.3172e+07 762045 5.241e+07 5.19939e+07 7.36486e+06 4.4629e+07 8.68007e+06 3.87421e+06 3.60536e+06
internal_count=18731 18642 486 18156 17994 4807 13187 3882 2333 2221
cat_boundaries=0 1
cat_threshold=6274
is_linear=0
shrinkage=0.04


Tree=123
num_leaves=11
num_cat=3
split_feature=68 26 0 45 40 0 61 26 12 0
split_gain=139239 122749 160347 135001 118204 213816 232681 210443 220419 191192
threshold=1.1313273284087959 59.500000000000007 0 15.939583333333337 0.31425909964921267 1 1.034320373945562 35.500000000000007 1.0217314187209225 2
decision_type=2 2 1 2 2 1 2 2 2 1
left_child=4 -2 -3 -4 5 6 -1 -6 9 -9
right_child=1 2 3 -5 7 -7 -8 8 -10 -11
leaf_value=0.0012271224987025551 0.0008477075735948132 0.00036124373409985076 0.00048996965345280124 -0.0015719436412376794 1.738001102749824e-05 -1.5886358487977628e-05 -0.0017459081663861514 -0.00024613357385780573 5.4403302667311184e-05 -0.0025356664033448321
leaf_weight=2286777.6766052246 2083410.8931884766 4241388.6389770508 512490.49111938477 1060846.7681274414 6462191.2734184265 32210438.811889648 257900.15618896484 1275095.9047241211 1626068.759552002 1791665.8589477539
leaf_count=1038 867 1400 375 806 3226 8025 184 495 1064 1251
internal_value=0.000157896 0.00506366 0.00207875 -0.00882724 -0.000686068 0.0004638 0.011626 -0.00426865 -0.0107157 -0.0170281
internal_weight=5.38083e+07 7.89814e+06 5.81473e+06 1.57334e+06 4.59101e+07 3.47551e+07 2.54468e+06 1.1155e+07 4.69283e+06 3.06676e+06
internal_count=18731 3448 2581 1181 15283 9247 1222 6036 2810 1746
cat_boundaries=0 2 3 4
cat_threshold=137218 262144 100663296 137346
is_linear=0
shrinkage=0.04


Tree=124
num_leaves=11
num_cat=1
split_feature=51 54 68 44 50 65 23 0 26 36
split_gain=136852 126194 129903 122200 141854 123647 115992 145371 125837 222839
threshold=1.560416666666667 20.850000000000005 1.1809485637434509 2.5000000000000004 18.700000000000006 0.77861415993795047 1.0000000180025095e-35 0 53.500000000000007 0.16361644114972776
decision_type=2 2 2 2 2 2 2 1 2 2
left_child=1 2 3 5 -5 -1 8 -8 -7 -10
right_child=-2 -3 -4 4 -6 6 7 -9 9 -11
leaf_value=-0.0021304256205025604 0.001879691255847103 -0.0016607410566042559 0.00065055845236966796 -0.0024309861541318908 0.00079340080145448816 7.6548774959115922e-05 4.1209250883286068e-05 -0.00060468789089915286 0.00032695711634652438 -0.0002787208602335755
leaf_weight=416130.95068359375 215527.37139892578 532243.07070922852 2891525.3989868164 489504.43771362305 209120.77691650391 33501635.923503876 1047656.4440917969 895547.162109375 2032095.2526855469 11577288.443939209
leaf_count=162 72 234 1544 307 153 10413 310 248 492 4796
internal_value=0.000124167 -3.76454e-06 0.000190639 -0.000284511 -0.0168965 -4.99082e-05 0.000134282 -0.00944287 0.000529318 -0.0027142
internal_weight=5.38083e+07 5.35927e+07 5.30605e+07 5.0169e+07 698625 4.94704e+07 4.90542e+07 1.9432e+06 4.7111e+07 1.36094e+07
internal_count=18731 18659 18425 16881 460 16421 16259 558 15701 5288
cat_boundaries=0 1
cat_threshold=33560706
is_linear=0
shrinkage=0.04


Tree=125
num_leaves=11
num_cat=1
split_feature=1 20 26 0 53 45 68 53 27 52
split_gain=124443 176193 230298 267759 196505 174373 173389 164329 204788 165804
threshold=1.0000000180025095e-35 1.0000000180025095e-35 47.500000000000007 0 6.2500000000000027 15.614583333333336 1.1039501390030517 2.1500000000000008 6.5000000000000009 -5.6499999999999986
decision_type=2 2 2 1 2 2 2 2 2 2
left_child=-1 4 3 -3 -2 -4 -6 -5 9 -9
right_child=1 2 5 7 6 -7 -8 8 -10 -11
leaf_value=-0.00019789545931343171 -8.078800936646993e-06 -0.00068516403118625739 -0.0014453933364232978 -0.00058313617035020881 0.00018611872888685437 -0.00029109829429354309 0.00083527017519583521 0.00020440664893146151 0.00047431059660099048 -0.0018478271715651152
leaf_weight=8927605.3869628906 16553766.706882477 2920498.8487014771 1713408.0736999512 590495.65100097656 10029281.175323486 3232730.6380004883 3568953.6990661621 671460.15670776367 5045498.2263793945 554576.67001342773
leaf_count=2754 5240 1167 666 78 3672 1458 1440 258 1716 282
internal_value=0.000237795 0.00109574 -0.00249019 0.00106638 0.00284739 -0.00952438 0.00641023 0.00538364 0.00728304 -0.00737996
internal_weight=5.38083e+07 4.48807e+07 1.47287e+07 9.78253e+06 3.0152e+07 4.94614e+06 1.35982e+07 6.86203e+06 6.27154e+06 1.22604e+06
internal_count=18731 15977 5625 3501 10352 2124 5112 2334 2256 540
cat_boundaries=0 2
cat_threshold=268439552 262144
is_linear=0
shrinkage=0.04


Tree=126
num_leaves=11
num_cat=0
split_feature=40 36 54 46 60 26 46 12 11 62
split_gain=134101 227648 189741 220503 174481 155577 143741 141840 139780 177809
threshold=0.15193327989938968 0.17435074730879535 1.0000000180025095e-35 -3.8499999999999992 0.026282128327525217 2.5000000000000004 18.850000000000005 1.0000004587294755 1.0056243078832729 1.1218395954326501
decision_type=2 2 2 2 2 2 2 2 2 2
left_child=2 5 3 -1 -4 -2 7 -7 9 -3
right_child=1 8 4 -5 -6 6 -8 -9 -10 -11
leaf_value=-0.00025347125666089085 -0.00084743229817571292 -0.00020362042050689076 -0.0013311619033341095 0.00040673768154023983 -0.00034666978970798658 0.00020694602070972509 -0.00039505246490221385 0.00082851288662839277 0.00016078153587152581 0.00029194742166889487
leaf_weight=1216356.7210693359 519096.77325439453 20442153.400848389 733745.75634765625 1225046.7183837891 1635901.8293457031 4251175.719329834 380484.33404541016 2651834.4405822754 16171313.651103973 4581165.8884277344
leaf_count=90 191 7571 100 186 207 1399 85 792 6293 1817
internal_value=0.000181603 0.000807332 -0.00619099 0.00163505 -0.014254 0.00707212 0.00858001 0.00989928 -0.000379271 -0.00225237
internal_weight=5.38083e+07 4.89972e+07 4.81105e+06 2.4414e+06 2.36965e+06 7.80259e+06 7.28349e+06 6.90301e+06 4.11946e+07 2.50233e+07
internal_count=18731 18148 583 276 307 2467 2276 2191 15681 9388
is_linear=0
shrinkage=0.04


Tree=127
num_leaves=11
num_cat=1
split_feature=51 17 53 53 0 55 57 51 26 6
split_gain=123593 227579 212586 206683 130601 222461 185083 163083 172304 161099
threshold=0.012499999999999989 1.0000000180025095e-35 1.8500000000000003 2.5500000000000003 0 8.5000000000000018 3.5000000000000004 -0.25 21.500000000000004 10.90395333873701
decision_type=2 2 2 2 1 2 2 2 2 2
left_child=1 4 -2 -4 5 6 9 -6 -9 -1
right_child=2 -3 3 -5 7 -7 -8 8 -10 -11
leaf_value=0.00032432091156531624 -0.001124526784338482 -0.0029078400524390094 0.00059599232685391378 7.2863235401710057e-05 -1.9518594289505246e-05 -0.00031473546526056642 -0.0010918540688659921 -0.00090611265800342718 -0.00024262115486687618 -0.00021577904091278573
leaf_weight=9060946.5964660645 425996.49609375 392353.11148071289 1242392.990234375 26916878.778144836 5915577.6088905334 3487174.9835205078 404662.59576416016 2056287.096496582 2602083.9058227539 1303921.0698242188
leaf_count=3407 54 243 270 9250 2300 1290 120 544 1115 138
internal_value=0.00023957 -0.00180125 0.00204035 0.00246463 -0.00132363 0.00117469 0.00401795 -0.00469208 -0.01029 0.00505408
internal_weight=5.38083e+07 2.5223e+07 2.85853e+07 2.81593e+07 2.48307e+07 1.42567e+07 1.07695e+07 1.05739e+07 4.65837e+06 1.03649e+07
internal_count=18731 9157 9574 9520 8914 4955 3665 3959 1659 3545
cat_boundaries=0 1
cat_threshold=302123136
is_linear=0
shrinkage=0.04


Tree=128
num_leaves=11
num_cat=0
split_feature=68 30 67 45 1 53 17 48 22 51
split_gain=126804 126141 188152 163634 142315 169984 175799 169405 146177 214768
threshold=1.8504016389448521 1.0000000180025095e-35 3.5000000000000004 28.475000000000005 1.0000000180025095e-35 8.6500000000000004 1.0000000180025095e-35 7.5145833333333343 1.0000000180025095e-35 0.22083333333333335
decision_type=2 2 2 2 2 2 2 2 2 2
left_child=1 2 -1 4 7 6 8 -4 -6 -10
right_child=-2 -3 3 -5 5 -7 -8 -9 9 -11
leaf_value=-0.00099859135134478514 0.0066240711865588791 0.0015254715433714408 -0.00065613727769175717 -0.0021637978374852906 0.00014182192256768859 0.00043332659041967722 -0.002115243744771705 -2.5521747727409318e-05 -0.00022680635433825987 0.00018397480083265285
leaf_weight=1956843.4233703613 357125.49261474609 597710.93603515625 2462808.4066162109 272306.81372070312 20100315.970897675 6281063.991394043 449328.97128295898 6233574.2993164062 10080199.325256348 5016997.6022338867
leaf_count=662 225 278 629 119 7690 2364 297 2018 3029 1420
internal_value=0.000143585 -1.51406e-05 -0.000221786 0.000246179 0.000412527 0.00137841 0.000309305 -0.00424428 0.000626695 -0.00234768
internal_weight=5.38083e+07 5.34511e+07 5.28534e+07 5.08966e+07 5.06243e+07 4.19279e+07 3.56468e+07 8.69638e+06 3.51975e+07 1.50972e+07
internal_count=18731 18506 18228 17566 17447 14800 12436 2647 12139 4449
is_linear=0
shrinkage=0.04


Tree=129
num_leaves=11
num_cat=0
split_feature=39 36 12 9 27 52 52 26 68 46
split_gain=127359 177554 154248 156483 149476 173697 297258 141979 138832 217212
threshold=0.07480678334830089 0.17435074730879535 1.0000004587294755 1.0362452721420505 41.500000000000007 -4.1499999999999995 -2.25 33.500000000000007 0.97072170590528717 10.450000000000001
decision_type=2 2 2 2 2 2 2 2 2 2
left_child=4 2 7 -4 5 -1 -7 -2 -3 -10
right_child=1 8 3 -5 -6 6 -8 -9 9 -11
leaf_value=0.00010014149499978617 -0.00011343466539826177 -0.0001830799793485837 0.00072762314186072363 -0.00058836675774455015 -0.00068518565276645639 -0.00049391703259479543 5.0425694481125987e-05 0.00042723653301096718 0.00037668346281284691 -0.00011237692755693574
leaf_weight=1914304.4084472656 3731757.5782165527 14001474.027965546 2755044.8700866699 282759.16918945312 667098.8173828125 1011969.9409179688 757506.958984375 1531740.0772094727 11517274.898071289 15637344.48626709
leaf_count=262 1198 4718 813 71 92 117 50 456 4189 6765
internal_value=0.000130161 0.000707358 0.00604381 0.013221 -0.00643093 -0.00327584 -0.01231 0.00190152 -0.000369023 0.0012992
internal_weight=5.38083e+07 4.94574e+07 8.3013e+06 3.0378e+06 4.35088e+06 3.68378e+06 1.76948e+06 5.2635e+06 4.11561e+07 2.71546e+07
internal_count=18731 18210 2538 884 521 429 167 1654 15672 10954
is_linear=0
shrinkage=0.04


Tree=130
num_leaves=11
num_cat=1
split_feature=66 68 51 30 67 0 46 36 7 4
split_gain=126016 118522 115759 113925 181407 151667 142562 149441 165607 173484
threshold=0.034313835005731076 1.8504016389448521 1.560416666666667 1.0000000180025095e-35 1.5000000000000002 0 18.850000000000005 0.19745754037734656 0.99159607847421283 3.5000000000000004
decision_type=2 2 2 2 2 1 2 2 2 2
left_child=-1 2 3 4 5 -2 7 8 -6 -10
right_child=1 -3 -4 -5 6 -7 -8 -9 9 -11
leaf_value=-0.0006186457562754042 -0.017202885542445447 0.0063777744217299601 0.001676666702118216 0.0014728036685316066 0.0004433237857750206 -0.00042557256567273515 -0.00053143658646397139 -5.5717365374507256e-05 -0.00051304830103295561 9.0937436713965853e-05
leaf_weight=636243.70336914062 313575.97979736328 357125.49261474609 215527.37139892578 597710.93603515625 2670988.2626953125 676869.73400878906 2094280.2274475098 30530085.380474091 1366265.5435180664 14349602.601379395
leaf_count=89 138 225 72 278 852 301 833 12311 271 3361
internal_value=0.000217139 0.00042889 0.000273593 0.000153715 -4.58682e-05 -0.0170006 0.000283336 0.000720876 0.00356976 0.00200476
internal_weight=5.38083e+07 5.3172e+07 5.28149e+07 5.25994e+07 5.20017e+07 990446 5.10112e+07 4.89169e+07 1.83869e+07 1.57159e+07
internal_count=18731 18642 18417 18345 18067 439 17628 16795 4484 3632
cat_boundaries=0 2
cat_threshold=131072 262144
is_linear=0
shrinkage=0.04


Tree=131
num_leaves=11
num_cat=1
split_feature=51 64 66 5 6 40 0 30 26 39
split_gain=113806 112489 133175 200532 178222 152334 220964 242502 176611 203007
threshold=1.560416666666667 0.76840813574316325 0.12780445112349689 1.0123130853103539 10.016419486850074 0.31425909964921267 0 1.0000000180025095e-35 35.500000000000007 0.16197101468269143
decision_type=2 2 2 2 2 2 1 2 2 2
left_child=1 -1 5 -4 -5 -3 -7 8 9 -8
right_child=-2 2 3 4 -6 6 7 -9 -10 -11
leaf_value=-0.0089401963393201198 0.0016096000340334873 1.5057900634425247e-05 -1.5878996762287844e-05 0.0021325603493901509 1.7222664413591584e-05 2.6391516831203159e-05 -0.0016452151667621046 0.0022563683466681785 -0.0020853560941294616 0.00016425451184589189
leaf_weight=314807.935546875 215527.37139892578 37291665.037017822 4205148.3102836609 1723310.2369384766 1056518.2373046875 5016733.0277709961 586070.11242675781 284936.45611572266 1753255.6030273438 1360302.9049072266
leaf_count=160 72 9853 2817 1364 349 1679 247 128 1138 924
internal_value=0.000182836 6.6172e-05 0.000207044 0.00535543 0.0136913 -0.00056978 -0.00524017 -0.0122723 -0.0150109 -0.00671611
internal_weight=5.38083e+07 5.35927e+07 5.32779e+07 6.98498e+06 2.77983e+06 4.6293e+07 9.0013e+06 3.98457e+06 3.69963e+06 1.94637e+06
internal_count=18731 18659 18499 4530 1713 13969 4116 2437 2309 1171
cat_boundaries=0 1
cat_threshold=6274
is_linear=0
shrinkage=0.04


Tree=132
num_leaves=11
num_cat=1
split_feature=66 54 68 36 47 0 48 54 48 27
split_gain=113844 116050 119067 139921 173325 138014 227671 205920 205226 182142
threshold=0.034313835005731076 20.850000000000005 1.1313273284087959 0.19745754037734656 9.5000000000000018 0 6.8708333333333345 1.0000000180025095e-35 5.854166666666667 3.5000000000000004
decision_type=2 2 2 2 2 1 2 2 2 2
left_child=-1 2 3 5 -5 7 8 -2 9 -7
right_child=1 -3 -4 4 -6 6 -8 -9 -10 -11
leaf_value=-0.00059450224204976511 0.0010573922304049606 -0.001558116529826784 0.00035381895378926501 0.00015669464131481565 -0.00025635666850591481 -0.0020011006888853199 0.00010103785004176587 -0.00018892454853393546 -0.00052594536015572934 5.3021454832603376e-05
leaf_weight=636243.70336914062 1679376.9409484863 532243.07070922852 7682855.8153991699 7944901.9211578369 18884572.123409271 413888.48193359375 10122533.94519043 1543252.9225769043 1455442.7299194336 2912963.578125
leaf_count=89 483 234 3347 2572 8106 50 2384 594 320 552
internal_value=0.000193806 0.000395071 0.000582979 -0.000203453 -0.00203773 0.00251136 0.00088844 0.0100174 -0.00630399 -0.000823222
internal_weight=5.38083e+07 5.3172e+07 5.26398e+07 4.49569e+07 2.68295e+07 1.81275e+07 1.49048e+07 3.22263e+06 4.78229e+06 3.32685e+06
internal_count=18731 18642 18408 15061 10678 4383 3306 1077 922 602
cat_boundaries=0 1
cat_threshold=100665344
is_linear=0
shrinkage=0.04


Tree=133
num_leaves=11
num_cat=2
split_feature=54 68 0 7 48 48 46 0 27 6
split_gain=113256 125237 119030 119717 101932 198269 184073 161569 227896 182346
threshold=20.850000000000005 1.1313273284087959 0 1.0129068039062259 12.406250000000002 12.454166666666669 17.400000000000002 1 21.500000000000004 9.977922243826816
decision_type=2 2 1 2 2 2 2 1 2 2
left_child=1 4 -3 -4 6 -6 7 8 9 -1
right_child=-2 2 3 -5 5 -7 -8 -9 -10 -11
leaf_value=-0.00065884953582210086 -0.0014957918686337125 0.00065950586018793586 -0.00019158058293387793 0.0018861800644560153 -0.0010301295125207607 -0.00015599171741901443 -0.00056001330026880531 0.00010030846135845321 -0.00055439763724827095 0.00044685384649975016
leaf_weight=1095201.6807861328 532243.07070922852 4246806.5842285156 3087869.3736877441 348179.85748291016 419063.72595214844 6432118.4315910339 2703875.9087524414 24927267.652740479 7454728.9321594238 2560920.0146484375
leaf_count=739 234 1503 1626 218 90 2450 1056 7713 2520 582
internal_value=0.000171072 0.000354499 0.00507891 -0.000456231 -0.000441609 -0.00493912 0.000353739 0.00110897 -0.00290267 0.00527745
internal_weight=5.38083e+07 5.3276e+07 7.68286e+06 3.43605e+06 4.55932e+07 6.85118e+06 3.8742e+07 3.60381e+07 1.11109e+07 3.65612e+06
internal_count=18731 18497 3347 1844 15150 2540 12610 11554 3841 1321
cat_boundaries=0 1 3
cat_threshold=135298 268439552 262144
is_linear=0
shrinkage=0.04


Tree=134
num_leaves=11
num_cat=1
split_feature=66 51 10 0 27 46 6 54 53 63
split_gain=114336 109364 107347 137075 132392 209596 114693 113912 147738 119651
threshold=0.034313835005731076 1.560416666666667 1.0004405275458925 0 23.500000000000004 -1.0000000180025095e-35 10.572751732893179 1.0500000000000003 2.6999999999999997 0.038153125110614007
decision_type=2 2 2 1 2 2 2 2 2 2
left_child=-1 2 3 7 5 -5 -6 8 -2 -10
right_child=1 -3 -4 4 6 -7 -8 -9 9 -11
leaf_value=-0.00056290154238408479 0.0005255358426056254 0.0015046830401130602 8.2740188501644778e-05 0.0011954082712903793 -0.00040931727152047535 -0.00018544772209612748 -0.0014532881181201572 -0.00015604549555963345 -0.00018576907366572539 0.00030633423005944156
leaf_weight=636243.70336914062 626142.26409912109 215527.37139892578 29096087.820205688 872545.33020019531 6613700.8594017029 3782326.9813842773 434370.78076171875 4799373.0018615723 1519704.3418579102 5212252.7781982422
leaf_count=89 109 72 9802 219 2163 1353 93 2047 297 2487
internal_value=0.000230084 0.000431783 0.000316047 -0.00167268 -0.00476278 0.000472312 -0.00822027 0.0013019 0.00442893 0.00270032
internal_weight=5.38083e+07 5.3172e+07 5.29565e+07 2.38604e+07 1.17029e+07 4.65487e+06 7.04807e+06 1.21575e+07 7.3581e+06 6.73196e+06
internal_count=18731 18642 18570 8768 3828 1572 2256 4940 2893 2784
cat_boundaries=0 1
cat_threshold=302121090
is_linear=0
shrinkage=0.04


Tree=135
num_leaves=11
num_cat=0
split_feature=51 66 44 50 68 65 1 48 53 51
split_gain=108481 101956 103810 134573 103630 99786.3 104769 137474 126012 152673
threshold=1.560416666666667 0.034313835005731076 2.5000000000000004 17.450000000000003 1.6256320201723138 0.77861415993795047 1.0000000180025095e-35 7.5145833333333343 9.6500000000000021 0.26250000000000001
decision_type=2 2 2 2 2 2 2 2 2 2
left_child=1 -1 4 -4 5 -3 7 -7 -8 -10
right_child=-2 2 3 -5 -6 6 8 -9 9 -11
leaf_value=-0.00054038548068872135 0.0014444957185085381 -0.0020506722459368238 -0.0026974913541606433 0.00016802650771956734 0.0056433035560004676 -0.00055818970969107203 2.8773824545615888e-05 -1.4661798223614615e-05 0.0031051233413687397 0.00022983571097162298
leaf_weight=636243.70336914062 215527.37139892578 416130.95068359375 392353.11148071289 369691.44958496094 407115.68231201172 2526273.90234375 40507977.850048065 6188913.3278808594 352253.14462280273 1795794.7390136719
leaf_count=89 72 162 243 243 250 658 14341 2033 109 531
internal_value=0.000225074 0.000111172 0.000302409 -0.0143543 0.000516404 0.00035837 0.000516404 -0.00347998 0.00133292 0.010774
internal_weight=5.38083e+07 5.35927e+07 5.29565e+07 762045 5.21945e+07 5.17873e+07 5.13712e+07 8.71519e+06 4.2656e+07 2.14805e+06
internal_count=18731 18659 18570 486 18084 17834 17672 2691 14981 640
is_linear=0
shrinkage=0.04


Tree=136
num_leaves=11
num_cat=1
split_feature=65 4 0 66 5 40 47 63 41 37
split_gain=108377 180326 175757 144573 218850 136410 130251 125978 123427 135210
threshold=0.85232892671893279 4.5000000000000009 0 0.12780445112349689 1.0239625556666898 0.13779277764131653 6.4500000000000011 0.074551770536798609 4.0694322666776152e-05 4.7173832841153427e-05
decision_type=2 2 1 2 2 2 2 2 2 2
left_child=1 -1 6 8 7 -4 -3 -5 -2 -10
right_child=3 2 5 4 -6 -7 -8 -9 9 -11
leaf_value=-0.0019758279966935986 1.8377958461645192e-05 5.9058330669533458e-05 -0.00094543377008818211 0.0018170596743442491 0.0015366721563021127 0.00018813284596105206 -0.0012711148943171113 -0.00016373138394089879 -0.00078039918864004519 4.6140023111969351e-05
leaf_weight=448416.53375244141 39053880.407897949 509041.09497070312 287872.93481445312 387888.04620361328 2342333.5803833008 2262894.209777832 914726.49926757812 3446936.5801811218 2066315.7344970703 2087969.6109924316
leaf_count=86 10811 87 33 243 1537 737 309 2360 992 1536
internal_value=0.000187329 -0.00581122 -0.00309826 0.000724561 0.00644847 0.00318606 -0.0143568 0.000564209 -9.3747e-05 -0.00664862
internal_weight=5.38083e+07 4.42295e+06 3.97453e+06 4.93853e+07 6.17716e+06 2.55077e+06 1.42377e+06 3.83482e+06 4.32082e+07 4.15429e+06
internal_count=18731 1252 1166 17479 4140 770 396 2603 13339 2528
cat_boundaries=0 2
cat_threshold=128 262144
is_linear=0
shrinkage=0.04


Tree=137
num_leaves=11
num_cat=0
split_feature=40 54 36 46 46 62 66 4 42 26
split_gain=105383 191624 181409 165111 159954 215429 178591 161193 159570 149803
threshold=0.15193327989938968 1.0000000180025095e-35 0.16713035865941933 -3.8499999999999992 9.8000000000000025 1.1218395954326501 0.058319160940269829 20.500000000000004 24.500000000000011 6.5000000000000009
decision_type=2 2 2 2 2 2 2 2 2 2
left_child=1 3 -2 -1 9 7 -7 -6 -3 -4
right_child=2 8 4 -5 5 6 -8 -9 -10 -11
leaf_value=-0.00025118836770092327 0.00027893796306533564 -0.00075321841739632816 -0.00017143856384192139 0.00037939951518979067 5.0712074110295705e-06 0.00080841606267078182 0.00014889138477029062 -0.00048757145866042785 -0.00020722080431229476 0.00023295584714588826
leaf_weight=1216356.7210693359 6131041.8377990723 1033578.0329589844 4818727.2396850586 1225046.7183837891 6395862.715637207 405486.1552734375 3880158.7630615234 9841320.137298584 1336069.552734375 17524627.358837128
leaf_count=90 1983 120 1570 186 2709 78 1751 4310 187 5747
internal_value=0.000176168 -0.00547301 0.000730864 0.00239178 -0.000189615 -0.00273912 0.00523788 -0.00484457 -0.0135759 0.00215216
internal_weight=5.38083e+07 4.81105e+06 4.89972e+07 2.4414e+06 4.28662e+07 2.05228e+07 4.28564e+06 1.62372e+07 2.36965e+06 2.23434e+07
internal_count=18731 583 18148 276 16165 8848 1829 7019 307 7317
is_linear=0
shrinkage=0.04


Tree=138
num_leaves=11
num_cat=2
split_feature=68 49 5 0 41 47 62 64 4 0
split_gain=104877 183448 159256 253813 181505 160593 193085 160365 154191 236498
threshold=0.93271271883963547 10.450000000000001 1.0239625556666898 0 5.2935735913341139e-06 13.65 1.0029399720228356 0.94184454079734625 20.500000000000004 1
decision_type=2 2 2 1 2 2 2 2 2 1
left_child=-1 2 4 -4 5 6 -2 -5 -6 -10
right_child=1 -3 3 7 8 -7 -8 -9 9 -11
leaf_value=-0.00016398245126418484 3.8164875445555562e-05 0.0004714395765752824 0.0016638361009680609 -7.9060800745797487e-05 4.9245019551622894e-05 0.00029902680880315095 -0.00068956184510842941 0.00047905496495618426 -0.0011888682536027458 -0.00017892671342931851
leaf_weight=11773851.268260956 3150552.9577026367 1324235.4311523438 1056170.8567504883 5214279.729675293 8784772.947052002 6019037.4494628906 1034313.1494750977 3795021.0971069336 2547184.8022460938 9108855.5438537598
leaf_count=3590 511 418 729 1393 3543 1884 406 1245 1204 3808
internal_value=0.000209212 0.00114382 0.000667231 0.00503256 -0.000766595 0.00359045 -0.00242768 0.0028577 -0.0029416 -0.00595759
internal_weight=5.38083e+07 4.20344e+07 4.07102e+07 1.00655e+07 3.06447e+07 1.02039e+07 4.18487e+06 9.0093e+06 2.04408e+07 1.1656e+07
internal_count=18731 15141 14723 3367 11356 2801 917 2638 8555 5012
cat_boundaries=0 1 3
cat_threshold=100663296 67108864 262144
is_linear=0
shrinkage=0.04


Tree=139
num_leaves=11
num_cat=2
split_feature=10 0 27 46 65 61 0 40 6 6
split_gain=102167 128027 133434 177810 123748 174340 174415 198037 162352 140813
threshold=1.0004405275458925 0 23.500000000000004 -1.0000000180025095e-35 0.92844415641771816 0.99998851579701775 1 0.21868595353056988 10.179994996533519 10.086244794632469
decision_type=2 1 2 2 2 2 1 2 2 2
left_child=1 -1 3 -3 9 6 7 -6 -9 -2
right_child=4 2 -4 -5 5 -7 -8 8 -10 -11
leaf_value=3.0353577389289696e-05 0.00055027485366019918 0.0011349494736869207 -0.00048178789476196988 -0.00014583451791672249 0.0012085381974362565 9.1809779777138301e-06 3.139582216410073e-05 0.0014879120267523116 -8.6297475892886293e-06 -0.00022551488428663069
leaf_weight=12608131.099945068 1956664.2615356445 881066.98681640625 7069086.4150657654 3826964.5422973633 1419684.9495849609 11907739.649963379 4137759.3411712646 1558463.0769348145 2042515.1384277344 6400199.7709960938
leaf_count=5022 1033 223 2259 1367 319 4535 1496 1010 481 986
internal_value=0.000212735 -0.00170184 -0.00470067 0.000516518 0.0017995 0.00343335 0.0075826 0.0125938 0.0076056 -0.00231917
internal_weight=5.38083e+07 2.43852e+07 1.17771e+07 4.70803e+06 2.9423e+07 2.10662e+07 9.15842e+06 5.02066e+06 3.60098e+06 8.35686e+06
internal_count=18731 8871 3849 1590 9860 7841 3306 1810 1491 2019
cat_boundaries=0 1 2
cat_threshold=302121090 100669568
is_linear=0
shrinkage=0.04


Tree=140
num_leaves=11
num_cat=0
split_feature=19 52 68 11 41 65 67 26 4 66
split_gain=99629.4 142193 102610 171075 134768 240156 123635 175942 142936 133998
threshold=1.0000000180025095e-35 -5.6499999999999986 0.96781050771280974 1.0046596805451646 9.5031728145536476e-06 1.1124304830873759 49.500000000000007 38.500000000000007 3.5000000000000004 0.049438833461198435
decision_type=2 2 2 2 2 2 2 2 2 2
left_child=2 -2 6 4 5 -4 8 -8 9 -1
right_child=1 -3 3 -5 -6 -7 7 -9 -10 -11
leaf_value=-0.0018482966179022495 0.00017004596544135359 -0.0022353782242032372 -8.9328028943591182e-06 0.00036652673240420195 -0.00017935736459821251 0.00062502307286478229 -0.00015502537964018454 -0.00069963079836367435 4.2840192565622454e-05 -0.00020707665410563058
leaf_weight=266890.12109375 484827.75677490234 636574.04052734375 7572864.6624755859 10677990.231842041 12532015.62310791 2333158.6173706055 3344847.085144043 1263792.1135864258 13883790.319812775 811524.66100311279
leaf_count=14 162 387 1852 4274 5400 642 1098 298 4316 288
internal_value=0.000256463 -0.0115412 0.000507572 0.0018646 -0.000118696 0.00336805 -0.00178867 -0.00751711 -2.41899e-05 -0.014052
internal_weight=5.38083e+07 1.1214e+06 5.26869e+07 3.3116e+07 2.2438e+07 9.90602e+06 1.95708e+07 4.60864e+06 1.49622e+07 1.07841e+06
internal_count=18731 549 18182 12168 7894 2494 6014 1396 4618 302
is_linear=0
shrinkage=0.04


Tree=141
num_leaves=11
num_cat=1
split_feature=40 52 46 0 26 43 36 62 45 6
split_gain=128117 127525 110048 163394 135973 177034 171637 124937 193962 200914
threshold=0.13637003285298807 -4.7499999999999982 -6.6499999999999995 0 5.5000000000000009 3.0000000000000004 0.12537656253765408 1.1218395954326501 12.527083333333335 10.078125577222332
decision_type=2 2 2 1 2 2 2 2 2 2
left_child=1 -1 3 -2 -4 6 -6 8 9 -8
right_child=2 -3 4 -5 5 -7 7 -9 -10 -11
leaf_value=2.0157413889221476e-05 -0.00019635957423005585 -0.00044392549423950746 -0.00027320365538868285 0.00073265469971187352 0.00072877437218920118 -0.0023089064406115081 0.00060907861846543239 0.00034971187120294339 -0.00013865929909089559 -1.5468364969524198e-05
leaf_weight=958565.9716796875 1179223.3330078125 1150714.8325195312 5476161.0892028809 2233570.9859619141 1366102.0405883789 489944.22885131836 5665159.4845581055 5090494.742565155 20132287.438354492 10066051.085449219
leaf_count=137 169 119 2114 299 411 320 3073 2032 8066 1991
internal_value=0.00020039 -0.00946259 0.000594636 0.00753633 0.000104004 0.000863178 0.00113995 0.000674698 -0.000157663 0.00317013
internal_weight=5.38083e+07 2.10928e+06 5.1699e+07 3.41279e+06 4.82862e+07 4.281e+07 4.23201e+07 4.0954e+07 3.58635e+07 1.57312e+07
internal_count=18731 256 18475 468 18007 15893 15573 15162 13130 5064
cat_boundaries=0 1
cat_threshold=268439554
is_linear=0
shrinkage=0.04


Tree=142
num_leaves=11
num_cat=2
split_feature=51 17 6 0 51 30 49 55 57 0
split_gain=112725 179660 145941 206012 163420 147160 154489 146199 138154 133942
threshold=0.012499999999999989 1.0000000180025095e-35 10.884212208011837 0 -0.40416666666666662 1.0000000180025095e-35 8.7500000000000018 8.5000000000000018 3.5000000000000004 1
decision_type=2 2 2 1 2 2 2 2 2 1
left_child=1 2 3 4 7 6 -5 8 -1 -2
right_child=9 -3 -4 5 -6 -7 -8 -9 -10 -11
leaf_value=0.00024851953325213656 0.00015141897550808127 -0.0024552811862568842 -0.00019048538513303731 -0.00038464044169904166 0.00041815906799937222 0.0015589128766313254 0.0004623359828379359 -0.00054816587975857034 -0.0016533056650381978 -5.1134331551059809e-05
leaf_weight=3100200.0500488281 14406213.043823242 392353.11148071289 2503151.7568359375 9302895.646686554 6587470.3923339844 298955.26672363281 972097.69779968262 1817597.9444274902 248285.10192871094 14179055.220649719
leaf_count=1355 4256 243 305 3450 2458 140 369 769 68 5318
internal_value=0.000194056 -0.00175498 -0.00133061 -0.000303822 0.00334052 -0.00435472 -0.00515965 -0.00198553 0.00297213 0.00191384
internal_weight=5.38083e+07 2.5223e+07 2.48307e+07 2.23275e+07 1.17536e+07 1.05739e+07 1.0275e+07 5.16608e+06 3.34849e+06 2.85853e+07
internal_count=18731 9157 8914 8609 4650 3959 3819 2192 1423 9574
cat_boundaries=0 1 2
cat_threshold=302123136 100798464
is_linear=0
shrinkage=0.04


Tree=143
num_leaves=11
num_cat=2
split_feature=64 68 36 45 51 0 50 46 53 0
split_gain=101854 152517 157050 127570 108920 135644 174780 242134 150523 153746
threshold=1.1868943990936061 0.81022857355872024 0.1546698911230148 28.475000000000005 0.0062499999999999977 0 11.950000000000001 16.700000000000006 2.9500000000000006 1
decision_type=2 2 2 2 2 1 2 2 2 1
left_child=1 2 -1 4 -3 6 7 8 -6 -10
right_child=-2 3 -4 -5 5 -7 -8 -9 9 -11
leaf_value=-0.0019620888842879114 0.00062150907853589612 -5.7668745237088671e-05 -0.00039052886122037779 -0.0020570489518318218 0.0006995178159632427 -8.9538613261820607e-05 0.0002975388036488002 -0.00087807341887800004 -9.7927994482083569e-05 0.0012147046057492778
leaf_weight=452607.49426269531 2521949.908946991 22700343.446350098 1529173.1266479492 218039.62176513672 289165.54522705078 10412308.61315918 9136981.821105957 850143.62683105469 4636349.30078125 1061212.7276611328
leaf_count=104 1548 7753 722 89 55 3603 2892 272 1022 671
internal_value=0.000208826 -0.000177091 -0.0110572 0.000260234 0.000395846 0.00214352 0.004459 -0.000377976 0.00245873 0.0010298
internal_weight=5.38083e+07 5.12863e+07 1.98178e+06 4.93045e+07 4.90865e+07 2.63862e+07 1.59739e+07 6.83687e+06 5.98673e+06 5.69756e+06
internal_count=18731 17183 826 16357 16268 8515 4912 2020 1748 1693
cat_boundaries=0 1 2
cat_threshold=100798466 135170
is_linear=0
shrinkage=0.04


Tree=144
num_leaves=11
num_cat=2
split_feature=10 8 6 61 0 10 30 0 12 47
split_gain=103485 101492 131371 192156 136891 122405 106834 93700.1 122680 156282
threshold=1.0004405275458925 1.0000655418974846 10.086244794632469 0.96575622259515626 0 1.0006634601318438 1.0000000180025095e-35 1 0.99590162497699419 9.5000000000000018
decision_type=2 2 2 2 1 2 2 1 2 2
left_child=7 2 3 4 -2 -3 -5 -1 9 -9
right_child=1 5 -4 6 -6 -7 -8 8 -10 -11
leaf_value=3.0535512876571011e-05 0.00025168919820517079 0.0025814420738344205 -9.85102543673742e-05 -0.00021779343499706959 0.0013470012010978591 0.00017379670884801012 0.0019256999174969397 -1.9458258186292542e-05 -1.75908168540442e-05 -0.00078564640849106485
leaf_weight=12608131.099945068 1576633.4504394531 282234.92944335938 12734431.802978516 4467931.247177124 1984290.6265563965 8020153.1971435547 357350.93487548828 2505476.0578613281 5323555.7330589294 3948086.1532592773
leaf_count=5022 845 81 2420 2650 1189 2521 154 796 1658 1395
internal_value=0.000137798 0.00173476 0.000261833 0.00414926 0.0111975 0.00548175 -0.00105219 -0.00178908 -0.00435457 -0.00806248
internal_weight=5.38083e+07 2.9423e+07 2.11206e+07 8.38621e+06 3.56092e+06 8.30239e+06 4.82528e+06 2.43852e+07 1.17771e+07 6.45356e+06
internal_count=18731 9860 7258 4838 2034 2602 2804 8871 3849 2191
cat_boundaries=0 2 3
cat_threshold=268435458 262144 302121090
is_linear=0
shrinkage=0.04


Tree=145
num_leaves=11
num_cat=0
split_feature=51 54 65 68 36 45 1 48 53 5
split_gain=100243 96476.7 98538.8 91160.4 168518 146354 91816.5 149207 133561 117548
threshold=1.560416666666667 20.850000000000005 1.2182485599000523 0.81022857355872024 0.1546698911230148 28.475000000000005 1.0000000180025095e-35 7.5145833333333343 8.6500000000000004 1.204935972430303
decision_type=2 2 2 2 2 2 2 2 2 2
left_child=1 2 3 4 -1 6 7 -5 9 -8
right_child=-2 -3 -4 5 -6 -7 8 -9 -10 -11
leaf_value=-0.001830980771016695 0.0012304769552394575 -0.0014109994561668404 0.0018165758942534941 -0.00056398283074181798 -0.00020343506082099079 -0.0020435252799707875 -8.2450836669164175e-06 1.1031067087560371e-06 0.00041517621399184921 0.00048440661782021225
leaf_weight=452607.49426269531 215527.37139892578 532243.07070922852 1008907.6277580261 2412348.6566772461 1674526.6646118164 261599.65179443359 33484288.410797119 5812341.583984375 6265104.9787597656 1688779.7219848633
leaf_count=104 72 234 711 605 802 111 11353 1862 2327 550
internal_value=0.000131205 2.17132e-05 0.000191692 -4.82965e-05 -0.00815797 0.000297236 0.000454425 -0.00340608 0.00122066 0.000262235
internal_weight=5.38083e+07 5.35927e+07 5.30605e+07 5.20516e+07 2.12713e+06 4.99245e+07 4.96629e+07 8.22469e+06 4.14382e+07 3.51731e+07
internal_count=18731 18659 18425 17714 906 16808 16697 2467 14230 11903
is_linear=0
shrinkage=0.04


Tree=146
num_leaves=11
num_cat=1
split_feature=40 54 46 36 45 62 66 4 26 0
split_gain=96647.4 164649 152784 146649 140287 215774 174054 152240 148821 198809
threshold=0.15193327989938968 1.0000000180025095e-35 -3.8499999999999992 0.16713035865941933 12.527083333333335 1.1218395954326501 0.058319160940269829 41.500000000000007 6.5000000000000009 0
decision_type=2 2 2 2 2 2 2 2 2 1
left_child=1 2 -1 -2 8 -6 -7 -8 -5 -10
right_child=3 -3 -4 4 5 6 7 -9 9 -11
leaf_value=-0.00024525036294104546 0.00024511435822193594 -0.00031913084464541095 0.00035954237852338258 -0.00015393876197014597 -0.0002231092630058755 0.00072028627767346592 0.00064408697448380039 -0.00019537170354290125 0.00061321391055854017 4.5408921856638805e-05
leaf_weight=1216356.7210693359 6131041.8377990723 2369647.5856933594 1225046.7183837891 4608418.5028686523 18453112.297058105 482478.8876953125 1528071.9827270508 2562402.5220947266 5279537.7481384277 9952160.4292106628
leaf_count=90 1983 307 186 1505 7864 93 725 1108 2004 2866
internal_value=0.000114274 -0.0052957 0.00199453 0.000645483 -0.000182123 -0.00230622 0.0054721 0.00279191 0.00228306 0.00418861
internal_weight=5.38083e+07 4.81105e+06 2.4414e+06 4.89972e+07 4.28662e+07 2.30261e+07 4.57295e+06 4.09047e+06 1.98401e+07 1.52317e+07
internal_count=18731 583 276 18148 16165 9790 1926 1833 6375 4870
cat_boundaries=0 1
cat_threshold=100794496
is_linear=0
shrinkage=0.04


Tree=147
num_leaves=11
num_cat=0
split_feature=51 54 68 45 39 46 34 46 48 52
split_gain=94051.7 91353.8 89457.7 110921 132876 88341.9 115456 107604 98440.7 139483
threshold=1.560416666666667 20.850000000000005 1.1474239465239835 12.527083333333335 0.12450166250830756 18.950000000000003 18.500000000000004 18.650000000000002 12.406250000000002 -3.3499999999999992
decision_type=2 2 2 2 2 2 2 2 2 2
left_child=1 2 5 -4 -5 7 -7 8 -1 -10
right_child=-2 -3 3 4 -6 6 -8 -9 9 -11
leaf_value=2.4199561952591929e-05 0.0012096767863013936 -0.0013448675114239115 0.0016021404580338974 0.00057176297386731846 -6.1213219426406842e-06 0.00072020878048176988 -0.0006141210898562556 0.0011739701711804961 -0.00040420693585059146 6.7496391815355692e-05
leaf_weight=38629900.675811768 215527.37139892578 532243.07070922852 784667.12713623047 622785.83843994141 3818679.7405395508 228077.31610107422 1570496.6578369141 477169.11569213867 4602609.9829711914 2326118.336101532
leaf_count=12555 72 234 403 163 1939 101 542 200 1690 832
internal_value=0.000172796 6.67391e-05 0.000232144 0.00520106 0.00275164 -0.000310737 -0.00900743 2.90388e-05 -0.00016888 -0.0045592
internal_weight=5.38083e+07 5.35927e+07 5.30605e+07 5.22613e+06 4.44147e+06 4.78344e+07 1.79857e+06 4.60358e+07 4.55586e+07 6.92873e+06
internal_count=18731 18659 18425 2505 2102 15920 643 15277 15077 2522
is_linear=0
shrinkage=0.04


Tree=148
num_leaves=11
num_cat=2
split_feature=51 47 30 67 0 1 0 56 67 40
split_gain=93745.1 88299.7 107626 199653 140471 99564.9 140167 216242 200424 219376
threshold=1.560416666666667 34.300000000000004 1.0000000180025095e-35 1.5000000000000002 0 1.0000000180025095e-35 1 0.38500000000000006 125.00000000000001 0.31425909964921267
decision_type=2 2 2 2 1 2 1 2 2 2
left_child=1 2 3 4 -1 -5 -7 8 9 -8
right_child=-2 -3 -4 5 -6 6 7 -9 -10 -11
leaf_value=-0.016065847282846796 0.001161289714849338 -0.0015251525557968078 0.0015121672319578609 -0.00016605905849150781 -0.00044732114667451307 9.5266140541412349e-05 -0.00010016304513410333 0.0010459626277292712 0.00036878013217537457 -0.0011717494567513207
leaf_weight=313575.97979736328 215527.37139892578 215765.88909912109 575092.32470703125 8753571.1524658203 651453.37756347656 29758056.736633301 6718779.5529174805 614020.25903320312 2703486.1459960938 3288946.4431266785
leaf_count=138 72 72 270 2683 293 8524 2991 276 1340 2072
internal_value=0.000215819 0.000109936 0.000213169 2.57162e-05 -0.018001 0.000361321 0.00115151 -0.00225801 -0.00337795 -0.00598852
internal_weight=5.38083e+07 5.35927e+07 5.3377e+07 5.28019e+07 965029 5.18369e+07 4.30833e+07 1.33252e+07 1.27112e+07 1.00077e+07
internal_count=18731 18659 18587 18317 431 17886 15203 6679 6403 5063
cat_boundaries=0 2 3
cat_threshold=131072 262144 33691776
is_linear=0
shrinkage=0.04


Tree=149
num_leaves=11
num_cat=1
split_feature=51 40 46 45 26 36 0 43 65 5
split_gain=93830.6 88519.1 109412 125639 120450 136562 128511 117030 122644 163631
threshold=1.560416666666667 0.13637003285298807 -6.6499999999999995 -9.3708333333333318 5.5000000000000009 0.12537656253765408 0 3.0000000000000004 0.9180320564393436 1.0239625556666898
decision_type=2 2 2 2 2 2 1 2 2 2
left_child=1 -1 3 -3 6 -6 -4 8 -7 -10
right_child=-2 2 4 -5 5 7 -8 -9 9 -11
leaf_value=-0.0002743334769550329 0.0011148381262553644 -0.0015617874051035892 9.7364866032839027e-05 0.0004284113887361745 0.00063021098817433313 -0.00018399330284473521 -0.00054957419774272686 -0.0020573505939470355 1.1799942735853246e-05 0.00049665118519156529
leaf_weight=2109280.8041992188 215527.37139892578 1014567.6027832031 1953786.1927185059 2398226.7161865234 1394482.649597168 10026654.845977783 3522374.896484375 455644.95626831055 24334085.635906219 6383643.5612182617
leaf_count=256 72 170 716 298 429 2976 1398 301 9526 2589
internal_value=0.00020381 9.78786e-05 0.000426928 0.00734749 -6.44031e-05 0.000653531 -0.0056486 0.000236844 0.000462293 0.00171611
internal_weight=5.38083e+07 5.35927e+07 5.14835e+07 3.41279e+06 4.80707e+07 4.25945e+07 5.47616e+06 4.12e+07 4.07444e+07 3.07177e+07
internal_count=18731 18659 18403 468 17935 15821 2114 15392 15091 12115
cat_boundaries=0 1
cat_threshold=33560576
is_linear=0
shrinkage=0.04


Tree=150
num_leaves=11
num_cat=1
split_feature=40 54 46 36 68 45 0 5 50 41
split_gain=96598.2 122471 197173 108703 153577 195405 142430 165640 153248 218952
threshold=0.13779277764131653 1.0000000180025095e-35 -3.1499999999999995 0.19745754037734656 0.97072170590528717 4.5645833333333341 0 1.0123130853103539 12.15 1.6801492654624704e-05
decision_type=2 2 2 2 2 2 1 2 2 2
left_child=1 2 -1 -2 6 -6 7 -5 -9 -10
right_child=3 -3 -4 4 5 -7 -8 8 9 -11
leaf_value=-0.00023050591100064939 0.00010825616242119196 -0.0004797264327003824 0.0006813801195853105 -0.00056263787443863061 0.00074586475521438642 -2.6986399490854413e-06 -0.00046485746554232002 0.0010149739992364251 -0.0011537449857839616 0.0012371697470368354
leaf_weight=1118243.4876708984 16708226.814697266 1329264.2993164062 729821.00061035156 1833076.9555969238 2071704.3176269531 21769373.0128479 6291652.5250968933 701004.33203125 659771.61853027344 596136.86871337891
leaf_count=79 4476 150 101 1069 597 9446 1965 278 166 404
internal_value=0.000199857 -0.00656557 9.4726e-05 0.000624421 -0.000676326 0.00107384 -0.00481512 0.00131062 0.00940392 0.00104099
internal_weight=5.38083e+07 3.17733e+06 1.84806e+06 5.06309e+07 3.39227e+07 2.38411e+07 1.00816e+07 3.78999e+06 1.95691e+06 1.25591e+06
internal_count=18731 330 180 18401 13925 10043 3882 1917 848 570
cat_boundaries=0 1
cat_threshold=100663424
is_linear=0
shrinkage=0.04


Tree=151
num_leaves=11
num_cat=2
split_feature=51 11 63 0 46 56 49 62 0 47
split_gain=93496.4 86365.9 140912 124365 126842 133997 110251 100623 144791 116191
threshold=1.560416666666667 1.0056243078832729 0.053616084021490346 0 15.950000000000001 0.17500000000000004 10.450000000000001 1.1218395954326501 1 13.450000000000001
decision_type=2 2 2 1 2 2 2 2 1 2
left_child=1 6 -3 -4 5 -5 7 -1 9 -9
right_child=-2 2 3 4 -6 -7 -8 8 -10 -11
leaf_value=-0.00010708228618767909 0.0010757349401698518 -0.00011423585085446691 -5.1132802670348046e-05 0.00058155502076458882 -0.00081676592343791078 -0.00098982364748175043 0.00033557812041674754 -0.00076710501954012843 -0.00069706093613507386 0.00051464754149584764
leaf_weight=27267881.582702637 215527.37139892578 7671783.151184082 3802018.3756828308 7969446.4544372559 533975.86187744141 757965.95748901367 1017536.0726928711 388484.45281982422 1396269.0036621094 2787386.9487915039
leaf_count=9200 72 1722 1735 3364 297 261 304 129 826 821
internal_value=0.000250754 0.000145011 0.00216636 0.00469332 0.00719394 0.00835186 -0.00113059 -0.0015448 0.00394664 0.00866642
internal_weight=5.38083e+07 5.35927e+07 2.07352e+07 1.30634e+07 9.26139e+06 8.72741e+06 3.28576e+07 3.184e+07 4.57214e+06 3.17587e+06
internal_count=18731 18659 7379 5657 3922 3625 11280 10976 1776 950
cat_boundaries=0 2 3
cat_threshold=268439552 262144 137218
is_linear=0
shrinkage=0.04


Tree=152
num_leaves=11
num_cat=3
split_feature=51 10 0 65 61 0 40 0 7 59
split_gain=93597.8 92220.9 113403 108668 142406 172167 184409 123304 147308 130992
threshold=1.560416666666667 1.0003643669750428 0 0.93160139341212744 0.99998851579701775 1 0.21868595353056988 2 0.98204702227104856 0.97562252704692176
decision_type=2 2 1 2 2 1 2 1 2 2
left_child=1 2 -1 -3 5 6 -5 8 -6 -10
right_child=-2 3 -4 4 7 -7 -8 -9 9 -11
leaf_value=2.3938973068765006e-05 0.0010327055425630577 -0.00014913581081110055 -0.00022187867978290296 0.0010678543318382659 0.00040808280583181462 3.6247401007691463e-05 0.00060594899218586486 -0.00063355665192527956 -0.00086269099352400769 3.5855478724244255e-05
leaf_weight=12545927.559051514 215527.37139892578 9035444.7680664062 11376973.705410004 1419684.9495849609 3380736.9660949707 3972688.256942749 3319100.9415588379 2542435.7579956055 716569.84927368164 5283185.1073608398
leaf_count=4991 72 2202 3765 319 1056 1447 1408 1673 214 1584
internal_value=0.000236511 0.000130711 -0.00171716 0.00162066 0.00322255 0.00711007 0.0122587 0.000382126 0.00249985 -0.00126285
internal_weight=5.38083e+07 5.35927e+07 2.39229e+07 2.96698e+07 2.06344e+07 8.71147e+06 4.73879e+06 1.19229e+07 9.38049e+06 5.99975e+06
internal_count=18731 18659 8756 9903 7701 3174 1727 4527 2854 1798
cat_boundaries=0 1 2 4
cat_threshold=302121090 100669568 137218 262144
is_linear=0
shrinkage=0.04


Tree=153
num_leaves=11
num_cat=1
split_feature=51 10 0 63 11 54 6 10 12 47
split_gain=93330 87535 98719.9 113006 112947 109517 117881 101341 93089 120989
threshold=1.560416666666667 1.0003643669750428 0 0.034584540690700681 1.0143084396126354 1.1500000000000004 10.761467431692923 1.0000466048655581 0.98271330740076701 12.850000000000001
decision_type=2 2 1 2 2 2 2 2 2 2
left_child=1 2 3 -1 7 -5 -7 8 9 -4
right_child=-2 -3 4 5 -6 6 -8 -9 -10 -11
leaf_value=-0.00023628761675127265 0.00099139732086053539 5.654099348235124e-05 -8.3165785106116791e-05 0.00022401437495046591 -0.00081613595822666908 -0.00053129634023483597 0.00013327978277327511 -0.0013583496073548476 2.5419869550867021e-06 -0.0010990971906272352
leaf_weight=1728824.9692993164 215527.37139892578 29669846.596878052 1932497.2409057617 5775976.8721313477 1396479.8916282654 2423703.8197937012 1076618.5595703125 350468.10864257812 7758962.9842529297 1479368.8182373047
leaf_count=317 72 9903 712 2347 470 1392 175 128 2611 604
internal_value=0.000274171 0.000168523 -0.00163179 0.0011521 -0.00400348 0.00290195 -0.00268109 -0.0027013 -0.00203679 -0.00754323
internal_weight=5.38083e+07 5.35927e+07 2.39229e+07 1.10051e+07 1.29178e+07 9.2763e+06 3.50032e+06 1.15213e+07 1.11708e+07 3.41187e+06
internal_count=18731 18659 8756 4231 4525 3914 1567 4055 3927 1316
cat_boundaries=0 1
cat_threshold=302121088
is_linear=0
shrinkage=0.04


Tree=154
num_leaves=11
num_cat=1
split_feature=51 39 36 12 26 20 0 4 26 27
split_gain=93089.1 88480.6 124598 144848 127151 169542 141684 208371 165424 155889
threshold=1.560416666666667 0.07480678334830089 0.17435074730879535 1.0000004587294755 46.500000000000007 1.0000000180025095e-35 0 24.500000000000004 35.500000000000007 20.500000000000004
decision_type=2 2 2 2 2 2 1 2 2 2
left_child=1 -1 3 -3 6 -6 7 -4 -9 -8
right_child=-2 2 4 -5 5 -7 9 8 -10 -11
leaf_value=-0.00019341322460991758 0.0009517414280261141 2.0678805709389673e-05 -6.3138311676279448e-05 0.0004586450698636667 -2.2686846643800558e-05 -0.00076416567505162812 0.00022109928852321326 0.00063770771404570673 -0.00026868593912648091 -0.00016414081573355439
leaf_weight=4344586.7058105469 215527.37139892578 5251218.3883361816 4388005.2097167969 3007883.3859558105 12096035.976501465 4199846.238861084 5170908.7877197266 4200367.3034362793 772097.33172607422 10161798.533275604
leaf_count=520 72 1652 1595 879 5046 1948 1732 1751 320 3216
internal_value=0.000308084 0.000202571 0.000685309 0.00516746 -0.000217826 -0.00296026 0.001592 0.00546986 0.0110762 -0.000775401
internal_weight=5.38083e+07 5.35927e+07 4.92482e+07 8.2591e+06 4.09891e+07 1.62959e+07 2.46932e+07 9.36047e+06 4.97246e+06 1.53327e+07
internal_count=18731 18659 18139 2531 15608 6994 8614 3666 2071 4948
cat_boundaries=0 1
cat_threshold=33685634
is_linear=0
shrinkage=0.04


Tree=155
num_leaves=11
num_cat=1
split_feature=51 65 66 5 40 0 30 26 39 28
split_gain=92486.4 87240.7 95628.7 162478 113636 169937 196064 161104 187746 126237
threshold=1.560416666666667 0.77861415993795047 0.12780445112349689 1.0123130853103539 0.31425909964921267 0 1.0000000180025095e-35 35.500000000000007 0.16197101468269143 1.0000000180025095e-35
decision_type=2 2 2 2 2 1 2 2 2 2
left_child=1 -1 4 -4 9 -6 7 8 -7 -3
right_child=-2 2 3 -5 5 6 -8 -9 -10 -11
leaf_value=-0.0019927154137029789 0.00091367177090506983 2.4083479417053118e-05 -1.7907945004245107e-06 0.001166936999849662 4.0709784951684129e-05 -0.0014336195277525074 0.0021984951282978658 -0.001844720566675645 0.00013265357755902875 -0.0025583294446692114
leaf_weight=416130.95068359375 215527.37139892578 36982623.955474854 4218103.1854667664 2596582.6278076172 5016733.0277709961 586070.11242675781 284936.45611572266 1753255.6030273438 1415641.7448120117 322670.19775390625
leaf_count=162 72 9756 2829 1665 1679 247 128 1138 953 102
internal_value=0.000393149 0.000287979 0.000430747 0.00485511 -0.000219587 -0.00423877 -0.0103446 -0.012772 -0.00501785 0.000756155
internal_weight=5.38083e+07 5.35927e+07 5.31766e+07 6.81469e+06 4.63619e+07 9.05664e+06 4.0399e+06 3.75497e+06 2.00171e+06 3.73053e+07
internal_count=18731 18659 18497 4494 14003 4145 2466 2338 1200 9858
cat_boundaries=0 1
cat_threshold=6274
is_linear=0
shrinkage=0.04


Tree=156
num_leaves=11
num_cat=3
split_feature=55 42 0 6 52 5 0 0 65 38
split_gain=95608.6 196593 133195 173889 222836 176072 176529 167204 149341 124414
threshold=2.5000000000000004 7.5000000000000036 0 10.461941960935095 -7.0999999999999996 0.98774795522931602 1 2 1.1182103721795078 16.500000000000004
decision_type=2 2 1 2 2 2 1 1 2 2
left_child=2 -2 -1 5 -5 7 -7 -4 9 -6
right_child=1 -3 3 4 8 6 -8 -9 -10 -11
leaf_value=-0.00035996764887427711 -0.00096882575084120213 -2.0042601530023921e-05 -0.0013247983187142426 -0.00047123459740147845 0.00026128669222867494 -8.9754494742011392e-06 0.00081145816423928323 0.00011524232073542321 0.00058820309599586027 -8.0196990324931384e-05
leaf_weight=3210732.6958618164 1785161.8468322754 21307330.995464325 574460.79364013672 1529113.8325195312 1368234.0554199219 3140003.1278076172 8212201.7854309082 3994170.9220275879 454835.2578125 8232029.919921875
leaf_count=1132 846 7697 320 261 259 1624 3375 1930 81 1206
internal_value=0.000288862 -0.00165573 0.00175083 0.00265078 -0.00107777 0.00536372 0.00803227 -0.00126712 0.00108569 2.46055e-05
internal_weight=5.38083e+07 2.30925e+07 3.07158e+07 2.7505e+07 1.15842e+07 1.59208e+07 1.13522e+07 4.56863e+06 1.00551e+07 9.60026e+06
internal_count=18731 8543 10188 9056 1807 7249 4999 2250 1546 1465
cat_boundaries=0 2 3 4
cat_threshold=0 262144 268435458 67108864
is_linear=0
shrinkage=0.04


Tree=157
num_leaves=11
num_cat=0
split_feature=51 65 66 5 41 26 28 46 47 46
split_gain=92630.2 87045.7 81754.7 134416 112597 112973 108339 95841.8 161348 219999
threshold=1.560416666666667 0.77861415993795047 0.12780445112349689 1.0123130853103539 3.9263465062529936e-05 35.500000000000007 1.0000000180025095e-35 -5.6499999999999995 2.5000000000000004 0.45000000000000007
decision_type=2 2 2 2 2 2 2 2 2 2
left_child=1 -1 4 -4 6 -6 7 -3 -9 -10
right_child=-2 2 3 -5 5 -7 -8 8 9 -11
leaf_value=-0.0019299161709566809 0.00089545843173363627 0.00017489113786142282 5.1703541696654669e-06 0.0010968911428811338 -2.2424357173392924e-05 -0.00087868252130112346 -0.0009827856000878927 -0.0002717646837853135 0.00056276503742452215 -7.7931513440829854e-06
leaf_weight=416130.95068359375 215527.37139892578 4083605.6143188477 4218103.1854667664 2596582.6278076172 2669498.7021484375 2148949.4477233887 573570.85339355469 3362108.7017211914 2982021.8280029297 30542175.950073242
leaf_count=162 72 479 2829 1665 1460 1263 187 497 858 9259
internal_value=0.00037283 0.000267578 0.000410187 0.00450103 -0.000191124 -0.00597928 0.000480221 0.000721917 7.81992e-05 0.000915992
internal_weight=5.38083e+07 5.35927e+07 5.31766e+07 6.81469e+06 4.63619e+07 4.81845e+06 4.15435e+07 4.09699e+07 3.68863e+07 3.35242e+07
internal_count=18731 18659 18497 4494 14003 2723 11280 11093 10614 10117
is_linear=0
shrinkage=0.04


Tree=158
num_leaves=11
num_cat=0
split_feature=51 65 19 52 40 1 42 27 49 54
split_gain=92608.5 87075.1 78272.5 117277 94693.8 89543.1 81021.6 176502 174025 149316
threshold=1.560416666666667 0.77861415993795047 1.0000000180025095e-35 -5.6499999999999986 0.11895849047109856 3.5000000000000004 24.500000000000011 50.500000000000007 4.3500000000000005 0.25000000000000006
decision_type=2 2 2 2 2 2 2 2 2 2
left_child=1 -1 4 5 -3 -4 7 8 9 -6
right_child=-2 2 3 -5 6 -7 -8 -9 -10 -11
leaf_value=-0.0018527195241184137 0.00085964009446429083 -0.0021729790891718082 -0.00061223069645532664 -0.0019368840043447492 0.0003465610016395778 0.0018892718362319573 -1.3095197403842346e-05 0.0010112262435827944 -0.00022227292571311172 -0.0007017766589386237
leaf_weight=416130.95068359375 215527.37139892578 303786.2724609375 247432.67541503906 636574.04052734375 5202744.0019836426 237395.08135986328 36677588.276489258 3014636.6309928894 5346926.0959472656 1509533.8354797363
leaf_count=162 72 61 36 387 1377 126 11944 1919 1902 745
internal_value=0.000375901 0.000270661 0.000413294 -0.0100424 0.000638539 0.00477985 0.000769254 0.00323806 0.00107393 0.00536261
internal_weight=5.38083e+07 5.35927e+07 5.31766e+07 1.1214e+06 5.20552e+07 484828 5.17514e+07 1.50738e+07 1.20592e+07 6.71228e+06
internal_count=18731 18659 18497 549 17948 162 17887 5943 4024 2122
is_linear=0
shrinkage=0.04


Tree=159
num_leaves=11
num_cat=1
split_feature=51 30 67 0 54 45 66 1 53 48
split_gain=90351.6 84831.2 138360 183345 125737 123792 91836.4 86166 136573 136304
threshold=1.560416666666667 1.0000000180025095e-35 1.5000000000000002 0 5.6500000000000012 28.475000000000005 0.10709719884318326 1.0000000180025095e-35 8.6500000000000004 7.1520833333333336
decision_type=2 2 2 1 2 2 2 2 2 2
left_child=1 2 3 -1 -5 7 -3 9 -9 -4
right_child=-2 6 5 4 -6 -7 -8 8 -10 -11
leaf_value=-0.015134192467174679 0.00082525449068571914 0.00020640284592101683 -0.00056870194298975683 0.00033168304705745639 -0.002097045701401865 -0.001864846572930273 0.0060078928410332022 6.7450678378720155e-06 0.00038501599679375068 -3.6997365227374811e-05
leaf_weight=313575.97979736328 215527.37139892578 404733.11267089844 1784226.0476074219 503056.34619140625 173813.38781738281 272306.81372070312 192977.82336425781 36553272.844799042 6425440.4005126953 6969345.1048583984
leaf_count=138 72 156 436 231 70 119 122 12710 2430 2247
internal_value=0.000369779 0.00026583 9.68167e-05 -0.014713 -0.00299845 0.00037888 0.0152506 0.000520475 0.00125721 -0.00309679
internal_weight=5.38083e+07 5.35927e+07 5.2995e+07 990446 676870 5.20046e+07 597711 5.17323e+07 4.29787e+07 8.75357e+06
internal_count=18731 18659 18381 439 301 17942 278 17823 15140 2683
cat_boundaries=0 2
cat_threshold=131072 262144
is_linear=0
shrinkage=0.04


Tree=160
num_leaves=11
num_cat=0
split_feature=51 64 11 30 67 45 45 66 54 6
split_gain=90583.9 84177.6 84780.9 72722.2 92529.4 132100 107963 90785.5 72820.8 97997.5
threshold=1.560416666666667 1.952746898887477 0.92174126168155679 1.0000000180025095e-35 1.5000000000000002 17.091666666666672 28.475000000000005 0.10709719884318326 20.850000000000005 10.299235066409116
decision_type=2 2 2 2 2 2 2 2 2 2
left_child=1 2 -1 4 5 -4 8 -5 -6 -10
right_child=-2 -3 3 7 6 -7 -8 -9 9 -11
leaf_value=-0.0006797491391761154 0.00079224431105829078 0.0072992836986147539 -0.013155960957180808 0.00019814673208417595 2.2903809976208393e-05 -0.00013278518099077644 -0.0017450234815527183 0.0055744513633475459 -0.0046790176883194428 -0.00017119219713590487
leaf_weight=1594651.1416625977 215527.37139892578 242389.4317741394 309306.06549072266 404733.11267089844 49610136.011383057 561963.37561035156 259134.43499755859 182343.51177978516 187671.57919311523 240419.19677734375
leaf_count=678 72 177 138 156 16864 232 111 111 135 57
internal_value=0.000336575 0.000232492 0.000125633 0.000405529 0.000244921 -0.0126788 0.000468796 0.0144034 0.000602165 -0.0158243
internal_weight=5.38083e+07 5.35927e+07 5.33504e+07 5.17557e+07 5.11686e+07 871269 5.02974e+07 587077 5.00382e+07 428091
internal_count=18731 18659 18482 17804 17537 370 17167 267 17056 192
is_linear=0
shrinkage=0.04


Tree=161
num_leaves=11
num_cat=2
split_feature=64 68 36 40 26 40 0 27 0 27
split_gain=84268.9 106210 118889 101187 185664 190280 140555 134821 218297 172844
threshold=1.1868943990936061 0.81022857355872024 0.1546698911230148 0.29977661216484358 35.500000000000007 0.35823279125130197 0 23.500000000000004 1 41.500000000000007
decision_type=2 2 2 2 2 2 1 2 1 2
left_child=1 2 -1 7 5 6 -5 -3 9 -9
right_child=-2 3 -4 4 -6 -7 -8 8 -10 -11
leaf_value=-0.002089463439713805 0.00057423046365504297 0.00017835839732348625 -0.00030440251724636526 0.00042189180724556719 -0.00061394686787172087 0.00046836910734170589 -0.00047003838769113114 -0.00076937972256620494 4.4331760424007968e-05 -4.5643438066208372e-05
leaf_weight=452607.49426269531 2521949.908946991 12123807.560913086 1529173.1266479492 1138072.0157775879 6071735.8739929199 4576213.6769104004 2883519.6133422852 2434061.7473144531 16685686.613800049 3391447.6008300781
leaf_count=104 1548 3481 722 611 3466 2286 1010 469 4117 917
internal_value=0.000358116 7.09064e-06 -0.00907225 0.000372035 -0.00241234 0.00136929 -0.00497841 0.00155135 -0.000280126 -0.00694647
internal_weight=5.38083e+07 5.12863e+07 1.98178e+06 4.93045e+07 1.46695e+07 8.59781e+06 4.02159e+06 3.4635e+07 2.25112e+07 5.82551e+06
internal_count=18731 17183 826 16357 7373 3907 1621 8984 5503 1386
cat_boundaries=0 1 3
cat_threshold=33554562 4096 262144
is_linear=0
shrinkage=0.04


Tree=162
num_leaves=11
num_cat=2
split_feature=51 65 66 40 0 28 5 30 6 0
split_gain=90993.9 80883.9 82045.5 134918 217274 120359 117862 143585 120727 119663
threshold=1.560416666666667 0.77861415993795047 0.10498848532459361 0.30323284665384637 0 1.0000000180025095e-35 1.0123130853103539 1.0000000180025095e-35 9.9040710608881088 1
decision_type=2 2 2 2 1 2 2 2 2 1
left_child=1 -1 3 5 -5 -3 7 9 -8 -4
right_child=-2 2 6 4 -6 -7 8 -9 -10 -11
leaf_value=-0.0017373344718145632 0.00075342020272301923 2.5030269100152571e-05 0.00046467583648940975 -0.0012236828522320627 -0.00011134988052783463 -0.0024019780013222946 0.0015128333942849631 0.0049194779357192272 9.3743000444445614e-05 -0.00046419044527488913
leaf_weight=416130.95068359375 215527.37139892578 33676077.012573242 2653194.4810180664 1599623.7946166992 7374044.9507446289 300050.27770996094 1996813.5653381348 225539.66967773438 1681491.3310546875 3669781.827922821
leaf_count=162 72 8321 1189 619 3095 88 1589 132 610 2854
internal_value=0.000278073 0.000173755 0.000311223 -0.000455462 -0.00481776 0.000696697 0.00353108 0.000312759 0.00926065 -0.000805937
internal_weight=5.38083e+07 5.35927e+07 5.31766e+07 4.29498e+07 8.97367e+06 3.39761e+07 1.02268e+07 6.54852e+06 3.6783e+06 6.32298e+06
internal_count=18731 18659 18497 12123 3714 8409 6374 4175 2199 4043
cat_boundaries=0 2 3
cat_threshold=67239936 262144 137218
is_linear=0
shrinkage=0.04


Tree=163
num_leaves=11
num_cat=2
split_feature=51 39 39 45 0 61 52 4 4 0
split_gain=85856.7 88719.5 116008 152805 212532 164390 147273 133769 129221 146112
threshold=0.92291666666666672 0.078179314522127757 0.098399621101406085 12.527083333333335 0 1.0353660000217539 -4.4000000000000004 7.5000000000000009 13.500000000000002 1
decision_type=2 2 2 2 1 2 2 2 2 1
left_child=1 -1 6 4 5 7 -3 -4 -5 -10
right_child=-2 2 3 8 -6 -7 -8 -9 9 -11
leaf_value=-0.00017845186926040543 0.00025566495420632855 0.00041076234274667767 -7.0359342157023751e-05 0.00014488026874780166 -1.9611981234250406e-07 -0.0016582126005928747 -6.667049997397712e-05 0.00065363168908752251 -0.00076315327544676374 -0.00013370064108360089
leaf_weight=4467421.4333496094 4061276.9272155762 2053857.1226806641 703076.02490234375 4653428.3475646973 15769987.612133026 304268.31286621094 1422404.561340332 3539642.9923706055 3605894.7270507812 13227017.171264648
leaf_count=550 1386 456 247 2040 4735 220 260 1476 1733 5628
internal_value=0.000245978 -0.000210554 0.000320042 -0.000263812 0.00222319 0.00984213 0.00734106 0.0118789 -0.00261546 -0.00424645
internal_weight=5.38083e+07 4.9747e+07 4.52796e+07 4.18033e+07 2.0317e+07 4.54699e+06 3.47626e+06 4.24272e+06 2.14863e+07 1.68329e+07
internal_count=18731 17345 16795 16079 6678 1943 716 1723 9401 7361
cat_boundaries=0 1 3
cat_threshold=100794368 67108864 262144
is_linear=0
shrinkage=0.04


Tree=164
num_leaves=11
num_cat=1
split_feature=64 51 11 63 48 62 0 47 37 4
split_gain=83941.3 79537.2 75837.2 120112 114999 99266.7 124706 116338 145385 118570
threshold=0.76840813574316325 1.560416666666667 1.0056243078832729 0.053616084021490346 7.9708333333333341 1.1218395954326501 0 13.550000000000002 4.3137125966005051e-06 41.500000000000007
decision_type=2 2 2 2 2 2 1 2 2 2
left_child=-1 2 5 -4 -5 -2 7 -7 -9 -10
right_child=1 -3 3 4 -6 6 -8 8 9 -11
leaf_value=-0.0079560227116957302 -6.9940226231301689e-05 0.00071305679644584547 -8.7441644103697602e-05 0.00049297360110639216 5.5541555249172225e-05 -0.00054101789955759874 -0.00082223673153411286 0.0006267303532509884 0.00065703847520277652 -0.00017849716339910274
leaf_weight=314807.935546875 27771821.160522461 215527.37139892578 7612379.9844360352 5343114.4109077454 7697047.682182312 515888.55377197266 835933.44580078125 1133585.3177490234 850099.20843505859 1518070.1619873047
leaf_count=160 9279 72 1697 2121 3525 186 583 318 288 502
internal_value=0.000254859 0.000376061 0.000277956 0.00217474 0.00450543 -0.00092275 0.00435507 0.0072797 0.00989231 0.00425329
internal_weight=5.38083e+07 5.34935e+07 5.32779e+07 2.06525e+07 1.30402e+07 3.26254e+07 4.85358e+06 4.01764e+06 3.50175e+06 2.36817e+06
internal_count=18731 18571 18499 7343 5646 11156 1877 1294 1108 790
cat_boundaries=0 2
cat_threshold=137218 262144
is_linear=0
shrinkage=0.04


Tree=165
num_leaves=11
num_cat=2
split_feature=30 67 0 54 45 66 54 6 65 0
split_gain=80878.2 120690 198186 106092 101600 86187.9 82274.8 94660 81035.9 214205
threshold=1.0000000180025095e-35 1.5000000000000002 0 5.6500000000000012 28.475000000000005 0.10709719884318326 20.850000000000005 10.299235066409116 1.1292694032844366 1
decision_type=2 2 1 2 2 2 2 2 2 1
left_child=1 2 -1 -4 6 -2 8 -8 -3 -10
right_child=5 4 3 -5 -6 -7 7 -9 9 -11
leaf_value=-0.013722359667727493 0.00023918039397462392 4.1844176876970442e-06 0.00035988570354514798 -0.0014829567562165314 -0.0016767944069149799 0.0053069112711330458 -0.0040656395533892617 -0.00021025047813591773 0.00046679227420900869 -0.00065838782834505615
leaf_weight=313575.97979736328 404733.11267089844 45658470.803222656 503056.34619140625 173813.38781738281 272306.81372070312 192977.82336425781 208682.78897094727 244235.47705078125 4356050.8901367188 1480371.8097953796
leaf_count=138 156 15004 231 70 119 122 146 58 1567 1120
internal_value=0.000287128 0.000122764 -0.0137096 -0.00153025 0.000385124 0.0149189 0.00051287 -0.0164607 0.000662166 0.00510033
internal_weight=5.38083e+07 5.32106e+07 990446 676870 5.22201e+07 597711 5.19478e+07 452918 5.14949e+07 5.83642e+06
internal_count=18731 18453 439 301 18014 278 17895 204 17691 2687
cat_boundaries=0 2 3
cat_threshold=131072 262144 137346
is_linear=0
shrinkage=0.04


Tree=166
num_leaves=11
num_cat=1
split_feature=51 11 63 48 11 11 27 52 0 37
split_gain=80378.7 81363.5 111808 108404 101218 94504.2 90242 166020 200216 123276
threshold=1.560416666666667 1.0056243078832729 0.053616084021490346 7.9708333333333341 1.0057709626776676 1.0057709626776676 23.500000000000004 -4.4000000000000004 0 1.2641296701918651e-05
decision_type=2 2 2 2 2 2 2 2 1 2
left_child=1 6 -3 4 -4 -5 7 9 -9 -1
right_child=-2 2 3 5 -6 -7 -8 8 -10 -11
leaf_value=0.00036979023286827463 0.00066586283361965109 -8.6579708745895739e-05 0.00034104843208904634 -0.0010921917534585347 0.00045247585358600177 8.7048356947594282e-05 -0.00011877808959688181 0.00029876594695326346 -0.00054623919253486198 -4.0749499702842675e-05
leaf_weight=4219606.9619140625 215527.37139892578 7671783.151184082 320058.11901855469 173597.28076171875 5029466.5853462219 7540284.6643600464 21896020.118347168 1502975.4208374023 2469494.0936889648 2769461.4658813477
leaf_count=1217 72 1722 32 23 2093 3509 7499 446 875 1243
internal_value=0.000247841 0.000149796 0.00211173 0.00436266 0.00873821 0.00132823 -0.00108831 0.00187443 -0.00465512 0.00558572
internal_weight=5.38083e+07 5.35927e+07 2.07352e+07 1.30634e+07 5.34952e+06 7.71388e+06 3.28576e+07 1.09615e+07 3.97247e+06 6.98907e+06
internal_count=18731 18659 7379 5657 2125 3532 11280 3781 1321 2460
cat_boundaries=0 2
cat_threshold=4224 262144
is_linear=0
shrinkage=0.04


Tree=167
num_leaves=11
num_cat=0
split_feature=64 64 19 52 1 51 6 40 52 54
split_gain=75113.5 73486.3 74902.6 119899 93646 79334.2 103955 116812 89823.5 88127.5
threshold=0.76840813574316325 1.952746898887477 1.0000000180025095e-35 -5.6499999999999986 3.5000000000000004 -0.56041666666666645 10.85181455391756 0.20971586462826722 -3.4499999999999997 0.45000000000000007
decision_type=2 2 2 2 2 2 2 2 2 2
left_child=-1 2 5 4 -4 6 7 -2 9 -9
right_child=1 -3 3 -5 -6 -7 -8 8 -10 -11
leaf_value=-0.0076331980563515344 0.00036728469179589352 0.0069953626061305596 -0.0005407174742569432 -0.0019784661346866827 0.0018879541885017301 3.3706145006183641e-05 -0.00035720199062320599 9.6353671934360166e-05 0.00046426677723554726 -0.00062345422261051114
leaf_weight=314807.935546875 1353726.9938354492 242389.4317741394 247432.67541503906 623370.93139648438 231215.21783447266 44538084.299316406 839353.490234375 1651476.1651000977 458440.13342285156 3307977.9588623047
leaf_count=160 349 177 36 381 123 14844 124 784 223 1530
internal_value=0.000293263 0.000407915 0.000307886 -0.0100119 0.00504505 0.000525968 -0.00324812 -0.00160226 -0.00422833 -0.00579424
internal_weight=5.38083e+07 5.34935e+07 5.32511e+07 1.10202e+06 478648 5.21491e+07 7.61097e+06 6.77162e+06 5.41789e+06 4.95945e+06
internal_count=18731 18571 18394 540 159 17854 3010 2886 2537 2314
is_linear=0
shrinkage=0.04


Tree=168
num_leaves=11
num_cat=1
split_feature=64 68 36 36 36 20 0 49 36 48
split_gain=75669 91568.4 126890 90086.9 87896.4 140631 143300 130834 129669 117793
threshold=1.1868943990936061 0.81022857355872024 0.1546698911230148 0.42316641612099853 0.19745754037734656 1.0000000180025095e-35 0 8.1500000000000004 0.20711444460619918 6.8708333333333345
decision_type=2 2 2 2 2 2 1 2 2 2
left_child=1 2 -1 -4 9 8 7 -7 -6 -3
right_child=-2 4 3 -5 5 6 -8 -9 -10 -11
leaf_value=-0.0018010244270468207 0.00058862966220062053 -7.5382058286944638e-05 8.3309079620117653e-06 -0.013199986872930336 -0.00039871850088770441 0.00012421607665775937 -0.00087509758535592283 -0.0016881586472642311 9.2854998827254686e-05 0.00011780905751296234
leaf_weight=452607.49426269531 2521949.908946991 6161744.5102844238 1378683.069519043 150490.05712890625 2657802.4666137695 3499225.2289428711 3504302.8574829102 510027.10678100586 19998246.591278076 12973195.941497803
leaf_count=104 1548 1246 623 99 707 1570 1421 249 7827 3337
internal_value=0.000286821 -4.58105e-05 -0.00847616 -0.00296948 0.000293048 -0.00105198 -0.00579423 -0.000629691 0.000520726 0.00241372
internal_weight=5.38083e+07 5.12863e+07 1.98178e+06 1.52917e+06 4.93045e+07 3.01696e+07 7.51356e+06 4.00925e+06 2.2656e+07 1.91349e+07
internal_count=18731 17183 826 722 16357 11774 3240 1819 8534 4583
cat_boundaries=0 1
cat_threshold=302123136
is_linear=0
shrinkage=0.04


Tree=169
num_leaves=11
num_cat=1
split_feature=11 27 37 65 67 67 7 0 67 58
split_gain=75527.6 103416 126306 190951 119098 136347 122621 122901 142110 112328
threshold=1.0056243078832729 23.500000000000004 2.6528016137004538e-05 1.0422677179553077 120.00000000000001 113.50000000000001 0.99422487441803609 0 73.500000000000014 1.1323567508631713
decision_type=2 2 2 2 2 2 2 1 2 2
left_child=1 2 -1 -4 5 6 7 -3 -9 -5
right_child=-2 4 3 9 -6 -7 -8 8 -10 -11
leaf_value=0.00015452892146147147 9.2764734684776172e-05 0.00018832045478214902 -0.00075804778435452195 0.0015503733106440279 3.7952736133571809e-05 -0.00088110777455253323 -0.00032936250377466471 2.4913305753569852e-05 -0.0015565936305445517 -0.00039890838833294719
leaf_weight=8805936.5198364258 20768152.440074921 3719394.5863647461 1462464.5317687988 596610.21237182617 8024494.0031738281 1380207.9411621094 6173623.224609375 1674800.2271118164 923500.13592529297 279091.41033935547
leaf_count=2672 7389 1160 728 340 2503 432 1835 1017 552 103
internal_value=0.000304729 -0.000883408 0.00225344 -0.00601072 -0.00247992 -0.00472368 -0.00340544 0.000512242 -0.00616269 0.00876144
internal_weight=5.38083e+07 3.30401e+07 1.11441e+07 2.33817e+06 2.1896e+07 1.38715e+07 1.24913e+07 6.31769e+06 2.5983e+06 875702
internal_count=18731 11342 3843 1171 7499 4996 4564 2729 1569 443
cat_boundaries=0 1
cat_threshold=137218
is_linear=0
shrinkage=0.04


Tree=170
num_leaves=11
num_cat=3
split_feature=30 67 0 51 6 46 46 0 54 0
split_gain=73508.5 118228 201402 89223.1 136629 80170.2 150048 178465 114529 108389
threshold=1.0000000180025095e-35 1.5000000000000002 0 0.40625000000000028 9.797137984899944 18.850000000000005 18.550000000000004 1 7.7500000000000009 2
decision_type=2 2 1 2 2 2 2 1 2 1
left_child=1 2 -1 4 -4 6 8 -8 -3 -7
right_child=-2 5 3 -5 -6 9 7 -9 -10 -11
leaf_value=-0.012696881965844169 0.0012082527743161905 2.6809768414560657e-05 0.0009406223701531848 0.00064370224042204741 -0.00079045972828243206 0.00046437334096582509 -0.00027706246708217324 0.0014031452924998236 -0.0004258424333512903 -0.00063290990479139444
leaf_weight=313575.97979736328 597710.93603515625 47109780.335796356 158314.76000976562 162518.64123535156 356036.33276367188 395691.26391601562 255199.58502197266 473845.98120117188 2280228.8284301758 1705372.5885314941
leaf_count=138 278 15952 101 71 129 112 165 126 937 722
internal_value=0.000350056 0.00019336 -0.0134972 -0.00121946 -0.00938289 0.00045303 0.000773928 0.0187879 0.000508016 -0.00720166
internal_weight=5.38083e+07 5.32106e+07 990446 676870 514351 5.22201e+07 5.01191e+07 729046 4.939e+07 2.10106e+06
internal_count=18731 18453 439 301 230 18014 17180 291 16889 834
cat_boundaries=0 2 3 4
cat_threshold=131072 262144 369098882 4096
is_linear=0
shrinkage=0.04


Tree=171
num_leaves=11
num_cat=1
split_feature=65 66 40 0 28 5 30 54 6 26
split_gain=72365.7 74464.8 134364 195397 115363 103400 118523 115683 107091 101408
threshold=0.77861415993795047 0.10498848532459361 0.29977661216484358 0 1.0000000180025095e-35 1.0123130853103539 1.0000000180025095e-35 1.6500000000000001 9.9146324506829728 30.500000000000004
decision_type=2 2 2 1 2 2 2 2 2 2
left_child=-1 2 4 -4 -2 6 7 -3 -7 -5
right_child=1 5 3 9 -6 8 -8 -9 -10 -11
leaf_value=-0.0015891861418421921 2.5486462607741627e-05 0.00027301707977930482 -0.0011220855388340905 8.2953255326172142e-05 -0.0023009249238826091 0.0013249561029020096 0.0043867123985477634 -0.00058883585569540094 4.6869398703374083e-05 -0.0005574905020698796
leaf_weight=416130.95068359375 33232284.712524414 4189189.9052391052 1609009.032409668 5237489.7967529297 300050.27770996094 2154991.7823791504 225539.66967773438 2146566.8683013916 1523313.1140136719 2773709.123046875
leaf_count=162 8165 2702 623 2007 88 1656 132 1348 543 1305
internal_value=0.00034757 0.000477075 -0.000250596 -0.00441773 0.000944929 0.00354368 0.000534082 -0.000480291 0.00891212 -0.0018629
internal_weight=5.38083e+07 5.33921e+07 4.31525e+07 9.62021e+06 3.35323e+07 1.02396e+07 6.5613e+06 6.33576e+06 3.6783e+06 8.0112e+06
internal_count=18731 18569 12188 3935 8253 6381 4182 4050 2199 3312
cat_boundaries=0 2
cat_threshold=67239936 262144
is_linear=0
shrinkage=0.04


Tree=172
num_leaves=11
num_cat=1
split_feature=64 68 36 36 36 20 0 48 54 52
split_gain=70833.3 95301 125847 88777.2 81995 136439 128927 215094 176168 144868
threshold=1.1868943990936061 0.81022857355872024 0.1546698911230148 0.42736914688561284 0.19745754037734656 1.0000000180025095e-35 0 6.8708333333333345 1.0000000180025095e-35 -1.55
decision_type=2 2 2 2 2 2 1 2 2 2
left_child=1 2 -1 -4 6 -6 8 -8 9 -3
right_child=-2 4 3 -5 5 -7 7 -9 -10 -11
leaf_value=-0.0016102455940715606 0.00058303233605258554 0.0012490647809712482 -1.936786440687936e-05 -0.012087310087258553 2.7332675923248726e-05 -0.00040300548540209608 -0.00028585966534057844 8.3997285109347686e-05 -3.8199420424243879e-05 -0.0013307723228100743
leaf_weight=452607.49426269531 2521949.908946991 1318690.9194641113 1379406.8472900391 149766.27935791016 22656049.057891846 7513555.1932067871 4972676.6788330078 11129548.190795898 1424598.2557067871 289426.40698242188
leaf_count=104 1548 445 624 98 8534 3240 951 2596 572 19
internal_value=0.000369458 4.76306e-05 -0.00855283 -0.00306884 0.000393327 -0.000905762 0.00244157 0.00101663 0.0100072 0.019081
internal_weight=5.38083e+07 5.12863e+07 1.98178e+06 1.52917e+06 4.93045e+07 3.01696e+07 1.91349e+07 1.61022e+07 3.03272e+06 1.60812e+06
internal_count=18731 17183 826 722 16357 11774 4583 3547 1036 464
cat_boundaries=0 1
cat_threshold=100665344
is_linear=0
shrinkage=0.04


Tree=173
num_leaves=11
num_cat=2
split_feature=65 5 62 0 6 0 61 26 40 65
split_gain=78888.3 164005 176732 163337 144102 142345 216783 112537 101661 101390
threshold=0.92844415641771816 1.0239625556666898 0.96628855926908985 0 9.9040710608881088 1 1.0051357309768005 47.500000000000007 0.25649469928783519 1.1292694032844366
decision_type=2 2 2 1 2 1 2 2 2 2
left_child=3 2 -2 -1 -3 6 8 -5 -4 -7
right_child=1 4 5 7 -6 9 -8 -9 -10 -11
leaf_value=-0.00059529987564169032 -0.00068251362803860402 0.0015554447258801446 0.0021993644496824381 4.4689968058096878e-05 0.00011137749201184662 1.7796964922423725e-05 -0.00096334588693533854 -0.000477532038143495 5.3180947177036126e-05 0.00032858256077318896
leaf_weight=3454870.0302734375 1931271.1516113281 1979591.2818908691 332949.97039794922 10585838.111480713 4859333.4750976562 19731248.942443848 3034629.2376708984 1764735.5170898438 989451.68005371094 5144355.834728241
leaf_count=822 843 1389 130 3195 1084 5587 2497 507 807 1870
internal_value=0.000319413 0.00130714 7.61643e-05 -0.00205549 0.00691649 0.000850415 -0.00581898 9.51776e-05 0.00769695 0.00201858
internal_weight=5.38083e+07 3.80028e+07 3.11639e+07 1.58054e+07 6.83892e+06 2.92326e+07 4.35703e+06 1.23506e+07 1.3224e+06 2.48756e+07
internal_count=18731 14207 11734 4524 2473 10891 3434 3702 937 7457
cat_boundaries=0 2 3
cat_threshold=4096 262144 369098752
is_linear=0
shrinkage=0.04


Tree=174
num_leaves=11
num_cat=1
split_feature=68 49 0 28 67 4 51 46 27 6
split_gain=77727.9 156441 126824 213587 164758 161378 107155 116763 175885 165646
threshold=0.95612081005470906 10.450000000000001 0 1.0000000180025095e-35 37.500000000000007 3.5000000000000004 0.98125000000000018 10.450000000000001 3.5000000000000004 9.8782113518469661
decision_type=2 2 1 2 2 2 2 2 2 2
left_child=2 6 -1 4 5 -4 7 8 -2 -10
right_child=1 -3 3 -5 -6 -7 -8 -9 9 -11
leaf_value=0.00026064095382615919 -0.00047736043303559758 0.00057558598559135233 -0.0023290715340856913 -0.011575697679127981 -0.00049573523055466582 1.9248386304136882e-05 0.00042762712375235844 -8.1689263324224591e-05 0.0010250589259910041 8.2354058893276802e-05
leaf_weight=4620756.9684143066 1953530.7354431152 944992.82525634766 742090.50982666016 351335.48615646362 2770109.071105957 9166086.9334106445 2196806.5903625488 17735308.53326416 2610333.8207092285 10716923.758789062
leaf_count=2220 779 332 134 200 670 2189 756 7175 1750 2526
internal_value=0.000314035 0.00137622 -0.00186191 -0.00388109 -0.00302853 -0.000617481 0.000945194 0.000376013 0.00293871 0.00458172
internal_weight=5.38083e+07 3.61579e+07 1.76504e+07 1.30296e+07 1.26783e+07 9.90818e+06 3.52129e+07 3.30161e+07 1.52808e+07 1.33273e+07
internal_count=18731 13318 5413 3193 2993 2323 12986 12230 5055 4276
cat_boundaries=0 1
cat_threshold=100663424
is_linear=0
shrinkage=0.04


Tree=175
num_leaves=11
num_cat=1
split_feature=10 65 9 20 55 45 27 0 59 50
split_gain=71958.8 107207 126884 96471.3 103354 125581 102991 103748 90208.4 79290.5
threshold=1.0003643669750428 0.93160139341212744 0.97795620551568074 1.0000000180025095e-35 1.5000000000000002 14.99375 38.500000000000007 0 0.94097643044167112 16.550000000000004
decision_type=2 2 2 2 2 2 2 1 2 2
left_child=-1 2 -2 4 -3 8 7 9 -6 -7
right_child=1 3 -4 -5 5 6 -8 -9 -10 -11
leaf_value=-4.5834285839495155e-05 0.0006335327737807178 0.0004708198602688512 -0.00013681285279398058 -9.0075161732537567e-05 0.00076712188356400587 0.0007364952367774673 -0.00035357549129067482 -0.0004422665300764965 0.00022430283647035363 -2.3207685423168445e-05
leaf_weight=24020548.910030365 1256821.3355102539 7147524.7517700195 7778623.4325561523 5369720.5747833252 499266.51666259766 578990.39031982422 2172605.2510070801 1050767.7168579102 3407608.2261047363 525798.12713623047
leaf_count=8790 614 2524 1588 2166 212 159 841 521 1150 166
internal_value=0.000307535 0.00162109 -0.00201563 0.00320451 0.00481585 0.00176124 -0.00293177 0.00326289 0.0069603 0.0118209
internal_weight=5.38083e+07 2.97877e+07 9.03544e+06 2.07523e+07 1.53826e+07 8.23504e+06 4.32816e+06 2.15556e+06 3.90687e+06 1.10479e+06
internal_count=18731 9941 2202 7739 5573 3049 1687 846 1362 325
cat_boundaries=0 2
cat_threshold=133120 262144
is_linear=0
shrinkage=0.04


Tree=176
num_leaves=11
num_cat=1
split_feature=1 48 63 20 0 26 63 53 68 49
split_gain=76878.4 118754 119540 101418 201097 168474 147758 144969 144394 128241
threshold=1.0000000180025095e-35 7.1520833333333336 0.052974463520422142 1.0000000180025095e-35 0 47.500000000000007 0.034584540690700681 6.2500000000000027 1.1195155824043741 10.450000000000001
decision_type=2 2 2 2 1 2 2 2 2 2
left_child=1 2 -1 7 5 6 -5 9 -9 -2
right_child=3 -3 -4 4 -6 -7 -8 8 -10 -11
leaf_value=-0.00054555083893719186 -4.948175083216504e-05 -1.4812607413852697e-05 -0.00056377869830035734 -0.0001612022497719626 -0.00042290143384963444 -0.00035826507390326808 0.00032072244448550988 0.00012444916901542373 0.0006552433418946632 0.00035837248624288914
leaf_weight=760206.44580078125 15353580.183017731 7058413.794921875 1108985.1462402344 808667.07385253906 6831446.951789856 2643821.9740905762 4444732.2647705078 10649300.420562744 2948934.4538269043 1200186.5238647461
leaf_count=92 4871 2286 376 192 3125 944 1364 3898 1214 369
internal_value=0.000264717 -0.00312528 -0.0120901 0.000939052 -0.00178154 0.00256557 0.00671018 0.00226801 0.00532818 -0.000245801
internal_weight=5.38083e+07 8.92761e+06 1.86919e+06 4.48807e+07 1.47287e+07 7.89722e+06 5.2534e+06 3.0152e+07 1.35982e+07 1.65538e+07
internal_count=18731 2754 468 15977 5625 2500 1556 10352 5112 5240
cat_boundaries=0 1
cat_threshold=33687680
is_linear=0
shrinkage=0.04


Tree=177
num_leaves=11
num_cat=1
split_feature=68 49 0 28 67 47 45 56 5 14
split_gain=73122.5 141767 120863 207361 148205 143173 176557 157210 122406 100076
threshold=0.95612081005470906 10.450000000000001 0 1.0000000180025095e-35 37.500000000000007 2.5000000000000004 -1.2249999999999999 1.4700000000000002 1.204935972430303 1.0000000180025095e-35
decision_type=2 2 1 2 2 2 2 2 2 2
left_child=2 -2 -1 4 5 6 -4 9 -6 -7
right_child=1 -3 3 -5 8 7 -8 -9 -10 -11
leaf_value=0.00023030316706363054 3.1788562692905631e-05 0.00052223242924217433 -4.5679451409562427e-05 -0.0110885363577371 -0.00067494223273292841 0.00010273582789057331 -0.00087006253034567667 0.00040851704729854237 2.3442840307711055e-05 -0.00043708471623625896
leaf_weight=4620756.9684143066 35212903.438568115 944992.82525634766 2874792.3660888672 351335.48615646362 2035160.7112426758 4719875.1624145508 700805.81958007812 454711.85394287109 734948.35986328125 1157992.2412109375
leaf_count=2220 12986 332 299 200 528 1561 88 91 142 284
internal_value=0.000262023 0.00129226 -0.00184848 -0.00381963 -0.00297959 -0.000692863 -0.0070918 0.00292022 -0.0111587 0.00116723
internal_weight=5.38083e+07 3.61579e+07 1.76504e+07 1.30296e+07 1.26783e+07 9.90818e+06 3.5756e+06 6.33258e+06 2.77011e+06 5.87787e+06
internal_count=18731 13318 5413 3193 2993 2323 387 1936 670 1845
cat_boundaries=0 1
cat_threshold=100663424
is_linear=0
shrinkage=0.04


Tree=178
num_leaves=11
num_cat=0
split_feature=39 27 52 52 26 45 1 36 7 26
split_gain=71820.7 121729 161547 287337 163108 155776 113940 113004 120929 115819
threshold=0.078179314522127757 41.500000000000007 -4.1499999999999995 -2.25 9.5000000000000018 11.487500000000002 2.5000000000000004 0.18838882885034847 0.99159607847421283 2.5000000000000004
decision_type=2 2 2 2 2 2 2 2 2 2
left_child=1 2 4 -4 -1 6 -6 8 -2 -10
right_child=7 -3 3 -5 5 -7 -8 -9 9 -11
leaf_value=0.00056572530498034035 0.00050454217721190907 -0.00043232372395553216 -0.00039688205688612687 0.00011721500533612586 -0.00060593226156966773 0.00034872239981089141 5.8166827485926214e-05 -1.0903548928651447e-05 -0.00076602493706236284 0.00011626668739390031
leaf_weight=483548.73559570312 1828790.040222168 848939.94946289062 1110563.5217285156 822104.89794921875 503596.5283203125 507655.25756835938 618099.759765625 38297901.279064178 658776.90850830078 8128298.3545532227
leaf_count=54 668 125 133 53 53 85 109 14930 242 2279
internal_value=0.000274651 -0.00434512 -0.00145539 -0.00981291 0.00618925 0.000134755 -0.00818573 0.000736926 0.00438867 0.00244103
internal_weight=5.38083e+07 4.89451e+06 4.04557e+06 1.93267e+06 2.1129e+06 1.62935e+06 1.1217e+06 4.89138e+07 1.06159e+07 8.78708e+06
internal_count=18731 612 487 186 301 247 162 18119 3189 2521
is_linear=0
shrinkage=0.04


Tree=179
num_leaves=11
num_cat=2
split_feature=40 52 26 36 0 43 45 66 0 65
split_gain=77969 96237.9 83219.9 123763 107114 102027 99702.9 173748 235316 224025
threshold=0.13637003285298807 -5.2499999999999982 5.5000000000000009 0.12537656253765408 0 3.0000000000000004 12.527083333333335 0.053454616735755897 1 0.94984390611338132
decision_type=2 2 2 2 1 2 2 2 1 2
left_child=1 -1 4 -4 -2 6 7 -5 -9 -10
right_child=2 -3 3 5 -6 -7 -8 8 9 -11
leaf_value=9.8185512951551077e-05 7.9974552869119738e-05 -0.00035856830732890823 0.00053076922200496546 -5.3157852653232443e-05 -0.00038391100785129835 -0.001614866960726499 -2.5987224309344049e-05 0.00054980541154625335 -0.00016128275236317792 0.00056201913578027036
leaf_weight=744426.80700683594 2374188.998260498 1364853.9971923828 1407597.979675293 4780277.2207641602 4154886.5148925781 455644.95626831055 24811483.024658203 4304759.2152099609 5716461.5085449219 3693695.0102653503
leaf_count=104 775 152 431 716 1502 301 9921 1912 1673 1244
internal_value=0.000281252 -0.00725696 0.000588808 0.00119895 -0.00363234 0.000823442 0.00102155 0.00324452 0.00553339 0.0019896
internal_weight=5.38083e+07 2.10928e+06 5.1699e+07 4.51699e+07 6.52908e+06 4.37623e+07 4.33067e+07 1.84952e+07 1.37149e+07 9.41016e+06
internal_count=18731 256 18475 16198 2277 15767 15466 5545 4829 2917
cat_boundaries=0 1 2
cat_threshold=33560576 100794370
is_linear=0
shrinkage=0.04


Tree=180
num_leaves=11
num_cat=1
split_feature=64 67 65 34 34 40 26 40 0 55
split_gain=68112.7 84037.3 182340 84122.3 82587 82387 203561 177119 147201 128461
threshold=1.1868943990936061 1.0000000180025095e-35 0.99198639638231556 70.000000000000014 12.500000000000002 0.29977661216484358 35.500000000000007 0.35823279125130197 0 2.5000000000000004
decision_type=2 2 2 2 2 2 2 2 1 2
left_child=1 2 -1 -3 -4 -5 7 -7 -8 -10
right_child=-2 3 4 5 -6 6 8 -9 9 -11
leaf_value=-0.010270734408151164 0.00050134366995684013 0.0013200275049240768 0.00043404927141875042 3.1464927935745565e-05 -0.00068515903465298802 -0.00021975005503412944 1.3121479224590681e-05 0.00046458188457642626 -0.00055007566515709002 -0.0020085133886177751
leaf_weight=297955.53918457031 2521949.908946991 337884.50952148438 485197.09265136719 35248024.975067139 353036.37518310547 4022013.0735778809 2088981.4451904297 4588381.3786315918 2262922.8719787598 1601928.0628051758
leaf_count=120 1548 189 218 9139 154 1622 812 2307 1550 1072
internal_value=0.000259705 -5.58815e-05 -0.0108132 0.000187837 -0.00125924 5.29067e-05 -0.00247782 0.00145452 -0.00816472 -0.0127887
internal_weight=5.38083e+07 5.12863e+07 1.13619e+06 5.01501e+07 838233 4.98123e+07 1.45642e+07 8.61039e+06 5.95383e+06 3.86485e+06
internal_count=18731 17183 492 16691 372 16502 7363 3929 3434 2622
cat_boundaries=0 1
cat_threshold=137218
is_linear=0
shrinkage=0.04


Tree=181
num_leaves=11
num_cat=0
split_feature=6 52 53 48 49 6 46 53 47 52
split_gain=72330.2 155995 156924 193557 265697 151166 168614 135425 119660 110763
threshold=10.884212208011837 -1.95 2.0500000000000007 6.8708333333333345 4.1500000000000012 10.743515546292906 18.950000000000003 3.5000000000000013 12.100000000000001 -5.049999999999998
decision_type=2 2 2 2 2 2 2 2 2 2
left_child=5 2 -2 -4 -5 -1 9 -6 -9 -7
right_child=1 -3 3 4 7 6 -8 8 -10 -11
leaf_value=5.6051389276741664e-06 -0.00066050729463730258 0.00051683983581682423 -0.00030165595472933954 0.00043766505171364731 0.00011723854674883119 0.00040649568696787613 -0.00043354237854387678 -0.00063015849539618839 -6.9663007628280928e-05 8.5543023329408898e-05
leaf_weight=43929960.256175995 579326.29248046875 659808.0673828125 1478625.3862304688 913671.810546875 613548.09033203125 1397712.255859375 467062.7705078125 479046.267578125 1226173.5336914062 2063340.501953125
leaf_count=17319 68 60 160 122 76 240 81 68 185 352
internal_value=0.000246099 -0.00391307 -0.00620033 -0.00378447 0.00169918 0.00076321 0.00828111 -0.00549955 -0.011298 0.0113255
internal_weight=5.38083e+07 5.9502e+06 5.29039e+06 4.71107e+06 3.23244e+06 4.78581e+07 3.92812e+06 2.31877e+06 1.70522e+06 3.46105e+06
internal_count=18731 739 679 611 451 17992 673 329 253 592
is_linear=0
shrinkage=0.04


Tree=182
num_leaves=11
num_cat=1
split_feature=1 48 63 11 20 0 26 53 39 63
split_gain=76037.2 105972 119885 93460.1 88125.4 175146 151795 145714 135551 113867
threshold=1.0000000180025095e-35 7.1520833333333336 0.052974463520422142 1.0056243078832729 1.0000000180025095e-35 0 47.500000000000007 6.9500000000000002 0.078179314522127757 0.04056950767323899
decision_type=2 2 2 2 2 1 2 2 2 2
left_child=1 2 -1 -4 7 6 8 -2 -6 -7
right_child=4 -3 3 -5 5 9 -8 -9 -10 -11
leaf_value=-0.00055585120191023127 4.4129975547557501e-08 -3.7757087223876306e-05 -0.00075150813174128998 0.00022459580951609157 -0.00011769767635339053 0.00025760373447388933 -0.00031875689702020742 0.00029690689341644021 0.0005170573089518227 -0.00061601417433770499
leaf_weight=760206.44580078125 19347613.299930573 7058413.794921875 743357.88647460938 365627.259765625 1118436.4362792969 832638.89611816406 2643821.9740905762 10804388.281341553 4134962.90234375 5998808.0556716919
leaf_count=92 6347 2286 262 114 153 338 944 4005 1403 2787
internal_value=0.000185977 -0.00318542 -0.011654 -0.00326667 0.000856612 -0.00167943 0.00237749 0.00209542 0.0063116 -0.00636927
internal_weight=5.38083e+07 8.92761e+06 1.86919e+06 1.10899e+06 4.48807e+07 1.47287e+07 7.89722e+06 3.0152e+07 5.2534e+06 6.83145e+06
internal_count=18731 2754 468 376 15977 5625 2500 10352 1556 3125
cat_boundaries=0 1
cat_threshold=33687680
is_linear=0
shrinkage=0.04


Tree=183
num_leaves=11
num_cat=2
split_feature=40 26 36 68 26 0 68 4 0 53
split_gain=84596.9 88757 119838 132609 130071 287118 204579 148676 145192 191804
threshold=0.13637003285298807 5.5000000000000009 0.17435074730879535 0.81022857355872024 35.500000000000007 0 0.98336996174440394 18.500000000000004 1 9.6500000000000021
decision_type=2 2 2 2 2 1 2 2 1 2
left_child=-1 -2 3 -3 5 7 -7 -4 9 -6
right_child=1 2 4 -5 8 6 -8 -9 -10 -11
leaf_value=-0.00020761512614960663 -0.00015607715184867251 -0.0011189019950242625 0.00011002104961052768 0.00016894647580622084 5.5229807892300817e-05 -0.00037556180342662347 0.00020475155781979893 0.00058968846840804737 -0.00026634124333772575 0.0016619293104234551
leaf_weight=2109280.8041992188 6529075.5131530762 313821.20849609375 2728978.9874572754 8637188.6617736816 6539637.9482421875 4488518.3560600281 4724208.1514892578 4488795.6391601562 12957405.867858887 291364.09484863281
leaf_count=256 2277 97 991 2250 1774 1060 1421 2081 6451 73
internal_value=0.000269458 0.00058982 0.00121994 0.00536435 0.0001957 0.00282634 -0.00185394 0.00880021 -0.00198855 0.00273036
internal_weight=5.38083e+07 5.1699e+07 4.51699e+07 8.95101e+06 3.62189e+07 1.64305e+07 9.21273e+06 7.21777e+06 1.97884e+07 6.831e+06
internal_count=18731 18475 16198 2347 13851 5553 2481 3072 8298 1847
cat_boundaries=0 1 2
cat_threshold=302121090 6144
is_linear=0
shrinkage=0.04


Tree=184
num_leaves=11
num_cat=3
split_feature=11 68 0 58 50 48 49 0 0 22
split_gain=83513.1 94166.8 156716 181395 106211 100662 106748 140919 101199 118610
threshold=1.0056243078832729 1.0205584634041334 0 0.95760758783826727 9.0500000000000025 5.1645833333333337 2.1500000000000008 1 2 1.0000000180025095e-35
decision_type=2 2 1 2 2 2 2 1 1 2
left_child=1 -1 3 -3 -4 -6 8 -8 9 -7
right_child=-2 2 4 -5 5 6 7 -9 -10 -11
leaf_value=-0.00010773364179342066 8.1770866360727473e-05 0.00038570080426319819 -0.0002770435626955987 -0.00098983332674617208 0.0014836319468974543 0.00036904103369866465 0.00032023213898402621 -6.3124932381291627e-05 -0.00080149654849862668 -0.00064064587570187854
leaf_weight=17555500.567565918 20768152.440074921 894440.32302856445 1267712.1806030273 1633216.2563171387 327026.69055175781 642108.62811279297 6076635.1326293945 3413269.3864746094 719816.07794189453 510397.54943847656
leaf_count=5279 7389 590 463 1028 121 185 1727 1465 348 136
internal_value=0.000347635 -0.000901734 0.00137202 -0.00773877 0.00314938 0.00434203 0.00371226 0.0054344 -0.00501638 0.002333
internal_weight=5.38083e+07 3.30401e+07 1.54846e+07 2.52766e+06 1.2957e+07 1.16893e+07 1.13622e+07 9.4899e+06 1.87232e+06 1.15251e+06
internal_count=18731 11342 6063 1618 4445 3982 3861 3192 669 321
cat_boundaries=0 1 2 4
cat_threshold=100663424 135170 133120 262144
is_linear=0
shrinkage=0.04


Tree=185
num_leaves=11
num_cat=2
split_feature=50 22 0 0 27 52 65 53 6 6
split_gain=76713.3 113964 158084 96694.4 134102 99730.9 82894.4 78823.9 240100 148949
threshold=7.9500000000000011 1.0000000180025095e-35 0 1 32.500000000000007 -1.95 0.77861415993795047 1.8500000000000003 10.891091086816976 10.572751732893179
decision_type=2 2 1 1 2 2 2 2 2 2
left_child=1 3 -3 -1 -5 -6 -2 8 9 -8
right_child=6 2 -4 4 5 -7 7 -9 -10 -11
leaf_value=-0.00061731807116818468 -0.0018535841237790926 -0.00039532774093883042 0.00073627702774004217 -0.0006520499593255716 0.0001134524791281348 0.0010552594164658009 -0.00034786477905501194 1.6633753637135836e-05 -0.0004048533769580069 0.00013536327147601357
leaf_weight=1001532.1147460938 378780.69360351562 486344.52966308594 747641.04309082031 778058.88012695312 792235.57525634766 310544.69787597656 2067229.224105835 46180226.730129242 517429.822265625 548251.921875
leaf_count=225 148 87 174 102 282 66 647 16875 58 67
internal_value=0.000374338 0.00562188 0.0157938 0.00126706 0.00661319 0.0155846 -6.03582e-05 8.28288e-05 -0.00605706 -0.00113167
internal_weight=5.38083e+07 4.11636e+06 1.23399e+06 2.88237e+06 1.88084e+06 1.10278e+06 4.96919e+07 4.93131e+07 3.13291e+06 2.61548e+06
internal_count=18731 936 261 675 450 348 17795 17647 772 714
cat_boundaries=0 2 4
cat_threshold=268566528 262144 4098 262144
is_linear=0
shrinkage=0.04


Tree=186
num_leaves=11
num_cat=1
split_feature=66 52 54 6 12 0 7 45 37 27
split_gain=75218.4 104942 70682.5 96950 68241.9 163732 104448 80453.2 69757.5 68922.5
threshold=0.03497705125276105 -5.1499999999999986 20.850000000000005 9.9467597873867764 0.96652722179798378 0 0.99973393226949747 4.4833333333333343 4.7485946718428421e-05 23.500000000000004
decision_type=2 2 2 2 2 1 2 2 2 2
left_child=1 -1 4 -4 5 -2 -7 -8 -9 -6
right_child=2 -3 3 -5 9 6 7 8 -10 -11
leaf_value=2.9099102827583332e-05 0.00069090451693847737 -0.00048111296318029893 -0.0042804384325718153 -0.00012200278299400653 0.00015428812503154695 -0.0030839333144256392 0.00034137631323155339 -0.00062636737881999346 0.00066782619728128294 4.9106153489885502e-07
leaf_weight=521667.02307128906 1023651.4075927734 741884.20324707031 193663.80484008789 338579.26586914062 16797229.290679932 245888.85473632812 434415.85009765625 2411842.431640625 216038.37585449219 30883414.7251091
leaf_count=75 703 96 141 93 5844 119 163 919 102 10476
internal_value=0.00032198 -0.00932213 0.000553897 -0.0139486 0.000702306 -0.0041046 -0.00843043 -0.00641633 -0.0090524 0.00113902
internal_weight=5.38083e+07 1.26355e+06 5.25447e+07 532243 5.20125e+07 4.33184e+06 3.30819e+06 3.0623e+06 2.62788e+06 4.76806e+07
internal_count=18731 171 18560 234 18326 2006 1303 1184 1021 16320
cat_boundaries=0 1
cat_threshold=302120960
is_linear=0
shrinkage=0.04


Tree=187
num_leaves=11
num_cat=1
split_feature=30 67 0 54 45 66 54 6 68 39
split_gain=69752.1 106917 211322 96140.4 83608.7 79222.1 74763.1 89121.8 72255.5 99190.5
threshold=1.0000000180025095e-35 1.5000000000000002 0 5.6500000000000012 27.193750000000005 0.10709719884318326 20.850000000000005 10.00847945752451 1.1313273284087959 0.12393867036142019
decision_type=2 2 1 2 2 2 2 2 2 2
left_child=1 2 -1 -4 6 -2 8 -8 -3 -10
right_child=5 4 3 -5 -6 -7 7 -9 9 -11
leaf_value=-0.010494679342717758 0.00019311318756314052 7.5027163514872137e-07 0.00041752803942434255 -0.0012898997714533118 -0.00086987720552881751 0.0050464485638875099 -0.0039475750471333008 -0.0001121686920311404 0.00047868718932961936 0.00011242650929037471
leaf_weight=313575.97979736328 404733.11267089844 43982346.036205292 503056.34619140625 173813.38781738281 440037.73504638672 192977.82336425781 193848.52041625977 259069.74560546875 1317228.844543457 6027587.7010803223
leaf_count=138 156 14425 231 70 175 122 141 63 306 2904
internal_value=0.000319351 0.000166711 -0.0128525 -0.000276073 0.000413647 0.0139075 0.000561197 -0.0156187 0.000703977 0.00437654
internal_weight=5.38083e+07 5.32106e+07 990446 676870 5.22201e+07 597711 5.17801e+07 452918 5.13272e+07 7.34482e+06
internal_count=18731 18453 439 301 18014 278 17839 204 17635 3210
cat_boundaries=0 2
cat_threshold=131072 262144
is_linear=0
shrinkage=0.04


Tree=188
num_leaves=11
num_cat=1
split_feature=30 67 0 54 66 66 48 54 6 47
split_gain=69884 103011 214872 89066.6 79222.1 69187.7 68111 67634.7 84508.8 74563.7
threshold=1.0000000180025095e-35 1.5000000000000002 0 5.6500000000000012 0.10709719884318326 0.49984634571851655 6.4062500000000009 20.850000000000005 10.00847945752451 9.5000000000000018
decision_type=2 2 1 2 2 2 2 2 2 2
left_child=1 2 -1 6 -2 7 -4 9 -9 -3
right_child=4 5 3 -5 -6 -7 -8 8 -10 -11
leaf_value=-0.010074892169009048 0.0001853886600606149 6.5520710978671495e-05 -0.00043131126809863274 -0.0012383037805951795 0.0048445906213320086 0.0055371482138100551 0.00057973471974359723 -0.0037854678137450226 -0.00010768194434989504 -2.8193111334483919e-05
leaf_weight=313575.97979736328 404733.11267089844 17416433.921813965 162158.75512695312 173813.38781738281 192977.82336425781 342916.61597824097 340897.59106445312 191196.85891723633 259069.74560546875 34010501.440582275
leaf_count=138 156 4460 64 70 122 248 167 139 63 13104
internal_value=0.000306509 0.000153725 -0.0126254 5.6154e-05 0.0139075 0.000396108 0.00858522 0.000277729 -0.0151573 0.000412875
internal_weight=5.38083e+07 5.32106e+07 990446 676870 597711 5.22201e+07 503056 5.18772e+07 450267 5.14269e+07
internal_count=18731 18453 439 301 278 18014 231 17766 202 17564
cat_boundaries=0 2
cat_threshold=131072 262144
is_linear=0
shrinkage=0.04


Tree=189
num_leaves=11
num_cat=3
split_feature=30 67 0 34 66 46 46 0 0 54
split_gain=70171.5 110524 207307 90876.5 79222.1 65434 135742 170331 100906 95100.8
threshold=1.0000000180025095e-35 1.5000000000000002 0 3.5000000000000004 0.10709719884318326 18.850000000000005 18.550000000000004 1 2 7.7500000000000009
decision_type=2 2 1 2 2 2 2 1 1 2
left_child=1 2 -1 -4 -2 6 9 -8 -7 -3
right_child=4 5 3 -5 -6 8 7 -9 -10 -11
leaf_value=-0.0096718964822486882 0.00017797311365819042 2.6882198708552442e-05 0.0009630271388463451 -0.0003490432042763756 0.0046508069964787289 0.00044936153806205721 -0.00033182666824156263 0.0012237278509122007 -0.00058543744689158511 -0.00039804461834656759
leaf_weight=313575.97979736328 404733.11267089844 47109780.335796356 152999.33068847656 523870.4033203125 192977.82336425781 395691.26391601562 255199.58502197266 473845.98120117188 1705372.5885314941 2280228.8284301758
leaf_count=138 156 15952 83 218 122 112 165 126 722 937
internal_value=0.000278563 0.000125465 -0.0131115 -0.000655154 0.0139075 0.000376532 0.000666442 0.0178002 -0.00653895 0.000413524
internal_weight=5.38083e+07 5.32106e+07 990446 676870 597711 5.22201e+07 5.01191e+07 729046 2.10106e+06 4.939e+07
internal_count=18731 18453 439 301 278 18014 17180 291 834 16889
cat_boundaries=0 2 3 4
cat_threshold=131072 262144 369098882 4096
is_linear=0
shrinkage=0.04


Tree=190
num_leaves=11
num_cat=1
split_feature=30 67 0 54 66 48 64 66 52 36
split_gain=66631.8 104470 213016 87820 73770.8 66674.7 64017.8 62110.4 92565.2 91723.2
threshold=1.0000000180025095e-35 1.5000000000000002 0 5.6500000000000012 0.10709719884318326 6.5791666666666675 1.952746898887477 0.03497705125276105 -5.1499999999999986 0.19566257773595844
decision_type=2 2 1 2 2 2 2 2 2 2
left_child=1 2 -1 5 -2 -4 7 8 -3 -9
right_child=4 6 3 -5 -6 -7 -8 9 -10 -11
leaf_value=-0.0092850206229587416 0.00017085418911186274 2.7957564354111647e-05 -0.00035860594233774621 -0.0011748099012003181 0.00446477471661958 0.00052928374748785901 0.0062723687345278833 6.1290100662943697e-05 -0.00046062133110613929 -3.4571127015570186e-05
leaf_weight=313575.97979736328 404733.11267089844 521667.02307128906 165293.18774414062 173813.38781738281 192977.82336425781 337763.15844726562 242389.4317741394 17373950.976379395 741884.20324707031 33340226.948425293
leaf_count=138 156 75 66 70 122 165 177 4406 96 13260
internal_value=0.000274615 0.000125429 -0.0127439 -0.0001172 0.0135554 0.00835197 0.000369522 0.000273878 -0.00848601 0.000492135
internal_weight=5.38083e+07 5.32106e+07 990446 676870 597711 503056 5.22201e+07 5.19777e+07 1.26355e+06 5.07142e+07
internal_count=18731 18453 439 301 278 231 18014 17837 171 17666
cat_boundaries=0 2
cat_threshold=131072 262144
is_linear=0
shrinkage=0.04


Tree=191
num_leaves=11
num_cat=2
split_feature=68 63 66 40 0 28 26 37 0 66
split_gain=61666.4 80445.2 84588.3 102794 157226 102021 94491.4 91206.7 83260.5 112398
threshold=1.1809485637434509 0.15944179489246726 0.10498848532459361 0.30323284665384637 0 1.0000000180025095e-35 30.500000000000004 5.4611421783705452e-05 1 0.085025550224205368
decision_type=2 2 2 2 1 2 2 2 1 2
left_child=1 2 3 5 -5 7 8 -1 -6 -10
right_child=-2 -3 -4 4 6 -7 -8 -9 9 -11
leaf_value=1.2449604234598485e-05 0.00043633575657022513 -0.00092650318267491758 0.00034849161619273679 -0.0010088319563716186 0.00047330493171063493 -0.0021018203249612301 -0.00051134281659339948 0.0011448762638654952 -0.00034665031574429399 0.00050238471345122803
leaf_weight=32865393.390808105 2978243.9494628906 1588669.980846405 6526849.803894043 1546962.7853393555 1573797.7064819336 300050.27770996094 2562173.0148925781 601304.57287597656 2352011.1213378906 912818.62908935547
leaf_count=7821 1591 1011 4101 596 712 88 1235 416 827 333
internal_value=0.000278461 -4.93182e-05 0.000236509 -0.00041155 -0.00422346 0.000598562 -0.00179925 0.000806754 0.00148972 -0.00215332
internal_weight=5.38083e+07 5.083e+07 4.92414e+07 4.27145e+07 8.94776e+06 3.37667e+07 7.4008e+06 3.34667e+07 4.83863e+06 3.26483e+06
internal_count=18731 17140 16129 12028 3703 8325 3107 8237 1872 1160
cat_boundaries=0 2 3
cat_threshold=67239936 262144 33558528
is_linear=0
shrinkage=0.04


Tree=192
num_leaves=11
num_cat=2
split_feature=19 52 1 65 68 5 0 0 46 4
split_gain=62168.4 103912 90579.4 69934.1 226595 218740 127503 125411 222194 111574
threshold=1.0000000180025095e-35 -5.6499999999999986 3.5000000000000004 0.96258440950587554 0.77062686266901381 1.0123130853103539 0 1 1.3500000000000003 9.5000000000000018
decision_type=2 2 2 2 2 2 1 1 2 2
left_child=3 2 -2 4 -1 7 9 8 -5 -6
right_child=1 -3 -4 5 6 -7 -8 -9 -10 -11
leaf_value=-0.0080910485290757988 -0.00029683769926019542 -0.00176982441367601 0.0017372466268944598 0.0028028501019709377 -0.00053519578299144656 0.00081116594641391553 -5.4708289458047848e-05 5.1190013125571569e-05 -0.00072795061421907382 0.00077521069588414233
leaf_weight=318636.75177001953 247432.67541503906 636574.04052734375 237395.08135986328 281695.10559082031 618163.49969482422 2740573.9069213867 20571669.528869629 23578625.933483124 2440721.9203186035 2136786.7887878418
leaf_count=146 36 387 126 83 317 1346 5146 7855 1917 1372
internal_value=0.000244238 -0.00907514 0.004877 0.000442597 -0.00117247 0.00175756 -0.000714807 0.000636966 -0.00749172 0.00736628
internal_weight=5.38083e+07 1.1214e+06 484828 5.26869e+07 2.36453e+07 2.90416e+07 2.33266e+07 2.6301e+07 2.72242e+06 2.75495e+06
internal_count=18731 549 162 18182 6981 11201 6835 9855 2000 1689
cat_boundaries=0 1 2
cat_threshold=100663296 100663296
is_linear=0
shrinkage=0.04


Tree=193
num_leaves=11
num_cat=1
split_feature=30 67 0 51 6 66 51 46 49 27
split_gain=59878 91878.9 217725 82783.1 118870 71810.3 68714.8 77232.1 123103 129355
threshold=1.0000000180025095e-35 1.5000000000000002 0 0.40625000000000028 9.797137984899944 0.10709719884318326 0.98125000000000018 10.450000000000001 10.450000000000001 13.500000000000002
decision_type=2 2 1 2 2 2 2 2 2 2
left_child=1 2 -1 4 -4 -2 7 -3 9 -9
right_child=5 6 3 -5 -6 -7 -8 8 -10 -11
leaf_value=-0.0086017687791024606 0.00017013205710949287 3.6949206206015907e-05 0.00088808244702371134 0.00057954088781139235 -0.00074139111730999851 0.0043480862736562185 0.00026475480426487645 0.00018528655498319194 0.00045728069561370657 -0.00018664577508137721
leaf_weight=313575.97979736328 404733.11267089844 28838703.303630829 158314.76000976562 162518.64123535156 356036.33276367188 192977.82336425781 3341391.1399230957 2927007.826385498 667344.16174316406 16445672.1512146
leaf_count=138 156 8725 101 71 129 122 1144 1217 243 6685
internal_value=0.000268468 0.000127044 -0.0119419 0.000823574 -0.00703975 0.0128582 0.000355956 -2.34208e-05 -0.0019308 -0.00251268
internal_weight=5.38083e+07 5.32106e+07 990446 676870 514351 597711 5.22201e+07 4.88787e+07 2.004e+07 1.93727e+07
internal_count=18731 18453 439 301 230 278 18014 16870 8145 7902
cat_boundaries=0 2
cat_threshold=131072 262144
is_linear=0
shrinkage=0.04


Tree=194
num_leaves=11
num_cat=2
split_feature=68 63 12 5 0 66 37 67 0 39
split_gain=61629.6 83085 78900.7 99213.4 80388.9 73868.2 96518 139505 130973 143568
threshold=1.1430679474574428 0.15944179489246726 1.026732708563449 0.89385232017851879 0 0.097826160240436957 1.5249893930200118e-05 73.500000000000014 1 0.1021965505277815
decision_type=2 2 2 2 1 2 2 2 1 2
left_child=1 5 -2 4 -4 6 -1 8 -8 -10
right_child=2 -3 3 -5 -6 -7 7 -9 9 -11
leaf_value=1.6185266781824857e-05 0.00048203066492352546 -0.0010912730722840802 -0.0017236063181126308 0.00020012075237903218 0.0005924392278241847 0.00028376345856715243 -0.00052405506540705667 -0.00066665906570366733 0.0029961064648912528 7.1912166185221588e-05
leaf_weight=28629961.497009277 2400547.4398803711 1377710.3521232605 425409.47479248047 2963593.1382751465 183758.69964599609 6959489.8653869629 2005210.8150024414 3806249.7029418945 188263.12866210938 4868081.1190185547
leaf_count=6454 863 908 211 1602 139 4292 945 1357 47 1913
internal_value=0.000288591 -0.00018978 0.00411943 0.000351119 -0.0143509 9.73001e-05 -0.000572222 -0.00378157 -0.000454336 0.0029762
internal_weight=5.38083e+07 4.7835e+07 5.97331e+06 3.57276e+06 609168 4.64573e+07 3.94978e+07 1.08678e+07 7.06156e+06 5.05634e+06
internal_count=18731 15916 2815 1952 350 15008 10716 4262 2905 1960
cat_boundaries=0 2 3
cat_threshold=67240064 262144 268568576
is_linear=0
shrinkage=0.04


Tree=195
num_leaves=11
num_cat=2
split_feature=30 67 0 34 66 51 46 0 62 48
split_gain=59668.3 91126.9 214414 85068.1 71810.3 62536.2 74133.9 122194 128393 119941
threshold=1.0000000180025095e-35 1.5000000000000002 0 3.5000000000000004 0.10709719884318326 0.98125000000000018 10.450000000000001 1 1.0246952382997339 13.764583333333334
decision_type=2 2 1 2 2 2 2 1 2 2
left_child=1 2 -1 -4 -2 6 -3 8 -8 -9
right_child=4 5 3 -5 -6 -7 7 9 -10 -11
leaf_value=-0.0082713120524901627 0.00014404554822817228 3.5591014257186088e-05 0.00094035088383640571 -0.00035097693933760859 0.0042389995620754342 0.00025338381027442138 -0.00017334484930526162 -0.00072528021191794469 0.00014995841122566065 0.00061450032356527161
leaf_weight=313575.97979736328 404733.11267089844 28838703.303630829 152999.33068847656 523870.4033203125 192977.82336425781 3341391.1399230957 7596628.856262207 4613373.0575561523 7461850.0327758789 368172.19274902344
leaf_count=138 156 8725 83 218 122 1144 2167 3346 2416 216
internal_value=0.000290531 0.000149355 -0.0118701 0.000797925 0.0128582 0.000377329 1.54091e-05 -0.00185332 -5.68203e-05 -0.00728385
internal_weight=5.38083e+07 5.32106e+07 990446 676870 597711 5.22201e+07 4.88787e+07 2.004e+07 1.50585e+07 4.98155e+06
internal_count=18731 18453 439 301 278 18014 16870 8145 4583 3562
cat_boundaries=0 2 3
cat_threshold=131072 262144 137346
is_linear=0
shrinkage=0.04


Tree=196
num_leaves=11
num_cat=1
split_feature=40 52 27 52 45 42 0 55 27 20
split_gain=63315.1 95205.4 76599.6 143154 166725 97117.9 168100 166317 151524 122089
threshold=0.13637003285298807 -5.1499999999999986 1.5000000000000002 -5.6499999999999986 5.6416666666666666 24.500000000000011 0 1.5000000000000002 59.500000000000007 1.0000000180025095e-35
decision_type=2 2 2 2 2 2 1 2 2 2
left_child=1 -1 3 4 -2 6 -4 -8 -9 -7
right_child=2 -3 5 -5 -6 9 7 8 -10 -11
leaf_value=5.4816824906606061e-05 -0.00080486429572491122 -0.00032030053310673061 -0.00027782247372714941 -0.0024587518913402689 0.0018210992966819532 3.3974467355087698e-05 0.00058622336184946671 -0.00027975188671586069 0.0010235184127663679 -0.00023363402262425295
leaf_weight=748122.85729980469 409909.00439453125 1361157.9468994141 3245327.9168205261 700535.82650756836 416331.6589050293 29017147.10559082 6372999.551940918 3118863.8909301758 1055578.3928222656 7362301.0806274414
leaf_count=105 112 151 1921 448 263 9714 1998 1190 539 2290
internal_value=0.000268585 -0.0065244 0.000545737 -0.00828045 0.00299768 0.000814327 0.00367244 0.00612192 -8.43058e-05 -0.00026929
internal_weight=5.38083e+07 2.10928e+06 5.1699e+07 1.52678e+06 826241 5.01722e+07 1.37928e+07 1.05474e+07 4.17444e+06 3.63794e+07
internal_count=18731 256 18475 823 375 17652 5648 3727 1729 12004
cat_boundaries=0 2
cat_threshold=268435458 262144
is_linear=0
shrinkage=0.04


Tree=197
num_leaves=11
num_cat=2
split_feature=68 49 11 59 11 0 58 1 0 28
split_gain=76458.2 125904 90390.1 112049 84358.7 150195 112614 112206 80721.5 191777
threshold=0.97072170590528717 10.450000000000001 1.0046596805451646 1.0298511895089832 0.98460336118737535 0 0.95760758783826727 5.5000000000000009 1 1.0000000180025095e-35
decision_type=2 2 2 2 2 1 2 2 1 2
left_child=8 2 4 -4 5 6 -2 -6 -1 -10
right_child=1 -3 3 -5 7 -7 -8 -9 9 -11
leaf_value=0.00015295615013936775 0.00015911841724772981 0.00046682563136794591 0.00041713044435638566 -9.4510185150778476e-06 -0.00013988479272350531 0.00020956255940471843 -0.0010407513957191963 0.0010159082356423249 -9.9766530784711532e-05 -0.0074551895684174495
leaf_weight=5104445.2352600098 733982.43249511719 871572.0205078125 5424619.1572570801 5216304.4227294922 11778136.030273438 7848186.1106872559 902310.13970947266 695929.66775512695 14881454.529907227 351335.48615646362
leaf_count=2493 382 310 1943 2380 3655 2885 444 427 3612 200
internal_value=0.000202324 0.00137765 0.000976509 0.00400222 -0.000489725 0.00235356 -0.00867024 -0.00265157 -0.00173203 -0.00319082
internal_weight=5.38083e+07 3.3471e+07 3.25995e+07 1.06409e+07 2.19585e+07 9.48448e+06 1.63629e+06 1.24741e+07 2.03372e+07 1.52328e+07
internal_count=18731 12426 12116 4323 7793 3711 826 4082 6305 3812
cat_boundaries=0 1 2
cat_threshold=67108992 100663424
is_linear=0
shrinkage=0.04


Tree=198
num_leaves=11
num_cat=1
split_feature=68 49 46 0 7 48 54 20 26 51
split_gain=68523.6 122264 87738.7 128904 104074 101737 107410 98725 162565 130199
threshold=0.97072170590528717 10.450000000000001 15.950000000000001 0 0.97695433969430845 6.8875000000000011 5.4000000000000012 1.0000000180025095e-35 59.500000000000007 -0.10624999999999991
decision_type=2 2 2 1 2 2 2 2 2 2
left_child=-1 2 7 4 -4 6 -6 -2 -9 -10
right_child=1 -3 3 -5 5 -7 -8 8 9 -11
leaf_value=-4.8560985166877061e-05 0.00014941422751264317 0.00044815260611322813 0.00030265706923687888 -0.0010120172671290186 -0.00059736457443586451 -9.8736187163966489e-06 0.00023228646452355564 5.8598480061504692e-05 0.00078367650735154182 -0.0011102375795581179
leaf_weight=20337235.2513237 19052615.321075439 871572.0205078125 1691889.0283203125 1439815.5043945312 735586.70471191406 2423291.0739746094 298326.826171875 4804906.6950073242 351931.75506591797 1801105.0521850586
leaf_count=6305 6747 310 552 1074 194 701 74 1833 204 737
internal_value=0.000166842 0.00127951 0.000884213 -0.00323883 -0.00028028 -0.0042585 -0.0147634 0.00192865 -0.00214924 -0.011283
internal_weight=5.38083e+07 3.3471e+07 3.25995e+07 6.58891e+06 5.14909e+06 3.4572e+06 1.03391e+06 2.60106e+07 6.95794e+06 2.15304e+06
internal_count=18731 12426 12116 2595 1521 969 268 9521 2774 941
cat_boundaries=0 2
cat_threshold=137218 262144
is_linear=0
shrinkage=0.04


Tree=199
num_leaves=11
num_cat=1
split_feature=1 50 51 17 63 20 0 26 53 68
split_gain=64008.4 101595 99137.7 92851.5 119583 79771 175456 139249 122344 140841
threshold=1.0000000180025095e-35 14.250000000000002 0.88750000000000007 1.0000000180025095e-35 0.052974463520422142 1.0000000180025095e-35 0 47.500000000000007 6.2500000000000027 1.1195155824043741
decision_type=2 2 2 2 2 2 1 2 2 2
left_child=1 2 3 4 -1 8 7 -7 -2 -10
right_child=5 -3 -4 -5 -6 6 -8 -9 9 -11
leaf_value=-0.0004812265868487229 -2.4498007688529021e-05 3.8495813207673384e-05 0.00049990070164342073 0.00059431042342876104 -0.00029736532426347497 0.00017545989566907974 -0.00041965014207553995 -0.00029371554528057834 0.00010810058473693292 0.00055430305360547241
leaf_weight=1522959.5748901367 16553766.706882477 4262911.1611938477 474901.12896728516 258083.1005859375 2408750.4213256836 5253399.3386230469 6831446.951789856 2643821.9740905762 10649300.420562744 2948934.4538269043
leaf_count=269 5240 1377 162 54 892 1556 3125 944 3898 1214
internal_value=0.000157194 -0.00293606 -0.0070152 -0.00897844 -0.0105041 0.000772501 -0.00164034 0.00242017 0.00195113 0.00476238
internal_weight=5.38083e+07 8.92761e+06 4.66469e+06 4.18979e+06 3.93171e+06 4.48807e+07 1.47287e+07 7.89722e+06 3.0152e+07 1.35982e+07
internal_count=18731 2754 1377 1215 1161 15977 5625 2500 10352 5112
cat_boundaries=0 1
cat_threshold=33687680
is_linear=0
shrinkage=0.04


Tree=200
num_leaves=11
num_cat=2
split_feature=55 50 0 26 48 51 0 68 52 51
split_gain=58945.7 122336 182301 133575 117023 141723 149499 156697 125122 113571
threshold=2.5000000000000004 8.8500000000000032 0 27.500000000000004 5.3395833333333345 0.043750000000000032 1 0.94201024505600095 -3.4499999999999997 0.097916666666666749
decision_type=2 2 1 2 2 2 1 2 2 2
left_child=-1 2 -2 -4 -3 8 7 -7 -6 -8
right_child=1 4 3 -5 5 6 9 -9 -10 -11
leaf_value=5.0791437416003668e-05 -0.001175492206146224 0.0003964739186042441 0.00092500194662532679 -0.00047885323456711454 -0.0002804135159952748 -0.000249565417307149 0.0008174581079447346 0.00042411770595584728 8.5433958890237917e-05 -0.00027924638610298972
leaf_weight=30715782.390441895 808595.80151367188 1114449.6815795898 279271.39532470703 391760.63848876953 8666065.6526794434 833687.36407470703 303627.05334472656 2823186.1185302734 4158124.2410697937 3713724.895690918
leaf_count=10188 260 396 68 140 3590 145 156 722 1488 1578
internal_value=0.000328577 -0.00119831 -0.0123253 0.00308726 -0.000436537 -0.00112283 0.00317666 0.00902825 -0.00369573 -0.0021499
internal_weight=5.38083e+07 2.30925e+07 1.47963e+06 671032 2.16129e+07 2.04984e+07 7.67423e+06 3.65687e+06 1.28242e+07 4.01735e+06
internal_count=18731 8543 468 208 8075 7679 2601 867 5078 1734
cat_boundaries=0 1 2
cat_threshold=268441730 135170
is_linear=0
shrinkage=0.04


Tree=201
num_leaves=11
num_cat=2
split_feature=40 45 27 46 0 45 26 0 45 48
split_gain=69713.5 101860 119031 82482.6 114824 147997 86715.8 120300 106764 111829
threshold=0.13637003285298807 0.37708333333333344 14.500000000000002 -6.6499999999999995 0 -7.029166666666665 2.5000000000000004 1 16.279166666666672 16.268750000000004
decision_type=2 2 2 2 1 2 2 1 2 2
left_child=1 -1 -3 4 5 -2 7 -5 9 -9
right_child=3 2 -4 6 -6 -7 -8 8 -10 -11
leaf_value=-0.00034039162062843254 6.5398194047222585e-05 0.00016813191687049814 -0.00091005024864758226 -0.0013756121655179527 -4.2615582400066946e-05 0.00084533747491289074 1.7776852412193166e-05 -0.00054342937152390041 0.00060749690096040829 0.00027426724652995131
leaf_weight=1131512.0386962891 1004418.7602539062 510358.58837890625 467410.17712402344 637775.10815429688 1776815.9926757812 631559.56604003906 45637987.462474823 1156007.2729492188 526079.21276855469 328351.05322265625
leaf_count=109 164 69 78 354 226 78 16959 436 204 54
internal_value=0.000283944 -0.00684402 0.00261194 0.000574762 0.0065845 0.0142307 0.000150001 -0.00688692 -0.00208496 -0.00757258
internal_weight=5.38083e+07 2.10928e+06 977769 5.1699e+07 3.41279e+06 1.63598e+06 4.82862e+07 2.64821e+06 2.01044e+06 1.48436e+06
internal_count=18731 256 147 18475 468 242 18007 1048 694 490
cat_boundaries=0 2 4
cat_threshold=100794496 262144 335544320 262144
is_linear=0
shrinkage=0.04


Tree=202
num_leaves=11
num_cat=0
split_feature=68 11 11 10 10 9 65 53 41 8
split_gain=58975.7 67697.9 60269.8 57486.2 87442.3 78322.7 96129.5 79755.6 84151.6 82240.3
threshold=1.8504016389448521 0.92174126168155679 0.94755579811936785 1.0004405275458925 1.000613755472888 0.97795620551568074 0.93259676565280591 5.3500000000000014 0.00010000413020499586 1.0006526372238649
decision_type=2 2 2 2 2 2 2 2 2 2
left_child=1 -1 -3 -4 -5 -6 -7 9 -9 -8
right_child=-2 2 3 4 5 6 7 8 -10 -11
leaf_value=-0.00055249280999557563 0.0047919324423911867 0.00040426592505211792 -4.6511014790800226e-05 0.0013407357442921115 0.00043447938718912694 -0.00010317506193597877 -0.00019955605061114354 0.00020668837166287594 -0.0012133146167639833 0.00011445751868911228
leaf_weight=1593178.5173339844 357125.49261474609 781413.48352050781 22078043.691707611 507260.11682128906 3106575.1884307861 7686020.7702636719 4587208.7931594849 10686936.796905518 261403.74962615967 2163108.6323547363
leaf_count=682 225 315 7896 165 1447 1570 1840 3837 195 559
internal_value=0.00031683 0.000208583 0.000458097 0.000289427 0.00146034 0.00116725 0.000433569 0.00205569 0.00416411 -0.00136397
internal_weight=5.38083e+07 5.34511e+07 5.1858e+07 5.10766e+07 2.89985e+07 2.84913e+07 2.53847e+07 1.76987e+07 1.09483e+07 6.75032e+06
internal_count=18731 18506 17824 17509 9613 9448 8001 6431 4032 2399
is_linear=0
shrinkage=0.04


Tree=203
num_leaves=11
num_cat=1
split_feature=68 11 11 30 54 6 6 12 26 0
split_gain=59289.8 64017 60098 52334.8 59592.9 73872.9 56544.1 59426.2 140044 108381
threshold=1.8504016389448521 0.92174126168155679 0.94755579811936785 1.0000000180025095e-35 20.850000000000005 10.299235066409116 8.6124541634050242 0.96652722179798378 56.500000000000007 0
decision_type=2 2 2 2 2 2 2 2 2 1
left_child=1 -1 -3 4 6 -6 -4 8 9 -8
right_child=-2 2 3 -5 5 -7 7 -9 -10 -11
leaf_value=-0.00053039309759575276 0.0046002551446955395 0.00038809528805003318 0.0029260371187954277 0.0008047327357533923 -0.0026846908852505148 -5.4746831073558951e-05 0.00065232689646204506 1.2199225216921104e-05 -0.0035565223536111095 -0.0002544384691818982
leaf_weight=1593178.5173339844 357125.49261474609 781413.48352050781 401858.23057174683 587076.62445068359 219442.83053588867 240419.19677734375 856063.55969238281 45476308.412963867 337587.46130371094 2957801.4229736328
leaf_count=682 225 315 662 267 147 57 521 14552 158 1145
internal_value=0.000273747 0.000165212 0.000407849 0.000239419 0.00010135 -0.014232 0.000233104 0.000112093 -0.0044691 -0.00228326
internal_weight=5.38083e+07 5.34511e+07 5.1858e+07 5.10766e+07 5.04895e+07 459862 5.00296e+07 4.96278e+07 4.15145e+06 3.81386e+06
internal_count=18731 18506 17824 17509 17242 204 17038 16376 1824 1666
cat_boundaries=0 1
cat_threshold=302120960
is_linear=0
shrinkage=0.04


Tree=204
num_leaves=11
num_cat=0
split_feature=68 11 11 63 52 49 52 6 6 45
split_gain=57851.2 57077.7 53775.5 52361.4 93196.4 91917 82103.9 67754.6 63654.9 60978.6
threshold=1.8504016389448521 0.92174126168155679 0.94755579811936785 0.034584540690700681 -4.0499999999999998 4.1500000000000012 -2.8499999999999992 10.919884629464011 10.884212208011837 12.527083333333335
decision_type=2 2 2 2 2 2 2 2 2 2
left_child=1 -1 -3 4 5 7 8 -4 -6 -5
right_child=-2 2 3 9 6 -7 -8 -9 -10 -11
leaf_value=-0.00050917737369192244 0.0044162449389077178 0.00037257147652803186 5.0192160171020527e-05 5.8279762978124842e-05 -0.00078023820326599295 -0.00025359581178952841 -0.00011723487277432704 0.0006084197417593883 -0.00059171416221596182 -3.6758412581955467e-05
leaf_weight=1593178.5173339844 357125.49261474609 781413.48352050781 749188.89996337891 24284574.696300507 351154.74078369141 1074326.5279541016 427431.51733398438 278992.384765625 396223.74169921875 23514665.23046875
leaf_count=682 225 315 256 7181 144 289 89 37 56 9457
internal_value=0.000270848 0.000163638 0.000392747 0.000233423 -0.00465765 0.000384514 -0.0136813 0.00893356 -0.021678 0.000568778
internal_weight=5.38083e+07 5.34511e+07 5.1858e+07 5.10766e+07 3.27732e+06 2.10251e+06 1.17481e+06 1.02818e+06 747378 4.77992e+07
internal_count=18731 18506 17824 17509 871 582 289 293 200 16638
is_linear=0
shrinkage=0.04


Tree=205
num_leaves=11
num_cat=2
split_feature=12 0 45 9 0 6 53 53 48 49
split_gain=58918.1 131102 95745.6 73354.2 74148.4 61462.3 138881 200577 112497 251612
threshold=0.96652722179798378 0 4.4833333333333343 0.95588834696307068 1 10.884212208011837 2.0500000000000007 2.9500000000000006 6.8708333333333345 4.1500000000000012
decision_type=2 1 2 2 1 2 2 2 2 2
left_child=1 -1 -3 4 -4 -2 -7 -8 -9 -10
right_child=5 2 3 -5 -6 6 7 8 9 -11
leaf_value=0.00060092429074858956 5.045315663759371e-05 0.00033605219339934823 0.00019324713382523888 -0.0010121699148847173 -0.0006939605476320612 -0.00026430072857358994 0.00023075481149487404 -0.00039005556297897463 0.00033058291880959617 -0.00013935084058725949
leaf_weight=1029280.3590393066 43648565.980876923 434415.85009765625 549782.2919921875 697369.17077636719 1646165.6483154297 814406.55419921875 703668.5869140625 1368880.4965820312 843108.7548828125 2072631.5390625
leaf_count=707 15995 163 283 314 553 82 66 158 111 299
internal_value=0.00031198 -0.00414718 -0.00800605 -0.0106351 -0.00704584 0.000704866 -0.00316276 -0.000662322 -0.00391286 0.000528177
internal_weight=5.38083e+07 4.35701e+06 3.32773e+06 2.89332e+06 2.19595e+06 4.94513e+07 5.8027e+06 4.98829e+06 4.28462e+06 2.91574e+06
internal_count=18731 2020 1313 1150 836 16711 716 634 568 410
cat_boundaries=0 1 2
cat_threshold=302120960 67108866
is_linear=0
shrinkage=0.04


Tree=206
num_leaves=11
num_cat=0
split_feature=6 52 52 47 6 52 6 50 55 50
split_gain=68983.3 144520 188312 129798 117901 111297 101910 123160 95447.2 138200
threshold=10.884212208011837 -1.95 -4.1499999999999995 10.050000000000002 10.947180865728646 -3.0499999999999994 10.743515546292906 14.450000000000001 2.5000000000000004 8.8500000000000032
decision_type=2 2 2 2 2 2 2 2 2 2
left_child=6 2 3 -2 -5 -4 8 -8 -1 -10
right_child=1 -3 5 4 -6 -7 7 -9 9 -11
leaf_value=8.7688752752089114e-05 0.00017667581873652982 0.00043425939752274252 -0.00055369125733847131 6.2588642483088479e-06 -0.00051416820360440218 -7.9745162806776784e-05 1.4470364050848019e-05 0.00034006945503225729 -0.00098613637738592989 -6.8067332787425855e-05
leaf_weight=25096707.37677002 979831.32666015625 659808.0673828125 902994.9326171875 1584185.0717773438 687997.8388671875 1135382.2109375 2249931.16796875 1678184.3603515625 1174099.5838623047 17659153.295543671
leaf_count=9442 92 60 118 246 94 129 387 286 423 7454
internal_value=0.000145405 -0.0039164 -0.00611793 -0.000143144 -0.00539088 -0.01565 0.00065041 0.00682316 9.8454e-05 -0.00205387
internal_weight=5.38083e+07 5.9502e+06 5.29039e+06 3.25201e+06 2.27218e+06 2.03838e+06 4.78581e+07 3.92812e+06 4.393e+07 1.88333e+07
internal_count=18731 739 679 432 340 247 17992 673 17319 7877
is_linear=0
shrinkage=0.04


Tree=207
num_leaves=11
num_cat=1
split_feature=68 0 28 67 50 56 39 68 48 49
split_gain=72873.2 110606 183854 140420 123034 135388 110006 111413 109666 108549
threshold=0.95612081005470906 0 1.0000000180025095e-35 37.500000000000007 9.4000000000000021 1.0000000180025095e-35 0.16629998192897116 0.94201024505600095 7.0250000000000004 10.450000000000001
decision_type=2 1 2 2 2 2 2 2 2 2
left_child=1 -1 3 4 5 -3 7 8 -6 -2
right_child=9 2 -4 -5 6 -7 -8 -9 -10 -11
leaf_value=0.00019651727722408204 2.4706162503280631e-05 -6.5306023379482908e-05 -0.0071114110080397379 -0.0004322219328050366 0.00020782332298470741 -0.0011131850332639871 -0.00095273631592774082 0.00047034877853421045 -3.7364878957144552e-05 0.00040856946619361552
leaf_weight=4620756.9684143066 35212903.438568115 2356884.8838500977 351335.48615646362 2770109.071105957 451711.94152832031 455815.83618164062 555568.30639648438 1060892.2938842773 5027304.1813964844 944992.82525634766
leaf_count=2220 12986 450 200 670 146 46 291 257 1133 332
internal_value=0.00013489 -0.00197201 -0.00385767 -0.00306667 -0.000840813 -0.00792031 0.00196557 0.00341722 0.00111985 0.00116337
internal_weight=5.38083e+07 1.76504e+07 1.30296e+07 1.26783e+07 9.90818e+06 2.8127e+06 7.09548e+06 6.53991e+06 5.47902e+06 3.61579e+07
internal_count=18731 5413 3193 2993 2323 496 1827 1536 1279 13318
cat_boundaries=0 1
cat_threshold=100663424
is_linear=0
shrinkage=0.04


Tree=208
num_leaves=11
num_cat=3
split_feature=68 5 0 37 4 0 26 62 0 61
split_gain=58493.4 105935 185388 123607 134469 173817 113619 110575 107938 123098
threshold=0.95612081005470906 1.0123130853103539 0 1.2232475680067952e-05 29.500000000000004 1 47.500000000000007 0.99307535378424394 2 1.1368395174623942
decision_type=2 2 1 2 2 1 2 2 1 2
left_child=-1 3 6 8 -5 -6 -3 -4 -2 -10
right_child=1 2 7 4 5 -7 -8 -9 9 -11
leaf_value=-5.5266158397423015e-05 -0.00051666001238353642 -0.00093642496110845567 0.00033109148057491449 2.1711213945451246e-05 -0.0011748975036760232 -0.00015905037932344301 0.00040308361093534885 0.0032643425227614404 5.2704909913060577e-05 0.00043247269677456284
leaf_weight=17650378.968914032 2023586.9946594238 953828.22912597656 6056290.7370605469 7106530.8699035645 1682424.8862915039 3464364.615447998 381724.705078125 237267.25744628906 12447901.611755371 1803976.3570556641
leaf_count=5413 1032 232 2385 3298 784 1806 90 112 3027 552
internal_value=0.000215186 0.00113662 0.00532342 1.69913e-05 -0.00301745 -0.0079413 -0.00821216 0.00819582 0.00230154 0.00352899
internal_weight=5.38083e+07 3.61579e+07 7.62911e+06 2.85288e+07 1.22533e+07 5.14679e+06 1.33555e+06 6.29356e+06 1.62755e+07 1.42519e+07
internal_count=18731 13318 2819 10499 5888 2590 322 2497 4611 3579
cat_boundaries=0 1 3 4
cat_threshold=4096 67239936 262144 100663424
is_linear=0
shrinkage=0.04


Tree=209
num_leaves=11
num_cat=0
split_feature=64 68 36 36 6 51 5 36 67 27
split_gain=60919.7 70897.2 133877 74520.6 68917.2 69407.5 67897.6 73824.8 65815.1 159620
threshold=1.1868943990936061 0.81022857355872024 0.1546698911230148 0.42736914688561284 9.6399642277978863 0.29583333333333334 1.1694833628063137 0.37313533052792774 73.500000000000014 57.500000000000007
decision_type=2 2 2 2 2 2 2 2 2 2
left_child=1 2 -1 4 -4 -6 7 -2 9 -3
right_child=6 8 3 -5 5 -7 -8 -9 -10 -11
leaf_value=-0.0018496427222284661 0.00047670846789720617 1.6087606198528458e-05 0.0011378435689631396 -0.0069510903666198214 -0.0005056753835171548 0.0002878316706906849 0.0051567836102454842 -0.00061682653952809126 -5.2665831185685463e-05 0.0010165374694903766
leaf_weight=452607.49426269531 1529535.4212036133 24863655.354492188 297569.44274902344 149766.27935791016 717568.93823242188 364268.46630859375 292239.146484375 700175.34125900269 22007191.284179688 2433698.0642089844
leaf_count=104 863 7766 264 98 250 110 190 495 7183 1408
internal_value=0.000216971 -8.14874e-05 -0.00749949 -0.00184326 0.00106648 -0.00362269 0.00628636 0.00391016 0.00021668 0.00152888
internal_weight=5.38083e+07 5.12863e+07 1.98178e+06 1.52917e+06 1.37941e+06 1.08184e+06 2.52195e+06 2.22971e+06 4.93045e+07 2.72974e+07
internal_count=18731 17183 826 722 624 360 1548 1358 16357 9174
is_linear=0
shrinkage=0.04


Tree=210
num_leaves=11
num_cat=1
split_feature=64 5 36 11 53 20 51 27 0 52
split_gain=59435.7 61769.3 63524.5 59348.5 76537.7 75754.3 95537.7 93855.7 144553 165834
threshold=1.1868943990936061 1.1694833628063137 0.37313533052792774 1.0056243078832729 11.300000000000002 1.0000000180025095e-35 0.66041666666666698 23.500000000000004 0 -4.0499999999999998
decision_type=2 2 2 2 2 2 2 2 1 2
left_child=3 2 -2 5 -5 7 -7 8 -1 -10
right_child=1 -3 -4 4 -6 6 -8 -9 9 -11
leaf_value=0.00039986210608035442 0.00045764012918131765 0.004950512265835664 -0.00059215347794696759 4.2066753014940719e-05 0.00054942866862415574 -0.00027203901267690652 0.0001043578522473493 -8.5713024157602267e-05 0.00017683650833079045 -0.00034911461774805196
leaf_weight=2932846.1200561523 1529535.4212036133 292239.146484375 700175.34125900269 19569433.591918945 544444.24261474609 6859717.7875976562 1233472.2308044434 15290577.253967285 2946443.0752868652 1909391.0215454102
leaf_count=856 863 190 495 6825 107 2507 388 4823 1049 628
internal_value=0.000233369 0.00622838 0.00396194 -6.14309e-05 0.00163252 -0.00115445 -0.00448433 1.32433e-05 0.00358728 -0.000647753
internal_weight=5.38083e+07 2.52195e+06 2.22971e+06 5.12863e+07 2.01139e+07 3.11724e+07 8.09319e+06 2.30793e+07 7.78868e+06 4.85583e+06
internal_count=18731 1548 1358 17183 6932 10251 2895 7356 2533 1677
cat_boundaries=0 2
cat_threshold=4224 262144
is_linear=0
shrinkage=0.04


Tree=211
num_leaves=11
num_cat=2
split_feature=30 67 0 34 45 46 46 0 54 39
split_gain=57378.9 77828.7 219328 78375.5 69118.1 62374 134631 163789 82820.4 94258.2
threshold=1.0000000180025095e-35 1.5000000000000002 0 3.5000000000000004 21.618750000000002 18.850000000000005 18.550000000000004 1 7.7500000000000009 0.091608564144514348
decision_type=2 2 1 2 2 2 2 1 2 2
left_child=1 2 -1 -4 -5 6 8 -8 -3 -10
right_child=-2 5 3 4 -6 -7 7 -9 9 -11
leaf_value=-0.0071801109621774106 0.00084685349810973299 2.2623883545130017e-05 0.00088242864804446346 0.0001219411772670567 -0.00087181913965776324 -0.00039051236419163321 -0.00023869149840245564 0.0011888848387747778 0.00023635050633449977 -0.00056806213026646508
leaf_weight=313575.97979736328 597710.93603515625 47109780.335796356 152999.33068847656 331776.90161132812 192093.50170898438 2101063.8524475098 266058.76568603516 462986.80053710938 262838.12036132812 2017390.7080688477
leaf_count=138 278 15952 83 144 74 834 147 144 49 888
internal_value=0.00028519 0.000146749 -0.0109611 0.00185118 -0.00550478 0.000357433 0.000640483 0.0177039 0.000388602 -0.00705655
internal_weight=5.38083e+07 5.32106e+07 990446 676870 523870 5.22201e+07 5.01191e+07 729046 4.939e+07 2.28023e+06
internal_count=18731 18453 439 301 218 18014 17180 291 16889 937
cat_boundaries=0 2 4
cat_threshold=131072 262144 100663426 262144
is_linear=0
shrinkage=0.04


Tree=212
num_leaves=11
num_cat=2
split_feature=54 6 68 0 48 45 4 64 0 6
split_gain=56422 79796.2 61699.7 139468 133159 105405 93721.2 78457.6 89032.9 69349
threshold=20.850000000000005 9.9467597873867764 1.1106803494987865 0 7.4416666666666673 6.710416666666668 20.500000000000004 1.5919406536375533 1 10.091075277328693
decision_type=2 2 2 1 2 2 2 2 1 2
left_child=2 -2 9 4 -4 -5 -7 8 -8 -1
right_child=1 -3 3 5 -6 6 7 -9 -10 -11
leaf_value=0.00010485903311884376 -0.003481257328267276 -3.3425587567533181e-05 -0.00015818980429199115 0.0018364530671419119 0.00041256927255300209 0.00022920268064469294 -0.00020715957059416781 0.0049176675776760716 -0.0012188407649499718 -4.4918267292669158e-05
leaf_weight=15171618.744335175 193663.80484008789 338579.26586914062 1532599.4294433594 353571.59875488281 3668935.838470459 1414973.8532104492 2123743.8643188477 169724.19268798828 898702.67791748047 27942161.962890625
leaf_count=8711 141 93 562 199 1286 713 923 110 479 5514
internal_value=0.000279861 -0.0126789 0.000409327 0.00321313 0.00778935 -0.00158526 -0.00320055 -0.00699888 -0.00848494 -0.000251554
internal_weight=5.38083e+07 532243 5.3276e+07 1.01623e+07 5.20154e+06 4.96072e+06 4.60714e+06 3.19217e+06 3.02245e+06 4.31138e+07
internal_count=18731 234 18497 4272 1848 2424 2225 1512 1402 14225
cat_boundaries=0 1 3
cat_threshold=33689602 268437504 262144
is_linear=0
shrinkage=0.04


Tree=213
num_leaves=11
num_cat=2
split_feature=68 54 36 64 20 49 54 47 0 0
split_gain=55765.3 76545.2 60758.6 71533 55896.8 92628.9 54666.6 55123.5 173454 141874
threshold=1.1809485637434509 1.7500000000000002 0.58703000001339578 1.1988105366162223 1.0000000180025095e-35 4.8500000000000005 20.850000000000005 9.5000000000000018 0 1
decision_type=2 2 2 2 2 2 2 2 1 1
left_child=2 4 3 6 -2 -6 7 9 -9 -1
right_child=1 -3 -4 -5 5 -7 -8 8 -10 -11
leaf_value=0.00056026675257243744 0.0013792620953400234 -0.00017224315745856375 -0.0020899441363101761 0.0012194091913055305 0.0010384322769553588 -0.0012296337942338449 -0.00088590579363172922 -0.00046715797400877224 1.5848875613864135e-05 -3.6748231777696608e-06
leaf_weight=3710081.1460571289 1203121.1227416992 1023278.3843994141 355148.21731948853 373763.55527496338 423802.22052001953 328042.22180175781 438477.39254760742 5826469.9484863281 26419254.312957764 13706836.710632324
leaf_count=1471 661 530 186 252 229 171 184 2610 9479 2958
internal_value=0.000266005 0.00558581 -4.56966e-05 7.03101e-05 0.0102252 0.00166907 -5.97554e-05 6.44e-05 -0.000915007 0.00187768
internal_weight=5.38083e+07 2.97824e+06 5.083e+07 5.04749e+07 1.95497e+06 751844 5.01011e+07 4.96626e+07 3.22457e+07 1.74169e+07
internal_count=18731 1591 17140 16954 1061 400 16702 16518 12089 4429
cat_boundaries=0 2 4
cat_threshold=67108864 262144 100663296 262144
is_linear=0
shrinkage=0.04


Tree=214
num_leaves=11
num_cat=1
split_feature=30 67 0 34 45 45 66 53 53 55
split_gain=57233.4 80011.5 217131 74105.5 69118.1 61901.5 60724.9 56929.2 98446.6 104338
threshold=1.0000000180025095e-35 1.5000000000000002 0 3.5000000000000004 21.618750000000002 27.193750000000005 0.107905307049855 1.8500000000000003 2.5500000000000003 19.000000000000004
decision_type=2 2 1 2 2 2 2 2 2 2
left_child=1 2 -1 -4 -5 7 -2 -3 -9 -10
right_child=6 5 3 4 -6 -7 -8 8 9 -11
leaf_value=-0.0067682857027414724 0.00015929280399104172 -8.2285521970717966e-05 0.00083075288975882427 0.00011822630584352646 -0.00081020335657730274 -0.00086989341467250797 0.0043901704278219407 7.0199974483832912e-05 1.7143642956781357e-05 -0.0012690282597429508
leaf_weight=313575.97979736328 420743.05212402344 4211741.6636810303 152999.33068847656 331776.90161132812 192093.50170898438 440037.73504638672 176967.88391113281 3158541.6039543152 44061708.834945679 348088.74526977539
leaf_count=138 162 850 83 144 74 175 116 781 16055 153
internal_value=0.000300837 0.000162571 -0.0111 0.001648 -0.00550478 0.000376189 0.0126094 0.000503148 0.000897804 0.000412508
internal_weight=5.38083e+07 5.32106e+07 990446 676870 523870 5.22201e+07 597711 5.17801e+07 4.75683e+07 4.44098e+07
internal_count=18731 18453 439 301 218 18014 278 17839 16989 16208
cat_boundaries=0 2
cat_threshold=131072 262144
is_linear=0
shrinkage=0.04


Tree=215
num_leaves=11
num_cat=1
split_feature=12 0 45 9 1 53 36 47 26 47
split_gain=56785.9 118826 88714.8 68120.1 55465.9 89336.7 155526 107030 103471 93591.1
threshold=0.96652722179798378 0 4.4833333333333343 0.97189758737308918 1.0000000180025095e-35 6.9500000000000002 0.0947013195287318 25.850000000000005 1.5000000000000002 16.150000000000002
decision_type=2 1 2 2 2 2 2 2 2 2
left_child=1 -1 -3 -4 -2 6 -6 9 -7 -8
right_child=4 2 3 -5 5 8 7 -9 -10 -11
leaf_value=0.00052242625736325158 -7.6438295191394781e-05 0.00033047327738047137 -0.0004842747907337778 -0.0015243348772092517 -0.00070265745541530993 -0.00086085432968276295 5.8160310976835109e-05 0.00089671383113003908 0.00019005214451604585 -0.00012876193314859317
leaf_weight=1029280.3590393066 8335760.0255737305 434415.85009765625 2574524.0013427734 318793.10974121094 355637.51245117188 498822.95227050781 14907909.655597687 328211.775390625 15028378.450248718 9996541.5409851074
leaf_count=707 2510 163 1010 140 74 165 4211 153 5629 3969
internal_value=0.000285781 -0.00409195 -0.00776572 -0.0102964 0.000671492 0.00127468 -0.000177757 0.000192475 0.00366825 -0.000106602
internal_weight=5.38083e+07 4.35701e+06 3.32773e+06 2.89332e+06 4.94513e+07 4.11155e+07 2.55883e+07 2.52327e+07 1.55272e+07 2.49045e+07
internal_count=18731 2020 1313 1150 16711 14201 8407 8333 5794 8180
cat_boundaries=0 1
cat_threshold=302120960
is_linear=0
shrinkage=0.04


Tree=216
num_leaves=11
num_cat=2
split_feature=68 12 5 0 60 63 66 40 27 0
split_gain=58449.2 79773.9 101605 81654.1 73457.3 67189.9 65765.6 92824.7 113624 157226
threshold=1.1467366597673296 1.026732708563449 0.89385232017851879 0 0.058595023900276419 0.15944179489246726 0.098241166682033157 0.29977661216484358 21.500000000000004 1
decision_type=2 2 2 1 2 2 2 2 2 1
left_child=5 -2 3 -3 -4 6 7 8 -1 -10
right_child=1 2 4 -5 -6 -7 -8 -9 9 -11
leaf_value=0.00011366222409936994 0.00044537987182876205 -0.0015759847663298786 0.0004540858397059156 0.00048390241957817752 -0.00013353999161395022 -0.0010200262393865814 0.00025693654519045396 -0.00021826964806658439 -0.00039877483982360596 1.2167072616153579e-05
leaf_weight=12083731.066162109 2194010.0370483398 425409.47479248047 1344750.6126098633 183758.69964599609 1511377.530090332 1380582.8571891785 6954291.6819458008 8361674.6713256836 5364523.1569824219 14004165.444946289
leaf_count=3226 791 211 620 139 902 911 4321 3300 1282 3028
internal_value=0.000324979 0.00417033 0.00039148 -0.0144391 0.0035547 -0.000126995 0.000129735 -0.000497155 0.000498693 -0.00140028
internal_weight=5.38083e+07 5.65931e+06 3.4653e+06 609168 2.85613e+06 4.8149e+07 4.67684e+07 3.98141e+07 3.14524e+07 1.93687e+07
internal_count=18731 2663 1872 350 1522 16068 15157 10836 7536 4310
cat_boundaries=0 2 4
cat_threshold=67240064 262144 4096 262144
is_linear=0
shrinkage=0.04


Tree=217
num_leaves=11
num_cat=1
split_feature=30 67 0 34 45 66 53 67 26 53
split_gain=54808.7 79442.8 217131 74105.5 69118.1 56305.2 53173.8 102248 205655 103903
threshold=1.0000000180025095e-35 1.5000000000000002 0 3.5000000000000004 21.618750000000002 0.107905307049855 1.8500000000000003 8.5000000000000018 7.5000000000000009 2.2500000000000004
decision_type=2 2 1 2 2 2 2 2 2 2
left_child=1 2 -1 -4 -5 -2 -3 8 -8 -9
right_child=5 6 3 4 -6 -7 7 9 -10 -11
leaf_value=-0.0063529903620183348 0.0001001998211679967 -8.7410341145258491e-05 0.0007796432265802138 0.00012533349242249047 -0.00077372983477804217 0.0041813984871529909 -0.00019592880565360519 0.00024947406916951345 0.0010040925909340656 -2.0375365279866782e-06
leaf_weight=313575.97979736328 420743.05212402344 4211741.6636810303 152999.33068847656 331776.90161132812 192093.50170898438 176967.88391113281 1050992.7947387695 1214348.561706543 1544025.2741355896 44199010.288635254
leaf_count=138 162 850 83 144 74 116 381 306 820 15657
internal_value=0.000257779 0.000122474 -0.0111 0.001648 -0.00550478 0.0123028 0.000335331 0.000713393 0.00843572 0.000272119
internal_weight=5.38083e+07 5.32106e+07 990446 676870 523870 597711 5.22201e+07 4.80084e+07 2.59502e+06 4.54134e+07
internal_count=18731 18453 439 301 218 278 18014 17164 1201 15963
cat_boundaries=0 2
cat_threshold=131072 262144
is_linear=0
shrinkage=0.04


Tree=218
num_leaves=11
num_cat=2
split_feature=40 45 27 36 20 0 26 0 12 48
split_gain=71193.5 98527.4 114146 63354.5 104742 151661 145154 100243 176198 123017
threshold=0.13637003285298807 0.37708333333333344 14.500000000000002 0.19054806214836256 1.0000000180025095e-35 0 46.500000000000007 1 1.0004297946081691 6.8333333333333348
decision_type=2 2 2 2 2 1 2 1 2 2
left_child=1 -1 -3 7 -5 6 -6 8 -2 -9
right_child=3 2 -4 4 5 -7 -8 9 -10 -11
leaf_value=-0.00033493836519199303 0.00017528416306229397 0.00018030601489068971 -0.00083814256029255308 4.2018744017490165e-05 0.00041446992427303966 -0.0005899974005897623 -0.00055964825347656335 -0.00014436300873550483 0.0016683366308096175 7.4009645260266946e-05
leaf_weight=1131512.0386962891 1323439.629119873 510358.58837890625 467410.17712402344 27850063.377170563 2656105.3709106445 5133217.9995803833 1842046.5764465332 3551226.7028808594 867789.94161987305 8475104.8308105469
leaf_count=109 611 69 78 10552 1003 2409 788 753 299 2060
internal_value=0.000212777 -0.00699045 0.00230954 0.000506666 -0.000355741 -0.00395142 0.00141064 0.00278021 0.0106487 0.00134651
internal_weight=5.38083e+07 2.10928e+06 977769 5.1699e+07 3.74814e+07 9.63137e+06 4.49815e+06 1.42176e+07 2.19123e+06 1.20263e+07
internal_count=18731 256 147 18475 14752 4200 1791 3723 910 2813
cat_boundaries=0 1 2
cat_threshold=33687680 100665344
is_linear=0
shrinkage=0.04


Tree=219
num_leaves=11
num_cat=0
split_feature=10 10 51 50 6 6 67 64 67 12
split_gain=57906.1 73398.4 70528.4 89822.4 72205 76327.9 62429.5 114239 69216.7 82818.2
threshold=1.0004405275458925 1.000613755472888 -0.6187499999999998 12.350000000000003 10.829881604338231 10.671636925282963 1.5000000000000002 1.0878876286033894 73.500000000000014 0.98848491587935527
decision_type=2 2 2 2 2 2 2 2 2 2
left_child=6 -2 3 -3 5 -5 7 -1 9 -8
right_child=1 2 -4 4 -6 -7 8 -9 -10 -11
leaf_value=-0.0053542757589272721 0.0011944930884558035 -0.00098691472627326807 6.1668599467143602e-05 -3.6231235944839519e-05 -0.00032743998630144428 0.00036543122000706144 -0.0001612937979669877 -7.293083241945362e-05 -0.00013959335379240597 8.9296163204816693e-05
leaf_weight=256999.32690429688 507260.11682128906 491587.32757568359 25182413.766647339 2590982.1084289551 482672.85986328125 168110.00927734375 5102960.5191040039 370958.09954833984 8692036.1691894531 9962294.9293785095
leaf_count=105 165 177 8244 1172 73 29 2465 171 2982 3148
internal_value=0.000222038 0.00141662 0.00115201 -0.00397864 -0.00156251 0.000934403 -0.00121934 -0.0136679 -0.000890286 0.000749698
internal_weight=5.38083e+07 2.9423e+07 2.89158e+07 3.73335e+06 3.24176e+06 2.75909e+06 2.43852e+07 627957 2.37573e+07 1.50653e+07
internal_count=18731 9860 9695 1451 1274 1201 8871 276 8595 5613
is_linear=0
shrinkage=0.04


Tree=220
num_leaves=11
num_cat=0
split_feature=40 54 26 43 45 27 6 4 62 65
split_gain=55265.5 104075 65915.4 106823 86651.4 139314 114883 164023 136404 94909.1
threshold=0.13637003285298807 1.0000000180025095e-35 5.5000000000000009 3.0000000000000004 12.527083333333335 4.5000000000000009 10.078125577222332 7.5000000000000009 0.89499780206730095 0.91645793515231266
decision_type=2 2 2 2 2 2 2 2 2 2
left_child=1 -1 -2 4 6 -6 7 8 -4 -7
right_child=2 -3 3 -5 5 9 -8 -9 -10 -11
leaf_value=2.8741279161664498e-06 -0.00011944554293291733 -0.00048698975851296816 -0.0015046058098008614 -0.0014083566311788851 0.0005418158417407502 -0.00035822360303373613 2.0150731490284399e-05 0.00070628401046762238 0.00016068280333084324 7.2433416446430687e-07
leaf_weight=1184633.6440429688 6529075.5131530762 924647.16015625 377744.75610351562 489944.22885131836 473549.86096191406 2568105.5591430664 12574832.697509766 5364843.9637641907 1048290.3131027222 22272607.535949707
leaf_count=144 2277 112 32 320 162 887 2316 2998 457 9026
internal_value=0.000205718 -0.00614078 0.000464653 0.00100767 0.00121137 -0.000329356 0.00322536 0.00741771 -0.00463989 -0.000739073
internal_weight=5.38083e+07 2.10928e+06 5.1699e+07 4.51699e+07 4.468e+07 2.53143e+07 1.93657e+07 6.79088e+06 1.42604e+06 2.48407e+07
internal_count=18731 256 18475 16198 15878 10075 5803 3487 489 9913
is_linear=0
shrinkage=0.04


Tree=221
num_leaves=11
num_cat=1
split_feature=68 49 48 48 48 55 53 0 52 16
split_gain=55766.7 114904 85267.7 117475 86538.8 85467.3 123353 83226.6 131517 141066
threshold=0.96781050771280974 10.450000000000001 12.531250000000002 12.264583333333336 12.362500000000002 14.500000000000002 3.5500000000000012 0 -2.25 1.0000000180025095e-35
decision_type=2 2 2 2 2 2 2 1 2 2
left_child=7 2 3 5 -5 -2 -7 8 9 -1
right_child=1 -3 -4 4 -6 6 -8 -9 -10 -11
leaf_value=4.5803873070318591e-05 5.5368207632589029e-05 0.00039677176933618186 -0.00019750541631017644 0.002176831551391669 -2.7797878980409002e-05 3.6953102450882003e-05 -0.0012024019164620858 -0.00015135428701398447 0.0001587948314707085 -0.00031122146987798454
leaf_weight=5542372.3606872559 27514605.442169189 889275.26745605469 3610141.1073303223 480510.8049621582 337045.76721191406 603441.90209960938 497451.05554199219 10210001.889354706 1795630.1289672852 2327799.5069580078
leaf_count=2045 10028 315 1472 200 129 221 208 3070 368 675
internal_value=0.000213126 0.00119867 0.000816815 0.00152845 0.0164788 0.0011013 -0.00982729 -0.00146942 0.00119083 -0.00103787
internal_weight=5.38083e+07 3.39325e+07 3.30432e+07 2.94331e+07 817557 2.86155e+07 1.10089e+06 1.98758e+07 9.6658e+06 7.87017e+06
internal_count=18731 12573 12258 10786 329 10457 429 6158 3088 2720
cat_boundaries=0 1
cat_threshold=100794496
is_linear=0
shrinkage=0.04


Tree=222
num_leaves=11
num_cat=1
split_feature=64 68 55 42 51 67 42 0 50 50
split_gain=54431.8 75392.8 50611.1 106577 118280 102965 101989 128789 167102 138846
threshold=0.76840813574316325 0.66848686488126996 2.5000000000000004 7.5000000000000036 1.0000000180025095e-35 4.5000000000000009 24.500000000000011 0 9.4000000000000021 8.8500000000000032
decision_type=2 2 2 2 2 2 2 1 2 2
left_child=1 -1 6 4 -4 -6 7 9 -9 -2
right_child=2 -3 3 -5 5 -7 -8 8 -10 -11
leaf_value=-0.0059487558480251536 0.00069393915109146819 8.6250342625449601e-05 -0.0014006669018318096 -9.2132555349701841e-06 -0.0026435704669421933 0.00062322975933766967 -2.0292348552770215e-05 -0.00013575034120972575 0.00024086438597054023 0.00039014016971952384
leaf_weight=144562.06994628906 1100477.5805969238 170245.86560058594 1011264.5211791992 21144286.926372528 244274.16076660156 528491.28073120117 19426344.479064941 3087041.0043334961 4716497.4838256836 2234789.8603210449
leaf_count=78 299 82 467 7621 28 349 6160 653 1958 1036
internal_value=0.000215177 -0.0163683 0.000312776 -0.00110778 -0.0104963 0.00128578 0.0013784 0.0044298 0.00161788 0.0110088
internal_weight=5.38083e+07 314808 5.34935e+07 2.29283e+07 1.78403e+06 772765 3.05652e+07 1.11388e+07 7.80354e+06 3.33527e+06
internal_count=18731 160 18571 8465 844 377 10106 3946 2611 1335
cat_boundaries=0 1
cat_threshold=33556608
is_linear=0
shrinkage=0.04


Tree=223
num_leaves=11
num_cat=2
split_feature=40 52 46 0 54 46 26 0 36 48
split_gain=58703.2 88464.6 63179.1 99785 104401 70390.7 70058.7 99326.7 87759 96940.8
threshold=0.13637003285298807 -5.2499999999999982 -6.6499999999999995 0 1.0000000180025095e-35 -4.9999999999999991 5.5000000000000009 1 0.18838882885034847 6.8333333333333348
decision_type=2 2 2 1 2 2 2 1 2 2
left_child=1 -1 3 -2 -5 -4 7 -7 9 -8
right_child=2 -3 5 4 -6 6 8 -9 -10 -11
leaf_value=0.00010026764350122723 -0.00020959643066530527 -0.00028655923888809212 -0.00044063807028721597 0.00070483963969122964 -0.00029783869980436987 0.0001352955800944899 -5.0093132020119883e-05 -0.00039517713299358753 -1.0299996415402654e-05 0.0001576362253172645
leaf_weight=744426.80700683594 983356.92578125 1364853.9971923828 788346.25451660156 1814173.8728027344 615263.52038574219 1953786.1927185059 2721755.7523193359 3522374.896484375 31607941.347118378 7691995.6664123535
leaf_count=104 112 152 162 269 87 716 792 1398 12875 2064
internal_value=0.000213246 -0.00632766 0.000480112 0.00573981 0.0100913 0.000108363 0.000305121 -0.00395039 0.00085969 0.00404435
internal_weight=5.38083e+07 2.10928e+06 5.1699e+07 3.41279e+06 2.42944e+06 4.82862e+07 4.74979e+07 5.47616e+06 4.20217e+07 1.04138e+07
internal_count=18731 256 18475 468 356 18007 17845 2114 15731 2856
cat_boundaries=0 1 2
cat_threshold=4098 33560576
is_linear=0
shrinkage=0.04


Tree=224
num_leaves=11
num_cat=1
split_feature=64 68 53 6 0 51 60 66 26 6
split_gain=54448.9 75392.8 48765.2 103514 102735 95098.1 114143 78163.1 119060 93343.8
threshold=0.76840813574316325 0.66848686488126996 1.8500000000000003 10.884212208011837 0 -0.23750000000000004 0.050623016129213674 0.060769883687979052 15.500000000000002 10.157999351365289
decision_type=2 2 2 2 1 2 2 2 2 2
left_child=1 -1 3 4 -2 7 -7 -6 9 -9
right_child=2 -3 -4 -5 5 6 -8 8 -10 -11
leaf_value=-0.0057103936142475307 0.00010745970395799316 8.3212328777047717e-05 2.0140025461628015e-05 -0.00028818460142349659 0.00031073675050757919 -0.00080696080629959405 0.00014444250554118644 -0.0016099853203917569 -0.00080385107120001665 0.0009379468358194571
leaf_weight=144562.06994628906 609606.98364257812 170245.86560058594 49287456.414272308 714291.57958984375 560945.2119140625 860313.95825195312 477534.05548095703 215568.95524597168 542916.32678222656 224833.81201171875
leaf_count=78 120 82 17718 66 71 148 132 129 137 50
internal_value=0.00021779 -0.0163683 0.000315405 -0.00381884 -0.000980601 -0.00413613 -0.0119424 0.00262675 -0.00417018 0.0112834
internal_weight=5.38083e+07 314808 5.34935e+07 4.20601e+06 3.49172e+06 2.88211e+06 1.33785e+06 1.54426e+06 983319 440403
internal_count=18731 160 18571 853 787 667 280 387 316 179
cat_boundaries=0 1
cat_threshold=67239936
is_linear=0
shrinkage=0.04


Tree=225
num_leaves=11
num_cat=2
split_feature=64 68 55 50 0 26 48 51 0 68
split_gain=54789.9 75392.8 50285.1 105805 139154 119330 111019 116449 130242 127330
threshold=0.76840813574316325 0.66848686488126996 2.5000000000000004 8.8500000000000032 0 27.500000000000004 5.3395833333333345 0.043750000000000032 1 0.94201024505600095
decision_type=2 2 2 2 1 2 2 2 1 2
left_child=1 -1 -2 4 5 -4 -5 -8 9 -9
right_child=2 -3 3 6 -6 -7 7 8 -10 -11
leaf_value=-0.0054819778696776301 4.0634913710592021e-05 7.9883835625965756e-05 0.00075348111469802264 0.00035923899449361507 -0.0010345718324372192 -0.00041808891053525706 -0.0001136094121589383 -0.00022184998285803303 -0.00011316570378886674 0.00039635027885794846
leaf_weight=144562.06994628906 30565150.40814209 170245.86560058594 277018.77056884766 1114449.6815795898 808595.80151367188 389508.01373291016 12695864.379161835 833687.36407470703 3986006.7598876953 2823186.1185302734
leaf_count=78 10106 82 67 396 260 139 5016 145 1720 722
internal_value=0.000269634 -0.0163683 0.000367554 -0.00104842 -0.0114107 0.00212108 -0.000335901 -0.00100947 0.00289146 0.00834299
internal_weight=5.38083e+07 314808 5.34935e+07 2.29283e+07 1.47512e+06 666527 2.14532e+07 2.03387e+07 7.64288e+06 3.65687e+06
internal_count=18731 160 18571 8465 466 206 7999 7603 2587 867
cat_boundaries=0 2 3
cat_threshold=100794368 262144 135170
is_linear=0
shrinkage=0.04


Tree=226
num_leaves=11
num_cat=1
split_feature=64 68 40 42 50 0 50 56 61 26
split_gain=54711.1 75392.8 55043.9 53363.9 161007 152388 255777 139981 110175 119888
threshold=0.76840813574316325 0.66848686488126996 0.11895849047109856 24.500000000000011 14.950000000000001 0 9.4000000000000021 1.0000000180025095e-35 1.0032964036909997 2.5000000000000004
decision_type=2 2 2 2 2 1 2 2 2 2
left_child=1 -1 -2 4 5 7 -7 8 9 -4
right_child=2 -3 3 -5 -6 6 -8 -9 -10 -11
leaf_value=-0.0052626987548905248 -0.00076455996277789001 7.6688482200927172e-05 -0.00079914290887539885 -1.4629699441231069e-05 -0.00018185388524657428 -0.00033690067756309342 0.00024951636544973723 -0.00024753146397394607 9.7462984551403942e-05 0.00098852325027299162
leaf_weight=144562.06994628906 367215.55786132812 170245.86560058594 204981.97842407227 37092204.659851074 4858631.2580680847 2881832.8166503906 3979312.414276123 677315.75158691406 851546.97027587891 2580425.8901977539
leaf_count=78 75 82 61 12048 2421 569 1617 159 578 1043
internal_value=0.000257667 -0.0163683 0.000355517 0.000462196 0.00239038 0.00503331 0.00132939 0.0109237 0.0140331 0.0178824
internal_weight=5.38083e+07 314808 5.34935e+07 5.31263e+07 1.6034e+07 1.11754e+07 6.86115e+06 4.31427e+06 3.63695e+06 2.78541e+06
internal_count=18731 160 18571 18496 6448 4027 2186 1841 1682 1104
cat_boundaries=0 1
cat_threshold=100665472
is_linear=0
shrinkage=0.04


Tree=227
num_leaves=11
num_cat=1
split_feature=64 68 66 5 6 60 45 51 62 0
split_gain=54295.4 75392.8 48764.7 83344.2 82535.9 72886.4 70865.7 69754.2 60474.5 73874.4
threshold=0.76840813574316325 0.66848686488126996 0.12780445112349689 1.0123130853103539 10.016419486850074 0.11244939915583108 5.4312500000000012 0.8041666666666667 0.99525107690760461 0
decision_type=2 2 2 2 2 2 2 2 2 1
left_child=1 -1 5 7 -5 -2 -6 8 -4 -10
right_child=2 -3 3 4 6 -7 -8 -9 9 -11
leaf_value=-0.0050521908046949051 -1.4683474354756536e-08 7.3620942912890091e-05 -0.00034693356440378744 0.0013452869175414794 0.001532239762201039 -0.00079476245782245309 -0.00030241966111715961 0.0020972034651087178 0.00082590546745617808 -0.00029367684393511682
leaf_weight=144562.06994628906 45652287.522674561 170245.86560058594 1720852.8249206543 1723310.2369384766 227445.3056640625 855062.89819335938 829072.931640625 277117.99340820312 959256.95808029175 1249060.6256713867
leaf_count=78 13544 82 971 1364 81 496 268 196 460 1191
internal_value=0.000194395 -0.0163683 0.000291873 0.00340792 0.00878217 -0.000176207 -2.05391e-05 -0.000143808 -0.00151182 0.0028688
internal_weight=5.38083e+07 314808 5.34935e+07 6.98612e+06 2.77983e+06 4.65074e+07 1.05652e+06 4.20629e+06 3.92917e+06 2.20832e+06
internal_count=18731 160 18571 4531 1713 14040 349 2818 2622 1651
cat_boundaries=0 2
cat_threshold=137218 262144
is_linear=0
shrinkage=0.04


Tree=228
num_leaves=11
num_cat=2
split_feature=30 67 0 54 45 66 45 6 51 0
split_gain=55857.6 71361.2 224614 77440.6 56636.5 56305.2 51583.4 51999.4 50056.2 79083.9
threshold=1.0000000180025095e-35 1.5000000000000002 0 5.6500000000000012 21.264583333333338 0.107905307049855 27.193750000000005 10.386727529823782 0.88750000000000007 1
decision_type=2 2 1 2 2 2 2 2 2 1
left_child=1 2 -1 4 -4 -2 8 -8 -3 -10
right_child=5 6 3 -5 -6 -7 7 -9 9 -11
leaf_value=-0.0051385644465821931 0.000133505717789303 -1.6848936686776434e-06 0.0005587634691813319 -0.0011606570975935483 -9.92078866268259e-05 0.0040798455067148475 -0.0014373243941950813 -0.00016255625263836369 0.00045513599915491588 -4.0050255179709622e-06
leaf_weight=313575.97979736328 420743.05212402344 47754803.488201141 198413.35852050781 173813.38781738281 304642.98767089844 176967.88391113281 246434.40252685547 193603.33251953125 1638747.3972473145 2386529.9624023438
leaf_count=138 162 16470 103 70 128 116 136 39 456 913
internal_value=0.000143064 6.47039e-06 -0.0106298 0.0023359 0.0102888 0.0123028 0.000208211 -0.0134289 0.000324107 0.00460779
internal_weight=5.38083e+07 5.32106e+07 990446 676870 503056 597711 5.22201e+07 440038 5.17801e+07 4.02528e+06
internal_count=18731 18453 439 301 231 278 18014 175 17839 1369
cat_boundaries=0 2 3
cat_threshold=131072 262144 33687552
is_linear=0
shrinkage=0.04


Tree=229
num_leaves=11
num_cat=2
split_feature=30 67 0 6 51 66 51 0 65 52
split_gain=55721.6 68284.9 220249 71495.7 64597.4 56305.2 49389.9 69768.4 115229 70209.5
threshold=1.0000000180025095e-35 1.5000000000000002 0 9.7478285442516377 -0.0062499999999999405 0.107905307049855 0.98125000000000018 1 0.94984390611338132 -5.1499999999999986
decision_type=2 2 1 2 2 2 2 1 2 2
left_child=1 2 -1 -4 -5 -2 -3 8 -8 -9
right_child=5 6 3 4 -6 -7 7 9 -10 -11
leaf_value=-0.0049330218687189042 0.00012816548907773075 -5.4907512361119029e-06 0.00074792581633668508 -0.00053196981852538861 0.00022760506437022017 0.0039166516864462533 -0.001017338859127306 0.00075315780761802688 0.00017151576436613415 7.8279902160179312e-05
leaf_weight=313575.97979736328 420743.05212402344 48878727.442974091 174628.25476074219 251027.79699707031 251213.68225097656 176967.88391113281 249010.32257080078 835095.31692504883 548731.76000976562 1708553.7404174805
leaf_count=138 162 16870 120 93 88 116 103 228 276 537
internal_value=0.000157875 2.14478e-05 -0.0103831 0.00245603 -0.00520971 0.0123028 0.000218792 0.00492374 -0.00539716 0.00816061
internal_weight=5.38083e+07 5.32106e+07 990446 676870 502241 597711 5.22201e+07 3.34139e+06 797742 2.54365e+06
internal_count=18731 18453 439 301 181 278 18014 1144 379 765
cat_boundaries=0 2 4
cat_threshold=131072 262144 268435458 262144
is_linear=0
shrinkage=0.04


Tree=230
num_leaves=11
num_cat=0
split_feature=64 68 64 30 51 54 6 40 52 36
split_gain=53215.4 68355 47945.7 47622.3 49744.6 46439.1 76501 44497.4 79806.4 66965.2
threshold=0.76840813574316325 0.66848686488126996 1.952746898887477 1.0000000180025095e-35 -0.11666666666666668 20.850000000000005 10.299235066409116 0.13637003285298807 -5.1499999999999986 0.18838882885034847
decision_type=2 2 2 2 2 2 2 2 2 2
left_child=1 -1 3 5 -5 7 -7 8 -2 -9
right_child=2 -3 -4 4 -6 6 -8 9 -10 -11
leaf_value=-0.0044472397198950641 9.2896936243913898e-05 -4.0846451207981143e-05 0.0047174170955560854 0.0013442935455616864 2.8682124841017228e-05 -0.0024560969014105374 2.5267967694530444e-05 7.2138090731321266e-05 -0.00027096093687843957 -2.0432136817777512e-05
leaf_weight=144562.06994628906 748122.85729980469 170245.86560058594 242389.4317741394 216333.71368408203 371490.94464111328 239518.58792114258 244235.47705078125 13136103.14239502 1357461.8966064453 36937811.245819092
leaf_count=78 105 82 177 103 169 156 58 3431 150 14222
internal_value=0.000141173 -0.016256 0.000237676 0.000156879 0.0114789 3.04987e-05 -0.0123056 0.000144871 -0.00555145 0.0003844
internal_weight=5.38083e+07 314808 5.34935e+07 5.32511e+07 587825 5.26633e+07 483754 5.21795e+07 2.10558e+06 5.00739e+07
internal_count=18731 160 18571 18394 272 18122 214 17908 255 17653
is_linear=0
shrinkage=0.04


Tree=231
num_leaves=11
num_cat=1
split_feature=65 12 66 0 26 26 65 53 52 52
split_gain=55719.1 112503 126124 106818 127558 176416 106003 96293.6 80204.1 100352
threshold=0.92844415641771816 0.98271330740076701 0.058319160940269829 0 36.500000000000007 8.5000000000000018 0.93259676565280591 1.3500000000000003 -1.8999999999999999 -2.0499999999999994
decision_type=2 2 2 1 2 2 2 2 2 2
left_child=3 2 -2 8 5 -5 -4 -7 9 -1
right_child=1 -3 6 4 -6 7 -8 -9 -10 -11
leaf_value=-0.0002986726847556621 -0.0018741790597140732 5.6787493083629195e-05 0.00042453427212128569 -0.00020718757606131967 -0.00027057862406321256 -0.00045120870475202684 -0.00030325414251315165 0.00029247441370208234 -0.00063206112957352764 0.0006743784876323825
leaf_weight=5083189.6154785156 262122.2578125 34178337.571971893 274531.10803222656 1954133.6730041504 2258468.2958679199 592830.88177490234 3287840.6360778809 4930497.2754821777 664234.88220214844 322089.03503417969
leaf_count=1232 63 12448 88 652 743 101 1608 1640 71 85
internal_value=0.000187167 0.00101727 -0.00548885 -0.00180875 0.000787636 0.00330389 -0.00351837 0.00695839 -0.00597351 -0.0043616
internal_weight=5.38083e+07 3.80028e+07 3.82449e+06 1.58054e+07 9.73593e+06 7.47746e+06 3.56237e+06 5.52333e+06 6.06951e+06 5.40528e+06
internal_count=18731 14207 1759 4524 3136 2393 1696 1741 1388 1317
cat_boundaries=0 2
cat_threshold=6144 262144
is_linear=0
shrinkage=0.04


Tree=232
num_leaves=11
num_cat=1
split_feature=64 26 42 27 55 0 51 48 49 67
split_gain=51268 70847.5 47631.3 143165 160186 152713 134832 120540 162579 135057
threshold=0.76840813574316325 28.500000000000004 24.500000000000011 50.500000000000007 1.5000000000000002 0 0.043750000000000032 5.9833333333333352 4.4500000000000011 15.500000000000002
decision_type=2 2 2 2 2 1 2 2 2 2
left_child=1 -1 3 4 5 -2 -6 -7 9 -9
right_child=2 -3 -4 -5 6 7 -8 8 -10 -11
leaf_value=0.00013137544612210473 0.00052282004280300139 -0.0042413065609323624 -1.602901016664538e-05 0.00084501321231019041 -0.00050571880115516765 -0.00017698444221428294 8.4883892471898244e-05 -3.1366505955415067e-05 -0.00017480396460712973 0.00063801558185545913
leaf_weight=150290.70587158203 3008702.4265441895 164517.22967529297 37092204.659851074 3039813.0020866394 3531753.4093933105 2004472.2115478516 1812450.4240112305 550778.85906982422 1627149.3539428711 826142.95074462891
leaf_count=69 993 91 12048 1912 1718 355 655 252 465 173
internal_value=0.000253735 -0.0158406 0.000348456 0.00214343 0.000360894 0.0039367 -0.00500344 -0.000342087 0.00472681 0.0148424
internal_weight=5.38083e+07 314808 5.34935e+07 1.64013e+07 1.33614e+07 8.01725e+06 5.3442e+06 5.00854e+06 3.00407e+06 1.37692e+06
internal_count=18731 160 18571 6523 4611 2238 2373 1245 890 425
cat_boundaries=0 1
cat_threshold=100665472
is_linear=0
shrinkage=0.04


Tree=233
num_leaves=11
num_cat=1
split_feature=68 11 12 0 7 67 52 52 49 28
split_gain=55009.4 100566 103598 97106.8 83151.9 114853 81470.2 78124.8 75414.2 75113.3
threshold=1.0205584634041334 0.99034892679830844 0.98295760888465311 0 0.99282264054282743 25.500000000000004 -6.8499999999999988 -6.1499999999999995 0.35000000000000003 1.0000000180025095e-35
decision_type=2 2 2 1 2 2 2 2 2 2
left_child=1 2 -1 -4 5 -3 -2 -5 -8 -6
right_child=6 4 3 7 9 -7 8 -9 -10 -11
leaf_value=-0.0013285064155862314 -0.00046039789982989829 0.0016803282810699406 -0.00027765462372621462 0.00037467358004135241 -1.1862253863730753e-05 2.3743912657302491e-05 -0.0015042271332597519 -0.00024149315720539203 0.00011299665645439753 -0.0030524203927773425
leaf_weight=719534.49652099609 1424290.3089599609 835471.4969329834 1113497.5549316406 881453.71862792969 24023283.562103271 1446189.6187744141 191805.33807373047 2707914.2359008789 20095319.139190674 369515.76272201538
leaf_count=329 630 415 246 364 6410 571 69 1126 8380 191
internal_value=0.000101077 -0.000950804 -0.0059168 -0.00375412 5.86903e-05 0.00736085 0.00165611 -0.000552675 0.00230536 -0.000624347
internal_weight=5.38083e+07 3.20969e+07 5.4224e+06 4.70287e+06 2.66745e+07 2.28166e+06 2.17114e+07 3.58937e+06 2.02871e+07 2.43928e+07
internal_count=18731 9652 2065 1736 7587 986 9079 1490 8449 6601
cat_boundaries=0 1
cat_threshold=67239936
is_linear=0
shrinkage=0.04


Tree=234
num_leaves=11
num_cat=1
split_feature=68 67 12 40 47 47 45 0 66 52
split_gain=54765 101027 93518.5 92299.7 84861.6 86881.6 84459.6 206931 126676 98266.6
threshold=0.95612081005470906 49.500000000000007 0.95314516899993673 0.23613238879723597 2.5000000000000004 1.0500000000000003 2.0083333333333337 0 0.04758039370144624 -3.9499999999999993
decision_type=2 2 2 2 2 2 2 1 2 2
left_child=1 2 -1 -3 5 -4 7 -6 -9 -10
right_child=-2 3 4 -5 6 -7 -8 8 9 -11
leaf_value=-0.0018379810780677186 3.0778660902007989e-05 -0.00056043872545877272 -2.1719282724879434e-05 -0.00011886080283821753 0.0011454778467187151 -0.00053004247606291304 3.4828000583246944e-05 0.00025658821799920607 0.0002159888420279887 -0.0015623312296355627
leaf_weight=445743.50524902344 36157896.263824463 1107492.1486816406 3884950.6622924805 2163530.0426025391 706543.62219238281 846633.04083251953 7709552.8045768738 315552.88562011719 189877.41018676758 280502.8466796875
leaf_count=345 13318 222 461 785 200 181 2953 65 102 99
internal_value=7.73412e-05 -0.00174912 -0.000305763 -0.00809407 0.000271214 -0.00408211 0.00250965 0.0112193 -0.00290285 -0.0160557
internal_weight=5.38083e+07 1.76504e+07 1.43794e+07 3.27102e+06 1.39336e+07 4.73158e+06 9.20203e+06 1.49248e+06 785933 470380
internal_count=18731 5413 4406 1007 4061 642 3419 466 266 201
cat_boundaries=0 2
cat_threshold=67115008 262144
is_linear=0
shrinkage=0.04


Tree=235
num_leaves=11
num_cat=2
split_feature=30 67 0 51 6 66 67 53 3 0
split_gain=49973.6 71508.6 209216 76130.4 108153 53396.6 51883.6 208109 121729 89569.3
threshold=1.0000000180025095e-35 1.5000000000000002 0 0.40625000000000028 9.797137984899944 0.107905307049855 8.5000000000000018 3.2500000000000009 1.0000000180025095e-35 1
decision_type=2 2 1 2 2 2 2 2 2 1
left_child=1 2 -1 4 -4 -2 7 -3 9 -9
right_child=5 6 3 -5 -6 -7 -8 8 -10 -11
leaf_value=-0.0046231002832903016 0.00012741530037786616 -0.00042030131665478712 0.00064673485779234566 0.00052901090988437087 -0.00041851400037948533 0.0037611560323087298 -5.3741225467387222e-06 0.0018157638732487556 -0.00084244468556799693 0.00020007403970445322
leaf_weight=313575.97979736328 420743.05212402344 1052897.1998825073 158314.76000976562 162518.64123535156 356036.33276367188 176967.88391113281 49029909.750061035 756656.57556152344 362472.46118164062 1018182.5962104797
leaf_count=138 162 209 101 71 129 116 16750 435 144 476
internal_value=0.000107454 -2.17454e-05 -0.010669 0.00184441 -0.00569636 0.0116089 0.000180203 0.00512303 0.0122936 0.0166076
internal_weight=5.38083e+07 5.32106e+07 990446 676870 514351 597711 5.22201e+07 3.19021e+06 2.13731e+06 1.77484e+06
internal_count=18731 18453 439 301 230 278 18014 1264 1055 911
cat_boundaries=0 2 3
cat_threshold=131072 262144 369104896
is_linear=0
shrinkage=0.04


Tree=236
num_leaves=11
num_cat=1
split_feature=68 39 46 49 1 51 63 0 37 6
split_gain=48512.9 78175.3 69297.2 100824 93623.2 87748.9 61155.9 60068.6 57283.7 56168.6
threshold=1.1452329878811158 0.12393867036142019 10.450000000000001 6.0500000000000007 3.5000000000000004 -0.46041666666666664 0.15944179489246726 0 7.9893920809551586e-06 8.8140540182714773
decision_type=2 2 2 2 2 2 2 1 2 2
left_child=6 -2 4 5 -3 8 9 -7 -4 -1
right_child=1 2 3 -5 -6 7 -8 -9 -10 -11
leaf_value=0.0018612104917971359 0.00052598170870547627 0.001521031770618125 0.00035331705742758463 -0.00043929293526724427 -0.00051474602647944988 0.0010053604717515125 -0.00095808888814901056 2.9196952843554224e-05 -0.00091977813449733439 -8.4735562992815441e-06
leaf_weight=763951.16174316406 713384.29803466797 837232.72247314453 203589.12719726562 1490324.111328125 321198.26098632812 938313.48907470703 1378388.5188102722 687805.65966796875 580623.7890625 45893464.094360352
leaf_count=1064 187 441 86 719 171 394 909 433 309 14018
internal_value=0.000139612 0.0036043 0.00185628 -0.000694952 0.0104466 0.00436182 -0.000276743 0.00966187 -0.00662817 -3.14269e-05
internal_weight=5.38083e+07 5.77247e+06 5.05909e+06 3.90066e+06 1.15843e+06 2.41033e+06 4.80358e+07 1.62612e+06 784213 4.66574e+07
internal_count=18731 2740 2553 1941 612 1222 15991 827 395 15082
cat_boundaries=0 2
cat_threshold=135298 262144
is_linear=0
shrinkage=0.04


Tree=237
num_leaves=11
num_cat=3
split_feature=12 0 7 45 37 0 27 1 0 53
split_gain=46259.5 94408.5 78571.6 58591.4 55052.7 48786.6 71105.6 48484.3 73748.2 119254
threshold=0.96652722179798378 0 0.99973393226949747 4.4833333333333343 4.7485946718428421e-05 1 58.500000000000007 1.0000000180025095e-35 2 8.1500000000000039
decision_type=2 1 2 2 2 1 2 2 1 2
left_child=1 -1 -3 -4 5 -5 -7 8 9 -2
right_child=7 2 3 4 -6 6 -8 -9 -10 -11
leaf_value=0.00044774965143496326 9.9230487228136753e-05 -0.0023821003842065132 0.00030900286478974302 -0.00012693726587660416 0.00062083983720065113 7.0398577471490832e-06 -0.0010619301966417309 3.5969059934395379e-05 -0.00031736140540848277 -0.00029304432435747681
leaf_weight=1029280.3590393066 2968041.6064453125 245888.85473632812 434415.85009765625 1091553.0594482422 216038.37585449219 364058.14038085938 975778.6806640625 41115501.886943817 4091496.157043457 1276222.2620849609
leaf_count=707 761 119 163 456 102 152 321 14201 1396 353
internal_value=0.000164336 -0.00378686 -0.00706149 -0.00532527 -0.00755942 -0.00927883 -0.014393 0.000512466 -0.00226918 0.00142488
internal_weight=5.38083e+07 4.35701e+06 3.32773e+06 3.08184e+06 2.64743e+06 2.43139e+06 1.33984e+06 4.94513e+07 8.33576e+06 4.24426e+06
internal_count=18731 2020 1313 1194 1031 929 473 16711 2510 1114
cat_boundaries=0 1 2 4
cat_threshold=302120960 67110914 67239938 262144
is_linear=0
shrinkage=0.04


Tree=238
num_leaves=11
num_cat=2
split_feature=68 5 66 0 52 26 62 0 47 8
split_gain=46693.6 101882 136300 132469 121100 111446 105311 104364 180372 90640.9
threshold=0.94201024505600095 1.0239625556666898 0.069736141523749615 0 -4.8499999999999988 52.500000000000007 0.96749857696035668 1 5.3500000000000005 0.99297140327045963
decision_type=2 2 2 1 2 2 2 1 2 2
left_child=9 6 -3 5 -5 -4 -2 8 -8 -1
right_child=1 2 3 4 -6 -7 7 -9 -10 -11
leaf_value=0.00071594426234479784 -0.00041921434380431624 0.0005320594694793356 -0.00084987072290214848 -0.00011419000308013003 0.00040848461532779336 0.00079779421345398821 0.0018539471596354317 3.7350101888395724e-05 -0.00061424282618104142 -7.1115246542765288e-05
leaf_weight=609211.92909240723 2330570.3094482422 1163555.9692993164 1066975.3684082031 2151119.3245849609 4060812.962097168 290107.05932617188 219190.12353515625 26743892.140472412 1878406.3065795898 13294433.739894867
leaf_count=392 975 286 259 868 1570 69 44 9366 1069 3833
internal_value=0.000195416 0.000890947 0.00470957 0.0027502 0.00522356 -0.00857127 -0.000178809 0.000482095 -0.00810951 -0.00180082
internal_weight=5.38083e+07 3.99046e+07 8.73257e+06 7.56901e+06 6.21193e+06 1.35708e+06 3.11721e+07 2.88415e+07 2.0976e+06 1.39036e+07
internal_count=18731 14506 3052 2766 2438 328 11454 10479 1113 4225
cat_boundaries=0 1 2
cat_threshold=4096 67108864
is_linear=0
shrinkage=0.04


Tree=239
num_leaves=11
num_cat=1
split_feature=48 50 11 12 0 27 47 58 67 60
split_gain=48224.1 94547.2 48606.7 89450.4 78966 115305 97091.7 86595.5 75922 78387
threshold=2.4625000000000008 5.9000000000000012 1.0056243078832729 1.004188113021901 0 27.500000000000004 19.300000000000001 0.96487622565542785 3.5000000000000004 0.046173435217550046
decision_type=2 2 2 2 1 2 2 2 2 2
left_child=-1 -2 3 8 5 6 -5 -6 -3 -10
right_child=1 2 -4 4 7 -7 -8 -9 9 -11
leaf_value=-0.00062745572516045205 0.0006704998919761098 -0.0021863213542204934 5.3096168623247433e-05 -3.3341183243219946e-05 0.00021498678876570251 1.3463709325677701e-05 0.00054330792803458194 -0.00039476247569924567 -2.3258294134634787e-05 -0.00035280611190507033
leaf_weight=377463.60607910156 479849.13427734375 383227.15307617188 20278576.819469452 953309.60571289062 2300515.2984619141 8090599.7582397461 1914668.8670959473 2563399.3120727539 12303229.618927002 4163436.0593261719
leaf_count=54 117 152 7293 305 1397 2405 598 1399 3327 1684
internal_value=0.000167623 0.000268275 0.000108093 -0.000846678 0.00131316 0.00319576 0.0100872 -0.0029284 -0.00287482 -0.0024652
internal_weight=5.38083e+07 5.34308e+07 5.2951e+07 3.26724e+07 1.58225e+07 1.09586e+07 2.86798e+06 4.86391e+06 1.68499e+07 1.64667e+07
internal_count=18731 18677 18560 11267 6104 3308 903 2796 5163 5011
cat_boundaries=0 2
cat_threshold=33691648 262144
is_linear=0
shrinkage=0.04


Tree=240
num_leaves=11
num_cat=2
split_feature=23 0 51 48 65 0 26 26 5 47
split_gain=45646.6 57385.3 91067.3 50758.7 49238 123716 115195 156199 111023 138496
threshold=1.0000000180025095e-35 0 0.13124999999999998 13.19375 0.92844415641771816 1 36.500000000000007 7.5000000000000009 1.0239625556666898 2.5000000000000004
decision_type=2 1 2 2 2 1 2 2 2 2
left_child=4 2 -2 -3 5 -1 7 -7 -6 -10
right_child=1 3 -4 -5 8 6 -8 -9 9 -11
leaf_value=-0.00027799712194129125 -0.00064960617435119955 -0.00033662945164633721 2.6322502923049292e-05 0.00073572437601435278 5.3221638937250439e-06 -0.0002287706676829494 -0.00026927897830237706 0.00014849296116186122 -0.00034499180929492465 0.00031325091319948201
leaf_weight=5962014.1401367188 740891.97497558594 455305.16845703125 462362.66662597656 284643.79614257812 29709561.222911835 1535340.1141662598 2258468.2958679199 5718815.5156555176 479369.99963378906 6201502.3381652832
leaf_count=1373 225 156 85 92 11282 515 743 1813 110 2337
internal_value=0.000184781 -0.0058341 -0.0112244 0.00293144 0.00041029 -0.00147968 0.00135176 0.00380783 0.00121398 0.0058731
internal_weight=5.38083e+07 1.9432e+06 1.20325e+06 739949 5.18651e+07 1.54746e+07 9.51262e+06 7.25416e+06 3.63904e+07 6.68087e+06
internal_count=18731 558 310 248 18173 4444 3071 2328 13729 2447
cat_boundaries=0 2 4
cat_threshold=335679488 262144 6144 262144
is_linear=0
shrinkage=0.04


Tree=241
num_leaves=11
num_cat=0
split_feature=11 52 37 27 51 45 6 40 66 51
split_gain=43750.6 77881.9 121701 118228 148732 136789 134854 115125 106328 91716.5
threshold=1.0056243078832729 -4.1499999999999995 1.2232475680067952e-05 41.500000000000007 0.78333333333333333 12.631250000000001 10.454306279388648 0.24510650440627887 0.04342195862733534 -0.056249999999999974
decision_type=2 2 2 2 2 2 2 2 2 2
left_child=1 2 3 9 5 7 -7 -5 -3 -1
right_child=-2 8 -4 4 -6 6 -8 -9 -10 -11
leaf_value=0.00042338161763837866 5.0170353564128295e-05 -0.00031113394400276214 -0.00015327266046897826 0.00070599494303702189 0.00057473250137132553 6.3240605544853651e-05 -0.00027904916643019641 -0.00038563816854327054 -5.3011457371112796e-05 0.00010032706372938604
leaf_weight=2418370.673828125 20768152.440074921 1441195.3749389648 9119266.6148681641 506088.99743652344 336452.28167724609 1987126.5609130859 2458488.5998535156 389831.41247558594 9476310.4755249023 4906991.8011474609
leaf_count=808 7389 234 4240 84 115 826 449 105 3187 1294
internal_value=0.00026289 -0.000641396 0.000722876 0.00320739 -0.00112483 -0.00274964 -0.00562321 0.011509 -0.00340588 0.00656534
internal_weight=5.38083e+07 3.30401e+07 2.21226e+07 1.30034e+07 5.67799e+06 5.34154e+06 4.44562e+06 895920 1.09175e+07 7.32536e+06
internal_count=18731 11342 7921 3681 1579 1464 1275 189 3421 2102
is_linear=0
shrinkage=0.04


Tree=242
num_leaves=11
num_cat=2
split_feature=48 48 26 68 0 46 53 67 0 47
split_gain=41325.5 125277 89986 138670 83721 82746.1 79040.8 72006.3 66473.6 65291.8
threshold=12.406250000000002 12.264583333333336 47.500000000000007 1.0538334832547169 0 18.750000000000004 4.0499999999999998 3.5000000000000004 1 26.800000000000001
decision_type=2 2 2 2 1 2 2 2 1 2
left_child=1 9 5 8 -3 7 -5 -2 -4 -1
right_child=2 4 3 6 -6 -7 -8 -9 -10 -11
leaf_value=2.151710472513305e-05 -0.0021201853001338684 1.6241443594059021e-06 -0.00039755860657499976 0.0013079306747494595 0.0010137790161426905 0.00082417854796952225 -0.00017136842876645884 2.0522936587549206e-05 -0.00081709920483906851 -0.00026037445294936509
leaf_weight=41748087.255401611 286853.08343505859 319820.09008789062 396193.73388671875 185741.55163574219 468126.06869506836 235080.53601074219 893674.43563842773 4716123.1830253601 999382.37573242188 3559192.9191894531
leaf_count=13946 65 140 187 102 175 81 388 1723 340 1584
internal_value=0.000256333 0.000709783 -0.0024536 -0.00873896 0.0165222 0.000516264 0.00202683 -0.000573568 -0.0170657 0.00043478
internal_weight=5.38083e+07 4.60952e+07 7.71305e+06 2.47499e+06 787946 5.23806e+06 1.07942e+06 5.00298e+06 1.39558e+06 4.53073e+07
internal_count=18731 15845 2886 1017 315 1869 490 1788 527 15530
cat_boundaries=0 2 4
cat_threshold=268439680 262144 268435584 262144
is_linear=0
shrinkage=0.04


Tree=243
num_leaves=11
num_cat=1
split_feature=68 44 0 50 28 54 7 27 45 47
split_gain=43224.8 86565.5 97807.3 258889 175409 98504.2 98358.1 88959.9 100988 104164
threshold=1.0205584634041334 2.5000000000000004 0 9.1500000000000004 1.0000000180025095e-35 5.6500000000000012 1.0332394239939158 31.500000000000004 -7.029166666666665 26.000000000000004
decision_type=2 2 1 2 2 2 2 2 2 2
left_child=1 2 3 6 -4 7 -1 -5 -9 -10
right_child=-2 -3 4 5 -6 -7 -8 8 9 -11
leaf_value=0.00085526602981139807 6.5318039640547396e-05 -0.0019243042772128475 -3.0103348124963281e-05 -0.00034599540919774766 -0.0038762213211878992 -0.0010628741396748491 -0.00039688382897103835 -0.0016838596763693876 0.00070757576570909379 -0.00098351789594334376
leaf_weight=1359582.6491088867 21711414.786224365 334987.64456176758 24293039.561950684 2447737.4738769531 351335.48615646362 597794.06951904297 266666.9912109375 169975.26281738281 2132547.4993591309 143193.80795288086
leaf_count=447 9079 236 5964 1079 200 284 122 36 1218 66
internal_value=0.000264701 -0.000667726 -0.000454384 0.00367597 -0.00164727 -0.000475603 0.0176942 0.00139691 0.00679235 0.00901378
internal_weight=5.38083e+07 3.20969e+07 3.17619e+07 7.1175e+06 2.46444e+07 5.49125e+06 1.62625e+06 4.89345e+06 2.44572e+06 2.27574e+06
internal_count=18731 9652 9416 3252 6164 2683 569 2399 1320 1284
cat_boundaries=0 1
cat_threshold=100663424
is_linear=0
shrinkage=0.04


Tree=244
num_leaves=11
num_cat=2
split_feature=12 0 26 45 9 37 9 65 5 0
split_gain=43241 89202.5 70445.2 50621.9 52592.3 72254.7 47853.9 47308.2 94169.4 130454
threshold=0.96652722179798378 0 56.500000000000007 4.4833333333333343 0.95588834696307068 2.0638280937847094e-05 0.94410897587814613 0.94984390611338132 1.0123130853103539 1
decision_type=2 1 2 2 2 2 2 2 2 1
left_child=1 -1 3 -3 5 -5 -2 -8 -9 -10
right_child=6 2 -4 4 -6 -7 7 8 9 -11
leaf_value=0.00042660376367112862 0.00040329097714366697 0.00028854425272269418 -0.0029482733004110953 -0.00057385053573219677 -0.00067158475737679293 0.00011929892504559857 -3.0105727629242548e-05 9.8964615204924906e-06 -0.00011401975835018805 0.0011304774446588165
leaf_weight=1029280.3590393066 1126150.7697257996 434415.85009765625 321068.10131835938 925537.80004882812 626730.37817382812 1019980.8315429688 17905290.421295166 26793491.039794922 1448301.5384521484 2178028.1432495117
leaf_count=707 496 163 140 323 277 410 4555 10027 384 1249
internal_value=0.000261622 -0.00355849 -0.00674155 -0.00483967 -0.00697263 -0.00372626 0.000598203 0.00040825 0.00136843 0.00741789
internal_weight=5.38083e+07 4.35701e+06 3.32773e+06 3.00666e+06 2.57225e+06 1.94552e+06 4.94513e+07 4.83251e+07 3.04198e+07 3.62633e+06
internal_count=18731 2020 1313 1173 1010 733 16711 16215 11660 1633
cat_boundaries=0 1 3
cat_threshold=302120960 135168 262144
is_linear=0
shrinkage=0.04


Tree=245
num_leaves=11
num_cat=3
split_feature=23 0 51 48 65 0 5 62 26 0
split_gain=43141.2 58971.2 88630.3 47874.8 44494.3 102593 97859.9 110830 95250.8 89532.9
threshold=1.0000000180025095e-35 0 0.13124999999999998 13.19375 0.92844415641771816 1 1.0239625556666898 0.96489313823086931 45.500000000000007 2
decision_type=2 1 2 2 2 1 2 2 2 1
left_child=4 2 -2 -3 5 8 7 -6 -1 -9
right_child=1 3 -4 -5 6 -7 -8 9 -10 -11
leaf_value=7.8669527133306842e-05 -0.00062429828630718761 -0.00028491656375317356 1.0994734366253638e-05 0.00059650229860621273 -0.0006175128934083232 -0.00021815450656691417 0.00024184182670237243 -0.00035509808944730897 -0.00026260415705916265 4.357031829068386e-05
leaf_weight=6460695.5020446777 740891.97497558594 455305.16845703125 462362.66662597656 284643.79614257812 1610664.99609375 7661437.7209472656 6680872.3377990723 2871247.0930175781 1352504.8428344727 25227649.133800507
leaf_count=2206 225 156 85 92 724 1824 2447 2139 414 8419
internal_value=0.000278895 -0.00557248 -0.0110368 0.00331333 0.000498127 -0.0012985 0.00126212 0.00027848 0.00192664 0.000863405
internal_weight=5.38083e+07 1.9432e+06 1.20325e+06 739949 5.18651e+07 1.54746e+07 3.63904e+07 2.97096e+07 7.8132e+06 2.80989e+07
internal_count=18731 558 310 248 18173 4444 13729 11282 2620 10558
cat_boundaries=0 2 3 4
cat_threshold=335679488 262144 369229826 100663296
is_linear=0
shrinkage=0.04


Tree=246
num_leaves=11
num_cat=1
split_feature=40 52 50 27 52 46 42 0 55 52
split_gain=57257.1 82908.8 64763.8 62114 137095 161657 80050.8 127675 140744 123621
threshold=0.13637003285298807 -5.1499999999999986 12.900000000000002 1.5000000000000002 -4.0499999999999998 2.2000000000000006 24.500000000000011 0 1.5000000000000002 -6.049999999999998
decision_type=2 2 2 2 2 2 2 1 2 2
left_child=1 -1 -3 4 5 -2 7 -5 -9 -10
right_child=3 2 -4 6 -6 -7 -8 8 9 -11
leaf_value=8.1357551080776295e-05 -0.00093984465221768113 -0.0003710294415680813 -0.00010565307080304459 -0.00022184081643446848 -0.0032964437414942176 0.0016801184458419818 -8.2371540441416013e-06 0.00045208271019264143 -0.0012622286038267109 8.7618000439588077e-05
leaf_weight=748122.85729980469 757308.66720581055 699834.69323730469 661323.25366210938 3245327.9168205261 353136.16369628906 416331.6589050293 36379448.186218262 6372999.551940918 630145.73202514648 3544296.5517272949
leaf_count=105 336 68 83 1921 224 263 12004 1998 335 1394
internal_value=0.000268914 -0.00619093 -0.0120702 0.000532473 -0.00741547 -0.000840457 0.000774337 0.00336919 0.00550391 -0.000205276
internal_weight=5.38083e+07 2.10928e+06 1.36116e+06 5.1699e+07 1.52678e+06 1.17364e+06 5.01722e+07 1.37928e+07 1.05474e+07 4.17444e+06
internal_count=18731 256 151 18475 823 599 17652 5648 3727 1729
cat_boundaries=0 2
cat_threshold=268435458 262144
is_linear=0
shrinkage=0.04


Tree=247
num_leaves=11
num_cat=1
split_feature=68 60 54 36 64 61 62 56 0 68
split_gain=47172.7 55082.3 59352.8 54014.4 59386.6 52942.8 49231.9 45372.6 117556 66897.2
threshold=1.1809485637434509 0.050338194675432844 1.1500000000000004 0.58703000001339578 1.1988105366162223 1.1480770339926967 0.95653939193574145 1.4700000000000002 0 0.93116073114093945
decision_type=2 2 2 2 2 2 2 2 1 2
left_child=3 5 -3 4 7 -2 -5 -1 -9 -10
right_child=1 2 -4 6 -6 -7 -8 8 9 -11
leaf_value=-7.8148413699304764e-06 0.0012394450254579084 0.00063652696774719433 -0.00037586153199880722 -0.00032308962507273401 0.0010463190828654541 1.0240610725280388e-05 -0.0042810581010988662 0.00070092105394799339 -0.00065497276920993466 0.00016699982239137161
leaf_weight=48587719.846038818 700882.24694824219 1064762.7391357422 810967.41149902344 203686.06079101562 373763.55527496338 401631.55187988281 151462.1565284729 412397.55267333984 484598.47131347656 616403.64065551758
leaf_count=16222 334 607 455 77 252 195 109 160 137 183
internal_value=0.000271789 0.00516461 0.000994032 -1.48943e-05 9.44847e-05 0.01226 -0.0155593 -2.40248e-05 0.00679648 -2.66526e-05
internal_weight=5.38083e+07 2.97824e+06 1.87573e+06 5.083e+07 5.04749e+07 1.10251e+06 355148 5.01011e+07 1.5134e+06 1.101e+06
internal_count=18731 1591 1062 17140 16954 529 186 16702 480 320
cat_boundaries=0 2
cat_threshold=67108866 262144
is_linear=0
shrinkage=0.04


Tree=248
num_leaves=11
num_cat=2
split_feature=56 0 51 26 40 13 43 42 0 54
split_gain=51925.3 117851 79715.2 71881 84086.7 83656.5 73572.9 81382.8 155110 112974
threshold=1.7150000000000001 0 0.012499999999999989 5.5000000000000009 0.13637003285298807 1.0024230441290929 3.0000000000000004 24.500000000000011 1 1.3500000000000003
decision_type=2 1 2 2 2 2 2 2 1 2
left_child=3 2 -2 -1 5 -5 7 8 -6 -10
right_child=1 -3 -4 4 6 -7 -8 -9 9 -11
leaf_value=-0.0001060494356851486 1.2204836845298357e-05 -0.00041581799250041277 0.00050313186127838225 -7.7393120319771371e-06 -0.00028879711857081292 -0.00039504771207393241 -0.0011563991872597748 2.5245277908743971e-06 0.00038562347896781124 -0.00020379140195937492
leaf_weight=6398963.5225830078 403767.91473388672 487325.79544067383 505757.44506835938 935754.53686523438 2155029.3624382019 615007.40307617188 489944.22885131836 32079664.812927246 8218418.9405212402 1518641.2702331543
leaf_count=2169 130 180 95 127 1115 66 320 10699 3072 758
internal_value=0.00027057 0.00788188 0.0163862 6.77133e-05 0.000620136 -0.00853582 0.000939487 0.00111125 0.00393759 0.00608672
internal_weight=5.38083e+07 1.39685e+06 909525 5.24114e+07 4.60125e+07 1.55076e+06 4.44617e+07 4.39718e+07 1.18921e+07 9.73706e+06
internal_count=18731 405 225 18326 16157 193 15964 15644 4945 3830
cat_boundaries=0 2 4
cat_threshold=67241986 262144 2 262144
is_linear=0
shrinkage=0.04


Tree=249
num_leaves=11
num_cat=1
split_feature=68 8 5 62 62 37 52 60 0 52
split_gain=61270.2 89838.8 82785.8 87665.8 85965.3 86682 95768.8 143756 101634 103388
threshold=0.93758546317858082 0.99260912720544059 1.0239625556666898 0.93256603645095992 0.96749857696035668 1.2232475680067952e-05 -4.1499999999999995 0.044706400472805559 0 -7.0999999999999996
decision_type=2 2 2 2 2 2 2 2 1 2
left_child=1 -1 4 -4 -2 6 8 -8 9 -6
right_child=2 -3 3 -5 5 -7 7 -9 -10 -11
leaf_value=0.00068975323115795766 -0.00037873190517479334 -8.4670134786263775e-05 7.2063116453816579e-05 0.00032155933439885704 -0.0001971611011508057 -0.00010215017554540578 -0.00018962506671160056 0.00017142270718366066 -0.00014139388551051774 0.00023420939540056519
leaf_weight=577827.42970275879 2357671.5567016602 12647459.515102386 6145062.641784668 3198183.8599853516 1195776.9135131836 12114951.955444336 3026399.0653076172 1912427.4976196289 2313461.6140441895 8319053.1835327148
leaf_count=381 994 3606 2324 921 262 5833 704 542 1057 2107
internal_value=6.67964e-05 -0.00229765 0.000837328 0.0041408 -0.000150682 0.000448829 0.00231152 -0.00236681 0.00426493 0.00609323
internal_weight=5.38083e+07 1.32253e+07 4.0583e+07 9.34325e+06 3.12397e+07 2.88821e+07 1.67671e+07 4.93883e+06 1.18283e+07 9.51483e+06
internal_count=18731 3987 14744 3245 11499 10505 4672 1246 3426 2369
cat_boundaries=0 1
cat_threshold=268572674
is_linear=0
shrinkage=0.04


Tree=250
num_leaves=11
num_cat=3
split_feature=56 0 56 0 4 0 20 30 26 26
split_gain=59281 108946 89766.4 220298 156556 84474.1 145444 115103 114640 86086.6
threshold=1.7150000000000001 0 1.0000000180025095e-35 1 3.5000000000000004 2 1.0000000180025095e-35 1.0000000180025095e-35 59.500000000000007 3.5000000000000004
decision_type=2 1 2 1 2 1 2 2 2 2
left_child=2 -2 5 4 -4 6 9 8 -8 -1
right_child=1 -3 3 -5 -6 -7 7 -9 -10 -11
leaf_value=-0.00056343495875921853 0.00031458102391681208 -0.0003838909085530671 -0.00045733017977089201 -0.0006058874897543452 0.00043864189744861768 3.7764298967564775e-05 -0.00035208678367261171 0.0013644867084072075 -0.001361940572101146 5.9527944887299725e-05
leaf_weight=640166.62561035156 909525.35980224609 487325.79544067383 316546.47161865234 2047015.6521606445 1378501.8860168457 35506989.944946289 2644884.7572097778 165139.39447021484 863136.29241943359 8849043.0530433655
leaf_count=222 225 180 60 404 445 11616 1221 85 503 3770
internal_value=7.69018e-05 0.00820948 -0.000139848 -0.00610986 0.00455558 0.000319173 -0.00241788 -0.00917613 -0.0107125 0.000198171
internal_weight=5.38083e+07 1.39685e+06 5.24114e+07 3.74206e+06 1.69505e+06 4.86694e+07 1.31624e+07 3.67316e+06 3.50802e+06 9.48921e+06
internal_count=18731 405 18326 909 505 17417 5801 1809 1724 3992
cat_boundaries=0 2 4 6
cat_threshold=67241986 262144 100667394 262144 67108866 262144
is_linear=0
shrinkage=0.04


Tree=251
num_leaves=11
num_cat=1
split_feature=48 50 51 64 11 7 0 58 52 65
split_gain=48449.1 94189.9 42417.9 42330 44689.3 57371.5 60710.3 58983.3 49831.9 117818
threshold=2.4625000000000008 5.9000000000000012 1.560416666666667 1.952746898887477 0.92174126168155679 0.96036404250056495 0 0.98839682553537711 -2.9499999999999997 0.85232892671893279
decision_type=2 2 2 2 2 2 1 2 2 2
left_child=-1 -2 3 4 -3 6 7 -6 -7 -10
right_child=1 2 -4 -5 5 8 -8 -9 9 -11
leaf_value=-0.00060894705377706601 0.0003152441073822459 -0.00035547703276054692 0.00037889047766687329 0.0044947748827857412 0.00018842077921196135 -2.5291709894619341e-05 0.0003044999765611359 -0.001214965328201371 -0.00026252292100813944 0.00014031636641817564
leaf_weight=377463.60607910156 479849.13427734375 1588444.018371582 215527.37139892578 242389.4317741394 784394.51513671875 36945069.013549805 3032321.1174926758 309221.55718994141 2014899.8806762695 7818695.5867919922
leaf_count=54 117 676 72 177 683 13007 1189 265 492 1999
internal_value=0.00020082 0.000301706 0.000141827 6.9447e-05 -7.56469e-06 0.000198603 0.00472019 -0.00335927 -0.000200209 0.00233032
internal_weight=5.38083e+07 5.34308e+07 5.2951e+07 5.27354e+07 5.2493e+07 5.09046e+07 4.12594e+06 1.09362e+06 4.67787e+07 9.8336e+06
internal_count=18731 18677 18560 18488 18311 17635 2137 948 15498 2491
cat_boundaries=0 1
cat_threshold=369098752
is_linear=0
shrinkage=0.04


Tree=252
num_leaves=11
num_cat=1
split_feature=40 13 45 46 0 46 40 51 18 66
split_gain=43959.2 79539.4 108474 55317.1 92629.6 107000 146575 144299 107962 106793
threshold=0.13637003285298807 0.99886055613906299 0.37708333333333344 0.55000000000000016 0 -1.2 0.25649469928783519 0.24791666666666676 1.0000000180025095e-35 0.063353787668866235
decision_type=2 2 2 2 1 2 2 2 2 2
left_child=1 -1 -3 4 -2 7 8 9 -7 -6
right_child=3 2 -4 -5 5 6 -8 -9 -10 -11
leaf_value=-6.5422523682407649e-06 0.0008551148335222712 -0.0005766344268773049 -3.9123904133473706e-06 -6.7512274195321352e-06 3.642094063382025e-06 0.00066426315193891718 -0.00028208200264858671 -0.00037817406501810164 -5.8053545750242512e-05 0.00044425540344376847
leaf_weight=623988.23510742188 950061.80505371094 750521.24914550781 734771.31994628906 41085465.865550995 3474776.9337768555 768329.59356689453 743477.71743774414 2906375.3547668457 349988.34118652344 1420518.817199707
leaf_count=74 277 74 108 16135 455 157 316 645 107 383
internal_value=0.000202578 -0.00545763 -0.0104922 0.000433512 0.00300783 0.00183611 0.0104522 -0.00022006 0.0196032 0.00397157
internal_weight=5.38083e+07 2.10928e+06 1.48529e+06 5.1699e+07 1.06135e+07 9.66347e+06 1.8618e+06 7.80167e+06 1.11832e+06 4.8953e+06
internal_count=18731 256 182 18475 2340 2063 580 1483 264 838
cat_boundaries=0 1
cat_threshold=67108864
is_linear=0
shrinkage=0.04


Tree=253
num_leaves=11
num_cat=1
split_feature=68 67 40 36 64 49 46 27 49 0
split_gain=48695.9 88598 87853 83688.3 74431 70318.9 73916 164254 168486 216267
threshold=0.95612081005470906 49.500000000000007 0.23613238879723597 0.46897643827768037 1.1496595784610995 10.450000000000001 10.450000000000001 13.500000000000002 8.3500000000000032 0
decision_type=2 2 2 2 2 2 2 2 2 1
left_child=1 3 -3 4 -1 6 -2 8 -8 -10
right_child=5 2 -4 -5 -6 -7 7 -9 9 -11
leaf_value=-8.148193434936089e-06 7.9763496221017132e-05 -0.00052329348172311808 -0.00011489611841435781 -0.0030917257237461394 0.00066104942760442521 0.00037229363594861961 0.00043145626864254802 -0.00011201040326205062 0.0001965557805117649 -0.0014975594604485199
leaf_weight=13542953.021820068 16366780.00958252 1107492.1486816406 2163530.0426025391 274013.12147140503 562390.63433837891 944992.82525634766 2391922.5891113281 15762461.528015137 254955.1904296875 436784.12142944336
leaf_count=3885 5396 222 785 239 282 332 933 6372 61 224
internal_value=0.000186175 -0.00153611 -0.00747796 -0.000184452 0.000240884 0.00102691 0.000737929 -0.000969917 0.00747284 -0.00991338
internal_weight=5.38083e+07 1.76504e+07 3.27102e+06 1.43794e+07 1.41053e+07 3.61579e+07 3.52129e+07 1.88461e+07 3.08366e+06 691739
internal_count=18731 5413 1007 4406 4167 13318 12986 7590 1218 285
cat_boundaries=0 1
cat_threshold=135168
is_linear=0
shrinkage=0.04


Tree=254
num_leaves=11
num_cat=1
split_feature=68 49 51 46 27 0 49 27 45 6
split_gain=43065.8 70811.6 71277 77811.1 125782 163383 140452 124887 135586 103978
threshold=0.95612081005470906 10.450000000000001 0.98125000000000018 10.450000000000001 13.500000000000002 0 8.3500000000000032 3.5000000000000004 6.6395833333333352 10.441490387124581
decision_type=2 2 2 2 2 1 2 2 2 2
left_child=-1 2 3 7 5 6 -5 8 -2 -8
right_child=1 -3 -4 4 -6 -7 9 -9 -10 -11
leaf_value=-3.4494839766646655e-05 -0.00070167775522265031 0.00035740189051067494 0.00017885895886652996 0.00056582817582257567 -0.0001395399465422808 -0.00059985800255365552 -0.0011654514707288876 0.00014429811843450741 0.00051693826880083976 0.00017271728915084137
leaf_weight=17650378.968914032 1475996.1351318359 944992.82525634766 2196806.5903625488 1623491.0661010742 14886648.11831665 702972.88925170898 287460.76330566406 13327257.579498291 477534.6003112793 234735.6962890625
leaf_count=5413 551 332 756 487 6036 487 118 4276 228 47
internal_value=0.000198609 0.000989246 0.000699259 0.000235044 -0.00156744 0.00613318 0.0116163 0.00232706 -0.00711798 -0.00642818
internal_weight=5.38083e+07 3.61579e+07 3.52129e+07 3.30161e+07 1.77353e+07 2.84866e+06 2.14569e+06 1.52808e+07 1.95353e+06 522196
internal_count=18731 13318 12986 12230 7175 1139 652 5055 779 165
cat_boundaries=0 2
cat_threshold=137344 262144
is_linear=0
shrinkage=0.04


Tree=255
num_leaves=11
num_cat=0
split_feature=68 24 36 64 62 12 9 67 67 26
split_gain=44641.8 54235.5 48654.9 55180.2 53507.5 46142.1 48400.6 45618.9 100137 96717.5
threshold=1.1809485637434509 1.0000000180025095e-35 0.58703000001339578 1.1988105366162223 0.95653939193574145 1.026732708563449 1.0549669909699175 73.500000000000014 76.500000000000014 26.500000000000004
decision_type=2 2 2 2 2 2 2 2 2 2
left_child=2 5 3 7 -4 -2 -7 -1 -9 -10
right_child=1 -3 4 -5 -6 6 -8 8 9 -11
leaf_value=1.6702246116606103e-05 0.00072975027319197375 0.0010187284172234064 -0.00022640144167207748 0.00097706470099530275 -0.0039740352407513025 -0.00061274274275557633 0.00032138147504788404 -0.00044970797271273597 0.00012425688489519772 -0.00010466668674927224
leaf_weight=29017853.903381348 547397.14733886719 915273.74267578125 203686.06079101562 373763.55527496338 151462.1565284729 685359.08319091797 830213.97625732422 1111464.1438598633 5760905.2603149414 14210896.203125
leaf_count=9878 212 482 77 252 109 362 535 351 1874 4599
internal_value=0.00020691 0.00496667 -7.1977e-05 3.18337e-05 -0.0148251 0.0013712 -0.00222404 -8.24016e-05 -0.00149843 -0.000848105
internal_weight=5.38083e+07 2.97824e+06 5.083e+07 5.04749e+07 355148 2.06297e+06 1.51557e+06 5.01011e+07 2.10833e+07 1.99718e+07
internal_count=18731 1591 17140 16954 186 1109 897 16702 6824 6473
is_linear=0
shrinkage=0.04


Tree=256
num_leaves=11
num_cat=1
split_feature=40 52 26 67 64 27 50 0 6 26
split_gain=49388.1 78283.4 59012.8 68122.5 92016.6 100031 109352 124371 85526.8 85303.2
threshold=0.13637003285298807 -5.1499999999999986 5.5000000000000009 73.500000000000014 0.76840813574316325 53.500000000000007 10.450000000000001 0 10.452027924929441 26.500000000000004
decision_type=2 2 2 2 2 2 2 1 2 2
left_child=1 -1 -2 4 -4 -6 8 -8 -7 -5
right_child=2 -3 3 9 5 6 7 -9 -10 -11
leaf_value=9.6204398591204817e-05 -9.6513950468598468e-05 -0.00016408398193037282 -0.0030527670596214047 0.00013726697628789383 3.6878398813460516e-05 0.00027538692902516921 0.0025691383829009084 0.00043461859540956465 -0.0010383679335049748 -8.8140804443086789e-05
leaf_weight=748122.85729980469 6529075.5131530762 1361157.9468994141 200212.67608642578 5218554.8032226562 19704014.825042725 796255.92855834961 778407.11676025391 1315747.033367157 198978.724609375 16957747.807739258
leaf_count=105 2277 151 111 1701 6536 562 454 845 47 5942
internal_value=0.000111283 -0.00588826 0.000356062 0.000869861 0.00239539 0.00263256 0.00932465 0.0145126 -0.00159171 -0.000711895
internal_weight=5.38083e+07 2.10928e+06 5.1699e+07 4.51699e+07 2.29936e+07 2.27934e+07 3.08939e+06 2.09415e+06 995235 2.21763e+07
internal_count=18731 256 18475 16198 8555 8444 1908 1299 609 7643
cat_boundaries=0 1
cat_threshold=302120960
is_linear=0
shrinkage=0.04


Tree=257
num_leaves=11
num_cat=1
split_feature=12 26 68 0 65 61 47 62 27 67
split_gain=49187.4 78135.3 82877.1 61390.6 51402.2 84670.8 86438.1 80186.9 83676.9 68043
threshold=0.96652722179798378 56.500000000000007 0.99979588308354106 0 0.92844415641771816 0.96278179793024321 2.5000000000000004 0.96489313823086931 21.500000000000004 73.500000000000014
decision_type=2 2 2 1 2 2 2 2 2 2
left_child=1 3 -3 -1 -2 6 -6 8 -7 -9
right_child=4 2 -4 -5 5 7 -8 9 -10 -11
leaf_value=0.0010834940907026632 -5.129320295198835e-05 -0.0042977132442947518 -0.0003882035188593924 -0.00013558984950776004 -0.00029512008319412418 0.00067983719819137453 0.00026861979323708956 7.3090949712090078e-05 -0.0010544055620974131 -4.2731875929151356e-05
leaf_weight=478571.41732788086 12711257.360778809 231812.06909179688 189739.54058837891 3456890.2932128906 535849.77282714844 237889.87237548828 6464260.4696617126 15043568.053390503 927706.10522460938 13530730.278259277
leaf_count=545 3114 133 76 1266 136 103 2566 5774 347 4671
internal_value=0.000125436 -0.00394889 -0.0203152 -0.0021957 0.000484414 0.00124297 0.00520095 0.000311345 -0.00997241 0.000730844
internal_weight=5.38083e+07 4.35701e+06 421552 3.93546e+06 4.94513e+07 3.674e+07 7.00011e+06 2.97399e+07 1.1656e+06 2.85743e+07
internal_count=18731 2020 209 1811 16711 13597 2702 10895 450 10445
cat_boundaries=0 1
cat_threshold=301989888
is_linear=0
shrinkage=0.04


Tree=258
num_leaves=11
num_cat=2
split_feature=55 50 0 26 48 51 0 40 52 51
split_gain=42087.2 93713.8 140784 115554 97428.1 96276 106740 130296 96653.8 93875.1
threshold=2.5000000000000004 8.8500000000000032 0 27.500000000000004 5.3395833333333345 0.043750000000000032 1 0.13779277764131653 -3.4499999999999997 0.097916666666666749
decision_type=2 2 1 2 2 2 1 2 2 2
left_child=-1 2 -2 -4 -3 8 7 -7 -6 -8
right_child=1 4 3 -5 5 6 9 -9 -10 -11
leaf_value=2.6301779922506861e-05 -0.00095895675161718956 0.00030192037399577804 0.00077847456421830221 -0.00046473974600675852 -0.00020422951856316661 -0.00028916486875072306 0.00067373916773764031 0.00021848141714845879 5.898300682391793e-05 -0.00019603559369585209
leaf_weight=30715782.390441895 808595.80151367188 1114449.6815795898 279271.39532470703 391760.63848876953 8666065.6526794434 387895.59252929688 303627.05334472656 3268977.8900756836 4158124.2410697937 3713724.895690918
leaf_count=10188 260 396 68 140 3590 47 156 820 1488 1578
internal_value=0.000158809 -0.00113139 -0.0108701 0.0026742 -0.000464658 -0.00109087 0.00245283 0.00739728 -0.00321148 -0.00204799
internal_weight=5.38083e+07 2.30925e+07 1.47963e+06 671032 2.16129e+07 2.04984e+07 7.67423e+06 3.65687e+06 1.28242e+07 4.01735e+06
internal_count=18731 8543 468 208 8075 7679 2601 867 5078 1734
cat_boundaries=0 1 2
cat_threshold=268441730 135170
is_linear=0
shrinkage=0.04


Tree=259
num_leaves=11
num_cat=1
split_feature=64 67 65 34 34 40 26 0 12 40
split_gain=44782.6 46370.4 153889 82996.2 64872 50715.2 220943 149360 108247 96775.5
threshold=1.1868943990936061 1.0000000180025095e-35 1.0259925029199712 70.000000000000014 13.500000000000002 0.31425909964921267 59.500000000000007 0 1.0217314187209225 0.33368241636167534
decision_type=2 2 2 2 2 2 2 1 2 2
left_child=1 2 -1 -3 -4 -5 9 8 -8 -7
right_child=-2 3 4 5 -6 6 7 -9 -10 -11
leaf_value=-0.0032429128327510653 0.00033751318032929984 0.0010016796717449289 0.00030382012719727534 1.3148311822927029e-05 -0.00072878476680196384 -0.00032786807674881372 -0.0030734310128426867 -0.0002810935115563344 -0.00036387318641982003 0.00020931776572291998
leaf_weight=310164.42456054688 2521949.908946991 337884.50952148438 502829.30541992188 37718057.74911499 323195.27703857422 1563329.9577636719 799272.76416015625 2380674.1239624023 559439.01034545898 6791478.2019042969
leaf_count=127 1548 189 222 10126 143 594 608 1225 412 3537
internal_value=0.000156457 -9.94369e-05 -0.00809017 8.16022e-05 0.000930676 -5.24216e-05 -0.00230638 -0.0103876 -0.0209694 0.00131058
internal_weight=5.38083e+07 5.12863e+07 1.13619e+06 5.01501e+07 826025 4.98123e+07 1.20942e+07 3.73939e+06 1.35871e+06 8.35481e+06
internal_count=18731 17183 492 16691 365 16502 6376 2245 1020 4131
cat_boundaries=0 2
cat_threshold=100663296 262144
is_linear=0
shrinkage=0.04


Tree=260
num_leaves=11
num_cat=1
split_feature=12 26 68 0 26 9 52 39 40 52
split_gain=45594.3 65846.3 70979.1 60526.6 55018.1 50611.3 53293.6 159633 146347 140246
threshold=0.96652722179798378 56.500000000000007 0.99979588308354106 0 4.5000000000000009 0.94410897587814613 -4.1499999999999995 0.11299984292993991 0.21712111736489789 -7.8499999999999988
decision_type=2 2 2 1 2 2 2 2 2 2
left_child=1 3 -3 4 -1 -2 8 -8 9 -7
right_child=5 2 -4 -5 -6 6 7 -9 -10 -11
leaf_value=-0.0011195539285498034 0.00037723629805110857 -0.004003919545206157 -0.00014665766815537162 -0.00023752711946353831 0.00043542750926257401 -0.00028827477973968453 -0.00013413298677082542 5.1037197459624809e-05 -1.9393784023288097e-05 0.00016686931465382816
leaf_weight=157680.70404052734 1126150.7697257996 231812.06909179688 189739.54058837891 2584701.2436523438 1193079.7628479004 867130.84039306641 6766684.8573608398 10654451.569396973 21505271.916534424 8531571.9591064453
leaf_count=111 496 133 76 983 717 177 1039 3988 9219 1792
internal_value=9.34563e-05 -0.00382923 -0.0188535 -0.0022198 0.00464215 0.000439075 0.000243726 -0.00152549 0.00124106 0.00540479
internal_weight=5.38083e+07 4.35701e+06 421552 3.93546e+06 1.35076e+06 4.94513e+07 4.83251e+07 1.74211e+07 3.0904e+07 9.3987e+06
internal_count=18731 2020 209 1811 828 16711 16215 5027 11188 1969
cat_boundaries=0 1
cat_threshold=302120962
is_linear=0
shrinkage=0.04


Tree=261
num_leaves=11
num_cat=2
split_feature=27 52 0 54 0 46 45 45 26 66
split_gain=43156.2 130771 192296 132065 116632 196887 161991 155257 124378 161324
threshold=23.500000000000004 -4.4000000000000004 0 7.7500000000000009 1 18.550000000000004 21.795833333333338 21.477083333333336 12.500000000000002 0.063353787668866235
decision_type=2 2 1 2 1 2 2 2 2 2
left_child=1 -1 3 -3 5 8 7 -6 -2 -10
right_child=4 2 -4 -5 6 -7 -8 -9 9 -11
leaf_value=0.00015362076251669704 2.1498884124592978e-05 0.00026987398023480333 -0.00028841999343199464 -0.001622985281565013 2.9004092415844714e-05 0.00055706792684057527 -0.00043186277670847649 0.0011318996156203407 -0.0008382772280290903 -0.00039986824347780124
leaf_weight=11801424.587890625 2475604.7558403015 3162132.8685302734 3200402.1237792969 378807.50506591797 22658584.98348999 733404.44549560547 2762464.6861877441 511948.33129882812 1303075.8046875 4820425.1404724121
leaf_count=4248 624 852 1235 136 8078 262 1225 238 204 1629
internal_value=0.000190632 0.00175286 -0.00269163 0.00373102 -0.000630795 -0.0044654 0.000749167 0.00184076 -0.00616215 -0.0092209
internal_weight=5.38083e+07 1.85428e+07 6.74134e+06 3.54094e+06 3.52655e+07 9.33251e+06 2.5933e+07 2.31705e+07 8.59911e+06 6.1235e+06
internal_count=18731 6471 2223 988 12260 2719 9541 8316 2457 1833
cat_boundaries=0 2 4
cat_threshold=6272 262144 4096 262144
is_linear=0
shrinkage=0.04


Tree=262
num_leaves=11
num_cat=2
split_feature=56 0 45 63 54 56 0 54 26 7
split_gain=43548.5 109194 82677.8 126705 61027.2 60248.4 140203 111796 101496 72407
threshold=1.0500000000000003 0 -1.3979166666666665 0.040051130501484351 7.2000000000000002 1.0000000180025095e-35 1 0.8500000000000002 6.5000000000000009 1.018686988535598
decision_type=2 1 2 2 2 2 1 2 2 2
left_child=5 4 -3 -4 -2 -1 7 -7 -8 -10
right_child=1 2 3 -5 -6 6 8 -9 9 -11
leaf_value=9.4041868889931355e-06 0.00081108316892362269 -0.00032630933107382785 0.00038626938406873283 -0.00035028957982908312 5.7368145769093387e-05 -0.00020079317655515599 -0.0010537964896868224 0.0012951441941103342 -0.00017815837413874102 -7.6239692812811433e-05
leaf_weight=48669360.067699432 489831.43249511719 439206.72064208984 226736.81506347656 366513.01699829102 262206.22357177734 298077.99877929688 836091.38723754883 309696.88500976562 1339257.3829956055 571297.30224609375
leaf_count=17417 140 125 36 144 104 60 175 110 292 128
internal_value=0.000194053 0.00633822 -0.00210661 0.00763273 0.0179315 -1.67036e-05 -0.00520171 0.0121823 -0.0090485 -0.0039618
internal_weight=5.38083e+07 1.78449e+06 1.03246e+06 593250 752038 5.20238e+07 3.35442e+06 607775 2.74665e+06 1.91055e+06
internal_count=18731 549 305 180 244 18182 765 170 595 420
cat_boundaries=0 2 4
cat_threshold=67110914 262144 67108864 262144
is_linear=0
shrinkage=0.04


Tree=263
num_leaves=11
num_cat=1
split_feature=64 11 7 0 4 5 65 11 62 62
split_gain=41784.7 41303.9 63244.9 87403.3 85139.2 91668.6 70985.8 63233.2 89790.2 65018.2
threshold=1.952746898887477 0.92174126168155679 0.97537283117284257 0 22.500000000000004 1.1694833628063137 1.0307898252491199 0.99057589672154311 1.1294006832915382 1.1515890348953317
decision_type=2 2 2 1 2 2 2 2 2 2
left_child=1 -1 3 6 -5 -6 -3 8 -4 -9
right_child=-2 2 7 4 5 -7 -8 9 -10 -11
leaf_value=-0.00033503222772135433 0.0042880133919504029 -3.6015331829136976e-05 -0.00019602700780841175 0.00033231989544690914 -0.00053920041137114644 0.0013746710922671623 0.00035568373688181623 1.4011847084407652e-05 0.00028470395570385397 -0.00086666079232030095
leaf_weight=1594651.1416625977 242389.4317741394 1318866.2780761719 5722554.8761291504 1409580.0399169922 2088773.8663330078 317567.63446044922 3179447.3707275391 36493264.842254639 919795.03790283203 521384.71350097656
leaf_count=678 177 373 1971 870 1256 269 1034 11539 293 271
internal_value=0.000176444 0.000101459 0.000296024 0.00349349 -0.000959361 -0.00553224 0.00727082 -0.000312918 -0.00390653 0.000331964
internal_weight=5.38083e+07 5.35659e+07 5.19712e+07 8.31424e+06 3.81592e+06 2.40634e+06 4.49831e+06 4.3657e+07 6.64235e+06 3.70146e+07
internal_count=18731 18554 17876 3802 2395 1525 1407 14074 2264 11810
cat_boundaries=0 1
cat_threshold=137218
is_linear=0
shrinkage=0.04


Tree=264
num_leaves=11
num_cat=1
split_feature=65 0 53 26 26 52 6 27 6 66
split_gain=42402.3 94766.1 99756.8 92175.2 98078.8 86460.4 134358 114922 94078.1 94621
threshold=0.91645793515231266 0 1.2500000000000002 36.500000000000007 7.5000000000000009 -2.25 10.671636925282963 33.500000000000007 10.478666522506417 0.11061709125156287
decision_type=2 1 2 2 2 2 2 2 2 2
left_child=1 2 -1 4 -4 6 8 -7 9 -3
right_child=-2 5 3 -5 -6 7 -8 -9 -10 -11
leaf_value=-0.00030494413508067383 2.4147758140879111e-05 9.7650139491906973e-05 -0.00010668235399644814 -0.00024004783995858772 0.00019774866184325805 -0.00054020073459394016 0.00059387810412771952 -9.7387691988750814e-05 -0.00077674185306780092 -0.0012810749394459506
leaf_weight=462566.24255371094 40835244.670513153 2284009.5142822266 1227427.9029541016 1476667.8958740234 3759014.4389343262 781562.80395507812 361416.85498046875 968737.47668457031 1196155.64453125 455471.78747558594
leaf_count=100 15164 698 401 428 1167 62 30 246 223 212
internal_value=0.0002148 -0.00177737 0.00141724 0.00270156 0.00530107 -0.00543595 -0.00238343 -0.0129299 -0.00452686 -0.000440284
internal_weight=5.38083e+07 1.2973e+07 6.92568e+06 6.46311e+06 4.98644e+06 6.04735e+06 4.29705e+06 1.7503e+06 3.93564e+06 2.73948e+06
internal_count=18731 3567 2096 1996 1568 1471 1163 308 1133 910
cat_boundaries=0 1
cat_threshold=369229952
is_linear=0
shrinkage=0.04


Tree=265
num_leaves=11
num_cat=3
split_feature=50 22 0 0 7 68 27 47 46 0
split_gain=43095.7 132304 107143 97729.3 75251.2 55700.1 80880.3 169065 139572 148522
threshold=7.9500000000000011 1.0000000180025095e-35 0 1 1.0067807127645876 1.0205584634041334 23.500000000000004 13.550000000000002 10.450000000000001 2
decision_type=2 2 1 1 2 2 2 2 2 1
left_child=1 2 -1 -3 -4 -2 7 -7 -8 -10
right_child=5 3 4 -5 -6 6 8 -9 9 -11
leaf_value=-0.0001752701328338174 -2.5678577240995309e-05 6.0708988198578096e-06 0.00068733417223216771 0.00058319812379065367 -6.075162361191884e-05 -0.00045058631697041443 0.00040395220491499303 0.00030211956639702569 -9.6666722748945838e-06 -0.001046970099211788
leaf_weight=2127537.6693115234 28474039.448680878 486344.52966308594 400729.45837402344 747641.04309082031 354104.14031982422 1452521.3490600586 3638038.7225952148 5825992.2060546875 8110468.9890136719 2190857.676574707
leaf_count=375 8969 87 134 174 166 658 1573 2307 2672 1616
internal_value=0.000238895 0.00417202 -0.000520131 0.0151319 0.0124269 -8.69164e-05 0.00146446 0.00488213 -0.000320093 -0.00269871
internal_weight=5.38083e+07 4.11636e+06 2.88237e+06 1.23399e+06 754834 4.96919e+07 2.12179e+07 7.27851e+06 1.39394e+07 1.03013e+07
internal_count=18731 936 675 261 300 17795 8826 2965 5861 4288
cat_boundaries=0 2 4 5
cat_threshold=137218 262144 268566528 262144 67246082
is_linear=0
shrinkage=0.04


Tree=266
num_leaves=11
num_cat=1
split_feature=65 68 52 52 0 53 60 27 12 45
split_gain=43273.7 73835.6 71862.2 116523 190573 147025 106090 89216.6 83962.1 83797.2
threshold=0.91645793515231266 0.79410331682846891 -2.9499999999999997 -4.1499999999999995 0 6.3500000000000014 0.026707663088581784 2.5000000000000004 0.98220123441022622 9.0604166666666668
decision_type=2 2 2 2 1 2 2 2 2 2
left_child=1 -1 3 6 7 -6 8 -5 -2 -7
right_child=2 -3 -4 4 5 9 -8 -9 -10 -11
leaf_value=-0.0024479713915169007 -0.00033402712194827177 -1.9053168635931678e-05 0.00017984320047456447 -0.0017735511363312344 -0.00049697757449379131 -0.00017872931121236101 7.578907135878195e-06 0.00014257968669377201 0.00025681382203226447 0.00070273136939217001
leaf_weight=283990.98815917969 745255.31323242188 12689039.574066162 4500802.6265144348 237981.69201660156 3031643.34765625 652589.83996582031 22632030.40411377 3813373.4831161499 4867697.2367248535 353870.72717285156
leaf_count=171 424 3396 1374 168 995 163 8600 1548 1771 121
internal_value=0.000160584 -0.00185195 0.000799952 0.000209371 -0.00402331 -0.0101728 0.00142163 0.00210611 0.00634419 0.0030738
internal_weight=5.38083e+07 1.2973e+07 4.08352e+07 3.63344e+07 8.08946e+06 4.0381e+06 2.8245e+07 4.05136e+06 5.61295e+06 1.00646e+06
internal_count=18731 3567 15164 13790 2995 1279 10795 1716 2195 284
cat_boundaries=0 2
cat_threshold=268437634 262144
is_linear=0
shrinkage=0.04


Tree=267
num_leaves=11
num_cat=0
split_feature=7 36 11 11 35 36 58 59 46 26
split_gain=42788.7 98105.6 93898 59898.5 69952.8 66558.6 64403 110766 61329.6 72881.5
threshold=0.9917819284441739 0.19105909192930634 0.99820648058140071 1.0046596805451646 0.053817057597456502 0.45778937801141423 1.0004464505189092 0.99668560099979764 4.5500000000000007 32.500000000000007
decision_type=2 2 2 2 2 2 2 2 2 2
left_child=1 2 -1 5 -5 6 -2 -8 9 -9
right_child=3 -3 -4 4 -6 -7 7 8 -10 -11
leaf_value=7.29912013564034e-05 -1.279743656995912e-05 1.920849983101085e-05 0.0024250509049197964 -0.0007398941661887372 3.0789589359895887e-05 0.00051405154426138505 -0.00080470987698852306 -0.00057820498903608623 -5.0619137617433289e-05 1.7380824955290375e-05
leaf_weight=1751298.6763305664 9053013.6398925781 14698374.489456177 413379.00103759766 294185.46081542969 20905417.736019135 555444.78527832031 569624.73974609375 1265157.9153442383 3981751.8447875977 320626.94403076172
leaf_count=544 2537 6274 196 73 6966 185 119 338 1414 85
internal_value=0.000172694 0.00184229 0.00979242 -0.000589365 0.000798684 -0.00245821 -0.00295552 -0.00611884 -0.00439992 -0.0110523
internal_weight=5.38083e+07 1.68631e+07 2.16468e+06 3.69452e+07 2.11996e+07 1.57456e+07 1.51902e+07 6.13716e+06 5.56754e+06 1.58578e+06
internal_count=18731 7014 740 11717 7039 4678 4493 1956 1837 423
is_linear=0
shrinkage=0.04


Tree=268
num_leaves=11
num_cat=1
split_feature=40 12 68 66 26 0 9 65 35 4
split_gain=42738.3 42376.4 67298.6 53968.7 45855.2 51310 44546.1 41888.9 69335.9 83673.1
threshold=0.11895849047109856 0.96652722179798378 0.77062686266901381 0.089856628791517582 4.5000000000000009 0 0.94410897587814613 0.92844415641771816 0.088664978288541571 5.5000000000000009
decision_type=2 2 2 2 2 1 2 2 2 2
left_child=-1 2 -2 -4 -5 -6 -3 8 -8 -10
right_child=1 6 3 4 5 -7 7 -9 9 -11
leaf_value=-0.00068459942807226181 -0.0028356837522240767 0.00037652276364873237 -0.00031193526359727411 -0.00077142487807116151 -0.00010092630567216893 0.00066787915290103333 3.3051866895878743e-05 3.3926372663623566e-05 -0.00061381805311029093 -3.9819384932340898e-05
leaf_weight=367215.55786132812 166032.94110107422 1126150.7697257996 1910949.7677612305 231177.80511474609 1123275.2950439453 925577.51119995117 2985980.4953918457 35675898.317779541 1138991.4165039062 8157025.355255127
leaf_count=75 98 496 625 144 479 674 579 13202 150 2209
internal_value=0.000190385 0.000283835 -0.00349675 -0.0025072 0.00164834 0.00355385 0.000619426 0.000434768 -0.00158003 -0.00328337
internal_weight=5.38083e+07 5.34411e+07 4.35701e+06 4.19098e+06 2.28003e+06 2.04885e+06 4.9084e+07 4.79579e+07 1.2282e+07 9.29602e+06
internal_count=18731 18656 2020 1922 1297 1153 16636 16140 2938 2359
cat_boundaries=0 2
cat_threshold=67111040 262144
is_linear=0
shrinkage=0.04


Tree=269
num_leaves=11
num_cat=2
split_feature=55 50 0 26 48 51 0 68 64 52
split_gain=41594.9 100503 127370 106301 90026 92047.1 103305 122483 95965 93464
threshold=2.5000000000000004 8.8500000000000032 0 27.500000000000004 5.3395833333333345 0.043750000000000032 1 0.94201024505600095 0.9203228112552454 -3.4499999999999997
decision_type=2 2 1 2 2 2 1 2 2 2
left_child=-1 2 3 -2 -3 9 7 8 -7 -6
right_child=1 4 -4 -5 5 6 -8 -9 -10 -11
leaf_value=2.6407927286855675e-05 -0.0010609891561550078 0.00030569180161386787 -0.00089810703685641873 -0.00045217179523741809 -0.00019747690882427973 0.00017260041002147957 -0.00010759869831179085 0.00034916404844443001 -0.00052995767859660681 5.7913705522645933e-05
leaf_weight=30715782.390441895 279271.39532470703 1114449.6815795898 808595.80151367188 391760.63848876953 8666065.6526794434 396843.1357421875 4017351.9490356445 2823186.1185302734 436844.22833251953 4158124.2410697937
leaf_count=10188 68 396 260 140 3590 60 1734 722 85 1488
internal_value=0.000220416 -0.00106221 -0.0111476 0.00173539 -0.000371753 -0.000973703 0.00249129 0.00735553 -0.00611566 -0.00304722
internal_weight=5.38083e+07 2.30925e+07 1.47963e+06 671032 2.16129e+07 2.04984e+07 7.67423e+06 3.65687e+06 833687 1.28242e+07
internal_count=18731 8543 468 208 8075 7679 2601 867 145 5078
cat_boundaries=0 2 3
cat_threshold=100794368 262144 135170
is_linear=0
shrinkage=0.04


Tree=270
num_leaves=11
num_cat=1
split_feature=64 11 7 0 4 66 65 11 62 6
split_gain=38572.7 40470.7 48905.2 67340.3 80115.9 91137.1 65970.4 59274.4 83075.6 55453.1
threshold=1.952746898887477 0.92174126168155679 0.97537283117284257 0 23.500000000000004 0.13976320343840373 1.0307898252491199 0.99057589672154311 1.1294006832915382 8.8558498070551632
decision_type=2 2 2 1 2 2 2 2 2 2
left_child=1 -1 3 6 -5 -6 -3 8 -4 -9
right_child=-2 2 7 4 5 -7 -8 9 -10 -11
leaf_value=-0.00035504657662245191 0.0041388947137514969 -1.1899283244642199e-05 -0.00018416669994493603 0.0003216709579605069 -0.0005461396559883349 0.00063697475124450053 0.00034057268899263153 0.001317658953760541 0.00023122903546605658 4.3890836356367986e-06
leaf_weight=1594651.1416625977 242389.4317741394 1318866.2780761719 5722554.8761291504 1451400.8584899902 1873438.753112793 491081.92910766602 3179447.3707275391 915387.50393676758 919795.03790283203 36099262.051818848
leaf_count=678 177 373 1971 911 994 490 1034 1189 293 10621
internal_value=0.000308148 0.000236102 0.000428695 0.00324041 -0.000668112 -0.005209 0.00655598 -0.000106782 -0.00358608 0.000517587
internal_weight=5.38083e+07 5.35659e+07 5.19712e+07 8.31424e+06 3.81592e+06 2.36452e+06 4.49831e+06 4.3657e+07 6.64235e+06 3.70146e+07
internal_count=18731 18554 17876 3802 2395 1484 1407 14074 2264 11810
cat_boundaries=0 1
cat_threshold=137218
is_linear=0
shrinkage=0.04


Tree=271
num_leaves=11
num_cat=1
split_feature=48 50 6 55 64 30 66 67 0 51
split_gain=37358.5 93265.2 38041.7 53208.1 39558.2 38482.3 62198.9 55406.2 190438 67693.8
threshold=2.4625000000000008 5.9000000000000012 8.6124541634050242 5.5000000000000009 1.952746898887477 1.0000000180025095e-35 0.107905307049855 1.5000000000000002 0 0.40625000000000028
decision_type=2 2 2 2 2 2 2 2 1 2
left_child=-1 -2 3 -3 5 7 -7 8 -4 -10
right_child=1 2 4 -5 -6 6 -8 -9 9 -11
leaf_value=-0.00056336215138227746 0.0006016889836567553 0.0034967269478189161 -0.003791664466912648 -0.0018558100746495013 0.004041945887185568 0.00010456348777408829 0.0036805442924248894 1.9073935949503511e-06 -0.00020426407338349251 0.00050058072752207517
leaf_weight=377463.60607910156 479849.13427734375 325284.80922317505 313575.97979736328 122407.58031463623 237642.94860839844 420743.05212402344 176967.88391113281 50677470.504394531 514351.0927734375 162518.64123535156
leaf_count=54 117 540 138 214 148 162 116 16941 230 71
internal_value=0.000299923 0.000388512 0.00022942 0.0118398 0.000130415 5.63761e-05 0.0101475 -6.03652e-05 -0.00942986 0.00250876
internal_weight=5.38083e+07 5.34308e+07 5.2951e+07 447692 5.25033e+07 5.22656e+07 597711 5.16679e+07 990446 676870
internal_count=18731 18677 18560 754 17806 17658 278 17380 439 301
cat_boundaries=0 2
cat_threshold=131072 262144
is_linear=0
shrinkage=0.04


Tree=272
num_leaves=11
num_cat=2
split_feature=12 68 64 37 9 0 27 47 67 0
split_gain=37885.7 65399.1 51127.2 51589.9 44359.5 43481.2 41201.4 116163 132434 130403
threshold=0.96652722179798378 0.77062686266901381 0.89932537282326686 3.7850121358778216e-05 0.94410897587814613 0 23.500000000000004 19.300000000000001 73.500000000000014 1
decision_type=2 2 2 2 2 1 2 2 2 1
left_child=1 -1 3 -3 -2 -4 7 8 9 -6
right_child=4 2 5 -5 6 -7 -8 -9 -10 -11
leaf_value=-0.0025841883523829807 0.00035965140939951901 -7.8522031465136165e-05 -0.00073271448014612195 0.00067101061604767662 0.00034423488418096419 5.8155900633484574e-05 -1.1122059398402346e-05 0.0002823019237762817 -0.0003395099632295733 -2.4374135100948021e-05
leaf_weight=166032.94110107422 1126150.7697257996 1553490.9111328125 1324653.6057128906 631847.45248413086 2411475.4146118164 680988.40979003906 30703514.16784668 5111281.0454406738 1849553.7315063477 8249286.7833862305
leaf_count=98 496 619 538 456 675 309 10291 2068 596 2585
internal_value=0.0002669 -0.00330885 -0.00233336 0.00189912 0.00058195 -0.00694503 0.000399064 0.00194077 -0.000135115 0.0015791
internal_weight=5.38083e+07 4.35701e+06 4.19098e+06 2.18534e+06 4.94513e+07 2.00564e+06 4.83251e+07 1.76216e+07 1.25103e+07 1.06608e+07
internal_count=18731 2020 1922 1075 16711 847 16215 5924 3856 3260
cat_boundaries=0 2 3
cat_threshold=67113090 262144 67112960
is_linear=0
shrinkage=0.04


Tree=273
num_leaves=11
num_cat=1
split_feature=48 50 6 55 64 27 52 46 0 35
split_gain=37009.4 68163.5 36817.6 50388.5 36605.4 37725.1 140417 136646 68966.9 53699.4
threshold=2.4625000000000008 5.9000000000000012 8.6124541634050242 5.5000000000000009 1.952746898887477 1.5000000000000002 -4.0499999999999998 2.2000000000000006 0 0.053817057597456502
decision_type=2 2 2 2 2 2 2 2 1 2
left_child=-1 -2 3 -3 5 6 7 8 -4 -7
right_child=1 2 4 -5 -6 9 -8 -9 -10 -11
leaf_value=-0.00053985269992294844 0.0005762837879279048 0.0033573027522820955 -0.0019400257947788544 -0.0018007991587164751 0.0038807129340740804 -0.00036210651158841226 -0.0031787853109282371 0.0016558157828864696 -4.9595100691474183e-05 5.9128991280695321e-06
leaf_weight=377463.60607910156 479849.13427734375 325284.80922317505 323035.72344970703 122407.58031463623 237642.94860839844 519332.98474121094 331494.15563964844 409342.99078369141 559835.29010009766 50122586.009521484
leaf_count=54 117 540 150 214 148 116 190 213 166 16823
internal_value=0.000241201 0.000329375 0.000193367 0.0116154 9.59677e-05 2.47461e-05 -0.00597683 -1.88754e-05 -0.00887586 0.000217174
internal_weight=5.38083e+07 5.34308e+07 5.2951e+07 447692 5.25033e+07 5.22656e+07 1.62371e+06 1.29221e+06 882871 5.06419e+07
internal_count=18731 18677 18560 754 17806 17658 719 529 316 16939
cat_boundaries=0 1
cat_threshold=335548418
is_linear=0
shrinkage=0.04


Tree=274
num_leaves=11
num_cat=1
split_feature=68 45 49 27 63 37 60 0 37 6
split_gain=35696.6 61752.5 64175.8 71654.6 57609.1 50858.8 86540.7 77506.7 59016.9 92254.8
threshold=1.1474239465239835 12.527083333333335 6.0500000000000007 28.500000000000004 0.15944179489246726 4.69248174699503e-05 0.016238247981883138 0 1.5249893930200118e-05 9.9312746357230655
decision_type=2 2 2 2 2 2 2 1 2 2
left_child=4 -2 3 -3 5 8 7 -7 -1 -10
right_child=1 2 -4 -5 -6 6 -8 -9 9 -11
leaf_value=1.0582629175583764e-05 0.0010462312964952857 0.0010897723570333557 -0.00021592553315202608 0.00010383466105998771 -0.00081027725456013933 0.001599029604207288 0.00011473286022038878 -0.00031432167279191051 0.00010797305587202893 -0.00027782221639798384
leaf_weight=31272855.092987061 799669.35900878906 550753.02978515625 1727228.6640014648 2360733.0454101562 1380582.8571891785 267325.35375976562 3593454.7718200684 171258.05084228516 4443703.5372314453 7240711.470703125
leaf_count=7894 412 223 790 1176 911 185 2394 180 2393 2173
internal_value=0.000264588 0.00333715 0.00156739 0.00519118 -8.08711e-05 0.000155749 0.0044511 0.0212247 -0.000247421 -0.00267297
internal_weight=5.38083e+07 5.43838e+06 4.63871e+06 2.91149e+06 4.83699e+07 4.69893e+07 4.03204e+06 438583 4.29573e+07 1.16844e+07
internal_count=18731 2601 2189 1399 16130 15219 2759 365 12460 4566
cat_boundaries=0 1
cat_threshold=33560576
is_linear=0
shrinkage=0.04


Tree=275
num_leaves=11
num_cat=2
split_feature=48 50 4 46 68 6 26 0 0 47
split_gain=37272.8 67758.5 35469.7 87013.8 121329 93678.4 107471 89252.4 87140.5 76591.6
threshold=2.4625000000000008 5.9000000000000012 27.500000000000004 10.450000000000001 0.50888423190236087 10.494987549509599 3.5000000000000004 0 1 2.5000000000000004
decision_type=2 2 2 2 2 2 2 1 1 2
left_child=-1 -2 -3 4 -4 6 7 -6 -5 -7
right_child=1 2 3 8 5 9 -8 -9 -10 -11
leaf_value=-0.00050714570327011117 0.00058987092389451747 2.0470533260847395e-05 -0.0031716280977226179 -3.3515138269029568e-05 8.0512970988292663e-05 -0.00043457042299144071 0.00038209238359142436 -0.0010181460240659438 -0.00054367888372140771 -1.5286331660987623e-05
leaf_weight=377463.60607910156 479849.13427734375 27385698.794902802 189156.35729980469 9370873.7684936523 536134.70196533203 543488.822265625 6845263.8618164062 411303.71905517578 3383864.5476379395 4285177.9189453125
leaf_count=54 117 8751 85 2880 244 94 3247 195 2304 760
internal_value=0.000285534 0.000374021 0.000238418 -0.000833073 0.00149545 0.00197203 0.00468469 -0.00794162 -0.00317178 -0.00240577
internal_weight=5.38083e+07 5.34308e+07 5.2951e+07 2.55653e+07 1.28105e+07 1.26214e+07 7.7927e+06 947438 1.27547e+07 4.82867e+06
internal_count=18731 18677 18560 9809 4625 4540 3686 439 5184 854
cat_boundaries=0 1 2
cat_threshold=33560706 137346
is_linear=0
shrinkage=0.04


Tree=276
num_leaves=11
num_cat=0
split_feature=65 68 66 60 26 55 35 62 53 6
split_gain=36629 46648.5 37519.6 77474.9 73540.9 72448.2 69876.8 63410.2 54761.7 51384.3
threshold=0.77861415993795047 0.91627370158175048 0.12848003056055948 0.11244939915583108 36.500000000000007 3.5000000000000004 0.22773617922606862 0.9978888595017229 5.6500000000000012 10.00847945752451
decision_type=2 2 2 2 2 2 2 2 2 2
left_child=1 -1 3 -2 9 8 7 -7 -6 -4
right_child=2 -3 4 -5 5 6 -8 -9 -10 -11
leaf_value=-0.0021256126824660722 2.9536112071857099e-06 -3.7150512520241277e-06 0.0013977417445286027 -0.00065668907511176957 0.0012421895076213994 -0.00072520870931325784 -0.0018242918628843022 0.00026572818463146177 5.6120679832567368e-05 6.4002345367251753e-05
leaf_weight=179274.63024902344 45842422.570648193 236856.32043457031 1328471.9343070984 855062.89819335938 516694.99566650391 499578.26815795898 344835.84375 729305.12307739258 2311096.1577758789 964676.49047851562
leaf_count=86 13646 76 1143 496 327 314 220 527 1568 328
internal_value=0.000234974 -0.0115862 0.000327111 -7.43737e-05 0.00312759 0.000101536 -0.00677753 -0.00231247 0.00392989 0.0089358
internal_weight=5.38083e+07 416131 5.33921e+07 4.66975e+07 6.69466e+06 4.40151e+06 1.57372e+06 1.22888e+06 2.82779e+06 2.29315e+06
internal_count=18731 162 18569 14142 4427 2956 1061 841 1895 1471
is_linear=0
shrinkage=0.04


Tree=277
num_leaves=11
num_cat=1
split_feature=65 0 4 26 26 46 4 6 66 13
split_gain=36525.3 78799.9 88671.3 79974.2 85206.4 103753 76340.4 71369.3 115003 110148
threshold=0.91645793515231266 0 3.5000000000000004 36.500000000000007 16.500000000000004 -5.6499999999999995 32.500000000000007 9.9559704790131303 0.05424859931589452 1.0056901525042587
decision_type=2 1 2 2 2 2 2 2 2 2
left_child=1 3 -3 4 5 -1 -7 8 -6 -9
right_child=-2 2 -4 -5 7 6 -8 9 -10 -11
leaf_value=0.0001405404386204806 2.476792827717946e-05 -0.00038460542321983959 -0.00013615350422875201 -0.0002184476157535682 -0.0037309320229728916 -0.00030610933100446786 8.6140113521204873e-05 0.0004308834514928067 0.00045753964629702113 -7.4689785050431634e-05
leaf_weight=824446.33483886719 40835244.670513153 390563.6533203125 5656790.4285888672 1553249.4115600586 131163.37579345703 1312829.7977294922 794239.92175292969 1191629.9753417969 696830.57443237305 421287.0888671875
leaf_count=95 15164 62 1409 451 17 483 326 194 453 77
internal_value=0.000234511 -0.00161446 -0.00495063 0.00129863 0.00360984 -0.000986802 -0.00569394 0.00913035 -0.0004159 0.0140309
internal_weight=5.38083e+07 1.2973e+07 6.04735e+06 6.92568e+06 5.37243e+06 2.93152e+06 2.10707e+06 2.44091e+06 827994 1.61292e+06
internal_count=18731 3567 1471 2096 1645 904 809 741 470 271
cat_boundaries=0 1
cat_threshold=369229952
is_linear=0
shrinkage=0.04


Tree=278
num_leaves=11
num_cat=0
split_feature=6 48 49 50 52 52 50 52 40 27
split_gain=42512.4 142672 274748 150896 144128 145300 132665 83404.3 81730.4 137207
threshold=10.884212208011837 6.8708333333333345 4.1500000000000012 12.900000000000002 -3.0499999999999994 -4.4000000000000004 8.3500000000000032 -1.1999999999999995 0.21868595353056988 30.500000000000004
decision_type=2 2 2 2 2 2 2 2 2 2
left_child=7 6 -3 -4 5 -5 -2 8 9 -1
right_child=1 2 3 4 -6 -7 -8 -9 -10 -11
leaf_value=0.00019874973095744617 -6.8272219701187933e-05 0.00033709921631275411 -0.00033205694771979365 2.9331783988808219e-06 0.00012954320465220618 -0.00062001754555610403 -0.00048450399801505114 -0.0015923650769233428 -8.0123157899505013e-06 -3.061545146889864e-05
leaf_weight=6781589.8720092773 1018859.0244140625 1074747.1352539062 630488.42822265625 1104164.2641601562 707993.1552734375 631275.84716796875 782671.59375 411690.5693359375 35261663.66627121 5403131.6768798828
leaf_count=1487 95 136 88 158 88 89 85 48 15262 1195
internal_value=0.000263465 -0.00292517 0.00115645 -0.00493024 -0.000428331 -0.00663335 -0.0123244 0.000659909 0.000815459 0.00363965
internal_weight=5.38083e+07 5.9502e+06 4.14867e+06 3.07392e+06 2.44343e+06 1.73544e+06 1.80153e+06 4.78581e+07 4.74464e+07 1.21847e+07
internal_count=18731 739 559 423 335 247 180 17992 17944 2682
is_linear=0
shrinkage=0.04


Tree=279
num_leaves=11
num_cat=3
split_feature=65 68 55 50 0 42 0 14 49 0
split_gain=38525.8 40042.1 39948.5 104972 106814 95881.6 114055 108794 91475.5 165935
threshold=0.77861415993795047 0.91627370158175048 2.5000000000000004 8.8500000000000032 0 24.500000000000011 1 1.0000000180025095e-35 1.6500000000000001 2
decision_type=2 2 2 2 1 2 1 2 2 1
left_child=1 -1 5 4 -4 6 7 -2 9 -7
right_child=2 -3 3 -5 -6 8 -8 -9 -10 -11
leaf_value=-0.0020269932211696255 0.0010221463991977769 -7.0262198509716761e-05 -0.00095657337562148634 -2.9880014482372071e-06 -0.00018696492611983175 -0.00078579844627673864 1.899694129729575e-05 -0.0016072171366604468 3.0318651319532023e-05 2.3200375707184486e-06
leaf_weight=179274.63024902344 1828934.2115478516 236856.32043457031 448027.79772949219 21428411.719615936 1019903.525390625 1015146.5335083008 8974065.9612426758 299559.26983642578 16607667.216552734 1770428.0466308594
leaf_count=86 856 76 152 8006 312 282 3054 36 5311 560
internal_value=0.000284356 -0.011839 0.000378848 -0.000883876 -0.0112318 0.00132691 0.0042912 0.0126157 -0.000370143 -0.00707798
internal_weight=5.38083e+07 416131 5.33921e+07 2.28963e+07 1.46793e+06 3.04958e+07 1.11026e+07 2.12849e+06 1.93932e+07 2.78557e+06
internal_count=18731 162 18569 8470 464 10099 3946 892 6153 842
cat_boundaries=0 1 2 3
cat_threshold=268439680 33556480 268566530
is_linear=0
shrinkage=0.04


Tree=280
num_leaves=11
num_cat=0
split_feature=65 45 26 66 45 60 26 54 35 6
split_gain=38672.6 55245.1 42835.6 41747.6 79906 74161.1 55095.9 59463.2 61460.2 49635.4
threshold=0.81103154507437236 7.3958333333333339 12.500000000000002 0.13612682511194094 21.795833333333338 0.11244939915583108 36.500000000000007 1.1500000000000004 0.1835044244408747 9.7580815292614798
decision_type=2 2 2 2 2 2 2 2 2 2
left_child=1 2 -1 5 6 -2 9 -8 -9 -5
right_child=3 -3 -4 4 -6 -7 7 8 -10 -11
leaf_value=-0.00026989761783685775 5.6037912557927337e-06 -0.0007594260875313023 0.0003621765880334375 0.0020540881234267171 -0.001059000207201746 -0.00063399800808432865 0.00047536051528667198 2.5670641297087408e-05 -0.0015040300675482478 0.00019694203976086059
leaf_weight=421211.1181640625 45640319.523620605 540917.12530517578 590859.49432373047 779533.73258590698 478073.03192138672 910143.58642578125 2509036.952331543 651684.97021484375 358239.03671264648 928256.6611328125
leaf_count=136 13800 206 211 800 319 525 1704 400 282 348
internal_value=0.00029894 -0.00592142 -0.00040587 0.000483806 0.00371342 8.80111e-05 0.00514516 0.00228416 -0.00591146 0.0110402
internal_weight=5.38083e+07 1.55299e+06 1.01207e+06 5.22553e+07 5.70482e+06 4.65505e+07 5.22675e+06 3.51896e+06 1.00992e+06 1.70779e+06
internal_count=18731 553 347 18178 3853 14325 3534 2386 682 1148
is_linear=0
shrinkage=0.04


Tree=281
num_leaves=11
num_cat=1
split_feature=4 46 68 6 26 7 0 62 62 51
split_gain=36861.1 80745.3 114295 102852 91915.6 81250.9 79703.2 75672.8 74926.9 124199
threshold=27.500000000000004 10.450000000000001 0.50888423190236087 10.246214066765779 3.5000000000000004 0.99247215731772787 0 1.0110087111961632 1.107355598870629 0.88750000000000007
decision_type=2 2 2 2 2 2 1 2 2 2
left_child=7 2 -2 4 -4 -5 8 -1 9 -3
right_child=1 6 3 5 -6 -7 -8 -9 -10 -11
leaf_value=1.1546287311464726e-06 -0.003183708026887523 -0.00021729069249685679 -0.00057023706896301837 0.00028568491260283485 0.0005437488274216873 -0.00011290317903187799 -0.00051420410985992214 0.00018464805425292519 0.00011893956678847926 0.00057823311508874316
leaf_weight=21467697.586975098 189156.35729980469 5043459.6832275391 695332.46618652344 1166860.42578125 5161196.7697143555 5725789.9362792969 3383864.5476379395 6647503.374370575 3741663.4410400391 585750.64422607422
leaf_count=6077 85 1502 376 253 2830 1126 2304 2800 1212 166
internal_value=0.000263768 -0.000831403 0.00139502 0.00185297 0.00575056 -0.00145873 -0.00308987 0.00126459 -0.00118975 -0.00410581
internal_weight=5.38083e+07 2.56931e+07 1.29383e+07 1.27492e+07 5.85653e+06 6.89265e+06 1.27547e+07 2.81152e+07 9.37087e+06 5.62921e+06
internal_count=18731 9854 4670 4585 3206 1379 5184 8877 2880 1668
cat_boundaries=0 1
cat_threshold=137346
is_linear=0
shrinkage=0.04


Tree=282
num_leaves=11
num_cat=2
split_feature=56 0 51 55 50 0 26 48 52 53
split_gain=40153.3 93115.7 87659.8 50493.2 85357.3 121325 103947 90267.1 79946.8 135049
threshold=1.7150000000000001 0 0.012499999999999989 2.5000000000000004 8.8500000000000032 1 27.500000000000004 5.3395833333333345 -6.049999999999998 7.0500000000000025
decision_type=2 1 2 2 2 1 2 2 2 2
left_child=3 2 -2 -1 5 6 -5 -6 -9 -10
right_child=1 -3 -4 4 7 -7 -8 8 9 -11
leaf_value=2.2190121905487759e-05 -2.1178056314546785e-05 -0.00032856728223487164 0.00040331452415444657 0.00021021574234739938 0.00027272722331192126 -0.0008524907827644454 -0.00042002874550038947 -0.00027021836956736615 -4.6493575793095593e-05 0.00063962701735095372
leaf_weight=30715782.390441895 403767.91473388672 487325.79544067383 505757.44506835938 279271.39532470703 1114449.6815795898 808595.80151367188 391760.63848876953 1755455.4929504395 16386460.74653244 959647.9306640625
leaf_count=10188 130 180 95 68 396 260 140 693 6185 396
internal_value=0.000301289 0.00699444 0.0145538 0.000122903 -0.00135436 -0.0106283 0.00194529 -0.000675585 -0.0013212 -0.000497971
internal_weight=5.38083e+07 1.39685e+06 909525 5.24114e+07 2.16956e+07 1.47963e+06 671032 2.0216e+07 1.91016e+07 1.73461e+07
internal_count=18731 405 225 18326 8138 468 208 7670 7274 6581
cat_boundaries=0 2 4
cat_threshold=67241986 262144 100794368 262144
is_linear=0
shrinkage=0.04


Tree=283
num_leaves=11
num_cat=1
split_feature=30 1 27 67 0 34 45 67 53 3
split_gain=39705.1 62162.6 53847.2 52211.4 190581 64993 88280.6 49963.7 177708 108589
threshold=1.0000000180025095e-35 3.5000000000000004 44.500000000000007 1.5000000000000002 0 3.5000000000000004 21.618750000000002 8.5000000000000018 3.2500000000000009 1.0000000180025095e-35
decision_type=2 2 2 2 1 2 2 2 2 2
left_child=3 2 -2 4 -1 -6 -7 8 -5 -10
right_child=1 -3 -4 7 5 6 -8 -9 9 -11
leaf_value=-0.0033674787498679318 0.0010478347697697407 0.0026146332292603992 -0.0014009131398295296 -0.0002568912817221992 0.00080436569668107484 0.00016458800045527223 -0.00064909538476262663 4.3158074032812447e-08 0.00091499356611571844 -0.00083729247977566462
leaf_weight=313575.97979736328 203438.92797851562 209733.45385742188 184538.55419921875 1052897.1998825073 152999.33068847656 331776.90161132812 192093.50170898438 49029909.750061035 1774839.1717720032 362472.46118164062
leaf_count=138 78 130 70 209 83 144 74 16750 911 144
internal_value=0.000295309 0.0105472 0.00106247 0.000180146 -0.00891779 0.00302529 -0.00367331 0.000352708 0.00520322 0.0118294
internal_weight=5.38083e+07 597711 387977 5.32106e+07 990446 676870 523870 5.22201e+07 3.19021e+06 2.13731e+06
internal_count=18731 278 148 18453 439 301 218 18014 1264 1055
cat_boundaries=0 2
cat_threshold=131072 262144
is_linear=0
shrinkage=0.04


Tree=284
num_leaves=11
num_cat=2
split_feature=40 27 52 46 0 0 35 67 67 52
split_gain=43004.9 38865.7 134509 114889 53505.3 46958.9 46555.7 59405 110564 90451.3
threshold=0.11895849047109856 1.5000000000000002 -4.0499999999999998 2.2000000000000006 0 1 0.053817057597456502 12.500000000000002 15.500000000000002 -4.0499999999999998
decision_type=2 2 2 2 1 1 2 2 2 2
left_child=-1 2 3 4 -2 -5 -3 9 -9 -8
right_child=1 6 -4 5 -6 -7 7 8 -10 -11
leaf_value=-0.00070382624861293802 -0.0022750626716200907 -0.00031164934636199697 -0.0029821352421213368 -4.210233834145898e-05 -0.00015187247909577187 0.0022695400971940939 0.00051603448859904302 -0.0012869516562919766 5.5895655998788416e-06 -6.1923214329736288e-05
leaf_weight=367215.55786132812 286685.81140136719 316588.99719238281 353136.16369628906 166792.53231811523 573696.51547241211 262526.58020019531 3003695.4830932617 642213.17138671875 46143399.742279053 1692324.6778373718
leaf_count=75 120 72 224 149 228 116 1672 409 15043 623
internal_value=0.000232749 0.00032649 -0.00573058 0.000258689 -0.0081746 0.0171591 0.000518599 0.000612642 0.000182159 0.00490144
internal_weight=5.38083e+07 5.34411e+07 1.64284e+06 1.2897e+06 860382 429319 5.17982e+07 5.14816e+07 4.67856e+07 4.69602e+06
internal_count=18731 18656 837 613 348 265 17819 17747 15452 2295
cat_boundaries=0 1 3
cat_threshold=67112962 369098880 262144
is_linear=0
shrinkage=0.04


Tree=285
num_leaves=11
num_cat=1
split_feature=65 68 53 53 0 49 49 1 59 55
split_gain=38283.4 40042.1 34707.1 71378 234030 128113 89122.1 87635.3 68153.8 72195.5
threshold=0.77861415993795047 0.91627370158175048 1.8500000000000003 2.8000000000000003 0 8.4500000000000011 4.7500000000000009 3.5000000000000004 0.86670039073277649 14.500000000000002
decision_type=2 2 2 2 1 2 2 2 2 2
left_child=1 -1 -2 4 5 7 -6 -4 -8 -10
right_child=2 -3 3 -5 6 -7 8 -9 9 -11
leaf_value=-0.0017959027577311329 -5.1502531328167122e-05 -1.3344575265300798e-05 -0.0010268728162423676 1.9623606762286944e-06 0.00050513689472636504 0.00037173168924471104 -0.00025558241815935758 -0.00012427380176838627 0.00060478225739653995 9.4203681013925081e-06
leaf_weight=179274.63024902344 4198822.6896820068 236856.32043457031 853396.23364257812 44615467.251319885 1063195.9701423645 482282.73413085938 323162.01831054688 462416.94665527344 675687.61029052734 717712.82788085938
leaf_count=86 853 76 174 16555 292 111 68 108 176 232
internal_value=0.000246156 -0.011839 0.000340351 0.0006383 0.00539493 -0.00585008 0.0126688 -0.0123141 0.00703197 0.0108703
internal_weight=5.38083e+07 416131 5.33921e+07 4.91933e+07 4.57785e+06 1.7981e+06 2.77976e+06 1.31581e+06 1.71656e+06 1.3934e+06
internal_count=18731 162 18569 17716 1161 393 768 282 476 408
cat_boundaries=0 1
cat_threshold=67115008
is_linear=0
shrinkage=0.04


Tree=286
num_leaves=11
num_cat=0
split_feature=65 12 66 65 68 35 41 61 41 42
split_gain=51633.2 79580.5 109232 84800.5 78229.5 76258.1 71059.5 90049 82718.5 73764.8
threshold=0.92844415641771816 0.98271330740076701 0.058319160940269829 0.93259676565280591 0.79410331682846891 0.17354927761059571 3.8630565268203374e-05 0.92602430390732204 3.4274002032363106e-05 24.500000000000011
decision_type=2 2 2 2 2 2 2 2 2 2
left_child=4 2 -2 -4 -1 -5 8 -8 9 -3
right_child=1 6 3 5 -6 -7 7 -9 -10 -11
leaf_value=-0.0018000652967131558 -0.0015840644770400104 0.00029353636804073049 0.00034630231063375455 -0.00041352202185408027 -2.1420684475077327e-05 0.00026409373652860831 0.00064768315504381212 -0.0002537534455850579 0.00075252246320622928 2.0277987683803914e-05
leaf_weight=305122.05017089844 262122.2578125 5556100.9573669434 274531.10803222656 2332143.3011169434 15500321.608673096 955697.3349609375 930938.06133651733 5160400.3243865967 1090404.6326904297 21440493.596191406
leaf_count=179 63 2205 88 1056 4345 552 719 3163 523 5838
internal_value=0.000113223 0.000912312 -0.00455964 -0.00272585 -0.00180812 -0.00450921 0.00152462 -0.00239182 0.00237399 0.00193772
internal_weight=5.38083e+07 3.80028e+07 3.82449e+06 3.56237e+06 1.58054e+07 3.28784e+06 3.41783e+07 6.09134e+06 2.8087e+07 2.69966e+07
internal_count=18731 14207 1759 1696 4524 1608 12448 3882 8566 8043
is_linear=0
shrinkage=0.04


Tree=287
num_leaves=11
num_cat=0
split_feature=7 36 11 65 46 4 60 38 60 12
split_gain=44226.2 94604.4 86543.3 61561.7 56864.2 88623.7 60426.3 53401.8 55039.5 51993.2
threshold=0.9917819284441739 0.19105909192930634 0.99820648058140071 1.015899662844477 10.550000000000002 27.500000000000004 0.023612556747920174 19.000000000000011 0.053408984291886223 1.0539670011897455
decision_type=2 2 2 2 2 2 2 2 2 2
left_child=1 2 3 -1 7 -6 -7 8 -3 -8
right_child=-2 4 -4 -5 5 6 9 -9 -10 -11
leaf_value=-8.9366869582367794e-05 -1.603915294071805e-05 0.00020584360343444479 0.0021706621107540451 0.0001808651411969137 7.6421930024649976e-05 0.00037406272649137513 -0.00030276910923748797 0.00030380057814451421 -0.0010612026227133336 0.00027696955273240678
leaf_weight=697423.43011474609 36945223.065914154 699797.95568847656 413379.00103759766 1053875.2462158203 4865247.5400390625 559699.72982788086 4533318.2749633789 2889657.6232299805 382699.14936828613 767954.21633911133
leaf_count=262 11717 376 196 282 2114 251 1807 998 246 482
internal_value=1.20332e-05 0.00170944 0.00951642 0.00563053 0.000559669 -0.000954363 -0.00426703 0.00464807 -0.00292954 -0.00558674
internal_weight=5.38083e+07 1.68631e+07 2.16468e+06 1.7513e+06 1.46984e+07 1.07262e+07 5.86097e+06 3.97215e+06 1.0825e+06 5.30127e+06
internal_count=18731 7014 740 544 6274 4654 2540 1620 622 2289
is_linear=0
shrinkage=0.04


Tree=288
num_leaves=11
num_cat=0
split_feature=65 12 66 65 35 39 42 41 61 52
split_gain=42200.8 73932.1 109327 84708.6 71064.7 67205 77382.3 103887 92976.6 100156
threshold=0.92844415641771816 0.98271330740076701 0.058319160940269829 0.93259676565280591 0.17354927761059571 0.070370828731953758 24.500000000000011 4.7509960397835676e-05 0.99745523174946549 -4.0499999999999998
decision_type=2 2 2 2 2 2 2 2 2 2
left_child=-1 2 -2 -4 -5 -3 7 8 -7 -10
right_child=1 5 3 4 -6 6 -8 -9 9 -11
leaf_value=-3.2010618274753192e-05 -0.0015200603318407814 -0.00011332362273629679 0.00033309178432603309 -0.00039257285784214112 0.00025417155318509265 0.00090396489384075146 1.7861972915493267e-05 -0.00024195820709266636 0.00066000735715094825 -0.00055173326363200999
leaf_weight=15805443.658843994 262122.2578125 1236045.3107910156 274531.10803222656 2332143.3011169434 955697.3349609375 2419988.4698791504 26198578.887390137 1688868.1875419617 1959814.0177612305 675042.69860839844
leaf_count=4524 63 148 88 1056 552 1018 8632 1244 1128 278
internal_value=2.90497e-06 0.000725328 -0.00454886 -0.00271428 -0.00449667 0.0013155 0.00165908 0.00548022 0.0083499 0.00315085
internal_weight=5.38083e+07 3.80028e+07 3.82449e+06 3.56237e+06 3.28784e+06 3.41783e+07 3.29423e+07 6.74371e+06 5.05485e+06 2.63486e+06
internal_count=18731 14207 1759 1696 1608 12448 12300 3668 2424 1406
is_linear=0
shrinkage=0.04


Tree=289
num_leaves=11
num_cat=1
split_feature=68 8 4 63 0 28 46 53 47 65
split_gain=41899.3 85256.7 76525.5 141667 60600.8 125559 95343 71686.6 84166.5 93055.4
threshold=0.94201024505600095 0.99260912720544059 3.5000000000000004 0.050622702901261106 0 1.0000000180025095e-35 -9.0999999999999979 8.1500000000000039 25.550000000000004 0.93259676565280591
decision_type=2 2 2 2 1 2 2 2 2 2
left_child=1 -1 3 -3 7 6 -6 8 9 -4
right_child=-2 2 4 -5 5 -7 -8 -9 -10 -11
leaf_value=0.00059651261635774078 1.9399885493985758e-05 -0.00061797388360790718 -3.8538727686185678e-05 -0.00010244388205469836 6.4436383517944308e-05 -0.0024986470568248266 -9.0807495751736252e-05 0.00080592223535828195 -0.00075149483034767832 0.00052351799279759135
leaf_weight=587664.89845275879 39904629.563751221 379079.98992919922 3388622.0209960938 585315.42049789429 710873.92919921875 307261.55682373047 6203744.9510498047 919960.33190917969 199799.41583251953 621323.154296875
leaf_count=385 14506 52 1061 180 76 151 1509 418 83 310
internal_value=2.11582e-05 -0.00186982 -0.00252784 -0.0133797 -0.00168052 -0.00404186 -0.00293001 0.0016439 -0.000566605 0.000695947
internal_weight=5.38083e+07 1.39036e+07 1.3316e+07 964395 1.23516e+07 7.22188e+06 6.91462e+06 5.1297e+06 4.20974e+06 4.00995e+06
internal_count=18731 4225 3840 232 3608 1736 1585 1872 1454 1371
cat_boundaries=0 1
cat_threshold=100665472
is_linear=0
shrinkage=0.04


Tree=290
num_leaves=11
num_cat=1
split_feature=56 0 63 54 48 26 40 36 61 54
split_gain=36087.9 83024.2 60149.3 44803.1 84631.7 64688.2 80177.9 86466.4 69794.2 64864.5
threshold=1.7150000000000001 0 0.038513136165220868 3.1500000000000008 5.4145833333333337 5.5000000000000009 0.13637003285298807 0.12537656253765408 0.97659747618204962 1.0000000180025095e-35
decision_type=2 1 2 2 2 2 2 2 2 2
left_child=3 -2 -3 5 -5 9 -7 8 -8 -1
right_child=1 2 -4 4 -6 6 7 -9 -10 -11
leaf_value=1.195604963327794e-05 0.00060025677522509947 0.00022242446564793163 -0.00029515296970915078 0.00017888494489411174 -0.0001185196571143415 -0.00014410236384770358 0.0010114687259795052 2.6404714073436503e-05 6.6779881349518695e-05 -0.00025697525443409478
leaf_weight=2412049.6846618652 384800.19097900391 319147.92614746094 692903.03811645508 1346866.1404418945 7831551.8948822021 1463564.9736328125 562781.55950927734 35206406.434841156 642174.04321289062 2946029.3463134766
leaf_count=693 135 49 221 477 3076 182 199 12567 187 945
internal_value=0.000180496 0.00652578 0.000512369 1.13814e-05 -0.00252681 0.000550243 0.0011322 0.00150118 0.0120375 -0.00356348
internal_weight=5.38083e+07 1.39685e+06 1.01205e+06 5.24114e+07 9.17842e+06 4.3233e+07 3.78749e+07 3.64114e+07 1.20496e+06 5.35808e+06
internal_count=18731 405 270 18326 3553 14773 13135 12953 386 1638
cat_boundaries=0 2
cat_threshold=67108866 262144
is_linear=0
shrinkage=0.04


Tree=291
num_leaves=11
num_cat=1
split_feature=30 51 46 67 0 34 45 67 53 3
split_gain=34867.5 57340.1 53042.9 48024.6 186006 64430.7 79446.8 49991.2 141444 94589.2
threshold=1.0000000180025095e-35 -0.11666666666666668 17.400000000000002 1.5000000000000002 0 3.5000000000000004 21.618750000000002 8.5000000000000018 3.2500000000000009 1.0000000180025095e-35
decision_type=2 2 2 2 1 2 2 2 2 2
left_child=3 -2 -3 4 -1 -6 -7 8 -5 -10
right_child=1 2 -4 7 5 6 -8 -9 9 -11
leaf_value=-0.0030385820551685752 0.0011899288478230434 0.0011082317088053084 -0.0012942291199019922 -0.00023768562160922353 0.00075117922993858601 0.0001278488670568632 -0.00060426267274663688 -2.376045157929946e-06 0.00084906046746939751 -0.00075564193558674527
leaf_weight=313575.97979736328 219834.82476806641 161969.08001708984 215907.03125 1052897.1998825073 152999.33068847656 331776.90161132812 192093.50170898438 49029909.750061035 1774839.1717720032 362472.46118164062
leaf_count=138 105 88 85 209 83 144 74 16750 911 144
internal_value=0.000159304 0.00976639 0.000316421 5.13844e-05 -0.00867415 0.00312471 -0.00354485 0.000216883 0.00506873 0.0109803
internal_weight=5.38083e+07 597711 377876 5.32106e+07 990446 676870 523870 5.22201e+07 3.19021e+06 2.13731e+06
internal_count=18731 278 173 18453 439 301 218 18014 1264 1055
cat_boundaries=0 2
cat_threshold=131072 262144
is_linear=0
shrinkage=0.04


Tree=292
num_leaves=11
num_cat=1
split_feature=40 27 52 46 35 67 67 0 27 49
split_gain=39114.2 40647.8 128803 98869 45918.7 56398 112901 95021.1 114272 72507.4
threshold=0.11895849047109856 1.5000000000000002 -4.0499999999999998 2.2000000000000006 0.053817057597456502 8.5000000000000018 3.5000000000000004 0 40.500000000000007 0.25000000000000006
decision_type=2 2 2 2 2 2 2 1 2 2
left_child=-1 2 3 -2 -3 6 7 8 -6 -7
right_child=1 4 -4 -5 5 9 -8 -9 -10 -11
leaf_value=-0.00062622769305414037 -0.00044763947937813848 -0.00031893116385829477 -0.0027580509405029357 0.0014737978818372829 0.00010892849364944107 -0.001409942084586344 0.00082094238816756663 -0.0005129219563849098 -0.00032514686662063973 5.0807892198693011e-06
leaf_weight=367215.55786132812 860382.3268737793 316588.99719238281 353136.16369628906 429319.11251831055 933388.35040283203 224543.61877441406 1490203.9980278015 436149.03973388672 824184.37802124023 47573163.68963623
leaf_count=75 348 72 224 265 292 87 802 102 433 16031
internal_value=0.000127756 0.000217156 -0.00597723 -0.000116357 0.00041362 0.000507017 0.00527586 -0.000495619 0.0036515 0.000139465
internal_weight=5.38083e+07 5.34411e+07 1.64284e+06 1.2897e+06 5.17982e+07 5.14816e+07 3.68393e+06 2.19372e+06 1.75757e+06 4.77977e+07
internal_count=18731 18656 837 613 17819 17747 1629 827 725 16118
cat_boundaries=0 2
cat_threshold=268566656 262144
is_linear=0
shrinkage=0.04


Tree=293
num_leaves=11
num_cat=1
split_feature=68 24 65 62 52 63 64 47 0 27
split_gain=35028.1 55628 55701.2 49155.8 40457.9 40336.4 42424.1 41575.2 39762.7 39006.1
threshold=1.1737675482427989 1.0000000180025095e-35 1.1009001936714686 1.0145351935043119 -4.4000000000000004 0.19948282853669055 1.1988105366162223 25.450000000000003 0 49.500000000000007
decision_type=2 2 2 2 2 2 2 2 1 2
left_child=5 2 9 4 -4 6 -1 8 -7 -2
right_child=1 -3 3 -5 -6 7 -8 -9 -10 -11
leaf_value=-1.5684995534353926e-06 -0.00013075659787621961 0.00078580027486986376 -0.0013853718932057282 5.0094845574887539e-05 -4.1095876734678138e-06 5.1155268719613483e-05 0.00077600565534746181 -0.0026609585484974612 -0.0026900300358991963 0.0014286669924069748
leaf_weight=49521397.34942627 205802.32312011719 1018816.1353759766 282729.46502685547 1278722.4974975586 210957.56329345703 453699.69961547852 278744.59246826172 136415.53073120117 176358.75312423706 244631.32305908203
leaf_count=16365 65 537 147 762 115 229 169 86 146 110
internal_value=0.000117357 0.00414815 0.00060067 -0.00259142 -0.013312 -0.000141045 -8.88074e-07 -0.00924725 -0.00491201 0.0131608
internal_weight=5.38083e+07 3.24166e+06 2.22284e+06 1.77241e+06 493687 5.05666e+07 4.98001e+07 766474 630058 450434
internal_count=18731 1736 1199 1024 262 16995 16534 461 375 175
cat_boundaries=0 1
cat_threshold=33685632
is_linear=0
shrinkage=0.04


Tree=294
num_leaves=11
num_cat=1
split_feature=68 24 65 62 27 52 51 0 63 47
split_gain=35820.3 54944.6 55086.1 47106 39006.1 38569.2 37713.1 48128.1 37535 41554.5
threshold=1.1737675482427989 1.0000000180025095e-35 1.1009001936714686 1.0145351935043119 49.500000000000007 -4.4000000000000004 0.1333333333333333 0 0.19948282853669055 25.450000000000003
decision_type=2 2 2 2 2 2 2 1 2 2
left_child=8 2 4 5 -2 -4 7 -3 -1 -10
right_child=1 6 3 -5 -6 -7 -8 -9 9 -11
leaf_value=-9.7783249224266028e-08 -0.00012552633396117094 0.00067082220764998798 -0.0013299570174774991 4.8091051751892001e-05 0.0013715203127106954 -3.945204166529111e-06 0.0014535778884759945 -0.00046174405613203553 -0.0006111589042932864 -0.0025545202065575629
leaf_weight=49800141.941894531 205802.32312011719 456417.43640136719 282729.46502685547 1278722.4974975586 244631.32305908203 210957.56329345703 326356.94543457031 236041.75354003906 630058.45273971558 136415.53073120117
leaf_count=16534 65 214 147 762 110 115 173 150 375 86
internal_value=0.000119723 0.00419584 0.000670217 -0.0025042 0.0131608 -0.0129988 0.0118878 0.00660419 -0.000141585 -0.00892589
internal_weight=5.38083e+07 3.24166e+06 2.22284e+06 1.77241e+06 450434 493687 1.01882e+06 692459 5.05666e+07 766474
internal_count=18731 1736 1199 1024 175 262 537 364 16995 461
cat_boundaries=0 1
cat_threshold=67242114
is_linear=0
shrinkage=0.04


Tree=295
num_leaves=11
num_cat=1
split_feature=40 13 45 27 52 46 42 20 0 49
split_gain=33298.6 81670.8 97591.7 50990.5 112417 91760.5 63348.9 85860.2 140422 98484.2
threshold=0.13637003285298807 0.99886055613906299 0.37708333333333344 1.5000000000000002 -4.0499999999999998 2.2000000000000006 24.500000000000011 1.0000000180025095e-35 0 1.5500000000000003
decision_type=2 2 2 2 2 2 2 2 1 2
left_child=1 -1 -3 4 5 -2 -5 -8 9 -9
right_child=3 2 -4 6 -6 -7 7 8 -10 -11
leaf_value=2.0286112220812042e-05 -0.00056784138980318693 -0.00043104233620278092 -3.7314928999391461e-05 0.00010400330297145753 -0.0026416179148211938 0.0012916116446613887 1.4586201226090003e-05 -0.0010441910933262765 -0.000560617015520099 6.2743513030489082e-05
leaf_weight=623988.23510742188 757308.66720581055 750521.24914550781 734771.31994628906 13792769.752513885 353136.16369628906 416331.6589050293 29017147.10559082 452913.208984375 3299907.7381591797 3609480.1334838867
leaf_count=74 336 74 108 5648 224 263 9714 153 1024 1113
internal_value=9.81798e-05 -0.00482811 -0.00992969 0.000299171 -0.00690202 -0.000948098 0.000518311 -0.000356866 -0.00421474 0.000764144
internal_weight=5.38083e+07 2.10928e+06 1.48529e+06 5.1699e+07 1.52678e+06 1.17364e+06 5.01722e+07 3.63794e+07 7.3623e+06 4.06239e+06
internal_count=18731 256 182 18475 823 599 17652 12004 2290 1266
cat_boundaries=0 1
cat_threshold=302123136
is_linear=0
shrinkage=0.04


Tree=296
num_leaves=11
num_cat=1
split_feature=51 0 65 50 52 53 42 36 63 47
split_gain=34757.1 62573 92409.2 49183.6 47115.4 42814.1 89974.9 61650.1 64309.5 53971.9
threshold=0.88750000000000007 0 0.95204214604541226 10.250000000000002 -5.1499999999999986 9.6500000000000021 24.500000000000011 0.2057285977217114 0.045679344282915403 26.800000000000001
decision_type=2 1 2 2 2 2 2 2 2 2
left_child=5 2 -2 -4 -3 9 -7 8 -8 -1
right_child=1 4 3 -5 -6 6 7 -9 -10 -11
leaf_value=-1.231526844164272e-06 -0.00089292964809153442 0.00048768719422729521 -0.00081946338208744782 0.0002728791184780542 6.1290980162825637e-05 0.00087927595525563328 0.0001026468358478512 0.0001747110647379815 -0.0004519567927212253 -0.00027930959300938372
leaf_weight=43329023.185527802 298948.16851806641 999014.55599975586 156237.0283203125 577197.94177246094 2268005.4310913086 652334.68594360352 421582.99829101562 1480385.7855224609 357528.50378417969 3268016.9479675293
leaf_count=14942 125 276 59 305 702 216 77 531 76 1422
internal_value=0.000157894 0.00360769 -0.00497652 0.00266391 0.00632032 -0.000141692 0.00456382 0.000785721 -0.00832185 -0.000435739
internal_weight=5.38083e+07 4.2994e+06 1.03238e+06 733435 3.26702e+06 4.95089e+07 2.91183e+06 2.2595e+06 779112 4.6597e+07
internal_count=18731 1467 489 364 978 17264 900 684 153 16364
cat_boundaries=0 2
cat_threshold=268435458 262144
is_linear=0
shrinkage=0.04


Tree=297
num_leaves=11
num_cat=2
split_feature=51 0 65 52 53 1 42 47 47 0
split_gain=37634.3 54230.5 81763.3 46480.1 43940.7 86638.5 85728.1 52169.6 111681 212342
threshold=0.88750000000000007 0 0.95204214604541226 -5.1499999999999986 9.6500000000000021 2.5000000000000004 35.000000000000007 26.800000000000001 25.850000000000005 1
decision_type=2 1 2 2 2 2 2 2 2 1
left_child=4 2 -2 -3 7 -6 -7 8 -1 -10
right_child=1 3 -4 -5 5 6 -8 -9 9 -11
leaf_value=-7.1443638609278369e-06 -0.00085721246216787287 0.00046817970645820361 7.1040036283933727e-05 5.8839340956311968e-05 -2.6278129152097198e-05 0.0012109011446656624 1.6993859579907549e-05 -0.00026813720928900919 0.00087809562477405483 -0.00040859579513338414
leaf_weight=42189232.491802216 298948.16851806641 999014.55599975586 733434.97009277344 2268005.4310913086 1934396.3326416016 517654.21011352539 459781.43078613281 3268016.9479675293 778455.39331054688 361335.30041503906
leaf_count=14474 125 276 364 702 558 198 144 1422 260 208
internal_value=0.000183672 0.00377342 -0.00421809 0.00629875 -0.000128067 0.00463895 0.0143453 -0.000425958 -5.83846e-05 0.0122967
internal_weight=5.38083e+07 4.2994e+06 1.03238e+06 3.26702e+06 4.95089e+07 2.91183e+06 977436 4.6597e+07 4.3329e+07 1.13979e+06
internal_count=18731 1467 489 978 17264 900 342 16364 14942 468
cat_boundaries=0 2 4
cat_threshold=268435458 262144 268572672 262144
is_linear=0
shrinkage=0.04


Tree=298
num_leaves=11
num_cat=2
split_feature=51 0 52 0 49 41 66 66 40 4
split_gain=36471.1 61191.3 62585.5 47132.5 47565 68923 70238.6 46620.2 45816.5 41151.6
threshold=0.98125000000000018 0 -5.1499999999999986 1 7.8500000000000005 3.7087383043180577e-06 0.048469640419526575 0.05424859931589452 0.23613238879723597 20.500000000000004
decision_type=2 1 2 1 2 2 2 2 2 2
left_child=-1 -2 9 -4 5 6 -5 -7 -8 -3
right_child=1 2 3 4 -6 7 8 -9 -10 -11
leaf_value=-1.3286569541771307e-06 -0.00055486866573880363 5.2358406676027969e-07 0.00040836439383540963 -0.0012956909273013051 6.927425496910723e-05 0.00088852791392599777 0.00032516767919576973 -9.656150152095065e-05 -0.00133473659040512 0.00070668140826999921
leaf_weight=50418268.101238251 359551.78204345703 354082.56466674805 361310.71325683594 190851.01098632812 376214.41577148438 140926.36267089844 172949.25921630859 644795.39703369141 161049.39520263672 628276.23065185547
leaf_count=17570 129 104 91 31 98 35 66 328 79 200
internal_value=0.000193781 0.00420986 0.00606097 0.00207985 -0.000728627 -0.00432748 -0.0155507 0.00316966 -0.00448876 0.014361
internal_weight=5.38083e+07 3.39001e+06 3.03046e+06 2.0481e+06 1.68679e+06 1.31057e+06 524850 785722 333999 982359
internal_count=18731 1161 1032 728 637 539 176 363 145 304
cat_boundaries=0 2 3
cat_threshold=0 262144 4096
is_linear=0
shrinkage=0.04


Tree=299
num_leaves=11
num_cat=2
split_feature=51 0 46 24 0 55 53 41 65 45
split_gain=35080.1 52565.6 97853 68275.1 70748.8 111974 54663.8 68417.1 54473 54831.9
threshold=0.88750000000000007 0 -1.45 1.0000000180025095e-35 1 2.5000000000000004 8.1500000000000039 6.9859060050380258e-06 0.95204214604541226 15.268750000000002
decision_type=2 1 2 2 1 2 2 2 2 2
left_child=-1 3 -3 4 -2 -6 -5 -8 -4 -10
right_child=1 2 8 6 5 -7 7 -9 9 -11
leaf_value=-1.5272154437309665e-06 -0.00024405652452249505 -0.00096297323705639805 -0.00062099223474047544 8.3497834404157764e-05 0.00067015116741380777 -0.00040184781485837727 -0.00099993007988239215 6.7502103258686492e-05 0.00083417639785782682 1.7564012310188425e-05
leaf_weight=49508872.107036591 456433.96984863281 179859.72448730469 367909.90545654297 305164.05694580078 1188690.797454834 245014.41925048828 265654.63287353516 331840.97436523438 221866.44464111328 736968.20037841797
leaf_count=17264 117 48 144 65 364 104 52 113 115 345
internal_value=0.000194652 0.00366044 -0.00236135 0.00690894 0.0112309 0.0155973 -0.00214117 -0.00917581 0.00139216 0.00641275
internal_weight=5.38083e+07 4.2994e+06 1.5066e+06 2.7928e+06 1.89014e+06 1.43371e+06 902660 597496 1.32674e+06 958835
internal_count=18731 1467 652 815 585 468 230 165 604 460
cat_boundaries=0 1 2
cat_threshold=100800512 4096
is_linear=0
shrinkage=0.04


Tree=300
num_leaves=11
num_cat=2
split_feature=51 0 52 0 53 1 42 9 6 47
split_gain=36081.1 64615 51210.1 55119.8 40922.1 82165.6 91697.7 46637.8 53278.8 46326.3
threshold=0.98125000000000018 0 -5.1499999999999986 1 9.6500000000000021 2.5000000000000004 35.000000000000007 0.9793102345995538 10.884212208011837 26.800000000000001
decision_type=2 1 2 1 2 2 2 2 2 2
left_child=4 -2 3 -3 9 7 -7 -6 -9 -1
right_child=1 2 -4 -5 5 6 -8 8 -10 -11
leaf_value=-7.2543698671294084e-07 -0.00056876634188097585 0.00065538193961032197 5.8739602608722804e-05 7.6083737016918778e-06 -0.00074916294024906106 0.0011625793337749525 1.6428340092628202e-05 0.0001327893857296801 -0.00031236722373218076 -0.00026354911157983047
leaf_weight=44022653.290630341 359551.78204345703 539175.5153503418 2048096.5541381836 443183.27996826172 305883.64398193359 517654.21011352539 459781.43078613281 1286299.5202026367 342213.16845703125 3483782.8370666504
leaf_count=15176 129 152 728 152 120 198 144 393 45 1494
internal_value=0.000176297 0.00417084 0.00607304 0.013581 -9.22885e-05 0.00451066 0.0139631 -0.000265683 0.00242614 -0.000374421
internal_weight=5.38083e+07 3.39001e+06 3.03046e+06 982359 5.04183e+07 2.91183e+06 977436 1.9344e+06 1.62851e+06 4.75064e+07
internal_count=18731 1161 1032 304 17570 900 342 558 438 16670
cat_boundaries=0 2 3
cat_threshold=0 262144 100796416
is_linear=0
shrinkage=0.04


Tree=301
num_leaves=11
num_cat=2
split_feature=51 0 52 0 62 30 1 27 53 1
split_gain=40878.7 46771.1 51210.1 55119.8 39875.4 39641.6 50641.3 49875.1 41076.9 81890.9
threshold=0.98125000000000018 0 -5.1499999999999986 1 0.99525107690760461 1.0000000180025095e-35 3.5000000000000004 44.500000000000007 9.6500000000000021 2.5000000000000004
decision_type=2 1 2 1 2 2 2 2 2 2
left_child=5 -2 3 4 -3 8 7 -7 -1 -10
right_child=1 2 -4 -5 -6 6 -8 -9 9 -11
leaf_value=-9.1243836041757675e-06 -0.00054601568820573671 0.00069664180251793439 5.639001850437393e-05 7.3040387536240161e-06 0.00015273317121796806 0.00092868540985932644 0.0025836472672861534 -0.001217840617771294 -4.4405752075379356e-05 0.0007687048761166258
leaf_weight=46908725.191661835 359551.78204345703 270204.39685058594 2048096.5541381836 443183.27996826172 268971.11849975586 203438.92797851562 209733.45385742188 184538.55419921875 1934396.3326416016 977435.6408996582
leaf_count=16392 129 72 728 152 80 78 130 70 558 342
internal_value=0.000202844 0.00445468 0.00607304 0.013581 0.0221708 -8.30413e-05 0.0101568 0.00159598 -0.000205895 0.00440406
internal_weight=5.38083e+07 3.39001e+06 3.03046e+06 982359 539176 5.04183e+07 597711 387977 4.98206e+07 2.91183e+06
internal_count=18731 1161 1032 304 152 17570 278 148 17292 900
cat_boundaries=0 2 3
cat_threshold=0 262144 100796416
is_linear=0
shrinkage=0.04


Tree=302
num_leaves=11
num_cat=0
split_feature=68 54 20 49 27 4 26 6 26 41
split_gain=34815 50749.9 46156 81828.2 42014.3 36669.2 66308.4 132278 113698 113517
threshold=1.1809485637434509 1.7500000000000002 1.0000000180025095e-35 4.8500000000000005 59.500000000000007 27.500000000000004 49.500000000000007 10.246214066765779 6.5000000000000009 1.17282832609843e-05
decision_type=2 2 2 2 2 2 2 2 2 2
left_child=5 2 -2 4 -4 -1 7 8 -7 -9
right_child=1 -3 3 -5 -6 6 -8 9 -10 -11
leaf_value=1.029947595268529e-05 0.0011176726310296475 -0.00017191688528073897 0.0019178060365638403 -0.0011651007980482348 -7.5518081327288495e-05 -0.00024672450459253885 -0.00012932093622361848 -2.5061660596787395e-05 0.00051911549718275363 -0.00068869968898704502
leaf_weight=26587625.172954559 1203121.1227416992 1023278.3843994141 193547.27624511719 328042.22180175781 230254.94427490234 1615330.1776733398 9092107.0543212891 6693532.5090332031 5387967.6783752441 1453468.6909179688
leaf_count=8005 661 530 93 171 136 918 3561 1311 2980 365
internal_value=0.000164668 0.00436803 0.00814568 0.000370741 0.0119805 -8.16179e-05 -0.00120675 0.000413863 0.00444512 -0.00305147
internal_weight=5.38083e+07 2.97824e+06 1.95497e+06 751844 423802 5.083e+07 2.42424e+07 1.51503e+07 7.0033e+06 8.147e+06
internal_count=18731 1591 1061 400 229 17140 9135 5574 3898 1676
is_linear=0
shrinkage=0.04


Tree=303
num_leaves=11
num_cat=1
split_feature=7 45 64 11 39 47 0 51 4 66
split_gain=35542.4 75774.3 109599 82948.1 68669.7 58102.8 97448.5 61177.9 56848.4 77399.6
threshold=0.9917819284441739 12.527083333333335 0.92696537295234027 1.0030473438337559 0.12681675838573284 12.850000000000001 0 0.018749999999999885 27.500000000000004 0.11061709125156287
decision_type=2 2 2 2 2 2 1 2 2 2
left_child=1 3 -3 5 -4 -1 -7 -8 -6 -10
right_child=-2 2 4 -5 8 6 7 -9 9 -11
leaf_value=6.0246788811951416e-07 -9.1891222094479155e-06 -0.00083409409265167731 0.00012656295705283004 0.0024149853920496784 0.00012179874503480116 0.0011539933910956169 -0.0014268018850465639 0.00051305566502035053 -0.00025404578818913673 0.00036632287355523849
leaf_weight=1723844.1741638184 36945223.065914154 502940.08303833008 3174810.7576904297 504982.39772033691 4528662.0273132324 322277.45666503906 205861.72479248047 286837.63980102539 4085897.6258544922 1526938.2797851562
leaf_count=713 11717 196 750 263 2143 72 101 138 1557 1081
internal_value=0.000195455 0.00171712 0.000458718 0.0074304 0.00115102 0.00448536 0.013286 0.00209866 -0.000456141 -0.0031462
internal_weight=5.38083e+07 1.68631e+07 1.38192e+07 3.0438e+06 1.33163e+07 2.53882e+06 814977 492699 1.01415e+07 5.61284e+06
internal_count=18731 7014 5727 1287 5531 1024 311 239 4781 2638
cat_boundaries=0 1
cat_threshold=135168
is_linear=0
shrinkage=0.04


Tree=304
num_leaves=11
num_cat=1
split_feature=68 39 45 49 46 27 63 37 60 0
split_gain=35995.7 52817 56296.6 56151.5 71397.6 63791.9 48025.4 54461.3 74854.6 79598.4
threshold=1.1474239465239835 0.12393867036142019 12.435416666666669 6.0500000000000007 10.450000000000001 28.500000000000004 0.15944179489246726 4.69248174699503e-05 0.016238247981883138 0
decision_type=2 2 2 2 2 2 2 2 2 1
left_child=6 -2 -3 5 -5 -4 7 -1 9 -9
right_child=1 2 3 4 -6 -7 -8 8 -10 -11
leaf_value=-6.3821236149858089e-06 0.00043679845697592603 0.0010743097851423403 0.0010650687635265583 0.0012362622463148695 -0.00040751392543904823 8.3018987533990475e-06 -0.00072454888650760527 0.0015156553512662837 7.262594569962613e-05 -0.00018847805975765808
leaf_weight=42957270.100921631 713384.29803466797 639285.41070556641 487484.12609863281 207156.98120117188 1370177.4241943359 2020895.8579711914 1380582.8571891785 267325.35375976562 3593454.7718200684 171258.05084228516
leaf_count=12460 187 342 208 102 675 1087 911 185 2394 180
internal_value=0.000182556 0.00326797 0.00173624 9.13418e-06 -0.00590428 0.00372766 -0.000164348 5.16965e-05 0.00449657 0.0200966
internal_weight=5.38083e+07 5.43838e+06 4.725e+06 4.08571e+06 1.57733e+06 2.50838e+06 4.83699e+07 4.69893e+07 4.03204e+06 438583
internal_count=18731 2601 2414 2072 777 1295 16130 15219 2759 365
cat_boundaries=0 1
cat_threshold=33560576
is_linear=0
shrinkage=0.04


Tree=305
num_leaves=11
num_cat=2
split_feature=51 68 0 52 4 0 53 42 36 63
split_gain=35541.1 53006.8 96843.7 76918.4 52059.8 50469.6 38938.9 76502.2 57537.3 58718.1
threshold=0.98125000000000018 1.0152359820863996 0 -5.1499999999999986 16.500000000000004 1 9.6500000000000021 24.500000000000011 0.2057285977217114 0.045679344282915403
decision_type=2 2 1 2 2 1 2 2 2 2
left_child=6 2 -2 -3 -4 -5 -1 -8 9 -9
right_child=1 3 4 5 -6 -7 7 8 -10 -11
leaf_value=-6.2536349193514499e-06 -0.0007992994536881688 0.00099800169560892364 -0.0001161773437616539 -0.00050833082060655686 0.00023558915867991873 0.00029266578703569178 0.00084715548976689202 0.00011494762826055424 0.00015937125877240796 -0.00044739635883500882
leaf_weight=47506436.127696991 318983.50103759766 440559.33676147461 577674.57440185547 283678.26342773438 1145166.3650512695 623945.0908203125 652334.68594360352 421582.99829101562 1480385.7855224609 357528.50378417969
leaf_count=16670 148 172 166 109 348 218 216 77 531 76
internal_value=0.000207532 0.00417208 0.000107713 0.0103275 0.00385622 0.00367071 -5.90363e-05 0.004431 0.000947228 -0.00785131
internal_weight=5.38083e+07 3.39001e+06 2.04182e+06 1.34818e+06 1.72284e+06 907623 5.04183e+07 2.91183e+06 2.2595e+06 779112
internal_count=18731 1161 662 499 514 327 17570 900 684 153
cat_boundaries=0 2 3
cat_threshold=268435456 262144 67110914
is_linear=0
shrinkage=0.04


Tree=306
num_leaves=11
num_cat=0
split_feature=48 50 11 60 52 12 12 26 63 67
split_gain=32765.3 66648.1 40306.3 44058.1 74258.8 52493.5 44363.4 87989 148740 99407.8
threshold=2.4625000000000008 5.9000000000000012 0.70598969950122259 1.0000000180025095e-35 -4.0499999999999998 0.98271330740076701 1.004188113021901 59.500000000000007 0.075960314207603796 2.5000000000000004
decision_type=2 2 2 2 2 2 2 2 2 2
left_child=-1 -2 -3 4 5 -4 7 9 -9 -5
right_child=1 2 3 6 -6 -7 -8 8 -10 -11
leaf_value=-0.00051652295054629245 0.00048127711103245646 -0.0021879938974459058 -0.00010149984639486587 -0.0017648259577108649 -0.0014865722428642437 0.0010674298317094411 3.7414442477967458e-05 -2.8830815993597612e-05 -0.0014324693943421729 5.1844605027515331e-07
leaf_weight=377463.60607910156 479849.13427734375 180693.57647705078 282893.74359130859 258752.93005371094 197461.54849243164 575900.80197143555 21424294.668743134 2289121.7366333008 1230531.8236694336 26511311.662750244
leaf_count=54 117 75 219 112 126 329 8181 674 751 8093
internal_value=0.000190864 0.000273829 0.000139341 0.000203923 0.00829104 0.0133767 3.87406e-05 -0.000946572 -0.00689223 -0.000164849
internal_weight=5.38083e+07 5.34308e+07 5.2951e+07 5.27703e+07 1.05626e+06 858795 5.1714e+07 3.02897e+07 3.51965e+06 2.67701e+07
internal_count=18731 18677 18560 18485 674 548 17811 9630 1425 8205
is_linear=0
shrinkage=0.04


Tree=307
num_leaves=11
num_cat=1
split_feature=40 27 0 52 67 36 27 64 49 49
split_gain=45682.5 39175.6 107885 101736 49263.7 80161.1 78839.9 98307.2 88149.4 75708.2
threshold=0.11895849047109856 1.5000000000000002 0 -5.6499999999999986 54.500000000000007 0.46897643827768037 56.500000000000007 0.92602430390732204 3.5500000000000003 10.450000000000001
decision_type=2 2 1 2 2 2 2 2 2 2
left_child=-1 2 3 -2 5 6 -3 -8 -9 -6
right_child=1 4 -4 -5 9 -7 7 8 -10 -11
leaf_value=-0.00061514147449661446 0.0010443653679218772 1.6104113072571478e-05 -0.0012868722753848747 -0.0011636637085426977 -2.668889849694683e-05 -0.0014825054773792688 9.8728278982118529e-05 0.00026862567052519801 0.0029504068523243795 0.0003076017458888449
leaf_weight=367215.55786132812 468993.3030090332 19772159.75390625 831213.76702880859 342630.53305053711 27475557.782348633 616353.57691574097 1554767.9977416992 688880.89138793945 733904.7311706543 956597.33831787109
leaf_count=75 168 5920 475 194 9389 390 826 454 498 342
internal_value=0.000194036 0.000290651 -0.00579053 0.0045829 0.000483524 0.00184427 0.00222991 0.00829784 0.0158955 -0.000634764
internal_weight=5.38083e+07 5.34411e+07 1.64284e+06 811624 5.17982e+07 2.33661e+07 2.27497e+07 2.97755e+06 1.42279e+06 2.84322e+07
internal_count=18731 18656 837 362 17819 8088 7698 1778 952 9731
cat_boundaries=0 2
cat_threshold=33687552 262144
is_linear=0
shrinkage=0.04


Tree=308
num_leaves=11
num_cat=2
split_feature=7 45 64 11 47 0 0 58 6 11
split_gain=34634.1 79982.5 86600.7 78967.2 59797.1 84504 59683.6 66235 51713 49173.7
threshold=0.9917819284441739 12.543750000000003 0.92696537295234027 1.0030473438337559 12.850000000000001 0 1 0.96702566561425318 10.478666522506417 1.0046596805451646
decision_type=2 2 2 2 2 1 1 2 2 2
left_child=1 3 -3 4 8 -6 7 -4 -1 -2
right_child=9 2 6 -5 5 -7 -8 -9 -10 -11
leaf_value=0.00029310641892526038 -6.6714990207640925e-05 -0.00068415315278995967 8.4672456114894394e-05 0.0023194999093791632 -0.00051625196001677464 0.00076048925098848015 6.5507586125431279e-05 -0.00065386621676923442 -0.0005760451175382354 7.4826115678767599e-06
leaf_weight=1271687.6995544434 15745619.86907959 499381.90432739258 848259.47470092773 512106.27284240723 313181.60699462891 563597.50973510742 11565665.223510742 837016.00054931641 452156.474609375 21199603.196834564
leaf_count=622 4678 195 695 268 110 219 4234 580 91 7039
internal_value=0.000185619 0.00168772 0.000377011 0.00747765 0.00465038 0.0131551 0.000993272 -0.00603923 0.000324629 -0.00049999
internal_weight=5.38083e+07 1.68631e+07 1.37503e+07 3.11273e+06 2.60062e+06 876779 1.32509e+07 1.68528e+06 1.72384e+06 3.69452e+07
internal_count=18731 7014 5704 1310 1042 329 5509 1275 713 11717
cat_boundaries=0 2 3
cat_threshold=2176 262144 100663296
is_linear=0
shrinkage=0.04


Tree=309
num_leaves=11
num_cat=1
split_feature=4 62 47 40 40 0 26 64 6 6
split_gain=32745.2 68697.5 65935.7 61070.7 92554 84618.2 175809 93760.5 156404 92223
threshold=27.500000000000004 1.0110087111961632 14.250000000000002 0.15671517352806114 0.19503299225163742 0 35.500000000000007 0.97001552982930284 10.776533195955341 10.546545133762052
decision_type=2 2 2 2 2 1 2 2 2 2
left_child=1 -1 -3 -2 -5 6 -6 -8 -9 -7
right_child=3 2 -4 4 5 9 7 8 -10 -11
leaf_value=2.0247464696503385e-08 -0.00019031433548140949 -0.00024350771533688414 0.0002164346564947706 0.00030809785882289839 0.00032354018453256163 -9.4203107285654067e-05 -0.00046499911549760682 -0.00017087461595065312 0.0004543786553264632 -0.00073469677310426817
leaf_weight=21467697.586975098 2232553.5184326172 1310290.5827522278 5337212.7916183472 1688742.7893066406 4105663.4905395508 11761469.068054199 1352058.7507629395 2911144.3188476562 500575.2431640625 1140867.0922851562
leaf_count=6077 381 581 2219 463 1774 4935 438 1541 84 238
internal_value=0.000206331 0.00114962 0.00470285 -0.000825887 -0.000224295 -0.000924016 0.00208365 -0.00314449 0.000388212 -0.00299158
internal_weight=5.38083e+07 2.81152e+07 6.6475e+06 2.56931e+07 2.34605e+07 2.17718e+07 8.86944e+06 4.76378e+06 3.41172e+06 1.29023e+07
internal_count=18731 8877 2800 9854 9473 9010 3837 2063 1625 5173
cat_boundaries=0 1
cat_threshold=33685634
is_linear=0
shrinkage=0.04


Tree=310
num_leaves=11
num_cat=1
split_feature=51 12 0 45 62 4 13 52 6 50
split_gain=38894.8 45605.9 68064 61376.8 53331.2 46994.9 52100.3 39709.6 37693.3 135669
threshold=0.88750000000000007 1.004188113021901 0 21.902083333333341 0.99183898442193308 16.500000000000004 0.99710091689190017 -5.049999999999998 10.461941960935095 12.900000000000002
decision_type=2 2 1 2 2 2 2 2 2 2
left_child=8 2 4 7 -2 6 -4 -3 -1 -10
right_child=1 3 5 -5 -6 -7 -8 -9 9 -11
leaf_value=2.4662062140359473e-05 -0.0010468152113461496 0.00073488861055165595 0.00016740221504702002 -0.00033658395711553364 -0.00014807019757216732 0.00017652611602445909 -0.00028014172515157174 0.00019749164059792632 -0.00010186454227830269 3.2571061171669235e-05
leaf_weight=31530338.075786591 265112.91949462891 385950.3918762207 264116.59832763672 338040.60357666016 155682.10955810547 1740666.1708374023 380818.02294921875 769016.30908203125 8749036.6130371094 9229497.4182128906
leaf_count=14295 109 156 91 120 83 532 101 275 1325 1644
internal_value=0.000176118 0.00382548 0.000820614 0.00947363 -0.0140111 0.00343691 -0.00578626 0.0138612 -0.000140798 -0.00160243
internal_weight=5.38083e+07 4.2994e+06 2.8064e+06 1.49301e+06 420795 2.3856e+06 644935 1.15497e+06 4.95089e+07 1.79785e+07
internal_count=18731 1467 916 551 192 724 192 431 17264 2969
cat_boundaries=0 2
cat_threshold=268435456 262144
is_linear=0
shrinkage=0.04


Tree=311
num_leaves=11
num_cat=1
split_feature=68 60 61 54 36 62 64 60 0 19
split_gain=34076.9 47606.2 50424.6 48995.6 36205 60637 41189.6 38645.3 71978.6 52183.9
threshold=1.1809485637434509 0.050338194675432844 1.141021521711626 1.1500000000000004 0.58703000001339578 0.95653939193574145 1.1988105366162223 1.0000000180025095e-35 0 1.0000000180025095e-35
decision_type=2 2 2 2 2 2 2 2 1 2
left_child=4 2 -2 -3 6 -6 7 8 -1 -9
right_child=1 3 -4 -5 5 -7 -8 9 -10 -11
leaf_value=0.0011622045860943864 0.0013686729859098904 0.00048192348461976401 2.3530423414516922e-05 -0.00032723014169560709 1.4588933532738425e-05 -0.003297647553374858 0.00084211630062398964 -3.6382869878523552e-06 -0.00010466182790647328 -0.00058039024162604498
leaf_weight=411574.86120605469 576841.01599121094 1064762.7391357422 525672.78283691406 810967.41149902344 203686.06079101562 151462.1565284729 373763.55527496338 48194634.417541504 679214.06951904297 815696.16241455078
leaf_count=240 288 607 241 455 77 109 252 15647 439 376
internal_value=0.000136161 0.00429473 0.010891 0.000417503 -0.0001075 -0.0128339 -1.79506e-05 -0.000116647 0.00732989 -0.000282383
internal_weight=5.38083e+07 2.97824e+06 1.10251e+06 1.87573e+06 5.083e+07 355148 5.04749e+07 5.01011e+07 1.09079e+06 4.90103e+07
internal_count=18731 1591 529 1062 17140 186 16954 16702 679 16023
cat_boundaries=0 1
cat_threshold=33560576
is_linear=0
shrinkage=0.04


Tree=312
num_leaves=11
num_cat=2
split_feature=55 50 0 0 52 49 46 6 27 52
split_gain=35918.6 104792 106459 77882.8 126000 122489 129089 94291 128557 141740
threshold=2.5000000000000004 8.8500000000000032 0 1 -7.6999999999999984 1.9500000000000002 -5.6499999999999995 10.461941960935095 41.500000000000007 -4.6499999999999986
decision_type=2 2 1 1 2 2 2 2 2 2
left_child=3 2 -2 4 -1 -6 -7 -5 -9 -10
right_child=1 -3 -4 7 5 6 -8 8 9 -11
leaf_value=0.0010537163085694108 -0.00090404805500524002 -6.001571443008235e-06 -0.00013946260886080168 0.00017630010645260756 -0.0013862677647587549 0.0020652474896720834 -0.00025335425257788218 2.5892467085088034e-05 -0.0003170239110544445 1.3545242398374241e-05
leaf_weight=229300.29718017578 459724.30993652344 21612865.006969452 1019903.525390625 15920836.62890625 621848.70141601562 245471.216796875 2114112.48046875 6725293.7678222656 2695479.8312988281 2163439.4665527344
leaf_count=83 156 8075 312 7249 196 32 821 916 520 371
internal_value=0.000151595 -0.00104031 -0.0113386 0.00104768 -0.00484757 -0.00704515 -0.00288289 0.00173585 -0.00100975 -0.00596721
internal_weight=5.38083e+07 2.30925e+07 1.47963e+06 3.07158e+07 3.21073e+06 2.98143e+06 2.35958e+06 2.7505e+07 1.15842e+07 4.85892e+06
internal_count=18731 8543 468 10188 1132 1049 853 9056 1807 891
cat_boundaries=0 1 3
cat_threshold=268439680 0 262144
is_linear=0
shrinkage=0.04


Tree=313
num_leaves=11
num_cat=2
split_feature=53 36 1 6 20 53 0 52 49 0
split_gain=33845.1 98774.6 86495.1 112706 99879.5 125324 121787 248660 145183 87250.4
threshold=6.9500000000000002 0.0947013195287318 1.0000000180025095e-35 10.884212208011837 1.0000000180025095e-35 7.6500000000000012 0 -6.1499999999999995 3.0500000000000003 1
decision_type=2 2 2 2 2 2 1 2 2 1
left_child=1 -1 3 -2 9 -6 7 -7 -8 -4
right_child=2 -3 4 -5 5 6 8 -9 -10 -11
leaf_value=-0.00063893036585262078 -7.2388947718253767e-05 -4.445822051907868e-06 0.00048982687560860251 -0.00044062930236505731 -0.00078666589282836222 -0.00099394905246512214 -0.00085404750705408018 0.00037438544297236417 0.00012447966936770223 0.00011857203927521751
leaf_weight=361394.61328125 2836630.325012207 33646439.693347931 2054747.9206237793 472829.13330078125 593423.04754638672 458660.83599853516 1060060.9901733398 1716386.6939086914 1858061.6188278198 8749640.3607177734
leaf_count=78 1010 11291 890 70 225 153 474 531 894 3115
internal_value=0.000156252 -0.000609224 0.00147098 -0.00443051 0.00265531 -0.00163559 0.000391371 0.00755577 -0.0049487 0.00491371
internal_weight=5.38083e+07 3.40078e+07 1.98004e+07 3.30946e+06 1.6491e+07 5.68659e+06 5.09317e+06 2.17505e+06 2.91812e+06 1.08044e+07
internal_count=18731 11369 7362 1080 6282 2277 2052 684 1368 4005
cat_boundaries=0 1 2
cat_threshold=33687552 33558528
is_linear=0
shrinkage=0.04


Tree=314
num_leaves=11
num_cat=2
split_feature=55 50 0 54 0 36 46 54 51 49
split_gain=32692.6 93709.9 101055 71954.1 143009 93186 106520 76607.7 113905 93446.5
threshold=2.5000000000000004 8.8500000000000032 0 0.65000000000000024 1 0.2057285977217114 2.0500000000000003 1.1500000000000004 -0.1583333333333333 8.2500000000000018
decision_type=2 2 1 2 1 2 2 2 2 2
left_child=-1 2 -2 4 -3 6 -6 8 -5 -10
right_child=1 3 -4 7 5 -7 -8 -9 9 -11
leaf_value=1.9536622760172838e-05 -0.00086770829992295162 -0.0016228010290226572 -0.00013370627162429341 0.00086851614673640607 4.438438714578284e-05 0.00020971008007110184 -0.00050846928392078532 -8.2121372554724248e-06 -1.5599555158895194e-05 0.00097467934752437429
leaf_weight=30715782.390441895 459724.30993652344 463015.94984817505 1019903.525390625 508536.82468414307 398447.70016479492 1165143.3570251465 538048.19152832031 16695654.93031311 1643642.4475097656 200375.60589599609
leaf_count=10188 156 214 312 233 104 512 140 6180 611 81
internal_value=0.00013881 -0.000998307 -0.0107369 -0.000331592 -0.00662147 -0.00218779 -0.0115826 0.000515285 0.00727298 0.00265077
internal_weight=5.38083e+07 2.30925e+07 1.47963e+06 2.16129e+07 2.56466e+06 2.10164e+06 936496 1.90482e+07 2.35255e+06 1.84402e+06
internal_count=18731 8543 468 8075 970 756 244 7105 925 692
cat_boundaries=0 1 3
cat_threshold=268439680 67108864 262144
is_linear=0
shrinkage=0.04


Tree=315
num_leaves=11
num_cat=0
split_feature=6 55 64 4 62 41 67 41 47 42
split_gain=31343.6 42486.9 34524.7 31697.1 62392.1 66146.5 66637.7 99765.1 64246.6 61305.5
threshold=8.6124541634050242 5.5000000000000009 1.952746898887477 27.500000000000004 1.0110087111961632 3.8630565268203374e-05 54.500000000000007 2.4314217495538345e-05 14.250000000000002 39.000000000000021
decision_type=2 2 2 2 2 2 2 2 2 2
left_child=1 -1 3 4 5 6 7 -2 -6 -5
right_child=2 -3 -4 9 8 -7 -8 -9 -10 -11
leaf_value=0.0029058189956930455 9.3940492204103879e-06 -0.0016152596007135195 0.0035794424738475644 -8.3280284696266686e-05 -0.0002397673551315001 -0.00029407375626677761 -6.3647533323329017e-05 0.00070998505647764602 0.00020491806631459602 5.7901682885375682e-05
leaf_weight=332128.9229927063 9987996.2345581055 122407.58031463623 237642.94860839844 16835300.617248535 1270076.4895019531 2932770.364440918 7237517.6710205078 1159035.7119140625 5178869.1760864258 8514529.5160522461
leaf_count=543 1828 214 148 6529 513 1533 2051 463 2047 2862
internal_value=0.000163088 0.0106223 7.39786e-05 5.91575e-06 0.000939568 -0.000103337 0.000786603 0.00272708 0.00438693 -0.00101674
internal_weight=5.38083e+07 454537 5.33537e+07 5.31161e+07 2.77663e+07 2.13173e+07 1.83845e+07 1.1147e+07 6.44895e+06 2.53498e+07
internal_count=18731 757 17974 17826 8435 5875 4342 2291 2560 9391
is_linear=0
shrinkage=0.04


Tree=316
num_leaves=11
num_cat=1
split_feature=64 6 54 4 46 40 52 40 26 0
split_gain=31101.2 31552.1 40586.4 32738.7 58449.9 96566.4 138556 90817.5 102005 79846.4
threshold=1.952746898887477 8.6124541634050242 1.8500000000000003 27.500000000000004 10.450000000000001 0.15671517352806114 -5.2499999999999982 0.19503299225163742 32.500000000000007 0
decision_type=2 2 2 2 2 2 2 2 2 1
left_child=1 2 -1 -3 5 6 -5 8 -7 -6
right_child=-2 3 -4 4 9 7 -8 -9 -10 -11
leaf_value=0.0027727238923315506 0.0033864801527777946 1.4759859717574531e-05 -0.0015551953368615166 0.00016727824428451431 -2.424287687251845e-05 -1.5806746121502473e-05 -0.00038307541199576398 5.3193317266622347e-05 0.00088928540036614905 -0.00047463863310247479
leaf_weight=342996.77301025391 242389.4317741394 27766265.647521973 106793.24713134766 560399.72985839844 9293746.9711303711 547590.75787353516 1001010.3364257812 10064175.291748047 616888.71374511719 3266018.3325195312
leaf_count=542 177 8435 186 95 2836 165 166 3859 177 2093
internal_value=0.000218523 0.000153831 0.0107032 6.44938e-05 -0.000974824 0.000928526 -0.00839197 0.00222461 0.0128001 -0.00291307
internal_weight=5.38083e+07 5.35659e+07 449790 5.31161e+07 2.53498e+07 1.27901e+07 1.56141e+06 1.12287e+07 1.16448e+06 1.25598e+07
internal_count=18731 18554 728 17826 9391 4462 261 4201 342 4929
cat_boundaries=0 1
cat_threshold=137346
is_linear=0
shrinkage=0.04


Tree=317
num_leaves=11
num_cat=3
split_feature=56 0 27 63 55 50 0 26 48 0
split_gain=33406.8 84564.3 63966.3 117311 41633.7 80020.8 101088 80924.4 71882.2 71951.7
threshold=1.7150000000000001 0 30.500000000000004 0.050973397542091896 2.5000000000000004 8.8500000000000032 1 27.500000000000004 5.3395833333333345 2
decision_type=2 1 2 2 2 2 1 2 2 1
left_child=4 -2 3 -3 -1 6 7 -6 9 -7
right_child=1 2 -4 -5 5 8 -8 -9 -10 -11
leaf_value=1.4599730900009466e-05 0.00058317972984747854 0.00043969669433216273 -0.00047532545071992408 -0.00066567315242255611 0.0010707903566439603 0.0012245334625791623 -0.00078830215572638096 -0.00040105802529604568 -3.6248832561216423e-05 6.7621569204071852e-05
leaf_weight=30715782.390441895 384800.19097900391 333688.78161621094 368031.21557617188 310330.9670715332 279271.39532470703 330705.35827636719 808595.80151367188 391760.63848876953 19101564.170146942 783744.32330322266
leaf_count=10188 135 51 108 111 68 132 260 140 7274 264
internal_value=0.000274755 0.00637978 0.000310855 0.00791278 0.000112044 -0.00122937 -0.0102087 0.00126845 -0.000572158 0.00930252
internal_weight=5.38083e+07 1.39685e+06 1.01205e+06 644020 5.24114e+07 2.16956e+07 1.47963e+06 671032 2.0216e+07 1.11445e+06
internal_count=18731 405 270 162 18326 8138 468 208 7670 396
cat_boundaries=0 2 4 6
cat_threshold=67108866 262144 100794368 262144 268437504 262144
is_linear=0
shrinkage=0.04


Tree=318
num_leaves=11
num_cat=0
split_feature=68 39 26 51 45 49 22 63 37 60
split_gain=32060.8 49598.8 47241.7 50946.2 64306.2 61405.4 45620.1 41728.6 48392.2 75028.3
threshold=1.1474239465239835 0.12393867036142019 59.500000000000007 0.11249999999999999 13.635416666666668 6.0500000000000007 1.0000000180025095e-35 0.15944179489246726 4.69248174699503e-05 0.016238247981883138
decision_type=2 2 2 2 2 2 2 2 2 2
left_child=7 -2 -3 -4 -5 -6 -7 8 -1 -10
right_child=1 2 3 4 5 6 -8 -9 9 -11
leaf_value=-5.9042361495387577e-06 0.00040618110671251586 0.0007470033734939467 -0.00020643154188724396 0.0013374387522355324 0.00047195679859548953 -2.5859037961204951e-05 -0.0013327491135459795 -0.00069530621163629543 0.0011000800044569179 7.9142243973021753e-05
leaf_weight=42957270.100921631 713384.29803466797 1033051.0503540039 2277447.2725219727 207156.98120117188 756522.11199951172 291233.60595703125 159588.77813720703 1380582.8571891785 438583.40460205078 3593454.7718200684
leaf_count=12460 187 509 1162 102 419 149 73 911 365 2394
internal_value=0.000251794 0.00316368 0.00167936 -0.000436363 0.00552585 0.00199287 -0.0096926 -7.56e-05 0.000125784 0.00431568
internal_weight=5.38083e+07 5.43838e+06 4.725e+06 3.69195e+06 1.4145e+06 1.20734e+06 450822 4.83699e+07 4.69893e+07 4.03204e+06
internal_count=18731 2601 2414 1905 743 641 222 16130 15219 2759
is_linear=0
shrinkage=0.04


Tree=319
num_leaves=11
num_cat=0
split_feature=64 4 40 45 40 26 27 52 68 45
split_gain=31149.3 29675.9 56580.1 87412.3 83955.4 115834 81894.2 123066 104863 79234.7
threshold=1.952746898887477 27.500000000000004 0.15671517352806114 12.527083333333335 0.19443042608365704 32.500000000000007 13.500000000000002 -5.2499999999999982 1.0058225081602408 6.8895833333333334
decision_type=2 2 2 2 2 2 2 2 2 2
left_child=1 -1 9 4 5 -4 7 -5 -9 -3
right_child=-2 2 3 6 -6 -7 -8 8 -10 -11
leaf_value=1.3267277579463387e-05 0.0032233405021087013 -0.00040485659429408447 -0.00012742905751906883 0.0005549639983158626 6.0465144948426137e-05 0.00091754007861346047 -0.00011760182643591776 -0.0013143537713759573 5.1105145617596309e-05 -7.6362383065632097e-06
leaf_weight=27997226.628387451 242389.4317741394 1038453.0250244141 415783.02697753906 956071.0783996582 8279618.7838134766 537248.29931640625 11874662.862609863 243005.015625 1029716.5874023438 1194100.4934082031
leaf_count=8776 177 174 137 408 3276 159 4900 132 385 207
internal_value=0.00020748 0.000142737 -0.000842455 -0.000260451 0.00276529 0.0140079 -0.00224121 0.00479433 -0.00335219 -0.00692589
internal_weight=5.38083e+07 5.35659e+07 2.55687e+07 2.33361e+07 9.23265e+06 953031 1.41035e+07 2.22879e+06 1.27272e+06 2.23255e+06
internal_count=18731 18554 9778 9397 3572 296 5825 925 517 381
is_linear=0
shrinkage=0.04


Tree=320
num_leaves=11
num_cat=2
split_feature=56 0 45 63 54 55 50 0 50 66
split_gain=28863.3 106834 76934.8 106933 51651.8 39797 71056.6 127371 58129.8 117935
threshold=1.0500000000000003 0 -1.3979166666666665 0.040051130501484351 7.2000000000000002 2.5000000000000004 8.7500000000000018 1 13.65 0.056378409063855876
decision_type=2 1 2 2 2 2 2 1 2 2
left_child=5 4 -3 -4 -2 -1 7 -7 9 -8
right_child=1 2 3 -5 -6 6 8 -9 -10 -11
leaf_value=1.602742455770113e-05 0.00070490659441755071 -0.00038133983539988562 0.00038425427349264476 -0.00033870351693208669 0.00011266958299469552 0.00012943947414173696 -0.00015861641591981138 -0.00089542071111129785 -7.2217686015838242e-05 0.00014139882543487894
leaf_weight=30715782.390441895 489831.43249511719 439206.72064208984 226736.81506347656 366513.01699829102 262206.22357177734 575535.69818115234 1331199.1042480469 689715.54248046875 11851254.367202759 6860293.9214134216
leaf_count=10188 140 125 36 144 104 176 255 220 4479 2864
internal_value=0.00021599 0.00521805 -0.00313497 0.00626003 0.0166853 4.44094e-05 -0.00128388 -0.0104773 -0.000703514 0.00188757
internal_weight=5.38083e+07 1.78449e+06 1.03246e+06 593250 752038 5.20238e+07 2.1308e+07 1.26525e+06 2.00427e+07 8.19149e+06
internal_count=18731 549 305 180 244 18182 7994 396 7598 3119
cat_boundaries=0 2 4
cat_threshold=67110914 262144 100794368 262144
is_linear=0
shrinkage=0.04


Tree=321
num_leaves=11
num_cat=2
split_feature=12 39 26 68 26 0 53 59 0 37
split_gain=28949.2 105953 84642.9 100708 68977.8 69613.5 68932.3 67758.2 65141.6 64739.7
threshold=0.99153687881733243 0.10836725920576866 59.500000000000007 1.0196921161886461 6.5000000000000009 0 2.3500000000000001 0.95454068820357152 1 3.4064041131019477e-06
decision_type=2 2 2 2 2 1 2 2 1 2
left_child=1 9 4 -4 8 7 -7 -6 -3 -1
right_child=-2 2 3 -5 5 6 -8 -9 -10 -11
leaf_value=-9.1337236194105652e-05 1.2402954152538146e-05 0.0001978811195972558 -0.002325149009134326 0.00014019852071361783 0.0025543406001618581 0.00036349843630399025 -0.00010075318670594246 0.00018522349562539599 -0.00051292393822230452 -0.0012226559120549661
leaf_weight=733191.47662353516 40508734.476665497 665537.78436279297 578059.51452636719 419602.55773925781 217436.87356567383 581794.44091796875 4306480.2080688477 3583025.603515625 1685034.6234130859 529377.67333984375
leaf_count=231 13088 345 321 197 145 166 1385 1932 780 141
internal_value=0.00022012 -0.00139911 -0.00024281 -0.0114004 0.000765562 0.00241013 -0.000746833 0.00647069 -0.00531345 -0.0124228
internal_weight=5.38083e+07 1.32995e+07 1.2037e+07 997662 1.10393e+07 8.68874e+06 4.88827e+06 3.80046e+06 2.35057e+06 1.26257e+06
internal_count=18731 5643 5271 518 4753 3628 1551 2077 1125 372
cat_boundaries=0 1 2
cat_threshold=369229826 33687552
is_linear=0
shrinkage=0.04


Tree=322
num_leaves=11
num_cat=2
split_feature=51 0 52 68 65 0 49 41 66 66
split_gain=31083.6 52098.7 41336.5 52679.9 54871.6 45266.3 43458.2 59435.5 59560.5 46546.4
threshold=0.98125000000000018 0 -5.1499999999999986 1.0140454400363248 0.97861919316183454 1 7.8500000000000005 3.7087383043180577e-06 0.048469640419526575 0.05424859931589452
decision_type=2 1 2 2 2 1 2 2 2 2
left_child=-1 -2 3 4 -3 -4 7 8 -7 -9
right_child=1 2 5 -5 -6 6 -8 9 -10 -11
leaf_value=-4.9707320267209022e-07 -0.00051910596420853155 0.00054339968441237797 0.00039489887939922426 0.00094926211084568493 -0.00025070378276650414 -0.0011699897241041282 4.8418740816211662e-05 0.00085484839116591938 -0.00017082787733658136 -0.00019263915274611026
leaf_weight=50418268.101238251 359551.78204345703 308530.93579101562 361310.71325683594 392613.20516967773 281214.65435791016 190851.01098632812 376214.41577148438 140926.36267089844 333998.65441894531 644795.39703369141
leaf_count=17570 129 85 91 155 64 31 98 35 145 328
internal_value=0.000236242 0.00394384 0.0056519 0.0123973 0.00483918 0.00241643 -0.000335886 -0.00377587 -0.014198 0.00318617
internal_weight=5.38083e+07 3.39001e+06 3.03046e+06 982359 589746 2.0481e+06 1.68679e+06 1.31057e+06 524850 785722
internal_count=18731 1161 1032 304 149 728 637 539 176 363
cat_boundaries=0 2 3
cat_threshold=0 262144 4096
is_linear=0
shrinkage=0.04


Tree=323
num_leaves=11
num_cat=1
split_feature=51 66 51 0 6 35 51 63 49 60
split_gain=29234.5 56712.6 54402.2 55161.5 66131.4 45912.5 42856 63249.1 84688.5 42915.3
threshold=-1.3979166666666665 0.062682003117478513 -1.1041666666666665 0 10.286657626218288 0.14567706516683343 -0.81249999999999978 0.075960314207603796 5.8500000000000005 0.053408984291886223
decision_type=2 2 2 1 2 2 2 2 2 2
left_child=1 -1 3 -2 5 -5 7 8 -4 -10
right_child=2 -3 6 4 -6 -7 -8 -9 9 -11
leaf_value=-0.00022756880360345021 0.00062007154892601264 -4.1352908267892151e-05 -0.00093246851868504694 0.00090835499265260941 -0.00030390197836906873 -0.00035272630033989427 6.1411193721742244e-06 0.00014363181212929881 -0.00036444454057993591 0.00035015179524548225
leaf_weight=239305.48974609375 279094.38757324219 604105.96997070312 297438.34387207031 419114.4287109375 485951.37963867188 188294.52404785156 49417878.686824799 700016.97590637207 908823.07153320312 268251.97491455078
leaf_count=56 116 250 87 202 94 110 16996 421 291 108
internal_value=0.000195907 -0.00719253 0.000313563 0.00817342 0.00412148 0.0129204 0.000104473 -0.00539132 -0.0100917 -0.00527258
internal_weight=5.38083e+07 843411 5.29649e+07 1.37245e+06 1.09336e+06 607409 5.15924e+07 2.17453e+06 1.47451e+06 1.17708e+06
internal_count=18731 306 18425 522 406 312 17903 907 486 399
cat_boundaries=0 1
cat_threshold=268439552
is_linear=0
shrinkage=0.04


Tree=324
num_leaves=11
num_cat=1
split_feature=7 47 7 64 37 5 4 0 11 26
split_gain=29346.7 73170.8 70570.6 50939.7 58368.2 93691.3 73774.2 61018 49901.8 58525.2
threshold=0.9917819284441739 7.6500000000000012 0.98235676500906355 0.91435597484690312 9.6349972333367554e-06 1.0123130853103539 41.500000000000007 0 1.0030473438337559 52.500000000000007
decision_type=2 2 2 2 2 2 2 1 2 2
left_child=1 2 -1 -3 -5 6 -6 -8 9 -7
right_child=-2 3 -4 4 5 8 7 -9 -10 -11
leaf_value=-6.7249153846337924e-05 -7.1638100259442005e-06 -0.00036117798109495047 0.0015195531416584539 0.00012468917749089485 -6.1837079693425039e-06 -0.00045796087492068553 -0.001171257861656296 -9.3263284042125369e-05 0.0023199854901590402 0.00083496478776834838
leaf_weight=328139.53134918213 36945223.065914154 685262.27996826172 426351.15151977539 7224758.0258789062 5146594.6675186157 431992.82586669922 853356.17083740234 1098357.94921875 271429.98928833008 396809.57537841797
leaf_count=134 11717 294 152 2305 2569 240 388 555 184 193
internal_value=0.00017341 0.0015561 0.0137307 0.000985851 0.00145999 -0.000849963 -0.00253344 -0.00915536 0.0100111 0.00513577
internal_weight=5.38083e+07 1.68631e+07 754491 1.61086e+07 1.54233e+07 8.19854e+06 7.09831e+06 1.95171e+06 1.10023e+06 828802
internal_count=18731 7014 286 6728 6434 4129 3512 943 617 433
cat_boundaries=0 2
cat_threshold=67240064 262144
is_linear=0
shrinkage=0.04


Tree=325
num_leaves=11
num_cat=2
split_feature=55 50 0 54 0 49 6 59 54 51
split_gain=30601 75630.1 83378.2 53970.9 166590 125165 98652.7 82676.1 64916.6 97343.1
threshold=2.5000000000000004 8.8500000000000032 0 0.55000000000000016 1 4.9500000000000011 10.80143976568533 0.89632833319063232 1.1500000000000004 -0.1583333333333333
decision_type=2 2 1 2 1 2 2 2 2 2
left_child=-1 2 -2 4 -3 -6 7 -7 9 -5
right_child=1 3 -4 8 5 6 -8 -9 -10 -11
leaf_value=1.7402593894057854e-05 -0.00078962170598689038 -0.00086935175254400105 -0.00011621195434739392 0.00083775344716247914 0.00074139644341201768 0.0010040013270011356 -0.00066129393341749626 -0.0001900251357781738 -8.1399883427191431e-06 9.1844387345728121e-05
leaf_weight=30715782.390441895 459724.30993652344 832018.60219192505 1019903.525390625 508536.82468414307 301121.00561523438 188374.60989379883 201848.88916015625 931377.20324707031 16695654.93031311 1953932.9418640137
leaf_count=10188 156 295 312 233 102 56 32 404 6180 773
internal_value=0.000152612 -0.000947529 -0.00969633 -0.000348573 -0.0059327 0.00152889 -0.00377393 0.000866233 0.00036693 0.00642976
internal_weight=5.38083e+07 2.30925e+07 1.47963e+06 2.16129e+07 2.45474e+06 1.62272e+06 1.3216e+06 1.11975e+06 1.91581e+07 2.46247e+06
internal_count=18731 8543 468 8075 889 594 492 460 7186 1006
cat_boundaries=0 1 3
cat_threshold=268439680 67112960 262144
is_linear=0
shrinkage=0.04


Tree=326
num_leaves=11
num_cat=1
split_feature=7 47 7 50 64 0 61 6 35 65
split_gain=30314.7 70516.6 68482.6 50102.9 51498.9 51622.3 66276.8 62506.8 56033.1 53909.8
threshold=0.9917819284441739 7.6500000000000012 0.98235676500906355 7.5500000000000007 0.91435597484690312 0 0.96124953909904798 9.848067909985657 0.2453810873225645 1.0280888023231671
decision_type=2 2 2 2 2 1 2 2 2 2
left_child=1 2 -1 -3 -5 6 -6 8 9 -7
right_child=-2 3 -4 4 5 7 -8 -9 -10 -11
leaf_value=-5.3954839485478899e-05 -7.7375293632729588e-06 0.00045536498467879606 0.0014580749122363535 -0.0004693403899557476 0.00057726832331982548 -0.00059824536986629326 -0.00042740406342818332 2.9261413645381704e-05 -0.00092492315952973558 0.0010546569135303861
leaf_weight=328139.53134918213 36945223.065914154 197645.26873779297 426351.15151977539 653229.02484130859 511784.4524230957 171690.55963134766 2201804.6710510254 10732021.169677734 242827.24524688721 1397559.0923461914
leaf_count=134 11717 67 152 285 391 118 1799 2983 183 902
internal_value=0.000165813 0.00157112 0.0135229 0.00101131 0.000762666 0.00123354 -0.00376888 0.00231569 0.00918722 0.0119541
internal_weight=5.38083e+07 1.68631e+07 754491 1.61086e+07 1.59109e+07 1.52577e+07 2.71359e+06 1.25441e+07 1.81208e+06 1.56925e+06
internal_count=18731 7014 286 6728 6661 6376 2190 4186 1203 1020
cat_boundaries=0 1
cat_threshold=369098752
is_linear=0
shrinkage=0.04


Tree=327
num_leaves=11
num_cat=0
split_feature=7 65 37 11 36 5 4 68 12 35
split_gain=29753.2 76130.5 77349.3 68330.3 86119.5 61577.1 76682.2 54808.3 67158.8 52642.2
threshold=0.98073007785356248 1.015899662844477 9.6349972333367554e-06 0.99057589672154311 0.45778937801141423 1.1694833628063137 43.500000000000007 0.81022857355872024 0.99897091733530563 0.19009718966577432
decision_type=2 2 2 2 2 2 2 2 2 2
left_child=1 -1 -3 4 -2 6 9 8 -5 -4
right_child=3 2 5 7 -6 -7 -8 -9 -10 -11
leaf_value=-0.00012218677362205843 -0.00022223158233773143 0.00025776819614176067 0.0001909233816511701 -0.0016402924023735347 0.00041179912412598468 0.0026692345463864165 -0.00054905991740353624 1.165090833267112e-05 -4.8374438671107077e-05 -0.00064235183473838832
leaf_weight=3344055.7337646484 4909046.902923584 3732569.1452026367 2426611.5480957031 340253.72998046875 614018.64685058594 214584.15814208984 1124638.1594848633 35481889.667266846 967040.3044090271 653567.23661804199
leaf_count=1312 1811 1286 1172 171 213 199 566 11121 371 509
internal_value=0.000174622 0.00197914 0.00406397 -0.000315657 -0.00446427 0.000483167 -0.000583506 0.000307165 -0.00773617 0.00268052
internal_weight=5.38083e+07 1.1496e+07 8.15197e+06 4.23122e+07 5.52307e+06 4.4194e+06 4.20482e+06 3.67892e+07 1.30729e+06 3.08018e+06
internal_count=18731 5044 3732 13687 2024 2446 2247 11663 542 1681
is_linear=0
shrinkage=0.04


Tree=328
num_leaves=11
num_cat=2
split_feature=56 0 63 54 0 46 49 45 64 13
split_gain=31473 86037.7 70377.2 48609.8 62325.8 79138.4 77054.9 70892.9 54620.4 59180.5
threshold=1.0500000000000003 0 0.036432373114127073 3.1500000000000008 1 18.650000000000002 0.75000000000000011 4.9333333333333345 1.0166951268421471 0.99682807935309237
decision_type=2 1 2 2 1 2 2 2 2 2
left_child=3 -2 -3 -1 5 8 -6 -8 9 -5
right_child=1 2 -4 4 6 -7 7 -9 -10 -11
leaf_value=1.0931230377674742e-05 0.00053327101507338436 0.00011930015448234362 -0.00033188955828665809 -0.00033842961801372099 0.00053456304652794865 0.00086314359444458093 0.00055376280821491162 -0.00075940613558088486 4.5872815544311957e-05 -4.1001140131433973e-05
leaf_weight=42845362.988643646 752037.65606689453 305691.23425292969 726765.31845092773 924743.39916992188 219548.90307617188 322177.35205078125 235111.84722900391 1813422.2436218262 3931850.4019927979 1731563.8881835938
leaf_count=14629 244 48 257 254 144 85 140 1296 1234 400
internal_value=0.000156154 0.00537946 -0.00211663 -2.30152e-05 -0.00266474 -0.000776345 -0.00841817 -0.0108319 -0.00172298 -0.00615409
internal_weight=5.38083e+07 1.78449e+06 1.03246e+06 5.20238e+07 9.17842e+06 6.91034e+06 2.26808e+06 2.04853e+06 6.58816e+06 2.65631e+06
internal_count=18731 549 305 18182 3553 1973 1580 1436 1888 654
cat_boundaries=0 2 4
cat_threshold=67110914 262144 137344 262144
is_linear=0
shrinkage=0.04


Tree=329
num_leaves=11
num_cat=1
split_feature=51 66 51 0 63 51 36 67 6 51
split_gain=30944.9 54756.1 44919 50784.4 90253.4 39855.1 37201.4 35383.9 59740.6 34750.9
threshold=-1.3979166666666665 0.062682003117478513 -1.1041666666666665 0 0.067264098995159519 -1.252083333333333 0.18838882885034847 125.00000000000001 10.016419486850074 -0.81249999999999978
decision_type=2 2 2 1 2 2 2 2 2 2
left_child=1 -1 3 4 -2 -5 -7 8 -3 -4
right_child=2 7 9 5 -6 6 -8 -9 -10 -11
leaf_value=-0.00023089236907771821 0.00090862286954021825 -0.00067699473352778484 -0.00022791601250243959 0.001228625850337828 -0.00051903150147135303 2.3810703812999584e-05 -0.00036559511906352122 -0.0003870551971146868 0.0011206471768464713 4.6931670494478835e-06
leaf_weight=239305.48974609375 334834.5830078125 168496.47326660156 2174530.3662261963 204905.93298339844 230756.72094726562 306050.98406982422 295906.49896240234 234395.74133300781 201213.75537109375 49417878.686824799
leaf_count=56 114 113 907 90 118 80 120 78 59 16996
internal_value=0.000122217 -0.00747928 0.000243266 0.0073853 0.0165751 0.000942986 -0.00424383 -0.00106435 0.00664371 5.32719e-05
internal_weight=5.38083e+07 843411 5.29649e+07 1.37245e+06 565591 806863 601957 604106 369710 5.15924e+07
internal_count=18731 306 18425 522 232 290 200 250 172 17903
cat_boundaries=0 2
cat_threshold=268439680 262144
is_linear=0
shrinkage=0.04


Tree=330
num_leaves=11
num_cat=0
split_feature=64 5 36 27 68 65 34 67 52 6
split_gain=31861.7 39676.7 51566.9 40085.2 36487.3 89402 84645.3 48634.6 123982 69813.3
threshold=1.1868943990936061 1.1694833628063137 0.37313533052792774 15.500000000000002 0.81022857355872024 1.0195609808192385 33.000000000000007 8.5000000000000018 -4.0499999999999998 10.429115829940731
decision_type=2 2 2 2 2 2 2 2 2 2
left_child=4 2 -2 -4 5 6 -1 8 -6 -10
right_child=1 -3 3 -5 7 -7 -8 -9 9 -11
leaf_value=-0.0019830156161383303 0.00029461094907519842 0.0033984092396629 0.0016688883029037807 -0.0011881245809074402 0.00058360027596039948 0.00010484778902765007 -0.00017658470263424064 -2.9776759791215913e-06 -0.0006454603419303697 1.4859972120999422e-05
leaf_weight=285092.83557128906 1529535.4212036133 292239.146484375 187262.71960449219 512912.6216545105 1690559.2560119629 972100.50628662109 724587.27905273438 46331945.219055176 957784.9035949707 324255.32421875
leaf_count=115 863 190 75 420 784 460 251 15286 265 22
internal_value=0.00014439 0.00453374 0.00271729 -0.00627338 -7.1453e-05 -0.00539307 -0.0137292 0.00014245 0.0051022 -0.00427848
internal_weight=5.38083e+07 2.52195e+06 2.22971e+06 700175 5.12863e+07 1.98178e+06 1.00968e+06 4.93045e+07 2.9726e+06 1.28204e+06
internal_count=18731 1548 1358 495 17183 826 366 16357 1071 287
is_linear=0
shrinkage=0.04


Tree=331
num_leaves=11
num_cat=2
split_feature=9 60 61 0 53 67 27 0 45 49
split_gain=30058.5 46420.7 40338.7 37842.3 34477.8 33606.5 85597.5 103560 90371.7 80538.8
threshold=1.059245590457359 0.050338194675432844 1.1732475446467847 0 3.9500000000000006 54.500000000000007 54.500000000000007 1 19.793750000000003 10.450000000000001
decision_type=2 2 2 1 2 2 2 1 2 2
left_child=5 2 4 -3 -2 6 -1 -8 -9 -7
right_child=1 3 -4 -5 -6 9 7 8 -10 -11
leaf_value=1.5370571334278398e-06 -0.00029978309077991871 -0.00061927727778919096 -0.00064250240557210713 7.5262088733317933e-05 0.00061077089200665686 -4.1839029798281142e-05 -0.00072291719527911612 0.00050484730602314118 0.0071940013616464821 0.0002619276782795854
leaf_weight=21533954.712402344 219249.47692871094 181953.94384765625 217285.81860351562 1630009.5082855225 1174349.2299804688 24964223.334411621 458369.77196884155 2313316.8177490234 186110.15060424805 929452.46795654297
leaf_count=6625 99 109 139 1079 559 8067 359 1257 111 327
internal_value=0.000146874 0.00377412 0.0087145 -0.000618064 0.0112139 -9.95375e-05 0.000962661 0.00734319 0.0105484 -0.00110423
internal_weight=5.38083e+07 3.42285e+06 1.61088e+06 1.81196e+06 1.3936e+06 5.03854e+07 2.44918e+07 2.9578e+06 2.49943e+06 2.58937e+07
internal_count=18731 1985 797 1188 658 16746 8352 1727 1368 8394
cat_boundaries=0 1 3
cat_threshold=67108864 2 262144
is_linear=0
shrinkage=0.04


Tree=332
num_leaves=11
num_cat=1
split_feature=9 60 0 61 10 9 47 37 63 41
split_gain=29994.7 45796.4 37842.3 37587.1 33317.6 60086.9 50320.3 44918.6 74304.3 71016.6
threshold=1.059245590457359 0.050338194675432844 0 1.2260447159779317 1.0115510582414677 0.97795620551568074 3.9000000000000004 5.0507101631596703e-05 0.069627309902855691 3.9263465062529936e-05
decision_type=2 2 1 2 2 2 2 2 2 2
left_child=4 3 -3 -2 7 -6 -7 9 -9 -1
right_child=1 2 -4 -5 5 6 -8 8 -10 -11
leaf_value=4.4342106994680168e-06 0.0004684493587253126 -0.00059450618667762308 7.225160518398517e-05 -0.00090256056168121419 0.00040623517473138248 -0.0010207773594866757 -0.00021516272161912453 0.0010694023846410357 3.3019552500009702e-05 -0.00029809076330472313
leaf_weight=39932164.760986328 1438786.8314208984 181953.94384765625 1630009.5082855225 172097.69409179688 1241666.8086395264 405841.56768798828 2854039.0327453613 721390.96966552734 2087833.8689994812 3142490.2463684082
leaf_count=10923 688 109 1079 109 672 103 1469 530 1590 1459
internal_value=0.000121093 0.00374448 -0.000618064 0.00865153 -0.000125057 -0.00340898 -0.0062611 0.000197121 0.00509783 -0.000122494
internal_weight=5.38083e+07 3.42285e+06 1.81196e+06 1.61088e+06 5.03854e+07 4.50155e+06 3.25988e+06 4.58839e+07 2.80922e+06 4.30747e+07
internal_count=18731 1985 1188 797 16746 2244 1572 14502 2120 12382
cat_boundaries=0 1
cat_threshold=67108864
is_linear=0
shrinkage=0.04


Tree=333
num_leaves=11
num_cat=1
split_feature=51 9 60 67 49 7 0 12 11 36
split_gain=29968.4 28564 42436 40782.1 81627.9 64339.7 78662.3 77323.8 66785.3 88022.9
threshold=1.560416666666667 1.059245590457359 0.05870773075463822 54.500000000000007 10.450000000000001 0.99998710568537785 0 0.98061260590577881 1.0109974063686666 0.11802178227553947
decision_type=2 2 2 2 2 2 1 2 2 2
left_child=1 3 -3 5 -5 6 -1 -8 9 -7
right_child=-2 2 -4 4 -6 8 7 -9 -10 -11
leaf_value=0.0012767723944875154 0.00024119598536836238 0.00036508060057595994 -7.7854862777634347e-05 -4.5192763945947101e-05 0.00025127320272042318 -0.00026662309356050419 -0.0019613880283329134 7.5858170917375974e-05 4.0531745442854487e-05 -1.6120343178085733e-05
leaf_weight=839982.36990356445 215527.37139892578 1905532.6116027832 1509036.9685821533 24756974.360473633 929452.46795654297 1070724.3414916992 241084.1357421875 5829842.0723876953 7478902.0914573669 9031216.4417419434
leaf_count=539 72 986 994 8000 327 220 143 2179 2663 2608
internal_value=0.000233891 0.000174025 0.00371403 -6.68706e-05 -0.00118038 0.00110096 0.00437091 0.00278347 -0.00018444 -0.00230571
internal_weight=5.38083e+07 5.35927e+07 3.41457e+06 5.01782e+07 2.56864e+07 2.44918e+07 6.91091e+06 6.07093e+06 1.75808e+07 1.01019e+07
internal_count=18731 18659 1980 16679 8327 8352 2861 2322 5491 2828
cat_boundaries=0 1
cat_threshold=33556480
is_linear=0
shrinkage=0.04


Tree=334
num_leaves=11
num_cat=1
split_feature=6 55 64 27 0 52 40 50 47 15
split_gain=27111.1 39861 28892.5 31269.2 125735 99676.5 53002.3 48631.2 47808.8 100309
threshold=8.6124541634050242 6.5000000000000009 1.952746898887477 1.5000000000000002 0 -5.6499999999999986 0.11895849047109856 16.900000000000002 10.050000000000002 1.0000000180025095e-35
decision_type=2 2 2 2 1 2 2 2 2 2
left_child=1 -1 3 4 5 -2 -5 -6 9 -8
right_child=2 -3 -4 6 7 -7 8 -9 -10 -11
leaf_value=0.0025490100288436545 0.00089635082434777903 -0.0023988111137837214 0.0029932669147315462 -0.0010988368005680758 -0.001382798061374963 -0.00066110164407267105 4.575610959245985e-05 7.0379755655253646e-05 -1.3122497569193332e-05 -0.00069142671272491617
leaf_weight=358175.17586898804 466055.37194824219 96361.327438354492 237642.94860839844 280096.19604492188 650534.55047607422 341113.72216796875 16265701.177001953 166004.51538085938 34364829.248596191 581760.99920654297
leaf_count=593 125 164 148 57 334 147 3954 113 12915 181
internal_value=0.000256201 0.00998362 0.000173327 0.000111062 -0.00535431 0.00584108 0.000283404 -0.016421 0.000378315 0.0021238
internal_weight=5.38083e+07 454537 5.33537e+07 5.31161e+07 1.62371e+06 807169 5.14924e+07 816539 5.12123e+07 1.68475e+07
internal_count=18731 757 17974 17826 719 272 17107 447 17050 4135
cat_boundaries=0 2
cat_threshold=133120 262144
is_linear=0
shrinkage=0.04


Tree=335
num_leaves=11
num_cat=2
split_feature=68 8 48 13 52 1 0 0 49 45
split_gain=26844.3 86839.4 63752.6 81992.9 82847 66397.4 97204.9 83722.7 61233.7 94482.6
threshold=0.93353625662678197 0.99260912720544059 10.302083333333336 0.99526510961578862 -2.3499999999999992 2.5000000000000004 0 1 2.9500000000000006 4.4104166666666673
decision_type=2 2 2 2 2 2 1 1 2 2
left_child=1 -1 3 4 -3 7 -7 -5 -2 -10
right_child=8 2 -4 5 -6 6 -8 -9 9 -11
leaf_value=0.00060764689845408998 -3.6220359403384185e-05 5.0880517823294702e-05 -0.00027289291477906619 -0.00041730080618456497 -0.00023290120370920422 -0.0010624717668859856 1.6317515648521061e-05 -3.4314164473460192e-05 0.00014114608598436913 2.6784003121733191e-05
leaf_weight=553305.01817321777 13016713.557678223 1444731.9147644043 3843265.1278038025 944959.2138671875 409227.99401855469 422225.20532226562 3018219.5096435547 1341429.6796264648 4720853.3285522461 24093344.683288574
leaf_count=354 4742 556 1257 105 53 164 846 338 1161 9155
internal_value=0.00026132 -0.00140834 -0.00215792 -3.03075e-05 0.007281 -0.00239723 0.0011139 -0.00768056 0.000739392 0.00176801
internal_weight=5.38083e+07 1.19774e+07 1.14241e+07 7.58079e+06 1.85396e+06 5.72683e+06 3.44044e+06 2.28639e+06 4.18309e+07 2.88142e+07
internal_count=18731 3673 3319 2062 609 1453 1010 443 15058 10316
cat_boundaries=0 2 3
cat_threshold=0 262144 133122
is_linear=0
shrinkage=0.04


Tree=336
num_leaves=11
num_cat=1
split_feature=20 0 51 26 46 62 62 50 54 54
split_gain=31262.6 115928 128051 141226 174371 104528 97735.5 77478.8 98043.2 128113
threshold=1.0000000180025095e-35 0 0.46875000000000006 47.500000000000007 8.2500000000000018 1.0477108900810197 0.98849568842917912 7.2000000000000011 0.15000000000000005 1.2500000000000002
decision_type=2 1 2 2 2 2 2 2 2 2
left_child=-1 2 3 4 -2 -5 -4 -3 -9 -10
right_child=1 7 6 5 -6 -7 -8 8 9 -11
leaf_value=1.6057025566773239e-05 -2.9817312751423178e-05 0.0003072130335115724 0.00057074249869203749 -0.0008464213013041627 0.00072687910553413714 0.00022158436579297182 3.9026214241584185e-05 -0.00057012896391657832 0.00052008674682411753 -0.00023797415529635841
leaf_weight=39079606.968235016 2196274.0868530273 285726.72119140625 814776.66125488281 1117994.9639892578 946530.64953613281 535589.76629638672 699673.61288452148 4235481.5355758667 1368484.6071014404 2528135.6598205566
leaf_count=13106 561 96 211 351 333 207 212 1800 708 1146
internal_value=0.00015294 -0.00141757 0.00268095 -0.00052074 0.00445794 -0.00998316 0.0128209 -0.00449023 -0.00520957 -0.00063052
internal_weight=5.38083e+07 1.47287e+07 6.31084e+06 4.79639e+06 3.1428e+06 1.65358e+06 1.51445e+06 8.41783e+06 8.1321e+06 3.89662e+06
internal_count=18731 5625 1875 1452 894 558 423 3750 3654 1854
cat_boundaries=0 1
cat_threshold=33687552
is_linear=0
shrinkage=0.04


Tree=337
num_leaves=11
num_cat=1
split_feature=30 1 68 0 53 45 48 46 67 53
split_gain=30179.9 58265.4 40965.1 185273 61719.4 132373 90722.7 46640.2 42490.3 130982
threshold=1.0000000180025095e-35 3.5000000000000004 0.66848686488126996 0 8.1500000000000039 21.618750000000002 8.7979166666666675 22.100000000000005 8.5000000000000018 3.600000000000001
decision_type=2 2 2 1 2 2 2 2 2 2
left_child=2 -2 3 -1 5 6 -5 8 9 -4
right_child=1 -3 7 4 -6 -7 -8 -9 -10 -11
leaf_value=-0.0030908030107781111 -3.4373763710068321e-05 0.0024663177595320683 -0.00024264238628958547 0.00044397736025450756 0.00055238857767438826 -0.0006873680934429341 -0.00069443857059395644 -0.00081347198280034519 1.8227923536266107e-06 0.00061922873642959741
leaf_weight=342270.94114303589 387977.48217773438 209733.45385742188 1223210.8584365845 263250.07995605469 164839.50769042969 217972.81359863281 169300.96740722656 272306.81372070312 48737310.936340332 1820101.3784103394
leaf_count=181 148 130 274 115 81 82 94 119 16619 888
internal_value=0.000195035 0.00913303 9.46318e-05 -0.00734757 0.00302058 -0.00251938 0.0102895 0.000260146 0.000346977 0.00493238
internal_weight=5.38083e+07 597711 5.32106e+07 1.15763e+06 815363 650524 432551 5.20529e+07 5.17806e+07 3.04331e+06
internal_count=18731 278 18453 553 372 291 209 17900 17781 1162
cat_boundaries=0 2
cat_threshold=131072 262144
is_linear=0
shrinkage=0.04


Tree=338
num_leaves=11
num_cat=1
split_feature=20 0 26 51 39 64 63 52 48 49
split_gain=28824.3 111745 99889.1 124017 104354 90741.8 83685.9 72945 70934.2 96462
threshold=1.0000000180025095e-35 0 47.500000000000007 0.47500000000000026 0.078179314522127757 1.0554903041702872 0.04056950767323899 -5.2499999999999982 5.854166666666667 3.5500000000000003
decision_type=2 1 2 2 2 2 2 2 2 2
left_child=-1 2 4 5 7 -4 -3 -2 -6 -10
right_child=1 6 3 -5 8 -7 -8 -9 9 -11
leaf_value=1.6479540745604773e-05 7.0984520646511184e-05 0.0001835898158774552 -0.0010198099650157563 9.592952280079345e-06 0.00054152404181159405 -5.731537091035287e-05 -0.00039505859422891173 -0.00026195243481504983 -0.00060802959670113366 0.00040719252763446397
leaf_weight=39079606.968235016 526403.310546875 832638.89611816406 867254.62194824219 586013.94833374023 517684.47839355469 1190553.4038085938 5998808.0556716919 592033.12573242188 779347.01321411133 2837931.410736084
leaf_count=13106 80 338 284 200 155 460 2787 73 338 910
internal_value=0.000142269 -0.00136576 0.00187474 -0.00446664 0.00506611 -0.00908976 -0.00511179 -0.00577371 0.00799811 0.00601609
internal_weight=5.38083e+07 1.47287e+07 7.89722e+06 2.64382e+06 5.2534e+06 2.05781e+06 6.83145e+06 1.11844e+06 4.13496e+06 3.61728e+06
internal_count=18731 5625 2500 944 1556 744 3125 153 1403 1248
cat_boundaries=0 1
cat_threshold=33687680
is_linear=0
shrinkage=0.04


Tree=339
num_leaves=11
num_cat=2
split_feature=51 67 27 0 46 0 50 51 6 49
split_gain=26774.8 28548.8 69270.2 146958 99345.2 67897.3 79190.2 70907.6 67149 62504.2
threshold=1.560416666666667 54.500000000000007 53.500000000000007 0 14.050000000000002 1 10.450000000000001 0.039583333333333498 10.421759970434744 10.450000000000001
decision_type=2 2 2 1 2 1 2 2 2 2
left_child=1 2 -1 -4 5 6 8 -7 -5 -3
right_child=-2 9 3 4 -6 7 -8 -9 -10 -11
leaf_value=5.0577179682656903e-06 0.00022962731138488623 -2.7972635928157361e-05 -0.0011647102282153915 0.0005560556016254353 0.0037728985756422867 0.00053421197698317094 0.0011753608145403374 -0.00087915121126850074 -0.00085594044050173114 0.000239310804080895
leaf_weight=22087988.655944824 215527.37139892578 27260030.410949707 332999.33246994019 350591.23394775391 371383.90997314453 558170.72961425781 969832.62945556641 479528.22222900391 225625.3984375 956597.33831787109
leaf_count=6986 72 9317 234 234 242 414 476 360 54 342
internal_value=0.00023688 0.000180293 0.0011538 0.00657035 0.00940904 0.00662839 0.0119406 -0.00128639 0.00019602 -0.000695216
internal_weight=5.38083e+07 5.35927e+07 2.53761e+07 3.28813e+06 2.95513e+06 2.58375e+06 1.54605e+06 1.0377e+06 576217 2.82166e+07
internal_count=18731 18659 9000 2014 1780 1538 764 774 288 9659
cat_boundaries=0 2 3
cat_threshold=0 262144 33689728
is_linear=0
shrinkage=0.04


Tree=340
num_leaves=11
num_cat=3
split_feature=55 50 0 26 12 54 0 36 46 0
split_gain=27680.8 75916.2 84669.3 76133.4 62266 57933.1 122486 74843 94025.2 67072.2
threshold=2.5000000000000004 8.8500000000000032 0 27.500000000000004 1.0077303586620387 0.65000000000000024 1 0.2057285977217114 4.2500000000000009 2
decision_type=2 2 1 2 2 2 1 2 2 1
left_child=-1 2 3 -2 -4 6 -3 8 -8 -7
right_child=1 5 4 -5 -6 9 7 -9 -10 -11
leaf_value=1.7814787608114374e-05 0.0011018732928218024 -0.0015123911023864941 -0.0010449359459983407 -0.00036557556231949222 -0.00035225541434716774 6.6674785916217175e-05 -4.1248354251593048e-05 0.00018038676907023148 -0.0005098823654356517 -6.8726664629968241e-05
leaf_weight=30715782.390441895 279271.39532470703 463015.94984817505 389788.59326171875 391760.63848876953 418807.20825195312 9421965.1659469604 467322.55563354492 1165143.3570251465 469173.33605957031 9626244.6424560547
leaf_count=10188 68 214 102 140 158 2365 120 512 124 4740
internal_value=0.000223838 -0.000822495 -0.00958783 0.000915978 -0.0183043 -0.000222408 -0.00586629 -0.00176307 -0.0101826 0.000537491
internal_weight=5.38083e+07 2.30925e+07 1.47963e+06 671032 808596 2.16129e+07 2.56466e+06 2.10164e+06 936496 1.90482e+07
internal_count=18731 8543 468 208 260 8075 970 756 244 7105
cat_boundaries=0 2 4 6
cat_threshold=100794368 262144 67108864 262144 135168 262144
is_linear=0
shrinkage=0.04


Tree=341
num_leaves=11
num_cat=1
split_feature=7 47 7 60 58 65 7 51 0 61
split_gain=31179.7 78707.5 59003.1 46594.5 44039.2 74273.6 58615.3 59885.6 56875.9 67570.8
threshold=0.9917819284441739 7.6500000000000012 0.98235676500906355 0.086561635450177074 0.96361513531010401 0.99674360252979588 0.98293112586242137 0.30625000000000008 0 1.0152969905528704
decision_type=2 2 2 2 2 2 2 2 1 2
left_child=1 2 -1 4 5 6 7 -3 -6 -10
right_child=-2 3 -4 -5 8 -7 -8 -9 9 -11
leaf_value=-0.00010101222083112097 -1.2761297278903204e-05 -0.00045492622325123773 0.0013423104635109553 -0.00031004184186407563 -0.00040017979200038072 0.00040354326503798724 0.00029061493679855216 0.00023591928333518858 -0.0002031158699943938 0.00010865087701677187
leaf_weight=328139.53134918213 36945223.065914154 1115421.2590942383 426351.15151977539 2132192.8477554321 741570.33984375 2473146.2885131836 778506.45303344727 444615.71789550781 2052447.73046875 6370660.8473510742
leaf_count=134 11717 401 152 1384 392 1236 263 151 699 2202
internal_value=0.000229778 0.001655 0.0142819 0.00106357 0.00190383 0.00500261 -0.000108098 -0.00458168 0.000276883 0.00121188
internal_weight=5.38083e+07 1.68631e+07 754491 1.61086e+07 1.39764e+07 4.81169e+06 2.33854e+06 1.56004e+06 9.16468e+06 8.42311e+06
internal_count=18731 7014 286 6728 5344 2051 815 552 3293 2901
cat_boundaries=0 1
cat_threshold=67108864
is_linear=0
shrinkage=0.04


Tree=342
num_leaves=11
num_cat=1
split_feature=7 47 7 68 0 45 4 67 55 60
split_gain=29792.4 69131.6 52053.9 41766.5 44707.8 75337 100338 70362.6 60744.7 54218.4
threshold=0.9917819284441739 7.6500000000000012 0.98235676500906355 2.0809027067109027 0 16.558333333333334 26.500000000000004 73.500000000000014 13.500000000000002 0.045612664253633063
decision_type=2 2 2 2 1 2 2 2 2 2
left_child=1 2 -1 4 8 -6 -7 -8 -3 -10
right_child=-2 3 -4 -5 5 6 7 -9 9 -11
leaf_value=-9.6971731997876108e-05 -1.2250845387747388e-05 9.7354568534516845e-05 0.0012886180449705174 0.0048707591723157664 0.00012424955394161648 0.00010563687357798563 -0.00023935646095938945 -0.0011173376774503551 -0.00070026185203307667 7.7647929294377788e-05
leaf_weight=328139.53134918213 36945223.065914154 9165407.7819824219 426351.15151977539 168344.90655517578 2806120.6156082153 1453573.6184692383 910456.91619873047 947068.07330322266 392302.21044921875 265287.36138916016
leaf_count=134 11717 2688 152 116 1686 927 542 567 118 84
internal_value=0.000280495 0.00167365 0.0135075 0.00111936 0.000910032 -0.00177438 -0.00586089 -0.0120205 0.00258173 -0.0091614
internal_weight=5.38083e+07 1.68631e+07 754491 1.61086e+07 1.59402e+07 6.11722e+06 3.3111e+06 1.85752e+06 9.823e+06 657590
internal_count=18731 7014 286 6728 6612 3722 2036 1109 2890 202
cat_boundaries=0 1
cat_threshold=137218
is_linear=0
shrinkage=0.04


Tree=343
num_leaves=11
num_cat=2
split_feature=7 0 61 65 11 36 62 7 0 28
split_gain=31689.9 62796.7 69201 64381.5 56775.6 80766.5 56435.8 55307.5 119684 55214.9
threshold=0.98073007785356248 0 0.90287140004295696 1.0293854470682027 0.99057589672154311 0.45778937801141423 1.1515890348953317 0.99282264054282743 1 1.0000000180025095e-35
decision_type=2 1 2 2 2 2 2 2 1 2
left_child=1 3 -3 -1 5 -2 7 8 -6 -9
right_child=4 2 -4 -5 6 -7 -8 9 -10 -11
leaf_value=-3.6955379237745917e-05 -0.00021793489456075927 0.0013276810335777817 -0.00018898002020874136 0.00022369836759612936 0.00094766905153370314 0.00031124560236167414 -0.00077777029019604862 3.1898044478818101e-06 6.0674252502460911e-05 -0.000954205571016218
leaf_weight=2077208.8920898438 4909046.902923584 502032.82820129395 4494909.4719543457 4421874.7890625 841387.36199951172 614018.64685058594 520179.81002426147 32503513.808258057 2562950.8147583008 361151.90661621094
leaf_count=562 1811 364 2729 1389 351 213 284 9926 932 170
internal_value=0.000271427 0.00213375 -0.00123779 0.00472601 -0.000234558 -0.00401617 0.000333168 0.000520794 0.00537403 1.80616e-05
internal_weight=5.38083e+07 1.1496e+07 4.99694e+06 6.49908e+06 4.23122e+07 5.52307e+06 3.67892e+07 3.6269e+07 3.40434e+06 3.28647e+07
internal_count=18731 5044 3093 1951 13687 2024 11663 11379 1283 10096
cat_boundaries=0 1 2
cat_threshold=137218 100667520
is_linear=0
shrinkage=0.04


Tree=344
num_leaves=11
num_cat=1
split_feature=51 67 49 27 0 45 40 45 63 26
split_gain=33616.9 27755.1 69248 60653.8 134676 84834.9 58524.5 76495 73121.2 106769
threshold=1.560416666666667 54.500000000000007 0.35000000000000003 53.500000000000007 0 19.793750000000003 0.43341866628636078 6.9958333333333345 0.094200388787276629 59.500000000000007
decision_type=2 2 2 2 1 2 2 2 2 2
left_child=1 3 -3 -1 -5 -6 8 -8 -4 -10
right_child=-2 2 6 4 5 -7 7 -9 9 -11
leaf_value=5.800891370303323e-06 0.0002665318667012143 -0.001567665902197914 -1.5772577052939138e-05 -0.00085312568269424092 0.00049379179378004358 0.0060100465324046956 0.00096766357960354139 1.2349823100808526e-05 0.00034833245631654588 -0.0016017358265829438
leaf_weight=22087988.655944824 215527.37139892578 201627.11859130859 23641474.182800293 554185.33533859253 2501518.9279174805 232427.19287109375 867067.91674804688 1897004.9594726562 474846.45989990234 1134607.1117553711
leaf_count=6986 72 72 7014 450 1420 144 446 1062 290 775
internal_value=0.000255182 0.000191775 -0.000671478 0.00115166 0.00622014 0.00986484 -0.00050336 0.00502245 -0.00110824 -0.00935794
internal_weight=5.38083e+07 5.35927e+07 2.82166e+07 2.53761e+07 3.28813e+06 2.73395e+06 2.8015e+07 2.76407e+06 2.52509e+07 1.60945e+06
internal_count=18731 18659 9659 9000 2014 1564 9587 1508 8079 1065
cat_boundaries=0 2
cat_threshold=2 262144
is_linear=0
shrinkage=0.04


Tree=345
num_leaves=11
num_cat=1
split_feature=51 67 27 0 45 27 6 68 7 50
split_gain=29795.3 26857.6 62243.9 120565 100770 57949.4 97253.6 63262.8 62949.4 94300.9
threshold=1.560416666666667 54.500000000000007 53.500000000000007 0 19.793750000000003 45.500000000000007 10.446530097371269 0.9461283603161238 0.99998710568537785 13.450000000000001
decision_type=2 2 2 1 2 2 2 2 2 2
left_child=1 2 5 -4 -5 8 7 -7 9 -1
right_child=-2 -3 3 4 -6 6 -8 -9 -10 -11
leaf_value=0.00029859900922049983 0.0002558705920331656 -2.0308405512659743e-05 -0.0010876452453564931 0.00040166606897774427 0.0054263094569602715 -0.0006571730118997461 -0.00079344518201717037 0.00068343701062150298 -8.8807070855023622e-06 -7.0465522522671003e-05
leaf_weight=3109886.0907592773 215527.37139892578 28216627.749267578 332999.33246994019 2705564.8820800781 249567.24157714844 579568.81112670898 469530.59594726562 488137.20275878906 14744398.806640625 2696467.1487121582
leaf_count=972 72 9659 234 1618 162 291 93 269 4075 1286
internal_value=0.000276941 0.000217248 0.00116148 0.00629598 0.00886715 0.000397131 -0.00709399 -0.000422002 0.000957488 0.00448528
internal_weight=5.38083e+07 5.35927e+07 2.53761e+07 3.28813e+06 2.95513e+06 2.2088e+07 1.53724e+06 1.06771e+06 2.05508e+07 5.80635e+06
internal_count=18731 18659 9000 2014 1780 6986 653 560 6333 2258
cat_boundaries=0 2
cat_threshold=0 262144
is_linear=0
shrinkage=0.04


Tree=346
num_leaves=11
num_cat=1
split_feature=64 68 66 34 0 68 24 51 60 60
split_gain=29985.9 60096 103823 81978.6 59460.5 57349.5 39890.8 47380.2 44192.9 39442.8
threshold=1.1586811168329734 0.66848686488126996 0.071533458186420304 70.000000000000014 0 1.1632411321736513 1.0000000180025095e-35 0.64583333333333381 0.043071014028470855 1.0000000180025095e-35
decision_type=2 2 2 2 1 2 2 2 2 2
left_child=1 2 -1 -3 6 -6 7 8 -2 -5
right_child=4 3 -4 9 5 -7 -8 -9 -10 -11
leaf_value=-0.0029510385131019589 0.0010960422381119574 0.0014803726308241728 -0.00017944437402596191 0.00043464863785904557 -0.0010280042235177175 6.1020243348160253e-06 0.00076790343188015708 -0.00079114229154831055 3.229675322028543e-05 -4.2502132019896796e-06
leaf_weight=163675.82177734375 550659.63909912109 228721.55114746094 856115.88562011719 1064983.9896850586 233474.84997558594 1213340.3947143555 914221.25708007812 304453.91784667969 1019540.3354606628 47259087.590332031
leaf_count=42 299 126 425 666 193 791 356 134 522 15177
internal_value=0.000194218 -8.17992e-05 -0.00969148 0.000120044 0.00342458 -0.0031553 0.00683809 0.00349727 0.00629743 6.96215e-06
internal_weight=5.38083e+07 4.95726e+07 1.01979e+06 4.85528e+07 4.23569e+06 1.44682e+06 2.78888e+06 1.87465e+06 1.5702e+06 4.83241e+07
internal_count=18731 16436 467 15969 2295 984 1311 955 821 15843
cat_boundaries=0 2
cat_threshold=6274 262144
is_linear=0
shrinkage=0.04


Tree=347
num_leaves=11
num_cat=1
split_feature=35 53 27 52 46 0 67 36 27 50
split_gain=29470.9 115739 41693.2 84150.2 115303 60557.6 37913.2 82528.5 66971.4 85143.9
threshold=0.053817057597456502 6.75 1.5000000000000002 -4.0499999999999998 1.9500000000000002 0 54.500000000000007 0.46897643827768037 54.500000000000007 10.450000000000001
decision_type=2 2 2 2 2 1 2 2 2 2
left_child=1 -1 3 4 -2 -6 7 8 -4 -10
right_child=2 -3 6 -5 5 -7 -8 -9 9 -11
leaf_value=-0.00065997752285346686 -0.00053162179560941117 0.00022397605347422375 1.7615930393047673e-05 -0.0021416617357168473 0.0018421080985281588 -0.0004974701357037904 -1.5854451257922574e-05 -0.0012416285334811744 -0.0001700891801016173 0.00095197748603091062
leaf_weight=341961.72424316406 701535.00735473633 323864.13403320312 19480081.714233398 345272.61779785156 341684.94979858398 194971.51641845703 28432155.120666504 616353.57691574097 994773.29711914062 2035621.5741577148
leaf_count=70 264 78 5841 222 182 155 9731 390 585 1213
internal_value=0.000182522 -0.00818055 0.000287306 -0.00610587 -0.0012364 0.0127194 0.000483654 0.00168633 0.00208173 0.0076134
internal_weight=5.38083e+07 665826 5.31424e+07 1.58346e+06 1.23819e+06 536656 5.1559e+07 2.31268e+07 2.25105e+07 3.03039e+06
internal_count=18731 148 18583 823 601 337 17760 8029 7639 1798
cat_boundaries=0 2
cat_threshold=33691648 262144
is_linear=0
shrinkage=0.04


Tree=348
num_leaves=11
num_cat=1
split_feature=68 11 11 0 45 59 1 50 49 66
split_gain=28978.2 53194.7 77832.8 84607.5 88741.4 60724.4 60208.5 76933.9 65583.1 91527.6
threshold=0.96781050771280974 1.0046596805451646 0.98619032817896313 0 16.558333333333334 1.02325845214286 5.5000000000000009 14.250000000000002 8.8500000000000032 0.055847283979805838
decision_type=2 2 2 1 2 2 2 2 2 2
left_child=-1 2 3 4 -2 -3 8 -8 -4 -10
right_child=1 5 6 -5 -6 -7 7 -9 9 -11
leaf_value=-2.3208634583533184e-05 0.00010909725435224134 0.00025918312087931796 -0.0001449295074405587 0.00013972381575423165 -0.00057462721330397461 1.2509440016183879e-05 0.0010684158845552241 -0.0007209196515224743 0.0002348314839036704 -1.0001035742707572e-05
leaf_weight=19875803.885967255 972026.59872436523 5266490.1747131348 10793950.511169434 8294283.5645751953 1128516.3280029297 5810085.7535400391 446859.34896850586 213440.87567138672 233246.08203125 773572.109375
leaf_count=6158 535 1896 3291 2861 694 2584 237 154 42 279
internal_value=0.000236204 0.000946641 -0.000155889 0.00239982 -0.00477113 0.00322165 -0.00228782 0.00946628 -0.00294552 0.00681811
internal_weight=5.38083e+07 3.39325e+07 2.28559e+07 1.03948e+07 2.10054e+06 1.10766e+07 1.24611e+07 660300 1.18008e+07 1.00682e+06
internal_count=18731 12573 8093 4090 1229 4480 4003 391 3612 321
cat_boundaries=0 1
cat_threshold=100663424
is_linear=0
shrinkage=0.04


Tree=349
num_leaves=11
num_cat=2
split_feature=68 44 47 58 49 7 55 0 27 0
split_gain=30874 82048.5 63034.3 84656.9 59593.7 56692.1 58484.8 82198 52652.4 83455.7
threshold=0.99333900726945501 2.5000000000000004 7.6500000000000012 0.99728946029301491 0.35000000000000003 0.98073007785356248 14.500000000000002 0 4.5000000000000009 1
decision_type=2 2 2 2 2 2 2 1 2 1
left_child=1 -1 3 -2 -4 -6 8 -8 9 -7
right_child=2 -3 4 -5 5 6 7 -9 -10 -11
leaf_value=-1.1394371210470368e-05 0.00076695920814749566 -0.0016269824842254324 -0.0012289834113822663 -1.0129153585963714e-05 0.00012327961276057409 -0.001060083515123127 3.6609741117712557e-05 -0.0010507447884673998 -3.6089901533453006e-05 0.000312773684832528
leaf_weight=25884533.686473846 973044.32385253906 231587.01190185547 198304.11859130859 1445807.0508422852 8406581.6423339844 237158.99746704102 338223.40435791016 449178.53186035156 14316474.591644287 1327381.8734130859
leaf_count=7708 260 163 71 358 3746 213 100 202 5395 515
internal_value=0.000166695 -0.000819938 0.00109718 0.00726589 0.000506777 0.000679518 -0.000671197 -0.0113119 -0.000143604 0.00682349
internal_weight=5.38083e+07 2.61161e+07 2.76922e+07 2.41885e+06 2.52733e+07 2.5075e+07 1.66684e+07 787402 1.5881e+07 1.56454e+06
internal_count=18731 7871 10860 618 10242 10171 6425 302 6123 728
cat_boundaries=0 2 3
cat_threshold=131200 262144 369098752
is_linear=0
shrinkage=0.04


end of trees

feature_importances:
route=417
same_regime_level=275
days_to_holiday=178
log_daily_base=159
temperature_change_6h_mean=148
same_regime_count=141
precipitation_total=125
temperature_2m_min=110
temperature_change_6h_min=102
history_daily_std_112=102
days_since_holiday=93
event_merge=82
temperature_2m_mean=81
tail_width_56d=79
history_daily_mean_112=75
wind_speed_10m_max=73
tail_width_28d=72
temperature_change_6h_max=69
event_closure=66
history_daily_median_112=63
ratio_ew_mean_7d=59
wind_speed_10m_mean=58
wind_speed_10m_min=58
dow=57
temperature_2m_max=49
history_daily_mean_42=45
ratio_ew_median_28d=44
precipitation_hours=43
season=41
history_daily_std_42=41
horizon=38
ratio_median_14d=36
iqr_56d=34
off_block_position=31
history_daily_median_42=31
off_1=30
count_56d=28
history_daily_std_14=27
zero_rate_56d=26
ratio_ew_median_14d=25
zero_rate_28d=24
ratio_median_56d=20
snowfall_total=18
ratio_adaptive_dow_25=14
event_age=14
iqr_28d=14
history_daily_mean_14=13
history_daily_median_14=11
ratio_median_28d=7
off_-2=6
off_block_length=6
holiday_-2=5
holiday_-1=5
off_2=5
off_3=5
off_-3=4
off_-1=4
count_28d=4
holiday=3
holiday_2=3
snowfall_hours=2
kind=1
holiday_-3=1

parameters:
[boosting: gbdt]
[objective: regression_l1]
[metric: l1]
[tree_learner: serial]
[device_type: cpu]
[data_sample_strategy: bagging]
[data: ]
[valid: ]
[num_iterations: 350]
[learning_rate: 0.04]
[num_leaves: 11]
[num_threads: 2]
[seed: 2026]
[deterministic: 1]
[force_col_wise: 1]
[force_row_wise: 0]
[histogram_pool_size: -1]
[max_depth: -1]
[min_data_in_leaf: 70]
[min_sum_hessian_in_leaf: 0.001]
[bagging_fraction: 1]
[pos_bagging_fraction: 1]
[neg_bagging_fraction: 1]
[bagging_freq: 0]
[bagging_seed: 26038]
[bagging_by_query: 0]
[feature_fraction: 1]
[feature_fraction_bynode: 1]
[feature_fraction_seed: 28694]
[extra_trees: 0]
[extra_seed: 4728]
[early_stopping_round: 0]
[early_stopping_min_delta: 0]
[first_metric_only: 0]
[max_delta_step: 0]
[lambda_l1: 0]
[lambda_l2: 20]
[linear_lambda: 0]
[min_gain_to_split: 0]
[drop_rate: 0.1]
[max_drop: 50]
[skip_drop: 0.5]
[xgboost_dart_mode: 0]
[uniform_drop: 0]
[drop_seed: 5409]
[top_rate: 0.2]
[other_rate: 0.1]
[min_data_per_group: 100]
[max_cat_threshold: 32]
[cat_l2: 10]
[cat_smooth: 10]
[max_cat_to_onehot: 4]
[top_k: 20]
[monotone_constraints: ]
[monotone_constraints_method: basic]
[monotone_penalty: 0]
[feature_contri: ]
[forcedsplits_filename: ]
[refit_decay_rate: 0.9]
[cegb_tradeoff: 1]
[cegb_penalty_split: 0]
[cegb_penalty_feature_lazy: ]
[cegb_penalty_feature_coupled: ]
[path_smooth: 0]
[interaction_constraints: ]
[verbosity: -1]
[saved_feature_importance_type: 0]
[use_quantized_grad: 0]
[num_grad_quant_bins: 4]
[quant_train_renew_leaf: 0]
[stochastic_rounding: 1]
[linear_tree: 0]
[max_bin: 255]
[max_bin_by_feature: ]
[min_data_in_bin: 3]
[bin_construct_sample_cnt: 200000]
[data_random_seed: 6654]
[is_enable_sparse: 1]
[enable_bundle: 1]
[use_missing: 1]
[zero_as_missing: 0]
[feature_pre_filter: 1]
[pre_partition: 0]
[two_round: 0]
[header: 0]
[label_column: ]
[weight_column: ]
[group_column: ]
[ignore_column: ]
[categorical_feature: 0,2,69]
[forcedbins_filename: ]
[precise_float_parser: 0]
[parser_config_file: ]
[objective_seed: 199]
[num_class: 1]
[is_unbalance: 0]
[scale_pos_weight: 1]
[sigmoid: 1]
[boost_from_average: 1]
[reg_sqrt: 0]
[alpha: 0.9]
[fair_c: 1]
[poisson_max_delta_step: 0.7]
[tweedie_variance_power: 1.5]
[lambdarank_truncation_level: 30]
[lambdarank_norm: 1]
[label_gain: ]
[lambdarank_position_bias_regularization: 0]
[eval_at: ]
[multi_error_top_k: 1]
[auc_mu_weights: ]
[num_machines: 1]
[local_listen_port: 12400]
[time_out: 120]
[machine_list_filename: ]
[machines: ]
[gpu_platform_id: -1]
[gpu_device_id: -1]
[gpu_use_dp: 0]
[num_gpu: 1]

end of parameters

pandas_categorical:[]
