route;date;hour;prediction
1;2025-11-01;0;3
1;2025-11-01;1;0
1;2025-11-01;2;0
1;2025-11-01;3;0
1;2025-11-01;4;8
1;2025-11-01;5;115
1;2025-11-01;6;460
1;2025-11-01;7;1409
1;2025-11-01;8;1793
1;2025-11-01;9;1347
1;2025-11-01;10;1248
1;2025-11-01;11;1261
1;2025-11-01;12;1313
1;2025-11-01;13;1362
1;2025-11-01;14;1311
1;2025-11-01;15;1410
1;2025-11-01;16;1463
1;2025-11-01;17;1698
1;2025-11-01;18;1665
1;2025-11-01;19;1251
1;2025-11-01;20;810
1;2025-11-01;21;430
1;2025-11-01;22;166
1;2025-11-01;23;33
1;2025-11-02;0;0
1;2025-11-02;1;0
1;2025-11-02;2;0
1;2025-11-02;3;0
1;2025-11-02;4;0
1;2025-11-02;5;23
1;2025-11-02;6;117
1;2025-11-02;7;271
1;2025-11-02;8;367
1;2025-11-02;9;615
1;2025-11-02;10;705
1;2025-11-02;11;741
1;2025-11-02;12;830
1;2025-11-02;13;872
1;2025-11-02;14;825
1;2025-11-02;15;744
1;2025-11-02;16;672
1;2025-11-02;17;620
1;2025-11-02;18;544
1;2025-11-02;19;466
1;2025-11-02;20;342
1;2025-11-02;21;266
1;2025-11-02;22;98
1;2025-11-02;23;26
1;2025-11-03;0;0
1;2025-11-03;1;0
1;2025-11-03;2;0
1;2025-11-03;3;0
1;2025-11-03;4;0
1;2025-11-03;5;21
1;2025-11-03;6;111
1;2025-11-03;7;252
1;2025-11-03;8;340
1;2025-11-03;9;560
1;2025-11-03;10;640
1;2025-11-03;11;671
1;2025-11-03;12;761
1;2025-11-03;13;792
1;2025-11-03;14;751
1;2025-11-03;15;674
1;2025-11-03;16;609
1;2025-11-03;17;569
1;2025-11-03;18;519
1;2025-11-03;19;445
1;2025-11-03;20;324
1;2025-11-03;21;248
1;2025-11-03;22;91
1;2025-11-03;23;24
1;2025-11-04;0;0
1;2025-11-04;1;0
1;2025-11-04;2;0
1;2025-11-04;3;0
1;2025-11-04;4;0
1;2025-11-04;5;21
1;2025-11-04;6;109
1;2025-11-04;7;249
1;2025-11-04;8;327
1;2025-11-04;9;554
1;2025-11-04;10;633
1;2025-11-04;11;662
1;2025-11-04;12;750
1;2025-11-04;13;779
1;2025-11-04;14;734
1;2025-11-04;15;651
1;2025-11-04;16;591
1;2025-11-04;17;549
1;2025-11-04;18;493
1;2025-11-04;19;428
1;2025-11-04;20;315
1;2025-11-04;21;244
1;2025-11-04;22;91
1;2025-11-04;23;25
1;2025-11-05;0;4
1;2025-11-05;1;0
1;2025-11-05;2;0
1;2025-11-05;3;0
1;2025-11-05;4;9
1;2025-11-05;5;128
1;2025-11-05;6;513
1;2025-11-05;7;1518
1;2025-11-05;8;1966
1;2025-11-05;9;1460
1;2025-11-05;10;1342
1;2025-11-05;11;1363
1;2025-11-05;12;1412
1;2025-11-05;13;1482
1;2025-11-05;14;1411
1;2025-11-05;15;1526
1;2025-11-05;16;1565
1;2025-11-05;17;1838
1;2025-11-05;18;1842
1;2025-11-05;19;1386
1;2025-11-05;20;891
1;2025-11-05;21;478
1;2025-11-05;22;188
1;2025-11-05;23;37
1;2025-11-06;0;4
1;2025-11-06;1;0
1;2025-11-06;2;0
1;2025-11-06;3;0
1;2025-11-06;4;8
1;2025-11-06;5;123
1;2025-11-06;6;503
1;2025-11-06;7;1527
1;2025-11-06;8;1972
1;2025-11-06;9;1466
1;2025-11-06;10;1366
1;2025-11-06;11;1364
1;2025-11-06;12;1431
1;2025-11-06;13;1472
1;2025-11-06;14;1421
1;2025-11-06;15;1523
1;2025-11-06;16;1583
1;2025-11-06;17;1838
1;2025-11-06;18;1853
1;2025-11-06;19;1371
1;2025-11-06;20;891
1;2025-11-06;21;479
1;2025-11-06;22;182
1;2025-11-06;23;39
1;2025-11-07;0;4
1;2025-11-07;1;0
1;2025-11-07;2;0
1;2025-11-07;3;0
1;2025-11-07;4;8
1;2025-11-07;5;131
1;2025-11-07;6;503
1;2025-11-07;7;1525
1;2025-11-07;8;1915
1;2025-11-07;9;1452
1;2025-11-07;10;1343
1;2025-11-07;11;1384
1;2025-11-07;12;1416
1;2025-11-07;13;1472
1;2025-11-07;14;1427
1;2025-11-07;15;1546
1;2025-11-07;16;1624
1;2025-11-07;17;1840
1;2025-11-07;18;1695
1;2025-11-07;19;1289
1;2025-11-07;20;849
1;2025-11-07;21;488
1;2025-11-07;22;196
1;2025-11-07;23;46
1;2025-11-08;0;4
1;2025-11-08;1;0
1;2025-11-08;2;0
1;2025-11-08;3;0
1;2025-11-08;4;0
1;2025-11-08;5;30
1;2025-11-08;6;160
1;2025-11-08;7;366
1;2025-11-08;8;506
1;2025-11-08;9;761
1;2025-11-08;10;922
1;2025-11-08;11;913
1;2025-11-08;12;1077
1;2025-11-08;13;1145
1;2025-11-08;14;1051
1;2025-11-08;15;933
1;2025-11-08;16;807
1;2025-11-08;17;751
1;2025-11-08;18;642
1;2025-11-08;19;567
1;2025-11-08;20;440
1;2025-11-08;21;307
1;2025-11-08;22;120
1;2025-11-08;23;27
1;2025-11-09;0;0
1;2025-11-09;1;0
1;2025-11-09;2;0
1;2025-11-09;3;0
1;2025-11-09;4;0
1;2025-11-09;5;23
1;2025-11-09;6;118
1;2025-11-09;7;272
1;2025-11-09;8;364
1;2025-11-09;9;613
1;2025-11-09;10;703
1;2025-11-09;11;742
1;2025-11-09;12;835
1;2025-11-09;13;875
1;2025-11-09;14;824
1;2025-11-09;15;741
1;2025-11-09;16;666
1;2025-11-09;17;615
1;2025-11-09;18;540
1;2025-11-09;19;466
1;2025-11-09;20;345
1;2025-11-09;21;269
1;2025-11-09;22;100
1;2025-11-09;23;26
1;2025-11-10;0;2
1;2025-11-10;1;0
1;2025-11-10;2;0
1;2025-11-10;3;0
1;2025-11-10;4;9
1;2025-11-10;5;129
1;2025-11-10;6;514
1;2025-11-10;7;1544
1;2025-11-10;8;1970
1;2025-11-10;9;1450
1;2025-11-10;10;1332
1;2025-11-10;11;1353
1;2025-11-10;12;1420
1;2025-11-10;13;1470
1;2025-11-10;14;1435
1;2025-11-10;15;1541
1;2025-11-10;16;1598
1;2025-11-10;17;1881
1;2025-11-10;18;1897
1;2025-11-10;19;1414
1;2025-11-10;20;900
1;2025-11-10;21;475
1;2025-11-10;22;171
1;2025-11-10;23;35
1;2025-11-11;0;4
1;2025-11-11;1;0
1;2025-11-11;2;0
1;2025-11-11;3;0
1;2025-11-11;4;10
1;2025-11-11;5;127
1;2025-11-11;6;521
1;2025-11-11;7;1573
1;2025-11-11;8;1987
1;2025-11-11;9;1503
1;2025-11-11;10;1386
1;2025-11-11;11;1397
1;2025-11-11;12;1452
1;2025-11-11;13;1500
1;2025-11-11;14;1436
1;2025-11-11;15;1532
1;2025-11-11;16;1588
1;2025-11-11;17;1870
1;2025-11-11;18;1872
1;2025-11-11;19;1420
1;2025-11-11;20;905
1;2025-11-11;21;488
1;2025-11-11;22;185
1;2025-11-11;23;41
1;2025-11-12;0;4
1;2025-11-12;1;0
1;2025-11-12;2;0
1;2025-11-12;3;0
1;2025-11-12;4;9
1;2025-11-12;5;129
1;2025-11-12;6;520
1;2025-11-12;7;1531
1;2025-11-12;8;1976
1;2025-11-12;9;1475
1;2025-11-12;10;1354
1;2025-11-12;11;1379
1;2025-11-12;12;1425
1;2025-11-12;13;1497
1;2025-11-12;14;1423
1;2025-11-12;15;1540
1;2025-11-12;16;1579
1;2025-11-12;17;1850
1;2025-11-12;18;1851
1;2025-11-12;19;1392
1;2025-11-12;20;897
1;2025-11-12;21;484
1;2025-11-12;22;190
1;2025-11-12;23;38
1;2025-11-13;0;4
1;2025-11-13;1;0
1;2025-11-13;2;0
1;2025-11-13;3;0
1;2025-11-13;4;8
1;2025-11-13;5;125
1;2025-11-13;6;510
1;2025-11-13;7;1545
1;2025-11-13;8;1991
1;2025-11-13;9;1484
1;2025-11-13;10;1382
1;2025-11-13;11;1388
1;2025-11-13;12;1457
1;2025-11-13;13;1500
1;2025-11-13;14;1444
1;2025-11-13;15;1550
1;2025-11-13;16;1607
1;2025-11-13;17;1863
1;2025-11-13;18;1878
1;2025-11-13;19;1385
1;2025-11-13;20;905
1;2025-11-13;21;491
1;2025-11-13;22;187
1;2025-11-13;23;39
1;2025-11-14;0;4
1;2025-11-14;1;0
1;2025-11-14;2;0
1;2025-11-14;3;0
1;2025-11-14;4;8
1;2025-11-14;5;132
1;2025-11-14;6;509
1;2025-11-14;7;1536
1;2025-11-14;8;1924
1;2025-11-14;9;1465
1;2025-11-14;10;1354
1;2025-11-14;11;1403
1;2025-11-14;12;1434
1;2025-11-14;13;1491
1;2025-11-14;14;1443
1;2025-11-14;15;1564
1;2025-11-14;16;1642
1;2025-11-14;17;1854
1;2025-11-14;18;1706
1;2025-11-14;19;1296
1;2025-11-14;20;854
1;2025-11-14;21;492
1;2025-11-14;22;195
1;2025-11-14;23;45
1;2025-11-15;0;4
1;2025-11-15;1;0
1;2025-11-15;2;0
1;2025-11-15;3;0
1;2025-11-15;4;0
1;2025-11-15;5;30
1;2025-11-15;6;156
1;2025-11-15;7;353
1;2025-11-15;8;488
1;2025-11-15;9;734
1;2025-11-15;10;888
1;2025-11-15;11;882
1;2025-11-15;12;1046
1;2025-11-15;13;1111
1;2025-11-15;14;1019
1;2025-11-15;15;907
1;2025-11-15;16;784
1;2025-11-15;17;728
1;2025-11-15;18;618
1;2025-11-15;19;548
1;2025-11-15;20;423
1;2025-11-15;21;297
1;2025-11-15;22;114
1;2025-11-15;23;27
1;2025-11-16;0;0
1;2025-11-16;1;0
1;2025-11-16;2;0
1;2025-11-16;3;0
1;2025-11-16;4;0
1;2025-11-16;5;24
1;2025-11-16;6;119
1;2025-11-16;7;270
1;2025-11-16;8;362
1;2025-11-16;9;609
1;2025-11-16;10;703
1;2025-11-16;11;744
1;2025-11-16;12;839
1;2025-11-16;13;880
1;2025-11-16;14;829
1;2025-11-16;15;747
1;2025-11-16;16;672
1;2025-11-16;17;617
1;2025-11-16;18;540
1;2025-11-16;19;467
1;2025-11-16;20;345
1;2025-11-16;21;270
1;2025-11-16;22;101
1;2025-11-16;23;29
1;2025-11-17;0;2
1;2025-11-17;1;0
1;2025-11-17;2;0
1;2025-11-17;3;0
1;2025-11-17;4;9
1;2025-11-17;5;127
1;2025-11-17;6;509
1;2025-11-17;7;1522
1;2025-11-17;8;1934
1;2025-11-17;9;1430
1;2025-11-17;10;1310
1;2025-11-17;11;1337
1;2025-11-17;12;1398
1;2025-11-17;13;1447
1;2025-11-17;14;1410
1;2025-11-17;15;1516
1;2025-11-17;16;1573
1;2025-11-17;17;1850
1;2025-11-17;18;1867
1;2025-11-17;19;1392
1;2025-11-17;20;889
1;2025-11-17;21;472
1;2025-11-17;22;172
1;2025-11-17;23;36
1;2025-11-18;0;4
1;2025-11-18;1;0
1;2025-11-18;2;0
1;2025-11-18;3;0
1;2025-11-18;4;9
1;2025-11-18;5;123
1;2025-11-18;6;511
1;2025-11-18;7;1518
1;2025-11-18;8;1766
1;2025-11-18;9;1455
1;2025-11-18;10;1333
1;2025-11-18;11;1347
1;2025-11-18;12;1398
1;2025-11-18;13;1442
1;2025-11-18;14;1382
1;2025-11-18;15;1475
1;2025-11-18;16;1529
1;2025-11-18;17;1802
1;2025-11-18;18;1803
1;2025-11-18;19;1369
1;2025-11-18;20;873
1;2025-11-18;21;475
1;2025-11-18;22;180
1;2025-11-18;23;39
1;2025-11-19;0;4
1;2025-11-19;1;0
1;2025-11-19;2;0
1;2025-11-19;3;0
1;2025-11-19;4;9
1;2025-11-19;5;130
1;2025-11-19;6;525
1;2025-11-19;7;1538
1;2025-11-19;8;1982
1;2025-11-19;9;1485
1;2025-11-19;10;1360
1;2025-11-19;11;1394
1;2025-11-19;12;1444
1;2025-11-19;13;1517
1;2025-11-19;14;1440
1;2025-11-19;15;1556
1;2025-11-19;16;1593
1;2025-11-19;17;1861
1;2025-11-19;18;1861
1;2025-11-19;19;1399
1;2025-11-19;20;903
1;2025-11-19;21;489
1;2025-11-19;22;191
1;2025-11-19;23;38
1;2025-11-20;0;4
1;2025-11-20;1;0
1;2025-11-20;2;0
1;2025-11-20;3;0
1;2025-11-20;4;9
1;2025-11-20;5;127
1;2025-11-20;6;515
1;2025-11-20;7;1548
1;2025-11-20;8;1989
1;2025-11-20;9;1486
1;2025-11-20;10;1382
1;2025-11-20;11;1395
1;2025-11-20;12;1463
1;2025-11-20;13;1510
1;2025-11-20;14;1450
1;2025-11-20;15;1557
1;2025-11-20;16;1613
1;2025-11-20;17;1864
1;2025-11-20;18;1874
1;2025-11-20;19;1381
1;2025-11-20;20;905
1;2025-11-20;21;491
1;2025-11-20;22;187
1;2025-11-20;23;38
1;2025-11-21;0;4
1;2025-11-21;1;0
1;2025-11-21;2;0
1;2025-11-21;3;0
1;2025-11-21;4;8
1;2025-11-21;5;133
1;2025-11-21;6;512
1;2025-11-21;7;1540
1;2025-11-21;8;1920
1;2025-11-21;9;1466
1;2025-11-21;10;1354
1;2025-11-21;11;1409
1;2025-11-21;12;1439
1;2025-11-21;13;1498
1;2025-11-21;14;1447
1;2025-11-21;15;1568
1;2025-11-21;16;1646
1;2025-11-21;17;1854
1;2025-11-21;18;1704
1;2025-11-21;19;1291
1;2025-11-21;20;853
1;2025-11-21;21;494
1;2025-11-21;22;196
1;2025-11-21;23;48
1;2025-11-22;0;4
1;2025-11-22;1;0
1;2025-11-22;2;0
1;2025-11-22;3;0
1;2025-11-22;4;0
1;2025-11-22;5;30
1;2025-11-22;6;157
1;2025-11-22;7;357
1;2025-11-22;8;493
1;2025-11-22;9;745
1;2025-11-22;10;901
1;2025-11-22;11;899
1;2025-11-22;12;1066
1;2025-11-22;13;1130
1;2025-11-22;14;1040
1;2025-11-22;15;924
1;2025-11-22;16;799
1;2025-11-22;17;740
1;2025-11-22;18;630
1;2025-11-22;19;557
1;2025-11-22;20;430
1;2025-11-22;21;303
1;2025-11-22;22;116
1;2025-11-22;23;27
1;2025-11-23;0;0
1;2025-11-23;1;0
1;2025-11-23;2;0
1;2025-11-23;3;0
1;2025-11-23;4;0
1;2025-11-23;5;23
1;2025-11-23;6;117
1;2025-11-23;7;268
1;2025-11-23;8;360
1;2025-11-23;9;608
1;2025-11-23;10;701
1;2025-11-23;11;746
1;2025-11-23;12;838
1;2025-11-23;13;878
1;2025-11-23;14;828
1;2025-11-23;15;745
1;2025-11-23;16;670
1;2025-11-23;17;614
1;2025-11-23;18;536
1;2025-11-23;19;461
1;2025-11-23;20;342
1;2025-11-23;21;269
1;2025-11-23;22;100
1;2025-11-23;23;28
1;2025-11-24;0;2
1;2025-11-24;1;0
1;2025-11-24;2;0
1;2025-11-24;3;0
1;2025-11-24;4;9
1;2025-11-24;5;125
1;2025-11-24;6;502
1;2025-11-24;7;1494
1;2025-11-24;8;1895
1;2025-11-24;9;1407
1;2025-11-24;10;1285
1;2025-11-24;11;1313
1;2025-11-24;12;1373
1;2025-11-24;13;1422
1;2025-11-24;14;1387
1;2025-11-24;15;1491
1;2025-11-24;16;1543
1;2025-11-24;17;1813
1;2025-11-24;18;1830
1;2025-11-24;19;1365
1;2025-11-24;20;871
1;2025-11-24;21;468
1;2025-11-24;22;167
1;2025-11-24;23;34
1;2025-11-25;0;5
1;2025-11-25;1;0
1;2025-11-25;2;0
1;2025-11-25;3;0
1;2025-11-25;4;9
1;2025-11-25;5;127
1;2025-11-25;6;525
1;2025-11-25;7;1566
1;2025-11-25;8;1968
1;2025-11-25;9;1504
1;2025-11-25;10;1382
1;2025-11-25;11;1405
1;2025-11-25;12;1457
1;2025-11-25;13;1505
1;2025-11-25;14;1438
1;2025-11-25;15;1537
1;2025-11-25;16;1587
1;2025-11-25;17;1863
1;2025-11-25;18;1861
1;2025-11-25;19;1410
1;2025-11-25;20;901
1;2025-11-25;21;490
1;2025-11-25;22;184
1;2025-11-25;23;42
1;2025-11-26;0;4
1;2025-11-26;1;0
1;2025-11-26;2;0
1;2025-11-26;3;0
1;2025-11-26;4;9
1;2025-11-26;5;128
1;2025-11-26;6;517
1;2025-11-26;7;1505
1;2025-11-26;8;1936
1;2025-11-26;9;1456
1;2025-11-26;10;1331
1;2025-11-26;11;1364
1;2025-11-26;12;1411
1;2025-11-26;13;1479
1;2025-11-26;14;1410
1;2025-11-26;15;1524
1;2025-11-26;16;1553
1;2025-11-26;17;1814
1;2025-11-26;18;1813
1;2025-11-26;19;1363
1;2025-11-26;20;880
1;2025-11-26;21;477
1;2025-11-26;22;187
1;2025-11-26;23;38
1;2025-11-27;0;4
1;2025-11-27;1;0
1;2025-11-27;2;0
1;2025-11-27;3;0
1;2025-11-27;4;9
1;2025-11-27;5;124
1;2025-11-27;6;508
1;2025-11-27;7;1518
1;2025-11-27;8;1947
1;2025-11-27;9;1465
1;2025-11-27;10;1360
1;2025-11-27;11;1372
1;2025-11-27;12;1434
1;2025-11-27;13;1475
1;2025-11-27;14;1419
1;2025-11-27;15;1526
1;2025-11-27;16;1576
1;2025-11-27;17;1822
1;2025-11-27;18;1834
1;2025-11-27;19;1349
1;2025-11-27;20;885
1;2025-11-27;21;484
1;2025-11-27;22;184
1;2025-11-27;23;39
1;2025-11-28;0;6
1;2025-11-28;1;0
1;2025-11-28;2;0
1;2025-11-28;3;0
1;2025-11-28;4;8
1;2025-11-28;5;133
1;2025-11-28;6;508
1;2025-11-28;7;1513
1;2025-11-28;8;1886
1;2025-11-28;9;1447
1;2025-11-28;10;1333
1;2025-11-28;11;1392
1;2025-11-28;12;1418
1;2025-11-28;13;1474
1;2025-11-28;14;1429
1;2025-11-28;15;1546
1;2025-11-28;16;1618
1;2025-11-28;17;1822
1;2025-11-28;18;1679
1;2025-11-28;19;1272
1;2025-11-28;20;841
1;2025-11-28;21;490
1;2025-11-28;22;195
1;2025-11-28;23;46
1;2025-11-29;0;4
1;2025-11-29;1;0
1;2025-11-29;2;0
1;2025-11-29;3;0
1;2025-11-29;4;0
1;2025-11-29;5;30
1;2025-11-29;6;161
1;2025-11-29;7;363
1;2025-11-29;8;503
1;2025-11-29;9;762
1;2025-11-29;10;919
1;2025-11-29;11;922
1;2025-11-29;12;1092
1;2025-11-29;13;1159
1;2025-11-29;14;1063
1;2025-11-29;15;946
1;2025-11-29;16;816
1;2025-11-29;17;754
1;2025-11-29;18;640
1;2025-11-29;19;565
1;2025-11-29;20;440
1;2025-11-29;21;310
1;2025-11-29;22;120
1;2025-11-29;23;29
1;2025-11-30;0;0
1;2025-11-30;1;0
1;2025-11-30;2;0
1;2025-11-30;3;0
1;2025-11-30;4;0
1;2025-11-30;5;23
1;2025-11-30;6;117
1;2025-11-30;7;267
1;2025-11-30;8;358
1;2025-11-30;9;608
1;2025-11-30;10;698
1;2025-11-30;11;744
1;2025-11-30;12;837
1;2025-11-30;13;876
1;2025-11-30;14;826
1;2025-11-30;15;746
1;2025-11-30;16;668
1;2025-11-30;17;614
1;2025-11-30;18;535
1;2025-11-30;19;462
1;2025-11-30;20;343
1;2025-11-30;21;271
1;2025-11-30;22;102
1;2025-11-30;23;29
1;2025-12-01;0;2
1;2025-12-01;1;0
1;2025-12-01;2;0
1;2025-12-01;3;0
1;2025-12-01;4;11
1;2025-12-01;5;132
1;2025-12-01;6;532
1;2025-12-01;7;1570
1;2025-12-01;8;1994
1;2025-12-01;9;1486
1;2025-12-01;10;1359
1;2025-12-01;11;1398
1;2025-12-01;12;1460
1;2025-12-01;13;1510
1;2025-12-01;14;1471
1;2025-12-01;15;1584
1;2025-12-01;16;1630
1;2025-12-01;17;1914
1;2025-12-01;18;1926
1;2025-12-01;19;1434
1;2025-12-01;20;917
1;2025-12-01;21;494
1;2025-12-01;22;177
1;2025-12-01;23;36
1;2025-12-02;0;4
1;2025-12-02;1;0
1;2025-12-02;2;0
1;2025-12-02;3;0
1;2025-12-02;4;9
1;2025-12-02;5;131
1;2025-12-02;6;541
1;2025-12-02;7;1598
1;2025-12-02;8;2007
1;2025-12-02;9;1543
1;2025-12-02;10;1415
1;2025-12-02;11;1442
1;2025-12-02;12;1494
1;2025-12-02;13;1539
1;2025-12-02;14;1471
1;2025-12-02;15;1573
1;2025-12-02;16;1618
1;2025-12-02;17;1901
1;2025-12-02;18;1896
1;2025-12-02;19;1440
1;2025-12-02;20;922
1;2025-12-02;21;505
1;2025-12-02;22;188
1;2025-12-02;23;44
1;2025-12-03;0;4
1;2025-12-03;1;0
1;2025-12-03;2;0
1;2025-12-03;3;0
1;2025-12-03;4;9
1;2025-12-03;5;134
1;2025-12-03;6;544
1;2025-12-03;7;1566
1;2025-12-03;8;2014
1;2025-12-03;9;1521
1;2025-12-03;10;1392
1;2025-12-03;11;1437
1;2025-12-03;12;1481
1;2025-12-03;13;1554
1;2025-12-03;14;1472
1;2025-12-03;15;1596
1;2025-12-03;16;1621
1;2025-12-03;17;1895
1;2025-12-03;18;1889
1;2025-12-03;19;1425
1;2025-12-03;20;923
1;2025-12-03;21;506
1;2025-12-03;22;198
1;2025-12-03;23;43
1;2025-12-04;0;4
1;2025-12-04;1;0
1;2025-12-04;2;0
1;2025-12-04;3;0
1;2025-12-04;4;9
1;2025-12-04;5;129
1;2025-12-04;6;531
1;2025-12-04;7;1576
1;2025-12-04;8;2021
1;2025-12-04;9;1526
1;2025-12-04;10;1415
1;2025-12-04;11;1437
1;2025-12-04;12;1502
1;2025-12-04;13;1543
1;2025-12-04;14;1483
1;2025-12-04;15;1596
1;2025-12-04;16;1642
1;2025-12-04;17;1896
1;2025-12-04;18;1907
1;2025-12-04;19;1409
1;2025-12-04;20;925
1;2025-12-04;21;509
1;2025-12-04;22;195
1;2025-12-04;23;43
1;2025-12-05;0;5
1;2025-12-05;1;0
1;2025-12-05;2;0
1;2025-12-05;3;0
1;2025-12-05;4;8
1;2025-12-05;5;137
1;2025-12-05;6;530
1;2025-12-05;7;1569
1;2025-12-05;8;1952
1;2025-12-05;9;1508
1;2025-12-05;10;1388
1;2025-12-05;11;1457
1;2025-12-05;12;1482
1;2025-12-05;13;1538
1;2025-12-05;14;1486
1;2025-12-05;15;1612
1;2025-12-05;16;1682
1;2025-12-05;17;1893
1;2025-12-05;18;1729
1;2025-12-05;19;1317
1;2025-12-05;20;874
1;2025-12-05;21;512
1;2025-12-05;22;204
1;2025-12-05;23;50
1;2025-12-06;0;4
1;2025-12-06;1;0
1;2025-12-06;2;0
1;2025-12-06;3;0
1;2025-12-06;4;0
1;2025-12-06;5;32
1;2025-12-06;6;165
1;2025-12-06;7;369
1;2025-12-06;8;511
1;2025-12-06;9;777
1;2025-12-06;10;933
1;2025-12-06;11;939
1;2025-12-06;12;1110
1;2025-12-06;13;1179
1;2025-12-06;14;1080
1;2025-12-06;15;965
1;2025-12-06;16;829
1;2025-12-06;17;767
1;2025-12-06;18;648
1;2025-12-06;19;575
1;2025-12-06;20;448
1;2025-12-06;21;316
1;2025-12-06;22;124
1;2025-12-06;23;29
1;2025-12-07;0;0
1;2025-12-07;1;0
1;2025-12-07;2;0
1;2025-12-07;3;0
1;2025-12-07;4;0
1;2025-12-07;5;24
1;2025-12-07;6;121
1;2025-12-07;7;271
1;2025-12-07;8;366
1;2025-12-07;9;623
1;2025-12-07;10;711
1;2025-12-07;11;761
1;2025-12-07;12;857
1;2025-12-07;13;898
1;2025-12-07;14;847
1;2025-12-07;15;763
1;2025-12-07;16;684
1;2025-12-07;17;629
1;2025-12-07;18;543
1;2025-12-07;19;469
1;2025-12-07;20;350
1;2025-12-07;21;277
1;2025-12-07;22;105
1;2025-12-07;23;30
1;2025-12-08;0;2
1;2025-12-08;1;0
1;2025-12-08;2;0
1;2025-12-08;3;0
1;2025-12-08;4;9
1;2025-12-08;5;132
1;2025-12-08;6;535
1;2025-12-08;7;1564
1;2025-12-08;8;1983
1;2025-12-08;9;1487
1;2025-12-08;10;1356
1;2025-12-08;11;1399
1;2025-12-08;12;1460
1;2025-12-08;13;1507
1;2025-12-08;14;1468
1;2025-12-08;15;1583
1;2025-12-08;16;1626
1;2025-12-08;17;1906
1;2025-12-08;18;1919
1;2025-12-08;19;1431
1;2025-12-08;20;914
1;2025-12-08;21;496
1;2025-12-08;22;180
1;2025-12-08;23;39
1;2025-12-09;0;5
1;2025-12-09;1;0
1;2025-12-09;2;0
1;2025-12-09;3;0
1;2025-12-09;4;10
1;2025-12-09;5;130
1;2025-12-09;6;541
1;2025-12-09;7;1586
1;2025-12-09;8;1988
1;2025-12-09;9;1534
1;2025-12-09;10;1407
1;2025-12-09;11;1437
1;2025-12-09;12;1486
1;2025-12-09;13;1532
1;2025-12-09;14;1460
1;2025-12-09;15;1565
1;2025-12-09;16;1607
1;2025-12-09;17;1884
1;2025-12-09;18;1880
1;2025-12-09;19;1429
1;2025-12-09;20;916
1;2025-12-09;21;506
1;2025-12-09;22;190
1;2025-12-09;23;43
1;2025-12-10;0;4
1;2025-12-10;1;0
1;2025-12-10;2;0
1;2025-12-10;3;0
1;2025-12-10;4;9
1;2025-12-10;5;133
1;2025-12-10;6;540
1;2025-12-10;7;1546
1;2025-12-10;8;1987
1;2025-12-10;9;1507
1;2025-12-10;10;1376
1;2025-12-10;11;1423
1;2025-12-10;12;1468
1;2025-12-10;13;1536
1;2025-12-10;14;1458
1;2025-12-10;15;1580
1;2025-12-10;16;1602
1;2025-12-10;17;1868
1;2025-12-10;18;1865
1;2025-12-10;19;1406
1;2025-12-10;20;913
1;2025-12-10;21;502
1;2025-12-10;22;200
1;2025-12-10;23;43
1;2025-12-11;0;4
1;2025-12-11;1;0
1;2025-12-11;2;0
1;2025-12-11;3;0
1;2025-12-11;4;9
1;2025-12-11;5;127
1;2025-12-11;6;526
1;2025-12-11;7;1540
1;2025-12-11;8;1970
1;2025-12-11;9;1494
1;2025-12-11;10;1380
1;2025-12-11;11;1405
1;2025-12-11;12;1466
1;2025-12-11;13;1504
1;2025-12-11;14;1448
1;2025-12-11;15;1562
1;2025-12-11;16;1602
1;2025-12-11;17;1848
1;2025-12-11;18;1858
1;2025-12-11;19;1369
1;2025-12-11;20;903
1;2025-12-11;21;499
1;2025-12-11;22;192
1;2025-12-11;23;42
1;2025-12-12;0;6
1;2025-12-12;1;0
1;2025-12-12;2;0
1;2025-12-12;3;0
1;2025-12-12;4;7
1;2025-12-12;5;136
1;2025-12-12;6;523
1;2025-12-12;7;1536
1;2025-12-12;8;1904
1;2025-12-12;9;1480
1;2025-12-12;10;1359
1;2025-12-12;11;1430
1;2025-12-12;12;1449
1;2025-12-12;13;1501
1;2025-12-12;14;1451
1;2025-12-12;15;1572
1;2025-12-12;16;1637
1;2025-12-12;17;1837
1;2025-12-12;18;1681
1;2025-12-12;19;1279
1;2025-12-12;20;850
1;2025-12-12;21;503
1;2025-12-12;22;201
1;2025-12-12;23;51
1;2025-12-13;0;4
1;2025-12-13;1;0
1;2025-12-13;2;0
1;2025-12-13;3;0
1;2025-12-13;4;0
1;2025-12-13;5;32
1;2025-12-13;6;165
1;2025-12-13;7;365
1;2025-12-13;8;500
1;2025-12-13;9;767
1;2025-12-13;10;922
1;2025-12-13;11;928
1;2025-12-13;12;1103
1;2025-12-13;13;1170
1;2025-12-13;14;1072
1;2025-12-13;15;954
1;2025-12-13;16;822
1;2025-12-13;17;760
1;2025-12-13;18;641
1;2025-12-13;19;570
1;2025-12-13;20;443
1;2025-12-13;21;313
1;2025-12-13;22;125
1;2025-12-13;23;30
1;2025-12-14;0;0
1;2025-12-14;1;0
1;2025-12-14;2;0
1;2025-12-14;3;0
1;2025-12-14;4;0
1;2025-12-14;5;24
1;2025-12-14;6;122
1;2025-12-14;7;269
1;2025-12-14;8;358
1;2025-12-14;9;616
1;2025-12-14;10;702
1;2025-12-14;11;754
1;2025-12-14;12;849
1;2025-12-14;13;890
1;2025-12-14;14;838
1;2025-12-14;15;756
1;2025-12-14;16;678
1;2025-12-14;17;622
1;2025-12-14;18;537
1;2025-12-14;19;465
1;2025-12-14;20;346
1;2025-12-14;21;272
1;2025-12-14;22;105
1;2025-12-14;23;30
1;2025-12-15;0;2
1;2025-12-15;1;0
1;2025-12-15;2;0
1;2025-12-15;3;0
1;2025-12-15;4;9
1;2025-12-15;5;135
1;2025-12-15;6;540
1;2025-12-15;7;1559
1;2025-12-15;8;1961
1;2025-12-15;9;1477
1;2025-12-15;10;1350
1;2025-12-15;11;1397
1;2025-12-15;12;1458
1;2025-12-15;13;1504
1;2025-12-15;14;1462
1;2025-12-15;15;1576
1;2025-12-15;16;1616
1;2025-12-15;17;1891
1;2025-12-15;18;1905
1;2025-12-15;19;1423
1;2025-12-15;20;914
1;2025-12-15;21;496
1;2025-12-15;22;183
1;2025-12-15;23;41
1;2025-12-16;0;4
1;2025-12-16;1;0
1;2025-12-16;2;0
1;2025-12-16;3;0
1;2025-12-16;4;10
1;2025-12-16;5;131
1;2025-12-16;6;549
1;2025-12-16;7;1591
1;2025-12-16;8;1986
1;2025-12-16;9;1540
1;2025-12-16;10;1409
1;2025-12-16;11;1444
1;2025-12-16;12;1491
1;2025-12-16;13;1533
1;2025-12-16;14;1461
1;2025-12-16;15;1566
1;2025-12-16;16;1608
1;2025-12-16;17;1884
1;2025-12-16;18;1883
1;2025-12-16;19;1432
1;2025-12-16;20;922
1;2025-12-16;21;509
1;2025-12-16;22;198
1;2025-12-16;23;46
1;2025-12-17;0;4
1;2025-12-17;1;0
1;2025-12-17;2;0
1;2025-12-17;3;0
1;2025-12-17;4;9
1;2025-12-17;5;135
1;2025-12-17;6;548
1;2025-12-17;7;1558
1;2025-12-17;8;1998
1;2025-12-17;9;1523
1;2025-12-17;10;1388
1;2025-12-17;11;1440
1;2025-12-17;12;1481
1;2025-12-17;13;1548
1;2025-12-17;14;1468
1;2025-12-17;15;1594
1;2025-12-17;16;1611
1;2025-12-17;17;1882
1;2025-12-17;18;1878
1;2025-12-17;19;1417
1;2025-12-17;20;917
1;2025-12-17;21;510
1;2025-12-17;22;203
1;2025-12-17;23;44
1;2025-12-18;0;5
1;2025-12-18;1;0
1;2025-12-18;2;0
1;2025-12-18;3;0
1;2025-12-18;4;9
1;2025-12-18;5;129
1;2025-12-18;6;535
1;2025-12-18;7;1561
1;2025-12-18;8;1997
1;2025-12-18;9;1518
1;2025-12-18;10;1404
1;2025-12-18;11;1432
1;2025-12-18;12;1496
1;2025-12-18;13;1534
1;2025-12-18;14;1472
1;2025-12-18;15;1589
1;2025-12-18;16;1627
1;2025-12-18;17;1876
1;2025-12-18;18;1887
1;2025-12-18;19;1394
1;2025-12-18;20;920
1;2025-12-18;21;509
1;2025-12-18;22;198
1;2025-12-18;23;45
1;2025-12-19;0;6
1;2025-12-19;1;0
1;2025-12-19;2;0
1;2025-12-19;3;0
1;2025-12-19;4;8
1;2025-12-19;5;137
1;2025-12-19;6;536
1;2025-12-19;7;1559
1;2025-12-19;8;1930
1;2025-12-19;9;1502
1;2025-12-19;10;1378
1;2025-12-19;11;1452
1;2025-12-19;12;1474
1;2025-12-19;13;1529
1;2025-12-19;14;1478
1;2025-12-19;15;1606
1;2025-12-19;16;1668
1;2025-12-19;17;1874
1;2025-12-19;18;1714
1;2025-12-19;19;1303
1;2025-12-19;20;868
1;2025-12-19;21;513
1;2025-12-19;22;207
1;2025-12-19;23;51
1;2025-12-20;0;5
1;2025-12-20;1;0
1;2025-12-20;2;0
1;2025-12-20;3;0
1;2025-12-20;4;0
1;2025-12-20;5;31
1;2025-12-20;6;166
1;2025-12-20;7;366
1;2025-12-20;8;505
1;2025-12-20;9;773
1;2025-12-20;10;926
1;2025-12-20;11;934
1;2025-12-20;12;1107
1;2025-12-20;13;1174
1;2025-12-20;14;1078
1;2025-12-20;15;963
1;2025-12-20;16;827
1;2025-12-20;17;765
1;2025-12-20;18;643
1;2025-12-20;19;572
1;2025-12-20;20;447
1;2025-12-20;21;317
1;2025-12-20;22;126
1;2025-12-20;23;30
1;2025-12-21;0;0
1;2025-12-21;1;0
1;2025-12-21;2;0
1;2025-12-21;3;0
1;2025-12-21;4;0
1;2025-12-21;5;24
1;2025-12-21;6;121
1;2025-12-21;7;267
1;2025-12-21;8;360
1;2025-12-21;9;619
1;2025-12-21;10;705
1;2025-12-21;11;754
1;2025-12-21;12;851
1;2025-12-21;13;888
1;2025-12-21;14;839
1;2025-12-21;15;756
1;2025-12-21;16;678
1;2025-12-21;17;622
1;2025-12-21;18;538
1;2025-12-21;19;466
1;2025-12-21;20;347
1;2025-12-21;21;275
1;2025-12-21;22;105
1;2025-12-21;23;30
1;2025-12-22;0;2
1;2025-12-22;1;0
1;2025-12-22;2;0
1;2025-12-22;3;0
1;2025-12-22;4;10
1;2025-12-22;5;133
1;2025-12-22;6;533
1;2025-12-22;7;1537
1;2025-12-22;8;1939
1;2025-12-22;9;1464
1;2025-12-22;10;1333
1;2025-12-22;11;1378
1;2025-12-22;12;1435
1;2025-12-22;13;1479
1;2025-12-22;14;1442
1;2025-12-22;15;1557
1;2025-12-22;16;1591
1;2025-12-22;17;1864
1;2025-12-22;18;1875
1;2025-12-22;19;1397
1;2025-12-22;20;898
1;2025-12-22;21;491
1;2025-12-22;22;181
1;2025-12-22;23;40
1;2025-12-23;0;5
1;2025-12-23;1;0
1;2025-12-23;2;0
1;2025-12-23;3;0
1;2025-12-23;4;10
1;2025-12-23;5;133
1;2025-12-23;6;554
1;2025-12-23;7;1581
1;2025-12-23;8;1958
1;2025-12-23;9;1523
1;2025-12-23;10;1397
1;2025-12-23;11;1437
1;2025-12-23;12;1489
1;2025-12-23;13;1531
1;2025-12-23;14;1454
1;2025-12-23;15;1559
1;2025-12-23;16;1597
1;2025-12-23;17;1868
1;2025-12-23;18;1863
1;2025-12-23;19;1418
1;2025-12-23;20;910
1;2025-12-23;21;506
1;2025-12-23;22;198
1;2025-12-23;23;46
1;2025-12-24;0;4
1;2025-12-24;1;0
1;2025-12-24;2;0
1;2025-12-24;3;0
1;2025-12-24;4;9
1;2025-12-24;5;138
1;2025-12-24;6;555
1;2025-12-24;7;1549
1;2025-12-24;8;1968
1;2025-12-24;9;1507
1;2025-12-24;10;1378
1;2025-12-24;11;1434
1;2025-12-24;12;1480
1;2025-12-24;13;1546
1;2025-12-24;14;1458
1;2025-12-24;15;1583
1;2025-12-24;16;1602
1;2025-12-24;17;1865
1;2025-12-24;18;1860
1;2025-12-24;19;1405
1;2025-12-24;20;928
1;2025-12-24;21;512
1;2025-12-24;22;212
1;2025-12-24;23;47
1;2025-12-25;0;6
1;2025-12-25;1;0
1;2025-12-25;2;0
1;2025-12-25;3;0
1;2025-12-25;4;9
1;2025-12-25;5;129
1;2025-12-25;6;533
1;2025-12-25;7;1537
1;2025-12-25;8;1957
1;2025-12-25;9;1495
1;2025-12-25;10;1385
1;2025-12-25;11;1416
1;2025-12-25;12;1476
1;2025-12-25;13;1510
1;2025-12-25;14;1450
1;2025-12-25;15;1566
1;2025-12-25;16;1600
1;2025-12-25;17;1841
1;2025-12-25;18;1848
1;2025-12-25;19;1363
1;2025-12-25;20;900
1;2025-12-25;21;501
1;2025-12-25;22;200
1;2025-12-25;23;43
1;2025-12-26;0;5
1;2025-12-26;1;0
1;2025-12-26;2;0
1;2025-12-26;3;0
1;2025-12-26;4;7
1;2025-12-26;5;133
1;2025-12-26;6;519
1;2025-12-26;7;1500
1;2025-12-26;8;1854
1;2025-12-26;9;1447
1;2025-12-26;10;1328
1;2025-12-26;11;1399
1;2025-12-26;12;1417
1;2025-12-26;13;1464
1;2025-12-26;14;1419
1;2025-12-26;15;1546
1;2025-12-26;16;1603
1;2025-12-26;17;1798
1;2025-12-26;18;1645
1;2025-12-26;19;1251
1;2025-12-26;20;833
1;2025-12-26;21;493
1;2025-12-26;22;202
1;2025-12-26;23;53
1;2025-12-27;0;5
1;2025-12-27;1;0
1;2025-12-27;2;0
1;2025-12-27;3;0
1;2025-12-27;4;0
1;2025-12-27;5;30
1;2025-12-27;6;165
1;2025-12-27;7;361
1;2025-12-27;8;499
1;2025-12-27;9;765
1;2025-12-27;10;913
1;2025-12-27;11;918
1;2025-12-27;12;1093
1;2025-12-27;13;1159
1;2025-12-27;14;1064
1;2025-12-27;15;949
1;2025-12-27;16;818
1;2025-12-27;17;756
1;2025-12-27;18;634
1;2025-12-27;19;565
1;2025-12-27;20;440
1;2025-12-27;21;312
1;2025-12-27;22;126
1;2025-12-27;23;32
1;2025-12-28;0;0
1;2025-12-28;1;0
1;2025-12-28;2;0
1;2025-12-28;3;0
1;2025-12-28;4;0
1;2025-12-28;5;24
1;2025-12-28;6;122
1;2025-12-28;7;263
1;2025-12-28;8;353
1;2025-12-28;9;607
1;2025-12-28;10;688
1;2025-12-28;11;737
1;2025-12-28;12;833
1;2025-12-28;13;871
1;2025-12-28;14;824
1;2025-12-28;15;743
1;2025-12-28;16;665
1;2025-12-28;17;613
1;2025-12-28;18;528
1;2025-12-28;19;458
1;2025-12-28;20;341
1;2025-12-28;21;270
1;2025-12-28;22;105
1;2025-12-28;23;30
1;2025-12-29;0;2
1;2025-12-29;1;0
1;2025-12-29;2;0
1;2025-12-29;3;0
1;2025-12-29;4;7
1;2025-12-29;5;117
1;2025-12-29;6;471
1;2025-12-29;7;1341
1;2025-12-29;8;1683
1;2025-12-29;9;1277
1;2025-12-29;10;1165
1;2025-12-29;11;1208
1;2025-12-29;12;1258
1;2025-12-29;13;1293
1;2025-12-29;14;1260
1;2025-12-29;15;1361
1;2025-12-29;16;1389
1;2025-12-29;17;1625
1;2025-12-29;18;1634
1;2025-12-29;19;1217
1;2025-12-29;20;781
1;2025-12-29;21;427
1;2025-12-29;22;162
1;2025-12-29;23;37
1;2025-12-30;0;2
1;2025-12-30;1;0
1;2025-12-30;2;0
1;2025-12-30;3;0
1;2025-12-30;4;8
1;2025-12-30;5;115
1;2025-12-30;6;478
1;2025-12-30;7;1359
1;2025-12-30;8;1679
1;2025-12-30;9;1320
1;2025-12-30;10;1207
1;2025-12-30;11;1241
1;2025-12-30;12;1283
1;2025-12-30;13;1315
1;2025-12-30;14;1254
1;2025-12-30;15;1348
1;2025-12-30;16;1372
1;2025-12-30;17;1603
1;2025-12-30;18;1580
1;2025-12-30;19;1213
1;2025-12-30;20;783
1;2025-12-30;21;435
1;2025-12-30;22;174
1;2025-12-30;23;42
1;2025-12-31;0;0
1;2025-12-31;1;0
1;2025-12-31;2;0
1;2025-12-31;3;0
1;2025-12-31;4;0
1;2025-12-31;5;22
1;2025-12-31;6;109
1;2025-12-31;7;224
1;2025-12-31;8;304
1;2025-12-31;9;522
1;2025-12-31;10;587
1;2025-12-31;11;632
1;2025-12-31;12;712
1;2025-12-31;13;749
1;2025-12-31;14;705
1;2025-12-31;15;636
1;2025-12-31;16;566
1;2025-12-31;17;522
1;2025-12-31;18;456
1;2025-12-31;19;394
1;2025-12-31;20;0
1;2025-12-31;21;0
1;2025-12-31;22;0
1;2025-12-31;23;0
5;2025-11-01;0;0
5;2025-11-01;1;0
5;2025-11-01;2;0
5;2025-11-01;3;0
5;2025-11-01;4;0
5;2025-11-01;5;0
5;2025-11-01;6;0
5;2025-11-01;7;0
5;2025-11-01;8;0
5;2025-11-01;9;0
5;2025-11-01;10;0
5;2025-11-01;11;0
5;2025-11-01;12;0
5;2025-11-01;13;0
5;2025-11-01;14;0
5;2025-11-01;15;0
5;2025-11-01;16;0
5;2025-11-01;17;0
5;2025-11-01;18;0
5;2025-11-01;19;0
5;2025-11-01;20;0
5;2025-11-01;21;0
5;2025-11-01;22;0
5;2025-11-01;23;0
5;2025-11-02;0;0
5;2025-11-02;1;0
5;2025-11-02;2;0
5;2025-11-02;3;0
5;2025-11-02;4;0
5;2025-11-02;5;0
5;2025-11-02;6;0
5;2025-11-02;7;0
5;2025-11-02;8;0
5;2025-11-02;9;0
5;2025-11-02;10;0
5;2025-11-02;11;0
5;2025-11-02;12;0
5;2025-11-02;13;0
5;2025-11-02;14;0
5;2025-11-02;15;0
5;2025-11-02;16;0
5;2025-11-02;17;0
5;2025-11-02;18;0
5;2025-11-02;19;0
5;2025-11-02;20;0
5;2025-11-02;21;0
5;2025-11-02;22;0
5;2025-11-02;23;0
5;2025-11-03;0;0
5;2025-11-03;1;0
5;2025-11-03;2;0
5;2025-11-03;3;0
5;2025-11-03;4;0
5;2025-11-03;5;0
5;2025-11-03;6;0
5;2025-11-03;7;0
5;2025-11-03;8;0
5;2025-11-03;9;0
5;2025-11-03;10;0
5;2025-11-03;11;0
5;2025-11-03;12;0
5;2025-11-03;13;0
5;2025-11-03;14;0
5;2025-11-03;15;0
5;2025-11-03;16;0
5;2025-11-03;17;0
5;2025-11-03;18;0
5;2025-11-03;19;0
5;2025-11-03;20;0
5;2025-11-03;21;0
5;2025-11-03;22;0
5;2025-11-03;23;0
5;2025-11-04;0;0
5;2025-11-04;1;0
5;2025-11-04;2;0
5;2025-11-04;3;0
5;2025-11-04;4;0
5;2025-11-04;5;0
5;2025-11-04;6;0
5;2025-11-04;7;0
5;2025-11-04;8;0
5;2025-11-04;9;0
5;2025-11-04;10;0
5;2025-11-04;11;0
5;2025-11-04;12;0
5;2025-11-04;13;0
5;2025-11-04;14;0
5;2025-11-04;15;0
5;2025-11-04;16;0
5;2025-11-04;17;0
5;2025-11-04;18;0
5;2025-11-04;19;0
5;2025-11-04;20;0
5;2025-11-04;21;0
5;2025-11-04;22;0
5;2025-11-04;23;0
5;2025-11-05;0;0
5;2025-11-05;1;0
5;2025-11-05;2;0
5;2025-11-05;3;0
5;2025-11-05;4;0
5;2025-11-05;5;0
5;2025-11-05;6;0
5;2025-11-05;7;0
5;2025-11-05;8;0
5;2025-11-05;9;0
5;2025-11-05;10;0
5;2025-11-05;11;0
5;2025-11-05;12;0
5;2025-11-05;13;0
5;2025-11-05;14;0
5;2025-11-05;15;0
5;2025-11-05;16;0
5;2025-11-05;17;0
5;2025-11-05;18;0
5;2025-11-05;19;0
5;2025-11-05;20;0
5;2025-11-05;21;0
5;2025-11-05;22;0
5;2025-11-05;23;0
5;2025-11-06;0;0
5;2025-11-06;1;0
5;2025-11-06;2;0
5;2025-11-06;3;0
5;2025-11-06;4;0
5;2025-11-06;5;0
5;2025-11-06;6;0
5;2025-11-06;7;0
5;2025-11-06;8;0
5;2025-11-06;9;0
5;2025-11-06;10;0
5;2025-11-06;11;0
5;2025-11-06;12;0
5;2025-11-06;13;0
5;2025-11-06;14;0
5;2025-11-06;15;0
5;2025-11-06;16;0
5;2025-11-06;17;0
5;2025-11-06;18;0
5;2025-11-06;19;0
5;2025-11-06;20;0
5;2025-11-06;21;0
5;2025-11-06;22;0
5;2025-11-06;23;0
5;2025-11-07;0;0
5;2025-11-07;1;0
5;2025-11-07;2;0
5;2025-11-07;3;0
5;2025-11-07;4;0
5;2025-11-07;5;0
5;2025-11-07;6;0
5;2025-11-07;7;0
5;2025-11-07;8;0
5;2025-11-07;9;0
5;2025-11-07;10;0
5;2025-11-07;11;0
5;2025-11-07;12;0
5;2025-11-07;13;0
5;2025-11-07;14;0
5;2025-11-07;15;0
5;2025-11-07;16;0
5;2025-11-07;17;0
5;2025-11-07;18;0
5;2025-11-07;19;0
5;2025-11-07;20;0
5;2025-11-07;21;0
5;2025-11-07;22;0
5;2025-11-07;23;0
5;2025-11-08;0;0
5;2025-11-08;1;0
5;2025-11-08;2;0
5;2025-11-08;3;0
5;2025-11-08;4;0
5;2025-11-08;5;0
5;2025-11-08;6;0
5;2025-11-08;7;0
5;2025-11-08;8;0
5;2025-11-08;9;0
5;2025-11-08;10;0
5;2025-11-08;11;0
5;2025-11-08;12;0
5;2025-11-08;13;0
5;2025-11-08;14;0
5;2025-11-08;15;0
5;2025-11-08;16;0
5;2025-11-08;17;0
5;2025-11-08;18;0
5;2025-11-08;19;0
5;2025-11-08;20;0
5;2025-11-08;21;0
5;2025-11-08;22;0
5;2025-11-08;23;0
5;2025-11-09;0;0
5;2025-11-09;1;0
5;2025-11-09;2;0
5;2025-11-09;3;0
5;2025-11-09;4;0
5;2025-11-09;5;0
5;2025-11-09;6;0
5;2025-11-09;7;0
5;2025-11-09;8;0
5;2025-11-09;9;0
5;2025-11-09;10;0
5;2025-11-09;11;0
5;2025-11-09;12;0
5;2025-11-09;13;0
5;2025-11-09;14;0
5;2025-11-09;15;0
5;2025-11-09;16;0
5;2025-11-09;17;0
5;2025-11-09;18;0
5;2025-11-09;19;0
5;2025-11-09;20;0
5;2025-11-09;21;0
5;2025-11-09;22;0
5;2025-11-09;23;0
5;2025-11-10;0;0
5;2025-11-10;1;0
5;2025-11-10;2;0
5;2025-11-10;3;0
5;2025-11-10;4;0
5;2025-11-10;5;0
5;2025-11-10;6;0
5;2025-11-10;7;0
5;2025-11-10;8;0
5;2025-11-10;9;0
5;2025-11-10;10;0
5;2025-11-10;11;0
5;2025-11-10;12;0
5;2025-11-10;13;0
5;2025-11-10;14;0
5;2025-11-10;15;0
5;2025-11-10;16;0
5;2025-11-10;17;0
5;2025-11-10;18;0
5;2025-11-10;19;0
5;2025-11-10;20;0
5;2025-11-10;21;0
5;2025-11-10;22;0
5;2025-11-10;23;0
5;2025-11-11;0;0
5;2025-11-11;1;0
5;2025-11-11;2;0
5;2025-11-11;3;0
5;2025-11-11;4;0
5;2025-11-11;5;0
5;2025-11-11;6;0
5;2025-11-11;7;0
5;2025-11-11;8;0
5;2025-11-11;9;0
5;2025-11-11;10;0
5;2025-11-11;11;0
5;2025-11-11;12;0
5;2025-11-11;13;0
5;2025-11-11;14;0
5;2025-11-11;15;0
5;2025-11-11;16;0
5;2025-11-11;17;0
5;2025-11-11;18;0
5;2025-11-11;19;0
5;2025-11-11;20;0
5;2025-11-11;21;0
5;2025-11-11;22;0
5;2025-11-11;23;0
5;2025-11-12;0;0
5;2025-11-12;1;0
5;2025-11-12;2;0
5;2025-11-12;3;0
5;2025-11-12;4;0
5;2025-11-12;5;0
5;2025-11-12;6;0
5;2025-11-12;7;0
5;2025-11-12;8;0
5;2025-11-12;9;0
5;2025-11-12;10;0
5;2025-11-12;11;0
5;2025-11-12;12;0
5;2025-11-12;13;0
5;2025-11-12;14;0
5;2025-11-12;15;0
5;2025-11-12;16;0
5;2025-11-12;17;0
5;2025-11-12;18;0
5;2025-11-12;19;0
5;2025-11-12;20;0
5;2025-11-12;21;0
5;2025-11-12;22;0
5;2025-11-12;23;0
5;2025-11-13;0;0
5;2025-11-13;1;0
5;2025-11-13;2;0
5;2025-11-13;3;0
5;2025-11-13;4;0
5;2025-11-13;5;0
5;2025-11-13;6;0
5;2025-11-13;7;0
5;2025-11-13;8;0
5;2025-11-13;9;0
5;2025-11-13;10;0
5;2025-11-13;11;0
5;2025-11-13;12;0
5;2025-11-13;13;0
5;2025-11-13;14;0
5;2025-11-13;15;0
5;2025-11-13;16;0
5;2025-11-13;17;0
5;2025-11-13;18;0
5;2025-11-13;19;0
5;2025-11-13;20;0
5;2025-11-13;21;0
5;2025-11-13;22;0
5;2025-11-13;23;0
5;2025-11-14;0;0
5;2025-11-14;1;0
5;2025-11-14;2;0
5;2025-11-14;3;0
5;2025-11-14;4;0
5;2025-11-14;5;0
5;2025-11-14;6;0
5;2025-11-14;7;0
5;2025-11-14;8;0
5;2025-11-14;9;0
5;2025-11-14;10;0
5;2025-11-14;11;0
5;2025-11-14;12;0
5;2025-11-14;13;0
5;2025-11-14;14;0
5;2025-11-14;15;0
5;2025-11-14;16;0
5;2025-11-14;17;0
5;2025-11-14;18;0
5;2025-11-14;19;0
5;2025-11-14;20;0
5;2025-11-14;21;0
5;2025-11-14;22;0
5;2025-11-14;23;0
5;2025-11-15;0;0
5;2025-11-15;1;0
5;2025-11-15;2;0
5;2025-11-15;3;0
5;2025-11-15;4;0
5;2025-11-15;5;0
5;2025-11-15;6;0
5;2025-11-15;7;0
5;2025-11-15;8;0
5;2025-11-15;9;0
5;2025-11-15;10;0
5;2025-11-15;11;0
5;2025-11-15;12;0
5;2025-11-15;13;0
5;2025-11-15;14;0
5;2025-11-15;15;0
5;2025-11-15;16;0
5;2025-11-15;17;0
5;2025-11-15;18;0
5;2025-11-15;19;0
5;2025-11-15;20;0
5;2025-11-15;21;0
5;2025-11-15;22;0
5;2025-11-15;23;0
5;2025-11-16;0;0
5;2025-11-16;1;0
5;2025-11-16;2;0
5;2025-11-16;3;0
5;2025-11-16;4;0
5;2025-11-16;5;0
5;2025-11-16;6;0
5;2025-11-16;7;0
5;2025-11-16;8;0
5;2025-11-16;9;0
5;2025-11-16;10;0
5;2025-11-16;11;0
5;2025-11-16;12;0
5;2025-11-16;13;0
5;2025-11-16;14;0
5;2025-11-16;15;0
5;2025-11-16;16;0
5;2025-11-16;17;0
5;2025-11-16;18;0
5;2025-11-16;19;0
5;2025-11-16;20;0
5;2025-11-16;21;0
5;2025-11-16;22;0
5;2025-11-16;23;0
5;2025-11-17;0;0
5;2025-11-17;1;0
5;2025-11-17;2;0
5;2025-11-17;3;0
5;2025-11-17;4;0
5;2025-11-17;5;0
5;2025-11-17;6;0
5;2025-11-17;7;0
5;2025-11-17;8;0
5;2025-11-17;9;0
5;2025-11-17;10;0
5;2025-11-17;11;0
5;2025-11-17;12;0
5;2025-11-17;13;0
5;2025-11-17;14;0
5;2025-11-17;15;0
5;2025-11-17;16;0
5;2025-11-17;17;0
5;2025-11-17;18;0
5;2025-11-17;19;0
5;2025-11-17;20;0
5;2025-11-17;21;0
5;2025-11-17;22;0
5;2025-11-17;23;0
5;2025-11-18;0;0
5;2025-11-18;1;0
5;2025-11-18;2;0
5;2025-11-18;3;0
5;2025-11-18;4;0
5;2025-11-18;5;0
5;2025-11-18;6;0
5;2025-11-18;7;0
5;2025-11-18;8;0
5;2025-11-18;9;0
5;2025-11-18;10;0
5;2025-11-18;11;0
5;2025-11-18;12;0
5;2025-11-18;13;0
5;2025-11-18;14;0
5;2025-11-18;15;0
5;2025-11-18;16;0
5;2025-11-18;17;0
5;2025-11-18;18;0
5;2025-11-18;19;0
5;2025-11-18;20;0
5;2025-11-18;21;0
5;2025-11-18;22;0
5;2025-11-18;23;0
5;2025-11-19;0;0
5;2025-11-19;1;0
5;2025-11-19;2;0
5;2025-11-19;3;0
5;2025-11-19;4;0
5;2025-11-19;5;0
5;2025-11-19;6;0
5;2025-11-19;7;0
5;2025-11-19;8;0
5;2025-11-19;9;0
5;2025-11-19;10;0
5;2025-11-19;11;0
5;2025-11-19;12;0
5;2025-11-19;13;0
5;2025-11-19;14;0
5;2025-11-19;15;0
5;2025-11-19;16;0
5;2025-11-19;17;0
5;2025-11-19;18;0
5;2025-11-19;19;0
5;2025-11-19;20;0
5;2025-11-19;21;0
5;2025-11-19;22;0
5;2025-11-19;23;0
5;2025-11-20;0;0
5;2025-11-20;1;0
5;2025-11-20;2;0
5;2025-11-20;3;0
5;2025-11-20;4;0
5;2025-11-20;5;0
5;2025-11-20;6;0
5;2025-11-20;7;0
5;2025-11-20;8;0
5;2025-11-20;9;0
5;2025-11-20;10;0
5;2025-11-20;11;0
5;2025-11-20;12;0
5;2025-11-20;13;0
5;2025-11-20;14;0
5;2025-11-20;15;0
5;2025-11-20;16;0
5;2025-11-20;17;0
5;2025-11-20;18;0
5;2025-11-20;19;0
5;2025-11-20;20;0
5;2025-11-20;21;0
5;2025-11-20;22;0
5;2025-11-20;23;0
5;2025-11-21;0;0
5;2025-11-21;1;0
5;2025-11-21;2;0
5;2025-11-21;3;0
5;2025-11-21;4;0
5;2025-11-21;5;0
5;2025-11-21;6;0
5;2025-11-21;7;0
5;2025-11-21;8;0
5;2025-11-21;9;0
5;2025-11-21;10;0
5;2025-11-21;11;0
5;2025-11-21;12;0
5;2025-11-21;13;0
5;2025-11-21;14;0
5;2025-11-21;15;0
5;2025-11-21;16;0
5;2025-11-21;17;0
5;2025-11-21;18;0
5;2025-11-21;19;0
5;2025-11-21;20;0
5;2025-11-21;21;0
5;2025-11-21;22;0
5;2025-11-21;23;0
5;2025-11-22;0;0
5;2025-11-22;1;0
5;2025-11-22;2;0
5;2025-11-22;3;0
5;2025-11-22;4;0
5;2025-11-22;5;0
5;2025-11-22;6;0
5;2025-11-22;7;0
5;2025-11-22;8;0
5;2025-11-22;9;0
5;2025-11-22;10;0
5;2025-11-22;11;0
5;2025-11-22;12;0
5;2025-11-22;13;0
5;2025-11-22;14;0
5;2025-11-22;15;0
5;2025-11-22;16;0
5;2025-11-22;17;0
5;2025-11-22;18;0
5;2025-11-22;19;0
5;2025-11-22;20;0
5;2025-11-22;21;0
5;2025-11-22;22;0
5;2025-11-22;23;0
5;2025-11-23;0;0
5;2025-11-23;1;0
5;2025-11-23;2;0
5;2025-11-23;3;0
5;2025-11-23;4;0
5;2025-11-23;5;0
5;2025-11-23;6;0
5;2025-11-23;7;0
5;2025-11-23;8;0
5;2025-11-23;9;0
5;2025-11-23;10;0
5;2025-11-23;11;0
5;2025-11-23;12;0
5;2025-11-23;13;0
5;2025-11-23;14;0
5;2025-11-23;15;0
5;2025-11-23;16;0
5;2025-11-23;17;0
5;2025-11-23;18;0
5;2025-11-23;19;0
5;2025-11-23;20;0
5;2025-11-23;21;0
5;2025-11-23;22;0
5;2025-11-23;23;0
5;2025-11-24;0;0
5;2025-11-24;1;0
5;2025-11-24;2;0
5;2025-11-24;3;0
5;2025-11-24;4;0
5;2025-11-24;5;0
5;2025-11-24;6;0
5;2025-11-24;7;0
5;2025-11-24;8;0
5;2025-11-24;9;0
5;2025-11-24;10;0
5;2025-11-24;11;0
5;2025-11-24;12;0
5;2025-11-24;13;0
5;2025-11-24;14;0
5;2025-11-24;15;0
5;2025-11-24;16;0
5;2025-11-24;17;0
5;2025-11-24;18;0
5;2025-11-24;19;0
5;2025-11-24;20;0
5;2025-11-24;21;0
5;2025-11-24;22;0
5;2025-11-24;23;0
5;2025-11-25;0;0
5;2025-11-25;1;0
5;2025-11-25;2;0
5;2025-11-25;3;0
5;2025-11-25;4;0
5;2025-11-25;5;0
5;2025-11-25;6;0
5;2025-11-25;7;0
5;2025-11-25;8;0
5;2025-11-25;9;0
5;2025-11-25;10;0
5;2025-11-25;11;0
5;2025-11-25;12;0
5;2025-11-25;13;0
5;2025-11-25;14;0
5;2025-11-25;15;0
5;2025-11-25;16;0
5;2025-11-25;17;0
5;2025-11-25;18;0
5;2025-11-25;19;0
5;2025-11-25;20;0
5;2025-11-25;21;0
5;2025-11-25;22;0
5;2025-11-25;23;0
5;2025-11-26;0;0
5;2025-11-26;1;0
5;2025-11-26;2;0
5;2025-11-26;3;0
5;2025-11-26;4;0
5;2025-11-26;5;0
5;2025-11-26;6;0
5;2025-11-26;7;0
5;2025-11-26;8;0
5;2025-11-26;9;0
5;2025-11-26;10;0
5;2025-11-26;11;0
5;2025-11-26;12;0
5;2025-11-26;13;0
5;2025-11-26;14;0
5;2025-11-26;15;0
5;2025-11-26;16;0
5;2025-11-26;17;0
5;2025-11-26;18;0
5;2025-11-26;19;0
5;2025-11-26;20;0
5;2025-11-26;21;0
5;2025-11-26;22;0
5;2025-11-26;23;0
5;2025-11-27;0;0
5;2025-11-27;1;0
5;2025-11-27;2;0
5;2025-11-27;3;0
5;2025-11-27;4;0
5;2025-11-27;5;0
5;2025-11-27;6;0
5;2025-11-27;7;0
5;2025-11-27;8;0
5;2025-11-27;9;0
5;2025-11-27;10;0
5;2025-11-27;11;0
5;2025-11-27;12;0
5;2025-11-27;13;0
5;2025-11-27;14;0
5;2025-11-27;15;0
5;2025-11-27;16;0
5;2025-11-27;17;0
5;2025-11-27;18;0
5;2025-11-27;19;0
5;2025-11-27;20;0
5;2025-11-27;21;0
5;2025-11-27;22;0
5;2025-11-27;23;0
5;2025-11-28;0;0
5;2025-11-28;1;0
5;2025-11-28;2;0
5;2025-11-28;3;0
5;2025-11-28;4;0
5;2025-11-28;5;0
5;2025-11-28;6;0
5;2025-11-28;7;0
5;2025-11-28;8;0
5;2025-11-28;9;0
5;2025-11-28;10;0
5;2025-11-28;11;0
5;2025-11-28;12;0
5;2025-11-28;13;0
5;2025-11-28;14;0
5;2025-11-28;15;0
5;2025-11-28;16;0
5;2025-11-28;17;0
5;2025-11-28;18;0
5;2025-11-28;19;0
5;2025-11-28;20;0
5;2025-11-28;21;0
5;2025-11-28;22;0
5;2025-11-28;23;0
5;2025-11-29;0;0
5;2025-11-29;1;0
5;2025-11-29;2;0
5;2025-11-29;3;0
5;2025-11-29;4;0
5;2025-11-29;5;0
5;2025-11-29;6;0
5;2025-11-29;7;0
5;2025-11-29;8;0
5;2025-11-29;9;0
5;2025-11-29;10;0
5;2025-11-29;11;0
5;2025-11-29;12;0
5;2025-11-29;13;0
5;2025-11-29;14;0
5;2025-11-29;15;0
5;2025-11-29;16;0
5;2025-11-29;17;0
5;2025-11-29;18;0
5;2025-11-29;19;0
5;2025-11-29;20;0
5;2025-11-29;21;0
5;2025-11-29;22;0
5;2025-11-29;23;0
5;2025-11-30;0;0
5;2025-11-30;1;0
5;2025-11-30;2;0
5;2025-11-30;3;0
5;2025-11-30;4;0
5;2025-11-30;5;0
5;2025-11-30;6;0
5;2025-11-30;7;0
5;2025-11-30;8;0
5;2025-11-30;9;0
5;2025-11-30;10;0
5;2025-11-30;11;0
5;2025-11-30;12;0
5;2025-11-30;13;0
5;2025-11-30;14;0
5;2025-11-30;15;0
5;2025-11-30;16;0
5;2025-11-30;17;0
5;2025-11-30;18;0
5;2025-11-30;19;0
5;2025-11-30;20;0
5;2025-11-30;21;0
5;2025-11-30;22;0
5;2025-11-30;23;0
5;2025-12-01;0;0
5;2025-12-01;1;0
5;2025-12-01;2;0
5;2025-12-01;3;0
5;2025-12-01;4;0
5;2025-12-01;5;0
5;2025-12-01;6;0
5;2025-12-01;7;0
5;2025-12-01;8;0
5;2025-12-01;9;0
5;2025-12-01;10;0
5;2025-12-01;11;0
5;2025-12-01;12;0
5;2025-12-01;13;0
5;2025-12-01;14;0
5;2025-12-01;15;0
5;2025-12-01;16;0
5;2025-12-01;17;0
5;2025-12-01;18;0
5;2025-12-01;19;0
5;2025-12-01;20;0
5;2025-12-01;21;0
5;2025-12-01;22;0
5;2025-12-01;23;0
5;2025-12-02;0;0
5;2025-12-02;1;0
5;2025-12-02;2;0
5;2025-12-02;3;0
5;2025-12-02;4;0
5;2025-12-02;5;0
5;2025-12-02;6;0
5;2025-12-02;7;0
5;2025-12-02;8;0
5;2025-12-02;9;0
5;2025-12-02;10;0
5;2025-12-02;11;0
5;2025-12-02;12;0
5;2025-12-02;13;0
5;2025-12-02;14;0
5;2025-12-02;15;0
5;2025-12-02;16;0
5;2025-12-02;17;0
5;2025-12-02;18;0
5;2025-12-02;19;0
5;2025-12-02;20;0
5;2025-12-02;21;0
5;2025-12-02;22;0
5;2025-12-02;23;0
5;2025-12-03;0;0
5;2025-12-03;1;0
5;2025-12-03;2;0
5;2025-12-03;3;0
5;2025-12-03;4;0
5;2025-12-03;5;0
5;2025-12-03;6;0
5;2025-12-03;7;0
5;2025-12-03;8;0
5;2025-12-03;9;0
5;2025-12-03;10;0
5;2025-12-03;11;0
5;2025-12-03;12;0
5;2025-12-03;13;0
5;2025-12-03;14;0
5;2025-12-03;15;0
5;2025-12-03;16;0
5;2025-12-03;17;0
5;2025-12-03;18;0
5;2025-12-03;19;0
5;2025-12-03;20;0
5;2025-12-03;21;0
5;2025-12-03;22;0
5;2025-12-03;23;0
5;2025-12-04;0;0
5;2025-12-04;1;0
5;2025-12-04;2;0
5;2025-12-04;3;0
5;2025-12-04;4;0
5;2025-12-04;5;0
5;2025-12-04;6;0
5;2025-12-04;7;0
5;2025-12-04;8;0
5;2025-12-04;9;0
5;2025-12-04;10;0
5;2025-12-04;11;0
5;2025-12-04;12;0
5;2025-12-04;13;0
5;2025-12-04;14;0
5;2025-12-04;15;0
5;2025-12-04;16;0
5;2025-12-04;17;0
5;2025-12-04;18;0
5;2025-12-04;19;0
5;2025-12-04;20;0
5;2025-12-04;21;0
5;2025-12-04;22;0
5;2025-12-04;23;0
5;2025-12-05;0;0
5;2025-12-05;1;0
5;2025-12-05;2;0
5;2025-12-05;3;0
5;2025-12-05;4;0
5;2025-12-05;5;0
5;2025-12-05;6;0
5;2025-12-05;7;0
5;2025-12-05;8;0
5;2025-12-05;9;0
5;2025-12-05;10;0
5;2025-12-05;11;0
5;2025-12-05;12;0
5;2025-12-05;13;0
5;2025-12-05;14;0
5;2025-12-05;15;0
5;2025-12-05;16;0
5;2025-12-05;17;0
5;2025-12-05;18;0
5;2025-12-05;19;0
5;2025-12-05;20;0
5;2025-12-05;21;0
5;2025-12-05;22;0
5;2025-12-05;23;0
5;2025-12-06;0;0
5;2025-12-06;1;0
5;2025-12-06;2;0
5;2025-12-06;3;0
5;2025-12-06;4;0
5;2025-12-06;5;0
5;2025-12-06;6;0
5;2025-12-06;7;0
5;2025-12-06;8;0
5;2025-12-06;9;0
5;2025-12-06;10;0
5;2025-12-06;11;0
5;2025-12-06;12;0
5;2025-12-06;13;0
5;2025-12-06;14;0
5;2025-12-06;15;0
5;2025-12-06;16;0
5;2025-12-06;17;0
5;2025-12-06;18;0
5;2025-12-06;19;0
5;2025-12-06;20;0
5;2025-12-06;21;0
5;2025-12-06;22;0
5;2025-12-06;23;0
5;2025-12-07;0;0
5;2025-12-07;1;0
5;2025-12-07;2;0
5;2025-12-07;3;0
5;2025-12-07;4;0
5;2025-12-07;5;0
5;2025-12-07;6;0
5;2025-12-07;7;0
5;2025-12-07;8;0
5;2025-12-07;9;0
5;2025-12-07;10;0
5;2025-12-07;11;0
5;2025-12-07;12;0
5;2025-12-07;13;0
5;2025-12-07;14;0
5;2025-12-07;15;0
5;2025-12-07;16;0
5;2025-12-07;17;0
5;2025-12-07;18;0
5;2025-12-07;19;0
5;2025-12-07;20;0
5;2025-12-07;21;0
5;2025-12-07;22;0
5;2025-12-07;23;0
5;2025-12-08;0;0
5;2025-12-08;1;0
5;2025-12-08;2;0
5;2025-12-08;3;0
5;2025-12-08;4;0
5;2025-12-08;5;0
5;2025-12-08;6;0
5;2025-12-08;7;0
5;2025-12-08;8;0
5;2025-12-08;9;0
5;2025-12-08;10;0
5;2025-12-08;11;0
5;2025-12-08;12;0
5;2025-12-08;13;0
5;2025-12-08;14;0
5;2025-12-08;15;0
5;2025-12-08;16;0
5;2025-12-08;17;0
5;2025-12-08;18;0
5;2025-12-08;19;0
5;2025-12-08;20;0
5;2025-12-08;21;0
5;2025-12-08;22;0
5;2025-12-08;23;0
5;2025-12-09;0;0
5;2025-12-09;1;0
5;2025-12-09;2;0
5;2025-12-09;3;0
5;2025-12-09;4;0
5;2025-12-09;5;0
5;2025-12-09;6;0
5;2025-12-09;7;0
5;2025-12-09;8;0
5;2025-12-09;9;0
5;2025-12-09;10;0
5;2025-12-09;11;0
5;2025-12-09;12;0
5;2025-12-09;13;0
5;2025-12-09;14;0
5;2025-12-09;15;0
5;2025-12-09;16;0
5;2025-12-09;17;0
5;2025-12-09;18;0
5;2025-12-09;19;0
5;2025-12-09;20;0
5;2025-12-09;21;0
5;2025-12-09;22;0
5;2025-12-09;23;0
5;2025-12-10;0;0
5;2025-12-10;1;0
5;2025-12-10;2;0
5;2025-12-10;3;0
5;2025-12-10;4;0
5;2025-12-10;5;0
5;2025-12-10;6;0
5;2025-12-10;7;0
5;2025-12-10;8;0
5;2025-12-10;9;0
5;2025-12-10;10;0
5;2025-12-10;11;0
5;2025-12-10;12;0
5;2025-12-10;13;0
5;2025-12-10;14;0
5;2025-12-10;15;0
5;2025-12-10;16;0
5;2025-12-10;17;0
5;2025-12-10;18;0
5;2025-12-10;19;0
5;2025-12-10;20;0
5;2025-12-10;21;0
5;2025-12-10;22;0
5;2025-12-10;23;0
5;2025-12-11;0;0
5;2025-12-11;1;0
5;2025-12-11;2;0
5;2025-12-11;3;0
5;2025-12-11;4;0
5;2025-12-11;5;0
5;2025-12-11;6;0
5;2025-12-11;7;0
5;2025-12-11;8;0
5;2025-12-11;9;0
5;2025-12-11;10;0
5;2025-12-11;11;0
5;2025-12-11;12;0
5;2025-12-11;13;0
5;2025-12-11;14;0
5;2025-12-11;15;0
5;2025-12-11;16;0
5;2025-12-11;17;0
5;2025-12-11;18;0
5;2025-12-11;19;0
5;2025-12-11;20;0
5;2025-12-11;21;0
5;2025-12-11;22;0
5;2025-12-11;23;0
5;2025-12-12;0;0
5;2025-12-12;1;0
5;2025-12-12;2;0
5;2025-12-12;3;0
5;2025-12-12;4;0
5;2025-12-12;5;0
5;2025-12-12;6;0
5;2025-12-12;7;0
5;2025-12-12;8;0
5;2025-12-12;9;0
5;2025-12-12;10;0
5;2025-12-12;11;0
5;2025-12-12;12;0
5;2025-12-12;13;0
5;2025-12-12;14;0
5;2025-12-12;15;0
5;2025-12-12;16;0
5;2025-12-12;17;0
5;2025-12-12;18;0
5;2025-12-12;19;0
5;2025-12-12;20;0
5;2025-12-12;21;0
5;2025-12-12;22;0
5;2025-12-12;23;0
5;2025-12-13;0;0
5;2025-12-13;1;0
5;2025-12-13;2;0
5;2025-12-13;3;0
5;2025-12-13;4;0
5;2025-12-13;5;0
5;2025-12-13;6;0
5;2025-12-13;7;0
5;2025-12-13;8;0
5;2025-12-13;9;0
5;2025-12-13;10;0
5;2025-12-13;11;0
5;2025-12-13;12;0
5;2025-12-13;13;0
5;2025-12-13;14;0
5;2025-12-13;15;0
5;2025-12-13;16;0
5;2025-12-13;17;0
5;2025-12-13;18;0
5;2025-12-13;19;0
5;2025-12-13;20;0
5;2025-12-13;21;0
5;2025-12-13;22;0
5;2025-12-13;23;0
5;2025-12-14;0;0
5;2025-12-14;1;0
5;2025-12-14;2;0
5;2025-12-14;3;0
5;2025-12-14;4;0
5;2025-12-14;5;0
5;2025-12-14;6;0
5;2025-12-14;7;0
5;2025-12-14;8;0
5;2025-12-14;9;0
5;2025-12-14;10;0
5;2025-12-14;11;0
5;2025-12-14;12;0
5;2025-12-14;13;0
5;2025-12-14;14;0
5;2025-12-14;15;0
5;2025-12-14;16;0
5;2025-12-14;17;0
5;2025-12-14;18;0
5;2025-12-14;19;0
5;2025-12-14;20;0
5;2025-12-14;21;0
5;2025-12-14;22;0
5;2025-12-14;23;0
5;2025-12-15;0;0
5;2025-12-15;1;0
5;2025-12-15;2;0
5;2025-12-15;3;0
5;2025-12-15;4;0
5;2025-12-15;5;0
5;2025-12-15;6;0
5;2025-12-15;7;0
5;2025-12-15;8;0
5;2025-12-15;9;0
5;2025-12-15;10;0
5;2025-12-15;11;0
5;2025-12-15;12;0
5;2025-12-15;13;0
5;2025-12-15;14;0
5;2025-12-15;15;0
5;2025-12-15;16;0
5;2025-12-15;17;0
5;2025-12-15;18;0
5;2025-12-15;19;0
5;2025-12-15;20;0
5;2025-12-15;21;0
5;2025-12-15;22;0
5;2025-12-15;23;0
5;2025-12-16;0;0
5;2025-12-16;1;0
5;2025-12-16;2;0
5;2025-12-16;3;0
5;2025-12-16;4;0
5;2025-12-16;5;0
5;2025-12-16;6;0
5;2025-12-16;7;0
5;2025-12-16;8;0
5;2025-12-16;9;0
5;2025-12-16;10;0
5;2025-12-16;11;0
5;2025-12-16;12;0
5;2025-12-16;13;0
5;2025-12-16;14;0
5;2025-12-16;15;0
5;2025-12-16;16;0
5;2025-12-16;17;0
5;2025-12-16;18;576
5;2025-12-16;19;342
5;2025-12-16;20;232
5;2025-12-16;21;156
5;2025-12-16;22;63
5;2025-12-16;23;37
5;2025-12-17;0;7
5;2025-12-17;1;0
5;2025-12-17;2;0
5;2025-12-17;3;0
5;2025-12-17;4;1
5;2025-12-17;5;18
5;2025-12-17;6;131
5;2025-12-17;7;420
5;2025-12-17;8;687
5;2025-12-17;9;541
5;2025-12-17;10;419
5;2025-12-17;11;378
5;2025-12-17;12;357
5;2025-12-17;13;378
5;2025-12-17;14;360
5;2025-12-17;15;418
5;2025-12-17;16;449
5;2025-12-17;17;591
5;2025-12-17;18;576
5;2025-12-17;19;342
5;2025-12-17;20;232
5;2025-12-17;21;156
5;2025-12-17;22;63
5;2025-12-17;23;37
5;2025-12-18;0;7
5;2025-12-18;1;0
5;2025-12-18;2;0
5;2025-12-18;3;0
5;2025-12-18;4;1
5;2025-12-18;5;18
5;2025-12-18;6;131
5;2025-12-18;7;420
5;2025-12-18;8;687
5;2025-12-18;9;541
5;2025-12-18;10;419
5;2025-12-18;11;378
5;2025-12-18;12;357
5;2025-12-18;13;378
5;2025-12-18;14;360
5;2025-12-18;15;418
5;2025-12-18;16;449
5;2025-12-18;17;591
5;2025-12-18;18;576
5;2025-12-18;19;342
5;2025-12-18;20;232
5;2025-12-18;21;156
5;2025-12-18;22;63
5;2025-12-18;23;37
5;2025-12-19;0;7
5;2025-12-19;1;0
5;2025-12-19;2;0
5;2025-12-19;3;0
5;2025-12-19;4;1
5;2025-12-19;5;18
5;2025-12-19;6;131
5;2025-12-19;7;420
5;2025-12-19;8;687
5;2025-12-19;9;541
5;2025-12-19;10;419
5;2025-12-19;11;378
5;2025-12-19;12;357
5;2025-12-19;13;378
5;2025-12-19;14;360
5;2025-12-19;15;418
5;2025-12-19;16;449
5;2025-12-19;17;591
5;2025-12-19;18;576
5;2025-12-19;19;342
5;2025-12-19;20;232
5;2025-12-19;21;156
5;2025-12-19;22;63
5;2025-12-19;23;37
5;2025-12-20;0;4
5;2025-12-20;1;0
5;2025-12-20;2;0
5;2025-12-20;3;0
5;2025-12-20;4;0
5;2025-12-20;5;10
5;2025-12-20;6;77
5;2025-12-20;7;257
5;2025-12-20;8;420
5;2025-12-20;9;331
5;2025-12-20;10;252
5;2025-12-20;11;227
5;2025-12-20;12;213
5;2025-12-20;13;227
5;2025-12-20;14;216
5;2025-12-20;15;250
5;2025-12-20;16;270
5;2025-12-20;17;355
5;2025-12-20;18;346
5;2025-12-20;19;204
5;2025-12-20;20;139
5;2025-12-20;21;94
5;2025-12-20;22;38
5;2025-12-20;23;22
5;2025-12-21;0;4
5;2025-12-21;1;0
5;2025-12-21;2;0
5;2025-12-21;3;0
5;2025-12-21;4;0
5;2025-12-21;5;9
5;2025-12-21;6;64
5;2025-12-21;7;213
5;2025-12-21;8;351
5;2025-12-21;9;276
5;2025-12-21;10;210
5;2025-12-21;11;190
5;2025-12-21;12;178
5;2025-12-21;13;189
5;2025-12-21;14;179
5;2025-12-21;15;210
5;2025-12-21;16;224
5;2025-12-21;17;296
5;2025-12-21;18;289
5;2025-12-21;19;172
5;2025-12-21;20;116
5;2025-12-21;21;77
5;2025-12-21;22;31
5;2025-12-21;23;18
5;2025-12-22;0;7
5;2025-12-22;1;0
5;2025-12-22;2;0
5;2025-12-22;3;0
5;2025-12-22;4;1
5;2025-12-22;5;18
5;2025-12-22;6;131
5;2025-12-22;7;420
5;2025-12-22;8;687
5;2025-12-22;9;541
5;2025-12-22;10;419
5;2025-12-22;11;378
5;2025-12-22;12;357
5;2025-12-22;13;378
5;2025-12-22;14;360
5;2025-12-22;15;418
5;2025-12-22;16;449
5;2025-12-22;17;591
5;2025-12-22;18;576
5;2025-12-22;19;342
5;2025-12-22;20;232
5;2025-12-22;21;156
5;2025-12-22;22;63
5;2025-12-22;23;37
5;2025-12-23;0;7
5;2025-12-23;1;0
5;2025-12-23;2;0
5;2025-12-23;3;0
5;2025-12-23;4;1
5;2025-12-23;5;18
5;2025-12-23;6;131
5;2025-12-23;7;420
5;2025-12-23;8;687
5;2025-12-23;9;541
5;2025-12-23;10;419
5;2025-12-23;11;378
5;2025-12-23;12;357
5;2025-12-23;13;378
5;2025-12-23;14;360
5;2025-12-23;15;418
5;2025-12-23;16;449
5;2025-12-23;17;591
5;2025-12-23;18;576
5;2025-12-23;19;342
5;2025-12-23;20;232
5;2025-12-23;21;156
5;2025-12-23;22;63
5;2025-12-23;23;37
5;2025-12-24;0;7
5;2025-12-24;1;0
5;2025-12-24;2;0
5;2025-12-24;3;0
5;2025-12-24;4;1
5;2025-12-24;5;18
5;2025-12-24;6;131
5;2025-12-24;7;420
5;2025-12-24;8;687
5;2025-12-24;9;541
5;2025-12-24;10;419
5;2025-12-24;11;378
5;2025-12-24;12;357
5;2025-12-24;13;378
5;2025-12-24;14;360
5;2025-12-24;15;418
5;2025-12-24;16;449
5;2025-12-24;17;591
5;2025-12-24;18;576
5;2025-12-24;19;342
5;2025-12-24;20;232
5;2025-12-24;21;156
5;2025-12-24;22;63
5;2025-12-24;23;37
5;2025-12-25;0;7
5;2025-12-25;1;0
5;2025-12-25;2;0
5;2025-12-25;3;0
5;2025-12-25;4;1
5;2025-12-25;5;18
5;2025-12-25;6;131
5;2025-12-25;7;420
5;2025-12-25;8;687
5;2025-12-25;9;541
5;2025-12-25;10;419
5;2025-12-25;11;378
5;2025-12-25;12;357
5;2025-12-25;13;378
5;2025-12-25;14;360
5;2025-12-25;15;418
5;2025-12-25;16;449
5;2025-12-25;17;591
5;2025-12-25;18;576
5;2025-12-25;19;342
5;2025-12-25;20;232
5;2025-12-25;21;156
5;2025-12-25;22;63
5;2025-12-25;23;37
5;2025-12-26;0;7
5;2025-12-26;1;0
5;2025-12-26;2;0
5;2025-12-26;3;0
5;2025-12-26;4;1
5;2025-12-26;5;18
5;2025-12-26;6;131
5;2025-12-26;7;420
5;2025-12-26;8;687
5;2025-12-26;9;541
5;2025-12-26;10;419
5;2025-12-26;11;378
5;2025-12-26;12;357
5;2025-12-26;13;378
5;2025-12-26;14;360
5;2025-12-26;15;418
5;2025-12-26;16;449
5;2025-12-26;17;591
5;2025-12-26;18;576
5;2025-12-26;19;342
5;2025-12-26;20;232
5;2025-12-26;21;156
5;2025-12-26;22;63
5;2025-12-26;23;37
5;2025-12-27;0;4
5;2025-12-27;1;0
5;2025-12-27;2;0
5;2025-12-27;3;0
5;2025-12-27;4;0
5;2025-12-27;5;10
5;2025-12-27;6;77
5;2025-12-27;7;257
5;2025-12-27;8;420
5;2025-12-27;9;331
5;2025-12-27;10;252
5;2025-12-27;11;227
5;2025-12-27;12;213
5;2025-12-27;13;227
5;2025-12-27;14;216
5;2025-12-27;15;250
5;2025-12-27;16;270
5;2025-12-27;17;355
5;2025-12-27;18;346
5;2025-12-27;19;204
5;2025-12-27;20;139
5;2025-12-27;21;94
5;2025-12-27;22;38
5;2025-12-27;23;22
5;2025-12-28;0;4
5;2025-12-28;1;0
5;2025-12-28;2;0
5;2025-12-28;3;0
5;2025-12-28;4;0
5;2025-12-28;5;9
5;2025-12-28;6;64
5;2025-12-28;7;213
5;2025-12-28;8;351
5;2025-12-28;9;276
5;2025-12-28;10;210
5;2025-12-28;11;190
5;2025-12-28;12;178
5;2025-12-28;13;189
5;2025-12-28;14;179
5;2025-12-28;15;210
5;2025-12-28;16;224
5;2025-12-28;17;296
5;2025-12-28;18;289
5;2025-12-28;19;172
5;2025-12-28;20;116
5;2025-12-28;21;77
5;2025-12-28;22;31
5;2025-12-28;23;18
5;2025-12-29;0;7
5;2025-12-29;1;0
5;2025-12-29;2;0
5;2025-12-29;3;0
5;2025-12-29;4;1
5;2025-12-29;5;19
5;2025-12-29;6;135
5;2025-12-29;7;435
5;2025-12-29;8;711
5;2025-12-29;9;560
5;2025-12-29;10;434
5;2025-12-29;11;392
5;2025-12-29;12;370
5;2025-12-29;13;392
5;2025-12-29;14;373
5;2025-12-29;15;433
5;2025-12-29;16;464
5;2025-12-29;17;612
5;2025-12-29;18;597
5;2025-12-29;19;354
5;2025-12-29;20;241
5;2025-12-29;21;161
5;2025-12-29;22;66
5;2025-12-29;23;39
5;2025-12-30;0;7
5;2025-12-30;1;0
5;2025-12-30;2;0
5;2025-12-30;3;0
5;2025-12-30;4;1
5;2025-12-30;5;19
5;2025-12-30;6;135
5;2025-12-30;7;435
5;2025-12-30;8;711
5;2025-12-30;9;560
5;2025-12-30;10;434
5;2025-12-30;11;392
5;2025-12-30;12;370
5;2025-12-30;13;392
5;2025-12-30;14;373
5;2025-12-30;15;433
5;2025-12-30;16;464
5;2025-12-30;17;612
5;2025-12-30;18;597
5;2025-12-30;19;354
5;2025-12-30;20;241
5;2025-12-30;21;161
5;2025-12-30;22;66
5;2025-12-30;23;39
5;2025-12-31;0;4
5;2025-12-31;1;0
5;2025-12-31;2;0
5;2025-12-31;3;0
5;2025-12-31;4;0
5;2025-12-31;5;9
5;2025-12-31;6;64
5;2025-12-31;7;213
5;2025-12-31;8;351
5;2025-12-31;9;276
5;2025-12-31;10;210
5;2025-12-31;11;190
5;2025-12-31;12;178
5;2025-12-31;13;189
5;2025-12-31;14;179
5;2025-12-31;15;210
5;2025-12-31;16;224
5;2025-12-31;17;296
5;2025-12-31;18;289
5;2025-12-31;19;172
5;2025-12-31;20;0
5;2025-12-31;21;0
5;2025-12-31;22;0
5;2025-12-31;23;0
7;2025-11-01;0;55
7;2025-11-01;1;10
7;2025-11-01;2;0
7;2025-11-01;3;0
7;2025-11-01;4;2
7;2025-11-01;5;167
7;2025-11-01;6;553
7;2025-11-01;7;1427
7;2025-11-01;8;2211
7;2025-11-01;9;1652
7;2025-11-01;10;1566
7;2025-11-01;11;1440
7;2025-11-01;12;1553
7;2025-11-01;13;1487
7;2025-11-01;14;1573
7;2025-11-01;15;1670
7;2025-11-01;16;1736
7;2025-11-01;17;2174
7;2025-11-01;18;2238
7;2025-11-01;19;1488
7;2025-11-01;20;965
7;2025-11-01;21;556
7;2025-11-01;22;226
7;2025-11-01;23;167
7;2025-11-02;0;99
7;2025-11-02;1;24
7;2025-11-02;2;0
7;2025-11-02;3;0
7;2025-11-02;4;1
7;2025-11-02;5;26
7;2025-11-02;6;132
7;2025-11-02;7;169
7;2025-11-02;8;393
7;2025-11-02;9;510
7;2025-11-02;10;393
7;2025-11-02;11;528
7;2025-11-02;12;650
7;2025-11-02;13;625
7;2025-11-02;14;674
7;2025-11-02;15;698
7;2025-11-02;16;584
7;2025-11-02;17;626
7;2025-11-02;18;654
7;2025-11-02;19;468
7;2025-11-02;20;400
7;2025-11-02;21;294
7;2025-11-02;22;153
7;2025-11-02;23;122
7;2025-11-03;0;94
7;2025-11-03;1;22
7;2025-11-03;2;0
7;2025-11-03;3;0
7;2025-11-03;4;0
7;2025-11-03;5;25
7;2025-11-03;6;125
7;2025-11-03;7;161
7;2025-11-03;8;373
7;2025-11-03;9;485
7;2025-11-03;10;373
7;2025-11-03;11;502
7;2025-11-03;12;618
7;2025-11-03;13;594
7;2025-11-03;14;641
7;2025-11-03;15;663
7;2025-11-03;16;555
7;2025-11-03;17;594
7;2025-11-03;18;621
7;2025-11-03;19;444
7;2025-11-03;20;380
7;2025-11-03;21;279
7;2025-11-03;22;146
7;2025-11-03;23;116
7;2025-11-04;0;94
7;2025-11-04;1;22
7;2025-11-04;2;0
7;2025-11-04;3;0
7;2025-11-04;4;0
7;2025-11-04;5;25
7;2025-11-04;6;125
7;2025-11-04;7;161
7;2025-11-04;8;373
7;2025-11-04;9;485
7;2025-11-04;10;373
7;2025-11-04;11;502
7;2025-11-04;12;618
7;2025-11-04;13;594
7;2025-11-04;14;641
7;2025-11-04;15;663
7;2025-11-04;16;555
7;2025-11-04;17;594
7;2025-11-04;18;621
7;2025-11-04;19;444
7;2025-11-04;20;380
7;2025-11-04;21;279
7;2025-11-04;22;146
7;2025-11-04;23;116
7;2025-11-05;0;56
7;2025-11-05;1;7
7;2025-11-05;2;0
7;2025-11-05;3;0
7;2025-11-05;4;1
7;2025-11-05;5;185
7;2025-11-05;6;608
7;2025-11-05;7;1538
7;2025-11-05;8;2435
7;2025-11-05;9;1809
7;2025-11-05;10;1729
7;2025-11-05;11;1562
7;2025-11-05;12;1681
7;2025-11-05;13;1592
7;2025-11-05;14;1699
7;2025-11-05;15;1813
7;2025-11-05;16;1877
7;2025-11-05;17;2419
7;2025-11-05;18;2538
7;2025-11-05;19;1657
7;2025-11-05;20;1051
7;2025-11-05;21;618
7;2025-11-05;22;294
7;2025-11-05;23;185
7;2025-11-06;0;60
7;2025-11-06;1;11
7;2025-11-06;2;0
7;2025-11-06;3;0
7;2025-11-06;4;1
7;2025-11-06;5;185
7;2025-11-06;6;615
7;2025-11-06;7;1557
7;2025-11-06;8;2431
7;2025-11-06;9;1801
7;2025-11-06;10;1684
7;2025-11-06;11;1555
7;2025-11-06;12;1683
7;2025-11-06;13;1598
7;2025-11-06;14;1702
7;2025-11-06;15;1781
7;2025-11-06;16;1862
7;2025-11-06;17;2368
7;2025-11-06;18;2550
7;2025-11-06;19;1650
7;2025-11-06;20;1059
7;2025-11-06;21;619
7;2025-11-06;22;293
7;2025-11-06;23;190
7;2025-11-07;0;65
7;2025-11-07;1;10
7;2025-11-07;2;0
7;2025-11-07;3;0
7;2025-11-07;4;1
7;2025-11-07;5;179
7;2025-11-07;6;603
7;2025-11-07;7;1533
7;2025-11-07;8;2351
7;2025-11-07;9;1761
7;2025-11-07;10;1699
7;2025-11-07;11;1563
7;2025-11-07;12;1691
7;2025-11-07;13;1654
7;2025-11-07;14;1730
7;2025-11-07;15;1849
7;2025-11-07;16;1950
7;2025-11-07;17;2364
7;2025-11-07;18;2254
7;2025-11-07;19;1534
7;2025-11-07;20;1036
7;2025-11-07;21;606
7;2025-11-07;22;304
7;2025-11-07;23;215
7;2025-11-08;0;118
7;2025-11-08;1;24
7;2025-11-08;2;0
7;2025-11-08;3;0
7;2025-11-08;4;1
7;2025-11-08;5;53
7;2025-11-08;6;280
7;2025-11-08;7;307
7;2025-11-08;8;705
7;2025-11-08;9;583
7;2025-11-08;10;634
7;2025-11-08;11;674
7;2025-11-08;12;943
7;2025-11-08;13;855
7;2025-11-08;14;839
7;2025-11-08;15;837
7;2025-11-08;16;864
7;2025-11-08;17;860
7;2025-11-08;18;749
7;2025-11-08;19;626
7;2025-11-08;20;510
7;2025-11-08;21;367
7;2025-11-08;22;198
7;2025-11-08;23;174
7;2025-11-09;0;99
7;2025-11-09;1;24
7;2025-11-09;2;0
7;2025-11-09;3;0
7;2025-11-09;4;1
7;2025-11-09;5;26
7;2025-11-09;6;132
7;2025-11-09;7;169
7;2025-11-09;8;393
7;2025-11-09;9;510
7;2025-11-09;10;393
7;2025-11-09;11;528
7;2025-11-09;12;650
7;2025-11-09;13;625
7;2025-11-09;14;674
7;2025-11-09;15;698
7;2025-11-09;16;584
7;2025-11-09;17;626
7;2025-11-09;18;654
7;2025-11-09;19;468
7;2025-11-09;20;400
7;2025-11-09;21;294
7;2025-11-09;22;153
7;2025-11-09;23;122
7;2025-11-10;0;61
7;2025-11-10;1;8
7;2025-11-10;2;0
7;2025-11-10;3;0
7;2025-11-10;4;1
7;2025-11-10;5;185
7;2025-11-10;6;618
7;2025-11-10;7;1577
7;2025-11-10;8;2459
7;2025-11-10;9;1835
7;2025-11-10;10;1710
7;2025-11-10;11;1546
7;2025-11-10;12;1683
7;2025-11-10;13;1605
7;2025-11-10;14;1697
7;2025-11-10;15;1803
7;2025-11-10;16;1877
7;2025-11-10;17;2406
7;2025-11-10;18;2555
7;2025-11-10;19;1679
7;2025-11-10;20;1071
7;2025-11-10;21;604
7;2025-11-10;22;272
7;2025-11-10;23;174
7;2025-11-11;0;54
7;2025-11-11;1;9
7;2025-11-11;2;0
7;2025-11-11;3;0
7;2025-11-11;4;1
7;2025-11-11;5;187
7;2025-11-11;6;634
7;2025-11-11;7;1604
7;2025-11-11;8;2487
7;2025-11-11;9;1849
7;2025-11-11;10;1739
7;2025-11-11;11;1602
7;2025-11-11;12;1721
7;2025-11-11;13;1631
7;2025-11-11;14;1715
7;2025-11-11;15;1840
7;2025-11-11;16;1893
7;2025-11-11;17;2441
7;2025-11-11;18;2585
7;2025-11-11;19;1717
7;2025-11-11;20;1087
7;2025-11-11;21;635
7;2025-11-11;22;292
7;2025-11-11;23;185
7;2025-11-12;0;54
7;2025-11-12;1;9
7;2025-11-12;2;0
7;2025-11-12;3;0
7;2025-11-12;4;1
7;2025-11-12;5;185
7;2025-11-12;6;615
7;2025-11-12;7;1540
7;2025-11-12;8;2439
7;2025-11-12;9;1826
7;2025-11-12;10;1736
7;2025-11-12;11;1563
7;2025-11-12;12;1679
7;2025-11-12;13;1588
7;2025-11-12;14;1689
7;2025-11-12;15;1809
7;2025-11-12;16;1884
7;2025-11-12;17;2429
7;2025-11-12;18;2540
7;2025-11-12;19;1658
7;2025-11-12;20;1051
7;2025-11-12;21;620
7;2025-11-12;22;293
7;2025-11-12;23;186
7;2025-11-13;0;58
7;2025-11-13;1;11
7;2025-11-13;2;0
7;2025-11-13;3;0
7;2025-11-13;4;1
7;2025-11-13;5;184
7;2025-11-13;6;621
7;2025-11-13;7;1559
7;2025-11-13;8;2440
7;2025-11-13;9;1815
7;2025-11-13;10;1690
7;2025-11-13;11;1557
7;2025-11-13;12;1686
7;2025-11-13;13;1601
7;2025-11-13;14;1700
7;2025-11-13;15;1788
7;2025-11-13;16;1876
7;2025-11-13;17;2384
7;2025-11-13;18;2562
7;2025-11-13;19;1654
7;2025-11-13;20;1066
7;2025-11-13;21;623
7;2025-11-13;22;295
7;2025-11-13;23;191
7;2025-11-14;0;64
7;2025-11-14;1;10
7;2025-11-14;2;0
7;2025-11-14;3;0
7;2025-11-14;4;1
7;2025-11-14;5;179
7;2025-11-14;6;612
7;2025-11-14;7;1536
7;2025-11-14;8;2359
7;2025-11-14;9;1779
7;2025-11-14;10;1711
7;2025-11-14;11;1567
7;2025-11-14;12;1691
7;2025-11-14;13;1657
7;2025-11-14;14;1727
7;2025-11-14;15;1856
7;2025-11-14;16;1965
7;2025-11-14;17;2380
7;2025-11-14;18;2258
7;2025-11-14;19;1537
7;2025-11-14;20;1039
7;2025-11-14;21;604
7;2025-11-14;22;302
7;2025-11-14;23;213
7;2025-11-15;0;98
7;2025-11-15;1;27
7;2025-11-15;2;0
7;2025-11-15;3;0
7;2025-11-15;4;0
7;2025-11-15;5;57
7;2025-11-15;6;313
7;2025-11-15;7;505
7;2025-11-15;8;792
7;2025-11-15;9;915
7;2025-11-15;10;972
7;2025-11-15;11;1129
7;2025-11-15;12;1339
7;2025-11-15;13;1306
7;2025-11-15;14;1410
7;2025-11-15;15;1255
7;2025-11-15;16;1206
7;2025-11-15;17;1197
7;2025-11-15;18;1130
7;2025-11-15;19;1146
7;2025-11-15;20;840
7;2025-11-15;21;678
7;2025-11-15;22;374
7;2025-11-15;23;223
7;2025-11-16;0;111
7;2025-11-16;1;27
7;2025-11-16;2;0
7;2025-11-16;3;0
7;2025-11-16;4;0
7;2025-11-16;5;35
7;2025-11-16;6;211
7;2025-11-16;7;348
7;2025-11-16;8;541
7;2025-11-16;9;712
7;2025-11-16;10;796
7;2025-11-16;11;1001
7;2025-11-16;12;1125
7;2025-11-16;13;1168
7;2025-11-16;14;1263
7;2025-11-16;15;1230
7;2025-11-16;16;1109
7;2025-11-16;17;1208
7;2025-11-16;18;1033
7;2025-11-16;19;895
7;2025-11-16;20;761
7;2025-11-16;21;609
7;2025-11-16;22;350
7;2025-11-16;23;192
7;2025-11-17;0;61
7;2025-11-17;1;9
7;2025-11-17;2;0
7;2025-11-17;3;0
7;2025-11-17;4;1
7;2025-11-17;5;183
7;2025-11-17;6;615
7;2025-11-17;7;1551
7;2025-11-17;8;2419
7;2025-11-17;9;1812
7;2025-11-17;10;1681
7;2025-11-17;11;1510
7;2025-11-17;12;1637
7;2025-11-17;13;1566
7;2025-11-17;14;1650
7;2025-11-17;15;1757
7;2025-11-17;16;1839
7;2025-11-17;17;2365
7;2025-11-17;18;2506
7;2025-11-17;19;1652
7;2025-11-17;20;1050
7;2025-11-17;21;595
7;2025-11-17;22;268
7;2025-11-17;23;173
7;2025-11-18;0;52
7;2025-11-18;1;11
7;2025-11-18;2;0
7;2025-11-18;3;0
7;2025-11-18;4;2
7;2025-11-18;5;181
7;2025-11-18;6;622
7;2025-11-18;7;1545
7;2025-11-18;8;2389
7;2025-11-18;9;1789
7;2025-11-18;10;1665
7;2025-11-18;11;1528
7;2025-11-18;12;1644
7;2025-11-18;13;1553
7;2025-11-18;14;1635
7;2025-11-18;15;1759
7;2025-11-18;16;1821
7;2025-11-18;17;2358
7;2025-11-18;18;2487
7;2025-11-18;19;1652
7;2025-11-18;20;1046
7;2025-11-18;21;614
7;2025-11-18;22;283
7;2025-11-18;23;177
7;2025-11-19;0;54
7;2025-11-19;1;7
7;2025-11-19;2;0
7;2025-11-19;3;0
7;2025-11-19;4;1
7;2025-11-19;5;187
7;2025-11-19;6;629
7;2025-11-19;7;1560
7;2025-11-19;8;2467
7;2025-11-19;9;1857
7;2025-11-19;10;1761
7;2025-11-19;11;1582
7;2025-11-19;12;1697
7;2025-11-19;13;1612
7;2025-11-19;14;1712
7;2025-11-19;15;1829
7;2025-11-19;16;1910
7;2025-11-19;17;2467
7;2025-11-19;18;2573
7;2025-11-19;19;1680
7;2025-11-19;20;1060
7;2025-11-19;21;626
7;2025-11-19;22;293
7;2025-11-19;23;186
7;2025-11-20;0;59
7;2025-11-20;1;11
7;2025-11-20;2;0
7;2025-11-20;3;0
7;2025-11-20;4;1
7;2025-11-20;5;185
7;2025-11-20;6;634
7;2025-11-20;7;1575
7;2025-11-20;8;2464
7;2025-11-20;9;1844
7;2025-11-20;10;1711
7;2025-11-20;11;1570
7;2025-11-20;12;1695
7;2025-11-20;13;1616
7;2025-11-20;14;1714
7;2025-11-20;15;1801
7;2025-11-20;16;1896
7;2025-11-20;17;2413
7;2025-11-20;18;2584
7;2025-11-20;19;1670
7;2025-11-20;20;1069
7;2025-11-20;21;625
7;2025-11-20;22;293
7;2025-11-20;23;190
7;2025-11-21;0;63
7;2025-11-21;1;10
7;2025-11-21;2;0
7;2025-11-21;3;0
7;2025-11-21;4;1
7;2025-11-21;5;181
7;2025-11-21;6;622
7;2025-11-21;7;1548
7;2025-11-21;8;2378
7;2025-11-21;9;1802
7;2025-11-21;10;1726
7;2025-11-21;11;1574
7;2025-11-21;12;1694
7;2025-11-21;13;1664
7;2025-11-21;14;1734
7;2025-11-21;15;1861
7;2025-11-21;16;1975
7;2025-11-21;17;2398
7;2025-11-21;18;2272
7;2025-11-21;19;1549
7;2025-11-21;20;1039
7;2025-11-21;21;607
7;2025-11-21;22;299
7;2025-11-21;23;215
7;2025-11-22;0;98
7;2025-11-22;1;27
7;2025-11-22;2;0
7;2025-11-22;3;0
7;2025-11-22;4;0
7;2025-11-22;5;57
7;2025-11-22;6;313
7;2025-11-22;7;505
7;2025-11-22;8;792
7;2025-11-22;9;915
7;2025-11-22;10;972
7;2025-11-22;11;1129
7;2025-11-22;12;1339
7;2025-11-22;13;1306
7;2025-11-22;14;1410
7;2025-11-22;15;1255
7;2025-11-22;16;1206
7;2025-11-22;17;1197
7;2025-11-22;18;1130
7;2025-11-22;19;1146
7;2025-11-22;20;840
7;2025-11-22;21;678
7;2025-11-22;22;374
7;2025-11-22;23;223
7;2025-11-23;0;111
7;2025-11-23;1;27
7;2025-11-23;2;0
7;2025-11-23;3;0
7;2025-11-23;4;0
7;2025-11-23;5;35
7;2025-11-23;6;211
7;2025-11-23;7;348
7;2025-11-23;8;541
7;2025-11-23;9;712
7;2025-11-23;10;796
7;2025-11-23;11;1001
7;2025-11-23;12;1125
7;2025-11-23;13;1168
7;2025-11-23;14;1263
7;2025-11-23;15;1230
7;2025-11-23;16;1109
7;2025-11-23;17;1208
7;2025-11-23;18;1033
7;2025-11-23;19;895
7;2025-11-23;20;761
7;2025-11-23;21;609
7;2025-11-23;22;350
7;2025-11-23;23;192
7;2025-11-24;0;59
7;2025-11-24;1;10
7;2025-11-24;2;0
7;2025-11-24;3;0
7;2025-11-24;4;1
7;2025-11-24;5;180
7;2025-11-24;6;608
7;2025-11-24;7;1523
7;2025-11-24;8;2372
7;2025-11-24;9;1785
7;2025-11-24;10;1647
7;2025-11-24;11;1475
7;2025-11-24;12;1602
7;2025-11-24;13;1536
7;2025-11-24;14;1619
7;2025-11-24;15;1721
7;2025-11-24;16;1810
7;2025-11-24;17;2331
7;2025-11-24;18;2466
7;2025-11-24;19;1625
7;2025-11-24;20;1031
7;2025-11-24;21;585
7;2025-11-24;22;263
7;2025-11-24;23;166
7;2025-11-25;0;51
7;2025-11-25;1;10
7;2025-11-25;2;0
7;2025-11-25;3;0
7;2025-11-25;4;1
7;2025-11-25;5;186
7;2025-11-25;6;643
7;2025-11-25;7;1594
7;2025-11-25;8;2473
7;2025-11-25;9;1858
7;2025-11-25;10;1729
7;2025-11-25;11;1583
7;2025-11-25;12;1697
7;2025-11-25;13;1612
7;2025-11-25;14;1691
7;2025-11-25;15;1821
7;2025-11-25;16;1887
7;2025-11-25;17;2436
7;2025-11-25;18;2569
7;2025-11-25;19;1709
7;2025-11-25;20;1077
7;2025-11-25;21;631
7;2025-11-25;22;287
7;2025-11-25;23;182
7;2025-11-26;0;54
7;2025-11-26;1;10
7;2025-11-26;2;0
7;2025-11-26;3;0
7;2025-11-26;4;2
7;2025-11-26;5;185
7;2025-11-26;6;624
7;2025-11-26;7;1533
7;2025-11-26;8;2426
7;2025-11-26;9;1834
7;2025-11-26;10;1730
7;2025-11-26;11;1545
7;2025-11-26;12;1657
7;2025-11-26;13;1573
7;2025-11-26;14;1674
7;2025-11-26;15;1788
7;2025-11-26;16;1873
7;2025-11-26;17;2425
7;2025-11-26;18;2528
7;2025-11-26;19;1650
7;2025-11-26;20;1037
7;2025-11-26;21;611
7;2025-11-26;22;285
7;2025-11-26;23;180
7;2025-11-27;0;59
7;2025-11-27;1;13
7;2025-11-27;2;0
7;2025-11-27;3;0
7;2025-11-27;4;1
7;2025-11-27;5;185
7;2025-11-27;6;631
7;2025-11-27;7;1550
7;2025-11-27;8;2419
7;2025-11-27;9;1819
7;2025-11-27;10;1680
7;2025-11-27;11;1539
7;2025-11-27;12;1659
7;2025-11-27;13;1578
7;2025-11-27;14;1672
7;2025-11-27;15;1758
7;2025-11-27;16;1861
7;2025-11-27;17;2372
7;2025-11-27;18;2541
7;2025-11-27;19;1637
7;2025-11-27;20;1048
7;2025-11-27;21;614
7;2025-11-27;22;285
7;2025-11-27;23;184
7;2025-11-28;0;63
7;2025-11-28;1;12
7;2025-11-28;2;0
7;2025-11-28;3;0
7;2025-11-28;4;2
7;2025-11-28;5;180
7;2025-11-28;6;619
7;2025-11-28;7;1525
7;2025-11-28;8;2339
7;2025-11-28;9;1780
7;2025-11-28;10;1699
7;2025-11-28;11;1548
7;2025-11-28;12;1665
7;2025-11-28;13;1635
7;2025-11-28;14;1705
7;2025-11-28;15;1829
7;2025-11-28;16;1951
7;2025-11-28;17;2373
7;2025-11-28;18;2247
7;2025-11-28;19;1529
7;2025-11-28;20;1025
7;2025-11-28;21;602
7;2025-11-28;22;296
7;2025-11-28;23;210
7;2025-11-29;0;98
7;2025-11-29;1;27
7;2025-11-29;2;0
7;2025-11-29;3;0
7;2025-11-29;4;0
7;2025-11-29;5;57
7;2025-11-29;6;313
7;2025-11-29;7;505
7;2025-11-29;8;792
7;2025-11-29;9;915
7;2025-11-29;10;972
7;2025-11-29;11;1129
7;2025-11-29;12;1339
7;2025-11-29;13;1306
7;2025-11-29;14;1410
7;2025-11-29;15;1255
7;2025-11-29;16;1206
7;2025-11-29;17;1197
7;2025-11-29;18;1130
7;2025-11-29;19;1146
7;2025-11-29;20;840
7;2025-11-29;21;678
7;2025-11-29;22;374
7;2025-11-29;23;223
7;2025-11-30;0;111
7;2025-11-30;1;27
7;2025-11-30;2;0
7;2025-11-30;3;0
7;2025-11-30;4;0
7;2025-11-30;5;35
7;2025-11-30;6;211
7;2025-11-30;7;348
7;2025-11-30;8;541
7;2025-11-30;9;712
7;2025-11-30;10;796
7;2025-11-30;11;1001
7;2025-11-30;12;1125
7;2025-11-30;13;1168
7;2025-11-30;14;1263
7;2025-11-30;15;1230
7;2025-11-30;16;1109
7;2025-11-30;17;1208
7;2025-11-30;18;1033
7;2025-11-30;19;895
7;2025-11-30;20;761
7;2025-11-30;21;609
7;2025-11-30;22;350
7;2025-11-30;23;192
7;2025-12-01;0;61
7;2025-12-01;1;11
7;2025-12-01;2;0
7;2025-12-01;3;0
7;2025-12-01;4;1
7;2025-12-01;5;189
7;2025-12-01;6;648
7;2025-12-01;7;1599
7;2025-12-01;8;2491
7;2025-12-01;9;1883
7;2025-12-01;10;1735
7;2025-12-01;11;1557
7;2025-12-01;12;1684
7;2025-12-01;13;1616
7;2025-12-01;14;1702
7;2025-12-01;15;1813
7;2025-12-01;16;1913
7;2025-12-01;17;2451
7;2025-12-01;18;2591
7;2025-12-01;19;1707
7;2025-12-01;20;1078
7;2025-12-01;21;613
7;2025-12-01;22;275
7;2025-12-01;23;174
7;2025-12-02;0;53
7;2025-12-02;1;10
7;2025-12-02;2;0
7;2025-12-02;3;0
7;2025-12-02;4;1
7;2025-12-02;5;191
7;2025-12-02;6;665
7;2025-12-02;7;1629
7;2025-12-02;8;2519
7;2025-12-02;9;1903
7;2025-12-02;10;1764
7;2025-12-02;11;1612
7;2025-12-02;12;1724
7;2025-12-02;13;1640
7;2025-12-02;14;1720
7;2025-12-02;15;1852
7;2025-12-02;16;1929
7;2025-12-02;17;2486
7;2025-12-02;18;2624
7;2025-12-02;19;1747
7;2025-12-02;20;1099
7;2025-12-02;21;647
7;2025-12-02;22;293
7;2025-12-02;23;183
7;2025-12-03;0;56
7;2025-12-03;1;11
7;2025-12-03;2;0
7;2025-12-03;3;0
7;2025-12-03;4;1
7;2025-12-03;5;192
7;2025-12-03;6;658
7;2025-12-03;7;1592
7;2025-12-03;8;2513
7;2025-12-03;9;1910
7;2025-12-03;10;1798
7;2025-12-03;11;1610
7;2025-12-03;12;1723
7;2025-12-03;13;1636
7;2025-12-03;14;1735
7;2025-12-03;15;1858
7;2025-12-03;16;1958
7;2025-12-03;17;2524
7;2025-12-03;18;2629
7;2025-12-03;19;1721
7;2025-12-03;20;1080
7;2025-12-03;21;641
7;2025-12-03;22;299
7;2025-12-03;23;187
7;2025-12-04;0;60
7;2025-12-04;1;12
7;2025-12-04;2;0
7;2025-12-04;3;0
7;2025-12-04;4;1
7;2025-12-04;5;190
7;2025-12-04;6;663
7;2025-12-04;7;1606
7;2025-12-04;8;2506
7;2025-12-04;9;1891
7;2025-12-04;10;1738
7;2025-12-04;11;1594
7;2025-12-04;12;1715
7;2025-12-04;13;1637
7;2025-12-04;14;1734
7;2025-12-04;15;1820
7;2025-12-04;16;1936
7;2025-12-04;17;2460
7;2025-12-04;18;2633
7;2025-12-04;19;1706
7;2025-12-04;20;1091
7;2025-12-04;21;641
7;2025-12-04;22;299
7;2025-12-04;23;191
7;2025-12-05;0;65
7;2025-12-05;1;13
7;2025-12-05;2;0
7;2025-12-05;3;0
7;2025-12-05;4;1
7;2025-12-05;5;186
7;2025-12-05;6;651
7;2025-12-05;7;1581
7;2025-12-05;8;2423
7;2025-12-05;9;1853
7;2025-12-05;10;1765
7;2025-12-05;11;1604
7;2025-12-05;12;1718
7;2025-12-05;13;1697
7;2025-12-05;14;1764
7;2025-12-05;15;1894
7;2025-12-05;16;2029
7;2025-12-05;17;2458
7;2025-12-05;18;2311
7;2025-12-05;19;1582
7;2025-12-05;20;1061
7;2025-12-05;21;624
7;2025-12-05;22;308
7;2025-12-05;23;217
7;2025-12-06;0;102
7;2025-12-06;1;27
7;2025-12-06;2;0
7;2025-12-06;3;0
7;2025-12-06;4;0
7;2025-12-06;5;59
7;2025-12-06;6;326
7;2025-12-06;7;525
7;2025-12-06;8;823
7;2025-12-06;9;951
7;2025-12-06;10;1010
7;2025-12-06;11;1173
7;2025-12-06;12;1392
7;2025-12-06;13;1356
7;2025-12-06;14;1465
7;2025-12-06;15;1303
7;2025-12-06;16;1252
7;2025-12-06;17;1243
7;2025-12-06;18;1175
7;2025-12-06;19;1191
7;2025-12-06;20;873
7;2025-12-06;21;705
7;2025-12-06;22;388
7;2025-12-06;23;231
7;2025-12-07;0;115
7;2025-12-07;1;28
7;2025-12-07;2;0
7;2025-12-07;3;0
7;2025-12-07;4;0
7;2025-12-07;5;36
7;2025-12-07;6;219
7;2025-12-07;7;362
7;2025-12-07;8;562
7;2025-12-07;9;739
7;2025-12-07;10;828
7;2025-12-07;11;1040
7;2025-12-07;12;1169
7;2025-12-07;13;1214
7;2025-12-07;14;1313
7;2025-12-07;15;1278
7;2025-12-07;16;1153
7;2025-12-07;17;1254
7;2025-12-07;18;1074
7;2025-12-07;19;930
7;2025-12-07;20;791
7;2025-12-07;21;633
7;2025-12-07;22;364
7;2025-12-07;23;199
7;2025-12-08;0;62
7;2025-12-08;1;11
7;2025-12-08;2;0
7;2025-12-08;3;0
7;2025-12-08;4;1
7;2025-12-08;5;190
7;2025-12-08;6;656
7;2025-12-08;7;1604
7;2025-12-08;8;2491
7;2025-12-08;9;1892
7;2025-12-08;10;1736
7;2025-12-08;11;1552
7;2025-12-08;12;1679
7;2025-12-08;13;1613
7;2025-12-08;14;1700
7;2025-12-08;15;1808
7;2025-12-08;16;1914
7;2025-12-08;17;2456
7;2025-12-08;18;2595
7;2025-12-08;19;1715
7;2025-12-08;20;1077
7;2025-12-08;21;616
7;2025-12-08;22;275
7;2025-12-08;23;173
7;2025-12-09;0;54
7;2025-12-09;1;10
7;2025-12-09;2;0
7;2025-12-09;3;0
7;2025-12-09;4;1
7;2025-12-09;5;192
7;2025-12-09;6;673
7;2025-12-09;7;1626
7;2025-12-09;8;2516
7;2025-12-09;9;1908
7;2025-12-09;10;1760
7;2025-12-09;11;1603
7;2025-12-09;12;1710
7;2025-12-09;13;1632
7;2025-12-09;14;1710
7;2025-12-09;15;1844
7;2025-12-09;16;1928
7;2025-12-09;17;2479
7;2025-12-09;18;2618
7;2025-12-09;19;1749
7;2025-12-09;20;1097
7;2025-12-09;21;648
7;2025-12-09;22;292
7;2025-12-09;23;182
7;2025-12-10;0;56
7;2025-12-10;1;10
7;2025-12-10;2;0
7;2025-12-10;3;0
7;2025-12-10;4;1
7;2025-12-10;5;194
7;2025-12-10;6;661
7;2025-12-10;7;1583
7;2025-12-10;8;2501
7;2025-12-10;9;1907
7;2025-12-10;10;1786
7;2025-12-10;11;1594
7;2025-12-10;12;1702
7;2025-12-10;13;1623
7;2025-12-10;14;1719
7;2025-12-10;15;1840
7;2025-12-10;16;1945
7;2025-12-10;17;2507
7;2025-12-10;18;2613
7;2025-12-10;19;1717
7;2025-12-10;20;1075
7;2025-12-10;21;640
7;2025-12-10;22;299
7;2025-12-10;23;187
7;2025-12-11;0;61
7;2025-12-11;1;12
7;2025-12-11;2;0
7;2025-12-11;3;0
7;2025-12-11;4;1
7;2025-12-11;5;192
7;2025-12-11;6;662
7;2025-12-11;7;1583
7;2025-12-11;8;2460
7;2025-12-11;9;1864
7;2025-12-11;10;1707
7;2025-12-11;11;1558
7;2025-12-11;12;1675
7;2025-12-11;13;1604
7;2025-12-11;14;1702
7;2025-12-11;15;1786
7;2025-12-11;16;1904
7;2025-12-11;17;2417
7;2025-12-11;18;2590
7;2025-12-11;19;1678
7;2025-12-11;20;1071
7;2025-12-11;21;629
7;2025-12-11;22;294
7;2025-12-11;23;189
7;2025-12-12;0;66
7;2025-12-12;1;14
7;2025-12-12;2;0
7;2025-12-12;3;0
7;2025-12-12;4;2
7;2025-12-12;5;186
7;2025-12-12;6;650
7;2025-12-12;7;1565
7;2025-12-12;8;2373
7;2025-12-12;9;1827
7;2025-12-12;10;1740
7;2025-12-12;11;1580
7;2025-12-12;12;1680
7;2025-12-12;13;1667
7;2025-12-12;14;1728
7;2025-12-12;15;1849
7;2025-12-12;16;1983
7;2025-12-12;17;2403
7;2025-12-12;18;2261
7;2025-12-12;19;1559
7;2025-12-12;20;1038
7;2025-12-12;21;613
7;2025-12-12;22;302
7;2025-12-12;23;213
7;2025-12-13;0;102
7;2025-12-13;1;27
7;2025-12-13;2;0
7;2025-12-13;3;0
7;2025-12-13;4;0
7;2025-12-13;5;59
7;2025-12-13;6;326
7;2025-12-13;7;525
7;2025-12-13;8;823
7;2025-12-13;9;951
7;2025-12-13;10;1010
7;2025-12-13;11;1173
7;2025-12-13;12;1392
7;2025-12-13;13;1356
7;2025-12-13;14;1465
7;2025-12-13;15;1303
7;2025-12-13;16;1252
7;2025-12-13;17;1243
7;2025-12-13;18;1175
7;2025-12-13;19;1191
7;2025-12-13;20;873
7;2025-12-13;21;705
7;2025-12-13;22;388
7;2025-12-13;23;231
7;2025-12-14;0;115
7;2025-12-14;1;28
7;2025-12-14;2;0
7;2025-12-14;3;0
7;2025-12-14;4;0
7;2025-12-14;5;36
7;2025-12-14;6;219
7;2025-12-14;7;362
7;2025-12-14;8;562
7;2025-12-14;9;739
7;2025-12-14;10;828
7;2025-12-14;11;1040
7;2025-12-14;12;1169
7;2025-12-14;13;1214
7;2025-12-14;14;1313
7;2025-12-14;15;1278
7;2025-12-14;16;1153
7;2025-12-14;17;1254
7;2025-12-14;18;1074
7;2025-12-14;19;930
7;2025-12-14;20;791
7;2025-12-14;21;633
7;2025-12-14;22;364
7;2025-12-14;23;199
7;2025-12-15;0;61
7;2025-12-15;1;10
7;2025-12-15;2;0
7;2025-12-15;3;0
7;2025-12-15;4;1
7;2025-12-15;5;194
7;2025-12-15;6;673
7;2025-12-15;7;1616
7;2025-12-15;8;2499
7;2025-12-15;9;1907
7;2025-12-15;10;1742
7;2025-12-15;11;1546
7;2025-12-15;12;1666
7;2025-12-15;13;1616
7;2025-12-15;14;1696
7;2025-12-15;15;1803
7;2025-12-15;16;1914
7;2025-12-15;17;2454
7;2025-12-15;18;2594
7;2025-12-15;19;1734
7;2025-12-15;20;1083
7;2025-12-15;21;615
7;2025-12-15;22;273
7;2025-12-15;23;173
7;2025-12-16;0;54
7;2025-12-16;1;11
7;2025-12-16;2;0
7;2025-12-16;3;0
7;2025-12-16;4;1
7;2025-12-16;5;196
7;2025-12-16;6;691
7;2025-12-16;7;1652
7;2025-12-16;8;2534
7;2025-12-16;9;1933
7;2025-12-16;10;1780
7;2025-12-16;11;1617
7;2025-12-16;12;1717
7;2025-12-16;13;1645
7;2025-12-16;14;1720
7;2025-12-16;15;1850
7;2025-12-16;16;1944
7;2025-12-16;17;2504
7;2025-12-16;18;2642
7;2025-12-16;19;1780
7;2025-12-16;20;1110
7;2025-12-16;21;656
7;2025-12-16;22;298
7;2025-12-16;23;186
7;2025-12-17;0;56
7;2025-12-17;1;11
7;2025-12-17;2;0
7;2025-12-17;3;0
7;2025-12-17;4;1
7;2025-12-17;5;195
7;2025-12-17;6;678
7;2025-12-17;7;1609
7;2025-12-17;8;2518
7;2025-12-17;9;1928
7;2025-12-17;10;1802
7;2025-12-17;11;1607
7;2025-12-17;12;1712
7;2025-12-17;13;1637
7;2025-12-17;14;1735
7;2025-12-17;15;1854
7;2025-12-17;16;1967
7;2025-12-17;17;2532
7;2025-12-17;18;2639
7;2025-12-17;19;1743
7;2025-12-17;20;1082
7;2025-12-17;21;648
7;2025-12-17;22;302
7;2025-12-17;23;189
7;2025-12-18;0;61
7;2025-12-18;1;13
7;2025-12-18;2;0
7;2025-12-18;3;0
7;2025-12-18;4;1
7;2025-12-18;5;195
7;2025-12-18;6;681
7;2025-12-18;7;1619
7;2025-12-18;8;2503
7;2025-12-18;9;1907
7;2025-12-18;10;1741
7;2025-12-18;11;1588
7;2025-12-18;12;1703
7;2025-12-18;13;1635
7;2025-12-18;14;1731
7;2025-12-18;15;1814
7;2025-12-18;16;1941
7;2025-12-18;17;2466
7;2025-12-18;18;2637
7;2025-12-18;19;1582
7;2025-12-18;20;1093
7;2025-12-18;21;646
7;2025-12-18;22;301
7;2025-12-18;23;192
7;2025-12-19;0;67
7;2025-12-19;1;14
7;2025-12-19;2;0
7;2025-12-19;3;0
7;2025-12-19;4;2
7;2025-12-19;5;190
7;2025-12-19;6;672
7;2025-12-19;7;1594
7;2025-12-19;8;2425
7;2025-12-19;9;1869
7;2025-12-19;10;1766
7;2025-12-19;11;1600
7;2025-12-19;12;1707
7;2025-12-19;13;1696
7;2025-12-19;14;1763
7;2025-12-19;15;1887
7;2025-12-19;16;2032
7;2025-12-19;17;2464
7;2025-12-19;18;2320
7;2025-12-19;19;1603
7;2025-12-19;20;1062
7;2025-12-19;21;630
7;2025-12-19;22;309
7;2025-12-19;23;217
7;2025-12-20;0;102
7;2025-12-20;1;27
7;2025-12-20;2;0
7;2025-12-20;3;0
7;2025-12-20;4;0
7;2025-12-20;5;59
7;2025-12-20;6;326
7;2025-12-20;7;525
7;2025-12-20;8;823
7;2025-12-20;9;951
7;2025-12-20;10;1010
7;2025-12-20;11;1173
7;2025-12-20;12;1392
7;2025-12-20;13;1356
7;2025-12-20;14;1465
7;2025-12-20;15;1303
7;2025-12-20;16;1252
7;2025-12-20;17;1243
7;2025-12-20;18;1175
7;2025-12-20;19;1191
7;2025-12-20;20;873
7;2025-12-20;21;705
7;2025-12-20;22;388
7;2025-12-20;23;231
7;2025-12-21;0;115
7;2025-12-21;1;28
7;2025-12-21;2;0
7;2025-12-21;3;0
7;2025-12-21;4;0
7;2025-12-21;5;36
7;2025-12-21;6;219
7;2025-12-21;7;362
7;2025-12-21;8;562
7;2025-12-21;9;739
7;2025-12-21;10;828
7;2025-12-21;11;1040
7;2025-12-21;12;1169
7;2025-12-21;13;1214
7;2025-12-21;14;1313
7;2025-12-21;15;1278
7;2025-12-21;16;1153
7;2025-12-21;17;1254
7;2025-12-21;18;1074
7;2025-12-21;19;930
7;2025-12-21;20;791
7;2025-12-21;21;633
7;2025-12-21;22;364
7;2025-12-21;23;199
7;2025-12-22;0;62
7;2025-12-22;1;13
7;2025-12-22;2;0
7;2025-12-22;3;0
7;2025-12-22;4;1
7;2025-12-22;5;192
7;2025-12-22;6;671
7;2025-12-22;7;1601
7;2025-12-22;8;2460
7;2025-12-22;9;1885
7;2025-12-22;10;1716
7;2025-12-22;11;1528
7;2025-12-22;12;1642
7;2025-12-22;13;1593
7;2025-12-22;14;1676
7;2025-12-22;15;1778
7;2025-12-22;16;1895
7;2025-12-22;17;2428
7;2025-12-22;18;2565
7;2025-12-22;19;1707
7;2025-12-22;20;1067
7;2025-12-22;21;609
7;2025-12-22;22;271
7;2025-12-22;23;170
7;2025-12-23;0;53
7;2025-12-23;1;11
7;2025-12-23;2;0
7;2025-12-23;3;0
7;2025-12-23;4;1
7;2025-12-23;5;198
7;2025-12-23;6;705
7;2025-12-23;7;1652
7;2025-12-23;8;2537
7;2025-12-23;9;1939
7;2025-12-23;10;1770
7;2025-12-23;11;1595
7;2025-12-23;12;1694
7;2025-12-23;13;1638
7;2025-12-23;14;1711
7;2025-12-23;15;1841
7;2025-12-23;16;1935
7;2025-12-23;17;2495
7;2025-12-23;18;2631
7;2025-12-23;19;1781
7;2025-12-23;20;1100
7;2025-12-23;21;648
7;2025-12-23;22;292
7;2025-12-23;23;183
7;2025-12-24;0;57
7;2025-12-24;1;9
7;2025-12-24;2;0
7;2025-12-24;3;0
7;2025-12-24;4;1
7;2025-12-24;5;202
7;2025-12-24;6;700
7;2025-12-24;7;1627
7;2025-12-24;8;2546
7;2025-12-24;9;1957
7;2025-12-24;10;1813
7;2025-12-24;11;1599
7;2025-12-24;12;1699
7;2025-12-24;13;1642
7;2025-12-24;14;1731
7;2025-12-24;15;1851
7;2025-12-24;16;1969
7;2025-12-24;17;2537
7;2025-12-24;18;2643
7;2025-12-24;19;1763
7;2025-12-24;20;1105
7;2025-12-24;21;652
7;2025-12-24;22;302
7;2025-12-24;23;189
7;2025-12-25;0;63
7;2025-12-25;1;13
7;2025-12-25;2;0
7;2025-12-25;3;0
7;2025-12-25;4;3
7;2025-12-25;5;195
7;2025-12-25;6;684
7;2025-12-25;7;1604
7;2025-12-25;8;2471
7;2025-12-25;9;1893
7;2025-12-25;10;1720
7;2025-12-25;11;1564
7;2025-12-25;12;1672
7;2025-12-25;13;1614
7;2025-12-25;14;1706
7;2025-12-25;15;1787
7;2025-12-25;16;1916
7;2025-12-25;17;2432
7;2025-12-25;18;2599
7;2025-12-25;19;1701
7;2025-12-25;20;1074
7;2025-12-25;21;632
7;2025-12-25;22;295
7;2025-12-25;23;186
7;2025-12-26;0;64
7;2025-12-26;1;12
7;2025-12-26;2;0
7;2025-12-26;3;0
7;2025-12-26;4;2
7;2025-12-26;5;187
7;2025-12-26;6;657
7;2025-12-26;7;1541
7;2025-12-26;8;2333
7;2025-12-26;9;1805
7;2025-12-26;10;1697
7;2025-12-26;11;1531
7;2025-12-26;12;1632
7;2025-12-26;13;1623
7;2025-12-26;14;1687
7;2025-12-26;15;1810
7;2025-12-26;16;1956
7;2025-12-26;17;2368
7;2025-12-26;18;2232
7;2025-12-26;19;1546
7;2025-12-26;20;1023
7;2025-12-26;21;602
7;2025-12-26;22;298
7;2025-12-26;23;209
7;2025-12-27;0;102
7;2025-12-27;1;27
7;2025-12-27;2;0
7;2025-12-27;3;0
7;2025-12-27;4;0
7;2025-12-27;5;59
7;2025-12-27;6;326
7;2025-12-27;7;525
7;2025-12-27;8;823
7;2025-12-27;9;951
7;2025-12-27;10;1010
7;2025-12-27;11;1173
7;2025-12-27;12;1392
7;2025-12-27;13;1356
7;2025-12-27;14;1465
7;2025-12-27;15;1303
7;2025-12-27;16;1252
7;2025-12-27;17;1243
7;2025-12-27;18;1175
7;2025-12-27;19;1191
7;2025-12-27;20;873
7;2025-12-27;21;705
7;2025-12-27;22;388
7;2025-12-27;23;231
7;2025-12-28;0;115
7;2025-12-28;1;28
7;2025-12-28;2;0
7;2025-12-28;3;0
7;2025-12-28;4;0
7;2025-12-28;5;36
7;2025-12-28;6;219
7;2025-12-28;7;362
7;2025-12-28;8;562
7;2025-12-28;9;739
7;2025-12-28;10;828
7;2025-12-28;11;1040
7;2025-12-28;12;1169
7;2025-12-28;13;1214
7;2025-12-28;14;1313
7;2025-12-28;15;1278
7;2025-12-28;16;1153
7;2025-12-28;17;1254
7;2025-12-28;18;1074
7;2025-12-28;19;930
7;2025-12-28;20;791
7;2025-12-28;21;633
7;2025-12-28;22;364
7;2025-12-28;23;199
7;2025-12-29;0;55
7;2025-12-29;1;8
7;2025-12-29;2;0
7;2025-12-29;3;0
7;2025-12-29;4;1
7;2025-12-29;5;169
7;2025-12-29;6;598
7;2025-12-29;7;1409
7;2025-12-29;8;2156
7;2025-12-29;9;1660
7;2025-12-29;10;1502
7;2025-12-29;11;1333
7;2025-12-29;12;1433
7;2025-12-29;13;1393
7;2025-12-29;14;1464
7;2025-12-29;15;1558
7;2025-12-29;16;1663
7;2025-12-29;17;2126
7;2025-12-29;18;2244
7;2025-12-29;19;1500
7;2025-12-29;20;934
7;2025-12-29;21;532
7;2025-12-29;22;236
7;2025-12-29;23;148
7;2025-12-30;0;48
7;2025-12-30;1;9
7;2025-12-30;2;0
7;2025-12-30;3;0
7;2025-12-30;4;1
7;2025-12-30;5;171
7;2025-12-30;6;610
7;2025-12-30;7;1428
7;2025-12-30;8;2169
7;2025-12-30;9;1674
7;2025-12-30;10;1523
7;2025-12-30;11;1375
7;2025-12-30;12;1461
7;2025-12-30;13;1410
7;2025-12-30;14;1475
7;2025-12-30;15;1590
7;2025-12-30;16;1678
7;2025-12-30;17;2139
7;2025-12-30;18;2244
7;2025-12-30;19;1527
7;2025-12-30;20;951
7;2025-12-30;21;560
7;2025-12-30;22;255
7;2025-12-30;23;158
7;2025-12-31;0;99
7;2025-12-31;1;24
7;2025-12-31;2;0
7;2025-12-31;3;0
7;2025-12-31;4;0
7;2025-12-31;5;31
7;2025-12-31;6;187
7;2025-12-31;7;310
7;2025-12-31;8;481
7;2025-12-31;9;633
7;2025-12-31;10;708
7;2025-12-31;11;889
7;2025-12-31;12;1000
7;2025-12-31;13;1038
7;2025-12-31;14;1121
7;2025-12-31;15;1092
7;2025-12-31;16;986
7;2025-12-31;17;1072
7;2025-12-31;18;918
7;2025-12-31;19;796
7;2025-12-31;20;0
7;2025-12-31;21;0
7;2025-12-31;22;0
7;2025-12-31;23;0
11;2025-11-01;0;61
11;2025-11-01;1;0
11;2025-11-01;2;0
11;2025-11-01;3;0
11;2025-11-01;4;0
11;2025-11-01;5;225
11;2025-11-01;6;1190
11;2025-11-01;7;2218
11;2025-11-01;8;2870
11;2025-11-01;9;2183
11;2025-11-01;10;1844
11;2025-11-01;11;1754
11;2025-11-01;12;1824
11;2025-11-01;13;1866
11;2025-11-01;14;1914
11;2025-11-01;15;1869
11;2025-11-01;16;2088
11;2025-11-01;17;2589
11;2025-11-01;18;2651
11;2025-11-01;19;2004
11;2025-11-01;20;1258
11;2025-11-01;21;740
11;2025-11-01;22;336
11;2025-11-01;23;222
11;2025-11-02;0;114
11;2025-11-02;1;16
11;2025-11-02;2;0
11;2025-11-02;3;0
11;2025-11-02;4;0
11;2025-11-02;5;110
11;2025-11-02;6;495
11;2025-11-02;7;514
11;2025-11-02;8;748
11;2025-11-02;9;1007
11;2025-11-02;10;1082
11;2025-11-02;11;1536
11;2025-11-02;12;1652
11;2025-11-02;13;1630
11;2025-11-02;14;1689
11;2025-11-02;15;1650
11;2025-11-02;16;1571
11;2025-11-02;17;1754
11;2025-11-02;18;1290
11;2025-11-02;19;1066
11;2025-11-02;20;807
11;2025-11-02;21;605
11;2025-11-02;22;357
11;2025-11-02;23;248
11;2025-11-03;0;108
11;2025-11-03;1;16
11;2025-11-03;2;0
11;2025-11-03;3;0
11;2025-11-03;4;0
11;2025-11-03;5;105
11;2025-11-03;6;473
11;2025-11-03;7;483
11;2025-11-03;8;697
11;2025-11-03;9;935
11;2025-11-03;10;984
11;2025-11-03;11;1414
11;2025-11-03;12;1498
11;2025-11-03;13;1484
11;2025-11-03;14;1543
11;2025-11-03;15;1515
11;2025-11-03;16;1429
11;2025-11-03;17;1625
11;2025-11-03;18;1233
11;2025-11-03;19;1015
11;2025-11-03;20;758
11;2025-11-03;21;570
11;2025-11-03;22;339
11;2025-11-03;23;231
11;2025-11-04;0;102
11;2025-11-04;1;15
11;2025-11-04;2;0
11;2025-11-04;3;0
11;2025-11-04;4;0
11;2025-11-04;5;99
11;2025-11-04;6;453
11;2025-11-04;7;477
11;2025-11-04;8;693
11;2025-11-04;9;912
11;2025-11-04;10;973
11;2025-11-04;11;1373
11;2025-11-04;12;1474
11;2025-11-04;13;1457
11;2025-11-04;14;1530
11;2025-11-04;15;1478
11;2025-11-04;16;1399
11;2025-11-04;17;1593
11;2025-11-04;18;1190
11;2025-11-04;19;977
11;2025-11-04;20;741
11;2025-11-04;21;555
11;2025-11-04;22;331
11;2025-11-04;23;225
11;2025-11-05;0;63
11;2025-11-05;1;0
11;2025-11-05;2;0
11;2025-11-05;3;0
11;2025-11-05;4;0
11;2025-11-05;5;248
11;2025-11-05;6;1280
11;2025-11-05;7;2426
11;2025-11-05;8;3168
11;2025-11-05;9;2367
11;2025-11-05;10;1987
11;2025-11-05;11;1925
11;2025-11-05;12;1979
11;2025-11-05;13;2040
11;2025-11-05;14;2073
11;2025-11-05;15;1998
11;2025-11-05;16;2211
11;2025-11-05;17;2817
11;2025-11-05;18;2997
11;2025-11-05;19;2255
11;2025-11-05;20;1392
11;2025-11-05;21;817
11;2025-11-05;22;375
11;2025-11-05;23;236
11;2025-11-06;0;65
11;2025-11-06;1;0
11;2025-11-06;2;0
11;2025-11-06;3;0
11;2025-11-06;4;0
11;2025-11-06;5;250
11;2025-11-06;6;1304
11;2025-11-06;7;2430
11;2025-11-06;8;3149
11;2025-11-06;9;2411
11;2025-11-06;10;2041
11;2025-11-06;11;1907
11;2025-11-06;12;2000
11;2025-11-06;13;2029
11;2025-11-06;14;2079
11;2025-11-06;15;2014
11;2025-11-06;16;2282
11;2025-11-06;17;2821
11;2025-11-06;18;3021
11;2025-11-06;19;2243
11;2025-11-06;20;1408
11;2025-11-06;21;833
11;2025-11-06;22;389
11;2025-11-06;23;254
11;2025-11-07;0;68
11;2025-11-07;1;0
11;2025-11-07;2;0
11;2025-11-07;3;0
11;2025-11-07;4;0
11;2025-11-07;5;252
11;2025-11-07;6;1306
11;2025-11-07;7;2402
11;2025-11-07;8;3110
11;2025-11-07;9;2355
11;2025-11-07;10;1998
11;2025-11-07;11;1880
11;2025-11-07;12;1994
11;2025-11-07;13;1996
11;2025-11-07;14;2090
11;2025-11-07;15;2048
11;2025-11-07;16;2343
11;2025-11-07;17;2826
11;2025-11-07;18;2670
11;2025-11-07;19;2114
11;2025-11-07;20;1368
11;2025-11-07;21;838
11;2025-11-07;22;391
11;2025-11-07;23;282
11;2025-11-08;0;109
11;2025-11-08;1;3
11;2025-11-08;2;0
11;2025-11-08;3;0
11;2025-11-08;4;0
11;2025-11-08;5;181
11;2025-11-08;6;850
11;2025-11-08;7;803
11;2025-11-08;8;1095
11;2025-11-08;9;1238
11;2025-11-08;10;1434
11;2025-11-08;11;1758
11;2025-11-08;12;2005
11;2025-11-08;13;1910
11;2025-11-08;14;2061
11;2025-11-08;15;1925
11;2025-11-08;16;1848
11;2025-11-08;17;1953
11;2025-11-08;18;1548
11;2025-11-08;19;1512
11;2025-11-08;20;1008
11;2025-11-08;21;752
11;2025-11-08;22;429
11;2025-11-08;23;311
11;2025-11-09;0;116
11;2025-11-09;1;15
11;2025-11-09;2;0
11;2025-11-09;3;0
11;2025-11-09;4;0
11;2025-11-09;5;111
11;2025-11-09;6;488
11;2025-11-09;7;510
11;2025-11-09;8;745
11;2025-11-09;9;1001
11;2025-11-09;10;1073
11;2025-11-09;11;1530
11;2025-11-09;12;1642
11;2025-11-09;13;1620
11;2025-11-09;14;1688
11;2025-11-09;15;1645
11;2025-11-09;16;1555
11;2025-11-09;17;1749
11;2025-11-09;18;1284
11;2025-11-09;19;1054
11;2025-11-09;20;805
11;2025-11-09;21;610
11;2025-11-09;22;363
11;2025-11-09;23;251
11;2025-11-10;0;70
11;2025-11-10;1;0
11;2025-11-10;2;0
11;2025-11-10;3;0
11;2025-11-10;4;0
11;2025-11-10;5;254
11;2025-11-10;6;1321
11;2025-11-10;7;2453
11;2025-11-10;8;3195
11;2025-11-10;9;2409
11;2025-11-10;10;1975
11;2025-11-10;11;1909
11;2025-11-10;12;1953
11;2025-11-10;13;2016
11;2025-11-10;14;2050
11;2025-11-10;15;2046
11;2025-11-10;16;2276
11;2025-11-10;17;2851
11;2025-11-10;18;3042
11;2025-11-10;19;2283
11;2025-11-10;20;1381
11;2025-11-10;21;803
11;2025-11-10;22;363
11;2025-11-10;23;222
11;2025-11-11;0;60
11;2025-11-11;1;0
11;2025-11-11;2;0
11;2025-11-11;3;0
11;2025-11-11;4;0
11;2025-11-11;5;247
11;2025-11-11;6;1319
11;2025-11-11;7;2490
11;2025-11-11;8;3261
11;2025-11-11;9;2446
11;2025-11-11;10;2044
11;2025-11-11;11;1919
11;2025-11-11;12;1998
11;2025-11-11;13;2058
11;2025-11-11;14;2107
11;2025-11-11;15;2041
11;2025-11-11;16;2293
11;2025-11-11;17;2873
11;2025-11-11;18;3040
11;2025-11-11;19;2273
11;2025-11-11;20;1405
11;2025-11-11;21;821
11;2025-11-11;22;372
11;2025-11-11;23;229
11;2025-11-12;0;63
11;2025-11-12;1;0
11;2025-11-12;2;0
11;2025-11-12;3;0
11;2025-11-12;4;0
11;2025-11-12;5;253
11;2025-11-12;6;1280
11;2025-11-12;7;2446
11;2025-11-12;8;3194
11;2025-11-12;9;2391
11;2025-11-12;10;2003
11;2025-11-12;11;1938
11;2025-11-12;12;1992
11;2025-11-12;13;2060
11;2025-11-12;14;2088
11;2025-11-12;15;2016
11;2025-11-12;16;2232
11;2025-11-12;17;2839
11;2025-11-12;18;3011
11;2025-11-12;19;2263
11;2025-11-12;20;1392
11;2025-11-12;21;820
11;2025-11-12;22;376
11;2025-11-12;23;237
11;2025-11-13;0;66
11;2025-11-13;1;0
11;2025-11-13;2;0
11;2025-11-13;3;0
11;2025-11-13;4;0
11;2025-11-13;5;253
11;2025-11-13;6;1311
11;2025-11-13;7;2462
11;2025-11-13;8;3192
11;2025-11-13;9;2447
11;2025-11-13;10;2066
11;2025-11-13;11;1937
11;2025-11-13;12;2036
11;2025-11-13;13;2067
11;2025-11-13;14;2113
11;2025-11-13;15;2054
11;2025-11-13;16;2323
11;2025-11-13;17;2866
11;2025-11-13;18;3063
11;2025-11-13;19;2265
11;2025-11-13;20;1425
11;2025-11-13;21;848
11;2025-11-13;22;396
11;2025-11-13;23;255
11;2025-11-14;0;67
11;2025-11-14;1;0
11;2025-11-14;2;0
11;2025-11-14;3;0
11;2025-11-14;4;0
11;2025-11-14;5;257
11;2025-11-14;6;1313
11;2025-11-14;7;2426
11;2025-11-14;8;3149
11;2025-11-14;9;2386
11;2025-11-14;10;2023
11;2025-11-14;11;1907
11;2025-11-14;12;2023
11;2025-11-14;13;2026
11;2025-11-14;14;2118
11;2025-11-14;15;2076
11;2025-11-14;16;2377
11;2025-11-14;17;2862
11;2025-11-14;18;2694
11;2025-11-14;19;2126
11;2025-11-14;20;1375
11;2025-11-14;21;845
11;2025-11-14;22;391
11;2025-11-14;23;281
11;2025-11-15;0;104
11;2025-11-15;1;4
11;2025-11-15;2;0
11;2025-11-15;3;0
11;2025-11-15;4;0
11;2025-11-15;5;176
11;2025-11-15;6;809
11;2025-11-15;7;772
11;2025-11-15;8;1053
11;2025-11-15;9;1191
11;2025-11-15;10;1371
11;2025-11-15;11;1685
11;2025-11-15;12;1925
11;2025-11-15;13;1842
11;2025-11-15;14;1979
11;2025-11-15;15;1856
11;2025-11-15;16;1783
11;2025-11-15;17;1880
11;2025-11-15;18;1482
11;2025-11-15;19;1446
11;2025-11-15;20;959
11;2025-11-15;21;723
11;2025-11-15;22;413
11;2025-11-15;23;300
11;2025-11-16;0;115
11;2025-11-16;1;15
11;2025-11-16;2;0
11;2025-11-16;3;0
11;2025-11-16;4;0
11;2025-11-16;5;111
11;2025-11-16;6;481
11;2025-11-16;7;511
11;2025-11-16;8;745
11;2025-11-16;9;1003
11;2025-11-16;10;1070
11;2025-11-16;11;1534
11;2025-11-16;12;1646
11;2025-11-16;13;1633
11;2025-11-16;14;1697
11;2025-11-16;15;1655
11;2025-11-16;16;1563
11;2025-11-16;17;1753
11;2025-11-16;18;1284
11;2025-11-16;19;1053
11;2025-11-16;20;801
11;2025-11-16;21;611
11;2025-11-16;22;363
11;2025-11-16;23;254
11;2025-11-17;0;70
11;2025-11-17;1;0
11;2025-11-17;2;0
11;2025-11-17;3;0
11;2025-11-17;4;0
11;2025-11-17;5;253
11;2025-11-17;6;1294
11;2025-11-17;7;2421
11;2025-11-17;8;3149
11;2025-11-17;9;2382
11;2025-11-17;10;1948
11;2025-11-17;11;1887
11;2025-11-17;12;1923
11;2025-11-17;13;1988
11;2025-11-17;14;2017
11;2025-11-17;15;2014
11;2025-11-17;16;2243
11;2025-11-17;17;2812
11;2025-11-17;18;3000
11;2025-11-17;19;2242
11;2025-11-17;20;1360
11;2025-11-17;21;795
11;2025-11-17;22;359
11;2025-11-17;23;220
11;2025-11-18;0;61
11;2025-11-18;1;0
11;2025-11-18;2;0
11;2025-11-18;3;0
11;2025-11-18;4;0
11;2025-11-18;5;241
11;2025-11-18;6;1282
11;2025-11-18;7;2404
11;2025-11-18;8;3141
11;2025-11-18;9;2361
11;2025-11-18;10;1960
11;2025-11-18;11;1843
11;2025-11-18;12;1915
11;2025-11-18;13;1970
11;2025-11-18;14;2022
11;2025-11-18;15;1959
11;2025-11-18;16;2208
11;2025-11-18;17;2775
11;2025-11-18;18;2929
11;2025-11-18;19;2183
11;2025-11-18;20;1359
11;2025-11-18;21;798
11;2025-11-18;22;359
11;2025-11-18;23;222
11;2025-11-19;0;63
11;2025-11-19;1;0
11;2025-11-19;2;0
11;2025-11-19;3;0
11;2025-11-19;4;0
11;2025-11-19;5;257
11;2025-11-19;6;1282
11;2025-11-19;7;2465
11;2025-11-19;8;3226
11;2025-11-19;9;2416
11;2025-11-19;10;2022
11;2025-11-19;11;1960
11;2025-11-19;12;2022
11;2025-11-19;13;2096
11;2025-11-19;14;2120
11;2025-11-19;15;2045
11;2025-11-19;16;2262
11;2025-11-19;17;2870
11;2025-11-19;18;3041
11;2025-11-19;19;2276
11;2025-11-19;20;1398
11;2025-11-19;21;827
11;2025-11-19;22;378
11;2025-11-19;23;236
11;2025-11-20;0;65
11;2025-11-20;1;0
11;2025-11-20;2;0
11;2025-11-20;3;0
11;2025-11-20;4;0
11;2025-11-20;5;258
11;2025-11-20;6;1307
11;2025-11-20;7;2470
11;2025-11-20;8;3208
11;2025-11-20;9;2462
11;2025-11-20;10;2073
11;2025-11-20;11;1949
11;2025-11-20;12;2048
11;2025-11-20;13;2090
11;2025-11-20;14;2127
11;2025-11-20;15;2071
11;2025-11-20;16;2341
11;2025-11-20;17;2883
11;2025-11-20;18;3075
11;2025-11-20;19;2264
11;2025-11-20;20;1420
11;2025-11-20;21;850
11;2025-11-20;22;394
11;2025-11-20;23;254
11;2025-11-21;0;67
11;2025-11-21;1;0
11;2025-11-21;2;0
11;2025-11-21;3;0
11;2025-11-21;4;0
11;2025-11-21;5;259
11;2025-11-21;6;1308
11;2025-11-21;7;2435
11;2025-11-21;8;3163
11;2025-11-21;9;2400
11;2025-11-21;10;2024
11;2025-11-21;11;1914
11;2025-11-21;12;2033
11;2025-11-21;13;2046
11;2025-11-21;14;2129
11;2025-11-21;15;2090
11;2025-11-21;16;2391
11;2025-11-21;17;2876
11;2025-11-21;18;2704
11;2025-11-21;19;2126
11;2025-11-21;20;1369
11;2025-11-21;21;844
11;2025-11-21;22;392
11;2025-11-21;23;280
11;2025-11-22;0;106
11;2025-11-22;1;1
11;2025-11-22;2;0
11;2025-11-22;3;0
11;2025-11-22;4;0
11;2025-11-22;5;179
11;2025-11-22;6;816
11;2025-11-22;7;784
11;2025-11-22;8;1066
11;2025-11-22;9;1211
11;2025-11-22;10;1394
11;2025-11-22;11;1716
11;2025-11-22;12;1963
11;2025-11-22;13;1876
11;2025-11-22;14;2021
11;2025-11-22;15;1891
11;2025-11-22;16;1816
11;2025-11-22;17;1910
11;2025-11-22;18;1509
11;2025-11-22;19;1465
11;2025-11-22;20;975
11;2025-11-22;21;736
11;2025-11-22;22;414
11;2025-11-22;23;303
11;2025-11-23;0;113
11;2025-11-23;1;15
11;2025-11-23;2;0
11;2025-11-23;3;0
11;2025-11-23;4;0
11;2025-11-23;5;110
11;2025-11-23;6;472
11;2025-11-23;7;508
11;2025-11-23;8;741
11;2025-11-23;9;998
11;2025-11-23;10;1068
11;2025-11-23;11;1524
11;2025-11-23;12;1637
11;2025-11-23;13;1621
11;2025-11-23;14;1687
11;2025-11-23;15;1645
11;2025-11-23;16;1554
11;2025-11-23;17;1740
11;2025-11-23;18;1271
11;2025-11-23;19;1036
11;2025-11-23;20;795
11;2025-11-23;21;610
11;2025-11-23;22;362
11;2025-11-23;23;254
11;2025-11-24;0;71
11;2025-11-24;1;0
11;2025-11-24;2;0
11;2025-11-24;3;0
11;2025-11-24;4;0
11;2025-11-24;5;248
11;2025-11-24;6;1262
11;2025-11-24;7;2369
11;2025-11-24;8;3087
11;2025-11-24;9;2334
11;2025-11-24;10;1904
11;2025-11-24;11;1834
11;2025-11-24;12;1876
11;2025-11-24;13;1947
11;2025-11-24;14;1972
11;2025-11-24;15;1974
11;2025-11-24;16;2205
11;2025-11-24;17;2761
11;2025-11-24;18;2941
11;2025-11-24;19;2194
11;2025-11-24;20;1330
11;2025-11-24;21;782
11;2025-11-24;22;353
11;2025-11-24;23;215
11;2025-11-25;0;60
11;2025-11-25;1;0
11;2025-11-25;2;0
11;2025-11-25;3;0
11;2025-11-25;4;0
11;2025-11-25;5;252
11;2025-11-25;6;1305
11;2025-11-25;7;2489
11;2025-11-25;8;3265
11;2025-11-25;9;2456
11;2025-11-25;10;2042
11;2025-11-25;11;1918
11;2025-11-25;12;2000
11;2025-11-25;13;2071
11;2025-11-25;14;2115
11;2025-11-25;15;2053
11;2025-11-25;16;2305
11;2025-11-25;17;2882
11;2025-11-25;18;3041
11;2025-11-25;19;2259
11;2025-11-25;20;1397
11;2025-11-25;21;822
11;2025-11-25;22;370
11;2025-11-25;23;228
11;2025-11-26;0;63
11;2025-11-26;1;0
11;2025-11-26;2;0
11;2025-11-26;3;0
11;2025-11-26;4;0
11;2025-11-26;5;254
11;2025-11-26;6;1249
11;2025-11-26;7;2406
11;2025-11-26;8;3155
11;2025-11-26;9;2365
11;2025-11-26;10;1970
11;2025-11-26;11;1903
11;2025-11-26;12;1962
11;2025-11-26;13;2039
11;2025-11-26;14;2063
11;2025-11-26;15;1994
11;2025-11-26;16;2205
11;2025-11-26;17;2798
11;2025-11-26;18;2965
11;2025-11-26;19;2210
11;2025-11-26;20;1360
11;2025-11-26;21;806
11;2025-11-26;22;365
11;2025-11-26;23;229
11;2025-11-27;0;65
11;2025-11-27;1;0
11;2025-11-27;2;0
11;2025-11-27;3;0
11;2025-11-27;4;0
11;2025-11-27;5;254
11;2025-11-27;6;1284
11;2025-11-27;7;2417
11;2025-11-27;8;3140
11;2025-11-27;9;2413
11;2025-11-27;10;2029
11;2025-11-27;11;1897
11;2025-11-27;12;1993
11;2025-11-27;13;2033
11;2025-11-27;14;2071
11;2025-11-27;15;2017
11;2025-11-27;16;2291
11;2025-11-27;17;2816
11;2025-11-27;18;3005
11;2025-11-27;19;2205
11;2025-11-27;20;1390
11;2025-11-27;21;830
11;2025-11-27;22;386
11;2025-11-27;23;246
11;2025-11-28;0;68
11;2025-11-28;1;0
11;2025-11-28;2;0
11;2025-11-28;3;0
11;2025-11-28;4;0
11;2025-11-28;5;259
11;2025-11-28;6;1285
11;2025-11-28;7;2390
11;2025-11-28;8;3113
11;2025-11-28;9;2363
11;2025-11-28;10;1989
11;2025-11-28;11;1877
11;2025-11-28;12;1990
11;2025-11-28;13;2006
11;2025-11-28;14;2092
11;2025-11-28;15;2057
11;2025-11-28;16;2355
11;2025-11-28;17;2831
11;2025-11-28;18;2667
11;2025-11-28;19;2090
11;2025-11-28;20;1352
11;2025-11-28;21;837
11;2025-11-28;22;386
11;2025-11-28;23;274
11;2025-11-29;0;107
11;2025-11-29;1;3
11;2025-11-29;2;0
11;2025-11-29;3;0
11;2025-11-29;4;0
11;2025-11-29;5;185
11;2025-11-29;6;830
11;2025-11-29;7;803
11;2025-11-29;8;1091
11;2025-11-29;9;1241
11;2025-11-29;10;1428
11;2025-11-29;11;1759
11;2025-11-29;12;2009
11;2025-11-29;13;1922
11;2025-11-29;14;2067
11;2025-11-29;15;1935
11;2025-11-29;16;1861
11;2025-11-29;17;1950
11;2025-11-29;18;1539
11;2025-11-29;19;1491
11;2025-11-29;20;997
11;2025-11-29;21;755
11;2025-11-29;22;427
11;2025-11-29;23;313
11;2025-11-30;0;115
11;2025-11-30;1;16
11;2025-11-30;2;0
11;2025-11-30;3;0
11;2025-11-30;4;0
11;2025-11-30;5;110
11;2025-11-30;6;466
11;2025-11-30;7;505
11;2025-11-30;8;734
11;2025-11-30;9;990
11;2025-11-30;10;1059
11;2025-11-30;11;1515
11;2025-11-30;12;1626
11;2025-11-30;13;1609
11;2025-11-30;14;1676
11;2025-11-30;15;1639
11;2025-11-30;16;1551
11;2025-11-30;17;1729
11;2025-11-30;18;1265
11;2025-11-30;19;1032
11;2025-11-30;20;796
11;2025-11-30;21;611
11;2025-11-30;22;361
11;2025-11-30;23;255
11;2025-12-01;0;74
11;2025-12-01;1;0
11;2025-12-01;2;0
11;2025-12-01;3;0
11;2025-12-01;4;0
11;2025-12-01;5;261
11;2025-12-01;6;1310
11;2025-12-01;7;2462
11;2025-12-01;8;3214
11;2025-12-01;9;2432
11;2025-12-01;10;1980
11;2025-12-01;11;1919
11;2025-12-01;12;1961
11;2025-12-01;13;2041
11;2025-12-01;14;2066
11;2025-12-01;15;2069
11;2025-12-01;16;2308
11;2025-12-01;17;2875
11;2025-12-01;18;3055
11;2025-12-01;19;2271
11;2025-12-01;20;1379
11;2025-12-01;21;813
11;2025-12-01;22;366
11;2025-12-01;23;220
11;2025-12-02;0;63
11;2025-12-02;1;0
11;2025-12-02;2;0
11;2025-12-02;3;0
11;2025-12-02;4;0
11;2025-12-02;5;256
11;2025-12-02;6;1307
11;2025-12-02;7;2496
11;2025-12-02;8;3276
11;2025-12-02;9;2467
11;2025-12-02;10;2047
11;2025-12-02;11;1926
11;2025-12-02;12;2006
11;2025-12-02;13;2081
11;2025-12-02;14;2123
11;2025-12-02;15;2064
11;2025-12-02;16;2321
11;2025-12-02;17;2894
11;2025-12-02;18;3049
11;2025-12-02;19;2258
11;2025-12-02;20;1406
11;2025-12-02;21;829
11;2025-12-02;22;373
11;2025-12-02;23;227
11;2025-12-03;0;66
11;2025-12-03;1;0
11;2025-12-03;2;0
11;2025-12-03;3;0
11;2025-12-03;4;0
11;2025-12-03;5;264
11;2025-12-03;6;1280
11;2025-12-03;7;2470
11;2025-12-03;8;3240
11;2025-12-03;9;2432
11;2025-12-03;10;2025
11;2025-12-03;11;1965
11;2025-12-03;12;2027
11;2025-12-03;13;2110
11;2025-12-03;14;2130
11;2025-12-03;15;2060
11;2025-12-03;16;2282
11;2025-12-03;17;2885
11;2025-12-03;18;3051
11;2025-12-03;19;2271
11;2025-12-03;20;1406
11;2025-12-03;21;835
11;2025-12-03;22;383
11;2025-12-03;23;238
11;2025-12-04;0;67
11;2025-12-04;1;0
11;2025-12-04;2;0
11;2025-12-04;3;0
11;2025-12-04;4;0
11;2025-12-04;5;265
11;2025-12-04;6;1305
11;2025-12-04;7;2472
11;2025-12-04;8;3219
11;2025-12-04;9;2474
11;2025-12-04;10;2078
11;2025-12-04;11;1950
11;2025-12-04;12;2050
11;2025-12-04;13;2100
11;2025-12-04;14;2134
11;2025-12-04;15;2083
11;2025-12-04;16;2364
11;2025-12-04;17;2897
11;2025-12-04;18;3083
11;2025-12-04;19;2259
11;2025-12-04;20;1432
11;2025-12-04;21;860
11;2025-12-04;22;400
11;2025-12-04;23;255
11;2025-12-05;0;70
11;2025-12-05;1;0
11;2025-12-05;2;0
11;2025-12-05;3;0
11;2025-12-05;4;0
11;2025-12-05;5;269
11;2025-12-05;6;1314
11;2025-12-05;7;2451
11;2025-12-05;8;3191
11;2025-12-05;9;2425
11;2025-12-05;10;2040
11;2025-12-05;11;1927
11;2025-12-05;12;2044
11;2025-12-05;13;2064
11;2025-12-05;14;2149
11;2025-12-05;15;2113
11;2025-12-05;16;2423
11;2025-12-05;17;2904
11;2025-12-05;18;2714
11;2025-12-05;19;2124
11;2025-12-05;20;1386
11;2025-12-05;21;861
11;2025-12-05;22;400
11;2025-12-05;23;283
11;2025-12-06;0;110
11;2025-12-06;1;4
11;2025-12-06;2;0
11;2025-12-06;3;0
11;2025-12-06;4;0
11;2025-12-06;5;188
11;2025-12-06;6;837
11;2025-12-06;7;814
11;2025-12-06;8;1105
11;2025-12-06;9;1261
11;2025-12-06;10;1446
11;2025-12-06;11;1779
11;2025-12-06;12;2032
11;2025-12-06;13;1942
11;2025-12-06;14;2092
11;2025-12-06;15;1958
11;2025-12-06;16;1886
11;2025-12-06;17;1970
11;2025-12-06;18;1558
11;2025-12-06;19;1512
11;2025-12-06;20;1017
11;2025-12-06;21;772
11;2025-12-06;22;436
11;2025-12-06;23;322
11;2025-12-07;0;121
11;2025-12-07;1;16
11;2025-12-07;2;0
11;2025-12-07;3;0
11;2025-12-07;4;0
11;2025-12-07;5;116
11;2025-12-07;6;478
11;2025-12-07;7;523
11;2025-12-07;8;760
11;2025-12-07;9;1026
11;2025-12-07;10;1094
11;2025-12-07;11;1568
11;2025-12-07;12;1683
11;2025-12-07;13;1669
11;2025-12-07;14;1735
11;2025-12-07;15;1699
11;2025-12-07;16;1611
11;2025-12-07;17;1789
11;2025-12-07;18;1311
11;2025-12-07;19;1066
11;2025-12-07;20;825
11;2025-12-07;21;635
11;2025-12-07;22;374
11;2025-12-07;23;264
11;2025-12-08;0;73
11;2025-12-08;1;0
11;2025-12-08;2;0
11;2025-12-08;3;0
11;2025-12-08;4;0
11;2025-12-08;5;265
11;2025-12-08;6;1306
11;2025-12-08;7;2455
11;2025-12-08;8;3209
11;2025-12-08;9;2433
11;2025-12-08;10;1978
11;2025-12-08;11;1915
11;2025-12-08;12;1957
11;2025-12-08;13;2042
11;2025-12-08;14;2064
11;2025-12-08;15;2074
11;2025-12-08;16;2312
11;2025-12-08;17;2875
11;2025-12-08;18;3056
11;2025-12-08;19;2267
11;2025-12-08;20;1380
11;2025-12-08;21;816
11;2025-12-08;22;369
11;2025-12-08;23;220
11;2025-12-09;0;63
11;2025-12-09;1;0
11;2025-12-09;2;0
11;2025-12-09;3;0
11;2025-12-09;4;0
11;2025-12-09;5;258
11;2025-12-09;6;1298
11;2025-12-09;7;2478
11;2025-12-09;8;3259
11;2025-12-09;9;2459
11;2025-12-09;10;2034
11;2025-12-09;11;1913
11;2025-12-09;12;1991
11;2025-12-09;13;2073
11;2025-12-09;14;2110
11;2025-12-09;15;2059
11;2025-12-09;16;2316
11;2025-12-09;17;2880
11;2025-12-09;18;3034
11;2025-12-09;19;2246
11;2025-12-09;20;1401
11;2025-12-09;21;831
11;2025-12-09;22;374
11;2025-12-09;23;226
11;2025-12-10;0;66
11;2025-12-10;1;0
11;2025-12-10;2;0
11;2025-12-10;3;0
11;2025-12-10;4;0
11;2025-12-10;5;264
11;2025-12-10;6;1263
11;2025-12-10;7;2438
11;2025-12-10;8;3200
11;2025-12-10;9;2405
11;2025-12-10;10;1998
11;2025-12-10;11;1940
11;2025-12-10;12;1997
11;2025-12-10;13;2088
11;2025-12-10;14;2103
11;2025-12-10;15;2040
11;2025-12-10;16;2259
11;2025-12-10;17;2851
11;2025-12-10;18;3017
11;2025-12-10;19;2241
11;2025-12-10;20;1392
11;2025-12-10;21;831
11;2025-12-10;22;381
11;2025-12-10;23;234
11;2025-12-11;0;68
11;2025-12-11;1;0
11;2025-12-11;2;0
11;2025-12-11;3;0
11;2025-12-11;4;0
11;2025-12-11;5;264
11;2025-12-11;6;1280
11;2025-12-11;7;2419
11;2025-12-11;8;3147
11;2025-12-11;9;2424
11;2025-12-11;10;2030
11;2025-12-11;11;1903
11;2025-12-11;12;1999
11;2025-12-11;13;2051
11;2025-12-11;14;2085
11;2025-12-11;15;2043
11;2025-12-11;16;2317
11;2025-12-11;17;2833
11;2025-12-11;18;3020
11;2025-12-11;19;2205
11;2025-12-11;20;1402
11;2025-12-11;21;844
11;2025-12-11;22;393
11;2025-12-11;23;247
11;2025-12-12;0;70
11;2025-12-12;1;0
11;2025-12-12;2;0
11;2025-12-12;3;0
11;2025-12-12;4;0
11;2025-12-12;5;268
11;2025-12-12;6;1287
11;2025-12-12;7;2392
11;2025-12-12;8;3116
11;2025-12-12;9;2377
11;2025-12-12;10;1995
11;2025-12-12;11;1887
11;2025-12-12;12;1997
11;2025-12-12;13;2019
11;2025-12-12;14;2094
11;2025-12-12;15;2061
11;2025-12-12;16;2368
11;2025-12-12;17;2829
11;2025-12-12;18;2646
11;2025-12-12;19;2071
11;2025-12-12;20;1356
11;2025-12-12;21;846
11;2025-12-12;22;391
11;2025-12-12;23;275
11;2025-12-13;0;108
11;2025-12-13;1;4
11;2025-12-13;2;0
11;2025-12-13;3;0
11;2025-12-13;4;0
11;2025-12-13;5;189
11;2025-12-13;6;824
11;2025-12-13;7;802
11;2025-12-13;8;1084
11;2025-12-13;9;1243
11;2025-12-13;10;1421
11;2025-12-13;11;1755
11;2025-12-13;12;2002
11;2025-12-13;13;1861
11;2025-12-13;14;1672
11;2025-12-13;15;1936
11;2025-12-13;16;1866
11;2025-12-13;17;1944
11;2025-12-13;18;1542
11;2025-12-13;19;1494
11;2025-12-13;20;1002
11;2025-12-13;21;761
11;2025-12-13;22;431
11;2025-12-13;23;318
11;2025-12-14;0;117
11;2025-12-14;1;16
11;2025-12-14;2;0
11;2025-12-14;3;0
11;2025-12-14;4;0
11;2025-12-14;5;117
11;2025-12-14;6;474
11;2025-12-14;7;517
11;2025-12-14;8;745
11;2025-12-14;9;1013
11;2025-12-14;10;1077
11;2025-12-14;11;1549
11;2025-12-14;12;1658
11;2025-12-14;13;1653
11;2025-12-14;14;1710
11;2025-12-14;15;1680
11;2025-12-14;16;1593
11;2025-12-14;17;1768
11;2025-12-14;18;1299
11;2025-12-14;19;1055
11;2025-12-14;20;817
11;2025-12-14;21;630
11;2025-12-14;22;368
11;2025-12-14;23;261
11;2025-12-15;0;74
11;2025-12-15;1;0
11;2025-12-15;2;0
11;2025-12-15;3;0
11;2025-12-15;4;0
11;2025-12-15;5;274
11;2025-12-15;6;1306
11;2025-12-15;7;2447
11;2025-12-15;8;3195
11;2025-12-15;9;2437
11;2025-12-15;10;1966
11;2025-12-15;11;1911
11;2025-12-15;12;1951
11;2025-12-15;13;2053
11;2025-12-15;14;2055
11;2025-12-15;15;2075
11;2025-12-15;16;2315
11;2025-12-15;17;2876
11;2025-12-15;18;3059
11;2025-12-15;19;2272
11;2025-12-15;20;1383
11;2025-12-15;21;820
11;2025-12-15;22;372
11;2025-12-15;23;220
11;2025-12-16;0;63
11;2025-12-16;1;0
11;2025-12-16;2;0
11;2025-12-16;3;0
11;2025-12-16;4;0
11;2025-12-16;5;266
11;2025-12-16;6;1305
11;2025-12-16;7;2488
11;2025-12-16;8;3265
11;2025-12-16;9;2473
11;2025-12-16;10;2037
11;2025-12-16;11;1919
11;2025-12-16;12;1991
11;2025-12-16;13;2081
11;2025-12-16;14;2109
11;2025-12-16;15;2064
11;2025-12-16;16;2327
11;2025-12-16;17;2896
11;2025-12-16;18;3054
11;2025-12-16;19;2258
11;2025-12-16;20;1416
11;2025-12-16;21;840
11;2025-12-16;22;384
11;2025-12-16;23;228
11;2025-12-17;0;68
11;2025-12-17;1;0
11;2025-12-17;2;0
11;2025-12-17;3;0
11;2025-12-17;4;0
11;2025-12-17;5;270
11;2025-12-17;6;1276
11;2025-12-17;7;2461
11;2025-12-17;8;3231
11;2025-12-17;9;2435
11;2025-12-17;10;2017
11;2025-12-17;11;1959
11;2025-12-17;12;2018
11;2025-12-17;13;2111
11;2025-12-17;14;2124
11;2025-12-17;15;2067
11;2025-12-17;16;2293
11;2025-12-17;17;2889
11;2025-12-17;18;3062
11;2025-12-17;19;2270
11;2025-12-17;20;1414
11;2025-12-17;21;846
11;2025-12-17;22;390
11;2025-12-17;23;237
11;2025-12-18;0;68
11;2025-12-18;1;0
11;2025-12-18;2;0
11;2025-12-18;3;0
11;2025-12-18;4;0
11;2025-12-18;5;269
11;2025-12-18;6;1298
11;2025-12-18;7;2457
11;2025-12-18;8;3203
11;2025-12-18;9;2472
11;2025-12-18;10;2063
11;2025-12-18;11;1940
11;2025-12-18;12;2038
11;2025-12-18;13;2099
11;2025-12-18;14;2125
11;2025-12-18;15;2087
11;2025-12-18;16;2368
11;2025-12-18;17;2892
11;2025-12-18;18;3086
11;2025-12-18;19;2254
11;2025-12-18;20;1435
11;2025-12-18;21;869
11;2025-12-18;22;406
11;2025-12-18;23;254
11;2025-12-19;0;72
11;2025-12-19;1;0
11;2025-12-19;2;0
11;2025-12-19;3;0
11;2025-12-19;4;0
11;2025-12-19;5;276
11;2025-12-19;6;1308
11;2025-12-19;7;2435
11;2025-12-19;8;3175
11;2025-12-19;9;2422
11;2025-12-19;10;2027
11;2025-12-19;11;1917
11;2025-12-19;12;2033
11;2025-12-19;13;2068
11;2025-12-19;14;2138
11;2025-12-19;15;2118
11;2025-12-19;16;2431
11;2025-12-19;17;2905
11;2025-12-19;18;2720
11;2025-12-19;19;2120
11;2025-12-19;20;1389
11;2025-12-19;21;866
11;2025-12-19;22;402
11;2025-12-19;23;279
11;2025-12-20;0;110
11;2025-12-20;1;3
11;2025-12-20;2;0
11;2025-12-20;3;0
11;2025-12-20;4;0
11;2025-12-20;5;189
11;2025-12-20;6;827
11;2025-12-20;7;809
11;2025-12-20;8;1093
11;2025-12-20;9;1252
11;2025-12-20;10;1432
11;2025-12-20;11;1768
11;2025-12-20;12;2016
11;2025-12-20;13;1936
11;2025-12-20;14;2077
11;2025-12-20;15;1954
11;2025-12-20;16;1886
11;2025-12-20;17;1960
11;2025-12-20;18;1559
11;2025-12-20;19;1504
11;2025-12-20;20;1021
11;2025-12-20;21;774
11;2025-12-20;22;436
11;2025-12-20;23;322
11;2025-12-21;0;117
11;2025-12-21;1;15
11;2025-12-21;2;0
11;2025-12-21;3;0
11;2025-12-21;4;0
11;2025-12-21;5;117
11;2025-12-21;6;469
11;2025-12-21;7;515
11;2025-12-21;8;743
11;2025-12-21;9;1012
11;2025-12-21;10;1079
11;2025-12-21;11;1547
11;2025-12-21;12;1657
11;2025-12-21;13;1647
11;2025-12-21;14;1711
11;2025-12-21;15;1682
11;2025-12-21;16;1598
11;2025-12-21;17;1765
11;2025-12-21;18;1302
11;2025-12-21;19;1052
11;2025-12-21;20;826
11;2025-12-21;21;633
11;2025-12-21;22;371
11;2025-12-21;23;265
11;2025-12-22;0;76
11;2025-12-22;1;0
11;2025-12-22;2;0
11;2025-12-22;3;0
11;2025-12-22;4;0
11;2025-12-22;5;270
11;2025-12-22;6;1290
11;2025-12-22;7;2411
11;2025-12-22;8;3152
11;2025-12-22;9;2402
11;2025-12-22;10;1940
11;2025-12-22;11;1877
11;2025-12-22;12;1915
11;2025-12-22;13;2017
11;2025-12-22;14;2026
11;2025-12-22;15;2053
11;2025-12-22;16;2287
11;2025-12-22;17;2838
11;2025-12-22;18;3018
11;2025-12-22;19;2233
11;2025-12-22;20;1367
11;2025-12-22;21;815
11;2025-12-22;22;368
11;2025-12-22;23;216
11;2025-12-23;0;61
11;2025-12-23;1;0
11;2025-12-23;2;0
11;2025-12-23;3;0
11;2025-12-23;4;0
11;2025-12-23;5;273
11;2025-12-23;6;1310
11;2025-12-23;7;2474
11;2025-12-23;8;3254
11;2025-12-23;9;2473
11;2025-12-23;10;2021
11;2025-12-23;11;1914
11;2025-12-23;12;1991
11;2025-12-23;13;2102
11;2025-12-23;14;2109
11;2025-12-23;15;2075
11;2025-12-23;16;2334
11;2025-12-23;17;2904
11;2025-12-23;18;3061
11;2025-12-23;19;2261
11;2025-12-23;20;1407
11;2025-12-23;21;843
11;2025-12-23;22;385
11;2025-12-23;23;227
11;2025-12-24;0;67
11;2025-12-24;1;0
11;2025-12-24;2;0
11;2025-12-24;3;0
11;2025-12-24;4;0
11;2025-12-24;5;281
11;2025-12-24;6;1283
11;2025-12-24;7;2455
11;2025-12-24;8;3223
11;2025-12-24;9;2446
11;2025-12-24;10;2007
11;2025-12-24;11;1964
11;2025-12-24;12;2019
11;2025-12-24;13;2138
11;2025-12-24;14;2122
11;2025-12-24;15;2074
11;2025-12-24;16;2299
11;2025-12-24;17;2899
11;2025-12-24;18;3069
11;2025-12-24;19;2280
11;2025-12-24;20;1434
11;2025-12-24;21;861
11;2025-12-24;22;399
11;2025-12-24;23;238
11;2025-12-25;0;70
11;2025-12-25;1;0
11;2025-12-25;2;0
11;2025-12-25;3;0
11;2025-12-25;4;0
11;2025-12-25;5;272
11;2025-12-25;6;1287
11;2025-12-25;7;2420
11;2025-12-25;8;3154
11;2025-12-25;9;2446
11;2025-12-25;10;2035
11;2025-12-25;11;1918
11;2025-12-25;12;2012
11;2025-12-25;13;2084
11;2025-12-25;14;2100
11;2025-12-25;15;2070
11;2025-12-25;16;2345
11;2025-12-25;17;2858
11;2025-12-25;18;3047
11;2025-12-25;19;2219
11;2025-12-25;20;1413
11;2025-12-25;21;856
11;2025-12-25;22;403
11;2025-12-25;23;246
11;2025-12-26;0;71
11;2025-12-26;1;0
11;2025-12-26;2;0
11;2025-12-26;3;0
11;2025-12-26;4;0
11;2025-12-26;5;267
11;2025-12-26;6;1260
11;2025-12-26;7;2335
11;2025-12-26;8;3048
11;2025-12-26;9;2332
11;2025-12-26;10;1942
11;2025-12-26;11;1838
11;2025-12-26;12;1947
11;2025-12-26;13;1985
11;2025-12-26;14;2052
11;2025-12-26;15;2043
11;2025-12-26;16;2342
11;2025-12-26;17;2791
11;2025-12-26;18;2618
11;2025-12-26;19;2044
11;2025-12-26;20;1340
11;2025-12-26;21;836
11;2025-12-26;22;391
11;2025-12-26;23;271
11;2025-12-27;0;109
11;2025-12-27;1;4
11;2025-12-27;2;0
11;2025-12-27;3;0
11;2025-12-27;4;0
11;2025-12-27;5;188
11;2025-12-27;6;816
11;2025-12-27;7;798
11;2025-12-27;8;1077
11;2025-12-27;9;1235
11;2025-12-27;10;1413
11;2025-12-27;11;1743
11;2025-12-27;12;1987
11;2025-12-27;13;1913
11;2025-12-27;14;2048
11;2025-12-27;15;1932
11;2025-12-27;16;1868
11;2025-12-27;17;1933
11;2025-12-27;18;1544
11;2025-12-27;19;1482
11;2025-12-27;20;1013
11;2025-12-27;21;764
11;2025-12-27;22;430
11;2025-12-27;23;317
11;2025-12-28;0;116
11;2025-12-28;1;16
11;2025-12-28;2;0
11;2025-12-28;3;0
11;2025-12-28;4;0
11;2025-12-28;5;116
11;2025-12-28;6;461
11;2025-12-28;7;507
11;2025-12-28;8;728
11;2025-12-28;9;996
11;2025-12-28;10;1055
11;2025-12-28;11;1517
11;2025-12-28;12;1627
11;2025-12-28;13;1621
11;2025-12-28;14;1678
11;2025-12-28;15;1656
11;2025-12-28;16;1577
11;2025-12-28;17;1737
11;2025-12-28;18;1288
11;2025-12-28;19;1039
11;2025-12-28;20;818
11;2025-12-28;21;625
11;2025-12-28;22;364
11;2025-12-28;23;258
11;2025-12-29;0;66
11;2025-12-29;1;0
11;2025-12-29;2;0
11;2025-12-29;3;0
11;2025-12-29;4;0
11;2025-12-29;5;242
11;2025-12-29;6;1133
11;2025-12-29;7;2109
11;2025-12-29;8;2755
11;2025-12-29;9;2109
11;2025-12-29;10;1698
11;2025-12-29;11;1651
11;2025-12-29;12;1683
11;2025-12-29;13;1779
11;2025-12-29;14;1779
11;2025-12-29;15;1808
11;2025-12-29;16;2014
11;2025-12-29;17;2491
11;2025-12-29;18;2649
11;2025-12-29;19;1961
11;2025-12-29;20;1199
11;2025-12-29;21;715
11;2025-12-29;22;326
11;2025-12-29;23;188
11;2025-12-30;0;56
11;2025-12-30;1;0
11;2025-12-30;2;0
11;2025-12-30;3;0
11;2025-12-30;4;0
11;2025-12-30;5;233
11;2025-12-30;6;1127
11;2025-12-30;7;2132
11;2025-12-30;8;2791
11;2025-12-30;9;2131
11;2025-12-30;10;1744
11;2025-12-30;11;1647
11;2025-12-30;12;1714
11;2025-12-30;13;1808
11;2025-12-30;14;1821
11;2025-12-30;15;1798
11;2025-12-30;16;2023
11;2025-12-30;17;2496
11;2025-12-30;18;2595
11;2025-12-30;19;1929
11;2025-12-30;20;1222
11;2025-12-30;21;726
11;2025-12-30;22;333
11;2025-12-30;23;195
11;2025-12-31;0;99
11;2025-12-31;1;12
11;2025-12-31;2;0
11;2025-12-31;3;0
11;2025-12-31;4;0
11;2025-12-31;5;105
11;2025-12-31;6;391
11;2025-12-31;7;434
11;2025-12-31;8;630
11;2025-12-31;9;847
11;2025-12-31;10;901
11;2025-12-31;11;1307
11;2025-12-31;12;1394
11;2025-12-31;13;1399
11;2025-12-31;14;1434
11;2025-12-31;15;1402
11;2025-12-31;16;1324
11;2025-12-31;17;1486
11;2025-12-31;18;1118
11;2025-12-31;19;904
11;2025-12-31;20;0
11;2025-12-31;21;0
11;2025-12-31;22;0
11;2025-12-31;23;0
12;2025-11-01;0;50
12;2025-11-01;1;3
12;2025-11-01;2;0
12;2025-11-01;3;0
12;2025-11-01;4;5
12;2025-11-01;5;284
12;2025-11-01;6;1296
12;2025-11-01;7;2435
12;2025-11-01;8;3212
12;2025-11-01;9;2293
12;2025-11-01;10;1881
12;2025-11-01;11;1806
12;2025-11-01;12;1875
12;2025-11-01;13;1902
12;2025-11-01;14;1833
12;2025-11-01;15;2077
12;2025-11-01;16;2543
12;2025-11-01;17;2776
12;2025-11-01;18;2812
12;2025-11-01;19;2121
12;2025-11-01;20;1370
12;2025-11-01;21;865
12;2025-11-01;22;419
12;2025-11-01;23;237
12;2025-11-02;0;81
12;2025-11-02;1;4
12;2025-11-02;2;0
12;2025-11-02;3;0
12;2025-11-02;4;2
12;2025-11-02;5;129
12;2025-11-02;6;509
12;2025-11-02;7;729
12;2025-11-02;8;760
12;2025-11-02;9;978
12;2025-11-02;10;1199
12;2025-11-02;11;1314
12;2025-11-02;12;1420
12;2025-11-02;13;1630
12;2025-11-02;14;1491
12;2025-11-02;15;1544
12;2025-11-02;16;1596
12;2025-11-02;17;1604
12;2025-11-02;18;1419
12;2025-11-02;19;1033
12;2025-11-02;20;799
12;2025-11-02;21;609
12;2025-11-02;22;399
12;2025-11-02;23;214
12;2025-11-03;0;78
12;2025-11-03;1;4
12;2025-11-03;2;0
12;2025-11-03;3;0
12;2025-11-03;4;3
12;2025-11-03;5;120
12;2025-11-03;6;478
12;2025-11-03;7;681
12;2025-11-03;8;713
12;2025-11-03;9;909
12;2025-11-03;10;1101
12;2025-11-03;11;1200
12;2025-11-03;12;1305
12;2025-11-03;13;1496
12;2025-11-03;14;1357
12;2025-11-03;15;1409
12;2025-11-03;16;1446
12;2025-11-03;17;1471
12;2025-11-03;18;1341
12;2025-11-03;19;975
12;2025-11-03;20;760
12;2025-11-03;21;576
12;2025-11-03;22;374
12;2025-11-03;23;197
12;2025-11-04;0;72
12;2025-11-04;1;4
12;2025-11-04;2;0
12;2025-11-04;3;0
12;2025-11-04;4;3
12;2025-11-04;5;120
12;2025-11-04;6;469
12;2025-11-04;7;674
12;2025-11-04;8;700
12;2025-11-04;9;887
12;2025-11-04;10;1081
12;2025-11-04;11;1177
12;2025-11-04;12;1273
12;2025-11-04;13;1474
12;2025-11-04;14;1345
12;2025-11-04;15;1383
12;2025-11-04;16;1433
12;2025-11-04;17;1456
12;2025-11-04;18;1321
12;2025-11-04;19;948
12;2025-11-04;20;733
12;2025-11-04;21;562
12;2025-11-04;22;371
12;2025-11-04;23;194
12;2025-11-05;0;55
12;2025-11-05;1;1
12;2025-11-05;2;0
12;2025-11-05;3;0
12;2025-11-05;4;7
12;2025-11-05;5;312
12;2025-11-05;6;1432
12;2025-11-05;7;2659
12;2025-11-05;8;3549
12;2025-11-05;9;2516
12;2025-11-05;10;2074
12;2025-11-05;11;1970
12;2025-11-05;12;2050
12;2025-11-05;13;2059
12;2025-11-05;14;1985
12;2025-11-05;15;2230
12;2025-11-05;16;2759
12;2025-11-05;17;3036
12;2025-11-05;18;3163
12;2025-11-05;19;2370
12;2025-11-05;20;1517
12;2025-11-05;21;975
12;2025-11-05;22;472
12;2025-11-05;23;259
12;2025-11-06;0;48
12;2025-11-06;1;2
12;2025-11-06;2;0
12;2025-11-06;3;0
12;2025-11-06;4;7
12;2025-11-06;5;311
12;2025-11-06;6;1421
12;2025-11-06;7;2684
12;2025-11-06;8;3563
12;2025-11-06;9;2501
12;2025-11-06;10;2049
12;2025-11-06;11;1964
12;2025-11-06;12;2040
12;2025-11-06;13;2073
12;2025-11-06;14;1996
12;2025-11-06;15;2240
12;2025-11-06;16;2753
12;2025-11-06;17;3047
12;2025-11-06;18;3177
12;2025-11-06;19;2384
12;2025-11-06;20;1531
12;2025-11-06;21;951
12;2025-11-06;22;475
12;2025-11-06;23;265
12;2025-11-07;0;53
12;2025-11-07;1;1
12;2025-11-07;2;0
12;2025-11-07;3;0
12;2025-11-07;4;5
12;2025-11-07;5;314
12;2025-11-07;6;1421
12;2025-11-07;7;2620
12;2025-11-07;8;3428
12;2025-11-07;9;2477
12;2025-11-07;10;2003
12;2025-11-07;11;1967
12;2025-11-07;12;2020
12;2025-11-07;13;2073
12;2025-11-07;14;2017
12;2025-11-07;15;2344
12;2025-11-07;16;2874
12;2025-11-07;17;3012
12;2025-11-07;18;2842
12;2025-11-07;19;2222
12;2025-11-07;20;1452
12;2025-11-07;21;976
12;2025-11-07;22;487
12;2025-11-07;23;297
12;2025-11-08;0;74
12;2025-11-08;1;2
12;2025-11-08;2;0
12;2025-11-08;3;0
12;2025-11-08;4;3
12;2025-11-08;5;224
12;2025-11-08;6;825
12;2025-11-08;7;930
12;2025-11-08;8;1055
12;2025-11-08;9;1272
12;2025-11-08;10;1316
12;2025-11-08;11;1476
12;2025-11-08;12;1589
12;2025-11-08;13;1798
12;2025-11-08;14;1614
12;2025-11-08;15;1596
12;2025-11-08;16;1757
12;2025-11-08;17;1649
12;2025-11-08;18;1538
12;2025-11-08;19;1423
12;2025-11-08;20;989
12;2025-11-08;21;824
12;2025-11-08;22;413
12;2025-11-08;23;305
12;2025-11-09;0;83
12;2025-11-09;1;7
12;2025-11-09;2;0
12;2025-11-09;3;0
12;2025-11-09;4;3
12;2025-11-09;5;127
12;2025-11-09;6;508
12;2025-11-09;7;728
12;2025-11-09;8;756
12;2025-11-09;9;977
12;2025-11-09;10;1193
12;2025-11-09;11;1307
12;2025-11-09;12;1420
12;2025-11-09;13;1635
12;2025-11-09;14;1492
12;2025-11-09;15;1545
12;2025-11-09;16;1592
12;2025-11-09;17;1603
12;2025-11-09;18;1427
12;2025-11-09;19;1028
12;2025-11-09;20;797
12;2025-11-09;21;614
12;2025-11-09;22;404
12;2025-11-09;23;214
12;2025-11-10;0;55
12;2025-11-10;1;2
12;2025-11-10;2;0
12;2025-11-10;3;0
12;2025-11-10;4;6
12;2025-11-10;5;307
12;2025-11-10;6;1417
12;2025-11-10;7;2678
12;2025-11-10;8;3576
12;2025-11-10;9;2521
12;2025-11-10;10;2046
12;2025-11-10;11;1961
12;2025-11-10;12;2068
12;2025-11-10;13;2062
12;2025-11-10;14;1991
12;2025-11-10;15;2255
12;2025-11-10;16;2769
12;2025-11-10;17;3049
12;2025-11-10;18;3197
12;2025-11-10;19;2380
12;2025-11-10;20;1533
12;2025-11-10;21;948
12;2025-11-10;22;450
12;2025-11-10;23;243
12;2025-11-11;0;45
12;2025-11-11;1;1
12;2025-11-11;2;0
12;2025-11-11;3;0
12;2025-11-11;4;6
12;2025-11-11;5;315
12;2025-11-11;6;1438
12;2025-11-11;7;2743
12;2025-11-11;8;3661
12;2025-11-11;9;2562
12;2025-11-11;10;2097
12;2025-11-11;11;2003
12;2025-11-11;12;2084
12;2025-11-11;13;2110
12;2025-11-11;14;2043
12;2025-11-11;15;2281
12;2025-11-11;16;2822
12;2025-11-11;17;3105
12;2025-11-11;18;3236
12;2025-11-11;19;2402
12;2025-11-11;20;1527
12;2025-11-11;21;960
12;2025-11-11;22;468
12;2025-11-11;23;256
12;2025-11-12;0;53
12;2025-11-12;1;1
12;2025-11-12;2;0
12;2025-11-12;3;0
12;2025-11-12;4;7
12;2025-11-12;5;312
12;2025-11-12;6;1433
12;2025-11-12;7;2682
12;2025-11-12;8;3579
12;2025-11-12;9;2539
12;2025-11-12;10;2102
12;2025-11-12;11;1988
12;2025-11-12;12;2071
12;2025-11-12;13;2078
12;2025-11-12;14;2004
12;2025-11-12;15;2255
12;2025-11-12;16;2798
12;2025-11-12;17;3069
12;2025-11-12;18;3192
12;2025-11-12;19;2381
12;2025-11-12;20;1524
12;2025-11-12;21;975
12;2025-11-12;22;473
12;2025-11-12;23;261
12;2025-11-13;0;48
12;2025-11-13;1;3
12;2025-11-13;2;0
12;2025-11-13;3;0
12;2025-11-13;4;6
12;2025-11-13;5;310
12;2025-11-13;6;1422
12;2025-11-13;7;2708
12;2025-11-13;8;3600
12;2025-11-13;9;2529
12;2025-11-13;10;2077
12;2025-11-13;11;1993
12;2025-11-13;12;2072
12;2025-11-13;13;2105
12;2025-11-13;14;2027
12;2025-11-13;15;2280
12;2025-11-13;16;2801
12;2025-11-13;17;3088
12;2025-11-13;18;3217
12;2025-11-13;19;2401
12;2025-11-13;20;1550
12;2025-11-13;21;959
12;2025-11-13;22;480
12;2025-11-13;23;267
12;2025-11-14;0;52
12;2025-11-14;1;1
12;2025-11-14;2;0
12;2025-11-14;3;0
12;2025-11-14;4;6
12;2025-11-14;5;315
12;2025-11-14;6;1419
12;2025-11-14;7;2636
12;2025-11-14;8;3455
12;2025-11-14;9;2496
12;2025-11-14;10;2026
12;2025-11-14;11;1989
12;2025-11-14;12;2042
12;2025-11-14;13;2093
12;2025-11-14;14;2041
12;2025-11-14;15;2372
12;2025-11-14;16;2911
12;2025-11-14;17;3041
12;2025-11-14;18;2864
12;2025-11-14;19;2229
12;2025-11-14;20;1458
12;2025-11-14;21;974
12;2025-11-14;22;485
12;2025-11-14;23;295
12;2025-11-15;0;72
12;2025-11-15;1;3
12;2025-11-15;2;0
12;2025-11-15;3;0
12;2025-11-15;4;2
12;2025-11-15;5;214
12;2025-11-15;6;783
12;2025-11-15;7;895
12;2025-11-15;8;1018
12;2025-11-15;9;1226
12;2025-11-15;10;1457
12;2025-11-15;11;1472
12;2025-11-15;12;1532
12;2025-11-15;13;1733
12;2025-11-15;14;1562
12;2025-11-15;15;1543
12;2025-11-15;16;1699
12;2025-11-15;17;1593
12;2025-11-15;18;1486
12;2025-11-15;19;1368
12;2025-11-15;20;952
12;2025-11-15;21;791
12;2025-11-15;22;398
12;2025-11-15;23;294
12;2025-11-16;0;82
12;2025-11-16;1;4
12;2025-11-16;2;0
12;2025-11-16;3;0
12;2025-11-16;4;3
12;2025-11-16;5;125
12;2025-11-16;6;466
12;2025-11-16;7;651
12;2025-11-16;8;757
12;2025-11-16;9;975
12;2025-11-16;10;1196
12;2025-11-16;11;1309
12;2025-11-16;12;1426
12;2025-11-16;13;1637
12;2025-11-16;14;1502
12;2025-11-16;15;1549
12;2025-11-16;16;1597
12;2025-11-16;17;1604
12;2025-11-16;18;1432
12;2025-11-16;19;1028
12;2025-11-16;20;798
12;2025-11-16;21;611
12;2025-11-16;22;407
12;2025-11-16;23;215
12;2025-11-17;0;56
12;2025-11-17;1;1
12;2025-11-17;2;0
12;2025-11-17;3;0
12;2025-11-17;4;7
12;2025-11-17;5;301
12;2025-11-17;6;1392
12;2025-11-17;7;2648
12;2025-11-17;8;3536
12;2025-11-17;9;2496
12;2025-11-17;10;2031
12;2025-11-17;11;1950
12;2025-11-17;12;2046
12;2025-11-17;13;2038
12;2025-11-17;14;1977
12;2025-11-17;15;2230
12;2025-11-17;16;2744
12;2025-11-17;17;3017
12;2025-11-17;18;3169
12;2025-11-17;19;2348
12;2025-11-17;20;1516
12;2025-11-17;21;937
12;2025-11-17;22;446
12;2025-11-17;23;242
12;2025-11-18;0;47
12;2025-11-18;1;2
12;2025-11-18;2;0
12;2025-11-18;3;0
12;2025-11-18;4;5
12;2025-11-18;5;305
12;2025-11-18;6;1404
12;2025-11-18;7;2658
12;2025-11-18;8;3542
12;2025-11-18;9;2483
12;2025-11-18;10;2032
12;2025-11-18;11;1941
12;2025-11-18;12;2017
12;2025-11-18;13;2036
12;2025-11-18;14;1973
12;2025-11-18;15;2208
12;2025-11-18;16;2741
12;2025-11-18;17;3014
12;2025-11-18;18;3137
12;2025-11-18;19;2323
12;2025-11-18;20;1479
12;2025-11-18;21;931
12;2025-11-18;22;454
12;2025-11-18;23;248
12;2025-11-19;0;53
12;2025-11-19;1;1
12;2025-11-19;2;0
12;2025-11-19;3;0
12;2025-11-19;4;6
12;2025-11-19;5;311
12;2025-11-19;6;1428
12;2025-11-19;7;2692
12;2025-11-19;8;3603
12;2025-11-19;9;2556
12;2025-11-19;10;2123
12;2025-11-19;11;2012
12;2025-11-19;12;2096
12;2025-11-19;13;2105
12;2025-11-19;14;2030
12;2025-11-19;15;2281
12;2025-11-19;16;2831
12;2025-11-19;17;3096
12;2025-11-19;18;3217
12;2025-11-19;19;2389
12;2025-11-19;20;1529
12;2025-11-19;21;974
12;2025-11-19;22;474
12;2025-11-19;23;263
12;2025-11-20;0;47
12;2025-11-20;1;2
12;2025-11-20;2;0
12;2025-11-20;3;0
12;2025-11-20;4;6
12;2025-11-20;5;308
12;2025-11-20;6;1409
12;2025-11-20;7;2713
12;2025-11-20;8;3609
12;2025-11-20;9;2536
12;2025-11-20;10;2086
12;2025-11-20;11;2004
12;2025-11-20;12;2084
12;2025-11-20;13;2115
12;2025-11-20;14;2043
12;2025-11-20;15;2293
12;2025-11-20;16;2821
12;2025-11-20;17;3103
12;2025-11-20;18;3228
12;2025-11-20;19;2399
12;2025-11-20;20;1547
12;2025-11-20;21;953
12;2025-11-20;22;477
12;2025-11-20;23;268
12;2025-11-21;0;52
12;2025-11-21;1;1
12;2025-11-21;2;0
12;2025-11-21;3;0
12;2025-11-21;4;6
12;2025-11-21;5;310
12;2025-11-21;6;1409
12;2025-11-21;7;2644
12;2025-11-21;8;3468
12;2025-11-21;9;2504
12;2025-11-21;10;2037
12;2025-11-21;11;1997
12;2025-11-21;12;2051
12;2025-11-21;13;2099
12;2025-11-21;14;2052
12;2025-11-21;15;2384
12;2025-11-21;16;2927
12;2025-11-21;17;3054
12;2025-11-21;18;2877
12;2025-11-21;19;2228
12;2025-11-21;20;1454
12;2025-11-21;21;970
12;2025-11-21;22;484
12;2025-11-21;23;297
12;2025-11-22;0;73
12;2025-11-22;1;2
12;2025-11-22;2;0
12;2025-11-22;3;0
12;2025-11-22;4;2
12;2025-11-22;5;214
12;2025-11-22;6;790
12;2025-11-22;7;904
12;2025-11-22;8;1029
12;2025-11-22;9;1244
12;2025-11-22;10;1482
12;2025-11-22;11;1502
12;2025-11-22;12;1565
12;2025-11-22;13;1770
12;2025-11-22;14;1596
12;2025-11-22;15;1573
12;2025-11-22;16;1732
12;2025-11-22;17;1619
12;2025-11-22;18;1510
12;2025-11-22;19;1386
12;2025-11-22;20;964
12;2025-11-22;21;798
12;2025-11-22;22;404
12;2025-11-22;23;296
12;2025-11-23;0;83
12;2025-11-23;1;4
12;2025-11-23;2;0
12;2025-11-23;3;0
12;2025-11-23;4;3
12;2025-11-23;5;122
12;2025-11-23;6;489
12;2025-11-23;7;717
12;2025-11-23;8;752
12;2025-11-23;9;971
12;2025-11-23;10;1192
12;2025-11-23;11;1309
12;2025-11-23;12;1426
12;2025-11-23;13;1638
12;2025-11-23;14;1500
12;2025-11-23;15;1546
12;2025-11-23;16;1592
12;2025-11-23;17;1596
12;2025-11-23;18;1420
12;2025-11-23;19;1016
12;2025-11-23;20;789
12;2025-11-23;21;606
12;2025-11-23;22;406
12;2025-11-23;23;214
12;2025-11-24;0;56
12;2025-11-24;1;1
12;2025-11-24;2;0
12;2025-11-24;3;0
12;2025-11-24;4;7
12;2025-11-24;5;293
12;2025-11-24;6;1361
12;2025-11-24;7;2595
12;2025-11-24;8;3474
12;2025-11-24;9;2449
12;2025-11-24;10;1997
12;2025-11-24;11;1910
12;2025-11-24;12;2009
12;2025-11-24;13;2006
12;2025-11-24;14;1947
12;2025-11-24;15;2197
12;2025-11-24;16;2707
12;2025-11-24;17;2971
12;2025-11-24;18;3116
12;2025-11-24;19;2308
12;2025-11-24;20;1485
12;2025-11-24;21;920
12;2025-11-24;22;436
12;2025-11-24;23;236
12;2025-11-25;0;45
12;2025-11-25;1;1
12;2025-11-25;2;0
12;2025-11-25;3;0
12;2025-11-25;4;6
12;2025-11-25;5;308
12;2025-11-25;6;1414
12;2025-11-25;7;2735
12;2025-11-25;8;3658
12;2025-11-25;9;2561
12;2025-11-25;10;2107
12;2025-11-25;11;2010
12;2025-11-25;12;2093
12;2025-11-25;13;2117
12;2025-11-25;14;2057
12;2025-11-25;15;2295
12;2025-11-25;16;2848
12;2025-11-25;17;3116
12;2025-11-25;18;3241
12;2025-11-25;19;2389
12;2025-11-25;20;1519
12;2025-11-25;21;949
12;2025-11-25;22;463
12;2025-11-25;23;253
12;2025-11-26;0;53
12;2025-11-26;1;1
12;2025-11-26;2;0
12;2025-11-26;3;0
12;2025-11-26;4;7
12;2025-11-26;5;303
12;2025-11-26;6;1393
12;2025-11-26;7;2638
12;2025-11-26;8;3535
12;2025-11-26;9;2505
12;2025-11-26;10;2083
12;2025-11-26;11;1963
12;2025-11-26;12;2051
12;2025-11-26;13;2055
12;2025-11-26;14;1992
12;2025-11-26;15;2236
12;2025-11-26;16;2778
12;2025-11-26;17;3027
12;2025-11-26;18;3148
12;2025-11-26;19;2330
12;2025-11-26;20;1490
12;2025-11-26;21;943
12;2025-11-26;22;459
12;2025-11-26;23;253
12;2025-11-27;0;48
12;2025-11-27;1;2
12;2025-11-27;2;0
12;2025-11-27;3;0
12;2025-11-27;4;6
12;2025-11-27;5;302
12;2025-11-27;6;1395
12;2025-11-27;7;2667
12;2025-11-27;8;3556
12;2025-11-27;9;2496
12;2025-11-27;10;2061
12;2025-11-27;11;1972
12;2025-11-27;12;2049
12;2025-11-27;13;2078
12;2025-11-27;14;2004
12;2025-11-27;15;2256
12;2025-11-27;16;2782
12;2025-11-27;17;3050
12;2025-11-27;18;3173
12;2025-11-27;19;2349
12;2025-11-27;20;1515
12;2025-11-27;21;931
12;2025-11-27;22;466
12;2025-11-27;23;260
12;2025-11-28;0;50
12;2025-11-28;1;2
12;2025-11-28;2;0
12;2025-11-28;3;0
12;2025-11-28;4;5
12;2025-11-28;5;308
12;2025-11-28;6;1384
12;2025-11-28;7;2597
12;2025-11-28;8;3418
12;2025-11-28;9;2463
12;2025-11-28;10;2008
12;2025-11-28;11;1969
12;2025-11-28;12;2022
12;2025-11-28;13;2071
12;2025-11-28;14;2026
12;2025-11-28;15;2350
12;2025-11-28;16;2893
12;2025-11-28;17;3012
12;2025-11-28;18;2837
12;2025-11-28;19;2195
12;2025-11-28;20;1432
12;2025-11-28;21;955
12;2025-11-28;22;478
12;2025-11-28;23;293
12;2025-11-29;0;76
12;2025-11-29;1;2
12;2025-11-29;2;0
12;2025-11-29;3;0
12;2025-11-29;4;2
12;2025-11-29;5;219
12;2025-11-29;6;801
12;2025-11-29;7;919
12;2025-11-29;8;1052
12;2025-11-29;9;1268
12;2025-11-29;10;1516
12;2025-11-29;11;1542
12;2025-11-29;12;1605
12;2025-11-29;13;1813
12;2025-11-29;14;1635
12;2025-11-29;15;1607
12;2025-11-29;16;1768
12;2025-11-29;17;1649
12;2025-11-29;18;1537
12;2025-11-29;19;1410
12;2025-11-29;20;983
12;2025-11-29;21;813
12;2025-11-29;22;415
12;2025-11-29;23;304
12;2025-11-30;0;83
12;2025-11-30;1;4
12;2025-11-30;2;0
12;2025-11-30;3;0
12;2025-11-30;4;3
12;2025-11-30;5;122
12;2025-11-30;6;487
12;2025-11-30;7;711
12;2025-11-30;8;746
12;2025-11-30;9;966
12;2025-11-30;10;1188
12;2025-11-30;11;1308
12;2025-11-30;12;1423
12;2025-11-30;13;1636
12;2025-11-30;14;1500
12;2025-11-30;15;1545
12;2025-11-30;16;1593
12;2025-11-30;17;1593
12;2025-11-30;18;1416
12;2025-11-30;19;1015
12;2025-11-30;20;788
12;2025-11-30;21;606
12;2025-11-30;22;406
12;2025-11-30;23;218
12;2025-12-01;0;56
12;2025-12-01;1;4
12;2025-12-01;2;0
12;2025-12-01;3;0
12;2025-12-01;4;6
12;2025-12-01;5;301
12;2025-12-01;6;1401
12;2025-12-01;7;2687
12;2025-12-01;8;3599
12;2025-12-01;9;2538
12;2025-12-01;10;2076
12;2025-12-01;11;1990
12;2025-12-01;12;2098
12;2025-12-01;13;2091
12;2025-12-01;14;2034
12;2025-12-01;15;2295
12;2025-12-01;16;2826
12;2025-12-01;17;3083
12;2025-12-01;18;3220
12;2025-12-01;19;2381
12;2025-12-01;20;1532
12;2025-12-01;21;940
12;2025-12-01;22;448
12;2025-12-01;23;245
12;2025-12-02;0;46
12;2025-12-02;1;1
12;2025-12-02;2;0
12;2025-12-02;3;0
12;2025-12-02;4;6
12;2025-12-02;5;310
12;2025-12-02;6;1418
12;2025-12-02;7;2754
12;2025-12-02;8;3683
12;2025-12-02;9;2580
12;2025-12-02;10;2130
12;2025-12-02;11;2032
12;2025-12-02;12;2112
12;2025-12-02;13;2138
12;2025-12-02;14;2079
12;2025-12-02;15;2319
12;2025-12-02;16;2877
12;2025-12-02;17;3138
12;2025-12-02;18;3255
12;2025-12-02;19;2402
12;2025-12-02;20;1527
12;2025-12-02;21;950
12;2025-12-02;22;465
12;2025-12-02;23;256
12;2025-12-03;0;55
12;2025-12-03;1;1
12;2025-12-03;2;0
12;2025-12-03;3;0
12;2025-12-03;4;6
12;2025-12-03;5;310
12;2025-12-03;6;1425
12;2025-12-03;7;2707
12;2025-12-03;8;3628
12;2025-12-03;9;2572
12;2025-12-03;10;2152
12;2025-12-03;11;2038
12;2025-12-03;12;2121
12;2025-12-03;13;2131
12;2025-12-03;14;2063
12;2025-12-03;15;2314
12;2025-12-03;16;2874
12;2025-12-03;17;3122
12;2025-12-03;18;3232
12;2025-12-03;19;2400
12;2025-12-03;20;1534
12;2025-12-03;21;973
12;2025-12-03;22;475
12;2025-12-03;23;265
12;2025-12-04;0;49
12;2025-12-04;1;2
12;2025-12-04;2;0
12;2025-12-04;3;0
12;2025-12-04;4;6
12;2025-12-04;5;308
12;2025-12-04;6;1406
12;2025-12-04;7;2725
12;2025-12-04;8;3635
12;2025-12-04;9;2549
12;2025-12-04;10;2112
12;2025-12-04;11;2028
12;2025-12-04;12;2104
12;2025-12-04;13;2137
12;2025-12-04;14;2072
12;2025-12-04;15;2324
12;2025-12-04;16;2862
12;2025-12-04;17;3126
12;2025-12-04;18;3243
12;2025-12-04;19;2408
12;2025-12-04;20;1553
12;2025-12-04;21;952
12;2025-12-04;22;481
12;2025-12-04;23;271
12;2025-12-05;0;53
12;2025-12-05;1;2
12;2025-12-05;2;0
12;2025-12-05;3;0
12;2025-12-05;4;5
12;2025-12-05;5;313
12;2025-12-05;6;1409
12;2025-12-05;7;2660
12;2025-12-05;8;3491
12;2025-12-05;9;2523
12;2025-12-05;10;2067
12;2025-12-05;11;2028
12;2025-12-05;12;2077
12;2025-12-05;13;2129
12;2025-12-05;14;2088
12;2025-12-05;15;2422
12;2025-12-05;16;2977
12;2025-12-05;17;3087
12;2025-12-05;18;2884
12;2025-12-05;19;2238
12;2025-12-05;20;1459
12;2025-12-05;21;971
12;2025-12-05;22;488
12;2025-12-05;23;300
12;2025-12-06;0;77
12;2025-12-06;1;2
12;2025-12-06;2;0
12;2025-12-06;3;0
12;2025-12-06;4;2
12;2025-12-06;5;222
12;2025-12-06;6;817
12;2025-12-06;7;926
12;2025-12-06;8;1064
12;2025-12-06;9;1284
12;2025-12-06;10;1536
12;2025-12-06;11;1567
12;2025-12-06;12;1630
12;2025-12-06;13;1845
12;2025-12-06;14;1664
12;2025-12-06;15;1632
12;2025-12-06;16;1794
12;2025-12-06;17;1672
12;2025-12-06;18;1555
12;2025-12-06;19;1429
12;2025-12-06;20;995
12;2025-12-06;21;823
12;2025-12-06;22;424
12;2025-12-06;23;312
12;2025-12-07;0;88
12;2025-12-07;1;5
12;2025-12-07;2;0
12;2025-12-07;3;0
12;2025-12-07;4;3
12;2025-12-07;5;125
12;2025-12-07;6;496
12;2025-12-07;7;725
12;2025-12-07;8;764
12;2025-12-07;9;988
12;2025-12-07;10;1218
12;2025-12-07;11;1347
12;2025-12-07;12;1463
12;2025-12-07;13;1681
12;2025-12-07;14;1543
12;2025-12-07;15;1584
12;2025-12-07;16;1635
12;2025-12-07;17;1631
12;2025-12-07;18;1449
12;2025-12-07;19;1040
12;2025-12-07;20;806
12;2025-12-07;21;619
12;2025-12-07;22;419
12;2025-12-07;23;222
12;2025-12-08;0;56
12;2025-12-08;1;1
12;2025-12-08;2;0
12;2025-12-08;3;0
12;2025-12-08;4;6
12;2025-12-08;5;300
12;2025-12-08;6;1394
12;2025-12-08;7;2681
12;2025-12-08;8;3594
12;2025-12-08;9;2535
12;2025-12-08;10;2081
12;2025-12-08;11;1996
12;2025-12-08;12;2101
12;2025-12-08;13;2094
12;2025-12-08;14;2038
12;2025-12-08;15;2299
12;2025-12-08;16;2831
12;2025-12-08;17;3083
12;2025-12-08;18;3218
12;2025-12-08;19;2379
12;2025-12-08;20;1531
12;2025-12-08;21;937
12;2025-12-08;22;449
12;2025-12-08;23;244
12;2025-12-09;0;46
12;2025-12-09;1;1
12;2025-12-09;2;0
12;2025-12-09;3;0
12;2025-12-09;4;6
12;2025-12-09;5;309
12;2025-12-09;6;1407
12;2025-12-09;7;2738
12;2025-12-09;8;3665
12;2025-12-09;9;2565
12;2025-12-09;10;2126
12;2025-12-09;11;2027
12;2025-12-09;12;2106
12;2025-12-09;13;2128
12;2025-12-09;14;2075
12;2025-12-09;15;2315
12;2025-12-09;16;2874
12;2025-12-09;17;3122
12;2025-12-09;18;3243
12;2025-12-09;19;2393
12;2025-12-09;20;1518
12;2025-12-09;21;943
12;2025-12-09;22;463
12;2025-12-09;23;254
12;2025-12-10;0;54
12;2025-12-10;1;1
12;2025-12-10;2;0
12;2025-12-10;3;0
12;2025-12-10;4;6
12;2025-12-10;5;306
12;2025-12-10;6;1404
12;2025-12-10;7;2677
12;2025-12-10;8;3590
12;2025-12-10;9;2543
12;2025-12-10;10;2133
12;2025-12-10;11;2021
12;2025-12-10;12;2104
12;2025-12-10;13;2109
12;2025-12-10;14;2050
12;2025-12-10;15;2294
12;2025-12-10;16;2852
12;2025-12-10;17;3091
12;2025-12-10;18;3202
12;2025-12-10;19;2375
12;2025-12-10;20;1518
12;2025-12-10;21;959
12;2025-12-10;22;471
12;2025-12-10;23;263
12;2025-12-11;0;49
12;2025-12-11;1;2
12;2025-12-11;2;0
12;2025-12-11;3;0
12;2025-12-11;4;7
12;2025-12-11;5;303
12;2025-12-11;6;1382
12;2025-12-11;7;2675
12;2025-12-11;8;3562
12;2025-12-11;9;2501
12;2025-12-11;10;2076
12;2025-12-11;11;1988
12;2025-12-11;12;2063
12;2025-12-11;13;2096
12;2025-12-11;14;2035
12;2025-12-11;15;2289
12;2025-12-11;16;2818
12;2025-12-11;17;3072
12;2025-12-11;18;3183
12;2025-12-11;19;2358
12;2025-12-11;20;1521
12;2025-12-11;21;928
12;2025-12-11;22;470
12;2025-12-11;23;261
12;2025-12-12;0;54
12;2025-12-12;1;2
12;2025-12-12;2;0
12;2025-12-12;3;0
12;2025-12-12;4;5
12;2025-12-12;5;311
12;2025-12-12;6;1385
12;2025-12-12;7;2610
12;2025-12-12;8;3426
12;2025-12-12;9;2480
12;2025-12-12;10;2039
12;2025-12-12;11;2000
12;2025-12-12;12;2042
12;2025-12-12;13;2092
12;2025-12-12;14;2051
12;2025-12-12;15;2377
12;2025-12-12;16;2921
12;2025-12-12;17;3019
12;2025-12-12;18;2826
12;2025-12-12;19;2195
12;2025-12-12;20;1429
12;2025-12-12;21;952
12;2025-12-12;22;477
12;2025-12-12;23;293
12;2025-12-13;0;76
12;2025-12-13;1;2
12;2025-12-13;2;0
12;2025-12-13;3;0
12;2025-12-13;4;2
12;2025-12-13;5;219
12;2025-12-13;6;802
12;2025-12-13;7;914
12;2025-12-13;8;1050
12;2025-12-13;9;1266
12;2025-12-13;10;1519
12;2025-12-13;11;1551
12;2025-12-13;12;1612
12;2025-12-13;13;1823
12;2025-12-13;14;1649
12;2025-12-13;15;1614
12;2025-12-13;16;1774
12;2025-12-13;17;1654
12;2025-12-13;18;1539
12;2025-12-13;19;1415
12;2025-12-13;20;983
12;2025-12-13;21;808
12;2025-12-13;22;419
12;2025-12-13;23;308
12;2025-12-14;0;89
12;2025-12-14;1;5
12;2025-12-14;2;0
12;2025-12-14;3;0
12;2025-12-14;4;3
12;2025-12-14;5;124
12;2025-12-14;6;489
12;2025-12-14;7;717
12;2025-12-14;8;755
12;2025-12-14;9;975
12;2025-12-14;10;1207
12;2025-12-14;11;1336
12;2025-12-14;12;1447
12;2025-12-14;13;1665
12;2025-12-14;14;1533
12;2025-12-14;15;1567
12;2025-12-14;16;1619
12;2025-12-14;17;1616
12;2025-12-14;18;1436
12;2025-12-14;19;1033
12;2025-12-14;20;799
12;2025-12-14;21;608
12;2025-12-14;22;413
12;2025-12-14;23;220
12;2025-12-15;0;58
12;2025-12-15;1;1
12;2025-12-15;2;0
12;2025-12-15;3;0
12;2025-12-15;4;6
12;2025-12-15;5;303
12;2025-12-15;6;1385
12;2025-12-15;7;2672
12;2025-12-15;8;3580
12;2025-12-15;9;2525
12;2025-12-15;10;2084
12;2025-12-15;11;1994
12;2025-12-15;12;2094
12;2025-12-15;13;2085
12;2025-12-15;14;2049
12;2025-12-15;15;2292
12;2025-12-15;16;2829
12;2025-12-15;17;3082
12;2025-12-15;18;3220
12;2025-12-15;19;2385
12;2025-12-15;20;1533
12;2025-12-15;21;934
12;2025-12-15;22;447
12;2025-12-15;23;245
12;2025-12-16;0;47
12;2025-12-16;1;1
12;2025-12-16;2;0
12;2025-12-16;3;0
12;2025-12-16;4;6
12;2025-12-16;5;312
12;2025-12-16;6;1412
12;2025-12-16;7;2753
12;2025-12-16;8;3679
12;2025-12-16;9;2577
12;2025-12-16;10;2141
12;2025-12-16;11;2045
12;2025-12-16;12;2116
12;2025-12-16;13;2134
12;2025-12-16;14;2094
12;2025-12-16;15;2324
12;2025-12-16;16;2893
12;2025-12-16;17;3145
12;2025-12-16;18;3265
12;2025-12-16;19;2411
12;2025-12-16;20;1531
12;2025-12-16;21;950
12;2025-12-16;22;468
12;2025-12-16;23;257
12;2025-12-17;0;56
12;2025-12-17;1;1
12;2025-12-17;2;0
12;2025-12-17;3;0
12;2025-12-17;4;6
12;2025-12-17;5;309
12;2025-12-17;6;1414
12;2025-12-17;7;2698
12;2025-12-17;8;3618
12;2025-12-17;9;2564
12;2025-12-17;10;2156
12;2025-12-17;11;2045
12;2025-12-17;12;2125
12;2025-12-17;13;2131
12;2025-12-17;14;2074
12;2025-12-17;15;2323
12;2025-12-17;16;2890
12;2025-12-17;17;3124
12;2025-12-17;18;3232
12;2025-12-17;19;2401
12;2025-12-17;20;1531
12;2025-12-17;21;968
12;2025-12-17;22;477
12;2025-12-17;23;266
12;2025-12-18;0;49
12;2025-12-18;1;2
12;2025-12-18;2;0
12;2025-12-18;3;0
12;2025-12-18;4;6
12;2025-12-18;5;306
12;2025-12-18;6;1393
12;2025-12-18;7;2713
12;2025-12-18;8;3618
12;2025-12-18;9;2536
12;2025-12-18;10;2113
12;2025-12-18;11;2029
12;2025-12-18;12;2103
12;2025-12-18;13;2133
12;2025-12-18;14;2075
12;2025-12-18;15;2327
12;2025-12-18;16;2870
12;2025-12-18;17;3122
12;2025-12-18;18;3236
12;2025-12-18;19;2404
12;2025-12-18;20;1548
12;2025-12-18;21;945
12;2025-12-18;22;481
12;2025-12-18;23;268
12;2025-12-19;0;54
12;2025-12-19;1;2
12;2025-12-19;2;0
12;2025-12-19;3;0
12;2025-12-19;4;6
12;2025-12-19;5;314
12;2025-12-19;6;1399
12;2025-12-19;7;2654
12;2025-12-19;8;3483
12;2025-12-19;9;2513
12;2025-12-19;10;2071
12;2025-12-19;11;2032
12;2025-12-19;12;2077
12;2025-12-19;13;2127
12;2025-12-19;14;2095
12;2025-12-19;15;2427
12;2025-12-19;16;2989
12;2025-12-19;17;3090
12;2025-12-19;18;2887
12;2025-12-19;19;2239
12;2025-12-19;20;1457
12;2025-12-19;21;964
12;2025-12-19;22;486
12;2025-12-19;23;298
12;2025-12-20;0;79
12;2025-12-20;1;3
12;2025-12-20;2;0
12;2025-12-20;3;0
12;2025-12-20;4;2
12;2025-12-20;5;221
12;2025-12-20;6;808
12;2025-12-20;7;918
12;2025-12-20;8;1057
12;2025-12-20;9;1274
12;2025-12-20;10;1529
12;2025-12-20;11;1569
12;2025-12-20;12;1629
12;2025-12-20;13;1844
12;2025-12-20;14;1670
12;2025-12-20;15;1629
12;2025-12-20;16;1790
12;2025-12-20;17;1667
12;2025-12-20;18;1548
12;2025-12-20;19;1425
12;2025-12-20;20;990
12;2025-12-20;21;815
12;2025-12-20;22;423
12;2025-12-20;23;312
12;2025-12-21;0;88
12;2025-12-21;1;5
12;2025-12-21;2;0
12;2025-12-21;3;0
12;2025-12-21;4;3
12;2025-12-21;5;124
12;2025-12-21;6;487
12;2025-12-21;7;713
12;2025-12-21;8;754
12;2025-12-21;9;974
12;2025-12-21;10;1208
12;2025-12-21;11;1341
12;2025-12-21;12;1455
12;2025-12-21;13;1673
12;2025-12-21;14;1539
12;2025-12-21;15;1573
12;2025-12-21;16;1623
12;2025-12-21;17;1617
12;2025-12-21;18;1433
12;2025-12-21;19;1031
12;2025-12-21;20;798
12;2025-12-21;21;610
12;2025-12-21;22;416
12;2025-12-21;23;222
12;2025-12-22;0;58
12;2025-12-22;1;4
12;2025-12-22;2;0
12;2025-12-22;3;0
12;2025-12-22;4;7
12;2025-12-22;5;300
12;2025-12-22;6;1373
12;2025-12-22;7;2646
12;2025-12-22;8;3544
12;2025-12-22;9;2495
12;2025-12-22;10;2062
12;2025-12-22;11;1975
12;2025-12-22;12;2075
12;2025-12-22;13;2067
12;2025-12-22;14;2023
12;2025-12-22;15;2277
12;2025-12-22;16;2807
12;2025-12-22;17;3048
12;2025-12-22;18;3176
12;2025-12-22;19;2350
12;2025-12-22;20;1509
12;2025-12-22;21;923
12;2025-12-22;22;441
12;2025-12-22;23;239
12;2025-12-23;0;45
12;2025-12-23;1;1
12;2025-12-23;2;0
12;2025-12-23;3;0
12;2025-12-23;4;7
12;2025-12-23;5;314
12;2025-12-23;6;1401
12;2025-12-23;7;2737
12;2025-12-23;8;3654
12;2025-12-23;9;2554
12;2025-12-23;10;2130
12;2025-12-23;11;2029
12;2025-12-23;12;2100
12;2025-12-23;13;2123
12;2025-12-23;14;2090
12;2025-12-23;15;2316
12;2025-12-23;16;2882
12;2025-12-23;17;3136
12;2025-12-23;18;3253
12;2025-12-23;19;2408
12;2025-12-23;20;1524
12;2025-12-23;21;940
12;2025-12-23;22;464
12;2025-12-23;23;257
12;2025-12-24;0;56
12;2025-12-24;1;1
12;2025-12-24;2;0
12;2025-12-24;3;0
12;2025-12-24;4;6
12;2025-12-24;5;315
12;2025-12-24;6;1411
12;2025-12-24;7;2703
12;2025-12-24;8;3617
12;2025-12-24;9;2560
12;2025-12-24;10;2166
12;2025-12-24;11;2050
12;2025-12-24;12;2125
12;2025-12-24;13;2126
12;2025-12-24;14;2095
12;2025-12-24;15;2317
12;2025-12-24;16;2889
12;2025-12-24;17;3134
12;2025-12-24;18;3244
12;2025-12-24;19;2414
12;2025-12-24;20;1559
12;2025-12-24;21;978
12;2025-12-24;22;480
12;2025-12-24;23;265
12;2025-12-25;0;52
12;2025-12-25;1;3
12;2025-12-25;2;0
12;2025-12-25;3;0
12;2025-12-25;4;8
12;2025-12-25;5;304
12;2025-12-25;6;1379
12;2025-12-25;7;2681
12;2025-12-25;8;3572
12;2025-12-25;9;2505
12;2025-12-25;10;2096
12;2025-12-25;11;2014
12;2025-12-25;12;2085
12;2025-12-25;13;2111
12;2025-12-25;14;2062
12;2025-12-25;15;2306
12;2025-12-25;16;2842
12;2025-12-25;17;3089
12;2025-12-25;18;3192
12;2025-12-25;19;2374
12;2025-12-25;20;1524
12;2025-12-25;21;927
12;2025-12-25;22;473
12;2025-12-25;23;260
12;2025-12-26;0;54
12;2025-12-26;1;3
12;2025-12-26;2;0
12;2025-12-26;3;0
12;2025-12-26;4;6
12;2025-12-26;5;304
12;2025-12-26;6;1351
12;2025-12-26;7;2561
12;2025-12-26;8;3364
12;2025-12-26;9;2425
12;2025-12-26;10;2003
12;2025-12-26;11;1963
12;2025-12-26;12;2008
12;2025-12-26;13;2052
12;2025-12-26;14;2027
12;2025-12-26;15;2352
12;2025-12-26;16;2892
12;2025-12-26;17;2979
12;2025-12-26;18;2787
12;2025-12-26;19;2166
12;2025-12-26;20;1406
12;2025-12-26;21;929
12;2025-12-26;22;470
12;2025-12-26;23;288
12;2025-12-27;0;78
12;2025-12-27;1;2
12;2025-12-27;2;0
12;2025-12-27;3;0
12;2025-12-27;4;3
12;2025-12-27;5;221
12;2025-12-27;6;801
12;2025-12-27;7;905
12;2025-12-27;8;1047
12;2025-12-27;9;1258
12;2025-12-27;10;1512
12;2025-12-27;11;1556
12;2025-12-27;12;1614
12;2025-12-27;13;1825
12;2025-12-27;14;1657
12;2025-12-27;15;1611
12;2025-12-27;16;1770
12;2025-12-27;17;1649
12;2025-12-27;18;1526
12;2025-12-27;19;1412
12;2025-12-27;20;979
12;2025-12-27;21;800
12;2025-12-27;22;418
12;2025-12-27;23;307
12;2025-12-28;0;86
12;2025-12-28;1;4
12;2025-12-28;2;0
12;2025-12-28;3;0
12;2025-12-28;4;3
12;2025-12-28;5;126
12;2025-12-28;6;480
12;2025-12-28;7;703
12;2025-12-28;8;743
12;2025-12-28;9;956
12;2025-12-28;10;1187
12;2025-12-28;11;1322
12;2025-12-28;12;1428
12;2025-12-28;13;1643
12;2025-12-28;14;1519
12;2025-12-28;15;1545
12;2025-12-28;16;1596
12;2025-12-28;17;1591
12;2025-12-28;18;1409
12;2025-12-28;19;1022
12;2025-12-28;20;788
12;2025-12-28;21;598
12;2025-12-28;22;411
12;2025-12-28;23;218
12;2025-12-29;0;50
12;2025-12-29;1;2
12;2025-12-29;2;0
12;2025-12-29;3;0
12;2025-12-29;4;5
12;2025-12-29;5;265
12;2025-12-29;6;1201
12;2025-12-29;7;2317
12;2025-12-29;8;3098
12;2025-12-29;9;2182
12;2025-12-29;10;1813
12;2025-12-29;11;1737
12;2025-12-29;12;1822
12;2025-12-29;13;1814
12;2025-12-29;14;1779
12;2025-12-29;15;1998
12;2025-12-29;16;2464
12;2025-12-29;17;2671
12;2025-12-29;18;2785
12;2025-12-29;19;2065
12;2025-12-29;20;1321
12;2025-12-29;21;803
12;2025-12-29;22;385
12;2025-12-29;23;211
12;2025-12-30;0;42
12;2025-12-30;1;2
12;2025-12-30;2;0
12;2025-12-30;3;0
12;2025-12-30;4;6
12;2025-12-30;5;270
12;2025-12-30;6;1212
12;2025-12-30;7;2366
12;2025-12-30;8;3143
12;2025-12-30;9;2207
12;2025-12-30;10;1846
12;2025-12-30;11;1761
12;2025-12-30;12;1823
12;2025-12-30;13;1841
12;2025-12-30;14;1812
12;2025-12-30;15;2015
12;2025-12-30;16;2498
12;2025-12-30;17;2700
12;2025-12-30;18;2770
12;2025-12-30;19;2062
12;2025-12-30;20;1310
12;2025-12-30;21;805
12;2025-12-30;22;400
12;2025-12-30;23;221
12;2025-12-31;0;74
12;2025-12-31;1;5
12;2025-12-31;2;0
12;2025-12-31;3;0
12;2025-12-31;4;3
12;2025-12-31;5;110
12;2025-12-31;6;416
12;2025-12-31;7;596
12;2025-12-31;8;631
12;2025-12-31;9;820
12;2025-12-31;10;1024
12;2025-12-31;11;1125
12;2025-12-31;12;1218
12;2025-12-31;13;1392
12;2025-12-31;14;1287
12;2025-12-31;15;1301
12;2025-12-31;16;1345
12;2025-12-31;17;1352
12;2025-12-31;18;1210
12;2025-12-31;19;876
12;2025-12-31;20;0
12;2025-12-31;21;0
12;2025-12-31;22;0
12;2025-12-31;23;0
17;2025-11-01;0;115
17;2025-11-01;1;12
17;2025-11-01;2;0
17;2025-11-01;3;0
17;2025-11-01;4;22
17;2025-11-01;5;285
17;2025-11-01;6;1404
17;2025-11-01;7;3941
17;2025-11-01;8;4951
17;2025-11-01;9;3560
17;2025-11-01;10;2826
17;2025-11-01;11;2816
17;2025-11-01;12;2834
17;2025-11-01;13;2895
17;2025-11-01;14;2992
17;2025-11-01;15;3106
17;2025-11-01;16;3488
17;2025-11-01;17;4206
17;2025-11-01;18;4245
17;2025-11-01;19;3012
17;2025-11-01;20;2122
17;2025-11-01;21;1323
17;2025-11-01;22;635
17;2025-11-01;23;354
17;2025-11-02;0;182
17;2025-11-02;1;25
17;2025-11-02;2;0
17;2025-11-02;3;0
17;2025-11-02;4;4
17;2025-11-02;5;116
17;2025-11-02;6;439
17;2025-11-02;7;875
17;2025-11-02;8;1269
17;2025-11-02;9;1727
17;2025-11-02;10;2022
17;2025-11-02;11;2597
17;2025-11-02;12;2983
17;2025-11-02;13;3256
17;2025-11-02;14;3329
17;2025-11-02;15;3245
17;2025-11-02;16;3272
17;2025-11-02;17;3091
17;2025-11-02;18;2639
17;2025-11-02;19;2105
17;2025-11-02;20;1575
17;2025-11-02;21;1130
17;2025-11-02;22;689
17;2025-11-02;23;321
17;2025-11-03;0;165
17;2025-11-03;1;23
17;2025-11-03;2;0
17;2025-11-03;3;0
17;2025-11-03;4;4
17;2025-11-03;5;106
17;2025-11-03;6;416
17;2025-11-03;7;844
17;2025-11-03;8;1217
17;2025-11-03;9;1613
17;2025-11-03;10;1865
17;2025-11-03;11;2388
17;2025-11-03;12;2733
17;2025-11-03;13;2995
17;2025-11-03;14;3065
17;2025-11-03;15;2970
17;2025-11-03;16;2994
17;2025-11-03;17;2837
17;2025-11-03;18;2505
17;2025-11-03;19;1990
17;2025-11-03;20;1475
17;2025-11-03;21;1053
17;2025-11-03;22;640
17;2025-11-03;23;293
17;2025-11-04;0;168
17;2025-11-04;1;25
17;2025-11-04;2;0
17;2025-11-04;3;0
17;2025-11-04;4;4
17;2025-11-04;5;102
17;2025-11-04;6;406
17;2025-11-04;7;814
17;2025-11-04;8;1176
17;2025-11-04;9;1573
17;2025-11-04;10;1821
17;2025-11-04;11;2323
17;2025-11-04;12;2673
17;2025-11-04;13;2947
17;2025-11-04;14;3042
17;2025-11-04;15;2930
17;2025-11-04;16;2952
17;2025-11-04;17;2808
17;2025-11-04;18;2460
17;2025-11-04;19;1961
17;2025-11-04;20;1461
17;2025-11-04;21;1041
17;2025-11-04;22;638
17;2025-11-04;23;291
17;2025-11-05;0;122
17;2025-11-05;1;11
17;2025-11-05;2;0
17;2025-11-05;3;0
17;2025-11-05;4;26
17;2025-11-05;5;311
17;2025-11-05;6;1543
17;2025-11-05;7;4289
17;2025-11-05;8;5425
17;2025-11-05;9;3869
17;2025-11-05;10;3063
17;2025-11-05;11;3037
17;2025-11-05;12;3061
17;2025-11-05;13;3113
17;2025-11-05;14;3207
17;2025-11-05;15;3326
17;2025-11-05;16;3707
17;2025-11-05;17;4550
17;2025-11-05;18;4729
17;2025-11-05;19;3320
17;2025-11-05;20;2323
17;2025-11-05;21;1460
17;2025-11-05;22;703
17;2025-11-05;23;385
17;2025-11-06;0;128
17;2025-11-06;1;10
17;2025-11-06;2;0
17;2025-11-06;3;0
17;2025-11-06;4;25
17;2025-11-06;5;318
17;2025-11-06;6;1548
17;2025-11-06;7;4303
17;2025-11-06;8;5438
17;2025-11-06;9;3880
17;2025-11-06;10;3070
17;2025-11-06;11;3033
17;2025-11-06;12;3062
17;2025-11-06;13;3129
17;2025-11-06;14;3217
17;2025-11-06;15;3319
17;2025-11-06;16;3754
17;2025-11-06;17;4574
17;2025-11-06;18;4746
17;2025-11-06;19;3357
17;2025-11-06;20;2373
17;2025-11-06;21;1486
17;2025-11-06;22;721
17;2025-11-06;23;400
17;2025-11-07;0;139
17;2025-11-07;1;14
17;2025-11-07;2;0
17;2025-11-07;3;0
17;2025-11-07;4;23
17;2025-11-07;5;312
17;2025-11-07;6;1533
17;2025-11-07;7;4264
17;2025-11-07;8;5324
17;2025-11-07;9;3828
17;2025-11-07;10;3030
17;2025-11-07;11;3061
17;2025-11-07;12;3064
17;2025-11-07;13;3145
17;2025-11-07;14;3261
17;2025-11-07;15;3465
17;2025-11-07;16;3985
17;2025-11-07;17;4613
17;2025-11-07;18;4377
17;2025-11-07;19;3188
17;2025-11-07;20;2324
17;2025-11-07;21;1511
17;2025-11-07;22;757
17;2025-11-07;23;449
17;2025-11-08;0;206
17;2025-11-08;1;27
17;2025-11-08;2;0
17;2025-11-08;3;0
17;2025-11-08;4;6
17;2025-11-08;5;136
17;2025-11-08;6;600
17;2025-11-08;7;1306
17;2025-11-08;8;1837
17;2025-11-08;9;2310
17;2025-11-08;10;2563
17;2025-11-08;11;3079
17;2025-11-08;12;3403
17;2025-11-08;13;3656
17;2025-11-08;14;3622
17;2025-11-08;15;3607
17;2025-11-08;16;3672
17;2025-11-08;17;3342
17;2025-11-08;18;3028
17;2025-11-08;19;2392
17;2025-11-08;20;1870
17;2025-11-08;21;1353
17;2025-11-08;22;838
17;2025-11-08;23;459
17;2025-11-09;0;184
17;2025-11-09;1;25
17;2025-11-09;2;0
17;2025-11-09;3;0
17;2025-11-09;4;6
17;2025-11-09;5;114
17;2025-11-09;6;436
17;2025-11-09;7;870
17;2025-11-09;8;1265
17;2025-11-09;9;1715
17;2025-11-09;10;2002
17;2025-11-09;11;2580
17;2025-11-09;12;2968
17;2025-11-09;13;3251
17;2025-11-09;14;3334
17;2025-11-09;15;3240
17;2025-11-09;16;3273
17;2025-11-09;17;3070
17;2025-11-09;18;2637
17;2025-11-09;19;2105
17;2025-11-09;20;1575
17;2025-11-09;21;1140
17;2025-11-09;22;700
17;2025-11-09;23;326
17;2025-11-10;0;113
17;2025-11-10;1;12
17;2025-11-10;2;0
17;2025-11-10;3;0
17;2025-11-10;4;25
17;2025-11-10;5;313
17;2025-11-10;6;1550
17;2025-11-10;7;4349
17;2025-11-10;8;5515
17;2025-11-10;9;3901
17;2025-11-10;10;3054
17;2025-11-10;11;3034
17;2025-11-10;12;3046
17;2025-11-10;13;3100
17;2025-11-10;14;3188
17;2025-11-10;15;3324
17;2025-11-10;16;3736
17;2025-11-10;17;4579
17;2025-11-10;18;4794
17;2025-11-10;19;3345
17;2025-11-10;20;2314
17;2025-11-10;21;1409
17;2025-11-10;22;651
17;2025-11-10;23;343
17;2025-11-11;0;115
17;2025-11-11;1;10
17;2025-11-11;2;0
17;2025-11-11;3;0
17;2025-11-11;4;24
17;2025-11-11;5;318
17;2025-11-11;6;1570
17;2025-11-11;7;4390
17;2025-11-11;8;5568
17;2025-11-11;9;3954
17;2025-11-11;10;3099
17;2025-11-11;11;3063
17;2025-11-11;12;3091
17;2025-11-11;13;3149
17;2025-11-11;14;3274
17;2025-11-11;15;3367
17;2025-11-11;16;3773
17;2025-11-11;17;4674
17;2025-11-11;18;4854
17;2025-11-11;19;3401
17;2025-11-11;20;2372
17;2025-11-11;21;1457
17;2025-11-11;22;689
17;2025-11-11;23;365
17;2025-11-12;0;121
17;2025-11-12;1;10
17;2025-11-12;2;0
17;2025-11-12;3;0
17;2025-11-12;4;27
17;2025-11-12;5;315
17;2025-11-12;6;1553
17;2025-11-12;7;4315
17;2025-11-12;8;5467
17;2025-11-12;9;3901
17;2025-11-12;10;3088
17;2025-11-12;11;3061
17;2025-11-12;12;3078
17;2025-11-12;13;3128
17;2025-11-12;14;3223
17;2025-11-12;15;3345
17;2025-11-12;16;3744
17;2025-11-12;17;4584
17;2025-11-12;18;4752
17;2025-11-12;19;3332
17;2025-11-12;20;2333
17;2025-11-12;21;1464
17;2025-11-12;22;706
17;2025-11-12;23;387
17;2025-11-13;0;127
17;2025-11-13;1;10
17;2025-11-13;2;0
17;2025-11-13;3;0
17;2025-11-13;4;26
17;2025-11-13;5;322
17;2025-11-13;6;1559
17;2025-11-13;7;4341
17;2025-11-13;8;5493
17;2025-11-13;9;3924
17;2025-11-13;10;3104
17;2025-11-13;11;3074
17;2025-11-13;12;3104
17;2025-11-13;13;3171
17;2025-11-13;14;3259
17;2025-11-13;15;3371
17;2025-11-13;16;3814
17;2025-11-13;17;4638
17;2025-11-13;18;4800
17;2025-11-13;19;3389
17;2025-11-13;20;2403
17;2025-11-13;21;1504
17;2025-11-13;22;728
17;2025-11-13;23;404
17;2025-11-14;0;139
17;2025-11-14;1;15
17;2025-11-14;2;0
17;2025-11-14;3;0
17;2025-11-14;4;24
17;2025-11-14;5;317
17;2025-11-14;6;1546
17;2025-11-14;7;4295
17;2025-11-14;8;5380
17;2025-11-14;9;3866
17;2025-11-14;10;3063
17;2025-11-14;11;3097
17;2025-11-14;12;3097
17;2025-11-14;13;3177
17;2025-11-14;14;3295
17;2025-11-14;15;3505
17;2025-11-14;16;4034
17;2025-11-14;17;4665
17;2025-11-14;18;4411
17;2025-11-14;19;3215
17;2025-11-14;20;2340
17;2025-11-14;21;1514
17;2025-11-14;22;755
17;2025-11-14;23;447
17;2025-11-15;0;196
17;2025-11-15;1;27
17;2025-11-15;2;0
17;2025-11-15;3;0
17;2025-11-15;4;5
17;2025-11-15;5;130
17;2025-11-15;6;579
17;2025-11-15;7;1261
17;2025-11-15;8;1772
17;2025-11-15;9;2231
17;2025-11-15;10;2463
17;2025-11-15;11;2965
17;2025-11-15;12;3285
17;2025-11-15;13;3529
17;2025-11-15;14;3496
17;2025-11-15;15;3490
17;2025-11-15;16;3567
17;2025-11-15;17;3230
17;2025-11-15;18;2923
17;2025-11-15;19;2302
17;2025-11-15;20;1796
17;2025-11-15;21;1305
17;2025-11-15;22;810
17;2025-11-15;23;441
17;2025-11-16;0;182
17;2025-11-16;1;24
17;2025-11-16;2;0
17;2025-11-16;3;0
17;2025-11-16;4;4
17;2025-11-16;5;111
17;2025-11-16;6;434
17;2025-11-16;7;867
17;2025-11-16;8;1261
17;2025-11-16;9;1716
17;2025-11-16;10;1998
17;2025-11-16;11;2587
17;2025-11-16;12;2978
17;2025-11-16;13;3257
17;2025-11-16;14;3340
17;2025-11-16;15;3251
17;2025-11-16;16;3288
17;2025-11-16;17;3077
17;2025-11-16;18;2642
17;2025-11-16;19;2106
17;2025-11-16;20;1574
17;2025-11-16;21;1140
17;2025-11-16;22;701
17;2025-11-16;23;326
17;2025-11-17;0;112
17;2025-11-17;1;13
17;2025-11-17;2;0
17;2025-11-17;3;0
17;2025-11-17;4;25
17;2025-11-17;5;309
17;2025-11-17;6;1532
17;2025-11-17;7;4290
17;2025-11-17;8;5437
17;2025-11-17;9;3857
17;2025-11-17;10;3014
17;2025-11-17;11;3000
17;2025-11-17;12;3002
17;2025-11-17;13;3054
17;2025-11-17;14;3137
17;2025-11-17;15;3270
17;2025-11-17;16;3685
17;2025-11-17;17;4520
17;2025-11-17;18;4732
17;2025-11-17;19;3302
17;2025-11-17;20;2286
17;2025-11-17;21;1395
17;2025-11-17;22;647
17;2025-11-17;23;342
17;2025-11-18;0;116
17;2025-11-18;1;12
17;2025-11-18;2;0
17;2025-11-18;3;0
17;2025-11-18;4;23
17;2025-11-18;5;308
17;2025-11-18;6;1537
17;2025-11-18;7;4249
17;2025-11-18;8;5381
17;2025-11-18;9;3830
17;2025-11-18;10;2994
17;2025-11-18;11;2951
17;2025-11-18;12;2976
17;2025-11-18;13;3030
17;2025-11-18;14;3154
17;2025-11-18;15;3246
17;2025-11-18;16;3648
17;2025-11-18;17;4529
17;2025-11-18;18;4702
17;2025-11-18;19;3291
17;2025-11-18;20;2303
17;2025-11-18;21;1418
17;2025-11-18;22;675
17;2025-11-18;23;356
17;2025-11-19;0;120
17;2025-11-19;1;10
17;2025-11-19;2;0
17;2025-11-19;3;0
17;2025-11-19;4;27
17;2025-11-19;5;317
17;2025-11-19;6;1561
17;2025-11-19;7;4335
17;2025-11-19;8;5497
17;2025-11-19;9;3929
17;2025-11-19;10;3109
17;2025-11-19;11;3088
17;2025-11-19;12;3110
17;2025-11-19;13;3163
17;2025-11-19;14;3259
17;2025-11-19;15;3377
17;2025-11-19;16;3781
17;2025-11-19;17;4622
17;2025-11-19;18;4789
17;2025-11-19;19;3352
17;2025-11-19;20;2344
17;2025-11-19;21;1473
17;2025-11-19;22;708
17;2025-11-19;23;388
17;2025-11-20;0;125
17;2025-11-20;1;10
17;2025-11-20;2;0
17;2025-11-20;3;0
17;2025-11-20;4;26
17;2025-11-20;5;323
17;2025-11-20;6;1481
17;2025-11-20;7;4296
17;2025-11-20;8;5508
17;2025-11-20;9;3935
17;2025-11-20;10;3110
17;2025-11-20;11;3086
17;2025-11-20;12;3113
17;2025-11-20;13;3182
17;2025-11-20;14;3267
17;2025-11-20;15;3381
17;2025-11-20;16;3833
17;2025-11-20;17;4651
17;2025-11-20;18;4810
17;2025-11-20;19;3387
17;2025-11-20;20;2398
17;2025-11-20;21;1498
17;2025-11-20;22;724
17;2025-11-20;23;400
17;2025-11-21;0;137
17;2025-11-21;1;14
17;2025-11-21;2;0
17;2025-11-21;3;0
17;2025-11-21;4;24
17;2025-11-21;5;316
17;2025-11-21;6;1546
17;2025-11-21;7;4293
17;2025-11-21;8;5385
17;2025-11-21;9;3871
17;2025-11-21;10;3062
17;2025-11-21;11;3102
17;2025-11-21;12;3101
17;2025-11-21;13;3178
17;2025-11-21;14;3296
17;2025-11-21;15;3508
17;2025-11-21;16;4044
17;2025-11-21;17;4666
17;2025-11-21;18;4414
17;2025-11-21;19;3208
17;2025-11-21;20;2328
17;2025-11-21;21;1512
17;2025-11-21;22;720
17;2025-11-21;23;350
17;2025-11-22;0;198
17;2025-11-22;1;25
17;2025-11-22;2;0
17;2025-11-22;3;0
17;2025-11-22;4;6
17;2025-11-22;5;131
17;2025-11-22;6;584
17;2025-11-22;7;1279
17;2025-11-22;8;1799
17;2025-11-22;9;2267
17;2025-11-22;10;2507
17;2025-11-22;11;3021
17;2025-11-22;12;3355
17;2025-11-22;13;3599
17;2025-11-22;14;3568
17;2025-11-22;15;3557
17;2025-11-22;16;3636
17;2025-11-22;17;3293
17;2025-11-22;18;2976
17;2025-11-22;19;2345
17;2025-11-22;20;1830
17;2025-11-22;21;1325
17;2025-11-22;22;819
17;2025-11-22;23;445
17;2025-11-23;0;181
17;2025-11-23;1;24
17;2025-11-23;2;0
17;2025-11-23;3;0
17;2025-11-23;4;4
17;2025-11-23;5;110
17;2025-11-23;6;429
17;2025-11-23;7;860
17;2025-11-23;8;1255
17;2025-11-23;9;1706
17;2025-11-23;10;1992
17;2025-11-23;11;2574
17;2025-11-23;12;2968
17;2025-11-23;13;3242
17;2025-11-23;14;3328
17;2025-11-23;15;3239
17;2025-11-23;16;3278
17;2025-11-23;17;3062
17;2025-11-23;18;2624
17;2025-11-23;19;2087
17;2025-11-23;20;1562
17;2025-11-23;21;1135
17;2025-11-23;22;699
17;2025-11-23;23;325
17;2025-11-24;0;114
17;2025-11-24;1;12
17;2025-11-24;2;0
17;2025-11-24;3;0
17;2025-11-24;4;24
17;2025-11-24;5;303
17;2025-11-24;6;1501
17;2025-11-24;7;4199
17;2025-11-24;8;5335
17;2025-11-24;9;3783
17;2025-11-24;10;2956
17;2025-11-24;11;2924
17;2025-11-24;12;2936
17;2025-11-24;13;2997
17;2025-11-24;14;3079
17;2025-11-24;15;3211
17;2025-11-24;16;3619
17;2025-11-24;17;4438
17;2025-11-24;18;4648
17;2025-11-24;19;3242
17;2025-11-24;20;2248
17;2025-11-24;21;1371
17;2025-11-24;22;634
17;2025-11-24;23;336
17;2025-11-25;0;113
17;2025-11-25;1;10
17;2025-11-25;2;0
17;2025-11-25;3;0
17;2025-11-25;4;25
17;2025-11-25;5;317
17;2025-11-25;6;1567
17;2025-11-25;7;4370
17;2025-11-25;8;5562
17;2025-11-25;9;3956
17;2025-11-25;10;3100
17;2025-11-25;11;3063
17;2025-11-25;12;3089
17;2025-11-25;13;3150
17;2025-11-25;14;3276
17;2025-11-25;15;3373
17;2025-11-25;16;3790
17;2025-11-25;17;4680
17;2025-11-25;18;4853
17;2025-11-25;19;3392
17;2025-11-25;20;2368
17;2025-11-25;21;1454
17;2025-11-25;22;688
17;2025-11-25;23;364
17;2025-11-26;0;120
17;2025-11-26;1;11
17;2025-11-26;2;0
17;2025-11-26;3;0
17;2025-11-26;4;26
17;2025-11-26;5;311
17;2025-11-26;6;1533
17;2025-11-26;7;4238
17;2025-11-26;8;5397
17;2025-11-26;9;3851
17;2025-11-26;10;3045
17;2025-11-26;11;3009
17;2025-11-26;12;3033
17;2025-11-26;13;3085
17;2025-11-26;14;3184
17;2025-11-26;15;3302
17;2025-11-26;16;3695
17;2025-11-26;17;4520
17;2025-11-26;18;4684
17;2025-11-26;19;3273
17;2025-11-26;20;2291
17;2025-11-26;21;1436
17;2025-11-26;22;689
17;2025-11-26;23;377
17;2025-11-27;0;126
17;2025-11-27;1;11
17;2025-11-27;2;0
17;2025-11-27;3;0
17;2025-11-27;4;26
17;2025-11-27;5;317
17;2025-11-27;6;1540
17;2025-11-27;7;4266
17;2025-11-27;8;5427
17;2025-11-27;9;3875
17;2025-11-27;10;3067
17;2025-11-27;11;3025
17;2025-11-27;12;3050
17;2025-11-27;13;3119
17;2025-11-27;14;3203
17;2025-11-27;15;3315
17;2025-11-27;16;3768
17;2025-11-27;17;4572
17;2025-11-27;18;4732
17;2025-11-27;19;3323
17;2025-11-27;20;2362
17;2025-11-27;21;1474
17;2025-11-27;22;715
17;2025-11-27;23;395
17;2025-11-28;0;138
17;2025-11-28;1;17
17;2025-11-28;2;0
17;2025-11-28;3;0
17;2025-11-28;4;25
17;2025-11-28;5;314
17;2025-11-28;6;1525
17;2025-11-28;7;4212
17;2025-11-28;8;5312
17;2025-11-28;9;3810
17;2025-11-28;10;3015
17;2025-11-28;11;2866
17;2025-11-28;12;2889
17;2025-11-28;13;3128
17;2025-11-28;14;3243
17;2025-11-28;15;3450
17;2025-11-28;16;3983
17;2025-11-28;17;4598
17;2025-11-28;18;4357
17;2025-11-28;19;3163
17;2025-11-28;20;2304
17;2025-11-28;21;1494
17;2025-11-28;22;747
17;2025-11-28;23;444
17;2025-11-29;0;204
17;2025-11-29;1;26
17;2025-11-29;2;0
17;2025-11-29;3;0
17;2025-11-29;4;6
17;2025-11-29;5;135
17;2025-11-29;6;594
17;2025-11-29;7;1300
17;2025-11-29;8;1842
17;2025-11-29;9;2316
17;2025-11-29;10;2563
17;2025-11-29;11;3093
17;2025-11-29;12;3433
17;2025-11-29;13;3677
17;2025-11-29;14;3645
17;2025-11-29;15;3637
17;2025-11-29;16;3716
17;2025-11-29;17;3363
17;2025-11-29;18;3035
17;2025-11-29;19;2392
17;2025-11-29;20;1870
17;2025-11-29;21;1358
17;2025-11-29;22;844
17;2025-11-29;23;460
17;2025-11-30;0;185
17;2025-11-30;1;26
17;2025-11-30;2;0
17;2025-11-30;3;0
17;2025-11-30;4;4
17;2025-11-30;5;109
17;2025-11-30;6;428
17;2025-11-30;7;851
17;2025-11-30;8;1249
17;2025-11-30;9;1697
17;2025-11-30;10;1982
17;2025-11-30;11;2564
17;2025-11-30;12;2960
17;2025-11-30;13;3232
17;2025-11-30;14;3320
17;2025-11-30;15;3231
17;2025-11-30;16;3273
17;2025-11-30;17;3057
17;2025-11-30;18;2619
17;2025-11-30;19;2085
17;2025-11-30;20;1566
17;2025-11-30;21;1140
17;2025-11-30;22;703
17;2025-11-30;23;329
17;2025-12-01;0;115
17;2025-12-01;1;13
17;2025-12-01;2;0
17;2025-12-01;3;0
17;2025-12-01;4;25
17;2025-12-01;5;313
17;2025-12-01;6;1548
17;2025-12-01;7;4319
17;2025-12-01;8;5518
17;2025-12-01;9;3907
17;2025-12-01;10;3058
17;2025-12-01;11;3041
17;2025-12-01;12;3050
17;2025-12-01;13;3108
17;2025-12-01;14;3197
17;2025-12-01;15;3331
17;2025-12-01;16;3757
17;2025-12-01;17;4592
17;2025-12-01;18;4787
17;2025-12-01;19;3332
17;2025-12-01;20;2310
17;2025-12-01;21;1407
17;2025-12-01;22;652
17;2025-12-01;23;347
17;2025-12-02;0;115
17;2025-12-02;1;10
17;2025-12-02;2;0
17;2025-12-02;3;0
17;2025-12-02;4;27
17;2025-12-02;5;319
17;2025-12-02;6;1569
17;2025-12-02;7;4364
17;2025-12-02;8;5578
17;2025-12-02;9;3964
17;2025-12-02;10;3108
17;2025-12-02;11;3071
17;2025-12-02;12;3096
17;2025-12-02;13;3157
17;2025-12-02;14;3285
17;2025-12-02;15;3378
17;2025-12-02;16;3799
17;2025-12-02;17;4688
17;2025-12-02;18;4850
17;2025-12-02;19;3389
17;2025-12-02;20;2371
17;2025-12-02;21;1456
17;2025-12-02;22;691
17;2025-12-02;23;367
17;2025-12-03;0;123
17;2025-12-03;1;11
17;2025-12-03;2;0
17;2025-12-03;3;0
17;2025-12-03;4;27
17;2025-12-03;5;320
17;2025-12-03;6;1563
17;2025-12-03;7;4318
17;2025-12-03;8;5525
17;2025-12-03;9;3940
17;2025-12-03;10;3122
17;2025-12-03;11;3095
17;2025-12-03;12;3120
17;2025-12-03;13;3175
17;2025-12-03;14;3271
17;2025-12-03;15;3388
17;2025-12-03;16;3800
17;2025-12-03;17;4637
17;2025-12-03;18;4790
17;2025-12-03;19;3349
17;2025-12-03;20;2352
17;2025-12-03;21;1479
17;2025-12-03;22;714
17;2025-12-03;23;394
17;2025-12-04;0;129
17;2025-12-04;1;10
17;2025-12-04;2;0
17;2025-12-04;3;0
17;2025-12-04;4;27
17;2025-12-04;5;325
17;2025-12-04;6;1565
17;2025-12-04;7;4326
17;2025-12-04;8;5533
17;2025-12-04;9;3944
17;2025-12-04;10;3123
17;2025-12-04;11;3090
17;2025-12-04;12;3123
17;2025-12-04;13;3194
17;2025-12-04;14;3280
17;2025-12-04;15;3390
17;2025-12-04;16;3851
17;2025-12-04;17;4667
17;2025-12-04;18;4814
17;2025-12-04;19;3389
17;2025-12-04;20;2411
17;2025-12-04;21;1507
17;2025-12-04;22;736
17;2025-12-04;23;408
17;2025-12-05;0;140
17;2025-12-05;1;14
17;2025-12-05;2;0
17;2025-12-05;3;0
17;2025-12-05;4;25
17;2025-12-05;5;320
17;2025-12-05;6;1554
17;2025-12-05;7;4287
17;2025-12-05;8;5420
17;2025-12-05;9;3891
17;2025-12-05;10;3084
17;2025-12-05;11;3117
17;2025-12-05;12;3119
17;2025-12-05;13;3202
17;2025-12-05;14;3320
17;2025-12-05;15;3529
17;2025-12-05;16;4080
17;2025-12-05;17;4698
17;2025-12-05;18;4423
17;2025-12-05;19;3218
17;2025-12-05;20;2347
17;2025-12-05;21;1524
17;2025-12-05;22;764
17;2025-12-05;23;454
17;2025-12-06;0;206
17;2025-12-06;1;26
17;2025-12-06;2;0
17;2025-12-06;3;0
17;2025-12-06;4;7
17;2025-12-06;5;137
17;2025-12-06;6;600
17;2025-12-06;7;1303
17;2025-12-06;8;1853
17;2025-12-06;9;2330
17;2025-12-06;10;2583
17;2025-12-06;11;3111
17;2025-12-06;12;3453
17;2025-12-06;13;3701
17;2025-12-06;14;3671
17;2025-12-06;15;3662
17;2025-12-06;16;3739
17;2025-12-06;17;3391
17;2025-12-06;18;3053
17;2025-12-06;19;2406
17;2025-12-06;20;1891
17;2025-12-06;21;1373
17;2025-12-06;22;854
17;2025-12-06;23;471
17;2025-12-07;0;187
17;2025-12-07;1;24
17;2025-12-07;2;0
17;2025-12-07;3;0
17;2025-12-07;4;5
17;2025-12-07;5;113
17;2025-12-07;6;438
17;2025-12-07;7;866
17;2025-12-07;8;1277
17;2025-12-07;9;1733
17;2025-12-07;10;2024
17;2025-12-07;11;2619
17;2025-12-07;12;3025
17;2025-12-07;13;3303
17;2025-12-07;14;3386
17;2025-12-07;15;3305
17;2025-12-07;16;3351
17;2025-12-07;17;3124
17;2025-12-07;18;2675
17;2025-12-07;19;2135
17;2025-12-07;20;1603
17;2025-12-07;21;1166
17;2025-12-07;22;719
17;2025-12-07;23;335
17;2025-12-08;0;115
17;2025-12-08;1;12
17;2025-12-08;2;0
17;2025-12-08;3;0
17;2025-12-08;4;26
17;2025-12-08;5;315
17;2025-12-08;6;1546
17;2025-12-08;7;4304
17;2025-12-08;8;5511
17;2025-12-08;9;3904
17;2025-12-08;10;3059
17;2025-12-08;11;3038
17;2025-12-08;12;3048
17;2025-12-08;13;3107
17;2025-12-08;14;3194
17;2025-12-08;15;3329
17;2025-12-08;16;3757
17;2025-12-08;17;4588
17;2025-12-08;18;4787
17;2025-12-08;19;3334
17;2025-12-08;20;2312
17;2025-12-08;21;1408
17;2025-12-08;22;656
17;2025-12-08;23;348
17;2025-12-09;0;114
17;2025-12-09;1;10
17;2025-12-09;2;0
17;2025-12-09;3;0
17;2025-12-09;4;26
17;2025-12-09;5;318
17;2025-12-09;6;1560
17;2025-12-09;7;4325
17;2025-12-09;8;5544
17;2025-12-09;9;3940
17;2025-12-09;10;3090
17;2025-12-09;11;3051
17;2025-12-09;12;3078
17;2025-12-09;13;3138
17;2025-12-09;14;3264
17;2025-12-09;15;3362
17;2025-12-09;16;3781
17;2025-12-09;17;4660
17;2025-12-09;18;4827
17;2025-12-09;19;3374
17;2025-12-09;20;2359
17;2025-12-09;21;1453
17;2025-12-09;22;692
17;2025-12-09;23;366
17;2025-12-10;0;121
17;2025-12-10;1;11
17;2025-12-10;2;0
17;2025-12-10;3;0
17;2025-12-10;4;26
17;2025-12-10;5;316
17;2025-12-10;6;1544
17;2025-12-10;7;4254
17;2025-12-10;8;5446
17;2025-12-10;9;3890
17;2025-12-10;10;3084
17;2025-12-10;11;3053
17;2025-12-10;12;3081
17;2025-12-10;13;3134
17;2025-12-10;14;3229
17;2025-12-10;15;3347
17;2025-12-10;16;3753
17;2025-12-10;17;4578
17;2025-12-10;18;4734
17;2025-12-10;19;3310
17;2025-12-10;20;2324
17;2025-12-10;21;1463
17;2025-12-10;22;710
17;2025-12-10;23;392
17;2025-12-11;0;127
17;2025-12-11;1;12
17;2025-12-11;2;0
17;2025-12-11;3;0
17;2025-12-11;4;27
17;2025-12-11;5;321
17;2025-12-11;6;1537
17;2025-12-11;7;4229
17;2025-12-11;8;5408
17;2025-12-11;9;3864
17;2025-12-11;10;3054
17;2025-12-11;11;3019
17;2025-12-11;12;3052
17;2025-12-11;13;3122
17;2025-12-11;14;3212
17;2025-12-11;15;3323
17;2025-12-11;16;3777
17;2025-12-11;17;4574
17;2025-12-11;18;4715
17;2025-12-11;19;3314
17;2025-12-11;20;2363
17;2025-12-11;21;1476
17;2025-12-11;22;724
17;2025-12-11;23;398
17;2025-12-12;0;140
17;2025-12-12;1;17
17;2025-12-12;2;0
17;2025-12-12;3;0
17;2025-12-12;4;26
17;2025-12-12;5;317
17;2025-12-12;6;1527
17;2025-12-12;7;4192
17;2025-12-12;8;5298
17;2025-12-12;9;3816
17;2025-12-12;10;3027
17;2025-12-12;11;3059
17;2025-12-12;12;3054
17;2025-12-12;13;3132
17;2025-12-12;14;3245
17;2025-12-12;15;3442
17;2025-12-12;16;3984
17;2025-12-12;17;4576
17;2025-12-12;18;4316
17;2025-12-12;19;3142
17;2025-12-12;20;2297
17;2025-12-12;21;1494
17;2025-12-12;22;751
17;2025-12-12;23;443
17;2025-12-13;0;201
17;2025-12-13;1;24
17;2025-12-13;2;0
17;2025-12-13;3;0
17;2025-12-13;4;6
17;2025-12-13;5;134
17;2025-12-13;6;589
17;2025-12-13;7;1279
17;2025-12-13;8;1823
17;2025-12-13;9;2296
17;2025-12-13;10;2543
17;2025-12-13;11;3068
17;2025-12-13;12;3406
17;2025-12-13;13;3643
17;2025-12-13;14;3614
17;2025-12-13;15;3615
17;2025-12-13;16;3694
17;2025-12-13;17;3348
17;2025-12-13;18;3017
17;2025-12-13;19;2380
17;2025-12-13;20;1866
17;2025-12-13;21;1355
17;2025-12-13;22;848
17;2025-12-13;23;463
17;2025-12-14;0;183
17;2025-12-14;1;24
17;2025-12-14;2;0
17;2025-12-14;3;0
17;2025-12-14;4;5
17;2025-12-14;5;111
17;2025-12-14;6;433
17;2025-12-14;7;854
17;2025-12-14;8;1257
17;2025-12-14;9;1711
17;2025-12-14;10;1996
17;2025-12-14;11;2588
17;2025-12-14;12;2987
17;2025-12-14;13;3256
17;2025-12-14;14;3340
17;2025-12-14;15;3263
17;2025-12-14;16;3312
17;2025-12-14;17;3089
17;2025-12-14;18;2647
17;2025-12-14;19;2114
17;2025-12-14;20;1588
17;2025-12-14;21;1155
17;2025-12-14;22;717
17;2025-12-14;23;331
17;2025-12-15;0;112
17;2025-12-15;1;12
17;2025-12-15;2;0
17;2025-12-15;3;0
17;2025-12-15;4;25
17;2025-12-15;5;313
17;2025-12-15;6;1540
17;2025-12-15;7;4273
17;2025-12-15;8;5475
17;2025-12-15;9;3889
17;2025-12-15;10;3039
17;2025-12-15;11;3023
17;2025-12-15;12;3034
17;2025-12-15;13;3087
17;2025-12-15;14;3169
17;2025-12-15;15;3311
17;2025-12-15;16;3738
17;2025-12-15;17;4563
17;2025-12-15;18;4775
17;2025-12-15;19;3330
17;2025-12-15;20;2314
17;2025-12-15;21;1409
17;2025-12-15;22;664
17;2025-12-15;23;349
17;2025-12-16;0;115
17;2025-12-16;1;11
17;2025-12-16;2;0
17;2025-12-16;3;0
17;2025-12-16;4;27
17;2025-12-16;5;320
17;2025-12-16;6;1568
17;2025-12-16;7;4330
17;2025-12-16;8;5550
17;2025-12-16;9;3954
17;2025-12-16;10;3099
17;2025-12-16;11;3058
17;2025-12-16;12;3082
17;2025-12-16;13;3141
17;2025-12-16;14;3262
17;2025-12-16;15;3363
17;2025-12-16;16;3787
17;2025-12-16;17;4674
17;2025-12-16;18;4851
17;2025-12-16;19;3394
17;2025-12-16;20;2379
17;2025-12-16;21;1435
17;2025-12-16;22;531
17;2025-12-16;23;278
17;2025-12-17;0;92
17;2025-12-17;1;8
17;2025-12-17;2;0
17;2025-12-17;3;0
17;2025-12-17;4;22
17;2025-12-17;5;318
17;2025-12-17;6;1556
17;2025-12-17;7;4275
17;2025-12-17;8;5486
17;2025-12-17;9;3918
17;2025-12-17;10;3107
17;2025-12-17;11;3077
17;2025-12-17;12;3104
17;2025-12-17;13;3160
17;2025-12-17;14;3253
17;2025-12-17;15;3374
17;2025-12-17;16;3789
17;2025-12-17;17;4619
17;2025-12-17;18;4783
17;2025-12-17;19;3345
17;2025-12-17;20;2350
17;2025-12-17;21;1478
17;2025-12-17;22;723
17;2025-12-17;23;396
17;2025-12-18;0;127
17;2025-12-18;1;10
17;2025-12-18;2;0
17;2025-12-18;3;0
17;2025-12-18;4;27
17;2025-12-18;5;324
17;2025-12-18;6;1555
17;2025-12-18;7;4280
17;2025-12-18;8;5497
17;2025-12-18;9;3918
17;2025-12-18;10;3104
17;2025-12-18;11;3069
17;2025-12-18;12;3105
17;2025-12-18;13;3177
17;2025-12-18;14;3261
17;2025-12-18;15;3375
17;2025-12-18;16;3837
17;2025-12-18;17;4643
17;2025-12-18;18;4801
17;2025-12-18;19;3380
17;2025-12-18;20;2407
17;2025-12-18;21;1504
17;2025-12-18;22;742
17;2025-12-18;23;409
17;2025-12-19;0;142
17;2025-12-19;1;18
17;2025-12-19;2;0
17;2025-12-19;3;0
17;2025-12-19;4;25
17;2025-12-19;5;320
17;2025-12-19;6;1544
17;2025-12-19;7;4238
17;2025-12-19;8;5380
17;2025-12-19;9;3863
17;2025-12-19;10;3061
17;2025-12-19;11;3095
17;2025-12-19;12;3097
17;2025-12-19;13;3179
17;2025-12-19;14;3294
17;2025-12-19;15;3506
17;2025-12-19;16;4058
17;2025-12-19;17;4668
17;2025-12-19;18;4407
17;2025-12-19;19;3206
17;2025-12-19;20;2338
17;2025-12-19;21;1516
17;2025-12-19;22;767
17;2025-12-19;23;449
17;2025-12-20;0;203
17;2025-12-20;1;25
17;2025-12-20;2;0
17;2025-12-20;3;0
17;2025-12-20;4;6
17;2025-12-20;5;135
17;2025-12-20;6;593
17;2025-12-20;7;1285
17;2025-12-20;8;1839
17;2025-12-20;9;2311
17;2025-12-20;10;2560
17;2025-12-20;11;3090
17;2025-12-20;12;3436
17;2025-12-20;13;3672
17;2025-12-20;14;3645
17;2025-12-20;15;3647
17;2025-12-20;16;3722
17;2025-12-20;17;3378
17;2025-12-20;18;3041
17;2025-12-20;19;2400
17;2025-12-20;20;1888
17;2025-12-20;21;1373
17;2025-12-20;22;857
17;2025-12-20;23;469
17;2025-12-21;0;184
17;2025-12-21;1;24
17;2025-12-21;2;0
17;2025-12-21;3;0
17;2025-12-21;4;4
17;2025-12-21;5;111
17;2025-12-21;6;428
17;2025-12-21;7;844
17;2025-12-21;8;1255
17;2025-12-21;9;1703
17;2025-12-21;10;1999
17;2025-12-21;11;2582
17;2025-12-21;12;2986
17;2025-12-21;13;3253
17;2025-12-21;14;3343
17;2025-12-21;15;3266
17;2025-12-21;16;3309
17;2025-12-21;17;3088
17;2025-12-21;18;2645
17;2025-12-21;19;2114
17;2025-12-21;20;1591
17;2025-12-21;21;1160
17;2025-12-21;22;716
17;2025-12-21;23;334
17;2025-12-22;0;113
17;2025-12-22;1;14
17;2025-12-22;2;0
17;2025-12-22;3;0
17;2025-12-22;4;26
17;2025-12-22;5;312
17;2025-12-22;6;1524
17;2025-12-22;7;4208
17;2025-12-22;8;5400
17;2025-12-22;9;3834
17;2025-12-22;10;3004
17;2025-12-22;11;2978
17;2025-12-22;12;2991
17;2025-12-22;13;3052
17;2025-12-22;14;3133
17;2025-12-22;15;3271
17;2025-12-22;16;3692
17;2025-12-22;17;4503
17;2025-12-22;18;4705
17;2025-12-22;19;3276
17;2025-12-22;20;2279
17;2025-12-22;21;1388
17;2025-12-22;22;654
17;2025-12-22;23;341
17;2025-12-23;0;108
17;2025-12-23;1;8
17;2025-12-23;2;0
17;2025-12-23;3;0
17;2025-12-23;4;27
17;2025-12-23;5;320
17;2025-12-23;6;1560
17;2025-12-23;7;4289
17;2025-12-23;8;5502
17;2025-12-23;9;3927
17;2025-12-23;10;3069
17;2025-12-23;11;3038
17;2025-12-23;12;3063
17;2025-12-23;13;3121
17;2025-12-23;14;3238
17;2025-12-23;15;3348
17;2025-12-23;16;3772
17;2025-12-23;17;4650
17;2025-12-23;18;4831
17;2025-12-23;19;3382
17;2025-12-23;20;2370
17;2025-12-23;21;1455
17;2025-12-23;22;684
17;2025-12-23;23;295
17;2025-12-24;0;120
17;2025-12-24;1;12
17;2025-12-24;2;0
17;2025-12-24;3;0
17;2025-12-24;4;29
17;2025-12-24;5;318
17;2025-12-24;6;1559
17;2025-12-24;7;4261
17;2025-12-24;8;5480
17;2025-12-24;9;3923
17;2025-12-24;10;3101
17;2025-12-24;11;3079
17;2025-12-24;12;3108
17;2025-12-24;13;3153
17;2025-12-24;14;3239
17;2025-12-24;15;3371
17;2025-12-24;16;3785
17;2025-12-24;17;4615
17;2025-12-24;18;4791
17;2025-12-24;19;3357
17;2025-12-24;20;2395
17;2025-12-24;21;1498
17;2025-12-24;22;745
17;2025-12-24;23;396
17;2025-12-25;0;127
17;2025-12-25;1;13
17;2025-12-25;2;0
17;2025-12-25;3;0
17;2025-12-25;4;30
17;2025-12-25;5;320
17;2025-12-25;6;1540
17;2025-12-25;7;4206
17;2025-12-25;8;5406
17;2025-12-25;9;3867
17;2025-12-25;10;3066
17;2025-12-25;11;3034
17;2025-12-25;12;3065
17;2025-12-25;13;3133
17;2025-12-25;14;3213
17;2025-12-25;15;3330
17;2025-12-25;16;3785
17;2025-12-25;17;4571
17;2025-12-25;18;4724
17;2025-12-25;19;3326
17;2025-12-25;20;2369
17;2025-12-25;21;1479
17;2025-12-25;22;737
17;2025-12-25;23;396
17;2025-12-26;0;136
17;2025-12-26;1;15
17;2025-12-26;2;0
17;2025-12-26;3;0
17;2025-12-26;4;27
17;2025-12-26;5;311
17;2025-12-26;6;1493
17;2025-12-26;7;4074
17;2025-12-26;8;5182
17;2025-12-26;9;3733
17;2025-12-26;10;2957
17;2025-12-26;11;2979
17;2025-12-26;12;2982
17;2025-12-26;13;3061
17;2025-12-26;14;3176
17;2025-12-26;15;3388
17;2025-12-26;16;3918
17;2025-12-26;17;4499
17;2025-12-26;18;4256
17;2025-12-26;19;3099
17;2025-12-26;20;2257
17;2025-12-26;21;1462
17;2025-12-26;22;747
17;2025-12-26;23;439
17;2025-12-27;0;201
17;2025-12-27;1;26
17;2025-12-27;2;0
17;2025-12-27;3;0
17;2025-12-27;4;9
17;2025-12-27;5;135
17;2025-12-27;6;585
17;2025-12-27;7;1263
17;2025-12-27;8;1813
17;2025-12-27;9;2282
17;2025-12-27;10;2529
17;2025-12-27;11;3044
17;2025-12-27;12;3390
17;2025-12-27;13;3621
17;2025-12-27;14;3596
17;2025-12-27;15;3604
17;2025-12-27;16;3673
17;2025-12-27;17;3335
17;2025-12-27;18;3003
17;2025-12-27;19;2375
17;2025-12-27;20;1870
17;2025-12-27;21;1355
17;2025-12-27;22;847
17;2025-12-27;23;459
17;2025-12-28;0;180
17;2025-12-28;1;25
17;2025-12-28;2;0
17;2025-12-28;3;0
17;2025-12-28;4;4
17;2025-12-28;5;110
17;2025-12-28;6;424
17;2025-12-28;7;831
17;2025-12-28;8;1239
17;2025-12-28;9;1683
17;2025-12-28;10;1969
17;2025-12-28;11;2545
17;2025-12-28;12;2945
17;2025-12-28;13;3204
17;2025-12-28;14;3295
17;2025-12-28;15;3224
17;2025-12-28;16;3262
17;2025-12-28;17;3050
17;2025-12-28;18;2618
17;2025-12-28;19;2094
17;2025-12-28;20;1577
17;2025-12-28;21;1148
17;2025-12-28;22;713
17;2025-12-28;23;329
17;2025-12-29;0;96
17;2025-12-29;1;11
17;2025-12-29;2;0
17;2025-12-29;3;0
17;2025-12-29;4;22
17;2025-12-29;5;265
17;2025-12-29;6;1291
17;2025-12-29;7;3547
17;2025-12-29;8;4564
17;2025-12-29;9;3245
17;2025-12-29;10;2545
17;2025-12-29;11;2525
17;2025-12-29;12;2539
17;2025-12-29;13;2589
17;2025-12-29;14;2654
17;2025-12-29;15;2776
17;2025-12-29;16;3131
17;2025-12-29;17;3810
17;2025-12-29;18;3986
17;2025-12-29;19;2782
17;2025-12-29;20;1935
17;2025-12-29;21;1175
17;2025-12-29;22;561
17;2025-12-29;23;290
17;2025-12-30;0;97
17;2025-12-30;1;9
17;2025-12-30;2;0
17;2025-12-30;3;0
17;2025-12-30;4;22
17;2025-12-30;5;267
17;2025-12-30;6;1299
17;2025-12-30;7;3562
17;2025-12-30;8;4568
17;2025-12-30;9;3273
17;2025-12-30;10;2570
17;2025-12-30;11;2536
17;2025-12-30;12;2562
17;2025-12-30;13;2612
17;2025-12-30;14;2716
17;2025-12-30;15;2805
17;2025-12-30;16;3160
17;2025-12-30;17;3873
17;2025-12-30;18;3991
17;2025-12-30;19;2795
17;2025-12-30;20;1972
17;2025-12-30;21;1208
17;2025-12-30;22;596
17;2025-12-30;23;306
17;2025-12-31;0;155
17;2025-12-31;1;21
17;2025-12-31;2;0
17;2025-12-31;3;0
17;2025-12-31;4;4
17;2025-12-31;5;98
17;2025-12-31;6;375
17;2025-12-31;7;719
17;2025-12-31;8;1074
17;2025-12-31;9;1457
17;2025-12-31;10;1707
17;2025-12-31;11;2191
17;2025-12-31;12;2537
17;2025-12-31;13;2751
17;2025-12-31;14;2827
17;2025-12-31;15;2760
17;2025-12-31;16;2776
17;2025-12-31;17;2615
17;2025-12-31;18;2268
17;2025-12-31;19;1815
17;2025-12-31;20;0
17;2025-12-31;21;0
17;2025-12-31;22;0
17;2025-12-31;23;0
25;2025-11-01;0;0
25;2025-11-01;1;0
25;2025-11-01;2;0
25;2025-11-01;3;0
25;2025-11-01;4;0
25;2025-11-01;5;16
25;2025-11-01;6;240
25;2025-11-01;7;496
25;2025-11-01;8;815
25;2025-11-01;9;425
25;2025-11-01;10;344
25;2025-11-01;11;408
25;2025-11-01;12;396
25;2025-11-01;13;510
25;2025-11-01;14;450
25;2025-11-01;15;550
25;2025-11-01;16;667
25;2025-11-01;17;711
25;2025-11-01;18;692
25;2025-11-01;19;537
25;2025-11-01;20;295
25;2025-11-01;21;197
25;2025-11-01;22;84
25;2025-11-01;23;6
25;2025-11-02;0;15
25;2025-11-02;1;0
25;2025-11-02;2;0
25;2025-11-02;3;0
25;2025-11-02;4;0
25;2025-11-02;5;10
25;2025-11-02;6;110
25;2025-11-02;7;111
25;2025-11-02;8;196
25;2025-11-02;9;230
25;2025-11-02;10;230
25;2025-11-02;11;324
25;2025-11-02;12;383
25;2025-11-02;13;514
25;2025-11-02;14;538
25;2025-11-02;15;660
25;2025-11-02;16;549
25;2025-11-02;17;549
25;2025-11-02;18;442
25;2025-11-02;19;335
25;2025-11-02;20;244
25;2025-11-02;21;158
25;2025-11-02;22;96
25;2025-11-02;23;35
25;2025-11-03;0;15
25;2025-11-03;1;0
25;2025-11-03;2;0
25;2025-11-03;3;0
25;2025-11-03;4;0
25;2025-11-03;5;9
25;2025-11-03;6;103
25;2025-11-03;7;105
25;2025-11-03;8;186
25;2025-11-03;9;215
25;2025-11-03;10;207
25;2025-11-03;11;290
25;2025-11-03;12;344
25;2025-11-03;13;468
25;2025-11-03;14;487
25;2025-11-03;15;593
25;2025-11-03;16;499
25;2025-11-03;17;499
25;2025-11-03;18;413
25;2025-11-03;19;311
25;2025-11-03;20;226
25;2025-11-03;21;147
25;2025-11-03;22;89
25;2025-11-03;23;34
25;2025-11-04;0;13
25;2025-11-04;1;0
25;2025-11-04;2;0
25;2025-11-04;3;0
25;2025-11-04;4;0
25;2025-11-04;5;9
25;2025-11-04;6;99
25;2025-11-04;7;101
25;2025-11-04;8;174
25;2025-11-04;9;210
25;2025-11-04;10;206
25;2025-11-04;11;288
25;2025-11-04;12;335
25;2025-11-04;13;452
25;2025-11-04;14;484
25;2025-11-04;15;590
25;2025-11-04;16;490
25;2025-11-04;17;486
25;2025-11-04;18;398
25;2025-11-04;19;307
25;2025-11-04;20;223
25;2025-11-04;21;143
25;2025-11-04;22;85
25;2025-11-04;23;33
25;2025-11-05;0;0
25;2025-11-05;1;0
25;2025-11-05;2;0
25;2025-11-05;3;0
25;2025-11-05;4;0
25;2025-11-05;5;16
25;2025-11-05;6;263
25;2025-11-05;7;531
25;2025-11-05;8;883
25;2025-11-05;9;454
25;2025-11-05;10;370
25;2025-11-05;11;438
25;2025-11-05;12;429
25;2025-11-05;13;551
25;2025-11-05;14;471
25;2025-11-05;15;587
25;2025-11-05;16;706
25;2025-11-05;17;786
25;2025-11-05;18;779
25;2025-11-05;19;596
25;2025-11-05;20;326
25;2025-11-05;21;224
25;2025-11-05;22;97
25;2025-11-05;23;6
25;2025-11-06;0;0
25;2025-11-06;1;0
25;2025-11-06;2;0
25;2025-11-06;3;0
25;2025-11-06;4;0
25;2025-11-06;5;18
25;2025-11-06;6;263
25;2025-11-06;7;531
25;2025-11-06;8;887
25;2025-11-06;9;451
25;2025-11-06;10;373
25;2025-11-06;11;440
25;2025-11-06;12;421
25;2025-11-06;13;537
25;2025-11-06;14;489
25;2025-11-06;15;594
25;2025-11-06;16;707
25;2025-11-06;17;768
25;2025-11-06;18;764
25;2025-11-06;19;591
25;2025-11-06;20;319
25;2025-11-06;21;214
25;2025-11-06;22;96
25;2025-11-06;23;6
25;2025-11-07;0;0
25;2025-11-07;1;0
25;2025-11-07;2;0
25;2025-11-07;3;0
25;2025-11-07;4;0
25;2025-11-07;5;17
25;2025-11-07;6;267
25;2025-11-07;7;533
25;2025-11-07;8;856
25;2025-11-07;9;444
25;2025-11-07;10;366
25;2025-11-07;11;444
25;2025-11-07;12;427
25;2025-11-07;13;548
25;2025-11-07;14;496
25;2025-11-07;15;610
25;2025-11-07;16;741
25;2025-11-07;17;767
25;2025-11-07;18;708
25;2025-11-07;19;575
25;2025-11-07;20;324
25;2025-11-07;21;219
25;2025-11-07;22;103
25;2025-11-07;23;8
25;2025-11-08;0;0
25;2025-11-08;1;0
25;2025-11-08;2;0
25;2025-11-08;3;0
25;2025-11-08;4;0
25;2025-11-08;5;18
25;2025-11-08;6;136
25;2025-11-08;7;141
25;2025-11-08;8;326
25;2025-11-08;9;300
25;2025-11-08;10;301
25;2025-11-08;11;409
25;2025-11-08;12;399
25;2025-11-08;13;637
25;2025-11-08;14;654
25;2025-11-08;15;728
25;2025-11-08;16;637
25;2025-11-08;17;567
25;2025-11-08;18;525
25;2025-11-08;19;451
25;2025-11-08;20;269
25;2025-11-08;21;195
25;2025-11-08;22;122
25;2025-11-08;23;49
25;2025-11-09;0;16
25;2025-11-09;1;0
25;2025-11-09;2;0
25;2025-11-09;3;0
25;2025-11-09;4;0
25;2025-11-09;5;10
25;2025-11-09;6;110
25;2025-11-09;7;109
25;2025-11-09;8;193
25;2025-11-09;9;228
25;2025-11-09;10;227
25;2025-11-09;11;317
25;2025-11-09;12;376
25;2025-11-09;13;509
25;2025-11-09;14;535
25;2025-11-09;15;655
25;2025-11-09;16;542
25;2025-11-09;17;543
25;2025-11-09;18;439
25;2025-11-09;19;333
25;2025-11-09;20;242
25;2025-11-09;21;159
25;2025-11-09;22;98
25;2025-11-09;23;36
25;2025-11-10;0;0
25;2025-11-10;1;0
25;2025-11-10;2;0
25;2025-11-10;3;0
25;2025-11-10;4;0
25;2025-11-10;5;18
25;2025-11-10;6;269
25;2025-11-10;7;539
25;2025-11-10;8;903
25;2025-11-10;9;465
25;2025-11-10;10;362
25;2025-11-10;11;430
25;2025-11-10;12;419
25;2025-11-10;13;551
25;2025-11-10;14;472
25;2025-11-10;15;577
25;2025-11-10;16;715
25;2025-11-10;17;772
25;2025-11-10;18;773
25;2025-11-10;19;588
25;2025-11-10;20;320
25;2025-11-10;21;212
25;2025-11-10;22;91
25;2025-11-10;23;6
25;2025-11-11;0;0
25;2025-11-11;1;0
25;2025-11-11;2;0
25;2025-11-11;3;0
25;2025-11-11;4;0
25;2025-11-11;5;17
25;2025-11-11;6;273
25;2025-11-11;7;549
25;2025-11-11;8;912
25;2025-11-11;9;471
25;2025-11-11;10;379
25;2025-11-11;11;449
25;2025-11-11;12;431
25;2025-11-11;13;546
25;2025-11-11;14;487
25;2025-11-11;15;598
25;2025-11-11;16;732
25;2025-11-11;17;780
25;2025-11-11;18;774
25;2025-11-11;19;600
25;2025-11-11;20;329
25;2025-11-11;21;215
25;2025-11-11;22;92
25;2025-11-11;23;6
25;2025-11-12;0;0
25;2025-11-12;1;0
25;2025-11-12;2;0
25;2025-11-12;3;0
25;2025-11-12;4;0
25;2025-11-12;5;18
25;2025-11-12;6;267
25;2025-11-12;7;537
25;2025-11-12;8;891
25;2025-11-12;9;457
25;2025-11-12;10;375
25;2025-11-12;11;440
25;2025-11-12;12;428
25;2025-11-12;13;552
25;2025-11-12;14;471
25;2025-11-12;15;589
25;2025-11-12;16;712
25;2025-11-12;17;793
25;2025-11-12;18;782
25;2025-11-12;19;598
25;2025-11-12;20;328
25;2025-11-12;21;222
25;2025-11-12;22;99
25;2025-11-12;23;6
25;2025-11-13;0;0
25;2025-11-13;1;0
25;2025-11-13;2;0
25;2025-11-13;3;0
25;2025-11-13;4;0
25;2025-11-13;5;19
25;2025-11-13;6;268
25;2025-11-13;7;540
25;2025-11-13;8;905
25;2025-11-13;9;459
25;2025-11-13;10;380
25;2025-11-13;11;447
25;2025-11-13;12;429
25;2025-11-13;13;546
25;2025-11-13;14;500
25;2025-11-13;15;604
25;2025-11-13;16;723
25;2025-11-13;17;784
25;2025-11-13;18;778
25;2025-11-13;19;600
25;2025-11-13;20;325
25;2025-11-13;21;218
25;2025-11-13;22;98
25;2025-11-13;23;6
25;2025-11-14;0;0
25;2025-11-14;1;0
25;2025-11-14;2;0
25;2025-11-14;3;0
25;2025-11-14;4;0
25;2025-11-14;5;18
25;2025-11-14;6;271
25;2025-11-14;7;541
25;2025-11-14;8;869
25;2025-11-14;9;451
25;2025-11-14;10;371
25;2025-11-14;11;451
25;2025-11-14;12;433
25;2025-11-14;13;553
25;2025-11-14;14;500
25;2025-11-14;15;617
25;2025-11-14;16;752
25;2025-11-14;17;776
25;2025-11-14;18;715
25;2025-11-14;19;581
25;2025-11-14;20;327
25;2025-11-14;21;218
25;2025-11-14;22;104
25;2025-11-14;23;8
25;2025-11-15;0;0
25;2025-11-15;1;0
25;2025-11-15;2;0
25;2025-11-15;3;0
25;2025-11-15;4;0
25;2025-11-15;5;18
25;2025-11-15;6;134
25;2025-11-15;7;138
25;2025-11-15;8;315
25;2025-11-15;9;288
25;2025-11-15;10;287
25;2025-11-15;11;387
25;2025-11-15;12;377
25;2025-11-15;13;603
25;2025-11-15;14;622
25;2025-11-15;15;692
25;2025-11-15;16;607
25;2025-11-15;17;540
25;2025-11-15;18;499
25;2025-11-15;19;429
25;2025-11-15;20;251
25;2025-11-15;21;186
25;2025-11-15;22;116
25;2025-11-15;23;48
25;2025-11-16;0;15
25;2025-11-16;1;0
25;2025-11-16;2;0
25;2025-11-16;3;0
25;2025-11-16;4;0
25;2025-11-16;5;10
25;2025-11-16;6;112
25;2025-11-16;7;112
25;2025-11-16;8;194
25;2025-11-16;9;227
25;2025-11-16;10;228
25;2025-11-16;11;318
25;2025-11-16;12;374
25;2025-11-16;13;506
25;2025-11-16;14;531
25;2025-11-16;15;652
25;2025-11-16;16;542
25;2025-11-16;17;542
25;2025-11-16;18;435
25;2025-11-16;19;331
25;2025-11-16;20;239
25;2025-11-16;21;158
25;2025-11-16;22;99
25;2025-11-16;23;37
25;2025-11-17;0;0
25;2025-11-17;1;0
25;2025-11-17;2;0
25;2025-11-17;3;0
25;2025-11-17;4;0
25;2025-11-17;5;18
25;2025-11-17;6;265
25;2025-11-17;7;532
25;2025-11-17;8;885
25;2025-11-17;9;457
25;2025-11-17;10;361
25;2025-11-17;11;422
25;2025-11-17;12;413
25;2025-11-17;13;535
25;2025-11-17;14;458
25;2025-11-17;15;562
25;2025-11-17;16;700
25;2025-11-17;17;757
25;2025-11-17;18;756
25;2025-11-17;19;575
25;2025-11-17;20;312
25;2025-11-17;21;207
25;2025-11-17;22;89
25;2025-11-17;23;7
25;2025-11-18;0;0
25;2025-11-18;1;0
25;2025-11-18;2;0
25;2025-11-18;3;0
25;2025-11-18;4;0
25;2025-11-18;5;18
25;2025-11-18;6;266
25;2025-11-18;7;526
25;2025-11-18;8;871
25;2025-11-18;9;451
25;2025-11-18;10;368
25;2025-11-18;11;427
25;2025-11-18;12;413
25;2025-11-18;13;517
25;2025-11-18;14;465
25;2025-11-18;15;572
25;2025-11-18;16;700
25;2025-11-18;17;747
25;2025-11-18;18;740
25;2025-11-18;19;575
25;2025-11-18;20;318
25;2025-11-18;21;207
25;2025-11-18;22;89
25;2025-11-18;23;5
25;2025-11-19;0;0
25;2025-11-19;1;0
25;2025-11-19;2;0
25;2025-11-19;3;0
25;2025-11-19;4;0
25;2025-11-19;5;18
25;2025-11-19;6;272
25;2025-11-19;7;542
25;2025-11-19;8;900
25;2025-11-19;9;463
25;2025-11-19;10;378
25;2025-11-19;11;445
25;2025-11-19;12;435
25;2025-11-19;13;558
25;2025-11-19;14;475
25;2025-11-19;15;595
25;2025-11-19;16;721
25;2025-11-19;17;802
25;2025-11-19;18;791
25;2025-11-19;19;601
25;2025-11-19;20;329
25;2025-11-19;21;223
25;2025-11-19;22;100
25;2025-11-19;23;6
25;2025-11-20;0;0
25;2025-11-20;1;0
25;2025-11-20;2;0
25;2025-11-20;3;0
25;2025-11-20;4;0
25;2025-11-20;5;19
25;2025-11-20;6;271
25;2025-11-20;7;545
25;2025-11-20;8;907
25;2025-11-20;9;462
25;2025-11-20;10;380
25;2025-11-20;11;447
25;2025-11-20;12;431
25;2025-11-20;13;546
25;2025-11-20;14;496
25;2025-11-20;15;605
25;2025-11-20;16;725
25;2025-11-20;17;788
25;2025-11-20;18;778
25;2025-11-20;19;598
25;2025-11-20;20;323
25;2025-11-20;21;216
25;2025-11-20;22;100
25;2025-11-20;23;7
25;2025-11-21;0;0
25;2025-11-21;1;0
25;2025-11-21;2;0
25;2025-11-21;3;0
25;2025-11-21;4;0
25;2025-11-21;5;18
25;2025-11-21;6;272
25;2025-11-21;7;543
25;2025-11-21;8;869
25;2025-11-21;9;453
25;2025-11-21;10;371
25;2025-11-21;11;450
25;2025-11-21;12;432
25;2025-11-21;13;551
25;2025-11-21;14;497
25;2025-11-21;15;615
25;2025-11-21;16;752
25;2025-11-21;17;776
25;2025-11-21;18;714
25;2025-11-21;19;577
25;2025-11-21;20;324
25;2025-11-21;21;216
25;2025-11-21;22;105
25;2025-11-21;23;9
25;2025-11-22;0;0
25;2025-11-22;1;0
25;2025-11-22;2;0
25;2025-11-22;3;0
25;2025-11-22;4;0
25;2025-11-22;5;17
25;2025-11-22;6;136
25;2025-11-22;7;139
25;2025-11-22;8;319
25;2025-11-22;9;292
25;2025-11-22;10;292
25;2025-11-22;11;396
25;2025-11-22;12;384
25;2025-11-22;13;614
25;2025-11-22;14;633
25;2025-11-22;15;703
25;2025-11-22;16;618
25;2025-11-22;17;549
25;2025-11-22;18;506
25;2025-11-22;19;439
25;2025-11-22;20;256
25;2025-11-22;21;189
25;2025-11-22;22;119
25;2025-11-22;23;50
25;2025-11-23;0;15
25;2025-11-23;1;0
25;2025-11-23;2;0
25;2025-11-23;3;0
25;2025-11-23;4;0
25;2025-11-23;5;11
25;2025-11-23;6;110
25;2025-11-23;7;110
25;2025-11-23;8;191
25;2025-11-23;9;226
25;2025-11-23;10;229
25;2025-11-23;11;316
25;2025-11-23;12;371
25;2025-11-23;13;500
25;2025-11-23;14;527
25;2025-11-23;15;644
25;2025-11-23;16;537
25;2025-11-23;17;538
25;2025-11-23;18;429
25;2025-11-23;19;329
25;2025-11-23;20;237
25;2025-11-23;21;157
25;2025-11-23;22;98
25;2025-11-23;23;37
25;2025-11-24;0;0
25;2025-11-24;1;0
25;2025-11-24;2;0
25;2025-11-24;3;0
25;2025-11-24;4;0
25;2025-11-24;5;17
25;2025-11-24;6;260
25;2025-11-24;7;519
25;2025-11-24;8;863
25;2025-11-24;9;446
25;2025-11-24;10;352
25;2025-11-24;11;410
25;2025-11-24;12;403
25;2025-11-24;13;519
25;2025-11-24;14;448
25;2025-11-24;15;550
25;2025-11-24;16;685
25;2025-11-24;17;740
25;2025-11-24;18;740
25;2025-11-24;19;562
25;2025-11-24;20;305
25;2025-11-24;21;203
25;2025-11-24;22;86
25;2025-11-24;23;6
25;2025-11-25;0;0
25;2025-11-25;1;0
25;2025-11-25;2;0
25;2025-11-25;3;0
25;2025-11-25;4;0
25;2025-11-25;5;17
25;2025-11-25;6;275
25;2025-11-25;7;551
25;2025-11-25;8;911
25;2025-11-25;9;470
25;2025-11-25;10;380
25;2025-11-25;11;446
25;2025-11-25;12;429
25;2025-11-25;13;539
25;2025-11-25;14;484
25;2025-11-25;15;594
25;2025-11-25;16;733
25;2025-11-25;17;779
25;2025-11-25;18;771
25;2025-11-25;19;596
25;2025-11-25;20;327
25;2025-11-25;21;213
25;2025-11-25;22;94
25;2025-11-25;23;6
25;2025-11-26;0;0
25;2025-11-26;1;0
25;2025-11-26;2;0
25;2025-11-26;3;0
25;2025-11-26;4;0
25;2025-11-26;5;18
25;2025-11-26;6;265
25;2025-11-26;7;528
25;2025-11-26;8;877
25;2025-11-26;9;450
25;2025-11-26;10;369
25;2025-11-26;11;430
25;2025-11-26;12;422
25;2025-11-26;13;537
25;2025-11-26;14;461
25;2025-11-26;15;576
25;2025-11-26;16;701
25;2025-11-26;17;778
25;2025-11-26;18;768
25;2025-11-26;19;582
25;2025-11-26;20;318
25;2025-11-26;21;217
25;2025-11-26;22;98
25;2025-11-26;23;6
25;2025-11-27;0;0
25;2025-11-27;1;0
25;2025-11-27;2;0
25;2025-11-27;3;0
25;2025-11-27;4;0
25;2025-11-27;5;19
25;2025-11-27;6;267
25;2025-11-27;7;531
25;2025-11-27;8;886
25;2025-11-27;9;452
25;2025-11-27;10;373
25;2025-11-27;11;434
25;2025-11-27;12;418
25;2025-11-27;13;527
25;2025-11-27;14;484
25;2025-11-27;15;586
25;2025-11-27;16;707
25;2025-11-27;17;769
25;2025-11-27;18;759
25;2025-11-27;19;582
25;2025-11-27;20;315
25;2025-11-27;21;211
25;2025-11-27;22;98
25;2025-11-27;23;6
25;2025-11-28;0;0
25;2025-11-28;1;0
25;2025-11-28;2;0
25;2025-11-28;3;0
25;2025-11-28;4;0
25;2025-11-28;5;18
25;2025-11-28;6;269
25;2025-11-28;7;535
25;2025-11-28;8;857
25;2025-11-28;9;447
25;2025-11-28;10;365
25;2025-11-28;11;441
25;2025-11-28;12;425
25;2025-11-28;13;539
25;2025-11-28;14;491
25;2025-11-28;15;604
25;2025-11-28;16;743
25;2025-11-28;17;767
25;2025-11-28;18;706
25;2025-11-28;19;567
25;2025-11-28;20;320
25;2025-11-28;21;214
25;2025-11-28;22;106
25;2025-11-28;23;8
25;2025-11-29;0;0
25;2025-11-29;1;0
25;2025-11-29;2;0
25;2025-11-29;3;0
25;2025-11-29;4;0
25;2025-11-29;5;18
25;2025-11-29;6;139
25;2025-11-29;7;143
25;2025-11-29;8;330
25;2025-11-29;9;300
25;2025-11-29;10;301
25;2025-11-29;11;408
25;2025-11-29;12;397
25;2025-11-29;13;628
25;2025-11-29;14;648
25;2025-11-29;15;719
25;2025-11-29;16;633
25;2025-11-29;17;562
25;2025-11-29;18;519
25;2025-11-29;19;449
25;2025-11-29;20;263
25;2025-11-29;21;196
25;2025-11-29;22;124
25;2025-11-29;23;52
25;2025-11-30;0;16
25;2025-11-30;1;0
25;2025-11-30;2;0
25;2025-11-30;3;0
25;2025-11-30;4;0
25;2025-11-30;5;10
25;2025-11-30;6;111
25;2025-11-30;7;110
25;2025-11-30;8;191
25;2025-11-30;9;225
25;2025-11-30;10;226
25;2025-11-30;11;315
25;2025-11-30;12;370
25;2025-11-30;13;495
25;2025-11-30;14;525
25;2025-11-30;15;640
25;2025-11-30;16;535
25;2025-11-30;17;534
25;2025-11-30;18;426
25;2025-11-30;19;330
25;2025-11-30;20;238
25;2025-11-30;21;160
25;2025-11-30;22;98
25;2025-11-30;23;37
25;2025-12-01;0;0
25;2025-12-01;1;0
25;2025-12-01;2;0
25;2025-12-01;3;0
25;2025-12-01;4;0
25;2025-12-01;5;18
25;2025-12-01;6;282
25;2025-12-01;7;565
25;2025-12-01;8;942
25;2025-12-01;9;487
25;2025-12-01;10;379
25;2025-12-01;11;449
25;2025-12-01;12;439
25;2025-12-01;13;566
25;2025-12-01;14;489
25;2025-12-01;15;596
25;2025-12-01;16;748
25;2025-12-01;17;806
25;2025-12-01;18;805
25;2025-12-01;19;608
25;2025-12-01;20;331
25;2025-12-01;21;220
25;2025-12-01;22;98
25;2025-12-01;23;7
25;2025-12-02;0;0
25;2025-12-02;1;0
25;2025-12-02;2;0
25;2025-12-02;3;0
25;2025-12-02;4;0
25;2025-12-02;5;19
25;2025-12-02;6;287
25;2025-12-02;7;574
25;2025-12-02;8;952
25;2025-12-02;9;491
25;2025-12-02;10;397
25;2025-12-02;11;466
25;2025-12-02;12;451
25;2025-12-02;13;560
25;2025-12-02;14;506
25;2025-12-02;15;620
25;2025-12-02;16;765
25;2025-12-02;17;815
25;2025-12-02;18;808
25;2025-12-02;19;620
25;2025-12-02;20;341
25;2025-12-02;21;223
25;2025-12-02;22;99
25;2025-12-02;23;6
25;2025-12-03;0;0
25;2025-12-03;1;0
25;2025-12-03;2;0
25;2025-12-03;3;0
25;2025-12-03;4;0
25;2025-12-03;5;19
25;2025-12-03;6;284
25;2025-12-03;7;568
25;2025-12-03;8;941
25;2025-12-03;9;485
25;2025-12-03;10;396
25;2025-12-03;11;466
25;2025-12-03;12;457
25;2025-12-03;13;576
25;2025-12-03;14;497
25;2025-12-03;15;619
25;2025-12-03;16;754
25;2025-12-03;17;842
25;2025-12-03;18;829
25;2025-12-03;19;625
25;2025-12-03;20;344
25;2025-12-03;21;235
25;2025-12-03;22;108
25;2025-12-03;23;8
25;2025-12-04;0;0
25;2025-12-04;1;0
25;2025-12-04;2;0
25;2025-12-04;3;0
25;2025-12-04;4;0
25;2025-12-04;5;20
25;2025-12-04;6;284
25;2025-12-04;7;569
25;2025-12-04;8;949
25;2025-12-04;9;483
25;2025-12-04;10;398
25;2025-12-04;11;469
25;2025-12-04;12;452
25;2025-12-04;13;564
25;2025-12-04;14;519
25;2025-12-04;15;629
25;2025-12-04;16;759
25;2025-12-04;17;824
25;2025-12-04;18;815
25;2025-12-04;19;623
25;2025-12-04;20;338
25;2025-12-04;21;227
25;2025-12-04;22;109
25;2025-12-04;23;7
25;2025-12-05;0;0
25;2025-12-05;1;0
25;2025-12-05;2;0
25;2025-12-05;3;0
25;2025-12-05;4;0
25;2025-12-05;5;18
25;2025-12-05;6;286
25;2025-12-05;7;571
25;2025-12-05;8;916
25;2025-12-05;9;478
25;2025-12-05;10;391
25;2025-12-05;11;472
25;2025-12-05;12;456
25;2025-12-05;13;574
25;2025-12-05;14;524
25;2025-12-05;15;642
25;2025-12-05;16;794
25;2025-12-05;17;818
25;2025-12-05;18;751
25;2025-12-05;19;601
25;2025-12-05;20;340
25;2025-12-05;21;230
25;2025-12-05;22;114
25;2025-12-05;23;9
25;2025-12-06;0;0
25;2025-12-06;1;0
25;2025-12-06;2;0
25;2025-12-06;3;0
25;2025-12-06;4;0
25;2025-12-06;5;20
25;2025-12-06;6;144
25;2025-12-06;7;149
25;2025-12-06;8;344
25;2025-12-06;9;314
25;2025-12-06;10;316
25;2025-12-06;11;426
25;2025-12-06;12;415
25;2025-12-06;13;652
25;2025-12-06;14;674
25;2025-12-06;15;746
25;2025-12-06;16;661
25;2025-12-06;17;587
25;2025-12-06;18;539
25;2025-12-06;19;470
25;2025-12-06;20;279
25;2025-12-06;21;209
25;2025-12-06;22;132
25;2025-12-06;23;54
25;2025-12-07;0;16
25;2025-12-07;1;0
25;2025-12-07;2;0
25;2025-12-07;3;0
25;2025-12-07;4;0
25;2025-12-07;5;11
25;2025-12-07;6;117
25;2025-12-07;7;118
25;2025-12-07;8;204
25;2025-12-07;9;241
25;2025-12-07;10;240
25;2025-12-07;11;335
25;2025-12-07;12;393
25;2025-12-07;13;524
25;2025-12-07;14;558
25;2025-12-07;15;675
25;2025-12-07;16;568
25;2025-12-07;17;567
25;2025-12-07;18;454
25;2025-12-07;19;350
25;2025-12-07;20;252
25;2025-12-07;21;171
25;2025-12-07;22;107
25;2025-12-07;23;40
25;2025-12-08;0;0
25;2025-12-08;1;0
25;2025-12-08;2;0
25;2025-12-08;3;0
25;2025-12-08;4;0
25;2025-12-08;5;19
25;2025-12-08;6;281
25;2025-12-08;7;565
25;2025-12-08;8;941
25;2025-12-08;9;486
25;2025-12-08;10;380
25;2025-12-08;11;447
25;2025-12-08;12;439
25;2025-12-08;13;561
25;2025-12-08;14;488
25;2025-12-08;15;593
25;2025-12-08;16;745
25;2025-12-08;17;805
25;2025-12-08;18;805
25;2025-12-08;19;605
25;2025-12-08;20;330
25;2025-12-08;21;220
25;2025-12-08;22;99
25;2025-12-08;23;7
25;2025-12-09;0;0
25;2025-12-09;1;0
25;2025-12-09;2;0
25;2025-12-09;3;0
25;2025-12-09;4;0
25;2025-12-09;5;18
25;2025-12-09;6;282
25;2025-12-09;7;572
25;2025-12-09;8;947
25;2025-12-09;9;490
25;2025-12-09;10;394
25;2025-12-09;11;462
25;2025-12-09;12;447
25;2025-12-09;13;552
25;2025-12-09;14;501
25;2025-12-09;15;613
25;2025-12-09;16;760
25;2025-12-09;17;810
25;2025-12-09;18;802
25;2025-12-09;19;613
25;2025-12-09;20;338
25;2025-12-09;21;221
25;2025-12-09;22;101
25;2025-12-09;23;6
25;2025-12-10;0;0
25;2025-12-10;1;0
25;2025-12-10;2;0
25;2025-12-10;3;0
25;2025-12-10;4;0
25;2025-12-10;5;18
25;2025-12-10;6;278
25;2025-12-10;7;560
25;2025-12-10;8;927
25;2025-12-10;9;477
25;2025-12-10;10;390
25;2025-12-10;11;457
25;2025-12-10;12;447
25;2025-12-10;13;564
25;2025-12-10;14;486
25;2025-12-10;15;604
25;2025-12-10;16;741
25;2025-12-10;17;826
25;2025-12-10;18;814
25;2025-12-10;19;610
25;2025-12-10;20;338
25;2025-12-10;21;230
25;2025-12-10;22;108
25;2025-12-10;23;7
25;2025-12-11;0;0
25;2025-12-11;1;0
25;2025-12-11;2;0
25;2025-12-11;3;0
25;2025-12-11;4;0
25;2025-12-11;5;19
25;2025-12-11;6;275
25;2025-12-11;7;555
25;2025-12-11;8;923
25;2025-12-11;9;471
25;2025-12-11;10;388
25;2025-12-11;11;454
25;2025-12-11;12;438
25;2025-12-11;13;543
25;2025-12-11;14;502
25;2025-12-11;15;608
25;2025-12-11;16;739
25;2025-12-11;17;801
25;2025-12-11;18;793
25;2025-12-11;19;601
25;2025-12-11;20;329
25;2025-12-11;21;219
25;2025-12-11;22;106
25;2025-12-11;23;6
25;2025-12-12;0;0
25;2025-12-12;1;0
25;2025-12-12;2;0
25;2025-12-12;3;0
25;2025-12-12;4;0
25;2025-12-12;5;18
25;2025-12-12;6;278
25;2025-12-12;7;557
25;2025-12-12;8;890
25;2025-12-12;9;466
25;2025-12-12;10;380
25;2025-12-12;11;460
25;2025-12-12;12;442
25;2025-12-12;13;552
25;2025-12-12;14;505
25;2025-12-12;15;620
25;2025-12-12;16;767
25;2025-12-12;17;790
25;2025-12-12;18;726
25;2025-12-12;19;581
25;2025-12-12;20;331
25;2025-12-12;21;223
25;2025-12-12;22;114
25;2025-12-12;23;9
25;2025-12-13;0;0
25;2025-12-13;1;0
25;2025-12-13;2;0
25;2025-12-13;3;0
25;2025-12-13;4;0
25;2025-12-13;5;18
25;2025-12-13;6;139
25;2025-12-13;7;150
25;2025-12-13;8;338
25;2025-12-13;9;310
25;2025-12-13;10;309
25;2025-12-13;11;416
25;2025-12-13;12;405
25;2025-12-13;13;616
25;2025-12-13;14;533
25;2025-12-13;15;727
25;2025-12-13;16;647
25;2025-12-13;17;572
25;2025-12-13;18;528
25;2025-12-13;19;459
25;2025-12-13;20;269
25;2025-12-13;21;203
25;2025-12-13;22;131
25;2025-12-13;23;54
25;2025-12-14;0;16
25;2025-12-14;1;0
25;2025-12-14;2;0
25;2025-12-14;3;0
25;2025-12-14;4;0
25;2025-12-14;5;10
25;2025-12-14;6;114
25;2025-12-14;7;118
25;2025-12-14;8;204
25;2025-12-14;9;238
25;2025-12-14;10;235
25;2025-12-14;11;329
25;2025-12-14;12;385
25;2025-12-14;13;511
25;2025-12-14;14;543
25;2025-12-14;15;661
25;2025-12-14;16;558
25;2025-12-14;17;556
25;2025-12-14;18;446
25;2025-12-14;19;343
25;2025-12-14;20;246
25;2025-12-14;21;167
25;2025-12-14;22;107
25;2025-12-14;23;41
25;2025-12-15;0;0
25;2025-12-15;1;0
25;2025-12-15;2;0
25;2025-12-15;3;0
25;2025-12-15;4;0
25;2025-12-15;5;17
25;2025-12-15;6;277
25;2025-12-15;7;565
25;2025-12-15;8;938
25;2025-12-15;9;485
25;2025-12-15;10;378
25;2025-12-15;11;441
25;2025-12-15;12;434
25;2025-12-15;13;554
25;2025-12-15;14;480
25;2025-12-15;15;584
25;2025-12-15;16;743
25;2025-12-15;17;801
25;2025-12-15;18;802
25;2025-12-15;19;596
25;2025-12-15;20;329
25;2025-12-15;21;215
25;2025-12-15;22;101
25;2025-12-15;23;8
25;2025-12-16;0;0
25;2025-12-16;1;0
25;2025-12-16;2;0
25;2025-12-16;3;0
25;2025-12-16;4;0
25;2025-12-16;5;18
25;2025-12-16;6;280
25;2025-12-16;7;572
25;2025-12-16;8;944
25;2025-12-16;9;489
25;2025-12-16;10;397
25;2025-12-16;11;459
25;2025-12-16;12;444
25;2025-12-16;13;545
25;2025-12-16;14;495
25;2025-12-16;15;604
25;2025-12-16;16;755
25;2025-12-16;17;805
25;2025-12-16;18;800
25;2025-12-16;19;608
25;2025-12-16;20;340
25;2025-12-16;21;219
25;2025-12-16;22;105
25;2025-12-16;23;7
25;2025-12-17;0;0
25;2025-12-17;1;0
25;2025-12-17;2;0
25;2025-12-17;3;0
25;2025-12-17;4;0
25;2025-12-17;5;18
25;2025-12-17;6;279
25;2025-12-17;7;566
25;2025-12-17;8;938
25;2025-12-17;9;484
25;2025-12-17;10;395
25;2025-12-17;11;460
25;2025-12-17;12;453
25;2025-12-17;13;566
25;2025-12-17;14;492
25;2025-12-17;15;608
25;2025-12-17;16;750
25;2025-12-17;17;836
25;2025-12-17;18;825
25;2025-12-17;19;618
25;2025-12-17;20;343
25;2025-12-17;21;233
25;2025-12-17;22;112
25;2025-12-17;23;8
25;2025-12-18;0;0
25;2025-12-18;1;0
25;2025-12-18;2;0
25;2025-12-18;3;0
25;2025-12-18;4;0
25;2025-12-18;5;20
25;2025-12-18;6;277
25;2025-12-18;7;567
25;2025-12-18;8;944
25;2025-12-18;9;482
25;2025-12-18;10;395
25;2025-12-18;11;461
25;2025-12-18;12;447
25;2025-12-18;13;553
25;2025-12-18;14;512
25;2025-12-18;15;618
25;2025-12-18;16;755
25;2025-12-18;17;818
25;2025-12-18;18;811
25;2025-12-18;19;613
25;2025-12-18;20;335
25;2025-12-18;21;224
25;2025-12-18;22;112
25;2025-12-18;23;7
25;2025-12-19;0;0
25;2025-12-19;1;0
25;2025-12-19;2;0
25;2025-12-19;3;0
25;2025-12-19;4;0
25;2025-12-19;5;18
25;2025-12-19;6;279
25;2025-12-19;7;569
25;2025-12-19;8;909
25;2025-12-19;9;476
25;2025-12-19;10;387
25;2025-12-19;11;466
25;2025-12-19;12;450
25;2025-12-19;13;561
25;2025-12-19;14;514
25;2025-12-19;15;631
25;2025-12-19;16;786
25;2025-12-19;17;811
25;2025-12-19;18;748
25;2025-12-19;19;591
25;2025-12-19;20;337
25;2025-12-19;21;225
25;2025-12-19;22;118
25;2025-12-19;23;9
25;2025-12-20;0;0
25;2025-12-20;1;0
25;2025-12-20;2;0
25;2025-12-20;3;0
25;2025-12-20;4;0
25;2025-12-20;5;19
25;2025-12-20;6;139
25;2025-12-20;7;151
25;2025-12-20;8;341
25;2025-12-20;9;312
25;2025-12-20;10;311
25;2025-12-20;11;421
25;2025-12-20;12;410
25;2025-12-20;13;638
25;2025-12-20;14;661
25;2025-12-20;15;730
25;2025-12-20;16;651
25;2025-12-20;17;577
25;2025-12-20;18;532
25;2025-12-20;19;465
25;2025-12-20;20;273
25;2025-12-20;21;208
25;2025-12-20;22;132
25;2025-12-20;23;56
25;2025-12-21;0;17
25;2025-12-21;1;0
25;2025-12-21;2;0
25;2025-12-21;3;0
25;2025-12-21;4;0
25;2025-12-21;5;10
25;2025-12-21;6;112
25;2025-12-21;7;116
25;2025-12-21;8;200
25;2025-12-21;9;236
25;2025-12-21;10;236
25;2025-12-21;11;327
25;2025-12-21;12;385
25;2025-12-21;13;507
25;2025-12-21;14;542
25;2025-12-21;15;655
25;2025-12-21;16;554
25;2025-12-21;17;551
25;2025-12-21;18;444
25;2025-12-21;19;344
25;2025-12-21;20;246
25;2025-12-21;21;169
25;2025-12-21;22;106
25;2025-12-21;23;41
25;2025-12-22;0;0
25;2025-12-22;1;0
25;2025-12-22;2;0
25;2025-12-22;3;0
25;2025-12-22;4;0
25;2025-12-22;5;17
25;2025-12-22;6;271
25;2025-12-22;7;553
25;2025-12-22;8;919
25;2025-12-22;9;478
25;2025-12-22;10;371
25;2025-12-22;11;432
25;2025-12-22;12;426
25;2025-12-22;13;541
25;2025-12-22;14;472
25;2025-12-22;15;574
25;2025-12-22;16;728
25;2025-12-22;17;783
25;2025-12-22;18;785
25;2025-12-22;19;584
25;2025-12-22;20;322
25;2025-12-22;21;213
25;2025-12-22;22;101
25;2025-12-22;23;7
25;2025-12-23;0;0
25;2025-12-23;1;0
25;2025-12-23;2;0
25;2025-12-23;3;0
25;2025-12-23;4;0
25;2025-12-23;5;14
25;2025-12-23;6;275
25;2025-12-23;7;575
25;2025-12-23;8;946
25;2025-12-23;9;489
25;2025-12-23;10;390
25;2025-12-23;11;453
25;2025-12-23;12;439
25;2025-12-23;13;542
25;2025-12-23;14;490
25;2025-12-23;15;601
25;2025-12-23;16;758
25;2025-12-23;17;805
25;2025-12-23;18;801
25;2025-12-23;19;600
25;2025-12-23;20;336
25;2025-12-23;21;215
25;2025-12-23;22;106
25;2025-12-23;23;8
25;2025-12-24;0;0
25;2025-12-24;1;0
25;2025-12-24;2;0
25;2025-12-24;3;0
25;2025-12-24;4;0
25;2025-12-24;5;16
25;2025-12-24;6;270
25;2025-12-24;7;569
25;2025-12-24;8;936
25;2025-12-24;9;482
25;2025-12-24;10;391
25;2025-12-24;11;454
25;2025-12-24;12;447
25;2025-12-24;13;559
25;2025-12-24;14;480
25;2025-12-24;15;598
25;2025-12-24;16;743
25;2025-12-24;17;827
25;2025-12-24;18;819
25;2025-12-24;19;604
25;2025-12-24;20;342
25;2025-12-24;21;229
25;2025-12-24;22;115
25;2025-12-24;23;8
25;2025-12-25;0;0
25;2025-12-25;1;0
25;2025-12-25;2;0
25;2025-12-25;3;0
25;2025-12-25;4;0
25;2025-12-25;5;18
25;2025-12-25;6;269
25;2025-12-25;7;555
25;2025-12-25;8;922
25;2025-12-25;9;472
25;2025-12-25;10;387
25;2025-12-25;11;450
25;2025-12-25;12;434
25;2025-12-25;13;537
25;2025-12-25;14;497
25;2025-12-25;15;599
25;2025-12-25;16;736
25;2025-12-25;17;797
25;2025-12-25;18;791
25;2025-12-25;19;589
25;2025-12-25;20;325
25;2025-12-25;21;216
25;2025-12-25;22;110
25;2025-12-25;23;6
25;2025-12-26;0;0
25;2025-12-26;1;0
25;2025-12-26;2;0
25;2025-12-26;3;0
25;2025-12-26;4;0
25;2025-12-26;5;17
25;2025-12-26;6;264
25;2025-12-26;7;543
25;2025-12-26;8;866
25;2025-12-26;9;453
25;2025-12-26;10;370
25;2025-12-26;11;442
25;2025-12-26;12;426
25;2025-12-26;13;530
25;2025-12-26;14;488
25;2025-12-26;15;596
25;2025-12-26;16;748
25;2025-12-26;17;770
25;2025-12-26;18;711
25;2025-12-26;19;558
25;2025-12-26;20;320
25;2025-12-26;21;214
25;2025-12-26;22;114
25;2025-12-26;23;9
25;2025-12-27;0;0
25;2025-12-27;1;0
25;2025-12-27;2;0
25;2025-12-27;3;0
25;2025-12-27;4;0
25;2025-12-27;5;17
25;2025-12-27;6;133
25;2025-12-27;7;147
25;2025-12-27;8;336
25;2025-12-27;9;307
25;2025-12-27;10;306
25;2025-12-27;11;411
25;2025-12-27;12;405
25;2025-12-27;13;622
25;2025-12-27;14;646
25;2025-12-27;15;712
25;2025-12-27;16;638
25;2025-12-27;17;563
25;2025-12-27;18;521
25;2025-12-27;19;457
25;2025-12-27;20;269
25;2025-12-27;21;206
25;2025-12-27;22;132
25;2025-12-27;23;54
25;2025-12-28;0;16
25;2025-12-28;1;0
25;2025-12-28;2;0
25;2025-12-28;3;0
25;2025-12-28;4;0
25;2025-12-28;5;9
25;2025-12-28;6;106
25;2025-12-28;7;115
25;2025-12-28;8;197
25;2025-12-28;9;230
25;2025-12-28;10;229
25;2025-12-28;11;319
25;2025-12-28;12;375
25;2025-12-28;13;490
25;2025-12-28;14;524
25;2025-12-28;15;637
25;2025-12-28;16;540
25;2025-12-28;17;536
25;2025-12-28;18;432
25;2025-12-28;19;335
25;2025-12-28;20;240
25;2025-12-28;21;167
25;2025-12-28;22;107
25;2025-12-28;23;40
25;2025-12-29;0;0
25;2025-12-29;1;0
25;2025-12-29;2;0
25;2025-12-29;3;0
25;2025-12-29;4;0
25;2025-12-29;5;15
25;2025-12-29;6;232
25;2025-12-29;7;485
25;2025-12-29;8;803
25;2025-12-29;9;418
25;2025-12-29;10;324
25;2025-12-29;11;377
25;2025-12-29;12;372
25;2025-12-29;13;470
25;2025-12-29;14;409
25;2025-12-29;15;497
25;2025-12-29;16;636
25;2025-12-29;17;684
25;2025-12-29;18;686
25;2025-12-29;19;503
25;2025-12-29;20;279
25;2025-12-29;21;184
25;2025-12-29;22;89
25;2025-12-29;23;6
25;2025-12-30;0;0
25;2025-12-30;1;0
25;2025-12-30;2;0
25;2025-12-30;3;0
25;2025-12-30;4;0
25;2025-12-30;5;14
25;2025-12-30;6;233
25;2025-12-30;7;492
25;2025-12-30;8;805
25;2025-12-30;9;420
25;2025-12-30;10;334
25;2025-12-30;11;387
25;2025-12-30;12;376
25;2025-12-30;13;462
25;2025-12-30;14;420
25;2025-12-30;15;510
25;2025-12-30;16;647
25;2025-12-30;17;682
25;2025-12-30;18;673
25;2025-12-30;19;504
25;2025-12-30;20;287
25;2025-12-30;21;185
25;2025-12-30;22;91
25;2025-12-30;23;5
25;2025-12-31;0;14
25;2025-12-31;1;0
25;2025-12-31;2;0
25;2025-12-31;3;0
25;2025-12-31;4;0
25;2025-12-31;5;7
25;2025-12-31;6;89
25;2025-12-31;7;99
25;2025-12-31;8;172
25;2025-12-31;9;199
25;2025-12-31;10;200
25;2025-12-31;11;275
25;2025-12-31;12;326
25;2025-12-31;13;425
25;2025-12-31;14;446
25;2025-12-31;15;546
25;2025-12-31;16;459
25;2025-12-31;17;469
25;2025-12-31;18;380
25;2025-12-31;19;292
25;2025-12-31;20;0
25;2025-12-31;21;0
25;2025-12-31;22;0
25;2025-12-31;23;0
26;2025-11-01;0;30
26;2025-11-01;1;1
26;2025-11-01;2;0
26;2025-11-01;3;0
26;2025-11-01;4;2
26;2025-11-01;5;83
26;2025-11-01;6;426
26;2025-11-01;7;1004
26;2025-11-01;8;2024
26;2025-11-01;9;1317
26;2025-11-01;10;1147
26;2025-11-01;11;1045
26;2025-11-01;12;1071
26;2025-11-01;13;1108
26;2025-11-01;14;1266
26;2025-11-01;15;1309
26;2025-11-01;16;1430
26;2025-11-01;17;1611
26;2025-11-01;18;1648
26;2025-11-01;19;1106
26;2025-11-01;20;682
26;2025-11-01;21;442
26;2025-11-01;22;184
26;2025-11-01;23;118
26;2025-11-02;0;51
26;2025-11-02;1;3
26;2025-11-02;2;0
26;2025-11-02;3;0
26;2025-11-02;4;2
26;2025-11-02;5;23
26;2025-11-02;6;150
26;2025-11-02;7;267
26;2025-11-02;8;400
26;2025-11-02;9;531
26;2025-11-02;10;595
26;2025-11-02;11;818
26;2025-11-02;12;852
26;2025-11-02;13;895
26;2025-11-02;14;895
26;2025-11-02;15;814
26;2025-11-02;16;793
26;2025-11-02;17;806
26;2025-11-02;18;718
26;2025-11-02;19;536
26;2025-11-02;20;404
26;2025-11-02;21;282
26;2025-11-02;22;167
26;2025-11-02;23;114
26;2025-11-03;0;48
26;2025-11-03;1;3
26;2025-11-03;2;0
26;2025-11-03;3;0
26;2025-11-03;4;1
26;2025-11-03;5;23
26;2025-11-03;6;141
26;2025-11-03;7;250
26;2025-11-03;8;368
26;2025-11-03;9;486
26;2025-11-03;10;544
26;2025-11-03;11;736
26;2025-11-03;12;766
26;2025-11-03;13;815
26;2025-11-03;14;810
26;2025-11-03;15;736
26;2025-11-03;16;710
26;2025-11-03;17;731
26;2025-11-03;18;676
26;2025-11-03;19;502
26;2025-11-03;20;377
26;2025-11-03;21;261
26;2025-11-03;22;155
26;2025-11-03;23;103
26;2025-11-04;0;46
26;2025-11-04;1;3
26;2025-11-04;2;0
26;2025-11-04;3;0
26;2025-11-04;4;1
26;2025-11-04;5;22
26;2025-11-04;6;137
26;2025-11-04;7;241
26;2025-11-04;8;358
26;2025-11-04;9;472
26;2025-11-04;10;525
26;2025-11-04;11;723
26;2025-11-04;12;751
26;2025-11-04;13;789
26;2025-11-04;14;795
26;2025-11-04;15;719
26;2025-11-04;16;693
26;2025-11-04;17;718
26;2025-11-04;18;660
26;2025-11-04;19;493
26;2025-11-04;20;373
26;2025-11-04;21;254
26;2025-11-04;22;150
26;2025-11-04;23;102
26;2025-11-05;0;33
26;2025-11-05;1;1
26;2025-11-05;2;0
26;2025-11-05;3;0
26;2025-11-05;4;2
26;2025-11-05;5;95
26;2025-11-05;6;467
26;2025-11-05;7;1096
26;2025-11-05;8;2229
26;2025-11-05;9;1437
26;2025-11-05;10;1241
26;2025-11-05;11;1130
26;2025-11-05;12;1171
26;2025-11-05;13;1211
26;2025-11-05;14;1385
26;2025-11-05;15;1418
26;2025-11-05;16;1535
26;2025-11-05;17;1736
26;2025-11-05;18;1856
26;2025-11-05;19;1230
26;2025-11-05;20;761
26;2025-11-05;21;500
26;2025-11-05;22;208
26;2025-11-05;23;132
26;2025-11-06;0;34
26;2025-11-06;1;1
26;2025-11-06;2;0
26;2025-11-06;3;0
26;2025-11-06;4;2
26;2025-11-06;5;96
26;2025-11-06;6;472
26;2025-11-06;7;1089
26;2025-11-06;8;2218
26;2025-11-06;9;1442
26;2025-11-06;10;1235
26;2025-11-06;11;1136
26;2025-11-06;12;1164
26;2025-11-06;13;1192
26;2025-11-06;14;1368
26;2025-11-06;15;1402
26;2025-11-06;16;1542
26;2025-11-06;17;1740
26;2025-11-06;18;1868
26;2025-11-06;19;1231
26;2025-11-06;20;748
26;2025-11-06;21;492
26;2025-11-06;22;207
26;2025-11-06;23;135
26;2025-11-07;0;34
26;2025-11-07;1;1
26;2025-11-07;2;0
26;2025-11-07;3;0
26;2025-11-07;4;2
26;2025-11-07;5;92
26;2025-11-07;6;475
26;2025-11-07;7;1077
26;2025-11-07;8;2174
26;2025-11-07;9;1401
26;2025-11-07;10;1238
26;2025-11-07;11;1112
26;2025-11-07;12;1156
26;2025-11-07;13;1201
26;2025-11-07;14;1372
26;2025-11-07;15;1423
26;2025-11-07;16;1608
26;2025-11-07;17;1753
26;2025-11-07;18;1622
26;2025-11-07;19;1138
26;2025-11-07;20;718
26;2025-11-07;21;489
26;2025-11-07;22;210
26;2025-11-07;23;151
26;2025-11-08;0;50
26;2025-11-08;1;1
26;2025-11-08;2;0
26;2025-11-08;3;0
26;2025-11-08;4;1
26;2025-11-08;5;54
26;2025-11-08;6;257
26;2025-11-08;7;378
26;2025-11-08;8;652
26;2025-11-08;9;693
26;2025-11-08;10;848
26;2025-11-08;11;1013
26;2025-11-08;12;1087
26;2025-11-08;13;1093
26;2025-11-08;14;1115
26;2025-11-08;15;1012
26;2025-11-08;16;1055
26;2025-11-08;17;981
26;2025-11-08;18;894
26;2025-11-08;19;797
26;2025-11-08;20;545
26;2025-11-08;21;364
26;2025-11-08;22;208
26;2025-11-08;23;166
26;2025-11-09;0;53
26;2025-11-09;1;4
26;2025-11-09;2;0
26;2025-11-09;3;0
26;2025-11-09;4;2
26;2025-11-09;5;24
26;2025-11-09;6;152
26;2025-11-09;7;265
26;2025-11-09;8;395
26;2025-11-09;9;528
26;2025-11-09;10;589
26;2025-11-09;11;811
26;2025-11-09;12;846
26;2025-11-09;13;893
26;2025-11-09;14;894
26;2025-11-09;15;810
26;2025-11-09;16;779
26;2025-11-09;17;796
26;2025-11-09;18;715
26;2025-11-09;19;531
26;2025-11-09;20;405
26;2025-11-09;21;284
26;2025-11-09;22;167
26;2025-11-09;23;114
26;2025-11-10;0;31
26;2025-11-10;1;1
26;2025-11-10;2;0
26;2025-11-10;3;0
26;2025-11-10;4;2
26;2025-11-10;5;94
26;2025-11-10;6;478
26;2025-11-10;7;1115
26;2025-11-10;8;2246
26;2025-11-10;9;1443
26;2025-11-10;10;1263
26;2025-11-10;11;1124
26;2025-11-10;12;1162
26;2025-11-10;13;1217
26;2025-11-10;14;1356
26;2025-11-10;15;1425
26;2025-11-10;16;1563
26;2025-11-10;17;1781
26;2025-11-10;18;1898
26;2025-11-10;19;1251
26;2025-11-10;20;758
26;2025-11-10;21;481
26;2025-11-10;22;197
26;2025-11-10;23;120
26;2025-11-11;0;31
26;2025-11-11;1;1
26;2025-11-11;2;0
26;2025-11-11;3;0
26;2025-11-11;4;2
26;2025-11-11;5;96
26;2025-11-11;6;479
26;2025-11-11;7;1123
26;2025-11-11;8;2283
26;2025-11-11;9;1465
26;2025-11-11;10;1275
26;2025-11-11;11;1164
26;2025-11-11;12;1191
26;2025-11-11;13;1213
26;2025-11-11;14;1381
26;2025-11-11;15;1434
26;2025-11-11;16;1576
26;2025-11-11;17;1802
26;2025-11-11;18;1916
26;2025-11-11;19;1278
26;2025-11-11;20;774
26;2025-11-11;21;492
26;2025-11-11;22;201
26;2025-11-11;23;122
26;2025-11-12;0;33
26;2025-11-12;1;1
26;2025-11-12;2;0
26;2025-11-12;3;0
26;2025-11-12;4;2
26;2025-11-12;5;97
26;2025-11-12;6;471
26;2025-11-12;7;1106
26;2025-11-12;8;2244
26;2025-11-12;9;1451
26;2025-11-12;10;1255
26;2025-11-12;11;1142
26;2025-11-12;12;1181
26;2025-11-12;13;1222
26;2025-11-12;14;1393
26;2025-11-12;15;1428
26;2025-11-12;16;1549
26;2025-11-12;17;1750
26;2025-11-12;18;1868
26;2025-11-12;19;1241
26;2025-11-12;20;765
26;2025-11-12;21;503
26;2025-11-12;22;209
26;2025-11-12;23;133
26;2025-11-13;0;35
26;2025-11-13;1;1
26;2025-11-13;2;0
26;2025-11-13;3;0
26;2025-11-13;4;2
26;2025-11-13;5;96
26;2025-11-13;6;476
26;2025-11-13;7;1104
26;2025-11-13;8;2249
26;2025-11-13;9;1465
26;2025-11-13;10;1257
26;2025-11-13;11;1159
26;2025-11-13;12;1189
26;2025-11-13;13;1216
26;2025-11-13;14;1390
26;2025-11-13;15;1430
26;2025-11-13;16;1572
26;2025-11-13;17;1772
26;2025-11-13;18;1900
26;2025-11-13;19;1251
26;2025-11-13;20;759
26;2025-11-13;21;502
26;2025-11-13;22;209
26;2025-11-13;23;136
26;2025-11-14;0;35
26;2025-11-14;1;1
26;2025-11-14;2;0
26;2025-11-14;3;0
26;2025-11-14;4;2
26;2025-11-14;5;94
26;2025-11-14;6;480
26;2025-11-14;7;1090
26;2025-11-14;8;2196
26;2025-11-14;9;1419
26;2025-11-14;10;1255
26;2025-11-14;11;1127
26;2025-11-14;12;1173
26;2025-11-14;13;1216
26;2025-11-14;14;1388
26;2025-11-14;15;1441
26;2025-11-14;16;1630
26;2025-11-14;17;1775
26;2025-11-14;18;1638
26;2025-11-14;19;1152
26;2025-11-14;20;725
26;2025-11-14;21;490
26;2025-11-14;22;209
26;2025-11-14;23;152
26;2025-11-15;0;49
26;2025-11-15;1;2
26;2025-11-15;2;0
26;2025-11-15;3;0
26;2025-11-15;4;1
26;2025-11-15;5;50
26;2025-11-15;6;247
26;2025-11-15;7;362
26;2025-11-15;8;630
26;2025-11-15;9;668
26;2025-11-15;10;813
26;2025-11-15;11;972
26;2025-11-15;12;1047
26;2025-11-15;13;1051
26;2025-11-15;14;1074
26;2025-11-15;15;976
26;2025-11-15;16;1018
26;2025-11-15;17;946
26;2025-11-15;18;863
26;2025-11-15;19;767
26;2025-11-15;20;522
26;2025-11-15;21;349
26;2025-11-15;22;200
26;2025-11-15;23;161
26;2025-11-16;0;51
26;2025-11-16;1;3
26;2025-11-16;2;0
26;2025-11-16;3;0
26;2025-11-16;4;2
26;2025-11-16;5;23
26;2025-11-16;6;151
26;2025-11-16;7;264
26;2025-11-16;8;398
26;2025-11-16;9;530
26;2025-11-16;10;592
26;2025-11-16;11;814
26;2025-11-16;12;852
26;2025-11-16;13;899
26;2025-11-16;14;900
26;2025-11-16;15;815
26;2025-11-16;16;786
26;2025-11-16;17;801
26;2025-11-16;18;722
26;2025-11-16;19;539
26;2025-11-16;20;405
26;2025-11-16;21;285
26;2025-11-16;22;169
26;2025-11-16;23;115
26;2025-11-17;0;30
26;2025-11-17;1;1
26;2025-11-17;2;0
26;2025-11-17;3;0
26;2025-11-17;4;2
26;2025-11-17;5;94
26;2025-11-17;6;470
26;2025-11-17;7;1098
26;2025-11-17;8;2207
26;2025-11-17;9;1424
26;2025-11-17;10;1244
26;2025-11-17;11;1108
26;2025-11-17;12;1142
26;2025-11-17;13;1196
26;2025-11-17;14;1329
26;2025-11-17;15;1398
26;2025-11-17;16;1534
26;2025-11-17;17;1751
26;2025-11-17;18;1866
26;2025-11-17;19;1232
26;2025-11-17;20;746
26;2025-11-17;21;475
26;2025-11-17;22;195
26;2025-11-17;23;119
26;2025-11-18;0;30
26;2025-11-18;1;1
26;2025-11-18;2;0
26;2025-11-18;3;0
26;2025-11-18;4;1
26;2025-11-18;5;93
26;2025-11-18;6;464
26;2025-11-18;7;1082
26;2025-11-18;8;2179
26;2025-11-18;9;1405
26;2025-11-18;10;1221
26;2025-11-18;11;1111
26;2025-11-18;12;1139
26;2025-11-18;13;1159
26;2025-11-18;14;1316
26;2025-11-18;15;1369
26;2025-11-18;16;1508
26;2025-11-18;17;1731
26;2025-11-18;18;1833
26;2025-11-18;19;1225
26;2025-11-18;20;746
26;2025-11-18;21;474
26;2025-11-18;22;194
26;2025-11-18;23;119
26;2025-11-19;0;32
26;2025-11-19;1;1
26;2025-11-19;2;0
26;2025-11-19;3;0
26;2025-11-19;4;2
26;2025-11-19;5;98
26;2025-11-19;6;474
26;2025-11-19;7;1116
26;2025-11-19;8;2262
26;2025-11-19;9;1468
26;2025-11-19;10;1270
26;2025-11-19;11;1157
26;2025-11-19;12;1200
26;2025-11-19;13;1240
26;2025-11-19;14;1409
26;2025-11-19;15;1445
26;2025-11-19;16;1567
26;2025-11-19;17;1770
26;2025-11-19;18;1888
26;2025-11-19;19;1255
26;2025-11-19;20;770
26;2025-11-19;21;507
26;2025-11-19;22;209
26;2025-11-19;23;132
26;2025-11-20;0;35
26;2025-11-20;1;1
26;2025-11-20;2;0
26;2025-11-20;3;0
26;2025-11-20;4;2
26;2025-11-20;5;96
26;2025-11-20;6;478
26;2025-11-20;7;1108
26;2025-11-20;8;2258
26;2025-11-20;9;1474
26;2025-11-20;10;1266
26;2025-11-20;11;1166
26;2025-11-20;12;1198
26;2025-11-20;13;1225
26;2025-11-20;14;1396
26;2025-11-20;15;1439
26;2025-11-20;16;1579
26;2025-11-20;17;1780
26;2025-11-20;18;1909
26;2025-11-20;19;1260
26;2025-11-20;20;757
26;2025-11-20;21;500
26;2025-11-20;22;207
26;2025-11-20;23;135
26;2025-11-21;0;34
26;2025-11-21;1;1
26;2025-11-21;2;0
26;2025-11-21;3;0
26;2025-11-21;4;2
26;2025-11-21;5;95
26;2025-11-21;6;480
26;2025-11-21;7;1093
26;2025-11-21;8;2204
26;2025-11-21;9;1426
26;2025-11-21;10;1263
26;2025-11-21;11;1134
26;2025-11-21;12;1179
26;2025-11-21;13;1221
26;2025-11-21;14;1391
26;2025-11-21;15;1447
26;2025-11-21;16;1635
26;2025-11-21;17;1780
26;2025-11-21;18;1645
26;2025-11-21;19;1158
26;2025-11-21;20;723
26;2025-11-21;21;491
26;2025-11-21;22;209
26;2025-11-21;23;152
26;2025-11-22;0;48
26;2025-11-22;1;1
26;2025-11-22;2;0
26;2025-11-22;3;0
26;2025-11-22;4;1
26;2025-11-22;5;53
26;2025-11-22;6;252
26;2025-11-22;7;369
26;2025-11-22;8;639
26;2025-11-22;9;681
26;2025-11-22;10;829
26;2025-11-22;11;994
26;2025-11-22;12;1072
26;2025-11-22;13;1075
26;2025-11-22;14;1096
26;2025-11-22;15;995
26;2025-11-22;16;1039
26;2025-11-22;17;967
26;2025-11-22;18;879
26;2025-11-22;19;782
26;2025-11-22;20;533
26;2025-11-22;21;356
26;2025-11-22;22;203
26;2025-11-22;23;161
26;2025-11-23;0;51
26;2025-11-23;1;3
26;2025-11-23;2;0
26;2025-11-23;3;0
26;2025-11-23;4;2
26;2025-11-23;5;23
26;2025-11-23;6;152
26;2025-11-23;7;261
26;2025-11-23;8;394
26;2025-11-23;9;528
26;2025-11-23;10;587
26;2025-11-23;11;809
26;2025-11-23;12;848
26;2025-11-23;13;894
26;2025-11-23;14;894
26;2025-11-23;15;809
26;2025-11-23;16;782
26;2025-11-23;17;795
26;2025-11-23;18;715
26;2025-11-23;19;532
26;2025-11-23;20;401
26;2025-11-23;21;284
26;2025-11-23;22;168
26;2025-11-23;23;114
26;2025-11-24;0;30
26;2025-11-24;1;1
26;2025-11-24;2;0
26;2025-11-24;3;0
26;2025-11-24;4;2
26;2025-11-24;5;93
26;2025-11-24;6;460
26;2025-11-24;7;1073
26;2025-11-24;8;2148
26;2025-11-24;9;1391
26;2025-11-24;10;1216
26;2025-11-24;11;1078
26;2025-11-24;12;1116
26;2025-11-24;13;1170
26;2025-11-24;14;1291
26;2025-11-24;15;1365
26;2025-11-24;16;1501
26;2025-11-24;17;1714
26;2025-11-24;18;1822
26;2025-11-24;19;1205
26;2025-11-24;20;729
26;2025-11-24;21;465
26;2025-11-24;22;188
26;2025-11-24;23;114
26;2025-11-25;0;30
26;2025-11-25;1;1
26;2025-11-25;2;0
26;2025-11-25;3;0
26;2025-11-25;4;2
26;2025-11-25;5;95
26;2025-11-25;6;477
26;2025-11-25;7;1119
26;2025-11-25;8;2269
26;2025-11-25;9;1465
26;2025-11-25;10;1276
26;2025-11-25;11;1164
26;2025-11-25;12;1194
26;2025-11-25;13;1215
26;2025-11-25;14;1374
26;2025-11-25;15;1432
26;2025-11-25;16;1576
26;2025-11-25;17;1801
26;2025-11-25;18;1911
26;2025-11-25;19;1279
26;2025-11-25;20;772
26;2025-11-25;21;490
26;2025-11-25;22;198
26;2025-11-25;23;122
26;2025-11-26;0;32
26;2025-11-26;1;1
26;2025-11-26;2;0
26;2025-11-26;3;0
26;2025-11-26;4;2
26;2025-11-26;5;96
26;2025-11-26;6;463
26;2025-11-26;7;1084
26;2025-11-26;8;2202
26;2025-11-26;9;1433
26;2025-11-26;10;1238
26;2025-11-26;11;1121
26;2025-11-26;12;1167
26;2025-11-26;13;1206
26;2025-11-26;14;1368
26;2025-11-26;15;1404
26;2025-11-26;16;1523
26;2025-11-26;17;1723
26;2025-11-26;18;1835
26;2025-11-26;19;1221
26;2025-11-26;20;750
26;2025-11-26;21;491
26;2025-11-26;22;201
26;2025-11-26;23;128
26;2025-11-27;0;34
26;2025-11-27;1;1
26;2025-11-27;2;0
26;2025-11-27;3;0
26;2025-11-27;4;2
26;2025-11-27;5;96
26;2025-11-27;6;470
26;2025-11-27;7;1082
26;2025-11-27;8;2194
26;2025-11-27;9;1439
26;2025-11-27;10;1235
26;2025-11-27;11;1134
26;2025-11-27;12;1165
26;2025-11-27;13;1191
26;2025-11-27;14;1351
26;2025-11-27;15;1396
26;2025-11-27;16;1537
26;2025-11-27;17;1733
26;2025-11-27;18;1855
26;2025-11-27;19;1222
26;2025-11-27;20;741
26;2025-11-27;21;487
26;2025-11-27;22;201
26;2025-11-27;23;131
26;2025-11-28;0;34
26;2025-11-28;1;1
26;2025-11-28;2;0
26;2025-11-28;3;0
26;2025-11-28;4;2
26;2025-11-28;5;93
26;2025-11-28;6;475
26;2025-11-28;7;1070
26;2025-11-28;8;2160
26;2025-11-28;9;1400
26;2025-11-28;10;1239
26;2025-11-28;11;1112
26;2025-11-28;12;1158
26;2025-11-28;13;1202
26;2025-11-28;14;1359
26;2025-11-28;15;1418
26;2025-11-28;16;1604
26;2025-11-28;17;1750
26;2025-11-28;18;1616
26;2025-11-28;19;1136
26;2025-11-28;20;714
26;2025-11-28;21;483
26;2025-11-28;22;206
26;2025-11-28;23;148
26;2025-11-29;0;49
26;2025-11-29;1;1
26;2025-11-29;2;0
26;2025-11-29;3;0
26;2025-11-29;4;1
26;2025-11-29;5;53
26;2025-11-29;6;259
26;2025-11-29;7;375
26;2025-11-29;8;654
26;2025-11-29;9;698
26;2025-11-29;10;851
26;2025-11-29;11;1020
26;2025-11-29;12;1099
26;2025-11-29;13;1104
26;2025-11-29;14;1121
26;2025-11-29;15;1019
26;2025-11-29;16;1062
26;2025-11-29;17;987
26;2025-11-29;18;899
26;2025-11-29;19;802
26;2025-11-29;20;546
26;2025-11-29;21;366
26;2025-11-29;22;209
26;2025-11-29;23;167
26;2025-11-30;0;51
26;2025-11-30;1;4
26;2025-11-30;2;0
26;2025-11-30;3;0
26;2025-11-30;4;2
26;2025-11-30;5;23
26;2025-11-30;6;151
26;2025-11-30;7;258
26;2025-11-30;8;390
26;2025-11-30;9;526
26;2025-11-30;10;583
26;2025-11-30;11;805
26;2025-11-30;12;845
26;2025-11-30;13;891
26;2025-11-30;14;888
26;2025-11-30;15;807
26;2025-11-30;16;780
26;2025-11-30;17;793
26;2025-11-30;18;711
26;2025-11-30;19;532
26;2025-11-30;20;401
26;2025-11-30;21;285
26;2025-11-30;22;168
26;2025-11-30;23;115
26;2025-12-01;0;32
26;2025-12-01;1;2
26;2025-12-01;2;0
26;2025-12-01;3;0
26;2025-12-01;4;2
26;2025-12-01;5;98
26;2025-12-01;6;492
26;2025-12-01;7;1140
26;2025-12-01;8;2291
26;2025-12-01;9;1489
26;2025-12-01;10;1301
26;2025-12-01;11;1159
26;2025-12-01;12;1198
26;2025-12-01;13;1258
26;2025-12-01;14;1383
26;2025-12-01;15;1462
26;2025-12-01;16;1606
26;2025-12-01;17;1833
26;2025-12-01;18;1943
26;2025-12-01;19;1287
26;2025-12-01;20;778
26;2025-12-01;21;496
26;2025-12-01;22;200
26;2025-12-01;23;123
26;2025-12-02;0;31
26;2025-12-02;1;1
26;2025-12-02;2;0
26;2025-12-02;3;0
26;2025-12-02;4;2
26;2025-12-02;5;100
26;2025-12-02;6;494
26;2025-12-02;7;1150
26;2025-12-02;8;2328
26;2025-12-02;9;1511
26;2025-12-02;10;1319
26;2025-12-02;11;1201
26;2025-12-02;12;1232
26;2025-12-02;13;1254
26;2025-12-02;14;1412
26;2025-12-02;15;1471
26;2025-12-02;16;1619
26;2025-12-02;17;1854
26;2025-12-02;18;1964
26;2025-12-02;19;1320
26;2025-12-02;20;799
26;2025-12-02;21;505
26;2025-12-02;22;203
26;2025-12-02;23;125
26;2025-12-03;0;33
26;2025-12-03;1;1
26;2025-12-03;2;0
26;2025-12-03;3;0
26;2025-12-03;4;2
26;2025-12-03;5;103
26;2025-12-03;6;491
26;2025-12-03;7;1146
26;2025-12-03;8;2316
26;2025-12-03;9;1514
26;2025-12-03;10;1309
26;2025-12-03;11;1193
26;2025-12-03;12;1239
26;2025-12-03;13;1283
26;2025-12-03;14;1444
26;2025-12-03;15;1483
26;2025-12-03;16;1611
26;2025-12-03;17;1819
26;2025-12-03;18;1936
26;2025-12-03;19;1294
26;2025-12-03;20;795
26;2025-12-03;21;523
26;2025-12-03;22;214
26;2025-12-03;23;137
26;2025-12-04;0;36
26;2025-12-04;1;1
26;2025-12-04;2;0
26;2025-12-04;3;0
26;2025-12-04;4;2
26;2025-12-04;5;101
26;2025-12-04;6;496
26;2025-12-04;7;1138
26;2025-12-04;8;2309
26;2025-12-04;9;1519
26;2025-12-04;10;1302
26;2025-12-04;11;1200
26;2025-12-04;12;1235
26;2025-12-04;13;1263
26;2025-12-04;14;1426
26;2025-12-04;15;1474
26;2025-12-04;16;1622
26;2025-12-04;17;1830
26;2025-12-04;18;1955
26;2025-12-04;19;1296
26;2025-12-04;20;785
26;2025-12-04;21;517
26;2025-12-04;22;214
26;2025-12-04;23;139
26;2025-12-05;0;35
26;2025-12-05;1;1
26;2025-12-05;2;0
26;2025-12-05;3;0
26;2025-12-05;4;2
26;2025-12-05;5;98
26;2025-12-05;6;500
26;2025-12-05;7;1127
26;2025-12-05;8;2264
26;2025-12-05;9;1478
26;2025-12-05;10;1306
26;2025-12-05;11;1173
26;2025-12-05;12;1222
26;2025-12-05;13;1268
26;2025-12-05;14;1430
26;2025-12-05;15;1492
26;2025-12-05;16;1690
26;2025-12-05;17;1840
26;2025-12-05;18;1688
26;2025-12-05;19;1195
26;2025-12-05;20;752
26;2025-12-05;21;509
26;2025-12-05;22;215
26;2025-12-05;23;156
26;2025-12-06;0;50
26;2025-12-06;1;1
26;2025-12-06;2;0
26;2025-12-06;3;0
26;2025-12-06;4;1
26;2025-12-06;5;55
26;2025-12-06;6;267
26;2025-12-06;7;381
26;2025-12-06;8;660
26;2025-12-06;9;714
26;2025-12-06;10;867
26;2025-12-06;11;1037
26;2025-12-06;12;1118
26;2025-12-06;13;1126
26;2025-12-06;14;1140
26;2025-12-06;15;1039
26;2025-12-06;16;1084
26;2025-12-06;17;1007
26;2025-12-06;18;917
26;2025-12-06;19;819
26;2025-12-06;20;559
26;2025-12-06;21;375
26;2025-12-06;22;216
26;2025-12-06;23;172
26;2025-12-07;0;53
26;2025-12-07;1;3
26;2025-12-07;2;0
26;2025-12-07;3;0
26;2025-12-07;4;2
26;2025-12-07;5;25
26;2025-12-07;6;158
26;2025-12-07;7;269
26;2025-12-07;8;404
26;2025-12-07;9;546
26;2025-12-07;10;604
26;2025-12-07;11;834
26;2025-12-07;12;877
26;2025-12-07;13;925
26;2025-12-07;14;919
26;2025-12-07;15;836
26;2025-12-07;16;808
26;2025-12-07;17;822
26;2025-12-07;18;738
26;2025-12-07;19;552
26;2025-12-07;20;415
26;2025-12-07;21;295
26;2025-12-07;22;177
26;2025-12-07;23;118
26;2025-12-08;0;32
26;2025-12-08;1;1
26;2025-12-08;2;0
26;2025-12-08;3;0
26;2025-12-08;4;2
26;2025-12-08;5;100
26;2025-12-08;6;495
26;2025-12-08;7;1140
26;2025-12-08;8;2281
26;2025-12-08;9;1490
26;2025-12-08;10;1301
26;2025-12-08;11;1159
26;2025-12-08;12;1198
26;2025-12-08;13;1259
26;2025-12-08;14;1377
26;2025-12-08;15;1457
26;2025-12-08;16;1603
26;2025-12-08;17;1829
26;2025-12-08;18;1942
26;2025-12-08;19;1289
26;2025-12-08;20;780
26;2025-12-08;21;494
26;2025-12-08;22;200
26;2025-12-08;23;122
26;2025-12-09;0;31
26;2025-12-09;1;1
26;2025-12-09;2;0
26;2025-12-09;3;0
26;2025-12-09;4;2
26;2025-12-09;5;99
26;2025-12-09;6;494
26;2025-12-09;7;1140
26;2025-12-09;8;2305
26;2025-12-09;9;1503
26;2025-12-09;10;1309
26;2025-12-09;11;1192
26;2025-12-09;12;1223
26;2025-12-09;13;1247
26;2025-12-09;14;1394
26;2025-12-09;15;1458
26;2025-12-09;16;1608
26;2025-12-09;17;1840
26;2025-12-09;18;1949
26;2025-12-09;19;1314
26;2025-12-09;20;795
26;2025-12-09;21;501
26;2025-12-09;22;203
26;2025-12-09;23;124
26;2025-12-10;0;33
26;2025-12-10;1;1
26;2025-12-10;2;0
26;2025-12-10;3;0
26;2025-12-10;4;2
26;2025-12-10;5;102
26;2025-12-10;6;487
26;2025-12-10;7;1127
26;2025-12-10;8;2279
26;2025-12-10;9;1494
26;2025-12-10;10;1291
26;2025-12-10;11;1175
26;2025-12-10;12;1224
26;2025-12-10;13;1266
26;2025-12-10;14;1416
26;2025-12-10;15;1460
26;2025-12-10;16;1586
26;2025-12-10;17;1794
26;2025-12-10;18;1909
26;2025-12-10;19;1280
26;2025-12-10;20;788
26;2025-12-10;21;515
26;2025-12-10;22;211
26;2025-12-10;23;135
26;2025-12-11;0;35
26;2025-12-11;1;1
26;2025-12-11;2;0
26;2025-12-11;3;0
26;2025-12-11;4;2
26;2025-12-11;5;98
26;2025-12-11;6;487
26;2025-12-11;7;1107
26;2025-12-11;8;2240
26;2025-12-11;9;1481
26;2025-12-11;10;1267
26;2025-12-11;11;1165
26;2025-12-11;12;1201
26;2025-12-11;13;1229
26;2025-12-11;14;1382
26;2025-12-11;15;1433
26;2025-12-11;16;1580
26;2025-12-11;17;1780
26;2025-12-11;18;1900
26;2025-12-11;19;1259
26;2025-12-11;20;765
26;2025-12-11;21;501
26;2025-12-11;22;209
26;2025-12-11;23;135
26;2025-12-12;0;36
26;2025-12-12;1;1
26;2025-12-12;2;0
26;2025-12-12;3;0
26;2025-12-12;4;2
26;2025-12-12;5;95
26;2025-12-12;6;492
26;2025-12-12;7;1103
26;2025-12-12;8;2198
26;2025-12-12;9;1442
26;2025-12-12;10;1277
26;2025-12-12;11;1146
26;2025-12-12;12;1190
26;2025-12-12;13;1235
26;2025-12-12;14;1385
26;2025-12-12;15;1444
26;2025-12-12;16;1637
26;2025-12-12;17;1781
26;2025-12-12;18;1638
26;2025-12-12;19;1162
26;2025-12-12;20;732
26;2025-12-12;21;494
26;2025-12-12;22;209
26;2025-12-12;23;152
26;2025-12-13;0;50
26;2025-12-13;1;1
26;2025-12-13;2;0
26;2025-12-13;3;0
26;2025-12-13;4;1
26;2025-12-13;5;53
26;2025-12-13;6;263
26;2025-12-13;7;376
26;2025-12-13;8;652
26;2025-12-13;9;706
26;2025-12-13;10;856
26;2025-12-13;11;1023
26;2025-12-13;12;1105
26;2025-12-13;13;1110
26;2025-12-13;14;1121
26;2025-12-13;15;1025
26;2025-12-13;16;1067
26;2025-12-13;17;994
26;2025-12-13;18;910
26;2025-12-13;19;815
26;2025-12-13;20;551
26;2025-12-13;21;369
26;2025-12-13;22;214
26;2025-12-13;23;169
26;2025-12-14;0;52
26;2025-12-14;1;3
26;2025-12-14;2;0
26;2025-12-14;3;0
26;2025-12-14;4;2
26;2025-12-14;5;25
26;2025-12-14;6;158
26;2025-12-14;7;266
26;2025-12-14;8;396
26;2025-12-14;9;540
26;2025-12-14;10;596
26;2025-12-14;11;824
26;2025-12-14;12;865
26;2025-12-14;13;911
26;2025-12-14;14;904
26;2025-12-14;15;825
26;2025-12-14;16;778
26;2025-12-14;17;813
26;2025-12-14;18;734
26;2025-12-14;19;551
26;2025-12-14;20;412
26;2025-12-14;21;290
26;2025-12-14;22;174
26;2025-12-14;23;117
26;2025-12-15;0;32
26;2025-12-15;1;1
26;2025-12-15;2;0
26;2025-12-15;3;0
26;2025-12-15;4;2
26;2025-12-15;5;99
26;2025-12-15;6;495
26;2025-12-15;7;1137
26;2025-12-15;8;2272
26;2025-12-15;9;1488
26;2025-12-15;10;1301
26;2025-12-15;11;1158
26;2025-12-15;12;1196
26;2025-12-15;13;1251
26;2025-12-15;14;1363
26;2025-12-15;15;1453
26;2025-12-15;16;1595
26;2025-12-15;17;1824
26;2025-12-15;18;1950
26;2025-12-15;19;1302
26;2025-12-15;20;784
26;2025-12-15;21;492
26;2025-12-15;22;201
26;2025-12-15;23;122
26;2025-12-16;0;32
26;2025-12-16;1;1
26;2025-12-16;2;0
26;2025-12-16;3;0
26;2025-12-16;4;2
26;2025-12-16;5;100
26;2025-12-16;6;499
26;2025-12-16;7;1144
26;2025-12-16;8;2303
26;2025-12-16;9;1507
26;2025-12-16;10;1311
26;2025-12-16;11;1195
26;2025-12-16;12;1224
26;2025-12-16;13;1245
26;2025-12-16;14;1383
26;2025-12-16;15;1453
26;2025-12-16;16;1607
26;2025-12-16;17;1843
26;2025-12-16;18;1957
26;2025-12-16;19;1323
26;2025-12-16;20;801
26;2025-12-16;21;503
26;2025-12-16;22;207
26;2025-12-16;23;127
26;2025-12-17;0;33
26;2025-12-17;1;1
26;2025-12-17;2;0
26;2025-12-17;3;0
26;2025-12-17;4;2
26;2025-12-17;5;102
26;2025-12-17;6;496
26;2025-12-17;7;1139
26;2025-12-17;8;2293
26;2025-12-17;9;1509
26;2025-12-17;10;1305
26;2025-12-17;11;1187
26;2025-12-17;12;1236
26;2025-12-17;13;1279
26;2025-12-17;14;1424
26;2025-12-17;15;1472
26;2025-12-17;16;1602
26;2025-12-17;17;1812
26;2025-12-17;18;1929
26;2025-12-17;19;1293
26;2025-12-17;20;795
26;2025-12-17;21;521
26;2025-12-17;22;214
26;2025-12-17;23;138
26;2025-12-18;0;36
26;2025-12-18;1;1
26;2025-12-18;2;0
26;2025-12-18;3;0
26;2025-12-18;4;2
26;2025-12-18;5;101
26;2025-12-18;6;498
26;2025-12-18;7;1130
26;2025-12-18;8;2281
26;2025-12-18;9;1511
26;2025-12-18;10;1292
26;2025-12-18;11;1193
26;2025-12-18;12;1229
26;2025-12-18;13;1259
26;2025-12-18;14;1404
26;2025-12-18;15;1459
26;2025-12-18;16;1610
26;2025-12-18;17;1816
26;2025-12-18;18;1945
26;2025-12-18;19;1295
26;2025-12-18;20;785
26;2025-12-18;21;512
26;2025-12-18;22;215
26;2025-12-18;23;139
26;2025-12-19;0;35
26;2025-12-19;1;1
26;2025-12-19;2;0
26;2025-12-19;3;0
26;2025-12-19;4;2
26;2025-12-19;5;98
26;2025-12-19;6;504
26;2025-12-19;7;1120
26;2025-12-19;8;2240
26;2025-12-19;9;1469
26;2025-12-19;10;1299
26;2025-12-19;11;1167
26;2025-12-19;12;1214
26;2025-12-19;13;1262
26;2025-12-19;14;1407
26;2025-12-19;15;1477
26;2025-12-19;16;1678
26;2025-12-19;17;1828
26;2025-12-19;18;1682
26;2025-12-19;19;1193
26;2025-12-19;20;749
26;2025-12-19;21;504
26;2025-12-19;22;215
26;2025-12-19;23;155
26;2025-12-20;0;50
26;2025-12-20;1;1
26;2025-12-20;2;0
26;2025-12-20;3;0
26;2025-12-20;4;1
26;2025-12-20;5;54
26;2025-12-20;6;267
26;2025-12-20;7;378
26;2025-12-20;8;656
26;2025-12-20;9;711
26;2025-12-20;10;859
26;2025-12-20;11;1033
26;2025-12-20;12;1112
26;2025-12-20;13;1120
26;2025-12-20;14;1130
26;2025-12-20;15;1034
26;2025-12-20;16;1078
26;2025-12-20;17;1002
26;2025-12-20;18;916
26;2025-12-20;19;820
26;2025-12-20;20;558
26;2025-12-20;21;375
26;2025-12-20;22;216
26;2025-12-20;23;170
26;2025-12-21;0;51
26;2025-12-21;1;4
26;2025-12-21;2;0
26;2025-12-21;3;0
26;2025-12-21;4;2
26;2025-12-21;5;25
26;2025-12-21;6;158
26;2025-12-21;7;265
26;2025-12-21;8;395
26;2025-12-21;9;538
26;2025-12-21;10;594
26;2025-12-21;11;824
26;2025-12-21;12;864
26;2025-12-21;13;911
26;2025-12-21;14;902
26;2025-12-21;15;825
26;2025-12-21;16;798
26;2025-12-21;17;812
26;2025-12-21;18;729
26;2025-12-21;19;547
26;2025-12-21;20;411
26;2025-12-21;21;293
26;2025-12-21;22;176
26;2025-12-21;23;117
26;2025-12-22;0;30
26;2025-12-22;1;2
26;2025-12-22;2;0
26;2025-12-22;3;0
26;2025-12-22;4;2
26;2025-12-22;5;98
26;2025-12-22;6;493
26;2025-12-22;7;1119
26;2025-12-22;8;2225
26;2025-12-22;9;1463
26;2025-12-22;10;1275
26;2025-12-22;11;1134
26;2025-12-22;12;1174
26;2025-12-22;13;1234
26;2025-12-22;14;1334
26;2025-12-22;15;1423
26;2025-12-22;16;1569
26;2025-12-22;17;1791
26;2025-12-22;18;1904
26;2025-12-22;19;1266
26;2025-12-22;20;766
26;2025-12-22;21;484
26;2025-12-22;22;197
26;2025-12-22;23;118
26;2025-12-23;0;33
26;2025-12-23;1;1
26;2025-12-23;2;0
26;2025-12-23;3;0
26;2025-12-23;4;2
26;2025-12-23;5;99
26;2025-12-23;6;502
26;2025-12-23;7;1141
26;2025-12-23;8;2292
26;2025-12-23;9;1506
26;2025-12-23;10;1309
26;2025-12-23;11;1191
26;2025-12-23;12;1219
26;2025-12-23;13;1239
26;2025-12-23;14;1372
26;2025-12-23;15;1448
26;2025-12-23;16;1602
26;2025-12-23;17;1839
26;2025-12-23;18;1965
26;2025-12-23;19;1330
26;2025-12-23;20;800
26;2025-12-23;21;497
26;2025-12-23;22;206
26;2025-12-23;23;125
26;2025-12-24;0;35
26;2025-12-24;1;1
26;2025-12-24;2;0
26;2025-12-24;3;0
26;2025-12-24;4;2
26;2025-12-24;5;103
26;2025-12-24;6;497
26;2025-12-24;7;1136
26;2025-12-24;8;2284
26;2025-12-24;9;1511
26;2025-12-24;10;1306
26;2025-12-24;11;1186
26;2025-12-24;12;1232
26;2025-12-24;13;1269
26;2025-12-24;14;1404
26;2025-12-24;15;1460
26;2025-12-24;16;1592
26;2025-12-24;17;1804
26;2025-12-24;18;1939
26;2025-12-24;19;1310
26;2025-12-24;20;810
26;2025-12-24;21;522
26;2025-12-24;22;219
26;2025-12-24;23;140
26;2025-12-25;0;36
26;2025-12-25;1;3
26;2025-12-25;2;0
26;2025-12-25;3;0
26;2025-12-25;4;2
26;2025-12-25;5;100
26;2025-12-25;6;494
26;2025-12-25;7;1110
26;2025-12-25;8;2237
26;2025-12-25;9;1487
26;2025-12-25;10;1275
26;2025-12-25;11;1175
26;2025-12-25;12;1207
26;2025-12-25;13;1236
26;2025-12-25;14;1371
26;2025-12-25;15;1431
26;2025-12-25;16;1582
26;2025-12-25;17;1782
26;2025-12-25;18;1909
26;2025-12-25;19;1270
26;2025-12-25;20;768
26;2025-12-25;21;499
26;2025-12-25;22;212
26;2025-12-25;23;133
26;2025-12-26;0;33
26;2025-12-26;1;1
26;2025-12-26;2;0
26;2025-12-26;3;0
26;2025-12-26;4;2
26;2025-12-26;5;95
26;2025-12-26;6;486
26;2025-12-26;7;1069
26;2025-12-26;8;2135
26;2025-12-26;9;1407
26;2025-12-26;10;1241
26;2025-12-26;11;1111
26;2025-12-26;12;1157
26;2025-12-26;13;1200
26;2025-12-26;14;1336
26;2025-12-26;15;1406
26;2025-12-26;16;1600
26;2025-12-26;17;1743
26;2025-12-26;18;1604
26;2025-12-26;19;1141
26;2025-12-26;20;719
26;2025-12-26;21;479
26;2025-12-26;22;207
26;2025-12-26;23;150
26;2025-12-27;0;48
26;2025-12-27;1;1
26;2025-12-27;2;0
26;2025-12-27;3;0
26;2025-12-27;4;2
26;2025-12-27;5;54
26;2025-12-27;6;265
26;2025-12-27;7;374
26;2025-12-27;8;646
26;2025-12-27;9;701
26;2025-12-27;10;846
26;2025-12-27;11;1017
26;2025-12-27;12;1097
26;2025-12-27;13;1103
26;2025-12-27;14;1111
26;2025-12-27;15;1018
26;2025-12-27;16;1062
26;2025-12-27;17;987
26;2025-12-27;18;904
26;2025-12-27;19;809
26;2025-12-27;20;551
26;2025-12-27;21;368
26;2025-12-27;22;216
26;2025-12-27;23;165
26;2025-12-28;0;50
26;2025-12-28;1;4
26;2025-12-28;2;0
26;2025-12-28;3;0
26;2025-12-28;4;2
26;2025-12-28;5;25
26;2025-12-28;6;156
26;2025-12-28;7;259
26;2025-12-28;8;388
26;2025-12-28;9;528
26;2025-12-28;10;582
26;2025-12-28;11;806
26;2025-12-28;12;847
26;2025-12-28;13;892
26;2025-12-28;14;881
26;2025-12-28;15;808
26;2025-12-28;16;782
26;2025-12-28;17;797
26;2025-12-28;18;721
26;2025-12-28;19;543
26;2025-12-28;20;407
26;2025-12-28;21;286
26;2025-12-28;22;174
26;2025-12-28;23;115
26;2025-12-29;0;27
26;2025-12-29;1;1
26;2025-12-29;2;0
26;2025-12-29;3;0
26;2025-12-29;4;2
26;2025-12-29;5;84
26;2025-12-29;6;433
26;2025-12-29;7;980
26;2025-12-29;8;1944
26;2025-12-29;9;1282
26;2025-12-29;10;1119
26;2025-12-29;11;996
26;2025-12-29;12;1030
26;2025-12-29;13;1080
26;2025-12-29;14;1162
26;2025-12-29;15;1245
26;2025-12-29;16;1372
26;2025-12-29;17;1569
26;2025-12-29;18;1670
26;2025-12-29;19;1114
26;2025-12-29;20;672
26;2025-12-29;21;420
26;2025-12-29;22;173
26;2025-12-29;23;104
26;2025-12-30;0;27
26;2025-12-30;1;1
26;2025-12-30;2;0
26;2025-12-30;3;0
26;2025-12-30;4;2
26;2025-12-30;5;84
26;2025-12-30;6;432
26;2025-12-30;7;980
26;2025-12-30;8;1955
26;2025-12-30;9;1292
26;2025-12-30;10;1125
26;2025-12-30;11;1022
26;2025-12-30;12;1048
26;2025-12-30;13;1067
26;2025-12-30;14;1176
26;2025-12-30;15;1242
26;2025-12-30;16;1371
26;2025-12-30;17;1569
26;2025-12-30;18;1651
26;2025-12-30;19;1127
26;2025-12-30;20;684
26;2025-12-30;21;425
26;2025-12-30;22;178
26;2025-12-30;23;107
26;2025-12-31;0;43
26;2025-12-31;1;3
26;2025-12-31;2;0
26;2025-12-31;3;0
26;2025-12-31;4;1
26;2025-12-31;5;23
26;2025-12-31;6;135
26;2025-12-31;7;225
26;2025-12-31;8;332
26;2025-12-31;9;457
26;2025-12-31;10;498
26;2025-12-31;11;687
26;2025-12-31;12;724
26;2025-12-31;13;763
26;2025-12-31;14;759
26;2025-12-31;15;689
26;2025-12-31;16;657
26;2025-12-31;17;671
26;2025-12-31;18;622
26;2025-12-31;19;469
26;2025-12-31;20;0
26;2025-12-31;21;0
26;2025-12-31;22;0
26;2025-12-31;23;0
28;2025-11-01;0;0
28;2025-11-01;1;0
28;2025-11-01;2;0
28;2025-11-01;3;0
28;2025-11-01;4;1
28;2025-11-01;5;68
28;2025-11-01;6;234
28;2025-11-01;7;729
28;2025-11-01;8;1145
28;2025-11-01;9;754
28;2025-11-01;10;580
28;2025-11-01;11;523
28;2025-11-01;12;666
28;2025-11-01;13;663
28;2025-11-01;14;634
28;2025-11-01;15;653
28;2025-11-01;16;822
28;2025-11-01;17;948
28;2025-11-01;18;893
28;2025-11-01;19;653
28;2025-11-01;20;448
28;2025-11-01;21;286
28;2025-11-01;22;105
28;2025-11-01;23;9
28;2025-11-02;0;0
28;2025-11-02;1;0
28;2025-11-02;2;0
28;2025-11-02;3;0
28;2025-11-02;4;0
28;2025-11-02;5;28
28;2025-11-02;6;75
28;2025-11-02;7;162
28;2025-11-02;8;270
28;2025-11-02;9;335
28;2025-11-02;10;392
28;2025-11-02;11;439
28;2025-11-02;12;463
28;2025-11-02;13;526
28;2025-11-02;14;528
28;2025-11-02;15;519
28;2025-11-02;16;485
28;2025-11-02;17;501
28;2025-11-02;18;442
28;2025-11-02;19;370
28;2025-11-02;20;286
28;2025-11-02;21;238
28;2025-11-02;22;105
28;2025-11-02;23;10
28;2025-11-03;0;0
28;2025-11-03;1;0
28;2025-11-03;2;0
28;2025-11-03;3;0
28;2025-11-03;4;0
28;2025-11-03;5;27
28;2025-11-03;6;71
28;2025-11-03;7;152
28;2025-11-03;8;251
28;2025-11-03;9;311
28;2025-11-03;10;359
28;2025-11-03;11;397
28;2025-11-03;12;417
28;2025-11-03;13;479
28;2025-11-03;14;475
28;2025-11-03;15;466
28;2025-11-03;16;436
28;2025-11-03;17;457
28;2025-11-03;18;406
28;2025-11-03;19;343
28;2025-11-03;20;266
28;2025-11-03;21;220
28;2025-11-03;22;95
28;2025-11-03;23;10
28;2025-11-04;0;0
28;2025-11-04;1;0
28;2025-11-04;2;0
28;2025-11-04;3;0
28;2025-11-04;4;0
28;2025-11-04;5;26
28;2025-11-04;6;67
28;2025-11-04;7;151
28;2025-11-04;8;241
28;2025-11-04;9;300
28;2025-11-04;10;352
28;2025-11-04;11;390
28;2025-11-04;12;406
28;2025-11-04;13;473
28;2025-11-04;14;471
28;2025-11-04;15;463
28;2025-11-04;16;419
28;2025-11-04;17;447
28;2025-11-04;18;397
28;2025-11-04;19;338
28;2025-11-04;20;259
28;2025-11-04;21;216
28;2025-11-04;22;96
28;2025-11-04;23;9
28;2025-11-05;0;0
28;2025-11-05;1;0
28;2025-11-05;2;0
28;2025-11-05;3;0
28;2025-11-05;4;1
28;2025-11-05;5;76
28;2025-11-05;6;255
28;2025-11-05;7;779
28;2025-11-05;8;1242
28;2025-11-05;9;815
28;2025-11-05;10;621
28;2025-11-05;11;566
28;2025-11-05;12;721
28;2025-11-05;13;715
28;2025-11-05;14;673
28;2025-11-05;15;694
28;2025-11-05;16;897
28;2025-11-05;17;1035
28;2025-11-05;18;995
28;2025-11-05;19;724
28;2025-11-05;20;494
28;2025-11-05;21;314
28;2025-11-05;22;118
28;2025-11-05;23;12
28;2025-11-06;0;0
28;2025-11-06;1;0
28;2025-11-06;2;0
28;2025-11-06;3;0
28;2025-11-06;4;1
28;2025-11-06;5;76
28;2025-11-06;6;260
28;2025-11-06;7;799
28;2025-11-06;8;1257
28;2025-11-06;9;826
28;2025-11-06;10;630
28;2025-11-06;11;564
28;2025-11-06;12;719
28;2025-11-06;13;710
28;2025-11-06;14;678
28;2025-11-06;15;702
28;2025-11-06;16;892
28;2025-11-06;17;1049
28;2025-11-06;18;1010
28;2025-11-06;19;724
28;2025-11-06;20;498
28;2025-11-06;21;321
28;2025-11-06;22;119
28;2025-11-06;23;11
28;2025-11-07;0;0
28;2025-11-07;1;0
28;2025-11-07;2;0
28;2025-11-07;3;0
28;2025-11-07;4;1
28;2025-11-07;5;77
28;2025-11-07;6;257
28;2025-11-07;7;785
28;2025-11-07;8;1237
28;2025-11-07;9;807
28;2025-11-07;10;623
28;2025-11-07;11;566
28;2025-11-07;12;725
28;2025-11-07;13;711
28;2025-11-07;14;691
28;2025-11-07;15;718
28;2025-11-07;16;907
28;2025-11-07;17;1008
28;2025-11-07;18;912
28;2025-11-07;19;678
28;2025-11-07;20;471
28;2025-11-07;21;324
28;2025-11-07;22;119
28;2025-11-07;23;15
28;2025-11-08;0;2
28;2025-11-08;1;0
28;2025-11-08;2;0
28;2025-11-08;3;0
28;2025-11-08;4;1
28;2025-11-08;5;37
28;2025-11-08;6;103
28;2025-11-08;7;237
28;2025-11-08;8;415
28;2025-11-08;9;474
28;2025-11-08;10;502
28;2025-11-08;11;507
28;2025-11-08;12;600
28;2025-11-08;13;604
28;2025-11-08;14;566
28;2025-11-08;15;605
28;2025-11-08;16;577
28;2025-11-08;17;579
28;2025-11-08;18;507
28;2025-11-08;19;401
28;2025-11-08;20;301
28;2025-11-08;21;263
28;2025-11-08;22;121
28;2025-11-08;23;17
28;2025-11-09;0;0
28;2025-11-09;1;0
28;2025-11-09;2;0
28;2025-11-09;3;0
28;2025-11-09;4;0
28;2025-11-09;5;29
28;2025-11-09;6;74
28;2025-11-09;7;162
28;2025-11-09;8;267
28;2025-11-09;9;334
28;2025-11-09;10;388
28;2025-11-09;11;435
28;2025-11-09;12;458
28;2025-11-09;13;526
28;2025-11-09;14;524
28;2025-11-09;15;518
28;2025-11-09;16;480
28;2025-11-09;17;497
28;2025-11-09;18;436
28;2025-11-09;19;370
28;2025-11-09;20;286
28;2025-11-09;21;239
28;2025-11-09;22;106
28;2025-11-09;23;10
28;2025-11-10;0;0
28;2025-11-10;1;0
28;2025-11-10;2;0
28;2025-11-10;3;0
28;2025-11-10;4;1
28;2025-11-10;5;76
28;2025-11-10;6;258
28;2025-11-10;7;798
28;2025-11-10;8;1273
28;2025-11-10;9;833
28;2025-11-10;10;634
28;2025-11-10;11;563
28;2025-11-10;12;722
28;2025-11-10;13;705
28;2025-11-10;14;673
28;2025-11-10;15;685
28;2025-11-10;16;895
28;2025-11-10;17;1047
28;2025-11-10;18;994
28;2025-11-10;19;722
28;2025-11-10;20;486
28;2025-11-10;21;311
28;2025-11-10;22;109
28;2025-11-10;23;9
28;2025-11-11;0;0
28;2025-11-11;1;0
28;2025-11-11;2;0
28;2025-11-11;3;0
28;2025-11-11;4;1
28;2025-11-11;5;75
28;2025-11-11;6;257
28;2025-11-11;7;812
28;2025-11-11;8;1287
28;2025-11-11;9;836
28;2025-11-11;10;652
28;2025-11-11;11;580
28;2025-11-11;12;731
28;2025-11-11;13;722
28;2025-11-11;14;692
28;2025-11-11;15;706
28;2025-11-11;16;890
28;2025-11-11;17;1060
28;2025-11-11;18;1009
28;2025-11-11;19;731
28;2025-11-11;20;495
28;2025-11-11;21;321
28;2025-11-11;22;119
28;2025-11-11;23;12
28;2025-11-12;0;0
28;2025-11-12;1;0
28;2025-11-12;2;0
28;2025-11-12;3;0
28;2025-11-12;4;1
28;2025-11-12;5;77
28;2025-11-12;6;258
28;2025-11-12;7;788
28;2025-11-12;8;1259
28;2025-11-12;9;827
28;2025-11-12;10;632
28;2025-11-12;11;574
28;2025-11-12;12;730
28;2025-11-12;13;724
28;2025-11-12;14;681
28;2025-11-12;15;701
28;2025-11-12;16;908
28;2025-11-12;17;1048
28;2025-11-12;18;1004
28;2025-11-12;19;731
28;2025-11-12;20;497
28;2025-11-12;21;319
28;2025-11-12;22;120
28;2025-11-12;23;14
28;2025-11-13;0;0
28;2025-11-13;1;0
28;2025-11-13;2;0
28;2025-11-13;3;0
28;2025-11-13;4;1
28;2025-11-13;5;78
28;2025-11-13;6;265
28;2025-11-13;7;809
28;2025-11-13;8;1275
28;2025-11-13;9;842
28;2025-11-13;10;643
28;2025-11-13;11;574
28;2025-11-13;12;731
28;2025-11-13;13;724
28;2025-11-13;14;690
28;2025-11-13;15;714
28;2025-11-13;16;907
28;2025-11-13;17;1067
28;2025-11-13;18;1025
28;2025-11-13;19;734
28;2025-11-13;20;506
28;2025-11-13;21;327
28;2025-11-13;22;122
28;2025-11-13;23;13
28;2025-11-14;0;0
28;2025-11-14;1;0
28;2025-11-14;2;0
28;2025-11-14;3;0
28;2025-11-14;4;1
28;2025-11-14;5;77
28;2025-11-14;6;258
28;2025-11-14;7;793
28;2025-11-14;8;1253
28;2025-11-14;9;820
28;2025-11-14;10;634
28;2025-11-14;11;573
28;2025-11-14;12;734
28;2025-11-14;13;720
28;2025-11-14;14;697
28;2025-11-14;15;726
28;2025-11-14;16;919
28;2025-11-14;17;1020
28;2025-11-14;18;919
28;2025-11-14;19;685
28;2025-11-14;20;475
28;2025-11-14;21;326
28;2025-11-14;22;120
28;2025-11-14;23;13
28;2025-11-15;0;4
28;2025-11-15;1;0
28;2025-11-15;2;0
28;2025-11-15;3;0
28;2025-11-15;4;1
28;2025-11-15;5;33
28;2025-11-15;6;99
28;2025-11-15;7;229
28;2025-11-15;8;401
28;2025-11-15;9;459
28;2025-11-15;10;484
28;2025-11-15;11;489
28;2025-11-15;12;579
28;2025-11-15;13;586
28;2025-11-15;14;545
28;2025-11-15;15;583
28;2025-11-15;16;559
28;2025-11-15;17;564
28;2025-11-15;18;491
28;2025-11-15;19;385
28;2025-11-15;20;289
28;2025-11-15;21;255
28;2025-11-15;22;117
28;2025-11-15;23;17
28;2025-11-16;0;0
28;2025-11-16;1;0
28;2025-11-16;2;0
28;2025-11-16;3;0
28;2025-11-16;4;0
28;2025-11-16;5;29
28;2025-11-16;6;74
28;2025-11-16;7;162
28;2025-11-16;8;266
28;2025-11-16;9;336
28;2025-11-16;10;392
28;2025-11-16;11;438
28;2025-11-16;12;462
28;2025-11-16;13;531
28;2025-11-16;14;527
28;2025-11-16;15;520
28;2025-11-16;16;482
28;2025-11-16;17;501
28;2025-11-16;18;442
28;2025-11-16;19;372
28;2025-11-16;20;288
28;2025-11-16;21;241
28;2025-11-16;22;107
28;2025-11-16;23;10
28;2025-11-17;0;0
28;2025-11-17;1;0
28;2025-11-17;2;0
28;2025-11-17;3;0
28;2025-11-17;4;1
28;2025-11-17;5;75
28;2025-11-17;6;255
28;2025-11-17;7;786
28;2025-11-17;8;1252
28;2025-11-17;9;824
28;2025-11-17;10;630
28;2025-11-17;11;560
28;2025-11-17;12;713
28;2025-11-17;13;695
28;2025-11-17;14;662
28;2025-11-17;15;674
28;2025-11-17;16;881
28;2025-11-17;17;1035
28;2025-11-17;18;980
28;2025-11-17;19;713
28;2025-11-17;20;479
28;2025-11-17;21;309
28;2025-11-17;22;109
28;2025-11-17;23;10
28;2025-11-18;0;0
28;2025-11-18;1;0
28;2025-11-18;2;0
28;2025-11-18;3;0
28;2025-11-18;4;2
28;2025-11-18;5;73
28;2025-11-18;6;251
28;2025-11-18;7;787
28;2025-11-18;8;1238
28;2025-11-18;9;811
28;2025-11-18;10;633
28;2025-11-18;11;564
28;2025-11-18;12;704
28;2025-11-18;13;694
28;2025-11-18;14;667
28;2025-11-18;15;680
28;2025-11-18;16;858
28;2025-11-18;17;1026
28;2025-11-18;18;976
28;2025-11-18;19;708
28;2025-11-18;20;480
28;2025-11-18;21;313
28;2025-11-18;22;117
28;2025-11-18;23;11
28;2025-11-19;0;0
28;2025-11-19;1;0
28;2025-11-19;2;0
28;2025-11-19;3;0
28;2025-11-19;4;1
28;2025-11-19;5;77
28;2025-11-19;6;260
28;2025-11-19;7;794
28;2025-11-19;8;1268
28;2025-11-19;9;838
28;2025-11-19;10;640
28;2025-11-19;11;579
28;2025-11-19;12;740
28;2025-11-19;13;735
28;2025-11-19;14;688
28;2025-11-19;15;708
28;2025-11-19;16;915
28;2025-11-19;17;1060
28;2025-11-19;18;1013
28;2025-11-19;19;739
28;2025-11-19;20;501
28;2025-11-19;21;322
28;2025-11-19;22;121
28;2025-11-19;23;13
28;2025-11-20;0;0
28;2025-11-20;1;0
28;2025-11-20;2;0
28;2025-11-20;3;0
28;2025-11-20;4;1
28;2025-11-20;5;78
28;2025-11-20;6;263
28;2025-11-20;7;814
28;2025-11-20;8;1281
28;2025-11-20;9;848
28;2025-11-20;10;648
28;2025-11-20;11;579
28;2025-11-20;12;736
28;2025-11-20;13;729
28;2025-11-20;14;693
28;2025-11-20;15;717
28;2025-11-20;16;910
28;2025-11-20;17;1074
28;2025-11-20;18;1029
28;2025-11-20;19;738
28;2025-11-20;20;507
28;2025-11-20;21;327
28;2025-11-20;22;122
28;2025-11-20;23;13
28;2025-11-21;0;0
28;2025-11-21;1;0
28;2025-11-21;2;0
28;2025-11-21;3;0
28;2025-11-21;4;1
28;2025-11-21;5;78
28;2025-11-21;6;258
28;2025-11-21;7;794
28;2025-11-21;8;1257
28;2025-11-21;9;825
28;2025-11-21;10;640
28;2025-11-21;11;576
28;2025-11-21;12;737
28;2025-11-21;13;724
28;2025-11-21;14;701
28;2025-11-21;15;728
28;2025-11-21;16;920
28;2025-11-21;17;1026
28;2025-11-21;18;922
28;2025-11-21;19;687
28;2025-11-21;20;474
28;2025-11-21;21;328
28;2025-11-21;22;121
28;2025-11-21;23;15
28;2025-11-22;0;2
28;2025-11-22;1;0
28;2025-11-22;2;0
28;2025-11-22;3;0
28;2025-11-22;4;1
28;2025-11-22;5;35
28;2025-11-22;6;100
28;2025-11-22;7;231
28;2025-11-22;8;406
28;2025-11-22;9;468
28;2025-11-22;10;494
28;2025-11-22;11;498
28;2025-11-22;12;591
28;2025-11-22;13;597
28;2025-11-22;14;557
28;2025-11-22;15;593
28;2025-11-22;16;571
28;2025-11-22;17;575
28;2025-11-22;18;501
28;2025-11-22;19;393
28;2025-11-22;20;296
28;2025-11-22;21;261
28;2025-11-22;22;118
28;2025-11-22;23;17
28;2025-11-23;0;0
28;2025-11-23;1;0
28;2025-11-23;2;0
28;2025-11-23;3;0
28;2025-11-23;4;0
28;2025-11-23;5;28
28;2025-11-23;6;72
28;2025-11-23;7;160
28;2025-11-23;8;265
28;2025-11-23;9;334
28;2025-11-23;10;390
28;2025-11-23;11;436
28;2025-11-23;12;460
28;2025-11-23;13;531
28;2025-11-23;14;525
28;2025-11-23;15;518
28;2025-11-23;16;480
28;2025-11-23;17;500
28;2025-11-23;18;440
28;2025-11-23;19;369
28;2025-11-23;20;286
28;2025-11-23;21;242
28;2025-11-23;22;106
28;2025-11-23;23;10
28;2025-11-24;0;0
28;2025-11-24;1;0
28;2025-11-24;2;0
28;2025-11-24;3;0
28;2025-11-24;4;1
28;2025-11-24;5;73
28;2025-11-24;6;250
28;2025-11-24;7;772
28;2025-11-24;8;1227
28;2025-11-24;9;811
28;2025-11-24;10;619
28;2025-11-24;11;548
28;2025-11-24;12;698
28;2025-11-24;13;682
28;2025-11-24;14;650
28;2025-11-24;15;660
28;2025-11-24;16;864
28;2025-11-24;17;1015
28;2025-11-24;18;963
28;2025-11-24;19;700
28;2025-11-24;20;471
28;2025-11-24;21;303
28;2025-11-24;22;106
28;2025-11-24;23;11
28;2025-11-25;0;0
28;2025-11-25;1;0
28;2025-11-25;2;0
28;2025-11-25;3;0
28;2025-11-25;4;1
28;2025-11-25;5;75
28;2025-11-25;6;255
28;2025-11-25;7;812
28;2025-11-25;8;1285
28;2025-11-25;9;843
28;2025-11-25;10;656
28;2025-11-25;11;580
28;2025-11-25;12;732
28;2025-11-25;13;724
28;2025-11-25;14;693
28;2025-11-25;15;706
28;2025-11-25;16;889
28;2025-11-25;17;1063
28;2025-11-25;18;1009
28;2025-11-25;19;733
28;2025-11-25;20;495
28;2025-11-25;21;323
28;2025-11-25;22;121
28;2025-11-25;23;14
28;2025-11-26;0;0
28;2025-11-26;1;0
28;2025-11-26;2;0
28;2025-11-26;3;0
28;2025-11-26;4;1
28;2025-11-26;5;75
28;2025-11-26;6;254
28;2025-11-26;7;777
28;2025-11-26;8;1242
28;2025-11-26;9;824
28;2025-11-26;10;628
28;2025-11-26;11;566
28;2025-11-26;12;723
28;2025-11-26;13;715
28;2025-11-26;14;673
28;2025-11-26;15;692
28;2025-11-26;16;894
28;2025-11-26;17;1036
28;2025-11-26;18;990
28;2025-11-26;19;722
28;2025-11-26;20;489
28;2025-11-26;21;315
28;2025-11-26;22;119
28;2025-11-26;23;13
28;2025-11-27;0;0
28;2025-11-27;1;0
28;2025-11-27;2;0
28;2025-11-27;3;0
28;2025-11-27;4;1
28;2025-11-27;5;77
28;2025-11-27;6;259
28;2025-11-27;7;799
28;2025-11-27;8;1255
28;2025-11-27;9;836
28;2025-11-27;10;638
28;2025-11-27;11;568
28;2025-11-27;12;720
28;2025-11-27;13;712
28;2025-11-27;14;676
28;2025-11-27;15;700
28;2025-11-27;16;889
28;2025-11-27;17;1051
28;2025-11-27;18;1009
28;2025-11-27;19;721
28;2025-11-27;20;498
28;2025-11-27;21;321
28;2025-11-27;22;121
28;2025-11-27;23;12
28;2025-11-28;0;0
28;2025-11-28;1;0
28;2025-11-28;2;0
28;2025-11-28;3;0
28;2025-11-28;4;2
28;2025-11-28;5;77
28;2025-11-28;6;257
28;2025-11-28;7;784
28;2025-11-28;8;1238
28;2025-11-28;9;817
28;2025-11-28;10;631
28;2025-11-28;11;571
28;2025-11-28;12;726
28;2025-11-28;13;710
28;2025-11-28;14;689
28;2025-11-28;15;718
28;2025-11-28;16;906
28;2025-11-28;17;1013
28;2025-11-28;18;910
28;2025-11-28;19;679
28;2025-11-28;20;470
28;2025-11-28;21;324
28;2025-11-28;22;121
28;2025-11-28;23;16
28;2025-11-29;0;4
28;2025-11-29;1;0
28;2025-11-29;2;0
28;2025-11-29;3;0
28;2025-11-29;4;1
28;2025-11-29;5;36
28;2025-11-29;6;102
28;2025-11-29;7;235
28;2025-11-29;8;416
28;2025-11-29;9;481
28;2025-11-29;10;508
28;2025-11-29;11;512
28;2025-11-29;12;606
28;2025-11-29;13;615
28;2025-11-29;14;571
28;2025-11-29;15;607
28;2025-11-29;16;584
28;2025-11-29;17;587
28;2025-11-29;18;512
28;2025-11-29;19;401
28;2025-11-29;20;302
28;2025-11-29;21;269
28;2025-11-29;22;121
28;2025-11-29;23;19
28;2025-11-30;0;0
28;2025-11-30;1;0
28;2025-11-30;2;0
28;2025-11-30;3;0
28;2025-11-30;4;0
28;2025-11-30;5;27
28;2025-11-30;6;72
28;2025-11-30;7;160
28;2025-11-30;8;263
28;2025-11-30;9;335
28;2025-11-30;10;390
28;2025-11-30;11;435
28;2025-11-30;12;457
28;2025-11-30;13;530
28;2025-11-30;14;524
28;2025-11-30;15;517
28;2025-11-30;16;481
28;2025-11-30;17;499
28;2025-11-30;18;438
28;2025-11-30;19;369
28;2025-11-30;20;287
28;2025-11-30;21;240
28;2025-11-30;22;106
28;2025-11-30;23;11
28;2025-12-01;0;0
28;2025-12-01;1;0
28;2025-12-01;2;0
28;2025-12-01;3;0
28;2025-12-01;4;2
28;2025-12-01;5;79
28;2025-12-01;6;264
28;2025-12-01;7;813
28;2025-12-01;8;1297
28;2025-12-01;9;861
28;2025-12-01;10;655
28;2025-12-01;11;580
28;2025-12-01;12;737
28;2025-12-01;13;723
28;2025-12-01;14;688
28;2025-12-01;15;699
28;2025-12-01;16;913
28;2025-12-01;17;1075
28;2025-12-01;18;1013
28;2025-12-01;19;736
28;2025-12-01;20;497
28;2025-12-01;21;319
28;2025-12-01;22;112
28;2025-12-01;23;12
28;2025-12-02;0;0
28;2025-12-02;1;0
28;2025-12-02;2;0
28;2025-12-02;3;0
28;2025-12-02;4;1
28;2025-12-02;5;76
28;2025-12-02;6;263
28;2025-12-02;7;829
28;2025-12-02;8;1312
28;2025-12-02;9;864
28;2025-12-02;10;673
28;2025-12-02;11;596
28;2025-12-02;12;746
28;2025-12-02;13;740
28;2025-12-02;14;707
28;2025-12-02;15;723
28;2025-12-02;16;905
28;2025-12-02;17;1085
28;2025-12-02;18;1028
28;2025-12-02;19;746
28;2025-12-02;20;507
28;2025-12-02;21;331
28;2025-12-02;22;126
28;2025-12-02;23;14
28;2025-12-03;0;0
28;2025-12-03;1;0
28;2025-12-03;2;0
28;2025-12-03;3;0
28;2025-12-03;4;1
28;2025-12-03;5;81
28;2025-12-03;6;267
28;2025-12-03;7;811
28;2025-12-03;8;1295
28;2025-12-03;9;864
28;2025-12-03;10;658
28;2025-12-03;11;595
28;2025-12-03;12;755
28;2025-12-03;13;751
28;2025-12-03;14;703
28;2025-12-03;15;724
28;2025-12-03;16;934
28;2025-12-03;17;1085
28;2025-12-03;18;1034
28;2025-12-03;19;753
28;2025-12-03;20;514
28;2025-12-03;21;330
28;2025-12-03;22;125
28;2025-12-03;23;15
28;2025-12-04;0;0
28;2025-12-04;1;0
28;2025-12-04;2;0
28;2025-12-04;3;0
28;2025-12-04;4;1
28;2025-12-04;5;80
28;2025-12-04;6;270
28;2025-12-04;7;831
28;2025-12-04;8;1308
28;2025-12-04;9;872
28;2025-12-04;10;664
28;2025-12-04;11;591
28;2025-12-04;12;749
28;2025-12-04;13;744
28;2025-12-04;14;706
28;2025-12-04;15;732
28;2025-12-04;16;926
28;2025-12-04;17;1096
28;2025-12-04;18;1050
28;2025-12-04;19;734
28;2025-12-04;20;521
28;2025-12-04;21;337
28;2025-12-04;22;127
28;2025-12-04;23;13
28;2025-12-05;0;0
28;2025-12-05;1;0
28;2025-12-05;2;0
28;2025-12-05;3;0
28;2025-12-05;4;1
28;2025-12-05;5;79
28;2025-12-05;6;267
28;2025-12-05;7;815
28;2025-12-05;8;1286
28;2025-12-05;9;852
28;2025-12-05;10;658
28;2025-12-05;11;594
28;2025-12-05;12;752
28;2025-12-05;13;742
28;2025-12-05;14;717
28;2025-12-05;15;746
28;2025-12-05;16;940
28;2025-12-05;17;1051
28;2025-12-05;18;939
28;2025-12-05;19;702
28;2025-12-05;20;488
28;2025-12-05;21;337
28;2025-12-05;22;125
28;2025-12-05;23;17
28;2025-12-06;0;5
28;2025-12-06;1;0
28;2025-12-06;2;0
28;2025-12-06;3;0
28;2025-12-06;4;1
28;2025-12-06;5;37
28;2025-12-06;6;103
28;2025-12-06;7;235
28;2025-12-06;8;416
28;2025-12-06;9;481
28;2025-12-06;10;506
28;2025-12-06;11;512
28;2025-12-06;12;605
28;2025-12-06;13;616
28;2025-12-06;14;571
28;2025-12-06;15;606
28;2025-12-06;16;585
28;2025-12-06;17;590
28;2025-12-06;18;512
28;2025-12-06;19;403
28;2025-12-06;20;305
28;2025-12-06;21;269
28;2025-12-06;22;122
28;2025-12-06;23;18
28;2025-12-07;0;0
28;2025-12-07;1;0
28;2025-12-07;2;0
28;2025-12-07;3;0
28;2025-12-07;4;0
28;2025-12-07;5;28
28;2025-12-07;6;73
28;2025-12-07;7;160
28;2025-12-07;8;266
28;2025-12-07;9;340
28;2025-12-07;10;394
28;2025-12-07;11;440
28;2025-12-07;12;464
28;2025-12-07;13;537
28;2025-12-07;14;529
28;2025-12-07;15;521
28;2025-12-07;16;486
28;2025-12-07;17;507
28;2025-12-07;18;446
28;2025-12-07;19;374
28;2025-12-07;20;291
28;2025-12-07;21;244
28;2025-12-07;22;108
28;2025-12-07;23;11
28;2025-12-08;0;0
28;2025-12-08;1;0
28;2025-12-08;2;0
28;2025-12-08;3;0
28;2025-12-08;4;1
28;2025-12-08;5;79
28;2025-12-08;6;265
28;2025-12-08;7;813
28;2025-12-08;8;1294
28;2025-12-08;9;863
28;2025-12-08;10;657
28;2025-12-08;11;581
28;2025-12-08;12;735
28;2025-12-08;13;723
28;2025-12-08;14;687
28;2025-12-08;15;699
28;2025-12-08;16;909
28;2025-12-08;17;1074
28;2025-12-08;18;1012
28;2025-12-08;19;738
28;2025-12-08;20;497
28;2025-12-08;21;320
28;2025-12-08;22;114
28;2025-12-08;23;12
28;2025-12-09;0;0
28;2025-12-09;1;0
28;2025-12-09;2;0
28;2025-12-09;3;0
28;2025-12-09;4;1
28;2025-12-09;5;77
28;2025-12-09;6;261
28;2025-12-09;7;825
28;2025-12-09;8;1302
28;2025-12-09;9;862
28;2025-12-09;10;672
28;2025-12-09;11;592
28;2025-12-09;12;741
28;2025-12-09;13;737
28;2025-12-09;14;704
28;2025-12-09;15;718
28;2025-12-09;16;900
28;2025-12-09;17;1079
28;2025-12-09;18;1021
28;2025-12-09;19;743
28;2025-12-09;20;505
28;2025-12-09;21;330
28;2025-12-09;22;126
28;2025-12-09;23;15
28;2025-12-10;0;0
28;2025-12-10;1;0
28;2025-12-10;2;0
28;2025-12-10;3;0
28;2025-12-10;4;1
28;2025-12-10;5;78
28;2025-12-10;6;264
28;2025-12-10;7;802
28;2025-12-10;8;1278
28;2025-12-10;9;857
28;2025-12-10;10;653
28;2025-12-10;11;589
28;2025-12-10;12;746
28;2025-12-10;13;744
28;2025-12-10;14;695
28;2025-12-10;15;714
28;2025-12-10;16;922
28;2025-12-10;17;1070
28;2025-12-10;18;1021
28;2025-12-10;19;746
28;2025-12-10;20;509
28;2025-12-10;21;328
28;2025-12-10;22;127
28;2025-12-10;23;15
28;2025-12-11;0;0
28;2025-12-11;1;0
28;2025-12-11;2;0
28;2025-12-11;3;0
28;2025-12-11;4;1
28;2025-12-11;5;79
28;2025-12-11;6;265
28;2025-12-11;7;813
28;2025-12-11;8;1275
28;2025-12-11;9;856
28;2025-12-11;10;652
28;2025-12-11;11;580
28;2025-12-11;12;731
28;2025-12-11;13;727
28;2025-12-11;14;690
28;2025-12-11;15;717
28;2025-12-11;16;904
28;2025-12-11;17;1073
28;2025-12-11;18;1026
28;2025-12-11;19;735
28;2025-12-11;20;511
28;2025-12-11;21;329
28;2025-12-11;22;127
28;2025-12-11;23;12
28;2025-12-12;0;0
28;2025-12-12;1;0
28;2025-12-12;2;0
28;2025-12-12;3;0
28;2025-12-12;4;2
28;2025-12-12;5;80
28;2025-12-12;6;264
28;2025-12-12;7;797
28;2025-12-12;8;1253
28;2025-12-12;9;838
28;2025-12-12;10;649
28;2025-12-12;11;583
28;2025-12-12;12;735
28;2025-12-12;13;724
28;2025-12-12;14;700
28;2025-12-12;15;725
28;2025-12-12;16;913
28;2025-12-12;17;1022
28;2025-12-12;18;913
28;2025-12-12;19;685
28;2025-12-12;20;477
28;2025-12-12;21;330
28;2025-12-12;22;125
28;2025-12-12;23;17
28;2025-12-13;0;3
28;2025-12-13;1;0
28;2025-12-13;2;0
28;2025-12-13;3;0
28;2025-12-13;4;1
28;2025-12-13;5;36
28;2025-12-13;6;100
28;2025-12-13;7;231
28;2025-12-13;8;409
28;2025-12-13;9;476
28;2025-12-13;10;505
28;2025-12-13;11;507
28;2025-12-13;12;602
28;2025-12-13;13;613
28;2025-12-13;14;566
28;2025-12-13;15;600
28;2025-12-13;16;581
28;2025-12-13;17;587
28;2025-12-13;18;509
28;2025-12-13;19;399
28;2025-12-13;20;300
28;2025-12-13;21;267
28;2025-12-13;22;123
28;2025-12-13;23;19
28;2025-12-14;0;0
28;2025-12-14;1;0
28;2025-12-14;2;0
28;2025-12-14;3;0
28;2025-12-14;4;0
28;2025-12-14;5;28
28;2025-12-14;6;74
28;2025-12-14;7;158
28;2025-12-14;8;260
28;2025-12-14;9;337
28;2025-12-14;10;391
28;2025-12-14;11;435
28;2025-12-14;12;460
28;2025-12-14;13;535
28;2025-12-14;14;523
28;2025-12-14;15;516
28;2025-12-14;16;483
28;2025-12-14;17;504
28;2025-12-14;18;443
28;2025-12-14;19;372
28;2025-12-14;20;288
28;2025-12-14;21;243
28;2025-12-14;22;107
28;2025-12-14;23;12
28;2025-12-15;0;0
28;2025-12-15;1;0
28;2025-12-15;2;0
28;2025-12-15;3;0
28;2025-12-15;4;1
28;2025-12-15;5;78
28;2025-12-15;6;265
28;2025-12-15;7;811
28;2025-12-15;8;1287
28;2025-12-15;9;862
28;2025-12-15;10;659
28;2025-12-15;11;579
28;2025-12-15;12;734
28;2025-12-15;13;721
28;2025-12-15;14;681
28;2025-12-15;15;696
28;2025-12-15;16;905
28;2025-12-15;17;1072
28;2025-12-15;18;1010
28;2025-12-15;19;737
28;2025-12-15;20;498
28;2025-12-15;21;321
28;2025-12-15;22;117
28;2025-12-15;23;12
28;2025-12-16;0;0
28;2025-12-16;1;0
28;2025-12-16;2;0
28;2025-12-16;3;0
28;2025-12-16;4;1
28;2025-12-16;5;77
28;2025-12-16;6;263
28;2025-12-16;7;825
28;2025-12-16;8;1299
28;2025-12-16;9;865
28;2025-12-16;10;676
28;2025-12-16;11;598
28;2025-12-16;12;739
28;2025-12-16;13;735
28;2025-12-16;14;700
28;2025-12-16;15;715
28;2025-12-16;16;899
28;2025-12-16;17;1080
28;2025-12-16;18;1022
28;2025-12-16;19;745
28;2025-12-16;20;507
28;2025-12-16;21;332
28;2025-12-16;22;127
28;2025-12-16;23;15
28;2025-12-17;0;0
28;2025-12-17;1;0
28;2025-12-17;2;0
28;2025-12-17;3;0
28;2025-12-17;4;1
28;2025-12-17;5;81
28;2025-12-17;6;268
28;2025-12-17;7;808
28;2025-12-17;8;1286
28;2025-12-17;9;864
28;2025-12-17;10;660
28;2025-12-17;11;594
28;2025-12-17;12;748
28;2025-12-17;13;748
28;2025-12-17;14;701
28;2025-12-17;15;721
28;2025-12-17;16;926
28;2025-12-17;17;1080
28;2025-12-17;18;1029
28;2025-12-17;19;752
28;2025-12-17;20;516
28;2025-12-17;21;330
28;2025-12-17;22;128
28;2025-12-17;23;15
28;2025-12-18;0;0
28;2025-12-18;1;0
28;2025-12-18;2;0
28;2025-12-18;3;0
28;2025-12-18;4;1
28;2025-12-18;5;81
28;2025-12-18;6;271
28;2025-12-18;7;825
28;2025-12-18;8;1294
28;2025-12-18;9;871
28;2025-12-18;10;663
28;2025-12-18;11;590
28;2025-12-18;12;741
28;2025-12-18;13;741
28;2025-12-18;14;701
28;2025-12-18;15;727
28;2025-12-18;16;917
28;2025-12-18;17;1091
28;2025-12-18;18;1041
28;2025-12-18;19;751
28;2025-12-18;20;520
28;2025-12-18;21;336
28;2025-12-18;22;130
28;2025-12-18;23;14
28;2025-12-19;0;0
28;2025-12-19;1;0
28;2025-12-19;2;0
28;2025-12-19;3;0
28;2025-12-19;4;1
28;2025-12-19;5;81
28;2025-12-19;6;268
28;2025-12-19;7;810
28;2025-12-19;8;1276
28;2025-12-19;9;851
28;2025-12-19;10;658
28;2025-12-19;11;591
28;2025-12-19;12;746
28;2025-12-19;13;738
28;2025-12-19;14;711
28;2025-12-19;15;743
28;2025-12-19;16;934
28;2025-12-19;17;1045
28;2025-12-19;18;934
28;2025-12-19;19;699
28;2025-12-19;20;487
28;2025-12-19;21;336
28;2025-12-19;22;129
28;2025-12-19;23;16
28;2025-12-20;0;5
28;2025-12-20;1;0
28;2025-12-20;2;0
28;2025-12-20;3;0
28;2025-12-20;4;1
28;2025-12-20;5;35
28;2025-12-20;6;102
28;2025-12-20;7;232
28;2025-12-20;8;412
28;2025-12-20;9;481
28;2025-12-20;10;506
28;2025-12-20;11;510
28;2025-12-20;12;604
28;2025-12-20;13;616
28;2025-12-20;14;568
28;2025-12-20;15;604
28;2025-12-20;16;584
28;2025-12-20;17;589
28;2025-12-20;18;512
28;2025-12-20;19;402
28;2025-12-20;20;303
28;2025-12-20;21;270
28;2025-12-20;22;122
28;2025-12-20;23;18
28;2025-12-21;0;0
28;2025-12-21;1;0
28;2025-12-21;2;0
28;2025-12-21;3;0
28;2025-12-21;4;0
28;2025-12-21;5;28
28;2025-12-21;6;73
28;2025-12-21;7;157
28;2025-12-21;8;258
28;2025-12-21;9;336
28;2025-12-21;10;389
28;2025-12-21;11;434
28;2025-12-21;12;458
28;2025-12-21;13;531
28;2025-12-21;14;522
28;2025-12-21;15;515
28;2025-12-21;16;482
28;2025-12-21;17;502
28;2025-12-21;18;442
28;2025-12-21;19;370
28;2025-12-21;20;288
28;2025-12-21;21;242
28;2025-12-21;22;107
28;2025-12-21;23;11
28;2025-12-22;0;0
28;2025-12-22;1;0
28;2025-12-22;2;0
28;2025-12-22;3;0
28;2025-12-22;4;2
28;2025-12-22;5;79
28;2025-12-22;6;260
28;2025-12-22;7;799
28;2025-12-22;8;1263
28;2025-12-22;9;850
28;2025-12-22;10;647
28;2025-12-22;11;571
28;2025-12-22;12;718
28;2025-12-22;13;709
28;2025-12-22;14;672
28;2025-12-22;15;684
28;2025-12-22;16;890
28;2025-12-22;17;1053
28;2025-12-22;18;989
28;2025-12-22;19;723
28;2025-12-22;20;490
28;2025-12-22;21;314
28;2025-12-22;22;114
28;2025-12-22;23;11
28;2025-12-23;0;0
28;2025-12-23;1;0
28;2025-12-23;2;0
28;2025-12-23;3;0
28;2025-12-23;4;1
28;2025-12-23;5;77
28;2025-12-23;6;265
28;2025-12-23;7;824
28;2025-12-23;8;1290
28;2025-12-23;9;864
28;2025-12-23;10;677
28;2025-12-23;11;589
28;2025-12-23;12;738
28;2025-12-23;13;740
28;2025-12-23;14;699
28;2025-12-23;15;716
28;2025-12-23;16;896
28;2025-12-23;17;1081
28;2025-12-23;18;1020
28;2025-12-23;19;744
28;2025-12-23;20;506
28;2025-12-23;21;329
28;2025-12-23;22;129
28;2025-12-23;23;15
28;2025-12-24;0;0
28;2025-12-24;1;0
28;2025-12-24;2;0
28;2025-12-24;3;0
28;2025-12-24;4;1
28;2025-12-24;5;81
28;2025-12-24;6;268
28;2025-12-24;7;804
28;2025-12-24;8;1278
28;2025-12-24;9;865
28;2025-12-24;10;664
28;2025-12-24;11;592
28;2025-12-24;12;748
28;2025-12-24;13;750
28;2025-12-24;14;694
28;2025-12-24;15;716
28;2025-12-24;16;923
28;2025-12-24;17;1078
28;2025-12-24;18;1024
28;2025-12-24;19;754
28;2025-12-24;20;521
28;2025-12-24;21;335
28;2025-12-24;22;132
28;2025-12-24;23;17
28;2025-12-25;0;0
28;2025-12-25;1;0
28;2025-12-25;2;0
28;2025-12-25;3;0
28;2025-12-25;4;2
28;2025-12-25;5;80
28;2025-12-25;6;267
28;2025-12-25;7;810
28;2025-12-25;8;1264
28;2025-12-25;9;858
28;2025-12-25;10;656
28;2025-12-25;11;582
28;2025-12-25;12;728
28;2025-12-25;13;729
28;2025-12-25;14;688
28;2025-12-25;15;713
28;2025-12-25;16;898
28;2025-12-25;17;1070
28;2025-12-25;18;1017
28;2025-12-25;19;733
28;2025-12-25;20;508
28;2025-12-25;21;327
28;2025-12-25;22;130
28;2025-12-25;23;14
28;2025-12-26;0;0
28;2025-12-26;1;0
28;2025-12-26;2;0
28;2025-12-26;3;0
28;2025-12-26;4;1
28;2025-12-26;5;78
28;2025-12-26;6;257
28;2025-12-26;7;776
28;2025-12-26;8;1217
28;2025-12-26;9;817
28;2025-12-26;10;633
28;2025-12-26;11;565
28;2025-12-26;12;714
28;2025-12-26;13;707
28;2025-12-26;14;681
28;2025-12-26;15;709
28;2025-12-26;16;891
28;2025-12-26;17;1000
28;2025-12-26;18;891
28;2025-12-26;19;670
28;2025-12-26;20;467
28;2025-12-26;21;322
28;2025-12-26;22;125
28;2025-12-26;23;19
28;2025-12-27;0;3
28;2025-12-27;1;0
28;2025-12-27;2;0
28;2025-12-27;3;0
28;2025-12-27;4;1
28;2025-12-27;5;34
28;2025-12-27;6;101
28;2025-12-27;7;229
28;2025-12-27;8;405
28;2025-12-27;9;474
28;2025-12-27;10;497
28;2025-12-27;11;501
28;2025-12-27;12;594
28;2025-12-27;13;610
28;2025-12-27;14;560
28;2025-12-27;15;595
28;2025-12-27;16;577
28;2025-12-27;17;583
28;2025-12-27;18;505
28;2025-12-27;19;398
28;2025-12-27;20;300
28;2025-12-27;21;265
28;2025-12-27;22;121
28;2025-12-27;23;18
28;2025-12-28;0;0
28;2025-12-28;1;0
28;2025-12-28;2;0
28;2025-12-28;3;0
28;2025-12-28;4;0
28;2025-12-28;5;27
28;2025-12-28;6;71
28;2025-12-28;7;154
28;2025-12-28;8;254
28;2025-12-28;9;330
28;2025-12-28;10;384
28;2025-12-28;11;424
28;2025-12-28;12;449
28;2025-12-28;13;523
28;2025-12-28;14;511
28;2025-12-28;15;505
28;2025-12-28;16;472
28;2025-12-28;17;493
28;2025-12-28;18;433
28;2025-12-28;19;365
28;2025-12-28;20;282
28;2025-12-28;21;237
28;2025-12-28;22;106
28;2025-12-28;23;12
28;2025-12-29;0;0
28;2025-12-29;1;0
28;2025-12-29;2;0
28;2025-12-29;3;0
28;2025-12-29;4;1
28;2025-12-29;5;69
28;2025-12-29;6;229
28;2025-12-29;7;696
28;2025-12-29;8;1097
28;2025-12-29;9;743
28;2025-12-29;10;565
28;2025-12-29;11;497
28;2025-12-29;12;627
28;2025-12-29;13;621
28;2025-12-29;14;585
28;2025-12-29;15;597
28;2025-12-29;16;773
28;2025-12-29;17;915
28;2025-12-29;18;859
28;2025-12-29;19;631
28;2025-12-29;20;426
28;2025-12-29;21;272
28;2025-12-29;22;101
28;2025-12-29;23;11
28;2025-12-30;0;0
28;2025-12-30;1;0
28;2025-12-30;2;0
28;2025-12-30;3;0
28;2025-12-30;4;1
28;2025-12-30;5;66
28;2025-12-30;6;226
28;2025-12-30;7;706
28;2025-12-30;8;1101
28;2025-12-30;9;740
28;2025-12-30;10;580
28;2025-12-30;11;508
28;2025-12-30;12;630
28;2025-12-30;13;633
28;2025-12-30;14;601
28;2025-12-30;15;615
28;2025-12-30;16;763
28;2025-12-30;17;915
28;2025-12-30;18;855
28;2025-12-30;19;630
28;2025-12-30;20;433
28;2025-12-30;21;281
28;2025-12-30;22;111
28;2025-12-30;23;14
28;2025-12-31;0;0
28;2025-12-31;1;0
28;2025-12-31;2;0
28;2025-12-31;3;0
28;2025-12-31;4;0
28;2025-12-31;5;25
28;2025-12-31;6;64
28;2025-12-31;7;131
28;2025-12-31;8;216
28;2025-12-31;9;288
28;2025-12-31;10;333
28;2025-12-31;11;370
28;2025-12-31;12;391
28;2025-12-31;13;460
28;2025-12-31;14;445
28;2025-12-31;15;438
28;2025-12-31;16;414
28;2025-12-31;17;429
28;2025-12-31;18;381
28;2025-12-31;19;322
28;2025-12-31;20;0
28;2025-12-31;21;0
28;2025-12-31;22;0
28;2025-12-31;23;0
50;2025-11-01;0;20
50;2025-11-01;1;1
50;2025-11-01;2;0
50;2025-11-01;3;0
50;2025-11-01;4;3
50;2025-11-01;5;67
50;2025-11-01;6;491
50;2025-11-01;7;1619
50;2025-11-01;8;2633
50;2025-11-01;9;2051
50;2025-11-01;10;1608
50;2025-11-01;11;1470
50;2025-11-01;12;1403
50;2025-11-01;13;1449
50;2025-11-01;14;1401
50;2025-11-01;15;1634
50;2025-11-01;16;1693
50;2025-11-01;17;2235
50;2025-11-01;18;2185
50;2025-11-01;19;1317
50;2025-11-01;20;850
50;2025-11-01;21;582
50;2025-11-01;22;189
50;2025-11-01;23;140
50;2025-11-02;0;0
50;2025-11-02;1;0
50;2025-11-02;2;0
50;2025-11-02;3;0
50;2025-11-02;4;0
50;2025-11-02;5;0
50;2025-11-02;6;0
50;2025-11-02;7;0
50;2025-11-02;8;0
50;2025-11-02;9;0
50;2025-11-02;10;47
50;2025-11-02;11;58
50;2025-11-02;12;33
50;2025-11-02;13;65
50;2025-11-02;14;213
50;2025-11-02;15;195
50;2025-11-02;16;362
50;2025-11-02;17;268
50;2025-11-02;18;145
50;2025-11-02;19;109
50;2025-11-02;20;112
50;2025-11-02;21;72
50;2025-11-02;22;109
50;2025-11-02;23;14
50;2025-11-03;0;0
50;2025-11-03;1;0
50;2025-11-03;2;0
50;2025-11-03;3;0
50;2025-11-03;4;0
50;2025-11-03;5;0
50;2025-11-03;6;0
50;2025-11-03;7;0
50;2025-11-03;8;0
50;2025-11-03;9;0
50;2025-11-03;10;43
50;2025-11-03;11;54
50;2025-11-03;12;29
50;2025-11-03;13;61
50;2025-11-03;14;203
50;2025-11-03;15;184
50;2025-11-03;16;344
50;2025-11-03;17;253
50;2025-11-03;18;137
50;2025-11-03;19;101
50;2025-11-03;20;105
50;2025-11-03;21;69
50;2025-11-03;22;101
50;2025-11-03;23;14
50;2025-11-04;0;0
50;2025-11-04;1;0
50;2025-11-04;2;0
50;2025-11-04;3;0
50;2025-11-04;4;0
50;2025-11-04;5;0
50;2025-11-04;6;0
50;2025-11-04;7;0
50;2025-11-04;8;0
50;2025-11-04;9;0
50;2025-11-04;10;43
50;2025-11-04;11;54
50;2025-11-04;12;29
50;2025-11-04;13;61
50;2025-11-04;14;203
50;2025-11-04;15;184
50;2025-11-04;16;344
50;2025-11-04;17;253
50;2025-11-04;18;137
50;2025-11-04;19;101
50;2025-11-04;20;105
50;2025-11-04;21;69
50;2025-11-04;22;101
50;2025-11-04;23;14
50;2025-11-05;0;22
50;2025-11-05;1;2
50;2025-11-05;2;0
50;2025-11-05;3;0
50;2025-11-05;4;3
50;2025-11-05;5;72
50;2025-11-05;6;538
50;2025-11-05;7;1756
50;2025-11-05;8;2877
50;2025-11-05;9;2244
50;2025-11-05;10;1746
50;2025-11-05;11;1592
50;2025-11-05;12;1513
50;2025-11-05;13;1558
50;2025-11-05;14;1519
50;2025-11-05;15;1743
50;2025-11-05;16;1805
50;2025-11-05;17;2464
50;2025-11-05;18;2481
50;2025-11-05;19;1475
50;2025-11-05;20;925
50;2025-11-05;21;645
50;2025-11-05;22;240
50;2025-11-05;23;151
50;2025-11-06;0;26
50;2025-11-06;1;2
50;2025-11-06;2;0
50;2025-11-06;3;0
50;2025-11-06;4;3
50;2025-11-06;5;72
50;2025-11-06;6;542
50;2025-11-06;7;1779
50;2025-11-06;8;2897
50;2025-11-06;9;2259
50;2025-11-06;10;1776
50;2025-11-06;11;1606
50;2025-11-06;12;1542
50;2025-11-06;13;1566
50;2025-11-06;14;1517
50;2025-11-06;15;1763
50;2025-11-06;16;1809
50;2025-11-06;17;2475
50;2025-11-06;18;2541
50;2025-11-06;19;1479
50;2025-11-06;20;964
50;2025-11-06;21;682
50;2025-11-06;22;252
50;2025-11-06;23;163
50;2025-11-07;0;30
50;2025-11-07;1;2
50;2025-11-07;2;0
50;2025-11-07;3;0
50;2025-11-07;4;3
50;2025-11-07;5;74
50;2025-11-07;6;547
50;2025-11-07;7;1770
50;2025-11-07;8;2880
50;2025-11-07;9;2217
50;2025-11-07;10;1716
50;2025-11-07;11;1599
50;2025-11-07;12;1554
50;2025-11-07;13;1597
50;2025-11-07;14;1536
50;2025-11-07;15;1830
50;2025-11-07;16;1980
50;2025-11-07;17;2375
50;2025-11-07;18;2197
50;2025-11-07;19;1373
50;2025-11-07;20;925
50;2025-11-07;21;622
50;2025-11-07;22;265
50;2025-11-07;23;175
50;2025-11-08;0;177
50;2025-11-08;1;18
50;2025-11-08;2;0
50;2025-11-08;3;0
50;2025-11-08;4;0
50;2025-11-08;5;4
50;2025-11-08;6;4
50;2025-11-08;7;14
50;2025-11-08;8;18
50;2025-11-08;9;25
50;2025-11-08;10;22
50;2025-11-08;11;54
50;2025-11-08;12;206
50;2025-11-08;13;152
50;2025-11-08;14;134
50;2025-11-08;15;217
50;2025-11-08;16;152
50;2025-11-08;17;109
50;2025-11-08;18;11
50;2025-11-08;19;0
50;2025-11-08;20;7
50;2025-11-08;21;0
50;2025-11-08;22;4
50;2025-11-08;23;0
50;2025-11-09;0;0
50;2025-11-09;1;0
50;2025-11-09;2;0
50;2025-11-09;3;0
50;2025-11-09;4;0
50;2025-11-09;5;0
50;2025-11-09;6;0
50;2025-11-09;7;0
50;2025-11-09;8;0
50;2025-11-09;9;0
50;2025-11-09;10;47
50;2025-11-09;11;58
50;2025-11-09;12;33
50;2025-11-09;13;65
50;2025-11-09;14;213
50;2025-11-09;15;195
50;2025-11-09;16;362
50;2025-11-09;17;268
50;2025-11-09;18;145
50;2025-11-09;19;109
50;2025-11-09;20;112
50;2025-11-09;21;72
50;2025-11-09;22;109
50;2025-11-09;23;14
50;2025-11-10;0;17
50;2025-11-10;1;3
50;2025-11-10;2;0
50;2025-11-10;3;0
50;2025-11-10;4;3
50;2025-11-10;5;69
50;2025-11-10;6;542
50;2025-11-10;7;1775
50;2025-11-10;8;2941
50;2025-11-10;9;2297
50;2025-11-10;10;1765
50;2025-11-10;11;1609
50;2025-11-10;12;1527
50;2025-11-10;13;1589
50;2025-11-10;14;1525
50;2025-11-10;15;1779
50;2025-11-10;16;1817
50;2025-11-10;17;2348
50;2025-11-10;18;2567
50;2025-11-10;19;1468
50;2025-11-10;20;938
50;2025-11-10;21;637
50;2025-11-10;22;226
50;2025-11-10;23;136
50;2025-11-11;0;22
50;2025-11-11;1;2
50;2025-11-11;2;0
50;2025-11-11;3;0
50;2025-11-11;4;3
50;2025-11-11;5;71
50;2025-11-11;6;561
50;2025-11-11;7;1815
50;2025-11-11;8;2987
50;2025-11-11;9;2304
50;2025-11-11;10;1801
50;2025-11-11;11;1622
50;2025-11-11;12;1557
50;2025-11-11;13;1601
50;2025-11-11;14;1537
50;2025-11-11;15;1794
50;2025-11-11;16;1837
50;2025-11-11;17;2556
50;2025-11-11;18;2577
50;2025-11-11;19;1488
50;2025-11-11;20;963
50;2025-11-11;21;645
50;2025-11-11;22;235
50;2025-11-11;23;146
50;2025-11-12;0;22
50;2025-11-12;1;2
50;2025-11-12;2;0
50;2025-11-12;3;0
50;2025-11-12;4;3
50;2025-11-12;5;72
50;2025-11-12;6;542
50;2025-11-12;7;1765
50;2025-11-12;8;2895
50;2025-11-12;9;2261
50;2025-11-12;10;1758
50;2025-11-12;11;1607
50;2025-11-12;12;1531
50;2025-11-12;13;1568
50;2025-11-12;14;1531
50;2025-11-12;15;1754
50;2025-11-12;16;1819
50;2025-11-12;17;2487
50;2025-11-12;18;2500
50;2025-11-12;19;1487
50;2025-11-12;20;931
50;2025-11-12;21;647
50;2025-11-12;22;241
50;2025-11-12;23;151
50;2025-11-13;0;25
50;2025-11-13;1;2
50;2025-11-13;2;0
50;2025-11-13;3;0
50;2025-11-13;4;3
50;2025-11-13;5;72
50;2025-11-13;6;539
50;2025-11-13;7;1769
50;2025-11-13;8;2887
50;2025-11-13;9;2254
50;2025-11-13;10;1770
50;2025-11-13;11;1607
50;2025-11-13;12;1550
50;2025-11-13;13;1563
50;2025-11-13;14;1517
50;2025-11-13;15;1764
50;2025-11-13;16;1812
50;2025-11-13;17;2480
50;2025-11-13;18;2544
50;2025-11-13;19;1477
50;2025-11-13;20;962
50;2025-11-13;21;678
50;2025-11-13;22;253
50;2025-11-13;23;162
50;2025-11-14;0;30
50;2025-11-14;1;2
50;2025-11-14;2;0
50;2025-11-14;3;0
50;2025-11-14;4;3
50;2025-11-14;5;73
50;2025-11-14;6;546
50;2025-11-14;7;1762
50;2025-11-14;8;2878
50;2025-11-14;9;2215
50;2025-11-14;10;1714
50;2025-11-14;11;1599
50;2025-11-14;12;1565
50;2025-11-14;13;1594
50;2025-11-14;14;1542
50;2025-11-14;15;1831
50;2025-11-14;16;1983
50;2025-11-14;17;2381
50;2025-11-14;18;2199
50;2025-11-14;19;1372
50;2025-11-14;20;925
50;2025-11-14;21;617
50;2025-11-14;22;260
50;2025-11-14;23;172
50;2025-11-15;0;75
50;2025-11-15;1;5
50;2025-11-15;2;0
50;2025-11-15;3;0
50;2025-11-15;4;2
50;2025-11-15;5;36
50;2025-11-15;6;187
50;2025-11-15;7;436
50;2025-11-15;8;685
50;2025-11-15;9;759
50;2025-11-15;10;724
50;2025-11-15;11;904
50;2025-11-15;12;914
50;2025-11-15;13;980
50;2025-11-15;14;969
50;2025-11-15;15;925
50;2025-11-15;16;888
50;2025-11-15;17;855
50;2025-11-15;18;741
50;2025-11-15;19;676
50;2025-11-15;20;542
50;2025-11-15;21;434
50;2025-11-15;22;253
50;2025-11-15;23;152
50;2025-11-16;0;53
50;2025-11-16;1;7
50;2025-11-16;2;0
50;2025-11-16;3;0
50;2025-11-16;4;1
50;2025-11-16;5;26
50;2025-11-16;6;121
50;2025-11-16;7;226
50;2025-11-16;8;379
50;2025-11-16;9;506
50;2025-11-16;10;549
50;2025-11-16;11;661
50;2025-11-16;12;722
50;2025-11-16;13;826
50;2025-11-16;14;839
50;2025-11-16;15;731
50;2025-11-16;16;729
50;2025-11-16;17;746
50;2025-11-16;18;707
50;2025-11-16;19;634
50;2025-11-16;20;507
50;2025-11-16;21;422
50;2025-11-16;22;247
50;2025-11-16;23;124
50;2025-11-17;0;16
50;2025-11-17;1;3
50;2025-11-17;2;0
50;2025-11-17;3;0
50;2025-11-17;4;3
50;2025-11-17;5;68
50;2025-11-17;6;539
50;2025-11-17;7;1755
50;2025-11-17;8;2908
50;2025-11-17;9;2276
50;2025-11-17;10;1746
50;2025-11-17;11;1591
50;2025-11-17;12;1515
50;2025-11-17;13;1568
50;2025-11-17;14;1511
50;2025-11-17;15;1758
50;2025-11-17;16;1797
50;2025-11-17;17;2476
50;2025-11-17;18;2546
50;2025-11-17;19;1456
50;2025-11-17;20;928
50;2025-11-17;21;631
50;2025-11-17;22;227
50;2025-11-17;23;138
50;2025-11-18;0;22
50;2025-11-18;1;2
50;2025-11-18;2;0
50;2025-11-18;3;0
50;2025-11-18;4;3
50;2025-11-18;5;72
50;2025-11-18;6;556
50;2025-11-18;7;1780
50;2025-11-18;8;2911
50;2025-11-18;9;2246
50;2025-11-18;10;1751
50;2025-11-18;11;1573
50;2025-11-18;12;1517
50;2025-11-18;13;1550
50;2025-11-18;14;1493
50;2025-11-18;15;1739
50;2025-11-18;16;1788
50;2025-11-18;17;2500
50;2025-11-18;18;2519
50;2025-11-18;19;1455
50;2025-11-18;20;943
50;2025-11-18;21;631
50;2025-11-18;22;232
50;2025-11-18;23;146
50;2025-11-19;0;22
50;2025-11-19;1;3
50;2025-11-19;2;0
50;2025-11-19;3;0
50;2025-11-19;4;3
50;2025-11-19;5;71
50;2025-11-19;6;545
50;2025-11-19;7;1779
50;2025-11-19;8;2922
50;2025-11-19;9;2282
50;2025-11-19;10;1776
50;2025-11-19;11;1631
50;2025-11-19;12;1555
50;2025-11-19;13;1592
50;2025-11-19;14;1551
50;2025-11-19;15;1777
50;2025-11-19;16;1839
50;2025-11-19;17;2522
50;2025-11-19;18;2534
50;2025-11-19;19;1499
50;2025-11-19;20;935
50;2025-11-19;21;649
50;2025-11-19;22;241
50;2025-11-19;23;153
50;2025-11-20;0;26
50;2025-11-20;1;3
50;2025-11-20;2;0
50;2025-11-20;3;0
50;2025-11-20;4;3
50;2025-11-20;5;71
50;2025-11-20;6;543
50;2025-11-20;7;1781
50;2025-11-20;8;2917
50;2025-11-20;9;2275
50;2025-11-20;10;1790
50;2025-11-20;11;1631
50;2025-11-20;12;1571
50;2025-11-20;13;1584
50;2025-11-20;14;1539
50;2025-11-20;15;1788
50;2025-11-20;16;1830
50;2025-11-20;17;2514
50;2025-11-20;18;2575
50;2025-11-20;19;1485
50;2025-11-20;20;966
50;2025-11-20;21;680
50;2025-11-20;22;252
50;2025-11-20;23;162
50;2025-11-21;0;29
50;2025-11-21;1;3
50;2025-11-21;2;0
50;2025-11-21;3;0
50;2025-11-21;4;4
50;2025-11-21;5;73
50;2025-11-21;6;547
50;2025-11-21;7;1775
50;2025-11-21;8;2905
50;2025-11-21;9;2235
50;2025-11-21;10;1731
50;2025-11-21;11;1620
50;2025-11-21;12;1585
50;2025-11-21;13;1614
50;2025-11-21;14;1557
50;2025-11-21;15;1854
50;2025-11-21;16;2002
50;2025-11-21;17;2411
50;2025-11-21;18;2227
50;2025-11-21;19;1382
50;2025-11-21;20;926
50;2025-11-21;21;617
50;2025-11-21;22;260
50;2025-11-21;23;175
50;2025-11-22;0;75
50;2025-11-22;1;5
50;2025-11-22;2;0
50;2025-11-22;3;0
50;2025-11-22;4;2
50;2025-11-22;5;36
50;2025-11-22;6;187
50;2025-11-22;7;436
50;2025-11-22;8;685
50;2025-11-22;9;759
50;2025-11-22;10;724
50;2025-11-22;11;904
50;2025-11-22;12;914
50;2025-11-22;13;980
50;2025-11-22;14;969
50;2025-11-22;15;925
50;2025-11-22;16;888
50;2025-11-22;17;855
50;2025-11-22;18;741
50;2025-11-22;19;676
50;2025-11-22;20;542
50;2025-11-22;21;434
50;2025-11-22;22;253
50;2025-11-22;23;152
50;2025-11-23;0;53
50;2025-11-23;1;7
50;2025-11-23;2;0
50;2025-11-23;3;0
50;2025-11-23;4;1
50;2025-11-23;5;26
50;2025-11-23;6;129
50;2025-11-23;7;252
50;2025-11-23;8;379
50;2025-11-23;9;506
50;2025-11-23;10;549
50;2025-11-23;11;661
50;2025-11-23;12;722
50;2025-11-23;13;826
50;2025-11-23;14;839
50;2025-11-23;15;731
50;2025-11-23;16;729
50;2025-11-23;17;746
50;2025-11-23;18;707
50;2025-11-23;19;634
50;2025-11-23;20;507
50;2025-11-23;21;422
50;2025-11-23;22;247
50;2025-11-23;23;124
50;2025-11-24;0;19
50;2025-11-24;1;3
50;2025-11-24;2;0
50;2025-11-24;3;0
50;2025-11-24;4;3
50;2025-11-24;5;68
50;2025-11-24;6;534
50;2025-11-24;7;1742
50;2025-11-24;8;2879
50;2025-11-24;9;2254
50;2025-11-24;10;1726
50;2025-11-24;11;1572
50;2025-11-24;12;1503
50;2025-11-24;13;1549
50;2025-11-24;14;1493
50;2025-11-24;15;1737
50;2025-11-24;16;1777
50;2025-11-24;17;2457
50;2025-11-24;18;2529
50;2025-11-24;19;1312
50;2025-11-24;20;918
50;2025-11-24;21;623
50;2025-11-24;22;224
50;2025-11-24;23;138
50;2025-11-25;0;22
50;2025-11-25;1;2
50;2025-11-25;2;0
50;2025-11-25;3;0
50;2025-11-25;4;3
50;2025-11-25;5;71
50;2025-11-25;6;560
50;2025-11-25;7;1807
50;2025-11-25;8;2973
50;2025-11-25;9;2296
50;2025-11-25;10;1795
50;2025-11-25;11;1622
50;2025-11-25;12;1560
50;2025-11-25;13;1595
50;2025-11-25;14;1532
50;2025-11-25;15;1786
50;2025-11-25;16;1834
50;2025-11-25;17;2560
50;2025-11-25;18;2579
50;2025-11-25;19;1483
50;2025-11-25;20;958
50;2025-11-25;21;639
50;2025-11-25;22;235
50;2025-11-25;23;147
50;2025-11-26;0;23
50;2025-11-26;1;2
50;2025-11-26;2;0
50;2025-11-26;3;0
50;2025-11-26;4;3
50;2025-11-26;5;73
50;2025-11-26;6;545
50;2025-11-26;7;1772
50;2025-11-26;8;2914
50;2025-11-26;9;2273
50;2025-11-26;10;1768
50;2025-11-26;11;1621
50;2025-11-26;12;1546
50;2025-11-26;13;1577
50;2025-11-26;14;1540
50;2025-11-26;15;1767
50;2025-11-26;16;1823
50;2025-11-26;17;2511
50;2025-11-26;18;2527
50;2025-11-26;19;1492
50;2025-11-26;20;929
50;2025-11-26;21;642
50;2025-11-26;22;240
50;2025-11-26;23;149
50;2025-11-27;0;28
50;2025-11-27;1;2
50;2025-11-27;2;0
50;2025-11-27;3;0
50;2025-11-27;4;3
50;2025-11-27;5;73
50;2025-11-27;6;545
50;2025-11-27;7;1774
50;2025-11-27;8;2896
50;2025-11-27;9;2258
50;2025-11-27;10;1777
50;2025-11-27;11;1618
50;2025-11-27;12;1557
50;2025-11-27;13;1562
50;2025-11-27;14;1513
50;2025-11-27;15;1765
50;2025-11-27;16;1809
50;2025-11-27;17;2488
50;2025-11-27;18;2557
50;2025-11-27;19;1474
50;2025-11-27;20;959
50;2025-11-27;21;673
50;2025-11-27;22;252
50;2025-11-27;23;161
50;2025-11-28;0;31
50;2025-11-28;1;2
50;2025-11-28;2;0
50;2025-11-28;3;0
50;2025-11-28;4;5
50;2025-11-28;5;75
50;2025-11-28;6;547
50;2025-11-28;7;1758
50;2025-11-28;8;2872
50;2025-11-28;9;2210
50;2025-11-28;10;1709
50;2025-11-28;11;1603
50;2025-11-28;12;1565
50;2025-11-28;13;1590
50;2025-11-28;14;1534
50;2025-11-28;15;1826
50;2025-11-28;16;1977
50;2025-11-28;17;2389
50;2025-11-28;18;2211
50;2025-11-28;19;1370
50;2025-11-28;20;917
50;2025-11-28;21;612
50;2025-11-28;22;260
50;2025-11-28;23;177
50;2025-11-29;0;75
50;2025-11-29;1;5
50;2025-11-29;2;0
50;2025-11-29;3;0
50;2025-11-29;4;2
50;2025-11-29;5;36
50;2025-11-29;6;187
50;2025-11-29;7;436
50;2025-11-29;8;685
50;2025-11-29;9;759
50;2025-11-29;10;724
50;2025-11-29;11;904
50;2025-11-29;12;914
50;2025-11-29;13;980
50;2025-11-29;14;969
50;2025-11-29;15;925
50;2025-11-29;16;888
50;2025-11-29;17;855
50;2025-11-29;18;741
50;2025-11-29;19;676
50;2025-11-29;20;542
50;2025-11-29;21;434
50;2025-11-29;22;253
50;2025-11-29;23;152
50;2025-11-30;0;53
50;2025-11-30;1;7
50;2025-11-30;2;0
50;2025-11-30;3;0
50;2025-11-30;4;1
50;2025-11-30;5;26
50;2025-11-30;6;129
50;2025-11-30;7;252
50;2025-11-30;8;379
50;2025-11-30;9;506
50;2025-11-30;10;549
50;2025-11-30;11;661
50;2025-11-30;12;722
50;2025-11-30;13;826
50;2025-11-30;14;839
50;2025-11-30;15;731
50;2025-11-30;16;729
50;2025-11-30;17;746
50;2025-11-30;18;707
50;2025-11-30;19;634
50;2025-11-30;20;507
50;2025-11-30;21;422
50;2025-11-30;22;247
50;2025-11-30;23;124
50;2025-12-01;0;18
50;2025-12-01;1;3
50;2025-12-01;2;0
50;2025-12-01;3;0
50;2025-12-01;4;3
50;2025-12-01;5;66
50;2025-12-01;6;522
50;2025-12-01;7;1690
50;2025-12-01;8;2790
50;2025-12-01;9;2188
50;2025-12-01;10;1678
50;2025-12-01;11;1543
50;2025-12-01;12;1468
50;2025-12-01;13;1515
50;2025-12-01;14;1457
50;2025-12-01;15;1696
50;2025-12-01;16;1737
50;2025-12-01;17;2385
50;2025-12-01;18;2454
50;2025-12-01;19;1403
50;2025-12-01;20;889
50;2025-12-01;21;600
50;2025-12-01;22;216
50;2025-12-01;23;134
50;2025-12-02;0;22
50;2025-12-02;1;3
50;2025-12-02;2;0
50;2025-12-02;3;0
50;2025-12-02;4;3
50;2025-12-02;5;69
50;2025-12-02;6;539
50;2025-12-02;7;1732
50;2025-12-02;8;2839
50;2025-12-02;9;2198
50;2025-12-02;10;1719
50;2025-12-02;11;1559
50;2025-12-02;12;1499
50;2025-12-02;13;1529
50;2025-12-02;14;1467
50;2025-12-02;15;1709
50;2025-12-02;16;1757
50;2025-12-02;17;2449
50;2025-12-02;18;2467
50;2025-12-02;19;1428
50;2025-12-02;20;920
50;2025-12-02;21;611
50;2025-12-02;22;225
50;2025-12-02;23;142
50;2025-12-03;0;24
50;2025-12-03;1;3
50;2025-12-03;2;0
50;2025-12-03;3;0
50;2025-12-03;4;3
50;2025-12-03;5;70
50;2025-12-03;6;528
50;2025-12-03;7;1707
50;2025-12-03;8;2793
50;2025-12-03;9;2184
50;2025-12-03;10;1701
50;2025-12-03;11;1571
50;2025-12-03;12;1500
50;2025-12-03;13;1524
50;2025-12-03;14;1484
50;2025-12-03;15;1698
50;2025-12-03;16;1761
50;2025-12-03;17;2413
50;2025-12-03;18;2427
50;2025-12-03;19;1443
50;2025-12-03;20;896
50;2025-12-03;21;621
50;2025-12-03;22;235
50;2025-12-03;23;148
50;2025-12-04;0;27
50;2025-12-04;1;3
50;2025-12-04;2;0
50;2025-12-04;3;0
50;2025-12-04;4;3
50;2025-12-04;5;70
50;2025-12-04;6;525
50;2025-12-04;7;1707
50;2025-12-04;8;2781
50;2025-12-04;9;2175
50;2025-12-04;10;1711
50;2025-12-04;11;1565
50;2025-12-04;12;1510
50;2025-12-04;13;1511
50;2025-12-04;14;1467
50;2025-12-04;15;1704
50;2025-12-04;16;1748
50;2025-12-04;17;2398
50;2025-12-04;18;2461
50;2025-12-04;19;1431
50;2025-12-04;20;928
50;2025-12-04;21;651
50;2025-12-04;22;245
50;2025-12-04;23;159
50;2025-12-05;0;30
50;2025-12-05;1;3
50;2025-12-05;2;0
50;2025-12-05;3;0
50;2025-12-05;4;3
50;2025-12-05;5;70
50;2025-12-05;6;531
50;2025-12-05;7;1700
50;2025-12-05;8;2769
50;2025-12-05;9;2133
50;2025-12-05;10;1648
50;2025-12-05;11;1555
50;2025-12-05;12;1522
50;2025-12-05;13;1539
50;2025-12-05;14;1485
50;2025-12-05;15;1765
50;2025-12-05;16;1916
50;2025-12-05;17;2297
50;2025-12-05;18;2118
50;2025-12-05;19;1325
50;2025-12-05;20;886
50;2025-12-05;21;589
50;2025-12-05;22;253
50;2025-12-05;23;170
50;2025-12-06;0;73
50;2025-12-06;1;5
50;2025-12-06;2;0
50;2025-12-06;3;0
50;2025-12-06;4;2
50;2025-12-06;5;35
50;2025-12-06;6;183
50;2025-12-06;7;427
50;2025-12-06;8;671
50;2025-12-06;9;743
50;2025-12-06;10;710
50;2025-12-06;11;886
50;2025-12-06;12;896
50;2025-12-06;13;960
50;2025-12-06;14;949
50;2025-12-06;15;906
50;2025-12-06;16;870
50;2025-12-06;17;838
50;2025-12-06;18;726
50;2025-12-06;19;663
50;2025-12-06;20;531
50;2025-12-06;21;425
50;2025-12-06;22;247
50;2025-12-06;23;149
50;2025-12-07;0;52
50;2025-12-07;1;7
50;2025-12-07;2;0
50;2025-12-07;3;0
50;2025-12-07;4;1
50;2025-12-07;5;26
50;2025-12-07;6;127
50;2025-12-07;7;246
50;2025-12-07;8;371
50;2025-12-07;9;496
50;2025-12-07;10;539
50;2025-12-07;11;648
50;2025-12-07;12;707
50;2025-12-07;13;810
50;2025-12-07;14;823
50;2025-12-07;15;716
50;2025-12-07;16;714
50;2025-12-07;17;731
50;2025-12-07;18;693
50;2025-12-07;19;621
50;2025-12-07;20;497
50;2025-12-07;21;413
50;2025-12-07;22;241
50;2025-12-07;23;122
50;2025-12-08;0;19
50;2025-12-08;1;4
50;2025-12-08;2;0
50;2025-12-08;3;0
50;2025-12-08;4;3
50;2025-12-08;5;66
50;2025-12-08;6;523
50;2025-12-08;7;1692
50;2025-12-08;8;2790
50;2025-12-08;9;2189
50;2025-12-08;10;1678
50;2025-12-08;11;1546
50;2025-12-08;12;1474
50;2025-12-08;13;1513
50;2025-12-08;14;1455
50;2025-12-08;15;1694
50;2025-12-08;16;1737
50;2025-12-08;17;2389
50;2025-12-08;18;2462
50;2025-12-08;19;1409
50;2025-12-08;20;891
50;2025-12-08;21;601
50;2025-12-08;22;219
50;2025-12-08;23;135
50;2025-12-09;0;23
50;2025-12-09;1;2
50;2025-12-09;2;0
50;2025-12-09;3;0
50;2025-12-09;4;3
50;2025-12-09;5;69
50;2025-12-09;6;543
50;2025-12-09;7;1734
50;2025-12-09;8;2836
50;2025-12-09;9;2196
50;2025-12-09;10;1717
50;2025-12-09;11;1563
50;2025-12-09;12;1501
50;2025-12-09;13;1527
50;2025-12-09;14;1463
50;2025-12-09;15;1708
50;2025-12-09;16;1755
50;2025-12-09;17;2448
50;2025-12-09;18;2472
50;2025-12-09;19;1431
50;2025-12-09;20;921
50;2025-12-09;21;613
50;2025-12-09;22;228
50;2025-12-09;23;142
50;2025-12-10;0;24
50;2025-12-10;1;3
50;2025-12-10;2;0
50;2025-12-10;3;0
50;2025-12-10;4;3
50;2025-12-10;5;70
50;2025-12-10;6;529
50;2025-12-10;7;1712
50;2025-12-10;8;2797
50;2025-12-10;9;2186
50;2025-12-10;10;1704
50;2025-12-10;11;1577
50;2025-12-10;12;1504
50;2025-12-10;13;1527
50;2025-12-10;14;1485
50;2025-12-10;15;1701
50;2025-12-10;16;1763
50;2025-12-10;17;2419
50;2025-12-10;18;2439
50;2025-12-10;19;1448
50;2025-12-10;20;898
50;2025-12-10;21;622
50;2025-12-10;22;237
50;2025-12-10;23;151
50;2025-12-11;0;29
50;2025-12-11;1;3
50;2025-12-11;2;0
50;2025-12-11;3;0
50;2025-12-11;4;3
50;2025-12-11;5;70
50;2025-12-11;6;527
50;2025-12-11;7;1698
50;2025-12-11;8;2757
50;2025-12-11;9;2155
50;2025-12-11;10;1696
50;2025-12-11;11;1557
50;2025-12-11;12;1500
50;2025-12-11;13;1497
50;2025-12-11;14;1450
50;2025-12-11;15;1693
50;2025-12-11;16;1732
50;2025-12-11;17;2382
50;2025-12-11;18;2450
50;2025-12-11;19;1420
50;2025-12-11;20;922
50;2025-12-11;21;645
50;2025-12-11;22;245
50;2025-12-11;23;156
50;2025-12-12;0;31
50;2025-12-12;1;2
50;2025-12-12;2;0
50;2025-12-12;3;0
50;2025-12-12;4;4
50;2025-12-12;5;72
50;2025-12-12;6;532
50;2025-12-12;7;1693
50;2025-12-12;8;2743
50;2025-12-12;9;2117
50;2025-12-12;10;1642
50;2025-12-12;11;1552
50;2025-12-12;12;1513
50;2025-12-12;13;1531
50;2025-12-12;14;1472
50;2025-12-12;15;1751
50;2025-12-12;16;1899
50;2025-12-12;17;2277
50;2025-12-12;18;2107
50;2025-12-12;19;1316
50;2025-12-12;20;879
50;2025-12-12;21;584
50;2025-12-12;22;252
50;2025-12-12;23;168
50;2025-12-13;0;73
50;2025-12-13;1;5
50;2025-12-13;2;0
50;2025-12-13;3;0
50;2025-12-13;4;2
50;2025-12-13;5;35
50;2025-12-13;6;183
50;2025-12-13;7;427
50;2025-12-13;8;671
50;2025-12-13;9;743
50;2025-12-13;10;710
50;2025-12-13;11;886
50;2025-12-13;12;896
50;2025-12-13;13;960
50;2025-12-13;14;949
50;2025-12-13;15;906
50;2025-12-13;16;870
50;2025-12-13;17;838
50;2025-12-13;18;726
50;2025-12-13;19;663
50;2025-12-13;20;531
50;2025-12-13;21;425
50;2025-12-13;22;247
50;2025-12-13;23;149
50;2025-12-14;0;52
50;2025-12-14;1;7
50;2025-12-14;2;0
50;2025-12-14;3;0
50;2025-12-14;4;1
50;2025-12-14;5;26
50;2025-12-14;6;127
50;2025-12-14;7;246
50;2025-12-14;8;371
50;2025-12-14;9;496
50;2025-12-14;10;539
50;2025-12-14;11;648
50;2025-12-14;12;707
50;2025-12-14;13;810
50;2025-12-14;14;823
50;2025-12-14;15;716
50;2025-12-14;16;714
50;2025-12-14;17;731
50;2025-12-14;18;693
50;2025-12-14;19;621
50;2025-12-14;20;497
50;2025-12-14;21;413
50;2025-12-14;22;241
50;2025-12-14;23;122
50;2025-12-15;0;20
50;2025-12-15;1;3
50;2025-12-15;2;0
50;2025-12-15;3;0
50;2025-12-15;4;3
50;2025-12-15;5;67
50;2025-12-15;6;531
50;2025-12-15;7;1701
50;2025-12-15;8;2798
50;2025-12-15;9;2196
50;2025-12-15;10;1689
50;2025-12-15;11;1567
50;2025-12-15;12;1481
50;2025-12-15;13;1525
50;2025-12-15;14;1463
50;2025-12-15;15;1714
50;2025-12-15;16;1743
50;2025-12-15;17;2409
50;2025-12-15;18;2485
50;2025-12-15;19;1421
50;2025-12-15;20;896
50;2025-12-15;21;606
50;2025-12-15;22;224
50;2025-12-15;23;135
50;2025-12-16;0;25
50;2025-12-16;1;2
50;2025-12-16;2;0
50;2025-12-16;3;0
50;2025-12-16;4;3
50;2025-12-16;5;70
50;2025-12-16;6;552
50;2025-12-16;7;1756
50;2025-12-16;8;2857
50;2025-12-16;9;2216
50;2025-12-16;10;1735
50;2025-12-16;11;1585
50;2025-12-16;12;1517
50;2025-12-16;13;1542
50;2025-12-16;14;1476
50;2025-12-16;15;1724
50;2025-12-16;16;1770
50;2025-12-16;17;2475
50;2025-12-16;18;2504
50;2025-12-16;19;1450
50;2025-12-16;20;931
50;2025-12-16;21;619
50;2025-12-16;22;236
50;2025-12-16;23;145
50;2025-12-17;0;24
50;2025-12-17;1;3
50;2025-12-17;2;0
50;2025-12-17;3;0
50;2025-12-17;4;3
50;2025-12-17;5;71
50;2025-12-17;6;536
50;2025-12-17;7;1719
50;2025-12-17;8;2793
50;2025-12-17;9;2187
50;2025-12-17;10;1706
50;2025-12-17;11;1587
50;2025-12-17;12;1507
50;2025-12-17;13;1529
50;2025-12-17;14;1484
50;2025-12-17;15;1706
50;2025-12-17;16;1768
50;2025-12-17;17;2427
50;2025-12-17;18;2451
50;2025-12-17;19;1455
50;2025-12-17;20;900
50;2025-12-17;21;625
50;2025-12-17;22;241
50;2025-12-17;23;151
50;2025-12-18;0;29
50;2025-12-18;1;3
50;2025-12-18;2;0
50;2025-12-18;3;0
50;2025-12-18;4;3
50;2025-12-18;5;71
50;2025-12-18;6;533
50;2025-12-18;7;1721
50;2025-12-18;8;2781
50;2025-12-18;9;2177
50;2025-12-18;10;1715
50;2025-12-18;11;1581
50;2025-12-18;12;1518
50;2025-12-18;13;1519
50;2025-12-18;14;1465
50;2025-12-18;15;1713
50;2025-12-18;16;1753
50;2025-12-18;17;2411
50;2025-12-18;18;2483
50;2025-12-18;19;1441
50;2025-12-18;20;932
50;2025-12-18;21;655
50;2025-12-18;22;252
50;2025-12-18;23;160
50;2025-12-19;0;31
50;2025-12-19;1;2
50;2025-12-19;2;0
50;2025-12-19;3;0
50;2025-12-19;4;5
50;2025-12-19;5;73
50;2025-12-19;6;540
50;2025-12-19;7;1715
50;2025-12-19;8;2772
50;2025-12-19;9;2141
50;2025-12-19;10;1659
50;2025-12-19;11;1574
50;2025-12-19;12;1531
50;2025-12-19;13;1550
50;2025-12-19;14;1486
50;2025-12-19;15;1777
50;2025-12-19;16;1924
50;2025-12-19;17;2317
50;2025-12-19;18;2146
50;2025-12-19;19;1338
50;2025-12-19;20;891
50;2025-12-19;21;593
50;2025-12-19;22;258
50;2025-12-19;23;170
50;2025-12-20;0;73
50;2025-12-20;1;5
50;2025-12-20;2;0
50;2025-12-20;3;0
50;2025-12-20;4;2
50;2025-12-20;5;35
50;2025-12-20;6;183
50;2025-12-20;7;427
50;2025-12-20;8;671
50;2025-12-20;9;743
50;2025-12-20;10;710
50;2025-12-20;11;886
50;2025-12-20;12;896
50;2025-12-20;13;960
50;2025-12-20;14;949
50;2025-12-20;15;906
50;2025-12-20;16;870
50;2025-12-20;17;838
50;2025-12-20;18;726
50;2025-12-20;19;663
50;2025-12-20;20;531
50;2025-12-20;21;425
50;2025-12-20;22;247
50;2025-12-20;23;149
50;2025-12-21;0;52
50;2025-12-21;1;7
50;2025-12-21;2;0
50;2025-12-21;3;0
50;2025-12-21;4;1
50;2025-12-21;5;26
50;2025-12-21;6;127
50;2025-12-21;7;246
50;2025-12-21;8;371
50;2025-12-21;9;496
50;2025-12-21;10;539
50;2025-12-21;11;648
50;2025-12-21;12;707
50;2025-12-21;13;810
50;2025-12-21;14;823
50;2025-12-21;15;716
50;2025-12-21;16;714
50;2025-12-21;17;731
50;2025-12-21;18;693
50;2025-12-21;19;621
50;2025-12-21;20;497
50;2025-12-21;21;413
50;2025-12-21;22;241
50;2025-12-21;23;122
50;2025-12-22;0;22
50;2025-12-22;1;3
50;2025-12-22;2;0
50;2025-12-22;3;0
50;2025-12-22;4;3
50;2025-12-22;5;68
50;2025-12-22;6;532
50;2025-12-22;7;1706
50;2025-12-22;8;2785
50;2025-12-22;9;2185
50;2025-12-22;10;1682
50;2025-12-22;11;1558
50;2025-12-22;12;1474
50;2025-12-22;13;1517
50;2025-12-22;14;1451
50;2025-12-22;15;1697
50;2025-12-22;16;1735
50;2025-12-22;17;2396
50;2025-12-22;18;2475
50;2025-12-22;19;1416
50;2025-12-22;20;893
50;2025-12-22;21;601
50;2025-12-22;22;225
50;2025-12-22;23;137
50;2025-12-23;0;25
50;2025-12-23;1;2
50;2025-12-23;2;0
50;2025-12-23;3;0
50;2025-12-23;4;3
50;2025-12-23;5;71
50;2025-12-23;6;555
50;2025-12-23;7;1752
50;2025-12-23;8;2848
50;2025-12-23;9;2201
50;2025-12-23;10;1727
50;2025-12-23;11;1589
50;2025-12-23;12;1513
50;2025-12-23;13;1536
50;2025-12-23;14;1470
50;2025-12-23;15;1737
50;2025-12-23;16;1764
50;2025-12-23;17;2481
50;2025-12-23;18;2510
50;2025-12-23;19;1446
50;2025-12-23;20;923
50;2025-12-23;21;617
50;2025-12-23;22;239
50;2025-12-23;23;144
50;2025-12-24;0;26
50;2025-12-24;1;3
50;2025-12-24;2;0
50;2025-12-24;3;0
50;2025-12-24;4;3
50;2025-12-24;5;72
50;2025-12-24;6;542
50;2025-12-24;7;1731
50;2025-12-24;8;2815
50;2025-12-24;9;2199
50;2025-12-24;10;1718
50;2025-12-24;11;1610
50;2025-12-24;12;1522
50;2025-12-24;13;1539
50;2025-12-24;14;1500
50;2025-12-24;15;1734
50;2025-12-24;16;1776
50;2025-12-24;17;2459
50;2025-12-24;18;2481
50;2025-12-24;19;1477
50;2025-12-24;20;919
50;2025-12-24;21;639
50;2025-12-24;22;252
50;2025-12-24;23;152
50;2025-12-25;0;32
50;2025-12-25;1;3
50;2025-12-25;2;0
50;2025-12-25;3;0
50;2025-12-25;4;3
50;2025-12-25;5;72
50;2025-12-25;6;537
50;2025-12-25;7;1721
50;2025-12-25;8;2776
50;2025-12-25;9;2173
50;2025-12-25;10;1713
50;2025-12-25;11;1588
50;2025-12-25;12;1520
50;2025-12-25;13;1517
50;2025-12-25;14;1462
50;2025-12-25;15;1717
50;2025-12-25;16;1749
50;2025-12-25;17;2414
50;2025-12-25;18;2484
50;2025-12-25;19;1439
50;2025-12-25;20;927
50;2025-12-25;21;651
50;2025-12-25;22;255
50;2025-12-25;23;159
50;2025-12-26;0;33
50;2025-12-26;1;3
50;2025-12-26;2;0
50;2025-12-26;3;0
50;2025-12-26;4;4
50;2025-12-26;5;73
50;2025-12-26;6;533
50;2025-12-26;7;1685
50;2025-12-26;8;2709
50;2025-12-26;9;2089
50;2025-12-26;10;1623
50;2025-12-26;11;1542
50;2025-12-26;12;1496
50;2025-12-26;13;1510
50;2025-12-26;14;1449
50;2025-12-26;15;1740
50;2025-12-26;16;1885
50;2025-12-26;17;2266
50;2025-12-26;18;2102
50;2025-12-26;19;1313
50;2025-12-26;20;872
50;2025-12-26;21;580
50;2025-12-26;22;256
50;2025-12-26;23;170
50;2025-12-27;0;73
50;2025-12-27;1;5
50;2025-12-27;2;0
50;2025-12-27;3;0
50;2025-12-27;4;2
50;2025-12-27;5;35
50;2025-12-27;6;183
50;2025-12-27;7;427
50;2025-12-27;8;671
50;2025-12-27;9;743
50;2025-12-27;10;710
50;2025-12-27;11;886
50;2025-12-27;12;896
50;2025-12-27;13;960
50;2025-12-27;14;949
50;2025-12-27;15;906
50;2025-12-27;16;870
50;2025-12-27;17;838
50;2025-12-27;18;726
50;2025-12-27;19;663
50;2025-12-27;20;531
50;2025-12-27;21;425
50;2025-12-27;22;247
50;2025-12-27;23;149
50;2025-12-28;0;52
50;2025-12-28;1;7
50;2025-12-28;2;0
50;2025-12-28;3;0
50;2025-12-28;4;1
50;2025-12-28;5;26
50;2025-12-28;6;127
50;2025-12-28;7;246
50;2025-12-28;8;371
50;2025-12-28;9;468
50;2025-12-28;10;419
50;2025-12-28;11;648
50;2025-12-28;12;707
50;2025-12-28;13;810
50;2025-12-28;14;823
50;2025-12-28;15;716
50;2025-12-28;16;714
50;2025-12-28;17;731
50;2025-12-28;18;693
50;2025-12-28;19;621
50;2025-12-28;20;497
50;2025-12-28;21;413
50;2025-12-28;22;241
50;2025-12-28;23;122
50;2025-12-29;0;20
50;2025-12-29;1;1
50;2025-12-29;2;0
50;2025-12-29;3;0
50;2025-12-29;4;3
50;2025-12-29;5;59
50;2025-12-29;6;472
50;2025-12-29;7;1501
50;2025-12-29;8;2443
50;2025-12-29;9;1916
50;2025-12-29;10;1478
50;2025-12-29;11;1378
50;2025-12-29;12;1300
50;2025-12-29;13;1333
50;2025-12-29;14;1275
50;2025-12-29;15;1498
50;2025-12-29;16;1526
50;2025-12-29;17;2107
50;2025-12-29;18;2178
50;2025-12-29;19;1244
50;2025-12-29;20;782
50;2025-12-29;21;528
50;2025-12-29;22;202
50;2025-12-29;23;120
50;2025-12-30;0;24
50;2025-12-30;1;1
50;2025-12-30;2;0
50;2025-12-30;3;0
50;2025-12-30;4;3
50;2025-12-30;5;64
50;2025-12-30;6;486
50;2025-12-30;7;1536
50;2025-12-30;8;2465
50;2025-12-30;9;1911
50;2025-12-30;10;1505
50;2025-12-30;11;1386
50;2025-12-30;12;1318
50;2025-12-30;13;1341
50;2025-12-30;14;1280
50;2025-12-30;15;1507
50;2025-12-30;16;1544
50;2025-12-30;17;2145
50;2025-12-30;18;2162
50;2025-12-30;19;1264
50;2025-12-30;20;808
50;2025-12-30;21;536
50;2025-12-30;22;209
50;2025-12-30;23;127
50;2025-12-31;0;44
50;2025-12-31;1;6
50;2025-12-31;2;0
50;2025-12-31;3;0
50;2025-12-31;4;1
50;2025-12-31;5;22
50;2025-12-31;6;109
50;2025-12-31;7;211
50;2025-12-31;8;317
50;2025-12-31;9;423
50;2025-12-31;10;461
50;2025-12-31;11;554
50;2025-12-31;12;604
50;2025-12-31;13;692
50;2025-12-31;14;703
50;2025-12-31;15;613
50;2025-12-31;16;610
50;2025-12-31;17;626
50;2025-12-31;18;592
50;2025-12-31;19;531
50;2025-12-31;20;0
50;2025-12-31;21;0
50;2025-12-31;22;0
50;2025-12-31;23;0
