route;date;hour;prediction
1;2025-11-01;0;3
1;2025-11-01;1;0
1;2025-11-01;2;0
1;2025-11-01;3;0
1;2025-11-01;4;8
1;2025-11-01;5;109
1;2025-11-01;6;436
1;2025-11-01;7;1332
1;2025-11-01;8;1699
1;2025-11-01;9;1270
1;2025-11-01;10;1169
1;2025-11-01;11;1179
1;2025-11-01;12;1226
1;2025-11-01;13;1276
1;2025-11-01;14;1223
1;2025-11-01;15;1328
1;2025-11-01;16;1371
1;2025-11-01;17;1595
1;2025-11-01;18;1563
1;2025-11-01;19;1177
1;2025-11-01;20;762
1;2025-11-01;21;407
1;2025-11-01;22;157
1;2025-11-01;23;32
1;2025-11-02;0;0
1;2025-11-02;1;0
1;2025-11-02;2;0
1;2025-11-02;3;0
1;2025-11-02;4;0
1;2025-11-02;5;23
1;2025-11-02;6;119
1;2025-11-02;7;272
1;2025-11-02;8;370
1;2025-11-02;9;621
1;2025-11-02;10;710
1;2025-11-02;11;746
1;2025-11-02;12;842
1;2025-11-02;13;890
1;2025-11-02;14;836
1;2025-11-02;15;753
1;2025-11-02;16;682
1;2025-11-02;17;627
1;2025-11-02;18;549
1;2025-11-02;19;463
1;2025-11-02;20;346
1;2025-11-02;21;270
1;2025-11-02;22;100
1;2025-11-02;23;26
1;2025-11-03;0;0
1;2025-11-03;1;0
1;2025-11-03;2;0
1;2025-11-03;3;0
1;2025-11-03;4;0
1;2025-11-03;5;22
1;2025-11-03;6;116
1;2025-11-03;7;263
1;2025-11-03;8;354
1;2025-11-03;9;586
1;2025-11-03;10;667
1;2025-11-03;11;701
1;2025-11-03;12;800
1;2025-11-03;13;839
1;2025-11-03;14;792
1;2025-11-03;15;711
1;2025-11-03;16;644
1;2025-11-03;17;600
1;2025-11-03;18;542
1;2025-11-03;19;456
1;2025-11-03;20;337
1;2025-11-03;21;259
1;2025-11-03;22;94
1;2025-11-03;23;25
1;2025-11-04;0;0
1;2025-11-04;1;0
1;2025-11-04;2;0
1;2025-11-04;3;0
1;2025-11-04;4;0
1;2025-11-04;5;22
1;2025-11-04;6;116
1;2025-11-04;7;262
1;2025-11-04;8;346
1;2025-11-04;9;590
1;2025-11-04;10;671
1;2025-11-04;11;700
1;2025-11-04;12;796
1;2025-11-04;13;833
1;2025-11-04;14;780
1;2025-11-04;15;693
1;2025-11-04;16;630
1;2025-11-04;17;585
1;2025-11-04;18;519
1;2025-11-04;19;447
1;2025-11-04;20;330
1;2025-11-04;21;259
1;2025-11-04;22;96
1;2025-11-04;23;26
1;2025-11-05;0;4
1;2025-11-05;1;0
1;2025-11-05;2;0
1;2025-11-05;3;0
1;2025-11-05;4;9
1;2025-11-05;5;129
1;2025-11-05;6;520
1;2025-11-05;7;1546
1;2025-11-05;8;2000
1;2025-11-05;9;1485
1;2025-11-05;10;1353
1;2025-11-05;11;1375
1;2025-11-05;12;1424
1;2025-11-05;13;1498
1;2025-11-05;14;1422
1;2025-11-05;15;1551
1;2025-11-05;16;1583
1;2025-11-05;17;1858
1;2025-11-05;18;1849
1;2025-11-05;19;1395
1;2025-11-05;20;899
1;2025-11-05;21;481
1;2025-11-05;22;190
1;2025-11-05;23;38
1;2025-11-06;0;5
1;2025-11-06;1;0
1;2025-11-06;2;0
1;2025-11-06;3;0
1;2025-11-06;4;9
1;2025-11-06;5;125
1;2025-11-06;6;511
1;2025-11-06;7;1551
1;2025-11-06;8;2004
1;2025-11-06;9;1487
1;2025-11-06;10;1377
1;2025-11-06;11;1371
1;2025-11-06;12;1441
1;2025-11-06;13;1484
1;2025-11-06;14;1426
1;2025-11-06;15;1546
1;2025-11-06;16;1596
1;2025-11-06;17;1858
1;2025-11-06;18;1857
1;2025-11-06;19;1381
1;2025-11-06;20;899
1;2025-11-06;21;485
1;2025-11-06;22;187
1;2025-11-06;23;40
1;2025-11-07;0;5
1;2025-11-07;1;0
1;2025-11-07;2;0
1;2025-11-07;3;0
1;2025-11-07;4;8
1;2025-11-07;5;132
1;2025-11-07;6;511
1;2025-11-07;7;1559
1;2025-11-07;8;1972
1;2025-11-07;9;1481
1;2025-11-07;10;1361
1;2025-11-07;11;1398
1;2025-11-07;12;1430
1;2025-11-07;13;1490
1;2025-11-07;14;1436
1;2025-11-07;15;1574
1;2025-11-07;16;1642
1;2025-11-07;17;1867
1;2025-11-07;18;1733
1;2025-11-07;19;1313
1;2025-11-07;20;861
1;2025-11-07;21;493
1;2025-11-07;22;197
1;2025-11-07;23;45
1;2025-11-08;0;4
1;2025-11-08;1;0
1;2025-11-08;2;0
1;2025-11-08;3;0
1;2025-11-08;4;0
1;2025-11-08;5;31
1;2025-11-08;6;161
1;2025-11-08;7;370
1;2025-11-08;8;508
1;2025-11-08;9;770
1;2025-11-08;10;932
1;2025-11-08;11;910
1;2025-11-08;12;1085
1;2025-11-08;13;1150
1;2025-11-08;14;1057
1;2025-11-08;15;935
1;2025-11-08;16;811
1;2025-11-08;17;755
1;2025-11-08;18;654
1;2025-11-08;19;576
1;2025-11-08;20;443
1;2025-11-08;21;310
1;2025-11-08;22;121
1;2025-11-08;23;27
1;2025-11-09;0;0
1;2025-11-09;1;0
1;2025-11-09;2;0
1;2025-11-09;3;0
1;2025-11-09;4;0
1;2025-11-09;5;23
1;2025-11-09;6;119
1;2025-11-09;7;273
1;2025-11-09;8;368
1;2025-11-09;9;619
1;2025-11-09;10;708
1;2025-11-09;11;748
1;2025-11-09;12;845
1;2025-11-09;13;892
1;2025-11-09;14;837
1;2025-11-09;15;752
1;2025-11-09;16;679
1;2025-11-09;17;624
1;2025-11-09;18;546
1;2025-11-09;19;463
1;2025-11-09;20;346
1;2025-11-09;21;271
1;2025-11-09;22;101
1;2025-11-09;23;26
1;2025-11-10;0;2
1;2025-11-10;1;0
1;2025-11-10;2;0
1;2025-11-10;3;0
1;2025-11-10;4;9
1;2025-11-10;5;130
1;2025-11-10;6;518
1;2025-11-10;7;1571
1;2025-11-10;8;1999
1;2025-11-10;9;1469
1;2025-11-10;10;1338
1;2025-11-10;11;1358
1;2025-11-10;12;1425
1;2025-11-10;13;1482
1;2025-11-10;14;1438
1;2025-11-10;15;1562
1;2025-11-10;16;1611
1;2025-11-10;17;1893
1;2025-11-10;18;1896
1;2025-11-10;19;1413
1;2025-11-10;20;903
1;2025-11-10;21;476
1;2025-11-10;22;173
1;2025-11-10;23;36
1;2025-11-11;0;4
1;2025-11-11;1;0
1;2025-11-11;2;0
1;2025-11-11;3;0
1;2025-11-11;4;10
1;2025-11-11;5;128
1;2025-11-11;6;523
1;2025-11-11;7;1588
1;2025-11-11;8;2001
1;2025-11-11;9;1512
1;2025-11-11;10;1385
1;2025-11-11;11;1393
1;2025-11-11;12;1448
1;2025-11-11;13;1501
1;2025-11-11;14;1434
1;2025-11-11;15;1546
1;2025-11-11;16;1595
1;2025-11-11;17;1875
1;2025-11-11;18;1863
1;2025-11-11;19;1412
1;2025-11-11;20;902
1;2025-11-11;21;486
1;2025-11-11;22;183
1;2025-11-11;23;40
1;2025-11-12;0;4
1;2025-11-12;1;0
1;2025-11-12;2;0
1;2025-11-12;3;0
1;2025-11-12;4;9
1;2025-11-12;5;130
1;2025-11-12;6;525
1;2025-11-12;7;1554
1;2025-11-12;8;2004
1;2025-11-12;9;1491
1;2025-11-12;10;1357
1;2025-11-12;11;1381
1;2025-11-12;12;1432
1;2025-11-12;13;1506
1;2025-11-12;14;1430
1;2025-11-12;15;1561
1;2025-11-12;16;1593
1;2025-11-12;17;1865
1;2025-11-12;18;1852
1;2025-11-12;19;1395
1;2025-11-12;20;900
1;2025-11-12;21;483
1;2025-11-12;22;190
1;2025-11-12;23;39
1;2025-11-13;0;5
1;2025-11-13;1;0
1;2025-11-13;2;0
1;2025-11-13;3;0
1;2025-11-13;4;9
1;2025-11-13;5;126
1;2025-11-13;6;514
1;2025-11-13;7;1562
1;2025-11-13;8;2011
1;2025-11-13;9;1493
1;2025-11-13;10;1383
1;2025-11-13;11;1384
1;2025-11-13;12;1455
1;2025-11-13;13;1500
1;2025-11-13;14;1442
1;2025-11-13;15;1564
1;2025-11-13;16;1613
1;2025-11-13;17;1871
1;2025-11-13;18;1869
1;2025-11-13;19;1384
1;2025-11-13;20;904
1;2025-11-13;21;489
1;2025-11-13;22;188
1;2025-11-13;23;40
1;2025-11-14;0;5
1;2025-11-14;1;0
1;2025-11-14;2;0
1;2025-11-14;3;0
1;2025-11-14;4;8
1;2025-11-14;5;133
1;2025-11-14;6;514
1;2025-11-14;7;1566
1;2025-11-14;8;1974
1;2025-11-14;9;1485
1;2025-11-14;10;1365
1;2025-11-14;11;1407
1;2025-11-14;12;1440
1;2025-11-14;13;1501
1;2025-11-14;14;1447
1;2025-11-14;15;1587
1;2025-11-14;16;1655
1;2025-11-14;17;1875
1;2025-11-14;18;1737
1;2025-11-14;19;1314
1;2025-11-14;20;862
1;2025-11-14;21;494
1;2025-11-14;22;195
1;2025-11-14;23;45
1;2025-11-15;0;4
1;2025-11-15;1;0
1;2025-11-15;2;0
1;2025-11-15;3;0
1;2025-11-15;4;0
1;2025-11-15;5;32
1;2025-11-15;6;162
1;2025-11-15;7;363
1;2025-11-15;8;499
1;2025-11-15;9;756
1;2025-11-15;10;913
1;2025-11-15;11;891
1;2025-11-15;12;1073
1;2025-11-15;13;1133
1;2025-11-15;14;1042
1;2025-11-15;15;923
1;2025-11-15;16;801
1;2025-11-15;17;746
1;2025-11-15;18;638
1;2025-11-15;19;567
1;2025-11-15;20;434
1;2025-11-15;21;303
1;2025-11-15;22;118
1;2025-11-15;23;27
1;2025-11-16;0;0
1;2025-11-16;1;0
1;2025-11-16;2;0
1;2025-11-16;3;0
1;2025-11-16;4;0
1;2025-11-16;5;24
1;2025-11-16;6;120
1;2025-11-16;7;272
1;2025-11-16;8;364
1;2025-11-16;9;615
1;2025-11-16;10;707
1;2025-11-16;11;749
1;2025-11-16;12;849
1;2025-11-16;13;898
1;2025-11-16;14;841
1;2025-11-16;15;758
1;2025-11-16;16;684
1;2025-11-16;17;626
1;2025-11-16;18;545
1;2025-11-16;19;462
1;2025-11-16;20;345
1;2025-11-16;21;271
1;2025-11-16;22;101
1;2025-11-16;23;28
1;2025-11-17;0;2
1;2025-11-17;1;0
1;2025-11-17;2;0
1;2025-11-17;3;0
1;2025-11-17;4;9
1;2025-11-17;5;129
1;2025-11-17;6;519
1;2025-11-17;7;1560
1;2025-11-17;8;1980
1;2025-11-17;9;1458
1;2025-11-17;10;1326
1;2025-11-17;11;1347
1;2025-11-17;12;1416
1;2025-11-17;13;1469
1;2025-11-17;14;1426
1;2025-11-17;15;1550
1;2025-11-17;16;1600
1;2025-11-17;17;1879
1;2025-11-17;18;1877
1;2025-11-17;19;1402
1;2025-11-17;20;896
1;2025-11-17;21;475
1;2025-11-17;22;174
1;2025-11-17;23;37
1;2025-11-18;0;5
1;2025-11-18;1;0
1;2025-11-18;2;0
1;2025-11-18;3;0
1;2025-11-18;4;9
1;2025-11-18;5;127
1;2025-11-18;6;522
1;2025-11-18;7;1559
1;2025-11-18;8;1891
1;2025-11-18;9;1492
1;2025-11-18;10;1358
1;2025-11-18;11;1366
1;2025-11-18;12;1422
1;2025-11-18;13;1466
1;2025-11-18;14;1402
1;2025-11-18;15;1515
1;2025-11-18;16;1563
1;2025-11-18;17;1842
1;2025-11-18;18;1824
1;2025-11-18;19;1390
1;2025-11-18;20;887
1;2025-11-18;21;482
1;2025-11-18;22;183
1;2025-11-18;23;40
1;2025-11-19;0;4
1;2025-11-19;1;0
1;2025-11-19;2;0
1;2025-11-19;3;0
1;2025-11-19;4;9
1;2025-11-19;5;130
1;2025-11-19;6;528
1;2025-11-19;7;1559
1;2025-11-19;8;2004
1;2025-11-19;9;1493
1;2025-11-19;10;1358
1;2025-11-19;11;1389
1;2025-11-19;12;1442
1;2025-11-19;13;1520
1;2025-11-19;14;1442
1;2025-11-19;15;1574
1;2025-11-19;16;1604
1;2025-11-19;17;1872
1;2025-11-19;18;1856
1;2025-11-19;19;1395
1;2025-11-19;20;901
1;2025-11-19;21;484
1;2025-11-19;22;190
1;2025-11-19;23;39
1;2025-11-20;0;4
1;2025-11-20;1;0
1;2025-11-20;2;0
1;2025-11-20;3;0
1;2025-11-20;4;9
1;2025-11-20;5;127
1;2025-11-20;6;517
1;2025-11-20;7;1565
1;2025-11-20;8;2008
1;2025-11-20;9;1490
1;2025-11-20;10;1380
1;2025-11-20;11;1387
1;2025-11-20;12;1459
1;2025-11-20;13;1509
1;2025-11-20;14;1448
1;2025-11-20;15;1572
1;2025-11-20;16;1621
1;2025-11-20;17;1873
1;2025-11-20;18;1865
1;2025-11-20;19;1378
1;2025-11-20;20;902
1;2025-11-20;21;487
1;2025-11-20;22;187
1;2025-11-20;23;39
1;2025-11-21;0;5
1;2025-11-21;1;0
1;2025-11-21;2;0
1;2025-11-21;3;0
1;2025-11-21;4;8
1;2025-11-21;5;133
1;2025-11-21;6;516
1;2025-11-21;7;1569
1;2025-11-21;8;1969
1;2025-11-21;9;1482
1;2025-11-21;10;1362
1;2025-11-21;11;1410
1;2025-11-21;12;1444
1;2025-11-21;13;1508
1;2025-11-21;14;1453
1;2025-11-21;15;1594
1;2025-11-21;16;1661
1;2025-11-21;17;1876
1;2025-11-21;18;1734
1;2025-11-21;19;1307
1;2025-11-21;20;859
1;2025-11-21;21;492
1;2025-11-21;22;194
1;2025-11-21;23;46
1;2025-11-22;0;4
1;2025-11-22;1;0
1;2025-11-22;2;0
1;2025-11-22;3;0
1;2025-11-22;4;0
1;2025-11-22;5;31
1;2025-11-22;6;161
1;2025-11-22;7;365
1;2025-11-22;8;500
1;2025-11-22;9;760
1;2025-11-22;10;919
1;2025-11-22;11;902
1;2025-11-22;12;1082
1;2025-11-22;13;1145
1;2025-11-22;14;1055
1;2025-11-22;15;934
1;2025-11-22;16;810
1;2025-11-22;17;751
1;2025-11-22;18;646
1;2025-11-22;19;568
1;2025-11-22;20;436
1;2025-11-22;21;306
1;2025-11-22;22;118
1;2025-11-22;23;27
1;2025-11-23;0;0
1;2025-11-23;1;0
1;2025-11-23;2;0
1;2025-11-23;3;0
1;2025-11-23;4;0
1;2025-11-23;5;23
1;2025-11-23;6;119
1;2025-11-23;7;270
1;2025-11-23;8;364
1;2025-11-23;9;615
1;2025-11-23;10;706
1;2025-11-23;11;750
1;2025-11-23;12;848
1;2025-11-23;13;896
1;2025-11-23;14;842
1;2025-11-23;15;759
1;2025-11-23;16;683
1;2025-11-23;17;625
1;2025-11-23;18;543
1;2025-11-23;19;458
1;2025-11-23;20;343
1;2025-11-23;21;270
1;2025-11-23;22;100
1;2025-11-23;23;28
1;2025-11-24;0;2
1;2025-11-24;1;0
1;2025-11-24;2;0
1;2025-11-24;3;0
1;2025-11-24;4;9
1;2025-11-24;5;128
1;2025-11-24;6;517
1;2025-11-24;7;1545
1;2025-11-24;8;1961
1;2025-11-24;9;1449
1;2025-11-24;10;1313
1;2025-11-24;11;1335
1;2025-11-24;12;1403
1;2025-11-24;13;1454
1;2025-11-24;14;1413
1;2025-11-24;15;1538
1;2025-11-24;16;1584
1;2025-11-24;17;1861
1;2025-11-24;18;1857
1;2025-11-24;19;1389
1;2025-11-24;20;887
1;2025-11-24;21;474
1;2025-11-24;22;172
1;2025-11-24;23;37
1;2025-11-25;0;5
1;2025-11-25;1;0
1;2025-11-25;2;0
1;2025-11-25;3;0
1;2025-11-25;4;9
1;2025-11-25;5;128
1;2025-11-25;6;526
1;2025-11-25;7;1587
1;2025-11-25;8;1989
1;2025-11-25;9;1509
1;2025-11-25;10;1380
1;2025-11-25;11;1398
1;2025-11-25;12;1452
1;2025-11-25;13;1506
1;2025-11-25;14;1439
1;2025-11-25;15;1554
1;2025-11-25;16;1599
1;2025-11-25;17;1873
1;2025-11-25;18;1854
1;2025-11-25;19;1403
1;2025-11-25;20;897
1;2025-11-25;21;486
1;2025-11-25;22;182
1;2025-11-25;23;41
1;2025-11-26;0;5
1;2025-11-26;1;0
1;2025-11-26;2;0
1;2025-11-26;3;0
1;2025-11-26;4;9
1;2025-11-26;5;130
1;2025-11-26;6;528
1;2025-11-26;7;1541
1;2025-11-26;8;1982
1;2025-11-26;9;1481
1;2025-11-26;10;1343
1;2025-11-26;11;1371
1;2025-11-26;12;1428
1;2025-11-26;13;1496
1;2025-11-26;14;1424
1;2025-11-26;15;1556
1;2025-11-26;16;1582
1;2025-11-26;17;1849
1;2025-11-26;18;1827
1;2025-11-26;19;1379
1;2025-11-26;20;890
1;2025-11-26;21;480
1;2025-11-26;22;189
1;2025-11-26;23;39
1;2025-11-27;0;5
1;2025-11-27;1;0
1;2025-11-27;2;0
1;2025-11-27;3;0
1;2025-11-27;4;9
1;2025-11-27;5;125
1;2025-11-27;6;518
1;2025-11-27;7;1548
1;2025-11-27;8;1989
1;2025-11-27;9;1485
1;2025-11-27;10;1370
1;2025-11-27;11;1374
1;2025-11-27;12;1445
1;2025-11-27;13;1484
1;2025-11-27;14;1428
1;2025-11-27;15;1553
1;2025-11-27;16;1597
1;2025-11-27;17;1852
1;2025-11-27;18;1842
1;2025-11-27;19;1366
1;2025-11-27;20;893
1;2025-11-27;21;488
1;2025-11-27;22;188
1;2025-11-27;23;41
1;2025-11-28;0;6
1;2025-11-28;1;0
1;2025-11-28;2;0
1;2025-11-28;3;0
1;2025-11-28;4;8
1;2025-11-28;5;133
1;2025-11-28;6;514
1;2025-11-28;7;1556
1;2025-11-28;8;1952
1;2025-11-28;9;1473
1;2025-11-28;10;1351
1;2025-11-28;11;1402
1;2025-11-28;12;1433
1;2025-11-28;13;1495
1;2025-11-28;14;1444
1;2025-11-28;15;1584
1;2025-11-28;16;1647
1;2025-11-28;17;1860
1;2025-11-28;18;1721
1;2025-11-28;19;1297
1;2025-11-28;20;852
1;2025-11-28;21;492
1;2025-11-28;22;194
1;2025-11-28;23;46
1;2025-11-29;0;4
1;2025-11-29;1;0
1;2025-11-29;2;0
1;2025-11-29;3;0
1;2025-11-29;4;0
1;2025-11-29;5;31
1;2025-11-29;6;162
1;2025-11-29;7;368
1;2025-11-29;8;504
1;2025-11-29;9;768
1;2025-11-29;10;928
1;2025-11-29;11;915
1;2025-11-29;12;1096
1;2025-11-29;13;1161
1;2025-11-29;14;1069
1;2025-11-29;15;948
1;2025-11-29;16;820
1;2025-11-29;17;759
1;2025-11-29;18;651
1;2025-11-29;19;571
1;2025-11-29;20;439
1;2025-11-29;21;309
1;2025-11-29;22;120
1;2025-11-29;23;28
1;2025-11-30;0;0
1;2025-11-30;1;0
1;2025-11-30;2;0
1;2025-11-30;3;0
1;2025-11-30;4;0
1;2025-11-30;5;23
1;2025-11-30;6;119
1;2025-11-30;7;269
1;2025-11-30;8;363
1;2025-11-30;9;616
1;2025-11-30;10;704
1;2025-11-30;11;749
1;2025-11-30;12;848
1;2025-11-30;13;894
1;2025-11-30;14;841
1;2025-11-30;15;760
1;2025-11-30;16;681
1;2025-11-30;17;625
1;2025-11-30;18;542
1;2025-11-30;19;459
1;2025-11-30;20;343
1;2025-11-30;21;271
1;2025-11-30;22;101
1;2025-11-30;23;29
1;2025-12-01;0;2
1;2025-12-01;1;0
1;2025-12-01;2;0
1;2025-12-01;3;0
1;2025-12-01;4;10
1;2025-12-01;5;132
1;2025-12-01;6;536
1;2025-12-01;7;1606
1;2025-12-01;8;2033
1;2025-12-01;9;1503
1;2025-12-01;10;1365
1;2025-12-01;11;1399
1;2025-12-01;12;1465
1;2025-12-01;13;1522
1;2025-12-01;14;1479
1;2025-12-01;15;1611
1;2025-12-01;16;1653
1;2025-12-01;17;1935
1;2025-12-01;18;1930
1;2025-12-01;19;1436
1;2025-12-01;20;919
1;2025-12-01;21;492
1;2025-12-01;22;178
1;2025-12-01;23;38
1;2025-12-02;0;5
1;2025-12-02;1;0
1;2025-12-02;2;0
1;2025-12-02;3;0
1;2025-12-02;4;9
1;2025-12-02;5;132
1;2025-12-02;6;542
1;2025-12-02;7;1624
1;2025-12-02;8;2033
1;2025-12-02;9;1548
1;2025-12-02;10;1413
1;2025-12-02;11;1435
1;2025-12-02;12;1488
1;2025-12-02;13;1542
1;2025-12-02;14;1474
1;2025-12-02;15;1594
1;2025-12-02;16;1636
1;2025-12-02;17;1915
1;2025-12-02;18;1895
1;2025-12-02;19;1435
1;2025-12-02;20;918
1;2025-12-02;21;501
1;2025-12-02;22;187
1;2025-12-02;23;43
1;2025-12-03;0;5
1;2025-12-03;1;0
1;2025-12-03;2;0
1;2025-12-03;3;0
1;2025-12-03;4;9
1;2025-12-03;5;134
1;2025-12-03;6;545
1;2025-12-03;7;1594
1;2025-12-03;8;2044
1;2025-12-03;9;1530
1;2025-12-03;10;1390
1;2025-12-03;11;1430
1;2025-12-03;12;1479
1;2025-12-03;13;1556
1;2025-12-03;14;1478
1;2025-12-03;15;1618
1;2025-12-03;16;1640
1;2025-12-03;17;1912
1;2025-12-03;18;1891
1;2025-12-03;19;1423
1;2025-12-03;20;921
1;2025-12-03;21;500
1;2025-12-03;22;197
1;2025-12-03;23;43
1;2025-12-04;0;5
1;2025-12-04;1;0
1;2025-12-04;2;0
1;2025-12-04;3;0
1;2025-12-04;4;9
1;2025-12-04;5;129
1;2025-12-04;6;533
1;2025-12-04;7;1599
1;2025-12-04;8;2048
1;2025-12-04;9;1531
1;2025-12-04;10;1413
1;2025-12-04;11;1428
1;2025-12-04;12;1496
1;2025-12-04;13;1543
1;2025-12-04;14;1484
1;2025-12-04;15;1615
1;2025-12-04;16;1656
1;2025-12-04;17;1912
1;2025-12-04;18;1903
1;2025-12-04;19;1407
1;2025-12-04;20;922
1;2025-12-04;21;505
1;2025-12-04;22;195
1;2025-12-04;23;44
1;2025-12-05;0;5
1;2025-12-05;1;0
1;2025-12-05;2;0
1;2025-12-05;3;0
1;2025-12-05;4;8
1;2025-12-05;5;136
1;2025-12-05;6;533
1;2025-12-05;7;1604
1;2025-12-05;8;2009
1;2025-12-05;9;1523
1;2025-12-05;10;1395
1;2025-12-05;11;1454
1;2025-12-05;12;1484
1;2025-12-05;13;1547
1;2025-12-05;14;1493
1;2025-12-05;15;1639
1;2025-12-05;16;1701
1;2025-12-05;17;1920
1;2025-12-05;18;1767
1;2025-12-05;19;1334
1;2025-12-05;20;879
1;2025-12-05;21;510
1;2025-12-05;22;201
1;2025-12-05;23;49
1;2025-12-06;0;4
1;2025-12-06;1;0
1;2025-12-06;2;0
1;2025-12-06;3;0
1;2025-12-06;4;0
1;2025-12-06;5;32
1;2025-12-06;6;166
1;2025-12-06;7;375
1;2025-12-06;8;515
1;2025-12-06;9;787
1;2025-12-06;10;947
1;2025-12-06;11;936
1;2025-12-06;12;1119
1;2025-12-06;13;1185
1;2025-12-06;14;1092
1;2025-12-06;15;970
1;2025-12-06;16;836
1;2025-12-06;17;775
1;2025-12-06;18;663
1;2025-12-06;19;584
1;2025-12-06;20;449
1;2025-12-06;21;316
1;2025-12-06;22;124
1;2025-12-06;23;29
1;2025-12-07;0;0
1;2025-12-07;1;0
1;2025-12-07;2;0
1;2025-12-07;3;0
1;2025-12-07;4;0
1;2025-12-07;5;23
1;2025-12-07;6;121
1;2025-12-07;7;272
1;2025-12-07;8;368
1;2025-12-07;9;625
1;2025-12-07;10;713
1;2025-12-07;11;761
1;2025-12-07;12;862
1;2025-12-07;13;909
1;2025-12-07;14;856
1;2025-12-07;15;772
1;2025-12-07;16;692
1;2025-12-07;17;635
1;2025-12-07;18;548
1;2025-12-07;19;464
1;2025-12-07;20;347
1;2025-12-07;21;275
1;2025-12-07;22;103
1;2025-12-07;23;29
1;2025-12-08;0;2
1;2025-12-08;1;0
1;2025-12-08;2;0
1;2025-12-08;3;0
1;2025-12-08;4;9
1;2025-12-08;5;132
1;2025-12-08;6;538
1;2025-12-08;7;1603
1;2025-12-08;8;2026
1;2025-12-08;9;1503
1;2025-12-08;10;1362
1;2025-12-08;11;1400
1;2025-12-08;12;1465
1;2025-12-08;13;1520
1;2025-12-08;14;1478
1;2025-12-08;15;1612
1;2025-12-08;16;1652
1;2025-12-08;17;1930
1;2025-12-08;18;1926
1;2025-12-08;19;1433
1;2025-12-08;20;917
1;2025-12-08;21;493
1;2025-12-08;22;180
1;2025-12-08;23;40
1;2025-12-09;0;5
1;2025-12-09;1;0
1;2025-12-09;2;0
1;2025-12-09;3;0
1;2025-12-09;4;10
1;2025-12-09;5;131
1;2025-12-09;6;543
1;2025-12-09;7;1618
1;2025-12-09;8;2021
1;2025-12-09;9;1543
1;2025-12-09;10;1408
1;2025-12-09;11;1433
1;2025-12-09;12;1485
1;2025-12-09;13;1539
1;2025-12-09;14;1469
1;2025-12-09;15;1591
1;2025-12-09;16;1631
1;2025-12-09;17;1907
1;2025-12-09;18;1885
1;2025-12-09;19;1428
1;2025-12-09;20;915
1;2025-12-09;21;501
1;2025-12-09;22;188
1;2025-12-09;23;43
1;2025-12-10;0;5
1;2025-12-10;1;0
1;2025-12-10;2;0
1;2025-12-10;3;0
1;2025-12-10;4;9
1;2025-12-10;5;133
1;2025-12-10;6;545
1;2025-12-10;7;1584
1;2025-12-10;8;2029
1;2025-12-10;9;1523
1;2025-12-10;10;1381
1;2025-12-10;11;1423
1;2025-12-10;12;1473
1;2025-12-10;13;1547
1;2025-12-10;14;1471
1;2025-12-10;15;1611
1;2025-12-10;16;1632
1;2025-12-10;17;1899
1;2025-12-10;18;1878
1;2025-12-10;19;1412
1;2025-12-10;20;915
1;2025-12-10;21;499
1;2025-12-10;22;198
1;2025-12-10;23;43
1;2025-12-11;0;5
1;2025-12-11;1;0
1;2025-12-11;2;0
1;2025-12-11;3;0
1;2025-12-11;4;9
1;2025-12-11;5;128
1;2025-12-11;6;535
1;2025-12-11;7;1579
1;2025-12-11;8;2023
1;2025-12-11;9;1517
1;2025-12-11;10;1395
1;2025-12-11;11;1410
1;2025-12-11;12;1481
1;2025-12-11;13;1518
1;2025-12-11;14;1463
1;2025-12-11;15;1595
1;2025-12-11;16;1634
1;2025-12-11;17;1888
1;2025-12-11;18;1875
1;2025-12-11;19;1390
1;2025-12-11;20;911
1;2025-12-11;21;502
1;2025-12-11;22;195
1;2025-12-11;23;44
1;2025-12-12;0;6
1;2025-12-12;1;0
1;2025-12-12;2;0
1;2025-12-12;3;0
1;2025-12-12;4;8
1;2025-12-12;5;137
1;2025-12-12;6;533
1;2025-12-12;7;1586
1;2025-12-12;8;1985
1;2025-12-12;9;1510
1;2025-12-12;10;1380
1;2025-12-12;11;1438
1;2025-12-12;12;1469
1;2025-12-12;13;1525
1;2025-12-12;14;1473
1;2025-12-12;15;1618
1;2025-12-12;16;1678
1;2025-12-12;17;1892
1;2025-12-12;18;1740
1;2025-12-12;19;1317
1;2025-12-12;20;867
1;2025-12-12;21;507
1;2025-12-12;22;201
1;2025-12-12;23;50
1;2025-12-13;0;4
1;2025-12-13;1;0
1;2025-12-13;2;0
1;2025-12-13;3;0
1;2025-12-13;4;0
1;2025-12-13;5;33
1;2025-12-13;6;168
1;2025-12-13;7;373
1;2025-12-13;8;506
1;2025-12-13;9;779
1;2025-12-13;10;940
1;2025-12-13;11;930
1;2025-12-13;12;1118
1;2025-12-13;13;1183
1;2025-12-13;14;1089
1;2025-12-13;15;965
1;2025-12-13;16;834
1;2025-12-13;17;772
1;2025-12-13;18;659
1;2025-12-13;19;580
1;2025-12-13;20;445
1;2025-12-13;21;314
1;2025-12-13;22;125
1;2025-12-13;23;30
1;2025-12-14;0;0
1;2025-12-14;1;0
1;2025-12-14;2;0
1;2025-12-14;3;0
1;2025-12-14;4;0
1;2025-12-14;5;24
1;2025-12-14;6;123
1;2025-12-14;7;271
1;2025-12-14;8;361
1;2025-12-14;9;620
1;2025-12-14;10;707
1;2025-12-14;11;758
1;2025-12-14;12;859
1;2025-12-14;13;907
1;2025-12-14;14;852
1;2025-12-14;15;769
1;2025-12-14;16;690
1;2025-12-14;17;631
1;2025-12-14;18;544
1;2025-12-14;19;461
1;2025-12-14;20;345
1;2025-12-14;21;272
1;2025-12-14;22;104
1;2025-12-14;23;29
1;2025-12-15;0;2
1;2025-12-15;1;0
1;2025-12-15;2;0
1;2025-12-15;3;0
1;2025-12-15;4;9
1;2025-12-15;5;136
1;2025-12-15;6;545
1;2025-12-15;7;1601
1;2025-12-15;8;2007
1;2025-12-15;9;1493
1;2025-12-15;10;1357
1;2025-12-15;11;1400
1;2025-12-15;12;1467
1;2025-12-15;13;1523
1;2025-12-15;14;1475
1;2025-12-15;15;1610
1;2025-12-15;16;1648
1;2025-12-15;17;1921
1;2025-12-15;18;1916
1;2025-12-15;19;1427
1;2025-12-15;20;916
1;2025-12-15;21;493
1;2025-12-15;22;184
1;2025-12-15;23;42
1;2025-12-16;0;5
1;2025-12-16;1;0
1;2025-12-16;2;0
1;2025-12-16;3;0
1;2025-12-16;4;10
1;2025-12-16;5;132
1;2025-12-16;6;549
1;2025-12-16;7;1619
1;2025-12-16;8;2019
1;2025-12-16;9;1547
1;2025-12-16;10;1409
1;2025-12-16;11;1436
1;2025-12-16;12;1488
1;2025-12-16;13;1538
1;2025-12-16;14;1469
1;2025-12-16;15;1592
1;2025-12-16;16;1632
1;2025-12-16;17;1906
1;2025-12-16;18;1885
1;2025-12-16;19;1429
1;2025-12-16;20;918
1;2025-12-16;21;504
1;2025-12-16;22;194
1;2025-12-16;23;45
1;2025-12-17;0;5
1;2025-12-17;1;0
1;2025-12-17;2;0
1;2025-12-17;3;0
1;2025-12-17;4;9
1;2025-12-17;5;134
1;2025-12-17;6;548
1;2025-12-17;7;1589
1;2025-12-17;8;2033
1;2025-12-17;9;1531
1;2025-12-17;10;1387
1;2025-12-17;11;1434
1;2025-12-17;12;1479
1;2025-12-17;13;1552
1;2025-12-17;14;1477
1;2025-12-17;15;1619
1;2025-12-17;16;1636
1;2025-12-17;17;1905
1;2025-12-17;18;1884
1;2025-12-17;19;1417
1;2025-12-17;20;917
1;2025-12-17;21;504
1;2025-12-17;22;201
1;2025-12-17;23;44
1;2025-12-18;0;5
1;2025-12-18;1;0
1;2025-12-18;2;0
1;2025-12-18;3;0
1;2025-12-18;4;9
1;2025-12-18;5;129
1;2025-12-18;6;536
1;2025-12-18;7;1592
1;2025-12-18;8;2033
1;2025-12-18;9;1526
1;2025-12-18;10;1406
1;2025-12-18;11;1427
1;2025-12-18;12;1494
1;2025-12-18;13;1539
1;2025-12-18;14;1480
1;2025-12-18;15;1614
1;2025-12-18;16;1650
1;2025-12-18;17;1902
1;2025-12-18;18;1891
1;2025-12-18;19;1397
1;2025-12-18;20;918
1;2025-12-18;21;505
1;2025-12-18;22;197
1;2025-12-18;23;45
1;2025-12-19;0;6
1;2025-12-19;1;0
1;2025-12-19;2;0
1;2025-12-19;3;0
1;2025-12-19;4;8
1;2025-12-19;5;137
1;2025-12-19;6;538
1;2025-12-19;7;1599
1;2025-12-19;8;1994
1;2025-12-19;9;1518
1;2025-12-19;10;1388
1;2025-12-19;11;1452
1;2025-12-19;12;1481
1;2025-12-19;13;1543
1;2025-12-19;14;1490
1;2025-12-19;15;1639
1;2025-12-19;16;1696
1;2025-12-19;17;1909
1;2025-12-19;18;1758
1;2025-12-19;19;1325
1;2025-12-19;20;875
1;2025-12-19;21;511
1;2025-12-19;22;204
1;2025-12-19;23;50
1;2025-12-20;0;5
1;2025-12-20;1;0
1;2025-12-20;2;0
1;2025-12-20;3;0
1;2025-12-20;4;0
1;2025-12-20;5;32
1;2025-12-20;6;167
1;2025-12-20;7;373
1;2025-12-20;8;510
1;2025-12-20;9;784
1;2025-12-20;10;942
1;2025-12-20;11;933
1;2025-12-20;12;1119
1;2025-12-20;13;1183
1;2025-12-20;14;1092
1;2025-12-20;15;971
1;2025-12-20;16;836
1;2025-12-20;17;774
1;2025-12-20;18;660
1;2025-12-20;19;581
1;2025-12-20;20;447
1;2025-12-20;21;316
1;2025-12-20;22;125
1;2025-12-20;23;30
1;2025-12-21;0;0
1;2025-12-21;1;0
1;2025-12-21;2;0
1;2025-12-21;3;0
1;2025-12-21;4;0
1;2025-12-21;5;23
1;2025-12-21;6;122
1;2025-12-21;7;269
1;2025-12-21;8;365
1;2025-12-21;9;624
1;2025-12-21;10;709
1;2025-12-21;11;757
1;2025-12-21;12;859
1;2025-12-21;13;903
1;2025-12-21;14;852
1;2025-12-21;15;769
1;2025-12-21;16;689
1;2025-12-21;17;631
1;2025-12-21;18;545
1;2025-12-21;19;462
1;2025-12-21;20;345
1;2025-12-21;21;274
1;2025-12-21;22;103
1;2025-12-21;23;29
1;2025-12-22;0;3
1;2025-12-22;1;0
1;2025-12-22;2;0
1;2025-12-22;3;0
1;2025-12-22;4;10
1;2025-12-22;5;133
1;2025-12-22;6;540
1;2025-12-22;7;1588
1;2025-12-22;8;2001
1;2025-12-22;9;1492
1;2025-12-22;10;1350
1;2025-12-22;11;1391
1;2025-12-22;12;1453
1;2025-12-22;13;1505
1;2025-12-22;14;1465
1;2025-12-22;15;1600
1;2025-12-22;16;1634
1;2025-12-22;17;1908
1;2025-12-22;18;1901
1;2025-12-22;19;1414
1;2025-12-22;20;908
1;2025-12-22;21;492
1;2025-12-22;22;182
1;2025-12-22;23;42
1;2025-12-23;0;5
1;2025-12-23;1;0
1;2025-12-23;2;0
1;2025-12-23;3;0
1;2025-12-23;4;10
1;2025-12-23;5;136
1;2025-12-23;6;557
1;2025-12-23;7;1615
1;2025-12-23;8;1992
1;2025-12-23;9;1530
1;2025-12-23;10;1399
1;2025-12-23;11;1435
1;2025-12-23;12;1491
1;2025-12-23;13;1546
1;2025-12-23;14;1466
1;2025-12-23;15;1590
1;2025-12-23;16;1629
1;2025-12-23;17;1895
1;2025-12-23;18;1872
1;2025-12-23;19;1420
1;2025-12-23;20;910
1;2025-12-23;21;502
1;2025-12-23;22;197
1;2025-12-23;23;46
1;2025-12-24;0;4
1;2025-12-24;1;0
1;2025-12-24;2;0
1;2025-12-24;3;0
1;2025-12-24;4;9
1;2025-12-24;5;139
1;2025-12-24;6;559
1;2025-12-24;7;1585
1;2025-12-24;8;2006
1;2025-12-24;9;1516
1;2025-12-24;10;1379
1;2025-12-24;11;1432
1;2025-12-24;12;1484
1;2025-12-24;13;1559
1;2025-12-24;14;1471
1;2025-12-24;15;1614
1;2025-12-24;16;1634
1;2025-12-24;17;1893
1;2025-12-24;18;1871
1;2025-12-24;19;1410
1;2025-12-24;20;922
1;2025-12-24;21;505
1;2025-12-24;22;209
1;2025-12-24;23;46
1;2025-12-25;0;6
1;2025-12-25;1;0
1;2025-12-25;2;0
1;2025-12-25;3;0
1;2025-12-25;4;9
1;2025-12-25;5;130
1;2025-12-25;6;539
1;2025-12-25;7;1578
1;2025-12-25;8;2010
1;2025-12-25;9;1514
1;2025-12-25;10;1395
1;2025-12-25;11;1418
1;2025-12-25;12;1487
1;2025-12-25;13;1525
1;2025-12-25;14;1467
1;2025-12-25;15;1601
1;2025-12-25;16;1636
1;2025-12-25;17;1883
1;2025-12-25;18;1868
1;2025-12-25;19;1382
1;2025-12-25;20;908
1;2025-12-25;21;503
1;2025-12-25;22;200
1;2025-12-25;23;45
1;2025-12-26;0;6
1;2025-12-26;1;0
1;2025-12-26;2;0
1;2025-12-26;3;0
1;2025-12-26;4;8
1;2025-12-26;5;135
1;2025-12-26;6;534
1;2025-12-26;7;1566
1;2025-12-26;8;1957
1;2025-12-26;9;1495
1;2025-12-26;10;1364
1;2025-12-26;11;1423
1;2025-12-26;12;1454
1;2025-12-26;13;1505
1;2025-12-26;14;1455
1;2025-12-26;15;1605
1;2025-12-26;16;1660
1;2025-12-26;17;1872
1;2025-12-26;18;1719
1;2025-12-26;19;1302
1;2025-12-26;20;858
1;2025-12-26;21;503
1;2025-12-26;22;204
1;2025-12-26;23;52
1;2025-12-27;0;5
1;2025-12-27;1;0
1;2025-12-27;2;0
1;2025-12-27;3;0
1;2025-12-27;4;0
1;2025-12-27;5;32
1;2025-12-27;6;168
1;2025-12-27;7;371
1;2025-12-27;8;507
1;2025-12-27;9;780
1;2025-12-27;10;935
1;2025-12-27;11;925
1;2025-12-27;12;1112
1;2025-12-27;13;1175
1;2025-12-27;14;1085
1;2025-12-27;15;963
1;2025-12-27;16;831
1;2025-12-27;17;770
1;2025-12-27;18;656
1;2025-12-27;19;578
1;2025-12-27;20;444
1;2025-12-27;21;313
1;2025-12-27;22;126
1;2025-12-27;23;31
1;2025-12-28;0;0
1;2025-12-28;1;0
1;2025-12-28;2;0
1;2025-12-28;3;0
1;2025-12-28;4;0
1;2025-12-28;5;24
1;2025-12-28;6;124
1;2025-12-28;7;267
1;2025-12-28;8;360
1;2025-12-28;9;618
1;2025-12-28;10;700
1;2025-12-28;11;748
1;2025-12-28;12;851
1;2025-12-28;13;895
1;2025-12-28;14;844
1;2025-12-28;15;762
1;2025-12-28;16;683
1;2025-12-28;17;627
1;2025-12-28;18;539
1;2025-12-28;19;458
1;2025-12-28;20;342
1;2025-12-28;21;271
1;2025-12-28;22;104
1;2025-12-28;23;30
1;2025-12-29;0;2
1;2025-12-29;1;0
1;2025-12-29;2;0
1;2025-12-29;3;0
1;2025-12-29;4;7
1;2025-12-29;5;117
1;2025-12-29;6;472
1;2025-12-29;7;1371
1;2025-12-29;8;1720
1;2025-12-29;9;1287
1;2025-12-29;10;1167
1;2025-12-29;11;1206
1;2025-12-29;12;1260
1;2025-12-29;13;1303
1;2025-12-29;14;1265
1;2025-12-29;15;1384
1;2025-12-29;16;1412
1;2025-12-29;17;1646
1;2025-12-29;18;1640
1;2025-12-29;19;1221
1;2025-12-29;20;784
1;2025-12-29;21;426
1;2025-12-29;22;162
1;2025-12-29;23;38
1;2025-12-30;0;3
1;2025-12-30;1;0
1;2025-12-30;2;0
1;2025-12-30;3;0
1;2025-12-30;4;8
1;2025-12-30;5;116
1;2025-12-30;6;478
1;2025-12-30;7;1382
1;2025-12-30;8;1712
1;2025-12-30;9;1324
1;2025-12-30;10;1206
1;2025-12-30;11;1233
1;2025-12-30;12;1279
1;2025-12-30;13;1317
1;2025-12-30;14;1256
1;2025-12-30;15;1365
1;2025-12-30;16;1393
1;2025-12-30;17;1624
1;2025-12-30;18;1593
1;2025-12-30;19;1217
1;2025-12-30;20;782
1;2025-12-30;21;433
1;2025-12-30;22;171
1;2025-12-30;23;40
1;2025-12-31;0;0
1;2025-12-31;1;0
1;2025-12-31;2;0
1;2025-12-31;3;0
1;2025-12-31;4;0
1;2025-12-31;5;22
1;2025-12-31;6;110
1;2025-12-31;7;226
1;2025-12-31;8;308
1;2025-12-31;9;529
1;2025-12-31;10;596
1;2025-12-31;11;640
1;2025-12-31;12;728
1;2025-12-31;13;770
1;2025-12-31;14;722
1;2025-12-31;15;652
1;2025-12-31;16;580
1;2025-12-31;17;533
1;2025-12-31;18;464
1;2025-12-31;19;395
1;2025-12-31;20;0
1;2025-12-31;21;0
1;2025-12-31;22;0
1;2025-12-31;23;0
5;2025-11-01;0;0
5;2025-11-01;1;0
5;2025-11-01;2;0
5;2025-11-01;3;0
5;2025-11-01;4;0
5;2025-11-01;5;0
5;2025-11-01;6;0
5;2025-11-01;7;0
5;2025-11-01;8;0
5;2025-11-01;9;0
5;2025-11-01;10;0
5;2025-11-01;11;0
5;2025-11-01;12;0
5;2025-11-01;13;0
5;2025-11-01;14;0
5;2025-11-01;15;0
5;2025-11-01;16;0
5;2025-11-01;17;0
5;2025-11-01;18;0
5;2025-11-01;19;0
5;2025-11-01;20;0
5;2025-11-01;21;0
5;2025-11-01;22;0
5;2025-11-01;23;0
5;2025-11-02;0;0
5;2025-11-02;1;0
5;2025-11-02;2;0
5;2025-11-02;3;0
5;2025-11-02;4;0
5;2025-11-02;5;0
5;2025-11-02;6;0
5;2025-11-02;7;0
5;2025-11-02;8;0
5;2025-11-02;9;0
5;2025-11-02;10;0
5;2025-11-02;11;0
5;2025-11-02;12;0
5;2025-11-02;13;0
5;2025-11-02;14;0
5;2025-11-02;15;0
5;2025-11-02;16;0
5;2025-11-02;17;0
5;2025-11-02;18;0
5;2025-11-02;19;0
5;2025-11-02;20;0
5;2025-11-02;21;0
5;2025-11-02;22;0
5;2025-11-02;23;0
5;2025-11-03;0;0
5;2025-11-03;1;0
5;2025-11-03;2;0
5;2025-11-03;3;0
5;2025-11-03;4;0
5;2025-11-03;5;0
5;2025-11-03;6;0
5;2025-11-03;7;0
5;2025-11-03;8;0
5;2025-11-03;9;0
5;2025-11-03;10;0
5;2025-11-03;11;0
5;2025-11-03;12;0
5;2025-11-03;13;0
5;2025-11-03;14;0
5;2025-11-03;15;0
5;2025-11-03;16;0
5;2025-11-03;17;0
5;2025-11-03;18;0
5;2025-11-03;19;0
5;2025-11-03;20;0
5;2025-11-03;21;0
5;2025-11-03;22;0
5;2025-11-03;23;0
5;2025-11-04;0;0
5;2025-11-04;1;0
5;2025-11-04;2;0
5;2025-11-04;3;0
5;2025-11-04;4;0
5;2025-11-04;5;0
5;2025-11-04;6;0
5;2025-11-04;7;0
5;2025-11-04;8;0
5;2025-11-04;9;0
5;2025-11-04;10;0
5;2025-11-04;11;0
5;2025-11-04;12;0
5;2025-11-04;13;0
5;2025-11-04;14;0
5;2025-11-04;15;0
5;2025-11-04;16;0
5;2025-11-04;17;0
5;2025-11-04;18;0
5;2025-11-04;19;0
5;2025-11-04;20;0
5;2025-11-04;21;0
5;2025-11-04;22;0
5;2025-11-04;23;0
5;2025-11-05;0;0
5;2025-11-05;1;0
5;2025-11-05;2;0
5;2025-11-05;3;0
5;2025-11-05;4;0
5;2025-11-05;5;0
5;2025-11-05;6;0
5;2025-11-05;7;0
5;2025-11-05;8;0
5;2025-11-05;9;0
5;2025-11-05;10;0
5;2025-11-05;11;0
5;2025-11-05;12;0
5;2025-11-05;13;0
5;2025-11-05;14;0
5;2025-11-05;15;0
5;2025-11-05;16;0
5;2025-11-05;17;0
5;2025-11-05;18;0
5;2025-11-05;19;0
5;2025-11-05;20;0
5;2025-11-05;21;0
5;2025-11-05;22;0
5;2025-11-05;23;0
5;2025-11-06;0;0
5;2025-11-06;1;0
5;2025-11-06;2;0
5;2025-11-06;3;0
5;2025-11-06;4;0
5;2025-11-06;5;0
5;2025-11-06;6;0
5;2025-11-06;7;0
5;2025-11-06;8;0
5;2025-11-06;9;0
5;2025-11-06;10;0
5;2025-11-06;11;0
5;2025-11-06;12;0
5;2025-11-06;13;0
5;2025-11-06;14;0
5;2025-11-06;15;0
5;2025-11-06;16;0
5;2025-11-06;17;0
5;2025-11-06;18;0
5;2025-11-06;19;0
5;2025-11-06;20;0
5;2025-11-06;21;0
5;2025-11-06;22;0
5;2025-11-06;23;0
5;2025-11-07;0;0
5;2025-11-07;1;0
5;2025-11-07;2;0
5;2025-11-07;3;0
5;2025-11-07;4;0
5;2025-11-07;5;0
5;2025-11-07;6;0
5;2025-11-07;7;0
5;2025-11-07;8;0
5;2025-11-07;9;0
5;2025-11-07;10;0
5;2025-11-07;11;0
5;2025-11-07;12;0
5;2025-11-07;13;0
5;2025-11-07;14;0
5;2025-11-07;15;0
5;2025-11-07;16;0
5;2025-11-07;17;0
5;2025-11-07;18;0
5;2025-11-07;19;0
5;2025-11-07;20;0
5;2025-11-07;21;0
5;2025-11-07;22;0
5;2025-11-07;23;0
5;2025-11-08;0;0
5;2025-11-08;1;0
5;2025-11-08;2;0
5;2025-11-08;3;0
5;2025-11-08;4;0
5;2025-11-08;5;0
5;2025-11-08;6;0
5;2025-11-08;7;0
5;2025-11-08;8;0
5;2025-11-08;9;0
5;2025-11-08;10;0
5;2025-11-08;11;0
5;2025-11-08;12;0
5;2025-11-08;13;0
5;2025-11-08;14;0
5;2025-11-08;15;0
5;2025-11-08;16;0
5;2025-11-08;17;0
5;2025-11-08;18;0
5;2025-11-08;19;0
5;2025-11-08;20;0
5;2025-11-08;21;0
5;2025-11-08;22;0
5;2025-11-08;23;0
5;2025-11-09;0;0
5;2025-11-09;1;0
5;2025-11-09;2;0
5;2025-11-09;3;0
5;2025-11-09;4;0
5;2025-11-09;5;0
5;2025-11-09;6;0
5;2025-11-09;7;0
5;2025-11-09;8;0
5;2025-11-09;9;0
5;2025-11-09;10;0
5;2025-11-09;11;0
5;2025-11-09;12;0
5;2025-11-09;13;0
5;2025-11-09;14;0
5;2025-11-09;15;0
5;2025-11-09;16;0
5;2025-11-09;17;0
5;2025-11-09;18;0
5;2025-11-09;19;0
5;2025-11-09;20;0
5;2025-11-09;21;0
5;2025-11-09;22;0
5;2025-11-09;23;0
5;2025-11-10;0;0
5;2025-11-10;1;0
5;2025-11-10;2;0
5;2025-11-10;3;0
5;2025-11-10;4;0
5;2025-11-10;5;0
5;2025-11-10;6;0
5;2025-11-10;7;0
5;2025-11-10;8;0
5;2025-11-10;9;0
5;2025-11-10;10;0
5;2025-11-10;11;0
5;2025-11-10;12;0
5;2025-11-10;13;0
5;2025-11-10;14;0
5;2025-11-10;15;0
5;2025-11-10;16;0
5;2025-11-10;17;0
5;2025-11-10;18;0
5;2025-11-10;19;0
5;2025-11-10;20;0
5;2025-11-10;21;0
5;2025-11-10;22;0
5;2025-11-10;23;0
5;2025-11-11;0;0
5;2025-11-11;1;0
5;2025-11-11;2;0
5;2025-11-11;3;0
5;2025-11-11;4;0
5;2025-11-11;5;0
5;2025-11-11;6;0
5;2025-11-11;7;0
5;2025-11-11;8;0
5;2025-11-11;9;0
5;2025-11-11;10;0
5;2025-11-11;11;0
5;2025-11-11;12;0
5;2025-11-11;13;0
5;2025-11-11;14;0
5;2025-11-11;15;0
5;2025-11-11;16;0
5;2025-11-11;17;0
5;2025-11-11;18;0
5;2025-11-11;19;0
5;2025-11-11;20;0
5;2025-11-11;21;0
5;2025-11-11;22;0
5;2025-11-11;23;0
5;2025-11-12;0;0
5;2025-11-12;1;0
5;2025-11-12;2;0
5;2025-11-12;3;0
5;2025-11-12;4;0
5;2025-11-12;5;0
5;2025-11-12;6;0
5;2025-11-12;7;0
5;2025-11-12;8;0
5;2025-11-12;9;0
5;2025-11-12;10;0
5;2025-11-12;11;0
5;2025-11-12;12;0
5;2025-11-12;13;0
5;2025-11-12;14;0
5;2025-11-12;15;0
5;2025-11-12;16;0
5;2025-11-12;17;0
5;2025-11-12;18;0
5;2025-11-12;19;0
5;2025-11-12;20;0
5;2025-11-12;21;0
5;2025-11-12;22;0
5;2025-11-12;23;0
5;2025-11-13;0;0
5;2025-11-13;1;0
5;2025-11-13;2;0
5;2025-11-13;3;0
5;2025-11-13;4;0
5;2025-11-13;5;0
5;2025-11-13;6;0
5;2025-11-13;7;0
5;2025-11-13;8;0
5;2025-11-13;9;0
5;2025-11-13;10;0
5;2025-11-13;11;0
5;2025-11-13;12;0
5;2025-11-13;13;0
5;2025-11-13;14;0
5;2025-11-13;15;0
5;2025-11-13;16;0
5;2025-11-13;17;0
5;2025-11-13;18;0
5;2025-11-13;19;0
5;2025-11-13;20;0
5;2025-11-13;21;0
5;2025-11-13;22;0
5;2025-11-13;23;0
5;2025-11-14;0;0
5;2025-11-14;1;0
5;2025-11-14;2;0
5;2025-11-14;3;0
5;2025-11-14;4;0
5;2025-11-14;5;0
5;2025-11-14;6;0
5;2025-11-14;7;0
5;2025-11-14;8;0
5;2025-11-14;9;0
5;2025-11-14;10;0
5;2025-11-14;11;0
5;2025-11-14;12;0
5;2025-11-14;13;0
5;2025-11-14;14;0
5;2025-11-14;15;0
5;2025-11-14;16;0
5;2025-11-14;17;0
5;2025-11-14;18;0
5;2025-11-14;19;0
5;2025-11-14;20;0
5;2025-11-14;21;0
5;2025-11-14;22;0
5;2025-11-14;23;0
5;2025-11-15;0;0
5;2025-11-15;1;0
5;2025-11-15;2;0
5;2025-11-15;3;0
5;2025-11-15;4;0
5;2025-11-15;5;0
5;2025-11-15;6;0
5;2025-11-15;7;0
5;2025-11-15;8;0
5;2025-11-15;9;0
5;2025-11-15;10;0
5;2025-11-15;11;0
5;2025-11-15;12;0
5;2025-11-15;13;0
5;2025-11-15;14;0
5;2025-11-15;15;0
5;2025-11-15;16;0
5;2025-11-15;17;0
5;2025-11-15;18;0
5;2025-11-15;19;0
5;2025-11-15;20;0
5;2025-11-15;21;0
5;2025-11-15;22;0
5;2025-11-15;23;0
5;2025-11-16;0;0
5;2025-11-16;1;0
5;2025-11-16;2;0
5;2025-11-16;3;0
5;2025-11-16;4;0
5;2025-11-16;5;0
5;2025-11-16;6;0
5;2025-11-16;7;0
5;2025-11-16;8;0
5;2025-11-16;9;0
5;2025-11-16;10;0
5;2025-11-16;11;0
5;2025-11-16;12;0
5;2025-11-16;13;0
5;2025-11-16;14;0
5;2025-11-16;15;0
5;2025-11-16;16;0
5;2025-11-16;17;0
5;2025-11-16;18;0
5;2025-11-16;19;0
5;2025-11-16;20;0
5;2025-11-16;21;0
5;2025-11-16;22;0
5;2025-11-16;23;0
5;2025-11-17;0;0
5;2025-11-17;1;0
5;2025-11-17;2;0
5;2025-11-17;3;0
5;2025-11-17;4;0
5;2025-11-17;5;0
5;2025-11-17;6;0
5;2025-11-17;7;0
5;2025-11-17;8;0
5;2025-11-17;9;0
5;2025-11-17;10;0
5;2025-11-17;11;0
5;2025-11-17;12;0
5;2025-11-17;13;0
5;2025-11-17;14;0
5;2025-11-17;15;0
5;2025-11-17;16;0
5;2025-11-17;17;0
5;2025-11-17;18;0
5;2025-11-17;19;0
5;2025-11-17;20;0
5;2025-11-17;21;0
5;2025-11-17;22;0
5;2025-11-17;23;0
5;2025-11-18;0;0
5;2025-11-18;1;0
5;2025-11-18;2;0
5;2025-11-18;3;0
5;2025-11-18;4;0
5;2025-11-18;5;0
5;2025-11-18;6;0
5;2025-11-18;7;0
5;2025-11-18;8;0
5;2025-11-18;9;0
5;2025-11-18;10;0
5;2025-11-18;11;0
5;2025-11-18;12;0
5;2025-11-18;13;0
5;2025-11-18;14;0
5;2025-11-18;15;0
5;2025-11-18;16;0
5;2025-11-18;17;0
5;2025-11-18;18;0
5;2025-11-18;19;0
5;2025-11-18;20;0
5;2025-11-18;21;0
5;2025-11-18;22;0
5;2025-11-18;23;0
5;2025-11-19;0;0
5;2025-11-19;1;0
5;2025-11-19;2;0
5;2025-11-19;3;0
5;2025-11-19;4;0
5;2025-11-19;5;0
5;2025-11-19;6;0
5;2025-11-19;7;0
5;2025-11-19;8;0
5;2025-11-19;9;0
5;2025-11-19;10;0
5;2025-11-19;11;0
5;2025-11-19;12;0
5;2025-11-19;13;0
5;2025-11-19;14;0
5;2025-11-19;15;0
5;2025-11-19;16;0
5;2025-11-19;17;0
5;2025-11-19;18;0
5;2025-11-19;19;0
5;2025-11-19;20;0
5;2025-11-19;21;0
5;2025-11-19;22;0
5;2025-11-19;23;0
5;2025-11-20;0;0
5;2025-11-20;1;0
5;2025-11-20;2;0
5;2025-11-20;3;0
5;2025-11-20;4;0
5;2025-11-20;5;0
5;2025-11-20;6;0
5;2025-11-20;7;0
5;2025-11-20;8;0
5;2025-11-20;9;0
5;2025-11-20;10;0
5;2025-11-20;11;0
5;2025-11-20;12;0
5;2025-11-20;13;0
5;2025-11-20;14;0
5;2025-11-20;15;0
5;2025-11-20;16;0
5;2025-11-20;17;0
5;2025-11-20;18;0
5;2025-11-20;19;0
5;2025-11-20;20;0
5;2025-11-20;21;0
5;2025-11-20;22;0
5;2025-11-20;23;0
5;2025-11-21;0;0
5;2025-11-21;1;0
5;2025-11-21;2;0
5;2025-11-21;3;0
5;2025-11-21;4;0
5;2025-11-21;5;0
5;2025-11-21;6;0
5;2025-11-21;7;0
5;2025-11-21;8;0
5;2025-11-21;9;0
5;2025-11-21;10;0
5;2025-11-21;11;0
5;2025-11-21;12;0
5;2025-11-21;13;0
5;2025-11-21;14;0
5;2025-11-21;15;0
5;2025-11-21;16;0
5;2025-11-21;17;0
5;2025-11-21;18;0
5;2025-11-21;19;0
5;2025-11-21;20;0
5;2025-11-21;21;0
5;2025-11-21;22;0
5;2025-11-21;23;0
5;2025-11-22;0;0
5;2025-11-22;1;0
5;2025-11-22;2;0
5;2025-11-22;3;0
5;2025-11-22;4;0
5;2025-11-22;5;0
5;2025-11-22;6;0
5;2025-11-22;7;0
5;2025-11-22;8;0
5;2025-11-22;9;0
5;2025-11-22;10;0
5;2025-11-22;11;0
5;2025-11-22;12;0
5;2025-11-22;13;0
5;2025-11-22;14;0
5;2025-11-22;15;0
5;2025-11-22;16;0
5;2025-11-22;17;0
5;2025-11-22;18;0
5;2025-11-22;19;0
5;2025-11-22;20;0
5;2025-11-22;21;0
5;2025-11-22;22;0
5;2025-11-22;23;0
5;2025-11-23;0;0
5;2025-11-23;1;0
5;2025-11-23;2;0
5;2025-11-23;3;0
5;2025-11-23;4;0
5;2025-11-23;5;0
5;2025-11-23;6;0
5;2025-11-23;7;0
5;2025-11-23;8;0
5;2025-11-23;9;0
5;2025-11-23;10;0
5;2025-11-23;11;0
5;2025-11-23;12;0
5;2025-11-23;13;0
5;2025-11-23;14;0
5;2025-11-23;15;0
5;2025-11-23;16;0
5;2025-11-23;17;0
5;2025-11-23;18;0
5;2025-11-23;19;0
5;2025-11-23;20;0
5;2025-11-23;21;0
5;2025-11-23;22;0
5;2025-11-23;23;0
5;2025-11-24;0;0
5;2025-11-24;1;0
5;2025-11-24;2;0
5;2025-11-24;3;0
5;2025-11-24;4;0
5;2025-11-24;5;0
5;2025-11-24;6;0
5;2025-11-24;7;0
5;2025-11-24;8;0
5;2025-11-24;9;0
5;2025-11-24;10;0
5;2025-11-24;11;0
5;2025-11-24;12;0
5;2025-11-24;13;0
5;2025-11-24;14;0
5;2025-11-24;15;0
5;2025-11-24;16;0
5;2025-11-24;17;0
5;2025-11-24;18;0
5;2025-11-24;19;0
5;2025-11-24;20;0
5;2025-11-24;21;0
5;2025-11-24;22;0
5;2025-11-24;23;0
5;2025-11-25;0;0
5;2025-11-25;1;0
5;2025-11-25;2;0
5;2025-11-25;3;0
5;2025-11-25;4;0
5;2025-11-25;5;0
5;2025-11-25;6;0
5;2025-11-25;7;0
5;2025-11-25;8;0
5;2025-11-25;9;0
5;2025-11-25;10;0
5;2025-11-25;11;0
5;2025-11-25;12;0
5;2025-11-25;13;0
5;2025-11-25;14;0
5;2025-11-25;15;0
5;2025-11-25;16;0
5;2025-11-25;17;0
5;2025-11-25;18;0
5;2025-11-25;19;0
5;2025-11-25;20;0
5;2025-11-25;21;0
5;2025-11-25;22;0
5;2025-11-25;23;0
5;2025-11-26;0;0
5;2025-11-26;1;0
5;2025-11-26;2;0
5;2025-11-26;3;0
5;2025-11-26;4;0
5;2025-11-26;5;0
5;2025-11-26;6;0
5;2025-11-26;7;0
5;2025-11-26;8;0
5;2025-11-26;9;0
5;2025-11-26;10;0
5;2025-11-26;11;0
5;2025-11-26;12;0
5;2025-11-26;13;0
5;2025-11-26;14;0
5;2025-11-26;15;0
5;2025-11-26;16;0
5;2025-11-26;17;0
5;2025-11-26;18;0
5;2025-11-26;19;0
5;2025-11-26;20;0
5;2025-11-26;21;0
5;2025-11-26;22;0
5;2025-11-26;23;0
5;2025-11-27;0;0
5;2025-11-27;1;0
5;2025-11-27;2;0
5;2025-11-27;3;0
5;2025-11-27;4;0
5;2025-11-27;5;0
5;2025-11-27;6;0
5;2025-11-27;7;0
5;2025-11-27;8;0
5;2025-11-27;9;0
5;2025-11-27;10;0
5;2025-11-27;11;0
5;2025-11-27;12;0
5;2025-11-27;13;0
5;2025-11-27;14;0
5;2025-11-27;15;0
5;2025-11-27;16;0
5;2025-11-27;17;0
5;2025-11-27;18;0
5;2025-11-27;19;0
5;2025-11-27;20;0
5;2025-11-27;21;0
5;2025-11-27;22;0
5;2025-11-27;23;0
5;2025-11-28;0;0
5;2025-11-28;1;0
5;2025-11-28;2;0
5;2025-11-28;3;0
5;2025-11-28;4;0
5;2025-11-28;5;0
5;2025-11-28;6;0
5;2025-11-28;7;0
5;2025-11-28;8;0
5;2025-11-28;9;0
5;2025-11-28;10;0
5;2025-11-28;11;0
5;2025-11-28;12;0
5;2025-11-28;13;0
5;2025-11-28;14;0
5;2025-11-28;15;0
5;2025-11-28;16;0
5;2025-11-28;17;0
5;2025-11-28;18;0
5;2025-11-28;19;0
5;2025-11-28;20;0
5;2025-11-28;21;0
5;2025-11-28;22;0
5;2025-11-28;23;0
5;2025-11-29;0;0
5;2025-11-29;1;0
5;2025-11-29;2;0
5;2025-11-29;3;0
5;2025-11-29;4;0
5;2025-11-29;5;0
5;2025-11-29;6;0
5;2025-11-29;7;0
5;2025-11-29;8;0
5;2025-11-29;9;0
5;2025-11-29;10;0
5;2025-11-29;11;0
5;2025-11-29;12;0
5;2025-11-29;13;0
5;2025-11-29;14;0
5;2025-11-29;15;0
5;2025-11-29;16;0
5;2025-11-29;17;0
5;2025-11-29;18;0
5;2025-11-29;19;0
5;2025-11-29;20;0
5;2025-11-29;21;0
5;2025-11-29;22;0
5;2025-11-29;23;0
5;2025-11-30;0;0
5;2025-11-30;1;0
5;2025-11-30;2;0
5;2025-11-30;3;0
5;2025-11-30;4;0
5;2025-11-30;5;0
5;2025-11-30;6;0
5;2025-11-30;7;0
5;2025-11-30;8;0
5;2025-11-30;9;0
5;2025-11-30;10;0
5;2025-11-30;11;0
5;2025-11-30;12;0
5;2025-11-30;13;0
5;2025-11-30;14;0
5;2025-11-30;15;0
5;2025-11-30;16;0
5;2025-11-30;17;0
5;2025-11-30;18;0
5;2025-11-30;19;0
5;2025-11-30;20;0
5;2025-11-30;21;0
5;2025-11-30;22;0
5;2025-11-30;23;0
5;2025-12-01;0;0
5;2025-12-01;1;0
5;2025-12-01;2;0
5;2025-12-01;3;0
5;2025-12-01;4;0
5;2025-12-01;5;0
5;2025-12-01;6;0
5;2025-12-01;7;0
5;2025-12-01;8;0
5;2025-12-01;9;0
5;2025-12-01;10;0
5;2025-12-01;11;0
5;2025-12-01;12;0
5;2025-12-01;13;0
5;2025-12-01;14;0
5;2025-12-01;15;0
5;2025-12-01;16;0
5;2025-12-01;17;0
5;2025-12-01;18;0
5;2025-12-01;19;0
5;2025-12-01;20;0
5;2025-12-01;21;0
5;2025-12-01;22;0
5;2025-12-01;23;0
5;2025-12-02;0;0
5;2025-12-02;1;0
5;2025-12-02;2;0
5;2025-12-02;3;0
5;2025-12-02;4;0
5;2025-12-02;5;0
5;2025-12-02;6;0
5;2025-12-02;7;0
5;2025-12-02;8;0
5;2025-12-02;9;0
5;2025-12-02;10;0
5;2025-12-02;11;0
5;2025-12-02;12;0
5;2025-12-02;13;0
5;2025-12-02;14;0
5;2025-12-02;15;0
5;2025-12-02;16;0
5;2025-12-02;17;0
5;2025-12-02;18;0
5;2025-12-02;19;0
5;2025-12-02;20;0
5;2025-12-02;21;0
5;2025-12-02;22;0
5;2025-12-02;23;0
5;2025-12-03;0;0
5;2025-12-03;1;0
5;2025-12-03;2;0
5;2025-12-03;3;0
5;2025-12-03;4;0
5;2025-12-03;5;0
5;2025-12-03;6;0
5;2025-12-03;7;0
5;2025-12-03;8;0
5;2025-12-03;9;0
5;2025-12-03;10;0
5;2025-12-03;11;0
5;2025-12-03;12;0
5;2025-12-03;13;0
5;2025-12-03;14;0
5;2025-12-03;15;0
5;2025-12-03;16;0
5;2025-12-03;17;0
5;2025-12-03;18;0
5;2025-12-03;19;0
5;2025-12-03;20;0
5;2025-12-03;21;0
5;2025-12-03;22;0
5;2025-12-03;23;0
5;2025-12-04;0;0
5;2025-12-04;1;0
5;2025-12-04;2;0
5;2025-12-04;3;0
5;2025-12-04;4;0
5;2025-12-04;5;0
5;2025-12-04;6;0
5;2025-12-04;7;0
5;2025-12-04;8;0
5;2025-12-04;9;0
5;2025-12-04;10;0
5;2025-12-04;11;0
5;2025-12-04;12;0
5;2025-12-04;13;0
5;2025-12-04;14;0
5;2025-12-04;15;0
5;2025-12-04;16;0
5;2025-12-04;17;0
5;2025-12-04;18;0
5;2025-12-04;19;0
5;2025-12-04;20;0
5;2025-12-04;21;0
5;2025-12-04;22;0
5;2025-12-04;23;0
5;2025-12-05;0;0
5;2025-12-05;1;0
5;2025-12-05;2;0
5;2025-12-05;3;0
5;2025-12-05;4;0
5;2025-12-05;5;0
5;2025-12-05;6;0
5;2025-12-05;7;0
5;2025-12-05;8;0
5;2025-12-05;9;0
5;2025-12-05;10;0
5;2025-12-05;11;0
5;2025-12-05;12;0
5;2025-12-05;13;0
5;2025-12-05;14;0
5;2025-12-05;15;0
5;2025-12-05;16;0
5;2025-12-05;17;0
5;2025-12-05;18;0
5;2025-12-05;19;0
5;2025-12-05;20;0
5;2025-12-05;21;0
5;2025-12-05;22;0
5;2025-12-05;23;0
5;2025-12-06;0;0
5;2025-12-06;1;0
5;2025-12-06;2;0
5;2025-12-06;3;0
5;2025-12-06;4;0
5;2025-12-06;5;0
5;2025-12-06;6;0
5;2025-12-06;7;0
5;2025-12-06;8;0
5;2025-12-06;9;0
5;2025-12-06;10;0
5;2025-12-06;11;0
5;2025-12-06;12;0
5;2025-12-06;13;0
5;2025-12-06;14;0
5;2025-12-06;15;0
5;2025-12-06;16;0
5;2025-12-06;17;0
5;2025-12-06;18;0
5;2025-12-06;19;0
5;2025-12-06;20;0
5;2025-12-06;21;0
5;2025-12-06;22;0
5;2025-12-06;23;0
5;2025-12-07;0;0
5;2025-12-07;1;0
5;2025-12-07;2;0
5;2025-12-07;3;0
5;2025-12-07;4;0
5;2025-12-07;5;0
5;2025-12-07;6;0
5;2025-12-07;7;0
5;2025-12-07;8;0
5;2025-12-07;9;0
5;2025-12-07;10;0
5;2025-12-07;11;0
5;2025-12-07;12;0
5;2025-12-07;13;0
5;2025-12-07;14;0
5;2025-12-07;15;0
5;2025-12-07;16;0
5;2025-12-07;17;0
5;2025-12-07;18;0
5;2025-12-07;19;0
5;2025-12-07;20;0
5;2025-12-07;21;0
5;2025-12-07;22;0
5;2025-12-07;23;0
5;2025-12-08;0;0
5;2025-12-08;1;0
5;2025-12-08;2;0
5;2025-12-08;3;0
5;2025-12-08;4;0
5;2025-12-08;5;0
5;2025-12-08;6;0
5;2025-12-08;7;0
5;2025-12-08;8;0
5;2025-12-08;9;0
5;2025-12-08;10;0
5;2025-12-08;11;0
5;2025-12-08;12;0
5;2025-12-08;13;0
5;2025-12-08;14;0
5;2025-12-08;15;0
5;2025-12-08;16;0
5;2025-12-08;17;0
5;2025-12-08;18;0
5;2025-12-08;19;0
5;2025-12-08;20;0
5;2025-12-08;21;0
5;2025-12-08;22;0
5;2025-12-08;23;0
5;2025-12-09;0;0
5;2025-12-09;1;0
5;2025-12-09;2;0
5;2025-12-09;3;0
5;2025-12-09;4;0
5;2025-12-09;5;0
5;2025-12-09;6;0
5;2025-12-09;7;0
5;2025-12-09;8;0
5;2025-12-09;9;0
5;2025-12-09;10;0
5;2025-12-09;11;0
5;2025-12-09;12;0
5;2025-12-09;13;0
5;2025-12-09;14;0
5;2025-12-09;15;0
5;2025-12-09;16;0
5;2025-12-09;17;0
5;2025-12-09;18;0
5;2025-12-09;19;0
5;2025-12-09;20;0
5;2025-12-09;21;0
5;2025-12-09;22;0
5;2025-12-09;23;0
5;2025-12-10;0;0
5;2025-12-10;1;0
5;2025-12-10;2;0
5;2025-12-10;3;0
5;2025-12-10;4;0
5;2025-12-10;5;0
5;2025-12-10;6;0
5;2025-12-10;7;0
5;2025-12-10;8;0
5;2025-12-10;9;0
5;2025-12-10;10;0
5;2025-12-10;11;0
5;2025-12-10;12;0
5;2025-12-10;13;0
5;2025-12-10;14;0
5;2025-12-10;15;0
5;2025-12-10;16;0
5;2025-12-10;17;0
5;2025-12-10;18;0
5;2025-12-10;19;0
5;2025-12-10;20;0
5;2025-12-10;21;0
5;2025-12-10;22;0
5;2025-12-10;23;0
5;2025-12-11;0;0
5;2025-12-11;1;0
5;2025-12-11;2;0
5;2025-12-11;3;0
5;2025-12-11;4;0
5;2025-12-11;5;0
5;2025-12-11;6;0
5;2025-12-11;7;0
5;2025-12-11;8;0
5;2025-12-11;9;0
5;2025-12-11;10;0
5;2025-12-11;11;0
5;2025-12-11;12;0
5;2025-12-11;13;0
5;2025-12-11;14;0
5;2025-12-11;15;0
5;2025-12-11;16;0
5;2025-12-11;17;0
5;2025-12-11;18;0
5;2025-12-11;19;0
5;2025-12-11;20;0
5;2025-12-11;21;0
5;2025-12-11;22;0
5;2025-12-11;23;0
5;2025-12-12;0;0
5;2025-12-12;1;0
5;2025-12-12;2;0
5;2025-12-12;3;0
5;2025-12-12;4;0
5;2025-12-12;5;0
5;2025-12-12;6;0
5;2025-12-12;7;0
5;2025-12-12;8;0
5;2025-12-12;9;0
5;2025-12-12;10;0
5;2025-12-12;11;0
5;2025-12-12;12;0
5;2025-12-12;13;0
5;2025-12-12;14;0
5;2025-12-12;15;0
5;2025-12-12;16;0
5;2025-12-12;17;0
5;2025-12-12;18;0
5;2025-12-12;19;0
5;2025-12-12;20;0
5;2025-12-12;21;0
5;2025-12-12;22;0
5;2025-12-12;23;0
5;2025-12-13;0;0
5;2025-12-13;1;0
5;2025-12-13;2;0
5;2025-12-13;3;0
5;2025-12-13;4;0
5;2025-12-13;5;0
5;2025-12-13;6;0
5;2025-12-13;7;0
5;2025-12-13;8;0
5;2025-12-13;9;0
5;2025-12-13;10;0
5;2025-12-13;11;0
5;2025-12-13;12;0
5;2025-12-13;13;0
5;2025-12-13;14;0
5;2025-12-13;15;0
5;2025-12-13;16;0
5;2025-12-13;17;0
5;2025-12-13;18;0
5;2025-12-13;19;0
5;2025-12-13;20;0
5;2025-12-13;21;0
5;2025-12-13;22;0
5;2025-12-13;23;0
5;2025-12-14;0;0
5;2025-12-14;1;0
5;2025-12-14;2;0
5;2025-12-14;3;0
5;2025-12-14;4;0
5;2025-12-14;5;0
5;2025-12-14;6;0
5;2025-12-14;7;0
5;2025-12-14;8;0
5;2025-12-14;9;0
5;2025-12-14;10;0
5;2025-12-14;11;0
5;2025-12-14;12;0
5;2025-12-14;13;0
5;2025-12-14;14;0
5;2025-12-14;15;0
5;2025-12-14;16;0
5;2025-12-14;17;0
5;2025-12-14;18;0
5;2025-12-14;19;0
5;2025-12-14;20;0
5;2025-12-14;21;0
5;2025-12-14;22;0
5;2025-12-14;23;0
5;2025-12-15;0;0
5;2025-12-15;1;0
5;2025-12-15;2;0
5;2025-12-15;3;0
5;2025-12-15;4;0
5;2025-12-15;5;0
5;2025-12-15;6;0
5;2025-12-15;7;0
5;2025-12-15;8;0
5;2025-12-15;9;0
5;2025-12-15;10;0
5;2025-12-15;11;0
5;2025-12-15;12;0
5;2025-12-15;13;0
5;2025-12-15;14;0
5;2025-12-15;15;0
5;2025-12-15;16;0
5;2025-12-15;17;0
5;2025-12-15;18;0
5;2025-12-15;19;0
5;2025-12-15;20;0
5;2025-12-15;21;0
5;2025-12-15;22;0
5;2025-12-15;23;0
5;2025-12-16;0;0
5;2025-12-16;1;0
5;2025-12-16;2;0
5;2025-12-16;3;0
5;2025-12-16;4;0
5;2025-12-16;5;0
5;2025-12-16;6;0
5;2025-12-16;7;0
5;2025-12-16;8;0
5;2025-12-16;9;0
5;2025-12-16;10;0
5;2025-12-16;11;0
5;2025-12-16;12;0
5;2025-12-16;13;0
5;2025-12-16;14;0
5;2025-12-16;15;0
5;2025-12-16;16;0
5;2025-12-16;17;0
5;2025-12-16;18;569
5;2025-12-16;19;338
5;2025-12-16;20;230
5;2025-12-16;21;154
5;2025-12-16;22;63
5;2025-12-16;23;37
5;2025-12-17;0;7
5;2025-12-17;1;0
5;2025-12-17;2;0
5;2025-12-17;3;0
5;2025-12-17;4;1
5;2025-12-17;5;18
5;2025-12-17;6;130
5;2025-12-17;7;420
5;2025-12-17;8;687
5;2025-12-17;9;541
5;2025-12-17;10;416
5;2025-12-17;11;375
5;2025-12-17;12;354
5;2025-12-17;13;375
5;2025-12-17;14;357
5;2025-12-17;15;415
5;2025-12-17;16;443
5;2025-12-17;17;584
5;2025-12-17;18;569
5;2025-12-17;19;338
5;2025-12-17;20;230
5;2025-12-17;21;154
5;2025-12-17;22;63
5;2025-12-17;23;37
5;2025-12-18;0;7
5;2025-12-18;1;0
5;2025-12-18;2;0
5;2025-12-18;3;0
5;2025-12-18;4;1
5;2025-12-18;5;18
5;2025-12-18;6;130
5;2025-12-18;7;420
5;2025-12-18;8;687
5;2025-12-18;9;541
5;2025-12-18;10;416
5;2025-12-18;11;375
5;2025-12-18;12;354
5;2025-12-18;13;375
5;2025-12-18;14;357
5;2025-12-18;15;415
5;2025-12-18;16;443
5;2025-12-18;17;584
5;2025-12-18;18;569
5;2025-12-18;19;338
5;2025-12-18;20;230
5;2025-12-18;21;154
5;2025-12-18;22;63
5;2025-12-18;23;37
5;2025-12-19;0;7
5;2025-12-19;1;0
5;2025-12-19;2;0
5;2025-12-19;3;0
5;2025-12-19;4;1
5;2025-12-19;5;18
5;2025-12-19;6;130
5;2025-12-19;7;420
5;2025-12-19;8;687
5;2025-12-19;9;541
5;2025-12-19;10;416
5;2025-12-19;11;375
5;2025-12-19;12;354
5;2025-12-19;13;375
5;2025-12-19;14;357
5;2025-12-19;15;415
5;2025-12-19;16;443
5;2025-12-19;17;584
5;2025-12-19;18;569
5;2025-12-19;19;338
5;2025-12-19;20;230
5;2025-12-19;21;154
5;2025-12-19;22;63
5;2025-12-19;23;37
5;2025-12-20;0;4
5;2025-12-20;1;0
5;2025-12-20;2;0
5;2025-12-20;3;0
5;2025-12-20;4;0
5;2025-12-20;5;10
5;2025-12-20;6;77
5;2025-12-20;7;255
5;2025-12-20;8;416
5;2025-12-20;9;328
5;2025-12-20;10;250
5;2025-12-20;11;225
5;2025-12-20;12;211
5;2025-12-20;13;225
5;2025-12-20;14;214
5;2025-12-20;15;248
5;2025-12-20;16;267
5;2025-12-20;17;352
5;2025-12-20;18;343
5;2025-12-20;19;202
5;2025-12-20;20;137
5;2025-12-20;21;93
5;2025-12-20;22;38
5;2025-12-20;23;22
5;2025-12-21;0;4
5;2025-12-21;1;0
5;2025-12-21;2;0
5;2025-12-21;3;0
5;2025-12-21;4;0
5;2025-12-21;5;9
5;2025-12-21;6;64
5;2025-12-21;7;211
5;2025-12-21;8;348
5;2025-12-21;9;273
5;2025-12-21;10;208
5;2025-12-21;11;188
5;2025-12-21;12;176
5;2025-12-21;13;187
5;2025-12-21;14;177
5;2025-12-21;15;208
5;2025-12-21;16;222
5;2025-12-21;17;293
5;2025-12-21;18;286
5;2025-12-21;19;170
5;2025-12-21;20;115
5;2025-12-21;21;77
5;2025-12-21;22;31
5;2025-12-21;23;18
5;2025-12-22;0;7
5;2025-12-22;1;0
5;2025-12-22;2;0
5;2025-12-22;3;0
5;2025-12-22;4;1
5;2025-12-22;5;18
5;2025-12-22;6;130
5;2025-12-22;7;420
5;2025-12-22;8;687
5;2025-12-22;9;541
5;2025-12-22;10;416
5;2025-12-22;11;375
5;2025-12-22;12;354
5;2025-12-22;13;375
5;2025-12-22;14;357
5;2025-12-22;15;415
5;2025-12-22;16;443
5;2025-12-22;17;584
5;2025-12-22;18;569
5;2025-12-22;19;338
5;2025-12-22;20;230
5;2025-12-22;21;154
5;2025-12-22;22;63
5;2025-12-22;23;37
5;2025-12-23;0;7
5;2025-12-23;1;0
5;2025-12-23;2;0
5;2025-12-23;3;0
5;2025-12-23;4;1
5;2025-12-23;5;18
5;2025-12-23;6;130
5;2025-12-23;7;420
5;2025-12-23;8;687
5;2025-12-23;9;541
5;2025-12-23;10;416
5;2025-12-23;11;375
5;2025-12-23;12;354
5;2025-12-23;13;375
5;2025-12-23;14;357
5;2025-12-23;15;415
5;2025-12-23;16;443
5;2025-12-23;17;584
5;2025-12-23;18;569
5;2025-12-23;19;338
5;2025-12-23;20;230
5;2025-12-23;21;154
5;2025-12-23;22;63
5;2025-12-23;23;37
5;2025-12-24;0;7
5;2025-12-24;1;0
5;2025-12-24;2;0
5;2025-12-24;3;0
5;2025-12-24;4;1
5;2025-12-24;5;18
5;2025-12-24;6;130
5;2025-12-24;7;420
5;2025-12-24;8;687
5;2025-12-24;9;541
5;2025-12-24;10;416
5;2025-12-24;11;375
5;2025-12-24;12;354
5;2025-12-24;13;375
5;2025-12-24;14;357
5;2025-12-24;15;415
5;2025-12-24;16;443
5;2025-12-24;17;584
5;2025-12-24;18;569
5;2025-12-24;19;338
5;2025-12-24;20;230
5;2025-12-24;21;154
5;2025-12-24;22;63
5;2025-12-24;23;37
5;2025-12-25;0;7
5;2025-12-25;1;0
5;2025-12-25;2;0
5;2025-12-25;3;0
5;2025-12-25;4;1
5;2025-12-25;5;18
5;2025-12-25;6;130
5;2025-12-25;7;420
5;2025-12-25;8;687
5;2025-12-25;9;541
5;2025-12-25;10;416
5;2025-12-25;11;375
5;2025-12-25;12;354
5;2025-12-25;13;375
5;2025-12-25;14;357
5;2025-12-25;15;415
5;2025-12-25;16;443
5;2025-12-25;17;584
5;2025-12-25;18;569
5;2025-12-25;19;338
5;2025-12-25;20;230
5;2025-12-25;21;154
5;2025-12-25;22;63
5;2025-12-25;23;37
5;2025-12-26;0;7
5;2025-12-26;1;0
5;2025-12-26;2;0
5;2025-12-26;3;0
5;2025-12-26;4;1
5;2025-12-26;5;18
5;2025-12-26;6;130
5;2025-12-26;7;420
5;2025-12-26;8;687
5;2025-12-26;9;541
5;2025-12-26;10;416
5;2025-12-26;11;375
5;2025-12-26;12;354
5;2025-12-26;13;375
5;2025-12-26;14;357
5;2025-12-26;15;415
5;2025-12-26;16;443
5;2025-12-26;17;584
5;2025-12-26;18;569
5;2025-12-26;19;338
5;2025-12-26;20;230
5;2025-12-26;21;154
5;2025-12-26;22;63
5;2025-12-26;23;37
5;2025-12-27;0;4
5;2025-12-27;1;0
5;2025-12-27;2;0
5;2025-12-27;3;0
5;2025-12-27;4;0
5;2025-12-27;5;10
5;2025-12-27;6;77
5;2025-12-27;7;255
5;2025-12-27;8;416
5;2025-12-27;9;328
5;2025-12-27;10;250
5;2025-12-27;11;225
5;2025-12-27;12;211
5;2025-12-27;13;225
5;2025-12-27;14;214
5;2025-12-27;15;248
5;2025-12-27;16;267
5;2025-12-27;17;352
5;2025-12-27;18;343
5;2025-12-27;19;202
5;2025-12-27;20;137
5;2025-12-27;21;93
5;2025-12-27;22;38
5;2025-12-27;23;22
5;2025-12-28;0;4
5;2025-12-28;1;0
5;2025-12-28;2;0
5;2025-12-28;3;0
5;2025-12-28;4;0
5;2025-12-28;5;9
5;2025-12-28;6;64
5;2025-12-28;7;211
5;2025-12-28;8;348
5;2025-12-28;9;273
5;2025-12-28;10;208
5;2025-12-28;11;188
5;2025-12-28;12;176
5;2025-12-28;13;187
5;2025-12-28;14;177
5;2025-12-28;15;208
5;2025-12-28;16;222
5;2025-12-28;17;293
5;2025-12-28;18;286
5;2025-12-28;19;170
5;2025-12-28;20;115
5;2025-12-28;21;77
5;2025-12-28;22;31
5;2025-12-28;23;18
5;2025-12-29;0;7
5;2025-12-29;1;0
5;2025-12-29;2;0
5;2025-12-29;3;0
5;2025-12-29;4;1
5;2025-12-29;5;18
5;2025-12-29;6;132
5;2025-12-29;7;429
5;2025-12-29;8;701
5;2025-12-29;9;552
5;2025-12-29;10;425
5;2025-12-29;11;383
5;2025-12-29;12;361
5;2025-12-29;13;383
5;2025-12-29;14;365
5;2025-12-29;15;424
5;2025-12-29;16;452
5;2025-12-29;17;596
5;2025-12-29;18;581
5;2025-12-29;19;345
5;2025-12-29;20;235
5;2025-12-29;21;158
5;2025-12-29;22;64
5;2025-12-29;23;37
5;2025-12-30;0;7
5;2025-12-30;1;0
5;2025-12-30;2;0
5;2025-12-30;3;0
5;2025-12-30;4;1
5;2025-12-30;5;18
5;2025-12-30;6;132
5;2025-12-30;7;429
5;2025-12-30;8;701
5;2025-12-30;9;552
5;2025-12-30;10;425
5;2025-12-30;11;383
5;2025-12-30;12;361
5;2025-12-30;13;383
5;2025-12-30;14;365
5;2025-12-30;15;424
5;2025-12-30;16;452
5;2025-12-30;17;596
5;2025-12-30;18;581
5;2025-12-30;19;345
5;2025-12-30;20;235
5;2025-12-30;21;158
5;2025-12-30;22;64
5;2025-12-30;23;37
5;2025-12-31;0;4
5;2025-12-31;1;0
5;2025-12-31;2;0
5;2025-12-31;3;0
5;2025-12-31;4;0
5;2025-12-31;5;9
5;2025-12-31;6;64
5;2025-12-31;7;211
5;2025-12-31;8;348
5;2025-12-31;9;273
5;2025-12-31;10;208
5;2025-12-31;11;188
5;2025-12-31;12;176
5;2025-12-31;13;187
5;2025-12-31;14;177
5;2025-12-31;15;208
5;2025-12-31;16;222
5;2025-12-31;17;293
5;2025-12-31;18;286
5;2025-12-31;19;170
5;2025-12-31;20;0
5;2025-12-31;21;0
5;2025-12-31;22;0
5;2025-12-31;23;0
7;2025-11-01;0;52
7;2025-11-01;1;9
7;2025-11-01;2;0
7;2025-11-01;3;0
7;2025-11-01;4;2
7;2025-11-01;5;154
7;2025-11-01;6;518
7;2025-11-01;7;1346
7;2025-11-01;8;2089
7;2025-11-01;9;1550
7;2025-11-01;10;1442
7;2025-11-01;11;1327
7;2025-11-01;12;1432
7;2025-11-01;13;1374
7;2025-11-01;14;1457
7;2025-11-01;15;1562
7;2025-11-01;16;1620
7;2025-11-01;17;2029
7;2025-11-01;18;2100
7;2025-11-01;19;1386
7;2025-11-01;20;902
7;2025-11-01;21;522
7;2025-11-01;22;233
7;2025-11-01;23;159
7;2025-11-02;0;98
7;2025-11-02;1;22
7;2025-11-02;2;0
7;2025-11-02;3;0
7;2025-11-02;4;1
7;2025-11-02;5;26
7;2025-11-02;6;135
7;2025-11-02;7;182
7;2025-11-02;8;391
7;2025-11-02;9;504
7;2025-11-02;10;411
7;2025-11-02;11;554
7;2025-11-02;12;664
7;2025-11-02;13;642
7;2025-11-02;14;695
7;2025-11-02;15;705
7;2025-11-02;16;613
7;2025-11-02;17;643
7;2025-11-02;18;660
7;2025-11-02;19;483
7;2025-11-02;20;405
7;2025-11-02;21;296
7;2025-11-02;22;155
7;2025-11-02;23;120
7;2025-11-03;0;93
7;2025-11-03;1;20
7;2025-11-03;2;0
7;2025-11-03;3;0
7;2025-11-03;4;0
7;2025-11-03;5;26
7;2025-11-03;6;128
7;2025-11-03;7;176
7;2025-11-03;8;374
7;2025-11-03;9;481
7;2025-11-03;10;388
7;2025-11-03;11;523
7;2025-11-03;12;630
7;2025-11-03;13;608
7;2025-11-03;14;657
7;2025-11-03;15;668
7;2025-11-03;16;580
7;2025-11-03;17;612
7;2025-11-03;18;633
7;2025-11-03;19;462
7;2025-11-03;20;385
7;2025-11-03;21;279
7;2025-11-03;22;145
7;2025-11-03;23;113
7;2025-11-04;0;92
7;2025-11-04;1;20
7;2025-11-04;2;0
7;2025-11-04;3;0
7;2025-11-04;4;0
7;2025-11-04;5;26
7;2025-11-04;6;129
7;2025-11-04;7;175
7;2025-11-04;8;372
7;2025-11-04;9;478
7;2025-11-04;10;389
7;2025-11-04;11;529
7;2025-11-04;12;633
7;2025-11-04;13;607
7;2025-11-04;14;655
7;2025-11-04;15;667
7;2025-11-04;16;577
7;2025-11-04;17;611
7;2025-11-04;18;631
7;2025-11-04;19;464
7;2025-11-04;20;386
7;2025-11-04;21;282
7;2025-11-04;22;147
7;2025-11-04;23;114
7;2025-11-05;0;56
7;2025-11-05;1;8
7;2025-11-05;2;0
7;2025-11-05;3;0
7;2025-11-05;4;1
7;2025-11-05;5;183
7;2025-11-05;6;608
7;2025-11-05;7;1557
7;2025-11-05;8;2459
7;2025-11-05;9;1825
7;2025-11-05;10;1709
7;2025-11-05;11;1552
7;2025-11-05;12;1666
7;2025-11-05;13;1587
7;2025-11-05;14;1695
7;2025-11-05;15;1824
7;2025-11-05;16;1888
7;2025-11-05;17;2414
7;2025-11-05;18;2523
7;2025-11-05;19;1646
7;2025-11-05;20;1050
7;2025-11-05;21;617
7;2025-11-05;22;300
7;2025-11-05;23;186
7;2025-11-06;0;60
7;2025-11-06;1;12
7;2025-11-06;2;0
7;2025-11-06;3;0
7;2025-11-06;4;1
7;2025-11-06;5;184
7;2025-11-06;6;618
7;2025-11-06;7;1582
7;2025-11-06;8;2460
7;2025-11-06;9;1819
7;2025-11-06;10;1671
7;2025-11-06;11;1546
7;2025-11-06;12;1671
7;2025-11-06;13;1592
7;2025-11-06;14;1697
7;2025-11-06;15;1793
7;2025-11-06;16;1874
7;2025-11-06;17;2369
7;2025-11-06;18;2541
7;2025-11-06;19;1642
7;2025-11-06;20;1062
7;2025-11-06;21;619
7;2025-11-06;22;299
7;2025-11-06;23;191
7;2025-11-07;0;64
7;2025-11-07;1;11
7;2025-11-07;2;0
7;2025-11-07;3;0
7;2025-11-07;4;1
7;2025-11-07;5;180
7;2025-11-07;6;606
7;2025-11-07;7;1563
7;2025-11-07;8;2405
7;2025-11-07;9;1787
7;2025-11-07;10;1685
7;2025-11-07;11;1558
7;2025-11-07;12;1690
7;2025-11-07;13;1651
7;2025-11-07;14;1733
7;2025-11-07;15;1864
7;2025-11-07;16;1966
7;2025-11-07;17;2371
7;2025-11-07;18;2296
7;2025-11-07;19;1546
7;2025-11-07;20;1044
7;2025-11-07;21;610
7;2025-11-07;22;310
7;2025-11-07;23;212
7;2025-11-08;0;119
7;2025-11-08;1;24
7;2025-11-08;2;0
7;2025-11-08;3;0
7;2025-11-08;4;1
7;2025-11-08;5;53
7;2025-11-08;6;283
7;2025-11-08;7;338
7;2025-11-08;8;736
7;2025-11-08;9;628
7;2025-11-08;10;665
7;2025-11-08;11;741
7;2025-11-08;12;1001
7;2025-11-08;13;919
7;2025-11-08;14;918
7;2025-11-08;15;902
7;2025-11-08;16;898
7;2025-11-08;17;893
7;2025-11-08;18;808
7;2025-11-08;19;678
7;2025-11-08;20;545
7;2025-11-08;21;393
7;2025-11-08;22;216
7;2025-11-08;23;177
7;2025-11-09;0;98
7;2025-11-09;1;22
7;2025-11-09;2;0
7;2025-11-09;3;0
7;2025-11-09;4;1
7;2025-11-09;5;26
7;2025-11-09;6;134
7;2025-11-09;7;181
7;2025-11-09;8;390
7;2025-11-09;9;503
7;2025-11-09;10;410
7;2025-11-09;11;555
7;2025-11-09;12;665
7;2025-11-09;13;643
7;2025-11-09;14;696
7;2025-11-09;15;707
7;2025-11-09;16;614
7;2025-11-09;17;644
7;2025-11-09;18;659
7;2025-11-09;19;482
7;2025-11-09;20;404
7;2025-11-09;21;296
7;2025-11-09;22;155
7;2025-11-09;23;120
7;2025-11-10;0;60
7;2025-11-10;1;9
7;2025-11-10;2;0
7;2025-11-10;3;0
7;2025-11-10;4;1
7;2025-11-10;5;182
7;2025-11-10;6;617
7;2025-11-10;7;1600
7;2025-11-10;8;2481
7;2025-11-10;9;1846
7;2025-11-10;10;1687
7;2025-11-10;11;1529
7;2025-11-10;12;1667
7;2025-11-10;13;1595
7;2025-11-10;14;1693
7;2025-11-10;15;1817
7;2025-11-10;16;1889
7;2025-11-10;17;2401
7;2025-11-10;18;2535
7;2025-11-10;19;1664
7;2025-11-10;20;1064
7;2025-11-10;21;601
7;2025-11-10;22;277
7;2025-11-10;23;174
7;2025-11-11;0;53
7;2025-11-11;1;9
7;2025-11-11;2;0
7;2025-11-11;3;0
7;2025-11-11;4;1
7;2025-11-11;5;183
7;2025-11-11;6;628
7;2025-11-11;7;1606
7;2025-11-11;8;2488
7;2025-11-11;9;1843
7;2025-11-11;10;1703
7;2025-11-11;11;1576
7;2025-11-11;12;1695
7;2025-11-11;13;1607
7;2025-11-11;14;1697
7;2025-11-11;15;1837
7;2025-11-11;16;1888
7;2025-11-11;17;2412
7;2025-11-11;18;2542
7;2025-11-11;19;1688
7;2025-11-11;20;1072
7;2025-11-11;21;626
7;2025-11-11;22;293
7;2025-11-11;23;183
7;2025-11-12;0;54
7;2025-11-12;1;9
7;2025-11-12;2;0
7;2025-11-12;3;0
7;2025-11-12;4;1
7;2025-11-12;5;183
7;2025-11-12;6;614
7;2025-11-12;7;1559
7;2025-11-12;8;2462
7;2025-11-12;9;1837
7;2025-11-12;10;1715
7;2025-11-12;11;1552
7;2025-11-12;12;1663
7;2025-11-12;13;1584
7;2025-11-12;14;1690
7;2025-11-12;15;1822
7;2025-11-12;16;1893
7;2025-11-12;17;2421
7;2025-11-12;18;2523
7;2025-11-12;19;1646
7;2025-11-12;20;1047
7;2025-11-12;21;616
7;2025-11-12;22;296
7;2025-11-12;23;185
7;2025-11-13;0;59
7;2025-11-13;1;11
7;2025-11-13;2;0
7;2025-11-13;3;0
7;2025-11-13;4;1
7;2025-11-13;5;182
7;2025-11-13;6;621
7;2025-11-13;7;1583
7;2025-11-13;8;2465
7;2025-11-13;9;1828
7;2025-11-13;10;1674
7;2025-11-13;11;1547
7;2025-11-13;12;1672
7;2025-11-13;13;1594
7;2025-11-13;14;1700
7;2025-11-13;15;1800
7;2025-11-13;16;1887
7;2025-11-13;17;2378
7;2025-11-13;18;2543
7;2025-11-13;19;1644
7;2025-11-13;20;1062
7;2025-11-13;21;619
7;2025-11-13;22;298
7;2025-11-13;23;189
7;2025-11-14;0;63
7;2025-11-14;1;10
7;2025-11-14;2;0
7;2025-11-14;3;0
7;2025-11-14;4;1
7;2025-11-14;5;179
7;2025-11-14;6;613
7;2025-11-14;7;1565
7;2025-11-14;8;2410
7;2025-11-14;9;1799
7;2025-11-14;10;1693
7;2025-11-14;11;1560
7;2025-11-14;12;1688
7;2025-11-14;13;1652
7;2025-11-14;14;1733
7;2025-11-14;15;1869
7;2025-11-14;16;1976
7;2025-11-14;17;2381
7;2025-11-14;18;2296
7;2025-11-14;19;1547
7;2025-11-14;20;1042
7;2025-11-14;21;607
7;2025-11-14;22;306
7;2025-11-14;23;209
7;2025-11-15;0;126
7;2025-11-15;1;29
7;2025-11-15;2;0
7;2025-11-15;3;0
7;2025-11-15;4;0
7;2025-11-15;5;64
7;2025-11-15;6;347
7;2025-11-15;7;494
7;2025-11-15;8;901
7;2025-11-15;9;904
7;2025-11-15;10;950
7;2025-11-15;11;1098
7;2025-11-15;12;1361
7;2025-11-15;13;1297
7;2025-11-15;14;1356
7;2025-11-15;15;1255
7;2025-11-15;16;1208
7;2025-11-15;17;1207
7;2025-11-15;18;1134
7;2025-11-15;19;1050
7;2025-11-15;20;797
7;2025-11-15;21;610
7;2025-11-15;22;337
7;2025-11-15;23;228
7;2025-11-16;0;136
7;2025-11-16;1;30
7;2025-11-16;2;0
7;2025-11-16;3;0
7;2025-11-16;4;0
7;2025-11-16;5;39
7;2025-11-16;6;222
7;2025-11-16;7;337
7;2025-11-16;8;598
7;2025-11-16;9;776
7;2025-11-16;10;762
7;2025-11-16;11;990
7;2025-11-16;12;1134
7;2025-11-16;13;1141
7;2025-11-16;14;1238
7;2025-11-16;15;1216
7;2025-11-16;16;1098
7;2025-11-16;17;1161
7;2025-11-16;18;1073
7;2025-11-16;19;865
7;2025-11-16;20;720
7;2025-11-16;21;552
7;2025-11-16;22;305
7;2025-11-16;23;194
7;2025-11-17;0;60
7;2025-11-17;1;9
7;2025-11-17;2;0
7;2025-11-17;3;0
7;2025-11-17;4;1
7;2025-11-17;5;182
7;2025-11-17;6;620
7;2025-11-17;7;1588
7;2025-11-17;8;2464
7;2025-11-17;9;1840
7;2025-11-17;10;1677
7;2025-11-17;11;1512
7;2025-11-17;12;1641
7;2025-11-17;13;1573
7;2025-11-17;14;1666
7;2025-11-17;15;1791
7;2025-11-17;16;1867
7;2025-11-17;17;2384
7;2025-11-17;18;2511
7;2025-11-17;19;1649
7;2025-11-17;20;1051
7;2025-11-17;21;594
7;2025-11-17;22;273
7;2025-11-17;23;172
7;2025-11-18;0;53
7;2025-11-18;1;11
7;2025-11-18;2;0
7;2025-11-18;3;0
7;2025-11-18;4;2
7;2025-11-18;5;183
7;2025-11-18;6;627
7;2025-11-18;7;1577
7;2025-11-18;8;2437
7;2025-11-18;9;1817
7;2025-11-18;10;1668
7;2025-11-18;11;1539
7;2025-11-18;12;1655
7;2025-11-18;13;1564
7;2025-11-18;14;1648
7;2025-11-18;15;1789
7;2025-11-18;16;1847
7;2025-11-18;17;2378
7;2025-11-18;18;2497
7;2025-11-18;19;1654
7;2025-11-18;20;1053
7;2025-11-18;21;615
7;2025-11-18;22;289
7;2025-11-18;23;179
7;2025-11-19;0;53
7;2025-11-19;1;8
7;2025-11-19;2;0
7;2025-11-19;3;0
7;2025-11-19;4;1
7;2025-11-19;5;183
7;2025-11-19;6;622
7;2025-11-19;7;1570
7;2025-11-19;8;2478
7;2025-11-19;9;1856
7;2025-11-19;10;1730
7;2025-11-19;11;1561
7;2025-11-19;12;1670
7;2025-11-19;13;1596
7;2025-11-19;14;1705
7;2025-11-19;15;1834
7;2025-11-19;16;1911
7;2025-11-19;17;2441
7;2025-11-19;18;2536
7;2025-11-19;19;1657
7;2025-11-19;20;1048
7;2025-11-19;21;617
7;2025-11-19;22;294
7;2025-11-19;23;183
7;2025-11-20;0;58
7;2025-11-20;1;11
7;2025-11-20;2;0
7;2025-11-20;3;0
7;2025-11-20;4;1
7;2025-11-20;5;182
7;2025-11-20;6;630
7;2025-11-20;7;1592
7;2025-11-20;8;2481
7;2025-11-20;9;1847
7;2025-11-20;10;1689
7;2025-11-20;11;1553
7;2025-11-20;12;1673
7;2025-11-20;13;1601
7;2025-11-20;14;1709
7;2025-11-20;15;1807
7;2025-11-20;16;1899
7;2025-11-20;17;2393
7;2025-11-20;18;2552
7;2025-11-20;19;1651
7;2025-11-20;20;1060
7;2025-11-20;21;618
7;2025-11-20;22;293
7;2025-11-20;23;187
7;2025-11-21;0;61
7;2025-11-21;1;10
7;2025-11-21;2;0
7;2025-11-21;3;0
7;2025-11-21;4;1
7;2025-11-21;5;179
7;2025-11-21;6;620
7;2025-11-21;7;1573
7;2025-11-21;8;2423
7;2025-11-21;9;1816
7;2025-11-21;10;1705
7;2025-11-21;11;1563
7;2025-11-21;12;1687
7;2025-11-21;13;1655
7;2025-11-21;14;1739
7;2025-11-21;15;1872
7;2025-11-21;16;1984
7;2025-11-21;17;2390
7;2025-11-21;18;2300
7;2025-11-21;19;1553
7;2025-11-21;20;1038
7;2025-11-21;21;606
7;2025-11-21;22;301
7;2025-11-21;23;208
7;2025-11-22;0;126
7;2025-11-22;1;29
7;2025-11-22;2;0
7;2025-11-22;3;0
7;2025-11-22;4;0
7;2025-11-22;5;62
7;2025-11-22;6;344
7;2025-11-22;7;491
7;2025-11-22;8;897
7;2025-11-22;9;901
7;2025-11-22;10;947
7;2025-11-22;11;1097
7;2025-11-22;12;1364
7;2025-11-22;13;1300
7;2025-11-22;14;1363
7;2025-11-22;15;1261
7;2025-11-22;16;1216
7;2025-11-22;17;1207
7;2025-11-22;18;1130
7;2025-11-22;19;1050
7;2025-11-22;20;796
7;2025-11-22;21;610
7;2025-11-22;22;338
7;2025-11-22;23;227
7;2025-11-23;0;135
7;2025-11-23;1;30
7;2025-11-23;2;0
7;2025-11-23;3;0
7;2025-11-23;4;0
7;2025-11-23;5;38
7;2025-11-23;6;220
7;2025-11-23;7;335
7;2025-11-23;8;593
7;2025-11-23;9;773
7;2025-11-23;10;761
7;2025-11-23;11;992
7;2025-11-23;12;1137
7;2025-11-23;13;1143
7;2025-11-23;14;1241
7;2025-11-23;15;1218
7;2025-11-23;16;1101
7;2025-11-23;17;1164
7;2025-11-23;18;1072
7;2025-11-23;19;863
7;2025-11-23;20;720
7;2025-11-23;21;552
7;2025-11-23;22;305
7;2025-11-23;23;193
7;2025-11-24;0;59
7;2025-11-24;1;10
7;2025-11-24;2;0
7;2025-11-24;3;0
7;2025-11-24;4;1
7;2025-11-24;5;182
7;2025-11-24;6;619
7;2025-11-24;7;1574
7;2025-11-24;8;2437
7;2025-11-24;9;1827
7;2025-11-24;10;1659
7;2025-11-24;11;1494
7;2025-11-24;12;1624
7;2025-11-24;13;1556
7;2025-11-24;14;1648
7;2025-11-24;15;1771
7;2025-11-24;16;1854
7;2025-11-24;17;2372
7;2025-11-24;18;2491
7;2025-11-24;19;1635
7;2025-11-24;20;1042
7;2025-11-24;21;589
7;2025-11-24;22;270
7;2025-11-24;23;168
7;2025-11-25;0;51
7;2025-11-25;1;9
7;2025-11-25;2;0
7;2025-11-25;3;0
7;2025-11-25;4;1
7;2025-11-25;5;181
7;2025-11-25;6;636
7;2025-11-25;7;1602
7;2025-11-25;8;2481
7;2025-11-25;9;1853
7;2025-11-25;10;1700
7;2025-11-25;11;1566
7;2025-11-25;12;1680
7;2025-11-25;13;1596
7;2025-11-25;14;1687
7;2025-11-25;15;1828
7;2025-11-25;16;1891
7;2025-11-25;17;2414
7;2025-11-25;18;2531
7;2025-11-25;19;1684
7;2025-11-25;20;1063
7;2025-11-25;21;621
7;2025-11-25;22;287
7;2025-11-25;23;179
7;2025-11-26;0;54
7;2025-11-26;1;10
7;2025-11-26;2;0
7;2025-11-26;3;0
7;2025-11-26;4;2
7;2025-11-26;5;184
7;2025-11-26;6;625
7;2025-11-26;7;1557
7;2025-11-26;8;2458
7;2025-11-26;9;1848
7;2025-11-26;10;1718
7;2025-11-26;11;1543
7;2025-11-26;12;1647
7;2025-11-26;13;1573
7;2025-11-26;14;1678
7;2025-11-26;15;1807
7;2025-11-26;16;1887
7;2025-11-26;17;2426
7;2025-11-26;18;2517
7;2025-11-26;19;1640
7;2025-11-26;20;1037
7;2025-11-26;21;608
7;2025-11-26;22;289
7;2025-11-26;23;179
7;2025-11-27;0;59
7;2025-11-27;1;13
7;2025-11-27;2;0
7;2025-11-27;3;0
7;2025-11-27;4;1
7;2025-11-27;5;185
7;2025-11-27;6;633
7;2025-11-27;7;1579
7;2025-11-27;8;2454
7;2025-11-27;9;1836
7;2025-11-27;10;1673
7;2025-11-27;11;1538
7;2025-11-27;12;1655
7;2025-11-27;13;1578
7;2025-11-27;14;1679
7;2025-11-27;15;1779
7;2025-11-27;16;1878
7;2025-11-27;17;2381
7;2025-11-27;18;2534
7;2025-11-27;19;1633
7;2025-11-27;20;1052
7;2025-11-27;21;613
7;2025-11-27;22;290
7;2025-11-27;23;184
7;2025-11-28;0;61
7;2025-11-28;1;11
7;2025-11-28;2;0
7;2025-11-28;3;0
7;2025-11-28;4;2
7;2025-11-28;5;178
7;2025-11-28;6;619
7;2025-11-28;7;1561
7;2025-11-28;8;2400
7;2025-11-28;9;1804
7;2025-11-28;10;1688
7;2025-11-28;11;1549
7;2025-11-28;12;1672
7;2025-11-28;13;1639
7;2025-11-28;14;1726
7;2025-11-28;15;1857
7;2025-11-28;16;1976
7;2025-11-28;17;2381
7;2025-11-28;18;2286
7;2025-11-28;19;1543
7;2025-11-28;20;1031
7;2025-11-28;21;604
7;2025-11-28;22;300
7;2025-11-28;23;205
7;2025-11-29;0;125
7;2025-11-29;1;29
7;2025-11-29;2;0
7;2025-11-29;3;0
7;2025-11-29;4;0
7;2025-11-29;5;61
7;2025-11-29;6;343
7;2025-11-29;7;490
7;2025-11-29;8;894
7;2025-11-29;9;899
7;2025-11-29;10;947
7;2025-11-29;11;1098
7;2025-11-29;12;1365
7;2025-11-29;13;1302
7;2025-11-29;14;1368
7;2025-11-29;15;1264
7;2025-11-29;16;1219
7;2025-11-29;17;1208
7;2025-11-29;18;1127
7;2025-11-29;19;1049
7;2025-11-29;20;795
7;2025-11-29;21;610
7;2025-11-29;22;338
7;2025-11-29;23;226
7;2025-11-30;0;135
7;2025-11-30;1;30
7;2025-11-30;2;0
7;2025-11-30;3;0
7;2025-11-30;4;0
7;2025-11-30;5;38
7;2025-11-30;6;219
7;2025-11-30;7;333
7;2025-11-30;8;589
7;2025-11-30;9;771
7;2025-11-30;10;760
7;2025-11-30;11;992
7;2025-11-30;12;1138
7;2025-11-30;13;1144
7;2025-11-30;14;1243
7;2025-11-30;15;1219
7;2025-11-30;16;1103
7;2025-11-30;17;1166
7;2025-11-30;18;1071
7;2025-11-30;19;862
7;2025-11-30;20;720
7;2025-11-30;21;552
7;2025-11-30;22;306
7;2025-11-30;23;193
7;2025-12-01;0;55
7;2025-12-01;1;9
7;2025-12-01;2;0
7;2025-12-01;3;0
7;2025-12-01;4;1
7;2025-12-01;5;169
7;2025-12-01;6;589
7;2025-12-01;7;1489
7;2025-12-01;8;2305
7;2025-12-01;9;1734
7;2025-12-01;10;1570
7;2025-12-01;11;1416
7;2025-12-01;12;1537
7;2025-12-01;13;1476
7;2025-12-01;14;1569
7;2025-12-01;15;1686
7;2025-12-01;16;1770
7;2025-12-01;17;2244
7;2025-12-01;18;2353
7;2025-12-01;19;1549
7;2025-12-01;20;982
7;2025-12-01;21;556
7;2025-12-01;22;253
7;2025-12-01;23;158
7;2025-12-02;0;48
7;2025-12-02;1;8
7;2025-12-02;2;0
7;2025-12-02;3;0
7;2025-12-02;4;1
7;2025-12-02;5;170
7;2025-12-02;6;599
7;2025-12-02;7;1496
7;2025-12-02;8;2311
7;2025-12-02;9;1733
7;2025-12-02;10;1586
7;2025-12-02;11;1458
7;2025-12-02;12;1563
7;2025-12-02;13;1486
7;2025-12-02;14;1572
7;2025-12-02;15;1703
7;2025-12-02;16;1768
7;2025-12-02;17;2255
7;2025-12-02;18;2361
7;2025-12-02;19;1572
7;2025-12-02;20;991
7;2025-12-02;21;581
7;2025-12-02;22;267
7;2025-12-02;23;166
7;2025-12-03;0;50
7;2025-12-03;1;9
7;2025-12-03;2;0
7;2025-12-03;3;0
7;2025-12-03;4;1
7;2025-12-03;5;171
7;2025-12-03;6;590
7;2025-12-03;7;1465
7;2025-12-03;8;2307
7;2025-12-03;9;1740
7;2025-12-03;10;1613
7;2025-12-03;11;1453
7;2025-12-03;12;1552
7;2025-12-03;13;1483
7;2025-12-03;14;1586
7;2025-12-03;15;1709
7;2025-12-03;16;1792
7;2025-12-03;17;2286
7;2025-12-03;18;2366
7;2025-12-03;19;1549
7;2025-12-03;20;977
7;2025-12-03;21;576
7;2025-12-03;22;273
7;2025-12-03;23;168
7;2025-12-04;0;54
7;2025-12-04;1;10
7;2025-12-04;2;0
7;2025-12-04;3;0
7;2025-12-04;4;1
7;2025-12-04;5;170
7;2025-12-04;6;597
7;2025-12-04;7;1485
7;2025-12-04;8;2306
7;2025-12-04;9;1729
7;2025-12-04;10;1570
7;2025-12-04;11;1444
7;2025-12-04;12;1554
7;2025-12-04;13;1486
7;2025-12-04;14;1588
7;2025-12-04;15;1679
7;2025-12-04;16;1779
7;2025-12-04;17;2237
7;2025-12-04;18;2377
7;2025-12-04;19;1541
7;2025-12-04;20;989
7;2025-12-04;21;578
7;2025-12-04;22;273
7;2025-12-04;23;172
7;2025-12-05;0;58
7;2025-12-05;1;11
7;2025-12-05;2;0
7;2025-12-05;3;0
7;2025-12-05;4;1
7;2025-12-05;5;167
7;2025-12-05;6;588
7;2025-12-05;7;1468
7;2025-12-05;8;2256
7;2025-12-05;9;1702
7;2025-12-05;10;1590
7;2025-12-05;11;1456
7;2025-12-05;12;1567
7;2025-12-05;13;1541
7;2025-12-05;14;1622
7;2025-12-05;15;1745
7;2025-12-05;16;1864
7;2025-12-05;17;2240
7;2025-12-05;18;2141
7;2025-12-05;19;1450
7;2025-12-05;20;968
7;2025-12-05;21;568
7;2025-12-05;22;282
7;2025-12-05;23;192
7;2025-12-06;0;120
7;2025-12-06;1;28
7;2025-12-06;2;0
7;2025-12-06;3;0
7;2025-12-06;4;0
7;2025-12-06;5;58
7;2025-12-06;6;329
7;2025-12-06;7;469
7;2025-12-06;8;856
7;2025-12-06;9;862
7;2025-12-06;10;909
7;2025-12-06;11;1054
7;2025-12-06;12;1313
7;2025-12-06;13;1252
7;2025-12-06;14;1315
7;2025-12-06;15;1215
7;2025-12-06;16;1174
7;2025-12-06;17;1163
7;2025-12-06;18;1082
7;2025-12-06;19;1006
7;2025-12-06;20;763
7;2025-12-06;21;586
7;2025-12-06;22;325
7;2025-12-06;23;216
7;2025-12-07;0;129
7;2025-12-07;1;29
7;2025-12-07;2;0
7;2025-12-07;3;0
7;2025-12-07;4;0
7;2025-12-07;5;36
7;2025-12-07;6;211
7;2025-12-07;7;319
7;2025-12-07;8;565
7;2025-12-07;9;741
7;2025-12-07;10;730
7;2025-12-07;11;953
7;2025-12-07;12;1093
7;2025-12-07;13;1099
7;2025-12-07;14;1195
7;2025-12-07;15;1172
7;2025-12-07;16;1061
7;2025-12-07;17;1119
7;2025-12-07;18;1027
7;2025-12-07;19;826
7;2025-12-07;20;690
7;2025-12-07;21;529
7;2025-12-07;22;293
7;2025-12-07;23;184
7;2025-12-08;0;55
7;2025-12-08;1;9
7;2025-12-08;2;0
7;2025-12-08;3;0
7;2025-12-08;4;1
7;2025-12-08;5;169
7;2025-12-08;6;594
7;2025-12-08;7;1491
7;2025-12-08;8;2304
7;2025-12-08;9;1739
7;2025-12-08;10;1571
7;2025-12-08;11;1413
7;2025-12-08;12;1533
7;2025-12-08;13;1473
7;2025-12-08;14;1568
7;2025-12-08;15;1684
7;2025-12-08;16;1772
7;2025-12-08;17;2249
7;2025-12-08;18;2354
7;2025-12-08;19;1553
7;2025-12-08;20;981
7;2025-12-08;21;558
7;2025-12-08;22;253
7;2025-12-08;23;156
7;2025-12-09;0;49
7;2025-12-09;1;8
7;2025-12-09;2;0
7;2025-12-09;3;0
7;2025-12-09;4;1
7;2025-12-09;5;170
7;2025-12-09;6;605
7;2025-12-09;7;1495
7;2025-12-09;8;2309
7;2025-12-09;9;1737
7;2025-12-09;10;1584
7;2025-12-09;11;1453
7;2025-12-09;12;1554
7;2025-12-09;13;1480
7;2025-12-09;14;1567
7;2025-12-09;15;1699
7;2025-12-09;16;1769
7;2025-12-09;17;2253
7;2025-12-09;18;2357
7;2025-12-09;19;1574
7;2025-12-09;20;990
7;2025-12-09;21;581
7;2025-12-09;22;266
7;2025-12-09;23;164
7;2025-12-10;0;50
7;2025-12-10;1;9
7;2025-12-10;2;0
7;2025-12-10;3;0
7;2025-12-10;4;1
7;2025-12-10;5;172
7;2025-12-10;6;595
7;2025-12-10;7;1461
7;2025-12-10;8;2301
7;2025-12-10;9;1741
7;2025-12-10;10;1609
7;2025-12-10;11;1445
7;2025-12-10;12;1541
7;2025-12-10;13;1475
7;2025-12-10;14;1577
7;2025-12-10;15;1699
7;2025-12-10;16;1787
7;2025-12-10;17;2279
7;2025-12-10;18;2358
7;2025-12-10;19;1547
7;2025-12-10;20;973
7;2025-12-10;21;575
7;2025-12-10;22;272
7;2025-12-10;23;168
7;2025-12-11;0;55
7;2025-12-11;1;11
7;2025-12-11;2;0
7;2025-12-11;3;0
7;2025-12-11;4;1
7;2025-12-11;5;174
7;2025-12-11;6;602
7;2025-12-11;7;1475
7;2025-12-11;8;2284
7;2025-12-11;9;1721
7;2025-12-11;10;1558
7;2025-12-11;11;1428
7;2025-12-11;12;1533
7;2025-12-11;13;1468
7;2025-12-11;14;1566
7;2025-12-11;15;1657
7;2025-12-11;16;1759
7;2025-12-11;17;2223
7;2025-12-11;18;2360
7;2025-12-11;19;1528
7;2025-12-11;20;981
7;2025-12-11;21;572
7;2025-12-11;22;270
7;2025-12-11;23;171
7;2025-12-12;0;59
7;2025-12-12;1;11
7;2025-12-12;2;0
7;2025-12-12;3;0
7;2025-12-12;4;1
7;2025-12-12;5;169
7;2025-12-12;6;592
7;2025-12-12;7;1461
7;2025-12-12;8;2233
7;2025-12-12;9;1695
7;2025-12-12;10;1582
7;2025-12-12;11;1446
7;2025-12-12;12;1548
7;2025-12-12;13;1525
7;2025-12-12;14;1599
7;2025-12-12;15;1719
7;2025-12-12;16;1840
7;2025-12-12;17;2219
7;2025-12-12;18;2120
7;2025-12-12;19;1439
7;2025-12-12;20;957
7;2025-12-12;21;561
7;2025-12-12;22;278
7;2025-12-12;23;189
7;2025-12-13;0;119
7;2025-12-13;1;27
7;2025-12-13;2;0
7;2025-12-13;3;0
7;2025-12-13;4;0
7;2025-12-13;5;59
7;2025-12-13;6;331
7;2025-12-13;7;470
7;2025-12-13;8;858
7;2025-12-13;9;866
7;2025-12-13;10;912
7;2025-12-13;11;1053
7;2025-12-13;12;1310
7;2025-12-13;13;1252
7;2025-12-13;14;1316
7;2025-12-13;15;1214
7;2025-12-13;16;1173
7;2025-12-13;17;1162
7;2025-12-13;18;1080
7;2025-12-13;19;1007
7;2025-12-13;20;761
7;2025-12-13;21;585
7;2025-12-13;22;323
7;2025-12-13;23;215
7;2025-12-14;0;128
7;2025-12-14;1;28
7;2025-12-14;2;0
7;2025-12-14;3;0
7;2025-12-14;4;0
7;2025-12-14;5;37
7;2025-12-14;6;214
7;2025-12-14;7;320
7;2025-12-14;8;567
7;2025-12-14;9;744
7;2025-12-14;10;733
7;2025-12-14;11;951
7;2025-12-14;12;1090
7;2025-12-14;13;1100
7;2025-12-14;14;1196
7;2025-12-14;15;1170
7;2025-12-14;16;1061
7;2025-12-14;17;1118
7;2025-12-14;18;1026
7;2025-12-14;19;828
7;2025-12-14;20;689
7;2025-12-14;21;528
7;2025-12-14;22;292
7;2025-12-14;23;184
7;2025-12-15;0;54
7;2025-12-15;1;8
7;2025-12-15;2;0
7;2025-12-15;3;0
7;2025-12-15;4;1
7;2025-12-15;5;173
7;2025-12-15;6;609
7;2025-12-15;7;1500
7;2025-12-15;8;2314
7;2025-12-15;9;1754
7;2025-12-15;10;1577
7;2025-12-15;11;1404
7;2025-12-15;12;1519
7;2025-12-15;13;1472
7;2025-12-15;14;1564
7;2025-12-15;15;1676
7;2025-12-15;16;1771
7;2025-12-15;17;2245
7;2025-12-15;18;2352
7;2025-12-15;19;1567
7;2025-12-15;20;982
7;2025-12-15;21;556
7;2025-12-15;22;250
7;2025-12-15;23;156
7;2025-12-16;0;49
7;2025-12-16;1;9
7;2025-12-16;2;0
7;2025-12-16;3;0
7;2025-12-16;4;1
7;2025-12-16;5;173
7;2025-12-16;6;616
7;2025-12-16;7;1508
7;2025-12-16;8;2317
7;2025-12-16;9;1752
7;2025-12-16;10;1594
7;2025-12-16;11;1459
7;2025-12-16;12;1556
7;2025-12-16;13;1485
7;2025-12-16;14;1569
7;2025-12-16;15;1699
7;2025-12-16;16;1776
7;2025-12-16;17;2267
7;2025-12-16;18;2368
7;2025-12-16;19;1589
7;2025-12-16;20;996
7;2025-12-16;21;585
7;2025-12-16;22;268
7;2025-12-16;23;166
7;2025-12-17;0;50
7;2025-12-17;1;9
7;2025-12-17;2;0
7;2025-12-17;3;0
7;2025-12-17;4;1
7;2025-12-17;5;172
7;2025-12-17;6;602
7;2025-12-17;7;1473
7;2025-12-17;8;2305
7;2025-12-17;9;1750
7;2025-12-17;10;1614
7;2025-12-17;11;1450
7;2025-12-17;12;1545
7;2025-12-17;13;1481
7;2025-12-17;14;1586
7;2025-12-17;15;1706
7;2025-12-17;16;1801
7;2025-12-17;17;2292
7;2025-12-17;18;2368
7;2025-12-17;19;1560
7;2025-12-17;20;978
7;2025-12-17;21;580
7;2025-12-17;22;274
7;2025-12-17;23;168
7;2025-12-18;0;54
7;2025-12-18;1;11
7;2025-12-18;2;0
7;2025-12-18;3;0
7;2025-12-18;4;1
7;2025-12-18;5;172
7;2025-12-18;6;609
7;2025-12-18;7;1491
7;2025-12-18;8;2303
7;2025-12-18;9;1740
7;2025-12-18;10;1571
7;2025-12-18;11;1440
7;2025-12-18;12;1545
7;2025-12-18;13;1483
7;2025-12-18;14;1587
7;2025-12-18;15;1675
7;2025-12-18;16;1784
7;2025-12-18;17;2242
7;2025-12-18;18;2377
7;2025-12-18;19;1486
7;2025-12-18;20;989
7;2025-12-18;21;580
7;2025-12-18;22;273
7;2025-12-18;23;171
7;2025-12-19;0;58
7;2025-12-19;1;11
7;2025-12-19;2;0
7;2025-12-19;3;0
7;2025-12-19;4;1
7;2025-12-19;5;169
7;2025-12-19;6;602
7;2025-12-19;7;1475
7;2025-12-19;8;2256
7;2025-12-19;9;1713
7;2025-12-19;10;1592
7;2025-12-19;11;1452
7;2025-12-19;12;1559
7;2025-12-19;13;1539
7;2025-12-19;14;1621
7;2025-12-19;15;1741
7;2025-12-19;16;1868
7;2025-12-19;17;2244
7;2025-12-19;18;2143
7;2025-12-19;19;1461
7;2025-12-19;20;967
7;2025-12-19;21;570
7;2025-12-19;22;281
7;2025-12-19;23;191
7;2025-12-20;0;119
7;2025-12-20;1;28
7;2025-12-20;2;0
7;2025-12-20;3;0
7;2025-12-20;4;0
7;2025-12-20;5;58
7;2025-12-20;6;331
7;2025-12-20;7;471
7;2025-12-20;8;859
7;2025-12-20;9;870
7;2025-12-20;10;919
7;2025-12-20;11;1066
7;2025-12-20;12;1324
7;2025-12-20;13;1266
7;2025-12-20;14;1332
7;2025-12-20;15;1227
7;2025-12-20;16;1186
7;2025-12-20;17;1175
7;2025-12-20;18;1088
7;2025-12-20;19;1015
7;2025-12-20;20;769
7;2025-12-20;21;591
7;2025-12-20;22;327
7;2025-12-20;23;217
7;2025-12-21;0;128
7;2025-12-21;1;29
7;2025-12-21;2;0
7;2025-12-21;3;0
7;2025-12-21;4;0
7;2025-12-21;5;36
7;2025-12-21;6;213
7;2025-12-21;7;320
7;2025-12-21;8;565
7;2025-12-21;9;746
7;2025-12-21;10;738
7;2025-12-21;11;963
7;2025-12-21;12;1102
7;2025-12-21;13;1111
7;2025-12-21;14;1208
7;2025-12-21;15;1183
7;2025-12-21;16;1073
7;2025-12-21;17;1131
7;2025-12-21;18;1034
7;2025-12-21;19;834
7;2025-12-21;20;696
7;2025-12-21;21;535
7;2025-12-21;22;297
7;2025-12-21;23;184
7;2025-12-22;0;56
7;2025-12-22;1;10
7;2025-12-22;2;0
7;2025-12-22;3;0
7;2025-12-22;4;1
7;2025-12-22;5;173
7;2025-12-22;6;611
7;2025-12-22;7;1503
7;2025-12-22;8;2308
7;2025-12-22;9;1755
7;2025-12-22;10;1576
7;2025-12-22;11;1412
7;2025-12-22;12;1527
7;2025-12-22;13;1475
7;2025-12-22;14;1568
7;2025-12-22;15;1682
7;2025-12-22;16;1780
7;2025-12-22;17;2258
7;2025-12-22;18;2360
7;2025-12-22;19;1565
7;2025-12-22;20;985
7;2025-12-22;21;560
7;2025-12-22;22;253
7;2025-12-22;23;156
7;2025-12-23;0;48
7;2025-12-23;1;8
7;2025-12-23;2;0
7;2025-12-23;3;0
7;2025-12-23;4;1
7;2025-12-23;5;178
7;2025-12-23;6;638
7;2025-12-23;7;1527
7;2025-12-23;8;2350
7;2025-12-23;9;1782
7;2025-12-23;10;1609
7;2025-12-23;11;1452
7;2025-12-23;12;1546
7;2025-12-23;13;1492
7;2025-12-23;14;1578
7;2025-12-23;15;1705
7;2025-12-23;16;1786
7;2025-12-23;17;2277
7;2025-12-23;18;2382
7;2025-12-23;19;1613
7;2025-12-23;20;997
7;2025-12-23;21;584
7;2025-12-23;22;265
7;2025-12-23;23;166
7;2025-12-24;0;51
7;2025-12-24;1;8
7;2025-12-24;2;0
7;2025-12-24;3;0
7;2025-12-24;4;1
7;2025-12-24;5;180
7;2025-12-24;6;630
7;2025-12-24;7;1500
7;2025-12-24;8;2352
7;2025-12-24;9;1794
7;2025-12-24;10;1640
7;2025-12-24;11;1450
7;2025-12-24;12;1540
7;2025-12-24;13;1493
7;2025-12-24;14;1594
7;2025-12-24;15;1712
7;2025-12-24;16;1812
7;2025-12-24;17;2310
7;2025-12-24;18;2390
7;2025-12-24;19;1592
7;2025-12-24;20;993
7;2025-12-24;21;584
7;2025-12-24;22;273
7;2025-12-24;23;170
7;2025-12-25;0;56
7;2025-12-25;1;11
7;2025-12-25;2;0
7;2025-12-25;3;0
7;2025-12-25;4;2
7;2025-12-25;5;176
7;2025-12-25;6;622
7;2025-12-25;7;1499
7;2025-12-25;8;2311
7;2025-12-25;9;1755
7;2025-12-25;10;1579
7;2025-12-25;11;1440
7;2025-12-25;12;1540
7;2025-12-25;13;1484
7;2025-12-25;14;1585
7;2025-12-25;15;1673
7;2025-12-25;16;1785
7;2025-12-25;17;2248
7;2025-12-25;18;2382
7;2025-12-25;19;1556
7;2025-12-25;20;989
7;2025-12-25;21;578
7;2025-12-25;22;272
7;2025-12-25;23;170
7;2025-12-26;0;58
7;2025-12-26;1;10
7;2025-12-26;2;0
7;2025-12-26;3;0
7;2025-12-26;4;1
7;2025-12-26;5;172
7;2025-12-26;6;606
7;2025-12-26;7;1464
7;2025-12-26;8;2232
7;2025-12-26;9;1704
7;2025-12-26;10;1577
7;2025-12-26;11;1435
7;2025-12-26;12;1536
7;2025-12-26;13;1516
7;2025-12-26;14;1591
7;2025-12-26;15;1713
7;2025-12-26;16;1843
7;2025-12-26;17;2225
7;2025-12-26;18;2125
7;2025-12-26;19;1448
7;2025-12-26;20;960
7;2025-12-26;21;562
7;2025-12-26;22;278
7;2025-12-26;23;189
7;2025-12-27;0;118
7;2025-12-27;1;28
7;2025-12-27;2;0
7;2025-12-27;3;0
7;2025-12-27;4;0
7;2025-12-27;5;58
7;2025-12-27;6;331
7;2025-12-27;7;471
7;2025-12-27;8;857
7;2025-12-27;9;870
7;2025-12-27;10;921
7;2025-12-27;11;1066
7;2025-12-27;12;1323
7;2025-12-27;13;1266
7;2025-12-27;14;1332
7;2025-12-27;15;1226
7;2025-12-27;16;1186
7;2025-12-27;17;1175
7;2025-12-27;18;1087
7;2025-12-27;19;1016
7;2025-12-27;20;769
7;2025-12-27;21;592
7;2025-12-27;22;328
7;2025-12-27;23;215
7;2025-12-28;0;128
7;2025-12-28;1;29
7;2025-12-28;2;0
7;2025-12-28;3;0
7;2025-12-28;4;0
7;2025-12-28;5;37
7;2025-12-28;6;214
7;2025-12-28;7;320
7;2025-12-28;8;565
7;2025-12-28;9;747
7;2025-12-28;10;741
7;2025-12-28;11;963
7;2025-12-28;12;1100
7;2025-12-28;13;1112
7;2025-12-28;14;1208
7;2025-12-28;15;1181
7;2025-12-28;16;1071
7;2025-12-28;17;1132
7;2025-12-28;18;1034
7;2025-12-28;19;835
7;2025-12-28;20;696
7;2025-12-28;21;535
7;2025-12-28;22;297
7;2025-12-28;23;184
7;2025-12-29;0;49
7;2025-12-29;1;8
7;2025-12-29;2;0
7;2025-12-29;3;0
7;2025-12-29;4;1
7;2025-12-29;5;152
7;2025-12-29;6;538
7;2025-12-29;7;1306
7;2025-12-29;8;2001
7;2025-12-29;9;1528
7;2025-12-29;10;1366
7;2025-12-29;11;1218
7;2025-12-29;12;1314
7;2025-12-29;13;1274
7;2025-12-29;14;1354
7;2025-12-29;15;1452
7;2025-12-29;16;1541
7;2025-12-29;17;1954
7;2025-12-29;18;2042
7;2025-12-29;19;1360
7;2025-12-29;20;852
7;2025-12-29;21;484
7;2025-12-29;22;218
7;2025-12-29;23;134
7;2025-12-30;0;43
7;2025-12-30;1;8
7;2025-12-30;2;0
7;2025-12-30;3;0
7;2025-12-30;4;1
7;2025-12-30;5;153
7;2025-12-30;6;548
7;2025-12-30;7;1310
7;2025-12-30;8;2002
7;2025-12-30;9;1528
7;2025-12-30;10;1380
7;2025-12-30;11;1252
7;2025-12-30;12;1333
7;2025-12-30;13;1280
7;2025-12-30;14;1351
7;2025-12-30;15;1464
7;2025-12-30;16;1537
7;2025-12-30;17;1956
7;2025-12-30;18;2038
7;2025-12-30;19;1377
7;2025-12-30;20;860
7;2025-12-30;21;504
7;2025-12-30;22;231
7;2025-12-30;23;142
7;2025-12-31;0;108
7;2025-12-31;1;24
7;2025-12-31;2;0
7;2025-12-31;3;0
7;2025-12-31;4;0
7;2025-12-31;5;32
7;2025-12-31;6;184
7;2025-12-31;7;270
7;2025-12-31;8;484
7;2025-12-31;9;642
7;2025-12-31;10;639
7;2025-12-31;11;822
7;2025-12-31;12;935
7;2025-12-31;13;947
7;2025-12-31;14;1031
7;2025-12-31;15;1007
7;2025-12-31;16;913
7;2025-12-31;17;970
7;2025-12-31;18;889
7;2025-12-31;19;718
7;2025-12-31;20;0
7;2025-12-31;21;0
7;2025-12-31;22;0
7;2025-12-31;23;0
11;2025-11-01;0;57
11;2025-11-01;1;0
11;2025-11-01;2;0
11;2025-11-01;3;0
11;2025-11-01;4;0
11;2025-11-01;5;214
11;2025-11-01;6;1136
11;2025-11-01;7;2135
11;2025-11-01;8;2770
11;2025-11-01;9;2092
11;2025-11-01;10;1746
11;2025-11-01;11;1665
11;2025-11-01;12;1728
11;2025-11-01;13;1774
11;2025-11-01;14;1815
11;2025-11-01;15;1775
11;2025-11-01;16;1976
11;2025-11-01;17;2458
11;2025-11-01;18;2549
11;2025-11-01;19;1910
11;2025-11-01;20;1200
11;2025-11-01;21;703
11;2025-11-01;22;325
11;2025-11-01;23;211
11;2025-11-02;0;116
11;2025-11-02;1;17
11;2025-11-02;2;0
11;2025-11-02;3;0
11;2025-11-02;4;0
11;2025-11-02;5;109
11;2025-11-02;6;513
11;2025-11-02;7;521
11;2025-11-02;8;758
11;2025-11-02;9;1011
11;2025-11-02;10;1100
11;2025-11-02;11;1568
11;2025-11-02;12;1695
11;2025-11-02;13;1649
11;2025-11-02;14;1741
11;2025-11-02;15;1688
11;2025-11-02;16;1624
11;2025-11-02;17;1800
11;2025-11-02;18;1320
11;2025-11-02;19;1099
11;2025-11-02;20;818
11;2025-11-02;21;617
11;2025-11-02;22;367
11;2025-11-02;23;250
11;2025-11-03;0;114
11;2025-11-03;1;18
11;2025-11-03;2;0
11;2025-11-03;3;0
11;2025-11-03;4;0
11;2025-11-03;5;108
11;2025-11-03;6;505
11;2025-11-03;7;506
11;2025-11-03;8;729
11;2025-11-03;9;970
11;2025-11-03;10;1033
11;2025-11-03;11;1493
11;2025-11-03;12;1592
11;2025-11-03;13;1554
11;2025-11-03;14;1644
11;2025-11-03;15;1606
11;2025-11-03;16;1537
11;2025-11-03;17;1722
11;2025-11-03;18;1300
11;2025-11-03;19;1076
11;2025-11-03;20;791
11;2025-11-03;21;593
11;2025-11-03;22;352
11;2025-11-03;23;237
11;2025-11-04;0;109
11;2025-11-04;1;16
11;2025-11-04;2;0
11;2025-11-04;3;0
11;2025-11-04;4;0
11;2025-11-04;5;104
11;2025-11-04;6;492
11;2025-11-04;7;506
11;2025-11-04;8;737
11;2025-11-04;9;961
11;2025-11-04;10;1037
11;2025-11-04;11;1467
11;2025-11-04;12;1584
11;2025-11-04;13;1542
11;2025-11-04;14;1644
11;2025-11-04;15;1577
11;2025-11-04;16;1516
11;2025-11-04;17;1702
11;2025-11-04;18;1266
11;2025-11-04;19;1050
11;2025-11-04;20;782
11;2025-11-04;21;588
11;2025-11-04;22;350
11;2025-11-04;23;236
11;2025-11-05;0;64
11;2025-11-05;1;0
11;2025-11-05;2;0
11;2025-11-05;3;0
11;2025-11-05;4;0
11;2025-11-05;5;256
11;2025-11-05;6;1312
11;2025-11-05;7;2508
11;2025-11-05;8;3275
11;2025-11-05;9;2434
11;2025-11-05;10;2031
11;2025-11-05;11;1969
11;2025-11-05;12;2021
11;2025-11-05;13;2090
11;2025-11-05;14;2119
11;2025-11-05;15;2048
11;2025-11-05;16;2255
11;2025-11-05;17;2872
11;2025-11-05;18;3058
11;2025-11-05;19;2285
11;2025-11-05;20;1420
11;2025-11-05;21;830
11;2025-11-05;22;386
11;2025-11-05;23;243
11;2025-11-06;0;67
11;2025-11-06;1;0
11;2025-11-06;2;0
11;2025-11-06;3;0
11;2025-11-06;4;0
11;2025-11-06;5;258
11;2025-11-06;6;1334
11;2025-11-06;7;2503
11;2025-11-06;8;3241
11;2025-11-06;9;2474
11;2025-11-06;10;2072
11;2025-11-06;11;1939
11;2025-11-06;12;2032
11;2025-11-06;13;2068
11;2025-11-06;14;2116
11;2025-11-06;15;2057
11;2025-11-06;16;2317
11;2025-11-06;17;2865
11;2025-11-06;18;3069
11;2025-11-06;19;2266
11;2025-11-06;20;1439
11;2025-11-06;21;848
11;2025-11-06;22;399
11;2025-11-06;23;257
11;2025-11-07;0;69
11;2025-11-07;1;0
11;2025-11-07;2;0
11;2025-11-07;3;0
11;2025-11-07;4;0
11;2025-11-07;5;260
11;2025-11-07;6;1342
11;2025-11-07;7;2489
11;2025-11-07;8;3230
11;2025-11-07;9;2430
11;2025-11-07;10;2044
11;2025-11-07;11;1927
11;2025-11-07;12;2039
11;2025-11-07;13;2051
11;2025-11-07;14;2141
11;2025-11-07;15;2110
11;2025-11-07;16;2386
11;2025-11-07;17;2897
11;2025-11-07;18;2789
11;2025-11-07;19;2170
11;2025-11-07;20;1400
11;2025-11-07;21;853
11;2025-11-07;22;403
11;2025-11-07;23;281
11;2025-11-08;0;109
11;2025-11-08;1;3
11;2025-11-08;2;0
11;2025-11-08;3;0
11;2025-11-08;4;0
11;2025-11-08;5;183
11;2025-11-08;6;863
11;2025-11-08;7;815
11;2025-11-08;8;1119
11;2025-11-08;9;1257
11;2025-11-08;10;1451
11;2025-11-08;11;1790
11;2025-11-08;12;2042
11;2025-11-08;13;1936
11;2025-11-08;14;2099
11;2025-11-08;15;1957
11;2025-11-08;16;1885
11;2025-11-08;17;1973
11;2025-11-08;18;1577
11;2025-11-08;19;1546
11;2025-11-08;20;1018
11;2025-11-08;21;759
11;2025-11-08;22;435
11;2025-11-08;23;309
11;2025-11-09;0;117
11;2025-11-09;1;17
11;2025-11-09;2;0
11;2025-11-09;3;0
11;2025-11-09;4;0
11;2025-11-09;5;109
11;2025-11-09;6;506
11;2025-11-09;7;519
11;2025-11-09;8;757
11;2025-11-09;9;1008
11;2025-11-09;10;1097
11;2025-11-09;11;1567
11;2025-11-09;12;1691
11;2025-11-09;13;1646
11;2025-11-09;14;1744
11;2025-11-09;15;1688
11;2025-11-09;16;1618
11;2025-11-09;17;1798
11;2025-11-09;18;1315
11;2025-11-09;19;1089
11;2025-11-09;20;813
11;2025-11-09;21;619
11;2025-11-09;22;369
11;2025-11-09;23;252
11;2025-11-10;0;69
11;2025-11-10;1;0
11;2025-11-10;2;0
11;2025-11-10;3;0
11;2025-11-10;4;0
11;2025-11-10;5;260
11;2025-11-10;6;1348
11;2025-11-10;7;2526
11;2025-11-10;8;3285
11;2025-11-10;9;2471
11;2025-11-10;10;2010
11;2025-11-10;11;1946
11;2025-11-10;12;1988
11;2025-11-10;13;2063
11;2025-11-10;14;2096
11;2025-11-10;15;2093
11;2025-11-10;16;2317
11;2025-11-10;17;2898
11;2025-11-10;18;3096
11;2025-11-10;19;2299
11;2025-11-10;20;1404
11;2025-11-10;21;811
11;2025-11-10;22;374
11;2025-11-10;23;228
11;2025-11-11;0;60
11;2025-11-11;1;0
11;2025-11-11;2;0
11;2025-11-11;3;0
11;2025-11-11;4;0
11;2025-11-11;5;253
11;2025-11-11;6;1341
11;2025-11-11;7;2550
11;2025-11-11;8;3339
11;2025-11-11;9;2494
11;2025-11-11;10;2062
11;2025-11-11;11;1944
11;2025-11-11;12;2020
11;2025-11-11;13;2092
11;2025-11-11;14;2138
11;2025-11-11;15;2076
11;2025-11-11;16;2319
11;2025-11-11;17;2905
11;2025-11-11;18;3075
11;2025-11-11;19;2283
11;2025-11-11;20;1415
11;2025-11-11;21;824
11;2025-11-11;22;380
11;2025-11-11;23;234
11;2025-11-12;0;63
11;2025-11-12;1;0
11;2025-11-12;2;0
11;2025-11-12;3;0
11;2025-11-12;4;0
11;2025-11-12;5;260
11;2025-11-12;6;1307
11;2025-11-12;7;2519
11;2025-11-12;8;3291
11;2025-11-12;9;2451
11;2025-11-12;10;2038
11;2025-11-12;11;1975
11;2025-11-12;12;2029
11;2025-11-12;13;2105
11;2025-11-12;14;2128
11;2025-11-12;15;2061
11;2025-11-12;16;2270
11;2025-11-12;17;2887
11;2025-11-12;18;3062
11;2025-11-12;19;2284
11;2025-11-12;20;1413
11;2025-11-12;21;829
11;2025-11-12;22;384
11;2025-11-12;23;241
11;2025-11-13;0;66
11;2025-11-13;1;0
11;2025-11-13;2;0
11;2025-11-13;3;0
11;2025-11-13;4;0
11;2025-11-13;5;259
11;2025-11-13;6;1331
11;2025-11-13;7;2519
11;2025-11-13;8;3264
11;2025-11-13;9;2492
11;2025-11-13;10;2084
11;2025-11-13;11;1955
11;2025-11-13;12;2052
11;2025-11-13;13;2096
11;2025-11-13;14;2139
11;2025-11-13;15;2086
11;2025-11-13;16;2343
11;2025-11-13;17;2891
11;2025-11-13;18;3088
11;2025-11-13;19;2270
11;2025-11-13;20;1439
11;2025-11-13;21;850
11;2025-11-13;22;401
11;2025-11-13;23;255
11;2025-11-14;0;68
11;2025-11-14;1;0
11;2025-11-14;2;0
11;2025-11-14;3;0
11;2025-11-14;4;0
11;2025-11-14;5;263
11;2025-11-14;6;1340
11;2025-11-14;7;2502
11;2025-11-14;8;3253
11;2025-11-14;9;2448
11;2025-11-14;10;2055
11;2025-11-14;11;1942
11;2025-11-14;12;2055
11;2025-11-14;13;2073
11;2025-11-14;14;2159
11;2025-11-14;15;2131
11;2025-11-14;16;2408
11;2025-11-14;17;2918
11;2025-11-14;18;2799
11;2025-11-14;19;2170
11;2025-11-14;20;1395
11;2025-11-14;21;852
11;2025-11-14;22;401
11;2025-11-14;23;278
11;2025-11-15;0;107
11;2025-11-15;1;3
11;2025-11-15;2;0
11;2025-11-15;3;0
11;2025-11-15;4;0
11;2025-11-15;5;183
11;2025-11-15;6;840
11;2025-11-15;7;802
11;2025-11-15;8;1103
11;2025-11-15;9;1241
11;2025-11-15;10;1415
11;2025-11-15;11;1753
11;2025-11-15;12;2003
11;2025-11-15;13;1905
11;2025-11-15;14;2057
11;2025-11-15;15;1921
11;2025-11-15;16;1856
11;2025-11-15;17;1940
11;2025-11-15;18;1540
11;2025-11-15;19;1510
11;2025-11-15;20;987
11;2025-11-15;21;740
11;2025-11-15;22;417
11;2025-11-15;23;301
11;2025-11-16;0;116
11;2025-11-16;1;16
11;2025-11-16;2;0
11;2025-11-16;3;0
11;2025-11-16;4;0
11;2025-11-16;5;110
11;2025-11-16;6;498
11;2025-11-16;7;519
11;2025-11-16;8;755
11;2025-11-16;9;1010
11;2025-11-16;10;1092
11;2025-11-16;11;1572
11;2025-11-16;12;1696
11;2025-11-16;13;1662
11;2025-11-16;14;1752
11;2025-11-16;15;1698
11;2025-11-16;16;1625
11;2025-11-16;17;1801
11;2025-11-16;18;1314
11;2025-11-16;19;1085
11;2025-11-16;20;804
11;2025-11-16;21;615
11;2025-11-16;22;366
11;2025-11-16;23;253
11;2025-11-17;0;70
11;2025-11-17;1;0
11;2025-11-17;2;0
11;2025-11-17;3;0
11;2025-11-17;4;0
11;2025-11-17;5;261
11;2025-11-17;6;1333
11;2025-11-17;7;2511
11;2025-11-17;8;3268
11;2025-11-17;9;2463
11;2025-11-17;10;1994
11;2025-11-17;11;1933
11;2025-11-17;12;1973
11;2025-11-17;13;2049
11;2025-11-17;14;2078
11;2025-11-17;15;2077
11;2025-11-17;16;2304
11;2025-11-17;17;2883
11;2025-11-17;18;3072
11;2025-11-17;19;2275
11;2025-11-17;20;1390
11;2025-11-17;21;806
11;2025-11-17;22;367
11;2025-11-17;23;225
11;2025-11-18;0;65
11;2025-11-18;1;0
11;2025-11-18;2;0
11;2025-11-18;3;0
11;2025-11-18;4;0
11;2025-11-18;5;253
11;2025-11-18;6;1325
11;2025-11-18;7;2508
11;2025-11-18;8;3284
11;2025-11-18;9;2458
11;2025-11-18;10;2019
11;2025-11-18;11;1901
11;2025-11-18;12;1973
11;2025-11-18;13;2036
11;2025-11-18;14;2087
11;2025-11-18;15;2027
11;2025-11-18;16;2278
11;2025-11-18;17;2858
11;2025-11-18;18;3014
11;2025-11-18;19;2238
11;2025-11-18;20;1395
11;2025-11-18;21;817
11;2025-11-18;22;370
11;2025-11-18;23;230
11;2025-11-19;0;62
11;2025-11-19;1;0
11;2025-11-19;2;0
11;2025-11-19;3;0
11;2025-11-19;4;0
11;2025-11-19;5;261
11;2025-11-19;6;1302
11;2025-11-19;7;2529
11;2025-11-19;8;3309
11;2025-11-19;9;2464
11;2025-11-19;10;2046
11;2025-11-19;11;1988
11;2025-11-19;12;2046
11;2025-11-19;13;2133
11;2025-11-19;14;2150
11;2025-11-19;15;2084
11;2025-11-19;16;2291
11;2025-11-19;17;2906
11;2025-11-19;18;3076
11;2025-11-19;19;2283
11;2025-11-19;20;1407
11;2025-11-19;21;827
11;2025-11-19;22;383
11;2025-11-19;23;239
11;2025-11-20;0;63
11;2025-11-20;1;0
11;2025-11-20;2;0
11;2025-11-20;3;0
11;2025-11-20;4;0
11;2025-11-20;5;261
11;2025-11-20;6;1323
11;2025-11-20;7;2525
11;2025-11-20;8;3275
11;2025-11-20;9;2502
11;2025-11-20;10;2086
11;2025-11-20;11;1963
11;2025-11-20;12;2060
11;2025-11-20;13;2119
11;2025-11-20;14;2151
11;2025-11-20;15;2103
11;2025-11-20;16;2357
11;2025-11-20;17;2904
11;2025-11-20;18;3092
11;2025-11-20;19;2262
11;2025-11-20;20;1425
11;2025-11-20;21;845
11;2025-11-20;22;397
11;2025-11-20;23;252
11;2025-11-21;0;66
11;2025-11-21;1;0
11;2025-11-21;2;0
11;2025-11-21;3;0
11;2025-11-21;4;0
11;2025-11-21;5;264
11;2025-11-21;6;1332
11;2025-11-21;7;2507
11;2025-11-21;8;3262
11;2025-11-21;9;2458
11;2025-11-21;10;2054
11;2025-11-21;11;1947
11;2025-11-21;12;2063
11;2025-11-21;13;2094
11;2025-11-21;14;2170
11;2025-11-21;15;2146
11;2025-11-21;16;2421
11;2025-11-21;17;2930
11;2025-11-21;18;2802
11;2025-11-21;19;2163
11;2025-11-21;20;1382
11;2025-11-21;21;845
11;2025-11-21;22;398
11;2025-11-21;23;274
11;2025-11-22;0;107
11;2025-11-22;1;2
11;2025-11-22;2;0
11;2025-11-22;3;0
11;2025-11-22;4;0
11;2025-11-22;5;183
11;2025-11-22;6;836
11;2025-11-22;7;806
11;2025-11-22;8;1105
11;2025-11-22;9;1246
11;2025-11-22;10;1428
11;2025-11-22;11;1773
11;2025-11-22;12;2026
11;2025-11-22;13;1930
11;2025-11-22;14;2086
11;2025-11-22;15;1948
11;2025-11-22;16;1876
11;2025-11-22;17;1954
11;2025-11-22;18;1553
11;2025-11-22;19;1513
11;2025-11-22;20;989
11;2025-11-22;21;744
11;2025-11-22;22;420
11;2025-11-22;23;303
11;2025-11-23;0;115
11;2025-11-23;1;16
11;2025-11-23;2;0
11;2025-11-23;3;0
11;2025-11-23;4;0
11;2025-11-23;5;109
11;2025-11-23;6;490
11;2025-11-23;7;517
11;2025-11-23;8;755
11;2025-11-23;9;1007
11;2025-11-23;10;1093
11;2025-11-23;11;1568
11;2025-11-23;12;1693
11;2025-11-23;13;1656
11;2025-11-23;14;1750
11;2025-11-23;15;1695
11;2025-11-23;16;1622
11;2025-11-23;17;1794
11;2025-11-23;18;1305
11;2025-11-23;19;1071
11;2025-11-23;20;799
11;2025-11-23;21;615
11;2025-11-23;22;364
11;2025-11-23;23;252
11;2025-11-24;0;72
11;2025-11-24;1;0
11;2025-11-24;2;0
11;2025-11-24;3;0
11;2025-11-24;4;0
11;2025-11-24;5;260
11;2025-11-24;6;1316
11;2025-11-24;7;2485
11;2025-11-24;8;3239
11;2025-11-24;9;2442
11;2025-11-24;10;1972
11;2025-11-24;11;1904
11;2025-11-24;12;1946
11;2025-11-24;13;2023
11;2025-11-24;14;2052
11;2025-11-24;15;2056
11;2025-11-24;16;2287
11;2025-11-24;17;2858
11;2025-11-24;18;3038
11;2025-11-24;19;2248
11;2025-11-24;20;1376
11;2025-11-24;21;802
11;2025-11-24;22;364
11;2025-11-24;23;222
11;2025-11-25;0;60
11;2025-11-25;1;0
11;2025-11-25;2;0
11;2025-11-25;3;0
11;2025-11-25;4;0
11;2025-11-25;5;257
11;2025-11-25;6;1326
11;2025-11-25;7;2550
11;2025-11-25;8;3345
11;2025-11-25;9;2502
11;2025-11-25;10;2060
11;2025-11-25;11;1944
11;2025-11-25;12;2023
11;2025-11-25;13;2109
11;2025-11-25;14;2147
11;2025-11-25;15;2092
11;2025-11-25;16;2334
11;2025-11-25;17;2915
11;2025-11-25;18;3071
11;2025-11-25;19;2264
11;2025-11-25;20;1399
11;2025-11-25;21;819
11;2025-11-25;22;377
11;2025-11-25;23;230
11;2025-11-26;0;65
11;2025-11-26;1;0
11;2025-11-26;2;0
11;2025-11-26;3;0
11;2025-11-26;4;0
11;2025-11-26;5;263
11;2025-11-26;6;1288
11;2025-11-26;7;2500
11;2025-11-26;8;3280
11;2025-11-26;9;2446
11;2025-11-26;10;2018
11;2025-11-26;11;1954
11;2025-11-26;12;2013
11;2025-11-26;13;2094
11;2025-11-26;14;2114
11;2025-11-26;15;2053
11;2025-11-26;16;2264
11;2025-11-26;17;2873
11;2025-11-26;18;3033
11;2025-11-26;19;2250
11;2025-11-26;20;1391
11;2025-11-26;21;820
11;2025-11-26;22;373
11;2025-11-26;23;235
11;2025-11-27;0;68
11;2025-11-27;1;0
11;2025-11-27;2;0
11;2025-11-27;3;0
11;2025-11-27;4;0
11;2025-11-27;5;263
11;2025-11-27;6;1315
11;2025-11-27;7;2498
11;2025-11-27;8;3246
11;2025-11-27;9;2485
11;2025-11-27;10;2064
11;2025-11-27;11;1931
11;2025-11-27;12;2027
11;2025-11-27;13;2073
11;2025-11-27;14;2113
11;2025-11-27;15;2066
11;2025-11-27;16;2333
11;2025-11-27;17;2871
11;2025-11-27;18;3054
11;2025-11-27;19;2233
11;2025-11-27;20;1418
11;2025-11-27;21;842
11;2025-11-27;22;391
11;2025-11-27;23;248
11;2025-11-28;0;67
11;2025-11-28;1;0
11;2025-11-28;2;0
11;2025-11-28;3;0
11;2025-11-28;4;0
11;2025-11-28;5;264
11;2025-11-28;6;1317
11;2025-11-28;7;2483
11;2025-11-28;8;3238
11;2025-11-28;9;2439
11;2025-11-28;10;2037
11;2025-11-28;11;1926
11;2025-11-28;12;2040
11;2025-11-28;13;2072
11;2025-11-28;14;2150
11;2025-11-28;15;2131
11;2025-11-28;16;2406
11;2025-11-28;17;2907
11;2025-11-28;18;2781
11;2025-11-28;19;2141
11;2025-11-28;20;1373
11;2025-11-28;21;844
11;2025-11-28;22;396
11;2025-11-28;23;272
11;2025-11-29;0;107
11;2025-11-29;1;3
11;2025-11-29;2;0
11;2025-11-29;3;0
11;2025-11-29;4;0
11;2025-11-29;5;186
11;2025-11-29;6;839
11;2025-11-29;7;814
11;2025-11-29;8;1117
11;2025-11-29;9;1261
11;2025-11-29;10;1446
11;2025-11-29;11;1798
11;2025-11-29;12;2051
11;2025-11-29;13;1960
11;2025-11-29;14;2115
11;2025-11-29;15;1976
11;2025-11-29;16;1902
11;2025-11-29;17;1973
11;2025-11-29;18;1567
11;2025-11-29;19;1521
11;2025-11-29;20;996
11;2025-11-29;21;753
11;2025-11-29;22;427
11;2025-11-29;23;307
11;2025-11-30;0;117
11;2025-11-30;1;16
11;2025-11-30;2;0
11;2025-11-30;3;0
11;2025-11-30;4;0
11;2025-11-30;5;109
11;2025-11-30;6;485
11;2025-11-30;7;515
11;2025-11-30;8;751
11;2025-11-30;9;1003
11;2025-11-30;10;1090
11;2025-11-30;11;1564
11;2025-11-30;12;1687
11;2025-11-30;13;1648
11;2025-11-30;14;1745
11;2025-11-30;15;1693
11;2025-11-30;16;1622
11;2025-11-30;17;1788
11;2025-11-30;18;1301
11;2025-11-30;19;1067
11;2025-11-30;20;800
11;2025-11-30;21;617
11;2025-11-30;22;364
11;2025-11-30;23;254
11;2025-12-01;0;70
11;2025-12-01;1;0
11;2025-12-01;2;0
11;2025-12-01;3;0
11;2025-12-01;4;0
11;2025-12-01;5;261
11;2025-12-01;6;1310
11;2025-12-01;7;2488
11;2025-12-01;8;3248
11;2025-12-01;9;2447
11;2025-12-01;10;1978
11;2025-12-01;11;1918
11;2025-12-01;12;1960
11;2025-12-01;13;2051
11;2025-12-01;14;2074
11;2025-12-01;15;2083
11;2025-12-01;16;2307
11;2025-12-01;17;2870
11;2025-12-01;18;3045
11;2025-12-01;19;2240
11;2025-12-01;20;1368
11;2025-12-01;21;798
11;2025-12-01;22;366
11;2025-12-01;23;219
11;2025-12-02;0;60
11;2025-12-02;1;0
11;2025-12-02;2;0
11;2025-12-02;3;0
11;2025-12-02;4;0
11;2025-12-02;5;255
11;2025-12-02;6;1303
11;2025-12-02;7;2510
11;2025-12-02;8;3297
11;2025-12-02;9;2469
11;2025-12-02;10;2028
11;2025-12-02;11;1915
11;2025-12-02;12;1991
11;2025-12-02;13;2080
11;2025-12-02;14;2116
11;2025-12-02;15;2066
11;2025-12-02;16;2307
11;2025-12-02;17;2875
11;2025-12-02;18;3022
11;2025-12-02;19;2222
11;2025-12-02;20;1379
11;2025-12-02;21;809
11;2025-12-02;22;372
11;2025-12-02;23;225
11;2025-12-03;0;63
11;2025-12-03;1;0
11;2025-12-03;2;0
11;2025-12-03;3;0
11;2025-12-03;4;0
11;2025-12-03;5;261
11;2025-12-03;6;1274
11;2025-12-03;7;2488
11;2025-12-03;8;3265
11;2025-12-03;9;2435
11;2025-12-03;10;2014
11;2025-12-03;11;1955
11;2025-12-03;12;2013
11;2025-12-03;13;2106
11;2025-12-03;14;2120
11;2025-12-03;15;2064
11;2025-12-03;16;2270
11;2025-12-03;17;2869
11;2025-12-03;18;3026
11;2025-12-03;19;2234
11;2025-12-03;20;1384
11;2025-12-03;21;818
11;2025-12-03;22;380
11;2025-12-03;23;234
11;2025-12-04;0;64
11;2025-12-04;1;0
11;2025-12-04;2;0
11;2025-12-04;3;0
11;2025-12-04;4;0
11;2025-12-04;5;262
11;2025-12-04;6;1295
11;2025-12-04;7;2482
11;2025-12-04;8;3229
11;2025-12-04;9;2470
11;2025-12-04;10;2055
11;2025-12-04;11;1929
11;2025-12-04;12;2025
11;2025-12-04;13;2088
11;2025-12-04;14;2118
11;2025-12-04;15;2080
11;2025-12-04;16;2336
11;2025-12-04;17;2865
11;2025-12-04;18;3042
11;2025-12-04;19;2214
11;2025-12-04;20;1406
11;2025-12-04;21;838
11;2025-12-04;22;394
11;2025-12-04;23;248
11;2025-12-05;0;67
11;2025-12-05;1;0
11;2025-12-05;2;0
11;2025-12-05;3;0
11;2025-12-05;4;0
11;2025-12-05;5;265
11;2025-12-05;6;1307
11;2025-12-05;7;2471
11;2025-12-05;8;3225
11;2025-12-05;9;2432
11;2025-12-05;10;2028
11;2025-12-05;11;1920
11;2025-12-05;12;2032
11;2025-12-05;13;2070
11;2025-12-05;14;2145
11;2025-12-05;15;2128
11;2025-12-05;16;2403
11;2025-12-05;17;2898
11;2025-12-05;18;2757
11;2025-12-05;19;2118
11;2025-12-05;20;1365
11;2025-12-05;21;841
11;2025-12-05;22;396
11;2025-12-05;23;271
11;2025-12-06;0;108
11;2025-12-06;1;3
11;2025-12-06;2;0
11;2025-12-06;3;0
11;2025-12-06;4;0
11;2025-12-06;5;185
11;2025-12-06;6;827
11;2025-12-06;7;806
11;2025-12-06;8;1107
11;2025-12-06;9;1251
11;2025-12-06;10;1434
11;2025-12-06;11;1781
11;2025-12-06;12;2030
11;2025-12-06;13;1938
11;2025-12-06;14;2095
11;2025-12-06;15;1957
11;2025-12-06;16;1886
11;2025-12-06;17;1952
11;2025-12-06;18;1551
11;2025-12-06;19;1506
11;2025-12-06;20;992
11;2025-12-06;21;752
11;2025-12-06;22;425
11;2025-12-06;23;308
11;2025-12-07;0;118
11;2025-12-07;1;17
11;2025-12-07;2;0
11;2025-12-07;3;0
11;2025-12-07;4;0
11;2025-12-07;5;111
11;2025-12-07;6;479
11;2025-12-07;7;514
11;2025-12-07;8;751
11;2025-12-07;9;1003
11;2025-12-07;10;1087
11;2025-12-07;11;1563
11;2025-12-07;12;1685
11;2025-12-07;13;1651
11;2025-12-07;14;1745
11;2025-12-07;15;1694
11;2025-12-07;16;1625
11;2025-12-07;17;1785
11;2025-12-07;18;1300
11;2025-12-07;19;1062
11;2025-12-07;20;798
11;2025-12-07;21;616
11;2025-12-07;22;363
11;2025-12-07;23;253
11;2025-12-08;0;69
11;2025-12-08;1;0
11;2025-12-08;2;0
11;2025-12-08;3;0
11;2025-12-08;4;0
11;2025-12-08;5;263
11;2025-12-08;6;1305
11;2025-12-08;7;2483
11;2025-12-08;8;3246
11;2025-12-08;9;2449
11;2025-12-08;10;1976
11;2025-12-08;11;1915
11;2025-12-08;12;1957
11;2025-12-08;13;2053
11;2025-12-08;14;2074
11;2025-12-08;15;2089
11;2025-12-08;16;2312
11;2025-12-08;17;2872
11;2025-12-08;18;3044
11;2025-12-08;19;2235
11;2025-12-08;20;1367
11;2025-12-08;21;800
11;2025-12-08;22;368
11;2025-12-08;23;218
11;2025-12-09;0;60
11;2025-12-09;1;0
11;2025-12-09;2;0
11;2025-12-09;3;0
11;2025-12-09;4;0
11;2025-12-09;5;257
11;2025-12-09;6;1296
11;2025-12-09;7;2500
11;2025-12-09;8;3290
11;2025-12-09;9;2466
11;2025-12-09;10;2020
11;2025-12-09;11;1908
11;2025-12-09;12;1983
11;2025-12-09;13;2078
11;2025-12-09;14;2109
11;2025-12-09;15;2067
11;2025-12-09;16;2308
11;2025-12-09;17;2870
11;2025-12-09;18;3013
11;2025-12-09;19;2213
11;2025-12-09;20;1374
11;2025-12-09;21;810
11;2025-12-09;22;372
11;2025-12-09;23;223
11;2025-12-10;0;63
11;2025-12-10;1;0
11;2025-12-10;2;0
11;2025-12-10;3;0
11;2025-12-10;4;0
11;2025-12-10;5;262
11;2025-12-10;6;1263
11;2025-12-10;7;2471
11;2025-12-10;8;3247
11;2025-12-10;9;2424
11;2025-12-10;10;1999
11;2025-12-10;11;1942
11;2025-12-10;12;1998
11;2025-12-10;13;2097
11;2025-12-10;14;2106
11;2025-12-10;15;2056
11;2025-12-10;16;2261
11;2025-12-10;17;2855
11;2025-12-10;18;3008
11;2025-12-10;19;2216
11;2025-12-10;20;1375
11;2025-12-10;21;816
11;2025-12-10;22;378
11;2025-12-10;23;231
11;2025-12-11;0;67
11;2025-12-11;1;0
11;2025-12-11;2;0
11;2025-12-11;3;0
11;2025-12-11;4;0
11;2025-12-11;5;264
11;2025-12-11;6;1285
11;2025-12-11;7;2456
11;2025-12-11;8;3198
11;2025-12-11;9;2452
11;2025-12-11;10;2029
11;2025-12-11;11;1902
11;2025-12-11;12;1997
11;2025-12-11;13;2055
11;2025-12-11;14;2087
11;2025-12-11;15;2054
11;2025-12-11;16;2315
11;2025-12-11;17;2837
11;2025-12-11;18;3008
11;2025-12-11;19;2188
11;2025-12-11;20;1395
11;2025-12-11;21;834
11;2025-12-11;22;388
11;2025-12-11;23;243
11;2025-12-12;0;68
11;2025-12-12;1;0
11;2025-12-12;2;0
11;2025-12-12;3;0
11;2025-12-12;4;0
11;2025-12-12;5;267
11;2025-12-12;6;1295
11;2025-12-12;7;2443
11;2025-12-12;8;3192
11;2025-12-12;9;2415
11;2025-12-12;10;2004
11;2025-12-12;11;1897
11;2025-12-12;12;2007
11;2025-12-12;13;2043
11;2025-12-12;14;2112
11;2025-12-12;15;2099
11;2025-12-12;16;2378
11;2025-12-12;17;2864
11;2025-12-12;18;2721
11;2025-12-12;19;2091
11;2025-12-12;20;1351
11;2025-12-12;21;836
11;2025-12-12;22;389
11;2025-12-12;23;266
11;2025-12-13;0;106
11;2025-12-13;1;3
11;2025-12-13;2;0
11;2025-12-13;3;0
11;2025-12-13;4;0
11;2025-12-13;5;188
11;2025-12-13;6;818
11;2025-12-13;7;799
11;2025-12-13;8;1094
11;2025-12-13;9;1244
11;2025-12-13;10;1416
11;2025-12-13;11;1770
11;2025-12-13;12;2017
11;2025-12-13;13;1906
11;2025-12-13;14;1884
11;2025-12-13;15;1948
11;2025-12-13;16;1878
11;2025-12-13;17;1939
11;2025-12-13;18;1543
11;2025-12-13;19;1496
11;2025-12-13;20;980
11;2025-12-13;21;744
11;2025-12-13;22;422
11;2025-12-13;23;306
11;2025-12-14;0;115
11;2025-12-14;1;17
11;2025-12-14;2;0
11;2025-12-14;3;0
11;2025-12-14;4;0
11;2025-12-14;5;113
11;2025-12-14;6;476
11;2025-12-14;7;511
11;2025-12-14;8;740
11;2025-12-14;9;998
11;2025-12-14;10;1074
11;2025-12-14;11;1554
11;2025-12-14;12;1673
11;2025-12-14;13;1649
11;2025-12-14;14;1731
11;2025-12-14;15;1685
11;2025-12-14;16;1616
11;2025-12-14;17;1774
11;2025-12-14;18;1294
11;2025-12-14;19;1056
11;2025-12-14;20;791
11;2025-12-14;21;613
11;2025-12-14;22;360
11;2025-12-14;23;252
11;2025-12-15;0;69
11;2025-12-15;1;0
11;2025-12-15;2;0
11;2025-12-15;3;0
11;2025-12-15;4;0
11;2025-12-15;5;272
11;2025-12-15;6;1306
11;2025-12-15;7;2476
11;2025-12-15;8;3234
11;2025-12-15;9;2455
11;2025-12-15;10;1962
11;2025-12-15;11;1912
11;2025-12-15;12;1953
11;2025-12-15;13;2069
11;2025-12-15;14;2065
11;2025-12-15;15;2091
11;2025-12-15;16;2315
11;2025-12-15;17;2875
11;2025-12-15;18;3046
11;2025-12-15;19;2237
11;2025-12-15;20;1364
11;2025-12-15;21;802
11;2025-12-15;22;371
11;2025-12-15;23;219
11;2025-12-16;0;61
11;2025-12-16;1;0
11;2025-12-16;2;0
11;2025-12-16;3;0
11;2025-12-16;4;0
11;2025-12-16;5;262
11;2025-12-16;6;1299
11;2025-12-16;7;2504
11;2025-12-16;8;3294
11;2025-12-16;9;2477
11;2025-12-16;10;2020
11;2025-12-16;11;1909
11;2025-12-16;12;1981
11;2025-12-16;13;2081
11;2025-12-16;14;2106
11;2025-12-16;15;2070
11;2025-12-16;16;2315
11;2025-12-16;17;2880
11;2025-12-16;18;3022
11;2025-12-16;19;2217
11;2025-12-16;20;1382
11;2025-12-16;21;817
11;2025-12-16;22;377
11;2025-12-16;23;225
11;2025-12-17;0;65
11;2025-12-17;1;0
11;2025-12-17;2;0
11;2025-12-17;3;0
11;2025-12-17;4;0
11;2025-12-17;5;266
11;2025-12-17;6;1267
11;2025-12-17;7;2480
11;2025-12-17;8;3262
11;2025-12-17;9;2439
11;2025-12-17;10;2009
11;2025-12-17;11;1950
11;2025-12-17;12;2007
11;2025-12-17;13;2109
11;2025-12-17;14;2117
11;2025-12-17;15;2073
11;2025-12-17;16;2281
11;2025-12-17;17;2874
11;2025-12-17;18;3028
11;2025-12-17;19;2227
11;2025-12-17;20;1387
11;2025-12-17;21;825
11;2025-12-17;22;385
11;2025-12-17;23;233
11;2025-12-18;0;65
11;2025-12-18;1;0
11;2025-12-18;2;0
11;2025-12-18;3;0
11;2025-12-18;4;0
11;2025-12-18;5;265
11;2025-12-18;6;1286
11;2025-12-18;7;2471
11;2025-12-18;8;3223
11;2025-12-18;9;2472
11;2025-12-18;10;2045
11;2025-12-18;11;1923
11;2025-12-18;12;2018
11;2025-12-18;13;2092
11;2025-12-18;14;2115
11;2025-12-18;15;2089
11;2025-12-18;16;2344
11;2025-12-18;17;2867
11;2025-12-18;18;3040
11;2025-12-18;19;2204
11;2025-12-18;20;1404
11;2025-12-18;21;843
11;2025-12-18;22;398
11;2025-12-18;23;245
11;2025-12-19;0;68
11;2025-12-19;1;0
11;2025-12-19;2;0
11;2025-12-19;3;0
11;2025-12-19;4;0
11;2025-12-19;5;270
11;2025-12-19;6;1300
11;2025-12-19;7;2461
11;2025-12-19;8;3218
11;2025-12-19;9;2434
11;2025-12-19;10;2019
11;2025-12-19;11;1914
11;2025-12-19;12;2026
11;2025-12-19;13;2078
11;2025-12-19;14;2139
11;2025-12-19;15;2138
11;2025-12-19;16;2414
11;2025-12-19;17;2902
11;2025-12-19;18;2757
11;2025-12-19;19;2109
11;2025-12-19;20;1362
11;2025-12-19;21;843
11;2025-12-19;22;397
11;2025-12-19;23;267
11;2025-12-20;0;108
11;2025-12-20;1;2
11;2025-12-20;2;0
11;2025-12-20;3;0
11;2025-12-20;4;0
11;2025-12-20;5;187
11;2025-12-20;6;815
11;2025-12-20;7;802
11;2025-12-20;8;1100
11;2025-12-20;9;1247
11;2025-12-20;10;1424
11;2025-12-20;11;1778
11;2025-12-20;12;2024
11;2025-12-20;13;1942
11;2025-12-20;14;2089
11;2025-12-20;15;1960
11;2025-12-20;16;1889
11;2025-12-20;17;1946
11;2025-12-20;18;1551
11;2025-12-20;19;1497
11;2025-12-20;20;991
11;2025-12-20;21;752
11;2025-12-20;22;424
11;2025-12-20;23;308
11;2025-12-21;0;116
11;2025-12-21;1;16
11;2025-12-21;2;0
11;2025-12-21;3;0
11;2025-12-21;4;0
11;2025-12-21;5;112
11;2025-12-21;6;470
11;2025-12-21;7;510
11;2025-12-21;8;742
11;2025-12-21;9;997
11;2025-12-21;10;1078
11;2025-12-21;11;1554
11;2025-12-21;12;1673
11;2025-12-21;13;1642
11;2025-12-21;14;1733
11;2025-12-21;15;1687
11;2025-12-21;16;1620
11;2025-12-21;17;1771
11;2025-12-21;18;1294
11;2025-12-21;19;1051
11;2025-12-21;20;798
11;2025-12-21;21;616
11;2025-12-21;22;361
11;2025-12-21;23;254
11;2025-12-22;0;72
11;2025-12-22;1;0
11;2025-12-22;2;0
11;2025-12-22;3;0
11;2025-12-22;4;0
11;2025-12-22;5;268
11;2025-12-22;6;1293
11;2025-12-22;7;2458
11;2025-12-22;8;3219
11;2025-12-22;9;2438
11;2025-12-22;10;1955
11;2025-12-22;11;1893
11;2025-12-22;12;1934
11;2025-12-22;13;2042
11;2025-12-22;14;2052
11;2025-12-22;15;2082
11;2025-12-22;16;2304
11;2025-12-22;17;2857
11;2025-12-22;18;3023
11;2025-12-22;19;2212
11;2025-12-22;20;1360
11;2025-12-22;21;802
11;2025-12-22;22;368
11;2025-12-22;23;216
11;2025-12-23;0;59
11;2025-12-23;1;0
11;2025-12-23;2;0
11;2025-12-23;3;0
11;2025-12-23;4;0
11;2025-12-23;5;272
11;2025-12-23;6;1303
11;2025-12-23;7;2493
11;2025-12-23;8;3278
11;2025-12-23;9;2479
11;2025-12-23;10;2000
11;2025-12-23;11;1905
11;2025-12-23;12;1981
11;2025-12-23;13;2110
11;2025-12-23;14;2100
11;2025-12-23;15;2079
11;2025-12-23;16;2320
11;2025-12-23;17;2886
11;2025-12-23;18;3027
11;2025-12-23;19;2220
11;2025-12-23;20;1370
11;2025-12-23;21;817
11;2025-12-23;22;382
11;2025-12-23;23;225
11;2025-12-24;0;63
11;2025-12-24;1;0
11;2025-12-24;2;0
11;2025-12-24;3;0
11;2025-12-24;4;0
11;2025-12-24;5;278
11;2025-12-24;6;1275
11;2025-12-24;7;2474
11;2025-12-24;8;3250
11;2025-12-24;9;2450
11;2025-12-24;10;1991
11;2025-12-24;11;1951
11;2025-12-24;12;2006
11;2025-12-24;13;2138
11;2025-12-24;14;2108
11;2025-12-24;15;2077
11;2025-12-24;16;2284
11;2025-12-24;17;2882
11;2025-12-24;18;3033
11;2025-12-24;19;2235
11;2025-12-24;20;1391
11;2025-12-24;21;832
11;2025-12-24;22;391
11;2025-12-24;23;234
11;2025-12-25;0;67
11;2025-12-25;1;0
11;2025-12-25;2;0
11;2025-12-25;3;0
11;2025-12-25;4;0
11;2025-12-25;5;270
11;2025-12-25;6;1282
11;2025-12-25;7;2452
11;2025-12-25;8;3199
11;2025-12-25;9;2463
11;2025-12-25;10;2027
11;2025-12-25;11;1909
11;2025-12-25;12;2003
11;2025-12-25;13;2084
11;2025-12-25;14;2097
11;2025-12-25;15;2078
11;2025-12-25;16;2335
11;2025-12-25;17;2853
11;2025-12-25;18;3020
11;2025-12-25;19;2187
11;2025-12-25;20;1393
11;2025-12-25;21;838
11;2025-12-25;22;395
11;2025-12-25;23;241
11;2025-12-26;0;70
11;2025-12-26;1;0
11;2025-12-26;2;0
11;2025-12-26;3;0
11;2025-12-26;4;0
11;2025-12-26;5;269
11;2025-12-26;6;1279
11;2025-12-26;7;2411
11;2025-12-26;8;3159
11;2025-12-26;9;2397
11;2025-12-26;10;1975
11;2025-12-26;11;1869
11;2025-12-26;12;1979
11;2025-12-26;13;2025
11;2025-12-26;14;2087
11;2025-12-26;15;2092
11;2025-12-26;16;2370
11;2025-12-26;17;2849
11;2025-12-26;18;2704
11;2025-12-26;19;2074
11;2025-12-26;20;1344
11;2025-12-26;21;834
11;2025-12-26;22;389
11;2025-12-26;23;264
11;2025-12-27;0;107
11;2025-12-27;1;3
11;2025-12-27;2;0
11;2025-12-27;3;0
11;2025-12-27;4;0
11;2025-12-27;5;187
11;2025-12-27;6;808
11;2025-12-27;7;797
11;2025-12-27;8;1092
11;2025-12-27;9;1240
11;2025-12-27;10;1414
11;2025-12-27;11;1766
11;2025-12-27;12;2009
11;2025-12-27;13;1931
11;2025-12-27;14;2073
11;2025-12-27;15;1949
11;2025-12-27;16;1881
11;2025-12-27;17;1931
11;2025-12-27;18;1543
11;2025-12-27;19;1485
11;2025-12-27;20;989
11;2025-12-27;21;749
11;2025-12-27;22;421
11;2025-12-27;23;306
11;2025-12-28;0;116
11;2025-12-28;1;16
11;2025-12-28;2;0
11;2025-12-28;3;0
11;2025-12-28;4;0
11;2025-12-28;5;114
11;2025-12-28;6;466
11;2025-12-28;7;506
11;2025-12-28;8;734
11;2025-12-28;9;991
11;2025-12-28;10;1064
11;2025-12-28;11;1539
11;2025-12-28;12;1657
11;2025-12-28;13;1630
11;2025-12-28;14;1714
11;2025-12-28;15;1673
11;2025-12-28;16;1610
11;2025-12-28;17;1756
11;2025-12-28;18;1287
11;2025-12-28;19;1045
11;2025-12-28;20;795
11;2025-12-28;21;614
11;2025-12-28;22;357
11;2025-12-28;23;251
11;2025-12-29;0;62
11;2025-12-29;1;0
11;2025-12-29;2;0
11;2025-12-29;3;0
11;2025-12-29;4;0
11;2025-12-29;5;237
11;2025-12-29;6;1122
11;2025-12-29;7;2124
11;2025-12-29;8;2780
11;2025-12-29;9;2115
11;2025-12-29;10;1687
11;2025-12-29;11;1641
11;2025-12-29;12;1675
11;2025-12-29;13;1776
11;2025-12-29;14;1774
11;2025-12-29;15;1806
11;2025-12-29;16;2001
11;2025-12-29;17;2477
11;2025-12-29;18;2618
11;2025-12-29;19;1918
11;2025-12-29;20;1178
11;2025-12-29;21;697
11;2025-12-29;22;321
11;2025-12-29;23;187
11;2025-12-30;0;55
11;2025-12-30;1;0
11;2025-12-30;2;0
11;2025-12-30;3;0
11;2025-12-30;4;0
11;2025-12-30;5;231
11;2025-12-30;6;1117
11;2025-12-30;7;2140
11;2025-12-30;8;2815
11;2025-12-30;9;2131
11;2025-12-30;10;1724
11;2025-12-30;11;1633
11;2025-12-30;12;1698
11;2025-12-30;13;1795
11;2025-12-30;14;1804
11;2025-12-30;15;1786
11;2025-12-30;16;2000
11;2025-12-30;17;2476
11;2025-12-30;18;2574
11;2025-12-30;19;1894
11;2025-12-30;20;1188
11;2025-12-30;21;705
11;2025-12-30;22;326
11;2025-12-30;23;192
11;2025-12-31;0;98
11;2025-12-31;1;13
11;2025-12-31;2;0
11;2025-12-31;3;0
11;2025-12-31;4;0
11;2025-12-31;5;103
11;2025-12-31;6;393
11;2025-12-31;7;433
11;2025-12-31;8;632
11;2025-12-31;9;839
11;2025-12-31;10;905
11;2025-12-31;11;1327
11;2025-12-31;12;1419
11;2025-12-31;13;1408
11;2025-12-31;14;1464
11;2025-12-31;15;1418
11;2025-12-31;16;1350
11;2025-12-31;17;1499
11;2025-12-31;18;1118
11;2025-12-31;19;908
11;2025-12-31;20;0
11;2025-12-31;21;0
11;2025-12-31;22;0
11;2025-12-31;23;0
12;2025-11-01;0;46
12;2025-11-01;1;2
12;2025-11-01;2;0
12;2025-11-01;3;0
12;2025-11-01;4;5
12;2025-11-01;5;264
12;2025-11-01;6;1205
12;2025-11-01;7;2288
12;2025-11-01;8;3018
12;2025-11-01;9;2127
12;2025-11-01;10;1723
12;2025-11-01;11;1653
12;2025-11-01;12;1724
12;2025-11-01;13;1745
12;2025-11-01;14;1679
12;2025-11-01;15;1916
12;2025-11-01;16;2339
12;2025-11-01;17;2560
12;2025-11-01;18;2592
12;2025-11-01;19;1970
12;2025-11-01;20;1265
12;2025-11-01;21;803
12;2025-11-01;22;390
12;2025-11-01;23;219
12;2025-11-02;0;82
12;2025-11-02;1;5
12;2025-11-02;2;0
12;2025-11-02;3;0
12;2025-11-02;4;2
12;2025-11-02;5;130
12;2025-11-02;6;513
12;2025-11-02;7;724
12;2025-11-02;8;752
12;2025-11-02;9;960
12;2025-11-02;10;1180
12;2025-11-02;11;1306
12;2025-11-02;12;1395
12;2025-11-02;13;1610
12;2025-11-02;14;1494
12;2025-11-02;15;1525
12;2025-11-02;16;1582
12;2025-11-02;17;1591
12;2025-11-02;18;1411
12;2025-11-02;19;1033
12;2025-11-02;20;792
12;2025-11-02;21;605
12;2025-11-02;22;395
12;2025-11-02;23;211
12;2025-11-03;0;80
12;2025-11-03;1;5
12;2025-11-03;2;0
12;2025-11-03;3;0
12;2025-11-03;4;3
12;2025-11-03;5;125
12;2025-11-03;6;495
12;2025-11-03;7;697
12;2025-11-03;8;727
12;2025-11-03;9;921
12;2025-11-03;10;1123
12;2025-11-03;11;1237
12;2025-11-03;12;1330
12;2025-11-03;13;1530
12;2025-11-03;14;1410
12;2025-11-03;15;1444
12;2025-11-03;16;1487
12;2025-11-03;17;1511
12;2025-11-03;18;1374
12;2025-11-03;19;1004
12;2025-11-03;20;774
12;2025-11-03;21;584
12;2025-11-03;22;377
12;2025-11-03;23;198
12;2025-11-04;0;75
12;2025-11-04;1;5
12;2025-11-04;2;0
12;2025-11-04;3;0
12;2025-11-04;4;3
12;2025-11-04;5;126
12;2025-11-04;6;492
12;2025-11-04;7;697
12;2025-11-04;8;723
12;2025-11-04;9;910
12;2025-11-04;10;1114
12;2025-11-04;11;1226
12;2025-11-04;12;1309
12;2025-11-04;13;1520
12;2025-11-04;14;1407
12;2025-11-04;15;1427
12;2025-11-04;16;1484
12;2025-11-04;17;1504
12;2025-11-04;18;1361
12;2025-11-04;19;985
12;2025-11-04;20;754
12;2025-11-04;21;576
12;2025-11-04;22;379
12;2025-11-04;23;197
12;2025-11-05;0;54
12;2025-11-05;1;1
12;2025-11-05;2;0
12;2025-11-05;3;0
12;2025-11-05;4;7
12;2025-11-05;5;312
12;2025-11-05;6;1426
12;2025-11-05;7;2678
12;2025-11-05;8;3558
12;2025-11-05;9;2503
12;2025-11-05;10;2042
12;2025-11-05;11;1935
12;2025-11-05;12;2025
12;2025-11-05;13;2033
12;2025-11-05;14;1954
12;2025-11-05;15;2215
12;2025-11-05;16;2725
12;2025-11-05;17;2999
12;2025-11-05;18;3099
12;2025-11-05;19;2343
12;2025-11-05;20;1493
12;2025-11-05;21;960
12;2025-11-05;22;464
12;2025-11-05;23;256
12;2025-11-06;0;49
12;2025-11-06;1;2
12;2025-11-06;2;0
12;2025-11-06;3;0
12;2025-11-06;4;7
12;2025-11-06;5;312
12;2025-11-06;6;1413
12;2025-11-06;7;2701
12;2025-11-06;8;3569
12;2025-11-06;9;2485
12;2025-11-06;10;2015
12;2025-11-06;11;1930
12;2025-11-06;12;2012
12;2025-11-06;13;2046
12;2025-11-06;14;1961
12;2025-11-06;15;2224
12;2025-11-06;16;2717
12;2025-11-06;17;3008
12;2025-11-06;18;3112
12;2025-11-06;19;2351
12;2025-11-06;20;1511
12;2025-11-06;21;941
12;2025-11-06;22;469
12;2025-11-06;23;262
12;2025-11-07;0;53
12;2025-11-07;1;1
12;2025-11-07;2;0
12;2025-11-07;3;0
12;2025-11-07;4;5
12;2025-11-07;5;316
12;2025-11-07;6;1423
12;2025-11-07;7;2658
12;2025-11-07;8;3487
12;2025-11-07;9;2475
12;2025-11-07;10;1983
12;2025-11-07;11;1945
12;2025-11-07;12;2005
12;2025-11-07;13;2050
12;2025-11-07;14;1993
12;2025-11-07;15;2326
12;2025-11-07;16;2843
12;2025-11-07;17;2993
12;2025-11-07;18;2841
12;2025-11-07;19;2231
12;2025-11-07;20;1445
12;2025-11-07;21;971
12;2025-11-07;22;480
12;2025-11-07;23;287
12;2025-11-08;0;72
12;2025-11-08;1;2
12;2025-11-08;2;0
12;2025-11-08;3;0
12;2025-11-08;4;2
12;2025-11-08;5;223
12;2025-11-08;6;823
12;2025-11-08;7;922
12;2025-11-08;8;1044
12;2025-11-08;9;1252
12;2025-11-08;10;1386
12;2025-11-08;11;1488
12;2025-11-08;12;1557
12;2025-11-08;13;1765
12;2025-11-08;14;1592
12;2025-11-08;15;1568
12;2025-11-08;16;1717
12;2025-11-08;17;1625
12;2025-11-08;18;1520
12;2025-11-08;19;1403
12;2025-11-08;20;970
12;2025-11-08;21;798
12;2025-11-08;22;403
12;2025-11-08;23;297
12;2025-11-09;0;83
12;2025-11-09;1;6
12;2025-11-09;2;0
12;2025-11-09;3;0
12;2025-11-09;4;3
12;2025-11-09;5;127
12;2025-11-09;6;510
12;2025-11-09;7;721
12;2025-11-09;8;749
12;2025-11-09;9;959
12;2025-11-09;10;1177
12;2025-11-09;11;1305
12;2025-11-09;12;1398
12;2025-11-09;13;1616
12;2025-11-09;14;1498
12;2025-11-09;15;1529
12;2025-11-09;16;1583
12;2025-11-09;17;1592
12;2025-11-09;18;1414
12;2025-11-09;19;1028
12;2025-11-09;20;788
12;2025-11-09;21;605
12;2025-11-09;22;397
12;2025-11-09;23;210
12;2025-11-10;0;55
12;2025-11-10;1;2
12;2025-11-10;2;0
12;2025-11-10;3;0
12;2025-11-10;4;6
12;2025-11-10;5;305
12;2025-11-10;6;1405
12;2025-11-10;7;2696
12;2025-11-10;8;3586
12;2025-11-10;9;2503
12;2025-11-10;10;2013
12;2025-11-10;11;1927
12;2025-11-10;12;2039
12;2025-11-10;13;2037
12;2025-11-10;14;1960
12;2025-11-10;15;2241
12;2025-11-10;16;2728
12;2025-11-10;17;3009
12;2025-11-10;18;3124
12;2025-11-10;19;2350
12;2025-11-10;20;1507
12;2025-11-10;21;935
12;2025-11-10;22;441
12;2025-11-10;23;242
12;2025-11-11;0;45
12;2025-11-11;1;1
12;2025-11-11;2;0
12;2025-11-11;3;0
12;2025-11-11;4;6
12;2025-11-11;5;311
12;2025-11-11;6;1418
12;2025-11-11;7;2738
12;2025-11-11;8;3636
12;2025-11-11;9;2523
12;2025-11-11;10;2041
12;2025-11-11;11;1951
12;2025-11-11;12;2038
12;2025-11-11;13;2064
12;2025-11-11;14;1993
12;2025-11-11;15;2246
12;2025-11-11;16;2761
12;2025-11-11;17;3040
12;2025-11-11;18;3138
12;2025-11-11;19;2351
12;2025-11-11;20;1490
12;2025-11-11;21;938
12;2025-11-11;22;456
12;2025-11-11;23;251
12;2025-11-12;0;52
12;2025-11-12;1;1
12;2025-11-12;2;0
12;2025-11-12;3;0
12;2025-11-12;4;6
12;2025-11-12;5;310
12;2025-11-12;6;1420
12;2025-11-12;7;2691
12;2025-11-12;8;3577
12;2025-11-12;9;2515
12;2025-11-12;10;2057
12;2025-11-12;11;1944
12;2025-11-12;12;2036
12;2025-11-12;13;2043
12;2025-11-12;14;1969
12;2025-11-12;15;2233
12;2025-11-12;16;2749
12;2025-11-12;17;3017
12;2025-11-12;18;3114
12;2025-11-12;19;2343
12;2025-11-12;20;1492
12;2025-11-12;21;954
12;2025-11-12;22;461
12;2025-11-12;23;256
12;2025-11-13;0;48
12;2025-11-13;1;2
12;2025-11-13;2;0
12;2025-11-13;3;0
12;2025-11-13;4;6
12;2025-11-13;5;308
12;2025-11-13;6;1406
12;2025-11-13;7;2713
12;2025-11-13;8;3593
12;2025-11-13;9;2497
12;2025-11-13;10;2028
12;2025-11-13;11;1946
12;2025-11-13;12;2032
12;2025-11-13;13;2065
12;2025-11-13;14;1983
12;2025-11-13;15;2249
12;2025-11-13;16;2747
12;2025-11-13;17;3032
12;2025-11-13;18;3131
12;2025-11-13;19;2355
12;2025-11-13;20;1514
12;2025-11-13;21;940
12;2025-11-13;22;467
12;2025-11-13;23;261
12;2025-11-14;0;52
12;2025-11-14;1;1
12;2025-11-14;2;0
12;2025-11-14;3;0
12;2025-11-14;4;6
12;2025-11-14;5;314
12;2025-11-14;6;1415
12;2025-11-14;7;2668
12;2025-11-14;8;3506
12;2025-11-14;9;2485
12;2025-11-14;10;1994
12;2025-11-14;11;1956
12;2025-11-14;12;2018
12;2025-11-14;13;2062
12;2025-11-14;14;2011
12;2025-11-14;15;2344
12;2025-11-14;16;2867
12;2025-11-14;17;3011
12;2025-11-14;18;2851
12;2025-11-14;19;2230
12;2025-11-14;20;1443
12;2025-11-14;21;963
12;2025-11-14;22;476
12;2025-11-14;23;285
12;2025-11-15;0;71
12;2025-11-15;1;3
12;2025-11-15;2;0
12;2025-11-15;3;0
12;2025-11-15;4;2
12;2025-11-15;5;218
12;2025-11-15;6;796
12;2025-11-15;7;907
12;2025-11-15;8;1028
12;2025-11-15;9;1234
12;2025-11-15;10;1462
12;2025-11-15;11;1484
12;2025-11-15;12;1526
12;2025-11-15;13;1732
12;2025-11-15;14;1570
12;2025-11-15;15;1545
12;2025-11-15;16;1689
12;2025-11-15;17;1597
12;2025-11-15;18;1499
12;2025-11-15;19;1371
12;2025-11-15;20;950
12;2025-11-15;21;776
12;2025-11-15;22;394
12;2025-11-15;23;290
12;2025-11-16;0;82
12;2025-11-16;1;5
12;2025-11-16;2;0
12;2025-11-16;3;0
12;2025-11-16;4;3
12;2025-11-16;5;125
12;2025-11-16;6;483
12;2025-11-16;7;683
12;2025-11-16;8;750
12;2025-11-16;9;959
12;2025-11-16;10;1180
12;2025-11-16;11;1306
12;2025-11-16;12;1402
12;2025-11-16;13;1619
12;2025-11-16;14;1508
12;2025-11-16;15;1533
12;2025-11-16;16;1586
12;2025-11-16;17;1594
12;2025-11-16;18;1419
12;2025-11-16;19;1027
12;2025-11-16;20;786
12;2025-11-16;21;600
12;2025-11-16;22;397
12;2025-11-16;23;210
12;2025-11-17;0;55
12;2025-11-17;1;1
12;2025-11-17;2;0
12;2025-11-17;3;0
12;2025-11-17;4;6
12;2025-11-17;5;302
12;2025-11-17;6;1388
12;2025-11-17;7;2684
12;2025-11-17;8;3570
12;2025-11-17;9;2492
12;2025-11-17;10;2008
12;2025-11-17;11;1921
12;2025-11-17;12;2025
12;2025-11-17;13;2025
12;2025-11-17;14;1956
12;2025-11-17;15;2233
12;2025-11-17;16;2719
12;2025-11-17;17;2994
12;2025-11-17;18;3112
12;2025-11-17;19;2330
12;2025-11-17;20;1495
12;2025-11-17;21;924
12;2025-11-17;22;437
12;2025-11-17;23;241
12;2025-11-18;0;47
12;2025-11-18;1;2
12;2025-11-18;2;0
12;2025-11-18;3;0
12;2025-11-18;4;5
12;2025-11-18;5;309
12;2025-11-18;6;1401
12;2025-11-18;7;2696
12;2025-11-18;8;3577
12;2025-11-18;9;2486
12;2025-11-18;10;2012
12;2025-11-18;11;1919
12;2025-11-18;12;2000
12;2025-11-18;13;2025
12;2025-11-18;14;1958
12;2025-11-18;15;2213
12;2025-11-18;16;2724
12;2025-11-18;17;2992
12;2025-11-18;18;3089
12;2025-11-18;19;2309
12;2025-11-18;20;1466
12;2025-11-18;21;922
12;2025-11-18;22;450
12;2025-11-18;23;248
12;2025-11-19;0;51
12;2025-11-19;1;1
12;2025-11-19;2;0
12;2025-11-19;3;0
12;2025-11-19;4;6
12;2025-11-19;5;306
12;2025-11-19;6;1409
12;2025-11-19;7;2698
12;2025-11-19;8;3594
12;2025-11-19;9;2523
12;2025-11-19;10;2067
12;2025-11-19;11;1957
12;2025-11-19;12;2052
12;2025-11-19;13;2060
12;2025-11-19;14;1989
12;2025-11-19;15;2251
12;2025-11-19;16;2771
12;2025-11-19;17;3035
12;2025-11-19;18;3125
12;2025-11-19;19;2343
12;2025-11-19;20;1489
12;2025-11-19;21;948
12;2025-11-19;22;457
12;2025-11-19;23;255
12;2025-11-20;0;46
12;2025-11-20;1;2
12;2025-11-20;2;0
12;2025-11-20;3;0
12;2025-11-20;4;6
12;2025-11-20;5;304
12;2025-11-20;6;1390
12;2025-11-20;7;2718
12;2025-11-20;8;3603
12;2025-11-20;9;2501
12;2025-11-20;10;2033
12;2025-11-20;11;1951
12;2025-11-20;12;2040
12;2025-11-20;13;2072
12;2025-11-20;14;1999
12;2025-11-20;15;2261
12;2025-11-20;16;2762
12;2025-11-20;17;3044
12;2025-11-20;18;3138
12;2025-11-20;19;2349
12;2025-11-20;20;1507
12;2025-11-20;21;929
12;2025-11-20;22;461
12;2025-11-20;23;260
12;2025-11-21;0;50
12;2025-11-21;1;1
12;2025-11-21;2;0
12;2025-11-21;3;0
12;2025-11-21;4;6
12;2025-11-21;5;308
12;2025-11-21;6;1400
12;2025-11-21;7;2674
12;2025-11-21;8;3518
12;2025-11-21;9;2489
12;2025-11-21;10;2001
12;2025-11-21;11;1961
12;2025-11-21;12;2025
12;2025-11-21;13;2067
12;2025-11-21;14;2024
12;2025-11-21;15;2356
12;2025-11-21;16;2879
12;2025-11-21;17;3022
12;2025-11-21;18;2860
12;2025-11-21;19;2225
12;2025-11-21;20;1435
12;2025-11-21;21;953
12;2025-11-21;22;471
12;2025-11-21;23;284
12;2025-11-22;0;71
12;2025-11-22;1;2
12;2025-11-22;2;0
12;2025-11-22;3;0
12;2025-11-22;4;1
12;2025-11-22;5;214
12;2025-11-22;6;794
12;2025-11-22;7;907
12;2025-11-22;8;1032
12;2025-11-22;9;1240
12;2025-11-22;10;1471
12;2025-11-22;11;1503
12;2025-11-22;12;1550
12;2025-11-22;13;1757
12;2025-11-22;14;1592
12;2025-11-22;15;1564
12;2025-11-22;16;1709
12;2025-11-22;17;1613
12;2025-11-22;18;1508
12;2025-11-22;19;1378
12;2025-11-22;20;951
12;2025-11-22;21;778
12;2025-11-22;22;395
12;2025-11-22;23;290
12;2025-11-23;0;82
12;2025-11-23;1;5
12;2025-11-23;2;0
12;2025-11-23;3;0
12;2025-11-23;4;3
12;2025-11-23;5;122
12;2025-11-23;6;492
12;2025-11-23;7;713
12;2025-11-23;8;747
12;2025-11-23;9;957
12;2025-11-23;10;1177
12;2025-11-23;11;1308
12;2025-11-23;12;1406
12;2025-11-23;13;1624
12;2025-11-23;14;1510
12;2025-11-23;15;1535
12;2025-11-23;16;1587
12;2025-11-23;17;1590
12;2025-11-23;18;1411
12;2025-11-23;19;1017
12;2025-11-23;20;778
12;2025-11-23;21;596
12;2025-11-23;22;396
12;2025-11-23;23;209
12;2025-11-24;0;56
12;2025-11-24;1;1
12;2025-11-24;2;0
12;2025-11-24;3;0
12;2025-11-24;4;6
12;2025-11-24;5;299
12;2025-11-24;6;1371
12;2025-11-24;7;2656
12;2025-11-24;8;3540
12;2025-11-24;9;2468
12;2025-11-24;10;1992
12;2025-11-24;11;1902
12;2025-11-24;12;2007
12;2025-11-24;13;2010
12;2025-11-24;14;1943
12;2025-11-24;15;2220
12;2025-11-24;16;2706
12;2025-11-24;17;2970
12;2025-11-24;18;3083
12;2025-11-24;19;2306
12;2025-11-24;20;1478
12;2025-11-24;21;914
12;2025-11-24;22;433
12;2025-11-24;23;239
12;2025-11-25;0;44
12;2025-11-25;1;1
12;2025-11-25;2;0
12;2025-11-25;3;0
12;2025-11-25;4;6
12;2025-11-25;5;304
12;2025-11-25;6;1394
12;2025-11-25;7;2735
12;2025-11-25;8;3642
12;2025-11-25;9;2522
12;2025-11-25;10;2047
12;2025-11-25;11;1956
12;2025-11-25;12;2046
12;2025-11-25;13;2071
12;2025-11-25;14;2011
12;2025-11-25;15;2263
12;2025-11-25;16;2784
12;2025-11-25;17;3051
12;2025-11-25;18;3139
12;2025-11-25;19;2337
12;2025-11-25;20;1477
12;2025-11-25;21;922
12;2025-11-25;22;448
12;2025-11-25;23;247
12;2025-11-26;0;52
12;2025-11-26;1;1
12;2025-11-26;2;0
12;2025-11-26;3;0
12;2025-11-26;4;6
12;2025-11-26;5;305
12;2025-11-26;6;1390
12;2025-11-26;7;2672
12;2025-11-26;8;3562
12;2025-11-26;9;2500
12;2025-11-26;10;2052
12;2025-11-26;11;1931
12;2025-11-26;12;2024
12;2025-11-26;13;2032
12;2025-11-26;14;1970
12;2025-11-26;15;2232
12;2025-11-26;16;2748
12;2025-11-26;17;2998
12;2025-11-26;18;3092
12;2025-11-26;19;2310
12;2025-11-26;20;1469
12;2025-11-26;21;930
12;2025-11-26;22;451
12;2025-11-26;23;251
12;2025-11-27;0;49
12;2025-11-27;1;2
12;2025-11-27;2;0
12;2025-11-27;3;0
12;2025-11-27;4;6
12;2025-11-27;5;306
12;2025-11-27;6;1386
12;2025-11-27;7;2694
12;2025-11-27;8;3575
12;2025-11-27;9;2482
12;2025-11-27;10;2023
12;2025-11-27;11;1935
12;2025-11-27;12;2018
12;2025-11-27;13;2052
12;2025-11-27;14;1977
12;2025-11-27;15;2245
12;2025-11-27;16;2745
12;2025-11-27;17;3014
12;2025-11-27;18;3108
12;2025-11-27;19;2322
12;2025-11-27;20;1492
12;2025-11-27;21;919
12;2025-11-27;22;459
12;2025-11-27;23;258
12;2025-11-28;0;50
12;2025-11-28;1;2
12;2025-11-28;2;0
12;2025-11-28;3;0
12;2025-11-28;4;5
12;2025-11-28;5;306
12;2025-11-28;6;1386
12;2025-11-28;7;2649
12;2025-11-28;8;3493
12;2025-11-28;9;2466
12;2025-11-28;10;1986
12;2025-11-28;11;1949
12;2025-11-28;12;2013
12;2025-11-28;13;2055
12;2025-11-28;14;2014
12;2025-11-28;15;2343
12;2025-11-28;16;2867
12;2025-11-28;17;3001
12;2025-11-28;18;2836
12;2025-11-28;19;2206
12;2025-11-28;20;1422
12;2025-11-28;21;945
12;2025-11-28;22;468
12;2025-11-28;23;281
12;2025-11-29;0;72
12;2025-11-29;1;2
12;2025-11-29;2;0
12;2025-11-29;3;0
12;2025-11-29;4;1
12;2025-11-29;5;215
12;2025-11-29;6;796
12;2025-11-29;7;912
12;2025-11-29;8;1043
12;2025-11-29;9;1252
12;2025-11-29;10;1487
12;2025-11-29;11;1525
12;2025-11-29;12;1574
12;2025-11-29;13;1782
12;2025-11-29;14;1617
12;2025-11-29;15;1583
12;2025-11-29;16;1729
12;2025-11-29;17;1629
12;2025-11-29;18;1520
12;2025-11-29;19;1388
12;2025-11-29;20;958
12;2025-11-29;21;783
12;2025-11-29;22;400
12;2025-11-29;23;294
12;2025-11-30;0;83
12;2025-11-30;1;5
12;2025-11-30;2;0
12;2025-11-30;3;0
12;2025-11-30;4;3
12;2025-11-30;5;121
12;2025-11-30;6;490
12;2025-11-30;7;708
12;2025-11-30;8;742
12;2025-11-30;9;954
12;2025-11-30;10;1175
12;2025-11-30;11;1310
12;2025-11-30;12;1407
12;2025-11-30;13;1625
12;2025-11-30;14;1512
12;2025-11-30;15;1537
12;2025-11-30;16;1589
12;2025-11-30;17;1588
12;2025-11-30;18;1407
12;2025-11-30;19;1016
12;2025-11-30;20;776
12;2025-11-30;21;596
12;2025-11-30;22;396
12;2025-11-30;23;211
12;2025-12-01;0;54
12;2025-12-01;1;3
12;2025-12-01;2;0
12;2025-12-01;3;0
12;2025-12-01;4;6
12;2025-12-01;5;296
12;2025-12-01;6;1372
12;2025-12-01;7;2683
12;2025-12-01;8;3582
12;2025-12-01;9;2492
12;2025-12-01;10;2014
12;2025-12-01;11;1933
12;2025-12-01;12;2045
12;2025-12-01;13;2044
12;2025-12-01;14;1982
12;2025-12-01;15;2258
12;2025-12-01;16;2752
12;2025-12-01;17;3012
12;2025-12-01;18;3111
12;2025-12-01;19;2324
12;2025-12-01;20;1484
12;2025-12-01;21;912
12;2025-12-01;22;431
12;2025-12-01;23;239
12;2025-12-02;0;44
12;2025-12-02;1;1
12;2025-12-02;2;0
12;2025-12-02;3;0
12;2025-12-02;4;6
12;2025-12-02;5;302
12;2025-12-02;6;1383
12;2025-12-02;7;2725
12;2025-12-02;8;3630
12;2025-12-02;9;2513
12;2025-12-02;10;2044
12;2025-12-02;11;1955
12;2025-12-02;12;2043
12;2025-12-02;13;2068
12;2025-12-02;14;2012
12;2025-12-02;15;2262
12;2025-12-02;16;2784
12;2025-12-02;17;3042
12;2025-12-02;18;3122
12;2025-12-02;19;2325
12;2025-12-02;20;1468
12;2025-12-02;21;913
12;2025-12-02;22;444
12;2025-12-02;23;246
12;2025-12-03;0;52
12;2025-12-03;1;1
12;2025-12-03;2;0
12;2025-12-03;3;0
12;2025-12-03;4;6
12;2025-12-03;5;302
12;2025-12-03;6;1390
12;2025-12-03;7;2685
12;2025-12-03;8;3586
12;2025-12-03;9;2511
12;2025-12-03;10;2067
12;2025-12-03;11;1959
12;2025-12-03;12;2054
12;2025-12-03;13;2062
12;2025-12-03;14;1999
12;2025-12-03;15;2259
12;2025-12-03;16;2782
12;2025-12-03;17;3030
12;2025-12-03;18;3107
12;2025-12-03;19;2326
12;2025-12-03;20;1475
12;2025-12-03;21;934
12;2025-12-03;22;452
12;2025-12-03;23;254
12;2025-12-04;0;47
12;2025-12-04;1;2
12;2025-12-04;2;0
12;2025-12-04;3;0
12;2025-12-04;4;6
12;2025-12-04;5;301
12;2025-12-04;6;1373
12;2025-12-04;7;2704
12;2025-12-04;8;3594
12;2025-12-04;9;2488
12;2025-12-04;10;2031
12;2025-12-04;11;1953
12;2025-12-04;12;2039
12;2025-12-04;13;2072
12;2025-12-04;14;2006
12;2025-12-04;15;2268
12;2025-12-04;16;2772
12;2025-12-04;17;3037
12;2025-12-04;18;3119
12;2025-12-04;19;2332
12;2025-12-04;20;1494
12;2025-12-04;21;918
12;2025-12-04;22;459
12;2025-12-04;23;259
12;2025-12-05;0;51
12;2025-12-05;1;2
12;2025-12-05;2;0
12;2025-12-05;3;0
12;2025-12-05;4;5
12;2025-12-05;5;306
12;2025-12-05;6;1384
12;2025-12-05;7;2662
12;2025-12-05;8;3508
12;2025-12-05;9;2479
12;2025-12-05;10;2000
12;2025-12-05;11;1966
12;2025-12-05;12;2028
12;2025-12-05;13;2071
12;2025-12-05;14;2035
12;2025-12-05;15;2366
12;2025-12-05;16;2894
12;2025-12-05;17;3019
12;2025-12-05;18;2839
12;2025-12-05;19;2209
12;2025-12-05;20;1422
12;2025-12-05;21;942
12;2025-12-05;22;468
12;2025-12-05;23;282
12;2025-12-06;0;73
12;2025-12-06;1;2
12;2025-12-06;2;0
12;2025-12-06;3;0
12;2025-12-06;4;1
12;2025-12-06;5;215
12;2025-12-06;6;801
12;2025-12-06;7;911
12;2025-12-06;8;1045
12;2025-12-06;9;1256
12;2025-12-06;10;1493
12;2025-12-06;11;1536
12;2025-12-06;12;1586
12;2025-12-06;13;1797
12;2025-12-06;14;1629
12;2025-12-06;15;1594
12;2025-12-06;16;1740
12;2025-12-06;17;1636
12;2025-12-06;18;1524
12;2025-12-06;19;1394
12;2025-12-06;20;960
12;2025-12-06;21;787
12;2025-12-06;22;404
12;2025-12-06;23;297
12;2025-12-07;0;83
12;2025-12-07;1;5
12;2025-12-07;2;0
12;2025-12-07;3;0
12;2025-12-07;4;2
12;2025-12-07;5;120
12;2025-12-07;6;486
12;2025-12-07;7;705
12;2025-12-07;8;743
12;2025-12-07;9;955
12;2025-12-07;10;1177
12;2025-12-07;11;1316
12;2025-12-07;12;1413
12;2025-12-07;13;1632
12;2025-12-07;14;1520
12;2025-12-07;15;1541
12;2025-12-07;16;1593
12;2025-12-07;17;1591
12;2025-12-07;18;1407
12;2025-12-07;19;1015
12;2025-12-07;20;775
12;2025-12-07;21;593
12;2025-12-07;22;398
12;2025-12-07;23;209
12;2025-12-08;0;54
12;2025-12-08;1;1
12;2025-12-08;2;0
12;2025-12-08;3;0
12;2025-12-08;4;6
12;2025-12-08;5;294
12;2025-12-08;6;1365
12;2025-12-08;7;2679
12;2025-12-08;8;3581
12;2025-12-08;9;2489
12;2025-12-08;10;2016
12;2025-12-08;11;1937
12;2025-12-08;12;2048
12;2025-12-08;13;2046
12;2025-12-08;14;1987
12;2025-12-08;15;2264
12;2025-12-08;16;2759
12;2025-12-08;17;3013
12;2025-12-08;18;3108
12;2025-12-08;19;2320
12;2025-12-08;20;1482
12;2025-12-08;21;907
12;2025-12-08;22;431
12;2025-12-08;23;238
12;2025-12-09;0;44
12;2025-12-09;1;1
12;2025-12-09;2;0
12;2025-12-09;3;0
12;2025-12-09;4;6
12;2025-12-09;5;301
12;2025-12-09;6;1373
12;2025-12-09;7;2716
12;2025-12-09;8;3623
12;2025-12-09;9;2504
12;2025-12-09;10;2042
12;2025-12-09;11;1953
12;2025-12-09;12;2041
12;2025-12-09;13;2064
12;2025-12-09;14;2013
12;2025-12-09;15;2263
12;2025-12-09;16;2786
12;2025-12-09;17;3035
12;2025-12-09;18;3116
12;2025-12-09;19;2318
12;2025-12-09;20;1461
12;2025-12-09;21;907
12;2025-12-09;22;442
12;2025-12-09;23;245
12;2025-12-10;0;51
12;2025-12-10;1;1
12;2025-12-10;2;0
12;2025-12-10;3;0
12;2025-12-10;4;6
12;2025-12-10;5;300
12;2025-12-10;6;1376
12;2025-12-10;7;2670
12;2025-12-10;8;3569
12;2025-12-10;9;2497
12;2025-12-10;10;2058
12;2025-12-10;11;1952
12;2025-12-10;12;2045
12;2025-12-10;13;2051
12;2025-12-10;14;1996
12;2025-12-10;15;2253
12;2025-12-10;16;2775
12;2025-12-10;17;3016
12;2025-12-10;18;3093
12;2025-12-10;19;2311
12;2025-12-10;20;1465
12;2025-12-10;21;925
12;2025-12-10;22;450
12;2025-12-10;23;252
12;2025-12-11;0;48
12;2025-12-11;1;2
12;2025-12-11;2;0
12;2025-12-11;3;0
12;2025-12-11;4;6
12;2025-12-11;5;301
12;2025-12-11;6;1361
12;2025-12-11;7;2679
12;2025-12-11;8;3558
12;2025-12-11;9;2466
12;2025-12-11;10;2017
12;2025-12-11;11;1934
12;2025-12-11;12;2015
12;2025-12-11;13;2049
12;2025-12-11;14;1987
12;2025-12-11;15;2253
12;2025-12-11;16;2753
12;2025-12-11;17;3007
12;2025-12-11;18;3090
12;2025-12-11;19;2305
12;2025-12-11;20;1479
12;2025-12-11;21;903
12;2025-12-11;22;455
12;2025-12-11;23;255
12;2025-12-12;0;52
12;2025-12-12;1;2
12;2025-12-12;2;0
12;2025-12-12;3;0
12;2025-12-12;4;5
12;2025-12-12;5;307
12;2025-12-12;6;1370
12;2025-12-12;7;2638
12;2025-12-12;8;3477
12;2025-12-12;9;2459
12;2025-12-12;10;1991
12;2025-12-12;11;1952
12;2025-12-12;12;2008
12;2025-12-12;13;2051
12;2025-12-12;14;2017
12;2025-12-12;15;2346
12;2025-12-12;16;2869
12;2025-12-12;17;2985
12;2025-12-12;18;2812
12;2025-12-12;19;2185
12;2025-12-12;20;1408
12;2025-12-12;21;930
12;2025-12-12;22;463
12;2025-12-12;23;279
12;2025-12-13;0;73
12;2025-12-13;1;2
12;2025-12-13;2;0
12;2025-12-13;3;0
12;2025-12-13;4;1
12;2025-12-13;5;214
12;2025-12-13;6;789
12;2025-12-13;7;904
12;2025-12-13;8;1038
12;2025-12-13;9;1247
12;2025-12-13;10;1486
12;2025-12-13;11;1528
12;2025-12-13;12;1576
12;2025-12-13;13;1787
12;2025-12-13;14;1627
12;2025-12-13;15;1585
12;2025-12-13;16;1729
12;2025-12-13;17;1629
12;2025-12-13;18;1518
12;2025-12-13;19;1388
12;2025-12-13;20;954
12;2025-12-13;21;776
12;2025-12-13;22;400
12;2025-12-13;23;295
12;2025-12-14;0;84
12;2025-12-14;1;5
12;2025-12-14;2;0
12;2025-12-14;3;0
12;2025-12-14;4;2
12;2025-12-14;5;120
12;2025-12-14;6;480
12;2025-12-14;7;700
12;2025-12-14;8;738
12;2025-12-14;9;948
12;2025-12-14;10;1172
12;2025-12-14;11;1310
12;2025-12-14;12;1405
12;2025-12-14;13;1624
12;2025-12-14;14;1518
12;2025-12-14;15;1533
12;2025-12-14;16;1584
12;2025-12-14;17;1583
12;2025-12-14;18;1403
12;2025-12-14;19;1013
12;2025-12-14;20;772
12;2025-12-14;21;587
12;2025-12-14;22;395
12;2025-12-14;23;209
12;2025-12-15;0;56
12;2025-12-15;1;2
12;2025-12-15;2;0
12;2025-12-15;3;0
12;2025-12-15;4;6
12;2025-12-15;5;298
12;2025-12-15;6;1356
12;2025-12-15;7;2673
12;2025-12-15;8;3573
12;2025-12-15;9;2482
12;2025-12-15;10;2020
12;2025-12-15;11;1935
12;2025-12-15;12;2040
12;2025-12-15;13;2039
12;2025-12-15;14;2000
12;2025-12-15;15;2258
12;2025-12-15;16;2757
12;2025-12-15;17;3015
12;2025-12-15;18;3114
12;2025-12-15;19;2327
12;2025-12-15;20;1484
12;2025-12-15;21;903
12;2025-12-15;22;430
12;2025-12-15;23;240
12;2025-12-16;0;45
12;2025-12-16;1;1
12;2025-12-16;2;0
12;2025-12-16;3;0
12;2025-12-16;4;6
12;2025-12-16;5;303
12;2025-12-16;6;1373
12;2025-12-16;7;2722
12;2025-12-16;8;3630
12;2025-12-16;9;2510
12;2025-12-16;10;2051
12;2025-12-16;11;1963
12;2025-12-16;12;2046
12;2025-12-16;13;2067
12;2025-12-16;14;2025
12;2025-12-16;15;2270
12;2025-12-16;16;2798
12;2025-12-16;17;3047
12;2025-12-16;18;3126
12;2025-12-16;19;2325
12;2025-12-16;20;1467
12;2025-12-16;21;908
12;2025-12-16;22;445
12;2025-12-16;23;246
12;2025-12-17;0;53
12;2025-12-17;1;1
12;2025-12-17;2;0
12;2025-12-17;3;0
12;2025-12-17;4;6
12;2025-12-17;5;301
12;2025-12-17;6;1378
12;2025-12-17;7;2678
12;2025-12-17;8;3582
12;2025-12-17;9;2504
12;2025-12-17;10;2069
12;2025-12-17;11;1967
12;2025-12-17;12;2059
12;2025-12-17;13;2064
12;2025-12-17;14;2010
12;2025-12-17;15;2269
12;2025-12-17;16;2797
12;2025-12-17;17;3032
12;2025-12-17;18;3104
12;2025-12-17;19;2323
12;2025-12-17;20;1469
12;2025-12-17;21;927
12;2025-12-17;22;452
12;2025-12-17;23;253
12;2025-12-18;0;47
12;2025-12-18;1;2
12;2025-12-18;2;0
12;2025-12-18;3;0
12;2025-12-18;4;6
12;2025-12-18;5;299
12;2025-12-18;6;1358
12;2025-12-18;7;2696
12;2025-12-18;8;3588
12;2025-12-18;9;2479
12;2025-12-18;10;2032
12;2025-12-18;11;1957
12;2025-12-18;12;2042
12;2025-12-18;13;2072
12;2025-12-18;14;2015
12;2025-12-18;15;2276
12;2025-12-18;16;2783
12;2025-12-18;17;3037
12;2025-12-18;18;3113
12;2025-12-18;19;2326
12;2025-12-18;20;1488
12;2025-12-18;21;907
12;2025-12-18;22;456
12;2025-12-18;23;257
12;2025-12-19;0;51
12;2025-12-19;1;2
12;2025-12-19;2;0
12;2025-12-19;3;0
12;2025-12-19;4;5
12;2025-12-19;5;305
12;2025-12-19;6;1370
12;2025-12-19;7;2657
12;2025-12-19;8;3506
12;2025-12-19;9;2472
12;2025-12-19;10;2004
12;2025-12-19;11;1971
12;2025-12-19;12;2030
12;2025-12-19;13;2071
12;2025-12-19;14;2046
12;2025-12-19;15;2374
12;2025-12-19;16;2906
12;2025-12-19;17;3023
12;2025-12-19;18;2839
12;2025-12-19;19;2206
12;2025-12-19;20;1417
12;2025-12-19;21;932
12;2025-12-19;22;465
12;2025-12-19;23;281
12;2025-12-20;0;74
12;2025-12-20;1;3
12;2025-12-20;2;0
12;2025-12-20;3;0
12;2025-12-20;4;1
12;2025-12-20;5;213
12;2025-12-20;6;791
12;2025-12-20;7;904
12;2025-12-20;8;1041
12;2025-12-20;9;1252
12;2025-12-20;10;1490
12;2025-12-20;11;1540
12;2025-12-20;12;1589
12;2025-12-20;13;1801
12;2025-12-20;14;1638
12;2025-12-20;15;1596
12;2025-12-20;16;1739
12;2025-12-20;17;1634
12;2025-12-20;18;1519
12;2025-12-20;19;1390
12;2025-12-20;20;955
12;2025-12-20;21;779
12;2025-12-20;22;402
12;2025-12-20;23;297
12;2025-12-21;0;84
12;2025-12-21;1;5
12;2025-12-21;2;0
12;2025-12-21;3;0
12;2025-12-21;4;2
12;2025-12-21;5;119
12;2025-12-21;6;478
12;2025-12-21;7;697
12;2025-12-21;8;737
12;2025-12-21;9;948
12;2025-12-21;10;1172
12;2025-12-21;11;1314
12;2025-12-21;12;1412
12;2025-12-21;13;1631
12;2025-12-21;14;1522
12;2025-12-21;15;1538
12;2025-12-21;16;1588
12;2025-12-21;17;1583
12;2025-12-21;18;1397
12;2025-12-21;19;1009
12;2025-12-21;20;769
12;2025-12-21;21;588
12;2025-12-21;22;396
12;2025-12-21;23;209
12;2025-12-22;0;55
12;2025-12-22;1;3
12;2025-12-22;2;0
12;2025-12-22;3;0
12;2025-12-22;4;6
12;2025-12-22;5;294
12;2025-12-22;6;1348
12;2025-12-22;7;2659
12;2025-12-22;8;3556
12;2025-12-22;9;2468
12;2025-12-22;10;2009
12;2025-12-22;11;1930
12;2025-12-22;12;2036
12;2025-12-22;13;2033
12;2025-12-22;14;1985
12;2025-12-22;15;2257
12;2025-12-22;16;2753
12;2025-12-22;17;2997
12;2025-12-22;18;3086
12;2025-12-22;19;2304
12;2025-12-22;20;1469
12;2025-12-22;21;896
12;2025-12-22;22;426
12;2025-12-22;23;235
12;2025-12-23;0;45
12;2025-12-23;1;1
12;2025-12-23;2;0
12;2025-12-23;3;0
12;2025-12-23;4;6
12;2025-12-23;5;306
12;2025-12-23;6;1361
12;2025-12-23;7;2713
12;2025-12-23;8;3615
12;2025-12-23;9;2496
12;2025-12-23;10;2046
12;2025-12-23;11;1953
12;2025-12-23;12;2032
12;2025-12-23;13;2057
12;2025-12-23;14;2033
12;2025-12-23;15;2261
12;2025-12-23;16;2789
12;2025-12-23;17;3046
12;2025-12-23;18;3127
12;2025-12-23;19;2331
12;2025-12-23;20;1467
12;2025-12-23;21;899
12;2025-12-23;22;443
12;2025-12-23;23;248
12;2025-12-24;0;53
12;2025-12-24;1;1
12;2025-12-24;2;0
12;2025-12-24;3;0
12;2025-12-24;4;6
12;2025-12-24;5;307
12;2025-12-24;6;1371
12;2025-12-24;7;2680
12;2025-12-24;8;3580
12;2025-12-24;9;2501
12;2025-12-24;10;2077
12;2025-12-24;11;1965
12;2025-12-24;12;2050
12;2025-12-24;13;2055
12;2025-12-24;14;2029
12;2025-12-24;15;2262
12;2025-12-24;16;2793
12;2025-12-24;17;3040
12;2025-12-24;18;3119
12;2025-12-24;19;2336
12;2025-12-24;20;1488
12;2025-12-24;21;928
12;2025-12-24;22;454
12;2025-12-24;23;255
12;2025-12-25;0;49
12;2025-12-25;1;2
12;2025-12-25;2;0
12;2025-12-25;3;0
12;2025-12-25;4;7
12;2025-12-25;5;300
12;2025-12-25;6;1349
12;2025-12-25;7;2679
12;2025-12-25;8;3564
12;2025-12-25;9;2465
12;2025-12-25;10;2027
12;2025-12-25;11;1949
12;2025-12-25;12;2029
12;2025-12-25;13;2059
12;2025-12-25;14;2011
12;2025-12-25;15;2266
12;2025-12-25;16;2770
12;2025-12-25;17;3020
12;2025-12-25;18;3094
12;2025-12-25;19;2311
12;2025-12-25;20;1477
12;2025-12-25;21;896
12;2025-12-25;22;453
12;2025-12-25;23;254
12;2025-12-26;0;52
12;2025-12-26;1;2
12;2025-12-26;2;0
12;2025-12-26;3;0
12;2025-12-26;4;6
12;2025-12-26;5;304
12;2025-12-26;6;1347
12;2025-12-26;7;2611
12;2025-12-26;8;3447
12;2025-12-26;9;2431
12;2025-12-26;10;1976
12;2025-12-26;11;1937
12;2025-12-26;12;1992
12;2025-12-26;13;2032
12;2025-12-26;14;2010
12;2025-12-26;15;2339
12;2025-12-26;16;2860
12;2025-12-26;17;2965
12;2025-12-26;18;2791
12;2025-12-26;19;2168
12;2025-12-26;20;1395
12;2025-12-26;21;914
12;2025-12-26;22;460
12;2025-12-26;23;276
12;2025-12-27;0;74
12;2025-12-27;1;2
12;2025-12-27;2;0
12;2025-12-27;3;0
12;2025-12-27;4;2
12;2025-12-27;5;214
12;2025-12-27;6;786
12;2025-12-27;7;896
12;2025-12-27;8;1036
12;2025-12-27;9;1244
12;2025-12-27;10;1482
12;2025-12-27;11;1534
12;2025-12-27;12;1582
12;2025-12-27;13;1793
12;2025-12-27;14;1634
12;2025-12-27;15;1588
12;2025-12-27;16;1728
12;2025-12-27;17;1624
12;2025-12-27;18;1507
12;2025-12-27;19;1383
12;2025-12-27;20;949
12;2025-12-27;21;771
12;2025-12-27;22;401
12;2025-12-27;23;295
12;2025-12-28;0;84
12;2025-12-28;1;5
12;2025-12-28;2;0
12;2025-12-28;3;0
12;2025-12-28;4;2
12;2025-12-28;5;121
12;2025-12-28;6;473
12;2025-12-28;7;691
12;2025-12-28;8;731
12;2025-12-28;9;940
12;2025-12-28;10;1163
12;2025-12-28;11;1305
12;2025-12-28;12;1398
12;2025-12-28;13;1616
12;2025-12-28;14;1514
12;2025-12-28;15;1525
12;2025-12-28;16;1573
12;2025-12-28;17;1569
12;2025-12-28;18;1386
12;2025-12-28;19;1005
12;2025-12-28;20;764
12;2025-12-28;21;581
12;2025-12-28;22;394
12;2025-12-28;23;208
12;2025-12-29;0;48
12;2025-12-29;1;2
12;2025-12-29;2;0
12;2025-12-29;3;0
12;2025-12-29;4;5
12;2025-12-29;5;257
12;2025-12-29;6;1164
12;2025-12-29;7;2299
12;2025-12-29;8;3072
12;2025-12-29;9;2134
12;2025-12-29;10;1744
12;2025-12-29;11;1673
12;2025-12-29;12;1763
12;2025-12-29;13;1760
12;2025-12-29;14;1725
12;2025-12-29;15;1955
12;2025-12-29;16;2385
12;2025-12-29;17;2594
12;2025-12-29;18;2674
12;2025-12-29;19;1998
12;2025-12-29;20;1272
12;2025-12-29;21;771
12;2025-12-29;22;369
12;2025-12-29;23;205
12;2025-12-30;0;40
12;2025-12-30;1;1
12;2025-12-30;2;0
12;2025-12-30;3;0
12;2025-12-30;4;5
12;2025-12-30;5;263
12;2025-12-30;6;1172
12;2025-12-30;7;2332
12;2025-12-30;8;3100
12;2025-12-30;9;2148
12;2025-12-30;10;1765
12;2025-12-30;11;1686
12;2025-12-30;12;1753
12;2025-12-30;13;1774
12;2025-12-30;14;1747
12;2025-12-30;15;1956
12;2025-12-30;16;2406
12;2025-12-30;17;2610
12;2025-12-30;18;2664
12;2025-12-30;19;1989
12;2025-12-30;20;1256
12;2025-12-30;21;769
12;2025-12-30;22;382
12;2025-12-30;23;212
12;2025-12-31;0;72
12;2025-12-31;1;5
12;2025-12-31;2;0
12;2025-12-31;3;0
12;2025-12-31;4;2
12;2025-12-31;5;106
12;2025-12-31;6;410
12;2025-12-31;7;585
12;2025-12-31;8;621
12;2025-12-31;9;807
12;2025-12-31;10;1004
12;2025-12-31;11;1112
12;2025-12-31;12;1193
12;2025-12-31;13;1373
12;2025-12-31;14;1287
12;2025-12-31;15;1286
12;2025-12-31;16;1329
12;2025-12-31;17;1335
12;2025-12-31;18;1195
12;2025-12-31;19;866
12;2025-12-31;20;0
12;2025-12-31;21;0
12;2025-12-31;22;0
12;2025-12-31;23;0
17;2025-11-01;0;110
17;2025-11-01;1;12
17;2025-11-01;2;0
17;2025-11-01;3;0
17;2025-11-01;4;22
17;2025-11-01;5;276
17;2025-11-01;6;1367
17;2025-11-01;7;3798
17;2025-11-01;8;4799
17;2025-11-01;9;3419
17;2025-11-01;10;2712
17;2025-11-01;11;2702
17;2025-11-01;12;2724
17;2025-11-01;13;2781
17;2025-11-01;14;2874
17;2025-11-01;15;2995
17;2025-11-01;16;3374
17;2025-11-01;17;4068
17;2025-11-01;18;4126
17;2025-11-01;19;2913
17;2025-11-01;20;2046
17;2025-11-01;21;1276
17;2025-11-01;22;612
17;2025-11-01;23;336
17;2025-11-02;0;185
17;2025-11-02;1;26
17;2025-11-02;2;0
17;2025-11-02;3;0
17;2025-11-02;4;4
17;2025-11-02;5;114
17;2025-11-02;6;445
17;2025-11-02;7;873
17;2025-11-02;8;1274
17;2025-11-02;9;1743
17;2025-11-02;10;2036
17;2025-11-02;11;2621
17;2025-11-02;12;3011
17;2025-11-02;13;3296
17;2025-11-02;14;3390
17;2025-11-02;15;3305
17;2025-11-02;16;3308
17;2025-11-02;17;3132
17;2025-11-02;18;2685
17;2025-11-02;19;2140
17;2025-11-02;20;1593
17;2025-11-02;21;1140
17;2025-11-02;22;688
17;2025-11-02;23;321
17;2025-11-03;0;172
17;2025-11-03;1;25
17;2025-11-03;2;0
17;2025-11-03;3;0
17;2025-11-03;4;4
17;2025-11-03;5;109
17;2025-11-03;6;437
17;2025-11-03;7;867
17;2025-11-03;8;1260
17;2025-11-03;9;1685
17;2025-11-03;10;1942
17;2025-11-03;11;2493
17;2025-11-03;12;2856
17;2025-11-03;13;3134
17;2025-11-03;14;3221
17;2025-11-03;15;3131
17;2025-11-03;16;3128
17;2025-11-03;17;2978
17;2025-11-03;18;2630
17;2025-11-03;19;2077
17;2025-11-03;20;1528
17;2025-11-03;21;1084
17;2025-11-03;22;649
17;2025-11-03;23;297
17;2025-11-04;0;176
17;2025-11-04;1;25
17;2025-11-04;2;0
17;2025-11-04;3;0
17;2025-11-04;4;4
17;2025-11-04;5;107
17;2025-11-04;6;432
17;2025-11-04;7;846
17;2025-11-04;8;1234
17;2025-11-04;9;1665
17;2025-11-04;10;1921
17;2025-11-04;11;2454
17;2025-11-04;12;2822
17;2025-11-04;13;3105
17;2025-11-04;14;3215
17;2025-11-04;15;3104
17;2025-11-04;16;3100
17;2025-11-04;17;2969
17;2025-11-04;18;2599
17;2025-11-04;19;2061
17;2025-11-04;20;1528
17;2025-11-04;21;1084
17;2025-11-04;22;654
17;2025-11-04;23;301
17;2025-11-05;0;123
17;2025-11-05;1;12
17;2025-11-05;2;0
17;2025-11-05;3;0
17;2025-11-05;4;26
17;2025-11-05;5;314
17;2025-11-05;6;1559
17;2025-11-05;7;4295
17;2025-11-05;8;5455
17;2025-11-05;9;3868
17;2025-11-05;10;3068
17;2025-11-05;11;3040
17;2025-11-05;12;3071
17;2025-11-05;13;3124
17;2025-11-05;14;3218
17;2025-11-05;15;3350
17;2025-11-05;16;3747
17;2025-11-05;17;4577
17;2025-11-05;18;4734
17;2025-11-05;19;3319
17;2025-11-05;20;2317
17;2025-11-05;21;1457
17;2025-11-05;22;700
17;2025-11-05;23;382
17;2025-11-06;0;129
17;2025-11-06;1;11
17;2025-11-06;2;0
17;2025-11-06;3;0
17;2025-11-06;4;26
17;2025-11-06;5;319
17;2025-11-06;6;1559
17;2025-11-06;7;4296
17;2025-11-06;8;5452
17;2025-11-06;9;3871
17;2025-11-06;10;3064
17;2025-11-06;11;3028
17;2025-11-06;12;3060
17;2025-11-06;13;3130
17;2025-11-06;14;3214
17;2025-11-06;15;3337
17;2025-11-06;16;3782
17;2025-11-06;17;4592
17;2025-11-06;18;4751
17;2025-11-06;19;3340
17;2025-11-06;20;2362
17;2025-11-06;21;1478
17;2025-11-06;22;716
17;2025-11-06;23;393
17;2025-11-07;0;137
17;2025-11-07;1;15
17;2025-11-07;2;0
17;2025-11-07;3;0
17;2025-11-07;4;24
17;2025-11-07;5;314
17;2025-11-07;6;1547
17;2025-11-07;7;4269
17;2025-11-07;8;5367
17;2025-11-07;9;3823
17;2025-11-07;10;3035
17;2025-11-07;11;3060
17;2025-11-07;12;3065
17;2025-11-07;13;3145
17;2025-11-07;14;3262
17;2025-11-07;15;3469
17;2025-11-07;16;3990
17;2025-11-07;17;4632
17;2025-11-07;18;4444
17;2025-11-07;19;3200
17;2025-11-07;20;2318
17;2025-11-07;21;1500
17;2025-11-07;22;745
17;2025-11-07;23;434
17;2025-11-08;0;207
17;2025-11-08;1;27
17;2025-11-08;2;0
17;2025-11-08;3;0
17;2025-11-08;4;6
17;2025-11-08;5;137
17;2025-11-08;6;605
17;2025-11-08;7;1308
17;2025-11-08;8;1847
17;2025-11-08;9;2321
17;2025-11-08;10;2588
17;2025-11-08;11;3105
17;2025-11-08;12;3434
17;2025-11-08;13;3684
17;2025-11-08;14;3657
17;2025-11-08;15;3648
17;2025-11-08;16;3695
17;2025-11-08;17;3389
17;2025-11-08;18;3030
17;2025-11-08;19;2413
17;2025-11-08;20;1875
17;2025-11-08;21;1342
17;2025-11-08;22;818
17;2025-11-08;23;454
17;2025-11-09;0;185
17;2025-11-09;1;26
17;2025-11-09;2;0
17;2025-11-09;3;0
17;2025-11-09;4;5
17;2025-11-09;5;113
17;2025-11-09;6;443
17;2025-11-09;7;868
17;2025-11-09;8;1270
17;2025-11-09;9;1736
17;2025-11-09;10;2027
17;2025-11-09;11;2615
17;2025-11-09;12;3008
17;2025-11-09;13;3298
17;2025-11-09;14;3397
17;2025-11-09;15;3306
17;2025-11-09;16;3313
17;2025-11-09;17;3124
17;2025-11-09;18;2682
17;2025-11-09;19;2136
17;2025-11-09;20;1589
17;2025-11-09;21;1141
17;2025-11-09;22;690
17;2025-11-09;23;323
17;2025-11-10;0;112
17;2025-11-10;1;13
17;2025-11-10;2;0
17;2025-11-10;3;0
17;2025-11-10;4;25
17;2025-11-10;5;314
17;2025-11-10;6;1562
17;2025-11-10;7;4348
17;2025-11-10;8;5524
17;2025-11-10;9;3891
17;2025-11-10;10;3052
17;2025-11-10;11;3034
17;2025-11-10;12;3056
17;2025-11-10;13;3112
17;2025-11-10;14;3208
17;2025-11-10;15;3355
17;2025-11-10;16;3773
17;2025-11-10;17;4603
17;2025-11-10;18;4796
17;2025-11-10;19;3337
17;2025-11-10;20;2302
17;2025-11-10;21;1404
17;2025-11-10;22;648
17;2025-11-10;23;343
17;2025-11-11;0;114
17;2025-11-11;1;11
17;2025-11-11;2;0
17;2025-11-11;3;0
17;2025-11-11;4;25
17;2025-11-11;5;316
17;2025-11-11;6;1572
17;2025-11-11;7;4362
17;2025-11-11;8;5543
17;2025-11-11;9;3916
17;2025-11-11;10;3076
17;2025-11-11;11;3040
17;2025-11-11;12;3074
17;2025-11-11;13;3131
17;2025-11-11;14;3262
17;2025-11-11;15;3370
17;2025-11-11;16;3785
17;2025-11-11;17;4661
17;2025-11-11;18;4814
17;2025-11-11;19;3366
17;2025-11-11;20;2341
17;2025-11-11;21;1437
17;2025-11-11;22;676
17;2025-11-11;23;360
17;2025-11-12;0;120
17;2025-11-12;1;11
17;2025-11-12;2;0
17;2025-11-12;3;0
17;2025-11-12;4;27
17;2025-11-12;5;316
17;2025-11-12;6;1565
17;2025-11-12;7;4311
17;2025-11-12;8;5482
17;2025-11-12;9;3890
17;2025-11-12;10;3082
17;2025-11-12;11;3055
17;2025-11-12;12;3080
17;2025-11-12;13;3132
17;2025-11-12;14;3228
17;2025-11-12;15;3363
17;2025-11-12;16;3773
17;2025-11-12;17;4597
17;2025-11-12;18;4743
17;2025-11-12;19;3318
17;2025-11-12;20;2313
17;2025-11-12;21;1452
17;2025-11-12;22;694
17;2025-11-12;23;379
17;2025-11-13;0;126
17;2025-11-13;1;11
17;2025-11-13;2;0
17;2025-11-13;3;0
17;2025-11-13;4;26
17;2025-11-13;5;320
17;2025-11-13;6;1563
17;2025-11-13;7;4316
17;2025-11-13;8;5481
17;2025-11-13;9;3889
17;2025-11-13;10;3080
17;2025-11-13;11;3050
17;2025-11-13;12;3086
17;2025-11-13;13;3154
17;2025-11-13;14;3241
17;2025-11-13;15;3372
17;2025-11-13;16;3821
17;2025-11-13;17;4629
17;2025-11-13;18;4773
17;2025-11-13;19;3352
17;2025-11-13;20;2371
17;2025-11-13;21;1480
17;2025-11-13;22;712
17;2025-11-13;23;392
17;2025-11-14;0;135
17;2025-11-14;1;15
17;2025-11-14;2;0
17;2025-11-14;3;0
17;2025-11-14;4;25
17;2025-11-14;5;316
17;2025-11-14;6;1554
17;2025-11-14;7;4287
17;2025-11-14;8;5398
17;2025-11-14;9;3844
17;2025-11-14;10;3052
17;2025-11-14;11;3080
17;2025-11-14;12;3085
17;2025-11-14;13;3164
17;2025-11-14;14;3283
17;2025-11-14;15;3495
17;2025-11-14;16;4023
17;2025-11-14;17;4661
17;2025-11-14;18;4458
17;2025-11-14;19;3208
17;2025-11-14;20;2318
17;2025-11-14;21;1494
17;2025-11-14;22;737
17;2025-11-14;23;430
17;2025-11-15;0;199
17;2025-11-15;1;26
17;2025-11-15;2;0
17;2025-11-15;3;0
17;2025-11-15;4;5
17;2025-11-15;5;134
17;2025-11-15;6;601
17;2025-11-15;7;1289
17;2025-11-15;8;1823
17;2025-11-15;9;2303
17;2025-11-15;10;2540
17;2025-11-15;11;3056
17;2025-11-15;12;3376
17;2025-11-15;13;3622
17;2025-11-15;14;3593
17;2025-11-15;15;3587
17;2025-11-15;16;3650
17;2025-11-15;17;3333
17;2025-11-15;18;2981
17;2025-11-15;19;2356
17;2025-11-15;20;1816
17;2025-11-15;21;1307
17;2025-11-15;22;793
17;2025-11-15;23;438
17;2025-11-16;0;181
17;2025-11-16;1;25
17;2025-11-16;2;0
17;2025-11-16;3;0
17;2025-11-16;4;4
17;2025-11-16;5;110
17;2025-11-16;6;441
17;2025-11-16;7;866
17;2025-11-16;8;1265
17;2025-11-16;9;1738
17;2025-11-16;10;2022
17;2025-11-16;11;2623
17;2025-11-16;12;3019
17;2025-11-16;13;3304
17;2025-11-16;14;3403
17;2025-11-16;15;3318
17;2025-11-16;16;3330
17;2025-11-16;17;3131
17;2025-11-16;18;2685
17;2025-11-16;19;2135
17;2025-11-16;20;1579
17;2025-11-16;21;1135
17;2025-11-16;22;685
17;2025-11-16;23;319
17;2025-11-17;0;111
17;2025-11-17;1;13
17;2025-11-17;2;0
17;2025-11-17;3;0
17;2025-11-17;4;25
17;2025-11-17;5;313
17;2025-11-17;6;1558
17;2025-11-17;7;4321
17;2025-11-17;8;5494
17;2025-11-17;9;3882
17;2025-11-17;10;3036
17;2025-11-17;11;3020
17;2025-11-17;12;3032
17;2025-11-17;13;3089
17;2025-11-17;14;3181
17;2025-11-17;15;3325
17;2025-11-17;16;3752
17;2025-11-17;17;4574
17;2025-11-17;18;4765
17;2025-11-17;19;3307
17;2025-11-17;20;2278
17;2025-11-17;21;1390
17;2025-11-17;22;640
17;2025-11-17;23;339
17;2025-11-18;0;118
17;2025-11-18;1;13
17;2025-11-18;2;0
17;2025-11-18;3;0
17;2025-11-18;4;25
17;2025-11-18;5;313
17;2025-11-18;6;1563
17;2025-11-18;7;4292
17;2025-11-18;8;5462
17;2025-11-18;9;3872
17;2025-11-18;10;3030
17;2025-11-18;11;2984
17;2025-11-18;12;3009
17;2025-11-18;13;3068
17;2025-11-18;14;3194
17;2025-11-18;15;3298
17;2025-11-18;16;3719
17;2025-11-18;17;4585
17;2025-11-18;18;4739
17;2025-11-18;19;3301
17;2025-11-18;20;2303
17;2025-11-18;21;1417
17;2025-11-18;22;668
17;2025-11-18;23;356
17;2025-11-19;0;117
17;2025-11-19;1;11
17;2025-11-19;2;0
17;2025-11-19;3;0
17;2025-11-19;4;27
17;2025-11-19;5;317
17;2025-11-19;6;1567
17;2025-11-19;7;4322
17;2025-11-19;8;5499
17;2025-11-19;9;3902
17;2025-11-19;10;3091
17;2025-11-19;11;3071
17;2025-11-19;12;3100
17;2025-11-19;13;3153
17;2025-11-19;14;3251
17;2025-11-19;15;3388
17;2025-11-19;16;3801
17;2025-11-19;17;4620
17;2025-11-19;18;4759
17;2025-11-19;19;3324
17;2025-11-19;20;2311
17;2025-11-19;21;1449
17;2025-11-19;22;688
17;2025-11-19;23;376
17;2025-11-20;0;121
17;2025-11-20;1;11
17;2025-11-20;2;0
17;2025-11-20;3;0
17;2025-11-20;4;26
17;2025-11-20;5;320
17;2025-11-20;6;1523
17;2025-11-20;7;4296
17;2025-11-20;8;5492
17;2025-11-20;9;3897
17;2025-11-20;10;3082
17;2025-11-20;11;3060
17;2025-11-20;12;3094
17;2025-11-20;13;3162
17;2025-11-20;14;3250
17;2025-11-20;15;3385
17;2025-11-20;16;3841
17;2025-11-20;17;4640
17;2025-11-20;18;4777
17;2025-11-20;19;3346
17;2025-11-20;20;2358
17;2025-11-20;21;1468
17;2025-11-20;22;701
17;2025-11-20;23;385
17;2025-11-21;0;131
17;2025-11-21;1;14
17;2025-11-21;2;0
17;2025-11-21;3;0
17;2025-11-21;4;25
17;2025-11-21;5;315
17;2025-11-21;6;1553
17;2025-11-21;7;4289
17;2025-11-21;8;5404
17;2025-11-21;9;3849
17;2025-11-21;10;3050
17;2025-11-21;11;3087
17;2025-11-21;12;3091
17;2025-11-21;13;3167
17;2025-11-21;14;3289
17;2025-11-21;15;3504
17;2025-11-21;16;4039
17;2025-11-21;17;4667
17;2025-11-21;18;4458
17;2025-11-21;19;3199
17;2025-11-21;20;2300
17;2025-11-21;21;1484
17;2025-11-21;22;710
17;2025-11-21;23;376
17;2025-11-22;0;199
17;2025-11-22;1;25
17;2025-11-22;2;0
17;2025-11-22;3;0
17;2025-11-22;4;6
17;2025-11-22;5;134
17;2025-11-22;6;596
17;2025-11-22;7;1292
17;2025-11-22;8;1828
17;2025-11-22;9;2305
17;2025-11-22;10;2560
17;2025-11-22;11;3084
17;2025-11-22;12;3420
17;2025-11-22;13;3664
17;2025-11-22;14;3640
17;2025-11-22;15;3634
17;2025-11-22;16;3692
17;2025-11-22;17;3369
17;2025-11-22;18;3002
17;2025-11-22;19;2379
17;2025-11-22;20;1835
17;2025-11-22;21;1314
17;2025-11-22;22;796
17;2025-11-22;23;440
17;2025-11-23;0;181
17;2025-11-23;1;25
17;2025-11-23;2;0
17;2025-11-23;3;0
17;2025-11-23;4;4
17;2025-11-23;5;110
17;2025-11-23;6;437
17;2025-11-23;7;859
17;2025-11-23;8;1262
17;2025-11-23;9;1732
17;2025-11-23;10;2021
17;2025-11-23;11;2617
17;2025-11-23;12;3018
17;2025-11-23;13;3301
17;2025-11-23;14;3403
17;2025-11-23;15;3316
17;2025-11-23;16;3328
17;2025-11-23;17;3124
17;2025-11-23;18;2673
17;2025-11-23;19;2121
17;2025-11-23;20;1569
17;2025-11-23;21;1130
17;2025-11-23;22;680
17;2025-11-23;23;317
17;2025-11-24;0;114
17;2025-11-24;1;13
17;2025-11-24;2;0
17;2025-11-24;3;0
17;2025-11-24;4;25
17;2025-11-24;5;311
17;2025-11-24;6;1545
17;2025-11-24;7;4273
17;2025-11-24;8;5448
17;2025-11-24;9;3850
17;2025-11-24;10;3010
17;2025-11-24;11;2981
17;2025-11-24;12;2996
17;2025-11-24;13;3059
17;2025-11-24;14;3150
17;2025-11-24;15;3293
17;2025-11-24;16;3720
17;2025-11-24;17;4532
17;2025-11-24;18;4721
17;2025-11-24;19;3272
17;2025-11-24;20;2259
17;2025-11-24;21;1378
17;2025-11-24;22;633
17;2025-11-24;23;337
17;2025-11-25;0;111
17;2025-11-25;1;11
17;2025-11-25;2;0
17;2025-11-25;3;0
17;2025-11-25;4;25
17;2025-11-25;5;315
17;2025-11-25;6;1570
17;2025-11-25;7;4353
17;2025-11-25;8;5547
17;2025-11-25;9;3920
17;2025-11-25;10;3078
17;2025-11-25;11;3043
17;2025-11-25;12;3077
17;2025-11-25;13;3135
17;2025-11-25;14;3268
17;2025-11-25;15;3382
17;2025-11-25;16;3806
17;2025-11-25;17;4670
17;2025-11-25;18;4809
17;2025-11-25;19;3352
17;2025-11-25;20;2328
17;2025-11-25;21;1424
17;2025-11-25;22;664
17;2025-11-25;23;355
17;2025-11-26;0;119
17;2025-11-26;1;12
17;2025-11-26;2;0
17;2025-11-26;3;0
17;2025-11-26;4;27
17;2025-11-26;5;315
17;2025-11-26;6;1561
17;2025-11-26;7;4274
17;2025-11-26;8;5460
17;2025-11-26;9;3882
17;2025-11-26;10;3065
17;2025-11-26;11;3032
17;2025-11-26;12;3055
17;2025-11-26;13;3110
17;2025-11-26;14;3207
17;2025-11-26;15;3340
17;2025-11-26;16;3756
17;2025-11-26;17;4566
17;2025-11-26;18;4708
17;2025-11-26;19;3275
17;2025-11-26;20;2278
17;2025-11-26;21;1429
17;2025-11-26;22;676
17;2025-11-26;23;370
17;2025-11-27;0;127
17;2025-11-27;1;12
17;2025-11-27;2;0
17;2025-11-27;3;0
17;2025-11-27;4;26
17;2025-11-27;5;319
17;2025-11-27;6;1560
17;2025-11-27;7;4278
17;2025-11-27;8;5462
17;2025-11-27;9;3884
17;2025-11-27;10;3068
17;2025-11-27;11;3027
17;2025-11-27;12;3053
17;2025-11-27;13;3126
17;2025-11-27;14;3209
17;2025-11-27;15;3338
17;2025-11-27;16;3803
17;2025-11-27;17;4595
17;2025-11-27;18;4738
17;2025-11-27;19;3306
17;2025-11-27;20;2341
17;2025-11-27;21;1459
17;2025-11-27;22;700
17;2025-11-27;23;385
17;2025-11-28;0;133
17;2025-11-28;1;16
17;2025-11-28;2;0
17;2025-11-28;3;0
17;2025-11-28;4;25
17;2025-11-28;5;315
17;2025-11-28;6;1542
17;2025-11-28;7;4244
17;2025-11-28;8;5370
17;2025-11-28;9;3817
17;2025-11-28;10;3029
17;2025-11-28;11;2967
17;2025-11-28;12;2984
17;2025-11-28;13;3142
17;2025-11-28;14;3263
17;2025-11-28;15;3476
17;2025-11-28;16;4010
17;2025-11-28;17;4633
17;2025-11-28;18;4427
17;2025-11-28;19;3174
17;2025-11-28;20;2291
17;2025-11-28;21;1475
17;2025-11-28;22;724
17;2025-11-28;23;424
17;2025-11-29;0;201
17;2025-11-29;1;25
17;2025-11-29;2;0
17;2025-11-29;3;0
17;2025-11-29;4;6
17;2025-11-29;5;135
17;2025-11-29;6;597
17;2025-11-29;7;1299
17;2025-11-29;8;1845
17;2025-11-29;9;2325
17;2025-11-29;10;2587
17;2025-11-29;11;3122
17;2025-11-29;12;3465
17;2025-11-29;13;3708
17;2025-11-29;14;3685
17;2025-11-29;15;3681
17;2025-11-29;16;3739
17;2025-11-29;17;3408
17;2025-11-29;18;3029
17;2025-11-29;19;2402
17;2025-11-29;20;1852
17;2025-11-29;21;1328
17;2025-11-29;22;805
17;2025-11-29;23;446
17;2025-11-30;0;184
17;2025-11-30;1;26
17;2025-11-30;2;0
17;2025-11-30;3;0
17;2025-11-30;4;4
17;2025-11-30;5;109
17;2025-11-30;6;436
17;2025-11-30;7;850
17;2025-11-30;8;1258
17;2025-11-30;9;1726
17;2025-11-30;10;2017
17;2025-11-30;11;2612
17;2025-11-30;12;3016
17;2025-11-30;13;3298
17;2025-11-30;14;3400
17;2025-11-30;15;3313
17;2025-11-30;16;3327
17;2025-11-30;17;3122
17;2025-11-30;18;2668
17;2025-11-30;19;2118
17;2025-11-30;20;1571
17;2025-11-30;21;1132
17;2025-11-30;22;682
17;2025-11-30;23;320
17;2025-12-01;0;110
17;2025-12-01;1;13
17;2025-12-01;2;0
17;2025-12-01;3;0
17;2025-12-01;4;25
17;2025-12-01;5;315
17;2025-12-01;6;1560
17;2025-12-01;7;4328
17;2025-12-01;8;5530
17;2025-12-01;9;3894
17;2025-12-01;10;3055
17;2025-12-01;11;3037
17;2025-12-01;12;3059
17;2025-12-01;13;3117
17;2025-12-01;14;3217
17;2025-12-01;15;3366
17;2025-12-01;16;3797
17;2025-12-01;17;4612
17;2025-12-01;18;4782
17;2025-12-01;19;3316
17;2025-12-01;20;2286
17;2025-12-01;21;1390
17;2025-12-01;22;636
17;2025-12-01;23;339
17;2025-12-02;0;112
17;2025-12-02;1;11
17;2025-12-02;2;0
17;2025-12-02;3;0
17;2025-12-02;4;26
17;2025-12-02;5;317
17;2025-12-02;6;1570
17;2025-12-02;7;4344
17;2025-12-02;8;5553
17;2025-12-02;9;3922
17;2025-12-02;10;3081
17;2025-12-02;11;3044
17;2025-12-02;12;3078
17;2025-12-02;13;3136
17;2025-12-02;14;3271
17;2025-12-02;15;3384
17;2025-12-02;16;3811
17;2025-12-02;17;4671
17;2025-12-02;18;4802
17;2025-12-02;19;3345
17;2025-12-02;20;2327
17;2025-12-02;21;1423
17;2025-12-02;22;664
17;2025-12-02;23;356
17;2025-12-03;0;119
17;2025-12-03;1;11
17;2025-12-03;2;0
17;2025-12-03;3;0
17;2025-12-03;4;27
17;2025-12-03;5;319
17;2025-12-03;6;1567
17;2025-12-03;7;4306
17;2025-12-03;8;5513
17;2025-12-03;9;3905
17;2025-12-03;10;3098
17;2025-12-03;11;3071
17;2025-12-03;12;3104
17;2025-12-03;13;3157
17;2025-12-03;14;3258
17;2025-12-03;15;3395
17;2025-12-03;16;3815
17;2025-12-03;17;4627
17;2025-12-03;18;4751
17;2025-12-03;19;3313
17;2025-12-03;20;2310
17;2025-12-03;21;1447
17;2025-12-03;22;687
17;2025-12-03;23;378
17;2025-12-04;0;125
17;2025-12-04;1;11
17;2025-12-04;2;0
17;2025-12-04;3;0
17;2025-12-04;4;27
17;2025-12-04;5;322
17;2025-12-04;6;1564
17;2025-12-04;7;4302
17;2025-12-04;8;5505
17;2025-12-04;9;3900
17;2025-12-04;10;3090
17;2025-12-04;11;3058
17;2025-12-04;12;3096
17;2025-12-04;13;3166
17;2025-12-04;14;3256
17;2025-12-04;15;3389
17;2025-12-04;16;3853
17;2025-12-04;17;4646
17;2025-12-04;18;4770
17;2025-12-04;19;3338
17;2025-12-04;20;2363
17;2025-12-04;21;1470
17;2025-12-04;22;705
17;2025-12-04;23;389
17;2025-12-05;0;133
17;2025-12-05;1;14
17;2025-12-05;2;0
17;2025-12-05;3;0
17;2025-12-05;4;25
17;2025-12-05;5;318
17;2025-12-05;6;1555
17;2025-12-05;7;4277
17;2025-12-05;8;5421
17;2025-12-05;9;3855
17;2025-12-05;10;3062
17;2025-12-05;11;3090
17;2025-12-05;12;3098
17;2025-12-05;13;3177
17;2025-12-05;14;3301
17;2025-12-05;15;3516
17;2025-12-05;16;4060
17;2025-12-05;17;4681
17;2025-12-05;18;4455
17;2025-12-05;19;3196
17;2025-12-05;20;2307
17;2025-12-05;21;1486
17;2025-12-05;22;729
17;2025-12-05;23;428
17;2025-12-06;0;205
17;2025-12-06;1;26
17;2025-12-06;2;0
17;2025-12-06;3;0
17;2025-12-06;4;6
17;2025-12-06;5;137
17;2025-12-06;6;604
17;2025-12-06;7;1305
17;2025-12-06;8;1862
17;2025-12-06;9;2347
17;2025-12-06;10;2616
17;2025-12-06;11;3152
17;2025-12-06;12;3501
17;2025-12-06;13;3747
17;2025-12-06;14;3725
17;2025-12-06;15;3719
17;2025-12-06;16;3778
17;2025-12-06;17;3446
17;2025-12-06;18;3058
17;2025-12-06;19;2425
17;2025-12-06;20;1878
17;2025-12-06;21;1347
17;2025-12-06;22;817
17;2025-12-06;23;457
17;2025-12-07;0;184
17;2025-12-07;1;25
17;2025-12-07;2;0
17;2025-12-07;3;0
17;2025-12-07;4;4
17;2025-12-07;5;111
17;2025-12-07;6;439
17;2025-12-07;7;856
17;2025-12-07;8;1271
17;2025-12-07;9;1746
17;2025-12-07;10;2039
17;2025-12-07;11;2642
17;2025-12-07;12;3052
17;2025-12-07;13;3336
17;2025-12-07;14;3438
17;2025-12-07;15;3353
17;2025-12-07;16;3371
17;2025-12-07;17;3158
17;2025-12-07;18;2697
17;2025-12-07;19;2143
17;2025-12-07;20;1587
17;2025-12-07;21;1144
17;2025-12-07;22;688
17;2025-12-07;23;322
17;2025-12-08;0;110
17;2025-12-08;1;12
17;2025-12-08;2;0
17;2025-12-08;3;0
17;2025-12-08;4;26
17;2025-12-08;5;316
17;2025-12-08;6;1559
17;2025-12-08;7;4317
17;2025-12-08;8;5528
17;2025-12-08;9;3893
17;2025-12-08;10;3057
17;2025-12-08;11;3036
17;2025-12-08;12;3058
17;2025-12-08;13;3117
17;2025-12-08;14;3216
17;2025-12-08;15;3366
17;2025-12-08;16;3800
17;2025-12-08;17;4611
17;2025-12-08;18;4781
17;2025-12-08;19;3315
17;2025-12-08;20;2287
17;2025-12-08;21;1389
17;2025-12-08;22;637
17;2025-12-08;23;339
17;2025-12-09;0;111
17;2025-12-09;1;11
17;2025-12-09;2;0
17;2025-12-09;3;0
17;2025-12-09;4;26
17;2025-12-09;5;316
17;2025-12-09;6;1566
17;2025-12-09;7;4322
17;2025-12-09;8;5537
17;2025-12-09;9;3911
17;2025-12-09;10;3073
17;2025-12-09;11;3034
17;2025-12-09;12;3069
17;2025-12-09;13;3127
17;2025-12-09;14;3261
17;2025-12-09;15;3377
17;2025-12-09;16;3806
17;2025-12-09;17;4658
17;2025-12-09;18;4790
17;2025-12-09;19;3335
17;2025-12-09;20;2319
17;2025-12-09;21;1420
17;2025-12-09;22;663
17;2025-12-09;23;355
17;2025-12-10;0;117
17;2025-12-10;1;11
17;2025-12-10;2;0
17;2025-12-10;3;0
17;2025-12-10;4;26
17;2025-12-10;5;317
17;2025-12-10;6;1559
17;2025-12-10;7;4272
17;2025-12-10;8;5477
17;2025-12-10;9;3884
17;2025-12-10;10;3081
17;2025-12-10;11;3051
17;2025-12-10;12;3084
17;2025-12-10;13;3136
17;2025-12-10;14;3236
17;2025-12-10;15;3374
17;2025-12-10;16;3794
17;2025-12-10;17;4598
17;2025-12-10;18;4724
17;2025-12-10;19;3291
17;2025-12-10;20;2293
17;2025-12-10;21;1437
17;2025-12-10;22;683
17;2025-12-10;23;376
17;2025-12-11;0;126
17;2025-12-11;1;12
17;2025-12-11;2;0
17;2025-12-11;3;0
17;2025-12-11;4;27
17;2025-12-11;5;322
17;2025-12-11;6;1557
17;2025-12-11;7;4252
17;2025-12-11;8;5451
17;2025-12-11;9;3876
17;2025-12-11;10;3060
17;2025-12-11;11;3023
17;2025-12-11;12;3055
17;2025-12-11;13;3127
17;2025-12-11;14;3215
17;2025-12-11;15;3345
17;2025-12-11;16;3814
17;2025-12-11;17;4596
17;2025-12-11;18;4724
17;2025-12-11;19;3294
17;2025-12-11;20;2334
17;2025-12-11;21;1454
17;2025-12-11;22;699
17;2025-12-11;23;384
17;2025-12-12;0;134
17;2025-12-12;1;15
17;2025-12-12;2;0
17;2025-12-12;3;0
17;2025-12-12;4;26
17;2025-12-12;5;317
17;2025-12-12;6;1548
17;2025-12-12;7;4228
17;2025-12-12;8;5368
17;2025-12-12;9;3832
17;2025-12-12;10;3037
17;2025-12-12;11;3063
17;2025-12-12;12;3061
17;2025-12-12;13;3140
17;2025-12-12;14;3258
17;2025-12-12;15;3465
17;2025-12-12;16;4012
17;2025-12-12;17;4618
17;2025-12-12;18;4405
17;2025-12-12;19;3152
17;2025-12-12;20;2277
17;2025-12-12;21;1470
17;2025-12-12;22;721
17;2025-12-12;23;421
17;2025-12-13;0;200
17;2025-12-13;1;24
17;2025-12-13;2;0
17;2025-12-13;3;0
17;2025-12-13;4;6
17;2025-12-13;5;135
17;2025-12-13;6;598
17;2025-12-13;7;1291
17;2025-12-13;8;1845
17;2025-12-13;9;2333
17;2025-12-13;10;2592
17;2025-12-13;11;3133
17;2025-12-13;12;3480
17;2025-12-13;13;3715
17;2025-12-13;14;3694
17;2025-12-13;15;3696
17;2025-12-13;16;3758
17;2025-12-13;17;3425
17;2025-12-13;18;3042
17;2025-12-13;19;2414
17;2025-12-13;20;1863
17;2025-12-13;21;1337
17;2025-12-13;22;815
17;2025-12-13;23;451
17;2025-12-14;0;181
17;2025-12-14;1;24
17;2025-12-14;2;0
17;2025-12-14;3;0
17;2025-12-14;4;4
17;2025-12-14;5;109
17;2025-12-14;6;437
17;2025-12-14;7;848
17;2025-12-14;8;1258
17;2025-12-14;9;1735
17;2025-12-14;10;2021
17;2025-12-14;11;2627
17;2025-12-14;12;3034
17;2025-12-14;13;3310
17;2025-12-14;14;3410
17;2025-12-14;15;3331
17;2025-12-14;16;3353
17;2025-12-14;17;3140
17;2025-12-14;18;2685
17;2025-12-14;19;2135
17;2025-12-14;20;1582
17;2025-12-14;21;1140
17;2025-12-14;22;691
17;2025-12-14;23;320
17;2025-12-15;0;107
17;2025-12-15;1;12
17;2025-12-15;2;0
17;2025-12-15;3;0
17;2025-12-15;4;25
17;2025-12-15;5;314
17;2025-12-15;6;1556
17;2025-12-15;7;4298
17;2025-12-15;8;5508
17;2025-12-15;9;3889
17;2025-12-15;10;3042
17;2025-12-15;11;3029
17;2025-12-15;12;3049
17;2025-12-15;13;3101
17;2025-12-15;14;3196
17;2025-12-15;15;3355
17;2025-12-15;16;3793
17;2025-12-15;17;4599
17;2025-12-15;18;4781
17;2025-12-15;19;3318
17;2025-12-15;20;2291
17;2025-12-15;21;1391
17;2025-12-15;22;649
17;2025-12-15;23;340
17;2025-12-16;0;112
17;2025-12-16;1;11
17;2025-12-16;2;0
17;2025-12-16;3;0
17;2025-12-16;4;27
17;2025-12-16;5;318
17;2025-12-16;6;1571
17;2025-12-16;7;4321
17;2025-12-16;8;5543
17;2025-12-16;9;3923
17;2025-12-16;10;3079
17;2025-12-16;11;3038
17;2025-12-16;12;3070
17;2025-12-16;13;3127
17;2025-12-16;14;3258
17;2025-12-16;15;3375
17;2025-12-16;16;3810
17;2025-12-16;17;4664
17;2025-12-16;18;4804
17;2025-12-16;19;3343
17;2025-12-16;20;2328
17;2025-12-16;21;1410
17;2025-12-16;22;583
17;2025-12-16;23;310
17;2025-12-17;0;103
17;2025-12-17;1;10
17;2025-12-17;2;0
17;2025-12-17;3;0
17;2025-12-17;4;24
17;2025-12-17;5;319
17;2025-12-17;6;1563
17;2025-12-17;7;4277
17;2025-12-17;8;5496
17;2025-12-17;9;3895
17;2025-12-17;10;3093
17;2025-12-17;11;3062
17;2025-12-17;12;3096
17;2025-12-17;13;3150
17;2025-12-17;14;3250
17;2025-12-17;15;3390
17;2025-12-17;16;3814
17;2025-12-17;17;4619
17;2025-12-17;18;4747
17;2025-12-17;19;3308
17;2025-12-17;20;2308
17;2025-12-17;21;1445
17;2025-12-17;22;690
17;2025-12-17;23;379
17;2025-12-18;0;123
17;2025-12-18;1;10
17;2025-12-18;2;0
17;2025-12-18;3;0
17;2025-12-18;4;27
17;2025-12-18;5;322
17;2025-12-18;6;1558
17;2025-12-18;7;4273
17;2025-12-18;8;5489
17;2025-12-18;9;3889
17;2025-12-18;10;3082
17;2025-12-18;11;3048
17;2025-12-18;12;3089
17;2025-12-18;13;3159
17;2025-12-18;14;3248
17;2025-12-18;15;3385
17;2025-12-18;16;3853
17;2025-12-18;17;4636
17;2025-12-18;18;4763
17;2025-12-18;19;3331
17;2025-12-18;20;2357
17;2025-12-18;21;1464
17;2025-12-18;22;705
17;2025-12-18;23;388
17;2025-12-19;0;132
17;2025-12-19;1;15
17;2025-12-19;2;0
17;2025-12-19;3;0
17;2025-12-19;4;25
17;2025-12-19;5;318
17;2025-12-19;6;1550
17;2025-12-19;7;4246
17;2025-12-19;8;5403
17;2025-12-19;9;3845
17;2025-12-19;10;3051
17;2025-12-19;11;3081
17;2025-12-19;12;3088
17;2025-12-19;13;3166
17;2025-12-19;14;3289
17;2025-12-19;15;3507
17;2025-12-19;16;4056
17;2025-12-19;17;4668
17;2025-12-19;18;4448
17;2025-12-19;19;3187
17;2025-12-19;20;2299
17;2025-12-19;21;1479
17;2025-12-19;22;728
17;2025-12-19;23;424
17;2025-12-20;0;202
17;2025-12-20;1;25
17;2025-12-20;2;0
17;2025-12-20;3;0
17;2025-12-20;4;6
17;2025-12-20;5;136
17;2025-12-20;6;598
17;2025-12-20;7;1291
17;2025-12-20;8;1853
17;2025-12-20;9;2338
17;2025-12-20;10;2604
17;2025-12-20;11;3143
17;2025-12-20;12;3498
17;2025-12-20;13;3733
17;2025-12-20;14;3714
17;2025-12-20;15;3715
17;2025-12-20;16;3775
17;2025-12-20;17;3440
17;2025-12-20;18;3050
17;2025-12-20;19;2421
17;2025-12-20;20;1873
17;2025-12-20;21;1346
17;2025-12-20;22;816
17;2025-12-20;23;454
17;2025-12-21;0;183
17;2025-12-21;1;24
17;2025-12-21;2;0
17;2025-12-21;3;0
17;2025-12-21;4;4
17;2025-12-21;5;110
17;2025-12-21;6;433
17;2025-12-21;7;840
17;2025-12-21;8;1259
17;2025-12-21;9;1731
17;2025-12-21;10;2027
17;2025-12-21;11;2623
17;2025-12-21;12;3035
17;2025-12-21;13;3311
17;2025-12-21;14;3416
17;2025-12-21;15;3334
17;2025-12-21;16;3352
17;2025-12-21;17;3140
17;2025-12-21;18;2680
17;2025-12-21;19;2131
17;2025-12-21;20;1581
17;2025-12-21;21;1142
17;2025-12-21;22;686
17;2025-12-21;23;321
17;2025-12-22;0;110
17;2025-12-22;1;13
17;2025-12-22;2;0
17;2025-12-22;3;0
17;2025-12-22;4;26
17;2025-12-22;5;315
17;2025-12-22;6;1548
17;2025-12-22;7;4261
17;2025-12-22;8;5475
17;2025-12-22;9;3863
17;2025-12-22;10;3031
17;2025-12-22;11;3006
17;2025-12-22;12;3028
17;2025-12-22;13;3088
17;2025-12-22;14;3184
17;2025-12-22;15;3336
17;2025-12-22;16;3772
17;2025-12-22;17;4568
17;2025-12-22;18;4741
17;2025-12-22;19;3283
17;2025-12-22;20;2269
17;2025-12-22;21;1378
17;2025-12-22;22;637
17;2025-12-22;23;336
17;2025-12-23;0;106
17;2025-12-23;1;9
17;2025-12-23;2;0
17;2025-12-23;3;0
17;2025-12-23;4;27
17;2025-12-23;5;315
17;2025-12-23;6;1566
17;2025-12-23;7;4295
17;2025-12-23;8;5510
17;2025-12-23;9;3908
17;2025-12-23;10;3054
17;2025-12-23;11;3029
17;2025-12-23;12;3059
17;2025-12-23;13;3109
17;2025-12-23;14;3235
17;2025-12-23;15;3366
17;2025-12-23;16;3805
17;2025-12-23;17;4654
17;2025-12-23;18;4802
17;2025-12-23;19;3349
17;2025-12-23;20;2332
17;2025-12-23;21;1425
17;2025-12-23;22;673
17;2025-12-23;23;321
17;2025-12-24;0;115
17;2025-12-24;1;12
17;2025-12-24;2;0
17;2025-12-24;3;0
17;2025-12-24;4;28
17;2025-12-24;5;317
17;2025-12-24;6;1566
17;2025-12-24;7;4267
17;2025-12-24;8;5488
17;2025-12-24;9;3904
17;2025-12-24;10;3082
17;2025-12-24;11;3065
17;2025-12-24;12;3095
17;2025-12-24;13;3138
17;2025-12-24;14;3229
17;2025-12-24;15;3382
17;2025-12-24;16;3814
17;2025-12-24;17;4617
17;2025-12-24;18;4761
17;2025-12-24;19;3323
17;2025-12-24;20;2336
17;2025-12-24;21;1459
17;2025-12-24;22;713
17;2025-12-24;23;379
17;2025-12-25;0;123
17;2025-12-25;1;12
17;2025-12-25;2;0
17;2025-12-25;3;0
17;2025-12-25;4;28
17;2025-12-25;5;320
17;2025-12-25;6;1554
17;2025-12-25;7;4232
17;2025-12-25;8;5446
17;2025-12-25;9;3873
17;2025-12-25;10;3063
17;2025-12-25;11;3031
17;2025-12-25;12;3065
17;2025-12-25;13;3133
17;2025-12-25;14;3218
17;2025-12-25;15;3357
17;2025-12-25;16;3827
17;2025-12-25;17;4598
17;2025-12-25;18;4730
17;2025-12-25;19;3303
17;2025-12-25;20;2337
17;2025-12-25;21;1453
17;2025-12-25;22;705
17;2025-12-25;23;381
17;2025-12-26;0;133
17;2025-12-26;1;14
17;2025-12-26;2;0
17;2025-12-26;3;0
17;2025-12-26;4;27
17;2025-12-26;5;315
17;2025-12-26;6;1532
17;2025-12-26;7;4161
17;2025-12-26;8;5313
17;2025-12-26;9;3799
17;2025-12-26;10;3006
17;2025-12-26;11;3023
17;2025-12-26;12;3023
17;2025-12-26;13;3103
17;2025-12-26;14;3221
17;2025-12-26;15;3434
17;2025-12-26;16;3982
17;2025-12-26;17;4579
17;2025-12-26;18;4377
17;2025-12-26;19;3127
17;2025-12-26;20;2254
17;2025-12-26;21;1454
17;2025-12-26;22;719
17;2025-12-26;23;419
17;2025-12-27;0;201
17;2025-12-27;1;25
17;2025-12-27;2;0
17;2025-12-27;3;0
17;2025-12-27;4;7
17;2025-12-27;5;136
17;2025-12-27;6;594
17;2025-12-27;7;1278
17;2025-12-27;8;1840
17;2025-12-27;9;2325
17;2025-12-27;10;2589
17;2025-12-27;11;3120
17;2025-12-27;12;3475
17;2025-12-27;13;3705
17;2025-12-27;14;3686
17;2025-12-27;15;3692
17;2025-12-27;16;3749
17;2025-12-27;17;3419
17;2025-12-27;18;3031
17;2025-12-27;19;2410
17;2025-12-27;20;1865
17;2025-12-27;21;1339
17;2025-12-27;22;813
17;2025-12-27;23;449
17;2025-12-28;0;181
17;2025-12-28;1;25
17;2025-12-28;2;0
17;2025-12-28;3;0
17;2025-12-28;4;4
17;2025-12-28;5;110
17;2025-12-28;6;433
17;2025-12-28;7;832
17;2025-12-28;8;1252
17;2025-12-28;9;1725
17;2025-12-28;10;2011
17;2025-12-28;11;2604
17;2025-12-28;12;3013
17;2025-12-28;13;3283
17;2025-12-28;14;3387
17;2025-12-28;15;3309
17;2025-12-28;16;3327
17;2025-12-28;17;3120
17;2025-12-28;18;2668
17;2025-12-28;19;2123
17;2025-12-28;20;1575
17;2025-12-28;21;1139
17;2025-12-28;22;688
17;2025-12-28;23;319
17;2025-12-29;0;93
17;2025-12-29;1;11
17;2025-12-29;2;0
17;2025-12-29;3;0
17;2025-12-29;4;22
17;2025-12-29;5;268
17;2025-12-29;6;1315
17;2025-12-29;7;3603
17;2025-12-29;8;4640
17;2025-12-29;9;3280
17;2025-12-29;10;2571
17;2025-12-29;11;2552
17;2025-12-29;12;2571
17;2025-12-29;13;2619
17;2025-12-29;14;2697
17;2025-12-29;15;2830
17;2025-12-29;16;3203
17;2025-12-29;17;3874
17;2025-12-29;18;4028
17;2025-12-29;19;2792
17;2025-12-29;20;1929
17;2025-12-29;21;1171
17;2025-12-29;22;548
17;2025-12-29;23;286
17;2025-12-30;0;95
17;2025-12-30;1;9
17;2025-12-30;2;0
17;2025-12-30;3;0
17;2025-12-30;4;22
17;2025-12-30;5;268
17;2025-12-30;6;1321
17;2025-12-30;7;3606
17;2025-12-30;8;4638
17;2025-12-30;9;3300
17;2025-12-30;10;2585
17;2025-12-30;11;2551
17;2025-12-30;12;2577
17;2025-12-30;13;2625
17;2025-12-30;14;2734
17;2025-12-30;15;2836
17;2025-12-30;16;3210
17;2025-12-30;17;3913
17;2025-12-30;18;4022
17;2025-12-30;19;2798
17;2025-12-30;20;1954
17;2025-12-30;21;1196
17;2025-12-30;22;574
17;2025-12-30;23;299
17;2025-12-31;0;154
17;2025-12-31;1;21
17;2025-12-31;2;0
17;2025-12-31;3;0
17;2025-12-31;4;4
17;2025-12-31;5;96
17;2025-12-31;6;379
17;2025-12-31;7;716
17;2025-12-31;8;1079
17;2025-12-31;9;1487
17;2025-12-31;10;1733
17;2025-12-31;11;2234
17;2025-12-31;12;2586
17;2025-12-31;13;2809
17;2025-12-31;14;2893
17;2025-12-31;15;2824
17;2025-12-31;16;2824
17;2025-12-31;17;2665
17;2025-12-31;18;2306
17;2025-12-31;19;1835
17;2025-12-31;20;0
17;2025-12-31;21;0
17;2025-12-31;22;0
17;2025-12-31;23;0
25;2025-11-01;0;0
25;2025-11-01;1;0
25;2025-11-01;2;0
25;2025-11-01;3;0
25;2025-11-01;4;0
25;2025-11-01;5;14
25;2025-11-01;6;216
25;2025-11-01;7;468
25;2025-11-01;8;773
25;2025-11-01;9;399
25;2025-11-01;10;321
25;2025-11-01;11;380
25;2025-11-01;12;369
25;2025-11-01;13;478
25;2025-11-01;14;416
25;2025-11-01;15;509
25;2025-11-01;16;624
25;2025-11-01;17;669
25;2025-11-01;18;656
25;2025-11-01;19;505
25;2025-11-01;20;275
25;2025-11-01;21;184
25;2025-11-01;22;80
25;2025-11-01;23;6
25;2025-11-02;0;15
25;2025-11-02;1;0
25;2025-11-02;2;0
25;2025-11-02;3;0
25;2025-11-02;4;0
25;2025-11-02;5;10
25;2025-11-02;6;104
25;2025-11-02;7;110
25;2025-11-02;8;197
25;2025-11-02;9;229
25;2025-11-02;10;232
25;2025-11-02;11;320
25;2025-11-02;12;386
25;2025-11-02;13;513
25;2025-11-02;14;545
25;2025-11-02;15;670
25;2025-11-02;16;560
25;2025-11-02;17;560
25;2025-11-02;18;451
25;2025-11-02;19;334
25;2025-11-02;20;240
25;2025-11-02;21;159
25;2025-11-02;22;97
25;2025-11-02;23;35
25;2025-11-03;0;16
25;2025-11-03;1;0
25;2025-11-03;2;0
25;2025-11-03;3;0
25;2025-11-03;4;0
25;2025-11-03;5;10
25;2025-11-03;6;101
25;2025-11-03;7;107
25;2025-11-03;8;196
25;2025-11-03;9;223
25;2025-11-03;10;217
25;2025-11-03;11;298
25;2025-11-03;12;362
25;2025-11-03;13;486
25;2025-11-03;14;512
25;2025-11-03;15;626
25;2025-11-03;16;530
25;2025-11-03;17;529
25;2025-11-03;18;439
25;2025-11-03;19;320
25;2025-11-03;20;229
25;2025-11-03;21;152
25;2025-11-03;22;91
25;2025-11-03;23;35
25;2025-11-04;0;14
25;2025-11-04;1;0
25;2025-11-04;2;0
25;2025-11-04;3;0
25;2025-11-04;4;0
25;2025-11-04;5;10
25;2025-11-04;6;99
25;2025-11-04;7;107
25;2025-11-04;8;186
25;2025-11-04;9;220
25;2025-11-04;10;219
25;2025-11-04;11;301
25;2025-11-04;12;357
25;2025-11-04;13;475
25;2025-11-04;14;513
25;2025-11-04;15;628
25;2025-11-04;16;524
25;2025-11-04;17;519
25;2025-11-04;18;425
25;2025-11-04;19;320
25;2025-11-04;20;230
25;2025-11-04;21;151
25;2025-11-04;22;90
25;2025-11-04;23;34
25;2025-11-05;0;0
25;2025-11-05;1;0
25;2025-11-05;2;0
25;2025-11-05;3;0
25;2025-11-05;4;0
25;2025-11-05;5;16
25;2025-11-05;6;252
25;2025-11-05;7;541
25;2025-11-05;8;901
25;2025-11-05;9;460
25;2025-11-05;10;374
25;2025-11-05;11;441
25;2025-11-05;12;432
25;2025-11-05;13;560
25;2025-11-05;14;473
25;2025-11-05;15;587
25;2025-11-05;16;714
25;2025-11-05;17;794
25;2025-11-05;18;788
25;2025-11-05;19;598
25;2025-11-05;20;327
25;2025-11-05;21;224
25;2025-11-05;22;98
25;2025-11-05;23;7
25;2025-11-06;0;0
25;2025-11-06;1;0
25;2025-11-06;2;0
25;2025-11-06;3;0
25;2025-11-06;4;0
25;2025-11-06;5;17
25;2025-11-06;6;253
25;2025-11-06;7;542
25;2025-11-06;8;908
25;2025-11-06;9;459
25;2025-11-06;10;377
25;2025-11-06;11;442
25;2025-11-06;12;426
25;2025-11-06;13;547
25;2025-11-06;14;490
25;2025-11-06;15;594
25;2025-11-06;16;717
25;2025-11-06;17;779
25;2025-11-06;18;776
25;2025-11-06;19;596
25;2025-11-06;20;322
25;2025-11-06;21;217
25;2025-11-06;22;97
25;2025-11-06;23;7
25;2025-11-07;0;0
25;2025-11-07;1;0
25;2025-11-07;2;0
25;2025-11-07;3;0
25;2025-11-07;4;0
25;2025-11-07;5;17
25;2025-11-07;6;256
25;2025-11-07;7;543
25;2025-11-07;8;879
25;2025-11-07;9;452
25;2025-11-07;10;369
25;2025-11-07;11;446
25;2025-11-07;12;431
25;2025-11-07;13;557
25;2025-11-07;14;497
25;2025-11-07;15;611
25;2025-11-07;16;748
25;2025-11-07;17;782
25;2025-11-07;18;728
25;2025-11-07;19;583
25;2025-11-07;20;325
25;2025-11-07;21;219
25;2025-11-07;22;103
25;2025-11-07;23;9
25;2025-11-08;0;0
25;2025-11-08;1;0
25;2025-11-08;2;0
25;2025-11-08;3;0
25;2025-11-08;4;0
25;2025-11-08;5;17
25;2025-11-08;6;127
25;2025-11-08;7;140
25;2025-11-08;8;327
25;2025-11-08;9;298
25;2025-11-08;10;298
25;2025-11-08;11;404
25;2025-11-08;12;405
25;2025-11-08;13;641
25;2025-11-08;14;650
25;2025-11-08;15;735
25;2025-11-08;16;650
25;2025-11-08;17;571
25;2025-11-08;18;526
25;2025-11-08;19;451
25;2025-11-08;20;267
25;2025-11-08;21;194
25;2025-11-08;22;122
25;2025-11-08;23;48
25;2025-11-09;0;16
25;2025-11-09;1;0
25;2025-11-09;2;0
25;2025-11-09;3;0
25;2025-11-09;4;0
25;2025-11-09;5;10
25;2025-11-09;6;104
25;2025-11-09;7;109
25;2025-11-09;8;196
25;2025-11-09;9;228
25;2025-11-09;10;230
25;2025-11-09;11;317
25;2025-11-09;12;383
25;2025-11-09;13;511
25;2025-11-09;14;544
25;2025-11-09;15;668
25;2025-11-09;16;557
25;2025-11-09;17;557
25;2025-11-09;18;448
25;2025-11-09;19;332
25;2025-11-09;20;238
25;2025-11-09;21;159
25;2025-11-09;22;97
25;2025-11-09;23;36
25;2025-11-10;0;0
25;2025-11-10;1;0
25;2025-11-10;2;0
25;2025-11-10;3;0
25;2025-11-10;4;0
25;2025-11-10;5;17
25;2025-11-10;6;257
25;2025-11-10;7;549
25;2025-11-10;8;923
25;2025-11-10;9;472
25;2025-11-10;10;367
25;2025-11-10;11;434
25;2025-11-10;12;425
25;2025-11-10;13;560
25;2025-11-10;14;474
25;2025-11-10;15;579
25;2025-11-10;16;727
25;2025-11-10;17;783
25;2025-11-10;18;786
25;2025-11-10;19;590
25;2025-11-10;20;318
25;2025-11-10;21;211
25;2025-11-10;22;91
25;2025-11-10;23;7
25;2025-11-11;0;0
25;2025-11-11;1;0
25;2025-11-11;2;0
25;2025-11-11;3;0
25;2025-11-11;4;0
25;2025-11-11;5;17
25;2025-11-11;6;259
25;2025-11-11;7;556
25;2025-11-11;8;922
25;2025-11-11;9;474
25;2025-11-11;10;380
25;2025-11-11;11;448
25;2025-11-11;12;432
25;2025-11-11;13;554
25;2025-11-11;14;485
25;2025-11-11;15;595
25;2025-11-11;16;734
25;2025-11-11;17;783
25;2025-11-11;18;777
25;2025-11-11;19;598
25;2025-11-11;20;326
25;2025-11-11;21;213
25;2025-11-11;22;91
25;2025-11-11;23;7
25;2025-11-12;0;0
25;2025-11-12;1;0
25;2025-11-12;2;0
25;2025-11-12;3;0
25;2025-11-12;4;0
25;2025-11-12;5;17
25;2025-11-12;6;255
25;2025-11-12;7;545
25;2025-11-12;8;908
25;2025-11-12;9;462
25;2025-11-12;10;377
25;2025-11-12;11;442
25;2025-11-12;12;431
25;2025-11-12;13;561
25;2025-11-12;14;472
25;2025-11-12;15;588
25;2025-11-12;16;718
25;2025-11-12;17;798
25;2025-11-12;18;789
25;2025-11-12;19;598
25;2025-11-12;20;326
25;2025-11-12;21;221
25;2025-11-12;22;98
25;2025-11-12;23;7
25;2025-11-13;0;0
25;2025-11-13;1;0
25;2025-11-13;2;0
25;2025-11-13;3;0
25;2025-11-13;4;0
25;2025-11-13;5;18
25;2025-11-13;6;255
25;2025-11-13;7;547
25;2025-11-13;8;919
25;2025-11-13;9;462
25;2025-11-13;10;380
25;2025-11-13;11;446
25;2025-11-13;12;430
25;2025-11-13;13;553
25;2025-11-13;14;496
25;2025-11-13;15;599
25;2025-11-13;16;727
25;2025-11-13;17;789
25;2025-11-13;18;783
25;2025-11-13;19;599
25;2025-11-13;20;323
25;2025-11-13;21;216
25;2025-11-13;22;98
25;2025-11-13;23;7
25;2025-11-14;0;0
25;2025-11-14;1;0
25;2025-11-14;2;0
25;2025-11-14;3;0
25;2025-11-14;4;0
25;2025-11-14;5;17
25;2025-11-14;6;259
25;2025-11-14;7;548
25;2025-11-14;8;888
25;2025-11-14;9;456
25;2025-11-14;10;372
25;2025-11-14;11;450
25;2025-11-14;12;434
25;2025-11-14;13;561
25;2025-11-14;14;499
25;2025-11-14;15;614
25;2025-11-14;16;755
25;2025-11-14;17;788
25;2025-11-14;18;731
25;2025-11-14;19;584
25;2025-11-14;20;324
25;2025-11-14;21;217
25;2025-11-14;22;103
25;2025-11-14;23;9
25;2025-11-15;0;0
25;2025-11-15;1;0
25;2025-11-15;2;0
25;2025-11-15;3;0
25;2025-11-15;4;0
25;2025-11-15;5;18
25;2025-11-15;6;128
25;2025-11-15;7;142
25;2025-11-15;8;328
25;2025-11-15;9;295
25;2025-11-15;10;293
25;2025-11-15;11;394
25;2025-11-15;12;392
25;2025-11-15;13;624
25;2025-11-15;14;629
25;2025-11-15;15;715
25;2025-11-15;16;633
25;2025-11-15;17;558
25;2025-11-15;18;510
25;2025-11-15;19;439
25;2025-11-15;20;257
25;2025-11-15;21;187
25;2025-11-15;22;118
25;2025-11-15;23;47
25;2025-11-16;0;15
25;2025-11-16;1;0
25;2025-11-16;2;0
25;2025-11-16;3;0
25;2025-11-16;4;0
25;2025-11-16;5;10
25;2025-11-16;6;105
25;2025-11-16;7;113
25;2025-11-16;8;199
25;2025-11-16;9;228
25;2025-11-16;10;231
25;2025-11-16;11;318
25;2025-11-16;12;381
25;2025-11-16;13;511
25;2025-11-16;14;541
25;2025-11-16;15;667
25;2025-11-16;16;558
25;2025-11-16;17;558
25;2025-11-16;18;446
25;2025-11-16;19;330
25;2025-11-16;20;234
25;2025-11-16;21;156
25;2025-11-16;22;97
25;2025-11-16;23;36
25;2025-11-17;0;0
25;2025-11-17;1;0
25;2025-11-17;2;0
25;2025-11-17;3;0
25;2025-11-17;4;0
25;2025-11-17;5;17
25;2025-11-17;6;257
25;2025-11-17;7;547
25;2025-11-17;8;918
25;2025-11-17;9;469
25;2025-11-17;10;367
25;2025-11-17;11;430
25;2025-11-17;12;420
25;2025-11-17;13;551
25;2025-11-17;14;464
25;2025-11-17;15;569
25;2025-11-17;16;719
25;2025-11-17;17;776
25;2025-11-17;18;777
25;2025-11-17;19;582
25;2025-11-17;20;313
25;2025-11-17;21;208
25;2025-11-17;22;90
25;2025-11-17;23;8
25;2025-11-18;0;0
25;2025-11-18;1;0
25;2025-11-18;2;0
25;2025-11-18;3;0
25;2025-11-18;4;0
25;2025-11-18;5;18
25;2025-11-18;6;258
25;2025-11-18;7;545
25;2025-11-18;8;904
25;2025-11-18;9;466
25;2025-11-18;10;375
25;2025-11-18;11;438
25;2025-11-18;12;421
25;2025-11-18;13;537
25;2025-11-18;14;472
25;2025-11-18;15;579
25;2025-11-18;16;716
25;2025-11-18;17;765
25;2025-11-18;18;759
25;2025-11-18;19;586
25;2025-11-18;20;321
25;2025-11-18;21;211
25;2025-11-18;22;91
25;2025-11-18;23;7
25;2025-11-19;0;0
25;2025-11-19;1;0
25;2025-11-19;2;0
25;2025-11-19;3;0
25;2025-11-19;4;0
25;2025-11-19;5;17
25;2025-11-19;6;257
25;2025-11-19;7;548
25;2025-11-19;8;915
25;2025-11-19;9;465
25;2025-11-19;10;379
25;2025-11-19;11;445
25;2025-11-19;12;434
25;2025-11-19;13;565
25;2025-11-19;14;474
25;2025-11-19;15;591
25;2025-11-19;16;725
25;2025-11-19;17;804
25;2025-11-19;18;793
25;2025-11-19;19;597
25;2025-11-19;20;324
25;2025-11-19;21;219
25;2025-11-19;22;98
25;2025-11-19;23;7
25;2025-11-20;0;0
25;2025-11-20;1;0
25;2025-11-20;2;0
25;2025-11-20;3;0
25;2025-11-20;4;0
25;2025-11-20;5;18
25;2025-11-20;6;257
25;2025-11-20;7;551
25;2025-11-20;8;924
25;2025-11-20;9;464
25;2025-11-20;10;380
25;2025-11-20;11;446
25;2025-11-20;12;430
25;2025-11-20;13;554
25;2025-11-20;14;493
25;2025-11-20;15;600
25;2025-11-20;16;730
25;2025-11-20;17;792
25;2025-11-20;18;782
25;2025-11-20;19;595
25;2025-11-20;20;319
25;2025-11-20;21;213
25;2025-11-20;22;98
25;2025-11-20;23;7
25;2025-11-21;0;0
25;2025-11-21;1;0
25;2025-11-21;2;0
25;2025-11-21;3;0
25;2025-11-21;4;0
25;2025-11-21;5;17
25;2025-11-21;6;259
25;2025-11-21;7;551
25;2025-11-21;8;892
25;2025-11-21;9;457
25;2025-11-21;10;372
25;2025-11-21;11;450
25;2025-11-21;12;433
25;2025-11-21;13;561
25;2025-11-21;14;496
25;2025-11-21;15;613
25;2025-11-21;16;757
25;2025-11-21;17;790
25;2025-11-21;18;729
25;2025-11-21;19;580
25;2025-11-21;20;320
25;2025-11-21;21;213
25;2025-11-21;22;103
25;2025-11-21;23;9
25;2025-11-22;0;0
25;2025-11-22;1;0
25;2025-11-22;2;0
25;2025-11-22;3;0
25;2025-11-22;4;0
25;2025-11-22;5;17
25;2025-11-22;6;128
25;2025-11-22;7;141
25;2025-11-22;8;327
25;2025-11-22;9;295
25;2025-11-22;10;295
25;2025-11-22;11;399
25;2025-11-22;12;397
25;2025-11-22;13;631
25;2025-11-22;14;639
25;2025-11-22;15;723
25;2025-11-22;16;641
25;2025-11-22;17;563
25;2025-11-22;18;512
25;2025-11-22;19;443
25;2025-11-22;20;258
25;2025-11-22;21;187
25;2025-11-22;22;119
25;2025-11-22;23;48
25;2025-11-23;0;15
25;2025-11-23;1;0
25;2025-11-23;2;0
25;2025-11-23;3;0
25;2025-11-23;4;0
25;2025-11-23;5;10
25;2025-11-23;6;104
25;2025-11-23;7;110
25;2025-11-23;8;196
25;2025-11-23;9;227
25;2025-11-23;10;232
25;2025-11-23;11;318
25;2025-11-23;12;381
25;2025-11-23;13;508
25;2025-11-23;14;541
25;2025-11-23;15;663
25;2025-11-23;16;556
25;2025-11-23;17;555
25;2025-11-23;18;441
25;2025-11-23;19;329
25;2025-11-23;20;233
25;2025-11-23;21;156
25;2025-11-23;22;96
25;2025-11-23;23;36
25;2025-11-24;0;0
25;2025-11-24;1;0
25;2025-11-24;2;0
25;2025-11-24;3;0
25;2025-11-24;4;0
25;2025-11-24;5;17
25;2025-11-24;6;255
25;2025-11-24;7;540
25;2025-11-24;8;907
25;2025-11-24;9;464
25;2025-11-24;10;362
25;2025-11-24;11;424
25;2025-11-24;12;414
25;2025-11-24;13;542
25;2025-11-24;14;459
25;2025-11-24;15;562
25;2025-11-24;16;712
25;2025-11-24;17;767
25;2025-11-24;18;768
25;2025-11-24;19;575
25;2025-11-24;20;310
25;2025-11-24;21;207
25;2025-11-24;22;89
25;2025-11-24;23;7
25;2025-11-25;0;0
25;2025-11-25;1;0
25;2025-11-25;2;0
25;2025-11-25;3;0
25;2025-11-25;4;0
25;2025-11-25;5;17
25;2025-11-25;6;260
25;2025-11-25;7;558
25;2025-11-25;8;926
25;2025-11-25;9;474
25;2025-11-25;10;381
25;2025-11-25;11;447
25;2025-11-25;12;430
25;2025-11-25;13;551
25;2025-11-25;14;483
25;2025-11-25;15;593
25;2025-11-25;16;737
25;2025-11-25;17;784
25;2025-11-25;18;774
25;2025-11-25;19;593
25;2025-11-25;20;322
25;2025-11-25;21;209
25;2025-11-25;22;92
25;2025-11-25;23;7
25;2025-11-26;0;0
25;2025-11-26;1;0
25;2025-11-26;2;0
25;2025-11-26;3;0
25;2025-11-26;4;0
25;2025-11-26;5;18
25;2025-11-26;6;256
25;2025-11-26;7;542
25;2025-11-26;8;906
25;2025-11-26;9;461
25;2025-11-26;10;376
25;2025-11-26;11;438
25;2025-11-26;12;425
25;2025-11-26;13;553
25;2025-11-26;14;464
25;2025-11-26;15;578
25;2025-11-26;16;713
25;2025-11-26;17;792
25;2025-11-26;18;781
25;2025-11-26;19;587
25;2025-11-26;20;319
25;2025-11-26;21;217
25;2025-11-26;22;98
25;2025-11-26;23;7
25;2025-11-27;0;0
25;2025-11-27;1;0
25;2025-11-27;2;0
25;2025-11-27;3;0
25;2025-11-27;4;0
25;2025-11-27;5;18
25;2025-11-27;6;257
25;2025-11-27;7;543
25;2025-11-27;8;913
25;2025-11-27;9;461
25;2025-11-27;10;378
25;2025-11-27;11;441
25;2025-11-27;12;422
25;2025-11-27;13;542
25;2025-11-27;14;486
25;2025-11-27;15;587
25;2025-11-27;16;719
25;2025-11-27;17;782
25;2025-11-27;18;772
25;2025-11-27;19;588
25;2025-11-27;20;317
25;2025-11-27;21;213
25;2025-11-27;22;98
25;2025-11-27;23;7
25;2025-11-28;0;0
25;2025-11-28;1;0
25;2025-11-28;2;0
25;2025-11-28;3;0
25;2025-11-28;4;0
25;2025-11-28;5;17
25;2025-11-28;6;258
25;2025-11-28;7;546
25;2025-11-28;8;885
25;2025-11-28;9;454
25;2025-11-28;10;369
25;2025-11-28;11;446
25;2025-11-28;12;430
25;2025-11-28;13;555
25;2025-11-28;14;494
25;2025-11-28;15;608
25;2025-11-28;16;753
25;2025-11-28;17;786
25;2025-11-28;18;725
25;2025-11-28;19;574
25;2025-11-28;20;318
25;2025-11-28;21;212
25;2025-11-28;22;104
25;2025-11-28;23;9
25;2025-11-29;0;0
25;2025-11-29;1;0
25;2025-11-29;2;0
25;2025-11-29;3;0
25;2025-11-29;4;0
25;2025-11-29;5;17
25;2025-11-29;6;129
25;2025-11-29;7;142
25;2025-11-29;8;332
25;2025-11-29;9;299
25;2025-11-29;10;300
25;2025-11-29;11;406
25;2025-11-29;12;405
25;2025-11-29;13;640
25;2025-11-29;14;648
25;2025-11-29;15;731
25;2025-11-29;16;650
25;2025-11-29;17;570
25;2025-11-29;18;517
25;2025-11-29;19;448
25;2025-11-29;20;260
25;2025-11-29;21;190
25;2025-11-29;22;121
25;2025-11-29;23;49
25;2025-11-30;0;16
25;2025-11-30;1;0
25;2025-11-30;2;0
25;2025-11-30;3;0
25;2025-11-30;4;0
25;2025-11-30;5;10
25;2025-11-30;6;104
25;2025-11-30;7;109
25;2025-11-30;8;195
25;2025-11-30;9;227
25;2025-11-30;10;231
25;2025-11-30;11;318
25;2025-11-30;12;381
25;2025-11-30;13;506
25;2025-11-30;14;541
25;2025-11-30;15;660
25;2025-11-30;16;555
25;2025-11-30;17;553
25;2025-11-30;18;438
25;2025-11-30;19;330
25;2025-11-30;20;234
25;2025-11-30;21;158
25;2025-11-30;22;96
25;2025-11-30;23;36
25;2025-12-01;0;0
25;2025-12-01;1;0
25;2025-12-01;2;0
25;2025-12-01;3;0
25;2025-12-01;4;0
25;2025-12-01;5;17
25;2025-12-01;6;269
25;2025-12-01;7;575
25;2025-12-01;8;967
25;2025-12-01;9;494
25;2025-12-01;10;383
25;2025-12-01;11;453
25;2025-12-01;12;443
25;2025-12-01;13;581
25;2025-12-01;14;492
25;2025-12-01;15;600
25;2025-12-01;16;763
25;2025-12-01;17;819
25;2025-12-01;18;817
25;2025-12-01;19;608
25;2025-12-01;20;326
25;2025-12-01;21;216
25;2025-12-01;22;96
25;2025-12-01;23;8
25;2025-12-02;0;0
25;2025-12-02;1;0
25;2025-12-02;2;0
25;2025-12-02;3;0
25;2025-12-02;4;0
25;2025-12-02;5;18
25;2025-12-02;6;271
25;2025-12-02;7;581
25;2025-12-02;8;967
25;2025-12-02;9;495
25;2025-12-02;10;397
25;2025-12-02;11;467
25;2025-12-02;12;449
25;2025-12-02;13;574
25;2025-12-02;14;505
25;2025-12-02;15;617
25;2025-12-02;16;770
25;2025-12-02;17;819
25;2025-12-02;18;808
25;2025-12-02;19;616
25;2025-12-02;20;335
25;2025-12-02;21;218
25;2025-12-02;22;97
25;2025-12-02;23;7
25;2025-12-03;0;0
25;2025-12-03;1;0
25;2025-12-03;2;0
25;2025-12-03;3;0
25;2025-12-03;4;0
25;2025-12-03;5;18
25;2025-12-03;6;268
25;2025-12-03;7;572
25;2025-12-03;8;957
25;2025-12-03;9;486
25;2025-12-03;10;396
25;2025-12-03;11;465
25;2025-12-03;12;454
25;2025-12-03;13;587
25;2025-12-03;14;495
25;2025-12-03;15;614
25;2025-12-03;16;759
25;2025-12-03;17;843
25;2025-12-03;18;828
25;2025-12-03;19;619
25;2025-12-03;20;337
25;2025-12-03;21;229
25;2025-12-03;22;105
25;2025-12-03;23;8
25;2025-12-04;0;0
25;2025-12-04;1;0
25;2025-12-04;2;0
25;2025-12-04;3;0
25;2025-12-04;4;0
25;2025-12-04;5;19
25;2025-12-04;6;268
25;2025-12-04;7;574
25;2025-12-04;8;965
25;2025-12-04;9;485
25;2025-12-04;10;397
25;2025-12-04;11;468
25;2025-12-04;12;449
25;2025-12-04;13;574
25;2025-12-04;14;516
25;2025-12-04;15;623
25;2025-12-04;16;764
25;2025-12-04;17;828
25;2025-12-04;18;816
25;2025-12-04;19;618
25;2025-12-04;20;332
25;2025-12-04;21;222
25;2025-12-04;22;105
25;2025-12-04;23;7
25;2025-12-05;0;0
25;2025-12-05;1;0
25;2025-12-05;2;0
25;2025-12-05;3;0
25;2025-12-05;4;0
25;2025-12-05;5;17
25;2025-12-05;6;271
25;2025-12-05;7;576
25;2025-12-05;8;935
25;2025-12-05;9;480
25;2025-12-05;10;390
25;2025-12-05;11;472
25;2025-12-05;12;453
25;2025-12-05;13;585
25;2025-12-05;14;521
25;2025-12-05;15;639
25;2025-12-05;16;795
25;2025-12-05;17;828
25;2025-12-05;18;763
25;2025-12-05;19;602
25;2025-12-05;20;334
25;2025-12-05;21;224
25;2025-12-05;22;110
25;2025-12-05;23;9
25;2025-12-06;0;0
25;2025-12-06;1;0
25;2025-12-06;2;0
25;2025-12-06;3;0
25;2025-12-06;4;0
25;2025-12-06;5;19
25;2025-12-06;6;133
25;2025-12-06;7;146
25;2025-12-06;8;344
25;2025-12-06;9;312
25;2025-12-06;10;313
25;2025-12-06;11;424
25;2025-12-06;12;422
25;2025-12-06;13;663
25;2025-12-06;14;674
25;2025-12-06;15;758
25;2025-12-06;16;677
25;2025-12-06;17;593
25;2025-12-06;18;536
25;2025-12-06;19;467
25;2025-12-06;20;273
25;2025-12-06;21;202
25;2025-12-06;22;128
25;2025-12-06;23;51
25;2025-12-07;0;15
25;2025-12-07;1;0
25;2025-12-07;2;0
25;2025-12-07;3;0
25;2025-12-07;4;0
25;2025-12-07;5;10
25;2025-12-07;6;108
25;2025-12-07;7;115
25;2025-12-07;8;205
25;2025-12-07;9;237
25;2025-12-07;10;241
25;2025-12-07;11;333
25;2025-12-07;12;396
25;2025-12-07;13;526
25;2025-12-07;14;563
25;2025-12-07;15;685
25;2025-12-07;16;578
25;2025-12-07;17;575
25;2025-12-07;18;455
25;2025-12-07;19;343
25;2025-12-07;20;243
25;2025-12-07;21;164
25;2025-12-07;22;102
25;2025-12-07;23;38
25;2025-12-08;0;0
25;2025-12-08;1;0
25;2025-12-08;2;0
25;2025-12-08;3;0
25;2025-12-08;4;0
25;2025-12-08;5;18
25;2025-12-08;6;268
25;2025-12-08;7;575
25;2025-12-08;8;967
25;2025-12-08;9;493
25;2025-12-08;10;384
25;2025-12-08;11;453
25;2025-12-08;12;443
25;2025-12-08;13;578
25;2025-12-08;14;492
25;2025-12-08;15;598
25;2025-12-08;16;762
25;2025-12-08;17;819
25;2025-12-08;18;817
25;2025-12-08;19;606
25;2025-12-08;20;325
25;2025-12-08;21;216
25;2025-12-08;22;97
25;2025-12-08;23;8
25;2025-12-09;0;0
25;2025-12-09;1;0
25;2025-12-09;2;0
25;2025-12-09;3;0
25;2025-12-09;4;0
25;2025-12-09;5;17
25;2025-12-09;6;269
25;2025-12-09;7;581
25;2025-12-09;8;966
25;2025-12-09;9;495
25;2025-12-09;10;396
25;2025-12-09;11;465
25;2025-12-09;12;447
25;2025-12-09;13;570
25;2025-12-09;14;502
25;2025-12-09;15;613
25;2025-12-09;16;768
25;2025-12-09;17;817
25;2025-12-09;18;804
25;2025-12-09;19;611
25;2025-12-09;20;332
25;2025-12-09;21;217
25;2025-12-09;22;98
25;2025-12-09;23;7
25;2025-12-10;0;0
25;2025-12-10;1;0
25;2025-12-10;2;0
25;2025-12-10;3;0
25;2025-12-10;4;0
25;2025-12-10;5;18
25;2025-12-10;6;266
25;2025-12-10;7;569
25;2025-12-10;8;952
25;2025-12-10;9;483
25;2025-12-10;10;393
25;2025-12-10;11;461
25;2025-12-10;12;448
25;2025-12-10;13;581
25;2025-12-10;14;489
25;2025-12-10;15;606
25;2025-12-10;16;752
25;2025-12-10;17;835
25;2025-12-10;18;820
25;2025-12-10;19;610
25;2025-12-10;20;333
25;2025-12-10;21;226
25;2025-12-10;22;105
25;2025-12-10;23;7
25;2025-12-11;0;0
25;2025-12-11;1;0
25;2025-12-11;2;0
25;2025-12-11;3;0
25;2025-12-11;4;0
25;2025-12-11;5;19
25;2025-12-11;6;266
25;2025-12-11;7;568
25;2025-12-11;8;954
25;2025-12-11;9;481
25;2025-12-11;10;393
25;2025-12-11;11;460
25;2025-12-11;12;441
25;2025-12-11;13;562
25;2025-12-11;14;505
25;2025-12-11;15;610
25;2025-12-11;16;752
25;2025-12-11;17;815
25;2025-12-11;18;804
25;2025-12-11;19;606
25;2025-12-11;20;329
25;2025-12-11;21;220
25;2025-12-11;22;105
25;2025-12-11;23;7
25;2025-12-12;0;0
25;2025-12-12;1;0
25;2025-12-12;2;0
25;2025-12-12;3;0
25;2025-12-12;4;0
25;2025-12-12;5;18
25;2025-12-12;6;269
25;2025-12-12;7;570
25;2025-12-12;8;926
25;2025-12-12;9;476
25;2025-12-12;10;386
25;2025-12-12;11;466
25;2025-12-12;12;445
25;2025-12-12;13;572
25;2025-12-12;14;509
25;2025-12-12;15;625
25;2025-12-12;16;781
25;2025-12-12;17;814
25;2025-12-12;18;750
25;2025-12-12;19;591
25;2025-12-12;20;329
25;2025-12-12;21;221
25;2025-12-12;22;111
25;2025-12-12;23;10
25;2025-12-13;0;0
25;2025-12-13;1;0
25;2025-12-13;2;0
25;2025-12-13;3;0
25;2025-12-13;4;0
25;2025-12-13;5;17
25;2025-12-13;6;130
25;2025-12-13;7;149
25;2025-12-13;8;345
25;2025-12-13;9;311
25;2025-12-13;10;310
25;2025-12-13;11;419
25;2025-12-13;12;416
25;2025-12-13;13;645
25;2025-12-13;14;601
25;2025-12-13;15;748
25;2025-12-13;16;670
25;2025-12-13;17;585
25;2025-12-13;18;530
25;2025-12-13;19;460
25;2025-12-13;20;266
25;2025-12-13;21;197
25;2025-12-13;22;127
25;2025-12-13;23;52
25;2025-12-14;0;16
25;2025-12-14;1;0
25;2025-12-14;2;0
25;2025-12-14;3;0
25;2025-12-14;4;0
25;2025-12-14;5;9
25;2025-12-14;6;106
25;2025-12-14;7;117
25;2025-12-14;8;208
25;2025-12-14;9;237
25;2025-12-14;10;238
25;2025-12-14;11;330
25;2025-12-14;12;392
25;2025-12-14;13;520
25;2025-12-14;14;555
25;2025-12-14;15;677
25;2025-12-14;16;573
25;2025-12-14;17;570
25;2025-12-14;18;451
25;2025-12-14;19;338
25;2025-12-14;20;238
25;2025-12-14;21;161
25;2025-12-14;22;102
25;2025-12-14;23;39
25;2025-12-15;0;0
25;2025-12-15;1;0
25;2025-12-15;2;0
25;2025-12-15;3;0
25;2025-12-15;4;0
25;2025-12-15;5;16
25;2025-12-15;6;265
25;2025-12-15;7;578
25;2025-12-15;8;971
25;2025-12-15;9;494
25;2025-12-15;10;383
25;2025-12-15;11;449
25;2025-12-15;12;440
25;2025-12-15;13;575
25;2025-12-15;14;485
25;2025-12-15;15;593
25;2025-12-15;16;762
25;2025-12-15;17;818
25;2025-12-15;18;816
25;2025-12-15;19;598
25;2025-12-15;20;322
25;2025-12-15;21;211
25;2025-12-15;22;99
25;2025-12-15;23;9
25;2025-12-16;0;0
25;2025-12-16;1;0
25;2025-12-16;2;0
25;2025-12-16;3;0
25;2025-12-16;4;0
25;2025-12-16;5;17
25;2025-12-16;6;268
25;2025-12-16;7;581
25;2025-12-16;8;966
25;2025-12-16;9;496
25;2025-12-16;10;398
25;2025-12-16;11;464
25;2025-12-16;12;445
25;2025-12-16;13;566
25;2025-12-16;14;498
25;2025-12-16;15;608
25;2025-12-16;16;765
25;2025-12-16;17;814
25;2025-12-16;18;803
25;2025-12-16;19;608
25;2025-12-16;20;333
25;2025-12-16;21;216
25;2025-12-16;22;101
25;2025-12-16;23;7
25;2025-12-17;0;0
25;2025-12-17;1;0
25;2025-12-17;2;0
25;2025-12-17;3;0
25;2025-12-17;4;0
25;2025-12-17;5;18
25;2025-12-17;6;265
25;2025-12-17;7;571
25;2025-12-17;8;957
25;2025-12-17;9;487
25;2025-12-17;10;396
25;2025-12-17;11;463
25;2025-12-17;12;452
25;2025-12-17;13;582
25;2025-12-17;14;493
25;2025-12-17;15;608
25;2025-12-17;16;758
25;2025-12-17;17;840
25;2025-12-17;18;826
25;2025-12-17;19;612
25;2025-12-17;20;335
25;2025-12-17;21;228
25;2025-12-17;22;108
25;2025-12-17;23;8
25;2025-12-18;0;0
25;2025-12-18;1;0
25;2025-12-18;2;0
25;2025-12-18;3;0
25;2025-12-18;4;0
25;2025-12-18;5;19
25;2025-12-18;6;264
25;2025-12-18;7;573
25;2025-12-18;8;965
25;2025-12-18;9;485
25;2025-12-18;10;396
25;2025-12-18;11;464
25;2025-12-18;12;447
25;2025-12-18;13;569
25;2025-12-18;14;512
25;2025-12-18;15;617
25;2025-12-18;16;763
25;2025-12-18;17;826
25;2025-12-18;18;813
25;2025-12-18;19;609
25;2025-12-18;20;329
25;2025-12-18;21;220
25;2025-12-18;22;108
25;2025-12-18;23;7
25;2025-12-19;0;0
25;2025-12-19;1;0
25;2025-12-19;2;0
25;2025-12-19;3;0
25;2025-12-19;4;0
25;2025-12-19;5;17
25;2025-12-19;6;267
25;2025-12-19;7;575
25;2025-12-19;8;935
25;2025-12-19;9;480
25;2025-12-19;10;389
25;2025-12-19;11;469
25;2025-12-19;12;450
25;2025-12-19;13;578
25;2025-12-19;14;515
25;2025-12-19;15;632
25;2025-12-19;16;792
25;2025-12-19;17;826
25;2025-12-19;18;761
25;2025-12-19;19;593
25;2025-12-19;20;330
25;2025-12-19;21;220
25;2025-12-19;22;113
25;2025-12-19;23;9
25;2025-12-20;0;0
25;2025-12-20;1;0
25;2025-12-20;2;0
25;2025-12-20;3;0
25;2025-12-20;4;0
25;2025-12-20;5;18
25;2025-12-20;6;130
25;2025-12-20;7;148
25;2025-12-20;8;345
25;2025-12-20;9;312
25;2025-12-20;10;312
25;2025-12-20;11;423
25;2025-12-20;12;420
25;2025-12-20;13;657
25;2025-12-20;14;668
25;2025-12-20;15;749
25;2025-12-20;16;672
25;2025-12-20;17;587
25;2025-12-20;18;530
25;2025-12-20;19;463
25;2025-12-20;20;269
25;2025-12-20;21;201
25;2025-12-20;22;128
25;2025-12-20;23;53
25;2025-12-21;0;16
25;2025-12-21;1;0
25;2025-12-21;2;0
25;2025-12-21;3;0
25;2025-12-21;4;0
25;2025-12-21;5;10
25;2025-12-21;6;106
25;2025-12-21;7;114
25;2025-12-21;8;204
25;2025-12-21;9;236
25;2025-12-21;10;239
25;2025-12-21;11;330
25;2025-12-21;12;393
25;2025-12-21;13;517
25;2025-12-21;14;556
25;2025-12-21;15;674
25;2025-12-21;16;570
25;2025-12-21;17;566
25;2025-12-21;18;448
25;2025-12-21;19;340
25;2025-12-21;20;239
25;2025-12-21;21;164
25;2025-12-21;22;101
25;2025-12-21;23;39
25;2025-12-22;0;0
25;2025-12-22;1;0
25;2025-12-22;2;0
25;2025-12-22;3;0
25;2025-12-22;4;0
25;2025-12-22;5;17
25;2025-12-22;6;263
25;2025-12-22;7;569
25;2025-12-22;8;958
25;2025-12-22;9;490
25;2025-12-22;10;380
25;2025-12-22;11;446
25;2025-12-22;12;437
25;2025-12-22;13;568
25;2025-12-22;14;483
25;2025-12-22;15;587
25;2025-12-22;16;754
25;2025-12-22;17;808
25;2025-12-22;18;807
25;2025-12-22;19;592
25;2025-12-22;20;321
25;2025-12-22;21;212
25;2025-12-22;22;99
25;2025-12-22;23;8
25;2025-12-23;0;0
25;2025-12-23;1;0
25;2025-12-23;2;0
25;2025-12-23;3;0
25;2025-12-23;4;0
25;2025-12-23;5;14
25;2025-12-23;6;262
25;2025-12-23;7;589
25;2025-12-23;8;974
25;2025-12-23;9;497
25;2025-12-23;10;394
25;2025-12-23;11;460
25;2025-12-23;12;442
25;2025-12-23;13;565
25;2025-12-23;14;491
25;2025-12-23;15;606
25;2025-12-23;16;769
25;2025-12-23;17;817
25;2025-12-23;18;806
25;2025-12-23;19;600
25;2025-12-23;20;328
25;2025-12-23;21;209
25;2025-12-23;22;103
25;2025-12-23;23;8
25;2025-12-24;0;0
25;2025-12-24;1;0
25;2025-12-24;2;0
25;2025-12-24;3;0
25;2025-12-24;4;0
25;2025-12-24;5;15
25;2025-12-24;6;259
25;2025-12-24;7;579
25;2025-12-24;8;964
25;2025-12-24;9;488
25;2025-12-24;10;394
25;2025-12-24;11;459
25;2025-12-24;12;447
25;2025-12-24;13;578
25;2025-12-24;14;482
25;2025-12-24;15;602
25;2025-12-24;16;755
25;2025-12-24;17;838
25;2025-12-24;18;824
25;2025-12-24;19;602
25;2025-12-24;20;332
25;2025-12-24;21;222
25;2025-12-24;22;111
25;2025-12-24;23;8
25;2025-12-25;0;0
25;2025-12-25;1;0
25;2025-12-25;2;0
25;2025-12-25;3;0
25;2025-12-25;4;0
25;2025-12-25;5;17
25;2025-12-25;6;261
25;2025-12-25;7;569
25;2025-12-25;8;957
25;2025-12-25;9;482
25;2025-12-25;10;393
25;2025-12-25;11;458
25;2025-12-25;12;440
25;2025-12-25;13;560
25;2025-12-25;14;502
25;2025-12-25;15;606
25;2025-12-25;16;753
25;2025-12-25;17;815
25;2025-12-25;18;803
25;2025-12-25;19;596
25;2025-12-25;20;324
25;2025-12-25;21;216
25;2025-12-25;22;107
25;2025-12-25;23;7
25;2025-12-26;0;0
25;2025-12-26;1;0
25;2025-12-26;2;0
25;2025-12-26;3;0
25;2025-12-26;4;0
25;2025-12-26;5;17
25;2025-12-26;6;262
25;2025-12-26;7;563
25;2025-12-26;8;916
25;2025-12-26;9;471
25;2025-12-26;10;382
25;2025-12-26;11;458
25;2025-12-26;12;437
25;2025-12-26;13;560
25;2025-12-26;14;499
25;2025-12-26;15;612
25;2025-12-26;16;771
25;2025-12-26;17;804
25;2025-12-26;18;742
25;2025-12-26;19;576
25;2025-12-26;20;324
25;2025-12-26;21;217
25;2025-12-26;22;112
25;2025-12-26;23;10
25;2025-12-27;0;0
25;2025-12-27;1;0
25;2025-12-27;2;0
25;2025-12-27;3;0
25;2025-12-27;4;0
25;2025-12-27;5;17
25;2025-12-27;6;126
25;2025-12-27;7;146
25;2025-12-27;8;343
25;2025-12-27;9;310
25;2025-12-27;10;310
25;2025-12-27;11;418
25;2025-12-27;12;417
25;2025-12-27;13;648
25;2025-12-27;14;660
25;2025-12-27;15;739
25;2025-12-27;16;665
25;2025-12-27;17;578
25;2025-12-27;18;523
25;2025-12-27;19;459
25;2025-12-27;20;267
25;2025-12-27;21;201
25;2025-12-27;22;128
25;2025-12-27;23;52
25;2025-12-28;0;16
25;2025-12-28;1;0
25;2025-12-28;2;0
25;2025-12-28;3;0
25;2025-12-28;4;0
25;2025-12-28;5;9
25;2025-12-28;6;103
25;2025-12-28;7;115
25;2025-12-28;8;204
25;2025-12-28;9;234
25;2025-12-28;10;236
25;2025-12-28;11;326
25;2025-12-28;12;387
25;2025-12-28;13;508
25;2025-12-28;14;546
25;2025-12-28;15;663
25;2025-12-28;16;563
25;2025-12-28;17;557
25;2025-12-28;18;442
25;2025-12-28;19;335
25;2025-12-28;20;236
25;2025-12-28;21;164
25;2025-12-28;22;102
25;2025-12-28;23;38
25;2025-12-29;0;0
25;2025-12-29;1;0
25;2025-12-29;2;0
25;2025-12-29;3;0
25;2025-12-29;4;0
25;2025-12-29;5;14
25;2025-12-29;6;225
25;2025-12-29;7;494
25;2025-12-29;8;831
25;2025-12-29;9;426
25;2025-12-29;10;329
25;2025-12-29;11;385
25;2025-12-29;12;376
25;2025-12-29;13;488
25;2025-12-29;14;414
25;2025-12-29;15;504
25;2025-12-29;16;651
25;2025-12-29;17;698
25;2025-12-29;18;698
25;2025-12-29;19;506
25;2025-12-29;20;275
25;2025-12-29;21;182
25;2025-12-29;22;87
25;2025-12-29;23;7
25;2025-12-30;0;0
25;2025-12-30;1;0
25;2025-12-30;2;0
25;2025-12-30;3;0
25;2025-12-30;4;0
25;2025-12-30;5;14
25;2025-12-30;6;226
25;2025-12-30;7;501
25;2025-12-30;8;829
25;2025-12-30;9;428
25;2025-12-30;10;339
25;2025-12-30;11;395
25;2025-12-30;12;378
25;2025-12-30;13;481
25;2025-12-30;14;422
25;2025-12-30;15;515
25;2025-12-30;16;654
25;2025-12-30;17;693
25;2025-12-30;18;682
25;2025-12-30;19;509
25;2025-12-30;20;283
25;2025-12-30;21;183
25;2025-12-30;22;88
25;2025-12-30;23;6
25;2025-12-31;0;13
25;2025-12-31;1;0
25;2025-12-31;2;0
25;2025-12-31;3;0
25;2025-12-31;4;0
25;2025-12-31;5;7
25;2025-12-31;6;85
25;2025-12-31;7;98
25;2025-12-31;8;176
25;2025-12-31;9;200
25;2025-12-31;10;205
25;2025-12-31;11;279
25;2025-12-31;12;334
25;2025-12-31;13;440
25;2025-12-31;14;462
25;2025-12-31;15;566
25;2025-12-31;16;476
25;2025-12-31;17;484
25;2025-12-31;18;388
25;2025-12-31;19;290
25;2025-12-31;20;0
25;2025-12-31;21;0
25;2025-12-31;22;0
25;2025-12-31;23;0
26;2025-11-01;0;28
26;2025-11-01;1;1
26;2025-11-01;2;0
26;2025-11-01;3;0
26;2025-11-01;4;2
26;2025-11-01;5;78
26;2025-11-01;6;401
26;2025-11-01;7;953
26;2025-11-01;8;1939
26;2025-11-01;9;1249
26;2025-11-01;10;1073
26;2025-11-01;11;973
26;2025-11-01;12;1004
26;2025-11-01;13;1041
26;2025-11-01;14;1187
26;2025-11-01;15;1228
26;2025-11-01;16;1343
26;2025-11-01;17;1512
26;2025-11-01;18;1550
26;2025-11-01;19;1041
26;2025-11-01;20;639
26;2025-11-01;21;416
26;2025-11-01;22;175
26;2025-11-01;23;109
26;2025-11-02;0;53
26;2025-11-02;1;4
26;2025-11-02;2;0
26;2025-11-02;3;0
26;2025-11-02;4;2
26;2025-11-02;5;23
26;2025-11-02;6;150
26;2025-11-02;7;270
26;2025-11-02;8;400
26;2025-11-02;9;534
26;2025-11-02;10;595
26;2025-11-02;11;824
26;2025-11-02;12;858
26;2025-11-02;13;904
26;2025-11-02;14;905
26;2025-11-02;15;819
26;2025-11-02;16;803
26;2025-11-02;17;815
26;2025-11-02;18;731
26;2025-11-02;19;540
26;2025-11-02;20;408
26;2025-11-02;21;287
26;2025-11-02;22;170
26;2025-11-02;23;114
26;2025-11-03;0;50
26;2025-11-03;1;4
26;2025-11-03;2;0
26;2025-11-03;3;0
26;2025-11-03;4;1
26;2025-11-03;5;24
26;2025-11-03;6;146
26;2025-11-03;7;262
26;2025-11-03;8;382
26;2025-11-03;9;507
26;2025-11-03;10;566
26;2025-11-03;11;772
26;2025-11-03;12;805
26;2025-11-03;13;858
26;2025-11-03;14;852
26;2025-11-03;15;771
26;2025-11-03;16;751
26;2025-11-03;17;772
26;2025-11-03;18;713
26;2025-11-03;19;523
26;2025-11-03;20;393
26;2025-11-03;21;273
26;2025-11-03;22;161
26;2025-11-03;23;106
26;2025-11-04;0;50
26;2025-11-04;1;3
26;2025-11-04;2;0
26;2025-11-04;3;0
26;2025-11-04;4;1
26;2025-11-04;5;23
26;2025-11-04;6;144
26;2025-11-04;7;256
26;2025-11-04;8;378
26;2025-11-04;9;500
26;2025-11-04;10;555
26;2025-11-04;11;769
26;2025-11-04;12;799
26;2025-11-04;13;838
26;2025-11-04;14;842
26;2025-11-04;15;760
26;2025-11-04;16;741
26;2025-11-04;17;766
26;2025-11-04;18;701
26;2025-11-04;19;520
26;2025-11-04;20;393
26;2025-11-04;21;271
26;2025-11-04;22;160
26;2025-11-04;23;106
26;2025-11-05;0;33
26;2025-11-05;1;1
26;2025-11-05;2;0
26;2025-11-05;3;0
26;2025-11-05;4;2
26;2025-11-05;5;95
26;2025-11-05;6;470
26;2025-11-05;7;1118
26;2025-11-05;8;2283
26;2025-11-05;9;1465
26;2025-11-05;10;1249
26;2025-11-05;11;1133
26;2025-11-05;12;1178
26;2025-11-05;13;1225
26;2025-11-05;14;1400
26;2025-11-05;15;1434
26;2025-11-05;16;1550
26;2025-11-05;17;1749
26;2025-11-05;18;1846
26;2025-11-05;19;1234
26;2025-11-05;20;761
26;2025-11-05;21;501
26;2025-11-05;22;210
26;2025-11-05;23;131
26;2025-11-06;0;35
26;2025-11-06;1;1
26;2025-11-06;2;0
26;2025-11-06;3;0
26;2025-11-06;4;2
26;2025-11-06;5;95
26;2025-11-06;6;477
26;2025-11-06;7;1113
26;2025-11-06;8;2275
26;2025-11-06;9;1471
26;2025-11-06;10;1244
26;2025-11-06;11;1139
26;2025-11-06;12;1172
26;2025-11-06;13;1205
26;2025-11-06;14;1381
26;2025-11-06;15;1417
26;2025-11-06;16;1557
26;2025-11-06;17;1757
26;2025-11-06;18;1869
26;2025-11-06;19;1238
26;2025-11-06;20;753
26;2025-11-06;21;497
26;2025-11-06;22;211
26;2025-11-06;23;133
26;2025-11-07;0;35
26;2025-11-07;1;1
26;2025-11-07;2;0
26;2025-11-07;3;0
26;2025-11-07;4;2
26;2025-11-07;5;93
26;2025-11-07;6;482
26;2025-11-07;7;1109
26;2025-11-07;8;2255
26;2025-11-07;9;1438
26;2025-11-07;10;1256
26;2025-11-07;11;1124
26;2025-11-07;12;1174
26;2025-11-07;13;1222
26;2025-11-07;14;1392
26;2025-11-07;15;1450
26;2025-11-07;16;1631
26;2025-11-07;17;1779
26;2025-11-07;18;1667
26;2025-11-07;19;1161
26;2025-11-07;20;729
26;2025-11-07;21;495
26;2025-11-07;22;215
26;2025-11-07;23;148
26;2025-11-08;0;51
26;2025-11-08;1;1
26;2025-11-08;2;0
26;2025-11-08;3;0
26;2025-11-08;4;1
26;2025-11-08;5;53
26;2025-11-08;6;253
26;2025-11-08;7;384
26;2025-11-08;8;652
26;2025-11-08;9;695
26;2025-11-08;10;852
26;2025-11-08;11;1025
26;2025-11-08;12;1094
26;2025-11-08;13;1102
26;2025-11-08;14;1125
26;2025-11-08;15;1022
26;2025-11-08;16;1063
26;2025-11-08;17;990
26;2025-11-08;18;902
26;2025-11-08;19;797
26;2025-11-08;20;547
26;2025-11-08;21;364
26;2025-11-08;22;208
26;2025-11-08;23;164
26;2025-11-09;0;53
26;2025-11-09;1;4
26;2025-11-09;2;0
26;2025-11-09;3;0
26;2025-11-09;4;2
26;2025-11-09;5;23
26;2025-11-09;6;151
26;2025-11-09;7;268
26;2025-11-09;8;397
26;2025-11-09;9;532
26;2025-11-09;10;592
26;2025-11-09;11;821
26;2025-11-09;12;856
26;2025-11-09;13;904
26;2025-11-09;14;906
26;2025-11-09;15;818
26;2025-11-09;16;798
26;2025-11-09;17;810
26;2025-11-09;18;729
26;2025-11-09;19;536
26;2025-11-09;20;407
26;2025-11-09;21;287
26;2025-11-09;22;169
26;2025-11-09;23;114
26;2025-11-10;0;31
26;2025-11-10;1;1
26;2025-11-10;2;0
26;2025-11-10;3;0
26;2025-11-10;4;2
26;2025-11-10;5;93
26;2025-11-10;6;476
26;2025-11-10;7;1133
26;2025-11-10;8;2298
26;2025-11-10;9;1465
26;2025-11-10;10;1267
26;2025-11-10;11;1124
26;2025-11-10;12;1168
26;2025-11-10;13;1228
26;2025-11-10;14;1374
26;2025-11-10;15;1438
26;2025-11-10;16;1572
26;2025-11-10;17;1786
26;2025-11-10;18;1885
26;2025-11-10;19;1248
26;2025-11-10;20;754
26;2025-11-10;21;480
26;2025-11-10;22;198
26;2025-11-10;23;118
26;2025-11-11;0;31
26;2025-11-11;1;1
26;2025-11-11;2;0
26;2025-11-11;3;0
26;2025-11-11;4;2
26;2025-11-11;5;95
26;2025-11-11;6;475
26;2025-11-11;7;1134
26;2025-11-11;8;2319
26;2025-11-11;9;1476
26;2025-11-11;10;1269
26;2025-11-11;11;1154
26;2025-11-11;12;1188
26;2025-11-11;13;1214
26;2025-11-11;14;1384
26;2025-11-11;15;1440
26;2025-11-11;16;1576
26;2025-11-11;17;1799
26;2025-11-11;18;1889
26;2025-11-11;19;1268
26;2025-11-11;20;766
26;2025-11-11;21;487
26;2025-11-11;22;200
26;2025-11-11;23;120
26;2025-11-12;0;33
26;2025-11-12;1;1
26;2025-11-12;2;0
26;2025-11-12;3;0
26;2025-11-12;4;2
26;2025-11-12;5;96
26;2025-11-12;6;472
26;2025-11-12;7;1124
26;2025-11-12;8;2296
26;2025-11-12;9;1473
26;2025-11-12;10;1258
26;2025-11-12;11;1138
26;2025-11-12;12;1184
26;2025-11-12;13;1230
26;2025-11-12;14;1406
26;2025-11-12;15;1440
26;2025-11-12;16;1559
26;2025-11-12;17;1756
26;2025-11-12;18;1852
26;2025-11-12;19;1239
26;2025-11-12;20;759
26;2025-11-12;21;500
26;2025-11-12;22;209
26;2025-11-12;23;130
26;2025-11-13;0;35
26;2025-11-13;1;1
26;2025-11-13;2;0
26;2025-11-13;3;0
26;2025-11-13;4;2
26;2025-11-13;5;95
26;2025-11-13;6;476
26;2025-11-13;7;1119
26;2025-11-13;8;2294
26;2025-11-13;9;1481
26;2025-11-13;10;1255
26;2025-11-13;11;1151
26;2025-11-13;12;1186
26;2025-11-13;13;1220
26;2025-11-13;14;1394
26;2025-11-13;15;1436
26;2025-11-13;16;1577
26;2025-11-13;17;1772
26;2025-11-13;18;1885
26;2025-11-13;19;1245
26;2025-11-13;20;755
26;2025-11-13;21;499
26;2025-11-13;22;210
26;2025-11-13;23;132
26;2025-11-14;0;35
26;2025-11-14;1;1
26;2025-11-14;2;0
26;2025-11-14;3;0
26;2025-11-14;4;2
26;2025-11-14;5;94
26;2025-11-14;6;482
26;2025-11-14;7;1115
26;2025-11-14;8;2270
26;2025-11-14;9;1447
26;2025-11-14;10;1265
26;2025-11-14;11;1133
26;2025-11-14;12;1184
26;2025-11-14;13;1230
26;2025-11-14;14;1402
26;2025-11-14;15;1462
26;2025-11-14;16;1645
26;2025-11-14;17;1791
26;2025-11-14;18;1675
26;2025-11-14;19;1167
26;2025-11-14;20;729
26;2025-11-14;21;493
26;2025-11-14;22;212
26;2025-11-14;23;147
26;2025-11-15;0;50
26;2025-11-15;1;2
26;2025-11-15;2;0
26;2025-11-15;3;0
26;2025-11-15;4;1
26;2025-11-15;5;52
26;2025-11-15;6;251
26;2025-11-15;7;378
26;2025-11-15;8;647
26;2025-11-15;9;687
26;2025-11-15;10;839
26;2025-11-15;11;1003
26;2025-11-15;12;1075
26;2025-11-15;13;1077
26;2025-11-15;14;1106
26;2025-11-15;15;999
26;2025-11-15;16;1042
26;2025-11-15;17;973
26;2025-11-15;18;887
26;2025-11-15;19;784
26;2025-11-15;20;529
26;2025-11-15;21;353
26;2025-11-15;22;202
26;2025-11-15;23;160
26;2025-11-16;0;52
26;2025-11-16;1;3
26;2025-11-16;2;0
26;2025-11-16;3;0
26;2025-11-16;4;2
26;2025-11-16;5;22
26;2025-11-16;6;149
26;2025-11-16;7;267
26;2025-11-16;8;400
26;2025-11-16;9;533
26;2025-11-16;10;595
26;2025-11-16;11;823
26;2025-11-16;12;861
26;2025-11-16;13;907
26;2025-11-16;14;910
26;2025-11-16;15;822
26;2025-11-16;16;803
26;2025-11-16;17;812
26;2025-11-16;18;735
26;2025-11-16;19;541
26;2025-11-16;20;404
26;2025-11-16;21;285
26;2025-11-16;22;169
26;2025-11-16;23;113
26;2025-11-17;0;30
26;2025-11-17;1;1
26;2025-11-17;2;0
26;2025-11-17;3;0
26;2025-11-17;4;2
26;2025-11-17;5;94
26;2025-11-17;6;474
26;2025-11-17;7;1126
26;2025-11-17;8;2284
26;2025-11-17;9;1458
26;2025-11-17;10;1260
26;2025-11-17;11;1115
26;2025-11-17;12;1158
26;2025-11-17;13;1215
26;2025-11-17;14;1359
26;2025-11-17;15;1421
26;2025-11-17;16;1557
26;2025-11-17;17;1771
26;2025-11-17;18;1867
26;2025-11-17;19;1239
26;2025-11-17;20;744
26;2025-11-17;21;476
26;2025-11-17;22;195
26;2025-11-17;23;116
26;2025-11-18;0;31
26;2025-11-18;1;1
26;2025-11-18;2;0
26;2025-11-18;3;0
26;2025-11-18;4;1
26;2025-11-18;5;94
26;2025-11-18;6;472
26;2025-11-18;7;1115
26;2025-11-18;8;2271
26;2025-11-18;9;1451
26;2025-11-18;10;1244
26;2025-11-18;11;1124
26;2025-11-18;12;1161
26;2025-11-18;13;1184
26;2025-11-18;14;1347
26;2025-11-18;15;1400
26;2025-11-18;16;1539
26;2025-11-18;17;1764
26;2025-11-18;18;1842
26;2025-11-18;19;1242
26;2025-11-18;20;751
26;2025-11-18;21;480
26;2025-11-18;22;197
26;2025-11-18;23;119
26;2025-11-19;0;32
26;2025-11-19;1;1
26;2025-11-19;2;0
26;2025-11-19;3;0
26;2025-11-19;4;2
26;2025-11-19;5;96
26;2025-11-19;6;471
26;2025-11-19;7;1128
26;2025-11-19;8;2308
26;2025-11-19;9;1480
26;2025-11-19;10;1266
26;2025-11-19;11;1148
26;2025-11-19;12;1196
26;2025-11-19;13;1242
26;2025-11-19;14;1417
26;2025-11-19;15;1453
26;2025-11-19;16;1572
26;2025-11-19;17;1766
26;2025-11-19;18;1862
26;2025-11-19;19;1245
26;2025-11-19;20;758
26;2025-11-19;21;499
26;2025-11-19;22;206
26;2025-11-19;23;128
26;2025-11-20;0;34
26;2025-11-20;1;1
26;2025-11-20;2;0
26;2025-11-20;3;0
26;2025-11-20;4;2
26;2025-11-20;5;94
26;2025-11-20;6;474
26;2025-11-20;7;1121
26;2025-11-20;8;2304
26;2025-11-20;9;1485
26;2025-11-20;10;1261
26;2025-11-20;11;1156
26;2025-11-20;12;1192
26;2025-11-20;13;1225
26;2025-11-20;14;1400
26;2025-11-20;15;1443
26;2025-11-20;16;1583
26;2025-11-20;17;1776
26;2025-11-20;18;1890
26;2025-11-20;19;1250
26;2025-11-20;20;749
26;2025-11-20;21;495
26;2025-11-20;22;206
26;2025-11-20;23;129
26;2025-11-21;0;33
26;2025-11-21;1;1
26;2025-11-21;2;0
26;2025-11-21;3;0
26;2025-11-21;4;2
26;2025-11-21;5;94
26;2025-11-21;6;480
26;2025-11-21;7;1117
26;2025-11-21;8;2279
26;2025-11-21;9;1450
26;2025-11-21;10;1271
26;2025-11-21;11;1138
26;2025-11-21;12;1188
26;2025-11-21;13;1234
26;2025-11-21;14;1406
26;2025-11-21;15;1468
26;2025-11-21;16;1651
26;2025-11-21;17;1793
26;2025-11-21;18;1679
26;2025-11-21;19;1169
26;2025-11-21;20;722
26;2025-11-21;21;489
26;2025-11-21;22;209
26;2025-11-21;23;145
26;2025-11-22;0;49
26;2025-11-22;1;1
26;2025-11-22;2;0
26;2025-11-22;3;0
26;2025-11-22;4;1
26;2025-11-22;5;53
26;2025-11-22;6;250
26;2025-11-22;7;378
26;2025-11-22;8;649
26;2025-11-22;9;690
26;2025-11-22;10;844
26;2025-11-22;11;1017
26;2025-11-22;12;1090
26;2025-11-22;13;1094
26;2025-11-22;14;1120
26;2025-11-22;15;1016
26;2025-11-22;16;1058
26;2025-11-22;17;983
26;2025-11-22;18;895
26;2025-11-22;19;788
26;2025-11-22;20;534
26;2025-11-22;21;355
26;2025-11-22;22;203
26;2025-11-22;23;160
26;2025-11-23;0;52
26;2025-11-23;1;3
26;2025-11-23;2;0
26;2025-11-23;3;0
26;2025-11-23;4;2
26;2025-11-23;5;22
26;2025-11-23;6;149
26;2025-11-23;7;265
26;2025-11-23;8;398
26;2025-11-23;9;532
26;2025-11-23;10;592
26;2025-11-23;11;821
26;2025-11-23;12;860
26;2025-11-23;13;907
26;2025-11-23;14;909
26;2025-11-23;15;820
26;2025-11-23;16;802
26;2025-11-23;17;809
26;2025-11-23;18;729
26;2025-11-23;19;534
26;2025-11-23;20;401
26;2025-11-23;21;284
26;2025-11-23;22;168
26;2025-11-23;23;112
26;2025-11-24;0;30
26;2025-11-24;1;1
26;2025-11-24;2;0
26;2025-11-24;3;0
26;2025-11-24;4;2
26;2025-11-24;5;94
26;2025-11-24;6;470
26;2025-11-24;7;1114
26;2025-11-24;8;2255
26;2025-11-24;9;1442
26;2025-11-24;10;1246
26;2025-11-24;11;1099
26;2025-11-24;12;1145
26;2025-11-24;13;1202
26;2025-11-24;14;1339
26;2025-11-24;15;1403
26;2025-11-24;16;1540
26;2025-11-24;17;1753
26;2025-11-24;18;1842
26;2025-11-24;19;1224
26;2025-11-24;20;735
26;2025-11-24;21;471
26;2025-11-24;22;192
26;2025-11-24;23;114
26;2025-11-25;0;29
26;2025-11-25;1;1
26;2025-11-25;2;0
26;2025-11-25;3;0
26;2025-11-25;4;2
26;2025-11-25;5;94
26;2025-11-25;6;472
26;2025-11-25;7;1131
26;2025-11-25;8;2319
26;2025-11-25;9;1475
26;2025-11-25;10;1270
26;2025-11-25;11;1155
26;2025-11-25;12;1192
26;2025-11-25;13;1218
26;2025-11-25;14;1382
26;2025-11-25;15;1443
26;2025-11-25;16;1582
26;2025-11-25;17;1798
26;2025-11-25;18;1884
26;2025-11-25;19;1266
26;2025-11-25;20;760
26;2025-11-25;21;482
26;2025-11-25;22;196
26;2025-11-25;23;118
26;2025-11-26;0;32
26;2025-11-26;1;1
26;2025-11-26;2;0
26;2025-11-26;3;0
26;2025-11-26;4;2
26;2025-11-26;5;96
26;2025-11-26;6;469
26;2025-11-26;7;1114
26;2025-11-26;8;2283
26;2025-11-26;9;1467
26;2025-11-26;10;1253
26;2025-11-26;11;1127
26;2025-11-26;12;1178
26;2025-11-26;13;1221
26;2025-11-26;14;1392
26;2025-11-26;15;1425
26;2025-11-26;16;1546
26;2025-11-26;17;1743
26;2025-11-26;18;1831
26;2025-11-26;19;1229
26;2025-11-26;20;746
26;2025-11-26;21;492
26;2025-11-26;22;202
26;2025-11-26;23;126
26;2025-11-27;0;35
26;2025-11-27;1;1
26;2025-11-27;2;0
26;2025-11-27;3;0
26;2025-11-27;4;2
26;2025-11-27;5;96
26;2025-11-27;6;476
26;2025-11-27;7;1110
26;2025-11-27;8;2273
26;2025-11-27;9;1473
26;2025-11-27;10;1247
26;2025-11-27;11;1137
26;2025-11-27;12;1174
26;2025-11-27;13;1206
26;2025-11-27;14;1373
26;2025-11-27;15;1414
26;2025-11-27;16;1559
26;2025-11-27;17;1754
26;2025-11-27;18;1856
26;2025-11-27;19;1231
26;2025-11-27;20;743
26;2025-11-27;21;492
26;2025-11-27;22;205
26;2025-11-27;23;129
26;2025-11-28;0;33
26;2025-11-28;1;1
26;2025-11-28;2;0
26;2025-11-28;3;0
26;2025-11-28;4;2
26;2025-11-28;5;93
26;2025-11-28;6;477
26;2025-11-28;7;1104
26;2025-11-28;8;2256
26;2025-11-28;9;1436
26;2025-11-28;10;1258
26;2025-11-28;11;1127
26;2025-11-28;12;1179
26;2025-11-28;13;1226
26;2025-11-28;14;1389
26;2025-11-28;15;1455
26;2025-11-28;16;1638
26;2025-11-28;17;1778
26;2025-11-28;18;1662
26;2025-11-28;19;1157
26;2025-11-28;20;718
26;2025-11-28;21;486
26;2025-11-28;22;208
26;2025-11-28;23;143
26;2025-11-29;0;49
26;2025-11-29;1;1
26;2025-11-29;2;0
26;2025-11-29;3;0
26;2025-11-29;4;1
26;2025-11-29;5;52
26;2025-11-29;6;252
26;2025-11-29;7;380
26;2025-11-29;8;656
26;2025-11-29;9;698
26;2025-11-29;10;855
26;2025-11-29;11;1031
26;2025-11-29;12;1106
26;2025-11-29;13;1111
26;2025-11-29;14;1135
26;2025-11-29;15;1031
26;2025-11-29;16;1072
26;2025-11-29;17;993
26;2025-11-29;18;905
26;2025-11-29;19;796
26;2025-11-29;20;539
26;2025-11-29;21;359
26;2025-11-29;22;205
26;2025-11-29;23;162
26;2025-11-30;0;52
26;2025-11-30;1;4
26;2025-11-30;2;0
26;2025-11-30;3;0
26;2025-11-30;4;2
26;2025-11-30;5;22
26;2025-11-30;6;149
26;2025-11-30;7;262
26;2025-11-30;8;395
26;2025-11-30;9;531
26;2025-11-30;10;590
26;2025-11-30;11;819
26;2025-11-30;12;859
26;2025-11-30;13;907
26;2025-11-30;14;906
26;2025-11-30;15;820
26;2025-11-30;16;802
26;2025-11-30;17;808
26;2025-11-30;18;725
26;2025-11-30;19;533
26;2025-11-30;20;401
26;2025-11-30;21;285
26;2025-11-30;22;168
26;2025-11-30;23;113
26;2025-12-01;0;31
26;2025-12-01;1;2
26;2025-12-01;2;0
26;2025-12-01;3;0
26;2025-12-01;4;2
26;2025-12-01;5;96
26;2025-12-01;6;488
26;2025-12-01;7;1164
26;2025-12-01;8;2366
26;2025-12-01;9;1511
26;2025-12-01;10;1308
26;2025-12-01;11;1162
26;2025-12-01;12;1209
26;2025-12-01;13;1273
26;2025-12-01;14;1412
26;2025-12-01;15;1486
26;2025-12-01;16;1627
26;2025-12-01;17;1842
26;2025-12-01;18;1934
26;2025-12-01;19;1283
26;2025-12-01;20;770
26;2025-12-01;21;491
26;2025-12-01;22;199
26;2025-12-01;23;119
26;2025-12-02;0;30
26;2025-12-02;1;1
26;2025-12-02;2;0
26;2025-12-02;3;0
26;2025-12-02;4;2
26;2025-12-02;5;98
26;2025-12-02;6;487
26;2025-12-02;7;1165
26;2025-12-02;8;2388
26;2025-12-02;9;1523
26;2025-12-02;10;1313
26;2025-12-02;11;1193
26;2025-12-02;12;1231
26;2025-12-02;13;1260
26;2025-12-02;14;1424
26;2025-12-02;15;1488
26;2025-12-02;16;1632
26;2025-12-02;17;1854
26;2025-12-02;18;1940
26;2025-12-02;19;1305
26;2025-12-02;20;785
26;2025-12-02;21;498
26;2025-12-02;22;201
26;2025-12-02;23;121
26;2025-12-03;0;33
26;2025-12-03;1;1
26;2025-12-03;2;0
26;2025-12-03;3;0
26;2025-12-03;4;2
26;2025-12-03;5;100
26;2025-12-03;6;485
26;2025-12-03;7;1161
26;2025-12-03;8;2376
26;2025-12-03;9;1528
26;2025-12-03;10;1306
26;2025-12-03;11;1185
26;2025-12-03;12;1237
26;2025-12-03;13;1287
26;2025-12-03;14;1457
26;2025-12-03;15;1499
26;2025-12-03;16;1625
26;2025-12-03;17;1821
26;2025-12-03;18;1912
26;2025-12-03;19;1283
26;2025-12-03;20;780
26;2025-12-03;21;515
26;2025-12-03;22;211
26;2025-12-03;23;131
26;2025-12-04;0;35
26;2025-12-04;1;1
26;2025-12-04;2;0
26;2025-12-04;3;0
26;2025-12-04;4;2
26;2025-12-04;5;98
26;2025-12-04;6;490
26;2025-12-04;7;1154
26;2025-12-04;8;2369
26;2025-12-04;9;1532
26;2025-12-04;10;1300
26;2025-12-04;11;1192
26;2025-12-04;12;1232
26;2025-12-04;13;1268
26;2025-12-04;14;1437
26;2025-12-04;15;1488
26;2025-12-04;16;1636
26;2025-12-04;17;1832
26;2025-12-04;18;1939
26;2025-12-04;19;1286
26;2025-12-04;20;775
26;2025-12-04;21;511
26;2025-12-04;22;213
26;2025-12-04;23;133
26;2025-12-05;0;34
26;2025-12-05;1;1
26;2025-12-05;2;0
26;2025-12-05;3;0
26;2025-12-05;4;2
26;2025-12-05;5;97
26;2025-12-05;6;497
26;2025-12-05;7;1150
26;2025-12-05;8;2349
26;2025-12-05;9;1499
26;2025-12-05;10;1313
26;2025-12-05;11;1176
26;2025-12-05;12;1232
26;2025-12-05;13;1281
26;2025-12-05;14;1448
26;2025-12-05;15;1518
26;2025-12-05;16;1710
26;2025-12-05;17;1853
26;2025-12-05;18;1724
26;2025-12-05;19;1205
26;2025-12-05;20;748
26;2025-12-05;21;506
26;2025-12-05;22;215
26;2025-12-05;23;149
26;2025-12-06;0;50
26;2025-12-06;1;1
26;2025-12-06;2;0
26;2025-12-06;3;0
26;2025-12-06;4;1
26;2025-12-06;5;54
26;2025-12-06;6;259
26;2025-12-06;7;387
26;2025-12-06;8;666
26;2025-12-06;9;716
26;2025-12-06;10;876
26;2025-12-06;11;1055
26;2025-12-06;12;1133
26;2025-12-06;13;1141
26;2025-12-06;14;1161
26;2025-12-06;15;1056
26;2025-12-06;16;1100
26;2025-12-06;17;1018
26;2025-12-06;18;926
26;2025-12-06;19;814
26;2025-12-06;20;553
26;2025-12-06;21;369
26;2025-12-06;22;212
26;2025-12-06;23;167
26;2025-12-07;0;52
26;2025-12-07;1;4
26;2025-12-07;2;0
26;2025-12-07;3;0
26;2025-12-07;4;2
26;2025-12-07;5;24
26;2025-12-07;6;153
26;2025-12-07;7;269
26;2025-12-07;8;405
26;2025-12-07;9;545
26;2025-12-07;10;605
26;2025-12-07;11;840
26;2025-12-07;12;883
26;2025-12-07;13;932
26;2025-12-07;14;930
26;2025-12-07;15;841
26;2025-12-07;16;823
26;2025-12-07;17;829
26;2025-12-07;18;744
26;2025-12-07;19;546
26;2025-12-07;20;410
26;2025-12-07;21;291
26;2025-12-07;22;173
26;2025-12-07;23;115
26;2025-12-08;0;31
26;2025-12-08;1;1
26;2025-12-08;2;0
26;2025-12-08;3;0
26;2025-12-08;4;2
26;2025-12-08;5;97
26;2025-12-08;6;489
26;2025-12-08;7;1163
26;2025-12-08;8;2361
26;2025-12-08;9;1511
26;2025-12-08;10;1308
26;2025-12-08;11;1162
26;2025-12-08;12;1210
26;2025-12-08;13;1275
26;2025-12-08;14;1408
26;2025-12-08;15;1485
26;2025-12-08;16;1628
26;2025-12-08;17;1840
26;2025-12-08;18;1932
26;2025-12-08;19;1283
26;2025-12-08;20;771
26;2025-12-08;21;490
26;2025-12-08;22;199
26;2025-12-08;23;118
26;2025-12-09;0;30
26;2025-12-09;1;1
26;2025-12-09;2;0
26;2025-12-09;3;0
26;2025-12-09;4;2
26;2025-12-09;5;97
26;2025-12-09;6;487
26;2025-12-09;7;1160
26;2025-12-09;8;2377
26;2025-12-09;9;1518
26;2025-12-09;10;1309
26;2025-12-09;11;1189
26;2025-12-09;12;1227
26;2025-12-09;13;1257
26;2025-12-09;14;1414
26;2025-12-09;15;1482
26;2025-12-09;16;1628
26;2025-12-09;17;1847
26;2025-12-09;18;1931
26;2025-12-09;19;1302
26;2025-12-09;20;781
26;2025-12-09;21;494
26;2025-12-09;22;201
26;2025-12-09;23;120
26;2025-12-10;0;32
26;2025-12-10;1;1
26;2025-12-10;2;0
26;2025-12-10;3;0
26;2025-12-10;4;2
26;2025-12-10;5;100
26;2025-12-10;6;484
26;2025-12-10;7;1151
26;2025-12-10;8;2359
26;2025-12-10;9;1518
26;2025-12-10;10;1299
26;2025-12-10;11;1176
26;2025-12-10;12;1230
26;2025-12-10;13;1278
26;2025-12-10;14;1442
26;2025-12-10;15;1487
26;2025-12-10;16;1613
26;2025-12-10;17;1808
26;2025-12-10;18;1898
26;2025-12-10;19;1276
26;2025-12-10;20;776
26;2025-12-10;21;509
26;2025-12-10;22;209
26;2025-12-10;23;130
26;2025-12-11;0;35
26;2025-12-11;1;1
26;2025-12-11;2;0
26;2025-12-11;3;0
26;2025-12-11;4;2
26;2025-12-11;5;98
26;2025-12-11;6;491
26;2025-12-11;7;1140
26;2025-12-11;8;2336
26;2025-12-11;9;1518
26;2025-12-11;10;1285
26;2025-12-11;11;1172
26;2025-12-11;12;1214
26;2025-12-11;13;1247
26;2025-12-11;14;1411
26;2025-12-11;15;1460
26;2025-12-11;16;1611
26;2025-12-11;17;1807
26;2025-12-11;18;1907
26;2025-12-11;19;1269
26;2025-12-11;20;764
26;2025-12-11;21;505
26;2025-12-11;22;211
26;2025-12-11;23;131
26;2025-12-12;0;35
26;2025-12-12;1;1
26;2025-12-12;2;0
26;2025-12-12;3;0
26;2025-12-12;4;2
26;2025-12-12;5;96
26;2025-12-12;6;497
26;2025-12-12;7;1140
26;2025-12-12;8;2319
26;2025-12-12;9;1486
26;2025-12-12;10;1301
26;2025-12-12;11;1161
26;2025-12-12;12;1216
26;2025-12-12;13;1262
26;2025-12-12;14;1422
26;2025-12-12;15;1488
26;2025-12-12;16;1681
26;2025-12-12;17;1824
26;2025-12-12;18;1697
26;2025-12-12;19;1190
26;2025-12-12;20;736
26;2025-12-12;21;499
26;2025-12-12;22;212
26;2025-12-12;23;147
26;2025-12-13;0;50
26;2025-12-13;1;1
26;2025-12-13;2;0
26;2025-12-13;3;0
26;2025-12-13;4;1
26;2025-12-13;5;53
26;2025-12-13;6;258
26;2025-12-13;7;384
26;2025-12-13;8;663
26;2025-12-13;9;713
26;2025-12-13;10;872
26;2025-12-13;11;1048
26;2025-12-13;12;1127
26;2025-12-13;13;1130
26;2025-12-13;14;1150
26;2025-12-13;15;1048
26;2025-12-13;16;1090
26;2025-12-13;17;1010
26;2025-12-13;18;926
26;2025-12-13;19;815
26;2025-12-13;20;548
26;2025-12-13;21;364
26;2025-12-13;22;210
26;2025-12-13;23;165
26;2025-12-14;0;52
26;2025-12-14;1;4
26;2025-12-14;2;0
26;2025-12-14;3;0
26;2025-12-14;4;2
26;2025-12-14;5;24
26;2025-12-14;6;154
26;2025-12-14;7;267
26;2025-12-14;8;401
26;2025-12-14;9;543
26;2025-12-14;10;602
26;2025-12-14;11;835
26;2025-12-14;12;877
26;2025-12-14;13;923
26;2025-12-14;14;920
26;2025-12-14;15;834
26;2025-12-14;16;807
26;2025-12-14;17;824
26;2025-12-14;18;745
26;2025-12-14;19;548
26;2025-12-14;20;408
26;2025-12-14;21;287
26;2025-12-14;22;172
26;2025-12-14;23;114
26;2025-12-15;0;31
26;2025-12-15;1;1
26;2025-12-15;2;0
26;2025-12-15;3;0
26;2025-12-15;4;2
26;2025-12-15;5;97
26;2025-12-15;6;490
26;2025-12-15;7;1161
26;2025-12-15;8;2357
26;2025-12-15;9;1512
26;2025-12-15;10;1310
26;2025-12-15;11;1162
26;2025-12-15;12;1208
26;2025-12-15;13;1267
26;2025-12-15;14;1395
26;2025-12-15;15;1480
26;2025-12-15;16;1621
26;2025-12-15;17;1836
26;2025-12-15;18;1943
26;2025-12-15;19;1297
26;2025-12-15;20;772
26;2025-12-15;21;486
26;2025-12-15;22;200
26;2025-12-15;23;118
26;2025-12-16;0;31
26;2025-12-16;1;1
26;2025-12-16;2;0
26;2025-12-16;3;0
26;2025-12-16;4;2
26;2025-12-16;5;98
26;2025-12-16;6;491
26;2025-12-16;7;1162
26;2025-12-16;8;2376
26;2025-12-16;9;1523
26;2025-12-16;10;1311
26;2025-12-16;11;1190
26;2025-12-16;12;1228
26;2025-12-16;13;1255
26;2025-12-16;14;1406
26;2025-12-16;15;1477
26;2025-12-16;16;1627
26;2025-12-16;17;1848
26;2025-12-16;18;1934
26;2025-12-16;19;1307
26;2025-12-16;20;785
26;2025-12-16;21;496
26;2025-12-16;22;203
26;2025-12-16;23;122
26;2025-12-17;0;32
26;2025-12-17;1;1
26;2025-12-17;2;0
26;2025-12-17;3;0
26;2025-12-17;4;2
26;2025-12-17;5;99
26;2025-12-17;6;488
26;2025-12-17;7;1156
26;2025-12-17;8;2364
26;2025-12-17;9;1525
26;2025-12-17;10;1305
26;2025-12-17;11;1183
26;2025-12-17;12;1237
26;2025-12-17;13;1287
26;2025-12-17;14;1445
26;2025-12-17;15;1495
26;2025-12-17;16;1624
26;2025-12-17;17;1817
26;2025-12-17;18;1905
26;2025-12-17;19;1281
26;2025-12-17;20;780
26;2025-12-17;21;513
26;2025-12-17;22;211
26;2025-12-17;23;132
26;2025-12-18;0;35
26;2025-12-18;1;1
26;2025-12-18;2;0
26;2025-12-18;3;0
26;2025-12-18;4;2
26;2025-12-18;5;98
26;2025-12-18;6;491
26;2025-12-18;7;1149
26;2025-12-18;8;2356
26;2025-12-18;9;1528
26;2025-12-18;10;1296
26;2025-12-18;11;1190
26;2025-12-18;12;1231
26;2025-12-18;13;1268
26;2025-12-18;14;1425
26;2025-12-18;15;1482
26;2025-12-18;16;1633
26;2025-12-18;17;1824
26;2025-12-18;18;1931
26;2025-12-18;19;1284
26;2025-12-18;20;773
26;2025-12-18;21;507
26;2025-12-18;22;212
26;2025-12-18;23;132
26;2025-12-19;0;34
26;2025-12-19;1;1
26;2025-12-19;2;0
26;2025-12-19;3;0
26;2025-12-19;4;2
26;2025-12-19;5;97
26;2025-12-19;6;499
26;2025-12-19;7;1146
26;2025-12-19;8;2338
26;2025-12-19;9;1495
26;2025-12-19;10;1311
26;2025-12-19;11;1174
26;2025-12-19;12;1230
26;2025-12-19;13;1280
26;2025-12-19;14;1435
26;2025-12-19;15;1512
26;2025-12-19;16;1707
26;2025-12-19;17;1846
26;2025-12-19;18;1720
26;2025-12-19;19;1204
26;2025-12-19;20;745
26;2025-12-19;21;501
26;2025-12-19;22;214
26;2025-12-19;23;147
26;2025-12-20;0;49
26;2025-12-20;1;1
26;2025-12-20;2;0
26;2025-12-20;3;0
26;2025-12-20;4;1
26;2025-12-20;5;54
26;2025-12-20;6;259
26;2025-12-20;7;384
26;2025-12-20;8;665
26;2025-12-20;9;714
26;2025-12-20;10;873
26;2025-12-20;11;1054
26;2025-12-20;12;1132
26;2025-12-20;13;1138
26;2025-12-20;14;1158
26;2025-12-20;15;1055
26;2025-12-20;16;1098
26;2025-12-20;17;1014
26;2025-12-20;18;925
26;2025-12-20;19;814
26;2025-12-20;20;550
26;2025-12-20;21;367
26;2025-12-20;22;211
26;2025-12-20;23;165
26;2025-12-21;0;51
26;2025-12-21;1;4
26;2025-12-21;2;0
26;2025-12-21;3;0
26;2025-12-21;4;2
26;2025-12-21;5;24
26;2025-12-21;6;154
26;2025-12-21;7;266
26;2025-12-21;8;400
26;2025-12-21;9;541
26;2025-12-21;10;600
26;2025-12-21;11;836
26;2025-12-21;12;878
26;2025-12-21;13;926
26;2025-12-21;14;922
26;2025-12-21;15;835
26;2025-12-21;16;818
26;2025-12-21;17;824
26;2025-12-21;18;739
26;2025-12-21;19;543
26;2025-12-21;20;406
26;2025-12-21;21;290
26;2025-12-21;22;172
26;2025-12-21;23;114
26;2025-12-22;0;30
26;2025-12-22;1;2
26;2025-12-22;2;0
26;2025-12-22;3;0
26;2025-12-22;4;2
26;2025-12-22;5;96
26;2025-12-22;6;489
26;2025-12-22;7;1152
26;2025-12-22;8;2333
26;2025-12-22;9;1499
26;2025-12-22;10;1296
26;2025-12-22;11;1151
26;2025-12-22;12;1199
26;2025-12-22;13;1263
26;2025-12-22;14;1383
26;2025-12-22;15;1466
26;2025-12-22;16;1612
26;2025-12-22;17;1820
26;2025-12-22;18;1910
26;2025-12-22;19;1272
26;2025-12-22;20;763
26;2025-12-22;21;484
26;2025-12-22;22;198
26;2025-12-22;23;116
26;2025-12-23;0;32
26;2025-12-23;1;1
26;2025-12-23;2;0
26;2025-12-23;3;0
26;2025-12-23;4;2
26;2025-12-23;5;98
26;2025-12-23;6;493
26;2025-12-23;7;1159
26;2025-12-23;8;2369
26;2025-12-23;9;1523
26;2025-12-23;10;1312
26;2025-12-23;11;1189
26;2025-12-23;12;1224
26;2025-12-23;13;1246
26;2025-12-23;14;1392
26;2025-12-23;15;1472
26;2025-12-23;16;1622
26;2025-12-23;17;1843
26;2025-12-23;18;1950
26;2025-12-23;19;1322
26;2025-12-23;20;785
26;2025-12-23;21;489
26;2025-12-23;22;204
26;2025-12-23;23;121
26;2025-12-24;0;35
26;2025-12-24;1;1
26;2025-12-24;2;0
26;2025-12-24;3;0
26;2025-12-24;4;2
26;2025-12-24;5;101
26;2025-12-24;6;491
26;2025-12-24;7;1154
26;2025-12-24;8;2359
26;2025-12-24;9;1529
26;2025-12-24;10;1309
26;2025-12-24;11;1182
26;2025-12-24;12;1233
26;2025-12-24;13;1275
26;2025-12-24;14;1426
26;2025-12-24;15;1483
26;2025-12-24;16;1614
26;2025-12-24;17;1810
26;2025-12-24;18;1922
26;2025-12-24;19;1301
26;2025-12-24;20;787
26;2025-12-24;21;510
26;2025-12-24;22;214
26;2025-12-24;23;133
26;2025-12-25;0;35
26;2025-12-25;1;2
26;2025-12-25;2;0
26;2025-12-25;3;0
26;2025-12-25;4;2
26;2025-12-25;5;98
26;2025-12-25;6;493
26;2025-12-25;7;1139
26;2025-12-25;8;2334
26;2025-12-25;9;1519
26;2025-12-25;10;1289
26;2025-12-25;11;1180
26;2025-12-25;12;1219
26;2025-12-25;13;1253
26;2025-12-25;14;1404
26;2025-12-25;15;1462
26;2025-12-25;16;1616
26;2025-12-25;17;1806
26;2025-12-25;18;1914
26;2025-12-25;19;1276
26;2025-12-25;20;764
26;2025-12-25;21;500
26;2025-12-25;22;212
26;2025-12-25;23;129
26;2025-12-26;0;34
26;2025-12-26;1;1
26;2025-12-26;2;0
26;2025-12-26;3;0
26;2025-12-26;4;2
26;2025-12-26;5;96
26;2025-12-26;6;497
26;2025-12-26;7;1123
26;2025-12-26;8;2287
26;2025-12-26;9;1470
26;2025-12-26;10;1286
26;2025-12-26;11;1144
26;2025-12-26;12;1200
26;2025-12-26;13;1245
26;2025-12-26;14;1394
26;2025-12-26;15;1466
26;2025-12-26;16;1663
26;2025-12-26;17;1804
26;2025-12-26;18;1677
26;2025-12-26;19;1180
26;2025-12-26;20;729
26;2025-12-26;21;492
26;2025-12-26;22;211
26;2025-12-26;23;146
26;2025-12-27;0;48
26;2025-12-27;1;1
26;2025-12-27;2;0
26;2025-12-27;3;0
26;2025-12-27;4;2
26;2025-12-27;5;54
26;2025-12-27;6;259
26;2025-12-27;7;382
26;2025-12-27;8;659
26;2025-12-27;9;710
26;2025-12-27;10;866
26;2025-12-27;11;1046
26;2025-12-27;12;1125
26;2025-12-27;13;1129
26;2025-12-27;14;1147
26;2025-12-27;15;1046
26;2025-12-27;16;1089
26;2025-12-27;17;1006
26;2025-12-27;18;919
26;2025-12-27;19;809
26;2025-12-27;20;547
26;2025-12-27;21;364
26;2025-12-27;22;211
26;2025-12-27;23;163
26;2025-12-28;0;51
26;2025-12-28;1;4
26;2025-12-28;2;0
26;2025-12-28;3;0
26;2025-12-28;4;2
26;2025-12-28;5;24
26;2025-12-28;6;154
26;2025-12-28;7;263
26;2025-12-28;8;397
26;2025-12-28;9;538
26;2025-12-28;10;595
26;2025-12-28;11;826
26;2025-12-28;12;869
26;2025-12-28;13;914
26;2025-12-28;14;909
26;2025-12-28;15;825
26;2025-12-28;16;809
26;2025-12-28;17;815
26;2025-12-28;18;736
26;2025-12-28;19;543
26;2025-12-28;20;404
26;2025-12-28;21;286
26;2025-12-28;22;172
26;2025-12-28;23;113
26;2025-12-29;0;27
26;2025-12-29;1;1
26;2025-12-29;2;0
26;2025-12-29;3;0
26;2025-12-29;4;2
26;2025-12-29;5;83
26;2025-12-29;6;426
26;2025-12-29;7;997
26;2025-12-29;8;2015
26;2025-12-29;9;1300
26;2025-12-29;10;1125
26;2025-12-29;11;997
26;2025-12-29;12;1038
26;2025-12-29;13;1090
26;2025-12-29;14;1190
26;2025-12-29;15;1265
26;2025-12-29;16;1392
26;2025-12-29;17;1574
26;2025-12-29;18;1657
26;2025-12-29;19;1108
26;2025-12-29;20;661
26;2025-12-29;21;417
26;2025-12-29;22;172
26;2025-12-29;23;101
26;2025-12-30;0;27
26;2025-12-30;1;1
26;2025-12-30;2;0
26;2025-12-30;3;0
26;2025-12-30;4;2
26;2025-12-30;5;84
26;2025-12-30;6;427
26;2025-12-30;7;995
26;2025-12-30;8;2024
26;2025-12-30;9;1307
26;2025-12-30;10;1126
26;2025-12-30;11;1018
26;2025-12-30;12;1051
26;2025-12-30;13;1072
26;2025-12-30;14;1193
26;2025-12-30;15;1258
26;2025-12-30;16;1388
26;2025-12-30;17;1576
26;2025-12-30;18;1643
26;2025-12-30;19;1121
26;2025-12-30;20;671
26;2025-12-30;21;421
26;2025-12-30;22;175
26;2025-12-30;23;104
26;2025-12-31;0;44
26;2025-12-31;1;3
26;2025-12-31;2;0
26;2025-12-31;3;0
26;2025-12-31;4;1
26;2025-12-31;5;23
26;2025-12-31;6;132
26;2025-12-31;7;226
26;2025-12-31;8;338
26;2025-12-31;9;463
26;2025-12-31;10;508
26;2025-12-31;11;705
26;2025-12-31;12;743
26;2025-12-31;13;783
26;2025-12-31;14;783
26;2025-12-31;15;704
26;2025-12-31;16;679
26;2025-12-31;17;686
26;2025-12-31;18;634
26;2025-12-31;19;470
26;2025-12-31;20;0
26;2025-12-31;21;0
26;2025-12-31;22;0
26;2025-12-31;23;0
28;2025-11-01;0;0
28;2025-11-01;1;0
28;2025-11-01;2;0
28;2025-11-01;3;0
28;2025-11-01;4;1
28;2025-11-01;5;65
28;2025-11-01;6;221
28;2025-11-01;7;693
28;2025-11-01;8;1100
28;2025-11-01;9;713
28;2025-11-01;10;538
28;2025-11-01;11;487
28;2025-11-01;12;617
28;2025-11-01;13;621
28;2025-11-01;14;591
28;2025-11-01;15;610
28;2025-11-01;16;773
28;2025-11-01;17;892
28;2025-11-01;18;842
28;2025-11-01;19;611
28;2025-11-01;20;422
28;2025-11-01;21;269
28;2025-11-01;22;99
28;2025-11-01;23;9
28;2025-11-02;0;0
28;2025-11-02;1;0
28;2025-11-02;2;0
28;2025-11-02;3;0
28;2025-11-02;4;0
28;2025-11-02;5;29
28;2025-11-02;6;77
28;2025-11-02;7;165
28;2025-11-02;8;268
28;2025-11-02;9;338
28;2025-11-02;10;393
28;2025-11-02;11;440
28;2025-11-02;12;466
28;2025-11-02;13;534
28;2025-11-02;14;534
28;2025-11-02;15;526
28;2025-11-02;16;489
28;2025-11-02;17;512
28;2025-11-02;18;445
28;2025-11-02;19;376
28;2025-11-02;20;287
28;2025-11-02;21;238
28;2025-11-02;22;106
28;2025-11-02;23;10
28;2025-11-03;0;0
28;2025-11-03;1;0
28;2025-11-03;2;0
28;2025-11-03;3;0
28;2025-11-03;4;0
28;2025-11-03;5;29
28;2025-11-03;6;75
28;2025-11-03;7;160
28;2025-11-03;8;259
28;2025-11-03;9;327
28;2025-11-03;10;374
28;2025-11-03;11;415
28;2025-11-03;12;440
28;2025-11-03;13;504
28;2025-11-03;14;501
28;2025-11-03;15;492
28;2025-11-03;16;460
28;2025-11-03;17;486
28;2025-11-03;18;426
28;2025-11-03;19;361
28;2025-11-03;20;274
28;2025-11-03;21;226
28;2025-11-03;22;98
28;2025-11-03;23;10
28;2025-11-04;0;0
28;2025-11-04;1;0
28;2025-11-04;2;0
28;2025-11-04;3;0
28;2025-11-04;4;0
28;2025-11-04;5;28
28;2025-11-04;6;72
28;2025-11-04;7;160
28;2025-11-04;8;253
28;2025-11-04;9;318
28;2025-11-04;10;372
28;2025-11-04;11;413
28;2025-11-04;12;432
28;2025-11-04;13;501
28;2025-11-04;14;500
28;2025-11-04;15;492
28;2025-11-04;16;446
28;2025-11-04;17;480
28;2025-11-04;18;421
28;2025-11-04;19;358
28;2025-11-04;20;272
28;2025-11-04;21;225
28;2025-11-04;22;100
28;2025-11-04;23;10
28;2025-11-05;0;0
28;2025-11-05;1;0
28;2025-11-05;2;0
28;2025-11-05;3;0
28;2025-11-05;4;1
28;2025-11-05;5;78
28;2025-11-05;6;259
28;2025-11-05;7;798
28;2025-11-05;8;1282
28;2025-11-05;9;829
28;2025-11-05;10;621
28;2025-11-05;11;568
28;2025-11-05;12;722
28;2025-11-05;13;726
28;2025-11-05;14;683
28;2025-11-05;15;704
28;2025-11-05;16;909
28;2025-11-05;17;1045
28;2025-11-05;18;1002
28;2025-11-05;19;726
28;2025-11-05;20;501
28;2025-11-05;21;316
28;2025-11-05;22;118
28;2025-11-05;23;12
28;2025-11-06;0;0
28;2025-11-06;1;0
28;2025-11-06;2;0
28;2025-11-06;3;0
28;2025-11-06;4;1
28;2025-11-06;5;78
28;2025-11-06;6;263
28;2025-11-06;7;815
28;2025-11-06;8;1291
28;2025-11-06;9;838
28;2025-11-06;10;628
28;2025-11-06;11;563
28;2025-11-06;12;716
28;2025-11-06;13;718
28;2025-11-06;14;684
28;2025-11-06;15;707
28;2025-11-06;16;900
28;2025-11-06;17;1054
28;2025-11-06;18;1014
28;2025-11-06;19;725
28;2025-11-06;20;504
28;2025-11-06;21;321
28;2025-11-06;22;118
28;2025-11-06;23;11
28;2025-11-07;0;0
28;2025-11-07;1;0
28;2025-11-07;2;0
28;2025-11-07;3;0
28;2025-11-07;4;1
28;2025-11-07;5;78
28;2025-11-07;6;261
28;2025-11-07;7;807
28;2025-11-07;8;1285
28;2025-11-07;9;825
28;2025-11-07;10;625
28;2025-11-07;11;571
28;2025-11-07;12;728
28;2025-11-07;13;721
28;2025-11-07;14;699
28;2025-11-07;15;729
28;2025-11-07;16;922
28;2025-11-07;17;1027
28;2025-11-07;18;936
28;2025-11-07;19;689
28;2025-11-07;20;481
28;2025-11-07;21;325
28;2025-11-07;22;120
28;2025-11-07;23;14
28;2025-11-08;0;2
28;2025-11-08;1;0
28;2025-11-08;2;0
28;2025-11-08;3;0
28;2025-11-08;4;1
28;2025-11-08;5;37
28;2025-11-08;6;103
28;2025-11-08;7;240
28;2025-11-08;8;419
28;2025-11-08;9;472
28;2025-11-08;10;503
28;2025-11-08;11;508
28;2025-11-08;12;600
28;2025-11-08;13;612
28;2025-11-08;14;577
28;2025-11-08;15;613
28;2025-11-08;16;586
28;2025-11-08;17;587
28;2025-11-08;18;511
28;2025-11-08;19;402
28;2025-11-08;20;302
28;2025-11-08;21;263
28;2025-11-08;22;121
28;2025-11-08;23;17
28;2025-11-09;0;0
28;2025-11-09;1;0
28;2025-11-09;2;0
28;2025-11-09;3;0
28;2025-11-09;4;0
28;2025-11-09;5;29
28;2025-11-09;6;76
28;2025-11-09;7;164
28;2025-11-09;8;267
28;2025-11-09;9;337
28;2025-11-09;10;391
28;2025-11-09;11;439
28;2025-11-09;12;464
28;2025-11-09;13;534
28;2025-11-09;14;533
28;2025-11-09;15;526
28;2025-11-09;16;487
28;2025-11-09;17;510
28;2025-11-09;18;443
28;2025-11-09;19;375
28;2025-11-09;20;286
28;2025-11-09;21;238
28;2025-11-09;22;106
28;2025-11-09;23;10
28;2025-11-10;0;0
28;2025-11-10;1;0
28;2025-11-10;2;0
28;2025-11-10;3;0
28;2025-11-10;4;1
28;2025-11-10;5;77
28;2025-11-10;6;261
28;2025-11-10;7;817
28;2025-11-10;8;1308
28;2025-11-10;9;847
28;2025-11-10;10;632
28;2025-11-10;11;563
28;2025-11-10;12;722
28;2025-11-10;13;717
28;2025-11-10;14;682
28;2025-11-10;15;697
28;2025-11-10;16;906
28;2025-11-10;17;1054
28;2025-11-10;18;1000
28;2025-11-10;19;722
28;2025-11-10;20;491
28;2025-11-10;21;309
28;2025-11-10;22;108
28;2025-11-10;23;10
28;2025-11-11;0;0
28;2025-11-11;1;0
28;2025-11-11;2;0
28;2025-11-11;3;0
28;2025-11-11;4;1
28;2025-11-11;5;75
28;2025-11-11;6;258
28;2025-11-11;7;826
28;2025-11-11;8;1313
28;2025-11-11;9;843
28;2025-11-11;10;646
28;2025-11-11;11;575
28;2025-11-11;12;724
28;2025-11-11;13;727
28;2025-11-11;14;696
28;2025-11-11;15;711
28;2025-11-11;16;895
28;2025-11-11;17;1059
28;2025-11-11;18;1006
28;2025-11-11;19;725
28;2025-11-11;20;496
28;2025-11-11;21;318
28;2025-11-11;22;116
28;2025-11-11;23;12
28;2025-11-12;0;0
28;2025-11-12;1;0
28;2025-11-12;2;0
28;2025-11-12;3;0
28;2025-11-12;4;1
28;2025-11-12;5;78
28;2025-11-12;6;260
28;2025-11-12;7;803
28;2025-11-12;8;1293
28;2025-11-12;9;836
28;2025-11-12;10;628
28;2025-11-12;11;571
28;2025-11-12;12;727
28;2025-11-12;13;731
28;2025-11-12;14;687
28;2025-11-12;15;707
28;2025-11-12;16;915
28;2025-11-12;17;1053
28;2025-11-12;18;1005
28;2025-11-12;19;728
28;2025-11-12;20;500
28;2025-11-12;21;317
28;2025-11-12;22;118
28;2025-11-12;23;13
28;2025-11-13;0;0
28;2025-11-13;1;0
28;2025-11-13;2;0
28;2025-11-13;3;0
28;2025-11-13;4;1
28;2025-11-13;5;78
28;2025-11-13;6;264
28;2025-11-13;7;821
28;2025-11-13;8;1302
28;2025-11-13;9;847
28;2025-11-13;10;635
28;2025-11-13;11;567
28;2025-11-13;12;723
28;2025-11-13;13;726
28;2025-11-13;14;692
28;2025-11-13;15;715
28;2025-11-13;16;910
28;2025-11-13;17;1064
28;2025-11-13;18;1020
28;2025-11-13;19;727
28;2025-11-13;20;506
28;2025-11-13;21;322
28;2025-11-13;22;119
28;2025-11-13;23;12
28;2025-11-14;0;0
28;2025-11-14;1;0
28;2025-11-14;2;0
28;2025-11-14;3;0
28;2025-11-14;4;1
28;2025-11-14;5;78
28;2025-11-14;6;260
28;2025-11-14;7;812
28;2025-11-14;8;1295
28;2025-11-14;9;832
28;2025-11-14;10;632
28;2025-11-14;11;574
28;2025-11-14;12;733
28;2025-11-14;13;727
28;2025-11-14;14;702
28;2025-11-14;15;734
28;2025-11-14;16;930
28;2025-11-14;17;1034
28;2025-11-14;18;938
28;2025-11-14;19;691
28;2025-11-14;20;481
28;2025-11-14;21;324
28;2025-11-14;22;120
28;2025-11-14;23;13
28;2025-11-15;0;4
28;2025-11-15;1;0
28;2025-11-15;2;0
28;2025-11-15;3;0
28;2025-11-15;4;1
28;2025-11-15;5;35
28;2025-11-15;6;101
28;2025-11-15;7;235
28;2025-11-15;8;412
28;2025-11-15;9;466
28;2025-11-15;10;496
28;2025-11-15;11;498
28;2025-11-15;12;590
28;2025-11-15;13;604
28;2025-11-15;14;566
28;2025-11-15;15;599
28;2025-11-15;16;575
28;2025-11-15;17;581
28;2025-11-15;18;503
28;2025-11-15;19;394
28;2025-11-15;20;293
28;2025-11-15;21;259
28;2025-11-15;22;118
28;2025-11-15;23;17
28;2025-11-16;0;0
28;2025-11-16;1;0
28;2025-11-16;2;0
28;2025-11-16;3;0
28;2025-11-16;4;0
28;2025-11-16;5;29
28;2025-11-16;6;75
28;2025-11-16;7;164
28;2025-11-16;8;266
28;2025-11-16;9;339
28;2025-11-16;10;394
28;2025-11-16;11;439
28;2025-11-16;12;467
28;2025-11-16;13;538
28;2025-11-16;14;535
28;2025-11-16;15;527
28;2025-11-16;16;488
28;2025-11-16;17;514
28;2025-11-16;18;445
28;2025-11-16;19;375
28;2025-11-16;20;285
28;2025-11-16;21;238
28;2025-11-16;22;106
28;2025-11-16;23;10
28;2025-11-17;0;0
28;2025-11-17;1;0
28;2025-11-17;2;0
28;2025-11-17;3;0
28;2025-11-17;4;1
28;2025-11-17;5;77
28;2025-11-17;6;260
28;2025-11-17;7;811
28;2025-11-17;8;1299
28;2025-11-17;9;844
28;2025-11-17;10;631
28;2025-11-17;11;560
28;2025-11-17;12;718
28;2025-11-17;13;712
28;2025-11-17;14;676
28;2025-11-17;15;689
28;2025-11-17;16;898
28;2025-11-17;17;1049
28;2025-11-17;18;993
28;2025-11-17;19;717
28;2025-11-17;20;486
28;2025-11-17;21;308
28;2025-11-17;22;108
28;2025-11-17;23;10
28;2025-11-18;0;0
28;2025-11-18;1;0
28;2025-11-18;2;0
28;2025-11-18;3;0
28;2025-11-18;4;2
28;2025-11-18;5;75
28;2025-11-18;6;256
28;2025-11-18;7;814
28;2025-11-18;8;1290
28;2025-11-18;9;833
28;2025-11-18;10;639
28;2025-11-18;11;567
28;2025-11-18;12;709
28;2025-11-18;13;711
28;2025-11-18;14;681
28;2025-11-18;15;694
28;2025-11-18;16;876
28;2025-11-18;17;1042
28;2025-11-18;18;989
28;2025-11-18;19;715
28;2025-11-18;20;488
28;2025-11-18;21;315
28;2025-11-18;22;116
28;2025-11-18;23;11
28;2025-11-19;0;0
28;2025-11-19;1;0
28;2025-11-19;2;0
28;2025-11-19;3;0
28;2025-11-19;4;1
28;2025-11-19;5;77
28;2025-11-19;6;260
28;2025-11-19;7;807
28;2025-11-19;8;1299
28;2025-11-19;9;842
28;2025-11-19;10;633
28;2025-11-19;11;573
28;2025-11-19;12;733
28;2025-11-19;13;738
28;2025-11-19;14;692
28;2025-11-19;15;712
28;2025-11-19;16;921
28;2025-11-19;17;1060
28;2025-11-19;18;1009
28;2025-11-19;19;731
28;2025-11-19;20;500
28;2025-11-19;21;317
28;2025-11-19;22;118
28;2025-11-19;23;13
28;2025-11-20;0;0
28;2025-11-20;1;0
28;2025-11-20;2;0
28;2025-11-20;3;0
28;2025-11-20;4;1
28;2025-11-20;5;77
28;2025-11-20;6;262
28;2025-11-20;7;824
28;2025-11-20;8;1306
28;2025-11-20;9;851
28;2025-11-20;10;639
28;2025-11-20;11;569
28;2025-11-20;12;727
28;2025-11-20;13;730
28;2025-11-20;14;695
28;2025-11-20;15;717
28;2025-11-20;16;913
28;2025-11-20;17;1069
28;2025-11-20;18;1021
28;2025-11-20;19;728
28;2025-11-20;20;504
28;2025-11-20;21;321
28;2025-11-20;22;118
28;2025-11-20;23;12
28;2025-11-21;0;0
28;2025-11-21;1;0
28;2025-11-21;2;0
28;2025-11-21;3;0
28;2025-11-21;4;1
28;2025-11-21;5;77
28;2025-11-21;6;259
28;2025-11-21;7;813
28;2025-11-21;8;1298
28;2025-11-21;9;835
28;2025-11-21;10;636
28;2025-11-21;11;574
28;2025-11-21;12;736
28;2025-11-21;13;730
28;2025-11-21;14;705
28;2025-11-21;15;736
28;2025-11-21;16;931
28;2025-11-21;17;1039
28;2025-11-21;18;938
28;2025-11-21;19;690
28;2025-11-21;20;478
28;2025-11-21;21;323
28;2025-11-21;22;119
28;2025-11-21;23;14
28;2025-11-22;0;3
28;2025-11-22;1;0
28;2025-11-22;2;0
28;2025-11-22;3;0
28;2025-11-22;4;1
28;2025-11-22;5;36
28;2025-11-22;6;100
28;2025-11-22;7;236
28;2025-11-22;8;414
28;2025-11-22;9;470
28;2025-11-22;10;500
28;2025-11-22;11;503
28;2025-11-22;12;598
28;2025-11-22;13;611
28;2025-11-22;14;574
28;2025-11-22;15;607
28;2025-11-22;16;583
28;2025-11-22;17;587
28;2025-11-22;18;507
28;2025-11-22;19;396
28;2025-11-22;20;297
28;2025-11-22;21;260
28;2025-11-22;22;118
28;2025-11-22;23;18
28;2025-11-23;0;0
28;2025-11-23;1;0
28;2025-11-23;2;0
28;2025-11-23;3;0
28;2025-11-23;4;0
28;2025-11-23;5;28
28;2025-11-23;6;74
28;2025-11-23;7;163
28;2025-11-23;8;265
28;2025-11-23;9;338
28;2025-11-23;10;393
28;2025-11-23;11;439
28;2025-11-23;12;467
28;2025-11-23;13;539
28;2025-11-23;14;534
28;2025-11-23;15;527
28;2025-11-23;16;488
28;2025-11-23;17;513
28;2025-11-23;18;444
28;2025-11-23;19;372
28;2025-11-23;20;284
28;2025-11-23;21;238
28;2025-11-23;22;105
28;2025-11-23;23;10
28;2025-11-24;0;0
28;2025-11-24;1;0
28;2025-11-24;2;0
28;2025-11-24;3;0
28;2025-11-24;4;1
28;2025-11-24;5;76
28;2025-11-24;6;258
28;2025-11-24;7;804
28;2025-11-24;8;1288
28;2025-11-24;9;839
28;2025-11-24;10;627
28;2025-11-24;11;555
28;2025-11-24;12;710
28;2025-11-24;13;704
28;2025-11-24;14;670
28;2025-11-24;15;681
28;2025-11-24;16;889
28;2025-11-24;17;1039
28;2025-11-24;18;983
28;2025-11-24;19;711
28;2025-11-24;20;482
28;2025-11-24;21;305
28;2025-11-24;22;106
28;2025-11-24;23;11
28;2025-11-25;0;0
28;2025-11-25;1;0
28;2025-11-25;2;0
28;2025-11-25;3;0
28;2025-11-25;4;1
28;2025-11-25;5;74
28;2025-11-25;6;256
28;2025-11-25;7;827
28;2025-11-25;8;1315
28;2025-11-25;9;848
28;2025-11-25;10;650
28;2025-11-25;11;574
28;2025-11-25;12;725
28;2025-11-25;13;730
28;2025-11-25;14;698
28;2025-11-25;15;712
28;2025-11-25;16;896
28;2025-11-25;17;1062
28;2025-11-25;18;1004
28;2025-11-25;19;723
28;2025-11-25;20;493
28;2025-11-25;21;316
28;2025-11-25;22;116
28;2025-11-25;23;13
28;2025-11-26;0;0
28;2025-11-26;1;0
28;2025-11-26;2;0
28;2025-11-26;3;0
28;2025-11-26;4;1
28;2025-11-26;5;77
28;2025-11-26;6;259
28;2025-11-26;7;799
28;2025-11-26;8;1287
28;2025-11-26;9;838
28;2025-11-26;10;630
28;2025-11-26;11;567
28;2025-11-26;12;724
28;2025-11-26;13;727
28;2025-11-26;14;683
28;2025-11-26;15;700
28;2025-11-26;16;906
28;2025-11-26;17;1048
28;2025-11-26;18;996
28;2025-11-26;19;723
28;2025-11-26;20;494
28;2025-11-26;21;315
28;2025-11-26;22;117
28;2025-11-26;23;13
28;2025-11-27;0;0
28;2025-11-27;1;0
28;2025-11-27;2;0
28;2025-11-27;3;0
28;2025-11-27;4;1
28;2025-11-27;5;78
28;2025-11-27;6;262
28;2025-11-27;7;816
28;2025-11-27;8;1294
28;2025-11-27;9;846
28;2025-11-27;10;636
28;2025-11-27;11;564
28;2025-11-27;12;717
28;2025-11-27;13;719
28;2025-11-27;14;684
28;2025-11-27;15;705
28;2025-11-27;16;898
28;2025-11-27;17;1056
28;2025-11-27;18;1010
28;2025-11-27;19;720
28;2025-11-27;20;501
28;2025-11-27;21;319
28;2025-11-27;22;118
28;2025-11-27;23;12
28;2025-11-28;0;0
28;2025-11-28;1;0
28;2025-11-28;2;0
28;2025-11-28;3;0
28;2025-11-28;4;1
28;2025-11-28;5;77
28;2025-11-28;6;259
28;2025-11-28;7;808
28;2025-11-28;8;1289
28;2025-11-28;9;832
28;2025-11-28;10;631
28;2025-11-28;11;572
28;2025-11-28;12;730
28;2025-11-28;13;723
28;2025-11-28;14;700
28;2025-11-28;15;731
28;2025-11-28;16;924
28;2025-11-28;17;1031
28;2025-11-28;18;931
28;2025-11-28;19;685
28;2025-11-28;20;476
28;2025-11-28;21;321
28;2025-11-28;22;119
28;2025-11-28;23;15
28;2025-11-29;0;4
28;2025-11-29;1;0
28;2025-11-29;2;0
28;2025-11-29;3;0
28;2025-11-29;4;1
28;2025-11-29;5;36
28;2025-11-29;6;100
28;2025-11-29;7;238
28;2025-11-29;8;419
28;2025-11-29;9;476
28;2025-11-29;10;507
28;2025-11-29;11;511
28;2025-11-29;12;606
28;2025-11-29;13;620
28;2025-11-29;14;582
28;2025-11-29;15;615
28;2025-11-29;16;591
28;2025-11-29;17;594
28;2025-11-29;18;512
28;2025-11-29;19;398
28;2025-11-29;20;299
28;2025-11-29;21;263
28;2025-11-29;22;119
28;2025-11-29;23;19
28;2025-11-30;0;0
28;2025-11-30;1;0
28;2025-11-30;2;0
28;2025-11-30;3;0
28;2025-11-30;4;0
28;2025-11-30;5;27
28;2025-11-30;6;74
28;2025-11-30;7;162
28;2025-11-30;8;264
28;2025-11-30;9;339
28;2025-11-30;10;392
28;2025-11-30;11;440
28;2025-11-30;12;465
28;2025-11-30;13;539
28;2025-11-30;14;534
28;2025-11-30;15;526
28;2025-11-30;16;488
28;2025-11-30;17;512
28;2025-11-30;18;442
28;2025-11-30;19;372
28;2025-11-30;20;285
28;2025-11-30;21;237
28;2025-11-30;22;105
28;2025-11-30;23;11
28;2025-12-01;0;0
28;2025-12-01;1;0
28;2025-12-01;2;0
28;2025-12-01;3;0
28;2025-12-01;4;1
28;2025-12-01;5;79
28;2025-12-01;6;266
28;2025-12-01;7;837
28;2025-12-01;8;1342
28;2025-12-01;9;875
28;2025-12-01;10;653
28;2025-12-01;11;578
28;2025-12-01;12;740
28;2025-12-01;13;736
28;2025-12-01;14;701
28;2025-12-01;15;715
28;2025-12-01;16;929
28;2025-12-01;17;1083
28;2025-12-01;18;1020
28;2025-12-01;19;735
28;2025-12-01;20;500
28;2025-12-01;21;314
28;2025-12-01;22;109
28;2025-12-01;23;12
28;2025-12-02;0;0
28;2025-12-02;1;0
28;2025-12-02;2;0
28;2025-12-02;3;0
28;2025-12-02;4;1
28;2025-12-02;5;76
28;2025-12-02;6;263
28;2025-12-02;7;847
28;2025-12-02;8;1347
28;2025-12-02;9;871
28;2025-12-02;10;667
28;2025-12-02;11;590
28;2025-12-02;12;742
28;2025-12-02;13;747
28;2025-12-02;14;714
28;2025-12-02;15;731
28;2025-12-02;16;916
28;2025-12-02;17;1087
28;2025-12-02;18;1026
28;2025-12-02;19;739
28;2025-12-02;20;505
28;2025-12-02;21;324
28;2025-12-02;22;120
28;2025-12-02;23;14
28;2025-12-03;0;0
28;2025-12-03;1;0
28;2025-12-03;2;0
28;2025-12-03;3;0
28;2025-12-03;4;1
28;2025-12-03;5;80
28;2025-12-03;6;267
28;2025-12-03;7;827
28;2025-12-03;8;1332
28;2025-12-03;9;868
28;2025-12-03;10;652
28;2025-12-03;11;589
28;2025-12-03;12;751
28;2025-12-03;13;756
28;2025-12-03;14;710
28;2025-12-03;15;730
28;2025-12-03;16;943
28;2025-12-03;17;1086
28;2025-12-03;18;1030
28;2025-12-03;19;745
28;2025-12-03;20;512
28;2025-12-03;21;324
28;2025-12-03;22;121
28;2025-12-03;23;14
28;2025-12-04;0;0
28;2025-12-04;1;0
28;2025-12-04;2;0
28;2025-12-04;3;0
28;2025-12-04;4;1
28;2025-12-04;5;79
28;2025-12-04;6;269
28;2025-12-04;7;844
28;2025-12-04;8;1339
28;2025-12-04;9;875
28;2025-12-04;10;657
28;2025-12-04;11;583
28;2025-12-04;12;743
28;2025-12-04;13;747
28;2025-12-04;14;711
28;2025-12-04;15;735
28;2025-12-04;16;933
28;2025-12-04;17;1094
28;2025-12-04;18;1042
28;2025-12-04;19;733
28;2025-12-04;20;517
28;2025-12-04;21;329
28;2025-12-04;22;122
28;2025-12-04;23;13
28;2025-12-05;0;0
28;2025-12-05;1;0
28;2025-12-05;2;0
28;2025-12-05;3;0
28;2025-12-05;4;1
28;2025-12-05;5;79
28;2025-12-05;6;267
28;2025-12-05;7;835
28;2025-12-05;8;1332
28;2025-12-05;9;862
28;2025-12-05;10;655
28;2025-12-05;11;592
28;2025-12-05;12;754
28;2025-12-05;13;749
28;2025-12-05;14;723
28;2025-12-05;15;756
28;2025-12-05;16;954
28;2025-12-05;17;1064
28;2025-12-05;18;957
28;2025-12-05;19;704
28;2025-12-05;20;491
28;2025-12-05;21;331
28;2025-12-05;22;123
28;2025-12-05;23;16
28;2025-12-06;0;4
28;2025-12-06;1;0
28;2025-12-06;2;0
28;2025-12-06;3;0
28;2025-12-06;4;1
28;2025-12-06;5;37
28;2025-12-06;6;101
28;2025-12-06;7;239
28;2025-12-06;8;422
28;2025-12-06;9;480
28;2025-12-06;10;509
28;2025-12-06;11;515
28;2025-12-06;12;610
28;2025-12-06;13;625
28;2025-12-06;14;586
28;2025-12-06;15;619
28;2025-12-06;16;596
28;2025-12-06;17;600
28;2025-12-06;18;516
28;2025-12-06;19;402
28;2025-12-06;20;303
28;2025-12-06;21;265
28;2025-12-06;22;120
28;2025-12-06;23;18
28;2025-12-07;0;0
28;2025-12-07;1;0
28;2025-12-07;2;0
28;2025-12-07;3;0
28;2025-12-07;4;0
28;2025-12-07;5;28
28;2025-12-07;6;74
28;2025-12-07;7;162
28;2025-12-07;8;266
28;2025-12-07;9;341
28;2025-12-07;10;395
28;2025-12-07;11;442
28;2025-12-07;12;469
28;2025-12-07;13;543
28;2025-12-07;14;537
28;2025-12-07;15;528
28;2025-12-07;16;491
28;2025-12-07;17;517
28;2025-12-07;18;446
28;2025-12-07;19;374
28;2025-12-07;20;286
28;2025-12-07;21;238
28;2025-12-07;22;106
28;2025-12-07;23;11
28;2025-12-08;0;0
28;2025-12-08;1;0
28;2025-12-08;2;0
28;2025-12-08;3;0
28;2025-12-08;4;1
28;2025-12-08;5;79
28;2025-12-08;6;267
28;2025-12-08;7;837
28;2025-12-08;8;1341
28;2025-12-08;9;876
28;2025-12-08;10;655
28;2025-12-08;11;579
28;2025-12-08;12;739
28;2025-12-08;13;737
28;2025-12-08;14;701
28;2025-12-08;15;715
28;2025-12-08;16;927
28;2025-12-08;17;1082
28;2025-12-08;18;1019
28;2025-12-08;19;735
28;2025-12-08;20;499
28;2025-12-08;21;314
28;2025-12-08;22;110
28;2025-12-08;23;12
28;2025-12-09;0;0
28;2025-12-09;1;0
28;2025-12-09;2;0
28;2025-12-09;3;0
28;2025-12-09;4;1
28;2025-12-09;5;76
28;2025-12-09;6;262
28;2025-12-09;7;845
28;2025-12-09;8;1342
28;2025-12-09;9;871
28;2025-12-09;10;667
28;2025-12-09;11;588
28;2025-12-09;12;740
28;2025-12-09;13;746
28;2025-12-09;14;713
28;2025-12-09;15;728
28;2025-12-09;16;913
28;2025-12-09;17;1084
28;2025-12-09;18;1021
28;2025-12-09;19;736
28;2025-12-09;20;503
28;2025-12-09;21;323
28;2025-12-09;22;120
28;2025-12-09;23;14
28;2025-12-10;0;0
28;2025-12-10;1;0
28;2025-12-10;2;0
28;2025-12-10;3;0
28;2025-12-10;4;1
28;2025-12-10;5;79
28;2025-12-10;6;265
28;2025-12-10;7;823
28;2025-12-10;8;1323
28;2025-12-10;9;866
28;2025-12-10;10;651
28;2025-12-10;11;586
28;2025-12-10;12;747
28;2025-12-10;13;753
28;2025-12-10;14;706
28;2025-12-10;15;725
28;2025-12-10;16;936
28;2025-12-10;17;1078
28;2025-12-10;18;1023
28;2025-12-10;19;741
28;2025-12-10;20;509
28;2025-12-10;21;323
28;2025-12-10;22;122
28;2025-12-10;23;14
28;2025-12-11;0;0
28;2025-12-11;1;0
28;2025-12-11;2;0
28;2025-12-11;3;0
28;2025-12-11;4;1
28;2025-12-11;5;79
28;2025-12-11;6;268
28;2025-12-11;7;834
28;2025-12-11;8;1323
28;2025-12-11;9;870
28;2025-12-11;10;653
28;2025-12-11;11;578
28;2025-12-11;12;733
28;2025-12-11;13;737
28;2025-12-11;14;701
28;2025-12-11;15;724
28;2025-12-11;16;919
28;2025-12-11;17;1082
28;2025-12-11;18;1029
28;2025-12-11;19;735
28;2025-12-11;20;512
28;2025-12-11;21;326
28;2025-12-11;22;122
28;2025-12-11;23;13
28;2025-12-12;0;0
28;2025-12-12;1;0
28;2025-12-12;2;0
28;2025-12-12;3;0
28;2025-12-12;4;1
28;2025-12-12;5;79
28;2025-12-12;6;267
28;2025-12-12;7;825
28;2025-12-12;8;1316
28;2025-12-12;9;856
28;2025-12-12;10;653
28;2025-12-12;11;587
28;2025-12-12;12;744
28;2025-12-12;13;739
28;2025-12-12;14;714
28;2025-12-12;15;741
28;2025-12-12;16;938
28;2025-12-12;17;1050
28;2025-12-12;18;943
28;2025-12-12;19;696
28;2025-12-12;20;484
28;2025-12-12;21;329
28;2025-12-12;22;123
28;2025-12-12;23;16
28;2025-12-13;0;3
28;2025-12-13;1;0
28;2025-12-13;2;0
28;2025-12-13;3;0
28;2025-12-13;4;1
28;2025-12-13;5;36
28;2025-12-13;6;100
28;2025-12-13;7;236
28;2025-12-13;8;417
28;2025-12-13;9;478
28;2025-12-13;10;510
28;2025-12-13;11;511
28;2025-12-13;12;609
28;2025-12-13;13;625
28;2025-12-13;14;583
28;2025-12-13;15;615
28;2025-12-13;16;594
28;2025-12-13;17;599
28;2025-12-13;18;514
28;2025-12-13;19;399
28;2025-12-13;20;299
28;2025-12-13;21;264
28;2025-12-13;22;121
28;2025-12-13;23;19
28;2025-12-14;0;0
28;2025-12-14;1;0
28;2025-12-14;2;0
28;2025-12-14;3;0
28;2025-12-14;4;0
28;2025-12-14;5;28
28;2025-12-14;6;75
28;2025-12-14;7;160
28;2025-12-14;8;262
28;2025-12-14;9;340
28;2025-12-14;10;394
28;2025-12-14;11;439
28;2025-12-14;12;468
28;2025-12-14;13;543
28;2025-12-14;14;533
28;2025-12-14;15;525
28;2025-12-14;16;489
28;2025-12-14;17;516
28;2025-12-14;18;445
28;2025-12-14;19;373
28;2025-12-14;20;284
28;2025-12-14;21;238
28;2025-12-14;22;107
28;2025-12-14;23;11
28;2025-12-15;0;0
28;2025-12-15;1;0
28;2025-12-15;2;0
28;2025-12-15;3;0
28;2025-12-15;4;1
28;2025-12-15;5;78
28;2025-12-15;6;267
28;2025-12-15;7;835
28;2025-12-15;8;1335
28;2025-12-15;9;878
28;2025-12-15;10;658
28;2025-12-15;11;576
28;2025-12-15;12;739
28;2025-12-15;13;737
28;2025-12-15;14;696
28;2025-12-15;15;712
28;2025-12-15;16;924
28;2025-12-15;17;1082
28;2025-12-15;18;1018
28;2025-12-15;19;734
28;2025-12-15;20;499
28;2025-12-15;21;315
28;2025-12-15;22;113
28;2025-12-15;23;12
28;2025-12-16;0;0
28;2025-12-16;1;0
28;2025-12-16;2;0
28;2025-12-16;3;0
28;2025-12-16;4;1
28;2025-12-16;5;76
28;2025-12-16;6;263
28;2025-12-16;7;845
28;2025-12-16;8;1341
28;2025-12-16;9;873
28;2025-12-16;10;671
28;2025-12-16;11;591
28;2025-12-16;12;739
28;2025-12-16;13;745
28;2025-12-16;14;710
28;2025-12-16;15;726
28;2025-12-16;16;912
28;2025-12-16;17;1084
28;2025-12-16;18;1021
28;2025-12-16;19;737
28;2025-12-16;20;504
28;2025-12-16;21;324
28;2025-12-16;22;121
28;2025-12-16;23;14
28;2025-12-17;0;0
28;2025-12-17;1;0
28;2025-12-17;2;0
28;2025-12-17;3;0
28;2025-12-17;4;1
28;2025-12-17;5;80
28;2025-12-17;6;267
28;2025-12-17;7;825
28;2025-12-17;8;1327
28;2025-12-17;9;870
28;2025-12-17;10;654
28;2025-12-17;11;590
28;2025-12-17;12;748
28;2025-12-17;13;755
28;2025-12-17;14;709
28;2025-12-17;15;729
28;2025-12-17;16;939
28;2025-12-17;17;1082
28;2025-12-17;18;1025
28;2025-12-17;19;743
28;2025-12-17;20;513
28;2025-12-17;21;323
28;2025-12-17;22;122
28;2025-12-17;23;15
28;2025-12-18;0;0
28;2025-12-18;1;0
28;2025-12-18;2;0
28;2025-12-18;3;0
28;2025-12-18;4;1
28;2025-12-18;5;79
28;2025-12-18;6;269
28;2025-12-18;7;840
28;2025-12-18;8;1332
28;2025-12-18;9;876
28;2025-12-18;10;658
28;2025-12-18;11;583
28;2025-12-18;12;739
28;2025-12-18;13;746
28;2025-12-18;14;709
28;2025-12-18;15;733
28;2025-12-18;16;929
28;2025-12-18;17;1091
28;2025-12-18;18;1035
28;2025-12-18;19;740
28;2025-12-18;20;516
28;2025-12-18;21;328
28;2025-12-18;22;123
28;2025-12-18;23;14
28;2025-12-19;0;0
28;2025-12-19;1;0
28;2025-12-19;2;0
28;2025-12-19;3;0
28;2025-12-19;4;1
28;2025-12-19;5;79
28;2025-12-19;6;267
28;2025-12-19;7;832
28;2025-12-19;8;1326
28;2025-12-19;9;863
28;2025-12-19;10;657
28;2025-12-19;11;591
28;2025-12-19;12;751
28;2025-12-19;13;748
28;2025-12-19;14;721
28;2025-12-19;15;754
28;2025-12-19;16;951
28;2025-12-19;17;1061
28;2025-12-19;18;952
28;2025-12-19;19;701
28;2025-12-19;20;489
28;2025-12-19;21;330
28;2025-12-19;22;125
28;2025-12-19;23;16
28;2025-12-20;0;4
28;2025-12-20;1;0
28;2025-12-20;2;0
28;2025-12-20;3;0
28;2025-12-20;4;1
28;2025-12-20;5;35
28;2025-12-20;6;100
28;2025-12-20;7;237
28;2025-12-20;8;419
28;2025-12-20;9;480
28;2025-12-20;10;510
28;2025-12-20;11;514
28;2025-12-20;12;610
28;2025-12-20;13;627
28;2025-12-20;14;585
28;2025-12-20;15;618
28;2025-12-20;16;595
28;2025-12-20;17;600
28;2025-12-20;18;515
28;2025-12-20;19;400
28;2025-12-20;20;301
28;2025-12-20;21;265
28;2025-12-20;22;120
28;2025-12-20;23;18
28;2025-12-21;0;0
28;2025-12-21;1;0
28;2025-12-21;2;0
28;2025-12-21;3;0
28;2025-12-21;4;0
28;2025-12-21;5;28
28;2025-12-21;6;74
28;2025-12-21;7;160
28;2025-12-21;8;262
28;2025-12-21;9;340
28;2025-12-21;10;393
28;2025-12-21;11;440
28;2025-12-21;12;467
28;2025-12-21;13;541
28;2025-12-21;14;533
28;2025-12-21;15;525
28;2025-12-21;16;488
28;2025-12-21;17;514
28;2025-12-21;18;443
28;2025-12-21;19;371
28;2025-12-21;20;285
28;2025-12-21;21;237
28;2025-12-21;22;106
28;2025-12-21;23;11
28;2025-12-22;0;0
28;2025-12-22;1;0
28;2025-12-22;2;0
28;2025-12-22;3;0
28;2025-12-22;4;1
28;2025-12-22;5;79
28;2025-12-22;6;265
28;2025-12-22;7;829
28;2025-12-22;8;1324
28;2025-12-22;9;872
28;2025-12-22;10;652
28;2025-12-22;11;574
28;2025-12-22;12;732
28;2025-12-22;13;730
28;2025-12-22;14;693
28;2025-12-22;15;707
28;2025-12-22;16;916
28;2025-12-22;17;1071
28;2025-12-22;18;1005
28;2025-12-22;19;726
28;2025-12-22;20;495
28;2025-12-22;21;311
28;2025-12-22;22;111
28;2025-12-22;23;12
28;2025-12-23;0;0
28;2025-12-23;1;0
28;2025-12-23;2;0
28;2025-12-23;3;0
28;2025-12-23;4;1
28;2025-12-23;5;76
28;2025-12-23;6;264
28;2025-12-23;7;843
28;2025-12-23;8;1333
28;2025-12-23;9;874
28;2025-12-23;10;675
28;2025-12-23;11;582
28;2025-12-23;12;739
28;2025-12-23;13;750
28;2025-12-23;14;708
28;2025-12-23;15;725
28;2025-12-23;16;911
28;2025-12-23;17;1087
28;2025-12-23;18;1021
28;2025-12-23;19;736
28;2025-12-23;20;502
28;2025-12-23;21;323
28;2025-12-23;22;124
28;2025-12-23;23;15
28;2025-12-24;0;0
28;2025-12-24;1;0
28;2025-12-24;2;0
28;2025-12-24;3;0
28;2025-12-24;4;1
28;2025-12-24;5;80
28;2025-12-24;6;268
28;2025-12-24;7;823
28;2025-12-24;8;1320
28;2025-12-24;9;872
28;2025-12-24;10;660
28;2025-12-24;11;584
28;2025-12-24;12;748
28;2025-12-24;13;759
28;2025-12-24;14;703
28;2025-12-24;15;724
28;2025-12-24;16;936
28;2025-12-24;17;1083
28;2025-12-24;18;1024
28;2025-12-24;19;744
28;2025-12-24;20;514
28;2025-12-24;21;327
28;2025-12-24;22;127
28;2025-12-24;23;16
28;2025-12-25;0;0
28;2025-12-25;1;0
28;2025-12-25;2;0
28;2025-12-25;3;0
28;2025-12-25;4;1
28;2025-12-25;5;79
28;2025-12-25;6;268
28;2025-12-25;7;832
28;2025-12-25;8;1316
28;2025-12-25;9;872
28;2025-12-25;10;657
28;2025-12-25;11;579
28;2025-12-25;12;733
28;2025-12-25;13;740
28;2025-12-25;14;701
28;2025-12-25;15;723
28;2025-12-25;16;917
28;2025-12-25;17;1080
28;2025-12-25;18;1023
28;2025-12-25;19;731
28;2025-12-25;20;509
28;2025-12-25;21;324
28;2025-12-25;22;124
28;2025-12-25;23;14
28;2025-12-26;0;0
28;2025-12-26;1;0
28;2025-12-26;2;0
28;2025-12-26;3;0
28;2025-12-26;4;1
28;2025-12-26;5;78
28;2025-12-26;6;264
28;2025-12-26;7;814
28;2025-12-26;8;1297
28;2025-12-26;9;848
28;2025-12-26;10;647
28;2025-12-26;11;578
28;2025-12-26;12;734
28;2025-12-26;13;731
28;2025-12-26;14;703
28;2025-12-26;15;732
28;2025-12-26;16;925
28;2025-12-26;17;1038
28;2025-12-26;18;930
28;2025-12-26;19;688
28;2025-12-26;20;478
28;2025-12-26;21;325
28;2025-12-26;22;124
28;2025-12-26;23;17
28;2025-12-27;0;3
28;2025-12-27;1;0
28;2025-12-27;2;0
28;2025-12-27;3;0
28;2025-12-27;4;1
28;2025-12-27;5;35
28;2025-12-27;6;100
28;2025-12-27;7;235
28;2025-12-27;8;414
28;2025-12-27;9;478
28;2025-12-27;10;506
28;2025-12-27;11;509
28;2025-12-27;12;605
28;2025-12-27;13;625
28;2025-12-27;14;581
28;2025-12-27;15;612
28;2025-12-27;16;591
28;2025-12-27;17;597
28;2025-12-27;18;511
28;2025-12-27;19;398
28;2025-12-27;20;299
28;2025-12-27;21;263
28;2025-12-27;22;120
28;2025-12-27;23;18
28;2025-12-28;0;0
28;2025-12-28;1;0
28;2025-12-28;2;0
28;2025-12-28;3;0
28;2025-12-28;4;0
28;2025-12-28;5;27
28;2025-12-28;6;73
28;2025-12-28;7;158
28;2025-12-28;8;259
28;2025-12-28;9;338
28;2025-12-28;10;391
28;2025-12-28;11;435
28;2025-12-28;12;462
28;2025-12-28;13;537
28;2025-12-28;14;527
28;2025-12-28;15;519
28;2025-12-28;16;483
28;2025-12-28;17;510
28;2025-12-28;18;439
28;2025-12-28;19;369
28;2025-12-28;20;281
28;2025-12-28;21;235
28;2025-12-28;22;106
28;2025-12-28;23;11
28;2025-12-29;0;0
28;2025-12-29;1;0
28;2025-12-29;2;0
28;2025-12-29;3;0
28;2025-12-29;4;1
28;2025-12-29;5;68
28;2025-12-29;6;230
28;2025-12-29;7;715
28;2025-12-29;8;1139
28;2025-12-29;9;754
28;2025-12-29;10;566
28;2025-12-29;11;495
28;2025-12-29;12;632
28;2025-12-29;13;632
28;2025-12-29;14;597
28;2025-12-29;15;609
28;2025-12-29;16;789
28;2025-12-29;17;924
28;2025-12-29;18;866
28;2025-12-29;19;628
28;2025-12-29;20;427
28;2025-12-29;21;268
28;2025-12-29;22;98
28;2025-12-29;23;12
28;2025-12-30;0;0
28;2025-12-30;1;0
28;2025-12-30;2;0
28;2025-12-30;3;0
28;2025-12-30;4;1
28;2025-12-30;5;65
28;2025-12-30;6;227
28;2025-12-30;7;722
28;2025-12-30;8;1140
28;2025-12-30;9;749
28;2025-12-30;10;578
28;2025-12-30;11;504
28;2025-12-30;12;631
28;2025-12-30;13;640
28;2025-12-30;14;607
28;2025-12-30;15;620
28;2025-12-30;16;775
28;2025-12-30;17;923
28;2025-12-30;18;862
28;2025-12-30;19;627
28;2025-12-30;20;430
28;2025-12-30;21;277
28;2025-12-30;22;106
28;2025-12-30;23;13
28;2025-12-31;0;0
28;2025-12-31;1;0
28;2025-12-31;2;0
28;2025-12-31;3;0
28;2025-12-31;4;0
28;2025-12-31;5;25
28;2025-12-31;6;64
28;2025-12-31;7;132
28;2025-12-31;8;218
28;2025-12-31;9;291
28;2025-12-31;10;335
28;2025-12-31;11;374
28;2025-12-31;12;400
28;2025-12-31;13;467
28;2025-12-31;14;453
28;2025-12-31;15;445
28;2025-12-31;16;419
28;2025-12-31;17;441
28;2025-12-31;18;383
28;2025-12-31;19;322
28;2025-12-31;20;0
28;2025-12-31;21;0
28;2025-12-31;22;0
28;2025-12-31;23;0
50;2025-11-01;0;20
50;2025-11-01;1;2
50;2025-11-01;2;0
50;2025-11-01;3;0
50;2025-11-01;4;3
50;2025-11-01;5;62
50;2025-11-01;6;457
50;2025-11-01;7;1526
50;2025-11-01;8;2494
50;2025-11-01;9;1938
50;2025-11-01;10;1496
50;2025-11-01;11;1366
50;2025-11-01;12;1311
50;2025-11-01;13;1348
50;2025-11-01;14;1303
50;2025-11-01;15;1524
50;2025-11-01;16;1593
50;2025-11-01;17;2080
50;2025-11-01;18;2053
50;2025-11-01;19;1234
50;2025-11-01;20;800
50;2025-11-01;21;550
50;2025-11-01;22;198
50;2025-11-01;23;129
50;2025-11-02;0;0
50;2025-11-02;1;0
50;2025-11-02;2;0
50;2025-11-02;3;0
50;2025-11-02;4;0
50;2025-11-02;5;0
50;2025-11-02;6;0
50;2025-11-02;7;0
50;2025-11-02;8;0
50;2025-11-02;9;0
50;2025-11-02;10;24
50;2025-11-02;11;29
50;2025-11-02;12;16
50;2025-11-02;13;32
50;2025-11-02;14;106
50;2025-11-02;15;98
50;2025-11-02;16;181
50;2025-11-02;17;134
50;2025-11-02;18;72
50;2025-11-02;19;54
50;2025-11-02;20;56
50;2025-11-02;21;36
50;2025-11-02;22;54
50;2025-11-02;23;7
50;2025-11-03;0;0
50;2025-11-03;1;0
50;2025-11-03;2;0
50;2025-11-03;3;0
50;2025-11-03;4;0
50;2025-11-03;5;0
50;2025-11-03;6;0
50;2025-11-03;7;0
50;2025-11-03;8;0
50;2025-11-03;9;0
50;2025-11-03;10;22
50;2025-11-03;11;27
50;2025-11-03;12;14
50;2025-11-03;13;30
50;2025-11-03;14;102
50;2025-11-03;15;92
50;2025-11-03;16;172
50;2025-11-03;17;126
50;2025-11-03;18;68
50;2025-11-03;19;50
50;2025-11-03;20;52
50;2025-11-03;21;34
50;2025-11-03;22;50
50;2025-11-03;23;7
50;2025-11-04;0;0
50;2025-11-04;1;0
50;2025-11-04;2;0
50;2025-11-04;3;0
50;2025-11-04;4;0
50;2025-11-04;5;0
50;2025-11-04;6;0
50;2025-11-04;7;0
50;2025-11-04;8;0
50;2025-11-04;9;0
50;2025-11-04;10;22
50;2025-11-04;11;27
50;2025-11-04;12;14
50;2025-11-04;13;30
50;2025-11-04;14;102
50;2025-11-04;15;92
50;2025-11-04;16;172
50;2025-11-04;17;126
50;2025-11-04;18;68
50;2025-11-04;19;50
50;2025-11-04;20;52
50;2025-11-04;21;34
50;2025-11-04;22;50
50;2025-11-04;23;7
50;2025-11-05;0;23
50;2025-11-05;1;2
50;2025-11-05;2;0
50;2025-11-05;3;0
50;2025-11-05;4;3
50;2025-11-05;5;73
50;2025-11-05;6;536
50;2025-11-05;7;1778
50;2025-11-05;8;2916
50;2025-11-05;9;2279
50;2025-11-05;10;1750
50;2025-11-05;11;1595
50;2025-11-05;12;1523
50;2025-11-05;13;1564
50;2025-11-05;14;1524
50;2025-11-05;15;1757
50;2025-11-05;16;1833
50;2025-11-05;17;2457
50;2025-11-05;18;2468
50;2025-11-05;19;1482
50;2025-11-05;20;934
50;2025-11-05;21;651
50;2025-11-05;22;251
50;2025-11-05;23;151
50;2025-11-06;0;28
50;2025-11-06;1;2
50;2025-11-06;2;0
50;2025-11-06;3;0
50;2025-11-06;4;3
50;2025-11-06;5;74
50;2025-11-06;6;541
50;2025-11-06;7;1799
50;2025-11-06;8;2925
50;2025-11-06;9;2277
50;2025-11-06;10;1763
50;2025-11-06;11;1598
50;2025-11-06;12;1538
50;2025-11-06;13;1560
50;2025-11-06;14;1508
50;2025-11-06;15;1764
50;2025-11-06;16;1831
50;2025-11-06;17;2451
50;2025-11-06;18;2510
50;2025-11-06;19;1477
50;2025-11-06;20;967
50;2025-11-06;21;686
50;2025-11-06;22;260
50;2025-11-06;23;163
50;2025-11-07;0;30
50;2025-11-07;1;2
50;2025-11-07;2;0
50;2025-11-07;3;0
50;2025-11-07;4;3
50;2025-11-07;5;74
50;2025-11-07;6;547
50;2025-11-07;7;1795
50;2025-11-07;8;2926
50;2025-11-07;9;2248
50;2025-11-07;10;1722
50;2025-11-07;11;1603
50;2025-11-07;12;1565
50;2025-11-07;13;1605
50;2025-11-07;14;1539
50;2025-11-07;15;1841
50;2025-11-07;16;2000
50;2025-11-07;17;2389
50;2025-11-07;18;2218
50;2025-11-07;19;1386
50;2025-11-07;20;931
50;2025-11-07;21;632
50;2025-11-07;22;271
50;2025-11-07;23;172
50;2025-11-08;0;88
50;2025-11-08;1;9
50;2025-11-08;2;0
50;2025-11-08;3;0
50;2025-11-08;4;0
50;2025-11-08;5;2
50;2025-11-08;6;2
50;2025-11-08;7;7
50;2025-11-08;8;9
50;2025-11-08;9;12
50;2025-11-08;10;11
50;2025-11-08;11;27
50;2025-11-08;12;103
50;2025-11-08;13;76
50;2025-11-08;14;67
50;2025-11-08;15;108
50;2025-11-08;16;76
50;2025-11-08;17;54
50;2025-11-08;18;6
50;2025-11-08;19;0
50;2025-11-08;20;4
50;2025-11-08;21;0
50;2025-11-08;22;2
50;2025-11-08;23;0
50;2025-11-09;0;0
50;2025-11-09;1;0
50;2025-11-09;2;0
50;2025-11-09;3;0
50;2025-11-09;4;0
50;2025-11-09;5;0
50;2025-11-09;6;0
50;2025-11-09;7;0
50;2025-11-09;8;0
50;2025-11-09;9;0
50;2025-11-09;10;24
50;2025-11-09;11;29
50;2025-11-09;12;16
50;2025-11-09;13;32
50;2025-11-09;14;106
50;2025-11-09;15;98
50;2025-11-09;16;181
50;2025-11-09;17;134
50;2025-11-09;18;72
50;2025-11-09;19;54
50;2025-11-09;20;56
50;2025-11-09;21;36
50;2025-11-09;22;54
50;2025-11-09;23;7
50;2025-11-10;0;16
50;2025-11-10;1;3
50;2025-11-10;2;0
50;2025-11-10;3;0
50;2025-11-10;4;3
50;2025-11-10;5;68
50;2025-11-10;6;535
50;2025-11-10;7;1785
50;2025-11-10;8;2961
50;2025-11-10;9;2313
50;2025-11-10;10;1756
50;2025-11-10;11;1605
50;2025-11-10;12;1531
50;2025-11-10;13;1594
50;2025-11-10;14;1529
50;2025-11-10;15;1788
50;2025-11-10;16;1837
50;2025-11-10;17;2394
50;2025-11-10;18;2532
50;2025-11-10;19;1464
50;2025-11-10;20;933
50;2025-11-10;21;636
50;2025-11-10;22;231
50;2025-11-10;23;137
50;2025-11-11;0;21
50;2025-11-11;1;2
50;2025-11-11;2;0
50;2025-11-11;3;0
50;2025-11-11;4;3
50;2025-11-11;5;70
50;2025-11-11;6;551
50;2025-11-11;7;1815
50;2025-11-11;8;2989
50;2025-11-11;9;2305
50;2025-11-11;10;1779
50;2025-11-11;11;1605
50;2025-11-11;12;1550
50;2025-11-11;13;1589
50;2025-11-11;14;1527
50;2025-11-11;15;1790
50;2025-11-11;16;1845
50;2025-11-11;17;2511
50;2025-11-11;18;2524
50;2025-11-11;19;1473
50;2025-11-11;20;953
50;2025-11-11;21;642
50;2025-11-11;22;238
50;2025-11-11;23;145
50;2025-11-12;0;23
50;2025-11-12;1;2
50;2025-11-12;2;0
50;2025-11-12;3;0
50;2025-11-12;4;3
50;2025-11-12;5;72
50;2025-11-12;6;536
50;2025-11-12;7;1778
50;2025-11-12;8;2924
50;2025-11-12;9;2287
50;2025-11-12;10;1756
50;2025-11-12;11;1603
50;2025-11-12;12;1533
50;2025-11-12;13;1571
50;2025-11-12;14;1532
50;2025-11-12;15;1770
50;2025-11-12;16;1842
50;2025-11-12;17;2472
50;2025-11-12;18;2480
50;2025-11-12;19;1487
50;2025-11-12;20;934
50;2025-11-12;21;648
50;2025-11-12;22;249
50;2025-11-12;23;150
50;2025-11-13;0;26
50;2025-11-13;1;2
50;2025-11-13;2;0
50;2025-11-13;3;0
50;2025-11-13;4;3
50;2025-11-13;5;72
50;2025-11-13;6;536
50;2025-11-13;7;1786
50;2025-11-13;8;2917
50;2025-11-13;9;2275
50;2025-11-13;10;1761
50;2025-11-13;11;1604
50;2025-11-13;12;1548
50;2025-11-13;13;1564
50;2025-11-13;14;1513
50;2025-11-13;15;1771
50;2025-11-13;16;1836
50;2025-11-13;17;2456
50;2025-11-13;18;2511
50;2025-11-13;19;1472
50;2025-11-13;20;960
50;2025-11-13;21;679
50;2025-11-13;22;256
50;2025-11-13;23;160
50;2025-11-14;0;29
50;2025-11-14;1;2
50;2025-11-14;2;0
50;2025-11-14;3;0
50;2025-11-14;4;3
50;2025-11-14;5;72
50;2025-11-14;6;543
50;2025-11-14;7;1786
50;2025-11-14;8;2923
50;2025-11-14;9;2247
50;2025-11-14;10;1721
50;2025-11-14;11;1607
50;2025-11-14;12;1573
50;2025-11-14;13;1607
50;2025-11-14;14;1547
50;2025-11-14;15;1849
50;2025-11-14;16;2003
50;2025-11-14;17;2395
50;2025-11-14;18;2220
50;2025-11-14;19;1383
50;2025-11-14;20;926
50;2025-11-14;21;625
50;2025-11-14;22;265
50;2025-11-14;23;169
50;2025-11-15;0;429
50;2025-11-15;1;3
50;2025-11-15;2;0
50;2025-11-15;3;0
50;2025-11-15;4;1
50;2025-11-15;5;33
50;2025-11-15;6;148
50;2025-11-15;7;378
50;2025-11-15;8;676
50;2025-11-15;9;705
50;2025-11-15;10;672
50;2025-11-15;11;796
50;2025-11-15;12;1020
50;2025-11-15;13;957
50;2025-11-15;14;989
50;2025-11-15;15;904
50;2025-11-15;16;920
50;2025-11-15;17;829
50;2025-11-15;18;718
50;2025-11-15;19;814
50;2025-11-15;20;612
50;2025-11-15;21;436
50;2025-11-15;22;244
50;2025-11-15;23;132
50;2025-11-16;0;41
50;2025-11-16;1;5
50;2025-11-16;2;0
50;2025-11-16;3;0
50;2025-11-16;4;1
50;2025-11-16;5;25
50;2025-11-16;6;102
50;2025-11-16;7;192
50;2025-11-16;8;326
50;2025-11-16;9;405
50;2025-11-16;10;550
50;2025-11-16;11;575
50;2025-11-16;12;588
50;2025-11-16;13;660
50;2025-11-16;14;670
50;2025-11-16;15;616
50;2025-11-16;16;638
50;2025-11-16;17;1185
50;2025-11-16;18;1157
50;2025-11-16;19;897
50;2025-11-16;20;731
50;2025-11-16;21;719
50;2025-11-16;22;765
50;2025-11-16;23;135
50;2025-11-17;0;16
50;2025-11-17;1;3
50;2025-11-17;2;0
50;2025-11-17;3;0
50;2025-11-17;4;3
50;2025-11-17;5;68
50;2025-11-17;6;535
50;2025-11-17;7;1774
50;2025-11-17;8;2943
50;2025-11-17;9;2300
50;2025-11-17;10;1745
50;2025-11-17;11;1593
50;2025-11-17;12;1522
50;2025-11-17;13;1582
50;2025-11-17;14;1522
50;2025-11-17;15;1783
50;2025-11-17;16;1829
50;2025-11-17;17;2462
50;2025-11-17;18;2525
50;2025-11-17;19;1460
50;2025-11-17;20;928
50;2025-11-17;21;632
50;2025-11-17;22;232
50;2025-11-17;23;137
50;2025-11-18;0;24
50;2025-11-18;1;2
50;2025-11-18;2;0
50;2025-11-18;3;0
50;2025-11-18;4;3
50;2025-11-18;5;73
50;2025-11-18;6;555
50;2025-11-18;7;1804
50;2025-11-18;8;2949
50;2025-11-18;9;2272
50;2025-11-18;10;1749
50;2025-11-18;11;1572
50;2025-11-18;12;1521
50;2025-11-18;13;1556
50;2025-11-18;14;1498
50;2025-11-18;15;1761
50;2025-11-18;16;1822
50;2025-11-18;17;2483
50;2025-11-18;18;2498
50;2025-11-18;19;1463
50;2025-11-18;20;950
50;2025-11-18;21;638
50;2025-11-18;22;241
50;2025-11-18;23;147
50;2025-11-19;0;21
50;2025-11-19;1;3
50;2025-11-19;2;0
50;2025-11-19;3;0
50;2025-11-19;4;3
50;2025-11-19;5;70
50;2025-11-19;6;533
50;2025-11-19;7;1778
50;2025-11-19;8;2936
50;2025-11-19;9;2297
50;2025-11-19;10;1767
50;2025-11-19;11;1620
50;2025-11-19;12;1551
50;2025-11-19;13;1589
50;2025-11-19;14;1547
50;2025-11-19;15;1789
50;2025-11-19;16;1854
50;2025-11-19;17;2494
50;2025-11-19;18;2497
50;2025-11-19;19;1490
50;2025-11-19;20;930
50;2025-11-19;21;646
50;2025-11-19;22;246
50;2025-11-19;23;148
50;2025-11-20;0;25
50;2025-11-20;1;3
50;2025-11-20;2;0
50;2025-11-20;3;0
50;2025-11-20;4;3
50;2025-11-20;5;70
50;2025-11-20;6;533
50;2025-11-20;7;1785
50;2025-11-20;8;2931
50;2025-11-20;9;2285
50;2025-11-20;10;1774
50;2025-11-20;11;1619
50;2025-11-20;12;1563
50;2025-11-20;13;1580
50;2025-11-20;14;1530
50;2025-11-20;15;1794
50;2025-11-20;16;1847
50;2025-11-20;17;2479
50;2025-11-20;18;2528
50;2025-11-20;19;1473
50;2025-11-20;20;955
50;2025-11-20;21;675
50;2025-11-20;22;252
50;2025-11-20;23;157
50;2025-11-21;0;27
50;2025-11-21;1;3
50;2025-11-21;2;0
50;2025-11-21;3;0
50;2025-11-21;4;4
50;2025-11-21;5;70
50;2025-11-21;6;539
50;2025-11-21;7;1783
50;2025-11-21;8;2935
50;2025-11-21;9;2256
50;2025-11-21;10;1732
50;2025-11-21;11;1621
50;2025-11-21;12;1588
50;2025-11-21;13;1623
50;2025-11-21;14;1560
50;2025-11-21;15;1870
50;2025-11-21;16;2015
50;2025-11-21;17;2417
50;2025-11-21;18;2236
50;2025-11-21;19;1385
50;2025-11-21;20;919
50;2025-11-21;21;620
50;2025-11-21;22;261
50;2025-11-21;23;167
50;2025-11-22;0;429
50;2025-11-22;1;3
50;2025-11-22;2;0
50;2025-11-22;3;0
50;2025-11-22;4;1
50;2025-11-22;5;32
50;2025-11-22;6;144
50;2025-11-22;7;375
50;2025-11-22;8;674
50;2025-11-22;9;706
50;2025-11-22;10;673
50;2025-11-22;11;801
50;2025-11-22;12;1026
50;2025-11-22;13;961
50;2025-11-22;14;992
50;2025-11-22;15;906
50;2025-11-22;16;921
50;2025-11-22;17;829
50;2025-11-22;18;715
50;2025-11-22;19;811
50;2025-11-22;20;608
50;2025-11-22;21;434
50;2025-11-22;22;242
50;2025-11-22;23;131
50;2025-11-23;0;41
50;2025-11-23;1;5
50;2025-11-23;2;0
50;2025-11-23;3;0
50;2025-11-23;4;1
50;2025-11-23;5;24
50;2025-11-23;6;106
50;2025-11-23;7;204
50;2025-11-23;8;325
50;2025-11-23;9;405
50;2025-11-23;10;550
50;2025-11-23;11;576
50;2025-11-23;12;591
50;2025-11-23;13;662
50;2025-11-23;14;672
50;2025-11-23;15;616
50;2025-11-23;16;641
50;2025-11-23;17;1185
50;2025-11-23;18;1155
50;2025-11-23;19;897
50;2025-11-23;20;730
50;2025-11-23;21;719
50;2025-11-23;22;764
50;2025-11-23;23;135
50;2025-11-24;0;19
50;2025-11-24;1;3
50;2025-11-24;2;0
50;2025-11-24;3;0
50;2025-11-24;4;3
50;2025-11-24;5;69
50;2025-11-24;6;535
50;2025-11-24;7;1768
50;2025-11-24;8;2926
50;2025-11-24;9;2288
50;2025-11-24;10;1732
50;2025-11-24;11;1582
50;2025-11-24;12;1514
50;2025-11-24;13;1571
50;2025-11-24;14;1510
50;2025-11-24;15;1772
50;2025-11-24;16;1820
50;2025-11-24;17;2452
50;2025-11-24;18;2516
50;2025-11-24;19;1390
50;2025-11-24;20;925
50;2025-11-24;21;628
50;2025-11-24;22;233
50;2025-11-24;23;139
50;2025-11-25;0;20
50;2025-11-25;1;2
50;2025-11-25;2;0
50;2025-11-25;3;0
50;2025-11-25;4;3
50;2025-11-25;5;69
50;2025-11-25;6;546
50;2025-11-25;7;1802
50;2025-11-25;8;2978
50;2025-11-25;9;2300
50;2025-11-25;10;1776
50;2025-11-25;11;1610
50;2025-11-25;12;1557
50;2025-11-25;13;1592
50;2025-11-25;14;1529
50;2025-11-25;15;1797
50;2025-11-25;16;1848
50;2025-11-25;17;2519
50;2025-11-25;18;2526
50;2025-11-25;19;1468
50;2025-11-25;20;944
50;2025-11-25;21;633
50;2025-11-25;22;234
50;2025-11-25;23;143
50;2025-11-26;0;24
50;2025-11-26;1;2
50;2025-11-26;2;0
50;2025-11-26;3;0
50;2025-11-26;4;3
50;2025-11-26;5;73
50;2025-11-26;6;538
50;2025-11-26;7;1779
50;2025-11-26;8;2930
50;2025-11-26;9;2289
50;2025-11-26;10;1758
50;2025-11-26;11;1607
50;2025-11-26;12;1537
50;2025-11-26;13;1575
50;2025-11-26;14;1537
50;2025-11-26;15;1784
50;2025-11-26;16;1847
50;2025-11-26;17;2489
50;2025-11-26;18;2498
50;2025-11-26;19;1491
50;2025-11-26;20;931
50;2025-11-26;21;644
50;2025-11-26;22;249
50;2025-11-26;23;148
50;2025-11-27;0;29
50;2025-11-27;1;2
50;2025-11-27;2;0
50;2025-11-27;3;0
50;2025-11-27;4;3
50;2025-11-27;5;74
50;2025-11-27;6;542
50;2025-11-27;7;1790
50;2025-11-27;8;2919
50;2025-11-27;9;2273
50;2025-11-27;10;1760
50;2025-11-27;11;1603
50;2025-11-27;12;1546
50;2025-11-27;13;1560
50;2025-11-27;14;1508
50;2025-11-27;15;1777
50;2025-11-27;16;1838
50;2025-11-27;17;2463
50;2025-11-27;18;2522
50;2025-11-27;19;1474
50;2025-11-27;20;960
50;2025-11-27;21;676
50;2025-11-27;22;258
50;2025-11-27;23;161
50;2025-11-28;0;29
50;2025-11-28;1;2
50;2025-11-28;2;0
50;2025-11-28;3;0
50;2025-11-28;4;4
50;2025-11-28;5;72
50;2025-11-28;6;540
50;2025-11-28;7;1775
50;2025-11-28;8;2916
50;2025-11-28;9;2243
50;2025-11-28;10;1719
50;2025-11-28;11;1614
50;2025-11-28;12;1579
50;2025-11-28;13;1612
50;2025-11-28;14;1547
50;2025-11-28;15;1857
50;2025-11-28;16;2005
50;2025-11-28;17;2404
50;2025-11-28;18;2227
50;2025-11-28;19;1379
50;2025-11-28;20;916
50;2025-11-28;21;617
50;2025-11-28;22;262
50;2025-11-28;23;170
50;2025-11-29;0;428
50;2025-11-29;1;4
50;2025-11-29;2;0
50;2025-11-29;3;0
50;2025-11-29;4;1
50;2025-11-29;5;31
50;2025-11-29;6;143
50;2025-11-29;7;373
50;2025-11-29;8;673
50;2025-11-29;9;706
50;2025-11-29;10;673
50;2025-11-29;11;803
50;2025-11-29;12;1029
50;2025-11-29;13;964
50;2025-11-29;14;995
50;2025-11-29;15;908
50;2025-11-29;16;923
50;2025-11-29;17;830
50;2025-11-29;18;713
50;2025-11-29;19;809
50;2025-11-29;20;605
50;2025-11-29;21;433
50;2025-11-29;22;241
50;2025-11-29;23;130
50;2025-11-30;0;41
50;2025-11-30;1;5
50;2025-11-30;2;0
50;2025-11-30;3;0
50;2025-11-30;4;1
50;2025-11-30;5;24
50;2025-11-30;6;107
50;2025-11-30;7;205
50;2025-11-30;8;324
50;2025-11-30;9;405
50;2025-11-30;10;548
50;2025-11-30;11;576
50;2025-11-30;12;592
50;2025-11-30;13;662
50;2025-11-30;14;672
50;2025-11-30;15;616
50;2025-11-30;16;642
50;2025-11-30;17;1184
50;2025-11-30;18;1153
50;2025-11-30;19;897
50;2025-11-30;20;730
50;2025-11-30;21;719
50;2025-11-30;22;765
50;2025-11-30;23;135
50;2025-12-01;0;17
50;2025-12-01;1;3
50;2025-12-01;2;0
50;2025-12-01;3;0
50;2025-12-01;4;3
50;2025-12-01;5;66
50;2025-12-01;6;535
50;2025-12-01;7;1777
50;2025-12-01;8;2954
50;2025-12-01;9;2315
50;2025-12-01;10;1755
50;2025-12-01;11;1619
50;2025-12-01;12;1549
50;2025-12-01;13;1603
50;2025-12-01;14;1539
50;2025-12-01;15;1805
50;2025-12-01;16;1850
50;2025-12-01;17;2482
50;2025-12-01;18;2541
50;2025-12-01;19;1466
50;2025-12-01;20;924
50;2025-12-01;21;627
50;2025-12-01;22;229
50;2025-12-01;23;137
50;2025-12-02;0;21
50;2025-12-02;1;3
50;2025-12-02;2;0
50;2025-12-02;3;0
50;2025-12-02;4;3
50;2025-12-02;5;69
50;2025-12-02;6;550
50;2025-12-02;7;1809
50;2025-12-02;8;2984
50;2025-12-02;9;2310
50;2025-12-02;10;1783
50;2025-12-02;11;1620
50;2025-12-02;12;1568
50;2025-12-02;13;1601
50;2025-12-02;14;1535
50;2025-12-02;15;1806
50;2025-12-02;16;1858
50;2025-12-02;17;2529
50;2025-12-02;18;2535
50;2025-12-02;19;1478
50;2025-12-02;20;948
50;2025-12-02;21;635
50;2025-12-02;22;235
50;2025-12-02;23;144
50;2025-12-03;0;23
50;2025-12-03;1;3
50;2025-12-03;2;0
50;2025-12-03;3;0
50;2025-12-03;4;3
50;2025-12-03;5;72
50;2025-12-03;6;539
50;2025-12-03;7;1784
50;2025-12-03;8;2940
50;2025-12-03;9;2306
50;2025-12-03;10;1773
50;2025-12-03;11;1635
50;2025-12-03;12;1566
50;2025-12-03;13;1597
50;2025-12-03;14;1555
50;2025-12-03;15;1799
50;2025-12-03;16;1866
50;2025-12-03;17;2504
50;2025-12-03;18;2507
50;2025-12-03;19;1499
50;2025-12-03;20;931
50;2025-12-03;21;645
50;2025-12-03;22;249
50;2025-12-03;23;150
50;2025-12-04;0;26
50;2025-12-04;1;3
50;2025-12-04;2;0
50;2025-12-04;3;0
50;2025-12-04;4;3
50;2025-12-04;5;72
50;2025-12-04;6;539
50;2025-12-04;7;1791
50;2025-12-04;8;2932
50;2025-12-04;9;2293
50;2025-12-04;10;1776
50;2025-12-04;11;1631
50;2025-12-04;12;1575
50;2025-12-04;13;1585
50;2025-12-04;14;1532
50;2025-12-04;15;1799
50;2025-12-04;16;1857
50;2025-12-04;17;2484
50;2025-12-04;18;2535
50;2025-12-04;19;1484
50;2025-12-04;20;960
50;2025-12-04;21;676
50;2025-12-04;22;256
50;2025-12-04;23;160
50;2025-12-05;0;29
50;2025-12-05;1;3
50;2025-12-05;2;0
50;2025-12-05;3;0
50;2025-12-05;4;3
50;2025-12-05;5;71
50;2025-12-05;6;545
50;2025-12-05;7;1788
50;2025-12-05;8;2935
50;2025-12-05;9;2261
50;2025-12-05;10;1732
50;2025-12-05;11;1634
50;2025-12-05;12;1600
50;2025-12-05;13;1629
50;2025-12-05;14;1564
50;2025-12-05;15;1877
50;2025-12-05;16;2027
50;2025-12-05;17;2421
50;2025-12-05;18;2237
50;2025-12-05;19;1391
50;2025-12-05;20;921
50;2025-12-05;21;620
50;2025-12-05;22;265
50;2025-12-05;23;170
50;2025-12-06;0;424
50;2025-12-06;1;4
50;2025-12-06;2;0
50;2025-12-06;3;0
50;2025-12-06;4;2
50;2025-12-06;5;32
50;2025-12-06;6;144
50;2025-12-06;7;376
50;2025-12-06;8;674
50;2025-12-06;9;710
50;2025-12-06;10;675
50;2025-12-06;11;808
50;2025-12-06;12;1032
50;2025-12-06;13;968
50;2025-12-06;14;997
50;2025-12-06;15;911
50;2025-12-06;16;926
50;2025-12-06;17;833
50;2025-12-06;18;714
50;2025-12-06;19;810
50;2025-12-06;20;606
50;2025-12-06;21;434
50;2025-12-06;22;243
50;2025-12-06;23;131
50;2025-12-07;0;40
50;2025-12-07;1;5
50;2025-12-07;2;0
50;2025-12-07;3;0
50;2025-12-07;4;1
50;2025-12-07;5;22
50;2025-12-07;6;101
50;2025-12-07;7;194
50;2025-12-07;8;305
50;2025-12-07;9;388
50;2025-12-07;10;512
50;2025-12-07;11;546
50;2025-12-07;12;565
50;2025-12-07;13;634
50;2025-12-07;14;644
50;2025-12-07;15;587
50;2025-12-07;16;607
50;2025-12-07;17;1068
50;2025-12-07;18;1037
50;2025-12-07;19;813
50;2025-12-07;20;660
50;2025-12-07;21;644
50;2025-12-07;22;668
50;2025-12-07;23;124
50;2025-12-08;0;18
50;2025-12-08;1;3
50;2025-12-08;2;0
50;2025-12-08;3;0
50;2025-12-08;4;3
50;2025-12-08;5;66
50;2025-12-08;6;535
50;2025-12-08;7;1776
50;2025-12-08;8;2951
50;2025-12-08;9;2316
50;2025-12-08;10;1755
50;2025-12-08;11;1623
50;2025-12-08;12;1553
50;2025-12-08;13;1604
50;2025-12-08;14;1539
50;2025-12-08;15;1805
50;2025-12-08;16;1852
50;2025-12-08;17;2484
50;2025-12-08;18;2545
50;2025-12-08;19;1469
50;2025-12-08;20;924
50;2025-12-08;21;626
50;2025-12-08;22;230
50;2025-12-08;23;138
50;2025-12-09;0;22
50;2025-12-09;1;2
50;2025-12-09;2;0
50;2025-12-09;3;0
50;2025-12-09;4;3
50;2025-12-09;5;69
50;2025-12-09;6;551
50;2025-12-09;7;1808
50;2025-12-09;8;2980
50;2025-12-09;9;2307
50;2025-12-09;10;1781
50;2025-12-09;11;1624
50;2025-12-09;12;1570
50;2025-12-09;13;1601
50;2025-12-09;14;1534
50;2025-12-09;15;1809
50;2025-12-09;16;1858
50;2025-12-09;17;2530
50;2025-12-09;18;2538
50;2025-12-09;19;1479
50;2025-12-09;20;947
50;2025-12-09;21;633
50;2025-12-09;22;237
50;2025-12-09;23;143
50;2025-12-10;0;23
50;2025-12-10;1;3
50;2025-12-10;2;0
50;2025-12-10;3;0
50;2025-12-10;4;3
50;2025-12-10;5;71
50;2025-12-10;6;539
50;2025-12-10;7;1784
50;2025-12-10;8;2940
50;2025-12-10;9;2306
50;2025-12-10;10;1773
50;2025-12-10;11;1639
50;2025-12-10;12;1568
50;2025-12-10;13;1600
50;2025-12-10;14;1556
50;2025-12-10;15;1804
50;2025-12-10;16;1868
50;2025-12-10;17;2509
50;2025-12-10;18;2514
50;2025-12-10;19;1502
50;2025-12-10;20;931
50;2025-12-10;21;644
50;2025-12-10;22;250
50;2025-12-10;23;151
50;2025-12-11;0;30
50;2025-12-11;1;3
50;2025-12-11;2;0
50;2025-12-11;3;0
50;2025-12-11;4;3
50;2025-12-11;5;74
50;2025-12-11;6;545
50;2025-12-11;7;1791
50;2025-12-11;8;2917
50;2025-12-11;9;2278
50;2025-12-11;10;1764
50;2025-12-11;11;1619
50;2025-12-11;12;1562
50;2025-12-11;13;1572
50;2025-12-11;14;1519
50;2025-12-11;15;1792
50;2025-12-11;16;1848
50;2025-12-11;17;2477
50;2025-12-11;18;2533
50;2025-12-11;19;1483
50;2025-12-11;20;962
50;2025-12-11;21;674
50;2025-12-11;22;260
50;2025-12-11;23;161
50;2025-12-12;0;31
50;2025-12-12;1;2
50;2025-12-12;2;0
50;2025-12-12;3;0
50;2025-12-12;4;4
50;2025-12-12;5;73
50;2025-12-12;6;549
50;2025-12-12;7;1786
50;2025-12-12;8;2919
50;2025-12-12;9;2251
50;2025-12-12;10;1726
50;2025-12-12;11;1627
50;2025-12-12;12;1590
50;2025-12-12;13;1621
50;2025-12-12;14;1554
50;2025-12-12;15;1870
50;2025-12-12;16;2019
50;2025-12-12;17;2413
50;2025-12-12;18;2235
50;2025-12-12;19;1390
50;2025-12-12;20;921
50;2025-12-12;21;617
50;2025-12-12;22;266
50;2025-12-12;23;170
50;2025-12-13;0;424
50;2025-12-13;1;4
50;2025-12-13;2;0
50;2025-12-13;3;0
50;2025-12-13;4;2
50;2025-12-13;5;31
50;2025-12-13;6;143
50;2025-12-13;7;373
50;2025-12-13;8;673
50;2025-12-13;9;708
50;2025-12-13;10;675
50;2025-12-13;11;809
50;2025-12-13;12;1033
50;2025-12-13;13;969
50;2025-12-13;14;1000
50;2025-12-13;15;916
50;2025-12-13;16;925
50;2025-12-13;17;836
50;2025-12-13;18;716
50;2025-12-13;19;809
50;2025-12-13;20;602
50;2025-12-13;21;433
50;2025-12-13;22;242
50;2025-12-13;23;129
50;2025-12-14;0;40
50;2025-12-14;1;5
50;2025-12-14;2;0
50;2025-12-14;3;0
50;2025-12-14;4;1
50;2025-12-14;5;22
50;2025-12-14;6;100
50;2025-12-14;7;192
50;2025-12-14;8;305
50;2025-12-14;9;386
50;2025-12-14;10;512
50;2025-12-14;11;547
50;2025-12-14;12;566
50;2025-12-14;13;634
50;2025-12-14;14;645
50;2025-12-14;15;590
50;2025-12-14;16;606
50;2025-12-14;17;1070
50;2025-12-14;18;1038
50;2025-12-14;19;812
50;2025-12-14;20;657
50;2025-12-14;21;643
50;2025-12-14;22;668
50;2025-12-14;23;123
50;2025-12-15;0;19
50;2025-12-15;1;3
50;2025-12-15;2;0
50;2025-12-15;3;0
50;2025-12-15;4;3
50;2025-12-15;5;67
50;2025-12-15;6;539
50;2025-12-15;7;1777
50;2025-12-15;8;2953
50;2025-12-15;9;2315
50;2025-12-15;10;1760
50;2025-12-15;11;1636
50;2025-12-15;12;1556
50;2025-12-15;13;1609
50;2025-12-15;14;1545
50;2025-12-15;15;1824
50;2025-12-15;16;1850
50;2025-12-15;17;2501
50;2025-12-15;18;2562
50;2025-12-15;19;1474
50;2025-12-15;20;922
50;2025-12-15;21;627
50;2025-12-15;22;235
50;2025-12-15;23;136
50;2025-12-16;0;23
50;2025-12-16;1;2
50;2025-12-16;2;0
50;2025-12-16;3;0
50;2025-12-16;4;3
50;2025-12-16;5;70
50;2025-12-16;6;558
50;2025-12-16;7;1819
50;2025-12-16;8;2989
50;2025-12-16;9;2316
50;2025-12-16;10;1789
50;2025-12-16;11;1635
50;2025-12-16;12;1577
50;2025-12-16;13;1607
50;2025-12-16;14;1540
50;2025-12-16;15;1818
50;2025-12-16;16;1866
50;2025-12-16;17;2545
50;2025-12-16;18;2556
50;2025-12-16;19;1490
50;2025-12-16;20;953
50;2025-12-16;21;636
50;2025-12-16;22;242
50;2025-12-16;23;146
50;2025-12-17;0;24
50;2025-12-17;1;3
50;2025-12-17;2;0
50;2025-12-17;3;0
50;2025-12-17;4;3
50;2025-12-17;5;72
50;2025-12-17;6;543
50;2025-12-17;7;1787
50;2025-12-17;8;2935
50;2025-12-17;9;2307
50;2025-12-17;10;1773
50;2025-12-17;11;1647
50;2025-12-17;12;1573
50;2025-12-17;13;1602
50;2025-12-17;14;1555
50;2025-12-17;15;1806
50;2025-12-17;16;1872
50;2025-12-17;17;2513
50;2025-12-17;18;2519
50;2025-12-17;19;1505
50;2025-12-17;20;931
50;2025-12-17;21;645
50;2025-12-17;22;253
50;2025-12-17;23;151
50;2025-12-18;0;28
50;2025-12-18;1;3
50;2025-12-18;2;0
50;2025-12-18;3;0
50;2025-12-18;4;3
50;2025-12-18;5;72
50;2025-12-18;6;542
50;2025-12-18;7;1793
50;2025-12-18;8;2927
50;2025-12-18;9;2293
50;2025-12-18;10;1778
50;2025-12-18;11;1643
50;2025-12-18;12;1583
50;2025-12-18;13;1592
50;2025-12-18;14;1533
50;2025-12-18;15;1808
50;2025-12-18;16;1862
50;2025-12-18;17;2494
50;2025-12-18;18;2547
50;2025-12-18;19;1488
50;2025-12-18;20;958
50;2025-12-18;21;674
50;2025-12-18;22;259
50;2025-12-18;23;160
50;2025-12-19;0;30
50;2025-12-19;1;2
50;2025-12-19;2;0
50;2025-12-19;3;0
50;2025-12-19;4;4
50;2025-12-19;5;71
50;2025-12-19;6;548
50;2025-12-19;7;1791
50;2025-12-19;8;2932
50;2025-12-19;9;2265
50;2025-12-19;10;1737
50;2025-12-19;11;1648
50;2025-12-19;12;1608
50;2025-12-19;13;1638
50;2025-12-19;14;1567
50;2025-12-19;15;1889
50;2025-12-19;16;2033
50;2025-12-19;17;2435
50;2025-12-19;18;2253
50;2025-12-19;19;1397
50;2025-12-19;20;920
50;2025-12-19;21;618
50;2025-12-19;22;266
50;2025-12-19;23;169
50;2025-12-20;0;424
50;2025-12-20;1;4
50;2025-12-20;2;0
50;2025-12-20;3;0
50;2025-12-20;4;2
50;2025-12-20;5;30
50;2025-12-20;6;142
50;2025-12-20;7;373
50;2025-12-20;8;672
50;2025-12-20;9;710
50;2025-12-20;10;675
50;2025-12-20;11;810
50;2025-12-20;12;1035
50;2025-12-20;13;971
50;2025-12-20;14;1001
50;2025-12-20;15;915
50;2025-12-20;16;927
50;2025-12-20;17;835
50;2025-12-20;18;713
50;2025-12-20;19;808
50;2025-12-20;20;602
50;2025-12-20;21;433
50;2025-12-20;22;242
50;2025-12-20;23;129
50;2025-12-21;0;40
50;2025-12-21;1;5
50;2025-12-21;2;0
50;2025-12-21;3;0
50;2025-12-21;4;1
50;2025-12-21;5;22
50;2025-12-21;6;100
50;2025-12-21;7;193
50;2025-12-21;8;304
50;2025-12-21;9;388
50;2025-12-21;10;511
50;2025-12-21;11;547
50;2025-12-21;12;567
50;2025-12-21;13;636
50;2025-12-21;14;646
50;2025-12-21;15;588
50;2025-12-21;16;609
50;2025-12-21;17;1068
50;2025-12-21;18;1035
50;2025-12-21;19;812
50;2025-12-21;20;658
50;2025-12-21;21;643
50;2025-12-21;22;668
50;2025-12-21;23;123
50;2025-12-22;0;20
50;2025-12-22;1;3
50;2025-12-22;2;0
50;2025-12-22;3;0
50;2025-12-22;4;3
50;2025-12-22;5;68
50;2025-12-22;6;541
50;2025-12-22;7;1781
50;2025-12-22;8;2943
50;2025-12-22;9;2312
50;2025-12-22;10;1755
50;2025-12-22;11;1631
50;2025-12-22;12;1554
50;2025-12-22;13;1606
50;2025-12-22;14;1536
50;2025-12-22;15;1809
50;2025-12-22;16;1852
50;2025-12-22;17;2490
50;2025-12-22;18;2553
50;2025-12-22;19;1473
50;2025-12-22;20;925
50;2025-12-22;21;624
50;2025-12-22;22;235
50;2025-12-22;23;139
50;2025-12-23;0;24
50;2025-12-23;1;2
50;2025-12-23;2;0
50;2025-12-23;3;0
50;2025-12-23;4;3
50;2025-12-23;5;70
50;2025-12-23;6;557
50;2025-12-23;7;1810
50;2025-12-23;8;2982
50;2025-12-23;9;2304
50;2025-12-23;10;1786
50;2025-12-23;11;1644
50;2025-12-23;12;1577
50;2025-12-23;13;1604
50;2025-12-23;14;1541
50;2025-12-23;15;1837
50;2025-12-23;16;1855
50;2025-12-23;17;2557
50;2025-12-23;18;2567
50;2025-12-23;19;1485
50;2025-12-23;20;940
50;2025-12-23;21;633
50;2025-12-23;22;245
50;2025-12-23;23;142
50;2025-12-24;0;26
50;2025-12-24;1;3
50;2025-12-24;2;0
50;2025-12-24;3;0
50;2025-12-24;4;3
50;2025-12-24;5;71
50;2025-12-24;6;544
50;2025-12-24;7;1788
50;2025-12-24;8;2945
50;2025-12-24;9;2307
50;2025-12-24;10;1780
50;2025-12-24;11;1661
50;2025-12-24;12;1578
50;2025-12-24;13;1605
50;2025-12-24;14;1565
50;2025-12-24;15;1832
50;2025-12-24;16;1868
50;2025-12-24;17;2539
50;2025-12-24;18;2544
50;2025-12-24;19;1516
50;2025-12-24;20;935
50;2025-12-24;21;650
50;2025-12-24;22;261
50;2025-12-24;23;150
50;2025-12-25;0;30
50;2025-12-25;1;3
50;2025-12-25;2;0
50;2025-12-25;3;0
50;2025-12-25;4;3
50;2025-12-25;5;73
50;2025-12-25;6;546
50;2025-12-25;7;1794
50;2025-12-25;8;2922
50;2025-12-25;9;2288
50;2025-12-25;10;1774
50;2025-12-25;11;1645
50;2025-12-25;12;1580
50;2025-12-25;13;1588
50;2025-12-25;14;1530
50;2025-12-25;15;1813
50;2025-12-25;16;1858
50;2025-12-25;17;2498
50;2025-12-25;18;2551
50;2025-12-25;19;1489
50;2025-12-25;20;956
50;2025-12-25;21;672
50;2025-12-25;22;263
50;2025-12-25;23;160
50;2025-12-26;0;33
50;2025-12-26;1;3
50;2025-12-26;2;0
50;2025-12-26;3;0
50;2025-12-26;4;4
50;2025-12-26;5;74
50;2025-12-26;6;552
50;2025-12-26;7;1782
50;2025-12-26;8;2896
50;2025-12-26;9;2234
50;2025-12-26;10;1713
50;2025-12-26;11;1622
50;2025-12-26;12;1580
50;2025-12-26;13;1609
50;2025-12-26;14;1541
50;2025-12-26;15;1865
50;2025-12-26;16;2013
50;2025-12-26;17;2409
50;2025-12-26;18;2234
50;2025-12-26;19;1390
50;2025-12-26;20;917
50;2025-12-26;21;614
50;2025-12-26;22;271
50;2025-12-26;23;171
50;2025-12-27;0;424
50;2025-12-27;1;4
50;2025-12-27;2;0
50;2025-12-27;3;0
50;2025-12-27;4;2
50;2025-12-27;5;30
50;2025-12-27;6;142
50;2025-12-27;7;373
50;2025-12-27;8;671
50;2025-12-27;9;710
50;2025-12-27;10;674
50;2025-12-27;11;810
50;2025-12-27;12;1036
50;2025-12-27;13;971
50;2025-12-27;14;1002
50;2025-12-27;15;916
50;2025-12-27;16;927
50;2025-12-27;17;835
50;2025-12-27;18;713
50;2025-12-27;19;808
50;2025-12-27;20;601
50;2025-12-27;21;433
50;2025-12-27;22;242
50;2025-12-27;23;129
50;2025-12-28;0;40
50;2025-12-28;1;5
50;2025-12-28;2;0
50;2025-12-28;3;0
50;2025-12-28;4;1
50;2025-12-28;5;21
50;2025-12-28;6;100
50;2025-12-28;7;193
50;2025-12-28;8;303
50;2025-12-28;9;372
50;2025-12-28;10;448
50;2025-12-28;11;547
50;2025-12-28;12;567
50;2025-12-28;13;636
50;2025-12-28;14;646
50;2025-12-28;15;589
50;2025-12-28;16;608
50;2025-12-28;17;1070
50;2025-12-28;18;1036
50;2025-12-28;19;813
50;2025-12-28;20;657
50;2025-12-28;21;643
50;2025-12-28;22;668
50;2025-12-28;23;123
50;2025-12-29;0;18
50;2025-12-29;1;2
50;2025-12-29;2;0
50;2025-12-29;3;0
50;2025-12-29;4;3
50;2025-12-29;5;58
50;2025-12-29;6;473
50;2025-12-29;7;1544
50;2025-12-29;8;2547
50;2025-12-29;9;2000
50;2025-12-29;10;1521
50;2025-12-29;11;1419
50;2025-12-29;12;1348
50;2025-12-29;13;1391
50;2025-12-29;14;1331
50;2025-12-29;15;1575
50;2025-12-29;16;1603
50;2025-12-29;17;2162
50;2025-12-29;18;2218
50;2025-12-29;19;1279
50;2025-12-29;20;799
50;2025-12-29;21;541
50;2025-12-29;22;207
50;2025-12-29;23;120
50;2025-12-30;0;23
50;2025-12-30;1;2
50;2025-12-30;2;0
50;2025-12-30;3;0
50;2025-12-30;4;3
50;2025-12-30;5;62
50;2025-12-30;6;487
50;2025-12-30;7;1574
50;2025-12-30;8;2563
50;2025-12-30;9;1987
50;2025-12-30;10;1539
50;2025-12-30;11;1414
50;2025-12-30;12;1357
50;2025-12-30;13;1384
50;2025-12-30;14;1325
50;2025-12-30;15;1574
50;2025-12-30;16;1610
50;2025-12-30;17;2195
50;2025-12-30;18;2201
50;2025-12-30;19;1289
50;2025-12-30;20;821
50;2025-12-30;21;548
50;2025-12-30;22;214
50;2025-12-30;23;126
50;2025-12-31;0;34
50;2025-12-31;1;4
50;2025-12-31;2;0
50;2025-12-31;3;0
50;2025-12-31;4;1
50;2025-12-31;5;19
50;2025-12-31;6;85
50;2025-12-31;7;163
50;2025-12-31;8;257
50;2025-12-31;9;332
50;2025-12-31;10;438
50;2025-12-31;11;469
50;2025-12-31;12;482
50;2025-12-31;13;542
50;2025-12-31;14;554
50;2025-12-31;15;502
50;2025-12-31;16;514
50;2025-12-31;17;918
50;2025-12-31;18;891
50;2025-12-31;19;700
50;2025-12-31;20;0
50;2025-12-31;21;0
50;2025-12-31;22;0
50;2025-12-31;23;0
