route;date;hour;prediction
1;2025-11-01;0;4
1;2025-11-01;1;0
1;2025-11-01;2;0
1;2025-11-01;3;0
1;2025-11-01;4;7
1;2025-11-01;5;109
1;2025-11-01;6;435
1;2025-11-01;7;1306
1;2025-11-01;8;1681
1;2025-11-01;9;1331
1;2025-11-01;10;1274
1;2025-11-01;11;1287
1;2025-11-01;12;1338
1;2025-11-01;13;1395
1;2025-11-01;14;1324
1;2025-11-01;15;1406
1;2025-11-01;16;1413
1;2025-11-01;17;1621
1;2025-11-01;18;1557
1;2025-11-01;19;1198
1;2025-11-01;20;782
1;2025-11-01;21;433
1;2025-11-01;22;165
1;2025-11-01;23;34
1;2025-11-02;0;0
1;2025-11-02;1;0
1;2025-11-02;2;0
1;2025-11-02;3;0
1;2025-11-02;4;0
1;2025-11-02;5;23
1;2025-11-02;6;120
1;2025-11-02;7;285
1;2025-11-02;8;388
1;2025-11-02;9;637
1;2025-11-02;10;737
1;2025-11-02;11;780
1;2025-11-02;12;876
1;2025-11-02;13;932
1;2025-11-02;14;864
1;2025-11-02;15;782
1;2025-11-02;16;701
1;2025-11-02;17;639
1;2025-11-02;18;563
1;2025-11-02;19;475
1;2025-11-02;20;360
1;2025-11-02;21;272
1;2025-11-02;22;98
1;2025-11-02;23;27
1;2025-11-03;0;0
1;2025-11-03;1;0
1;2025-11-03;2;0
1;2025-11-03;3;0
1;2025-11-03;4;0
1;2025-11-03;5;26
1;2025-11-03;6;129
1;2025-11-03;7;322
1;2025-11-03;8;420
1;2025-11-03;9;604
1;2025-11-03;10;678
1;2025-11-03;11;690
1;2025-11-03;12;796
1;2025-11-03;13;858
1;2025-11-03;14;802
1;2025-11-03;15;720
1;2025-11-03;16;659
1;2025-11-03;17;652
1;2025-11-03;18;591
1;2025-11-03;19;492
1;2025-11-03;20;364
1;2025-11-03;21;269
1;2025-11-03;22;100
1;2025-11-03;23;26
1;2025-11-04;0;0
1;2025-11-04;1;0
1;2025-11-04;2;0
1;2025-11-04;3;0
1;2025-11-04;4;0
1;2025-11-04;5;26
1;2025-11-04;6;123
1;2025-11-04;7;308
1;2025-11-04;8;393
1;2025-11-04;9;592
1;2025-11-04;10;667
1;2025-11-04;11;665
1;2025-11-04;12;778
1;2025-11-04;13;839
1;2025-11-04;14;773
1;2025-11-04;15;684
1;2025-11-04;16;636
1;2025-11-04;17;613
1;2025-11-04;18;552
1;2025-11-04;19;467
1;2025-11-04;20;354
1;2025-11-04;21;265
1;2025-11-04;22;100
1;2025-11-04;23;26
1;2025-11-05;0;4
1;2025-11-05;1;0
1;2025-11-05;2;0
1;2025-11-05;3;0
1;2025-11-05;4;9
1;2025-11-05;5;130
1;2025-11-05;6;524
1;2025-11-05;7;1536
1;2025-11-05;8;2002
1;2025-11-05;9;1512
1;2025-11-05;10;1401
1;2025-11-05;11;1414
1;2025-11-05;12;1459
1;2025-11-05;13;1539
1;2025-11-05;14;1454
1;2025-11-05;15;1577
1;2025-11-05;16;1582
1;2025-11-05;17;1892
1;2025-11-05;18;1877
1;2025-11-05;19;1429
1;2025-11-05;20;916
1;2025-11-05;21;489
1;2025-11-05;22;195
1;2025-11-05;23;39
1;2025-11-06;0;5
1;2025-11-06;1;0
1;2025-11-06;2;0
1;2025-11-06;3;0
1;2025-11-06;4;9
1;2025-11-06;5;128
1;2025-11-06;6;517
1;2025-11-06;7;1548
1;2025-11-06;8;2011
1;2025-11-06;9;1527
1;2025-11-06;10;1433
1;2025-11-06;11;1421
1;2025-11-06;12;1483
1;2025-11-06;13;1538
1;2025-11-06;14;1467
1;2025-11-06;15;1582
1;2025-11-06;16;1602
1;2025-11-06;17;1897
1;2025-11-06;18;1888
1;2025-11-06;19;1424
1;2025-11-06;20;919
1;2025-11-06;21;496
1;2025-11-06;22;190
1;2025-11-06;23;41
1;2025-11-07;0;5
1;2025-11-07;1;0
1;2025-11-07;2;0
1;2025-11-07;3;0
1;2025-11-07;4;8
1;2025-11-07;5;136
1;2025-11-07;6;514
1;2025-11-07;7;1550
1;2025-11-07;8;1945
1;2025-11-07;9;1503
1;2025-11-07;10;1397
1;2025-11-07;11;1457
1;2025-11-07;12;1470
1;2025-11-07;13;1555
1;2025-11-07;14;1494
1;2025-11-07;15;1640
1;2025-11-07;16;1685
1;2025-11-07;17;1904
1;2025-11-07;18;1675
1;2025-11-07;19;1305
1;2025-11-07;20;869
1;2025-11-07;21;509
1;2025-11-07;22;206
1;2025-11-07;23;49
1;2025-11-08;0;5
1;2025-11-08;1;0
1;2025-11-08;2;0
1;2025-11-08;3;0
1;2025-11-08;4;0
1;2025-11-08;5;30
1;2025-11-08;6;163
1;2025-11-08;7;371
1;2025-11-08;8;506
1;2025-11-08;9;774
1;2025-11-08;10;919
1;2025-11-08;11;908
1;2025-11-08;12;1076
1;2025-11-08;13;1132
1;2025-11-08;14;1038
1;2025-11-08;15;927
1;2025-11-08;16;817
1;2025-11-08;17;763
1;2025-11-08;18;649
1;2025-11-08;19;566
1;2025-11-08;20;441
1;2025-11-08;21;312
1;2025-11-08;22;122
1;2025-11-08;23;28
1;2025-11-09;0;0
1;2025-11-09;1;0
1;2025-11-09;2;0
1;2025-11-09;3;0
1;2025-11-09;4;0
1;2025-11-09;5;23
1;2025-11-09;6;121
1;2025-11-09;7;285
1;2025-11-09;8;382
1;2025-11-09;9;628
1;2025-11-09;10;728
1;2025-11-09;11;768
1;2025-11-09;12;867
1;2025-11-09;13;926
1;2025-11-09;14;867
1;2025-11-09;15;770
1;2025-11-09;16;687
1;2025-11-09;17;633
1;2025-11-09;18;560
1;2025-11-09;19;471
1;2025-11-09;20;361
1;2025-11-09;21;272
1;2025-11-09;22;101
1;2025-11-09;23;27
1;2025-11-10;0;3
1;2025-11-10;1;0
1;2025-11-10;2;0
1;2025-11-10;3;0
1;2025-11-10;4;9
1;2025-11-10;5;131
1;2025-11-10;6;524
1;2025-11-10;7;1552
1;2025-11-10;8;1998
1;2025-11-10;9;1491
1;2025-11-10;10;1380
1;2025-11-10;11;1391
1;2025-11-10;12;1454
1;2025-11-10;13;1518
1;2025-11-10;14;1469
1;2025-11-10;15;1593
1;2025-11-10;16;1602
1;2025-11-10;17;1933
1;2025-11-10;18;1928
1;2025-11-10;19;1446
1;2025-11-10;20;914
1;2025-11-10;21;482
1;2025-11-10;22;174
1;2025-11-10;23;35
1;2025-11-11;0;5
1;2025-11-11;1;0
1;2025-11-11;2;0
1;2025-11-11;3;0
1;2025-11-11;4;10
1;2025-11-11;5;128
1;2025-11-11;6;528
1;2025-11-11;7;1585
1;2025-11-11;8;2015
1;2025-11-11;9;1548
1;2025-11-11;10;1449
1;2025-11-11;11;1450
1;2025-11-11;12;1495
1;2025-11-11;13;1557
1;2025-11-11;14;1469
1;2025-11-11;15;1581
1;2025-11-11;16;1594
1;2025-11-11;17;1900
1;2025-11-11;18;1894
1;2025-11-11;19;1442
1;2025-11-11;20;923
1;2025-11-11;21;496
1;2025-11-11;22;188
1;2025-11-11;23;42
1;2025-11-12;0;4
1;2025-11-12;1;0
1;2025-11-12;2;0
1;2025-11-12;3;0
1;2025-11-12;4;10
1;2025-11-12;5;133
1;2025-11-12;6;533
1;2025-11-12;7;1546
1;2025-11-12;8;2011
1;2025-11-12;9;1531
1;2025-11-12;10;1425
1;2025-11-12;11;1431
1;2025-11-12;12;1478
1;2025-11-12;13;1570
1;2025-11-12;14;1477
1;2025-11-12;15;1604
1;2025-11-12;16;1596
1;2025-11-12;17;1911
1;2025-11-12;18;1885
1;2025-11-12;19;1437
1;2025-11-12;20;926
1;2025-11-12;21;492
1;2025-11-12;22;198
1;2025-11-12;23;39
1;2025-11-13;0;5
1;2025-11-13;1;0
1;2025-11-13;2;0
1;2025-11-13;3;0
1;2025-11-13;4;9
1;2025-11-13;5;127
1;2025-11-13;6;521
1;2025-11-13;7;1565
1;2025-11-13;8;2022
1;2025-11-13;9;1539
1;2025-11-13;10;1463
1;2025-11-13;11;1462
1;2025-11-13;12;1520
1;2025-11-13;13;1588
1;2025-11-13;14;1513
1;2025-11-13;15;1629
1;2025-11-13;16;1632
1;2025-11-13;17;1927
1;2025-11-13;18;1920
1;2025-11-13;19;1440
1;2025-11-13;20;934
1;2025-11-13;21;506
1;2025-11-13;22;193
1;2025-11-13;23;41
1;2025-11-14;0;5
1;2025-11-14;1;0
1;2025-11-14;2;0
1;2025-11-14;3;0
1;2025-11-14;4;8
1;2025-11-14;5;139
1;2025-11-14;6;520
1;2025-11-14;7;1566
1;2025-11-14;8;1957
1;2025-11-14;9;1531
1;2025-11-14;10;1428
1;2025-11-14;11;1485
1;2025-11-14;12;1504
1;2025-11-14;13;1596
1;2025-11-14;14;1528
1;2025-11-14;15;1684
1;2025-11-14;16;1716
1;2025-11-14;17;1938
1;2025-11-14;18;1691
1;2025-11-14;19;1325
1;2025-11-14;20;883
1;2025-11-14;21;508
1;2025-11-14;22;206
1;2025-11-14;23;49
1;2025-11-15;0;5
1;2025-11-15;1;0
1;2025-11-15;2;0
1;2025-11-15;3;0
1;2025-11-15;4;0
1;2025-11-15;5;31
1;2025-11-15;6;162
1;2025-11-15;7;359
1;2025-11-15;8;486
1;2025-11-15;9;740
1;2025-11-15;10;877
1;2025-11-15;11;867
1;2025-11-15;12;1049
1;2025-11-15;13;1106
1;2025-11-15;14;1014
1;2025-11-15;15;903
1;2025-11-15;16;798
1;2025-11-15;17;739
1;2025-11-15;18;636
1;2025-11-15;19;556
1;2025-11-15;20;427
1;2025-11-15;21;305
1;2025-11-15;22;120
1;2025-11-15;23;28
1;2025-11-16;0;0
1;2025-11-16;1;0
1;2025-11-16;2;0
1;2025-11-16;3;0
1;2025-11-16;4;0
1;2025-11-16;5;24
1;2025-11-16;6;121
1;2025-11-16;7;284
1;2025-11-16;8;383
1;2025-11-16;9;630
1;2025-11-16;10;734
1;2025-11-16;11;784
1;2025-11-16;12;883
1;2025-11-16;13;943
1;2025-11-16;14;874
1;2025-11-16;15;784
1;2025-11-16;16;703
1;2025-11-16;17;636
1;2025-11-16;18;563
1;2025-11-16;19;478
1;2025-11-16;20;365
1;2025-11-16;21;275
1;2025-11-16;22;103
1;2025-11-16;23;30
1;2025-11-17;0;3
1;2025-11-17;1;0
1;2025-11-17;2;0
1;2025-11-17;3;0
1;2025-11-17;4;9
1;2025-11-17;5;132
1;2025-11-17;6;524
1;2025-11-17;7;1543
1;2025-11-17;8;1972
1;2025-11-17;9;1487
1;2025-11-17;10;1375
1;2025-11-17;11;1383
1;2025-11-17;12;1452
1;2025-11-17;13;1512
1;2025-11-17;14;1444
1;2025-11-17;15;1582
1;2025-11-17;16;1592
1;2025-11-17;17;1915
1;2025-11-17;18;1911
1;2025-11-17;19;1455
1;2025-11-17;20;921
1;2025-11-17;21;479
1;2025-11-17;22;181
1;2025-11-17;23;38
1;2025-11-18;0;5
1;2025-11-18;1;0
1;2025-11-18;2;0
1;2025-11-18;3;0
1;2025-11-18;4;9
1;2025-11-18;5;127
1;2025-11-18;6;526
1;2025-11-18;7;1540
1;2025-11-18;8;1860
1;2025-11-18;9;1514
1;2025-11-18;10;1403
1;2025-11-18;11;1385
1;2025-11-18;12;1475
1;2025-11-18;13;1522
1;2025-11-18;14;1445
1;2025-11-18;15;1541
1;2025-11-18;16;1574
1;2025-11-18;17;1870
1;2025-11-18;18;1876
1;2025-11-18;19;1445
1;2025-11-18;20;921
1;2025-11-18;21;483
1;2025-11-18;22;188
1;2025-11-18;23;41
1;2025-11-19;0;4
1;2025-11-19;1;0
1;2025-11-19;2;0
1;2025-11-19;3;0
1;2025-11-19;4;10
1;2025-11-19;5;136
1;2025-11-19;6;536
1;2025-11-19;7;1553
1;2025-11-19;8;2027
1;2025-11-19;9;1551
1;2025-11-19;10;1466
1;2025-11-19;11;1477
1;2025-11-19;12;1519
1;2025-11-19;13;1629
1;2025-11-19;14;1521
1;2025-11-19;15;1669
1;2025-11-19;16;1634
1;2025-11-19;17;1940
1;2025-11-19;18;1904
1;2025-11-19;19;1460
1;2025-11-19;20;942
1;2025-11-19;21;501
1;2025-11-19;22;200
1;2025-11-19;23;40
1;2025-11-20;0;4
1;2025-11-20;1;0
1;2025-11-20;2;0
1;2025-11-20;3;0
1;2025-11-20;4;9
1;2025-11-20;5;130
1;2025-11-20;6;527
1;2025-11-20;7;1574
1;2025-11-20;8;2031
1;2025-11-20;9;1552
1;2025-11-20;10;1486
1;2025-11-20;11;1485
1;2025-11-20;12;1544
1;2025-11-20;13;1626
1;2025-11-20;14;1535
1;2025-11-20;15;1671
1;2025-11-20;16;1658
1;2025-11-20;17;1947
1;2025-11-20;18;1925
1;2025-11-20;19;1452
1;2025-11-20;20;940
1;2025-11-20;21;506
1;2025-11-20;22;194
1;2025-11-20;23;41
1;2025-11-21;0;5
1;2025-11-21;1;0
1;2025-11-21;2;0
1;2025-11-21;3;0
1;2025-11-21;4;8
1;2025-11-21;5;138
1;2025-11-21;6;522
1;2025-11-21;7;1559
1;2025-11-21;8;1941
1;2025-11-21;9;1522
1;2025-11-21;10;1434
1;2025-11-21;11;1500
1;2025-11-21;12;1515
1;2025-11-21;13;1614
1;2025-11-21;14;1522
1;2025-11-21;15;1696
1;2025-11-21;16;1718
1;2025-11-21;17;1928
1;2025-11-21;18;1682
1;2025-11-21;19;1308
1;2025-11-21;20;877
1;2025-11-21;21;507
1;2025-11-21;22;207
1;2025-11-21;23;51
1;2025-11-22;0;5
1;2025-11-22;1;0
1;2025-11-22;2;0
1;2025-11-22;3;0
1;2025-11-22;4;0
1;2025-11-22;5;30
1;2025-11-22;6;160
1;2025-11-22;7;360
1;2025-11-22;8;488
1;2025-11-22;9;749
1;2025-11-22;10;888
1;2025-11-22;11;884
1;2025-11-22;12;1064
1;2025-11-22;13;1117
1;2025-11-22;14;1023
1;2025-11-22;15;905
1;2025-11-22;16;808
1;2025-11-22;17;744
1;2025-11-22;18;638
1;2025-11-22;19;555
1;2025-11-22;20;430
1;2025-11-22;21;304
1;2025-11-22;22;118
1;2025-11-22;23;27
1;2025-11-23;0;0
1;2025-11-23;1;0
1;2025-11-23;2;0
1;2025-11-23;3;0
1;2025-11-23;4;0
1;2025-11-23;5;23
1;2025-11-23;6;120
1;2025-11-23;7;279
1;2025-11-23;8;376
1;2025-11-23;9;623
1;2025-11-23;10;722
1;2025-11-23;11;774
1;2025-11-23;12;873
1;2025-11-23;13;927
1;2025-11-23;14;857
1;2025-11-23;15;768
1;2025-11-23;16;696
1;2025-11-23;17;628
1;2025-11-23;18;555
1;2025-11-23;19;469
1;2025-11-23;20;358
1;2025-11-23;21;274
1;2025-11-23;22;102
1;2025-11-23;23;29
1;2025-11-24;0;3
1;2025-11-24;1;0
1;2025-11-24;2;0
1;2025-11-24;3;0
1;2025-11-24;4;9
1;2025-11-24;5;130
1;2025-11-24;6;520
1;2025-11-24;7;1508
1;2025-11-24;8;1943
1;2025-11-24;9;1469
1;2025-11-24;10;1360
1;2025-11-24;11;1360
1;2025-11-24;12;1454
1;2025-11-24;13;1521
1;2025-11-24;14;1459
1;2025-11-24;15;1601
1;2025-11-24;16;1612
1;2025-11-24;17;1911
1;2025-11-24;18;1915
1;2025-11-24;19;1467
1;2025-11-24;20;922
1;2025-11-24;21;479
1;2025-11-24;22;176
1;2025-11-24;23;37
1;2025-11-25;0;5
1;2025-11-25;1;0
1;2025-11-25;2;0
1;2025-11-25;3;0
1;2025-11-25;4;9
1;2025-11-25;5;129
1;2025-11-25;6;533
1;2025-11-25;7;1591
1;2025-11-25;8;2020
1;2025-11-25;9;1572
1;2025-11-25;10;1492
1;2025-11-25;11;1489
1;2025-11-25;12;1527
1;2025-11-25;13;1623
1;2025-11-25;14;1518
1;2025-11-25;15;1661
1;2025-11-25;16;1632
1;2025-11-25;17;1935
1;2025-11-25;18;1909
1;2025-11-25;19;1466
1;2025-11-25;20;939
1;2025-11-25;21;504
1;2025-11-25;22;190
1;2025-11-25;23;44
1;2025-11-26;0;5
1;2025-11-26;1;0
1;2025-11-26;2;0
1;2025-11-26;3;0
1;2025-11-26;4;10
1;2025-11-26;5;132
1;2025-11-26;6;536
1;2025-11-26;7;1528
1;2025-11-26;8;1992
1;2025-11-26;9;1514
1;2025-11-26;10;1430
1;2025-11-26;11;1429
1;2025-11-26;12;1485
1;2025-11-26;13;1595
1;2025-11-26;14;1492
1;2025-11-26;15;1645
1;2025-11-26;16;1601
1;2025-11-26;17;1902
1;2025-11-26;18;1871
1;2025-11-26;19;1424
1;2025-11-26;20;917
1;2025-11-26;21;489
1;2025-11-26;22;195
1;2025-11-26;23;39
1;2025-11-27;0;4
1;2025-11-27;1;0
1;2025-11-27;2;0
1;2025-11-27;3;0
1;2025-11-27;4;10
1;2025-11-27;5;129
1;2025-11-27;6;527
1;2025-11-27;7;1557
1;2025-11-27;8;2006
1;2025-11-27;9;1537
1;2025-11-27;10;1465
1;2025-11-27;11;1445
1;2025-11-27;12;1521
1;2025-11-27;13;1600
1;2025-11-27;14;1498
1;2025-11-27;15;1641
1;2025-11-27;16;1622
1;2025-11-27;17;1919
1;2025-11-27;18;1899
1;2025-11-27;19;1413
1;2025-11-27;20;923
1;2025-11-27;21;493
1;2025-11-27;22;191
1;2025-11-27;23;41
1;2025-11-28;0;6
1;2025-11-28;1;0
1;2025-11-28;2;0
1;2025-11-28;3;0
1;2025-11-28;4;8
1;2025-11-28;5;138
1;2025-11-28;6;522
1;2025-11-28;7;1549
1;2025-11-28;8;1935
1;2025-11-28;9;1515
1;2025-11-28;10;1436
1;2025-11-28;11;1491
1;2025-11-28;12;1512
1;2025-11-28;13;1624
1;2025-11-28;14;1550
1;2025-11-28;15;1714
1;2025-11-28;16;1714
1;2025-11-28;17;1927
1;2025-11-28;18;1691
1;2025-11-28;19;1305
1;2025-11-28;20;877
1;2025-11-28;21;506
1;2025-11-28;22;205
1;2025-11-28;23;49
1;2025-11-29;0;5
1;2025-11-29;1;0
1;2025-11-29;2;0
1;2025-11-29;3;0
1;2025-11-29;4;0
1;2025-11-29;5;30
1;2025-11-29;6;164
1;2025-11-29;7;367
1;2025-11-29;8;497
1;2025-11-29;9;765
1;2025-11-29;10;907
1;2025-11-29;11;905
1;2025-11-29;12;1077
1;2025-11-29;13;1136
1;2025-11-29;14;1042
1;2025-11-29;15;926
1;2025-11-29;16;819
1;2025-11-29;17;757
1;2025-11-29;18;644
1;2025-11-29;19;562
1;2025-11-29;20;435
1;2025-11-29;21;310
1;2025-11-29;22;122
1;2025-11-29;23;30
1;2025-11-30;0;0
1;2025-11-30;1;0
1;2025-11-30;2;0
1;2025-11-30;3;0
1;2025-11-30;4;0
1;2025-11-30;5;23
1;2025-11-30;6;119
1;2025-11-30;7;277
1;2025-11-30;8;373
1;2025-11-30;9;618
1;2025-11-30;10;711
1;2025-11-30;11;757
1;2025-11-30;12;859
1;2025-11-30;13;909
1;2025-11-30;14;843
1;2025-11-30;15;759
1;2025-11-30;16;685
1;2025-11-30;17;621
1;2025-11-30;18;548
1;2025-11-30;19;463
1;2025-11-30;20;354
1;2025-11-30;21;273
1;2025-11-30;22;103
1;2025-11-30;23;29
1;2025-12-01;0;3
1;2025-12-01;1;0
1;2025-12-01;2;0
1;2025-12-01;3;0
1;2025-12-01;4;11
1;2025-12-01;5;132
1;2025-12-01;6;534
1;2025-12-01;7;1557
1;2025-12-01;8;2000
1;2025-12-01;9;1507
1;2025-12-01;10;1420
1;2025-12-01;11;1430
1;2025-12-01;12;1494
1;2025-12-01;13;1588
1;2025-12-01;14;1532
1;2025-12-01;15;1691
1;2025-12-01;16;1640
1;2025-12-01;17;1972
1;2025-12-01;18;1953
1;2025-12-01;19;1463
1;2025-12-01;20;927
1;2025-12-01;21;487
1;2025-12-01;22;176
1;2025-12-01;23;38
1;2025-12-02;0;5
1;2025-12-02;1;0
1;2025-12-02;2;0
1;2025-12-02;3;0
1;2025-12-02;4;9
1;2025-12-02;5;129
1;2025-12-02;6;539
1;2025-12-02;7;1582
1;2025-12-02;8;2003
1;2025-12-02;9;1558
1;2025-12-02;10;1485
1;2025-12-02;11;1480
1;2025-12-02;12;1529
1;2025-12-02;13;1622
1;2025-12-02;14;1514
1;2025-12-02;15;1660
1;2025-12-02;16;1618
1;2025-12-02;17;1930
1;2025-12-02;18;1900
1;2025-12-02;19;1447
1;2025-12-02;20;931
1;2025-12-02;21;500
1;2025-12-02;22;187
1;2025-12-02;23;44
1;2025-12-03;0;5
1;2025-12-03;1;0
1;2025-12-03;2;0
1;2025-12-03;3;0
1;2025-12-03;4;9
1;2025-12-03;5;134
1;2025-12-03;6;542
1;2025-12-03;7;1543
1;2025-12-03;8;2007
1;2025-12-03;9;1537
1;2025-12-03;10;1467
1;2025-12-03;11;1483
1;2025-12-03;12;1526
1;2025-12-03;13;1650
1;2025-12-03;14;1536
1;2025-12-03;15;1694
1;2025-12-03;16;1625
1;2025-12-03;17;1935
1;2025-12-03;18;1893
1;2025-12-03;19;1434
1;2025-12-03;20;934
1;2025-12-03;21;500
1;2025-12-03;22;201
1;2025-12-03;23;43
1;2025-12-04;0;5
1;2025-12-04;1;0
1;2025-12-04;2;0
1;2025-12-04;3;0
1;2025-12-04;4;9
1;2025-12-04;5;128
1;2025-12-04;6;532
1;2025-12-04;7;1557
1;2025-12-04;8;2017
1;2025-12-04;9;1548
1;2025-12-04;10;1496
1;2025-12-04;11;1489
1;2025-12-04;12;1552
1;2025-12-04;13;1640
1;2025-12-04;14;1543
1;2025-12-04;15;1702
1;2025-12-04;16;1655
1;2025-12-04;17;1946
1;2025-12-04;18;1915
1;2025-12-04;19;1436
1;2025-12-04;20;942
1;2025-12-04;21;509
1;2025-12-04;22;197
1;2025-12-04;23;44
1;2025-12-05;0;6
1;2025-12-05;1;0
1;2025-12-05;2;0
1;2025-12-05;3;0
1;2025-12-05;4;8
1;2025-12-05;5;138
1;2025-12-05;6;529
1;2025-12-05;7;1561
1;2025-12-05;8;1945
1;2025-12-05;9;1521
1;2025-12-05;10;1455
1;2025-12-05;11;1523
1;2025-12-05;12;1533
1;2025-12-05;13;1651
1;2025-12-05;14;1566
1;2025-12-05;15;1757
1;2025-12-05;16;1729
1;2025-12-05;17;1942
1;2025-12-05;18;1685
1;2025-12-05;19;1302
1;2025-12-05;20;879
1;2025-12-05;21;514
1;2025-12-05;22;210
1;2025-12-05;23;52
1;2025-12-06;0;5
1;2025-12-06;1;0
1;2025-12-06;2;0
1;2025-12-06;3;0
1;2025-12-06;4;0
1;2025-12-06;5;31
1;2025-12-06;6;163
1;2025-12-06;7;364
1;2025-12-06;8;498
1;2025-12-06;9;765
1;2025-12-06;10;902
1;2025-12-06;11;903
1;2025-12-06;12;1077
1;2025-12-06;13;1134
1;2025-12-06;14;1043
1;2025-12-06;15;924
1;2025-12-06;16;820
1;2025-12-06;17;757
1;2025-12-06;18;642
1;2025-12-06;19;561
1;2025-12-06;20;433
1;2025-12-06;21;311
1;2025-12-06;22;123
1;2025-12-06;23;29
1;2025-12-07;0;0
1;2025-12-07;1;0
1;2025-12-07;2;0
1;2025-12-07;3;0
1;2025-12-07;4;0
1;2025-12-07;5;24
1;2025-12-07;6;120
1;2025-12-07;7;274
1;2025-12-07;8;371
1;2025-12-07;9;614
1;2025-12-07;10;706
1;2025-12-07;11;751
1;2025-12-07;12;853
1;2025-12-07;13;908
1;2025-12-07;14;847
1;2025-12-07;15;759
1;2025-12-07;16;684
1;2025-12-07;17;621
1;2025-12-07;18;543
1;2025-12-07;19;458
1;2025-12-07;20;351
1;2025-12-07;21;270
1;2025-12-07;22;102
1;2025-12-07;23;29
1;2025-12-08;0;3
1;2025-12-08;1;0
1;2025-12-08;2;0
1;2025-12-08;3;0
1;2025-12-08;4;9
1;2025-12-08;5;133
1;2025-12-08;6;534
1;2025-12-08;7;1542
1;2025-12-08;8;1978
1;2025-12-08;9;1490
1;2025-12-08;10;1411
1;2025-12-08;11;1423
1;2025-12-08;12;1490
1;2025-12-08;13;1583
1;2025-12-08;14;1525
1;2025-12-08;15;1687
1;2025-12-08;16;1629
1;2025-12-08;17;1953
1;2025-12-08;18;1939
1;2025-12-08;19;1453
1;2025-12-08;20;923
1;2025-12-08;21;487
1;2025-12-08;22;178
1;2025-12-08;23;40
1;2025-12-09;0;5
1;2025-12-09;1;0
1;2025-12-09;2;0
1;2025-12-09;3;0
1;2025-12-09;4;10
1;2025-12-09;5;131
1;2025-12-09;6;540
1;2025-12-09;7;1580
1;2025-12-09;8;1994
1;2025-12-09;9;1559
1;2025-12-09;10;1487
1;2025-12-09;11;1477
1;2025-12-09;12;1522
1;2025-12-09;13;1627
1;2025-12-09;14;1523
1;2025-12-09;15;1670
1;2025-12-09;16;1619
1;2025-12-09;17;1928
1;2025-12-09;18;1901
1;2025-12-09;19;1456
1;2025-12-09;20;938
1;2025-12-09;21;501
1;2025-12-09;22;192
1;2025-12-09;23;45
1;2025-12-10;0;5
1;2025-12-10;1;0
1;2025-12-10;2;0
1;2025-12-10;3;0
1;2025-12-10;4;9
1;2025-12-10;5;136
1;2025-12-10;6;544
1;2025-12-10;7;1525
1;2025-12-10;8;1995
1;2025-12-10;9;1531
1;2025-12-10;10;1455
1;2025-12-10;11;1469
1;2025-12-10;12;1515
1;2025-12-10;13;1638
1;2025-12-10;14;1525
1;2025-12-10;15;1698
1;2025-12-10;16;1626
1;2025-12-10;17;1921
1;2025-12-10;18;1881
1;2025-12-10;19;1437
1;2025-12-10;20;937
1;2025-12-10;21;501
1;2025-12-10;22;206
1;2025-12-10;23;44
1;2025-12-11;0;5
1;2025-12-11;1;0
1;2025-12-11;2;0
1;2025-12-11;3;0
1;2025-12-11;4;9
1;2025-12-11;5;130
1;2025-12-11;6;533
1;2025-12-11;7;1533
1;2025-12-11;8;1982
1;2025-12-11;9;1519
1;2025-12-11;10;1449
1;2025-12-11;11;1434
1;2025-12-11;12;1508
1;2025-12-11;13;1587
1;2025-12-11;14;1502
1;2025-12-11;15;1667
1;2025-12-11;16;1625
1;2025-12-11;17;1905
1;2025-12-11;18;1877
1;2025-12-11;19;1407
1;2025-12-11;20;929
1;2025-12-11;21;499
1;2025-12-11;22;198
1;2025-12-11;23;45
1;2025-12-12;0;6
1;2025-12-12;1;0
1;2025-12-12;2;0
1;2025-12-12;3;0
1;2025-12-12;4;8
1;2025-12-12;5;139
1;2025-12-12;6;524
1;2025-12-12;7;1530
1;2025-12-12;8;1894
1;2025-12-12;9;1487
1;2025-12-12;10;1429
1;2025-12-12;11;1484
1;2025-12-12;12;1504
1;2025-12-12;13;1597
1;2025-12-12;14;1529
1;2025-12-12;15;1697
1;2025-12-12;16;1681
1;2025-12-12;17;1877
1;2025-12-12;18;1638
1;2025-12-12;19;1279
1;2025-12-12;20;855
1;2025-12-12;21;502
1;2025-12-12;22;208
1;2025-12-12;23;55
1;2025-12-13;0;5
1;2025-12-13;1;0
1;2025-12-13;2;0
1;2025-12-13;3;0
1;2025-12-13;4;0
1;2025-12-13;5;33
1;2025-12-13;6;165
1;2025-12-13;7;362
1;2025-12-13;8;489
1;2025-12-13;9;759
1;2025-12-13;10;891
1;2025-12-13;11;890
1;2025-12-13;12;1063
1;2025-12-13;13;1123
1;2025-12-13;14;1032
1;2025-12-13;15;916
1;2025-12-13;16;813
1;2025-12-13;17;753
1;2025-12-13;18;636
1;2025-12-13;19;563
1;2025-12-13;20;430
1;2025-12-13;21;306
1;2025-12-13;22;127
1;2025-12-13;23;32
1;2025-12-14;0;0
1;2025-12-14;1;0
1;2025-12-14;2;0
1;2025-12-14;3;0
1;2025-12-14;4;0
1;2025-12-14;5;24
1;2025-12-14;6;121
1;2025-12-14;7;272
1;2025-12-14;8;363
1;2025-12-14;9;607
1;2025-12-14;10;696
1;2025-12-14;11;741
1;2025-12-14;12;843
1;2025-12-14;13;901
1;2025-12-14;14;834
1;2025-12-14;15;749
1;2025-12-14;16;678
1;2025-12-14;17;617
1;2025-12-14;18;537
1;2025-12-14;19;456
1;2025-12-14;20;346
1;2025-12-14;21;264
1;2025-12-14;22;104
1;2025-12-14;23;30
1;2025-12-15;0;3
1;2025-12-15;1;0
1;2025-12-15;2;0
1;2025-12-15;3;0
1;2025-12-15;4;9
1;2025-12-15;5;134
1;2025-12-15;6;537
1;2025-12-15;7;1521
1;2025-12-15;8;1943
1;2025-12-15;9;1467
1;2025-12-15;10;1384
1;2025-12-15;11;1408
1;2025-12-15;12;1470
1;2025-12-15;13;1553
1;2025-12-15;14;1471
1;2025-12-15;15;1651
1;2025-12-15;16;1603
1;2025-12-15;17;1905
1;2025-12-15;18;1898
1;2025-12-15;19;1425
1;2025-12-15;20;915
1;2025-12-15;21;481
1;2025-12-15;22;180
1;2025-12-15;23;41
1;2025-12-16;0;4
1;2025-12-16;1;0
1;2025-12-16;2;0
1;2025-12-16;3;0
1;2025-12-16;4;9
1;2025-12-16;5;132
1;2025-12-16;6;549
1;2025-12-16;7;1583
1;2025-12-16;8;1990
1;2025-12-16;9;1549
1;2025-12-16;10;1465
1;2025-12-16;11;1468
1;2025-12-16;12;1518
1;2025-12-16;13;1606
1;2025-12-16;14;1494
1;2025-12-16;15;1644
1;2025-12-16;16;1612
1;2025-12-16;17;1899
1;2025-12-16;18;1892
1;2025-12-16;19;1451
1;2025-12-16;20;943
1;2025-12-16;21;500
1;2025-12-16;22;202
1;2025-12-16;23;47
1;2025-12-17;0;5
1;2025-12-17;1;0
1;2025-12-17;2;0
1;2025-12-17;3;0
1;2025-12-17;4;9
1;2025-12-17;5;136
1;2025-12-17;6;546
1;2025-12-17;7;1528
1;2025-12-17;8;1997
1;2025-12-17;9;1527
1;2025-12-17;10;1455
1;2025-12-17;11;1468
1;2025-12-17;12;1508
1;2025-12-17;13;1621
1;2025-12-17;14;1518
1;2025-12-17;15;1691
1;2025-12-17;16;1618
1;2025-12-17;17;1908
1;2025-12-17;18;1867
1;2025-12-17;19;1423
1;2025-12-17;20;930
1;2025-12-17;21;503
1;2025-12-17;22;207
1;2025-12-17;23;45
1;2025-12-18;0;5
1;2025-12-18;1;0
1;2025-12-18;2;0
1;2025-12-18;3;0
1;2025-12-18;4;9
1;2025-12-18;5;130
1;2025-12-18;6;533
1;2025-12-18;7;1539
1;2025-12-18;8;1997
1;2025-12-18;9;1528
1;2025-12-18;10;1472
1;2025-12-18;11;1462
1;2025-12-18;12;1519
1;2025-12-18;13;1606
1;2025-12-18;14;1520
1;2025-12-18;15;1688
1;2025-12-18;16;1636
1;2025-12-18;17;1910
1;2025-12-18;18;1888
1;2025-12-18;19;1416
1;2025-12-18;20;938
1;2025-12-18;21;507
1;2025-12-18;22;202
1;2025-12-18;23;48
1;2025-12-19;0;7
1;2025-12-19;1;0
1;2025-12-19;2;0
1;2025-12-19;3;0
1;2025-12-19;4;8
1;2025-12-19;5;139
1;2025-12-19;6;533
1;2025-12-19;7;1534
1;2025-12-19;8;1906
1;2025-12-19;9;1488
1;2025-12-19;10;1420
1;2025-12-19;11;1480
1;2025-12-19;12;1490
1;2025-12-19;13;1599
1;2025-12-19;14;1521
1;2025-12-19;15;1719
1;2025-12-19;16;1694
1;2025-12-19;17;1898
1;2025-12-19;18;1649
1;2025-12-19;19;1273
1;2025-12-19;20;865
1;2025-12-19;21;510
1;2025-12-19;22;213
1;2025-12-19;23;54
1;2025-12-20;0;5
1;2025-12-20;1;0
1;2025-12-20;2;0
1;2025-12-20;3;0
1;2025-12-20;4;0
1;2025-12-20;5;31
1;2025-12-20;6;164
1;2025-12-20;7;360
1;2025-12-20;8;488
1;2025-12-20;9;759
1;2025-12-20;10;892
1;2025-12-20;11;889
1;2025-12-20;12;1064
1;2025-12-20;13;1123
1;2025-12-20;14;1035
1;2025-12-20;15;910
1;2025-12-20;16;813
1;2025-12-20;17;751
1;2025-12-20;18;635
1;2025-12-20;19;557
1;2025-12-20;20;431
1;2025-12-20;21;308
1;2025-12-20;22;125
1;2025-12-20;23;30
1;2025-12-21;0;0
1;2025-12-21;1;0
1;2025-12-21;2;0
1;2025-12-21;3;0
1;2025-12-21;4;0
1;2025-12-21;5;24
1;2025-12-21;6;119
1;2025-12-21;7;267
1;2025-12-21;8;362
1;2025-12-21;9;607
1;2025-12-21;10;696
1;2025-12-21;11;735
1;2025-12-21;12;838
1;2025-12-21;13;890
1;2025-12-21;14;830
1;2025-12-21;15;744
1;2025-12-21;16;677
1;2025-12-21;17;612
1;2025-12-21;18;535
1;2025-12-21;19;454
1;2025-12-21;20;346
1;2025-12-21;21;268
1;2025-12-21;22;103
1;2025-12-21;23;29
1;2025-12-22;0;3
1;2025-12-22;1;0
1;2025-12-22;2;0
1;2025-12-22;3;0
1;2025-12-22;4;11
1;2025-12-22;5;133
1;2025-12-22;6;532
1;2025-12-22;7;1513
1;2025-12-22;8;1932
1;2025-12-22;9;1450
1;2025-12-22;10;1366
1;2025-12-22;11;1374
1;2025-12-22;12;1444
1;2025-12-22;13;1527
1;2025-12-22;14;1484
1;2025-12-22;15;1636
1;2025-12-22;16;1586
1;2025-12-22;17;1897
1;2025-12-22;18;1886
1;2025-12-22;19;1410
1;2025-12-22;20;899
1;2025-12-22;21;478
1;2025-12-22;22;181
1;2025-12-22;23;41
1;2025-12-23;0;6
1;2025-12-23;1;0
1;2025-12-23;2;0
1;2025-12-23;3;0
1;2025-12-23;4;9
1;2025-12-23;5;131
1;2025-12-23;6;535
1;2025-12-23;7;1510
1;2025-12-23;8;1896
1;2025-12-23;9;1528
1;2025-12-23;10;1495
1;2025-12-23;11;1462
1;2025-12-23;12;1520
1;2025-12-23;13;1622
1;2025-12-23;14;1503
1;2025-12-23;15;1634
1;2025-12-23;16;1579
1;2025-12-23;17;1843
1;2025-12-23;18;1819
1;2025-12-23;19;1408
1;2025-12-23;20;923
1;2025-12-23;21;499
1;2025-12-23;22;199
1;2025-12-23;23;50
1;2025-12-24;0;4
1;2025-12-24;1;0
1;2025-12-24;2;0
1;2025-12-24;3;0
1;2025-12-24;4;9
1;2025-12-24;5;142
1;2025-12-24;6;556
1;2025-12-24;7;1526
1;2025-12-24;8;1960
1;2025-12-24;9;1510
1;2025-12-24;10;1424
1;2025-12-24;11;1459
1;2025-12-24;12;1494
1;2025-12-24;13;1620
1;2025-12-24;14;1482
1;2025-12-24;15;1664
1;2025-12-24;16;1603
1;2025-12-24;17;1874
1;2025-12-24;18;1852
1;2025-12-24;19;1419
1;2025-12-24;20;950
1;2025-12-24;21;504
1;2025-12-24;22;219
1;2025-12-24;23;49
1;2025-12-25;0;6
1;2025-12-25;1;0
1;2025-12-25;2;0
1;2025-12-25;3;0
1;2025-12-25;4;10
1;2025-12-25;5;133
1;2025-12-25;6;538
1;2025-12-25;7;1535
1;2025-12-25;8;1974
1;2025-12-25;9;1508
1;2025-12-25;10;1452
1;2025-12-25;11;1449
1;2025-12-25;12;1506
1;2025-12-25;13;1595
1;2025-12-25;14;1500
1;2025-12-25;15;1661
1;2025-12-25;16;1617
1;2025-12-25;17;1878
1;2025-12-25;18;1859
1;2025-12-25;19;1394
1;2025-12-25;20;921
1;2025-12-25;21;500
1;2025-12-25;22;208
1;2025-12-25;23;47
1;2025-12-26;0;6
1;2025-12-26;1;0
1;2025-12-26;2;0
1;2025-12-26;3;0
1;2025-12-26;4;8
1;2025-12-26;5;138
1;2025-12-26;6;525
1;2025-12-26;7;1486
1;2025-12-26;8;1857
1;2025-12-26;9;1451
1;2025-12-26;10;1360
1;2025-12-26;11;1411
1;2025-12-26;12;1442
1;2025-12-26;13;1529
1;2025-12-26;14;1461
1;2025-12-26;15;1653
1;2025-12-26;16;1658
1;2025-12-26;17;1826
1;2025-12-26;18;1606
1;2025-12-26;19;1251
1;2025-12-26;20;848
1;2025-12-26;21;494
1;2025-12-26;22;216
1;2025-12-26;23;59
1;2025-12-27;0;6
1;2025-12-27;1;0
1;2025-12-27;2;0
1;2025-12-27;3;0
1;2025-12-27;4;0
1;2025-12-27;5;31
1;2025-12-27;6;163
1;2025-12-27;7;353
1;2025-12-27;8;483
1;2025-12-27;9;753
1;2025-12-27;10;881
1;2025-12-27;11;874
1;2025-12-27;12;1048
1;2025-12-27;13;1103
1;2025-12-27;14;1015
1;2025-12-27;15;900
1;2025-12-27;16;806
1;2025-12-27;17;742
1;2025-12-27;18;622
1;2025-12-27;19;550
1;2025-12-27;20;423
1;2025-12-27;21;305
1;2025-12-27;22;125
1;2025-12-27;23;32
1;2025-12-28;0;0
1;2025-12-28;1;0
1;2025-12-28;2;0
1;2025-12-28;3;0
1;2025-12-28;4;0
1;2025-12-28;5;24
1;2025-12-28;6;120
1;2025-12-28;7;261
1;2025-12-28;8;353
1;2025-12-28;9;595
1;2025-12-28;10;677
1;2025-12-28;11;713
1;2025-12-28;12;818
1;2025-12-28;13;868
1;2025-12-28;14;808
1;2025-12-28;15;724
1;2025-12-28;16;664
1;2025-12-28;17;602
1;2025-12-28;18;523
1;2025-12-28;19;446
1;2025-12-28;20;340
1;2025-12-28;21;261
1;2025-12-28;22;102
1;2025-12-28;23;31
1;2025-12-29;0;4
1;2025-12-29;1;0
1;2025-12-29;2;0
1;2025-12-29;3;0
1;2025-12-29;4;8
1;2025-12-29;5;120
1;2025-12-29;6;482
1;2025-12-29;7;1325
1;2025-12-29;8;1685
1;2025-12-29;9;1271
1;2025-12-29;10;1201
1;2025-12-29;11;1220
1;2025-12-29;12;1272
1;2025-12-29;13;1335
1;2025-12-29;14;1281
1;2025-12-29;15;1437
1;2025-12-29;16;1391
1;2025-12-29;17;1644
1;2025-12-29;18;1637
1;2025-12-29;19;1223
1;2025-12-29;20;787
1;2025-12-29;21;424
1;2025-12-29;22;165
1;2025-12-29;23;40
1;2025-12-30;0;4
1;2025-12-30;1;0
1;2025-12-30;2;0
1;2025-12-30;3;0
1;2025-12-30;4;9
1;2025-12-30;5;120
1;2025-12-30;6;490
1;2025-12-30;7;1368
1;2025-12-30;8;1693
1;2025-12-30;9;1323
1;2025-12-30;10;1253
1;2025-12-30;11;1257
1;2025-12-30;12;1307
1;2025-12-30;13;1378
1;2025-12-30;14;1291
1;2025-12-30;15;1426
1;2025-12-30;16;1386
1;2025-12-30;17;1622
1;2025-12-30;18;1592
1;2025-12-30;19;1223
1;2025-12-30;20;803
1;2025-12-30;21;434
1;2025-12-30;22;183
1;2025-12-30;23;44
1;2025-12-31;0;0
1;2025-12-31;1;0
1;2025-12-31;2;0
1;2025-12-31;3;0
1;2025-12-31;4;0
1;2025-12-31;5;24
1;2025-12-31;6;115
1;2025-12-31;7;238
1;2025-12-31;8;322
1;2025-12-31;9;527
1;2025-12-31;10;587
1;2025-12-31;11;619
1;2025-12-31;12;690
1;2025-12-31;13;741
1;2025-12-31;14;693
1;2025-12-31;15;629
1;2025-12-31;16;564
1;2025-12-31;17;533
1;2025-12-31;18;473
1;2025-12-31;19;408
1;2025-12-31;20;0
1;2025-12-31;21;0
1;2025-12-31;22;0
1;2025-12-31;23;0
5;2025-11-01;0;0
5;2025-11-01;1;0
5;2025-11-01;2;0
5;2025-11-01;3;0
5;2025-11-01;4;0
5;2025-11-01;5;0
5;2025-11-01;6;0
5;2025-11-01;7;0
5;2025-11-01;8;0
5;2025-11-01;9;0
5;2025-11-01;10;0
5;2025-11-01;11;0
5;2025-11-01;12;0
5;2025-11-01;13;0
5;2025-11-01;14;0
5;2025-11-01;15;0
5;2025-11-01;16;0
5;2025-11-01;17;0
5;2025-11-01;18;0
5;2025-11-01;19;0
5;2025-11-01;20;0
5;2025-11-01;21;0
5;2025-11-01;22;0
5;2025-11-01;23;0
5;2025-11-02;0;0
5;2025-11-02;1;0
5;2025-11-02;2;0
5;2025-11-02;3;0
5;2025-11-02;4;0
5;2025-11-02;5;0
5;2025-11-02;6;0
5;2025-11-02;7;0
5;2025-11-02;8;0
5;2025-11-02;9;0
5;2025-11-02;10;0
5;2025-11-02;11;0
5;2025-11-02;12;0
5;2025-11-02;13;0
5;2025-11-02;14;0
5;2025-11-02;15;0
5;2025-11-02;16;0
5;2025-11-02;17;0
5;2025-11-02;18;0
5;2025-11-02;19;0
5;2025-11-02;20;0
5;2025-11-02;21;0
5;2025-11-02;22;0
5;2025-11-02;23;0
5;2025-11-03;0;0
5;2025-11-03;1;0
5;2025-11-03;2;0
5;2025-11-03;3;0
5;2025-11-03;4;0
5;2025-11-03;5;0
5;2025-11-03;6;0
5;2025-11-03;7;0
5;2025-11-03;8;0
5;2025-11-03;9;0
5;2025-11-03;10;0
5;2025-11-03;11;0
5;2025-11-03;12;0
5;2025-11-03;13;0
5;2025-11-03;14;0
5;2025-11-03;15;0
5;2025-11-03;16;0
5;2025-11-03;17;0
5;2025-11-03;18;0
5;2025-11-03;19;0
5;2025-11-03;20;0
5;2025-11-03;21;0
5;2025-11-03;22;0
5;2025-11-03;23;0
5;2025-11-04;0;0
5;2025-11-04;1;0
5;2025-11-04;2;0
5;2025-11-04;3;0
5;2025-11-04;4;0
5;2025-11-04;5;0
5;2025-11-04;6;0
5;2025-11-04;7;0
5;2025-11-04;8;0
5;2025-11-04;9;0
5;2025-11-04;10;0
5;2025-11-04;11;0
5;2025-11-04;12;0
5;2025-11-04;13;0
5;2025-11-04;14;0
5;2025-11-04;15;0
5;2025-11-04;16;0
5;2025-11-04;17;0
5;2025-11-04;18;0
5;2025-11-04;19;0
5;2025-11-04;20;0
5;2025-11-04;21;0
5;2025-11-04;22;0
5;2025-11-04;23;0
5;2025-11-05;0;0
5;2025-11-05;1;0
5;2025-11-05;2;0
5;2025-11-05;3;0
5;2025-11-05;4;0
5;2025-11-05;5;0
5;2025-11-05;6;0
5;2025-11-05;7;0
5;2025-11-05;8;0
5;2025-11-05;9;0
5;2025-11-05;10;0
5;2025-11-05;11;0
5;2025-11-05;12;0
5;2025-11-05;13;0
5;2025-11-05;14;0
5;2025-11-05;15;0
5;2025-11-05;16;0
5;2025-11-05;17;0
5;2025-11-05;18;0
5;2025-11-05;19;0
5;2025-11-05;20;0
5;2025-11-05;21;0
5;2025-11-05;22;0
5;2025-11-05;23;0
5;2025-11-06;0;0
5;2025-11-06;1;0
5;2025-11-06;2;0
5;2025-11-06;3;0
5;2025-11-06;4;0
5;2025-11-06;5;0
5;2025-11-06;6;0
5;2025-11-06;7;0
5;2025-11-06;8;0
5;2025-11-06;9;0
5;2025-11-06;10;0
5;2025-11-06;11;0
5;2025-11-06;12;0
5;2025-11-06;13;0
5;2025-11-06;14;0
5;2025-11-06;15;0
5;2025-11-06;16;0
5;2025-11-06;17;0
5;2025-11-06;18;0
5;2025-11-06;19;0
5;2025-11-06;20;0
5;2025-11-06;21;0
5;2025-11-06;22;0
5;2025-11-06;23;0
5;2025-11-07;0;0
5;2025-11-07;1;0
5;2025-11-07;2;0
5;2025-11-07;3;0
5;2025-11-07;4;0
5;2025-11-07;5;0
5;2025-11-07;6;0
5;2025-11-07;7;0
5;2025-11-07;8;0
5;2025-11-07;9;0
5;2025-11-07;10;0
5;2025-11-07;11;0
5;2025-11-07;12;0
5;2025-11-07;13;0
5;2025-11-07;14;0
5;2025-11-07;15;0
5;2025-11-07;16;0
5;2025-11-07;17;0
5;2025-11-07;18;0
5;2025-11-07;19;0
5;2025-11-07;20;0
5;2025-11-07;21;0
5;2025-11-07;22;0
5;2025-11-07;23;0
5;2025-11-08;0;0
5;2025-11-08;1;0
5;2025-11-08;2;0
5;2025-11-08;3;0
5;2025-11-08;4;0
5;2025-11-08;5;0
5;2025-11-08;6;0
5;2025-11-08;7;0
5;2025-11-08;8;0
5;2025-11-08;9;0
5;2025-11-08;10;0
5;2025-11-08;11;0
5;2025-11-08;12;0
5;2025-11-08;13;0
5;2025-11-08;14;0
5;2025-11-08;15;0
5;2025-11-08;16;0
5;2025-11-08;17;0
5;2025-11-08;18;0
5;2025-11-08;19;0
5;2025-11-08;20;0
5;2025-11-08;21;0
5;2025-11-08;22;0
5;2025-11-08;23;0
5;2025-11-09;0;0
5;2025-11-09;1;0
5;2025-11-09;2;0
5;2025-11-09;3;0
5;2025-11-09;4;0
5;2025-11-09;5;0
5;2025-11-09;6;0
5;2025-11-09;7;0
5;2025-11-09;8;0
5;2025-11-09;9;0
5;2025-11-09;10;0
5;2025-11-09;11;0
5;2025-11-09;12;0
5;2025-11-09;13;0
5;2025-11-09;14;0
5;2025-11-09;15;0
5;2025-11-09;16;0
5;2025-11-09;17;0
5;2025-11-09;18;0
5;2025-11-09;19;0
5;2025-11-09;20;0
5;2025-11-09;21;0
5;2025-11-09;22;0
5;2025-11-09;23;0
5;2025-11-10;0;0
5;2025-11-10;1;0
5;2025-11-10;2;0
5;2025-11-10;3;0
5;2025-11-10;4;0
5;2025-11-10;5;0
5;2025-11-10;6;0
5;2025-11-10;7;0
5;2025-11-10;8;0
5;2025-11-10;9;0
5;2025-11-10;10;0
5;2025-11-10;11;0
5;2025-11-10;12;0
5;2025-11-10;13;0
5;2025-11-10;14;0
5;2025-11-10;15;0
5;2025-11-10;16;0
5;2025-11-10;17;0
5;2025-11-10;18;0
5;2025-11-10;19;0
5;2025-11-10;20;0
5;2025-11-10;21;0
5;2025-11-10;22;0
5;2025-11-10;23;0
5;2025-11-11;0;0
5;2025-11-11;1;0
5;2025-11-11;2;0
5;2025-11-11;3;0
5;2025-11-11;4;0
5;2025-11-11;5;0
5;2025-11-11;6;0
5;2025-11-11;7;0
5;2025-11-11;8;0
5;2025-11-11;9;0
5;2025-11-11;10;0
5;2025-11-11;11;0
5;2025-11-11;12;0
5;2025-11-11;13;0
5;2025-11-11;14;0
5;2025-11-11;15;0
5;2025-11-11;16;0
5;2025-11-11;17;0
5;2025-11-11;18;0
5;2025-11-11;19;0
5;2025-11-11;20;0
5;2025-11-11;21;0
5;2025-11-11;22;0
5;2025-11-11;23;0
5;2025-11-12;0;0
5;2025-11-12;1;0
5;2025-11-12;2;0
5;2025-11-12;3;0
5;2025-11-12;4;0
5;2025-11-12;5;0
5;2025-11-12;6;0
5;2025-11-12;7;0
5;2025-11-12;8;0
5;2025-11-12;9;0
5;2025-11-12;10;0
5;2025-11-12;11;0
5;2025-11-12;12;0
5;2025-11-12;13;0
5;2025-11-12;14;0
5;2025-11-12;15;0
5;2025-11-12;16;0
5;2025-11-12;17;0
5;2025-11-12;18;0
5;2025-11-12;19;0
5;2025-11-12;20;0
5;2025-11-12;21;0
5;2025-11-12;22;0
5;2025-11-12;23;0
5;2025-11-13;0;0
5;2025-11-13;1;0
5;2025-11-13;2;0
5;2025-11-13;3;0
5;2025-11-13;4;0
5;2025-11-13;5;0
5;2025-11-13;6;0
5;2025-11-13;7;0
5;2025-11-13;8;0
5;2025-11-13;9;0
5;2025-11-13;10;0
5;2025-11-13;11;0
5;2025-11-13;12;0
5;2025-11-13;13;0
5;2025-11-13;14;0
5;2025-11-13;15;0
5;2025-11-13;16;0
5;2025-11-13;17;0
5;2025-11-13;18;0
5;2025-11-13;19;0
5;2025-11-13;20;0
5;2025-11-13;21;0
5;2025-11-13;22;0
5;2025-11-13;23;0
5;2025-11-14;0;0
5;2025-11-14;1;0
5;2025-11-14;2;0
5;2025-11-14;3;0
5;2025-11-14;4;0
5;2025-11-14;5;0
5;2025-11-14;6;0
5;2025-11-14;7;0
5;2025-11-14;8;0
5;2025-11-14;9;0
5;2025-11-14;10;0
5;2025-11-14;11;0
5;2025-11-14;12;0
5;2025-11-14;13;0
5;2025-11-14;14;0
5;2025-11-14;15;0
5;2025-11-14;16;0
5;2025-11-14;17;0
5;2025-11-14;18;0
5;2025-11-14;19;0
5;2025-11-14;20;0
5;2025-11-14;21;0
5;2025-11-14;22;0
5;2025-11-14;23;0
5;2025-11-15;0;0
5;2025-11-15;1;0
5;2025-11-15;2;0
5;2025-11-15;3;0
5;2025-11-15;4;0
5;2025-11-15;5;0
5;2025-11-15;6;0
5;2025-11-15;7;0
5;2025-11-15;8;0
5;2025-11-15;9;0
5;2025-11-15;10;0
5;2025-11-15;11;0
5;2025-11-15;12;0
5;2025-11-15;13;0
5;2025-11-15;14;0
5;2025-11-15;15;0
5;2025-11-15;16;0
5;2025-11-15;17;0
5;2025-11-15;18;0
5;2025-11-15;19;0
5;2025-11-15;20;0
5;2025-11-15;21;0
5;2025-11-15;22;0
5;2025-11-15;23;0
5;2025-11-16;0;0
5;2025-11-16;1;0
5;2025-11-16;2;0
5;2025-11-16;3;0
5;2025-11-16;4;0
5;2025-11-16;5;0
5;2025-11-16;6;0
5;2025-11-16;7;0
5;2025-11-16;8;0
5;2025-11-16;9;0
5;2025-11-16;10;0
5;2025-11-16;11;0
5;2025-11-16;12;0
5;2025-11-16;13;0
5;2025-11-16;14;0
5;2025-11-16;15;0
5;2025-11-16;16;0
5;2025-11-16;17;0
5;2025-11-16;18;0
5;2025-11-16;19;0
5;2025-11-16;20;0
5;2025-11-16;21;0
5;2025-11-16;22;0
5;2025-11-16;23;0
5;2025-11-17;0;0
5;2025-11-17;1;0
5;2025-11-17;2;0
5;2025-11-17;3;0
5;2025-11-17;4;0
5;2025-11-17;5;0
5;2025-11-17;6;0
5;2025-11-17;7;0
5;2025-11-17;8;0
5;2025-11-17;9;0
5;2025-11-17;10;0
5;2025-11-17;11;0
5;2025-11-17;12;0
5;2025-11-17;13;0
5;2025-11-17;14;0
5;2025-11-17;15;0
5;2025-11-17;16;0
5;2025-11-17;17;0
5;2025-11-17;18;0
5;2025-11-17;19;0
5;2025-11-17;20;0
5;2025-11-17;21;0
5;2025-11-17;22;0
5;2025-11-17;23;0
5;2025-11-18;0;0
5;2025-11-18;1;0
5;2025-11-18;2;0
5;2025-11-18;3;0
5;2025-11-18;4;0
5;2025-11-18;5;0
5;2025-11-18;6;0
5;2025-11-18;7;0
5;2025-11-18;8;0
5;2025-11-18;9;0
5;2025-11-18;10;0
5;2025-11-18;11;0
5;2025-11-18;12;0
5;2025-11-18;13;0
5;2025-11-18;14;0
5;2025-11-18;15;0
5;2025-11-18;16;0
5;2025-11-18;17;0
5;2025-11-18;18;0
5;2025-11-18;19;0
5;2025-11-18;20;0
5;2025-11-18;21;0
5;2025-11-18;22;0
5;2025-11-18;23;0
5;2025-11-19;0;0
5;2025-11-19;1;0
5;2025-11-19;2;0
5;2025-11-19;3;0
5;2025-11-19;4;0
5;2025-11-19;5;0
5;2025-11-19;6;0
5;2025-11-19;7;0
5;2025-11-19;8;0
5;2025-11-19;9;0
5;2025-11-19;10;0
5;2025-11-19;11;0
5;2025-11-19;12;0
5;2025-11-19;13;0
5;2025-11-19;14;0
5;2025-11-19;15;0
5;2025-11-19;16;0
5;2025-11-19;17;0
5;2025-11-19;18;0
5;2025-11-19;19;0
5;2025-11-19;20;0
5;2025-11-19;21;0
5;2025-11-19;22;0
5;2025-11-19;23;0
5;2025-11-20;0;0
5;2025-11-20;1;0
5;2025-11-20;2;0
5;2025-11-20;3;0
5;2025-11-20;4;0
5;2025-11-20;5;0
5;2025-11-20;6;0
5;2025-11-20;7;0
5;2025-11-20;8;0
5;2025-11-20;9;0
5;2025-11-20;10;0
5;2025-11-20;11;0
5;2025-11-20;12;0
5;2025-11-20;13;0
5;2025-11-20;14;0
5;2025-11-20;15;0
5;2025-11-20;16;0
5;2025-11-20;17;0
5;2025-11-20;18;0
5;2025-11-20;19;0
5;2025-11-20;20;0
5;2025-11-20;21;0
5;2025-11-20;22;0
5;2025-11-20;23;0
5;2025-11-21;0;0
5;2025-11-21;1;0
5;2025-11-21;2;0
5;2025-11-21;3;0
5;2025-11-21;4;0
5;2025-11-21;5;0
5;2025-11-21;6;0
5;2025-11-21;7;0
5;2025-11-21;8;0
5;2025-11-21;9;0
5;2025-11-21;10;0
5;2025-11-21;11;0
5;2025-11-21;12;0
5;2025-11-21;13;0
5;2025-11-21;14;0
5;2025-11-21;15;0
5;2025-11-21;16;0
5;2025-11-21;17;0
5;2025-11-21;18;0
5;2025-11-21;19;0
5;2025-11-21;20;0
5;2025-11-21;21;0
5;2025-11-21;22;0
5;2025-11-21;23;0
5;2025-11-22;0;0
5;2025-11-22;1;0
5;2025-11-22;2;0
5;2025-11-22;3;0
5;2025-11-22;4;0
5;2025-11-22;5;0
5;2025-11-22;6;0
5;2025-11-22;7;0
5;2025-11-22;8;0
5;2025-11-22;9;0
5;2025-11-22;10;0
5;2025-11-22;11;0
5;2025-11-22;12;0
5;2025-11-22;13;0
5;2025-11-22;14;0
5;2025-11-22;15;0
5;2025-11-22;16;0
5;2025-11-22;17;0
5;2025-11-22;18;0
5;2025-11-22;19;0
5;2025-11-22;20;0
5;2025-11-22;21;0
5;2025-11-22;22;0
5;2025-11-22;23;0
5;2025-11-23;0;0
5;2025-11-23;1;0
5;2025-11-23;2;0
5;2025-11-23;3;0
5;2025-11-23;4;0
5;2025-11-23;5;0
5;2025-11-23;6;0
5;2025-11-23;7;0
5;2025-11-23;8;0
5;2025-11-23;9;0
5;2025-11-23;10;0
5;2025-11-23;11;0
5;2025-11-23;12;0
5;2025-11-23;13;0
5;2025-11-23;14;0
5;2025-11-23;15;0
5;2025-11-23;16;0
5;2025-11-23;17;0
5;2025-11-23;18;0
5;2025-11-23;19;0
5;2025-11-23;20;0
5;2025-11-23;21;0
5;2025-11-23;22;0
5;2025-11-23;23;0
5;2025-11-24;0;0
5;2025-11-24;1;0
5;2025-11-24;2;0
5;2025-11-24;3;0
5;2025-11-24;4;0
5;2025-11-24;5;0
5;2025-11-24;6;0
5;2025-11-24;7;0
5;2025-11-24;8;0
5;2025-11-24;9;0
5;2025-11-24;10;0
5;2025-11-24;11;0
5;2025-11-24;12;0
5;2025-11-24;13;0
5;2025-11-24;14;0
5;2025-11-24;15;0
5;2025-11-24;16;0
5;2025-11-24;17;0
5;2025-11-24;18;0
5;2025-11-24;19;0
5;2025-11-24;20;0
5;2025-11-24;21;0
5;2025-11-24;22;0
5;2025-11-24;23;0
5;2025-11-25;0;0
5;2025-11-25;1;0
5;2025-11-25;2;0
5;2025-11-25;3;0
5;2025-11-25;4;0
5;2025-11-25;5;0
5;2025-11-25;6;0
5;2025-11-25;7;0
5;2025-11-25;8;0
5;2025-11-25;9;0
5;2025-11-25;10;0
5;2025-11-25;11;0
5;2025-11-25;12;0
5;2025-11-25;13;0
5;2025-11-25;14;0
5;2025-11-25;15;0
5;2025-11-25;16;0
5;2025-11-25;17;0
5;2025-11-25;18;0
5;2025-11-25;19;0
5;2025-11-25;20;0
5;2025-11-25;21;0
5;2025-11-25;22;0
5;2025-11-25;23;0
5;2025-11-26;0;0
5;2025-11-26;1;0
5;2025-11-26;2;0
5;2025-11-26;3;0
5;2025-11-26;4;0
5;2025-11-26;5;0
5;2025-11-26;6;0
5;2025-11-26;7;0
5;2025-11-26;8;0
5;2025-11-26;9;0
5;2025-11-26;10;0
5;2025-11-26;11;0
5;2025-11-26;12;0
5;2025-11-26;13;0
5;2025-11-26;14;0
5;2025-11-26;15;0
5;2025-11-26;16;0
5;2025-11-26;17;0
5;2025-11-26;18;0
5;2025-11-26;19;0
5;2025-11-26;20;0
5;2025-11-26;21;0
5;2025-11-26;22;0
5;2025-11-26;23;0
5;2025-11-27;0;0
5;2025-11-27;1;0
5;2025-11-27;2;0
5;2025-11-27;3;0
5;2025-11-27;4;0
5;2025-11-27;5;0
5;2025-11-27;6;0
5;2025-11-27;7;0
5;2025-11-27;8;0
5;2025-11-27;9;0
5;2025-11-27;10;0
5;2025-11-27;11;0
5;2025-11-27;12;0
5;2025-11-27;13;0
5;2025-11-27;14;0
5;2025-11-27;15;0
5;2025-11-27;16;0
5;2025-11-27;17;0
5;2025-11-27;18;0
5;2025-11-27;19;0
5;2025-11-27;20;0
5;2025-11-27;21;0
5;2025-11-27;22;0
5;2025-11-27;23;0
5;2025-11-28;0;0
5;2025-11-28;1;0
5;2025-11-28;2;0
5;2025-11-28;3;0
5;2025-11-28;4;0
5;2025-11-28;5;0
5;2025-11-28;6;0
5;2025-11-28;7;0
5;2025-11-28;8;0
5;2025-11-28;9;0
5;2025-11-28;10;0
5;2025-11-28;11;0
5;2025-11-28;12;0
5;2025-11-28;13;0
5;2025-11-28;14;0
5;2025-11-28;15;0
5;2025-11-28;16;0
5;2025-11-28;17;0
5;2025-11-28;18;0
5;2025-11-28;19;0
5;2025-11-28;20;0
5;2025-11-28;21;0
5;2025-11-28;22;0
5;2025-11-28;23;0
5;2025-11-29;0;0
5;2025-11-29;1;0
5;2025-11-29;2;0
5;2025-11-29;3;0
5;2025-11-29;4;0
5;2025-11-29;5;0
5;2025-11-29;6;0
5;2025-11-29;7;0
5;2025-11-29;8;0
5;2025-11-29;9;0
5;2025-11-29;10;0
5;2025-11-29;11;0
5;2025-11-29;12;0
5;2025-11-29;13;0
5;2025-11-29;14;0
5;2025-11-29;15;0
5;2025-11-29;16;0
5;2025-11-29;17;0
5;2025-11-29;18;0
5;2025-11-29;19;0
5;2025-11-29;20;0
5;2025-11-29;21;0
5;2025-11-29;22;0
5;2025-11-29;23;0
5;2025-11-30;0;0
5;2025-11-30;1;0
5;2025-11-30;2;0
5;2025-11-30;3;0
5;2025-11-30;4;0
5;2025-11-30;5;0
5;2025-11-30;6;0
5;2025-11-30;7;0
5;2025-11-30;8;0
5;2025-11-30;9;0
5;2025-11-30;10;0
5;2025-11-30;11;0
5;2025-11-30;12;0
5;2025-11-30;13;0
5;2025-11-30;14;0
5;2025-11-30;15;0
5;2025-11-30;16;0
5;2025-11-30;17;0
5;2025-11-30;18;0
5;2025-11-30;19;0
5;2025-11-30;20;0
5;2025-11-30;21;0
5;2025-11-30;22;0
5;2025-11-30;23;0
5;2025-12-01;0;0
5;2025-12-01;1;0
5;2025-12-01;2;0
5;2025-12-01;3;0
5;2025-12-01;4;0
5;2025-12-01;5;0
5;2025-12-01;6;0
5;2025-12-01;7;0
5;2025-12-01;8;0
5;2025-12-01;9;0
5;2025-12-01;10;0
5;2025-12-01;11;0
5;2025-12-01;12;0
5;2025-12-01;13;0
5;2025-12-01;14;0
5;2025-12-01;15;0
5;2025-12-01;16;0
5;2025-12-01;17;0
5;2025-12-01;18;0
5;2025-12-01;19;0
5;2025-12-01;20;0
5;2025-12-01;21;0
5;2025-12-01;22;0
5;2025-12-01;23;0
5;2025-12-02;0;0
5;2025-12-02;1;0
5;2025-12-02;2;0
5;2025-12-02;3;0
5;2025-12-02;4;0
5;2025-12-02;5;0
5;2025-12-02;6;0
5;2025-12-02;7;0
5;2025-12-02;8;0
5;2025-12-02;9;0
5;2025-12-02;10;0
5;2025-12-02;11;0
5;2025-12-02;12;0
5;2025-12-02;13;0
5;2025-12-02;14;0
5;2025-12-02;15;0
5;2025-12-02;16;0
5;2025-12-02;17;0
5;2025-12-02;18;0
5;2025-12-02;19;0
5;2025-12-02;20;0
5;2025-12-02;21;0
5;2025-12-02;22;0
5;2025-12-02;23;0
5;2025-12-03;0;0
5;2025-12-03;1;0
5;2025-12-03;2;0
5;2025-12-03;3;0
5;2025-12-03;4;0
5;2025-12-03;5;0
5;2025-12-03;6;0
5;2025-12-03;7;0
5;2025-12-03;8;0
5;2025-12-03;9;0
5;2025-12-03;10;0
5;2025-12-03;11;0
5;2025-12-03;12;0
5;2025-12-03;13;0
5;2025-12-03;14;0
5;2025-12-03;15;0
5;2025-12-03;16;0
5;2025-12-03;17;0
5;2025-12-03;18;0
5;2025-12-03;19;0
5;2025-12-03;20;0
5;2025-12-03;21;0
5;2025-12-03;22;0
5;2025-12-03;23;0
5;2025-12-04;0;0
5;2025-12-04;1;0
5;2025-12-04;2;0
5;2025-12-04;3;0
5;2025-12-04;4;0
5;2025-12-04;5;0
5;2025-12-04;6;0
5;2025-12-04;7;0
5;2025-12-04;8;0
5;2025-12-04;9;0
5;2025-12-04;10;0
5;2025-12-04;11;0
5;2025-12-04;12;0
5;2025-12-04;13;0
5;2025-12-04;14;0
5;2025-12-04;15;0
5;2025-12-04;16;0
5;2025-12-04;17;0
5;2025-12-04;18;0
5;2025-12-04;19;0
5;2025-12-04;20;0
5;2025-12-04;21;0
5;2025-12-04;22;0
5;2025-12-04;23;0
5;2025-12-05;0;0
5;2025-12-05;1;0
5;2025-12-05;2;0
5;2025-12-05;3;0
5;2025-12-05;4;0
5;2025-12-05;5;0
5;2025-12-05;6;0
5;2025-12-05;7;0
5;2025-12-05;8;0
5;2025-12-05;9;0
5;2025-12-05;10;0
5;2025-12-05;11;0
5;2025-12-05;12;0
5;2025-12-05;13;0
5;2025-12-05;14;0
5;2025-12-05;15;0
5;2025-12-05;16;0
5;2025-12-05;17;0
5;2025-12-05;18;0
5;2025-12-05;19;0
5;2025-12-05;20;0
5;2025-12-05;21;0
5;2025-12-05;22;0
5;2025-12-05;23;0
5;2025-12-06;0;0
5;2025-12-06;1;0
5;2025-12-06;2;0
5;2025-12-06;3;0
5;2025-12-06;4;0
5;2025-12-06;5;0
5;2025-12-06;6;0
5;2025-12-06;7;0
5;2025-12-06;8;0
5;2025-12-06;9;0
5;2025-12-06;10;0
5;2025-12-06;11;0
5;2025-12-06;12;0
5;2025-12-06;13;0
5;2025-12-06;14;0
5;2025-12-06;15;0
5;2025-12-06;16;0
5;2025-12-06;17;0
5;2025-12-06;18;0
5;2025-12-06;19;0
5;2025-12-06;20;0
5;2025-12-06;21;0
5;2025-12-06;22;0
5;2025-12-06;23;0
5;2025-12-07;0;0
5;2025-12-07;1;0
5;2025-12-07;2;0
5;2025-12-07;3;0
5;2025-12-07;4;0
5;2025-12-07;5;0
5;2025-12-07;6;0
5;2025-12-07;7;0
5;2025-12-07;8;0
5;2025-12-07;9;0
5;2025-12-07;10;0
5;2025-12-07;11;0
5;2025-12-07;12;0
5;2025-12-07;13;0
5;2025-12-07;14;0
5;2025-12-07;15;0
5;2025-12-07;16;0
5;2025-12-07;17;0
5;2025-12-07;18;0
5;2025-12-07;19;0
5;2025-12-07;20;0
5;2025-12-07;21;0
5;2025-12-07;22;0
5;2025-12-07;23;0
5;2025-12-08;0;0
5;2025-12-08;1;0
5;2025-12-08;2;0
5;2025-12-08;3;0
5;2025-12-08;4;0
5;2025-12-08;5;0
5;2025-12-08;6;0
5;2025-12-08;7;0
5;2025-12-08;8;0
5;2025-12-08;9;0
5;2025-12-08;10;0
5;2025-12-08;11;0
5;2025-12-08;12;0
5;2025-12-08;13;0
5;2025-12-08;14;0
5;2025-12-08;15;0
5;2025-12-08;16;0
5;2025-12-08;17;0
5;2025-12-08;18;0
5;2025-12-08;19;0
5;2025-12-08;20;0
5;2025-12-08;21;0
5;2025-12-08;22;0
5;2025-12-08;23;0
5;2025-12-09;0;0
5;2025-12-09;1;0
5;2025-12-09;2;0
5;2025-12-09;3;0
5;2025-12-09;4;0
5;2025-12-09;5;0
5;2025-12-09;6;0
5;2025-12-09;7;0
5;2025-12-09;8;0
5;2025-12-09;9;0
5;2025-12-09;10;0
5;2025-12-09;11;0
5;2025-12-09;12;0
5;2025-12-09;13;0
5;2025-12-09;14;0
5;2025-12-09;15;0
5;2025-12-09;16;0
5;2025-12-09;17;0
5;2025-12-09;18;0
5;2025-12-09;19;0
5;2025-12-09;20;0
5;2025-12-09;21;0
5;2025-12-09;22;0
5;2025-12-09;23;0
5;2025-12-10;0;0
5;2025-12-10;1;0
5;2025-12-10;2;0
5;2025-12-10;3;0
5;2025-12-10;4;0
5;2025-12-10;5;0
5;2025-12-10;6;0
5;2025-12-10;7;0
5;2025-12-10;8;0
5;2025-12-10;9;0
5;2025-12-10;10;0
5;2025-12-10;11;0
5;2025-12-10;12;0
5;2025-12-10;13;0
5;2025-12-10;14;0
5;2025-12-10;15;0
5;2025-12-10;16;0
5;2025-12-10;17;0
5;2025-12-10;18;0
5;2025-12-10;19;0
5;2025-12-10;20;0
5;2025-12-10;21;0
5;2025-12-10;22;0
5;2025-12-10;23;0
5;2025-12-11;0;0
5;2025-12-11;1;0
5;2025-12-11;2;0
5;2025-12-11;3;0
5;2025-12-11;4;0
5;2025-12-11;5;0
5;2025-12-11;6;0
5;2025-12-11;7;0
5;2025-12-11;8;0
5;2025-12-11;9;0
5;2025-12-11;10;0
5;2025-12-11;11;0
5;2025-12-11;12;0
5;2025-12-11;13;0
5;2025-12-11;14;0
5;2025-12-11;15;0
5;2025-12-11;16;0
5;2025-12-11;17;0
5;2025-12-11;18;0
5;2025-12-11;19;0
5;2025-12-11;20;0
5;2025-12-11;21;0
5;2025-12-11;22;0
5;2025-12-11;23;0
5;2025-12-12;0;0
5;2025-12-12;1;0
5;2025-12-12;2;0
5;2025-12-12;3;0
5;2025-12-12;4;0
5;2025-12-12;5;0
5;2025-12-12;6;0
5;2025-12-12;7;0
5;2025-12-12;8;0
5;2025-12-12;9;0
5;2025-12-12;10;0
5;2025-12-12;11;0
5;2025-12-12;12;0
5;2025-12-12;13;0
5;2025-12-12;14;0
5;2025-12-12;15;0
5;2025-12-12;16;0
5;2025-12-12;17;0
5;2025-12-12;18;0
5;2025-12-12;19;0
5;2025-12-12;20;0
5;2025-12-12;21;0
5;2025-12-12;22;0
5;2025-12-12;23;0
5;2025-12-13;0;0
5;2025-12-13;1;0
5;2025-12-13;2;0
5;2025-12-13;3;0
5;2025-12-13;4;0
5;2025-12-13;5;0
5;2025-12-13;6;0
5;2025-12-13;7;0
5;2025-12-13;8;0
5;2025-12-13;9;0
5;2025-12-13;10;0
5;2025-12-13;11;0
5;2025-12-13;12;0
5;2025-12-13;13;0
5;2025-12-13;14;0
5;2025-12-13;15;0
5;2025-12-13;16;0
5;2025-12-13;17;0
5;2025-12-13;18;0
5;2025-12-13;19;0
5;2025-12-13;20;0
5;2025-12-13;21;0
5;2025-12-13;22;0
5;2025-12-13;23;0
5;2025-12-14;0;0
5;2025-12-14;1;0
5;2025-12-14;2;0
5;2025-12-14;3;0
5;2025-12-14;4;0
5;2025-12-14;5;0
5;2025-12-14;6;0
5;2025-12-14;7;0
5;2025-12-14;8;0
5;2025-12-14;9;0
5;2025-12-14;10;0
5;2025-12-14;11;0
5;2025-12-14;12;0
5;2025-12-14;13;0
5;2025-12-14;14;0
5;2025-12-14;15;0
5;2025-12-14;16;0
5;2025-12-14;17;0
5;2025-12-14;18;0
5;2025-12-14;19;0
5;2025-12-14;20;0
5;2025-12-14;21;0
5;2025-12-14;22;0
5;2025-12-14;23;0
5;2025-12-15;0;0
5;2025-12-15;1;0
5;2025-12-15;2;0
5;2025-12-15;3;0
5;2025-12-15;4;0
5;2025-12-15;5;0
5;2025-12-15;6;0
5;2025-12-15;7;0
5;2025-12-15;8;0
5;2025-12-15;9;0
5;2025-12-15;10;0
5;2025-12-15;11;0
5;2025-12-15;12;0
5;2025-12-15;13;0
5;2025-12-15;14;0
5;2025-12-15;15;0
5;2025-12-15;16;0
5;2025-12-15;17;0
5;2025-12-15;18;0
5;2025-12-15;19;0
5;2025-12-15;20;0
5;2025-12-15;21;0
5;2025-12-15;22;0
5;2025-12-15;23;0
5;2025-12-16;0;0
5;2025-12-16;1;0
5;2025-12-16;2;0
5;2025-12-16;3;0
5;2025-12-16;4;0
5;2025-12-16;5;0
5;2025-12-16;6;0
5;2025-12-16;7;0
5;2025-12-16;8;0
5;2025-12-16;9;0
5;2025-12-16;10;0
5;2025-12-16;11;0
5;2025-12-16;12;0
5;2025-12-16;13;0
5;2025-12-16;14;0
5;2025-12-16;15;0
5;2025-12-16;16;0
5;2025-12-16;17;0
5;2025-12-16;18;551
5;2025-12-16;19;330
5;2025-12-16;20;229
5;2025-12-16;21;157
5;2025-12-16;22;68
5;2025-12-16;23;42
5;2025-12-17;0;12
5;2025-12-17;1;0
5;2025-12-17;2;0
5;2025-12-17;3;0
5;2025-12-17;4;7
5;2025-12-17;5;24
5;2025-12-17;6;133
5;2025-12-17;7;389
5;2025-12-17;8;633
5;2025-12-17;9;499
5;2025-12-17;10;407
5;2025-12-17;11;370
5;2025-12-17;12;347
5;2025-12-17;13;370
5;2025-12-17;14;352
5;2025-12-17;15;406
5;2025-12-17;16;430
5;2025-12-17;17;564
5;2025-12-17;18;551
5;2025-12-17;19;330
5;2025-12-17;20;229
5;2025-12-17;21;157
5;2025-12-17;22;68
5;2025-12-17;23;42
5;2025-12-18;0;12
5;2025-12-18;1;0
5;2025-12-18;2;0
5;2025-12-18;3;0
5;2025-12-18;4;7
5;2025-12-18;5;24
5;2025-12-18;6;133
5;2025-12-18;7;391
5;2025-12-18;8;633
5;2025-12-18;9;499
5;2025-12-18;10;407
5;2025-12-18;11;370
5;2025-12-18;12;347
5;2025-12-18;13;370
5;2025-12-18;14;352
5;2025-12-18;15;406
5;2025-12-18;16;430
5;2025-12-18;17;564
5;2025-12-18;18;550
5;2025-12-18;19;331
5;2025-12-18;20;229
5;2025-12-18;21;157
5;2025-12-18;22;68
5;2025-12-18;23;42
5;2025-12-19;0;12
5;2025-12-19;1;0
5;2025-12-19;2;0
5;2025-12-19;3;0
5;2025-12-19;4;7
5;2025-12-19;5;24
5;2025-12-19;6;133
5;2025-12-19;7;391
5;2025-12-19;8;633
5;2025-12-19;9;498
5;2025-12-19;10;407
5;2025-12-19;11;370
5;2025-12-19;12;347
5;2025-12-19;13;370
5;2025-12-19;14;352
5;2025-12-19;15;406
5;2025-12-19;16;429
5;2025-12-19;17;564
5;2025-12-19;18;550
5;2025-12-19;19;331
5;2025-12-19;20;229
5;2025-12-19;21;157
5;2025-12-19;22;68
5;2025-12-19;23;42
5;2025-12-20;0;10
5;2025-12-20;1;0
5;2025-12-20;2;0
5;2025-12-20;3;0
5;2025-12-20;4;0
5;2025-12-20;5;16
5;2025-12-20;6;82
5;2025-12-20;7;253
5;2025-12-20;8;408
5;2025-12-20;9;322
5;2025-12-20;10;249
5;2025-12-20;11;226
5;2025-12-20;12;212
5;2025-12-20;13;226
5;2025-12-20;14;214
5;2025-12-20;15;247
5;2025-12-20;16;263
5;2025-12-20;17;345
5;2025-12-20;18;336
5;2025-12-20;19;203
5;2025-12-20;20;140
5;2025-12-20;21;96
5;2025-12-20;22;43
5;2025-12-20;23;28
5;2025-12-21;0;10
5;2025-12-21;1;0
5;2025-12-21;2;0
5;2025-12-21;3;0
5;2025-12-21;4;0
5;2025-12-21;5;15
5;2025-12-21;6;69
5;2025-12-21;7;212
5;2025-12-21;8;341
5;2025-12-21;9;270
5;2025-12-21;10;209
5;2025-12-21;11;190
5;2025-12-21;12;179
5;2025-12-21;13;189
5;2025-12-21;14;178
5;2025-12-21;15;209
5;2025-12-21;16;222
5;2025-12-21;17;289
5;2025-12-21;18;282
5;2025-12-21;19;172
5;2025-12-21;20;118
5;2025-12-21;21;82
5;2025-12-21;22;37
5;2025-12-21;23;24
5;2025-12-22;0;12
5;2025-12-22;1;0
5;2025-12-22;2;0
5;2025-12-22;3;0
5;2025-12-22;4;7
5;2025-12-22;5;23
5;2025-12-22;6;133
5;2025-12-22;7;389
5;2025-12-22;8;631
5;2025-12-22;9;498
5;2025-12-22;10;404
5;2025-12-22;11;368
5;2025-12-22;12;348
5;2025-12-22;13;368
5;2025-12-22;14;350
5;2025-12-22;15;403
5;2025-12-22;16;427
5;2025-12-22;17;562
5;2025-12-22;18;547
5;2025-12-22;19;329
5;2025-12-22;20;229
5;2025-12-22;21;155
5;2025-12-22;22;67
5;2025-12-22;23;41
5;2025-12-23;0;12
5;2025-12-23;1;0
5;2025-12-23;2;0
5;2025-12-23;3;0
5;2025-12-23;4;6
5;2025-12-23;5;23
5;2025-12-23;6;133
5;2025-12-23;7;389
5;2025-12-23;8;631
5;2025-12-23;9;497
5;2025-12-23;10;404
5;2025-12-23;11;368
5;2025-12-23;12;348
5;2025-12-23;13;366
5;2025-12-23;14;350
5;2025-12-23;15;403
5;2025-12-23;16;427
5;2025-12-23;17;562
5;2025-12-23;18;547
5;2025-12-23;19;329
5;2025-12-23;20;229
5;2025-12-23;21;155
5;2025-12-23;22;67
5;2025-12-23;23;41
5;2025-12-24;0;12
5;2025-12-24;1;0
5;2025-12-24;2;0
5;2025-12-24;3;0
5;2025-12-24;4;6
5;2025-12-24;5;23
5;2025-12-24;6;133
5;2025-12-24;7;389
5;2025-12-24;8;631
5;2025-12-24;9;496
5;2025-12-24;10;404
5;2025-12-24;11;366
5;2025-12-24;12;348
5;2025-12-24;13;366
5;2025-12-24;14;350
5;2025-12-24;15;403
5;2025-12-24;16;426
5;2025-12-24;17;562
5;2025-12-24;18;547
5;2025-12-24;19;329
5;2025-12-24;20;229
5;2025-12-24;21;155
5;2025-12-24;22;67
5;2025-12-24;23;41
5;2025-12-25;0;12
5;2025-12-25;1;0
5;2025-12-25;2;0
5;2025-12-25;3;0
5;2025-12-25;4;6
5;2025-12-25;5;23
5;2025-12-25;6;133
5;2025-12-25;7;389
5;2025-12-25;8;631
5;2025-12-25;9;496
5;2025-12-25;10;404
5;2025-12-25;11;366
5;2025-12-25;12;348
5;2025-12-25;13;366
5;2025-12-25;14;350
5;2025-12-25;15;403
5;2025-12-25;16;426
5;2025-12-25;17;562
5;2025-12-25;18;548
5;2025-12-25;19;329
5;2025-12-25;20;230
5;2025-12-25;21;155
5;2025-12-25;22;67
5;2025-12-25;23;41
5;2025-12-26;0;12
5;2025-12-26;1;0
5;2025-12-26;2;0
5;2025-12-26;3;0
5;2025-12-26;4;6
5;2025-12-26;5;23
5;2025-12-26;6;133
5;2025-12-26;7;388
5;2025-12-26;8;631
5;2025-12-26;9;497
5;2025-12-26;10;404
5;2025-12-26;11;366
5;2025-12-26;12;348
5;2025-12-26;13;366
5;2025-12-26;14;350
5;2025-12-26;15;403
5;2025-12-26;16;426
5;2025-12-26;17;562
5;2025-12-26;18;548
5;2025-12-26;19;329
5;2025-12-26;20;230
5;2025-12-26;21;155
5;2025-12-26;22;67
5;2025-12-26;23;41
5;2025-12-27;0;10
5;2025-12-27;1;0
5;2025-12-27;2;0
5;2025-12-27;3;0
5;2025-12-27;4;0
5;2025-12-27;5;16
5;2025-12-27;6;82
5;2025-12-27;7;253
5;2025-12-27;8;408
5;2025-12-27;9;322
5;2025-12-27;10;249
5;2025-12-27;11;226
5;2025-12-27;12;212
5;2025-12-27;13;226
5;2025-12-27;14;214
5;2025-12-27;15;247
5;2025-12-27;16;263
5;2025-12-27;17;345
5;2025-12-27;18;336
5;2025-12-27;19;203
5;2025-12-27;20;140
5;2025-12-27;21;96
5;2025-12-27;22;43
5;2025-12-27;23;28
5;2025-12-28;0;10
5;2025-12-28;1;0
5;2025-12-28;2;0
5;2025-12-28;3;0
5;2025-12-28;4;0
5;2025-12-28;5;15
5;2025-12-28;6;69
5;2025-12-28;7;212
5;2025-12-28;8;341
5;2025-12-28;9;270
5;2025-12-28;10;209
5;2025-12-28;11;190
5;2025-12-28;12;179
5;2025-12-28;13;189
5;2025-12-28;14;178
5;2025-12-28;15;209
5;2025-12-28;16;222
5;2025-12-28;17;289
5;2025-12-28;18;282
5;2025-12-28;19;172
5;2025-12-28;20;118
5;2025-12-28;21;82
5;2025-12-28;22;37
5;2025-12-28;23;24
5;2025-12-29;0;17
5;2025-12-29;1;0
5;2025-12-29;2;0
5;2025-12-29;3;0
5;2025-12-29;4;10
5;2025-12-29;5;30
5;2025-12-29;6;159
5;2025-12-29;7;444
5;2025-12-29;8;719
5;2025-12-29;9;570
5;2025-12-29;10;493
5;2025-12-29;11;443
5;2025-12-29;12;416
5;2025-12-29;13;443
5;2025-12-29;14;421
5;2025-12-29;15;492
5;2025-12-29;16;514
5;2025-12-29;17;672
5;2025-12-29;18;659
5;2025-12-29;19;393
5;2025-12-29;20;274
5;2025-12-29;21;186
5;2025-12-29;22;81
5;2025-12-29;23;50
5;2025-12-30;0;17
5;2025-12-30;1;0
5;2025-12-30;2;0
5;2025-12-30;3;0
5;2025-12-30;4;10
5;2025-12-30;5;30
5;2025-12-30;6;158
5;2025-12-30;7;444
5;2025-12-30;8;719
5;2025-12-30;9;570
5;2025-12-30;10;493
5;2025-12-30;11;443
5;2025-12-30;12;416
5;2025-12-30;13;441
5;2025-12-30;14;421
5;2025-12-30;15;492
5;2025-12-30;16;514
5;2025-12-30;17;672
5;2025-12-30;18;658
5;2025-12-30;19;395
5;2025-12-30;20;274
5;2025-12-30;21;186
5;2025-12-30;22;81
5;2025-12-30;23;50
5;2025-12-31;0;9
5;2025-12-31;1;0
5;2025-12-31;2;0
5;2025-12-31;3;0
5;2025-12-31;4;0
5;2025-12-31;5;15
5;2025-12-31;6;69
5;2025-12-31;7;212
5;2025-12-31;8;341
5;2025-12-31;9;270
5;2025-12-31;10;209
5;2025-12-31;11;190
5;2025-12-31;12;179
5;2025-12-31;13;189
5;2025-12-31;14;178
5;2025-12-31;15;209
5;2025-12-31;16;222
5;2025-12-31;17;289
5;2025-12-31;18;282
5;2025-12-31;19;172
5;2025-12-31;20;0
5;2025-12-31;21;0
5;2025-12-31;22;0
5;2025-12-31;23;0
7;2025-11-01;0;54
7;2025-11-01;1;10
7;2025-11-01;2;0
7;2025-11-01;3;0
7;2025-11-01;4;2
7;2025-11-01;5;151
7;2025-11-01;6;515
7;2025-11-01;7;1293
7;2025-11-01;8;1968
7;2025-11-01;9;1515
7;2025-11-01;10;1448
7;2025-11-01;11;1354
7;2025-11-01;12;1447
7;2025-11-01;13;1394
7;2025-11-01;14;1473
7;2025-11-01;15;1566
7;2025-11-01;16;1632
7;2025-11-01;17;1959
7;2025-11-01;18;2001
7;2025-11-01;19;1367
7;2025-11-01;20;910
7;2025-11-01;21;536
7;2025-11-01;22;236
7;2025-11-01;23;167
7;2025-11-02;0;96
7;2025-11-02;1;23
7;2025-11-02;2;0
7;2025-11-02;3;0
7;2025-11-02;4;2
7;2025-11-02;5;26
7;2025-11-02;6;131
7;2025-11-02;7;173
7;2025-11-02;8;388
7;2025-11-02;9;509
7;2025-11-02;10;395
7;2025-11-02;11;535
7;2025-11-02;12;651
7;2025-11-02;13;620
7;2025-11-02;14;678
7;2025-11-02;15;693
7;2025-11-02;16;590
7;2025-11-02;17;626
7;2025-11-02;18;648
7;2025-11-02;19;470
7;2025-11-02;20;401
7;2025-11-02;21;292
7;2025-11-02;22;154
7;2025-11-02;23;118
7;2025-11-03;0;91
7;2025-11-03;1;21
7;2025-11-03;2;0
7;2025-11-03;3;0
7;2025-11-03;4;0
7;2025-11-03;5;25
7;2025-11-03;6;124
7;2025-11-03;7;165
7;2025-11-03;8;369
7;2025-11-03;9;486
7;2025-11-03;10;374
7;2025-11-03;11;507
7;2025-11-03;12;619
7;2025-11-03;13;589
7;2025-11-03;14;643
7;2025-11-03;15;657
7;2025-11-03;16;560
7;2025-11-03;17;595
7;2025-11-03;18;618
7;2025-11-03;19;447
7;2025-11-03;20;381
7;2025-11-03;21;276
7;2025-11-03;22;146
7;2025-11-03;23;112
7;2025-11-04;0;91
7;2025-11-04;1;21
7;2025-11-04;2;0
7;2025-11-04;3;0
7;2025-11-04;4;0
7;2025-11-04;5;25
7;2025-11-04;6;124
7;2025-11-04;7;165
7;2025-11-04;8;369
7;2025-11-04;9;484
7;2025-11-04;10;374
7;2025-11-04;11;509
7;2025-11-04;12;620
7;2025-11-04;13;588
7;2025-11-04;14;642
7;2025-11-04;15;656
7;2025-11-04;16;558
7;2025-11-04;17;594
7;2025-11-04;18;618
7;2025-11-04;19;448
7;2025-11-04;20;381
7;2025-11-04;21;278
7;2025-11-04;22;147
7;2025-11-04;23;112
7;2025-11-05;0;54
7;2025-11-05;1;7
7;2025-11-05;2;0
7;2025-11-05;3;0
7;2025-11-05;4;2
7;2025-11-05;5;186
7;2025-11-05;6;608
7;2025-11-05;7;1526
7;2025-11-05;8;2457
7;2025-11-05;9;1827
7;2025-11-05;10;1735
7;2025-11-05;11;1566
7;2025-11-05;12;1667
7;2025-11-05;13;1575
7;2025-11-05;14;1673
7;2025-11-05;15;1801
7;2025-11-05;16;1865
7;2025-11-05;17;2393
7;2025-11-05;18;2536
7;2025-11-05;19;1652
7;2025-11-05;20;1050
7;2025-11-05;21;618
7;2025-11-05;22;299
7;2025-11-05;23;187
7;2025-11-06;0;58
7;2025-11-06;1;10
7;2025-11-06;2;0
7;2025-11-06;3;0
7;2025-11-06;4;2
7;2025-11-06;5;187
7;2025-11-06;6;623
7;2025-11-06;7;1580
7;2025-11-06;8;2466
7;2025-11-06;9;1835
7;2025-11-06;10;1704
7;2025-11-06;11;1564
7;2025-11-06;12;1697
7;2025-11-06;13;1595
7;2025-11-06;14;1719
7;2025-11-06;15;1794
7;2025-11-06;16;1874
7;2025-11-06;17;2386
7;2025-11-06;18;2590
7;2025-11-06;19;1661
7;2025-11-06;20;1071
7;2025-11-06;21;630
7;2025-11-06;22;304
7;2025-11-06;23;197
7;2025-11-07;0;65
7;2025-11-07;1;10
7;2025-11-07;2;0
7;2025-11-07;3;0
7;2025-11-07;4;2
7;2025-11-07;5;179
7;2025-11-07;6;605
7;2025-11-07;7;1537
7;2025-11-07;8;2357
7;2025-11-07;9;1767
7;2025-11-07;10;1701
7;2025-11-07;11;1591
7;2025-11-07;12;1713
7;2025-11-07;13;1677
7;2025-11-07;14;1761
7;2025-11-07;15;1897
7;2025-11-07;16;2018
7;2025-11-07;17;2375
7;2025-11-07;18;2164
7;2025-11-07;19;1485
7;2025-11-07;20;1032
7;2025-11-07;21;611
7;2025-11-07;22;316
7;2025-11-07;23;226
7;2025-11-08;0;113
7;2025-11-08;1;23
7;2025-11-08;2;0
7;2025-11-08;3;0
7;2025-11-08;4;2
7;2025-11-08;5;51
7;2025-11-08;6;273
7;2025-11-08;7;309
7;2025-11-08;8;694
7;2025-11-08;9;586
7;2025-11-08;10;628
7;2025-11-08;11;669
7;2025-11-08;12;929
7;2025-11-08;13;845
7;2025-11-08;14;847
7;2025-11-08;15;839
7;2025-11-08;16;852
7;2025-11-08;17;849
7;2025-11-08;18;751
7;2025-11-08;19;622
7;2025-11-08;20;503
7;2025-11-08;21;364
7;2025-11-08;22;195
7;2025-11-08;23;166
7;2025-11-09;0;96
7;2025-11-09;1;22
7;2025-11-09;2;0
7;2025-11-09;3;0
7;2025-11-09;4;2
7;2025-11-09;5;26
7;2025-11-09;6;131
7;2025-11-09;7;172
7;2025-11-09;8;388
7;2025-11-09;9;509
7;2025-11-09;10;394
7;2025-11-09;11;535
7;2025-11-09;12;651
7;2025-11-09;13;621
7;2025-11-09;14;678
7;2025-11-09;15;693
7;2025-11-09;16;590
7;2025-11-09;17;627
7;2025-11-09;18;648
7;2025-11-09;19;469
7;2025-11-09;20;401
7;2025-11-09;21;292
7;2025-11-09;22;154
7;2025-11-09;23;118
7;2025-11-10;0;59
7;2025-11-10;1;8
7;2025-11-10;2;0
7;2025-11-10;3;0
7;2025-11-10;4;2
7;2025-11-10;5;184
7;2025-11-10;6;616
7;2025-11-10;7;1576
7;2025-11-10;8;2490
7;2025-11-10;9;1827
7;2025-11-10;10;1686
7;2025-11-10;11;1526
7;2025-11-10;12;1651
7;2025-11-10;13;1584
7;2025-11-10;14;1673
7;2025-11-10;15;1795
7;2025-11-10;16;1876
7;2025-11-10;17;2387
7;2025-11-10;18;2540
7;2025-11-10;19;1678
7;2025-11-10;20;1061
7;2025-11-10;21;595
7;2025-11-10;22;277
7;2025-11-10;23;173
7;2025-11-11;0;52
7;2025-11-11;1;8
7;2025-11-11;2;0
7;2025-11-11;3;0
7;2025-11-11;4;2
7;2025-11-11;5;187
7;2025-11-11;6;630
7;2025-11-11;7;1596
7;2025-11-11;8;2497
7;2025-11-11;9;1847
7;2025-11-11;10;1722
7;2025-11-11;11;1605
7;2025-11-11;12;1695
7;2025-11-11;13;1618
7;2025-11-11;14;1684
7;2025-11-11;15;1824
7;2025-11-11;16;1875
7;2025-11-11;17;2412
7;2025-11-11;18;2570
7;2025-11-11;19;1709
7;2025-11-11;20;1083
7;2025-11-11;21;628
7;2025-11-11;22;297
7;2025-11-11;23;186
7;2025-11-12;0;53
7;2025-11-12;1;8
7;2025-11-12;2;0
7;2025-11-12;3;0
7;2025-11-12;4;2
7;2025-11-12;5;186
7;2025-11-12;6;617
7;2025-11-12;7;1542
7;2025-11-12;8;2472
7;2025-11-12;9;1843
7;2025-11-12;10;1732
7;2025-11-12;11;1554
7;2025-11-12;12;1654
7;2025-11-12;13;1568
7;2025-11-12;14;1673
7;2025-11-12;15;1807
7;2025-11-12;16;1872
7;2025-11-12;17;2403
7;2025-11-12;18;2522
7;2025-11-12;19;1645
7;2025-11-12;20;1051
7;2025-11-12;21;627
7;2025-11-12;22;300
7;2025-11-12;23;189
7;2025-11-13;0;57
7;2025-11-13;1;10
7;2025-11-13;2;0
7;2025-11-13;3;0
7;2025-11-13;4;2
7;2025-11-13;5;185
7;2025-11-13;6;624
7;2025-11-13;7;1554
7;2025-11-13;8;2470
7;2025-11-13;9;1846
7;2025-11-13;10;1697
7;2025-11-13;11;1553
7;2025-11-13;12;1686
7;2025-11-13;13;1601
7;2025-11-13;14;1704
7;2025-11-13;15;1792
7;2025-11-13;16;1885
7;2025-11-13;17;2392
7;2025-11-13;18;2577
7;2025-11-13;19;1661
7;2025-11-13;20;1074
7;2025-11-13;21;634
7;2025-11-13;22;305
7;2025-11-13;23;195
7;2025-11-14;0;63
7;2025-11-14;1;10
7;2025-11-14;2;0
7;2025-11-14;3;0
7;2025-11-14;4;2
7;2025-11-14;5;181
7;2025-11-14;6;619
7;2025-11-14;7;1558
7;2025-11-14;8;2385
7;2025-11-14;9;1808
7;2025-11-14;10;1728
7;2025-11-14;11;1601
7;2025-11-14;12;1713
7;2025-11-14;13;1680
7;2025-11-14;14;1783
7;2025-11-14;15;1919
7;2025-11-14;16;2037
7;2025-11-14;17;2388
7;2025-11-14;18;2162
7;2025-11-14;19;1515
7;2025-11-14;20;1044
7;2025-11-14;21;621
7;2025-11-14;22;320
7;2025-11-14;23;225
7;2025-11-15;0;102
7;2025-11-15;1;28
7;2025-11-15;2;0
7;2025-11-15;3;0
7;2025-11-15;4;0
7;2025-11-15;5;58
7;2025-11-15;6;329
7;2025-11-15;7;498
7;2025-11-15;8;821
7;2025-11-15;9;916
7;2025-11-15;10;968
7;2025-11-15;11;1118
7;2025-11-15;12;1380
7;2025-11-15;13;1320
7;2025-11-15;14;1435
7;2025-11-15;15;1263
7;2025-11-15;16;1214
7;2025-11-15;17;1219
7;2025-11-15;18;1134
7;2025-11-15;19;1128
7;2025-11-15;20;827
7;2025-11-15;21;652
7;2025-11-15;22;363
7;2025-11-15;23;222
7;2025-11-16;0;116
7;2025-11-16;1;29
7;2025-11-16;2;0
7;2025-11-16;3;0
7;2025-11-16;4;0
7;2025-11-16;5;35
7;2025-11-16;6;215
7;2025-11-16;7;343
7;2025-11-16;8;556
7;2025-11-16;9;744
7;2025-11-16;10;790
7;2025-11-16;11;999
7;2025-11-16;12;1155
7;2025-11-16;13;1178
7;2025-11-16;14;1272
7;2025-11-16;15;1251
7;2025-11-16;16;1126
7;2025-11-16;17;1219
7;2025-11-16;18;1055
7;2025-11-16;19;881
7;2025-11-16;20;755
7;2025-11-16;21;601
7;2025-11-16;22;346
7;2025-11-16;23;193
7;2025-11-17;0;59
7;2025-11-17;1;9
7;2025-11-17;2;0
7;2025-11-17;3;0
7;2025-11-17;4;2
7;2025-11-17;5;186
7;2025-11-17;6;624
7;2025-11-17;7;1566
7;2025-11-17;8;2466
7;2025-11-17;9;1828
7;2025-11-17;10;1670
7;2025-11-17;11;1479
7;2025-11-17;12;1586
7;2025-11-17;13;1545
7;2025-11-17;14;1640
7;2025-11-17;15;1751
7;2025-11-17;16;1823
7;2025-11-17;17;2365
7;2025-11-17;18;2525
7;2025-11-17;19;1682
7;2025-11-17;20;1049
7;2025-11-17;21;604
7;2025-11-17;22;281
7;2025-11-17;23;174
7;2025-11-18;0;52
7;2025-11-18;1;11
7;2025-11-18;2;0
7;2025-11-18;3;0
7;2025-11-18;4;2
7;2025-11-18;5;185
7;2025-11-18;6;632
7;2025-11-18;7;1539
7;2025-11-18;8;2373
7;2025-11-18;9;1826
7;2025-11-18;10;1669
7;2025-11-18;11;1510
7;2025-11-18;12;1628
7;2025-11-18;13;1533
7;2025-11-18;14;1601
7;2025-11-18;15;1732
7;2025-11-18;16;1777
7;2025-11-18;17;2332
7;2025-11-18;18;2485
7;2025-11-18;19;1646
7;2025-11-18;20;1068
7;2025-11-18;21;610
7;2025-11-18;22;294
7;2025-11-18;23;179
7;2025-11-19;0;53
7;2025-11-19;1;7
7;2025-11-19;2;0
7;2025-11-19;3;0
7;2025-11-19;4;2
7;2025-11-19;5;188
7;2025-11-19;6;640
7;2025-11-19;7;1570
7;2025-11-19;8;2524
7;2025-11-19;9;1900
7;2025-11-19;10;1788
7;2025-11-19;11;1608
7;2025-11-19;12;1686
7;2025-11-19;13;1609
7;2025-11-19;14;1733
7;2025-11-19;15;1863
7;2025-11-19;16;1916
7;2025-11-19;17;2448
7;2025-11-19;18;2556
7;2025-11-19;19;1690
7;2025-11-19;20;1057
7;2025-11-19;21;628
7;2025-11-19;22;305
7;2025-11-19;23;191
7;2025-11-20;0;57
7;2025-11-20;1;10
7;2025-11-20;2;0
7;2025-11-20;3;0
7;2025-11-20;4;2
7;2025-11-20;5;186
7;2025-11-20;6;640
7;2025-11-20;7;1589
7;2025-11-20;8;2528
7;2025-11-20;9;1892
7;2025-11-20;10;1740
7;2025-11-20;11;1572
7;2025-11-20;12;1694
7;2025-11-20;13;1625
7;2025-11-20;14;1735
7;2025-11-20;15;1818
7;2025-11-20;16;1913
7;2025-11-20;17;2430
7;2025-11-20;18;2601
7;2025-11-20;19;1698
7;2025-11-20;20;1078
7;2025-11-20;21;639
7;2025-11-20;22;308
7;2025-11-20;23;197
7;2025-11-21;0;63
7;2025-11-21;1;10
7;2025-11-21;2;0
7;2025-11-21;3;0
7;2025-11-21;4;2
7;2025-11-21;5;183
7;2025-11-21;6;627
7;2025-11-21;7;1559
7;2025-11-21;8;2411
7;2025-11-21;9;1819
7;2025-11-21;10;1731
7;2025-11-21;11;1600
7;2025-11-21;12;1690
7;2025-11-21;13;1683
7;2025-11-21;14;1771
7;2025-11-21;15;1902
7;2025-11-21;16;2033
7;2025-11-21;17;2391
7;2025-11-21;18;2148
7;2025-11-21;19;1515
7;2025-11-21;20;1031
7;2025-11-21;21;616
7;2025-11-21;22;315
7;2025-11-21;23;226
7;2025-11-22;0;103
7;2025-11-22;1;28
7;2025-11-22;2;0
7;2025-11-22;3;0
7;2025-11-22;4;0
7;2025-11-22;5;58
7;2025-11-22;6;328
7;2025-11-22;7;499
7;2025-11-22;8;822
7;2025-11-22;9;916
7;2025-11-22;10;968
7;2025-11-22;11;1120
7;2025-11-22;12;1383
7;2025-11-22;13;1324
7;2025-11-22;14;1438
7;2025-11-22;15;1268
7;2025-11-22;16;1220
7;2025-11-22;17;1221
7;2025-11-22;18;1134
7;2025-11-22;19;1131
7;2025-11-22;20;829
7;2025-11-22;21;654
7;2025-11-22;22;364
7;2025-11-22;23;222
7;2025-11-23;0;116
7;2025-11-23;1;29
7;2025-11-23;2;0
7;2025-11-23;3;0
7;2025-11-23;4;0
7;2025-11-23;5;35
7;2025-11-23;6;215
7;2025-11-23;7;342
7;2025-11-23;8;555
7;2025-11-23;9;745
7;2025-11-23;10;790
7;2025-11-23;11;1000
7;2025-11-23;12;1157
7;2025-11-23;13;1178
7;2025-11-23;14;1274
7;2025-11-23;15;1252
7;2025-11-23;16;1127
7;2025-11-23;17;1221
7;2025-11-23;18;1055
7;2025-11-23;19;880
7;2025-11-23;20;755
7;2025-11-23;21;601
7;2025-11-23;22;346
7;2025-11-23;23;193
7;2025-11-24;0;58
7;2025-11-24;1;10
7;2025-11-24;2;0
7;2025-11-24;3;0
7;2025-11-24;4;2
7;2025-11-24;5;184
7;2025-11-24;6;624
7;2025-11-24;7;1529
7;2025-11-24;8;2397
7;2025-11-24;9;1825
7;2025-11-24;10;1641
7;2025-11-24;11;1441
7;2025-11-24;12;1572
7;2025-11-24;13;1515
7;2025-11-24;14;1605
7;2025-11-24;15;1715
7;2025-11-24;16;1781
7;2025-11-24;17;2323
7;2025-11-24;18;2499
7;2025-11-24;19;1659
7;2025-11-24;20;1040
7;2025-11-24;21;588
7;2025-11-24;22;276
7;2025-11-24;23;168
7;2025-11-25;0;50
7;2025-11-25;1;9
7;2025-11-25;2;0
7;2025-11-25;3;0
7;2025-11-25;4;2
7;2025-11-25;5;188
7;2025-11-25;6;649
7;2025-11-25;7;1599
7;2025-11-25;8;2530
7;2025-11-25;9;1884
7;2025-11-25;10;1754
7;2025-11-25;11;1597
7;2025-11-25;12;1671
7;2025-11-25;13;1614
7;2025-11-25;14;1711
7;2025-11-25;15;1829
7;2025-11-25;16;1886
7;2025-11-25;17;2431
7;2025-11-25;18;2550
7;2025-11-25;19;1728
7;2025-11-25;20;1068
7;2025-11-25;21;632
7;2025-11-25;22;298
7;2025-11-25;23;185
7;2025-11-26;0;54
7;2025-11-26;1;9
7;2025-11-26;2;0
7;2025-11-26;3;0
7;2025-11-26;4;3
7;2025-11-26;5;188
7;2025-11-26;6;634
7;2025-11-26;7;1538
7;2025-11-26;8;2493
7;2025-11-26;9;1867
7;2025-11-26;10;1738
7;2025-11-26;11;1529
7;2025-11-26;12;1621
7;2025-11-26;13;1557
7;2025-11-26;14;1666
7;2025-11-26;15;1782
7;2025-11-26;16;1849
7;2025-11-26;17;2397
7;2025-11-26;18;2505
7;2025-11-26;19;1641
7;2025-11-26;20;1032
7;2025-11-26;21;609
7;2025-11-26;22;295
7;2025-11-26;23;183
7;2025-11-27;0;59
7;2025-11-27;1;12
7;2025-11-27;2;0
7;2025-11-27;3;0
7;2025-11-27;4;2
7;2025-11-27;5;189
7;2025-11-27;6;636
7;2025-11-27;7;1578
7;2025-11-27;8;2474
7;2025-11-27;9;1867
7;2025-11-27;10;1707
7;2025-11-27;11;1523
7;2025-11-27;12;1648
7;2025-11-27;13;1584
7;2025-11-27;14;1681
7;2025-11-27;15;1762
7;2025-11-27;16;1852
7;2025-11-27;17;2384
7;2025-11-27;18;2552
7;2025-11-27;19;1635
7;2025-11-27;20;1058
7;2025-11-27;21;622
7;2025-11-27;22;297
7;2025-11-27;23;188
7;2025-11-28;0;62
7;2025-11-28;1;13
7;2025-11-28;2;0
7;2025-11-28;3;0
7;2025-11-28;4;3
7;2025-11-28;5;183
7;2025-11-28;6;621
7;2025-11-28;7;1526
7;2025-11-28;8;2382
7;2025-11-28;9;1809
7;2025-11-28;10;1698
7;2025-11-28;11;1548
7;2025-11-28;12;1670
7;2025-11-28;13;1653
7;2025-11-28;14;1738
7;2025-11-28;15;1858
7;2025-11-28;16;1998
7;2025-11-28;17;2364
7;2025-11-28;18;2133
7;2025-11-28;19;1491
7;2025-11-28;20;1023
7;2025-11-28;21;607
7;2025-11-28;22;311
7;2025-11-28;23;219
7;2025-11-29;0;102
7;2025-11-29;1;28
7;2025-11-29;2;0
7;2025-11-29;3;0
7;2025-11-29;4;0
7;2025-11-29;5;58
7;2025-11-29;6;327
7;2025-11-29;7;496
7;2025-11-29;8;819
7;2025-11-29;9;913
7;2025-11-29;10;965
7;2025-11-29;11;1117
7;2025-11-29;12;1382
7;2025-11-29;13;1321
7;2025-11-29;14;1437
7;2025-11-29;15;1266
7;2025-11-29;16;1218
7;2025-11-29;17;1218
7;2025-11-29;18;1130
7;2025-11-29;19;1127
7;2025-11-29;20;826
7;2025-11-29;21;652
7;2025-11-29;22;363
7;2025-11-29;23;221
7;2025-11-30;0;115
7;2025-11-30;1;29
7;2025-11-30;2;0
7;2025-11-30;3;0
7;2025-11-30;4;0
7;2025-11-30;5;35
7;2025-11-30;6;213
7;2025-11-30;7;340
7;2025-11-30;8;550
7;2025-11-30;9;742
7;2025-11-30;10;786
7;2025-11-30;11;996
7;2025-11-30;12;1154
7;2025-11-30;13;1175
7;2025-11-30;14;1271
7;2025-11-30;15;1249
7;2025-11-30;16;1124
7;2025-11-30;17;1218
7;2025-11-30;18;1051
7;2025-11-30;19;877
7;2025-11-30;20;752
7;2025-11-30;21;598
7;2025-11-30;22;344
7;2025-11-30;23;192
7;2025-12-01;0;55
7;2025-12-01;1;9
7;2025-12-01;2;0
7;2025-12-01;3;0
7;2025-12-01;4;1
7;2025-12-01;5;173
7;2025-12-01;6;595
7;2025-12-01;7;1446
7;2025-12-01;8;2325
7;2025-12-01;9;1732
7;2025-12-01;10;1574
7;2025-12-01;11;1387
7;2025-12-01;12;1489
7;2025-12-01;13;1462
7;2025-12-01;14;1546
7;2025-12-01;15;1642
7;2025-12-01;16;1728
7;2025-12-01;17;2212
7;2025-12-01;18;2335
7;2025-12-01;19;1560
7;2025-12-01;20;963
7;2025-12-01;21;552
7;2025-12-01;22;251
7;2025-12-01;23;155
7;2025-12-02;0;47
7;2025-12-02;1;8
7;2025-12-02;2;0
7;2025-12-02;3;0
7;2025-12-02;4;1
7;2025-12-02;5;175
7;2025-12-02;6;608
7;2025-12-02;7;1470
7;2025-12-02;8;2324
7;2025-12-02;9;1740
7;2025-12-02;10;1606
7;2025-12-02;11;1461
7;2025-12-02;12;1530
7;2025-12-02;13;1490
7;2025-12-02;14;1558
7;2025-12-02;15;1665
7;2025-12-02;16;1733
7;2025-12-02;17;2245
7;2025-12-02;18;2351
7;2025-12-02;19;1587
7;2025-12-02;20;984
7;2025-12-02;21;586
7;2025-12-02;22;269
7;2025-12-02;23;166
7;2025-12-03;0;50
7;2025-12-03;1;9
7;2025-12-03;2;0
7;2025-12-03;3;0
7;2025-12-03;4;1
7;2025-12-03;5;176
7;2025-12-03;6;600
7;2025-12-03;7;1438
7;2025-12-03;8;2339
7;2025-12-03;9;1761
7;2025-12-03;10;1640
7;2025-12-03;11;1451
7;2025-12-03;12;1530
7;2025-12-03;13;1488
7;2025-12-03;14;1570
7;2025-12-03;15;1678
7;2025-12-03;16;1762
7;2025-12-03;17;2274
7;2025-12-03;18;2362
7;2025-12-03;19;1548
7;2025-12-03;20;969
7;2025-12-03;21;585
7;2025-12-03;22;276
7;2025-12-03;23;171
7;2025-12-04;0;54
7;2025-12-04;1;10
7;2025-12-04;2;0
7;2025-12-04;3;0
7;2025-12-04;4;1
7;2025-12-04;5;174
7;2025-12-04;6;607
7;2025-12-04;7;1462
7;2025-12-04;8;2333
7;2025-12-04;9;1757
7;2025-12-04;10;1592
7;2025-12-04;11;1440
7;2025-12-04;12;1541
7;2025-12-04;13;1493
7;2025-12-04;14;1595
7;2025-12-04;15;1656
7;2025-12-04;16;1762
7;2025-12-04;17;2243
7;2025-12-04;18;2397
7;2025-12-04;19;1560
7;2025-12-04;20;985
7;2025-12-04;21;595
7;2025-12-04;22;283
7;2025-12-04;23;178
7;2025-12-05;0;59
7;2025-12-05;1;10
7;2025-12-05;2;0
7;2025-12-05;3;0
7;2025-12-05;4;1
7;2025-12-05;5;172
7;2025-12-05;6;594
7;2025-12-05;7;1436
7;2025-12-05;8;2241
7;2025-12-05;9;1700
7;2025-12-05;10;1604
7;2025-12-05;11;1462
7;2025-12-05;12;1552
7;2025-12-05;13;1573
7;2025-12-05;14;1648
7;2025-12-05;15;1759
7;2025-12-05;16;1907
7;2025-12-05;17;2225
7;2025-12-05;18;2001
7;2025-12-05;19;1403
7;2025-12-05;20;947
7;2025-12-05;21;574
7;2025-12-05;22;297
7;2025-12-05;23;211
7;2025-12-06;0;93
7;2025-12-06;1;25
7;2025-12-06;2;0
7;2025-12-06;3;0
7;2025-12-06;4;0
7;2025-12-06;5;54
7;2025-12-06;6;306
7;2025-12-06;7;472
7;2025-12-06;8;759
7;2025-12-06;9;865
7;2025-12-06;10;914
7;2025-12-06;11;1059
7;2025-12-06;12;1315
7;2025-12-06;13;1252
7;2025-12-06;14;1367
7;2025-12-06;15;1198
7;2025-12-06;16;1153
7;2025-12-06;17;1155
7;2025-12-06;18;1070
7;2025-12-06;19;1055
7;2025-12-06;20;781
7;2025-12-06;21;613
7;2025-12-06;22;339
7;2025-12-06;23;209
7;2025-12-07;0;106
7;2025-12-07;1;28
7;2025-12-07;2;0
7;2025-12-07;3;0
7;2025-12-07;4;0
7;2025-12-07;5;32
7;2025-12-07;6;202
7;2025-12-07;7;323
7;2025-12-07;8;516
7;2025-12-07;9;695
7;2025-12-07;10;746
7;2025-12-07;11;948
7;2025-12-07;12;1100
7;2025-12-07;13;1118
7;2025-12-07;14;1210
7;2025-12-07;15;1192
7;2025-12-07;16;1072
7;2025-12-07;17;1156
7;2025-12-07;18;993
7;2025-12-07;19;836
7;2025-12-07;20;711
7;2025-12-07;21;561
7;2025-12-07;22;320
7;2025-12-07;23;183
7;2025-12-08;0;56
7;2025-12-08;1;10
7;2025-12-08;2;0
7;2025-12-08;3;0
7;2025-12-08;4;1
7;2025-12-08;5;173
7;2025-12-08;6;599
7;2025-12-08;7;1451
7;2025-12-08;8;2316
7;2025-12-08;9;1744
7;2025-12-08;10;1574
7;2025-12-08;11;1373
7;2025-12-08;12;1477
7;2025-12-08;13;1462
7;2025-12-08;14;1544
7;2025-12-08;15;1633
7;2025-12-08;16;1730
7;2025-12-08;17;2216
7;2025-12-08;18;2344
7;2025-12-08;19;1566
7;2025-12-08;20;967
7;2025-12-08;21;554
7;2025-12-08;22;253
7;2025-12-08;23;154
7;2025-12-09;0;48
7;2025-12-09;1;8
7;2025-12-09;2;0
7;2025-12-09;3;0
7;2025-12-09;4;1
7;2025-12-09;5;177
7;2025-12-09;6;619
7;2025-12-09;7;1492
7;2025-12-09;8;2356
7;2025-12-09;9;1779
7;2025-12-09;10;1636
7;2025-12-09;11;1456
7;2025-12-09;12;1527
7;2025-12-09;13;1495
7;2025-12-09;14;1585
7;2025-12-09;15;1678
7;2025-12-09;16;1750
7;2025-12-09;17;2258
7;2025-12-09;18;2366
7;2025-12-09;19;1618
7;2025-12-09;20;992
7;2025-12-09;21;596
7;2025-12-09;22;277
7;2025-12-09;23;167
7;2025-12-10;0;50
7;2025-12-10;1;8
7;2025-12-10;2;0
7;2025-12-10;3;0
7;2025-12-10;4;1
7;2025-12-10;5;179
7;2025-12-10;6;613
7;2025-12-10;7;1457
7;2025-12-10;8;2362
7;2025-12-10;9;1785
7;2025-12-10;10;1648
7;2025-12-10;11;1445
7;2025-12-10;12;1514
7;2025-12-10;13;1479
7;2025-12-10;14;1588
7;2025-12-10;15;1687
7;2025-12-10;16;1764
7;2025-12-10;17;2279
7;2025-12-10;18;2373
7;2025-12-10;19;1576
7;2025-12-10;20;968
7;2025-12-10;21;591
7;2025-12-10;22;284
7;2025-12-10;23;174
7;2025-12-11;0;55
7;2025-12-11;1;10
7;2025-12-11;2;0
7;2025-12-11;3;0
7;2025-12-11;4;1
7;2025-12-11;5;178
7;2025-12-11;6;609
7;2025-12-11;7;1473
7;2025-12-11;8;2293
7;2025-12-11;9;1740
7;2025-12-11;10;1569
7;2025-12-11;11;1397
7;2025-12-11;12;1493
7;2025-12-11;13;1456
7;2025-12-11;14;1574
7;2025-12-11;15;1632
7;2025-12-11;16;1721
7;2025-12-11;17;2203
7;2025-12-11;18;2356
7;2025-12-11;19;1533
7;2025-12-11;20;964
7;2025-12-11;21;583
7;2025-12-11;22;281
7;2025-12-11;23;175
7;2025-12-12;0;61
7;2025-12-12;1;12
7;2025-12-12;2;0
7;2025-12-12;3;0
7;2025-12-12;4;2
7;2025-12-12;5;172
7;2025-12-12;6;594
7;2025-12-12;7;1417
7;2025-12-12;8;2189
7;2025-12-12;9;1711
7;2025-12-12;10;1606
7;2025-12-12;11;1431
7;2025-12-12;12;1526
7;2025-12-12;13;1550
7;2025-12-12;14;1608
7;2025-12-12;15;1710
7;2025-12-12;16;1854
7;2025-12-12;17;2152
7;2025-12-12;18;1956
7;2025-12-12;19;1389
7;2025-12-12;20;938
7;2025-12-12;21;553
7;2025-12-12;22;294
7;2025-12-12;23;208
7;2025-12-13;0;93
7;2025-12-13;1;25
7;2025-12-13;2;0
7;2025-12-13;3;0
7;2025-12-13;4;0
7;2025-12-13;5;54
7;2025-12-13;6;306
7;2025-12-13;7;471
7;2025-12-13;8;757
7;2025-12-13;9;866
7;2025-12-13;10;915
7;2025-12-13;11;1057
7;2025-12-13;12;1313
7;2025-12-13;13;1251
7;2025-12-13;14;1367
7;2025-12-13;15;1197
7;2025-12-13;16;1152
7;2025-12-13;17;1153
7;2025-12-13;18;1069
7;2025-12-13;19;1055
7;2025-12-13;20;778
7;2025-12-13;21;613
7;2025-12-13;22;339
7;2025-12-13;23;209
7;2025-12-14;0;105
7;2025-12-14;1;28
7;2025-12-14;2;0
7;2025-12-14;3;0
7;2025-12-14;4;0
7;2025-12-14;5;32
7;2025-12-14;6;202
7;2025-12-14;7;324
7;2025-12-14;8;515
7;2025-12-14;9;695
7;2025-12-14;10;748
7;2025-12-14;11;947
7;2025-12-14;12;1098
7;2025-12-14;13;1118
7;2025-12-14;14;1210
7;2025-12-14;15;1190
7;2025-12-14;16;1071
7;2025-12-14;17;1155
7;2025-12-14;18;991
7;2025-12-14;19;836
7;2025-12-14;20;710
7;2025-12-14;21;560
7;2025-12-14;22;319
7;2025-12-14;23;182
7;2025-12-15;0;54
7;2025-12-15;1;8
7;2025-12-15;2;0
7;2025-12-15;3;0
7;2025-12-15;4;1
7;2025-12-15;5;178
7;2025-12-15;6;615
7;2025-12-15;7;1468
7;2025-12-15;8;2320
7;2025-12-15;9;1739
7;2025-12-15;10;1559
7;2025-12-15;11;1364
7;2025-12-15;12;1437
7;2025-12-15;13;1452
7;2025-12-15;14;1529
7;2025-12-15;15;1618
7;2025-12-15;16;1716
7;2025-12-15;17;2195
7;2025-12-15;18;2329
7;2025-12-15;19;1585
7;2025-12-15;20;959
7;2025-12-15;21;553
7;2025-12-15;22;253
7;2025-12-15;23;153
7;2025-12-16;0;48
7;2025-12-16;1;8
7;2025-12-16;2;0
7;2025-12-16;3;0
7;2025-12-16;4;1
7;2025-12-16;5;181
7;2025-12-16;6;634
7;2025-12-16;7;1517
7;2025-12-16;8;2360
7;2025-12-16;9;1795
7;2025-12-16;10;1618
7;2025-12-16;11;1447
7;2025-12-16;12;1502
7;2025-12-16;13;1499
7;2025-12-16;14;1561
7;2025-12-16;15;1655
7;2025-12-16;16;1733
7;2025-12-16;17;2268
7;2025-12-16;18;2409
7;2025-12-16;19;1650
7;2025-12-16;20;999
7;2025-12-16;21;610
7;2025-12-16;22;283
7;2025-12-16;23;169
7;2025-12-17;0;50
7;2025-12-17;1;9
7;2025-12-17;2;0
7;2025-12-17;3;0
7;2025-12-17;4;1
7;2025-12-17;5;179
7;2025-12-17;6;619
7;2025-12-17;7;1467
7;2025-12-17;8;2337
7;2025-12-17;9;1778
7;2025-12-17;10;1640
7;2025-12-17;11;1442
7;2025-12-17;12;1508
7;2025-12-17;13;1474
7;2025-12-17;14;1577
7;2025-12-17;15;1676
7;2025-12-17;16;1763
7;2025-12-17;17;2266
7;2025-12-17;18;2363
7;2025-12-17;19;1569
7;2025-12-17;20;964
7;2025-12-17;21;586
7;2025-12-17;22;281
7;2025-12-17;23;172
7;2025-12-18;0;54
7;2025-12-18;1;10
7;2025-12-18;2;0
7;2025-12-18;3;0
7;2025-12-18;4;1
7;2025-12-18;5;178
7;2025-12-18;6;620
7;2025-12-18;7;1487
7;2025-12-18;8;2329
7;2025-12-18;9;1763
7;2025-12-18;10;1583
7;2025-12-18;11;1414
7;2025-12-18;12;1504
7;2025-12-18;13;1471
7;2025-12-18;14;1592
7;2025-12-18;15;1641
7;2025-12-18;16;1753
7;2025-12-18;17;2224
7;2025-12-18;18;2385
7;2025-12-18;19;1483
7;2025-12-18;20;978
7;2025-12-18;21;594
7;2025-12-18;22;287
7;2025-12-18;23;178
7;2025-12-19;0;61
7;2025-12-19;1;12
7;2025-12-19;2;0
7;2025-12-19;3;0
7;2025-12-19;4;2
7;2025-12-19;5;173
7;2025-12-19;6;608
7;2025-12-19;7;1444
7;2025-12-19;8;2231
7;2025-12-19;9;1708
7;2025-12-19;10;1590
7;2025-12-19;11;1437
7;2025-12-19;12;1510
7;2025-12-19;13;1550
7;2025-12-19;14;1630
7;2025-12-19;15;1734
7;2025-12-19;16;1902
7;2025-12-19;17;2198
7;2025-12-19;18;1981
7;2025-12-19;19;1409
7;2025-12-19;20;938
7;2025-12-19;21;569
7;2025-12-19;22;296
7;2025-12-19;23;211
7;2025-12-20;0;96
7;2025-12-20;1;25
7;2025-12-20;2;0
7;2025-12-20;3;0
7;2025-12-20;4;0
7;2025-12-20;5;55
7;2025-12-20;6;313
7;2025-12-20;7;479
7;2025-12-20;8;779
7;2025-12-20;9;882
7;2025-12-20;10;933
7;2025-12-20;11;1080
7;2025-12-20;12;1342
7;2025-12-20;13;1278
7;2025-12-20;14;1396
7;2025-12-20;15;1224
7;2025-12-20;16;1177
7;2025-12-20;17;1180
7;2025-12-20;18;1090
7;2025-12-20;19;1078
7;2025-12-20;20;795
7;2025-12-20;21;626
7;2025-12-20;22;346
7;2025-12-20;23;213
7;2025-12-21;0;109
7;2025-12-21;1;28
7;2025-12-21;2;0
7;2025-12-21;3;0
7;2025-12-21;4;0
7;2025-12-21;5;34
7;2025-12-21;6;208
7;2025-12-21;7;328
7;2025-12-21;8;528
7;2025-12-21;9;713
7;2025-12-21;10;762
7;2025-12-21;11;967
7;2025-12-21;12;1124
7;2025-12-21;13;1141
7;2025-12-21;14;1236
7;2025-12-21;15;1216
7;2025-12-21;16;1094
7;2025-12-21;17;1180
7;2025-12-21;18;1015
7;2025-12-21;19;851
7;2025-12-21;20;726
7;2025-12-21;21;573
7;2025-12-21;22;329
7;2025-12-21;23;186
7;2025-12-22;0;56
7;2025-12-22;1;10
7;2025-12-22;2;0
7;2025-12-22;3;0
7;2025-12-22;4;2
7;2025-12-22;5;178
7;2025-12-22;6;616
7;2025-12-22;7;1472
7;2025-12-22;8;2312
7;2025-12-22;9;1768
7;2025-12-22;10;1572
7;2025-12-22;11;1362
7;2025-12-22;12;1466
7;2025-12-22;13;1455
7;2025-12-22;14;1532
7;2025-12-22;15;1620
7;2025-12-22;16;1732
7;2025-12-22;17;2196
7;2025-12-22;18;2334
7;2025-12-22;19;1570
7;2025-12-22;20;977
7;2025-12-22;21;551
7;2025-12-22;22;258
7;2025-12-22;23;155
7;2025-12-23;0;46
7;2025-12-23;1;9
7;2025-12-23;2;0
7;2025-12-23;3;0
7;2025-12-23;4;2
7;2025-12-23;5;183
7;2025-12-23;6;658
7;2025-12-23;7;1536
7;2025-12-23;8;2430
7;2025-12-23;9;1827
7;2025-12-23;10;1653
7;2025-12-23;11;1438
7;2025-12-23;12;1510
7;2025-12-23;13;1497
7;2025-12-23;14;1592
7;2025-12-23;15;1692
7;2025-12-23;16;1775
7;2025-12-23;17;2256
7;2025-12-23;18;2372
7;2025-12-23;19;1671
7;2025-12-23;20;997
7;2025-12-23;21;596
7;2025-12-23;22;285
7;2025-12-23;23;170
7;2025-12-24;0;52
7;2025-12-24;1;7
7;2025-12-24;2;0
7;2025-12-24;3;0
7;2025-12-24;4;2
7;2025-12-24;5;190
7;2025-12-24;6;656
7;2025-12-24;7;1548
7;2025-12-24;8;2487
7;2025-12-24;9;1860
7;2025-12-24;10;1704
7;2025-12-24;11;1455
7;2025-12-24;12;1510
7;2025-12-24;13;1530
7;2025-12-24;14;1644
7;2025-12-24;15;1716
7;2025-12-24;16;1813
7;2025-12-24;17;2350
7;2025-12-24;18;2457
7;2025-12-24;19;1684
7;2025-12-24;20;1019
7;2025-12-24;21;635
7;2025-12-24;22;310
7;2025-12-24;23;184
7;2025-12-25;0;57
7;2025-12-25;1;11
7;2025-12-25;2;0
7;2025-12-25;3;0
7;2025-12-25;4;3
7;2025-12-25;5;184
7;2025-12-25;6;639
7;2025-12-25;7;1524
7;2025-12-25;8;2367
7;2025-12-25;9;1808
7;2025-12-25;10;1624
7;2025-12-25;11;1424
7;2025-12-25;12;1522
7;2025-12-25;13;1501
7;2025-12-25;14;1616
7;2025-12-25;15;1663
7;2025-12-25;16;1775
7;2025-12-25;17;2249
7;2025-12-25;18;2419
7;2025-12-25;19;1589
7;2025-12-25;20;996
7;2025-12-25;21;595
7;2025-12-25;22;298
7;2025-12-25;23;179
7;2025-12-26;0;60
7;2025-12-26;1;11
7;2025-12-26;2;0
7;2025-12-26;3;0
7;2025-12-26;4;2
7;2025-12-26;5;177
7;2025-12-26;6;613
7;2025-12-26;7;1444
7;2025-12-26;8;2181
7;2025-12-26;9;1700
7;2025-12-26;10;1554
7;2025-12-26;11;1398
7;2025-12-26;12;1474
7;2025-12-26;13;1493
7;2025-12-26;14;1591
7;2025-12-26;15;1683
7;2025-12-26;16;1828
7;2025-12-26;17;2149
7;2025-12-26;18;1975
7;2025-12-26;19;1402
7;2025-12-26;20;927
7;2025-12-26;21;560
7;2025-12-26;22;302
7;2025-12-26;23;213
7;2025-12-27;0;96
7;2025-12-27;1;25
7;2025-12-27;2;0
7;2025-12-27;3;0
7;2025-12-27;4;0
7;2025-12-27;5;55
7;2025-12-27;6;313
7;2025-12-27;7;479
7;2025-12-27;8;779
7;2025-12-27;9;881
7;2025-12-27;10;933
7;2025-12-27;11;1080
7;2025-12-27;12;1341
7;2025-12-27;13;1278
7;2025-12-27;14;1395
7;2025-12-27;15;1222
7;2025-12-27;16;1177
7;2025-12-27;17;1178
7;2025-12-27;18;1088
7;2025-12-27;19;1077
7;2025-12-27;20;794
7;2025-12-27;21;625
7;2025-12-27;22;346
7;2025-12-27;23;213
7;2025-12-28;0;109
7;2025-12-28;1;28
7;2025-12-28;2;0
7;2025-12-28;3;0
7;2025-12-28;4;0
7;2025-12-28;5;33
7;2025-12-28;6;208
7;2025-12-28;7;329
7;2025-12-28;8;528
7;2025-12-28;9;713
7;2025-12-28;10;763
7;2025-12-28;11;968
7;2025-12-28;12;1122
7;2025-12-28;13;1141
7;2025-12-28;14;1235
7;2025-12-28;15;1215
7;2025-12-28;16;1093
7;2025-12-28;17;1181
7;2025-12-28;18;1015
7;2025-12-28;19;852
7;2025-12-28;20;726
7;2025-12-28;21;573
7;2025-12-28;22;329
7;2025-12-28;23;186
7;2025-12-29;0;50
7;2025-12-29;1;9
7;2025-12-29;2;0
7;2025-12-29;3;0
7;2025-12-29;4;2
7;2025-12-29;5;159
7;2025-12-29;6;553
7;2025-12-29;7;1309
7;2025-12-29;8;2047
7;2025-12-29;9;1542
7;2025-12-29;10;1368
7;2025-12-29;11;1201
7;2025-12-29;12;1281
7;2025-12-29;13;1277
7;2025-12-29;14;1338
7;2025-12-29;15;1423
7;2025-12-29;16;1526
7;2025-12-29;17;1936
7;2025-12-29;18;2046
7;2025-12-29;19;1380
7;2025-12-29;20;851
7;2025-12-29;21;486
7;2025-12-29;22;225
7;2025-12-29;23;138
7;2025-12-30;0;44
7;2025-12-30;1;9
7;2025-12-30;2;0
7;2025-12-30;3;0
7;2025-12-30;4;2
7;2025-12-30;5;162
7;2025-12-30;6;571
7;2025-12-30;7;1343
7;2025-12-30;8;2065
7;2025-12-30;9;1582
7;2025-12-30;10;1410
7;2025-12-30;11;1256
7;2025-12-30;12;1319
7;2025-12-30;13;1311
7;2025-12-30;14;1366
7;2025-12-30;15;1461
7;2025-12-30;16;1543
7;2025-12-30;17;1960
7;2025-12-30;18;2053
7;2025-12-30;19;1419
7;2025-12-30;20;879
7;2025-12-30;21;520
7;2025-12-30;22;250
7;2025-12-30;23;148
7;2025-12-31;0;93
7;2025-12-31;1;22
7;2025-12-31;2;0
7;2025-12-31;3;0
7;2025-12-31;4;0
7;2025-12-31;5;30
7;2025-12-31;6;177
7;2025-12-31;7;279
7;2025-12-31;8;455
7;2025-12-31;9;598
7;2025-12-31;10;647
7;2025-12-31;11;822
7;2025-12-31;12;928
7;2025-12-31;13;954
7;2025-12-31;14;1035
7;2025-12-31;15;1009
7;2025-12-31;16;912
7;2025-12-31;17;982
7;2025-12-31;18;862
7;2025-12-31;19;728
7;2025-12-31;20;0
7;2025-12-31;21;0
7;2025-12-31;22;0
7;2025-12-31;23;0
11;2025-11-01;0;62
11;2025-11-01;1;0
11;2025-11-01;2;0
11;2025-11-01;3;0
11;2025-11-01;4;0
11;2025-11-01;5;218
11;2025-11-01;6;1131
11;2025-11-01;7;1996
11;2025-11-01;8;2574
11;2025-11-01;9;2004
11;2025-11-01;10;1737
11;2025-11-01;11;1700
11;2025-11-01;12;1776
11;2025-11-01;13;1828
11;2025-11-01;14;1890
11;2025-11-01;15;1829
11;2025-11-01;16;2005
11;2025-11-01;17;2423
11;2025-11-01;18;2414
11;2025-11-01;19;1861
11;2025-11-01;20;1200
11;2025-11-01;21;726
11;2025-11-01;22;337
11;2025-11-01;23;228
11;2025-11-02;0;111
11;2025-11-02;1;15
11;2025-11-02;2;0
11;2025-11-02;3;0
11;2025-11-02;4;0
11;2025-11-02;5;107
11;2025-11-02;6;511
11;2025-11-02;7;532
11;2025-11-02;8;753
11;2025-11-02;9;1008
11;2025-11-02;10;1095
11;2025-11-02;11;1549
11;2025-11-02;12;1671
11;2025-11-02;13;1639
11;2025-11-02;14;1725
11;2025-11-02;15;1710
11;2025-11-02;16;1602
11;2025-11-02;17;1766
11;2025-11-02;18;1309
11;2025-11-02;19;1092
11;2025-11-02;20;819
11;2025-11-02;21;608
11;2025-11-02;22;358
11;2025-11-02;23;248
11;2025-11-03;0;106
11;2025-11-03;1;16
11;2025-11-03;2;0
11;2025-11-03;3;0
11;2025-11-03;4;0
11;2025-11-03;5;125
11;2025-11-03;6;603
11;2025-11-03;7;643
11;2025-11-03;8;856
11;2025-11-03;9;997
11;2025-11-03;10;1029
11;2025-11-03;11;1419
11;2025-11-03;12;1509
11;2025-11-03;13;1496
11;2025-11-03;14;1592
11;2025-11-03;15;1592
11;2025-11-03;16;1457
11;2025-11-03;17;1712
11;2025-11-03;18;1393
11;2025-11-03;19;1184
11;2025-11-03;20;840
11;2025-11-03;21;609
11;2025-11-03;22;365
11;2025-11-03;23;242
11;2025-11-04;0;98
11;2025-11-04;1;18
11;2025-11-04;2;0
11;2025-11-04;3;0
11;2025-11-04;4;0
11;2025-11-04;5;119
11;2025-11-04;6;578
11;2025-11-04;7;609
11;2025-11-04;8;804
11;2025-11-04;9;943
11;2025-11-04;10;984
11;2025-11-04;11;1355
11;2025-11-04;12;1479
11;2025-11-04;13;1442
11;2025-11-04;14;1572
11;2025-11-04;15;1551
11;2025-11-04;16;1415
11;2025-11-04;17;1671
11;2025-11-04;18;1335
11;2025-11-04;19;1134
11;2025-11-04;20;827
11;2025-11-04;21;599
11;2025-11-04;22;356
11;2025-11-04;23;238
11;2025-11-05;0;65
11;2025-11-05;1;0
11;2025-11-05;2;0
11;2025-11-05;3;0
11;2025-11-05;4;0
11;2025-11-05;5;256
11;2025-11-05;6;1322
11;2025-11-05;7;2489
11;2025-11-05;8;3227
11;2025-11-05;9;2418
11;2025-11-05;10;2024
11;2025-11-05;11;1977
11;2025-11-05;12;2025
11;2025-11-05;13;2105
11;2025-11-05;14;2127
11;2025-11-05;15;2003
11;2025-11-05;16;2221
11;2025-11-05;17;2839
11;2025-11-05;18;3081
11;2025-11-05;19;2319
11;2025-11-05;20;1455
11;2025-11-05;21;849
11;2025-11-05;22;386
11;2025-11-05;23;242
11;2025-11-06;0;67
11;2025-11-06;1;0
11;2025-11-06;2;0
11;2025-11-06;3;0
11;2025-11-06;4;0
11;2025-11-06;5;259
11;2025-11-06;6;1360
11;2025-11-06;7;2480
11;2025-11-06;8;3233
11;2025-11-06;9;2484
11;2025-11-06;10;2104
11;2025-11-06;11;1964
11;2025-11-06;12;2062
11;2025-11-06;13;2121
11;2025-11-06;14;2168
11;2025-11-06;15;2036
11;2025-11-06;16;2299
11;2025-11-06;17;2845
11;2025-11-06;18;3105
11;2025-11-06;19;2305
11;2025-11-06;20;1482
11;2025-11-06;21;869
11;2025-11-06;22;407
11;2025-11-06;23;267
11;2025-11-07;0;71
11;2025-11-07;1;0
11;2025-11-07;2;0
11;2025-11-07;3;0
11;2025-11-07;4;0
11;2025-11-07;5;259
11;2025-11-07;6;1353
11;2025-11-07;7;2442
11;2025-11-07;8;3164
11;2025-11-07;9;2389
11;2025-11-07;10;2019
11;2025-11-07;11;1931
11;2025-11-07;12;2049
11;2025-11-07;13;2067
11;2025-11-07;14;2213
11;2025-11-07;15;2114
11;2025-11-07;16;2433
11;2025-11-07;17;2877
11;2025-11-07;18;2618
11;2025-11-07;19;2111
11;2025-11-07;20;1428
11;2025-11-07;21;877
11;2025-11-07;22;412
11;2025-11-07;23;304
11;2025-11-08;0;106
11;2025-11-08;1;4
11;2025-11-08;2;0
11;2025-11-08;3;0
11;2025-11-08;4;0
11;2025-11-08;5;183
11;2025-11-08;6;868
11;2025-11-08;7;794
11;2025-11-08;8;1084
11;2025-11-08;9;1217
11;2025-11-08;10;1400
11;2025-11-08;11;1746
11;2025-11-08;12;1994
11;2025-11-08;13;1882
11;2025-11-08;14;2043
11;2025-11-08;15;1917
11;2025-11-08;16;1840
11;2025-11-08;17;1948
11;2025-11-08;18;1545
11;2025-11-08;19;1525
11;2025-11-08;20;1025
11;2025-11-08;21;759
11;2025-11-08;22;434
11;2025-11-08;23;314
11;2025-11-09;0;114
11;2025-11-09;1;15
11;2025-11-09;2;0
11;2025-11-09;3;0
11;2025-11-09;4;0
11;2025-11-09;5;109
11;2025-11-09;6;511
11;2025-11-09;7;529
11;2025-11-09;8;748
11;2025-11-09;9;991
11;2025-11-09;10;1077
11;2025-11-09;11;1519
11;2025-11-09;12;1653
11;2025-11-09;13;1606
11;2025-11-09;14;1690
11;2025-11-09;15;1692
11;2025-11-09;16;1579
11;2025-11-09;17;1758
11;2025-11-09;18;1314
11;2025-11-09;19;1085
11;2025-11-09;20;824
11;2025-11-09;21;614
11;2025-11-09;22;362
11;2025-11-09;23;250
11;2025-11-10;0;71
11;2025-11-10;1;0
11;2025-11-10;2;0
11;2025-11-10;3;0
11;2025-11-10;4;0
11;2025-11-10;5;260
11;2025-11-10;6;1366
11;2025-11-10;7;2494
11;2025-11-10;8;3256
11;2025-11-10;9;2444
11;2025-11-10;10;1993
11;2025-11-10;11;1932
11;2025-11-10;12;1959
11;2025-11-10;13;2052
11;2025-11-10;14;2094
11;2025-11-10;15;2058
11;2025-11-10;16;2292
11;2025-11-10;17;2851
11;2025-11-10;18;3105
11;2025-11-10;19;2326
11;2025-11-10;20;1435
11;2025-11-10;21;817
11;2025-11-10;22;369
11;2025-11-10;23;224
11;2025-11-11;0;60
11;2025-11-11;1;0
11;2025-11-11;2;0
11;2025-11-11;3;0
11;2025-11-11;4;0
11;2025-11-11;5;252
11;2025-11-11;6;1363
11;2025-11-11;7;2526
11;2025-11-11;8;3313
11;2025-11-11;9;2486
11;2025-11-11;10;2065
11;2025-11-11;11;1945
11;2025-11-11;12;2016
11;2025-11-11;13;2103
11;2025-11-11;14;2170
11;2025-11-11;15;2050
11;2025-11-11;16;2294
11;2025-11-11;17;2870
11;2025-11-11;18;3095
11;2025-11-11;19;2311
11;2025-11-11;20;1473
11;2025-11-11;21;843
11;2025-11-11;22;379
11;2025-11-11;23;234
11;2025-11-12;0;65
11;2025-11-12;1;0
11;2025-11-12;2;0
11;2025-11-12;3;0
11;2025-11-12;4;0
11;2025-11-12;5;263
11;2025-11-12;6;1332
11;2025-11-12;7;2505
11;2025-11-12;8;3284
11;2025-11-12;9;2458
11;2025-11-12;10;2052
11;2025-11-12;11;1990
11;2025-11-12;12;2037
11;2025-11-12;13;2138
11;2025-11-12;14;2155
11;2025-11-12;15;2027
11;2025-11-12;16;2244
11;2025-11-12;17;2848
11;2025-11-12;18;3096
11;2025-11-12;19;2341
11;2025-11-12;20;1477
11;2025-11-12;21;856
11;2025-11-12;22;389
11;2025-11-12;23;244
11;2025-11-13;0;67
11;2025-11-13;1;0
11;2025-11-13;2;0
11;2025-11-13;3;0
11;2025-11-13;4;0
11;2025-11-13;5;261
11;2025-11-13;6;1358
11;2025-11-13;7;2509
11;2025-11-13;8;3276
11;2025-11-13;9;2523
11;2025-11-13;10;2140
11;2025-11-13;11;1999
11;2025-11-13;12;2096
11;2025-11-13;13;2169
11;2025-11-13;14;2201
11;2025-11-13;15;2083
11;2025-11-13;16;2358
11;2025-11-13;17;2883
11;2025-11-13;18;3142
11;2025-11-13;19;2330
11;2025-11-13;20;1508
11;2025-11-13;21;884
11;2025-11-13;22;411
11;2025-11-13;23;266
11;2025-11-14;0;70
11;2025-11-14;1;0
11;2025-11-14;2;0
11;2025-11-14;3;0
11;2025-11-14;4;0
11;2025-11-14;5;267
11;2025-11-14;6;1364
11;2025-11-14;7;2471
11;2025-11-14;8;3235
11;2025-11-14;9;2437
11;2025-11-14;10;2067
11;2025-11-14;11;1979
11;2025-11-14;12;2094
11;2025-11-14;13;2136
11;2025-11-14;14;2268
11;2025-11-14;15;2167
11;2025-11-14;16;2481
11;2025-11-14;17;2912
11;2025-11-14;18;2654
11;2025-11-14;19;2156
11;2025-11-14;20;1459
11;2025-11-14;21;885
11;2025-11-14;22;414
11;2025-11-14;23;302
11;2025-11-15;0;102
11;2025-11-15;1;5
11;2025-11-15;2;0
11;2025-11-15;3;0
11;2025-11-15;4;0
11;2025-11-15;5;182
11;2025-11-15;6;824
11;2025-11-15;7;764
11;2025-11-15;8;1054
11;2025-11-15;9;1186
11;2025-11-15;10;1329
11;2025-11-15;11;1670
11;2025-11-15;12;1911
11;2025-11-15;13;1811
11;2025-11-15;14;1914
11;2025-11-15;15;1804
11;2025-11-15;16;1774
11;2025-11-15;17;1876
11;2025-11-15;18;1493
11;2025-11-15;19;1462
11;2025-11-15;20;982
11;2025-11-15;21;734
11;2025-11-15;22;417
11;2025-11-15;23;298
11;2025-11-16;0;111
11;2025-11-16;1;15
11;2025-11-16;2;0
11;2025-11-16;3;0
11;2025-11-16;4;0
11;2025-11-16;5;110
11;2025-11-16;6;502
11;2025-11-16;7;527
11;2025-11-16;8;748
11;2025-11-16;9;996
11;2025-11-16;10;1069
11;2025-11-16;11;1535
11;2025-11-16;12;1662
11;2025-11-16;13;1652
11;2025-11-16;14;1722
11;2025-11-16;15;1710
11;2025-11-16;16;1603
11;2025-11-16;17;1766
11;2025-11-16;18;1322
11;2025-11-16;19;1092
11;2025-11-16;20;823
11;2025-11-16;21;625
11;2025-11-16;22;370
11;2025-11-16;23;254
11;2025-11-17;0;71
11;2025-11-17;1;0
11;2025-11-17;2;0
11;2025-11-17;3;0
11;2025-11-17;4;0
11;2025-11-17;5;263
11;2025-11-17;6;1358
11;2025-11-17;7;2474
11;2025-11-17;8;3274
11;2025-11-17;9;2473
11;2025-11-17;10;1979
11;2025-11-17;11;1938
11;2025-11-17;12;1945
11;2025-11-17;13;2062
11;2025-11-17;14;2070
11;2025-11-17;15;2040
11;2025-11-17;16;2283
11;2025-11-17;17;2837
11;2025-11-17;18;3103
11;2025-11-17;19;2358
11;2025-11-17;20;1454
11;2025-11-17;21;828
11;2025-11-17;22;373
11;2025-11-17;23;225
11;2025-11-18;0;63
11;2025-11-18;1;0
11;2025-11-18;2;0
11;2025-11-18;3;0
11;2025-11-18;4;0
11;2025-11-18;5;251
11;2025-11-18;6;1332
11;2025-11-18;7;2441
11;2025-11-18;8;3279
11;2025-11-18;9;2451
11;2025-11-18;10;1963
11;2025-11-18;11;1907
11;2025-11-18;12;1953
11;2025-11-18;13;2046
11;2025-11-18;14;2080
11;2025-11-18;15;1947
11;2025-11-18;16;2203
11;2025-11-18;17;2788
11;2025-11-18;18;3027
11;2025-11-18;19;2260
11;2025-11-18;20;1458
11;2025-11-18;21;827
11;2025-11-18;22;370
11;2025-11-18;23;227
11;2025-11-19;0;63
11;2025-11-19;1;0
11;2025-11-19;2;0
11;2025-11-19;3;0
11;2025-11-19;4;0
11;2025-11-19;5;267
11;2025-11-19;6;1327
11;2025-11-19;7;2529
11;2025-11-19;8;3326
11;2025-11-19;9;2482
11;2025-11-19;10;2069
11;2025-11-19;11;2047
11;2025-11-19;12;2080
11;2025-11-19;13;2241
11;2025-11-19;14;2245
11;2025-11-19;15;2089
11;2025-11-19;16;2307
11;2025-11-19;17;2880
11;2025-11-19;18;3139
11;2025-11-19;19;2359
11;2025-11-19;20;1496
11;2025-11-19;21;867
11;2025-11-19;22;396
11;2025-11-19;23;243
11;2025-11-20;0;66
11;2025-11-20;1;0
11;2025-11-20;2;0
11;2025-11-20;3;0
11;2025-11-20;4;0
11;2025-11-20;5;267
11;2025-11-20;6;1358
11;2025-11-20;7;2533
11;2025-11-20;8;3316
11;2025-11-20;9;2552
11;2025-11-20;10;2153
11;2025-11-20;11;2033
11;2025-11-20;12;2115
11;2025-11-20;13;2218
11;2025-11-20;14;2239
11;2025-11-20;15;2130
11;2025-11-20;16;2389
11;2025-11-20;17;2901
11;2025-11-20;18;3156
11;2025-11-20;19;2337
11;2025-11-20;20;1513
11;2025-11-20;21;885
11;2025-11-20;22;410
11;2025-11-20;23;265
11;2025-11-21;0;69
11;2025-11-21;1;0
11;2025-11-21;2;0
11;2025-11-21;3;0
11;2025-11-21;4;0
11;2025-11-21;5;267
11;2025-11-21;6;1361
11;2025-11-21;7;2469
11;2025-11-21;8;3251
11;2025-11-21;9;2453
11;2025-11-21;10;2059
11;2025-11-21;11;1991
11;2025-11-21;12;2099
11;2025-11-21;13;2161
11;2025-11-21;14;2278
11;2025-11-21;15;2187
11;2025-11-21;16;2493
11;2025-11-21;17;2911
11;2025-11-21;18;2647
11;2025-11-21;19;2149
11;2025-11-21;20;1448
11;2025-11-21;21;884
11;2025-11-21;22;414
11;2025-11-21;23;300
11;2025-11-22;0;102
11;2025-11-22;1;3
11;2025-11-22;2;0
11;2025-11-22;3;0
11;2025-11-22;4;0
11;2025-11-22;5;181
11;2025-11-22;6;830
11;2025-11-22;7;776
11;2025-11-22;8;1063
11;2025-11-22;9;1200
11;2025-11-22;10;1358
11;2025-11-22;11;1698
11;2025-11-22;12;1948
11;2025-11-22;13;1853
11;2025-11-22;14;1969
11;2025-11-22;15;1860
11;2025-11-22;16;1811
11;2025-11-22;17;1907
11;2025-11-22;18;1518
11;2025-11-22;19;1488
11;2025-11-22;20;998
11;2025-11-22;21;739
11;2025-11-22;22;414
11;2025-11-22;23;300
11;2025-11-23;0;110
11;2025-11-23;1;14
11;2025-11-23;2;0
11;2025-11-23;3;0
11;2025-11-23;4;0
11;2025-11-23;5;108
11;2025-11-23;6;493
11;2025-11-23;7;522
11;2025-11-23;8;744
11;2025-11-23;9;987
11;2025-11-23;10;1061
11;2025-11-23;11;1516
11;2025-11-23;12;1638
11;2025-11-23;13;1613
11;2025-11-23;14;1680
11;2025-11-23;15;1677
11;2025-11-23;16;1580
11;2025-11-23;17;1746
11;2025-11-23;18;1307
11;2025-11-23;19;1069
11;2025-11-23;20;814
11;2025-11-23;21;613
11;2025-11-23;22;360
11;2025-11-23;23;252
11;2025-11-24;0;74
11;2025-11-24;1;0
11;2025-11-24;2;0
11;2025-11-24;3;0
11;2025-11-24;4;0
11;2025-11-24;5;258
11;2025-11-24;6;1302
11;2025-11-24;7;2395
11;2025-11-24;8;3233
11;2025-11-24;9;2440
11;2025-11-24;10;1902
11;2025-11-24;11;1917
11;2025-11-24;12;1905
11;2025-11-24;13;2048
11;2025-11-24;14;2053
11;2025-11-24;15;1989
11;2025-11-24;16;2243
11;2025-11-24;17;2785
11;2025-11-24;18;3064
11;2025-11-24;19;2297
11;2025-11-24;20;1429
11;2025-11-24;21;810
11;2025-11-24;22;368
11;2025-11-24;23;218
11;2025-11-25;0;59
11;2025-11-25;1;0
11;2025-11-25;2;0
11;2025-11-25;3;0
11;2025-11-25;4;0
11;2025-11-25;5;258
11;2025-11-25;6;1353
11;2025-11-25;7;2556
11;2025-11-25;8;3388
11;2025-11-25;9;2540
11;2025-11-25;10;2086
11;2025-11-25;11;1990
11;2025-11-25;12;2045
11;2025-11-25;13;2192
11;2025-11-25;14;2243
11;2025-11-25;15;2118
11;2025-11-25;16;2370
11;2025-11-25;17;2901
11;2025-11-25;18;3138
11;2025-11-25;19;2346
11;2025-11-25;20;1503
11;2025-11-25;21;858
11;2025-11-25;22;384
11;2025-11-25;23;233
11;2025-11-26;0;65
11;2025-11-26;1;0
11;2025-11-26;2;0
11;2025-11-26;3;0
11;2025-11-26;4;0
11;2025-11-26;5;263
11;2025-11-26;6;1298
11;2025-11-26;7;2465
11;2025-11-26;8;3300
11;2025-11-26;9;2467
11;2025-11-26;10;2014
11;2025-11-26;11;1983
11;2025-11-26;12;2015
11;2025-11-26;13;2139
11;2025-11-26;14;2152
11;2025-11-26;15;2027
11;2025-11-26;16;2241
11;2025-11-26;17;2817
11;2025-11-26;18;3063
11;2025-11-26;19;2297
11;2025-11-26;20;1457
11;2025-11-26;21;845
11;2025-11-26;22;377
11;2025-11-26;23;234
11;2025-11-27;0;67
11;2025-11-27;1;0
11;2025-11-27;2;0
11;2025-11-27;3;0
11;2025-11-27;4;0
11;2025-11-27;5;265
11;2025-11-27;6;1359
11;2025-11-27;7;2481
11;2025-11-27;8;3305
11;2025-11-27;9;2537
11;2025-11-27;10;2134
11;2025-11-27;11;1999
11;2025-11-27;12;2081
11;2025-11-27;13;2166
11;2025-11-27;14;2173
11;2025-11-27;15;2074
11;2025-11-27;16;2315
11;2025-11-27;17;2856
11;2025-11-27;18;3128
11;2025-11-27;19;2313
11;2025-11-27;20;1500
11;2025-11-27;21;868
11;2025-11-27;22;400
11;2025-11-27;23;254
11;2025-11-28;0;68
11;2025-11-28;1;0
11;2025-11-28;2;0
11;2025-11-28;3;0
11;2025-11-28;4;0
11;2025-11-28;5;267
11;2025-11-28;6;1333
11;2025-11-28;7;2466
11;2025-11-28;8;3237
11;2025-11-28;9;2455
11;2025-11-28;10;2051
11;2025-11-28;11;1976
11;2025-11-28;12;2080
11;2025-11-28;13;2130
11;2025-11-28;14;2235
11;2025-11-28;15;2167
11;2025-11-28;16;2483
11;2025-11-28;17;2906
11;2025-11-28;18;2642
11;2025-11-28;19;2123
11;2025-11-28;20;1445
11;2025-11-28;21;875
11;2025-11-28;22;407
11;2025-11-28;23;294
11;2025-11-29;0;103
11;2025-11-29;1;4
11;2025-11-29;2;0
11;2025-11-29;3;0
11;2025-11-29;4;0
11;2025-11-29;5;186
11;2025-11-29;6;847
11;2025-11-29;7;796
11;2025-11-29;8;1092
11;2025-11-29;9;1226
11;2025-11-29;10;1399
11;2025-11-29;11;1741
11;2025-11-29;12;1993
11;2025-11-29;13;1907
11;2025-11-29;14;2024
11;2025-11-29;15;1915
11;2025-11-29;16;1870
11;2025-11-29;17;1937
11;2025-11-29;18;1546
11;2025-11-29;19;1509
11;2025-11-29;20;1019
11;2025-11-29;21;757
11;2025-11-29;22;428
11;2025-11-29;23;312
11;2025-11-30;0;110
11;2025-11-30;1;15
11;2025-11-30;2;0
11;2025-11-30;3;0
11;2025-11-30;4;0
11;2025-11-30;5;108
11;2025-11-30;6;488
11;2025-11-30;7;518
11;2025-11-30;8;740
11;2025-11-30;9;982
11;2025-11-30;10;1055
11;2025-11-30;11;1497
11;2025-11-30;12;1623
11;2025-11-30;13;1594
11;2025-11-30;14;1668
11;2025-11-30;15;1673
11;2025-11-30;16;1578
11;2025-11-30;17;1727
11;2025-11-30;18;1296
11;2025-11-30;19;1069
11;2025-11-30;20;820
11;2025-11-30;21;612
11;2025-11-30;22;362
11;2025-11-30;23;255
11;2025-12-01;0;74
11;2025-12-01;1;0
11;2025-12-01;2;0
11;2025-12-01;3;0
11;2025-12-01;4;0
11;2025-12-01;5;263
11;2025-12-01;6;1332
11;2025-12-01;7;2482
11;2025-12-01;8;3277
11;2025-12-01;9;2467
11;2025-12-01;10;1992
11;2025-12-01;11;1939
11;2025-12-01;12;1956
11;2025-12-01;13;2088
11;2025-12-01;14;2109
11;2025-12-01;15;2095
11;2025-12-01;16;2334
11;2025-12-01;17;2843
11;2025-12-01;18;3097
11;2025-12-01;19;2306
11;2025-12-01;20;1429
11;2025-12-01;21;812
11;2025-12-01;22;362
11;2025-12-01;23;217
11;2025-12-02;0;60
11;2025-12-02;1;0
11;2025-12-02;2;0
11;2025-12-02;3;0
11;2025-12-02;4;0
11;2025-12-02;5;255
11;2025-12-02;6;1328
11;2025-12-02;7;2494
11;2025-12-02;8;3327
11;2025-12-02;9;2494
11;2025-12-02;10;2052
11;2025-12-02;11;1940
11;2025-12-02;12;2003
11;2025-12-02;13;2124
11;2025-12-02;14;2172
11;2025-12-02;15;2077
11;2025-12-02;16;2301
11;2025-12-02;17;2835
11;2025-12-02;18;3057
11;2025-12-02;19;2271
11;2025-12-02;20;1461
11;2025-12-02;21;833
11;2025-12-02;22;372
11;2025-12-02;23;226
11;2025-12-03;0;65
11;2025-12-03;1;0
11;2025-12-03;2;0
11;2025-12-03;3;0
11;2025-12-03;4;0
11;2025-12-03;5;263
11;2025-12-03;6;1293
11;2025-12-03;7;2475
11;2025-12-03;8;3295
11;2025-12-03;9;2460
11;2025-12-03;10;2043
11;2025-12-03;11;1998
11;2025-12-03;12;2036
11;2025-12-03;13;2167
11;2025-12-03;14;2178
11;2025-12-03;15;2071
11;2025-12-03;16;2262
11;2025-12-03;17;2825
11;2025-12-03;18;3059
11;2025-12-03;19;2293
11;2025-12-03;20;1465
11;2025-12-03;21;845
11;2025-12-03;22;384
11;2025-12-03;23;237
11;2025-12-04;0;66
11;2025-12-04;1;0
11;2025-12-04;2;0
11;2025-12-04;3;0
11;2025-12-04;4;0
11;2025-12-04;5;264
11;2025-12-04;6;1329
11;2025-12-04;7;2476
11;2025-12-04;8;3278
11;2025-12-04;9;2528
11;2025-12-04;10;2127
11;2025-12-04;11;1993
11;2025-12-04;12;2080
11;2025-12-04;13;2183
11;2025-12-04;14;2202
11;2025-12-04;15;2115
11;2025-12-04;16;2363
11;2025-12-04;17;2852
11;2025-12-04;18;3101
11;2025-12-04;19;2287
11;2025-12-04;20;1500
11;2025-12-04;21;876
11;2025-12-04;22;409
11;2025-12-04;23;261
11;2025-12-05;0;71
11;2025-12-05;1;0
11;2025-12-05;2;0
11;2025-12-05;3;0
11;2025-12-05;4;0
11;2025-12-05;5;267
11;2025-12-05;6;1329
11;2025-12-05;7;2437
11;2025-12-05;8;3224
11;2025-12-05;9;2432
11;2025-12-05;10;2054
11;2025-12-05;11;1964
11;2025-12-05;12;2072
11;2025-12-05;13;2132
11;2025-12-05;14;2259
11;2025-12-05;15;2212
11;2025-12-05;16;2513
11;2025-12-05;17;2886
11;2025-12-05;18;2618
11;2025-12-05;19;2107
11;2025-12-05;20;1439
11;2025-12-05;21;878
11;2025-12-05;22;414
11;2025-12-05;23;298
11;2025-12-06;0;104
11;2025-12-06;1;5
11;2025-12-06;2;0
11;2025-12-06;3;0
11;2025-12-06;4;0
11;2025-12-06;5;184
11;2025-12-06;6;826
11;2025-12-06;7;780
11;2025-12-06;8;1073
11;2025-12-06;9;1208
11;2025-12-06;10;1377
11;2025-12-06;11;1714
11;2025-12-06;12;1967
11;2025-12-06;13;1877
11;2025-12-06;14;1993
11;2025-12-06;15;1887
11;2025-12-06;16;1857
11;2025-12-06;17;1907
11;2025-12-06;18;1519
11;2025-12-06;19;1489
11;2025-12-06;20;1010
11;2025-12-06;21;754
11;2025-12-06;22;424
11;2025-12-06;23;312
11;2025-12-07;0;113
11;2025-12-07;1;16
11;2025-12-07;2;0
11;2025-12-07;3;0
11;2025-12-07;4;0
11;2025-12-07;5;109
11;2025-12-07;6;484
11;2025-12-07;7;520
11;2025-12-07;8;748
11;2025-12-07;9;988
11;2025-12-07;10;1057
11;2025-12-07;11;1501
11;2025-12-07;12;1628
11;2025-12-07;13;1600
11;2025-12-07;14;1666
11;2025-12-07;15;1684
11;2025-12-07;16;1602
11;2025-12-07;17;1728
11;2025-12-07;18;1304
11;2025-12-07;19;1066
11;2025-12-07;20;820
11;2025-12-07;21;612
11;2025-12-07;22;360
11;2025-12-07;23;253
11;2025-12-08;0;72
11;2025-12-08;1;0
11;2025-12-08;2;0
11;2025-12-08;3;0
11;2025-12-08;4;0
11;2025-12-08;5;263
11;2025-12-08;6;1320
11;2025-12-08;7;2448
11;2025-12-08;8;3263
11;2025-12-08;9;2449
11;2025-12-08;10;1978
11;2025-12-08;11;1923
11;2025-12-08;12;1935
11;2025-12-08;13;2077
11;2025-12-08;14;2090
11;2025-12-08;15;2096
11;2025-12-08;16;2317
11;2025-12-08;17;2813
11;2025-12-08;18;3078
11;2025-12-08;19;2281
11;2025-12-08;20;1422
11;2025-12-08;21;810
11;2025-12-08;22;366
11;2025-12-08;23;216
11;2025-12-09;0;60
11;2025-12-09;1;0
11;2025-12-09;2;0
11;2025-12-09;3;0
11;2025-12-09;4;0
11;2025-12-09;5;255
11;2025-12-09;6;1314
11;2025-12-09;7;2489
11;2025-12-09;8;3335
11;2025-12-09;9;2502
11;2025-12-09;10;2048
11;2025-12-09;11;1938
11;2025-12-09;12;1996
11;2025-12-09;13;2142
11;2025-12-09;14;2167
11;2025-12-09;15;2088
11;2025-12-09;16;2317
11;2025-12-09;17;2830
11;2025-12-09;18;3071
11;2025-12-09;19;2283
11;2025-12-09;20;1472
11;2025-12-09;21;842
11;2025-12-09;22;377
11;2025-12-09;23;225
11;2025-12-10;0;64
11;2025-12-10;1;0
11;2025-12-10;2;0
11;2025-12-10;3;0
11;2025-12-10;4;0
11;2025-12-10;5;264
11;2025-12-10;6;1274
11;2025-12-10;7;2438
11;2025-12-10;8;3268
11;2025-12-10;9;2452
11;2025-12-10;10;2010
11;2025-12-10;11;1987
11;2025-12-10;12;2010
11;2025-12-10;13;2165
11;2025-12-10;14;2162
11;2025-12-10;15;2061
11;2025-12-10;16;2255
11;2025-12-10;17;2799
11;2025-12-10;18;3041
11;2025-12-10;19;2272
11;2025-12-10;20;1462
11;2025-12-10;21;848
11;2025-12-10;22;390
11;2025-12-10;23;236
11;2025-12-11;0;69
11;2025-12-11;1;0
11;2025-12-11;2;0
11;2025-12-11;3;0
11;2025-12-11;4;0
11;2025-12-11;5;266
11;2025-12-11;6;1313
11;2025-12-11;7;2423
11;2025-12-11;8;3237
11;2025-12-11;9;2485
11;2025-12-11;10;2055
11;2025-12-11;11;1942
11;2025-12-11;12;2025
11;2025-12-11;13;2123
11;2025-12-11;14;2141
11;2025-12-11;15;2075
11;2025-12-11;16;2317
11;2025-12-11;17;2797
11;2025-12-11;18;3053
11;2025-12-11;19;2254
11;2025-12-11;20;1479
11;2025-12-11;21;863
11;2025-12-11;22;405
11;2025-12-11;23;252
11;2025-12-12;0;72
11;2025-12-12;1;0
11;2025-12-12;2;0
11;2025-12-12;3;0
11;2025-12-12;4;0
11;2025-12-12;5;270
11;2025-12-12;6;1294
11;2025-12-12;7;2381
11;2025-12-12;8;3154
11;2025-12-12;9;2386
11;2025-12-12;10;2006
11;2025-12-12;11;1927
11;2025-12-12;12;2025
11;2025-12-12;13;2085
11;2025-12-12;14;2169
11;2025-12-12;15;2134
11;2025-12-12;16;2463
11;2025-12-12;17;2777
11;2025-12-12;18;2548
11;2025-12-12;19;2055
11;2025-12-12;20;1397
11;2025-12-12;21;857
11;2025-12-12;22;405
11;2025-12-12;23;287
11;2025-12-13;0;100
11;2025-12-13;1;5
11;2025-12-13;2;0
11;2025-12-13;3;0
11;2025-12-13;4;0
11;2025-12-13;5;186
11;2025-12-13;6;804
11;2025-12-13;7;773
11;2025-12-13;8;1062
11;2025-12-13;9;1200
11;2025-12-13;10;1345
11;2025-12-13;11;1687
11;2025-12-13;12;1928
11;2025-12-13;13;1850
11;2025-12-13;14;1713
11;2025-12-13;15;1856
11;2025-12-13;16;1847
11;2025-12-13;17;1864
11;2025-12-13;18;1505
11;2025-12-13;19;1463
11;2025-12-13;20;999
11;2025-12-13;21;745
11;2025-12-13;22;424
11;2025-12-13;23;310
11;2025-12-14;0;109
11;2025-12-14;1;15
11;2025-12-14;2;0
11;2025-12-14;3;0
11;2025-12-14;4;0
11;2025-12-14;5;110
11;2025-12-14;6;481
11;2025-12-14;7;522
11;2025-12-14;8;742
11;2025-12-14;9;985
11;2025-12-14;10;1048
11;2025-12-14;11;1488
11;2025-12-14;12;1609
11;2025-12-14;13;1602
11;2025-12-14;14;1642
11;2025-12-14;15;1660
11;2025-12-14;16;1591
11;2025-12-14;17;1703
11;2025-12-14;18;1297
11;2025-12-14;19;1059
11;2025-12-14;20;816
11;2025-12-14;21;610
11;2025-12-14;22;357
11;2025-12-14;23;252
11;2025-12-15;0;72
11;2025-12-15;1;0
11;2025-12-15;2;0
11;2025-12-15;3;0
11;2025-12-15;4;0
11;2025-12-15;5;271
11;2025-12-15;6;1314
11;2025-12-15;7;2406
11;2025-12-15;8;3200
11;2025-12-15;9;2433
11;2025-12-15;10;1935
11;2025-12-15;11;1901
11;2025-12-15;12;1911
11;2025-12-15;13;2078
11;2025-12-15;14;2054
11;2025-12-15;15;2081
11;2025-12-15;16;2297
11;2025-12-15;17;2790
11;2025-12-15;18;3038
11;2025-12-15;19;2261
11;2025-12-15;20;1404
11;2025-12-15;21;809
11;2025-12-15;22;370
11;2025-12-15;23;216
11;2025-12-16;0;62
11;2025-12-16;1;0
11;2025-12-16;2;0
11;2025-12-16;3;0
11;2025-12-16;4;0
11;2025-12-16;5;260
11;2025-12-16;6;1323
11;2025-12-16;7;2472
11;2025-12-16;8;3329
11;2025-12-16;9;2523
11;2025-12-16;10;2028
11;2025-12-16;11;1931
11;2025-12-16;12;1976
11;2025-12-16;13;2117
11;2025-12-16;14;2131
11;2025-12-16;15;2080
11;2025-12-16;16;2316
11;2025-12-16;17;2838
11;2025-12-16;18;3068
11;2025-12-16;19;2295
11;2025-12-16;20;1482
11;2025-12-16;21;855
11;2025-12-16;22;390
11;2025-12-16;23;228
11;2025-12-17;0;66
11;2025-12-17;1;0
11;2025-12-17;2;0
11;2025-12-17;3;0
11;2025-12-17;4;0
11;2025-12-17;5;269
11;2025-12-17;6;1278
11;2025-12-17;7;2447
11;2025-12-17;8;3260
11;2025-12-17;9;2439
11;2025-12-17;10;2009
11;2025-12-17;11;1976
11;2025-12-17;12;2002
11;2025-12-17;13;2149
11;2025-12-17;14;2155
11;2025-12-17;15;2080
11;2025-12-17;16;2269
11;2025-12-17;17;2801
11;2025-12-17;18;3039
11;2025-12-17;19;2259
11;2025-12-17;20;1458
11;2025-12-17;21;848
11;2025-12-17;22;396
11;2025-12-17;23;236
11;2025-12-18;0;66
11;2025-12-18;1;0
11;2025-12-18;2;0
11;2025-12-18;3;0
11;2025-12-18;4;0
11;2025-12-18;5;266
11;2025-12-18;6;1310
11;2025-12-18;7;2451
11;2025-12-18;8;3239
11;2025-12-18;9;2504
11;2025-12-18;10;2076
11;2025-12-18;11;1957
11;2025-12-18;12;2034
11;2025-12-18;13;2155
11;2025-12-18;14;2161
11;2025-12-18;15;2119
11;2025-12-18;16;2361
11;2025-12-18;17;2820
11;2025-12-18;18;3071
11;2025-12-18;19;2253
11;2025-12-18;20;1483
11;2025-12-18;21;878
11;2025-12-18;22;418
11;2025-12-18;23;258
11;2025-12-19;0;73
11;2025-12-19;1;0
11;2025-12-19;2;0
11;2025-12-19;3;0
11;2025-12-19;4;0
11;2025-12-19;5;273
11;2025-12-19;6;1313
11;2025-12-19;7;2402
11;2025-12-19;8;3169
11;2025-12-19;9;2398
11;2025-12-19;10;2009
11;2025-12-19;11;1919
11;2025-12-19;12;2025
11;2025-12-19;13;2102
11;2025-12-19;14;2190
11;2025-12-19;15;2189
11;2025-12-19;16;2495
11;2025-12-19;17;2842
11;2025-12-19;18;2584
11;2025-12-19;19;2070
11;2025-12-19;20;1409
11;2025-12-19;21;872
11;2025-12-19;22;416
11;2025-12-19;23;293
11;2025-12-20;0;104
11;2025-12-20;1;5
11;2025-12-20;2;0
11;2025-12-20;3;0
11;2025-12-20;4;0
11;2025-12-20;5;185
11;2025-12-20;6;813
11;2025-12-20;7;774
11;2025-12-20;8;1067
11;2025-12-20;9;1210
11;2025-12-20;10;1368
11;2025-12-20;11;1712
11;2025-12-20;12;1956
11;2025-12-20;13;1885
11;2025-12-20;14;1977
11;2025-12-20;15;1880
11;2025-12-20;16;1872
11;2025-12-20;17;1895
11;2025-12-20;18;1523
11;2025-12-20;19;1484
11;2025-12-20;20;1017
11;2025-12-20;21;761
11;2025-12-20;22;425
11;2025-12-20;23;314
11;2025-12-21;0;110
11;2025-12-21;1;15
11;2025-12-21;2;0
11;2025-12-21;3;0
11;2025-12-21;4;0
11;2025-12-21;5;109
11;2025-12-21;6;472
11;2025-12-21;7;510
11;2025-12-21;8;733
11;2025-12-21;9;979
11;2025-12-21;10;1046
11;2025-12-21;11;1486
11;2025-12-21;12;1608
11;2025-12-21;13;1592
11;2025-12-21;14;1650
11;2025-12-21;15;1666
11;2025-12-21;16;1597
11;2025-12-21;17;1703
11;2025-12-21;18;1294
11;2025-12-21;19;1056
11;2025-12-21;20;826
11;2025-12-21;21;615
11;2025-12-21;22;360
11;2025-12-21;23;255
11;2025-12-22;0;77
11;2025-12-22;1;0
11;2025-12-22;2;0
11;2025-12-22;3;0
11;2025-12-22;4;0
11;2025-12-22;5;269
11;2025-12-22;6;1292
11;2025-12-22;7;2383
11;2025-12-22;8;3174
11;2025-12-22;9;2392
11;2025-12-22;10;1922
11;2025-12-22;11;1861
11;2025-12-22;12;1876
11;2025-12-22;13;2024
11;2025-12-22;14;2007
11;2025-12-22;15;2049
11;2025-12-22;16;2267
11;2025-12-22;17;2752
11;2025-12-22;18;3004
11;2025-12-22;19;2200
11;2025-12-22;20;1381
11;2025-12-22;21;798
11;2025-12-22;22;365
11;2025-12-22;23;210
11;2025-12-23;0;57
11;2025-12-23;1;0
11;2025-12-23;2;0
11;2025-12-23;3;0
11;2025-12-23;4;0
11;2025-12-23;5;273
11;2025-12-23;6;1290
11;2025-12-23;7;2401
11;2025-12-23;8;3164
11;2025-12-23;9;2455
11;2025-12-23;10;1992
11;2025-12-23;11;1940
11;2025-12-23;12;2009
11;2025-12-23;13;2181
11;2025-12-23;14;2147
11;2025-12-23;15;2123
11;2025-12-23;16;2369
11;2025-12-23;17;2788
11;2025-12-23;18;2972
11;2025-12-23;19;2216
11;2025-12-23;20;1444
11;2025-12-23;21;855
11;2025-12-23;22;393
11;2025-12-23;23;227
11;2025-12-24;0;66
11;2025-12-24;1;0
11;2025-12-24;2;0
11;2025-12-24;3;0
11;2025-12-24;4;0
11;2025-12-24;5;279
11;2025-12-24;6;1288
11;2025-12-24;7;2420
11;2025-12-24;8;3244
11;2025-12-24;9;2481
11;2025-12-24;10;2002
11;2025-12-24;11;1981
11;2025-12-24;12;2006
11;2025-12-24;13;2204
11;2025-12-24;14;2136
11;2025-12-24;15;2099
11;2025-12-24;16;2300
11;2025-12-24;17;2828
11;2025-12-24;18;3053
11;2025-12-24;19;2295
11;2025-12-24;20;1490
11;2025-12-24;21;890
11;2025-12-24;22;416
11;2025-12-24;23;239
11;2025-12-25;0;70
11;2025-12-25;1;0
11;2025-12-25;2;0
11;2025-12-25;3;0
11;2025-12-25;4;0
11;2025-12-25;5;273
11;2025-12-25;6;1306
11;2025-12-25;7;2410
11;2025-12-25;8;3207
11;2025-12-25;9;2479
11;2025-12-25;10;2055
11;2025-12-25;11;1955
11;2025-12-25;12;2015
11;2025-12-25;13;2161
11;2025-12-25;14;2138
11;2025-12-25;15;2107
11;2025-12-25;16;2331
11;2025-12-25;17;2799
11;2025-12-25;18;3043
11;2025-12-25;19;2207
11;2025-12-25;20;1452
11;2025-12-25;21;868
11;2025-12-25;22;418
11;2025-12-25;23;249
11;2025-12-26;0;73
11;2025-12-26;1;0
11;2025-12-26;2;0
11;2025-12-26;3;0
11;2025-12-26;4;0
11;2025-12-26;5;270
11;2025-12-26;6;1258
11;2025-12-26;7;2288
11;2025-12-26;8;3072
11;2025-12-26;9;2335
11;2025-12-26;10;1889
11;2025-12-26;11;1860
11;2025-12-26;12;1948
11;2025-12-26;13;2026
11;2025-12-26;14;2093
11;2025-12-26;15;2076
11;2025-12-26;16;2396
11;2025-12-26;17;2739
11;2025-12-26;18;2514
11;2025-12-26;19;2017
11;2025-12-26;20;1366
11;2025-12-26;21;849
11;2025-12-26;22;417
11;2025-12-26;23;287
11;2025-12-27;0;103
11;2025-12-27;1;6
11;2025-12-27;2;0
11;2025-12-27;3;0
11;2025-12-27;4;0
11;2025-12-27;5;189
11;2025-12-27;6;801
11;2025-12-27;7;770
11;2025-12-27;8;1064
11;2025-12-27;9;1205
11;2025-12-27;10;1355
11;2025-12-27;11;1696
11;2025-12-27;12;1933
11;2025-12-27;13;1872
11;2025-12-27;14;1957
11;2025-12-27;15;1856
11;2025-12-27;16;1861
11;2025-12-27;17;1864
11;2025-12-27;18;1504
11;2025-12-27;19;1456
11;2025-12-27;20;1010
11;2025-12-27;21;749
11;2025-12-27;22;422
11;2025-12-27;23;310
11;2025-12-28;0;108
11;2025-12-28;1;15
11;2025-12-28;2;0
11;2025-12-28;3;0
11;2025-12-28;4;0
11;2025-12-28;5;111
11;2025-12-28;6;465
11;2025-12-28;7;506
11;2025-12-28;8;726
11;2025-12-28;9;973
11;2025-12-28;10;1025
11;2025-12-28;11;1459
11;2025-12-28;12;1586
11;2025-12-28;13;1565
11;2025-12-28;14;1609
11;2025-12-28;15;1633
11;2025-12-28;16;1579
11;2025-12-28;17;1678
11;2025-12-28;18;1279
11;2025-12-28;19;1042
11;2025-12-28;20;818
11;2025-12-28;21;608
11;2025-12-28;22;353
11;2025-12-28;23;250
11;2025-12-29;0;67
11;2025-12-29;1;0
11;2025-12-29;2;0
11;2025-12-29;3;0
11;2025-12-29;4;0
11;2025-12-29;5;248
11;2025-12-29;6;1147
11;2025-12-29;7;2099
11;2025-12-29;8;2784
11;2025-12-29;9;2115
11;2025-12-29;10;1678
11;2025-12-29;11;1646
11;2025-12-29;12;1652
11;2025-12-29;13;1784
11;2025-12-29;14;1769
11;2025-12-29;15;1836
11;2025-12-29;16;2020
11;2025-12-29;17;2435
11;2025-12-29;18;2641
11;2025-12-29;19;1932
11;2025-12-29;20;1217
11;2025-12-29;21;712
11;2025-12-29;22;331
11;2025-12-29;23;186
11;2025-12-30;0;56
11;2025-12-30;1;0
11;2025-12-30;2;0
11;2025-12-30;3;0
11;2025-12-30;4;0
11;2025-12-30;5;241
11;2025-12-30;6;1149
11;2025-12-30;7;2128
11;2025-12-30;8;2842
11;2025-12-30;9;2162
11;2025-12-30;10;1732
11;2025-12-30;11;1654
11;2025-12-30;12;1705
11;2025-12-30;13;1831
11;2025-12-30;14;1826
11;2025-12-30;15;1827
11;2025-12-30;16;2027
11;2025-12-30;17;2454
11;2025-12-30;18;2588
11;2025-12-30;19;1915
11;2025-12-30;20;1251
11;2025-12-30;21;736
11;2025-12-30;22;343
11;2025-12-30;23;193
11;2025-12-31;0;93
11;2025-12-31;1;11
11;2025-12-31;2;0
11;2025-12-31;3;0
11;2025-12-31;4;0
11;2025-12-31;5;106
11;2025-12-31;6;415
11;2025-12-31;7;459
11;2025-12-31;8;664
11;2025-12-31;9;870
11;2025-12-31;10;907
11;2025-12-31;11;1286
11;2025-12-31;12;1370
11;2025-12-31;13;1368
11;2025-12-31;14;1396
11;2025-12-31;15;1379
11;2025-12-31;16;1303
11;2025-12-31;17;1472
11;2025-12-31;18;1154
11;2025-12-31;19;932
11;2025-12-31;20;0
11;2025-12-31;21;0
11;2025-12-31;22;0
11;2025-12-31;23;0
12;2025-11-01;0;49
12;2025-11-01;1;3
12;2025-11-01;2;0
12;2025-11-01;3;0
12;2025-11-01;4;5
12;2025-11-01;5;267
12;2025-11-01;6;1196
12;2025-11-01;7;2121
12;2025-11-01;8;2707
12;2025-11-01;9;2061
12;2025-11-01;10;1765
12;2025-11-01;11;1704
12;2025-11-01;12;1761
12;2025-11-01;13;1803
12;2025-11-01;14;1724
12;2025-11-01;15;1965
12;2025-11-01;16;2348
12;2025-11-01;17;2517
12;2025-11-01;18;2484
12;2025-11-01;19;1916
12;2025-11-01;20;1263
12;2025-11-01;21;822
12;2025-11-01;22;400
12;2025-11-01;23;234
12;2025-11-02;0;78
12;2025-11-02;1;5
12;2025-11-02;2;0
12;2025-11-02;3;0
12;2025-11-02;4;2
12;2025-11-02;5;132
12;2025-11-02;6;509
12;2025-11-02;7;711
12;2025-11-02;8;754
12;2025-11-02;9;967
12;2025-11-02;10;1202
12;2025-11-02;11;1316
12;2025-11-02;12;1412
12;2025-11-02;13;1627
12;2025-11-02;14;1476
12;2025-11-02;15;1512
12;2025-11-02;16;1601
12;2025-11-02;17;1618
12;2025-11-02;18;1372
12;2025-11-02;19;1018
12;2025-11-02;20;786
12;2025-11-02;21;602
12;2025-11-02;22;384
12;2025-11-02;23;214
12;2025-11-03;0;75
12;2025-11-03;1;6
12;2025-11-03;2;0
12;2025-11-03;3;0
12;2025-11-03;4;3
12;2025-11-03;5;139
12;2025-11-03;6;546
12;2025-11-03;7;768
12;2025-11-03;8;813
12;2025-11-03;9;948
12;2025-11-03;10;1110
12;2025-11-03;11;1197
12;2025-11-03;12;1296
12;2025-11-03;13;1485
12;2025-11-03;14;1327
12;2025-11-03;15;1377
12;2025-11-03;16;1454
12;2025-11-03;17;1499
12;2025-11-03;18;1404
12;2025-11-03;19;1085
12;2025-11-03;20;820
12;2025-11-03;21;605
12;2025-11-03;22;370
12;2025-11-03;23;206
12;2025-11-04;0;67
12;2025-11-04;1;6
12;2025-11-04;2;0
12;2025-11-04;3;0
12;2025-11-04;4;3
12;2025-11-04;5;138
12;2025-11-04;6;536
12;2025-11-04;7;739
12;2025-11-04;8;770
12;2025-11-04;9;895
12;2025-11-04;10;1076
12;2025-11-04;11;1157
12;2025-11-04;12;1247
12;2025-11-04;13;1448
12;2025-11-04;14;1309
12;2025-11-04;15;1337
12;2025-11-04;16;1434
12;2025-11-04;17;1467
12;2025-11-04;18;1360
12;2025-11-04;19;1051
12;2025-11-04;20;786
12;2025-11-04;21;586
12;2025-11-04;22;372
12;2025-11-04;23;202
12;2025-11-05;0;56
12;2025-11-05;1;2
12;2025-11-05;2;0
12;2025-11-05;3;0
12;2025-11-05;4;7
12;2025-11-05;5;317
12;2025-11-05;6;1459
12;2025-11-05;7;2660
12;2025-11-05;8;3479
12;2025-11-05;9;2530
12;2025-11-05;10;2090
12;2025-11-05;11;1970
12;2025-11-05;12;2048
12;2025-11-05;13;2045
12;2025-11-05;14;1969
12;2025-11-05;15;2244
12;2025-11-05;16;2731
12;2025-11-05;17;3010
12;2025-11-05;18;3128
12;2025-11-05;19;2360
12;2025-11-05;20;1511
12;2025-11-05;21;975
12;2025-11-05;22;466
12;2025-11-05;23;257
12;2025-11-06;0;48
12;2025-11-06;1;3
12;2025-11-06;2;0
12;2025-11-06;3;0
12;2025-11-06;4;7
12;2025-11-06;5;315
12;2025-11-06;6;1444
12;2025-11-06;7;2703
12;2025-11-06;8;3488
12;2025-11-06;9;2509
12;2025-11-06;10;2063
12;2025-11-06;11;1967
12;2025-11-06;12;2036
12;2025-11-06;13;2073
12;2025-11-06;14;1986
12;2025-11-06;15;2259
12;2025-11-06;16;2727
12;2025-11-06;17;3030
12;2025-11-06;18;3148
12;2025-11-06;19;2390
12;2025-11-06;20;1527
12;2025-11-06;21;958
12;2025-11-06;22;470
12;2025-11-06;23;264
12;2025-11-07;0;53
12;2025-11-07;1;2
12;2025-11-07;2;0
12;2025-11-07;3;0
12;2025-11-07;4;5
12;2025-11-07;5;316
12;2025-11-07;6;1439
12;2025-11-07;7;2638
12;2025-11-07;8;3323
12;2025-11-07;9;2450
12;2025-11-07;10;1990
12;2025-11-07;11;1961
12;2025-11-07;12;2016
12;2025-11-07;13;2078
12;2025-11-07;14;2024
12;2025-11-07;15;2402
12;2025-11-07;16;2918
12;2025-11-07;17;2982
12;2025-11-07;18;2684
12;2025-11-07;19;2180
12;2025-11-07;20;1447
12;2025-11-07;21;997
12;2025-11-07;22;490
12;2025-11-07;23;306
12;2025-11-08;0;72
12;2025-11-08;1;3
12;2025-11-08;2;0
12;2025-11-08;3;0
12;2025-11-08;4;3
12;2025-11-08;5;222
12;2025-11-08;6;822
12;2025-11-08;7;921
12;2025-11-08;8;1026
12;2025-11-08;9;1214
12;2025-11-08;10;1343
12;2025-11-08;11;1459
12;2025-11-08;12;1517
12;2025-11-08;13;1747
12;2025-11-08;14;1553
12;2025-11-08;15;1575
12;2025-11-08;16;1707
12;2025-11-08;17;1615
12;2025-11-08;18;1513
12;2025-11-08;19;1375
12;2025-11-08;20;957
12;2025-11-08;21;787
12;2025-11-08;22;405
12;2025-11-08;23;288
12;2025-11-09;0;81
12;2025-11-09;1;8
12;2025-11-09;2;0
12;2025-11-09;3;0
12;2025-11-09;4;3
12;2025-11-09;5;130
12;2025-11-09;6;514
12;2025-11-09;7;708
12;2025-11-09;8;749
12;2025-11-09;9;958
12;2025-11-09;10;1188
12;2025-11-09;11;1299
12;2025-11-09;12;1399
12;2025-11-09;13;1619
12;2025-11-09;14;1476
12;2025-11-09;15;1505
12;2025-11-09;16;1588
12;2025-11-09;17;1607
12;2025-11-09;18;1376
12;2025-11-09;19;1021
12;2025-11-09;20;784
12;2025-11-09;21;605
12;2025-11-09;22;386
12;2025-11-09;23;213
12;2025-11-10;0;54
12;2025-11-10;1;3
12;2025-11-10;2;0
12;2025-11-10;3;0
12;2025-11-10;4;6
12;2025-11-10;5;306
12;2025-11-10;6;1422
12;2025-11-10;7;2657
12;2025-11-10;8;3482
12;2025-11-10;9;2497
12;2025-11-10;10;2028
12;2025-11-10;11;1939
12;2025-11-10;12;2048
12;2025-11-10;13;2030
12;2025-11-10;14;1957
12;2025-11-10;15;2248
12;2025-11-10;16;2706
12;2025-11-10;17;3006
12;2025-11-10;18;3124
12;2025-11-10;19;2357
12;2025-11-10;20;1516
12;2025-11-10;21;938
12;2025-11-10;22;435
12;2025-11-10;23;235
12;2025-11-11;0;44
12;2025-11-11;1;2
12;2025-11-11;2;0
12;2025-11-11;3;0
12;2025-11-11;4;6
12;2025-11-11;5;315
12;2025-11-11;6;1455
12;2025-11-11;7;2732
12;2025-11-11;8;3564
12;2025-11-11;9;2542
12;2025-11-11;10;2102
12;2025-11-11;11;1996
12;2025-11-11;12;2064
12;2025-11-11;13;2089
12;2025-11-11;14;2015
12;2025-11-11;15;2269
12;2025-11-11;16;2760
12;2025-11-11;17;3058
12;2025-11-11;18;3154
12;2025-11-11;19;2379
12;2025-11-11;20;1511
12;2025-11-11;21;951
12;2025-11-11;22;459
12;2025-11-11;23;250
12;2025-11-12;0;53
12;2025-11-12;1;2
12;2025-11-12;2;0
12;2025-11-12;3;0
12;2025-11-12;4;7
12;2025-11-12;5;317
12;2025-11-12;6;1454
12;2025-11-12;7;2687
12;2025-11-12;8;3486
12;2025-11-12;9;2548
12;2025-11-12;10;2124
12;2025-11-12;11;1993
12;2025-11-12;12;2069
12;2025-11-12;13;2065
12;2025-11-12;14;1993
12;2025-11-12;15;2282
12;2025-11-12;16;2763
12;2025-11-12;17;3044
12;2025-11-12;18;3147
12;2025-11-12;19;2378
12;2025-11-12;20;1516
12;2025-11-12;21;974
12;2025-11-12;22;465
12;2025-11-12;23;258
12;2025-11-13;0;47
12;2025-11-13;1;3
12;2025-11-13;2;0
12;2025-11-13;3;0
12;2025-11-13;4;6
12;2025-11-13;5;312
12;2025-11-13;6;1443
12;2025-11-13;7;2715
12;2025-11-13;8;3503
12;2025-11-13;9;2532
12;2025-11-13;10;2099
12;2025-11-13;11;2002
12;2025-11-13;12;2075
12;2025-11-13;13;2105
12;2025-11-13;14;2028
12;2025-11-13;15;2296
12;2025-11-13;16;2766
12;2025-11-13;17;3061
12;2025-11-13;18;3160
12;2025-11-13;19;2403
12;2025-11-13;20;1544
12;2025-11-13;21;962
12;2025-11-13;22;475
12;2025-11-13;23;263
12;2025-11-14;0;53
12;2025-11-14;1;2
12;2025-11-14;2;0
12;2025-11-14;3;0
12;2025-11-14;4;6
12;2025-11-14;5;316
12;2025-11-14;6;1433
12;2025-11-14;7;2658
12;2025-11-14;8;3349
12;2025-11-14;9;2477
12;2025-11-14;10;2028
12;2025-11-14;11;1999
12;2025-11-14;12;2058
12;2025-11-14;13;2113
12;2025-11-14;14;2071
12;2025-11-14;15;2456
12;2025-11-14;16;2960
12;2025-11-14;17;3043
12;2025-11-14;18;2724
12;2025-11-14;19;2185
12;2025-11-14;20;1443
12;2025-11-14;21;982
12;2025-11-14;22;482
12;2025-11-14;23;301
12;2025-11-15;0;71
12;2025-11-15;1;4
12;2025-11-15;2;0
12;2025-11-15;3;0
12;2025-11-15;4;3
12;2025-11-15;5;214
12;2025-11-15;6;793
12;2025-11-15;7;894
12;2025-11-15;8;992
12;2025-11-15;9;1176
12;2025-11-15;10;1402
12;2025-11-15;11;1424
12;2025-11-15;12;1448
12;2025-11-15;13;1650
12;2025-11-15;14;1508
12;2025-11-15;15;1506
12;2025-11-15;16;1637
12;2025-11-15;17;1528
12;2025-11-15;18;1445
12;2025-11-15;19;1331
12;2025-11-15;20;918
12;2025-11-15;21;749
12;2025-11-15;22;389
12;2025-11-15;23;275
12;2025-11-16;0;80
12;2025-11-16;1;5
12;2025-11-16;2;0
12;2025-11-16;3;0
12;2025-11-16;4;3
12;2025-11-16;5;129
12;2025-11-16;6;484
12;2025-11-16;7;662
12;2025-11-16;8;752
12;2025-11-16;9;964
12;2025-11-16;10;1195
12;2025-11-16;11;1305
12;2025-11-16;12;1408
12;2025-11-16;13;1626
12;2025-11-16;14;1494
12;2025-11-16;15;1499
12;2025-11-16;16;1599
12;2025-11-16;17;1617
12;2025-11-16;18;1387
12;2025-11-16;19;1019
12;2025-11-16;20;786
12;2025-11-16;21;602
12;2025-11-16;22;387
12;2025-11-16;23;213
12;2025-11-17;0;55
12;2025-11-17;1;2
12;2025-11-17;2;0
12;2025-11-17;3;0
12;2025-11-17;4;6
12;2025-11-17;5;303
12;2025-11-17;6;1395
12;2025-11-17;7;2668
12;2025-11-17;8;3447
12;2025-11-17;9;2500
12;2025-11-17;10;2035
12;2025-11-17;11;1942
12;2025-11-17;12;2034
12;2025-11-17;13;2011
12;2025-11-17;14;1958
12;2025-11-17;15;2240
12;2025-11-17;16;2695
12;2025-11-17;17;3023
12;2025-11-17;18;3153
12;2025-11-17;19;2343
12;2025-11-17;20;1503
12;2025-11-17;21;921
12;2025-11-17;22;431
12;2025-11-17;23;234
12;2025-11-18;0;47
12;2025-11-18;1;2
12;2025-11-18;2;0
12;2025-11-18;3;0
12;2025-11-18;4;5
12;2025-11-18;5;308
12;2025-11-18;6;1436
12;2025-11-18;7;2700
12;2025-11-18;8;3444
12;2025-11-18;9;2480
12;2025-11-18;10;2048
12;2025-11-18;11;1929
12;2025-11-18;12;2000
12;2025-11-18;13;1998
12;2025-11-18;14;1965
12;2025-11-18;15;2228
12;2025-11-18;16;2676
12;2025-11-18;17;2977
12;2025-11-18;18;3101
12;2025-11-18;19;2329
12;2025-11-18;20;1462
12;2025-11-18;21;914
12;2025-11-18;22;445
12;2025-11-18;23;239
12;2025-11-19;0;53
12;2025-11-19;1;2
12;2025-11-19;2;0
12;2025-11-19;3;0
12;2025-11-19;4;6
12;2025-11-19;5;313
12;2025-11-19;6;1447
12;2025-11-19;7;2699
12;2025-11-19;8;3511
12;2025-11-19;9;2567
12;2025-11-19;10;2161
12;2025-11-19;11;2032
12;2025-11-19;12;2108
12;2025-11-19;13;2108
12;2025-11-19;14;2037
12;2025-11-19;15;2314
12;2025-11-19;16;2804
12;2025-11-19;17;3075
12;2025-11-19;18;3158
12;2025-11-19;19;2384
12;2025-11-19;20;1523
12;2025-11-19;21;971
12;2025-11-19;22;465
12;2025-11-19;23;257
12;2025-11-20;0;46
12;2025-11-20;1;2
12;2025-11-20;2;0
12;2025-11-20;3;0
12;2025-11-20;4;6
12;2025-11-20;5;309
12;2025-11-20;6;1428
12;2025-11-20;7;2724
12;2025-11-20;8;3515
12;2025-11-20;9;2534
12;2025-11-20;10;2116
12;2025-11-20;11;2023
12;2025-11-20;12;2094
12;2025-11-20;13;2115
12;2025-11-20;14;2062
12;2025-11-20;15;2320
12;2025-11-20;16;2787
12;2025-11-20;17;3091
12;2025-11-20;18;3171
12;2025-11-20;19;2400
12;2025-11-20;20;1536
12;2025-11-20;21;949
12;2025-11-20;22;471
12;2025-11-20;23;262
12;2025-11-21;0;52
12;2025-11-21;1;2
12;2025-11-21;2;0
12;2025-11-21;3;0
12;2025-11-21;4;6
12;2025-11-21;5;310
12;2025-11-21;6;1417
12;2025-11-21;7;2653
12;2025-11-21;8;3329
12;2025-11-21;9;2465
12;2025-11-21;10;2043
12;2025-11-21;11;2010
12;2025-11-21;12;2051
12;2025-11-21;13;2104
12;2025-11-21;14;2077
12;2025-11-21;15;2455
12;2025-11-21;16;2963
12;2025-11-21;17;3040
12;2025-11-21;18;2699
12;2025-11-21;19;2164
12;2025-11-21;20;1430
12;2025-11-21;21;972
12;2025-11-21;22;481
12;2025-11-21;23;302
12;2025-11-22;0;71
12;2025-11-22;1;3
12;2025-11-22;2;0
12;2025-11-22;3;0
12;2025-11-22;4;2
12;2025-11-22;5;212
12;2025-11-22;6;793
12;2025-11-22;7;895
12;2025-11-22;8;998
12;2025-11-22;9;1189
12;2025-11-22;10;1420
12;2025-11-22;11;1459
12;2025-11-22;12;1482
12;2025-11-22;13;1700
12;2025-11-22;14;1539
12;2025-11-22;15;1528
12;2025-11-22;16;1666
12;2025-11-22;17;1565
12;2025-11-22;18;1472
12;2025-11-22;19;1332
12;2025-11-22;20;919
12;2025-11-22;21;753
12;2025-11-22;22;393
12;2025-11-22;23;276
12;2025-11-23;0;80
12;2025-11-23;1;5
12;2025-11-23;2;0
12;2025-11-23;3;0
12;2025-11-23;4;3
12;2025-11-23;5;127
12;2025-11-23;6;496
12;2025-11-23;7;697
12;2025-11-23;8;744
12;2025-11-23;9;951
12;2025-11-23;10;1184
12;2025-11-23;11;1302
12;2025-11-23;12;1389
12;2025-11-23;13;1603
12;2025-11-23;14;1487
12;2025-11-23;15;1475
12;2025-11-23;16;1574
12;2025-11-23;17;1591
12;2025-11-23;18;1360
12;2025-11-23;19;998
12;2025-11-23;20;772
12;2025-11-23;21;594
12;2025-11-23;22;390
12;2025-11-23;23;211
12;2025-11-24;0;56
12;2025-11-24;1;2
12;2025-11-24;2;0
12;2025-11-24;3;0
12;2025-11-24;4;6
12;2025-11-24;5;295
12;2025-11-24;6;1369
12;2025-11-24;7;2633
12;2025-11-24;8;3359
12;2025-11-24;9;2435
12;2025-11-24;10;1992
12;2025-11-24;11;1887
12;2025-11-24;12;1988
12;2025-11-24;13;1961
12;2025-11-24;14;1950
12;2025-11-24;15;2221
12;2025-11-24;16;2657
12;2025-11-24;17;2944
12;2025-11-24;18;3080
12;2025-11-24;19;2326
12;2025-11-24;20;1476
12;2025-11-24;21;902
12;2025-11-24;22;424
12;2025-11-24;23;227
12;2025-11-25;0;43
12;2025-11-25;1;2
12;2025-11-25;2;0
12;2025-11-25;3;0
12;2025-11-25;4;6
12;2025-11-25;5;308
12;2025-11-25;6;1433
12;2025-11-25;7;2748
12;2025-11-25;8;3587
12;2025-11-25;9;2563
12;2025-11-25;10;2144
12;2025-11-25;11;2024
12;2025-11-25;12;2096
12;2025-11-25;13;2122
12;2025-11-25;14;2074
12;2025-11-25;15;2325
12;2025-11-25;16;2819
12;2025-11-25;17;3112
12;2025-11-25;18;3182
12;2025-11-25;19;2390
12;2025-11-25;20;1505
12;2025-11-25;21;939
12;2025-11-25;22;454
12;2025-11-25;23;248
12;2025-11-26;0;53
12;2025-11-26;1;2
12;2025-11-26;2;0
12;2025-11-26;3;0
12;2025-11-26;4;6
12;2025-11-26;5;307
12;2025-11-26;6;1414
12;2025-11-26;7;2654
12;2025-11-26;8;3441
12;2025-11-26;9;2507
12;2025-11-26;10;2111
12;2025-11-26;11;1967
12;2025-11-26;12;2032
12;2025-11-26;13;2027
12;2025-11-26;14;1996
12;2025-11-26;15;2268
12;2025-11-26;16;2740
12;2025-11-26;17;2988
12;2025-11-26;18;3078
12;2025-11-26;19;2332
12;2025-11-26;20;1472
12;2025-11-26;21;936
12;2025-11-26;22;451
12;2025-11-26;23;247
12;2025-11-27;0;49
12;2025-11-27;1;2
12;2025-11-27;2;0
12;2025-11-27;3;0
12;2025-11-27;4;6
12;2025-11-27;5;309
12;2025-11-27;6;1427
12;2025-11-27;7;2713
12;2025-11-27;8;3488
12;2025-11-27;9;2503
12;2025-11-27;10;2094
12;2025-11-27;11;1998
12;2025-11-27;12;2048
12;2025-11-27;13;2082
12;2025-11-27;14;2017
12;2025-11-27;15;2319
12;2025-11-27;16;2762
12;2025-11-27;17;3058
12;2025-11-27;18;3140
12;2025-11-27;19;2343
12;2025-11-27;20;1490
12;2025-11-27;21;922
12;2025-11-27;22;455
12;2025-11-27;23;254
12;2025-11-28;0;49
12;2025-11-28;1;3
12;2025-11-28;2;0
12;2025-11-28;3;0
12;2025-11-28;4;4
12;2025-11-28;5;308
12;2025-11-28;6;1409
12;2025-11-28;7;2628
12;2025-11-28;8;3311
12;2025-11-28;9;2435
12;2025-11-28;10;2016
12;2025-11-28;11;1977
12;2025-11-28;12;2031
12;2025-11-28;13;2076
12;2025-11-28;14;2076
12;2025-11-28;15;2447
12;2025-11-28;16;2927
12;2025-11-28;17;3000
12;2025-11-28;18;2676
12;2025-11-28;19;2161
12;2025-11-28;20;1410
12;2025-11-28;21;959
12;2025-11-28;22;474
12;2025-11-28;23;297
12;2025-11-29;0;73
12;2025-11-29;1;3
12;2025-11-29;2;0
12;2025-11-29;3;0
12;2025-11-29;4;2
12;2025-11-29;5;216
12;2025-11-29;6;804
12;2025-11-29;7;910
12;2025-11-29;8;1027
12;2025-11-29;9;1219
12;2025-11-29;10;1459
12;2025-11-29;11;1503
12;2025-11-29;12;1528
12;2025-11-29;13;1760
12;2025-11-29;14;1591
12;2025-11-29;15;1558
12;2025-11-29;16;1707
12;2025-11-29;17;1595
12;2025-11-29;18;1494
12;2025-11-29;19;1354
12;2025-11-29;20;934
12;2025-11-29;21;768
12;2025-11-29;22;403
12;2025-11-29;23;284
12;2025-11-30;0;80
12;2025-11-30;1;5
12;2025-11-30;2;0
12;2025-11-30;3;0
12;2025-11-30;4;3
12;2025-11-30;5;126
12;2025-11-30;6;491
12;2025-11-30;7;691
12;2025-11-30;8;740
12;2025-11-30;9;938
12;2025-11-30;10;1167
12;2025-11-30;11;1291
12;2025-11-30;12;1383
12;2025-11-30;13;1602
12;2025-11-30;14;1481
12;2025-11-30;15;1473
12;2025-11-30;16;1575
12;2025-11-30;17;1576
12;2025-11-30;18;1348
12;2025-11-30;19;999
12;2025-11-30;20;765
12;2025-11-30;21;595
12;2025-11-30;22;388
12;2025-11-30;23;215
12;2025-12-01;0;54
12;2025-12-01;1;4
12;2025-12-01;2;0
12;2025-12-01;3;0
12;2025-12-01;4;7
12;2025-12-01;5;296
12;2025-12-01;6;1391
12;2025-12-01;7;2647
12;2025-12-01;8;3469
12;2025-12-01;9;2488
12;2025-12-01;10;2053
12;2025-12-01;11;1955
12;2025-12-01;12;2071
12;2025-12-01;13;2045
12;2025-12-01;14;2020
12;2025-12-01;15;2307
12;2025-12-01;16;2744
12;2025-12-01;17;3039
12;2025-12-01;18;3119
12;2025-12-01;19;2338
12;2025-12-01;20;1483
12;2025-12-01;21;907
12;2025-12-01;22;426
12;2025-12-01;23;233
12;2025-12-02;0;44
12;2025-12-02;1;2
12;2025-12-02;2;0
12;2025-12-02;3;0
12;2025-12-02;4;6
12;2025-12-02;5;305
12;2025-12-02;6;1416
12;2025-12-02;7;2720
12;2025-12-02;8;3537
12;2025-12-02;9;2517
12;2025-12-02;10;2127
12;2025-12-02;11;2006
12;2025-12-02;12;2073
12;2025-12-02;13;2096
12;2025-12-02;14;2061
12;2025-12-02;15;2324
12;2025-12-02;16;2795
12;2025-12-02;17;3084
12;2025-12-02;18;3137
12;2025-12-02;19;2358
12;2025-12-02;20;1476
12;2025-12-02;21;920
12;2025-12-02;22;447
12;2025-12-02;23;247
12;2025-12-03;0;53
12;2025-12-03;1;2
12;2025-12-03;2;0
12;2025-12-03;3;0
12;2025-12-03;4;6
12;2025-12-03;5;307
12;2025-12-03;6;1424
12;2025-12-03;7;2667
12;2025-12-03;8;3461
12;2025-12-03;9;2521
12;2025-12-03;10;2152
12;2025-12-03;11;2026
12;2025-12-03;12;2097
12;2025-12-03;13;2092
12;2025-12-03;14;2055
12;2025-12-03;15;2335
12;2025-12-03;16;2798
12;2025-12-03;17;3058
12;2025-12-03;18;3108
12;2025-12-03;19;2354
12;2025-12-03;20;1484
12;2025-12-03;21;950
12;2025-12-03;22;459
12;2025-12-03;23;256
12;2025-12-04;0;48
12;2025-12-04;1;3
12;2025-12-04;2;0
12;2025-12-04;3;0
12;2025-12-04;4;6
12;2025-12-04;5;305
12;2025-12-04;6;1404
12;2025-12-04;7;2702
12;2025-12-04;8;3481
12;2025-12-04;9;2491
12;2025-12-04;10;2115
12;2025-12-04;11;2013
12;2025-12-04;12;2078
12;2025-12-04;13;2107
12;2025-12-04;14;2071
12;2025-12-04;15;2349
12;2025-12-04;16;2796
12;2025-12-04;17;3083
12;2025-12-04;18;3143
12;2025-12-04;19;2379
12;2025-12-04;20;1511
12;2025-12-04;21;933
12;2025-12-04;22;467
12;2025-12-04;23;262
12;2025-12-05;0;52
12;2025-12-05;1;3
12;2025-12-05;2;0
12;2025-12-05;3;0
12;2025-12-05;4;5
12;2025-12-05;5;308
12;2025-12-05;6;1399
12;2025-12-05;7;2630
12;2025-12-05;8;3324
12;2025-12-05;9;2443
12;2025-12-05;10;2044
12;2025-12-05;11;2011
12;2025-12-05;12;2056
12;2025-12-05;13;2105
12;2025-12-05;14;2111
12;2025-12-05;15;2494
12;2025-12-05;16;2986
12;2025-12-05;17;3030
12;2025-12-05;18;2677
12;2025-12-05;19;2156
12;2025-12-05;20;1407
12;2025-12-05;21;958
12;2025-12-05;22;475
12;2025-12-05;23;303
12;2025-12-06;0;74
12;2025-12-06;1;3
12;2025-12-06;2;0
12;2025-12-06;3;0
12;2025-12-06;4;2
12;2025-12-06;5;216
12;2025-12-06;6;809
12;2025-12-06;7;903
12;2025-12-06;8;1026
12;2025-12-06;9;1221
12;2025-12-06;10;1459
12;2025-12-06;11;1507
12;2025-12-06;12;1534
12;2025-12-06;13;1766
12;2025-12-06;14;1602
12;2025-12-06;15;1562
12;2025-12-06;16;1710
12;2025-12-06;17;1592
12;2025-12-06;18;1489
12;2025-12-06;19;1353
12;2025-12-06;20;932
12;2025-12-06;21;768
12;2025-12-06;22;407
12;2025-12-06;23;288
12;2025-12-07;0;81
12;2025-12-07;1;7
12;2025-12-07;2;0
12;2025-12-07;3;0
12;2025-12-07;4;3
12;2025-12-07;5;126
12;2025-12-07;6;491
12;2025-12-07;7;690
12;2025-12-07;8;746
12;2025-12-07;9;943
12;2025-12-07;10;1176
12;2025-12-07;11;1302
12;2025-12-07;12;1399
12;2025-12-07;13;1622
12;2025-12-07;14;1507
12;2025-12-07;15;1481
12;2025-12-07;16;1585
12;2025-12-07;17;1580
12;2025-12-07;18;1352
12;2025-12-07;19;1000
12;2025-12-07;20;764
12;2025-12-07;21;593
12;2025-12-07;22;391
12;2025-12-07;23;214
12;2025-12-08;0;54
12;2025-12-08;1;2
12;2025-12-08;2;0
12;2025-12-08;3;0
12;2025-12-08;4;6
12;2025-12-08;5;295
12;2025-12-08;6;1379
12;2025-12-08;7;2632
12;2025-12-08;8;3441
12;2025-12-08;9;2472
12;2025-12-08;10;2056
12;2025-12-08;11;1955
12;2025-12-08;12;2066
12;2025-12-08;13;2041
12;2025-12-08;14;2021
12;2025-12-08;15;2300
12;2025-12-08;16;2740
12;2025-12-08;17;3026
12;2025-12-08;18;3099
12;2025-12-08;19;2332
12;2025-12-08;20;1472
12;2025-12-08;21;903
12;2025-12-08;22;425
12;2025-12-08;23;231
12;2025-12-09;0;44
12;2025-12-09;1;2
12;2025-12-09;2;0
12;2025-12-09;3;0
12;2025-12-09;4;6
12;2025-12-09;5;305
12;2025-12-09;6;1404
12;2025-12-09;7;2721
12;2025-12-09;8;3545
12;2025-12-09;9;2533
12;2025-12-09;10;2135
12;2025-12-09;11;2007
12;2025-12-09;12;2088
12;2025-12-09;13;2104
12;2025-12-09;14;2083
12;2025-12-09;15;2342
12;2025-12-09;16;2815
12;2025-12-09;17;3099
12;2025-12-09;18;3167
12;2025-12-09;19;2377
12;2025-12-09;20;1468
12;2025-12-09;21;914
12;2025-12-09;22;443
12;2025-12-09;23;244
12;2025-12-10;0;53
12;2025-12-10;1;2
12;2025-12-10;2;0
12;2025-12-10;3;0
12;2025-12-10;4;6
12;2025-12-10;5;304
12;2025-12-10;6;1398
12;2025-12-10;7;2657
12;2025-12-10;8;3443
12;2025-12-10;9;2500
12;2025-12-10;10;2137
12;2025-12-10;11;2004
12;2025-12-10;12;2082
12;2025-12-10;13;2072
12;2025-12-10;14;2057
12;2025-12-10;15;2325
12;2025-12-10;16;2795
12;2025-12-10;17;3044
12;2025-12-10;18;3109
12;2025-12-10;19;2358
12;2025-12-10;20;1474
12;2025-12-10;21;941
12;2025-12-10;22;455
12;2025-12-10;23;256
12;2025-12-11;0;49
12;2025-12-11;1;3
12;2025-12-11;2;0
12;2025-12-11;3;0
12;2025-12-11;4;7
12;2025-12-11;5;304
12;2025-12-11;6;1377
12;2025-12-11;7;2675
12;2025-12-11;8;3439
12;2025-12-11;9;2453
12;2025-12-11;10;2067
12;2025-12-11;11;1971
12;2025-12-11;12;2036
12;2025-12-11;13;2061
12;2025-12-11;14;2035
12;2025-12-11;15;2331
12;2025-12-11;16;2767
12;2025-12-11;17;3046
12;2025-12-11;18;3122
12;2025-12-11;19;2339
12;2025-12-11;20;1474
12;2025-12-11;21;906
12;2025-12-11;22;453
12;2025-12-11;23;253
12;2025-12-12;0;54
12;2025-12-12;1;3
12;2025-12-12;2;0
12;2025-12-12;3;0
12;2025-12-12;4;5
12;2025-12-12;5;309
12;2025-12-12;6;1373
12;2025-12-12;7;2581
12;2025-12-12;8;3275
12;2025-12-12;9;2417
12;2025-12-12;10;2040
12;2025-12-12;11;1984
12;2025-12-12;12;2039
12;2025-12-12;13;2066
12;2025-12-12;14;2078
12;2025-12-12;15;2427
12;2025-12-12;16;2913
12;2025-12-12;17;2939
12;2025-12-12;18;2615
12;2025-12-12;19;2108
12;2025-12-12;20;1368
12;2025-12-12;21;925
12;2025-12-12;22;461
12;2025-12-12;23;291
12;2025-12-13;0;73
12;2025-12-13;1;3
12;2025-12-13;2;0
12;2025-12-13;3;0
12;2025-12-13;4;2
12;2025-12-13;5;212
12;2025-12-13;6;793
12;2025-12-13;7;900
12;2025-12-13;8;1028
12;2025-12-13;9;1216
12;2025-12-13;10;1449
12;2025-12-13;11;1493
12;2025-12-13;12;1526
12;2025-12-13;13;1759
12;2025-12-13;14;1609
12;2025-12-13;15;1545
12;2025-12-13;16;1697
12;2025-12-13;17;1579
12;2025-12-13;18;1478
12;2025-12-13;19;1347
12;2025-12-13;20;920
12;2025-12-13;21;745
12;2025-12-13;22;399
12;2025-12-13;23;282
12;2025-12-14;0;83
12;2025-12-14;1;7
12;2025-12-14;2;0
12;2025-12-14;3;0
12;2025-12-14;4;3
12;2025-12-14;5;125
12;2025-12-14;6;486
12;2025-12-14;7;686
12;2025-12-14;8;743
12;2025-12-14;9;941
12;2025-12-14;10;1173
12;2025-12-14;11;1293
12;2025-12-14;12;1390
12;2025-12-14;13;1612
12;2025-12-14;14;1510
12;2025-12-14;15;1461
12;2025-12-14;16;1572
12;2025-12-14;17;1564
12;2025-12-14;18;1343
12;2025-12-14;19;1002
12;2025-12-14;20;756
12;2025-12-14;21;580
12;2025-12-14;22;384
12;2025-12-14;23;212
12;2025-12-15;0;55
12;2025-12-15;1;2
12;2025-12-15;2;0
12;2025-12-15;3;0
12;2025-12-15;4;6
12;2025-12-15;5;295
12;2025-12-15;6;1351
12;2025-12-15;7;2610
12;2025-12-15;8;3404
12;2025-12-15;9;2436
12;2025-12-15;10;2034
12;2025-12-15;11;1930
12;2025-12-15;12;2025
12;2025-12-15;13;2002
12;2025-12-15;14;2002
12;2025-12-15;15;2262
12;2025-12-15;16;2716
12;2025-12-15;17;3004
12;2025-12-15;18;3086
12;2025-12-15;19;2310
12;2025-12-15;20;1465
12;2025-12-15;21;888
12;2025-12-15;22;420
12;2025-12-15;23;232
12;2025-12-16;0;45
12;2025-12-16;1;2
12;2025-12-16;2;0
12;2025-12-16;3;0
12;2025-12-16;4;6
12;2025-12-16;5;309
12;2025-12-16;6;1407
12;2025-12-16;7;2752
12;2025-12-16;8;3551
12;2025-12-16;9;2543
12;2025-12-16;10;2137
12;2025-12-16;11;2011
12;2025-12-16;12;2080
12;2025-12-16;13;2087
12;2025-12-16;14;2084
12;2025-12-16;15;2323
12;2025-12-16;16;2820
12;2025-12-16;17;3118
12;2025-12-16;18;3196
12;2025-12-16;19;2388
12;2025-12-16;20;1480
12;2025-12-16;21;919
12;2025-12-16;22;448
12;2025-12-16;23;248
12;2025-12-17;0;54
12;2025-12-17;1;2
12;2025-12-17;2;0
12;2025-12-17;3;0
12;2025-12-17;4;6
12;2025-12-17;5;305
12;2025-12-17;6;1402
12;2025-12-17;7;2658
12;2025-12-17;8;3466
12;2025-12-17;9;2500
12;2025-12-17;10;2145
12;2025-12-17;11;2018
12;2025-12-17;12;2094
12;2025-12-17;13;2086
12;2025-12-17;14;2066
12;2025-12-17;15;2336
12;2025-12-17;16;2818
12;2025-12-17;17;3057
12;2025-12-17;18;3110
12;2025-12-17;19;2364
12;2025-12-17;20;1475
12;2025-12-17;21;943
12;2025-12-17;22;458
12;2025-12-17;23;256
12;2025-12-18;0;48
12;2025-12-18;1;3
12;2025-12-18;2;0
12;2025-12-18;3;0
12;2025-12-18;4;6
12;2025-12-18;5;303
12;2025-12-18;6;1379
12;2025-12-18;7;2690
12;2025-12-18;8;3484
12;2025-12-18;9;2474
12;2025-12-18;10;2097
12;2025-12-18;11;1998
12;2025-12-18;12;2071
12;2025-12-18;13;2093
12;2025-12-18;14;2074
12;2025-12-18;15;2341
12;2025-12-18;16;2802
12;2025-12-18;17;3078
12;2025-12-18;18;3146
12;2025-12-18;19;2384
12;2025-12-18;20;1497
12;2025-12-18;21;922
12;2025-12-18;22;462
12;2025-12-18;23;260
12;2025-12-19;0;54
12;2025-12-19;1;3
12;2025-12-19;2;0
12;2025-12-19;3;0
12;2025-12-19;4;6
12;2025-12-19;5;309
12;2025-12-19;6;1375
12;2025-12-19;7;2606
12;2025-12-19;8;3317
12;2025-12-19;9;2419
12;2025-12-19;10;2033
12;2025-12-19;11;1991
12;2025-12-19;12;2038
12;2025-12-19;13;2082
12;2025-12-19;14;2103
12;2025-12-19;15;2482
12;2025-12-19;16;2990
12;2025-12-19;17;3018
12;2025-12-19;18;2671
12;2025-12-19;19;2151
12;2025-12-19;20;1394
12;2025-12-19;21;940
12;2025-12-19;22;468
12;2025-12-19;23;298
12;2025-12-20;0;76
12;2025-12-20;1;3
12;2025-12-20;2;0
12;2025-12-20;3;0
12;2025-12-20;4;2
12;2025-12-20;5;215
12;2025-12-20;6;799
12;2025-12-20;7;895
12;2025-12-20;8;1023
12;2025-12-20;9;1222
12;2025-12-20;10;1458
12;2025-12-20;11;1516
12;2025-12-20;12;1542
12;2025-12-20;13;1776
12;2025-12-20;14;1629
12;2025-12-20;15;1558
12;2025-12-20;16;1707
12;2025-12-20;17;1589
12;2025-12-20;18;1481
12;2025-12-20;19;1348
12;2025-12-20;20;923
12;2025-12-20;21;754
12;2025-12-20;22;406
12;2025-12-20;23;286
12;2025-12-21;0;81
12;2025-12-21;1;7
12;2025-12-21;2;0
12;2025-12-21;3;0
12;2025-12-21;4;3
12;2025-12-21;5;126
12;2025-12-21;6;481
12;2025-12-21;7;677
12;2025-12-21;8;735
12;2025-12-21;9;938
12;2025-12-21;10;1169
12;2025-12-21;11;1300
12;2025-12-21;12;1396
12;2025-12-21;13;1623
12;2025-12-21;14;1517
12;2025-12-21;15;1473
12;2025-12-21;16;1582
12;2025-12-21;17;1569
12;2025-12-21;18;1338
12;2025-12-21;19;990
12;2025-12-21;20;753
12;2025-12-21;21;583
12;2025-12-21;22;387
12;2025-12-21;23;214
12;2025-12-22;0;56
12;2025-12-22;1;4
12;2025-12-22;2;0
12;2025-12-22;3;0
12;2025-12-22;4;6
12;2025-12-22;5;295
12;2025-12-22;6;1350
12;2025-12-22;7;2594
12;2025-12-22;8;3396
12;2025-12-22;9;2425
12;2025-12-22;10;2020
12;2025-12-22;11;1904
12;2025-12-22;12;2023
12;2025-12-22;13;1996
12;2025-12-22;14;1991
12;2025-12-22;15;2260
12;2025-12-22;16;2701
12;2025-12-22;17;2966
12;2025-12-22;18;3046
12;2025-12-22;19;2310
12;2025-12-22;20;1438
12;2025-12-22;21;880
12;2025-12-22;22;416
12;2025-12-22;23;225
12;2025-12-23;0;43
12;2025-12-23;1;2
12;2025-12-23;2;0
12;2025-12-23;3;0
12;2025-12-23;4;6
12;2025-12-23;5;313
12;2025-12-23;6;1381
12;2025-12-23;7;2614
12;2025-12-23;8;3415
12;2025-12-23;9;2466
12;2025-12-23;10;2131
12;2025-12-23;11;1995
12;2025-12-23;12;2085
12;2025-12-23;13;2090
12;2025-12-23;14;2107
12;2025-12-23;15;2338
12;2025-12-23;16;2763
12;2025-12-23;17;3036
12;2025-12-23;18;3101
12;2025-12-23;19;2368
12;2025-12-23;20;1465
12;2025-12-23;21;909
12;2025-12-23;22;448
12;2025-12-23;23;249
12;2025-12-24;0;55
12;2025-12-24;1;2
12;2025-12-24;2;0
12;2025-12-24;3;0
12;2025-12-24;4;6
12;2025-12-24;5;312
12;2025-12-24;6;1388
12;2025-12-24;7;2680
12;2025-12-24;8;3468
12;2025-12-24;9;2542
12;2025-12-24;10;2148
12;2025-12-24;11;2016
12;2025-12-24;12;2085
12;2025-12-24;13;2077
12;2025-12-24;14;2096
12;2025-12-24;15;2322
12;2025-12-24;16;2819
12;2025-12-24;17;3102
12;2025-12-24;18;3180
12;2025-12-24;19;2397
12;2025-12-24;20;1516
12;2025-12-24;21;950
12;2025-12-24;22;459
12;2025-12-24;23;256
12;2025-12-25;0;52
12;2025-12-25;1;4
12;2025-12-25;2;0
12;2025-12-25;3;0
12;2025-12-25;4;9
12;2025-12-25;5;305
12;2025-12-25;6;1371
12;2025-12-25;7;2678
12;2025-12-25;8;3468
12;2025-12-25;9;2474
12;2025-12-25;10;2081
12;2025-12-25;11;1996
12;2025-12-25;12;2056
12;2025-12-25;13;2078
12;2025-12-25;14;2064
12;2025-12-25;15;2317
12;2025-12-25;16;2782
12;2025-12-25;17;3043
12;2025-12-25;18;3105
12;2025-12-25;19;2354
12;2025-12-25;20;1471
12;2025-12-25;21;905
12;2025-12-25;22;455
12;2025-12-25;23;251
12;2025-12-26;0;55
12;2025-12-26;1;3
12;2025-12-26;2;0
12;2025-12-26;3;0
12;2025-12-26;4;6
12;2025-12-26;5;304
12;2025-12-26;6;1328
12;2025-12-26;7;2560
12;2025-12-26;8;3238
12;2025-12-26;9;2356
12;2025-12-26;10;1957
12;2025-12-26;11;1912
12;2025-12-26;12;1962
12;2025-12-26;13;1989
12;2025-12-26;14;2033
12;2025-12-26;15;2413
12;2025-12-26;16;2895
12;2025-12-26;17;2904
12;2025-12-26;18;2624
12;2025-12-26;19;2112
12;2025-12-26;20;1357
12;2025-12-26;21;908
12;2025-12-26;22;457
12;2025-12-26;23;291
12;2025-12-27;0;75
12;2025-12-27;1;3
12;2025-12-27;2;0
12;2025-12-27;3;0
12;2025-12-27;4;5
12;2025-12-27;5;214
12;2025-12-27;6;790
12;2025-12-27;7;884
12;2025-12-27;8;1022
12;2025-12-27;9;1214
12;2025-12-27;10;1443
12;2025-12-27;11;1508
12;2025-12-27;12;1530
12;2025-12-27;13;1766
12;2025-12-27;14;1620
12;2025-12-27;15;1540
12;2025-12-27;16;1689
12;2025-12-27;17;1565
12;2025-12-27;18;1452
12;2025-12-27;19;1335
12;2025-12-27;20;913
12;2025-12-27;21;740
12;2025-12-27;22;402
12;2025-12-27;23;281
12;2025-12-28;0;81
12;2025-12-28;1;6
12;2025-12-28;2;0
12;2025-12-28;3;0
12;2025-12-28;4;3
12;2025-12-28;5;126
12;2025-12-28;6;473
12;2025-12-28;7;668
12;2025-12-28;8;725
12;2025-12-28;9;929
12;2025-12-28;10;1150
12;2025-12-28;11;1285
12;2025-12-28;12;1372
12;2025-12-28;13;1591
12;2025-12-28;14;1498
12;2025-12-28;15;1446
12;2025-12-28;16;1551
12;2025-12-28;17;1538
12;2025-12-28;18;1315
12;2025-12-28;19;981
12;2025-12-28;20;741
12;2025-12-28;21;568
12;2025-12-28;22;384
12;2025-12-28;23;209
12;2025-12-29;0;50
12;2025-12-29;1;3
12;2025-12-29;2;0
12;2025-12-29;3;0
12;2025-12-29;4;5
12;2025-12-29;5;263
12;2025-12-29;6;1185
12;2025-12-29;7;2295
12;2025-12-29;8;3001
12;2025-12-29;9;2134
12;2025-12-29;10;1780
12;2025-12-29;11;1692
12;2025-12-29;12;1784
12;2025-12-29;13;1762
12;2025-12-29;14;1754
12;2025-12-29;15;1994
12;2025-12-29;16;2393
12;2025-12-29;17;2619
12;2025-12-29;18;2693
12;2025-12-29;19;2030
12;2025-12-29;20;1271
12;2025-12-29;21;774
12;2025-12-29;22;370
12;2025-12-29;23;202
12;2025-12-30;0;41
12;2025-12-30;1;3
12;2025-12-30;2;0
12;2025-12-30;3;0
12;2025-12-30;4;6
12;2025-12-30;5;271
12;2025-12-30;6;1210
12;2025-12-30;7;2380
12;2025-12-30;8;3084
12;2025-12-30;9;2188
12;2025-12-30;10;1842
12;2025-12-30;11;1732
12;2025-12-30;12;1793
12;2025-12-30;13;1798
12;2025-12-30;14;1814
12;2025-12-30;15;2024
12;2025-12-30;16;2452
12;2025-12-30;17;2676
12;2025-12-30;18;2698
12;2025-12-30;19;2055
12;2025-12-30;20;1271
12;2025-12-30;21;780
12;2025-12-30;22;388
12;2025-12-30;23;213
12;2025-12-31;0;70
12;2025-12-31;1;6
12;2025-12-31;2;0
12;2025-12-31;3;0
12;2025-12-31;4;3
12;2025-12-31;5;110
12;2025-12-31;6;420
12;2025-12-31;7;598
12;2025-12-31;8;638
12;2025-12-31;9;822
12;2025-12-31;10;998
12;2025-12-31;11;1084
12;2025-12-31;12;1174
12;2025-12-31;13;1335
12;2025-12-31;14;1236
12;2025-12-31;15;1239
12;2025-12-31;16;1291
12;2025-12-31;17;1321
12;2025-12-31;18;1179
12;2025-12-31;19;882
12;2025-12-31;20;0
12;2025-12-31;21;0
12;2025-12-31;22;0
12;2025-12-31;23;0
17;2025-11-01;0;121
17;2025-11-01;1;14
17;2025-11-01;2;0
17;2025-11-01;3;0
17;2025-11-01;4;21
17;2025-11-01;5;272
17;2025-11-01;6;1297
17;2025-11-01;7;3674
17;2025-11-01;8;4670
17;2025-11-01;9;3437
17;2025-11-01;10;2788
17;2025-11-01;11;2850
17;2025-11-01;12;2893
17;2025-11-01;13;2978
17;2025-11-01;14;3091
17;2025-11-01;15;3187
17;2025-11-01;16;3659
17;2025-11-01;17;4274
17;2025-11-01;18;4196
17;2025-11-01;19;3013
17;2025-11-01;20;2080
17;2025-11-01;21;1326
17;2025-11-01;22;651
17;2025-11-01;23;370
17;2025-11-02;0;178
17;2025-11-02;1;25
17;2025-11-02;2;0
17;2025-11-02;3;0
17;2025-11-02;4;4
17;2025-11-02;5;115
17;2025-11-02;6;438
17;2025-11-02;7;876
17;2025-11-02;8;1281
17;2025-11-02;9;1751
17;2025-11-02;10;2062
17;2025-11-02;11;2619
17;2025-11-02;12;3013
17;2025-11-02;13;3260
17;2025-11-02;14;3336
17;2025-11-02;15;3270
17;2025-11-02;16;3295
17;2025-11-02;17;3105
17;2025-11-02;18;2627
17;2025-11-02;19;2100
17;2025-11-02;20;1584
17;2025-11-02;21;1126
17;2025-11-02;22;685
17;2025-11-02;23;319
17;2025-11-03;0;159
17;2025-11-03;1;26
17;2025-11-03;2;0
17;2025-11-03;3;0
17;2025-11-03;4;6
17;2025-11-03;5;121
17;2025-11-03;6;496
17;2025-11-03;7;1065
17;2025-11-03;8;1471
17;2025-11-03;9;1760
17;2025-11-03;10;1935
17;2025-11-03;11;2388
17;2025-11-03;12;2754
17;2025-11-03;13;2969
17;2025-11-03;14;3051
17;2025-11-03;15;2961
17;2025-11-03;16;3001
17;2025-11-03;17;2983
17;2025-11-03;18;2732
17;2025-11-03;19;2147
17;2025-11-03;20;1614
17;2025-11-03;21;1133
17;2025-11-03;22;678
17;2025-11-03;23;305
17;2025-11-04;0;163
17;2025-11-04;1;27
17;2025-11-04;2;0
17;2025-11-04;3;0
17;2025-11-04;4;6
17;2025-11-04;5;112
17;2025-11-04;6;466
17;2025-11-04;7;980
17;2025-11-04;8;1354
17;2025-11-04;9;1668
17;2025-11-04;10;1856
17;2025-11-04;11;2273
17;2025-11-04;12;2645
17;2025-11-04;13;2891
17;2025-11-04;14;3026
17;2025-11-04;15;2905
17;2025-11-04;16;2954
17;2025-11-04;17;2944
17;2025-11-04;18;2656
17;2025-11-04;19;2103
17;2025-11-04;20;1591
17;2025-11-04;21;1113
17;2025-11-04;22;675
17;2025-11-04;23;303
17;2025-11-05;0;123
17;2025-11-05;1;12
17;2025-11-05;2;0
17;2025-11-05;3;0
17;2025-11-05;4;26
17;2025-11-05;5;310
17;2025-11-05;6;1538
17;2025-11-05;7;4210
17;2025-11-05;8;5353
17;2025-11-05;9;3844
17;2025-11-05;10;3084
17;2025-11-05;11;3074
17;2025-11-05;12;3100
17;2025-11-05;13;3141
17;2025-11-05;14;3232
17;2025-11-05;15;3352
17;2025-11-05;16;3711
17;2025-11-05;17;4575
17;2025-11-05;18;4721
17;2025-11-05;19;3326
17;2025-11-05;20;2317
17;2025-11-05;21;1457
17;2025-11-05;22;704
17;2025-11-05;23;384
17;2025-11-06;0;128
17;2025-11-06;1;11
17;2025-11-06;2;0
17;2025-11-06;3;0
17;2025-11-06;4;25
17;2025-11-06;5;318
17;2025-11-06;6;1547
17;2025-11-06;7;4216
17;2025-11-06;8;5370
17;2025-11-06;9;3873
17;2025-11-06;10;3102
17;2025-11-06;11;3083
17;2025-11-06;12;3103
17;2025-11-06;13;3163
17;2025-11-06;14;3266
17;2025-11-06;15;3343
17;2025-11-06;16;3786
17;2025-11-06;17;4600
17;2025-11-06;18;4756
17;2025-11-06;19;3379
17;2025-11-06;20;2382
17;2025-11-06;21;1497
17;2025-11-06;22;729
17;2025-11-06;23;403
17;2025-11-07;0;142
17;2025-11-07;1;16
17;2025-11-07;2;0
17;2025-11-07;3;0
17;2025-11-07;4;23
17;2025-11-07;5;311
17;2025-11-07;6;1528
17;2025-11-07;7;4179
17;2025-11-07;8;5218
17;2025-11-07;9;3792
17;2025-11-07;10;3047
17;2025-11-07;11;3108
17;2025-11-07;12;3116
17;2025-11-07;13;3213
17;2025-11-07;14;3342
17;2025-11-07;15;3578
17;2025-11-07;16;4137
17;2025-11-07;17;4683
17;2025-11-07;18;4289
17;2025-11-07;19;3175
17;2025-11-07;20;2338
17;2025-11-07;21;1553
17;2025-11-07;22;782
17;2025-11-07;23;466
17;2025-11-08;0;200
17;2025-11-08;1;28
17;2025-11-08;2;0
17;2025-11-08;3;0
17;2025-11-08;4;6
17;2025-11-08;5;133
17;2025-11-08;6;607
17;2025-11-08;7;1301
17;2025-11-08;8;1812
17;2025-11-08;9;2269
17;2025-11-08;10;2552
17;2025-11-08;11;3036
17;2025-11-08;12;3365
17;2025-11-08;13;3621
17;2025-11-08;14;3615
17;2025-11-08;15;3596
17;2025-11-08;16;3666
17;2025-11-08;17;3387
17;2025-11-08;18;3023
17;2025-11-08;19;2414
17;2025-11-08;20;1880
17;2025-11-08;21;1350
17;2025-11-08;22;836
17;2025-11-08;23;453
17;2025-11-09;0;181
17;2025-11-09;1;26
17;2025-11-09;2;0
17;2025-11-09;3;0
17;2025-11-09;4;7
17;2025-11-09;5;114
17;2025-11-09;6;441
17;2025-11-09;7;871
17;2025-11-09;8;1278
17;2025-11-09;9;1733
17;2025-11-09;10;2022
17;2025-11-09;11;2575
17;2025-11-09;12;2984
17;2025-11-09;13;3237
17;2025-11-09;14;3320
17;2025-11-09;15;3253
17;2025-11-09;16;3289
17;2025-11-09;17;3088
17;2025-11-09;18;2645
17;2025-11-09;19;2125
17;2025-11-09;20;1592
17;2025-11-09;21;1134
17;2025-11-09;22;697
17;2025-11-09;23;327
17;2025-11-10;0;112
17;2025-11-10;1;13
17;2025-11-10;2;0
17;2025-11-10;3;0
17;2025-11-10;4;25
17;2025-11-10;5;310
17;2025-11-10;6;1543
17;2025-11-10;7;4255
17;2025-11-10;8;5460
17;2025-11-10;9;3869
17;2025-11-10;10;3051
17;2025-11-10;11;3039
17;2025-11-10;12;3054
17;2025-11-10;13;3106
17;2025-11-10;14;3202
17;2025-11-10;15;3339
17;2025-11-10;16;3732
17;2025-11-10;17;4585
17;2025-11-10;18;4796
17;2025-11-10;19;3344
17;2025-11-10;20;2303
17;2025-11-10;21;1407
17;2025-11-10;22;650
17;2025-11-10;23;336
17;2025-11-11;0;113
17;2025-11-11;1;10
17;2025-11-11;2;0
17;2025-11-11;3;0
17;2025-11-11;4;24
17;2025-11-11;5;314
17;2025-11-11;6;1561
17;2025-11-11;7;4305
17;2025-11-11;8;5493
17;2025-11-11;9;3923
17;2025-11-11;10;3116
17;2025-11-11;11;3081
17;2025-11-11;12;3108
17;2025-11-11;13;3166
17;2025-11-11;14;3306
17;2025-11-11;15;3386
17;2025-11-11;16;3777
17;2025-11-11;17;4687
17;2025-11-11;18;4852
17;2025-11-11;19;3399
17;2025-11-11;20;2374
17;2025-11-11;21;1461
17;2025-11-11;22;694
17;2025-11-11;23;360
17;2025-11-12;0;120
17;2025-11-12;1;11
17;2025-11-12;2;0
17;2025-11-12;3;0
17;2025-11-12;4;27
17;2025-11-12;5;314
17;2025-11-12;6;1551
17;2025-11-12;7;4235
17;2025-11-12;8;5393
17;2025-11-12;9;3883
17;2025-11-12;10;3099
17;2025-11-12;11;3081
17;2025-11-12;12;3094
17;2025-11-12;13;3137
17;2025-11-12;14;3243
17;2025-11-12;15;3359
17;2025-11-12;16;3738
17;2025-11-12;17;4595
17;2025-11-12;18;4752
17;2025-11-12;19;3338
17;2025-11-12;20;2332
17;2025-11-12;21;1467
17;2025-11-12;22;709
17;2025-11-12;23;385
17;2025-11-13;0;127
17;2025-11-13;1;11
17;2025-11-13;2;0
17;2025-11-13;3;0
17;2025-11-13;4;25
17;2025-11-13;5;320
17;2025-11-13;6;1551
17;2025-11-13;7;4246
17;2025-11-13;8;5420
17;2025-11-13;9;3911
17;2025-11-13;10;3127
17;2025-11-13;11;3118
17;2025-11-13;12;3153
17;2025-11-13;13;3203
17;2025-11-13;14;3306
17;2025-11-13;15;3418
17;2025-11-13;16;3838
17;2025-11-13;17;4655
17;2025-11-13;18;4795
17;2025-11-13;19;3400
17;2025-11-13;20;2411
17;2025-11-13;21;1516
17;2025-11-13;22;739
17;2025-11-13;23;405
17;2025-11-14;0;141
17;2025-11-14;1;16
17;2025-11-14;2;0
17;2025-11-14;3;0
17;2025-11-14;4;23
17;2025-11-14;5;316
17;2025-11-14;6;1535
17;2025-11-14;7;4187
17;2025-11-14;8;5257
17;2025-11-14;9;3814
17;2025-11-14;10;3070
17;2025-11-14;11;3138
17;2025-11-14;12;3133
17;2025-11-14;13;3219
17;2025-11-14;14;3363
17;2025-11-14;15;3598
17;2025-11-14;16;4166
17;2025-11-14;17;4723
17;2025-11-14;18;4303
17;2025-11-14;19;3187
17;2025-11-14;20;2340
17;2025-11-14;21;1537
17;2025-11-14;22;772
17;2025-11-14;23;458
17;2025-11-15;0;191
17;2025-11-15;1;28
17;2025-11-15;2;0
17;2025-11-15;3;0
17;2025-11-15;4;5
17;2025-11-15;5;128
17;2025-11-15;6;592
17;2025-11-15;7;1255
17;2025-11-15;8;1745
17;2025-11-15;9;2203
17;2025-11-15;10;2428
17;2025-11-15;11;2897
17;2025-11-15;12;3227
17;2025-11-15;13;3479
17;2025-11-15;14;3425
17;2025-11-15;15;3465
17;2025-11-15;16;3522
17;2025-11-15;17;3251
17;2025-11-15;18;2919
17;2025-11-15;19;2325
17;2025-11-15;20;1794
17;2025-11-15;21;1307
17;2025-11-15;22;810
17;2025-11-15;23;430
17;2025-11-16;0;173
17;2025-11-16;1;25
17;2025-11-16;2;0
17;2025-11-16;3;0
17;2025-11-16;4;4
17;2025-11-16;5;110
17;2025-11-16;6;435
17;2025-11-16;7;861
17;2025-11-16;8;1261
17;2025-11-16;9;1730
17;2025-11-16;10;2022
17;2025-11-16;11;2594
17;2025-11-16;12;3000
17;2025-11-16;13;3267
17;2025-11-16;14;3326
17;2025-11-16;15;3273
17;2025-11-16;16;3323
17;2025-11-16;17;3111
17;2025-11-16;18;2655
17;2025-11-16;19;2136
17;2025-11-16;20;1592
17;2025-11-16;21;1134
17;2025-11-16;22;693
17;2025-11-16;23;322
17;2025-11-17;0;110
17;2025-11-17;1;13
17;2025-11-17;2;0
17;2025-11-17;3;0
17;2025-11-17;4;25
17;2025-11-17;5;308
17;2025-11-17;6;1534
17;2025-11-17;7;4219
17;2025-11-17;8;5389
17;2025-11-17;9;3839
17;2025-11-17;10;3012
17;2025-11-17;11;3001
17;2025-11-17;12;2988
17;2025-11-17;13;3038
17;2025-11-17;14;3118
17;2025-11-17;15;3246
17;2025-11-17;16;3656
17;2025-11-17;17;4527
17;2025-11-17;18;4749
17;2025-11-17;19;3318
17;2025-11-17;20;2285
17;2025-11-17;21;1393
17;2025-11-17;22;650
17;2025-11-17;23;332
17;2025-11-18;0;116
17;2025-11-18;1;12
17;2025-11-18;2;0
17;2025-11-18;3;0
17;2025-11-18;4;24
17;2025-11-18;5;305
17;2025-11-18;6;1539
17;2025-11-18;7;4182
17;2025-11-18;8;5308
17;2025-11-18;9;3816
17;2025-11-18;10;2972
17;2025-11-18;11;2949
17;2025-11-18;12;2966
17;2025-11-18;13;3018
17;2025-11-18;14;3131
17;2025-11-18;15;3223
17;2025-11-18;16;3609
17;2025-11-18;17;4525
17;2025-11-18;18;4739
17;2025-11-18;19;3276
17;2025-11-18;20;2275
17;2025-11-18;21;1410
17;2025-11-18;22;669
17;2025-11-18;23;345
17;2025-11-19;0;116
17;2025-11-19;1;10
17;2025-11-19;2;0
17;2025-11-19;3;0
17;2025-11-19;4;27
17;2025-11-19;5;313
17;2025-11-19;6;1546
17;2025-11-19;7;4235
17;2025-11-19;8;5387
17;2025-11-19;9;3894
17;2025-11-19;10;3120
17;2025-11-19;11;3119
17;2025-11-19;12;3148
17;2025-11-19;13;3197
17;2025-11-19;14;3295
17;2025-11-19;15;3417
17;2025-11-19;16;3774
17;2025-11-19;17;4632
17;2025-11-19;18;4780
17;2025-11-19;19;3349
17;2025-11-19;20;2331
17;2025-11-19;21;1474
17;2025-11-19;22;709
17;2025-11-19;23;380
17;2025-11-20;0;123
17;2025-11-20;1;11
17;2025-11-20;2;0
17;2025-11-20;3;0
17;2025-11-20;4;25
17;2025-11-20;5;319
17;2025-11-20;6;1503
17;2025-11-20;7;4230
17;2025-11-20;8;5431
17;2025-11-20;9;3910
17;2025-11-20;10;3124
17;2025-11-20;11;3119
17;2025-11-20;12;3145
17;2025-11-20;13;3208
17;2025-11-20;14;3311
17;2025-11-20;15;3435
17;2025-11-20;16;3847
17;2025-11-20;17;4662
17;2025-11-20;18;4805
17;2025-11-20;19;3380
17;2025-11-20;20;2388
17;2025-11-20;21;1502
17;2025-11-20;22;732
17;2025-11-20;23;395
17;2025-11-21;0;139
17;2025-11-21;1;15
17;2025-11-21;2;0
17;2025-11-21;3;0
17;2025-11-21;4;24
17;2025-11-21;5;312
17;2025-11-21;6;1529
17;2025-11-21;7;4184
17;2025-11-21;8;5250
17;2025-11-21;9;3815
17;2025-11-21;10;3067
17;2025-11-21;11;3130
17;2025-11-21;12;3135
17;2025-11-21;13;3233
17;2025-11-21;14;3373
17;2025-11-21;15;3624
17;2025-11-21;16;4166
17;2025-11-21;17;4702
17;2025-11-21;18;4296
17;2025-11-21;19;3164
17;2025-11-21;20;2325
17;2025-11-21;21;1541
17;2025-11-21;22;757
17;2025-11-21;23;400
17;2025-11-22;0;192
17;2025-11-22;1;26
17;2025-11-22;2;0
17;2025-11-22;3;0
17;2025-11-22;4;6
17;2025-11-22;5;128
17;2025-11-22;6;592
17;2025-11-22;7;1269
17;2025-11-22;8;1772
17;2025-11-22;9;2237
17;2025-11-22;10;2497
17;2025-11-22;11;2982
17;2025-11-22;12;3321
17;2025-11-22;13;3584
17;2025-11-22;14;3551
17;2025-11-22;15;3570
17;2025-11-22;16;3653
17;2025-11-22;17;3356
17;2025-11-22;18;3004
17;2025-11-22;19;2389
17;2025-11-22;20;1847
17;2025-11-22;21;1316
17;2025-11-22;22;819
17;2025-11-22;23;436
17;2025-11-23;0;176
17;2025-11-23;1;25
17;2025-11-23;2;0
17;2025-11-23;3;0
17;2025-11-23;4;4
17;2025-11-23;5;109
17;2025-11-23;6;430
17;2025-11-23;7;855
17;2025-11-23;8;1257
17;2025-11-23;9;1717
17;2025-11-23;10;2013
17;2025-11-23;11;2569
17;2025-11-23;12;2972
17;2025-11-23;13;3258
17;2025-11-23;14;3318
17;2025-11-23;15;3268
17;2025-11-23;16;3324
17;2025-11-23;17;3109
17;2025-11-23;18;2648
17;2025-11-23;19;2123
17;2025-11-23;20;1584
17;2025-11-23;21;1125
17;2025-11-23;22;695
17;2025-11-23;23;322
17;2025-11-24;0;113
17;2025-11-24;1;12
17;2025-11-24;2;0
17;2025-11-24;3;0
17;2025-11-24;4;24
17;2025-11-24;5;300
17;2025-11-24;6;1492
17;2025-11-24;7;4116
17;2025-11-24;8;5249
17;2025-11-24;9;3765
17;2025-11-24;10;2923
17;2025-11-24;11;2907
17;2025-11-24;12;2918
17;2025-11-24;13;3002
17;2025-11-24;14;3064
17;2025-11-24;15;3225
17;2025-11-24;16;3585
17;2025-11-24;17;4435
17;2025-11-24;18;4702
17;2025-11-24;19;3249
17;2025-11-24;20;2227
17;2025-11-24;21;1371
17;2025-11-24;22;631
17;2025-11-24;23;322
17;2025-11-25;0;109
17;2025-11-25;1;10
17;2025-11-25;2;0
17;2025-11-25;3;0
17;2025-11-25;4;24
17;2025-11-25;5;314
17;2025-11-25;6;1554
17;2025-11-25;7;4291
17;2025-11-25;8;5478
17;2025-11-25;9;3917
17;2025-11-25;10;3108
17;2025-11-25;11;3076
17;2025-11-25;12;3109
17;2025-11-25;13;3168
17;2025-11-25;14;3316
17;2025-11-25;15;3419
17;2025-11-25;16;3791
17;2025-11-25;17;4701
17;2025-11-25;18;4844
17;2025-11-25;19;3391
17;2025-11-25;20;2356
17;2025-11-25;21;1458
17;2025-11-25;22;692
17;2025-11-25;23;353
17;2025-11-26;0;119
17;2025-11-26;1;11
17;2025-11-26;2;0
17;2025-11-26;3;0
17;2025-11-26;4;26
17;2025-11-26;5;310
17;2025-11-26;6;1538
17;2025-11-26;7;4183
17;2025-11-26;8;5347
17;2025-11-26;9;3866
17;2025-11-26;10;3068
17;2025-11-26;11;3017
17;2025-11-26;12;3051
17;2025-11-26;13;3114
17;2025-11-26;14;3218
17;2025-11-26;15;3359
17;2025-11-26;16;3678
17;2025-11-26;17;4515
17;2025-11-26;18;4691
17;2025-11-26;19;3266
17;2025-11-26;20;2278
17;2025-11-26;21;1439
17;2025-11-26;22;696
17;2025-11-26;23;367
17;2025-11-27;0;128
17;2025-11-27;1;12
17;2025-11-27;2;0
17;2025-11-27;3;0
17;2025-11-27;4;26
17;2025-11-27;5;320
17;2025-11-27;6;1554
17;2025-11-27;7;4235
17;2025-11-27;8;5419
17;2025-11-27;9;3903
17;2025-11-27;10;3115
17;2025-11-27;11;3071
17;2025-11-27;12;3088
17;2025-11-27;13;3146
17;2025-11-27;14;3266
17;2025-11-27;15;3374
17;2025-11-27;16;3779
17;2025-11-27;17;4581
17;2025-11-27;18;4740
17;2025-11-27;19;3308
17;2025-11-27;20;2355
17;2025-11-27;21;1469
17;2025-11-27;22;719
17;2025-11-27;23;389
17;2025-11-28;0;140
17;2025-11-28;1;18
17;2025-11-28;2;0
17;2025-11-28;3;0
17;2025-11-28;4;24
17;2025-11-28;5;313
17;2025-11-28;6;1521
17;2025-11-28;7;4139
17;2025-11-28;8;5215
17;2025-11-28;9;3765
17;2025-11-28;10;3007
17;2025-11-28;11;2958
17;2025-11-28;12;2999
17;2025-11-28;13;3181
17;2025-11-28;14;3305
17;2025-11-28;15;3594
17;2025-11-28;16;4090
17;2025-11-28;17;4634
17;2025-11-28;18;4254
17;2025-11-28;19;3119
17;2025-11-28;20;2284
17;2025-11-28;21;1516
17;2025-11-28;22;774
17;2025-11-28;23;455
17;2025-11-29;0;195
17;2025-11-29;1;27
17;2025-11-29;2;0
17;2025-11-29;3;0
17;2025-11-29;4;6
17;2025-11-29;5;131
17;2025-11-29;6;602
17;2025-11-29;7;1288
17;2025-11-29;8;1814
17;2025-11-29;9;2288
17;2025-11-29;10;2554
17;2025-11-29;11;3062
17;2025-11-29;12;3407
17;2025-11-29;13;3680
17;2025-11-29;14;3650
17;2025-11-29;15;3663
17;2025-11-29;16;3767
17;2025-11-29;17;3446
17;2025-11-29;18;3053
17;2025-11-29;19;2447
17;2025-11-29;20;1886
17;2025-11-29;21;1350
17;2025-11-29;22;846
17;2025-11-29;23;452
17;2025-11-30;0;179
17;2025-11-30;1;26
17;2025-11-30;2;0
17;2025-11-30;3;0
17;2025-11-30;4;4
17;2025-11-30;5;108
17;2025-11-30;6;429
17;2025-11-30;7;848
17;2025-11-30;8;1254
17;2025-11-30;9;1712
17;2025-11-30;10;2003
17;2025-11-30;11;2558
17;2025-11-30;12;2961
17;2025-11-30;13;3263
17;2025-11-30;14;3330
17;2025-11-30;15;3277
17;2025-11-30;16;3351
17;2025-11-30;17;3119
17;2025-11-30;18;2654
17;2025-11-30;19;2137
17;2025-11-30;20;1602
17;2025-11-30;21;1141
17;2025-11-30;22;710
17;2025-11-30;23;328
17;2025-12-01;0;115
17;2025-12-01;1;15
17;2025-12-01;2;0
17;2025-12-01;3;0
17;2025-12-01;4;25
17;2025-12-01;5;319
17;2025-12-01;6;1572
17;2025-12-01;7;4219
17;2025-12-01;8;5445
17;2025-12-01;9;3840
17;2025-12-01;10;3105
17;2025-12-01;11;3088
17;2025-12-01;12;3128
17;2025-12-01;13;3169
17;2025-12-01;14;3284
17;2025-12-01;15;3482
17;2025-12-01;16;3662
17;2025-12-01;17;4501
17;2025-12-01;18;4666
17;2025-12-01;19;3234
17;2025-12-01;20;2317
17;2025-12-01;21;1420
17;2025-12-01;22;664
17;2025-12-01;23;343
17;2025-12-02;0;115
17;2025-12-02;1;12
17;2025-12-02;2;0
17;2025-12-02;3;0
17;2025-12-02;4;27
17;2025-12-02;5;322
17;2025-12-02;6;1592
17;2025-12-02;7;4272
17;2025-12-02;8;5477
17;2025-12-02;9;3894
17;2025-12-02;10;3178
17;2025-12-02;11;3128
17;2025-12-02;12;3178
17;2025-12-02;13;3237
17;2025-12-02;14;3409
17;2025-12-02;15;3535
17;2025-12-02;16;3714
17;2025-12-02;17;4597
17;2025-12-02;18;4728
17;2025-12-02;19;3293
17;2025-12-02;20;2401
17;2025-12-02;21;1484
17;2025-12-02;22;715
17;2025-12-02;23;366
17;2025-12-03;0;125
17;2025-12-03;1;12
17;2025-12-03;2;0
17;2025-12-03;3;0
17;2025-12-03;4;28
17;2025-12-03;5;324
17;2025-12-03;6;1587
17;2025-12-03;7;4224
17;2025-12-03;8;5421
17;2025-12-03;9;3879
17;2025-12-03;10;3195
17;2025-12-03;11;3168
17;2025-12-03;12;3221
17;2025-12-03;13;3271
17;2025-12-03;14;3398
17;2025-12-03;15;3569
17;2025-12-03;16;3713
17;2025-12-03;17;4539
17;2025-12-03;18;4660
17;2025-12-03;19;3248
17;2025-12-03;20;2378
17;2025-12-03;21;1507
17;2025-12-03;22;744
17;2025-12-03;23;395
17;2025-12-04;0;130
17;2025-12-04;1;12
17;2025-12-04;2;0
17;2025-12-04;3;0
17;2025-12-04;4;27
17;2025-12-04;5;331
17;2025-12-04;6;1588
17;2025-12-04;7;4226
17;2025-12-04;8;5423
17;2025-12-04;9;3885
17;2025-12-04;10;3202
17;2025-12-04;11;3176
17;2025-12-04;12;3230
17;2025-12-04;13;3297
17;2025-12-04;14;3421
17;2025-12-04;15;3578
17;2025-12-04;16;3788
17;2025-12-04;17;4571
17;2025-12-04;18;4683
17;2025-12-04;19;3299
17;2025-12-04;20;2453
17;2025-12-04;21;1548
17;2025-12-04;22;772
17;2025-12-04;23;415
17;2025-12-05;0;148
17;2025-12-05;1;16
17;2025-12-05;2;0
17;2025-12-05;3;0
17;2025-12-05;4;25
17;2025-12-05;5;326
17;2025-12-05;6;1575
17;2025-12-05;7;4179
17;2025-12-05;8;5275
17;2025-12-05;9;3805
17;2025-12-05;10;3155
17;2025-12-05;11;3203
17;2025-12-05;12;3238
17;2025-12-05;13;3325
17;2025-12-05;14;3498
17;2025-12-05;15;3824
17;2025-12-05;16;4141
17;2025-12-05;17;4642
17;2025-12-05;18;4210
17;2025-12-05;19;3101
17;2025-12-05;20;2378
17;2025-12-05;21;1588
17;2025-12-05;22;823
17;2025-12-05;23;479
17;2025-12-06;0;193
17;2025-12-06;1;26
17;2025-12-06;2;0
17;2025-12-06;3;0
17;2025-12-06;4;7
17;2025-12-06;5;130
17;2025-12-06;6;587
17;2025-12-06;7;1242
17;2025-12-06;8;1761
17;2025-12-06;9;2226
17;2025-12-06;10;2487
17;2025-12-06;11;2982
17;2025-12-06;12;3320
17;2025-12-06;13;3604
17;2025-12-06;14;3570
17;2025-12-06;15;3594
17;2025-12-06;16;3694
17;2025-12-06;17;3385
17;2025-12-06;18;2980
17;2025-12-06;19;2388
17;2025-12-06;20;1845
17;2025-12-06;21;1322
17;2025-12-06;22;830
17;2025-12-06;23;451
17;2025-12-07;0;174
17;2025-12-07;1;24
17;2025-12-07;2;0
17;2025-12-07;3;0
17;2025-12-07;4;5
17;2025-12-07;5;107
17;2025-12-07;6;418
17;2025-12-07;7;822
17;2025-12-07;8;1227
17;2025-12-07;9;1676
17;2025-12-07;10;1959
17;2025-12-07;11;2508
17;2025-12-07;12;2907
17;2025-12-07;13;3202
17;2025-12-07;14;3259
17;2025-12-07;15;3224
17;2025-12-07;16;3309
17;2025-12-07;17;3063
17;2025-12-07;18;2603
17;2025-12-07;19;2101
17;2025-12-07;20;1566
17;2025-12-07;21;1114
17;2025-12-07;22;691
17;2025-12-07;23;321
17;2025-12-08;0;116
17;2025-12-08;1;14
17;2025-12-08;2;0
17;2025-12-08;3;0
17;2025-12-08;4;27
17;2025-12-08;5;321
17;2025-12-08;6;1572
17;2025-12-08;7;4201
17;2025-12-08;8;5427
17;2025-12-08;9;3828
17;2025-12-08;10;3108
17;2025-12-08;11;3084
17;2025-12-08;12;3132
17;2025-12-08;13;3172
17;2025-12-08;14;3290
17;2025-12-08;15;3500
17;2025-12-08;16;3658
17;2025-12-08;17;4486
17;2025-12-08;18;4665
17;2025-12-08;19;3226
17;2025-12-08;20;2321
17;2025-12-08;21;1425
17;2025-12-08;22;673
17;2025-12-08;23;343
17;2025-12-09;0;113
17;2025-12-09;1;11
17;2025-12-09;2;0
17;2025-12-09;3;0
17;2025-12-09;4;27
17;2025-12-09;5;324
17;2025-12-09;6;1587
17;2025-12-09;7;4232
17;2025-12-09;8;5437
17;2025-12-09;9;3863
17;2025-12-09;10;3156
17;2025-12-09;11;3118
17;2025-12-09;12;3169
17;2025-12-09;13;3206
17;2025-12-09;14;3379
17;2025-12-09;15;3520
17;2025-12-09;16;3688
17;2025-12-09;17;4571
17;2025-12-09;18;4700
17;2025-12-09;19;3281
17;2025-12-09;20;2383
17;2025-12-09;21;1474
17;2025-12-09;22;711
17;2025-12-09;23;361
17;2025-12-10;0;121
17;2025-12-10;1;12
17;2025-12-10;2;0
17;2025-12-10;3;0
17;2025-12-10;4;27
17;2025-12-10;5;322
17;2025-12-10;6;1573
17;2025-12-10;7;4161
17;2025-12-10;8;5323
17;2025-12-10;9;3828
17;2025-12-10;10;3158
17;2025-12-10;11;3126
17;2025-12-10;12;3182
17;2025-12-10;13;3242
17;2025-12-10;14;3357
17;2025-12-10;15;3539
17;2025-12-10;16;3664
17;2025-12-10;17;4483
17;2025-12-10;18;4627
17;2025-12-10;19;3226
17;2025-12-10;20;2359
17;2025-12-10;21;1499
17;2025-12-10;22;744
17;2025-12-10;23;392
17;2025-12-11;0;130
17;2025-12-11;1;13
17;2025-12-11;2;0
17;2025-12-11;3;0
17;2025-12-11;4;28
17;2025-12-11;5;330
17;2025-12-11;6;1577
17;2025-12-11;7;4159
17;2025-12-11;8;5313
17;2025-12-11;9;3811
17;2025-12-11;10;3127
17;2025-12-11;11;3091
17;2025-12-11;12;3133
17;2025-12-11;13;3198
17;2025-12-11;14;3342
17;2025-12-11;15;3497
17;2025-12-11;16;3702
17;2025-12-11;17;4481
17;2025-12-11;18;4596
17;2025-12-11;19;3217
17;2025-12-11;20;2396
17;2025-12-11;21;1506
17;2025-12-11;22;752
17;2025-12-11;23;401
17;2025-12-12;0;156
17;2025-12-12;1;20
17;2025-12-12;2;0
17;2025-12-12;3;0
17;2025-12-12;4;27
17;2025-12-12;5;324
17;2025-12-12;6;1562
17;2025-12-12;7;4078
17;2025-12-12;8;5152
17;2025-12-12;9;3736
17;2025-12-12;10;3103
17;2025-12-12;11;3153
17;2025-12-12;12;3171
17;2025-12-12;13;3229
17;2025-12-12;14;3381
17;2025-12-12;15;3689
17;2025-12-12;16;4000
17;2025-12-12;17;4473
17;2025-12-12;18;4087
17;2025-12-12;19;2996
17;2025-12-12;20;2285
17;2025-12-12;21;1528
17;2025-12-12;22;790
17;2025-12-12;23;457
17;2025-12-13;0;186
17;2025-12-13;1;24
17;2025-12-13;2;0
17;2025-12-13;3;0
17;2025-12-13;4;6
17;2025-12-13;5;126
17;2025-12-13;6;574
17;2025-12-13;7;1221
17;2025-12-13;8;1730
17;2025-12-13;9;2175
17;2025-12-13;10;2410
17;2025-12-13;11;2912
17;2025-12-13;12;3225
17;2025-12-13;13;3493
17;2025-12-13;14;3445
17;2025-12-13;15;3472
17;2025-12-13;16;3594
17;2025-12-13;17;3302
17;2025-12-13;18;2915
17;2025-12-13;19;2347
17;2025-12-13;20;1794
17;2025-12-13;21;1284
17;2025-12-13;22;804
17;2025-12-13;23;430
17;2025-12-14;0;167
17;2025-12-14;1;23
17;2025-12-14;2;0
17;2025-12-14;3;0
17;2025-12-14;4;5
17;2025-12-14;5;104
17;2025-12-14;6;415
17;2025-12-14;7;812
17;2025-12-14;8;1209
17;2025-12-14;9;1652
17;2025-12-14;10;1915
17;2025-12-14;11;2469
17;2025-12-14;12;2851
17;2025-12-14;13;3138
17;2025-12-14;14;3181
17;2025-12-14;15;3150
17;2025-12-14;16;3245
17;2025-12-14;17;3002
17;2025-12-14;18;2562
17;2025-12-14;19;2069
17;2025-12-14;20;1541
17;2025-12-14;21;1095
17;2025-12-14;22;683
17;2025-12-14;23;313
17;2025-12-15;0;113
17;2025-12-15;1;14
17;2025-12-15;2;0
17;2025-12-15;3;0
17;2025-12-15;4;26
17;2025-12-15;5;316
17;2025-12-15;6;1558
17;2025-12-15;7;4157
17;2025-12-15;8;5337
17;2025-12-15;9;3787
17;2025-12-15;10;3084
17;2025-12-15;11;3054
17;2025-12-15;12;3098
17;2025-12-15;13;3156
17;2025-12-15;14;3252
17;2025-12-15;15;3480
17;2025-12-15;16;3616
17;2025-12-15;17;4430
17;2025-12-15;18;4629
17;2025-12-15;19;3206
17;2025-12-15;20;2325
17;2025-12-15;21;1420
17;2025-12-15;22;680
17;2025-12-15;23;341
17;2025-12-16;0;116
17;2025-12-16;1;12
17;2025-12-16;2;0
17;2025-12-16;3;0
17;2025-12-16;4;28
17;2025-12-16;5;326
17;2025-12-16;6;1603
17;2025-12-16;7;4257
17;2025-12-16;8;5435
17;2025-12-16;9;3876
17;2025-12-16;10;3173
17;2025-12-16;11;3120
17;2025-12-16;12;3159
17;2025-12-16;13;3206
17;2025-12-16;14;3364
17;2025-12-16;15;3520
17;2025-12-16;16;3677
17;2025-12-16;17;4571
17;2025-12-16;18;4720
17;2025-12-16;19;3289
17;2025-12-16;20;2412
17;2025-12-16;21;1472
17;2025-12-16;22;642
17;2025-12-16;23;313
17;2025-12-17;0;107
17;2025-12-17;1;11
17;2025-12-17;2;0
17;2025-12-17;3;0
17;2025-12-17;4;25
17;2025-12-17;5;324
17;2025-12-17;6;1580
17;2025-12-17;7;4171
17;2025-12-17;8;5340
17;2025-12-17;9;3817
17;2025-12-17;10;3174
17;2025-12-17;11;3142
17;2025-12-17;12;3202
17;2025-12-17;13;3255
17;2025-12-17;14;3384
17;2025-12-17;15;3573
17;2025-12-17;16;3693
17;2025-12-17;17;4505
17;2025-12-17;18;4636
17;2025-12-17;19;3229
17;2025-12-17;20;2366
17;2025-12-17;21;1499
17;2025-12-17;22;752
17;2025-12-17;23;393
17;2025-12-18;0;128
17;2025-12-18;1;11
17;2025-12-18;2;0
17;2025-12-18;3;0
17;2025-12-18;4;27
17;2025-12-18;5;332
17;2025-12-18;6;1583
17;2025-12-18;7;4175
17;2025-12-18;8;5355
17;2025-12-18;9;3816
17;2025-12-18;10;3165
17;2025-12-18;11;3134
17;2025-12-18;12;3196
17;2025-12-18;13;3261
17;2025-12-18;14;3387
17;2025-12-18;15;3564
17;2025-12-18;16;3749
17;2025-12-18;17;4524
17;2025-12-18;18;4653
17;2025-12-18;19;3267
17;2025-12-18;20;2434
17;2025-12-18;21;1534
17;2025-12-18;22;778
17;2025-12-18;23;413
17;2025-12-19;0;153
17;2025-12-19;1;20
17;2025-12-19;2;0
17;2025-12-19;3;0
17;2025-12-19;4;25
17;2025-12-19;5;327
17;2025-12-19;6;1568
17;2025-12-19;7;4106
17;2025-12-19;8;5199
17;2025-12-19;9;3739
17;2025-12-19;10;3118
17;2025-12-19;11;3163
17;2025-12-19;12;3208
17;2025-12-19;13;3291
17;2025-12-19;14;3454
17;2025-12-19;15;3804
17;2025-12-19;16;4089
17;2025-12-19;17;4570
17;2025-12-19;18;4164
17;2025-12-19;19;3064
17;2025-12-19;20;2354
17;2025-12-19;21;1564
17;2025-12-19;22;825
17;2025-12-19;23;470
17;2025-12-20;0;189
17;2025-12-20;1;25
17;2025-12-20;2;0
17;2025-12-20;3;0
17;2025-12-20;4;6
17;2025-12-20;5;127
17;2025-12-20;6;576
17;2025-12-20;7;1214
17;2025-12-20;8;1736
17;2025-12-20;9;2196
17;2025-12-20;10;2441
17;2025-12-20;11;2947
17;2025-12-20;12;3276
17;2025-12-20;13;3547
17;2025-12-20;14;3508
17;2025-12-20;15;3549
17;2025-12-20;16;3648
17;2025-12-20;17;3329
17;2025-12-20;18;2936
17;2025-12-20;19;2361
17;2025-12-20;20;1818
17;2025-12-20;21;1308
17;2025-12-20;22;827
17;2025-12-20;23;445
17;2025-12-21;0;170
17;2025-12-21;1;23
17;2025-12-21;2;0
17;2025-12-21;3;0
17;2025-12-21;4;5
17;2025-12-21;5;104
17;2025-12-21;6;409
17;2025-12-21;7;793
17;2025-12-21;8;1198
17;2025-12-21;9;1641
17;2025-12-21;10;1915
17;2025-12-21;11;2458
17;2025-12-21;12;2844
17;2025-12-21;13;3145
17;2025-12-21;14;3200
17;2025-12-21;15;3166
17;2025-12-21;16;3251
17;2025-12-21;17;2997
17;2025-12-21;18;2550
17;2025-12-21;19;2062
17;2025-12-21;20;1543
17;2025-12-21;21;1104
17;2025-12-21;22;687
17;2025-12-21;23;318
17;2025-12-22;0;118
17;2025-12-22;1;16
17;2025-12-22;2;0
17;2025-12-22;3;0
17;2025-12-22;4;27
17;2025-12-22;5;319
17;2025-12-22;6;1559
17;2025-12-22;7;4106
17;2025-12-22;8;5291
17;2025-12-22;9;3733
17;2025-12-22;10;3047
17;2025-12-22;11;3021
17;2025-12-22;12;3082
17;2025-12-22;13;3117
17;2025-12-22;14;3227
17;2025-12-22;15;3461
17;2025-12-22;16;3582
17;2025-12-22;17;4381
17;2025-12-22;18;4569
17;2025-12-22;19;3144
17;2025-12-22;20;2276
17;2025-12-22;21;1395
17;2025-12-22;22;667
17;2025-12-22;23;333
17;2025-12-23;0;105
17;2025-12-23;1;8
17;2025-12-23;2;0
17;2025-12-23;3;0
17;2025-12-23;4;26
17;2025-12-23;5;315
17;2025-12-23;6;1546
17;2025-12-23;7;4027
17;2025-12-23;8;5144
17;2025-12-23;9;3670
17;2025-12-23;10;3038
17;2025-12-23;11;3013
17;2025-12-23;12;3067
17;2025-12-23;13;3092
17;2025-12-23;14;3250
17;2025-12-23;15;3429
17;2025-12-23;16;3539
17;2025-12-23;17;4382
17;2025-12-23;18;4499
17;2025-12-23;19;3142
17;2025-12-23;20;2290
17;2025-12-23;21;1410
17;2025-12-23;22;684
17;2025-12-23;23;299
17;2025-12-24;0;121
17;2025-12-24;1;13
17;2025-12-24;2;0
17;2025-12-24;3;0
17;2025-12-24;4;29
17;2025-12-24;5;325
17;2025-12-24;6;1584
17;2025-12-24;7;4144
17;2025-12-24;8;5295
17;2025-12-24;9;3815
17;2025-12-24;10;3160
17;2025-12-24;11;3141
17;2025-12-24;12;3187
17;2025-12-24;13;3232
17;2025-12-24;14;3330
17;2025-12-24;15;3541
17;2025-12-24;16;3667
17;2025-12-24;17;4475
17;2025-12-24;18;4619
17;2025-12-24;19;3233
17;2025-12-24;20;2435
17;2025-12-24;21;1531
17;2025-12-24;22;782
17;2025-12-24;23;390
17;2025-12-25;0;130
17;2025-12-25;1;15
17;2025-12-25;2;0
17;2025-12-25;3;0
17;2025-12-25;4;31
17;2025-12-25;5;332
17;2025-12-25;6;1585
17;2025-12-25;7;4132
17;2025-12-25;8;5295
17;2025-12-25;9;3796
17;2025-12-25;10;3158
17;2025-12-25;11;3140
17;2025-12-25;12;3193
17;2025-12-25;13;3242
17;2025-12-25;14;3363
17;2025-12-25;15;3544
17;2025-12-25;16;3718
17;2025-12-25;17;4468
17;2025-12-25;18;4601
17;2025-12-25;19;3199
17;2025-12-25;20;2387
17;2025-12-25;21;1504
17;2025-12-25;22;768
17;2025-12-25;23;392
17;2025-12-26;0;149
17;2025-12-26;1;18
17;2025-12-26;2;0
17;2025-12-26;3;0
17;2025-12-26;4;28
17;2025-12-26;5;320
17;2025-12-26;6;1521
17;2025-12-26;7;3947
17;2025-12-26;8;4994
17;2025-12-26;9;3614
17;2025-12-26;10;2987
17;2025-12-26;11;3027
17;2025-12-26;12;3059
17;2025-12-26;13;3148
17;2025-12-26;14;3286
17;2025-12-26;15;3630
17;2025-12-26;16;3918
17;2025-12-26;17;4374
17;2025-12-26;18;4044
17;2025-12-26;19;2958
17;2025-12-26;20;2252
17;2025-12-26;21;1496
17;2025-12-26;22;794
17;2025-12-26;23;454
17;2025-12-27;0;187
17;2025-12-27;1;26
17;2025-12-27;2;0
17;2025-12-27;3;0
17;2025-12-27;4;9
17;2025-12-27;5;127
17;2025-12-27;6;568
17;2025-12-27;7;1196
17;2025-12-27;8;1717
17;2025-12-27;9;2161
17;2025-12-27;10;2403
17;2025-12-27;11;2893
17;2025-12-27;12;3216
17;2025-12-27;13;3491
17;2025-12-27;14;3451
17;2025-12-27;15;3485
17;2025-12-27;16;3585
17;2025-12-27;17;3257
17;2025-12-27;18;2877
17;2025-12-27;19;2312
17;2025-12-27;20;1786
17;2025-12-27;21;1282
17;2025-12-27;22;810
17;2025-12-27;23;429
17;2025-12-28;0;167
17;2025-12-28;1;24
17;2025-12-28;2;0
17;2025-12-28;3;0
17;2025-12-28;4;5
17;2025-12-28;5;103
17;2025-12-28;6;407
17;2025-12-28;7;788
17;2025-12-28;8;1191
17;2025-12-28;9;1629
17;2025-12-28;10;1882
17;2025-12-28;11;2412
17;2025-12-28;12;2784
17;2025-12-28;13;3076
17;2025-12-28;14;3128
17;2025-12-28;15;3111
17;2025-12-28;16;3180
17;2025-12-28;17;2939
17;2025-12-28;18;2508
17;2025-12-28;19;2022
17;2025-12-28;20;1518
17;2025-12-28;21;1086
17;2025-12-28;22;682
17;2025-12-28;23;314
17;2025-12-29;0;102
17;2025-12-29;1;13
17;2025-12-29;2;0
17;2025-12-29;3;0
17;2025-12-29;4;24
17;2025-12-29;5;278
17;2025-12-29;6;1353
17;2025-12-29;7;3544
17;2025-12-29;8;4567
17;2025-12-29;9;3220
17;2025-12-29;10;2649
17;2025-12-29;11;2614
17;2025-12-29;12;2674
17;2025-12-29;13;2719
17;2025-12-29;14;2801
17;2025-12-29;15;3012
17;2025-12-29;16;3117
17;2025-12-29;17;3785
17;2025-12-29;18;3944
17;2025-12-29;19;2724
17;2025-12-29;20;1980
17;2025-12-29;21;1208
17;2025-12-29;22;592
17;2025-12-29;23;291
17;2025-12-30;0;99
17;2025-12-30;1;10
17;2025-12-30;2;0
17;2025-12-30;3;0
17;2025-12-30;4;24
17;2025-12-30;5;281
17;2025-12-30;6;1377
17;2025-12-30;7;3585
17;2025-12-30;8;4581
17;2025-12-30;9;3272
17;2025-12-30;10;2691
17;2025-12-30;11;2641
17;2025-12-30;12;2705
17;2025-12-30;13;2740
17;2025-12-30;14;2878
17;2025-12-30;15;3037
17;2025-12-30;16;3153
17;2025-12-30;17;3861
17;2025-12-30;18;3929
17;2025-12-30;19;2735
17;2025-12-30;20;2031
17;2025-12-30;21;1249
17;2025-12-30;22;637
17;2025-12-30;23;306
17;2025-12-31;0;140
17;2025-12-31;1;18
17;2025-12-31;2;0
17;2025-12-31;3;0
17;2025-12-31;4;5
17;2025-12-31;5;99
17;2025-12-31;6;368
17;2025-12-31;7;694
17;2025-12-31;8;1046
17;2025-12-31;9;1436
17;2025-12-31;10;1645
17;2025-12-31;11;2070
17;2025-12-31;12;2383
17;2025-12-31;13;2569
17;2025-12-31;14;2624
17;2025-12-31;15;2565
17;2025-12-31;16;2588
17;2025-12-31;17;2492
17;2025-12-31;18;2191
17;2025-12-31;19;1759
17;2025-12-31;20;0
17;2025-12-31;21;0
17;2025-12-31;22;0
17;2025-12-31;23;0
25;2025-11-01;0;0
25;2025-11-01;1;0
25;2025-11-01;2;0
25;2025-11-01;3;0
25;2025-11-01;4;0
25;2025-11-01;5;12
25;2025-11-01;6;218
25;2025-11-01;7;469
25;2025-11-01;8;768
25;2025-11-01;9;412
25;2025-11-01;10;341
25;2025-11-01;11;406
25;2025-11-01;12;408
25;2025-11-01;13;511
25;2025-11-01;14;456
25;2025-11-01;15;559
25;2025-11-01;16;666
25;2025-11-01;17;693
25;2025-11-01;18;673
25;2025-11-01;19;521
25;2025-11-01;20;295
25;2025-11-01;21;199
25;2025-11-01;22;89
25;2025-11-01;23;8
25;2025-11-02;0;14
25;2025-11-02;1;0
25;2025-11-02;2;0
25;2025-11-02;3;0
25;2025-11-02;4;0
25;2025-11-02;5;8
25;2025-11-02;6;97
25;2025-11-02;7;113
25;2025-11-02;8;203
25;2025-11-02;9;234
25;2025-11-02;10;236
25;2025-11-02;11;328
25;2025-11-02;12;402
25;2025-11-02;13;534
25;2025-11-02;14;564
25;2025-11-02;15;681
25;2025-11-02;16;566
25;2025-11-02;17;555
25;2025-11-02;18;458
25;2025-11-02;19;346
25;2025-11-02;20;247
25;2025-11-02;21;165
25;2025-11-02;22;97
25;2025-11-02;23;35
25;2025-11-03;0;15
25;2025-11-03;1;0
25;2025-11-03;2;0
25;2025-11-03;3;0
25;2025-11-03;4;0
25;2025-11-03;5;9
25;2025-11-03;6;101
25;2025-11-03;7;136
25;2025-11-03;8;240
25;2025-11-03;9;230
25;2025-11-03;10;219
25;2025-11-03;11;290
25;2025-11-03;12;348
25;2025-11-03;13;490
25;2025-11-03;14;505
25;2025-11-03;15;603
25;2025-11-03;16;528
25;2025-11-03;17;524
25;2025-11-03;18;469
25;2025-11-03;19;361
25;2025-11-03;20;252
25;2025-11-03;21;162
25;2025-11-03;22;92
25;2025-11-03;23;36
25;2025-11-04;0;14
25;2025-11-04;1;0
25;2025-11-04;2;0
25;2025-11-04;3;0
25;2025-11-04;4;0
25;2025-11-04;5;9
25;2025-11-04;6;91
25;2025-11-04;7;125
25;2025-11-04;8;210
25;2025-11-04;9;216
25;2025-11-04;10;215
25;2025-11-04;11;280
25;2025-11-04;12;332
25;2025-11-04;13;454
25;2025-11-04;14;495
25;2025-11-04;15;596
25;2025-11-04;16;510
25;2025-11-04;17;497
25;2025-11-04;18;439
25;2025-11-04;19;358
25;2025-11-04;20;251
25;2025-11-04;21;160
25;2025-11-04;22;90
25;2025-11-04;23;36
25;2025-11-05;0;0
25;2025-11-05;1;0
25;2025-11-05;2;0
25;2025-11-05;3;0
25;2025-11-05;4;0
25;2025-11-05;5;14
25;2025-11-05;6;258
25;2025-11-05;7;545
25;2025-11-05;8;908
25;2025-11-05;9;466
25;2025-11-05;10;386
25;2025-11-05;11;456
25;2025-11-05;12;454
25;2025-11-05;13;571
25;2025-11-05;14;481
25;2025-11-05;15;597
25;2025-11-05;16;717
25;2025-11-05;17;807
25;2025-11-05;18;828
25;2025-11-05;19;618
25;2025-11-05;20;344
25;2025-11-05;21;234
25;2025-11-05;22;100
25;2025-11-05;23;8
25;2025-11-06;0;0
25;2025-11-06;1;0
25;2025-11-06;2;0
25;2025-11-06;3;0
25;2025-11-06;4;0
25;2025-11-06;5;15
25;2025-11-06;6;258
25;2025-11-06;7;545
25;2025-11-06;8;909
25;2025-11-06;9;467
25;2025-11-06;10;393
25;2025-11-06;11;456
25;2025-11-06;12;444
25;2025-11-06;13;560
25;2025-11-06;14;502
25;2025-11-06;15;608
25;2025-11-06;16;720
25;2025-11-06;17;783
25;2025-11-06;18;810
25;2025-11-06;19;618
25;2025-11-06;20;336
25;2025-11-06;21;227
25;2025-11-06;22;100
25;2025-11-06;23;8
25;2025-11-07;0;0
25;2025-11-07;1;0
25;2025-11-07;2;0
25;2025-11-07;3;0
25;2025-11-07;4;0
25;2025-11-07;5;14
25;2025-11-07;6;259
25;2025-11-07;7;545
25;2025-11-07;8;864
25;2025-11-07;9;455
25;2025-11-07;10;380
25;2025-11-07;11;460
25;2025-11-07;12;447
25;2025-11-07;13;572
25;2025-11-07;14;518
25;2025-11-07;15;636
25;2025-11-07;16;785
25;2025-11-07;17;789
25;2025-11-07;18;710
25;2025-11-07;19;581
25;2025-11-07;20;336
25;2025-11-07;21;231
25;2025-11-07;22;110
25;2025-11-07;23;10
25;2025-11-08;0;0
25;2025-11-08;1;0
25;2025-11-08;2;0
25;2025-11-08;3;0
25;2025-11-08;4;0
25;2025-11-08;5;14
25;2025-11-08;6;116
25;2025-11-08;7;144
25;2025-11-08;8;323
25;2025-11-08;9;294
25;2025-11-08;10;294
25;2025-11-08;11;400
25;2025-11-08;12;417
25;2025-11-08;13;629
25;2025-11-08;14;644
25;2025-11-08;15;731
25;2025-11-08;16;652
25;2025-11-08;17;577
25;2025-11-08;18;531
25;2025-11-08;19;447
25;2025-11-08;20;277
25;2025-11-08;21;202
25;2025-11-08;22;124
25;2025-11-08;23;49
25;2025-11-09;0;16
25;2025-11-09;1;0
25;2025-11-09;2;0
25;2025-11-09;3;0
25;2025-11-09;4;0
25;2025-11-09;5;8
25;2025-11-09;6;95
25;2025-11-09;7;111
25;2025-11-09;8;200
25;2025-11-09;9;226
25;2025-11-09;10;232
25;2025-11-09;11;316
25;2025-11-09;12;389
25;2025-11-09;13;518
25;2025-11-09;14;547
25;2025-11-09;15;665
25;2025-11-09;16;554
25;2025-11-09;17;544
25;2025-11-09;18;453
25;2025-11-09;19;340
25;2025-11-09;20;242
25;2025-11-09;21;165
25;2025-11-09;22;97
25;2025-11-09;23;37
25;2025-11-10;0;0
25;2025-11-10;1;0
25;2025-11-10;2;0
25;2025-11-10;3;0
25;2025-11-10;4;0
25;2025-11-10;5;14
25;2025-11-10;6;257
25;2025-11-10;7;553
25;2025-11-10;8;928
25;2025-11-10;9;474
25;2025-11-10;10;366
25;2025-11-10;11;434
25;2025-11-10;12;434
25;2025-11-10;13;561
25;2025-11-10;14;472
25;2025-11-10;15;575
25;2025-11-10;16;717
25;2025-11-10;17;777
25;2025-11-10;18;810
25;2025-11-10;19;596
25;2025-11-10;20;325
25;2025-11-10;21;215
25;2025-11-10;22;91
25;2025-11-10;23;7
25;2025-11-11;0;0
25;2025-11-11;1;0
25;2025-11-11;2;0
25;2025-11-11;3;0
25;2025-11-11;4;0
25;2025-11-11;5;14
25;2025-11-11;6;263
25;2025-11-11;7;559
25;2025-11-11;8;919
25;2025-11-11;9;478
25;2025-11-11;10;389
25;2025-11-11;11;455
25;2025-11-11;12;447
25;2025-11-11;13;553
25;2025-11-11;14;489
25;2025-11-11;15;598
25;2025-11-11;16;734
25;2025-11-11;17;781
25;2025-11-11;18;807
25;2025-11-11;19;616
25;2025-11-11;20;338
25;2025-11-11;21;220
25;2025-11-11;22;94
25;2025-11-11;23;7
25;2025-11-12;0;0
25;2025-11-12;1;0
25;2025-11-12;2;0
25;2025-11-12;3;0
25;2025-11-12;4;0
25;2025-11-12;5;15
25;2025-11-12;6;261
25;2025-11-12;7;554
25;2025-11-12;8;920
25;2025-11-12;9;468
25;2025-11-12;10;389
25;2025-11-12;11;453
25;2025-11-12;12;449
25;2025-11-12;13;567
25;2025-11-12;14;474
25;2025-11-12;15;592
25;2025-11-12;16;717
25;2025-11-12;17;806
25;2025-11-12;18;827
25;2025-11-12;19;615
25;2025-11-12;20;344
25;2025-11-12;21;232
25;2025-11-12;22;102
25;2025-11-12;23;8
25;2025-11-13;0;0
25;2025-11-13;1;0
25;2025-11-13;2;0
25;2025-11-13;3;0
25;2025-11-13;4;0
25;2025-11-13;5;16
25;2025-11-13;6;261
25;2025-11-13;7;550
25;2025-11-13;8;922
25;2025-11-13;9;475
25;2025-11-13;10;396
25;2025-11-13;11;462
25;2025-11-13;12;454
25;2025-11-13;13;570
25;2025-11-13;14;516
25;2025-11-13;15;619
25;2025-11-13;16;736
25;2025-11-13;17;799
25;2025-11-13;18;831
25;2025-11-13;19;626
25;2025-11-13;20;341
25;2025-11-13;21;229
25;2025-11-13;22;103
25;2025-11-13;23;7
25;2025-11-14;0;0
25;2025-11-14;1;0
25;2025-11-14;2;0
25;2025-11-14;3;0
25;2025-11-14;4;0
25;2025-11-14;5;15
25;2025-11-14;6;260
25;2025-11-14;7;555
25;2025-11-14;8;885
25;2025-11-14;9;458
25;2025-11-14;10;386
25;2025-11-14;11;468
25;2025-11-14;12;454
25;2025-11-14;13;576
25;2025-11-14;14;516
25;2025-11-14;15;639
25;2025-11-14;16;790
25;2025-11-14;17;795
25;2025-11-14;18;718
25;2025-11-14;19;581
25;2025-11-14;20;341
25;2025-11-14;21;231
25;2025-11-14;22;110
25;2025-11-14;23;10
25;2025-11-15;0;0
25;2025-11-15;1;0
25;2025-11-15;2;0
25;2025-11-15;3;0
25;2025-11-15;4;0
25;2025-11-15;5;14
25;2025-11-15;6;115
25;2025-11-15;7;142
25;2025-11-15;8;316
25;2025-11-15;9;289
25;2025-11-15;10;281
25;2025-11-15;11;389
25;2025-11-15;12;398
25;2025-11-15;13;601
25;2025-11-15;14;607
25;2025-11-15;15;687
25;2025-11-15;16;617
25;2025-11-15;17;546
25;2025-11-15;18;505
25;2025-11-15;19;426
25;2025-11-15;20;264
25;2025-11-15;21;193
25;2025-11-15;22;121
25;2025-11-15;23;49
25;2025-11-16;0;15
25;2025-11-16;1;0
25;2025-11-16;2;0
25;2025-11-16;3;0
25;2025-11-16;4;0
25;2025-11-16;5;8
25;2025-11-16;6;96
25;2025-11-16;7;114
25;2025-11-16;8;203
25;2025-11-16;9;228
25;2025-11-16;10;234
25;2025-11-16;11;321
25;2025-11-16;12;392
25;2025-11-16;13;523
25;2025-11-16;14;550
25;2025-11-16;15;663
25;2025-11-16;16;558
25;2025-11-16;17;548
25;2025-11-16;18;453
25;2025-11-16;19;340
25;2025-11-16;20;244
25;2025-11-16;21;168
25;2025-11-16;22;99
25;2025-11-16;23;38
25;2025-11-17;0;0
25;2025-11-17;1;0
25;2025-11-17;2;0
25;2025-11-17;3;0
25;2025-11-17;4;0
25;2025-11-17;5;13
25;2025-11-17;6;253
25;2025-11-17;7;552
25;2025-11-17;8;921
25;2025-11-17;9;467
25;2025-11-17;10;368
25;2025-11-17;11;430
25;2025-11-17;12;428
25;2025-11-17;13;546
25;2025-11-17;14;454
25;2025-11-17;15;555
25;2025-11-17;16;696
25;2025-11-17;17;761
25;2025-11-17;18;805
25;2025-11-17;19;580
25;2025-11-17;20;324
25;2025-11-17;21;213
25;2025-11-17;22;92
25;2025-11-17;23;9
25;2025-11-18;0;0
25;2025-11-18;1;0
25;2025-11-18;2;0
25;2025-11-18;3;0
25;2025-11-18;4;0
25;2025-11-18;5;15
25;2025-11-18;6;261
25;2025-11-18;7;535
25;2025-11-18;8;895
25;2025-11-18;9;465
25;2025-11-18;10;385
25;2025-11-18;11;454
25;2025-11-18;12;435
25;2025-11-18;13;529
25;2025-11-18;14;463
25;2025-11-18;15;570
25;2025-11-18;16;698
25;2025-11-18;17;747
25;2025-11-18;18;784
25;2025-11-18;19;586
25;2025-11-18;20;335
25;2025-11-18;21;218
25;2025-11-18;22;92
25;2025-11-18;23;7
25;2025-11-19;0;0
25;2025-11-19;1;0
25;2025-11-19;2;0
25;2025-11-19;3;0
25;2025-11-19;4;0
25;2025-11-19;5;15
25;2025-11-19;6;261
25;2025-11-19;7;560
25;2025-11-19;8;933
25;2025-11-19;9;476
25;2025-11-19;10;394
25;2025-11-19;11;461
25;2025-11-19;12;458
25;2025-11-19;13;579
25;2025-11-19;14;483
25;2025-11-19;15;597
25;2025-11-19;16;731
25;2025-11-19;17;821
25;2025-11-19;18;840
25;2025-11-19;19;616
25;2025-11-19;20;351
25;2025-11-19;21;236
25;2025-11-19;22;104
25;2025-11-19;23;8
25;2025-11-20;0;0
25;2025-11-20;1;0
25;2025-11-20;2;0
25;2025-11-20;3;0
25;2025-11-20;4;0
25;2025-11-20;5;15
25;2025-11-20;6;260
25;2025-11-20;7;558
25;2025-11-20;8;938
25;2025-11-20;9;477
25;2025-11-20;10;396
25;2025-11-20;11;462
25;2025-11-20;12;457
25;2025-11-20;13;569
25;2025-11-20;14;507
25;2025-11-20;15;616
25;2025-11-20;16;735
25;2025-11-20;17;801
25;2025-11-20;18;829
25;2025-11-20;19;616
25;2025-11-20;20;342
25;2025-11-20;21;227
25;2025-11-20;22;105
25;2025-11-20;23;8
25;2025-11-21;0;0
25;2025-11-21;1;0
25;2025-11-21;2;0
25;2025-11-21;3;0
25;2025-11-21;4;0
25;2025-11-21;5;14
25;2025-11-21;6;258
25;2025-11-21;7;555
25;2025-11-21;8;880
25;2025-11-21;9;457
25;2025-11-21;10;382
25;2025-11-21;11;459
25;2025-11-21;12;450
25;2025-11-21;13;566
25;2025-11-21;14;510
25;2025-11-21;15;629
25;2025-11-21;16;779
25;2025-11-21;17;786
25;2025-11-21;18;711
25;2025-11-21;19;570
25;2025-11-21;20;334
25;2025-11-21;21;225
25;2025-11-21;22;111
25;2025-11-21;23;11
25;2025-11-22;0;0
25;2025-11-22;1;0
25;2025-11-22;2;0
25;2025-11-22;3;0
25;2025-11-22;4;0
25;2025-11-22;5;13
25;2025-11-22;6;114
25;2025-11-22;7;142
25;2025-11-22;8;316
25;2025-11-22;9;288
25;2025-11-22;10;285
25;2025-11-22;11;386
25;2025-11-22;12;404
25;2025-11-22;13;607
25;2025-11-22;14;618
25;2025-11-22;15;703
25;2025-11-22;16;626
25;2025-11-22;17;555
25;2025-11-22;18;510
25;2025-11-22;19;432
25;2025-11-22;20;266
25;2025-11-22;21;193
25;2025-11-22;22;120
25;2025-11-22;23;49
25;2025-11-23;0;14
25;2025-11-23;1;0
25;2025-11-23;2;0
25;2025-11-23;3;0
25;2025-11-23;4;0
25;2025-11-23;5;9
25;2025-11-23;6;95
25;2025-11-23;7;113
25;2025-11-23;8;198
25;2025-11-23;9;226
25;2025-11-23;10;235
25;2025-11-23;11;317
25;2025-11-23;12;390
25;2025-11-23;13;510
25;2025-11-23;14;540
25;2025-11-23;15;655
25;2025-11-23;16;549
25;2025-11-23;17;543
25;2025-11-23;18;446
25;2025-11-23;19;338
25;2025-11-23;20;241
25;2025-11-23;21;164
25;2025-11-23;22;98
25;2025-11-23;23;37
25;2025-11-24;0;0
25;2025-11-24;1;0
25;2025-11-24;2;0
25;2025-11-24;3;0
25;2025-11-24;4;0
25;2025-11-24;5;13
25;2025-11-24;6;248
25;2025-11-24;7;530
25;2025-11-24;8;899
25;2025-11-24;9;465
25;2025-11-24;10;361
25;2025-11-24;11;428
25;2025-11-24;12;421
25;2025-11-24;13;538
25;2025-11-24;14;452
25;2025-11-24;15;546
25;2025-11-24;16;685
25;2025-11-24;17;745
25;2025-11-24;18;793
25;2025-11-24;19;572
25;2025-11-24;20;323
25;2025-11-24;21;213
25;2025-11-24;22;90
25;2025-11-24;23;7
25;2025-11-25;0;0
25;2025-11-25;1;0
25;2025-11-25;2;0
25;2025-11-25;3;0
25;2025-11-25;4;0
25;2025-11-25;5;14
25;2025-11-25;6;261
25;2025-11-25;7;569
25;2025-11-25;8;937
25;2025-11-25;9;482
25;2025-11-25;10;390
25;2025-11-25;11;456
25;2025-11-25;12;446
25;2025-11-25;13;551
25;2025-11-25;14;487
25;2025-11-25;15;594
25;2025-11-25;16;735
25;2025-11-25;17;789
25;2025-11-25;18;816
25;2025-11-25;19;607
25;2025-11-25;20;342
25;2025-11-25;21;220
25;2025-11-25;22;96
25;2025-11-25;23;7
25;2025-11-26;0;0
25;2025-11-26;1;0
25;2025-11-26;2;0
25;2025-11-26;3;0
25;2025-11-26;4;0
25;2025-11-26;5;14
25;2025-11-26;6;254
25;2025-11-26;7;546
25;2025-11-26;8;913
25;2025-11-26;9;468
25;2025-11-26;10;382
25;2025-11-26;11;442
25;2025-11-26;12;439
25;2025-11-26;13;552
25;2025-11-26;14;468
25;2025-11-26;15;575
25;2025-11-26;16;702
25;2025-11-26;17;787
25;2025-11-26;18;812
25;2025-11-26;19;594
25;2025-11-26;20;336
25;2025-11-26;21;226
25;2025-11-26;22;102
25;2025-11-26;23;8
25;2025-11-27;0;0
25;2025-11-27;1;0
25;2025-11-27;2;0
25;2025-11-27;3;0
25;2025-11-27;4;0
25;2025-11-27;5;16
25;2025-11-27;6;257
25;2025-11-27;7;546
25;2025-11-27;8;915
25;2025-11-27;9;465
25;2025-11-27;10;389
25;2025-11-27;11;446
25;2025-11-27;12;440
25;2025-11-27;13;546
25;2025-11-27;14;489
25;2025-11-27;15;595
25;2025-11-27;16;708
25;2025-11-27;17;774
25;2025-11-27;18;801
25;2025-11-27;19;598
25;2025-11-27;20;331
25;2025-11-27;21;223
25;2025-11-27;22;102
25;2025-11-27;23;7
25;2025-11-28;0;0
25;2025-11-28;1;0
25;2025-11-28;2;0
25;2025-11-28;3;0
25;2025-11-28;4;0
25;2025-11-28;5;14
25;2025-11-28;6;257
25;2025-11-28;7;549
25;2025-11-28;8;880
25;2025-11-28;9;457
25;2025-11-28;10;376
25;2025-11-28;11;456
25;2025-11-28;12;446
25;2025-11-28;13;560
25;2025-11-28;14;507
25;2025-11-28;15;624
25;2025-11-28;16;774
25;2025-11-28;17;780
25;2025-11-28;18;706
25;2025-11-28;19;560
25;2025-11-28;20;332
25;2025-11-28;21;226
25;2025-11-28;22;112
25;2025-11-28;23;10
25;2025-11-29;0;0
25;2025-11-29;1;0
25;2025-11-29;2;0
25;2025-11-29;3;0
25;2025-11-29;4;0
25;2025-11-29;5;14
25;2025-11-29;6;116
25;2025-11-29;7;147
25;2025-11-29;8;328
25;2025-11-29;9;297
25;2025-11-29;10;294
25;2025-11-29;11;400
25;2025-11-29;12;418
25;2025-11-29;13;623
25;2025-11-29;14;631
25;2025-11-29;15;721
25;2025-11-29;16;643
25;2025-11-29;17;569
25;2025-11-29;18;523
25;2025-11-29;19;439
25;2025-11-29;20;271
25;2025-11-29;21;201
25;2025-11-29;22;125
25;2025-11-29;23;51
25;2025-11-30;0;15
25;2025-11-30;1;0
25;2025-11-30;2;0
25;2025-11-30;3;0
25;2025-11-30;4;0
25;2025-11-30;5;8
25;2025-11-30;6;94
25;2025-11-30;7;112
25;2025-11-30;8;197
25;2025-11-30;9;224
25;2025-11-30;10;231
25;2025-11-30;11;311
25;2025-11-30;12;385
25;2025-11-30;13;503
25;2025-11-30;14;534
25;2025-11-30;15;649
25;2025-11-30;16;545
25;2025-11-30;17;534
25;2025-11-30;18;442
25;2025-11-30;19;337
25;2025-11-30;20;240
25;2025-11-30;21;166
25;2025-11-30;22;97
25;2025-11-30;23;37
25;2025-12-01;0;0
25;2025-12-01;1;0
25;2025-12-01;2;0
25;2025-12-01;3;0
25;2025-12-01;4;0
25;2025-12-01;5;14
25;2025-12-01;6;257
25;2025-12-01;7;566
25;2025-12-01;8;956
25;2025-12-01;9;486
25;2025-12-01;10;372
25;2025-12-01;11;442
25;2025-12-01;12;445
25;2025-12-01;13;568
25;2025-12-01;14;477
25;2025-12-01;15;577
25;2025-12-01;16;731
25;2025-12-01;17;791
25;2025-12-01;18;829
25;2025-12-01;19;588
25;2025-12-01;20;328
25;2025-12-01;21;217
25;2025-12-01;22;94
25;2025-12-01;23;8
25;2025-12-02;0;0
25;2025-12-02;1;0
25;2025-12-02;2;0
25;2025-12-02;3;0
25;2025-12-02;4;0
25;2025-12-02;5;15
25;2025-12-02;6;262
25;2025-12-02;7;574
25;2025-12-02;8;945
25;2025-12-02;9;485
25;2025-12-02;10;395
25;2025-12-02;11;460
25;2025-12-02;12;456
25;2025-12-02;13;557
25;2025-12-02;14;492
25;2025-12-02;15;600
25;2025-12-02;16;744
25;2025-12-02;17;796
25;2025-12-02;18;824
25;2025-12-02;19;605
25;2025-12-02;20;341
25;2025-12-02;21;221
25;2025-12-02;22;98
25;2025-12-02;23;7
25;2025-12-03;0;0
25;2025-12-03;1;0
25;2025-12-03;2;0
25;2025-12-03;3;0
25;2025-12-03;4;0
25;2025-12-03;5;15
25;2025-12-03;6;262
25;2025-12-03;7;567
25;2025-12-03;8;942
25;2025-12-03;9;481
25;2025-12-03;10;397
25;2025-12-03;11;464
25;2025-12-03;12;467
25;2025-12-03;13;580
25;2025-12-03;14;487
25;2025-12-03;15;606
25;2025-12-03;16;738
25;2025-12-03;17;834
25;2025-12-03;18;853
25;2025-12-03;19;614
25;2025-12-03;20;348
25;2025-12-03;21;236
25;2025-12-03;22;107
25;2025-12-03;23;9
25;2025-12-04;0;0
25;2025-12-04;1;0
25;2025-12-04;2;0
25;2025-12-04;3;0
25;2025-12-04;4;0
25;2025-12-04;5;16
25;2025-12-04;6;262
25;2025-12-04;7;567
25;2025-12-04;8;951
25;2025-12-04;9;482
25;2025-12-04;10;402
25;2025-12-04;11;468
25;2025-12-04;12;462
25;2025-12-04;13;571
25;2025-12-04;14;514
25;2025-12-04;15;621
25;2025-12-04;16;748
25;2025-12-04;17;815
25;2025-12-04;18;842
25;2025-12-04;19;617
25;2025-12-04;20;344
25;2025-12-04;21;231
25;2025-12-04;22;108
25;2025-12-04;23;8
25;2025-12-05;0;0
25;2025-12-05;1;0
25;2025-12-05;2;0
25;2025-12-05;3;0
25;2025-12-05;4;0
25;2025-12-05;5;14
25;2025-12-05;6;259
25;2025-12-05;7;566
25;2025-12-05;8;902
25;2025-12-05;9;469
25;2025-12-05;10;388
25;2025-12-05;11;471
25;2025-12-05;12;464
25;2025-12-05;13;582
25;2025-12-05;14;527
25;2025-12-05;15;644
25;2025-12-05;16;803
25;2025-12-05;17;809
25;2025-12-05;18;728
25;2025-12-05;19;574
25;2025-12-05;20;340
25;2025-12-05;21;232
25;2025-12-05;22;118
25;2025-12-05;23;11
25;2025-12-06;0;0
25;2025-12-06;1;0
25;2025-12-06;2;0
25;2025-12-06;3;0
25;2025-12-06;4;0
25;2025-12-06;5;15
25;2025-12-06;6;119
25;2025-12-06;7;148
25;2025-12-06;8;332
25;2025-12-06;9;302
25;2025-12-06;10;301
25;2025-12-06;11;408
25;2025-12-06;12;430
25;2025-12-06;13;634
25;2025-12-06;14;642
25;2025-12-06;15;731
25;2025-12-06;16;658
25;2025-12-06;17;582
25;2025-12-06;18;531
25;2025-12-06;19;448
25;2025-12-06;20;278
25;2025-12-06;21;206
25;2025-12-06;22;129
25;2025-12-06;23;52
25;2025-12-07;0;15
25;2025-12-07;1;0
25;2025-12-07;2;0
25;2025-12-07;3;0
25;2025-12-07;4;0
25;2025-12-07;5;9
25;2025-12-07;6;96
25;2025-12-07;7;116
25;2025-12-07;8;205
25;2025-12-07;9;229
25;2025-12-07;10;237
25;2025-12-07;11;321
25;2025-12-07;12;396
25;2025-12-07;13;515
25;2025-12-07;14;543
25;2025-12-07;15;657
25;2025-12-07;16;558
25;2025-12-07;17;546
25;2025-12-07;18;452
25;2025-12-07;19;342
25;2025-12-07;20;244
25;2025-12-07;21;170
25;2025-12-07;22;101
25;2025-12-07;23;39
25;2025-12-08;0;0
25;2025-12-08;1;0
25;2025-12-08;2;0
25;2025-12-08;3;0
25;2025-12-08;4;0
25;2025-12-08;5;15
25;2025-12-08;6;254
25;2025-12-08;7;561
25;2025-12-08;8;948
25;2025-12-08;9;484
25;2025-12-08;10;372
25;2025-12-08;11;440
25;2025-12-08;12;445
25;2025-12-08;13;564
25;2025-12-08;14;477
25;2025-12-08;15;574
25;2025-12-08;16;725
25;2025-12-08;17;790
25;2025-12-08;18;829
25;2025-12-08;19;584
25;2025-12-08;20;326
25;2025-12-08;21;215
25;2025-12-08;22;95
25;2025-12-08;23;8
25;2025-12-09;0;0
25;2025-12-09;1;0
25;2025-12-09;2;0
25;2025-12-09;3;0
25;2025-12-09;4;0
25;2025-12-09;5;14
25;2025-12-09;6;258
25;2025-12-09;7;574
25;2025-12-09;8;951
25;2025-12-09;9;487
25;2025-12-09;10;392
25;2025-12-09;11;462
25;2025-12-09;12;455
25;2025-12-09;13;554
25;2025-12-09;14;486
25;2025-12-09;15;595
25;2025-12-09;16;739
25;2025-12-09;17;795
25;2025-12-09;18;828
25;2025-12-09;19;596
25;2025-12-09;20;342
25;2025-12-09;21;222
25;2025-12-09;22;99
25;2025-12-09;23;7
25;2025-12-10;0;0
25;2025-12-10;1;0
25;2025-12-10;2;0
25;2025-12-10;3;0
25;2025-12-10;4;0
25;2025-12-10;5;15
25;2025-12-10;6;255
25;2025-12-10;7;563
25;2025-12-10;8;941
25;2025-12-10;9;476
25;2025-12-10;10;393
25;2025-12-10;11;459
25;2025-12-10;12;459
25;2025-12-10;13;573
25;2025-12-10;14;480
25;2025-12-10;15;593
25;2025-12-10;16;728
25;2025-12-10;17;822
25;2025-12-10;18;843
25;2025-12-10;19;601
25;2025-12-10;20;348
25;2025-12-10;21;235
25;2025-12-10;22;108
25;2025-12-10;23;9
25;2025-12-11;0;0
25;2025-12-11;1;0
25;2025-12-11;2;0
25;2025-12-11;3;0
25;2025-12-11;4;0
25;2025-12-11;5;16
25;2025-12-11;6;252
25;2025-12-11;7;557
25;2025-12-11;8;934
25;2025-12-11;9;469
25;2025-12-11;10;392
25;2025-12-11;11;453
25;2025-12-11;12;446
25;2025-12-11;13;550
25;2025-12-11;14;491
25;2025-12-11;15;597
25;2025-12-11;16;723
25;2025-12-11;17;790
25;2025-12-11;18;816
25;2025-12-11;19;592
25;2025-12-11;20;338
25;2025-12-11;21;226
25;2025-12-11;22;107
25;2025-12-11;23;8
25;2025-12-12;0;0
25;2025-12-12;1;0
25;2025-12-12;2;0
25;2025-12-12;3;0
25;2025-12-12;4;0
25;2025-12-12;5;14
25;2025-12-12;6;253
25;2025-12-12;7;547
25;2025-12-12;8;883
25;2025-12-12;9;461
25;2025-12-12;10;380
25;2025-12-12;11;467
25;2025-12-12;12;454
25;2025-12-12;13;561
25;2025-12-12;14;506
25;2025-12-12;15;613
25;2025-12-12;16;766
25;2025-12-12;17;762
25;2025-12-12;18;707
25;2025-12-12;19;544
25;2025-12-12;20;330
25;2025-12-12;21;225
25;2025-12-12;22;116
25;2025-12-12;23;11
25;2025-12-13;0;0
25;2025-12-13;1;0
25;2025-12-13;2;0
25;2025-12-13;3;0
25;2025-12-13;4;0
25;2025-12-13;5;13
25;2025-12-13;6;112
25;2025-12-13;7;151
25;2025-12-13;8;331
25;2025-12-13;9;298
25;2025-12-13;10;296
25;2025-12-13;11;400
25;2025-12-13;12;416
25;2025-12-13;13;596
25;2025-12-13;14;533
25;2025-12-13;15;695
25;2025-12-13;16;627
25;2025-12-13;17;558
25;2025-12-13;18;510
25;2025-12-13;19;429
25;2025-12-13;20;268
25;2025-12-13;21;202
25;2025-12-13;22;127
25;2025-12-13;23;51
25;2025-12-14;0;15
25;2025-12-14;1;0
25;2025-12-14;2;0
25;2025-12-14;3;0
25;2025-12-14;4;0
25;2025-12-14;5;8
25;2025-12-14;6;92
25;2025-12-14;7;118
25;2025-12-14;8;208
25;2025-12-14;9;229
25;2025-12-14;10;235
25;2025-12-14;11;317
25;2025-12-14;12;388
25;2025-12-14;13;502
25;2025-12-14;14;523
25;2025-12-14;15;638
25;2025-12-14;16;544
25;2025-12-14;17;530
25;2025-12-14;18;440
25;2025-12-14;19;336
25;2025-12-14;20;239
25;2025-12-14;21;168
25;2025-12-14;22;100
25;2025-12-14;23;40
25;2025-12-15;0;0
25;2025-12-15;1;0
25;2025-12-15;2;0
25;2025-12-15;3;0
25;2025-12-15;4;0
25;2025-12-15;5;13
25;2025-12-15;6;246
25;2025-12-15;7;563
25;2025-12-15;8;940
25;2025-12-15;9;478
25;2025-12-15;10;370
25;2025-12-15;11;432
25;2025-12-15;12;437
25;2025-12-15;13;554
25;2025-12-15;14;464
25;2025-12-15;15;561
25;2025-12-15;16;718
25;2025-12-15;17;780
25;2025-12-15;18;814
25;2025-12-15;19;570
25;2025-12-15;20;323
25;2025-12-15;21;210
25;2025-12-15;22;97
25;2025-12-15;23;9
25;2025-12-16;0;0
25;2025-12-16;1;0
25;2025-12-16;2;0
25;2025-12-16;3;0
25;2025-12-16;4;0
25;2025-12-16;5;14
25;2025-12-16;6;254
25;2025-12-16;7;571
25;2025-12-16;8;937
25;2025-12-16;9;484
25;2025-12-16;10;397
25;2025-12-16;11;457
25;2025-12-16;12;451
25;2025-12-16;13;548
25;2025-12-16;14;480
25;2025-12-16;15;588
25;2025-12-16;16;731
25;2025-12-16;17;788
25;2025-12-16;18;821
25;2025-12-16;19;592
25;2025-12-16;20;340
25;2025-12-16;21;218
25;2025-12-16;22;104
25;2025-12-16;23;8
25;2025-12-17;0;0
25;2025-12-17;1;0
25;2025-12-17;2;0
25;2025-12-17;3;0
25;2025-12-17;4;0
25;2025-12-17;5;15
25;2025-12-17;6;253
25;2025-12-17;7;564
25;2025-12-17;8;942
25;2025-12-17;9;478
25;2025-12-17;10;395
25;2025-12-17;11;459
25;2025-12-17;12;462
25;2025-12-17;13;572
25;2025-12-17;14;479
25;2025-12-17;15;592
25;2025-12-17;16;732
25;2025-12-17;17;829
25;2025-12-17;18;843
25;2025-12-17;19;601
25;2025-12-17;20;347
25;2025-12-17;21;236
25;2025-12-17;22;110
25;2025-12-17;23;9
25;2025-12-18;0;0
25;2025-12-18;1;0
25;2025-12-18;2;0
25;2025-12-18;3;0
25;2025-12-18;4;0
25;2025-12-18;5;16
25;2025-12-18;6;251
25;2025-12-18;7;565
25;2025-12-18;8;949
25;2025-12-18;9;479
25;2025-12-18;10;397
25;2025-12-18;11;461
25;2025-12-18;12;456
25;2025-12-18;13;559
25;2025-12-18;14;502
25;2025-12-18;15;604
25;2025-12-18;16;739
25;2025-12-18;17;809
25;2025-12-18;18;830
25;2025-12-18;19;596
25;2025-12-18;20;340
25;2025-12-18;21;229
25;2025-12-18;22;112
25;2025-12-18;23;8
25;2025-12-19;0;0
25;2025-12-19;1;0
25;2025-12-19;2;0
25;2025-12-19;3;0
25;2025-12-19;4;0
25;2025-12-19;5;14
25;2025-12-19;6;248
25;2025-12-19;7;562
25;2025-12-19;8;892
25;2025-12-19;9;462
25;2025-12-19;10;381
25;2025-12-19;11;460
25;2025-12-19;12;453
25;2025-12-19;13;563
25;2025-12-19;14;510
25;2025-12-19;15;622
25;2025-12-19;16;786
25;2025-12-19;17;791
25;2025-12-19;18;715
25;2025-12-19;19;552
25;2025-12-19;20;332
25;2025-12-19;21;225
25;2025-12-19;22;118
25;2025-12-19;23;11
25;2025-12-20;0;0
25;2025-12-20;1;0
25;2025-12-20;2;0
25;2025-12-20;3;0
25;2025-12-20;4;0
25;2025-12-20;5;14
25;2025-12-20;6;114
25;2025-12-20;7;150
25;2025-12-20;8;329
25;2025-12-20;9;303
25;2025-12-20;10;300
25;2025-12-20;11;405
25;2025-12-20;12;427
25;2025-12-20;13;618
25;2025-12-20;14;625
25;2025-12-20;15;715
25;2025-12-20;16;645
25;2025-12-20;17;572
25;2025-12-20;18;521
25;2025-12-20;19;441
25;2025-12-20;20;273
25;2025-12-20;21;206
25;2025-12-20;22;129
25;2025-12-20;23;53
25;2025-12-21;0;15
25;2025-12-21;1;0
25;2025-12-21;2;0
25;2025-12-21;3;0
25;2025-12-21;4;0
25;2025-12-21;5;9
25;2025-12-21;6;92
25;2025-12-21;7;113
25;2025-12-21;8;199
25;2025-12-21;9;226
25;2025-12-21;10;233
25;2025-12-21;11;315
25;2025-12-21;12;388
25;2025-12-21;13;498
25;2025-12-21;14;526
25;2025-12-21;15;640
25;2025-12-21;16;545
25;2025-12-21;17;530
25;2025-12-21;18;439
25;2025-12-21;19;338
25;2025-12-21;20;239
25;2025-12-21;21;169
25;2025-12-21;22;100
25;2025-12-21;23;39
25;2025-12-22;0;0
25;2025-12-22;1;0
25;2025-12-22;2;0
25;2025-12-22;3;0
25;2025-12-22;4;0
25;2025-12-22;5;14
25;2025-12-22;6;241
25;2025-12-22;7;546
25;2025-12-22;8;925
25;2025-12-22;9;472
25;2025-12-22;10;364
25;2025-12-22;11;430
25;2025-12-22;12;434
25;2025-12-22;13;546
25;2025-12-22;14;461
25;2025-12-22;15;555
25;2025-12-22;16;704
25;2025-12-22;17;765
25;2025-12-22;18;805
25;2025-12-22;19;556
25;2025-12-22;20;317
25;2025-12-22;21;210
25;2025-12-22;22;96
25;2025-12-22;23;8
25;2025-12-23;0;0
25;2025-12-23;1;0
25;2025-12-23;2;0
25;2025-12-23;3;0
25;2025-12-23;4;0
25;2025-12-23;5;11
25;2025-12-23;6;237
25;2025-12-23;7;562
25;2025-12-23;8;932
25;2025-12-23;9;488
25;2025-12-23;10;395
25;2025-12-23;11;467
25;2025-12-23;12;458
25;2025-12-23;13;561
25;2025-12-23;14;486
25;2025-12-23;15;596
25;2025-12-23;16;743
25;2025-12-23;17;770
25;2025-12-23;18;792
25;2025-12-23;19;579
25;2025-12-23;20;341
25;2025-12-23;21;219
25;2025-12-23;22;103
25;2025-12-23;23;10
25;2025-12-24;0;0
25;2025-12-24;1;0
25;2025-12-24;2;0
25;2025-12-24;3;0
25;2025-12-24;4;0
25;2025-12-24;5;13
25;2025-12-24;6;242
25;2025-12-24;7;575
25;2025-12-24;8;945
25;2025-12-24;9;479
25;2025-12-24;10;391
25;2025-12-24;11;457
25;2025-12-24;12;458
25;2025-12-24;13;569
25;2025-12-24;14;474
25;2025-12-24;15;585
25;2025-12-24;16;726
25;2025-12-24;17;819
25;2025-12-24;18;837
25;2025-12-24;19;583
25;2025-12-24;20;348
25;2025-12-24;21;230
25;2025-12-24;22;115
25;2025-12-24;23;10
25;2025-12-25;0;0
25;2025-12-25;1;0
25;2025-12-25;2;0
25;2025-12-25;3;0
25;2025-12-25;4;0
25;2025-12-25;5;14
25;2025-12-25;6;244
25;2025-12-25;7;556
25;2025-12-25;8;931
25;2025-12-25;9;474
25;2025-12-25;10;392
25;2025-12-25;11;453
25;2025-12-25;12;450
25;2025-12-25;13;551
25;2025-12-25;14;494
25;2025-12-25;15;591
25;2025-12-25;16;720
25;2025-12-25;17;790
25;2025-12-25;18;810
25;2025-12-25;19;574
25;2025-12-25;20;330
25;2025-12-25;21;222
25;2025-12-25;22;111
25;2025-12-25;23;7
25;2025-12-26;0;0
25;2025-12-26;1;0
25;2025-12-26;2;0
25;2025-12-26;3;0
25;2025-12-26;4;0
25;2025-12-26;5;14
25;2025-12-26;6;237
25;2025-12-26;7;538
25;2025-12-26;8;864
25;2025-12-26;9;450
25;2025-12-26;10;370
25;2025-12-26;11;447
25;2025-12-26;12;432
25;2025-12-26;13;538
25;2025-12-26;14;487
25;2025-12-26;15;588
25;2025-12-26;16;745
25;2025-12-26;17;750
25;2025-12-26;18;681
25;2025-12-26;19;523
25;2025-12-26;20;322
25;2025-12-26;21;220
25;2025-12-26;22;117
25;2025-12-26;23;11
25;2025-12-27;0;0
25;2025-12-27;1;0
25;2025-12-27;2;0
25;2025-12-27;3;0
25;2025-12-27;4;0
25;2025-12-27;5;13
25;2025-12-27;6;109
25;2025-12-27;7;147
25;2025-12-27;8;327
25;2025-12-27;9;299
25;2025-12-27;10;297
25;2025-12-27;11;398
25;2025-12-27;12;421
25;2025-12-27;13;601
25;2025-12-27;14;609
25;2025-12-27;15;695
25;2025-12-27;16;629
25;2025-12-27;17;555
25;2025-12-27;18;504
25;2025-12-27;19;430
25;2025-12-27;20;268
25;2025-12-27;21;205
25;2025-12-27;22;127
25;2025-12-27;23;51
25;2025-12-28;0;15
25;2025-12-28;1;0
25;2025-12-28;2;0
25;2025-12-28;3;0
25;2025-12-28;4;0
25;2025-12-28;5;7
25;2025-12-28;6;88
25;2025-12-28;7;114
25;2025-12-28;8;199
25;2025-12-28;9;222
25;2025-12-28;10;229
25;2025-12-28;11;306
25;2025-12-28;12;377
25;2025-12-28;13;477
25;2025-12-28;14;505
25;2025-12-28;15;618
25;2025-12-28;16;527
25;2025-12-28;17;510
25;2025-12-28;18;423
25;2025-12-28;19;329
25;2025-12-28;20;232
25;2025-12-28;21;167
25;2025-12-28;22;99
25;2025-12-28;23;37
25;2025-12-29;0;0
25;2025-12-29;1;0
25;2025-12-29;2;0
25;2025-12-29;3;0
25;2025-12-29;4;0
25;2025-12-29;5;12
25;2025-12-29;6;209
25;2025-12-29;7;488
25;2025-12-29;8;815
25;2025-12-29;9;415
25;2025-12-29;10;319
25;2025-12-29;11;373
25;2025-12-29;12;381
25;2025-12-29;13;473
25;2025-12-29;14;401
25;2025-12-29;15;482
25;2025-12-29;16;616
25;2025-12-29;17;673
25;2025-12-29;18;699
25;2025-12-29;19;480
25;2025-12-29;20;276
25;2025-12-29;21;182
25;2025-12-29;22;88
25;2025-12-29;23;8
25;2025-12-30;0;0
25;2025-12-30;1;0
25;2025-12-30;2;0
25;2025-12-30;3;0
25;2025-12-30;4;0
25;2025-12-30;5;12
25;2025-12-30;6;214
25;2025-12-30;7;498
25;2025-12-30;8;809
25;2025-12-30;9;419
25;2025-12-30;10;335
25;2025-12-30;11;390
25;2025-12-30;12;387
25;2025-12-30;13;468
25;2025-12-30;14;413
25;2025-12-30;15;498
25;2025-12-30;16;626
25;2025-12-30;17;669
25;2025-12-30;18;682
25;2025-12-30;19;484
25;2025-12-30;20;288
25;2025-12-30;21;185
25;2025-12-30;22;92
25;2025-12-30;23;7
25;2025-12-31;0;13
25;2025-12-31;1;0
25;2025-12-31;2;0
25;2025-12-31;3;0
25;2025-12-31;4;0
25;2025-12-31;5;7
25;2025-12-31;6;87
25;2025-12-31;7;105
25;2025-12-31;8;185
25;2025-12-31;9;204
25;2025-12-31;10;207
25;2025-12-31;11;273
25;2025-12-31;12;330
25;2025-12-31;13;427
25;2025-12-31;14;440
25;2025-12-31;15;541
25;2025-12-31;16;455
25;2025-12-31;17;468
25;2025-12-31;18;391
25;2025-12-31;19;301
25;2025-12-31;20;0
25;2025-12-31;21;0
25;2025-12-31;22;0
25;2025-12-31;23;0
26;2025-11-01;0;32
26;2025-11-01;1;2
26;2025-11-01;2;0
26;2025-11-01;3;0
26;2025-11-01;4;2
26;2025-11-01;5;80
26;2025-11-01;6;407
26;2025-11-01;7;937
26;2025-11-01;8;1873
26;2025-11-01;9;1257
26;2025-11-01;10;1126
26;2025-11-01;11;1043
26;2025-11-01;12;1088
26;2025-11-01;13;1120
26;2025-11-01;14;1269
26;2025-11-01;15;1295
26;2025-11-01;16;1399
26;2025-11-01;17;1556
26;2025-11-01;18;1516
26;2025-11-01;19;1063
26;2025-11-01;20;665
26;2025-11-01;21;435
26;2025-11-01;22;186
26;2025-11-01;23;121
26;2025-11-02;0;51
26;2025-11-02;1;5
26;2025-11-02;2;0
26;2025-11-02;3;0
26;2025-11-02;4;3
26;2025-11-02;5;25
26;2025-11-02;6;152
26;2025-11-02;7;270
26;2025-11-02;8;415
26;2025-11-02;9;545
26;2025-11-02;10;621
26;2025-11-02;11;845
26;2025-11-02;12;888
26;2025-11-02;13;921
26;2025-11-02;14;916
26;2025-11-02;15;834
26;2025-11-02;16;825
26;2025-11-02;17;840
26;2025-11-02;18;740
26;2025-11-02;19;555
26;2025-11-02;20;416
26;2025-11-02;21;285
26;2025-11-02;22;174
26;2025-11-02;23;116
26;2025-11-03;0;49
26;2025-11-03;1;5
26;2025-11-03;2;0
26;2025-11-03;3;0
26;2025-11-03;4;3
26;2025-11-03;5;30
26;2025-11-03;6;179
26;2025-11-03;7;300
26;2025-11-03;8;458
26;2025-11-03;9;525
26;2025-11-03;10;589
26;2025-11-03;11;745
26;2025-11-03;12;783
26;2025-11-03;13;829
26;2025-11-03;14;816
26;2025-11-03;15;756
26;2025-11-03;16;761
26;2025-11-03;17;795
26;2025-11-03;18;767
26;2025-11-03;19;588
26;2025-11-03;20;423
26;2025-11-03;21;281
26;2025-11-03;22;170
26;2025-11-03;23;106
26;2025-11-04;0;48
26;2025-11-04;1;6
26;2025-11-04;2;0
26;2025-11-04;3;0
26;2025-11-04;4;3
26;2025-11-04;5;28
26;2025-11-04;6;174
26;2025-11-04;7;279
26;2025-11-04;8;417
26;2025-11-04;9;492
26;2025-11-04;10;552
26;2025-11-04;11;720
26;2025-11-04;12;754
26;2025-11-04;13;791
26;2025-11-04;14;789
26;2025-11-04;15;727
26;2025-11-04;16;733
26;2025-11-04;17;772
26;2025-11-04;18;735
26;2025-11-04;19;568
26;2025-11-04;20;419
26;2025-11-04;21;275
26;2025-11-04;22;166
26;2025-11-04;23;105
26;2025-11-05;0;35
26;2025-11-05;1;2
26;2025-11-05;2;0
26;2025-11-05;3;0
26;2025-11-05;4;3
26;2025-11-05;5;96
26;2025-11-05;6;479
26;2025-11-05;7;1106
26;2025-11-05;8;2271
26;2025-11-05;9;1488
26;2025-11-05;10;1280
26;2025-11-05;11;1149
26;2025-11-05;12;1232
26;2025-11-05;13;1257
26;2025-11-05;14;1438
26;2025-11-05;15;1446
26;2025-11-05;16;1559
26;2025-11-05;17;1764
26;2025-11-05;18;1866
26;2025-11-05;19;1251
26;2025-11-05;20;782
26;2025-11-05;21;513
26;2025-11-05;22;214
26;2025-11-05;23;134
26;2025-11-06;0;37
26;2025-11-06;1;2
26;2025-11-06;2;0
26;2025-11-06;3;0
26;2025-11-06;4;3
26;2025-11-06;5;98
26;2025-11-06;6;489
26;2025-11-06;7;1116
26;2025-11-06;8;2284
26;2025-11-06;9;1509
26;2025-11-06;10;1285
26;2025-11-06;11;1169
26;2025-11-06;12;1222
26;2025-11-06;13;1247
26;2025-11-06;14;1437
26;2025-11-06;15;1443
26;2025-11-06;16;1580
26;2025-11-06;17;1794
26;2025-11-06;18;1896
26;2025-11-06;19;1266
26;2025-11-06;20;773
26;2025-11-06;21;507
26;2025-11-06;22;214
26;2025-11-06;23;140
26;2025-11-07;0;37
26;2025-11-07;1;2
26;2025-11-07;2;0
26;2025-11-07;3;0
26;2025-11-07;4;2
26;2025-11-07;5;91
26;2025-11-07;6;492
26;2025-11-07;7;1096
26;2025-11-07;8;2210
26;2025-11-07;9;1444
26;2025-11-07;10;1285
26;2025-11-07;11;1141
26;2025-11-07;12;1216
26;2025-11-07;13;1267
26;2025-11-07;14;1450
26;2025-11-07;15;1489
26;2025-11-07;16;1700
26;2025-11-07;17;1813
26;2025-11-07;18;1559
26;2025-11-07;19;1132
26;2025-11-07;20;737
26;2025-11-07;21;507
26;2025-11-07;22;221
26;2025-11-07;23;160
26;2025-11-08;0;52
26;2025-11-08;1;2
26;2025-11-08;2;0
26;2025-11-08;3;0
26;2025-11-08;4;2
26;2025-11-08;5;53
26;2025-11-08;6;261
26;2025-11-08;7;380
26;2025-11-08;8;640
26;2025-11-08;9;688
26;2025-11-08;10;843
26;2025-11-08;11;1014
26;2025-11-08;12;1071
26;2025-11-08;13;1087
26;2025-11-08;14;1101
26;2025-11-08;15;1018
26;2025-11-08;16;1058
26;2025-11-08;17;992
26;2025-11-08;18;899
26;2025-11-08;19;801
26;2025-11-08;20;546
26;2025-11-08;21;362
26;2025-11-08;22;214
26;2025-11-08;23;166
26;2025-11-09;0;53
26;2025-11-09;1;5
26;2025-11-09;2;0
26;2025-11-09;3;0
26;2025-11-09;4;3
26;2025-11-09;5;25
26;2025-11-09;6;155
26;2025-11-09;7;268
26;2025-11-09;8;407
26;2025-11-09;9;534
26;2025-11-09;10;605
26;2025-11-09;11;828
26;2025-11-09;12;869
26;2025-11-09;13;904
26;2025-11-09;14;900
26;2025-11-09;15;820
26;2025-11-09;16;808
26;2025-11-09;17;819
26;2025-11-09;18;733
26;2025-11-09;19;545
26;2025-11-09;20;417
26;2025-11-09;21;286
26;2025-11-09;22;175
26;2025-11-09;23;115
26;2025-11-10;0;32
26;2025-11-10;1;2
26;2025-11-10;2;0
26;2025-11-10;3;0
26;2025-11-10;4;3
26;2025-11-10;5;94
26;2025-11-10;6;489
26;2025-11-10;7;1125
26;2025-11-10;8;2298
26;2025-11-10;9;1485
26;2025-11-10;10;1296
26;2025-11-10;11;1140
26;2025-11-10;12;1200
26;2025-11-10;13;1251
26;2025-11-10;14;1393
26;2025-11-10;15;1454
26;2025-11-10;16;1590
26;2025-11-10;17;1812
26;2025-11-10;18;1921
26;2025-11-10;19;1275
26;2025-11-10;20;772
26;2025-11-10;21;482
26;2025-11-10;22;201
26;2025-11-10;23;118
26;2025-11-11;0;33
26;2025-11-11;1;2
26;2025-11-11;2;0
26;2025-11-11;3;0
26;2025-11-11;4;3
26;2025-11-11;5;95
26;2025-11-11;6;492
26;2025-11-11;7;1130
26;2025-11-11;8;2335
26;2025-11-11;9;1511
26;2025-11-11;10;1310
26;2025-11-11;11;1189
26;2025-11-11;12;1245
26;2025-11-11;13;1256
26;2025-11-11;14;1433
26;2025-11-11;15;1466
26;2025-11-11;16;1608
26;2025-11-11;17;1845
26;2025-11-11;18;1932
26;2025-11-11;19;1300
26;2025-11-11;20;788
26;2025-11-11;21;498
26;2025-11-11;22;206
26;2025-11-11;23;123
26;2025-11-12;0;35
26;2025-11-12;1;2
26;2025-11-12;2;0
26;2025-11-12;3;0
26;2025-11-12;4;3
26;2025-11-12;5;97
26;2025-11-12;6;486
26;2025-11-12;7;1119
26;2025-11-12;8;2304
26;2025-11-12;9;1515
26;2025-11-12;10;1301
26;2025-11-12;11;1165
26;2025-11-12;12;1245
26;2025-11-12;13;1266
26;2025-11-12;14;1452
26;2025-11-12;15;1464
26;2025-11-12;16;1592
26;2025-11-12;17;1789
26;2025-11-12;18;1884
26;2025-11-12;19;1267
26;2025-11-12;20;785
26;2025-11-12;21;516
26;2025-11-12;22;215
26;2025-11-12;23;135
26;2025-11-13;0;38
26;2025-11-13;1;2
26;2025-11-13;2;0
26;2025-11-13;3;0
26;2025-11-13;4;3
26;2025-11-13;5;96
26;2025-11-13;6;489
26;2025-11-13;7;1124
26;2025-11-13;8;2317
26;2025-11-13;9;1537
26;2025-11-13;10;1310
26;2025-11-13;11;1201
26;2025-11-13;12;1272
26;2025-11-13;13;1286
26;2025-11-13;14;1477
26;2025-11-13;15;1481
26;2025-11-13;16;1621
26;2025-11-13;17;1827
26;2025-11-13;18;1927
26;2025-11-13;19;1282
26;2025-11-13;20;786
26;2025-11-13;21;516
26;2025-11-13;22;217
26;2025-11-13;23;140
26;2025-11-14;0;37
26;2025-11-14;1;2
26;2025-11-14;2;0
26;2025-11-14;3;0
26;2025-11-14;4;3
26;2025-11-14;5;93
26;2025-11-14;6;497
26;2025-11-14;7;1105
26;2025-11-14;8;2239
26;2025-11-14;9;1481
26;2025-11-14;10;1306
26;2025-11-14;11;1170
26;2025-11-14;12;1250
26;2025-11-14;13;1293
26;2025-11-14;14;1475
26;2025-11-14;15;1524
26;2025-11-14;16;1745
26;2025-11-14;17;1834
26;2025-11-14;18;1571
26;2025-11-14;19;1150
26;2025-11-14;20;745
26;2025-11-14;21;501
26;2025-11-14;22;216
26;2025-11-14;23;158
26;2025-11-15;0;52
26;2025-11-15;1;3
26;2025-11-15;2;0
26;2025-11-15;3;0
26;2025-11-15;4;2
26;2025-11-15;5;50
26;2025-11-15;6;255
26;2025-11-15;7;371
26;2025-11-15;8;628
26;2025-11-15;9;674
26;2025-11-15;10;820
26;2025-11-15;11;970
26;2025-11-15;12;1030
26;2025-11-15;13;1047
26;2025-11-15;14;1073
26;2025-11-15;15;967
26;2025-11-15;16;1007
26;2025-11-15;17;945
26;2025-11-15;18;869
26;2025-11-15;19;777
26;2025-11-15;20;527
26;2025-11-15;21;354
26;2025-11-15;22;211
26;2025-11-15;23;163
26;2025-11-16;0;52
26;2025-11-16;1;4
26;2025-11-16;2;0
26;2025-11-16;3;0
26;2025-11-16;4;3
26;2025-11-16;5;25
26;2025-11-16;6;155
26;2025-11-16;7;269
26;2025-11-16;8;414
26;2025-11-16;9;542
26;2025-11-16;10;615
26;2025-11-16;11;841
26;2025-11-16;12;888
26;2025-11-16;13;924
26;2025-11-16;14;921
26;2025-11-16;15;833
26;2025-11-16;16;821
26;2025-11-16;17;834
26;2025-11-16;18;741
26;2025-11-16;19;561
26;2025-11-16;20;417
26;2025-11-16;21;286
26;2025-11-16;22;175
26;2025-11-16;23;114
26;2025-11-17;0;31
26;2025-11-17;1;2
26;2025-11-17;2;0
26;2025-11-17;3;0
26;2025-11-17;4;3
26;2025-11-17;5;95
26;2025-11-17;6;488
26;2025-11-17;7;1119
26;2025-11-17;8;2283
26;2025-11-17;9;1502
26;2025-11-17;10;1293
26;2025-11-17;11;1135
26;2025-11-17;12;1198
26;2025-11-17;13;1246
26;2025-11-17;14;1379
26;2025-11-17;15;1437
26;2025-11-17;16;1580
26;2025-11-17;17;1796
26;2025-11-17;18;1897
26;2025-11-17;19;1277
26;2025-11-17;20;765
26;2025-11-17;21;474
26;2025-11-17;22;199
26;2025-11-17;23;117
26;2025-11-18;0;33
26;2025-11-18;1;2
26;2025-11-18;2;0
26;2025-11-18;3;0
26;2025-11-18;4;2
26;2025-11-18;5;93
26;2025-11-18;6;481
26;2025-11-18;7;1111
26;2025-11-18;8;2263
26;2025-11-18;9;1472
26;2025-11-18;10;1272
26;2025-11-18;11;1132
26;2025-11-18;12;1193
26;2025-11-18;13;1212
26;2025-11-18;14;1365
26;2025-11-18;15;1384
26;2025-11-18;16;1540
26;2025-11-18;17;1758
26;2025-11-18;18;1842
26;2025-11-18;19;1240
26;2025-11-18;20;780
26;2025-11-18;21;482
26;2025-11-18;22;199
26;2025-11-18;23;119
26;2025-11-19;0;34
26;2025-11-19;1;2
26;2025-11-19;2;0
26;2025-11-19;3;0
26;2025-11-19;4;3
26;2025-11-19;5;98
26;2025-11-19;6;490
26;2025-11-19;7;1126
26;2025-11-19;8;2345
26;2025-11-19;9;1544
26;2025-11-19;10;1328
26;2025-11-19;11;1199
26;2025-11-19;12;1290
26;2025-11-19;13;1319
26;2025-11-19;14;1500
26;2025-11-19;15;1499
26;2025-11-19;16;1626
26;2025-11-19;17;1824
26;2025-11-19;18;1907
26;2025-11-19;19;1285
26;2025-11-19;20;796
26;2025-11-19;21;518
26;2025-11-19;22;214
26;2025-11-19;23;132
26;2025-11-20;0;37
26;2025-11-20;1;2
26;2025-11-20;2;0
26;2025-11-20;3;0
26;2025-11-20;4;3
26;2025-11-20;5;97
26;2025-11-20;6;493
26;2025-11-20;7;1133
26;2025-11-20;8;2355
26;2025-11-20;9;1557
26;2025-11-20;10;1325
26;2025-11-20;11;1222
26;2025-11-20;12;1290
26;2025-11-20;13;1306
26;2025-11-20;14;1495
26;2025-11-20;15;1508
26;2025-11-20;16;1649
26;2025-11-20;17;1846
26;2025-11-20;18;1940
26;2025-11-20;19;1296
26;2025-11-20;20;787
26;2025-11-20;21;512
26;2025-11-20;22;214
26;2025-11-20;23;139
26;2025-11-21;0;37
26;2025-11-21;1;2
26;2025-11-21;2;0
26;2025-11-21;3;0
26;2025-11-21;4;3
26;2025-11-21;5;93
26;2025-11-21;6;497
26;2025-11-21;7;1105
26;2025-11-21;8;2266
26;2025-11-21;9;1491
26;2025-11-21;10;1313
26;2025-11-21;11;1184
26;2025-11-21;12;1263
26;2025-11-21;13;1303
26;2025-11-21;14;1490
26;2025-11-21;15;1539
26;2025-11-21;16;1758
26;2025-11-21;17;1857
26;2025-11-21;18;1577
26;2025-11-21;19;1156
26;2025-11-21;20;736
26;2025-11-21;21;502
26;2025-11-21;22;216
26;2025-11-21;23;159
26;2025-11-22;0;50
26;2025-11-22;1;2
26;2025-11-22;2;0
26;2025-11-22;3;0
26;2025-11-22;4;2
26;2025-11-22;5;52
26;2025-11-22;6;257
26;2025-11-22;7;375
26;2025-11-22;8;633
26;2025-11-22;9;681
26;2025-11-22;10;828
26;2025-11-22;11;998
26;2025-11-22;12;1061
26;2025-11-22;13;1068
26;2025-11-22;14;1093
26;2025-11-22;15;1002
26;2025-11-22;16;1039
26;2025-11-22;17;976
26;2025-11-22;18;887
26;2025-11-22;19;794
26;2025-11-22;20;530
26;2025-11-22;21;353
26;2025-11-22;22;209
26;2025-11-22;23;160
26;2025-11-23;0;52
26;2025-11-23;1;4
26;2025-11-23;2;0
26;2025-11-23;3;0
26;2025-11-23;4;3
26;2025-11-23;5;25
26;2025-11-23;6;154
26;2025-11-23;7;266
26;2025-11-23;8;409
26;2025-11-23;9;536
26;2025-11-23;10;601
26;2025-11-23;11;826
26;2025-11-23;12;876
26;2025-11-23;13;906
26;2025-11-23;14;908
26;2025-11-23;15;824
26;2025-11-23;16;806
26;2025-11-23;17;827
26;2025-11-23;18;729
26;2025-11-23;19;549
26;2025-11-23;20;411
26;2025-11-23;21;284
26;2025-11-23;22;173
26;2025-11-23;23;114
26;2025-11-24;0;32
26;2025-11-24;1;2
26;2025-11-24;2;0
26;2025-11-24;3;0
26;2025-11-24;4;3
26;2025-11-24;5;94
26;2025-11-24;6;475
26;2025-11-24;7;1105
26;2025-11-24;8;2250
26;2025-11-24;9;1470
26;2025-11-24;10;1271
26;2025-11-24;11;1102
26;2025-11-24;12;1173
26;2025-11-24;13;1244
26;2025-11-24;14;1360
26;2025-11-24;15;1400
26;2025-11-24;16;1551
26;2025-11-24;17;1752
26;2025-11-24;18;1856
26;2025-11-24;19;1240
26;2025-11-24;20;761
26;2025-11-24;21;471
26;2025-11-24;22;192
26;2025-11-24;23;113
26;2025-11-25;0;31
26;2025-11-25;1;2
26;2025-11-25;2;0
26;2025-11-25;3;0
26;2025-11-25;4;3
26;2025-11-25;5;93
26;2025-11-25;6;494
26;2025-11-25;7;1131
26;2025-11-25;8;2364
26;2025-11-25;9;1543
26;2025-11-25;10;1327
26;2025-11-25;11;1211
26;2025-11-25;12;1281
26;2025-11-25;13;1291
26;2025-11-25;14;1464
26;2025-11-25;15;1499
26;2025-11-25;16;1649
26;2025-11-25;17;1859
26;2025-11-25;18;1930
26;2025-11-25;19;1313
26;2025-11-25;20;793
26;2025-11-25;21;492
26;2025-11-25;22;201
26;2025-11-25;23;121
26;2025-11-26;0;35
26;2025-11-26;1;2
26;2025-11-26;2;0
26;2025-11-26;3;0
26;2025-11-26;4;3
26;2025-11-26;5;96
26;2025-11-26;6;483
26;2025-11-26;7;1106
26;2025-11-26;8;2317
26;2025-11-26;9;1522
26;2025-11-26;10;1297
26;2025-11-26;11;1160
26;2025-11-26;12;1248
26;2025-11-26;13;1277
26;2025-11-26;14;1462
26;2025-11-26;15;1456
26;2025-11-26;16;1584
26;2025-11-26;17;1774
26;2025-11-26;18;1866
26;2025-11-26;19;1255
26;2025-11-26;20;771
26;2025-11-26;21;505
26;2025-11-26;22;207
26;2025-11-26;23;129
26;2025-11-27;0;36
26;2025-11-27;1;2
26;2025-11-27;2;0
26;2025-11-27;3;0
26;2025-11-27;4;3
26;2025-11-27;5;97
26;2025-11-27;6;491
26;2025-11-27;7;1113
26;2025-11-27;8;2314
26;2025-11-27;9;1542
26;2025-11-27;10;1298
26;2025-11-27;11;1195
26;2025-11-27;12;1253
26;2025-11-27;13;1267
26;2025-11-27;14;1453
26;2025-11-27;15;1473
26;2025-11-27;16;1612
26;2025-11-27;17;1796
26;2025-11-27;18;1889
26;2025-11-27;19;1268
26;2025-11-27;20;762
26;2025-11-27;21;499
26;2025-11-27;22;206
26;2025-11-27;23;135
26;2025-11-28;0;36
26;2025-11-28;1;2
26;2025-11-28;2;0
26;2025-11-28;3;0
26;2025-11-28;4;2
26;2025-11-28;5;91
26;2025-11-28;6;494
26;2025-11-28;7;1093
26;2025-11-28;8;2248
26;2025-11-28;9;1467
26;2025-11-28;10;1297
26;2025-11-28;11;1170
26;2025-11-28;12;1257
26;2025-11-28;13;1301
26;2025-11-28;14;1465
26;2025-11-28;15;1523
26;2025-11-28;16;1734
26;2025-11-28;17;1804
26;2025-11-28;18;1555
26;2025-11-28;19;1131
26;2025-11-28;20;735
26;2025-11-28;21;498
26;2025-11-28;22;215
26;2025-11-28;23;157
26;2025-11-29;0;51
26;2025-11-29;1;2
26;2025-11-29;2;0
26;2025-11-29;3;0
26;2025-11-29;4;2
26;2025-11-29;5;53
26;2025-11-29;6;263
26;2025-11-29;7;380
26;2025-11-29;8;645
26;2025-11-29;9;698
26;2025-11-29;10;847
26;2025-11-29;11;1024
26;2025-11-29;12;1094
26;2025-11-29;13;1096
26;2025-11-29;14;1120
26;2025-11-29;15;1029
26;2025-11-29;16;1064
26;2025-11-29;17;995
26;2025-11-29;18;898
26;2025-11-29;19;806
26;2025-11-29;20;540
26;2025-11-29;21;361
26;2025-11-29;22;214
26;2025-11-29;23;165
26;2025-11-30;0;51
26;2025-11-30;1;5
26;2025-11-30;2;0
26;2025-11-30;3;0
26;2025-11-30;4;3
26;2025-11-30;5;24
26;2025-11-30;6;153
26;2025-11-30;7;263
26;2025-11-30;8;404
26;2025-11-30;9;532
26;2025-11-30;10;595
26;2025-11-30;11;822
26;2025-11-30;12;864
26;2025-11-30;13;902
26;2025-11-30;14;899
26;2025-11-30;15;821
26;2025-11-30;16;807
26;2025-11-30;17;822
26;2025-11-30;18;724
26;2025-11-30;19;547
26;2025-11-30;20;407
26;2025-11-30;21;284
26;2025-11-30;22;175
26;2025-11-30;23;115
26;2025-12-01;0;32
26;2025-12-01;1;3
26;2025-12-01;2;0
26;2025-12-01;3;0
26;2025-12-01;4;3
26;2025-12-01;5;94
26;2025-12-01;6;493
26;2025-12-01;7;1129
26;2025-12-01;8;2332
26;2025-12-01;9;1533
26;2025-12-01;10;1323
26;2025-12-01;11;1175
26;2025-12-01;12;1256
26;2025-12-01;13;1309
26;2025-12-01;14;1430
26;2025-12-01;15;1505
26;2025-12-01;16;1640
26;2025-12-01;17;1833
26;2025-12-01;18;1930
26;2025-12-01;19;1288
26;2025-12-01;20;779
26;2025-12-01;21;482
26;2025-12-01;22;197
26;2025-12-01;23;118
26;2025-12-02;0;31
26;2025-12-02;1;2
26;2025-12-02;2;0
26;2025-12-02;3;0
26;2025-12-02;4;3
26;2025-12-02;5;95
26;2025-12-02;6;497
26;2025-12-02;7;1136
26;2025-12-02;8;2368
26;2025-12-02;9;1555
26;2025-12-02;10;1335
26;2025-12-02;11;1224
26;2025-12-02;12;1294
26;2025-12-02;13;1301
26;2025-12-02;14;1466
26;2025-12-02;15;1512
26;2025-12-02;16;1660
26;2025-12-02;17;1870
26;2025-12-02;18;1941
26;2025-12-02;19;1319
26;2025-12-02;20;796
26;2025-12-02;21;497
26;2025-12-02;22;201
26;2025-12-02;23;122
26;2025-12-03;0;34
26;2025-12-03;1;2
26;2025-12-03;2;0
26;2025-12-03;3;0
26;2025-12-03;4;3
26;2025-12-03;5;99
26;2025-12-03;6;492
26;2025-12-03;7;1129
26;2025-12-03;8;2351
26;2025-12-03;9;1563
26;2025-12-03;10;1330
26;2025-12-03;11;1216
26;2025-12-03;12;1314
26;2025-12-03;13;1334
26;2025-12-03;14;1508
26;2025-12-03;15;1528
26;2025-12-03;16;1653
26;2025-12-03;17;1831
26;2025-12-03;18;1908
26;2025-12-03;19;1290
26;2025-12-03;20;793
26;2025-12-03;21;521
26;2025-12-03;22;215
26;2025-12-03;23;136
26;2025-12-04;0;38
26;2025-12-04;1;2
26;2025-12-04;2;0
26;2025-12-04;3;0
26;2025-12-04;4;3
26;2025-12-04;5;98
26;2025-12-04;6;498
26;2025-12-04;7;1132
26;2025-12-04;8;2357
26;2025-12-04;9;1575
26;2025-12-04;10;1329
26;2025-12-04;11;1236
26;2025-12-04;12;1310
26;2025-12-04;13;1330
26;2025-12-04;14;1505
26;2025-12-04;15;1534
26;2025-12-04;16;1676
26;2025-12-04;17;1855
26;2025-12-04;18;1940
26;2025-12-04;19;1300
26;2025-12-04;20;793
26;2025-12-04;21;518
26;2025-12-04;22;216
26;2025-12-04;23;141
26;2025-12-05;0;37
26;2025-12-05;1;2
26;2025-12-05;2;0
26;2025-12-05;3;0
26;2025-12-05;4;3
26;2025-12-05;5;94
26;2025-12-05;6;504
26;2025-12-05;7;1112
26;2025-12-05;8;2274
26;2025-12-05;9;1518
26;2025-12-05;10;1330
26;2025-12-05;11;1207
26;2025-12-05;12;1302
26;2025-12-05;13;1340
26;2025-12-05;14;1515
26;2025-12-05;15;1577
26;2025-12-05;16;1799
26;2025-12-05;17;1866
26;2025-12-05;18;1586
26;2025-12-05;19;1159
26;2025-12-05;20;750
26;2025-12-05;21;509
26;2025-12-05;22;218
26;2025-12-05;23;163
26;2025-12-06;0;51
26;2025-12-06;1;2
26;2025-12-06;2;0
26;2025-12-06;3;0
26;2025-12-06;4;2
26;2025-12-06;5;54
26;2025-12-06;6;263
26;2025-12-06;7;378
26;2025-12-06;8;640
26;2025-12-06;9;700
26;2025-12-06;10;847
26;2025-12-06;11;1021
26;2025-12-06;12;1094
26;2025-12-06;13;1101
26;2025-12-06;14;1123
26;2025-12-06;15;1035
26;2025-12-06;16;1063
26;2025-12-06;17;997
26;2025-12-06;18;893
26;2025-12-06;19;803
26;2025-12-06;20;540
26;2025-12-06;21;362
26;2025-12-06;22;217
26;2025-12-06;23;166
26;2025-12-07;0;51
26;2025-12-07;1;5
26;2025-12-07;2;0
26;2025-12-07;3;0
26;2025-12-07;4;3
26;2025-12-07;5;25
26;2025-12-07;6;154
26;2025-12-07;7;263
26;2025-12-07;8;406
26;2025-12-07;9;536
26;2025-12-07;10;598
26;2025-12-07;11;828
26;2025-12-07;12;876
26;2025-12-07;13;909
26;2025-12-07;14;907
26;2025-12-07;15;830
26;2025-12-07;16;816
26;2025-12-07;17;826
26;2025-12-07;18;729
26;2025-12-07;19;551
26;2025-12-07;20;408
26;2025-12-07;21;286
26;2025-12-07;22;177
26;2025-12-07;23;114
26;2025-12-08;0;31
26;2025-12-08;1;2
26;2025-12-08;2;0
26;2025-12-08;3;0
26;2025-12-08;4;3
26;2025-12-08;5;95
26;2025-12-08;6;493
26;2025-12-08;7;1127
26;2025-12-08;8;2306
26;2025-12-08;9;1533
26;2025-12-08;10;1316
26;2025-12-08;11;1168
26;2025-12-08;12;1252
26;2025-12-08;13;1301
26;2025-12-08;14;1419
26;2025-12-08;15;1496
26;2025-12-08;16;1636
26;2025-12-08;17;1824
26;2025-12-08;18;1917
26;2025-12-08;19;1285
26;2025-12-08;20;778
26;2025-12-08;21;479
26;2025-12-08;22;197
26;2025-12-08;23;118
26;2025-12-09;0;32
26;2025-12-09;1;2
26;2025-12-09;2;0
26;2025-12-09;3;0
26;2025-12-09;4;3
26;2025-12-09;5;95
26;2025-12-09;6;497
26;2025-12-09;7;1129
26;2025-12-09;8;2338
26;2025-12-09;9;1560
26;2025-12-09;10;1329
26;2025-12-09;11;1215
26;2025-12-09;12;1290
26;2025-12-09;13;1296
26;2025-12-09;14;1449
26;2025-12-09;15;1504
26;2025-12-09;16;1655
26;2025-12-09;17;1840
26;2025-12-09;18;1915
26;2025-12-09;19;1312
26;2025-12-09;20;795
26;2025-12-09;21;490
26;2025-12-09;22;200
26;2025-12-09;23;120
26;2025-12-10;0;33
26;2025-12-10;1;2
26;2025-12-10;2;0
26;2025-12-10;3;0
26;2025-12-10;4;3
26;2025-12-10;5;98
26;2025-12-10;6;492
26;2025-12-10;7;1119
26;2025-12-10;8;2323
26;2025-12-10;9;1552
26;2025-12-10;10;1317
26;2025-12-10;11;1198
26;2025-12-10;12;1295
26;2025-12-10;13;1323
26;2025-12-10;14;1486
26;2025-12-10;15;1506
26;2025-12-10;16;1633
26;2025-12-10;17;1804
26;2025-12-10;18;1886
26;2025-12-10;19;1282
26;2025-12-10;20;791
26;2025-12-10;21;516
26;2025-12-10;22;212
26;2025-12-10;23;135
26;2025-12-11;0;38
26;2025-12-11;1;2
26;2025-12-11;2;0
26;2025-12-11;3;0
26;2025-12-11;4;3
26;2025-12-11;5;98
26;2025-12-11;6;495
26;2025-12-11;7;1111
26;2025-12-11;8;2287
26;2025-12-11;9;1548
26;2025-12-11;10;1288
26;2025-12-11;11;1187
26;2025-12-11;12;1258
26;2025-12-11;13;1276
26;2025-12-11;14;1439
26;2025-12-11;15;1481
26;2025-12-11;16;1624
26;2025-12-11;17;1795
26;2025-12-11;18;1877
26;2025-12-11;19;1263
26;2025-12-11;20;773
26;2025-12-11;21;500
26;2025-12-11;22;209
26;2025-12-11;23;134
26;2025-12-12;0;37
26;2025-12-12;1;2
26;2025-12-12;2;0
26;2025-12-12;3;0
26;2025-12-12;4;3
26;2025-12-12;5;91
26;2025-12-12;6;496
26;2025-12-12;7;1088
26;2025-12-12;8;2189
26;2025-12-12;9;1488
26;2025-12-12;10;1299
26;2025-12-12;11;1164
26;2025-12-12;12;1272
26;2025-12-12;13;1295
26;2025-12-12;14;1451
26;2025-12-12;15;1497
26;2025-12-12;16;1715
26;2025-12-12;17;1772
26;2025-12-12;18;1518
26;2025-12-12;19;1107
26;2025-12-12;20;729
26;2025-12-12;21;485
26;2025-12-12;22;211
26;2025-12-12;23;157
26;2025-12-13;0;49
26;2025-12-13;1;2
26;2025-12-13;2;0
26;2025-12-13;3;0
26;2025-12-13;4;2
26;2025-12-13;5;52
26;2025-12-13;6;264
26;2025-12-13;7;377
26;2025-12-13;8;642
26;2025-12-13;9;702
26;2025-12-13;10;841
26;2025-12-13;11;1008
26;2025-12-13;12;1082
26;2025-12-13;13;1085
26;2025-12-13;14;1111
26;2025-12-13;15;1022
26;2025-12-13;16;1049
26;2025-12-13;17;977
26;2025-12-13;18;885
26;2025-12-13;19;803
26;2025-12-13;20;532
26;2025-12-13;21;354
26;2025-12-13;22;210
26;2025-12-13;23;160
26;2025-12-14;0;50
26;2025-12-14;1;5
26;2025-12-14;2;0
26;2025-12-14;3;0
26;2025-12-14;4;3
26;2025-12-14;5;26
26;2025-12-14;6;155
26;2025-12-14;7;264
26;2025-12-14;8;405
26;2025-12-14;9;536
26;2025-12-14;10;594
26;2025-12-14;11;817
26;2025-12-14;12;866
26;2025-12-14;13;901
26;2025-12-14;14;901
26;2025-12-14;15;821
26;2025-12-14;16;797
26;2025-12-14;17;815
26;2025-12-14;18;723
26;2025-12-14;19;550
26;2025-12-14;20;405
26;2025-12-14;21;280
26;2025-12-14;22;174
26;2025-12-14;23;112
26;2025-12-15;0;31
26;2025-12-15;1;2
26;2025-12-15;2;0
26;2025-12-15;3;0
26;2025-12-15;4;3
26;2025-12-15;5;95
26;2025-12-15;6;493
26;2025-12-15;7;1117
26;2025-12-15;8;2285
26;2025-12-15;9;1524
26;2025-12-15;10;1302
26;2025-12-15;11;1164
26;2025-12-15;12;1230
26;2025-12-15;13;1280
26;2025-12-15;14;1388
26;2025-12-15;15;1478
26;2025-12-15;16;1610
26;2025-12-15;17;1813
26;2025-12-15;18;1918
26;2025-12-15;19;1296
26;2025-12-15;20;771
26;2025-12-15;21;475
26;2025-12-15;22;196
26;2025-12-15;23;116
26;2025-12-16;0;32
26;2025-12-16;1;2
26;2025-12-16;2;0
26;2025-12-16;3;0
26;2025-12-16;4;3
26;2025-12-16;5;96
26;2025-12-16;6;502
26;2025-12-16;7;1138
26;2025-12-16;8;2320
26;2025-12-16;9;1569
26;2025-12-16;10;1323
26;2025-12-16;11;1211
26;2025-12-16;12;1282
26;2025-12-16;13;1282
26;2025-12-16;14;1425
26;2025-12-16;15;1487
26;2025-12-16;16;1640
26;2025-12-16;17;1842
26;2025-12-16;18;1920
26;2025-12-16;19;1324
26;2025-12-16;20;795
26;2025-12-16;21;493
26;2025-12-16;22;206
26;2025-12-16;23;123
26;2025-12-17;0;33
26;2025-12-17;1;2
26;2025-12-17;2;0
26;2025-12-17;3;0
26;2025-12-17;4;3
26;2025-12-17;5;99
26;2025-12-17;6;496
26;2025-12-17;7;1122
26;2025-12-17;8;2302
26;2025-12-17;9;1545
26;2025-12-17;10;1310
26;2025-12-17;11;1193
26;2025-12-17;12;1288
26;2025-12-17;13;1312
26;2025-12-17;14;1461
26;2025-12-17;15;1501
26;2025-12-17;16;1627
26;2025-12-17;17;1801
26;2025-12-17;18;1877
26;2025-12-17;19;1271
26;2025-12-17;20;790
26;2025-12-17;21;514
26;2025-12-17;22;213
26;2025-12-17;23;135
26;2025-12-18;0;37
26;2025-12-18;1;2
26;2025-12-18;2;0
26;2025-12-18;3;0
26;2025-12-18;4;3
26;2025-12-18;5;98
26;2025-12-18;6;499
26;2025-12-18;7;1124
26;2025-12-18;8;2300
26;2025-12-18;9;1556
26;2025-12-18;10;1300
26;2025-12-18;11;1208
26;2025-12-18;12;1278
26;2025-12-18;13;1296
26;2025-12-18;14;1445
26;2025-12-18;15;1501
26;2025-12-18;16;1642
26;2025-12-18;17;1813
26;2025-12-18;18;1903
26;2025-12-18;19;1282
26;2025-12-18;20;787
26;2025-12-18;21;507
26;2025-12-18;22;214
26;2025-12-18;23;141
26;2025-12-19;0;37
26;2025-12-19;1;2
26;2025-12-19;2;0
26;2025-12-19;3;0
26;2025-12-19;4;3
26;2025-12-19;5;93
26;2025-12-19;6;504
26;2025-12-19;7;1095
26;2025-12-19;8;2207
26;2025-12-19;9;1487
26;2025-12-19;10;1294
26;2025-12-19;11;1174
26;2025-12-19;12;1261
26;2025-12-19;13;1295
26;2025-12-19;14;1447
26;2025-12-19;15;1535
26;2025-12-19;16;1752
26;2025-12-19;17;1822
26;2025-12-19;18;1555
26;2025-12-19;19;1139
26;2025-12-19;20;737
26;2025-12-19;21;496
26;2025-12-19;22;216
26;2025-12-19;23;160
26;2025-12-20;0;50
26;2025-12-20;1;2
26;2025-12-20;2;0
26;2025-12-20;3;0
26;2025-12-20;4;2
26;2025-12-20;5;53
26;2025-12-20;6;263
26;2025-12-20;7;374
26;2025-12-20;8;636
26;2025-12-20;9;697
26;2025-12-20;10;838
26;2025-12-20;11;1016
26;2025-12-20;12;1087
26;2025-12-20;13;1090
26;2025-12-20;14;1116
26;2025-12-20;15;1032
26;2025-12-20;16;1057
26;2025-12-20;17;983
26;2025-12-20;18;884
26;2025-12-20;19;798
26;2025-12-20;20;536
26;2025-12-20;21;360
26;2025-12-20;22;214
26;2025-12-20;23;163
26;2025-12-21;0;50
26;2025-12-21;1;4
26;2025-12-21;2;0
26;2025-12-21;3;0
26;2025-12-21;4;3
26;2025-12-21;5;25
26;2025-12-21;6;155
26;2025-12-21;7;259
26;2025-12-21;8;397
26;2025-12-21;9;529
26;2025-12-21;10;590
26;2025-12-21;11;815
26;2025-12-21;12;861
26;2025-12-21;13;898
26;2025-12-21;14;896
26;2025-12-21;15;823
26;2025-12-21;16;805
26;2025-12-21;17;816
26;2025-12-21;18;715
26;2025-12-21;19;542
26;2025-12-21;20;403
26;2025-12-21;21;283
26;2025-12-21;22;174
26;2025-12-21;23;112
26;2025-12-22;0;30
26;2025-12-22;1;3
26;2025-12-22;2;0
26;2025-12-22;3;0
26;2025-12-22;4;3
26;2025-12-22;5;94
26;2025-12-22;6;490
26;2025-12-22;7;1112
26;2025-12-22;8;2218
26;2025-12-22;9;1496
26;2025-12-22;10;1277
26;2025-12-22;11;1130
26;2025-12-22;12;1203
26;2025-12-22;13;1255
26;2025-12-22;14;1348
26;2025-12-22;15;1436
26;2025-12-22;16;1573
26;2025-12-22;17;1762
26;2025-12-22;18;1854
26;2025-12-22;19;1243
26;2025-12-22;20;765
26;2025-12-22;21;468
26;2025-12-22;22;194
26;2025-12-22;23;113
26;2025-12-23;0;34
26;2025-12-23;1;2
26;2025-12-23;2;0
26;2025-12-23;3;0
26;2025-12-23;4;3
26;2025-12-23;5;93
26;2025-12-23;6;495
26;2025-12-23;7;1087
26;2025-12-23;8;2216
26;2025-12-23;9;1510
26;2025-12-23;10;1314
26;2025-12-23;11;1211
26;2025-12-23;12;1269
26;2025-12-23;13;1272
26;2025-12-23;14;1396
26;2025-12-23;15;1452
26;2025-12-23;16;1592
26;2025-12-23;17;1756
26;2025-12-23;18;1846
26;2025-12-23;19;1287
26;2025-12-23;20;784
26;2025-12-23;21;477
26;2025-12-23;22;202
26;2025-12-23;23;121
26;2025-12-24;0;35
26;2025-12-24;1;2
26;2025-12-24;2;0
26;2025-12-24;3;0
26;2025-12-24;4;3
26;2025-12-24;5;100
26;2025-12-24;6;499
26;2025-12-24;7;1124
26;2025-12-24;8;2288
26;2025-12-24;9;1576
26;2025-12-24;10;1317
26;2025-12-24;11;1202
26;2025-12-24;12;1284
26;2025-12-24;13;1299
26;2025-12-24;14;1450
26;2025-12-24;15;1495
26;2025-12-24;16;1623
26;2025-12-24;17;1792
26;2025-12-24;18;1896
26;2025-12-24;19;1320
26;2025-12-24;20;804
26;2025-12-24;21;517
26;2025-12-24;22;220
26;2025-12-24;23;138
26;2025-12-25;0;38
26;2025-12-25;1;3
26;2025-12-25;2;0
26;2025-12-25;3;0
26;2025-12-25;4;3
26;2025-12-25;5;99
26;2025-12-25;6;501
26;2025-12-25;7;1122
26;2025-12-25;8;2272
26;2025-12-25;9;1551
26;2025-12-25;10;1299
26;2025-12-25;11;1199
26;2025-12-25;12;1260
26;2025-12-25;13;1275
26;2025-12-25;14;1422
26;2025-12-25;15;1474
26;2025-12-25;16;1611
26;2025-12-25;17;1790
26;2025-12-25;18;1874
26;2025-12-25;19;1276
26;2025-12-25;20;771
26;2025-12-25;21;497
26;2025-12-25;22;214
26;2025-12-25;23;133
26;2025-12-26;0;36
26;2025-12-26;1;2
26;2025-12-26;2;0
26;2025-12-26;3;0
26;2025-12-26;4;2
26;2025-12-26;5;94
26;2025-12-26;6;493
26;2025-12-26;7;1065
26;2025-12-26;8;2123
26;2025-12-26;9;1438
26;2025-12-26;10;1245
26;2025-12-26;11;1114
26;2025-12-26;12;1188
26;2025-12-26;13;1236
26;2025-12-26;14;1366
26;2025-12-26;15;1436
26;2025-12-26;16;1654
26;2025-12-26;17;1718
26;2025-12-26;18;1493
26;2025-12-26;19;1097
26;2025-12-26;20;713
26;2025-12-26;21;475
26;2025-12-26;22;210
26;2025-12-26;23;157
26;2025-12-27;0;48
26;2025-12-27;1;2
26;2025-12-27;2;0
26;2025-12-27;3;0
26;2025-12-27;4;3
26;2025-12-27;5;52
26;2025-12-27;6;263
26;2025-12-27;7;372
26;2025-12-27;8;631
26;2025-12-27;9;694
26;2025-12-27;10;828
26;2025-12-27;11;999
26;2025-12-27;12;1072
26;2025-12-27;13;1078
26;2025-12-27;14;1101
26;2025-12-27;15;1018
26;2025-12-27;16;1039
26;2025-12-27;17;972
26;2025-12-27;18;869
26;2025-12-27;19;786
26;2025-12-27;20;530
26;2025-12-27;21;353
26;2025-12-27;22;211
26;2025-12-27;23;158
26;2025-12-28;0;48
26;2025-12-28;1;4
26;2025-12-28;2;0
26;2025-12-28;3;0
26;2025-12-28;4;3
26;2025-12-28;5;26
26;2025-12-28;6;153
26;2025-12-28;7;255
26;2025-12-28;8;391
26;2025-12-28;9;523
26;2025-12-28;10;579
26;2025-12-28;11;797
26;2025-12-28;12;842
26;2025-12-28;13;878
26;2025-12-28;14;875
26;2025-12-28;15;805
26;2025-12-28;16;789
26;2025-12-28;17;797
26;2025-12-28;18;703
26;2025-12-28;19;537
26;2025-12-28;20;397
26;2025-12-28;21;278
26;2025-12-28;22;173
26;2025-12-28;23;110
26;2025-12-29;0;29
26;2025-12-29;1;2
26;2025-12-29;2;0
26;2025-12-29;3;0
26;2025-12-29;4;3
26;2025-12-29;5;85
26;2025-12-29;6;440
26;2025-12-29;7;978
26;2025-12-29;8;1954
26;2025-12-29;9;1317
26;2025-12-29;10;1124
26;2025-12-29;11;1001
26;2025-12-29;12;1057
26;2025-12-29;13;1102
26;2025-12-29;14;1175
26;2025-12-29;15;1268
26;2025-12-29;16;1381
26;2025-12-29;17;1558
26;2025-12-29;18;1641
26;2025-12-29;19;1111
26;2025-12-29;20;667
26;2025-12-29;21;411
26;2025-12-29;22;172
26;2025-12-29;23;102
26;2025-12-30;0;28
26;2025-12-30;1;2
26;2025-12-30;2;0
26;2025-12-30;3;0
26;2025-12-30;4;3
26;2025-12-30;5;85
26;2025-12-30;6;442
26;2025-12-30;7;986
26;2025-12-30;8;1975
26;2025-12-30;9;1350
26;2025-12-30;10;1140
26;2025-12-30;11;1037
26;2025-12-30;12;1086
26;2025-12-30;13;1090
26;2025-12-30;14;1201
26;2025-12-30;15;1267
26;2025-12-30;16;1391
26;2025-12-30;17;1567
26;2025-12-30;18;1612
26;2025-12-30;19;1130
26;2025-12-30;20;687
26;2025-12-30;21;420
26;2025-12-30;22;181
26;2025-12-30;23;107
26;2025-12-31;0;42
26;2025-12-31;1;4
26;2025-12-31;2;0
26;2025-12-31;3;0
26;2025-12-31;4;2
26;2025-12-31;5;25
26;2025-12-31;6;141
26;2025-12-31;7;239
26;2025-12-31;8;355
26;2025-12-31;9;472
26;2025-12-31;10;510
26;2025-12-31;11;686
26;2025-12-31;12;722
26;2025-12-31;13;760
26;2025-12-31;14;755
26;2025-12-31;15;691
26;2025-12-31;16;664
26;2025-12-31;17;682
26;2025-12-31;18;641
26;2025-12-31;19;480
26;2025-12-31;20;0
26;2025-12-31;21;0
26;2025-12-31;22;0
26;2025-12-31;23;0
28;2025-11-01;0;0
28;2025-11-01;1;0
28;2025-11-01;2;0
28;2025-11-01;3;0
28;2025-11-01;4;2
28;2025-11-01;5;67
28;2025-11-01;6;224
28;2025-11-01;7;680
28;2025-11-01;8;1069
28;2025-11-01;9;721
28;2025-11-01;10;572
28;2025-11-01;11;527
28;2025-11-01;12;666
28;2025-11-01;13;673
28;2025-11-01;14;644
28;2025-11-01;15;664
28;2025-11-01;16;794
28;2025-11-01;17;905
28;2025-11-01;18;844
28;2025-11-01;19;619
28;2025-11-01;20;436
28;2025-11-01;21;288
28;2025-11-01;22;108
28;2025-11-01;23;11
28;2025-11-02;0;0
28;2025-11-02;1;0
28;2025-11-02;2;0
28;2025-11-02;3;0
28;2025-11-02;4;0
28;2025-11-02;5;29
28;2025-11-02;6;80
28;2025-11-02;7;165
28;2025-11-02;8;274
28;2025-11-02;9;344
28;2025-11-02;10;396
28;2025-11-02;11;441
28;2025-11-02;12;474
28;2025-11-02;13;539
28;2025-11-02;14;536
28;2025-11-02;15;531
28;2025-11-02;16;505
28;2025-11-02;17;510
28;2025-11-02;18;444
28;2025-11-02;19;372
28;2025-11-02;20;287
28;2025-11-02;21;236
28;2025-11-02;22;104
28;2025-11-02;23;10
28;2025-11-03;0;0
28;2025-11-03;1;0
28;2025-11-03;2;0
28;2025-11-03;3;0
28;2025-11-03;4;0
28;2025-11-03;5;32
28;2025-11-03;6;86
28;2025-11-03;7;198
28;2025-11-03;8;316
28;2025-11-03;9;341
28;2025-11-03;10;366
28;2025-11-03;11;404
28;2025-11-03;12;441
28;2025-11-03;13;491
28;2025-11-03;14;478
28;2025-11-03;15;482
28;2025-11-03;16;473
28;2025-11-03;17;489
28;2025-11-03;18;441
28;2025-11-03;19;368
28;2025-11-03;20;278
28;2025-11-03;21;220
28;2025-11-03;22;98
28;2025-11-03;23;12
28;2025-11-04;0;0
28;2025-11-04;1;0
28;2025-11-04;2;0
28;2025-11-04;3;0
28;2025-11-04;4;0
28;2025-11-04;5;30
28;2025-11-04;6;81
28;2025-11-04;7;185
28;2025-11-04;8;292
28;2025-11-04;9;320
28;2025-11-04;10;353
28;2025-11-04;11;392
28;2025-11-04;12;421
28;2025-11-04;13;478
28;2025-11-04;14;477
28;2025-11-04;15;478
28;2025-11-04;16;442
28;2025-11-04;17;471
28;2025-11-04;18;421
28;2025-11-04;19;355
28;2025-11-04;20;269
28;2025-11-04;21;216
28;2025-11-04;22;96
28;2025-11-04;23;11
28;2025-11-05;0;0
28;2025-11-05;1;0
28;2025-11-05;2;0
28;2025-11-05;3;0
28;2025-11-05;4;2
28;2025-11-05;5;81
28;2025-11-05;6;263
28;2025-11-05;7;801
28;2025-11-05;8;1281
28;2025-11-05;9;830
28;2025-11-05;10;633
28;2025-11-05;11;588
28;2025-11-05;12;740
28;2025-11-05;13;743
28;2025-11-05;14;688
28;2025-11-05;15;717
28;2025-11-05;16;909
28;2025-11-05;17;1052
28;2025-11-05;18;1032
28;2025-11-05;19;739
28;2025-11-05;20;507
28;2025-11-05;21;328
28;2025-11-05;22;121
28;2025-11-05;23;12
28;2025-11-06;0;0
28;2025-11-06;1;0
28;2025-11-06;2;0
28;2025-11-06;3;0
28;2025-11-06;4;2
28;2025-11-06;5;82
28;2025-11-06;6;273
28;2025-11-06;7;833
28;2025-11-06;8;1303
28;2025-11-06;9;854
28;2025-11-06;10;649
28;2025-11-06;11;586
28;2025-11-06;12;741
28;2025-11-06;13;743
28;2025-11-06;14;703
28;2025-11-06;15;731
28;2025-11-06;16;905
28;2025-11-06;17;1080
28;2025-11-06;18;1048
28;2025-11-06;19;749
28;2025-11-06;20;515
28;2025-11-06;21;339
28;2025-11-06;22;127
28;2025-11-06;23;13
28;2025-11-07;0;0
28;2025-11-07;1;0
28;2025-11-07;2;0
28;2025-11-07;3;0
28;2025-11-07;4;2
28;2025-11-07;5;82
28;2025-11-07;6;268
28;2025-11-07;7;816
28;2025-11-07;8;1262
28;2025-11-07;9;823
28;2025-11-07;10;640
28;2025-11-07;11;598
28;2025-11-07;12;755
28;2025-11-07;13;755
28;2025-11-07;14;729
28;2025-11-07;15;768
28;2025-11-07;16;960
28;2025-11-07;17;1033
28;2025-11-07;18;900
28;2025-11-07;19;680
28;2025-11-07;20;483
28;2025-11-07;21;344
28;2025-11-07;22;129
28;2025-11-07;23;16
28;2025-11-08;0;2
28;2025-11-08;1;0
28;2025-11-08;2;0
28;2025-11-08;3;0
28;2025-11-08;4;2
28;2025-11-08;5;39
28;2025-11-08;6;105
28;2025-11-08;7;241
28;2025-11-08;8;408
28;2025-11-08;9;476
28;2025-11-08;10;502
28;2025-11-08;11;512
28;2025-11-08;12;599
28;2025-11-08;13;615
28;2025-11-08;14;584
28;2025-11-08;15;621
28;2025-11-08;16;583
28;2025-11-08;17;592
28;2025-11-08;18;517
28;2025-11-08;19;414
28;2025-11-08;20;306
28;2025-11-08;21;265
28;2025-11-08;22;124
28;2025-11-08;23;15
28;2025-11-09;0;0
28;2025-11-09;1;0
28;2025-11-09;2;0
28;2025-11-09;3;0
28;2025-11-09;4;0
28;2025-11-09;5;30
28;2025-11-09;6;79
28;2025-11-09;7;165
28;2025-11-09;8;271
28;2025-11-09;9;340
28;2025-11-09;10;384
28;2025-11-09;11;433
28;2025-11-09;12;464
28;2025-11-09;13;527
28;2025-11-09;14;525
28;2025-11-09;15;527
28;2025-11-09;16;497
28;2025-11-09;17;501
28;2025-11-09;18;438
28;2025-11-09;19;371
28;2025-11-09;20;285
28;2025-11-09;21;237
28;2025-11-09;22;103
28;2025-11-09;23;9
28;2025-11-10;0;0
28;2025-11-10;1;0
28;2025-11-10;2;0
28;2025-11-10;3;0
28;2025-11-10;4;2
28;2025-11-10;5;80
28;2025-11-10;6;266
28;2025-11-10;7;814
28;2025-11-10;8;1302
28;2025-11-10;9;852
28;2025-11-10;10;641
28;2025-11-10;11;572
28;2025-11-10;12;732
28;2025-11-10;13;722
28;2025-11-10;14;682
28;2025-11-10;15;705
28;2025-11-10;16;897
28;2025-11-10;17;1052
28;2025-11-10;18;1009
28;2025-11-10;19;736
28;2025-11-10;20;493
28;2025-11-10;21;314
28;2025-11-10;22;109
28;2025-11-10;23;9
28;2025-11-11;0;0
28;2025-11-11;1;0
28;2025-11-11;2;0
28;2025-11-11;3;0
28;2025-11-11;4;2
28;2025-11-11;5;79
28;2025-11-11;6;263
28;2025-11-11;7;822
28;2025-11-11;8;1307
28;2025-11-11;9;847
28;2025-11-11;10;656
28;2025-11-11;11;591
28;2025-11-11;12;739
28;2025-11-11;13;739
28;2025-11-11;14;708
28;2025-11-11;15;724
28;2025-11-11;16;885
28;2025-11-11;17;1068
28;2025-11-11;18;1019
28;2025-11-11;19;744
28;2025-11-11;20;506
28;2025-11-11;21;328
28;2025-11-11;22;121
28;2025-11-11;23;12
28;2025-11-12;0;0
28;2025-11-12;1;0
28;2025-11-12;2;0
28;2025-11-12;3;0
28;2025-11-12;4;2
28;2025-11-12;5;83
28;2025-11-12;6;270
28;2025-11-12;7;819
28;2025-11-12;8;1307
28;2025-11-12;9;858
28;2025-11-12;10;654
28;2025-11-12;11;597
28;2025-11-12;12;755
28;2025-11-12;13;758
28;2025-11-12;14;704
28;2025-11-12;15;732
28;2025-11-12;16;925
28;2025-11-12;17;1072
28;2025-11-12;18;1040
28;2025-11-12;19;749
28;2025-11-12;20;512
28;2025-11-12;21;334
28;2025-11-12;22;125
28;2025-11-12;23;14
28;2025-11-13;0;0
28;2025-11-13;1;0
28;2025-11-13;2;0
28;2025-11-13;3;0
28;2025-11-13;4;2
28;2025-11-13;5;83
28;2025-11-13;6;271
28;2025-11-13;7;839
28;2025-11-13;8;1304
28;2025-11-13;9;863
28;2025-11-13;10;657
28;2025-11-13;11;589
28;2025-11-13;12;752
28;2025-11-13;13;752
28;2025-11-13;14;712
28;2025-11-13;15;740
28;2025-11-13;16;916
28;2025-11-13;17;1092
28;2025-11-13;18;1061
28;2025-11-13;19;754
28;2025-11-13;20;528
28;2025-11-13;21;345
28;2025-11-13;22;130
28;2025-11-13;23;13
28;2025-11-14;0;0
28;2025-11-14;1;0
28;2025-11-14;2;0
28;2025-11-14;3;0
28;2025-11-14;4;2
28;2025-11-14;5;83
28;2025-11-14;6;273
28;2025-11-14;7;835
28;2025-11-14;8;1296
28;2025-11-14;9;851
28;2025-11-14;10;665
28;2025-11-14;11;610
28;2025-11-14;12;769
28;2025-11-14;13;777
28;2025-11-14;14;746
28;2025-11-14;15;791
28;2025-11-14;16;977
28;2025-11-14;17;1049
28;2025-11-14;18;912
28;2025-11-14;19;685
28;2025-11-14;20;483
28;2025-11-14;21;347
28;2025-11-14;22;130
28;2025-11-14;23;16
28;2025-11-15;0;4
28;2025-11-15;1;0
28;2025-11-15;2;0
28;2025-11-15;3;0
28;2025-11-15;4;2
28;2025-11-15;5;37
28;2025-11-15;6;103
28;2025-11-15;7;235
28;2025-11-15;8;395
28;2025-11-15;9;467
28;2025-11-15;10;489
28;2025-11-15;11;487
28;2025-11-15;12;579
28;2025-11-15;13;590
28;2025-11-15;14;555
28;2025-11-15;15;588
28;2025-11-15;16;562
28;2025-11-15;17;583
28;2025-11-15;18;505
28;2025-11-15;19;397
28;2025-11-15;20;300
28;2025-11-15;21;264
28;2025-11-15;22;122
28;2025-11-15;23;15
28;2025-11-16;0;0
28;2025-11-16;1;0
28;2025-11-16;2;0
28;2025-11-16;3;0
28;2025-11-16;4;0
28;2025-11-16;5;29
28;2025-11-16;6;79
28;2025-11-16;7;165
28;2025-11-16;8;275
28;2025-11-16;9;344
28;2025-11-16;10;395
28;2025-11-16;11;443
28;2025-11-16;12;474
28;2025-11-16;13;545
28;2025-11-16;14;535
28;2025-11-16;15;529
28;2025-11-16;16;505
28;2025-11-16;17;510
28;2025-11-16;18;446
28;2025-11-16;19;373
28;2025-11-16;20;288
28;2025-11-16;21;239
28;2025-11-16;22;106
28;2025-11-16;23;10
28;2025-11-17;0;0
28;2025-11-17;1;0
28;2025-11-17;2;0
28;2025-11-17;3;0
28;2025-11-17;4;2
28;2025-11-17;5;81
28;2025-11-17;6;271
28;2025-11-17;7;822
28;2025-11-17;8;1311
28;2025-11-17;9;860
28;2025-11-17;10;659
28;2025-11-17;11;580
28;2025-11-17;12;732
28;2025-11-17;13;732
28;2025-11-17;14;680
28;2025-11-17;15;702
28;2025-11-17;16;898
28;2025-11-17;17;1053
28;2025-11-17;18;1013
28;2025-11-17;19;736
28;2025-11-17;20;489
28;2025-11-17;21;318
28;2025-11-17;22;115
28;2025-11-17;23;12
28;2025-11-18;0;0
28;2025-11-18;1;0
28;2025-11-18;2;0
28;2025-11-18;3;0
28;2025-11-18;4;3
28;2025-11-18;5;78
28;2025-11-18;6;267
28;2025-11-18;7;812
28;2025-11-18;8;1292
28;2025-11-18;9;858
28;2025-11-18;10;658
28;2025-11-18;11;577
28;2025-11-18;12;711
28;2025-11-18;13;720
28;2025-11-18;14;693
28;2025-11-18;15;707
28;2025-11-18;16;868
28;2025-11-18;17;1054
28;2025-11-18;18;1004
28;2025-11-18;19;725
28;2025-11-18;20;492
28;2025-11-18;21;329
28;2025-11-18;22;126
28;2025-11-18;23;12
28;2025-11-19;0;0
28;2025-11-19;1;0
28;2025-11-19;2;0
28;2025-11-19;3;0
28;2025-11-19;4;2
28;2025-11-19;5;83
28;2025-11-19;6;270
28;2025-11-19;7;823
28;2025-11-19;8;1316
28;2025-11-19;9;872
28;2025-11-19;10;668
28;2025-11-19;11;610
28;2025-11-19;12;763
28;2025-11-19;13;773
28;2025-11-19;14;728
28;2025-11-19;15;745
28;2025-11-19;16;931
28;2025-11-19;17;1091
28;2025-11-19;18;1050
28;2025-11-19;19;755
28;2025-11-19;20;516
28;2025-11-19;21;337
28;2025-11-19;22;128
28;2025-11-19;23;14
28;2025-11-20;0;0
28;2025-11-20;1;0
28;2025-11-20;2;0
28;2025-11-20;3;0
28;2025-11-20;4;2
28;2025-11-20;5;82
28;2025-11-20;6;272
28;2025-11-20;7;845
28;2025-11-20;8;1319
28;2025-11-20;9;886
28;2025-11-20;10;675
28;2025-11-20;11;597
28;2025-11-20;12;764
28;2025-11-20;13;764
28;2025-11-20;14;730
28;2025-11-20;15;749
28;2025-11-20;16;921
28;2025-11-20;17;1097
28;2025-11-20;18;1065
28;2025-11-20;19;754
28;2025-11-20;20;522
28;2025-11-20;21;343
28;2025-11-20;22;131
28;2025-11-20;23;14
28;2025-11-21;0;0
28;2025-11-21;1;0
28;2025-11-21;2;0
28;2025-11-21;3;0
28;2025-11-21;4;2
28;2025-11-21;5;82
28;2025-11-21;6;268
28;2025-11-21;7;822
28;2025-11-21;8;1274
28;2025-11-21;9;850
28;2025-11-21;10;667
28;2025-11-21;11;607
28;2025-11-21;12;771
28;2025-11-21;13;775
28;2025-11-21;14;752
28;2025-11-21;15;781
28;2025-11-21;16;962
28;2025-11-21;17;1042
28;2025-11-21;18;905
28;2025-11-21;19;679
28;2025-11-21;20;481
28;2025-11-21;21;343
28;2025-11-21;22;129
28;2025-11-21;23;17
28;2025-11-22;0;2
28;2025-11-22;1;0
28;2025-11-22;2;0
28;2025-11-22;3;0
28;2025-11-22;4;2
28;2025-11-22;5;38
28;2025-11-22;6;103
28;2025-11-22;7;235
28;2025-11-22;8;397
28;2025-11-22;9;469
28;2025-11-22;10;490
28;2025-11-22;11;496
28;2025-11-22;12;592
28;2025-11-22;13;604
28;2025-11-22;14;571
28;2025-11-22;15;601
28;2025-11-22;16;573
28;2025-11-22;17;583
28;2025-11-22;18;507
28;2025-11-22;19;406
28;2025-11-22;20;302
28;2025-11-22;21;262
28;2025-11-22;22;120
28;2025-11-22;23;15
28;2025-11-23;0;0
28;2025-11-23;1;0
28;2025-11-23;2;0
28;2025-11-23;3;0
28;2025-11-23;4;0
28;2025-11-23;5;29
28;2025-11-23;6;77
28;2025-11-23;7;162
28;2025-11-23;8;270
28;2025-11-23;9;337
28;2025-11-23;10;386
28;2025-11-23;11;438
28;2025-11-23;12;473
28;2025-11-23;13;537
28;2025-11-23;14;532
28;2025-11-23;15;525
28;2025-11-23;16;495
28;2025-11-23;17;496
28;2025-11-23;18;441
28;2025-11-23;19;368
28;2025-11-23;20;283
28;2025-11-23;21;235
28;2025-11-23;22;102
28;2025-11-23;23;10
28;2025-11-24;0;0
28;2025-11-24;1;0
28;2025-11-24;2;0
28;2025-11-24;3;0
28;2025-11-24;4;2
28;2025-11-24;5;78
28;2025-11-24;6;265
28;2025-11-24;7;797
28;2025-11-24;8;1280
28;2025-11-24;9;859
28;2025-11-24;10;649
28;2025-11-24;11;562
28;2025-11-24;12;708
28;2025-11-24;13;712
28;2025-11-24;14;680
28;2025-11-24;15;691
28;2025-11-24;16;884
28;2025-11-24;17;1050
28;2025-11-24;18;999
28;2025-11-24;19;720
28;2025-11-24;20;484
28;2025-11-24;21;315
28;2025-11-24;22;115
28;2025-11-24;23;11
28;2025-11-25;0;0
28;2025-11-25;1;0
28;2025-11-25;2;0
28;2025-11-25;3;0
28;2025-11-25;4;2
28;2025-11-25;5;78
28;2025-11-25;6;264
28;2025-11-25;7;838
28;2025-11-25;8;1336
28;2025-11-25;9;874
28;2025-11-25;10;681
28;2025-11-25;11;601
28;2025-11-25;12;744
28;2025-11-25;13;757
28;2025-11-25;14;730
28;2025-11-25;15;745
28;2025-11-25;16;895
28;2025-11-25;17;1084
28;2025-11-25;18;1030
28;2025-11-25;19;749
28;2025-11-25;20;508
28;2025-11-25;21;335
28;2025-11-25;22;127
28;2025-11-25;23;14
28;2025-11-26;0;0
28;2025-11-26;1;0
28;2025-11-26;2;0
28;2025-11-26;3;0
28;2025-11-26;4;2
28;2025-11-26;5;80
28;2025-11-26;6;266
28;2025-11-26;7;809
28;2025-11-26;8;1293
28;2025-11-26;9;863
28;2025-11-26;10;656
28;2025-11-26;11;590
28;2025-11-26;12;748
28;2025-11-26;13;745
28;2025-11-26;14;705
28;2025-11-26;15;724
28;2025-11-26;16;906
28;2025-11-26;17;1066
28;2025-11-26;18;1023
28;2025-11-26;19;740
28;2025-11-26;20;508
28;2025-11-26;21;329
28;2025-11-26;22;124
28;2025-11-26;23;13
28;2025-11-27;0;0
28;2025-11-27;1;0
28;2025-11-27;2;0
28;2025-11-27;3;0
28;2025-11-27;4;2
28;2025-11-27;5;83
28;2025-11-27;6;276
28;2025-11-27;7;843
28;2025-11-27;8;1315
28;2025-11-27;9;888
28;2025-11-27;10;670
28;2025-11-27;11;592
28;2025-11-27;12;755
28;2025-11-27;13;753
28;2025-11-27;14;710
28;2025-11-27;15;743
28;2025-11-27;16;907
28;2025-11-27;17;1081
28;2025-11-27;18;1044
28;2025-11-27;19;749
28;2025-11-27;20;509
28;2025-11-27;21;339
28;2025-11-27;22;129
28;2025-11-27;23;13
28;2025-11-28;0;0
28;2025-11-28;1;0
28;2025-11-28;2;0
28;2025-11-28;3;0
28;2025-11-28;4;3
28;2025-11-28;5;82
28;2025-11-28;6;269
28;2025-11-28;7;820
28;2025-11-28;8;1274
28;2025-11-28;9;854
28;2025-11-28;10;657
28;2025-11-28;11;596
28;2025-11-28;12;761
28;2025-11-28;13;758
28;2025-11-28;14;739
28;2025-11-28;15;781
28;2025-11-28;16;962
28;2025-11-28;17;1039
28;2025-11-28;18;905
28;2025-11-28;19;676
28;2025-11-28;20;483
28;2025-11-28;21;345
28;2025-11-28;22;130
28;2025-11-28;23;17
28;2025-11-29;0;3
28;2025-11-29;1;0
28;2025-11-29;2;0
28;2025-11-29;3;0
28;2025-11-29;4;2
28;2025-11-29;5;37
28;2025-11-29;6;104
28;2025-11-29;7;240
28;2025-11-29;8;407
28;2025-11-29;9;477
28;2025-11-29;10;503
28;2025-11-29;11;511
28;2025-11-29;12;605
28;2025-11-29;13;621
28;2025-11-29;14;589
28;2025-11-29;15;615
28;2025-11-29;16;585
28;2025-11-29;17;592
28;2025-11-29;18;517
28;2025-11-29;19;412
28;2025-11-29;20;307
28;2025-11-29;21;269
28;2025-11-29;22;123
28;2025-11-29;23;17
28;2025-11-30;0;0
28;2025-11-30;1;0
28;2025-11-30;2;0
28;2025-11-30;3;0
28;2025-11-30;4;0
28;2025-11-30;5;28
28;2025-11-30;6;77
28;2025-11-30;7;160
28;2025-11-30;8;268
28;2025-11-30;9;336
28;2025-11-30;10;383
28;2025-11-30;11;433
28;2025-11-30;12;465
28;2025-11-30;13;532
28;2025-11-30;14;533
28;2025-11-30;15;522
28;2025-11-30;16;495
28;2025-11-30;17;498
28;2025-11-30;18;433
28;2025-11-30;19;370
28;2025-11-30;20;286
28;2025-11-30;21;235
28;2025-11-30;22;103
28;2025-11-30;23;11
28;2025-12-01;0;0
28;2025-12-01;1;0
28;2025-12-01;2;0
28;2025-12-01;3;0
28;2025-12-01;4;3
28;2025-12-01;5;81
28;2025-12-01;6;268
28;2025-12-01;7;829
28;2025-12-01;8;1319
28;2025-12-01;9;883
28;2025-12-01;10;659
28;2025-12-01;11;578
28;2025-12-01;12;738
28;2025-12-01;13;735
28;2025-12-01;14;698
28;2025-12-01;15;725
28;2025-12-01;16;909
28;2025-12-01;17;1066
28;2025-12-01;18;1019
28;2025-12-01;19;734
28;2025-12-01;20;495
28;2025-12-01;21;318
28;2025-12-01;22;113
28;2025-12-01;23;12
28;2025-12-02;0;0
28;2025-12-02;1;0
28;2025-12-02;2;0
28;2025-12-02;3;0
28;2025-12-02;4;2
28;2025-12-02;5;77
28;2025-12-02;6;264
28;2025-12-02;7;832
28;2025-12-02;8;1319
28;2025-12-02;9;876
28;2025-12-02;10;676
28;2025-12-02;11;596
28;2025-12-02;12;746
28;2025-12-02;13;753
28;2025-12-02;14;726
28;2025-12-02;15;746
28;2025-12-02;16;891
28;2025-12-02;17;1076
28;2025-12-02;18;1022
28;2025-12-02;19;741
28;2025-12-02;20;507
28;2025-12-02;21;333
28;2025-12-02;22;127
28;2025-12-02;23;14
28;2025-12-03;0;0
28;2025-12-03;1;0
28;2025-12-03;2;0
28;2025-12-03;3;0
28;2025-12-03;4;2
28;2025-12-03;5;83
28;2025-12-03;6;270
28;2025-12-03;7;823
28;2025-12-03;8;1304
28;2025-12-03;9;880
28;2025-12-03;10;664
28;2025-12-03;11;603
28;2025-12-03;12;770
28;2025-12-03;13;772
28;2025-12-03;14;725
28;2025-12-03;15;753
28;2025-12-03;16;932
28;2025-12-03;17;1081
28;2025-12-03;18;1041
28;2025-12-03;19;748
28;2025-12-03;20;519
28;2025-12-03;21;337
28;2025-12-03;22;127
28;2025-12-03;23;15
28;2025-12-04;0;0
28;2025-12-04;1;0
28;2025-12-04;2;0
28;2025-12-04;3;0
28;2025-12-04;4;2
28;2025-12-04;5;82
28;2025-12-04;6;274
28;2025-12-04;7;846
28;2025-12-04;8;1313
28;2025-12-04;9;889
28;2025-12-04;10;673
28;2025-12-04;11;595
28;2025-12-04;12;762
28;2025-12-04;13;765
28;2025-12-04;14;732
28;2025-12-04;15;763
28;2025-12-04;16;923
28;2025-12-04;17;1100
28;2025-12-04;18;1064
28;2025-12-04;19;740
28;2025-12-04;20;527
28;2025-12-04;21;347
28;2025-12-04;22;132
28;2025-12-04;23;13
28;2025-12-05;0;0
28;2025-12-05;1;0
28;2025-12-05;2;0
28;2025-12-05;3;0
28;2025-12-05;4;2
28;2025-12-05;5;82
28;2025-12-05;6;270
28;2025-12-05;7;832
28;2025-12-05;8;1275
28;2025-12-05;9;862
28;2025-12-05;10;665
28;2025-12-05;11;608
28;2025-12-05;12;771
28;2025-12-05;13;772
28;2025-12-05;14;756
28;2025-12-05;15;802
28;2025-12-05;16;977
28;2025-12-05;17;1048
28;2025-12-05;18;907
28;2025-12-05;19;680
28;2025-12-05;20;487
28;2025-12-05;21;349
28;2025-12-05;22;132
28;2025-12-05;23;18
28;2025-12-06;0;4
28;2025-12-06;1;0
28;2025-12-06;2;0
28;2025-12-06;3;0
28;2025-12-06;4;2
28;2025-12-06;5;37
28;2025-12-06;6;102
28;2025-12-06;7;234
28;2025-12-06;8;401
28;2025-12-06;9;467
28;2025-12-06;10;490
28;2025-12-06;11;501
28;2025-12-06;12;593
28;2025-12-06;13;609
28;2025-12-06;14;581
28;2025-12-06;15;604
28;2025-12-06;16;578
28;2025-12-06;17;581
28;2025-12-06;18;505
28;2025-12-06;19;406
28;2025-12-06;20;305
28;2025-12-06;21;264
28;2025-12-06;22;122
28;2025-12-06;23;16
28;2025-12-07;0;0
28;2025-12-07;1;0
28;2025-12-07;2;0
28;2025-12-07;3;0
28;2025-12-07;4;0
28;2025-12-07;5;28
28;2025-12-07;6;77
28;2025-12-07;7;159
28;2025-12-07;8;265
28;2025-12-07;9;333
28;2025-12-07;10;379
28;2025-12-07;11;427
28;2025-12-07;12;459
28;2025-12-07;13;525
28;2025-12-07;14;528
28;2025-12-07;15;516
28;2025-12-07;16;489
28;2025-12-07;17;494
28;2025-12-07;18;431
28;2025-12-07;19;365
28;2025-12-07;20;283
28;2025-12-07;21;234
28;2025-12-07;22;103
28;2025-12-07;23;11
28;2025-12-08;0;0
28;2025-12-08;1;0
28;2025-12-08;2;0
28;2025-12-08;3;0
28;2025-12-08;4;2
28;2025-12-08;5;81
28;2025-12-08;6;269
28;2025-12-08;7;828
28;2025-12-08;8;1307
28;2025-12-08;9;884
28;2025-12-08;10;659
28;2025-12-08;11;576
28;2025-12-08;12;735
28;2025-12-08;13;732
28;2025-12-08;14;699
28;2025-12-08;15;724
28;2025-12-08;16;906
28;2025-12-08;17;1060
28;2025-12-08;18;1014
28;2025-12-08;19;733
28;2025-12-08;20;494
28;2025-12-08;21;318
28;2025-12-08;22;114
28;2025-12-08;23;13
28;2025-12-09;0;0
28;2025-12-09;1;0
28;2025-12-09;2;0
28;2025-12-09;3;0
28;2025-12-09;4;2
28;2025-12-09;5;80
28;2025-12-09;6;268
28;2025-12-09;7;850
28;2025-12-09;8;1338
28;2025-12-09;9;890
28;2025-12-09;10;686
28;2025-12-09;11;597
28;2025-12-09;12;742
28;2025-12-09;13;759
28;2025-12-09;14;727
28;2025-12-09;15;755
28;2025-12-09;16;901
28;2025-12-09;17;1081
28;2025-12-09;18;1030
28;2025-12-09;19;745
28;2025-12-09;20;508
28;2025-12-09;21;338
28;2025-12-09;22;131
28;2025-12-09;23;15
28;2025-12-10;0;0
28;2025-12-10;1;0
28;2025-12-10;2;0
28;2025-12-10;3;0
28;2025-12-10;4;2
28;2025-12-10;5;83
28;2025-12-10;6;271
28;2025-12-10;7;824
28;2025-12-10;8;1308
28;2025-12-10;9;888
28;2025-12-10;10;673
28;2025-12-10;11;605
28;2025-12-10;12;762
28;2025-12-10;13;773
28;2025-12-10;14;731
28;2025-12-10;15;752
28;2025-12-10;16;932
28;2025-12-10;17;1081
28;2025-12-10;18;1042
28;2025-12-10;19;747
28;2025-12-10;20;520
28;2025-12-10;21;340
28;2025-12-10;22;132
28;2025-12-10;23;15
28;2025-12-11;0;0
28;2025-12-11;1;0
28;2025-12-11;2;0
28;2025-12-11;3;0
28;2025-12-11;4;2
28;2025-12-11;5;84
28;2025-12-11;6;277
28;2025-12-11;7;850
28;2025-12-11;8;1311
28;2025-12-11;9;894
28;2025-12-11;10;673
28;2025-12-11;11;592
28;2025-12-11;12;747
28;2025-12-11;13;755
28;2025-12-11;14;722
28;2025-12-11;15;758
28;2025-12-11;16;913
28;2025-12-11;17;1084
28;2025-12-11;18;1044
28;2025-12-11;19;740
28;2025-12-11;20;514
28;2025-12-11;21;344
28;2025-12-11;22;134
28;2025-12-11;23;13
28;2025-12-12;0;0
28;2025-12-12;1;0
28;2025-12-12;2;0
28;2025-12-12;3;0
28;2025-12-12;4;3
28;2025-12-12;5;85
28;2025-12-12;6;271
28;2025-12-12;7;828
28;2025-12-12;8;1251
28;2025-12-12;9;858
28;2025-12-12;10;659
28;2025-12-12;11;587
28;2025-12-12;12;741
28;2025-12-12;13;743
28;2025-12-12;14;735
28;2025-12-12;15;767
28;2025-12-12;16;942
28;2025-12-12;17;1008
28;2025-12-12;18;889
28;2025-12-12;19;660
28;2025-12-12;20;472
28;2025-12-12;21;342
28;2025-12-12;22;133
28;2025-12-12;23;18
28;2025-12-13;0;3
28;2025-12-13;1;0
28;2025-12-13;2;0
28;2025-12-13;3;0
28;2025-12-13;4;2
28;2025-12-13;5;36
28;2025-12-13;6;101
28;2025-12-13;7;236
28;2025-12-13;8;400
28;2025-12-13;9;473
28;2025-12-13;10;499
28;2025-12-13;11;502
28;2025-12-13;12;587
28;2025-12-13;13;616
28;2025-12-13;14;588
28;2025-12-13;15;601
28;2025-12-13;16;577
28;2025-12-13;17;584
28;2025-12-13;18;510
28;2025-12-13;19;405
28;2025-12-13;20;301
28;2025-12-13;21;266
28;2025-12-13;22;127
28;2025-12-13;23;18
28;2025-12-14;0;0
28;2025-12-14;1;0
28;2025-12-14;2;0
28;2025-12-14;3;0
28;2025-12-14;4;0
28;2025-12-14;5;29
28;2025-12-14;6;78
28;2025-12-14;7;157
28;2025-12-14;8;264
28;2025-12-14;9;335
28;2025-12-14;10;381
28;2025-12-14;11;422
28;2025-12-14;12;455
28;2025-12-14;13;524
28;2025-12-14;14;527
28;2025-12-14;15;508
28;2025-12-14;16;484
28;2025-12-14;17;493
28;2025-12-14;18;433
28;2025-12-14;19;362
28;2025-12-14;20;280
28;2025-12-14;21;235
28;2025-12-14;22;103
28;2025-12-14;23;12
28;2025-12-15;0;0
28;2025-12-15;1;0
28;2025-12-15;2;0
28;2025-12-15;3;0
28;2025-12-15;4;2
28;2025-12-15;5;80
28;2025-12-15;6;267
28;2025-12-15;7;810
28;2025-12-15;8;1275
28;2025-12-15;9;871
28;2025-12-15;10;661
28;2025-12-15;11;574
28;2025-12-15;12;729
28;2025-12-15;13;728
28;2025-12-15;14;690
28;2025-12-15;15;710
28;2025-12-15;16;890
28;2025-12-15;17;1048
28;2025-12-15;18;1001
28;2025-12-15;19;726
28;2025-12-15;20;491
28;2025-12-15;21;314
28;2025-12-15;22;117
28;2025-12-15;23;13
28;2025-12-16;0;0
28;2025-12-16;1;0
28;2025-12-16;2;0
28;2025-12-16;3;0
28;2025-12-16;4;2
28;2025-12-16;5;80
28;2025-12-16;6;271
28;2025-12-16;7;848
28;2025-12-16;8;1323
28;2025-12-16;9;886
28;2025-12-16;10;690
28;2025-12-16;11;600
28;2025-12-16;12;742
28;2025-12-16;13;761
28;2025-12-16;14;719
28;2025-12-16;15;745
28;2025-12-16;16;903
28;2025-12-16;17;1078
28;2025-12-16;18;1027
28;2025-12-16;19;748
28;2025-12-16;20;513
28;2025-12-16;21;339
28;2025-12-16;22;132
28;2025-12-16;23;16
28;2025-12-17;0;0
28;2025-12-17;1;0
28;2025-12-17;2;0
28;2025-12-17;3;0
28;2025-12-17;4;2
28;2025-12-17;5;83
28;2025-12-17;6;272
28;2025-12-17;7;826
28;2025-12-17;8;1300
28;2025-12-17;9;886
28;2025-12-17;10;666
28;2025-12-17;11;602
28;2025-12-17;12;755
28;2025-12-17;13;764
28;2025-12-17;14;728
28;2025-12-17;15;756
28;2025-12-17;16;930
28;2025-12-17;17;1075
28;2025-12-17;18;1035
28;2025-12-17;19;745
28;2025-12-17;20;518
28;2025-12-17;21;336
28;2025-12-17;22;132
28;2025-12-17;23;15
28;2025-12-18;0;0
28;2025-12-18;1;0
28;2025-12-18;2;0
28;2025-12-18;3;0
28;2025-12-18;4;2
28;2025-12-18;5;83
28;2025-12-18;6;275
28;2025-12-18;7;851
28;2025-12-18;8;1312
28;2025-12-18;9;896
28;2025-12-18;10;674
28;2025-12-18;11;594
28;2025-12-18;12;748
28;2025-12-18;13;759
28;2025-12-18;14;727
28;2025-12-18;15;763
28;2025-12-18;16;922
28;2025-12-18;17;1086
28;2025-12-18;18;1051
28;2025-12-18;19;745
28;2025-12-18;20;521
28;2025-12-18;21;346
28;2025-12-18;22;137
28;2025-12-18;23;15
28;2025-12-19;0;0
28;2025-12-19;1;0
28;2025-12-19;2;0
28;2025-12-19;3;0
28;2025-12-19;4;2
28;2025-12-19;5;84
28;2025-12-19;6;271
28;2025-12-19;7;827
28;2025-12-19;8;1257
28;2025-12-19;9;857
28;2025-12-19;10;662
28;2025-12-19;11;596
28;2025-12-19;12;752
28;2025-12-19;13;756
28;2025-12-19;14;740
28;2025-12-19;15;786
28;2025-12-19;16;961
28;2025-12-19;17;1027
28;2025-12-19;18;896
28;2025-12-19;19;671
28;2025-12-19;20;481
28;2025-12-19;21;342
28;2025-12-19;22;135
28;2025-12-19;23;18
28;2025-12-20;0;4
28;2025-12-20;1;0
28;2025-12-20;2;0
28;2025-12-20;3;0
28;2025-12-20;4;2
28;2025-12-20;5;36
28;2025-12-20;6;102
28;2025-12-20;7;233
28;2025-12-20;8;397
28;2025-12-20;9;467
28;2025-12-20;10;489
28;2025-12-20;11;498
28;2025-12-20;12;590
28;2025-12-20;13;610
28;2025-12-20;14;581
28;2025-12-20;15;600
28;2025-12-20;16;576
28;2025-12-20;17;575
28;2025-12-20;18;501
28;2025-12-20;19;402
28;2025-12-20;20;300
28;2025-12-20;21;266
28;2025-12-20;22;123
28;2025-12-20;23;16
28;2025-12-21;0;0
28;2025-12-21;1;0
28;2025-12-21;2;0
28;2025-12-21;3;0
28;2025-12-21;4;0
28;2025-12-21;5;29
28;2025-12-21;6;76
28;2025-12-21;7;155
28;2025-12-21;8;260
28;2025-12-21;9;330
28;2025-12-21;10;376
28;2025-12-21;11;423
28;2025-12-21;12;452
28;2025-12-21;13;519
28;2025-12-21;14;525
28;2025-12-21;15;509
28;2025-12-21;16;483
28;2025-12-21;17;486
28;2025-12-21;18;425
28;2025-12-21;19;361
28;2025-12-21;20;279
28;2025-12-21;21;233
28;2025-12-21;22;102
28;2025-12-21;23;11
28;2025-12-22;0;0
28;2025-12-22;1;0
28;2025-12-22;2;0
28;2025-12-22;3;0
28;2025-12-22;4;3
28;2025-12-22;5;82
28;2025-12-22;6;268
28;2025-12-22;7;821
28;2025-12-22;8;1268
28;2025-12-22;9;875
28;2025-12-22;10;644
28;2025-12-22;11;562
28;2025-12-22;12;711
28;2025-12-22;13;710
28;2025-12-22;14;677
28;2025-12-22;15;704
28;2025-12-22;16;888
28;2025-12-22;17;1036
28;2025-12-22;18;993
28;2025-12-22;19;716
28;2025-12-22;20;486
28;2025-12-22;21;314
28;2025-12-22;22;116
28;2025-12-22;23;12
28;2025-12-23;0;0
28;2025-12-23;1;0
28;2025-12-23;2;0
28;2025-12-23;3;0
28;2025-12-23;4;2
28;2025-12-23;5;78
28;2025-12-23;6;264
28;2025-12-23;7;815
28;2025-12-23;8;1267
28;2025-12-23;9;879
28;2025-12-23;10;694
28;2025-12-23;11;594
28;2025-12-23;12;725
28;2025-12-23;13;752
28;2025-12-23;14;729
28;2025-12-23;15;747
28;2025-12-23;16;876
28;2025-12-23;17;1072
28;2025-12-23;18;1010
28;2025-12-23;19;723
28;2025-12-23;20;501
28;2025-12-23;21;343
28;2025-12-23;22;140
28;2025-12-23;23;18
28;2025-12-24;0;0
28;2025-12-24;1;0
28;2025-12-24;2;0
28;2025-12-24;3;0
28;2025-12-24;4;2
28;2025-12-24;5;84
28;2025-12-24;6;277
28;2025-12-24;7;833
28;2025-12-24;8;1306
28;2025-12-24;9;889
28;2025-12-24;10;690
28;2025-12-24;11;604
28;2025-12-24;12;763
28;2025-12-24;13;788
28;2025-12-24;14;715
28;2025-12-24;15;746
28;2025-12-24;16;937
28;2025-12-24;17;1085
28;2025-12-24;18;1041
28;2025-12-24;19;750
28;2025-12-24;20;531
28;2025-12-24;21;347
28;2025-12-24;22;139
28;2025-12-24;23;19
28;2025-12-25;0;0
28;2025-12-25;1;0
28;2025-12-25;2;0
28;2025-12-25;3;0
28;2025-12-25;4;3
28;2025-12-25;5;83
28;2025-12-25;6;278
28;2025-12-25;7;851
28;2025-12-25;8;1301
28;2025-12-25;9;899
28;2025-12-25;10;672
28;2025-12-25;11;593
28;2025-12-25;12;741
28;2025-12-25;13;754
28;2025-12-25;14;713
28;2025-12-25;15;748
28;2025-12-25;16;910
28;2025-12-25;17;1074
28;2025-12-25;18;1030
28;2025-12-25;19;737
28;2025-12-25;20;512
28;2025-12-25;21;339
28;2025-12-25;22;138
28;2025-12-25;23;15
28;2025-12-26;0;0
28;2025-12-26;1;0
28;2025-12-26;2;0
28;2025-12-26;3;0
28;2025-12-26;4;2
28;2025-12-26;5;82
28;2025-12-26;6;268
28;2025-12-26;7;808
28;2025-12-26;8;1232
28;2025-12-26;9;844
28;2025-12-26;10;652
28;2025-12-26;11;579
28;2025-12-26;12;719
28;2025-12-26;13;735
28;2025-12-26;14;714
28;2025-12-26;15;756
28;2025-12-26;16;931
28;2025-12-26;17;1005
28;2025-12-26;18;867
28;2025-12-26;19;652
28;2025-12-26;20;465
28;2025-12-26;21;336
28;2025-12-26;22;137
28;2025-12-26;23;20
28;2025-12-27;0;3
28;2025-12-27;1;0
28;2025-12-27;2;0
28;2025-12-27;3;0
28;2025-12-27;4;2
28;2025-12-27;5;35
28;2025-12-27;6;101
28;2025-12-27;7;230
28;2025-12-27;8;391
28;2025-12-27;9;464
28;2025-12-27;10;484
28;2025-12-27;11;492
28;2025-12-27;12;578
28;2025-12-27;13;602
28;2025-12-27;14;580
28;2025-12-27;15;591
28;2025-12-27;16;564
28;2025-12-27;17;569
28;2025-12-27;18;494
28;2025-12-27;19;398
28;2025-12-27;20;296
28;2025-12-27;21;261
28;2025-12-27;22;122
28;2025-12-27;23;16
28;2025-12-28;0;0
28;2025-12-28;1;0
28;2025-12-28;2;0
28;2025-12-28;3;0
28;2025-12-28;4;0
28;2025-12-28;5;28
28;2025-12-28;6;74
28;2025-12-28;7;152
28;2025-12-28;8;256
28;2025-12-28;9;326
28;2025-12-28;10;371
28;2025-12-28;11;411
28;2025-12-28;12;443
28;2025-12-28;13;509
28;2025-12-28;14;512
28;2025-12-28;15;496
28;2025-12-28;16;471
28;2025-12-28;17;477
28;2025-12-28;18;418
28;2025-12-28;19;355
28;2025-12-28;20;273
28;2025-12-28;21;229
28;2025-12-28;22;101
28;2025-12-28;23;11
28;2025-12-29;0;0
28;2025-12-29;1;0
28;2025-12-29;2;0
28;2025-12-29;3;0
28;2025-12-29;4;3
28;2025-12-29;5;70
28;2025-12-29;6;236
28;2025-12-29;7;711
28;2025-12-29;8;1105
28;2025-12-29;9;764
28;2025-12-29;10;567
28;2025-12-29;11;495
28;2025-12-29;12;629
28;2025-12-29;13;627
28;2025-12-29;14;595
28;2025-12-29;15;619
28;2025-12-29;16;773
28;2025-12-29;17;905
28;2025-12-29;18;861
28;2025-12-29;19;629
28;2025-12-29;20;428
28;2025-12-29;21;273
28;2025-12-29;22;105
28;2025-12-29;23;13
28;2025-12-30;0;0
28;2025-12-30;1;0
28;2025-12-30;2;0
28;2025-12-30;3;0
28;2025-12-30;4;2
28;2025-12-30;5;69
28;2025-12-30;6;237
28;2025-12-30;7;733
28;2025-12-30;8;1127
28;2025-12-30;9;773
28;2025-12-30;10;594
28;2025-12-30;11;512
28;2025-12-30;12;635
28;2025-12-30;13;648
28;2025-12-30;14;615
28;2025-12-30;15;642
28;2025-12-30;16;771
28;2025-12-30;17;917
28;2025-12-30;18;857
28;2025-12-30;19;635
28;2025-12-30;20;441
28;2025-12-30;21;289
28;2025-12-30;22;121
28;2025-12-30;23;15
28;2025-12-31;0;0
28;2025-12-31;1;0
28;2025-12-31;2;0
28;2025-12-31;3;0
28;2025-12-31;4;0
28;2025-12-31;5;26
28;2025-12-31;6;70
28;2025-12-31;7;136
28;2025-12-31;8;232
28;2025-12-31;9;296
28;2025-12-31;10;329
28;2025-12-31;11;364
28;2025-12-31;12;391
28;2025-12-31;13;450
28;2025-12-31;14;445
28;2025-12-31;15;429
28;2025-12-31;16;413
28;2025-12-31;17;425
28;2025-12-31;18;379
28;2025-12-31;19;323
28;2025-12-31;20;0
28;2025-12-31;21;0
28;2025-12-31;22;0
28;2025-12-31;23;0
50;2025-11-01;0;25
50;2025-11-01;1;3
50;2025-11-01;2;0
50;2025-11-01;3;0
50;2025-11-01;4;4
50;2025-11-01;5;66
50;2025-11-01;6;449
50;2025-11-01;7;1432
50;2025-11-01;8;2290
50;2025-11-01;9;1849
50;2025-11-01;10;1456
50;2025-11-01;11;1361
50;2025-11-01;12;1310
50;2025-11-01;13;1328
50;2025-11-01;14;1321
50;2025-11-01;15;1487
50;2025-11-01;16;1612
50;2025-11-01;17;1958
50;2025-11-01;18;1891
50;2025-11-01;19;1191
50;2025-11-01;20;823
50;2025-11-01;21;567
50;2025-11-01;22;214
50;2025-11-01;23;137
50;2025-11-02;0;0
50;2025-11-02;1;0
50;2025-11-02;2;0
50;2025-11-02;3;0
50;2025-11-02;4;0
50;2025-11-02;5;0
50;2025-11-02;6;0
50;2025-11-02;7;0
50;2025-11-02;8;0
50;2025-11-02;9;0
50;2025-11-02;10;50
50;2025-11-02;11;36
50;2025-11-02;12;23
50;2025-11-02;13;42
50;2025-11-02;14;167
50;2025-11-02;15;171
50;2025-11-02;16;375
50;2025-11-02;17;269
50;2025-11-02;18;155
50;2025-11-02;19;95
50;2025-11-02;20;122
50;2025-11-02;21;80
50;2025-11-02;22;132
50;2025-11-02;23;19
50;2025-11-03;0;0
50;2025-11-03;1;0
50;2025-11-03;2;0
50;2025-11-03;3;0
50;2025-11-03;4;0
50;2025-11-03;5;0
50;2025-11-03;6;0
50;2025-11-03;7;0
50;2025-11-03;8;0
50;2025-11-03;9;0
50;2025-11-03;10;48
50;2025-11-03;11;33
50;2025-11-03;12;20
50;2025-11-03;13;39
50;2025-11-03;14;161
50;2025-11-03;15;163
50;2025-11-03;16;360
50;2025-11-03;17;257
50;2025-11-03;18;148
50;2025-11-03;19;87
50;2025-11-03;20;112
50;2025-11-03;21;77
50;2025-11-03;22;120
50;2025-11-03;23;20
50;2025-11-04;0;0
50;2025-11-04;1;0
50;2025-11-04;2;0
50;2025-11-04;3;0
50;2025-11-04;4;0
50;2025-11-04;5;0
50;2025-11-04;6;0
50;2025-11-04;7;0
50;2025-11-04;8;0
50;2025-11-04;9;0
50;2025-11-04;10;48
50;2025-11-04;11;33
50;2025-11-04;12;20
50;2025-11-04;13;39
50;2025-11-04;14;161
50;2025-11-04;15;163
50;2025-11-04;16;358
50;2025-11-04;17;257
50;2025-11-04;18;148
50;2025-11-04;19;87
50;2025-11-04;20;112
50;2025-11-04;21;77
50;2025-11-04;22;120
50;2025-11-04;23;20
50;2025-11-05;0;25
50;2025-11-05;1;4
50;2025-11-05;2;0
50;2025-11-05;3;0
50;2025-11-05;4;5
50;2025-11-05;5;75
50;2025-11-05;6;539
50;2025-11-05;7;1728
50;2025-11-05;8;2867
50;2025-11-05;9;2266
50;2025-11-05;10;1758
50;2025-11-05;11;1583
50;2025-11-05;12;1559
50;2025-11-05;13;1560
50;2025-11-05;14;1533
50;2025-11-05;15;1723
50;2025-11-05;16;1797
50;2025-11-05;17;2426
50;2025-11-05;18;2454
50;2025-11-05;19;1461
50;2025-11-05;20;932
50;2025-11-05;21;645
50;2025-11-05;22;249
50;2025-11-05;23;151
50;2025-11-06;0;29
50;2025-11-06;1;4
50;2025-11-06;2;0
50;2025-11-06;3;0
50;2025-11-06;4;4
50;2025-11-06;5;75
50;2025-11-06;6;552
50;2025-11-06;7;1776
50;2025-11-06;8;2864
50;2025-11-06;9;2277
50;2025-11-06;10;1783
50;2025-11-06;11;1602
50;2025-11-06;12;1575
50;2025-11-06;13;1594
50;2025-11-06;14;1539
50;2025-11-06;15;1752
50;2025-11-06;16;1818
50;2025-11-06;17;2443
50;2025-11-06;18;2516
50;2025-11-06;19;1485
50;2025-11-06;20;990
50;2025-11-06;21;692
50;2025-11-06;22;260
50;2025-11-06;23;166
50;2025-11-07;0;33
50;2025-11-07;1;4
50;2025-11-07;2;0
50;2025-11-07;3;0
50;2025-11-07;4;5
50;2025-11-07;5;75
50;2025-11-07;6;554
50;2025-11-07;7;1774
50;2025-11-07;8;2833
50;2025-11-07;9;2216
50;2025-11-07;10;1711
50;2025-11-07;11;1607
50;2025-11-07;12;1597
50;2025-11-07;13;1631
50;2025-11-07;14;1564
50;2025-11-07;15;1845
50;2025-11-07;16;2081
50;2025-11-07;17;2308
50;2025-11-07;18;2022
50;2025-11-07;19;1329
50;2025-11-07;20;918
50;2025-11-07;21;625
50;2025-11-07;22;277
50;2025-11-07;23;180
50;2025-11-08;0;217
50;2025-11-08;1;30
50;2025-11-08;2;0
50;2025-11-08;3;0
50;2025-11-08;4;0
50;2025-11-08;5;9
50;2025-11-08;6;8
50;2025-11-08;7;16
50;2025-11-08;8;13
50;2025-11-08;9;18
50;2025-11-08;10;17
50;2025-11-08;11;46
50;2025-11-08;12;244
50;2025-11-08;13;187
50;2025-11-08;14;155
50;2025-11-08;15;248
50;2025-11-08;16;183
50;2025-11-08;17;122
50;2025-11-08;18;23
50;2025-11-08;19;0
50;2025-11-08;20;19
50;2025-11-08;21;0
50;2025-11-08;22;16
50;2025-11-08;23;0
50;2025-11-09;0;0
50;2025-11-09;1;0
50;2025-11-09;2;0
50;2025-11-09;3;0
50;2025-11-09;4;0
50;2025-11-09;5;0
50;2025-11-09;6;0
50;2025-11-09;7;0
50;2025-11-09;8;0
50;2025-11-09;9;0
50;2025-11-09;10;50
50;2025-11-09;11;36
50;2025-11-09;12;23
50;2025-11-09;13;42
50;2025-11-09;14;167
50;2025-11-09;15;171
50;2025-11-09;16;375
50;2025-11-09;17;269
50;2025-11-09;18;155
50;2025-11-09;19;95
50;2025-11-09;20;122
50;2025-11-09;21;80
50;2025-11-09;22;132
50;2025-11-09;23;19
50;2025-11-10;0;19
50;2025-11-10;1;4
50;2025-11-10;2;0
50;2025-11-10;3;0
50;2025-11-10;4;4
50;2025-11-10;5;70
50;2025-11-10;6;539
50;2025-11-10;7;1760
50;2025-11-10;8;2896
50;2025-11-10;9;2280
50;2025-11-10;10;1744
50;2025-11-10;11;1579
50;2025-11-10;12;1522
50;2025-11-10;13;1573
50;2025-11-10;14;1495
50;2025-11-10;15;1749
50;2025-11-10;16;1787
50;2025-11-10;17;2330
50;2025-11-10;18;2521
50;2025-11-10;19;1440
50;2025-11-10;20;934
50;2025-11-10;21;627
50;2025-11-10;22;233
50;2025-11-10;23;133
50;2025-11-11;0;23
50;2025-11-11;1;3
50;2025-11-11;2;0
50;2025-11-11;3;0
50;2025-11-11;4;4
50;2025-11-11;5;72
50;2025-11-11;6;555
50;2025-11-11;7;1799
50;2025-11-11;8;2940
50;2025-11-11;9;2296
50;2025-11-11;10;1794
50;2025-11-11;11;1600
50;2025-11-11;12;1574
50;2025-11-11;13;1599
50;2025-11-11;14;1516
50;2025-11-11;15;1763
50;2025-11-11;16;1804
50;2025-11-11;17;2494
50;2025-11-11;18;2538
50;2025-11-11;19;1465
50;2025-11-11;20;973
50;2025-11-11;21;645
50;2025-11-11;22;242
50;2025-11-11;23;143
50;2025-11-12;0;25
50;2025-11-12;1;4
50;2025-11-12;2;0
50;2025-11-12;3;0
50;2025-11-12;4;5
50;2025-11-12;5;75
50;2025-11-12;6;549
50;2025-11-12;7;1735
50;2025-11-12;8;2871
50;2025-11-12;9;2269
50;2025-11-12;10;1762
50;2025-11-12;11;1592
50;2025-11-12;12;1569
50;2025-11-12;13;1585
50;2025-11-12;14;1538
50;2025-11-12;15;1739
50;2025-11-12;16;1805
50;2025-11-12;17;2445
50;2025-11-12;18;2478
50;2025-11-12;19;1480
50;2025-11-12;20;939
50;2025-11-12;21;650
50;2025-11-12;22;250
50;2025-11-12;23;151
50;2025-11-13;0;28
50;2025-11-13;1;4
50;2025-11-13;2;0
50;2025-11-13;3;0
50;2025-11-13;4;4
50;2025-11-13;5;74
50;2025-11-13;6;544
50;2025-11-13;7;1746
50;2025-11-13;8;2861
50;2025-11-13;9;2265
50;2025-11-13;10;1779
50;2025-11-13;11;1599
50;2025-11-13;12;1600
50;2025-11-13;13;1594
50;2025-11-13;14;1542
50;2025-11-13;15;1748
50;2025-11-13;16;1818
50;2025-11-13;17;2434
50;2025-11-13;18;2496
50;2025-11-13;19;1463
50;2025-11-13;20;976
50;2025-11-13;21;683
50;2025-11-13;22;259
50;2025-11-13;23;161
50;2025-11-14;0;32
50;2025-11-14;1;3
50;2025-11-14;2;0
50;2025-11-14;3;0
50;2025-11-14;4;5
50;2025-11-14;5;74
50;2025-11-14;6;556
50;2025-11-14;7;1754
50;2025-11-14;8;2829
50;2025-11-14;9;2215
50;2025-11-14;10;1714
50;2025-11-14;11;1614
50;2025-11-14;12;1641
50;2025-11-14;13;1675
50;2025-11-14;14;1610
50;2025-11-14;15;1872
50;2025-11-14;16;2090
50;2025-11-14;17;2305
50;2025-11-14;18;2027
50;2025-11-14;19;1338
50;2025-11-14;20;919
50;2025-11-14;21;617
50;2025-11-14;22;268
50;2025-11-14;23;179
50;2025-11-15;0;88
50;2025-11-15;1;6
50;2025-11-15;2;0
50;2025-11-15;3;0
50;2025-11-15;4;4
50;2025-11-15;5;36
50;2025-11-15;6;185
50;2025-11-15;7;426
50;2025-11-15;8;680
50;2025-11-15;9;753
50;2025-11-15;10;713
50;2025-11-15;11;900
50;2025-11-15;12;964
50;2025-11-15;13;987
50;2025-11-15;14;981
50;2025-11-15;15;929
50;2025-11-15;16;902
50;2025-11-15;17;834
50;2025-11-15;18;723
50;2025-11-15;19;721
50;2025-11-15;20;565
50;2025-11-15;21;426
50;2025-11-15;22;243
50;2025-11-15;23;149
50;2025-11-16;0;51
50;2025-11-16;1;8
50;2025-11-16;2;0
50;2025-11-16;3;0
50;2025-11-16;4;3
50;2025-11-16;5;27
50;2025-11-16;6;109
50;2025-11-16;7;206
50;2025-11-16;8;365
50;2025-11-16;9;495
50;2025-11-16;10;543
50;2025-11-16;11;638
50;2025-11-16;12;707
50;2025-11-16;13;825
50;2025-11-16;14;838
50;2025-11-16;15;726
50;2025-11-16;16;704
50;2025-11-16;17;816
50;2025-11-16;18;787
50;2025-11-16;19;689
50;2025-11-16;20;556
50;2025-11-16;21;482
50;2025-11-16;22;270
50;2025-11-16;23;124
50;2025-11-17;0;18
50;2025-11-17;1;4
50;2025-11-17;2;0
50;2025-11-17;3;0
50;2025-11-17;4;4
50;2025-11-17;5;69
50;2025-11-17;6;547
50;2025-11-17;7;1750
50;2025-11-17;8;2902
50;2025-11-17;9;2304
50;2025-11-17;10;1752
50;2025-11-17;11;1581
50;2025-11-17;12;1540
50;2025-11-17;13;1607
50;2025-11-17;14;1519
50;2025-11-17;15;1743
50;2025-11-17;16;1779
50;2025-11-17;17;2453
50;2025-11-17;18;2544
50;2025-11-17;19;1467
50;2025-11-17;20;935
50;2025-11-17;21;625
50;2025-11-17;22;235
50;2025-11-17;23;133
50;2025-11-18;0;24
50;2025-11-18;1;4
50;2025-11-18;2;0
50;2025-11-18;3;0
50;2025-11-18;4;4
50;2025-11-18;5;74
50;2025-11-18;6;564
50;2025-11-18;7;1760
50;2025-11-18;8;2902
50;2025-11-18;9;2248
50;2025-11-18;10;1758
50;2025-11-18;11;1559
50;2025-11-18;12;1552
50;2025-11-18;13;1597
50;2025-11-18;14;1547
50;2025-11-18;15;1746
50;2025-11-18;16;1771
50;2025-11-18;17;2457
50;2025-11-18;18;2475
50;2025-11-18;19;1458
50;2025-11-18;20;947
50;2025-11-18;21;640
50;2025-11-18;22;236
50;2025-11-18;23;143
50;2025-11-19;0;24
50;2025-11-19;1;4
50;2025-11-19;2;0
50;2025-11-19;3;0
50;2025-11-19;4;5
50;2025-11-19;5;74
50;2025-11-19;6;548
50;2025-11-19;7;1761
50;2025-11-19;8;2928
50;2025-11-19;9;2318
50;2025-11-19;10;1831
50;2025-11-19;11;1634
50;2025-11-19;12;1656
50;2025-11-19;13;1680
50;2025-11-19;14;1615
50;2025-11-19;15;1818
50;2025-11-19;16;1830
50;2025-11-19;17;2513
50;2025-11-19;18;2533
50;2025-11-19;19;1501
50;2025-11-19;20;934
50;2025-11-19;21;656
50;2025-11-19;22;246
50;2025-11-19;23;151
50;2025-11-20;0;28
50;2025-11-20;1;4
50;2025-11-20;2;0
50;2025-11-20;3;0
50;2025-11-20;4;4
50;2025-11-20;5;74
50;2025-11-20;6;549
50;2025-11-20;7;1764
50;2025-11-20;8;2910
50;2025-11-20;9;2290
50;2025-11-20;10;1814
50;2025-11-20;11;1633
50;2025-11-20;12;1642
50;2025-11-20;13;1650
50;2025-11-20;14;1587
50;2025-11-20;15;1801
50;2025-11-20;16;1839
50;2025-11-20;17;2473
50;2025-11-20;18;2541
50;2025-11-20;19;1472
50;2025-11-20;20;968
50;2025-11-20;21;679
50;2025-11-20;22;255
50;2025-11-20;23;160
50;2025-11-21;0;31
50;2025-11-21;1;4
50;2025-11-21;2;0
50;2025-11-21;3;0
50;2025-11-21;4;5
50;2025-11-21;5;74
50;2025-11-21;6;552
50;2025-11-21;7;1761
50;2025-11-21;8;2862
50;2025-11-21;9;2234
50;2025-11-21;10;1742
50;2025-11-21;11;1635
50;2025-11-21;12;1661
50;2025-11-21;13;1691
50;2025-11-21;14;1600
50;2025-11-21;15;1901
50;2025-11-21;16;2084
50;2025-11-21;17;2323
50;2025-11-21;18;2045
50;2025-11-21;19;1335
50;2025-11-21;20;909
50;2025-11-21;21;615
50;2025-11-21;22;268
50;2025-11-21;23;178
50;2025-11-22;0;88
50;2025-11-22;1;6
50;2025-11-22;2;0
50;2025-11-22;3;0
50;2025-11-22;4;4
50;2025-11-22;5;36
50;2025-11-22;6;185
50;2025-11-22;7;427
50;2025-11-22;8;681
50;2025-11-22;9;753
50;2025-11-22;10;713
50;2025-11-22;11;901
50;2025-11-22;12;967
50;2025-11-22;13;989
50;2025-11-22;14;982
50;2025-11-22;15;931
50;2025-11-22;16;904
50;2025-11-22;17;835
50;2025-11-22;18;724
50;2025-11-22;19;721
50;2025-11-22;20;564
50;2025-11-22;21;425
50;2025-11-22;22;243
50;2025-11-22;23;149
50;2025-11-23;0;51
50;2025-11-23;1;8
50;2025-11-23;2;0
50;2025-11-23;3;0
50;2025-11-23;4;3
50;2025-11-23;5;27
50;2025-11-23;6;121
50;2025-11-23;7;242
50;2025-11-23;8;365
50;2025-11-23;9;495
50;2025-11-23;10;543
50;2025-11-23;11;637
50;2025-11-23;12;707
50;2025-11-23;13;825
50;2025-11-23;14;838
50;2025-11-23;15;726
50;2025-11-23;16;704
50;2025-11-23;17;817
50;2025-11-23;18;787
50;2025-11-23;19;691
50;2025-11-23;20;557
50;2025-11-23;21;481
50;2025-11-23;22;270
50;2025-11-23;23;124
50;2025-11-24;0;21
50;2025-11-24;1;4
50;2025-11-24;2;0
50;2025-11-24;3;0
50;2025-11-24;4;4
50;2025-11-24;5;69
50;2025-11-24;6;543
50;2025-11-24;7;1744
50;2025-11-24;8;2879
50;2025-11-24;9;2286
50;2025-11-24;10;1759
50;2025-11-24;11;1569
50;2025-11-24;12;1546
50;2025-11-24;13;1612
50;2025-11-24;14;1549
50;2025-11-24;15;1748
50;2025-11-24;16;1769
50;2025-11-24;17;2430
50;2025-11-24;18;2491
50;2025-11-24;19;1386
50;2025-11-24;20;918
50;2025-11-24;21;631
50;2025-11-24;22;228
50;2025-11-24;23;133
50;2025-11-25;0;24
50;2025-11-25;1;4
50;2025-11-25;2;0
50;2025-11-25;3;0
50;2025-11-25;4;4
50;2025-11-25;5;73
50;2025-11-25;6;560
50;2025-11-25;7;1802
50;2025-11-25;8;2969
50;2025-11-25;9;2326
50;2025-11-25;10;1838
50;2025-11-25;11;1630
50;2025-11-25;12;1663
50;2025-11-25;13;1690
50;2025-11-25;14;1592
50;2025-11-25;15;1820
50;2025-11-25;16;1826
50;2025-11-25;17;2538
50;2025-11-25;18;2574
50;2025-11-25;19;1482
50;2025-11-25;20;957
50;2025-11-25;21;641
50;2025-11-25;22;236
50;2025-11-25;23;142
50;2025-11-26;0;27
50;2025-11-26;1;4
50;2025-11-26;2;0
50;2025-11-26;3;0
50;2025-11-26;4;5
50;2025-11-26;5;75
50;2025-11-26;6;559
50;2025-11-26;7;1761
50;2025-11-26;8;2926
50;2025-11-26;9;2316
50;2025-11-26;10;1810
50;2025-11-26;11;1628
50;2025-11-26;12;1614
50;2025-11-26;13;1638
50;2025-11-26;14;1586
50;2025-11-26;15;1799
50;2025-11-26;16;1840
50;2025-11-26;17;2477
50;2025-11-26;18;2513
50;2025-11-26;19;1498
50;2025-11-26;20;935
50;2025-11-26;21;649
50;2025-11-26;22;253
50;2025-11-26;23;145
50;2025-11-27;0;30
50;2025-11-27;1;3
50;2025-11-27;2;0
50;2025-11-27;3;0
50;2025-11-27;4;4
50;2025-11-27;5;76
50;2025-11-27;6;570
50;2025-11-27;7;1778
50;2025-11-27;8;2901
50;2025-11-27;9;2274
50;2025-11-27;10;1789
50;2025-11-27;11;1636
50;2025-11-27;12;1607
50;2025-11-27;13;1653
50;2025-11-27;14;1597
50;2025-11-27;15;1794
50;2025-11-27;16;1855
50;2025-11-27;17;2442
50;2025-11-27;18;2540
50;2025-11-27;19;1492
50;2025-11-27;20;981
50;2025-11-27;21;677
50;2025-11-27;22;258
50;2025-11-27;23;160
50;2025-11-28;0;33
50;2025-11-28;1;3
50;2025-11-28;2;0
50;2025-11-28;3;0
50;2025-11-28;4;6
50;2025-11-28;5;76
50;2025-11-28;6;562
50;2025-11-28;7;1746
50;2025-11-28;8;2852
50;2025-11-28;9;2226
50;2025-11-28;10;1742
50;2025-11-28;11;1634
50;2025-11-28;12;1656
50;2025-11-28;13;1681
50;2025-11-28;14;1628
50;2025-11-28;15;1894
50;2025-11-28;16;2094
50;2025-11-28;17;2296
50;2025-11-28;18;2025
50;2025-11-28;19;1331
50;2025-11-28;20;899
50;2025-11-28;21;605
50;2025-11-28;22;270
50;2025-11-28;23;178
50;2025-11-29;0;88
50;2025-11-29;1;7
50;2025-11-29;2;0
50;2025-11-29;3;0
50;2025-11-29;4;4
50;2025-11-29;5;36
50;2025-11-29;6;184
50;2025-11-29;7;425
50;2025-11-29;8;679
50;2025-11-29;9;751
50;2025-11-29;10;712
50;2025-11-29;11;899
50;2025-11-29;12;967
50;2025-11-29;13;988
50;2025-11-29;14;982
50;2025-11-29;15;929
50;2025-11-29;16;903
50;2025-11-29;17;833
50;2025-11-29;18;721
50;2025-11-29;19;717
50;2025-11-29;20;562
50;2025-11-29;21;424
50;2025-11-29;22;242
50;2025-11-29;23;148
50;2025-11-30;0;51
50;2025-11-30;1;9
50;2025-11-30;2;0
50;2025-11-30;3;0
50;2025-11-30;4;3
50;2025-11-30;5;27
50;2025-11-30;6;121
50;2025-11-30;7;241
50;2025-11-30;8;363
50;2025-11-30;9;493
50;2025-11-30;10;541
50;2025-11-30;11;635
50;2025-11-30;12;706
50;2025-11-30;13;822
50;2025-11-30;14;834
50;2025-11-30;15;723
50;2025-11-30;16;702
50;2025-11-30;17;813
50;2025-11-30;18;784
50;2025-11-30;19;688
50;2025-11-30;20;555
50;2025-11-30;21;479
50;2025-11-30;22;269
50;2025-11-30;23;124
50;2025-12-01;0;19
50;2025-12-01;1;4
50;2025-12-01;2;0
50;2025-12-01;3;0
50;2025-12-01;4;4
50;2025-12-01;5;70
50;2025-12-01;6;549
50;2025-12-01;7;1745
50;2025-12-01;8;2917
50;2025-12-01;9;2295
50;2025-12-01;10;1775
50;2025-12-01;11;1604
50;2025-12-01;12;1589
50;2025-12-01;13;1640
50;2025-12-01;14;1570
50;2025-12-01;15;1796
50;2025-12-01;16;1808
50;2025-12-01;17;2425
50;2025-12-01;18;2564
50;2025-12-01;19;1445
50;2025-12-01;20;916
50;2025-12-01;21;608
50;2025-12-01;22;226
50;2025-12-01;23;131
50;2025-12-02;0;24
50;2025-12-02;1;4
50;2025-12-02;2;0
50;2025-12-02;3;0
50;2025-12-02;4;4
50;2025-12-02;5;73
50;2025-12-02;6;559
50;2025-12-02;7;1773
50;2025-12-02;8;2934
50;2025-12-02;9;2283
50;2025-12-02;10;1804
50;2025-12-02;11;1614
50;2025-12-02;12;1625
50;2025-12-02;13;1646
50;2025-12-02;14;1564
50;2025-12-02;15;1796
50;2025-12-02;16;1814
50;2025-12-02;17;2480
50;2025-12-02;18;2544
50;2025-12-02;19;1466
50;2025-12-02;20;953
50;2025-12-02;21;628
50;2025-12-02;22;236
50;2025-12-02;23;140
50;2025-12-03;0;26
50;2025-12-03;1;4
50;2025-12-03;2;0
50;2025-12-03;3;0
50;2025-12-03;4;4
50;2025-12-03;5;75
50;2025-12-03;6;554
50;2025-12-03;7;1736
50;2025-12-03;8;2904
50;2025-12-03;9;2282
50;2025-12-03;10;1799
50;2025-12-03;11;1634
50;2025-12-03;12;1627
50;2025-12-03;13;1644
50;2025-12-03;14;1594
50;2025-12-03;15;1794
50;2025-12-03;16;1843
50;2025-12-03;17;2455
50;2025-12-03;18;2503
50;2025-12-03;19;1484
50;2025-12-03;20;924
50;2025-12-03;21;637
50;2025-12-03;22;249
50;2025-12-03;23;148
50;2025-12-04;0;28
50;2025-12-04;1;4
50;2025-12-04;2;0
50;2025-12-04;3;0
50;2025-12-04;4;4
50;2025-12-04;5;75
50;2025-12-04;6;555
50;2025-12-04;7;1756
50;2025-12-04;8;2882
50;2025-12-04;9;2281
50;2025-12-04;10;1809
50;2025-12-04;11;1635
50;2025-12-04;12;1646
50;2025-12-04;13;1655
50;2025-12-04;14;1598
50;2025-12-04;15;1803
50;2025-12-04;16;1846
50;2025-12-04;17;2447
50;2025-12-04;18;2535
50;2025-12-04;19;1487
50;2025-12-04;20;972
50;2025-12-04;21;675
50;2025-12-04;22;259
50;2025-12-04;23;162
50;2025-12-05;0;33
50;2025-12-05;1;4
50;2025-12-05;2;0
50;2025-12-05;3;0
50;2025-12-05;4;4
50;2025-12-05;5;74
50;2025-12-05;6;562
50;2025-12-05;7;1742
50;2025-12-05;8;2837
50;2025-12-05;9;2204
50;2025-12-05;10;1729
50;2025-12-05;11;1635
50;2025-12-05;12;1665
50;2025-12-05;13;1703
50;2025-12-05;14;1625
50;2025-12-05;15;1911
50;2025-12-05;16;2120
50;2025-12-05;17;2289
50;2025-12-05;18;2025
50;2025-12-05;19;1319
50;2025-12-05;20;896
50;2025-12-05;21;601
50;2025-12-05;22;273
50;2025-12-05;23;178
50;2025-12-06;0;87
50;2025-12-06;1;6
50;2025-12-06;2;0
50;2025-12-06;3;0
50;2025-12-06;4;3
50;2025-12-06;5;37
50;2025-12-06;6;189
50;2025-12-06;7;436
50;2025-12-06;8;698
50;2025-12-06;9;772
50;2025-12-06;10;732
50;2025-12-06;11;922
50;2025-12-06;12;993
50;2025-12-06;13;1016
50;2025-12-06;14;1010
50;2025-12-06;15;955
50;2025-12-06;16;929
50;2025-12-06;17;856
50;2025-12-06;18;742
50;2025-12-06;19;734
50;2025-12-06;20;577
50;2025-12-06;21;437
50;2025-12-06;22;248
50;2025-12-06;23;150
50;2025-12-07;0;54
50;2025-12-07;1;8
50;2025-12-07;2;0
50;2025-12-07;3;0
50;2025-12-07;4;2
50;2025-12-07;5;26
50;2025-12-07;6;123
50;2025-12-07;7;246
50;2025-12-07;8;370
50;2025-12-07;9;504
50;2025-12-07;10;557
50;2025-12-07;11;650
50;2025-12-07;12;721
50;2025-12-07;13;838
50;2025-12-07;14;853
50;2025-12-07;15;738
50;2025-12-07;16;718
50;2025-12-07;17;813
50;2025-12-07;18;780
50;2025-12-07;19;694
50;2025-12-07;20;561
50;2025-12-07;21;472
50;2025-12-07;22;268
50;2025-12-07;23;128
50;2025-12-08;0;21
50;2025-12-08;1;4
50;2025-12-08;2;0
50;2025-12-08;3;0
50;2025-12-08;4;4
50;2025-12-08;5;70
50;2025-12-08;6;548
50;2025-12-08;7;1735
50;2025-12-08;8;2895
50;2025-12-08;9;2272
50;2025-12-08;10;1763
50;2025-12-08;11;1602
50;2025-12-08;12;1581
50;2025-12-08;13;1641
50;2025-12-08;14;1559
50;2025-12-08;15;1787
50;2025-12-08;16;1812
50;2025-12-08;17;2414
50;2025-12-08;18;2543
50;2025-12-08;19;1437
50;2025-12-08;20;910
50;2025-12-08;21;608
50;2025-12-08;22;228
50;2025-12-08;23;132
50;2025-12-09;0;24
50;2025-12-09;1;3
50;2025-12-09;2;0
50;2025-12-09;3;0
50;2025-12-09;4;4
50;2025-12-09;5;74
50;2025-12-09;6;571
50;2025-12-09;7;1777
50;2025-12-09;8;2949
50;2025-12-09;9;2303
50;2025-12-09;10;1824
50;2025-12-09;11;1635
50;2025-12-09;12;1658
50;2025-12-09;13;1690
50;2025-12-09;14;1617
50;2025-12-09;15;1817
50;2025-12-09;16;1835
50;2025-12-09;17;2510
50;2025-12-09;18;2571
50;2025-12-09;19;1477
50;2025-12-09;20;943
50;2025-12-09;21;626
50;2025-12-09;22;234
50;2025-12-09;23;139
50;2025-12-10;0;25
50;2025-12-10;1;4
50;2025-12-10;2;0
50;2025-12-10;3;0
50;2025-12-10;4;4
50;2025-12-10;5;75
50;2025-12-10;6;562
50;2025-12-10;7;1756
50;2025-12-10;8;2918
50;2025-12-10;9;2312
50;2025-12-10;10;1826
50;2025-12-10;11;1653
50;2025-12-10;12;1651
50;2025-12-10;13;1680
50;2025-12-10;14;1629
50;2025-12-10;15;1814
50;2025-12-10;16;1856
50;2025-12-10;17;2491
50;2025-12-10;18;2525
50;2025-12-10;19;1512
50;2025-12-10;20;929
50;2025-12-10;21;646
50;2025-12-10;22;251
50;2025-12-10;23;153
50;2025-12-11;0;31
50;2025-12-11;1;4
50;2025-12-11;2;0
50;2025-12-11;3;0
50;2025-12-11;4;4
50;2025-12-11;5;76
50;2025-12-11;6;572
50;2025-12-11;7;1763
50;2025-12-11;8;2878
50;2025-12-11;9;2262
50;2025-12-11;10;1783
50;2025-12-11;11;1634
50;2025-12-11;12;1620
50;2025-12-11;13;1674
50;2025-12-11;14;1614
50;2025-12-11;15;1807
50;2025-12-11;16;1850
50;2025-12-11;17;2447
50;2025-12-11;18;2553
50;2025-12-11;19;1501
50;2025-12-11;20;967
50;2025-12-11;21;671
50;2025-12-11;22;259
50;2025-12-11;23;160
50;2025-12-12;0;34
50;2025-12-12;1;3
50;2025-12-12;2;0
50;2025-12-12;3;0
50;2025-12-12;4;5
50;2025-12-12;5;77
50;2025-12-12;6;562
50;2025-12-12;7;1725
50;2025-12-12;8;2833
50;2025-12-12;9;2195
50;2025-12-12;10;1726
50;2025-12-12;11;1610
50;2025-12-12;12;1658
50;2025-12-12;13;1736
50;2025-12-12;14;1639
50;2025-12-12;15;1938
50;2025-12-12;16;2113
50;2025-12-12;17;2269
50;2025-12-12;18;2015
50;2025-12-12;19;1300
50;2025-12-12;20;881
50;2025-12-12;21;597
50;2025-12-12;22;267
50;2025-12-12;23;177
50;2025-12-13;0;87
50;2025-12-13;1;6
50;2025-12-13;2;0
50;2025-12-13;3;0
50;2025-12-13;4;3
50;2025-12-13;5;36
50;2025-12-13;6;189
50;2025-12-13;7;436
50;2025-12-13;8;697
50;2025-12-13;9;771
50;2025-12-13;10;731
50;2025-12-13;11;921
50;2025-12-13;12;993
50;2025-12-13;13;1016
50;2025-12-13;14;1011
50;2025-12-13;15;956
50;2025-12-13;16;929
50;2025-12-13;17;857
50;2025-12-13;18;742
50;2025-12-13;19;733
50;2025-12-13;20;576
50;2025-12-13;21;435
50;2025-12-13;22;247
50;2025-12-13;23;150
50;2025-12-14;0;54
50;2025-12-14;1;8
50;2025-12-14;2;0
50;2025-12-14;3;0
50;2025-12-14;4;2
50;2025-12-14;5;26
50;2025-12-14;6;123
50;2025-12-14;7;247
50;2025-12-14;8;369
50;2025-12-14;9;504
50;2025-12-14;10;557
50;2025-12-14;11;650
50;2025-12-14;12;720
50;2025-12-14;13;838
50;2025-12-14;14;853
50;2025-12-14;15;737
50;2025-12-14;16;718
50;2025-12-14;17;812
50;2025-12-14;18;779
50;2025-12-14;19;693
50;2025-12-14;20;561
50;2025-12-14;21;472
50;2025-12-14;22;267
50;2025-12-14;23;127
50;2025-12-15;0;21
50;2025-12-15;1;4
50;2025-12-15;2;0
50;2025-12-15;3;0
50;2025-12-15;4;4
50;2025-12-15;5;70
50;2025-12-15;6;549
50;2025-12-15;7;1741
50;2025-12-15;8;2900
50;2025-12-15;9;2284
50;2025-12-15;10;1774
50;2025-12-15;11;1620
50;2025-12-15;12;1577
50;2025-12-15;13;1642
50;2025-12-15;14;1553
50;2025-12-15;15;1803
50;2025-12-15;16;1796
50;2025-12-15;17;2430
50;2025-12-15;18;2557
50;2025-12-15;19;1454
50;2025-12-15;20;913
50;2025-12-15;21;615
50;2025-12-15;22;229
50;2025-12-15;23;131
50;2025-12-16;0;25
50;2025-12-16;1;3
50;2025-12-16;2;0
50;2025-12-16;3;0
50;2025-12-16;4;4
50;2025-12-16;5;74
50;2025-12-16;6;581
50;2025-12-16;7;1791
50;2025-12-16;8;2961
50;2025-12-16;9;2332
50;2025-12-16;10;1835
50;2025-12-16;11;1659
50;2025-12-16;12;1643
50;2025-12-16;13;1687
50;2025-12-16;14;1600
50;2025-12-16;15;1802
50;2025-12-16;16;1857
50;2025-12-16;17;2544
50;2025-12-16;18;2593
50;2025-12-16;19;1505
50;2025-12-16;20;960
50;2025-12-16;21;636
50;2025-12-16;22;243
50;2025-12-16;23;142
50;2025-12-17;0;25
50;2025-12-17;1;4
50;2025-12-17;2;0
50;2025-12-17;3;0
50;2025-12-17;4;4
50;2025-12-17;5;76
50;2025-12-17;6;561
50;2025-12-17;7;1749
50;2025-12-17;8;2892
50;2025-12-17;9;2268
50;2025-12-17;10;1804
50;2025-12-17;11;1645
50;2025-12-17;12;1631
50;2025-12-17;13;1676
50;2025-12-17;14;1614
50;2025-12-17;15;1810
50;2025-12-17;16;1848
50;2025-12-17;17;2463
50;2025-12-17;18;2513
50;2025-12-17;19;1497
50;2025-12-17;20;916
50;2025-12-17;21;641
50;2025-12-17;22;252
50;2025-12-17;23;152
50;2025-12-18;0;31
50;2025-12-18;1;4
50;2025-12-18;2;0
50;2025-12-18;3;0
50;2025-12-18;4;4
50;2025-12-18;5;76
50;2025-12-18;6;567
50;2025-12-18;7;1758
50;2025-12-18;8;2871
50;2025-12-18;9;2267
50;2025-12-18;10;1809
50;2025-12-18;11;1652
50;2025-12-18;12;1639
50;2025-12-18;13;1675
50;2025-12-18;14;1607
50;2025-12-18;15;1814
50;2025-12-18;16;1854
50;2025-12-18;17;2451
50;2025-12-18;18;2552
50;2025-12-18;19;1496
50;2025-12-18;20;963
50;2025-12-18;21;674
50;2025-12-18;22;263
50;2025-12-18;23;163
50;2025-12-19;0;35
50;2025-12-19;1;3
50;2025-12-19;2;0
50;2025-12-19;3;0
50;2025-12-19;4;5
50;2025-12-19;5;77
50;2025-12-19;6;567
50;2025-12-19;7;1738
50;2025-12-19;8;2826
50;2025-12-19;9;2197
50;2025-12-19;10;1724
50;2025-12-19;11;1634
50;2025-12-19;12;1646
50;2025-12-19;13;1699
50;2025-12-19;14;1616
50;2025-12-19;15;1921
50;2025-12-19;16;2105
50;2025-12-19;17;2285
50;2025-12-19;18;2031
50;2025-12-19;19;1319
50;2025-12-19;20;890
50;2025-12-19;21;601
50;2025-12-19;22;273
50;2025-12-19;23;178
50;2025-12-20;0;87
50;2025-12-20;1;6
50;2025-12-20;2;0
50;2025-12-20;3;0
50;2025-12-20;4;3
50;2025-12-20;5;36
50;2025-12-20;6;189
50;2025-12-20;7;436
50;2025-12-20;8;697
50;2025-12-20;9;771
50;2025-12-20;10;731
50;2025-12-20;11;921
50;2025-12-20;12;994
50;2025-12-20;13;1017
50;2025-12-20;14;1011
50;2025-12-20;15;955
50;2025-12-20;16;930
50;2025-12-20;17;856
50;2025-12-20;18;741
50;2025-12-20;19;733
50;2025-12-20;20;576
50;2025-12-20;21;435
50;2025-12-20;22;247
50;2025-12-20;23;150
50;2025-12-21;0;54
50;2025-12-21;1;8
50;2025-12-21;2;0
50;2025-12-21;3;0
50;2025-12-21;4;2
50;2025-12-21;5;26
50;2025-12-21;6;123
50;2025-12-21;7;247
50;2025-12-21;8;370
50;2025-12-21;9;504
50;2025-12-21;10;557
50;2025-12-21;11;650
50;2025-12-21;12;720
50;2025-12-21;13;838
50;2025-12-21;14;853
50;2025-12-21;15;737
50;2025-12-21;16;718
50;2025-12-21;17;812
50;2025-12-21;18;779
50;2025-12-21;19;694
50;2025-12-21;20;561
50;2025-12-21;21;472
50;2025-12-21;22;267
50;2025-12-21;23;127
50;2025-12-22;0;22
50;2025-12-22;1;4
50;2025-12-22;2;0
50;2025-12-22;3;0
50;2025-12-22;4;4
50;2025-12-22;5;71
50;2025-12-22;6;551
50;2025-12-22;7;1720
50;2025-12-22;8;2850
50;2025-12-22;9;2244
50;2025-12-22;10;1745
50;2025-12-22;11;1587
50;2025-12-22;12;1545
50;2025-12-22;13;1625
50;2025-12-22;14;1553
50;2025-12-22;15;1786
50;2025-12-22;16;1802
50;2025-12-22;17;2391
50;2025-12-22;18;2510
50;2025-12-22;19;1427
50;2025-12-22;20;902
50;2025-12-22;21;605
50;2025-12-22;22;228
50;2025-12-22;23;132
50;2025-12-23;0;24
50;2025-12-23;1;3
50;2025-12-23;2;0
50;2025-12-23;3;0
50;2025-12-23;4;4
50;2025-12-23;5;73
50;2025-12-23;6;580
50;2025-12-23;7;1748
50;2025-12-23;8;2862
50;2025-12-23;9;2238
50;2025-12-23;10;1788
50;2025-12-23;11;1617
50;2025-12-23;12;1622
50;2025-12-23;13;1672
50;2025-12-23;14;1590
50;2025-12-23;15;1841
50;2025-12-23;16;1804
50;2025-12-23;17;2456
50;2025-12-23;18;2569
50;2025-12-23;19;1455
50;2025-12-23;20;931
50;2025-12-23;21;612
50;2025-12-23;22;239
50;2025-12-23;23;140
50;2025-12-24;0;27
50;2025-12-24;1;4
50;2025-12-24;2;0
50;2025-12-24;3;0
50;2025-12-24;4;4
50;2025-12-24;5;75
50;2025-12-24;6;568
50;2025-12-24;7;1740
50;2025-12-24;8;2904
50;2025-12-24;9;2319
50;2025-12-24;10;1828
50;2025-12-24;11;1683
50;2025-12-24;12;1644
50;2025-12-24;13;1680
50;2025-12-24;14;1633
50;2025-12-24;15;1820
50;2025-12-24;16;1865
50;2025-12-24;17;2515
50;2025-12-24;18;2538
50;2025-12-24;19;1533
50;2025-12-24;20;942
50;2025-12-24;21;653
50;2025-12-24;22;259
50;2025-12-24;23;149
50;2025-12-25;0;34
50;2025-12-25;1;4
50;2025-12-25;2;0
50;2025-12-25;3;0
50;2025-12-25;4;4
50;2025-12-25;5;76
50;2025-12-25;6;573
50;2025-12-25;7;1755
50;2025-12-25;8;2869
50;2025-12-25;9;2257
50;2025-12-25;10;1801
50;2025-12-25;11;1658
50;2025-12-25;12;1618
50;2025-12-25;13;1676
50;2025-12-25;14;1612
50;2025-12-25;15;1822
50;2025-12-25;16;1859
50;2025-12-25;17;2448
50;2025-12-25;18;2521
50;2025-12-25;19;1478
50;2025-12-25;20;950
50;2025-12-25;21;670
50;2025-12-25;22;263
50;2025-12-25;23;159
50;2025-12-26;0;36
50;2025-12-26;1;4
50;2025-12-26;2;0
50;2025-12-26;3;0
50;2025-12-26;4;5
50;2025-12-26;5;77
50;2025-12-26;6;572
50;2025-12-26;7;1727
50;2025-12-26;8;2773
50;2025-12-26;9;2173
50;2025-12-26;10;1698
50;2025-12-26;11;1609
50;2025-12-26;12;1602
50;2025-12-26;13;1674
50;2025-12-26;14;1622
50;2025-12-26;15;1884
50;2025-12-26;16;2077
50;2025-12-26;17;2258
50;2025-12-26;18;1999
50;2025-12-26;19;1324
50;2025-12-26;20;874
50;2025-12-26;21;597
50;2025-12-26;22;271
50;2025-12-26;23;180
50;2025-12-27;0;87
50;2025-12-27;1;6
50;2025-12-27;2;0
50;2025-12-27;3;0
50;2025-12-27;4;3
50;2025-12-27;5;36
50;2025-12-27;6;188
50;2025-12-27;7;436
50;2025-12-27;8;696
50;2025-12-27;9;770
50;2025-12-27;10;730
50;2025-12-27;11;920
50;2025-12-27;12;994
50;2025-12-27;13;1016
50;2025-12-27;14;1010
50;2025-12-27;15;955
50;2025-12-27;16;929
50;2025-12-27;17;855
50;2025-12-27;18;740
50;2025-12-27;19;731
50;2025-12-27;20;575
50;2025-12-27;21;434
50;2025-12-27;22;247
50;2025-12-27;23;150
50;2025-12-28;0;54
50;2025-12-28;1;8
50;2025-12-28;2;0
50;2025-12-28;3;0
50;2025-12-28;4;2
50;2025-12-28;5;26
50;2025-12-28;6;123
50;2025-12-28;7;247
50;2025-12-28;8;370
50;2025-12-28;9;458
50;2025-12-28;10;410
50;2025-12-28;11;650
50;2025-12-28;12;721
50;2025-12-28;13;838
50;2025-12-28;14;853
50;2025-12-28;15;737
50;2025-12-28;16;718
50;2025-12-28;17;810
50;2025-12-28;18;777
50;2025-12-28;19;692
50;2025-12-28;20;560
50;2025-12-28;21;472
50;2025-12-28;22;267
50;2025-12-28;23;126
50;2025-12-29;0;22
50;2025-12-29;1;4
50;2025-12-29;2;0
50;2025-12-29;3;0
50;2025-12-29;4;5
50;2025-12-29;5;62
50;2025-12-29;6;503
50;2025-12-29;7;1541
50;2025-12-29;8;2537
50;2025-12-29;9;1989
50;2025-12-29;10;1555
50;2025-12-29;11;1437
50;2025-12-29;12;1377
50;2025-12-29;13;1445
50;2025-12-29;14;1366
50;2025-12-29;15;1601
50;2025-12-29;16;1603
50;2025-12-29;17;2133
50;2025-12-29;18;2264
50;2025-12-29;19;1285
50;2025-12-29;20;802
50;2025-12-29;21;538
50;2025-12-29;22;214
50;2025-12-29;23;118
50;2025-12-30;0;26
50;2025-12-30;1;4
50;2025-12-30;2;0
50;2025-12-30;3;0
50;2025-12-30;4;5
50;2025-12-30;5;66
50;2025-12-30;6;527
50;2025-12-30;7;1578
50;2025-12-30;8;2571
50;2025-12-30;9;1995
50;2025-12-30;10;1595
50;2025-12-30;11;1462
50;2025-12-30;12;1422
50;2025-12-30;13;1476
50;2025-12-30;14;1400
50;2025-12-30;15;1614
50;2025-12-30;16;1636
50;2025-12-30;17;2204
50;2025-12-30;18;2247
50;2025-12-30;19;1307
50;2025-12-30;20;834
50;2025-12-30;21;554
50;2025-12-30;22;221
50;2025-12-30;23;125
50;2025-12-31;0;45
50;2025-12-31;1;6
50;2025-12-31;2;0
50;2025-12-31;3;0
50;2025-12-31;4;2
50;2025-12-31;5;23
50;2025-12-31;6;110
50;2025-12-31;7;216
50;2025-12-31;8;322
50;2025-12-31;9;431
50;2025-12-31;10;476
50;2025-12-31;11;562
50;2025-12-31;12;614
50;2025-12-31;13;705
50;2025-12-31;14;716
50;2025-12-31;15;622
50;2025-12-31;16;619
50;2025-12-31;17;700
50;2025-12-31;18;660
50;2025-12-31;19;612
50;2025-12-31;20;0
50;2025-12-31;21;0
50;2025-12-31;22;0
50;2025-12-31;23;0
