route;date;hour;prediction
1;2025-11-01;0;4
1;2025-11-01;1;0
1;2025-11-01;2;0
1;2025-11-01;3;0
1;2025-11-01;4;7
1;2025-11-01;5;108
1;2025-11-01;6;437
1;2025-11-01;7;1330
1;2025-11-01;8;1704
1;2025-11-01;9;1308
1;2025-11-01;10;1237
1;2025-11-01;11;1257
1;2025-11-01;12;1300
1;2025-11-01;13;1361
1;2025-11-01;14;1316
1;2025-11-01;15;1397
1;2025-11-01;16;1406
1;2025-11-01;17;1611
1;2025-11-01;18;1563
1;2025-11-01;19;1193
1;2025-11-01;20;780
1;2025-11-01;21;431
1;2025-11-01;22;168
1;2025-11-01;23;35
1;2025-11-02;0;0
1;2025-11-02;1;0
1;2025-11-02;2;0
1;2025-11-02;3;0
1;2025-11-02;4;0
1;2025-11-02;5;23
1;2025-11-02;6;124
1;2025-11-02;7;290
1;2025-11-02;8;390
1;2025-11-02;9;640
1;2025-11-02;10;739
1;2025-11-02;11;784
1;2025-11-02;12;877
1;2025-11-02;13;931
1;2025-11-02;14;876
1;2025-11-02;15;793
1;2025-11-02;16;710
1;2025-11-02;17;645
1;2025-11-02;18;577
1;2025-11-02;19;489
1;2025-11-02;20;373
1;2025-11-02;21;282
1;2025-11-02;22;102
1;2025-11-02;23;28
1;2025-11-03;0;0
1;2025-11-03;1;0
1;2025-11-03;2;0
1;2025-11-03;3;0
1;2025-11-03;4;0
1;2025-11-03;5;28
1;2025-11-03;6;138
1;2025-11-03;7;331
1;2025-11-03;8;416
1;2025-11-03;9;598
1;2025-11-03;10;668
1;2025-11-03;11;681
1;2025-11-03;12;788
1;2025-11-03;13;840
1;2025-11-03;14;796
1;2025-11-03;15;717
1;2025-11-03;16;659
1;2025-11-03;17;649
1;2025-11-03;18;632
1;2025-11-03;19;529
1;2025-11-03;20;393
1;2025-11-03;21;287
1;2025-11-03;22;106
1;2025-11-03;23;28
1;2025-11-04;0;0
1;2025-11-04;1;0
1;2025-11-04;2;0
1;2025-11-04;3;0
1;2025-11-04;4;0
1;2025-11-04;5;26
1;2025-11-04;6;130
1;2025-11-04;7;312
1;2025-11-04;8;384
1;2025-11-04;9;581
1;2025-11-04;10;651
1;2025-11-04;11;652
1;2025-11-04;12;768
1;2025-11-04;13;822
1;2025-11-04;14;766
1;2025-11-04;15;679
1;2025-11-04;16;636
1;2025-11-04;17;611
1;2025-11-04;18;587
1;2025-11-04;19;500
1;2025-11-04;20;384
1;2025-11-04;21;284
1;2025-11-04;22;107
1;2025-11-04;23;28
1;2025-11-05;0;6
1;2025-11-05;1;0
1;2025-11-05;2;0
1;2025-11-05;3;0
1;2025-11-05;4;9
1;2025-11-05;5;132
1;2025-11-05;6;527
1;2025-11-05;7;1542
1;2025-11-05;8;2006
1;2025-11-05;9;1502
1;2025-11-05;10;1386
1;2025-11-05;11;1405
1;2025-11-05;12;1450
1;2025-11-05;13;1530
1;2025-11-05;14;1453
1;2025-11-05;15;1573
1;2025-11-05;16;1582
1;2025-11-05;17;1871
1;2025-11-05;18;1871
1;2025-11-05;19;1419
1;2025-11-05;20;918
1;2025-11-05;21;493
1;2025-11-05;22;200
1;2025-11-05;23;40
1;2025-11-06;0;5
1;2025-11-06;1;0
1;2025-11-06;2;0
1;2025-11-06;3;0
1;2025-11-06;4;8
1;2025-11-06;5;130
1;2025-11-06;6;515
1;2025-11-06;7;1554
1;2025-11-06;8;2015
1;2025-11-06;9;1513
1;2025-11-06;10;1417
1;2025-11-06;11;1410
1;2025-11-06;12;1473
1;2025-11-06;13;1525
1;2025-11-06;14;1467
1;2025-11-06;15;1574
1;2025-11-06;16;1602
1;2025-11-06;17;1872
1;2025-11-06;18;1882
1;2025-11-06;19;1409
1;2025-11-06;20;919
1;2025-11-06;21;498
1;2025-11-06;22;194
1;2025-11-06;23;43
1;2025-11-07;0;5
1;2025-11-07;1;0
1;2025-11-07;2;0
1;2025-11-07;3;0
1;2025-11-07;4;8
1;2025-11-07;5;141
1;2025-11-07;6;514
1;2025-11-07;7;1556
1;2025-11-07;8;1951
1;2025-11-07;9;1495
1;2025-11-07;10;1386
1;2025-11-07;11;1442
1;2025-11-07;12;1463
1;2025-11-07;13;1542
1;2025-11-07;14;1495
1;2025-11-07;15;1632
1;2025-11-07;16;1680
1;2025-11-07;17;1886
1;2025-11-07;18;1678
1;2025-11-07;19;1297
1;2025-11-07;20;867
1;2025-11-07;21;514
1;2025-11-07;22;214
1;2025-11-07;23;51
1;2025-11-08;0;5
1;2025-11-08;1;0
1;2025-11-08;2;0
1;2025-11-08;3;0
1;2025-11-08;4;0
1;2025-11-08;5;30
1;2025-11-08;6;164
1;2025-11-08;7;371
1;2025-11-08;8;508
1;2025-11-08;9;771
1;2025-11-08;10;919
1;2025-11-08;11;910
1;2025-11-08;12;1075
1;2025-11-08;13;1134
1;2025-11-08;14;1037
1;2025-11-08;15;930
1;2025-11-08;16;819
1;2025-11-08;17;765
1;2025-11-08;18;649
1;2025-11-08;19;565
1;2025-11-08;20;443
1;2025-11-08;21;315
1;2025-11-08;22;125
1;2025-11-08;23;28
1;2025-11-09;0;0
1;2025-11-09;1;0
1;2025-11-09;2;0
1;2025-11-09;3;0
1;2025-11-09;4;0
1;2025-11-09;5;23
1;2025-11-09;6;124
1;2025-11-09;7;286
1;2025-11-09;8;383
1;2025-11-09;9;630
1;2025-11-09;10;729
1;2025-11-09;11;772
1;2025-11-09;12;870
1;2025-11-09;13;926
1;2025-11-09;14;877
1;2025-11-09;15;781
1;2025-11-09;16;694
1;2025-11-09;17;637
1;2025-11-09;18;572
1;2025-11-09;19;483
1;2025-11-09;20;372
1;2025-11-09;21;280
1;2025-11-09;22;103
1;2025-11-09;23;28
1;2025-11-10;0;3
1;2025-11-10;1;0
1;2025-11-10;2;0
1;2025-11-10;3;0
1;2025-11-10;4;9
1;2025-11-10;5;133
1;2025-11-10;6;525
1;2025-11-10;7;1562
1;2025-11-10;8;2005
1;2025-11-10;9;1483
1;2025-11-10;10;1366
1;2025-11-10;11;1386
1;2025-11-10;12;1450
1;2025-11-10;13;1510
1;2025-11-10;14;1471
1;2025-11-10;15;1587
1;2025-11-10;16;1607
1;2025-11-10;17;1914
1;2025-11-10;18;1926
1;2025-11-10;19;1441
1;2025-11-10;20;918
1;2025-11-10;21;485
1;2025-11-10;22;176
1;2025-11-10;23;38
1;2025-11-11;0;5
1;2025-11-11;1;0
1;2025-11-11;2;0
1;2025-11-11;3;0
1;2025-11-11;4;10
1;2025-11-11;5;128
1;2025-11-11;6;530
1;2025-11-11;7;1593
1;2025-11-11;8;2020
1;2025-11-11;9;1541
1;2025-11-11;10;1432
1;2025-11-11;11;1440
1;2025-11-11;12;1487
1;2025-11-11;13;1546
1;2025-11-11;14;1469
1;2025-11-11;15;1573
1;2025-11-11;16;1595
1;2025-11-11;17;1888
1;2025-11-11;18;1890
1;2025-11-11;19;1439
1;2025-11-11;20;924
1;2025-11-11;21;499
1;2025-11-11;22;192
1;2025-11-11;23;44
1;2025-11-12;0;5
1;2025-11-12;1;0
1;2025-11-12;2;0
1;2025-11-12;3;0
1;2025-11-12;4;9
1;2025-11-12;5;136
1;2025-11-12;6;534
1;2025-11-12;7;1552
1;2025-11-12;8;2016
1;2025-11-12;9;1519
1;2025-11-12;10;1404
1;2025-11-12;11;1422
1;2025-11-12;12;1466
1;2025-11-12;13;1554
1;2025-11-12;14;1473
1;2025-11-12;15;1596
1;2025-11-12;16;1597
1;2025-11-12;17;1886
1;2025-11-12;18;1880
1;2025-11-12;19;1427
1;2025-11-12;20;927
1;2025-11-12;21;497
1;2025-11-12;22;203
1;2025-11-12;23;42
1;2025-11-13;0;5
1;2025-11-13;1;0
1;2025-11-13;2;0
1;2025-11-13;3;0
1;2025-11-13;4;9
1;2025-11-13;5;129
1;2025-11-13;6;521
1;2025-11-13;7;1568
1;2025-11-13;8;2028
1;2025-11-13;9;1527
1;2025-11-13;10;1436
1;2025-11-13;11;1443
1;2025-11-13;12;1507
1;2025-11-13;13;1566
1;2025-11-13;14;1505
1;2025-11-13;15;1616
1;2025-11-13;16;1632
1;2025-11-13;17;1901
1;2025-11-13;18;1912
1;2025-11-13;19;1424
1;2025-11-13;20;934
1;2025-11-13;21;509
1;2025-11-13;22;198
1;2025-11-13;23;42
1;2025-11-14;0;5
1;2025-11-14;1;0
1;2025-11-14;2;0
1;2025-11-14;3;0
1;2025-11-14;4;8
1;2025-11-14;5;144
1;2025-11-14;6;521
1;2025-11-14;7;1568
1;2025-11-14;8;1958
1;2025-11-14;9;1514
1;2025-11-14;10;1406
1;2025-11-14;11;1466
1;2025-11-14;12;1489
1;2025-11-14;13;1575
1;2025-11-14;14;1525
1;2025-11-14;15;1667
1;2025-11-14;16;1708
1;2025-11-14;17;1909
1;2025-11-14;18;1692
1;2025-11-14;19;1312
1;2025-11-14;20;879
1;2025-11-14;21;514
1;2025-11-14;22;214
1;2025-11-14;23;52
1;2025-11-15;0;5
1;2025-11-15;1;0
1;2025-11-15;2;0
1;2025-11-15;3;0
1;2025-11-15;4;0
1;2025-11-15;5;31
1;2025-11-15;6;163
1;2025-11-15;7;358
1;2025-11-15;8;487
1;2025-11-15;9;736
1;2025-11-15;10;876
1;2025-11-15;11;869
1;2025-11-15;12;1048
1;2025-11-15;13;1106
1;2025-11-15;14;1012
1;2025-11-15;15;905
1;2025-11-15;16;799
1;2025-11-15;17;741
1;2025-11-15;18;637
1;2025-11-15;19;557
1;2025-11-15;20;431
1;2025-11-15;21;309
1;2025-11-15;22;124
1;2025-11-15;23;31
1;2025-11-16;0;0
1;2025-11-16;1;0
1;2025-11-16;2;0
1;2025-11-16;3;0
1;2025-11-16;4;0
1;2025-11-16;5;25
1;2025-11-16;6;124
1;2025-11-16;7;287
1;2025-11-16;8;384
1;2025-11-16;9;631
1;2025-11-16;10;735
1;2025-11-16;11;788
1;2025-11-16;12;884
1;2025-11-16;13;941
1;2025-11-16;14;884
1;2025-11-16;15;796
1;2025-11-16;16;712
1;2025-11-16;17;642
1;2025-11-16;18;577
1;2025-11-16;19;492
1;2025-11-16;20;379
1;2025-11-16;21;285
1;2025-11-16;22;106
1;2025-11-16;23;31
1;2025-11-17;0;3
1;2025-11-17;1;0
1;2025-11-17;2;0
1;2025-11-17;3;0
1;2025-11-17;4;9
1;2025-11-17;5;135
1;2025-11-17;6;524
1;2025-11-17;7;1548
1;2025-11-17;8;1973
1;2025-11-17;9;1471
1;2025-11-17;10;1353
1;2025-11-17;11;1374
1;2025-11-17;12;1437
1;2025-11-17;13;1497
1;2025-11-17;14;1447
1;2025-11-17;15;1571
1;2025-11-17;16;1591
1;2025-11-17;17;1890
1;2025-11-17;18;1905
1;2025-11-17;19;1439
1;2025-11-17;20;922
1;2025-11-17;21;485
1;2025-11-17;22;186
1;2025-11-17;23;40
1;2025-11-18;0;5
1;2025-11-18;1;0
1;2025-11-18;2;0
1;2025-11-18;3;0
1;2025-11-18;4;9
1;2025-11-18;5;131
1;2025-11-18;6;527
1;2025-11-18;7;1548
1;2025-11-18;8;1823
1;2025-11-18;9;1503
1;2025-11-18;10;1383
1;2025-11-18;11;1385
1;2025-11-18;12;1445
1;2025-11-18;13;1500
1;2025-11-18;14;1436
1;2025-11-18;15;1532
1;2025-11-18;16;1563
1;2025-11-18;17;1844
1;2025-11-18;18;1858
1;2025-11-18;19;1426
1;2025-11-18;20;915
1;2025-11-18;21;489
1;2025-11-18;22;192
1;2025-11-18;23;43
1;2025-11-19;0;5
1;2025-11-19;1;0
1;2025-11-19;2;0
1;2025-11-19;3;0
1;2025-11-19;4;9
1;2025-11-19;5;138
1;2025-11-19;6;537
1;2025-11-19;7;1557
1;2025-11-19;8;2024
1;2025-11-19;9;1534
1;2025-11-19;10;1420
1;2025-11-19;11;1451
1;2025-11-19;12;1495
1;2025-11-19;13;1593
1;2025-11-19;14;1509
1;2025-11-19;15;1639
1;2025-11-19;16;1627
1;2025-11-19;17;1905
1;2025-11-19;18;1894
1;2025-11-19;19;1442
1;2025-11-19;20;939
1;2025-11-19;21;506
1;2025-11-19;22;205
1;2025-11-19;23;42
1;2025-11-20;0;5
1;2025-11-20;1;0
1;2025-11-20;2;0
1;2025-11-20;3;0
1;2025-11-20;4;9
1;2025-11-20;5;133
1;2025-11-20;6;527
1;2025-11-20;7;1575
1;2025-11-20;8;2032
1;2025-11-20;9;1536
1;2025-11-20;10;1445
1;2025-11-20;11;1456
1;2025-11-20;12;1520
1;2025-11-20;13;1589
1;2025-11-20;14;1521
1;2025-11-20;15;1643
1;2025-11-20;16;1652
1;2025-11-20;17;1911
1;2025-11-20;18;1914
1;2025-11-20;19;1430
1;2025-11-20;20;940
1;2025-11-20;21;511
1;2025-11-20;22;200
1;2025-11-20;23;42
1;2025-11-21;0;5
1;2025-11-21;1;0
1;2025-11-21;2;0
1;2025-11-21;3;0
1;2025-11-21;4;8
1;2025-11-21;5;142
1;2025-11-21;6;524
1;2025-11-21;7;1564
1;2025-11-21;8;1946
1;2025-11-21;9;1510
1;2025-11-21;10;1408
1;2025-11-21;11;1475
1;2025-11-21;12;1496
1;2025-11-21;13;1583
1;2025-11-21;14;1519
1;2025-11-21;15;1671
1;2025-11-21;16;1708
1;2025-11-21;17;1902
1;2025-11-21;18;1682
1;2025-11-21;19;1297
1;2025-11-21;20;873
1;2025-11-21;21;512
1;2025-11-21;22;215
1;2025-11-21;23;54
1;2025-11-22;0;5
1;2025-11-22;1;0
1;2025-11-22;2;0
1;2025-11-22;3;0
1;2025-11-22;4;0
1;2025-11-22;5;30
1;2025-11-22;6;162
1;2025-11-22;7;359
1;2025-11-22;8;489
1;2025-11-22;9;746
1;2025-11-22;10;888
1;2025-11-22;11;886
1;2025-11-22;12;1063
1;2025-11-22;13;1116
1;2025-11-22;14;1021
1;2025-11-22;15;908
1;2025-11-22;16;808
1;2025-11-22;17;747
1;2025-11-22;18;637
1;2025-11-22;19;554
1;2025-11-22;20;432
1;2025-11-22;21;308
1;2025-11-22;22;121
1;2025-11-22;23;29
1;2025-11-23;0;0
1;2025-11-23;1;0
1;2025-11-23;2;0
1;2025-11-23;3;0
1;2025-11-23;4;0
1;2025-11-23;5;23
1;2025-11-23;6;122
1;2025-11-23;7;282
1;2025-11-23;8;376
1;2025-11-23;9;625
1;2025-11-23;10;723
1;2025-11-23;11;778
1;2025-11-23;12;874
1;2025-11-23;13;925
1;2025-11-23;14;865
1;2025-11-23;15;776
1;2025-11-23;16;702
1;2025-11-23;17;632
1;2025-11-23;18;567
1;2025-11-23;19;480
1;2025-11-23;20;369
1;2025-11-23;21;282
1;2025-11-23;22;105
1;2025-11-23;23;31
1;2025-11-24;0;3
1;2025-11-24;1;0
1;2025-11-24;2;0
1;2025-11-24;3;0
1;2025-11-24;4;9
1;2025-11-24;5;133
1;2025-11-24;6;519
1;2025-11-24;7;1515
1;2025-11-24;8;1939
1;2025-11-24;9;1450
1;2025-11-24;10;1331
1;2025-11-24;11;1351
1;2025-11-24;12;1422
1;2025-11-24;13;1491
1;2025-11-24;14;1454
1;2025-11-24;15;1579
1;2025-11-24;16;1596
1;2025-11-24;17;1870
1;2025-11-24;18;1895
1;2025-11-24;19;1436
1;2025-11-24;20;918
1;2025-11-24;21;485
1;2025-11-24;22;180
1;2025-11-24;23;38
1;2025-11-25;0;5
1;2025-11-25;1;0
1;2025-11-25;2;0
1;2025-11-25;3;0
1;2025-11-25;4;9
1;2025-11-25;5;132
1;2025-11-25;6;536
1;2025-11-25;7;1593
1;2025-11-25;8;2013
1;2025-11-25;9;1555
1;2025-11-25;10;1445
1;2025-11-25;11;1465
1;2025-11-25;12;1509
1;2025-11-25;13;1581
1;2025-11-25;14;1505
1;2025-11-25;15;1624
1;2025-11-25;16;1622
1;2025-11-25;17;1905
1;2025-11-25;18;1896
1;2025-11-25;19;1451
1;2025-11-25;20;936
1;2025-11-25;21;508
1;2025-11-25;22;194
1;2025-11-25;23;45
1;2025-11-26;0;5
1;2025-11-26;1;0
1;2025-11-26;2;0
1;2025-11-26;3;0
1;2025-11-26;4;9
1;2025-11-26;5;136
1;2025-11-26;6;536
1;2025-11-26;7;1533
1;2025-11-26;8;1986
1;2025-11-26;9;1503
1;2025-11-26;10;1392
1;2025-11-26;11;1416
1;2025-11-26;12;1464
1;2025-11-26;13;1559
1;2025-11-26;14;1481
1;2025-11-26;15;1616
1;2025-11-26;16;1592
1;2025-11-26;17;1864
1;2025-11-26;18;1857
1;2025-11-26;19;1408
1;2025-11-26;20;916
1;2025-11-26;21;494
1;2025-11-26;22;202
1;2025-11-26;23;40
1;2025-11-27;0;6
1;2025-11-27;1;0
1;2025-11-27;2;0
1;2025-11-27;3;0
1;2025-11-27;4;9
1;2025-11-27;5;130
1;2025-11-27;6;526
1;2025-11-27;7;1557
1;2025-11-27;8;2001
1;2025-11-27;9;1520
1;2025-11-27;10;1428
1;2025-11-27;11;1430
1;2025-11-27;12;1495
1;2025-11-27;13;1560
1;2025-11-27;14;1491
1;2025-11-27;15;1618
1;2025-11-27;16;1617
1;2025-11-27;17;1878
1;2025-11-27;18;1884
1;2025-11-27;19;1395
1;2025-11-27;20;921
1;2025-11-27;21;498
1;2025-11-27;22;197
1;2025-11-27;23;43
1;2025-11-28;0;6
1;2025-11-28;1;0
1;2025-11-28;2;0
1;2025-11-28;3;0
1;2025-11-28;4;8
1;2025-11-28;5;143
1;2025-11-28;6;524
1;2025-11-28;7;1549
1;2025-11-28;8;1931
1;2025-11-28;9;1499
1;2025-11-28;10;1397
1;2025-11-28;11;1464
1;2025-11-28;12;1487
1;2025-11-28;13;1581
1;2025-11-28;14;1537
1;2025-11-28;15;1680
1;2025-11-28;16;1702
1;2025-11-28;17;1890
1;2025-11-28;18;1683
1;2025-11-28;19;1292
1;2025-11-28;20;871
1;2025-11-28;21;512
1;2025-11-28;22;214
1;2025-11-28;23;53
1;2025-11-29;0;5
1;2025-11-29;1;0
1;2025-11-29;2;0
1;2025-11-29;3;0
1;2025-11-29;4;0
1;2025-11-29;5;30
1;2025-11-29;6;165
1;2025-11-29;7;366
1;2025-11-29;8;497
1;2025-11-29;9;763
1;2025-11-29;10;905
1;2025-11-29;11;906
1;2025-11-29;12;1076
1;2025-11-29;13;1136
1;2025-11-29;14;1037
1;2025-11-29;15;926
1;2025-11-29;16;818
1;2025-11-29;17;759
1;2025-11-29;18;640
1;2025-11-29;19;559
1;2025-11-29;20;436
1;2025-11-29;21;315
1;2025-11-29;22;125
1;2025-11-29;23;32
1;2025-11-30;0;0
1;2025-11-30;1;0
1;2025-11-30;2;0
1;2025-11-30;3;0
1;2025-11-30;4;0
1;2025-11-30;5;23
1;2025-11-30;6;122
1;2025-11-30;7;279
1;2025-11-30;8;372
1;2025-11-30;9;619
1;2025-11-30;10;712
1;2025-11-30;11;760
1;2025-11-30;12;860
1;2025-11-30;13;908
1;2025-11-30;14;849
1;2025-11-30;15;766
1;2025-11-30;16;689
1;2025-11-30;17;626
1;2025-11-30;18;556
1;2025-11-30;19;471
1;2025-11-30;20;363
1;2025-11-30;21;280
1;2025-11-30;22;105
1;2025-11-30;23;31
1;2025-12-01;0;3
1;2025-12-01;1;0
1;2025-12-01;2;0
1;2025-12-01;3;0
1;2025-12-01;4;11
1;2025-12-01;5;132
1;2025-12-01;6;538
1;2025-12-01;7;1568
1;2025-12-01;8;2007
1;2025-12-01;9;1506
1;2025-12-01;10;1393
1;2025-12-01;11;1428
1;2025-12-01;12;1492
1;2025-12-01;13;1566
1;2025-12-01;14;1526
1;2025-12-01;15;1662
1;2025-12-01;16;1644
1;2025-12-01;17;1947
1;2025-12-01;18;1950
1;2025-12-01;19;1458
1;2025-12-01;20;932
1;2025-12-01;21;493
1;2025-12-01;22;177
1;2025-12-01;23;38
1;2025-12-02;0;5
1;2025-12-02;1;0
1;2025-12-02;2;0
1;2025-12-02;3;0
1;2025-12-02;4;9
1;2025-12-02;5;128
1;2025-12-02;6;545
1;2025-12-02;7;1596
1;2025-12-02;8;2015
1;2025-12-02;9;1566
1;2025-12-02;10;1458
1;2025-12-02;11;1477
1;2025-12-02;12;1527
1;2025-12-02;13;1594
1;2025-12-02;14;1511
1;2025-12-02;15;1634
1;2025-12-02;16;1620
1;2025-12-02;17;1917
1;2025-12-02;18;1899
1;2025-12-02;19;1446
1;2025-12-02;20;934
1;2025-12-02;21;503
1;2025-12-02;22;190
1;2025-12-02;23;46
1;2025-12-03;0;5
1;2025-12-03;1;0
1;2025-12-03;2;0
1;2025-12-03;3;0
1;2025-12-03;4;9
1;2025-12-03;5;134
1;2025-12-03;6;549
1;2025-12-03;7;1556
1;2025-12-03;8;2020
1;2025-12-03;9;1542
1;2025-12-03;10;1436
1;2025-12-03;11;1477
1;2025-12-03;12;1520
1;2025-12-03;13;1619
1;2025-12-03;14;1526
1;2025-12-03;15;1668
1;2025-12-03;16;1627
1;2025-12-03;17;1916
1;2025-12-03;18;1892
1;2025-12-03;19;1432
1;2025-12-03;20;937
1;2025-12-03;21;506
1;2025-12-03;22;205
1;2025-12-03;23;44
1;2025-12-04;0;5
1;2025-12-04;1;0
1;2025-12-04;2;0
1;2025-12-04;3;0
1;2025-12-04;4;9
1;2025-12-04;5;127
1;2025-12-04;6;536
1;2025-12-04;7;1571
1;2025-12-04;8;2029
1;2025-12-04;9;1550
1;2025-12-04;10;1464
1;2025-12-04;11;1481
1;2025-12-04;12;1545
1;2025-12-04;13;1610
1;2025-12-04;14;1537
1;2025-12-04;15;1672
1;2025-12-04;16;1657
1;2025-12-04;17;1923
1;2025-12-04;18;1916
1;2025-12-04;19;1426
1;2025-12-04;20;944
1;2025-12-04;21;514
1;2025-12-04;22;199
1;2025-12-04;23;46
1;2025-12-05;0;6
1;2025-12-05;1;0
1;2025-12-05;2;0
1;2025-12-05;3;0
1;2025-12-05;4;8
1;2025-12-05;5;142
1;2025-12-05;6;535
1;2025-12-05;7;1572
1;2025-12-05;8;1956
1;2025-12-05;9;1529
1;2025-12-05;10;1432
1;2025-12-05;11;1513
1;2025-12-05;12;1529
1;2025-12-05;13;1623
1;2025-12-05;14;1562
1;2025-12-05;15;1725
1;2025-12-05;16;1727
1;2025-12-05;17;1927
1;2025-12-05;18;1688
1;2025-12-05;19;1297
1;2025-12-05;20;876
1;2025-12-05;21;518
1;2025-12-05;22;215
1;2025-12-05;23;56
1;2025-12-06;0;5
1;2025-12-06;1;0
1;2025-12-06;2;0
1;2025-12-06;3;0
1;2025-12-06;4;0
1;2025-12-06;5;31
1;2025-12-06;6;165
1;2025-12-06;7;364
1;2025-12-06;8;496
1;2025-12-06;9;764
1;2025-12-06;10;902
1;2025-12-06;11;905
1;2025-12-06;12;1076
1;2025-12-06;13;1131
1;2025-12-06;14;1034
1;2025-12-06;15;923
1;2025-12-06;16;819
1;2025-12-06;17;761
1;2025-12-06;18;635
1;2025-12-06;19;554
1;2025-12-06;20;431
1;2025-12-06;21;314
1;2025-12-06;22;127
1;2025-12-06;23;31
1;2025-12-07;0;0
1;2025-12-07;1;0
1;2025-12-07;2;0
1;2025-12-07;3;0
1;2025-12-07;4;0
1;2025-12-07;5;25
1;2025-12-07;6;121
1;2025-12-07;7;274
1;2025-12-07;8;370
1;2025-12-07;9;615
1;2025-12-07;10;705
1;2025-12-07;11;751
1;2025-12-07;12;854
1;2025-12-07;13;908
1;2025-12-07;14;846
1;2025-12-07;15;761
1;2025-12-07;16;684
1;2025-12-07;17;623
1;2025-12-07;18;542
1;2025-12-07;19;457
1;2025-12-07;20;352
1;2025-12-07;21;271
1;2025-12-07;22;103
1;2025-12-07;23;31
1;2025-12-08;0;3
1;2025-12-08;1;0
1;2025-12-08;2;0
1;2025-12-08;3;0
1;2025-12-08;4;9
1;2025-12-08;5;134
1;2025-12-08;6;540
1;2025-12-08;7;1557
1;2025-12-08;8;1989
1;2025-12-08;9;1498
1;2025-12-08;10;1388
1;2025-12-08;11;1424
1;2025-12-08;12;1490
1;2025-12-08;13;1561
1;2025-12-08;14;1520
1;2025-12-08;15;1659
1;2025-12-08;16;1634
1;2025-12-08;17;1934
1;2025-12-08;18;1937
1;2025-12-08;19;1449
1;2025-12-08;20;927
1;2025-12-08;21;493
1;2025-12-08;22;181
1;2025-12-08;23;41
1;2025-12-09;0;5
1;2025-12-09;1;0
1;2025-12-09;2;0
1;2025-12-09;3;0
1;2025-12-09;4;10
1;2025-12-09;5;131
1;2025-12-09;6;546
1;2025-12-09;7;1589
1;2025-12-09;8;2000
1;2025-12-09;9;1562
1;2025-12-09;10;1454
1;2025-12-09;11;1475
1;2025-12-09;12;1521
1;2025-12-09;13;1594
1;2025-12-09;14;1512
1;2025-12-09;15;1635
1;2025-12-09;16;1618
1;2025-12-09;17;1907
1;2025-12-09;18;1893
1;2025-12-09;19;1448
1;2025-12-09;20;936
1;2025-12-09;21;506
1;2025-12-09;22;195
1;2025-12-09;23;46
1;2025-12-10;0;5
1;2025-12-10;1;0
1;2025-12-10;2;0
1;2025-12-10;3;0
1;2025-12-10;4;9
1;2025-12-10;5;137
1;2025-12-10;6;548
1;2025-12-10;7;1539
1;2025-12-10;8;2002
1;2025-12-10;9;1534
1;2025-12-10;10;1423
1;2025-12-10;11;1465
1;2025-12-10;12;1509
1;2025-12-10;13;1606
1;2025-12-10;14;1516
1;2025-12-10;15;1662
1;2025-12-10;16;1622
1;2025-12-10;17;1897
1;2025-12-10;18;1876
1;2025-12-10;19;1427
1;2025-12-10;20;937
1;2025-12-10;21;507
1;2025-12-10;22;212
1;2025-12-10;23;47
1;2025-12-11;0;5
1;2025-12-11;1;0
1;2025-12-11;2;0
1;2025-12-11;3;0
1;2025-12-11;4;9
1;2025-12-11;5;132
1;2025-12-11;6;535
1;2025-12-11;7;1543
1;2025-12-11;8;1987
1;2025-12-11;9;1519
1;2025-12-11;10;1423
1;2025-12-11;11;1438
1;2025-12-11;12;1504
1;2025-12-11;13;1563
1;2025-12-11;14;1499
1;2025-12-11;15;1639
1;2025-12-11;16;1622
1;2025-12-11;17;1877
1;2025-12-11;18;1875
1;2025-12-11;19;1392
1;2025-12-11;20;929
1;2025-12-11;21;505
1;2025-12-11;22;202
1;2025-12-11;23;47
1;2025-12-12;0;8
1;2025-12-12;1;0
1;2025-12-12;2;0
1;2025-12-12;3;0
1;2025-12-12;4;7
1;2025-12-12;5;143
1;2025-12-12;6;529
1;2025-12-12;7;1539
1;2025-12-12;8;1903
1;2025-12-12;9;1497
1;2025-12-12;10;1401
1;2025-12-12;11;1479
1;2025-12-12;12;1494
1;2025-12-12;13;1572
1;2025-12-12;14;1520
1;2025-12-12;15;1666
1;2025-12-12;16;1675
1;2025-12-12;17;1858
1;2025-12-12;18;1642
1;2025-12-12;19;1269
1;2025-12-12;20;852
1;2025-12-12;21;508
1;2025-12-12;22;213
1;2025-12-12;23;59
1;2025-12-13;0;6
1;2025-12-13;1;0
1;2025-12-13;2;0
1;2025-12-13;3;0
1;2025-12-13;4;0
1;2025-12-13;5;33
1;2025-12-13;6;166
1;2025-12-13;7;362
1;2025-12-13;8;488
1;2025-12-13;9;757
1;2025-12-13;10;888
1;2025-12-13;11;889
1;2025-12-13;12;1062
1;2025-12-13;13;1118
1;2025-12-13;14;1020
1;2025-12-13;15;913
1;2025-12-13;16;810
1;2025-12-13;17;755
1;2025-12-13;18;630
1;2025-12-13;19;557
1;2025-12-13;20;428
1;2025-12-13;21;308
1;2025-12-13;22;131
1;2025-12-13;23;34
1;2025-12-14;0;0
1;2025-12-14;1;0
1;2025-12-14;2;0
1;2025-12-14;3;0
1;2025-12-14;4;0
1;2025-12-14;5;24
1;2025-12-14;6;124
1;2025-12-14;7;272
1;2025-12-14;8;362
1;2025-12-14;9;607
1;2025-12-14;10;694
1;2025-12-14;11;742
1;2025-12-14;12;844
1;2025-12-14;13;899
1;2025-12-14;14;834
1;2025-12-14;15;751
1;2025-12-14;16;678
1;2025-12-14;17;618
1;2025-12-14;18;536
1;2025-12-14;19;457
1;2025-12-14;20;349
1;2025-12-14;21;264
1;2025-12-14;22;105
1;2025-12-14;23;31
1;2025-12-15;0;3
1;2025-12-15;1;0
1;2025-12-15;2;0
1;2025-12-15;3;0
1;2025-12-15;4;9
1;2025-12-15;5;134
1;2025-12-15;6;544
1;2025-12-15;7;1542
1;2025-12-15;8;1958
1;2025-12-15;9;1480
1;2025-12-15;10;1371
1;2025-12-15;11;1415
1;2025-12-15;12;1476
1;2025-12-15;13;1540
1;2025-12-15;14;1480
1;2025-12-15;15;1630
1;2025-12-15;16;1609
1;2025-12-15;17;1899
1;2025-12-15;18;1904
1;2025-12-15;19;1426
1;2025-12-15;20;920
1;2025-12-15;21;488
1;2025-12-15;22;182
1;2025-12-15;23;43
1;2025-12-16;0;6
1;2025-12-16;1;0
1;2025-12-16;2;0
1;2025-12-16;3;0
1;2025-12-16;4;9
1;2025-12-16;5;131
1;2025-12-16;6;555
1;2025-12-16;7;1595
1;2025-12-16;8;1997
1;2025-12-16;9;1561
1;2025-12-16;10;1449
1;2025-12-16;11;1473
1;2025-12-16;12;1520
1;2025-12-16;13;1585
1;2025-12-16;14;1493
1;2025-12-16;15;1621
1;2025-12-16;16;1609
1;2025-12-16;17;1890
1;2025-12-16;18;1888
1;2025-12-16;19;1447
1;2025-12-16;20;942
1;2025-12-16;21;506
1;2025-12-16;22;206
1;2025-12-16;23;50
1;2025-12-17;0;5
1;2025-12-17;1;0
1;2025-12-17;2;0
1;2025-12-17;3;0
1;2025-12-17;4;9
1;2025-12-17;5;137
1;2025-12-17;6;552
1;2025-12-17;7;1543
1;2025-12-17;8;2005
1;2025-12-17;9;1538
1;2025-12-17;10;1428
1;2025-12-17;11;1471
1;2025-12-17;12;1510
1;2025-12-17;13;1603
1;2025-12-17;14;1512
1;2025-12-17;15;1663
1;2025-12-17;16;1617
1;2025-12-17;17;1896
1;2025-12-17;18;1870
1;2025-12-17;19;1420
1;2025-12-17;20;931
1;2025-12-17;21;509
1;2025-12-17;22;212
1;2025-12-17;23;46
1;2025-12-18;0;7
1;2025-12-18;1;0
1;2025-12-18;2;0
1;2025-12-18;3;0
1;2025-12-18;4;9
1;2025-12-18;5;131
1;2025-12-18;6;539
1;2025-12-18;7;1552
1;2025-12-18;8;2006
1;2025-12-18;9;1537
1;2025-12-18;10;1447
1;2025-12-18;11;1464
1;2025-12-18;12;1524
1;2025-12-18;13;1588
1;2025-12-18;14;1516
1;2025-12-18;15;1660
1;2025-12-18;16;1637
1;2025-12-18;17;1894
1;2025-12-18;18;1889
1;2025-12-18;19;1406
1;2025-12-18;20;939
1;2025-12-18;21;513
1;2025-12-18;22;206
1;2025-12-18;23;49
1;2025-12-19;0;7
1;2025-12-19;1;0
1;2025-12-19;2;0
1;2025-12-19;3;0
1;2025-12-19;4;8
1;2025-12-19;5;141
1;2025-12-19;6;540
1;2025-12-19;7;1549
1;2025-12-19;8;1919
1;2025-12-19;9;1507
1;2025-12-19;10;1407
1;2025-12-19;11;1485
1;2025-12-19;12;1499
1;2025-12-19;13;1585
1;2025-12-19;14;1524
1;2025-12-19;15;1691
1;2025-12-19;16;1693
1;2025-12-19;17;1889
1;2025-12-19;18;1658
1;2025-12-19;19;1271
1;2025-12-19;20;863
1;2025-12-19;21;515
1;2025-12-19;22;219
1;2025-12-19;23;58
1;2025-12-20;0;6
1;2025-12-20;1;0
1;2025-12-20;2;0
1;2025-12-20;3;0
1;2025-12-20;4;0
1;2025-12-20;5;31
1;2025-12-20;6;166
1;2025-12-20;7;359
1;2025-12-20;8;487
1;2025-12-20;9;758
1;2025-12-20;10;888
1;2025-12-20;11;890
1;2025-12-20;12;1063
1;2025-12-20;13;1117
1;2025-12-20;14;1022
1;2025-12-20;15;907
1;2025-12-20;16;810
1;2025-12-20;17;754
1;2025-12-20;18;627
1;2025-12-20;19;551
1;2025-12-20;20;429
1;2025-12-20;21;311
1;2025-12-20;22;128
1;2025-12-20;23;32
1;2025-12-21;0;0
1;2025-12-21;1;0
1;2025-12-21;2;0
1;2025-12-21;3;0
1;2025-12-21;4;0
1;2025-12-21;5;24
1;2025-12-21;6;120
1;2025-12-21;7;266
1;2025-12-21;8;359
1;2025-12-21;9;608
1;2025-12-21;10;695
1;2025-12-21;11;736
1;2025-12-21;12;840
1;2025-12-21;13;890
1;2025-12-21;14;828
1;2025-12-21;15;746
1;2025-12-21;16;676
1;2025-12-21;17;612
1;2025-12-21;18;531
1;2025-12-21;19;452
1;2025-12-21;20;348
1;2025-12-21;21;270
1;2025-12-21;22;104
1;2025-12-21;23;31
1;2025-12-22;0;3
1;2025-12-22;1;0
1;2025-12-22;2;0
1;2025-12-22;3;0
1;2025-12-22;4;10
1;2025-12-22;5;137
1;2025-12-22;6;539
1;2025-12-22;7;1526
1;2025-12-22;8;1940
1;2025-12-22;9;1464
1;2025-12-22;10;1351
1;2025-12-22;11;1385
1;2025-12-22;12;1450
1;2025-12-22;13;1516
1;2025-12-22;14;1480
1;2025-12-22;15;1615
1;2025-12-22;16;1588
1;2025-12-22;17;1879
1;2025-12-22;18;1883
1;2025-12-22;19;1406
1;2025-12-22;20;903
1;2025-12-22;21;485
1;2025-12-22;22;184
1;2025-12-22;23;42
1;2025-12-23;0;6
1;2025-12-23;1;0
1;2025-12-23;2;0
1;2025-12-23;3;0
1;2025-12-23;4;9
1;2025-12-23;5;131
1;2025-12-23;6;543
1;2025-12-23;7;1538
1;2025-12-23;8;1923
1;2025-12-23;9;1537
1;2025-12-23;10;1451
1;2025-12-23;11;1466
1;2025-12-23;12;1520
1;2025-12-23;13;1596
1;2025-12-23;14;1497
1;2025-12-23;15;1608
1;2025-12-23;16;1580
1;2025-12-23;17;1848
1;2025-12-23;18;1827
1;2025-12-23;19;1407
1;2025-12-23;20;922
1;2025-12-23;21;506
1;2025-12-23;22;205
1;2025-12-23;23;54
1;2025-12-24;0;4
1;2025-12-24;1;0
1;2025-12-24;2;0
1;2025-12-24;3;0
1;2025-12-24;4;9
1;2025-12-24;5;143
1;2025-12-24;6;561
1;2025-12-24;7;1538
1;2025-12-24;8;1969
1;2025-12-24;9;1519
1;2025-12-24;10;1408
1;2025-12-24;11;1461
1;2025-12-24;12;1500
1;2025-12-24;13;1598
1;2025-12-24;14;1484
1;2025-12-24;15;1641
1;2025-12-24;16;1601
1;2025-12-24;17;1864
1;2025-12-24;18;1852
1;2025-12-24;19;1413
1;2025-12-24;20;949
1;2025-12-24;21;512
1;2025-12-24;22;226
1;2025-12-24;23;52
1;2025-12-25;0;7
1;2025-12-25;1;0
1;2025-12-25;2;0
1;2025-12-25;3;0
1;2025-12-25;4;9
1;2025-12-25;5;135
1;2025-12-25;6;542
1;2025-12-25;7;1543
1;2025-12-25;8;1977
1;2025-12-25;9;1514
1;2025-12-25;10;1429
1;2025-12-25;11;1451
1;2025-12-25;12;1509
1;2025-12-25;13;1571
1;2025-12-25;14;1497
1;2025-12-25;15;1637
1;2025-12-25;16;1615
1;2025-12-25;17;1858
1;2025-12-25;18;1855
1;2025-12-25;19;1380
1;2025-12-25;20;920
1;2025-12-25;21;507
1;2025-12-25;22;213
1;2025-12-25;23;50
1;2025-12-26;0;7
1;2025-12-26;1;0
1;2025-12-26;2;0
1;2025-12-26;3;0
1;2025-12-26;4;7
1;2025-12-26;5;142
1;2025-12-26;6;528
1;2025-12-26;7;1496
1;2025-12-26;8;1855
1;2025-12-26;9;1456
1;2025-12-26;10;1348
1;2025-12-26;11;1421
1;2025-12-26;12;1442
1;2025-12-26;13;1516
1;2025-12-26;14;1464
1;2025-12-26;15;1630
1;2025-12-26;16;1646
1;2025-12-26;17;1811
1;2025-12-26;18;1611
1;2025-12-26;19;1241
1;2025-12-26;20;842
1;2025-12-26;21;500
1;2025-12-26;22;224
1;2025-12-26;23;63
1;2025-12-27;0;6
1;2025-12-27;1;0
1;2025-12-27;2;0
1;2025-12-27;3;0
1;2025-12-27;4;0
1;2025-12-27;5;31
1;2025-12-27;6;165
1;2025-12-27;7;352
1;2025-12-27;8;481
1;2025-12-27;9;750
1;2025-12-27;10;877
1;2025-12-27;11;875
1;2025-12-27;12;1047
1;2025-12-27;13;1098
1;2025-12-27;14;1002
1;2025-12-27;15;897
1;2025-12-27;16;803
1;2025-12-27;17;745
1;2025-12-27;18;614
1;2025-12-27;19;543
1;2025-12-27;20;420
1;2025-12-27;21;307
1;2025-12-27;22;129
1;2025-12-27;23;33
1;2025-12-28;0;0
1;2025-12-28;1;0
1;2025-12-28;2;0
1;2025-12-28;3;0
1;2025-12-28;4;0
1;2025-12-28;5;24
1;2025-12-28;6;122
1;2025-12-28;7;260
1;2025-12-28;8;350
1;2025-12-28;9;595
1;2025-12-28;10;674
1;2025-12-28;11;712
1;2025-12-28;12;818
1;2025-12-28;13;867
1;2025-12-28;14;805
1;2025-12-28;15;726
1;2025-12-28;16;661
1;2025-12-28;17;602
1;2025-12-28;18;519
1;2025-12-28;19;444
1;2025-12-28;20;341
1;2025-12-28;21;262
1;2025-12-28;22;104
1;2025-12-28;23;32
1;2025-12-29;0;3
1;2025-12-29;1;0
1;2025-12-29;2;0
1;2025-12-29;3;0
1;2025-12-29;4;7
1;2025-12-29;5;124
1;2025-12-29;6;483
1;2025-12-29;7;1337
1;2025-12-29;8;1687
1;2025-12-29;9;1279
1;2025-12-29;10;1184
1;2025-12-29;11;1222
1;2025-12-29;12;1274
1;2025-12-29;13;1324
1;2025-12-29;14;1284
1;2025-12-29;15;1413
1;2025-12-29;16;1392
1;2025-12-29;17;1633
1;2025-12-29;18;1634
1;2025-12-29;19;1220
1;2025-12-29;20;791
1;2025-12-29;21;430
1;2025-12-29;22;173
1;2025-12-29;23;42
1;2025-12-30;0;3
1;2025-12-30;1;0
1;2025-12-30;2;0
1;2025-12-30;3;0
1;2025-12-30;4;7
1;2025-12-30;5;124
1;2025-12-30;6;492
1;2025-12-30;7;1372
1;2025-12-30;8;1692
1;2025-12-30;9;1332
1;2025-12-30;10;1237
1;2025-12-30;11;1261
1;2025-12-30;12;1306
1;2025-12-30;13;1360
1;2025-12-30;14;1288
1;2025-12-30;15;1403
1;2025-12-30;16;1380
1;2025-12-30;17;1611
1;2025-12-30;18;1581
1;2025-12-30;19;1219
1;2025-12-30;20;800
1;2025-12-30;21;441
1;2025-12-30;22;191
1;2025-12-30;23;48
1;2025-12-31;0;0
1;2025-12-31;1;0
1;2025-12-31;2;0
1;2025-12-31;3;0
1;2025-12-31;4;0
1;2025-12-31;5;25
1;2025-12-31;6;120
1;2025-12-31;7;241
1;2025-12-31;8;320
1;2025-12-31;9;525
1;2025-12-31;10;583
1;2025-12-31;11;614
1;2025-12-31;12;684
1;2025-12-31;13;738
1;2025-12-31;14;684
1;2025-12-31;15;623
1;2025-12-31;16;562
1;2025-12-31;17;532
1;2025-12-31;18;492
1;2025-12-31;19;421
1;2025-12-31;20;0
1;2025-12-31;21;0
1;2025-12-31;22;0
1;2025-12-31;23;0
5;2025-11-01;0;0
5;2025-11-01;1;0
5;2025-11-01;2;0
5;2025-11-01;3;0
5;2025-11-01;4;0
5;2025-11-01;5;0
5;2025-11-01;6;0
5;2025-11-01;7;0
5;2025-11-01;8;0
5;2025-11-01;9;0
5;2025-11-01;10;0
5;2025-11-01;11;0
5;2025-11-01;12;0
5;2025-11-01;13;0
5;2025-11-01;14;0
5;2025-11-01;15;0
5;2025-11-01;16;0
5;2025-11-01;17;0
5;2025-11-01;18;0
5;2025-11-01;19;0
5;2025-11-01;20;0
5;2025-11-01;21;0
5;2025-11-01;22;0
5;2025-11-01;23;0
5;2025-11-02;0;0
5;2025-11-02;1;0
5;2025-11-02;2;0
5;2025-11-02;3;0
5;2025-11-02;4;0
5;2025-11-02;5;0
5;2025-11-02;6;0
5;2025-11-02;7;0
5;2025-11-02;8;0
5;2025-11-02;9;0
5;2025-11-02;10;0
5;2025-11-02;11;0
5;2025-11-02;12;0
5;2025-11-02;13;0
5;2025-11-02;14;0
5;2025-11-02;15;0
5;2025-11-02;16;0
5;2025-11-02;17;0
5;2025-11-02;18;0
5;2025-11-02;19;0
5;2025-11-02;20;0
5;2025-11-02;21;0
5;2025-11-02;22;0
5;2025-11-02;23;0
5;2025-11-03;0;0
5;2025-11-03;1;0
5;2025-11-03;2;0
5;2025-11-03;3;0
5;2025-11-03;4;0
5;2025-11-03;5;0
5;2025-11-03;6;0
5;2025-11-03;7;0
5;2025-11-03;8;0
5;2025-11-03;9;0
5;2025-11-03;10;0
5;2025-11-03;11;0
5;2025-11-03;12;0
5;2025-11-03;13;0
5;2025-11-03;14;0
5;2025-11-03;15;0
5;2025-11-03;16;0
5;2025-11-03;17;0
5;2025-11-03;18;0
5;2025-11-03;19;0
5;2025-11-03;20;0
5;2025-11-03;21;0
5;2025-11-03;22;0
5;2025-11-03;23;0
5;2025-11-04;0;0
5;2025-11-04;1;0
5;2025-11-04;2;0
5;2025-11-04;3;0
5;2025-11-04;4;0
5;2025-11-04;5;0
5;2025-11-04;6;0
5;2025-11-04;7;0
5;2025-11-04;8;0
5;2025-11-04;9;0
5;2025-11-04;10;0
5;2025-11-04;11;0
5;2025-11-04;12;0
5;2025-11-04;13;0
5;2025-11-04;14;0
5;2025-11-04;15;0
5;2025-11-04;16;0
5;2025-11-04;17;0
5;2025-11-04;18;0
5;2025-11-04;19;0
5;2025-11-04;20;0
5;2025-11-04;21;0
5;2025-11-04;22;0
5;2025-11-04;23;0
5;2025-11-05;0;0
5;2025-11-05;1;0
5;2025-11-05;2;0
5;2025-11-05;3;0
5;2025-11-05;4;0
5;2025-11-05;5;0
5;2025-11-05;6;0
5;2025-11-05;7;0
5;2025-11-05;8;0
5;2025-11-05;9;0
5;2025-11-05;10;0
5;2025-11-05;11;0
5;2025-11-05;12;0
5;2025-11-05;13;0
5;2025-11-05;14;0
5;2025-11-05;15;0
5;2025-11-05;16;0
5;2025-11-05;17;0
5;2025-11-05;18;0
5;2025-11-05;19;0
5;2025-11-05;20;0
5;2025-11-05;21;0
5;2025-11-05;22;0
5;2025-11-05;23;0
5;2025-11-06;0;0
5;2025-11-06;1;0
5;2025-11-06;2;0
5;2025-11-06;3;0
5;2025-11-06;4;0
5;2025-11-06;5;0
5;2025-11-06;6;0
5;2025-11-06;7;0
5;2025-11-06;8;0
5;2025-11-06;9;0
5;2025-11-06;10;0
5;2025-11-06;11;0
5;2025-11-06;12;0
5;2025-11-06;13;0
5;2025-11-06;14;0
5;2025-11-06;15;0
5;2025-11-06;16;0
5;2025-11-06;17;0
5;2025-11-06;18;0
5;2025-11-06;19;0
5;2025-11-06;20;0
5;2025-11-06;21;0
5;2025-11-06;22;0
5;2025-11-06;23;0
5;2025-11-07;0;0
5;2025-11-07;1;0
5;2025-11-07;2;0
5;2025-11-07;3;0
5;2025-11-07;4;0
5;2025-11-07;5;0
5;2025-11-07;6;0
5;2025-11-07;7;0
5;2025-11-07;8;0
5;2025-11-07;9;0
5;2025-11-07;10;0
5;2025-11-07;11;0
5;2025-11-07;12;0
5;2025-11-07;13;0
5;2025-11-07;14;0
5;2025-11-07;15;0
5;2025-11-07;16;0
5;2025-11-07;17;0
5;2025-11-07;18;0
5;2025-11-07;19;0
5;2025-11-07;20;0
5;2025-11-07;21;0
5;2025-11-07;22;0
5;2025-11-07;23;0
5;2025-11-08;0;0
5;2025-11-08;1;0
5;2025-11-08;2;0
5;2025-11-08;3;0
5;2025-11-08;4;0
5;2025-11-08;5;0
5;2025-11-08;6;0
5;2025-11-08;7;0
5;2025-11-08;8;0
5;2025-11-08;9;0
5;2025-11-08;10;0
5;2025-11-08;11;0
5;2025-11-08;12;0
5;2025-11-08;13;0
5;2025-11-08;14;0
5;2025-11-08;15;0
5;2025-11-08;16;0
5;2025-11-08;17;0
5;2025-11-08;18;0
5;2025-11-08;19;0
5;2025-11-08;20;0
5;2025-11-08;21;0
5;2025-11-08;22;0
5;2025-11-08;23;0
5;2025-11-09;0;0
5;2025-11-09;1;0
5;2025-11-09;2;0
5;2025-11-09;3;0
5;2025-11-09;4;0
5;2025-11-09;5;0
5;2025-11-09;6;0
5;2025-11-09;7;0
5;2025-11-09;8;0
5;2025-11-09;9;0
5;2025-11-09;10;0
5;2025-11-09;11;0
5;2025-11-09;12;0
5;2025-11-09;13;0
5;2025-11-09;14;0
5;2025-11-09;15;0
5;2025-11-09;16;0
5;2025-11-09;17;0
5;2025-11-09;18;0
5;2025-11-09;19;0
5;2025-11-09;20;0
5;2025-11-09;21;0
5;2025-11-09;22;0
5;2025-11-09;23;0
5;2025-11-10;0;0
5;2025-11-10;1;0
5;2025-11-10;2;0
5;2025-11-10;3;0
5;2025-11-10;4;0
5;2025-11-10;5;0
5;2025-11-10;6;0
5;2025-11-10;7;0
5;2025-11-10;8;0
5;2025-11-10;9;0
5;2025-11-10;10;0
5;2025-11-10;11;0
5;2025-11-10;12;0
5;2025-11-10;13;0
5;2025-11-10;14;0
5;2025-11-10;15;0
5;2025-11-10;16;0
5;2025-11-10;17;0
5;2025-11-10;18;0
5;2025-11-10;19;0
5;2025-11-10;20;0
5;2025-11-10;21;0
5;2025-11-10;22;0
5;2025-11-10;23;0
5;2025-11-11;0;0
5;2025-11-11;1;0
5;2025-11-11;2;0
5;2025-11-11;3;0
5;2025-11-11;4;0
5;2025-11-11;5;0
5;2025-11-11;6;0
5;2025-11-11;7;0
5;2025-11-11;8;0
5;2025-11-11;9;0
5;2025-11-11;10;0
5;2025-11-11;11;0
5;2025-11-11;12;0
5;2025-11-11;13;0
5;2025-11-11;14;0
5;2025-11-11;15;0
5;2025-11-11;16;0
5;2025-11-11;17;0
5;2025-11-11;18;0
5;2025-11-11;19;0
5;2025-11-11;20;0
5;2025-11-11;21;0
5;2025-11-11;22;0
5;2025-11-11;23;0
5;2025-11-12;0;0
5;2025-11-12;1;0
5;2025-11-12;2;0
5;2025-11-12;3;0
5;2025-11-12;4;0
5;2025-11-12;5;0
5;2025-11-12;6;0
5;2025-11-12;7;0
5;2025-11-12;8;0
5;2025-11-12;9;0
5;2025-11-12;10;0
5;2025-11-12;11;0
5;2025-11-12;12;0
5;2025-11-12;13;0
5;2025-11-12;14;0
5;2025-11-12;15;0
5;2025-11-12;16;0
5;2025-11-12;17;0
5;2025-11-12;18;0
5;2025-11-12;19;0
5;2025-11-12;20;0
5;2025-11-12;21;0
5;2025-11-12;22;0
5;2025-11-12;23;0
5;2025-11-13;0;0
5;2025-11-13;1;0
5;2025-11-13;2;0
5;2025-11-13;3;0
5;2025-11-13;4;0
5;2025-11-13;5;0
5;2025-11-13;6;0
5;2025-11-13;7;0
5;2025-11-13;8;0
5;2025-11-13;9;0
5;2025-11-13;10;0
5;2025-11-13;11;0
5;2025-11-13;12;0
5;2025-11-13;13;0
5;2025-11-13;14;0
5;2025-11-13;15;0
5;2025-11-13;16;0
5;2025-11-13;17;0
5;2025-11-13;18;0
5;2025-11-13;19;0
5;2025-11-13;20;0
5;2025-11-13;21;0
5;2025-11-13;22;0
5;2025-11-13;23;0
5;2025-11-14;0;0
5;2025-11-14;1;0
5;2025-11-14;2;0
5;2025-11-14;3;0
5;2025-11-14;4;0
5;2025-11-14;5;0
5;2025-11-14;6;0
5;2025-11-14;7;0
5;2025-11-14;8;0
5;2025-11-14;9;0
5;2025-11-14;10;0
5;2025-11-14;11;0
5;2025-11-14;12;0
5;2025-11-14;13;0
5;2025-11-14;14;0
5;2025-11-14;15;0
5;2025-11-14;16;0
5;2025-11-14;17;0
5;2025-11-14;18;0
5;2025-11-14;19;0
5;2025-11-14;20;0
5;2025-11-14;21;0
5;2025-11-14;22;0
5;2025-11-14;23;0
5;2025-11-15;0;0
5;2025-11-15;1;0
5;2025-11-15;2;0
5;2025-11-15;3;0
5;2025-11-15;4;0
5;2025-11-15;5;0
5;2025-11-15;6;0
5;2025-11-15;7;0
5;2025-11-15;8;0
5;2025-11-15;9;0
5;2025-11-15;10;0
5;2025-11-15;11;0
5;2025-11-15;12;0
5;2025-11-15;13;0
5;2025-11-15;14;0
5;2025-11-15;15;0
5;2025-11-15;16;0
5;2025-11-15;17;0
5;2025-11-15;18;0
5;2025-11-15;19;0
5;2025-11-15;20;0
5;2025-11-15;21;0
5;2025-11-15;22;0
5;2025-11-15;23;0
5;2025-11-16;0;0
5;2025-11-16;1;0
5;2025-11-16;2;0
5;2025-11-16;3;0
5;2025-11-16;4;0
5;2025-11-16;5;0
5;2025-11-16;6;0
5;2025-11-16;7;0
5;2025-11-16;8;0
5;2025-11-16;9;0
5;2025-11-16;10;0
5;2025-11-16;11;0
5;2025-11-16;12;0
5;2025-11-16;13;0
5;2025-11-16;14;0
5;2025-11-16;15;0
5;2025-11-16;16;0
5;2025-11-16;17;0
5;2025-11-16;18;0
5;2025-11-16;19;0
5;2025-11-16;20;0
5;2025-11-16;21;0
5;2025-11-16;22;0
5;2025-11-16;23;0
5;2025-11-17;0;0
5;2025-11-17;1;0
5;2025-11-17;2;0
5;2025-11-17;3;0
5;2025-11-17;4;0
5;2025-11-17;5;0
5;2025-11-17;6;0
5;2025-11-17;7;0
5;2025-11-17;8;0
5;2025-11-17;9;0
5;2025-11-17;10;0
5;2025-11-17;11;0
5;2025-11-17;12;0
5;2025-11-17;13;0
5;2025-11-17;14;0
5;2025-11-17;15;0
5;2025-11-17;16;0
5;2025-11-17;17;0
5;2025-11-17;18;0
5;2025-11-17;19;0
5;2025-11-17;20;0
5;2025-11-17;21;0
5;2025-11-17;22;0
5;2025-11-17;23;0
5;2025-11-18;0;0
5;2025-11-18;1;0
5;2025-11-18;2;0
5;2025-11-18;3;0
5;2025-11-18;4;0
5;2025-11-18;5;0
5;2025-11-18;6;0
5;2025-11-18;7;0
5;2025-11-18;8;0
5;2025-11-18;9;0
5;2025-11-18;10;0
5;2025-11-18;11;0
5;2025-11-18;12;0
5;2025-11-18;13;0
5;2025-11-18;14;0
5;2025-11-18;15;0
5;2025-11-18;16;0
5;2025-11-18;17;0
5;2025-11-18;18;0
5;2025-11-18;19;0
5;2025-11-18;20;0
5;2025-11-18;21;0
5;2025-11-18;22;0
5;2025-11-18;23;0
5;2025-11-19;0;0
5;2025-11-19;1;0
5;2025-11-19;2;0
5;2025-11-19;3;0
5;2025-11-19;4;0
5;2025-11-19;5;0
5;2025-11-19;6;0
5;2025-11-19;7;0
5;2025-11-19;8;0
5;2025-11-19;9;0
5;2025-11-19;10;0
5;2025-11-19;11;0
5;2025-11-19;12;0
5;2025-11-19;13;0
5;2025-11-19;14;0
5;2025-11-19;15;0
5;2025-11-19;16;0
5;2025-11-19;17;0
5;2025-11-19;18;0
5;2025-11-19;19;0
5;2025-11-19;20;0
5;2025-11-19;21;0
5;2025-11-19;22;0
5;2025-11-19;23;0
5;2025-11-20;0;0
5;2025-11-20;1;0
5;2025-11-20;2;0
5;2025-11-20;3;0
5;2025-11-20;4;0
5;2025-11-20;5;0
5;2025-11-20;6;0
5;2025-11-20;7;0
5;2025-11-20;8;0
5;2025-11-20;9;0
5;2025-11-20;10;0
5;2025-11-20;11;0
5;2025-11-20;12;0
5;2025-11-20;13;0
5;2025-11-20;14;0
5;2025-11-20;15;0
5;2025-11-20;16;0
5;2025-11-20;17;0
5;2025-11-20;18;0
5;2025-11-20;19;0
5;2025-11-20;20;0
5;2025-11-20;21;0
5;2025-11-20;22;0
5;2025-11-20;23;0
5;2025-11-21;0;0
5;2025-11-21;1;0
5;2025-11-21;2;0
5;2025-11-21;3;0
5;2025-11-21;4;0
5;2025-11-21;5;0
5;2025-11-21;6;0
5;2025-11-21;7;0
5;2025-11-21;8;0
5;2025-11-21;9;0
5;2025-11-21;10;0
5;2025-11-21;11;0
5;2025-11-21;12;0
5;2025-11-21;13;0
5;2025-11-21;14;0
5;2025-11-21;15;0
5;2025-11-21;16;0
5;2025-11-21;17;0
5;2025-11-21;18;0
5;2025-11-21;19;0
5;2025-11-21;20;0
5;2025-11-21;21;0
5;2025-11-21;22;0
5;2025-11-21;23;0
5;2025-11-22;0;0
5;2025-11-22;1;0
5;2025-11-22;2;0
5;2025-11-22;3;0
5;2025-11-22;4;0
5;2025-11-22;5;0
5;2025-11-22;6;0
5;2025-11-22;7;0
5;2025-11-22;8;0
5;2025-11-22;9;0
5;2025-11-22;10;0
5;2025-11-22;11;0
5;2025-11-22;12;0
5;2025-11-22;13;0
5;2025-11-22;14;0
5;2025-11-22;15;0
5;2025-11-22;16;0
5;2025-11-22;17;0
5;2025-11-22;18;0
5;2025-11-22;19;0
5;2025-11-22;20;0
5;2025-11-22;21;0
5;2025-11-22;22;0
5;2025-11-22;23;0
5;2025-11-23;0;0
5;2025-11-23;1;0
5;2025-11-23;2;0
5;2025-11-23;3;0
5;2025-11-23;4;0
5;2025-11-23;5;0
5;2025-11-23;6;0
5;2025-11-23;7;0
5;2025-11-23;8;0
5;2025-11-23;9;0
5;2025-11-23;10;0
5;2025-11-23;11;0
5;2025-11-23;12;0
5;2025-11-23;13;0
5;2025-11-23;14;0
5;2025-11-23;15;0
5;2025-11-23;16;0
5;2025-11-23;17;0
5;2025-11-23;18;0
5;2025-11-23;19;0
5;2025-11-23;20;0
5;2025-11-23;21;0
5;2025-11-23;22;0
5;2025-11-23;23;0
5;2025-11-24;0;0
5;2025-11-24;1;0
5;2025-11-24;2;0
5;2025-11-24;3;0
5;2025-11-24;4;0
5;2025-11-24;5;0
5;2025-11-24;6;0
5;2025-11-24;7;0
5;2025-11-24;8;0
5;2025-11-24;9;0
5;2025-11-24;10;0
5;2025-11-24;11;0
5;2025-11-24;12;0
5;2025-11-24;13;0
5;2025-11-24;14;0
5;2025-11-24;15;0
5;2025-11-24;16;0
5;2025-11-24;17;0
5;2025-11-24;18;0
5;2025-11-24;19;0
5;2025-11-24;20;0
5;2025-11-24;21;0
5;2025-11-24;22;0
5;2025-11-24;23;0
5;2025-11-25;0;0
5;2025-11-25;1;0
5;2025-11-25;2;0
5;2025-11-25;3;0
5;2025-11-25;4;0
5;2025-11-25;5;0
5;2025-11-25;6;0
5;2025-11-25;7;0
5;2025-11-25;8;0
5;2025-11-25;9;0
5;2025-11-25;10;0
5;2025-11-25;11;0
5;2025-11-25;12;0
5;2025-11-25;13;0
5;2025-11-25;14;0
5;2025-11-25;15;0
5;2025-11-25;16;0
5;2025-11-25;17;0
5;2025-11-25;18;0
5;2025-11-25;19;0
5;2025-11-25;20;0
5;2025-11-25;21;0
5;2025-11-25;22;0
5;2025-11-25;23;0
5;2025-11-26;0;0
5;2025-11-26;1;0
5;2025-11-26;2;0
5;2025-11-26;3;0
5;2025-11-26;4;0
5;2025-11-26;5;0
5;2025-11-26;6;0
5;2025-11-26;7;0
5;2025-11-26;8;0
5;2025-11-26;9;0
5;2025-11-26;10;0
5;2025-11-26;11;0
5;2025-11-26;12;0
5;2025-11-26;13;0
5;2025-11-26;14;0
5;2025-11-26;15;0
5;2025-11-26;16;0
5;2025-11-26;17;0
5;2025-11-26;18;0
5;2025-11-26;19;0
5;2025-11-26;20;0
5;2025-11-26;21;0
5;2025-11-26;22;0
5;2025-11-26;23;0
5;2025-11-27;0;0
5;2025-11-27;1;0
5;2025-11-27;2;0
5;2025-11-27;3;0
5;2025-11-27;4;0
5;2025-11-27;5;0
5;2025-11-27;6;0
5;2025-11-27;7;0
5;2025-11-27;8;0
5;2025-11-27;9;0
5;2025-11-27;10;0
5;2025-11-27;11;0
5;2025-11-27;12;0
5;2025-11-27;13;0
5;2025-11-27;14;0
5;2025-11-27;15;0
5;2025-11-27;16;0
5;2025-11-27;17;0
5;2025-11-27;18;0
5;2025-11-27;19;0
5;2025-11-27;20;0
5;2025-11-27;21;0
5;2025-11-27;22;0
5;2025-11-27;23;0
5;2025-11-28;0;0
5;2025-11-28;1;0
5;2025-11-28;2;0
5;2025-11-28;3;0
5;2025-11-28;4;0
5;2025-11-28;5;0
5;2025-11-28;6;0
5;2025-11-28;7;0
5;2025-11-28;8;0
5;2025-11-28;9;0
5;2025-11-28;10;0
5;2025-11-28;11;0
5;2025-11-28;12;0
5;2025-11-28;13;0
5;2025-11-28;14;0
5;2025-11-28;15;0
5;2025-11-28;16;0
5;2025-11-28;17;0
5;2025-11-28;18;0
5;2025-11-28;19;0
5;2025-11-28;20;0
5;2025-11-28;21;0
5;2025-11-28;22;0
5;2025-11-28;23;0
5;2025-11-29;0;0
5;2025-11-29;1;0
5;2025-11-29;2;0
5;2025-11-29;3;0
5;2025-11-29;4;0
5;2025-11-29;5;0
5;2025-11-29;6;0
5;2025-11-29;7;0
5;2025-11-29;8;0
5;2025-11-29;9;0
5;2025-11-29;10;0
5;2025-11-29;11;0
5;2025-11-29;12;0
5;2025-11-29;13;0
5;2025-11-29;14;0
5;2025-11-29;15;0
5;2025-11-29;16;0
5;2025-11-29;17;0
5;2025-11-29;18;0
5;2025-11-29;19;0
5;2025-11-29;20;0
5;2025-11-29;21;0
5;2025-11-29;22;0
5;2025-11-29;23;0
5;2025-11-30;0;0
5;2025-11-30;1;0
5;2025-11-30;2;0
5;2025-11-30;3;0
5;2025-11-30;4;0
5;2025-11-30;5;0
5;2025-11-30;6;0
5;2025-11-30;7;0
5;2025-11-30;8;0
5;2025-11-30;9;0
5;2025-11-30;10;0
5;2025-11-30;11;0
5;2025-11-30;12;0
5;2025-11-30;13;0
5;2025-11-30;14;0
5;2025-11-30;15;0
5;2025-11-30;16;0
5;2025-11-30;17;0
5;2025-11-30;18;0
5;2025-11-30;19;0
5;2025-11-30;20;0
5;2025-11-30;21;0
5;2025-11-30;22;0
5;2025-11-30;23;0
5;2025-12-01;0;0
5;2025-12-01;1;0
5;2025-12-01;2;0
5;2025-12-01;3;0
5;2025-12-01;4;0
5;2025-12-01;5;0
5;2025-12-01;6;0
5;2025-12-01;7;0
5;2025-12-01;8;0
5;2025-12-01;9;0
5;2025-12-01;10;0
5;2025-12-01;11;0
5;2025-12-01;12;0
5;2025-12-01;13;0
5;2025-12-01;14;0
5;2025-12-01;15;0
5;2025-12-01;16;0
5;2025-12-01;17;0
5;2025-12-01;18;0
5;2025-12-01;19;0
5;2025-12-01;20;0
5;2025-12-01;21;0
5;2025-12-01;22;0
5;2025-12-01;23;0
5;2025-12-02;0;0
5;2025-12-02;1;0
5;2025-12-02;2;0
5;2025-12-02;3;0
5;2025-12-02;4;0
5;2025-12-02;5;0
5;2025-12-02;6;0
5;2025-12-02;7;0
5;2025-12-02;8;0
5;2025-12-02;9;0
5;2025-12-02;10;0
5;2025-12-02;11;0
5;2025-12-02;12;0
5;2025-12-02;13;0
5;2025-12-02;14;0
5;2025-12-02;15;0
5;2025-12-02;16;0
5;2025-12-02;17;0
5;2025-12-02;18;0
5;2025-12-02;19;0
5;2025-12-02;20;0
5;2025-12-02;21;0
5;2025-12-02;22;0
5;2025-12-02;23;0
5;2025-12-03;0;0
5;2025-12-03;1;0
5;2025-12-03;2;0
5;2025-12-03;3;0
5;2025-12-03;4;0
5;2025-12-03;5;0
5;2025-12-03;6;0
5;2025-12-03;7;0
5;2025-12-03;8;0
5;2025-12-03;9;0
5;2025-12-03;10;0
5;2025-12-03;11;0
5;2025-12-03;12;0
5;2025-12-03;13;0
5;2025-12-03;14;0
5;2025-12-03;15;0
5;2025-12-03;16;0
5;2025-12-03;17;0
5;2025-12-03;18;0
5;2025-12-03;19;0
5;2025-12-03;20;0
5;2025-12-03;21;0
5;2025-12-03;22;0
5;2025-12-03;23;0
5;2025-12-04;0;0
5;2025-12-04;1;0
5;2025-12-04;2;0
5;2025-12-04;3;0
5;2025-12-04;4;0
5;2025-12-04;5;0
5;2025-12-04;6;0
5;2025-12-04;7;0
5;2025-12-04;8;0
5;2025-12-04;9;0
5;2025-12-04;10;0
5;2025-12-04;11;0
5;2025-12-04;12;0
5;2025-12-04;13;0
5;2025-12-04;14;0
5;2025-12-04;15;0
5;2025-12-04;16;0
5;2025-12-04;17;0
5;2025-12-04;18;0
5;2025-12-04;19;0
5;2025-12-04;20;0
5;2025-12-04;21;0
5;2025-12-04;22;0
5;2025-12-04;23;0
5;2025-12-05;0;0
5;2025-12-05;1;0
5;2025-12-05;2;0
5;2025-12-05;3;0
5;2025-12-05;4;0
5;2025-12-05;5;0
5;2025-12-05;6;0
5;2025-12-05;7;0
5;2025-12-05;8;0
5;2025-12-05;9;0
5;2025-12-05;10;0
5;2025-12-05;11;0
5;2025-12-05;12;0
5;2025-12-05;13;0
5;2025-12-05;14;0
5;2025-12-05;15;0
5;2025-12-05;16;0
5;2025-12-05;17;0
5;2025-12-05;18;0
5;2025-12-05;19;0
5;2025-12-05;20;0
5;2025-12-05;21;0
5;2025-12-05;22;0
5;2025-12-05;23;0
5;2025-12-06;0;0
5;2025-12-06;1;0
5;2025-12-06;2;0
5;2025-12-06;3;0
5;2025-12-06;4;0
5;2025-12-06;5;0
5;2025-12-06;6;0
5;2025-12-06;7;0
5;2025-12-06;8;0
5;2025-12-06;9;0
5;2025-12-06;10;0
5;2025-12-06;11;0
5;2025-12-06;12;0
5;2025-12-06;13;0
5;2025-12-06;14;0
5;2025-12-06;15;0
5;2025-12-06;16;0
5;2025-12-06;17;0
5;2025-12-06;18;0
5;2025-12-06;19;0
5;2025-12-06;20;0
5;2025-12-06;21;0
5;2025-12-06;22;0
5;2025-12-06;23;0
5;2025-12-07;0;0
5;2025-12-07;1;0
5;2025-12-07;2;0
5;2025-12-07;3;0
5;2025-12-07;4;0
5;2025-12-07;5;0
5;2025-12-07;6;0
5;2025-12-07;7;0
5;2025-12-07;8;0
5;2025-12-07;9;0
5;2025-12-07;10;0
5;2025-12-07;11;0
5;2025-12-07;12;0
5;2025-12-07;13;0
5;2025-12-07;14;0
5;2025-12-07;15;0
5;2025-12-07;16;0
5;2025-12-07;17;0
5;2025-12-07;18;0
5;2025-12-07;19;0
5;2025-12-07;20;0
5;2025-12-07;21;0
5;2025-12-07;22;0
5;2025-12-07;23;0
5;2025-12-08;0;0
5;2025-12-08;1;0
5;2025-12-08;2;0
5;2025-12-08;3;0
5;2025-12-08;4;0
5;2025-12-08;5;0
5;2025-12-08;6;0
5;2025-12-08;7;0
5;2025-12-08;8;0
5;2025-12-08;9;0
5;2025-12-08;10;0
5;2025-12-08;11;0
5;2025-12-08;12;0
5;2025-12-08;13;0
5;2025-12-08;14;0
5;2025-12-08;15;0
5;2025-12-08;16;0
5;2025-12-08;17;0
5;2025-12-08;18;0
5;2025-12-08;19;0
5;2025-12-08;20;0
5;2025-12-08;21;0
5;2025-12-08;22;0
5;2025-12-08;23;0
5;2025-12-09;0;0
5;2025-12-09;1;0
5;2025-12-09;2;0
5;2025-12-09;3;0
5;2025-12-09;4;0
5;2025-12-09;5;0
5;2025-12-09;6;0
5;2025-12-09;7;0
5;2025-12-09;8;0
5;2025-12-09;9;0
5;2025-12-09;10;0
5;2025-12-09;11;0
5;2025-12-09;12;0
5;2025-12-09;13;0
5;2025-12-09;14;0
5;2025-12-09;15;0
5;2025-12-09;16;0
5;2025-12-09;17;0
5;2025-12-09;18;0
5;2025-12-09;19;0
5;2025-12-09;20;0
5;2025-12-09;21;0
5;2025-12-09;22;0
5;2025-12-09;23;0
5;2025-12-10;0;0
5;2025-12-10;1;0
5;2025-12-10;2;0
5;2025-12-10;3;0
5;2025-12-10;4;0
5;2025-12-10;5;0
5;2025-12-10;6;0
5;2025-12-10;7;0
5;2025-12-10;8;0
5;2025-12-10;9;0
5;2025-12-10;10;0
5;2025-12-10;11;0
5;2025-12-10;12;0
5;2025-12-10;13;0
5;2025-12-10;14;0
5;2025-12-10;15;0
5;2025-12-10;16;0
5;2025-12-10;17;0
5;2025-12-10;18;0
5;2025-12-10;19;0
5;2025-12-10;20;0
5;2025-12-10;21;0
5;2025-12-10;22;0
5;2025-12-10;23;0
5;2025-12-11;0;0
5;2025-12-11;1;0
5;2025-12-11;2;0
5;2025-12-11;3;0
5;2025-12-11;4;0
5;2025-12-11;5;0
5;2025-12-11;6;0
5;2025-12-11;7;0
5;2025-12-11;8;0
5;2025-12-11;9;0
5;2025-12-11;10;0
5;2025-12-11;11;0
5;2025-12-11;12;0
5;2025-12-11;13;0
5;2025-12-11;14;0
5;2025-12-11;15;0
5;2025-12-11;16;0
5;2025-12-11;17;0
5;2025-12-11;18;0
5;2025-12-11;19;0
5;2025-12-11;20;0
5;2025-12-11;21;0
5;2025-12-11;22;0
5;2025-12-11;23;0
5;2025-12-12;0;0
5;2025-12-12;1;0
5;2025-12-12;2;0
5;2025-12-12;3;0
5;2025-12-12;4;0
5;2025-12-12;5;0
5;2025-12-12;6;0
5;2025-12-12;7;0
5;2025-12-12;8;0
5;2025-12-12;9;0
5;2025-12-12;10;0
5;2025-12-12;11;0
5;2025-12-12;12;0
5;2025-12-12;13;0
5;2025-12-12;14;0
5;2025-12-12;15;0
5;2025-12-12;16;0
5;2025-12-12;17;0
5;2025-12-12;18;0
5;2025-12-12;19;0
5;2025-12-12;20;0
5;2025-12-12;21;0
5;2025-12-12;22;0
5;2025-12-12;23;0
5;2025-12-13;0;0
5;2025-12-13;1;0
5;2025-12-13;2;0
5;2025-12-13;3;0
5;2025-12-13;4;0
5;2025-12-13;5;0
5;2025-12-13;6;0
5;2025-12-13;7;0
5;2025-12-13;8;0
5;2025-12-13;9;0
5;2025-12-13;10;0
5;2025-12-13;11;0
5;2025-12-13;12;0
5;2025-12-13;13;0
5;2025-12-13;14;0
5;2025-12-13;15;0
5;2025-12-13;16;0
5;2025-12-13;17;0
5;2025-12-13;18;0
5;2025-12-13;19;0
5;2025-12-13;20;0
5;2025-12-13;21;0
5;2025-12-13;22;0
5;2025-12-13;23;0
5;2025-12-14;0;0
5;2025-12-14;1;0
5;2025-12-14;2;0
5;2025-12-14;3;0
5;2025-12-14;4;0
5;2025-12-14;5;0
5;2025-12-14;6;0
5;2025-12-14;7;0
5;2025-12-14;8;0
5;2025-12-14;9;0
5;2025-12-14;10;0
5;2025-12-14;11;0
5;2025-12-14;12;0
5;2025-12-14;13;0
5;2025-12-14;14;0
5;2025-12-14;15;0
5;2025-12-14;16;0
5;2025-12-14;17;0
5;2025-12-14;18;0
5;2025-12-14;19;0
5;2025-12-14;20;0
5;2025-12-14;21;0
5;2025-12-14;22;0
5;2025-12-14;23;0
5;2025-12-15;0;0
5;2025-12-15;1;0
5;2025-12-15;2;0
5;2025-12-15;3;0
5;2025-12-15;4;0
5;2025-12-15;5;0
5;2025-12-15;6;0
5;2025-12-15;7;0
5;2025-12-15;8;0
5;2025-12-15;9;0
5;2025-12-15;10;0
5;2025-12-15;11;0
5;2025-12-15;12;0
5;2025-12-15;13;0
5;2025-12-15;14;0
5;2025-12-15;15;0
5;2025-12-15;16;0
5;2025-12-15;17;0
5;2025-12-15;18;0
5;2025-12-15;19;0
5;2025-12-15;20;0
5;2025-12-15;21;0
5;2025-12-15;22;0
5;2025-12-15;23;0
5;2025-12-16;0;0
5;2025-12-16;1;0
5;2025-12-16;2;0
5;2025-12-16;3;0
5;2025-12-16;4;0
5;2025-12-16;5;0
5;2025-12-16;6;0
5;2025-12-16;7;0
5;2025-12-16;8;0
5;2025-12-16;9;0
5;2025-12-16;10;0
5;2025-12-16;11;0
5;2025-12-16;12;0
5;2025-12-16;13;0
5;2025-12-16;14;0
5;2025-12-16;15;0
5;2025-12-16;16;0
5;2025-12-16;17;0
5;2025-12-16;18;607
5;2025-12-16;19;331
5;2025-12-16;20;231
5;2025-12-16;21;154
5;2025-12-16;22;66
5;2025-12-16;23;38
5;2025-12-17;0;12
5;2025-12-17;1;0
5;2025-12-17;2;0
5;2025-12-17;3;0
5;2025-12-17;4;6
5;2025-12-17;5;23
5;2025-12-17;6;130
5;2025-12-17;7;394
5;2025-12-17;8;638
5;2025-12-17;9;504
5;2025-12-17;10;409
5;2025-12-17;11;371
5;2025-12-17;12;350
5;2025-12-17;13;371
5;2025-12-17;14;353
5;2025-12-17;15;407
5;2025-12-17;16;430
5;2025-12-17;17;569
5;2025-12-17;18;605
5;2025-12-17;19;331
5;2025-12-17;20;231
5;2025-12-17;21;154
5;2025-12-17;22;66
5;2025-12-17;23;38
5;2025-12-18;0;12
5;2025-12-18;1;0
5;2025-12-18;2;0
5;2025-12-18;3;0
5;2025-12-18;4;6
5;2025-12-18;5;23
5;2025-12-18;6;130
5;2025-12-18;7;395
5;2025-12-18;8;638
5;2025-12-18;9;504
5;2025-12-18;10;409
5;2025-12-18;11;371
5;2025-12-18;12;350
5;2025-12-18;13;371
5;2025-12-18;14;353
5;2025-12-18;15;407
5;2025-12-18;16;431
5;2025-12-18;17;570
5;2025-12-18;18;606
5;2025-12-18;19;332
5;2025-12-18;20;231
5;2025-12-18;21;154
5;2025-12-18;22;66
5;2025-12-18;23;38
5;2025-12-19;0;12
5;2025-12-19;1;0
5;2025-12-19;2;0
5;2025-12-19;3;0
5;2025-12-19;4;6
5;2025-12-19;5;23
5;2025-12-19;6;130
5;2025-12-19;7;395
5;2025-12-19;8;636
5;2025-12-19;9;504
5;2025-12-19;10;409
5;2025-12-19;11;371
5;2025-12-19;12;350
5;2025-12-19;13;371
5;2025-12-19;14;353
5;2025-12-19;15;407
5;2025-12-19;16;431
5;2025-12-19;17;570
5;2025-12-19;18;607
5;2025-12-19;19;332
5;2025-12-19;20;230
5;2025-12-19;21;155
5;2025-12-19;22;66
5;2025-12-19;23;39
5;2025-12-20;0;9
5;2025-12-20;1;0
5;2025-12-20;2;0
5;2025-12-20;3;0
5;2025-12-20;4;0
5;2025-12-20;5;15
5;2025-12-20;6;79
5;2025-12-20;7;253
5;2025-12-20;8;416
5;2025-12-20;9;324
5;2025-12-20;10;250
5;2025-12-20;11;226
5;2025-12-20;12;212
5;2025-12-20;13;226
5;2025-12-20;14;214
5;2025-12-20;15;247
5;2025-12-20;16;264
5;2025-12-20;17;348
5;2025-12-20;18;372
5;2025-12-20;19;204
5;2025-12-20;20;137
5;2025-12-20;21;94
5;2025-12-20;22;39
5;2025-12-20;23;25
5;2025-12-21;0;9
5;2025-12-21;1;0
5;2025-12-21;2;0
5;2025-12-21;3;0
5;2025-12-21;4;0
5;2025-12-21;5;14
5;2025-12-21;6;66
5;2025-12-21;7;211
5;2025-12-21;8;345
5;2025-12-21;9;270
5;2025-12-21;10;208
5;2025-12-21;11;189
5;2025-12-21;12;176
5;2025-12-21;13;186
5;2025-12-21;14;177
5;2025-12-21;15;207
5;2025-12-21;16;221
5;2025-12-21;17;289
5;2025-12-21;18;312
5;2025-12-21;19;169
5;2025-12-21;20;115
5;2025-12-21;21;79
5;2025-12-21;22;33
5;2025-12-21;23;21
5;2025-12-22;0;11
5;2025-12-22;1;0
5;2025-12-22;2;0
5;2025-12-22;3;0
5;2025-12-22;4;4
5;2025-12-22;5;23
5;2025-12-22;6;129
5;2025-12-22;7;391
5;2025-12-22;8;632
5;2025-12-22;9;499
5;2025-12-22;10;406
5;2025-12-22;11;367
5;2025-12-22;12;347
5;2025-12-22;13;368
5;2025-12-22;14;350
5;2025-12-22;15;405
5;2025-12-22;16;425
5;2025-12-22;17;564
5;2025-12-22;18;590
5;2025-12-22;19;327
5;2025-12-22;20;228
5;2025-12-22;21;152
5;2025-12-22;22;64
5;2025-12-22;23;39
5;2025-12-23;0;11
5;2025-12-23;1;0
5;2025-12-23;2;0
5;2025-12-23;3;0
5;2025-12-23;4;5
5;2025-12-23;5;23
5;2025-12-23;6;129
5;2025-12-23;7;391
5;2025-12-23;8;632
5;2025-12-23;9;500
5;2025-12-23;10;406
5;2025-12-23;11;368
5;2025-12-23;12;347
5;2025-12-23;13;366
5;2025-12-23;14;350
5;2025-12-23;15;405
5;2025-12-23;16;425
5;2025-12-23;17;564
5;2025-12-23;18;590
5;2025-12-23;19;327
5;2025-12-23;20;228
5;2025-12-23;21;153
5;2025-12-23;22;65
5;2025-12-23;23;39
5;2025-12-24;0;11
5;2025-12-24;1;0
5;2025-12-24;2;0
5;2025-12-24;3;0
5;2025-12-24;4;5
5;2025-12-24;5;23
5;2025-12-24;6;129
5;2025-12-24;7;391
5;2025-12-24;8;632
5;2025-12-24;9;500
5;2025-12-24;10;406
5;2025-12-24;11;366
5;2025-12-24;12;347
5;2025-12-24;13;367
5;2025-12-24;14;350
5;2025-12-24;15;405
5;2025-12-24;16;426
5;2025-12-24;17;564
5;2025-12-24;18;586
5;2025-12-24;19;327
5;2025-12-24;20;228
5;2025-12-24;21;153
5;2025-12-24;22;64
5;2025-12-24;23;39
5;2025-12-25;0;11
5;2025-12-25;1;0
5;2025-12-25;2;0
5;2025-12-25;3;0
5;2025-12-25;4;5
5;2025-12-25;5;23
5;2025-12-25;6;129
5;2025-12-25;7;390
5;2025-12-25;8;632
5;2025-12-25;9;500
5;2025-12-25;10;406
5;2025-12-25;11;367
5;2025-12-25;12;347
5;2025-12-25;13;367
5;2025-12-25;14;350
5;2025-12-25;15;405
5;2025-12-25;16;426
5;2025-12-25;17;564
5;2025-12-25;18;592
5;2025-12-25;19;327
5;2025-12-25;20;229
5;2025-12-25;21;153
5;2025-12-25;22;64
5;2025-12-25;23;38
5;2025-12-26;0;11
5;2025-12-26;1;0
5;2025-12-26;2;0
5;2025-12-26;3;0
5;2025-12-26;4;5
5;2025-12-26;5;23
5;2025-12-26;6;129
5;2025-12-26;7;391
5;2025-12-26;8;632
5;2025-12-26;9;500
5;2025-12-26;10;406
5;2025-12-26;11;366
5;2025-12-26;12;347
5;2025-12-26;13;367
5;2025-12-26;14;350
5;2025-12-26;15;405
5;2025-12-26;16;426
5;2025-12-26;17;565
5;2025-12-26;18;592
5;2025-12-26;19;327
5;2025-12-26;20;228
5;2025-12-26;21;153
5;2025-12-26;22;63
5;2025-12-26;23;39
5;2025-12-27;0;9
5;2025-12-27;1;0
5;2025-12-27;2;0
5;2025-12-27;3;0
5;2025-12-27;4;0
5;2025-12-27;5;15
5;2025-12-27;6;79
5;2025-12-27;7;252
5;2025-12-27;8;416
5;2025-12-27;9;324
5;2025-12-27;10;250
5;2025-12-27;11;226
5;2025-12-27;12;212
5;2025-12-27;13;226
5;2025-12-27;14;214
5;2025-12-27;15;246
5;2025-12-27;16;264
5;2025-12-27;17;348
5;2025-12-27;18;372
5;2025-12-27;19;204
5;2025-12-27;20;137
5;2025-12-27;21;94
5;2025-12-27;22;39
5;2025-12-27;23;25
5;2025-12-28;0;9
5;2025-12-28;1;0
5;2025-12-28;2;0
5;2025-12-28;3;0
5;2025-12-28;4;0
5;2025-12-28;5;14
5;2025-12-28;6;66
5;2025-12-28;7;210
5;2025-12-28;8;345
5;2025-12-28;9;270
5;2025-12-28;10;208
5;2025-12-28;11;189
5;2025-12-28;12;176
5;2025-12-28;13;186
5;2025-12-28;14;177
5;2025-12-28;15;208
5;2025-12-28;16;221
5;2025-12-28;17;290
5;2025-12-28;18;312
5;2025-12-28;19;169
5;2025-12-28;20;116
5;2025-12-28;21;79
5;2025-12-28;22;33
5;2025-12-28;23;20
5;2025-12-29;0;14
5;2025-12-29;1;0
5;2025-12-29;2;0
5;2025-12-29;3;0
5;2025-12-29;4;6
5;2025-12-29;5;29
5;2025-12-29;6;144
5;2025-12-29;7;430
5;2025-12-29;8;715
5;2025-12-29;9;555
5;2025-12-29;10;459
5;2025-12-29;11;410
5;2025-12-29;12;385
5;2025-12-29;13;411
5;2025-12-29;14;390
5;2025-12-29;15;457
5;2025-12-29;16;479
5;2025-12-29;17;643
5;2025-12-29;18;781
5;2025-12-29;19;374
5;2025-12-29;20;258
5;2025-12-29;21;173
5;2025-12-29;22;72
5;2025-12-29;23;41
5;2025-12-30;0;14
5;2025-12-30;1;0
5;2025-12-30;2;0
5;2025-12-30;3;0
5;2025-12-30;4;6
5;2025-12-30;5;29
5;2025-12-30;6;144
5;2025-12-30;7;430
5;2025-12-30;8;716
5;2025-12-30;9;555
5;2025-12-30;10;460
5;2025-12-30;11;412
5;2025-12-30;12;386
5;2025-12-30;13;411
5;2025-12-30;14;391
5;2025-12-30;15;459
5;2025-12-30;16;482
5;2025-12-30;17;643
5;2025-12-30;18;786
5;2025-12-30;19;375
5;2025-12-30;20;258
5;2025-12-30;21;173
5;2025-12-30;22;72
5;2025-12-30;23;42
5;2025-12-31;0;9
5;2025-12-31;1;0
5;2025-12-31;2;0
5;2025-12-31;3;0
5;2025-12-31;4;0
5;2025-12-31;5;14
5;2025-12-31;6;66
5;2025-12-31;7;206
5;2025-12-31;8;338
5;2025-12-31;9;264
5;2025-12-31;10;204
5;2025-12-31;11;185
5;2025-12-31;12;173
5;2025-12-31;13;183
5;2025-12-31;14;174
5;2025-12-31;15;204
5;2025-12-31;16;217
5;2025-12-31;17;284
5;2025-12-31;18;311
5;2025-12-31;19;178
5;2025-12-31;20;0
5;2025-12-31;21;0
5;2025-12-31;22;0
5;2025-12-31;23;0
7;2025-11-01;0;53
7;2025-11-01;1;10
7;2025-11-01;2;0
7;2025-11-01;3;0
7;2025-11-01;4;2
7;2025-11-01;5;143
7;2025-11-01;6;511
7;2025-11-01;7;1302
7;2025-11-01;8;1966
7;2025-11-01;9;1514
7;2025-11-01;10;1438
7;2025-11-01;11;1338
7;2025-11-01;12;1439
7;2025-11-01;13;1382
7;2025-11-01;14;1454
7;2025-11-01;15;1551
7;2025-11-01;16;1616
7;2025-11-01;17;1973
7;2025-11-01;18;1999
7;2025-11-01;19;1357
7;2025-11-01;20;898
7;2025-11-01;21;531
7;2025-11-01;22;232
7;2025-11-01;23;167
7;2025-11-02;0;95
7;2025-11-02;1;23
7;2025-11-02;2;0
7;2025-11-02;3;0
7;2025-11-02;4;3
7;2025-11-02;5;26
7;2025-11-02;6;131
7;2025-11-02;7;171
7;2025-11-02;8;389
7;2025-11-02;9;515
7;2025-11-02;10;390
7;2025-11-02;11;531
7;2025-11-02;12;650
7;2025-11-02;13;617
7;2025-11-02;14;675
7;2025-11-02;15;692
7;2025-11-02;16;585
7;2025-11-02;17;624
7;2025-11-02;18;646
7;2025-11-02;19;466
7;2025-11-02;20;399
7;2025-11-02;21;291
7;2025-11-02;22;154
7;2025-11-02;23;117
7;2025-11-03;0;90
7;2025-11-03;1;21
7;2025-11-03;2;0
7;2025-11-03;3;0
7;2025-11-03;4;0
7;2025-11-03;5;25
7;2025-11-03;6;123
7;2025-11-03;7;163
7;2025-11-03;8;369
7;2025-11-03;9;488
7;2025-11-03;10;369
7;2025-11-03;11;501
7;2025-11-03;12;616
7;2025-11-03;13;583
7;2025-11-03;14;639
7;2025-11-03;15;654
7;2025-11-03;16;554
7;2025-11-03;17;591
7;2025-11-03;18;613
7;2025-11-03;19;442
7;2025-11-03;20;379
7;2025-11-03;21;274
7;2025-11-03;22;147
7;2025-11-03;23;111
7;2025-11-04;0;89
7;2025-11-04;1;21
7;2025-11-04;2;0
7;2025-11-04;3;0
7;2025-11-04;4;0
7;2025-11-04;5;25
7;2025-11-04;6;123
7;2025-11-04;7;163
7;2025-11-04;8;369
7;2025-11-04;9;488
7;2025-11-04;10;369
7;2025-11-04;11;504
7;2025-11-04;12;617
7;2025-11-04;13;584
7;2025-11-04;14;638
7;2025-11-04;15;653
7;2025-11-04;16;552
7;2025-11-04;17;590
7;2025-11-04;18;613
7;2025-11-04;19;441
7;2025-11-04;20;378
7;2025-11-04;21;275
7;2025-11-04;22;146
7;2025-11-04;23;111
7;2025-11-05;0;52
7;2025-11-05;1;7
7;2025-11-05;2;0
7;2025-11-05;3;0
7;2025-11-05;4;1
7;2025-11-05;5;185
7;2025-11-05;6;606
7;2025-11-05;7;1527
7;2025-11-05;8;2449
7;2025-11-05;9;1821
7;2025-11-05;10;1735
7;2025-11-05;11;1561
7;2025-11-05;12;1654
7;2025-11-05;13;1559
7;2025-11-05;14;1655
7;2025-11-05;15;1785
7;2025-11-05;16;1847
7;2025-11-05;17;2386
7;2025-11-05;18;2534
7;2025-11-05;19;1651
7;2025-11-05;20;1047
7;2025-11-05;21;616
7;2025-11-05;22;298
7;2025-11-05;23;187
7;2025-11-06;0;57
7;2025-11-06;1;10
7;2025-11-06;2;0
7;2025-11-06;3;0
7;2025-11-06;4;1
7;2025-11-06;5;189
7;2025-11-06;6;624
7;2025-11-06;7;1578
7;2025-11-06;8;2470
7;2025-11-06;9;1833
7;2025-11-06;10;1706
7;2025-11-06;11;1566
7;2025-11-06;12;1692
7;2025-11-06;13;1593
7;2025-11-06;14;1720
7;2025-11-06;15;1791
7;2025-11-06;16;1867
7;2025-11-06;17;2375
7;2025-11-06;18;2594
7;2025-11-06;19;1669
7;2025-11-06;20;1076
7;2025-11-06;21;631
7;2025-11-06;22;306
7;2025-11-06;23;198
7;2025-11-07;0;64
7;2025-11-07;1;9
7;2025-11-07;2;0
7;2025-11-07;3;0
7;2025-11-07;4;1
7;2025-11-07;5;180
7;2025-11-07;6;605
7;2025-11-07;7;1538
7;2025-11-07;8;2353
7;2025-11-07;9;1767
7;2025-11-07;10;1706
7;2025-11-07;11;1589
7;2025-11-07;12;1717
7;2025-11-07;13;1690
7;2025-11-07;14;1784
7;2025-11-07;15;1918
7;2025-11-07;16;2024
7;2025-11-07;17;2381
7;2025-11-07;18;2145
7;2025-11-07;19;1471
7;2025-11-07;20;1021
7;2025-11-07;21;608
7;2025-11-07;22;320
7;2025-11-07;23;232
7;2025-11-08;0;112
7;2025-11-08;1;23
7;2025-11-08;2;0
7;2025-11-08;3;0
7;2025-11-08;4;2
7;2025-11-08;5;51
7;2025-11-08;6;274
7;2025-11-08;7;305
7;2025-11-08;8;692
7;2025-11-08;9;582
7;2025-11-08;10;625
7;2025-11-08;11;653
7;2025-11-08;12;916
7;2025-11-08;13;829
7;2025-11-08;14;835
7;2025-11-08;15;831
7;2025-11-08;16;849
7;2025-11-08;17;849
7;2025-11-08;18;743
7;2025-11-08;19;608
7;2025-11-08;20;490
7;2025-11-08;21;354
7;2025-11-08;22;187
7;2025-11-08;23;162
7;2025-11-09;0;95
7;2025-11-09;1;23
7;2025-11-09;2;0
7;2025-11-09;3;0
7;2025-11-09;4;3
7;2025-11-09;5;26
7;2025-11-09;6;130
7;2025-11-09;7;171
7;2025-11-09;8;389
7;2025-11-09;9;514
7;2025-11-09;10;391
7;2025-11-09;11;532
7;2025-11-09;12;651
7;2025-11-09;13;616
7;2025-11-09;14;677
7;2025-11-09;15;692
7;2025-11-09;16;586
7;2025-11-09;17;625
7;2025-11-09;18;645
7;2025-11-09;19;465
7;2025-11-09;20;399
7;2025-11-09;21;291
7;2025-11-09;22;154
7;2025-11-09;23;115
7;2025-11-10;0;58
7;2025-11-10;1;7
7;2025-11-10;2;0
7;2025-11-10;3;0
7;2025-11-10;4;1
7;2025-11-10;5;182
7;2025-11-10;6;617
7;2025-11-10;7;1581
7;2025-11-10;8;2487
7;2025-11-10;9;1833
7;2025-11-10;10;1689
7;2025-11-10;11;1525
7;2025-11-10;12;1645
7;2025-11-10;13;1574
7;2025-11-10;14;1660
7;2025-11-10;15;1783
7;2025-11-10;16;1864
7;2025-11-10;17;2385
7;2025-11-10;18;2549
7;2025-11-10;19;1683
7;2025-11-10;20;1060
7;2025-11-10;21;592
7;2025-11-10;22;273
7;2025-11-10;23;170
7;2025-11-11;0;48
7;2025-11-11;1;8
7;2025-11-11;2;0
7;2025-11-11;3;0
7;2025-11-11;4;1
7;2025-11-11;5;186
7;2025-11-11;6;630
7;2025-11-11;7;1601
7;2025-11-11;8;2493
7;2025-11-11;9;1847
7;2025-11-11;10;1724
7;2025-11-11;11;1602
7;2025-11-11;12;1687
7;2025-11-11;13;1604
7;2025-11-11;14;1662
7;2025-11-11;15;1805
7;2025-11-11;16;1857
7;2025-11-11;17;2408
7;2025-11-11;18;2574
7;2025-11-11;19;1712
7;2025-11-11;20;1081
7;2025-11-11;21;627
7;2025-11-11;22;295
7;2025-11-11;23;186
7;2025-11-12;0;52
7;2025-11-12;1;8
7;2025-11-12;2;0
7;2025-11-12;3;0
7;2025-11-12;4;1
7;2025-11-12;5;187
7;2025-11-12;6;619
7;2025-11-12;7;1545
7;2025-11-12;8;2475
7;2025-11-12;9;1848
7;2025-11-12;10;1741
7;2025-11-12;11;1558
7;2025-11-12;12;1649
7;2025-11-12;13;1559
7;2025-11-12;14;1660
7;2025-11-12;15;1796
7;2025-11-12;16;1864
7;2025-11-12;17;2405
7;2025-11-12;18;2530
7;2025-11-12;19;1649
7;2025-11-12;20;1051
7;2025-11-12;21;626
7;2025-11-12;22;300
7;2025-11-12;23;189
7;2025-11-13;0;56
7;2025-11-13;1;10
7;2025-11-13;2;0
7;2025-11-13;3;0
7;2025-11-13;4;1
7;2025-11-13;5;186
7;2025-11-13;6;626
7;2025-11-13;7;1561
7;2025-11-13;8;2477
7;2025-11-13;9;1849
7;2025-11-13;10;1704
7;2025-11-13;11;1560
7;2025-11-13;12;1687
7;2025-11-13;13;1602
7;2025-11-13;14;1707
7;2025-11-13;15;1793
7;2025-11-13;16;1884
7;2025-11-13;17;2391
7;2025-11-13;18;2590
7;2025-11-13;19;1671
7;2025-11-13;20;1080
7;2025-11-13;21;637
7;2025-11-13;22;307
7;2025-11-13;23;198
7;2025-11-14;0;64
7;2025-11-14;1;10
7;2025-11-14;2;0
7;2025-11-14;3;0
7;2025-11-14;4;1
7;2025-11-14;5;184
7;2025-11-14;6;623
7;2025-11-14;7;1559
7;2025-11-14;8;2394
7;2025-11-14;9;1814
7;2025-11-14;10;1744
7;2025-11-14;11;1610
7;2025-11-14;12;1723
7;2025-11-14;13;1701
7;2025-11-14;14;1817
7;2025-11-14;15;1947
7;2025-11-14;16;2050
7;2025-11-14;17;2404
7;2025-11-14;18;2156
7;2025-11-14;19;1504
7;2025-11-14;20;1039
7;2025-11-14;21;620
7;2025-11-14;22;324
7;2025-11-14;23;232
7;2025-11-15;0;100
7;2025-11-15;1;26
7;2025-11-15;2;0
7;2025-11-15;3;0
7;2025-11-15;4;0
7;2025-11-15;5;56
7;2025-11-15;6;319
7;2025-11-15;7;498
7;2025-11-15;8;794
7;2025-11-15;9;909
7;2025-11-15;10;962
7;2025-11-15;11;1113
7;2025-11-15;12;1373
7;2025-11-15;13;1322
7;2025-11-15;14;1445
7;2025-11-15;15;1258
7;2025-11-15;16;1208
7;2025-11-15;17;1211
7;2025-11-15;18;1117
7;2025-11-15;19;1133
7;2025-11-15;20;826
7;2025-11-15;21;656
7;2025-11-15;22;365
7;2025-11-15;23;218
7;2025-11-16;0;114
7;2025-11-16;1;29
7;2025-11-16;2;0
7;2025-11-16;3;0
7;2025-11-16;4;0
7;2025-11-16;5;34
7;2025-11-16;6;211
7;2025-11-16;7;344
7;2025-11-16;8;543
7;2025-11-16;9;729
7;2025-11-16;10;797
7;2025-11-16;11;997
7;2025-11-16;12;1154
7;2025-11-16;13;1186
7;2025-11-16;14;1281
7;2025-11-16;15;1258
7;2025-11-16;16;1130
7;2025-11-16;17;1232
7;2025-11-16;18;1040
7;2025-11-16;19;884
7;2025-11-16;20;760
7;2025-11-16;21;610
7;2025-11-16;22;352
7;2025-11-16;23;192
7;2025-11-17;0;59
7;2025-11-17;1;9
7;2025-11-17;2;0
7;2025-11-17;3;0
7;2025-11-17;4;1
7;2025-11-17;5;190
7;2025-11-17;6;628
7;2025-11-17;7;1572
7;2025-11-17;8;2473
7;2025-11-17;9;1835
7;2025-11-17;10;1678
7;2025-11-17;11;1485
7;2025-11-17;12;1585
7;2025-11-17;13;1538
7;2025-11-17;14;1630
7;2025-11-17;15;1742
7;2025-11-17;16;1819
7;2025-11-17;17;2361
7;2025-11-17;18;2542
7;2025-11-17;19;1696
7;2025-11-17;20;1060
7;2025-11-17;21;607
7;2025-11-17;22;282
7;2025-11-17;23;174
7;2025-11-18;0;51
7;2025-11-18;1;11
7;2025-11-18;2;0
7;2025-11-18;3;0
7;2025-11-18;4;3
7;2025-11-18;5;189
7;2025-11-18;6;632
7;2025-11-18;7;1543
7;2025-11-18;8;2380
7;2025-11-18;9;1819
7;2025-11-18;10;1671
7;2025-11-18;11;1512
7;2025-11-18;12;1618
7;2025-11-18;13;1520
7;2025-11-18;14;1582
7;2025-11-18;15;1715
7;2025-11-18;16;1768
7;2025-11-18;17;2326
7;2025-11-18;18;2492
7;2025-11-18;19;1657
7;2025-11-18;20;1069
7;2025-11-18;21;612
7;2025-11-18;22;294
7;2025-11-18;23;179
7;2025-11-19;0;52
7;2025-11-19;1;6
7;2025-11-19;2;0
7;2025-11-19;3;0
7;2025-11-19;4;1
7;2025-11-19;5;190
7;2025-11-19;6;643
7;2025-11-19;7;1575
7;2025-11-19;8;2531
7;2025-11-19;9;1908
7;2025-11-19;10;1804
7;2025-11-19;11;1619
7;2025-11-19;12;1685
7;2025-11-19;13;1608
7;2025-11-19;14;1735
7;2025-11-19;15;1863
7;2025-11-19;16;1915
7;2025-11-19;17;2456
7;2025-11-19;18;2568
7;2025-11-19;19;1693
7;2025-11-19;20;1060
7;2025-11-19;21;631
7;2025-11-19;22;306
7;2025-11-19;23;192
7;2025-11-20;0;57
7;2025-11-20;1;10
7;2025-11-20;2;0
7;2025-11-20;3;0
7;2025-11-20;4;1
7;2025-11-20;5;188
7;2025-11-20;6;644
7;2025-11-20;7;1597
7;2025-11-20;8;2537
7;2025-11-20;9;1899
7;2025-11-20;10;1751
7;2025-11-20;11;1585
7;2025-11-20;12;1698
7;2025-11-20;13;1630
7;2025-11-20;14;1743
7;2025-11-20;15;1826
7;2025-11-20;16;1916
7;2025-11-20;17;2432
7;2025-11-20;18;2618
7;2025-11-20;19;1710
7;2025-11-20;20;1089
7;2025-11-20;21;645
7;2025-11-20;22;312
7;2025-11-20;23;198
7;2025-11-21;0;64
7;2025-11-21;1;10
7;2025-11-21;2;0
7;2025-11-21;3;0
7;2025-11-21;4;1
7;2025-11-21;5;185
7;2025-11-21;6;630
7;2025-11-21;7;1564
7;2025-11-21;8;2416
7;2025-11-21;9;1828
7;2025-11-21;10;1746
7;2025-11-21;11;1608
7;2025-11-21;12;1698
7;2025-11-21;13;1695
7;2025-11-21;14;1791
7;2025-11-21;15;1921
7;2025-11-21;16;2040
7;2025-11-21;17;2406
7;2025-11-21;18;2143
7;2025-11-21;19;1504
7;2025-11-21;20;1024
7;2025-11-21;21;615
7;2025-11-21;22;319
7;2025-11-21;23;234
7;2025-11-22;0;101
7;2025-11-22;1;26
7;2025-11-22;2;0
7;2025-11-22;3;0
7;2025-11-22;4;0
7;2025-11-22;5;56
7;2025-11-22;6;320
7;2025-11-22;7;499
7;2025-11-22;8;797
7;2025-11-22;9;912
7;2025-11-22;10;966
7;2025-11-22;11;1117
7;2025-11-22;12;1376
7;2025-11-22;13;1326
7;2025-11-22;14;1450
7;2025-11-22;15;1264
7;2025-11-22;16;1214
7;2025-11-22;17;1216
7;2025-11-22;18;1122
7;2025-11-22;19;1139
7;2025-11-22;20;829
7;2025-11-22;21;659
7;2025-11-22;22;366
7;2025-11-22;23;218
7;2025-11-23;0;114
7;2025-11-23;1;29
7;2025-11-23;2;0
7;2025-11-23;3;0
7;2025-11-23;4;0
7;2025-11-23;5;33
7;2025-11-23;6;211
7;2025-11-23;7;344
7;2025-11-23;8;543
7;2025-11-23;9;730
7;2025-11-23;10;796
7;2025-11-23;11;996
7;2025-11-23;12;1155
7;2025-11-23;13;1187
7;2025-11-23;14;1283
7;2025-11-23;15;1258
7;2025-11-23;16;1131
7;2025-11-23;17;1234
7;2025-11-23;18;1040
7;2025-11-23;19;883
7;2025-11-23;20;762
7;2025-11-23;21;610
7;2025-11-23;22;351
7;2025-11-23;23;191
7;2025-11-24;0;58
7;2025-11-24;1;10
7;2025-11-24;2;0
7;2025-11-24;3;0
7;2025-11-24;4;1
7;2025-11-24;5;188
7;2025-11-24;6;627
7;2025-11-24;7;1535
7;2025-11-24;8;2402
7;2025-11-24;9;1823
7;2025-11-24;10;1645
7;2025-11-24;11;1443
7;2025-11-24;12;1566
7;2025-11-24;13;1508
7;2025-11-24;14;1594
7;2025-11-24;15;1705
7;2025-11-24;16;1777
7;2025-11-24;17;2316
7;2025-11-24;18;2513
7;2025-11-24;19;1674
7;2025-11-24;20;1053
7;2025-11-24;21;592
7;2025-11-24;22;278
7;2025-11-24;23;168
7;2025-11-25;0;48
7;2025-11-25;1;9
7;2025-11-25;2;0
7;2025-11-25;3;0
7;2025-11-25;4;1
7;2025-11-25;5;191
7;2025-11-25;6;652
7;2025-11-25;7;1606
7;2025-11-25;8;2531
7;2025-11-25;9;1891
7;2025-11-25;10;1761
7;2025-11-25;11;1605
7;2025-11-25;12;1672
7;2025-11-25;13;1611
7;2025-11-25;14;1706
7;2025-11-25;15;1827
7;2025-11-25;16;1882
7;2025-11-25;17;2432
7;2025-11-25;18;2562
7;2025-11-25;19;1732
7;2025-11-25;20;1071
7;2025-11-25;21;634
7;2025-11-25;22;298
7;2025-11-25;23;184
7;2025-11-26;0;53
7;2025-11-26;1;9
7;2025-11-26;2;0
7;2025-11-26;3;0
7;2025-11-26;4;2
7;2025-11-26;5;190
7;2025-11-26;6;637
7;2025-11-26;7;1545
7;2025-11-26;8;2493
7;2025-11-26;9;1872
7;2025-11-26;10;1747
7;2025-11-26;11;1536
7;2025-11-26;12;1617
7;2025-11-26;13;1548
7;2025-11-26;14;1654
7;2025-11-26;15;1772
7;2025-11-26;16;1846
7;2025-11-26;17;2400
7;2025-11-26;18;2515
7;2025-11-26;19;1645
7;2025-11-26;20;1031
7;2025-11-26;21;610
7;2025-11-26;22;295
7;2025-11-26;23;182
7;2025-11-27;0;59
7;2025-11-27;1;12
7;2025-11-27;2;0
7;2025-11-27;3;0
7;2025-11-27;4;1
7;2025-11-27;5;194
7;2025-11-27;6;642
7;2025-11-27;7;1582
7;2025-11-27;8;2487
7;2025-11-27;9;1876
7;2025-11-27;10;1717
7;2025-11-27;11;1537
7;2025-11-27;12;1651
7;2025-11-27;13;1584
7;2025-11-27;14;1683
7;2025-11-27;15;1763
7;2025-11-27;16;1856
7;2025-11-27;17;2383
7;2025-11-27;18;2567
7;2025-11-27;19;1649
7;2025-11-27;20;1064
7;2025-11-27;21;626
7;2025-11-27;22;298
7;2025-11-27;23;189
7;2025-11-28;0;62
7;2025-11-28;1;14
7;2025-11-28;2;0
7;2025-11-28;3;0
7;2025-11-28;4;2
7;2025-11-28;5;185
7;2025-11-28;6;626
7;2025-11-28;7;1535
7;2025-11-28;8;2383
7;2025-11-28;9;1813
7;2025-11-28;10;1710
7;2025-11-28;11;1555
7;2025-11-28;12;1677
7;2025-11-28;13;1667
7;2025-11-28;14;1757
7;2025-11-28;15;1876
7;2025-11-28;16;2008
7;2025-11-28;17;2379
7;2025-11-28;18;2126
7;2025-11-28;19;1480
7;2025-11-28;20;1016
7;2025-11-28;21;607
7;2025-11-28;22;315
7;2025-11-28;23;226
7;2025-11-29;0;100
7;2025-11-29;1;28
7;2025-11-29;2;0
7;2025-11-29;3;0
7;2025-11-29;4;0
7;2025-11-29;5;55
7;2025-11-29;6;317
7;2025-11-29;7;497
7;2025-11-29;8;793
7;2025-11-29;9;908
7;2025-11-29;10;961
7;2025-11-29;11;1112
7;2025-11-29;12;1373
7;2025-11-29;13;1321
7;2025-11-29;14;1447
7;2025-11-29;15;1260
7;2025-11-29;16;1209
7;2025-11-29;17;1211
7;2025-11-29;18;1115
7;2025-11-29;19;1132
7;2025-11-29;20;824
7;2025-11-29;21;655
7;2025-11-29;22;365
7;2025-11-29;23;216
7;2025-11-30;0;113
7;2025-11-30;1;29
7;2025-11-30;2;0
7;2025-11-30;3;0
7;2025-11-30;4;0
7;2025-11-30;5;33
7;2025-11-30;6;209
7;2025-11-30;7;341
7;2025-11-30;8;538
7;2025-11-30;9;724
7;2025-11-30;10;791
7;2025-11-30;11;991
7;2025-11-30;12;1151
7;2025-11-30;13;1182
7;2025-11-30;14;1276
7;2025-11-30;15;1253
7;2025-11-30;16;1126
7;2025-11-30;17;1228
7;2025-11-30;18;1033
7;2025-11-30;19;878
7;2025-11-30;20;756
7;2025-11-30;21;607
7;2025-11-30;22;350
7;2025-11-30;23;190
7;2025-12-01;0;55
7;2025-12-01;1;9
7;2025-12-01;2;0
7;2025-12-01;3;0
7;2025-12-01;4;1
7;2025-12-01;5;175
7;2025-12-01;6;598
7;2025-12-01;7;1462
7;2025-12-01;8;2331
7;2025-12-01;9;1742
7;2025-12-01;10;1578
7;2025-12-01;11;1392
7;2025-12-01;12;1491
7;2025-12-01;13;1455
7;2025-12-01;14;1531
7;2025-12-01;15;1634
7;2025-12-01;16;1726
7;2025-12-01;17;2214
7;2025-12-01;18;2355
7;2025-12-01;19;1564
7;2025-12-01;20;969
7;2025-12-01;21;553
7;2025-12-01;22;251
7;2025-12-01;23;155
7;2025-12-02;0;46
7;2025-12-02;1;8
7;2025-12-02;2;0
7;2025-12-02;3;0
7;2025-12-02;4;1
7;2025-12-02;5;176
7;2025-12-02;6;611
7;2025-12-02;7;1485
7;2025-12-02;8;2328
7;2025-12-02;9;1749
7;2025-12-02;10;1608
7;2025-12-02;11;1460
7;2025-12-02;12;1528
7;2025-12-02;13;1476
7;2025-12-02;14;1538
7;2025-12-02;15;1652
7;2025-12-02;16;1729
7;2025-12-02;17;2246
7;2025-12-02;18;2363
7;2025-12-02;19;1586
7;2025-12-02;20;983
7;2025-12-02;21;584
7;2025-12-02;22;268
7;2025-12-02;23;166
7;2025-12-03;0;49
7;2025-12-03;1;10
7;2025-12-03;2;0
7;2025-12-03;3;0
7;2025-12-03;4;1
7;2025-12-03;5;177
7;2025-12-03;6;603
7;2025-12-03;7;1451
7;2025-12-03;8;2339
7;2025-12-03;9;1768
7;2025-12-03;10;1640
7;2025-12-03;11;1452
7;2025-12-03;12;1527
7;2025-12-03;13;1472
7;2025-12-03;14;1548
7;2025-12-03;15;1665
7;2025-12-03;16;1758
7;2025-12-03;17;2274
7;2025-12-03;18;2370
7;2025-12-03;19;1548
7;2025-12-03;20;966
7;2025-12-03;21;584
7;2025-12-03;22;274
7;2025-12-03;23;171
7;2025-12-04;0;53
7;2025-12-04;1;11
7;2025-12-04;2;0
7;2025-12-04;3;0
7;2025-12-04;4;1
7;2025-12-04;5;175
7;2025-12-04;6;611
7;2025-12-04;7;1475
7;2025-12-04;8;2345
7;2025-12-04;9;1764
7;2025-12-04;10;1595
7;2025-12-04;11;1446
7;2025-12-04;12;1541
7;2025-12-04;13;1488
7;2025-12-04;14;1585
7;2025-12-04;15;1654
7;2025-12-04;16;1764
7;2025-12-04;17;2243
7;2025-12-04;18;2411
7;2025-12-04;19;1568
7;2025-12-04;20;993
7;2025-12-04;21;597
7;2025-12-04;22;285
7;2025-12-04;23;181
7;2025-12-05;0;60
7;2025-12-05;1;10
7;2025-12-05;2;0
7;2025-12-05;3;0
7;2025-12-05;4;1
7;2025-12-05;5;173
7;2025-12-05;6;597
7;2025-12-05;7;1446
7;2025-12-05;8;2248
7;2025-12-05;9;1708
7;2025-12-05;10;1612
7;2025-12-05;11;1466
7;2025-12-05;12;1560
7;2025-12-05;13;1578
7;2025-12-05;14;1661
7;2025-12-05;15;1775
7;2025-12-05;16;1915
7;2025-12-05;17;2241
7;2025-12-05;18;2011
7;2025-12-05;19;1396
7;2025-12-05;20;941
7;2025-12-05;21;571
7;2025-12-05;22;299
7;2025-12-05;23;215
7;2025-12-06;0;93
7;2025-12-06;1;25
7;2025-12-06;2;0
7;2025-12-06;3;0
7;2025-12-06;4;0
7;2025-12-06;5;52
7;2025-12-06;6;301
7;2025-12-06;7;470
7;2025-12-06;8;745
7;2025-12-06;9;861
7;2025-12-06;10;910
7;2025-12-06;11;1055
7;2025-12-06;12;1305
7;2025-12-06;13;1253
7;2025-12-06;14;1377
7;2025-12-06;15;1196
7;2025-12-06;16;1147
7;2025-12-06;17;1148
7;2025-12-06;18;1057
7;2025-12-06;19;1069
7;2025-12-06;20;781
7;2025-12-06;21;621
7;2025-12-06;22;343
7;2025-12-06;23;205
7;2025-12-07;0;105
7;2025-12-07;1;28
7;2025-12-07;2;0
7;2025-12-07;3;0
7;2025-12-07;4;0
7;2025-12-07;5;31
7;2025-12-07;6;199
7;2025-12-07;7;324
7;2025-12-07;8;511
7;2025-12-07;9;685
7;2025-12-07;10;753
7;2025-12-07;11;944
7;2025-12-07;12;1098
7;2025-12-07;13;1126
7;2025-12-07;14;1218
7;2025-12-07;15;1198
7;2025-12-07;16;1075
7;2025-12-07;17;1168
7;2025-12-07;18;982
7;2025-12-07;19;837
7;2025-12-07;20;716
7;2025-12-07;21;572
7;2025-12-07;22;330
7;2025-12-07;23;181
7;2025-12-08;0;56
7;2025-12-08;1;10
7;2025-12-08;2;0
7;2025-12-08;3;0
7;2025-12-08;4;1
7;2025-12-08;5;174
7;2025-12-08;6;604
7;2025-12-08;7;1466
7;2025-12-08;8;2321
7;2025-12-08;9;1752
7;2025-12-08;10;1577
7;2025-12-08;11;1379
7;2025-12-08;12;1481
7;2025-12-08;13;1452
7;2025-12-08;14;1530
7;2025-12-08;15;1624
7;2025-12-08;16;1726
7;2025-12-08;17;2217
7;2025-12-08;18;2362
7;2025-12-08;19;1571
7;2025-12-08;20;974
7;2025-12-08;21;556
7;2025-12-08;22;254
7;2025-12-08;23;154
7;2025-12-09;0;47
7;2025-12-09;1;9
7;2025-12-09;2;0
7;2025-12-09;3;0
7;2025-12-09;4;1
7;2025-12-09;5;180
7;2025-12-09;6;623
7;2025-12-09;7;1499
7;2025-12-09;8;2363
7;2025-12-09;9;1786
7;2025-12-09;10;1637
7;2025-12-09;11;1460
7;2025-12-09;12;1526
7;2025-12-09;13;1485
7;2025-12-09;14;1570
7;2025-12-09;15;1670
7;2025-12-09;16;1747
7;2025-12-09;17;2256
7;2025-12-09;18;2379
7;2025-12-09;19;1620
7;2025-12-09;20;998
7;2025-12-09;21;596
7;2025-12-09;22;277
7;2025-12-09;23;169
7;2025-12-10;0;48
7;2025-12-10;1;8
7;2025-12-10;2;0
7;2025-12-10;3;0
7;2025-12-10;4;1
7;2025-12-10;5;180
7;2025-12-10;6;616
7;2025-12-10;7;1462
7;2025-12-10;8;2362
7;2025-12-10;9;1790
7;2025-12-10;10;1651
7;2025-12-10;11;1450
7;2025-12-10;12;1517
7;2025-12-10;13;1469
7;2025-12-10;14;1572
7;2025-12-10;15;1677
7;2025-12-10;16;1761
7;2025-12-10;17;2276
7;2025-12-10;18;2385
7;2025-12-10;19;1577
7;2025-12-10;20;974
7;2025-12-10;21;591
7;2025-12-10;22;285
7;2025-12-10;23;175
7;2025-12-11;0;55
7;2025-12-11;1;10
7;2025-12-11;2;0
7;2025-12-11;3;0
7;2025-12-11;4;1
7;2025-12-11;5;180
7;2025-12-11;6;614
7;2025-12-11;7;1471
7;2025-12-11;8;2302
7;2025-12-11;9;1743
7;2025-12-11;10;1568
7;2025-12-11;11;1403
7;2025-12-11;12;1493
7;2025-12-11;13;1450
7;2025-12-11;14;1560
7;2025-12-11;15;1623
7;2025-12-11;16;1721
7;2025-12-11;17;2198
7;2025-12-11;18;2364
7;2025-12-11;19;1535
7;2025-12-11;20;970
7;2025-12-11;21;583
7;2025-12-11;22;283
7;2025-12-11;23;178
7;2025-12-12;0;61
7;2025-12-12;1;12
7;2025-12-12;2;0
7;2025-12-12;3;0
7;2025-12-12;4;2
7;2025-12-12;5;173
7;2025-12-12;6;597
7;2025-12-12;7;1427
7;2025-12-12;8;2193
7;2025-12-12;9;1708
7;2025-12-12;10;1607
7;2025-12-12;11;1437
7;2025-12-12;12;1527
7;2025-12-12;13;1549
7;2025-12-12;14;1610
7;2025-12-12;15;1712
7;2025-12-12;16;1851
7;2025-12-12;17;2164
7;2025-12-12;18;1963
7;2025-12-12;19;1377
7;2025-12-12;20;929
7;2025-12-12;21;551
7;2025-12-12;22;296
7;2025-12-12;23;212
7;2025-12-13;0;93
7;2025-12-13;1;24
7;2025-12-13;2;0
7;2025-12-13;3;0
7;2025-12-13;4;0
7;2025-12-13;5;53
7;2025-12-13;6;300
7;2025-12-13;7;470
7;2025-12-13;8;744
7;2025-12-13;9;860
7;2025-12-13;10;910
7;2025-12-13;11;1053
7;2025-12-13;12;1302
7;2025-12-13;13;1250
7;2025-12-13;14;1374
7;2025-12-13;15;1193
7;2025-12-13;16;1145
7;2025-12-13;17;1145
7;2025-12-13;18;1056
7;2025-12-13;19;1065
7;2025-12-13;20;778
7;2025-12-13;21;619
7;2025-12-13;22;343
7;2025-12-13;23;204
7;2025-12-14;0;105
7;2025-12-14;1;27
7;2025-12-14;2;0
7;2025-12-14;3;0
7;2025-12-14;4;0
7;2025-12-14;5;30
7;2025-12-14;6;199
7;2025-12-14;7;325
7;2025-12-14;8;510
7;2025-12-14;9;685
7;2025-12-14;10;751
7;2025-12-14;11;941
7;2025-12-14;12;1097
7;2025-12-14;13;1125
7;2025-12-14;14;1216
7;2025-12-14;15;1195
7;2025-12-14;16;1073
7;2025-12-14;17;1167
7;2025-12-14;18;982
7;2025-12-14;19;836
7;2025-12-14;20;715
7;2025-12-14;21;572
7;2025-12-14;22;329
7;2025-12-14;23;181
7;2025-12-15;0;52
7;2025-12-15;1;7
7;2025-12-15;2;0
7;2025-12-15;3;0
7;2025-12-15;4;1
7;2025-12-15;5;179
7;2025-12-15;6;619
7;2025-12-15;7;1479
7;2025-12-15;8;2314
7;2025-12-15;9;1746
7;2025-12-15;10;1562
7;2025-12-15;11;1368
7;2025-12-15;12;1439
7;2025-12-15;13;1436
7;2025-12-15;14;1503
7;2025-12-15;15;1597
7;2025-12-15;16;1704
7;2025-12-15;17;2195
7;2025-12-15;18;2342
7;2025-12-15;19;1585
7;2025-12-15;20;964
7;2025-12-15;21;552
7;2025-12-15;22;253
7;2025-12-15;23;153
7;2025-12-16;0;47
7;2025-12-16;1;8
7;2025-12-16;2;0
7;2025-12-16;3;0
7;2025-12-16;4;1
7;2025-12-16;5;181
7;2025-12-16;6;640
7;2025-12-16;7;1525
7;2025-12-16;8;2363
7;2025-12-16;9;1799
7;2025-12-16;10;1625
7;2025-12-16;11;1452
7;2025-12-16;12;1504
7;2025-12-16;13;1481
7;2025-12-16;14;1534
7;2025-12-16;15;1639
7;2025-12-16;16;1729
7;2025-12-16;17;2261
7;2025-12-16;18;2424
7;2025-12-16;19;1656
7;2025-12-16;20;1009
7;2025-12-16;21;612
7;2025-12-16;22;284
7;2025-12-16;23;170
7;2025-12-17;0;49
7;2025-12-17;1;9
7;2025-12-17;2;0
7;2025-12-17;3;0
7;2025-12-17;4;1
7;2025-12-17;5;177
7;2025-12-17;6;620
7;2025-12-17;7;1471
7;2025-12-17;8;2328
7;2025-12-17;9;1778
7;2025-12-17;10;1637
7;2025-12-17;11;1438
7;2025-12-17;12;1505
7;2025-12-17;13;1457
7;2025-12-17;14;1546
7;2025-12-17;15;1654
7;2025-12-17;16;1752
7;2025-12-17;17;2266
7;2025-12-17;18;2365
7;2025-12-17;19;1566
7;2025-12-17;20;958
7;2025-12-17;21;582
7;2025-12-17;22;279
7;2025-12-17;23;172
7;2025-12-18;0;52
7;2025-12-18;1;11
7;2025-12-18;2;0
7;2025-12-18;3;0
7;2025-12-18;4;1
7;2025-12-18;5;177
7;2025-12-18;6;625
7;2025-12-18;7;1490
7;2025-12-18;8;2325
7;2025-12-18;9;1763
7;2025-12-18;10;1580
7;2025-12-18;11;1415
7;2025-12-18;12;1504
7;2025-12-18;13;1461
7;2025-12-18;14;1567
7;2025-12-18;15;1625
7;2025-12-18;16;1744
7;2025-12-18;17;2220
7;2025-12-18;18;2398
7;2025-12-18;19;1467
7;2025-12-18;20;985
7;2025-12-18;21;594
7;2025-12-18;22;289
7;2025-12-18;23;180
7;2025-12-19;0;62
7;2025-12-19;1;13
7;2025-12-19;2;0
7;2025-12-19;3;0
7;2025-12-19;4;2
7;2025-12-19;5;172
7;2025-12-19;6;611
7;2025-12-19;7;1450
7;2025-12-19;8;2225
7;2025-12-19;9;1709
7;2025-12-19;10;1590
7;2025-12-19;11;1435
7;2025-12-19;12;1514
7;2025-12-19;13;1545
7;2025-12-19;14;1621
7;2025-12-19;15;1728
7;2025-12-19;16;1893
7;2025-12-19;17;2213
7;2025-12-19;18;1985
7;2025-12-19;19;1394
7;2025-12-19;20;926
7;2025-12-19;21;564
7;2025-12-19;22;295
7;2025-12-19;23;215
7;2025-12-20;0;96
7;2025-12-20;1;26
7;2025-12-20;2;0
7;2025-12-20;3;0
7;2025-12-20;4;0
7;2025-12-20;5;55
7;2025-12-20;6;308
7;2025-12-20;7;480
7;2025-12-20;8;763
7;2025-12-20;9;878
7;2025-12-20;10;929
7;2025-12-20;11;1076
7;2025-12-20;12;1333
7;2025-12-20;13;1280
7;2025-12-20;14;1406
7;2025-12-20;15;1221
7;2025-12-20;16;1171
7;2025-12-20;17;1172
7;2025-12-20;18;1077
7;2025-12-20;19;1091
7;2025-12-20;20;795
7;2025-12-20;21;633
7;2025-12-20;22;351
7;2025-12-20;23;211
7;2025-12-21;0;110
7;2025-12-21;1;29
7;2025-12-21;2;0
7;2025-12-21;3;0
7;2025-12-21;4;0
7;2025-12-21;5;33
7;2025-12-21;6;205
7;2025-12-21;7;332
7;2025-12-21;8;523
7;2025-12-21;9;702
7;2025-12-21;10;769
7;2025-12-21;11;963
7;2025-12-21;12;1122
7;2025-12-21;13;1152
7;2025-12-21;14;1245
7;2025-12-21;15;1224
7;2025-12-21;16;1099
7;2025-12-21;17;1195
7;2025-12-21;18;1003
7;2025-12-21;19;854
7;2025-12-21;20;733
7;2025-12-21;21;586
7;2025-12-21;22;340
7;2025-12-21;23;186
7;2025-12-22;0;55
7;2025-12-22;1;11
7;2025-12-22;2;0
7;2025-12-22;3;0
7;2025-12-22;4;1
7;2025-12-22;5;180
7;2025-12-22;6;623
7;2025-12-22;7;1482
7;2025-12-22;8;2312
7;2025-12-22;9;1769
7;2025-12-22;10;1572
7;2025-12-22;11;1368
7;2025-12-22;12;1466
7;2025-12-22;13;1442
7;2025-12-22;14;1513
7;2025-12-22;15;1604
7;2025-12-22;16;1720
7;2025-12-22;17;2197
7;2025-12-22;18;2340
7;2025-12-22;19;1571
7;2025-12-22;20;977
7;2025-12-22;21;552
7;2025-12-22;22;257
7;2025-12-22;23;156
7;2025-12-23;0;44
7;2025-12-23;1;9
7;2025-12-23;2;0
7;2025-12-23;3;0
7;2025-12-23;4;1
7;2025-12-23;5;182
7;2025-12-23;6;666
7;2025-12-23;7;1539
7;2025-12-23;8;2416
7;2025-12-23;9;1826
7;2025-12-23;10;1645
7;2025-12-23;11;1440
7;2025-12-23;12;1502
7;2025-12-23;13;1479
7;2025-12-23;14;1562
7;2025-12-23;15;1670
7;2025-12-23;16;1755
7;2025-12-23;17;2254
7;2025-12-23;18;2377
7;2025-12-23;19;1662
7;2025-12-23;20;996
7;2025-12-23;21;596
7;2025-12-23;22;286
7;2025-12-23;23;171
7;2025-12-24;0;51
7;2025-12-24;1;7
7;2025-12-24;2;0
7;2025-12-24;3;0
7;2025-12-24;4;1
7;2025-12-24;5;190
7;2025-12-24;6;667
7;2025-12-24;7;1547
7;2025-12-24;8;2488
7;2025-12-24;9;1873
7;2025-12-24;10;1711
7;2025-12-24;11;1466
7;2025-12-24;12;1519
7;2025-12-24;13;1519
7;2025-12-24;14;1630
7;2025-12-24;15;1710
7;2025-12-24;16;1810
7;2025-12-24;17;2346
7;2025-12-24;18;2472
7;2025-12-24;19;1696
7;2025-12-24;20;1037
7;2025-12-24;21;643
7;2025-12-24;22;317
7;2025-12-24;23;188
7;2025-12-25;0;57
7;2025-12-25;1;12
7;2025-12-25;2;0
7;2025-12-25;3;0
7;2025-12-25;4;4
7;2025-12-25;5;189
7;2025-12-25;6;650
7;2025-12-25;7;1524
7;2025-12-25;8;2374
7;2025-12-25;9;1815
7;2025-12-25;10;1626
7;2025-12-25;11;1437
7;2025-12-25;12;1528
7;2025-12-25;13;1500
7;2025-12-25;14;1613
7;2025-12-25;15;1661
7;2025-12-25;16;1772
7;2025-12-25;17;2245
7;2025-12-25;18;2430
7;2025-12-25;19;1598
7;2025-12-25;20;1007
7;2025-12-25;21;599
7;2025-12-25;22;303
7;2025-12-25;23;183
7;2025-12-26;0;61
7;2025-12-26;1;11
7;2025-12-26;2;0
7;2025-12-26;3;0
7;2025-12-26;4;3
7;2025-12-26;5;181
7;2025-12-26;6;619
7;2025-12-26;7;1440
7;2025-12-26;8;2175
7;2025-12-26;9;1694
7;2025-12-26;10;1556
7;2025-12-26;11;1397
7;2025-12-26;12;1477
7;2025-12-26;13;1490
7;2025-12-26;14;1584
7;2025-12-26;15;1681
7;2025-12-26;16;1823
7;2025-12-26;17;2152
7;2025-12-26;18;1975
7;2025-12-26;19;1396
7;2025-12-26;20;922
7;2025-12-26;21;558
7;2025-12-26;22;308
7;2025-12-26;23;218
7;2025-12-27;0;97
7;2025-12-27;1;26
7;2025-12-27;2;0
7;2025-12-27;3;0
7;2025-12-27;4;0
7;2025-12-27;5;54
7;2025-12-27;6;306
7;2025-12-27;7;480
7;2025-12-27;8;763
7;2025-12-27;9;877
7;2025-12-27;10;927
7;2025-12-27;11;1074
7;2025-12-27;12;1332
7;2025-12-27;13;1278
7;2025-12-27;14;1404
7;2025-12-27;15;1219
7;2025-12-27;16;1171
7;2025-12-27;17;1171
7;2025-12-27;18;1076
7;2025-12-27;19;1090
7;2025-12-27;20;795
7;2025-12-27;21;633
7;2025-12-27;22;351
7;2025-12-27;23;210
7;2025-12-28;0;110
7;2025-12-28;1;29
7;2025-12-28;2;0
7;2025-12-28;3;0
7;2025-12-28;4;0
7;2025-12-28;5;32
7;2025-12-28;6;205
7;2025-12-28;7;331
7;2025-12-28;8;523
7;2025-12-28;9;704
7;2025-12-28;10;769
7;2025-12-28;11;963
7;2025-12-28;12;1121
7;2025-12-28;13;1152
7;2025-12-28;14;1245
7;2025-12-28;15;1224
7;2025-12-28;16;1099
7;2025-12-28;17;1196
7;2025-12-28;18;1004
7;2025-12-28;19;854
7;2025-12-28;20;733
7;2025-12-28;21;586
7;2025-12-28;22;340
7;2025-12-28;23;186
7;2025-12-29;0;52
7;2025-12-29;1;10
7;2025-12-29;2;0
7;2025-12-29;3;0
7;2025-12-29;4;1
7;2025-12-29;5;167
7;2025-12-29;6;564
7;2025-12-29;7;1313
7;2025-12-29;8;2042
7;2025-12-29;9;1548
7;2025-12-29;10;1371
7;2025-12-29;11;1197
7;2025-12-29;12;1277
7;2025-12-29;13;1270
7;2025-12-29;14;1329
7;2025-12-29;15;1415
7;2025-12-29;16;1519
7;2025-12-29;17;1936
7;2025-12-29;18;2053
7;2025-12-29;19;1385
7;2025-12-29;20;855
7;2025-12-29;21;487
7;2025-12-29;22;227
7;2025-12-29;23;141
7;2025-12-30;0;43
7;2025-12-30;1;10
7;2025-12-30;2;0
7;2025-12-30;3;0
7;2025-12-30;4;1
7;2025-12-30;5;171
7;2025-12-30;6;583
7;2025-12-30;7;1346
7;2025-12-30;8;2068
7;2025-12-30;9;1586
7;2025-12-30;10;1415
7;2025-12-30;11;1258
7;2025-12-30;12;1317
7;2025-12-30;13;1303
7;2025-12-30;14;1362
7;2025-12-30;15;1458
7;2025-12-30;16;1538
7;2025-12-30;17;1957
7;2025-12-30;18;2058
7;2025-12-30;19;1427
7;2025-12-30;20;885
7;2025-12-30;21;525
7;2025-12-30;22;256
7;2025-12-30;23;153
7;2025-12-31;0;94
7;2025-12-31;1;22
7;2025-12-31;2;0
7;2025-12-31;3;0
7;2025-12-31;4;0
7;2025-12-31;5;30
7;2025-12-31;6;174
7;2025-12-31;7;281
7;2025-12-31;8;448
7;2025-12-31;9;589
7;2025-12-31;10;646
7;2025-12-31;11;815
7;2025-12-31;12;917
7;2025-12-31;13;947
7;2025-12-31;14;1023
7;2025-12-31;15;997
7;2025-12-31;16;901
7;2025-12-31;17;976
7;2025-12-31;18;850
7;2025-12-31;19;724
7;2025-12-31;20;0
7;2025-12-31;21;0
7;2025-12-31;22;0
7;2025-12-31;23;0
11;2025-11-01;0;65
11;2025-11-01;1;0
11;2025-11-01;2;0
11;2025-11-01;3;0
11;2025-11-01;4;0
11;2025-11-01;5;218
11;2025-11-01;6;1124
11;2025-11-01;7;2045
11;2025-11-01;8;2623
11;2025-11-01;9;2031
11;2025-11-01;10;1736
11;2025-11-01;11;1683
11;2025-11-01;12;1764
11;2025-11-01;13;1819
11;2025-11-01;14;1880
11;2025-11-01;15;1824
11;2025-11-01;16;1996
11;2025-11-01;17;2433
11;2025-11-01;18;2420
11;2025-11-01;19;1848
11;2025-11-01;20;1187
11;2025-11-01;21;720
11;2025-11-01;22;336
11;2025-11-01;23;231
11;2025-11-02;0;108
11;2025-11-02;1;15
11;2025-11-02;2;0
11;2025-11-02;3;0
11;2025-11-02;4;0
11;2025-11-02;5;109
11;2025-11-02;6;514
11;2025-11-02;7;535
11;2025-11-02;8;759
11;2025-11-02;9;1017
11;2025-11-02;10;1095
11;2025-11-02;11;1551
11;2025-11-02;12;1673
11;2025-11-02;13;1646
11;2025-11-02;14;1726
11;2025-11-02;15;1710
11;2025-11-02;16;1603
11;2025-11-02;17;1773
11;2025-11-02;18;1323
11;2025-11-02;19;1105
11;2025-11-02;20;831
11;2025-11-02;21;613
11;2025-11-02;22;359
11;2025-11-02;23;249
11;2025-11-03;0;100
11;2025-11-03;1;16
11;2025-11-03;2;0
11;2025-11-03;3;0
11;2025-11-03;4;0
11;2025-11-03;5;137
11;2025-11-03;6;625
11;2025-11-03;7;636
11;2025-11-03;8;853
11;2025-11-03;9;983
11;2025-11-03;10;1010
11;2025-11-03;11;1408
11;2025-11-03;12;1489
11;2025-11-03;13;1482
11;2025-11-03;14;1558
11;2025-11-03;15;1555
11;2025-11-03;16;1432
11;2025-11-03;17;1682
11;2025-11-03;18;1450
11;2025-11-03;19;1303
11;2025-11-03;20;913
11;2025-11-03;21;638
11;2025-11-03;22;375
11;2025-11-03;23;245
11;2025-11-04;0;93
11;2025-11-04;1;19
11;2025-11-04;2;0
11;2025-11-04;3;0
11;2025-11-04;4;0
11;2025-11-04;5;132
11;2025-11-04;6;598
11;2025-11-04;7;596
11;2025-11-04;8;788
11;2025-11-04;9;924
11;2025-11-04;10;959
11;2025-11-04;11;1342
11;2025-11-04;12;1459
11;2025-11-04;13;1438
11;2025-11-04;14;1536
11;2025-11-04;15;1517
11;2025-11-04;16;1393
11;2025-11-04;17;1643
11;2025-11-04;18;1398
11;2025-11-04;19;1255
11;2025-11-04;20;909
11;2025-11-04;21;638
11;2025-11-04;22;371
11;2025-11-04;23;244
11;2025-11-05;0;67
11;2025-11-05;1;0
11;2025-11-05;2;0
11;2025-11-05;3;0
11;2025-11-05;4;0
11;2025-11-05;5;261
11;2025-11-05;6;1315
11;2025-11-05;7;2487
11;2025-11-05;8;3234
11;2025-11-05;9;2421
11;2025-11-05;10;2027
11;2025-11-05;11;1976
11;2025-11-05;12;2029
11;2025-11-05;13;2103
11;2025-11-05;14;2129
11;2025-11-05;15;2016
11;2025-11-05;16;2222
11;2025-11-05;17;2844
11;2025-11-05;18;3066
11;2025-11-05;19;2312
11;2025-11-05;20;1451
11;2025-11-05;21;852
11;2025-11-05;22;390
11;2025-11-05;23;246
11;2025-11-06;0;69
11;2025-11-06;1;0
11;2025-11-06;2;0
11;2025-11-06;3;0
11;2025-11-06;4;0
11;2025-11-06;5;262
11;2025-11-06;6;1350
11;2025-11-06;7;2483
11;2025-11-06;8;3229
11;2025-11-06;9;2480
11;2025-11-06;10;2103
11;2025-11-06;11;1961
11;2025-11-06;12;2063
11;2025-11-06;13;2113
11;2025-11-06;14;2162
11;2025-11-06;15;2043
11;2025-11-06;16;2303
11;2025-11-06;17;2847
11;2025-11-06;18;3087
11;2025-11-06;19;2293
11;2025-11-06;20;1472
11;2025-11-06;21;871
11;2025-11-06;22;413
11;2025-11-06;23;272
11;2025-11-07;0;74
11;2025-11-07;1;0
11;2025-11-07;2;0
11;2025-11-07;3;0
11;2025-11-07;4;0
11;2025-11-07;5;264
11;2025-11-07;6;1346
11;2025-11-07;7;2449
11;2025-11-07;8;3168
11;2025-11-07;9;2397
11;2025-11-07;10;2028
11;2025-11-07;11;1927
11;2025-11-07;12;2056
11;2025-11-07;13;2069
11;2025-11-07;14;2209
11;2025-11-07;15;2127
11;2025-11-07;16;2427
11;2025-11-07;17;2880
11;2025-11-07;18;2617
11;2025-11-07;19;2099
11;2025-11-07;20;1416
11;2025-11-07;21;881
11;2025-11-07;22;419
11;2025-11-07;23;315
11;2025-11-08;0;106
11;2025-11-08;1;4
11;2025-11-08;2;0
11;2025-11-08;3;0
11;2025-11-08;4;0
11;2025-11-08;5;186
11;2025-11-08;6;864
11;2025-11-08;7;798
11;2025-11-08;8;1082
11;2025-11-08;9;1226
11;2025-11-08;10;1407
11;2025-11-08;11;1751
11;2025-11-08;12;2002
11;2025-11-08;13;1892
11;2025-11-08;14;2044
11;2025-11-08;15;1914
11;2025-11-08;16;1845
11;2025-11-08;17;1957
11;2025-11-08;18;1547
11;2025-11-08;19;1521
11;2025-11-08;20;1024
11;2025-11-08;21;762
11;2025-11-08;22;437
11;2025-11-08;23;320
11;2025-11-09;0;112
11;2025-11-09;1;15
11;2025-11-09;2;0
11;2025-11-09;3;0
11;2025-11-09;4;0
11;2025-11-09;5;112
11;2025-11-09;6;512
11;2025-11-09;7;532
11;2025-11-09;8;755
11;2025-11-09;9;1000
11;2025-11-09;10;1077
11;2025-11-09;11;1523
11;2025-11-09;12;1653
11;2025-11-09;13;1616
11;2025-11-09;14;1694
11;2025-11-09;15;1691
11;2025-11-09;16;1577
11;2025-11-09;17;1763
11;2025-11-09;18;1327
11;2025-11-09;19;1097
11;2025-11-09;20;836
11;2025-11-09;21;620
11;2025-11-09;22;364
11;2025-11-09;23;253
11;2025-11-10;0;72
11;2025-11-10;1;0
11;2025-11-10;2;0
11;2025-11-10;3;0
11;2025-11-10;4;0
11;2025-11-10;5;264
11;2025-11-10;6;1361
11;2025-11-10;7;2501
11;2025-11-10;8;3261
11;2025-11-10;9;2454
11;2025-11-10;10;1999
11;2025-11-10;11;1938
11;2025-11-10;12;1969
11;2025-11-10;13;2051
11;2025-11-10;14;2093
11;2025-11-10;15;2069
11;2025-11-10;16;2294
11;2025-11-10;17;2866
11;2025-11-10;18;3094
11;2025-11-10;19;2318
11;2025-11-10;20;1426
11;2025-11-10;21;819
11;2025-11-10;22;369
11;2025-11-10;23;225
11;2025-11-11;0;60
11;2025-11-11;1;0
11;2025-11-11;2;0
11;2025-11-11;3;0
11;2025-11-11;4;0
11;2025-11-11;5;253
11;2025-11-11;6;1353
11;2025-11-11;7;2532
11;2025-11-11;8;3320
11;2025-11-11;9;2491
11;2025-11-11;10;2071
11;2025-11-11;11;1947
11;2025-11-11;12;2023
11;2025-11-11;13;2099
11;2025-11-11;14;2162
11;2025-11-11;15;2056
11;2025-11-11;16;2296
11;2025-11-11;17;2882
11;2025-11-11;18;3079
11;2025-11-11;19;2299
11;2025-11-11;20;1459
11;2025-11-11;21;842
11;2025-11-11;22;381
11;2025-11-11;23;235
11;2025-11-12;0;68
11;2025-11-12;1;0
11;2025-11-12;2;0
11;2025-11-12;3;0
11;2025-11-12;4;0
11;2025-11-12;5;267
11;2025-11-12;6;1320
11;2025-11-12;7;2506
11;2025-11-12;8;3281
11;2025-11-12;9;2454
11;2025-11-12;10;2052
11;2025-11-12;11;1990
11;2025-11-12;12;2041
11;2025-11-12;13;2133
11;2025-11-12;14;2153
11;2025-11-12;15;2038
11;2025-11-12;16;2243
11;2025-11-12;17;2858
11;2025-11-12;18;3079
11;2025-11-12;19;2329
11;2025-11-12;20;1467
11;2025-11-12;21;859
11;2025-11-12;22;392
11;2025-11-12;23;248
11;2025-11-13;0;68
11;2025-11-13;1;0
11;2025-11-13;2;0
11;2025-11-13;3;0
11;2025-11-13;4;0
11;2025-11-13;5;262
11;2025-11-13;6;1346
11;2025-11-13;7;2511
11;2025-11-13;8;3268
11;2025-11-13;9;2515
11;2025-11-13;10;2132
11;2025-11-13;11;1993
11;2025-11-13;12;2097
11;2025-11-13;13;2158
11;2025-11-13;14;2196
11;2025-11-13;15;2091
11;2025-11-13;16;2356
11;2025-11-13;17;2890
11;2025-11-13;18;3126
11;2025-11-13;19;2316
11;2025-11-13;20;1496
11;2025-11-13;21;886
11;2025-11-13;22;416
11;2025-11-13;23;270
11;2025-11-14;0;71
11;2025-11-14;1;0
11;2025-11-14;2;0
11;2025-11-14;3;0
11;2025-11-14;4;0
11;2025-11-14;5;272
11;2025-11-14;6;1354
11;2025-11-14;7;2474
11;2025-11-14;8;3228
11;2025-11-14;9;2438
11;2025-11-14;10;2069
11;2025-11-14;11;1967
11;2025-11-14;12;2098
11;2025-11-14;13;2131
11;2025-11-14;14;2259
11;2025-11-14;15;2173
11;2025-11-14;16;2468
11;2025-11-14;17;2914
11;2025-11-14;18;2650
11;2025-11-14;19;2136
11;2025-11-14;20;1442
11;2025-11-14;21;889
11;2025-11-14;22;421
11;2025-11-14;23;311
11;2025-11-15;0;101
11;2025-11-15;1;5
11;2025-11-15;2;0
11;2025-11-15;3;0
11;2025-11-15;4;0
11;2025-11-15;5;185
11;2025-11-15;6;819
11;2025-11-15;7;769
11;2025-11-15;8;1051
11;2025-11-15;9;1187
11;2025-11-15;10;1339
11;2025-11-15;11;1675
11;2025-11-15;12;1918
11;2025-11-15;13;1818
11;2025-11-15;14;1916
11;2025-11-15;15;1807
11;2025-11-15;16;1778
11;2025-11-15;17;1882
11;2025-11-15;18;1496
11;2025-11-15;19;1462
11;2025-11-15;20;983
11;2025-11-15;21;740
11;2025-11-15;22;422
11;2025-11-15;23;305
11;2025-11-16;0;108
11;2025-11-16;1;15
11;2025-11-16;2;0
11;2025-11-16;3;0
11;2025-11-16;4;0
11;2025-11-16;5;111
11;2025-11-16;6;501
11;2025-11-16;7;530
11;2025-11-16;8;754
11;2025-11-16;9;1003
11;2025-11-16;10;1069
11;2025-11-16;11;1535
11;2025-11-16;12;1665
11;2025-11-16;13;1655
11;2025-11-16;14;1724
11;2025-11-16;15;1712
11;2025-11-16;16;1601
11;2025-11-16;17;1772
11;2025-11-16;18;1339
11;2025-11-16;19;1108
11;2025-11-16;20;839
11;2025-11-16;21;635
11;2025-11-16;22;373
11;2025-11-16;23;259
11;2025-11-17;0;73
11;2025-11-17;1;0
11;2025-11-17;2;0
11;2025-11-17;3;0
11;2025-11-17;4;0
11;2025-11-17;5;269
11;2025-11-17;6;1345
11;2025-11-17;7;2479
11;2025-11-17;8;3257
11;2025-11-17;9;2460
11;2025-11-17;10;1984
11;2025-11-17;11;1935
11;2025-11-17;12;1952
11;2025-11-17;13;2053
11;2025-11-17;14;2069
11;2025-11-17;15;2050
11;2025-11-17;16;2279
11;2025-11-17;17;2843
11;2025-11-17;18;3087
11;2025-11-17;19;2342
11;2025-11-17;20;1444
11;2025-11-17;21;833
11;2025-11-17;22;377
11;2025-11-17;23;227
11;2025-11-18;0;65
11;2025-11-18;1;0
11;2025-11-18;2;0
11;2025-11-18;3;0
11;2025-11-18;4;0
11;2025-11-18;5;255
11;2025-11-18;6;1321
11;2025-11-18;7;2453
11;2025-11-18;8;3256
11;2025-11-18;9;2436
11;2025-11-18;10;1980
11;2025-11-18;11;1896
11;2025-11-18;12;1957
11;2025-11-18;13;2039
11;2025-11-18;14;2079
11;2025-11-18;15;1962
11;2025-11-18;16;2210
11;2025-11-18;17;2794
11;2025-11-18;18;3005
11;2025-11-18;19;2249
11;2025-11-18;20;1441
11;2025-11-18;21;829
11;2025-11-18;22;374
11;2025-11-18;23;228
11;2025-11-19;0;64
11;2025-11-19;1;0
11;2025-11-19;2;0
11;2025-11-19;3;0
11;2025-11-19;4;0
11;2025-11-19;5;271
11;2025-11-19;6;1315
11;2025-11-19;7;2525
11;2025-11-19;8;3316
11;2025-11-19;9;2477
11;2025-11-19;10;2067
11;2025-11-19;11;2030
11;2025-11-19;12;2084
11;2025-11-19;13;2219
11;2025-11-19;14;2228
11;2025-11-19;15;2095
11;2025-11-19;16;2296
11;2025-11-19;17;2890
11;2025-11-19;18;3116
11;2025-11-19;19;2344
11;2025-11-19;20;1481
11;2025-11-19;21;870
11;2025-11-19;22;400
11;2025-11-19;23;246
11;2025-11-20;0;66
11;2025-11-20;1;0
11;2025-11-20;2;0
11;2025-11-20;3;0
11;2025-11-20;4;0
11;2025-11-20;5;270
11;2025-11-20;6;1345
11;2025-11-20;7;2528
11;2025-11-20;8;3301
11;2025-11-20;9;2538
11;2025-11-20;10;2143
11;2025-11-20;11;2017
11;2025-11-20;12;2116
11;2025-11-20;13;2200
11;2025-11-20;14;2226
11;2025-11-20;15;2131
11;2025-11-20;16;2383
11;2025-11-20;17;2907
11;2025-11-20;18;3136
11;2025-11-20;19;2320
11;2025-11-20;20;1498
11;2025-11-20;21;888
11;2025-11-20;22;415
11;2025-11-20;23;269
11;2025-11-21;0;71
11;2025-11-21;1;0
11;2025-11-21;2;0
11;2025-11-21;3;0
11;2025-11-21;4;0
11;2025-11-21;5;273
11;2025-11-21;6;1350
11;2025-11-21;7;2476
11;2025-11-21;8;3242
11;2025-11-21;9;2454
11;2025-11-21;10;2062
11;2025-11-21;11;1976
11;2025-11-21;12;2103
11;2025-11-21;13;2152
11;2025-11-21;14;2266
11;2025-11-21;15;2190
11;2025-11-21;16;2479
11;2025-11-21;17;2918
11;2025-11-21;18;2645
11;2025-11-21;19;2130
11;2025-11-21;20;1433
11;2025-11-21;21;888
11;2025-11-21;22;421
11;2025-11-21;23;309
11;2025-11-22;0;104
11;2025-11-22;1;3
11;2025-11-22;2;0
11;2025-11-22;3;0
11;2025-11-22;4;0
11;2025-11-22;5;185
11;2025-11-22;6;825
11;2025-11-22;7;781
11;2025-11-22;8;1060
11;2025-11-22;9;1204
11;2025-11-22;10;1367
11;2025-11-22;11;1706
11;2025-11-22;12;1957
11;2025-11-22;13;1861
11;2025-11-22;14;1972
11;2025-11-22;15;1861
11;2025-11-22;16;1817
11;2025-11-22;17;1915
11;2025-11-22;18;1522
11;2025-11-22;19;1485
11;2025-11-22;20;1000
11;2025-11-22;21;747
11;2025-11-22;22;418
11;2025-11-22;23;306
11;2025-11-23;0;108
11;2025-11-23;1;14
11;2025-11-23;2;0
11;2025-11-23;3;0
11;2025-11-23;4;0
11;2025-11-23;5;109
11;2025-11-23;6;492
11;2025-11-23;7;524
11;2025-11-23;8;748
11;2025-11-23;9;995
11;2025-11-23;10;1062
11;2025-11-23;11;1518
11;2025-11-23;12;1639
11;2025-11-23;13;1620
11;2025-11-23;14;1685
11;2025-11-23;15;1679
11;2025-11-23;16;1576
11;2025-11-23;17;1750
11;2025-11-23;18;1320
11;2025-11-23;19;1079
11;2025-11-23;20;826
11;2025-11-23;21;620
11;2025-11-23;22;362
11;2025-11-23;23;254
11;2025-11-24;0;76
11;2025-11-24;1;0
11;2025-11-24;2;0
11;2025-11-24;3;0
11;2025-11-24;4;0
11;2025-11-24;5;265
11;2025-11-24;6;1296
11;2025-11-24;7;2411
11;2025-11-24;8;3206
11;2025-11-24;9;2418
11;2025-11-24;10;1918
11;2025-11-24;11;1900
11;2025-11-24;12;1913
11;2025-11-24;13;2036
11;2025-11-24;14;2048
11;2025-11-24;15;2009
11;2025-11-24;16;2244
11;2025-11-24;17;2793
11;2025-11-24;18;3040
11;2025-11-24;19;2285
11;2025-11-24;20;1417
11;2025-11-24;21;816
11;2025-11-24;22;373
11;2025-11-24;23;221
11;2025-11-25;0;59
11;2025-11-25;1;0
11;2025-11-25;2;0
11;2025-11-25;3;0
11;2025-11-25;4;0
11;2025-11-25;5;259
11;2025-11-25;6;1341
11;2025-11-25;7;2552
11;2025-11-25;8;3370
11;2025-11-25;9;2528
11;2025-11-25;10;2086
11;2025-11-25;11;1975
11;2025-11-25;12;2050
11;2025-11-25;13;2175
11;2025-11-25;14;2223
11;2025-11-25;15;2118
11;2025-11-25;16;2355
11;2025-11-25;17;2908
11;2025-11-25;18;3113
11;2025-11-25;19;2327
11;2025-11-25;20;1486
11;2025-11-25;21;860
11;2025-11-25;22;387
11;2025-11-25;23;236
11;2025-11-26;0;66
11;2025-11-26;1;0
11;2025-11-26;2;0
11;2025-11-26;3;0
11;2025-11-26;4;0
11;2025-11-26;5;269
11;2025-11-26;6;1285
11;2025-11-26;7;2468
11;2025-11-26;8;3278
11;2025-11-26;9;2448
11;2025-11-26;10;2018
11;2025-11-26;11;1973
11;2025-11-26;12;2020
11;2025-11-26;13;2132
11;2025-11-26;14;2148
11;2025-11-26;15;2040
11;2025-11-26;16;2238
11;2025-11-26;17;2826
11;2025-11-26;18;3045
11;2025-11-26;19;2284
11;2025-11-26;20;1444
11;2025-11-26;21;849
11;2025-11-26;22;382
11;2025-11-26;23;237
11;2025-11-27;0;69
11;2025-11-27;1;0
11;2025-11-27;2;0
11;2025-11-27;3;0
11;2025-11-27;4;0
11;2025-11-27;5;269
11;2025-11-27;6;1340
11;2025-11-27;7;2484
11;2025-11-27;8;3276
11;2025-11-27;9;2514
11;2025-11-27;10;2122
11;2025-11-27;11;1981
11;2025-11-27;12;2080
11;2025-11-27;13;2154
11;2025-11-27;14;2169
11;2025-11-27;15;2079
11;2025-11-27;16;2324
11;2025-11-27;17;2856
11;2025-11-27;18;3105
11;2025-11-27;19;2296
11;2025-11-27;20;1487
11;2025-11-27;21;874
11;2025-11-27;22;407
11;2025-11-27;23;259
11;2025-11-28;0;70
11;2025-11-28;1;0
11;2025-11-28;2;0
11;2025-11-28;3;0
11;2025-11-28;4;0
11;2025-11-28;5;272
11;2025-11-28;6;1325
11;2025-11-28;7;2460
11;2025-11-28;8;3220
11;2025-11-28;9;2441
11;2025-11-28;10;2051
11;2025-11-28;11;1955
11;2025-11-28;12;2081
11;2025-11-28;13;2129
11;2025-11-28;14;2234
11;2025-11-28;15;2174
11;2025-11-28;16;2468
11;2025-11-28;17;2903
11;2025-11-28;18;2638
11;2025-11-28;19;2108
11;2025-11-28;20;1428
11;2025-11-28;21;882
11;2025-11-28;22;413
11;2025-11-28;23;303
11;2025-11-29;0;103
11;2025-11-29;1;5
11;2025-11-29;2;0
11;2025-11-29;3;0
11;2025-11-29;4;0
11;2025-11-29;5;189
11;2025-11-29;6;840
11;2025-11-29;7;800
11;2025-11-29;8;1087
11;2025-11-29;9;1234
11;2025-11-29;10;1405
11;2025-11-29;11;1747
11;2025-11-29;12;2002
11;2025-11-29;13;1913
11;2025-11-29;14;2024
11;2025-11-29;15;1914
11;2025-11-29;16;1872
11;2025-11-29;17;1948
11;2025-11-29;18;1547
11;2025-11-29;19;1505
11;2025-11-29;20;1019
11;2025-11-29;21;764
11;2025-11-29;22;432
11;2025-11-29;23;317
11;2025-11-30;0;109
11;2025-11-30;1;16
11;2025-11-30;2;0
11;2025-11-30;3;0
11;2025-11-30;4;0
11;2025-11-30;5;110
11;2025-11-30;6;488
11;2025-11-30;7;519
11;2025-11-30;8;744
11;2025-11-30;9;990
11;2025-11-30;10;1054
11;2025-11-30;11;1501
11;2025-11-30;12;1626
11;2025-11-30;13;1604
11;2025-11-30;14;1672
11;2025-11-30;15;1674
11;2025-11-30;16;1576
11;2025-11-30;17;1734
11;2025-11-30;18;1309
11;2025-11-30;19;1083
11;2025-11-30;20;835
11;2025-11-30;21;620
11;2025-11-30;22;365
11;2025-11-30;23;260
11;2025-12-01;0;77
11;2025-12-01;1;0
11;2025-12-01;2;0
11;2025-12-01;3;0
11;2025-12-01;4;0
11;2025-12-01;5;267
11;2025-12-01;6;1322
11;2025-12-01;7;2476
11;2025-12-01;8;3255
11;2025-12-01;9;2455
11;2025-12-01;10;1988
11;2025-12-01;11;1934
11;2025-12-01;12;1961
11;2025-12-01;13;2080
11;2025-12-01;14;2106
11;2025-12-01;15;2101
11;2025-12-01;16;2322
11;2025-12-01;17;2849
11;2025-12-01;18;3073
11;2025-12-01;19;2292
11;2025-12-01;20;1419
11;2025-12-01;21;818
11;2025-12-01;22;368
11;2025-12-01;23;218
11;2025-12-02;0;62
11;2025-12-02;1;0
11;2025-12-02;2;0
11;2025-12-02;3;0
11;2025-12-02;4;0
11;2025-12-02;5;257
11;2025-12-02;6;1316
11;2025-12-02;7;2495
11;2025-12-02;8;3308
11;2025-12-02;9;2484
11;2025-12-02;10;2049
11;2025-12-02;11;1933
11;2025-12-02;12;2007
11;2025-12-02;13;2115
11;2025-12-02;14;2163
11;2025-12-02;15;2076
11;2025-12-02;16;2299
11;2025-12-02;17;2846
11;2025-12-02;18;3036
11;2025-12-02;19;2256
11;2025-12-02;20;1445
11;2025-12-02;21;837
11;2025-12-02;22;376
11;2025-12-02;23;228
11;2025-12-03;0;66
11;2025-12-03;1;0
11;2025-12-03;2;0
11;2025-12-03;3;0
11;2025-12-03;4;0
11;2025-12-03;5;267
11;2025-12-03;6;1282
11;2025-12-03;7;2473
11;2025-12-03;8;3273
11;2025-12-03;9;2448
11;2025-12-03;10;2035
11;2025-12-03;11;1989
11;2025-12-03;12;2041
11;2025-12-03;13;2160
11;2025-12-03;14;2173
11;2025-12-03;15;2071
11;2025-12-03;16;2257
11;2025-12-03;17;2837
11;2025-12-03;18;3043
11;2025-12-03;19;2278
11;2025-12-03;20;1451
11;2025-12-03;21;850
11;2025-12-03;22;390
11;2025-12-03;23;240
11;2025-12-04;0;69
11;2025-12-04;1;0
11;2025-12-04;2;0
11;2025-12-04;3;0
11;2025-12-04;4;0
11;2025-12-04;5;268
11;2025-12-04;6;1316
11;2025-12-04;7;2473
11;2025-12-04;8;3250
11;2025-12-04;9;2507
11;2025-12-04;10;2114
11;2025-12-04;11;1979
11;2025-12-04;12;2083
11;2025-12-04;13;2173
11;2025-12-04;14;2197
11;2025-12-04;15;2116
11;2025-12-04;16;2362
11;2025-12-04;17;2861
11;2025-12-04;18;3085
11;2025-12-04;19;2273
11;2025-12-04;20;1487
11;2025-12-04;21;884
11;2025-12-04;22;415
11;2025-12-04;23;266
11;2025-12-05;0;73
11;2025-12-05;1;0
11;2025-12-05;2;0
11;2025-12-05;3;0
11;2025-12-05;4;0
11;2025-12-05;5;273
11;2025-12-05;6;1321
11;2025-12-05;7;2440
11;2025-12-05;8;3204
11;2025-12-05;9;2429
11;2025-12-05;10;2049
11;2025-12-05;11;1950
11;2025-12-05;12;2079
11;2025-12-05;13;2132
11;2025-12-05;14;2258
11;2025-12-05;15;2214
11;2025-12-05;16;2498
11;2025-12-05;17;2897
11;2025-12-05;18;2616
11;2025-12-05;19;2091
11;2025-12-05;20;1424
11;2025-12-05;21;887
11;2025-12-05;22;423
11;2025-12-05;23;309
11;2025-12-06;0;104
11;2025-12-06;1;6
11;2025-12-06;2;0
11;2025-12-06;3;0
11;2025-12-06;4;0
11;2025-12-06;5;185
11;2025-12-06;6;822
11;2025-12-06;7;788
11;2025-12-06;8;1068
11;2025-12-06;9;1222
11;2025-12-06;10;1385
11;2025-12-06;11;1724
11;2025-12-06;12;1977
11;2025-12-06;13;1884
11;2025-12-06;14;1995
11;2025-12-06;15;1888
11;2025-12-06;16;1860
11;2025-12-06;17;1920
11;2025-12-06;18;1523
11;2025-12-06;19;1488
11;2025-12-06;20;1012
11;2025-12-06;21;763
11;2025-12-06;22;430
11;2025-12-06;23;320
11;2025-12-07;0;111
11;2025-12-07;1;16
11;2025-12-07;2;0
11;2025-12-07;3;0
11;2025-12-07;4;0
11;2025-12-07;5;110
11;2025-12-07;6;481
11;2025-12-07;7;523
11;2025-12-07;8;751
11;2025-12-07;9;999
11;2025-12-07;10;1056
11;2025-12-07;11;1507
11;2025-12-07;12;1628
11;2025-12-07;13;1611
11;2025-12-07;14;1673
11;2025-12-07;15;1683
11;2025-12-07;16;1597
11;2025-12-07;17;1735
11;2025-12-07;18;1313
11;2025-12-07;19;1072
11;2025-12-07;20;833
11;2025-12-07;21;618
11;2025-12-07;22;364
11;2025-12-07;23;256
11;2025-12-08;0;76
11;2025-12-08;1;0
11;2025-12-08;2;0
11;2025-12-08;3;0
11;2025-12-08;4;0
11;2025-12-08;5;266
11;2025-12-08;6;1312
11;2025-12-08;7;2450
11;2025-12-08;8;3240
11;2025-12-08;9;2444
11;2025-12-08;10;1975
11;2025-12-08;11;1920
11;2025-12-08;12;1943
11;2025-12-08;13;2071
11;2025-12-08;14;2089
11;2025-12-08;15;2100
11;2025-12-08;16;2312
11;2025-12-08;17;2832
11;2025-12-08;18;3058
11;2025-12-08;19;2269
11;2025-12-08;20;1411
11;2025-12-08;21;817
11;2025-12-08;22;370
11;2025-12-08;23;216
11;2025-12-09;0;62
11;2025-12-09;1;0
11;2025-12-09;2;0
11;2025-12-09;3;0
11;2025-12-09;4;0
11;2025-12-09;5;257
11;2025-12-09;6;1303
11;2025-12-09;7;2484
11;2025-12-09;8;3305
11;2025-12-09;9;2484
11;2025-12-09;10;2042
11;2025-12-09;11;1927
11;2025-12-09;12;1998
11;2025-12-09;13;2128
11;2025-12-09;14;2158
11;2025-12-09;15;2085
11;2025-12-09;16;2309
11;2025-12-09;17;2838
11;2025-12-09;18;3043
11;2025-12-09;19;2264
11;2025-12-09;20;1454
11;2025-12-09;21;849
11;2025-12-09;22;381
11;2025-12-09;23;227
11;2025-12-10;0;67
11;2025-12-10;1;0
11;2025-12-10;2;0
11;2025-12-10;3;0
11;2025-12-10;4;0
11;2025-12-10;5;269
11;2025-12-10;6;1264
11;2025-12-10;7;2438
11;2025-12-10;8;3241
11;2025-12-10;9;2432
11;2025-12-10;10;2008
11;2025-12-10;11;1974
11;2025-12-10;12;2016
11;2025-12-10;13;2156
11;2025-12-10;14;2157
11;2025-12-10;15;2064
11;2025-12-10;16;2249
11;2025-12-10;17;2811
11;2025-12-10;18;3023
11;2025-12-10;19;2260
11;2025-12-10;20;1449
11;2025-12-10;21;855
11;2025-12-10;22;397
11;2025-12-10;23;241
11;2025-12-11;0;71
11;2025-12-11;1;0
11;2025-12-11;2;0
11;2025-12-11;3;0
11;2025-12-11;4;0
11;2025-12-11;5;271
11;2025-12-11;6;1297
11;2025-12-11;7;2422
11;2025-12-11;8;3198
11;2025-12-11;9;2460
11;2025-12-11;10;2051
11;2025-12-11;11;1930
11;2025-12-11;12;2030
11;2025-12-11;13;2117
11;2025-12-11;14;2141
11;2025-12-11;15;2078
11;2025-12-11;16;2317
11;2025-12-11;17;2803
11;2025-12-11;18;3036
11;2025-12-11;19;2237
11;2025-12-11;20;1466
11;2025-12-11;21;872
11;2025-12-11;22;413
11;2025-12-11;23;257
11;2025-12-12;0;76
11;2025-12-12;1;0
11;2025-12-12;2;0
11;2025-12-12;3;0
11;2025-12-12;4;0
11;2025-12-12;5;279
11;2025-12-12;6;1288
11;2025-12-12;7;2383
11;2025-12-12;8;3135
11;2025-12-12;9;2383
11;2025-12-12;10;2004
11;2025-12-12;11;1913
11;2025-12-12;12;2032
11;2025-12-12;13;2088
11;2025-12-12;14;2176
11;2025-12-12;15;2137
11;2025-12-12;16;2439
11;2025-12-12;17;2797
11;2025-12-12;18;2551
11;2025-12-12;19;2042
11;2025-12-12;20;1388
11;2025-12-12;21;866
11;2025-12-12;22;413
11;2025-12-12;23;297
11;2025-12-13;0;100
11;2025-12-13;1;5
11;2025-12-13;2;0
11;2025-12-13;3;0
11;2025-12-13;4;0
11;2025-12-13;5;190
11;2025-12-13;6;805
11;2025-12-13;7;783
11;2025-12-13;8;1063
11;2025-12-13;9;1208
11;2025-12-13;10;1358
11;2025-12-13;11;1697
11;2025-12-13;12;1953
11;2025-12-13;13;1852
11;2025-12-13;14;1674
11;2025-12-13;15;1870
11;2025-12-13;16;1856
11;2025-12-13;17;1886
11;2025-12-13;18;1513
11;2025-12-13;19;1467
11;2025-12-13;20;1005
11;2025-12-13;21;757
11;2025-12-13;22;432
11;2025-12-13;23;318
11;2025-12-14;0;107
11;2025-12-14;1;15
11;2025-12-14;2;0
11;2025-12-14;3;0
11;2025-12-14;4;0
11;2025-12-14;5;113
11;2025-12-14;6;480
11;2025-12-14;7;526
11;2025-12-14;8;745
11;2025-12-14;9;993
11;2025-12-14;10;1047
11;2025-12-14;11;1494
11;2025-12-14;12;1609
11;2025-12-14;13;1607
11;2025-12-14;14;1647
11;2025-12-14;15;1661
11;2025-12-14;16;1585
11;2025-12-14;17;1711
11;2025-12-14;18;1314
11;2025-12-14;19;1074
11;2025-12-14;20;835
11;2025-12-14;21;620
11;2025-12-14;22;362
11;2025-12-14;23;257
11;2025-12-15;0;75
11;2025-12-15;1;0
11;2025-12-15;2;0
11;2025-12-15;3;0
11;2025-12-15;4;0
11;2025-12-15;5;275
11;2025-12-15;6;1306
11;2025-12-15;7;2418
11;2025-12-15;8;3189
11;2025-12-15;9;2434
11;2025-12-15;10;1937
11;2025-12-15;11;1900
11;2025-12-15;12;1919
11;2025-12-15;13;2068
11;2025-12-15;14;2054
11;2025-12-15;15;2083
11;2025-12-15;16;2295
11;2025-12-15;17;2815
11;2025-12-15;18;3031
11;2025-12-15;19;2253
11;2025-12-15;20;1396
11;2025-12-15;21;815
11;2025-12-15;22;374
11;2025-12-15;23;215
11;2025-12-16;0;64
11;2025-12-16;1;0
11;2025-12-16;2;0
11;2025-12-16;3;0
11;2025-12-16;4;0
11;2025-12-16;5;261
11;2025-12-16;6;1312
11;2025-12-16;7;2479
11;2025-12-16;8;3302
11;2025-12-16;9;2503
11;2025-12-16;10;2031
11;2025-12-16;11;1924
11;2025-12-16;12;1981
11;2025-12-16;13;2108
11;2025-12-16;14;2129
11;2025-12-16;15;2077
11;2025-12-16;16;2311
11;2025-12-16;17;2849
11;2025-12-16;18;3051
11;2025-12-16;19;2277
11;2025-12-16;20;1468
11;2025-12-16;21;860
11;2025-12-16;22;397
11;2025-12-16;23;231
11;2025-12-17;0;68
11;2025-12-17;1;0
11;2025-12-17;2;0
11;2025-12-17;3;0
11;2025-12-17;4;0
11;2025-12-17;5;273
11;2025-12-17;6;1271
11;2025-12-17;7;2449
11;2025-12-17;8;3243
11;2025-12-17;9;2436
11;2025-12-17;10;2007
11;2025-12-17;11;1969
11;2025-12-17;12;2009
11;2025-12-17;13;2143
11;2025-12-17;14;2151
11;2025-12-17;15;2077
11;2025-12-17;16;2265
11;2025-12-17;17;2825
11;2025-12-17;18;3031
11;2025-12-17;19;2250
11;2025-12-17;20;1447
11;2025-12-17;21;855
11;2025-12-17;22;402
11;2025-12-17;23;239
11;2025-12-18;0;68
11;2025-12-18;1;0
11;2025-12-18;2;0
11;2025-12-18;3;0
11;2025-12-18;4;0
11;2025-12-18;5;271
11;2025-12-18;6;1300
11;2025-12-18;7;2447
11;2025-12-18;8;3216
11;2025-12-18;9;2491
11;2025-12-18;10;2071
11;2025-12-18;11;1950
11;2025-12-18;12;2040
11;2025-12-18;13;2144
11;2025-12-18;14;2157
11;2025-12-18;15;2114
11;2025-12-18;16;2356
11;2025-12-18;17;2837
11;2025-12-18;18;3063
11;2025-12-18;19;2241
11;2025-12-18;20;1472
11;2025-12-18;21;887
11;2025-12-18;22;425
11;2025-12-18;23;265
11;2025-12-19;0;76
11;2025-12-19;1;0
11;2025-12-19;2;0
11;2025-12-19;3;0
11;2025-12-19;4;0
11;2025-12-19;5;279
11;2025-12-19;6;1308
11;2025-12-19;7;2408
11;2025-12-19;8;3160
11;2025-12-19;9;2406
11;2025-12-19;10;2009
11;2025-12-19;11;1913
11;2025-12-19;12;2034
11;2025-12-19;13;2100
11;2025-12-19;14;2192
11;2025-12-19;15;2187
11;2025-12-19;16;2479
11;2025-12-19;17;2867
11;2025-12-19;18;2591
11;2025-12-19;19;2061
11;2025-12-19;20;1401
11;2025-12-19;21;881
11;2025-12-19;22;424
11;2025-12-19;23;300
11;2025-12-20;0;105
11;2025-12-20;1;5
11;2025-12-20;2;0
11;2025-12-20;3;0
11;2025-12-20;4;0
11;2025-12-20;5;188
11;2025-12-20;6;811
11;2025-12-20;7;782
11;2025-12-20;8;1061
11;2025-12-20;9;1216
11;2025-12-20;10;1374
11;2025-12-20;11;1717
11;2025-12-20;12;1963
11;2025-12-20;13;1889
11;2025-12-20;14;1980
11;2025-12-20;15;1883
11;2025-12-20;16;1873
11;2025-12-20;17;1909
11;2025-12-20;18;1528
11;2025-12-20;19;1483
11;2025-12-20;20;1024
11;2025-12-20;21;772
11;2025-12-20;22;434
11;2025-12-20;23;322
11;2025-12-21;0;108
11;2025-12-21;1;15
11;2025-12-21;2;0
11;2025-12-21;3;0
11;2025-12-21;4;0
11;2025-12-21;5;111
11;2025-12-21;6;469
11;2025-12-21;7;512
11;2025-12-21;8;735
11;2025-12-21;9;988
11;2025-12-21;10;1046
11;2025-12-21;11;1490
11;2025-12-21;12;1607
11;2025-12-21;13;1598
11;2025-12-21;14;1655
11;2025-12-21;15;1668
11;2025-12-21;16;1592
11;2025-12-21;17;1710
11;2025-12-21;18;1307
11;2025-12-21;19;1068
11;2025-12-21;20;843
11;2025-12-21;21;624
11;2025-12-21;22;365
11;2025-12-21;23;260
11;2025-12-22;0;80
11;2025-12-22;1;0
11;2025-12-22;2;0
11;2025-12-22;3;0
11;2025-12-22;4;0
11;2025-12-22;5;277
11;2025-12-22;6;1287
11;2025-12-22;7;2389
11;2025-12-22;8;3156
11;2025-12-22;9;2394
11;2025-12-22;10;1920
11;2025-12-22;11;1862
11;2025-12-22;12;1882
11;2025-12-22;13;2017
11;2025-12-22;14;2010
11;2025-12-22;15;2053
11;2025-12-22;16;2265
11;2025-12-22;17;2775
11;2025-12-22;18;2992
11;2025-12-22;19;2197
11;2025-12-22;20;1375
11;2025-12-22;21;804
11;2025-12-22;22;369
11;2025-12-22;23;210
11;2025-12-23;0;61
11;2025-12-23;1;0
11;2025-12-23;2;0
11;2025-12-23;3;0
11;2025-12-23;4;0
11;2025-12-23;5;282
11;2025-12-23;6;1285
11;2025-12-23;7;2418
11;2025-12-23;8;3180
11;2025-12-23;9;2451
11;2025-12-23;10;1989
11;2025-12-23;11;1920
11;2025-12-23;12;2012
11;2025-12-23;13;2173
11;2025-12-23;14;2152
11;2025-12-23;15;2123
11;2025-12-23;16;2350
11;2025-12-23;17;2824
11;2025-12-23;18;2974
11;2025-12-23;19;2208
11;2025-12-23;20;1433
11;2025-12-23;21;865
11;2025-12-23;22;410
11;2025-12-23;23;237
11;2025-12-24;0;68
11;2025-12-24;1;0
11;2025-12-24;2;0
11;2025-12-24;3;0
11;2025-12-24;4;0
11;2025-12-24;5;286
11;2025-12-24;6;1275
11;2025-12-24;7;2426
11;2025-12-24;8;3224
11;2025-12-24;9;2459
11;2025-12-24;10;1997
11;2025-12-24;11;1973
11;2025-12-24;12;2011
11;2025-12-24;13;2190
11;2025-12-24;14;2140
11;2025-12-24;15;2096
11;2025-12-24;16;2289
11;2025-12-24;17;2843
11;2025-12-24;18;3046
11;2025-12-24;19;2286
11;2025-12-24;20;1481
11;2025-12-24;21;897
11;2025-12-24;22;425
11;2025-12-24;23;243
11;2025-12-25;0;73
11;2025-12-25;1;0
11;2025-12-25;2;0
11;2025-12-25;3;0
11;2025-12-25;4;0
11;2025-12-25;5;279
11;2025-12-25;6;1293
11;2025-12-25;7;2409
11;2025-12-25;8;3178
11;2025-12-25;9;2466
11;2025-12-25;10;2049
11;2025-12-25;11;1941
11;2025-12-25;12;2020
11;2025-12-25;13;2148
11;2025-12-25;14;2138
11;2025-12-25;15;2105
11;2025-12-25;16;2334
11;2025-12-25;17;2810
11;2025-12-25;18;3031
11;2025-12-25;19;2200
11;2025-12-25;20;1445
11;2025-12-25;21;875
11;2025-12-25;22;427
11;2025-12-25;23;254
11;2025-12-26;0;78
11;2025-12-26;1;0
11;2025-12-26;2;0
11;2025-12-26;3;0
11;2025-12-26;4;0
11;2025-12-26;5;280
11;2025-12-26;6;1252
11;2025-12-26;7;2297
11;2025-12-26;8;3047
11;2025-12-26;9;2325
11;2025-12-26;10;1900
11;2025-12-26;11;1844
11;2025-12-26;12;1953
11;2025-12-26;13;2026
11;2025-12-26;14;2098
11;2025-12-26;15;2087
11;2025-12-26;16;2385
11;2025-12-26;17;2752
11;2025-12-26;18;2521
11;2025-12-26;19;2010
11;2025-12-26;20;1363
11;2025-12-26;21;859
11;2025-12-26;22;428
11;2025-12-26;23;300
11;2025-12-27;0;103
11;2025-12-27;1;6
11;2025-12-27;2;0
11;2025-12-27;3;0
11;2025-12-27;4;0
11;2025-12-27;5;193
11;2025-12-27;6;801
11;2025-12-27;7;776
11;2025-12-27;8;1058
11;2025-12-27;9;1208
11;2025-12-27;10;1362
11;2025-12-27;11;1698
11;2025-12-27;12;1941
11;2025-12-27;13;1877
11;2025-12-27;14;1960
11;2025-12-27;15;1861
11;2025-12-27;16;1863
11;2025-12-27;17;1880
11;2025-12-27;18;1511
11;2025-12-27;19;1457
11;2025-12-27;20;1019
11;2025-12-27;21;761
11;2025-12-27;22;431
11;2025-12-27;23;318
11;2025-12-28;0;108
11;2025-12-28;1;14
11;2025-12-28;2;0
11;2025-12-28;3;0
11;2025-12-28;4;0
11;2025-12-28;5;114
11;2025-12-28;6;463
11;2025-12-28;7;510
11;2025-12-28;8;727
11;2025-12-28;9;980
11;2025-12-28;10;1025
11;2025-12-28;11;1465
11;2025-12-28;12;1584
11;2025-12-28;13;1572
11;2025-12-28;14;1615
11;2025-12-28;15;1638
11;2025-12-28;16;1575
11;2025-12-28;17;1686
11;2025-12-28;18;1296
11;2025-12-28;19;1058
11;2025-12-28;20;839
11;2025-12-28;21;619
11;2025-12-28;22;359
11;2025-12-28;23;256
11;2025-12-29;0;73
11;2025-12-29;1;0
11;2025-12-29;2;0
11;2025-12-29;3;0
11;2025-12-29;4;0
11;2025-12-29;5;262
11;2025-12-29;6;1142
11;2025-12-29;7;2100
11;2025-12-29;8;2768
11;2025-12-29;9;2111
11;2025-12-29;10;1679
11;2025-12-29;11;1645
11;2025-12-29;12;1662
11;2025-12-29;13;1787
11;2025-12-29;14;1777
11;2025-12-29;15;1836
11;2025-12-29;16;2012
11;2025-12-29;17;2451
11;2025-12-29;18;2630
11;2025-12-29;19;1932
11;2025-12-29;20;1216
11;2025-12-29;21;722
11;2025-12-29;22;340
11;2025-12-29;23;190
11;2025-12-30;0;61
11;2025-12-30;1;0
11;2025-12-30;2;0
11;2025-12-30;3;0
11;2025-12-30;4;0
11;2025-12-30;5;254
11;2025-12-30;6;1138
11;2025-12-30;7;2127
11;2025-12-30;8;2818
11;2025-12-30;9;2146
11;2025-12-30;10;1734
11;2025-12-30;11;1646
11;2025-12-30;12;1710
11;2025-12-30;13;1832
11;2025-12-30;14;1835
11;2025-12-30;15;1829
11;2025-12-30;16;2022
11;2025-12-30;17;2461
11;2025-12-30;18;2571
11;2025-12-30;19;1908
11;2025-12-30;20;1249
11;2025-12-30;21;746
11;2025-12-30;22;352
11;2025-12-30;23;198
11;2025-12-31;0;91
11;2025-12-31;1;11
11;2025-12-31;2;0
11;2025-12-31;3;0
11;2025-12-31;4;0
11;2025-12-31;5;112
11;2025-12-31;6;423
11;2025-12-31;7;465
11;2025-12-31;8;675
11;2025-12-31;9;874
11;2025-12-31;10;909
11;2025-12-31;11;1289
11;2025-12-31;12;1370
11;2025-12-31;13;1373
11;2025-12-31;14;1400
11;2025-12-31;15;1384
11;2025-12-31;16;1299
11;2025-12-31;17;1473
11;2025-12-31;18;1228
11;2025-12-31;19;993
11;2025-12-31;20;0
11;2025-12-31;21;0
11;2025-12-31;22;0
11;2025-12-31;23;0
12;2025-11-01;0;48
12;2025-11-01;1;3
12;2025-11-01;2;0
12;2025-11-01;3;0
12;2025-11-01;4;5
12;2025-11-01;5;267
12;2025-11-01;6;1189
12;2025-11-01;7;2184
12;2025-11-01;8;2833
12;2025-11-01;9;2093
12;2025-11-01;10;1753
12;2025-11-01;11;1691
12;2025-11-01;12;1755
12;2025-11-01;13;1793
12;2025-11-01;14;1722
12;2025-11-01;15;1954
12;2025-11-01;16;2346
12;2025-11-01;17;2534
12;2025-11-01;18;2518
12;2025-11-01;19;1921
12;2025-11-01;20;1265
12;2025-11-01;21;814
12;2025-11-01;22;397
12;2025-11-01;23;231
12;2025-11-02;0;76
12;2025-11-02;1;5
12;2025-11-02;2;0
12;2025-11-02;3;0
12;2025-11-02;4;2
12;2025-11-02;5;133
12;2025-11-02;6;504
12;2025-11-02;7;710
12;2025-11-02;8;754
12;2025-11-02;9;973
12;2025-11-02;10;1203
12;2025-11-02;11;1313
12;2025-11-02;12;1418
12;2025-11-02;13;1630
12;2025-11-02;14;1478
12;2025-11-02;15;1517
12;2025-11-02;16;1599
12;2025-11-02;17;1614
12;2025-11-02;18;1366
12;2025-11-02;19;1010
12;2025-11-02;20;782
12;2025-11-02;21;599
12;2025-11-02;22;378
12;2025-11-02;23;215
12;2025-11-03;0;69
12;2025-11-03;1;6
12;2025-11-03;2;0
12;2025-11-03;3;0
12;2025-11-03;4;4
12;2025-11-03;5;146
12;2025-11-03;6;550
12;2025-11-03;7;754
12;2025-11-03;8;785
12;2025-11-03;9;932
12;2025-11-03;10;1095
12;2025-11-03;11;1171
12;2025-11-03;12;1287
12;2025-11-03;13;1480
12;2025-11-03;14;1316
12;2025-11-03;15;1364
12;2025-11-03;16;1432
12;2025-11-03;17;1477
12;2025-11-03;18;1399
12;2025-11-03;19;1110
12;2025-11-03;20;837
12;2025-11-03;21;611
12;2025-11-03;22;363
12;2025-11-03;23;206
12;2025-11-04;0;62
12;2025-11-04;1;6
12;2025-11-04;2;0
12;2025-11-04;3;0
12;2025-11-04;4;4
12;2025-11-04;5;143
12;2025-11-04;6;538
12;2025-11-04;7;723
12;2025-11-04;8;741
12;2025-11-04;9;877
12;2025-11-04;10;1055
12;2025-11-04;11;1126
12;2025-11-04;12;1241
12;2025-11-04;13;1448
12;2025-11-04;14;1294
12;2025-11-04;15;1321
12;2025-11-04;16;1410
12;2025-11-04;17;1446
12;2025-11-04;18;1353
12;2025-11-04;19;1070
12;2025-11-04;20;798
12;2025-11-04;21;591
12;2025-11-04;22;366
12;2025-11-04;23;202
12;2025-11-05;0;56
12;2025-11-05;1;1
12;2025-11-05;2;0
12;2025-11-05;3;0
12;2025-11-05;4;7
12;2025-11-05;5;316
12;2025-11-05;6;1447
12;2025-11-05;7;2655
12;2025-11-05;8;3513
12;2025-11-05;9;2526
12;2025-11-05;10;2086
12;2025-11-05;11;1972
12;2025-11-05;12;2048
12;2025-11-05;13;2046
12;2025-11-05;14;1977
12;2025-11-05;15;2237
12;2025-11-05;16;2731
12;2025-11-05;17;3006
12;2025-11-05;18;3136
12;2025-11-05;19;2360
12;2025-11-05;20;1517
12;2025-11-05;21;977
12;2025-11-05;22;468
12;2025-11-05;23;257
12;2025-11-06;0;46
12;2025-11-06;1;2
12;2025-11-06;2;0
12;2025-11-06;3;0
12;2025-11-06;4;7
12;2025-11-06;5;314
12;2025-11-06;6;1431
12;2025-11-06;7;2690
12;2025-11-06;8;3528
12;2025-11-06;9;2506
12;2025-11-06;10;2057
12;2025-11-06;11;1966
12;2025-11-06;12;2037
12;2025-11-06;13;2071
12;2025-11-06;14;1993
12;2025-11-06;15;2249
12;2025-11-06;16;2725
12;2025-11-06;17;3021
12;2025-11-06;18;3154
12;2025-11-06;19;2385
12;2025-11-06;20;1532
12;2025-11-06;21;955
12;2025-11-06;22;471
12;2025-11-06;23;263
12;2025-11-07;0;53
12;2025-11-07;1;1
12;2025-11-07;2;0
12;2025-11-07;3;0
12;2025-11-07;4;5
12;2025-11-07;5;316
12;2025-11-07;6;1429
12;2025-11-07;7;2622
12;2025-11-07;8;3367
12;2025-11-07;9;2463
12;2025-11-07;10;1992
12;2025-11-07;11;1964
12;2025-11-07;12;2018
12;2025-11-07;13;2081
12;2025-11-07;14;2034
12;2025-11-07;15;2397
12;2025-11-07;16;2903
12;2025-11-07;17;2985
12;2025-11-07;18;2720
12;2025-11-07;19;2176
12;2025-11-07;20;1447
12;2025-11-07;21;995
12;2025-11-07;22;493
12;2025-11-07;23;311
12;2025-11-08;0;72
12;2025-11-08;1;2
12;2025-11-08;2;0
12;2025-11-08;3;0
12;2025-11-08;4;4
12;2025-11-08;5;218
12;2025-11-08;6;822
12;2025-11-08;7;921
12;2025-11-08;8;1032
12;2025-11-08;9;1235
12;2025-11-08;10;1309
12;2025-11-08;11;1457
12;2025-11-08;12;1528
12;2025-11-08;13;1750
12;2025-11-08;14;1561
12;2025-11-08;15;1576
12;2025-11-08;16;1713
12;2025-11-08;17;1618
12;2025-11-08;18;1515
12;2025-11-08;19;1379
12;2025-11-08;20;949
12;2025-11-08;21;790
12;2025-11-08;22;401
12;2025-11-08;23;287
12;2025-11-09;0;80
12;2025-11-09;1;8
12;2025-11-09;2;0
12;2025-11-09;3;0
12;2025-11-09;4;3
12;2025-11-09;5;131
12;2025-11-09;6;508
12;2025-11-09;7;706
12;2025-11-09;8;747
12;2025-11-09;9;965
12;2025-11-09;10;1189
12;2025-11-09;11;1298
12;2025-11-09;12;1408
12;2025-11-09;13;1626
12;2025-11-09;14;1478
12;2025-11-09;15;1509
12;2025-11-09;16;1587
12;2025-11-09;17;1604
12;2025-11-09;18;1368
12;2025-11-09;19;1009
12;2025-11-09;20;777
12;2025-11-09;21;601
12;2025-11-09;22;382
12;2025-11-09;23;214
12;2025-11-10;0;53
12;2025-11-10;1;2
12;2025-11-10;2;0
12;2025-11-10;3;0
12;2025-11-10;4;6
12;2025-11-10;5;302
12;2025-11-10;6;1414
12;2025-11-10;7;2660
12;2025-11-10;8;3528
12;2025-11-10;9;2508
12;2025-11-10;10;2030
12;2025-11-10;11;1945
12;2025-11-10;12;2053
12;2025-11-10;13;2032
12;2025-11-10;14;1968
12;2025-11-10;15;2246
12;2025-11-10;16;2719
12;2025-11-10;17;3008
12;2025-11-10;18;3148
12;2025-11-10;19;2357
12;2025-11-10;20;1524
12;2025-11-10;21;939
12;2025-11-10;22;435
12;2025-11-10;23;232
12;2025-11-11;0;43
12;2025-11-11;1;1
12;2025-11-11;2;0
12;2025-11-11;3;0
12;2025-11-11;4;6
12;2025-11-11;5;312
12;2025-11-11;6;1441
12;2025-11-11;7;2730
12;2025-11-11;8;3610
12;2025-11-11;9;2551
12;2025-11-11;10;2097
12;2025-11-11;11;1996
12;2025-11-11;12;2067
12;2025-11-11;13;2088
12;2025-11-11;14;2023
12;2025-11-11;15;2267
12;2025-11-11;16;2771
12;2025-11-11;17;3060
12;2025-11-11;18;3178
12;2025-11-11;19;2374
12;2025-11-11;20;1513
12;2025-11-11;21;951
12;2025-11-11;22;458
12;2025-11-11;23;249
12;2025-11-12;0;53
12;2025-11-12;1;1
12;2025-11-12;2;0
12;2025-11-12;3;0
12;2025-11-12;4;7
12;2025-11-12;5;314
12;2025-11-12;6;1441
12;2025-11-12;7;2676
12;2025-11-12;8;3530
12;2025-11-12;9;2545
12;2025-11-12;10;2116
12;2025-11-12;11;1992
12;2025-11-12;12;2068
12;2025-11-12;13;2065
12;2025-11-12;14;1998
12;2025-11-12;15;2268
12;2025-11-12;16;2766
12;2025-11-12;17;3037
12;2025-11-12;18;3158
12;2025-11-12;19;2372
12;2025-11-12;20;1520
12;2025-11-12;21;975
12;2025-11-12;22;467
12;2025-11-12;23;257
12;2025-11-13;0;46
12;2025-11-13;1;3
12;2025-11-13;2;0
12;2025-11-13;3;0
12;2025-11-13;4;6
12;2025-11-13;5;309
12;2025-11-13;6;1429
12;2025-11-13;7;2705
12;2025-11-13;8;3550
12;2025-11-13;9;2530
12;2025-11-13;10;2090
12;2025-11-13;11;1999
12;2025-11-13;12;2073
12;2025-11-13;13;2104
12;2025-11-13;14;2029
12;2025-11-13;15;2289
12;2025-11-13;16;2769
12;2025-11-13;17;3056
12;2025-11-13;18;3179
12;2025-11-13;19;2397
12;2025-11-13;20;1550
12;2025-11-13;21;961
12;2025-11-13;22;477
12;2025-11-13;23;262
12;2025-11-14;0;52
12;2025-11-14;1;1
12;2025-11-14;2;0
12;2025-11-14;3;0
12;2025-11-14;4;6
12;2025-11-14;5;316
12;2025-11-14;6;1423
12;2025-11-14;7;2638
12;2025-11-14;8;3390
12;2025-11-14;9;2485
12;2025-11-14;10;2022
12;2025-11-14;11;1996
12;2025-11-14;12;2055
12;2025-11-14;13;2113
12;2025-11-14;14;2073
12;2025-11-14;15;2440
12;2025-11-14;16;2938
12;2025-11-14;17;3029
12;2025-11-14;18;2751
12;2025-11-14;19;2178
12;2025-11-14;20;1444
12;2025-11-14;21;981
12;2025-11-14;22;484
12;2025-11-14;23;305
12;2025-11-15;0;73
12;2025-11-15;1;3
12;2025-11-15;2;0
12;2025-11-15;3;0
12;2025-11-15;4;2
12;2025-11-15;5;211
12;2025-11-15;6;789
12;2025-11-15;7;890
12;2025-11-15;8;993
12;2025-11-15;9;1185
12;2025-11-15;10;1413
12;2025-11-15;11;1432
12;2025-11-15;12;1459
12;2025-11-15;13;1655
12;2025-11-15;14;1507
12;2025-11-15;15;1507
12;2025-11-15;16;1640
12;2025-11-15;17;1537
12;2025-11-15;18;1448
12;2025-11-15;19;1329
12;2025-11-15;20;911
12;2025-11-15;21;753
12;2025-11-15;22;385
12;2025-11-15;23;273
12;2025-11-16;0;78
12;2025-11-16;1;5
12;2025-11-16;2;0
12;2025-11-16;3;0
12;2025-11-16;4;3
12;2025-11-16;5;130
12;2025-11-16;6;475
12;2025-11-16;7;647
12;2025-11-16;8;752
12;2025-11-16;9;969
12;2025-11-16;10;1196
12;2025-11-16;11;1305
12;2025-11-16;12;1417
12;2025-11-16;13;1632
12;2025-11-16;14;1495
12;2025-11-16;15;1509
12;2025-11-16;16;1598
12;2025-11-16;17;1613
12;2025-11-16;18;1382
12;2025-11-16;19;1007
12;2025-11-16;20;781
12;2025-11-16;21;597
12;2025-11-16;22;384
12;2025-11-16;23;213
12;2025-11-17;0;54
12;2025-11-17;1;2
12;2025-11-17;2;0
12;2025-11-17;3;0
12;2025-11-17;4;7
12;2025-11-17;5;301
12;2025-11-17;6;1386
12;2025-11-17;7;2648
12;2025-11-17;8;3489
12;2025-11-17;9;2497
12;2025-11-17;10;2029
12;2025-11-17;11;1944
12;2025-11-17;12;2036
12;2025-11-17;13;2011
12;2025-11-17;14;1964
12;2025-11-17;15;2231
12;2025-11-17;16;2701
12;2025-11-17;17;2997
12;2025-11-17;18;3154
12;2025-11-17;19;2339
12;2025-11-17;20;1511
12;2025-11-17;21;925
12;2025-11-17;22;432
12;2025-11-17;23;232
12;2025-11-18;0;46
12;2025-11-18;1;2
12;2025-11-18;2;0
12;2025-11-18;3;0
12;2025-11-18;4;5
12;2025-11-18;5;306
12;2025-11-18;6;1416
12;2025-11-18;7;2672
12;2025-11-18;8;3492
12;2025-11-18;9;2481
12;2025-11-18;10;2038
12;2025-11-18;11;1933
12;2025-11-18;12;2003
12;2025-11-18;13;2003
12;2025-11-18;14;1967
12;2025-11-18;15;2213
12;2025-11-18;16;2691
12;2025-11-18;17;2976
12;2025-11-18;18;3107
12;2025-11-18;19;2318
12;2025-11-18;20;1466
12;2025-11-18;21;917
12;2025-11-18;22;444
12;2025-11-18;23;237
12;2025-11-19;0;53
12;2025-11-19;1;1
12;2025-11-19;2;0
12;2025-11-19;3;0
12;2025-11-19;4;6
12;2025-11-19;5;310
12;2025-11-19;6;1432
12;2025-11-19;7;2684
12;2025-11-19;8;3551
12;2025-11-19;9;2562
12;2025-11-19;10;2143
12;2025-11-19;11;2024
12;2025-11-19;12;2103
12;2025-11-19;13;2104
12;2025-11-19;14;2035
12;2025-11-19;15;2298
12;2025-11-19;16;2803
12;2025-11-19;17;3064
12;2025-11-19;18;3173
12;2025-11-19;19;2376
12;2025-11-19;20;1525
12;2025-11-19;21;971
12;2025-11-19;22;466
12;2025-11-19;23;256
12;2025-11-20;0;44
12;2025-11-20;1;2
12;2025-11-20;2;0
12;2025-11-20;3;0
12;2025-11-20;4;6
12;2025-11-20;5;308
12;2025-11-20;6;1413
12;2025-11-20;7;2711
12;2025-11-20;8;3560
12;2025-11-20;9;2533
12;2025-11-20;10;2100
12;2025-11-20;11;2015
12;2025-11-20;12;2090
12;2025-11-20;13;2114
12;2025-11-20;14;2058
12;2025-11-20;15;2308
12;2025-11-20;16;2791
12;2025-11-20;17;3077
12;2025-11-20;18;3188
12;2025-11-20;19;2393
12;2025-11-20;20;1543
12;2025-11-20;21;951
12;2025-11-20;22;473
12;2025-11-20;23;262
12;2025-11-21;0;52
12;2025-11-21;1;1
12;2025-11-21;2;0
12;2025-11-21;3;0
12;2025-11-21;4;6
12;2025-11-21;5;308
12;2025-11-21;6;1407
12;2025-11-21;7;2635
12;2025-11-21;8;3383
12;2025-11-21;9;2481
12;2025-11-21;10;2036
12;2025-11-21;11;2006
12;2025-11-21;12;2051
12;2025-11-21;13;2105
12;2025-11-21;14;2079
12;2025-11-21;15;2441
12;2025-11-21;16;2945
12;2025-11-21;17;3033
12;2025-11-21;18;2737
12;2025-11-21;19;2159
12;2025-11-21;20;1432
12;2025-11-21;21;971
12;2025-11-21;22;482
12;2025-11-21;23;305
12;2025-11-22;0;71
12;2025-11-22;1;3
12;2025-11-22;2;0
12;2025-11-22;3;0
12;2025-11-22;4;2
12;2025-11-22;5;209
12;2025-11-22;6;789
12;2025-11-22;7;891
12;2025-11-22;8;999
12;2025-11-22;9;1199
12;2025-11-22;10;1436
12;2025-11-22;11;1466
12;2025-11-22;12;1494
12;2025-11-22;13;1703
12;2025-11-22;14;1542
12;2025-11-22;15;1531
12;2025-11-22;16;1672
12;2025-11-22;17;1571
12;2025-11-22;18;1472
12;2025-11-22;19;1333
12;2025-11-22;20;910
12;2025-11-22;21;755
12;2025-11-22;22;388
12;2025-11-22;23;273
12;2025-11-23;0;78
12;2025-11-23;1;5
12;2025-11-23;2;0
12;2025-11-23;3;0
12;2025-11-23;4;3
12;2025-11-23;5;126
12;2025-11-23;6;487
12;2025-11-23;7;693
12;2025-11-23;8;742
12;2025-11-23;9;956
12;2025-11-23;10;1185
12;2025-11-23;11;1301
12;2025-11-23;12;1402
12;2025-11-23;13;1613
12;2025-11-23;14;1485
12;2025-11-23;15;1485
12;2025-11-23;16;1571
12;2025-11-23;17;1586
12;2025-11-23;18;1349
12;2025-11-23;19;978
12;2025-11-23;20;761
12;2025-11-23;21;588
12;2025-11-23;22;384
12;2025-11-23;23;212
12;2025-11-24;0;56
12;2025-11-24;1;2
12;2025-11-24;2;0
12;2025-11-24;3;0
12;2025-11-24;4;7
12;2025-11-24;5;292
12;2025-11-24;6;1358
12;2025-11-24;7;2602
12;2025-11-24;8;3414
12;2025-11-24;9;2439
12;2025-11-24;10;1989
12;2025-11-24;11;1894
12;2025-11-24;12;1994
12;2025-11-24;13;1969
12;2025-11-24;14;1950
12;2025-11-24;15;2208
12;2025-11-24;16;2667
12;2025-11-24;17;2938
12;2025-11-24;18;3089
12;2025-11-24;19;2314
12;2025-11-24;20;1482
12;2025-11-24;21;906
12;2025-11-24;22;424
12;2025-11-24;23;225
12;2025-11-25;0;43
12;2025-11-25;1;1
12;2025-11-25;2;0
12;2025-11-25;3;0
12;2025-11-25;4;6
12;2025-11-25;5;304
12;2025-11-25;6;1417
12;2025-11-25;7;2732
12;2025-11-25;8;3617
12;2025-11-25;9;2561
12;2025-11-25;10;2125
12;2025-11-25;11;2018
12;2025-11-25;12;2094
12;2025-11-25;13;2117
12;2025-11-25;14;2069
12;2025-11-25;15;2310
12;2025-11-25;16;2819
12;2025-11-25;17;3090
12;2025-11-25;18;3197
12;2025-11-25;19;2378
12;2025-11-25;20;1508
12;2025-11-25;21;939
12;2025-11-25;22;452
12;2025-11-25;23;246
12;2025-11-26;0;53
12;2025-11-26;1;1
12;2025-11-26;2;0
12;2025-11-26;3;0
12;2025-11-26;4;6
12;2025-11-26;5;305
12;2025-11-26;6;1397
12;2025-11-26;7;2636
12;2025-11-26;8;3485
12;2025-11-26;9;2505
12;2025-11-26;10;2099
12;2025-11-26;11;1966
12;2025-11-26;12;2037
12;2025-11-26;13;2030
12;2025-11-26;14;1996
12;2025-11-26;15;2252
12;2025-11-26;16;2745
12;2025-11-26;17;2988
12;2025-11-26;18;3099
12;2025-11-26;19;2321
12;2025-11-26;20;1478
12;2025-11-26;21;937
12;2025-11-26;22;451
12;2025-11-26;23;245
12;2025-11-27;0;48
12;2025-11-27;1;2
12;2025-11-27;2;0
12;2025-11-27;3;0
12;2025-11-27;4;6
12;2025-11-27;5;306
12;2025-11-27;6;1407
12;2025-11-27;7;2685
12;2025-11-27;8;3526
12;2025-11-27;9;2501
12;2025-11-27;10;2081
12;2025-11-27;11;1992
12;2025-11-27;12;2051
12;2025-11-27;13;2082
12;2025-11-27;14;2019
12;2025-11-27;15;2295
12;2025-11-27;16;2764
12;2025-11-27;17;3037
12;2025-11-27;18;3148
12;2025-11-27;19;2339
12;2025-11-27;20;1502
12;2025-11-27;21;922
12;2025-11-27;22;455
12;2025-11-27;23;253
12;2025-11-28;0;49
12;2025-11-28;1;2
12;2025-11-28;2;0
12;2025-11-28;3;0
12;2025-11-28;4;5
12;2025-11-28;5;308
12;2025-11-28;6;1393
12;2025-11-28;7;2603
12;2025-11-28;8;3352
12;2025-11-28;9;2447
12;2025-11-28;10;2009
12;2025-11-28;11;1977
12;2025-11-28;12;2031
12;2025-11-28;13;2082
12;2025-11-28;14;2073
12;2025-11-28;15;2425
12;2025-11-28;16;2920
12;2025-11-28;17;2994
12;2025-11-28;18;2713
12;2025-11-28;19;2151
12;2025-11-28;20;1414
12;2025-11-28;21;960
12;2025-11-28;22;477
12;2025-11-28;23;301
12;2025-11-29;0;73
12;2025-11-29;1;3
12;2025-11-29;2;0
12;2025-11-29;3;0
12;2025-11-29;4;2
12;2025-11-29;5;213
12;2025-11-29;6;799
12;2025-11-29;7;907
12;2025-11-29;8;1028
12;2025-11-29;9;1226
12;2025-11-29;10;1475
12;2025-11-29;11;1510
12;2025-11-29;12;1541
12;2025-11-29;13;1761
12;2025-11-29;14;1593
12;2025-11-29;15;1564
12;2025-11-29;16;1712
12;2025-11-29;17;1600
12;2025-11-29;18;1494
12;2025-11-29;19;1354
12;2025-11-29;20;923
12;2025-11-29;21;768
12;2025-11-29;22;399
12;2025-11-29;23;282
12;2025-11-30;0;79
12;2025-11-30;1;5
12;2025-11-30;2;0
12;2025-11-30;3;0
12;2025-11-30;4;3
12;2025-11-30;5;129
12;2025-11-30;6;484
12;2025-11-30;7;687
12;2025-11-30;8;736
12;2025-11-30;9;945
12;2025-11-30;10;1172
12;2025-11-30;11;1291
12;2025-11-30;12;1396
12;2025-11-30;13;1613
12;2025-11-30;14;1480
12;2025-11-30;15;1485
12;2025-11-30;16;1574
12;2025-11-30;17;1575
12;2025-11-30;18;1334
12;2025-11-30;19;978
12;2025-11-30;20;752
12;2025-11-30;21;589
12;2025-11-30;22;384
12;2025-11-30;23;217
12;2025-12-01;0;55
12;2025-12-01;1;5
12;2025-12-01;2;0
12;2025-12-01;3;0
12;2025-12-01;4;6
12;2025-12-01;5;294
12;2025-12-01;6;1379
12;2025-12-01;7;2635
12;2025-12-01;8;3500
12;2025-12-01;9;2491
12;2025-12-01;10;2046
12;2025-12-01;11;1958
12;2025-12-01;12;2072
12;2025-12-01;13;2049
12;2025-12-01;14;2018
12;2025-12-01;15;2291
12;2025-12-01;16;2753
12;2025-12-01;17;3014
12;2025-12-01;18;3132
12;2025-12-01;19;2329
12;2025-12-01;20;1495
12;2025-12-01;21;912
12;2025-12-01;22;428
12;2025-12-01;23;233
12;2025-12-02;0;44
12;2025-12-02;1;1
12;2025-12-02;2;0
12;2025-12-02;3;0
12;2025-12-02;4;6
12;2025-12-02;5;303
12;2025-12-02;6;1398
12;2025-12-02;7;2704
12;2025-12-02;8;3574
12;2025-12-02;9;2526
12;2025-12-02;10;2112
12;2025-12-02;11;2004
12;2025-12-02;12;2075
12;2025-12-02;13;2098
12;2025-12-02;14;2060
12;2025-12-02;15;2308
12;2025-12-02;16;2802
12;2025-12-02;17;3063
12;2025-12-02;18;3153
12;2025-12-02;19;2347
12;2025-12-02;20;1484
12;2025-12-02;21;923
12;2025-12-02;22;448
12;2025-12-02;23;247
12;2025-12-03;0;53
12;2025-12-03;1;1
12;2025-12-03;2;0
12;2025-12-03;3;0
12;2025-12-03;4;6
12;2025-12-03;5;305
12;2025-12-03;6;1408
12;2025-12-03;7;2652
12;2025-12-03;8;3505
12;2025-12-03;9;2523
12;2025-12-03;10;2140
12;2025-12-03;11;2022
12;2025-12-03;12;2096
12;2025-12-03;13;2095
12;2025-12-03;14;2051
12;2025-12-03;15;2313
12;2025-12-03;16;2804
12;2025-12-03;17;3043
12;2025-12-03;18;3126
12;2025-12-03;19;2344
12;2025-12-03;20;1494
12;2025-12-03;21;952
12;2025-12-03;22;462
12;2025-12-03;23;256
12;2025-12-04;0;48
12;2025-12-04;1;2
12;2025-12-04;2;0
12;2025-12-04;3;0
12;2025-12-04;4;6
12;2025-12-04;5;303
12;2025-12-04;6;1387
12;2025-12-04;7;2682
12;2025-12-04;8;3523
12;2025-12-04;9;2498
12;2025-12-04;10;2100
12;2025-12-04;11;2008
12;2025-12-04;12;2079
12;2025-12-04;13;2111
12;2025-12-04;14;2068
12;2025-12-04;15;2331
12;2025-12-04;16;2800
12;2025-12-04;17;3060
12;2025-12-04;18;3158
12;2025-12-04;19;2370
12;2025-12-04;20;1522
12;2025-12-04;21;935
12;2025-12-04;22;470
12;2025-12-04;23;265
12;2025-12-05;0;54
12;2025-12-05;1;2
12;2025-12-05;2;0
12;2025-12-05;3;0
12;2025-12-05;4;5
12;2025-12-05;5;307
12;2025-12-05;6;1388
12;2025-12-05;7;2611
12;2025-12-05;8;3364
12;2025-12-05;9;2460
12;2025-12-05;10;2038
12;2025-12-05;11;2010
12;2025-12-05;12;2056
12;2025-12-05;13;2114
12;2025-12-05;14;2112
12;2025-12-05;15;2478
12;2025-12-05;16;2969
12;2025-12-05;17;3022
12;2025-12-05;18;2715
12;2025-12-05;19;2151
12;2025-12-05;20;1413
12;2025-12-05;21;959
12;2025-12-05;22;481
12;2025-12-05;23;308
12;2025-12-06;0;75
12;2025-12-06;1;3
12;2025-12-06;2;0
12;2025-12-06;3;0
12;2025-12-06;4;2
12;2025-12-06;5;215
12;2025-12-06;6;809
12;2025-12-06;7;901
12;2025-12-06;8;1028
12;2025-12-06;9;1230
12;2025-12-06;10;1474
12;2025-12-06;11;1516
12;2025-12-06;12;1548
12;2025-12-06;13;1773
12;2025-12-06;14;1607
12;2025-12-06;15;1573
12;2025-12-06;16;1719
12;2025-12-06;17;1602
12;2025-12-06;18;1493
12;2025-12-06;19;1358
12;2025-12-06;20;926
12;2025-12-06;21;773
12;2025-12-06;22;407
12;2025-12-06;23;288
12;2025-12-07;0;81
12;2025-12-07;1;7
12;2025-12-07;2;0
12;2025-12-07;3;0
12;2025-12-07;4;3
12;2025-12-07;5;129
12;2025-12-07;6;487
12;2025-12-07;7;688
12;2025-12-07;8;744
12;2025-12-07;9;951
12;2025-12-07;10;1181
12;2025-12-07;11;1306
12;2025-12-07;12;1415
12;2025-12-07;13;1633
12;2025-12-07;14;1508
12;2025-12-07;15;1493
12;2025-12-07;16;1586
12;2025-12-07;17;1580
12;2025-12-07;18;1342
12;2025-12-07;19;983
12;2025-12-07;20;753
12;2025-12-07;21;588
12;2025-12-07;22;388
12;2025-12-07;23;216
12;2025-12-08;0;55
12;2025-12-08;1;2
12;2025-12-08;2;0
12;2025-12-08;3;0
12;2025-12-08;4;6
12;2025-12-08;5;294
12;2025-12-08;6;1368
12;2025-12-08;7;2622
12;2025-12-08;8;3480
12;2025-12-08;9;2479
12;2025-12-08;10;2049
12;2025-12-08;11;1959
12;2025-12-08;12;2069
12;2025-12-08;13;2046
12;2025-12-08;14;2019
12;2025-12-08;15;2287
12;2025-12-08;16;2751
12;2025-12-08;17;3007
12;2025-12-08;18;3117
12;2025-12-08;19;2322
12;2025-12-08;20;1486
12;2025-12-08;21;908
12;2025-12-08;22;427
12;2025-12-08;23;230
12;2025-12-09;0;43
12;2025-12-09;1;1
12;2025-12-09;2;0
12;2025-12-09;3;0
12;2025-12-09;4;6
12;2025-12-09;5;303
12;2025-12-09;6;1387
12;2025-12-09;7;2696
12;2025-12-09;8;3570
12;2025-12-09;9;2526
12;2025-12-09;10;2117
12;2025-12-09;11;2003
12;2025-12-09;12;2085
12;2025-12-09;13;2102
12;2025-12-09;14;2074
12;2025-12-09;15;2319
12;2025-12-09;16;2814
12;2025-12-09;17;3058
12;2025-12-09;18;3167
12;2025-12-09;19;2358
12;2025-12-09;20;1477
12;2025-12-09;21;916
12;2025-12-09;22;444
12;2025-12-09;23;245
12;2025-12-10;0;53
12;2025-12-10;1;1
12;2025-12-10;2;0
12;2025-12-10;3;0
12;2025-12-10;4;6
12;2025-12-10;5;303
12;2025-12-10;6;1384
12;2025-12-10;7;2632
12;2025-12-10;8;3479
12;2025-12-10;9;2498
12;2025-12-10;10;2123
12;2025-12-10;11;2003
12;2025-12-10;12;2082
12;2025-12-10;13;2075
12;2025-12-10;14;2048
12;2025-12-10;15;2302
12;2025-12-10;16;2794
12;2025-12-10;17;3020
12;2025-12-10;18;3117
12;2025-12-10;19;2342
12;2025-12-10;20;1484
12;2025-12-10;21;944
12;2025-12-10;22;458
12;2025-12-10;23;257
12;2025-12-11;0;48
12;2025-12-11;1;2
12;2025-12-11;2;0
12;2025-12-11;3;0
12;2025-12-11;4;7
12;2025-12-11;5;302
12;2025-12-11;6;1362
12;2025-12-11;7;2644
12;2025-12-11;8;3468
12;2025-12-11;9;2455
12;2025-12-11;10;2057
12;2025-12-11;11;1969
12;2025-12-11;12;2038
12;2025-12-11;13;2066
12;2025-12-11;14;2032
12;2025-12-11;15;2307
12;2025-12-11;16;2766
12;2025-12-11;17;3015
12;2025-12-11;18;3121
12;2025-12-11;19;2329
12;2025-12-11;20;1488
12;2025-12-11;21;908
12;2025-12-11;22;456
12;2025-12-11;23;255
12;2025-12-12;0;56
12;2025-12-12;1;2
12;2025-12-12;2;0
12;2025-12-12;3;0
12;2025-12-12;4;5
12;2025-12-12;5;310
12;2025-12-12;6;1363
12;2025-12-12;7;2562
12;2025-12-12;8;3311
12;2025-12-12;9;2427
12;2025-12-12;10;2025
12;2025-12-12;11;1986
12;2025-12-12;12;2035
12;2025-12-12;13;2075
12;2025-12-12;14;2077
12;2025-12-12;15;2417
12;2025-12-12;16;2906
12;2025-12-12;17;2939
12;2025-12-12;18;2655
12;2025-12-12;19;2103
12;2025-12-12;20;1376
12;2025-12-12;21;930
12;2025-12-12;22;464
12;2025-12-12;23;295
12;2025-12-13;0;74
12;2025-12-13;1;3
12;2025-12-13;2;0
12;2025-12-13;3;0
12;2025-12-13;4;2
12;2025-12-13;5;209
12;2025-12-13;6;794
12;2025-12-13;7;896
12;2025-12-13;8;1028
12;2025-12-13;9;1220
12;2025-12-13;10;1461
12;2025-12-13;11;1501
12;2025-12-13;12;1537
12;2025-12-13;13;1763
12;2025-12-13;14;1609
12;2025-12-13;15;1554
12;2025-12-13;16;1703
12;2025-12-13;17;1585
12;2025-12-13;18;1479
12;2025-12-13;19;1348
12;2025-12-13;20;912
12;2025-12-13;21;749
12;2025-12-13;22;399
12;2025-12-13;23;283
12;2025-12-14;0;81
12;2025-12-14;1;7
12;2025-12-14;2;0
12;2025-12-14;3;0
12;2025-12-14;4;3
12;2025-12-14;5;129
12;2025-12-14;6;483
12;2025-12-14;7;685
12;2025-12-14;8;741
12;2025-12-14;9;945
12;2025-12-14;10;1176
12;2025-12-14;11;1297
12;2025-12-14;12;1406
12;2025-12-14;13;1622
12;2025-12-14;14;1507
12;2025-12-14;15;1474
12;2025-12-14;16;1572
12;2025-12-14;17;1565
12;2025-12-14;18;1333
12;2025-12-14;19;985
12;2025-12-14;20;745
12;2025-12-14;21;574
12;2025-12-14;22;381
12;2025-12-14;23;214
12;2025-12-15;0;55
12;2025-12-15;1;2
12;2025-12-15;2;0
12;2025-12-15;3;0
12;2025-12-15;4;6
12;2025-12-15;5;292
12;2025-12-15;6;1347
12;2025-12-15;7;2605
12;2025-12-15;8;3451
12;2025-12-15;9;2454
12;2025-12-15;10;2037
12;2025-12-15;11;1940
12;2025-12-15;12;2035
12;2025-12-15;13;2010
12;2025-12-15;14;2007
12;2025-12-15;15;2256
12;2025-12-15;16;2733
12;2025-12-15;17;2994
12;2025-12-15;18;3108
12;2025-12-15;19;2308
12;2025-12-15;20;1481
12;2025-12-15;21;895
12;2025-12-15;22;421
12;2025-12-15;23;230
12;2025-12-16;0;45
12;2025-12-16;1;1
12;2025-12-16;2;0
12;2025-12-16;3;0
12;2025-12-16;4;6
12;2025-12-16;5;308
12;2025-12-16;6;1389
12;2025-12-16;7;2717
12;2025-12-16;8;3580
12;2025-12-16;9;2536
12;2025-12-16;10;2126
12;2025-12-16;11;2014
12;2025-12-16;12;2080
12;2025-12-16;13;2088
12;2025-12-16;14;2081
12;2025-12-16;15;2310
12;2025-12-16;16;2823
12;2025-12-16;17;3081
12;2025-12-16;18;3194
12;2025-12-16;19;2372
12;2025-12-16;20;1490
12;2025-12-16;21;923
12;2025-12-16;22;451
12;2025-12-16;23;248
12;2025-12-17;0;55
12;2025-12-17;1;1
12;2025-12-17;2;0
12;2025-12-17;3;0
12;2025-12-17;4;6
12;2025-12-17;5;304
12;2025-12-17;6;1388
12;2025-12-17;7;2641
12;2025-12-17;8;3500
12;2025-12-17;9;2508
12;2025-12-17;10;2138
12;2025-12-17;11;2018
12;2025-12-17;12;2095
12;2025-12-17;13;2090
12;2025-12-17;14;2061
12;2025-12-17;15;2319
12;2025-12-17;16;2822
12;2025-12-17;17;3043
12;2025-12-17;18;3128
12;2025-12-17;19;2351
12;2025-12-17;20;1488
12;2025-12-17;21;946
12;2025-12-17;22;460
12;2025-12-17;23;257
12;2025-12-18;0;48
12;2025-12-18;1;2
12;2025-12-18;2;0
12;2025-12-18;3;0
12;2025-12-18;4;6
12;2025-12-18;5;301
12;2025-12-18;6;1366
12;2025-12-18;7;2669
12;2025-12-18;8;3514
12;2025-12-18;9;2481
12;2025-12-18;10;2090
12;2025-12-18;11;1999
12;2025-12-18;12;2073
12;2025-12-18;13;2097
12;2025-12-18;14;2069
12;2025-12-18;15;2325
12;2025-12-18;16;2806
12;2025-12-18;17;3053
12;2025-12-18;18;3155
12;2025-12-18;19;2371
12;2025-12-18;20;1512
12;2025-12-18;21;925
12;2025-12-18;22;466
12;2025-12-18;23;262
12;2025-12-19;0;55
12;2025-12-19;1;2
12;2025-12-19;2;0
12;2025-12-19;3;0
12;2025-12-19;4;6
12;2025-12-19;5;310
12;2025-12-19;6;1367
12;2025-12-19;7;2594
12;2025-12-19;8;3352
12;2025-12-19;9;2441
12;2025-12-19;10;2033
12;2025-12-19;11;1996
12;2025-12-19;12;2041
12;2025-12-19;13;2092
12;2025-12-19;14;2106
12;2025-12-19;15;2469
12;2025-12-19;16;2974
12;2025-12-19;17;3016
12;2025-12-19;18;2708
12;2025-12-19;19;2145
12;2025-12-19;20;1402
12;2025-12-19;21;942
12;2025-12-19;22;473
12;2025-12-19;23;304
12;2025-12-20;0;77
12;2025-12-20;1;3
12;2025-12-20;2;0
12;2025-12-20;3;0
12;2025-12-20;4;2
12;2025-12-20;5;213
12;2025-12-20;6;800
12;2025-12-20;7;893
12;2025-12-20;8;1024
12;2025-12-20;9;1227
12;2025-12-20;10;1471
12;2025-12-20;11;1522
12;2025-12-20;12;1555
12;2025-12-20;13;1783
12;2025-12-20;14;1632
12;2025-12-20;15;1569
12;2025-12-20;16;1715
12;2025-12-20;17;1597
12;2025-12-20;18;1482
12;2025-12-20;19;1351
12;2025-12-20;20;916
12;2025-12-20;21;758
12;2025-12-20;22;406
12;2025-12-20;23;289
12;2025-12-21;0;80
12;2025-12-21;1;6
12;2025-12-21;2;0
12;2025-12-21;3;0
12;2025-12-21;4;3
12;2025-12-21;5;130
12;2025-12-21;6;476
12;2025-12-21;7;676
12;2025-12-21;8;731
12;2025-12-21;9;942
12;2025-12-21;10;1173
12;2025-12-21;11;1302
12;2025-12-21;12;1411
12;2025-12-21;13;1634
12;2025-12-21;14;1516
12;2025-12-21;15;1486
12;2025-12-21;16;1582
12;2025-12-21;17;1569
12;2025-12-21;18;1326
12;2025-12-21;19;973
12;2025-12-21;20;743
12;2025-12-21;21;578
12;2025-12-21;22;385
12;2025-12-21;23;216
12;2025-12-22;0;57
12;2025-12-22;1;5
12;2025-12-22;2;0
12;2025-12-22;3;0
12;2025-12-22;4;7
12;2025-12-22;5;293
12;2025-12-22;6;1340
12;2025-12-22;7;2581
12;2025-12-22;8;3426
12;2025-12-22;9;2430
12;2025-12-22;10;2017
12;2025-12-22;11;1915
12;2025-12-22;12;2027
12;2025-12-22;13;2001
12;2025-12-22;14;1990
12;2025-12-22;15;2249
12;2025-12-22;16;2712
12;2025-12-22;17;2954
12;2025-12-22;18;3065
12;2025-12-22;19;2298
12;2025-12-22;20;1455
12;2025-12-22;21;886
12;2025-12-22;22;417
12;2025-12-22;23;223
12;2025-12-23;0;42
12;2025-12-23;1;1
12;2025-12-23;2;0
12;2025-12-23;3;0
12;2025-12-23;4;7
12;2025-12-23;5;317
12;2025-12-23;6;1365
12;2025-12-23;7;2636
12;2025-12-23;8;3479
12;2025-12-23;9;2476
12;2025-12-23;10;2111
12;2025-12-23;11;1995
12;2025-12-23;12;2080
12;2025-12-23;13;2091
12;2025-12-23;14;2097
12;2025-12-23;15;2317
12;2025-12-23;16;2781
12;2025-12-23;17;3030
12;2025-12-23;18;3123
12;2025-12-23;19;2350
12;2025-12-23;20;1475
12;2025-12-23;21;913
12;2025-12-23;22;454
12;2025-12-23;23;254
12;2025-12-24;0;55
12;2025-12-24;1;2
12;2025-12-24;2;0
12;2025-12-24;3;0
12;2025-12-24;4;6
12;2025-12-24;5;310
12;2025-12-24;6;1376
12;2025-12-24;7;2650
12;2025-12-24;8;3496
12;2025-12-24;9;2518
12;2025-12-24;10;2141
12;2025-12-24;11;2016
12;2025-12-24;12;2086
12;2025-12-24;13;2077
12;2025-12-24;14;2086
12;2025-12-24;15;2303
12;2025-12-24;16;2816
12;2025-12-24;17;3060
12;2025-12-24;18;3171
12;2025-12-24;19;2379
12;2025-12-24;20;1524
12;2025-12-24;21;953
12;2025-12-24;22;462
12;2025-12-24;23;257
12;2025-12-25;0;53
12;2025-12-25;1;4
12;2025-12-25;2;0
12;2025-12-25;3;0
12;2025-12-25;4;9
12;2025-12-25;5;304
12;2025-12-25;6;1356
12;2025-12-25;7;2644
12;2025-12-25;8;3485
12;2025-12-25;9;2461
12;2025-12-25;10;2073
12;2025-12-25;11;1993
12;2025-12-25;12;2056
12;2025-12-25;13;2079
12;2025-12-25;14;2057
12;2025-12-25;15;2304
12;2025-12-25;16;2780
12;2025-12-25;17;3015
12;2025-12-25;18;3110
12;2025-12-25;19;2341
12;2025-12-25;20;1485
12;2025-12-25;21;907
12;2025-12-25;22;458
12;2025-12-25;23;252
12;2025-12-26;0;56
12;2025-12-26;1;4
12;2025-12-26;2;0
12;2025-12-26;3;0
12;2025-12-26;4;6
12;2025-12-26;5;305
12;2025-12-26;6;1319
12;2025-12-26;7;2522
12;2025-12-26;8;3258
12;2025-12-26;9;2360
12;2025-12-26;10;1958
12;2025-12-26;11;1919
12;2025-12-26;12;1966
12;2025-12-26;13;2000
12;2025-12-26;14;2035
12;2025-12-26;15;2397
12;2025-12-26;16;2878
12;2025-12-26;17;2896
12;2025-12-26;18;2650
12;2025-12-26;19;2104
12;2025-12-26;20;1363
12;2025-12-26;21;911
12;2025-12-26;22;461
12;2025-12-26;23;295
12;2025-12-27;0;76
12;2025-12-27;1;3
12;2025-12-27;2;0
12;2025-12-27;3;0
12;2025-12-27;4;4
12;2025-12-27;5;211
12;2025-12-27;6;792
12;2025-12-27;7;882
12;2025-12-27;8;1021
12;2025-12-27;9;1214
12;2025-12-27;10;1456
12;2025-12-27;11;1513
12;2025-12-27;12;1542
12;2025-12-27;13;1773
12;2025-12-27;14;1622
12;2025-12-27;15;1551
12;2025-12-27;16;1697
12;2025-12-27;17;1575
12;2025-12-27;18;1455
12;2025-12-27;19;1338
12;2025-12-27;20;907
12;2025-12-27;21;743
12;2025-12-27;22;402
12;2025-12-27;23;281
12;2025-12-28;0;82
12;2025-12-28;1;5
12;2025-12-28;2;0
12;2025-12-28;3;0
12;2025-12-28;4;3
12;2025-12-28;5;130
12;2025-12-28;6;470
12;2025-12-28;7;668
12;2025-12-28;8;723
12;2025-12-28;9;929
12;2025-12-28;10;1153
12;2025-12-28;11;1287
12;2025-12-28;12;1386
12;2025-12-28;13;1601
12;2025-12-28;14;1497
12;2025-12-28;15;1459
12;2025-12-28;16;1550
12;2025-12-28;17;1538
12;2025-12-28;18;1305
12;2025-12-28;19;965
12;2025-12-28;20;731
12;2025-12-28;21;561
12;2025-12-28;22;381
12;2025-12-28;23;212
12;2025-12-29;0;51
12;2025-12-29;1;3
12;2025-12-29;2;0
12;2025-12-29;3;0
12;2025-12-29;4;5
12;2025-12-29;5;264
12;2025-12-29;6;1177
12;2025-12-29;7;2274
12;2025-12-29;8;3013
12;2025-12-29;9;2133
12;2025-12-29;10;1780
12;2025-12-29;11;1701
12;2025-12-29;12;1791
12;2025-12-29;13;1770
12;2025-12-29;14;1759
12;2025-12-29;15;1984
12;2025-12-29;16;2397
12;2025-12-29;17;2601
12;2025-12-29;18;2702
12;2025-12-29;19;2021
12;2025-12-29;20;1281
12;2025-12-29;21;778
12;2025-12-29;22;371
12;2025-12-29;23;203
12;2025-12-30;0;41
12;2025-12-30;1;3
12;2025-12-30;2;0
12;2025-12-30;3;0
12;2025-12-30;4;6
12;2025-12-30;5;273
12;2025-12-30;6;1197
12;2025-12-30;7;2342
12;2025-12-30;8;3084
12;2025-12-30;9;2174
12;2025-12-30;10;1831
12;2025-12-30;11;1736
12;2025-12-30;12;1798
12;2025-12-30;13;1807
12;2025-12-30;14;1812
12;2025-12-30;15;2011
12;2025-12-30;16;2448
12;2025-12-30;17;2646
12;2025-12-30;18;2698
12;2025-12-30;19;2036
12;2025-12-30;20;1276
12;2025-12-30;21;781
12;2025-12-30;22;391
12;2025-12-30;23;216
12;2025-12-31;0;68
12;2025-12-31;1;7
12;2025-12-31;2;0
12;2025-12-31;3;0
12;2025-12-31;4;4
12;2025-12-31;5;114
12;2025-12-31;6;423
12;2025-12-31;7;595
12;2025-12-31;8;633
12;2025-12-31;9;818
12;2025-12-31;10;1002
12;2025-12-31;11;1087
12;2025-12-31;12;1183
12;2025-12-31;13;1346
12;2025-12-31;14;1236
12;2025-12-31;15;1237
12;2025-12-31;16;1290
12;2025-12-31;17;1317
12;2025-12-31;18;1178
12;2025-12-31;19;896
12;2025-12-31;20;0
12;2025-12-31;21;0
12;2025-12-31;22;0
12;2025-12-31;23;0
17;2025-11-01;0;121
17;2025-11-01;1;13
17;2025-11-01;2;0
17;2025-11-01;3;0
17;2025-11-01;4;21
17;2025-11-01;5;273
17;2025-11-01;6;1360
17;2025-11-01;7;3770
17;2025-11-01;8;4772
17;2025-11-01;9;3442
17;2025-11-01;10;2787
17;2025-11-01;11;2806
17;2025-11-01;12;2860
17;2025-11-01;13;2933
17;2025-11-01;14;3047
17;2025-11-01;15;3154
17;2025-11-01;16;3561
17;2025-11-01;17;4226
17;2025-11-01;18;4202
17;2025-11-01;19;2989
17;2025-11-01;20;2085
17;2025-11-01;21;1317
17;2025-11-01;22;647
17;2025-11-01;23;369
17;2025-11-02;0;173
17;2025-11-02;1;24
17;2025-11-02;2;0
17;2025-11-02;3;0
17;2025-11-02;4;4
17;2025-11-02;5;114
17;2025-11-02;6;439
17;2025-11-02;7;881
17;2025-11-02;8;1287
17;2025-11-02;9;1752
17;2025-11-02;10;2056
17;2025-11-02;11;2625
17;2025-11-02;12;3008
17;2025-11-02;13;3266
17;2025-11-02;14;3340
17;2025-11-02;15;3269
17;2025-11-02;16;3303
17;2025-11-02;17;3110
17;2025-11-02;18;2631
17;2025-11-02;19;2104
17;2025-11-02;20;1587
17;2025-11-02;21;1130
17;2025-11-02;22;688
17;2025-11-02;23;320
17;2025-11-03;0;145
17;2025-11-03;1;24
17;2025-11-03;2;0
17;2025-11-03;3;0
17;2025-11-03;4;5
17;2025-11-03;5;126
17;2025-11-03;6;512
17;2025-11-03;7;1069
17;2025-11-03;8;1400
17;2025-11-03;9;1733
17;2025-11-03;10;1930
17;2025-11-03;11;2410
17;2025-11-03;12;2710
17;2025-11-03;13;2950
17;2025-11-03;14;3010
17;2025-11-03;15;2919
17;2025-11-03;16;2965
17;2025-11-03;17;2903
17;2025-11-03;18;2733
17;2025-11-03;19;2176
17;2025-11-03;20;1639
17;2025-11-03;21;1168
17;2025-11-03;22;696
17;2025-11-03;23;310
17;2025-11-04;0;149
17;2025-11-04;1;26
17;2025-11-04;2;0
17;2025-11-04;3;0
17;2025-11-04;4;5
17;2025-11-04;5;113
17;2025-11-04;6;463
17;2025-11-04;7;943
17;2025-11-04;8;1301
17;2025-11-04;9;1620
17;2025-11-04;10;1827
17;2025-11-04;11;2273
17;2025-11-04;12;2608
17;2025-11-04;13;2881
17;2025-11-04;14;2967
17;2025-11-04;15;2852
17;2025-11-04;16;2906
17;2025-11-04;17;2856
17;2025-11-04;18;2665
17;2025-11-04;19;2138
17;2025-11-04;20;1627
17;2025-11-04;21;1153
17;2025-11-04;22;696
17;2025-11-04;23;309
17;2025-11-05;0;123
17;2025-11-05;1;11
17;2025-11-05;2;0
17;2025-11-05;3;0
17;2025-11-05;4;26
17;2025-11-05;5;311
17;2025-11-05;6;1548
17;2025-11-05;7;4227
17;2025-11-05;8;5354
17;2025-11-05;9;3829
17;2025-11-05;10;3085
17;2025-11-05;11;3067
17;2025-11-05;12;3092
17;2025-11-05;13;3138
17;2025-11-05;14;3233
17;2025-11-05;15;3355
17;2025-11-05;16;3713
17;2025-11-05;17;4569
17;2025-11-05;18;4735
17;2025-11-05;19;3329
17;2025-11-05;20;2328
17;2025-11-05;21;1465
17;2025-11-05;22;709
17;2025-11-05;23;386
17;2025-11-06;0;128
17;2025-11-06;1;10
17;2025-11-06;2;0
17;2025-11-06;3;0
17;2025-11-06;4;25
17;2025-11-06;5;321
17;2025-11-06;6;1554
17;2025-11-06;7;4236
17;2025-11-06;8;5369
17;2025-11-06;9;3845
17;2025-11-06;10;3097
17;2025-11-06;11;3067
17;2025-11-06;12;3093
17;2025-11-06;13;3157
17;2025-11-06;14;3256
17;2025-11-06;15;3346
17;2025-11-06;16;3775
17;2025-11-06;17;4593
17;2025-11-06;18;4761
17;2025-11-06;19;3380
17;2025-11-06;20;2393
17;2025-11-06;21;1502
17;2025-11-06;22;735
17;2025-11-06;23;407
17;2025-11-07;0;145
17;2025-11-07;1;16
17;2025-11-07;2;0
17;2025-11-07;3;0
17;2025-11-07;4;23
17;2025-11-07;5;312
17;2025-11-07;6;1534
17;2025-11-07;7;4189
17;2025-11-07;8;5223
17;2025-11-07;9;3775
17;2025-11-07;10;3043
17;2025-11-07;11;3092
17;2025-11-07;12;3108
17;2025-11-07;13;3203
17;2025-11-07;14;3333
17;2025-11-07;15;3562
17;2025-11-07;16;4089
17;2025-11-07;17;4667
17;2025-11-07;18;4317
17;2025-11-07;19;3175
17;2025-11-07;20;2341
17;2025-11-07;21;1550
17;2025-11-07;22;792
17;2025-11-07;23;475
17;2025-11-08;0;196
17;2025-11-08;1;28
17;2025-11-08;2;0
17;2025-11-08;3;0
17;2025-11-08;4;6
17;2025-11-08;5;131
17;2025-11-08;6;604
17;2025-11-08;7;1300
17;2025-11-08;8;1815
17;2025-11-08;9;2278
17;2025-11-08;10;2545
17;2025-11-08;11;3044
17;2025-11-08;12;3375
17;2025-11-08;13;3633
17;2025-11-08;14;3619
17;2025-11-08;15;3604
17;2025-11-08;16;3676
17;2025-11-08;17;3379
17;2025-11-08;18;3040
17;2025-11-08;19;2413
17;2025-11-08;20;1883
17;2025-11-08;21;1358
17;2025-11-08;22;843
17;2025-11-08;23;456
17;2025-11-09;0;178
17;2025-11-09;1;25
17;2025-11-09;2;0
17;2025-11-09;3;0
17;2025-11-09;4;6
17;2025-11-09;5;112
17;2025-11-09;6;439
17;2025-11-09;7;875
17;2025-11-09;8;1282
17;2025-11-09;9;1732
17;2025-11-09;10;2018
17;2025-11-09;11;2582
17;2025-11-09;12;2981
17;2025-11-09;13;3247
17;2025-11-09;14;3328
17;2025-11-09;15;3255
17;2025-11-09;16;3297
17;2025-11-09;17;3090
17;2025-11-09;18;2651
17;2025-11-09;19;2131
17;2025-11-09;20;1597
17;2025-11-09;21;1143
17;2025-11-09;22;703
17;2025-11-09;23;329
17;2025-11-10;0;112
17;2025-11-10;1;13
17;2025-11-10;2;0
17;2025-11-10;3;0
17;2025-11-10;4;25
17;2025-11-10;5;312
17;2025-11-10;6;1555
17;2025-11-10;7;4284
17;2025-11-10;8;5459
17;2025-11-10;9;3858
17;2025-11-10;10;3065
17;2025-11-10;11;3047
17;2025-11-10;12;3058
17;2025-11-10;13;3109
17;2025-11-10;14;3201
17;2025-11-10;15;3344
17;2025-11-10;16;3737
17;2025-11-10;17;4588
17;2025-11-10;18;4808
17;2025-11-10;19;3351
17;2025-11-10;20;2315
17;2025-11-10;21;1410
17;2025-11-10;22;651
17;2025-11-10;23;334
17;2025-11-11;0;112
17;2025-11-11;1;10
17;2025-11-11;2;0
17;2025-11-11;3;0
17;2025-11-11;4;24
17;2025-11-11;5;315
17;2025-11-11;6;1571
17;2025-11-11;7;4318
17;2025-11-11;8;5491
17;2025-11-11;9;3906
17;2025-11-11;10;3114
17;2025-11-11;11;3077
17;2025-11-11;12;3105
17;2025-11-11;13;3162
17;2025-11-11;14;3298
17;2025-11-11;15;3386
17;2025-11-11;16;3773
17;2025-11-11;17;4685
17;2025-11-11;18;4861
17;2025-11-11;19;3404
17;2025-11-11;20;2380
17;2025-11-11;21;1463
17;2025-11-11;22;695
17;2025-11-11;23;360
17;2025-11-12;0;120
17;2025-11-12;1;10
17;2025-11-12;2;0
17;2025-11-12;3;0
17;2025-11-12;4;27
17;2025-11-12;5;315
17;2025-11-12;6;1558
17;2025-11-12;7;4249
17;2025-11-12;8;5393
17;2025-11-12;9;3860
17;2025-11-12;10;3105
17;2025-11-12;11;3081
17;2025-11-12;12;3094
17;2025-11-12;13;3139
17;2025-11-12;14;3242
17;2025-11-12;15;3364
17;2025-11-12;16;3742
17;2025-11-12;17;4594
17;2025-11-12;18;4761
17;2025-11-12;19;3342
17;2025-11-12;20;2342
17;2025-11-12;21;1472
17;2025-11-12;22;715
17;2025-11-12;23;387
17;2025-11-13;0;128
17;2025-11-13;1;10
17;2025-11-13;2;0
17;2025-11-13;3;0
17;2025-11-13;4;26
17;2025-11-13;5;322
17;2025-11-13;6;1560
17;2025-11-13;7;4263
17;2025-11-13;8;5414
17;2025-11-13;9;3882
17;2025-11-13;10;3125
17;2025-11-13;11;3103
17;2025-11-13;12;3138
17;2025-11-13;13;3198
17;2025-11-13;14;3295
17;2025-11-13;15;3410
17;2025-11-13;16;3831
17;2025-11-13;17;4653
17;2025-11-13;18;4806
17;2025-11-13;19;3403
17;2025-11-13;20;2421
17;2025-11-13;21;1522
17;2025-11-13;22;745
17;2025-11-13;23;408
17;2025-11-14;0;145
17;2025-11-14;1;16
17;2025-11-14;2;0
17;2025-11-14;3;0
17;2025-11-14;4;24
17;2025-11-14;5;317
17;2025-11-14;6;1542
17;2025-11-14;7;4199
17;2025-11-14;8;5261
17;2025-11-14;9;3800
17;2025-11-14;10;3069
17;2025-11-14;11;3122
17;2025-11-14;12;3128
17;2025-11-14;13;3214
17;2025-11-14;14;3353
17;2025-11-14;15;3585
17;2025-11-14;16;4122
17;2025-11-14;17;4708
17;2025-11-14;18;4333
17;2025-11-14;19;3186
17;2025-11-14;20;2342
17;2025-11-14;21;1537
17;2025-11-14;22;781
17;2025-11-14;23;466
17;2025-11-15;0;188
17;2025-11-15;1;28
17;2025-11-15;2;0
17;2025-11-15;3;0
17;2025-11-15;4;5
17;2025-11-15;5;125
17;2025-11-15;6;586
17;2025-11-15;7;1252
17;2025-11-15;8;1746
17;2025-11-15;9;2200
17;2025-11-15;10;2424
17;2025-11-15;11;2908
17;2025-11-15;12;3237
17;2025-11-15;13;3482
17;2025-11-15;14;3432
17;2025-11-15;15;3464
17;2025-11-15;16;3534
17;2025-11-15;17;3244
17;2025-11-15;18;2934
17;2025-11-15;19;2325
17;2025-11-15;20;1802
17;2025-11-15;21;1315
17;2025-11-15;22;818
17;2025-11-15;23;433
17;2025-11-16;0;167
17;2025-11-16;1;24
17;2025-11-16;2;0
17;2025-11-16;3;0
17;2025-11-16;4;4
17;2025-11-16;5;111
17;2025-11-16;6;433
17;2025-11-16;7;864
17;2025-11-16;8;1266
17;2025-11-16;9;1729
17;2025-11-16;10;2015
17;2025-11-16;11;2595
17;2025-11-16;12;2995
17;2025-11-16;13;3268
17;2025-11-16;14;3336
17;2025-11-16;15;3274
17;2025-11-16;16;3327
17;2025-11-16;17;3109
17;2025-11-16;18;2662
17;2025-11-16;19;2141
17;2025-11-16;20;1599
17;2025-11-16;21;1143
17;2025-11-16;22;698
17;2025-11-16;23;323
17;2025-11-17;0;109
17;2025-11-17;1;14
17;2025-11-17;2;0
17;2025-11-17;3;0
17;2025-11-17;4;25
17;2025-11-17;5;310
17;2025-11-17;6;1541
17;2025-11-17;7;4236
17;2025-11-17;8;5384
17;2025-11-17;9;3820
17;2025-11-17;10;3025
17;2025-11-17;11;3011
17;2025-11-17;12;2998
17;2025-11-17;13;3045
17;2025-11-17;14;3125
17;2025-11-17;15;3263
17;2025-11-17;16;3667
17;2025-11-17;17;4526
17;2025-11-17;18;4758
17;2025-11-17;19;3324
17;2025-11-17;20;2298
17;2025-11-17;21;1400
17;2025-11-17;22;654
17;2025-11-17;23;332
17;2025-11-18;0;115
17;2025-11-18;1;12
17;2025-11-18;2;0
17;2025-11-18;3;0
17;2025-11-18;4;22
17;2025-11-18;5;305
17;2025-11-18;6;1543
17;2025-11-18;7;4191
17;2025-11-18;8;5307
17;2025-11-18;9;3790
17;2025-11-18;10;2991
17;2025-11-18;11;2955
17;2025-11-18;12;2973
17;2025-11-18;13;3023
17;2025-11-18;14;3142
17;2025-11-18;15;3238
17;2025-11-18;16;3622
17;2025-11-18;17;4530
17;2025-11-18;18;4729
17;2025-11-18;19;3290
17;2025-11-18;20;2294
17;2025-11-18;21;1416
17;2025-11-18;22;673
17;2025-11-18;23;345
17;2025-11-19;0;115
17;2025-11-19;1;10
17;2025-11-19;2;0
17;2025-11-19;3;0
17;2025-11-19;4;27
17;2025-11-19;5;314
17;2025-11-19;6;1556
17;2025-11-19;7;4249
17;2025-11-19;8;5395
17;2025-11-19;9;3876
17;2025-11-19;10;3121
17;2025-11-19;11;3108
17;2025-11-19;12;3137
17;2025-11-19;13;3187
17;2025-11-19;14;3286
17;2025-11-19;15;3407
17;2025-11-19;16;3778
17;2025-11-19;17;4629
17;2025-11-19;18;4787
17;2025-11-19;19;3350
17;2025-11-19;20;2342
17;2025-11-19;21;1478
17;2025-11-19;22;713
17;2025-11-19;23;384
17;2025-11-20;0;122
17;2025-11-20;1;10
17;2025-11-20;2;0
17;2025-11-20;3;0
17;2025-11-20;4;26
17;2025-11-20;5;321
17;2025-11-20;6;1487
17;2025-11-20;7;4229
17;2025-11-20;8;5428
17;2025-11-20;9;3890
17;2025-11-20;10;3126
17;2025-11-20;11;3109
17;2025-11-20;12;3138
17;2025-11-20;13;3203
17;2025-11-20;14;3299
17;2025-11-20;15;3420
17;2025-11-20;16;3843
17;2025-11-20;17;4661
17;2025-11-20;18;4812
17;2025-11-20;19;3388
17;2025-11-20;20;2403
17;2025-11-20;21;1509
17;2025-11-20;22;738
17;2025-11-20;23;400
17;2025-11-21;0;141
17;2025-11-21;1;15
17;2025-11-21;2;0
17;2025-11-21;3;0
17;2025-11-21;4;24
17;2025-11-21;5;312
17;2025-11-21;6;1538
17;2025-11-21;7;4192
17;2025-11-21;8;5256
17;2025-11-21;9;3802
17;2025-11-21;10;3065
17;2025-11-21;11;3119
17;2025-11-21;12;3131
17;2025-11-21;13;3221
17;2025-11-21;14;3357
17;2025-11-21;15;3597
17;2025-11-21;16;4123
17;2025-11-21;17;4696
17;2025-11-21;18;4328
17;2025-11-21;19;3169
17;2025-11-21;20;2328
17;2025-11-21;21;1541
17;2025-11-21;22;764
17;2025-11-21;23;395
17;2025-11-22;0;187
17;2025-11-22;1;26
17;2025-11-22;2;0
17;2025-11-22;3;0
17;2025-11-22;4;6
17;2025-11-22;5;125
17;2025-11-22;6;587
17;2025-11-22;7;1269
17;2025-11-22;8;1774
17;2025-11-22;9;2240
17;2025-11-22;10;2489
17;2025-11-22;11;2988
17;2025-11-22;12;3335
17;2025-11-22;13;3593
17;2025-11-22;14;3565
17;2025-11-22;15;3576
17;2025-11-22;16;3664
17;2025-11-22;17;3345
17;2025-11-22;18;3020
17;2025-11-22;19;2392
17;2025-11-22;20;1856
17;2025-11-22;21;1331
17;2025-11-22;22;830
17;2025-11-22;23;441
17;2025-11-23;0;171
17;2025-11-23;1;25
17;2025-11-23;2;0
17;2025-11-23;3;0
17;2025-11-23;4;4
17;2025-11-23;5;110
17;2025-11-23;6;426
17;2025-11-23;7;857
17;2025-11-23;8;1260
17;2025-11-23;9;1715
17;2025-11-23;10;2004
17;2025-11-23;11;2571
17;2025-11-23;12;2974
17;2025-11-23;13;3257
17;2025-11-23;14;3328
17;2025-11-23;15;3268
17;2025-11-23;16;3326
17;2025-11-23;17;3104
17;2025-11-23;18;2656
17;2025-11-23;19;2130
17;2025-11-23;20;1593
17;2025-11-23;21;1136
17;2025-11-23;22;702
17;2025-11-23;23;325
17;2025-11-24;0;112
17;2025-11-24;1;12
17;2025-11-24;2;0
17;2025-11-24;3;0
17;2025-11-24;4;24
17;2025-11-24;5;301
17;2025-11-24;6;1501
17;2025-11-24;7;4134
17;2025-11-24;8;5259
17;2025-11-24;9;3743
17;2025-11-24;10;2951
17;2025-11-24;11;2922
17;2025-11-24;12;2932
17;2025-11-24;13;3003
17;2025-11-24;14;3074
17;2025-11-24;15;3227
17;2025-11-24;16;3603
17;2025-11-24;17;4441
17;2025-11-24;18;4692
17;2025-11-24;19;3259
17;2025-11-24;20;2250
17;2025-11-24;21;1377
17;2025-11-24;22;636
17;2025-11-24;23;323
17;2025-11-25;0;107
17;2025-11-25;1;11
17;2025-11-25;2;0
17;2025-11-25;3;0
17;2025-11-25;4;25
17;2025-11-25;5;315
17;2025-11-25;6;1564
17;2025-11-25;7;4294
17;2025-11-25;8;5475
17;2025-11-25;9;3901
17;2025-11-25;10;3109
17;2025-11-25;11;3072
17;2025-11-25;12;3102
17;2025-11-25;13;3163
17;2025-11-25;14;3303
17;2025-11-25;15;3405
17;2025-11-25;16;3788
17;2025-11-25;17;4692
17;2025-11-25;18;4854
17;2025-11-25;19;3394
17;2025-11-25;20;2368
17;2025-11-25;21;1460
17;2025-11-25;22;695
17;2025-11-25;23;355
17;2025-11-26;0;118
17;2025-11-26;1;11
17;2025-11-26;2;0
17;2025-11-26;3;0
17;2025-11-26;4;26
17;2025-11-26;5;310
17;2025-11-26;6;1540
17;2025-11-26;7;4187
17;2025-11-26;8;5338
17;2025-11-26;9;3824
17;2025-11-26;10;3067
17;2025-11-26;11;3022
17;2025-11-26;12;3052
17;2025-11-26;13;3109
17;2025-11-26;14;3212
17;2025-11-26;15;3346
17;2025-11-26;16;3691
17;2025-11-26;17;4525
17;2025-11-26;18;4696
17;2025-11-26;19;3276
17;2025-11-26;20;2293
17;2025-11-26;21;1445
17;2025-11-26;22;702
17;2025-11-26;23;370
17;2025-11-27;0;128
17;2025-11-27;1;11
17;2025-11-27;2;0
17;2025-11-27;3;0
17;2025-11-27;4;26
17;2025-11-27;5;321
17;2025-11-27;6;1554
17;2025-11-27;7;4232
17;2025-11-27;8;5396
17;2025-11-27;9;3859
17;2025-11-27;10;3106
17;2025-11-27;11;3061
17;2025-11-27;12;3081
17;2025-11-27;13;3146
17;2025-11-27;14;3250
17;2025-11-27;15;3363
17;2025-11-27;16;3784
17;2025-11-27;17;4588
17;2025-11-27;18;4745
17;2025-11-27;19;3325
17;2025-11-27;20;2372
17;2025-11-27;21;1481
17;2025-11-27;22;727
17;2025-11-27;23;394
17;2025-11-28;0;144
17;2025-11-28;1;19
17;2025-11-28;2;0
17;2025-11-28;3;0
17;2025-11-28;4;25
17;2025-11-28;5;315
17;2025-11-28;6;1527
17;2025-11-28;7;4140
17;2025-11-28;8;5215
17;2025-11-28;9;3754
17;2025-11-28;10;3019
17;2025-11-28;11;2900
17;2025-11-28;12;2944
17;2025-11-28;13;3179
17;2025-11-28;14;3305
17;2025-11-28;15;3560
17;2025-11-28;16;4065
17;2025-11-28;17;4637
17;2025-11-28;18;4287
17;2025-11-28;19;3130
17;2025-11-28;20;2296
17;2025-11-28;21;1519
17;2025-11-28;22;785
17;2025-11-28;23;463
17;2025-11-29;0;191
17;2025-11-29;1;26
17;2025-11-29;2;0
17;2025-11-29;3;0
17;2025-11-29;4;6
17;2025-11-29;5;127
17;2025-11-29;6;595
17;2025-11-29;7;1288
17;2025-11-29;8;1818
17;2025-11-29;9;2288
17;2025-11-29;10;2543
17;2025-11-29;11;3062
17;2025-11-29;12;3419
17;2025-11-29;13;3687
17;2025-11-29;14;3660
17;2025-11-29;15;3668
17;2025-11-29;16;3771
17;2025-11-29;17;3429
17;2025-11-29;18;3070
17;2025-11-29;19;2445
17;2025-11-29;20;1896
17;2025-11-29;21;1366
17;2025-11-29;22;857
17;2025-11-29;23;456
17;2025-11-30;0;174
17;2025-11-30;1;26
17;2025-11-30;2;0
17;2025-11-30;3;0
17;2025-11-30;4;4
17;2025-11-30;5;106
17;2025-11-30;6;427
17;2025-11-30;7;849
17;2025-11-30;8;1256
17;2025-11-30;9;1708
17;2025-11-30;10;1994
17;2025-11-30;11;2561
17;2025-11-30;12;2971
17;2025-11-30;13;3263
17;2025-11-30;14;3342
17;2025-11-30;15;3281
17;2025-11-30;16;3352
17;2025-11-30;17;3117
17;2025-11-30;18;2671
17;2025-11-30;19;2154
17;2025-11-30;20;1620
17;2025-11-30;21;1159
17;2025-11-30;22;722
17;2025-11-30;23;333
17;2025-12-01;0;119
17;2025-12-01;1;15
17;2025-12-01;2;0
17;2025-12-01;3;0
17;2025-12-01;4;26
17;2025-12-01;5;321
17;2025-12-01;6;1583
17;2025-12-01;7;4232
17;2025-12-01;8;5433
17;2025-12-01;9;3834
17;2025-12-01;10;3118
17;2025-12-01;11;3098
17;2025-12-01;12;3122
17;2025-12-01;13;3172
17;2025-12-01;14;3278
17;2025-12-01;15;3451
17;2025-12-01;16;3656
17;2025-12-01;17;4484
17;2025-12-01;18;4662
17;2025-12-01;19;3232
17;2025-12-01;20;2340
17;2025-12-01;21;1431
17;2025-12-01;22;676
17;2025-12-01;23;349
17;2025-12-02;0;117
17;2025-12-02;1;11
17;2025-12-02;2;0
17;2025-12-02;3;0
17;2025-12-02;4;28
17;2025-12-02;5;325
17;2025-12-02;6;1601
17;2025-12-02;7;4271
17;2025-12-02;8;5470
17;2025-12-02;9;3884
17;2025-12-02;10;3174
17;2025-12-02;11;3129
17;2025-12-02;12;3170
17;2025-12-02;13;3233
17;2025-12-02;14;3389
17;2025-12-02;15;3502
17;2025-12-02;16;3700
17;2025-12-02;17;4581
17;2025-12-02;18;4725
17;2025-12-02;19;3291
17;2025-12-02;20;2418
17;2025-12-02;21;1492
17;2025-12-02;22;732
17;2025-12-02;23;373
17;2025-12-03;0;129
17;2025-12-03;1;13
17;2025-12-03;2;0
17;2025-12-03;3;0
17;2025-12-03;4;29
17;2025-12-03;5;326
17;2025-12-03;6;1595
17;2025-12-03;7;4223
17;2025-12-03;8;5414
17;2025-12-03;9;3864
17;2025-12-03;10;3194
17;2025-12-03;11;3165
17;2025-12-03;12;3209
17;2025-12-03;13;3264
17;2025-12-03;14;3380
17;2025-12-03;15;3527
17;2025-12-03;16;3704
17;2025-12-03;17;4528
17;2025-12-03;18;4659
17;2025-12-03;19;3248
17;2025-12-03;20;2395
17;2025-12-03;21;1518
17;2025-12-03;22;762
17;2025-12-03;23;407
17;2025-12-04;0;136
17;2025-12-04;1;11
17;2025-12-04;2;0
17;2025-12-04;3;0
17;2025-12-04;4;28
17;2025-12-04;5;336
17;2025-12-04;6;1597
17;2025-12-04;7;4228
17;2025-12-04;8;5418
17;2025-12-04;9;3868
17;2025-12-04;10;3197
17;2025-12-04;11;3164
17;2025-12-04;12;3217
17;2025-12-04;13;3292
17;2025-12-04;14;3401
17;2025-12-04;15;3537
17;2025-12-04;16;3772
17;2025-12-04;17;4561
17;2025-12-04;18;4688
17;2025-12-04;19;3300
17;2025-12-04;20;2477
17;2025-12-04;21;1561
17;2025-12-04;22;792
17;2025-12-04;23;430
17;2025-12-05;0;156
17;2025-12-05;1;16
17;2025-12-05;2;0
17;2025-12-05;3;0
17;2025-12-05;4;25
17;2025-12-05;5;328
17;2025-12-05;6;1581
17;2025-12-05;7;4175
17;2025-12-05;8;5275
17;2025-12-05;9;3799
17;2025-12-05;10;3146
17;2025-12-05;11;3192
17;2025-12-05;12;3229
17;2025-12-05;13;3327
17;2025-12-05;14;3486
17;2025-12-05;15;3768
17;2025-12-05;16;4092
17;2025-12-05;17;4625
17;2025-12-05;18;4243
17;2025-12-05;19;3106
17;2025-12-05;20;2394
17;2025-12-05;21;1595
17;2025-12-05;22;844
17;2025-12-05;23;498
17;2025-12-06;0;188
17;2025-12-06;1;25
17;2025-12-06;2;0
17;2025-12-06;3;0
17;2025-12-06;4;6
17;2025-12-06;5;124
17;2025-12-06;6;580
17;2025-12-06;7;1242
17;2025-12-06;8;1768
17;2025-12-06;9;2231
17;2025-12-06;10;2482
17;2025-12-06;11;2986
17;2025-12-06;12;3341
17;2025-12-06;13;3619
17;2025-12-06;14;3594
17;2025-12-06;15;3610
17;2025-12-06;16;3709
17;2025-12-06;17;3377
17;2025-12-06;18;3005
17;2025-12-06;19;2392
17;2025-12-06;20;1862
17;2025-12-06;21;1341
17;2025-12-06;22;844
17;2025-12-06;23;454
17;2025-12-07;0;165
17;2025-12-07;1;23
17;2025-12-07;2;0
17;2025-12-07;3;0
17;2025-12-07;4;5
17;2025-12-07;5;104
17;2025-12-07;6;413
17;2025-12-07;7;822
17;2025-12-07;8;1228
17;2025-12-07;9;1675
17;2025-12-07;10;1953
17;2025-12-07;11;2512
17;2025-12-07;12;2920
17;2025-12-07;13;3207
17;2025-12-07;14;3275
17;2025-12-07;15;3231
17;2025-12-07;16;3312
17;2025-12-07;17;3065
17;2025-12-07;18;2608
17;2025-12-07;19;2103
17;2025-12-07;20;1571
17;2025-12-07;21;1121
17;2025-12-07;22;696
17;2025-12-07;23;322
17;2025-12-08;0;120
17;2025-12-08;1;14
17;2025-12-08;2;0
17;2025-12-08;3;0
17;2025-12-08;4;28
17;2025-12-08;5;324
17;2025-12-08;6;1580
17;2025-12-08;7;4212
17;2025-12-08;8;5416
17;2025-12-08;9;3825
17;2025-12-08;10;3118
17;2025-12-08;11;3094
17;2025-12-08;12;3123
17;2025-12-08;13;3175
17;2025-12-08;14;3280
17;2025-12-08;15;3459
17;2025-12-08;16;3654
17;2025-12-08;17;4475
17;2025-12-08;18;4662
17;2025-12-08;19;3229
17;2025-12-08;20;2344
17;2025-12-08;21;1434
17;2025-12-08;22;688
17;2025-12-08;23;348
17;2025-12-09;0;116
17;2025-12-09;1;11
17;2025-12-09;2;0
17;2025-12-09;3;0
17;2025-12-09;4;27
17;2025-12-09;5;327
17;2025-12-09;6;1593
17;2025-12-09;7;4228
17;2025-12-09;8;5430
17;2025-12-09;9;3856
17;2025-12-09;10;3154
17;2025-12-09;11;3112
17;2025-12-09;12;3155
17;2025-12-09;13;3206
17;2025-12-09;14;3362
17;2025-12-09;15;3484
17;2025-12-09;16;3677
17;2025-12-09;17;4552
17;2025-12-09;18;4699
17;2025-12-09;19;3278
17;2025-12-09;20;2402
17;2025-12-09;21;1485
17;2025-12-09;22;728
17;2025-12-09;23;368
17;2025-12-10;0;124
17;2025-12-10;1;12
17;2025-12-10;2;0
17;2025-12-10;3;0
17;2025-12-10;4;28
17;2025-12-10;5;325
17;2025-12-10;6;1577
17;2025-12-10;7;4160
17;2025-12-10;8;5326
17;2025-12-10;9;3815
17;2025-12-10;10;3155
17;2025-12-10;11;3123
17;2025-12-10;12;3172
17;2025-12-10;13;3231
17;2025-12-10;14;3341
17;2025-12-10;15;3494
17;2025-12-10;16;3659
17;2025-12-10;17;4472
17;2025-12-10;18;4621
17;2025-12-10;19;3225
17;2025-12-10;20;2378
17;2025-12-10;21;1511
17;2025-12-10;22;766
17;2025-12-10;23;407
17;2025-12-11;0;135
17;2025-12-11;1;13
17;2025-12-11;2;0
17;2025-12-11;3;0
17;2025-12-11;4;29
17;2025-12-11;5;334
17;2025-12-11;6;1576
17;2025-12-11;7;4148
17;2025-12-11;8;5303
17;2025-12-11;9;3792
17;2025-12-11;10;3123
17;2025-12-11;11;3086
17;2025-12-11;12;3131
17;2025-12-11;13;3201
17;2025-12-11;14;3323
17;2025-12-11;15;3464
17;2025-12-11;16;3691
17;2025-12-11;17;4469
17;2025-12-11;18;4595
17;2025-12-11;19;3223
17;2025-12-11;20;2421
17;2025-12-11;21;1523
17;2025-12-11;22;777
17;2025-12-11;23;416
17;2025-12-12;0;181
17;2025-12-12;1;21
17;2025-12-12;2;0
17;2025-12-12;3;0
17;2025-12-12;4;27
17;2025-12-12;5;328
17;2025-12-12;6;1559
17;2025-12-12;7;4077
17;2025-12-12;8;5155
17;2025-12-12;9;3727
17;2025-12-12;10;3092
17;2025-12-12;11;3137
17;2025-12-12;12;3157
17;2025-12-12;13;3234
17;2025-12-12;14;3376
17;2025-12-12;15;3641
17;2025-12-12;16;3962
17;2025-12-12;17;4469
17;2025-12-12;18;4129
17;2025-12-12;19;3010
17;2025-12-12;20;2311
17;2025-12-12;21;1541
17;2025-12-12;22;808
17;2025-12-12;23;473
17;2025-12-13;0;180
17;2025-12-13;1;23
17;2025-12-13;2;0
17;2025-12-13;3;0
17;2025-12-13;4;5
17;2025-12-13;5;122
17;2025-12-13;6;566
17;2025-12-13;7;1213
17;2025-12-13;8;1729
17;2025-12-13;9;2174
17;2025-12-13;10;2406
17;2025-12-13;11;2910
17;2025-12-13;12;3234
17;2025-12-13;13;3484
17;2025-12-13;14;3441
17;2025-12-13;15;3470
17;2025-12-13;16;3588
17;2025-12-13;17;3285
17;2025-12-13;18;2932
17;2025-12-13;19;2339
17;2025-12-13;20;1801
17;2025-12-13;21;1296
17;2025-12-13;22;813
17;2025-12-13;23;429
17;2025-12-14;0;157
17;2025-12-14;1;21
17;2025-12-14;2;0
17;2025-12-14;3;0
17;2025-12-14;4;5
17;2025-12-14;5;101
17;2025-12-14;6;410
17;2025-12-14;7;813
17;2025-12-14;8;1207
17;2025-12-14;9;1648
17;2025-12-14;10;1913
17;2025-12-14;11;2472
17;2025-12-14;12;2860
17;2025-12-14;13;3136
17;2025-12-14;14;3191
17;2025-12-14;15;3152
17;2025-12-14;16;3242
17;2025-12-14;17;3001
17;2025-12-14;18;2561
17;2025-12-14;19;2063
17;2025-12-14;20;1540
17;2025-12-14;21;1097
17;2025-12-14;22;685
17;2025-12-14;23;313
17;2025-12-15;0;118
17;2025-12-15;1;14
17;2025-12-15;2;0
17;2025-12-15;3;0
17;2025-12-15;4;26
17;2025-12-15;5;319
17;2025-12-15;6;1569
17;2025-12-15;7;4166
17;2025-12-15;8;5346
17;2025-12-15;9;3796
17;2025-12-15;10;3090
17;2025-12-15;11;3067
17;2025-12-15;12;3095
17;2025-12-15;13;3152
17;2025-12-15;14;3242
17;2025-12-15;15;3432
17;2025-12-15;16;3620
17;2025-12-15;17;4434
17;2025-12-15;18;4636
17;2025-12-15;19;3215
17;2025-12-15;20;2347
17;2025-12-15;21;1431
17;2025-12-15;22;696
17;2025-12-15;23;347
17;2025-12-16;0;118
17;2025-12-16;1;12
17;2025-12-16;2;0
17;2025-12-16;3;0
17;2025-12-16;4;28
17;2025-12-16;5;328
17;2025-12-16;6;1607
17;2025-12-16;7;4247
17;2025-12-16;8;5437
17;2025-12-16;9;3872
17;2025-12-16;10;3168
17;2025-12-16;11;3119
17;2025-12-16;12;3152
17;2025-12-16;13;3207
17;2025-12-16;14;3352
17;2025-12-16;15;3485
17;2025-12-16;16;3674
17;2025-12-16;17;4560
17;2025-12-16;18;4731
17;2025-12-16;19;3302
17;2025-12-16;20;2440
17;2025-12-16;21;1483
17;2025-12-16;22;632
17;2025-12-16;23;312
17;2025-12-17;0;108
17;2025-12-17;1;10
17;2025-12-17;2;0
17;2025-12-17;3;0
17;2025-12-17;4;24
17;2025-12-17;5;326
17;2025-12-17;6;1587
17;2025-12-17;7;4168
17;2025-12-17;8;5346
17;2025-12-17;9;3821
17;2025-12-17;10;3172
17;2025-12-17;11;3139
17;2025-12-17;12;3190
17;2025-12-17;13;3247
17;2025-12-17;14;3363
17;2025-12-17;15;3520
17;2025-12-17;16;3688
17;2025-12-17;17;4501
17;2025-12-17;18;4644
17;2025-12-17;19;3236
17;2025-12-17;20;2388
17;2025-12-17;21;1513
17;2025-12-17;22;774
17;2025-12-17;23;406
17;2025-12-18;0;132
17;2025-12-18;1;12
17;2025-12-18;2;0
17;2025-12-18;3;0
17;2025-12-18;4;29
17;2025-12-18;5;336
17;2025-12-18;6;1587
17;2025-12-18;7;4173
17;2025-12-18;8;5360
17;2025-12-18;9;3821
17;2025-12-18;10;3164
17;2025-12-18;11;3128
17;2025-12-18;12;3186
17;2025-12-18;13;3258
17;2025-12-18;14;3367
17;2025-12-18;15;3515
17;2025-12-18;16;3739
17;2025-12-18;17;4522
17;2025-12-18;18;4660
17;2025-12-18;19;3276
17;2025-12-18;20;2460
17;2025-12-18;21;1550
17;2025-12-18;22;798
17;2025-12-18;23;427
17;2025-12-19;0;165
17;2025-12-19;1;21
17;2025-12-19;2;0
17;2025-12-19;3;0
17;2025-12-19;4;25
17;2025-12-19;5;330
17;2025-12-19;6;1569
17;2025-12-19;7;4106
17;2025-12-19;8;5211
17;2025-12-19;9;3750
17;2025-12-19;10;3111
17;2025-12-19;11;3154
17;2025-12-19;12;3196
17;2025-12-19;13;3289
17;2025-12-19;14;3440
17;2025-12-19;15;3736
17;2025-12-19;16;4048
17;2025-12-19;17;4569
17;2025-12-19;18;4209
17;2025-12-19;19;3077
17;2025-12-19;20;2375
17;2025-12-19;21;1575
17;2025-12-19;22;845
17;2025-12-19;23;488
17;2025-12-20;0;184
17;2025-12-20;1;24
17;2025-12-20;2;0
17;2025-12-20;3;0
17;2025-12-20;4;5
17;2025-12-20;5;122
17;2025-12-20;6;568
17;2025-12-20;7;1211
17;2025-12-20;8;1739
17;2025-12-20;9;2194
17;2025-12-20;10;2433
17;2025-12-20;11;2944
17;2025-12-20;12;3293
17;2025-12-20;13;3551
17;2025-12-20;14;3519
17;2025-12-20;15;3555
17;2025-12-20;16;3652
17;2025-12-20;17;3326
17;2025-12-20;18;2958
17;2025-12-20;19;2360
17;2025-12-20;20;1831
17;2025-12-20;21;1324
17;2025-12-20;22;838
17;2025-12-20;23;445
17;2025-12-21;0;161
17;2025-12-21;1;22
17;2025-12-21;2;0
17;2025-12-21;3;0
17;2025-12-21;4;4
17;2025-12-21;5;101
17;2025-12-21;6;401
17;2025-12-21;7;791
17;2025-12-21;8;1194
17;2025-12-21;9;1635
17;2025-12-21;10;1912
17;2025-12-21;11;2460
17;2025-12-21;12;2860
17;2025-12-21;13;3145
17;2025-12-21;14;3212
17;2025-12-21;15;3171
17;2025-12-21;16;3250
17;2025-12-21;17;3002
17;2025-12-21;18;2551
17;2025-12-21;19;2058
17;2025-12-21;20;1544
17;2025-12-21;21;1108
17;2025-12-21;22;689
17;2025-12-21;23;318
17;2025-12-22;0;124
17;2025-12-22;1;16
17;2025-12-22;2;0
17;2025-12-22;3;0
17;2025-12-22;4;27
17;2025-12-22;5;323
17;2025-12-22;6;1562
17;2025-12-22;7;4111
17;2025-12-22;8;5290
17;2025-12-22;9;3743
17;2025-12-22;10;3056
17;2025-12-22;11;3027
17;2025-12-22;12;3066
17;2025-12-22;13;3117
17;2025-12-22;14;3214
17;2025-12-22;15;3404
17;2025-12-22;16;3582
17;2025-12-22;17;4380
17;2025-12-22;18;4570
17;2025-12-22;19;3156
17;2025-12-22;20;2301
17;2025-12-22;21;1407
17;2025-12-22;22;682
17;2025-12-22;23;338
17;2025-12-23;0;109
17;2025-12-23;1;8
17;2025-12-23;2;0
17;2025-12-23;3;0
17;2025-12-23;4;27
17;2025-12-23;5;319
17;2025-12-23;6;1567
17;2025-12-23;7;4091
17;2025-12-23;8;5252
17;2025-12-23;9;3774
17;2025-12-23;10;3084
17;2025-12-23;11;3048
17;2025-12-23;12;3084
17;2025-12-23;13;3125
17;2025-12-23;14;3256
17;2025-12-23;15;3404
17;2025-12-23;16;3588
17;2025-12-23;17;4475
17;2025-12-23;18;4582
17;2025-12-23;19;3171
17;2025-12-23;20;2332
17;2025-12-23;21;1431
17;2025-12-23;22;686
17;2025-12-23;23;290
17;2025-12-24;0;136
17;2025-12-24;1;14
17;2025-12-24;2;0
17;2025-12-24;3;0
17;2025-12-24;4;30
17;2025-12-24;5;327
17;2025-12-24;6;1589
17;2025-12-24;7;4143
17;2025-12-24;8;5318
17;2025-12-24;9;3819
17;2025-12-24;10;3159
17;2025-12-24;11;3136
17;2025-12-24;12;3180
17;2025-12-24;13;3225
17;2025-12-24;14;3320
17;2025-12-24;15;3497
17;2025-12-24;16;3665
17;2025-12-24;17;4479
17;2025-12-24;18;4639
17;2025-12-24;19;3246
17;2025-12-24;20;2453
17;2025-12-24;21;1545
17;2025-12-24;22;801
17;2025-12-24;23;404
17;2025-12-25;0;135
17;2025-12-25;1;15
17;2025-12-25;2;0
17;2025-12-25;3;0
17;2025-12-25;4;32
17;2025-12-25;5;337
17;2025-12-25;6;1582
17;2025-12-25;7;4123
17;2025-12-25;8;5295
17;2025-12-25;9;3788
17;2025-12-25;10;3145
17;2025-12-25;11;3118
17;2025-12-25;12;3170
17;2025-12-25;13;3234
17;2025-12-25;14;3338
17;2025-12-25;15;3493
17;2025-12-25;16;3705
17;2025-12-25;17;4462
17;2025-12-25;18;4596
17;2025-12-25;19;3216
17;2025-12-25;20;2416
17;2025-12-25;21;1520
17;2025-12-25;22;789
17;2025-12-25;23;407
17;2025-12-26;0;175
17;2025-12-26;1;18
17;2025-12-26;2;0
17;2025-12-26;3;0
17;2025-12-26;4;28
17;2025-12-26;5;322
17;2025-12-26;6;1518
17;2025-12-26;7;3944
17;2025-12-26;8;5011
17;2025-12-26;9;3622
17;2025-12-26;10;2992
17;2025-12-26;11;3022
17;2025-12-26;12;3054
17;2025-12-26;13;3145
17;2025-12-26;14;3282
17;2025-12-26;15;3579
17;2025-12-26;16;3884
17;2025-12-26;17;4380
17;2025-12-26;18;4085
17;2025-12-26;19;2978
17;2025-12-26;20;2278
17;2025-12-26;21;1508
17;2025-12-26;22;815
17;2025-12-26;23;471
17;2025-12-27;0;181
17;2025-12-27;1;25
17;2025-12-27;2;0
17;2025-12-27;3;0
17;2025-12-27;4;9
17;2025-12-27;5;124
17;2025-12-27;6;559
17;2025-12-27;7;1190
17;2025-12-27;8;1715
17;2025-12-27;9;2160
17;2025-12-27;10;2394
17;2025-12-27;11;2889
17;2025-12-27;12;3232
17;2025-12-27;13;3488
17;2025-12-27;14;3454
17;2025-12-27;15;3489
17;2025-12-27;16;3583
17;2025-12-27;17;3257
17;2025-12-27;18;2894
17;2025-12-27;19;2308
17;2025-12-27;20;1796
17;2025-12-27;21;1293
17;2025-12-27;22;816
17;2025-12-27;23;427
17;2025-12-28;0;159
17;2025-12-28;1;24
17;2025-12-28;2;0
17;2025-12-28;3;0
17;2025-12-28;4;4
17;2025-12-28;5;99
17;2025-12-28;6;401
17;2025-12-28;7;787
17;2025-12-28;8;1188
17;2025-12-28;9;1621
17;2025-12-28;10;1880
17;2025-12-28;11;2416
17;2025-12-28;12;2796
17;2025-12-28;13;3075
17;2025-12-28;14;3138
17;2025-12-28;15;3110
17;2025-12-28;16;3175
17;2025-12-28;17;2943
17;2025-12-28;18;2502
17;2025-12-28;19;2012
17;2025-12-28;20;1515
17;2025-12-28;21;1086
17;2025-12-28;22;683
17;2025-12-28;23;312
17;2025-12-29;0;106
17;2025-12-29;1;13
17;2025-12-29;2;0
17;2025-12-29;3;0
17;2025-12-29;4;24
17;2025-12-29;5;280
17;2025-12-29;6;1341
17;2025-12-29;7;3516
17;2025-12-29;8;4526
17;2025-12-29;9;3200
17;2025-12-29;10;2630
17;2025-12-29;11;2604
17;2025-12-29;12;2649
17;2025-12-29;13;2703
17;2025-12-29;14;2783
17;2025-12-29;15;2938
17;2025-12-29;16;3088
17;2025-12-29;17;3748
17;2025-12-29;18;3919
17;2025-12-29;19;2727
17;2025-12-29;20;1998
17;2025-12-29;21;1221
17;2025-12-29;22;618
17;2025-12-29;23;297
17;2025-12-30;0;102
17;2025-12-30;1;10
17;2025-12-30;2;0
17;2025-12-30;3;0
17;2025-12-30;4;24
17;2025-12-30;5;283
17;2025-12-30;6;1354
17;2025-12-30;7;3541
17;2025-12-30;8;4531
17;2025-12-30;9;3236
17;2025-12-30;10;2663
17;2025-12-30;11;2622
17;2025-12-30;12;2677
17;2025-12-30;13;2726
17;2025-12-30;14;2859
17;2025-12-30;15;2969
17;2025-12-30;16;3121
17;2025-12-30;17;3819
17;2025-12-30;18;3912
17;2025-12-30;19;2736
17;2025-12-30;20;2046
17;2025-12-30;21;1263
17;2025-12-30;22;664
17;2025-12-30;23;316
17;2025-12-31;0;125
17;2025-12-31;1;17
17;2025-12-31;2;0
17;2025-12-31;3;0
17;2025-12-31;4;4
17;2025-12-31;5;97
17;2025-12-31;6;358
17;2025-12-31;7;676
17;2025-12-31;8;1018
17;2025-12-31;9;1413
17;2025-12-31;10;1639
17;2025-12-31;11;2071
17;2025-12-31;12;2370
17;2025-12-31;13;2560
17;2025-12-31;14;2603
17;2025-12-31;15;2545
17;2025-12-31;16;2569
17;2025-12-31;17;2468
17;2025-12-31;18;2183
17;2025-12-31;19;1753
17;2025-12-31;20;0
17;2025-12-31;21;0
17;2025-12-31;22;0
17;2025-12-31;23;0
25;2025-11-01;0;0
25;2025-11-01;1;0
25;2025-11-01;2;0
25;2025-11-01;3;0
25;2025-11-01;4;0
25;2025-11-01;5;9
25;2025-11-01;6;211
25;2025-11-01;7;473
25;2025-11-01;8;772
25;2025-11-01;9;409
25;2025-11-01;10;341
25;2025-11-01;11;408
25;2025-11-01;12;408
25;2025-11-01;13;532
25;2025-11-01;14;467
25;2025-11-01;15;574
25;2025-11-01;16;680
25;2025-11-01;17;701
25;2025-11-01;18;683
25;2025-11-01;19;534
25;2025-11-01;20;303
25;2025-11-01;21;210
25;2025-11-01;22;94
25;2025-11-01;23;11
25;2025-11-02;0;16
25;2025-11-02;1;0
25;2025-11-02;2;0
25;2025-11-02;3;0
25;2025-11-02;4;0
25;2025-11-02;5;8
25;2025-11-02;6;89
25;2025-11-02;7;116
25;2025-11-02;8;208
25;2025-11-02;9;237
25;2025-11-02;10;240
25;2025-11-02;11;330
25;2025-11-02;12;405
25;2025-11-02;13;539
25;2025-11-02;14;571
25;2025-11-02;15;690
25;2025-11-02;16;574
25;2025-11-02;17;561
25;2025-11-02;18;473
25;2025-11-02;19;364
25;2025-11-02;20;260
25;2025-11-02;21;176
25;2025-11-02;22;100
25;2025-11-02;23;37
25;2025-11-03;0;17
25;2025-11-03;1;0
25;2025-11-03;2;0
25;2025-11-03;3;0
25;2025-11-03;4;0
25;2025-11-03;5;10
25;2025-11-03;6;101
25;2025-11-03;7;156
25;2025-11-03;8;260
25;2025-11-03;9;237
25;2025-11-03;10;221
25;2025-11-03;11;285
25;2025-11-03;12;340
25;2025-11-03;13;481
25;2025-11-03;14;492
25;2025-11-03;15;592
25;2025-11-03;16;521
25;2025-11-03;17;520
25;2025-11-03;18;517
25;2025-11-03;19;411
25;2025-11-03;20;292
25;2025-11-03;21;185
25;2025-11-03;22;101
25;2025-11-03;23;39
25;2025-11-04;0;15
25;2025-11-04;1;0
25;2025-11-04;2;0
25;2025-11-04;3;0
25;2025-11-04;4;0
25;2025-11-04;5;10
25;2025-11-04;6;87
25;2025-11-04;7;141
25;2025-11-04;8;226
25;2025-11-04;9;216
25;2025-11-04;10;213
25;2025-11-04;11;272
25;2025-11-04;12;324
25;2025-11-04;13;445
25;2025-11-04;14;478
25;2025-11-04;15;579
25;2025-11-04;16;499
25;2025-11-04;17;490
25;2025-11-04;18;484
25;2025-11-04;19;411
25;2025-11-04;20;298
25;2025-11-04;21;186
25;2025-11-04;22;100
25;2025-11-04;23;39
25;2025-11-05;0;0
25;2025-11-05;1;0
25;2025-11-05;2;0
25;2025-11-05;3;0
25;2025-11-05;4;0
25;2025-11-05;5;13
25;2025-11-05;6;268
25;2025-11-05;7;544
25;2025-11-05;8;910
25;2025-11-05;9;465
25;2025-11-05;10;388
25;2025-11-05;11;459
25;2025-11-05;12;456
25;2025-11-05;13;586
25;2025-11-05;14;487
25;2025-11-05;15;604
25;2025-11-05;16;724
25;2025-11-05;17;812
25;2025-11-05;18;847
25;2025-11-05;19;640
25;2025-11-05;20;359
25;2025-11-05;21;249
25;2025-11-05;22;106
25;2025-11-05;23;9
25;2025-11-06;0;0
25;2025-11-06;1;0
25;2025-11-06;2;0
25;2025-11-06;3;0
25;2025-11-06;4;0
25;2025-11-06;5;13
25;2025-11-06;6;265
25;2025-11-06;7;545
25;2025-11-06;8;914
25;2025-11-06;9;466
25;2025-11-06;10;395
25;2025-11-06;11;462
25;2025-11-06;12;446
25;2025-11-06;13;575
25;2025-11-06;14;512
25;2025-11-06;15;617
25;2025-11-06;16;727
25;2025-11-06;17;788
25;2025-11-06;18;830
25;2025-11-06;19;643
25;2025-11-06;20;348
25;2025-11-06;21;241
25;2025-11-06;22;107
25;2025-11-06;23;11
25;2025-11-07;0;0
25;2025-11-07;1;0
25;2025-11-07;2;0
25;2025-11-07;3;0
25;2025-11-07;4;0
25;2025-11-07;5;10
25;2025-11-07;6;262
25;2025-11-07;7;545
25;2025-11-07;8;865
25;2025-11-07;9;453
25;2025-11-07;10;381
25;2025-11-07;11;466
25;2025-11-07;12;451
25;2025-11-07;13;592
25;2025-11-07;14;532
25;2025-11-07;15;655
25;2025-11-07;16;804
25;2025-11-07;17;801
25;2025-11-07;18;710
25;2025-11-07;19;592
25;2025-11-07;20;345
25;2025-11-07;21;245
25;2025-11-07;22;120
25;2025-11-07;23;12
25;2025-11-08;0;0
25;2025-11-08;1;0
25;2025-11-08;2;0
25;2025-11-08;3;0
25;2025-11-08;4;0
25;2025-11-08;5;12
25;2025-11-08;6;104
25;2025-11-08;7;147
25;2025-11-08;8;325
25;2025-11-08;9;294
25;2025-11-08;10;294
25;2025-11-08;11;401
25;2025-11-08;12;419
25;2025-11-08;13;632
25;2025-11-08;14;647
25;2025-11-08;15;736
25;2025-11-08;16;658
25;2025-11-08;17;583
25;2025-11-08;18;533
25;2025-11-08;19;447
25;2025-11-08;20;284
25;2025-11-08;21;207
25;2025-11-08;22;129
25;2025-11-08;23;52
25;2025-11-09;0;19
25;2025-11-09;1;0
25;2025-11-09;2;0
25;2025-11-09;3;0
25;2025-11-09;4;0
25;2025-11-09;5;9
25;2025-11-09;6;86
25;2025-11-09;7;115
25;2025-11-09;8;203
25;2025-11-09;9;228
25;2025-11-09;10;235
25;2025-11-09;11;316
25;2025-11-09;12;389
25;2025-11-09;13;523
25;2025-11-09;14;550
25;2025-11-09;15;670
25;2025-11-09;16;559
25;2025-11-09;17;548
25;2025-11-09;18;464
25;2025-11-09;19;354
25;2025-11-09;20;253
25;2025-11-09;21;175
25;2025-11-09;22;100
25;2025-11-09;23;39
25;2025-11-10;0;0
25;2025-11-10;1;0
25;2025-11-10;2;0
25;2025-11-10;3;0
25;2025-11-10;4;0
25;2025-11-10;5;12
25;2025-11-10;6;254
25;2025-11-10;7;554
25;2025-11-10;8;931
25;2025-11-10;9;474
25;2025-11-10;10;367
25;2025-11-10;11;436
25;2025-11-10;12;434
25;2025-11-10;13;568
25;2025-11-10;14;475
25;2025-11-10;15;577
25;2025-11-10;16;720
25;2025-11-10;17;779
25;2025-11-10;18;822
25;2025-11-10;19;607
25;2025-11-10;20;331
25;2025-11-10;21;222
25;2025-11-10;22;95
25;2025-11-10;23;9
25;2025-11-11;0;0
25;2025-11-11;1;0
25;2025-11-11;2;0
25;2025-11-11;3;0
25;2025-11-11;4;0
25;2025-11-11;5;12
25;2025-11-11;6;265
25;2025-11-11;7;558
25;2025-11-11;8;920
25;2025-11-11;9;478
25;2025-11-11;10;390
25;2025-11-11;11;458
25;2025-11-11;12;447
25;2025-11-11;13;558
25;2025-11-11;14;492
25;2025-11-11;15;601
25;2025-11-11;16;736
25;2025-11-11;17;784
25;2025-11-11;18;819
25;2025-11-11;19;629
25;2025-11-11;20;345
25;2025-11-11;21;227
25;2025-11-11;22;96
25;2025-11-11;23;8
25;2025-11-12;0;0
25;2025-11-12;1;0
25;2025-11-12;2;0
25;2025-11-12;3;0
25;2025-11-12;4;0
25;2025-11-12;5;13
25;2025-11-12;6;268
25;2025-11-12;7;552
25;2025-11-12;8;922
25;2025-11-12;9;467
25;2025-11-12;10;391
25;2025-11-12;11;456
25;2025-11-12;12;451
25;2025-11-12;13;576
25;2025-11-12;14;476
25;2025-11-12;15;596
25;2025-11-12;16;721
25;2025-11-12;17;810
25;2025-11-12;18;844
25;2025-11-12;19;634
25;2025-11-12;20;355
25;2025-11-12;21;246
25;2025-11-12;22;108
25;2025-11-12;23;11
25;2025-11-13;0;0
25;2025-11-13;1;0
25;2025-11-13;2;0
25;2025-11-13;3;0
25;2025-11-13;4;0
25;2025-11-13;5;14
25;2025-11-13;6;265
25;2025-11-13;7;549
25;2025-11-13;8;924
25;2025-11-13;9;472
25;2025-11-13;10;396
25;2025-11-13;11;467
25;2025-11-13;12;455
25;2025-11-13;13;584
25;2025-11-13;14;524
25;2025-11-13;15;628
25;2025-11-13;16;743
25;2025-11-13;17;804
25;2025-11-13;18;851
25;2025-11-13;19;651
25;2025-11-13;20;352
25;2025-11-13;21;244
25;2025-11-13;22;110
25;2025-11-13;23;10
25;2025-11-14;0;0
25;2025-11-14;1;0
25;2025-11-14;2;0
25;2025-11-14;3;0
25;2025-11-14;4;0
25;2025-11-14;5;11
25;2025-11-14;6;261
25;2025-11-14;7;554
25;2025-11-14;8;884
25;2025-11-14;9;457
25;2025-11-14;10;387
25;2025-11-14;11;473
25;2025-11-14;12;457
25;2025-11-14;13;592
25;2025-11-14;14;527
25;2025-11-14;15;652
25;2025-11-14;16;803
25;2025-11-14;17;803
25;2025-11-14;18;718
25;2025-11-14;19;587
25;2025-11-14;20;351
25;2025-11-14;21;245
25;2025-11-14;22;119
25;2025-11-14;23;13
25;2025-11-15;0;0
25;2025-11-15;1;0
25;2025-11-15;2;0
25;2025-11-15;3;0
25;2025-11-15;4;0
25;2025-11-15;5;12
25;2025-11-15;6;103
25;2025-11-15;7;147
25;2025-11-15;8;319
25;2025-11-15;9;291
25;2025-11-15;10;283
25;2025-11-15;11;392
25;2025-11-15;12;401
25;2025-11-15;13;604
25;2025-11-15;14;607
25;2025-11-15;15;690
25;2025-11-15;16;623
25;2025-11-15;17;551
25;2025-11-15;18;507
25;2025-11-15;19;427
25;2025-11-15;20;274
25;2025-11-15;21;200
25;2025-11-15;22;128
25;2025-11-15;23;51
25;2025-11-16;0;15
25;2025-11-16;1;0
25;2025-11-16;2;0
25;2025-11-16;3;0
25;2025-11-16;4;0
25;2025-11-16;5;8
25;2025-11-16;6;89
25;2025-11-16;7;119
25;2025-11-16;8;208
25;2025-11-16;9;232
25;2025-11-16;10;237
25;2025-11-16;11;323
25;2025-11-16;12;392
25;2025-11-16;13;528
25;2025-11-16;14;555
25;2025-11-16;15;669
25;2025-11-16;16;564
25;2025-11-16;17;552
25;2025-11-16;18;467
25;2025-11-16;19;358
25;2025-11-16;20;261
25;2025-11-16;21;181
25;2025-11-16;22;104
25;2025-11-16;23;39
25;2025-11-17;0;0
25;2025-11-17;1;0
25;2025-11-17;2;0
25;2025-11-17;3;0
25;2025-11-17;4;0
25;2025-11-17;5;10
25;2025-11-17;6;250
25;2025-11-17;7;551
25;2025-11-17;8;927
25;2025-11-17;9;468
25;2025-11-17;10;370
25;2025-11-17;11;432
25;2025-11-17;12;428
25;2025-11-17;13;553
25;2025-11-17;14;455
25;2025-11-17;15;553
25;2025-11-17;16;696
25;2025-11-17;17;763
25;2025-11-17;18;822
25;2025-11-17;19;594
25;2025-11-17;20;331
25;2025-11-17;21;223
25;2025-11-17;22;96
25;2025-11-17;23;10
25;2025-11-18;0;0
25;2025-11-18;1;0
25;2025-11-18;2;0
25;2025-11-18;3;0
25;2025-11-18;4;0
25;2025-11-18;5;13
25;2025-11-18;6;268
25;2025-11-18;7;537
25;2025-11-18;8;900
25;2025-11-18;9;466
25;2025-11-18;10;388
25;2025-11-18;11;458
25;2025-11-18;12;436
25;2025-11-18;13;536
25;2025-11-18;14;468
25;2025-11-18;15;573
25;2025-11-18;16;701
25;2025-11-18;17;751
25;2025-11-18;18;804
25;2025-11-18;19;603
25;2025-11-18;20;346
25;2025-11-18;21;231
25;2025-11-18;22;97
25;2025-11-18;23;8
25;2025-11-19;0;0
25;2025-11-19;1;0
25;2025-11-19;2;0
25;2025-11-19;3;0
25;2025-11-19;4;0
25;2025-11-19;5;11
25;2025-11-19;6;263
25;2025-11-19;7;558
25;2025-11-19;8;934
25;2025-11-19;9;475
25;2025-11-19;10;396
25;2025-11-19;11;465
25;2025-11-19;12;459
25;2025-11-19;13;591
25;2025-11-19;14;486
25;2025-11-19;15;602
25;2025-11-19;16;733
25;2025-11-19;17;824
25;2025-11-19;18;857
25;2025-11-19;19;635
25;2025-11-19;20;364
25;2025-11-19;21;251
25;2025-11-19;22;111
25;2025-11-19;23;9
25;2025-11-20;0;0
25;2025-11-20;1;0
25;2025-11-20;2;0
25;2025-11-20;3;0
25;2025-11-20;4;0
25;2025-11-20;5;13
25;2025-11-20;6;259
25;2025-11-20;7;558
25;2025-11-20;8;941
25;2025-11-20;9;477
25;2025-11-20;10;397
25;2025-11-20;11;466
25;2025-11-20;12;458
25;2025-11-20;13;581
25;2025-11-20;14;514
25;2025-11-20;15;623
25;2025-11-20;16;739
25;2025-11-20;17;805
25;2025-11-20;18;845
25;2025-11-20;19;636
25;2025-11-20;20;353
25;2025-11-20;21;242
25;2025-11-20;22;112
25;2025-11-20;23;10
25;2025-11-21;0;0
25;2025-11-21;1;0
25;2025-11-21;2;0
25;2025-11-21;3;0
25;2025-11-21;4;0
25;2025-11-21;5;10
25;2025-11-21;6;256
25;2025-11-21;7;554
25;2025-11-21;8;878
25;2025-11-21;9;456
25;2025-11-21;10;381
25;2025-11-21;11;462
25;2025-11-21;12;452
25;2025-11-21;13;578
25;2025-11-21;14;518
25;2025-11-21;15;639
25;2025-11-21;16;789
25;2025-11-21;17;791
25;2025-11-21;18;706
25;2025-11-21;19;569
25;2025-11-21;20;338
25;2025-11-21;21;234
25;2025-11-21;22;120
25;2025-11-21;23;14
25;2025-11-22;0;0
25;2025-11-22;1;0
25;2025-11-22;2;0
25;2025-11-22;3;0
25;2025-11-22;4;0
25;2025-11-22;5;11
25;2025-11-22;6;103
25;2025-11-22;7;146
25;2025-11-22;8;317
25;2025-11-22;9;289
25;2025-11-22;10;285
25;2025-11-22;11;387
25;2025-11-22;12;406
25;2025-11-22;13;608
25;2025-11-22;14;619
25;2025-11-22;15;703
25;2025-11-22;16;628
25;2025-11-22;17;559
25;2025-11-22;18;511
25;2025-11-22;19;433
25;2025-11-22;20;274
25;2025-11-22;21;198
25;2025-11-22;22;126
25;2025-11-22;23;50
25;2025-11-23;0;15
25;2025-11-23;1;0
25;2025-11-23;2;0
25;2025-11-23;3;0
25;2025-11-23;4;0
25;2025-11-23;5;10
25;2025-11-23;6;86
25;2025-11-23;7;116
25;2025-11-23;8;202
25;2025-11-23;9;230
25;2025-11-23;10;240
25;2025-11-23;11;317
25;2025-11-23;12;390
25;2025-11-23;13;513
25;2025-11-23;14;544
25;2025-11-23;15;660
25;2025-11-23;16;552
25;2025-11-23;17;546
25;2025-11-23;18;458
25;2025-11-23;19;354
25;2025-11-23;20;257
25;2025-11-23;21;175
25;2025-11-23;22;101
25;2025-11-23;23;40
25;2025-11-24;0;0
25;2025-11-24;1;0
25;2025-11-24;2;0
25;2025-11-24;3;0
25;2025-11-24;4;0
25;2025-11-24;5;9
25;2025-11-24;6;244
25;2025-11-24;7;532
25;2025-11-24;8;905
25;2025-11-24;9;467
25;2025-11-24;10;363
25;2025-11-24;11;432
25;2025-11-24;12;422
25;2025-11-24;13;549
25;2025-11-24;14;456
25;2025-11-24;15;548
25;2025-11-24;16;690
25;2025-11-24;17;750
25;2025-11-24;18;817
25;2025-11-24;19;590
25;2025-11-24;20;334
25;2025-11-24;21;225
25;2025-11-24;22;95
25;2025-11-24;23;10
25;2025-11-25;0;0
25;2025-11-25;1;0
25;2025-11-25;2;0
25;2025-11-25;3;0
25;2025-11-25;4;0
25;2025-11-25;5;11
25;2025-11-25;6;259
25;2025-11-25;7;568
25;2025-11-25;8;939
25;2025-11-25;9;481
25;2025-11-25;10;392
25;2025-11-25;11;459
25;2025-11-25;12;446
25;2025-11-25;13;555
25;2025-11-25;14;490
25;2025-11-25;15;596
25;2025-11-25;16;739
25;2025-11-25;17;790
25;2025-11-25;18;829
25;2025-11-25;19;620
25;2025-11-25;20;352
25;2025-11-25;21;230
25;2025-11-25;22;102
25;2025-11-25;23;9
25;2025-11-26;0;0
25;2025-11-26;1;0
25;2025-11-26;2;0
25;2025-11-26;3;0
25;2025-11-26;4;0
25;2025-11-26;5;12
25;2025-11-26;6;254
25;2025-11-26;7;545
25;2025-11-26;8;915
25;2025-11-26;9;466
25;2025-11-26;10;384
25;2025-11-26;11;446
25;2025-11-26;12;442
25;2025-11-26;13;561
25;2025-11-26;14;471
25;2025-11-26;15;578
25;2025-11-26;16;704
25;2025-11-26;17;791
25;2025-11-26;18;828
25;2025-11-26;19;610
25;2025-11-26;20;346
25;2025-11-26;21;240
25;2025-11-26;22;109
25;2025-11-26;23;9
25;2025-11-27;0;0
25;2025-11-27;1;0
25;2025-11-27;2;0
25;2025-11-27;3;0
25;2025-11-27;4;0
25;2025-11-27;5;14
25;2025-11-27;6;259
25;2025-11-27;7;546
25;2025-11-27;8;919
25;2025-11-27;9;465
25;2025-11-27;10;391
25;2025-11-27;11;451
25;2025-11-27;12;442
25;2025-11-27;13;556
25;2025-11-27;14;497
25;2025-11-27;15;601
25;2025-11-27;16;712
25;2025-11-27;17;779
25;2025-11-27;18;819
25;2025-11-27;19;616
25;2025-11-27;20;341
25;2025-11-27;21;236
25;2025-11-27;22;109
25;2025-11-27;23;9
25;2025-11-28;0;0
25;2025-11-28;1;0
25;2025-11-28;2;0
25;2025-11-28;3;0
25;2025-11-28;4;0
25;2025-11-28;5;12
25;2025-11-28;6;256
25;2025-11-28;7;549
25;2025-11-28;8;881
25;2025-11-28;9;456
25;2025-11-28;10;378
25;2025-11-28;11;460
25;2025-11-28;12;450
25;2025-11-28;13;575
25;2025-11-28;14;518
25;2025-11-28;15;637
25;2025-11-28;16;790
25;2025-11-28;17;788
25;2025-11-28;18;703
25;2025-11-28;19;561
25;2025-11-28;20;339
25;2025-11-28;21;238
25;2025-11-28;22;120
25;2025-11-28;23;13
25;2025-11-29;0;0
25;2025-11-29;1;0
25;2025-11-29;2;0
25;2025-11-29;3;0
25;2025-11-29;4;0
25;2025-11-29;5;13
25;2025-11-29;6;104
25;2025-11-29;7;151
25;2025-11-29;8;329
25;2025-11-29;9;296
25;2025-11-29;10;293
25;2025-11-29;11;399
25;2025-11-29;12;418
25;2025-11-29;13;622
25;2025-11-29;14;631
25;2025-11-29;15;719
25;2025-11-29;16;643
25;2025-11-29;17;572
25;2025-11-29;18;521
25;2025-11-29;19;438
25;2025-11-29;20;277
25;2025-11-29;21;205
25;2025-11-29;22;129
25;2025-11-29;23;54
25;2025-11-30;0;14
25;2025-11-30;1;0
25;2025-11-30;2;0
25;2025-11-30;3;0
25;2025-11-30;4;0
25;2025-11-30;5;9
25;2025-11-30;6;87
25;2025-11-30;7;115
25;2025-11-30;8;200
25;2025-11-30;9;227
25;2025-11-30;10;234
25;2025-11-30;11;312
25;2025-11-30;12;384
25;2025-11-30;13;506
25;2025-11-30;14;535
25;2025-11-30;15;651
25;2025-11-30;16;548
25;2025-11-30;17;535
25;2025-11-30;18;451
25;2025-11-30;19;351
25;2025-11-30;20;253
25;2025-11-30;21;176
25;2025-11-30;22;102
25;2025-11-30;23;38
25;2025-12-01;0;0
25;2025-12-01;1;0
25;2025-12-01;2;0
25;2025-12-01;3;0
25;2025-12-01;4;0
25;2025-12-01;5;10
25;2025-12-01;6;248
25;2025-12-01;7;569
25;2025-12-01;8;956
25;2025-12-01;9;486
25;2025-12-01;10;372
25;2025-12-01;11;442
25;2025-12-01;12;444
25;2025-12-01;13;565
25;2025-12-01;14;474
25;2025-12-01;15;570
25;2025-12-01;16;725
25;2025-12-01;17;789
25;2025-12-01;18;832
25;2025-12-01;19;586
25;2025-12-01;20;327
25;2025-12-01;21;217
25;2025-12-01;22;96
25;2025-12-01;23;10
25;2025-12-02;0;0
25;2025-12-02;1;0
25;2025-12-02;2;0
25;2025-12-02;3;0
25;2025-12-02;4;0
25;2025-12-02;5;13
25;2025-12-02;6;253
25;2025-12-02;7;577
25;2025-12-02;8;944
25;2025-12-02;9;485
25;2025-12-02;10;395
25;2025-12-02;11;459
25;2025-12-02;12;455
25;2025-12-02;13;545
25;2025-12-02;14;488
25;2025-12-02;15;593
25;2025-12-02;16;738
25;2025-12-02;17;791
25;2025-12-02;18;824
25;2025-12-02;19;603
25;2025-12-02;20;341
25;2025-12-02;21;222
25;2025-12-02;22;99
25;2025-12-02;23;8
25;2025-12-03;0;0
25;2025-12-03;1;0
25;2025-12-03;2;0
25;2025-12-03;3;0
25;2025-12-03;4;0
25;2025-12-03;5;13
25;2025-12-03;6;255
25;2025-12-03;7;570
25;2025-12-03;8;938
25;2025-12-03;9;480
25;2025-12-03;10;396
25;2025-12-03;11;464
25;2025-12-03;12;467
25;2025-12-03;13;577
25;2025-12-03;14;484
25;2025-12-03;15;601
25;2025-12-03;16;731
25;2025-12-03;17;834
25;2025-12-03;18;860
25;2025-12-03;19;616
25;2025-12-03;20;350
25;2025-12-03;21;242
25;2025-12-03;22;111
25;2025-12-03;23;11
25;2025-12-04;0;0
25;2025-12-04;1;0
25;2025-12-04;2;0
25;2025-12-04;3;0
25;2025-12-04;4;0
25;2025-12-04;5;14
25;2025-12-04;6;254
25;2025-12-04;7;572
25;2025-12-04;8;949
25;2025-12-04;9;481
25;2025-12-04;10;403
25;2025-12-04;11;469
25;2025-12-04;12;463
25;2025-12-04;13;569
25;2025-12-04;14;516
25;2025-12-04;15;619
25;2025-12-04;16;746
25;2025-12-04;17;816
25;2025-12-04;18;850
25;2025-12-04;19;623
25;2025-12-04;20;346
25;2025-12-04;21;237
25;2025-12-04;22;111
25;2025-12-04;23;11
25;2025-12-05;0;0
25;2025-12-05;1;0
25;2025-12-05;2;0
25;2025-12-05;3;0
25;2025-12-05;4;0
25;2025-12-05;5;10
25;2025-12-05;6;249
25;2025-12-05;7;569
25;2025-12-05;8;895
25;2025-12-05;9;468
25;2025-12-05;10;388
25;2025-12-05;11;471
25;2025-12-05;12;466
25;2025-12-05;13;584
25;2025-12-05;14;531
25;2025-12-05;15;646
25;2025-12-05;16;806
25;2025-12-05;17;811
25;2025-12-05;18;716
25;2025-12-05;19;562
25;2025-12-05;20;338
25;2025-12-05;21;236
25;2025-12-05;22;124
25;2025-12-05;23;13
25;2025-12-06;0;0
25;2025-12-06;1;0
25;2025-12-06;2;0
25;2025-12-06;3;0
25;2025-12-06;4;0
25;2025-12-06;5;13
25;2025-12-06;6;103
25;2025-12-06;7;151
25;2025-12-06;8;329
25;2025-12-06;9;297
25;2025-12-06;10;298
25;2025-12-06;11;404
25;2025-12-06;12;428
25;2025-12-06;13;624
25;2025-12-06;14;629
25;2025-12-06;15;720
25;2025-12-06;16;647
25;2025-12-06;17;581
25;2025-12-06;18;520
25;2025-12-06;19;443
25;2025-12-06;20;276
25;2025-12-06;21;208
25;2025-12-06;22;132
25;2025-12-06;23;53
25;2025-12-07;0;16
25;2025-12-07;1;0
25;2025-12-07;2;0
25;2025-12-07;3;0
25;2025-12-07;4;0
25;2025-12-07;5;9
25;2025-12-07;6;84
25;2025-12-07;7;119
25;2025-12-07;8;205
25;2025-12-07;9;230
25;2025-12-07;10;235
25;2025-12-07;11;317
25;2025-12-07;12;391
25;2025-12-07;13;513
25;2025-12-07;14;533
25;2025-12-07;15;646
25;2025-12-07;16;545
25;2025-12-07;17;537
25;2025-12-07;18;443
25;2025-12-07;19;341
25;2025-12-07;20;240
25;2025-12-07;21;171
25;2025-12-07;22;100
25;2025-12-07;23;40
25;2025-12-08;0;0
25;2025-12-08;1;0
25;2025-12-08;2;0
25;2025-12-08;3;0
25;2025-12-08;4;0
25;2025-12-08;5;11
25;2025-12-08;6;243
25;2025-12-08;7;567
25;2025-12-08;8;948
25;2025-12-08;9;485
25;2025-12-08;10;372
25;2025-12-08;11;439
25;2025-12-08;12;443
25;2025-12-08;13;558
25;2025-12-08;14;474
25;2025-12-08;15;567
25;2025-12-08;16;717
25;2025-12-08;17;786
25;2025-12-08;18;832
25;2025-12-08;19;581
25;2025-12-08;20;326
25;2025-12-08;21;214
25;2025-12-08;22;96
25;2025-12-08;23;9
25;2025-12-09;0;0
25;2025-12-09;1;0
25;2025-12-09;2;0
25;2025-12-09;3;0
25;2025-12-09;4;0
25;2025-12-09;5;12
25;2025-12-09;6;249
25;2025-12-09;7;577
25;2025-12-09;8;948
25;2025-12-09;9;487
25;2025-12-09;10;392
25;2025-12-09;11;462
25;2025-12-09;12;454
25;2025-12-09;13;545
25;2025-12-09;14;483
25;2025-12-09;15;588
25;2025-12-09;16;733
25;2025-12-09;17;792
25;2025-12-09;18;832
25;2025-12-09;19;594
25;2025-12-09;20;343
25;2025-12-09;21;224
25;2025-12-09;22;101
25;2025-12-09;23;9
25;2025-12-10;0;0
25;2025-12-10;1;0
25;2025-12-10;2;0
25;2025-12-10;3;0
25;2025-12-10;4;0
25;2025-12-10;5;13
25;2025-12-10;6;245
25;2025-12-10;7;567
25;2025-12-10;8;939
25;2025-12-10;9;476
25;2025-12-10;10;393
25;2025-12-10;11;460
25;2025-12-10;12;458
25;2025-12-10;13;571
25;2025-12-10;14;477
25;2025-12-10;15;589
25;2025-12-10;16;723
25;2025-12-10;17;824
25;2025-12-10;18;852
25;2025-12-10;19;604
25;2025-12-10;20;352
25;2025-12-10;21;243
25;2025-12-10;22;113
25;2025-12-10;23;11
25;2025-12-11;0;0
25;2025-12-11;1;0
25;2025-12-11;2;0
25;2025-12-11;3;0
25;2025-12-11;4;0
25;2025-12-11;5;14
25;2025-12-11;6;244
25;2025-12-11;7;560
25;2025-12-11;8;934
25;2025-12-11;9;470
25;2025-12-11;10;393
25;2025-12-11;11;455
25;2025-12-11;12;447
25;2025-12-11;13;545
25;2025-12-11;14;492
25;2025-12-11;15;594
25;2025-12-11;16;719
25;2025-12-11;17;790
25;2025-12-11;18;824
25;2025-12-11;19;595
25;2025-12-11;20;343
25;2025-12-11;21;235
25;2025-12-11;22;111
25;2025-12-11;23;10
25;2025-12-12;0;0
25;2025-12-12;1;0
25;2025-12-12;2;0
25;2025-12-12;3;0
25;2025-12-12;4;0
25;2025-12-12;5;10
25;2025-12-12;6;241
25;2025-12-12;7;554
25;2025-12-12;8;877
25;2025-12-12;9;460
25;2025-12-12;10;380
25;2025-12-12;11;470
25;2025-12-12;12;455
25;2025-12-12;13;562
25;2025-12-12;14;507
25;2025-12-12;15;611
25;2025-12-12;16;764
25;2025-12-12;17;762
25;2025-12-12;18;691
25;2025-12-12;19;529
25;2025-12-12;20;327
25;2025-12-12;21;229
25;2025-12-12;22;121
25;2025-12-12;23;14
25;2025-12-13;0;0
25;2025-12-13;1;0
25;2025-12-13;2;0
25;2025-12-13;3;0
25;2025-12-13;4;0
25;2025-12-13;5;11
25;2025-12-13;6;98
25;2025-12-13;7;156
25;2025-12-13;8;332
25;2025-12-13;9;298
25;2025-12-13;10;295
25;2025-12-13;11;399
25;2025-12-13;12;414
25;2025-12-13;13;587
25;2025-12-13;14;514
25;2025-12-13;15;680
25;2025-12-13;16;614
25;2025-12-13;17;556
25;2025-12-13;18;500
25;2025-12-13;19;423
25;2025-12-13;20;268
25;2025-12-13;21;203
25;2025-12-13;22;130
25;2025-12-13;23;51
25;2025-12-14;0;14
25;2025-12-14;1;0
25;2025-12-14;2;0
25;2025-12-14;3;0
25;2025-12-14;4;0
25;2025-12-14;5;9
25;2025-12-14;6;81
25;2025-12-14;7;122
25;2025-12-14;8;210
25;2025-12-14;9;231
25;2025-12-14;10;234
25;2025-12-14;11;315
25;2025-12-14;12;382
25;2025-12-14;13;496
25;2025-12-14;14;509
25;2025-12-14;15;622
25;2025-12-14;16;528
25;2025-12-14;17;520
25;2025-12-14;18;430
25;2025-12-14;19;335
25;2025-12-14;20;237
25;2025-12-14;21;171
25;2025-12-14;22;101
25;2025-12-14;23;41
25;2025-12-15;0;0
25;2025-12-15;1;0
25;2025-12-15;2;0
25;2025-12-15;3;0
25;2025-12-15;4;0
25;2025-12-15;5;9
25;2025-12-15;6;234
25;2025-12-15;7;569
25;2025-12-15;8;939
25;2025-12-15;9;481
25;2025-12-15;10;369
25;2025-12-15;11;428
25;2025-12-15;12;435
25;2025-12-15;13;541
25;2025-12-15;14;459
25;2025-12-15;15;550
25;2025-12-15;16;706
25;2025-12-15;17;777
25;2025-12-15;18;813
25;2025-12-15;19;560
25;2025-12-15;20;320
25;2025-12-15;21;208
25;2025-12-15;22;98
25;2025-12-15;23;11
25;2025-12-16;0;0
25;2025-12-16;1;0
25;2025-12-16;2;0
25;2025-12-16;3;0
25;2025-12-16;4;0
25;2025-12-16;5;11
25;2025-12-16;6;245
25;2025-12-16;7;575
25;2025-12-16;8;937
25;2025-12-16;9;486
25;2025-12-16;10;397
25;2025-12-16;11;456
25;2025-12-16;12;449
25;2025-12-16;13;537
25;2025-12-16;14;476
25;2025-12-16;15;580
25;2025-12-16;16;723
25;2025-12-16;17;784
25;2025-12-16;18;825
25;2025-12-16;19;590
25;2025-12-16;20;341
25;2025-12-16;21;220
25;2025-12-16;22;107
25;2025-12-16;23;9
25;2025-12-17;0;0
25;2025-12-17;1;0
25;2025-12-17;2;0
25;2025-12-17;3;0
25;2025-12-17;4;0
25;2025-12-17;5;11
25;2025-12-17;6;243
25;2025-12-17;7;569
25;2025-12-17;8;937
25;2025-12-17;9;479
25;2025-12-17;10;395
25;2025-12-17;11;458
25;2025-12-17;12;461
25;2025-12-17;13;563
25;2025-12-17;14;475
25;2025-12-17;15;584
25;2025-12-17;16;725
25;2025-12-17;17;829
25;2025-12-17;18;848
25;2025-12-17;19;599
25;2025-12-17;20;350
25;2025-12-17;21;242
25;2025-12-17;22;115
25;2025-12-17;23;10
25;2025-12-18;0;0
25;2025-12-18;1;0
25;2025-12-18;2;0
25;2025-12-18;3;0
25;2025-12-18;4;0
25;2025-12-18;5;13
25;2025-12-18;6;241
25;2025-12-18;7;571
25;2025-12-18;8;948
25;2025-12-18;9;479
25;2025-12-18;10;397
25;2025-12-18;11;461
25;2025-12-18;12;455
25;2025-12-18;13;553
25;2025-12-18;14;502
25;2025-12-18;15;600
25;2025-12-18;16;734
25;2025-12-18;17;806
25;2025-12-18;18;834
25;2025-12-18;19;594
25;2025-12-18;20;340
25;2025-12-18;21;235
25;2025-12-18;22;115
25;2025-12-18;23;10
25;2025-12-19;0;0
25;2025-12-19;1;0
25;2025-12-19;2;0
25;2025-12-19;3;0
25;2025-12-19;4;0
25;2025-12-19;5;10
25;2025-12-19;6;235
25;2025-12-19;7;568
25;2025-12-19;8;886
25;2025-12-19;9;463
25;2025-12-19;10;380
25;2025-12-19;11;459
25;2025-12-19;12;452
25;2025-12-19;13;555
25;2025-12-19;14;509
25;2025-12-19;15;619
25;2025-12-19;16;784
25;2025-12-19;17;792
25;2025-12-19;18;701
25;2025-12-19;19;533
25;2025-12-19;20;328
25;2025-12-19;21;226
25;2025-12-19;22;123
25;2025-12-19;23;13
25;2025-12-20;0;0
25;2025-12-20;1;0
25;2025-12-20;2;0
25;2025-12-20;3;0
25;2025-12-20;4;0
25;2025-12-20;5;12
25;2025-12-20;6;99
25;2025-12-20;7;153
25;2025-12-20;8;328
25;2025-12-20;9;299
25;2025-12-20;10;296
25;2025-12-20;11;400
25;2025-12-20;12;423
25;2025-12-20;13;604
25;2025-12-20;14;605
25;2025-12-20;15;693
25;2025-12-20;16;628
25;2025-12-20;17;568
25;2025-12-20;18;509
25;2025-12-20;19;434
25;2025-12-20;20;270
25;2025-12-20;21;208
25;2025-12-20;22;133
25;2025-12-20;23;55
25;2025-12-21;0;16
25;2025-12-21;1;0
25;2025-12-21;2;0
25;2025-12-21;3;0
25;2025-12-21;4;0
25;2025-12-21;5;8
25;2025-12-21;6;82
25;2025-12-21;7;115
25;2025-12-21;8;199
25;2025-12-21;9;225
25;2025-12-21;10;232
25;2025-12-21;11;311
25;2025-12-21;12;383
25;2025-12-21;13;493
25;2025-12-21;14;512
25;2025-12-21;15;625
25;2025-12-21;16;529
25;2025-12-21;17;521
25;2025-12-21;18;428
25;2025-12-21;19;337
25;2025-12-21;20;237
25;2025-12-21;21;173
25;2025-12-21;22;101
25;2025-12-21;23;41
25;2025-12-22;0;0
25;2025-12-22;1;0
25;2025-12-22;2;0
25;2025-12-22;3;0
25;2025-12-22;4;0
25;2025-12-22;5;10
25;2025-12-22;6;226
25;2025-12-22;7;554
25;2025-12-22;8;926
25;2025-12-22;9;474
25;2025-12-22;10;365
25;2025-12-22;11;427
25;2025-12-22;12;431
25;2025-12-22;13;540
25;2025-12-22;14;459
25;2025-12-22;15;546
25;2025-12-22;16;694
25;2025-12-22;17;762
25;2025-12-22;18;806
25;2025-12-22;19;547
25;2025-12-22;20;316
25;2025-12-22;21;209
25;2025-12-22;22;98
25;2025-12-22;23;9
25;2025-12-23;0;0
25;2025-12-23;1;0
25;2025-12-23;2;0
25;2025-12-23;3;0
25;2025-12-23;4;0
25;2025-12-23;5;7
25;2025-12-23;6;213
25;2025-12-23;7;569
25;2025-12-23;8;924
25;2025-12-23;9;491
25;2025-12-23;10;397
25;2025-12-23;11;471
25;2025-12-23;12;461
25;2025-12-23;13;577
25;2025-12-23;14;496
25;2025-12-23;15;599
25;2025-12-23;16;741
25;2025-12-23;17;768
25;2025-12-23;18;783
25;2025-12-23;19;573
25;2025-12-23;20;345
25;2025-12-23;21;231
25;2025-12-23;22;112
25;2025-12-23;23;16
25;2025-12-24;0;0
25;2025-12-24;1;0
25;2025-12-24;2;0
25;2025-12-24;3;0
25;2025-12-24;4;0
25;2025-12-24;5;9
25;2025-12-24;6;227
25;2025-12-24;7;578
25;2025-12-24;8;944
25;2025-12-24;9;480
25;2025-12-24;10;392
25;2025-12-24;11;456
25;2025-12-24;12;456
25;2025-12-24;13;563
25;2025-12-24;14;470
25;2025-12-24;15;576
25;2025-12-24;16;716
25;2025-12-24;17;818
25;2025-12-24;18;842
25;2025-12-24;19;579
25;2025-12-24;20;348
25;2025-12-24;21;232
25;2025-12-24;22;121
25;2025-12-24;23;11
25;2025-12-25;0;0
25;2025-12-25;1;0
25;2025-12-25;2;0
25;2025-12-25;3;0
25;2025-12-25;4;0
25;2025-12-25;5;11
25;2025-12-25;6;231
25;2025-12-25;7;561
25;2025-12-25;8;934
25;2025-12-25;9;474
25;2025-12-25;10;392
25;2025-12-25;11;455
25;2025-12-25;12;449
25;2025-12-25;13;551
25;2025-12-25;14;496
25;2025-12-25;15;589
25;2025-12-25;16;715
25;2025-12-25;17;790
25;2025-12-25;18;817
25;2025-12-25;19;573
25;2025-12-25;20;333
25;2025-12-25;21;230
25;2025-12-25;22;116
25;2025-12-25;23;9
25;2025-12-26;0;0
25;2025-12-26;1;0
25;2025-12-26;2;0
25;2025-12-26;3;0
25;2025-12-26;4;0
25;2025-12-26;5;10
25;2025-12-26;6;213
25;2025-12-26;7;542
25;2025-12-26;8;858
25;2025-12-26;9;449
25;2025-12-26;10;371
25;2025-12-26;11;448
25;2025-12-26;12;433
25;2025-12-26;13;537
25;2025-12-26;14;489
25;2025-12-26;15;587
25;2025-12-26;16;746
25;2025-12-26;17;751
25;2025-12-26;18;666
25;2025-12-26;19;504
25;2025-12-26;20;321
25;2025-12-26;21;226
25;2025-12-26;22;124
25;2025-12-26;23;13
25;2025-12-27;0;0
25;2025-12-27;1;0
25;2025-12-27;2;0
25;2025-12-27;3;0
25;2025-12-27;4;0
25;2025-12-27;5;11
25;2025-12-27;6;94
25;2025-12-27;7;152
25;2025-12-27;8;328
25;2025-12-27;9;298
25;2025-12-27;10;295
25;2025-12-27;11;393
25;2025-12-27;12;416
25;2025-12-27;13;586
25;2025-12-27;14;587
25;2025-12-27;15;672
25;2025-12-27;16;610
25;2025-12-27;17;550
25;2025-12-27;18;492
25;2025-12-27;19;423
25;2025-12-27;20;266
25;2025-12-27;21;206
25;2025-12-27;22;131
25;2025-12-27;23;52
25;2025-12-28;0;14
25;2025-12-28;1;0
25;2025-12-28;2;0
25;2025-12-28;3;0
25;2025-12-28;4;0
25;2025-12-28;5;8
25;2025-12-28;6;76
25;2025-12-28;7;116
25;2025-12-28;8;200
25;2025-12-28;9;223
25;2025-12-28;10;227
25;2025-12-28;11;303
25;2025-12-28;12;370
25;2025-12-28;13;472
25;2025-12-28;14;488
25;2025-12-28;15;601
25;2025-12-28;16;510
25;2025-12-28;17;501
25;2025-12-28;18;412
25;2025-12-28;19;325
25;2025-12-28;20;228
25;2025-12-28;21;169
25;2025-12-28;22;99
25;2025-12-28;23;39
25;2025-12-29;0;0
25;2025-12-29;1;0
25;2025-12-29;2;0
25;2025-12-29;3;0
25;2025-12-29;4;0
25;2025-12-29;5;10
25;2025-12-29;6;208
25;2025-12-29;7;494
25;2025-12-29;8;820
25;2025-12-29;9;420
25;2025-12-29;10;320
25;2025-12-29;11;375
25;2025-12-29;12;380
25;2025-12-29;13;477
25;2025-12-29;14;403
25;2025-12-29;15;480
25;2025-12-29;16;617
25;2025-12-29;17;676
25;2025-12-29;18;709
25;2025-12-29;19;478
25;2025-12-29;20;277
25;2025-12-29;21;187
25;2025-12-29;22;93
25;2025-12-29;23;10
25;2025-12-30;0;0
25;2025-12-30;1;0
25;2025-12-30;2;0
25;2025-12-30;3;0
25;2025-12-30;4;0
25;2025-12-30;5;10
25;2025-12-30;6;216
25;2025-12-30;7;501
25;2025-12-30;8;816
25;2025-12-30;9;422
25;2025-12-30;10;337
25;2025-12-30;11;392
25;2025-12-30;12;388
25;2025-12-30;13;471
25;2025-12-30;14;416
25;2025-12-30;15;498
25;2025-12-30;16;630
25;2025-12-30;17;672
25;2025-12-30;18;692
25;2025-12-30;19;486
25;2025-12-30;20;293
25;2025-12-30;21;193
25;2025-12-30;22;99
25;2025-12-30;23;10
25;2025-12-31;0;14
25;2025-12-31;1;0
25;2025-12-31;2;0
25;2025-12-31;3;0
25;2025-12-31;4;0
25;2025-12-31;5;8
25;2025-12-31;6;88
25;2025-12-31;7;116
25;2025-12-31;8;198
25;2025-12-31;9;209
25;2025-12-31;10;211
25;2025-12-31;11;274
25;2025-12-31;12;329
25;2025-12-31;13;423
25;2025-12-31;14;429
25;2025-12-31;15;534
25;2025-12-31;16;451
25;2025-12-31;17;467
25;2025-12-31;18;406
25;2025-12-31;19;318
25;2025-12-31;20;0
25;2025-12-31;21;0
25;2025-12-31;22;0
25;2025-12-31;23;0
26;2025-11-01;0;33
26;2025-11-01;1;2
26;2025-11-01;2;0
26;2025-11-01;3;0
26;2025-11-01;4;2
26;2025-11-01;5;79
26;2025-11-01;6;407
26;2025-11-01;7;952
26;2025-11-01;8;1903
26;2025-11-01;9;1260
26;2025-11-01;10;1114
26;2025-11-01;11;1023
26;2025-11-01;12;1064
26;2025-11-01;13;1110
26;2025-11-01;14;1269
26;2025-11-01;15;1299
26;2025-11-01;16;1390
26;2025-11-01;17;1541
26;2025-11-01;18;1527
26;2025-11-01;19;1059
26;2025-11-01;20;664
26;2025-11-01;21;437
26;2025-11-01;22;188
26;2025-11-01;23;123
26;2025-11-02;0;53
26;2025-11-02;1;5
26;2025-11-02;2;0
26;2025-11-02;3;0
26;2025-11-02;4;2
26;2025-11-02;5;27
26;2025-11-02;6;154
26;2025-11-02;7;273
26;2025-11-02;8;418
26;2025-11-02;9;547
26;2025-11-02;10;621
26;2025-11-02;11;847
26;2025-11-02;12;888
26;2025-11-02;13;923
26;2025-11-02;14;920
26;2025-11-02;15;839
26;2025-11-02;16;831
26;2025-11-02;17;843
26;2025-11-02;18;756
26;2025-11-02;19;569
26;2025-11-02;20;428
26;2025-11-02;21;291
26;2025-11-02;22;178
26;2025-11-02;23;117
26;2025-11-03;0;51
26;2025-11-03;1;5
26;2025-11-03;2;0
26;2025-11-03;3;0
26;2025-11-03;4;2
26;2025-11-03;5;35
26;2025-11-03;6;192
26;2025-11-03;7;314
26;2025-11-03;8;459
26;2025-11-03;9;522
26;2025-11-03;10;583
26;2025-11-03;11;734
26;2025-11-03;12;763
26;2025-11-03;13;809
26;2025-11-03;14;795
26;2025-11-03;15;741
26;2025-11-03;16;751
26;2025-11-03;17;787
26;2025-11-03;18;824
26;2025-11-03;19;649
26;2025-11-03;20;469
26;2025-11-03;21;302
26;2025-11-03;22;179
26;2025-11-03;23;109
26;2025-11-04;0;48
26;2025-11-04;1;6
26;2025-11-04;2;0
26;2025-11-04;3;0
26;2025-11-04;4;2
26;2025-11-04;5;32
26;2025-11-04;6;185
26;2025-11-04;7;287
26;2025-11-04;8;409
26;2025-11-04;9;482
26;2025-11-04;10;538
26;2025-11-04;11;701
26;2025-11-04;12;731
26;2025-11-04;13;772
26;2025-11-04;14;765
26;2025-11-04;15;709
26;2025-11-04;16;720
26;2025-11-04;17;763
26;2025-11-04;18;788
26;2025-11-04;19;629
26;2025-11-04;20;469
26;2025-11-04;21;301
26;2025-11-04;22;178
26;2025-11-04;23;109
26;2025-11-05;0;37
26;2025-11-05;1;2
26;2025-11-05;2;0
26;2025-11-05;3;0
26;2025-11-05;4;3
26;2025-11-05;5;96
26;2025-11-05;6;479
26;2025-11-05;7;1112
26;2025-11-05;8;2269
26;2025-11-05;9;1478
26;2025-11-05;10;1272
26;2025-11-05;11;1149
26;2025-11-05;12;1217
26;2025-11-05;13;1253
26;2025-11-05;14;1434
26;2025-11-05;15;1450
26;2025-11-05;16;1553
26;2025-11-05;17;1754
26;2025-11-05;18;1868
26;2025-11-05;19;1250
26;2025-11-05;20;785
26;2025-11-05;21;517
26;2025-11-05;22;218
26;2025-11-05;23;136
26;2025-11-06;0;40
26;2025-11-06;1;2
26;2025-11-06;2;0
26;2025-11-06;3;0
26;2025-11-06;4;2
26;2025-11-06;5;99
26;2025-11-06;6;490
26;2025-11-06;7;1114
26;2025-11-06;8;2277
26;2025-11-06;9;1493
26;2025-11-06;10;1275
26;2025-11-06;11;1166
26;2025-11-06;12;1210
26;2025-11-06;13;1242
26;2025-11-06;14;1430
26;2025-11-06;15;1445
26;2025-11-06;16;1573
26;2025-11-06;17;1773
26;2025-11-06;18;1896
26;2025-11-06;19;1265
26;2025-11-06;20;774
26;2025-11-06;21;511
26;2025-11-06;22;218
26;2025-11-06;23;143
26;2025-11-07;0;39
26;2025-11-07;1;2
26;2025-11-07;2;0
26;2025-11-07;3;0
26;2025-11-07;4;2
26;2025-11-07;5;90
26;2025-11-07;6;494
26;2025-11-07;7;1099
26;2025-11-07;8;2212
26;2025-11-07;9;1438
26;2025-11-07;10;1276
26;2025-11-07;11;1138
26;2025-11-07;12;1207
26;2025-11-07;13;1266
26;2025-11-07;14;1449
26;2025-11-07;15;1494
26;2025-11-07;16;1686
26;2025-11-07;17;1799
26;2025-11-07;18;1570
26;2025-11-07;19;1128
26;2025-11-07;20;735
26;2025-11-07;21;511
26;2025-11-07;22;225
26;2025-11-07;23;166
26;2025-11-08;0;53
26;2025-11-08;1;2
26;2025-11-08;2;0
26;2025-11-08;3;0
26;2025-11-08;4;2
26;2025-11-08;5;54
26;2025-11-08;6;265
26;2025-11-08;7;381
26;2025-11-08;8;639
26;2025-11-08;9;691
26;2025-11-08;10;843
26;2025-11-08;11;1010
26;2025-11-08;12;1073
26;2025-11-08;13;1086
26;2025-11-08;14;1100
26;2025-11-08;15;1016
26;2025-11-08;16;1058
26;2025-11-08;17;990
26;2025-11-08;18;901
26;2025-11-08;19;801
26;2025-11-08;20;545
26;2025-11-08;21;364
26;2025-11-08;22;216
26;2025-11-08;23;167
26;2025-11-09;0;53
26;2025-11-09;1;6
26;2025-11-09;2;0
26;2025-11-09;3;0
26;2025-11-09;4;3
26;2025-11-09;5;27
26;2025-11-09;6;158
26;2025-11-09;7;271
26;2025-11-09;8;408
26;2025-11-09;9;537
26;2025-11-09;10;606
26;2025-11-09;11;828
26;2025-11-09;12;870
26;2025-11-09;13;907
26;2025-11-09;14;904
26;2025-11-09;15;825
26;2025-11-09;16;810
26;2025-11-09;17;822
26;2025-11-09;18;746
26;2025-11-09;19;556
26;2025-11-09;20;428
26;2025-11-09;21;292
26;2025-11-09;22;181
26;2025-11-09;23;117
26;2025-11-10;0;32
26;2025-11-10;1;1
26;2025-11-10;2;0
26;2025-11-10;3;0
26;2025-11-10;4;2
26;2025-11-10;5;94
26;2025-11-10;6;491
26;2025-11-10;7;1131
26;2025-11-10;8;2292
26;2025-11-10;9;1479
26;2025-11-10;10;1292
26;2025-11-10;11;1140
26;2025-11-10;12;1191
26;2025-11-10;13;1248
26;2025-11-10;14;1389
26;2025-11-10;15;1455
26;2025-11-10;16;1583
26;2025-11-10;17;1802
26;2025-11-10;18;1921
26;2025-11-10;19;1273
26;2025-11-10;20;774
26;2025-11-10;21;485
26;2025-11-10;22;202
26;2025-11-10;23;118
26;2025-11-11;0;35
26;2025-11-11;1;2
26;2025-11-11;2;0
26;2025-11-11;3;0
26;2025-11-11;4;2
26;2025-11-11;5;95
26;2025-11-11;6;491
26;2025-11-11;7;1136
26;2025-11-11;8;2328
26;2025-11-11;9;1503
26;2025-11-11;10;1304
26;2025-11-11;11;1187
26;2025-11-11;12;1232
26;2025-11-11;13;1249
26;2025-11-11;14;1425
26;2025-11-11;15;1466
26;2025-11-11;16;1599
26;2025-11-11;17;1829
26;2025-11-11;18;1933
26;2025-11-11;19;1299
26;2025-11-11;20;790
26;2025-11-11;21;500
26;2025-11-11;22;208
26;2025-11-11;23;124
26;2025-11-12;0;37
26;2025-11-12;1;2
26;2025-11-12;2;0
26;2025-11-12;3;0
26;2025-11-12;4;2
26;2025-11-12;5;98
26;2025-11-12;6;486
26;2025-11-12;7;1124
26;2025-11-12;8;2298
26;2025-11-12;9;1500
26;2025-11-12;10;1291
26;2025-11-12;11;1164
26;2025-11-12;12;1228
26;2025-11-12;13;1263
26;2025-11-12;14;1445
26;2025-11-12;15;1466
26;2025-11-12;16;1579
26;2025-11-12;17;1774
26;2025-11-12;18;1886
26;2025-11-12;19;1267
26;2025-11-12;20;788
26;2025-11-12;21;521
26;2025-11-12;22;218
26;2025-11-12;23;137
26;2025-11-13;0;40
26;2025-11-13;1;2
26;2025-11-13;2;0
26;2025-11-13;3;0
26;2025-11-13;4;2
26;2025-11-13;5;97
26;2025-11-13;6;489
26;2025-11-13;7;1124
26;2025-11-13;8;2308
26;2025-11-13;9;1518
26;2025-11-13;10;1297
26;2025-11-13;11;1194
26;2025-11-13;12;1249
26;2025-11-13;13;1277
26;2025-11-13;14;1464
26;2025-11-13;15;1482
26;2025-11-13;16;1611
26;2025-11-13;17;1807
26;2025-11-13;18;1927
26;2025-11-13;19;1280
26;2025-11-13;20;787
26;2025-11-13;21;520
26;2025-11-13;22;221
26;2025-11-13;23;143
26;2025-11-14;0;39
26;2025-11-14;1;2
26;2025-11-14;2;0
26;2025-11-14;3;0
26;2025-11-14;4;2
26;2025-11-14;5;93
26;2025-11-14;6;499
26;2025-11-14;7;1108
26;2025-11-14;8;2236
26;2025-11-14;9;1466
26;2025-11-14;10;1297
26;2025-11-14;11;1164
26;2025-11-14;12;1234
26;2025-11-14;13;1289
26;2025-11-14;14;1473
26;2025-11-14;15;1523
26;2025-11-14;16;1723
26;2025-11-14;17;1822
26;2025-11-14;18;1581
26;2025-11-14;19;1144
26;2025-11-14;20;741
26;2025-11-14;21;505
26;2025-11-14;22;221
26;2025-11-14;23;164
26;2025-11-15;0;53
26;2025-11-15;1;3
26;2025-11-15;2;0
26;2025-11-15;3;0
26;2025-11-15;4;1
26;2025-11-15;5;50
26;2025-11-15;6;259
26;2025-11-15;7;372
26;2025-11-15;8;626
26;2025-11-15;9;674
26;2025-11-15;10;817
26;2025-11-15;11;969
26;2025-11-15;12;1034
26;2025-11-15;13;1046
26;2025-11-15;14;1070
26;2025-11-15;15;969
26;2025-11-15;16;1009
26;2025-11-15;17;946
26;2025-11-15;18;872
26;2025-11-15;19;778
26;2025-11-15;20;529
26;2025-11-15;21;357
26;2025-11-15;22;216
26;2025-11-15;23;166
26;2025-11-16;0;54
26;2025-11-16;1;4
26;2025-11-16;2;0
26;2025-11-16;3;0
26;2025-11-16;4;2
26;2025-11-16;5;28
26;2025-11-16;6;158
26;2025-11-16;7;271
26;2025-11-16;8;415
26;2025-11-16;9;543
26;2025-11-16;10;615
26;2025-11-16;11;842
26;2025-11-16;12;888
26;2025-11-16;13;926
26;2025-11-16;14;925
26;2025-11-16;15;838
26;2025-11-16;16;824
26;2025-11-16;17;836
26;2025-11-16;18;755
26;2025-11-16;19;575
26;2025-11-16;20;428
26;2025-11-16;21;294
26;2025-11-16;22;180
26;2025-11-16;23;116
26;2025-11-17;0;32
26;2025-11-17;1;2
26;2025-11-17;2;0
26;2025-11-17;3;0
26;2025-11-17;4;2
26;2025-11-17;5;95
26;2025-11-17;6;488
26;2025-11-17;7;1121
26;2025-11-17;8;2270
26;2025-11-17;9;1480
26;2025-11-17;10;1282
26;2025-11-17;11;1130
26;2025-11-17;12;1180
26;2025-11-17;13;1239
26;2025-11-17;14;1370
26;2025-11-17;15;1437
26;2025-11-17;16;1567
26;2025-11-17;17;1781
26;2025-11-17;18;1898
26;2025-11-17;19;1273
26;2025-11-17;20;768
26;2025-11-17;21;479
26;2025-11-17;22;201
26;2025-11-17;23;118
26;2025-11-18;0;33
26;2025-11-18;1;2
26;2025-11-18;2;0
26;2025-11-18;3;0
26;2025-11-18;4;2
26;2025-11-18;5;92
26;2025-11-18;6;481
26;2025-11-18;7;1109
26;2025-11-18;8;2248
26;2025-11-18;9;1454
26;2025-11-18;10;1262
26;2025-11-18;11;1133
26;2025-11-18;12;1178
26;2025-11-18;13;1201
26;2025-11-18;14;1358
26;2025-11-18;15;1391
26;2025-11-18;16;1530
26;2025-11-18;17;1751
26;2025-11-18;18;1847
26;2025-11-18;19;1244
26;2025-11-18;20;778
26;2025-11-18;21;485
26;2025-11-18;22;201
26;2025-11-18;23;120
26;2025-11-19;0;34
26;2025-11-19;1;2
26;2025-11-19;2;0
26;2025-11-19;3;0
26;2025-11-19;4;2
26;2025-11-19;5;98
26;2025-11-19;6;490
26;2025-11-19;7;1132
26;2025-11-19;8;2328
26;2025-11-19;9;1521
26;2025-11-19;10;1313
26;2025-11-19;11;1190
26;2025-11-19;12;1261
26;2025-11-19;13;1300
26;2025-11-19;14;1484
26;2025-11-19;15;1496
26;2025-11-19;16;1608
26;2025-11-19;17;1802
26;2025-11-19;18;1905
26;2025-11-19;19;1281
26;2025-11-19;20;796
26;2025-11-19;21;522
26;2025-11-19;22;217
26;2025-11-19;23;134
26;2025-11-20;0;38
26;2025-11-20;1;2
26;2025-11-20;2;0
26;2025-11-20;3;0
26;2025-11-20;4;2
26;2025-11-20;5;97
26;2025-11-20;6;494
26;2025-11-20;7;1132
26;2025-11-20;8;2338
26;2025-11-20;9;1533
26;2025-11-20;10;1311
26;2025-11-20;11;1209
26;2025-11-20;12;1262
26;2025-11-20;13;1294
26;2025-11-20;14;1478
26;2025-11-20;15;1504
26;2025-11-20;16;1631
26;2025-11-20;17;1822
26;2025-11-20;18;1939
26;2025-11-20;19;1293
26;2025-11-20;20;787
26;2025-11-20;21;517
26;2025-11-20;22;218
26;2025-11-20;23;142
26;2025-11-21;0;38
26;2025-11-21;1;2
26;2025-11-21;2;0
26;2025-11-21;3;0
26;2025-11-21;4;2
26;2025-11-21;5;93
26;2025-11-21;6;497
26;2025-11-21;7;1110
26;2025-11-21;8;2256
26;2025-11-21;9;1476
26;2025-11-21;10;1304
26;2025-11-21;11;1174
26;2025-11-21;12;1243
26;2025-11-21;13;1297
26;2025-11-21;14;1482
26;2025-11-21;15;1536
26;2025-11-21;16;1732
26;2025-11-21;17;1835
26;2025-11-21;18;1587
26;2025-11-21;19;1149
26;2025-11-21;20;734
26;2025-11-21;21;504
26;2025-11-21;22;220
26;2025-11-21;23;164
26;2025-11-22;0;52
26;2025-11-22;1;2
26;2025-11-22;2;0
26;2025-11-22;3;0
26;2025-11-22;4;1
26;2025-11-22;5;52
26;2025-11-22;6;261
26;2025-11-22;7;374
26;2025-11-22;8;630
26;2025-11-22;9;681
26;2025-11-22;10;825
26;2025-11-22;11;994
26;2025-11-22;12;1064
26;2025-11-22;13;1069
26;2025-11-22;14;1092
26;2025-11-22;15;1001
26;2025-11-22;16;1040
26;2025-11-22;17;976
26;2025-11-22;18;889
26;2025-11-22;19;794
26;2025-11-22;20;528
26;2025-11-22;21;354
26;2025-11-22;22;211
26;2025-11-22;23;161
26;2025-11-23;0;54
26;2025-11-23;1;5
26;2025-11-23;2;0
26;2025-11-23;3;0
26;2025-11-23;4;2
26;2025-11-23;5;28
26;2025-11-23;6;157
26;2025-11-23;7;267
26;2025-11-23;8;408
26;2025-11-23;9;538
26;2025-11-23;10;601
26;2025-11-23;11;825
26;2025-11-23;12;875
26;2025-11-23;13;910
26;2025-11-23;14;910
26;2025-11-23;15;827
26;2025-11-23;16;810
26;2025-11-23;17;829
26;2025-11-23;18;740
26;2025-11-23;19;560
26;2025-11-23;20;420
26;2025-11-23;21;290
26;2025-11-23;22;178
26;2025-11-23;23;117
26;2025-11-24;0;32
26;2025-11-24;1;2
26;2025-11-24;2;0
26;2025-11-24;3;0
26;2025-11-24;4;2
26;2025-11-24;5;94
26;2025-11-24;6;477
26;2025-11-24;7;1103
26;2025-11-24;8;2230
26;2025-11-24;9;1449
26;2025-11-24;10;1261
26;2025-11-24;11;1100
26;2025-11-24;12;1159
26;2025-11-24;13;1229
26;2025-11-24;14;1348
26;2025-11-24;15;1404
26;2025-11-24;16;1538
26;2025-11-24;17;1742
26;2025-11-24;18;1856
26;2025-11-24;19;1240
26;2025-11-24;20;764
26;2025-11-24;21;474
26;2025-11-24;22;195
26;2025-11-24;23;113
26;2025-11-25;0;32
26;2025-11-25;1;2
26;2025-11-25;2;0
26;2025-11-25;3;0
26;2025-11-25;4;2
26;2025-11-25;5;93
26;2025-11-25;6;494
26;2025-11-25;7;1136
26;2025-11-25;8;2342
26;2025-11-25;9;1519
26;2025-11-25;10;1316
26;2025-11-25;11;1201
26;2025-11-25;12;1254
26;2025-11-25;13;1277
26;2025-11-25;14;1446
26;2025-11-25;15;1493
26;2025-11-25;16;1626
26;2025-11-25;17;1838
26;2025-11-25;18;1930
26;2025-11-25;19;1308
26;2025-11-25;20;794
26;2025-11-25;21;495
26;2025-11-25;22;203
26;2025-11-25;23;122
26;2025-11-26;0;35
26;2025-11-26;1;2
26;2025-11-26;2;0
26;2025-11-26;3;0
26;2025-11-26;4;2
26;2025-11-26;5;96
26;2025-11-26;6;482
26;2025-11-26;7;1109
26;2025-11-26;8;2294
26;2025-11-26;9;1496
26;2025-11-26;10;1284
26;2025-11-26;11;1156
26;2025-11-26;12;1225
26;2025-11-26;13;1269
26;2025-11-26;14;1446
26;2025-11-26;15;1458
26;2025-11-26;16;1568
26;2025-11-26;17;1756
26;2025-11-26;18;1864
26;2025-11-26;19;1253
26;2025-11-26;20;775
26;2025-11-26;21;510
26;2025-11-26;22;211
26;2025-11-26;23;131
26;2025-11-27;0;37
26;2025-11-27;1;2
26;2025-11-27;2;0
26;2025-11-27;3;0
26;2025-11-27;4;2
26;2025-11-27;5;98
26;2025-11-27;6;492
26;2025-11-27;7;1113
26;2025-11-27;8;2294
26;2025-11-27;9;1512
26;2025-11-27;10;1288
26;2025-11-27;11;1186
26;2025-11-27;12;1231
26;2025-11-27;13;1261
26;2025-11-27;14;1439
26;2025-11-27;15;1470
26;2025-11-27;16;1596
26;2025-11-27;17;1777
26;2025-11-27;18;1891
26;2025-11-27;19;1266
26;2025-11-27;20;767
26;2025-11-27;21;505
26;2025-11-27;22;210
26;2025-11-27;23;138
26;2025-11-28;0;38
26;2025-11-28;1;2
26;2025-11-28;2;0
26;2025-11-28;3;0
26;2025-11-28;4;2
26;2025-11-28;5;92
26;2025-11-28;6;496
26;2025-11-28;7;1095
26;2025-11-28;8;2233
26;2025-11-28;9;1453
26;2025-11-28;10;1288
26;2025-11-28;11;1159
26;2025-11-28;12;1232
26;2025-11-28;13;1294
26;2025-11-28;14;1461
26;2025-11-28;15;1520
26;2025-11-28;16;1710
26;2025-11-28;17;1797
26;2025-11-28;18;1567
26;2025-11-28;19;1129
26;2025-11-28;20;734
26;2025-11-28;21;503
26;2025-11-28;22;220
26;2025-11-28;23;162
26;2025-11-29;0;53
26;2025-11-29;1;2
26;2025-11-29;2;0
26;2025-11-29;3;0
26;2025-11-29;4;1
26;2025-11-29;5;53
26;2025-11-29;6;267
26;2025-11-29;7;379
26;2025-11-29;8;642
26;2025-11-29;9;699
26;2025-11-29;10;846
26;2025-11-29;11;1021
26;2025-11-29;12;1094
26;2025-11-29;13;1098
26;2025-11-29;14;1117
26;2025-11-29;15;1027
26;2025-11-29;16;1064
26;2025-11-29;17;995
26;2025-11-29;18;898
26;2025-11-29;19;806
26;2025-11-29;20;537
26;2025-11-29;21;360
26;2025-11-29;22;216
26;2025-11-29;23;165
26;2025-11-30;0;53
26;2025-11-30;1;5
26;2025-11-30;2;0
26;2025-11-30;3;0
26;2025-11-30;4;2
26;2025-11-30;5;27
26;2025-11-30;6;156
26;2025-11-30;7;263
26;2025-11-30;8;404
26;2025-11-30;9;534
26;2025-11-30;10;594
26;2025-11-30;11;822
26;2025-11-30;12;864
26;2025-11-30;13;905
26;2025-11-30;14;900
26;2025-11-30;15;825
26;2025-11-30;16;810
26;2025-11-30;17;824
26;2025-11-30;18;735
26;2025-11-30;19;558
26;2025-11-30;20;415
26;2025-11-30;21;290
26;2025-11-30;22;179
26;2025-11-30;23;117
26;2025-12-01;0;32
26;2025-12-01;1;2
26;2025-12-01;2;0
26;2025-12-01;3;0
26;2025-12-01;4;2
26;2025-12-01;5;94
26;2025-12-01;6;497
26;2025-12-01;7;1144
26;2025-12-01;8;2322
26;2025-12-01;9;1526
26;2025-12-01;10;1324
26;2025-12-01;11;1171
26;2025-12-01;12;1237
26;2025-12-01;13;1297
26;2025-12-01;14;1419
26;2025-12-01;15;1500
26;2025-12-01;16;1629
26;2025-12-01;17;1839
26;2025-12-01;18;1936
26;2025-12-01;19;1290
26;2025-12-01;20;782
26;2025-12-01;21;485
26;2025-12-01;22;196
26;2025-12-01;23;117
26;2025-12-02;0;31
26;2025-12-02;1;1
26;2025-12-02;2;0
26;2025-12-02;3;0
26;2025-12-02;4;2
26;2025-12-02;5;94
26;2025-12-02;6;500
26;2025-12-02;7;1151
26;2025-12-02;8;2358
26;2025-12-02;9;1549
26;2025-12-02;10;1337
26;2025-12-02;11;1222
26;2025-12-02;12;1276
26;2025-12-02;13;1291
26;2025-12-02;14;1455
26;2025-12-02;15;1506
26;2025-12-02;16;1644
26;2025-12-02;17;1867
26;2025-12-02;18;1949
26;2025-12-02;19;1320
26;2025-12-02;20;799
26;2025-12-02;21;497
26;2025-12-02;22;201
26;2025-12-02;23;122
26;2025-12-03;0;35
26;2025-12-03;1;2
26;2025-12-03;2;0
26;2025-12-03;3;0
26;2025-12-03;4;2
26;2025-12-03;5;99
26;2025-12-03;6;493
26;2025-12-03;7;1146
26;2025-12-03;8;2343
26;2025-12-03;9;1553
26;2025-12-03;10;1330
26;2025-12-03;11;1214
26;2025-12-03;12;1289
26;2025-12-03;13;1327
26;2025-12-03;14;1498
26;2025-12-03;15;1524
26;2025-12-03;16;1638
26;2025-12-03;17;1830
26;2025-12-03;18;1916
26;2025-12-03;19;1290
26;2025-12-03;20;796
26;2025-12-03;21;525
26;2025-12-03;22;217
26;2025-12-03;23;138
26;2025-12-04;0;39
26;2025-12-04;1;2
26;2025-12-04;2;0
26;2025-12-04;3;0
26;2025-12-04;4;2
26;2025-12-04;5;98
26;2025-12-04;6;502
26;2025-12-04;7;1143
26;2025-12-04;8;2346
26;2025-12-04;9;1565
26;2025-12-04;10;1327
26;2025-12-04;11;1230
26;2025-12-04;12;1292
26;2025-12-04;13;1318
26;2025-12-04;14;1493
26;2025-12-04;15;1529
26;2025-12-04;16;1661
26;2025-12-04;17;1852
26;2025-12-04;18;1949
26;2025-12-04;19;1302
26;2025-12-04;20;795
26;2025-12-04;21;521
26;2025-12-04;22;217
26;2025-12-04;23;143
26;2025-12-05;0;39
26;2025-12-05;1;2
26;2025-12-05;2;0
26;2025-12-05;3;0
26;2025-12-05;4;2
26;2025-12-05;5;92
26;2025-12-05;6;508
26;2025-12-05;7;1127
26;2025-12-05;8;2272
26;2025-12-05;9;1513
26;2025-12-05;10;1331
26;2025-12-05;11;1201
26;2025-12-05;12;1283
26;2025-12-05;13;1334
26;2025-12-05;14;1511
26;2025-12-05;15;1573
26;2025-12-05;16;1777
26;2025-12-05;17;1868
26;2025-12-05;18;1601
26;2025-12-05;19;1155
26;2025-12-05;20;748
26;2025-12-05;21;510
26;2025-12-05;22;220
26;2025-12-05;23;167
26;2025-12-06;0;52
26;2025-12-06;1;2
26;2025-12-06;2;0
26;2025-12-06;3;0
26;2025-12-06;4;2
26;2025-12-06;5;53
26;2025-12-06;6;267
26;2025-12-06;7;377
26;2025-12-06;8;630
26;2025-12-06;9;701
26;2025-12-06;10;844
26;2025-12-06;11;1016
26;2025-12-06;12;1094
26;2025-12-06;13;1099
26;2025-12-06;14;1114
26;2025-12-06;15;1029
26;2025-12-06;16;1060
26;2025-12-06;17;1000
26;2025-12-06;18;891
26;2025-12-06;19;800
26;2025-12-06;20;532
26;2025-12-06;21;359
26;2025-12-06;22;216
26;2025-12-06;23;166
26;2025-12-07;0;51
26;2025-12-07;1;5
26;2025-12-07;2;0
26;2025-12-07;3;0
26;2025-12-07;4;2
26;2025-12-07;5;27
26;2025-12-07;6;155
26;2025-12-07;7;261
26;2025-12-07;8;404
26;2025-12-07;9;539
26;2025-12-07;10;595
26;2025-12-07;11;824
26;2025-12-07;12;874
26;2025-12-07;13;912
26;2025-12-07;14;902
26;2025-12-07;15;828
26;2025-12-07;16;813
26;2025-12-07;17;827
26;2025-12-07;18;726
26;2025-12-07;19;549
26;2025-12-07;20;405
26;2025-12-07;21;285
26;2025-12-07;22;177
26;2025-12-07;23;113
26;2025-12-08;0;31
26;2025-12-08;1;2
26;2025-12-08;2;0
26;2025-12-08;3;0
26;2025-12-08;4;2
26;2025-12-08;5;94
26;2025-12-08;6;499
26;2025-12-08;7;1142
26;2025-12-08;8;2298
26;2025-12-08;9;1526
26;2025-12-08;10;1319
26;2025-12-08;11;1167
26;2025-12-08;12;1234
26;2025-12-08;13;1293
26;2025-12-08;14;1409
26;2025-12-08;15;1490
26;2025-12-08;16;1623
26;2025-12-08;17;1832
26;2025-12-08;18;1925
26;2025-12-08;19;1287
26;2025-12-08;20;782
26;2025-12-08;21;482
26;2025-12-08;22;197
26;2025-12-08;23;117
26;2025-12-09;0;32
26;2025-12-09;1;1
26;2025-12-09;2;0
26;2025-12-09;3;0
26;2025-12-09;4;2
26;2025-12-09;5;94
26;2025-12-09;6;500
26;2025-12-09;7;1142
26;2025-12-09;8;2327
26;2025-12-09;9;1545
26;2025-12-09;10;1329
26;2025-12-09;11;1212
26;2025-12-09;12;1269
26;2025-12-09;13;1284
26;2025-12-09;14;1437
26;2025-12-09;15;1496
26;2025-12-09;16;1635
26;2025-12-09;17;1844
26;2025-12-09;18;1926
26;2025-12-09;19;1313
26;2025-12-09;20;798
26;2025-12-09;21;491
26;2025-12-09;22;201
26;2025-12-09;23;120
26;2025-12-10;0;33
26;2025-12-10;1;1
26;2025-12-10;2;0
26;2025-12-10;3;0
26;2025-12-10;4;2
26;2025-12-10;5;98
26;2025-12-10;6;494
26;2025-12-10;7;1131
26;2025-12-10;8;2313
26;2025-12-10;9;1540
26;2025-12-10;10;1315
26;2025-12-10;11;1197
26;2025-12-10;12;1277
26;2025-12-10;13;1315
26;2025-12-10;14;1474
26;2025-12-10;15;1503
26;2025-12-10;16;1616
26;2025-12-10;17;1804
26;2025-12-10;18;1895
26;2025-12-10;19;1284
26;2025-12-10;20;795
26;2025-12-10;21;519
26;2025-12-10;22;214
26;2025-12-10;23;137
26;2025-12-11;0;39
26;2025-12-11;1;2
26;2025-12-11;2;0
26;2025-12-11;3;0
26;2025-12-11;4;2
26;2025-12-11;5;98
26;2025-12-11;6;498
26;2025-12-11;7;1118
26;2025-12-11;8;2276
26;2025-12-11;9;1531
26;2025-12-11;10;1288
26;2025-12-11;11;1186
26;2025-12-11;12;1247
26;2025-12-11;13;1272
26;2025-12-11;14;1431
26;2025-12-11;15;1478
26;2025-12-11;16;1612
26;2025-12-11;17;1795
26;2025-12-11;18;1888
26;2025-12-11;19;1265
26;2025-12-11;20;775
26;2025-12-11;21;503
26;2025-12-11;22;211
26;2025-12-11;23;137
26;2025-12-12;0;38
26;2025-12-12;1;1
26;2025-12-12;2;0
26;2025-12-12;3;0
26;2025-12-12;4;2
26;2025-12-12;5;90
26;2025-12-12;6;499
26;2025-12-12;7;1103
26;2025-12-12;8;2190
26;2025-12-12;9;1477
26;2025-12-12;10;1299
26;2025-12-12;11;1164
26;2025-12-12;12;1247
26;2025-12-12;13;1292
26;2025-12-12;14;1445
26;2025-12-12;15;1496
26;2025-12-12;16;1698
26;2025-12-12;17;1786
26;2025-12-12;18;1540
26;2025-12-12;19;1106
26;2025-12-12;20;724
26;2025-12-12;21;484
26;2025-12-12;22;211
26;2025-12-12;23;160
26;2025-12-13;0;49
26;2025-12-13;1;2
26;2025-12-13;2;0
26;2025-12-13;3;0
26;2025-12-13;4;1
26;2025-12-13;5;50
26;2025-12-13;6;268
26;2025-12-13;7;377
26;2025-12-13;8;634
26;2025-12-13;9;702
26;2025-12-13;10;836
26;2025-12-13;11;1001
26;2025-12-13;12;1080
26;2025-12-13;13;1083
26;2025-12-13;14;1098
26;2025-12-13;15;1015
26;2025-12-13;16;1044
26;2025-12-13;17;981
26;2025-12-13;18;882
26;2025-12-13;19;801
26;2025-12-13;20;526
26;2025-12-13;21;351
26;2025-12-13;22;208
26;2025-12-13;23;159
26;2025-12-14;0;48
26;2025-12-14;1;5
26;2025-12-14;2;0
26;2025-12-14;3;0
26;2025-12-14;4;2
26;2025-12-14;5;28
26;2025-12-14;6;157
26;2025-12-14;7;263
26;2025-12-14;8;403
26;2025-12-14;9;537
26;2025-12-14;10;591
26;2025-12-14;11;815
26;2025-12-14;12;865
26;2025-12-14;13;902
26;2025-12-14;14;895
26;2025-12-14;15;820
26;2025-12-14;16;791
26;2025-12-14;17;817
26;2025-12-14;18;720
26;2025-12-14;19;549
26;2025-12-14;20;403
26;2025-12-14;21;279
26;2025-12-14;22;174
26;2025-12-14;23;111
26;2025-12-15;0;31
26;2025-12-15;1;2
26;2025-12-15;2;0
26;2025-12-15;3;0
26;2025-12-15;4;2
26;2025-12-15;5;93
26;2025-12-15;6;498
26;2025-12-15;7;1135
26;2025-12-15;8;2277
26;2025-12-15;9;1519
26;2025-12-15;10;1309
26;2025-12-15;11;1163
26;2025-12-15;12;1220
26;2025-12-15;13;1274
26;2025-12-15;14;1378
26;2025-12-15;15;1472
26;2025-12-15;16;1601
26;2025-12-15;17;1822
26;2025-12-15;18;1929
26;2025-12-15;19;1299
26;2025-12-15;20;777
26;2025-12-15;21;476
26;2025-12-15;22;195
26;2025-12-15;23;115
26;2025-12-16;0;33
26;2025-12-16;1;1
26;2025-12-16;2;0
26;2025-12-16;3;0
26;2025-12-16;4;2
26;2025-12-16;5;96
26;2025-12-16;6;505
26;2025-12-16;7;1149
26;2025-12-16;8;2316
26;2025-12-16;9;1553
26;2025-12-16;10;1327
26;2025-12-16;11;1212
26;2025-12-16;12;1265
26;2025-12-16;13;1275
26;2025-12-16;14;1414
26;2025-12-16;15;1481
26;2025-12-16;16;1626
26;2025-12-16;17;1848
26;2025-12-16;18;1935
26;2025-12-16;19;1326
26;2025-12-16;20;800
26;2025-12-16;21;494
26;2025-12-16;22;206
26;2025-12-16;23;124
26;2025-12-17;0;33
26;2025-12-17;1;1
26;2025-12-17;2;0
26;2025-12-17;3;0
26;2025-12-17;4;2
26;2025-12-17;5;99
26;2025-12-17;6;500
26;2025-12-17;7;1138
26;2025-12-17;8;2297
26;2025-12-17;9;1541
26;2025-12-17;10;1314
26;2025-12-17;11;1194
26;2025-12-17;12;1275
26;2025-12-17;13;1309
26;2025-12-17;14;1454
26;2025-12-17;15;1497
26;2025-12-17;16;1615
26;2025-12-17;17;1809
26;2025-12-17;18;1891
26;2025-12-17;19;1277
26;2025-12-17;20;793
26;2025-12-17;21;517
26;2025-12-17;22;213
26;2025-12-17;23;136
26;2025-12-18;0;39
26;2025-12-18;1;2
26;2025-12-18;2;0
26;2025-12-18;3;0
26;2025-12-18;4;2
26;2025-12-18;5;98
26;2025-12-18;6;503
26;2025-12-18;7;1134
26;2025-12-18;8;2295
26;2025-12-18;9;1550
26;2025-12-18;10;1305
26;2025-12-18;11;1209
26;2025-12-18;12;1268
26;2025-12-18;13;1292
26;2025-12-18;14;1438
26;2025-12-18;15;1494
26;2025-12-18;16;1630
26;2025-12-18;17;1819
26;2025-12-18;18;1917
26;2025-12-18;19;1287
26;2025-12-18;20;789
26;2025-12-18;21;509
26;2025-12-18;22;216
26;2025-12-18;23;142
26;2025-12-19;0;39
26;2025-12-19;1;2
26;2025-12-19;2;0
26;2025-12-19;3;0
26;2025-12-19;4;2
26;2025-12-19;5;92
26;2025-12-19;6;510
26;2025-12-19;7;1114
26;2025-12-19;8;2213
26;2025-12-19;9;1490
26;2025-12-19;10;1304
26;2025-12-19;11;1175
26;2025-12-19;12;1252
26;2025-12-19;13;1295
26;2025-12-19;14;1444
26;2025-12-19;15;1529
26;2025-12-19;16;1735
26;2025-12-19;17;1837
26;2025-12-19;18;1577
26;2025-12-19;19;1138
26;2025-12-19;20;736
26;2025-12-19;21;495
26;2025-12-19;22;218
26;2025-12-19;23;163
26;2025-12-20;0;50
26;2025-12-20;1;2
26;2025-12-20;2;0
26;2025-12-20;3;0
26;2025-12-20;4;2
26;2025-12-20;5;53
26;2025-12-20;6;268
26;2025-12-20;7;373
26;2025-12-20;8;626
26;2025-12-20;9;697
26;2025-12-20;10;833
26;2025-12-20;11;1010
26;2025-12-20;12;1084
26;2025-12-20;13;1088
26;2025-12-20;14;1102
26;2025-12-20;15;1024
26;2025-12-20;16;1051
26;2025-12-20;17;987
26;2025-12-20;18;881
26;2025-12-20;19;796
26;2025-12-20;20;527
26;2025-12-20;21;356
26;2025-12-20;22;213
26;2025-12-20;23;163
26;2025-12-21;0;50
26;2025-12-21;1;5
26;2025-12-21;2;0
26;2025-12-21;3;0
26;2025-12-21;4;2
26;2025-12-21;5;27
26;2025-12-21;6;157
26;2025-12-21;7;257
26;2025-12-21;8;393
26;2025-12-21;9;530
26;2025-12-21;10;586
26;2025-12-21;11;811
26;2025-12-21;12;859
26;2025-12-21;13;900
26;2025-12-21;14;890
26;2025-12-21;15;822
26;2025-12-21;16;803
26;2025-12-21;17;817
26;2025-12-21;18;709
26;2025-12-21;19;539
26;2025-12-21;20;399
26;2025-12-21;21;281
26;2025-12-21;22;175
26;2025-12-21;23;111
26;2025-12-22;0;30
26;2025-12-22;1;3
26;2025-12-22;2;0
26;2025-12-22;3;0
26;2025-12-22;4;2
26;2025-12-22;5;94
26;2025-12-22;6;495
26;2025-12-22;7;1121
26;2025-12-22;8;2217
26;2025-12-22;9;1491
26;2025-12-22;10;1281
26;2025-12-22;11;1132
26;2025-12-22;12;1193
26;2025-12-22;13;1252
26;2025-12-22;14;1338
26;2025-12-22;15;1433
26;2025-12-22;16;1566
26;2025-12-22;17;1778
26;2025-12-22;18;1869
26;2025-12-22;19;1249
26;2025-12-22;20;767
26;2025-12-22;21;469
26;2025-12-22;22;193
26;2025-12-22;23;113
26;2025-12-23;0;34
26;2025-12-23;1;1
26;2025-12-23;2;0
26;2025-12-23;3;0
26;2025-12-23;4;2
26;2025-12-23;5;91
26;2025-12-23;6;498
26;2025-12-23;7;1116
26;2025-12-23;8;2225
26;2025-12-23;9;1515
26;2025-12-23;10;1315
26;2025-12-23;11;1206
26;2025-12-23;12;1253
26;2025-12-23;13;1263
26;2025-12-23;14;1383
26;2025-12-23;15;1446
26;2025-12-23;16;1581
26;2025-12-23;17;1796
26;2025-12-23;18;1870
26;2025-12-23;19;1292
26;2025-12-23;20;785
26;2025-12-23;21;476
26;2025-12-23;22;205
26;2025-12-23;23;124
26;2025-12-24;0;36
26;2025-12-24;1;1
26;2025-12-24;2;0
26;2025-12-24;3;0
26;2025-12-24;4;2
26;2025-12-24;5;100
26;2025-12-24;6;501
26;2025-12-24;7;1135
26;2025-12-24;8;2284
26;2025-12-24;9;1556
26;2025-12-24;10;1319
26;2025-12-24;11;1199
26;2025-12-24;12;1271
26;2025-12-24;13;1296
26;2025-12-24;14;1438
26;2025-12-24;15;1488
26;2025-12-24;16;1606
26;2025-12-24;17;1796
26;2025-12-24;18;1912
26;2025-12-24;19;1320
26;2025-12-24;20;812
26;2025-12-24;21;520
26;2025-12-24;22;222
26;2025-12-24;23;139
26;2025-12-25;0;39
26;2025-12-25;1;4
26;2025-12-25;2;0
26;2025-12-25;3;0
26;2025-12-25;4;2
26;2025-12-25;5;100
26;2025-12-25;6;506
26;2025-12-25;7;1126
26;2025-12-25;8;2265
26;2025-12-25;9;1537
26;2025-12-25;10;1298
26;2025-12-25;11;1200
26;2025-12-25;12;1250
26;2025-12-25;13;1274
26;2025-12-25;14;1412
26;2025-12-25;15;1470
26;2025-12-25;16;1602
26;2025-12-25;17;1790
26;2025-12-25;18;1892
26;2025-12-25;19;1278
26;2025-12-25;20;774
26;2025-12-25;21;499
26;2025-12-25;22;216
26;2025-12-25;23;135
26;2025-12-26;0;38
26;2025-12-26;1;2
26;2025-12-26;2;0
26;2025-12-26;3;0
26;2025-12-26;4;2
26;2025-12-26;5;95
26;2025-12-26;6;496
26;2025-12-26;7;1072
26;2025-12-26;8;2122
26;2025-12-26;9;1431
26;2025-12-26;10;1248
26;2025-12-26;11;1115
26;2025-12-26;12;1182
26;2025-12-26;13;1233
26;2025-12-26;14;1361
26;2025-12-26;15;1436
26;2025-12-26;16;1642
26;2025-12-26;17;1735
26;2025-12-26;18;1517
26;2025-12-26;19;1096
26;2025-12-26;20;711
26;2025-12-26;21;474
26;2025-12-26;22;213
26;2025-12-26;23;161
26;2025-12-27;0;48
26;2025-12-27;1;2
26;2025-12-27;2;0
26;2025-12-27;3;0
26;2025-12-27;4;2
26;2025-12-27;5;52
26;2025-12-27;6;268
26;2025-12-27;7;372
26;2025-12-27;8;623
26;2025-12-27;9;692
26;2025-12-27;10;822
26;2025-12-27;11;994
26;2025-12-27;12;1070
26;2025-12-27;13;1076
26;2025-12-27;14;1090
26;2025-12-27;15;1012
26;2025-12-27;16;1036
26;2025-12-27;17;974
26;2025-12-27;18;867
26;2025-12-27;19;785
26;2025-12-27;20;521
26;2025-12-27;21;349
26;2025-12-27;22;210
26;2025-12-27;23;156
26;2025-12-28;0;47
26;2025-12-28;1;5
26;2025-12-28;2;0
26;2025-12-28;3;0
26;2025-12-28;4;2
26;2025-12-28;5;28
26;2025-12-28;6;154
26;2025-12-28;7;253
26;2025-12-28;8;387
26;2025-12-28;9;522
26;2025-12-28;10;574
26;2025-12-28;11;793
26;2025-12-28;12;840
26;2025-12-28;13;880
26;2025-12-28;14;868
26;2025-12-28;15;802
26;2025-12-28;16;786
26;2025-12-28;17;799
26;2025-12-28;18;699
26;2025-12-28;19;534
26;2025-12-28;20;394
26;2025-12-28;21;276
26;2025-12-28;22;174
26;2025-12-28;23;110
26;2025-12-29;0;31
26;2025-12-29;1;2
26;2025-12-29;2;0
26;2025-12-29;3;0
26;2025-12-29;4;3
26;2025-12-29;5;86
26;2025-12-29;6;443
26;2025-12-29;7;987
26;2025-12-29;8;1949
26;2025-12-29;9;1310
26;2025-12-29;10;1126
26;2025-12-29;11;1000
26;2025-12-29;12;1048
26;2025-12-29;13;1097
26;2025-12-29;14;1168
26;2025-12-29;15;1261
26;2025-12-29;16;1373
26;2025-12-29;17;1564
26;2025-12-29;18;1652
26;2025-12-29;19;1112
26;2025-12-29;20;672
26;2025-12-29;21;414
26;2025-12-29;22;175
26;2025-12-29;23;103
26;2025-12-30;0;29
26;2025-12-30;1;2
26;2025-12-30;2;0
26;2025-12-30;3;0
26;2025-12-30;4;3
26;2025-12-30;5;86
26;2025-12-30;6;444
26;2025-12-30;7;991
26;2025-12-30;8;1970
26;2025-12-30;9;1331
26;2025-12-30;10;1140
26;2025-12-30;11;1037
26;2025-12-30;12;1074
26;2025-12-30;13;1087
26;2025-12-30;14;1193
26;2025-12-30;15;1262
26;2025-12-30;16;1381
26;2025-12-30;17;1570
26;2025-12-30;18;1626
26;2025-12-30;19;1130
26;2025-12-30;20;691
26;2025-12-30;21;424
26;2025-12-30;22;185
26;2025-12-30;23;109
26;2025-12-31;0;41
26;2025-12-31;1;4
26;2025-12-31;2;0
26;2025-12-31;3;0
26;2025-12-31;4;2
26;2025-12-31;5;27
26;2025-12-31;6;147
26;2025-12-31;7;246
26;2025-12-31;8;357
26;2025-12-31;9;473
26;2025-12-31;10;508
26;2025-12-31;11;682
26;2025-12-31;12;717
26;2025-12-31;13;758
26;2025-12-31;14;748
26;2025-12-31;15;687
26;2025-12-31;16;661
26;2025-12-31;17;681
26;2025-12-31;18;657
26;2025-12-31;19;494
26;2025-12-31;20;0
26;2025-12-31;21;0
26;2025-12-31;22;0
26;2025-12-31;23;0
28;2025-11-01;0;0
28;2025-11-01;1;0
28;2025-11-01;2;0
28;2025-11-01;3;0
28;2025-11-01;4;2
28;2025-11-01;5;68
28;2025-11-01;6;224
28;2025-11-01;7;684
28;2025-11-01;8;1073
28;2025-11-01;9;721
28;2025-11-01;10;572
28;2025-11-01;11;524
28;2025-11-01;12;671
28;2025-11-01;13;683
28;2025-11-01;14;658
28;2025-11-01;15;679
28;2025-11-01;16;807
28;2025-11-01;17;908
28;2025-11-01;18;846
28;2025-11-01;19;621
28;2025-11-01;20;440
28;2025-11-01;21;294
28;2025-11-01;22;112
28;2025-11-01;23;12
28;2025-11-02;0;0
28;2025-11-02;1;0
28;2025-11-02;2;0
28;2025-11-02;3;0
28;2025-11-02;4;0
28;2025-11-02;5;30
28;2025-11-02;6;83
28;2025-11-02;7;165
28;2025-11-02;8;279
28;2025-11-02;9;345
28;2025-11-02;10;396
28;2025-11-02;11;441
28;2025-11-02;12;476
28;2025-11-02;13;540
28;2025-11-02;14;543
28;2025-11-02;15;536
28;2025-11-02;16;510
28;2025-11-02;17;511
28;2025-11-02;18;446
28;2025-11-02;19;372
28;2025-11-02;20;288
28;2025-11-02;21;237
28;2025-11-02;22;103
28;2025-11-02;23;10
28;2025-11-03;0;0
28;2025-11-03;1;0
28;2025-11-03;2;0
28;2025-11-03;3;0
28;2025-11-03;4;0
28;2025-11-03;5;35
28;2025-11-03;6;94
28;2025-11-03;7;204
28;2025-11-03;8;326
28;2025-11-03;9;340
28;2025-11-03;10;364
28;2025-11-03;11;398
28;2025-11-03;12;435
28;2025-11-03;13;483
28;2025-11-03;14;471
28;2025-11-03;15;476
28;2025-11-03;16;470
28;2025-11-03;17;486
28;2025-11-03;18;460
28;2025-11-03;19;384
28;2025-11-03;20;289
28;2025-11-03;21;223
28;2025-11-03;22;98
28;2025-11-03;23;12
28;2025-11-04;0;0
28;2025-11-04;1;0
28;2025-11-04;2;0
28;2025-11-04;3;0
28;2025-11-04;4;0
28;2025-11-04;5;32
28;2025-11-04;6;86
28;2025-11-04;7;188
28;2025-11-04;8;297
28;2025-11-04;9;317
28;2025-11-04;10;346
28;2025-11-04;11;383
28;2025-11-04;12;415
28;2025-11-04;13;469
28;2025-11-04;14;469
28;2025-11-04;15;470
28;2025-11-04;16;439
28;2025-11-04;17;466
28;2025-11-04;18;428
28;2025-11-04;19;362
28;2025-11-04;20;274
28;2025-11-04;21;215
28;2025-11-04;22;96
28;2025-11-04;23;12
28;2025-11-05;0;0
28;2025-11-05;1;0
28;2025-11-05;2;0
28;2025-11-05;3;0
28;2025-11-05;4;1
28;2025-11-05;5;84
28;2025-11-05;6;265
28;2025-11-05;7;803
28;2025-11-05;8;1284
28;2025-11-05;9;834
28;2025-11-05;10;638
28;2025-11-05;11;587
28;2025-11-05;12;745
28;2025-11-05;13;748
28;2025-11-05;14;696
28;2025-11-05;15;727
28;2025-11-05;16;922
28;2025-11-05;17;1057
28;2025-11-05;18;1041
28;2025-11-05;19;751
28;2025-11-05;20;515
28;2025-11-05;21;336
28;2025-11-05;22;126
28;2025-11-05;23;13
28;2025-11-06;0;0
28;2025-11-06;1;0
28;2025-11-06;2;0
28;2025-11-06;3;0
28;2025-11-06;4;1
28;2025-11-06;5;85
28;2025-11-06;6;274
28;2025-11-06;7;836
28;2025-11-06;8;1311
28;2025-11-06;9;858
28;2025-11-06;10;654
28;2025-11-06;11;587
28;2025-11-06;12;746
28;2025-11-06;13;750
28;2025-11-06;14;714
28;2025-11-06;15;743
28;2025-11-06;16;919
28;2025-11-06;17;1084
28;2025-11-06;18;1059
28;2025-11-06;19;762
28;2025-11-06;20;525
28;2025-11-06;21;351
28;2025-11-06;22;134
28;2025-11-06;23;15
28;2025-11-07;0;0
28;2025-11-07;1;0
28;2025-11-07;2;0
28;2025-11-07;3;0
28;2025-11-07;4;2
28;2025-11-07;5;82
28;2025-11-07;6;269
28;2025-11-07;7;819
28;2025-11-07;8;1272
28;2025-11-07;9;828
28;2025-11-07;10;644
28;2025-11-07;11;598
28;2025-11-07;12;765
28;2025-11-07;13;769
28;2025-11-07;14;749
28;2025-11-07;15;791
28;2025-11-07;16;981
28;2025-11-07;17;1043
28;2025-11-07;18;898
28;2025-11-07;19;680
28;2025-11-07;20;487
28;2025-11-07;21;355
28;2025-11-07;22;134
28;2025-11-07;23;19
28;2025-11-08;0;3
28;2025-11-08;1;0
28;2025-11-08;2;0
28;2025-11-08;3;0
28;2025-11-08;4;2
28;2025-11-08;5;40
28;2025-11-08;6;106
28;2025-11-08;7;241
28;2025-11-08;8;411
28;2025-11-08;9;478
28;2025-11-08;10;503
28;2025-11-08;11;513
28;2025-11-08;12;603
28;2025-11-08;13;619
28;2025-11-08;14;591
28;2025-11-08;15;623
28;2025-11-08;16;583
28;2025-11-08;17;590
28;2025-11-08;18;524
28;2025-11-08;19;421
28;2025-11-08;20;312
28;2025-11-08;21;271
28;2025-11-08;22;128
28;2025-11-08;23;16
28;2025-11-09;0;0
28;2025-11-09;1;0
28;2025-11-09;2;0
28;2025-11-09;3;0
28;2025-11-09;4;0
28;2025-11-09;5;31
28;2025-11-09;6;82
28;2025-11-09;7;165
28;2025-11-09;8;275
28;2025-11-09;9;341
28;2025-11-09;10;385
28;2025-11-09;11;432
28;2025-11-09;12;465
28;2025-11-09;13;528
28;2025-11-09;14;529
28;2025-11-09;15;530
28;2025-11-09;16;502
28;2025-11-09;17;500
28;2025-11-09;18;438
28;2025-11-09;19;368
28;2025-11-09;20;285
28;2025-11-09;21;237
28;2025-11-09;22;103
28;2025-11-09;23;10
28;2025-11-10;0;0
28;2025-11-10;1;0
28;2025-11-10;2;0
28;2025-11-10;3;0
28;2025-11-10;4;1
28;2025-11-10;5;83
28;2025-11-10;6;268
28;2025-11-10;7;819
28;2025-11-10;8;1309
28;2025-11-10;9;857
28;2025-11-10;10;647
28;2025-11-10;11;576
28;2025-11-10;12;736
28;2025-11-10;13;726
28;2025-11-10;14;687
28;2025-11-10;15;710
28;2025-11-10;16;907
28;2025-11-10;17;1057
28;2025-11-10;18;1014
28;2025-11-10;19;741
28;2025-11-10;20;497
28;2025-11-10;21;318
28;2025-11-10;22;111
28;2025-11-10;23;10
28;2025-11-11;0;0
28;2025-11-11;1;0
28;2025-11-11;2;0
28;2025-11-11;3;0
28;2025-11-11;4;2
28;2025-11-11;5;80
28;2025-11-11;6;263
28;2025-11-11;7;824
28;2025-11-11;8;1310
28;2025-11-11;9;850
28;2025-11-11;10;661
28;2025-11-11;11;592
28;2025-11-11;12;742
28;2025-11-11;13;740
28;2025-11-11;14;714
28;2025-11-11;15;728
28;2025-11-11;16;891
28;2025-11-11;17;1070
28;2025-11-11;18;1024
28;2025-11-11;19;749
28;2025-11-11;20;511
28;2025-11-11;21;333
28;2025-11-11;22;124
28;2025-11-11;23;14
28;2025-11-12;0;0
28;2025-11-12;1;0
28;2025-11-12;2;0
28;2025-11-12;3;0
28;2025-11-12;4;2
28;2025-11-12;5;84
28;2025-11-12;6;272
28;2025-11-12;7;821
28;2025-11-12;8;1313
28;2025-11-12;9;863
28;2025-11-12;10;659
28;2025-11-12;11;600
28;2025-11-12;12;762
28;2025-11-12;13;767
28;2025-11-12;14;715
28;2025-11-12;15;743
28;2025-11-12;16;939
28;2025-11-12;17;1077
28;2025-11-12;18;1048
28;2025-11-12;19;761
28;2025-11-12;20;520
28;2025-11-12;21;342
28;2025-11-12;22;130
28;2025-11-12;23;15
28;2025-11-13;0;0
28;2025-11-13;1;0
28;2025-11-13;2;0
28;2025-11-13;3;0
28;2025-11-13;4;1
28;2025-11-13;5;83
28;2025-11-13;6;274
28;2025-11-13;7;839
28;2025-11-13;8;1308
28;2025-11-13;9;865
28;2025-11-13;10;660
28;2025-11-13;11;590
28;2025-11-13;12;757
28;2025-11-13;13;757
28;2025-11-13;14;720
28;2025-11-13;15;751
28;2025-11-13;16;928
28;2025-11-13;17;1096
28;2025-11-13;18;1072
28;2025-11-13;19;767
28;2025-11-13;20;537
28;2025-11-13;21;356
28;2025-11-13;22;136
28;2025-11-13;23;15
28;2025-11-14;0;0
28;2025-11-14;1;0
28;2025-11-14;2;0
28;2025-11-14;3;0
28;2025-11-14;4;2
28;2025-11-14;5;86
28;2025-11-14;6;276
28;2025-11-14;7;837
28;2025-11-14;8;1307
28;2025-11-14;9;857
28;2025-11-14;10;672
28;2025-11-14;11;610
28;2025-11-14;12;779
28;2025-11-14;13;796
28;2025-11-14;14;773
28;2025-11-14;15;818
28;2025-11-14;16;1002
28;2025-11-14;17;1058
28;2025-11-14;18;907
28;2025-11-14;19;684
28;2025-11-14;20;486
28;2025-11-14;21;357
28;2025-11-14;22;137
28;2025-11-14;23;17
28;2025-11-15;0;6
28;2025-11-15;1;0
28;2025-11-15;2;0
28;2025-11-15;3;0
28;2025-11-15;4;2
28;2025-11-15;5;38
28;2025-11-15;6;104
28;2025-11-15;7;237
28;2025-11-15;8;399
28;2025-11-15;9;469
28;2025-11-15;10;489
28;2025-11-15;11;489
28;2025-11-15;12;580
28;2025-11-15;13;594
28;2025-11-15;14;559
28;2025-11-15;15;588
28;2025-11-15;16;560
28;2025-11-15;17;582
28;2025-11-15;18;513
28;2025-11-15;19;406
28;2025-11-15;20;308
28;2025-11-15;21;272
28;2025-11-15;22;128
28;2025-11-15;23;16
28;2025-11-16;0;0
28;2025-11-16;1;0
28;2025-11-16;2;0
28;2025-11-16;3;0
28;2025-11-16;4;0
28;2025-11-16;5;31
28;2025-11-16;6;81
28;2025-11-16;7;166
28;2025-11-16;8;279
28;2025-11-16;9;344
28;2025-11-16;10;395
28;2025-11-16;11;443
28;2025-11-16;12;475
28;2025-11-16;13;548
28;2025-11-16;14;541
28;2025-11-16;15;535
28;2025-11-16;16;509
28;2025-11-16;17;510
28;2025-11-16;18;447
28;2025-11-16;19;373
28;2025-11-16;20;289
28;2025-11-16;21;241
28;2025-11-16;22;106
28;2025-11-16;23;12
28;2025-11-17;0;0
28;2025-11-17;1;0
28;2025-11-17;2;0
28;2025-11-17;3;0
28;2025-11-17;4;1
28;2025-11-17;5;84
28;2025-11-17;6;272
28;2025-11-17;7;826
28;2025-11-17;8;1322
28;2025-11-17;9;866
28;2025-11-17;10;665
28;2025-11-17;11;582
28;2025-11-17;12;739
28;2025-11-17;13;739
28;2025-11-17;14;689
28;2025-11-17;15;713
28;2025-11-17;16;911
28;2025-11-17;17;1060
28;2025-11-17;18;1021
28;2025-11-17;19;747
28;2025-11-17;20;497
28;2025-11-17;21;326
28;2025-11-17;22;120
28;2025-11-17;23;13
28;2025-11-18;0;0
28;2025-11-18;1;0
28;2025-11-18;2;0
28;2025-11-18;3;0
28;2025-11-18;4;2
28;2025-11-18;5;79
28;2025-11-18;6;268
28;2025-11-18;7;819
28;2025-11-18;8;1305
28;2025-11-18;9;862
28;2025-11-18;10;666
28;2025-11-18;11;582
28;2025-11-18;12;717
28;2025-11-18;13;726
28;2025-11-18;14;704
28;2025-11-18;15;719
28;2025-11-18;16;882
28;2025-11-18;17;1059
28;2025-11-18;18;1013
28;2025-11-18;19;737
28;2025-11-18;20;499
28;2025-11-18;21;338
28;2025-11-18;22;133
28;2025-11-18;23;13
28;2025-11-19;0;0
28;2025-11-19;1;0
28;2025-11-19;2;0
28;2025-11-19;3;0
28;2025-11-19;4;1
28;2025-11-19;5;86
28;2025-11-19;6;272
28;2025-11-19;7;823
28;2025-11-19;8;1322
28;2025-11-19;9;875
28;2025-11-19;10;672
28;2025-11-19;11;610
28;2025-11-19;12;769
28;2025-11-19;13;781
28;2025-11-19;14;740
28;2025-11-19;15;757
28;2025-11-19;16;945
28;2025-11-19;17;1093
28;2025-11-19;18;1057
28;2025-11-19;19;767
28;2025-11-19;20;523
28;2025-11-19;21;345
28;2025-11-19;22;133
28;2025-11-19;23;15
28;2025-11-20;0;0
28;2025-11-20;1;0
28;2025-11-20;2;0
28;2025-11-20;3;0
28;2025-11-20;4;1
28;2025-11-20;5;85
28;2025-11-20;6;274
28;2025-11-20;7;846
28;2025-11-20;8;1326
28;2025-11-20;9;889
28;2025-11-20;10;678
28;2025-11-20;11;599
28;2025-11-20;12;769
28;2025-11-20;13;770
28;2025-11-20;14;740
28;2025-11-20;15;759
28;2025-11-20;16;932
28;2025-11-20;17;1100
28;2025-11-20;18;1074
28;2025-11-20;19;766
28;2025-11-20;20;531
28;2025-11-20;21;353
28;2025-11-20;22;136
28;2025-11-20;23;16
28;2025-11-21;0;0
28;2025-11-21;1;0
28;2025-11-21;2;0
28;2025-11-21;3;0
28;2025-11-21;4;1
28;2025-11-21;5;83
28;2025-11-21;6;270
28;2025-11-21;7;822
28;2025-11-21;8;1281
28;2025-11-21;9;853
28;2025-11-21;10;671
28;2025-11-21;11;607
28;2025-11-21;12;779
28;2025-11-21;13;789
28;2025-11-21;14;774
28;2025-11-21;15;801
28;2025-11-21;16;981
28;2025-11-21;17;1049
28;2025-11-21;18;899
28;2025-11-21;19;674
28;2025-11-21;20;481
28;2025-11-21;21;350
28;2025-11-21;22;134
28;2025-11-21;23;19
28;2025-11-22;0;3
28;2025-11-22;1;0
28;2025-11-22;2;0
28;2025-11-22;3;0
28;2025-11-22;4;2
28;2025-11-22;5;39
28;2025-11-22;6;103
28;2025-11-22;7;235
28;2025-11-22;8;399
28;2025-11-22;9;471
28;2025-11-22;10;491
28;2025-11-22;11;496
28;2025-11-22;12;595
28;2025-11-22;13;608
28;2025-11-22;14;576
28;2025-11-22;15;601
28;2025-11-22;16;571
28;2025-11-22;17;582
28;2025-11-22;18;513
28;2025-11-22;19;412
28;2025-11-22;20;309
28;2025-11-22;21;267
28;2025-11-22;22;124
28;2025-11-22;23;15
28;2025-11-23;0;0
28;2025-11-23;1;0
28;2025-11-23;2;0
28;2025-11-23;3;0
28;2025-11-23;4;0
28;2025-11-23;5;29
28;2025-11-23;6;78
28;2025-11-23;7;163
28;2025-11-23;8;273
28;2025-11-23;9;338
28;2025-11-23;10;386
28;2025-11-23;11;436
28;2025-11-23;12;473
28;2025-11-23;13;538
28;2025-11-23;14;535
28;2025-11-23;15;527
28;2025-11-23;16;497
28;2025-11-23;17;493
28;2025-11-23;18;440
28;2025-11-23;19;365
28;2025-11-23;20;280
28;2025-11-23;21;234
28;2025-11-23;22;101
28;2025-11-23;23;10
28;2025-11-24;0;0
28;2025-11-24;1;0
28;2025-11-24;2;0
28;2025-11-24;3;0
28;2025-11-24;4;2
28;2025-11-24;5;81
28;2025-11-24;6;267
28;2025-11-24;7;804
28;2025-11-24;8;1296
28;2025-11-24;9;865
28;2025-11-24;10;657
28;2025-11-24;11;566
28;2025-11-24;12;716
28;2025-11-24;13;719
28;2025-11-24;14;693
28;2025-11-24;15;705
28;2025-11-24;16;901
28;2025-11-24;17;1056
28;2025-11-24;18;1008
28;2025-11-24;19;733
28;2025-11-24;20;494
28;2025-11-24;21;325
28;2025-11-24;22;120
28;2025-11-24;23;13
28;2025-11-25;0;0
28;2025-11-25;1;0
28;2025-11-25;2;0
28;2025-11-25;3;0
28;2025-11-25;4;2
28;2025-11-25;5;79
28;2025-11-25;6;264
28;2025-11-25;7;839
28;2025-11-25;8;1341
28;2025-11-25;9;877
28;2025-11-25;10;686
28;2025-11-25;11;603
28;2025-11-25;12;749
28;2025-11-25;13;762
28;2025-11-25;14;739
28;2025-11-25;15;755
28;2025-11-25;16;906
28;2025-11-25;17;1087
28;2025-11-25;18;1035
28;2025-11-25;19;757
28;2025-11-25;20;514
28;2025-11-25;21;343
28;2025-11-25;22;134
28;2025-11-25;23;16
28;2025-11-26;0;0
28;2025-11-26;1;0
28;2025-11-26;2;0
28;2025-11-26;3;0
28;2025-11-26;4;1
28;2025-11-26;5;82
28;2025-11-26;6;268
28;2025-11-26;7;812
28;2025-11-26;8;1300
28;2025-11-26;9;867
28;2025-11-26;10;661
28;2025-11-26;11;592
28;2025-11-26;12;755
28;2025-11-26;13;753
28;2025-11-26;14;715
28;2025-11-26;15;736
28;2025-11-26;16;922
28;2025-11-26;17;1071
28;2025-11-26;18;1031
28;2025-11-26;19;753
28;2025-11-26;20;517
28;2025-11-26;21;338
28;2025-11-26;22;130
28;2025-11-26;23;15
28;2025-11-27;0;0
28;2025-11-27;1;0
28;2025-11-27;2;0
28;2025-11-27;3;0
28;2025-11-27;4;1
28;2025-11-27;5;85
28;2025-11-27;6;278
28;2025-11-27;7;847
28;2025-11-27;8;1326
28;2025-11-27;9;892
28;2025-11-27;10;678
28;2025-11-27;11;597
28;2025-11-27;12;762
28;2025-11-27;13;762
28;2025-11-27;14;724
28;2025-11-27;15;758
28;2025-11-27;16;924
28;2025-11-27;17;1088
28;2025-11-27;18;1057
28;2025-11-27;19;763
28;2025-11-27;20;521
28;2025-11-27;21;350
28;2025-11-27;22;135
28;2025-11-27;23;15
28;2025-11-28;0;0
28;2025-11-28;1;0
28;2025-11-28;2;0
28;2025-11-28;3;0
28;2025-11-28;4;2
28;2025-11-28;5;85
28;2025-11-28;6;271
28;2025-11-28;7;822
28;2025-11-28;8;1285
28;2025-11-28;9;858
28;2025-11-28;10;663
28;2025-11-28;11;600
28;2025-11-28;12;770
28;2025-11-28;13;773
28;2025-11-28;14;760
28;2025-11-28;15;805
28;2025-11-28;16;985
28;2025-11-28;17;1051
28;2025-11-28;18;903
28;2025-11-28;19;678
28;2025-11-28;20;487
28;2025-11-28;21;356
28;2025-11-28;22;137
28;2025-11-28;23;20
28;2025-11-29;0;5
28;2025-11-29;1;0
28;2025-11-29;2;0
28;2025-11-29;3;0
28;2025-11-29;4;2
28;2025-11-29;5;38
28;2025-11-29;6;104
28;2025-11-29;7;240
28;2025-11-29;8;408
28;2025-11-29;9;479
28;2025-11-29;10;503
28;2025-11-29;11;511
28;2025-11-29;12;606
28;2025-11-29;13;623
28;2025-11-29;14;591
28;2025-11-29;15;614
28;2025-11-29;16;581
28;2025-11-29;17;590
28;2025-11-29;18;521
28;2025-11-29;19;416
28;2025-11-29;20;312
28;2025-11-29;21;274
28;2025-11-29;22;127
28;2025-11-29;23;18
28;2025-11-30;0;0
28;2025-11-30;1;0
28;2025-11-30;2;0
28;2025-11-30;3;0
28;2025-11-30;4;0
28;2025-11-30;5;29
28;2025-11-30;6;78
28;2025-11-30;7;161
28;2025-11-30;8;270
28;2025-11-30;9;337
28;2025-11-30;10;384
28;2025-11-30;11;432
28;2025-11-30;12;465
28;2025-11-30;13;533
28;2025-11-30;14;537
28;2025-11-30;15;525
28;2025-11-30;16;499
28;2025-11-30;17;498
28;2025-11-30;18;430
28;2025-11-30;19;367
28;2025-11-30;20;286
28;2025-11-30;21;235
28;2025-11-30;22;102
28;2025-11-30;23;13
28;2025-12-01;0;0
28;2025-12-01;1;0
28;2025-12-01;2;0
28;2025-12-01;3;0
28;2025-12-01;4;2
28;2025-12-01;5;81
28;2025-12-01;6;270
28;2025-12-01;7;831
28;2025-12-01;8;1324
28;2025-12-01;9;887
28;2025-12-01;10;665
28;2025-12-01;11;583
28;2025-12-01;12;740
28;2025-12-01;13;734
28;2025-12-01;14;700
28;2025-12-01;15;725
28;2025-12-01;16;914
28;2025-12-01;17;1070
28;2025-12-01;18;1018
28;2025-12-01;19;732
28;2025-12-01;20;497
28;2025-12-01;21;320
28;2025-12-01;22;114
28;2025-12-01;23;14
28;2025-12-02;0;0
28;2025-12-02;1;0
28;2025-12-02;2;0
28;2025-12-02;3;0
28;2025-12-02;4;2
28;2025-12-02;5;77
28;2025-12-02;6;265
28;2025-12-02;7;834
28;2025-12-02;8;1319
28;2025-12-02;9;877
28;2025-12-02;10;679
28;2025-12-02;11;599
28;2025-12-02;12;747
28;2025-12-02;13;750
28;2025-12-02;14;726
28;2025-12-02;15;746
28;2025-12-02;16;893
28;2025-12-02;17;1077
28;2025-12-02;18;1020
28;2025-12-02;19;740
28;2025-12-02;20;507
28;2025-12-02;21;335
28;2025-12-02;22;129
28;2025-12-02;23;15
28;2025-12-03;0;0
28;2025-12-03;1;0
28;2025-12-03;2;0
28;2025-12-03;3;0
28;2025-12-03;4;1
28;2025-12-03;5;85
28;2025-12-03;6;271
28;2025-12-03;7;821
28;2025-12-03;8;1303
28;2025-12-03;9;881
28;2025-12-03;10;667
28;2025-12-03;11;605
28;2025-12-03;12;772
28;2025-12-03;13;774
28;2025-12-03;14;727
28;2025-12-03;15;757
28;2025-12-03;16;938
28;2025-12-03;17;1084
28;2025-12-03;18;1042
28;2025-12-03;19;750
28;2025-12-03;20;522
28;2025-12-03;21;340
28;2025-12-03;22;131
28;2025-12-03;23;16
28;2025-12-04;0;0
28;2025-12-04;1;0
28;2025-12-04;2;0
28;2025-12-04;3;0
28;2025-12-04;4;1
28;2025-12-04;5;83
28;2025-12-04;6;274
28;2025-12-04;7;846
28;2025-12-04;8;1313
28;2025-12-04;9;891
28;2025-12-04;10;674
28;2025-12-04;11;598
28;2025-12-04;12;763
28;2025-12-04;13;767
28;2025-12-04;14;736
28;2025-12-04;15;769
28;2025-12-04;16;930
28;2025-12-04;17;1103
28;2025-12-04;18;1070
28;2025-12-04;19;743
28;2025-12-04;20;533
28;2025-12-04;21;355
28;2025-12-04;22;137
28;2025-12-04;23;14
28;2025-12-05;0;0
28;2025-12-05;1;0
28;2025-12-05;2;0
28;2025-12-05;3;0
28;2025-12-05;4;1
28;2025-12-05;5;84
28;2025-12-05;6;271
28;2025-12-05;7;831
28;2025-12-05;8;1278
28;2025-12-05;9;865
28;2025-12-05;10;668
28;2025-12-05;11;608
28;2025-12-05;12;776
28;2025-12-05;13;780
28;2025-12-05;14;771
28;2025-12-05;15;815
28;2025-12-05;16;992
28;2025-12-05;17;1054
28;2025-12-05;18;897
28;2025-12-05;19;669
28;2025-12-05;20;485
28;2025-12-05;21;354
28;2025-12-05;22;138
28;2025-12-05;23;20
28;2025-12-06;0;5
28;2025-12-06;1;0
28;2025-12-06;2;0
28;2025-12-06;3;0
28;2025-12-06;4;1
28;2025-12-06;5;37
28;2025-12-06;6;102
28;2025-12-06;7;234
28;2025-12-06;8;398
28;2025-12-06;9;468
28;2025-12-06;10;489
28;2025-12-06;11;501
28;2025-12-06;12;594
28;2025-12-06;13;610
28;2025-12-06;14;580
28;2025-12-06;15;600
28;2025-12-06;16;570
28;2025-12-06;17;580
28;2025-12-06;18;506
28;2025-12-06;19;408
28;2025-12-06;20;308
28;2025-12-06;21;267
28;2025-12-06;22;125
28;2025-12-06;23;16
28;2025-12-07;0;0
28;2025-12-07;1;0
28;2025-12-07;2;0
28;2025-12-07;3;0
28;2025-12-07;4;0
28;2025-12-07;5;28
28;2025-12-07;6;78
28;2025-12-07;7;157
28;2025-12-07;8;266
28;2025-12-07;9;334
28;2025-12-07;10;378
28;2025-12-07;11;424
28;2025-12-07;12;458
28;2025-12-07;13;523
28;2025-12-07;14;525
28;2025-12-07;15;512
28;2025-12-07;16;488
28;2025-12-07;17;491
28;2025-12-07;18;425
28;2025-12-07;19;357
28;2025-12-07;20;277
28;2025-12-07;21;232
28;2025-12-07;22;101
28;2025-12-07;23;11
28;2025-12-08;0;0
28;2025-12-08;1;0
28;2025-12-08;2;0
28;2025-12-08;3;0
28;2025-12-08;4;2
28;2025-12-08;5;81
28;2025-12-08;6;270
28;2025-12-08;7;829
28;2025-12-08;8;1311
28;2025-12-08;9;887
28;2025-12-08;10;663
28;2025-12-08;11;580
28;2025-12-08;12;735
28;2025-12-08;13;731
28;2025-12-08;14;700
28;2025-12-08;15;725
28;2025-12-08;16;909
28;2025-12-08;17;1063
28;2025-12-08;18;1013
28;2025-12-08;19;732
28;2025-12-08;20;496
28;2025-12-08;21;321
28;2025-12-08;22;117
28;2025-12-08;23;14
28;2025-12-09;0;0
28;2025-12-09;1;0
28;2025-12-09;2;0
28;2025-12-09;3;0
28;2025-12-09;4;2
28;2025-12-09;5;80
28;2025-12-09;6;269
28;2025-12-09;7;851
28;2025-12-09;8;1341
28;2025-12-09;9;892
28;2025-12-09;10;691
28;2025-12-09;11;601
28;2025-12-09;12;744
28;2025-12-09;13;760
28;2025-12-09;14;732
28;2025-12-09;15;760
28;2025-12-09;16;907
28;2025-12-09;17;1085
28;2025-12-09;18;1029
28;2025-12-09;19;747
28;2025-12-09;20;511
28;2025-12-09;21;344
28;2025-12-09;22;136
28;2025-12-09;23;17
28;2025-12-10;0;0
28;2025-12-10;1;0
28;2025-12-10;2;0
28;2025-12-10;3;0
28;2025-12-10;4;1
28;2025-12-10;5;84
28;2025-12-10;6;272
28;2025-12-10;7;825
28;2025-12-10;8;1311
28;2025-12-10;9;892
28;2025-12-10;10;676
28;2025-12-10;11;608
28;2025-12-10;12;767
28;2025-12-10;13;778
28;2025-12-10;14;738
28;2025-12-10;15;760
28;2025-12-10;16;944
28;2025-12-10;17;1086
28;2025-12-10;18;1046
28;2025-12-10;19;755
28;2025-12-10;20;527
28;2025-12-10;21;346
28;2025-12-10;22;137
28;2025-12-10;23;17
28;2025-12-11;0;0
28;2025-12-11;1;0
28;2025-12-11;2;0
28;2025-12-11;3;0
28;2025-12-11;4;1
28;2025-12-11;5;85
28;2025-12-11;6;278
28;2025-12-11;7;851
28;2025-12-11;8;1317
28;2025-12-11;9;897
28;2025-12-11;10;678
28;2025-12-11;11;596
28;2025-12-11;12;751
28;2025-12-11;13;762
28;2025-12-11;14;729
28;2025-12-11;15;769
28;2025-12-11;16;925
28;2025-12-11;17;1090
28;2025-12-11;18;1051
28;2025-12-11;19;747
28;2025-12-11;20;522
28;2025-12-11;21;351
28;2025-12-11;22;140
28;2025-12-11;23;14
28;2025-12-12;0;0
28;2025-12-12;1;0
28;2025-12-12;2;0
28;2025-12-12;3;0
28;2025-12-12;4;2
28;2025-12-12;5;87
28;2025-12-12;6;274
28;2025-12-12;7;827
28;2025-12-12;8;1256
28;2025-12-12;9;861
28;2025-12-12;10;663
28;2025-12-12;11;591
28;2025-12-12;12;745
28;2025-12-12;13;749
28;2025-12-12;14;746
28;2025-12-12;15;780
28;2025-12-12;16;951
28;2025-12-12;17;1012
28;2025-12-12;18;876
28;2025-12-12;19;651
28;2025-12-12;20;470
28;2025-12-12;21;346
28;2025-12-12;22;139
28;2025-12-12;23;21
28;2025-12-13;0;4
28;2025-12-13;1;0
28;2025-12-13;2;0
28;2025-12-13;3;0
28;2025-12-13;4;2
28;2025-12-13;5;38
28;2025-12-13;6;102
28;2025-12-13;7;236
28;2025-12-13;8;400
28;2025-12-13;9;475
28;2025-12-13;10;498
28;2025-12-13;11;501
28;2025-12-13;12;588
28;2025-12-13;13;617
28;2025-12-13;14;588
28;2025-12-13;15;598
28;2025-12-13;16;570
28;2025-12-13;17;583
28;2025-12-13;18;512
28;2025-12-13;19;408
28;2025-12-13;20;304
28;2025-12-13;21;270
28;2025-12-13;22;131
28;2025-12-13;23;18
28;2025-12-14;0;0
28;2025-12-14;1;0
28;2025-12-14;2;0
28;2025-12-14;3;0
28;2025-12-14;4;0
28;2025-12-14;5;29
28;2025-12-14;6;79
28;2025-12-14;7;157
28;2025-12-14;8;264
28;2025-12-14;9;334
28;2025-12-14;10;379
28;2025-12-14;11;419
28;2025-12-14;12;453
28;2025-12-14;13;522
28;2025-12-14;14;523
28;2025-12-14;15;504
28;2025-12-14;16;481
28;2025-12-14;17;489
28;2025-12-14;18;427
28;2025-12-14;19;354
28;2025-12-14;20;275
28;2025-12-14;21;233
28;2025-12-14;22;102
28;2025-12-14;23;12
28;2025-12-15;0;0
28;2025-12-15;1;0
28;2025-12-15;2;0
28;2025-12-15;3;0
28;2025-12-15;4;1
28;2025-12-15;5;80
28;2025-12-15;6;267
28;2025-12-15;7;812
28;2025-12-15;8;1275
28;2025-12-15;9;874
28;2025-12-15;10;664
28;2025-12-15;11;577
28;2025-12-15;12;728
28;2025-12-15;13;724
28;2025-12-15;14;686
28;2025-12-15;15;707
28;2025-12-15;16;890
28;2025-12-15;17;1050
28;2025-12-15;18;998
28;2025-12-15;19;722
28;2025-12-15;20;491
28;2025-12-15;21;314
28;2025-12-15;22;119
28;2025-12-15;23;14
28;2025-12-16;0;0
28;2025-12-16;1;0
28;2025-12-16;2;0
28;2025-12-16;3;0
28;2025-12-16;4;2
28;2025-12-16;5;80
28;2025-12-16;6;272
28;2025-12-16;7;849
28;2025-12-16;8;1327
28;2025-12-16;9;889
28;2025-12-16;10;695
28;2025-12-16;11;605
28;2025-12-16;12;744
28;2025-12-16;13;760
28;2025-12-16;14;721
28;2025-12-16;15;748
28;2025-12-16;16;906
28;2025-12-16;17;1081
28;2025-12-16;18;1028
28;2025-12-16;19;751
28;2025-12-16;20;516
28;2025-12-16;21;344
28;2025-12-16;22;137
28;2025-12-16;23;17
28;2025-12-17;0;0
28;2025-12-17;1;0
28;2025-12-17;2;0
28;2025-12-17;3;0
28;2025-12-17;4;2
28;2025-12-17;5;84
28;2025-12-17;6;273
28;2025-12-17;7;825
28;2025-12-17;8;1300
28;2025-12-17;9;888
28;2025-12-17;10;669
28;2025-12-17;11;604
28;2025-12-17;12;757
28;2025-12-17;13;766
28;2025-12-17;14;732
28;2025-12-17;15;760
28;2025-12-17;16;937
28;2025-12-17;17;1079
28;2025-12-17;18;1034
28;2025-12-17;19;748
28;2025-12-17;20;521
28;2025-12-17;21;340
28;2025-12-17;22;136
28;2025-12-17;23;16
28;2025-12-18;0;0
28;2025-12-18;1;0
28;2025-12-18;2;0
28;2025-12-18;3;0
28;2025-12-18;4;1
28;2025-12-18;5;83
28;2025-12-18;6;277
28;2025-12-18;7;850
28;2025-12-18;8;1313
28;2025-12-18;9;898
28;2025-12-18;10;676
28;2025-12-18;11;597
28;2025-12-18;12;749
28;2025-12-18;13;761
28;2025-12-18;14;730
28;2025-12-18;15;768
28;2025-12-18;16;928
28;2025-12-18;17;1090
28;2025-12-18;18;1054
28;2025-12-18;19;749
28;2025-12-18;20;527
28;2025-12-18;21;352
28;2025-12-18;22;142
28;2025-12-18;23;16
28;2025-12-19;0;0
28;2025-12-19;1;0
28;2025-12-19;2;0
28;2025-12-19;3;0
28;2025-12-19;4;1
28;2025-12-19;5;86
28;2025-12-19;6;273
28;2025-12-19;7;824
28;2025-12-19;8;1258
28;2025-12-19;9;860
28;2025-12-19;10;664
28;2025-12-19;11;598
28;2025-12-19;12;755
28;2025-12-19;13;760
28;2025-12-19;14;748
28;2025-12-19;15;794
28;2025-12-19;16;970
28;2025-12-19;17;1031
28;2025-12-19;18;887
28;2025-12-19;19;661
28;2025-12-19;20;477
28;2025-12-19;21;345
28;2025-12-19;22;138
28;2025-12-19;23;18
28;2025-12-20;0;5
28;2025-12-20;1;0
28;2025-12-20;2;0
28;2025-12-20;3;0
28;2025-12-20;4;2
28;2025-12-20;5;37
28;2025-12-20;6;102
28;2025-12-20;7;232
28;2025-12-20;8;395
28;2025-12-20;9;467
28;2025-12-20;10;487
28;2025-12-20;11;496
28;2025-12-20;12;590
28;2025-12-20;13;609
28;2025-12-20;14;579
28;2025-12-20;15;596
28;2025-12-20;16;567
28;2025-12-20;17;574
28;2025-12-20;18;501
28;2025-12-20;19;403
28;2025-12-20;20;301
28;2025-12-20;21;269
28;2025-12-20;22;125
28;2025-12-20;23;16
28;2025-12-21;0;0
28;2025-12-21;1;0
28;2025-12-21;2;0
28;2025-12-21;3;0
28;2025-12-21;4;0
28;2025-12-21;5;30
28;2025-12-21;6;77
28;2025-12-21;7;154
28;2025-12-21;8;260
28;2025-12-21;9;330
28;2025-12-21;10;375
28;2025-12-21;11;419
28;2025-12-21;12;451
28;2025-12-21;13;517
28;2025-12-21;14;521
28;2025-12-21;15;505
28;2025-12-21;16;480
28;2025-12-21;17;481
28;2025-12-21;18;418
28;2025-12-21;19;353
28;2025-12-21;20;273
28;2025-12-21;21;231
28;2025-12-21;22;101
28;2025-12-21;23;12
28;2025-12-22;0;0
28;2025-12-22;1;0
28;2025-12-22;2;0
28;2025-12-22;3;0
28;2025-12-22;4;2
28;2025-12-22;5;85
28;2025-12-22;6;269
28;2025-12-22;7;822
28;2025-12-22;8;1275
28;2025-12-22;9;878
28;2025-12-22;10;650
28;2025-12-22;11;567
28;2025-12-22;12;711
28;2025-12-22;13;707
28;2025-12-22;14;675
28;2025-12-22;15;702
28;2025-12-22;16;891
28;2025-12-22;17;1041
28;2025-12-22;18;992
28;2025-12-22;19;716
28;2025-12-22;20;489
28;2025-12-22;21;317
28;2025-12-22;22;120
28;2025-12-22;23;14
28;2025-12-23;0;0
28;2025-12-23;1;0
28;2025-12-23;2;0
28;2025-12-23;3;0
28;2025-12-23;4;2
28;2025-12-23;5;79
28;2025-12-23;6;263
28;2025-12-23;7;809
28;2025-12-23;8;1250
28;2025-12-23;9;875
28;2025-12-23;10;697
28;2025-12-23;11;598
28;2025-12-23;12;726
28;2025-12-23;13;752
28;2025-12-23;14;731
28;2025-12-23;15;748
28;2025-12-23;16;878
28;2025-12-23;17;1073
28;2025-12-23;18;1000
28;2025-12-23;19;718
28;2025-12-23;20;502
28;2025-12-23;21;352
28;2025-12-23;22;152
28;2025-12-23;23;21
28;2025-12-24;0;0
28;2025-12-24;1;0
28;2025-12-24;2;0
28;2025-12-24;3;0
28;2025-12-24;4;2
28;2025-12-24;5;87
28;2025-12-24;6;277
28;2025-12-24;7;831
28;2025-12-24;8;1308
28;2025-12-24;9;893
28;2025-12-24;10;693
28;2025-12-24;11;607
28;2025-12-24;12;764
28;2025-12-24;13;789
28;2025-12-24;14;721
28;2025-12-24;15;753
28;2025-12-24;16;945
28;2025-12-24;17;1088
28;2025-12-24;18;1043
28;2025-12-24;19;757
28;2025-12-24;20;537
28;2025-12-24;21;355
28;2025-12-24;22;146
28;2025-12-24;23;20
28;2025-12-25;0;0
28;2025-12-25;1;0
28;2025-12-25;2;0
28;2025-12-25;3;0
28;2025-12-25;4;2
28;2025-12-25;5;86
28;2025-12-25;6;279
28;2025-12-25;7;853
28;2025-12-25;8;1309
28;2025-12-25;9;903
28;2025-12-25;10;678
28;2025-12-25;11;597
28;2025-12-25;12;744
28;2025-12-25;13;758
28;2025-12-25;14;721
28;2025-12-25;15;758
28;2025-12-25;16;920
28;2025-12-25;17;1080
28;2025-12-25;18;1036
28;2025-12-25;19;744
28;2025-12-25;20;520
28;2025-12-25;21;346
28;2025-12-25;22;146
28;2025-12-25;23;17
28;2025-12-26;0;0
28;2025-12-26;1;0
28;2025-12-26;2;0
28;2025-12-26;3;0
28;2025-12-26;4;1
28;2025-12-26;5;85
28;2025-12-26;6;269
28;2025-12-26;7;807
28;2025-12-26;8;1235
28;2025-12-26;9;846
28;2025-12-26;10;655
28;2025-12-26;11;581
28;2025-12-26;12;723
28;2025-12-26;13;743
28;2025-12-26;14;728
28;2025-12-26;15;774
28;2025-12-26;16;947
28;2025-12-26;17;1009
28;2025-12-26;18;859
28;2025-12-26;19;645
28;2025-12-26;20;466
28;2025-12-26;21;343
28;2025-12-26;22;145
28;2025-12-26;23;23
28;2025-12-27;0;4
28;2025-12-27;1;0
28;2025-12-27;2;0
28;2025-12-27;3;0
28;2025-12-27;4;2
28;2025-12-27;5;37
28;2025-12-27;6;101
28;2025-12-27;7;228
28;2025-12-27;8;390
28;2025-12-27;9;466
28;2025-12-27;10;482
28;2025-12-27;11;490
28;2025-12-27;12;577
28;2025-12-27;13;603
28;2025-12-27;14;578
28;2025-12-27;15;586
28;2025-12-27;16;555
28;2025-12-27;17;568
28;2025-12-27;18;496
28;2025-12-27;19;399
28;2025-12-27;20;298
28;2025-12-27;21;263
28;2025-12-27;22;124
28;2025-12-27;23;17
28;2025-12-28;0;0
28;2025-12-28;1;0
28;2025-12-28;2;0
28;2025-12-28;3;0
28;2025-12-28;4;0
28;2025-12-28;5;29
28;2025-12-28;6;76
28;2025-12-28;7;151
28;2025-12-28;8;256
28;2025-12-28;9;327
28;2025-12-28;10;370
28;2025-12-28;11;408
28;2025-12-28;12;441
28;2025-12-28;13;507
28;2025-12-28;14;509
28;2025-12-28;15;492
28;2025-12-28;16;469
28;2025-12-28;17;473
28;2025-12-28;18;411
28;2025-12-28;19;346
28;2025-12-28;20;267
28;2025-12-28;21;226
28;2025-12-28;22;99
28;2025-12-28;23;12
28;2025-12-29;0;0
28;2025-12-29;1;0
28;2025-12-29;2;0
28;2025-12-29;3;0
28;2025-12-29;4;2
28;2025-12-29;5;73
28;2025-12-29;6;239
28;2025-12-29;7;715
28;2025-12-29;8;1116
28;2025-12-29;9;768
28;2025-12-29;10;575
28;2025-12-29;11;500
28;2025-12-29;12;633
28;2025-12-29;13;633
28;2025-12-29;14;602
28;2025-12-29;15;626
28;2025-12-29;16;785
28;2025-12-29;17;913
28;2025-12-29;18;865
28;2025-12-29;19;636
28;2025-12-29;20;433
28;2025-12-29;21;279
28;2025-12-29;22;110
28;2025-12-29;23;16
28;2025-12-30;0;0
28;2025-12-30;1;0
28;2025-12-30;2;0
28;2025-12-30;3;0
28;2025-12-30;4;2
28;2025-12-30;5;73
28;2025-12-30;6;238
28;2025-12-30;7;738
28;2025-12-30;8;1140
28;2025-12-30;9;776
28;2025-12-30;10;602
28;2025-12-30;11;518
28;2025-12-30;12;640
28;2025-12-30;13;656
28;2025-12-30;14;626
28;2025-12-30;15;653
28;2025-12-30;16;783
28;2025-12-30;17;924
28;2025-12-30;18;863
28;2025-12-30;19;645
28;2025-12-30;20;449
28;2025-12-30;21;298
28;2025-12-30;22;127
28;2025-12-30;23;17
28;2025-12-31;0;0
28;2025-12-31;1;0
28;2025-12-31;2;0
28;2025-12-31;3;0
28;2025-12-31;4;0
28;2025-12-31;5;28
28;2025-12-31;6;73
28;2025-12-31;7;139
28;2025-12-31;8;236
28;2025-12-31;9;297
28;2025-12-31;10;329
28;2025-12-31;11;361
28;2025-12-31;12;388
28;2025-12-31;13;448
28;2025-12-31;14;442
28;2025-12-31;15;424
28;2025-12-31;16;411
28;2025-12-31;17;419
28;2025-12-31;18;379
28;2025-12-31;19;321
28;2025-12-31;20;0
28;2025-12-31;21;0
28;2025-12-31;22;0
28;2025-12-31;23;0
50;2025-11-01;0;58
50;2025-11-01;1;2
50;2025-11-01;2;0
50;2025-11-01;3;0
50;2025-11-01;4;3
50;2025-11-01;5;71
50;2025-11-01;6;440
50;2025-11-01;7;1423
50;2025-11-01;8;2268
50;2025-11-01;9;1824
50;2025-11-01;10;1444
50;2025-11-01;11;1343
50;2025-11-01;12;1296
50;2025-11-01;13;1323
50;2025-11-01;14;1304
50;2025-11-01;15;1478
50;2025-11-01;16;1585
50;2025-11-01;17;1963
50;2025-11-01;18;1869
50;2025-11-01;19;1172
50;2025-11-01;20;818
50;2025-11-01;21;567
50;2025-11-01;22;220
50;2025-11-01;23;153
50;2025-11-02;0;0
50;2025-11-02;1;0
50;2025-11-02;2;0
50;2025-11-02;3;0
50;2025-11-02;4;0
50;2025-11-02;5;0
50;2025-11-02;6;0
50;2025-11-02;7;0
50;2025-11-02;8;0
50;2025-11-02;9;0
50;2025-11-02;10;29
50;2025-11-02;11;20
50;2025-11-02;12;17
50;2025-11-02;13;32
50;2025-11-02;14;155
50;2025-11-02;15;144
50;2025-11-02;16;366
50;2025-11-02;17;263
50;2025-11-02;18;131
50;2025-11-02;19;68
50;2025-11-02;20;88
50;2025-11-02;21;61
50;2025-11-02;22;110
50;2025-11-02;23;11
50;2025-11-03;0;0
50;2025-11-03;1;0
50;2025-11-03;2;0
50;2025-11-03;3;0
50;2025-11-03;4;0
50;2025-11-03;5;0
50;2025-11-03;6;0
50;2025-11-03;7;0
50;2025-11-03;8;0
50;2025-11-03;9;0
50;2025-11-03;10;29
50;2025-11-03;11;19
50;2025-11-03;12;16
50;2025-11-03;13;32
50;2025-11-03;14;158
50;2025-11-03;15;149
50;2025-11-03;16;338
50;2025-11-03;17;267
50;2025-11-03;18;153
50;2025-11-03;19;79
50;2025-11-03;20;100
50;2025-11-03;21;72
50;2025-11-03;22;117
50;2025-11-03;23;9
50;2025-11-04;0;0
50;2025-11-04;1;0
50;2025-11-04;2;0
50;2025-11-04;3;0
50;2025-11-04;4;0
50;2025-11-04;5;0
50;2025-11-04;6;0
50;2025-11-04;7;0
50;2025-11-04;8;0
50;2025-11-04;9;0
50;2025-11-04;10;37
50;2025-11-04;11;19
50;2025-11-04;12;16
50;2025-11-04;13;33
50;2025-11-04;14;165
50;2025-11-04;15;156
50;2025-11-04;16;362
50;2025-11-04;17;269
50;2025-11-04;18;152
50;2025-11-04;19;77
50;2025-11-04;20;98
50;2025-11-04;21;68
50;2025-11-04;22;109
50;2025-11-04;23;9
50;2025-11-05;0;33
50;2025-11-05;1;3
50;2025-11-05;2;0
50;2025-11-05;3;0
50;2025-11-05;4;3
50;2025-11-05;5;90
50;2025-11-05;6;541
50;2025-11-05;7;1724
50;2025-11-05;8;2852
50;2025-11-05;9;2244
50;2025-11-05;10;1745
50;2025-11-05;11;1581
50;2025-11-05;12;1547
50;2025-11-05;13;1568
50;2025-11-05;14;1543
50;2025-11-05;15;1747
50;2025-11-05;16;1810
50;2025-11-05;17;2425
50;2025-11-05;18;2447
50;2025-11-05;19;1469
50;2025-11-05;20;940
50;2025-11-05;21;651
50;2025-11-05;22;260
50;2025-11-05;23;158
50;2025-11-06;0;38
50;2025-11-06;1;3
50;2025-11-06;2;0
50;2025-11-06;3;0
50;2025-11-06;4;3
50;2025-11-06;5;85
50;2025-11-06;6;553
50;2025-11-06;7;1763
50;2025-11-06;8;2853
50;2025-11-06;9;2252
50;2025-11-06;10;1772
50;2025-11-06;11;1597
50;2025-11-06;12;1568
50;2025-11-06;13;1594
50;2025-11-06;14;1551
50;2025-11-06;15;1775
50;2025-11-06;16;1823
50;2025-11-06;17;2438
50;2025-11-06;18;2516
50;2025-11-06;19;1497
50;2025-11-06;20;1007
50;2025-11-06;21;704
50;2025-11-06;22;274
50;2025-11-06;23;176
50;2025-11-07;0;43
50;2025-11-07;1;3
50;2025-11-07;2;0
50;2025-11-07;3;0
50;2025-11-07;4;3
50;2025-11-07;5;84
50;2025-11-07;6;558
50;2025-11-07;7;1763
50;2025-11-07;8;2832
50;2025-11-07;9;2198
50;2025-11-07;10;1702
50;2025-11-07;11;1598
50;2025-11-07;12;1598
50;2025-11-07;13;1647
50;2025-11-07;14;1599
50;2025-11-07;15;1907
50;2025-11-07;16;2121
50;2025-11-07;17;2325
50;2025-11-07;18;2007
50;2025-11-07;19;1312
50;2025-11-07;20;915
50;2025-11-07;21;626
50;2025-11-07;22;295
50;2025-11-07;23;195
50;2025-11-08;0;308
50;2025-11-08;1;26
50;2025-11-08;2;0
50;2025-11-08;3;0
50;2025-11-08;4;0
50;2025-11-08;5;12
50;2025-11-08;6;5
50;2025-11-08;7;7
50;2025-11-08;8;9
50;2025-11-08;9;10
50;2025-11-08;10;9
50;2025-11-08;11;31
50;2025-11-08;12;418
50;2025-11-08;13;296
50;2025-11-08;14;248
50;2025-11-08;15;473
50;2025-11-08;16;276
50;2025-11-08;17;133
50;2025-11-08;18;12
50;2025-11-08;19;0
50;2025-11-08;20;12
50;2025-11-08;21;0
50;2025-11-08;22;10
50;2025-11-08;23;0
50;2025-11-09;0;0
50;2025-11-09;1;0
50;2025-11-09;2;0
50;2025-11-09;3;0
50;2025-11-09;4;0
50;2025-11-09;5;0
50;2025-11-09;6;0
50;2025-11-09;7;0
50;2025-11-09;8;0
50;2025-11-09;9;0
50;2025-11-09;10;32
50;2025-11-09;11;20
50;2025-11-09;12;17
50;2025-11-09;13;32
50;2025-11-09;14;155
50;2025-11-09;15;140
50;2025-11-09;16;355
50;2025-11-09;17;243
50;2025-11-09;18;106
50;2025-11-09;19;66
50;2025-11-09;20;84
50;2025-11-09;21;61
50;2025-11-09;22;111
50;2025-11-09;23;11
50;2025-11-10;0;24
50;2025-11-10;1;4
50;2025-11-10;2;0
50;2025-11-10;3;0
50;2025-11-10;4;3
50;2025-11-10;5;76
50;2025-11-10;6;540
50;2025-11-10;7;1751
50;2025-11-10;8;2888
50;2025-11-10;9;2266
50;2025-11-10;10;1737
50;2025-11-10;11;1576
50;2025-11-10;12;1512
50;2025-11-10;13;1570
50;2025-11-10;14;1498
50;2025-11-10;15;1757
50;2025-11-10;16;1783
50;2025-11-10;17;2304
50;2025-11-10;18;2517
50;2025-11-10;19;1441
50;2025-11-10;20;937
50;2025-11-10;21;628
50;2025-11-10;22;242
50;2025-11-10;23;135
50;2025-11-11;0;30
50;2025-11-11;1;3
50;2025-11-11;2;0
50;2025-11-11;3;0
50;2025-11-11;4;3
50;2025-11-11;5;82
50;2025-11-11;6;556
50;2025-11-11;7;1786
50;2025-11-11;8;2927
50;2025-11-11;9;2273
50;2025-11-11;10;1781
50;2025-11-11;11;1593
50;2025-11-11;12;1560
50;2025-11-11;13;1593
50;2025-11-11;14;1515
50;2025-11-11;15;1767
50;2025-11-11;16;1796
50;2025-11-11;17;2491
50;2025-11-11;18;2528
50;2025-11-11;19;1465
50;2025-11-11;20;976
50;2025-11-11;21;646
50;2025-11-11;22;251
50;2025-11-11;23;148
50;2025-11-12;0;32
50;2025-11-12;1;2
50;2025-11-12;2;0
50;2025-11-12;3;0
50;2025-11-12;4;3
50;2025-11-12;5;85
50;2025-11-12;6;551
50;2025-11-12;7;1728
50;2025-11-12;8;2854
50;2025-11-12;9;2246
50;2025-11-12;10;1746
50;2025-11-12;11;1587
50;2025-11-12;12;1557
50;2025-11-12;13;1583
50;2025-11-12;14;1548
50;2025-11-12;15;1755
50;2025-11-12;16;1812
50;2025-11-12;17;2442
50;2025-11-12;18;2469
50;2025-11-12;19;1488
50;2025-11-12;20;947
50;2025-11-12;21;654
50;2025-11-12;22;260
50;2025-11-12;23;157
50;2025-11-13;0;37
50;2025-11-13;1;3
50;2025-11-13;2;0
50;2025-11-13;3;0
50;2025-11-13;4;3
50;2025-11-13;5;86
50;2025-11-13;6;543
50;2025-11-13;7;1737
50;2025-11-13;8;2842
50;2025-11-13;9;2240
50;2025-11-13;10;1762
50;2025-11-13;11;1590
50;2025-11-13;12;1589
50;2025-11-13;13;1594
50;2025-11-13;14;1555
50;2025-11-13;15;1775
50;2025-11-13;16;1824
50;2025-11-13;17;2433
50;2025-11-13;18;2489
50;2025-11-13;19;1467
50;2025-11-13;20;984
50;2025-11-13;21;691
50;2025-11-13;22;270
50;2025-11-13;23;168
50;2025-11-14;0;42
50;2025-11-14;1;3
50;2025-11-14;2;0
50;2025-11-14;3;0
50;2025-11-14;4;3
50;2025-11-14;5;83
50;2025-11-14;6;559
50;2025-11-14;7;1745
50;2025-11-14;8;2825
50;2025-11-14;9;2197
50;2025-11-14;10;1702
50;2025-11-14;11;1601
50;2025-11-14;12;1648
50;2025-11-14;13;1694
50;2025-11-14;14;1658
50;2025-11-14;15;1947
50;2025-11-14;16;2139
50;2025-11-14;17;2328
50;2025-11-14;18;2013
50;2025-11-14;19;1322
50;2025-11-14;20;917
50;2025-11-14;21;616
50;2025-11-14;22;282
50;2025-11-14;23;192
50;2025-11-15;0;94
50;2025-11-15;1;7
50;2025-11-15;2;0
50;2025-11-15;3;0
50;2025-11-15;4;3
50;2025-11-15;5;38
50;2025-11-15;6;185
50;2025-11-15;7;427
50;2025-11-15;8;680
50;2025-11-15;9;755
50;2025-11-15;10;715
50;2025-11-15;11;903
50;2025-11-15;12;948
50;2025-11-15;13;1005
50;2025-11-15;14;997
50;2025-11-15;15;948
50;2025-11-15;16;912
50;2025-11-15;17;842
50;2025-11-15;18;728
50;2025-11-15;19;681
50;2025-11-15;20;548
50;2025-11-15;21;425
50;2025-11-15;22;244
50;2025-11-15;23;150
50;2025-11-16;0;51
50;2025-11-16;1;10
50;2025-11-16;2;0
50;2025-11-16;3;0
50;2025-11-16;4;2
50;2025-11-16;5;28
50;2025-11-16;6;107
50;2025-11-16;7;201
50;2025-11-16;8;356
50;2025-11-16;9;479
50;2025-11-16;10;537
50;2025-11-16;11;626
50;2025-11-16;12;701
50;2025-11-16;13;813
50;2025-11-16;14;824
50;2025-11-16;15;716
50;2025-11-16;16;699
50;2025-11-16;17;747
50;2025-11-16;18;733
50;2025-11-16;19;668
50;2025-11-16;20;537
50;2025-11-16;21;444
50;2025-11-16;22;247
50;2025-11-16;23;129
50;2025-11-17;0;24
50;2025-11-17;1;4
50;2025-11-17;2;0
50;2025-11-17;3;0
50;2025-11-17;4;3
50;2025-11-17;5;75
50;2025-11-17;6;550
50;2025-11-17;7;1745
50;2025-11-17;8;2894
50;2025-11-17;9;2284
50;2025-11-17;10;1742
50;2025-11-17;11;1578
50;2025-11-17;12;1533
50;2025-11-17;13;1601
50;2025-11-17;14;1529
50;2025-11-17;15;1762
50;2025-11-17;16;1785
50;2025-11-17;17;2444
50;2025-11-17;18;2545
50;2025-11-17;19;1478
50;2025-11-17;20;948
50;2025-11-17;21;630
50;2025-11-17;22;244
50;2025-11-17;23;135
50;2025-11-18;0;31
50;2025-11-18;1;2
50;2025-11-18;2;0
50;2025-11-18;3;0
50;2025-11-18;4;3
50;2025-11-18;5;87
50;2025-11-18;6;564
50;2025-11-18;7;1756
50;2025-11-18;8;2889
50;2025-11-18;9;2230
50;2025-11-18;10;1745
50;2025-11-18;11;1554
50;2025-11-18;12;1552
50;2025-11-18;13;1602
50;2025-11-18;14;1564
50;2025-11-18;15;1779
50;2025-11-18;16;1785
50;2025-11-18;17;2460
50;2025-11-18;18;2473
50;2025-11-18;19;1463
50;2025-11-18;20;955
50;2025-11-18;21;642
50;2025-11-18;22;242
50;2025-11-18;23;146
50;2025-11-19;0;30
50;2025-11-19;1;4
50;2025-11-19;2;0
50;2025-11-19;3;0
50;2025-11-19;4;3
50;2025-11-19;5;85
50;2025-11-19;6;550
50;2025-11-19;7;1756
50;2025-11-19;8;2912
50;2025-11-19;9;2293
50;2025-11-19;10;1801
50;2025-11-19;11;1627
50;2025-11-19;12;1643
50;2025-11-19;13;1683
50;2025-11-19;14;1645
50;2025-11-19;15;1860
50;2025-11-19;16;1858
50;2025-11-19;17;2508
50;2025-11-19;18;2523
50;2025-11-19;19;1510
50;2025-11-19;20;944
50;2025-11-19;21;660
50;2025-11-19;22;255
50;2025-11-19;23;156
50;2025-11-20;0;36
50;2025-11-20;1;4
50;2025-11-20;2;0
50;2025-11-20;3;0
50;2025-11-20;4;3
50;2025-11-20;5;84
50;2025-11-20;6;549
50;2025-11-20;7;1757
50;2025-11-20;8;2892
50;2025-11-20;9;2268
50;2025-11-20;10;1794
50;2025-11-20;11;1622
50;2025-11-20;12;1632
50;2025-11-20;13;1648
50;2025-11-20;14;1605
50;2025-11-20;15;1834
50;2025-11-20;16;1853
50;2025-11-20;17;2474
50;2025-11-20;18;2531
50;2025-11-20;19;1473
50;2025-11-20;20;972
50;2025-11-20;21;683
50;2025-11-20;22;265
50;2025-11-20;23;165
50;2025-11-21;0;41
50;2025-11-21;1;4
50;2025-11-21;2;0
50;2025-11-21;3;0
50;2025-11-21;4;4
50;2025-11-21;5;81
50;2025-11-21;6;552
50;2025-11-21;7;1753
50;2025-11-21;8;2856
50;2025-11-21;9;2216
50;2025-11-21;10;1725
50;2025-11-21;11;1623
50;2025-11-21;12;1662
50;2025-11-21;13;1704
50;2025-11-21;14;1639
50;2025-11-21;15;1961
50;2025-11-21;16;2122
50;2025-11-21;17;2343
50;2025-11-21;18;2030
50;2025-11-21;19;1316
50;2025-11-21;20;902
50;2025-11-21;21;610
50;2025-11-21;22;281
50;2025-11-21;23;188
50;2025-11-22;0;80
50;2025-11-22;1;7
50;2025-11-22;2;0
50;2025-11-22;3;0
50;2025-11-22;4;3
50;2025-11-22;5;38
50;2025-11-22;6;186
50;2025-11-22;7;428
50;2025-11-22;8;681
50;2025-11-22;9;757
50;2025-11-22;10;716
50;2025-11-22;11;904
50;2025-11-22;12;950
50;2025-11-22;13;1007
50;2025-11-22;14;995
50;2025-11-22;15;944
50;2025-11-22;16;908
50;2025-11-22;17;844
50;2025-11-22;18;730
50;2025-11-22;19;682
50;2025-11-22;20;546
50;2025-11-22;21;425
50;2025-11-22;22;246
50;2025-11-22;23;150
50;2025-11-23;0;51
50;2025-11-23;1;9
50;2025-11-23;2;0
50;2025-11-23;3;0
50;2025-11-23;4;2
50;2025-11-23;5;28
50;2025-11-23;6;119
50;2025-11-23;7;237
50;2025-11-23;8;357
50;2025-11-23;9;481
50;2025-11-23;10;537
50;2025-11-23;11;626
50;2025-11-23;12;700
50;2025-11-23;13;812
50;2025-11-23;14;824
50;2025-11-23;15;715
50;2025-11-23;16;698
50;2025-11-23;17;745
50;2025-11-23;18;733
50;2025-11-23;19;670
50;2025-11-23;20;537
50;2025-11-23;21;444
50;2025-11-23;22;247
50;2025-11-23;23;128
50;2025-11-24;0;26
50;2025-11-24;1;4
50;2025-11-24;2;0
50;2025-11-24;3;0
50;2025-11-24;4;3
50;2025-11-24;5;76
50;2025-11-24;6;546
50;2025-11-24;7;1739
50;2025-11-24;8;2877
50;2025-11-24;9;2270
50;2025-11-24;10;1745
50;2025-11-24;11;1569
50;2025-11-24;12;1549
50;2025-11-24;13;1616
50;2025-11-24;14;1572
50;2025-11-24;15;1791
50;2025-11-24;16;1790
50;2025-11-24;17;2433
50;2025-11-24;18;2504
50;2025-11-24;19;1378
50;2025-11-24;20;936
50;2025-11-24;21;638
50;2025-11-24;22;237
50;2025-11-24;23;135
50;2025-11-25;0;31
50;2025-11-25;1;2
50;2025-11-25;2;0
50;2025-11-25;3;0
50;2025-11-25;4;3
50;2025-11-25;5;83
50;2025-11-25;6;562
50;2025-11-25;7;1793
50;2025-11-25;8;2957
50;2025-11-25;9;2300
50;2025-11-25;10;1813
50;2025-11-25;11;1620
50;2025-11-25;12;1654
50;2025-11-25;13;1687
50;2025-11-25;14;1617
50;2025-11-25;15;1861
50;2025-11-25;16;1848
50;2025-11-25;17;2535
50;2025-11-25;18;2563
50;2025-11-25;19;1487
50;2025-11-25;20;965
50;2025-11-25;21;642
50;2025-11-25;22;244
50;2025-11-25;23;145
50;2025-11-26;0;36
50;2025-11-26;1;2
50;2025-11-26;2;0
50;2025-11-26;3;0
50;2025-11-26;4;3
50;2025-11-26;5;85
50;2025-11-26;6;562
50;2025-11-26;7;1757
50;2025-11-26;8;2913
50;2025-11-26;9;2294
50;2025-11-26;10;1791
50;2025-11-26;11;1623
50;2025-11-26;12;1606
50;2025-11-26;13;1642
50;2025-11-26;14;1610
50;2025-11-26;15;1839
50;2025-11-26;16;1860
50;2025-11-26;17;2481
50;2025-11-26;18;2509
50;2025-11-26;19;1507
50;2025-11-26;20;944
50;2025-11-26;21;655
50;2025-11-26;22;265
50;2025-11-26;23;150
50;2025-11-27;0;39
50;2025-11-27;1;3
50;2025-11-27;2;0
50;2025-11-27;3;0
50;2025-11-27;4;3
50;2025-11-27;5;90
50;2025-11-27;6;573
50;2025-11-27;7;1772
50;2025-11-27;8;2889
50;2025-11-27;9;2259
50;2025-11-27;10;1779
50;2025-11-27;11;1626
50;2025-11-27;12;1613
50;2025-11-27;13;1660
50;2025-11-27;14;1626
50;2025-11-27;15;1846
50;2025-11-27;16;1878
50;2025-11-27;17;2454
50;2025-11-27;18;2542
50;2025-11-27;19;1504
50;2025-11-27;20;996
50;2025-11-27;21;687
50;2025-11-27;22;272
50;2025-11-27;23;168
50;2025-11-28;0;42
50;2025-11-28;1;3
50;2025-11-28;2;0
50;2025-11-28;3;0
50;2025-11-28;4;6
50;2025-11-28;5;86
50;2025-11-28;6;566
50;2025-11-28;7;1742
50;2025-11-28;8;2845
50;2025-11-28;9;2208
50;2025-11-28;10;1722
50;2025-11-28;11;1622
50;2025-11-28;12;1663
50;2025-11-28;13;1705
50;2025-11-28;14;1682
50;2025-11-28;15;1975
50;2025-11-28;16;2149
50;2025-11-28;17;2327
50;2025-11-28;18;2013
50;2025-11-28;19;1314
50;2025-11-28;20;889
50;2025-11-28;21;601
50;2025-11-28;22;283
50;2025-11-28;23;189
50;2025-11-29;0;81
50;2025-11-29;1;7
50;2025-11-29;2;0
50;2025-11-29;3;0
50;2025-11-29;4;3
50;2025-11-29;5;38
50;2025-11-29;6;185
50;2025-11-29;7;426
50;2025-11-29;8;679
50;2025-11-29;9;754
50;2025-11-29;10;714
50;2025-11-29;11;900
50;2025-11-29;12;949
50;2025-11-29;13;1005
50;2025-11-29;14;991
50;2025-11-29;15;942
50;2025-11-29;16;905
50;2025-11-29;17;840
50;2025-11-29;18;724
50;2025-11-29;19;678
50;2025-11-29;20;544
50;2025-11-29;21;422
50;2025-11-29;22;244
50;2025-11-29;23;149
50;2025-11-30;0;51
50;2025-11-30;1;8
50;2025-11-30;2;0
50;2025-11-30;3;0
50;2025-11-30;4;2
50;2025-11-30;5;28
50;2025-11-30;6;119
50;2025-11-30;7;236
50;2025-11-30;8;355
50;2025-11-30;9;478
50;2025-11-30;10;534
50;2025-11-30;11;624
50;2025-11-30;12;698
50;2025-11-30;13;808
50;2025-11-30;14;819
50;2025-11-30;15;714
50;2025-11-30;16;697
50;2025-11-30;17;746
50;2025-11-30;18;732
50;2025-11-30;19;667
50;2025-11-30;20;536
50;2025-11-30;21;446
50;2025-11-30;22;256
50;2025-11-30;23;129
50;2025-12-01;0;22
50;2025-12-01;1;4
50;2025-12-01;2;0
50;2025-12-01;3;0
50;2025-12-01;4;3
50;2025-12-01;5;75
50;2025-12-01;6;552
50;2025-12-01;7;1747
50;2025-12-01;8;2911
50;2025-12-01;9;2288
50;2025-12-01;10;1766
50;2025-12-01;11;1606
50;2025-12-01;12;1585
50;2025-12-01;13;1643
50;2025-12-01;14;1585
50;2025-12-01;15;1818
50;2025-12-01;16;1818
50;2025-12-01;17;2441
50;2025-12-01;18;2565
50;2025-12-01;19;1447
50;2025-12-01;20;917
50;2025-12-01;21;605
50;2025-12-01;22;228
50;2025-12-01;23;130
50;2025-12-02;0;28
50;2025-12-02;1;3
50;2025-12-02;2;0
50;2025-12-02;3;0
50;2025-12-02;4;3
50;2025-12-02;5;74
50;2025-12-02;6;558
50;2025-12-02;7;1772
50;2025-12-02;8;2922
50;2025-12-02;9;2269
50;2025-12-02;10;1792
50;2025-12-02;11;1610
50;2025-12-02;12;1614
50;2025-12-02;13;1644
50;2025-12-02;14;1573
50;2025-12-02;15;1806
50;2025-12-02;16;1814
50;2025-12-02;17;2495
50;2025-12-02;18;2538
50;2025-12-02;19;1463
50;2025-12-02;20;953
50;2025-12-02;21;624
50;2025-12-02;22;239
50;2025-12-02;23;140
50;2025-12-03;0;30
50;2025-12-03;1;3
50;2025-12-03;2;0
50;2025-12-03;3;0
50;2025-12-03;4;3
50;2025-12-03;5;81
50;2025-12-03;6;554
50;2025-12-03;7;1738
50;2025-12-03;8;2888
50;2025-12-03;9;2269
50;2025-12-03;10;1785
50;2025-12-03;11;1632
50;2025-12-03;12;1622
50;2025-12-03;13;1646
50;2025-12-03;14;1607
50;2025-12-03;15;1811
50;2025-12-03;16;1851
50;2025-12-03;17;2470
50;2025-12-03;18;2497
50;2025-12-03;19;1481
50;2025-12-03;20;920
50;2025-12-03;21;634
50;2025-12-03;22;255
50;2025-12-03;23;148
50;2025-12-04;0;33
50;2025-12-04;1;3
50;2025-12-04;2;0
50;2025-12-04;3;0
50;2025-12-04;4;3
50;2025-12-04;5;81
50;2025-12-04;6;554
50;2025-12-04;7;1754
50;2025-12-04;8;2870
50;2025-12-04;9;2265
50;2025-12-04;10;1797
50;2025-12-04;11;1630
50;2025-12-04;12;1648
50;2025-12-04;13;1659
50;2025-12-04;14;1619
50;2025-12-04;15;1832
50;2025-12-04;16;1857
50;2025-12-04;17;2463
50;2025-12-04;18;2539
50;2025-12-04;19;1490
50;2025-12-04;20;979
50;2025-12-04;21;678
50;2025-12-04;22;266
50;2025-12-04;23;166
50;2025-12-05;0;38
50;2025-12-05;1;3
50;2025-12-05;2;0
50;2025-12-05;3;0
50;2025-12-05;4;3
50;2025-12-05;5;76
50;2025-12-05;6;562
50;2025-12-05;7;1740
50;2025-12-05;8;2831
50;2025-12-05;9;2192
50;2025-12-05;10;1715
50;2025-12-05;11;1628
50;2025-12-05;12;1677
50;2025-12-05;13;1723
50;2025-12-05;14;1667
50;2025-12-05;15;1974
50;2025-12-05;16;2160
50;2025-12-05;17;2320
50;2025-12-05;18;2011
50;2025-12-05;19;1295
50;2025-12-05;20;877
50;2025-12-05;21;591
50;2025-12-05;22;281
50;2025-12-05;23;186
50;2025-12-06;0;89
50;2025-12-06;1;7
50;2025-12-06;2;0
50;2025-12-06;3;0
50;2025-12-06;4;3
50;2025-12-06;5;39
50;2025-12-06;6;189
50;2025-12-06;7;439
50;2025-12-06;8;701
50;2025-12-06;9;778
50;2025-12-06;10;738
50;2025-12-06;11;928
50;2025-12-06;12;982
50;2025-12-06;13;1041
50;2025-12-06;14;1025
50;2025-12-06;15;975
50;2025-12-06;16;937
50;2025-12-06;17;867
50;2025-12-06;18;749
50;2025-12-06;19;705
50;2025-12-06;20;564
50;2025-12-06;21;438
50;2025-12-06;22;251
50;2025-12-06;23;152
50;2025-12-07;0;55
50;2025-12-07;1;9
50;2025-12-07;2;0
50;2025-12-07;3;0
50;2025-12-07;4;2
50;2025-12-07;5;27
50;2025-12-07;6;123
50;2025-12-07;7;241
50;2025-12-07;8;365
50;2025-12-07;9;492
50;2025-12-07;10;553
50;2025-12-07;11;642
50;2025-12-07;12;716
50;2025-12-07;13;828
50;2025-12-07;14;840
50;2025-12-07;15;730
50;2025-12-07;16;715
50;2025-12-07;17;763
50;2025-12-07;18;747
50;2025-12-07;19;679
50;2025-12-07;20;549
50;2025-12-07;21;453
50;2025-12-07;22;257
50;2025-12-07;23;132
50;2025-12-08;0;25
50;2025-12-08;1;5
50;2025-12-08;2;0
50;2025-12-08;3;0
50;2025-12-08;4;3
50;2025-12-08;5;74
50;2025-12-08;6;550
50;2025-12-08;7;1737
50;2025-12-08;8;2890
50;2025-12-08;9;2266
50;2025-12-08;10;1754
50;2025-12-08;11;1601
50;2025-12-08;12;1578
50;2025-12-08;13;1639
50;2025-12-08;14;1571
50;2025-12-08;15;1805
50;2025-12-08;16;1817
50;2025-12-08;17;2433
50;2025-12-08;18;2543
50;2025-12-08;19;1434
50;2025-12-08;20;905
50;2025-12-08;21;603
50;2025-12-08;22;231
50;2025-12-08;23;130
50;2025-12-09;0;28
50;2025-12-09;1;3
50;2025-12-09;2;0
50;2025-12-09;3;0
50;2025-12-09;4;3
50;2025-12-09;5;78
50;2025-12-09;6;572
50;2025-12-09;7;1779
50;2025-12-09;8;2941
50;2025-12-09;9;2288
50;2025-12-09;10;1810
50;2025-12-09;11;1631
50;2025-12-09;12;1656
50;2025-12-09;13;1698
50;2025-12-09;14;1641
50;2025-12-09;15;1849
50;2025-12-09;16;1851
50;2025-12-09;17;2524
50;2025-12-09;18;2565
50;2025-12-09;19;1476
50;2025-12-09;20;943
50;2025-12-09;21;622
50;2025-12-09;22;235
50;2025-12-09;23;139
50;2025-12-10;0;28
50;2025-12-10;1;3
50;2025-12-10;2;0
50;2025-12-10;3;0
50;2025-12-10;4;3
50;2025-12-10;5;79
50;2025-12-10;6;563
50;2025-12-10;7;1759
50;2025-12-10;8;2909
50;2025-12-10;9;2298
50;2025-12-10;10;1811
50;2025-12-10;11;1652
50;2025-12-10;12;1650
50;2025-12-10;13;1687
50;2025-12-10;14;1650
50;2025-12-10;15;1844
50;2025-12-10;16;1873
50;2025-12-10;17;2504
50;2025-12-10;18;2525
50;2025-12-10;19;1515
50;2025-12-10;20;931
50;2025-12-10;21;646
50;2025-12-10;22;258
50;2025-12-10;23;156
50;2025-12-11;0;36
50;2025-12-11;1;3
50;2025-12-11;2;0
50;2025-12-11;3;0
50;2025-12-11;4;3
50;2025-12-11;5;84
50;2025-12-11;6;572
50;2025-12-11;7;1758
50;2025-12-11;8;2864
50;2025-12-11;9;2248
50;2025-12-11;10;1774
50;2025-12-11;11;1629
50;2025-12-11;12;1632
50;2025-12-11;13;1684
50;2025-12-11;14;1647
50;2025-12-11;15;1852
50;2025-12-11;16;1870
50;2025-12-11;17;2463
50;2025-12-11;18;2557
50;2025-12-11;19;1508
50;2025-12-11;20;977
50;2025-12-11;21;677
50;2025-12-11;22;267
50;2025-12-11;23;164
50;2025-12-12;0;41
50;2025-12-12;1;3
50;2025-12-12;2;0
50;2025-12-12;3;0
50;2025-12-12;4;5
50;2025-12-12;5;80
50;2025-12-12;6;563
50;2025-12-12;7;1726
50;2025-12-12;8;2820
50;2025-12-12;9;2184
50;2025-12-12;10;1712
50;2025-12-12;11;1610
50;2025-12-12;12;1679
50;2025-12-12;13;1762
50;2025-12-12;14;1699
50;2025-12-12;15;2011
50;2025-12-12;16;2158
50;2025-12-12;17;2297
50;2025-12-12;18;1990
50;2025-12-12;19;1270
50;2025-12-12;20;857
50;2025-12-12;21;584
50;2025-12-12;22;272
50;2025-12-12;23;182
50;2025-12-13;0;86
50;2025-12-13;1;7
50;2025-12-13;2;0
50;2025-12-13;3;0
50;2025-12-13;4;3
50;2025-12-13;5;38
50;2025-12-13;6;190
50;2025-12-13;7;438
50;2025-12-13;8;700
50;2025-12-13;9;776
50;2025-12-13;10;736
50;2025-12-13;11;926
50;2025-12-13;12;980
50;2025-12-13;13;1040
50;2025-12-13;14;1024
50;2025-12-13;15;973
50;2025-12-13;16;935
50;2025-12-13;17;865
50;2025-12-13;18;747
50;2025-12-13;19;701
50;2025-12-13;20;561
50;2025-12-13;21;437
50;2025-12-13;22;249
50;2025-12-13;23;152
50;2025-12-14;0;55
50;2025-12-14;1;9
50;2025-12-14;2;0
50;2025-12-14;3;0
50;2025-12-14;4;2
50;2025-12-14;5;26
50;2025-12-14;6;123
50;2025-12-14;7;241
50;2025-12-14;8;364
50;2025-12-14;9;492
50;2025-12-14;10;553
50;2025-12-14;11;644
50;2025-12-14;12;715
50;2025-12-14;13;828
50;2025-12-14;14;839
50;2025-12-14;15;731
50;2025-12-14;16;714
50;2025-12-14;17;761
50;2025-12-14;18;746
50;2025-12-14;19;678
50;2025-12-14;20;548
50;2025-12-14;21;452
50;2025-12-14;22;256
50;2025-12-14;23;131
50;2025-12-15;0;25
50;2025-12-15;1;4
50;2025-12-15;2;0
50;2025-12-15;3;0
50;2025-12-15;4;3
50;2025-12-15;5;72
50;2025-12-15;6;553
50;2025-12-15;7;1742
50;2025-12-15;8;2890
50;2025-12-15;9;2273
50;2025-12-15;10;1763
50;2025-12-15;11;1621
50;2025-12-15;12;1571
50;2025-12-15;13;1636
50;2025-12-15;14;1558
50;2025-12-15;15;1810
50;2025-12-15;16;1793
50;2025-12-15;17;2446
50;2025-12-15;18;2556
50;2025-12-15;19;1449
50;2025-12-15;20;908
50;2025-12-15;21;609
50;2025-12-15;22;230
50;2025-12-15;23;128
50;2025-12-16;0;28
50;2025-12-16;1;3
50;2025-12-16;2;0
50;2025-12-16;3;0
50;2025-12-16;4;3
50;2025-12-16;5;76
50;2025-12-16;6;581
50;2025-12-16;7;1793
50;2025-12-16;8;2949
50;2025-12-16;9;2310
50;2025-12-16;10;1822
50;2025-12-16;11;1653
50;2025-12-16;12;1638
50;2025-12-16;13;1682
50;2025-12-16;14;1607
50;2025-12-16;15;1817
50;2025-12-16;16;1859
50;2025-12-16;17;2550
50;2025-12-16;18;2589
50;2025-12-16;19;1502
50;2025-12-16;20;959
50;2025-12-16;21;632
50;2025-12-16;22;245
50;2025-12-16;23;141
50;2025-12-17;0;29
50;2025-12-17;1;3
50;2025-12-17;2;0
50;2025-12-17;3;0
50;2025-12-17;4;3
50;2025-12-17;5;81
50;2025-12-17;6;561
50;2025-12-17;7;1749
50;2025-12-17;8;2873
50;2025-12-17;9;2250
50;2025-12-17;10;1787
50;2025-12-17;11;1642
50;2025-12-17;12;1628
50;2025-12-17;13;1672
50;2025-12-17;14;1627
50;2025-12-17;15;1827
50;2025-12-17;16;1854
50;2025-12-17;17;2477
50;2025-12-17;18;2504
50;2025-12-17;19;1492
50;2025-12-17;20;909
50;2025-12-17;21;636
50;2025-12-17;22;256
50;2025-12-17;23;154
50;2025-12-18;0;34
50;2025-12-18;1;3
50;2025-12-18;2;0
50;2025-12-18;3;0
50;2025-12-18;4;3
50;2025-12-18;5;81
50;2025-12-18;6;566
50;2025-12-18;7;1756
50;2025-12-18;8;2851
50;2025-12-18;9;2247
50;2025-12-18;10;1794
50;2025-12-18;11;1644
50;2025-12-18;12;1640
50;2025-12-18;13;1674
50;2025-12-18;14;1622
50;2025-12-18;15;1840
50;2025-12-18;16;1860
50;2025-12-18;17;2464
50;2025-12-18;18;2550
50;2025-12-18;19;1494
50;2025-12-18;20;964
50;2025-12-18;21;675
50;2025-12-18;22;268
50;2025-12-18;23;168
50;2025-12-19;0;41
50;2025-12-19;1;3
50;2025-12-19;2;0
50;2025-12-19;3;0
50;2025-12-19;4;6
50;2025-12-19;5;78
50;2025-12-19;6;567
50;2025-12-19;7;1738
50;2025-12-19;8;2814
50;2025-12-19;9;2181
50;2025-12-19;10;1710
50;2025-12-19;11;1628
50;2025-12-19;12;1655
50;2025-12-19;13;1708
50;2025-12-19;14;1647
50;2025-12-19;15;1970
50;2025-12-19;16;2132
50;2025-12-19;17;2313
50;2025-12-19;18;2015
50;2025-12-19;19;1291
50;2025-12-19;20;865
50;2025-12-19;21;588
50;2025-12-19;22;277
50;2025-12-19;23;183
50;2025-12-20;0;85
50;2025-12-20;1;7
50;2025-12-20;2;0
50;2025-12-20;3;0
50;2025-12-20;4;3
50;2025-12-20;5;38
50;2025-12-20;6;189
50;2025-12-20;7;438
50;2025-12-20;8;698
50;2025-12-20;9;776
50;2025-12-20;10;736
50;2025-12-20;11;926
50;2025-12-20;12;981
50;2025-12-20;13;1041
50;2025-12-20;14;1025
50;2025-12-20;15;975
50;2025-12-20;16;937
50;2025-12-20;17;864
50;2025-12-20;18;747
50;2025-12-20;19;701
50;2025-12-20;20;562
50;2025-12-20;21;437
50;2025-12-20;22;249
50;2025-12-20;23;152
50;2025-12-21;0;55
50;2025-12-21;1;9
50;2025-12-21;2;0
50;2025-12-21;3;0
50;2025-12-21;4;2
50;2025-12-21;5;26
50;2025-12-21;6;123
50;2025-12-21;7;242
50;2025-12-21;8;364
50;2025-12-21;9;492
50;2025-12-21;10;553
50;2025-12-21;11;644
50;2025-12-21;12;716
50;2025-12-21;13;828
50;2025-12-21;14;840
50;2025-12-21;15;730
50;2025-12-21;16;714
50;2025-12-21;17;762
50;2025-12-21;18;746
50;2025-12-21;19;678
50;2025-12-21;20;548
50;2025-12-21;21;452
50;2025-12-21;22;255
50;2025-12-21;23;131
50;2025-12-22;0;24
50;2025-12-22;1;3
50;2025-12-22;2;0
50;2025-12-22;3;0
50;2025-12-22;4;3
50;2025-12-22;5;70
50;2025-12-22;6;551
50;2025-12-22;7;1721
50;2025-12-22;8;2836
50;2025-12-22;9;2230
50;2025-12-22;10;1733
50;2025-12-22;11;1588
50;2025-12-22;12;1545
50;2025-12-22;13;1620
50;2025-12-22;14;1556
50;2025-12-22;15;1795
50;2025-12-22;16;1800
50;2025-12-22;17;2411
50;2025-12-22;18;2505
50;2025-12-22;19;1415
50;2025-12-22;20;885
50;2025-12-22;21;594
50;2025-12-22;22;228
50;2025-12-22;23;128
50;2025-12-23;0;28
50;2025-12-23;1;3
50;2025-12-23;2;0
50;2025-12-23;3;0
50;2025-12-23;4;3
50;2025-12-23;5;70
50;2025-12-23;6;579
50;2025-12-23;7;1744
50;2025-12-23;8;2832
50;2025-12-23;9;2206
50;2025-12-23;10;1762
50;2025-12-23;11;1607
50;2025-12-23;12;1612
50;2025-12-23;13;1663
50;2025-12-23;14;1590
50;2025-12-23;15;1841
50;2025-12-23;16;1797
50;2025-12-23;17;2471
50;2025-12-23;18;2553
50;2025-12-23;19;1440
50;2025-12-23;20;914
50;2025-12-23;21;601
50;2025-12-23;22;238
50;2025-12-23;23;137
50;2025-12-24;0;30
50;2025-12-24;1;4
50;2025-12-24;2;0
50;2025-12-24;3;0
50;2025-12-24;4;3
50;2025-12-24;5;72
50;2025-12-24;6;567
50;2025-12-24;7;1745
50;2025-12-24;8;2888
50;2025-12-24;9;2292
50;2025-12-24;10;1807
50;2025-12-24;11;1679
50;2025-12-24;12;1640
50;2025-12-24;13;1675
50;2025-12-24;14;1643
50;2025-12-24;15;1837
50;2025-12-24;16;1870
50;2025-12-24;17;2522
50;2025-12-24;18;2534
50;2025-12-24;19;1530
50;2025-12-24;20;936
50;2025-12-24;21;650
50;2025-12-24;22;263
50;2025-12-24;23;148
50;2025-12-25;0;37
50;2025-12-25;1;3
50;2025-12-25;2;0
50;2025-12-25;3;0
50;2025-12-25;4;3
50;2025-12-25;5;78
50;2025-12-25;6;573
50;2025-12-25;7;1755
50;2025-12-25;8;2850
50;2025-12-25;9;2239
50;2025-12-25;10;1789
50;2025-12-25;11;1653
50;2025-12-25;12;1625
50;2025-12-25;13;1674
50;2025-12-25;14;1630
50;2025-12-25;15;1851
50;2025-12-25;16;1867
50;2025-12-25;17;2465
50;2025-12-25;18;2521
50;2025-12-25;19;1471
50;2025-12-25;20;945
50;2025-12-25;21;668
50;2025-12-25;22;266
50;2025-12-25;23;159
50;2025-12-26;0;43
50;2025-12-26;1;4
50;2025-12-26;2;0
50;2025-12-26;3;0
50;2025-12-26;4;4
50;2025-12-26;5;79
50;2025-12-26;6;573
50;2025-12-26;7;1726
50;2025-12-26;8;2762
50;2025-12-26;9;2153
50;2025-12-26;10;1686
50;2025-12-26;11;1603
50;2025-12-26;12;1618
50;2025-12-26;13;1692
50;2025-12-26;14;1666
50;2025-12-26;15;1944
50;2025-12-26;16;2113
50;2025-12-26;17;2279
50;2025-12-26;18;1983
50;2025-12-26;19;1298
50;2025-12-26;20;857
50;2025-12-26;21;589
50;2025-12-26;22;279
50;2025-12-26;23;188
50;2025-12-27;0;86
50;2025-12-27;1;7
50;2025-12-27;2;0
50;2025-12-27;3;0
50;2025-12-27;4;3
50;2025-12-27;5;38
50;2025-12-27;6;188
50;2025-12-27;7;437
50;2025-12-27;8;698
50;2025-12-27;9;775
50;2025-12-27;10;734
50;2025-12-27;11;923
50;2025-12-27;12;981
50;2025-12-27;13;1040
50;2025-12-27;14;1023
50;2025-12-27;15;974
50;2025-12-27;16;935
50;2025-12-27;17;863
50;2025-12-27;18;745
50;2025-12-27;19;698
50;2025-12-27;20;560
50;2025-12-27;21;436
50;2025-12-27;22;249
50;2025-12-27;23;152
50;2025-12-28;0;55
50;2025-12-28;1;9
50;2025-12-28;2;0
50;2025-12-28;3;0
50;2025-12-28;4;2
50;2025-12-28;5;25
50;2025-12-28;6;122
50;2025-12-28;7;239
50;2025-12-28;8;359
50;2025-12-28;9;441
50;2025-12-28;10;394
50;2025-12-28;11;635
50;2025-12-28;12;715
50;2025-12-28;13;828
50;2025-12-28;14;839
50;2025-12-28;15;729
50;2025-12-28;16;714
50;2025-12-28;17;762
50;2025-12-28;18;747
50;2025-12-28;19;679
50;2025-12-28;20;549
50;2025-12-28;21;452
50;2025-12-28;22;255
50;2025-12-28;23;131
50;2025-12-29;0;32
50;2025-12-29;1;2
50;2025-12-29;2;0
50;2025-12-29;3;0
50;2025-12-29;4;3
50;2025-12-29;5;71
50;2025-12-29;6;506
50;2025-12-29;7;1545
50;2025-12-29;8;2529
50;2025-12-29;9;1980
50;2025-12-29;10;1540
50;2025-12-29;11;1430
50;2025-12-29;12;1380
50;2025-12-29;13;1447
50;2025-12-29;14;1390
50;2025-12-29;15;1643
50;2025-12-29;16;1628
50;2025-12-29;17;2152
50;2025-12-29;18;2259
50;2025-12-29;19;1295
50;2025-12-29;20;810
50;2025-12-29;21;544
50;2025-12-29;22;226
50;2025-12-29;23;121
50;2025-12-30;0;38
50;2025-12-30;1;2
50;2025-12-30;2;0
50;2025-12-30;3;0
50;2025-12-30;4;3
50;2025-12-30;5;74
50;2025-12-30;6;529
50;2025-12-30;7;1582
50;2025-12-30;8;2558
50;2025-12-30;9;1982
50;2025-12-30;10;1579
50;2025-12-30;11;1453
50;2025-12-30;12;1424
50;2025-12-30;13;1481
50;2025-12-30;14;1431
50;2025-12-30;15;1669
50;2025-12-30;16;1669
50;2025-12-30;17;2219
50;2025-12-30;18;2242
50;2025-12-30;19;1317
50;2025-12-30;20;843
50;2025-12-30;21;558
50;2025-12-30;22;233
50;2025-12-30;23;130
50;2025-12-31;0;45
50;2025-12-31;1;7
50;2025-12-31;2;0
50;2025-12-31;3;0
50;2025-12-31;4;2
50;2025-12-31;5;24
50;2025-12-31;6;111
50;2025-12-31;7;214
50;2025-12-31;8;318
50;2025-12-31;9;423
50;2025-12-31;10;469
50;2025-12-31;11;557
50;2025-12-31;12;605
50;2025-12-31;13;688
50;2025-12-31;14;699
50;2025-12-31;15;609
50;2025-12-31;16;611
50;2025-12-31;17;655
50;2025-12-31;18;717
50;2025-12-31;19;631
50;2025-12-31;20;0
50;2025-12-31;21;0
50;2025-12-31;22;0
50;2025-12-31;23;0
