route;date;hour;prediction
1;2025-11-01;0;3
1;2025-11-01;1;0
1;2025-11-01;2;0
1;2025-11-01;3;0
1;2025-11-01;4;8
1;2025-11-01;5;108
1;2025-11-01;6;435
1;2025-11-01;7;1332
1;2025-11-01;8;1695
1;2025-11-01;9;1274
1;2025-11-01;10;1181
1;2025-11-01;11;1193
1;2025-11-01;12;1242
1;2025-11-01;13;1288
1;2025-11-01;14;1241
1;2025-11-01;15;1334
1;2025-11-01;16;1375
1;2025-11-01;17;1596
1;2025-11-01;18;1564
1;2025-11-01;19;1176
1;2025-11-01;20;766
1;2025-11-01;21;407
1;2025-11-01;22;157
1;2025-11-01;23;31
1;2025-11-02;0;0
1;2025-11-02;1;0
1;2025-11-02;2;0
1;2025-11-02;3;0
1;2025-11-02;4;0
1;2025-11-02;5;23
1;2025-11-02;6;118
1;2025-11-02;7;274
1;2025-11-02;8;372
1;2025-11-02;9;622
1;2025-11-02;10;714
1;2025-11-02;11;750
1;2025-11-02;12;840
1;2025-11-02;13;883
1;2025-11-02;14;835
1;2025-11-02;15;754
1;2025-11-02;16;680
1;2025-11-02;17;627
1;2025-11-02;18;551
1;2025-11-02;19;471
1;2025-11-02;20;346
1;2025-11-02;21;269
1;2025-11-02;22;99
1;2025-11-02;23;26
1;2025-11-03;0;0
1;2025-11-03;1;0
1;2025-11-03;2;0
1;2025-11-03;3;0
1;2025-11-03;4;0
1;2025-11-03;5;22
1;2025-11-03;6;116
1;2025-11-03;7;266
1;2025-11-03;8;358
1;2025-11-03;9;589
1;2025-11-03;10;673
1;2025-11-03;11;706
1;2025-11-03;12;801
1;2025-11-03;13;833
1;2025-11-03;14;790
1;2025-11-03;15;709
1;2025-11-03;16;641
1;2025-11-03;17;599
1;2025-11-03;18;546
1;2025-11-03;19;468
1;2025-11-03;20;341
1;2025-11-03;21;261
1;2025-11-03;22;95
1;2025-11-03;23;25
1;2025-11-04;0;0
1;2025-11-04;1;0
1;2025-11-04;2;0
1;2025-11-04;3;0
1;2025-11-04;4;0
1;2025-11-04;5;22
1;2025-11-04;6;114
1;2025-11-04;7;262
1;2025-11-04;8;344
1;2025-11-04;9;583
1;2025-11-04;10;665
1;2025-11-04;11;696
1;2025-11-04;12;789
1;2025-11-04;13;820
1;2025-11-04;14;772
1;2025-11-04;15;684
1;2025-11-04;16;622
1;2025-11-04;17;578
1;2025-11-04;18;518
1;2025-11-04;19;451
1;2025-11-04;20;331
1;2025-11-04;21;257
1;2025-11-04;22;95
1;2025-11-04;23;26
1;2025-11-05;0;4
1;2025-11-05;1;0
1;2025-11-05;2;0
1;2025-11-05;3;0
1;2025-11-05;4;9
1;2025-11-05;5;129
1;2025-11-05;6;519
1;2025-11-05;7;1537
1;2025-11-05;8;1990
1;2025-11-05;9;1478
1;2025-11-05;10;1358
1;2025-11-05;11;1380
1;2025-11-05;12;1430
1;2025-11-05;13;1501
1;2025-11-05;14;1429
1;2025-11-05;15;1545
1;2025-11-05;16;1574
1;2025-11-05;17;1848
1;2025-11-05;18;1852
1;2025-11-05;19;1394
1;2025-11-05;20;902
1;2025-11-05;21;484
1;2025-11-05;22;190
1;2025-11-05;23;38
1;2025-11-06;0;4
1;2025-11-06;1;0
1;2025-11-06;2;0
1;2025-11-06;3;0
1;2025-11-06;4;8
1;2025-11-06;5;124
1;2025-11-06;6;509
1;2025-11-06;7;1546
1;2025-11-06;8;1996
1;2025-11-06;9;1484
1;2025-11-06;10;1383
1;2025-11-06;11;1381
1;2025-11-06;12;1449
1;2025-11-06;13;1491
1;2025-11-06;14;1439
1;2025-11-06;15;1542
1;2025-11-06;16;1592
1;2025-11-06;17;1848
1;2025-11-06;18;1863
1;2025-11-06;19;1379
1;2025-11-06;20;902
1;2025-11-06;21;485
1;2025-11-06;22;184
1;2025-11-06;23;40
1;2025-11-07;0;4
1;2025-11-07;1;0
1;2025-11-07;2;0
1;2025-11-07;3;0
1;2025-11-07;4;8
1;2025-11-07;5;132
1;2025-11-07;6;509
1;2025-11-07;7;1544
1;2025-11-07;8;1938
1;2025-11-07;9;1470
1;2025-11-07;10;1359
1;2025-11-07;11;1401
1;2025-11-07;12;1434
1;2025-11-07;13;1491
1;2025-11-07;14;1445
1;2025-11-07;15;1565
1;2025-11-07;16;1634
1;2025-11-07;17;1850
1;2025-11-07;18;1705
1;2025-11-07;19;1297
1;2025-11-07;20;859
1;2025-11-07;21;494
1;2025-11-07;22;199
1;2025-11-07;23;47
1;2025-11-08;0;4
1;2025-11-08;1;0
1;2025-11-08;2;0
1;2025-11-08;3;0
1;2025-11-08;4;0
1;2025-11-08;5;31
1;2025-11-08;6;162
1;2025-11-08;7;371
1;2025-11-08;8;512
1;2025-11-08;9;771
1;2025-11-08;10;934
1;2025-11-08;11;925
1;2025-11-08;12;1091
1;2025-11-08;13;1159
1;2025-11-08;14;1064
1;2025-11-08;15;945
1;2025-11-08;16;817
1;2025-11-08;17;761
1;2025-11-08;18;650
1;2025-11-08;19;574
1;2025-11-08;20;445
1;2025-11-08;21;311
1;2025-11-08;22;121
1;2025-11-08;23;27
1;2025-11-09;0;0
1;2025-11-09;1;0
1;2025-11-09;2;0
1;2025-11-09;3;0
1;2025-11-09;4;0
1;2025-11-09;5;23
1;2025-11-09;6;119
1;2025-11-09;7;275
1;2025-11-09;8;369
1;2025-11-09;9;620
1;2025-11-09;10;712
1;2025-11-09;11;752
1;2025-11-09;12;845
1;2025-11-09;13;886
1;2025-11-09;14;834
1;2025-11-09;15;750
1;2025-11-09;16;674
1;2025-11-09;17;622
1;2025-11-09;18;547
1;2025-11-09;19;471
1;2025-11-09;20;349
1;2025-11-09;21;272
1;2025-11-09;22;101
1;2025-11-09;23;26
1;2025-11-10;0;2
1;2025-11-10;1;0
1;2025-11-10;2;0
1;2025-11-10;3;0
1;2025-11-10;4;9
1;2025-11-10;5;130
1;2025-11-10;6;520
1;2025-11-10;7;1563
1;2025-11-10;8;1994
1;2025-11-10;9;1468
1;2025-11-10;10;1348
1;2025-11-10;11;1370
1;2025-11-10;12;1438
1;2025-11-10;13;1489
1;2025-11-10;14;1453
1;2025-11-10;15;1560
1;2025-11-10;16;1607
1;2025-11-10;17;1892
1;2025-11-10;18;1908
1;2025-11-10;19;1422
1;2025-11-10;20;911
1;2025-11-10;21;481
1;2025-11-10;22;173
1;2025-11-10;23;36
1;2025-11-11;0;4
1;2025-11-11;1;0
1;2025-11-11;2;0
1;2025-11-11;3;0
1;2025-11-11;4;10
1;2025-11-11;5;128
1;2025-11-11;6;527
1;2025-11-11;7;1592
1;2025-11-11;8;2011
1;2025-11-11;9;1521
1;2025-11-11;10;1403
1;2025-11-11;11;1414
1;2025-11-11;12;1470
1;2025-11-11;13;1518
1;2025-11-11;14;1454
1;2025-11-11;15;1551
1;2025-11-11;16;1597
1;2025-11-11;17;1881
1;2025-11-11;18;1883
1;2025-11-11;19;1428
1;2025-11-11;20;916
1;2025-11-11;21;494
1;2025-11-11;22;187
1;2025-11-11;23;42
1;2025-11-12;0;4
1;2025-11-12;1;0
1;2025-11-12;2;0
1;2025-11-12;3;0
1;2025-11-12;4;9
1;2025-11-12;5;130
1;2025-11-12;6;526
1;2025-11-12;7;1550
1;2025-11-12;8;2000
1;2025-11-12;9;1493
1;2025-11-12;10;1371
1;2025-11-12;11;1396
1;2025-11-12;12;1443
1;2025-11-12;13;1515
1;2025-11-12;14;1441
1;2025-11-12;15;1559
1;2025-11-12;16;1588
1;2025-11-12;17;1860
1;2025-11-12;18;1861
1;2025-11-12;19;1400
1;2025-11-12;20;908
1;2025-11-12;21;490
1;2025-11-12;22;192
1;2025-11-12;23;39
1;2025-11-13;0;4
1;2025-11-13;1;0
1;2025-11-13;2;0
1;2025-11-13;3;0
1;2025-11-13;4;8
1;2025-11-13;5;126
1;2025-11-13;6;516
1;2025-11-13;7;1564
1;2025-11-13;8;2015
1;2025-11-13;9;1502
1;2025-11-13;10;1399
1;2025-11-13;11;1405
1;2025-11-13;12;1476
1;2025-11-13;13;1518
1;2025-11-13;14;1462
1;2025-11-13;15;1569
1;2025-11-13;16;1617
1;2025-11-13;17;1874
1;2025-11-13;18;1889
1;2025-11-13;19;1393
1;2025-11-13;20;916
1;2025-11-13;21;497
1;2025-11-13;22;189
1;2025-11-13;23;40
1;2025-11-14;0;4
1;2025-11-14;1;0
1;2025-11-14;2;0
1;2025-11-14;3;0
1;2025-11-14;4;8
1;2025-11-14;5;133
1;2025-11-14;6;515
1;2025-11-14;7;1555
1;2025-11-14;8;1947
1;2025-11-14;9;1483
1;2025-11-14;10;1371
1;2025-11-14;11;1421
1;2025-11-14;12;1452
1;2025-11-14;13;1509
1;2025-11-14;14;1461
1;2025-11-14;15;1583
1;2025-11-14;16;1652
1;2025-11-14;17;1864
1;2025-11-14;18;1716
1;2025-11-14;19;1304
1;2025-11-14;20;865
1;2025-11-14;21;498
1;2025-11-14;22;198
1;2025-11-14;23;46
1;2025-11-15;0;4
1;2025-11-15;1;0
1;2025-11-15;2;0
1;2025-11-15;3;0
1;2025-11-15;4;0
1;2025-11-15;5;31
1;2025-11-15;6;158
1;2025-11-15;7;357
1;2025-11-15;8;494
1;2025-11-15;9;743
1;2025-11-15;10;899
1;2025-11-15;11;893
1;2025-11-15;12;1059
1;2025-11-15;13;1125
1;2025-11-15;14;1032
1;2025-11-15;15;919
1;2025-11-15;16;794
1;2025-11-15;17;737
1;2025-11-15;18;625
1;2025-11-15;19;555
1;2025-11-15;20;429
1;2025-11-15;21;300
1;2025-11-15;22;115
1;2025-11-15;23;27
1;2025-11-16;0;0
1;2025-11-16;1;0
1;2025-11-16;2;0
1;2025-11-16;3;0
1;2025-11-16;4;0
1;2025-11-16;5;24
1;2025-11-16;6;120
1;2025-11-16;7;273
1;2025-11-16;8;367
1;2025-11-16;9;617
1;2025-11-16;10;712
1;2025-11-16;11;754
1;2025-11-16;12;849
1;2025-11-16;13;891
1;2025-11-16;14;839
1;2025-11-16;15;757
1;2025-11-16;16;680
1;2025-11-16;17;624
1;2025-11-16;18;547
1;2025-11-16;19;472
1;2025-11-16;20;349
1;2025-11-16;21;273
1;2025-11-16;22;102
1;2025-11-16;23;30
1;2025-11-17;0;2
1;2025-11-17;1;0
1;2025-11-17;2;0
1;2025-11-17;3;0
1;2025-11-17;4;9
1;2025-11-17;5;128
1;2025-11-17;6;515
1;2025-11-17;7;1541
1;2025-11-17;8;1957
1;2025-11-17;9;1447
1;2025-11-17;10;1327
1;2025-11-17;11;1353
1;2025-11-17;12;1415
1;2025-11-17;13;1465
1;2025-11-17;14;1428
1;2025-11-17;15;1535
1;2025-11-17;16;1582
1;2025-11-17;17;1860
1;2025-11-17;18;1878
1;2025-11-17;19;1400
1;2025-11-17;20;900
1;2025-11-17;21;478
1;2025-11-17;22;174
1;2025-11-17;23;37
1;2025-11-18;0;4
1;2025-11-18;1;0
1;2025-11-18;2;0
1;2025-11-18;3;0
1;2025-11-18;4;9
1;2025-11-18;5;124
1;2025-11-18;6;517
1;2025-11-18;7;1537
1;2025-11-18;8;1788
1;2025-11-18;9;1473
1;2025-11-18;10;1349
1;2025-11-18;11;1364
1;2025-11-18;12;1415
1;2025-11-18;13;1460
1;2025-11-18;14;1399
1;2025-11-18;15;1494
1;2025-11-18;16;1538
1;2025-11-18;17;1813
1;2025-11-18;18;1814
1;2025-11-18;19;1377
1;2025-11-18;20;884
1;2025-11-18;21;481
1;2025-11-18;22;182
1;2025-11-18;23;40
1;2025-11-19;0;4
1;2025-11-19;1;0
1;2025-11-19;2;0
1;2025-11-19;3;0
1;2025-11-19;4;9
1;2025-11-19;5;131
1;2025-11-19;6;532
1;2025-11-19;7;1557
1;2025-11-19;8;2006
1;2025-11-19;9;1503
1;2025-11-19;10;1377
1;2025-11-19;11;1411
1;2025-11-19;12;1462
1;2025-11-19;13;1536
1;2025-11-19;14;1458
1;2025-11-19;15;1575
1;2025-11-19;16;1602
1;2025-11-19;17;1872
1;2025-11-19;18;1872
1;2025-11-19;19;1407
1;2025-11-19;20;914
1;2025-11-19;21;495
1;2025-11-19;22;193
1;2025-11-19;23;39
1;2025-11-20;0;4
1;2025-11-20;1;0
1;2025-11-20;2;0
1;2025-11-20;3;0
1;2025-11-20;4;9
1;2025-11-20;5;128
1;2025-11-20;6;521
1;2025-11-20;7;1567
1;2025-11-20;8;2013
1;2025-11-20;9;1504
1;2025-11-20;10;1399
1;2025-11-20;11;1412
1;2025-11-20;12;1482
1;2025-11-20;13;1528
1;2025-11-20;14;1468
1;2025-11-20;15;1576
1;2025-11-20;16;1623
1;2025-11-20;17;1875
1;2025-11-20;18;1885
1;2025-11-20;19;1389
1;2025-11-20;20;916
1;2025-11-20;21;497
1;2025-11-20;22;189
1;2025-11-20;23;39
1;2025-11-21;0;4
1;2025-11-21;1;0
1;2025-11-21;2;0
1;2025-11-21;3;0
1;2025-11-21;4;8
1;2025-11-21;5;134
1;2025-11-21;6;518
1;2025-11-21;7;1559
1;2025-11-21;8;1943
1;2025-11-21;9;1484
1;2025-11-21;10;1371
1;2025-11-21;11;1427
1;2025-11-21;12;1457
1;2025-11-21;13;1516
1;2025-11-21;14;1465
1;2025-11-21;15;1588
1;2025-11-21;16;1656
1;2025-11-21;17;1864
1;2025-11-21;18;1714
1;2025-11-21;19;1299
1;2025-11-21;20;864
1;2025-11-21;21;500
1;2025-11-21;22;199
1;2025-11-21;23;49
1;2025-11-22;0;4
1;2025-11-22;1;0
1;2025-11-22;2;0
1;2025-11-22;3;0
1;2025-11-22;4;0
1;2025-11-22;5;31
1;2025-11-22;6;159
1;2025-11-22;7;361
1;2025-11-22;8;499
1;2025-11-22;9;755
1;2025-11-22;10;912
1;2025-11-22;11;910
1;2025-11-22;12;1079
1;2025-11-22;13;1145
1;2025-11-22;14;1053
1;2025-11-22;15;936
1;2025-11-22;16;809
1;2025-11-22;17;749
1;2025-11-22;18;637
1;2025-11-22;19;564
1;2025-11-22;20;436
1;2025-11-22;21;307
1;2025-11-22;22;117
1;2025-11-22;23;27
1;2025-11-23;0;0
1;2025-11-23;1;0
1;2025-11-23;2;0
1;2025-11-23;3;0
1;2025-11-23;4;0
1;2025-11-23;5;23
1;2025-11-23;6;118
1;2025-11-23;7;271
1;2025-11-23;8;365
1;2025-11-23;9;616
1;2025-11-23;10;710
1;2025-11-23;11;756
1;2025-11-23;12;848
1;2025-11-23;13;889
1;2025-11-23;14;838
1;2025-11-23;15;755
1;2025-11-23;16;678
1;2025-11-23;17;621
1;2025-11-23;18;543
1;2025-11-23;19;466
1;2025-11-23;20;346
1;2025-11-23;21;272
1;2025-11-23;22;101
1;2025-11-23;23;29
1;2025-11-24;0;2
1;2025-11-24;1;0
1;2025-11-24;2;0
1;2025-11-24;3;0
1;2025-11-24;4;9
1;2025-11-24;5;126
1;2025-11-24;6;508
1;2025-11-24;7;1512
1;2025-11-24;8;1918
1;2025-11-24;9;1424
1;2025-11-24;10;1301
1;2025-11-24;11;1329
1;2025-11-24;12;1390
1;2025-11-24;13;1440
1;2025-11-24;14;1404
1;2025-11-24;15;1509
1;2025-11-24;16;1552
1;2025-11-24;17;1824
1;2025-11-24;18;1841
1;2025-11-24;19;1373
1;2025-11-24;20;882
1;2025-11-24;21;474
1;2025-11-24;22;169
1;2025-11-24;23;35
1;2025-11-25;0;5
1;2025-11-25;1;0
1;2025-11-25;2;0
1;2025-11-25;3;0
1;2025-11-25;4;9
1;2025-11-25;5;128
1;2025-11-25;6;532
1;2025-11-25;7;1585
1;2025-11-25;8;1992
1;2025-11-25;9;1522
1;2025-11-25;10;1399
1;2025-11-25;11;1423
1;2025-11-25;12;1476
1;2025-11-25;13;1523
1;2025-11-25;14;1456
1;2025-11-25;15;1556
1;2025-11-25;16;1596
1;2025-11-25;17;1874
1;2025-11-25;18;1872
1;2025-11-25;19;1418
1;2025-11-25;20;912
1;2025-11-25;21;496
1;2025-11-25;22;186
1;2025-11-25;23;43
1;2025-11-26;0;4
1;2025-11-26;1;0
1;2025-11-26;2;0
1;2025-11-26;3;0
1;2025-11-26;4;9
1;2025-11-26;5;129
1;2025-11-26;6;523
1;2025-11-26;7;1523
1;2025-11-26;8;1959
1;2025-11-26;9;1474
1;2025-11-26;10;1347
1;2025-11-26;11;1381
1;2025-11-26;12;1429
1;2025-11-26;13;1498
1;2025-11-26;14;1428
1;2025-11-26;15;1543
1;2025-11-26;16;1562
1;2025-11-26;17;1825
1;2025-11-26;18;1824
1;2025-11-26;19;1371
1;2025-11-26;20;891
1;2025-11-26;21;483
1;2025-11-26;22;189
1;2025-11-26;23;39
1;2025-11-27;0;4
1;2025-11-27;1;0
1;2025-11-27;2;0
1;2025-11-27;3;0
1;2025-11-27;4;9
1;2025-11-27;5;125
1;2025-11-27;6;514
1;2025-11-27;7;1537
1;2025-11-27;8;1970
1;2025-11-27;9;1483
1;2025-11-27;10;1377
1;2025-11-27;11;1389
1;2025-11-27;12;1452
1;2025-11-27;13;1494
1;2025-11-27;14;1437
1;2025-11-27;15;1545
1;2025-11-27;16;1585
1;2025-11-27;17;1833
1;2025-11-27;18;1845
1;2025-11-27;19;1357
1;2025-11-27;20;896
1;2025-11-27;21;490
1;2025-11-27;22;186
1;2025-11-27;23;40
1;2025-11-28;0;6
1;2025-11-28;1;0
1;2025-11-28;2;0
1;2025-11-28;3;0
1;2025-11-28;4;8
1;2025-11-28;5;134
1;2025-11-28;6;514
1;2025-11-28;7;1532
1;2025-11-28;8;1909
1;2025-11-28;9;1465
1;2025-11-28;10;1349
1;2025-11-28;11;1409
1;2025-11-28;12;1436
1;2025-11-28;13;1493
1;2025-11-28;14;1447
1;2025-11-28;15;1565
1;2025-11-28;16;1628
1;2025-11-28;17;1833
1;2025-11-28;18;1688
1;2025-11-28;19;1280
1;2025-11-28;20;851
1;2025-11-28;21;496
1;2025-11-28;22;198
1;2025-11-28;23;47
1;2025-11-29;0;4
1;2025-11-29;1;0
1;2025-11-29;2;0
1;2025-11-29;3;0
1;2025-11-29;4;0
1;2025-11-29;5;31
1;2025-11-29;6;163
1;2025-11-29;7;368
1;2025-11-29;8;509
1;2025-11-29;9;772
1;2025-11-29;10;931
1;2025-11-29;11;934
1;2025-11-29;12;1106
1;2025-11-29;13;1173
1;2025-11-29;14;1076
1;2025-11-29;15;958
1;2025-11-29;16;826
1;2025-11-29;17;764
1;2025-11-29;18;648
1;2025-11-29;19;572
1;2025-11-29;20;445
1;2025-11-29;21;314
1;2025-11-29;22;121
1;2025-11-29;23;30
1;2025-11-30;0;0
1;2025-11-30;1;0
1;2025-11-30;2;0
1;2025-11-30;3;0
1;2025-11-30;4;0
1;2025-11-30;5;23
1;2025-11-30;6;118
1;2025-11-30;7;270
1;2025-11-30;8;363
1;2025-11-30;9;616
1;2025-11-30;10;707
1;2025-11-30;11;754
1;2025-11-30;12;847
1;2025-11-30;13;887
1;2025-11-30;14;836
1;2025-11-30;15;756
1;2025-11-30;16;676
1;2025-11-30;17;621
1;2025-11-30;18;542
1;2025-11-30;19;467
1;2025-11-30;20;347
1;2025-11-30;21;274
1;2025-11-30;22;103
1;2025-11-30;23;30
1;2025-12-01;0;2
1;2025-12-01;1;0
1;2025-12-01;2;0
1;2025-12-01;3;0
1;2025-12-01;4;11
1;2025-12-01;5;133
1;2025-12-01;6;539
1;2025-12-01;7;1589
1;2025-12-01;8;2018
1;2025-12-01;9;1504
1;2025-12-01;10;1376
1;2025-12-01;11;1415
1;2025-12-01;12;1479
1;2025-12-01;13;1528
1;2025-12-01;14;1490
1;2025-12-01;15;1604
1;2025-12-01;16;1640
1;2025-12-01;17;1925
1;2025-12-01;18;1937
1;2025-12-01;19;1443
1;2025-12-01;20;929
1;2025-12-01;21;500
1;2025-12-01;22;179
1;2025-12-01;23;37
1;2025-12-02;0;4
1;2025-12-02;1;0
1;2025-12-02;2;0
1;2025-12-02;3;0
1;2025-12-02;4;9
1;2025-12-02;5;132
1;2025-12-02;6;548
1;2025-12-02;7;1618
1;2025-12-02;8;2031
1;2025-12-02;9;1562
1;2025-12-02;10;1433
1;2025-12-02;11;1460
1;2025-12-02;12;1512
1;2025-12-02;13;1558
1;2025-12-02;14;1490
1;2025-12-02;15;1593
1;2025-12-02;16;1628
1;2025-12-02;17;1912
1;2025-12-02;18;1907
1;2025-12-02;19;1449
1;2025-12-02;20;934
1;2025-12-02;21;511
1;2025-12-02;22;190
1;2025-12-02;23;45
1;2025-12-03;0;4
1;2025-12-03;1;0
1;2025-12-03;2;0
1;2025-12-03;3;0
1;2025-12-03;4;9
1;2025-12-03;5;135
1;2025-12-03;6;551
1;2025-12-03;7;1585
1;2025-12-03;8;2038
1;2025-12-03;9;1540
1;2025-12-03;10;1409
1;2025-12-03;11;1455
1;2025-12-03;12;1500
1;2025-12-03;13;1573
1;2025-12-03;14;1491
1;2025-12-03;15;1616
1;2025-12-03;16;1631
1;2025-12-03;17;1906
1;2025-12-03;18;1900
1;2025-12-03;19;1433
1;2025-12-03;20;935
1;2025-12-03;21;512
1;2025-12-03;22;201
1;2025-12-03;23;44
1;2025-12-04;0;4
1;2025-12-04;1;0
1;2025-12-04;2;0
1;2025-12-04;3;0
1;2025-12-04;4;9
1;2025-12-04;5;130
1;2025-12-04;6;538
1;2025-12-04;7;1595
1;2025-12-04;8;2045
1;2025-12-04;9;1545
1;2025-12-04;10;1433
1;2025-12-04;11;1455
1;2025-12-04;12;1520
1;2025-12-04;13;1562
1;2025-12-04;14;1502
1;2025-12-04;15;1616
1;2025-12-04;16;1652
1;2025-12-04;17;1907
1;2025-12-04;18;1918
1;2025-12-04;19;1417
1;2025-12-04;20;937
1;2025-12-04;21;515
1;2025-12-04;22;198
1;2025-12-04;23;44
1;2025-12-05;0;5
1;2025-12-05;1;0
1;2025-12-05;2;0
1;2025-12-05;3;0
1;2025-12-05;4;8
1;2025-12-05;5;138
1;2025-12-05;6;537
1;2025-12-05;7;1588
1;2025-12-05;8;1976
1;2025-12-05;9;1527
1;2025-12-05;10;1405
1;2025-12-05;11;1476
1;2025-12-05;12;1501
1;2025-12-05;13;1557
1;2025-12-05;14;1505
1;2025-12-05;15;1632
1;2025-12-05;16;1691
1;2025-12-05;17;1904
1;2025-12-05;18;1739
1;2025-12-05;19;1324
1;2025-12-05;20;885
1;2025-12-05;21;518
1;2025-12-05;22;207
1;2025-12-05;23;51
1;2025-12-06;0;4
1;2025-12-06;1;0
1;2025-12-06;2;0
1;2025-12-06;3;0
1;2025-12-06;4;0
1;2025-12-06;5;33
1;2025-12-06;6;167
1;2025-12-06;7;374
1;2025-12-06;8;517
1;2025-12-06;9;787
1;2025-12-06;10;945
1;2025-12-06;11;951
1;2025-12-06;12;1124
1;2025-12-06;13;1193
1;2025-12-06;14;1094
1;2025-12-06;15;977
1;2025-12-06;16;839
1;2025-12-06;17;777
1;2025-12-06;18;656
1;2025-12-06;19;582
1;2025-12-06;20;453
1;2025-12-06;21;320
1;2025-12-06;22;125
1;2025-12-06;23;30
1;2025-12-07;0;0
1;2025-12-07;1;0
1;2025-12-07;2;0
1;2025-12-07;3;0
1;2025-12-07;4;0
1;2025-12-07;5;24
1;2025-12-07;6;122
1;2025-12-07;7;274
1;2025-12-07;8;371
1;2025-12-07;9;630
1;2025-12-07;10;720
1;2025-12-07;11;771
1;2025-12-07;12;868
1;2025-12-07;13;909
1;2025-12-07;14;857
1;2025-12-07;15;773
1;2025-12-07;16;692
1;2025-12-07;17;636
1;2025-12-07;18;550
1;2025-12-07;19;475
1;2025-12-07;20;354
1;2025-12-07;21;280
1;2025-12-07;22;106
1;2025-12-07;23;31
1;2025-12-08;0;2
1;2025-12-08;1;0
1;2025-12-08;2;0
1;2025-12-08;3;0
1;2025-12-08;4;9
1;2025-12-08;5;133
1;2025-12-08;6;542
1;2025-12-08;7;1583
1;2025-12-08;8;2007
1;2025-12-08;9;1505
1;2025-12-08;10;1373
1;2025-12-08;11;1416
1;2025-12-08;12;1479
1;2025-12-08;13;1525
1;2025-12-08;14;1487
1;2025-12-08;15;1603
1;2025-12-08;16;1636
1;2025-12-08;17;1917
1;2025-12-08;18;1930
1;2025-12-08;19;1440
1;2025-12-08;20;926
1;2025-12-08;21;502
1;2025-12-08;22;182
1;2025-12-08;23;40
1;2025-12-09;0;5
1;2025-12-09;1;0
1;2025-12-09;2;0
1;2025-12-09;3;0
1;2025-12-09;4;10
1;2025-12-09;5;131
1;2025-12-09;6;548
1;2025-12-09;7;1606
1;2025-12-09;8;2012
1;2025-12-09;9;1553
1;2025-12-09;10;1425
1;2025-12-09;11;1455
1;2025-12-09;12;1505
1;2025-12-09;13;1551
1;2025-12-09;14;1479
1;2025-12-09;15;1584
1;2025-12-09;16;1617
1;2025-12-09;17;1895
1;2025-12-09;18;1891
1;2025-12-09;19;1438
1;2025-12-09;20;928
1;2025-12-09;21;512
1;2025-12-09;22;192
1;2025-12-09;23;44
1;2025-12-10;0;4
1;2025-12-10;1;0
1;2025-12-10;2;0
1;2025-12-10;3;0
1;2025-12-10;4;9
1;2025-12-10;5;134
1;2025-12-10;6;547
1;2025-12-10;7;1565
1;2025-12-10;8;2011
1;2025-12-10;9;1526
1;2025-12-10;10;1393
1;2025-12-10;11;1441
1;2025-12-10;12;1487
1;2025-12-10;13;1555
1;2025-12-10;14;1477
1;2025-12-10;15;1600
1;2025-12-10;16;1612
1;2025-12-10;17;1879
1;2025-12-10;18;1876
1;2025-12-10;19;1414
1;2025-12-10;20;925
1;2025-12-10;21;508
1;2025-12-10;22;203
1;2025-12-10;23;44
1;2025-12-11;0;4
1;2025-12-11;1;0
1;2025-12-11;2;0
1;2025-12-11;3;0
1;2025-12-11;4;9
1;2025-12-11;5;128
1;2025-12-11;6;533
1;2025-12-11;7;1559
1;2025-12-11;8;1994
1;2025-12-11;9;1512
1;2025-12-11;10;1397
1;2025-12-11;11;1423
1;2025-12-11;12;1485
1;2025-12-11;13;1522
1;2025-12-11;14;1466
1;2025-12-11;15;1581
1;2025-12-11;16;1612
1;2025-12-11;17;1858
1;2025-12-11;18;1868
1;2025-12-11;19;1377
1;2025-12-11;20;914
1;2025-12-11;21;505
1;2025-12-11;22;194
1;2025-12-11;23;43
1;2025-12-12;0;6
1;2025-12-12;1;0
1;2025-12-12;2;0
1;2025-12-12;3;0
1;2025-12-12;4;7
1;2025-12-12;5;137
1;2025-12-12;6;530
1;2025-12-12;7;1555
1;2025-12-12;8;1927
1;2025-12-12;9;1498
1;2025-12-12;10;1376
1;2025-12-12;11;1448
1;2025-12-12;12;1467
1;2025-12-12;13;1519
1;2025-12-12;14;1469
1;2025-12-12;15;1592
1;2025-12-12;16;1647
1;2025-12-12;17;1847
1;2025-12-12;18;1690
1;2025-12-12;19;1287
1;2025-12-12;20;860
1;2025-12-12;21;509
1;2025-12-12;22;204
1;2025-12-12;23;52
1;2025-12-13;0;4
1;2025-12-13;1;0
1;2025-12-13;2;0
1;2025-12-13;3;0
1;2025-12-13;4;0
1;2025-12-13;5;33
1;2025-12-13;6;167
1;2025-12-13;7;370
1;2025-12-13;8;506
1;2025-12-13;9;777
1;2025-12-13;10;934
1;2025-12-13;11;940
1;2025-12-13;12;1117
1;2025-12-13;13;1184
1;2025-12-13;14;1086
1;2025-12-13;15;966
1;2025-12-13;16;832
1;2025-12-13;17;770
1;2025-12-13;18;649
1;2025-12-13;19;577
1;2025-12-13;20;448
1;2025-12-13;21;317
1;2025-12-13;22;126
1;2025-12-13;23;31
1;2025-12-14;0;0
1;2025-12-14;1;0
1;2025-12-14;2;0
1;2025-12-14;3;0
1;2025-12-14;4;0
1;2025-12-14;5;24
1;2025-12-14;6;123
1;2025-12-14;7;272
1;2025-12-14;8;363
1;2025-12-14;9;623
1;2025-12-14;10;711
1;2025-12-14;11;764
1;2025-12-14;12;859
1;2025-12-14;13;901
1;2025-12-14;14;848
1;2025-12-14;15;766
1;2025-12-14;16;686
1;2025-12-14;17;629
1;2025-12-14;18;544
1;2025-12-14;19;470
1;2025-12-14;20;350
1;2025-12-14;21;275
1;2025-12-14;22;106
1;2025-12-14;23;31
1;2025-12-15;0;2
1;2025-12-15;1;0
1;2025-12-15;2;0
1;2025-12-15;3;0
1;2025-12-15;4;9
1;2025-12-15;5;136
1;2025-12-15;6;547
1;2025-12-15;7;1578
1;2025-12-15;8;1985
1;2025-12-15;9;1495
1;2025-12-15;10;1367
1;2025-12-15;11;1414
1;2025-12-15;12;1477
1;2025-12-15;13;1522
1;2025-12-15;14;1481
1;2025-12-15;15;1596
1;2025-12-15;16;1626
1;2025-12-15;17;1902
1;2025-12-15;18;1916
1;2025-12-15;19;1431
1;2025-12-15;20;926
1;2025-12-15;21;502
1;2025-12-15;22;185
1;2025-12-15;23;42
1;2025-12-16;0;4
1;2025-12-16;1;0
1;2025-12-16;2;0
1;2025-12-16;3;0
1;2025-12-16;4;10
1;2025-12-16;5;132
1;2025-12-16;6;556
1;2025-12-16;7;1611
1;2025-12-16;8;2010
1;2025-12-16;9;1559
1;2025-12-16;10;1427
1;2025-12-16;11;1462
1;2025-12-16;12;1509
1;2025-12-16;13;1552
1;2025-12-16;14;1480
1;2025-12-16;15;1585
1;2025-12-16;16;1618
1;2025-12-16;17;1895
1;2025-12-16;18;1894
1;2025-12-16;19;1441
1;2025-12-16;20;934
1;2025-12-16;21;515
1;2025-12-16;22;201
1;2025-12-16;23;47
1;2025-12-17;0;4
1;2025-12-17;1;0
1;2025-12-17;2;0
1;2025-12-17;3;0
1;2025-12-17;4;9
1;2025-12-17;5;136
1;2025-12-17;6;555
1;2025-12-17;7;1577
1;2025-12-17;8;2022
1;2025-12-17;9;1542
1;2025-12-17;10;1405
1;2025-12-17;11;1458
1;2025-12-17;12;1500
1;2025-12-17;13;1567
1;2025-12-17;14;1487
1;2025-12-17;15;1614
1;2025-12-17;16;1621
1;2025-12-17;17;1893
1;2025-12-17;18;1889
1;2025-12-17;19;1425
1;2025-12-17;20;929
1;2025-12-17;21;516
1;2025-12-17;22;206
1;2025-12-17;23;45
1;2025-12-18;0;5
1;2025-12-18;1;0
1;2025-12-18;2;0
1;2025-12-18;3;0
1;2025-12-18;4;9
1;2025-12-18;5;130
1;2025-12-18;6;542
1;2025-12-18;7;1580
1;2025-12-18;8;2021
1;2025-12-18;9;1537
1;2025-12-18;10;1422
1;2025-12-18;11;1450
1;2025-12-18;12;1514
1;2025-12-18;13;1553
1;2025-12-18;14;1491
1;2025-12-18;15;1609
1;2025-12-18;16;1637
1;2025-12-18;17;1887
1;2025-12-18;18;1898
1;2025-12-18;19;1402
1;2025-12-18;20;932
1;2025-12-18;21;515
1;2025-12-18;22;201
1;2025-12-18;23;46
1;2025-12-19;0;6
1;2025-12-19;1;0
1;2025-12-19;2;0
1;2025-12-19;3;0
1;2025-12-19;4;8
1;2025-12-19;5;138
1;2025-12-19;6;543
1;2025-12-19;7;1578
1;2025-12-19;8;1953
1;2025-12-19;9;1520
1;2025-12-19;10;1395
1;2025-12-19;11;1470
1;2025-12-19;12;1493
1;2025-12-19;13;1548
1;2025-12-19;14;1497
1;2025-12-19;15;1626
1;2025-12-19;16;1677
1;2025-12-19;17;1885
1;2025-12-19;18;1724
1;2025-12-19;19;1311
1;2025-12-19;20;879
1;2025-12-19;21;519
1;2025-12-19;22;210
1;2025-12-19;23;52
1;2025-12-20;0;5
1;2025-12-20;1;0
1;2025-12-20;2;0
1;2025-12-20;3;0
1;2025-12-20;4;0
1;2025-12-20;5;32
1;2025-12-20;6;168
1;2025-12-20;7;371
1;2025-12-20;8;511
1;2025-12-20;9;783
1;2025-12-20;10;938
1;2025-12-20;11;946
1;2025-12-20;12;1121
1;2025-12-20;13;1188
1;2025-12-20;14;1092
1;2025-12-20;15;975
1;2025-12-20;16;837
1;2025-12-20;17;775
1;2025-12-20;18;651
1;2025-12-20;19;579
1;2025-12-20;20;452
1;2025-12-20;21;321
1;2025-12-20;22;127
1;2025-12-20;23;31
1;2025-12-21;0;0
1;2025-12-21;1;0
1;2025-12-21;2;0
1;2025-12-21;3;0
1;2025-12-21;4;0
1;2025-12-21;5;24
1;2025-12-21;6;122
1;2025-12-21;7;270
1;2025-12-21;8;365
1;2025-12-21;9;626
1;2025-12-21;10;714
1;2025-12-21;11;764
1;2025-12-21;12;861
1;2025-12-21;13;899
1;2025-12-21;14;849
1;2025-12-21;15;766
1;2025-12-21;16;686
1;2025-12-21;17;629
1;2025-12-21;18;545
1;2025-12-21;19;471
1;2025-12-21;20;351
1;2025-12-21;21;278
1;2025-12-21;22;106
1;2025-12-21;23;31
1;2025-12-22;0;2
1;2025-12-22;1;0
1;2025-12-22;2;0
1;2025-12-22;3;0
1;2025-12-22;4;10
1;2025-12-22;5;134
1;2025-12-22;6;540
1;2025-12-22;7;1556
1;2025-12-22;8;1962
1;2025-12-22;9;1482
1;2025-12-22;10;1349
1;2025-12-22;11;1395
1;2025-12-22;12;1453
1;2025-12-22;13;1498
1;2025-12-22;14;1460
1;2025-12-22;15;1576
1;2025-12-22;16;1600
1;2025-12-22;17;1875
1;2025-12-22;18;1886
1;2025-12-22;19;1405
1;2025-12-22;20;909
1;2025-12-22;21;497
1;2025-12-22;22;183
1;2025-12-22;23;41
1;2025-12-23;0;5
1;2025-12-23;1;0
1;2025-12-23;2;0
1;2025-12-23;3;0
1;2025-12-23;4;10
1;2025-12-23;5;134
1;2025-12-23;6;561
1;2025-12-23;7;1600
1;2025-12-23;8;1982
1;2025-12-23;9;1542
1;2025-12-23;10;1414
1;2025-12-23;11;1455
1;2025-12-23;12;1507
1;2025-12-23;13;1550
1;2025-12-23;14;1472
1;2025-12-23;15;1578
1;2025-12-23;16;1606
1;2025-12-23;17;1879
1;2025-12-23;18;1874
1;2025-12-23;19;1426
1;2025-12-23;20;922
1;2025-12-23;21;512
1;2025-12-23;22;201
1;2025-12-23;23;47
1;2025-12-24;0;4
1;2025-12-24;1;0
1;2025-12-24;2;0
1;2025-12-24;3;0
1;2025-12-24;4;9
1;2025-12-24;5;140
1;2025-12-24;6;562
1;2025-12-24;7;1568
1;2025-12-24;8;1992
1;2025-12-24;9;1526
1;2025-12-24;10;1395
1;2025-12-24;11;1452
1;2025-12-24;12;1499
1;2025-12-24;13;1565
1;2025-12-24;14;1477
1;2025-12-24;15;1603
1;2025-12-24;16;1612
1;2025-12-24;17;1876
1;2025-12-24;18;1871
1;2025-12-24;19;1413
1;2025-12-24;20;940
1;2025-12-24;21;518
1;2025-12-24;22;215
1;2025-12-24;23;48
1;2025-12-25;0;6
1;2025-12-25;1;0
1;2025-12-25;2;0
1;2025-12-25;3;0
1;2025-12-25;4;9
1;2025-12-25;5;130
1;2025-12-25;6;540
1;2025-12-25;7;1556
1;2025-12-25;8;1981
1;2025-12-25;9;1513
1;2025-12-25;10;1402
1;2025-12-25;11;1434
1;2025-12-25;12;1495
1;2025-12-25;13;1528
1;2025-12-25;14;1468
1;2025-12-25;15;1585
1;2025-12-25;16;1610
1;2025-12-25;17;1851
1;2025-12-25;18;1858
1;2025-12-25;19;1371
1;2025-12-25;20;911
1;2025-12-25;21;507
1;2025-12-25;22;203
1;2025-12-25;23;44
1;2025-12-26;0;5
1;2025-12-26;1;0
1;2025-12-26;2;0
1;2025-12-26;3;0
1;2025-12-26;4;7
1;2025-12-26;5;134
1;2025-12-26;6;525
1;2025-12-26;7;1518
1;2025-12-26;8;1876
1;2025-12-26;9;1465
1;2025-12-26;10;1344
1;2025-12-26;11;1416
1;2025-12-26;12;1435
1;2025-12-26;13;1483
1;2025-12-26;14;1437
1;2025-12-26;15;1565
1;2025-12-26;16;1613
1;2025-12-26;17;1809
1;2025-12-26;18;1655
1;2025-12-26;19;1258
1;2025-12-26;20;843
1;2025-12-26;21;499
1;2025-12-26;22;205
1;2025-12-26;23;54
1;2025-12-27;0;5
1;2025-12-27;1;0
1;2025-12-27;2;0
1;2025-12-27;3;0
1;2025-12-27;4;0
1;2025-12-27;5;31
1;2025-12-27;6;167
1;2025-12-27;7;366
1;2025-12-27;8;505
1;2025-12-27;9;775
1;2025-12-27;10;925
1;2025-12-27;11;930
1;2025-12-27;12;1107
1;2025-12-27;13;1173
1;2025-12-27;14;1077
1;2025-12-27;15;961
1;2025-12-27;16;828
1;2025-12-27;17;766
1;2025-12-27;18;642
1;2025-12-27;19;572
1;2025-12-27;20;445
1;2025-12-27;21;316
1;2025-12-27;22;127
1;2025-12-27;23;33
1;2025-12-28;0;0
1;2025-12-28;1;0
1;2025-12-28;2;0
1;2025-12-28;3;0
1;2025-12-28;4;0
1;2025-12-28;5;24
1;2025-12-28;6;123
1;2025-12-28;7;266
1;2025-12-28;8;357
1;2025-12-28;9;615
1;2025-12-28;10;697
1;2025-12-28;11;746
1;2025-12-28;12;843
1;2025-12-28;13;882
1;2025-12-28;14;834
1;2025-12-28;15;753
1;2025-12-28;16;673
1;2025-12-28;17;620
1;2025-12-28;18;535
1;2025-12-28;19;463
1;2025-12-28;20;345
1;2025-12-28;21;273
1;2025-12-28;22;106
1;2025-12-28;23;31
1;2025-12-29;0;2
1;2025-12-29;1;0
1;2025-12-29;2;0
1;2025-12-29;3;0
1;2025-12-29;4;7
1;2025-12-29;5;119
1;2025-12-29;6;480
1;2025-12-29;7;1366
1;2025-12-29;8;1715
1;2025-12-29;9;1300
1;2025-12-29;10;1187
1;2025-12-29;11;1231
1;2025-12-29;12;1282
1;2025-12-29;13;1318
1;2025-12-29;14;1284
1;2025-12-29;15;1387
1;2025-12-29;16;1406
1;2025-12-29;17;1644
1;2025-12-29;18;1654
1;2025-12-29;19;1232
1;2025-12-29;20;796
1;2025-12-29;21;435
1;2025-12-29;22;165
1;2025-12-29;23;38
1;2025-12-30;0;2
1;2025-12-30;1;0
1;2025-12-30;2;0
1;2025-12-30;3;0
1;2025-12-30;4;8
1;2025-12-30;5;117
1;2025-12-30;6;487
1;2025-12-30;7;1384
1;2025-12-30;8;1710
1;2025-12-30;9;1344
1;2025-12-30;10;1230
1;2025-12-30;11;1265
1;2025-12-30;12;1307
1;2025-12-30;13;1340
1;2025-12-30;14;1277
1;2025-12-30;15;1373
1;2025-12-30;16;1389
1;2025-12-30;17;1622
1;2025-12-30;18;1599
1;2025-12-30;19;1228
1;2025-12-30;20;798
1;2025-12-30;21;443
1;2025-12-30;22;177
1;2025-12-30;23;42
1;2025-12-31;0;0
1;2025-12-31;1;0
1;2025-12-31;2;0
1;2025-12-31;3;0
1;2025-12-31;4;0
1;2025-12-31;5;22
1;2025-12-31;6;110
1;2025-12-31;7;227
1;2025-12-31;8;308
1;2025-12-31;9;528
1;2025-12-31;10;595
1;2025-12-31;11;639
1;2025-12-31;12;721
1;2025-12-31;13;759
1;2025-12-31;14;714
1;2025-12-31;15;644
1;2025-12-31;16;573
1;2025-12-31;17;528
1;2025-12-31;18;461
1;2025-12-31;19;399
1;2025-12-31;20;0
1;2025-12-31;21;0
1;2025-12-31;22;0
1;2025-12-31;23;0
5;2025-11-01;0;0
5;2025-11-01;1;0
5;2025-11-01;2;0
5;2025-11-01;3;0
5;2025-11-01;4;0
5;2025-11-01;5;0
5;2025-11-01;6;0
5;2025-11-01;7;0
5;2025-11-01;8;0
5;2025-11-01;9;0
5;2025-11-01;10;0
5;2025-11-01;11;0
5;2025-11-01;12;0
5;2025-11-01;13;0
5;2025-11-01;14;0
5;2025-11-01;15;0
5;2025-11-01;16;0
5;2025-11-01;17;0
5;2025-11-01;18;0
5;2025-11-01;19;0
5;2025-11-01;20;0
5;2025-11-01;21;0
5;2025-11-01;22;0
5;2025-11-01;23;0
5;2025-11-02;0;0
5;2025-11-02;1;0
5;2025-11-02;2;0
5;2025-11-02;3;0
5;2025-11-02;4;0
5;2025-11-02;5;0
5;2025-11-02;6;0
5;2025-11-02;7;0
5;2025-11-02;8;0
5;2025-11-02;9;0
5;2025-11-02;10;0
5;2025-11-02;11;0
5;2025-11-02;12;0
5;2025-11-02;13;0
5;2025-11-02;14;0
5;2025-11-02;15;0
5;2025-11-02;16;0
5;2025-11-02;17;0
5;2025-11-02;18;0
5;2025-11-02;19;0
5;2025-11-02;20;0
5;2025-11-02;21;0
5;2025-11-02;22;0
5;2025-11-02;23;0
5;2025-11-03;0;0
5;2025-11-03;1;0
5;2025-11-03;2;0
5;2025-11-03;3;0
5;2025-11-03;4;0
5;2025-11-03;5;0
5;2025-11-03;6;0
5;2025-11-03;7;0
5;2025-11-03;8;0
5;2025-11-03;9;0
5;2025-11-03;10;0
5;2025-11-03;11;0
5;2025-11-03;12;0
5;2025-11-03;13;0
5;2025-11-03;14;0
5;2025-11-03;15;0
5;2025-11-03;16;0
5;2025-11-03;17;0
5;2025-11-03;18;0
5;2025-11-03;19;0
5;2025-11-03;20;0
5;2025-11-03;21;0
5;2025-11-03;22;0
5;2025-11-03;23;0
5;2025-11-04;0;0
5;2025-11-04;1;0
5;2025-11-04;2;0
5;2025-11-04;3;0
5;2025-11-04;4;0
5;2025-11-04;5;0
5;2025-11-04;6;0
5;2025-11-04;7;0
5;2025-11-04;8;0
5;2025-11-04;9;0
5;2025-11-04;10;0
5;2025-11-04;11;0
5;2025-11-04;12;0
5;2025-11-04;13;0
5;2025-11-04;14;0
5;2025-11-04;15;0
5;2025-11-04;16;0
5;2025-11-04;17;0
5;2025-11-04;18;0
5;2025-11-04;19;0
5;2025-11-04;20;0
5;2025-11-04;21;0
5;2025-11-04;22;0
5;2025-11-04;23;0
5;2025-11-05;0;0
5;2025-11-05;1;0
5;2025-11-05;2;0
5;2025-11-05;3;0
5;2025-11-05;4;0
5;2025-11-05;5;0
5;2025-11-05;6;0
5;2025-11-05;7;0
5;2025-11-05;8;0
5;2025-11-05;9;0
5;2025-11-05;10;0
5;2025-11-05;11;0
5;2025-11-05;12;0
5;2025-11-05;13;0
5;2025-11-05;14;0
5;2025-11-05;15;0
5;2025-11-05;16;0
5;2025-11-05;17;0
5;2025-11-05;18;0
5;2025-11-05;19;0
5;2025-11-05;20;0
5;2025-11-05;21;0
5;2025-11-05;22;0
5;2025-11-05;23;0
5;2025-11-06;0;0
5;2025-11-06;1;0
5;2025-11-06;2;0
5;2025-11-06;3;0
5;2025-11-06;4;0
5;2025-11-06;5;0
5;2025-11-06;6;0
5;2025-11-06;7;0
5;2025-11-06;8;0
5;2025-11-06;9;0
5;2025-11-06;10;0
5;2025-11-06;11;0
5;2025-11-06;12;0
5;2025-11-06;13;0
5;2025-11-06;14;0
5;2025-11-06;15;0
5;2025-11-06;16;0
5;2025-11-06;17;0
5;2025-11-06;18;0
5;2025-11-06;19;0
5;2025-11-06;20;0
5;2025-11-06;21;0
5;2025-11-06;22;0
5;2025-11-06;23;0
5;2025-11-07;0;0
5;2025-11-07;1;0
5;2025-11-07;2;0
5;2025-11-07;3;0
5;2025-11-07;4;0
5;2025-11-07;5;0
5;2025-11-07;6;0
5;2025-11-07;7;0
5;2025-11-07;8;0
5;2025-11-07;9;0
5;2025-11-07;10;0
5;2025-11-07;11;0
5;2025-11-07;12;0
5;2025-11-07;13;0
5;2025-11-07;14;0
5;2025-11-07;15;0
5;2025-11-07;16;0
5;2025-11-07;17;0
5;2025-11-07;18;0
5;2025-11-07;19;0
5;2025-11-07;20;0
5;2025-11-07;21;0
5;2025-11-07;22;0
5;2025-11-07;23;0
5;2025-11-08;0;0
5;2025-11-08;1;0
5;2025-11-08;2;0
5;2025-11-08;3;0
5;2025-11-08;4;0
5;2025-11-08;5;0
5;2025-11-08;6;0
5;2025-11-08;7;0
5;2025-11-08;8;0
5;2025-11-08;9;0
5;2025-11-08;10;0
5;2025-11-08;11;0
5;2025-11-08;12;0
5;2025-11-08;13;0
5;2025-11-08;14;0
5;2025-11-08;15;0
5;2025-11-08;16;0
5;2025-11-08;17;0
5;2025-11-08;18;0
5;2025-11-08;19;0
5;2025-11-08;20;0
5;2025-11-08;21;0
5;2025-11-08;22;0
5;2025-11-08;23;0
5;2025-11-09;0;0
5;2025-11-09;1;0
5;2025-11-09;2;0
5;2025-11-09;3;0
5;2025-11-09;4;0
5;2025-11-09;5;0
5;2025-11-09;6;0
5;2025-11-09;7;0
5;2025-11-09;8;0
5;2025-11-09;9;0
5;2025-11-09;10;0
5;2025-11-09;11;0
5;2025-11-09;12;0
5;2025-11-09;13;0
5;2025-11-09;14;0
5;2025-11-09;15;0
5;2025-11-09;16;0
5;2025-11-09;17;0
5;2025-11-09;18;0
5;2025-11-09;19;0
5;2025-11-09;20;0
5;2025-11-09;21;0
5;2025-11-09;22;0
5;2025-11-09;23;0
5;2025-11-10;0;0
5;2025-11-10;1;0
5;2025-11-10;2;0
5;2025-11-10;3;0
5;2025-11-10;4;0
5;2025-11-10;5;0
5;2025-11-10;6;0
5;2025-11-10;7;0
5;2025-11-10;8;0
5;2025-11-10;9;0
5;2025-11-10;10;0
5;2025-11-10;11;0
5;2025-11-10;12;0
5;2025-11-10;13;0
5;2025-11-10;14;0
5;2025-11-10;15;0
5;2025-11-10;16;0
5;2025-11-10;17;0
5;2025-11-10;18;0
5;2025-11-10;19;0
5;2025-11-10;20;0
5;2025-11-10;21;0
5;2025-11-10;22;0
5;2025-11-10;23;0
5;2025-11-11;0;0
5;2025-11-11;1;0
5;2025-11-11;2;0
5;2025-11-11;3;0
5;2025-11-11;4;0
5;2025-11-11;5;0
5;2025-11-11;6;0
5;2025-11-11;7;0
5;2025-11-11;8;0
5;2025-11-11;9;0
5;2025-11-11;10;0
5;2025-11-11;11;0
5;2025-11-11;12;0
5;2025-11-11;13;0
5;2025-11-11;14;0
5;2025-11-11;15;0
5;2025-11-11;16;0
5;2025-11-11;17;0
5;2025-11-11;18;0
5;2025-11-11;19;0
5;2025-11-11;20;0
5;2025-11-11;21;0
5;2025-11-11;22;0
5;2025-11-11;23;0
5;2025-11-12;0;0
5;2025-11-12;1;0
5;2025-11-12;2;0
5;2025-11-12;3;0
5;2025-11-12;4;0
5;2025-11-12;5;0
5;2025-11-12;6;0
5;2025-11-12;7;0
5;2025-11-12;8;0
5;2025-11-12;9;0
5;2025-11-12;10;0
5;2025-11-12;11;0
5;2025-11-12;12;0
5;2025-11-12;13;0
5;2025-11-12;14;0
5;2025-11-12;15;0
5;2025-11-12;16;0
5;2025-11-12;17;0
5;2025-11-12;18;0
5;2025-11-12;19;0
5;2025-11-12;20;0
5;2025-11-12;21;0
5;2025-11-12;22;0
5;2025-11-12;23;0
5;2025-11-13;0;0
5;2025-11-13;1;0
5;2025-11-13;2;0
5;2025-11-13;3;0
5;2025-11-13;4;0
5;2025-11-13;5;0
5;2025-11-13;6;0
5;2025-11-13;7;0
5;2025-11-13;8;0
5;2025-11-13;9;0
5;2025-11-13;10;0
5;2025-11-13;11;0
5;2025-11-13;12;0
5;2025-11-13;13;0
5;2025-11-13;14;0
5;2025-11-13;15;0
5;2025-11-13;16;0
5;2025-11-13;17;0
5;2025-11-13;18;0
5;2025-11-13;19;0
5;2025-11-13;20;0
5;2025-11-13;21;0
5;2025-11-13;22;0
5;2025-11-13;23;0
5;2025-11-14;0;0
5;2025-11-14;1;0
5;2025-11-14;2;0
5;2025-11-14;3;0
5;2025-11-14;4;0
5;2025-11-14;5;0
5;2025-11-14;6;0
5;2025-11-14;7;0
5;2025-11-14;8;0
5;2025-11-14;9;0
5;2025-11-14;10;0
5;2025-11-14;11;0
5;2025-11-14;12;0
5;2025-11-14;13;0
5;2025-11-14;14;0
5;2025-11-14;15;0
5;2025-11-14;16;0
5;2025-11-14;17;0
5;2025-11-14;18;0
5;2025-11-14;19;0
5;2025-11-14;20;0
5;2025-11-14;21;0
5;2025-11-14;22;0
5;2025-11-14;23;0
5;2025-11-15;0;0
5;2025-11-15;1;0
5;2025-11-15;2;0
5;2025-11-15;3;0
5;2025-11-15;4;0
5;2025-11-15;5;0
5;2025-11-15;6;0
5;2025-11-15;7;0
5;2025-11-15;8;0
5;2025-11-15;9;0
5;2025-11-15;10;0
5;2025-11-15;11;0
5;2025-11-15;12;0
5;2025-11-15;13;0
5;2025-11-15;14;0
5;2025-11-15;15;0
5;2025-11-15;16;0
5;2025-11-15;17;0
5;2025-11-15;18;0
5;2025-11-15;19;0
5;2025-11-15;20;0
5;2025-11-15;21;0
5;2025-11-15;22;0
5;2025-11-15;23;0
5;2025-11-16;0;0
5;2025-11-16;1;0
5;2025-11-16;2;0
5;2025-11-16;3;0
5;2025-11-16;4;0
5;2025-11-16;5;0
5;2025-11-16;6;0
5;2025-11-16;7;0
5;2025-11-16;8;0
5;2025-11-16;9;0
5;2025-11-16;10;0
5;2025-11-16;11;0
5;2025-11-16;12;0
5;2025-11-16;13;0
5;2025-11-16;14;0
5;2025-11-16;15;0
5;2025-11-16;16;0
5;2025-11-16;17;0
5;2025-11-16;18;0
5;2025-11-16;19;0
5;2025-11-16;20;0
5;2025-11-16;21;0
5;2025-11-16;22;0
5;2025-11-16;23;0
5;2025-11-17;0;0
5;2025-11-17;1;0
5;2025-11-17;2;0
5;2025-11-17;3;0
5;2025-11-17;4;0
5;2025-11-17;5;0
5;2025-11-17;6;0
5;2025-11-17;7;0
5;2025-11-17;8;0
5;2025-11-17;9;0
5;2025-11-17;10;0
5;2025-11-17;11;0
5;2025-11-17;12;0
5;2025-11-17;13;0
5;2025-11-17;14;0
5;2025-11-17;15;0
5;2025-11-17;16;0
5;2025-11-17;17;0
5;2025-11-17;18;0
5;2025-11-17;19;0
5;2025-11-17;20;0
5;2025-11-17;21;0
5;2025-11-17;22;0
5;2025-11-17;23;0
5;2025-11-18;0;0
5;2025-11-18;1;0
5;2025-11-18;2;0
5;2025-11-18;3;0
5;2025-11-18;4;0
5;2025-11-18;5;0
5;2025-11-18;6;0
5;2025-11-18;7;0
5;2025-11-18;8;0
5;2025-11-18;9;0
5;2025-11-18;10;0
5;2025-11-18;11;0
5;2025-11-18;12;0
5;2025-11-18;13;0
5;2025-11-18;14;0
5;2025-11-18;15;0
5;2025-11-18;16;0
5;2025-11-18;17;0
5;2025-11-18;18;0
5;2025-11-18;19;0
5;2025-11-18;20;0
5;2025-11-18;21;0
5;2025-11-18;22;0
5;2025-11-18;23;0
5;2025-11-19;0;0
5;2025-11-19;1;0
5;2025-11-19;2;0
5;2025-11-19;3;0
5;2025-11-19;4;0
5;2025-11-19;5;0
5;2025-11-19;6;0
5;2025-11-19;7;0
5;2025-11-19;8;0
5;2025-11-19;9;0
5;2025-11-19;10;0
5;2025-11-19;11;0
5;2025-11-19;12;0
5;2025-11-19;13;0
5;2025-11-19;14;0
5;2025-11-19;15;0
5;2025-11-19;16;0
5;2025-11-19;17;0
5;2025-11-19;18;0
5;2025-11-19;19;0
5;2025-11-19;20;0
5;2025-11-19;21;0
5;2025-11-19;22;0
5;2025-11-19;23;0
5;2025-11-20;0;0
5;2025-11-20;1;0
5;2025-11-20;2;0
5;2025-11-20;3;0
5;2025-11-20;4;0
5;2025-11-20;5;0
5;2025-11-20;6;0
5;2025-11-20;7;0
5;2025-11-20;8;0
5;2025-11-20;9;0
5;2025-11-20;10;0
5;2025-11-20;11;0
5;2025-11-20;12;0
5;2025-11-20;13;0
5;2025-11-20;14;0
5;2025-11-20;15;0
5;2025-11-20;16;0
5;2025-11-20;17;0
5;2025-11-20;18;0
5;2025-11-20;19;0
5;2025-11-20;20;0
5;2025-11-20;21;0
5;2025-11-20;22;0
5;2025-11-20;23;0
5;2025-11-21;0;0
5;2025-11-21;1;0
5;2025-11-21;2;0
5;2025-11-21;3;0
5;2025-11-21;4;0
5;2025-11-21;5;0
5;2025-11-21;6;0
5;2025-11-21;7;0
5;2025-11-21;8;0
5;2025-11-21;9;0
5;2025-11-21;10;0
5;2025-11-21;11;0
5;2025-11-21;12;0
5;2025-11-21;13;0
5;2025-11-21;14;0
5;2025-11-21;15;0
5;2025-11-21;16;0
5;2025-11-21;17;0
5;2025-11-21;18;0
5;2025-11-21;19;0
5;2025-11-21;20;0
5;2025-11-21;21;0
5;2025-11-21;22;0
5;2025-11-21;23;0
5;2025-11-22;0;0
5;2025-11-22;1;0
5;2025-11-22;2;0
5;2025-11-22;3;0
5;2025-11-22;4;0
5;2025-11-22;5;0
5;2025-11-22;6;0
5;2025-11-22;7;0
5;2025-11-22;8;0
5;2025-11-22;9;0
5;2025-11-22;10;0
5;2025-11-22;11;0
5;2025-11-22;12;0
5;2025-11-22;13;0
5;2025-11-22;14;0
5;2025-11-22;15;0
5;2025-11-22;16;0
5;2025-11-22;17;0
5;2025-11-22;18;0
5;2025-11-22;19;0
5;2025-11-22;20;0
5;2025-11-22;21;0
5;2025-11-22;22;0
5;2025-11-22;23;0
5;2025-11-23;0;0
5;2025-11-23;1;0
5;2025-11-23;2;0
5;2025-11-23;3;0
5;2025-11-23;4;0
5;2025-11-23;5;0
5;2025-11-23;6;0
5;2025-11-23;7;0
5;2025-11-23;8;0
5;2025-11-23;9;0
5;2025-11-23;10;0
5;2025-11-23;11;0
5;2025-11-23;12;0
5;2025-11-23;13;0
5;2025-11-23;14;0
5;2025-11-23;15;0
5;2025-11-23;16;0
5;2025-11-23;17;0
5;2025-11-23;18;0
5;2025-11-23;19;0
5;2025-11-23;20;0
5;2025-11-23;21;0
5;2025-11-23;22;0
5;2025-11-23;23;0
5;2025-11-24;0;0
5;2025-11-24;1;0
5;2025-11-24;2;0
5;2025-11-24;3;0
5;2025-11-24;4;0
5;2025-11-24;5;0
5;2025-11-24;6;0
5;2025-11-24;7;0
5;2025-11-24;8;0
5;2025-11-24;9;0
5;2025-11-24;10;0
5;2025-11-24;11;0
5;2025-11-24;12;0
5;2025-11-24;13;0
5;2025-11-24;14;0
5;2025-11-24;15;0
5;2025-11-24;16;0
5;2025-11-24;17;0
5;2025-11-24;18;0
5;2025-11-24;19;0
5;2025-11-24;20;0
5;2025-11-24;21;0
5;2025-11-24;22;0
5;2025-11-24;23;0
5;2025-11-25;0;0
5;2025-11-25;1;0
5;2025-11-25;2;0
5;2025-11-25;3;0
5;2025-11-25;4;0
5;2025-11-25;5;0
5;2025-11-25;6;0
5;2025-11-25;7;0
5;2025-11-25;8;0
5;2025-11-25;9;0
5;2025-11-25;10;0
5;2025-11-25;11;0
5;2025-11-25;12;0
5;2025-11-25;13;0
5;2025-11-25;14;0
5;2025-11-25;15;0
5;2025-11-25;16;0
5;2025-11-25;17;0
5;2025-11-25;18;0
5;2025-11-25;19;0
5;2025-11-25;20;0
5;2025-11-25;21;0
5;2025-11-25;22;0
5;2025-11-25;23;0
5;2025-11-26;0;0
5;2025-11-26;1;0
5;2025-11-26;2;0
5;2025-11-26;3;0
5;2025-11-26;4;0
5;2025-11-26;5;0
5;2025-11-26;6;0
5;2025-11-26;7;0
5;2025-11-26;8;0
5;2025-11-26;9;0
5;2025-11-26;10;0
5;2025-11-26;11;0
5;2025-11-26;12;0
5;2025-11-26;13;0
5;2025-11-26;14;0
5;2025-11-26;15;0
5;2025-11-26;16;0
5;2025-11-26;17;0
5;2025-11-26;18;0
5;2025-11-26;19;0
5;2025-11-26;20;0
5;2025-11-26;21;0
5;2025-11-26;22;0
5;2025-11-26;23;0
5;2025-11-27;0;0
5;2025-11-27;1;0
5;2025-11-27;2;0
5;2025-11-27;3;0
5;2025-11-27;4;0
5;2025-11-27;5;0
5;2025-11-27;6;0
5;2025-11-27;7;0
5;2025-11-27;8;0
5;2025-11-27;9;0
5;2025-11-27;10;0
5;2025-11-27;11;0
5;2025-11-27;12;0
5;2025-11-27;13;0
5;2025-11-27;14;0
5;2025-11-27;15;0
5;2025-11-27;16;0
5;2025-11-27;17;0
5;2025-11-27;18;0
5;2025-11-27;19;0
5;2025-11-27;20;0
5;2025-11-27;21;0
5;2025-11-27;22;0
5;2025-11-27;23;0
5;2025-11-28;0;0
5;2025-11-28;1;0
5;2025-11-28;2;0
5;2025-11-28;3;0
5;2025-11-28;4;0
5;2025-11-28;5;0
5;2025-11-28;6;0
5;2025-11-28;7;0
5;2025-11-28;8;0
5;2025-11-28;9;0
5;2025-11-28;10;0
5;2025-11-28;11;0
5;2025-11-28;12;0
5;2025-11-28;13;0
5;2025-11-28;14;0
5;2025-11-28;15;0
5;2025-11-28;16;0
5;2025-11-28;17;0
5;2025-11-28;18;0
5;2025-11-28;19;0
5;2025-11-28;20;0
5;2025-11-28;21;0
5;2025-11-28;22;0
5;2025-11-28;23;0
5;2025-11-29;0;0
5;2025-11-29;1;0
5;2025-11-29;2;0
5;2025-11-29;3;0
5;2025-11-29;4;0
5;2025-11-29;5;0
5;2025-11-29;6;0
5;2025-11-29;7;0
5;2025-11-29;8;0
5;2025-11-29;9;0
5;2025-11-29;10;0
5;2025-11-29;11;0
5;2025-11-29;12;0
5;2025-11-29;13;0
5;2025-11-29;14;0
5;2025-11-29;15;0
5;2025-11-29;16;0
5;2025-11-29;17;0
5;2025-11-29;18;0
5;2025-11-29;19;0
5;2025-11-29;20;0
5;2025-11-29;21;0
5;2025-11-29;22;0
5;2025-11-29;23;0
5;2025-11-30;0;0
5;2025-11-30;1;0
5;2025-11-30;2;0
5;2025-11-30;3;0
5;2025-11-30;4;0
5;2025-11-30;5;0
5;2025-11-30;6;0
5;2025-11-30;7;0
5;2025-11-30;8;0
5;2025-11-30;9;0
5;2025-11-30;10;0
5;2025-11-30;11;0
5;2025-11-30;12;0
5;2025-11-30;13;0
5;2025-11-30;14;0
5;2025-11-30;15;0
5;2025-11-30;16;0
5;2025-11-30;17;0
5;2025-11-30;18;0
5;2025-11-30;19;0
5;2025-11-30;20;0
5;2025-11-30;21;0
5;2025-11-30;22;0
5;2025-11-30;23;0
5;2025-12-01;0;0
5;2025-12-01;1;0
5;2025-12-01;2;0
5;2025-12-01;3;0
5;2025-12-01;4;0
5;2025-12-01;5;0
5;2025-12-01;6;0
5;2025-12-01;7;0
5;2025-12-01;8;0
5;2025-12-01;9;0
5;2025-12-01;10;0
5;2025-12-01;11;0
5;2025-12-01;12;0
5;2025-12-01;13;0
5;2025-12-01;14;0
5;2025-12-01;15;0
5;2025-12-01;16;0
5;2025-12-01;17;0
5;2025-12-01;18;0
5;2025-12-01;19;0
5;2025-12-01;20;0
5;2025-12-01;21;0
5;2025-12-01;22;0
5;2025-12-01;23;0
5;2025-12-02;0;0
5;2025-12-02;1;0
5;2025-12-02;2;0
5;2025-12-02;3;0
5;2025-12-02;4;0
5;2025-12-02;5;0
5;2025-12-02;6;0
5;2025-12-02;7;0
5;2025-12-02;8;0
5;2025-12-02;9;0
5;2025-12-02;10;0
5;2025-12-02;11;0
5;2025-12-02;12;0
5;2025-12-02;13;0
5;2025-12-02;14;0
5;2025-12-02;15;0
5;2025-12-02;16;0
5;2025-12-02;17;0
5;2025-12-02;18;0
5;2025-12-02;19;0
5;2025-12-02;20;0
5;2025-12-02;21;0
5;2025-12-02;22;0
5;2025-12-02;23;0
5;2025-12-03;0;0
5;2025-12-03;1;0
5;2025-12-03;2;0
5;2025-12-03;3;0
5;2025-12-03;4;0
5;2025-12-03;5;0
5;2025-12-03;6;0
5;2025-12-03;7;0
5;2025-12-03;8;0
5;2025-12-03;9;0
5;2025-12-03;10;0
5;2025-12-03;11;0
5;2025-12-03;12;0
5;2025-12-03;13;0
5;2025-12-03;14;0
5;2025-12-03;15;0
5;2025-12-03;16;0
5;2025-12-03;17;0
5;2025-12-03;18;0
5;2025-12-03;19;0
5;2025-12-03;20;0
5;2025-12-03;21;0
5;2025-12-03;22;0
5;2025-12-03;23;0
5;2025-12-04;0;0
5;2025-12-04;1;0
5;2025-12-04;2;0
5;2025-12-04;3;0
5;2025-12-04;4;0
5;2025-12-04;5;0
5;2025-12-04;6;0
5;2025-12-04;7;0
5;2025-12-04;8;0
5;2025-12-04;9;0
5;2025-12-04;10;0
5;2025-12-04;11;0
5;2025-12-04;12;0
5;2025-12-04;13;0
5;2025-12-04;14;0
5;2025-12-04;15;0
5;2025-12-04;16;0
5;2025-12-04;17;0
5;2025-12-04;18;0
5;2025-12-04;19;0
5;2025-12-04;20;0
5;2025-12-04;21;0
5;2025-12-04;22;0
5;2025-12-04;23;0
5;2025-12-05;0;0
5;2025-12-05;1;0
5;2025-12-05;2;0
5;2025-12-05;3;0
5;2025-12-05;4;0
5;2025-12-05;5;0
5;2025-12-05;6;0
5;2025-12-05;7;0
5;2025-12-05;8;0
5;2025-12-05;9;0
5;2025-12-05;10;0
5;2025-12-05;11;0
5;2025-12-05;12;0
5;2025-12-05;13;0
5;2025-12-05;14;0
5;2025-12-05;15;0
5;2025-12-05;16;0
5;2025-12-05;17;0
5;2025-12-05;18;0
5;2025-12-05;19;0
5;2025-12-05;20;0
5;2025-12-05;21;0
5;2025-12-05;22;0
5;2025-12-05;23;0
5;2025-12-06;0;0
5;2025-12-06;1;0
5;2025-12-06;2;0
5;2025-12-06;3;0
5;2025-12-06;4;0
5;2025-12-06;5;0
5;2025-12-06;6;0
5;2025-12-06;7;0
5;2025-12-06;8;0
5;2025-12-06;9;0
5;2025-12-06;10;0
5;2025-12-06;11;0
5;2025-12-06;12;0
5;2025-12-06;13;0
5;2025-12-06;14;0
5;2025-12-06;15;0
5;2025-12-06;16;0
5;2025-12-06;17;0
5;2025-12-06;18;0
5;2025-12-06;19;0
5;2025-12-06;20;0
5;2025-12-06;21;0
5;2025-12-06;22;0
5;2025-12-06;23;0
5;2025-12-07;0;0
5;2025-12-07;1;0
5;2025-12-07;2;0
5;2025-12-07;3;0
5;2025-12-07;4;0
5;2025-12-07;5;0
5;2025-12-07;6;0
5;2025-12-07;7;0
5;2025-12-07;8;0
5;2025-12-07;9;0
5;2025-12-07;10;0
5;2025-12-07;11;0
5;2025-12-07;12;0
5;2025-12-07;13;0
5;2025-12-07;14;0
5;2025-12-07;15;0
5;2025-12-07;16;0
5;2025-12-07;17;0
5;2025-12-07;18;0
5;2025-12-07;19;0
5;2025-12-07;20;0
5;2025-12-07;21;0
5;2025-12-07;22;0
5;2025-12-07;23;0
5;2025-12-08;0;0
5;2025-12-08;1;0
5;2025-12-08;2;0
5;2025-12-08;3;0
5;2025-12-08;4;0
5;2025-12-08;5;0
5;2025-12-08;6;0
5;2025-12-08;7;0
5;2025-12-08;8;0
5;2025-12-08;9;0
5;2025-12-08;10;0
5;2025-12-08;11;0
5;2025-12-08;12;0
5;2025-12-08;13;0
5;2025-12-08;14;0
5;2025-12-08;15;0
5;2025-12-08;16;0
5;2025-12-08;17;0
5;2025-12-08;18;0
5;2025-12-08;19;0
5;2025-12-08;20;0
5;2025-12-08;21;0
5;2025-12-08;22;0
5;2025-12-08;23;0
5;2025-12-09;0;0
5;2025-12-09;1;0
5;2025-12-09;2;0
5;2025-12-09;3;0
5;2025-12-09;4;0
5;2025-12-09;5;0
5;2025-12-09;6;0
5;2025-12-09;7;0
5;2025-12-09;8;0
5;2025-12-09;9;0
5;2025-12-09;10;0
5;2025-12-09;11;0
5;2025-12-09;12;0
5;2025-12-09;13;0
5;2025-12-09;14;0
5;2025-12-09;15;0
5;2025-12-09;16;0
5;2025-12-09;17;0
5;2025-12-09;18;0
5;2025-12-09;19;0
5;2025-12-09;20;0
5;2025-12-09;21;0
5;2025-12-09;22;0
5;2025-12-09;23;0
5;2025-12-10;0;0
5;2025-12-10;1;0
5;2025-12-10;2;0
5;2025-12-10;3;0
5;2025-12-10;4;0
5;2025-12-10;5;0
5;2025-12-10;6;0
5;2025-12-10;7;0
5;2025-12-10;8;0
5;2025-12-10;9;0
5;2025-12-10;10;0
5;2025-12-10;11;0
5;2025-12-10;12;0
5;2025-12-10;13;0
5;2025-12-10;14;0
5;2025-12-10;15;0
5;2025-12-10;16;0
5;2025-12-10;17;0
5;2025-12-10;18;0
5;2025-12-10;19;0
5;2025-12-10;20;0
5;2025-12-10;21;0
5;2025-12-10;22;0
5;2025-12-10;23;0
5;2025-12-11;0;0
5;2025-12-11;1;0
5;2025-12-11;2;0
5;2025-12-11;3;0
5;2025-12-11;4;0
5;2025-12-11;5;0
5;2025-12-11;6;0
5;2025-12-11;7;0
5;2025-12-11;8;0
5;2025-12-11;9;0
5;2025-12-11;10;0
5;2025-12-11;11;0
5;2025-12-11;12;0
5;2025-12-11;13;0
5;2025-12-11;14;0
5;2025-12-11;15;0
5;2025-12-11;16;0
5;2025-12-11;17;0
5;2025-12-11;18;0
5;2025-12-11;19;0
5;2025-12-11;20;0
5;2025-12-11;21;0
5;2025-12-11;22;0
5;2025-12-11;23;0
5;2025-12-12;0;0
5;2025-12-12;1;0
5;2025-12-12;2;0
5;2025-12-12;3;0
5;2025-12-12;4;0
5;2025-12-12;5;0
5;2025-12-12;6;0
5;2025-12-12;7;0
5;2025-12-12;8;0
5;2025-12-12;9;0
5;2025-12-12;10;0
5;2025-12-12;11;0
5;2025-12-12;12;0
5;2025-12-12;13;0
5;2025-12-12;14;0
5;2025-12-12;15;0
5;2025-12-12;16;0
5;2025-12-12;17;0
5;2025-12-12;18;0
5;2025-12-12;19;0
5;2025-12-12;20;0
5;2025-12-12;21;0
5;2025-12-12;22;0
5;2025-12-12;23;0
5;2025-12-13;0;0
5;2025-12-13;1;0
5;2025-12-13;2;0
5;2025-12-13;3;0
5;2025-12-13;4;0
5;2025-12-13;5;0
5;2025-12-13;6;0
5;2025-12-13;7;0
5;2025-12-13;8;0
5;2025-12-13;9;0
5;2025-12-13;10;0
5;2025-12-13;11;0
5;2025-12-13;12;0
5;2025-12-13;13;0
5;2025-12-13;14;0
5;2025-12-13;15;0
5;2025-12-13;16;0
5;2025-12-13;17;0
5;2025-12-13;18;0
5;2025-12-13;19;0
5;2025-12-13;20;0
5;2025-12-13;21;0
5;2025-12-13;22;0
5;2025-12-13;23;0
5;2025-12-14;0;0
5;2025-12-14;1;0
5;2025-12-14;2;0
5;2025-12-14;3;0
5;2025-12-14;4;0
5;2025-12-14;5;0
5;2025-12-14;6;0
5;2025-12-14;7;0
5;2025-12-14;8;0
5;2025-12-14;9;0
5;2025-12-14;10;0
5;2025-12-14;11;0
5;2025-12-14;12;0
5;2025-12-14;13;0
5;2025-12-14;14;0
5;2025-12-14;15;0
5;2025-12-14;16;0
5;2025-12-14;17;0
5;2025-12-14;18;0
5;2025-12-14;19;0
5;2025-12-14;20;0
5;2025-12-14;21;0
5;2025-12-14;22;0
5;2025-12-14;23;0
5;2025-12-15;0;0
5;2025-12-15;1;0
5;2025-12-15;2;0
5;2025-12-15;3;0
5;2025-12-15;4;0
5;2025-12-15;5;0
5;2025-12-15;6;0
5;2025-12-15;7;0
5;2025-12-15;8;0
5;2025-12-15;9;0
5;2025-12-15;10;0
5;2025-12-15;11;0
5;2025-12-15;12;0
5;2025-12-15;13;0
5;2025-12-15;14;0
5;2025-12-15;15;0
5;2025-12-15;16;0
5;2025-12-15;17;0
5;2025-12-15;18;0
5;2025-12-15;19;0
5;2025-12-15;20;0
5;2025-12-15;21;0
5;2025-12-15;22;0
5;2025-12-15;23;0
5;2025-12-16;0;0
5;2025-12-16;1;0
5;2025-12-16;2;0
5;2025-12-16;3;0
5;2025-12-16;4;0
5;2025-12-16;5;0
5;2025-12-16;6;0
5;2025-12-16;7;0
5;2025-12-16;8;0
5;2025-12-16;9;0
5;2025-12-16;10;0
5;2025-12-16;11;0
5;2025-12-16;12;0
5;2025-12-16;13;0
5;2025-12-16;14;0
5;2025-12-16;15;0
5;2025-12-16;16;0
5;2025-12-16;17;0
5;2025-12-16;18;567
5;2025-12-16;19;337
5;2025-12-16;20;230
5;2025-12-16;21;154
5;2025-12-16;22;63
5;2025-12-16;23;37
5;2025-12-17;0;7
5;2025-12-17;1;0
5;2025-12-17;2;0
5;2025-12-17;3;0
5;2025-12-17;4;1
5;2025-12-17;5;18
5;2025-12-17;6;130
5;2025-12-17;7;416
5;2025-12-17;8;680
5;2025-12-17;9;535
5;2025-12-17;10;415
5;2025-12-17;11;375
5;2025-12-17;12;354
5;2025-12-17;13;375
5;2025-12-17;14;357
5;2025-12-17;15;414
5;2025-12-17;16;441
5;2025-12-17;17;582
5;2025-12-17;18;567
5;2025-12-17;19;337
5;2025-12-17;20;230
5;2025-12-17;21;154
5;2025-12-17;22;63
5;2025-12-17;23;37
5;2025-12-18;0;7
5;2025-12-18;1;0
5;2025-12-18;2;0
5;2025-12-18;3;0
5;2025-12-18;4;1
5;2025-12-18;5;18
5;2025-12-18;6;130
5;2025-12-18;7;416
5;2025-12-18;8;680
5;2025-12-18;9;535
5;2025-12-18;10;415
5;2025-12-18;11;375
5;2025-12-18;12;354
5;2025-12-18;13;375
5;2025-12-18;14;357
5;2025-12-18;15;414
5;2025-12-18;16;441
5;2025-12-18;17;582
5;2025-12-18;18;567
5;2025-12-18;19;337
5;2025-12-18;20;230
5;2025-12-18;21;154
5;2025-12-18;22;63
5;2025-12-18;23;37
5;2025-12-19;0;7
5;2025-12-19;1;0
5;2025-12-19;2;0
5;2025-12-19;3;0
5;2025-12-19;4;1
5;2025-12-19;5;18
5;2025-12-19;6;130
5;2025-12-19;7;416
5;2025-12-19;8;680
5;2025-12-19;9;535
5;2025-12-19;10;415
5;2025-12-19;11;375
5;2025-12-19;12;354
5;2025-12-19;13;375
5;2025-12-19;14;357
5;2025-12-19;15;414
5;2025-12-19;16;441
5;2025-12-19;17;582
5;2025-12-19;18;567
5;2025-12-19;19;337
5;2025-12-19;20;230
5;2025-12-19;21;154
5;2025-12-19;22;63
5;2025-12-19;23;37
5;2025-12-20;0;4
5;2025-12-20;1;0
5;2025-12-20;2;0
5;2025-12-20;3;0
5;2025-12-20;4;0
5;2025-12-20;5;10
5;2025-12-20;6;77
5;2025-12-20;7;255
5;2025-12-20;8;416
5;2025-12-20;9;328
5;2025-12-20;10;250
5;2025-12-20;11;225
5;2025-12-20;12;211
5;2025-12-20;13;225
5;2025-12-20;14;214
5;2025-12-20;15;248
5;2025-12-20;16;267
5;2025-12-20;17;352
5;2025-12-20;18;343
5;2025-12-20;19;202
5;2025-12-20;20;137
5;2025-12-20;21;93
5;2025-12-20;22;38
5;2025-12-20;23;22
5;2025-12-21;0;4
5;2025-12-21;1;0
5;2025-12-21;2;0
5;2025-12-21;3;0
5;2025-12-21;4;0
5;2025-12-21;5;9
5;2025-12-21;6;64
5;2025-12-21;7;211
5;2025-12-21;8;348
5;2025-12-21;9;273
5;2025-12-21;10;208
5;2025-12-21;11;188
5;2025-12-21;12;176
5;2025-12-21;13;187
5;2025-12-21;14;177
5;2025-12-21;15;208
5;2025-12-21;16;222
5;2025-12-21;17;293
5;2025-12-21;18;286
5;2025-12-21;19;170
5;2025-12-21;20;115
5;2025-12-21;21;77
5;2025-12-21;22;31
5;2025-12-21;23;18
5;2025-12-22;0;7
5;2025-12-22;1;0
5;2025-12-22;2;0
5;2025-12-22;3;0
5;2025-12-22;4;1
5;2025-12-22;5;18
5;2025-12-22;6;130
5;2025-12-22;7;416
5;2025-12-22;8;680
5;2025-12-22;9;535
5;2025-12-22;10;415
5;2025-12-22;11;375
5;2025-12-22;12;354
5;2025-12-22;13;375
5;2025-12-22;14;357
5;2025-12-22;15;414
5;2025-12-22;16;441
5;2025-12-22;17;582
5;2025-12-22;18;567
5;2025-12-22;19;337
5;2025-12-22;20;230
5;2025-12-22;21;154
5;2025-12-22;22;63
5;2025-12-22;23;37
5;2025-12-23;0;7
5;2025-12-23;1;0
5;2025-12-23;2;0
5;2025-12-23;3;0
5;2025-12-23;4;1
5;2025-12-23;5;18
5;2025-12-23;6;130
5;2025-12-23;7;416
5;2025-12-23;8;680
5;2025-12-23;9;535
5;2025-12-23;10;415
5;2025-12-23;11;375
5;2025-12-23;12;354
5;2025-12-23;13;375
5;2025-12-23;14;357
5;2025-12-23;15;414
5;2025-12-23;16;441
5;2025-12-23;17;582
5;2025-12-23;18;567
5;2025-12-23;19;337
5;2025-12-23;20;230
5;2025-12-23;21;154
5;2025-12-23;22;63
5;2025-12-23;23;37
5;2025-12-24;0;7
5;2025-12-24;1;0
5;2025-12-24;2;0
5;2025-12-24;3;0
5;2025-12-24;4;1
5;2025-12-24;5;18
5;2025-12-24;6;130
5;2025-12-24;7;416
5;2025-12-24;8;680
5;2025-12-24;9;535
5;2025-12-24;10;415
5;2025-12-24;11;375
5;2025-12-24;12;354
5;2025-12-24;13;375
5;2025-12-24;14;357
5;2025-12-24;15;414
5;2025-12-24;16;441
5;2025-12-24;17;582
5;2025-12-24;18;567
5;2025-12-24;19;337
5;2025-12-24;20;230
5;2025-12-24;21;154
5;2025-12-24;22;63
5;2025-12-24;23;37
5;2025-12-25;0;7
5;2025-12-25;1;0
5;2025-12-25;2;0
5;2025-12-25;3;0
5;2025-12-25;4;1
5;2025-12-25;5;18
5;2025-12-25;6;130
5;2025-12-25;7;416
5;2025-12-25;8;680
5;2025-12-25;9;535
5;2025-12-25;10;415
5;2025-12-25;11;375
5;2025-12-25;12;354
5;2025-12-25;13;375
5;2025-12-25;14;357
5;2025-12-25;15;414
5;2025-12-25;16;441
5;2025-12-25;17;582
5;2025-12-25;18;567
5;2025-12-25;19;337
5;2025-12-25;20;230
5;2025-12-25;21;154
5;2025-12-25;22;63
5;2025-12-25;23;37
5;2025-12-26;0;7
5;2025-12-26;1;0
5;2025-12-26;2;0
5;2025-12-26;3;0
5;2025-12-26;4;1
5;2025-12-26;5;18
5;2025-12-26;6;130
5;2025-12-26;7;416
5;2025-12-26;8;680
5;2025-12-26;9;535
5;2025-12-26;10;415
5;2025-12-26;11;375
5;2025-12-26;12;354
5;2025-12-26;13;375
5;2025-12-26;14;357
5;2025-12-26;15;414
5;2025-12-26;16;441
5;2025-12-26;17;582
5;2025-12-26;18;567
5;2025-12-26;19;337
5;2025-12-26;20;230
5;2025-12-26;21;154
5;2025-12-26;22;63
5;2025-12-26;23;37
5;2025-12-27;0;4
5;2025-12-27;1;0
5;2025-12-27;2;0
5;2025-12-27;3;0
5;2025-12-27;4;0
5;2025-12-27;5;10
5;2025-12-27;6;77
5;2025-12-27;7;255
5;2025-12-27;8;416
5;2025-12-27;9;328
5;2025-12-27;10;250
5;2025-12-27;11;225
5;2025-12-27;12;211
5;2025-12-27;13;225
5;2025-12-27;14;214
5;2025-12-27;15;248
5;2025-12-27;16;267
5;2025-12-27;17;352
5;2025-12-27;18;343
5;2025-12-27;19;202
5;2025-12-27;20;137
5;2025-12-27;21;93
5;2025-12-27;22;38
5;2025-12-27;23;22
5;2025-12-28;0;4
5;2025-12-28;1;0
5;2025-12-28;2;0
5;2025-12-28;3;0
5;2025-12-28;4;0
5;2025-12-28;5;9
5;2025-12-28;6;64
5;2025-12-28;7;211
5;2025-12-28;8;348
5;2025-12-28;9;273
5;2025-12-28;10;208
5;2025-12-28;11;188
5;2025-12-28;12;176
5;2025-12-28;13;187
5;2025-12-28;14;177
5;2025-12-28;15;208
5;2025-12-28;16;222
5;2025-12-28;17;293
5;2025-12-28;18;286
5;2025-12-28;19;170
5;2025-12-28;20;115
5;2025-12-28;21;77
5;2025-12-28;22;31
5;2025-12-28;23;18
5;2025-12-29;0;7
5;2025-12-29;1;0
5;2025-12-29;2;0
5;2025-12-29;3;0
5;2025-12-29;4;1
5;2025-12-29;5;19
5;2025-12-29;6;135
5;2025-12-29;7;434
5;2025-12-29;8;708
5;2025-12-29;9;558
5;2025-12-29;10;433
5;2025-12-29;11;390
5;2025-12-29;12;368
5;2025-12-29;13;390
5;2025-12-29;14;372
5;2025-12-29;15;432
5;2025-12-29;16;460
5;2025-12-29;17;606
5;2025-12-29;18;591
5;2025-12-29;19;351
5;2025-12-29;20;240
5;2025-12-29;21;161
5;2025-12-29;22;65
5;2025-12-29;23;38
5;2025-12-30;0;7
5;2025-12-30;1;0
5;2025-12-30;2;0
5;2025-12-30;3;0
5;2025-12-30;4;1
5;2025-12-30;5;19
5;2025-12-30;6;135
5;2025-12-30;7;434
5;2025-12-30;8;708
5;2025-12-30;9;558
5;2025-12-30;10;433
5;2025-12-30;11;390
5;2025-12-30;12;368
5;2025-12-30;13;390
5;2025-12-30;14;372
5;2025-12-30;15;432
5;2025-12-30;16;460
5;2025-12-30;17;606
5;2025-12-30;18;591
5;2025-12-30;19;351
5;2025-12-30;20;240
5;2025-12-30;21;161
5;2025-12-30;22;65
5;2025-12-30;23;38
5;2025-12-31;0;4
5;2025-12-31;1;0
5;2025-12-31;2;0
5;2025-12-31;3;0
5;2025-12-31;4;0
5;2025-12-31;5;9
5;2025-12-31;6;64
5;2025-12-31;7;211
5;2025-12-31;8;348
5;2025-12-31;9;273
5;2025-12-31;10;208
5;2025-12-31;11;188
5;2025-12-31;12;176
5;2025-12-31;13;187
5;2025-12-31;14;177
5;2025-12-31;15;208
5;2025-12-31;16;222
5;2025-12-31;17;293
5;2025-12-31;18;286
5;2025-12-31;19;170
5;2025-12-31;20;0
5;2025-12-31;21;0
5;2025-12-31;22;0
5;2025-12-31;23;0
7;2025-11-01;0;52
7;2025-11-01;1;9
7;2025-11-01;2;0
7;2025-11-01;3;0
7;2025-11-01;4;2
7;2025-11-01;5;156
7;2025-11-01;6;519
7;2025-11-01;7;1338
7;2025-11-01;8;2074
7;2025-11-01;9;1549
7;2025-11-01;10;1469
7;2025-11-01;11;1351
7;2025-11-01;12;1457
7;2025-11-01;13;1395
7;2025-11-01;14;1476
7;2025-11-01;15;1567
7;2025-11-01;16;1618
7;2025-11-01;17;2026
7;2025-11-01;18;2086
7;2025-11-01;19;1387
7;2025-11-01;20;906
7;2025-11-01;21;522
7;2025-11-01;22;212
7;2025-11-01;23;156
7;2025-11-02;0;99
7;2025-11-02;1;24
7;2025-11-02;2;0
7;2025-11-02;3;0
7;2025-11-02;4;1
7;2025-11-02;5;26
7;2025-11-02;6;132
7;2025-11-02;7;169
7;2025-11-02;8;395
7;2025-11-02;9;512
7;2025-11-02;10;395
7;2025-11-02;11;530
7;2025-11-02;12;652
7;2025-11-02;13;627
7;2025-11-02;14;677
7;2025-11-02;15;701
7;2025-11-02;16;586
7;2025-11-02;17;628
7;2025-11-02;18;656
7;2025-11-02;19;470
7;2025-11-02;20;402
7;2025-11-02;21;296
7;2025-11-02;22;153
7;2025-11-02;23;122
7;2025-11-03;0;94
7;2025-11-03;1;22
7;2025-11-03;2;0
7;2025-11-03;3;0
7;2025-11-03;4;0
7;2025-11-03;5;25
7;2025-11-03;6;125
7;2025-11-03;7;161
7;2025-11-03;8;375
7;2025-11-03;9;487
7;2025-11-03;10;375
7;2025-11-03;11;504
7;2025-11-03;12;620
7;2025-11-03;13;596
7;2025-11-03;14;643
7;2025-11-03;15;665
7;2025-11-03;16;557
7;2025-11-03;17;596
7;2025-11-03;18;623
7;2025-11-03;19;446
7;2025-11-03;20;382
7;2025-11-03;21;281
7;2025-11-03;22;146
7;2025-11-03;23;116
7;2025-11-04;0;94
7;2025-11-04;1;22
7;2025-11-04;2;0
7;2025-11-04;3;0
7;2025-11-04;4;0
7;2025-11-04;5;25
7;2025-11-04;6;125
7;2025-11-04;7;161
7;2025-11-04;8;375
7;2025-11-04;9;487
7;2025-11-04;10;375
7;2025-11-04;11;504
7;2025-11-04;12;620
7;2025-11-04;13;596
7;2025-11-04;14;643
7;2025-11-04;15;665
7;2025-11-04;16;557
7;2025-11-04;17;596
7;2025-11-04;18;623
7;2025-11-04;19;446
7;2025-11-04;20;382
7;2025-11-04;21;281
7;2025-11-04;22;146
7;2025-11-04;23;116
7;2025-11-05;0;56
7;2025-11-05;1;7
7;2025-11-05;2;0
7;2025-11-05;3;0
7;2025-11-05;4;1
7;2025-11-05;5;185
7;2025-11-05;6;610
7;2025-11-05;7;1544
7;2025-11-05;8;2444
7;2025-11-05;9;1816
7;2025-11-05;10;1736
7;2025-11-05;11;1569
7;2025-11-05;12;1688
7;2025-11-05;13;1599
7;2025-11-05;14;1706
7;2025-11-05;15;1820
7;2025-11-05;16;1873
7;2025-11-05;17;2414
7;2025-11-05;18;2532
7;2025-11-05;19;1653
7;2025-11-05;20;1055
7;2025-11-05;21;620
7;2025-11-05;22;296
7;2025-11-05;23;185
7;2025-11-06;0;60
7;2025-11-06;1;11
7;2025-11-06;2;0
7;2025-11-06;3;0
7;2025-11-06;4;1
7;2025-11-06;5;185
7;2025-11-06;6;617
7;2025-11-06;7;1563
7;2025-11-06;8;2441
7;2025-11-06;9;1808
7;2025-11-06;10;1691
7;2025-11-06;11;1561
7;2025-11-06;12;1690
7;2025-11-06;13;1605
7;2025-11-06;14;1709
7;2025-11-06;15;1788
7;2025-11-06;16;1858
7;2025-11-06;17;2363
7;2025-11-06;18;2544
7;2025-11-06;19;1646
7;2025-11-06;20;1063
7;2025-11-06;21;621
7;2025-11-06;22;295
7;2025-11-06;23;190
7;2025-11-07;0;65
7;2025-11-07;1;10
7;2025-11-07;2;0
7;2025-11-07;3;0
7;2025-11-07;4;1
7;2025-11-07;5;179
7;2025-11-07;6;605
7;2025-11-07;7;1539
7;2025-11-07;8;2360
7;2025-11-07;9;1768
7;2025-11-07;10;1706
7;2025-11-07;11;1570
7;2025-11-07;12;1698
7;2025-11-07;13;1661
7;2025-11-07;14;1737
7;2025-11-07;15;1857
7;2025-11-07;16;1946
7;2025-11-07;17;2358
7;2025-11-07;18;2248
7;2025-11-07;19;1530
7;2025-11-07;20;1040
7;2025-11-07;21;608
7;2025-11-07;22;306
7;2025-11-07;23;215
7;2025-11-08;0;118
7;2025-11-08;1;24
7;2025-11-08;2;0
7;2025-11-08;3;0
7;2025-11-08;4;1
7;2025-11-08;5;53
7;2025-11-08;6;282
7;2025-11-08;7;309
7;2025-11-08;8;708
7;2025-11-08;9;585
7;2025-11-08;10;636
7;2025-11-08;11;677
7;2025-11-08;12;947
7;2025-11-08;13;859
7;2025-11-08;14;843
7;2025-11-08;15;841
7;2025-11-08;16;868
7;2025-11-08;17;864
7;2025-11-08;18;752
7;2025-11-08;19;628
7;2025-11-08;20;512
7;2025-11-08;21;369
7;2025-11-08;22;198
7;2025-11-08;23;174
7;2025-11-09;0;99
7;2025-11-09;1;24
7;2025-11-09;2;0
7;2025-11-09;3;0
7;2025-11-09;4;1
7;2025-11-09;5;26
7;2025-11-09;6;132
7;2025-11-09;7;169
7;2025-11-09;8;395
7;2025-11-09;9;512
7;2025-11-09;10;395
7;2025-11-09;11;530
7;2025-11-09;12;652
7;2025-11-09;13;627
7;2025-11-09;14;677
7;2025-11-09;15;701
7;2025-11-09;16;586
7;2025-11-09;17;628
7;2025-11-09;18;656
7;2025-11-09;19;470
7;2025-11-09;20;402
7;2025-11-09;21;296
7;2025-11-09;22;153
7;2025-11-09;23;122
7;2025-11-10;0;61
7;2025-11-10;1;8
7;2025-11-10;2;0
7;2025-11-10;3;0
7;2025-11-10;4;1
7;2025-11-10;5;185
7;2025-11-10;6;620
7;2025-11-10;7;1583
7;2025-11-10;8;2469
7;2025-11-10;9;1842
7;2025-11-10;10;1717
7;2025-11-10;11;1552
7;2025-11-10;12;1690
7;2025-11-10;13;1612
7;2025-11-10;14;1704
7;2025-11-10;15;1810
7;2025-11-10;16;1873
7;2025-11-10;17;2401
7;2025-11-10;18;2549
7;2025-11-10;19;1675
7;2025-11-10;20;1075
7;2025-11-10;21;606
7;2025-11-10;22;274
7;2025-11-10;23;174
7;2025-11-11;0;54
7;2025-11-11;1;9
7;2025-11-11;2;0
7;2025-11-11;3;0
7;2025-11-11;4;1
7;2025-11-11;5;187
7;2025-11-11;6;636
7;2025-11-11;7;1610
7;2025-11-11;8;2497
7;2025-11-11;9;1857
7;2025-11-11;10;1746
7;2025-11-11;11;1609
7;2025-11-11;12;1728
7;2025-11-11;13;1638
7;2025-11-11;14;1722
7;2025-11-11;15;1848
7;2025-11-11;16;1889
7;2025-11-11;17;2435
7;2025-11-11;18;2579
7;2025-11-11;19;1713
7;2025-11-11;20;1091
7;2025-11-11;21;637
7;2025-11-11;22;294
7;2025-11-11;23;185
7;2025-11-12;0;54
7;2025-11-12;1;9
7;2025-11-12;2;0
7;2025-11-12;3;0
7;2025-11-12;4;1
7;2025-11-12;5;185
7;2025-11-12;6;617
7;2025-11-12;7;1546
7;2025-11-12;8;2448
7;2025-11-12;9;1833
7;2025-11-12;10;1743
7;2025-11-12;11;1570
7;2025-11-12;12;1686
7;2025-11-12;13;1595
7;2025-11-12;14;1696
7;2025-11-12;15;1816
7;2025-11-12;16;1880
7;2025-11-12;17;2423
7;2025-11-12;18;2534
7;2025-11-12;19;1654
7;2025-11-12;20;1055
7;2025-11-12;21;622
7;2025-11-12;22;295
7;2025-11-12;23;186
7;2025-11-13;0;58
7;2025-11-13;1;11
7;2025-11-13;2;0
7;2025-11-13;3;0
7;2025-11-13;4;1
7;2025-11-13;5;184
7;2025-11-13;6;623
7;2025-11-13;7;1565
7;2025-11-13;8;2449
7;2025-11-13;9;1822
7;2025-11-13;10;1697
7;2025-11-13;11;1563
7;2025-11-13;12;1693
7;2025-11-13;13;1608
7;2025-11-13;14;1707
7;2025-11-13;15;1795
7;2025-11-13;16;1872
7;2025-11-13;17;2379
7;2025-11-13;18;2556
7;2025-11-13;19;1650
7;2025-11-13;20;1070
7;2025-11-13;21;625
7;2025-11-13;22;297
7;2025-11-13;23;191
7;2025-11-14;0;64
7;2025-11-14;1;10
7;2025-11-14;2;0
7;2025-11-14;3;0
7;2025-11-14;4;1
7;2025-11-14;5;179
7;2025-11-14;6;614
7;2025-11-14;7;1542
7;2025-11-14;8;2368
7;2025-11-14;9;1786
7;2025-11-14;10;1718
7;2025-11-14;11;1574
7;2025-11-14;12;1698
7;2025-11-14;13;1664
7;2025-11-14;14;1734
7;2025-11-14;15;1864
7;2025-11-14;16;1960
7;2025-11-14;17;2375
7;2025-11-14;18;2252
7;2025-11-14;19;1533
7;2025-11-14;20;1043
7;2025-11-14;21;606
7;2025-11-14;22;304
7;2025-11-14;23;213
7;2025-11-15;0;98
7;2025-11-15;1;27
7;2025-11-15;2;0
7;2025-11-15;3;0
7;2025-11-15;4;0
7;2025-11-15;5;57
7;2025-11-15;6;315
7;2025-11-15;7;507
7;2025-11-15;8;796
7;2025-11-15;9;919
7;2025-11-15;10;976
7;2025-11-15;11;1134
7;2025-11-15;12;1345
7;2025-11-15;13;1311
7;2025-11-15;14;1416
7;2025-11-15;15;1260
7;2025-11-15;16;1211
7;2025-11-15;17;1202
7;2025-11-15;18;1135
7;2025-11-15;19;1151
7;2025-11-15;20;844
7;2025-11-15;21;681
7;2025-11-15;22;376
7;2025-11-15;23;224
7;2025-11-16;0;111
7;2025-11-16;1;27
7;2025-11-16;2;0
7;2025-11-16;3;0
7;2025-11-16;4;0
7;2025-11-16;5;35
7;2025-11-16;6;211
7;2025-11-16;7;350
7;2025-11-16;8;543
7;2025-11-16;9;715
7;2025-11-16;10;800
7;2025-11-16;11;1005
7;2025-11-16;12;1130
7;2025-11-16;13;1173
7;2025-11-16;14;1268
7;2025-11-16;15;1235
7;2025-11-16;16;1113
7;2025-11-16;17;1213
7;2025-11-16;18;1037
7;2025-11-16;19;899
7;2025-11-16;20;764
7;2025-11-16;21;611
7;2025-11-16;22;352
7;2025-11-16;23;192
7;2025-11-17;0;61
7;2025-11-17;1;9
7;2025-11-17;2;0
7;2025-11-17;3;0
7;2025-11-17;4;1
7;2025-11-17;5;183
7;2025-11-17;6;617
7;2025-11-17;7;1557
7;2025-11-17;8;2429
7;2025-11-17;9;1819
7;2025-11-17;10;1688
7;2025-11-17;11;1516
7;2025-11-17;12;1644
7;2025-11-17;13;1573
7;2025-11-17;14;1657
7;2025-11-17;15;1764
7;2025-11-17;16;1834
7;2025-11-17;17;2359
7;2025-11-17;18;2500
7;2025-11-17;19;1648
7;2025-11-17;20;1054
7;2025-11-17;21;597
7;2025-11-17;22;270
7;2025-11-17;23;173
7;2025-11-18;0;52
7;2025-11-18;1;11
7;2025-11-18;2;0
7;2025-11-18;3;0
7;2025-11-18;4;2
7;2025-11-18;5;181
7;2025-11-18;6;624
7;2025-11-18;7;1551
7;2025-11-18;8;2398
7;2025-11-18;9;1796
7;2025-11-18;10;1672
7;2025-11-18;11;1534
7;2025-11-18;12;1651
7;2025-11-18;13;1559
7;2025-11-18;14;1642
7;2025-11-18;15;1766
7;2025-11-18;16;1816
7;2025-11-18;17;2352
7;2025-11-18;18;2481
7;2025-11-18;19;1648
7;2025-11-18;20;1050
7;2025-11-18;21;616
7;2025-11-18;22;285
7;2025-11-18;23;177
7;2025-11-19;0;54
7;2025-11-19;1;7
7;2025-11-19;2;0
7;2025-11-19;3;0
7;2025-11-19;4;1
7;2025-11-19;5;187
7;2025-11-19;6;631
7;2025-11-19;7;1566
7;2025-11-19;8;2477
7;2025-11-19;9;1865
7;2025-11-19;10;1768
7;2025-11-19;11;1589
7;2025-11-19;12;1704
7;2025-11-19;13;1619
7;2025-11-19;14;1719
7;2025-11-19;15;1836
7;2025-11-19;16;1906
7;2025-11-19;17;2461
7;2025-11-19;18;2567
7;2025-11-19;19;1676
7;2025-11-19;20;1064
7;2025-11-19;21;628
7;2025-11-19;22;295
7;2025-11-19;23;186
7;2025-11-20;0;59
7;2025-11-20;1;11
7;2025-11-20;2;0
7;2025-11-20;3;0
7;2025-11-20;4;1
7;2025-11-20;5;185
7;2025-11-20;6;636
7;2025-11-20;7;1581
7;2025-11-20;8;2474
7;2025-11-20;9;1851
7;2025-11-20;10;1718
7;2025-11-20;11;1577
7;2025-11-20;12;1702
7;2025-11-20;13;1623
7;2025-11-20;14;1721
7;2025-11-20;15;1808
7;2025-11-20;16;1892
7;2025-11-20;17;2408
7;2025-11-20;18;2578
7;2025-11-20;19;1666
7;2025-11-20;20;1073
7;2025-11-20;21;627
7;2025-11-20;22;295
7;2025-11-20;23;190
7;2025-11-21;0;63
7;2025-11-21;1;10
7;2025-11-21;2;0
7;2025-11-21;3;0
7;2025-11-21;4;1
7;2025-11-21;5;181
7;2025-11-21;6;624
7;2025-11-21;7;1554
7;2025-11-21;8;2387
7;2025-11-21;9;1810
7;2025-11-21;10;1733
7;2025-11-21;11;1581
7;2025-11-21;12;1701
7;2025-11-21;13;1671
7;2025-11-21;14;1741
7;2025-11-21;15;1869
7;2025-11-21;16;1970
7;2025-11-21;17;2393
7;2025-11-21;18;2266
7;2025-11-21;19;1545
7;2025-11-21;20;1043
7;2025-11-21;21;609
7;2025-11-21;22;301
7;2025-11-21;23;215
7;2025-11-22;0;98
7;2025-11-22;1;27
7;2025-11-22;2;0
7;2025-11-22;3;0
7;2025-11-22;4;0
7;2025-11-22;5;57
7;2025-11-22;6;315
7;2025-11-22;7;507
7;2025-11-22;8;796
7;2025-11-22;9;919
7;2025-11-22;10;976
7;2025-11-22;11;1134
7;2025-11-22;12;1345
7;2025-11-22;13;1311
7;2025-11-22;14;1416
7;2025-11-22;15;1260
7;2025-11-22;16;1211
7;2025-11-22;17;1202
7;2025-11-22;18;1135
7;2025-11-22;19;1151
7;2025-11-22;20;844
7;2025-11-22;21;681
7;2025-11-22;22;376
7;2025-11-22;23;224
7;2025-11-23;0;111
7;2025-11-23;1;27
7;2025-11-23;2;0
7;2025-11-23;3;0
7;2025-11-23;4;0
7;2025-11-23;5;35
7;2025-11-23;6;211
7;2025-11-23;7;350
7;2025-11-23;8;543
7;2025-11-23;9;715
7;2025-11-23;10;800
7;2025-11-23;11;1005
7;2025-11-23;12;1130
7;2025-11-23;13;1173
7;2025-11-23;14;1268
7;2025-11-23;15;1235
7;2025-11-23;16;1113
7;2025-11-23;17;1213
7;2025-11-23;18;1037
7;2025-11-23;19;899
7;2025-11-23;20;764
7;2025-11-23;21;611
7;2025-11-23;22;352
7;2025-11-23;23;192
7;2025-11-24;0;59
7;2025-11-24;1;10
7;2025-11-24;2;0
7;2025-11-24;3;0
7;2025-11-24;4;1
7;2025-11-24;5;180
7;2025-11-24;6;610
7;2025-11-24;7;1529
7;2025-11-24;8;2382
7;2025-11-24;9;1792
7;2025-11-24;10;1654
7;2025-11-24;11;1481
7;2025-11-24;12;1609
7;2025-11-24;13;1542
7;2025-11-24;14;1626
7;2025-11-24;15;1728
7;2025-11-24;16;1805
7;2025-11-24;17;2325
7;2025-11-24;18;2460
7;2025-11-24;19;1621
7;2025-11-24;20;1035
7;2025-11-24;21;587
7;2025-11-24;22;264
7;2025-11-24;23;166
7;2025-11-25;0;51
7;2025-11-25;1;10
7;2025-11-25;2;0
7;2025-11-25;3;0
7;2025-11-25;4;1
7;2025-11-25;5;186
7;2025-11-25;6;645
7;2025-11-25;7;1600
7;2025-11-25;8;2483
7;2025-11-25;9;1866
7;2025-11-25;10;1736
7;2025-11-25;11;1590
7;2025-11-25;12;1704
7;2025-11-25;13;1619
7;2025-11-25;14;1698
7;2025-11-25;15;1828
7;2025-11-25;16;1883
7;2025-11-25;17;2430
7;2025-11-25;18;2563
7;2025-11-25;19;1705
7;2025-11-25;20;1081
7;2025-11-25;21;633
7;2025-11-25;22;289
7;2025-11-25;23;182
7;2025-11-26;0;54
7;2025-11-26;1;10
7;2025-11-26;2;0
7;2025-11-26;3;0
7;2025-11-26;4;2
7;2025-11-26;5;185
7;2025-11-26;6;626
7;2025-11-26;7;1539
7;2025-11-26;8;2436
7;2025-11-26;9;1841
7;2025-11-26;10;1737
7;2025-11-26;11;1551
7;2025-11-26;12;1664
7;2025-11-26;13;1580
7;2025-11-26;14;1681
7;2025-11-26;15;1795
7;2025-11-26;16;1869
7;2025-11-26;17;2419
7;2025-11-26;18;2522
7;2025-11-26;19;1646
7;2025-11-26;20;1041
7;2025-11-26;21;613
7;2025-11-26;22;287
7;2025-11-26;23;180
7;2025-11-27;0;59
7;2025-11-27;1;13
7;2025-11-27;2;0
7;2025-11-27;3;0
7;2025-11-27;4;1
7;2025-11-27;5;185
7;2025-11-27;6;633
7;2025-11-27;7;1556
7;2025-11-27;8;2429
7;2025-11-27;9;1826
7;2025-11-27;10;1687
7;2025-11-27;11;1545
7;2025-11-27;12;1666
7;2025-11-27;13;1585
7;2025-11-27;14;1679
7;2025-11-27;15;1765
7;2025-11-27;16;1857
7;2025-11-27;17;2367
7;2025-11-27;18;2535
7;2025-11-27;19;1633
7;2025-11-27;20;1052
7;2025-11-27;21;616
7;2025-11-27;22;287
7;2025-11-27;23;184
7;2025-11-28;0;63
7;2025-11-28;1;12
7;2025-11-28;2;0
7;2025-11-28;3;0
7;2025-11-28;4;2
7;2025-11-28;5;180
7;2025-11-28;6;621
7;2025-11-28;7;1531
7;2025-11-28;8;2348
7;2025-11-28;9;1787
7;2025-11-28;10;1706
7;2025-11-28;11;1554
7;2025-11-28;12;1672
7;2025-11-28;13;1642
7;2025-11-28;14;1712
7;2025-11-28;15;1836
7;2025-11-28;16;1947
7;2025-11-28;17;2368
7;2025-11-28;18;2241
7;2025-11-28;19;1525
7;2025-11-28;20;1029
7;2025-11-28;21;604
7;2025-11-28;22;298
7;2025-11-28;23;210
7;2025-11-29;0;98
7;2025-11-29;1;27
7;2025-11-29;2;0
7;2025-11-29;3;0
7;2025-11-29;4;0
7;2025-11-29;5;57
7;2025-11-29;6;315
7;2025-11-29;7;507
7;2025-11-29;8;796
7;2025-11-29;9;919
7;2025-11-29;10;976
7;2025-11-29;11;1134
7;2025-11-29;12;1345
7;2025-11-29;13;1311
7;2025-11-29;14;1416
7;2025-11-29;15;1260
7;2025-11-29;16;1211
7;2025-11-29;17;1202
7;2025-11-29;18;1135
7;2025-11-29;19;1151
7;2025-11-29;20;844
7;2025-11-29;21;681
7;2025-11-29;22;376
7;2025-11-29;23;224
7;2025-11-30;0;111
7;2025-11-30;1;27
7;2025-11-30;2;0
7;2025-11-30;3;0
7;2025-11-30;4;0
7;2025-11-30;5;35
7;2025-11-30;6;211
7;2025-11-30;7;350
7;2025-11-30;8;543
7;2025-11-30;9;715
7;2025-11-30;10;800
7;2025-11-30;11;1005
7;2025-11-30;12;1130
7;2025-11-30;13;1173
7;2025-11-30;14;1268
7;2025-11-30;15;1235
7;2025-11-30;16;1113
7;2025-11-30;17;1213
7;2025-11-30;18;1037
7;2025-11-30;19;899
7;2025-11-30;20;764
7;2025-11-30;21;611
7;2025-11-30;22;352
7;2025-11-30;23;192
7;2025-12-01;0;56
7;2025-12-01;1;10
7;2025-12-01;2;0
7;2025-12-01;3;0
7;2025-12-01;4;1
7;2025-12-01;5;172
7;2025-12-01;6;591
7;2025-12-01;7;1458
7;2025-12-01;8;2271
7;2025-12-01;9;1717
7;2025-12-01;10;1582
7;2025-12-01;11;1420
7;2025-12-01;12;1535
7;2025-12-01;13;1474
7;2025-12-01;14;1552
7;2025-12-01;15;1653
7;2025-12-01;16;1733
7;2025-12-01;17;2220
7;2025-12-01;18;2347
7;2025-12-01;19;1546
7;2025-12-01;20;983
7;2025-12-01;21;558
7;2025-12-01;22;250
7;2025-12-01;23;159
7;2025-12-02;0;49
7;2025-12-02;1;9
7;2025-12-02;2;0
7;2025-12-02;3;0
7;2025-12-02;4;1
7;2025-12-02;5;174
7;2025-12-02;6;606
7;2025-12-02;7;1485
7;2025-12-02;8;2296
7;2025-12-02;9;1735
7;2025-12-02;10;1609
7;2025-12-02;11;1470
7;2025-12-02;12;1572
7;2025-12-02;13;1496
7;2025-12-02;14;1568
7;2025-12-02;15;1688
7;2025-12-02;16;1747
7;2025-12-02;17;2252
7;2025-12-02;18;2377
7;2025-12-02;19;1583
7;2025-12-02;20;1002
7;2025-12-02;21;590
7;2025-12-02;22;267
7;2025-12-02;23;167
7;2025-12-03;0;51
7;2025-12-03;1;10
7;2025-12-03;2;0
7;2025-12-03;3;0
7;2025-12-03;4;1
7;2025-12-03;5;175
7;2025-12-03;6;600
7;2025-12-03;7;1452
7;2025-12-03;8;2291
7;2025-12-03;9;1741
7;2025-12-03;10;1640
7;2025-12-03;11;1468
7;2025-12-03;12;1571
7;2025-12-03;13;1492
7;2025-12-03;14;1582
7;2025-12-03;15;1694
7;2025-12-03;16;1774
7;2025-12-03;17;2287
7;2025-12-03;18;2382
7;2025-12-03;19;1559
7;2025-12-03;20;985
7;2025-12-03;21;584
7;2025-12-03;22;272
7;2025-12-03;23;171
7;2025-12-04;0;55
7;2025-12-04;1;11
7;2025-12-04;2;0
7;2025-12-04;3;0
7;2025-12-04;4;1
7;2025-12-04;5;173
7;2025-12-04;6;604
7;2025-12-04;7;1464
7;2025-12-04;8;2284
7;2025-12-04;9;1724
7;2025-12-04;10;1585
7;2025-12-04;11;1454
7;2025-12-04;12;1564
7;2025-12-04;13;1493
7;2025-12-04;14;1581
7;2025-12-04;15;1660
7;2025-12-04;16;1754
7;2025-12-04;17;2228
7;2025-12-04;18;2385
7;2025-12-04;19;1545
7;2025-12-04;20;995
7;2025-12-04;21;584
7;2025-12-04;22;272
7;2025-12-04;23;174
7;2025-12-05;0;60
7;2025-12-05;1;12
7;2025-12-05;2;0
7;2025-12-05;3;0
7;2025-12-05;4;1
7;2025-12-05;5;170
7;2025-12-05;6;593
7;2025-12-05;7;1442
7;2025-12-05;8;2209
7;2025-12-05;9;1689
7;2025-12-05;10;1609
7;2025-12-05;11;1463
7;2025-12-05;12;1566
7;2025-12-05;13;1547
7;2025-12-05;14;1609
7;2025-12-05;15;1727
7;2025-12-05;16;1838
7;2025-12-05;17;2227
7;2025-12-05;18;2094
7;2025-12-05;19;1433
7;2025-12-05;20;968
7;2025-12-05;21;569
7;2025-12-05;22;281
7;2025-12-05;23;198
7;2025-12-06;0;93
7;2025-12-06;1;25
7;2025-12-06;2;0
7;2025-12-06;3;0
7;2025-12-06;4;0
7;2025-12-06;5;54
7;2025-12-06;6;297
7;2025-12-06;7;479
7;2025-12-06;8;750
7;2025-12-06;9;868
7;2025-12-06;10;921
7;2025-12-06;11;1069
7;2025-12-06;12;1269
7;2025-12-06;13;1236
7;2025-12-06;14;1336
7;2025-12-06;15;1189
7;2025-12-06;16;1142
7;2025-12-06;17;1134
7;2025-12-06;18;1071
7;2025-12-06;19;1086
7;2025-12-06;20;796
7;2025-12-06;21;643
7;2025-12-06;22;354
7;2025-12-06;23;211
7;2025-12-07;0;105
7;2025-12-07;1;26
7;2025-12-07;2;0
7;2025-12-07;3;0
7;2025-12-07;4;0
7;2025-12-07;5;33
7;2025-12-07;6;200
7;2025-12-07;7;330
7;2025-12-07;8;513
7;2025-12-07;9;674
7;2025-12-07;10;755
7;2025-12-07;11;948
7;2025-12-07;12;1066
7;2025-12-07;13;1107
7;2025-12-07;14;1197
7;2025-12-07;15;1166
7;2025-12-07;16;1051
7;2025-12-07;17;1144
7;2025-12-07;18;979
7;2025-12-07;19;848
7;2025-12-07;20;721
7;2025-12-07;21;577
7;2025-12-07;22;332
7;2025-12-07;23;182
7;2025-12-08;0;57
7;2025-12-08;1;10
7;2025-12-08;2;0
7;2025-12-08;3;0
7;2025-12-08;4;1
7;2025-12-08;5;173
7;2025-12-08;6;598
7;2025-12-08;7;1462
7;2025-12-08;8;2271
7;2025-12-08;9;1725
7;2025-12-08;10;1583
7;2025-12-08;11;1415
7;2025-12-08;12;1531
7;2025-12-08;13;1471
7;2025-12-08;14;1550
7;2025-12-08;15;1649
7;2025-12-08;16;1734
7;2025-12-08;17;2225
7;2025-12-08;18;2351
7;2025-12-08;19;1553
7;2025-12-08;20;982
7;2025-12-08;21;561
7;2025-12-08;22;250
7;2025-12-08;23;158
7;2025-12-09;0;50
7;2025-12-09;1;9
7;2025-12-09;2;0
7;2025-12-09;3;0
7;2025-12-09;4;1
7;2025-12-09;5;175
7;2025-12-09;6;614
7;2025-12-09;7;1482
7;2025-12-09;8;2293
7;2025-12-09;9;1739
7;2025-12-09;10;1605
7;2025-12-09;11;1462
7;2025-12-09;12;1559
7;2025-12-09;13;1488
7;2025-12-09;14;1559
7;2025-12-09;15;1681
7;2025-12-09;16;1747
7;2025-12-09;17;2246
7;2025-12-09;18;2371
7;2025-12-09;19;1584
7;2025-12-09;20;1001
7;2025-12-09;21;591
7;2025-12-09;22;266
7;2025-12-09;23;166
7;2025-12-10;0;51
7;2025-12-10;1;9
7;2025-12-10;2;0
7;2025-12-10;3;0
7;2025-12-10;4;1
7;2025-12-10;5;177
7;2025-12-10;6;603
7;2025-12-10;7;1443
7;2025-12-10;8;2280
7;2025-12-10;9;1738
7;2025-12-10;10;1629
7;2025-12-10;11;1454
7;2025-12-10;12;1552
7;2025-12-10;13;1480
7;2025-12-10;14;1567
7;2025-12-10;15;1677
7;2025-12-10;16;1762
7;2025-12-10;17;2271
7;2025-12-10;18;2367
7;2025-12-10;19;1555
7;2025-12-10;20;980
7;2025-12-10;21;583
7;2025-12-10;22;272
7;2025-12-10;23;171
7;2025-12-11;0;56
7;2025-12-11;1;11
7;2025-12-11;2;0
7;2025-12-11;3;0
7;2025-12-11;4;1
7;2025-12-11;5;175
7;2025-12-11;6;603
7;2025-12-11;7;1443
7;2025-12-11;8;2242
7;2025-12-11;9;1699
7;2025-12-11;10;1556
7;2025-12-11;11;1421
7;2025-12-11;12;1527
7;2025-12-11;13;1463
7;2025-12-11;14;1552
7;2025-12-11;15;1629
7;2025-12-11;16;1725
7;2025-12-11;17;2189
7;2025-12-11;18;2346
7;2025-12-11;19;1520
7;2025-12-11;20;977
7;2025-12-11;21;573
7;2025-12-11;22;268
7;2025-12-11;23;172
7;2025-12-12;0;61
7;2025-12-12;1;13
7;2025-12-12;2;0
7;2025-12-12;3;0
7;2025-12-12;4;2
7;2025-12-12;5;170
7;2025-12-12;6;592
7;2025-12-12;7;1426
7;2025-12-12;8;2163
7;2025-12-12;9;1666
7;2025-12-12;10;1587
7;2025-12-12;11;1441
7;2025-12-12;12;1532
7;2025-12-12;13;1520
7;2025-12-12;14;1576
7;2025-12-12;15;1686
7;2025-12-12;16;1797
7;2025-12-12;17;2177
7;2025-12-12;18;2048
7;2025-12-12;19;1412
7;2025-12-12;20;946
7;2025-12-12;21;558
7;2025-12-12;22;275
7;2025-12-12;23;194
7;2025-12-13;0;93
7;2025-12-13;1;25
7;2025-12-13;2;0
7;2025-12-13;3;0
7;2025-12-13;4;0
7;2025-12-13;5;54
7;2025-12-13;6;297
7;2025-12-13;7;479
7;2025-12-13;8;750
7;2025-12-13;9;868
7;2025-12-13;10;921
7;2025-12-13;11;1069
7;2025-12-13;12;1269
7;2025-12-13;13;1236
7;2025-12-13;14;1336
7;2025-12-13;15;1189
7;2025-12-13;16;1142
7;2025-12-13;17;1134
7;2025-12-13;18;1071
7;2025-12-13;19;1086
7;2025-12-13;20;796
7;2025-12-13;21;643
7;2025-12-13;22;354
7;2025-12-13;23;211
7;2025-12-14;0;105
7;2025-12-14;1;26
7;2025-12-14;2;0
7;2025-12-14;3;0
7;2025-12-14;4;0
7;2025-12-14;5;33
7;2025-12-14;6;200
7;2025-12-14;7;330
7;2025-12-14;8;513
7;2025-12-14;9;674
7;2025-12-14;10;755
7;2025-12-14;11;948
7;2025-12-14;12;1066
7;2025-12-14;13;1107
7;2025-12-14;14;1197
7;2025-12-14;15;1166
7;2025-12-14;16;1051
7;2025-12-14;17;1144
7;2025-12-14;18;979
7;2025-12-14;19;848
7;2025-12-14;20;721
7;2025-12-14;21;577
7;2025-12-14;22;332
7;2025-12-14;23;182
7;2025-12-15;0;56
7;2025-12-15;1;9
7;2025-12-15;2;0
7;2025-12-15;3;0
7;2025-12-15;4;1
7;2025-12-15;5;177
7;2025-12-15;6;614
7;2025-12-15;7;1473
7;2025-12-15;8;2278
7;2025-12-15;9;1738
7;2025-12-15;10;1588
7;2025-12-15;11;1410
7;2025-12-15;12;1519
7;2025-12-15;13;1474
7;2025-12-15;14;1546
7;2025-12-15;15;1644
7;2025-12-15;16;1734
7;2025-12-15;17;2223
7;2025-12-15;18;2350
7;2025-12-15;19;1571
7;2025-12-15;20;988
7;2025-12-15;21;560
7;2025-12-15;22;249
7;2025-12-15;23;158
7;2025-12-16;0;50
7;2025-12-16;1;10
7;2025-12-16;2;0
7;2025-12-16;3;0
7;2025-12-16;4;1
7;2025-12-16;5;179
7;2025-12-16;6;630
7;2025-12-16;7;1506
7;2025-12-16;8;2310
7;2025-12-16;9;1762
7;2025-12-16;10;1623
7;2025-12-16;11;1475
7;2025-12-16;12;1565
7;2025-12-16;13;1500
7;2025-12-16;14;1568
7;2025-12-16;15;1686
7;2025-12-16;16;1761
7;2025-12-16;17;2269
7;2025-12-16;18;2393
7;2025-12-16;19;1613
7;2025-12-16;20;1012
7;2025-12-16;21;598
7;2025-12-16;22;271
7;2025-12-16;23;170
7;2025-12-17;0;51
7;2025-12-17;1;10
7;2025-12-17;2;0
7;2025-12-17;3;0
7;2025-12-17;4;1
7;2025-12-17;5;178
7;2025-12-17;6;618
7;2025-12-17;7;1467
7;2025-12-17;8;2295
7;2025-12-17;9;1757
7;2025-12-17;10;1643
7;2025-12-17;11;1465
7;2025-12-17;12;1561
7;2025-12-17;13;1493
7;2025-12-17;14;1582
7;2025-12-17;15;1690
7;2025-12-17;16;1782
7;2025-12-17;17;2294
7;2025-12-17;18;2391
7;2025-12-17;19;1579
7;2025-12-17;20;987
7;2025-12-17;21;591
7;2025-12-17;22;275
7;2025-12-17;23;172
7;2025-12-18;0;56
7;2025-12-18;1;12
7;2025-12-18;2;0
7;2025-12-18;3;0
7;2025-12-18;4;1
7;2025-12-18;5;178
7;2025-12-18;6;621
7;2025-12-18;7;1476
7;2025-12-18;8;2282
7;2025-12-18;9;1738
7;2025-12-18;10;1587
7;2025-12-18;11;1448
7;2025-12-18;12;1553
7;2025-12-18;13;1491
7;2025-12-18;14;1578
7;2025-12-18;15;1654
7;2025-12-18;16;1758
7;2025-12-18;17;2234
7;2025-12-18;18;2389
7;2025-12-18;19;1433
7;2025-12-18;20;997
7;2025-12-18;21;589
7;2025-12-18;22;274
7;2025-12-18;23;175
7;2025-12-19;0;61
7;2025-12-19;1;13
7;2025-12-19;2;0
7;2025-12-19;3;0
7;2025-12-19;4;2
7;2025-12-19;5;173
7;2025-12-19;6;613
7;2025-12-19;7;1453
7;2025-12-19;8;2211
7;2025-12-19;9;1703
7;2025-12-19;10;1610
7;2025-12-19;11;1459
7;2025-12-19;12;1556
7;2025-12-19;13;1546
7;2025-12-19;14;1608
7;2025-12-19;15;1720
7;2025-12-19;16;1840
7;2025-12-19;17;2232
7;2025-12-19;18;2102
7;2025-12-19;19;1452
7;2025-12-19;20;968
7;2025-12-19;21;574
7;2025-12-19;22;282
7;2025-12-19;23;198
7;2025-12-20;0;94
7;2025-12-20;1;25
7;2025-12-20;2;0
7;2025-12-20;3;0
7;2025-12-20;4;0
7;2025-12-20;5;55
7;2025-12-20;6;302
7;2025-12-20;7;487
7;2025-12-20;8;764
7;2025-12-20;9;883
7;2025-12-20;10;937
7;2025-12-20;11;1089
7;2025-12-20;12;1292
7;2025-12-20;13;1259
7;2025-12-20;14;1360
7;2025-12-20;15;1210
7;2025-12-20;16;1162
7;2025-12-20;17;1154
7;2025-12-20;18;1090
7;2025-12-20;19;1105
7;2025-12-20;20;810
7;2025-12-20;21;654
7;2025-12-20;22;360
7;2025-12-20;23;215
7;2025-12-21;0;106
7;2025-12-21;1;26
7;2025-12-21;2;0
7;2025-12-21;3;0
7;2025-12-21;4;0
7;2025-12-21;5;34
7;2025-12-21;6;204
7;2025-12-21;7;336
7;2025-12-21;8;522
7;2025-12-21;9;686
7;2025-12-21;10;768
7;2025-12-21;11;965
7;2025-12-21;12;1085
7;2025-12-21;13;1127
7;2025-12-21;14;1218
7;2025-12-21;15;1187
7;2025-12-21;16;1070
7;2025-12-21;17;1164
7;2025-12-21;18;997
7;2025-12-21;19;864
7;2025-12-21;20;734
7;2025-12-21;21;587
7;2025-12-21;22;338
7;2025-12-21;23;185
7;2025-12-22;0;58
7;2025-12-22;1;12
7;2025-12-22;2;0
7;2025-12-22;3;0
7;2025-12-22;4;1
7;2025-12-22;5;178
7;2025-12-22;6;623
7;2025-12-22;7;1486
7;2025-12-22;8;2283
7;2025-12-22;9;1750
7;2025-12-22;10;1593
7;2025-12-22;11;1418
7;2025-12-22;12;1525
7;2025-12-22;13;1479
7;2025-12-22;14;1555
7;2025-12-22;15;1651
7;2025-12-22;16;1747
7;2025-12-22;17;2239
7;2025-12-22;18;2365
7;2025-12-22;19;1574
7;2025-12-22;20;991
7;2025-12-22;21;566
7;2025-12-22;22;251
7;2025-12-22;23;158
7;2025-12-23;0;49
7;2025-12-23;1;10
7;2025-12-23;2;0
7;2025-12-23;3;0
7;2025-12-23;4;1
7;2025-12-23;5;184
7;2025-12-23;6;654
7;2025-12-23;7;1533
7;2025-12-23;8;2354
7;2025-12-23;9;1799
7;2025-12-23;10;1643
7;2025-12-23;11;1481
7;2025-12-23;12;1572
7;2025-12-23;13;1521
7;2025-12-23;14;1588
7;2025-12-23;15;1709
7;2025-12-23;16;1785
7;2025-12-23;17;2301
7;2025-12-23;18;2426
7;2025-12-23;19;1643
7;2025-12-23;20;1021
7;2025-12-23;21;601
7;2025-12-23;22;271
7;2025-12-23;23;170
7;2025-12-24;0;53
7;2025-12-24;1;8
7;2025-12-24;2;0
7;2025-12-24;3;0
7;2025-12-24;4;1
7;2025-12-24;5;188
7;2025-12-24;6;650
7;2025-12-24;7;1510
7;2025-12-24;8;2363
7;2025-12-24;9;1817
7;2025-12-24;10;1683
7;2025-12-24;11;1484
7;2025-12-24;12;1577
7;2025-12-24;13;1525
7;2025-12-24;14;1607
7;2025-12-24;15;1718
7;2025-12-24;16;1816
7;2025-12-24;17;2339
7;2025-12-24;18;2437
7;2025-12-24;19;1626
7;2025-12-24;20;1026
7;2025-12-24;21;605
7;2025-12-24;22;280
7;2025-12-24;23;176
7;2025-12-25;0;59
7;2025-12-25;1;12
7;2025-12-25;2;0
7;2025-12-25;3;0
7;2025-12-25;4;3
7;2025-12-25;5;181
7;2025-12-25;6;635
7;2025-12-25;7;1489
7;2025-12-25;8;2294
7;2025-12-25;9;1757
7;2025-12-25;10;1596
7;2025-12-25;11;1452
7;2025-12-25;12;1552
7;2025-12-25;13;1498
7;2025-12-25;14;1583
7;2025-12-25;15;1659
7;2025-12-25;16;1767
7;2025-12-25;17;2243
7;2025-12-25;18;2397
7;2025-12-25;19;1568
7;2025-12-25;20;997
7;2025-12-25;21;586
7;2025-12-25;22;274
7;2025-12-25;23;173
7;2025-12-26;0;60
7;2025-12-26;1;11
7;2025-12-26;2;0
7;2025-12-26;3;0
7;2025-12-26;4;2
7;2025-12-26;5;174
7;2025-12-26;6;610
7;2025-12-26;7;1430
7;2025-12-26;8;2165
7;2025-12-26;9;1676
7;2025-12-26;10;1575
7;2025-12-26;11;1421
7;2025-12-26;12;1515
7;2025-12-26;13;1507
7;2025-12-26;14;1566
7;2025-12-26;15;1681
7;2025-12-26;16;1804
7;2025-12-26;17;2183
7;2025-12-26;18;2058
7;2025-12-26;19;1426
7;2025-12-26;20;949
7;2025-12-26;21;559
7;2025-12-26;22;276
7;2025-12-26;23;194
7;2025-12-27;0;94
7;2025-12-27;1;25
7;2025-12-27;2;0
7;2025-12-27;3;0
7;2025-12-27;4;0
7;2025-12-27;5;55
7;2025-12-27;6;302
7;2025-12-27;7;487
7;2025-12-27;8;764
7;2025-12-27;9;883
7;2025-12-27;10;937
7;2025-12-27;11;1089
7;2025-12-27;12;1292
7;2025-12-27;13;1259
7;2025-12-27;14;1360
7;2025-12-27;15;1210
7;2025-12-27;16;1162
7;2025-12-27;17;1154
7;2025-12-27;18;1090
7;2025-12-27;19;1105
7;2025-12-27;20;810
7;2025-12-27;21;654
7;2025-12-27;22;360
7;2025-12-27;23;215
7;2025-12-28;0;106
7;2025-12-28;1;26
7;2025-12-28;2;0
7;2025-12-28;3;0
7;2025-12-28;4;0
7;2025-12-28;5;34
7;2025-12-28;6;204
7;2025-12-28;7;336
7;2025-12-28;8;522
7;2025-12-28;9;686
7;2025-12-28;10;768
7;2025-12-28;11;965
7;2025-12-28;12;1085
7;2025-12-28;13;1127
7;2025-12-28;14;1218
7;2025-12-28;15;1187
7;2025-12-28;16;1070
7;2025-12-28;17;1164
7;2025-12-28;18;997
7;2025-12-28;19;864
7;2025-12-28;20;734
7;2025-12-28;21;587
7;2025-12-28;22;338
7;2025-12-28;23;185
7;2025-12-29;0;52
7;2025-12-29;1;8
7;2025-12-29;2;0
7;2025-12-29;3;0
7;2025-12-29;4;1
7;2025-12-29;5;158
7;2025-12-29;6;558
7;2025-12-29;7;1315
7;2025-12-29;8;2014
7;2025-12-29;9;1550
7;2025-12-29;10;1403
7;2025-12-29;11;1245
7;2025-12-29;12;1338
7;2025-12-29;13;1301
7;2025-12-29;14;1368
7;2025-12-29;15;1455
7;2025-12-29;16;1543
7;2025-12-29;17;1973
7;2025-12-29;18;2082
7;2025-12-29;19;1391
7;2025-12-29;20;872
7;2025-12-29;21;497
7;2025-12-29;22;221
7;2025-12-29;23;138
7;2025-12-30;0;45
7;2025-12-30;1;9
7;2025-12-30;2;0
7;2025-12-30;3;0
7;2025-12-30;4;1
7;2025-12-30;5;160
7;2025-12-30;6;570
7;2025-12-30;7;1333
7;2025-12-30;8;2025
7;2025-12-30;9;1563
7;2025-12-30;10;1423
7;2025-12-30;11;1284
7;2025-12-30;12;1365
7;2025-12-30;13;1317
7;2025-12-30;14;1377
7;2025-12-30;15;1485
7;2025-12-30;16;1557
7;2025-12-30;17;1985
7;2025-12-30;18;2082
7;2025-12-30;19;1417
7;2025-12-30;20;888
7;2025-12-30;21;523
7;2025-12-30;22;238
7;2025-12-30;23;148
7;2025-12-31;0;91
7;2025-12-31;1;22
7;2025-12-31;2;0
7;2025-12-31;3;0
7;2025-12-31;4;0
7;2025-12-31;5;29
7;2025-12-31;6;174
7;2025-12-31;7;288
7;2025-12-31;8;446
7;2025-12-31;9;587
7;2025-12-31;10;657
7;2025-12-31;11;825
7;2025-12-31;12;928
7;2025-12-31;13;963
7;2025-12-31;14;1041
7;2025-12-31;15;1014
7;2025-12-31;16;915
7;2025-12-31;17;995
7;2025-12-31;18;852
7;2025-12-31;19;738
7;2025-12-31;20;0
7;2025-12-31;21;0
7;2025-12-31;22;0
7;2025-12-31;23;0
11;2025-11-01;0;59
11;2025-11-01;1;0
11;2025-11-01;2;0
11;2025-11-01;3;0
11;2025-11-01;4;0
11;2025-11-01;5;216
11;2025-11-01;6;1139
11;2025-11-01;7;2122
11;2025-11-01;8;2746
11;2025-11-01;9;2089
11;2025-11-01;10;1764
11;2025-11-01;11;1679
11;2025-11-01;12;1746
11;2025-11-01;13;1785
11;2025-11-01;14;1832
11;2025-11-01;15;1788
11;2025-11-01;16;1985
11;2025-11-01;17;2461
11;2025-11-01;18;2520
11;2025-11-01;19;1906
11;2025-11-01;20;1204
11;2025-11-01;21;708
11;2025-11-01;22;321
11;2025-11-01;23;213
11;2025-11-02;0;116
11;2025-11-02;1;16
11;2025-11-02;2;0
11;2025-11-02;3;0
11;2025-11-02;4;0
11;2025-11-02;5;112
11;2025-11-02;6;507
11;2025-11-02;7;526
11;2025-11-02;8;766
11;2025-11-02;9;1031
11;2025-11-02;10;1108
11;2025-11-02;11;1573
11;2025-11-02;12;1692
11;2025-11-02;13;1670
11;2025-11-02;14;1730
11;2025-11-02;15;1690
11;2025-11-02;16;1609
11;2025-11-02;17;1796
11;2025-11-02;18;1322
11;2025-11-02;19;1092
11;2025-11-02;20;826
11;2025-11-02;21;620
11;2025-11-02;22;366
11;2025-11-02;23;254
11;2025-11-03;0;115
11;2025-11-03;1;17
11;2025-11-03;2;0
11;2025-11-03;3;0
11;2025-11-03;4;0
11;2025-11-03;5;111
11;2025-11-03;6;503
11;2025-11-03;7;514
11;2025-11-03;8;742
11;2025-11-03;9;995
11;2025-11-03;10;1047
11;2025-11-03;11;1505
11;2025-11-03;12;1593
11;2025-11-03;13;1580
11;2025-11-03;14;1642
11;2025-11-03;15;1612
11;2025-11-03;16;1521
11;2025-11-03;17;1729
11;2025-11-03;18;1312
11;2025-11-03;19;1080
11;2025-11-03;20;807
11;2025-11-03;21;607
11;2025-11-03;22;361
11;2025-11-03;23;246
11;2025-11-04;0;108
11;2025-11-04;1;16
11;2025-11-04;2;0
11;2025-11-04;3;0
11;2025-11-04;4;0
11;2025-11-04;5;105
11;2025-11-04;6;482
11;2025-11-04;7;507
11;2025-11-04;8;737
11;2025-11-04;9;971
11;2025-11-04;10;1035
11;2025-11-04;11;1461
11;2025-11-04;12;1569
11;2025-11-04;13;1551
11;2025-11-04;14;1628
11;2025-11-04;15;1573
11;2025-11-04;16;1489
11;2025-11-04;17;1695
11;2025-11-04;18;1266
11;2025-11-04;19;1039
11;2025-11-04;20;789
11;2025-11-04;21;591
11;2025-11-04;22;352
11;2025-11-04;23;240
11;2025-11-05;0;65
11;2025-11-05;1;0
11;2025-11-05;2;0
11;2025-11-05;3;0
11;2025-11-05;4;0
11;2025-11-05;5;254
11;2025-11-05;6;1311
11;2025-11-05;7;2484
11;2025-11-05;8;3244
11;2025-11-05;9;2423
11;2025-11-05;10;2035
11;2025-11-05;11;1972
11;2025-11-05;12;2027
11;2025-11-05;13;2089
11;2025-11-05;14;2123
11;2025-11-05;15;2047
11;2025-11-05;16;2249
11;2025-11-05;17;2866
11;2025-11-05;18;3050
11;2025-11-05;19;2294
11;2025-11-05;20;1426
11;2025-11-05;21;836
11;2025-11-05;22;384
11;2025-11-05;23;242
11;2025-11-06;0;67
11;2025-11-06;1;0
11;2025-11-06;2;0
11;2025-11-06;3;0
11;2025-11-06;4;0
11;2025-11-06;5;256
11;2025-11-06;6;1336
11;2025-11-06;7;2488
11;2025-11-06;8;3225
11;2025-11-06;9;2469
11;2025-11-06;10;2090
11;2025-11-06;11;1953
11;2025-11-06;12;2049
11;2025-11-06;13;2078
11;2025-11-06;14;2129
11;2025-11-06;15;2062
11;2025-11-06;16;2322
11;2025-11-06;17;2870
11;2025-11-06;18;3074
11;2025-11-06;19;2282
11;2025-11-06;20;1442
11;2025-11-06;21;853
11;2025-11-06;22;399
11;2025-11-06;23;261
11;2025-11-07;0;70
11;2025-11-07;1;0
11;2025-11-07;2;0
11;2025-11-07;3;0
11;2025-11-07;4;0
11;2025-11-07;5;259
11;2025-11-07;6;1338
11;2025-11-07;7;2460
11;2025-11-07;8;3184
11;2025-11-07;9;2411
11;2025-11-07;10;2047
11;2025-11-07;11;1925
11;2025-11-07;12;2043
11;2025-11-07;13;2045
11;2025-11-07;14;2141
11;2025-11-07;15;2097
11;2025-11-07;16;2384
11;2025-11-07;17;2876
11;2025-11-07;18;2717
11;2025-11-07;19;2151
11;2025-11-07;20;1401
11;2025-11-07;21;858
11;2025-11-07;22;401
11;2025-11-07;23;288
11;2025-11-08;0;111
11;2025-11-08;1;3
11;2025-11-08;2;0
11;2025-11-08;3;0
11;2025-11-08;4;0
11;2025-11-08;5;185
11;2025-11-08;6;870
11;2025-11-08;7;822
11;2025-11-08;8;1122
11;2025-11-08;9;1268
11;2025-11-08;10;1469
11;2025-11-08;11;1801
11;2025-11-08;12;2054
11;2025-11-08;13;1956
11;2025-11-08;14;2111
11;2025-11-08;15;1972
11;2025-11-08;16;1892
11;2025-11-08;17;2000
11;2025-11-08;18;1585
11;2025-11-08;19;1548
11;2025-11-08;20;1032
11;2025-11-08;21;771
11;2025-11-08;22;440
11;2025-11-08;23;318
11;2025-11-09;0;118
11;2025-11-09;1;15
11;2025-11-09;2;0
11;2025-11-09;3;0
11;2025-11-09;4;0
11;2025-11-09;5;113
11;2025-11-09;6;500
11;2025-11-09;7;522
11;2025-11-09;8;763
11;2025-11-09;9;1025
11;2025-11-09;10;1099
11;2025-11-09;11;1567
11;2025-11-09;12;1682
11;2025-11-09;13;1659
11;2025-11-09;14;1728
11;2025-11-09;15;1685
11;2025-11-09;16;1593
11;2025-11-09;17;1791
11;2025-11-09;18;1315
11;2025-11-09;19;1080
11;2025-11-09;20;824
11;2025-11-09;21;625
11;2025-11-09;22;372
11;2025-11-09;23;258
11;2025-11-10;0;72
11;2025-11-10;1;0
11;2025-11-10;2;0
11;2025-11-10;3;0
11;2025-11-10;4;0
11;2025-11-10;5;261
11;2025-11-10;6;1353
11;2025-11-10;7;2511
11;2025-11-10;8;3271
11;2025-11-10;9;2467
11;2025-11-10;10;2023
11;2025-11-10;11;1955
11;2025-11-10;12;2000
11;2025-11-10;13;2064
11;2025-11-10;14;2099
11;2025-11-10;15;2095
11;2025-11-10;16;2316
11;2025-11-10;17;2901
11;2025-11-10;18;3096
11;2025-11-10;19;2323
11;2025-11-10;20;1414
11;2025-11-10;21;822
11;2025-11-10;22;372
11;2025-11-10;23;228
11;2025-11-11;0;62
11;2025-11-11;1;0
11;2025-11-11;2;0
11;2025-11-11;3;0
11;2025-11-11;4;0
11;2025-11-11;5;253
11;2025-11-11;6;1350
11;2025-11-11;7;2550
11;2025-11-11;8;3339
11;2025-11-11;9;2504
11;2025-11-11;10;2093
11;2025-11-11;11;1965
11;2025-11-11;12;2047
11;2025-11-11;13;2108
11;2025-11-11;14;2158
11;2025-11-11;15;2090
11;2025-11-11;16;2333
11;2025-11-11;17;2924
11;2025-11-11;18;3094
11;2025-11-11;19;2313
11;2025-11-11;20;1439
11;2025-11-11;21;841
11;2025-11-11;22;381
11;2025-11-11;23;235
11;2025-11-12;0;65
11;2025-11-12;1;0
11;2025-11-12;2;0
11;2025-11-12;3;0
11;2025-11-12;4;0
11;2025-11-12;5;260
11;2025-11-12;6;1311
11;2025-11-12;7;2504
11;2025-11-12;8;3270
11;2025-11-12;9;2449
11;2025-11-12;10;2052
11;2025-11-12;11;1985
11;2025-11-12;12;2041
11;2025-11-12;13;2110
11;2025-11-12;14;2138
11;2025-11-12;15;2064
11;2025-11-12;16;2271
11;2025-11-12;17;2889
11;2025-11-12;18;3064
11;2025-11-12;19;2303
11;2025-11-12;20;1426
11;2025-11-12;21;840
11;2025-11-12;22;385
11;2025-11-12;23;243
11;2025-11-13;0;68
11;2025-11-13;1;0
11;2025-11-13;2;0
11;2025-11-13;3;0
11;2025-11-13;4;0
11;2025-11-13;5;260
11;2025-11-13;6;1343
11;2025-11-13;7;2520
11;2025-11-13;8;3268
11;2025-11-13;9;2505
11;2025-11-13;10;2116
11;2025-11-13;11;1984
11;2025-11-13;12;2085
11;2025-11-13;13;2117
11;2025-11-13;14;2164
11;2025-11-13;15;2103
11;2025-11-13;16;2364
11;2025-11-13;17;2917
11;2025-11-13;18;3116
11;2025-11-13;19;2305
11;2025-11-13;20;1460
11;2025-11-13;21;868
11;2025-11-13;22;406
11;2025-11-13;23;262
11;2025-11-14;0;69
11;2025-11-14;1;0
11;2025-11-14;2;0
11;2025-11-14;3;0
11;2025-11-14;4;0
11;2025-11-14;5;264
11;2025-11-14;6;1344
11;2025-11-14;7;2484
11;2025-11-14;8;3225
11;2025-11-14;9;2443
11;2025-11-14;10;2072
11;2025-11-14;11;1953
11;2025-11-14;12;2072
11;2025-11-14;13;2075
11;2025-11-14;14;2169
11;2025-11-14;15;2126
11;2025-11-14;16;2418
11;2025-11-14;17;2912
11;2025-11-14;18;2742
11;2025-11-14;19;2163
11;2025-11-14;20;1408
11;2025-11-14;21;865
11;2025-11-14;22;401
11;2025-11-14;23;287
11;2025-11-15;0;106
11;2025-11-15;1;4
11;2025-11-15;2;0
11;2025-11-15;3;0
11;2025-11-15;4;0
11;2025-11-15;5;180
11;2025-11-15;6;828
11;2025-11-15;7;791
11;2025-11-15;8;1079
11;2025-11-15;9;1220
11;2025-11-15;10;1404
11;2025-11-15;11;1725
11;2025-11-15;12;1972
11;2025-11-15;13;1886
11;2025-11-15;14;2027
11;2025-11-15;15;1901
11;2025-11-15;16;1826
11;2025-11-15;17;1925
11;2025-11-15;18;1518
11;2025-11-15;19;1481
11;2025-11-15;20;983
11;2025-11-15;21;741
11;2025-11-15;22;423
11;2025-11-15;23;307
11;2025-11-16;0;117
11;2025-11-16;1;15
11;2025-11-16;2;0
11;2025-11-16;3;0
11;2025-11-16;4;0
11;2025-11-16;5;113
11;2025-11-16;6;492
11;2025-11-16;7;523
11;2025-11-16;8;763
11;2025-11-16;9;1027
11;2025-11-16;10;1096
11;2025-11-16;11;1571
11;2025-11-16;12;1686
11;2025-11-16;13;1673
11;2025-11-16;14;1738
11;2025-11-16;15;1696
11;2025-11-16;16;1601
11;2025-11-16;17;1795
11;2025-11-16;18;1315
11;2025-11-16;19;1079
11;2025-11-16;20;820
11;2025-11-16;21;626
11;2025-11-16;22;372
11;2025-11-16;23;261
11;2025-11-17;0;72
11;2025-11-17;1;0
11;2025-11-17;2;0
11;2025-11-17;3;0
11;2025-11-17;4;0
11;2025-11-17;5;260
11;2025-11-17;6;1326
11;2025-11-17;7;2479
11;2025-11-17;8;3225
11;2025-11-17;9;2439
11;2025-11-17;10;1995
11;2025-11-17;11;1932
11;2025-11-17;12;1970
11;2025-11-17;13;2036
11;2025-11-17;14;2065
11;2025-11-17;15;2062
11;2025-11-17;16;2282
11;2025-11-17;17;2861
11;2025-11-17;18;3053
11;2025-11-17;19;2281
11;2025-11-17;20;1393
11;2025-11-17;21;814
11;2025-11-17;22;368
11;2025-11-17;23;226
11;2025-11-18;0;63
11;2025-11-18;1;0
11;2025-11-18;2;0
11;2025-11-18;3;0
11;2025-11-18;4;0
11;2025-11-18;5;247
11;2025-11-18;6;1313
11;2025-11-18;7;2462
11;2025-11-18;8;3217
11;2025-11-18;9;2417
11;2025-11-18;10;2008
11;2025-11-18;11;1887
11;2025-11-18;12;1961
11;2025-11-18;13;2018
11;2025-11-18;14;2070
11;2025-11-18;15;2007
11;2025-11-18;16;2246
11;2025-11-18;17;2823
11;2025-11-18;18;2980
11;2025-11-18;19;2222
11;2025-11-18;20;1392
11;2025-11-18;21;817
11;2025-11-18;22;368
11;2025-11-18;23;228
11;2025-11-19;0;65
11;2025-11-19;1;0
11;2025-11-19;2;0
11;2025-11-19;3;0
11;2025-11-19;4;0
11;2025-11-19;5;264
11;2025-11-19;6;1313
11;2025-11-19;7;2525
11;2025-11-19;8;3303
11;2025-11-19;9;2474
11;2025-11-19;10;2070
11;2025-11-19;11;2008
11;2025-11-19;12;2070
11;2025-11-19;13;2147
11;2025-11-19;14;2171
11;2025-11-19;15;2094
11;2025-11-19;16;2301
11;2025-11-19;17;2921
11;2025-11-19;18;3095
11;2025-11-19;19;2316
11;2025-11-19;20;1432
11;2025-11-19;21;847
11;2025-11-19;22;387
11;2025-11-19;23;242
11;2025-11-20;0;67
11;2025-11-20;1;0
11;2025-11-20;2;0
11;2025-11-20;3;0
11;2025-11-20;4;0
11;2025-11-20;5;265
11;2025-11-20;6;1339
11;2025-11-20;7;2530
11;2025-11-20;8;3285
11;2025-11-20;9;2520
11;2025-11-20;10;2123
11;2025-11-20;11;1996
11;2025-11-20;12;2097
11;2025-11-20;13;2141
11;2025-11-20;14;2179
11;2025-11-20;15;2121
11;2025-11-20;16;2382
11;2025-11-20;17;2934
11;2025-11-20;18;3128
11;2025-11-20;19;2304
11;2025-11-20;20;1454
11;2025-11-20;21;870
11;2025-11-20;22;404
11;2025-11-20;23;261
11;2025-11-21;0;69
11;2025-11-21;1;0
11;2025-11-21;2;0
11;2025-11-21;3;0
11;2025-11-21;4;0
11;2025-11-21;5;266
11;2025-11-21;6;1340
11;2025-11-21;7;2493
11;2025-11-21;8;3239
11;2025-11-21;9;2458
11;2025-11-21;10;2073
11;2025-11-21;11;1960
11;2025-11-21;12;2082
11;2025-11-21;13;2095
11;2025-11-21;14;2181
11;2025-11-21;15;2141
11;2025-11-21;16;2432
11;2025-11-21;17;2927
11;2025-11-21;18;2752
11;2025-11-21;19;2163
11;2025-11-21;20;1402
11;2025-11-21;21;864
11;2025-11-21;22;402
11;2025-11-21;23;286
11;2025-11-22;0;108
11;2025-11-22;1;1
11;2025-11-22;2;0
11;2025-11-22;3;0
11;2025-11-22;4;0
11;2025-11-22;5;183
11;2025-11-22;6;835
11;2025-11-22;7;803
11;2025-11-22;8;1092
11;2025-11-22;9;1240
11;2025-11-22;10;1428
11;2025-11-22;11;1757
11;2025-11-22;12;2011
11;2025-11-22;13;1921
11;2025-11-22;14;2069
11;2025-11-22;15;1937
11;2025-11-22;16;1860
11;2025-11-22;17;1956
11;2025-11-22;18;1545
11;2025-11-22;19;1501
11;2025-11-22;20;998
11;2025-11-22;21;754
11;2025-11-22;22;424
11;2025-11-22;23;310
11;2025-11-23;0;115
11;2025-11-23;1;15
11;2025-11-23;2;0
11;2025-11-23;3;0
11;2025-11-23;4;0
11;2025-11-23;5;112
11;2025-11-23;6;483
11;2025-11-23;7;520
11;2025-11-23;8;759
11;2025-11-23;9;1022
11;2025-11-23;10;1094
11;2025-11-23;11;1561
11;2025-11-23;12;1677
11;2025-11-23;13;1661
11;2025-11-23;14;1727
11;2025-11-23;15;1685
11;2025-11-23;16;1591
11;2025-11-23;17;1782
11;2025-11-23;18;1302
11;2025-11-23;19;1061
11;2025-11-23;20;814
11;2025-11-23;21;625
11;2025-11-23;22;371
11;2025-11-23;23;261
11;2025-11-24;0;73
11;2025-11-24;1;0
11;2025-11-24;2;0
11;2025-11-24;3;0
11;2025-11-24;4;0
11;2025-11-24;5;254
11;2025-11-24;6;1293
11;2025-11-24;7;2426
11;2025-11-24;8;3161
11;2025-11-24;9;2390
11;2025-11-24;10;1950
11;2025-11-24;11;1879
11;2025-11-24;12;1921
11;2025-11-24;13;1994
11;2025-11-24;14;2020
11;2025-11-24;15;2022
11;2025-11-24;16;2243
11;2025-11-24;17;2809
11;2025-11-24;18;2992
11;2025-11-24;19;2232
11;2025-11-24;20;1362
11;2025-11-24;21;801
11;2025-11-24;22;362
11;2025-11-24;23;220
11;2025-11-25;0;62
11;2025-11-25;1;0
11;2025-11-25;2;0
11;2025-11-25;3;0
11;2025-11-25;4;0
11;2025-11-25;5;259
11;2025-11-25;6;1337
11;2025-11-25;7;2549
11;2025-11-25;8;3343
11;2025-11-25;9;2514
11;2025-11-25;10;2091
11;2025-11-25;11;1964
11;2025-11-25;12;2049
11;2025-11-25;13;2121
11;2025-11-25;14;2166
11;2025-11-25;15;2102
11;2025-11-25;16;2345
11;2025-11-25;17;2933
11;2025-11-25;18;3095
11;2025-11-25;19;2298
11;2025-11-25;20;1431
11;2025-11-25;21;842
11;2025-11-25;22;379
11;2025-11-25;23;234
11;2025-11-26;0;65
11;2025-11-26;1;0
11;2025-11-26;2;0
11;2025-11-26;3;0
11;2025-11-26;4;0
11;2025-11-26;5;261
11;2025-11-26;6;1279
11;2025-11-26;7;2464
11;2025-11-26;8;3231
11;2025-11-26;9;2421
11;2025-11-26;10;2018
11;2025-11-26;11;1949
11;2025-11-26;12;2010
11;2025-11-26;13;2088
11;2025-11-26;14;2113
11;2025-11-26;15;2043
11;2025-11-26;16;2243
11;2025-11-26;17;2847
11;2025-11-26;18;3017
11;2025-11-26;19;2248
11;2025-11-26;20;1393
11;2025-11-26;21;825
11;2025-11-26;22;374
11;2025-11-26;23;235
11;2025-11-27;0;67
11;2025-11-27;1;0
11;2025-11-27;2;0
11;2025-11-27;3;0
11;2025-11-27;4;0
11;2025-11-27;5;261
11;2025-11-27;6;1315
11;2025-11-27;7;2475
11;2025-11-27;8;3215
11;2025-11-27;9;2471
11;2025-11-27;10;2078
11;2025-11-27;11;1943
11;2025-11-27;12;2042
11;2025-11-27;13;2082
11;2025-11-27;14;2121
11;2025-11-27;15;2065
11;2025-11-27;16;2331
11;2025-11-27;17;2865
11;2025-11-27;18;3058
11;2025-11-27;19;2243
11;2025-11-27;20;1424
11;2025-11-27;21;850
11;2025-11-27;22;396
11;2025-11-27;23;252
11;2025-11-28;0;70
11;2025-11-28;1;0
11;2025-11-28;2;0
11;2025-11-28;3;0
11;2025-11-28;4;0
11;2025-11-28;5;266
11;2025-11-28;6;1316
11;2025-11-28;7;2448
11;2025-11-28;8;3187
11;2025-11-28;9;2419
11;2025-11-28;10;2038
11;2025-11-28;11;1922
11;2025-11-28;12;2039
11;2025-11-28;13;2055
11;2025-11-28;14;2143
11;2025-11-28;15;2107
11;2025-11-28;16;2397
11;2025-11-28;17;2881
11;2025-11-28;18;2714
11;2025-11-28;19;2126
11;2025-11-28;20;1384
11;2025-11-28;21;857
11;2025-11-28;22;396
11;2025-11-28;23;280
11;2025-11-29;0;109
11;2025-11-29;1;3
11;2025-11-29;2;0
11;2025-11-29;3;0
11;2025-11-29;4;0
11;2025-11-29;5;190
11;2025-11-29;6;850
11;2025-11-29;7;822
11;2025-11-29;8;1118
11;2025-11-29;9;1271
11;2025-11-29;10;1463
11;2025-11-29;11;1802
11;2025-11-29;12;2058
11;2025-11-29;13;1969
11;2025-11-29;14;2117
11;2025-11-29;15;1982
11;2025-11-29;16;1906
11;2025-11-29;17;1997
11;2025-11-29;18;1576
11;2025-11-29;19;1527
11;2025-11-29;20;1021
11;2025-11-29;21;774
11;2025-11-29;22;438
11;2025-11-29;23;320
11;2025-11-30;0;117
11;2025-11-30;1;16
11;2025-11-30;2;0
11;2025-11-30;3;0
11;2025-11-30;4;0
11;2025-11-30;5;112
11;2025-11-30;6;477
11;2025-11-30;7;517
11;2025-11-30;8;752
11;2025-11-30;9;1014
11;2025-11-30;10;1085
11;2025-11-30;11;1551
11;2025-11-30;12;1666
11;2025-11-30;13;1648
11;2025-11-30;14;1716
11;2025-11-30;15;1679
11;2025-11-30;16;1588
11;2025-11-30;17;1771
11;2025-11-30;18;1296
11;2025-11-30;19;1057
11;2025-11-30;20;815
11;2025-11-30;21;626
11;2025-11-30;22;370
11;2025-11-30;23;262
11;2025-12-01;0;74
11;2025-12-01;1;0
11;2025-12-01;2;0
11;2025-12-01;3;0
11;2025-12-01;4;0
11;2025-12-01;5;262
11;2025-12-01;6;1312
11;2025-12-01;7;2463
11;2025-12-01;8;3216
11;2025-12-01;9;2433
11;2025-12-01;10;1982
11;2025-12-01;11;1921
11;2025-12-01;12;1963
11;2025-12-01;13;2042
11;2025-12-01;14;2068
11;2025-12-01;15;2071
11;2025-12-01;16;2295
11;2025-12-01;17;2859
11;2025-12-01;18;3038
11;2025-12-01;19;2258
11;2025-12-01;20;1380
11;2025-12-01;21;813
11;2025-12-01;22;366
11;2025-12-01;23;220
11;2025-12-02;0;63
11;2025-12-02;1;0
11;2025-12-02;2;0
11;2025-12-02;3;0
11;2025-12-02;4;0
11;2025-12-02;5;257
11;2025-12-02;6;1309
11;2025-12-02;7;2498
11;2025-12-02;8;3278
11;2025-12-02;9;2469
11;2025-12-02;10;2048
11;2025-12-02;11;1928
11;2025-12-02;12;2008
11;2025-12-02;13;2083
11;2025-12-02;14;2125
11;2025-12-02;15;2066
11;2025-12-02;16;2308
11;2025-12-02;17;2877
11;2025-12-02;18;3032
11;2025-12-02;19;2245
11;2025-12-02;20;1407
11;2025-12-02;21;829
11;2025-12-02;22;373
11;2025-12-02;23;227
11;2025-12-03;0;66
11;2025-12-03;1;0
11;2025-12-03;2;0
11;2025-12-03;3;0
11;2025-12-03;4;0
11;2025-12-03;5;264
11;2025-12-03;6;1281
11;2025-12-03;7;2472
11;2025-12-03;8;3242
11;2025-12-03;9;2433
11;2025-12-03;10;2026
11;2025-12-03;11;1967
11;2025-12-03;12;2028
11;2025-12-03;13;2112
11;2025-12-03;14;2132
11;2025-12-03;15;2062
11;2025-12-03;16;2269
11;2025-12-03;17;2869
11;2025-12-03;18;3034
11;2025-12-03;19;2258
11;2025-12-03;20;1407
11;2025-12-03;21;835
11;2025-12-03;22;384
11;2025-12-03;23;239
11;2025-12-04;0;67
11;2025-12-04;1;0
11;2025-12-04;2;0
11;2025-12-04;3;0
11;2025-12-04;4;0
11;2025-12-04;5;265
11;2025-12-04;6;1307
11;2025-12-04;7;2474
11;2025-12-04;8;3221
11;2025-12-04;9;2476
11;2025-12-04;10;2080
11;2025-12-04;11;1952
11;2025-12-04;12;2051
11;2025-12-04;13;2102
11;2025-12-04;14;2136
11;2025-12-04;15;2085
11;2025-12-04;16;2350
11;2025-12-04;17;2880
11;2025-12-04;18;3065
11;2025-12-04;19;2246
11;2025-12-04;20;1433
11;2025-12-04;21;861
11;2025-12-04;22;401
11;2025-12-04;23;256
11;2025-12-05;0;70
11;2025-12-05;1;0
11;2025-12-05;2;0
11;2025-12-05;3;0
11;2025-12-05;4;0
11;2025-12-05;5;269
11;2025-12-05;6;1315
11;2025-12-05;7;2452
11;2025-12-05;8;3193
11;2025-12-05;9;2427
11;2025-12-05;10;2041
11;2025-12-05;11;1929
11;2025-12-05;12;2045
11;2025-12-05;13;2066
11;2025-12-05;14;2151
11;2025-12-05;15;2115
11;2025-12-05;16;2409
11;2025-12-05;17;2887
11;2025-12-05;18;2698
11;2025-12-05;19;2112
11;2025-12-05;20;1387
11;2025-12-05;21;862
11;2025-12-05;22;401
11;2025-12-05;23;283
11;2025-12-06;0;110
11;2025-12-06;1;4
11;2025-12-06;2;0
11;2025-12-06;3;0
11;2025-12-06;4;0
11;2025-12-06;5;188
11;2025-12-06;6;838
11;2025-12-06;7;814
11;2025-12-06;8;1106
11;2025-12-06;9;1262
11;2025-12-06;10;1448
11;2025-12-06;11;1781
11;2025-12-06;12;2033
11;2025-12-06;13;1944
11;2025-12-06;14;2094
11;2025-12-06;15;1960
11;2025-12-06;16;1887
11;2025-12-06;17;1972
11;2025-12-06;18;1559
11;2025-12-06;19;1513
11;2025-12-06;20;1018
11;2025-12-06;21;773
11;2025-12-06;22;437
11;2025-12-06;23;322
11;2025-12-07;0;121
11;2025-12-07;1;16
11;2025-12-07;2;0
11;2025-12-07;3;0
11;2025-12-07;4;0
11;2025-12-07;5;116
11;2025-12-07;6;478
11;2025-12-07;7;523
11;2025-12-07;8;761
11;2025-12-07;9;1027
11;2025-12-07;10;1095
11;2025-12-07;11;1569
11;2025-12-07;12;1684
11;2025-12-07;13;1670
11;2025-12-07;14;1736
11;2025-12-07;15;1700
11;2025-12-07;16;1613
11;2025-12-07;17;1791
11;2025-12-07;18;1313
11;2025-12-07;19;1067
11;2025-12-07;20;825
11;2025-12-07;21;635
11;2025-12-07;22;374
11;2025-12-07;23;264
11;2025-12-08;0;73
11;2025-12-08;1;0
11;2025-12-08;2;0
11;2025-12-08;3;0
11;2025-12-08;4;0
11;2025-12-08;5;265
11;2025-12-08;6;1308
11;2025-12-08;7;2456
11;2025-12-08;8;3211
11;2025-12-08;9;2434
11;2025-12-08;10;1980
11;2025-12-08;11;1917
11;2025-12-08;12;1959
11;2025-12-08;13;2043
11;2025-12-08;14;2066
11;2025-12-08;15;2076
11;2025-12-08;16;2299
11;2025-12-08;17;2859
11;2025-12-08;18;3039
11;2025-12-08;19;2254
11;2025-12-08;20;1381
11;2025-12-08;21;816
11;2025-12-08;22;369
11;2025-12-08;23;220
11;2025-12-09;0;63
11;2025-12-09;1;0
11;2025-12-09;2;0
11;2025-12-09;3;0
11;2025-12-09;4;0
11;2025-12-09;5;259
11;2025-12-09;6;1300
11;2025-12-09;7;2480
11;2025-12-09;8;3261
11;2025-12-09;9;2460
11;2025-12-09;10;2035
11;2025-12-09;11;1915
11;2025-12-09;12;1993
11;2025-12-09;13;2075
11;2025-12-09;14;2112
11;2025-12-09;15;2061
11;2025-12-09;16;2303
11;2025-12-09;17;2864
11;2025-12-09;18;3017
11;2025-12-09;19;2233
11;2025-12-09;20;1402
11;2025-12-09;21;831
11;2025-12-09;22;374
11;2025-12-09;23;226
11;2025-12-10;0;66
11;2025-12-10;1;0
11;2025-12-10;2;0
11;2025-12-10;3;0
11;2025-12-10;4;0
11;2025-12-10;5;264
11;2025-12-10;6;1264
11;2025-12-10;7;2439
11;2025-12-10;8;3202
11;2025-12-10;9;2407
11;2025-12-10;10;2000
11;2025-12-10;11;1942
11;2025-12-10;12;1999
11;2025-12-10;13;2090
11;2025-12-10;14;2105
11;2025-12-10;15;2041
11;2025-12-10;16;2246
11;2025-12-10;17;2835
11;2025-12-10;18;3000
11;2025-12-10;19;2228
11;2025-12-10;20;1393
11;2025-12-10;21;831
11;2025-12-10;22;382
11;2025-12-10;23;235
11;2025-12-11;0;68
11;2025-12-11;1;0
11;2025-12-11;2;0
11;2025-12-11;3;0
11;2025-12-11;4;0
11;2025-12-11;5;264
11;2025-12-11;6;1281
11;2025-12-11;7;2421
11;2025-12-11;8;3149
11;2025-12-11;9;2426
11;2025-12-11;10;2031
11;2025-12-11;11;1905
11;2025-12-11;12;2001
11;2025-12-11;13;2052
11;2025-12-11;14;2087
11;2025-12-11;15;2044
11;2025-12-11;16;2304
11;2025-12-11;17;2817
11;2025-12-11;18;3003
11;2025-12-11;19;2192
11;2025-12-11;20;1403
11;2025-12-11;21;845
11;2025-12-11;22;394
11;2025-12-11;23;248
11;2025-12-12;0;70
11;2025-12-12;1;0
11;2025-12-12;2;0
11;2025-12-12;3;0
11;2025-12-12;4;0
11;2025-12-12;5;268
11;2025-12-12;6;1288
11;2025-12-12;7;2394
11;2025-12-12;8;3118
11;2025-12-12;9;2378
11;2025-12-12;10;1997
11;2025-12-12;11;1888
11;2025-12-12;12;1999
11;2025-12-12;13;2020
11;2025-12-12;14;2096
11;2025-12-12;15;2063
11;2025-12-12;16;2354
11;2025-12-12;17;2813
11;2025-12-12;18;2631
11;2025-12-12;19;2059
11;2025-12-12;20;1357
11;2025-12-12;21;847
11;2025-12-12;22;392
11;2025-12-12;23;275
11;2025-12-13;0;108
11;2025-12-13;1;4
11;2025-12-13;2;0
11;2025-12-13;3;0
11;2025-12-13;4;0
11;2025-12-13;5;189
11;2025-12-13;6;824
11;2025-12-13;7;802
11;2025-12-13;8;1085
11;2025-12-13;9;1244
11;2025-12-13;10;1422
11;2025-12-13;11;1757
11;2025-12-13;12;2004
11;2025-12-13;13;1862
11;2025-12-13;14;1673
11;2025-12-13;15;1938
11;2025-12-13;16;1867
11;2025-12-13;17;1946
11;2025-12-13;18;1543
11;2025-12-13;19;1495
11;2025-12-13;20;1003
11;2025-12-13;21;762
11;2025-12-13;22;432
11;2025-12-13;23;318
11;2025-12-14;0;117
11;2025-12-14;1;16
11;2025-12-14;2;0
11;2025-12-14;3;0
11;2025-12-14;4;0
11;2025-12-14;5;117
11;2025-12-14;6;474
11;2025-12-14;7;517
11;2025-12-14;8;746
11;2025-12-14;9;1014
11;2025-12-14;10;1078
11;2025-12-14;11;1550
11;2025-12-14;12;1660
11;2025-12-14;13;1655
11;2025-12-14;14;1711
11;2025-12-14;15;1681
11;2025-12-14;16;1594
11;2025-12-14;17;1770
11;2025-12-14;18;1301
11;2025-12-14;19;1056
11;2025-12-14;20;817
11;2025-12-14;21;630
11;2025-12-14;22;368
11;2025-12-14;23;262
11;2025-12-15;0;74
11;2025-12-15;1;0
11;2025-12-15;2;0
11;2025-12-15;3;0
11;2025-12-15;4;0
11;2025-12-15;5;274
11;2025-12-15;6;1308
11;2025-12-15;7;2448
11;2025-12-15;8;3197
11;2025-12-15;9;2438
11;2025-12-15;10;1968
11;2025-12-15;11;1913
11;2025-12-15;12;1953
11;2025-12-15;13;2055
11;2025-12-15;14;2057
11;2025-12-15;15;2077
11;2025-12-15;16;2302
11;2025-12-15;17;2860
11;2025-12-15;18;3042
11;2025-12-15;19;2259
11;2025-12-15;20;1384
11;2025-12-15;21;820
11;2025-12-15;22;372
11;2025-12-15;23;220
11;2025-12-16;0;63
11;2025-12-16;1;0
11;2025-12-16;2;0
11;2025-12-16;3;0
11;2025-12-16;4;0
11;2025-12-16;5;266
11;2025-12-16;6;1307
11;2025-12-16;7;2490
11;2025-12-16;8;3267
11;2025-12-16;9;2475
11;2025-12-16;10;2038
11;2025-12-16;11;1921
11;2025-12-16;12;1993
11;2025-12-16;13;2083
11;2025-12-16;14;2111
11;2025-12-16;15;2066
11;2025-12-16;16;2314
11;2025-12-16;17;2879
11;2025-12-16;18;3037
11;2025-12-16;19;2245
11;2025-12-16;20;1417
11;2025-12-16;21;841
11;2025-12-16;22;385
11;2025-12-16;23;229
11;2025-12-17;0;68
11;2025-12-17;1;0
11;2025-12-17;2;0
11;2025-12-17;3;0
11;2025-12-17;4;0
11;2025-12-17;5;270
11;2025-12-17;6;1277
11;2025-12-17;7;2462
11;2025-12-17;8;3233
11;2025-12-17;9;2436
11;2025-12-17;10;2018
11;2025-12-17;11;1961
11;2025-12-17;12;2019
11;2025-12-17;13;2113
11;2025-12-17;14;2126
11;2025-12-17;15;2069
11;2025-12-17;16;2280
11;2025-12-17;17;2872
11;2025-12-17;18;3044
11;2025-12-17;19;2257
11;2025-12-17;20;1415
11;2025-12-17;21;847
11;2025-12-17;22;391
11;2025-12-17;23;238
11;2025-12-18;0;68
11;2025-12-18;1;0
11;2025-12-18;2;0
11;2025-12-18;3;0
11;2025-12-18;4;0
11;2025-12-18;5;269
11;2025-12-18;6;1300
11;2025-12-18;7;2458
11;2025-12-18;8;3205
11;2025-12-18;9;2474
11;2025-12-18;10;2065
11;2025-12-18;11;1942
11;2025-12-18;12;2039
11;2025-12-18;13;2101
11;2025-12-18;14;2127
11;2025-12-18;15;2089
11;2025-12-18;16;2354
11;2025-12-18;17;2875
11;2025-12-18;18;3068
11;2025-12-18;19;2241
11;2025-12-18;20;1436
11;2025-12-18;21;870
11;2025-12-18;22;407
11;2025-12-18;23;255
11;2025-12-19;0;72
11;2025-12-19;1;0
11;2025-12-19;2;0
11;2025-12-19;3;0
11;2025-12-19;4;0
11;2025-12-19;5;276
11;2025-12-19;6;1310
11;2025-12-19;7;2436
11;2025-12-19;8;3177
11;2025-12-19;9;2424
11;2025-12-19;10;2028
11;2025-12-19;11;1919
11;2025-12-19;12;2034
11;2025-12-19;13;2070
11;2025-12-19;14;2140
11;2025-12-19;15;2120
11;2025-12-19;16;2417
11;2025-12-19;17;2888
11;2025-12-19;18;2704
11;2025-12-19;19;2108
11;2025-12-19;20;1390
11;2025-12-19;21;867
11;2025-12-19;22;403
11;2025-12-19;23;279
11;2025-12-20;0;110
11;2025-12-20;1;3
11;2025-12-20;2;0
11;2025-12-20;3;0
11;2025-12-20;4;0
11;2025-12-20;5;189
11;2025-12-20;6;827
11;2025-12-20;7;809
11;2025-12-20;8;1094
11;2025-12-20;9;1253
11;2025-12-20;10;1433
11;2025-12-20;11;1770
11;2025-12-20;12;2017
11;2025-12-20;13;1938
11;2025-12-20;14;2079
11;2025-12-20;15;1956
11;2025-12-20;16;1887
11;2025-12-20;17;1962
11;2025-12-20;18;1560
11;2025-12-20;19;1505
11;2025-12-20;20;1022
11;2025-12-20;21;775
11;2025-12-20;22;437
11;2025-12-20;23;322
11;2025-12-21;0;117
11;2025-12-21;1;15
11;2025-12-21;2;0
11;2025-12-21;3;0
11;2025-12-21;4;0
11;2025-12-21;5;117
11;2025-12-21;6;469
11;2025-12-21;7;515
11;2025-12-21;8;744
11;2025-12-21;9;1013
11;2025-12-21;10;1080
11;2025-12-21;11;1548
11;2025-12-21;12;1659
11;2025-12-21;13;1649
11;2025-12-21;14;1712
11;2025-12-21;15;1683
11;2025-12-21;16;1600
11;2025-12-21;17;1767
11;2025-12-21;18;1304
11;2025-12-21;19;1053
11;2025-12-21;20;826
11;2025-12-21;21;633
11;2025-12-21;22;371
11;2025-12-21;23;265
11;2025-12-22;0;77
11;2025-12-22;1;0
11;2025-12-22;2;0
11;2025-12-22;3;0
11;2025-12-22;4;0
11;2025-12-22;5;270
11;2025-12-22;6;1291
11;2025-12-22;7;2413
11;2025-12-22;8;3154
11;2025-12-22;9;2404
11;2025-12-22;10;1942
11;2025-12-22;11;1878
11;2025-12-22;12;1917
11;2025-12-22;13;2018
11;2025-12-22;14;2027
11;2025-12-22;15;2055
11;2025-12-22;16;2274
11;2025-12-22;17;2822
11;2025-12-22;18;3001
11;2025-12-22;19;2220
11;2025-12-22;20;1368
11;2025-12-22;21;815
11;2025-12-22;22;368
11;2025-12-22;23;216
11;2025-12-23;0;61
11;2025-12-23;1;0
11;2025-12-23;2;0
11;2025-12-23;3;0
11;2025-12-23;4;0
11;2025-12-23;5;273
11;2025-12-23;6;1312
11;2025-12-23;7;2476
11;2025-12-23;8;3256
11;2025-12-23;9;2475
11;2025-12-23;10;2022
11;2025-12-23;11;1916
11;2025-12-23;12;1993
11;2025-12-23;13;2104
11;2025-12-23;14;2111
11;2025-12-23;15;2077
11;2025-12-23;16;2321
11;2025-12-23;17;2887
11;2025-12-23;18;3043
11;2025-12-23;19;2248
11;2025-12-23;20;1408
11;2025-12-23;21;844
11;2025-12-23;22;386
11;2025-12-23;23;227
11;2025-12-24;0;67
11;2025-12-24;1;0
11;2025-12-24;2;0
11;2025-12-24;3;0
11;2025-12-24;4;0
11;2025-12-24;5;281
11;2025-12-24;6;1284
11;2025-12-24;7;2456
11;2025-12-24;8;3225
11;2025-12-24;9;2447
11;2025-12-24;10;2009
11;2025-12-24;11;1966
11;2025-12-24;12;2020
11;2025-12-24;13;2140
11;2025-12-24;14;2124
11;2025-12-24;15;2076
11;2025-12-24;16;2286
11;2025-12-24;17;2882
11;2025-12-24;18;3051
11;2025-12-24;19;2267
11;2025-12-24;20;1435
11;2025-12-24;21;862
11;2025-12-24;22;400
11;2025-12-24;23;239
11;2025-12-25;0;70
11;2025-12-25;1;0
11;2025-12-25;2;0
11;2025-12-25;3;0
11;2025-12-25;4;0
11;2025-12-25;5;272
11;2025-12-25;6;1288
11;2025-12-25;7;2422
11;2025-12-25;8;3156
11;2025-12-25;9;2447
11;2025-12-25;10;2036
11;2025-12-25;11;1920
11;2025-12-25;12;2013
11;2025-12-25;13;2086
11;2025-12-25;14;2102
11;2025-12-25;15;2072
11;2025-12-25;16;2332
11;2025-12-25;17;2842
11;2025-12-25;18;3030
11;2025-12-25;19;2206
11;2025-12-25;20;1414
11;2025-12-25;21;857
11;2025-12-25;22;404
11;2025-12-25;23;247
11;2025-12-26;0;71
11;2025-12-26;1;0
11;2025-12-26;2;0
11;2025-12-26;3;0
11;2025-12-26;4;0
11;2025-12-26;5;267
11;2025-12-26;6;1261
11;2025-12-26;7;2337
11;2025-12-26;8;3049
11;2025-12-26;9;2334
11;2025-12-26;10;1944
11;2025-12-26;11;1839
11;2025-12-26;12;1949
11;2025-12-26;13;1987
11;2025-12-26;14;2054
11;2025-12-26;15;2044
11;2025-12-26;16;2329
11;2025-12-26;17;2775
11;2025-12-26;18;2603
11;2025-12-26;19;2032
11;2025-12-26;20;1341
11;2025-12-26;21;837
11;2025-12-26;22;392
11;2025-12-26;23;271
11;2025-12-27;0;109
11;2025-12-27;1;4
11;2025-12-27;2;0
11;2025-12-27;3;0
11;2025-12-27;4;0
11;2025-12-27;5;188
11;2025-12-27;6;816
11;2025-12-27;7;798
11;2025-12-27;8;1078
11;2025-12-27;9;1236
11;2025-12-27;10;1414
11;2025-12-27;11;1744
11;2025-12-27;12;1989
11;2025-12-27;13;1915
11;2025-12-27;14;2049
11;2025-12-27;15;1934
11;2025-12-27;16;1869
11;2025-12-27;17;1935
11;2025-12-27;18;1545
11;2025-12-27;19;1484
11;2025-12-27;20;1014
11;2025-12-27;21;765
11;2025-12-27;22;431
11;2025-12-27;23;317
11;2025-12-28;0;116
11;2025-12-28;1;16
11;2025-12-28;2;0
11;2025-12-28;3;0
11;2025-12-28;4;0
11;2025-12-28;5;116
11;2025-12-28;6;461
11;2025-12-28;7;507
11;2025-12-28;8;729
11;2025-12-28;9;997
11;2025-12-28;10;1056
11;2025-12-28;11;1518
11;2025-12-28;12;1629
11;2025-12-28;13;1623
11;2025-12-28;14;1679
11;2025-12-28;15;1658
11;2025-12-28;16;1578
11;2025-12-28;17;1738
11;2025-12-28;18;1289
11;2025-12-28;19;1040
11;2025-12-28;20;818
11;2025-12-28;21;625
11;2025-12-28;22;364
11;2025-12-28;23;259
11;2025-12-29;0;66
11;2025-12-29;1;0
11;2025-12-29;2;0
11;2025-12-29;3;0
11;2025-12-29;4;0
11;2025-12-29;5;243
11;2025-12-29;6;1141
11;2025-12-29;7;2124
11;2025-12-29;8;2774
11;2025-12-29;9;2124
11;2025-12-29;10;1710
11;2025-12-29;11;1662
11;2025-12-29;12;1695
11;2025-12-29;13;1791
11;2025-12-29;14;1791
11;2025-12-29;15;1820
11;2025-12-29;16;2015
11;2025-12-29;17;2492
11;2025-12-29;18;2650
11;2025-12-29;19;1962
11;2025-12-29;20;1207
11;2025-12-29;21;720
11;2025-12-29;22;328
11;2025-12-29;23;190
11;2025-12-30;0;57
11;2025-12-30;1;0
11;2025-12-30;2;0
11;2025-12-30;3;0
11;2025-12-30;4;0
11;2025-12-30;5;235
11;2025-12-30;6;1135
11;2025-12-30;7;2146
11;2025-12-30;8;2810
11;2025-12-30;9;2145
11;2025-12-30;10;1757
11;2025-12-30;11;1659
11;2025-12-30;12;1726
11;2025-12-30;13;1820
11;2025-12-30;14;1834
11;2025-12-30;15;1811
11;2025-12-30;16;2024
11;2025-12-30;17;2497
11;2025-12-30;18;2596
11;2025-12-30;19;1929
11;2025-12-30;20;1230
11;2025-12-30;21;731
11;2025-12-30;22;336
11;2025-12-30;23;196
11;2025-12-31;0;99
11;2025-12-31;1;12
11;2025-12-31;2;0
11;2025-12-31;3;0
11;2025-12-31;4;0
11;2025-12-31;5;105
11;2025-12-31;6;392
11;2025-12-31;7;435
11;2025-12-31;8;630
11;2025-12-31;9;848
11;2025-12-31;10;902
11;2025-12-31;11;1309
11;2025-12-31;12;1395
11;2025-12-31;13;1400
11;2025-12-31;14;1435
11;2025-12-31;15;1403
11;2025-12-31;16;1325
11;2025-12-31;17;1488
11;2025-12-31;18;1119
11;2025-12-31;19;905
11;2025-12-31;20;0
11;2025-12-31;21;0
11;2025-12-31;22;0
11;2025-12-31;23;0
12;2025-11-01;0;47
12;2025-11-01;1;3
12;2025-11-01;2;0
12;2025-11-01;3;0
12;2025-11-01;4;5
12;2025-11-01;5;263
12;2025-11-01;6;1202
12;2025-11-01;7;2257
12;2025-11-01;8;2977
12;2025-11-01;9;2125
12;2025-11-01;10;1744
12;2025-11-01;11;1675
12;2025-11-01;12;1738
12;2025-11-01;13;1763
12;2025-11-01;14;1700
12;2025-11-01;15;1925
12;2025-11-01;16;2342
12;2025-11-01;17;2556
12;2025-11-01;18;2590
12;2025-11-01;19;1953
12;2025-11-01;20;1270
12;2025-11-01;21;802
12;2025-11-01;22;389
12;2025-11-01;23;220
12;2025-11-02;0;81
12;2025-11-02;1;4
12;2025-11-02;2;0
12;2025-11-02;3;0
12;2025-11-02;4;2
12;2025-11-02;5;128
12;2025-11-02;6;505
12;2025-11-02;7;723
12;2025-11-02;8;754
12;2025-11-02;9;970
12;2025-11-02;10;1189
12;2025-11-02;11;1303
12;2025-11-02;12;1409
12;2025-11-02;13;1618
12;2025-11-02;14;1479
12;2025-11-02;15;1532
12;2025-11-02;16;1584
12;2025-11-02;17;1592
12;2025-11-02;18;1408
12;2025-11-02;19;1025
12;2025-11-02;20;792
12;2025-11-02;21;605
12;2025-11-02;22;396
12;2025-11-02;23;213
12;2025-11-03;0;81
12;2025-11-03;1;4
12;2025-11-03;2;0
12;2025-11-03;3;0
12;2025-11-03;4;3
12;2025-11-03;5;123
12;2025-11-03;6;492
12;2025-11-03;7;702
12;2025-11-03;8;735
12;2025-11-03;9;937
12;2025-11-03;10;1135
12;2025-11-03;11;1237
12;2025-11-03;12;1346
12;2025-11-03;13;1542
12;2025-11-03;14;1398
12;2025-11-03;15;1452
12;2025-11-03;16;1491
12;2025-11-03;17;1517
12;2025-11-03;18;1382
12;2025-11-03;19;1005
12;2025-11-03;20;784
12;2025-11-03;21;594
12;2025-11-03;22;386
12;2025-11-03;23;203
12;2025-11-04;0;75
12;2025-11-04;1;4
12;2025-11-04;2;0
12;2025-11-04;3;0
12;2025-11-04;4;3
12;2025-11-04;5;123
12;2025-11-04;6;483
12;2025-11-04;7;695
12;2025-11-04;8;722
12;2025-11-04;9;914
12;2025-11-04;10;1114
12;2025-11-04;11;1213
12;2025-11-04;12;1312
12;2025-11-04;13;1520
12;2025-11-04;14;1386
12;2025-11-04;15;1425
12;2025-11-04;16;1477
12;2025-11-04;17;1501
12;2025-11-04;18;1361
12;2025-11-04;19;978
12;2025-11-04;20;756
12;2025-11-04;21;580
12;2025-11-04;22;383
12;2025-11-04;23;200
12;2025-11-05;0;55
12;2025-11-05;1;1
12;2025-11-05;2;0
12;2025-11-05;3;0
12;2025-11-05;4;7
12;2025-11-05;5;309
12;2025-11-05;6;1421
12;2025-11-05;7;2637
12;2025-11-05;8;3520
12;2025-11-05;9;2495
12;2025-11-05;10;2058
12;2025-11-05;11;1955
12;2025-11-05;12;2034
12;2025-11-05;13;2043
12;2025-11-05;14;1970
12;2025-11-05;15;2212
12;2025-11-05;16;2719
12;2025-11-05;17;2993
12;2025-11-05;18;3118
12;2025-11-05;19;2336
12;2025-11-05;20;1505
12;2025-11-05;21;967
12;2025-11-05;22;468
12;2025-11-05;23;257
12;2025-11-06;0;48
12;2025-11-06;1;2
12;2025-11-06;2;0
12;2025-11-06;3;0
12;2025-11-06;4;7
12;2025-11-06;5;308
12;2025-11-06;6;1410
12;2025-11-06;7;2663
12;2025-11-06;8;3534
12;2025-11-06;9;2481
12;2025-11-06;10;2033
12;2025-11-06;11;1949
12;2025-11-06;12;2024
12;2025-11-06;13;2057
12;2025-11-06;14;1981
12;2025-11-06;15;2222
12;2025-11-06;16;2713
12;2025-11-06;17;3004
12;2025-11-06;18;3132
12;2025-11-06;19;2349
12;2025-11-06;20;1519
12;2025-11-06;21;944
12;2025-11-06;22;471
12;2025-11-06;23;262
12;2025-11-07;0;53
12;2025-11-07;1;1
12;2025-11-07;2;0
12;2025-11-07;3;0
12;2025-11-07;4;5
12;2025-11-07;5;311
12;2025-11-07;6;1410
12;2025-11-07;7;2599
12;2025-11-07;8;3401
12;2025-11-07;9;2457
12;2025-11-07;10;1988
12;2025-11-07;11;1952
12;2025-11-07;12;2004
12;2025-11-07;13;2057
12;2025-11-07;14;2001
12;2025-11-07;15;2326
12;2025-11-07;16;2833
12;2025-11-07;17;2969
12;2025-11-07;18;2802
12;2025-11-07;19;2190
12;2025-11-07;20;1441
12;2025-11-07;21;968
12;2025-11-07;22;483
12;2025-11-07;23;294
12;2025-11-08;0;74
12;2025-11-08;1;2
12;2025-11-08;2;0
12;2025-11-08;3;0
12;2025-11-08;4;3
12;2025-11-08;5;223
12;2025-11-08;6;818
12;2025-11-08;7;923
12;2025-11-08;8;1047
12;2025-11-08;9;1262
12;2025-11-08;10;1305
12;2025-11-08;11;1465
12;2025-11-08;12;1577
12;2025-11-08;13;1784
12;2025-11-08;14;1602
12;2025-11-08;15;1584
12;2025-11-08;16;1743
12;2025-11-08;17;1637
12;2025-11-08;18;1526
12;2025-11-08;19;1412
12;2025-11-08;20;981
12;2025-11-08;21;817
12;2025-11-08;22;410
12;2025-11-08;23;302
12;2025-11-09;0;83
12;2025-11-09;1;7
12;2025-11-09;2;0
12;2025-11-09;3;0
12;2025-11-09;4;3
12;2025-11-09;5;126
12;2025-11-09;6;504
12;2025-11-09;7;722
12;2025-11-09;8;750
12;2025-11-09;9;969
12;2025-11-09;10;1183
12;2025-11-09;11;1297
12;2025-11-09;12;1409
12;2025-11-09;13;1623
12;2025-11-09;14;1480
12;2025-11-09;15;1533
12;2025-11-09;16;1580
12;2025-11-09;17;1591
12;2025-11-09;18;1416
12;2025-11-09;19;1020
12;2025-11-09;20;790
12;2025-11-09;21;609
12;2025-11-09;22;401
12;2025-11-09;23;213
12;2025-11-10;0;55
12;2025-11-10;1;2
12;2025-11-10;2;0
12;2025-11-10;3;0
12;2025-11-10;4;6
12;2025-11-10;5;304
12;2025-11-10;6;1406
12;2025-11-10;7;2656
12;2025-11-10;8;3548
12;2025-11-10;9;2500
12;2025-11-10;10;2030
12;2025-11-10;11;1946
12;2025-11-10;12;2052
12;2025-11-10;13;2046
12;2025-11-10;14;1976
12;2025-11-10;15;2237
12;2025-11-10;16;2729
12;2025-11-10;17;3006
12;2025-11-10;18;3151
12;2025-11-10;19;2346
12;2025-11-10;20;1521
12;2025-11-10;21;941
12;2025-11-10;22;446
12;2025-11-10;23;241
12;2025-11-11;0;45
12;2025-11-11;1;1
12;2025-11-11;2;0
12;2025-11-11;3;0
12;2025-11-11;4;6
12;2025-11-11;5;312
12;2025-11-11;6;1427
12;2025-11-11;7;2721
12;2025-11-11;8;3632
12;2025-11-11;9;2541
12;2025-11-11;10;2081
12;2025-11-11;11;1988
12;2025-11-11;12;2068
12;2025-11-11;13;2094
12;2025-11-11;14;2027
12;2025-11-11;15;2263
12;2025-11-11;16;2782
12;2025-11-11;17;3060
12;2025-11-11;18;3189
12;2025-11-11;19;2367
12;2025-11-11;20;1515
12;2025-11-11;21;953
12;2025-11-11;22;464
12;2025-11-11;23;254
12;2025-11-12;0;53
12;2025-11-12;1;1
12;2025-11-12;2;0
12;2025-11-12;3;0
12;2025-11-12;4;7
12;2025-11-12;5;309
12;2025-11-12;6;1422
12;2025-11-12;7;2660
12;2025-11-12;8;3550
12;2025-11-12;9;2519
12;2025-11-12;10;2086
12;2025-11-12;11;1973
12;2025-11-12;12;2055
12;2025-11-12;13;2062
12;2025-11-12;14;1989
12;2025-11-12;15;2237
12;2025-11-12;16;2758
12;2025-11-12;17;3025
12;2025-11-12;18;3147
12;2025-11-12;19;2347
12;2025-11-12;20;1512
12;2025-11-12;21;967
12;2025-11-12;22;469
12;2025-11-12;23;259
12;2025-11-13;0;48
12;2025-11-13;1;3
12;2025-11-13;2;0
12;2025-11-13;3;0
12;2025-11-13;4;6
12;2025-11-13;5;307
12;2025-11-13;6;1411
12;2025-11-13;7;2686
12;2025-11-13;8;3571
12;2025-11-13;9;2508
12;2025-11-13;10;2061
12;2025-11-13;11;1978
12;2025-11-13;12;2056
12;2025-11-13;13;2089
12;2025-11-13;14;2011
12;2025-11-13;15;2262
12;2025-11-13;16;2761
12;2025-11-13;17;3043
12;2025-11-13;18;3171
12;2025-11-13;19;2366
12;2025-11-13;20;1538
12;2025-11-13;21;952
12;2025-11-13;22;476
12;2025-11-13;23;264
12;2025-11-14;0;52
12;2025-11-14;1;1
12;2025-11-14;2;0
12;2025-11-14;3;0
12;2025-11-14;4;6
12;2025-11-14;5;312
12;2025-11-14;6;1408
12;2025-11-14;7;2615
12;2025-11-14;8;3427
12;2025-11-14;9;2476
12;2025-11-14;10;2010
12;2025-11-14;11;1974
12;2025-11-14;12;2026
12;2025-11-14;13;2077
12;2025-11-14;14;2025
12;2025-11-14;15;2353
12;2025-11-14;16;2869
12;2025-11-14;17;2998
12;2025-11-14;18;2823
12;2025-11-14;19;2197
12;2025-11-14;20;1447
12;2025-11-14;21;966
12;2025-11-14;22;481
12;2025-11-14;23;292
12;2025-11-15;0;72
12;2025-11-15;1;3
12;2025-11-15;2;0
12;2025-11-15;3;0
12;2025-11-15;4;2
12;2025-11-15;5;213
12;2025-11-15;6;777
12;2025-11-15;7;888
12;2025-11-15;8;1010
12;2025-11-15;9;1216
12;2025-11-15;10;1446
12;2025-11-15;11;1461
12;2025-11-15;12;1520
12;2025-11-15;13;1719
12;2025-11-15;14;1550
12;2025-11-15;15;1531
12;2025-11-15;16;1685
12;2025-11-15;17;1581
12;2025-11-15;18;1475
12;2025-11-15;19;1357
12;2025-11-15;20;945
12;2025-11-15;21;784
12;2025-11-15;22;395
12;2025-11-15;23;291
12;2025-11-16;0;82
12;2025-11-16;1;4
12;2025-11-16;2;0
12;2025-11-16;3;0
12;2025-11-16;4;3
12;2025-11-16;5;124
12;2025-11-16;6;462
12;2025-11-16;7;646
12;2025-11-16;8;751
12;2025-11-16;9;967
12;2025-11-16;10;1186
12;2025-11-16;11;1299
12;2025-11-16;12;1415
12;2025-11-16;13;1625
12;2025-11-16;14;1490
12;2025-11-16;15;1537
12;2025-11-16;16;1585
12;2025-11-16;17;1592
12;2025-11-16;18;1421
12;2025-11-16;19;1020
12;2025-11-16;20;791
12;2025-11-16;21;607
12;2025-11-16;22;404
12;2025-11-16;23;214
12;2025-11-17;0;56
12;2025-11-17;1;1
12;2025-11-17;2;0
12;2025-11-17;3;0
12;2025-11-17;4;7
12;2025-11-17;5;298
12;2025-11-17;6;1381
12;2025-11-17;7;2627
12;2025-11-17;8;3507
12;2025-11-17;9;2476
12;2025-11-17;10;2015
12;2025-11-17;11;1935
12;2025-11-17;12;2030
12;2025-11-17;13;2022
12;2025-11-17;14;1962
12;2025-11-17;15;2212
12;2025-11-17;16;2704
12;2025-11-17;17;2974
12;2025-11-17;18;3124
12;2025-11-17;19;2315
12;2025-11-17;20;1504
12;2025-11-17;21;930
12;2025-11-17;22;442
12;2025-11-17;23;240
12;2025-11-18;0;47
12;2025-11-18;1;2
12;2025-11-18;2;0
12;2025-11-18;3;0
12;2025-11-18;4;5
12;2025-11-18;5;302
12;2025-11-18;6;1393
12;2025-11-18;7;2636
12;2025-11-18;8;3513
12;2025-11-18;9;2463
12;2025-11-18;10;2016
12;2025-11-18;11;1926
12;2025-11-18;12;2001
12;2025-11-18;13;2020
12;2025-11-18;14;1958
12;2025-11-18;15;2190
12;2025-11-18;16;2701
12;2025-11-18;17;2971
12;2025-11-18;18;3092
12;2025-11-18;19;2290
12;2025-11-18;20;1468
12;2025-11-18;21;924
12;2025-11-18;22;450
12;2025-11-18;23;246
12;2025-11-19;0;53
12;2025-11-19;1;1
12;2025-11-19;2;0
12;2025-11-19;3;0
12;2025-11-19;4;6
12;2025-11-19;5;308
12;2025-11-19;6;1417
12;2025-11-19;7;2671
12;2025-11-19;8;3574
12;2025-11-19;9;2536
12;2025-11-19;10;2107
12;2025-11-19;11;1996
12;2025-11-19;12;2080
12;2025-11-19;13;2089
12;2025-11-19;14;2014
12;2025-11-19;15;2263
12;2025-11-19;16;2791
12;2025-11-19;17;3051
12;2025-11-19;18;3171
12;2025-11-19;19;2354
12;2025-11-19;20;1517
12;2025-11-19;21;966
12;2025-11-19;22;470
12;2025-11-19;23;260
12;2025-11-20;0;47
12;2025-11-20;1;2
12;2025-11-20;2;0
12;2025-11-20;3;0
12;2025-11-20;4;6
12;2025-11-20;5;305
12;2025-11-20;6;1398
12;2025-11-20;7;2691
12;2025-11-20;8;3580
12;2025-11-20;9;2515
12;2025-11-20;10;2070
12;2025-11-20;11;1989
12;2025-11-20;12;2068
12;2025-11-20;13;2099
12;2025-11-20;14;2027
12;2025-11-20;15;2275
12;2025-11-20;16;2781
12;2025-11-20;17;3058
12;2025-11-20;18;3182
12;2025-11-20;19;2364
12;2025-11-20;20;1535
12;2025-11-20;21;946
12;2025-11-20;22;473
12;2025-11-20;23;265
12;2025-11-21;0;52
12;2025-11-21;1;1
12;2025-11-21;2;0
12;2025-11-21;3;0
12;2025-11-21;4;6
12;2025-11-21;5;307
12;2025-11-21;6;1398
12;2025-11-21;7;2623
12;2025-11-21;8;3440
12;2025-11-21;9;2484
12;2025-11-21;10;2021
12;2025-11-21;11;1982
12;2025-11-21;12;2035
12;2025-11-21;13;2083
12;2025-11-21;14;2036
12;2025-11-21;15;2365
12;2025-11-21;16;2885
12;2025-11-21;17;3011
12;2025-11-21;18;2836
12;2025-11-21;19;2196
12;2025-11-21;20;1443
12;2025-11-21;21;962
12;2025-11-21;22;480
12;2025-11-21;23;294
12;2025-11-22;0;73
12;2025-11-22;1;2
12;2025-11-22;2;0
12;2025-11-22;3;0
12;2025-11-22;4;2
12;2025-11-22;5;213
12;2025-11-22;6;783
12;2025-11-22;7;897
12;2025-11-22;8;1021
12;2025-11-22;9;1234
12;2025-11-22;10;1471
12;2025-11-22;11;1490
12;2025-11-22;12;1553
12;2025-11-22;13;1756
12;2025-11-22;14;1584
12;2025-11-22;15;1561
12;2025-11-22;16;1718
12;2025-11-22;17;1607
12;2025-11-22;18;1498
12;2025-11-22;19;1375
12;2025-11-22;20;956
12;2025-11-22;21;791
12;2025-11-22;22;401
12;2025-11-22;23;293
12;2025-11-23;0;83
12;2025-11-23;1;4
12;2025-11-23;2;0
12;2025-11-23;3;0
12;2025-11-23;4;3
12;2025-11-23;5;121
12;2025-11-23;6;485
12;2025-11-23;7;711
12;2025-11-23;8;746
12;2025-11-23;9;963
12;2025-11-23;10;1182
12;2025-11-23;11;1299
12;2025-11-23;12;1415
12;2025-11-23;13;1626
12;2025-11-23;14;1488
12;2025-11-23;15;1534
12;2025-11-23;16;1580
12;2025-11-23;17;1584
12;2025-11-23;18;1409
12;2025-11-23;19;1008
12;2025-11-23;20;782
12;2025-11-23;21;602
12;2025-11-23;22;403
12;2025-11-23;23;213
12;2025-11-24;0;56
12;2025-11-24;1;1
12;2025-11-24;2;0
12;2025-11-24;3;0
12;2025-11-24;4;7
12;2025-11-24;5;290
12;2025-11-24;6;1350
12;2025-11-24;7;2574
12;2025-11-24;8;3446
12;2025-11-24;9;2429
12;2025-11-24;10;1982
12;2025-11-24;11;1895
12;2025-11-24;12;1994
12;2025-11-24;13;1991
12;2025-11-24;14;1932
12;2025-11-24;15;2179
12;2025-11-24;16;2669
12;2025-11-24;17;2928
12;2025-11-24;18;3071
12;2025-11-24;19;2275
12;2025-11-24;20;1474
12;2025-11-24;21;913
12;2025-11-24;22;433
12;2025-11-24;23;235
12;2025-11-25;0;45
12;2025-11-25;1;1
12;2025-11-25;2;0
12;2025-11-25;3;0
12;2025-11-25;4;6
12;2025-11-25;5;305
12;2025-11-25;6;1403
12;2025-11-25;7;2713
12;2025-11-25;8;3629
12;2025-11-25;9;2541
12;2025-11-25;10;2091
12;2025-11-25;11;1995
12;2025-11-25;12;2077
12;2025-11-25;13;2101
12;2025-11-25;14;2041
12;2025-11-25;15;2277
12;2025-11-25;16;2807
12;2025-11-25;17;3071
12;2025-11-25;18;3194
12;2025-11-25;19;2354
12;2025-11-25;20;1507
12;2025-11-25;21;942
12;2025-11-25;22;459
12;2025-11-25;23;251
12;2025-11-26;0;53
12;2025-11-26;1;1
12;2025-11-26;2;0
12;2025-11-26;3;0
12;2025-11-26;4;7
12;2025-11-26;5;300
12;2025-11-26;6;1382
12;2025-11-26;7;2617
12;2025-11-26;8;3506
12;2025-11-26;9;2485
12;2025-11-26;10;2067
12;2025-11-26;11;1948
12;2025-11-26;12;2035
12;2025-11-26;13;2039
12;2025-11-26;14;1977
12;2025-11-26;15;2218
12;2025-11-26;16;2738
12;2025-11-26;17;2984
12;2025-11-26;18;3103
12;2025-11-26;19;2297
12;2025-11-26;20;1478
12;2025-11-26;21;936
12;2025-11-26;22;455
12;2025-11-26;23;251
12;2025-11-27;0;48
12;2025-11-27;1;2
12;2025-11-27;2;0
12;2025-11-27;3;0
12;2025-11-27;4;6
12;2025-11-27;5;299
12;2025-11-27;6;1384
12;2025-11-27;7;2645
12;2025-11-27;8;3527
12;2025-11-27;9;2476
12;2025-11-27;10;2045
12;2025-11-27;11;1957
12;2025-11-27;12;2033
12;2025-11-27;13;2062
12;2025-11-27;14;1989
12;2025-11-27;15;2238
12;2025-11-27;16;2742
12;2025-11-27;17;3007
12;2025-11-27;18;3128
12;2025-11-27;19;2316
12;2025-11-27;20;1503
12;2025-11-27;21;924
12;2025-11-27;22;462
12;2025-11-27;23;258
12;2025-11-28;0;50
12;2025-11-28;1;2
12;2025-11-28;2;0
12;2025-11-28;3;0
12;2025-11-28;4;5
12;2025-11-28;5;305
12;2025-11-28;6;1373
12;2025-11-28;7;2576
12;2025-11-28;8;3390
12;2025-11-28;9;2443
12;2025-11-28;10;1993
12;2025-11-28;11;1954
12;2025-11-28;12;2006
12;2025-11-28;13;2055
12;2025-11-28;14;2010
12;2025-11-28;15;2332
12;2025-11-28;16;2851
12;2025-11-28;17;2969
12;2025-11-28;18;2797
12;2025-11-28;19;2163
12;2025-11-28;20;1421
12;2025-11-28;21;948
12;2025-11-28;22;474
12;2025-11-28;23;290
12;2025-11-29;0;76
12;2025-11-29;1;2
12;2025-11-29;2;0
12;2025-11-29;3;0
12;2025-11-29;4;2
12;2025-11-29;5;218
12;2025-11-29;6;794
12;2025-11-29;7;912
12;2025-11-29;8;1044
12;2025-11-29;9;1258
12;2025-11-29;10;1504
12;2025-11-29;11;1530
12;2025-11-29;12;1593
12;2025-11-29;13;1799
12;2025-11-29;14;1623
12;2025-11-29;15;1595
12;2025-11-29;16;1754
12;2025-11-29;17;1637
12;2025-11-29;18;1525
12;2025-11-29;19;1399
12;2025-11-29;20;975
12;2025-11-29;21;806
12;2025-11-29;22;412
12;2025-11-29;23;301
12;2025-11-30;0;83
12;2025-11-30;1;4
12;2025-11-30;2;0
12;2025-11-30;3;0
12;2025-11-30;4;3
12;2025-11-30;5;121
12;2025-11-30;6;483
12;2025-11-30;7;706
12;2025-11-30;8;740
12;2025-11-30;9;958
12;2025-11-30;10;1178
12;2025-11-30;11;1298
12;2025-11-30;12;1412
12;2025-11-30;13;1624
12;2025-11-30;14;1488
12;2025-11-30;15;1533
12;2025-11-30;16;1581
12;2025-11-30;17;1581
12;2025-11-30;18;1405
12;2025-11-30;19;1007
12;2025-11-30;20;781
12;2025-11-30;21;602
12;2025-11-30;22;403
12;2025-11-30;23;217
12;2025-12-01;0;55
12;2025-12-01;1;4
12;2025-12-01;2;0
12;2025-12-01;3;0
12;2025-12-01;4;6
12;2025-12-01;5;294
12;2025-12-01;6;1370
12;2025-12-01;7;2628
12;2025-12-01;8;3519
12;2025-12-01;9;2482
12;2025-12-01;10;2030
12;2025-12-01;11;1947
12;2025-12-01;12;2052
12;2025-12-01;13;2045
12;2025-12-01;14;1989
12;2025-12-01;15;2245
12;2025-12-01;16;2746
12;2025-12-01;17;2995
12;2025-12-01;18;3129
12;2025-12-01;19;2313
12;2025-12-01;20;1498
12;2025-12-01;21;920
12;2025-12-01;22;438
12;2025-12-01;23;240
12;2025-12-02;0;45
12;2025-12-02;1;1
12;2025-12-02;2;0
12;2025-12-02;3;0
12;2025-12-02;4;6
12;2025-12-02;5;303
12;2025-12-02;6;1387
12;2025-12-02;7;2692
12;2025-12-02;8;3601
12;2025-12-02;9;2523
12;2025-12-02;10;2083
12;2025-12-02;11;1987
12;2025-12-02;12;2066
12;2025-12-02;13;2091
12;2025-12-02;14;2033
12;2025-12-02;15;2268
12;2025-12-02;16;2796
12;2025-12-02;17;3049
12;2025-12-02;18;3162
12;2025-12-02;19;2334
12;2025-12-02;20;1493
12;2025-12-02;21;930
12;2025-12-02;22;454
12;2025-12-02;23;251
12;2025-12-03;0;54
12;2025-12-03;1;1
12;2025-12-03;2;0
12;2025-12-03;3;0
12;2025-12-03;4;6
12;2025-12-03;5;303
12;2025-12-03;6;1394
12;2025-12-03;7;2647
12;2025-12-03;8;3547
12;2025-12-03;9;2515
12;2025-12-03;10;2105
12;2025-12-03;11;1993
12;2025-12-03;12;2075
12;2025-12-03;13;2084
12;2025-12-03;14;2018
12;2025-12-03;15;2263
12;2025-12-03;16;2793
12;2025-12-03;17;3033
12;2025-12-03;18;3141
12;2025-12-03;19;2332
12;2025-12-03;20;1500
12;2025-12-03;21;951
12;2025-12-03;22;464
12;2025-12-03;23;259
12;2025-12-04;0;48
12;2025-12-04;1;2
12;2025-12-04;2;0
12;2025-12-04;3;0
12;2025-12-04;4;6
12;2025-12-04;5;301
12;2025-12-04;6;1375
12;2025-12-04;7;2664
12;2025-12-04;8;3554
12;2025-12-04;9;2493
12;2025-12-04;10;2066
12;2025-12-04;11;1983
12;2025-12-04;12;2058
12;2025-12-04;13;2090
12;2025-12-04;14;2026
12;2025-12-04;15;2273
12;2025-12-04;16;2781
12;2025-12-04;17;3037
12;2025-12-04;18;3151
12;2025-12-04;19;2339
12;2025-12-04;20;1519
12;2025-12-04;21;932
12;2025-12-04;22;470
12;2025-12-04;23;265
12;2025-12-05;0;52
12;2025-12-05;1;2
12;2025-12-05;2;0
12;2025-12-05;3;0
12;2025-12-05;4;5
12;2025-12-05;5;306
12;2025-12-05;6;1378
12;2025-12-05;7;2601
12;2025-12-05;8;3413
12;2025-12-05;9;2467
12;2025-12-05;10;2021
12;2025-12-05;11;1983
12;2025-12-05;12;2031
12;2025-12-05;13;2082
12;2025-12-05;14;2042
12;2025-12-05;15;2369
12;2025-12-05;16;2893
12;2025-12-05;17;2999
12;2025-12-05;18;2803
12;2025-12-05;19;2174
12;2025-12-05;20;1427
12;2025-12-05;21;949
12;2025-12-05;22;477
12;2025-12-05;23;293
12;2025-12-06;0;76
12;2025-12-06;1;2
12;2025-12-06;2;0
12;2025-12-06;3;0
12;2025-12-06;4;2
12;2025-12-06;5;217
12;2025-12-06;6;799
12;2025-12-06;7;906
12;2025-12-06;8;1041
12;2025-12-06;9;1256
12;2025-12-06;10;1502
12;2025-12-06;11;1533
12;2025-12-06;12;1595
12;2025-12-06;13;1804
12;2025-12-06;14;1627
12;2025-12-06;15;1597
12;2025-12-06;16;1755
12;2025-12-06;17;1635
12;2025-12-06;18;1521
12;2025-12-06;19;1398
12;2025-12-06;20;973
12;2025-12-06;21;805
12;2025-12-06;22;415
12;2025-12-06;23;305
12;2025-12-07;0;86
12;2025-12-07;1;5
12;2025-12-07;2;0
12;2025-12-07;3;0
12;2025-12-07;4;3
12;2025-12-07;5;122
12;2025-12-07;6;485
12;2025-12-07;7;709
12;2025-12-07;8;748
12;2025-12-07;9;966
12;2025-12-07;10;1191
12;2025-12-07;11;1317
12;2025-12-07;12;1431
12;2025-12-07;13;1644
12;2025-12-07;14;1509
12;2025-12-07;15;1549
12;2025-12-07;16;1599
12;2025-12-07;17;1596
12;2025-12-07;18;1417
12;2025-12-07;19;1017
12;2025-12-07;20;788
12;2025-12-07;21;605
12;2025-12-07;22;410
12;2025-12-07;23;217
12;2025-12-08;0;55
12;2025-12-08;1;1
12;2025-12-08;2;0
12;2025-12-08;3;0
12;2025-12-08;4;6
12;2025-12-08;5;293
12;2025-12-08;6;1363
12;2025-12-08;7;2621
12;2025-12-08;8;3514
12;2025-12-08;9;2478
12;2025-12-08;10;2035
12;2025-12-08;11;1953
12;2025-12-08;12;2055
12;2025-12-08;13;2048
12;2025-12-08;14;1993
12;2025-12-08;15;2249
12;2025-12-08;16;2751
12;2025-12-08;17;2995
12;2025-12-08;18;3127
12;2025-12-08;19;2311
12;2025-12-08;20;1497
12;2025-12-08;21;917
12;2025-12-08;22;439
12;2025-12-08;23;239
12;2025-12-09;0;45
12;2025-12-09;1;1
12;2025-12-09;2;0
12;2025-12-09;3;0
12;2025-12-09;4;6
12;2025-12-09;5;302
12;2025-12-09;6;1376
12;2025-12-09;7;2677
12;2025-12-09;8;3584
12;2025-12-09;9;2508
12;2025-12-09;10;2079
12;2025-12-09;11;1982
12;2025-12-09;12;2060
12;2025-12-09;13;2081
12;2025-12-09;14;2029
12;2025-12-09;15;2264
12;2025-12-09;16;2793
12;2025-12-09;17;3033
12;2025-12-09;18;3151
12;2025-12-09;19;2325
12;2025-12-09;20;1484
12;2025-12-09;21;923
12;2025-12-09;22;452
12;2025-12-09;23;249
12;2025-12-10;0;53
12;2025-12-10;1;1
12;2025-12-10;2;0
12;2025-12-10;3;0
12;2025-12-10;4;6
12;2025-12-10;5;299
12;2025-12-10;6;1373
12;2025-12-10;7;2617
12;2025-12-10;8;3511
12;2025-12-10;9;2487
12;2025-12-10;10;2086
12;2025-12-10;11;1976
12;2025-12-10;12;2058
12;2025-12-10;13;2063
12;2025-12-10;14;2005
12;2025-12-10;15;2244
12;2025-12-10;16;2771
12;2025-12-10;17;3003
12;2025-12-10;18;3112
12;2025-12-10;19;2307
12;2025-12-10;20;1484
12;2025-12-10;21;938
12;2025-12-10;22;460
12;2025-12-10;23;257
12;2025-12-11;0;48
12;2025-12-11;1;2
12;2025-12-11;2;0
12;2025-12-11;3;0
12;2025-12-11;4;7
12;2025-12-11;5;296
12;2025-12-11;6;1352
12;2025-12-11;7;2615
12;2025-12-11;8;3483
12;2025-12-11;9;2446
12;2025-12-11;10;2030
12;2025-12-11;11;1945
12;2025-12-11;12;2018
12;2025-12-11;13;2050
12;2025-12-11;14;1990
12;2025-12-11;15;2239
12;2025-12-11;16;2738
12;2025-12-11;17;2984
12;2025-12-11;18;3093
12;2025-12-11;19;2292
12;2025-12-11;20;1487
12;2025-12-11;21;908
12;2025-12-11;22;459
12;2025-12-11;23;256
12;2025-12-12;0;53
12;2025-12-12;1;2
12;2025-12-12;2;0
12;2025-12-12;3;0
12;2025-12-12;4;5
12;2025-12-12;5;304
12;2025-12-12;6;1355
12;2025-12-12;7;2553
12;2025-12-12;8;3350
12;2025-12-12;9;2425
12;2025-12-12;10;1994
12;2025-12-12;11;1957
12;2025-12-12;12;1997
12;2025-12-12;13;2046
12;2025-12-12;14;2006
12;2025-12-12;15;2324
12;2025-12-12;16;2838
12;2025-12-12;17;2934
12;2025-12-12;18;2746
12;2025-12-12;19;2132
12;2025-12-12;20;1398
12;2025-12-12;21;932
12;2025-12-12;22;466
12;2025-12-12;23;286
12;2025-12-13;0;75
12;2025-12-13;1;2
12;2025-12-13;2;0
12;2025-12-13;3;0
12;2025-12-13;4;2
12;2025-12-13;5;214
12;2025-12-13;6;784
12;2025-12-13;7;894
12;2025-12-13;8;1027
12;2025-12-13;9;1238
12;2025-12-13;10;1485
12;2025-12-13;11;1517
12;2025-12-13;12;1577
12;2025-12-13;13;1783
12;2025-12-13;14;1613
12;2025-12-13;15;1579
12;2025-12-13;16;1735
12;2025-12-13;17;1618
12;2025-12-13;18;1505
12;2025-12-13;19;1384
12;2025-12-13;20;961
12;2025-12-13;21;790
12;2025-12-13;22;410
12;2025-12-13;23;301
12;2025-12-14;0;87
12;2025-12-14;1;5
12;2025-12-14;2;0
12;2025-12-14;3;0
12;2025-12-14;4;3
12;2025-12-14;5;121
12;2025-12-14;6;478
12;2025-12-14;7;701
12;2025-12-14;8;739
12;2025-12-14;9;953
12;2025-12-14;10;1180
12;2025-12-14;11;1306
12;2025-12-14;12;1416
12;2025-12-14;13;1628
12;2025-12-14;14;1499
12;2025-12-14;15;1533
12;2025-12-14;16;1584
12;2025-12-14;17;1581
12;2025-12-14;18;1405
12;2025-12-14;19;1010
12;2025-12-14;20;781
12;2025-12-14;21;595
12;2025-12-14;22;404
12;2025-12-14;23;215
12;2025-12-15;0;57
12;2025-12-15;1;1
12;2025-12-15;2;0
12;2025-12-15;3;0
12;2025-12-15;4;6
12;2025-12-15;5;296
12;2025-12-15;6;1355
12;2025-12-15;7;2612
12;2025-12-15;8;3501
12;2025-12-15;9;2469
12;2025-12-15;10;2038
12;2025-12-15;11;1951
12;2025-12-15;12;2048
12;2025-12-15;13;2039
12;2025-12-15;14;2004
12;2025-12-15;15;2242
12;2025-12-15;16;2749
12;2025-12-15;17;2994
12;2025-12-15;18;3129
12;2025-12-15;19;2317
12;2025-12-15;20;1499
12;2025-12-15;21;914
12;2025-12-15;22;437
12;2025-12-15;23;240
12;2025-12-16;0;46
12;2025-12-16;1;1
12;2025-12-16;2;0
12;2025-12-16;3;0
12;2025-12-16;4;6
12;2025-12-16;5;305
12;2025-12-16;6;1381
12;2025-12-16;7;2691
12;2025-12-16;8;3597
12;2025-12-16;9;2520
12;2025-12-16;10;2094
12;2025-12-16;11;2000
12;2025-12-16;12;2070
12;2025-12-16;13;2087
12;2025-12-16;14;2048
12;2025-12-16;15;2273
12;2025-12-16;16;2811
12;2025-12-16;17;3056
12;2025-12-16;18;3172
12;2025-12-16;19;2342
12;2025-12-16;20;1497
12;2025-12-16;21;930
12;2025-12-16;22;457
12;2025-12-16;23;252
12;2025-12-17;0;55
12;2025-12-17;1;1
12;2025-12-17;2;0
12;2025-12-17;3;0
12;2025-12-17;4;6
12;2025-12-17;5;302
12;2025-12-17;6;1383
12;2025-12-17;7;2638
12;2025-12-17;8;3538
12;2025-12-17;9;2507
12;2025-12-17;10;2109
12;2025-12-17;11;2000
12;2025-12-17;12;2079
12;2025-12-17;13;2084
12;2025-12-17;14;2028
12;2025-12-17;15;2272
12;2025-12-17;16;2808
12;2025-12-17;17;3035
12;2025-12-17;18;3141
12;2025-12-17;19;2333
12;2025-12-17;20;1497
12;2025-12-17;21;946
12;2025-12-17;22;466
12;2025-12-17;23;260
12;2025-12-18;0;48
12;2025-12-18;1;2
12;2025-12-18;2;0
12;2025-12-18;3;0
12;2025-12-18;4;6
12;2025-12-18;5;299
12;2025-12-18;6;1362
12;2025-12-18;7;2653
12;2025-12-18;8;3538
12;2025-12-18;9;2479
12;2025-12-18;10;2067
12;2025-12-18;11;1984
12;2025-12-18;12;2057
12;2025-12-18;13;2086
12;2025-12-18;14;2029
12;2025-12-18;15;2276
12;2025-12-18;16;2789
12;2025-12-18;17;3033
12;2025-12-18;18;3144
12;2025-12-18;19;2336
12;2025-12-18;20;1514
12;2025-12-18;21;925
12;2025-12-18;22;470
12;2025-12-18;23;262
12;2025-12-19;0;53
12;2025-12-19;1;2
12;2025-12-19;2;0
12;2025-12-19;3;0
12;2025-12-19;4;6
12;2025-12-19;5;307
12;2025-12-19;6;1368
12;2025-12-19;7;2595
12;2025-12-19;8;3405
12;2025-12-19;9;2457
12;2025-12-19;10;2025
12;2025-12-19;11;1987
12;2025-12-19;12;2031
12;2025-12-19;13;2080
12;2025-12-19;14;2049
12;2025-12-19;15;2374
12;2025-12-19;16;2904
12;2025-12-19;17;3002
12;2025-12-19;18;2805
12;2025-12-19;19;2175
12;2025-12-19;20;1425
12;2025-12-19;21;942
12;2025-12-19;22;475
12;2025-12-19;23;291
12;2025-12-20;0;78
12;2025-12-20;1;3
12;2025-12-20;2;0
12;2025-12-20;3;0
12;2025-12-20;4;2
12;2025-12-20;5;216
12;2025-12-20;6;790
12;2025-12-20;7;898
12;2025-12-20;8;1034
12;2025-12-20;9;1246
12;2025-12-20;10;1495
12;2025-12-20;11;1535
12;2025-12-20;12;1594
12;2025-12-20;13;1803
12;2025-12-20;14;1633
12;2025-12-20;15;1594
12;2025-12-20;16;1751
12;2025-12-20;17;1630
12;2025-12-20;18;1514
12;2025-12-20;19;1394
12;2025-12-20;20;968
12;2025-12-20;21;797
12;2025-12-20;22;414
12;2025-12-20;23;305
12;2025-12-21;0;86
12;2025-12-21;1;5
12;2025-12-21;2;0
12;2025-12-21;3;0
12;2025-12-21;4;3
12;2025-12-21;5;121
12;2025-12-21;6;476
12;2025-12-21;7;697
12;2025-12-21;8;738
12;2025-12-21;9;952
12;2025-12-21;10;1181
12;2025-12-21;11;1311
12;2025-12-21;12;1423
12;2025-12-21;13;1636
12;2025-12-21;14;1505
12;2025-12-21;15;1538
12;2025-12-21;16;1588
12;2025-12-21;17;1582
12;2025-12-21;18;1402
12;2025-12-21;19;1008
12;2025-12-21;20;780
12;2025-12-21;21;597
12;2025-12-21;22;407
12;2025-12-21;23;217
12;2025-12-22;0;57
12;2025-12-22;1;4
12;2025-12-22;2;0
12;2025-12-22;3;0
12;2025-12-22;4;7
12;2025-12-22;5;293
12;2025-12-22;6;1343
12;2025-12-22;7;2587
12;2025-12-22;8;3465
12;2025-12-22;9;2440
12;2025-12-22;10;2017
12;2025-12-22;11;1932
12;2025-12-22;12;2029
12;2025-12-22;13;2021
12;2025-12-22;14;1978
12;2025-12-22;15;2227
12;2025-12-22;16;2727
12;2025-12-22;17;2962
12;2025-12-22;18;3086
12;2025-12-22;19;2284
12;2025-12-22;20;1476
12;2025-12-22;21;903
12;2025-12-22;22;431
12;2025-12-22;23;234
12;2025-12-23;0;44
12;2025-12-23;1;1
12;2025-12-23;2;0
12;2025-12-23;3;0
12;2025-12-23;4;7
12;2025-12-23;5;307
12;2025-12-23;6;1370
12;2025-12-23;7;2676
12;2025-12-23;8;3573
12;2025-12-23;9;2498
12;2025-12-23;10;2083
12;2025-12-23;11;1984
12;2025-12-23;12;2054
12;2025-12-23;13;2077
12;2025-12-23;14;2044
12;2025-12-23;15;2265
12;2025-12-23;16;2801
12;2025-12-23;17;3047
12;2025-12-23;18;3160
12;2025-12-23;19;2339
12;2025-12-23;20;1490
12;2025-12-23;21;920
12;2025-12-23;22;453
12;2025-12-23;23;252
12;2025-12-24;0;55
12;2025-12-24;1;1
12;2025-12-24;2;0
12;2025-12-24;3;0
12;2025-12-24;4;6
12;2025-12-24;5;308
12;2025-12-24;6;1380
12;2025-12-24;7;2643
12;2025-12-24;8;3537
12;2025-12-24;9;2503
12;2025-12-24;10;2119
12;2025-12-24;11;2005
12;2025-12-24;12;2079
12;2025-12-24;13;2079
12;2025-12-24;14;2049
12;2025-12-24;15;2266
12;2025-12-24;16;2807
12;2025-12-24;17;3045
12;2025-12-24;18;3152
12;2025-12-24;19;2345
12;2025-12-24;20;1525
12;2025-12-24;21;956
12;2025-12-24;22;469
12;2025-12-24;23;259
12;2025-12-25;0;51
12;2025-12-25;1;3
12;2025-12-25;2;0
12;2025-12-25;3;0
12;2025-12-25;4;8
12;2025-12-25;5;297
12;2025-12-25;6;1349
12;2025-12-25;7;2621
12;2025-12-25;8;3493
12;2025-12-25;9;2449
12;2025-12-25;10;2050
12;2025-12-25;11;1969
12;2025-12-25;12;2039
12;2025-12-25;13;2065
12;2025-12-25;14;2017
12;2025-12-25;15;2256
12;2025-12-25;16;2762
12;2025-12-25;17;3001
12;2025-12-25;18;3102
12;2025-12-25;19;2306
12;2025-12-25;20;1490
12;2025-12-25;21;907
12;2025-12-25;22;462
12;2025-12-25;23;255
12;2025-12-26;0;53
12;2025-12-26;1;3
12;2025-12-26;2;0
12;2025-12-26;3;0
12;2025-12-26;4;6
12;2025-12-26;5;297
12;2025-12-26;6;1321
12;2025-12-26;7;2504
12;2025-12-26;8;3290
12;2025-12-26;9;2371
12;2025-12-26;10;1959
12;2025-12-26;11;1920
12;2025-12-26;12;1964
12;2025-12-26;13;2007
12;2025-12-26;14;1982
12;2025-12-26;15;2301
12;2025-12-26;16;2810
12;2025-12-26;17;2895
12;2025-12-26;18;2708
12;2025-12-26;19;2105
12;2025-12-26;20;1375
12;2025-12-26;21;909
12;2025-12-26;22;459
12;2025-12-26;23;281
12;2025-12-27;0;77
12;2025-12-27;1;2
12;2025-12-27;2;0
12;2025-12-27;3;0
12;2025-12-27;4;3
12;2025-12-27;5;216
12;2025-12-27;6;783
12;2025-12-27;7;885
12;2025-12-27;8;1024
12;2025-12-27;9;1231
12;2025-12-27;10;1478
12;2025-12-27;11;1522
12;2025-12-27;12;1579
12;2025-12-27;13;1785
12;2025-12-27;14;1621
12;2025-12-27;15;1576
12;2025-12-27;16;1731
12;2025-12-27;17;1613
12;2025-12-27;18;1492
12;2025-12-27;19;1381
12;2025-12-27;20;957
12;2025-12-27;21;782
12;2025-12-27;22;409
12;2025-12-27;23;300
12;2025-12-28;0;85
12;2025-12-28;1;4
12;2025-12-28;2;0
12;2025-12-28;3;0
12;2025-12-28;4;3
12;2025-12-28;5;123
12;2025-12-28;6;469
12;2025-12-28;7;688
12;2025-12-28;8;727
12;2025-12-28;9;935
12;2025-12-28;10;1161
12;2025-12-28;11;1293
12;2025-12-28;12;1397
12;2025-12-28;13;1607
12;2025-12-28;14;1485
12;2025-12-28;15;1511
12;2025-12-28;16;1561
12;2025-12-28;17;1556
12;2025-12-28;18;1378
12;2025-12-28;19;999
12;2025-12-28;20;770
12;2025-12-28;21;585
12;2025-12-28;22;402
12;2025-12-28;23;213
12;2025-12-29;0;49
12;2025-12-29;1;2
12;2025-12-29;2;0
12;2025-12-29;3;0
12;2025-12-29;4;5
12;2025-12-29;5;260
12;2025-12-29;6;1182
12;2025-12-29;7;2279
12;2025-12-29;8;3048
12;2025-12-29;9;2147
12;2025-12-29;10;1784
12;2025-12-29;11;1709
12;2025-12-29;12;1793
12;2025-12-29;13;1785
12;2025-12-29;14;1750
12;2025-12-29;15;1967
12;2025-12-29;16;2409
12;2025-12-29;17;2611
12;2025-12-29;18;2722
12;2025-12-29;19;2019
12;2025-12-29;20;1300
12;2025-12-29;21;790
12;2025-12-29;22;379
12;2025-12-29;23;208
12;2025-12-30;0;41
12;2025-12-30;1;2
12;2025-12-30;2;0
12;2025-12-30;3;0
12;2025-12-30;4;6
12;2025-12-30;5;265
12;2025-12-30;6;1193
12;2025-12-30;7;2328
12;2025-12-30;8;3092
12;2025-12-30;9;2172
12;2025-12-30;10;1817
12;2025-12-30;11;1733
12;2025-12-30;12;1794
12;2025-12-30;13;1812
12;2025-12-30;14;1783
12;2025-12-30;15;1983
12;2025-12-30;16;2442
12;2025-12-30;17;2640
12;2025-12-30;18;2708
12;2025-12-30;19;2016
12;2025-12-30;20;1289
12;2025-12-30;21;792
12;2025-12-30;22;394
12;2025-12-30;23;217
12;2025-12-31;0;73
12;2025-12-31;1;5
12;2025-12-31;2;0
12;2025-12-31;3;0
12;2025-12-31;4;3
12;2025-12-31;5;107
12;2025-12-31;6;407
12;2025-12-31;7;583
12;2025-12-31;8;617
12;2025-12-31;9;802
12;2025-12-31;10;1001
12;2025-12-31;11;1101
12;2025-12-31;12;1191
12;2025-12-31;13;1361
12;2025-12-31;14;1259
12;2025-12-31;15;1273
12;2025-12-31;16;1315
12;2025-12-31;17;1322
12;2025-12-31;18;1183
12;2025-12-31;19;857
12;2025-12-31;20;0
12;2025-12-31;21;0
12;2025-12-31;22;0
12;2025-12-31;23;0
17;2025-11-01;0;115
17;2025-11-01;1;12
17;2025-11-01;2;0
17;2025-11-01;3;0
17;2025-11-01;4;22
17;2025-11-01;5;285
17;2025-11-01;6;1404
17;2025-11-01;7;3941
17;2025-11-01;8;4951
17;2025-11-01;9;3560
17;2025-11-01;10;2826
17;2025-11-01;11;2816
17;2025-11-01;12;2834
17;2025-11-01;13;2895
17;2025-11-01;14;2992
17;2025-11-01;15;3106
17;2025-11-01;16;3488
17;2025-11-01;17;4206
17;2025-11-01;18;4245
17;2025-11-01;19;3012
17;2025-11-01;20;2122
17;2025-11-01;21;1323
17;2025-11-01;22;635
17;2025-11-01;23;354
17;2025-11-02;0;184
17;2025-11-02;1;25
17;2025-11-02;2;0
17;2025-11-02;3;0
17;2025-11-02;4;4
17;2025-11-02;5;117
17;2025-11-02;6;444
17;2025-11-02;7;886
17;2025-11-02;8;1285
17;2025-11-02;9;1748
17;2025-11-02;10;2047
17;2025-11-02;11;2629
17;2025-11-02;12;3020
17;2025-11-02;13;3296
17;2025-11-02;14;3371
17;2025-11-02;15;3285
17;2025-11-02;16;3313
17;2025-11-02;17;3129
17;2025-11-02;18;2672
17;2025-11-02;19;2131
17;2025-11-02;20;1595
17;2025-11-02;21;1145
17;2025-11-02;22;698
17;2025-11-02;23;325
17;2025-11-03;0;173
17;2025-11-03;1;24
17;2025-11-03;2;0
17;2025-11-03;3;0
17;2025-11-03;4;4
17;2025-11-03;5;111
17;2025-11-03;6;438
17;2025-11-03;7;888
17;2025-11-03;8;1280
17;2025-11-03;9;1697
17;2025-11-03;10;1961
17;2025-11-03;11;2511
17;2025-11-03;12;2874
17;2025-11-03;13;3150
17;2025-11-03;14;3223
17;2025-11-03;15;3124
17;2025-11-03;16;3149
17;2025-11-03;17;2984
17;2025-11-03;18;2635
17;2025-11-03;19;2094
17;2025-11-03;20;1552
17;2025-11-03;21;1108
17;2025-11-03;22;673
17;2025-11-03;23;308
17;2025-11-04;0;177
17;2025-11-04;1;26
17;2025-11-04;2;0
17;2025-11-04;3;0
17;2025-11-04;4;4
17;2025-11-04;5;107
17;2025-11-04;6;427
17;2025-11-04;7;856
17;2025-11-04;8;1237
17;2025-11-04;9;1655
17;2025-11-04;10;1916
17;2025-11-04;11;2444
17;2025-11-04;12;2812
17;2025-11-04;13;3100
17;2025-11-04;14;3200
17;2025-11-04;15;3082
17;2025-11-04;16;3105
17;2025-11-04;17;2954
17;2025-11-04;18;2588
17;2025-11-04;19;2063
17;2025-11-04;20;1537
17;2025-11-04;21;1095
17;2025-11-04;22;671
17;2025-11-04;23;306
17;2025-11-05;0;122
17;2025-11-05;1;11
17;2025-11-05;2;0
17;2025-11-05;3;0
17;2025-11-05;4;26
17;2025-11-05;5;311
17;2025-11-05;6;1543
17;2025-11-05;7;4289
17;2025-11-05;8;5425
17;2025-11-05;9;3869
17;2025-11-05;10;3063
17;2025-11-05;11;3037
17;2025-11-05;12;3061
17;2025-11-05;13;3113
17;2025-11-05;14;3207
17;2025-11-05;15;3326
17;2025-11-05;16;3707
17;2025-11-05;17;4550
17;2025-11-05;18;4729
17;2025-11-05;19;3320
17;2025-11-05;20;2323
17;2025-11-05;21;1460
17;2025-11-05;22;703
17;2025-11-05;23;385
17;2025-11-06;0;128
17;2025-11-06;1;10
17;2025-11-06;2;0
17;2025-11-06;3;0
17;2025-11-06;4;25
17;2025-11-06;5;318
17;2025-11-06;6;1548
17;2025-11-06;7;4303
17;2025-11-06;8;5438
17;2025-11-06;9;3880
17;2025-11-06;10;3070
17;2025-11-06;11;3033
17;2025-11-06;12;3062
17;2025-11-06;13;3129
17;2025-11-06;14;3217
17;2025-11-06;15;3319
17;2025-11-06;16;3754
17;2025-11-06;17;4574
17;2025-11-06;18;4746
17;2025-11-06;19;3357
17;2025-11-06;20;2373
17;2025-11-06;21;1486
17;2025-11-06;22;721
17;2025-11-06;23;400
17;2025-11-07;0;139
17;2025-11-07;1;14
17;2025-11-07;2;0
17;2025-11-07;3;0
17;2025-11-07;4;23
17;2025-11-07;5;312
17;2025-11-07;6;1533
17;2025-11-07;7;4264
17;2025-11-07;8;5324
17;2025-11-07;9;3828
17;2025-11-07;10;3030
17;2025-11-07;11;3061
17;2025-11-07;12;3064
17;2025-11-07;13;3145
17;2025-11-07;14;3261
17;2025-11-07;15;3465
17;2025-11-07;16;3985
17;2025-11-07;17;4613
17;2025-11-07;18;4377
17;2025-11-07;19;3188
17;2025-11-07;20;2324
17;2025-11-07;21;1511
17;2025-11-07;22;757
17;2025-11-07;23;449
17;2025-11-08;0;209
17;2025-11-08;1;27
17;2025-11-08;2;0
17;2025-11-08;3;0
17;2025-11-08;4;6
17;2025-11-08;5;137
17;2025-11-08;6;608
17;2025-11-08;7;1323
17;2025-11-08;8;1859
17;2025-11-08;9;2339
17;2025-11-08;10;2595
17;2025-11-08;11;3117
17;2025-11-08;12;3446
17;2025-11-08;13;3702
17;2025-11-08;14;3667
17;2025-11-08;15;3652
17;2025-11-08;16;3718
17;2025-11-08;17;3384
17;2025-11-08;18;3066
17;2025-11-08;19;2422
17;2025-11-08;20;1893
17;2025-11-08;21;1370
17;2025-11-08;22;848
17;2025-11-08;23;464
17;2025-11-09;0;186
17;2025-11-09;1;25
17;2025-11-09;2;0
17;2025-11-09;3;0
17;2025-11-09;4;6
17;2025-11-09;5;115
17;2025-11-09;6;442
17;2025-11-09;7;881
17;2025-11-09;8;1281
17;2025-11-09;9;1736
17;2025-11-09;10;2027
17;2025-11-09;11;2612
17;2025-11-09;12;3005
17;2025-11-09;13;3291
17;2025-11-09;14;3376
17;2025-11-09;15;3280
17;2025-11-09;16;3314
17;2025-11-09;17;3108
17;2025-11-09;18;2670
17;2025-11-09;19;2131
17;2025-11-09;20;1595
17;2025-11-09;21;1154
17;2025-11-09;22;709
17;2025-11-09;23;330
17;2025-11-10;0;113
17;2025-11-10;1;12
17;2025-11-10;2;0
17;2025-11-10;3;0
17;2025-11-10;4;25
17;2025-11-10;5;313
17;2025-11-10;6;1550
17;2025-11-10;7;4349
17;2025-11-10;8;5515
17;2025-11-10;9;3901
17;2025-11-10;10;3054
17;2025-11-10;11;3034
17;2025-11-10;12;3046
17;2025-11-10;13;3100
17;2025-11-10;14;3188
17;2025-11-10;15;3324
17;2025-11-10;16;3736
17;2025-11-10;17;4579
17;2025-11-10;18;4794
17;2025-11-10;19;3345
17;2025-11-10;20;2314
17;2025-11-10;21;1409
17;2025-11-10;22;651
17;2025-11-10;23;343
17;2025-11-11;0;115
17;2025-11-11;1;10
17;2025-11-11;2;0
17;2025-11-11;3;0
17;2025-11-11;4;24
17;2025-11-11;5;318
17;2025-11-11;6;1570
17;2025-11-11;7;4390
17;2025-11-11;8;5568
17;2025-11-11;9;3954
17;2025-11-11;10;3099
17;2025-11-11;11;3063
17;2025-11-11;12;3091
17;2025-11-11;13;3149
17;2025-11-11;14;3274
17;2025-11-11;15;3367
17;2025-11-11;16;3773
17;2025-11-11;17;4674
17;2025-11-11;18;4854
17;2025-11-11;19;3401
17;2025-11-11;20;2372
17;2025-11-11;21;1457
17;2025-11-11;22;689
17;2025-11-11;23;365
17;2025-11-12;0;121
17;2025-11-12;1;10
17;2025-11-12;2;0
17;2025-11-12;3;0
17;2025-11-12;4;27
17;2025-11-12;5;315
17;2025-11-12;6;1553
17;2025-11-12;7;4315
17;2025-11-12;8;5467
17;2025-11-12;9;3901
17;2025-11-12;10;3088
17;2025-11-12;11;3061
17;2025-11-12;12;3078
17;2025-11-12;13;3128
17;2025-11-12;14;3223
17;2025-11-12;15;3345
17;2025-11-12;16;3744
17;2025-11-12;17;4584
17;2025-11-12;18;4752
17;2025-11-12;19;3332
17;2025-11-12;20;2333
17;2025-11-12;21;1464
17;2025-11-12;22;706
17;2025-11-12;23;387
17;2025-11-13;0;127
17;2025-11-13;1;10
17;2025-11-13;2;0
17;2025-11-13;3;0
17;2025-11-13;4;26
17;2025-11-13;5;322
17;2025-11-13;6;1559
17;2025-11-13;7;4341
17;2025-11-13;8;5493
17;2025-11-13;9;3924
17;2025-11-13;10;3104
17;2025-11-13;11;3074
17;2025-11-13;12;3104
17;2025-11-13;13;3171
17;2025-11-13;14;3259
17;2025-11-13;15;3371
17;2025-11-13;16;3814
17;2025-11-13;17;4638
17;2025-11-13;18;4800
17;2025-11-13;19;3389
17;2025-11-13;20;2403
17;2025-11-13;21;1504
17;2025-11-13;22;728
17;2025-11-13;23;404
17;2025-11-14;0;139
17;2025-11-14;1;15
17;2025-11-14;2;0
17;2025-11-14;3;0
17;2025-11-14;4;24
17;2025-11-14;5;317
17;2025-11-14;6;1546
17;2025-11-14;7;4295
17;2025-11-14;8;5380
17;2025-11-14;9;3866
17;2025-11-14;10;3063
17;2025-11-14;11;3097
17;2025-11-14;12;3097
17;2025-11-14;13;3177
17;2025-11-14;14;3295
17;2025-11-14;15;3505
17;2025-11-14;16;4034
17;2025-11-14;17;4665
17;2025-11-14;18;4411
17;2025-11-14;19;3215
17;2025-11-14;20;2340
17;2025-11-14;21;1514
17;2025-11-14;22;755
17;2025-11-14;23;447
17;2025-11-15;0;199
17;2025-11-15;1;27
17;2025-11-15;2;0
17;2025-11-15;3;0
17;2025-11-15;4;5
17;2025-11-15;5;131
17;2025-11-15;6;587
17;2025-11-15;7;1277
17;2025-11-15;8;1794
17;2025-11-15;9;2259
17;2025-11-15;10;2494
17;2025-11-15;11;3002
17;2025-11-15;12;3326
17;2025-11-15;13;3573
17;2025-11-15;14;3540
17;2025-11-15;15;3534
17;2025-11-15;16;3612
17;2025-11-15;17;3271
17;2025-11-15;18;2959
17;2025-11-15;19;2331
17;2025-11-15;20;1819
17;2025-11-15;21;1322
17;2025-11-15;22;820
17;2025-11-15;23;446
17;2025-11-16;0;184
17;2025-11-16;1;24
17;2025-11-16;2;0
17;2025-11-16;3;0
17;2025-11-16;4;4
17;2025-11-16;5;112
17;2025-11-16;6;440
17;2025-11-16;7;878
17;2025-11-16;8;1277
17;2025-11-16;9;1737
17;2025-11-16;10;2023
17;2025-11-16;11;2619
17;2025-11-16;12;3015
17;2025-11-16;13;3297
17;2025-11-16;14;3382
17;2025-11-16;15;3291
17;2025-11-16;16;3329
17;2025-11-16;17;3115
17;2025-11-16;18;2675
17;2025-11-16;19;2132
17;2025-11-16;20;1594
17;2025-11-16;21;1154
17;2025-11-16;22;710
17;2025-11-16;23;330
17;2025-11-17;0;112
17;2025-11-17;1;13
17;2025-11-17;2;0
17;2025-11-17;3;0
17;2025-11-17;4;25
17;2025-11-17;5;309
17;2025-11-17;6;1532
17;2025-11-17;7;4290
17;2025-11-17;8;5437
17;2025-11-17;9;3857
17;2025-11-17;10;3014
17;2025-11-17;11;3000
17;2025-11-17;12;3002
17;2025-11-17;13;3054
17;2025-11-17;14;3137
17;2025-11-17;15;3270
17;2025-11-17;16;3685
17;2025-11-17;17;4520
17;2025-11-17;18;4732
17;2025-11-17;19;3302
17;2025-11-17;20;2286
17;2025-11-17;21;1395
17;2025-11-17;22;647
17;2025-11-17;23;342
17;2025-11-18;0;116
17;2025-11-18;1;12
17;2025-11-18;2;0
17;2025-11-18;3;0
17;2025-11-18;4;23
17;2025-11-18;5;308
17;2025-11-18;6;1537
17;2025-11-18;7;4249
17;2025-11-18;8;5381
17;2025-11-18;9;3830
17;2025-11-18;10;2994
17;2025-11-18;11;2951
17;2025-11-18;12;2976
17;2025-11-18;13;3030
17;2025-11-18;14;3154
17;2025-11-18;15;3246
17;2025-11-18;16;3648
17;2025-11-18;17;4529
17;2025-11-18;18;4702
17;2025-11-18;19;3291
17;2025-11-18;20;2303
17;2025-11-18;21;1418
17;2025-11-18;22;675
17;2025-11-18;23;356
17;2025-11-19;0;120
17;2025-11-19;1;10
17;2025-11-19;2;0
17;2025-11-19;3;0
17;2025-11-19;4;27
17;2025-11-19;5;317
17;2025-11-19;6;1561
17;2025-11-19;7;4335
17;2025-11-19;8;5497
17;2025-11-19;9;3929
17;2025-11-19;10;3109
17;2025-11-19;11;3088
17;2025-11-19;12;3110
17;2025-11-19;13;3163
17;2025-11-19;14;3259
17;2025-11-19;15;3377
17;2025-11-19;16;3781
17;2025-11-19;17;4622
17;2025-11-19;18;4789
17;2025-11-19;19;3352
17;2025-11-19;20;2344
17;2025-11-19;21;1473
17;2025-11-19;22;708
17;2025-11-19;23;388
17;2025-11-20;0;125
17;2025-11-20;1;10
17;2025-11-20;2;0
17;2025-11-20;3;0
17;2025-11-20;4;26
17;2025-11-20;5;323
17;2025-11-20;6;1481
17;2025-11-20;7;4296
17;2025-11-20;8;5508
17;2025-11-20;9;3935
17;2025-11-20;10;3110
17;2025-11-20;11;3086
17;2025-11-20;12;3113
17;2025-11-20;13;3182
17;2025-11-20;14;3267
17;2025-11-20;15;3381
17;2025-11-20;16;3833
17;2025-11-20;17;4651
17;2025-11-20;18;4810
17;2025-11-20;19;3387
17;2025-11-20;20;2398
17;2025-11-20;21;1498
17;2025-11-20;22;724
17;2025-11-20;23;400
17;2025-11-21;0;137
17;2025-11-21;1;14
17;2025-11-21;2;0
17;2025-11-21;3;0
17;2025-11-21;4;24
17;2025-11-21;5;316
17;2025-11-21;6;1546
17;2025-11-21;7;4293
17;2025-11-21;8;5385
17;2025-11-21;9;3871
17;2025-11-21;10;3062
17;2025-11-21;11;3102
17;2025-11-21;12;3101
17;2025-11-21;13;3178
17;2025-11-21;14;3296
17;2025-11-21;15;3508
17;2025-11-21;16;4044
17;2025-11-21;17;4666
17;2025-11-21;18;4414
17;2025-11-21;19;3208
17;2025-11-21;20;2328
17;2025-11-21;21;1512
17;2025-11-21;22;720
17;2025-11-21;23;350
17;2025-11-22;0;201
17;2025-11-22;1;25
17;2025-11-22;2;0
17;2025-11-22;3;0
17;2025-11-22;4;6
17;2025-11-22;5;132
17;2025-11-22;6;592
17;2025-11-22;7;1295
17;2025-11-22;8;1822
17;2025-11-22;9;2295
17;2025-11-22;10;2539
17;2025-11-22;11;3059
17;2025-11-22;12;3397
17;2025-11-22;13;3643
17;2025-11-22;14;3613
17;2025-11-22;15;3602
17;2025-11-22;16;3681
17;2025-11-22;17;3334
17;2025-11-22;18;3013
17;2025-11-22;19;2375
17;2025-11-22;20;1853
17;2025-11-22;21;1341
17;2025-11-22;22;829
17;2025-11-22;23;450
17;2025-11-23;0;183
17;2025-11-23;1;24
17;2025-11-23;2;0
17;2025-11-23;3;0
17;2025-11-23;4;4
17;2025-11-23;5;111
17;2025-11-23;6;435
17;2025-11-23;7;871
17;2025-11-23;8;1271
17;2025-11-23;9;1727
17;2025-11-23;10;2017
17;2025-11-23;11;2606
17;2025-11-23;12;3005
17;2025-11-23;13;3282
17;2025-11-23;14;3370
17;2025-11-23;15;3279
17;2025-11-23;16;3319
17;2025-11-23;17;3100
17;2025-11-23;18;2657
17;2025-11-23;19;2113
17;2025-11-23;20;1581
17;2025-11-23;21;1150
17;2025-11-23;22;708
17;2025-11-23;23;329
17;2025-11-24;0;114
17;2025-11-24;1;12
17;2025-11-24;2;0
17;2025-11-24;3;0
17;2025-11-24;4;24
17;2025-11-24;5;303
17;2025-11-24;6;1501
17;2025-11-24;7;4199
17;2025-11-24;8;5335
17;2025-11-24;9;3783
17;2025-11-24;10;2956
17;2025-11-24;11;2924
17;2025-11-24;12;2936
17;2025-11-24;13;2997
17;2025-11-24;14;3079
17;2025-11-24;15;3211
17;2025-11-24;16;3619
17;2025-11-24;17;4438
17;2025-11-24;18;4648
17;2025-11-24;19;3242
17;2025-11-24;20;2248
17;2025-11-24;21;1371
17;2025-11-24;22;634
17;2025-11-24;23;336
17;2025-11-25;0;113
17;2025-11-25;1;10
17;2025-11-25;2;0
17;2025-11-25;3;0
17;2025-11-25;4;25
17;2025-11-25;5;317
17;2025-11-25;6;1567
17;2025-11-25;7;4370
17;2025-11-25;8;5562
17;2025-11-25;9;3956
17;2025-11-25;10;3100
17;2025-11-25;11;3063
17;2025-11-25;12;3089
17;2025-11-25;13;3150
17;2025-11-25;14;3276
17;2025-11-25;15;3373
17;2025-11-25;16;3790
17;2025-11-25;17;4680
17;2025-11-25;18;4853
17;2025-11-25;19;3392
17;2025-11-25;20;2368
17;2025-11-25;21;1454
17;2025-11-25;22;688
17;2025-11-25;23;364
17;2025-11-26;0;120
17;2025-11-26;1;11
17;2025-11-26;2;0
17;2025-11-26;3;0
17;2025-11-26;4;26
17;2025-11-26;5;311
17;2025-11-26;6;1533
17;2025-11-26;7;4238
17;2025-11-26;8;5397
17;2025-11-26;9;3851
17;2025-11-26;10;3045
17;2025-11-26;11;3009
17;2025-11-26;12;3033
17;2025-11-26;13;3085
17;2025-11-26;14;3184
17;2025-11-26;15;3302
17;2025-11-26;16;3695
17;2025-11-26;17;4520
17;2025-11-26;18;4684
17;2025-11-26;19;3273
17;2025-11-26;20;2291
17;2025-11-26;21;1436
17;2025-11-26;22;689
17;2025-11-26;23;377
17;2025-11-27;0;126
17;2025-11-27;1;11
17;2025-11-27;2;0
17;2025-11-27;3;0
17;2025-11-27;4;26
17;2025-11-27;5;317
17;2025-11-27;6;1540
17;2025-11-27;7;4266
17;2025-11-27;8;5427
17;2025-11-27;9;3875
17;2025-11-27;10;3067
17;2025-11-27;11;3025
17;2025-11-27;12;3050
17;2025-11-27;13;3119
17;2025-11-27;14;3203
17;2025-11-27;15;3315
17;2025-11-27;16;3768
17;2025-11-27;17;4572
17;2025-11-27;18;4732
17;2025-11-27;19;3323
17;2025-11-27;20;2362
17;2025-11-27;21;1474
17;2025-11-27;22;715
17;2025-11-27;23;395
17;2025-11-28;0;138
17;2025-11-28;1;17
17;2025-11-28;2;0
17;2025-11-28;3;0
17;2025-11-28;4;25
17;2025-11-28;5;314
17;2025-11-28;6;1525
17;2025-11-28;7;4212
17;2025-11-28;8;5312
17;2025-11-28;9;3810
17;2025-11-28;10;3015
17;2025-11-28;11;2866
17;2025-11-28;12;2889
17;2025-11-28;13;3128
17;2025-11-28;14;3243
17;2025-11-28;15;3450
17;2025-11-28;16;3983
17;2025-11-28;17;4598
17;2025-11-28;18;4357
17;2025-11-28;19;3163
17;2025-11-28;20;2304
17;2025-11-28;21;1494
17;2025-11-28;22;747
17;2025-11-28;23;444
17;2025-11-29;0;207
17;2025-11-29;1;26
17;2025-11-29;2;0
17;2025-11-29;3;0
17;2025-11-29;4;6
17;2025-11-29;5;136
17;2025-11-29;6;602
17;2025-11-29;7;1317
17;2025-11-29;8;1865
17;2025-11-29;9;2345
17;2025-11-29;10;2595
17;2025-11-29;11;3131
17;2025-11-29;12;3475
17;2025-11-29;13;3723
17;2025-11-29;14;3690
17;2025-11-29;15;3682
17;2025-11-29;16;3763
17;2025-11-29;17;3405
17;2025-11-29;18;3073
17;2025-11-29;19;2422
17;2025-11-29;20;1893
17;2025-11-29;21;1375
17;2025-11-29;22;854
17;2025-11-29;23;465
17;2025-11-30;0;187
17;2025-11-30;1;26
17;2025-11-30;2;0
17;2025-11-30;3;0
17;2025-11-30;4;4
17;2025-11-30;5;110
17;2025-11-30;6;434
17;2025-11-30;7;861
17;2025-11-30;8;1265
17;2025-11-30;9;1718
17;2025-11-30;10;2007
17;2025-11-30;11;2596
17;2025-11-30;12;2997
17;2025-11-30;13;3273
17;2025-11-30;14;3361
17;2025-11-30;15;3272
17;2025-11-30;16;3314
17;2025-11-30;17;3096
17;2025-11-30;18;2652
17;2025-11-30;19;2111
17;2025-11-30;20;1585
17;2025-11-30;21;1154
17;2025-11-30;22;712
17;2025-11-30;23;333
17;2025-12-01;0;115
17;2025-12-01;1;13
17;2025-12-01;2;0
17;2025-12-01;3;0
17;2025-12-01;4;25
17;2025-12-01;5;313
17;2025-12-01;6;1548
17;2025-12-01;7;4319
17;2025-12-01;8;5518
17;2025-12-01;9;3907
17;2025-12-01;10;3058
17;2025-12-01;11;3041
17;2025-12-01;12;3050
17;2025-12-01;13;3108
17;2025-12-01;14;3197
17;2025-12-01;15;3331
17;2025-12-01;16;3757
17;2025-12-01;17;4592
17;2025-12-01;18;4787
17;2025-12-01;19;3332
17;2025-12-01;20;2310
17;2025-12-01;21;1407
17;2025-12-01;22;652
17;2025-12-01;23;347
17;2025-12-02;0;115
17;2025-12-02;1;10
17;2025-12-02;2;0
17;2025-12-02;3;0
17;2025-12-02;4;27
17;2025-12-02;5;319
17;2025-12-02;6;1569
17;2025-12-02;7;4364
17;2025-12-02;8;5578
17;2025-12-02;9;3964
17;2025-12-02;10;3108
17;2025-12-02;11;3071
17;2025-12-02;12;3096
17;2025-12-02;13;3157
17;2025-12-02;14;3285
17;2025-12-02;15;3378
17;2025-12-02;16;3799
17;2025-12-02;17;4688
17;2025-12-02;18;4850
17;2025-12-02;19;3389
17;2025-12-02;20;2371
17;2025-12-02;21;1456
17;2025-12-02;22;691
17;2025-12-02;23;367
17;2025-12-03;0;123
17;2025-12-03;1;11
17;2025-12-03;2;0
17;2025-12-03;3;0
17;2025-12-03;4;27
17;2025-12-03;5;320
17;2025-12-03;6;1563
17;2025-12-03;7;4318
17;2025-12-03;8;5525
17;2025-12-03;9;3940
17;2025-12-03;10;3122
17;2025-12-03;11;3095
17;2025-12-03;12;3120
17;2025-12-03;13;3175
17;2025-12-03;14;3271
17;2025-12-03;15;3388
17;2025-12-03;16;3800
17;2025-12-03;17;4637
17;2025-12-03;18;4790
17;2025-12-03;19;3349
17;2025-12-03;20;2352
17;2025-12-03;21;1479
17;2025-12-03;22;714
17;2025-12-03;23;394
17;2025-12-04;0;129
17;2025-12-04;1;10
17;2025-12-04;2;0
17;2025-12-04;3;0
17;2025-12-04;4;27
17;2025-12-04;5;325
17;2025-12-04;6;1565
17;2025-12-04;7;4326
17;2025-12-04;8;5533
17;2025-12-04;9;3944
17;2025-12-04;10;3123
17;2025-12-04;11;3090
17;2025-12-04;12;3123
17;2025-12-04;13;3194
17;2025-12-04;14;3280
17;2025-12-04;15;3390
17;2025-12-04;16;3851
17;2025-12-04;17;4667
17;2025-12-04;18;4814
17;2025-12-04;19;3389
17;2025-12-04;20;2411
17;2025-12-04;21;1507
17;2025-12-04;22;736
17;2025-12-04;23;408
17;2025-12-05;0;140
17;2025-12-05;1;14
17;2025-12-05;2;0
17;2025-12-05;3;0
17;2025-12-05;4;25
17;2025-12-05;5;320
17;2025-12-05;6;1554
17;2025-12-05;7;4287
17;2025-12-05;8;5420
17;2025-12-05;9;3891
17;2025-12-05;10;3084
17;2025-12-05;11;3117
17;2025-12-05;12;3119
17;2025-12-05;13;3202
17;2025-12-05;14;3320
17;2025-12-05;15;3529
17;2025-12-05;16;4080
17;2025-12-05;17;4698
17;2025-12-05;18;4423
17;2025-12-05;19;3218
17;2025-12-05;20;2347
17;2025-12-05;21;1524
17;2025-12-05;22;764
17;2025-12-05;23;454
17;2025-12-06;0;209
17;2025-12-06;1;26
17;2025-12-06;2;0
17;2025-12-06;3;0
17;2025-12-06;4;7
17;2025-12-06;5;138
17;2025-12-06;6;608
17;2025-12-06;7;1320
17;2025-12-06;8;1876
17;2025-12-06;9;2359
17;2025-12-06;10;2615
17;2025-12-06;11;3150
17;2025-12-06;12;3496
17;2025-12-06;13;3747
17;2025-12-06;14;3717
17;2025-12-06;15;3708
17;2025-12-06;16;3786
17;2025-12-06;17;3434
17;2025-12-06;18;3092
17;2025-12-06;19;2436
17;2025-12-06;20;1914
17;2025-12-06;21;1390
17;2025-12-06;22;865
17;2025-12-06;23;477
17;2025-12-07;0;189
17;2025-12-07;1;24
17;2025-12-07;2;0
17;2025-12-07;3;0
17;2025-12-07;4;5
17;2025-12-07;5;114
17;2025-12-07;6;443
17;2025-12-07;7;877
17;2025-12-07;8;1293
17;2025-12-07;9;1755
17;2025-12-07;10;2049
17;2025-12-07;11;2652
17;2025-12-07;12;3063
17;2025-12-07;13;3344
17;2025-12-07;14;3429
17;2025-12-07;15;3346
17;2025-12-07;16;3393
17;2025-12-07;17;3163
17;2025-12-07;18;2709
17;2025-12-07;19;2162
17;2025-12-07;20;1623
17;2025-12-07;21;1180
17;2025-12-07;22;728
17;2025-12-07;23;339
17;2025-12-08;0;115
17;2025-12-08;1;12
17;2025-12-08;2;0
17;2025-12-08;3;0
17;2025-12-08;4;26
17;2025-12-08;5;315
17;2025-12-08;6;1546
17;2025-12-08;7;4304
17;2025-12-08;8;5511
17;2025-12-08;9;3904
17;2025-12-08;10;3059
17;2025-12-08;11;3038
17;2025-12-08;12;3048
17;2025-12-08;13;3107
17;2025-12-08;14;3194
17;2025-12-08;15;3329
17;2025-12-08;16;3757
17;2025-12-08;17;4588
17;2025-12-08;18;4787
17;2025-12-08;19;3334
17;2025-12-08;20;2312
17;2025-12-08;21;1408
17;2025-12-08;22;656
17;2025-12-08;23;348
17;2025-12-09;0;114
17;2025-12-09;1;10
17;2025-12-09;2;0
17;2025-12-09;3;0
17;2025-12-09;4;26
17;2025-12-09;5;318
17;2025-12-09;6;1560
17;2025-12-09;7;4325
17;2025-12-09;8;5544
17;2025-12-09;9;3940
17;2025-12-09;10;3090
17;2025-12-09;11;3051
17;2025-12-09;12;3078
17;2025-12-09;13;3138
17;2025-12-09;14;3264
17;2025-12-09;15;3362
17;2025-12-09;16;3781
17;2025-12-09;17;4660
17;2025-12-09;18;4827
17;2025-12-09;19;3374
17;2025-12-09;20;2359
17;2025-12-09;21;1453
17;2025-12-09;22;692
17;2025-12-09;23;366
17;2025-12-10;0;121
17;2025-12-10;1;11
17;2025-12-10;2;0
17;2025-12-10;3;0
17;2025-12-10;4;26
17;2025-12-10;5;316
17;2025-12-10;6;1544
17;2025-12-10;7;4254
17;2025-12-10;8;5446
17;2025-12-10;9;3890
17;2025-12-10;10;3084
17;2025-12-10;11;3053
17;2025-12-10;12;3081
17;2025-12-10;13;3134
17;2025-12-10;14;3229
17;2025-12-10;15;3347
17;2025-12-10;16;3753
17;2025-12-10;17;4578
17;2025-12-10;18;4734
17;2025-12-10;19;3310
17;2025-12-10;20;2324
17;2025-12-10;21;1463
17;2025-12-10;22;710
17;2025-12-10;23;392
17;2025-12-11;0;127
17;2025-12-11;1;12
17;2025-12-11;2;0
17;2025-12-11;3;0
17;2025-12-11;4;27
17;2025-12-11;5;321
17;2025-12-11;6;1537
17;2025-12-11;7;4229
17;2025-12-11;8;5408
17;2025-12-11;9;3864
17;2025-12-11;10;3054
17;2025-12-11;11;3019
17;2025-12-11;12;3052
17;2025-12-11;13;3122
17;2025-12-11;14;3212
17;2025-12-11;15;3323
17;2025-12-11;16;3777
17;2025-12-11;17;4574
17;2025-12-11;18;4715
17;2025-12-11;19;3314
17;2025-12-11;20;2363
17;2025-12-11;21;1476
17;2025-12-11;22;724
17;2025-12-11;23;398
17;2025-12-12;0;140
17;2025-12-12;1;17
17;2025-12-12;2;0
17;2025-12-12;3;0
17;2025-12-12;4;26
17;2025-12-12;5;317
17;2025-12-12;6;1527
17;2025-12-12;7;4192
17;2025-12-12;8;5298
17;2025-12-12;9;3816
17;2025-12-12;10;3027
17;2025-12-12;11;3059
17;2025-12-12;12;3054
17;2025-12-12;13;3132
17;2025-12-12;14;3245
17;2025-12-12;15;3442
17;2025-12-12;16;3984
17;2025-12-12;17;4576
17;2025-12-12;18;4316
17;2025-12-12;19;3142
17;2025-12-12;20;2297
17;2025-12-12;21;1494
17;2025-12-12;22;751
17;2025-12-12;23;443
17;2025-12-13;0;204
17;2025-12-13;1;24
17;2025-12-13;2;0
17;2025-12-13;3;0
17;2025-12-13;4;6
17;2025-12-13;5;135
17;2025-12-13;6;597
17;2025-12-13;7;1295
17;2025-12-13;8;1846
17;2025-12-13;9;2325
17;2025-12-13;10;2574
17;2025-12-13;11;3106
17;2025-12-13;12;3449
17;2025-12-13;13;3688
17;2025-12-13;14;3659
17;2025-12-13;15;3660
17;2025-12-13;16;3740
17;2025-12-13;17;3390
17;2025-12-13;18;3055
17;2025-12-13;19;2409
17;2025-12-13;20;1889
17;2025-12-13;21;1372
17;2025-12-13;22;858
17;2025-12-13;23;468
17;2025-12-14;0;185
17;2025-12-14;1;24
17;2025-12-14;2;0
17;2025-12-14;3;0
17;2025-12-14;4;5
17;2025-12-14;5;112
17;2025-12-14;6;439
17;2025-12-14;7;865
17;2025-12-14;8;1273
17;2025-12-14;9;1732
17;2025-12-14;10;2021
17;2025-12-14;11;2620
17;2025-12-14;12;3024
17;2025-12-14;13;3296
17;2025-12-14;14;3382
17;2025-12-14;15;3303
17;2025-12-14;16;3353
17;2025-12-14;17;3127
17;2025-12-14;18;2680
17;2025-12-14;19;2140
17;2025-12-14;20;1608
17;2025-12-14;21;1169
17;2025-12-14;22;726
17;2025-12-14;23;335
17;2025-12-15;0;112
17;2025-12-15;1;12
17;2025-12-15;2;0
17;2025-12-15;3;0
17;2025-12-15;4;25
17;2025-12-15;5;313
17;2025-12-15;6;1540
17;2025-12-15;7;4273
17;2025-12-15;8;5475
17;2025-12-15;9;3889
17;2025-12-15;10;3039
17;2025-12-15;11;3023
17;2025-12-15;12;3034
17;2025-12-15;13;3087
17;2025-12-15;14;3169
17;2025-12-15;15;3311
17;2025-12-15;16;3738
17;2025-12-15;17;4563
17;2025-12-15;18;4775
17;2025-12-15;19;3330
17;2025-12-15;20;2314
17;2025-12-15;21;1409
17;2025-12-15;22;664
17;2025-12-15;23;349
17;2025-12-16;0;115
17;2025-12-16;1;11
17;2025-12-16;2;0
17;2025-12-16;3;0
17;2025-12-16;4;27
17;2025-12-16;5;320
17;2025-12-16;6;1568
17;2025-12-16;7;4330
17;2025-12-16;8;5550
17;2025-12-16;9;3954
17;2025-12-16;10;3099
17;2025-12-16;11;3058
17;2025-12-16;12;3082
17;2025-12-16;13;3141
17;2025-12-16;14;3262
17;2025-12-16;15;3363
17;2025-12-16;16;3787
17;2025-12-16;17;4674
17;2025-12-16;18;4851
17;2025-12-16;19;3394
17;2025-12-16;20;2379
17;2025-12-16;21;1435
17;2025-12-16;22;531
17;2025-12-16;23;278
17;2025-12-17;0;92
17;2025-12-17;1;8
17;2025-12-17;2;0
17;2025-12-17;3;0
17;2025-12-17;4;22
17;2025-12-17;5;318
17;2025-12-17;6;1556
17;2025-12-17;7;4275
17;2025-12-17;8;5486
17;2025-12-17;9;3918
17;2025-12-17;10;3107
17;2025-12-17;11;3077
17;2025-12-17;12;3104
17;2025-12-17;13;3160
17;2025-12-17;14;3253
17;2025-12-17;15;3374
17;2025-12-17;16;3789
17;2025-12-17;17;4619
17;2025-12-17;18;4783
17;2025-12-17;19;3345
17;2025-12-17;20;2350
17;2025-12-17;21;1478
17;2025-12-17;22;723
17;2025-12-17;23;396
17;2025-12-18;0;127
17;2025-12-18;1;10
17;2025-12-18;2;0
17;2025-12-18;3;0
17;2025-12-18;4;27
17;2025-12-18;5;324
17;2025-12-18;6;1555
17;2025-12-18;7;4280
17;2025-12-18;8;5497
17;2025-12-18;9;3918
17;2025-12-18;10;3104
17;2025-12-18;11;3069
17;2025-12-18;12;3105
17;2025-12-18;13;3177
17;2025-12-18;14;3261
17;2025-12-18;15;3375
17;2025-12-18;16;3837
17;2025-12-18;17;4643
17;2025-12-18;18;4801
17;2025-12-18;19;3380
17;2025-12-18;20;2407
17;2025-12-18;21;1504
17;2025-12-18;22;742
17;2025-12-18;23;409
17;2025-12-19;0;142
17;2025-12-19;1;18
17;2025-12-19;2;0
17;2025-12-19;3;0
17;2025-12-19;4;25
17;2025-12-19;5;320
17;2025-12-19;6;1544
17;2025-12-19;7;4238
17;2025-12-19;8;5380
17;2025-12-19;9;3863
17;2025-12-19;10;3061
17;2025-12-19;11;3095
17;2025-12-19;12;3097
17;2025-12-19;13;3179
17;2025-12-19;14;3294
17;2025-12-19;15;3506
17;2025-12-19;16;4058
17;2025-12-19;17;4668
17;2025-12-19;18;4407
17;2025-12-19;19;3206
17;2025-12-19;20;2338
17;2025-12-19;21;1516
17;2025-12-19;22;767
17;2025-12-19;23;449
17;2025-12-20;0;206
17;2025-12-20;1;25
17;2025-12-20;2;0
17;2025-12-20;3;0
17;2025-12-20;4;6
17;2025-12-20;5;136
17;2025-12-20;6;601
17;2025-12-20;7;1301
17;2025-12-20;8;1861
17;2025-12-20;9;2340
17;2025-12-20;10;2592
17;2025-12-20;11;3128
17;2025-12-20;12;3479
17;2025-12-20;13;3718
17;2025-12-20;14;3690
17;2025-12-20;15;3692
17;2025-12-20;16;3769
17;2025-12-20;17;3420
17;2025-12-20;18;3079
17;2025-12-20;19;2430
17;2025-12-20;20;1911
17;2025-12-20;21;1390
17;2025-12-20;22;868
17;2025-12-20;23;475
17;2025-12-21;0;186
17;2025-12-21;1;24
17;2025-12-21;2;0
17;2025-12-21;3;0
17;2025-12-21;4;4
17;2025-12-21;5;112
17;2025-12-21;6;434
17;2025-12-21;7;854
17;2025-12-21;8;1271
17;2025-12-21;9;1724
17;2025-12-21;10;2024
17;2025-12-21;11;2614
17;2025-12-21;12;3023
17;2025-12-21;13;3293
17;2025-12-21;14;3385
17;2025-12-21;15;3306
17;2025-12-21;16;3350
17;2025-12-21;17;3126
17;2025-12-21;18;2678
17;2025-12-21;19;2140
17;2025-12-21;20;1611
17;2025-12-21;21;1174
17;2025-12-21;22;725
17;2025-12-21;23;338
17;2025-12-22;0;113
17;2025-12-22;1;14
17;2025-12-22;2;0
17;2025-12-22;3;0
17;2025-12-22;4;26
17;2025-12-22;5;312
17;2025-12-22;6;1524
17;2025-12-22;7;4208
17;2025-12-22;8;5400
17;2025-12-22;9;3834
17;2025-12-22;10;3004
17;2025-12-22;11;2978
17;2025-12-22;12;2991
17;2025-12-22;13;3052
17;2025-12-22;14;3133
17;2025-12-22;15;3271
17;2025-12-22;16;3692
17;2025-12-22;17;4503
17;2025-12-22;18;4705
17;2025-12-22;19;3276
17;2025-12-22;20;2279
17;2025-12-22;21;1388
17;2025-12-22;22;654
17;2025-12-22;23;341
17;2025-12-23;0;108
17;2025-12-23;1;8
17;2025-12-23;2;0
17;2025-12-23;3;0
17;2025-12-23;4;27
17;2025-12-23;5;320
17;2025-12-23;6;1560
17;2025-12-23;7;4289
17;2025-12-23;8;5502
17;2025-12-23;9;3927
17;2025-12-23;10;3069
17;2025-12-23;11;3038
17;2025-12-23;12;3063
17;2025-12-23;13;3121
17;2025-12-23;14;3238
17;2025-12-23;15;3348
17;2025-12-23;16;3772
17;2025-12-23;17;4650
17;2025-12-23;18;4831
17;2025-12-23;19;3382
17;2025-12-23;20;2370
17;2025-12-23;21;1455
17;2025-12-23;22;684
17;2025-12-23;23;295
17;2025-12-24;0;120
17;2025-12-24;1;12
17;2025-12-24;2;0
17;2025-12-24;3;0
17;2025-12-24;4;29
17;2025-12-24;5;318
17;2025-12-24;6;1559
17;2025-12-24;7;4261
17;2025-12-24;8;5480
17;2025-12-24;9;3923
17;2025-12-24;10;3101
17;2025-12-24;11;3079
17;2025-12-24;12;3108
17;2025-12-24;13;3153
17;2025-12-24;14;3239
17;2025-12-24;15;3371
17;2025-12-24;16;3785
17;2025-12-24;17;4615
17;2025-12-24;18;4791
17;2025-12-24;19;3357
17;2025-12-24;20;2395
17;2025-12-24;21;1498
17;2025-12-24;22;745
17;2025-12-24;23;396
17;2025-12-25;0;127
17;2025-12-25;1;13
17;2025-12-25;2;0
17;2025-12-25;3;0
17;2025-12-25;4;30
17;2025-12-25;5;320
17;2025-12-25;6;1540
17;2025-12-25;7;4206
17;2025-12-25;8;5406
17;2025-12-25;9;3867
17;2025-12-25;10;3066
17;2025-12-25;11;3034
17;2025-12-25;12;3065
17;2025-12-25;13;3133
17;2025-12-25;14;3213
17;2025-12-25;15;3330
17;2025-12-25;16;3785
17;2025-12-25;17;4571
17;2025-12-25;18;4724
17;2025-12-25;19;3326
17;2025-12-25;20;2369
17;2025-12-25;21;1479
17;2025-12-25;22;737
17;2025-12-25;23;396
17;2025-12-26;0;136
17;2025-12-26;1;15
17;2025-12-26;2;0
17;2025-12-26;3;0
17;2025-12-26;4;27
17;2025-12-26;5;311
17;2025-12-26;6;1493
17;2025-12-26;7;4074
17;2025-12-26;8;5182
17;2025-12-26;9;3733
17;2025-12-26;10;2957
17;2025-12-26;11;2979
17;2025-12-26;12;2982
17;2025-12-26;13;3061
17;2025-12-26;14;3176
17;2025-12-26;15;3388
17;2025-12-26;16;3918
17;2025-12-26;17;4499
17;2025-12-26;18;4256
17;2025-12-26;19;3099
17;2025-12-26;20;2257
17;2025-12-26;21;1462
17;2025-12-26;22;747
17;2025-12-26;23;439
17;2025-12-27;0;204
17;2025-12-27;1;26
17;2025-12-27;2;0
17;2025-12-27;3;0
17;2025-12-27;4;9
17;2025-12-27;5;136
17;2025-12-27;6;593
17;2025-12-27;7;1279
17;2025-12-27;8;1836
17;2025-12-27;9;2311
17;2025-12-27;10;2561
17;2025-12-27;11;3082
17;2025-12-27;12;3433
17;2025-12-27;13;3666
17;2025-12-27;14;3640
17;2025-12-27;15;3649
17;2025-12-27;16;3719
17;2025-12-27;17;3377
17;2025-12-27;18;3041
17;2025-12-27;19;2404
17;2025-12-27;20;1893
17;2025-12-27;21;1372
17;2025-12-27;22;857
17;2025-12-27;23;464
17;2025-12-28;0;182
17;2025-12-28;1;25
17;2025-12-28;2;0
17;2025-12-28;3;0
17;2025-12-28;4;4
17;2025-12-28;5;111
17;2025-12-28;6;430
17;2025-12-28;7;841
17;2025-12-28;8;1255
17;2025-12-28;9;1704
17;2025-12-28;10;1994
17;2025-12-28;11;2576
17;2025-12-28;12;2982
17;2025-12-28;13;3244
17;2025-12-28;14;3336
17;2025-12-28;15;3265
17;2025-12-28;16;3302
17;2025-12-28;17;3089
17;2025-12-28;18;2651
17;2025-12-28;19;2120
17;2025-12-28;20;1597
17;2025-12-28;21;1162
17;2025-12-28;22;722
17;2025-12-28;23;333
17;2025-12-29;0;96
17;2025-12-29;1;11
17;2025-12-29;2;0
17;2025-12-29;3;0
17;2025-12-29;4;22
17;2025-12-29;5;265
17;2025-12-29;6;1291
17;2025-12-29;7;3547
17;2025-12-29;8;4564
17;2025-12-29;9;3245
17;2025-12-29;10;2545
17;2025-12-29;11;2525
17;2025-12-29;12;2539
17;2025-12-29;13;2589
17;2025-12-29;14;2654
17;2025-12-29;15;2776
17;2025-12-29;16;3131
17;2025-12-29;17;3810
17;2025-12-29;18;3986
17;2025-12-29;19;2782
17;2025-12-29;20;1935
17;2025-12-29;21;1175
17;2025-12-29;22;561
17;2025-12-29;23;290
17;2025-12-30;0;97
17;2025-12-30;1;9
17;2025-12-30;2;0
17;2025-12-30;3;0
17;2025-12-30;4;22
17;2025-12-30;5;267
17;2025-12-30;6;1299
17;2025-12-30;7;3562
17;2025-12-30;8;4568
17;2025-12-30;9;3273
17;2025-12-30;10;2570
17;2025-12-30;11;2536
17;2025-12-30;12;2562
17;2025-12-30;13;2612
17;2025-12-30;14;2716
17;2025-12-30;15;2805
17;2025-12-30;16;3160
17;2025-12-30;17;3873
17;2025-12-30;18;3991
17;2025-12-30;19;2795
17;2025-12-30;20;1972
17;2025-12-30;21;1208
17;2025-12-30;22;596
17;2025-12-30;23;306
17;2025-12-31;0;157
17;2025-12-31;1;21
17;2025-12-31;2;0
17;2025-12-31;3;0
17;2025-12-31;4;4
17;2025-12-31;5;99
17;2025-12-31;6;380
17;2025-12-31;7;728
17;2025-12-31;8;1088
17;2025-12-31;9;1476
17;2025-12-31;10;1728
17;2025-12-31;11;2218
17;2025-12-31;12;2568
17;2025-12-31;13;2785
17;2025-12-31;14;2862
17;2025-12-31;15;2794
17;2025-12-31;16;2811
17;2025-12-31;17;2648
17;2025-12-31;18;2296
17;2025-12-31;19;1838
17;2025-12-31;20;0
17;2025-12-31;21;0
17;2025-12-31;22;0
17;2025-12-31;23;0
25;2025-11-01;0;0
25;2025-11-01;1;0
25;2025-11-01;2;0
25;2025-11-01;3;0
25;2025-11-01;4;0
25;2025-11-01;5;15
25;2025-11-01;6;227
25;2025-11-01;7;469
25;2025-11-01;8;771
25;2025-11-01;9;402
25;2025-11-01;10;325
25;2025-11-01;11;386
25;2025-11-01;12;375
25;2025-11-01;13;482
25;2025-11-01;14;425
25;2025-11-01;15;520
25;2025-11-01;16;627
25;2025-11-01;17;668
25;2025-11-01;18;650
25;2025-11-01;19;505
25;2025-11-01;20;279
25;2025-11-01;21;186
25;2025-11-01;22;80
25;2025-11-01;23;6
25;2025-11-02;0;15
25;2025-11-02;1;0
25;2025-11-02;2;0
25;2025-11-02;3;0
25;2025-11-02;4;0
25;2025-11-02;5;10
25;2025-11-02;6;111
25;2025-11-02;7;112
25;2025-11-02;8;199
25;2025-11-02;9;233
25;2025-11-02;10;233
25;2025-11-02;11;328
25;2025-11-02;12;388
25;2025-11-02;13;520
25;2025-11-02;14;545
25;2025-11-02;15;668
25;2025-11-02;16;556
25;2025-11-02;17;556
25;2025-11-02;18;447
25;2025-11-02;19;339
25;2025-11-02;20;247
25;2025-11-02;21;160
25;2025-11-02;22;97
25;2025-11-02;23;36
25;2025-11-03;0;16
25;2025-11-03;1;0
25;2025-11-03;2;0
25;2025-11-03;3;0
25;2025-11-03;4;0
25;2025-11-03;5;10
25;2025-11-03;6;108
25;2025-11-03;7;110
25;2025-11-03;8;196
25;2025-11-03;9;226
25;2025-11-03;10;218
25;2025-11-03;11;305
25;2025-11-03;12;362
25;2025-11-03;13;492
25;2025-11-03;14;512
25;2025-11-03;15;624
25;2025-11-03;16;525
25;2025-11-03;17;525
25;2025-11-03;18;435
25;2025-11-03;19;327
25;2025-11-03;20;238
25;2025-11-03;21;154
25;2025-11-03;22;93
25;2025-11-03;23;36
25;2025-11-04;0;14
25;2025-11-04;1;0
25;2025-11-04;2;0
25;2025-11-04;3;0
25;2025-11-04;4;0
25;2025-11-04;5;10
25;2025-11-04;6;104
25;2025-11-04;7;106
25;2025-11-04;8;183
25;2025-11-04;9;221
25;2025-11-04;10;217
25;2025-11-04;11;303
25;2025-11-04;12;352
25;2025-11-04;13;475
25;2025-11-04;14;509
25;2025-11-04;15;621
25;2025-11-04;16;515
25;2025-11-04;17;511
25;2025-11-04;18;419
25;2025-11-04;19;323
25;2025-11-04;20;235
25;2025-11-04;21;150
25;2025-11-04;22;90
25;2025-11-04;23;35
25;2025-11-05;0;0
25;2025-11-05;1;0
25;2025-11-05;2;0
25;2025-11-05;3;0
25;2025-11-05;4;0
25;2025-11-05;5;16
25;2025-11-05;6;266
25;2025-11-05;7;537
25;2025-11-05;8;894
25;2025-11-05;9;459
25;2025-11-05;10;375
25;2025-11-05;11;443
25;2025-11-05;12;435
25;2025-11-05;13;558
25;2025-11-05;14;477
25;2025-11-05;15;595
25;2025-11-05;16;710
25;2025-11-05;17;791
25;2025-11-05;18;784
25;2025-11-05;19;600
25;2025-11-05;20;330
25;2025-11-05;21;227
25;2025-11-05;22;98
25;2025-11-05;23;6
25;2025-11-06;0;0
25;2025-11-06;1;0
25;2025-11-06;2;0
25;2025-11-06;3;0
25;2025-11-06;4;0
25;2025-11-06;5;18
25;2025-11-06;6;266
25;2025-11-06;7;537
25;2025-11-06;8;898
25;2025-11-06;9;456
25;2025-11-06;10;378
25;2025-11-06;11;445
25;2025-11-06;12;427
25;2025-11-06;13;544
25;2025-11-06;14;495
25;2025-11-06;15;602
25;2025-11-06;16;711
25;2025-11-06;17;773
25;2025-11-06;18;769
25;2025-11-06;19;595
25;2025-11-06;20;323
25;2025-11-06;21;217
25;2025-11-06;22;97
25;2025-11-06;23;6
25;2025-11-07;0;0
25;2025-11-07;1;0
25;2025-11-07;2;0
25;2025-11-07;3;0
25;2025-11-07;4;0
25;2025-11-07;5;17
25;2025-11-07;6;270
25;2025-11-07;7;539
25;2025-11-07;8;867
25;2025-11-07;9;449
25;2025-11-07;10;371
25;2025-11-07;11;449
25;2025-11-07;12;433
25;2025-11-07;13;555
25;2025-11-07;14;502
25;2025-11-07;15;618
25;2025-11-07;16;746
25;2025-11-07;17;772
25;2025-11-07;18;712
25;2025-11-07;19;579
25;2025-11-07;20;328
25;2025-11-07;21;222
25;2025-11-07;22;104
25;2025-11-07;23;8
25;2025-11-08;0;0
25;2025-11-08;1;0
25;2025-11-08;2;0
25;2025-11-08;3;0
25;2025-11-08;4;0
25;2025-11-08;5;18
25;2025-11-08;6;137
25;2025-11-08;7;143
25;2025-11-08;8;330
25;2025-11-08;9;303
25;2025-11-08;10;304
25;2025-11-08;11;414
25;2025-11-08;12;404
25;2025-11-08;13;645
25;2025-11-08;14;662
25;2025-11-08;15;737
25;2025-11-08;16;645
25;2025-11-08;17;574
25;2025-11-08;18;532
25;2025-11-08;19;456
25;2025-11-08;20;272
25;2025-11-08;21;198
25;2025-11-08;22;123
25;2025-11-08;23;50
25;2025-11-09;0;16
25;2025-11-09;1;0
25;2025-11-09;2;0
25;2025-11-09;3;0
25;2025-11-09;4;0
25;2025-11-09;5;10
25;2025-11-09;6;111
25;2025-11-09;7;110
25;2025-11-09;8;196
25;2025-11-09;9;231
25;2025-11-09;10;230
25;2025-11-09;11;321
25;2025-11-09;12;381
25;2025-11-09;13;515
25;2025-11-09;14;542
25;2025-11-09;15;663
25;2025-11-09;16;549
25;2025-11-09;17;550
25;2025-11-09;18;444
25;2025-11-09;19;337
25;2025-11-09;20;245
25;2025-11-09;21;161
25;2025-11-09;22;99
25;2025-11-09;23;37
25;2025-11-10;0;0
25;2025-11-10;1;0
25;2025-11-10;2;0
25;2025-11-10;3;0
25;2025-11-10;4;0
25;2025-11-10;5;18
25;2025-11-10;6;272
25;2025-11-10;7;545
25;2025-11-10;8;914
25;2025-11-10;9;470
25;2025-11-10;10;367
25;2025-11-10;11;436
25;2025-11-10;12;425
25;2025-11-10;13;558
25;2025-11-10;14;478
25;2025-11-10;15;585
25;2025-11-10;16;719
25;2025-11-10;17;777
25;2025-11-10;18;778
25;2025-11-10;19;592
25;2025-11-10;20;324
25;2025-11-10;21;215
25;2025-11-10;22;92
25;2025-11-10;23;6
25;2025-11-11;0;0
25;2025-11-11;1;0
25;2025-11-11;2;0
25;2025-11-11;3;0
25;2025-11-11;4;0
25;2025-11-11;5;17
25;2025-11-11;6;276
25;2025-11-11;7;555
25;2025-11-11;8;923
25;2025-11-11;9;476
25;2025-11-11;10;384
25;2025-11-11;11;454
25;2025-11-11;12;437
25;2025-11-11;13;553
25;2025-11-11;14;493
25;2025-11-11;15;606
25;2025-11-11;16;736
25;2025-11-11;17;785
25;2025-11-11;18;779
25;2025-11-11;19;604
25;2025-11-11;20;333
25;2025-11-11;21;218
25;2025-11-11;22;93
25;2025-11-11;23;6
25;2025-11-12;0;0
25;2025-11-12;1;0
25;2025-11-12;2;0
25;2025-11-12;3;0
25;2025-11-12;4;0
25;2025-11-12;5;18
25;2025-11-12;6;270
25;2025-11-12;7;543
25;2025-11-12;8;902
25;2025-11-12;9;462
25;2025-11-12;10;380
25;2025-11-12;11;445
25;2025-11-12;12;434
25;2025-11-12;13;559
25;2025-11-12;14;477
25;2025-11-12;15;597
25;2025-11-12;16;716
25;2025-11-12;17;797
25;2025-11-12;18;787
25;2025-11-12;19;602
25;2025-11-12;20;332
25;2025-11-12;21;225
25;2025-11-12;22;100
25;2025-11-12;23;6
25;2025-11-13;0;0
25;2025-11-13;1;0
25;2025-11-13;2;0
25;2025-11-13;3;0
25;2025-11-13;4;0
25;2025-11-13;5;19
25;2025-11-13;6;271
25;2025-11-13;7;546
25;2025-11-13;8;916
25;2025-11-13;9;464
25;2025-11-13;10;385
25;2025-11-13;11;452
25;2025-11-13;12;435
25;2025-11-13;13;553
25;2025-11-13;14;506
25;2025-11-13;15;612
25;2025-11-13;16;727
25;2025-11-13;17;789
25;2025-11-13;18;783
25;2025-11-13;19;604
25;2025-11-13;20;329
25;2025-11-13;21;221
25;2025-11-13;22;99
25;2025-11-13;23;6
25;2025-11-14;0;0
25;2025-11-14;1;0
25;2025-11-14;2;0
25;2025-11-14;3;0
25;2025-11-14;4;0
25;2025-11-14;5;18
25;2025-11-14;6;274
25;2025-11-14;7;547
25;2025-11-14;8;880
25;2025-11-14;9;456
25;2025-11-14;10;376
25;2025-11-14;11;456
25;2025-11-14;12;439
25;2025-11-14;13;560
25;2025-11-14;14;506
25;2025-11-14;15;624
25;2025-11-14;16;757
25;2025-11-14;17;781
25;2025-11-14;18;719
25;2025-11-14;19;585
25;2025-11-14;20;331
25;2025-11-14;21;221
25;2025-11-14;22;105
25;2025-11-14;23;8
25;2025-11-15;0;0
25;2025-11-15;1;0
25;2025-11-15;2;0
25;2025-11-15;3;0
25;2025-11-15;4;0
25;2025-11-15;5;18
25;2025-11-15;6;135
25;2025-11-15;7;140
25;2025-11-15;8;319
25;2025-11-15;9;291
25;2025-11-15;10;290
25;2025-11-15;11;392
25;2025-11-15;12;382
25;2025-11-15;13;611
25;2025-11-15;14;629
25;2025-11-15;15;701
25;2025-11-15;16;615
25;2025-11-15;17;547
25;2025-11-15;18;505
25;2025-11-15;19;435
25;2025-11-15;20;255
25;2025-11-15;21;188
25;2025-11-15;22;117
25;2025-11-15;23;49
25;2025-11-16;0;15
25;2025-11-16;1;0
25;2025-11-16;2;0
25;2025-11-16;3;0
25;2025-11-16;4;0
25;2025-11-16;5;10
25;2025-11-16;6;113
25;2025-11-16;7;113
25;2025-11-16;8;197
25;2025-11-16;9;230
25;2025-11-16;10;231
25;2025-11-16;11;322
25;2025-11-16;12;379
25;2025-11-16;13;512
25;2025-11-16;14;538
25;2025-11-16;15;660
25;2025-11-16;16;549
25;2025-11-16;17;549
25;2025-11-16;18;441
25;2025-11-16;19;335
25;2025-11-16;20;242
25;2025-11-16;21;160
25;2025-11-16;22;100
25;2025-11-16;23;38
25;2025-11-17;0;0
25;2025-11-17;1;0
25;2025-11-17;2;0
25;2025-11-17;3;0
25;2025-11-17;4;0
25;2025-11-17;5;18
25;2025-11-17;6;268
25;2025-11-17;7;538
25;2025-11-17;8;896
25;2025-11-17;9;462
25;2025-11-17;10;366
25;2025-11-17;11;428
25;2025-11-17;12;419
25;2025-11-17;13;542
25;2025-11-17;14;463
25;2025-11-17;15;569
25;2025-11-17;16;704
25;2025-11-17;17;762
25;2025-11-17;18;761
25;2025-11-17;19;579
25;2025-11-17;20;316
25;2025-11-17;21;210
25;2025-11-17;22;90
25;2025-11-17;23;7
25;2025-11-18;0;0
25;2025-11-18;1;0
25;2025-11-18;2;0
25;2025-11-18;3;0
25;2025-11-18;4;0
25;2025-11-18;5;18
25;2025-11-18;6;269
25;2025-11-18;7;532
25;2025-11-18;8;882
25;2025-11-18;9;456
25;2025-11-18;10;373
25;2025-11-18;11;433
25;2025-11-18;12;419
25;2025-11-18;13;523
25;2025-11-18;14;470
25;2025-11-18;15;579
25;2025-11-18;16;704
25;2025-11-18;17;752
25;2025-11-18;18;745
25;2025-11-18;19;579
25;2025-11-18;20;322
25;2025-11-18;21;210
25;2025-11-18;22;90
25;2025-11-18;23;5
25;2025-11-19;0;0
25;2025-11-19;1;0
25;2025-11-19;2;0
25;2025-11-19;3;0
25;2025-11-19;4;0
25;2025-11-19;5;18
25;2025-11-19;6;275
25;2025-11-19;7;548
25;2025-11-19;8;911
25;2025-11-19;9;468
25;2025-11-19;10;383
25;2025-11-19;11;450
25;2025-11-19;12;441
25;2025-11-19;13;565
25;2025-11-19;14;481
25;2025-11-19;15;603
25;2025-11-19;16;725
25;2025-11-19;17;806
25;2025-11-19;18;795
25;2025-11-19;19;605
25;2025-11-19;20;333
25;2025-11-19;21;226
25;2025-11-19;22;101
25;2025-11-19;23;6
25;2025-11-20;0;0
25;2025-11-20;1;0
25;2025-11-20;2;0
25;2025-11-20;3;0
25;2025-11-20;4;0
25;2025-11-20;5;19
25;2025-11-20;6;274
25;2025-11-20;7;551
25;2025-11-20;8;918
25;2025-11-20;9;467
25;2025-11-20;10;385
25;2025-11-20;11;452
25;2025-11-20;12;437
25;2025-11-20;13;553
25;2025-11-20;14;502
25;2025-11-20;15;613
25;2025-11-20;16;729
25;2025-11-20;17;792
25;2025-11-20;18;783
25;2025-11-20;19;602
25;2025-11-20;20;327
25;2025-11-20;21;219
25;2025-11-20;22;101
25;2025-11-20;23;7
25;2025-11-21;0;0
25;2025-11-21;1;0
25;2025-11-21;2;0
25;2025-11-21;3;0
25;2025-11-21;4;0
25;2025-11-21;5;18
25;2025-11-21;6;275
25;2025-11-21;7;549
25;2025-11-21;8;880
25;2025-11-21;9;458
25;2025-11-21;10;376
25;2025-11-21;11;455
25;2025-11-21;12;438
25;2025-11-21;13;558
25;2025-11-21;14;503
25;2025-11-21;15;622
25;2025-11-21;16;757
25;2025-11-21;17;781
25;2025-11-21;18;718
25;2025-11-21;19;581
25;2025-11-21;20;328
25;2025-11-21;21;219
25;2025-11-21;22;106
25;2025-11-21;23;9
25;2025-11-22;0;0
25;2025-11-22;1;0
25;2025-11-22;2;0
25;2025-11-22;3;0
25;2025-11-22;4;0
25;2025-11-22;5;17
25;2025-11-22;6;137
25;2025-11-22;7;141
25;2025-11-22;8;323
25;2025-11-22;9;295
25;2025-11-22;10;295
25;2025-11-22;11;401
25;2025-11-22;12;389
25;2025-11-22;13;621
25;2025-11-22;14;641
25;2025-11-22;15;712
25;2025-11-22;16;625
25;2025-11-22;17;556
25;2025-11-22;18;512
25;2025-11-22;19;444
25;2025-11-22;20;260
25;2025-11-22;21;191
25;2025-11-22;22;120
25;2025-11-22;23;51
25;2025-11-23;0;15
25;2025-11-23;1;0
25;2025-11-23;2;0
25;2025-11-23;3;0
25;2025-11-23;4;0
25;2025-11-23;5;11
25;2025-11-23;6;111
25;2025-11-23;7;111
25;2025-11-23;8;193
25;2025-11-23;9;229
25;2025-11-23;10;232
25;2025-11-23;11;320
25;2025-11-23;12;376
25;2025-11-23;13;506
25;2025-11-23;14;534
25;2025-11-23;15;652
25;2025-11-23;16;544
25;2025-11-23;17;545
25;2025-11-23;18;435
25;2025-11-23;19;333
25;2025-11-23;20;240
25;2025-11-23;21;159
25;2025-11-23;22;99
25;2025-11-23;23;38
25;2025-11-24;0;0
25;2025-11-24;1;0
25;2025-11-24;2;0
25;2025-11-24;3;0
25;2025-11-24;4;0
25;2025-11-24;5;17
25;2025-11-24;6;264
25;2025-11-24;7;525
25;2025-11-24;8;874
25;2025-11-24;9;451
25;2025-11-24;10;356
25;2025-11-24;11;415
25;2025-11-24;12;408
25;2025-11-24;13;525
25;2025-11-24;14;453
25;2025-11-24;15;557
25;2025-11-24;16;689
25;2025-11-24;17;745
25;2025-11-24;18;745
25;2025-11-24;19;566
25;2025-11-24;20;309
25;2025-11-24;21;206
25;2025-11-24;22;88
25;2025-11-24;23;6
25;2025-11-25;0;0
25;2025-11-25;1;0
25;2025-11-25;2;0
25;2025-11-25;3;0
25;2025-11-25;4;0
25;2025-11-25;5;17
25;2025-11-25;6;278
25;2025-11-25;7;558
25;2025-11-25;8;922
25;2025-11-25;9;475
25;2025-11-25;10;385
25;2025-11-25;11;451
25;2025-11-25;12;435
25;2025-11-25;13;546
25;2025-11-25;14;490
25;2025-11-25;15;602
25;2025-11-25;16;737
25;2025-11-25;17;784
25;2025-11-25;18;776
25;2025-11-25;19;600
25;2025-11-25;20;331
25;2025-11-25;21;216
25;2025-11-25;22;95
25;2025-11-25;23;6
25;2025-11-26;0;0
25;2025-11-26;1;0
25;2025-11-26;2;0
25;2025-11-26;3;0
25;2025-11-26;4;0
25;2025-11-26;5;18
25;2025-11-26;6;268
25;2025-11-26;7;534
25;2025-11-26;8;888
25;2025-11-26;9;455
25;2025-11-26;10;374
25;2025-11-26;11;436
25;2025-11-26;12;428
25;2025-11-26;13;544
25;2025-11-26;14;466
25;2025-11-26;15;583
25;2025-11-26;16;705
25;2025-11-26;17;783
25;2025-11-26;18;773
25;2025-11-26;19;586
25;2025-11-26;20;322
25;2025-11-26;21;220
25;2025-11-26;22;99
25;2025-11-26;23;6
25;2025-11-27;0;0
25;2025-11-27;1;0
25;2025-11-27;2;0
25;2025-11-27;3;0
25;2025-11-27;4;0
25;2025-11-27;5;19
25;2025-11-27;6;270
25;2025-11-27;7;537
25;2025-11-27;8;897
25;2025-11-27;9;457
25;2025-11-27;10;378
25;2025-11-27;11;440
25;2025-11-27;12;424
25;2025-11-27;13;534
25;2025-11-27;14;490
25;2025-11-27;15;594
25;2025-11-27;16;711
25;2025-11-27;17;774
25;2025-11-27;18;764
25;2025-11-27;19;586
25;2025-11-27;20;319
25;2025-11-27;21;214
25;2025-11-27;22;99
25;2025-11-27;23;6
25;2025-11-28;0;0
25;2025-11-28;1;0
25;2025-11-28;2;0
25;2025-11-28;3;0
25;2025-11-28;4;0
25;2025-11-28;5;18
25;2025-11-28;6;272
25;2025-11-28;7;541
25;2025-11-28;8;868
25;2025-11-28;9;452
25;2025-11-28;10;370
25;2025-11-28;11;446
25;2025-11-28;12;431
25;2025-11-28;13;546
25;2025-11-28;14;497
25;2025-11-28;15;612
25;2025-11-28;16;748
25;2025-11-28;17;772
25;2025-11-28;18;710
25;2025-11-28;19;571
25;2025-11-28;20;324
25;2025-11-28;21;217
25;2025-11-28;22;107
25;2025-11-28;23;8
25;2025-11-29;0;0
25;2025-11-29;1;0
25;2025-11-29;2;0
25;2025-11-29;3;0
25;2025-11-29;4;0
25;2025-11-29;5;18
25;2025-11-29;6;141
25;2025-11-29;7;145
25;2025-11-29;8;334
25;2025-11-29;9;303
25;2025-11-29;10;304
25;2025-11-29;11;413
25;2025-11-29;12;402
25;2025-11-29;13;635
25;2025-11-29;14;656
25;2025-11-29;15;728
25;2025-11-29;16;641
25;2025-11-29;17;569
25;2025-11-29;18;525
25;2025-11-29;19;454
25;2025-11-29;20;266
25;2025-11-29;21;199
25;2025-11-29;22;125
25;2025-11-29;23;53
25;2025-11-30;0;16
25;2025-11-30;1;0
25;2025-11-30;2;0
25;2025-11-30;3;0
25;2025-11-30;4;0
25;2025-11-30;5;10
25;2025-11-30;6;112
25;2025-11-30;7;111
25;2025-11-30;8;193
25;2025-11-30;9;228
25;2025-11-30;10;229
25;2025-11-30;11;319
25;2025-11-30;12;375
25;2025-11-30;13;501
25;2025-11-30;14;532
25;2025-11-30;15;648
25;2025-11-30;16;542
25;2025-11-30;17;541
25;2025-11-30;18;432
25;2025-11-30;19;334
25;2025-11-30;20;241
25;2025-11-30;21;162
25;2025-11-30;22;99
25;2025-11-30;23;38
25;2025-12-01;0;0
25;2025-12-01;1;0
25;2025-12-01;2;0
25;2025-12-01;3;0
25;2025-12-01;4;0
25;2025-12-01;5;18
25;2025-12-01;6;285
25;2025-12-01;7;572
25;2025-12-01;8;954
25;2025-12-01;9;493
25;2025-12-01;10;384
25;2025-12-01;11;454
25;2025-12-01;12;444
25;2025-12-01;13;573
25;2025-12-01;14;495
25;2025-12-01;15;604
25;2025-12-01;16;753
25;2025-12-01;17;810
25;2025-12-01;18;809
25;2025-12-01;19;612
25;2025-12-01;20;335
25;2025-12-01;21;223
25;2025-12-01;22;99
25;2025-12-01;23;7
25;2025-12-02;0;0
25;2025-12-02;1;0
25;2025-12-02;2;0
25;2025-12-02;3;0
25;2025-12-02;4;0
25;2025-12-02;5;19
25;2025-12-02;6;290
25;2025-12-02;7;581
25;2025-12-02;8;964
25;2025-12-02;9;497
25;2025-12-02;10;402
25;2025-12-02;11;471
25;2025-12-02;12;456
25;2025-12-02;13;567
25;2025-12-02;14;512
25;2025-12-02;15;627
25;2025-12-02;16;770
25;2025-12-02;17;819
25;2025-12-02;18;812
25;2025-12-02;19;623
25;2025-12-02;20;345
25;2025-12-02;21;226
25;2025-12-02;22;100
25;2025-12-02;23;6
25;2025-12-03;0;0
25;2025-12-03;1;0
25;2025-12-03;2;0
25;2025-12-03;3;0
25;2025-12-03;4;0
25;2025-12-03;5;19
25;2025-12-03;6;287
25;2025-12-03;7;575
25;2025-12-03;8;953
25;2025-12-03;9;491
25;2025-12-03;10;401
25;2025-12-03;11;471
25;2025-12-03;12;462
25;2025-12-03;13;583
25;2025-12-03;14;503
25;2025-12-03;15;626
25;2025-12-03;16;759
25;2025-12-03;17;847
25;2025-12-03;18;834
25;2025-12-03;19;628
25;2025-12-03;20;348
25;2025-12-03;21;238
25;2025-12-03;22;109
25;2025-12-03;23;8
25;2025-12-04;0;0
25;2025-12-04;1;0
25;2025-12-04;2;0
25;2025-12-04;3;0
25;2025-12-04;4;0
25;2025-12-04;5;20
25;2025-12-04;6;287
25;2025-12-04;7;576
25;2025-12-04;8;961
25;2025-12-04;9;489
25;2025-12-04;10;403
25;2025-12-04;11;475
25;2025-12-04;12;457
25;2025-12-04;13;571
25;2025-12-04;14;525
25;2025-12-04;15;636
25;2025-12-04;16;764
25;2025-12-04;17;829
25;2025-12-04;18;819
25;2025-12-04;19;626
25;2025-12-04;20;342
25;2025-12-04;21;230
25;2025-12-04;22;110
25;2025-12-04;23;7
25;2025-12-05;0;0
25;2025-12-05;1;0
25;2025-12-05;2;0
25;2025-12-05;3;0
25;2025-12-05;4;0
25;2025-12-05;5;18
25;2025-12-05;6;289
25;2025-12-05;7;578
25;2025-12-05;8;927
25;2025-12-05;9;483
25;2025-12-05;10;396
25;2025-12-05;11;478
25;2025-12-05;12;461
25;2025-12-05;13;581
25;2025-12-05;14;531
25;2025-12-05;15;650
25;2025-12-05;16;798
25;2025-12-05;17;822
25;2025-12-05;18;756
25;2025-12-05;19;605
25;2025-12-05;20;344
25;2025-12-05;21;233
25;2025-12-05;22;115
25;2025-12-05;23;9
25;2025-12-06;0;0
25;2025-12-06;1;0
25;2025-12-06;2;0
25;2025-12-06;3;0
25;2025-12-06;4;0
25;2025-12-06;5;20
25;2025-12-06;6;146
25;2025-12-06;7;151
25;2025-12-06;8;348
25;2025-12-06;9;318
25;2025-12-06;10;320
25;2025-12-06;11;432
25;2025-12-06;12;421
25;2025-12-06;13;660
25;2025-12-06;14;682
25;2025-12-06;15;756
25;2025-12-06;16;669
25;2025-12-06;17;595
25;2025-12-06;18;546
25;2025-12-06;19;476
25;2025-12-06;20;282
25;2025-12-06;21;212
25;2025-12-06;22;133
25;2025-12-06;23;55
25;2025-12-07;0;16
25;2025-12-07;1;0
25;2025-12-07;2;0
25;2025-12-07;3;0
25;2025-12-07;4;0
25;2025-12-07;5;11
25;2025-12-07;6;118
25;2025-12-07;7;119
25;2025-12-07;8;207
25;2025-12-07;9;244
25;2025-12-07;10;243
25;2025-12-07;11;339
25;2025-12-07;12;398
25;2025-12-07;13;531
25;2025-12-07;14;565
25;2025-12-07;15;683
25;2025-12-07;16;575
25;2025-12-07;17;574
25;2025-12-07;18;459
25;2025-12-07;19;354
25;2025-12-07;20;256
25;2025-12-07;21;173
25;2025-12-07;22;108
25;2025-12-07;23;41
25;2025-12-08;0;0
25;2025-12-08;1;0
25;2025-12-08;2;0
25;2025-12-08;3;0
25;2025-12-08;4;0
25;2025-12-08;5;19
25;2025-12-08;6;284
25;2025-12-08;7;572
25;2025-12-08;8;953
25;2025-12-08;9;492
25;2025-12-08;10;385
25;2025-12-08;11;452
25;2025-12-08;12;444
25;2025-12-08;13;568
25;2025-12-08;14;494
25;2025-12-08;15;601
25;2025-12-08;16;750
25;2025-12-08;17;809
25;2025-12-08;18;809
25;2025-12-08;19;609
25;2025-12-08;20;334
25;2025-12-08;21;223
25;2025-12-08;22;100
25;2025-12-08;23;7
25;2025-12-09;0;0
25;2025-12-09;1;0
25;2025-12-09;2;0
25;2025-12-09;3;0
25;2025-12-09;4;0
25;2025-12-09;5;18
25;2025-12-09;6;285
25;2025-12-09;7;579
25;2025-12-09;8;959
25;2025-12-09;9;496
25;2025-12-09;10;399
25;2025-12-09;11;467
25;2025-12-09;12;452
25;2025-12-09;13;559
25;2025-12-09;14;507
25;2025-12-09;15;620
25;2025-12-09;16;765
25;2025-12-09;17;814
25;2025-12-09;18;806
25;2025-12-09;19;616
25;2025-12-09;20;342
25;2025-12-09;21;224
25;2025-12-09;22;102
25;2025-12-09;23;6
25;2025-12-10;0;0
25;2025-12-10;1;0
25;2025-12-10;2;0
25;2025-12-10;3;0
25;2025-12-10;4;0
25;2025-12-10;5;18
25;2025-12-10;6;281
25;2025-12-10;7;567
25;2025-12-10;8;939
25;2025-12-10;9;482
25;2025-12-10;10;395
25;2025-12-10;11;462
25;2025-12-10;12;452
25;2025-12-10;13;571
25;2025-12-10;14;492
25;2025-12-10;15;612
25;2025-12-10;16;746
25;2025-12-10;17;831
25;2025-12-10;18;818
25;2025-12-10;19;614
25;2025-12-10;20;342
25;2025-12-10;21;233
25;2025-12-10;22;109
25;2025-12-10;23;7
25;2025-12-11;0;0
25;2025-12-11;1;0
25;2025-12-11;2;0
25;2025-12-11;3;0
25;2025-12-11;4;0
25;2025-12-11;5;19
25;2025-12-11;6;278
25;2025-12-11;7;562
25;2025-12-11;8;935
25;2025-12-11;9;476
25;2025-12-11;10;393
25;2025-12-11;11;459
25;2025-12-11;12;443
25;2025-12-11;13;550
25;2025-12-11;14;508
25;2025-12-11;15;616
25;2025-12-11;16;744
25;2025-12-11;17;805
25;2025-12-11;18;797
25;2025-12-11;19;605
25;2025-12-11;20;333
25;2025-12-11;21;222
25;2025-12-11;22;107
25;2025-12-11;23;6
25;2025-12-12;0;0
25;2025-12-12;1;0
25;2025-12-12;2;0
25;2025-12-12;3;0
25;2025-12-12;4;0
25;2025-12-12;5;18
25;2025-12-12;6;281
25;2025-12-12;7;564
25;2025-12-12;8;901
25;2025-12-12;9;471
25;2025-12-12;10;385
25;2025-12-12;11;465
25;2025-12-12;12;447
25;2025-12-12;13;559
25;2025-12-12;14;511
25;2025-12-12;15;627
25;2025-12-12;16;772
25;2025-12-12;17;794
25;2025-12-12;18;730
25;2025-12-12;19;585
25;2025-12-12;20;335
25;2025-12-12;21;226
25;2025-12-12;22;115
25;2025-12-12;23;9
25;2025-12-13;0;0
25;2025-12-13;1;0
25;2025-12-13;2;0
25;2025-12-13;3;0
25;2025-12-13;4;0
25;2025-12-13;5;18
25;2025-12-13;6;141
25;2025-12-13;7;152
25;2025-12-13;8;342
25;2025-12-13;9;314
25;2025-12-13;10;313
25;2025-12-13;11;422
25;2025-12-13;12;410
25;2025-12-13;13;623
25;2025-12-13;14;540
25;2025-12-13;15;736
25;2025-12-13;16;655
25;2025-12-13;17;579
25;2025-12-13;18;535
25;2025-12-13;19;464
25;2025-12-13;20;272
25;2025-12-13;21;206
25;2025-12-13;22;132
25;2025-12-13;23;55
25;2025-12-14;0;16
25;2025-12-14;1;0
25;2025-12-14;2;0
25;2025-12-14;3;0
25;2025-12-14;4;0
25;2025-12-14;5;10
25;2025-12-14;6;115
25;2025-12-14;7;119
25;2025-12-14;8;207
25;2025-12-14;9;241
25;2025-12-14;10;238
25;2025-12-14;11;333
25;2025-12-14;12;390
25;2025-12-14;13;517
25;2025-12-14;14;550
25;2025-12-14;15;669
25;2025-12-14;16;565
25;2025-12-14;17;563
25;2025-12-14;18;451
25;2025-12-14;19;347
25;2025-12-14;20;249
25;2025-12-14;21;169
25;2025-12-14;22;108
25;2025-12-14;23;42
25;2025-12-15;0;0
25;2025-12-15;1;0
25;2025-12-15;2;0
25;2025-12-15;3;0
25;2025-12-15;4;0
25;2025-12-15;5;17
25;2025-12-15;6;280
25;2025-12-15;7;572
25;2025-12-15;8;950
25;2025-12-15;9;491
25;2025-12-15;10;383
25;2025-12-15;11;446
25;2025-12-15;12;440
25;2025-12-15;13;561
25;2025-12-15;14;486
25;2025-12-15;15;592
25;2025-12-15;16;748
25;2025-12-15;17;805
25;2025-12-15;18;806
25;2025-12-15;19;600
25;2025-12-15;20;333
25;2025-12-15;21;218
25;2025-12-15;22;102
25;2025-12-15;23;8
25;2025-12-16;0;0
25;2025-12-16;1;0
25;2025-12-16;2;0
25;2025-12-16;3;0
25;2025-12-16;4;0
25;2025-12-16;5;18
25;2025-12-16;6;283
25;2025-12-16;7;579
25;2025-12-16;8;956
25;2025-12-16;9;495
25;2025-12-16;10;402
25;2025-12-16;11;464
25;2025-12-16;12;449
25;2025-12-16;13;552
25;2025-12-16;14;501
25;2025-12-16;15;612
25;2025-12-16;16;760
25;2025-12-16;17;809
25;2025-12-16;18;804
25;2025-12-16;19;612
25;2025-12-16;20;344
25;2025-12-16;21;222
25;2025-12-16;22;106
25;2025-12-16;23;7
25;2025-12-17;0;0
25;2025-12-17;1;0
25;2025-12-17;2;0
25;2025-12-17;3;0
25;2025-12-17;4;0
25;2025-12-17;5;18
25;2025-12-17;6;282
25;2025-12-17;7;573
25;2025-12-17;8;950
25;2025-12-17;9;490
25;2025-12-17;10;400
25;2025-12-17;11;465
25;2025-12-17;12;458
25;2025-12-17;13;573
25;2025-12-17;14;498
25;2025-12-17;15;616
25;2025-12-17;16;755
25;2025-12-17;17;841
25;2025-12-17;18;830
25;2025-12-17;19;621
25;2025-12-17;20;347
25;2025-12-17;21;236
25;2025-12-17;22;113
25;2025-12-17;23;8
25;2025-12-18;0;0
25;2025-12-18;1;0
25;2025-12-18;2;0
25;2025-12-18;3;0
25;2025-12-18;4;0
25;2025-12-18;5;20
25;2025-12-18;6;280
25;2025-12-18;7;574
25;2025-12-18;8;956
25;2025-12-18;9;488
25;2025-12-18;10;400
25;2025-12-18;11;466
25;2025-12-18;12;452
25;2025-12-18;13;560
25;2025-12-18;14;518
25;2025-12-18;15;625
25;2025-12-18;16;760
25;2025-12-18;17;822
25;2025-12-18;18;815
25;2025-12-18;19;616
25;2025-12-18;20;339
25;2025-12-18;21;227
25;2025-12-18;22;113
25;2025-12-18;23;7
25;2025-12-19;0;0
25;2025-12-19;1;0
25;2025-12-19;2;0
25;2025-12-19;3;0
25;2025-12-19;4;0
25;2025-12-19;5;18
25;2025-12-19;6;282
25;2025-12-19;7;576
25;2025-12-19;8;920
25;2025-12-19;9;481
25;2025-12-19;10;392
25;2025-12-19;11;471
25;2025-12-19;12;455
25;2025-12-19;13;568
25;2025-12-19;14;520
25;2025-12-19;15;638
25;2025-12-19;16;791
25;2025-12-19;17;815
25;2025-12-19;18;753
25;2025-12-19;19;595
25;2025-12-19;20;341
25;2025-12-19;21;228
25;2025-12-19;22;119
25;2025-12-19;23;9
25;2025-12-20;0;0
25;2025-12-20;1;0
25;2025-12-20;2;0
25;2025-12-20;3;0
25;2025-12-20;4;0
25;2025-12-20;5;19
25;2025-12-20;6;141
25;2025-12-20;7;153
25;2025-12-20;8;345
25;2025-12-20;9;316
25;2025-12-20;10;315
25;2025-12-20;11;427
25;2025-12-20;12;415
25;2025-12-20;13;646
25;2025-12-20;14;669
25;2025-12-20;15;739
25;2025-12-20;16;659
25;2025-12-20;17;585
25;2025-12-20;18;539
25;2025-12-20;19;470
25;2025-12-20;20;276
25;2025-12-20;21;211
25;2025-12-20;22;133
25;2025-12-20;23;57
25;2025-12-21;0;17
25;2025-12-21;1;0
25;2025-12-21;2;0
25;2025-12-21;3;0
25;2025-12-21;4;0
25;2025-12-21;5;10
25;2025-12-21;6;113
25;2025-12-21;7;117
25;2025-12-21;8;203
25;2025-12-21;9;239
25;2025-12-21;10;239
25;2025-12-21;11;331
25;2025-12-21;12;390
25;2025-12-21;13;513
25;2025-12-21;14;549
25;2025-12-21;15;663
25;2025-12-21;16;561
25;2025-12-21;17;558
25;2025-12-21;18;449
25;2025-12-21;19;348
25;2025-12-21;20;249
25;2025-12-21;21;171
25;2025-12-21;22;107
25;2025-12-21;23;42
25;2025-12-22;0;0
25;2025-12-22;1;0
25;2025-12-22;2;0
25;2025-12-22;3;0
25;2025-12-22;4;0
25;2025-12-22;5;17
25;2025-12-22;6;274
25;2025-12-22;7;560
25;2025-12-22;8;930
25;2025-12-22;9;483
25;2025-12-22;10;376
25;2025-12-22;11;438
25;2025-12-22;12;432
25;2025-12-22;13;548
25;2025-12-22;14;478
25;2025-12-22;15;581
25;2025-12-22;16;732
25;2025-12-22;17;788
25;2025-12-22;18;790
25;2025-12-22;19;588
25;2025-12-22;20;326
25;2025-12-22;21;216
25;2025-12-22;22;102
25;2025-12-22;23;7
25;2025-12-23;0;0
25;2025-12-23;1;0
25;2025-12-23;2;0
25;2025-12-23;3;0
25;2025-12-23;4;0
25;2025-12-23;5;14
25;2025-12-23;6;278
25;2025-12-23;7;582
25;2025-12-23;8;958
25;2025-12-23;9;495
25;2025-12-23;10;395
25;2025-12-23;11;458
25;2025-12-23;12;444
25;2025-12-23;13;549
25;2025-12-23;14;496
25;2025-12-23;15;609
25;2025-12-23;16;763
25;2025-12-23;17;809
25;2025-12-23;18;805
25;2025-12-23;19;604
25;2025-12-23;20;340
25;2025-12-23;21;218
25;2025-12-23;22;107
25;2025-12-23;23;8
25;2025-12-24;0;0
25;2025-12-24;1;0
25;2025-12-24;2;0
25;2025-12-24;3;0
25;2025-12-24;4;0
25;2025-12-24;5;16
25;2025-12-24;6;273
25;2025-12-24;7;576
25;2025-12-24;8;948
25;2025-12-24;9;488
25;2025-12-24;10;396
25;2025-12-24;11;459
25;2025-12-24;12;452
25;2025-12-24;13;566
25;2025-12-24;14;486
25;2025-12-24;15;606
25;2025-12-24;16;748
25;2025-12-24;17;832
25;2025-12-24;18;823
25;2025-12-24;19;608
25;2025-12-24;20;346
25;2025-12-24;21;232
25;2025-12-24;22;116
25;2025-12-24;23;8
25;2025-12-25;0;0
25;2025-12-25;1;0
25;2025-12-25;2;0
25;2025-12-25;3;0
25;2025-12-25;4;0
25;2025-12-25;5;18
25;2025-12-25;6;272
25;2025-12-25;7;562
25;2025-12-25;8;934
25;2025-12-25;9;477
25;2025-12-25;10;392
25;2025-12-25;11;455
25;2025-12-25;12;440
25;2025-12-25;13;544
25;2025-12-25;14;503
25;2025-12-25;15;607
25;2025-12-25;16;741
25;2025-12-25;17;801
25;2025-12-25;18;795
25;2025-12-25;19;593
25;2025-12-25;20;329
25;2025-12-25;21;219
25;2025-12-25;22;111
25;2025-12-25;23;6
25;2025-12-26;0;0
25;2025-12-26;1;0
25;2025-12-26;2;0
25;2025-12-26;3;0
25;2025-12-26;4;0
25;2025-12-26;5;17
25;2025-12-26;6;267
25;2025-12-26;7;549
25;2025-12-26;8;877
25;2025-12-26;9;458
25;2025-12-26;10;375
25;2025-12-26;11;447
25;2025-12-26;12;432
25;2025-12-26;13;537
25;2025-12-26;14;494
25;2025-12-26;15;604
25;2025-12-26;16;753
25;2025-12-26;17;775
25;2025-12-26;18;715
25;2025-12-26;19;561
25;2025-12-26;20;324
25;2025-12-26;21;217
25;2025-12-26;22;115
25;2025-12-26;23;9
25;2025-12-27;0;0
25;2025-12-27;1;0
25;2025-12-27;2;0
25;2025-12-27;3;0
25;2025-12-27;4;0
25;2025-12-27;5;17
25;2025-12-27;6;134
25;2025-12-27;7;149
25;2025-12-27;8;340
25;2025-12-27;9;311
25;2025-12-27;10;310
25;2025-12-27;11;416
25;2025-12-27;12;410
25;2025-12-27;13;629
25;2025-12-27;14;654
25;2025-12-27;15;721
25;2025-12-27;16;646
25;2025-12-27;17;570
25;2025-12-27;18;527
25;2025-12-27;19;462
25;2025-12-27;20;272
25;2025-12-27;21;209
25;2025-12-27;22;133
25;2025-12-27;23;55
25;2025-12-28;0;16
25;2025-12-28;1;0
25;2025-12-28;2;0
25;2025-12-28;3;0
25;2025-12-28;4;0
25;2025-12-28;5;9
25;2025-12-28;6;107
25;2025-12-28;7;116
25;2025-12-28;8;200
25;2025-12-28;9;233
25;2025-12-28;10;232
25;2025-12-28;11;323
25;2025-12-28;12;380
25;2025-12-28;13;496
25;2025-12-28;14;531
25;2025-12-28;15;645
25;2025-12-28;16;547
25;2025-12-28;17;543
25;2025-12-28;18;438
25;2025-12-28;19;339
25;2025-12-28;20;243
25;2025-12-28;21;169
25;2025-12-28;22;108
25;2025-12-28;23;41
25;2025-12-29;0;0
25;2025-12-29;1;0
25;2025-12-29;2;0
25;2025-12-29;3;0
25;2025-12-29;4;0
25;2025-12-29;5;15
25;2025-12-29;6;237
25;2025-12-29;7;494
25;2025-12-29;8;818
25;2025-12-29;9;426
25;2025-12-29;10;330
25;2025-12-29;11;384
25;2025-12-29;12;379
25;2025-12-29;13;478
25;2025-12-29;14;417
25;2025-12-29;15;506
25;2025-12-29;16;644
25;2025-12-29;17;692
25;2025-12-29;18;695
25;2025-12-29;19;509
25;2025-12-29;20;284
25;2025-12-29;21;188
25;2025-12-29;22;90
25;2025-12-29;23;6
25;2025-12-30;0;0
25;2025-12-30;1;0
25;2025-12-30;2;0
25;2025-12-30;3;0
25;2025-12-30;4;0
25;2025-12-30;5;14
25;2025-12-30;6;238
25;2025-12-30;7;501
25;2025-12-30;8;820
25;2025-12-30;9;428
25;2025-12-30;10;341
25;2025-12-30;11;395
25;2025-12-30;12;383
25;2025-12-30;13;471
25;2025-12-30;14;428
25;2025-12-30;15;520
25;2025-12-30;16;654
25;2025-12-30;17;690
25;2025-12-30;18;681
25;2025-12-30;19;510
25;2025-12-30;20;293
25;2025-12-30;21;189
25;2025-12-30;22;92
25;2025-12-30;23;5
25;2025-12-31;0;14
25;2025-12-31;1;0
25;2025-12-31;2;0
25;2025-12-31;3;0
25;2025-12-31;4;0
25;2025-12-31;5;7
25;2025-12-31;6;90
25;2025-12-31;7;100
25;2025-12-31;8;174
25;2025-12-31;9;202
25;2025-12-31;10;203
25;2025-12-31;11;278
25;2025-12-31;12;330
25;2025-12-31;13;431
25;2025-12-31;14;451
25;2025-12-31;15;553
25;2025-12-31;16;464
25;2025-12-31;17;475
25;2025-12-31;18;385
25;2025-12-31;19;295
25;2025-12-31;20;0
25;2025-12-31;21;0
25;2025-12-31;22;0
25;2025-12-31;23;0
26;2025-11-01;0;29
26;2025-11-01;1;1
26;2025-11-01;2;0
26;2025-11-01;3;0
26;2025-11-01;4;2
26;2025-11-01;5;79
26;2025-11-01;6;403
26;2025-11-01;7;950
26;2025-11-01;8;1915
26;2025-11-01;9;1246
26;2025-11-01;10;1085
26;2025-11-01;11;989
26;2025-11-01;12;1013
26;2025-11-01;13;1049
26;2025-11-01;14;1198
26;2025-11-01;15;1239
26;2025-11-01;16;1344
26;2025-11-01;17;1514
26;2025-11-01;18;1549
26;2025-11-01;19;1040
26;2025-11-01;20;645
26;2025-11-01;21;418
26;2025-11-01;22;174
26;2025-11-01;23;111
26;2025-11-02;0;52
26;2025-11-02;1;3
26;2025-11-02;2;0
26;2025-11-02;3;0
26;2025-11-02;4;2
26;2025-11-02;5;23
26;2025-11-02;6;152
26;2025-11-02;7;270
26;2025-11-02;8;405
26;2025-11-02;9;538
26;2025-11-02;10;603
26;2025-11-02;11;828
26;2025-11-02;12;863
26;2025-11-02;13;906
26;2025-11-02;14;906
26;2025-11-02;15;824
26;2025-11-02;16;802
26;2025-11-02;17;816
26;2025-11-02;18;727
26;2025-11-02;19;543
26;2025-11-02;20;409
26;2025-11-02;21;285
26;2025-11-02;22;169
26;2025-11-02;23;115
26;2025-11-03;0;51
26;2025-11-03;1;3
26;2025-11-03;2;0
26;2025-11-03;3;0
26;2025-11-03;4;1
26;2025-11-03;5;24
26;2025-11-03;6;148
26;2025-11-03;7;263
26;2025-11-03;8;387
26;2025-11-03;9;511
26;2025-11-03;10;572
26;2025-11-03;11;774
26;2025-11-03;12;806
26;2025-11-03;13;857
26;2025-11-03;14;852
26;2025-11-03;15;774
26;2025-11-03;16;747
26;2025-11-03;17;769
26;2025-11-03;18;711
26;2025-11-03;19;528
26;2025-11-03;20;397
26;2025-11-03;21;275
26;2025-11-03;22;163
26;2025-11-03;23;108
26;2025-11-04;0;49
26;2025-11-04;1;3
26;2025-11-04;2;0
26;2025-11-04;3;0
26;2025-11-04;4;1
26;2025-11-04;5;23
26;2025-11-04;6;144
26;2025-11-04;7;254
26;2025-11-04;8;377
26;2025-11-04;9;496
26;2025-11-04;10;552
26;2025-11-04;11;761
26;2025-11-04;12;790
26;2025-11-04;13;829
26;2025-11-04;14;836
26;2025-11-04;15;756
26;2025-11-04;16;729
26;2025-11-04;17;755
26;2025-11-04;18;694
26;2025-11-04;19;518
26;2025-11-04;20;392
26;2025-11-04;21;268
26;2025-11-04;22;158
26;2025-11-04;23;107
26;2025-11-05;0;34
26;2025-11-05;1;1
26;2025-11-05;2;0
26;2025-11-05;3;0
26;2025-11-05;4;2
26;2025-11-05;5;96
26;2025-11-05;6;472
26;2025-11-05;7;1110
26;2025-11-05;8;2256
26;2025-11-05;9;1455
26;2025-11-05;10;1257
26;2025-11-05;11;1145
26;2025-11-05;12;1185
26;2025-11-05;13;1226
26;2025-11-05;14;1402
26;2025-11-05;15;1436
26;2025-11-05;16;1544
26;2025-11-05;17;1746
26;2025-11-05;18;1866
26;2025-11-05;19;1237
26;2025-11-05;20;771
26;2025-11-05;21;506
26;2025-11-05;22;211
26;2025-11-05;23;133
26;2025-11-06;0;35
26;2025-11-06;1;1
26;2025-11-06;2;0
26;2025-11-06;3;0
26;2025-11-06;4;2
26;2025-11-06;5;97
26;2025-11-06;6;478
26;2025-11-06;7;1103
26;2025-11-06;8;2245
26;2025-11-06;9;1460
26;2025-11-06;10;1250
26;2025-11-06;11;1151
26;2025-11-06;12;1178
26;2025-11-06;13;1207
26;2025-11-06;14;1385
26;2025-11-06;15;1420
26;2025-11-06;16;1551
26;2025-11-06;17;1750
26;2025-11-06;18;1879
26;2025-11-06;19;1238
26;2025-11-06;20;758
26;2025-11-06;21;498
26;2025-11-06;22;210
26;2025-11-06;23;136
26;2025-11-07;0;35
26;2025-11-07;1;1
26;2025-11-07;2;0
26;2025-11-07;3;0
26;2025-11-07;4;2
26;2025-11-07;5;93
26;2025-11-07;6;481
26;2025-11-07;7;1091
26;2025-11-07;8;2201
26;2025-11-07;9;1418
26;2025-11-07;10;1254
26;2025-11-07;11;1126
26;2025-11-07;12;1170
26;2025-11-07;13;1216
26;2025-11-07;14;1389
26;2025-11-07;15;1441
26;2025-11-07;16;1618
26;2025-11-07;17;1763
26;2025-11-07;18;1632
26;2025-11-07;19;1144
26;2025-11-07;20;727
26;2025-11-07;21;495
26;2025-11-07;22;213
26;2025-11-07;23;153
26;2025-11-08;0;51
26;2025-11-08;1;1
26;2025-11-08;2;0
26;2025-11-08;3;0
26;2025-11-08;4;1
26;2025-11-08;5;55
26;2025-11-08;6;261
26;2025-11-08;7;383
26;2025-11-08;8;660
26;2025-11-08;9;702
26;2025-11-08;10;858
26;2025-11-08;11;1025
26;2025-11-08;12;1101
26;2025-11-08;13;1107
26;2025-11-08;14;1129
26;2025-11-08;15;1024
26;2025-11-08;16;1068
26;2025-11-08;17;993
26;2025-11-08;18;905
26;2025-11-08;19;806
26;2025-11-08;20;552
26;2025-11-08;21;369
26;2025-11-08;22;211
26;2025-11-08;23;168
26;2025-11-09;0;54
26;2025-11-09;1;4
26;2025-11-09;2;0
26;2025-11-09;3;0
26;2025-11-09;4;2
26;2025-11-09;5;24
26;2025-11-09;6;154
26;2025-11-09;7;268
26;2025-11-09;8;400
26;2025-11-09;9;535
26;2025-11-09;10;597
26;2025-11-09;11;821
26;2025-11-09;12;856
26;2025-11-09;13;904
26;2025-11-09;14;905
26;2025-11-09;15;820
26;2025-11-09;16;789
26;2025-11-09;17;805
26;2025-11-09;18;724
26;2025-11-09;19;538
26;2025-11-09;20;410
26;2025-11-09;21;287
26;2025-11-09;22;169
26;2025-11-09;23;115
26;2025-11-10;0;32
26;2025-11-10;1;1
26;2025-11-10;2;0
26;2025-11-10;3;0
26;2025-11-10;4;2
26;2025-11-10;5;95
26;2025-11-10;6;484
26;2025-11-10;7;1128
26;2025-11-10;8;2274
26;2025-11-10;9;1461
26;2025-11-10;10;1279
26;2025-11-10;11;1138
26;2025-11-10;12;1176
26;2025-11-10;13;1232
26;2025-11-10;14;1373
26;2025-11-10;15;1443
26;2025-11-10;16;1572
26;2025-11-10;17;1792
26;2025-11-10;18;1909
26;2025-11-10;19;1258
26;2025-11-10;20;768
26;2025-11-10;21;487
26;2025-11-10;22;200
26;2025-11-10;23;121
26;2025-11-11;0;32
26;2025-11-11;1;1
26;2025-11-11;2;0
26;2025-11-11;3;0
26;2025-11-11;4;2
26;2025-11-11;5;97
26;2025-11-11;6;485
26;2025-11-11;7;1136
26;2025-11-11;8;2311
26;2025-11-11;9;1483
26;2025-11-11;10;1291
26;2025-11-11;11;1178
26;2025-11-11;12;1206
26;2025-11-11;13;1228
26;2025-11-11;14;1398
26;2025-11-11;15;1452
26;2025-11-11;16;1585
26;2025-11-11;17;1813
26;2025-11-11;18;1927
26;2025-11-11;19;1286
26;2025-11-11;20;784
26;2025-11-11;21;498
26;2025-11-11;22;204
26;2025-11-11;23;123
26;2025-11-12;0;34
26;2025-11-12;1;1
26;2025-11-12;2;0
26;2025-11-12;3;0
26;2025-11-12;4;2
26;2025-11-12;5;98
26;2025-11-12;6;477
26;2025-11-12;7;1119
26;2025-11-12;8;2272
26;2025-11-12;9;1469
26;2025-11-12;10;1271
26;2025-11-12;11;1156
26;2025-11-12;12;1195
26;2025-11-12;13;1237
26;2025-11-12;14;1410
26;2025-11-12;15;1446
26;2025-11-12;16;1558
26;2025-11-12;17;1760
26;2025-11-12;18;1879
26;2025-11-12;19;1248
26;2025-11-12;20;775
26;2025-11-12;21;509
26;2025-11-12;22;212
26;2025-11-12;23;134
26;2025-11-13;0;36
26;2025-11-13;1;1
26;2025-11-13;2;0
26;2025-11-13;3;0
26;2025-11-13;4;2
26;2025-11-13;5;97
26;2025-11-13;6;482
26;2025-11-13;7;1117
26;2025-11-13;8;2277
26;2025-11-13;9;1483
26;2025-11-13;10;1273
26;2025-11-13;11;1173
26;2025-11-13;12;1204
26;2025-11-13;13;1231
26;2025-11-13;14;1407
26;2025-11-13;15;1448
26;2025-11-13;16;1581
26;2025-11-13;17;1782
26;2025-11-13;18;1911
26;2025-11-13;19;1258
26;2025-11-13;20;769
26;2025-11-13;21;508
26;2025-11-13;22;212
26;2025-11-13;23;137
26;2025-11-14;0;36
26;2025-11-14;1;1
26;2025-11-14;2;0
26;2025-11-14;3;0
26;2025-11-14;4;2
26;2025-11-14;5;95
26;2025-11-14;6;486
26;2025-11-14;7;1104
26;2025-11-14;8;2223
26;2025-11-14;9;1436
26;2025-11-14;10;1271
26;2025-11-14;11;1142
26;2025-11-14;12;1187
26;2025-11-14;13;1231
26;2025-11-14;14;1405
26;2025-11-14;15;1459
26;2025-11-14;16;1640
26;2025-11-14;17;1786
26;2025-11-14;18;1648
26;2025-11-14;19;1158
26;2025-11-14;20;734
26;2025-11-14;21;496
26;2025-11-14;22;212
26;2025-11-14;23;154
26;2025-11-15;0;50
26;2025-11-15;1;2
26;2025-11-15;2;0
26;2025-11-15;3;0
26;2025-11-15;4;1
26;2025-11-15;5;51
26;2025-11-15;6;251
26;2025-11-15;7;367
26;2025-11-15;8;637
26;2025-11-15;9;676
26;2025-11-15;10;823
26;2025-11-15;11;984
26;2025-11-15;12;1060
26;2025-11-15;13;1064
26;2025-11-15;14;1088
26;2025-11-15;15;988
26;2025-11-15;16;1031
26;2025-11-15;17;958
26;2025-11-15;18;874
26;2025-11-15;19;777
26;2025-11-15;20;528
26;2025-11-15;21;353
26;2025-11-15;22;203
26;2025-11-15;23;163
26;2025-11-16;0;52
26;2025-11-16;1;3
26;2025-11-16;2;0
26;2025-11-16;3;0
26;2025-11-16;4;2
26;2025-11-16;5;23
26;2025-11-16;6;153
26;2025-11-16;7;267
26;2025-11-16;8;403
26;2025-11-16;9;537
26;2025-11-16;10;600
26;2025-11-16;11;824
26;2025-11-16;12;863
26;2025-11-16;13;910
26;2025-11-16;14;911
26;2025-11-16;15;825
26;2025-11-16;16;796
26;2025-11-16;17;811
26;2025-11-16;18;731
26;2025-11-16;19;546
26;2025-11-16;20;410
26;2025-11-16;21;288
26;2025-11-16;22;171
26;2025-11-16;23;116
26;2025-11-17;0;31
26;2025-11-17;1;1
26;2025-11-17;2;0
26;2025-11-17;3;0
26;2025-11-17;4;2
26;2025-11-17;5;95
26;2025-11-17;6;476
26;2025-11-17;7;1111
26;2025-11-17;8;2234
26;2025-11-17;9;1441
26;2025-11-17;10;1260
26;2025-11-17;11;1122
26;2025-11-17;12;1156
26;2025-11-17;13;1211
26;2025-11-17;14;1345
26;2025-11-17;15;1415
26;2025-11-17;16;1543
26;2025-11-17;17;1761
26;2025-11-17;18;1877
26;2025-11-17;19;1239
26;2025-11-17;20;756
26;2025-11-17;21;481
26;2025-11-17;22;198
26;2025-11-17;23;120
26;2025-11-18;0;31
26;2025-11-18;1;1
26;2025-11-18;2;0
26;2025-11-18;3;0
26;2025-11-18;4;1
26;2025-11-18;5;94
26;2025-11-18;6;469
26;2025-11-18;7;1096
26;2025-11-18;8;2206
26;2025-11-18;9;1422
26;2025-11-18;10;1236
26;2025-11-18;11;1125
26;2025-11-18;12;1153
26;2025-11-18;13;1173
26;2025-11-18;14;1332
26;2025-11-18;15;1386
26;2025-11-18;16;1516
26;2025-11-18;17;1741
26;2025-11-18;18;1844
26;2025-11-18;19;1232
26;2025-11-18;20;756
26;2025-11-18;21;480
26;2025-11-18;22;197
26;2025-11-18;23;120
26;2025-11-19;0;33
26;2025-11-19;1;1
26;2025-11-19;2;0
26;2025-11-19;3;0
26;2025-11-19;4;2
26;2025-11-19;5;99
26;2025-11-19;6;480
26;2025-11-19;7;1129
26;2025-11-19;8;2290
26;2025-11-19;9;1486
26;2025-11-19;10;1286
26;2025-11-19;11;1171
26;2025-11-19;12;1215
26;2025-11-19;13;1256
26;2025-11-19;14;1427
26;2025-11-19;15;1463
26;2025-11-19;16;1576
26;2025-11-19;17;1780
26;2025-11-19;18;1899
26;2025-11-19;19;1263
26;2025-11-19;20;780
26;2025-11-19;21;513
26;2025-11-19;22;212
26;2025-11-19;23;133
26;2025-11-20;0;36
26;2025-11-20;1;1
26;2025-11-20;2;0
26;2025-11-20;3;0
26;2025-11-20;4;2
26;2025-11-20;5;97
26;2025-11-20;6;484
26;2025-11-20;7;1121
26;2025-11-20;8;2286
26;2025-11-20;9;1492
26;2025-11-20;10;1282
26;2025-11-20;11;1180
26;2025-11-20;12;1213
26;2025-11-20;13;1240
26;2025-11-20;14;1413
26;2025-11-20;15;1457
26;2025-11-20;16;1588
26;2025-11-20;17;1791
26;2025-11-20;18;1920
26;2025-11-20;19;1268
26;2025-11-20;20;767
26;2025-11-20;21;506
26;2025-11-20;22;210
26;2025-11-20;23;136
26;2025-11-21;0;35
26;2025-11-21;1;1
26;2025-11-21;2;0
26;2025-11-21;3;0
26;2025-11-21;4;2
26;2025-11-21;5;96
26;2025-11-21;6;486
26;2025-11-21;7;1107
26;2025-11-21;8;2231
26;2025-11-21;9;1443
26;2025-11-21;10;1279
26;2025-11-21;11;1149
26;2025-11-21;12;1193
26;2025-11-21;13;1236
26;2025-11-21;14;1408
26;2025-11-21;15;1465
26;2025-11-21;16;1645
26;2025-11-21;17;1791
26;2025-11-21;18;1655
26;2025-11-21;19;1164
26;2025-11-21;20;732
26;2025-11-21;21;497
26;2025-11-21;22;212
26;2025-11-21;23;154
26;2025-11-22;0;49
26;2025-11-22;1;1
26;2025-11-22;2;0
26;2025-11-22;3;0
26;2025-11-22;4;1
26;2025-11-22;5;54
26;2025-11-22;6;256
26;2025-11-22;7;374
26;2025-11-22;8;647
26;2025-11-22;9;689
26;2025-11-22;10;839
26;2025-11-22;11;1006
26;2025-11-22;12;1086
26;2025-11-22;13;1089
26;2025-11-22;14;1110
26;2025-11-22;15;1007
26;2025-11-22;16;1052
26;2025-11-22;17;979
26;2025-11-22;18;890
26;2025-11-22;19;792
26;2025-11-22;20;540
26;2025-11-22;21;360
26;2025-11-22;22;206
26;2025-11-22;23;163
26;2025-11-23;0;52
26;2025-11-23;1;3
26;2025-11-23;2;0
26;2025-11-23;3;0
26;2025-11-23;4;2
26;2025-11-23;5;23
26;2025-11-23;6;154
26;2025-11-23;7;265
26;2025-11-23;8;399
26;2025-11-23;9;535
26;2025-11-23;10;595
26;2025-11-23;11;819
26;2025-11-23;12;858
26;2025-11-23;13;905
26;2025-11-23;14;905
26;2025-11-23;15;819
26;2025-11-23;16;792
26;2025-11-23;17;804
26;2025-11-23;18;724
26;2025-11-23;19;539
26;2025-11-23;20;406
26;2025-11-23;21;287
26;2025-11-23;22;170
26;2025-11-23;23;115
26;2025-11-24;0;31
26;2025-11-24;1;1
26;2025-11-24;2;0
26;2025-11-24;3;0
26;2025-11-24;4;2
26;2025-11-24;5;94
26;2025-11-24;6;465
26;2025-11-24;7;1087
26;2025-11-24;8;2174
26;2025-11-24;9;1408
26;2025-11-24;10;1231
26;2025-11-24;11;1092
26;2025-11-24;12;1130
26;2025-11-24;13;1184
26;2025-11-24;14;1308
26;2025-11-24;15;1382
26;2025-11-24;16;1509
26;2025-11-24;17;1724
26;2025-11-24;18;1833
26;2025-11-24;19;1212
26;2025-11-24;20;738
26;2025-11-24;21;470
26;2025-11-24;22;190
26;2025-11-24;23;115
26;2025-11-25;0;31
26;2025-11-25;1;1
26;2025-11-25;2;0
26;2025-11-25;3;0
26;2025-11-25;4;2
26;2025-11-25;5;96
26;2025-11-25;6;483
26;2025-11-25;7;1132
26;2025-11-25;8;2297
26;2025-11-25;9;1483
26;2025-11-25;10;1292
26;2025-11-25;11;1178
26;2025-11-25;12;1209
26;2025-11-25;13;1230
26;2025-11-25;14;1391
26;2025-11-25;15;1450
26;2025-11-25;16;1585
26;2025-11-25;17;1812
26;2025-11-25;18;1922
26;2025-11-25;19;1287
26;2025-11-25;20;782
26;2025-11-25;21;496
26;2025-11-25;22;201
26;2025-11-25;23;123
26;2025-11-26;0;33
26;2025-11-26;1;1
26;2025-11-26;2;0
26;2025-11-26;3;0
26;2025-11-26;4;2
26;2025-11-26;5;97
26;2025-11-26;6;468
26;2025-11-26;7;1098
26;2025-11-26;8;2229
26;2025-11-26;9;1450
26;2025-11-26;10;1254
26;2025-11-26;11;1135
26;2025-11-26;12;1181
26;2025-11-26;13;1221
26;2025-11-26;14;1385
26;2025-11-26;15;1422
26;2025-11-26;16;1532
26;2025-11-26;17;1733
26;2025-11-26;18;1846
26;2025-11-26;19;1228
26;2025-11-26;20;760
26;2025-11-26;21;497
26;2025-11-26;22;204
26;2025-11-26;23;129
26;2025-11-27;0;35
26;2025-11-27;1;1
26;2025-11-27;2;0
26;2025-11-27;3;0
26;2025-11-27;4;2
26;2025-11-27;5;97
26;2025-11-27;6;476
26;2025-11-27;7;1096
26;2025-11-27;8;2221
26;2025-11-27;9;1457
26;2025-11-27;10;1250
26;2025-11-27;11;1149
26;2025-11-27;12;1179
26;2025-11-27;13;1206
26;2025-11-27;14;1368
26;2025-11-27;15;1413
26;2025-11-27;16;1546
26;2025-11-27;17;1743
26;2025-11-27;18;1865
26;2025-11-27;19;1229
26;2025-11-27;20;750
26;2025-11-27;21;493
26;2025-11-27;22;204
26;2025-11-27;23;132
26;2025-11-28;0;35
26;2025-11-28;1;1
26;2025-11-28;2;0
26;2025-11-28;3;0
26;2025-11-28;4;2
26;2025-11-28;5;94
26;2025-11-28;6;481
26;2025-11-28;7;1084
26;2025-11-28;8;2186
26;2025-11-28;9;1417
26;2025-11-28;10;1255
26;2025-11-28;11;1126
26;2025-11-28;12;1172
26;2025-11-28;13;1217
26;2025-11-28;14;1376
26;2025-11-28;15;1436
26;2025-11-28;16;1614
26;2025-11-28;17;1760
26;2025-11-28;18;1626
26;2025-11-28;19;1143
26;2025-11-28;20;723
26;2025-11-28;21;489
26;2025-11-28;22;209
26;2025-11-28;23;150
26;2025-11-29;0;50
26;2025-11-29;1;1
26;2025-11-29;2;0
26;2025-11-29;3;0
26;2025-11-29;4;1
26;2025-11-29;5;54
26;2025-11-29;6;263
26;2025-11-29;7;380
26;2025-11-29;8;662
26;2025-11-29;9;707
26;2025-11-29;10;861
26;2025-11-29;11;1033
26;2025-11-29;12;1113
26;2025-11-29;13;1118
26;2025-11-29;14;1135
26;2025-11-29;15;1032
26;2025-11-29;16;1075
26;2025-11-29;17;999
26;2025-11-29;18;910
26;2025-11-29;19;812
26;2025-11-29;20;553
26;2025-11-29;21;371
26;2025-11-29;22;212
26;2025-11-29;23;169
26;2025-11-30;0;52
26;2025-11-30;1;4
26;2025-11-30;2;0
26;2025-11-30;3;0
26;2025-11-30;4;2
26;2025-11-30;5;23
26;2025-11-30;6;153
26;2025-11-30;7;262
26;2025-11-30;8;395
26;2025-11-30;9;533
26;2025-11-30;10;591
26;2025-11-30;11;815
26;2025-11-30;12;855
26;2025-11-30;13;902
26;2025-11-30;14;899
26;2025-11-30;15;817
26;2025-11-30;16;790
26;2025-11-30;17;802
26;2025-11-30;18;720
26;2025-11-30;19;539
26;2025-11-30;20;406
26;2025-11-30;21;288
26;2025-11-30;22;170
26;2025-11-30;23;116
26;2025-12-01;0;33
26;2025-12-01;1;2
26;2025-12-01;2;0
26;2025-12-01;3;0
26;2025-12-01;4;2
26;2025-12-01;5;99
26;2025-12-01;6;498
26;2025-12-01;7;1154
26;2025-12-01;8;2319
26;2025-12-01;9;1507
26;2025-12-01;10;1318
26;2025-12-01;11;1173
26;2025-12-01;12;1213
26;2025-12-01;13;1274
26;2025-12-01;14;1400
26;2025-12-01;15;1481
26;2025-12-01;16;1616
26;2025-12-01;17;1844
26;2025-12-01;18;1954
26;2025-12-01;19;1295
26;2025-12-01;20;788
26;2025-12-01;21;502
26;2025-12-01;22;203
26;2025-12-01;23;124
26;2025-12-02;0;32
26;2025-12-02;1;1
26;2025-12-02;2;0
26;2025-12-02;3;0
26;2025-12-02;4;2
26;2025-12-02;5;101
26;2025-12-02;6;500
26;2025-12-02;7;1164
26;2025-12-02;8;2357
26;2025-12-02;9;1530
26;2025-12-02;10;1335
26;2025-12-02;11;1216
26;2025-12-02;12;1247
26;2025-12-02;13;1270
26;2025-12-02;14;1430
26;2025-12-02;15;1490
26;2025-12-02;16;1629
26;2025-12-02;17;1864
26;2025-12-02;18;1976
26;2025-12-02;19;1327
26;2025-12-02;20;809
26;2025-12-02;21;511
26;2025-12-02;22;206
26;2025-12-02;23;126
26;2025-12-03;0;34
26;2025-12-03;1;1
26;2025-12-03;2;0
26;2025-12-03;3;0
26;2025-12-03;4;2
26;2025-12-03;5;104
26;2025-12-03;6;497
26;2025-12-03;7;1160
26;2025-12-03;8;2345
26;2025-12-03;9;1533
26;2025-12-03;10;1326
26;2025-12-03;11;1208
26;2025-12-03;12;1255
26;2025-12-03;13;1299
26;2025-12-03;14;1462
26;2025-12-03;15;1502
26;2025-12-03;16;1621
26;2025-12-03;17;1830
26;2025-12-03;18;1947
26;2025-12-03;19;1302
26;2025-12-03;20;804
26;2025-12-03;21;530
26;2025-12-03;22;217
26;2025-12-03;23;138
26;2025-12-04;0;37
26;2025-12-04;1;1
26;2025-12-04;2;0
26;2025-12-04;3;0
26;2025-12-04;4;2
26;2025-12-04;5;102
26;2025-12-04;6;502
26;2025-12-04;7;1151
26;2025-12-04;8;2337
26;2025-12-04;9;1538
26;2025-12-04;10;1319
26;2025-12-04;11;1215
26;2025-12-04;12;1250
26;2025-12-04;13;1279
26;2025-12-04;14;1444
26;2025-12-04;15;1493
26;2025-12-04;16;1632
26;2025-12-04;17;1841
26;2025-12-04;18;1967
26;2025-12-04;19;1304
26;2025-12-04;20;795
26;2025-12-04;21;523
26;2025-12-04;22;217
26;2025-12-04;23;141
26;2025-12-05;0;36
26;2025-12-05;1;1
26;2025-12-05;2;0
26;2025-12-05;3;0
26;2025-12-05;4;2
26;2025-12-05;5;99
26;2025-12-05;6;506
26;2025-12-05;7;1140
26;2025-12-05;8;2292
26;2025-12-05;9;1496
26;2025-12-05;10;1323
26;2025-12-05;11;1187
26;2025-12-05;12;1237
26;2025-12-05;13;1284
26;2025-12-05;14;1448
26;2025-12-05;15;1510
26;2025-12-05;16;1700
26;2025-12-05;17;1850
26;2025-12-05;18;1698
26;2025-12-05;19;1202
26;2025-12-05;20;762
26;2025-12-05;21;515
26;2025-12-05;22;218
26;2025-12-05;23;158
26;2025-12-06;0;51
26;2025-12-06;1;1
26;2025-12-06;2;0
26;2025-12-06;3;0
26;2025-12-06;4;1
26;2025-12-06;5;56
26;2025-12-06;6;270
26;2025-12-06;7;386
26;2025-12-06;8;668
26;2025-12-06;9;723
26;2025-12-06;10;878
26;2025-12-06;11;1050
26;2025-12-06;12;1132
26;2025-12-06;13;1141
26;2025-12-06;14;1154
26;2025-12-06;15;1052
26;2025-12-06;16;1098
26;2025-12-06;17;1019
26;2025-12-06;18;929
26;2025-12-06;19;829
26;2025-12-06;20;566
26;2025-12-06;21;380
26;2025-12-06;22;219
26;2025-12-06;23;174
26;2025-12-07;0;54
26;2025-12-07;1;3
26;2025-12-07;2;0
26;2025-12-07;3;0
26;2025-12-07;4;2
26;2025-12-07;5;25
26;2025-12-07;6;160
26;2025-12-07;7;272
26;2025-12-07;8;409
26;2025-12-07;9;553
26;2025-12-07;10;612
26;2025-12-07;11;844
26;2025-12-07;12;888
26;2025-12-07;13;937
26;2025-12-07;14;931
26;2025-12-07;15;846
26;2025-12-07;16;818
26;2025-12-07;17;832
26;2025-12-07;18;747
26;2025-12-07;19;559
26;2025-12-07;20;421
26;2025-12-07;21;298
26;2025-12-07;22;179
26;2025-12-07;23;119
26;2025-12-08;0;33
26;2025-12-08;1;1
26;2025-12-08;2;0
26;2025-12-08;3;0
26;2025-12-08;4;2
26;2025-12-08;5;101
26;2025-12-08;6;501
26;2025-12-08;7;1153
26;2025-12-08;8;2309
26;2025-12-08;9;1508
26;2025-12-08;10;1318
26;2025-12-08;11;1173
26;2025-12-08;12;1213
26;2025-12-08;13;1275
26;2025-12-08;14;1394
26;2025-12-08;15;1476
26;2025-12-08;16;1613
26;2025-12-08;17;1840
26;2025-12-08;18;1953
26;2025-12-08;19;1297
26;2025-12-08;20;790
26;2025-12-08;21;500
26;2025-12-08;22;203
26;2025-12-08;23;123
26;2025-12-09;0;32
26;2025-12-09;1;1
26;2025-12-09;2;0
26;2025-12-09;3;0
26;2025-12-09;4;2
26;2025-12-09;5;100
26;2025-12-09;6;500
26;2025-12-09;7;1154
26;2025-12-09;8;2333
26;2025-12-09;9;1521
26;2025-12-09;10;1326
26;2025-12-09;11;1207
26;2025-12-09;12;1238
26;2025-12-09;13;1263
26;2025-12-09;14;1411
26;2025-12-09;15;1477
26;2025-12-09;16;1618
26;2025-12-09;17;1850
26;2025-12-09;18;1961
26;2025-12-09;19;1321
26;2025-12-09;20;804
26;2025-12-09;21;507
26;2025-12-09;22;206
26;2025-12-09;23;125
26;2025-12-10;0;34
26;2025-12-10;1;1
26;2025-12-10;2;0
26;2025-12-10;3;0
26;2025-12-10;4;2
26;2025-12-10;5;103
26;2025-12-10;6;493
26;2025-12-10;7;1140
26;2025-12-10;8;2307
26;2025-12-10;9;1512
26;2025-12-10;10;1308
26;2025-12-10;11;1189
26;2025-12-10;12;1239
26;2025-12-10;13;1282
26;2025-12-10;14;1434
26;2025-12-10;15;1479
26;2025-12-10;16;1595
26;2025-12-10;17;1805
26;2025-12-10;18;1920
26;2025-12-10;19;1288
26;2025-12-10;20;797
26;2025-12-10;21;521
26;2025-12-10;22;214
26;2025-12-10;23;136
26;2025-12-11;0;36
26;2025-12-11;1;1
26;2025-12-11;2;0
26;2025-12-11;3;0
26;2025-12-11;4;2
26;2025-12-11;5;99
26;2025-12-11;6;493
26;2025-12-11;7;1120
26;2025-12-11;8;2267
26;2025-12-11;9;1499
26;2025-12-11;10;1283
26;2025-12-11;11;1179
26;2025-12-11;12;1216
26;2025-12-11;13;1244
26;2025-12-11;14;1399
26;2025-12-11;15;1451
26;2025-12-11;16;1589
26;2025-12-11;17;1791
26;2025-12-11;18;1911
26;2025-12-11;19;1267
26;2025-12-11;20;775
26;2025-12-11;21;507
26;2025-12-11;22;212
26;2025-12-11;23;136
26;2025-12-12;0;37
26;2025-12-12;1;1
26;2025-12-12;2;0
26;2025-12-12;3;0
26;2025-12-12;4;2
26;2025-12-12;5;96
26;2025-12-12;6;498
26;2025-12-12;7;1116
26;2025-12-12;8;2225
26;2025-12-12;9;1460
26;2025-12-12;10;1293
26;2025-12-12;11;1160
26;2025-12-12;12;1205
26;2025-12-12;13;1250
26;2025-12-12;14;1402
26;2025-12-12;15;1462
26;2025-12-12;16;1647
26;2025-12-12;17;1792
26;2025-12-12;18;1648
26;2025-12-12;19;1168
26;2025-12-12;20;741
26;2025-12-12;21;500
26;2025-12-12;22;212
26;2025-12-12;23;154
26;2025-12-13;0;51
26;2025-12-13;1;1
26;2025-12-13;2;0
26;2025-12-13;3;0
26;2025-12-13;4;1
26;2025-12-13;5;54
26;2025-12-13;6;266
26;2025-12-13;7;381
26;2025-12-13;8;660
26;2025-12-13;9;715
26;2025-12-13;10;867
26;2025-12-13;11;1036
26;2025-12-13;12;1119
26;2025-12-13;13;1124
26;2025-12-13;14;1135
26;2025-12-13;15;1038
26;2025-12-13;16;1080
26;2025-12-13;17;1006
26;2025-12-13;18;922
26;2025-12-13;19;825
26;2025-12-13;20;558
26;2025-12-13;21;374
26;2025-12-13;22;217
26;2025-12-13;23;171
26;2025-12-14;0;53
26;2025-12-14;1;3
26;2025-12-14;2;0
26;2025-12-14;3;0
26;2025-12-14;4;2
26;2025-12-14;5;25
26;2025-12-14;6;160
26;2025-12-14;7;269
26;2025-12-14;8;401
26;2025-12-14;9;547
26;2025-12-14;10;604
26;2025-12-14;11;834
26;2025-12-14;12;876
26;2025-12-14;13;923
26;2025-12-14;14;915
26;2025-12-14;15;835
26;2025-12-14;16;788
26;2025-12-14;17;823
26;2025-12-14;18;743
26;2025-12-14;19;558
26;2025-12-14;20;418
26;2025-12-14;21;293
26;2025-12-14;22;176
26;2025-12-14;23;118
26;2025-12-15;0;33
26;2025-12-15;1;1
26;2025-12-15;2;0
26;2025-12-15;3;0
26;2025-12-15;4;2
26;2025-12-15;5;100
26;2025-12-15;6;501
26;2025-12-15;7;1150
26;2025-12-15;8;2300
26;2025-12-15;9;1506
26;2025-12-15;10;1318
26;2025-12-15;11;1172
26;2025-12-15;12;1211
26;2025-12-15;13;1267
26;2025-12-15;14;1380
26;2025-12-15;15;1471
26;2025-12-15;16;1604
26;2025-12-15;17;1835
26;2025-12-15;18;1962
26;2025-12-15;19;1310
26;2025-12-15;20;794
26;2025-12-15;21;498
26;2025-12-15;22;204
26;2025-12-15;23;123
26;2025-12-16;0;33
26;2025-12-16;1;1
26;2025-12-16;2;0
26;2025-12-16;3;0
26;2025-12-16;4;2
26;2025-12-16;5;101
26;2025-12-16;6;505
26;2025-12-16;7;1158
26;2025-12-16;8;2331
26;2025-12-16;9;1526
26;2025-12-16;10;1328
26;2025-12-16;11;1210
26;2025-12-16;12;1239
26;2025-12-16;13;1261
26;2025-12-16;14;1400
26;2025-12-16;15;1471
26;2025-12-16;16;1617
26;2025-12-16;17;1853
26;2025-12-16;18;1969
26;2025-12-16;19;1330
26;2025-12-16;20;811
26;2025-12-16;21;509
26;2025-12-16;22;210
26;2025-12-16;23;128
26;2025-12-17;0;34
26;2025-12-17;1;1
26;2025-12-17;2;0
26;2025-12-17;3;0
26;2025-12-17;4;2
26;2025-12-17;5;103
26;2025-12-17;6;502
26;2025-12-17;7;1152
26;2025-12-17;8;2321
26;2025-12-17;9;1528
26;2025-12-17;10;1322
26;2025-12-17;11;1202
26;2025-12-17;12;1251
26;2025-12-17;13;1295
26;2025-12-17;14;1442
26;2025-12-17;15;1491
26;2025-12-17;16;1612
26;2025-12-17;17;1823
26;2025-12-17;18;1940
26;2025-12-17;19;1301
26;2025-12-17;20;804
26;2025-12-17;21;527
26;2025-12-17;22;217
26;2025-12-17;23;140
26;2025-12-18;0;37
26;2025-12-18;1;1
26;2025-12-18;2;0
26;2025-12-18;3;0
26;2025-12-18;4;2
26;2025-12-18;5;102
26;2025-12-18;6;504
26;2025-12-18;7;1143
26;2025-12-18;8;2309
26;2025-12-18;9;1530
26;2025-12-18;10;1309
26;2025-12-18;11;1208
26;2025-12-18;12;1244
26;2025-12-18;13;1275
26;2025-12-18;14;1422
26;2025-12-18;15;1478
26;2025-12-18;16;1620
26;2025-12-18;17;1827
26;2025-12-18;18;1956
26;2025-12-18;19;1303
26;2025-12-18;20;795
26;2025-12-18;21;518
26;2025-12-18;22;218
26;2025-12-18;23;141
26;2025-12-19;0;36
26;2025-12-19;1;1
26;2025-12-19;2;0
26;2025-12-19;3;0
26;2025-12-19;4;2
26;2025-12-19;5;99
26;2025-12-19;6;510
26;2025-12-19;7;1133
26;2025-12-19;8;2267
26;2025-12-19;9;1487
26;2025-12-19;10;1316
26;2025-12-19;11;1181
26;2025-12-19;12;1229
26;2025-12-19;13;1278
26;2025-12-19;14;1425
26;2025-12-19;15;1496
26;2025-12-19;16;1687
26;2025-12-19;17;1839
26;2025-12-19;18;1691
26;2025-12-19;19;1200
26;2025-12-19;20;759
26;2025-12-19;21;510
26;2025-12-19;22;218
26;2025-12-19;23;157
26;2025-12-20;0;51
26;2025-12-20;1;1
26;2025-12-20;2;0
26;2025-12-20;3;0
26;2025-12-20;4;1
26;2025-12-20;5;55
26;2025-12-20;6;270
26;2025-12-20;7;383
26;2025-12-20;8;664
26;2025-12-20;9;720
26;2025-12-20;10;870
26;2025-12-20;11;1046
26;2025-12-20;12;1126
26;2025-12-20;13;1134
26;2025-12-20;14;1145
26;2025-12-20;15;1047
26;2025-12-20;16;1092
26;2025-12-20;17;1014
26;2025-12-20;18;928
26;2025-12-20;19;830
26;2025-12-20;20;565
26;2025-12-20;21;380
26;2025-12-20;22;219
26;2025-12-20;23;172
26;2025-12-21;0;52
26;2025-12-21;1;4
26;2025-12-21;2;0
26;2025-12-21;3;0
26;2025-12-21;4;2
26;2025-12-21;5;25
26;2025-12-21;6;160
26;2025-12-21;7;268
26;2025-12-21;8;400
26;2025-12-21;9;545
26;2025-12-21;10;602
26;2025-12-21;11;834
26;2025-12-21;12;875
26;2025-12-21;13;923
26;2025-12-21;14;913
26;2025-12-21;15;835
26;2025-12-21;16;808
26;2025-12-21;17;822
26;2025-12-21;18;738
26;2025-12-21;19;554
26;2025-12-21;20;416
26;2025-12-21;21;296
26;2025-12-21;22;178
26;2025-12-21;23;118
26;2025-12-22;0;31
26;2025-12-22;1;2
26;2025-12-22;2;0
26;2025-12-22;3;0
26;2025-12-22;4;2
26;2025-12-22;5;99
26;2025-12-22;6;499
26;2025-12-22;7;1132
26;2025-12-22;8;2252
26;2025-12-22;9;1481
26;2025-12-22;10;1291
26;2025-12-22;11;1149
26;2025-12-22;12;1188
26;2025-12-22;13;1249
26;2025-12-22;14;1350
26;2025-12-22;15;1441
26;2025-12-22;16;1578
26;2025-12-22;17;1802
26;2025-12-22;18;1915
26;2025-12-22;19;1274
26;2025-12-22;20;776
26;2025-12-22;21;490
26;2025-12-22;22;200
26;2025-12-22;23;119
26;2025-12-23;0;34
26;2025-12-23;1;1
26;2025-12-23;2;0
26;2025-12-23;3;0
26;2025-12-23;4;2
26;2025-12-23;5;100
26;2025-12-23;6;508
26;2025-12-23;7;1155
26;2025-12-23;8;2320
26;2025-12-23;9;1524
26;2025-12-23;10;1326
26;2025-12-23;11;1206
26;2025-12-23;12;1234
26;2025-12-23;13;1255
26;2025-12-23;14;1389
26;2025-12-23;15;1466
26;2025-12-23;16;1612
26;2025-12-23;17;1849
26;2025-12-23;18;1977
26;2025-12-23;19;1337
26;2025-12-23;20;810
26;2025-12-23;21;503
26;2025-12-23;22;209
26;2025-12-23;23;126
26;2025-12-24;0;36
26;2025-12-24;1;1
26;2025-12-24;2;0
26;2025-12-24;3;0
26;2025-12-24;4;2
26;2025-12-24;5;104
26;2025-12-24;6;503
26;2025-12-24;7;1149
26;2025-12-24;8;2312
26;2025-12-24;9;1530
26;2025-12-24;10;1323
26;2025-12-24;11;1201
26;2025-12-24;12;1247
26;2025-12-24;13;1285
26;2025-12-24;14;1422
26;2025-12-24;15;1479
26;2025-12-24;16;1601
26;2025-12-24;17;1815
26;2025-12-24;18;1950
26;2025-12-24;19;1318
26;2025-12-24;20;820
26;2025-12-24;21;528
26;2025-12-24;22;222
26;2025-12-24;23;142
26;2025-12-25;0;37
26;2025-12-25;1;3
26;2025-12-25;2;0
26;2025-12-25;3;0
26;2025-12-25;4;2
26;2025-12-25;5;101
26;2025-12-25;6;500
26;2025-12-25;7;1123
26;2025-12-25;8;2264
26;2025-12-25;9;1505
26;2025-12-25;10;1291
26;2025-12-25;11;1189
26;2025-12-25;12;1222
26;2025-12-25;13;1251
26;2025-12-25;14;1388
26;2025-12-25;15;1449
26;2025-12-25;16;1591
26;2025-12-25;17;1793
26;2025-12-25;18;1920
26;2025-12-25;19;1278
26;2025-12-25;20;778
26;2025-12-25;21;505
26;2025-12-25;22;215
26;2025-12-25;23;134
26;2025-12-26;0;34
26;2025-12-26;1;1
26;2025-12-26;2;0
26;2025-12-26;3;0
26;2025-12-26;4;2
26;2025-12-26;5;96
26;2025-12-26;6;492
26;2025-12-26;7;1083
26;2025-12-26;8;2161
26;2025-12-26;9;1424
26;2025-12-26;10;1257
26;2025-12-26;11;1125
26;2025-12-26;12;1171
26;2025-12-26;13;1215
26;2025-12-26;14;1352
26;2025-12-26;15;1424
26;2025-12-26;16;1610
26;2025-12-26;17;1753
26;2025-12-26;18;1614
26;2025-12-26;19;1147
26;2025-12-26;20;728
26;2025-12-26;21;485
26;2025-12-26;22;210
26;2025-12-26;23;152
26;2025-12-27;0;49
26;2025-12-27;1;1
26;2025-12-27;2;0
26;2025-12-27;3;0
26;2025-12-27;4;2
26;2025-12-27;5;55
26;2025-12-27;6;268
26;2025-12-27;7;379
26;2025-12-27;8;654
26;2025-12-27;9;710
26;2025-12-27;10;856
26;2025-12-27;11;1030
26;2025-12-27;12;1111
26;2025-12-27;13;1117
26;2025-12-27;14;1125
26;2025-12-27;15;1031
26;2025-12-27;16;1075
26;2025-12-27;17;999
26;2025-12-27;18;915
26;2025-12-27;19;819
26;2025-12-27;20;558
26;2025-12-27;21;373
26;2025-12-27;22;219
26;2025-12-27;23;167
26;2025-12-28;0;51
26;2025-12-28;1;4
26;2025-12-28;2;0
26;2025-12-28;3;0
26;2025-12-28;4;2
26;2025-12-28;5;25
26;2025-12-28;6;158
26;2025-12-28;7;263
26;2025-12-28;8;393
26;2025-12-28;9;535
26;2025-12-28;10;590
26;2025-12-28;11;816
26;2025-12-28;12;857
26;2025-12-28;13;903
26;2025-12-28;14;892
26;2025-12-28;15;818
26;2025-12-28;16;792
26;2025-12-28;17;806
26;2025-12-28;18;730
26;2025-12-28;19;550
26;2025-12-28;20;412
26;2025-12-28;21;289
26;2025-12-28;22;176
26;2025-12-28;23;116
26;2025-12-29;0;28
26;2025-12-29;1;1
26;2025-12-29;2;0
26;2025-12-29;3;0
26;2025-12-29;4;2
26;2025-12-29;5;86
26;2025-12-29;6;441
26;2025-12-29;7;998
26;2025-12-29;8;1980
26;2025-12-29;9;1306
26;2025-12-29;10;1140
26;2025-12-29;11;1014
26;2025-12-29;12;1049
26;2025-12-29;13;1100
26;2025-12-29;14;1184
26;2025-12-29;15;1269
26;2025-12-29;16;1389
26;2025-12-29;17;1588
26;2025-12-29;18;1690
26;2025-12-29;19;1128
26;2025-12-29;20;684
26;2025-12-29;21;428
26;2025-12-29;22;176
26;2025-12-29;23;106
26;2025-12-30;0;28
26;2025-12-30;1;1
26;2025-12-30;2;0
26;2025-12-30;3;0
26;2025-12-30;4;2
26;2025-12-30;5;86
26;2025-12-30;6;440
26;2025-12-30;7;998
26;2025-12-30;8;1991
26;2025-12-30;9;1316
26;2025-12-30;10;1146
26;2025-12-30;11;1041
26;2025-12-30;12;1067
26;2025-12-30;13;1087
26;2025-12-30;14;1198
26;2025-12-30;15;1266
26;2025-12-30;16;1388
26;2025-12-30;17;1588
26;2025-12-30;18;1670
26;2025-12-30;19;1140
26;2025-12-30;20;697
26;2025-12-30;21;433
26;2025-12-30;22;181
26;2025-12-30;23;109
26;2025-12-31;0;44
26;2025-12-31;1;3
26;2025-12-31;2;0
26;2025-12-31;3;0
26;2025-12-31;4;1
26;2025-12-31;5;23
26;2025-12-31;6;136
26;2025-12-31;7;228
26;2025-12-31;8;336
26;2025-12-31;9;462
26;2025-12-31;10;504
26;2025-12-31;11;696
26;2025-12-31;12;733
26;2025-12-31;13;773
26;2025-12-31;14;769
26;2025-12-31;15;698
26;2025-12-31;16;665
26;2025-12-31;17;679
26;2025-12-31;18;629
26;2025-12-31;19;475
26;2025-12-31;20;0
26;2025-12-31;21;0
26;2025-12-31;22;0
26;2025-12-31;23;0
28;2025-11-01;0;0
28;2025-11-01;1;0
28;2025-11-01;2;0
28;2025-11-01;3;0
28;2025-11-01;4;1
28;2025-11-01;5;65
28;2025-11-01;6;222
28;2025-11-01;7;690
28;2025-11-01;8;1083
28;2025-11-01;9;713
28;2025-11-01;10;549
28;2025-11-01;11;495
28;2025-11-01;12;630
28;2025-11-01;13;627
28;2025-11-01;14;599
28;2025-11-01;15;617
28;2025-11-01;16;772
28;2025-11-01;17;891
28;2025-11-01;18;839
28;2025-11-01;19;613
28;2025-11-01;20;423
28;2025-11-01;21;270
28;2025-11-01;22;99
28;2025-11-01;23;9
28;2025-11-02;0;0
28;2025-11-02;1;0
28;2025-11-02;2;0
28;2025-11-02;3;0
28;2025-11-02;4;0
28;2025-11-02;5;29
28;2025-11-02;6;76
28;2025-11-02;7;164
28;2025-11-02;8;273
28;2025-11-02;9;339
28;2025-11-02;10;397
28;2025-11-02;11;444
28;2025-11-02;12;468
28;2025-11-02;13;533
28;2025-11-02;14;535
28;2025-11-02;15;525
28;2025-11-02;16;491
28;2025-11-02;17;507
28;2025-11-02;18;447
28;2025-11-02;19;375
28;2025-11-02;20;289
28;2025-11-02;21;241
28;2025-11-02;22;106
28;2025-11-02;23;10
28;2025-11-03;0;0
28;2025-11-03;1;0
28;2025-11-03;2;0
28;2025-11-03;3;0
28;2025-11-03;4;0
28;2025-11-03;5;29
28;2025-11-03;6;75
28;2025-11-03;7;160
28;2025-11-03;8;264
28;2025-11-03;9;327
28;2025-11-03;10;378
28;2025-11-03;11;418
28;2025-11-03;12;439
28;2025-11-03;13;504
28;2025-11-03;14;499
28;2025-11-03;15;490
28;2025-11-03;16;459
28;2025-11-03;17;480
28;2025-11-03;18;427
28;2025-11-03;19;361
28;2025-11-03;20;279
28;2025-11-03;21;232
28;2025-11-03;22;99
28;2025-11-03;23;11
28;2025-11-04;0;0
28;2025-11-04;1;0
28;2025-11-04;2;0
28;2025-11-04;3;0
28;2025-11-04;4;0
28;2025-11-04;5;28
28;2025-11-04;6;71
28;2025-11-04;7;159
28;2025-11-04;8;254
28;2025-11-04;9;315
28;2025-11-04;10;370
28;2025-11-04;11;410
28;2025-11-04;12;427
28;2025-11-04;13;497
28;2025-11-04;14;495
28;2025-11-04;15;487
28;2025-11-04;16;441
28;2025-11-04;17;470
28;2025-11-04;18;418
28;2025-11-04;19;355
28;2025-11-04;20;273
28;2025-11-04;21;227
28;2025-11-04;22;100
28;2025-11-04;23;10
28;2025-11-05;0;0
28;2025-11-05;1;0
28;2025-11-05;2;0
28;2025-11-05;3;0
28;2025-11-05;4;1
28;2025-11-05;5;77
28;2025-11-05;6;259
28;2025-11-05;7;789
28;2025-11-05;8;1257
28;2025-11-05;9;825
28;2025-11-05;10;628
28;2025-11-05;11;573
28;2025-11-05;12;730
28;2025-11-05;13;724
28;2025-11-05;14;681
28;2025-11-05;15;703
28;2025-11-05;16;902
28;2025-11-05;17;1041
28;2025-11-05;18;1001
28;2025-11-05;19;728
28;2025-11-05;20;500
28;2025-11-05;21;318
28;2025-11-05;22;119
28;2025-11-05;23;12
28;2025-11-06;0;0
28;2025-11-06;1;0
28;2025-11-06;2;0
28;2025-11-06;3;0
28;2025-11-06;4;1
28;2025-11-06;5;77
28;2025-11-06;6;264
28;2025-11-06;7;809
28;2025-11-06;8;1272
28;2025-11-06;9;836
28;2025-11-06;10;637
28;2025-11-06;11;571
28;2025-11-06;12;728
28;2025-11-06;13;719
28;2025-11-06;14;686
28;2025-11-06;15;711
28;2025-11-06;16;897
28;2025-11-06;17;1055
28;2025-11-06;18;1016
28;2025-11-06;19;728
28;2025-11-06;20;504
28;2025-11-06;21;325
28;2025-11-06;22;120
28;2025-11-06;23;11
28;2025-11-07;0;0
28;2025-11-07;1;0
28;2025-11-07;2;0
28;2025-11-07;3;0
28;2025-11-07;4;1
28;2025-11-07;5;78
28;2025-11-07;6;261
28;2025-11-07;7;795
28;2025-11-07;8;1252
28;2025-11-07;9;817
28;2025-11-07;10;630
28;2025-11-07;11;573
28;2025-11-07;12;734
28;2025-11-07;13;720
28;2025-11-07;14;700
28;2025-11-07;15;727
28;2025-11-07;16;912
28;2025-11-07;17;1014
28;2025-11-07;18;918
28;2025-11-07;19;682
28;2025-11-07;20;477
28;2025-11-07;21;328
28;2025-11-07;22;120
28;2025-11-07;23;15
28;2025-11-08;0;2
28;2025-11-08;1;0
28;2025-11-08;2;0
28;2025-11-08;3;0
28;2025-11-08;4;1
28;2025-11-08;5;38
28;2025-11-08;6;104
28;2025-11-08;7;240
28;2025-11-08;8;421
28;2025-11-08;9;480
28;2025-11-08;10;508
28;2025-11-08;11;513
28;2025-11-08;12;608
28;2025-11-08;13;612
28;2025-11-08;14;573
28;2025-11-08;15;613
28;2025-11-08;16;585
28;2025-11-08;17;587
28;2025-11-08;18;513
28;2025-11-08;19;406
28;2025-11-08;20;304
28;2025-11-08;21;266
28;2025-11-08;22;122
28;2025-11-08;23;17
28;2025-11-09;0;0
28;2025-11-09;1;0
28;2025-11-09;2;0
28;2025-11-09;3;0
28;2025-11-09;4;0
28;2025-11-09;5;30
28;2025-11-09;6;75
28;2025-11-09;7;164
28;2025-11-09;8;270
28;2025-11-09;9;338
28;2025-11-09;10;393
28;2025-11-09;11;441
28;2025-11-09;12;463
28;2025-11-09;13;533
28;2025-11-09;14;531
28;2025-11-09;15;524
28;2025-11-09;16;486
28;2025-11-09;17;503
28;2025-11-09;18;442
28;2025-11-09;19;375
28;2025-11-09;20;289
28;2025-11-09;21;242
28;2025-11-09;22;107
28;2025-11-09;23;10
28;2025-11-10;0;0
28;2025-11-10;1;0
28;2025-11-10;2;0
28;2025-11-10;3;0
28;2025-11-10;4;1
28;2025-11-10;5;77
28;2025-11-10;6;262
28;2025-11-10;7;808
28;2025-11-10;8;1288
28;2025-11-10;9;843
28;2025-11-10;10;642
28;2025-11-10;11;570
28;2025-11-10;12;731
28;2025-11-10;13;714
28;2025-11-10;14;681
28;2025-11-10;15;693
28;2025-11-10;16;900
28;2025-11-10;17;1053
28;2025-11-10;18;999
28;2025-11-10;19;726
28;2025-11-10;20;492
28;2025-11-10;21;315
28;2025-11-10;22;110
28;2025-11-10;23;9
28;2025-11-11;0;0
28;2025-11-11;1;0
28;2025-11-11;2;0
28;2025-11-11;3;0
28;2025-11-11;4;1
28;2025-11-11;5;76
28;2025-11-11;6;261
28;2025-11-11;7;822
28;2025-11-11;8;1302
28;2025-11-11;9;846
28;2025-11-11;10;660
28;2025-11-11;11;588
28;2025-11-11;12;740
28;2025-11-11;13;731
28;2025-11-11;14;701
28;2025-11-11;15;715
28;2025-11-11;16;895
28;2025-11-11;17;1066
28;2025-11-11;18;1015
28;2025-11-11;19;735
28;2025-11-11;20;501
28;2025-11-11;21;325
28;2025-11-11;22;120
28;2025-11-11;23;12
28;2025-11-12;0;0
28;2025-11-12;1;0
28;2025-11-12;2;0
28;2025-11-12;3;0
28;2025-11-12;4;1
28;2025-11-12;5;78
28;2025-11-12;6;262
28;2025-11-12;7;798
28;2025-11-12;8;1274
28;2025-11-12;9;837
28;2025-11-12;10;639
28;2025-11-12;11;581
28;2025-11-12;12;739
28;2025-11-12;13;733
28;2025-11-12;14;689
28;2025-11-12;15;710
28;2025-11-12;16;914
28;2025-11-12;17;1054
28;2025-11-12;18;1010
28;2025-11-12;19;735
28;2025-11-12;20;503
28;2025-11-12;21;323
28;2025-11-12;22;121
28;2025-11-12;23;14
28;2025-11-13;0;0
28;2025-11-13;1;0
28;2025-11-13;2;0
28;2025-11-13;3;0
28;2025-11-13;4;1
28;2025-11-13;5;79
28;2025-11-13;6;268
28;2025-11-13;7;819
28;2025-11-13;8;1290
28;2025-11-13;9;852
28;2025-11-13;10;651
28;2025-11-13;11;581
28;2025-11-13;12;740
28;2025-11-13;13;733
28;2025-11-13;14;699
28;2025-11-13;15;723
28;2025-11-13;16;912
28;2025-11-13;17;1073
28;2025-11-13;18;1031
28;2025-11-13;19;738
28;2025-11-13;20;512
28;2025-11-13;21;331
28;2025-11-13;22;123
28;2025-11-13;23;13
28;2025-11-14;0;0
28;2025-11-14;1;0
28;2025-11-14;2;0
28;2025-11-14;3;0
28;2025-11-14;4;1
28;2025-11-14;5;78
28;2025-11-14;6;262
28;2025-11-14;7;803
28;2025-11-14;8;1268
28;2025-11-14;9;830
28;2025-11-14;10;642
28;2025-11-14;11;580
28;2025-11-14;12;743
28;2025-11-14;13;729
28;2025-11-14;14;706
28;2025-11-14;15;735
28;2025-11-14;16;925
28;2025-11-14;17;1026
28;2025-11-14;18;925
28;2025-11-14;19;689
28;2025-11-14;20;481
28;2025-11-14;21;330
28;2025-11-14;22;121
28;2025-11-14;23;13
28;2025-11-15;0;4
28;2025-11-15;1;0
28;2025-11-15;2;0
28;2025-11-15;3;0
28;2025-11-15;4;1
28;2025-11-15;5;34
28;2025-11-15;6;100
28;2025-11-15;7;232
28;2025-11-15;8;406
28;2025-11-15;9;464
28;2025-11-15;10;490
28;2025-11-15;11;495
28;2025-11-15;12;587
28;2025-11-15;13;594
28;2025-11-15;14;552
28;2025-11-15;15;591
28;2025-11-15;16;566
28;2025-11-15;17;571
28;2025-11-15;18;497
28;2025-11-15;19;390
28;2025-11-15;20;292
28;2025-11-15;21;259
28;2025-11-15;22;118
28;2025-11-15;23;17
28;2025-11-16;0;0
28;2025-11-16;1;0
28;2025-11-16;2;0
28;2025-11-16;3;0
28;2025-11-16;4;0
28;2025-11-16;5;30
28;2025-11-16;6;75
28;2025-11-16;7;164
28;2025-11-16;8;269
28;2025-11-16;9;340
28;2025-11-16;10;397
28;2025-11-16;11;443
28;2025-11-16;12;467
28;2025-11-16;13;538
28;2025-11-16;14;534
28;2025-11-16;15;526
28;2025-11-16;16;488
28;2025-11-16;17;507
28;2025-11-16;18;447
28;2025-11-16;19;377
28;2025-11-16;20;291
28;2025-11-16;21;244
28;2025-11-16;22;108
28;2025-11-16;23;10
28;2025-11-17;0;0
28;2025-11-17;1;0
28;2025-11-17;2;0
28;2025-11-17;3;0
28;2025-11-17;4;1
28;2025-11-17;5;76
28;2025-11-17;6;259
28;2025-11-17;7;796
28;2025-11-17;8;1267
28;2025-11-17;9;834
28;2025-11-17;10;637
28;2025-11-17;11;567
28;2025-11-17;12;722
28;2025-11-17;13;704
28;2025-11-17;14;670
28;2025-11-17;15;682
28;2025-11-17;16;886
28;2025-11-17;17;1041
28;2025-11-17;18;985
28;2025-11-17;19;717
28;2025-11-17;20;485
28;2025-11-17;21;313
28;2025-11-17;22;110
28;2025-11-17;23;10
28;2025-11-18;0;0
28;2025-11-18;1;0
28;2025-11-18;2;0
28;2025-11-18;3;0
28;2025-11-18;4;2
28;2025-11-18;5;74
28;2025-11-18;6;255
28;2025-11-18;7;797
28;2025-11-18;8;1253
28;2025-11-18;9;821
28;2025-11-18;10;641
28;2025-11-18;11;571
28;2025-11-18;12;713
28;2025-11-18;13;703
28;2025-11-18;14;675
28;2025-11-18;15;688
28;2025-11-18;16;863
28;2025-11-18;17;1032
28;2025-11-18;18;981
28;2025-11-18;19;712
28;2025-11-18;20;486
28;2025-11-18;21;317
28;2025-11-18;22;118
28;2025-11-18;23;11
28;2025-11-19;0;0
28;2025-11-19;1;0
28;2025-11-19;2;0
28;2025-11-19;3;0
28;2025-11-19;4;1
28;2025-11-19;5;78
28;2025-11-19;6;264
28;2025-11-19;7;804
28;2025-11-19;8;1283
28;2025-11-19;9;848
28;2025-11-19;10;648
28;2025-11-19;11;587
28;2025-11-19;12;749
28;2025-11-19;13;744
28;2025-11-19;14;697
28;2025-11-19;15;717
28;2025-11-19;16;921
28;2025-11-19;17;1066
28;2025-11-19;18;1019
28;2025-11-19;19;744
28;2025-11-19;20;507
28;2025-11-19;21;326
28;2025-11-19;22;122
28;2025-11-19;23;13
28;2025-11-20;0;0
28;2025-11-20;1;0
28;2025-11-20;2;0
28;2025-11-20;3;0
28;2025-11-20;4;1
28;2025-11-20;5;79
28;2025-11-20;6;266
28;2025-11-20;7;824
28;2025-11-20;8;1296
28;2025-11-20;9;859
28;2025-11-20;10;656
28;2025-11-20;11;587
28;2025-11-20;12;745
28;2025-11-20;13;738
28;2025-11-20;14;702
28;2025-11-20;15;726
28;2025-11-20;16;916
28;2025-11-20;17;1080
28;2025-11-20;18;1035
28;2025-11-20;19;743
28;2025-11-20;20;513
28;2025-11-20;21;331
28;2025-11-20;22;123
28;2025-11-20;23;13
28;2025-11-21;0;0
28;2025-11-21;1;0
28;2025-11-21;2;0
28;2025-11-21;3;0
28;2025-11-21;4;1
28;2025-11-21;5;79
28;2025-11-21;6;262
28;2025-11-21;7;804
28;2025-11-21;8;1272
28;2025-11-21;9;835
28;2025-11-21;10;648
28;2025-11-21;11;583
28;2025-11-21;12;746
28;2025-11-21;13;733
28;2025-11-21;14;710
28;2025-11-21;15;737
28;2025-11-21;16;926
28;2025-11-21;17;1032
28;2025-11-21;18;928
28;2025-11-21;19;691
28;2025-11-21;20;480
28;2025-11-21;21;332
28;2025-11-21;22;122
28;2025-11-21;23;15
28;2025-11-22;0;2
28;2025-11-22;1;0
28;2025-11-22;2;0
28;2025-11-22;3;0
28;2025-11-22;4;1
28;2025-11-22;5;36
28;2025-11-22;6;101
28;2025-11-22;7;234
28;2025-11-22;8;411
28;2025-11-22;9;474
28;2025-11-22;10;500
28;2025-11-22;11;504
28;2025-11-22;12;599
28;2025-11-22;13;605
28;2025-11-22;14;564
28;2025-11-22;15;601
28;2025-11-22;16;578
28;2025-11-22;17;582
28;2025-11-22;18;507
28;2025-11-22;19;398
28;2025-11-22;20;299
28;2025-11-22;21;265
28;2025-11-22;22;119
28;2025-11-22;23;17
28;2025-11-23;0;0
28;2025-11-23;1;0
28;2025-11-23;2;0
28;2025-11-23;3;0
28;2025-11-23;4;0
28;2025-11-23;5;29
28;2025-11-23;6;73
28;2025-11-23;7;162
28;2025-11-23;8;268
28;2025-11-23;9;338
28;2025-11-23;10;395
28;2025-11-23;11;442
28;2025-11-23;12;465
28;2025-11-23;13;538
28;2025-11-23;14;532
28;2025-11-23;15;524
28;2025-11-23;16;486
28;2025-11-23;17;506
28;2025-11-23;18;445
28;2025-11-23;19;374
28;2025-11-23;20;289
28;2025-11-23;21;245
28;2025-11-23;22;107
28;2025-11-23;23;10
28;2025-11-24;0;0
28;2025-11-24;1;0
28;2025-11-24;2;0
28;2025-11-24;3;0
28;2025-11-24;4;1
28;2025-11-24;5;74
28;2025-11-24;6;254
28;2025-11-24;7;781
28;2025-11-24;8;1242
28;2025-11-24;9;821
28;2025-11-24;10;626
28;2025-11-24;11;555
28;2025-11-24;12;707
28;2025-11-24;13;690
28;2025-11-24;14;658
28;2025-11-24;15;668
28;2025-11-24;16;869
28;2025-11-24;17;1021
28;2025-11-24;18;968
28;2025-11-24;19;704
28;2025-11-24;20;477
28;2025-11-24;21;307
28;2025-11-24;22;107
28;2025-11-24;23;11
28;2025-11-25;0;0
28;2025-11-25;1;0
28;2025-11-25;2;0
28;2025-11-25;3;0
28;2025-11-25;4;1
28;2025-11-25;5;76
28;2025-11-25;6;259
28;2025-11-25;7;822
28;2025-11-25;8;1300
28;2025-11-25;9;853
28;2025-11-25;10;664
28;2025-11-25;11;588
28;2025-11-25;12;741
28;2025-11-25;13;733
28;2025-11-25;14;702
28;2025-11-25;15;715
28;2025-11-25;16;894
28;2025-11-25;17;1069
28;2025-11-25;18;1015
28;2025-11-25;19;737
28;2025-11-25;20;501
28;2025-11-25;21;327
28;2025-11-25;22;122
28;2025-11-25;23;14
28;2025-11-26;0;0
28;2025-11-26;1;0
28;2025-11-26;2;0
28;2025-11-26;3;0
28;2025-11-26;4;1
28;2025-11-26;5;76
28;2025-11-26;6;258
28;2025-11-26;7;787
28;2025-11-26;8;1257
28;2025-11-26;9;834
28;2025-11-26;10;635
28;2025-11-26;11;573
28;2025-11-26;12;732
28;2025-11-26;13;724
28;2025-11-26;14;681
28;2025-11-26;15;701
28;2025-11-26;16;899
28;2025-11-26;17;1042
28;2025-11-26;18;995
28;2025-11-26;19;726
28;2025-11-26;20;495
28;2025-11-26;21;319
28;2025-11-26;22;120
28;2025-11-26;23;13
28;2025-11-27;0;0
28;2025-11-27;1;0
28;2025-11-27;2;0
28;2025-11-27;3;0
28;2025-11-27;4;1
28;2025-11-27;5;78
28;2025-11-27;6;263
28;2025-11-27;7;809
28;2025-11-27;8;1270
28;2025-11-27;9;846
28;2025-11-27;10;646
28;2025-11-27;11;575
28;2025-11-27;12;729
28;2025-11-27;13;721
28;2025-11-27;14;684
28;2025-11-27;15;709
28;2025-11-27;16;894
28;2025-11-27;17;1057
28;2025-11-27;18;1015
28;2025-11-27;19;725
28;2025-11-27;20;504
28;2025-11-27;21;325
28;2025-11-27;22;122
28;2025-11-27;23;12
28;2025-11-28;0;0
28;2025-11-28;1;0
28;2025-11-28;2;0
28;2025-11-28;3;0
28;2025-11-28;4;2
28;2025-11-28;5;78
28;2025-11-28;6;261
28;2025-11-28;7;794
28;2025-11-28;8;1253
28;2025-11-28;9;827
28;2025-11-28;10;638
28;2025-11-28;11;578
28;2025-11-28;12;735
28;2025-11-28;13;719
28;2025-11-28;14;698
28;2025-11-28;15;727
28;2025-11-28;16;911
28;2025-11-28;17;1019
28;2025-11-28;18;916
28;2025-11-28;19;683
28;2025-11-28;20;476
28;2025-11-28;21;328
28;2025-11-28;22;122
28;2025-11-28;23;16
28;2025-11-29;0;4
28;2025-11-29;1;0
28;2025-11-29;2;0
28;2025-11-29;3;0
28;2025-11-29;4;1
28;2025-11-29;5;37
28;2025-11-29;6;103
28;2025-11-29;7;238
28;2025-11-29;8;422
28;2025-11-29;9;487
28;2025-11-29;10;514
28;2025-11-29;11;518
28;2025-11-29;12;614
28;2025-11-29;13;622
28;2025-11-29;14;578
28;2025-11-29;15;615
28;2025-11-29;16;592
28;2025-11-29;17;595
28;2025-11-29;18;518
28;2025-11-29;19;406
28;2025-11-29;20;305
28;2025-11-29;21;272
28;2025-11-29;22;122
28;2025-11-29;23;19
28;2025-11-30;0;0
28;2025-11-30;1;0
28;2025-11-30;2;0
28;2025-11-30;3;0
28;2025-11-30;4;0
28;2025-11-30;5;27
28;2025-11-30;6;73
28;2025-11-30;7;162
28;2025-11-30;8;266
28;2025-11-30;9;339
28;2025-11-30;10;395
28;2025-11-30;11;441
28;2025-11-30;12;462
28;2025-11-30;13;537
28;2025-11-30;14;531
28;2025-11-30;15;523
28;2025-11-30;16;487
28;2025-11-30;17;505
28;2025-11-30;18;443
28;2025-11-30;19;374
28;2025-11-30;20;290
28;2025-11-30;21;243
28;2025-11-30;22;107
28;2025-11-30;23;11
28;2025-12-01;0;0
28;2025-12-01;1;0
28;2025-12-01;2;0
28;2025-12-01;3;0
28;2025-12-01;4;2
28;2025-12-01;5;80
28;2025-12-01;6;267
28;2025-12-01;7;823
28;2025-12-01;8;1313
28;2025-12-01;9;872
28;2025-12-01;10;663
28;2025-12-01;11;588
28;2025-12-01;12;746
28;2025-12-01;13;732
28;2025-12-01;14;697
28;2025-12-01;15;708
28;2025-12-01;16;919
28;2025-12-01;17;1081
28;2025-12-01;18;1019
28;2025-12-01;19;741
28;2025-12-01;20;503
28;2025-12-01;21;323
28;2025-12-01;22;113
28;2025-12-01;23;12
28;2025-12-02;0;0
28;2025-12-02;1;0
28;2025-12-02;2;0
28;2025-12-02;3;0
28;2025-12-02;4;1
28;2025-12-02;5;77
28;2025-12-02;6;266
28;2025-12-02;7;839
28;2025-12-02;8;1328
28;2025-12-02;9;875
28;2025-12-02;10;681
28;2025-12-02;11;604
28;2025-12-02;12;756
28;2025-12-02;13;749
28;2025-12-02;14;716
28;2025-12-02;15;732
28;2025-12-02;16;910
28;2025-12-02;17;1092
28;2025-12-02;18;1034
28;2025-12-02;19;751
28;2025-12-02;20;513
28;2025-12-02;21;335
28;2025-12-02;22;127
28;2025-12-02;23;14
28;2025-12-03;0;0
28;2025-12-03;1;0
28;2025-12-03;2;0
28;2025-12-03;3;0
28;2025-12-03;4;1
28;2025-12-03;5;82
28;2025-12-03;6;270
28;2025-12-03;7;821
28;2025-12-03;8;1311
28;2025-12-03;9;875
28;2025-12-03;10;666
28;2025-12-03;11;603
28;2025-12-03;12;765
28;2025-12-03;13;761
28;2025-12-03;14;712
28;2025-12-03;15;733
28;2025-12-03;16;940
28;2025-12-03;17;1092
28;2025-12-03;18;1040
28;2025-12-03;19;758
28;2025-12-03;20;520
28;2025-12-03;21;334
28;2025-12-03;22;126
28;2025-12-03;23;15
28;2025-12-04;0;0
28;2025-12-04;1;0
28;2025-12-04;2;0
28;2025-12-04;3;0
28;2025-12-04;4;1
28;2025-12-04;5;81
28;2025-12-04;6;273
28;2025-12-04;7;841
28;2025-12-04;8;1324
28;2025-12-04;9;883
28;2025-12-04;10;672
28;2025-12-04;11;599
28;2025-12-04;12;759
28;2025-12-04;13;754
28;2025-12-04;14;715
28;2025-12-04;15;741
28;2025-12-04;16;932
28;2025-12-04;17;1103
28;2025-12-04;18;1056
28;2025-12-04;19;738
28;2025-12-04;20;527
28;2025-12-04;21;341
28;2025-12-04;22;128
28;2025-12-04;23;13
28;2025-12-05;0;0
28;2025-12-05;1;0
28;2025-12-05;2;0
28;2025-12-05;3;0
28;2025-12-05;4;1
28;2025-12-05;5;80
28;2025-12-05;6;270
28;2025-12-05;7;825
28;2025-12-05;8;1301
28;2025-12-05;9;863
28;2025-12-05;10;666
28;2025-12-05;11;602
28;2025-12-05;12;762
28;2025-12-05;13;752
28;2025-12-05;14;726
28;2025-12-05;15;756
28;2025-12-05;16;946
28;2025-12-05;17;1057
28;2025-12-05;18;945
28;2025-12-05;19;706
28;2025-12-05;20;494
28;2025-12-05;21;341
28;2025-12-05;22;126
28;2025-12-05;23;17
28;2025-12-06;0;5
28;2025-12-06;1;0
28;2025-12-06;2;0
28;2025-12-06;3;0
28;2025-12-06;4;1
28;2025-12-06;5;38
28;2025-12-06;6;104
28;2025-12-06;7;238
28;2025-12-06;8;422
28;2025-12-06;9;487
28;2025-12-06;10;512
28;2025-12-06;11;518
28;2025-12-06;12;613
28;2025-12-06;13;623
28;2025-12-06;14;578
28;2025-12-06;15;614
28;2025-12-06;16;593
28;2025-12-06;17;598
28;2025-12-06;18;518
28;2025-12-06;19;408
28;2025-12-06;20;309
28;2025-12-06;21;272
28;2025-12-06;22;123
28;2025-12-06;23;18
28;2025-12-07;0;0
28;2025-12-07;1;0
28;2025-12-07;2;0
28;2025-12-07;3;0
28;2025-12-07;4;0
28;2025-12-07;5;29
28;2025-12-07;6;74
28;2025-12-07;7;162
28;2025-12-07;8;269
28;2025-12-07;9;344
28;2025-12-07;10;399
28;2025-12-07;11;445
28;2025-12-07;12;469
28;2025-12-07;13;544
28;2025-12-07;14;536
28;2025-12-07;15;527
28;2025-12-07;16;492
28;2025-12-07;17;513
28;2025-12-07;18;451
28;2025-12-07;19;379
28;2025-12-07;20;294
28;2025-12-07;21;247
28;2025-12-07;22;109
28;2025-12-07;23;11
28;2025-12-08;0;0
28;2025-12-08;1;0
28;2025-12-08;2;0
28;2025-12-08;3;0
28;2025-12-08;4;1
28;2025-12-08;5;80
28;2025-12-08;6;268
28;2025-12-08;7;823
28;2025-12-08;8;1310
28;2025-12-08;9;874
28;2025-12-08;10;665
28;2025-12-08;11;589
28;2025-12-08;12;744
28;2025-12-08;13;732
28;2025-12-08;14;696
28;2025-12-08;15;708
28;2025-12-08;16;915
28;2025-12-08;17;1080
28;2025-12-08;18;1018
28;2025-12-08;19;743
28;2025-12-08;20;503
28;2025-12-08;21;324
28;2025-12-08;22;115
28;2025-12-08;23;12
28;2025-12-09;0;0
28;2025-12-09;1;0
28;2025-12-09;2;0
28;2025-12-09;3;0
28;2025-12-09;4;1
28;2025-12-09;5;78
28;2025-12-09;6;265
28;2025-12-09;7;835
28;2025-12-09;8;1318
28;2025-12-09;9;873
28;2025-12-09;10;680
28;2025-12-09;11;600
28;2025-12-09;12;750
28;2025-12-09;13;746
28;2025-12-09;14;713
28;2025-12-09;15;727
28;2025-12-09;16;905
28;2025-12-09;17;1085
28;2025-12-09;18;1027
28;2025-12-09;19;748
28;2025-12-09;20;511
28;2025-12-09;21;334
28;2025-12-09;22;127
28;2025-12-09;23;15
28;2025-12-10;0;0
28;2025-12-10;1;0
28;2025-12-10;2;0
28;2025-12-10;3;0
28;2025-12-10;4;1
28;2025-12-10;5;79
28;2025-12-10;6;267
28;2025-12-10;7;812
28;2025-12-10;8;1293
28;2025-12-10;9;868
28;2025-12-10;10;661
28;2025-12-10;11;597
28;2025-12-10;12;756
28;2025-12-10;13;754
28;2025-12-10;14;704
28;2025-12-10;15;723
28;2025-12-10;16;928
28;2025-12-10;17;1076
28;2025-12-10;18;1027
28;2025-12-10;19;751
28;2025-12-10;20;515
28;2025-12-10;21;332
28;2025-12-10;22;128
28;2025-12-10;23;15
28;2025-12-11;0;0
28;2025-12-11;1;0
28;2025-12-11;2;0
28;2025-12-11;3;0
28;2025-12-11;4;1
28;2025-12-11;5;80
28;2025-12-11;6;268
28;2025-12-11;7;823
28;2025-12-11;8;1290
28;2025-12-11;9;867
28;2025-12-11;10;660
28;2025-12-11;11;588
28;2025-12-11;12;740
28;2025-12-11;13;736
28;2025-12-11;14;699
28;2025-12-11;15;726
28;2025-12-11;16;909
28;2025-12-11;17;1079
28;2025-12-11;18;1032
28;2025-12-11;19;740
28;2025-12-11;20;517
28;2025-12-11;21;333
28;2025-12-11;22;128
28;2025-12-11;23;12
28;2025-12-12;0;0
28;2025-12-12;1;0
28;2025-12-12;2;0
28;2025-12-12;3;0
28;2025-12-12;4;2
28;2025-12-12;5;81
28;2025-12-12;6;267
28;2025-12-12;7;807
28;2025-12-12;8;1268
28;2025-12-12;9;848
28;2025-12-12;10;657
28;2025-12-12;11;591
28;2025-12-12;12;744
28;2025-12-12;13;733
28;2025-12-12;14;709
28;2025-12-12;15;734
28;2025-12-12;16;919
28;2025-12-12;17;1028
28;2025-12-12;18;919
28;2025-12-12;19;689
28;2025-12-12;20;483
28;2025-12-12;21;334
28;2025-12-12;22;126
28;2025-12-12;23;17
28;2025-12-13;0;3
28;2025-12-13;1;0
28;2025-12-13;2;0
28;2025-12-13;3;0
28;2025-12-13;4;1
28;2025-12-13;5;37
28;2025-12-13;6;101
28;2025-12-13;7;234
28;2025-12-13;8;414
28;2025-12-13;9;482
28;2025-12-13;10;511
28;2025-12-13;11;513
28;2025-12-13;12;610
28;2025-12-13;13;620
28;2025-12-13;14;573
28;2025-12-13;15;608
28;2025-12-13;16;589
28;2025-12-13;17;595
28;2025-12-13;18;515
28;2025-12-13;19;404
28;2025-12-13;20;303
28;2025-12-13;21;270
28;2025-12-13;22;124
28;2025-12-13;23;19
28;2025-12-14;0;0
28;2025-12-14;1;0
28;2025-12-14;2;0
28;2025-12-14;3;0
28;2025-12-14;4;0
28;2025-12-14;5;29
28;2025-12-14;6;75
28;2025-12-14;7;160
28;2025-12-14;8;264
28;2025-12-14;9;341
28;2025-12-14;10;396
28;2025-12-14;11;441
28;2025-12-14;12;465
28;2025-12-14;13;542
28;2025-12-14;14;530
28;2025-12-14;15;522
28;2025-12-14;16;489
28;2025-12-14;17;510
28;2025-12-14;18;448
28;2025-12-14;19;377
28;2025-12-14;20;291
28;2025-12-14;21;246
28;2025-12-14;22;108
28;2025-12-14;23;12
28;2025-12-15;0;0
28;2025-12-15;1;0
28;2025-12-15;2;0
28;2025-12-15;3;0
28;2025-12-15;4;1
28;2025-12-15;5;79
28;2025-12-15;6;268
28;2025-12-15;7;821
28;2025-12-15;8;1302
28;2025-12-15;9;873
28;2025-12-15;10;667
28;2025-12-15;11;587
28;2025-12-15;12;743
28;2025-12-15;13;730
28;2025-12-15;14;689
28;2025-12-15;15;705
28;2025-12-15;16;910
28;2025-12-15;17;1078
28;2025-12-15;18;1016
28;2025-12-15;19;742
28;2025-12-15;20;504
28;2025-12-15;21;325
28;2025-12-15;22;118
28;2025-12-15;23;12
28;2025-12-16;0;0
28;2025-12-16;1;0
28;2025-12-16;2;0
28;2025-12-16;3;0
28;2025-12-16;4;1
28;2025-12-16;5;78
28;2025-12-16;6;266
28;2025-12-16;7;835
28;2025-12-16;8;1315
28;2025-12-16;9;876
28;2025-12-16;10;684
28;2025-12-16;11;606
28;2025-12-16;12;748
28;2025-12-16;13;744
28;2025-12-16;14;709
28;2025-12-16;15;724
28;2025-12-16;16;904
28;2025-12-16;17;1086
28;2025-12-16;18;1028
28;2025-12-16;19;750
28;2025-12-16;20;513
28;2025-12-16;21;336
28;2025-12-16;22;128
28;2025-12-16;23;15
28;2025-12-17;0;0
28;2025-12-17;1;0
28;2025-12-17;2;0
28;2025-12-17;3;0
28;2025-12-17;4;1
28;2025-12-17;5;82
28;2025-12-17;6;271
28;2025-12-17;7;818
28;2025-12-17;8;1301
28;2025-12-17;9;875
28;2025-12-17;10;668
28;2025-12-17;11;602
28;2025-12-17;12;758
28;2025-12-17;13;758
28;2025-12-17;14;710
28;2025-12-17;15;730
28;2025-12-17;16;932
28;2025-12-17;17;1086
28;2025-12-17;18;1035
28;2025-12-17;19;757
28;2025-12-17;20;522
28;2025-12-17;21;334
28;2025-12-17;22;129
28;2025-12-17;23;15
28;2025-12-18;0;0
28;2025-12-18;1;0
28;2025-12-18;2;0
28;2025-12-18;3;0
28;2025-12-18;4;1
28;2025-12-18;5;82
28;2025-12-18;6;274
28;2025-12-18;7;835
28;2025-12-18;8;1310
28;2025-12-18;9;882
28;2025-12-18;10;671
28;2025-12-18;11;598
28;2025-12-18;12;750
28;2025-12-18;13;750
28;2025-12-18;14;710
28;2025-12-18;15;736
28;2025-12-18;16;923
28;2025-12-18;17;1098
28;2025-12-18;18;1047
28;2025-12-18;19;756
28;2025-12-18;20;526
28;2025-12-18;21;340
28;2025-12-18;22;131
28;2025-12-18;23;14
28;2025-12-19;0;0
28;2025-12-19;1;0
28;2025-12-19;2;0
28;2025-12-19;3;0
28;2025-12-19;4;1
28;2025-12-19;5;82
28;2025-12-19;6;271
28;2025-12-19;7;820
28;2025-12-19;8;1291
28;2025-12-19;9;862
28;2025-12-19;10;666
28;2025-12-19;11;599
28;2025-12-19;12;756
28;2025-12-19;13;747
28;2025-12-19;14;720
28;2025-12-19;15;753
28;2025-12-19;16;940
28;2025-12-19;17;1051
28;2025-12-19;18;940
28;2025-12-19;19;703
28;2025-12-19;20;493
28;2025-12-19;21;340
28;2025-12-19;22;130
28;2025-12-19;23;16
28;2025-12-20;0;5
28;2025-12-20;1;0
28;2025-12-20;2;0
28;2025-12-20;3;0
28;2025-12-20;4;1
28;2025-12-20;5;36
28;2025-12-20;6;103
28;2025-12-20;7;235
28;2025-12-20;8;418
28;2025-12-20;9;487
28;2025-12-20;10;512
28;2025-12-20;11;516
28;2025-12-20;12;612
28;2025-12-20;13;623
28;2025-12-20;14;575
28;2025-12-20;15;612
28;2025-12-20;16;592
28;2025-12-20;17;597
28;2025-12-20;18;518
28;2025-12-20;19;407
28;2025-12-20;20;307
28;2025-12-20;21;273
28;2025-12-20;22;123
28;2025-12-20;23;18
28;2025-12-21;0;0
28;2025-12-21;1;0
28;2025-12-21;2;0
28;2025-12-21;3;0
28;2025-12-21;4;0
28;2025-12-21;5;29
28;2025-12-21;6;74
28;2025-12-21;7;159
28;2025-12-21;8;262
28;2025-12-21;9;340
28;2025-12-21;10;394
28;2025-12-21;11;440
28;2025-12-21;12;463
28;2025-12-21;13;538
28;2025-12-21;14;528
28;2025-12-21;15;521
28;2025-12-21;16;488
28;2025-12-21;17;508
28;2025-12-21;18;447
28;2025-12-21;19;375
28;2025-12-21;20;291
28;2025-12-21;21;245
28;2025-12-21;22;108
28;2025-12-21;23;11
28;2025-12-22;0;0
28;2025-12-22;1;0
28;2025-12-22;2;0
28;2025-12-22;3;0
28;2025-12-22;4;2
28;2025-12-22;5;80
28;2025-12-22;6;264
28;2025-12-22;7;809
28;2025-12-22;8;1278
28;2025-12-22;9;861
28;2025-12-22;10;655
28;2025-12-22;11;578
28;2025-12-22;12;727
28;2025-12-22;13;718
28;2025-12-22;14;680
28;2025-12-22;15;692
28;2025-12-22;16;895
28;2025-12-22;17;1059
28;2025-12-22;18;994
28;2025-12-22;19;727
28;2025-12-22;20;496
28;2025-12-22;21;318
28;2025-12-22;22;115
28;2025-12-22;23;11
28;2025-12-23;0;0
28;2025-12-23;1;0
28;2025-12-23;2;0
28;2025-12-23;3;0
28;2025-12-23;4;1
28;2025-12-23;5;78
28;2025-12-23;6;268
28;2025-12-23;7;834
28;2025-12-23;8;1306
28;2025-12-23;9;875
28;2025-12-23;10;685
28;2025-12-23;11;597
28;2025-12-23;12;747
28;2025-12-23;13;749
28;2025-12-23;14;708
28;2025-12-23;15;725
28;2025-12-23;16;901
28;2025-12-23;17;1088
28;2025-12-23;18;1026
28;2025-12-23;19;749
28;2025-12-23;20;512
28;2025-12-23;21;333
28;2025-12-23;22;130
28;2025-12-23;23;15
28;2025-12-24;0;0
28;2025-12-24;1;0
28;2025-12-24;2;0
28;2025-12-24;3;0
28;2025-12-24;4;1
28;2025-12-24;5;82
28;2025-12-24;6;271
28;2025-12-24;7;814
28;2025-12-24;8;1293
28;2025-12-24;9;876
28;2025-12-24;10;672
28;2025-12-24;11;600
28;2025-12-24;12;758
28;2025-12-24;13;760
28;2025-12-24;14;703
28;2025-12-24;15;725
28;2025-12-24;16;929
28;2025-12-24;17;1084
28;2025-12-24;18;1030
28;2025-12-24;19;759
28;2025-12-24;20;527
28;2025-12-24;21;339
28;2025-12-24;22;133
28;2025-12-24;23;17
28;2025-12-25;0;0
28;2025-12-25;1;0
28;2025-12-25;2;0
28;2025-12-25;3;0
28;2025-12-25;4;2
28;2025-12-25;5;81
28;2025-12-25;6;270
28;2025-12-25;7;820
28;2025-12-25;8;1279
28;2025-12-25;9;869
28;2025-12-25;10;664
28;2025-12-25;11;590
28;2025-12-25;12;737
28;2025-12-25;13;738
28;2025-12-25;14;697
28;2025-12-25;15;722
28;2025-12-25;16;903
28;2025-12-25;17;1076
28;2025-12-25;18;1023
28;2025-12-25;19;737
28;2025-12-25;20;514
28;2025-12-25;21;331
28;2025-12-25;22;131
28;2025-12-25;23;14
28;2025-12-26;0;0
28;2025-12-26;1;0
28;2025-12-26;2;0
28;2025-12-26;3;0
28;2025-12-26;4;1
28;2025-12-26;5;79
28;2025-12-26;6;261
28;2025-12-26;7;786
28;2025-12-26;8;1232
28;2025-12-26;9;827
28;2025-12-26;10;641
28;2025-12-26;11;572
28;2025-12-26;12;723
28;2025-12-26;13;716
28;2025-12-26;14;689
28;2025-12-26;15;718
28;2025-12-26;16;896
28;2025-12-26;17;1006
28;2025-12-26;18;896
28;2025-12-26;19;674
28;2025-12-26;20;472
28;2025-12-26;21;326
28;2025-12-26;22;126
28;2025-12-26;23;19
28;2025-12-27;0;3
28;2025-12-27;1;0
28;2025-12-27;2;0
28;2025-12-27;3;0
28;2025-12-27;4;1
28;2025-12-27;5;35
28;2025-12-27;6;102
28;2025-12-27;7;232
28;2025-12-27;8;410
28;2025-12-27;9;480
28;2025-12-27;10;503
28;2025-12-27;11;507
28;2025-12-27;12;602
28;2025-12-27;13;618
28;2025-12-27;14;567
28;2025-12-27;15;603
28;2025-12-27;16;585
28;2025-12-27;17;591
28;2025-12-27;18;511
28;2025-12-27;19;403
28;2025-12-27;20;303
28;2025-12-27;21;268
28;2025-12-27;22;122
28;2025-12-27;23;18
28;2025-12-28;0;0
28;2025-12-28;1;0
28;2025-12-28;2;0
28;2025-12-28;3;0
28;2025-12-28;4;0
28;2025-12-28;5;27
28;2025-12-28;6;72
28;2025-12-28;7;156
28;2025-12-28;8;258
28;2025-12-28;9;334
28;2025-12-28;10;389
28;2025-12-28;11;430
28;2025-12-28;12;454
28;2025-12-28;13;530
28;2025-12-28;14;517
28;2025-12-28;15;511
28;2025-12-28;16;478
28;2025-12-28;17;499
28;2025-12-28;18;439
28;2025-12-28;19;370
28;2025-12-28;20;285
28;2025-12-28;21;240
28;2025-12-28;22;107
28;2025-12-28;23;12
28;2025-12-29;0;0
28;2025-12-29;1;0
28;2025-12-29;2;0
28;2025-12-29;3;0
28;2025-12-29;4;1
28;2025-12-29;5;70
28;2025-12-29;6;233
28;2025-12-29;7;708
28;2025-12-29;8;1117
28;2025-12-29;9;756
28;2025-12-29;10;576
28;2025-12-29;11;506
28;2025-12-29;12;639
28;2025-12-29;13;632
28;2025-12-29;14;596
28;2025-12-29;15;608
28;2025-12-29;16;782
28;2025-12-29;17;926
28;2025-12-29;18;869
28;2025-12-29;19;639
28;2025-12-29;20;434
28;2025-12-29;21;277
28;2025-12-29;22;103
28;2025-12-29;23;12
28;2025-12-30;0;0
28;2025-12-30;1;0
28;2025-12-30;2;0
28;2025-12-30;3;0
28;2025-12-30;4;1
28;2025-12-30;5;67
28;2025-12-30;6;230
28;2025-12-30;7;719
28;2025-12-30;8;1122
28;2025-12-30;9;753
28;2025-12-30;10;591
28;2025-12-30;11;518
28;2025-12-30;12;642
28;2025-12-30;13;645
28;2025-12-30;14;612
28;2025-12-30;15;627
28;2025-12-30;16;773
28;2025-12-30;17;926
28;2025-12-30;18;865
28;2025-12-30;19;638
28;2025-12-30;20;441
28;2025-12-30;21;286
28;2025-12-30;22;114
28;2025-12-30;23;14
28;2025-12-31;0;0
28;2025-12-31;1;0
28;2025-12-31;2;0
28;2025-12-31;3;0
28;2025-12-31;4;0
28;2025-12-31;5;25
28;2025-12-31;6;65
28;2025-12-31;7;132
28;2025-12-31;8;219
28;2025-12-31;9;291
28;2025-12-31;10;337
28;2025-12-31;11;375
28;2025-12-31;12;396
28;2025-12-31;13;465
28;2025-12-31;14;450
28;2025-12-31;15;443
28;2025-12-31;16;420
28;2025-12-31;17;435
28;2025-12-31;18;386
28;2025-12-31;19;326
28;2025-12-31;20;0
28;2025-12-31;21;0
28;2025-12-31;22;0
28;2025-12-31;23;0
50;2025-11-01;0;19
50;2025-11-01;1;1
50;2025-11-01;2;0
50;2025-11-01;3;0
50;2025-11-01;4;3
50;2025-11-01;5;63
50;2025-11-01;6;461
50;2025-11-01;7;1520
50;2025-11-01;8;2471
50;2025-11-01;9;1925
50;2025-11-01;10;1510
50;2025-11-01;11;1380
50;2025-11-01;12;1317
50;2025-11-01;13;1360
50;2025-11-01;14;1315
50;2025-11-01;15;1534
50;2025-11-01;16;1579
50;2025-11-01;17;2084
50;2025-11-01;18;2038
50;2025-11-01;19;1228
50;2025-11-01;20;798
50;2025-11-01;21;546
50;2025-11-01;22;178
50;2025-11-01;23;131
50;2025-11-02;0;0
50;2025-11-02;1;0
50;2025-11-02;2;0
50;2025-11-02;3;0
50;2025-11-02;4;0
50;2025-11-02;5;0
50;2025-11-02;6;0
50;2025-11-02;7;0
50;2025-11-02;8;0
50;2025-11-02;9;0
50;2025-11-02;10;47
50;2025-11-02;11;58
50;2025-11-02;12;33
50;2025-11-02;13;65
50;2025-11-02;14;213
50;2025-11-02;15;195
50;2025-11-02;16;362
50;2025-11-02;17;268
50;2025-11-02;18;145
50;2025-11-02;19;109
50;2025-11-02;20;112
50;2025-11-02;21;72
50;2025-11-02;22;109
50;2025-11-02;23;14
50;2025-11-03;0;0
50;2025-11-03;1;0
50;2025-11-03;2;0
50;2025-11-03;3;0
50;2025-11-03;4;0
50;2025-11-03;5;0
50;2025-11-03;6;0
50;2025-11-03;7;0
50;2025-11-03;8;0
50;2025-11-03;9;0
50;2025-11-03;10;43
50;2025-11-03;11;54
50;2025-11-03;12;29
50;2025-11-03;13;61
50;2025-11-03;14;203
50;2025-11-03;15;184
50;2025-11-03;16;344
50;2025-11-03;17;253
50;2025-11-03;18;137
50;2025-11-03;19;101
50;2025-11-03;20;105
50;2025-11-03;21;69
50;2025-11-03;22;101
50;2025-11-03;23;14
50;2025-11-04;0;0
50;2025-11-04;1;0
50;2025-11-04;2;0
50;2025-11-04;3;0
50;2025-11-04;4;0
50;2025-11-04;5;0
50;2025-11-04;6;0
50;2025-11-04;7;0
50;2025-11-04;8;0
50;2025-11-04;9;0
50;2025-11-04;10;43
50;2025-11-04;11;54
50;2025-11-04;12;29
50;2025-11-04;13;61
50;2025-11-04;14;203
50;2025-11-04;15;184
50;2025-11-04;16;344
50;2025-11-04;17;253
50;2025-11-04;18;137
50;2025-11-04;19;101
50;2025-11-04;20;105
50;2025-11-04;21;69
50;2025-11-04;22;101
50;2025-11-04;23;14
50;2025-11-05;0;22
50;2025-11-05;1;2
50;2025-11-05;2;0
50;2025-11-05;3;0
50;2025-11-05;4;3
50;2025-11-05;5;72
50;2025-11-05;6;540
50;2025-11-05;7;1764
50;2025-11-05;8;2890
50;2025-11-05;9;2254
50;2025-11-05;10;1754
50;2025-11-05;11;1600
50;2025-11-05;12;1520
50;2025-11-05;13;1565
50;2025-11-05;14;1526
50;2025-11-05;15;1751
50;2025-11-05;16;1802
50;2025-11-05;17;2460
50;2025-11-05;18;2476
50;2025-11-05;19;1472
50;2025-11-05;20;929
50;2025-11-05;21;648
50;2025-11-05;22;241
50;2025-11-05;23;152
50;2025-11-06;0;27
50;2025-11-06;1;2
50;2025-11-06;2;0
50;2025-11-06;3;0
50;2025-11-06;4;3
50;2025-11-06;5;72
50;2025-11-06;6;544
50;2025-11-06;7;1787
50;2025-11-06;8;2910
50;2025-11-06;9;2268
50;2025-11-06;10;1784
50;2025-11-06;11;1614
50;2025-11-06;12;1549
50;2025-11-06;13;1573
50;2025-11-06;14;1524
50;2025-11-06;15;1771
50;2025-11-06;16;1806
50;2025-11-06;17;2470
50;2025-11-06;18;2536
50;2025-11-06;19;1476
50;2025-11-06;20;968
50;2025-11-06;21;686
50;2025-11-06;22;253
50;2025-11-06;23;164
50;2025-11-07;0;30
50;2025-11-07;1;2
50;2025-11-07;2;0
50;2025-11-07;3;0
50;2025-11-07;4;3
50;2025-11-07;5;74
50;2025-11-07;6;550
50;2025-11-07;7;1777
50;2025-11-07;8;2893
50;2025-11-07;9;2227
50;2025-11-07;10;1724
50;2025-11-07;11;1606
50;2025-11-07;12;1562
50;2025-11-07;13;1604
50;2025-11-07;14;1543
50;2025-11-07;15;1838
50;2025-11-07;16;1976
50;2025-11-07;17;2371
50;2025-11-07;18;2192
50;2025-11-07;19;1371
50;2025-11-07;20;929
50;2025-11-07;21;625
50;2025-11-07;22;266
50;2025-11-07;23;175
50;2025-11-08;0;177
50;2025-11-08;1;18
50;2025-11-08;2;0
50;2025-11-08;3;0
50;2025-11-08;4;0
50;2025-11-08;5;4
50;2025-11-08;6;4
50;2025-11-08;7;14
50;2025-11-08;8;18
50;2025-11-08;9;25
50;2025-11-08;10;22
50;2025-11-08;11;54
50;2025-11-08;12;206
50;2025-11-08;13;152
50;2025-11-08;14;134
50;2025-11-08;15;217
50;2025-11-08;16;152
50;2025-11-08;17;109
50;2025-11-08;18;11
50;2025-11-08;19;0
50;2025-11-08;20;7
50;2025-11-08;21;0
50;2025-11-08;22;4
50;2025-11-08;23;0
50;2025-11-09;0;0
50;2025-11-09;1;0
50;2025-11-09;2;0
50;2025-11-09;3;0
50;2025-11-09;4;0
50;2025-11-09;5;0
50;2025-11-09;6;0
50;2025-11-09;7;0
50;2025-11-09;8;0
50;2025-11-09;9;0
50;2025-11-09;10;47
50;2025-11-09;11;58
50;2025-11-09;12;33
50;2025-11-09;13;65
50;2025-11-09;14;213
50;2025-11-09;15;195
50;2025-11-09;16;362
50;2025-11-09;17;268
50;2025-11-09;18;145
50;2025-11-09;19;109
50;2025-11-09;20;112
50;2025-11-09;21;72
50;2025-11-09;22;109
50;2025-11-09;23;14
50;2025-11-10;0;17
50;2025-11-10;1;3
50;2025-11-10;2;0
50;2025-11-10;3;0
50;2025-11-10;4;3
50;2025-11-10;5;69
50;2025-11-10;6;544
50;2025-11-10;7;1783
50;2025-11-10;8;2953
50;2025-11-10;9;2307
50;2025-11-10;10;1773
50;2025-11-10;11;1617
50;2025-11-10;12;1534
50;2025-11-10;13;1597
50;2025-11-10;14;1532
50;2025-11-10;15;1787
50;2025-11-10;16;1813
50;2025-11-10;17;2343
50;2025-11-10;18;2562
50;2025-11-10;19;1465
50;2025-11-10;20;942
50;2025-11-10;21;640
50;2025-11-10;22;227
50;2025-11-10;23;137
50;2025-11-11;0;22
50;2025-11-11;1;2
50;2025-11-11;2;0
50;2025-11-11;3;0
50;2025-11-11;4;3
50;2025-11-11;5;71
50;2025-11-11;6;563
50;2025-11-11;7;1823
50;2025-11-11;8;3000
50;2025-11-11;9;2314
50;2025-11-11;10;1809
50;2025-11-11;11;1630
50;2025-11-11;12;1564
50;2025-11-11;13;1608
50;2025-11-11;14;1545
50;2025-11-11;15;1802
50;2025-11-11;16;1833
50;2025-11-11;17;2551
50;2025-11-11;18;2571
50;2025-11-11;19;1485
50;2025-11-11;20;967
50;2025-11-11;21;648
50;2025-11-11;22;236
50;2025-11-11;23;147
50;2025-11-12;0;22
50;2025-11-12;1;2
50;2025-11-12;2;0
50;2025-11-12;3;0
50;2025-11-12;4;3
50;2025-11-12;5;72
50;2025-11-12;6;544
50;2025-11-12;7;1772
50;2025-11-12;8;2907
50;2025-11-12;9;2271
50;2025-11-12;10;1766
50;2025-11-12;11;1615
50;2025-11-12;12;1538
50;2025-11-12;13;1575
50;2025-11-12;14;1538
50;2025-11-12;15;1762
50;2025-11-12;16;1815
50;2025-11-12;17;2482
50;2025-11-12;18;2495
50;2025-11-12;19;1484
50;2025-11-12;20;935
50;2025-11-12;21;649
50;2025-11-12;22;242
50;2025-11-12;23;152
50;2025-11-13;0;26
50;2025-11-13;1;2
50;2025-11-13;2;0
50;2025-11-13;3;0
50;2025-11-13;4;3
50;2025-11-13;5;72
50;2025-11-13;6;541
50;2025-11-13;7;1776
50;2025-11-13;8;2899
50;2025-11-13;9;2264
50;2025-11-13;10;1778
50;2025-11-13;11;1615
50;2025-11-13;12;1557
50;2025-11-13;13;1570
50;2025-11-13;14;1524
50;2025-11-13;15;1772
50;2025-11-13;16;1808
50;2025-11-13;17;2475
50;2025-11-13;18;2539
50;2025-11-13;19;1474
50;2025-11-13;20;966
50;2025-11-13;21;681
50;2025-11-13;22;254
50;2025-11-13;23;163
50;2025-11-14;0;30
50;2025-11-14;1;2
50;2025-11-14;2;0
50;2025-11-14;3;0
50;2025-11-14;4;3
50;2025-11-14;5;73
50;2025-11-14;6;549
50;2025-11-14;7;1770
50;2025-11-14;8;2891
50;2025-11-14;9;2225
50;2025-11-14;10;1722
50;2025-11-14;11;1606
50;2025-11-14;12;1572
50;2025-11-14;13;1601
50;2025-11-14;14;1549
50;2025-11-14;15;1839
50;2025-11-14;16;1979
50;2025-11-14;17;2376
50;2025-11-14;18;2194
50;2025-11-14;19;1370
50;2025-11-14;20;929
50;2025-11-14;21;620
50;2025-11-14;22;261
50;2025-11-14;23;173
50;2025-11-15;0;75
50;2025-11-15;1;5
50;2025-11-15;2;0
50;2025-11-15;3;0
50;2025-11-15;4;2
50;2025-11-15;5;36
50;2025-11-15;6;188
50;2025-11-15;7;438
50;2025-11-15;8;688
50;2025-11-15;9;762
50;2025-11-15;10;727
50;2025-11-15;11;908
50;2025-11-15;12;918
50;2025-11-15;13;984
50;2025-11-15;14;974
50;2025-11-15;15;929
50;2025-11-15;16;892
50;2025-11-15;17;859
50;2025-11-15;18;744
50;2025-11-15;19;679
50;2025-11-15;20;544
50;2025-11-15;21;436
50;2025-11-15;22;254
50;2025-11-15;23;153
50;2025-11-16;0;53
50;2025-11-16;1;7
50;2025-11-16;2;0
50;2025-11-16;3;0
50;2025-11-16;4;1
50;2025-11-16;5;27
50;2025-11-16;6;121
50;2025-11-16;7;227
50;2025-11-16;8;381
50;2025-11-16;9;508
50;2025-11-16;10;552
50;2025-11-16;11;664
50;2025-11-16;12;725
50;2025-11-16;13;830
50;2025-11-16;14;843
50;2025-11-16;15;735
50;2025-11-16;16;732
50;2025-11-16;17;749
50;2025-11-16;18;710
50;2025-11-16;19;637
50;2025-11-16;20;509
50;2025-11-16;21;424
50;2025-11-16;22;248
50;2025-11-16;23;124
50;2025-11-17;0;16
50;2025-11-17;1;3
50;2025-11-17;2;0
50;2025-11-17;3;0
50;2025-11-17;4;3
50;2025-11-17;5;68
50;2025-11-17;6;541
50;2025-11-17;7;1763
50;2025-11-17;8;2921
50;2025-11-17;9;2286
50;2025-11-17;10;1754
50;2025-11-17;11;1599
50;2025-11-17;12;1522
50;2025-11-17;13;1575
50;2025-11-17;14;1518
50;2025-11-17;15;1766
50;2025-11-17;16;1793
50;2025-11-17;17;2471
50;2025-11-17;18;2541
50;2025-11-17;19;1453
50;2025-11-17;20;932
50;2025-11-17;21;634
50;2025-11-17;22;229
50;2025-11-17;23;138
50;2025-11-18;0;22
50;2025-11-18;1;2
50;2025-11-18;2;0
50;2025-11-18;3;0
50;2025-11-18;4;3
50;2025-11-18;5;72
50;2025-11-18;6;558
50;2025-11-18;7;1788
50;2025-11-18;8;2924
50;2025-11-18;9;2256
50;2025-11-18;10;1759
50;2025-11-18;11;1581
50;2025-11-18;12;1524
50;2025-11-18;13;1557
50;2025-11-18;14;1500
50;2025-11-18;15;1747
50;2025-11-18;16;1785
50;2025-11-18;17;2495
50;2025-11-18;18;2514
50;2025-11-18;19;1452
50;2025-11-18;20;947
50;2025-11-18;21;634
50;2025-11-18;22;233
50;2025-11-18;23;147
50;2025-11-19;0;22
50;2025-11-19;1;3
50;2025-11-19;2;0
50;2025-11-19;3;0
50;2025-11-19;4;3
50;2025-11-19;5;71
50;2025-11-19;6;547
50;2025-11-19;7;1787
50;2025-11-19;8;2935
50;2025-11-19;9;2292
50;2025-11-19;10;1784
50;2025-11-19;11;1638
50;2025-11-19;12;1563
50;2025-11-19;13;1600
50;2025-11-19;14;1558
50;2025-11-19;15;1785
50;2025-11-19;16;1835
50;2025-11-19;17;2517
50;2025-11-19;18;2529
50;2025-11-19;19;1496
50;2025-11-19;20;940
50;2025-11-19;21;652
50;2025-11-19;22;242
50;2025-11-19;23;154
50;2025-11-20;0;27
50;2025-11-20;1;3
50;2025-11-20;2;0
50;2025-11-20;3;0
50;2025-11-20;4;3
50;2025-11-20;5;71
50;2025-11-20;6;545
50;2025-11-20;7;1789
50;2025-11-20;8;2929
50;2025-11-20;9;2285
50;2025-11-20;10;1799
50;2025-11-20;11;1638
50;2025-11-20;12;1579
50;2025-11-20;13;1591
50;2025-11-20;14;1546
50;2025-11-20;15;1796
50;2025-11-20;16;1826
50;2025-11-20;17;2509
50;2025-11-20;18;2570
50;2025-11-20;19;1482
50;2025-11-20;20;971
50;2025-11-20;21;684
50;2025-11-20;22;253
50;2025-11-20;23;163
50;2025-11-21;0;29
50;2025-11-21;1;3
50;2025-11-21;2;0
50;2025-11-21;3;0
50;2025-11-21;4;4
50;2025-11-21;5;73
50;2025-11-21;6;550
50;2025-11-21;7;1783
50;2025-11-21;8;2918
50;2025-11-21;9;2244
50;2025-11-21;10;1739
50;2025-11-21;11;1627
50;2025-11-21;12;1592
50;2025-11-21;13;1621
50;2025-11-21;14;1564
50;2025-11-21;15;1862
50;2025-11-21;16;1998
50;2025-11-21;17;2407
50;2025-11-21;18;2223
50;2025-11-21;19;1379
50;2025-11-21;20;930
50;2025-11-21;21;620
50;2025-11-21;22;261
50;2025-11-21;23;175
50;2025-11-22;0;75
50;2025-11-22;1;5
50;2025-11-22;2;0
50;2025-11-22;3;0
50;2025-11-22;4;2
50;2025-11-22;5;36
50;2025-11-22;6;188
50;2025-11-22;7;438
50;2025-11-22;8;688
50;2025-11-22;9;762
50;2025-11-22;10;727
50;2025-11-22;11;908
50;2025-11-22;12;918
50;2025-11-22;13;984
50;2025-11-22;14;974
50;2025-11-22;15;929
50;2025-11-22;16;892
50;2025-11-22;17;859
50;2025-11-22;18;744
50;2025-11-22;19;679
50;2025-11-22;20;544
50;2025-11-22;21;436
50;2025-11-22;22;254
50;2025-11-22;23;153
50;2025-11-23;0;53
50;2025-11-23;1;7
50;2025-11-23;2;0
50;2025-11-23;3;0
50;2025-11-23;4;1
50;2025-11-23;5;27
50;2025-11-23;6;130
50;2025-11-23;7;253
50;2025-11-23;8;381
50;2025-11-23;9;508
50;2025-11-23;10;552
50;2025-11-23;11;664
50;2025-11-23;12;725
50;2025-11-23;13;830
50;2025-11-23;14;843
50;2025-11-23;15;735
50;2025-11-23;16;732
50;2025-11-23;17;749
50;2025-11-23;18;710
50;2025-11-23;19;637
50;2025-11-23;20;509
50;2025-11-23;21;424
50;2025-11-23;22;248
50;2025-11-23;23;124
50;2025-11-24;0;19
50;2025-11-24;1;3
50;2025-11-24;2;0
50;2025-11-24;3;0
50;2025-11-24;4;3
50;2025-11-24;5;68
50;2025-11-24;6;537
50;2025-11-24;7;1749
50;2025-11-24;8;2892
50;2025-11-24;9;2264
50;2025-11-24;10;1734
50;2025-11-24;11;1580
50;2025-11-24;12;1509
50;2025-11-24;13;1556
50;2025-11-24;14;1500
50;2025-11-24;15;1745
50;2025-11-24;16;1773
50;2025-11-24;17;2452
50;2025-11-24;18;2524
50;2025-11-24;19;1309
50;2025-11-24;20;923
50;2025-11-24;21;626
50;2025-11-24;22;225
50;2025-11-24;23;138
50;2025-11-25;0;22
50;2025-11-25;1;2
50;2025-11-25;2;0
50;2025-11-25;3;0
50;2025-11-25;4;3
50;2025-11-25;5;71
50;2025-11-25;6;562
50;2025-11-25;7;1815
50;2025-11-25;8;2986
50;2025-11-25;9;2306
50;2025-11-25;10;1803
50;2025-11-25;11;1630
50;2025-11-25;12;1567
50;2025-11-25;13;1602
50;2025-11-25;14;1539
50;2025-11-25;15;1794
50;2025-11-25;16;1830
50;2025-11-25;17;2555
50;2025-11-25;18;2574
50;2025-11-25;19;1481
50;2025-11-25;20;962
50;2025-11-25;21;642
50;2025-11-25;22;236
50;2025-11-25;23;148
50;2025-11-26;0;23
50;2025-11-26;1;2
50;2025-11-26;2;0
50;2025-11-26;3;0
50;2025-11-26;4;3
50;2025-11-26;5;73
50;2025-11-26;6;547
50;2025-11-26;7;1780
50;2025-11-26;8;2926
50;2025-11-26;9;2283
50;2025-11-26;10;1776
50;2025-11-26;11;1629
50;2025-11-26;12;1553
50;2025-11-26;13;1584
50;2025-11-26;14;1547
50;2025-11-26;15;1775
50;2025-11-26;16;1820
50;2025-11-26;17;2506
50;2025-11-26;18;2522
50;2025-11-26;19;1489
50;2025-11-26;20;933
50;2025-11-26;21;645
50;2025-11-26;22;241
50;2025-11-26;23;150
50;2025-11-27;0;28
50;2025-11-27;1;2
50;2025-11-27;2;0
50;2025-11-27;3;0
50;2025-11-27;4;3
50;2025-11-27;5;73
50;2025-11-27;6;547
50;2025-11-27;7;1782
50;2025-11-27;8;2909
50;2025-11-27;9;2267
50;2025-11-27;10;1785
50;2025-11-27;11;1625
50;2025-11-27;12;1564
50;2025-11-27;13;1569
50;2025-11-27;14;1520
50;2025-11-27;15;1773
50;2025-11-27;16;1806
50;2025-11-27;17;2483
50;2025-11-27;18;2552
50;2025-11-27;19;1471
50;2025-11-27;20;963
50;2025-11-27;21;676
50;2025-11-27;22;253
50;2025-11-27;23;162
50;2025-11-28;0;31
50;2025-11-28;1;2
50;2025-11-28;2;0
50;2025-11-28;3;0
50;2025-11-28;4;5
50;2025-11-28;5;75
50;2025-11-28;6;550
50;2025-11-28;7;1766
50;2025-11-28;8;2885
50;2025-11-28;9;2219
50;2025-11-28;10;1717
50;2025-11-28;11;1610
50;2025-11-28;12;1572
50;2025-11-28;13;1598
50;2025-11-28;14;1541
50;2025-11-28;15;1835
50;2025-11-28;16;1973
50;2025-11-28;17;2385
50;2025-11-28;18;2207
50;2025-11-28;19;1368
50;2025-11-28;20;922
50;2025-11-28;21;614
50;2025-11-28;22;261
50;2025-11-28;23;178
50;2025-11-29;0;75
50;2025-11-29;1;5
50;2025-11-29;2;0
50;2025-11-29;3;0
50;2025-11-29;4;2
50;2025-11-29;5;36
50;2025-11-29;6;188
50;2025-11-29;7;438
50;2025-11-29;8;688
50;2025-11-29;9;762
50;2025-11-29;10;727
50;2025-11-29;11;908
50;2025-11-29;12;918
50;2025-11-29;13;984
50;2025-11-29;14;974
50;2025-11-29;15;929
50;2025-11-29;16;892
50;2025-11-29;17;859
50;2025-11-29;18;744
50;2025-11-29;19;679
50;2025-11-29;20;544
50;2025-11-29;21;436
50;2025-11-29;22;254
50;2025-11-29;23;153
50;2025-11-30;0;53
50;2025-11-30;1;7
50;2025-11-30;2;0
50;2025-11-30;3;0
50;2025-11-30;4;1
50;2025-11-30;5;27
50;2025-11-30;6;130
50;2025-11-30;7;253
50;2025-11-30;8;381
50;2025-11-30;9;508
50;2025-11-30;10;552
50;2025-11-30;11;664
50;2025-11-30;12;725
50;2025-11-30;13;830
50;2025-11-30;14;843
50;2025-11-30;15;735
50;2025-11-30;16;732
50;2025-11-30;17;749
50;2025-11-30;18;710
50;2025-11-30;19;637
50;2025-11-30;20;509
50;2025-11-30;21;424
50;2025-11-30;22;248
50;2025-11-30;23;124
50;2025-12-01;0;19
50;2025-12-01;1;3
50;2025-12-01;2;0
50;2025-12-01;3;0
50;2025-12-01;4;3
50;2025-12-01;5;69
50;2025-12-01;6;546
50;2025-12-01;7;1768
50;2025-12-01;8;2919
50;2025-12-01;9;2289
50;2025-12-01;10;1755
50;2025-12-01;11;1614
50;2025-12-01;12;1537
50;2025-12-01;13;1585
50;2025-12-01;14;1525
50;2025-12-01;15;1774
50;2025-12-01;16;1806
50;2025-12-01;17;2479
50;2025-12-01;18;2551
50;2025-12-01;19;1458
50;2025-12-01;20;930
50;2025-12-01;21;628
50;2025-12-01;22;226
50;2025-12-01;23;140
50;2025-12-02;0;23
50;2025-12-02;1;3
50;2025-12-02;2;0
50;2025-12-02;3;0
50;2025-12-02;4;3
50;2025-12-02;5;73
50;2025-12-02;6;564
50;2025-12-02;7;1812
50;2025-12-02;8;2970
50;2025-12-02;9;2300
50;2025-12-02;10;1799
50;2025-12-02;11;1631
50;2025-12-02;12;1568
50;2025-12-02;13;1600
50;2025-12-02;14;1535
50;2025-12-02;15;1788
50;2025-12-02;16;1827
50;2025-12-02;17;2546
50;2025-12-02;18;2565
50;2025-12-02;19;1485
50;2025-12-02;20;963
50;2025-12-02;21;640
50;2025-12-02;22;236
50;2025-12-02;23;148
50;2025-12-03;0;25
50;2025-12-03;1;3
50;2025-12-03;2;0
50;2025-12-03;3;0
50;2025-12-03;4;3
50;2025-12-03;5;74
50;2025-12-03;6;553
50;2025-12-03;7;1786
50;2025-12-03;8;2922
50;2025-12-03;9;2285
50;2025-12-03;10;1780
50;2025-12-03;11;1644
50;2025-12-03;12;1569
50;2025-12-03;13;1594
50;2025-12-03;14;1553
50;2025-12-03;15;1776
50;2025-12-03;16;1831
50;2025-12-03;17;2508
50;2025-12-03;18;2523
50;2025-12-03;19;1500
50;2025-12-03;20;938
50;2025-12-03;21;649
50;2025-12-03;22;246
50;2025-12-03;23;155
50;2025-12-04;0;28
50;2025-12-04;1;3
50;2025-12-04;2;0
50;2025-12-04;3;0
50;2025-12-04;4;3
50;2025-12-04;5;74
50;2025-12-04;6;549
50;2025-12-04;7;1786
50;2025-12-04;8;2909
50;2025-12-04;9;2276
50;2025-12-04;10;1790
50;2025-12-04;11;1638
50;2025-12-04;12;1580
50;2025-12-04;13;1581
50;2025-12-04;14;1535
50;2025-12-04;15;1783
50;2025-12-04;16;1817
50;2025-12-04;17;2492
50;2025-12-04;18;2558
50;2025-12-04;19;1488
50;2025-12-04;20;971
50;2025-12-04;21;681
50;2025-12-04;22;257
50;2025-12-04;23;166
50;2025-12-05;0;32
50;2025-12-05;1;3
50;2025-12-05;2;0
50;2025-12-05;3;0
50;2025-12-05;4;3
50;2025-12-05;5;74
50;2025-12-05;6;556
50;2025-12-05;7;1778
50;2025-12-05;8;2897
50;2025-12-05;9;2231
50;2025-12-05;10;1725
50;2025-12-05;11;1627
50;2025-12-05;12;1592
50;2025-12-05;13;1610
50;2025-12-05;14;1554
50;2025-12-05;15;1847
50;2025-12-05;16;1992
50;2025-12-05;17;2388
50;2025-12-05;18;2202
50;2025-12-05;19;1377
50;2025-12-05;20;927
50;2025-12-05;21;617
50;2025-12-05;22;265
50;2025-12-05;23;178
50;2025-12-06;0;77
50;2025-12-06;1;5
50;2025-12-06;2;0
50;2025-12-06;3;0
50;2025-12-06;4;2
50;2025-12-06;5;37
50;2025-12-06;6;192
50;2025-12-06;7;447
50;2025-12-06;8;702
50;2025-12-06;9;778
50;2025-12-06;10;743
50;2025-12-06;11;927
50;2025-12-06;12;938
50;2025-12-06;13;1005
50;2025-12-06;14;993
50;2025-12-06;15;948
50;2025-12-06;16;910
50;2025-12-06;17;877
50;2025-12-06;18;760
50;2025-12-06;19;694
50;2025-12-06;20;556
50;2025-12-06;21;445
50;2025-12-06;22;259
50;2025-12-06;23;156
50;2025-12-07;0;55
50;2025-12-07;1;7
50;2025-12-07;2;0
50;2025-12-07;3;0
50;2025-12-07;4;1
50;2025-12-07;5;27
50;2025-12-07;6;133
50;2025-12-07;7;258
50;2025-12-07;8;388
50;2025-12-07;9;519
50;2025-12-07;10;564
50;2025-12-07;11;678
50;2025-12-07;12;740
50;2025-12-07;13;847
50;2025-12-07;14;861
50;2025-12-07;15;749
50;2025-12-07;16;747
50;2025-12-07;17;765
50;2025-12-07;18;725
50;2025-12-07;19;649
50;2025-12-07;20;520
50;2025-12-07;21;433
50;2025-12-07;22;253
50;2025-12-07;23;127
50;2025-12-08;0;20
50;2025-12-08;1;4
50;2025-12-08;2;0
50;2025-12-08;3;0
50;2025-12-08;4;3
50;2025-12-08;5;69
50;2025-12-08;6;547
50;2025-12-08;7;1770
50;2025-12-08;8;2919
50;2025-12-08;9;2290
50;2025-12-08;10;1755
50;2025-12-08;11;1618
50;2025-12-08;12;1543
50;2025-12-08;13;1583
50;2025-12-08;14;1523
50;2025-12-08;15;1772
50;2025-12-08;16;1806
50;2025-12-08;17;2483
50;2025-12-08;18;2559
50;2025-12-08;19;1465
50;2025-12-08;20;932
50;2025-12-08;21;629
50;2025-12-08;22;229
50;2025-12-08;23;141
50;2025-12-09;0;24
50;2025-12-09;1;2
50;2025-12-09;2;0
50;2025-12-09;3;0
50;2025-12-09;4;3
50;2025-12-09;5;73
50;2025-12-09;6;568
50;2025-12-09;7;1814
50;2025-12-09;8;2967
50;2025-12-09;9;2297
50;2025-12-09;10;1796
50;2025-12-09;11;1635
50;2025-12-09;12;1570
50;2025-12-09;13;1598
50;2025-12-09;14;1531
50;2025-12-09;15;1787
50;2025-12-09;16;1824
50;2025-12-09;17;2545
50;2025-12-09;18;2570
50;2025-12-09;19;1488
50;2025-12-09;20;964
50;2025-12-09;21;641
50;2025-12-09;22;239
50;2025-12-09;23;148
50;2025-12-10;0;25
50;2025-12-10;1;3
50;2025-12-10;2;0
50;2025-12-10;3;0
50;2025-12-10;4;3
50;2025-12-10;5;74
50;2025-12-10;6;554
50;2025-12-10;7;1791
50;2025-12-10;8;2926
50;2025-12-10;9;2287
50;2025-12-10;10;1783
50;2025-12-10;11;1650
50;2025-12-10;12;1573
50;2025-12-10;13;1598
50;2025-12-10;14;1554
50;2025-12-10;15;1780
50;2025-12-10;16;1833
50;2025-12-10;17;2514
50;2025-12-10;18;2535
50;2025-12-10;19;1506
50;2025-12-10;20;940
50;2025-12-10;21;650
50;2025-12-10;22;248
50;2025-12-10;23;158
50;2025-12-11;0;31
50;2025-12-11;1;3
50;2025-12-11;2;0
50;2025-12-11;3;0
50;2025-12-11;4;3
50;2025-12-11;5;74
50;2025-12-11;6;551
50;2025-12-11;7;1776
50;2025-12-11;8;2884
50;2025-12-11;9;2254
50;2025-12-11;10;1774
50;2025-12-11;11;1629
50;2025-12-11;12;1569
50;2025-12-11;13;1566
50;2025-12-11;14;1518
50;2025-12-11;15;1771
50;2025-12-11;16;1800
50;2025-12-11;17;2476
50;2025-12-11;18;2547
50;2025-12-11;19;1476
50;2025-12-11;20;965
50;2025-12-11;21;675
50;2025-12-11;22;257
50;2025-12-11;23;163
50;2025-12-12;0;33
50;2025-12-12;1;2
50;2025-12-12;2;0
50;2025-12-12;3;0
50;2025-12-12;4;4
50;2025-12-12;5;76
50;2025-12-12;6;557
50;2025-12-12;7;1771
50;2025-12-12;8;2869
50;2025-12-12;9;2215
50;2025-12-12;10;1719
50;2025-12-12;11;1624
50;2025-12-12;12;1583
50;2025-12-12;13;1602
50;2025-12-12;14;1541
50;2025-12-12;15;1832
50;2025-12-12;16;1974
50;2025-12-12;17;2367
50;2025-12-12;18;2190
50;2025-12-12;19;1368
50;2025-12-12;20;920
50;2025-12-12;21;611
50;2025-12-12;22;264
50;2025-12-12;23;176
50;2025-12-13;0;77
50;2025-12-13;1;5
50;2025-12-13;2;0
50;2025-12-13;3;0
50;2025-12-13;4;2
50;2025-12-13;5;37
50;2025-12-13;6;192
50;2025-12-13;7;447
50;2025-12-13;8;702
50;2025-12-13;9;778
50;2025-12-13;10;743
50;2025-12-13;11;927
50;2025-12-13;12;938
50;2025-12-13;13;1005
50;2025-12-13;14;993
50;2025-12-13;15;948
50;2025-12-13;16;910
50;2025-12-13;17;877
50;2025-12-13;18;760
50;2025-12-13;19;694
50;2025-12-13;20;556
50;2025-12-13;21;445
50;2025-12-13;22;259
50;2025-12-13;23;156
50;2025-12-14;0;55
50;2025-12-14;1;7
50;2025-12-14;2;0
50;2025-12-14;3;0
50;2025-12-14;4;1
50;2025-12-14;5;27
50;2025-12-14;6;133
50;2025-12-14;7;258
50;2025-12-14;8;388
50;2025-12-14;9;519
50;2025-12-14;10;564
50;2025-12-14;11;678
50;2025-12-14;12;740
50;2025-12-14;13;847
50;2025-12-14;14;861
50;2025-12-14;15;749
50;2025-12-14;16;747
50;2025-12-14;17;765
50;2025-12-14;18;725
50;2025-12-14;19;649
50;2025-12-14;20;520
50;2025-12-14;21;433
50;2025-12-14;22;253
50;2025-12-14;23;127
50;2025-12-15;0;21
50;2025-12-15;1;3
50;2025-12-15;2;0
50;2025-12-15;3;0
50;2025-12-15;4;3
50;2025-12-15;5;71
50;2025-12-15;6;556
50;2025-12-15;7;1779
50;2025-12-15;8;2927
50;2025-12-15;9;2297
50;2025-12-15;10;1767
50;2025-12-15;11;1640
50;2025-12-15;12;1550
50;2025-12-15;13;1595
50;2025-12-15;14;1531
50;2025-12-15;15;1793
50;2025-12-15;16;1812
50;2025-12-15;17;2504
50;2025-12-15;18;2583
50;2025-12-15;19;1477
50;2025-12-15;20;938
50;2025-12-15;21;635
50;2025-12-15;22;235
50;2025-12-15;23;141
50;2025-12-16;0;26
50;2025-12-16;1;2
50;2025-12-16;2;0
50;2025-12-16;3;0
50;2025-12-16;4;3
50;2025-12-16;5;74
50;2025-12-16;6;578
50;2025-12-16;7;1837
50;2025-12-16;8;2989
50;2025-12-16;9;2318
50;2025-12-16;10;1815
50;2025-12-16;11;1659
50;2025-12-16;12;1587
50;2025-12-16;13;1613
50;2025-12-16;14;1545
50;2025-12-16;15;1804
50;2025-12-16;16;1840
50;2025-12-16;17;2573
50;2025-12-16;18;2603
50;2025-12-16;19;1508
50;2025-12-16;20;975
50;2025-12-16;21;647
50;2025-12-16;22;247
50;2025-12-16;23;152
50;2025-12-17;0;25
50;2025-12-17;1;3
50;2025-12-17;2;0
50;2025-12-17;3;0
50;2025-12-17;4;3
50;2025-12-17;5;75
50;2025-12-17;6;561
50;2025-12-17;7;1798
50;2025-12-17;8;2922
50;2025-12-17;9;2288
50;2025-12-17;10;1785
50;2025-12-17;11;1661
50;2025-12-17;12;1577
50;2025-12-17;13;1600
50;2025-12-17;14;1553
50;2025-12-17;15;1785
50;2025-12-17;16;1838
50;2025-12-17;17;2523
50;2025-12-17;18;2548
50;2025-12-17;19;1513
50;2025-12-17;20;942
50;2025-12-17;21;654
50;2025-12-17;22;253
50;2025-12-17;23;158
50;2025-12-18;0;31
50;2025-12-18;1;3
50;2025-12-18;2;0
50;2025-12-18;3;0
50;2025-12-18;4;3
50;2025-12-18;5;75
50;2025-12-18;6;558
50;2025-12-18;7;1800
50;2025-12-18;8;2909
50;2025-12-18;9;2278
50;2025-12-18;10;1794
50;2025-12-18;11;1654
50;2025-12-18;12;1588
50;2025-12-18;13;1589
50;2025-12-18;14;1533
50;2025-12-18;15;1792
50;2025-12-18;16;1822
50;2025-12-18;17;2506
50;2025-12-18;18;2581
50;2025-12-18;19;1498
50;2025-12-18;20;976
50;2025-12-18;21;685
50;2025-12-18;22;264
50;2025-12-18;23;167
50;2025-12-19;0;33
50;2025-12-19;1;2
50;2025-12-19;2;0
50;2025-12-19;3;0
50;2025-12-19;4;5
50;2025-12-19;5;77
50;2025-12-19;6;565
50;2025-12-19;7;1794
50;2025-12-19;8;2900
50;2025-12-19;9;2240
50;2025-12-19;10;1736
50;2025-12-19;11;1647
50;2025-12-19;12;1602
50;2025-12-19;13;1622
50;2025-12-19;14;1555
50;2025-12-19;15;1860
50;2025-12-19;16;2000
50;2025-12-19;17;2409
50;2025-12-19;18;2231
50;2025-12-19;19;1391
50;2025-12-19;20;932
50;2025-12-19;21;621
50;2025-12-19;22;270
50;2025-12-19;23;178
50;2025-12-20;0;77
50;2025-12-20;1;5
50;2025-12-20;2;0
50;2025-12-20;3;0
50;2025-12-20;4;2
50;2025-12-20;5;37
50;2025-12-20;6;192
50;2025-12-20;7;447
50;2025-12-20;8;702
50;2025-12-20;9;778
50;2025-12-20;10;743
50;2025-12-20;11;927
50;2025-12-20;12;938
50;2025-12-20;13;1005
50;2025-12-20;14;993
50;2025-12-20;15;948
50;2025-12-20;16;910
50;2025-12-20;17;877
50;2025-12-20;18;760
50;2025-12-20;19;694
50;2025-12-20;20;556
50;2025-12-20;21;445
50;2025-12-20;22;259
50;2025-12-20;23;156
50;2025-12-21;0;55
50;2025-12-21;1;7
50;2025-12-21;2;0
50;2025-12-21;3;0
50;2025-12-21;4;1
50;2025-12-21;5;27
50;2025-12-21;6;133
50;2025-12-21;7;258
50;2025-12-21;8;388
50;2025-12-21;9;519
50;2025-12-21;10;564
50;2025-12-21;11;678
50;2025-12-21;12;740
50;2025-12-21;13;847
50;2025-12-21;14;861
50;2025-12-21;15;749
50;2025-12-21;16;747
50;2025-12-21;17;765
50;2025-12-21;18;725
50;2025-12-21;19;649
50;2025-12-21;20;520
50;2025-12-21;21;433
50;2025-12-21;22;253
50;2025-12-21;23;127
50;2025-12-22;0;23
50;2025-12-22;1;3
50;2025-12-22;2;0
50;2025-12-22;3;0
50;2025-12-22;4;3
50;2025-12-22;5;72
50;2025-12-22;6;557
50;2025-12-22;7;1784
50;2025-12-22;8;2914
50;2025-12-22;9;2286
50;2025-12-22;10;1760
50;2025-12-22;11;1630
50;2025-12-22;12;1543
50;2025-12-22;13;1587
50;2025-12-22;14;1519
50;2025-12-22;15;1775
50;2025-12-22;16;1803
50;2025-12-22;17;2490
50;2025-12-22;18;2573
50;2025-12-22;19;1472
50;2025-12-22;20;935
50;2025-12-22;21;629
50;2025-12-22;22;236
50;2025-12-22;23;143
50;2025-12-23;0;26
50;2025-12-23;1;2
50;2025-12-23;2;0
50;2025-12-23;3;0
50;2025-12-23;4;3
50;2025-12-23;5;75
50;2025-12-23;6;581
50;2025-12-23;7;1833
50;2025-12-23;8;2980
50;2025-12-23;9;2303
50;2025-12-23;10;1807
50;2025-12-23;11;1663
50;2025-12-23;12;1583
50;2025-12-23;13;1607
50;2025-12-23;14;1539
50;2025-12-23;15;1818
50;2025-12-23;16;1834
50;2025-12-23;17;2579
50;2025-12-23;18;2610
50;2025-12-23;19;1503
50;2025-12-23;20;966
50;2025-12-23;21;645
50;2025-12-23;22;250
50;2025-12-23;23;150
50;2025-12-24;0;27
50;2025-12-24;1;3
50;2025-12-24;2;0
50;2025-12-24;3;0
50;2025-12-24;4;3
50;2025-12-24;5;76
50;2025-12-24;6;567
50;2025-12-24;7;1811
50;2025-12-24;8;2945
50;2025-12-24;9;2301
50;2025-12-24;10;1798
50;2025-12-24;11;1685
50;2025-12-24;12;1592
50;2025-12-24;13;1610
50;2025-12-24;14;1569
50;2025-12-24;15;1814
50;2025-12-24;16;1846
50;2025-12-24;17;2556
50;2025-12-24;18;2579
50;2025-12-24;19;1536
50;2025-12-24;20;962
50;2025-12-24;21;668
50;2025-12-24;22;264
50;2025-12-24;23;159
50;2025-12-25;0;34
50;2025-12-25;1;3
50;2025-12-25;2;0
50;2025-12-25;3;0
50;2025-12-25;4;3
50;2025-12-25;5;76
50;2025-12-25;6;562
50;2025-12-25;7;1800
50;2025-12-25;8;2904
50;2025-12-25;9;2274
50;2025-12-25;10;1792
50;2025-12-25;11;1662
50;2025-12-25;12;1590
50;2025-12-25;13;1587
50;2025-12-25;14;1530
50;2025-12-25;15;1796
50;2025-12-25;16;1818
50;2025-12-25;17;2509
50;2025-12-25;18;2582
50;2025-12-25;19;1496
50;2025-12-25;20;970
50;2025-12-25;21;681
50;2025-12-25;22;267
50;2025-12-25;23;166
50;2025-12-26;0;35
50;2025-12-26;1;3
50;2025-12-26;2;0
50;2025-12-26;3;0
50;2025-12-26;4;4
50;2025-12-26;5;77
50;2025-12-26;6;558
50;2025-12-26;7;1763
50;2025-12-26;8;2834
50;2025-12-26;9;2185
50;2025-12-26;10;1699
50;2025-12-26;11;1613
50;2025-12-26;12;1565
50;2025-12-26;13;1580
50;2025-12-26;14;1517
50;2025-12-26;15;1821
50;2025-12-26;16;1959
50;2025-12-26;17;2356
50;2025-12-26;18;2185
50;2025-12-26;19;1364
50;2025-12-26;20;912
50;2025-12-26;21;607
50;2025-12-26;22;268
50;2025-12-26;23;178
50;2025-12-27;0;77
50;2025-12-27;1;5
50;2025-12-27;2;0
50;2025-12-27;3;0
50;2025-12-27;4;2
50;2025-12-27;5;37
50;2025-12-27;6;192
50;2025-12-27;7;447
50;2025-12-27;8;702
50;2025-12-27;9;778
50;2025-12-27;10;743
50;2025-12-27;11;927
50;2025-12-27;12;938
50;2025-12-27;13;1005
50;2025-12-27;14;993
50;2025-12-27;15;948
50;2025-12-27;16;910
50;2025-12-27;17;877
50;2025-12-27;18;760
50;2025-12-27;19;694
50;2025-12-27;20;556
50;2025-12-27;21;445
50;2025-12-27;22;259
50;2025-12-27;23;156
50;2025-12-28;0;55
50;2025-12-28;1;7
50;2025-12-28;2;0
50;2025-12-28;3;0
50;2025-12-28;4;1
50;2025-12-28;5;27
50;2025-12-28;6;133
50;2025-12-28;7;258
50;2025-12-28;8;388
50;2025-12-28;9;489
50;2025-12-28;10;439
50;2025-12-28;11;678
50;2025-12-28;12;740
50;2025-12-28;13;847
50;2025-12-28;14;861
50;2025-12-28;15;749
50;2025-12-28;16;747
50;2025-12-28;17;765
50;2025-12-28;18;725
50;2025-12-28;19;649
50;2025-12-28;20;520
50;2025-12-28;21;433
50;2025-12-28;22;253
50;2025-12-28;23;127
50;2025-12-29;0;21
50;2025-12-29;1;1
50;2025-12-29;2;0
50;2025-12-29;3;0
50;2025-12-29;4;3
50;2025-12-29;5;62
50;2025-12-29;6;497
50;2025-12-29;7;1579
50;2025-12-29;8;2572
50;2025-12-29;9;2017
50;2025-12-29;10;1556
50;2025-12-29;11;1451
50;2025-12-29;12;1368
50;2025-12-29;13;1403
50;2025-12-29;14;1342
50;2025-12-29;15;1578
50;2025-12-29;16;1596
50;2025-12-29;17;2203
50;2025-12-29;18;2279
50;2025-12-29;19;1302
50;2025-12-29;20;823
50;2025-12-29;21;556
50;2025-12-29;22;213
50;2025-12-29;23;126
50;2025-12-30;0;25
50;2025-12-30;1;1
50;2025-12-30;2;0
50;2025-12-30;3;0
50;2025-12-30;4;3
50;2025-12-30;5;67
50;2025-12-30;6;512
50;2025-12-30;7;1617
50;2025-12-30;8;2594
50;2025-12-30;9;2012
50;2025-12-30;10;1584
50;2025-12-30;11;1459
50;2025-12-30;12;1388
50;2025-12-30;13;1412
50;2025-12-30;14;1347
50;2025-12-30;15;1586
50;2025-12-30;16;1615
50;2025-12-30;17;2244
50;2025-12-30;18;2261
50;2025-12-30;19;1322
50;2025-12-30;20;851
50;2025-12-30;21;565
50;2025-12-30;22;220
50;2025-12-30;23;134
50;2025-12-31;0;46
50;2025-12-31;1;6
50;2025-12-31;2;0
50;2025-12-31;3;0
50;2025-12-31;4;1
50;2025-12-31;5;23
50;2025-12-31;6;114
50;2025-12-31;7;221
50;2025-12-31;8;332
50;2025-12-31;9;443
50;2025-12-31;10;482
50;2025-12-31;11;580
50;2025-12-31;12;632
50;2025-12-31;13;724
50;2025-12-31;14;736
50;2025-12-31;15;641
50;2025-12-31;16;639
50;2025-12-31;17;655
50;2025-12-31;18;620
50;2025-12-31;19;556
50;2025-12-31;20;0
50;2025-12-31;21;0
50;2025-12-31;22;0
50;2025-12-31;23;0
