route;date;hour;prediction
1;2025-11-01;0;3
1;2025-11-01;1;0
1;2025-11-01;2;0
1;2025-11-01;3;0
1;2025-11-01;4;9
1;2025-11-01;5;117
1;2025-11-01;6;475
1;2025-11-01;7;1517
1;2025-11-01;8;1965
1;2025-11-01;9;1470
1;2025-11-01;10;1344
1;2025-11-01;11;1343
1;2025-11-01;12;1412
1;2025-11-01;13;1461
1;2025-11-01;14;1410
1;2025-11-01;15;1498
1;2025-11-01;16;1577
1;2025-11-01;17;1819
1;2025-11-01;18;1737
1;2025-11-01;19;1308
1;2025-11-01;20;839
1;2025-11-01;21;435
1;2025-11-01;22;173
1;2025-11-01;23;34
1;2025-11-02;0;0
1;2025-11-02;1;0
1;2025-11-02;2;0
1;2025-11-02;3;0
1;2025-11-02;4;0
1;2025-11-02;5;23
1;2025-11-02;6;111
1;2025-11-02;7;269
1;2025-11-02;8;366
1;2025-11-02;9;604
1;2025-11-02;10;698
1;2025-11-02;11;720
1;2025-11-02;12;834
1;2025-11-02;13;866
1;2025-11-02;14;818
1;2025-11-02;15;719
1;2025-11-02;16;667
1;2025-11-02;17;607
1;2025-11-02;18;529
1;2025-11-02;19;449
1;2025-11-02;20;330
1;2025-11-02;21;246
1;2025-11-02;22;91
1;2025-11-02;23;26
1;2025-11-03;0;0
1;2025-11-03;1;0
1;2025-11-03;2;0
1;2025-11-03;3;0
1;2025-11-03;4;0
1;2025-11-03;5;22
1;2025-11-03;6;113
1;2025-11-03;7;263
1;2025-11-03;8;354
1;2025-11-03;9;579
1;2025-11-03;10;656
1;2025-11-03;11;666
1;2025-11-03;12;777
1;2025-11-03;13;798
1;2025-11-03;14;750
1;2025-11-03;15;657
1;2025-11-03;16;604
1;2025-11-03;17;569
1;2025-11-03;18;526
1;2025-11-03;19;455
1;2025-11-03;20;331
1;2025-11-03;21;245
1;2025-11-03;22;92
1;2025-11-03;23;25
1;2025-11-04;0;0
1;2025-11-04;1;0
1;2025-11-04;2;0
1;2025-11-04;3;0
1;2025-11-04;4;0
1;2025-11-04;5;22
1;2025-11-04;6;109
1;2025-11-04;7;254
1;2025-11-04;8;339
1;2025-11-04;9;557
1;2025-11-04;10;635
1;2025-11-04;11;647
1;2025-11-04;12;761
1;2025-11-04;13;778
1;2025-11-04;14;736
1;2025-11-04;15;640
1;2025-11-04;16;591
1;2025-11-04;17;555
1;2025-11-04;18;510
1;2025-11-04;19;441
1;2025-11-04;20;324
1;2025-11-04;21;239
1;2025-11-04;22;90
1;2025-11-04;23;25
1;2025-11-05;0;3
1;2025-11-05;1;0
1;2025-11-05;2;0
1;2025-11-05;3;0
1;2025-11-05;4;9
1;2025-11-05;5;120
1;2025-11-05;6;486
1;2025-11-05;7;1528
1;2025-11-05;8;1995
1;2025-11-05;9;1474
1;2025-11-05;10;1349
1;2025-11-05;11;1346
1;2025-11-05;12;1410
1;2025-11-05;13;1463
1;2025-11-05;14;1404
1;2025-11-05;15;1498
1;2025-11-05;16;1560
1;2025-11-05;17;1835
1;2025-11-05;18;1811
1;2025-11-05;19;1356
1;2025-11-05;20;860
1;2025-11-05;21;450
1;2025-11-05;22;180
1;2025-11-05;23;34
1;2025-11-06;0;3
1;2025-11-06;1;0
1;2025-11-06;2;0
1;2025-11-06;3;0
1;2025-11-06;4;8
1;2025-11-06;5;119
1;2025-11-06;6;478
1;2025-11-06;7;1513
1;2025-11-06;8;1964
1;2025-11-06;9;1462
1;2025-11-06;10;1343
1;2025-11-06;11;1337
1;2025-11-06;12;1398
1;2025-11-06;13;1446
1;2025-11-06;14;1394
1;2025-11-06;15;1476
1;2025-11-06;16;1552
1;2025-11-06;17;1809
1;2025-11-06;18;1781
1;2025-11-06;19;1339
1;2025-11-06;20;848
1;2025-11-06;21;441
1;2025-11-06;22;173
1;2025-11-06;23;34
1;2025-11-07;0;3
1;2025-11-07;1;0
1;2025-11-07;2;0
1;2025-11-07;3;0
1;2025-11-07;4;9
1;2025-11-07;5;120
1;2025-11-07;6;485
1;2025-11-07;7;1522
1;2025-11-07;8;1929
1;2025-11-07;9;1459
1;2025-11-07;10;1334
1;2025-11-07;11;1356
1;2025-11-07;12;1412
1;2025-11-07;13;1472
1;2025-11-07;14;1429
1;2025-11-07;15;1541
1;2025-11-07;16;1655
1;2025-11-07;17;1837
1;2025-11-07;18;1619
1;2025-11-07;19;1268
1;2025-11-07;20;831
1;2025-11-07;21;450
1;2025-11-07;22;187
1;2025-11-07;23;41
1;2025-11-08;0;4
1;2025-11-08;1;0
1;2025-11-08;2;0
1;2025-11-08;3;0
1;2025-11-08;4;0
1;2025-11-08;5;31
1;2025-11-08;6;160
1;2025-11-08;7;373
1;2025-11-08;8;517
1;2025-11-08;9;775
1;2025-11-08;10;918
1;2025-11-08;11;886
1;2025-11-08;12;1068
1;2025-11-08;13;1141
1;2025-11-08;14;1042
1;2025-11-08;15;922
1;2025-11-08;16;828
1;2025-11-08;17;763
1;2025-11-08;18;641
1;2025-11-08;19;561
1;2025-11-08;20;420
1;2025-11-08;21;288
1;2025-11-08;22;113
1;2025-11-08;23;26
1;2025-11-09;0;0
1;2025-11-09;1;0
1;2025-11-09;2;0
1;2025-11-09;3;0
1;2025-11-09;4;0
1;2025-11-09;5;23
1;2025-11-09;6;113
1;2025-11-09;7;272
1;2025-11-09;8;366
1;2025-11-09;9;605
1;2025-11-09;10;698
1;2025-11-09;11;719
1;2025-11-09;12;842
1;2025-11-09;13;869
1;2025-11-09;14;820
1;2025-11-09;15;714
1;2025-11-09;16;663
1;2025-11-09;17;603
1;2025-11-09;18;528
1;2025-11-09;19;450
1;2025-11-09;20;334
1;2025-11-09;21;248
1;2025-11-09;22;92
1;2025-11-09;23;25
1;2025-11-10;0;2
1;2025-11-10;1;0
1;2025-11-10;2;0
1;2025-11-10;3;0
1;2025-11-10;4;9
1;2025-11-10;5;123
1;2025-11-10;6;500
1;2025-11-10;7;1571
1;2025-11-10;8;2047
1;2025-11-10;9;1508
1;2025-11-10;10;1366
1;2025-11-10;11;1362
1;2025-11-10;12;1429
1;2025-11-10;13;1478
1;2025-11-10;14;1428
1;2025-11-10;15;1515
1;2025-11-10;16;1586
1;2025-11-10;17;1874
1;2025-11-10;18;1851
1;2025-11-10;19;1381
1;2025-11-10;20;873
1;2025-11-10;21;453
1;2025-11-10;22;178
1;2025-11-10;23;33
1;2025-11-11;0;3
1;2025-11-11;1;0
1;2025-11-11;2;0
1;2025-11-11;3;0
1;2025-11-11;4;9
1;2025-11-11;5;120
1;2025-11-11;6;497
1;2025-11-11;7;1566
1;2025-11-11;8;2043
1;2025-11-11;9;1507
1;2025-11-11;10;1372
1;2025-11-11;11;1371
1;2025-11-11;12;1434
1;2025-11-11;13;1478
1;2025-11-11;14;1424
1;2025-11-11;15;1510
1;2025-11-11;16;1578
1;2025-11-11;17;1862
1;2025-11-11;18;1835
1;2025-11-11;19;1373
1;2025-11-11;20;870
1;2025-11-11;21;456
1;2025-11-11;22;183
1;2025-11-11;23;37
1;2025-11-12;0;3
1;2025-11-12;1;0
1;2025-11-12;2;0
1;2025-11-12;3;0
1;2025-11-12;4;9
1;2025-11-12;5;121
1;2025-11-12;6;494
1;2025-11-12;7;1540
1;2025-11-12;8;2011
1;2025-11-12;9;1495
1;2025-11-12;10;1362
1;2025-11-12;11;1360
1;2025-11-12;12;1420
1;2025-11-12;13;1471
1;2025-11-12;14;1409
1;2025-11-12;15;1502
1;2025-11-12;16;1566
1;2025-11-12;17;1841
1;2025-11-12;18;1806
1;2025-11-12;19;1353
1;2025-11-12;20;863
1;2025-11-12;21;456
1;2025-11-12;22;181
1;2025-11-12;23;35
1;2025-11-13;0;3
1;2025-11-13;1;0
1;2025-11-13;2;0
1;2025-11-13;3;0
1;2025-11-13;4;9
1;2025-11-13;5;119
1;2025-11-13;6;485
1;2025-11-13;7;1533
1;2025-11-13;8;2005
1;2025-11-13;9;1483
1;2025-11-13;10;1355
1;2025-11-13;11;1358
1;2025-11-13;12;1421
1;2025-11-13;13;1468
1;2025-11-13;14;1415
1;2025-11-13;15;1500
1;2025-11-13;16;1572
1;2025-11-13;17;1835
1;2025-11-13;18;1809
1;2025-11-13;19;1350
1;2025-11-13;20;861
1;2025-11-13;21;451
1;2025-11-13;22;179
1;2025-11-13;23;34
1;2025-11-14;0;3
1;2025-11-14;1;0
1;2025-11-14;2;0
1;2025-11-14;3;0
1;2025-11-14;4;9
1;2025-11-14;5;122
1;2025-11-14;6;488
1;2025-11-14;7;1538
1;2025-11-14;8;1956
1;2025-11-14;9;1479
1;2025-11-14;10;1345
1;2025-11-14;11;1370
1;2025-11-14;12;1432
1;2025-11-14;13;1487
1;2025-11-14;14;1445
1;2025-11-14;15;1550
1;2025-11-14;16;1667
1;2025-11-14;17;1852
1;2025-11-14;18;1642
1;2025-11-14;19;1278
1;2025-11-14;20;839
1;2025-11-14;21;453
1;2025-11-14;22;185
1;2025-11-14;23;40
1;2025-11-15;0;4
1;2025-11-15;1;0
1;2025-11-15;2;0
1;2025-11-15;3;0
1;2025-11-15;4;0
1;2025-11-15;5;30
1;2025-11-15;6;156
1;2025-11-15;7;360
1;2025-11-15;8;501
1;2025-11-15;9;755
1;2025-11-15;10;887
1;2025-11-15;11;863
1;2025-11-15;12;1040
1;2025-11-15;13;1106
1;2025-11-15;14;1015
1;2025-11-15;15;898
1;2025-11-15;16;804
1;2025-11-15;17;742
1;2025-11-15;18;624
1;2025-11-15;19;548
1;2025-11-15;20;406
1;2025-11-15;21;280
1;2025-11-15;22;109
1;2025-11-15;23;26
1;2025-11-16;0;0
1;2025-11-16;1;0
1;2025-11-16;2;0
1;2025-11-16;3;0
1;2025-11-16;4;0
1;2025-11-16;5;23
1;2025-11-16;6;111
1;2025-11-16;7;270
1;2025-11-16;8;365
1;2025-11-16;9;603
1;2025-11-16;10;702
1;2025-11-16;11;724
1;2025-11-16;12;854
1;2025-11-16;13;879
1;2025-11-16;14;822
1;2025-11-16;15;718
1;2025-11-16;16;666
1;2025-11-16;17;605
1;2025-11-16;18;533
1;2025-11-16;19;450
1;2025-11-16;20;330
1;2025-11-16;21;250
1;2025-11-16;22;94
1;2025-11-16;23;27
1;2025-11-17;0;2
1;2025-11-17;1;0
1;2025-11-17;2;0
1;2025-11-17;3;0
1;2025-11-17;4;8
1;2025-11-17;5;123
1;2025-11-17;6;497
1;2025-11-17;7;1557
1;2025-11-17;8;2012
1;2025-11-17;9;1496
1;2025-11-17;10;1351
1;2025-11-17;11;1342
1;2025-11-17;12;1412
1;2025-11-17;13;1459
1;2025-11-17;14;1398
1;2025-11-17;15;1489
1;2025-11-17;16;1568
1;2025-11-17;17;1848
1;2025-11-17;18;1825
1;2025-11-17;19;1367
1;2025-11-17;20;865
1;2025-11-17;21;451
1;2025-11-17;22;179
1;2025-11-17;23;36
1;2025-11-18;0;3
1;2025-11-18;1;0
1;2025-11-18;2;0
1;2025-11-18;3;0
1;2025-11-18;4;9
1;2025-11-18;5;117
1;2025-11-18;6;488
1;2025-11-18;7;1525
1;2025-11-18;8;1830
1;2025-11-18;9;1470
1;2025-11-18;10;1330
1;2025-11-18;11;1321
1;2025-11-18;12;1385
1;2025-11-18;13;1432
1;2025-11-18;14;1371
1;2025-11-18;15;1450
1;2025-11-18;16;1527
1;2025-11-18;17;1813
1;2025-11-18;18;1788
1;2025-11-18;19;1346
1;2025-11-18;20;844
1;2025-11-18;21;441
1;2025-11-18;22;173
1;2025-11-18;23;35
1;2025-11-19;0;3
1;2025-11-19;1;0
1;2025-11-19;2;0
1;2025-11-19;3;0
1;2025-11-19;4;9
1;2025-11-19;5;122
1;2025-11-19;6;499
1;2025-11-19;7;1553
1;2025-11-19;8;2023
1;2025-11-19;9;1504
1;2025-11-19;10;1370
1;2025-11-19;11;1381
1;2025-11-19;12;1439
1;2025-11-19;13;1494
1;2025-11-19;14;1434
1;2025-11-19;15;1530
1;2025-11-19;16;1586
1;2025-11-19;17;1858
1;2025-11-19;18;1816
1;2025-11-19;19;1360
1;2025-11-19;20;865
1;2025-11-19;21;459
1;2025-11-19;22;185
1;2025-11-19;23;37
1;2025-11-20;0;3
1;2025-11-20;1;0
1;2025-11-20;2;0
1;2025-11-20;3;0
1;2025-11-20;4;9
1;2025-11-20;5;122
1;2025-11-20;6;491
1;2025-11-20;7;1541
1;2025-11-20;8;2000
1;2025-11-20;9;1485
1;2025-11-20;10;1359
1;2025-11-20;11;1368
1;2025-11-20;12;1430
1;2025-11-20;13;1481
1;2025-11-20;14;1424
1;2025-11-20;15;1523
1;2025-11-20;16;1588
1;2025-11-20;17;1840
1;2025-11-20;18;1803
1;2025-11-20;19;1350
1;2025-11-20;20;858
1;2025-11-20;21;451
1;2025-11-20;22;180
1;2025-11-20;23;35
1;2025-11-21;0;3
1;2025-11-21;1;0
1;2025-11-21;2;0
1;2025-11-21;3;0
1;2025-11-21;4;9
1;2025-11-21;5;123
1;2025-11-21;6;493
1;2025-11-21;7;1547
1;2025-11-21;8;1951
1;2025-11-21;9;1480
1;2025-11-21;10;1352
1;2025-11-21;11;1382
1;2025-11-21;12;1438
1;2025-11-21;13;1494
1;2025-11-21;14;1452
1;2025-11-21;15;1563
1;2025-11-21;16;1676
1;2025-11-21;17;1855
1;2025-11-21;18;1639
1;2025-11-21;19;1275
1;2025-11-21;20;838
1;2025-11-21;21;456
1;2025-11-21;22;190
1;2025-11-21;23;44
1;2025-11-22;0;4
1;2025-11-22;1;0
1;2025-11-22;2;0
1;2025-11-22;3;0
1;2025-11-22;4;0
1;2025-11-22;5;30
1;2025-11-22;6;158
1;2025-11-22;7;366
1;2025-11-22;8;508
1;2025-11-22;9;769
1;2025-11-22;10;905
1;2025-11-22;11;880
1;2025-11-22;12;1061
1;2025-11-22;13;1128
1;2025-11-22;14;1035
1;2025-11-22;15;915
1;2025-11-22;16;822
1;2025-11-22;17;754
1;2025-11-22;18;634
1;2025-11-22;19;552
1;2025-11-22;20;410
1;2025-11-22;21;283
1;2025-11-22;22;109
1;2025-11-22;23;26
1;2025-11-23;0;0
1;2025-11-23;1;0
1;2025-11-23;2;0
1;2025-11-23;3;0
1;2025-11-23;4;0
1;2025-11-23;5;23
1;2025-11-23;6;112
1;2025-11-23;7;270
1;2025-11-23;8;366
1;2025-11-23;9;605
1;2025-11-23;10;703
1;2025-11-23;11;728
1;2025-11-23;12;856
1;2025-11-23;13;881
1;2025-11-23;14;821
1;2025-11-23;15;715
1;2025-11-23;16;665
1;2025-11-23;17;604
1;2025-11-23;18;532
1;2025-11-23;19;446
1;2025-11-23;20;328
1;2025-11-23;21;247
1;2025-11-23;22;93
1;2025-11-23;23;26
1;2025-11-24;0;3
1;2025-11-24;1;0
1;2025-11-24;2;0
1;2025-11-24;3;0
1;2025-11-24;4;9
1;2025-11-24;5;120
1;2025-11-24;6;490
1;2025-11-24;7;1538
1;2025-11-24;8;1992
1;2025-11-24;9;1478
1;2025-11-24;10;1334
1;2025-11-24;11;1315
1;2025-11-24;12;1388
1;2025-11-24;13;1439
1;2025-11-24;14;1380
1;2025-11-24;15;1462
1;2025-11-24;16;1541
1;2025-11-24;17;1831
1;2025-11-24;18;1810
1;2025-11-24;19;1358
1;2025-11-24;20;851
1;2025-11-24;21;443
1;2025-11-24;22;171
1;2025-11-24;23;32
1;2025-11-25;0;4
1;2025-11-25;1;0
1;2025-11-25;2;0
1;2025-11-25;3;0
1;2025-11-25;4;8
1;2025-11-25;5;120
1;2025-11-25;6;503
1;2025-11-25;7;1572
1;2025-11-25;8;2037
1;2025-11-25;9;1512
1;2025-11-25;10;1379
1;2025-11-25;11;1388
1;2025-11-25;12;1446
1;2025-11-25;13;1493
1;2025-11-25;14;1437
1;2025-11-25;15;1529
1;2025-11-25;16;1593
1;2025-11-25;17;1868
1;2025-11-25;18;1831
1;2025-11-25;19;1367
1;2025-11-25;20;865
1;2025-11-25;21;456
1;2025-11-25;22;183
1;2025-11-25;23;38
1;2025-11-26;0;3
1;2025-11-26;1;0
1;2025-11-26;2;0
1;2025-11-26;3;0
1;2025-11-26;4;8
1;2025-11-26;5;121
1;2025-11-26;6;491
1;2025-11-26;7;1529
1;2025-11-26;8;1990
1;2025-11-26;9;1487
1;2025-11-26;10;1353
1;2025-11-26;11;1343
1;2025-11-26;12;1408
1;2025-11-26;13;1459
1;2025-11-26;14;1397
1;2025-11-26;15;1484
1;2025-11-26;16;1553
1;2025-11-26;17;1822
1;2025-11-26;18;1786
1;2025-11-26;19;1344
1;2025-11-26;20;849
1;2025-11-26;21;446
1;2025-11-26;22;178
1;2025-11-26;23;35
1;2025-11-27;0;2
1;2025-11-27;1;0
1;2025-11-27;2;0
1;2025-11-27;3;0
1;2025-11-27;4;9
1;2025-11-27;5;119
1;2025-11-27;6;481
1;2025-11-27;7;1521
1;2025-11-27;8;1985
1;2025-11-27;9;1475
1;2025-11-27;10;1347
1;2025-11-27;11;1331
1;2025-11-27;12;1403
1;2025-11-27;13;1451
1;2025-11-27;14;1393
1;2025-11-27;15;1475
1;2025-11-27;16;1552
1;2025-11-27;17;1814
1;2025-11-27;18;1786
1;2025-11-27;19;1331
1;2025-11-27;20;844
1;2025-11-27;21;441
1;2025-11-27;22;171
1;2025-11-27;23;33
1;2025-11-28;0;3
1;2025-11-28;1;0
1;2025-11-28;2;0
1;2025-11-28;3;0
1;2025-11-28;4;8
1;2025-11-28;5;123
1;2025-11-28;6;490
1;2025-11-28;7;1528
1;2025-11-28;8;1941
1;2025-11-28;9;1471
1;2025-11-28;10;1340
1;2025-11-28;11;1363
1;2025-11-28;12;1421
1;2025-11-28;13;1476
1;2025-11-28;14;1434
1;2025-11-28;15;1537
1;2025-11-28;16;1651
1;2025-11-28;17;1841
1;2025-11-28;18;1630
1;2025-11-28;19;1265
1;2025-11-28;20;827
1;2025-11-28;21;452
1;2025-11-28;22;184
1;2025-11-28;23;40
1;2025-11-29;0;4
1;2025-11-29;1;0
1;2025-11-29;2;0
1;2025-11-29;3;0
1;2025-11-29;4;0
1;2025-11-29;5;30
1;2025-11-29;6;161
1;2025-11-29;7;374
1;2025-11-29;8;521
1;2025-11-29;9;787
1;2025-11-29;10;927
1;2025-11-29;11;905
1;2025-11-29;12;1089
1;2025-11-29;13;1156
1;2025-11-29;14;1061
1;2025-11-29;15;935
1;2025-11-29;16;840
1;2025-11-29;17;772
1;2025-11-29;18;647
1;2025-11-29;19;563
1;2025-11-29;20;419
1;2025-11-29;21;289
1;2025-11-29;22;113
1;2025-11-29;23;27
1;2025-11-30;0;0
1;2025-11-30;1;0
1;2025-11-30;2;0
1;2025-11-30;3;0
1;2025-11-30;4;0
1;2025-11-30;5;23
1;2025-11-30;6;111
1;2025-11-30;7;272
1;2025-11-30;8;367
1;2025-11-30;9;607
1;2025-11-30;10;707
1;2025-11-30;11;724
1;2025-11-30;12;854
1;2025-11-30;13;882
1;2025-11-30;14;821
1;2025-11-30;15;717
1;2025-11-30;16;668
1;2025-11-30;17;607
1;2025-11-30;18;532
1;2025-11-30;19;449
1;2025-11-30;20;330
1;2025-11-30;21;248
1;2025-11-30;22;93
1;2025-11-30;23;27
1;2025-12-01;0;2
1;2025-12-01;1;0
1;2025-12-01;2;0
1;2025-12-01;3;0
1;2025-12-01;4;11
1;2025-12-01;5;126
1;2025-12-01;6;510
1;2025-12-01;7;1602
1;2025-12-01;8;2085
1;2025-12-01;9;1536
1;2025-12-01;10;1397
1;2025-12-01;11;1399
1;2025-12-01;12;1465
1;2025-12-01;13;1516
1;2025-12-01;14;1465
1;2025-12-01;15;1557
1;2025-12-01;16;1627
1;2025-12-01;17;1913
1;2025-12-01;18;1876
1;2025-12-01;19;1397
1;2025-12-01;20;881
1;2025-12-01;21;463
1;2025-12-01;22;180
1;2025-12-01;23;34
1;2025-12-02;0;3
1;2025-12-02;1;0
1;2025-12-02;2;0
1;2025-12-02;3;0
1;2025-12-02;4;9
1;2025-12-02;5;123
1;2025-12-02;6;511
1;2025-12-02;7;1597
1;2025-12-02;8;2072
1;2025-12-02;9;1538
1;2025-12-02;10;1404
1;2025-12-02;11;1412
1;2025-12-02;12;1470
1;2025-12-02;13;1517
1;2025-12-02;14;1461
1;2025-12-02;15;1554
1;2025-12-02;16;1618
1;2025-12-02;17;1898
1;2025-12-02;18;1855
1;2025-12-02;19;1389
1;2025-12-02;20;877
1;2025-12-02;21;465
1;2025-12-02;22;184
1;2025-12-02;23;39
1;2025-12-03;0;3
1;2025-12-03;1;0
1;2025-12-03;2;0
1;2025-12-03;3;0
1;2025-12-03;4;9
1;2025-12-03;5;125
1;2025-12-03;6;507
1;2025-12-03;7;1581
1;2025-12-03;8;2062
1;2025-12-03;9;1532
1;2025-12-03;10;1405
1;2025-12-03;11;1412
1;2025-12-03;12;1468
1;2025-12-03;13;1525
1;2025-12-03;14;1463
1;2025-12-03;15;1556
1;2025-12-03;16;1621
1;2025-12-03;17;1895
1;2025-12-03;18;1840
1;2025-12-03;19;1379
1;2025-12-03;20;878
1;2025-12-03;21;468
1;2025-12-03;22;188
1;2025-12-03;23;38
1;2025-12-04;0;3
1;2025-12-04;1;0
1;2025-12-04;2;0
1;2025-12-04;3;0
1;2025-12-04;4;9
1;2025-12-04;5;122
1;2025-12-04;6;499
1;2025-12-04;7;1568
1;2025-12-04;8;2047
1;2025-12-04;9;1515
1;2025-12-04;10;1395
1;2025-12-04;11;1399
1;2025-12-04;12;1459
1;2025-12-04;13;1511
1;2025-12-04;14;1455
1;2025-12-04;15;1546
1;2025-12-04;16;1615
1;2025-12-04;17;1872
1;2025-12-04;18;1835
1;2025-12-04;19;1367
1;2025-12-04;20;875
1;2025-12-04;21;459
1;2025-12-04;22;183
1;2025-12-04;23;36
1;2025-12-05;0;4
1;2025-12-05;1;0
1;2025-12-05;2;0
1;2025-12-05;3;0
1;2025-12-05;4;9
1;2025-12-05;5;125
1;2025-12-05;6;504
1;2025-12-05;7;1576
1;2025-12-05;8;2001
1;2025-12-05;9;1516
1;2025-12-05;10;1388
1;2025-12-05;11;1418
1;2025-12-05;12;1473
1;2025-12-05;13;1531
1;2025-12-05;14;1487
1;2025-12-05;15;1603
1;2025-12-05;16;1711
1;2025-12-05;17;1894
1;2025-12-05;18;1663
1;2025-12-05;19;1294
1;2025-12-05;20;854
1;2025-12-05;21;466
1;2025-12-05;22;193
1;2025-12-05;23;44
1;2025-12-06;0;4
1;2025-12-06;1;0
1;2025-12-06;2;0
1;2025-12-06;3;0
1;2025-12-06;4;0
1;2025-12-06;5;32
1;2025-12-06;6;164
1;2025-12-06;7;382
1;2025-12-06;8;532
1;2025-12-06;9;802
1;2025-12-06;10;942
1;2025-12-06;11;921
1;2025-12-06;12;1106
1;2025-12-06;13;1177
1;2025-12-06;14;1076
1;2025-12-06;15;951
1;2025-12-06;16;855
1;2025-12-06;17;785
1;2025-12-06;18;658
1;2025-12-06;19;572
1;2025-12-06;20;423
1;2025-12-06;21;294
1;2025-12-06;22;115
1;2025-12-06;23;27
1;2025-12-07;0;0
1;2025-12-07;1;0
1;2025-12-07;2;0
1;2025-12-07;3;0
1;2025-12-07;4;0
1;2025-12-07;5;24
1;2025-12-07;6;113
1;2025-12-07;7;275
1;2025-12-07;8;373
1;2025-12-07;9;617
1;2025-12-07;10;714
1;2025-12-07;11;739
1;2025-12-07;12;871
1;2025-12-07;13;898
1;2025-12-07;14;835
1;2025-12-07;15;727
1;2025-12-07;16;679
1;2025-12-07;17;617
1;2025-12-07;18;539
1;2025-12-07;19;454
1;2025-12-07;20;333
1;2025-12-07;21;251
1;2025-12-07;22;95
1;2025-12-07;23;28
1;2025-12-08;0;3
1;2025-12-08;1;0
1;2025-12-08;2;0
1;2025-12-08;3;0
1;2025-12-08;4;9
1;2025-12-08;5;126
1;2025-12-08;6;513
1;2025-12-08;7;1603
1;2025-12-08;8;2082
1;2025-12-08;9;1540
1;2025-12-08;10;1401
1;2025-12-08;11;1405
1;2025-12-08;12;1469
1;2025-12-08;13;1520
1;2025-12-08;14;1470
1;2025-12-08;15;1565
1;2025-12-08;16;1633
1;2025-12-08;17;1916
1;2025-12-08;18;1877
1;2025-12-08;19;1400
1;2025-12-08;20;881
1;2025-12-08;21;464
1;2025-12-08;22;181
1;2025-12-08;23;35
1;2025-12-09;0;3
1;2025-12-09;1;0
1;2025-12-09;2;0
1;2025-12-09;3;0
1;2025-12-09;4;9
1;2025-12-09;5;123
1;2025-12-09;6;509
1;2025-12-09;7;1594
1;2025-12-09;8;2062
1;2025-12-09;9;1537
1;2025-12-09;10;1405
1;2025-12-09;11;1408
1;2025-12-09;12;1469
1;2025-12-09;13;1517
1;2025-12-09;14;1454
1;2025-12-09;15;1551
1;2025-12-09;16;1617
1;2025-12-09;17;1893
1;2025-12-09;18;1849
1;2025-12-09;19;1390
1;2025-12-09;20;877
1;2025-12-09;21;463
1;2025-12-09;22;184
1;2025-12-09;23;38
1;2025-12-10;0;3
1;2025-12-10;1;0
1;2025-12-10;2;0
1;2025-12-10;3;0
1;2025-12-10;4;10
1;2025-12-10;5;124
1;2025-12-10;6;500
1;2025-12-10;7;1567
1;2025-12-10;8;2039
1;2025-12-10;9;1524
1;2025-12-10;10;1397
1;2025-12-10;11;1397
1;2025-12-10;12;1460
1;2025-12-10;13;1513
1;2025-12-10;14;1447
1;2025-12-10;15;1540
1;2025-12-10;16;1610
1;2025-12-10;17;1877
1;2025-12-10;18;1826
1;2025-12-10;19;1374
1;2025-12-10;20;876
1;2025-12-10;21;464
1;2025-12-10;22;188
1;2025-12-10;23;38
1;2025-12-11;0;3
1;2025-12-11;1;0
1;2025-12-11;2;0
1;2025-12-11;3;0
1;2025-12-11;4;9
1;2025-12-11;5;121
1;2025-12-11;6;493
1;2025-12-11;7;1545
1;2025-12-11;8;2013
1;2025-12-11;9;1499
1;2025-12-11;10;1368
1;2025-12-11;11;1366
1;2025-12-11;12;1432
1;2025-12-11;13;1479
1;2025-12-11;14;1422
1;2025-12-11;15;1507
1;2025-12-11;16;1585
1;2025-12-11;17;1844
1;2025-12-11;18;1804
1;2025-12-11;19;1346
1;2025-12-11;20;857
1;2025-12-11;21;449
1;2025-12-11;22;177
1;2025-12-11;23;35
1;2025-12-12;0;4
1;2025-12-12;1;0
1;2025-12-12;2;0
1;2025-12-12;3;0
1;2025-12-12;4;8
1;2025-12-12;5;126
1;2025-12-12;6;498
1;2025-12-12;7;1557
1;2025-12-12;8;1971
1;2025-12-12;9;1501
1;2025-12-12;10;1369
1;2025-12-12;11;1394
1;2025-12-12;12;1448
1;2025-12-12;13;1502
1;2025-12-12;14;1455
1;2025-12-12;15;1558
1;2025-12-12;16;1673
1;2025-12-12;17;1858
1;2025-12-12;18;1633
1;2025-12-12;19;1271
1;2025-12-12;20;837
1;2025-12-12;21;455
1;2025-12-12;22;186
1;2025-12-12;23;43
1;2025-12-13;0;4
1;2025-12-13;1;0
1;2025-12-13;2;0
1;2025-12-13;3;0
1;2025-12-13;4;0
1;2025-12-13;5;32
1;2025-12-13;6;164
1;2025-12-13;7;379
1;2025-12-13;8;528
1;2025-12-13;9;801
1;2025-12-13;10;942
1;2025-12-13;11;918
1;2025-12-13;12;1105
1;2025-12-13;13;1169
1;2025-12-13;14;1071
1;2025-12-13;15;936
1;2025-12-13;16;849
1;2025-12-13;17;779
1;2025-12-13;18;653
1;2025-12-13;19;569
1;2025-12-13;20;421
1;2025-12-13;21;293
1;2025-12-13;22;114
1;2025-12-13;23;27
1;2025-12-14;0;0
1;2025-12-14;1;0
1;2025-12-14;2;0
1;2025-12-14;3;0
1;2025-12-14;4;0
1;2025-12-14;5;23
1;2025-12-14;6;112
1;2025-12-14;7;275
1;2025-12-14;8;370
1;2025-12-14;9;617
1;2025-12-14;10;712
1;2025-12-14;11;732
1;2025-12-14;12;864
1;2025-12-14;13;894
1;2025-12-14;14;830
1;2025-12-14;15;723
1;2025-12-14;16;675
1;2025-12-14;17;613
1;2025-12-14;18;534
1;2025-12-14;19;452
1;2025-12-14;20;332
1;2025-12-14;21;249
1;2025-12-14;22;95
1;2025-12-14;23;28
1;2025-12-15;0;3
1;2025-12-15;1;0
1;2025-12-15;2;0
1;2025-12-15;3;0
1;2025-12-15;4;9
1;2025-12-15;5;126
1;2025-12-15;6;517
1;2025-12-15;7;1606
1;2025-12-15;8;2070
1;2025-12-15;9;1556
1;2025-12-15;10;1413
1;2025-12-15;11;1410
1;2025-12-15;12;1474
1;2025-12-15;13;1526
1;2025-12-15;14;1460
1;2025-12-15;15;1548
1;2025-12-15;16;1620
1;2025-12-15;17;1907
1;2025-12-15;18;1883
1;2025-12-15;19;1408
1;2025-12-15;20;886
1;2025-12-15;21;464
1;2025-12-15;22;180
1;2025-12-15;23;35
1;2025-12-16;0;2
1;2025-12-16;1;0
1;2025-12-16;2;0
1;2025-12-16;3;0
1;2025-12-16;4;9
1;2025-12-16;5;122
1;2025-12-16;6;512
1;2025-12-16;7;1599
1;2025-12-16;8;2070
1;2025-12-16;9;1547
1;2025-12-16;10;1412
1;2025-12-16;11;1413
1;2025-12-16;12;1471
1;2025-12-16;13;1519
1;2025-12-16;14;1457
1;2025-12-16;15;1553
1;2025-12-16;16;1620
1;2025-12-16;17;1900
1;2025-12-16;18;1860
1;2025-12-16;19;1398
1;2025-12-16;20;884
1;2025-12-16;21;464
1;2025-12-16;22;188
1;2025-12-16;23;40
1;2025-12-17;0;3
1;2025-12-17;1;0
1;2025-12-17;2;0
1;2025-12-17;3;0
1;2025-12-17;4;9
1;2025-12-17;5;126
1;2025-12-17;6;510
1;2025-12-17;7;1586
1;2025-12-17;8;2076
1;2025-12-17;9;1541
1;2025-12-17;10;1415
1;2025-12-17;11;1421
1;2025-12-17;12;1478
1;2025-12-17;13;1533
1;2025-12-17;14;1470
1;2025-12-17;15;1564
1;2025-12-17;16;1625
1;2025-12-17;17;1904
1;2025-12-17;18;1845
1;2025-12-17;19;1384
1;2025-12-17;20;878
1;2025-12-17;21;469
1;2025-12-17;22;188
1;2025-12-17;23;38
1;2025-12-18;0;3
1;2025-12-18;1;0
1;2025-12-18;2;0
1;2025-12-18;3;0
1;2025-12-18;4;9
1;2025-12-18;5;124
1;2025-12-18;6;500
1;2025-12-18;7;1570
1;2025-12-18;8;2045
1;2025-12-18;9;1519
1;2025-12-18;10;1394
1;2025-12-18;11;1406
1;2025-12-18;12;1465
1;2025-12-18;13;1516
1;2025-12-18;14;1460
1;2025-12-18;15;1557
1;2025-12-18;16;1622
1;2025-12-18;17;1877
1;2025-12-18;18;1833
1;2025-12-18;19;1364
1;2025-12-18;20;871
1;2025-12-18;21;459
1;2025-12-18;22;184
1;2025-12-18;23;38
1;2025-12-19;0;5
1;2025-12-19;1;0
1;2025-12-19;2;0
1;2025-12-19;3;0
1;2025-12-19;4;8
1;2025-12-19;5;127
1;2025-12-19;6;507
1;2025-12-19;7;1580
1;2025-12-19;8;1994
1;2025-12-19;9;1516
1;2025-12-19;10;1389
1;2025-12-19;11;1425
1;2025-12-19;12;1477
1;2025-12-19;13;1536
1;2025-12-19;14;1492
1;2025-12-19;15;1615
1;2025-12-19;16;1717
1;2025-12-19;17;1902
1;2025-12-19;18;1665
1;2025-12-19;19;1293
1;2025-12-19;20;851
1;2025-12-19;21;466
1;2025-12-19;22;192
1;2025-12-19;23;44
1;2025-12-20;0;4
1;2025-12-20;1;0
1;2025-12-20;2;0
1;2025-12-20;3;0
1;2025-12-20;4;0
1;2025-12-20;5;31
1;2025-12-20;6;165
1;2025-12-20;7;382
1;2025-12-20;8;532
1;2025-12-20;9;805
1;2025-12-20;10;946
1;2025-12-20;11;926
1;2025-12-20;12;1112
1;2025-12-20;13;1179
1;2025-12-20;14;1083
1;2025-12-20;15;954
1;2025-12-20;16;858
1;2025-12-20;17;789
1;2025-12-20;18;658
1;2025-12-20;19;574
1;2025-12-20;20;427
1;2025-12-20;21;295
1;2025-12-20;22;115
1;2025-12-20;23;27
1;2025-12-21;0;0
1;2025-12-21;1;0
1;2025-12-21;2;0
1;2025-12-21;3;0
1;2025-12-21;4;0
1;2025-12-21;5;23
1;2025-12-21;6;114
1;2025-12-21;7;275
1;2025-12-21;8;372
1;2025-12-21;9;617
1;2025-12-21;10;716
1;2025-12-21;11;737
1;2025-12-21;12;869
1;2025-12-21;13;892
1;2025-12-21;14;836
1;2025-12-21;15;728
1;2025-12-21;16;678
1;2025-12-21;17;615
1;2025-12-21;18;538
1;2025-12-21;19;453
1;2025-12-21;20;333
1;2025-12-21;21;251
1;2025-12-21;22;95
1;2025-12-21;23;27
1;2025-12-22;0;3
1;2025-12-22;1;0
1;2025-12-22;2;0
1;2025-12-22;3;0
1;2025-12-22;4;11
1;2025-12-22;5;126
1;2025-12-22;6;507
1;2025-12-22;7;1591
1;2025-12-22;8;2063
1;2025-12-22;9;1532
1;2025-12-22;10;1397
1;2025-12-22;11;1388
1;2025-12-22;12;1457
1;2025-12-22;13;1509
1;2025-12-22;14;1453
1;2025-12-22;15;1540
1;2025-12-22;16;1619
1;2025-12-22;17;1898
1;2025-12-22;18;1857
1;2025-12-22;19;1387
1;2025-12-22;20;875
1;2025-12-22;21;458
1;2025-12-22;22;179
1;2025-12-22;23;35
1;2025-12-23;0;3
1;2025-12-23;1;0
1;2025-12-23;2;0
1;2025-12-23;3;0
1;2025-12-23;4;10
1;2025-12-23;5;124
1;2025-12-23;6;519
1;2025-12-23;7;1604
1;2025-12-23;8;2063
1;2025-12-23;9;1557
1;2025-12-23;10;1424
1;2025-12-23;11;1425
1;2025-12-23;12;1483
1;2025-12-23;13;1527
1;2025-12-23;14;1454
1;2025-12-23;15;1539
1;2025-12-23;16;1617
1;2025-12-23;17;1900
1;2025-12-23;18;1862
1;2025-12-23;19;1393
1;2025-12-23;20;876
1;2025-12-23;21;464
1;2025-12-23;22;185
1;2025-12-23;23;38
1;2025-12-24;0;3
1;2025-12-24;1;0
1;2025-12-24;2;0
1;2025-12-24;3;0
1;2025-12-24;4;9
1;2025-12-24;5;127
1;2025-12-24;6;514
1;2025-12-24;7;1586
1;2025-12-24;8;2045
1;2025-12-24;9;1554
1;2025-12-24;10;1423
1;2025-12-24;11;1428
1;2025-12-24;12;1482
1;2025-12-24;13;1535
1;2025-12-24;14;1455
1;2025-12-24;15;1546
1;2025-12-24;16;1616
1;2025-12-24;17;1891
1;2025-12-24;18;1846
1;2025-12-24;19;1380
1;2025-12-24;20;889
1;2025-12-24;21;472
1;2025-12-24;22;191
1;2025-12-24;23;39
1;2025-12-25;0;4
1;2025-12-25;1;0
1;2025-12-25;2;0
1;2025-12-25;3;0
1;2025-12-25;4;10
1;2025-12-25;5;122
1;2025-12-25;6;498
1;2025-12-25;7;1549
1;2025-12-25;8;2016
1;2025-12-25;9;1508
1;2025-12-25;10;1387
1;2025-12-25;11;1391
1;2025-12-25;12;1447
1;2025-12-25;13;1499
1;2025-12-25;14;1439
1;2025-12-25;15;1528
1;2025-12-25;16;1602
1;2025-12-25;17;1854
1;2025-12-25;18;1807
1;2025-12-25;19;1344
1;2025-12-25;20;856
1;2025-12-25;21;450
1;2025-12-25;22;182
1;2025-12-25;23;35
1;2025-12-26;0;3
1;2025-12-26;1;0
1;2025-12-26;2;0
1;2025-12-26;3;0
1;2025-12-26;4;8
1;2025-12-26;5;123
1;2025-12-26;6;493
1;2025-12-26;7;1535
1;2025-12-26;8;1946
1;2025-12-26;9;1485
1;2025-12-26;10;1353
1;2025-12-26;11;1371
1;2025-12-26;12;1427
1;2025-12-26;13;1484
1;2025-12-26;14;1437
1;2025-12-26;15;1543
1;2025-12-26;16;1661
1;2025-12-26;17;1842
1;2025-12-26;18;1620
1;2025-12-26;19;1265
1;2025-12-26;20;829
1;2025-12-26;21;449
1;2025-12-26;22;184
1;2025-12-26;23;45
1;2025-12-27;0;4
1;2025-12-27;1;0
1;2025-12-27;2;0
1;2025-12-27;3;0
1;2025-12-27;4;0
1;2025-12-27;5;30
1;2025-12-27;6;163
1;2025-12-27;7;379
1;2025-12-27;8;529
1;2025-12-27;9;801
1;2025-12-27;10;939
1;2025-12-27;11;916
1;2025-12-27;12;1104
1;2025-12-27;13;1171
1;2025-12-27;14;1074
1;2025-12-27;15;946
1;2025-12-27;16;852
1;2025-12-27;17;783
1;2025-12-27;18;653
1;2025-12-27;19;569
1;2025-12-27;20;422
1;2025-12-27;21;291
1;2025-12-27;22;114
1;2025-12-27;23;28
1;2025-12-28;0;0
1;2025-12-28;1;0
1;2025-12-28;2;0
1;2025-12-28;3;0
1;2025-12-28;4;0
1;2025-12-28;5;23
1;2025-12-28;6;112
1;2025-12-28;7;272
1;2025-12-28;8;368
1;2025-12-28;9;609
1;2025-12-28;10;703
1;2025-12-28;11;723
1;2025-12-28;12;854
1;2025-12-28;13;883
1;2025-12-28;14;824
1;2025-12-28;15;718
1;2025-12-28;16;675
1;2025-12-28;17;610
1;2025-12-28;18;529
1;2025-12-28;19;449
1;2025-12-28;20;329
1;2025-12-28;21;248
1;2025-12-28;22;93
1;2025-12-28;23;28
1;2025-12-29;0;2
1;2025-12-29;1;0
1;2025-12-29;2;0
1;2025-12-29;3;0
1;2025-12-29;4;8
1;2025-12-29;5;108
1;2025-12-29;6;434
1;2025-12-29;7;1352
1;2025-12-29;8;1745
1;2025-12-29;9;1304
1;2025-12-29;10;1190
1;2025-12-29;11;1187
1;2025-12-29;12;1240
1;2025-12-29;13;1280
1;2025-12-29;14;1232
1;2025-12-29;15;1309
1;2025-12-29;16;1364
1;2025-12-29;17;1600
1;2025-12-29;18;1573
1;2025-12-29;19;1171
1;2025-12-29;20;737
1;2025-12-29;21;387
1;2025-12-29;22;152
1;2025-12-29;23;31
1;2025-12-30;0;2
1;2025-12-30;1;0
1;2025-12-30;2;0
1;2025-12-30;3;0
1;2025-12-30;4;7
1;2025-12-30;5;105
1;2025-12-30;6;433
1;2025-12-30;7;1341
1;2025-12-30;8;1723
1;2025-12-30;9;1303
1;2025-12-30;10;1190
1;2025-12-30;11;1191
1;2025-12-30;12;1240
1;2025-12-30;13;1279
1;2025-12-30;14;1219
1;2025-12-30;15;1297
1;2025-12-30;16;1351
1;2025-12-30;17;1575
1;2025-12-30;18;1531
1;2025-12-30;19;1154
1;2025-12-30;20;733
1;2025-12-30;21;386
1;2025-12-30;22;156
1;2025-12-30;23;33
1;2025-12-31;0;0
1;2025-12-31;1;0
1;2025-12-31;2;0
1;2025-12-31;3;0
1;2025-12-31;4;0
1;2025-12-31;5;21
1;2025-12-31;6;102
1;2025-12-31;7;239
1;2025-12-31;8;321
1;2025-12-31;9;531
1;2025-12-31;10;608
1;2025-12-31;11;622
1;2025-12-31;12;731
1;2025-12-31;13;755
1;2025-12-31;14;705
1;2025-12-31;15;615
1;2025-12-31;16;566
1;2025-12-31;17;528
1;2025-12-31;18;475
1;2025-12-31;19;406
1;2025-12-31;20;0
1;2025-12-31;21;0
1;2025-12-31;22;0
1;2025-12-31;23;0
5;2025-11-01;0;0
5;2025-11-01;1;0
5;2025-11-01;2;0
5;2025-11-01;3;0
5;2025-11-01;4;0
5;2025-11-01;5;0
5;2025-11-01;6;0
5;2025-11-01;7;0
5;2025-11-01;8;0
5;2025-11-01;9;0
5;2025-11-01;10;0
5;2025-11-01;11;0
5;2025-11-01;12;0
5;2025-11-01;13;0
5;2025-11-01;14;0
5;2025-11-01;15;0
5;2025-11-01;16;0
5;2025-11-01;17;0
5;2025-11-01;18;0
5;2025-11-01;19;0
5;2025-11-01;20;0
5;2025-11-01;21;0
5;2025-11-01;22;0
5;2025-11-01;23;0
5;2025-11-02;0;0
5;2025-11-02;1;0
5;2025-11-02;2;0
5;2025-11-02;3;0
5;2025-11-02;4;0
5;2025-11-02;5;0
5;2025-11-02;6;0
5;2025-11-02;7;0
5;2025-11-02;8;0
5;2025-11-02;9;0
5;2025-11-02;10;0
5;2025-11-02;11;0
5;2025-11-02;12;0
5;2025-11-02;13;0
5;2025-11-02;14;0
5;2025-11-02;15;0
5;2025-11-02;16;0
5;2025-11-02;17;0
5;2025-11-02;18;0
5;2025-11-02;19;0
5;2025-11-02;20;0
5;2025-11-02;21;0
5;2025-11-02;22;0
5;2025-11-02;23;0
5;2025-11-03;0;0
5;2025-11-03;1;0
5;2025-11-03;2;0
5;2025-11-03;3;0
5;2025-11-03;4;0
5;2025-11-03;5;0
5;2025-11-03;6;0
5;2025-11-03;7;0
5;2025-11-03;8;0
5;2025-11-03;9;0
5;2025-11-03;10;0
5;2025-11-03;11;0
5;2025-11-03;12;0
5;2025-11-03;13;0
5;2025-11-03;14;0
5;2025-11-03;15;0
5;2025-11-03;16;0
5;2025-11-03;17;0
5;2025-11-03;18;0
5;2025-11-03;19;0
5;2025-11-03;20;0
5;2025-11-03;21;0
5;2025-11-03;22;0
5;2025-11-03;23;0
5;2025-11-04;0;0
5;2025-11-04;1;0
5;2025-11-04;2;0
5;2025-11-04;3;0
5;2025-11-04;4;0
5;2025-11-04;5;0
5;2025-11-04;6;0
5;2025-11-04;7;0
5;2025-11-04;8;0
5;2025-11-04;9;0
5;2025-11-04;10;0
5;2025-11-04;11;0
5;2025-11-04;12;0
5;2025-11-04;13;0
5;2025-11-04;14;0
5;2025-11-04;15;0
5;2025-11-04;16;0
5;2025-11-04;17;0
5;2025-11-04;18;0
5;2025-11-04;19;0
5;2025-11-04;20;0
5;2025-11-04;21;0
5;2025-11-04;22;0
5;2025-11-04;23;0
5;2025-11-05;0;0
5;2025-11-05;1;0
5;2025-11-05;2;0
5;2025-11-05;3;0
5;2025-11-05;4;0
5;2025-11-05;5;0
5;2025-11-05;6;0
5;2025-11-05;7;0
5;2025-11-05;8;0
5;2025-11-05;9;0
5;2025-11-05;10;0
5;2025-11-05;11;0
5;2025-11-05;12;0
5;2025-11-05;13;0
5;2025-11-05;14;0
5;2025-11-05;15;0
5;2025-11-05;16;0
5;2025-11-05;17;0
5;2025-11-05;18;0
5;2025-11-05;19;0
5;2025-11-05;20;0
5;2025-11-05;21;0
5;2025-11-05;22;0
5;2025-11-05;23;0
5;2025-11-06;0;0
5;2025-11-06;1;0
5;2025-11-06;2;0
5;2025-11-06;3;0
5;2025-11-06;4;0
5;2025-11-06;5;0
5;2025-11-06;6;0
5;2025-11-06;7;0
5;2025-11-06;8;0
5;2025-11-06;9;0
5;2025-11-06;10;0
5;2025-11-06;11;0
5;2025-11-06;12;0
5;2025-11-06;13;0
5;2025-11-06;14;0
5;2025-11-06;15;0
5;2025-11-06;16;0
5;2025-11-06;17;0
5;2025-11-06;18;0
5;2025-11-06;19;0
5;2025-11-06;20;0
5;2025-11-06;21;0
5;2025-11-06;22;0
5;2025-11-06;23;0
5;2025-11-07;0;0
5;2025-11-07;1;0
5;2025-11-07;2;0
5;2025-11-07;3;0
5;2025-11-07;4;0
5;2025-11-07;5;0
5;2025-11-07;6;0
5;2025-11-07;7;0
5;2025-11-07;8;0
5;2025-11-07;9;0
5;2025-11-07;10;0
5;2025-11-07;11;0
5;2025-11-07;12;0
5;2025-11-07;13;0
5;2025-11-07;14;0
5;2025-11-07;15;0
5;2025-11-07;16;0
5;2025-11-07;17;0
5;2025-11-07;18;0
5;2025-11-07;19;0
5;2025-11-07;20;0
5;2025-11-07;21;0
5;2025-11-07;22;0
5;2025-11-07;23;0
5;2025-11-08;0;0
5;2025-11-08;1;0
5;2025-11-08;2;0
5;2025-11-08;3;0
5;2025-11-08;4;0
5;2025-11-08;5;0
5;2025-11-08;6;0
5;2025-11-08;7;0
5;2025-11-08;8;0
5;2025-11-08;9;0
5;2025-11-08;10;0
5;2025-11-08;11;0
5;2025-11-08;12;0
5;2025-11-08;13;0
5;2025-11-08;14;0
5;2025-11-08;15;0
5;2025-11-08;16;0
5;2025-11-08;17;0
5;2025-11-08;18;0
5;2025-11-08;19;0
5;2025-11-08;20;0
5;2025-11-08;21;0
5;2025-11-08;22;0
5;2025-11-08;23;0
5;2025-11-09;0;0
5;2025-11-09;1;0
5;2025-11-09;2;0
5;2025-11-09;3;0
5;2025-11-09;4;0
5;2025-11-09;5;0
5;2025-11-09;6;0
5;2025-11-09;7;0
5;2025-11-09;8;0
5;2025-11-09;9;0
5;2025-11-09;10;0
5;2025-11-09;11;0
5;2025-11-09;12;0
5;2025-11-09;13;0
5;2025-11-09;14;0
5;2025-11-09;15;0
5;2025-11-09;16;0
5;2025-11-09;17;0
5;2025-11-09;18;0
5;2025-11-09;19;0
5;2025-11-09;20;0
5;2025-11-09;21;0
5;2025-11-09;22;0
5;2025-11-09;23;0
5;2025-11-10;0;0
5;2025-11-10;1;0
5;2025-11-10;2;0
5;2025-11-10;3;0
5;2025-11-10;4;0
5;2025-11-10;5;0
5;2025-11-10;6;0
5;2025-11-10;7;0
5;2025-11-10;8;0
5;2025-11-10;9;0
5;2025-11-10;10;0
5;2025-11-10;11;0
5;2025-11-10;12;0
5;2025-11-10;13;0
5;2025-11-10;14;0
5;2025-11-10;15;0
5;2025-11-10;16;0
5;2025-11-10;17;0
5;2025-11-10;18;0
5;2025-11-10;19;0
5;2025-11-10;20;0
5;2025-11-10;21;0
5;2025-11-10;22;0
5;2025-11-10;23;0
5;2025-11-11;0;0
5;2025-11-11;1;0
5;2025-11-11;2;0
5;2025-11-11;3;0
5;2025-11-11;4;0
5;2025-11-11;5;0
5;2025-11-11;6;0
5;2025-11-11;7;0
5;2025-11-11;8;0
5;2025-11-11;9;0
5;2025-11-11;10;0
5;2025-11-11;11;0
5;2025-11-11;12;0
5;2025-11-11;13;0
5;2025-11-11;14;0
5;2025-11-11;15;0
5;2025-11-11;16;0
5;2025-11-11;17;0
5;2025-11-11;18;0
5;2025-11-11;19;0
5;2025-11-11;20;0
5;2025-11-11;21;0
5;2025-11-11;22;0
5;2025-11-11;23;0
5;2025-11-12;0;0
5;2025-11-12;1;0
5;2025-11-12;2;0
5;2025-11-12;3;0
5;2025-11-12;4;0
5;2025-11-12;5;0
5;2025-11-12;6;0
5;2025-11-12;7;0
5;2025-11-12;8;0
5;2025-11-12;9;0
5;2025-11-12;10;0
5;2025-11-12;11;0
5;2025-11-12;12;0
5;2025-11-12;13;0
5;2025-11-12;14;0
5;2025-11-12;15;0
5;2025-11-12;16;0
5;2025-11-12;17;0
5;2025-11-12;18;0
5;2025-11-12;19;0
5;2025-11-12;20;0
5;2025-11-12;21;0
5;2025-11-12;22;0
5;2025-11-12;23;0
5;2025-11-13;0;0
5;2025-11-13;1;0
5;2025-11-13;2;0
5;2025-11-13;3;0
5;2025-11-13;4;0
5;2025-11-13;5;0
5;2025-11-13;6;0
5;2025-11-13;7;0
5;2025-11-13;8;0
5;2025-11-13;9;0
5;2025-11-13;10;0
5;2025-11-13;11;0
5;2025-11-13;12;0
5;2025-11-13;13;0
5;2025-11-13;14;0
5;2025-11-13;15;0
5;2025-11-13;16;0
5;2025-11-13;17;0
5;2025-11-13;18;0
5;2025-11-13;19;0
5;2025-11-13;20;0
5;2025-11-13;21;0
5;2025-11-13;22;0
5;2025-11-13;23;0
5;2025-11-14;0;0
5;2025-11-14;1;0
5;2025-11-14;2;0
5;2025-11-14;3;0
5;2025-11-14;4;0
5;2025-11-14;5;0
5;2025-11-14;6;0
5;2025-11-14;7;0
5;2025-11-14;8;0
5;2025-11-14;9;0
5;2025-11-14;10;0
5;2025-11-14;11;0
5;2025-11-14;12;0
5;2025-11-14;13;0
5;2025-11-14;14;0
5;2025-11-14;15;0
5;2025-11-14;16;0
5;2025-11-14;17;0
5;2025-11-14;18;0
5;2025-11-14;19;0
5;2025-11-14;20;0
5;2025-11-14;21;0
5;2025-11-14;22;0
5;2025-11-14;23;0
5;2025-11-15;0;0
5;2025-11-15;1;0
5;2025-11-15;2;0
5;2025-11-15;3;0
5;2025-11-15;4;0
5;2025-11-15;5;0
5;2025-11-15;6;0
5;2025-11-15;7;0
5;2025-11-15;8;0
5;2025-11-15;9;0
5;2025-11-15;10;0
5;2025-11-15;11;0
5;2025-11-15;12;0
5;2025-11-15;13;0
5;2025-11-15;14;0
5;2025-11-15;15;0
5;2025-11-15;16;0
5;2025-11-15;17;0
5;2025-11-15;18;0
5;2025-11-15;19;0
5;2025-11-15;20;0
5;2025-11-15;21;0
5;2025-11-15;22;0
5;2025-11-15;23;0
5;2025-11-16;0;0
5;2025-11-16;1;0
5;2025-11-16;2;0
5;2025-11-16;3;0
5;2025-11-16;4;0
5;2025-11-16;5;0
5;2025-11-16;6;0
5;2025-11-16;7;0
5;2025-11-16;8;0
5;2025-11-16;9;0
5;2025-11-16;10;0
5;2025-11-16;11;0
5;2025-11-16;12;0
5;2025-11-16;13;0
5;2025-11-16;14;0
5;2025-11-16;15;0
5;2025-11-16;16;0
5;2025-11-16;17;0
5;2025-11-16;18;0
5;2025-11-16;19;0
5;2025-11-16;20;0
5;2025-11-16;21;0
5;2025-11-16;22;0
5;2025-11-16;23;0
5;2025-11-17;0;0
5;2025-11-17;1;0
5;2025-11-17;2;0
5;2025-11-17;3;0
5;2025-11-17;4;0
5;2025-11-17;5;0
5;2025-11-17;6;0
5;2025-11-17;7;0
5;2025-11-17;8;0
5;2025-11-17;9;0
5;2025-11-17;10;0
5;2025-11-17;11;0
5;2025-11-17;12;0
5;2025-11-17;13;0
5;2025-11-17;14;0
5;2025-11-17;15;0
5;2025-11-17;16;0
5;2025-11-17;17;0
5;2025-11-17;18;0
5;2025-11-17;19;0
5;2025-11-17;20;0
5;2025-11-17;21;0
5;2025-11-17;22;0
5;2025-11-17;23;0
5;2025-11-18;0;0
5;2025-11-18;1;0
5;2025-11-18;2;0
5;2025-11-18;3;0
5;2025-11-18;4;0
5;2025-11-18;5;0
5;2025-11-18;6;0
5;2025-11-18;7;0
5;2025-11-18;8;0
5;2025-11-18;9;0
5;2025-11-18;10;0
5;2025-11-18;11;0
5;2025-11-18;12;0
5;2025-11-18;13;0
5;2025-11-18;14;0
5;2025-11-18;15;0
5;2025-11-18;16;0
5;2025-11-18;17;0
5;2025-11-18;18;0
5;2025-11-18;19;0
5;2025-11-18;20;0
5;2025-11-18;21;0
5;2025-11-18;22;0
5;2025-11-18;23;0
5;2025-11-19;0;0
5;2025-11-19;1;0
5;2025-11-19;2;0
5;2025-11-19;3;0
5;2025-11-19;4;0
5;2025-11-19;5;0
5;2025-11-19;6;0
5;2025-11-19;7;0
5;2025-11-19;8;0
5;2025-11-19;9;0
5;2025-11-19;10;0
5;2025-11-19;11;0
5;2025-11-19;12;0
5;2025-11-19;13;0
5;2025-11-19;14;0
5;2025-11-19;15;0
5;2025-11-19;16;0
5;2025-11-19;17;0
5;2025-11-19;18;0
5;2025-11-19;19;0
5;2025-11-19;20;0
5;2025-11-19;21;0
5;2025-11-19;22;0
5;2025-11-19;23;0
5;2025-11-20;0;0
5;2025-11-20;1;0
5;2025-11-20;2;0
5;2025-11-20;3;0
5;2025-11-20;4;0
5;2025-11-20;5;0
5;2025-11-20;6;0
5;2025-11-20;7;0
5;2025-11-20;8;0
5;2025-11-20;9;0
5;2025-11-20;10;0
5;2025-11-20;11;0
5;2025-11-20;12;0
5;2025-11-20;13;0
5;2025-11-20;14;0
5;2025-11-20;15;0
5;2025-11-20;16;0
5;2025-11-20;17;0
5;2025-11-20;18;0
5;2025-11-20;19;0
5;2025-11-20;20;0
5;2025-11-20;21;0
5;2025-11-20;22;0
5;2025-11-20;23;0
5;2025-11-21;0;0
5;2025-11-21;1;0
5;2025-11-21;2;0
5;2025-11-21;3;0
5;2025-11-21;4;0
5;2025-11-21;5;0
5;2025-11-21;6;0
5;2025-11-21;7;0
5;2025-11-21;8;0
5;2025-11-21;9;0
5;2025-11-21;10;0
5;2025-11-21;11;0
5;2025-11-21;12;0
5;2025-11-21;13;0
5;2025-11-21;14;0
5;2025-11-21;15;0
5;2025-11-21;16;0
5;2025-11-21;17;0
5;2025-11-21;18;0
5;2025-11-21;19;0
5;2025-11-21;20;0
5;2025-11-21;21;0
5;2025-11-21;22;0
5;2025-11-21;23;0
5;2025-11-22;0;0
5;2025-11-22;1;0
5;2025-11-22;2;0
5;2025-11-22;3;0
5;2025-11-22;4;0
5;2025-11-22;5;0
5;2025-11-22;6;0
5;2025-11-22;7;0
5;2025-11-22;8;0
5;2025-11-22;9;0
5;2025-11-22;10;0
5;2025-11-22;11;0
5;2025-11-22;12;0
5;2025-11-22;13;0
5;2025-11-22;14;0
5;2025-11-22;15;0
5;2025-11-22;16;0
5;2025-11-22;17;0
5;2025-11-22;18;0
5;2025-11-22;19;0
5;2025-11-22;20;0
5;2025-11-22;21;0
5;2025-11-22;22;0
5;2025-11-22;23;0
5;2025-11-23;0;0
5;2025-11-23;1;0
5;2025-11-23;2;0
5;2025-11-23;3;0
5;2025-11-23;4;0
5;2025-11-23;5;0
5;2025-11-23;6;0
5;2025-11-23;7;0
5;2025-11-23;8;0
5;2025-11-23;9;0
5;2025-11-23;10;0
5;2025-11-23;11;0
5;2025-11-23;12;0
5;2025-11-23;13;0
5;2025-11-23;14;0
5;2025-11-23;15;0
5;2025-11-23;16;0
5;2025-11-23;17;0
5;2025-11-23;18;0
5;2025-11-23;19;0
5;2025-11-23;20;0
5;2025-11-23;21;0
5;2025-11-23;22;0
5;2025-11-23;23;0
5;2025-11-24;0;0
5;2025-11-24;1;0
5;2025-11-24;2;0
5;2025-11-24;3;0
5;2025-11-24;4;0
5;2025-11-24;5;0
5;2025-11-24;6;0
5;2025-11-24;7;0
5;2025-11-24;8;0
5;2025-11-24;9;0
5;2025-11-24;10;0
5;2025-11-24;11;0
5;2025-11-24;12;0
5;2025-11-24;13;0
5;2025-11-24;14;0
5;2025-11-24;15;0
5;2025-11-24;16;0
5;2025-11-24;17;0
5;2025-11-24;18;0
5;2025-11-24;19;0
5;2025-11-24;20;0
5;2025-11-24;21;0
5;2025-11-24;22;0
5;2025-11-24;23;0
5;2025-11-25;0;0
5;2025-11-25;1;0
5;2025-11-25;2;0
5;2025-11-25;3;0
5;2025-11-25;4;0
5;2025-11-25;5;0
5;2025-11-25;6;0
5;2025-11-25;7;0
5;2025-11-25;8;0
5;2025-11-25;9;0
5;2025-11-25;10;0
5;2025-11-25;11;0
5;2025-11-25;12;0
5;2025-11-25;13;0
5;2025-11-25;14;0
5;2025-11-25;15;0
5;2025-11-25;16;0
5;2025-11-25;17;0
5;2025-11-25;18;0
5;2025-11-25;19;0
5;2025-11-25;20;0
5;2025-11-25;21;0
5;2025-11-25;22;0
5;2025-11-25;23;0
5;2025-11-26;0;0
5;2025-11-26;1;0
5;2025-11-26;2;0
5;2025-11-26;3;0
5;2025-11-26;4;0
5;2025-11-26;5;0
5;2025-11-26;6;0
5;2025-11-26;7;0
5;2025-11-26;8;0
5;2025-11-26;9;0
5;2025-11-26;10;0
5;2025-11-26;11;0
5;2025-11-26;12;0
5;2025-11-26;13;0
5;2025-11-26;14;0
5;2025-11-26;15;0
5;2025-11-26;16;0
5;2025-11-26;17;0
5;2025-11-26;18;0
5;2025-11-26;19;0
5;2025-11-26;20;0
5;2025-11-26;21;0
5;2025-11-26;22;0
5;2025-11-26;23;0
5;2025-11-27;0;0
5;2025-11-27;1;0
5;2025-11-27;2;0
5;2025-11-27;3;0
5;2025-11-27;4;0
5;2025-11-27;5;0
5;2025-11-27;6;0
5;2025-11-27;7;0
5;2025-11-27;8;0
5;2025-11-27;9;0
5;2025-11-27;10;0
5;2025-11-27;11;0
5;2025-11-27;12;0
5;2025-11-27;13;0
5;2025-11-27;14;0
5;2025-11-27;15;0
5;2025-11-27;16;0
5;2025-11-27;17;0
5;2025-11-27;18;0
5;2025-11-27;19;0
5;2025-11-27;20;0
5;2025-11-27;21;0
5;2025-11-27;22;0
5;2025-11-27;23;0
5;2025-11-28;0;0
5;2025-11-28;1;0
5;2025-11-28;2;0
5;2025-11-28;3;0
5;2025-11-28;4;0
5;2025-11-28;5;0
5;2025-11-28;6;0
5;2025-11-28;7;0
5;2025-11-28;8;0
5;2025-11-28;9;0
5;2025-11-28;10;0
5;2025-11-28;11;0
5;2025-11-28;12;0
5;2025-11-28;13;0
5;2025-11-28;14;0
5;2025-11-28;15;0
5;2025-11-28;16;0
5;2025-11-28;17;0
5;2025-11-28;18;0
5;2025-11-28;19;0
5;2025-11-28;20;0
5;2025-11-28;21;0
5;2025-11-28;22;0
5;2025-11-28;23;0
5;2025-11-29;0;0
5;2025-11-29;1;0
5;2025-11-29;2;0
5;2025-11-29;3;0
5;2025-11-29;4;0
5;2025-11-29;5;0
5;2025-11-29;6;0
5;2025-11-29;7;0
5;2025-11-29;8;0
5;2025-11-29;9;0
5;2025-11-29;10;0
5;2025-11-29;11;0
5;2025-11-29;12;0
5;2025-11-29;13;0
5;2025-11-29;14;0
5;2025-11-29;15;0
5;2025-11-29;16;0
5;2025-11-29;17;0
5;2025-11-29;18;0
5;2025-11-29;19;0
5;2025-11-29;20;0
5;2025-11-29;21;0
5;2025-11-29;22;0
5;2025-11-29;23;0
5;2025-11-30;0;0
5;2025-11-30;1;0
5;2025-11-30;2;0
5;2025-11-30;3;0
5;2025-11-30;4;0
5;2025-11-30;5;0
5;2025-11-30;6;0
5;2025-11-30;7;0
5;2025-11-30;8;0
5;2025-11-30;9;0
5;2025-11-30;10;0
5;2025-11-30;11;0
5;2025-11-30;12;0
5;2025-11-30;13;0
5;2025-11-30;14;0
5;2025-11-30;15;0
5;2025-11-30;16;0
5;2025-11-30;17;0
5;2025-11-30;18;0
5;2025-11-30;19;0
5;2025-11-30;20;0
5;2025-11-30;21;0
5;2025-11-30;22;0
5;2025-11-30;23;0
5;2025-12-01;0;0
5;2025-12-01;1;0
5;2025-12-01;2;0
5;2025-12-01;3;0
5;2025-12-01;4;0
5;2025-12-01;5;0
5;2025-12-01;6;0
5;2025-12-01;7;0
5;2025-12-01;8;0
5;2025-12-01;9;0
5;2025-12-01;10;0
5;2025-12-01;11;0
5;2025-12-01;12;0
5;2025-12-01;13;0
5;2025-12-01;14;0
5;2025-12-01;15;0
5;2025-12-01;16;0
5;2025-12-01;17;0
5;2025-12-01;18;0
5;2025-12-01;19;0
5;2025-12-01;20;0
5;2025-12-01;21;0
5;2025-12-01;22;0
5;2025-12-01;23;0
5;2025-12-02;0;0
5;2025-12-02;1;0
5;2025-12-02;2;0
5;2025-12-02;3;0
5;2025-12-02;4;0
5;2025-12-02;5;0
5;2025-12-02;6;0
5;2025-12-02;7;0
5;2025-12-02;8;0
5;2025-12-02;9;0
5;2025-12-02;10;0
5;2025-12-02;11;0
5;2025-12-02;12;0
5;2025-12-02;13;0
5;2025-12-02;14;0
5;2025-12-02;15;0
5;2025-12-02;16;0
5;2025-12-02;17;0
5;2025-12-02;18;0
5;2025-12-02;19;0
5;2025-12-02;20;0
5;2025-12-02;21;0
5;2025-12-02;22;0
5;2025-12-02;23;0
5;2025-12-03;0;0
5;2025-12-03;1;0
5;2025-12-03;2;0
5;2025-12-03;3;0
5;2025-12-03;4;0
5;2025-12-03;5;0
5;2025-12-03;6;0
5;2025-12-03;7;0
5;2025-12-03;8;0
5;2025-12-03;9;0
5;2025-12-03;10;0
5;2025-12-03;11;0
5;2025-12-03;12;0
5;2025-12-03;13;0
5;2025-12-03;14;0
5;2025-12-03;15;0
5;2025-12-03;16;0
5;2025-12-03;17;0
5;2025-12-03;18;0
5;2025-12-03;19;0
5;2025-12-03;20;0
5;2025-12-03;21;0
5;2025-12-03;22;0
5;2025-12-03;23;0
5;2025-12-04;0;0
5;2025-12-04;1;0
5;2025-12-04;2;0
5;2025-12-04;3;0
5;2025-12-04;4;0
5;2025-12-04;5;0
5;2025-12-04;6;0
5;2025-12-04;7;0
5;2025-12-04;8;0
5;2025-12-04;9;0
5;2025-12-04;10;0
5;2025-12-04;11;0
5;2025-12-04;12;0
5;2025-12-04;13;0
5;2025-12-04;14;0
5;2025-12-04;15;0
5;2025-12-04;16;0
5;2025-12-04;17;0
5;2025-12-04;18;0
5;2025-12-04;19;0
5;2025-12-04;20;0
5;2025-12-04;21;0
5;2025-12-04;22;0
5;2025-12-04;23;0
5;2025-12-05;0;0
5;2025-12-05;1;0
5;2025-12-05;2;0
5;2025-12-05;3;0
5;2025-12-05;4;0
5;2025-12-05;5;0
5;2025-12-05;6;0
5;2025-12-05;7;0
5;2025-12-05;8;0
5;2025-12-05;9;0
5;2025-12-05;10;0
5;2025-12-05;11;0
5;2025-12-05;12;0
5;2025-12-05;13;0
5;2025-12-05;14;0
5;2025-12-05;15;0
5;2025-12-05;16;0
5;2025-12-05;17;0
5;2025-12-05;18;0
5;2025-12-05;19;0
5;2025-12-05;20;0
5;2025-12-05;21;0
5;2025-12-05;22;0
5;2025-12-05;23;0
5;2025-12-06;0;0
5;2025-12-06;1;0
5;2025-12-06;2;0
5;2025-12-06;3;0
5;2025-12-06;4;0
5;2025-12-06;5;0
5;2025-12-06;6;0
5;2025-12-06;7;0
5;2025-12-06;8;0
5;2025-12-06;9;0
5;2025-12-06;10;0
5;2025-12-06;11;0
5;2025-12-06;12;0
5;2025-12-06;13;0
5;2025-12-06;14;0
5;2025-12-06;15;0
5;2025-12-06;16;0
5;2025-12-06;17;0
5;2025-12-06;18;0
5;2025-12-06;19;0
5;2025-12-06;20;0
5;2025-12-06;21;0
5;2025-12-06;22;0
5;2025-12-06;23;0
5;2025-12-07;0;0
5;2025-12-07;1;0
5;2025-12-07;2;0
5;2025-12-07;3;0
5;2025-12-07;4;0
5;2025-12-07;5;0
5;2025-12-07;6;0
5;2025-12-07;7;0
5;2025-12-07;8;0
5;2025-12-07;9;0
5;2025-12-07;10;0
5;2025-12-07;11;0
5;2025-12-07;12;0
5;2025-12-07;13;0
5;2025-12-07;14;0
5;2025-12-07;15;0
5;2025-12-07;16;0
5;2025-12-07;17;0
5;2025-12-07;18;0
5;2025-12-07;19;0
5;2025-12-07;20;0
5;2025-12-07;21;0
5;2025-12-07;22;0
5;2025-12-07;23;0
5;2025-12-08;0;0
5;2025-12-08;1;0
5;2025-12-08;2;0
5;2025-12-08;3;0
5;2025-12-08;4;0
5;2025-12-08;5;0
5;2025-12-08;6;0
5;2025-12-08;7;0
5;2025-12-08;8;0
5;2025-12-08;9;0
5;2025-12-08;10;0
5;2025-12-08;11;0
5;2025-12-08;12;0
5;2025-12-08;13;0
5;2025-12-08;14;0
5;2025-12-08;15;0
5;2025-12-08;16;0
5;2025-12-08;17;0
5;2025-12-08;18;0
5;2025-12-08;19;0
5;2025-12-08;20;0
5;2025-12-08;21;0
5;2025-12-08;22;0
5;2025-12-08;23;0
5;2025-12-09;0;0
5;2025-12-09;1;0
5;2025-12-09;2;0
5;2025-12-09;3;0
5;2025-12-09;4;0
5;2025-12-09;5;0
5;2025-12-09;6;0
5;2025-12-09;7;0
5;2025-12-09;8;0
5;2025-12-09;9;0
5;2025-12-09;10;0
5;2025-12-09;11;0
5;2025-12-09;12;0
5;2025-12-09;13;0
5;2025-12-09;14;0
5;2025-12-09;15;0
5;2025-12-09;16;0
5;2025-12-09;17;0
5;2025-12-09;18;0
5;2025-12-09;19;0
5;2025-12-09;20;0
5;2025-12-09;21;0
5;2025-12-09;22;0
5;2025-12-09;23;0
5;2025-12-10;0;0
5;2025-12-10;1;0
5;2025-12-10;2;0
5;2025-12-10;3;0
5;2025-12-10;4;0
5;2025-12-10;5;0
5;2025-12-10;6;0
5;2025-12-10;7;0
5;2025-12-10;8;0
5;2025-12-10;9;0
5;2025-12-10;10;0
5;2025-12-10;11;0
5;2025-12-10;12;0
5;2025-12-10;13;0
5;2025-12-10;14;0
5;2025-12-10;15;0
5;2025-12-10;16;0
5;2025-12-10;17;0
5;2025-12-10;18;0
5;2025-12-10;19;0
5;2025-12-10;20;0
5;2025-12-10;21;0
5;2025-12-10;22;0
5;2025-12-10;23;0
5;2025-12-11;0;0
5;2025-12-11;1;0
5;2025-12-11;2;0
5;2025-12-11;3;0
5;2025-12-11;4;0
5;2025-12-11;5;0
5;2025-12-11;6;0
5;2025-12-11;7;0
5;2025-12-11;8;0
5;2025-12-11;9;0
5;2025-12-11;10;0
5;2025-12-11;11;0
5;2025-12-11;12;0
5;2025-12-11;13;0
5;2025-12-11;14;0
5;2025-12-11;15;0
5;2025-12-11;16;0
5;2025-12-11;17;0
5;2025-12-11;18;0
5;2025-12-11;19;0
5;2025-12-11;20;0
5;2025-12-11;21;0
5;2025-12-11;22;0
5;2025-12-11;23;0
5;2025-12-12;0;0
5;2025-12-12;1;0
5;2025-12-12;2;0
5;2025-12-12;3;0
5;2025-12-12;4;0
5;2025-12-12;5;0
5;2025-12-12;6;0
5;2025-12-12;7;0
5;2025-12-12;8;0
5;2025-12-12;9;0
5;2025-12-12;10;0
5;2025-12-12;11;0
5;2025-12-12;12;0
5;2025-12-12;13;0
5;2025-12-12;14;0
5;2025-12-12;15;0
5;2025-12-12;16;0
5;2025-12-12;17;0
5;2025-12-12;18;0
5;2025-12-12;19;0
5;2025-12-12;20;0
5;2025-12-12;21;0
5;2025-12-12;22;0
5;2025-12-12;23;0
5;2025-12-13;0;0
5;2025-12-13;1;0
5;2025-12-13;2;0
5;2025-12-13;3;0
5;2025-12-13;4;0
5;2025-12-13;5;0
5;2025-12-13;6;0
5;2025-12-13;7;0
5;2025-12-13;8;0
5;2025-12-13;9;0
5;2025-12-13;10;0
5;2025-12-13;11;0
5;2025-12-13;12;0
5;2025-12-13;13;0
5;2025-12-13;14;0
5;2025-12-13;15;0
5;2025-12-13;16;0
5;2025-12-13;17;0
5;2025-12-13;18;0
5;2025-12-13;19;0
5;2025-12-13;20;0
5;2025-12-13;21;0
5;2025-12-13;22;0
5;2025-12-13;23;0
5;2025-12-14;0;0
5;2025-12-14;1;0
5;2025-12-14;2;0
5;2025-12-14;3;0
5;2025-12-14;4;0
5;2025-12-14;5;0
5;2025-12-14;6;0
5;2025-12-14;7;0
5;2025-12-14;8;0
5;2025-12-14;9;0
5;2025-12-14;10;0
5;2025-12-14;11;0
5;2025-12-14;12;0
5;2025-12-14;13;0
5;2025-12-14;14;0
5;2025-12-14;15;0
5;2025-12-14;16;0
5;2025-12-14;17;0
5;2025-12-14;18;0
5;2025-12-14;19;0
5;2025-12-14;20;0
5;2025-12-14;21;0
5;2025-12-14;22;0
5;2025-12-14;23;0
5;2025-12-15;0;0
5;2025-12-15;1;0
5;2025-12-15;2;0
5;2025-12-15;3;0
5;2025-12-15;4;0
5;2025-12-15;5;0
5;2025-12-15;6;0
5;2025-12-15;7;0
5;2025-12-15;8;0
5;2025-12-15;9;0
5;2025-12-15;10;0
5;2025-12-15;11;0
5;2025-12-15;12;0
5;2025-12-15;13;0
5;2025-12-15;14;0
5;2025-12-15;15;0
5;2025-12-15;16;0
5;2025-12-15;17;0
5;2025-12-15;18;0
5;2025-12-15;19;0
5;2025-12-15;20;0
5;2025-12-15;21;0
5;2025-12-15;22;0
5;2025-12-15;23;0
5;2025-12-16;0;0
5;2025-12-16;1;0
5;2025-12-16;2;0
5;2025-12-16;3;0
5;2025-12-16;4;0
5;2025-12-16;5;0
5;2025-12-16;6;0
5;2025-12-16;7;0
5;2025-12-16;8;0
5;2025-12-16;9;0
5;2025-12-16;10;0
5;2025-12-16;11;0
5;2025-12-16;12;0
5;2025-12-16;13;0
5;2025-12-16;14;0
5;2025-12-16;15;0
5;2025-12-16;16;0
5;2025-12-16;17;0
5;2025-12-16;18;573
5;2025-12-16;19;340
5;2025-12-16;20;231
5;2025-12-16;21;155
5;2025-12-16;22;63
5;2025-12-16;23;37
5;2025-12-17;0;7
5;2025-12-17;1;0
5;2025-12-17;2;0
5;2025-12-17;3;0
5;2025-12-17;4;1
5;2025-12-17;5;18
5;2025-12-17;6;130
5;2025-12-17;7;426
5;2025-12-17;8;696
5;2025-12-17;9;548
5;2025-12-17;10;417
5;2025-12-17;11;376
5;2025-12-17;12;355
5;2025-12-17;13;376
5;2025-12-17;14;358
5;2025-12-17;15;416
5;2025-12-17;16;446
5;2025-12-17;17;588
5;2025-12-17;18;573
5;2025-12-17;19;340
5;2025-12-17;20;231
5;2025-12-17;21;155
5;2025-12-17;22;63
5;2025-12-17;23;37
5;2025-12-18;0;7
5;2025-12-18;1;0
5;2025-12-18;2;0
5;2025-12-18;3;0
5;2025-12-18;4;1
5;2025-12-18;5;18
5;2025-12-18;6;130
5;2025-12-18;7;426
5;2025-12-18;8;696
5;2025-12-18;9;548
5;2025-12-18;10;417
5;2025-12-18;11;376
5;2025-12-18;12;355
5;2025-12-18;13;376
5;2025-12-18;14;358
5;2025-12-18;15;416
5;2025-12-18;16;446
5;2025-12-18;17;588
5;2025-12-18;18;573
5;2025-12-18;19;340
5;2025-12-18;20;231
5;2025-12-18;21;155
5;2025-12-18;22;63
5;2025-12-18;23;37
5;2025-12-19;0;7
5;2025-12-19;1;0
5;2025-12-19;2;0
5;2025-12-19;3;0
5;2025-12-19;4;1
5;2025-12-19;5;18
5;2025-12-19;6;130
5;2025-12-19;7;426
5;2025-12-19;8;696
5;2025-12-19;9;548
5;2025-12-19;10;417
5;2025-12-19;11;376
5;2025-12-19;12;355
5;2025-12-19;13;376
5;2025-12-19;14;358
5;2025-12-19;15;416
5;2025-12-19;16;446
5;2025-12-19;17;588
5;2025-12-19;18;573
5;2025-12-19;19;340
5;2025-12-19;20;231
5;2025-12-19;21;155
5;2025-12-19;22;63
5;2025-12-19;23;37
5;2025-12-20;0;4
5;2025-12-20;1;0
5;2025-12-20;2;0
5;2025-12-20;3;0
5;2025-12-20;4;0
5;2025-12-20;5;10
5;2025-12-20;6;77
5;2025-12-20;7;256
5;2025-12-20;8;418
5;2025-12-20;9;329
5;2025-12-20;10;251
5;2025-12-20;11;226
5;2025-12-20;12;212
5;2025-12-20;13;226
5;2025-12-20;14;215
5;2025-12-20;15;249
5;2025-12-20;16;268
5;2025-12-20;17;353
5;2025-12-20;18;344
5;2025-12-20;19;203
5;2025-12-20;20;138
5;2025-12-20;21;93
5;2025-12-20;22;38
5;2025-12-20;23;22
5;2025-12-21;0;4
5;2025-12-21;1;0
5;2025-12-21;2;0
5;2025-12-21;3;0
5;2025-12-21;4;0
5;2025-12-21;5;9
5;2025-12-21;6;64
5;2025-12-21;7;212
5;2025-12-21;8;349
5;2025-12-21;9;274
5;2025-12-21;10;209
5;2025-12-21;11;189
5;2025-12-21;12;177
5;2025-12-21;13;188
5;2025-12-21;14;178
5;2025-12-21;15;209
5;2025-12-21;16;223
5;2025-12-21;17;294
5;2025-12-21;18;287
5;2025-12-21;19;171
5;2025-12-21;20;115
5;2025-12-21;21;77
5;2025-12-21;22;31
5;2025-12-21;23;18
5;2025-12-22;0;7
5;2025-12-22;1;0
5;2025-12-22;2;0
5;2025-12-22;3;0
5;2025-12-22;4;1
5;2025-12-22;5;18
5;2025-12-22;6;130
5;2025-12-22;7;426
5;2025-12-22;8;696
5;2025-12-22;9;548
5;2025-12-22;10;417
5;2025-12-22;11;376
5;2025-12-22;12;355
5;2025-12-22;13;376
5;2025-12-22;14;358
5;2025-12-22;15;416
5;2025-12-22;16;446
5;2025-12-22;17;588
5;2025-12-22;18;573
5;2025-12-22;19;340
5;2025-12-22;20;231
5;2025-12-22;21;155
5;2025-12-22;22;63
5;2025-12-22;23;37
5;2025-12-23;0;7
5;2025-12-23;1;0
5;2025-12-23;2;0
5;2025-12-23;3;0
5;2025-12-23;4;1
5;2025-12-23;5;18
5;2025-12-23;6;130
5;2025-12-23;7;426
5;2025-12-23;8;696
5;2025-12-23;9;548
5;2025-12-23;10;417
5;2025-12-23;11;376
5;2025-12-23;12;355
5;2025-12-23;13;376
5;2025-12-23;14;358
5;2025-12-23;15;416
5;2025-12-23;16;446
5;2025-12-23;17;588
5;2025-12-23;18;573
5;2025-12-23;19;340
5;2025-12-23;20;231
5;2025-12-23;21;155
5;2025-12-23;22;63
5;2025-12-23;23;37
5;2025-12-24;0;7
5;2025-12-24;1;0
5;2025-12-24;2;0
5;2025-12-24;3;0
5;2025-12-24;4;1
5;2025-12-24;5;18
5;2025-12-24;6;130
5;2025-12-24;7;426
5;2025-12-24;8;696
5;2025-12-24;9;548
5;2025-12-24;10;417
5;2025-12-24;11;376
5;2025-12-24;12;355
5;2025-12-24;13;376
5;2025-12-24;14;358
5;2025-12-24;15;416
5;2025-12-24;16;446
5;2025-12-24;17;588
5;2025-12-24;18;573
5;2025-12-24;19;340
5;2025-12-24;20;231
5;2025-12-24;21;155
5;2025-12-24;22;63
5;2025-12-24;23;37
5;2025-12-25;0;7
5;2025-12-25;1;0
5;2025-12-25;2;0
5;2025-12-25;3;0
5;2025-12-25;4;1
5;2025-12-25;5;18
5;2025-12-25;6;130
5;2025-12-25;7;426
5;2025-12-25;8;696
5;2025-12-25;9;548
5;2025-12-25;10;417
5;2025-12-25;11;376
5;2025-12-25;12;355
5;2025-12-25;13;376
5;2025-12-25;14;358
5;2025-12-25;15;416
5;2025-12-25;16;446
5;2025-12-25;17;588
5;2025-12-25;18;573
5;2025-12-25;19;340
5;2025-12-25;20;231
5;2025-12-25;21;155
5;2025-12-25;22;63
5;2025-12-25;23;37
5;2025-12-26;0;7
5;2025-12-26;1;0
5;2025-12-26;2;0
5;2025-12-26;3;0
5;2025-12-26;4;1
5;2025-12-26;5;18
5;2025-12-26;6;130
5;2025-12-26;7;426
5;2025-12-26;8;696
5;2025-12-26;9;548
5;2025-12-26;10;417
5;2025-12-26;11;376
5;2025-12-26;12;355
5;2025-12-26;13;376
5;2025-12-26;14;358
5;2025-12-26;15;416
5;2025-12-26;16;446
5;2025-12-26;17;588
5;2025-12-26;18;573
5;2025-12-26;19;340
5;2025-12-26;20;231
5;2025-12-26;21;155
5;2025-12-26;22;63
5;2025-12-26;23;37
5;2025-12-27;0;4
5;2025-12-27;1;0
5;2025-12-27;2;0
5;2025-12-27;3;0
5;2025-12-27;4;0
5;2025-12-27;5;10
5;2025-12-27;6;77
5;2025-12-27;7;256
5;2025-12-27;8;418
5;2025-12-27;9;329
5;2025-12-27;10;251
5;2025-12-27;11;226
5;2025-12-27;12;212
5;2025-12-27;13;226
5;2025-12-27;14;215
5;2025-12-27;15;249
5;2025-12-27;16;268
5;2025-12-27;17;353
5;2025-12-27;18;344
5;2025-12-27;19;203
5;2025-12-27;20;138
5;2025-12-27;21;93
5;2025-12-27;22;38
5;2025-12-27;23;22
5;2025-12-28;0;4
5;2025-12-28;1;0
5;2025-12-28;2;0
5;2025-12-28;3;0
5;2025-12-28;4;0
5;2025-12-28;5;9
5;2025-12-28;6;64
5;2025-12-28;7;212
5;2025-12-28;8;349
5;2025-12-28;9;274
5;2025-12-28;10;209
5;2025-12-28;11;189
5;2025-12-28;12;177
5;2025-12-28;13;188
5;2025-12-28;14;178
5;2025-12-28;15;209
5;2025-12-28;16;223
5;2025-12-28;17;294
5;2025-12-28;18;287
5;2025-12-28;19;171
5;2025-12-28;20;115
5;2025-12-28;21;77
5;2025-12-28;22;31
5;2025-12-28;23;18
5;2025-12-29;0;7
5;2025-12-29;1;0
5;2025-12-29;2;0
5;2025-12-29;3;0
5;2025-12-29;4;1
5;2025-12-29;5;18
5;2025-12-29;6;130
5;2025-12-29;7;426
5;2025-12-29;8;696
5;2025-12-29;9;548
5;2025-12-29;10;417
5;2025-12-29;11;376
5;2025-12-29;12;355
5;2025-12-29;13;376
5;2025-12-29;14;358
5;2025-12-29;15;416
5;2025-12-29;16;446
5;2025-12-29;17;588
5;2025-12-29;18;573
5;2025-12-29;19;340
5;2025-12-29;20;231
5;2025-12-29;21;155
5;2025-12-29;22;63
5;2025-12-29;23;37
5;2025-12-30;0;7
5;2025-12-30;1;0
5;2025-12-30;2;0
5;2025-12-30;3;0
5;2025-12-30;4;1
5;2025-12-30;5;18
5;2025-12-30;6;130
5;2025-12-30;7;426
5;2025-12-30;8;696
5;2025-12-30;9;548
5;2025-12-30;10;417
5;2025-12-30;11;376
5;2025-12-30;12;355
5;2025-12-30;13;376
5;2025-12-30;14;358
5;2025-12-30;15;416
5;2025-12-30;16;446
5;2025-12-30;17;588
5;2025-12-30;18;573
5;2025-12-30;19;340
5;2025-12-30;20;231
5;2025-12-30;21;155
5;2025-12-30;22;63
5;2025-12-30;23;37
5;2025-12-31;0;4
5;2025-12-31;1;0
5;2025-12-31;2;0
5;2025-12-31;3;0
5;2025-12-31;4;0
5;2025-12-31;5;9
5;2025-12-31;6;64
5;2025-12-31;7;212
5;2025-12-31;8;349
5;2025-12-31;9;274
5;2025-12-31;10;209
5;2025-12-31;11;189
5;2025-12-31;12;177
5;2025-12-31;13;188
5;2025-12-31;14;178
5;2025-12-31;15;209
5;2025-12-31;16;223
5;2025-12-31;17;294
5;2025-12-31;18;287
5;2025-12-31;19;171
5;2025-12-31;20;0
5;2025-12-31;21;0
5;2025-12-31;22;0
5;2025-12-31;23;0
7;2025-11-01;0;56
7;2025-11-01;1;10
7;2025-11-01;2;0
7;2025-11-01;3;0
7;2025-11-01;4;2
7;2025-11-01;5;163
7;2025-11-01;6;538
7;2025-11-01;7;1485
7;2025-11-01;8;2354
7;2025-11-01;9;1681
7;2025-11-01;10;1571
7;2025-11-01;11;1478
7;2025-11-01;12;1610
7;2025-11-01;13;1556
7;2025-11-01;14;1642
7;2025-11-01;15;1718
7;2025-11-01;16;1783
7;2025-11-01;17;2193
7;2025-11-01;18;2236
7;2025-11-01;19;1463
7;2025-11-01;20;941
7;2025-11-01;21;534
7;2025-11-01;22;215
7;2025-11-01;23;173
7;2025-11-02;0;99
7;2025-11-02;1;24
7;2025-11-02;2;0
7;2025-11-02;3;0
7;2025-11-02;4;1
7;2025-11-02;5;26
7;2025-11-02;6;132
7;2025-11-02;7;169
7;2025-11-02;8;394
7;2025-11-02;9;511
7;2025-11-02;10;394
7;2025-11-02;11;529
7;2025-11-02;12;651
7;2025-11-02;13;626
7;2025-11-02;14;675
7;2025-11-02;15;699
7;2025-11-02;16;585
7;2025-11-02;17;627
7;2025-11-02;18;655
7;2025-11-02;19;469
7;2025-11-02;20;401
7;2025-11-02;21;295
7;2025-11-02;22;153
7;2025-11-02;23;122
7;2025-11-03;0;94
7;2025-11-03;1;22
7;2025-11-03;2;0
7;2025-11-03;3;0
7;2025-11-03;4;0
7;2025-11-03;5;25
7;2025-11-03;6;125
7;2025-11-03;7;161
7;2025-11-03;8;374
7;2025-11-03;9;486
7;2025-11-03;10;374
7;2025-11-03;11;503
7;2025-11-03;12;619
7;2025-11-03;13;595
7;2025-11-03;14;642
7;2025-11-03;15;664
7;2025-11-03;16;556
7;2025-11-03;17;595
7;2025-11-03;18;622
7;2025-11-03;19;445
7;2025-11-03;20;381
7;2025-11-03;21;280
7;2025-11-03;22;146
7;2025-11-03;23;116
7;2025-11-04;0;94
7;2025-11-04;1;22
7;2025-11-04;2;0
7;2025-11-04;3;0
7;2025-11-04;4;0
7;2025-11-04;5;25
7;2025-11-04;6;125
7;2025-11-04;7;161
7;2025-11-04;8;374
7;2025-11-04;9;486
7;2025-11-04;10;374
7;2025-11-04;11;503
7;2025-11-04;12;619
7;2025-11-04;13;595
7;2025-11-04;14;642
7;2025-11-04;15;664
7;2025-11-04;16;556
7;2025-11-04;17;595
7;2025-11-04;18;622
7;2025-11-04;19;445
7;2025-11-04;20;381
7;2025-11-04;21;280
7;2025-11-04;22;146
7;2025-11-04;23;116
7;2025-11-05;0;58
7;2025-11-05;1;8
7;2025-11-05;2;0
7;2025-11-05;3;0
7;2025-11-05;4;1
7;2025-11-05;5;177
7;2025-11-05;6;584
7;2025-11-05;7;1587
7;2025-11-05;8;2529
7;2025-11-05;9;1784
7;2025-11-05;10;1667
7;2025-11-05;11;1563
7;2025-11-05;12;1707
7;2025-11-05;13;1639
7;2025-11-05;14;1723
7;2025-11-05;15;1803
7;2025-11-05;16;1853
7;2025-11-05;17;2351
7;2025-11-05;18;2502
7;2025-11-05;19;1613
7;2025-11-05;20;1019
7;2025-11-05;21;582
7;2025-11-05;22;272
7;2025-11-05;23;186
7;2025-11-06;0;58
7;2025-11-06;1;9
7;2025-11-06;2;0
7;2025-11-06;3;0
7;2025-11-06;4;1
7;2025-11-06;5;178
7;2025-11-06;6;582
7;2025-11-06;7;1586
7;2025-11-06;8;2519
7;2025-11-06;9;1780
7;2025-11-06;10;1665
7;2025-11-06;11;1562
7;2025-11-06;12;1707
7;2025-11-06;13;1646
7;2025-11-06;14;1729
7;2025-11-06;15;1803
7;2025-11-06;16;1856
7;2025-11-06;17;2346
7;2025-11-06;18;2500
7;2025-11-06;19;1601
7;2025-11-06;20;1024
7;2025-11-06;21;581
7;2025-11-06;22;275
7;2025-11-06;23;190
7;2025-11-07;0;62
7;2025-11-07;1;10
7;2025-11-07;2;0
7;2025-11-07;3;0
7;2025-11-07;4;1
7;2025-11-07;5;172
7;2025-11-07;6;576
7;2025-11-07;7;1560
7;2025-11-07;8;2425
7;2025-11-07;9;1729
7;2025-11-07;10;1639
7;2025-11-07;11;1550
7;2025-11-07;12;1688
7;2025-11-07;13;1657
7;2025-11-07;14;1748
7;2025-11-07;15;1874
7;2025-11-07;16;1954
7;2025-11-07;17;2325
7;2025-11-07;18;2167
7;2025-11-07;19;1467
7;2025-11-07;20;985
7;2025-11-07;21;571
7;2025-11-07;22;279
7;2025-11-07;23;215
7;2025-11-08;0;118
7;2025-11-08;1;24
7;2025-11-08;2;0
7;2025-11-08;3;0
7;2025-11-08;4;1
7;2025-11-08;5;53
7;2025-11-08;6;281
7;2025-11-08;7;308
7;2025-11-08;8;706
7;2025-11-08;9;584
7;2025-11-08;10;635
7;2025-11-08;11;675
7;2025-11-08;12;945
7;2025-11-08;13;857
7;2025-11-08;14;841
7;2025-11-08;15;839
7;2025-11-08;16;866
7;2025-11-08;17;862
7;2025-11-08;18;750
7;2025-11-08;19;627
7;2025-11-08;20;511
7;2025-11-08;21;368
7;2025-11-08;22;198
7;2025-11-08;23;174
7;2025-11-09;0;99
7;2025-11-09;1;24
7;2025-11-09;2;0
7;2025-11-09;3;0
7;2025-11-09;4;1
7;2025-11-09;5;26
7;2025-11-09;6;132
7;2025-11-09;7;169
7;2025-11-09;8;394
7;2025-11-09;9;511
7;2025-11-09;10;394
7;2025-11-09;11;529
7;2025-11-09;12;651
7;2025-11-09;13;626
7;2025-11-09;14;675
7;2025-11-09;15;699
7;2025-11-09;16;585
7;2025-11-09;17;627
7;2025-11-09;18;655
7;2025-11-09;19;469
7;2025-11-09;20;401
7;2025-11-09;21;295
7;2025-11-09;22;153
7;2025-11-09;23;122
7;2025-11-10;0;57
7;2025-11-10;1;9
7;2025-11-10;2;0
7;2025-11-10;3;0
7;2025-11-10;4;1
7;2025-11-10;5;178
7;2025-11-10;6;588
7;2025-11-10;7;1618
7;2025-11-10;8;2579
7;2025-11-10;9;1806
7;2025-11-10;10;1666
7;2025-11-10;11;1549
7;2025-11-10;12;1697
7;2025-11-10;13;1644
7;2025-11-10;14;1727
7;2025-11-10;15;1805
7;2025-11-10;16;1858
7;2025-11-10;17;2361
7;2025-11-10;18;2530
7;2025-11-10;19;1619
7;2025-11-10;20;1026
7;2025-11-10;21;577
7;2025-11-10;22;268
7;2025-11-10;23;185
7;2025-11-11;0;58
7;2025-11-11;1;10
7;2025-11-11;2;0
7;2025-11-11;3;0
7;2025-11-11;4;1
7;2025-11-11;5;181
7;2025-11-11;6;602
7;2025-11-11;7;1661
7;2025-11-11;8;2630
7;2025-11-11;9;1848
7;2025-11-11;10;1715
7;2025-11-11;11;1600
7;2025-11-11;12;1746
7;2025-11-11;13;1687
7;2025-11-11;14;1776
7;2025-11-11;15;1853
7;2025-11-11;16;1907
7;2025-11-11;17;2424
7;2025-11-11;18;2592
7;2025-11-11;19;1657
7;2025-11-11;20;1052
7;2025-11-11;21;597
7;2025-11-11;22;278
7;2025-11-11;23;191
7;2025-11-12;0;56
7;2025-11-12;1;10
7;2025-11-12;2;0
7;2025-11-12;3;0
7;2025-11-12;4;1
7;2025-11-12;5;177
7;2025-11-12;6;587
7;2025-11-12;7;1592
7;2025-11-12;8;2538
7;2025-11-12;9;1800
7;2025-11-12;10;1680
7;2025-11-12;11;1562
7;2025-11-12;12;1718
7;2025-11-12;13;1636
7;2025-11-12;14;1714
7;2025-11-12;15;1803
7;2025-11-12;16;1864
7;2025-11-12;17;2362
7;2025-11-12;18;2500
7;2025-11-12;19;1602
7;2025-11-12;20;1022
7;2025-11-12;21;580
7;2025-11-12;22;273
7;2025-11-12;23;190
7;2025-11-13;0;57
7;2025-11-13;1;9
7;2025-11-13;2;0
7;2025-11-13;3;0
7;2025-11-13;4;1
7;2025-11-13;5;176
7;2025-11-13;6;582
7;2025-11-13;7;1589
7;2025-11-13;8;2538
7;2025-11-13;9;1786
7;2025-11-13;10;1658
7;2025-11-13;11;1556
7;2025-11-13;12;1707
7;2025-11-13;13;1642
7;2025-11-13;14;1727
7;2025-11-13;15;1809
7;2025-11-13;16;1868
7;2025-11-13;17;2355
7;2025-11-13;18;2509
7;2025-11-13;19;1600
7;2025-11-13;20;1027
7;2025-11-13;21;583
7;2025-11-13;22;277
7;2025-11-13;23;192
7;2025-11-14;0;62
7;2025-11-14;1;10
7;2025-11-14;2;0
7;2025-11-14;3;0
7;2025-11-14;4;1
7;2025-11-14;5;170
7;2025-11-14;6;576
7;2025-11-14;7;1562
7;2025-11-14;8;2434
7;2025-11-14;9;1740
7;2025-11-14;10;1643
7;2025-11-14;11;1556
7;2025-11-14;12;1699
7;2025-11-14;13;1658
7;2025-11-14;14;1744
7;2025-11-14;15;1876
7;2025-11-14;16;1961
7;2025-11-14;17;2335
7;2025-11-14;18;2176
7;2025-11-14;19;1466
7;2025-11-14;20;980
7;2025-11-14;21;568
7;2025-11-14;22;276
7;2025-11-14;23;211
7;2025-11-15;0;98
7;2025-11-15;1;27
7;2025-11-15;2;0
7;2025-11-15;3;0
7;2025-11-15;4;0
7;2025-11-15;5;57
7;2025-11-15;6;314
7;2025-11-15;7;506
7;2025-11-15;8;794
7;2025-11-15;9;917
7;2025-11-15;10;974
7;2025-11-15;11;1131
7;2025-11-15;12;1342
7;2025-11-15;13;1308
7;2025-11-15;14;1413
7;2025-11-15;15;1257
7;2025-11-15;16;1208
7;2025-11-15;17;1199
7;2025-11-15;18;1132
7;2025-11-15;19;1148
7;2025-11-15;20;842
7;2025-11-15;21;679
7;2025-11-15;22;375
7;2025-11-15;23;223
7;2025-11-16;0;111
7;2025-11-16;1;27
7;2025-11-16;2;0
7;2025-11-16;3;0
7;2025-11-16;4;0
7;2025-11-16;5;35
7;2025-11-16;6;211
7;2025-11-16;7;349
7;2025-11-16;8;542
7;2025-11-16;9;713
7;2025-11-16;10;798
7;2025-11-16;11;1003
7;2025-11-16;12;1127
7;2025-11-16;13;1170
7;2025-11-16;14;1265
7;2025-11-16;15;1232
7;2025-11-16;16;1111
7;2025-11-16;17;1210
7;2025-11-16;18;1035
7;2025-11-16;19;897
7;2025-11-16;20;762
7;2025-11-16;21;610
7;2025-11-16;22;351
7;2025-11-16;23;192
7;2025-11-17;0;58
7;2025-11-17;1;10
7;2025-11-17;2;0
7;2025-11-17;3;0
7;2025-11-17;4;1
7;2025-11-17;5;177
7;2025-11-17;6;593
7;2025-11-17;7;1606
7;2025-11-17;8;2559
7;2025-11-17;9;1809
7;2025-11-17;10;1655
7;2025-11-17;11;1523
7;2025-11-17;12;1656
7;2025-11-17;13;1615
7;2025-11-17;14;1682
7;2025-11-17;15;1772
7;2025-11-17;16;1837
7;2025-11-17;17;2341
7;2025-11-17;18;2508
7;2025-11-17;19;1604
7;2025-11-17;20;1016
7;2025-11-17;21;567
7;2025-11-17;22;266
7;2025-11-17;23;184
7;2025-11-18;0;57
7;2025-11-18;1;11
7;2025-11-18;2;0
7;2025-11-18;3;0
7;2025-11-18;4;1
7;2025-11-18;5;177
7;2025-11-18;6;596
7;2025-11-18;7;1620
7;2025-11-18;8;2565
7;2025-11-18;9;1815
7;2025-11-18;10;1682
7;2025-11-18;11;1561
7;2025-11-18;12;1709
7;2025-11-18;13;1644
7;2025-11-18;14;1720
7;2025-11-18;15;1803
7;2025-11-18;16;1856
7;2025-11-18;17;2380
7;2025-11-18;18;2537
7;2025-11-18;19;1623
7;2025-11-18;20;1035
7;2025-11-18;21;584
7;2025-11-18;22;274
7;2025-11-18;23;186
7;2025-11-19;0;57
7;2025-11-19;1;9
7;2025-11-19;2;0
7;2025-11-19;3;0
7;2025-11-19;4;1
7;2025-11-19;5;179
7;2025-11-19;6;602
7;2025-11-19;7;1612
7;2025-11-19;8;2561
7;2025-11-19;9;1825
7;2025-11-19;10;1687
7;2025-11-19;11;1572
7;2025-11-19;12;1710
7;2025-11-19;13;1655
7;2025-11-19;14;1731
7;2025-11-19;15;1813
7;2025-11-19;16;1894
7;2025-11-19;17;2390
7;2025-11-19;18;2527
7;2025-11-19;19;1618
7;2025-11-19;20;1027
7;2025-11-19;21;582
7;2025-11-19;22;273
7;2025-11-19;23;189
7;2025-11-20;0;58
7;2025-11-20;1;10
7;2025-11-20;2;0
7;2025-11-20;3;0
7;2025-11-20;4;1
7;2025-11-20;5;178
7;2025-11-20;6;596
7;2025-11-20;7;1606
7;2025-11-20;8;2552
7;2025-11-20;9;1818
7;2025-11-20;10;1671
7;2025-11-20;11;1565
7;2025-11-20;12;1703
7;2025-11-20;13;1652
7;2025-11-20;14;1735
7;2025-11-20;15;1814
7;2025-11-20;16;1893
7;2025-11-20;17;2379
7;2025-11-20;18;2527
7;2025-11-20;19;1610
7;2025-11-20;20;1024
7;2025-11-20;21;580
7;2025-11-20;22;275
7;2025-11-20;23;191
7;2025-11-21;0;62
7;2025-11-21;1;11
7;2025-11-21;2;0
7;2025-11-21;3;0
7;2025-11-21;4;1
7;2025-11-21;5;173
7;2025-11-21;6;591
7;2025-11-21;7;1583
7;2025-11-21;8;2449
7;2025-11-21;9;1768
7;2025-11-21;10;1652
7;2025-11-21;11;1554
7;2025-11-21;12;1686
7;2025-11-21;13;1660
7;2025-11-21;14;1741
7;2025-11-21;15;1872
7;2025-11-21;16;1981
7;2025-11-21;17;2349
7;2025-11-21;18;2197
7;2025-11-21;19;1476
7;2025-11-21;20;977
7;2025-11-21;21;564
7;2025-11-21;22;276
7;2025-11-21;23;213
7;2025-11-22;0;98
7;2025-11-22;1;27
7;2025-11-22;2;0
7;2025-11-22;3;0
7;2025-11-22;4;0
7;2025-11-22;5;57
7;2025-11-22;6;314
7;2025-11-22;7;506
7;2025-11-22;8;794
7;2025-11-22;9;917
7;2025-11-22;10;974
7;2025-11-22;11;1131
7;2025-11-22;12;1342
7;2025-11-22;13;1308
7;2025-11-22;14;1413
7;2025-11-22;15;1257
7;2025-11-22;16;1208
7;2025-11-22;17;1199
7;2025-11-22;18;1132
7;2025-11-22;19;1148
7;2025-11-22;20;842
7;2025-11-22;21;679
7;2025-11-22;22;375
7;2025-11-22;23;223
7;2025-11-23;0;111
7;2025-11-23;1;27
7;2025-11-23;2;0
7;2025-11-23;3;0
7;2025-11-23;4;0
7;2025-11-23;5;35
7;2025-11-23;6;211
7;2025-11-23;7;349
7;2025-11-23;8;542
7;2025-11-23;9;713
7;2025-11-23;10;798
7;2025-11-23;11;1003
7;2025-11-23;12;1127
7;2025-11-23;13;1170
7;2025-11-23;14;1265
7;2025-11-23;15;1232
7;2025-11-23;16;1111
7;2025-11-23;17;1210
7;2025-11-23;18;1035
7;2025-11-23;19;897
7;2025-11-23;20;762
7;2025-11-23;21;610
7;2025-11-23;22;351
7;2025-11-23;23;192
7;2025-11-24;0;56
7;2025-11-24;1;11
7;2025-11-24;2;0
7;2025-11-24;3;0
7;2025-11-24;4;1
7;2025-11-24;5;175
7;2025-11-24;6;578
7;2025-11-24;7;1585
7;2025-11-24;8;2535
7;2025-11-24;9;1786
7;2025-11-24;10;1645
7;2025-11-24;11;1511
7;2025-11-24;12;1653
7;2025-11-24;13;1609
7;2025-11-24;14;1671
7;2025-11-24;15;1759
7;2025-11-24;16;1814
7;2025-11-24;17;2327
7;2025-11-24;18;2487
7;2025-11-24;19;1592
7;2025-11-24;20;1010
7;2025-11-24;21;566
7;2025-11-24;22;264
7;2025-11-24;23;179
7;2025-11-25;0;56
7;2025-11-25;1;11
7;2025-11-25;2;0
7;2025-11-25;3;0
7;2025-11-25;4;1
7;2025-11-25;5;182
7;2025-11-25;6;611
7;2025-11-25;7;1658
7;2025-11-25;8;2624
7;2025-11-25;9;1867
7;2025-11-25;10;1715
7;2025-11-25;11;1593
7;2025-11-25;12;1726
7;2025-11-25;13;1684
7;2025-11-25;14;1762
7;2025-11-25;15;1846
7;2025-11-25;16;1923
7;2025-11-25;17;2429
7;2025-11-25;18;2586
7;2025-11-25;19;1650
7;2025-11-25;20;1045
7;2025-11-25;21;591
7;2025-11-25;22;277
7;2025-11-25;23;189
7;2025-11-26;0;56
7;2025-11-26;1;11
7;2025-11-26;2;0
7;2025-11-26;3;0
7;2025-11-26;4;2
7;2025-11-26;5;178
7;2025-11-26;6;595
7;2025-11-26;7;1598
7;2025-11-26;8;2554
7;2025-11-26;9;1824
7;2025-11-26;10;1693
7;2025-11-26;11;1553
7;2025-11-26;12;1691
7;2025-11-26;13;1637
7;2025-11-26;14;1712
7;2025-11-26;15;1803
7;2025-11-26;16;1863
7;2025-11-26;17;2375
7;2025-11-26;18;2509
7;2025-11-26;19;1601
7;2025-11-26;20;1015
7;2025-11-26;21;575
7;2025-11-26;22;270
7;2025-11-26;23;185
7;2025-11-27;0;58
7;2025-11-27;1;11
7;2025-11-27;2;0
7;2025-11-27;3;0
7;2025-11-27;4;1
7;2025-11-27;5;177
7;2025-11-27;6;583
7;2025-11-27;7;1591
7;2025-11-27;8;2547
7;2025-11-27;9;1797
7;2025-11-27;10;1672
7;2025-11-27;11;1567
7;2025-11-27;12;1713
7;2025-11-27;13;1647
7;2025-11-27;14;1725
7;2025-11-27;15;1806
7;2025-11-27;16;1865
7;2025-11-27;17;2357
7;2025-11-27;18;2505
7;2025-11-27;19;1587
7;2025-11-27;20;1019
7;2025-11-27;21;573
7;2025-11-27;22;272
7;2025-11-27;23;188
7;2025-11-28;0;60
7;2025-11-28;1;12
7;2025-11-28;2;0
7;2025-11-28;3;0
7;2025-11-28;4;1
7;2025-11-28;5;171
7;2025-11-28;6;577
7;2025-11-28;7;1562
7;2025-11-28;8;2437
7;2025-11-28;9;1745
7;2025-11-28;10;1651
7;2025-11-28;11;1557
7;2025-11-28;12;1695
7;2025-11-28;13;1660
7;2025-11-28;14;1743
7;2025-11-28;15;1871
7;2025-11-28;16;1957
7;2025-11-28;17;2343
7;2025-11-28;18;2179
7;2025-11-28;19;1462
7;2025-11-28;20;976
7;2025-11-28;21;565
7;2025-11-28;22;275
7;2025-11-28;23;212
7;2025-11-29;0;98
7;2025-11-29;1;27
7;2025-11-29;2;0
7;2025-11-29;3;0
7;2025-11-29;4;0
7;2025-11-29;5;57
7;2025-11-29;6;314
7;2025-11-29;7;506
7;2025-11-29;8;794
7;2025-11-29;9;917
7;2025-11-29;10;974
7;2025-11-29;11;1131
7;2025-11-29;12;1342
7;2025-11-29;13;1308
7;2025-11-29;14;1413
7;2025-11-29;15;1257
7;2025-11-29;16;1208
7;2025-11-29;17;1199
7;2025-11-29;18;1132
7;2025-11-29;19;1148
7;2025-11-29;20;842
7;2025-11-29;21;679
7;2025-11-29;22;375
7;2025-11-29;23;223
7;2025-11-30;0;111
7;2025-11-30;1;27
7;2025-11-30;2;0
7;2025-11-30;3;0
7;2025-11-30;4;0
7;2025-11-30;5;35
7;2025-11-30;6;211
7;2025-11-30;7;349
7;2025-11-30;8;542
7;2025-11-30;9;713
7;2025-11-30;10;798
7;2025-11-30;11;1003
7;2025-11-30;12;1127
7;2025-11-30;13;1170
7;2025-11-30;14;1265
7;2025-11-30;15;1232
7;2025-11-30;16;1111
7;2025-11-30;17;1210
7;2025-11-30;18;1035
7;2025-11-30;19;897
7;2025-11-30;20;762
7;2025-11-30;21;610
7;2025-11-30;22;351
7;2025-11-30;23;192
7;2025-12-01;0;58
7;2025-12-01;1;11
7;2025-12-01;2;0
7;2025-12-01;3;0
7;2025-12-01;4;1
7;2025-12-01;5;180
7;2025-12-01;6;604
7;2025-12-01;7;1632
7;2025-12-01;8;2611
7;2025-12-01;9;1835
7;2025-12-01;10;1688
7;2025-12-01;11;1566
7;2025-12-01;12;1702
7;2025-12-01;13;1669
7;2025-12-01;14;1737
7;2025-12-01;15;1823
7;2025-12-01;16;1899
7;2025-12-01;17;2392
7;2025-12-01;18;2545
7;2025-12-01;19;1625
7;2025-12-01;20;1030
7;2025-12-01;21;576
7;2025-12-01;22;270
7;2025-12-01;23;187
7;2025-12-02;0;58
7;2025-12-02;1;11
7;2025-12-02;2;0
7;2025-12-02;3;0
7;2025-12-02;4;1
7;2025-12-02;5;184
7;2025-12-02;6;619
7;2025-12-02;7;1681
7;2025-12-02;8;2658
7;2025-12-02;9;1889
7;2025-12-02;10;1738
7;2025-12-02;11;1615
7;2025-12-02;12;1748
7;2025-12-02;13;1706
7;2025-12-02;14;1786
7;2025-12-02;15;1871
7;2025-12-02;16;1949
7;2025-12-02;17;2457
7;2025-12-02;18;2615
7;2025-12-02;19;1666
7;2025-12-02;20;1057
7;2025-12-02;21;600
7;2025-12-02;22;281
7;2025-12-02;23;191
7;2025-12-03;0;58
7;2025-12-03;1;12
7;2025-12-03;2;0
7;2025-12-03;3;0
7;2025-12-03;4;1
7;2025-12-03;5;182
7;2025-12-03;6;612
7;2025-12-03;7;1635
7;2025-12-03;8;2611
7;2025-12-03;9;1857
7;2025-12-03;10;1719
7;2025-12-03;11;1601
7;2025-12-03;12;1740
7;2025-12-03;13;1683
7;2025-12-03;14;1761
7;2025-12-03;15;1848
7;2025-12-03;16;1934
7;2025-12-03;17;2425
7;2025-12-03;18;2545
7;2025-12-03;19;1631
7;2025-12-03;20;1038
7;2025-12-03;21;589
7;2025-12-03;22;277
7;2025-12-03;23;193
7;2025-12-04;0;58
7;2025-12-04;1;11
7;2025-12-04;2;0
7;2025-12-04;3;0
7;2025-12-04;4;1
7;2025-12-04;5;180
7;2025-12-04;6;600
7;2025-12-04;7;1626
7;2025-12-04;8;2600
7;2025-12-04;9;1842
7;2025-12-04;10;1697
7;2025-12-04;11;1591
7;2025-12-04;12;1737
7;2025-12-04;13;1681
7;2025-12-04;14;1773
7;2025-12-04;15;1848
7;2025-12-04;16;1926
7;2025-12-04;17;2404
7;2025-12-04;18;2551
7;2025-12-04;19;1614
7;2025-12-04;20;1038
7;2025-12-04;21;587
7;2025-12-04;22;280
7;2025-12-04;23;194
7;2025-12-05;0;63
7;2025-12-05;1;12
7;2025-12-05;2;0
7;2025-12-05;3;0
7;2025-12-05;4;1
7;2025-12-05;5;175
7;2025-12-05;6;595
7;2025-12-05;7;1602
7;2025-12-05;8;2496
7;2025-12-05;9;1793
7;2025-12-05;10;1681
7;2025-12-05;11;1585
7;2025-12-05;12;1717
7;2025-12-05;13;1691
7;2025-12-05;14;1781
7;2025-12-05;15;1915
7;2025-12-05;16;2020
7;2025-12-05;17;2386
7;2025-12-05;18;2215
7;2025-12-05;19;1482
7;2025-12-05;20;991
7;2025-12-05;21;576
7;2025-12-05;22;280
7;2025-12-05;23;218
7;2025-12-06;0;101
7;2025-12-06;1;27
7;2025-12-06;2;0
7;2025-12-06;3;0
7;2025-12-06;4;0
7;2025-12-06;5;59
7;2025-12-06;6;324
7;2025-12-06;7;522
7;2025-12-06;8;818
7;2025-12-06;9;946
7;2025-12-06;10;1004
7;2025-12-06;11;1166
7;2025-12-06;12;1384
7;2025-12-06;13;1348
7;2025-12-06;14;1457
7;2025-12-06;15;1296
7;2025-12-06;16;1245
7;2025-12-06;17;1236
7;2025-12-06;18;1168
7;2025-12-06;19;1184
7;2025-12-06;20;868
7;2025-12-06;21;701
7;2025-12-06;22;386
7;2025-12-06;23;230
7;2025-12-07;0;114
7;2025-12-07;1;28
7;2025-12-07;2;0
7;2025-12-07;3;0
7;2025-12-07;4;0
7;2025-12-07;5;36
7;2025-12-07;6;218
7;2025-12-07;7;360
7;2025-12-07;8;559
7;2025-12-07;9;735
7;2025-12-07;10;823
7;2025-12-07;11;1034
7;2025-12-07;12;1162
7;2025-12-07;13;1207
7;2025-12-07;14;1305
7;2025-12-07;15;1271
7;2025-12-07;16;1146
7;2025-12-07;17;1247
7;2025-12-07;18;1068
7;2025-12-07;19;925
7;2025-12-07;20;786
7;2025-12-07;21;629
7;2025-12-07;22;362
7;2025-12-07;23;198
7;2025-12-08;0;59
7;2025-12-08;1;11
7;2025-12-08;2;0
7;2025-12-08;3;0
7;2025-12-08;4;1
7;2025-12-08;5;180
7;2025-12-08;6;605
7;2025-12-08;7;1640
7;2025-12-08;8;2620
7;2025-12-08;9;1849
7;2025-12-08;10;1697
7;2025-12-08;11;1571
7;2025-12-08;12;1709
7;2025-12-08;13;1672
7;2025-12-08;14;1747
7;2025-12-08;15;1830
7;2025-12-08;16;1907
7;2025-12-08;17;2402
7;2025-12-08;18;2556
7;2025-12-08;19;1630
7;2025-12-08;20;1028
7;2025-12-08;21;581
7;2025-12-08;22;272
7;2025-12-08;23;186
7;2025-12-09;0;59
7;2025-12-09;1;12
7;2025-12-09;2;0
7;2025-12-09;3;0
7;2025-12-09;4;1
7;2025-12-09;5;184
7;2025-12-09;6;622
7;2025-12-09;7;1684
7;2025-12-09;8;2666
7;2025-12-09;9;1900
7;2025-12-09;10;1751
7;2025-12-09;11;1620
7;2025-12-09;12;1754
7;2025-12-09;13;1709
7;2025-12-09;14;1788
7;2025-12-09;15;1872
7;2025-12-09;16;1952
7;2025-12-09;17;2463
7;2025-12-09;18;2620
7;2025-12-09;19;1668
7;2025-12-09;20;1057
7;2025-12-09;21;599
7;2025-12-09;22;280
7;2025-12-09;23;190
7;2025-12-10;0;58
7;2025-12-10;1;11
7;2025-12-10;2;0
7;2025-12-10;3;0
7;2025-12-10;4;1
7;2025-12-10;5;182
7;2025-12-10;6;611
7;2025-12-10;7;1635
7;2025-12-10;8;2610
7;2025-12-10;9;1863
7;2025-12-10;10;1729
7;2025-12-10;11;1600
7;2025-12-10;12;1742
7;2025-12-10;13;1684
7;2025-12-10;14;1761
7;2025-12-10;15;1844
7;2025-12-10;16;1925
7;2025-12-10;17;2426
7;2025-12-10;18;2563
7;2025-12-10;19;1630
7;2025-12-10;20;1036
7;2025-12-10;21;589
7;2025-12-10;22;278
7;2025-12-10;23;194
7;2025-12-11;0;59
7;2025-12-11;1;10
7;2025-12-11;2;0
7;2025-12-11;3;0
7;2025-12-11;4;1
7;2025-12-11;5;181
7;2025-12-11;6;593
7;2025-12-11;7;1611
7;2025-12-11;8;2574
7;2025-12-11;9;1824
7;2025-12-11;10;1699
7;2025-12-11;11;1590
7;2025-12-11;12;1738
7;2025-12-11;13;1683
7;2025-12-11;14;1762
7;2025-12-11;15;1842
7;2025-12-11;16;1900
7;2025-12-11;17;2387
7;2025-12-11;18;2529
7;2025-12-11;19;1599
7;2025-12-11;20;1033
7;2025-12-11;21;584
7;2025-12-11;22;278
7;2025-12-11;23;192
7;2025-12-12;0;64
7;2025-12-12;1;13
7;2025-12-12;2;0
7;2025-12-12;3;0
7;2025-12-12;4;1
7;2025-12-12;5;174
7;2025-12-12;6;588
7;2025-12-12;7;1594
7;2025-12-12;8;2470
7;2025-12-12;9;1779
7;2025-12-12;10;1691
7;2025-12-12;11;1591
7;2025-12-12;12;1721
7;2025-12-12;13;1695
7;2025-12-12;14;1772
7;2025-12-12;15;1897
7;2025-12-12;16;1980
7;2025-12-12;17;2356
7;2025-12-12;18;2181
7;2025-12-12;19;1469
7;2025-12-12;20;980
7;2025-12-12;21;571
7;2025-12-12;22;279
7;2025-12-12;23;214
7;2025-12-13;0;101
7;2025-12-13;1;27
7;2025-12-13;2;0
7;2025-12-13;3;0
7;2025-12-13;4;0
7;2025-12-13;5;59
7;2025-12-13;6;324
7;2025-12-13;7;522
7;2025-12-13;8;818
7;2025-12-13;9;946
7;2025-12-13;10;1004
7;2025-12-13;11;1166
7;2025-12-13;12;1384
7;2025-12-13;13;1348
7;2025-12-13;14;1457
7;2025-12-13;15;1296
7;2025-12-13;16;1245
7;2025-12-13;17;1236
7;2025-12-13;18;1168
7;2025-12-13;19;1184
7;2025-12-13;20;868
7;2025-12-13;21;701
7;2025-12-13;22;386
7;2025-12-13;23;230
7;2025-12-14;0;114
7;2025-12-14;1;28
7;2025-12-14;2;0
7;2025-12-14;3;0
7;2025-12-14;4;0
7;2025-12-14;5;36
7;2025-12-14;6;218
7;2025-12-14;7;360
7;2025-12-14;8;559
7;2025-12-14;9;735
7;2025-12-14;10;823
7;2025-12-14;11;1034
7;2025-12-14;12;1162
7;2025-12-14;13;1207
7;2025-12-14;14;1305
7;2025-12-14;15;1271
7;2025-12-14;16;1146
7;2025-12-14;17;1247
7;2025-12-14;18;1068
7;2025-12-14;19;925
7;2025-12-14;20;786
7;2025-12-14;21;629
7;2025-12-14;22;362
7;2025-12-14;23;198
7;2025-12-15;0;57
7;2025-12-15;1;10
7;2025-12-15;2;0
7;2025-12-15;3;0
7;2025-12-15;4;1
7;2025-12-15;5;179
7;2025-12-15;6;602
7;2025-12-15;7;1642
7;2025-12-15;8;2627
7;2025-12-15;9;1859
7;2025-12-15;10;1719
7;2025-12-15;11;1586
7;2025-12-15;12;1724
7;2025-12-15;13;1684
7;2025-12-15;14;1759
7;2025-12-15;15;1830
7;2025-12-15;16;1895
7;2025-12-15;17;2394
7;2025-12-15;18;2552
7;2025-12-15;19;1638
7;2025-12-15;20;1037
7;2025-12-15;21;583
7;2025-12-15;22;273
7;2025-12-15;23;188
7;2025-12-16;0;60
7;2025-12-16;1;12
7;2025-12-16;2;0
7;2025-12-16;3;0
7;2025-12-16;4;1
7;2025-12-16;5;186
7;2025-12-16;6;627
7;2025-12-16;7;1705
7;2025-12-16;8;2702
7;2025-12-16;9;1917
7;2025-12-16;10;1777
7;2025-12-16;11;1645
7;2025-12-16;12;1776
7;2025-12-16;13;1731
7;2025-12-16;14;1809
7;2025-12-16;15;1887
7;2025-12-16;16;1966
7;2025-12-16;17;2484
7;2025-12-16;18;2643
7;2025-12-16;19;1689
7;2025-12-16;20;1071
7;2025-12-16;21;608
7;2025-12-16;22;287
7;2025-12-16;23;196
7;2025-12-17;0;59
7;2025-12-17;1;12
7;2025-12-17;2;0
7;2025-12-17;3;0
7;2025-12-17;4;1
7;2025-12-17;5;182
7;2025-12-17;6;613
7;2025-12-17;7;1654
7;2025-12-17;8;2631
7;2025-12-17;9;1878
7;2025-12-17;10;1745
7;2025-12-17;11;1624
7;2025-12-17;12;1768
7;2025-12-17;13;1707
7;2025-12-17;14;1792
7;2025-12-17;15;1872
7;2025-12-17;16;1950
7;2025-12-17;17;2444
7;2025-12-17;18;2574
7;2025-12-17;19;1642
7;2025-12-17;20;1038
7;2025-12-17;21;595
7;2025-12-17;22;281
7;2025-12-17;23;196
7;2025-12-18;0;60
7;2025-12-18;1;11
7;2025-12-18;2;0
7;2025-12-18;3;0
7;2025-12-18;4;1
7;2025-12-18;5;183
7;2025-12-18;6;608
7;2025-12-18;7;1643
7;2025-12-18;8;2609
7;2025-12-18;9;1858
7;2025-12-18;10;1714
7;2025-12-18;11;1611
7;2025-12-18;12;1751
7;2025-12-18;13;1705
7;2025-12-18;14;1789
7;2025-12-18;15;1862
7;2025-12-18;16;1944
7;2025-12-18;17;2427
7;2025-12-18;18;2566
7;2025-12-18;19;1500
7;2025-12-18;20;1045
7;2025-12-18;21;594
7;2025-12-18;22;284
7;2025-12-18;23;197
7;2025-12-19;0;66
7;2025-12-19;1;13
7;2025-12-19;2;0
7;2025-12-19;3;0
7;2025-12-19;4;1
7;2025-12-19;5;178
7;2025-12-19;6;604
7;2025-12-19;7;1619
7;2025-12-19;8;2510
7;2025-12-19;9;1810
7;2025-12-19;10;1704
7;2025-12-19;11;1607
7;2025-12-19;12;1732
7;2025-12-19;13;1715
7;2025-12-19;14;1801
7;2025-12-19;15;1924
7;2025-12-19;16;2034
7;2025-12-19;17;2414
7;2025-12-19;18;2230
7;2025-12-19;19;1504
7;2025-12-19;20;995
7;2025-12-19;21;580
7;2025-12-19;22;283
7;2025-12-19;23;218
7;2025-12-20;0;101
7;2025-12-20;1;27
7;2025-12-20;2;0
7;2025-12-20;3;0
7;2025-12-20;4;0
7;2025-12-20;5;59
7;2025-12-20;6;324
7;2025-12-20;7;522
7;2025-12-20;8;818
7;2025-12-20;9;946
7;2025-12-20;10;1004
7;2025-12-20;11;1166
7;2025-12-20;12;1384
7;2025-12-20;13;1348
7;2025-12-20;14;1457
7;2025-12-20;15;1296
7;2025-12-20;16;1245
7;2025-12-20;17;1236
7;2025-12-20;18;1168
7;2025-12-20;19;1184
7;2025-12-20;20;868
7;2025-12-20;21;701
7;2025-12-20;22;386
7;2025-12-20;23;230
7;2025-12-21;0;114
7;2025-12-21;1;28
7;2025-12-21;2;0
7;2025-12-21;3;0
7;2025-12-21;4;0
7;2025-12-21;5;36
7;2025-12-21;6;218
7;2025-12-21;7;360
7;2025-12-21;8;559
7;2025-12-21;9;735
7;2025-12-21;10;823
7;2025-12-21;11;1034
7;2025-12-21;12;1162
7;2025-12-21;13;1207
7;2025-12-21;14;1305
7;2025-12-21;15;1271
7;2025-12-21;16;1146
7;2025-12-21;17;1247
7;2025-12-21;18;1068
7;2025-12-21;19;925
7;2025-12-21;20;786
7;2025-12-21;21;629
7;2025-12-21;22;362
7;2025-12-21;23;198
7;2025-12-22;0;59
7;2025-12-22;1;13
7;2025-12-22;2;0
7;2025-12-22;3;0
7;2025-12-22;4;1
7;2025-12-22;5;181
7;2025-12-22;6;610
7;2025-12-22;7;1652
7;2025-12-22;8;2630
7;2025-12-22;9;1859
7;2025-12-22;10;1712
7;2025-12-22;11;1578
7;2025-12-22;12;1714
7;2025-12-22;13;1680
7;2025-12-22;14;1752
7;2025-12-22;15;1828
7;2025-12-22;16;1902
7;2025-12-22;17;2402
7;2025-12-22;18;2557
7;2025-12-22;19;1625
7;2025-12-22;20;1026
7;2025-12-22;21;577
7;2025-12-22;22;270
7;2025-12-22;23;186
7;2025-12-23;0;56
7;2025-12-23;1;12
7;2025-12-23;2;0
7;2025-12-23;3;0
7;2025-12-23;4;1
7;2025-12-23;5;185
7;2025-12-23;6;624
7;2025-12-23;7;1694
7;2025-12-23;8;2686
7;2025-12-23;9;1929
7;2025-12-23;10;1782
7;2025-12-23;11;1646
7;2025-12-23;12;1786
7;2025-12-23;13;1738
7;2025-12-23;14;1812
7;2025-12-23;15;1887
7;2025-12-23;16;1959
7;2025-12-23;17;2479
7;2025-12-23;18;2622
7;2025-12-23;19;1674
7;2025-12-23;20;1062
7;2025-12-23;21;599
7;2025-12-23;22;283
7;2025-12-23;23;193
7;2025-12-24;0;59
7;2025-12-24;1;10
7;2025-12-24;2;0
7;2025-12-24;3;0
7;2025-12-24;4;1
7;2025-12-24;5;184
7;2025-12-24;6;617
7;2025-12-24;7;1657
7;2025-12-24;8;2639
7;2025-12-24;9;1905
7;2025-12-24;10;1772
7;2025-12-24;11;1637
7;2025-12-24;12;1783
7;2025-12-24;13;1722
7;2025-12-24;14;1798
7;2025-12-24;15;1869
7;2025-12-24;16;1939
7;2025-12-24;17;2445
7;2025-12-24;18;2571
7;2025-12-24;19;1646
7;2025-12-24;20;1060
7;2025-12-24;21;599
7;2025-12-24;22;282
7;2025-12-24;23;196
7;2025-12-25;0;62
7;2025-12-25;1;12
7;2025-12-25;2;0
7;2025-12-25;3;0
7;2025-12-25;4;2
7;2025-12-25;5;182
7;2025-12-25;6;602
7;2025-12-25;7;1638
7;2025-12-25;8;2605
7;2025-12-25;9;1858
7;2025-12-25;10;1723
7;2025-12-25;11;1612
7;2025-12-25;12;1751
7;2025-12-25;13;1705
7;2025-12-25;14;1783
7;2025-12-25;15;1855
7;2025-12-25;16;1924
7;2025-12-25;17;2416
7;2025-12-25;18;2551
7;2025-12-25;19;1617
7;2025-12-25;20;1035
7;2025-12-25;21;586
7;2025-12-25;22;281
7;2025-12-25;23;193
7;2025-12-26;0;63
7;2025-12-26;1;11
7;2025-12-26;2;0
7;2025-12-26;3;0
7;2025-12-26;4;2
7;2025-12-26;5;176
7;2025-12-26;6;588
7;2025-12-26;7;1586
7;2025-12-26;8;2466
7;2025-12-26;9;1782
7;2025-12-26;10;1684
7;2025-12-26;11;1575
7;2025-12-26;12;1700
7;2025-12-26;13;1682
7;2025-12-26;14;1755
7;2025-12-26;15;1888
7;2025-12-26;16;1975
7;2025-12-26;17;2359
7;2025-12-26;18;2186
7;2025-12-26;19;1470
7;2025-12-26;20;980
7;2025-12-26;21;567
7;2025-12-26;22;279
7;2025-12-26;23;214
7;2025-12-27;0;101
7;2025-12-27;1;27
7;2025-12-27;2;0
7;2025-12-27;3;0
7;2025-12-27;4;0
7;2025-12-27;5;59
7;2025-12-27;6;324
7;2025-12-27;7;522
7;2025-12-27;8;818
7;2025-12-27;9;946
7;2025-12-27;10;1004
7;2025-12-27;11;1166
7;2025-12-27;12;1384
7;2025-12-27;13;1348
7;2025-12-27;14;1457
7;2025-12-27;15;1296
7;2025-12-27;16;1245
7;2025-12-27;17;1236
7;2025-12-27;18;1168
7;2025-12-27;19;1184
7;2025-12-27;20;868
7;2025-12-27;21;701
7;2025-12-27;22;386
7;2025-12-27;23;230
7;2025-12-28;0;114
7;2025-12-28;1;28
7;2025-12-28;2;0
7;2025-12-28;3;0
7;2025-12-28;4;0
7;2025-12-28;5;36
7;2025-12-28;6;218
7;2025-12-28;7;360
7;2025-12-28;8;559
7;2025-12-28;9;735
7;2025-12-28;10;823
7;2025-12-28;11;1034
7;2025-12-28;12;1162
7;2025-12-28;13;1207
7;2025-12-28;14;1305
7;2025-12-28;15;1271
7;2025-12-28;16;1146
7;2025-12-28;17;1247
7;2025-12-28;18;1068
7;2025-12-28;19;925
7;2025-12-28;20;786
7;2025-12-28;21;629
7;2025-12-28;22;362
7;2025-12-28;23;198
7;2025-12-29;0;51
7;2025-12-29;1;8
7;2025-12-29;2;0
7;2025-12-29;3;0
7;2025-12-29;4;1
7;2025-12-29;5;153
7;2025-12-29;6;514
7;2025-12-29;7;1398
7;2025-12-29;8;2225
7;2025-12-29;9;1579
7;2025-12-29;10;1461
7;2025-12-29;11;1352
7;2025-12-29;12;1465
7;2025-12-29;13;1436
7;2025-12-29;14;1498
7;2025-12-29;15;1560
7;2025-12-29;16;1617
7;2025-12-29;17;2039
7;2025-12-29;18;2164
7;2025-12-29;19;1381
7;2025-12-29;20;872
7;2025-12-29;21;493
7;2025-12-29;22;230
7;2025-12-29;23;159
7;2025-12-30;0;50
7;2025-12-30;1;10
7;2025-12-30;2;0
7;2025-12-30;3;0
7;2025-12-30;4;1
7;2025-12-30;5;156
7;2025-12-30;6;525
7;2025-12-30;7;1437
7;2025-12-30;8;2257
7;2025-12-30;9;1625
7;2025-12-30;10;1505
7;2025-12-30;11;1394
7;2025-12-30;12;1506
7;2025-12-30;13;1471
7;2025-12-30;14;1539
7;2025-12-30;15;1606
7;2025-12-30;16;1662
7;2025-12-30;17;2081
7;2025-12-30;18;2195
7;2025-12-30;19;1410
7;2025-12-30;20;899
7;2025-12-30;21;511
7;2025-12-30;22;241
7;2025-12-30;23;164
7;2025-12-31;0;98
7;2025-12-31;1;24
7;2025-12-31;2;0
7;2025-12-31;3;0
7;2025-12-31;4;0
7;2025-12-31;5;31
7;2025-12-31;6;186
7;2025-12-31;7;308
7;2025-12-31;8;478
7;2025-12-31;9;629
7;2025-12-31;10;704
7;2025-12-31;11;884
7;2025-12-31;12;994
7;2025-12-31;13;1032
7;2025-12-31;14;1115
7;2025-12-31;15;1086
7;2025-12-31;16;980
7;2025-12-31;17;1066
7;2025-12-31;18;913
7;2025-12-31;19;791
7;2025-12-31;20;0
7;2025-12-31;21;0
7;2025-12-31;22;0
7;2025-12-31;23;0
11;2025-11-01;0;58
11;2025-11-01;1;0
11;2025-11-01;2;0
11;2025-11-01;3;0
11;2025-11-01;4;0
11;2025-11-01;5;222
11;2025-11-01;6;1244
11;2025-11-01;7;2320
11;2025-11-01;8;3024
11;2025-11-01;9;2278
11;2025-11-01;10;1896
11;2025-11-01;11;1826
11;2025-11-01;12;1893
11;2025-11-01;13;1952
11;2025-11-01;14;2006
11;2025-11-01;15;1943
11;2025-11-01;16;2167
11;2025-11-01;17;2656
11;2025-11-01;18;2723
11;2025-11-01;19;2102
11;2025-11-01;20;1324
11;2025-11-01;21;753
11;2025-11-01;22;339
11;2025-11-01;23;230
11;2025-11-02;0;102
11;2025-11-02;1;13
11;2025-11-02;2;0
11;2025-11-02;3;0
11;2025-11-02;4;0
11;2025-11-02;5;99
11;2025-11-02;6;485
11;2025-11-02;7;502
11;2025-11-02;8;699
11;2025-11-02;9;951
11;2025-11-02;10;1055
11;2025-11-02;11;1505
11;2025-11-02;12;1627
11;2025-11-02;13;1593
11;2025-11-02;14;1655
11;2025-11-02;15;1609
11;2025-11-02;16;1560
11;2025-11-02;17;1691
11;2025-11-02;18;1283
11;2025-11-02;19;1052
11;2025-11-02;20;811
11;2025-11-02;21;564
11;2025-11-02;22;334
11;2025-11-02;23;230
11;2025-11-03;0;98
11;2025-11-03;1;13
11;2025-11-03;2;0
11;2025-11-03;3;0
11;2025-11-03;4;0
11;2025-11-03;5;98
11;2025-11-03;6;492
11;2025-11-03;7;491
11;2025-11-03;8;680
11;2025-11-03;9;917
11;2025-11-03;10;992
11;2025-11-03;11;1402
11;2025-11-03;12;1509
11;2025-11-03;13;1478
11;2025-11-03;14;1532
11;2025-11-03;15;1483
11;2025-11-03;16;1417
11;2025-11-03;17;1621
11;2025-11-03;18;1293
11;2025-11-03;19;1074
11;2025-11-03;20;826
11;2025-11-03;21;570
11;2025-11-03;22;337
11;2025-11-03;23;225
11;2025-11-04;0;98
11;2025-11-04;1;15
11;2025-11-04;2;0
11;2025-11-04;3;0
11;2025-11-04;4;0
11;2025-11-04;5;96
11;2025-11-04;6;487
11;2025-11-04;7;485
11;2025-11-04;8;670
11;2025-11-04;9;901
11;2025-11-04;10;979
11;2025-11-04;11;1389
11;2025-11-04;12;1499
11;2025-11-04;13;1472
11;2025-11-04;14;1533
11;2025-11-04;15;1483
11;2025-11-04;16;1416
11;2025-11-04;17;1623
11;2025-11-04;18;1289
11;2025-11-04;19;1062
11;2025-11-04;20;821
11;2025-11-04;21;566
11;2025-11-04;22;336
11;2025-11-04;23;223
11;2025-11-05;0;60
11;2025-11-05;1;0
11;2025-11-05;2;0
11;2025-11-05;3;0
11;2025-11-05;4;0
11;2025-11-05;5;231
11;2025-11-05;6;1303
11;2025-11-05;7;2418
11;2025-11-05;8;3160
11;2025-11-05;9;2363
11;2025-11-05;10;1951
11;2025-11-05;11;1879
11;2025-11-05;12;1946
11;2025-11-05;13;2002
11;2025-11-05;14;2055
11;2025-11-05;15;1979
11;2025-11-05;16;2190
11;2025-11-05;17;2750
11;2025-11-05;18;2959
11;2025-11-05;19;2276
11;2025-11-05;20;1399
11;2025-11-05;21;793
11;2025-11-05;22;357
11;2025-11-05;23;231
11;2025-11-06;0;62
11;2025-11-06;1;0
11;2025-11-06;2;0
11;2025-11-06;3;0
11;2025-11-06;4;0
11;2025-11-06;5;236
11;2025-11-06;6;1335
11;2025-11-06;7;2474
11;2025-11-06;8;3235
11;2025-11-06;9;2418
11;2025-11-06;10;2006
11;2025-11-06;11;1922
11;2025-11-06;12;2002
11;2025-11-06;13;2042
11;2025-11-06;14;2109
11;2025-11-06;15;2014
11;2025-11-06;16;2265
11;2025-11-06;17;2820
11;2025-11-06;18;3024
11;2025-11-06;19;2325
11;2025-11-06;20;1437
11;2025-11-06;21;818
11;2025-11-06;22;370
11;2025-11-06;23;249
11;2025-11-07;0;65
11;2025-11-07;1;0
11;2025-11-07;2;0
11;2025-11-07;3;0
11;2025-11-07;4;0
11;2025-11-07;5;229
11;2025-11-07;6;1310
11;2025-11-07;7;2418
11;2025-11-07;8;3116
11;2025-11-07;9;2334
11;2025-11-07;10;1946
11;2025-11-07;11;1884
11;2025-11-07;12;1974
11;2025-11-07;13;2012
11;2025-11-07;14;2108
11;2025-11-07;15;2058
11;2025-11-07;16;2362
11;2025-11-07;17;2776
11;2025-11-07;18;2617
11;2025-11-07;19;2121
11;2025-11-07;20;1383
11;2025-11-07;21;813
11;2025-11-07;22;373
11;2025-11-07;23;274
11;2025-11-08;0;96
11;2025-11-08;1;2
11;2025-11-08;2;0
11;2025-11-08;3;0
11;2025-11-08;4;0
11;2025-11-08;5;166
11;2025-11-08;6;853
11;2025-11-08;7;777
11;2025-11-08;8;1052
11;2025-11-08;9;1176
11;2025-11-08;10;1383
11;2025-11-08;11;1730
11;2025-11-08;12;1979
11;2025-11-08;13;1858
11;2025-11-08;14;1987
11;2025-11-08;15;1880
11;2025-11-08;16;1816
11;2025-11-08;17;1927
11;2025-11-08;18;1535
11;2025-11-08;19;1488
11;2025-11-08;20;1012
11;2025-11-08;21;709
11;2025-11-08;22;399
11;2025-11-08;23;290
11;2025-11-09;0;104
11;2025-11-09;1;13
11;2025-11-09;2;0
11;2025-11-09;3;0
11;2025-11-09;4;0
11;2025-11-09;5;99
11;2025-11-09;6;486
11;2025-11-09;7;502
11;2025-11-09;8;700
11;2025-11-09;9;948
11;2025-11-09;10;1050
11;2025-11-09;11;1505
11;2025-11-09;12;1621
11;2025-11-09;13;1589
11;2025-11-09;14;1660
11;2025-11-09;15;1610
11;2025-11-09;16;1551
11;2025-11-09;17;1695
11;2025-11-09;18;1293
11;2025-11-09;19;1049
11;2025-11-09;20;813
11;2025-11-09;21;570
11;2025-11-09;22;340
11;2025-11-09;23;232
11;2025-11-10;0;60
11;2025-11-10;1;0
11;2025-11-10;2;0
11;2025-11-10;3;0
11;2025-11-10;4;0
11;2025-11-10;5;234
11;2025-11-10;6;1322
11;2025-11-10;7;2473
11;2025-11-10;8;3247
11;2025-11-10;9;2417
11;2025-11-10;10;1971
11;2025-11-10;11;1885
11;2025-11-10;12;1958
11;2025-11-10;13;2014
11;2025-11-10;14;2062
11;2025-11-10;15;2005
11;2025-11-10;16;2233
11;2025-11-10;17;2814
11;2025-11-10;18;3021
11;2025-11-10;19;2312
11;2025-11-10;20;1417
11;2025-11-10;21;792
11;2025-11-10;22;357
11;2025-11-10;23;228
11;2025-11-11;0;58
11;2025-11-11;1;0
11;2025-11-11;2;0
11;2025-11-11;3;0
11;2025-11-11;4;0
11;2025-11-11;5;234
11;2025-11-11;6;1337
11;2025-11-11;7;2512
11;2025-11-11;8;3302
11;2025-11-11;9;2461
11;2025-11-11;10;2029
11;2025-11-11;11;1931
11;2025-11-11;12;2009
11;2025-11-11;13;2068
11;2025-11-11;14;2121
11;2025-11-11;15;2042
11;2025-11-11;16;2281
11;2025-11-11;17;2867
11;2025-11-11;18;3072
11;2025-11-11;19;2335
11;2025-11-11;20;1451
11;2025-11-11;21;817
11;2025-11-11;22;367
11;2025-11-11;23;235
11;2025-11-12;0;60
11;2025-11-12;1;0
11;2025-11-12;2;0
11;2025-11-12;3;0
11;2025-11-12;4;0
11;2025-11-12;5;230
11;2025-11-12;6;1295
11;2025-11-12;7;2420
11;2025-11-12;8;3160
11;2025-11-12;9;2378
11;2025-11-12;10;1957
11;2025-11-12;11;1883
11;2025-11-12;12;1943
11;2025-11-12;13;2005
11;2025-11-12;14;2049
11;2025-11-12;15;1971
11;2025-11-12;16;2205
11;2025-11-12;17;2757
11;2025-11-12;18;2978
11;2025-11-12;19;2265
11;2025-11-12;20;1395
11;2025-11-12;21;786
11;2025-11-12;22;357
11;2025-11-12;23;232
11;2025-11-13;0;61
11;2025-11-13;1;0
11;2025-11-13;2;0
11;2025-11-13;3;0
11;2025-11-13;4;0
11;2025-11-13;5;237
11;2025-11-13;6;1341
11;2025-11-13;7;2498
11;2025-11-13;8;3290
11;2025-11-13;9;2462
11;2025-11-13;10;2039
11;2025-11-13;11;1957
11;2025-11-13;12;2033
11;2025-11-13;13;2082
11;2025-11-13;14;2136
11;2025-11-13;15;2059
11;2025-11-13;16;2314
11;2025-11-13;17;2871
11;2025-11-13;18;3087
11;2025-11-13;19;2354
11;2025-11-13;20;1461
11;2025-11-13;21;829
11;2025-11-13;22;379
11;2025-11-13;23;251
11;2025-11-14;0;63
11;2025-11-14;1;0
11;2025-11-14;2;0
11;2025-11-14;3;0
11;2025-11-14;4;0
11;2025-11-14;5;232
11;2025-11-14;6;1320
11;2025-11-14;7;2450
11;2025-11-14;8;3164
11;2025-11-14;9;2376
11;2025-11-14;10;1976
11;2025-11-14;11;1917
11;2025-11-14;12;1999
11;2025-11-14;13;2041
11;2025-11-14;14;2132
11;2025-11-14;15;2075
11;2025-11-14;16;2386
11;2025-11-14;17;2813
11;2025-11-14;18;2647
11;2025-11-14;19;2144
11;2025-11-14;20;1388
11;2025-11-14;21;811
11;2025-11-14;22;372
11;2025-11-14;23;272
11;2025-11-15;0;92
11;2025-11-15;1;4
11;2025-11-15;2;0
11;2025-11-15;3;0
11;2025-11-15;4;0
11;2025-11-15;5;160
11;2025-11-15;6;802
11;2025-11-15;7;742
11;2025-11-15;8;1007
11;2025-11-15;9;1135
11;2025-11-15;10;1323
11;2025-11-15;11;1663
11;2025-11-15;12;1889
11;2025-11-15;13;1783
11;2025-11-15;14;1892
11;2025-11-15;15;1814
11;2025-11-15;16;1755
11;2025-11-15;17;1857
11;2025-11-15;18;1483
11;2025-11-15;19;1421
11;2025-11-15;20;979
11;2025-11-15;21;683
11;2025-11-15;22;384
11;2025-11-15;23;276
11;2025-11-16;0;102
11;2025-11-16;1;13
11;2025-11-16;2;0
11;2025-11-16;3;0
11;2025-11-16;4;0
11;2025-11-16;5;97
11;2025-11-16;6;480
11;2025-11-16;7;500
11;2025-11-16;8;698
11;2025-11-16;9;950
11;2025-11-16;10;1053
11;2025-11-16;11;1516
11;2025-11-16;12;1637
11;2025-11-16;13;1602
11;2025-11-16;14;1670
11;2025-11-16;15;1630
11;2025-11-16;16;1563
11;2025-11-16;17;1703
11;2025-11-16;18;1300
11;2025-11-16;19;1047
11;2025-11-16;20;813
11;2025-11-16;21;575
11;2025-11-16;22;340
11;2025-11-16;23;237
11;2025-11-17;0;61
11;2025-11-17;1;0
11;2025-11-17;2;0
11;2025-11-17;3;0
11;2025-11-17;4;0
11;2025-11-17;5;235
11;2025-11-17;6;1295
11;2025-11-17;7;2440
11;2025-11-17;8;3180
11;2025-11-17;9;2383
11;2025-11-17;10;1931
11;2025-11-17;11;1855
11;2025-11-17;12;1910
11;2025-11-17;13;1972
11;2025-11-17;14;2010
11;2025-11-17;15;1967
11;2025-11-17;16;2180
11;2025-11-17;17;2764
11;2025-11-17;18;2987
11;2025-11-17;19;2258
11;2025-11-17;20;1394
11;2025-11-17;21;782
11;2025-11-17;22;353
11;2025-11-17;23;224
11;2025-11-18;0;58
11;2025-11-18;1;0
11;2025-11-18;2;0
11;2025-11-18;3;0
11;2025-11-18;4;0
11;2025-11-18;5;224
11;2025-11-18;6;1310
11;2025-11-18;7;2430
11;2025-11-18;8;3172
11;2025-11-18;9;2363
11;2025-11-18;10;1941
11;2025-11-18;11;1853
11;2025-11-18;12;1921
11;2025-11-18;13;1965
11;2025-11-18;14;2020
11;2025-11-18;15;1932
11;2025-11-18;16;2169
11;2025-11-18;17;2753
11;2025-11-18;18;2951
11;2025-11-18;19;2251
11;2025-11-18;20;1395
11;2025-11-18;21;786
11;2025-11-18;22;349
11;2025-11-18;23;225
11;2025-11-19;0;60
11;2025-11-19;1;0
11;2025-11-19;2;0
11;2025-11-19;3;0
11;2025-11-19;4;0
11;2025-11-19;5;239
11;2025-11-19;6;1301
11;2025-11-19;7;2443
11;2025-11-19;8;3203
11;2025-11-19;9;2412
11;2025-11-19;10;1976
11;2025-11-19;11;1893
11;2025-11-19;12;1966
11;2025-11-19;13;2041
11;2025-11-19;14;2084
11;2025-11-19;15;2016
11;2025-11-19;16;2238
11;2025-11-19;17;2808
11;2025-11-19;18;3003
11;2025-11-19;19;2268
11;2025-11-19;20;1410
11;2025-11-19;21;800
11;2025-11-19;22;361
11;2025-11-19;23;232
11;2025-11-20;0;62
11;2025-11-20;1;0
11;2025-11-20;2;0
11;2025-11-20;3;0
11;2025-11-20;4;0
11;2025-11-20;5;247
11;2025-11-20;6;1337
11;2025-11-20;7;2508
11;2025-11-20;8;3301
11;2025-11-20;9;2484
11;2025-11-20;10;2044
11;2025-11-20;11;1962
11;2025-11-20;12;2036
11;2025-11-20;13;2102
11;2025-11-20;14;2152
11;2025-11-20;15;2084
11;2025-11-20;16;2324
11;2025-11-20;17;2901
11;2025-11-20;18;3101
11;2025-11-20;19;2332
11;2025-11-20;20;1459
11;2025-11-20;21;836
11;2025-11-20;22;380
11;2025-11-20;23;249
11;2025-11-21;0;64
11;2025-11-21;1;0
11;2025-11-21;2;0
11;2025-11-21;3;0
11;2025-11-21;4;0
11;2025-11-21;5;239
11;2025-11-21;6;1311
11;2025-11-21;7;2448
11;2025-11-21;8;3169
11;2025-11-21;9;2394
11;2025-11-21;10;1976
11;2025-11-21;11;1915
11;2025-11-21;12;1995
11;2025-11-21;13;2056
11;2025-11-21;14;2133
11;2025-11-21;15;2096
11;2025-11-21;16;2396
11;2025-11-21;17;2825
11;2025-11-21;18;2676
11;2025-11-21;19;2129
11;2025-11-21;20;1391
11;2025-11-21;21;817
11;2025-11-21;22;375
11;2025-11-21;23;271
11;2025-11-22;0;93
11;2025-11-22;1;2
11;2025-11-22;2;0
11;2025-11-22;3;0
11;2025-11-22;4;0
11;2025-11-22;5;162
11;2025-11-22;6;811
11;2025-11-22;7;756
11;2025-11-22;8;1025
11;2025-11-22;9;1163
11;2025-11-22;10;1356
11;2025-11-22;11;1710
11;2025-11-22;12;1943
11;2025-11-22;13;1833
11;2025-11-22;14;1943
11;2025-11-22;15;1858
11;2025-11-22;16;1801
11;2025-11-22;17;1897
11;2025-11-22;18;1506
11;2025-11-22;19;1436
11;2025-11-22;20;989
11;2025-11-22;21;691
11;2025-11-22;22;383
11;2025-11-22;23;278
11;2025-11-23;0;102
11;2025-11-23;1;13
11;2025-11-23;2;0
11;2025-11-23;3;0
11;2025-11-23;4;0
11;2025-11-23;5;97
11;2025-11-23;6;479
11;2025-11-23;7;503
11;2025-11-23;8;698
11;2025-11-23;9;950
11;2025-11-23;10;1062
11;2025-11-23;11;1515
11;2025-11-23;12;1637
11;2025-11-23;13;1599
11;2025-11-23;14;1664
11;2025-11-23;15;1626
11;2025-11-23;16;1559
11;2025-11-23;17;1698
11;2025-11-23;18;1289
11;2025-11-23;19;1041
11;2025-11-23;20;807
11;2025-11-23;21;569
11;2025-11-23;22;340
11;2025-11-23;23;235
11;2025-11-24;0;60
11;2025-11-24;1;0
11;2025-11-24;2;0
11;2025-11-24;3;0
11;2025-11-24;4;0
11;2025-11-24;5;224
11;2025-11-24;6;1272
11;2025-11-24;7;2387
11;2025-11-24;8;3120
11;2025-11-24;9;2332
11;2025-11-24;10;1888
11;2025-11-24;11;1807
11;2025-11-24;12;1870
11;2025-11-24;13;1933
11;2025-11-24;14;1967
11;2025-11-24;15;1923
11;2025-11-24;16;2138
11;2025-11-24;17;2710
11;2025-11-24;18;2925
11;2025-11-24;19;2224
11;2025-11-24;20;1360
11;2025-11-24;21;763
11;2025-11-24;22;342
11;2025-11-24;23;218
11;2025-11-25;0;59
11;2025-11-25;1;0
11;2025-11-25;2;0
11;2025-11-25;3;0
11;2025-11-25;4;0
11;2025-11-25;5;240
11;2025-11-25;6;1331
11;2025-11-25;7;2514
11;2025-11-25;8;3306
11;2025-11-25;9;2472
11;2025-11-25;10;2031
11;2025-11-25;11;1932
11;2025-11-25;12;2007
11;2025-11-25;13;2085
11;2025-11-25;14;2128
11;2025-11-25;15;2064
11;2025-11-25;16;2296
11;2025-11-25;17;2879
11;2025-11-25;18;3083
11;2025-11-25;19;2310
11;2025-11-25;20;1445
11;2025-11-25;21;819
11;2025-11-25;22;364
11;2025-11-25;23;234
11;2025-11-26;0;59
11;2025-11-26;1;0
11;2025-11-26;2;0
11;2025-11-26;3;0
11;2025-11-26;4;0
11;2025-11-26;5;229
11;2025-11-26;6;1266
11;2025-11-26;7;2379
11;2025-11-26;8;3117
11;2025-11-26;9;2344
11;2025-11-26;10;1911
11;2025-11-26;11;1838
11;2025-11-26;12;1910
11;2025-11-26;13;1972
11;2025-11-26;14;2016
11;2025-11-26;15;1952
11;2025-11-26;16;2163
11;2025-11-26;17;2715
11;2025-11-26;18;2914
11;2025-11-26;19;2207
11;2025-11-26;20;1365
11;2025-11-26;21;770
11;2025-11-26;22;344
11;2025-11-26;23;224
11;2025-11-27;0;60
11;2025-11-27;1;0
11;2025-11-27;2;0
11;2025-11-27;3;0
11;2025-11-27;4;0
11;2025-11-27;5;233
11;2025-11-27;6;1321
11;2025-11-27;7;2455
11;2025-11-27;8;3227
11;2025-11-27;9;2414
11;2025-11-27;10;1990
11;2025-11-27;11;1911
11;2025-11-27;12;1984
11;2025-11-27;13;2030
11;2025-11-27;14;2082
11;2025-11-27;15;1998
11;2025-11-27;16;2260
11;2025-11-27;17;2809
11;2025-11-27;18;3016
11;2025-11-27;19;2279
11;2025-11-27;20;1409
11;2025-11-27;21;797
11;2025-11-27;22;362
11;2025-11-27;23;240
11;2025-11-28;0;61
11;2025-11-28;1;0
11;2025-11-28;2;0
11;2025-11-28;3;0
11;2025-11-28;4;0
11;2025-11-28;5;230
11;2025-11-28;6;1293
11;2025-11-28;7;2409
11;2025-11-28;8;3124
11;2025-11-28;9;2347
11;2025-11-28;10;1941
11;2025-11-28;11;1886
11;2025-11-28;12;1965
11;2025-11-28;13;2013
11;2025-11-28;14;2094
11;2025-11-28;15;2042
11;2025-11-28;16;2360
11;2025-11-28;17;2772
11;2025-11-28;18;2630
11;2025-11-28;19;2108
11;2025-11-28;20;1364
11;2025-11-28;21;797
11;2025-11-28;22;365
11;2025-11-28;23;265
11;2025-11-29;0;95
11;2025-11-29;1;3
11;2025-11-29;2;0
11;2025-11-29;3;0
11;2025-11-29;4;0
11;2025-11-29;5;166
11;2025-11-29;6;834
11;2025-11-29;7;779
11;2025-11-29;8;1058
11;2025-11-29;9;1200
11;2025-11-29;10;1405
11;2025-11-29;11;1773
11;2025-11-29;12;2009
11;2025-11-29;13;1893
11;2025-11-29;14;2004
11;2025-11-29;15;1915
11;2025-11-29;16;1858
11;2025-11-29;17;1955
11;2025-11-29;18;1548
11;2025-11-29;19;1469
11;2025-11-29;20;1013
11;2025-11-29;21;710
11;2025-11-29;22;397
11;2025-11-29;23;290
11;2025-11-30;0;103
11;2025-11-30;1;13
11;2025-11-30;2;0
11;2025-11-30;3;0
11;2025-11-30;4;0
11;2025-11-30;5;97
11;2025-11-30;6;482
11;2025-11-30;7;504
11;2025-11-30;8;698
11;2025-11-30;9;949
11;2025-11-30;10;1058
11;2025-11-30;11;1513
11;2025-11-30;12;1634
11;2025-11-30;13;1596
11;2025-11-30;14;1665
11;2025-11-30;15;1624
11;2025-11-30;16;1557
11;2025-11-30;17;1697
11;2025-11-30;18;1287
11;2025-11-30;19;1041
11;2025-11-30;20;809
11;2025-11-30;21;567
11;2025-11-30;22;339
11;2025-11-30;23;234
11;2025-12-01;0;63
11;2025-12-01;1;0
11;2025-12-01;2;0
11;2025-12-01;3;0
11;2025-12-01;4;0
11;2025-12-01;5;239
11;2025-12-01;6;1328
11;2025-12-01;7;2499
11;2025-12-01;8;3279
11;2025-12-01;9;2447
11;2025-12-01;10;1991
11;2025-12-01;11;1907
11;2025-12-01;12;1975
11;2025-12-01;13;2045
11;2025-12-01;14;2090
11;2025-12-01;15;2045
11;2025-12-01;16;2274
11;2025-12-01;17;2854
11;2025-12-01;18;3050
11;2025-12-01;19;2299
11;2025-12-01;20;1419
11;2025-12-01;21;801
11;2025-12-01;22;357
11;2025-12-01;23;229
11;2025-12-02;0;62
11;2025-12-02;1;0
11;2025-12-02;2;0
11;2025-12-02;3;0
11;2025-12-02;4;0
11;2025-12-02;5;243
11;2025-12-02;6;1341
11;2025-12-02;7;2535
11;2025-12-02;8;3335
11;2025-12-02;9;2493
11;2025-12-02;10;2050
11;2025-12-02;11;1952
11;2025-12-02;12;2026
11;2025-12-02;13;2103
11;2025-12-02;14;2148
11;2025-12-02;15;2083
11;2025-12-02;16;2319
11;2025-12-02;17;2901
11;2025-12-02;18;3098
11;2025-12-02;19;2317
11;2025-12-02;20;1456
11;2025-12-02;21;826
11;2025-12-02;22;366
11;2025-12-02;23;235
11;2025-12-03;0;62
11;2025-12-03;1;0
11;2025-12-03;2;0
11;2025-12-03;3;0
11;2025-12-03;4;0
11;2025-12-03;5;240
11;2025-12-03;6;1309
11;2025-12-03;7;2464
11;2025-12-03;8;3237
11;2025-12-03;9;2433
11;2025-12-03;10;1996
11;2025-12-03;11;1916
11;2025-12-03;12;1988
11;2025-12-03;13;2066
11;2025-12-03;14;2111
11;2025-12-03;15;2041
11;2025-12-03;16;2275
11;2025-12-03;17;2830
11;2025-12-03;18;3017
11;2025-12-03;19;2270
11;2025-12-03;20;1418
11;2025-12-03;21;804
11;2025-12-03;22;362
11;2025-12-03;23;236
11;2025-12-04;0;62
11;2025-12-04;1;0
11;2025-12-04;2;0
11;2025-12-04;3;0
11;2025-12-04;4;0
11;2025-12-04;5;246
11;2025-12-04;6;1349
11;2025-12-04;7;2526
11;2025-12-04;8;3335
11;2025-12-04;9;2499
11;2025-12-04;10;2066
11;2025-12-04;11;1988
11;2025-12-04;12;2065
11;2025-12-04;13;2127
11;2025-12-04;14;2183
11;2025-12-04;15;2106
11;2025-12-04;16;2362
11;2025-12-04;17;2920
11;2025-12-04;18;3109
11;2025-12-04;19;2342
11;2025-12-04;20;1469
11;2025-12-04;21;836
11;2025-12-04;22;380
11;2025-12-04;23;254
11;2025-12-05;0;64
11;2025-12-05;1;0
11;2025-12-05;2;0
11;2025-12-05;3;0
11;2025-12-05;4;0
11;2025-12-05;5;241
11;2025-12-05;6;1329
11;2025-12-05;7;2478
11;2025-12-05;8;3227
11;2025-12-05;9;2429
11;2025-12-05;10;2013
11;2025-12-05;11;1953
11;2025-12-05;12;2036
11;2025-12-05;13;2086
11;2025-12-05;14;2179
11;2025-12-05;15;2132
11;2025-12-05;16;2446
11;2025-12-05;17;2867
11;2025-12-05;18;2694
11;2025-12-05;19;2145
11;2025-12-05;20;1410
11;2025-12-05;21;825
11;2025-12-05;22;380
11;2025-12-05;23;277
11;2025-12-06;0;97
11;2025-12-06;1;4
11;2025-12-06;2;0
11;2025-12-06;3;0
11;2025-12-06;4;0
11;2025-12-06;5;167
11;2025-12-06;6;843
11;2025-12-06;7;793
11;2025-12-06;8;1075
11;2025-12-06;9;1219
11;2025-12-06;10;1419
11;2025-12-06;11;1789
11;2025-12-06;12;2039
11;2025-12-06;13;1912
11;2025-12-06;14;2033
11;2025-12-06;15;1929
11;2025-12-06;16;1876
11;2025-12-06;17;1971
11;2025-12-06;18;1559
11;2025-12-06;19;1488
11;2025-12-06;20;1023
11;2025-12-06;21;719
11;2025-12-06;22;402
11;2025-12-06;23;294
11;2025-12-07;0;106
11;2025-12-07;1;14
11;2025-12-07;2;0
11;2025-12-07;3;0
11;2025-12-07;4;0
11;2025-12-07;5;98
11;2025-12-07;6;489
11;2025-12-07;7;512
11;2025-12-07;8;712
11;2025-12-07;9;966
11;2025-12-07;10;1078
11;2025-12-07;11;1542
11;2025-12-07;12;1665
11;2025-12-07;13;1627
11;2025-12-07;14;1692
11;2025-12-07;15;1655
11;2025-12-07;16;1593
11;2025-12-07;17;1728
11;2025-12-07;18;1308
11;2025-12-07;19;1056
11;2025-12-07;20;819
11;2025-12-07;21;576
11;2025-12-07;22;344
11;2025-12-07;23;237
11;2025-12-08;0;62
11;2025-12-08;1;0
11;2025-12-08;2;0
11;2025-12-08;3;0
11;2025-12-08;4;0
11;2025-12-08;5;241
11;2025-12-08;6;1328
11;2025-12-08;7;2499
11;2025-12-08;8;3284
11;2025-12-08;9;2452
11;2025-12-08;10;1997
11;2025-12-08;11;1910
11;2025-12-08;12;1978
11;2025-12-08;13;2053
11;2025-12-08;14;2094
11;2025-12-08;15;2050
11;2025-12-08;16;2277
11;2025-12-08;17;2853
11;2025-12-08;18;3047
11;2025-12-08;19;2295
11;2025-12-08;20;1417
11;2025-12-08;21;800
11;2025-12-08;22;358
11;2025-12-08;23;229
11;2025-12-09;0;59
11;2025-12-09;1;0
11;2025-12-09;2;0
11;2025-12-09;3;0
11;2025-12-09;4;0
11;2025-12-09;5;241
11;2025-12-09;6;1333
11;2025-12-09;7;2531
11;2025-12-09;8;3323
11;2025-12-09;9;2493
11;2025-12-09;10;2045
11;2025-12-09;11;1946
11;2025-12-09;12;2019
11;2025-12-09;13;2094
11;2025-12-09;14;2135
11;2025-12-09;15;2072
11;2025-12-09;16;2300
11;2025-12-09;17;2890
11;2025-12-09;18;3081
11;2025-12-09;19;2302
11;2025-12-09;20;1446
11;2025-12-09;21;823
11;2025-12-09;22;364
11;2025-12-09;23;234
11;2025-12-10;0;60
11;2025-12-10;1;0
11;2025-12-10;2;0
11;2025-12-10;3;0
11;2025-12-10;4;0
11;2025-12-10;5;236
11;2025-12-10;6;1290
11;2025-12-10;7;2435
11;2025-12-10;8;3193
11;2025-12-10;9;2410
11;2025-12-10;10;1972
11;2025-12-10;11;1891
11;2025-12-10;12;1959
11;2025-12-10;13;2033
11;2025-12-10;14;2077
11;2025-12-10;15;2010
11;2025-12-10;16;2229
11;2025-12-10;17;2788
11;2025-12-10;18;2972
11;2025-12-10;19;2233
11;2025-12-10;20;1397
11;2025-12-10;21;793
11;2025-12-10;22;356
11;2025-12-10;23;232
11;2025-12-11;0;62
11;2025-12-11;1;0
11;2025-12-11;2;0
11;2025-12-11;3;0
11;2025-12-11;4;0
11;2025-12-11;5;237
11;2025-12-11;6;1322
11;2025-12-11;7;2481
11;2025-12-11;8;3248
11;2025-12-11;9;2440
11;2025-12-11;10;2015
11;2025-12-11;11;1937
11;2025-12-11;12;2011
11;2025-12-11;13;2071
11;2025-12-11;14;2123
11;2025-12-11;15;2055
11;2025-12-11;16;2305
11;2025-12-11;17;2847
11;2025-12-11;18;3026
11;2025-12-11;19;2289
11;2025-12-11;20;1428
11;2025-12-11;21;810
11;2025-12-11;22;368
11;2025-12-11;23;244
11;2025-12-12;0;64
11;2025-12-12;1;0
11;2025-12-12;2;0
11;2025-12-12;3;0
11;2025-12-12;4;0
11;2025-12-12;5;235
11;2025-12-12;6;1305
11;2025-12-12;7;2435
11;2025-12-12;8;3143
11;2025-12-12;9;2376
11;2025-12-12;10;1968
11;2025-12-12;11;1916
11;2025-12-12;12;1988
11;2025-12-12;13;2045
11;2025-12-12;14;2117
11;2025-12-12;15;2072
11;2025-12-12;16;2375
11;2025-12-12;17;2788
11;2025-12-12;18;2614
11;2025-12-12;19;2094
11;2025-12-12;20;1365
11;2025-12-12;21;801
11;2025-12-12;22;366
11;2025-12-12;23;268
11;2025-12-13;0;96
11;2025-12-13;1;4
11;2025-12-13;2;0
11;2025-12-13;3;0
11;2025-12-13;4;0
11;2025-12-13;5;167
11;2025-12-13;6;831
11;2025-12-13;7;780
11;2025-12-13;8;1062
11;2025-12-13;9;1210
11;2025-12-13;10;1411
11;2025-12-13;11;1783
11;2025-12-13;12;2019
11;2025-12-13;13;1840
11;2025-12-13;14;1622
11;2025-12-13;15;1911
11;2025-12-13;16;1856
11;2025-12-13;17;1954
11;2025-12-13;18;1547
11;2025-12-13;19;1464
11;2025-12-13;20;1005
11;2025-12-13;21;707
11;2025-12-13;22;394
11;2025-12-13;23;289
11;2025-12-14;0;103
11;2025-12-14;1;14
11;2025-12-14;2;0
11;2025-12-14;3;0
11;2025-12-14;4;0
11;2025-12-14;5;98
11;2025-12-14;6;490
11;2025-12-14;7;507
11;2025-12-14;8;705
11;2025-12-14;9;958
11;2025-12-14;10;1068
11;2025-12-14;11;1531
11;2025-12-14;12;1647
11;2025-12-14;13;1615
11;2025-12-14;14;1677
11;2025-12-14;15;1633
11;2025-12-14;16;1576
11;2025-12-14;17;1713
11;2025-12-14;18;1307
11;2025-12-14;19;1045
11;2025-12-14;20;811
11;2025-12-14;21;576
11;2025-12-14;22;337
11;2025-12-14;23;235
11;2025-12-15;0;62
11;2025-12-15;1;0
11;2025-12-15;2;0
11;2025-12-15;3;0
11;2025-12-15;4;0
11;2025-12-15;5;242
11;2025-12-15;6;1328
11;2025-12-15;7;2499
11;2025-12-15;8;3270
11;2025-12-15;9;2486
11;2025-12-15;10;2006
11;2025-12-15;11;1922
11;2025-12-15;12;1980
11;2025-12-15;13;2061
11;2025-12-15;14;2084
11;2025-12-15;15;2039
11;2025-12-15;16;2268
11;2025-12-15;17;2852
11;2025-12-15;18;3040
11;2025-12-15;19;2303
11;2025-12-15;20;1413
11;2025-12-15;21;799
11;2025-12-15;22;358
11;2025-12-15;23;229
11;2025-12-16;0;59
11;2025-12-16;1;0
11;2025-12-16;2;0
11;2025-12-16;3;0
11;2025-12-16;4;0
11;2025-12-16;5;243
11;2025-12-16;6;1334
11;2025-12-16;7;2529
11;2025-12-16;8;3328
11;2025-12-16;9;2505
11;2025-12-16;10;2051
11;2025-12-16;11;1954
11;2025-12-16;12;2015
11;2025-12-16;13;2091
11;2025-12-16;14;2134
11;2025-12-16;15;2065
11;2025-12-16;16;2298
11;2025-12-16;17;2891
11;2025-12-16;18;3081
11;2025-12-16;19;2303
11;2025-12-16;20;1452
11;2025-12-16;21;821
11;2025-12-16;22;371
11;2025-12-16;23;235
11;2025-12-17;0;61
11;2025-12-17;1;0
11;2025-12-17;2;0
11;2025-12-17;3;0
11;2025-12-17;4;0
11;2025-12-17;5;239
11;2025-12-17;6;1311
11;2025-12-17;7;2467
11;2025-12-17;8;3246
11;2025-12-17;9;2442
11;2025-12-17;10;2002
11;2025-12-17;11;1928
11;2025-12-17;12;2002
11;2025-12-17;13;2072
11;2025-12-17;14;2117
11;2025-12-17;15;2047
11;2025-12-17;16;2275
11;2025-12-17;17;2836
11;2025-12-17;18;3018
11;2025-12-17;19;2268
11;2025-12-17;20;1416
11;2025-12-17;21;799
11;2025-12-17;22;364
11;2025-12-17;23;237
11;2025-12-18;0;62
11;2025-12-18;1;0
11;2025-12-18;2;0
11;2025-12-18;3;0
11;2025-12-18;4;0
11;2025-12-18;5;246
11;2025-12-18;6;1347
11;2025-12-18;7;2530
11;2025-12-18;8;3336
11;2025-12-18;9;2508
11;2025-12-18;10;2069
11;2025-12-18;11;1985
11;2025-12-18;12;2063
11;2025-12-18;13;2135
11;2025-12-18;14;2184
11;2025-12-18;15;2118
11;2025-12-18;16;2371
11;2025-12-18;17;2925
11;2025-12-18;18;3111
11;2025-12-18;19;2335
11;2025-12-18;20;1468
11;2025-12-18;21;840
11;2025-12-18;22;381
11;2025-12-18;23;254
11;2025-12-19;0;66
11;2025-12-19;1;0
11;2025-12-19;2;0
11;2025-12-19;3;0
11;2025-12-19;4;0
11;2025-12-19;5;244
11;2025-12-19;6;1328
11;2025-12-19;7;2482
11;2025-12-19;8;3224
11;2025-12-19;9;2437
11;2025-12-19;10;2017
11;2025-12-19;11;1950
11;2025-12-19;12;2033
11;2025-12-19;13;2099
11;2025-12-19;14;2174
11;2025-12-19;15;2137
11;2025-12-19;16;2445
11;2025-12-19;17;2875
11;2025-12-19;18;2688
11;2025-12-19;19;2137
11;2025-12-19;20;1407
11;2025-12-19;21;825
11;2025-12-19;22;378
11;2025-12-19;23;273
11;2025-12-20;0;98
11;2025-12-20;1;4
11;2025-12-20;2;0
11;2025-12-20;3;0
11;2025-12-20;4;0
11;2025-12-20;5;168
11;2025-12-20;6;841
11;2025-12-20;7;790
11;2025-12-20;8;1076
11;2025-12-20;9;1222
11;2025-12-20;10;1427
11;2025-12-20;11;1803
11;2025-12-20;12;2039
11;2025-12-20;13;1922
11;2025-12-20;14;2033
11;2025-12-20;15;1940
11;2025-12-20;16;1883
11;2025-12-20;17;1979
11;2025-12-20;18;1565
11;2025-12-20;19;1486
11;2025-12-20;20;1020
11;2025-12-20;21;720
11;2025-12-20;22;401
11;2025-12-20;23;294
11;2025-12-21;0;103
11;2025-12-21;1;13
11;2025-12-21;2;0
11;2025-12-21;3;0
11;2025-12-21;4;0
11;2025-12-21;5;98
11;2025-12-21;6;486
11;2025-12-21;7;508
11;2025-12-21;8;706
11;2025-12-21;9;962
11;2025-12-21;10;1076
11;2025-12-21;11;1533
11;2025-12-21;12;1654
11;2025-12-21;13;1617
11;2025-12-21;14;1688
11;2025-12-21;15;1651
11;2025-12-21;16;1582
11;2025-12-21;17;1718
11;2025-12-21;18;1300
11;2025-12-21;19;1049
11;2025-12-21;20;816
11;2025-12-21;21;571
11;2025-12-21;22;341
11;2025-12-21;23;237
11;2025-12-22;0;63
11;2025-12-22;1;0
11;2025-12-22;2;0
11;2025-12-22;3;0
11;2025-12-22;4;0
11;2025-12-22;5;239
11;2025-12-22;6;1311
11;2025-12-22;7;2468
11;2025-12-22;8;3235
11;2025-12-22;9;2429
11;2025-12-22;10;1973
11;2025-12-22;11;1883
11;2025-12-22;12;1950
11;2025-12-22;13;2027
11;2025-12-22;14;2060
11;2025-12-22;15;2020
11;2025-12-22;16;2238
11;2025-12-22;17;2816
11;2025-12-22;18;3006
11;2025-12-22;19;2254
11;2025-12-22;20;1393
11;2025-12-22;21;789
11;2025-12-22;22;350
11;2025-12-22;23;224
11;2025-12-23;0;58
11;2025-12-23;1;0
11;2025-12-23;2;0
11;2025-12-23;3;0
11;2025-12-23;4;0
11;2025-12-23;5;244
11;2025-12-23;6;1353
11;2025-12-23;7;2536
11;2025-12-23;8;3325
11;2025-12-23;9;2547
11;2025-12-23;10;2074
11;2025-12-23;11;1979
11;2025-12-23;12;2044
11;2025-12-23;13;2127
11;2025-12-23;14;2148
11;2025-12-23;15;2081
11;2025-12-23;16;2329
11;2025-12-23;17;2915
11;2025-12-23;18;3087
11;2025-12-23;19;2316
11;2025-12-23;20;1439
11;2025-12-23;21;825
11;2025-12-23;22;366
11;2025-12-23;23;237
11;2025-12-24;0;62
11;2025-12-24;1;0
11;2025-12-24;2;0
11;2025-12-24;3;0
11;2025-12-24;4;0
11;2025-12-24;5;241
11;2025-12-24;6;1313
11;2025-12-24;7;2462
11;2025-12-24;8;3217
11;2025-12-24;9;2486
11;2025-12-24;10;2018
11;2025-12-24;11;1947
11;2025-12-24;12;2010
11;2025-12-24;13;2093
11;2025-12-24;14;2109
11;2025-12-24;15;2035
11;2025-12-24;16;2276
11;2025-12-24;17;2827
11;2025-12-24;18;2994
11;2025-12-24;19;2257
11;2025-12-24;20;1420
11;2025-12-24;21;810
11;2025-12-24;22;365
11;2025-12-24;23;236
11;2025-12-25;0;63
11;2025-12-25;1;0
11;2025-12-25;2;0
11;2025-12-25;3;0
11;2025-12-25;4;0
11;2025-12-25;5;241
11;2025-12-25;6;1325
11;2025-12-25;7;2497
11;2025-12-25;8;3271
11;2025-12-25;9;2486
11;2025-12-25;10;2044
11;2025-12-25;11;1959
11;2025-12-25;12;2033
11;2025-12-25;13;2106
11;2025-12-25;14;2144
11;2025-12-25;15;2076
11;2025-12-25;16;2320
11;2025-12-25;17;2875
11;2025-12-25;18;3047
11;2025-12-25;19;2284
11;2025-12-25;20;1431
11;2025-12-25;21;818
11;2025-12-25;22;374
11;2025-12-25;23;242
11;2025-12-26;0;63
11;2025-12-26;1;0
11;2025-12-26;2;0
11;2025-12-26;3;0
11;2025-12-26;4;0
11;2025-12-26;5;229
11;2025-12-26;6;1282
11;2025-12-26;7;2385
11;2025-12-26;8;3100
11;2025-12-26;9;2342
11;2025-12-26;10;1931
11;2025-12-26;11;1876
11;2025-12-26;12;1960
11;2025-12-26;13;2008
11;2025-12-26;14;2084
11;2025-12-26;15;2049
11;2025-12-26;16;2347
11;2025-12-26;17;2755
11;2025-12-26;18;2580
11;2025-12-26;19;2067
11;2025-12-26;20;1350
11;2025-12-26;21;785
11;2025-12-26;22;359
11;2025-12-26;23;264
11;2025-12-27;0;97
11;2025-12-27;1;5
11;2025-12-27;2;0
11;2025-12-27;3;0
11;2025-12-27;4;0
11;2025-12-27;5;167
11;2025-12-27;6;834
11;2025-12-27;7;782
11;2025-12-27;8;1066
11;2025-12-27;9;1210
11;2025-12-27;10;1414
11;2025-12-27;11;1782
11;2025-12-27;12;2019
11;2025-12-27;13;1903
11;2025-12-27;14;2013
11;2025-12-27;15;1919
11;2025-12-27;16;1864
11;2025-12-27;17;1958
11;2025-12-27;18;1547
11;2025-12-27;19;1467
11;2025-12-27;20;1008
11;2025-12-27;21;708
11;2025-12-27;22;395
11;2025-12-27;23;290
11;2025-12-28;0;102
11;2025-12-28;1;13
11;2025-12-28;2;0
11;2025-12-28;3;0
11;2025-12-28;4;0
11;2025-12-28;5;99
11;2025-12-28;6;483
11;2025-12-28;7;498
11;2025-12-28;8;698
11;2025-12-28;9;944
11;2025-12-28;10;1048
11;2025-12-28;11;1501
11;2025-12-28;12;1624
11;2025-12-28;13;1593
11;2025-12-28;14;1657
11;2025-12-28;15;1617
11;2025-12-28;16;1562
11;2025-12-28;17;1694
11;2025-12-28;18;1292
11;2025-12-28;19;1042
11;2025-12-28;20;807
11;2025-12-28;21;570
11;2025-12-28;22;334
11;2025-12-28;23;234
11;2025-12-29;0;53
11;2025-12-29;1;0
11;2025-12-29;2;0
11;2025-12-29;3;0
11;2025-12-29;4;0
11;2025-12-29;5;201
11;2025-12-29;6;1113
11;2025-12-29;7;2093
11;2025-12-29;8;2743
11;2025-12-29;9;2073
11;2025-12-29;10;1675
11;2025-12-29;11;1612
11;2025-12-29;12;1659
11;2025-12-29;13;1728
11;2025-12-29;14;1755
11;2025-12-29;15;1713
11;2025-12-29;16;1904
11;2025-12-29;17;2385
11;2025-12-29;18;2535
11;2025-12-29;19;1915
11;2025-12-29;20;1176
11;2025-12-29;21;667
11;2025-12-29;22;299
11;2025-12-29;23;189
11;2025-12-30;0;51
11;2025-12-30;1;0
11;2025-12-30;2;0
11;2025-12-30;3;0
11;2025-12-30;4;0
11;2025-12-30;5;200
11;2025-12-30;6;1120
11;2025-12-30;7;2117
11;2025-12-30;8;2761
11;2025-12-30;9;2104
11;2025-12-30;10;1709
11;2025-12-30;11;1638
11;2025-12-30;12;1691
11;2025-12-30;13;1763
11;2025-12-30;14;1790
11;2025-12-30;15;1732
11;2025-12-30;16;1936
11;2025-12-30;17;2412
11;2025-12-30;18;2525
11;2025-12-30;19;1905
11;2025-12-30;20;1202
11;2025-12-30;21;679
11;2025-12-30;22;305
11;2025-12-30;23;194
11;2025-12-31;0;92
11;2025-12-31;1;11
11;2025-12-31;2;0
11;2025-12-31;3;0
11;2025-12-31;4;0
11;2025-12-31;5;91
11;2025-12-31;6;444
11;2025-12-31;7;440
11;2025-12-31;8;617
11;2025-12-31;9;828
11;2025-12-31;10;912
11;2025-12-31;11;1294
11;2025-12-31;12;1405
11;2025-12-31;13;1380
11;2025-12-31;14;1425
11;2025-12-31;15;1382
11;2025-12-31;16;1325
11;2025-12-31;17;1484
11;2025-12-31;18;1172
11;2025-12-31;19;951
11;2025-12-31;20;0
11;2025-12-31;21;0
11;2025-12-31;22;0
11;2025-12-31;23;0
12;2025-11-01;0;50
12;2025-11-01;1;3
12;2025-11-01;2;0
12;2025-11-01;3;0
12;2025-11-01;4;6
12;2025-11-01;5;304
12;2025-11-01;6;1393
12;2025-11-01;7;2656
12;2025-11-01;8;3469
12;2025-11-01;9;2471
12;2025-11-01;10;2012
12;2025-11-01;11;1920
12;2025-11-01;12;1995
12;2025-11-01;13;2049
12;2025-11-01;14;1959
12;2025-11-01;15;2219
12;2025-11-01;16;2714
12;2025-11-01;17;2960
12;2025-11-01;18;2932
12;2025-11-01;19;2230
12;2025-11-01;20;1441
12;2025-11-01;21;911
12;2025-11-01;22;431
12;2025-11-01;23;245
12;2025-11-02;0;82
12;2025-11-02;1;5
12;2025-11-02;2;0
12;2025-11-02;3;0
12;2025-11-02;4;2
12;2025-11-02;5;146
12;2025-11-02;6;532
12;2025-11-02;7;740
12;2025-11-02;8;784
12;2025-11-02;9;999
12;2025-11-02;10;1204
12;2025-11-02;11;1359
12;2025-11-02;12;1444
12;2025-11-02;13;1656
12;2025-11-02;14;1555
12;2025-11-02;15;1563
12;2025-11-02;16;1614
12;2025-11-02;17;1666
12;2025-11-02;18;1408
12;2025-11-02;19;1027
12;2025-11-02;20;790
12;2025-11-02;21;593
12;2025-11-02;22;383
12;2025-11-02;23;209
12;2025-11-03;0;75
12;2025-11-03;1;4
12;2025-11-03;2;0
12;2025-11-03;3;0
12;2025-11-03;4;3
12;2025-11-03;5;141
12;2025-11-03;6;520
12;2025-11-03;7;697
12;2025-11-03;8;726
12;2025-11-03;9;918
12;2025-11-03;10;1078
12;2025-11-03;11;1193
12;2025-11-03;12;1271
12;2025-11-03;13;1465
12;2025-11-03;14;1351
12;2025-11-03;15;1374
12;2025-11-03;16;1408
12;2025-11-03;17;1505
12;2025-11-03;18;1349
12;2025-11-03;19;998
12;2025-11-03;20;770
12;2025-11-03;21;572
12;2025-11-03;22;368
12;2025-11-03;23;191
12;2025-11-04;0;75
12;2025-11-04;1;4
12;2025-11-04;2;0
12;2025-11-04;3;0
12;2025-11-04;4;3
12;2025-11-04;5;140
12;2025-11-04;6;517
12;2025-11-04;7;696
12;2025-11-04;8;718
12;2025-11-04;9;908
12;2025-11-04;10;1077
12;2025-11-04;11;1190
12;2025-11-04;12;1271
12;2025-11-04;13;1467
12;2025-11-04;14;1350
12;2025-11-04;15;1378
12;2025-11-04;16;1414
12;2025-11-04;17;1505
12;2025-11-04;18;1355
12;2025-11-04;19;997
12;2025-11-04;20;771
12;2025-11-04;21;573
12;2025-11-04;22;369
12;2025-11-04;23;191
12;2025-11-05;0;55
12;2025-11-05;1;1
12;2025-11-05;2;0
12;2025-11-05;3;0
12;2025-11-05;4;8
12;2025-11-05;5;320
12;2025-11-05;6;1464
12;2025-11-05;7;2774
12;2025-11-05;8;3638
12;2025-11-05;9;2566
12;2025-11-05;10;2069
12;2025-11-05;11;1988
12;2025-11-05;12;2061
12;2025-11-05;13;2106
12;2025-11-05;14;2009
12;2025-11-05;15;2266
12;2025-11-05;16;2768
12;2025-11-05;17;3073
12;2025-11-05;18;3157
12;2025-11-05;19;2393
12;2025-11-05;20;1525
12;2025-11-05;21;971
12;2025-11-05;22;461
12;2025-11-05;23;254
12;2025-11-06;0;50
12;2025-11-06;1;2
12;2025-11-06;2;0
12;2025-11-06;3;0
12;2025-11-06;4;8
12;2025-11-06;5;314
12;2025-11-06;6;1437
12;2025-11-06;7;2718
12;2025-11-06;8;3544
12;2025-11-06;9;2508
12;2025-11-06;10;2034
12;2025-11-06;11;1939
12;2025-11-06;12;2014
12;2025-11-06;13;2072
12;2025-11-06;14;1977
12;2025-11-06;15;2226
12;2025-11-06;16;2733
12;2025-11-06;17;3018
12;2025-11-06;18;3094
12;2025-11-06;19;2342
12;2025-11-06;20;1493
12;2025-11-06;21;948
12;2025-11-06;22;450
12;2025-11-06;23;250
12;2025-11-07;0;53
12;2025-11-07;1;1
12;2025-11-07;2;0
12;2025-11-07;3;0
12;2025-11-07;4;6
12;2025-11-07;5;314
12;2025-11-07;6;1443
12;2025-11-07;7;2703
12;2025-11-07;8;3434
12;2025-11-07;9;2479
12;2025-11-07;10;1996
12;2025-11-07;11;1927
12;2025-11-07;12;2014
12;2025-11-07;13;2093
12;2025-11-07;14;2010
12;2025-11-07;15;2343
12;2025-11-07;16;2893
12;2025-11-07;17;3008
12;2025-11-07;18;2753
12;2025-11-07;19;2183
12;2025-11-07;20;1447
12;2025-11-07;21;958
12;2025-11-07;22;465
12;2025-11-07;23;287
12;2025-11-08;0;71
12;2025-11-08;1;2
12;2025-11-08;2;0
12;2025-11-08;3;0
12;2025-11-08;4;4
12;2025-11-08;5;243
12;2025-11-08;6;873
12;2025-11-08;7;964
12;2025-11-08;8;1068
12;2025-11-08;9;1250
12;2025-11-08;10;1315
12;2025-11-08;11;1466
12;2025-11-08;12;1572
12;2025-11-08;13;1788
12;2025-11-08;14;1632
12;2025-11-08;15;1582
12;2025-11-08;16;1756
12;2025-11-08;17;1640
12;2025-11-08;18;1505
12;2025-11-08;19;1422
12;2025-11-08;20;1000
12;2025-11-08;21;797
12;2025-11-08;22;396
12;2025-11-08;23;289
12;2025-11-09;0;84
12;2025-11-09;1;7
12;2025-11-09;2;0
12;2025-11-09;3;0
12;2025-11-09;4;3
12;2025-11-09;5;146
12;2025-11-09;6;537
12;2025-11-09;7;746
12;2025-11-09;8;788
12;2025-11-09;9;1003
12;2025-11-09;10;1200
12;2025-11-09;11;1356
12;2025-11-09;12;1446
12;2025-11-09;13;1662
12;2025-11-09;14;1555
12;2025-11-09;15;1565
12;2025-11-09;16;1609
12;2025-11-09;17;1667
12;2025-11-09;18;1422
12;2025-11-09;19;1029
12;2025-11-09;20;795
12;2025-11-09;21;600
12;2025-11-09;22;387
12;2025-11-09;23;211
12;2025-11-10;0;50
12;2025-11-10;1;2
12;2025-11-10;2;0
12;2025-11-10;3;0
12;2025-11-10;4;7
12;2025-11-10;5;321
12;2025-11-10;6;1467
12;2025-11-10;7;2804
12;2025-11-10;8;3690
12;2025-11-10;9;2580
12;2025-11-10;10;2067
12;2025-11-10;11;1966
12;2025-11-10;12;2064
12;2025-11-10;13;2096
12;2025-11-10;14;2016
12;2025-11-10;15;2257
12;2025-11-10;16;2784
12;2025-11-10;17;3091
12;2025-11-10;18;3190
12;2025-11-10;19;2400
12;2025-11-10;20;1524
12;2025-11-10;21;957
12;2025-11-10;22;448
12;2025-11-10;23;242
12;2025-11-11;0;51
12;2025-11-11;1;1
12;2025-11-11;2;0
12;2025-11-11;3;0
12;2025-11-11;4;7
12;2025-11-11;5;327
12;2025-11-11;6;1490
12;2025-11-11;7;2861
12;2025-11-11;8;3780
12;2025-11-11;9;2638
12;2025-11-11;10;2138
12;2025-11-11;11;2031
12;2025-11-11;12;2122
12;2025-11-11;13;2163
12;2025-11-11;14;2076
12;2025-11-11;15;2317
12;2025-11-11;16;2848
12;2025-11-11;17;3156
12;2025-11-11;18;3257
12;2025-11-11;19;2448
12;2025-11-11;20;1556
12;2025-11-11;21;983
12;2025-11-11;22;462
12;2025-11-11;23;255
12;2025-11-12;0;53
12;2025-11-12;1;1
12;2025-11-12;2;0
12;2025-11-12;3;0
12;2025-11-12;4;8
12;2025-11-12;5;321
12;2025-11-12;6;1461
12;2025-11-12;7;2778
12;2025-11-12;8;3661
12;2025-11-12;9;2580
12;2025-11-12;10;2093
12;2025-11-12;11;1987
12;2025-11-12;12;2073
12;2025-11-12;13;2113
12;2025-11-12;14;2018
12;2025-11-12;15;2268
12;2025-11-12;16;2787
12;2025-11-12;17;3089
12;2025-11-12;18;3164
12;2025-11-12;19;2384
12;2025-11-12;20;1526
12;2025-11-12;21;969
12;2025-11-12;22;460
12;2025-11-12;23;254
12;2025-11-13;0;50
12;2025-11-13;1;3
12;2025-11-13;2;0
12;2025-11-13;3;0
12;2025-11-13;4;6
12;2025-11-13;5;315
12;2025-11-13;6;1438
12;2025-11-13;7;2744
12;2025-11-13;8;3599
12;2025-11-13;9;2536
12;2025-11-13;10;2062
12;2025-11-13;11;1967
12;2025-11-13;12;2054
12;2025-11-13;13;2095
12;2025-11-13;14;2010
12;2025-11-13;15;2260
12;2025-11-13;16;2770
12;2025-11-13;17;3049
12;2025-11-13;18;3132
12;2025-11-13;19;2368
12;2025-11-13;20;1513
12;2025-11-13;21;959
12;2025-11-13;22;457
12;2025-11-13;23;251
12;2025-11-14;0;53
12;2025-11-14;1;1
12;2025-11-14;2;0
12;2025-11-14;3;0
12;2025-11-14;4;7
12;2025-11-14;5;315
12;2025-11-14;6;1437
12;2025-11-14;7;2718
12;2025-11-14;8;3478
12;2025-11-14;9;2500
12;2025-11-14;10;2025
12;2025-11-14;11;1965
12;2025-11-14;12;2047
12;2025-11-14;13;2111
12;2025-11-14;14;2028
12;2025-11-14;15;2356
12;2025-11-14;16;2905
12;2025-11-14;17;3036
12;2025-11-14;18;2782
12;2025-11-14;19;2194
12;2025-11-14;20;1452
12;2025-11-14;21;953
12;2025-11-14;22;461
12;2025-11-14;23;282
12;2025-11-15;0;70
12;2025-11-15;1;3
12;2025-11-15;2;0
12;2025-11-15;3;0
12;2025-11-15;4;3
12;2025-11-15;5;232
12;2025-11-15;6;823
12;2025-11-15;7;927
12;2025-11-15;8;1026
12;2025-11-15;9;1207
12;2025-11-15;10;1456
12;2025-11-15;11;1477
12;2025-11-15;12;1530
12;2025-11-15;13;1746
12;2025-11-15;14;1593
12;2025-11-15;15;1521
12;2025-11-15;16;1686
12;2025-11-15;17;1577
12;2025-11-15;18;1457
12;2025-11-15;19;1375
12;2025-11-15;20;953
12;2025-11-15;21;758
12;2025-11-15;22;381
12;2025-11-15;23;275
12;2025-11-16;0;83
12;2025-11-16;1;4
12;2025-11-16;2;0
12;2025-11-16;3;0
12;2025-11-16;4;3
12;2025-11-16;5;142
12;2025-11-16;6;492
12;2025-11-16;7;659
12;2025-11-16;8;783
12;2025-11-16;9;1002
12;2025-11-16;10;1209
12;2025-11-16;11;1372
12;2025-11-16;12;1453
12;2025-11-16;13;1676
12;2025-11-16;14;1574
12;2025-11-16;15;1559
12;2025-11-16;16;1624
12;2025-11-16;17;1665
12;2025-11-16;18;1422
12;2025-11-16;19;1027
12;2025-11-16;20;787
12;2025-11-16;21;595
12;2025-11-16;22;389
12;2025-11-16;23;210
12;2025-11-17;0;50
12;2025-11-17;1;1
12;2025-11-17;2;0
12;2025-11-17;3;0
12;2025-11-17;4;8
12;2025-11-17;5;316
12;2025-11-17;6;1443
12;2025-11-17;7;2780
12;2025-11-17;8;3625
12;2025-11-17;9;2550
12;2025-11-17;10;2040
12;2025-11-17;11;1944
12;2025-11-17;12;2039
12;2025-11-17;13;2075
12;2025-11-17;14;1991
12;2025-11-17;15;2229
12;2025-11-17;16;2752
12;2025-11-17;17;3052
12;2025-11-17;18;3164
12;2025-11-17;19;2360
12;2025-11-17;20;1498
12;2025-11-17;21;938
12;2025-11-17;22;443
12;2025-11-17;23;238
12;2025-11-18;0;52
12;2025-11-18;1;2
12;2025-11-18;2;0
12;2025-11-18;3;0
12;2025-11-18;4;6
12;2025-11-18;5;319
12;2025-11-18;6;1478
12;2025-11-18;7;2794
12;2025-11-18;8;3642
12;2025-11-18;9;2569
12;2025-11-18;10;2076
12;2025-11-18;11;1966
12;2025-11-18;12;2039
12;2025-11-18;13;2090
12;2025-11-18;14;1984
12;2025-11-18;15;2238
12;2025-11-18;16;2740
12;2025-11-18;17;3069
12;2025-11-18;18;3176
12;2025-11-18;19;2376
12;2025-11-18;20;1513
12;2025-11-18;21;955
12;2025-11-18;22;449
12;2025-11-18;23;245
12;2025-11-19;0;53
12;2025-11-19;1;1
12;2025-11-19;2;0
12;2025-11-19;3;0
12;2025-11-19;4;7
12;2025-11-19;5;322
12;2025-11-19;6;1462
12;2025-11-19;7;2797
12;2025-11-19;8;3669
12;2025-11-19;9;2594
12;2025-11-19;10;2111
12;2025-11-19;11;2015
12;2025-11-19;12;2094
12;2025-11-19;13;2154
12;2025-11-19;14;2053
12;2025-11-19;15;2301
12;2025-11-19;16;2837
12;2025-11-19;17;3117
12;2025-11-19;18;3190
12;2025-11-19;19;2397
12;2025-11-19;20;1524
12;2025-11-19;21;967
12;2025-11-19;22;462
12;2025-11-19;23;256
12;2025-11-20;0;50
12;2025-11-20;1;2
12;2025-11-20;2;0
12;2025-11-20;3;0
12;2025-11-20;4;6
12;2025-11-20;5;314
12;2025-11-20;6;1425
12;2025-11-20;7;2747
12;2025-11-20;8;3600
12;2025-11-20;9;2542
12;2025-11-20;10;2069
12;2025-11-20;11;1974
12;2025-11-20;12;2062
12;2025-11-20;13;2110
12;2025-11-20;14;2030
12;2025-11-20;15;2280
12;2025-11-20;16;2797
12;2025-11-20;17;3069
12;2025-11-20;18;3140
12;2025-11-20;19;2357
12;2025-11-20;20;1500
12;2025-11-20;21;947
12;2025-11-20;22;453
12;2025-11-20;23;251
12;2025-11-21;0;54
12;2025-11-21;1;1
12;2025-11-21;2;0
12;2025-11-21;3;0
12;2025-11-21;4;7
12;2025-11-21;5;312
12;2025-11-21;6;1425
12;2025-11-21;7;2716
12;2025-11-21;8;3476
12;2025-11-21;9;2502
12;2025-11-21;10;2030
12;2025-11-21;11;1967
12;2025-11-21;12;2053
12;2025-11-21;13;2119
12;2025-11-21;14;2043
12;2025-11-21;15;2367
12;2025-11-21;16;2934
12;2025-11-21;17;3053
12;2025-11-21;18;2792
12;2025-11-21;19;2187
12;2025-11-21;20;1441
12;2025-11-21;21;945
12;2025-11-21;22;460
12;2025-11-21;23;282
12;2025-11-22;0;71
12;2025-11-22;1;2
12;2025-11-22;2;0
12;2025-11-22;3;0
12;2025-11-22;4;3
12;2025-11-22;5;234
12;2025-11-22;6;832
12;2025-11-22;7;943
12;2025-11-22;8;1044
12;2025-11-22;9;1231
12;2025-11-22;10;1492
12;2025-11-22;11;1515
12;2025-11-22;12;1571
12;2025-11-22;13;1781
12;2025-11-22;14;1628
12;2025-11-22;15;1555
12;2025-11-22;16;1727
12;2025-11-22;17;1606
12;2025-11-22;18;1476
12;2025-11-22;19;1387
12;2025-11-22;20;962
12;2025-11-22;21;763
12;2025-11-22;22;384
12;2025-11-22;23;277
12;2025-11-23;0;83
12;2025-11-23;1;5
12;2025-11-23;2;0
12;2025-11-23;3;0
12;2025-11-23;4;3
12;2025-11-23;5;143
12;2025-11-23;6;526
12;2025-11-23;7;733
12;2025-11-23;8;786
12;2025-11-23;9;1004
12;2025-11-23;10;1211
12;2025-11-23;11;1372
12;2025-11-23;12;1458
12;2025-11-23;13;1676
12;2025-11-23;14;1579
12;2025-11-23;15;1561
12;2025-11-23;16;1622
12;2025-11-23;17;1668
12;2025-11-23;18;1418
12;2025-11-23;19;1019
12;2025-11-23;20;781
12;2025-11-23;21;595
12;2025-11-23;22;388
12;2025-11-23;23;209
12;2025-11-24;0;51
12;2025-11-24;1;1
12;2025-11-24;2;0
12;2025-11-24;3;0
12;2025-11-24;4;8
12;2025-11-24;5;311
12;2025-11-24;6;1431
12;2025-11-24;7;2741
12;2025-11-24;8;3584
12;2025-11-24;9;2519
12;2025-11-24;10;2017
12;2025-11-24;11;1906
12;2025-11-24;12;1995
12;2025-11-24;13;2040
12;2025-11-24;14;1949
12;2025-11-24;15;2193
12;2025-11-24;16;2695
12;2025-11-24;17;3013
12;2025-11-24;18;3118
12;2025-11-24;19;2332
12;2025-11-24;20;1481
12;2025-11-24;21;929
12;2025-11-24;22;435
12;2025-11-24;23;232
12;2025-11-25;0;51
12;2025-11-25;1;1
12;2025-11-25;2;0
12;2025-11-25;3;0
12;2025-11-25;4;7
12;2025-11-25;5;326
12;2025-11-25;6;1482
12;2025-11-25;7;2864
12;2025-11-25;8;3766
12;2025-11-25;9;2640
12;2025-11-25;10;2146
12;2025-11-25;11;2043
12;2025-11-25;12;2128
12;2025-11-25;13;2182
12;2025-11-25;14;2093
12;2025-11-25;15;2339
12;2025-11-25;16;2882
12;2025-11-25;17;3178
12;2025-11-25;18;3264
12;2025-11-25;19;2434
12;2025-11-25;20;1543
12;2025-11-25;21;972
12;2025-11-25;22;460
12;2025-11-25;23;254
12;2025-11-26;0;53
12;2025-11-26;1;1
12;2025-11-26;2;0
12;2025-11-26;3;0
12;2025-11-26;4;7
12;2025-11-26;5;316
12;2025-11-26;6;1436
12;2025-11-26;7;2757
12;2025-11-26;8;3617
12;2025-11-26;9;2553
12;2025-11-26;10;2084
12;2025-11-26;11;1957
12;2025-11-26;12;2039
12;2025-11-26;13;2089
12;2025-11-26;14;2000
12;2025-11-26;15;2249
12;2025-11-26;16;2754
12;2025-11-26;17;3041
12;2025-11-26;18;3117
12;2025-11-26;19;2336
12;2025-11-26;20;1484
12;2025-11-26;21;939
12;2025-11-26;22;446
12;2025-11-26;23;244
12;2025-11-27;0;50
12;2025-11-27;1;1
12;2025-11-27;2;0
12;2025-11-27;3;0
12;2025-11-27;4;6
12;2025-11-27;5;311
12;2025-11-27;6;1428
12;2025-11-27;7;2716
12;2025-11-27;8;3570
12;2025-11-27;9;2521
12;2025-11-27;10;2041
12;2025-11-27;11;1934
12;2025-11-27;12;2015
12;2025-11-27;13;2069
12;2025-11-27;14;1969
12;2025-11-27;15;2230
12;2025-11-27;16;2718
12;2025-11-27;17;3010
12;2025-11-27;18;3086
12;2025-11-27;19;2310
12;2025-11-27;20;1477
12;2025-11-27;21;930
12;2025-11-27;22;444
12;2025-11-27;23;243
12;2025-11-28;0;51
12;2025-11-28;1;2
12;2025-11-28;2;0
12;2025-11-28;3;0
12;2025-11-28;4;6
12;2025-11-28;5;313
12;2025-11-28;6;1418
12;2025-11-28;7;2691
12;2025-11-28;8;3462
12;2025-11-28;9;2480
12;2025-11-28;10;2006
12;2025-11-28;11;1939
12;2025-11-28;12;2019
12;2025-11-28;13;2093
12;2025-11-28;14;2006
12;2025-11-28;15;2330
12;2025-11-28;16;2873
12;2025-11-28;17;3009
12;2025-11-28;18;2756
12;2025-11-28;19;2157
12;2025-11-28;20;1430
12;2025-11-28;21;940
12;2025-11-28;22;454
12;2025-11-28;23;278
12;2025-11-29;0;72
12;2025-11-29;1;2
12;2025-11-29;2;0
12;2025-11-29;3;0
12;2025-11-29;4;3
12;2025-11-29;5;240
12;2025-11-29;6;846
12;2025-11-29;7;964
12;2025-11-29;8;1071
12;2025-11-29;9;1261
12;2025-11-29;10;1533
12;2025-11-29;11;1563
12;2025-11-29;12;1616
12;2025-11-29;13;1843
12;2025-11-29;14;1682
12;2025-11-29;15;1593
12;2025-11-29;16;1768
12;2025-11-29;17;1643
12;2025-11-29;18;1507
12;2025-11-29;19;1412
12;2025-11-29;20;981
12;2025-11-29;21;779
12;2025-11-29;22;394
12;2025-11-29;23;286
12;2025-11-30;0;84
12;2025-11-30;1;4
12;2025-11-30;2;0
12;2025-11-30;3;0
12;2025-11-30;4;3
12;2025-11-30;5;144
12;2025-11-30;6;532
12;2025-11-30;7;737
12;2025-11-30;8;789
12;2025-11-30;9;1006
12;2025-11-30;10;1211
12;2025-11-30;11;1371
12;2025-11-30;12;1457
12;2025-11-30;13;1677
12;2025-11-30;14;1582
12;2025-11-30;15;1564
12;2025-11-30;16;1626
12;2025-11-30;17;1673
12;2025-11-30;18;1418
12;2025-11-30;19;1022
12;2025-11-30;20;783
12;2025-11-30;21;599
12;2025-11-30;22;389
12;2025-11-30;23;212
12;2025-12-01;0;51
12;2025-12-01;1;3
12;2025-12-01;2;0
12;2025-12-01;3;0
12;2025-12-01;4;8
12;2025-12-01;5;321
12;2025-12-01;6;1477
12;2025-12-01;7;2844
12;2025-12-01;8;3727
12;2025-12-01;9;2613
12;2025-12-01;10;2099
12;2025-12-01;11;2002
12;2025-12-01;12;2097
12;2025-12-01;13;2147
12;2025-12-01;14;2066
12;2025-12-01;15;2312
12;2025-12-01;16;2850
12;2025-12-01;17;3146
12;2025-12-01;18;3219
12;2025-12-01;19;2411
12;2025-12-01;20;1527
12;2025-12-01;21;956
12;2025-12-01;22;452
12;2025-12-01;23;245
12;2025-12-02;0;52
12;2025-12-02;1;1
12;2025-12-02;2;0
12;2025-12-02;3;0
12;2025-12-02;4;7
12;2025-12-02;5;329
12;2025-12-02;6;1498
12;2025-12-02;7;2901
12;2025-12-02;8;3815
12;2025-12-02;9;2673
12;2025-12-02;10;2176
12;2025-12-02;11;2070
12;2025-12-02;12;2154
12;2025-12-02;13;2211
12;2025-12-02;14;2120
12;2025-12-02;15;2372
12;2025-12-02;16;2915
12;2025-12-02;17;3212
12;2025-12-02;18;3285
12;2025-12-02;19;2457
12;2025-12-02;20;1558
12;2025-12-02;21;981
12;2025-12-02;22;463
12;2025-12-02;23;257
12;2025-12-03;0;54
12;2025-12-03;1;1
12;2025-12-03;2;0
12;2025-12-03;3;0
12;2025-12-03;4;6
12;2025-12-03;5;325
12;2025-12-03;6;1477
12;2025-12-03;7;2846
12;2025-12-03;8;3726
12;2025-12-03;9;2626
12;2025-12-03;10;2145
12;2025-12-03;11;2047
12;2025-12-03;12;2131
12;2025-12-03;13;2190
12;2025-12-03;14;2090
12;2025-12-03;15;2346
12;2025-12-03;16;2885
12;2025-12-03;17;3160
12;2025-12-03;18;3205
12;2025-12-03;19;2415
12;2025-12-03;20;1538
12;2025-12-03;21;978
12;2025-12-03;22;467
12;2025-12-03;23;260
12;2025-12-04;0;51
12;2025-12-04;1;2
12;2025-12-04;2;0
12;2025-12-04;3;0
12;2025-12-04;4;6
12;2025-12-04;5;318
12;2025-12-04;6;1443
12;2025-12-04;7;2790
12;2025-12-04;8;3655
12;2025-12-04;9;2567
12;2025-12-04;10;2113
12;2025-12-04;11;2009
12;2025-12-04;12;2089
12;2025-12-04;13;2142
12;2025-12-04;14;2064
12;2025-12-04;15;2316
12;2025-12-04;16;2831
12;2025-12-04;17;3109
12;2025-12-04;18;3161
12;2025-12-04;19;2384
12;2025-12-04;20;1521
12;2025-12-04;21;960
12;2025-12-04;22;461
12;2025-12-04;23;256
12;2025-12-05;0;55
12;2025-12-05;1;2
12;2025-12-05;2;0
12;2025-12-05;3;0
12;2025-12-05;4;6
12;2025-12-05;5;319
12;2025-12-05;6;1444
12;2025-12-05;7;2768
12;2025-12-05;8;3531
12;2025-12-05;9;2534
12;2025-12-05;10;2082
12;2025-12-05;11;2010
12;2025-12-05;12;2090
12;2025-12-05;13;2157
12;2025-12-05;14;2088
12;2025-12-05;15;2414
12;2025-12-05;16;2985
12;2025-12-05;17;3101
12;2025-12-05;18;2814
12;2025-12-05;19;2218
12;2025-12-05;20;1463
12;2025-12-05;21;963
12;2025-12-05;22;467
12;2025-12-05;23;289
12;2025-12-06;0;73
12;2025-12-06;1;2
12;2025-12-06;2;0
12;2025-12-06;3;0
12;2025-12-06;4;3
12;2025-12-06;5;243
12;2025-12-06;6;865
12;2025-12-06;7;980
12;2025-12-06;8;1092
12;2025-12-06;9;1281
12;2025-12-06;10;1557
12;2025-12-06;11;1581
12;2025-12-06;12;1635
12;2025-12-06;13;1865
12;2025-12-06;14;1693
12;2025-12-06;15;1621
12;2025-12-06;16;1798
12;2025-12-06;17;1671
12;2025-12-06;18;1535
12;2025-12-06;19;1430
12;2025-12-06;20;996
12;2025-12-06;21;791
12;2025-12-06;22;400
12;2025-12-06;23;293
12;2025-12-07;0;86
12;2025-12-07;1;5
12;2025-12-07;2;0
12;2025-12-07;3;0
12;2025-12-07;4;3
12;2025-12-07;5;146
12;2025-12-07;6;537
12;2025-12-07;7;746
12;2025-12-07;8;802
12;2025-12-07;9;1022
12;2025-12-07;10;1231
12;2025-12-07;11;1397
12;2025-12-07;12;1481
12;2025-12-07;13;1704
12;2025-12-07;14;1608
12;2025-12-07;15;1587
12;2025-12-07;16;1656
12;2025-12-07;17;1698
12;2025-12-07;18;1438
12;2025-12-07;19;1035
12;2025-12-07;20;793
12;2025-12-07;21;605
12;2025-12-07;22;394
12;2025-12-07;23;215
12;2025-12-08;0;51
12;2025-12-08;1;1
12;2025-12-08;2;0
12;2025-12-08;3;0
12;2025-12-08;4;7
12;2025-12-08;5;321
12;2025-12-08;6;1477
12;2025-12-08;7;2844
12;2025-12-08;8;3730
12;2025-12-08;9;2621
12;2025-12-08;10;2110
12;2025-12-08;11;2013
12;2025-12-08;12;2105
12;2025-12-08;13;2151
12;2025-12-08;14;2069
12;2025-12-08;15;2317
12;2025-12-08;16;2854
12;2025-12-08;17;3153
12;2025-12-08;18;3222
12;2025-12-08;19;2409
12;2025-12-08;20;1527
12;2025-12-08;21;957
12;2025-12-08;22;452
12;2025-12-08;23;244
12;2025-12-09;0;51
12;2025-12-09;1;1
12;2025-12-09;2;0
12;2025-12-09;3;0
12;2025-12-09;4;7
12;2025-12-09;5;329
12;2025-12-09;6;1494
12;2025-12-09;7;2898
12;2025-12-09;8;3803
12;2025-12-09;9;2674
12;2025-12-09;10;2174
12;2025-12-09;11;2063
12;2025-12-09;12;2152
12;2025-12-09;13;2203
12;2025-12-09;14;2111
12;2025-12-09;15;2366
12;2025-12-09;16;2908
12;2025-12-09;17;3206
12;2025-12-09;18;3282
12;2025-12-09;19;2445
12;2025-12-09;20;1550
12;2025-12-09;21;972
12;2025-12-09;22;459
12;2025-12-09;23;254
12;2025-12-10;0;54
12;2025-12-10;1;1
12;2025-12-10;2;0
12;2025-12-10;3;0
12;2025-12-10;4;7
12;2025-12-10;5;321
12;2025-12-10;6;1461
12;2025-12-10;7;2819
12;2025-12-10;8;3690
12;2025-12-10;9;2607
12;2025-12-10;10;2126
12;2025-12-10;11;2023
12;2025-12-10;12;2111
12;2025-12-10;13;2163
12;2025-12-10;14;2066
12;2025-12-10;15;2317
12;2025-12-10;16;2852
12;2025-12-10;17;3129
12;2025-12-10;18;3184
12;2025-12-10;19;2386
12;2025-12-10;20;1519
12;2025-12-10;21;962
12;2025-12-10;22;459
12;2025-12-10;23;256
12;2025-12-11;0;51
12;2025-12-11;1;2
12;2025-12-11;2;0
12;2025-12-11;3;0
12;2025-12-11;4;7
12;2025-12-11;5;314
12;2025-12-11;6;1426
12;2025-12-11;7;2747
12;2025-12-11;8;3609
12;2025-12-11;9;2541
12;2025-12-11;10;2074
12;2025-12-11;11;1972
12;2025-12-11;12;2058
12;2025-12-11;13;2105
12;2025-12-11;14;2014
12;2025-12-11;15;2280
12;2025-12-11;16;2770
12;2025-12-11;17;3049
12;2025-12-11;18;3106
12;2025-12-11;19;2321
12;2025-12-11;20;1484
12;2025-12-11;21;932
12;2025-12-11;22;447
12;2025-12-11;23;246
12;2025-12-12;0;54
12;2025-12-12;1;2
12;2025-12-12;2;0
12;2025-12-12;3;0
12;2025-12-12;4;5
12;2025-12-12;5;318
12;2025-12-12;6;1431
12;2025-12-12;7;2727
12;2025-12-12;8;3502
12;2025-12-12;9;2520
12;2025-12-12;10;2054
12;2025-12-12;11;1982
12;2025-12-12;12;2064
12;2025-12-12;13;2127
12;2025-12-12;14;2038
12;2025-12-12;15;2366
12;2025-12-12;16;2897
12;2025-12-12;17;3031
12;2025-12-12;18;2756
12;2025-12-12;19;2163
12;2025-12-12;20;1430
12;2025-12-12;21;939
12;2025-12-12;22;456
12;2025-12-12;23;279
12;2025-12-13;0;72
12;2025-12-13;1;2
12;2025-12-13;2;0
12;2025-12-13;3;0
12;2025-12-13;4;3
12;2025-12-13;5;238
12;2025-12-13;6;853
12;2025-12-13;7;965
12;2025-12-13;8;1079
12;2025-12-13;9;1274
12;2025-12-13;10;1549
12;2025-12-13;11;1582
12;2025-12-13;12;1628
12;2025-12-13;13;1860
12;2025-12-13;14;1694
12;2025-12-13;15;1603
12;2025-12-13;16;1771
12;2025-12-13;17;1647
12;2025-12-13;18;1520
12;2025-12-13;19;1411
12;2025-12-13;20;979
12;2025-12-13;21;770
12;2025-12-13;22;392
12;2025-12-13;23;285
12;2025-12-14;0;85
12;2025-12-14;1;5
12;2025-12-14;2;0
12;2025-12-14;3;0
12;2025-12-14;4;3
12;2025-12-14;5;145
12;2025-12-14;6;533
12;2025-12-14;7;740
12;2025-12-14;8;793
12;2025-12-14;9;1016
12;2025-12-14;10;1223
12;2025-12-14;11;1392
12;2025-12-14;12;1468
12;2025-12-14;13;1695
12;2025-12-14;14;1589
12;2025-12-14;15;1570
12;2025-12-14;16;1644
12;2025-12-14;17;1686
12;2025-12-14;18;1426
12;2025-12-14;19;1029
12;2025-12-14;20;789
12;2025-12-14;21;597
12;2025-12-14;22;389
12;2025-12-14;23;214
12;2025-12-15;0;52
12;2025-12-15;1;1
12;2025-12-15;2;0
12;2025-12-15;3;0
12;2025-12-15;4;7
12;2025-12-15;5;322
12;2025-12-15;6;1470
12;2025-12-15;7;2829
12;2025-12-15;8;3708
12;2025-12-15;9;2629
12;2025-12-15;10;2127
12;2025-12-15;11;2023
12;2025-12-15;12;2106
12;2025-12-15;13;2143
12;2025-12-15;14;2074
12;2025-12-15;15;2301
12;2025-12-15;16;2835
12;2025-12-15;17;3142
12;2025-12-15;18;3218
12;2025-12-15;19;2410
12;2025-12-15;20;1530
12;2025-12-15;21;954
12;2025-12-15;22;450
12;2025-12-15;23;243
12;2025-12-16;0;52
12;2025-12-16;1;1
12;2025-12-16;2;0
12;2025-12-16;3;0
12;2025-12-16;4;7
12;2025-12-16;5;327
12;2025-12-16;6;1496
12;2025-12-16;7;2911
12;2025-12-16;8;3811
12;2025-12-16;9;2689
12;2025-12-16;10;2188
12;2025-12-16;11;2073
12;2025-12-16;12;2161
12;2025-12-16;13;2201
12;2025-12-16;14;2119
12;2025-12-16;15;2363
12;2025-12-16;16;2912
12;2025-12-16;17;3211
12;2025-12-16;18;3293
12;2025-12-16;19;2460
12;2025-12-16;20;1557
12;2025-12-16;21;978
12;2025-12-16;22;462
12;2025-12-16;23;256
12;2025-12-17;0;55
12;2025-12-17;1;1
12;2025-12-17;2;0
12;2025-12-17;3;0
12;2025-12-17;4;7
12;2025-12-17;5;326
12;2025-12-17;6;1480
12;2025-12-17;7;2852
12;2025-12-17;8;3735
12;2025-12-17;9;2642
12;2025-12-17;10;2164
12;2025-12-17;11;2059
12;2025-12-17;12;2140
12;2025-12-17;13;2192
12;2025-12-17;14;2099
12;2025-12-17;15;2353
12;2025-12-17;16;2894
12;2025-12-17;17;3166
12;2025-12-17;18;3217
12;2025-12-17;19;2422
12;2025-12-17;20;1542
12;2025-12-17;21;982
12;2025-12-17;22;469
12;2025-12-17;23;261
12;2025-12-18;0;51
12;2025-12-18;1;2
12;2025-12-18;2;0
12;2025-12-18;3;0
12;2025-12-18;4;7
12;2025-12-18;5;318
12;2025-12-18;6;1444
12;2025-12-18;7;2791
12;2025-12-18;8;3664
12;2025-12-18;9;2579
12;2025-12-18;10;2108
12;2025-12-18;11;2016
12;2025-12-18;12;2095
12;2025-12-18;13;2155
12;2025-12-18;14;2070
12;2025-12-18;15;2326
12;2025-12-18;16;2849
12;2025-12-18;17;3117
12;2025-12-18;18;3163
12;2025-12-18;19;2376
12;2025-12-18;20;1514
12;2025-12-18;21;955
12;2025-12-18;22;461
12;2025-12-18;23;256
12;2025-12-19;0;55
12;2025-12-19;1;2
12;2025-12-19;2;0
12;2025-12-19;3;0
12;2025-12-19;4;7
12;2025-12-19;5;321
12;2025-12-19;6;1448
12;2025-12-19;7;2776
12;2025-12-19;8;3543
12;2025-12-19;9;2555
12;2025-12-19;10;2078
12;2025-12-19;11;2014
12;2025-12-19;12;2090
12;2025-12-19;13;2171
12;2025-12-19;14;2093
12;2025-12-19;15;2424
12;2025-12-19;16;3001
12;2025-12-19;17;3114
12;2025-12-19;18;2820
12;2025-12-19;19;2212
12;2025-12-19;20;1456
12;2025-12-19;21;954
12;2025-12-19;22;464
12;2025-12-19;23;286
12;2025-12-20;0;73
12;2025-12-20;1;3
12;2025-12-20;2;0
12;2025-12-20;3;0
12;2025-12-20;4;3
12;2025-12-20;5;242
12;2025-12-20;6;863
12;2025-12-20;7;980
12;2025-12-20;8;1091
12;2025-12-20;9;1287
12;2025-12-20;10;1565
12;2025-12-20;11;1595
12;2025-12-20;12;1648
12;2025-12-20;13;1880
12;2025-12-20;14;1715
12;2025-12-20;15;1622
12;2025-12-20;16;1800
12;2025-12-20;17;1671
12;2025-12-20;18;1532
12;2025-12-20;19;1430
12;2025-12-20;20;993
12;2025-12-20;21;788
12;2025-12-20;22;399
12;2025-12-20;23;293
12;2025-12-21;0;84
12;2025-12-21;1;4
12;2025-12-21;2;0
12;2025-12-21;3;0
12;2025-12-21;4;3
12;2025-12-21;5;146
12;2025-12-21;6;535
12;2025-12-21;7;741
12;2025-12-21;8;799
12;2025-12-21;9;1021
12;2025-12-21;10;1232
12;2025-12-21;11;1393
12;2025-12-21;12;1481
12;2025-12-21;13;1704
12;2025-12-21;14;1606
12;2025-12-21;15;1585
12;2025-12-21;16;1655
12;2025-12-21;17;1698
12;2025-12-21;18;1435
12;2025-12-21;19;1030
12;2025-12-21;20;789
12;2025-12-21;21;603
12;2025-12-21;22;392
12;2025-12-21;23;215
12;2025-12-22;0;52
12;2025-12-22;1;3
12;2025-12-22;2;0
12;2025-12-22;3;0
12;2025-12-22;4;8
12;2025-12-22;5;320
12;2025-12-22;6;1468
12;2025-12-22;7;2830
12;2025-12-22;8;3699
12;2025-12-22;9;2604
12;2025-12-22;10;2094
12;2025-12-22;11;1991
12;2025-12-22;12;2088
12;2025-12-22;13;2130
12;2025-12-22;14;2045
12;2025-12-22;15;2293
12;2025-12-22;16;2826
12;2025-12-22;17;3126
12;2025-12-22;18;3194
12;2025-12-22;19;2378
12;2025-12-22;20;1508
12;2025-12-22;21;944
12;2025-12-22;22;443
12;2025-12-22;23;239
12;2025-12-23;0;50
12;2025-12-23;1;1
12;2025-12-23;2;0
12;2025-12-23;3;0
12;2025-12-23;4;8
12;2025-12-23;5;332
12;2025-12-23;6;1500
12;2025-12-23;7;2899
12;2025-12-23;8;3795
12;2025-12-23;9;2708
12;2025-12-23;10;2198
12;2025-12-23;11;2087
12;2025-12-23;12;2162
12;2025-12-23;13;2211
12;2025-12-23;14;2120
12;2025-12-23;15;2359
12;2025-12-23;16;2903
12;2025-12-23;17;3216
12;2025-12-23;18;3287
12;2025-12-23;19;2448
12;2025-12-23;20;1548
12;2025-12-23;21;973
12;2025-12-23;22;458
12;2025-12-23;23;256
12;2025-12-24;0;54
12;2025-12-24;1;1
12;2025-12-24;2;0
12;2025-12-24;3;0
12;2025-12-24;4;6
12;2025-12-24;5;326
12;2025-12-24;6;1473
12;2025-12-24;7;2833
12;2025-12-24;8;3706
12;2025-12-24;9;2663
12;2025-12-24;10;2179
12;2025-12-24;11;2075
12;2025-12-24;12;2150
12;2025-12-24;13;2190
12;2025-12-24;14;2107
12;2025-12-24;15;2330
12;2025-12-24;16;2870
12;2025-12-24;17;3162
12;2025-12-24;18;3210
12;2025-12-24;19;2404
12;2025-12-24;20;1548
12;2025-12-24;21;978
12;2025-12-24;22;462
12;2025-12-24;23;256
12;2025-12-25;0;53
12;2025-12-25;1;3
12;2025-12-25;2;0
12;2025-12-25;3;0
12;2025-12-25;4;9
12;2025-12-25;5;313
12;2025-12-25;6;1430
12;2025-12-25;7;2762
12;2025-12-25;8;3619
12;2025-12-25;9;2559
12;2025-12-25;10;2097
12;2025-12-25;11;1994
12;2025-12-25;12;2080
12;2025-12-25;13;2123
12;2025-12-25;14;2042
12;2025-12-25;15;2293
12;2025-12-25;16;2802
12;2025-12-25;17;3074
12;2025-12-25;18;3115
12;2025-12-25;19;2340
12;2025-12-25;20;1484
12;2025-12-25;21;932
12;2025-12-25;22;447
12;2025-12-25;23;245
12;2025-12-26;0;54
12;2025-12-26;1;2
12;2025-12-26;2;0
12;2025-12-26;3;0
12;2025-12-26;4;7
12;2025-12-26;5;312
12;2025-12-26;6;1412
12;2025-12-26;7;2701
12;2025-12-26;8;3441
12;2025-12-26;9;2489
12;2025-12-26;10;2033
12;2025-12-26;11;1945
12;2025-12-26;12;2021
12;2025-12-26;13;2094
12;2025-12-26;14;2017
12;2025-12-26;15;2346
12;2025-12-26;16;2888
12;2025-12-26;17;3007
12;2025-12-26;18;2735
12;2025-12-26;19;2147
12;2025-12-26;20;1412
12;2025-12-26;21;923
12;2025-12-26;22;449
12;2025-12-26;23;276
12;2025-12-27;0;72
12;2025-12-27;1;2
12;2025-12-27;2;0
12;2025-12-27;3;0
12;2025-12-27;4;5
12;2025-12-27;5;242
12;2025-12-27;6;860
12;2025-12-27;7;972
12;2025-12-27;8;1085
12;2025-12-27;9;1279
12;2025-12-27;10;1554
12;2025-12-27;11;1583
12;2025-12-27;12;1637
12;2025-12-27;13;1866
12;2025-12-27;14;1702
12;2025-12-27;15;1610
12;2025-12-27;16;1785
12;2025-12-27;17;1658
12;2025-12-27;18;1517
12;2025-12-27;19;1417
12;2025-12-27;20;985
12;2025-12-27;21;778
12;2025-12-27;22;395
12;2025-12-27;23;288
12;2025-12-28;0;83
12;2025-12-28;1;4
12;2025-12-28;2;0
12;2025-12-28;3;0
12;2025-12-28;4;3
12;2025-12-28;5;146
12;2025-12-28;6;531
12;2025-12-28;7;738
12;2025-12-28;8;789
12;2025-12-28;9;1004
12;2025-12-28;10;1212
12;2025-12-28;11;1375
12;2025-12-28;12;1456
12;2025-12-28;13;1679
12;2025-12-28;14;1579
12;2025-12-28;15;1559
12;2025-12-28;16;1636
12;2025-12-28;17;1670
12;2025-12-28;18;1419
12;2025-12-28;19;1023
12;2025-12-28;20;782
12;2025-12-28;21;594
12;2025-12-28;22;389
12;2025-12-28;23;214
12;2025-12-29;0;43
12;2025-12-29;1;2
12;2025-12-29;2;0
12;2025-12-29;3;0
12;2025-12-29;4;7
12;2025-12-29;5;271
12;2025-12-29;6;1242
12;2025-12-29;7;2395
12;2025-12-29;8;3133
12;2025-12-29;9;2211
12;2025-12-29;10;1791
12;2025-12-29;11;1694
12;2025-12-29;12;1773
12;2025-12-29;13;1805
12;2025-12-29;14;1739
12;2025-12-29;15;1947
12;2025-12-29;16;2398
12;2025-12-29;17;2646
12;2025-12-29;18;2699
12;2025-12-29;19;2020
12;2025-12-29;20;1276
12;2025-12-29;21;798
12;2025-12-29;22;374
12;2025-12-29;23;205
12;2025-12-30;0;44
12;2025-12-30;1;2
12;2025-12-30;2;0
12;2025-12-30;3;0
12;2025-12-30;4;7
12;2025-12-30;5;274
12;2025-12-30;6;1254
12;2025-12-30;7;2436
12;2025-12-30;8;3180
12;2025-12-30;9;2257
12;2025-12-30;10;1842
12;2025-12-30;11;1738
12;2025-12-30;12;1811
12;2025-12-30;13;1848
12;2025-12-30;14;1777
12;2025-12-30;15;1985
12;2025-12-30;16;2437
12;2025-12-30;17;2679
12;2025-12-30;18;2705
12;2025-12-30;19;2034
12;2025-12-30;20;1295
12;2025-12-30;21;809
12;2025-12-30;22;384
12;2025-12-30;23;213
12;2025-12-31;0;70
12;2025-12-31;1;5
12;2025-12-31;2;0
12;2025-12-31;3;0
12;2025-12-31;4;3
12;2025-12-31;5;128
12;2025-12-31;6;466
12;2025-12-31;7;629
12;2025-12-31;8;665
12;2025-12-31;9;850
12;2025-12-31;10;1014
12;2025-12-31;11;1137
12;2025-12-31;12;1207
12;2025-12-31;13;1393
12;2025-12-31;14;1291
12;2025-12-31;15;1289
12;2025-12-31;16;1337
12;2025-12-31;17;1396
12;2025-12-31;18;1228
12;2025-12-31;19;900
12;2025-12-31;20;0
12;2025-12-31;21;0
12;2025-12-31;22;0
12;2025-12-31;23;0
17;2025-11-01;0;122
17;2025-11-01;1;12
17;2025-11-01;2;0
17;2025-11-01;3;0
17;2025-11-01;4;23
17;2025-11-01;5;295
17;2025-11-01;6;1498
17;2025-11-01;7;4276
17;2025-11-01;8;5372
17;2025-11-01;9;3886
17;2025-11-01;10;3097
17;2025-11-01;11;3101
17;2025-11-01;12;3120
17;2025-11-01;13;3212
17;2025-11-01;14;3323
17;2025-11-01;15;3415
17;2025-11-01;16;3816
17;2025-11-01;17;4561
17;2025-11-01;18;4555
17;2025-11-01;19;3237
17;2025-11-01;20;2267
17;2025-11-01;21;1409
17;2025-11-01;22;675
17;2025-11-01;23;379
17;2025-11-02;0;180
17;2025-11-02;1;25
17;2025-11-02;2;0
17;2025-11-02;3;0
17;2025-11-02;4;3
17;2025-11-02;5;108
17;2025-11-02;6;423
17;2025-11-02;7;874
17;2025-11-02;8;1246
17;2025-11-02;9;1719
17;2025-11-02;10;2029
17;2025-11-02;11;2567
17;2025-11-02;12;2939
17;2025-11-02;13;3228
17;2025-11-02;14;3287
17;2025-11-02;15;3217
17;2025-11-02;16;3196
17;2025-11-02;17;3029
17;2025-11-02;18;2569
17;2025-11-02;19;2014
17;2025-11-02;20;1527
17;2025-11-02;21;1071
17;2025-11-02;22;653
17;2025-11-02;23;312
17;2025-11-03;0;165
17;2025-11-03;1;23
17;2025-11-03;2;0
17;2025-11-03;3;0
17;2025-11-03;4;3
17;2025-11-03;5;100
17;2025-11-03;6;409
17;2025-11-03;7;826
17;2025-11-03;8;1170
17;2025-11-03;9;1592
17;2025-11-03;10;1847
17;2025-11-03;11;2309
17;2025-11-03;12;2648
17;2025-11-03;13;2918
17;2025-11-03;14;2963
17;2025-11-03;15;2881
17;2025-11-03;16;2850
17;2025-11-03;17;2772
17;2025-11-03;18;2487
17;2025-11-03;19;1972
17;2025-11-03;20;1485
17;2025-11-03;21;1031
17;2025-11-03;22;631
17;2025-11-03;23;290
17;2025-11-04;0;169
17;2025-11-04;1;25
17;2025-11-04;2;0
17;2025-11-04;3;0
17;2025-11-04;4;3
17;2025-11-04;5;99
17;2025-11-04;6;406
17;2025-11-04;7;820
17;2025-11-04;8;1159
17;2025-11-04;9;1574
17;2025-11-04;10;1838
17;2025-11-04;11;2304
17;2025-11-04;12;2646
17;2025-11-04;13;2930
17;2025-11-04;14;2989
17;2025-11-04;15;2898
17;2025-11-04;16;2873
17;2025-11-04;17;2776
17;2025-11-04;18;2488
17;2025-11-04;19;1980
17;2025-11-04;20;1485
17;2025-11-04;21;1031
17;2025-11-04;22;634
17;2025-11-04;23;289
17;2025-11-05;0;120
17;2025-11-05;1;11
17;2025-11-05;2;0
17;2025-11-05;3;0
17;2025-11-05;4;24
17;2025-11-05;5;292
17;2025-11-05;6;1506
17;2025-11-05;7;4276
17;2025-11-05;8;5382
17;2025-11-05;9;3868
17;2025-11-05;10;3060
17;2025-11-05;11;3055
17;2025-11-05;12;3079
17;2025-11-05;13;3163
17;2025-11-05;14;3262
17;2025-11-05;15;3343
17;2025-11-05;16;3712
17;2025-11-05;17;4529
17;2025-11-05;18;4706
17;2025-11-05;19;3304
17;2025-11-05;20;2301
17;2025-11-05;21;1426
17;2025-11-05;22;683
17;2025-11-05;23;371
17;2025-11-06;0;120
17;2025-11-06;1;11
17;2025-11-06;2;0
17;2025-11-06;3;0
17;2025-11-06;4;24
17;2025-11-06;5;292
17;2025-11-06;6;1490
17;2025-11-06;7;4211
17;2025-11-06;8;5316
17;2025-11-06;9;3824
17;2025-11-06;10;3024
17;2025-11-06;11;3027
17;2025-11-06;12;3047
17;2025-11-06;13;3141
17;2025-11-06;14;3240
17;2025-11-06;15;3308
17;2025-11-06;16;3695
17;2025-11-06;17;4498
17;2025-11-06;18;4632
17;2025-11-06;19;3277
17;2025-11-06;20;2274
17;2025-11-06;21;1416
17;2025-11-06;22;679
17;2025-11-06;23;377
17;2025-11-07;0;134
17;2025-11-07;1;13
17;2025-11-07;2;0
17;2025-11-07;3;0
17;2025-11-07;4;23
17;2025-11-07;5;301
17;2025-11-07;6;1550
17;2025-11-07;7;4371
17;2025-11-07;8;5420
17;2025-11-07;9;3918
17;2025-11-07;10;3106
17;2025-11-07;11;3156
17;2025-11-07;12;3186
17;2025-11-07;13;3295
17;2025-11-07;14;3419
17;2025-11-07;15;3606
17;2025-11-07;16;4102
17;2025-11-07;17;4718
17;2025-11-07;18;4375
17;2025-11-07;19;3238
17;2025-11-07;20;2329
17;2025-11-07;21;1500
17;2025-11-07;22;738
17;2025-11-07;23;441
17;2025-11-08;0;203
17;2025-11-08;1;27
17;2025-11-08;2;0
17;2025-11-08;3;0
17;2025-11-08;4;6
17;2025-11-08;5;133
17;2025-11-08;6;608
17;2025-11-08;7;1351
17;2025-11-08;8;1880
17;2025-11-08;9;2323
17;2025-11-08;10;2595
17;2025-11-08;11;3076
17;2025-11-08;12;3394
17;2025-11-08;13;3648
17;2025-11-08;14;3650
17;2025-11-08;15;3627
17;2025-11-08;16;3691
17;2025-11-08;17;3363
17;2025-11-08;18;2995
17;2025-11-08;19;2393
17;2025-11-08;20;1868
17;2025-11-08;21;1327
17;2025-11-08;22;813
17;2025-11-08;23;448
17;2025-11-09;0;182
17;2025-11-09;1;25
17;2025-11-09;2;0
17;2025-11-09;3;0
17;2025-11-09;4;5
17;2025-11-09;5;106
17;2025-11-09;6;425
17;2025-11-09;7;877
17;2025-11-09;8;1248
17;2025-11-09;9;1714
17;2025-11-09;10;2018
17;2025-11-09;11;2556
17;2025-11-09;12;2928
17;2025-11-09;13;3228
17;2025-11-09;14;3296
17;2025-11-09;15;3217
17;2025-11-09;16;3191
17;2025-11-09;17;3016
17;2025-11-09;18;2575
17;2025-11-09;19;2024
17;2025-11-09;20;1529
17;2025-11-09;21;1080
17;2025-11-09;22;663
17;2025-11-09;23;316
17;2025-11-10;0;117
17;2025-11-10;1;11
17;2025-11-10;2;0
17;2025-11-10;3;0
17;2025-11-10;4;24
17;2025-11-10;5;290
17;2025-11-10;6;1494
17;2025-11-10;7;4250
17;2025-11-10;8;5388
17;2025-11-10;9;3828
17;2025-11-10;10;2999
17;2025-11-10;11;2982
17;2025-11-10;12;3007
17;2025-11-10;13;3098
17;2025-11-10;14;3183
17;2025-11-10;15;3274
17;2025-11-10;16;3656
17;2025-11-10;17;4480
17;2025-11-10;18;4660
17;2025-11-10;19;3266
17;2025-11-10;20;2252
17;2025-11-10;21;1381
17;2025-11-10;22;649
17;2025-11-10;23;346
17;2025-11-11;0;119
17;2025-11-11;1;10
17;2025-11-11;2;0
17;2025-11-11;3;0
17;2025-11-11;4;24
17;2025-11-11;5;300
17;2025-11-11;6;1523
17;2025-11-11;7;4337
17;2025-11-11;8;5497
17;2025-11-11;9;3910
17;2025-11-11;10;3084
17;2025-11-11;11;3071
17;2025-11-11;12;3098
17;2025-11-11;13;3193
17;2025-11-11;14;3289
17;2025-11-11;15;3359
17;2025-11-11;16;3744
17;2025-11-11;17;4587
17;2025-11-11;18;4768
17;2025-11-11;19;3343
17;2025-11-11;20;2307
17;2025-11-11;21;1427
17;2025-11-11;22;679
17;2025-11-11;23;361
17;2025-11-12;0;120
17;2025-11-12;1;11
17;2025-11-12;2;0
17;2025-11-12;3;0
17;2025-11-12;4;25
17;2025-11-12;5;296
17;2025-11-12;6;1514
17;2025-11-12;7;4286
17;2025-11-12;8;5415
17;2025-11-12;9;3886
17;2025-11-12;10;3074
17;2025-11-12;11;3059
17;2025-11-12;12;3078
17;2025-11-12;13;3169
17;2025-11-12;14;3258
17;2025-11-12;15;3340
17;2025-11-12;16;3733
17;2025-11-12;17;4548
17;2025-11-12;18;4705
17;2025-11-12;19;3307
17;2025-11-12;20;2291
17;2025-11-12;21;1421
17;2025-11-12;22;683
17;2025-11-12;23;373
17;2025-11-13;0;121
17;2025-11-13;1;11
17;2025-11-13;2;0
17;2025-11-13;3;0
17;2025-11-13;4;24
17;2025-11-13;5;296
17;2025-11-13;6;1502
17;2025-11-13;7;4265
17;2025-11-13;8;5395
17;2025-11-13;9;3857
17;2025-11-13;10;3055
17;2025-11-13;11;3054
17;2025-11-13;12;3084
17;2025-11-13;13;3178
17;2025-11-13;14;3282
17;2025-11-13;15;3356
17;2025-11-13;16;3744
17;2025-11-13;17;4540
17;2025-11-13;18;4692
17;2025-11-13;19;3313
17;2025-11-13;20;2297
17;2025-11-13;21;1431
17;2025-11-13;22;686
17;2025-11-13;23;378
17;2025-11-14;0;136
17;2025-11-14;1;14
17;2025-11-14;2;0
17;2025-11-14;3;0
17;2025-11-14;4;23
17;2025-11-14;5;305
17;2025-11-14;6;1561
17;2025-11-14;7;4418
17;2025-11-14;8;5496
17;2025-11-14;9;3972
17;2025-11-14;10;3150
17;2025-11-14;11;3193
17;2025-11-14;12;3219
17;2025-11-14;13;3324
17;2025-11-14;14;3453
17;2025-11-14;15;3630
17;2025-11-14;16;4116
17;2025-11-14;17;4743
17;2025-11-14;18;4430
17;2025-11-14;19;3263
17;2025-11-14;20;2345
17;2025-11-14;21;1493
17;2025-11-14;22;728
17;2025-11-14;23;430
17;2025-11-15;0;196
17;2025-11-15;1;27
17;2025-11-15;2;0
17;2025-11-15;3;0
17;2025-11-15;4;5
17;2025-11-15;5;127
17;2025-11-15;6;582
17;2025-11-15;7;1290
17;2025-11-15;8;1802
17;2025-11-15;9;2246
17;2025-11-15;10;2498
17;2025-11-15;11;2964
17;2025-11-15;12;3277
17;2025-11-15;13;3526
17;2025-11-15;14;3532
17;2025-11-15;15;3509
17;2025-11-15;16;3581
17;2025-11-15;17;3264
17;2025-11-15;18;2916
17;2025-11-15;19;2318
17;2025-11-15;20;1806
17;2025-11-15;21;1289
17;2025-11-15;22;791
17;2025-11-15;23;433
17;2025-11-16;0;179
17;2025-11-16;1;24
17;2025-11-16;2;0
17;2025-11-16;3;0
17;2025-11-16;4;3
17;2025-11-16;5;103
17;2025-11-16;6;422
17;2025-11-16;7;863
17;2025-11-16;8;1237
17;2025-11-16;9;1704
17;2025-11-16;10;2014
17;2025-11-16;11;2552
17;2025-11-16;12;2941
17;2025-11-16;13;3239
17;2025-11-16;14;3292
17;2025-11-16;15;3227
17;2025-11-16;16;3218
17;2025-11-16;17;3027
17;2025-11-16;18;2590
17;2025-11-16;19;2021
17;2025-11-16;20;1527
17;2025-11-16;21;1084
17;2025-11-16;22;665
17;2025-11-16;23;317
17;2025-11-17;0;114
17;2025-11-17;1;12
17;2025-11-17;2;0
17;2025-11-17;3;0
17;2025-11-17;4;24
17;2025-11-17;5;288
17;2025-11-17;6;1479
17;2025-11-17;7;4186
17;2025-11-17;8;5295
17;2025-11-17;9;3772
17;2025-11-17;10;2946
17;2025-11-17;11;2942
17;2025-11-17;12;2959
17;2025-11-17;13;3052
17;2025-11-17;14;3112
17;2025-11-17;15;3205
17;2025-11-17;16;3600
17;2025-11-17;17;4439
17;2025-11-17;18;4632
17;2025-11-17;19;3237
17;2025-11-17;20;2227
17;2025-11-17;21;1361
17;2025-11-17;22;654
17;2025-11-17;23;344
17;2025-11-18;0;117
17;2025-11-18;1;12
17;2025-11-18;2;0
17;2025-11-18;3;0
17;2025-11-18;4;22
17;2025-11-18;5;290
17;2025-11-18;6;1497
17;2025-11-18;7;4216
17;2025-11-18;8;5315
17;2025-11-18;9;3818
17;2025-11-18;10;2997
17;2025-11-18;11;2974
17;2025-11-18;12;2989
17;2025-11-18;13;3080
17;2025-11-18;14;3166
17;2025-11-18;15;3228
17;2025-11-18;16;3615
17;2025-11-18;17;4457
17;2025-11-18;18;4646
17;2025-11-18;19;3238
17;2025-11-18;20;2244
17;2025-11-18;21;1385
17;2025-11-18;22;658
17;2025-11-18;23;351
17;2025-11-19;0;121
17;2025-11-19;1;11
17;2025-11-19;2;0
17;2025-11-19;3;0
17;2025-11-19;4;25
17;2025-11-19;5;298
17;2025-11-19;6;1521
17;2025-11-19;7;4295
17;2025-11-19;8;5430
17;2025-11-19;9;3900
17;2025-11-19;10;3089
17;2025-11-19;11;3086
17;2025-11-19;12;3114
17;2025-11-19;13;3210
17;2025-11-19;14;3297
17;2025-11-19;15;3364
17;2025-11-19;16;3765
17;2025-11-19;17;4597
17;2025-11-19;18;4763
17;2025-11-19;19;3342
17;2025-11-19;20;2305
17;2025-11-19;21;1428
17;2025-11-19;22;698
17;2025-11-19;23;379
17;2025-11-20;0;119
17;2025-11-20;1;11
17;2025-11-20;2;0
17;2025-11-20;3;0
17;2025-11-20;4;24
17;2025-11-20;5;298
17;2025-11-20;6;1424
17;2025-11-20;7;4208
17;2025-11-20;8;5394
17;2025-11-20;9;3856
17;2025-11-20;10;3058
17;2025-11-20;11;3060
17;2025-11-20;12;3097
17;2025-11-20;13;3192
17;2025-11-20;14;3283
17;2025-11-20;15;3351
17;2025-11-20;16;3758
17;2025-11-20;17;4564
17;2025-11-20;18;4724
17;2025-11-20;19;3320
17;2025-11-20;20;2292
17;2025-11-20;21;1421
17;2025-11-20;22;693
17;2025-11-20;23;376
17;2025-11-21;0;134
17;2025-11-21;1;14
17;2025-11-21;2;0
17;2025-11-21;3;0
17;2025-11-21;4;24
17;2025-11-21;5;306
17;2025-11-21;6;1563
17;2025-11-21;7;4401
17;2025-11-21;8;5490
17;2025-11-21;9;3956
17;2025-11-21;10;3137
17;2025-11-21;11;3181
17;2025-11-21;12;3215
17;2025-11-21;13;3331
17;2025-11-21;14;3444
17;2025-11-21;15;3623
17;2025-11-21;16;4128
17;2025-11-21;17;4757
17;2025-11-21;18;4460
17;2025-11-21;19;3272
17;2025-11-21;20;2333
17;2025-11-21;21;1488
17;2025-11-21;22;709
17;2025-11-21;23;338
17;2025-11-22;0;197
17;2025-11-22;1;25
17;2025-11-22;2;0
17;2025-11-22;3;0
17;2025-11-22;4;5
17;2025-11-22;5;128
17;2025-11-22;6;587
17;2025-11-22;7;1312
17;2025-11-22;8;1831
17;2025-11-22;9;2289
17;2025-11-22;10;2554
17;2025-11-22;11;3034
17;2025-11-22;12;3353
17;2025-11-22;13;3602
17;2025-11-22;14;3611
17;2025-11-22;15;3577
17;2025-11-22;16;3656
17;2025-11-22;17;3326
17;2025-11-22;18;2953
17;2025-11-22;19;2343
17;2025-11-22;20;1824
17;2025-11-22;21;1298
17;2025-11-22;22;791
17;2025-11-22;23;434
17;2025-11-23;0;179
17;2025-11-23;1;25
17;2025-11-23;2;0
17;2025-11-23;3;0
17;2025-11-23;4;3
17;2025-11-23;5;103
17;2025-11-23;6;420
17;2025-11-23;7;863
17;2025-11-23;8;1245
17;2025-11-23;9;1711
17;2025-11-23;10;2031
17;2025-11-23;11;2560
17;2025-11-23;12;2937
17;2025-11-23;13;3232
17;2025-11-23;14;3289
17;2025-11-23;15;3221
17;2025-11-23;16;3205
17;2025-11-23;17;3010
17;2025-11-23;18;2577
17;2025-11-23;19;2009
17;2025-11-23;20;1518
17;2025-11-23;21;1079
17;2025-11-23;22;660
17;2025-11-23;23;315
17;2025-11-24;0;115
17;2025-11-24;1;11
17;2025-11-24;2;0
17;2025-11-24;3;0
17;2025-11-24;4;22
17;2025-11-24;5;282
17;2025-11-24;6;1456
17;2025-11-24;7;4117
17;2025-11-24;8;5210
17;2025-11-24;9;3742
17;2025-11-24;10;2922
17;2025-11-24;11;2881
17;2025-11-24;12;2906
17;2025-11-24;13;3004
17;2025-11-24;14;3069
17;2025-11-24;15;3151
17;2025-11-24;16;3534
17;2025-11-24;17;4372
17;2025-11-24;18;4554
17;2025-11-24;19;3170
17;2025-11-24;20;2181
17;2025-11-24;21;1340
17;2025-11-24;22;628
17;2025-11-24;23;337
17;2025-11-25;0;117
17;2025-11-25;1;11
17;2025-11-25;2;0
17;2025-11-25;3;0
17;2025-11-25;4;24
17;2025-11-25;5;299
17;2025-11-25;6;1519
17;2025-11-25;7;4316
17;2025-11-25;8;5466
17;2025-11-25;9;3906
17;2025-11-25;10;3087
17;2025-11-25;11;3077
17;2025-11-25;12;3106
17;2025-11-25;13;3211
17;2025-11-25;14;3295
17;2025-11-25;15;3362
17;2025-11-25;16;3770
17;2025-11-25;17;4613
17;2025-11-25;18;4785
17;2025-11-25;19;3344
17;2025-11-25;20;2298
17;2025-11-25;21;1418
17;2025-11-25;22;687
17;2025-11-25;23;364
17;2025-11-26;0;118
17;2025-11-26;1;12
17;2025-11-26;2;0
17;2025-11-26;3;0
17;2025-11-26;4;24
17;2025-11-26;5;292
17;2025-11-26;6;1499
17;2025-11-26;7;4218
17;2025-11-26;8;5338
17;2025-11-26;9;3858
17;2025-11-26;10;3037
17;2025-11-26;11;3006
17;2025-11-26;12;3034
17;2025-11-26;13;3124
17;2025-11-26;14;3217
17;2025-11-26;15;3285
17;2025-11-26;16;3673
17;2025-11-26;17;4507
17;2025-11-26;18;4657
17;2025-11-26;19;3251
17;2025-11-26;20;2244
17;2025-11-26;21;1390
17;2025-11-26;22;663
17;2025-11-26;23;362
17;2025-11-27;0;117
17;2025-11-27;1;12
17;2025-11-27;2;0
17;2025-11-27;3;0
17;2025-11-27;4;24
17;2025-11-27;5;291
17;2025-11-27;6;1487
17;2025-11-27;7;4214
17;2025-11-27;8;5322
17;2025-11-27;9;3831
17;2025-11-27;10;3034
17;2025-11-27;11;3013
17;2025-11-27;12;3027
17;2025-11-27;13;3126
17;2025-11-27;14;3221
17;2025-11-27;15;3283
17;2025-11-27;16;3686
17;2025-11-27;17;4481
17;2025-11-27;18;4630
17;2025-11-27;19;3238
17;2025-11-27;20;2245
17;2025-11-27;21;1391
17;2025-11-27;22;664
17;2025-11-27;23;367
17;2025-11-28;0;133
17;2025-11-28;1;16
17;2025-11-28;2;0
17;2025-11-28;3;0
17;2025-11-28;4;24
17;2025-11-28;5;304
17;2025-11-28;6;1546
17;2025-11-28;7;4352
17;2025-11-28;8;5437
17;2025-11-28;9;3934
17;2025-11-28;10;3121
17;2025-11-28;11;2957
17;2025-11-28;12;2999
17;2025-11-28;13;3287
17;2025-11-28;14;3400
17;2025-11-28;15;3562
17;2025-11-28;16;4059
17;2025-11-28;17;4688
17;2025-11-28;18;4387
17;2025-11-28;19;3213
17;2025-11-28;20;2303
17;2025-11-28;21;1469
17;2025-11-28;22;718
17;2025-11-28;23;428
17;2025-11-29;0;203
17;2025-11-29;1;26
17;2025-11-29;2;0
17;2025-11-29;3;0
17;2025-11-29;4;6
17;2025-11-29;5;131
17;2025-11-29;6;599
17;2025-11-29;7;1341
17;2025-11-29;8;1877
17;2025-11-29;9;2347
17;2025-11-29;10;2622
17;2025-11-29;11;3119
17;2025-11-29;12;3438
17;2025-11-29;13;3692
17;2025-11-29;14;3699
17;2025-11-29;15;3659
17;2025-11-29;16;3743
17;2025-11-29;17;3400
17;2025-11-29;18;3012
17;2025-11-29;19;2384
17;2025-11-29;20;1857
17;2025-11-29;21;1320
17;2025-11-29;22;812
17;2025-11-29;23;448
17;2025-11-30;0;182
17;2025-11-30;1;26
17;2025-11-30;2;0
17;2025-11-30;3;0
17;2025-11-30;4;3
17;2025-11-30;5;102
17;2025-11-30;6;421
17;2025-11-30;7;866
17;2025-11-30;8;1246
17;2025-11-30;9;1711
17;2025-11-30;10;2029
17;2025-11-30;11;2559
17;2025-11-30;12;2937
17;2025-11-30;13;3233
17;2025-11-30;14;3301
17;2025-11-30;15;3227
17;2025-11-30;16;3210
17;2025-11-30;17;3018
17;2025-11-30;18;2570
17;2025-11-30;19;2006
17;2025-11-30;20;1517
17;2025-11-30;21;1074
17;2025-11-30;22;657
17;2025-11-30;23;316
17;2025-12-01;0;118
17;2025-12-01;1;12
17;2025-12-01;2;0
17;2025-12-01;3;0
17;2025-12-01;4;23
17;2025-12-01;5;291
17;2025-12-01;6;1494
17;2025-12-01;7;4250
17;2025-12-01;8;5403
17;2025-12-01;9;3841
17;2025-12-01;10;3018
17;2025-12-01;11;3005
17;2025-12-01;12;3032
17;2025-12-01;13;3130
17;2025-12-01;14;3209
17;2025-12-01;15;3295
17;2025-12-01;16;3698
17;2025-12-01;17;4527
17;2025-12-01;18;4674
17;2025-12-01;19;3270
17;2025-12-01;20;2245
17;2025-12-01;21;1375
17;2025-12-01;22;657
17;2025-12-01;23;353
17;2025-12-02;0;120
17;2025-12-02;1;11
17;2025-12-02;2;0
17;2025-12-02;3;0
17;2025-12-02;4;24
17;2025-12-02;5;301
17;2025-12-02;6;1525
17;2025-12-02;7;4336
17;2025-12-02;8;5504
17;2025-12-02;9;3926
17;2025-12-02;10;3108
17;2025-12-02;11;3097
17;2025-12-02;12;3124
17;2025-12-02;13;3229
17;2025-12-02;14;3318
17;2025-12-02;15;3382
17;2025-12-02;16;3792
17;2025-12-02;17;4636
17;2025-12-02;18;4789
17;2025-12-02;19;3346
17;2025-12-02;20;2302
17;2025-12-02;21;1422
17;2025-12-02;22;688
17;2025-12-02;23;368
17;2025-12-03;0;122
17;2025-12-03;1;12
17;2025-12-03;2;0
17;2025-12-03;3;0
17;2025-12-03;4;25
17;2025-12-03;5;299
17;2025-12-03;6;1525
17;2025-12-03;7;4316
17;2025-12-03;8;5483
17;2025-12-03;9;3927
17;2025-12-03;10;3113
17;2025-12-03;11;3113
17;2025-12-03;12;3138
17;2025-12-03;13;3238
17;2025-12-03;14;3331
17;2025-12-03;15;3405
17;2025-12-03;16;3814
17;2025-12-03;17;4633
17;2025-12-03;18;4763
17;2025-12-03;19;3332
17;2025-12-03;20;2306
17;2025-12-03;21;1436
17;2025-12-03;22;698
17;2025-12-03;23;384
17;2025-12-04;0;122
17;2025-12-04;1;11
17;2025-12-04;2;0
17;2025-12-04;3;0
17;2025-12-04;4;24
17;2025-12-04;5;299
17;2025-12-04;6;1510
17;2025-12-04;7;4283
17;2025-12-04;8;5441
17;2025-12-04;9;3891
17;2025-12-04;10;3087
17;2025-12-04;11;3093
17;2025-12-04;12;3127
17;2025-12-04;13;3229
17;2025-12-04;14;3327
17;2025-12-04;15;3392
17;2025-12-04;16;3801
17;2025-12-04;17;4588
17;2025-12-04;18;4706
17;2025-12-04;19;3310
17;2025-12-04;20;2301
17;2025-12-04;21;1432
17;2025-12-04;22;698
17;2025-12-04;23;381
17;2025-12-05;0;138
17;2025-12-05;1;13
17;2025-12-05;2;0
17;2025-12-05;3;0
17;2025-12-05;4;23
17;2025-12-05;5;310
17;2025-12-05;6;1576
17;2025-12-05;7;4450
17;2025-12-05;8;5571
17;2025-12-05;9;4007
17;2025-12-05;10;3184
17;2025-12-05;11;3227
17;2025-12-05;12;3259
17;2025-12-05;13;3374
17;2025-12-05;14;3505
17;2025-12-05;15;3669
17;2025-12-05;16;4177
17;2025-12-05;17;4799
17;2025-12-05;18;4461
17;2025-12-05;19;3276
17;2025-12-05;20;2346
17;2025-12-05;21;1503
17;2025-12-05;22;746
17;2025-12-05;23;438
17;2025-12-06;0;204
17;2025-12-06;1;26
17;2025-12-06;2;0
17;2025-12-06;3;0
17;2025-12-06;4;6
17;2025-12-06;5;135
17;2025-12-06;6;608
17;2025-12-06;7;1359
17;2025-12-06;8;1902
17;2025-12-06;9;2376
17;2025-12-06;10;2653
17;2025-12-06;11;3149
17;2025-12-06;12;3467
17;2025-12-06;13;3727
17;2025-12-06;14;3738
17;2025-12-06;15;3698
17;2025-12-06;16;3772
17;2025-12-06;17;3433
17;2025-12-06;18;3034
17;2025-12-06;19;2400
17;2025-12-06;20;1873
17;2025-12-06;21;1329
17;2025-12-06;22;815
17;2025-12-06;23;454
17;2025-12-07;0;182
17;2025-12-07;1;24
17;2025-12-07;2;0
17;2025-12-07;3;0
17;2025-12-07;4;4
17;2025-12-07;5;105
17;2025-12-07;6;428
17;2025-12-07;7;877
17;2025-12-07;8;1265
17;2025-12-07;9;1737
17;2025-12-07;10;2058
17;2025-12-07;11;2593
17;2025-12-07;12;2972
17;2025-12-07;13;3278
17;2025-12-07;14;3326
17;2025-12-07;15;3264
17;2025-12-07;16;3254
17;2025-12-07;17;3051
17;2025-12-07;18;2603
17;2025-12-07;19;2034
17;2025-12-07;20;1537
17;2025-12-07;21;1089
17;2025-12-07;22;666
17;2025-12-07;23;320
17;2025-12-08;0;118
17;2025-12-08;1;12
17;2025-12-08;2;0
17;2025-12-08;3;0
17;2025-12-08;4;24
17;2025-12-08;5;291
17;2025-12-08;6;1494
17;2025-12-08;7;4248
17;2025-12-08;8;5393
17;2025-12-08;9;3846
17;2025-12-08;10;3026
17;2025-12-08;11;3012
17;2025-12-08;12;3038
17;2025-12-08;13;3140
17;2025-12-08;14;3217
17;2025-12-08;15;3299
17;2025-12-08;16;3705
17;2025-12-08;17;4529
17;2025-12-08;18;4679
17;2025-12-08;19;3265
17;2025-12-08;20;2242
17;2025-12-08;21;1374
17;2025-12-08;22;657
17;2025-12-08;23;353
17;2025-12-09;0;116
17;2025-12-09;1;10
17;2025-12-09;2;0
17;2025-12-09;3;0
17;2025-12-09;4;24
17;2025-12-09;5;301
17;2025-12-09;6;1519
17;2025-12-09;7;4322
17;2025-12-09;8;5487
17;2025-12-09;9;3919
17;2025-12-09;10;3096
17;2025-12-09;11;3088
17;2025-12-09;12;3116
17;2025-12-09;13;3214
17;2025-12-09;14;3301
17;2025-12-09;15;3364
17;2025-12-09;16;3774
17;2025-12-09;17;4618
17;2025-12-09;18;4777
17;2025-12-09;19;3328
17;2025-12-09;20;2287
17;2025-12-09;21;1413
17;2025-12-09;22;683
17;2025-12-09;23;360
17;2025-12-10;0;119
17;2025-12-10;1;11
17;2025-12-10;2;0
17;2025-12-10;3;0
17;2025-12-10;4;24
17;2025-12-10;5;297
17;2025-12-10;6;1511
17;2025-12-10;7;4273
17;2025-12-10;8;5410
17;2025-12-10;9;3887
17;2025-12-10;10;3073
17;2025-12-10;11;3074
17;2025-12-10;12;3103
17;2025-12-10;13;3200
17;2025-12-10;14;3288
17;2025-12-10;15;3361
17;2025-12-10;16;3759
17;2025-12-10;17;4583
17;2025-12-10;18;4721
17;2025-12-10;19;3294
17;2025-12-10;20;2277
17;2025-12-10;21;1412
17;2025-12-10;22;688
17;2025-12-10;23;375
17;2025-12-11;0;120
17;2025-12-11;1;12
17;2025-12-11;2;0
17;2025-12-11;3;0
17;2025-12-11;4;24
17;2025-12-11;5;293
17;2025-12-11;6;1491
17;2025-12-11;7;4205
17;2025-12-11;8;5334
17;2025-12-11;9;3851
17;2025-12-11;10;3046
17;2025-12-11;11;3031
17;2025-12-11;12;3062
17;2025-12-11;13;3156
17;2025-12-11;14;3258
17;2025-12-11;15;3314
17;2025-12-11;16;3719
17;2025-12-11;17;4521
17;2025-12-11;18;4627
17;2025-12-11;19;3225
17;2025-12-11;20;2249
17;2025-12-11;21;1397
17;2025-12-11;22;670
17;2025-12-11;23;372
17;2025-12-12;0;137
17;2025-12-12;1;16
17;2025-12-12;2;0
17;2025-12-12;3;0
17;2025-12-12;4;25
17;2025-12-12;5;306
17;2025-12-12;6;1558
17;2025-12-12;7;4369
17;2025-12-12;8;5454
17;2025-12-12;9;3967
17;2025-12-12;10;3154
17;2025-12-12;11;3179
17;2025-12-12;12;3203
17;2025-12-12;13;3308
17;2025-12-12;14;3426
17;2025-12-12;15;3572
17;2025-12-12;16;4082
17;2025-12-12;17;4695
17;2025-12-12;18;4362
17;2025-12-12;19;3188
17;2025-12-12;20;2289
17;2025-12-12;21;1468
17;2025-12-12;22;716
17;2025-12-12;23;427
17;2025-12-13;0;201
17;2025-12-13;1;25
17;2025-12-13;2;0
17;2025-12-13;3;0
17;2025-12-13;4;6
17;2025-12-13;5;132
17;2025-12-13;6;599
17;2025-12-13;7;1339
17;2025-12-13;8;1880
17;2025-12-13;9;2362
17;2025-12-13;10;2640
17;2025-12-13;11;3125
17;2025-12-13;12;3434
17;2025-12-13;13;3691
17;2025-12-13;14;3685
17;2025-12-13;15;3643
17;2025-12-13;16;3723
17;2025-12-13;17;3402
17;2025-12-13;18;3001
17;2025-12-13;19;2366
17;2025-12-13;20;1844
17;2025-12-13;21;1309
17;2025-12-13;22;804
17;2025-12-13;23;445
17;2025-12-14;0;181
17;2025-12-14;1;24
17;2025-12-14;2;0
17;2025-12-14;3;0
17;2025-12-14;4;4
17;2025-12-14;5;103
17;2025-12-14;6;424
17;2025-12-14;7;869
17;2025-12-14;8;1249
17;2025-12-14;9;1722
17;2025-12-14;10;2032
17;2025-12-14;11;2564
17;2025-12-14;12;2946
17;2025-12-14;13;3242
17;2025-12-14;14;3292
17;2025-12-14;15;3226
17;2025-12-14;16;3234
17;2025-12-14;17;3034
17;2025-12-14;18;2581
17;2025-12-14;19;2010
17;2025-12-14;20;1524
17;2025-12-14;21;1080
17;2025-12-14;22;660
17;2025-12-14;23;316
17;2025-12-15;0;116
17;2025-12-15;1;11
17;2025-12-15;2;0
17;2025-12-15;3;0
17;2025-12-15;4;23
17;2025-12-15;5;291
17;2025-12-15;6;1491
17;2025-12-15;7;4238
17;2025-12-15;8;5369
17;2025-12-15;9;3879
17;2025-12-15;10;3045
17;2025-12-15;11;3015
17;2025-12-15;12;3027
17;2025-12-15;13;3114
17;2025-12-15;14;3188
17;2025-12-15;15;3271
17;2025-12-15;16;3681
17;2025-12-15;17;4493
17;2025-12-15;18;4662
17;2025-12-15;19;3233
17;2025-12-15;20;2239
17;2025-12-15;21;1375
17;2025-12-15;22;650
17;2025-12-15;23;348
17;2025-12-16;0;117
17;2025-12-16;1;12
17;2025-12-16;2;0
17;2025-12-16;3;0
17;2025-12-16;4;25
17;2025-12-16;5;301
17;2025-12-16;6;1524
17;2025-12-16;7;4327
17;2025-12-16;8;5485
17;2025-12-16;9;3931
17;2025-12-16;10;3115
17;2025-12-16;11;3098
17;2025-12-16;12;3122
17;2025-12-16;13;3216
17;2025-12-16;14;3300
17;2025-12-16;15;3368
17;2025-12-16;16;3772
17;2025-12-16;17;4618
17;2025-12-16;18;4786
17;2025-12-16;19;3331
17;2025-12-16;20;2294
17;2025-12-16;21;1389
17;2025-12-16;22;515
17;2025-12-16;23;272
17;2025-12-17;0;91
17;2025-12-17;1;9
17;2025-12-17;2;0
17;2025-12-17;3;0
17;2025-12-17;4;19
17;2025-12-17;5;297
17;2025-12-17;6;1525
17;2025-12-17;7;4320
17;2025-12-17;8;5475
17;2025-12-17;9;3930
17;2025-12-17;10;3115
17;2025-12-17;11;3115
17;2025-12-17;12;3141
17;2025-12-17;13;3241
17;2025-12-17;14;3333
17;2025-12-17;15;3409
17;2025-12-17;16;3817
17;2025-12-17;17;4619
17;2025-12-17;18;4752
17;2025-12-17;19;3321
17;2025-12-17;20;2297
17;2025-12-17;21;1426
17;2025-12-17;22;697
17;2025-12-17;23;378
17;2025-12-18;0;122
17;2025-12-18;1;11
17;2025-12-18;2;0
17;2025-12-18;3;0
17;2025-12-18;4;24
17;2025-12-18;5;297
17;2025-12-18;6;1504
17;2025-12-18;7;4266
17;2025-12-18;8;5419
17;2025-12-18;9;3882
17;2025-12-18;10;3085
17;2025-12-18;11;3086
17;2025-12-18;12;3121
17;2025-12-18;13;3228
17;2025-12-18;14;3323
17;2025-12-18;15;3385
17;2025-12-18;16;3800
17;2025-12-18;17;4597
17;2025-12-18;18;4715
17;2025-12-18;19;3310
17;2025-12-18;20;2292
17;2025-12-18;21;1423
17;2025-12-18;22;698
17;2025-12-18;23;387
17;2025-12-19;0;139
17;2025-12-19;1;17
17;2025-12-19;2;0
17;2025-12-19;3;0
17;2025-12-19;4;23
17;2025-12-19;5;310
17;2025-12-19;6;1571
17;2025-12-19;7;4426
17;2025-12-19;8;5542
17;2025-12-19;9;3998
17;2025-12-19;10;3177
17;2025-12-19;11;3218
17;2025-12-19;12;3251
17;2025-12-19;13;3369
17;2025-12-19;14;3487
17;2025-12-19;15;3653
17;2025-12-19;16;4166
17;2025-12-19;17;4799
17;2025-12-19;18;4463
17;2025-12-19;19;3269
17;2025-12-19;20;2334
17;2025-12-19;21;1490
17;2025-12-19;22;741
17;2025-12-19;23;437
17;2025-12-20;0;204
17;2025-12-20;1;26
17;2025-12-20;2;0
17;2025-12-20;3;0
17;2025-12-20;4;5
17;2025-12-20;5;133
17;2025-12-20;6;605
17;2025-12-20;7;1352
17;2025-12-20;8;1898
17;2025-12-20;9;2375
17;2025-12-20;10;2654
17;2025-12-20;11;3154
17;2025-12-20;12;3465
17;2025-12-20;13;3726
17;2025-12-20;14;3734
17;2025-12-20;15;3690
17;2025-12-20;16;3768
17;2025-12-20;17;3438
17;2025-12-20;18;3030
17;2025-12-20;19;2393
17;2025-12-20;20;1868
17;2025-12-20;21;1329
17;2025-12-20;22;813
17;2025-12-20;23;453
17;2025-12-21;0;180
17;2025-12-21;1;24
17;2025-12-21;2;0
17;2025-12-21;3;0
17;2025-12-21;4;3
17;2025-12-21;5;104
17;2025-12-21;6;424
17;2025-12-21;7;869
17;2025-12-21;8;1254
17;2025-12-21;9;1723
17;2025-12-21;10;2047
17;2025-12-21;11;2578
17;2025-12-21;12;2950
17;2025-12-21;13;3255
17;2025-12-21;14;3305
17;2025-12-21;15;3242
17;2025-12-21;16;3232
17;2025-12-21;17;3032
17;2025-12-21;18;2586
17;2025-12-21;19;2015
17;2025-12-21;20;1523
17;2025-12-21;21;1081
17;2025-12-21;22;659
17;2025-12-21;23;319
17;2025-12-22;0;114
17;2025-12-22;1;13
17;2025-12-22;2;0
17;2025-12-22;3;0
17;2025-12-22;4;24
17;2025-12-22;5;289
17;2025-12-22;6;1481
17;2025-12-22;7;4200
17;2025-12-22;8;5317
17;2025-12-22;9;3804
17;2025-12-22;10;2987
17;2025-12-22;11;2974
17;2025-12-22;12;2998
17;2025-12-22;13;3097
17;2025-12-22;14;3171
17;2025-12-22;15;3253
17;2025-12-22;16;3648
17;2025-12-22;17;4466
17;2025-12-22;18;4612
17;2025-12-22;19;3209
17;2025-12-22;20;2207
17;2025-12-22;21;1350
17;2025-12-22;22;645
17;2025-12-22;23;341
17;2025-12-23;0;111
17;2025-12-23;1;8
17;2025-12-23;2;0
17;2025-12-23;3;0
17;2025-12-23;4;24
17;2025-12-23;5;303
17;2025-12-23;6;1524
17;2025-12-23;7;4312
17;2025-12-23;8;5467
17;2025-12-23;9;3973
17;2025-12-23;10;3135
17;2025-12-23;11;3111
17;2025-12-23;12;3114
17;2025-12-23;13;3214
17;2025-12-23;14;3292
17;2025-12-23;15;3352
17;2025-12-23;16;3777
17;2025-12-23;17;4604
17;2025-12-23;18;4756
17;2025-12-23;19;3289
17;2025-12-23;20;2281
17;2025-12-23;21;1411
17;2025-12-23;22;650
17;2025-12-23;23;289
17;2025-12-24;0;120
17;2025-12-24;1;12
17;2025-12-24;2;0
17;2025-12-24;3;0
17;2025-12-24;4;26
17;2025-12-24;5;299
17;2025-12-24;6;1523
17;2025-12-24;7;4293
17;2025-12-24;8;5443
17;2025-12-24;9;3973
17;2025-12-24;10;3149
17;2025-12-24;11;3129
17;2025-12-24;12;3141
17;2025-12-24;13;3231
17;2025-12-24;14;3311
17;2025-12-24;15;3376
17;2025-12-24;16;3799
17;2025-12-24;17;4607
17;2025-12-24;18;4737
17;2025-12-24;19;3284
17;2025-12-24;20;2319
17;2025-12-24;21;1434
17;2025-12-24;22;695
17;2025-12-24;23;375
17;2025-12-25;0;120
17;2025-12-25;1;14
17;2025-12-25;2;0
17;2025-12-25;3;0
17;2025-12-25;4;26
17;2025-12-25;5;295
17;2025-12-25;6;1492
17;2025-12-25;7;4204
17;2025-12-25;8;5340
17;2025-12-25;9;3848
17;2025-12-25;10;3065
17;2025-12-25;11;3058
17;2025-12-25;12;3086
17;2025-12-25;13;3184
17;2025-12-25;14;3268
17;2025-12-25;15;3332
17;2025-12-25;16;3737
17;2025-12-25;17;4520
17;2025-12-25;18;4636
17;2025-12-25;19;3245
17;2025-12-25;20;2246
17;2025-12-25;21;1392
17;2025-12-25;22;681
17;2025-12-25;23;369
17;2025-12-26;0;133
17;2025-12-26;1;14
17;2025-12-26;2;0
17;2025-12-26;3;0
17;2025-12-26;4;25
17;2025-12-26;5;302
17;2025-12-26;6;1531
17;2025-12-26;7;4291
17;2025-12-26;8;5366
17;2025-12-26;9;3917
17;2025-12-26;10;3098
17;2025-12-26;11;3109
17;2025-12-26;12;3139
17;2025-12-26;13;3252
17;2025-12-26;14;3370
17;2025-12-26;15;3532
17;2025-12-26;16;4028
17;2025-12-26;17;4655
17;2025-12-26;18;4321
17;2025-12-26;19;3156
17;2025-12-26;20;2252
17;2025-12-26;21;1440
17;2025-12-26;22;707
17;2025-12-26;23;424
17;2025-12-27;0;203
17;2025-12-27;1;27
17;2025-12-27;2;0
17;2025-12-27;3;0
17;2025-12-27;4;8
17;2025-12-27;5;133
17;2025-12-27;6;600
17;2025-12-27;7;1339
17;2025-12-27;8;1881
17;2025-12-27;9;2357
17;2025-12-27;10;2635
17;2025-12-27;11;3121
17;2025-12-27;12;3431
17;2025-12-27;13;3692
17;2025-12-27;14;3697
17;2025-12-27;15;3655
17;2025-12-27;16;3730
17;2025-12-27;17;3402
17;2025-12-27;18;2997
17;2025-12-27;19;2369
17;2025-12-27;20;1850
17;2025-12-27;21;1311
17;2025-12-27;22;801
17;2025-12-27;23;443
17;2025-12-28;0;177
17;2025-12-28;1;24
17;2025-12-28;2;0
17;2025-12-28;3;0
17;2025-12-28;4;3
17;2025-12-28;5;103
17;2025-12-28;6;420
17;2025-12-28;7;862
17;2025-12-28;8;1238
17;2025-12-28;9;1706
17;2025-12-28;10;2006
17;2025-12-28;11;2531
17;2025-12-28;12;2912
17;2025-12-28;13;3212
17;2025-12-28;14;3264
17;2025-12-28;15;3205
17;2025-12-28;16;3202
17;2025-12-28;17;3008
17;2025-12-28;18;2567
17;2025-12-28;19;1997
17;2025-12-28;20;1511
17;2025-12-28;21;1074
17;2025-12-28;22;659
17;2025-12-28;23;319
17;2025-12-29;0;99
17;2025-12-29;1;10
17;2025-12-29;2;0
17;2025-12-29;3;0
17;2025-12-29;4;20
17;2025-12-29;5;244
17;2025-12-29;6;1254
17;2025-12-29;7;3550
17;2025-12-29;8;4503
17;2025-12-29;9;3240
17;2025-12-29;10;2548
17;2025-12-29;11;2527
17;2025-12-29;12;2550
17;2025-12-29;13;2627
17;2025-12-29;14;2682
17;2025-12-29;15;2764
17;2025-12-29;16;3097
17;2025-12-29;17;3783
17;2025-12-29;18;3896
17;2025-12-29;19;2710
17;2025-12-29;20;1869
17;2025-12-29;21;1143
17;2025-12-29;22;545
17;2025-12-29;23;291
17;2025-12-30;0;99
17;2025-12-30;1;9
17;2025-12-30;2;0
17;2025-12-30;3;0
17;2025-12-30;4;20
17;2025-12-30;5;251
17;2025-12-30;6;1271
17;2025-12-30;7;3604
17;2025-12-30;8;4553
17;2025-12-30;9;3297
17;2025-12-30;10;2599
17;2025-12-30;11;2588
17;2025-12-30;12;2611
17;2025-12-30;13;2688
17;2025-12-30;14;2758
17;2025-12-30;15;2826
17;2025-12-30;16;3170
17;2025-12-30;17;3857
17;2025-12-30;18;3945
17;2025-12-30;19;2733
17;2025-12-30;20;1903
17;2025-12-30;21;1172
17;2025-12-30;22;571
17;2025-12-30;23;301
17;2025-12-31;0;153
17;2025-12-31;1;21
17;2025-12-31;2;0
17;2025-12-31;3;0
17;2025-12-31;4;3
17;2025-12-31;5;94
17;2025-12-31;6;378
17;2025-12-31;7;754
17;2025-12-31;8;1079
17;2025-12-31;9;1479
17;2025-12-31;10;1731
17;2025-12-31;11;2174
17;2025-12-31;12;2510
17;2025-12-31;13;2757
17;2025-12-31;14;2802
17;2025-12-31;15;2735
17;2025-12-31;16;2716
17;2025-12-31;17;2607
17;2025-12-31;18;2297
17;2025-12-31;19;1801
17;2025-12-31;20;0
17;2025-12-31;21;0
17;2025-12-31;22;0
17;2025-12-31;23;0
25;2025-11-01;0;0
25;2025-11-01;1;0
25;2025-11-01;2;0
25;2025-11-01;3;0
25;2025-11-01;4;0
25;2025-11-01;5;12
25;2025-11-01;6;215
25;2025-11-01;7;539
25;2025-11-01;8;907
25;2025-11-01;9;473
25;2025-11-01;10;371
25;2025-11-01;11;436
25;2025-11-01;12;431
25;2025-11-01;13;550
25;2025-11-01;14;500
25;2025-11-01;15;595
25;2025-11-01;16;714
25;2025-11-01;17;753
25;2025-11-01;18;738
25;2025-11-01;19;551
25;2025-11-01;20;313
25;2025-11-01;21;207
25;2025-11-01;22;87
25;2025-11-01;23;5
25;2025-11-02;0;16
25;2025-11-02;1;0
25;2025-11-02;2;0
25;2025-11-02;3;0
25;2025-11-02;4;0
25;2025-11-02;5;7
25;2025-11-02;6;83
25;2025-11-02;7;113
25;2025-11-02;8;207
25;2025-11-02;9;230
25;2025-11-02;10;237
25;2025-11-02;11;334
25;2025-11-02;12;404
25;2025-11-02;13;515
25;2025-11-02;14;573
25;2025-11-02;15;681
25;2025-11-02;16;561
25;2025-11-02;17;537
25;2025-11-02;18;454
25;2025-11-02;19;325
25;2025-11-02;20;244
25;2025-11-02;21;165
25;2025-11-02;22;96
25;2025-11-02;23;35
25;2025-11-03;0;14
25;2025-11-03;1;0
25;2025-11-03;2;0
25;2025-11-03;3;0
25;2025-11-03;4;0
25;2025-11-03;5;6
25;2025-11-03;6;81
25;2025-11-03;7;105
25;2025-11-03;8;188
25;2025-11-03;9;209
25;2025-11-03;10;210
25;2025-11-03;11;291
25;2025-11-03;12;351
25;2025-11-03;13;451
25;2025-11-03;14;500
25;2025-11-03;15;594
25;2025-11-03;16;481
25;2025-11-03;17;482
25;2025-11-03;18;434
25;2025-11-03;19;315
25;2025-11-03;20;234
25;2025-11-03;21;154
25;2025-11-03;22;91
25;2025-11-03;23;32
25;2025-11-04;0;14
25;2025-11-04;1;0
25;2025-11-04;2;0
25;2025-11-04;3;0
25;2025-11-04;4;0
25;2025-11-04;5;6
25;2025-11-04;6;78
25;2025-11-04;7;99
25;2025-11-04;8;179
25;2025-11-04;9;202
25;2025-11-04;10;204
25;2025-11-04;11;283
25;2025-11-04;12;341
25;2025-11-04;13;440
25;2025-11-04;14;489
25;2025-11-04;15;582
25;2025-11-04;16;470
25;2025-11-04;17;472
25;2025-11-04;18;423
25;2025-11-04;19;307
25;2025-11-04;20;227
25;2025-11-04;21;149
25;2025-11-04;22;87
25;2025-11-04;23;31
25;2025-11-05;0;0
25;2025-11-05;1;0
25;2025-11-05;2;0
25;2025-11-05;3;0
25;2025-11-05;4;0
25;2025-11-05;5;13
25;2025-11-05;6;234
25;2025-11-05;7;577
25;2025-11-05;8;975
25;2025-11-05;9;500
25;2025-11-05;10;393
25;2025-11-05;11;462
25;2025-11-05;12;459
25;2025-11-05;13;581
25;2025-11-05;14;522
25;2025-11-05;15;628
25;2025-11-05;16;743
25;2025-11-05;17;812
25;2025-11-05;18;829
25;2025-11-05;19;618
25;2025-11-05;20;344
25;2025-11-05;21;228
25;2025-11-05;22;96
25;2025-11-05;23;6
25;2025-11-06;0;0
25;2025-11-06;1;0
25;2025-11-06;2;0
25;2025-11-06;3;0
25;2025-11-06;4;0
25;2025-11-06;5;13
25;2025-11-06;6;217
25;2025-11-06;7;544
25;2025-11-06;8;916
25;2025-11-06;9;473
25;2025-11-06;10;373
25;2025-11-06;11;439
25;2025-11-06;12;431
25;2025-11-06;13;546
25;2025-11-06;14;498
25;2025-11-06;15;596
25;2025-11-06;16;704
25;2025-11-06;17;762
25;2025-11-06;18;779
25;2025-11-06;19;580
25;2025-11-06;20;324
25;2025-11-06;21;211
25;2025-11-06;22;89
25;2025-11-06;23;6
25;2025-11-07;0;0
25;2025-11-07;1;0
25;2025-11-07;2;0
25;2025-11-07;3;0
25;2025-11-07;4;0
25;2025-11-07;5;12
25;2025-11-07;6;213
25;2025-11-07;7;535
25;2025-11-07;8;880
25;2025-11-07;9;455
25;2025-11-07;10;362
25;2025-11-07;11;433
25;2025-11-07;12;428
25;2025-11-07;13;548
25;2025-11-07;14;504
25;2025-11-07;15;613
25;2025-11-07;16;750
25;2025-11-07;17;746
25;2025-11-07;18;674
25;2025-11-07;19;528
25;2025-11-07;20;310
25;2025-11-07;21;212
25;2025-11-07;22;93
25;2025-11-07;23;7
25;2025-11-08;0;0
25;2025-11-08;1;0
25;2025-11-08;2;0
25;2025-11-08;3;0
25;2025-11-08;4;0
25;2025-11-08;5;12
25;2025-11-08;6;101
25;2025-11-08;7;145
25;2025-11-08;8;332
25;2025-11-08;9;303
25;2025-11-08;10;301
25;2025-11-08;11;417
25;2025-11-08;12;411
25;2025-11-08;13;626
25;2025-11-08;14;654
25;2025-11-08;15;745
25;2025-11-08;16;645
25;2025-11-08;17;557
25;2025-11-08;18;546
25;2025-11-08;19;445
25;2025-11-08;20;270
25;2025-11-08;21;204
25;2025-11-08;22;122
25;2025-11-08;23;51
25;2025-11-09;0;18
25;2025-11-09;1;0
25;2025-11-09;2;0
25;2025-11-09;3;0
25;2025-11-09;4;0
25;2025-11-09;5;7
25;2025-11-09;6;82
25;2025-11-09;7;112
25;2025-11-09;8;205
25;2025-11-09;9;229
25;2025-11-09;10;236
25;2025-11-09;11;330
25;2025-11-09;12;399
25;2025-11-09;13;514
25;2025-11-09;14;571
25;2025-11-09;15;681
25;2025-11-09;16;557
25;2025-11-09;17;534
25;2025-11-09;18;454
25;2025-11-09;19;324
25;2025-11-09;20;244
25;2025-11-09;21;166
25;2025-11-09;22;98
25;2025-11-09;23;36
25;2025-11-10;0;0
25;2025-11-10;1;0
25;2025-11-10;2;0
25;2025-11-10;3;0
25;2025-11-10;4;0
25;2025-11-10;5;13
25;2025-11-10;6;222
25;2025-11-10;7;569
25;2025-11-10;8;964
25;2025-11-10;9;491
25;2025-11-10;10;381
25;2025-11-10;11;442
25;2025-11-10;12;438
25;2025-11-10;13;563
25;2025-11-10;14;508
25;2025-11-10;15;609
25;2025-11-10;16;722
25;2025-11-10;17;792
25;2025-11-10;18;806
25;2025-11-10;19;596
25;2025-11-10;20;337
25;2025-11-10;21;216
25;2025-11-10;22;93
25;2025-11-10;23;5
25;2025-11-11;0;0
25;2025-11-11;1;0
25;2025-11-11;2;0
25;2025-11-11;3;0
25;2025-11-11;4;0
25;2025-11-11;5;12
25;2025-11-11;6;221
25;2025-11-11;7;567
25;2025-11-11;8;968
25;2025-11-11;9;491
25;2025-11-11;10;387
25;2025-11-11;11;449
25;2025-11-11;12;446
25;2025-11-11;13;564
25;2025-11-11;14;513
25;2025-11-11;15;613
25;2025-11-11;16;732
25;2025-11-11;17;796
25;2025-11-11;18;813
25;2025-11-11;19;597
25;2025-11-11;20;337
25;2025-11-11;21;218
25;2025-11-11;22;93
25;2025-11-11;23;6
25;2025-11-12;0;0
25;2025-11-12;1;0
25;2025-11-12;2;0
25;2025-11-12;3;0
25;2025-11-12;4;0
25;2025-11-12;5;14
25;2025-11-12;6;229
25;2025-11-12;7;575
25;2025-11-12;8;973
25;2025-11-12;9;501
25;2025-11-12;10;393
25;2025-11-12;11;458
25;2025-11-12;12;455
25;2025-11-12;13;576
25;2025-11-12;14;519
25;2025-11-12;15;623
25;2025-11-12;16;743
25;2025-11-12;17;813
25;2025-11-12;18;821
25;2025-11-12;19;609
25;2025-11-12;20;343
25;2025-11-12;21;223
25;2025-11-12;22;96
25;2025-11-12;23;6
25;2025-11-13;0;0
25;2025-11-13;1;0
25;2025-11-13;2;0
25;2025-11-13;3;0
25;2025-11-13;4;0
25;2025-11-13;5;13
25;2025-11-13;6;219
25;2025-11-13;7;556
25;2025-11-13;8;944
25;2025-11-13;9;484
25;2025-11-13;10;383
25;2025-11-13;11;446
25;2025-11-13;12;441
25;2025-11-13;13;560
25;2025-11-13;14;513
25;2025-11-13;15;612
25;2025-11-13;16;724
25;2025-11-13;17;784
25;2025-11-13;18;799
25;2025-11-13;19;590
25;2025-11-13;20;332
25;2025-11-13;21;216
25;2025-11-13;22;92
25;2025-11-13;23;6
25;2025-11-14;0;0
25;2025-11-14;1;0
25;2025-11-14;2;0
25;2025-11-14;3;0
25;2025-11-14;4;0
25;2025-11-14;5;13
25;2025-11-14;6;213
25;2025-11-14;7;543
25;2025-11-14;8;899
25;2025-11-14;9;466
25;2025-11-14;10;369
25;2025-11-14;11;440
25;2025-11-14;12;437
25;2025-11-14;13;557
25;2025-11-14;14;511
25;2025-11-14;15;622
25;2025-11-14;16;757
25;2025-11-14;17;758
25;2025-11-14;18;687
25;2025-11-14;19;535
25;2025-11-14;20;316
25;2025-11-14;21;213
25;2025-11-14;22;94
25;2025-11-14;23;7
25;2025-11-15;0;0
25;2025-11-15;1;0
25;2025-11-15;2;0
25;2025-11-15;3;0
25;2025-11-15;4;0
25;2025-11-15;5;11
25;2025-11-15;6;94
25;2025-11-15;7;138
25;2025-11-15;8;314
25;2025-11-15;9;290
25;2025-11-15;10;284
25;2025-11-15;11;392
25;2025-11-15;12;385
25;2025-11-15;13;585
25;2025-11-15;14;612
25;2025-11-15;15;699
25;2025-11-15;16;606
25;2025-11-15;17;524
25;2025-11-15;18;516
25;2025-11-15;19;420
25;2025-11-15;20;253
25;2025-11-15;21;193
25;2025-11-15;22;116
25;2025-11-15;23;49
25;2025-11-16;0;16
25;2025-11-16;1;0
25;2025-11-16;2;0
25;2025-11-16;3;0
25;2025-11-16;4;0
25;2025-11-16;5;6
25;2025-11-16;6;82
25;2025-11-16;7;113
25;2025-11-16;8;202
25;2025-11-16;9;230
25;2025-11-16;10;240
25;2025-11-16;11;335
25;2025-11-16;12;405
25;2025-11-16;13;516
25;2025-11-16;14;574
25;2025-11-16;15;676
25;2025-11-16;16;557
25;2025-11-16;17;532
25;2025-11-16;18;456
25;2025-11-16;19;328
25;2025-11-16;20;245
25;2025-11-16;21;169
25;2025-11-16;22;99
25;2025-11-16;23;37
25;2025-11-17;0;0
25;2025-11-17;1;0
25;2025-11-17;2;0
25;2025-11-17;3;0
25;2025-11-17;4;0
25;2025-11-17;5;12
25;2025-11-17;6;212
25;2025-11-17;7;559
25;2025-11-17;8;940
25;2025-11-17;9;480
25;2025-11-17;10;376
25;2025-11-17;11;429
25;2025-11-17;12;427
25;2025-11-17;13;543
25;2025-11-17;14;490
25;2025-11-17;15;580
25;2025-11-17;16;698
25;2025-11-17;17;767
25;2025-11-17;18;786
25;2025-11-17;19;569
25;2025-11-17;20;325
25;2025-11-17;21;209
25;2025-11-17;22;90
25;2025-11-17;23;6
25;2025-11-18;0;0
25;2025-11-18;1;0
25;2025-11-18;2;0
25;2025-11-18;3;0
25;2025-11-18;4;0
25;2025-11-18;5;13
25;2025-11-18;6;213
25;2025-11-18;7;534
25;2025-11-18;8;908
25;2025-11-18;9;463
25;2025-11-18;10;368
25;2025-11-18;11;423
25;2025-11-18;12;418
25;2025-11-18;13;528
25;2025-11-18;14;479
25;2025-11-18;15;573
25;2025-11-18;16;679
25;2025-11-18;17;747
25;2025-11-18;18;767
25;2025-11-18;19;564
25;2025-11-18;20;319
25;2025-11-18;21;205
25;2025-11-18;22;87
25;2025-11-18;23;5
25;2025-11-19;0;0
25;2025-11-19;1;0
25;2025-11-19;2;0
25;2025-11-19;3;0
25;2025-11-19;4;0
25;2025-11-19;5;13
25;2025-11-19;6;230
25;2025-11-19;7;589
25;2025-11-19;8;990
25;2025-11-19;9;512
25;2025-11-19;10;400
25;2025-11-19;11;467
25;2025-11-19;12;465
25;2025-11-19;13;585
25;2025-11-19;14;530
25;2025-11-19;15;631
25;2025-11-19;16;758
25;2025-11-19;17;829
25;2025-11-19;18;842
25;2025-11-19;19;612
25;2025-11-19;20;348
25;2025-11-19;21;226
25;2025-11-19;22;99
25;2025-11-19;23;6
25;2025-11-20;0;0
25;2025-11-20;1;0
25;2025-11-20;2;0
25;2025-11-20;3;0
25;2025-11-20;4;0
25;2025-11-20;5;13
25;2025-11-20;6;215
25;2025-11-20;7;566
25;2025-11-20;8;950
25;2025-11-20;9;490
25;2025-11-20;10;384
25;2025-11-20;11;449
25;2025-11-20;12;446
25;2025-11-20;13;561
25;2025-11-20;14;514
25;2025-11-20;15;608
25;2025-11-20;16;729
25;2025-11-20;17;790
25;2025-11-20;18;806
25;2025-11-20;19;582
25;2025-11-20;20;332
25;2025-11-20;21;216
25;2025-11-20;22;94
25;2025-11-20;23;7
25;2025-11-21;0;0
25;2025-11-21;1;0
25;2025-11-21;2;0
25;2025-11-21;3;0
25;2025-11-21;4;0
25;2025-11-21;5;12
25;2025-11-21;6;209
25;2025-11-21;7;549
25;2025-11-21;8;902
25;2025-11-21;9;470
25;2025-11-21;10;369
25;2025-11-21;11;440
25;2025-11-21;12;437
25;2025-11-21;13;556
25;2025-11-21;14;511
25;2025-11-21;15;618
25;2025-11-21;16;760
25;2025-11-21;17;761
25;2025-11-21;18;692
25;2025-11-21;19;528
25;2025-11-21;20;312
25;2025-11-21;21;212
25;2025-11-21;22;94
25;2025-11-21;23;8
25;2025-11-22;0;0
25;2025-11-22;1;0
25;2025-11-22;2;0
25;2025-11-22;3;0
25;2025-11-22;4;0
25;2025-11-22;5;11
25;2025-11-22;6;95
25;2025-11-22;7;141
25;2025-11-22;8;320
25;2025-11-22;9;297
25;2025-11-22;10;294
25;2025-11-22;11;405
25;2025-11-22;12;400
25;2025-11-22;13;604
25;2025-11-22;14;631
25;2025-11-22;15;721
25;2025-11-22;16;625
25;2025-11-22;17;539
25;2025-11-22;18;527
25;2025-11-22;19;426
25;2025-11-22;20;259
25;2025-11-22;21;196
25;2025-11-22;22;118
25;2025-11-22;23;49
25;2025-11-23;0;16
25;2025-11-23;1;0
25;2025-11-23;2;0
25;2025-11-23;3;0
25;2025-11-23;4;0
25;2025-11-23;5;6
25;2025-11-23;6;81
25;2025-11-23;7;112
25;2025-11-23;8;204
25;2025-11-23;9;230
25;2025-11-23;10;242
25;2025-11-23;11;332
25;2025-11-23;12;402
25;2025-11-23;13;514
25;2025-11-23;14;572
25;2025-11-23;15;678
25;2025-11-23;16;556
25;2025-11-23;17;530
25;2025-11-23;18;453
25;2025-11-23;19;324
25;2025-11-23;20;240
25;2025-11-23;21;165
25;2025-11-23;22;98
25;2025-11-23;23;36
25;2025-11-24;0;0
25;2025-11-24;1;0
25;2025-11-24;2;0
25;2025-11-24;3;0
25;2025-11-24;4;0
25;2025-11-24;5;12
25;2025-11-24;6;206
25;2025-11-24;7;539
25;2025-11-24;8;909
25;2025-11-24;9;465
25;2025-11-24;10;363
25;2025-11-24;11;418
25;2025-11-24;12;413
25;2025-11-24;13;527
25;2025-11-24;14;475
25;2025-11-24;15;567
25;2025-11-24;16;675
25;2025-11-24;17;745
25;2025-11-24;18;762
25;2025-11-24;19;558
25;2025-11-24;20;317
25;2025-11-24;21;204
25;2025-11-24;22;85
25;2025-11-24;23;5
25;2025-11-25;0;0
25;2025-11-25;1;0
25;2025-11-25;2;0
25;2025-11-25;3;0
25;2025-11-25;4;0
25;2025-11-25;5;12
25;2025-11-25;6;218
25;2025-11-25;7;574
25;2025-11-25;8;971
25;2025-11-25;9;494
25;2025-11-25;10;388
25;2025-11-25;11;450
25;2025-11-25;12;447
25;2025-11-25;13;561
25;2025-11-25;14;515
25;2025-11-25;15;609
25;2025-11-25;16;734
25;2025-11-25;17;800
25;2025-11-25;18;816
25;2025-11-25;19;587
25;2025-11-25;20;335
25;2025-11-25;21;216
25;2025-11-25;22;93
25;2025-11-25;23;6
25;2025-11-26;0;0
25;2025-11-26;1;0
25;2025-11-26;2;0
25;2025-11-26;3;0
25;2025-11-26;4;0
25;2025-11-26;5;12
25;2025-11-26;6;218
25;2025-11-26;7;561
25;2025-11-26;8;952
25;2025-11-26;9;487
25;2025-11-26;10;384
25;2025-11-26;11;444
25;2025-11-26;12;442
25;2025-11-26;13;559
25;2025-11-26;14;506
25;2025-11-26;15;603
25;2025-11-26;16;723
25;2025-11-26;17;788
25;2025-11-26;18;799
25;2025-11-26;19;583
25;2025-11-26;20;330
25;2025-11-26;21;215
25;2025-11-26;22;93
25;2025-11-26;23;6
25;2025-11-27;0;0
25;2025-11-27;1;0
25;2025-11-27;2;0
25;2025-11-27;3;0
25;2025-11-27;4;0
25;2025-11-27;5;13
25;2025-11-27;6;211
25;2025-11-27;7;538
25;2025-11-27;8;914
25;2025-11-27;9;469
25;2025-11-27;10;370
25;2025-11-27;11;435
25;2025-11-27;12;425
25;2025-11-27;13;540
25;2025-11-27;14;492
25;2025-11-27;15;585
25;2025-11-27;16;693
25;2025-11-27;17;753
25;2025-11-27;18;766
25;2025-11-27;19;562
25;2025-11-27;20;317
25;2025-11-27;21;206
25;2025-11-27;22;87
25;2025-11-27;23;5
25;2025-11-28;0;0
25;2025-11-28;1;0
25;2025-11-28;2;0
25;2025-11-28;3;0
25;2025-11-28;4;0
25;2025-11-28;5;13
25;2025-11-28;6;206
25;2025-11-28;7;533
25;2025-11-28;8;883
25;2025-11-28;9;459
25;2025-11-28;10;361
25;2025-11-28;11;429
25;2025-11-28;12;427
25;2025-11-28;13;545
25;2025-11-28;14;500
25;2025-11-28;15;607
25;2025-11-28;16;742
25;2025-11-28;17;742
25;2025-11-28;18;671
25;2025-11-28;19;518
25;2025-11-28;20;307
25;2025-11-28;21;208
25;2025-11-28;22;92
25;2025-11-28;23;6
25;2025-11-29;0;0
25;2025-11-29;1;0
25;2025-11-29;2;0
25;2025-11-29;3;0
25;2025-11-29;4;0
25;2025-11-29;5;12
25;2025-11-29;6;100
25;2025-11-29;7;147
25;2025-11-29;8;337
25;2025-11-29;9;311
25;2025-11-29;10;308
25;2025-11-29;11;427
25;2025-11-29;12;420
25;2025-11-29;13;633
25;2025-11-29;14;660
25;2025-11-29;15;754
25;2025-11-29;16;654
25;2025-11-29;17;562
25;2025-11-29;18;550
25;2025-11-29;19;443
25;2025-11-29;20;269
25;2025-11-29;21;205
25;2025-11-29;22;124
25;2025-11-29;23;52
25;2025-11-30;0;17
25;2025-11-30;1;0
25;2025-11-30;2;0
25;2025-11-30;3;0
25;2025-11-30;4;0
25;2025-11-30;5;6
25;2025-11-30;6;81
25;2025-11-30;7;112
25;2025-11-30;8;205
25;2025-11-30;9;229
25;2025-11-30;10;240
25;2025-11-30;11;333
25;2025-11-30;12;402
25;2025-11-30;13;513
25;2025-11-30;14;574
25;2025-11-30;15;679
25;2025-11-30;16;557
25;2025-11-30;17;530
25;2025-11-30;18;450
25;2025-11-30;19;320
25;2025-11-30;20;241
25;2025-11-30;21;166
25;2025-11-30;22;97
25;2025-11-30;23;36
25;2025-12-01;0;0
25;2025-12-01;1;0
25;2025-12-01;2;0
25;2025-12-01;3;0
25;2025-12-01;4;0
25;2025-12-01;5;13
25;2025-12-01;6;221
25;2025-12-01;7;585
25;2025-12-01;8;987
25;2025-12-01;9;505
25;2025-12-01;10;390
25;2025-12-01;11;453
25;2025-12-01;12;450
25;2025-12-01;13;575
25;2025-12-01;14;522
25;2025-12-01;15;617
25;2025-12-01;16;739
25;2025-12-01;17;810
25;2025-12-01;18;822
25;2025-12-01;19;595
25;2025-12-01;20;339
25;2025-12-01;21;220
25;2025-12-01;22;94
25;2025-12-01;23;6
25;2025-12-02;0;0
25;2025-12-02;1;0
25;2025-12-02;2;0
25;2025-12-02;3;0
25;2025-12-02;4;0
25;2025-12-02;5;13
25;2025-12-02;6;222
25;2025-12-02;7;583
25;2025-12-02;8;992
25;2025-12-02;9;504
25;2025-12-02;10;396
25;2025-12-02;11;460
25;2025-12-02;12;457
25;2025-12-02;13;572
25;2025-12-02;14;528
25;2025-12-02;15;622
25;2025-12-02;16;749
25;2025-12-02;17;816
25;2025-12-02;18;832
25;2025-12-02;19;595
25;2025-12-02;20;341
25;2025-12-02;21;221
25;2025-12-02;22;95
25;2025-12-02;23;6
25;2025-12-03;0;0
25;2025-12-03;1;0
25;2025-12-03;2;0
25;2025-12-03;3;0
25;2025-12-03;4;0
25;2025-12-03;5;13
25;2025-12-03;6;232
25;2025-12-03;7;602
25;2025-12-03;8;1013
25;2025-12-03;9;522
25;2025-12-03;10;410
25;2025-12-03;11;480
25;2025-12-03;12;477
25;2025-12-03;13;601
25;2025-12-03;14;545
25;2025-12-03;15;648
25;2025-12-03;16;777
25;2025-12-03;17;850
25;2025-12-03;18;854
25;2025-12-03;19;618
25;2025-12-03;20;353
25;2025-12-03;21;233
25;2025-12-03;22;100
25;2025-12-03;23;7
25;2025-12-04;0;0
25;2025-12-04;1;0
25;2025-12-04;2;0
25;2025-12-04;3;0
25;2025-12-04;4;0
25;2025-12-04;5;14
25;2025-12-04;6;219
25;2025-12-04;7;574
25;2025-12-04;8;970
25;2025-12-04;9;498
25;2025-12-04;10;394
25;2025-12-04;11;462
25;2025-12-04;12;456
25;2025-12-04;13;577
25;2025-12-04;14;529
25;2025-12-04;15;627
25;2025-12-04;16;747
25;2025-12-04;17;806
25;2025-12-04;18;817
25;2025-12-04;19;595
25;2025-12-04;20;336
25;2025-12-04;21;221
25;2025-12-04;22;97
25;2025-12-04;23;7
25;2025-12-05;0;0
25;2025-12-05;1;0
25;2025-12-05;2;0
25;2025-12-05;3;0
25;2025-12-05;4;0
25;2025-12-05;5;12
25;2025-12-05;6;213
25;2025-12-05;7;563
25;2025-12-05;8;932
25;2025-12-05;9;484
25;2025-12-05;10;382
25;2025-12-05;11;458
25;2025-12-05;12;453
25;2025-12-05;13;577
25;2025-12-05;14;531
25;2025-12-05;15;640
25;2025-12-05;16;787
25;2025-12-05;17;785
25;2025-12-05;18;710
25;2025-12-05;19;543
25;2025-12-05;20;322
25;2025-12-05;21;220
25;2025-12-05;22;97
25;2025-12-05;23;8
25;2025-12-06;0;0
25;2025-12-06;1;0
25;2025-12-06;2;0
25;2025-12-06;3;0
25;2025-12-06;4;0
25;2025-12-06;5;13
25;2025-12-06;6;101
25;2025-12-06;7;149
25;2025-12-06;8;343
25;2025-12-06;9;316
25;2025-12-06;10;316
25;2025-12-06;11;435
25;2025-12-06;12;429
25;2025-12-06;13;646
25;2025-12-06;14;672
25;2025-12-06;15;767
25;2025-12-06;16;667
25;2025-12-06;17;573
25;2025-12-06;18;558
25;2025-12-06;19;450
25;2025-12-06;20;275
25;2025-12-06;21;209
25;2025-12-06;22;126
25;2025-12-06;23;52
25;2025-12-07;0;17
25;2025-12-07;1;0
25;2025-12-07;2;0
25;2025-12-07;3;0
25;2025-12-07;4;0
25;2025-12-07;5;7
25;2025-12-07;6;82
25;2025-12-07;7;116
25;2025-12-07;8;210
25;2025-12-07;9;235
25;2025-12-07;10;245
25;2025-12-07;11;341
25;2025-12-07;12;412
25;2025-12-07;13;524
25;2025-12-07;14;588
25;2025-12-07;15;693
25;2025-12-07;16;571
25;2025-12-07;17;542
25;2025-12-07;18;463
25;2025-12-07;19;329
25;2025-12-07;20;246
25;2025-12-07;21;169
25;2025-12-07;22;100
25;2025-12-07;23;37
25;2025-12-08;0;0
25;2025-12-08;1;0
25;2025-12-08;2;0
25;2025-12-08;3;0
25;2025-12-08;4;0
25;2025-12-08;5;13
25;2025-12-08;6;220
25;2025-12-08;7;585
25;2025-12-08;8;986
25;2025-12-08;9;506
25;2025-12-08;10;393
25;2025-12-08;11;454
25;2025-12-08;12;452
25;2025-12-08;13;575
25;2025-12-08;14;523
25;2025-12-08;15;617
25;2025-12-08;16;738
25;2025-12-08;17;811
25;2025-12-08;18;824
25;2025-12-08;19;593
25;2025-12-08;20;339
25;2025-12-08;21;221
25;2025-12-08;22;94
25;2025-12-08;23;6
25;2025-12-09;0;0
25;2025-12-09;1;0
25;2025-12-09;2;0
25;2025-12-09;3;0
25;2025-12-09;4;0
25;2025-12-09;5;13
25;2025-12-09;6;218
25;2025-12-09;7;580
25;2025-12-09;8;986
25;2025-12-09;9;502
25;2025-12-09;10;394
25;2025-12-09;11;458
25;2025-12-09;12;455
25;2025-12-09;13;570
25;2025-12-09;14;525
25;2025-12-09;15;616
25;2025-12-09;16;744
25;2025-12-09;17;808
25;2025-12-09;18;826
25;2025-12-09;19;588
25;2025-12-09;20;336
25;2025-12-09;21;219
25;2025-12-09;22;94
25;2025-12-09;23;6
25;2025-12-10;0;0
25;2025-12-10;1;0
25;2025-12-10;2;0
25;2025-12-10;3;0
25;2025-12-10;4;0
25;2025-12-10;5;12
25;2025-12-10;6;223
25;2025-12-10;7;586
25;2025-12-10;8;992
25;2025-12-10;9;510
25;2025-12-10;10;402
25;2025-12-10;11;468
25;2025-12-10;12;464
25;2025-12-10;13;588
25;2025-12-10;14;531
25;2025-12-10;15;628
25;2025-12-10;16;756
25;2025-12-10;17;824
25;2025-12-10;18;835
25;2025-12-10;19;600
25;2025-12-10;20;343
25;2025-12-10;21;226
25;2025-12-10;22;98
25;2025-12-10;23;7
25;2025-12-11;0;0
25;2025-12-11;1;0
25;2025-12-11;2;0
25;2025-12-11;3;0
25;2025-12-11;4;0
25;2025-12-11;5;13
25;2025-12-11;6;210
25;2025-12-11;7;552
25;2025-12-11;8;935
25;2025-12-11;9;481
25;2025-12-11;10;381
25;2025-12-11;11;444
25;2025-12-11;12;438
25;2025-12-11;13;555
25;2025-12-11;14;507
25;2025-12-11;15;603
25;2025-12-11;16;716
25;2025-12-11;17;775
25;2025-12-11;18;785
25;2025-12-11;19;571
25;2025-12-11;20;325
25;2025-12-11;21;211
25;2025-12-11;22;91
25;2025-12-11;23;6
25;2025-12-12;0;0
25;2025-12-12;1;0
25;2025-12-12;2;0
25;2025-12-12;3;0
25;2025-12-12;4;0
25;2025-12-12;5;12
25;2025-12-12;6;206
25;2025-12-12;7;544
25;2025-12-12;8;900
25;2025-12-12;9;470
25;2025-12-12;10;371
25;2025-12-12;11;443
25;2025-12-12;12;438
25;2025-12-12;13;556
25;2025-12-12;14;510
25;2025-12-12;15;616
25;2025-12-12;16;752
25;2025-12-12;17;753
25;2025-12-12;18;677
25;2025-12-12;19;521
25;2025-12-12;20;311
25;2025-12-12;21;211
25;2025-12-12;22;94
25;2025-12-12;23;7
25;2025-12-13;0;0
25;2025-12-13;1;0
25;2025-12-13;2;0
25;2025-12-13;3;0
25;2025-12-13;4;0
25;2025-12-13;5;12
25;2025-12-13;6;98
25;2025-12-13;7;147
25;2025-12-13;8;336
25;2025-12-13;9;315
25;2025-12-13;10;313
25;2025-12-13;11;431
25;2025-12-13;12;423
25;2025-12-13;13;616
25;2025-12-13;14;534
25;2025-12-13;15;752
25;2025-12-13;16;655
25;2025-12-13;17;563
25;2025-12-13;18;549
25;2025-12-13;19;440
25;2025-12-13;20;268
25;2025-12-13;21;204
25;2025-12-13;22;124
25;2025-12-13;23;51
25;2025-12-14;0;17
25;2025-12-14;1;0
25;2025-12-14;2;0
25;2025-12-14;3;0
25;2025-12-14;4;0
25;2025-12-14;5;7
25;2025-12-14;6;81
25;2025-12-14;7;115
25;2025-12-14;8;208
25;2025-12-14;9;234
25;2025-12-14;10;242
25;2025-12-14;11;337
25;2025-12-14;12;407
25;2025-12-14;13;519
25;2025-12-14;14;578
25;2025-12-14;15;679
25;2025-12-14;16;563
25;2025-12-14;17;535
25;2025-12-14;18;457
25;2025-12-14;19;324
25;2025-12-14;20;243
25;2025-12-14;21;167
25;2025-12-14;22;99
25;2025-12-14;23;37
25;2025-12-15;0;0
25;2025-12-15;1;0
25;2025-12-15;2;0
25;2025-12-15;3;0
25;2025-12-15;4;0
25;2025-12-15;5;12
25;2025-12-15;6;219
25;2025-12-15;7;580
25;2025-12-15;8;981
25;2025-12-15;9;509
25;2025-12-15;10;396
25;2025-12-15;11;459
25;2025-12-15;12;452
25;2025-12-15;13;579
25;2025-12-15;14;521
25;2025-12-15;15;615
25;2025-12-15;16;739
25;2025-12-15;17;805
25;2025-12-15;18;820
25;2025-12-15;19;591
25;2025-12-15;20;340
25;2025-12-15;21;219
25;2025-12-15;22;93
25;2025-12-15;23;7
25;2025-12-16;0;0
25;2025-12-16;1;0
25;2025-12-16;2;0
25;2025-12-16;3;0
25;2025-12-16;4;0
25;2025-12-16;5;12
25;2025-12-16;6;215
25;2025-12-16;7;578
25;2025-12-16;8;982
25;2025-12-16;9;499
25;2025-12-16;10;397
25;2025-12-16;11;455
25;2025-12-16;12;452
25;2025-12-16;13;567
25;2025-12-16;14;520
25;2025-12-16;15;609
25;2025-12-16;16;737
25;2025-12-16;17;800
25;2025-12-16;18;819
25;2025-12-16;19;581
25;2025-12-16;20;335
25;2025-12-16;21;217
25;2025-12-16;22;95
25;2025-12-16;23;6
25;2025-12-17;0;0
25;2025-12-17;1;0
25;2025-12-17;2;0
25;2025-12-17;3;0
25;2025-12-17;4;0
25;2025-12-17;5;13
25;2025-12-17;6;230
25;2025-12-17;7;599
25;2025-12-17;8;1011
25;2025-12-17;9;521
25;2025-12-17;10;411
25;2025-12-17;11;480
25;2025-12-17;12;477
25;2025-12-17;13;603
25;2025-12-17;14;545
25;2025-12-17;15;647
25;2025-12-17;16;777
25;2025-12-17;17;847
25;2025-12-17;18;850
25;2025-12-17;19;620
25;2025-12-17;20;351
25;2025-12-17;21;231
25;2025-12-17;22;101
25;2025-12-17;23;7
25;2025-12-18;0;0
25;2025-12-18;1;0
25;2025-12-18;2;0
25;2025-12-18;3;0
25;2025-12-18;4;0
25;2025-12-18;5;13
25;2025-12-18;6;217
25;2025-12-18;7;576
25;2025-12-18;8;972
25;2025-12-18;9;501
25;2025-12-18;10;395
25;2025-12-18;11;461
25;2025-12-18;12;455
25;2025-12-18;13;573
25;2025-12-18;14;530
25;2025-12-18;15;623
25;2025-12-18;16;747
25;2025-12-18;17;809
25;2025-12-18;18;818
25;2025-12-18;19;587
25;2025-12-18;20;335
25;2025-12-18;21;220
25;2025-12-18;22;97
25;2025-12-18;23;7
25;2025-12-19;0;0
25;2025-12-19;1;0
25;2025-12-19;2;0
25;2025-12-19;3;0
25;2025-12-19;4;0
25;2025-12-19;5;12
25;2025-12-19;6;211
25;2025-12-19;7;564
25;2025-12-19;8;930
25;2025-12-19;9;485
25;2025-12-19;10;382
25;2025-12-19;11;456
25;2025-12-19;12;451
25;2025-12-19;13;571
25;2025-12-19;14;529
25;2025-12-19;15;636
25;2025-12-19;16;784
25;2025-12-19;17;784
25;2025-12-19;18;710
25;2025-12-19;19;535
25;2025-12-19;20;319
25;2025-12-19;21;217
25;2025-12-19;22;98
25;2025-12-19;23;8
25;2025-12-20;0;0
25;2025-12-20;1;0
25;2025-12-20;2;0
25;2025-12-20;3;0
25;2025-12-20;4;0
25;2025-12-20;5;13
25;2025-12-20;6;100
25;2025-12-20;7;150
25;2025-12-20;8;343
25;2025-12-20;9;319
25;2025-12-20;10;315
25;2025-12-20;11;437
25;2025-12-20;12;430
25;2025-12-20;13;645
25;2025-12-20;14;672
25;2025-12-20;15;766
25;2025-12-20;16;666
25;2025-12-20;17;573
25;2025-12-20;18;558
25;2025-12-20;19;449
25;2025-12-20;20;273
25;2025-12-20;21;208
25;2025-12-20;22;125
25;2025-12-20;23;52
25;2025-12-21;0;17
25;2025-12-21;1;0
25;2025-12-21;2;0
25;2025-12-21;3;0
25;2025-12-21;4;0
25;2025-12-21;5;7
25;2025-12-21;6;82
25;2025-12-21;7;113
25;2025-12-21;8;207
25;2025-12-21;9;231
25;2025-12-21;10;241
25;2025-12-21;11;337
25;2025-12-21;12;407
25;2025-12-21;13;518
25;2025-12-21;14;581
25;2025-12-21;15;684
25;2025-12-21;16;564
25;2025-12-21;17;536
25;2025-12-21;18;456
25;2025-12-21;19;324
25;2025-12-21;20;242
25;2025-12-21;21;166
25;2025-12-21;22;98
25;2025-12-21;23;36
25;2025-12-22;0;0
25;2025-12-22;1;0
25;2025-12-22;2;0
25;2025-12-22;3;0
25;2025-12-22;4;0
25;2025-12-22;5;13
25;2025-12-22;6;214
25;2025-12-22;7;570
25;2025-12-22;8;962
25;2025-12-22;9;496
25;2025-12-22;10;384
25;2025-12-22;11;442
25;2025-12-22;12;440
25;2025-12-22;13;565
25;2025-12-22;14;509
25;2025-12-22;15;601
25;2025-12-22;16;721
25;2025-12-22;17;788
25;2025-12-22;18;800
25;2025-12-22;19;574
25;2025-12-22;20;328
25;2025-12-22;21;214
25;2025-12-22;22;92
25;2025-12-22;23;6
25;2025-12-23;0;0
25;2025-12-23;1;0
25;2025-12-23;2;0
25;2025-12-23;3;0
25;2025-12-23;4;0
25;2025-12-23;5;12
25;2025-12-23;6;220
25;2025-12-23;7;580
25;2025-12-23;8;987
25;2025-12-23;9;511
25;2025-12-23;10;400
25;2025-12-23;11;467
25;2025-12-23;12;458
25;2025-12-23;13;580
25;2025-12-23;14;526
25;2025-12-23;15;619
25;2025-12-23;16;752
25;2025-12-23;17;812
25;2025-12-23;18;827
25;2025-12-23;19;588
25;2025-12-23;20;337
25;2025-12-23;21;219
25;2025-12-23;22;95
25;2025-12-23;23;7
25;2025-12-24;0;0
25;2025-12-24;1;0
25;2025-12-24;2;0
25;2025-12-24;3;0
25;2025-12-24;4;0
25;2025-12-24;5;13
25;2025-12-24;6;225
25;2025-12-24;7;593
25;2025-12-24;8;1000
25;2025-12-24;9;526
25;2025-12-24;10;414
25;2025-12-24;11;485
25;2025-12-24;12;478
25;2025-12-24;13;604
25;2025-12-24;14;540
25;2025-12-24;15;637
25;2025-12-24;16;770
25;2025-12-24;17;837
25;2025-12-24;18;843
25;2025-12-24;19;606
25;2025-12-24;20;352
25;2025-12-24;21;230
25;2025-12-24;22;100
25;2025-12-24;23;7
25;2025-12-25;0;0
25;2025-12-25;1;0
25;2025-12-25;2;0
25;2025-12-25;3;0
25;2025-12-25;4;0
25;2025-12-25;5;13
25;2025-12-25;6;209
25;2025-12-25;7;559
25;2025-12-25;8;941
25;2025-12-25;9;487
25;2025-12-25;10;384
25;2025-12-25;11;448
25;2025-12-25;12;442
25;2025-12-25;13;559
25;2025-12-25;14;512
25;2025-12-25;15;601
25;2025-12-25;16;722
25;2025-12-25;17;778
25;2025-12-25;18;789
25;2025-12-25;19;559
25;2025-12-25;20;321
25;2025-12-25;21;210
25;2025-12-25;22;92
25;2025-12-25;23;6
25;2025-12-26;0;0
25;2025-12-26;1;0
25;2025-12-26;2;0
25;2025-12-26;3;0
25;2025-12-26;4;0
25;2025-12-26;5;12
25;2025-12-26;6;200
25;2025-12-26;7;529
25;2025-12-26;8;878
25;2025-12-26;9;458
25;2025-12-26;10;362
25;2025-12-26;11;430
25;2025-12-26;12;425
25;2025-12-26;13;542
25;2025-12-26;14;497
25;2025-12-26;15;598
25;2025-12-26;16;735
25;2025-12-26;17;738
25;2025-12-26;18;663
25;2025-12-26;19;504
25;2025-12-26;20;300
25;2025-12-26;21;205
25;2025-12-26;22;90
25;2025-12-26;23;7
25;2025-12-27;0;0
25;2025-12-27;1;0
25;2025-12-27;2;0
25;2025-12-27;3;0
25;2025-12-27;4;0
25;2025-12-27;5;12
25;2025-12-27;6;98
25;2025-12-27;7;146
25;2025-12-27;8;336
25;2025-12-27;9;313
25;2025-12-27;10;310
25;2025-12-27;11;428
25;2025-12-27;12;425
25;2025-12-27;13;634
25;2025-12-27;14;659
25;2025-12-27;15;752
25;2025-12-27;16;655
25;2025-12-27;17;562
25;2025-12-27;18;547
25;2025-12-27;19;440
25;2025-12-27;20;269
25;2025-12-27;21;205
25;2025-12-27;22;123
25;2025-12-27;23;51
25;2025-12-28;0;16
25;2025-12-28;1;0
25;2025-12-28;2;0
25;2025-12-28;3;0
25;2025-12-28;4;0
25;2025-12-28;5;7
25;2025-12-28;6;79
25;2025-12-28;7;111
25;2025-12-28;8;200
25;2025-12-28;9;225
25;2025-12-28;10;235
25;2025-12-28;11;327
25;2025-12-28;12;395
25;2025-12-28;13;504
25;2025-12-28;14;566
25;2025-12-28;15;665
25;2025-12-28;16;550
25;2025-12-28;17;522
25;2025-12-28;18;446
25;2025-12-28;19;318
25;2025-12-28;20;237
25;2025-12-28;21;163
25;2025-12-28;22;96
25;2025-12-28;23;36
25;2025-12-29;0;0
25;2025-12-29;1;0
25;2025-12-29;2;0
25;2025-12-29;3;0
25;2025-12-29;4;0
25;2025-12-29;5;10
25;2025-12-29;6;180
25;2025-12-29;7;481
25;2025-12-29;8;812
25;2025-12-29;9;419
25;2025-12-29;10;326
25;2025-12-29;11;377
25;2025-12-29;12;374
25;2025-12-29;13;478
25;2025-12-29;14;432
25;2025-12-29;15;508
25;2025-12-29;16;611
25;2025-12-29;17;668
25;2025-12-29;18;675
25;2025-12-29;19;481
25;2025-12-29;20;277
25;2025-12-29;21;180
25;2025-12-29;22;76
25;2025-12-29;23;5
25;2025-12-30;0;0
25;2025-12-30;1;0
25;2025-12-30;2;0
25;2025-12-30;3;0
25;2025-12-30;4;0
25;2025-12-30;5;10
25;2025-12-30;6;178
25;2025-12-30;7;475
25;2025-12-30;8;804
25;2025-12-30;9;414
25;2025-12-30;10;325
25;2025-12-30;11;378
25;2025-12-30;12;374
25;2025-12-30;13;475
25;2025-12-30;14;430
25;2025-12-30;15;506
25;2025-12-30;16;612
25;2025-12-30;17;658
25;2025-12-30;18;666
25;2025-12-30;19;472
25;2025-12-30;20;274
25;2025-12-30;21;179
25;2025-12-30;22;77
25;2025-12-30;23;5
25;2025-12-31;0;15
25;2025-12-31;1;0
25;2025-12-31;2;0
25;2025-12-31;3;0
25;2025-12-31;4;0
25;2025-12-31;5;6
25;2025-12-31;6;72
25;2025-12-31;7;99
25;2025-12-31;8;176
25;2025-12-31;9;198
25;2025-12-31;10;204
25;2025-12-31;11;282
25;2025-12-31;12;340
25;2025-12-31;13;434
25;2025-12-31;14;480
25;2025-12-31;15;562
25;2025-12-31;16;461
25;2025-12-31;17;453
25;2025-12-31;18;401
25;2025-12-31;19;291
25;2025-12-31;20;0
25;2025-12-31;21;0
25;2025-12-31;22;0
25;2025-12-31;23;0
26;2025-11-01;0;32
26;2025-11-01;1;1
26;2025-11-01;2;0
26;2025-11-01;3;0
26;2025-11-01;4;3
26;2025-11-01;5;79
26;2025-11-01;6;437
26;2025-11-01;7;1055
26;2025-11-01;8;2107
26;2025-11-01;9;1368
26;2025-11-01;10;1180
26;2025-11-01;11;1076
26;2025-11-01;12;1107
26;2025-11-01;13;1167
26;2025-11-01;14;1331
26;2025-11-01;15;1354
26;2025-11-01;16;1491
26;2025-11-01;17;1679
26;2025-11-01;18;1679
26;2025-11-01;19;1114
26;2025-11-01;20;691
26;2025-11-01;21;434
26;2025-11-01;22;186
26;2025-11-01;23;121
26;2025-11-02;0;48
26;2025-11-02;1;5
26;2025-11-02;2;0
26;2025-11-02;3;0
26;2025-11-02;4;2
26;2025-11-02;5;22
26;2025-11-02;6;145
26;2025-11-02;7;272
26;2025-11-02;8;411
26;2025-11-02;9;520
26;2025-11-02;10;590
26;2025-11-02;11;812
26;2025-11-02;12;840
26;2025-11-02;13;867
26;2025-11-02;14;902
26;2025-11-02;15;834
26;2025-11-02;16;787
26;2025-11-02;17;801
26;2025-11-02;18;699
26;2025-11-02;19;523
26;2025-11-02;20;396
26;2025-11-02;21;261
26;2025-11-02;22;162
26;2025-11-02;23;108
26;2025-11-03;0;46
26;2025-11-03;1;4
26;2025-11-03;2;0
26;2025-11-03;3;0
26;2025-11-03;4;1
26;2025-11-03;5;22
26;2025-11-03;6;146
26;2025-11-03;7;263
26;2025-11-03;8;389
26;2025-11-03;9;494
26;2025-11-03;10;543
26;2025-11-03;11;738
26;2025-11-03;12;758
26;2025-11-03;13;790
26;2025-11-03;14;814
26;2025-11-03;15;747
26;2025-11-03;16;696
26;2025-11-03;17;742
26;2025-11-03;18;694
26;2025-11-03;19;523
26;2025-11-03;20;396
26;2025-11-03;21;257
26;2025-11-03;22;159
26;2025-11-03;23;101
26;2025-11-04;0;46
26;2025-11-04;1;4
26;2025-11-04;2;0
26;2025-11-04;3;0
26;2025-11-04;4;1
26;2025-11-04;5;21
26;2025-11-04;6;144
26;2025-11-04;7;256
26;2025-11-04;8;376
26;2025-11-04;9;480
26;2025-11-04;10;532
26;2025-11-04;11;725
26;2025-11-04;12;746
26;2025-11-04;13;780
26;2025-11-04;14;807
26;2025-11-04;15;736
26;2025-11-04;16;689
26;2025-11-04;17;731
26;2025-11-04;18;683
26;2025-11-04;19;513
26;2025-11-04;20;391
26;2025-11-04;21;252
26;2025-11-04;22;155
26;2025-11-04;23;99
26;2025-11-05;0;34
26;2025-11-05;1;1
26;2025-11-05;2;0
26;2025-11-05;3;0
26;2025-11-05;4;3
26;2025-11-05;5;87
26;2025-11-05;6;474
26;2025-11-05;7;1135
26;2025-11-05;8;2284
26;2025-11-05;9;1466
26;2025-11-05;10;1259
26;2025-11-05;11;1142
26;2025-11-05;12;1181
26;2025-11-05;13;1242
26;2025-11-05;14;1412
26;2025-11-05;15;1427
26;2025-11-05;16;1564
26;2025-11-05;17;1794
26;2025-11-05;18;1901
26;2025-11-05;19;1240
26;2025-11-05;20;761
26;2025-11-05;21;478
26;2025-11-05;22;206
26;2025-11-05;23;129
26;2025-11-06;0;33
26;2025-11-06;1;1
26;2025-11-06;2;0
26;2025-11-06;3;0
26;2025-11-06;4;3
26;2025-11-06;5;86
26;2025-11-06;6;465
26;2025-11-06;7;1106
26;2025-11-06;8;2229
26;2025-11-06;9;1429
26;2025-11-06;10;1225
26;2025-11-06;11;1114
26;2025-11-06;12;1148
26;2025-11-06;13;1209
26;2025-11-06;14;1379
26;2025-11-06;15;1389
26;2025-11-06;16;1530
26;2025-11-06;17;1754
26;2025-11-06;18;1842
26;2025-11-06;19;1208
26;2025-11-06;20;737
26;2025-11-06;21;464
26;2025-11-06;22;199
26;2025-11-06;23;130
26;2025-11-07;0;34
26;2025-11-07;1;1
26;2025-11-07;2;0
26;2025-11-07;3;0
26;2025-11-07;4;3
26;2025-11-07;5;82
26;2025-11-07;6;464
26;2025-11-07;7;1090
26;2025-11-07;8;2162
26;2025-11-07;9;1397
26;2025-11-07;10;1203
26;2025-11-07;11;1105
26;2025-11-07;12;1141
26;2025-11-07;13;1212
26;2025-11-07;14;1393
26;2025-11-07;15;1438
26;2025-11-07;16;1624
26;2025-11-07;17;1748
26;2025-11-07;18;1585
26;2025-11-07;19;1102
26;2025-11-07;20;707
26;2025-11-07;21;465
26;2025-11-07;22;204
26;2025-11-07;23;146
26;2025-11-08;0;48
26;2025-11-08;1;1
26;2025-11-08;2;0
26;2025-11-08;3;0
26;2025-11-08;4;1
26;2025-11-08;5;50
26;2025-11-08;6;246
26;2025-11-08;7;385
26;2025-11-08;8;646
26;2025-11-08;9;674
26;2025-11-08;10;835
26;2025-11-08;11;989
26;2025-11-08;12;1034
26;2025-11-08;13;1066
26;2025-11-08;14;1110
26;2025-11-08;15;1030
26;2025-11-08;16;1057
26;2025-11-08;17;982
26;2025-11-08;18;886
26;2025-11-08;19;794
26;2025-11-08;20;545
26;2025-11-08;21;357
26;2025-11-08;22;201
26;2025-11-08;23;156
26;2025-11-09;0;50
26;2025-11-09;1;5
26;2025-11-09;2;0
26;2025-11-09;3;0
26;2025-11-09;4;2
26;2025-11-09;5;23
26;2025-11-09;6;148
26;2025-11-09;7;275
26;2025-11-09;8;411
26;2025-11-09;9;519
26;2025-11-09;10;588
26;2025-11-09;11;810
26;2025-11-09;12;837
26;2025-11-09;13;867
26;2025-11-09;14;905
26;2025-11-09;15;833
26;2025-11-09;16;778
26;2025-11-09;17;794
26;2025-11-09;18;700
26;2025-11-09;19;521
26;2025-11-09;20;399
26;2025-11-09;21;263
26;2025-11-09;22;163
26;2025-11-09;23;108
26;2025-11-10;0;33
26;2025-11-10;1;1
26;2025-11-10;2;0
26;2025-11-10;3;0
26;2025-11-10;4;3
26;2025-11-10;5;86
26;2025-11-10;6;479
26;2025-11-10;7;1147
26;2025-11-10;8;2295
26;2025-11-10;9;1473
26;2025-11-10;10;1250
26;2025-11-10;11;1130
26;2025-11-10;12;1168
26;2025-11-10;13;1228
26;2025-11-10;14;1381
26;2025-11-10;15;1416
26;2025-11-10;16;1561
26;2025-11-10;17;1809
26;2025-11-10;18;1914
26;2025-11-10;19;1243
26;2025-11-10;20;757
26;2025-11-10;21;468
26;2025-11-10;22;201
26;2025-11-10;23;123
26;2025-11-11;0;34
26;2025-11-11;1;1
26;2025-11-11;2;0
26;2025-11-11;3;0
26;2025-11-11;4;3
26;2025-11-11;5;87
26;2025-11-11;6;481
26;2025-11-11;7;1153
26;2025-11-11;8;2318
26;2025-11-11;9;1487
26;2025-11-11;10;1274
26;2025-11-11;11;1156
26;2025-11-11;12;1191
26;2025-11-11;13;1247
26;2025-11-11;14;1410
26;2025-11-11;15;1429
26;2025-11-11;16;1581
26;2025-11-11;17;1821
26;2025-11-11;18;1929
26;2025-11-11;19;1257
26;2025-11-11;20;764
26;2025-11-11;21;477
26;2025-11-11;22;205
26;2025-11-11;23;126
26;2025-11-12;0;34
26;2025-11-12;1;1
26;2025-11-12;2;0
26;2025-11-12;3;0
26;2025-11-12;4;3
26;2025-11-12;5;88
26;2025-11-12;6;478
26;2025-11-12;7;1144
26;2025-11-12;8;2298
26;2025-11-12;9;1484
26;2025-11-12;10;1268
26;2025-11-12;11;1151
26;2025-11-12;12;1187
26;2025-11-12;13;1246
26;2025-11-12;14;1412
26;2025-11-12;15;1431
26;2025-11-12;16;1579
26;2025-11-12;17;1811
26;2025-11-12;18;1905
26;2025-11-12;19;1244
26;2025-11-12;20;765
26;2025-11-12;21;480
26;2025-11-12;22;208
26;2025-11-12;23;131
26;2025-11-13;0;34
26;2025-11-13;1;1
26;2025-11-13;2;0
26;2025-11-13;3;0
26;2025-11-13;4;3
26;2025-11-13;5;86
26;2025-11-13;6;469
26;2025-11-13;7;1126
26;2025-11-13;8;2265
26;2025-11-13;9;1460
26;2025-11-13;10;1249
26;2025-11-13;11;1140
26;2025-11-13;12;1177
26;2025-11-13;13;1234
26;2025-11-13;14;1403
26;2025-11-13;15;1423
26;2025-11-13;16;1568
26;2025-11-13;17;1792
26;2025-11-13;18;1885
26;2025-11-13;19;1230
26;2025-11-13;20;751
26;2025-11-13;21;474
26;2025-11-13;22;204
26;2025-11-13;23;131
26;2025-11-14;0;35
26;2025-11-14;1;1
26;2025-11-14;2;0
26;2025-11-14;3;0
26;2025-11-14;4;3
26;2025-11-14;5;83
26;2025-11-14;6;468
26;2025-11-14;7;1109
26;2025-11-14;8;2189
26;2025-11-14;9;1423
26;2025-11-14;10;1224
26;2025-11-14;11;1125
26;2025-11-14;12;1166
26;2025-11-14;13;1235
26;2025-11-14;14;1417
26;2025-11-14;15;1459
26;2025-11-14;16;1649
26;2025-11-14;17;1777
26;2025-11-14;18;1613
26;2025-11-14;19;1117
26;2025-11-14;20;714
26;2025-11-14;21;465
26;2025-11-14;22;204
26;2025-11-14;23;146
26;2025-11-15;0;48
26;2025-11-15;1;2
26;2025-11-15;2;0
26;2025-11-15;3;0
26;2025-11-15;4;1
26;2025-11-15;5;47
26;2025-11-15;6;238
26;2025-11-15;7;371
26;2025-11-15;8;622
26;2025-11-15;9;655
26;2025-11-15;10;803
26;2025-11-15;11;953
26;2025-11-15;12;1000
26;2025-11-15;13;1033
26;2025-11-15;14;1076
26;2025-11-15;15;999
26;2025-11-15;16;1023
26;2025-11-15;17;955
26;2025-11-15;18;868
26;2025-11-15;19;770
26;2025-11-15;20;527
26;2025-11-15;21;347
26;2025-11-15;22;195
26;2025-11-15;23;151
26;2025-11-16;0;50
26;2025-11-16;1;4
26;2025-11-16;2;0
26;2025-11-16;3;0
26;2025-11-16;4;2
26;2025-11-16;5;22
26;2025-11-16;6;148
26;2025-11-16;7;273
26;2025-11-16;8;414
26;2025-11-16;9;525
26;2025-11-16;10;598
26;2025-11-16;11;823
26;2025-11-16;12;848
26;2025-11-16;13;881
26;2025-11-16;14;916
26;2025-11-16;15;841
26;2025-11-16;16;793
26;2025-11-16;17;806
26;2025-11-16;18;713
26;2025-11-16;19;529
26;2025-11-16;20;399
26;2025-11-16;21;268
26;2025-11-16;22;167
26;2025-11-16;23;109
26;2025-11-17;0;32
26;2025-11-17;1;1
26;2025-11-17;2;0
26;2025-11-17;3;0
26;2025-11-17;4;3
26;2025-11-17;5;86
26;2025-11-17;6;473
26;2025-11-17;7;1133
26;2025-11-17;8;2256
26;2025-11-17;9;1461
26;2025-11-17;10;1236
26;2025-11-17;11;1116
26;2025-11-17;12;1151
26;2025-11-17;13;1217
26;2025-11-17;14;1354
26;2025-11-17;15;1389
26;2025-11-17;16;1535
26;2025-11-17;17;1780
26;2025-11-17;18;1886
26;2025-11-17;19;1225
26;2025-11-17;20;749
26;2025-11-17;21;461
26;2025-11-17;22;200
26;2025-11-17;23;123
26;2025-11-18;0;32
26;2025-11-18;1;1
26;2025-11-18;2;0
26;2025-11-18;3;0
26;2025-11-18;4;2
26;2025-11-18;5;85
26;2025-11-18;6;466
26;2025-11-18;7;1116
26;2025-11-18;8;2234
26;2025-11-18;9;1430
26;2025-11-18;10;1221
26;2025-11-18;11;1101
26;2025-11-18;12;1136
26;2025-11-18;13;1192
26;2025-11-18;14;1352
26;2025-11-18;15;1364
26;2025-11-18;16;1509
26;2025-11-18;17;1752
26;2025-11-18;18;1855
26;2025-11-18;19;1207
26;2025-11-18;20;738
26;2025-11-18;21;459
26;2025-11-18;22;196
26;2025-11-18;23;121
26;2025-11-19;0;33
26;2025-11-19;1;1
26;2025-11-19;2;0
26;2025-11-19;3;0
26;2025-11-19;4;3
26;2025-11-19;5;89
26;2025-11-19;6;488
26;2025-11-19;7;1161
26;2025-11-19;8;2318
26;2025-11-19;9;1509
26;2025-11-19;10;1290
26;2025-11-19;11;1175
26;2025-11-19;12;1215
26;2025-11-19;13;1278
26;2025-11-19;14;1430
26;2025-11-19;15;1460
26;2025-11-19;16;1605
26;2025-11-19;17;1841
26;2025-11-19;18;1937
26;2025-11-19;19;1261
26;2025-11-19;20;776
26;2025-11-19;21;485
26;2025-11-19;22;211
26;2025-11-19;23;133
26;2025-11-20;0;34
26;2025-11-20;1;1
26;2025-11-20;2;0
26;2025-11-20;3;0
26;2025-11-20;4;3
26;2025-11-20;5;87
26;2025-11-20;6;476
26;2025-11-20;7;1135
26;2025-11-20;8;2276
26;2025-11-20;9;1479
26;2025-11-20;10;1266
26;2025-11-20;11;1154
26;2025-11-20;12;1194
26;2025-11-20;13;1257
26;2025-11-20;14;1409
26;2025-11-20;15;1442
26;2025-11-20;16;1583
26;2025-11-20;17;1810
26;2025-11-20;18;1899
26;2025-11-20;19;1239
26;2025-11-20;20;756
26;2025-11-20;21;473
26;2025-11-20;22;205
26;2025-11-20;23;133
26;2025-11-21;0;35
26;2025-11-21;1;1
26;2025-11-21;2;0
26;2025-11-21;3;0
26;2025-11-21;4;3
26;2025-11-21;5;84
26;2025-11-21;6;471
26;2025-11-21;7;1116
26;2025-11-21;8;2197
26;2025-11-21;9;1442
26;2025-11-21;10;1239
26;2025-11-21;11;1138
26;2025-11-21;12;1178
26;2025-11-21;13;1251
26;2025-11-21;14;1416
26;2025-11-21;15;1473
26;2025-11-21;16;1661
26;2025-11-21;17;1793
26;2025-11-21;18;1629
26;2025-11-21;19;1125
26;2025-11-21;20;722
26;2025-11-21;21;467
26;2025-11-21;22;206
26;2025-11-21;23;148
26;2025-11-22;0;47
26;2025-11-22;1;2
26;2025-11-22;2;0
26;2025-11-22;3;0
26;2025-11-22;4;1
26;2025-11-22;5;48
26;2025-11-22;6;241
26;2025-11-22;7;380
26;2025-11-22;8;636
26;2025-11-22;9;670
26;2025-11-22;10;826
26;2025-11-22;11;983
26;2025-11-22;12;1030
26;2025-11-22;13;1062
26;2025-11-22;14;1105
26;2025-11-22;15;1023
26;2025-11-22;16;1050
26;2025-11-22;17;976
26;2025-11-22;18;881
26;2025-11-22;19;779
26;2025-11-22;20;534
26;2025-11-22;21;352
26;2025-11-22;22;198
26;2025-11-22;23;152
26;2025-11-23;0;50
26;2025-11-23;1;5
26;2025-11-23;2;0
26;2025-11-23;3;0
26;2025-11-23;4;2
26;2025-11-23;5;22
26;2025-11-23;6;148
26;2025-11-23;7;271
26;2025-11-23;8;416
26;2025-11-23;9;525
26;2025-11-23;10;597
26;2025-11-23;11;822
26;2025-11-23;12;850
26;2025-11-23;13;877
26;2025-11-23;14;914
26;2025-11-23;15;839
26;2025-11-23;16;792
26;2025-11-23;17;803
26;2025-11-23;18;708
26;2025-11-23;19;524
26;2025-11-23;20;396
26;2025-11-23;21;265
26;2025-11-23;22;166
26;2025-11-23;23;109
26;2025-11-24;0;32
26;2025-11-24;1;1
26;2025-11-24;2;0
26;2025-11-24;3;0
26;2025-11-24;4;3
26;2025-11-24;5;84
26;2025-11-24;6;464
26;2025-11-24;7;1112
26;2025-11-24;8;2225
26;2025-11-24;9;1431
26;2025-11-24;10;1211
26;2025-11-24;11;1087
26;2025-11-24;12;1123
26;2025-11-24;13;1186
26;2025-11-24;14;1329
26;2025-11-24;15;1360
26;2025-11-24;16;1504
26;2025-11-24;17;1748
26;2025-11-24;18;1853
26;2025-11-24;19;1201
26;2025-11-24;20;733
26;2025-11-24;21;454
26;2025-11-24;22;194
26;2025-11-24;23;118
26;2025-11-25;0;33
26;2025-11-25;1;1
26;2025-11-25;2;0
26;2025-11-25;3;0
26;2025-11-25;4;3
26;2025-11-25;5;87
26;2025-11-25;6;484
26;2025-11-25;7;1160
26;2025-11-25;8;2323
26;2025-11-25;9;1504
26;2025-11-25;10;1288
26;2025-11-25;11;1168
26;2025-11-25;12;1204
26;2025-11-25;13;1268
26;2025-11-25;14;1419
26;2025-11-25;15;1443
26;2025-11-25;16;1598
26;2025-11-25;17;1836
26;2025-11-25;18;1936
26;2025-11-25;19;1259
26;2025-11-25;20;768
26;2025-11-25;21;477
26;2025-11-25;22;205
26;2025-11-25;23;128
26;2025-11-26;0;33
26;2025-11-26;1;1
26;2025-11-26;2;0
26;2025-11-26;3;0
26;2025-11-26;4;3
26;2025-11-26;5;86
26;2025-11-26;6;473
26;2025-11-26;7;1129
26;2025-11-26;8;2280
26;2025-11-26;9;1473
26;2025-11-26;10;1260
26;2025-11-26;11;1140
26;2025-11-26;12;1176
26;2025-11-26;13;1236
26;2025-11-26;14;1398
26;2025-11-26;15;1414
26;2025-11-26;16;1563
26;2025-11-26;17;1790
26;2025-11-26;18;1882
26;2025-11-26;19;1225
26;2025-11-26;20;753
26;2025-11-26;21;469
26;2025-11-26;22;201
26;2025-11-26;23;127
26;2025-11-27;0;33
26;2025-11-27;1;1
26;2025-11-27;2;0
26;2025-11-27;3;0
26;2025-11-27;4;3
26;2025-11-27;5;84
26;2025-11-27;6;464
26;2025-11-27;7;1109
26;2025-11-27;8;2237
26;2025-11-27;9;1441
26;2025-11-27;10;1233
26;2025-11-27;11;1120
26;2025-11-27;12;1153
26;2025-11-27;13;1214
26;2025-11-27;14;1381
26;2025-11-27;15;1395
26;2025-11-27;16;1537
26;2025-11-27;17;1762
26;2025-11-27;18;1846
26;2025-11-27;19;1194
26;2025-11-27;20;733
26;2025-11-27;21;460
26;2025-11-27;22;197
26;2025-11-27;23;127
26;2025-11-28;0;34
26;2025-11-28;1;1
26;2025-11-28;2;0
26;2025-11-28;3;0
26;2025-11-28;4;3
26;2025-11-28;5;82
26;2025-11-28;6;463
26;2025-11-28;7;1095
26;2025-11-28;8;2177
26;2025-11-28;9;1415
26;2025-11-28;10;1216
26;2025-11-28;11;1119
26;2025-11-28;12;1154
26;2025-11-28;13;1225
26;2025-11-28;14;1404
26;2025-11-28;15;1446
26;2025-11-28;16;1634
26;2025-11-28;17;1766
26;2025-11-28;18;1600
26;2025-11-28;19;1102
26;2025-11-28;20;708
26;2025-11-28;21;461
26;2025-11-28;22;203
26;2025-11-28;23;143
26;2025-11-29;0;49
26;2025-11-29;1;2
26;2025-11-29;2;0
26;2025-11-29;3;0
26;2025-11-29;4;1
26;2025-11-29;5;49
26;2025-11-29;6;247
26;2025-11-29;7;389
26;2025-11-29;8;654
26;2025-11-29;9;692
26;2025-11-29;10;857
26;2025-11-29;11;1020
26;2025-11-29;12;1066
26;2025-11-29;13;1101
26;2025-11-29;14;1142
26;2025-11-29;15;1056
26;2025-11-29;16;1082
26;2025-11-29;17;1003
26;2025-11-29;18;905
26;2025-11-29;19;798
26;2025-11-29;20;548
26;2025-11-29;21;363
26;2025-11-29;22;203
26;2025-11-29;23;158
26;2025-11-30;0;50
26;2025-11-30;1;5
26;2025-11-30;2;0
26;2025-11-30;3;0
26;2025-11-30;4;2
26;2025-11-30;5;22
26;2025-11-30;6;148
26;2025-11-30;7;271
26;2025-11-30;8;416
26;2025-11-30;9;526
26;2025-11-30;10;596
26;2025-11-30;11;822
26;2025-11-30;12;848
26;2025-11-30;13;879
26;2025-11-30;14;914
26;2025-11-30;15;841
26;2025-11-30;16;794
26;2025-11-30;17;803
26;2025-11-30;18;704
26;2025-11-30;19;523
26;2025-11-30;20;397
26;2025-11-30;21;265
26;2025-11-30;22;165
26;2025-11-30;23;110
26;2025-12-01;0;34
26;2025-12-01;1;1
26;2025-12-01;2;0
26;2025-12-01;3;0
26;2025-12-01;4;3
26;2025-12-01;5;88
26;2025-12-01;6;491
26;2025-12-01;7;1172
26;2025-12-01;8;2347
26;2025-12-01;9;1516
26;2025-12-01;10;1288
26;2025-12-01;11;1164
26;2025-12-01;12;1204
26;2025-12-01;13;1274
26;2025-12-01;14;1420
26;2025-12-01;15;1458
26;2025-12-01;16;1606
26;2025-12-01;17;1859
26;2025-12-01;18;1952
26;2025-12-01;19;1263
26;2025-12-01;20;772
26;2025-12-01;21;478
26;2025-12-01;22;206
26;2025-12-01;23;127
26;2025-12-02;0;34
26;2025-12-02;1;1
26;2025-12-02;2;0
26;2025-12-02;3;0
26;2025-12-02;4;3
26;2025-12-02;5;89
26;2025-12-02;6;494
26;2025-12-02;7;1184
26;2025-12-02;8;2369
26;2025-12-02;9;1534
26;2025-12-02;10;1317
26;2025-12-02;11;1193
26;2025-12-02;12;1230
26;2025-12-02;13;1295
26;2025-12-02;14;1451
26;2025-12-02;15;1472
26;2025-12-02;16;1629
26;2025-12-02;17;1871
26;2025-12-02;18;1968
26;2025-12-02;19;1281
26;2025-12-02;20;783
26;2025-12-02;21;486
26;2025-12-02;22;208
26;2025-12-02;23;130
26;2025-12-03;0;34
26;2025-12-03;1;1
26;2025-12-03;2;0
26;2025-12-03;3;0
26;2025-12-03;4;3
26;2025-12-03;5;91
26;2025-12-03;6;497
26;2025-12-03;7;1185
26;2025-12-03;8;2372
26;2025-12-03;9;1544
26;2025-12-03;10;1323
26;2025-12-03;11;1205
26;2025-12-03;12;1247
26;2025-12-03;13;1315
26;2025-12-03;14;1474
26;2025-12-03;15;1497
26;2025-12-03;16;1647
26;2025-12-03;17;1882
26;2025-12-03;18;1967
26;2025-12-03;19;1281
26;2025-12-03;20;789
26;2025-12-03;21;496
26;2025-12-03;22;214
26;2025-12-03;23;137
26;2025-12-04;0;35
26;2025-12-04;1;1
26;2025-12-04;2;0
26;2025-12-04;3;0
26;2025-12-04;4;3
26;2025-12-04;5;88
26;2025-12-04;6;485
26;2025-12-04;7;1159
26;2025-12-04;8;2329
26;2025-12-04;9;1511
26;2025-12-04;10;1294
26;2025-12-04;11;1182
26;2025-12-04;12;1223
26;2025-12-04;13;1284
26;2025-12-04;14;1453
26;2025-12-04;15;1473
26;2025-12-04;16;1622
26;2025-12-04;17;1848
26;2025-12-04;18;1928
26;2025-12-04;19;1257
26;2025-12-04;20;769
26;2025-12-04;21;485
26;2025-12-04;22;208
26;2025-12-04;23;136
26;2025-12-05;0;36
26;2025-12-05;1;1
26;2025-12-05;2;0
26;2025-12-05;3;0
26;2025-12-05;4;3
26;2025-12-05;5;86
26;2025-12-05;6;483
26;2025-12-05;7;1147
26;2025-12-05;8;2262
26;2025-12-05;9;1480
26;2025-12-05;10;1274
26;2025-12-05;11;1173
26;2025-12-05;12;1213
26;2025-12-05;13;1287
26;2025-12-05;14;1468
26;2025-12-05;15;1514
26;2025-12-05;16;1711
26;2025-12-05;17;1847
26;2025-12-05;18;1659
26;2025-12-05;19;1149
26;2025-12-05;20;737
26;2025-12-05;21;480
26;2025-12-05;22;211
26;2025-12-05;23;150
26;2025-12-06;0;49
26;2025-12-06;1;1
26;2025-12-06;2;0
26;2025-12-06;3;0
26;2025-12-06;4;1
26;2025-12-06;5;50
26;2025-12-06;6;251
26;2025-12-06;7;396
26;2025-12-06;8;666
26;2025-12-06;9;704
26;2025-12-06;10;874
26;2025-12-06;11;1032
26;2025-12-06;12;1080
26;2025-12-06;13;1118
26;2025-12-06;14;1161
26;2025-12-06;15;1074
26;2025-12-06;16;1100
26;2025-12-06;17;1019
26;2025-12-06;18;920
26;2025-12-06;19;810
26;2025-12-06;20;559
26;2025-12-06;21;370
26;2025-12-06;22;207
26;2025-12-06;23;162
26;2025-12-07;0;50
26;2025-12-07;1;4
26;2025-12-07;2;0
26;2025-12-07;3;0
26;2025-12-07;4;2
26;2025-12-07;5;23
26;2025-12-07;6;151
26;2025-12-07;7;279
26;2025-12-07;8;426
26;2025-12-07;9;538
26;2025-12-07;10;610
26;2025-12-07;11;840
26;2025-12-07;12;868
26;2025-12-07;13;896
26;2025-12-07;14;934
26;2025-12-07;15;859
26;2025-12-07;16;811
26;2025-12-07;17;821
26;2025-12-07;18;721
26;2025-12-07;19;535
26;2025-12-07;20;403
26;2025-12-07;21;270
26;2025-12-07;22;170
26;2025-12-07;23;111
26;2025-12-08;0;33
26;2025-12-08;1;1
26;2025-12-08;2;0
26;2025-12-08;3;0
26;2025-12-08;4;3
26;2025-12-08;5;90
26;2025-12-08;6;493
26;2025-12-08;7;1178
26;2025-12-08;8;2351
26;2025-12-08;9;1524
26;2025-12-08;10;1296
26;2025-12-08;11;1171
26;2025-12-08;12;1209
26;2025-12-08;13;1281
26;2025-12-08;14;1427
26;2025-12-08;15;1463
26;2025-12-08;16;1614
26;2025-12-08;17;1864
26;2025-12-08;18;1954
26;2025-12-08;19;1266
26;2025-12-08;20;774
26;2025-12-08;21;479
26;2025-12-08;22;206
26;2025-12-08;23;127
26;2025-12-09;0;33
26;2025-12-09;1;1
26;2025-12-09;2;0
26;2025-12-09;3;0
26;2025-12-09;4;3
26;2025-12-09;5;89
26;2025-12-09;6;492
26;2025-12-09;7;1179
26;2025-12-09;8;2360
26;2025-12-09;9;1534
26;2025-12-09;10;1318
26;2025-12-09;11;1191
26;2025-12-09;12;1230
26;2025-12-09;13;1297
26;2025-12-09;14;1447
26;2025-12-09;15;1468
26;2025-12-09;16;1625
26;2025-12-09;17;1866
26;2025-12-09;18;1961
26;2025-12-09;19;1276
26;2025-12-09;20;780
26;2025-12-09;21;483
26;2025-12-09;22;208
26;2025-12-09;23;128
26;2025-12-10;0;34
26;2025-12-10;1;1
26;2025-12-10;2;0
26;2025-12-10;3;0
26;2025-12-10;4;3
26;2025-12-10;5;90
26;2025-12-10;6;489
26;2025-12-10;7;1168
26;2025-12-10;8;2345
26;2025-12-10;9;1529
26;2025-12-10;10;1311
26;2025-12-10;11;1190
26;2025-12-10;12;1235
26;2025-12-10;13;1303
26;2025-12-10;14;1457
26;2025-12-10;15;1477
26;2025-12-10;16;1626
26;2025-12-10;17;1859
26;2025-12-10;18;1943
26;2025-12-10;19;1268
26;2025-12-10;20;782
26;2025-12-10;21;488
26;2025-12-10;22;210
26;2025-12-10;23;135
26;2025-12-11;0;34
26;2025-12-11;1;1
26;2025-12-11;2;0
26;2025-12-11;3;0
26;2025-12-11;4;3
26;2025-12-11;5;86
26;2025-12-11;6;474
26;2025-12-11;7;1132
26;2025-12-11;8;2283
26;2025-12-11;9;1478
26;2025-12-11;10;1265
26;2025-12-11;11;1149
26;2025-12-11;12;1191
26;2025-12-11;13;1251
26;2025-12-11;14;1419
26;2025-12-11;15;1438
26;2025-12-11;16;1586
26;2025-12-11;17;1806
26;2025-12-11;18;1876
26;2025-12-11;19;1221
26;2025-12-11;20;750
26;2025-12-11;21;471
26;2025-12-11;22;202
26;2025-12-11;23;131
26;2025-12-12;0;36
26;2025-12-12;1;1
26;2025-12-12;2;0
26;2025-12-12;3;0
26;2025-12-12;4;2
26;2025-12-12;5;84
26;2025-12-12;6;474
26;2025-12-12;7;1127
26;2025-12-12;8;2221
26;2025-12-12;9;1455
26;2025-12-12;10;1254
26;2025-12-12;11;1151
26;2025-12-12;12;1186
26;2025-12-12;13;1257
26;2025-12-12;14;1434
26;2025-12-12;15;1474
26;2025-12-12;16;1668
26;2025-12-12;17;1794
26;2025-12-12;18;1610
26;2025-12-12;19;1115
26;2025-12-12;20;719
26;2025-12-12;21;467
26;2025-12-12;22;205
26;2025-12-12;23;147
26;2025-12-13;0;49
26;2025-12-13;1;1
26;2025-12-13;2;0
26;2025-12-13;3;0
26;2025-12-13;4;1
26;2025-12-13;5;49
26;2025-12-13;6;249
26;2025-12-13;7;392
26;2025-12-13;8;660
26;2025-12-13;9;706
26;2025-12-13;10;873
26;2025-12-13;11;1036
26;2025-12-13;12;1083
26;2025-12-13;13;1119
26;2025-12-13;14;1156
26;2025-12-13;15;1068
26;2025-12-13;16;1091
26;2025-12-13;17;1014
26;2025-12-13;18;918
26;2025-12-13;19;804
26;2025-12-13;20;550
26;2025-12-13;21;366
26;2025-12-13;22;204
26;2025-12-13;23;159
26;2025-12-14;0;50
26;2025-12-14;1;4
26;2025-12-14;2;0
26;2025-12-14;3;0
26;2025-12-14;4;2
26;2025-12-14;5;23
26;2025-12-14;6;151
26;2025-12-14;7;279
26;2025-12-14;8;423
26;2025-12-14;9;536
26;2025-12-14;10;611
26;2025-12-14;11;838
26;2025-12-14;12;866
26;2025-12-14;13;894
26;2025-12-14;14;929
26;2025-12-14;15;854
26;2025-12-14;16;788
26;2025-12-14;17;821
26;2025-12-14;18;721
26;2025-12-14;19;532
26;2025-12-14;20;401
26;2025-12-14;21;267
26;2025-12-14;22;168
26;2025-12-14;23;111
26;2025-12-15;0;34
26;2025-12-15;1;1
26;2025-12-15;2;0
26;2025-12-15;3;0
26;2025-12-15;4;3
26;2025-12-15;5;89
26;2025-12-15;6;491
26;2025-12-15;7;1179
26;2025-12-15;8;2373
26;2025-12-15;9;1535
26;2025-12-15;10;1317
26;2025-12-15;11;1186
26;2025-12-15;12;1224
26;2025-12-15;13;1289
26;2025-12-15;14;1438
26;2025-12-15;15;1469
26;2025-12-15;16;1619
26;2025-12-15;17;1869
26;2025-12-15;18;1973
26;2025-12-15;19;1273
26;2025-12-15;20;777
26;2025-12-15;21;481
26;2025-12-15;22;206
26;2025-12-15;23;127
26;2025-12-16;0;34
26;2025-12-16;1;1
26;2025-12-16;2;0
26;2025-12-16;3;0
26;2025-12-16;4;3
26;2025-12-16;5;90
26;2025-12-16;6;494
26;2025-12-16;7;1184
26;2025-12-16;8;2368
26;2025-12-16;9;1541
26;2025-12-16;10;1322
26;2025-12-16;11;1200
26;2025-12-16;12;1232
26;2025-12-16;13;1296
26;2025-12-16;14;1447
26;2025-12-16;15;1468
26;2025-12-16;16;1631
26;2025-12-16;17;1871
26;2025-12-16;18;1967
26;2025-12-16;19;1281
26;2025-12-16;20;782
26;2025-12-16;21;486
26;2025-12-16;22;211
26;2025-12-16;23;131
26;2025-12-17;0;34
26;2025-12-17;1;1
26;2025-12-17;2;0
26;2025-12-17;3;0
26;2025-12-17;4;3
26;2025-12-17;5;91
26;2025-12-17;6;499
26;2025-12-17;7;1189
26;2025-12-17;8;2381
26;2025-12-17;9;1552
26;2025-12-17;10;1332
26;2025-12-17;11;1212
26;2025-12-17;12;1256
26;2025-12-17;13;1319
26;2025-12-17;14;1485
26;2025-12-17;15;1503
26;2025-12-17;16;1655
26;2025-12-17;17;1892
26;2025-12-17;18;1972
26;2025-12-17;19;1282
26;2025-12-17;20;789
26;2025-12-17;21;497
26;2025-12-17;22;214
26;2025-12-17;23;138
26;2025-12-18;0;35
26;2025-12-18;1;1
26;2025-12-18;2;0
26;2025-12-18;3;0
26;2025-12-18;4;3
26;2025-12-18;5;89
26;2025-12-18;6;487
26;2025-12-18;7;1163
26;2025-12-18;8;2332
26;2025-12-18;9;1519
26;2025-12-18;10;1300
26;2025-12-18;11;1188
26;2025-12-18;12;1230
26;2025-12-18;13;1298
26;2025-12-18;14;1457
26;2025-12-18;15;1481
26;2025-12-18;16;1630
26;2025-12-18;17;1856
26;2025-12-18;18;1933
26;2025-12-18;19;1259
26;2025-12-18;20;772
26;2025-12-18;21;484
26;2025-12-18;22;210
26;2025-12-18;23;138
26;2025-12-19;0;35
26;2025-12-19;1;1
26;2025-12-19;2;0
26;2025-12-19;3;0
26;2025-12-19;4;3
26;2025-12-19;5;86
26;2025-12-19;6;486
26;2025-12-19;7;1151
26;2025-12-19;8;2266
26;2025-12-19;9;1489
26;2025-12-19;10;1284
26;2025-12-19;11;1179
26;2025-12-19;12;1219
26;2025-12-19;13;1299
26;2025-12-19;14;1468
26;2025-12-19;15;1521
26;2025-12-19;16;1716
26;2025-12-19;17;1853
26;2025-12-19;18;1664
26;2025-12-19;19;1149
26;2025-12-19;20;738
26;2025-12-19;21;479
26;2025-12-19;22;211
26;2025-12-19;23;152
26;2025-12-20;0;50
26;2025-12-20;1;2
26;2025-12-20;2;0
26;2025-12-20;3;0
26;2025-12-20;4;1
26;2025-12-20;5;49
26;2025-12-20;6;251
26;2025-12-20;7;397
26;2025-12-20;8;668
26;2025-12-20;9;711
26;2025-12-20;10;879
26;2025-12-20;11;1045
26;2025-12-20;12;1089
26;2025-12-20;13;1128
26;2025-12-20;14;1169
26;2025-12-20;15;1081
26;2025-12-20;16;1108
26;2025-12-20;17;1025
26;2025-12-20;18;927
26;2025-12-20;19;813
26;2025-12-20;20;560
26;2025-12-20;21;372
26;2025-12-20;22;207
26;2025-12-20;23;162
26;2025-12-21;0;51
26;2025-12-21;1;4
26;2025-12-21;2;0
26;2025-12-21;3;0
26;2025-12-21;4;2
26;2025-12-21;5;22
26;2025-12-21;6;151
26;2025-12-21;7;279
26;2025-12-21;8;424
26;2025-12-21;9;535
26;2025-12-21;10;609
26;2025-12-21;11;839
26;2025-12-21;12;864
26;2025-12-21;13;893
26;2025-12-21;14;931
26;2025-12-21;15;857
26;2025-12-21;16;810
26;2025-12-21;17;819
26;2025-12-21;18;717
26;2025-12-21;19;532
26;2025-12-21;20;401
26;2025-12-21;21;269
26;2025-12-21;22;168
26;2025-12-21;23;111
26;2025-12-22;0;33
26;2025-12-22;1;1
26;2025-12-22;2;0
26;2025-12-22;3;0
26;2025-12-22;4;3
26;2025-12-22;5;88
26;2025-12-22;6;488
26;2025-12-22;7;1167
26;2025-12-22;8;2325
26;2025-12-22;9;1511
26;2025-12-22;10;1285
26;2025-12-22;11;1157
26;2025-12-22;12;1197
26;2025-12-22;13;1269
26;2025-12-22;14;1412
26;2025-12-22;15;1445
26;2025-12-22;16;1594
26;2025-12-22;17;1841
26;2025-12-22;18;1929
26;2025-12-22;19;1244
26;2025-12-22;20;762
26;2025-12-22;21;472
26;2025-12-22;22;202
26;2025-12-22;23;124
26;2025-12-23;0;35
26;2025-12-23;1;1
26;2025-12-23;2;0
26;2025-12-23;3;0
26;2025-12-23;4;3
26;2025-12-23;5;89
26;2025-12-23;6;499
26;2025-12-23;7;1193
26;2025-12-23;8;2397
26;2025-12-23;9;1565
26;2025-12-23;10;1352
26;2025-12-23;11;1218
26;2025-12-23;12;1256
26;2025-12-23;13;1315
26;2025-12-23;14;1472
26;2025-12-23;15;1482
26;2025-12-23;16;1654
26;2025-12-23;17;1894
26;2025-12-23;18;1992
26;2025-12-23;19;1285
26;2025-12-23;20;784
26;2025-12-23;21;487
26;2025-12-23;22;209
26;2025-12-23;23;130
26;2025-12-24;0;36
26;2025-12-24;1;1
26;2025-12-24;2;0
26;2025-12-24;3;0
26;2025-12-24;4;3
26;2025-12-24;5;91
26;2025-12-24;6;497
26;2025-12-24;7;1189
26;2025-12-24;8;2394
26;2025-12-24;9;1574
26;2025-12-24;10;1362
26;2025-12-24;11;1231
26;2025-12-24;12;1273
26;2025-12-24;13;1335
26;2025-12-24;14;1490
26;2025-12-24;15;1498
26;2025-12-24;16;1665
26;2025-12-24;17;1897
26;2025-12-24;18;1988
26;2025-12-24;19;1286
26;2025-12-24;20;803
26;2025-12-24;21;503
26;2025-12-24;22;217
26;2025-12-24;23;138
26;2025-12-25;0;35
26;2025-12-25;1;2
26;2025-12-25;2;0
26;2025-12-25;3;0
26;2025-12-25;4;3
26;2025-12-25;5;88
26;2025-12-25;6;480
26;2025-12-25;7;1143
26;2025-12-25;8;2298
26;2025-12-25;9;1508
26;2025-12-25;10;1289
26;2025-12-25;11;1176
26;2025-12-25;12;1214
26;2025-12-25;13;1281
26;2025-12-25;14;1436
26;2025-12-25;15;1457
26;2025-12-25;16;1606
26;2025-12-25;17;1826
26;2025-12-25;18;1893
26;2025-12-25;19;1228
26;2025-12-25;20;751
26;2025-12-25;21;472
26;2025-12-25;22;205
26;2025-12-25;23;131
26;2025-12-26;0;34
26;2025-12-26;1;1
26;2025-12-26;2;0
26;2025-12-26;3;0
26;2025-12-26;4;2
26;2025-12-26;5;84
26;2025-12-26;6;467
26;2025-12-26;7;1105
26;2025-12-26;8;2191
26;2025-12-26;9;1434
26;2025-12-26;10;1233
26;2025-12-26;11;1129
26;2025-12-26;12;1166
26;2025-12-26;13;1235
26;2025-12-26;14;1414
26;2025-12-26;15;1450
26;2025-12-26;16;1644
26;2025-12-26;17;1776
26;2025-12-26;18;1597
26;2025-12-26;19;1105
26;2025-12-26;20;708
26;2025-12-26;21;459
26;2025-12-26;22;202
26;2025-12-26;23;146
26;2025-12-27;0;50
26;2025-12-27;1;1
26;2025-12-27;2;0
26;2025-12-27;3;0
26;2025-12-27;4;2
26;2025-12-27;5;49
26;2025-12-27;6;250
26;2025-12-27;7;395
26;2025-12-27;8;663
26;2025-12-27;9;704
26;2025-12-27;10;871
26;2025-12-27;11;1034
26;2025-12-27;12;1080
26;2025-12-27;13;1119
26;2025-12-27;14;1158
26;2025-12-27;15;1069
26;2025-12-27;16;1097
26;2025-12-27;17;1016
26;2025-12-27;18;916
26;2025-12-27;19;804
26;2025-12-27;20;553
26;2025-12-27;21;366
26;2025-12-27;22;205
26;2025-12-27;23;159
26;2025-12-28;0;50
26;2025-12-28;1;4
26;2025-12-28;2;0
26;2025-12-28;3;0
26;2025-12-28;4;2
26;2025-12-28;5;23
26;2025-12-28;6;150
26;2025-12-28;7;276
26;2025-12-28;8;418
26;2025-12-28;9;528
26;2025-12-28;10;600
26;2025-12-28;11;822
26;2025-12-28;12;851
26;2025-12-28;13;881
26;2025-12-28;14;918
26;2025-12-28;15;843
26;2025-12-28;16;798
26;2025-12-28;17;809
26;2025-12-28;18;712
26;2025-12-28;19;529
26;2025-12-28;20;399
26;2025-12-28;21;264
26;2025-12-28;22;167
26;2025-12-28;23;111
26;2025-12-29;0;28
26;2025-12-29;1;1
26;2025-12-29;2;0
26;2025-12-29;3;0
26;2025-12-29;4;3
26;2025-12-29;5;74
26;2025-12-29;6;413
26;2025-12-29;7;989
26;2025-12-29;8;1982
26;2025-12-29;9;1289
26;2025-12-29;10;1100
26;2025-12-29;11;990
26;2025-12-29;12;1024
26;2025-12-29;13;1079
26;2025-12-29;14;1205
26;2025-12-29;15;1233
26;2025-12-29;16;1358
26;2025-12-29;17;1567
26;2025-12-29;18;1633
26;2025-12-29;19;1057
26;2025-12-29;20;645
26;2025-12-29;21;400
26;2025-12-29;22;170
26;2025-12-29;23;106
26;2025-12-30;0;28
26;2025-12-30;1;1
26;2025-12-30;2;0
26;2025-12-30;3;0
26;2025-12-30;4;3
26;2025-12-30;5;74
26;2025-12-30;6;414
26;2025-12-30;7;989
26;2025-12-30;8;1980
26;2025-12-30;9;1294
26;2025-12-30;10;1116
26;2025-12-30;11;1005
26;2025-12-30;12;1036
26;2025-12-30;13;1089
26;2025-12-30;14;1221
26;2025-12-30;15;1233
26;2025-12-30;16;1363
26;2025-12-30;17;1561
26;2025-12-30;18;1610
26;2025-12-30;19;1057
26;2025-12-30;20;649
26;2025-12-30;21;403
26;2025-12-30;22;175
26;2025-12-30;23;108
26;2025-12-31;0;44
26;2025-12-31;1;4
26;2025-12-31;2;0
26;2025-12-31;3;0
26;2025-12-31;4;1
26;2025-12-31;5;21
26;2025-12-31;6;139
26;2025-12-31;7;247
26;2025-12-31;8;368
26;2025-12-31;9;469
26;2025-12-31;10;527
26;2025-12-31;11;714
26;2025-12-31;12;741
26;2025-12-31;13;770
26;2025-12-31;14;794
26;2025-12-31;15;726
26;2025-12-31;16;681
26;2025-12-31;17;712
26;2025-12-31;18;652
26;2025-12-31;19;488
26;2025-12-31;20;0
26;2025-12-31;21;0
26;2025-12-31;22;0
26;2025-12-31;23;0
28;2025-11-01;0;0
28;2025-11-01;1;0
28;2025-11-01;2;0
28;2025-11-01;3;0
28;2025-11-01;4;1
28;2025-11-01;5;71
28;2025-11-01;6;235
28;2025-11-01;7;746
28;2025-11-01;8;1161
28;2025-11-01;9;765
28;2025-11-01;10;584
28;2025-11-01;11;541
28;2025-11-01;12;673
28;2025-11-01;13;692
28;2025-11-01;14;655
28;2025-11-01;15;663
28;2025-11-01;16;834
28;2025-11-01;17;950
28;2025-11-01;18;880
28;2025-11-01;19;656
28;2025-11-01;20;441
28;2025-11-01;21;277
28;2025-11-01;22;101
28;2025-11-01;23;8
28;2025-11-02;0;0
28;2025-11-02;1;0
28;2025-11-02;2;0
28;2025-11-02;3;0
28;2025-11-02;4;0
28;2025-11-02;5;29
28;2025-11-02;6;77
28;2025-11-02;7;165
28;2025-11-02;8;270
28;2025-11-02;9;333
28;2025-11-02;10;385
28;2025-11-02;11;435
28;2025-11-02;12;469
28;2025-11-02;13;536
28;2025-11-02;14;527
28;2025-11-02;15;526
28;2025-11-02;16;494
28;2025-11-02;17;500
28;2025-11-02;18;433
28;2025-11-02;19;366
28;2025-11-02;20;276
28;2025-11-02;21;223
28;2025-11-02;22;98
28;2025-11-02;23;9
28;2025-11-03;0;0
28;2025-11-03;1;0
28;2025-11-03;2;0
28;2025-11-03;3;0
28;2025-11-03;4;0
28;2025-11-03;5;28
28;2025-11-03;6;74
28;2025-11-03;7;153
28;2025-11-03;8;244
28;2025-11-03;9;300
28;2025-11-03;10;341
28;2025-11-03;11;380
28;2025-11-03;12;408
28;2025-11-03;13;468
28;2025-11-03;14;453
28;2025-11-03;15;457
28;2025-11-03;16;420
28;2025-11-03;17;444
28;2025-11-03;18;407
28;2025-11-03;19;350
28;2025-11-03;20;262
28;2025-11-03;21;207
28;2025-11-03;22;91
28;2025-11-03;23;8
28;2025-11-04;0;0
28;2025-11-04;1;0
28;2025-11-04;2;0
28;2025-11-04;3;0
28;2025-11-04;4;0
28;2025-11-04;5;28
28;2025-11-04;6;72
28;2025-11-04;7;151
28;2025-11-04;8;240
28;2025-11-04;9;295
28;2025-11-04;10;338
28;2025-11-04;11;377
28;2025-11-04;12;404
28;2025-11-04;13;467
28;2025-11-04;14;453
28;2025-11-04;15;456
28;2025-11-04;16;416
28;2025-11-04;17;441
28;2025-11-04;18;405
28;2025-11-04;19;350
28;2025-11-04;20;261
28;2025-11-04;21;206
28;2025-11-04;22;90
28;2025-11-04;23;8
28;2025-11-05;0;0
28;2025-11-05;1;0
28;2025-11-05;2;0
28;2025-11-05;3;0
28;2025-11-05;4;2
28;2025-11-05;5;79
28;2025-11-05;6;262
28;2025-11-05;7;819
28;2025-11-05;8;1286
28;2025-11-05;9;843
28;2025-11-05;10;638
28;2025-11-05;11;594
28;2025-11-05;12;738
28;2025-11-05;13;749
28;2025-11-05;14;706
28;2025-11-05;15;711
28;2025-11-05;16;903
28;2025-11-05;17;1051
28;2025-11-05;18;1011
28;2025-11-05;19;750
28;2025-11-05;20;496
28;2025-11-05;21;313
28;2025-11-05;22;113
28;2025-11-05;23;9
28;2025-11-06;0;0
28;2025-11-06;1;0
28;2025-11-06;2;0
28;2025-11-06;3;0
28;2025-11-06;4;1
28;2025-11-06;5;76
28;2025-11-06;6;252
28;2025-11-06;7;789
28;2025-11-06;8;1233
28;2025-11-06;9;805
28;2025-11-06;10;613
28;2025-11-06;11;569
28;2025-11-06;12;707
28;2025-11-06;13;723
28;2025-11-06;14;682
28;2025-11-06;15;690
28;2025-11-06;16;868
28;2025-11-06;17;1009
28;2025-11-06;18;966
28;2025-11-06;19;715
28;2025-11-06;20;473
28;2025-11-06;21;302
28;2025-11-06;22;110
28;2025-11-06;23;9
28;2025-11-07;0;0
28;2025-11-07;1;0
28;2025-11-07;2;0
28;2025-11-07;3;0
28;2025-11-07;4;1
28;2025-11-07;5;80
28;2025-11-07;6;262
28;2025-11-07;7;813
28;2025-11-07;8;1248
28;2025-11-07;9;817
28;2025-11-07;10;626
28;2025-11-07;11;587
28;2025-11-07;12;733
28;2025-11-07;13;751
28;2025-11-07;14;723
28;2025-11-07;15;743
28;2025-11-07;16;950
28;2025-11-07;17;1027
28;2025-11-07;18;887
28;2025-11-07;19;685
28;2025-11-07;20;473
28;2025-11-07;21;316
28;2025-11-07;22;113
28;2025-11-07;23;12
28;2025-11-08;0;1
28;2025-11-08;1;0
28;2025-11-08;2;0
28;2025-11-08;3;0
28;2025-11-08;4;1
28;2025-11-08;5;37
28;2025-11-08;6;103
28;2025-11-08;7;236
28;2025-11-08;8;397
28;2025-11-08;9;459
28;2025-11-08;10;492
28;2025-11-08;11;496
28;2025-11-08;12;597
28;2025-11-08;13;599
28;2025-11-08;14;548
28;2025-11-08;15;607
28;2025-11-08;16;585
28;2025-11-08;17;571
28;2025-11-08;18;482
28;2025-11-08;19;386
28;2025-11-08;20;287
28;2025-11-08;21;245
28;2025-11-08;22;109
28;2025-11-08;23;15
28;2025-11-09;0;0
28;2025-11-09;1;0
28;2025-11-09;2;0
28;2025-11-09;3;0
28;2025-11-09;4;0
28;2025-11-09;5;30
28;2025-11-09;6;77
28;2025-11-09;7;167
28;2025-11-09;8;269
28;2025-11-09;9;332
28;2025-11-09;10;384
28;2025-11-09;11;433
28;2025-11-09;12;468
28;2025-11-09;13;537
28;2025-11-09;14;526
28;2025-11-09;15;527
28;2025-11-09;16;490
28;2025-11-09;17;495
28;2025-11-09;18;431
28;2025-11-09;19;367
28;2025-11-09;20;277
28;2025-11-09;21;224
28;2025-11-09;22;98
28;2025-11-09;23;10
28;2025-11-10;0;0
28;2025-11-10;1;0
28;2025-11-10;2;0
28;2025-11-10;3;0
28;2025-11-10;4;1
28;2025-11-10;5;77
28;2025-11-10;6;252
28;2025-11-10;7;799
28;2025-11-10;8;1250
28;2025-11-10;9;812
28;2025-11-10;10;612
28;2025-11-10;11;565
28;2025-11-10;12;697
28;2025-11-10;13;712
28;2025-11-10;14;674
28;2025-11-10;15;683
28;2025-11-10;16;866
28;2025-11-10;17;1005
28;2025-11-10;18;964
28;2025-11-10;19;715
28;2025-11-10;20;473
28;2025-11-10;21;295
28;2025-11-10;22;107
28;2025-11-10;23;7
28;2025-11-11;0;0
28;2025-11-11;1;0
28;2025-11-11;2;0
28;2025-11-11;3;0
28;2025-11-11;4;1
28;2025-11-11;5;78
28;2025-11-11;6;256
28;2025-11-11;7;813
28;2025-11-11;8;1276
28;2025-11-11;9;825
28;2025-11-11;10;628
28;2025-11-11;11;582
28;2025-11-11;12;715
28;2025-11-11;13;733
28;2025-11-11;14;693
28;2025-11-11;15;701
28;2025-11-11;16;884
28;2025-11-11;17;1025
28;2025-11-11;18;989
28;2025-11-11;19;727
28;2025-11-11;20;485
28;2025-11-11;21;304
28;2025-11-11;22;111
28;2025-11-11;23;9
28;2025-11-12;0;0
28;2025-11-12;1;0
28;2025-11-12;2;0
28;2025-11-12;3;0
28;2025-11-12;4;1
28;2025-11-12;5;80
28;2025-11-12;6;262
28;2025-11-12;7;827
28;2025-11-12;8;1289
28;2025-11-12;9;851
28;2025-11-12;10;647
28;2025-11-12;11;602
28;2025-11-12;12;739
28;2025-11-12;13;757
28;2025-11-12;14;713
28;2025-11-12;15;718
28;2025-11-12;16;913
28;2025-11-12;17;1053
28;2025-11-12;18;1011
28;2025-11-12;19;750
28;2025-11-12;20;499
28;2025-11-12;21;313
28;2025-11-12;22;114
28;2025-11-12;23;10
28;2025-11-13;0;0
28;2025-11-13;1;0
28;2025-11-13;2;0
28;2025-11-13;3;0
28;2025-11-13;4;1
28;2025-11-13;5;78
28;2025-11-13;6;256
28;2025-11-13;7;807
28;2025-11-13;8;1254
28;2025-11-13;9;821
28;2025-11-13;10;626
28;2025-11-13;11;583
28;2025-11-13;12;717
28;2025-11-13;13;737
28;2025-11-13;14;696
28;2025-11-13;15;706
28;2025-11-13;16;887
28;2025-11-13;17;1025
28;2025-11-13;18;983
28;2025-11-13;19;729
28;2025-11-13;20;488
28;2025-11-13;21;307
28;2025-11-13;22;113
28;2025-11-13;23;10
28;2025-11-14;0;0
28;2025-11-14;1;0
28;2025-11-14;2;0
28;2025-11-14;3;0
28;2025-11-14;4;1
28;2025-11-14;5;80
28;2025-11-14;6;264
28;2025-11-14;7;824
28;2025-11-14;8;1267
28;2025-11-14;9;836
28;2025-11-14;10;639
28;2025-11-14;11;598
28;2025-11-14;12;746
28;2025-11-14;13;769
28;2025-11-14;14;730
28;2025-11-14;15;752
28;2025-11-14;16;961
28;2025-11-14;17;1038
28;2025-11-14;18;897
28;2025-11-14;19;694
28;2025-11-14;20;481
28;2025-11-14;21;317
28;2025-11-14;22;113
28;2025-11-14;23;10
28;2025-11-15;0;2
28;2025-11-15;1;0
28;2025-11-15;2;0
28;2025-11-15;3;0
28;2025-11-15;4;1
28;2025-11-15;5;34
28;2025-11-15;6;99
28;2025-11-15;7;226
28;2025-11-15;8;378
28;2025-11-15;9;447
28;2025-11-15;10;474
28;2025-11-15;11;480
28;2025-11-15;12;574
28;2025-11-15;13;581
28;2025-11-15;14;536
28;2025-11-15;15;585
28;2025-11-15;16;565
28;2025-11-15;17;554
28;2025-11-15;18;467
28;2025-11-15;19;369
28;2025-11-15;20;274
28;2025-11-15;21;236
28;2025-11-15;22;103
28;2025-11-15;23;14
28;2025-11-16;0;0
28;2025-11-16;1;0
28;2025-11-16;2;0
28;2025-11-16;3;0
28;2025-11-16;4;0
28;2025-11-16;5;30
28;2025-11-16;6;76
28;2025-11-16;7;165
28;2025-11-16;8;269
28;2025-11-16;9;333
28;2025-11-16;10;389
28;2025-11-16;11;437
28;2025-11-16;12;472
28;2025-11-16;13;544
28;2025-11-16;14;535
28;2025-11-16;15;533
28;2025-11-16;16;495
28;2025-11-16;17;501
28;2025-11-16;18;437
28;2025-11-16;19;366
28;2025-11-16;20;281
28;2025-11-16;21;226
28;2025-11-16;22;100
28;2025-11-16;23;10
28;2025-11-17;0;0
28;2025-11-17;1;0
28;2025-11-17;2;0
28;2025-11-17;3;0
28;2025-11-17;4;1
28;2025-11-17;5;76
28;2025-11-17;6;252
28;2025-11-17;7;791
28;2025-11-17;8;1227
28;2025-11-17;9;807
28;2025-11-17;10;608
28;2025-11-17;11;563
28;2025-11-17;12;688
28;2025-11-17;13;702
28;2025-11-17;14;660
28;2025-11-17;15;669
28;2025-11-17;16;848
28;2025-11-17;17;987
28;2025-11-17;18;949
28;2025-11-17;19;702
28;2025-11-17;20;462
28;2025-11-17;21;292
28;2025-11-17;22;106
28;2025-11-17;23;9
28;2025-11-18;0;0
28;2025-11-18;1;0
28;2025-11-18;2;0
28;2025-11-18;3;0
28;2025-11-18;4;2
28;2025-11-18;5;74
28;2025-11-18;6;251
28;2025-11-18;7;780
28;2025-11-18;8;1223
28;2025-11-18;9;798
28;2025-11-18;10;605
28;2025-11-18;11;562
28;2025-11-18;12;692
28;2025-11-18;13;707
28;2025-11-18;14;664
28;2025-11-18;15;669
28;2025-11-18;16;846
28;2025-11-18;17;995
28;2025-11-18;18;958
28;2025-11-18;19;709
28;2025-11-18;20;466
28;2025-11-18;21;293
28;2025-11-18;22;106
28;2025-11-18;23;8
28;2025-11-19;0;0
28;2025-11-19;1;0
28;2025-11-19;2;0
28;2025-11-19;3;0
28;2025-11-19;4;1
28;2025-11-19;5;81
28;2025-11-19;6;270
28;2025-11-19;7;844
28;2025-11-19;8;1310
28;2025-11-19;9;870
28;2025-11-19;10;657
28;2025-11-19;11;609
28;2025-11-19;12;753
28;2025-11-19;13;768
28;2025-11-19;14;722
28;2025-11-19;15;729
28;2025-11-19;16;923
28;2025-11-19;17;1068
28;2025-11-19;18;1025
28;2025-11-19;19;756
28;2025-11-19;20;503
28;2025-11-19;21;318
28;2025-11-19;22;115
28;2025-11-19;23;11
28;2025-11-20;0;0
28;2025-11-20;1;0
28;2025-11-20;2;0
28;2025-11-20;3;0
28;2025-11-20;4;1
28;2025-11-20;5;78
28;2025-11-20;6;258
28;2025-11-20;7;818
28;2025-11-20;8;1266
28;2025-11-20;9;835
28;2025-11-20;10;634
28;2025-11-20;11;588
28;2025-11-20;12;725
28;2025-11-20;13;742
28;2025-11-20;14;699
28;2025-11-20;15;713
28;2025-11-20;16;893
28;2025-11-20;17;1032
28;2025-11-20;18;989
28;2025-11-20;19;729
28;2025-11-20;20;485
28;2025-11-20;21;306
28;2025-11-20;22;114
28;2025-11-20;23;11
28;2025-11-21;0;0
28;2025-11-21;1;0
28;2025-11-21;2;0
28;2025-11-21;3;0
28;2025-11-21;4;1
28;2025-11-21;5;81
28;2025-11-21;6;267
28;2025-11-21;7;833
28;2025-11-21;8;1272
28;2025-11-21;9;849
28;2025-11-21;10;646
28;2025-11-21;11;606
28;2025-11-21;12;746
28;2025-11-21;13;769
28;2025-11-21;14;733
28;2025-11-21;15;758
28;2025-11-21;16;968
28;2025-11-21;17;1042
28;2025-11-21;18;904
28;2025-11-21;19;692
28;2025-11-21;20;480
28;2025-11-21;21;319
28;2025-11-21;22;115
28;2025-11-21;23;13
28;2025-11-22;0;1
28;2025-11-22;1;0
28;2025-11-22;2;0
28;2025-11-22;3;0
28;2025-11-22;4;1
28;2025-11-22;5;35
28;2025-11-22;6;100
28;2025-11-22;7;230
28;2025-11-22;8;385
28;2025-11-22;9;456
28;2025-11-22;10;487
28;2025-11-22;11;493
28;2025-11-22;12;591
28;2025-11-22;13;596
28;2025-11-22;14;550
28;2025-11-22;15;599
28;2025-11-22;16;581
28;2025-11-22;17;566
28;2025-11-22;18;474
28;2025-11-22;19;374
28;2025-11-22;20;279
28;2025-11-22;21;240
28;2025-11-22;22;104
28;2025-11-22;23;14
28;2025-11-23;0;0
28;2025-11-23;1;0
28;2025-11-23;2;0
28;2025-11-23;3;0
28;2025-11-23;4;0
28;2025-11-23;5;29
28;2025-11-23;6;76
28;2025-11-23;7;166
28;2025-11-23;8;269
28;2025-11-23;9;333
28;2025-11-23;10;389
28;2025-11-23;11;438
28;2025-11-23;12;473
28;2025-11-23;13;546
28;2025-11-23;14;534
28;2025-11-23;15;533
28;2025-11-23;16;494
28;2025-11-23;17;500
28;2025-11-23;18;435
28;2025-11-23;19;364
28;2025-11-23;20;278
28;2025-11-23;21;226
28;2025-11-23;22;99
28;2025-11-23;23;10
28;2025-11-24;0;0
28;2025-11-24;1;0
28;2025-11-24;2;0
28;2025-11-24;3;0
28;2025-11-24;4;1
28;2025-11-24;5;73
28;2025-11-24;6;247
28;2025-11-24;7;774
28;2025-11-24;8;1204
28;2025-11-24;9;790
28;2025-11-24;10;596
28;2025-11-24;11;550
28;2025-11-24;12;675
28;2025-11-24;13;692
28;2025-11-24;14;651
28;2025-11-24;15;656
28;2025-11-24;16;834
28;2025-11-24;17;975
28;2025-11-24;18;938
28;2025-11-24;19;692
28;2025-11-24;20;454
28;2025-11-24;21;285
28;2025-11-24;22;103
28;2025-11-24;23;8
28;2025-11-25;0;0
28;2025-11-25;1;0
28;2025-11-25;2;0
28;2025-11-25;3;0
28;2025-11-25;4;1
28;2025-11-25;5;79
28;2025-11-25;6;258
28;2025-11-25;7;820
28;2025-11-25;8;1280
28;2025-11-25;9;841
28;2025-11-25;10;636
28;2025-11-25;11;589
28;2025-11-25;12;723
28;2025-11-25;13;740
28;2025-11-25;14;699
28;2025-11-25;15;705
28;2025-11-25;16;890
28;2025-11-25;17;1032
28;2025-11-25;18;993
28;2025-11-25;19;725
28;2025-11-25;20;483
28;2025-11-25;21;305
28;2025-11-25;22;113
28;2025-11-25;23;11
28;2025-11-26;0;0
28;2025-11-26;1;0
28;2025-11-26;2;0
28;2025-11-26;3;0
28;2025-11-26;4;1
28;2025-11-26;5;78
28;2025-11-26;6;263
28;2025-11-26;7;822
28;2025-11-26;8;1283
28;2025-11-26;9;847
28;2025-11-26;10;644
28;2025-11-26;11;593
28;2025-11-26;12;731
28;2025-11-26;13;745
28;2025-11-26;14;705
28;2025-11-26;15;713
28;2025-11-26;16;899
28;2025-11-26;17;1039
28;2025-11-26;18;996
28;2025-11-26;19;735
28;2025-11-26;20;487
28;2025-11-26;21;308
28;2025-11-26;22;112
28;2025-11-26;23;9
28;2025-11-27;0;0
28;2025-11-27;1;0
28;2025-11-27;2;0
28;2025-11-27;3;0
28;2025-11-27;4;1
28;2025-11-27;5;76
28;2025-11-27;6;252
28;2025-11-27;7;795
28;2025-11-27;8;1239
28;2025-11-27;9;813
28;2025-11-27;10;622
28;2025-11-27;11;573
28;2025-11-27;12;710
28;2025-11-27;13;724
28;2025-11-27;14;681
28;2025-11-27;15;692
28;2025-11-27;16;869
28;2025-11-27;17;1012
28;2025-11-27;18;967
28;2025-11-27;19;715
28;2025-11-27;20;472
28;2025-11-27;21;299
28;2025-11-27;22;109
28;2025-11-27;23;8
28;2025-11-28;0;0
28;2025-11-28;1;0
28;2025-11-28;2;0
28;2025-11-28;3;0
28;2025-11-28;4;2
28;2025-11-28;5;80
28;2025-11-28;6;263
28;2025-11-28;7;819
28;2025-11-28;8;1256
28;2025-11-28;9;832
28;2025-11-28;10;637
28;2025-11-28;11;597
28;2025-11-28;12;735
28;2025-11-28;13;759
28;2025-11-28;14;727
28;2025-11-28;15;746
28;2025-11-28;16;953
28;2025-11-28;17;1033
28;2025-11-28;18;892
28;2025-11-28;19;686
28;2025-11-28;20;474
28;2025-11-28;21;313
28;2025-11-28;22;113
28;2025-11-28;23;12
28;2025-11-29;0;1
28;2025-11-29;1;0
28;2025-11-29;2;0
28;2025-11-29;3;0
28;2025-11-29;4;1
28;2025-11-29;5;36
28;2025-11-29;6;103
28;2025-11-29;7;236
28;2025-11-29;8;397
28;2025-11-29;9;473
28;2025-11-29;10;505
28;2025-11-29;11;513
28;2025-11-29;12;613
28;2025-11-29;13;618
28;2025-11-29;14;571
28;2025-11-29;15;617
28;2025-11-29;16;599
28;2025-11-29;17;582
28;2025-11-29;18;486
28;2025-11-29;19;383
28;2025-11-29;20;285
28;2025-11-29;21;248
28;2025-11-29;22;108
28;2025-11-29;23;15
28;2025-11-30;0;0
28;2025-11-30;1;0
28;2025-11-30;2;0
28;2025-11-30;3;0
28;2025-11-30;4;0
28;2025-11-30;5;29
28;2025-11-30;6;75
28;2025-11-30;7;167
28;2025-11-30;8;270
28;2025-11-30;9;334
28;2025-11-30;10;391
28;2025-11-30;11;437
28;2025-11-30;12;473
28;2025-11-30;13;547
28;2025-11-30;14;534
28;2025-11-30;15;534
28;2025-11-30;16;498
28;2025-11-30;17;501
28;2025-11-30;18;433
28;2025-11-30;19;366
28;2025-11-30;20;279
28;2025-11-30;21;224
28;2025-11-30;22;99
28;2025-11-30;23;10
28;2025-12-01;0;0
28;2025-12-01;1;0
28;2025-12-01;2;0
28;2025-12-01;3;0
28;2025-12-01;4;2
28;2025-12-01;5;79
28;2025-12-01;6;259
28;2025-12-01;7;820
28;2025-12-01;8;1276
28;2025-12-01;9;840
28;2025-12-01;10;630
28;2025-12-01;11;584
28;2025-12-01;12;717
28;2025-12-01;13;733
28;2025-12-01;14;690
28;2025-12-01;15;697
28;2025-12-01;16;888
28;2025-12-01;17;1030
28;2025-12-01;18;981
28;2025-12-01;19;720
28;2025-12-01;20;478
28;2025-12-01;21;301
28;2025-12-01;22;108
28;2025-12-01;23;9
28;2025-12-02;0;0
28;2025-12-02;1;0
28;2025-12-02;2;0
28;2025-12-02;3;0
28;2025-12-02;4;1
28;2025-12-02;5;80
28;2025-12-02;6;264
28;2025-12-02;7;834
28;2025-12-02;8;1304
28;2025-12-02;9;855
28;2025-12-02;10;648
28;2025-12-02;11;601
28;2025-12-02;12;735
28;2025-12-02;13;753
28;2025-12-02;14;711
28;2025-12-02;15;719
28;2025-12-02;16;905
28;2025-12-02;17;1048
28;2025-12-02;18;1006
28;2025-12-02;19;732
28;2025-12-02;20;490
28;2025-12-02;21;310
28;2025-12-02;22;115
28;2025-12-02;23;11
28;2025-12-03;0;0
28;2025-12-03;1;0
28;2025-12-03;2;0
28;2025-12-03;3;0
28;2025-12-03;4;1
28;2025-12-03;5;83
28;2025-12-03;6;274
28;2025-12-03;7;860
28;2025-12-03;8;1341
28;2025-12-03;9;893
28;2025-12-03;10;672
28;2025-12-03;11;626
28;2025-12-03;12;769
28;2025-12-03;13;785
28;2025-12-03;14;739
28;2025-12-03;15;747
28;2025-12-03;16;947
28;2025-12-03;17;1089
28;2025-12-03;18;1040
28;2025-12-03;19;764
28;2025-12-03;20;512
28;2025-12-03;21;324
28;2025-12-03;22;117
28;2025-12-03;23;11
28;2025-12-04;0;0
28;2025-12-04;1;0
28;2025-12-04;2;0
28;2025-12-04;3;0
28;2025-12-04;4;1
28;2025-12-04;5;80
28;2025-12-04;6;260
28;2025-12-04;7;830
28;2025-12-04;8;1294
28;2025-12-04;9;850
28;2025-12-04;10;645
28;2025-12-04;11;603
28;2025-12-04;12;737
28;2025-12-04;13;758
28;2025-12-04;14;715
28;2025-12-04;15;731
28;2025-12-04;16;915
28;2025-12-04;17;1053
28;2025-12-04;18;1004
28;2025-12-04;19;720
28;2025-12-04;20;497
28;2025-12-04;21;314
28;2025-12-04;22;116
28;2025-12-04;23;10
28;2025-12-05;0;0
28;2025-12-05;1;0
28;2025-12-05;2;0
28;2025-12-05;3;0
28;2025-12-05;4;1
28;2025-12-05;5;82
28;2025-12-05;6;271
28;2025-12-05;7;854
28;2025-12-05;8;1306
28;2025-12-05;9;869
28;2025-12-05;10;663
28;2025-12-05;11;622
28;2025-12-05;12;763
28;2025-12-05;13;792
28;2025-12-05;14;755
28;2025-12-05;15;781
28;2025-12-05;16;995
28;2025-12-05;17;1068
28;2025-12-05;18;920
28;2025-12-05;19;708
28;2025-12-05;20;494
28;2025-12-05;21;326
28;2025-12-05;22;117
28;2025-12-05;23;13
28;2025-12-06;0;1
28;2025-12-06;1;0
28;2025-12-06;2;0
28;2025-12-06;3;0
28;2025-12-06;4;1
28;2025-12-06;5;37
28;2025-12-06;6;104
28;2025-12-06;7;239
28;2025-12-06;8;404
28;2025-12-06;9;476
28;2025-12-06;10;509
28;2025-12-06;11;516
28;2025-12-06;12;616
28;2025-12-06;13;622
28;2025-12-06;14;570
28;2025-12-06;15;620
28;2025-12-06;16;606
28;2025-12-06;17;590
28;2025-12-06;18;490
28;2025-12-06;19;386
28;2025-12-06;20;290
28;2025-12-06;21;249
28;2025-12-06;22;109
28;2025-12-06;23;15
28;2025-12-07;0;0
28;2025-12-07;1;0
28;2025-12-07;2;0
28;2025-12-07;3;0
28;2025-12-07;4;0
28;2025-12-07;5;29
28;2025-12-07;6;77
28;2025-12-07;7;169
28;2025-12-07;8;274
28;2025-12-07;9;339
28;2025-12-07;10;396
28;2025-12-07;11;444
28;2025-12-07;12;480
28;2025-12-07;13;553
28;2025-12-07;14;541
28;2025-12-07;15;539
28;2025-12-07;16;503
28;2025-12-07;17;510
28;2025-12-07;18;441
28;2025-12-07;19;369
28;2025-12-07;20;282
28;2025-12-07;21;229
28;2025-12-07;22;101
28;2025-12-07;23;10
28;2025-12-08;0;0
28;2025-12-08;1;0
28;2025-12-08;2;0
28;2025-12-08;3;0
28;2025-12-08;4;1
28;2025-12-08;5;79
28;2025-12-08;6;260
28;2025-12-08;7;822
28;2025-12-08;8;1280
28;2025-12-08;9;844
28;2025-12-08;10;635
28;2025-12-08;11;587
28;2025-12-08;12;720
28;2025-12-08;13;738
28;2025-12-08;14;694
28;2025-12-08;15;701
28;2025-12-08;16;890
28;2025-12-08;17;1033
28;2025-12-08;18;983
28;2025-12-08;19;722
28;2025-12-08;20;478
28;2025-12-08;21;302
28;2025-12-08;22;109
28;2025-12-08;23;10
28;2025-12-09;0;0
28;2025-12-09;1;0
28;2025-12-09;2;0
28;2025-12-09;3;0
28;2025-12-09;4;1
28;2025-12-09;5;80
28;2025-12-09;6;263
28;2025-12-09;7;834
28;2025-12-09;8;1300
28;2025-12-09;9;856
28;2025-12-09;10;649
28;2025-12-09;11;599
28;2025-12-09;12;736
28;2025-12-09;13;755
28;2025-12-09;14;710
28;2025-12-09;15;717
28;2025-12-09;16;903
28;2025-12-09;17;1043
28;2025-12-09;18;1004
28;2025-12-09;19;732
28;2025-12-09;20;489
28;2025-12-09;21;308
28;2025-12-09;22;113
28;2025-12-09;23;11
28;2025-12-10;0;0
28;2025-12-10;1;0
28;2025-12-10;2;0
28;2025-12-10;3;0
28;2025-12-10;4;1
28;2025-12-10;5;81
28;2025-12-10;6;270
28;2025-12-10;7;852
28;2025-12-10;8;1324
28;2025-12-10;9;884
28;2025-12-10;10;667
28;2025-12-10;11;620
28;2025-12-10;12;764
28;2025-12-10;13;779
28;2025-12-10;14;730
28;2025-12-10;15;739
28;2025-12-10;16;933
28;2025-12-10;17;1072
28;2025-12-10;18;1028
28;2025-12-10;19;754
28;2025-12-10;20;504
28;2025-12-10;21;320
28;2025-12-10;22;117
28;2025-12-10;23;11
28;2025-12-11;0;0
28;2025-12-11;1;0
28;2025-12-11;2;0
28;2025-12-11;3;0
28;2025-12-11;4;1
28;2025-12-11;5;78
28;2025-12-11;6;259
28;2025-12-11;7;813
28;2025-12-11;8;1265
28;2025-12-11;9;831
28;2025-12-11;10;635
28;2025-12-11;11;589
28;2025-12-11;12;722
28;2025-12-11;13;744
28;2025-12-11;14;703
28;2025-12-11;15;714
28;2025-12-11;16;891
28;2025-12-11;17;1031
28;2025-12-11;18;981
28;2025-12-11;19;721
28;2025-12-11;20;482
28;2025-12-11;21;304
28;2025-12-11;22;113
28;2025-12-11;23;8
28;2025-12-12;0;0
28;2025-12-12;1;0
28;2025-12-12;2;0
28;2025-12-12;3;0
28;2025-12-12;4;2
28;2025-12-12;5;82
28;2025-12-12;6;271
28;2025-12-12;7;835
28;2025-12-12;8;1279
28;2025-12-12;9;853
28;2025-12-12;10;654
28;2025-12-12;11;611
28;2025-12-12;12;749
28;2025-12-12;13;774
28;2025-12-12;14;741
28;2025-12-12;15;759
28;2025-12-12;16;966
28;2025-12-12;17;1042
28;2025-12-12;18;896
28;2025-12-12;19;689
28;2025-12-12;20;478
28;2025-12-12;21;317
28;2025-12-12;22;114
28;2025-12-12;23;12
28;2025-12-13;0;1
28;2025-12-13;1;0
28;2025-12-13;2;0
28;2025-12-13;3;0
28;2025-12-13;4;1
28;2025-12-13;5;36
28;2025-12-13;6;102
28;2025-12-13;7;236
28;2025-12-13;8;398
28;2025-12-13;9;476
28;2025-12-13;10;510
28;2025-12-13;11;516
28;2025-12-13;12;614
28;2025-12-13;13;623
28;2025-12-13;14;575
28;2025-12-13;15;615
28;2025-12-13;16;604
28;2025-12-13;17;585
28;2025-12-13;18;487
28;2025-12-13;19;385
28;2025-12-13;20;284
28;2025-12-13;21;247
28;2025-12-13;22;108
28;2025-12-13;23;15
28;2025-12-14;0;0
28;2025-12-14;1;0
28;2025-12-14;2;0
28;2025-12-14;3;0
28;2025-12-14;4;0
28;2025-12-14;5;30
28;2025-12-14;6;77
28;2025-12-14;7;167
28;2025-12-14;8;273
28;2025-12-14;9;337
28;2025-12-14;10;394
28;2025-12-14;11;442
28;2025-12-14;12;481
28;2025-12-14;13;553
28;2025-12-14;14;540
28;2025-12-14;15;536
28;2025-12-14;16;503
28;2025-12-14;17;507
28;2025-12-14;18;441
28;2025-12-14;19;366
28;2025-12-14;20;282
28;2025-12-14;21;227
28;2025-12-14;22;99
28;2025-12-14;23;11
28;2025-12-15;0;0
28;2025-12-15;1;0
28;2025-12-15;2;0
28;2025-12-15;3;0
28;2025-12-15;4;1
28;2025-12-15;5;78
28;2025-12-15;6;260
28;2025-12-15;7;820
28;2025-12-15;8;1277
28;2025-12-15;9;847
28;2025-12-15;10;646
28;2025-12-15;11;592
28;2025-12-15;12;727
28;2025-12-15;13;742
28;2025-12-15;14;694
28;2025-12-15;15;701
28;2025-12-15;16;889
28;2025-12-15;17;1034
28;2025-12-15;18;986
28;2025-12-15;19;726
28;2025-12-15;20;482
28;2025-12-15;21;304
28;2025-12-15;22;111
28;2025-12-15;23;9
28;2025-12-16;0;0
28;2025-12-16;1;0
28;2025-12-16;2;0
28;2025-12-16;3;0
28;2025-12-16;4;1
28;2025-12-16;5;79
28;2025-12-16;6;263
28;2025-12-16;7;836
28;2025-12-16;8;1297
28;2025-12-16;9;859
28;2025-12-16;10;652
28;2025-12-16;11;606
28;2025-12-16;12;738
28;2025-12-16;13;754
28;2025-12-16;14;707
28;2025-12-16;15;716
28;2025-12-16;16;901
28;2025-12-16;17;1047
28;2025-12-16;18;1008
28;2025-12-16;19;733
28;2025-12-16;20;489
28;2025-12-16;21;310
28;2025-12-16;22;114
28;2025-12-16;23;11
28;2025-12-17;0;0
28;2025-12-17;1;0
28;2025-12-17;2;0
28;2025-12-17;3;0
28;2025-12-17;4;1
28;2025-12-17;5;83
28;2025-12-17;6;275
28;2025-12-17;7;861
28;2025-12-17;8;1345
28;2025-12-17;9;895
28;2025-12-17;10;677
28;2025-12-17;11;631
28;2025-12-17;12;774
28;2025-12-17;13;790
28;2025-12-17;14;746
28;2025-12-17;15;752
28;2025-12-17;16;954
28;2025-12-17;17;1094
28;2025-12-17;18;1044
28;2025-12-17;19;767
28;2025-12-17;20;515
28;2025-12-17;21;325
28;2025-12-17;22;118
28;2025-12-17;23;11
28;2025-12-18;0;0
28;2025-12-18;1;0
28;2025-12-18;2;0
28;2025-12-18;3;0
28;2025-12-18;4;1
28;2025-12-18;5;81
28;2025-12-18;6;264
28;2025-12-18;7;835
28;2025-12-18;8;1296
28;2025-12-18;9;858
28;2025-12-18;10;650
28;2025-12-18;11;607
28;2025-12-18;12;742
28;2025-12-18;13;764
28;2025-12-18;14;719
28;2025-12-18;15;732
28;2025-12-18;16;917
28;2025-12-18;17;1057
28;2025-12-18;18;1007
28;2025-12-18;19;738
28;2025-12-18;20;495
28;2025-12-18;21;314
28;2025-12-18;22;117
28;2025-12-18;23;11
28;2025-12-19;0;0
28;2025-12-19;1;0
28;2025-12-19;2;0
28;2025-12-19;3;0
28;2025-12-19;4;1
28;2025-12-19;5;84
28;2025-12-19;6;275
28;2025-12-19;7;859
28;2025-12-19;8;1311
28;2025-12-19;9;877
28;2025-12-19;10;669
28;2025-12-19;11;625
28;2025-12-19;12;769
28;2025-12-19;13;796
28;2025-12-19;14;759
28;2025-12-19;15;782
28;2025-12-19;16;996
28;2025-12-19;17;1071
28;2025-12-19;18;924
28;2025-12-19;19;705
28;2025-12-19;20;492
28;2025-12-19;21;326
28;2025-12-19;22;118
28;2025-12-19;23;13
28;2025-12-20;0;1
28;2025-12-20;1;0
28;2025-12-20;2;0
28;2025-12-20;3;0
28;2025-12-20;4;1
28;2025-12-20;5;36
28;2025-12-20;6;104
28;2025-12-20;7;240
28;2025-12-20;8;404
28;2025-12-20;9;480
28;2025-12-20;10;514
28;2025-12-20;11;522
28;2025-12-20;12;623
28;2025-12-20;13;628
28;2025-12-20;14;579
28;2025-12-20;15;625
28;2025-12-20;16;609
28;2025-12-20;17;591
28;2025-12-20;18;492
28;2025-12-20;19;387
28;2025-12-20;20;289
28;2025-12-20;21;251
28;2025-12-20;22;108
28;2025-12-20;23;15
28;2025-12-21;0;0
28;2025-12-21;1;0
28;2025-12-21;2;0
28;2025-12-21;3;0
28;2025-12-21;4;0
28;2025-12-21;5;30
28;2025-12-21;6;77
28;2025-12-21;7;167
28;2025-12-21;8;273
28;2025-12-21;9;337
28;2025-12-21;10;395
28;2025-12-21;11;443
28;2025-12-21;12;478
28;2025-12-21;13;552
28;2025-12-21;14;541
28;2025-12-21;15;539
28;2025-12-21;16;503
28;2025-12-21;17;508
28;2025-12-21;18;440
28;2025-12-21;19;367
28;2025-12-21;20;281
28;2025-12-21;21;228
28;2025-12-21;22;99
28;2025-12-21;23;10
28;2025-12-22;0;0
28;2025-12-22;1;0
28;2025-12-22;2;0
28;2025-12-22;3;0
28;2025-12-22;4;2
28;2025-12-22;5;79
28;2025-12-22;6;258
28;2025-12-22;7;817
28;2025-12-22;8;1262
28;2025-12-22;9;838
28;2025-12-22;10;628
28;2025-12-22;11;581
28;2025-12-22;12;713
28;2025-12-22;13;730
28;2025-12-22;14;684
28;2025-12-22;15;692
28;2025-12-22;16;879
28;2025-12-22;17;1018
28;2025-12-22;18;971
28;2025-12-22;19;711
28;2025-12-22;20;471
28;2025-12-22;21;297
28;2025-12-22;22;106
28;2025-12-22;23;8
28;2025-12-23;0;0
28;2025-12-23;1;0
28;2025-12-23;2;0
28;2025-12-23;3;0
28;2025-12-23;4;1
28;2025-12-23;5;80
28;2025-12-23;6;266
28;2025-12-23;7;837
28;2025-12-23;8;1302
28;2025-12-23;9;868
28;2025-12-23;10;667
28;2025-12-23;11;610
28;2025-12-23;12;753
28;2025-12-23;13;769
28;2025-12-23;14;715
28;2025-12-23;15;725
28;2025-12-23;16;911
28;2025-12-23;17;1060
28;2025-12-23;18;1017
28;2025-12-23;19;737
28;2025-12-23;20;494
28;2025-12-23;21;310
28;2025-12-23;22;114
28;2025-12-23;23;10
28;2025-12-24;0;0
28;2025-12-24;1;0
28;2025-12-24;2;0
28;2025-12-24;3;0
28;2025-12-24;4;1
28;2025-12-24;5;82
28;2025-12-24;6;275
28;2025-12-24;7;859
28;2025-12-24;8;1338
28;2025-12-24;9;902
28;2025-12-24;10;693
28;2025-12-24;11;638
28;2025-12-24;12;787
28;2025-12-24;13;798
28;2025-12-24;14;742
28;2025-12-24;15;751
28;2025-12-24;16;947
28;2025-12-24;17;1093
28;2025-12-24;18;1043
28;2025-12-24;19;766
28;2025-12-24;20;522
28;2025-12-24;21;330
28;2025-12-24;22;118
28;2025-12-24;23;12
28;2025-12-25;0;0
28;2025-12-25;1;0
28;2025-12-25;2;0
28;2025-12-25;3;0
28;2025-12-25;4;2
28;2025-12-25;5;79
28;2025-12-25;6;260
28;2025-12-25;7;817
28;2025-12-25;8;1267
28;2025-12-25;9;846
28;2025-12-25;10;644
28;2025-12-25;11;601
28;2025-12-25;12;734
28;2025-12-25;13;756
28;2025-12-25;14;706
28;2025-12-25;15;718
28;2025-12-25;16;897
28;2025-12-25;17;1037
28;2025-12-25;18;984
28;2025-12-25;19;719
28;2025-12-25;20;483
28;2025-12-25;21;304
28;2025-12-25;22;115
28;2025-12-25;23;10
28;2025-12-26;0;0
28;2025-12-26;1;0
28;2025-12-26;2;0
28;2025-12-26;3;0
28;2025-12-26;4;1
28;2025-12-26;5;81
28;2025-12-26;6;265
28;2025-12-26;7;822
28;2025-12-26;8;1258
28;2025-12-26;9;841
28;2025-12-26;10;644
28;2025-12-26;11;598
28;2025-12-26;12;738
28;2025-12-26;13;765
28;2025-12-26;14;729
28;2025-12-26;15;750
28;2025-12-26;16;953
28;2025-12-26;17;1030
28;2025-12-26;18;886
28;2025-12-26;19;678
28;2025-12-26;20;470
28;2025-12-26;21;312
28;2025-12-26;22;113
28;2025-12-26;23;13
28;2025-12-27;0;1
28;2025-12-27;1;0
28;2025-12-27;2;0
28;2025-12-27;3;0
28;2025-12-27;4;1
28;2025-12-27;5;35
28;2025-12-27;6;103
28;2025-12-27;7;237
28;2025-12-27;8;400
28;2025-12-27;9;475
28;2025-12-27;10;508
28;2025-12-27;11;516
28;2025-12-27;12;617
28;2025-12-27;13;623
28;2025-12-27;14;573
28;2025-12-27;15;619
28;2025-12-27;16;604
28;2025-12-27;17;587
28;2025-12-27;18;486
28;2025-12-27;19;384
28;2025-12-27;20;286
28;2025-12-27;21;247
28;2025-12-27;22;108
28;2025-12-27;23;15
28;2025-12-28;0;0
28;2025-12-28;1;0
28;2025-12-28;2;0
28;2025-12-28;3;0
28;2025-12-28;4;0
28;2025-12-28;5;29
28;2025-12-28;6;75
28;2025-12-28;7;165
28;2025-12-28;8;271
28;2025-12-28;9;332
28;2025-12-28;10;390
28;2025-12-28;11;434
28;2025-12-28;12;474
28;2025-12-28;13;542
28;2025-12-28;14;532
28;2025-12-28;15;530
28;2025-12-28;16;496
28;2025-12-28;17;501
28;2025-12-28;18;434
28;2025-12-28;19;362
28;2025-12-28;20;278
28;2025-12-28;21;224
28;2025-12-28;22;98
28;2025-12-28;23;10
28;2025-12-29;0;0
28;2025-12-29;1;0
28;2025-12-29;2;0
28;2025-12-29;3;0
28;2025-12-29;4;1
28;2025-12-29;5;65
28;2025-12-29;6;217
28;2025-12-29;7;686
28;2025-12-29;8;1069
28;2025-12-29;9;708
28;2025-12-29;10;535
28;2025-12-29;11;492
28;2025-12-29;12;606
28;2025-12-29;13;622
28;2025-12-29;14;583
28;2025-12-29;15;589
28;2025-12-29;16;743
28;2025-12-29;17;863
28;2025-12-29;18;818
28;2025-12-29;19;604
28;2025-12-29;20;399
28;2025-12-29;21;250
28;2025-12-29;22;91
28;2025-12-29;23;8
28;2025-12-30;0;0
28;2025-12-30;1;0
28;2025-12-30;2;0
28;2025-12-30;3;0
28;2025-12-30;4;1
28;2025-12-30;5;66
28;2025-12-30;6;219
28;2025-12-30;7;694
28;2025-12-30;8;1083
28;2025-12-30;9;716
28;2025-12-30;10;548
28;2025-12-30;11;503
28;2025-12-30;12;617
28;2025-12-30;13;635
28;2025-12-30;14;596
28;2025-12-30;15;605
28;2025-12-30;16;751
28;2025-12-30;17;869
28;2025-12-30;18;823
28;2025-12-30;19;604
28;2025-12-30;20;407
28;2025-12-30;21;256
28;2025-12-30;22;96
28;2025-12-30;23;8
28;2025-12-31;0;0
28;2025-12-31;1;0
28;2025-12-31;2;0
28;2025-12-31;3;0
28;2025-12-31;4;0
28;2025-12-31;5;26
28;2025-12-31;6;70
28;2025-12-31;7;146
28;2025-12-31;8;238
28;2025-12-31;9;294
28;2025-12-31;10;341
28;2025-12-31;11;378
28;2025-12-31;12;412
28;2025-12-31;13;470
28;2025-12-31;14;459
28;2025-12-31;15;457
28;2025-12-31;16;422
28;2025-12-31;17;439
28;2025-12-31;18;397
28;2025-12-31;19;331
28;2025-12-31;20;0
28;2025-12-31;21;0
28;2025-12-31;22;0
28;2025-12-31;23;0
50;2025-11-01;0;22
50;2025-11-01;1;1
50;2025-11-01;2;0
50;2025-11-01;3;0
50;2025-11-01;4;3
50;2025-11-01;5;64
50;2025-11-01;6;474
50;2025-11-01;7;1639
50;2025-11-01;8;2639
50;2025-11-01;9;2023
50;2025-11-01;10;1563
50;2025-11-01;11;1440
50;2025-11-01;12;1360
50;2025-11-01;13;1424
50;2025-11-01;14;1406
50;2025-11-01;15;1613
50;2025-11-01;16;1698
50;2025-11-01;17;2173
50;2025-11-01;18;2062
50;2025-11-01;19;1244
50;2025-11-01;20;803
50;2025-11-01;21;550
50;2025-11-01;22;180
50;2025-11-01;23;136
50;2025-11-02;0;0
50;2025-11-02;1;0
50;2025-11-02;2;0
50;2025-11-02;3;0
50;2025-11-02;4;0
50;2025-11-02;5;0
50;2025-11-02;6;0
50;2025-11-02;7;0
50;2025-11-02;8;0
50;2025-11-02;9;0
50;2025-11-02;10;13
50;2025-11-02;11;16
50;2025-11-02;12;9
50;2025-11-02;13;18
50;2025-11-02;14;59
50;2025-11-02;15;54
50;2025-11-02;16;100
50;2025-11-02;17;74
50;2025-11-02;18;40
50;2025-11-02;19;30
50;2025-11-02;20;31
50;2025-11-02;21;20
50;2025-11-02;22;30
50;2025-11-02;23;4
50;2025-11-03;0;0
50;2025-11-03;1;0
50;2025-11-03;2;0
50;2025-11-03;3;0
50;2025-11-03;4;0
50;2025-11-03;5;0
50;2025-11-03;6;0
50;2025-11-03;7;0
50;2025-11-03;8;0
50;2025-11-03;9;0
50;2025-11-03;10;12
50;2025-11-03;11;15
50;2025-11-03;12;8
50;2025-11-03;13;17
50;2025-11-03;14;56
50;2025-11-03;15;51
50;2025-11-03;16;95
50;2025-11-03;17;70
50;2025-11-03;18;38
50;2025-11-03;19;28
50;2025-11-03;20;29
50;2025-11-03;21;19
50;2025-11-03;22;28
50;2025-11-03;23;4
50;2025-11-04;0;0
50;2025-11-04;1;0
50;2025-11-04;2;0
50;2025-11-04;3;0
50;2025-11-04;4;0
50;2025-11-04;5;0
50;2025-11-04;6;0
50;2025-11-04;7;0
50;2025-11-04;8;0
50;2025-11-04;9;0
50;2025-11-04;10;12
50;2025-11-04;11;15
50;2025-11-04;12;8
50;2025-11-04;13;17
50;2025-11-04;14;56
50;2025-11-04;15;51
50;2025-11-04;16;95
50;2025-11-04;17;70
50;2025-11-04;18;38
50;2025-11-04;19;28
50;2025-11-04;20;29
50;2025-11-04;21;19
50;2025-11-04;22;28
50;2025-11-04;23;4
50;2025-11-05;0;24
50;2025-11-05;1;2
50;2025-11-05;2;0
50;2025-11-05;3;0
50;2025-11-05;4;3
50;2025-11-05;5;68
50;2025-11-05;6;515
50;2025-11-05;7;1760
50;2025-11-05;8;2851
50;2025-11-05;9;2174
50;2025-11-05;10;1669
50;2025-11-05;11;1532
50;2025-11-05;12;1450
50;2025-11-05;13;1504
50;2025-11-05;14;1485
50;2025-11-05;15;1683
50;2025-11-05;16;1769
50;2025-11-05;17;2338
50;2025-11-05;18;2335
50;2025-11-05;19;1365
50;2025-11-05;20;875
50;2025-11-05;21;606
50;2025-11-05;22;223
50;2025-11-05;23;144
50;2025-11-06;0;24
50;2025-11-06;1;2
50;2025-11-06;2;0
50;2025-11-06;3;0
50;2025-11-06;4;3
50;2025-11-06;5;69
50;2025-11-06;6;525
50;2025-11-06;7;1800
50;2025-11-06;8;2898
50;2025-11-06;9;2217
50;2025-11-06;10;1698
50;2025-11-06;11;1554
50;2025-11-06;12;1477
50;2025-11-06;13;1535
50;2025-11-06;14;1518
50;2025-11-06;15;1728
50;2025-11-06;16;1800
50;2025-11-06;17;2397
50;2025-11-06;18;2390
50;2025-11-06;19;1401
50;2025-11-06;20;903
50;2025-11-06;21;620
50;2025-11-06;22;233
50;2025-11-06;23;148
50;2025-11-07;0;25
50;2025-11-07;1;2
50;2025-11-07;2;0
50;2025-11-07;3;0
50;2025-11-07;4;3
50;2025-11-07;5;67
50;2025-11-07;6;505
50;2025-11-07;7;1730
50;2025-11-07;8;2734
50;2025-11-07;9;2100
50;2025-11-07;10;1603
50;2025-11-07;11;1501
50;2025-11-07;12;1428
50;2025-11-07;13;1497
50;2025-11-07;14;1487
50;2025-11-07;15;1743
50;2025-11-07;16;1882
50;2025-11-07;17;2263
50;2025-11-07;18;2005
50;2025-11-07;19;1250
50;2025-11-07;20;837
50;2025-11-07;21;587
50;2025-11-07;22;234
50;2025-11-07;23;161
50;2025-11-08;0;49
50;2025-11-08;1;5
50;2025-11-08;2;0
50;2025-11-08;3;0
50;2025-11-08;4;0
50;2025-11-08;5;1
50;2025-11-08;6;1
50;2025-11-08;7;4
50;2025-11-08;8;5
50;2025-11-08;9;7
50;2025-11-08;10;6
50;2025-11-08;11;15
50;2025-11-08;12;57
50;2025-11-08;13;42
50;2025-11-08;14;37
50;2025-11-08;15;60
50;2025-11-08;16;42
50;2025-11-08;17;30
50;2025-11-08;18;3
50;2025-11-08;19;0
50;2025-11-08;20;2
50;2025-11-08;21;0
50;2025-11-08;22;1
50;2025-11-08;23;0
50;2025-11-09;0;0
50;2025-11-09;1;0
50;2025-11-09;2;0
50;2025-11-09;3;0
50;2025-11-09;4;0
50;2025-11-09;5;0
50;2025-11-09;6;0
50;2025-11-09;7;0
50;2025-11-09;8;0
50;2025-11-09;9;0
50;2025-11-09;10;13
50;2025-11-09;11;16
50;2025-11-09;12;9
50;2025-11-09;13;18
50;2025-11-09;14;59
50;2025-11-09;15;54
50;2025-11-09;16;100
50;2025-11-09;17;74
50;2025-11-09;18;40
50;2025-11-09;19;30
50;2025-11-09;20;31
50;2025-11-09;21;20
50;2025-11-09;22;30
50;2025-11-09;23;4
50;2025-11-10;0;22
50;2025-11-10;1;2
50;2025-11-10;2;0
50;2025-11-10;3;0
50;2025-11-10;4;3
50;2025-11-10;5;68
50;2025-11-10;6;522
50;2025-11-10;7;1798
50;2025-11-10;8;2909
50;2025-11-10;9;2204
50;2025-11-10;10;1680
50;2025-11-10;11;1530
50;2025-11-10;12;1449
50;2025-11-10;13;1515
50;2025-11-10;14;1487
50;2025-11-10;15;1703
50;2025-11-10;16;1784
50;2025-11-10;17;2246
50;2025-11-10;18;2383
50;2025-11-10;19;1376
50;2025-11-10;20;879
50;2025-11-10;21;601
50;2025-11-10;22;223
50;2025-11-10;23;134
50;2025-11-11;0;24
50;2025-11-11;1;2
50;2025-11-11;2;0
50;2025-11-11;3;0
50;2025-11-11;4;3
50;2025-11-11;5;67
50;2025-11-11;6;521
50;2025-11-11;7;1796
50;2025-11-11;8;2901
50;2025-11-11;9;2201
50;2025-11-11;10;1688
50;2025-11-11;11;1544
50;2025-11-11;12;1463
50;2025-11-11;13;1529
50;2025-11-11;14;1497
50;2025-11-11;15;1705
50;2025-11-11;16;1787
50;2025-11-11;17;2392
50;2025-11-11;18;2387
50;2025-11-11;19;1383
50;2025-11-11;20;885
50;2025-11-11;21;603
50;2025-11-11;22;227
50;2025-11-11;23;140
50;2025-11-12;0;23
50;2025-11-12;1;2
50;2025-11-12;2;0
50;2025-11-12;3;0
50;2025-11-12;4;3
50;2025-11-12;5;69
50;2025-11-12;6;521
50;2025-11-12;7;1778
50;2025-11-12;8;2867
50;2025-11-12;9;2191
50;2025-11-12;10;1681
50;2025-11-12;11;1540
50;2025-11-12;12;1465
50;2025-11-12;13;1516
50;2025-11-12;14;1484
50;2025-11-12;15;1687
50;2025-11-12;16;1774
50;2025-11-12;17;2376
50;2025-11-12;18;2359
50;2025-11-12;19;1383
50;2025-11-12;20;874
50;2025-11-12;21;608
50;2025-11-12;22;226
50;2025-11-12;23;144
50;2025-11-13;0;23
50;2025-11-13;1;2
50;2025-11-13;2;0
50;2025-11-13;3;0
50;2025-11-13;4;3
50;2025-11-13;5;69
50;2025-11-13;6;523
50;2025-11-13;7;1799
50;2025-11-13;8;2899
50;2025-11-13;9;2214
50;2025-11-13;10;1703
50;2025-11-13;11;1561
50;2025-11-13;12;1493
50;2025-11-13;13;1539
50;2025-11-13;14;1519
50;2025-11-13;15;1729
50;2025-11-13;16;1808
50;2025-11-13;17;2413
50;2025-11-13;18;2403
50;2025-11-13;19;1407
50;2025-11-13;20;903
50;2025-11-13;21;621
50;2025-11-13;22;237
50;2025-11-13;23;148
50;2025-11-14;0;25
50;2025-11-14;1;2
50;2025-11-14;2;0
50;2025-11-14;3;0
50;2025-11-14;4;3
50;2025-11-14;5;67
50;2025-11-14;6;504
50;2025-11-14;7;1731
50;2025-11-14;8;2752
50;2025-11-14;9;2108
50;2025-11-14;10;1611
50;2025-11-14;11;1506
50;2025-11-14;12;1439
50;2025-11-14;13;1499
50;2025-11-14;14;1499
50;2025-11-14;15;1743
50;2025-11-14;16;1887
50;2025-11-14;17;2263
50;2025-11-14;18;2010
50;2025-11-14;19;1257
50;2025-11-14;20;844
50;2025-11-14;21;584
50;2025-11-14;22;229
50;2025-11-14;23;158
50;2025-11-15;0;71
50;2025-11-15;1;5
50;2025-11-15;2;0
50;2025-11-15;3;0
50;2025-11-15;4;2
50;2025-11-15;5;34
50;2025-11-15;6;177
50;2025-11-15;7;412
50;2025-11-15;8;647
50;2025-11-15;9;717
50;2025-11-15;10;684
50;2025-11-15;11;854
50;2025-11-15;12;864
50;2025-11-15;13;926
50;2025-11-15;14;916
50;2025-11-15;15;874
50;2025-11-15;16;839
50;2025-11-15;17;808
50;2025-11-15;18;700
50;2025-11-15;19;639
50;2025-11-15;20;512
50;2025-11-15;21;410
50;2025-11-15;22;239
50;2025-11-15;23;144
50;2025-11-16;0;50
50;2025-11-16;1;7
50;2025-11-16;2;0
50;2025-11-16;3;0
50;2025-11-16;4;1
50;2025-11-16;5;25
50;2025-11-16;6;114
50;2025-11-16;7;214
50;2025-11-16;8;358
50;2025-11-16;9;478
50;2025-11-16;10;519
50;2025-11-16;11;625
50;2025-11-16;12;682
50;2025-11-16;13;781
50;2025-11-16;14;793
50;2025-11-16;15;691
50;2025-11-16;16;689
50;2025-11-16;17;705
50;2025-11-16;18;668
50;2025-11-16;19;599
50;2025-11-16;20;479
50;2025-11-16;21;399
50;2025-11-16;22;233
50;2025-11-16;23;117
50;2025-11-17;0;22
50;2025-11-17;1;2
50;2025-11-17;2;0
50;2025-11-17;3;0
50;2025-11-17;4;3
50;2025-11-17;5;67
50;2025-11-17;6;522
50;2025-11-17;7;1787
50;2025-11-17;8;2878
50;2025-11-17;9;2202
50;2025-11-17;10;1669
50;2025-11-17;11;1529
50;2025-11-17;12;1436
50;2025-11-17;13;1504
50;2025-11-17;14;1475
50;2025-11-17;15;1690
50;2025-11-17;16;1771
50;2025-11-17;17;2380
50;2025-11-17;18;2393
50;2025-11-17;19;1378
50;2025-11-17;20;877
50;2025-11-17;21;595
50;2025-11-17;22;224
50;2025-11-17;23;133
50;2025-11-18;0;23
50;2025-11-18;1;2
50;2025-11-18;2;0
50;2025-11-18;3;0
50;2025-11-18;4;3
50;2025-11-18;5;68
50;2025-11-18;6;521
50;2025-11-18;7;1772
50;2025-11-18;8;2858
50;2025-11-18;9;2175
50;2025-11-18;10;1653
50;2025-11-18;11;1502
50;2025-11-18;12;1427
50;2025-11-18;13;1488
50;2025-11-18;14;1462
50;2025-11-18;15;1666
50;2025-11-18;16;1748
50;2025-11-18;17;2355
50;2025-11-18;18;2359
50;2025-11-18;19;1373
50;2025-11-18;20;877
50;2025-11-18;21;594
50;2025-11-18;22;219
50;2025-11-18;23;137
50;2025-11-19;0;25
50;2025-11-19;1;2
50;2025-11-19;2;0
50;2025-11-19;3;0
50;2025-11-19;4;3
50;2025-11-19;5;68
50;2025-11-19;6;525
50;2025-11-19;7;1796
50;2025-11-19;8;2885
50;2025-11-19;9;2205
50;2025-11-19;10;1698
50;2025-11-19;11;1566
50;2025-11-19;12;1488
50;2025-11-19;13;1537
50;2025-11-19;14;1510
50;2025-11-19;15;1715
50;2025-11-19;16;1812
50;2025-11-19;17;2402
50;2025-11-19;18;2398
50;2025-11-19;19;1388
50;2025-11-19;20;882
50;2025-11-19;21;605
50;2025-11-19;22;229
50;2025-11-19;23;145
50;2025-11-20;0;25
50;2025-11-20;1;2
50;2025-11-20;2;0
50;2025-11-20;3;0
50;2025-11-20;4;3
50;2025-11-20;5;70
50;2025-11-20;6;529
50;2025-11-20;7;1819
50;2025-11-20;8;2917
50;2025-11-20;9;2234
50;2025-11-20;10;1722
50;2025-11-20;11;1588
50;2025-11-20;12;1512
50;2025-11-20;13;1561
50;2025-11-20;14;1538
50;2025-11-20;15;1760
50;2025-11-20;16;1837
50;2025-11-20;17;2437
50;2025-11-20;18;2451
50;2025-11-20;19;1414
50;2025-11-20;20;907
50;2025-11-20;21;618
50;2025-11-20;22;239
50;2025-11-20;23;147
50;2025-11-21;0;27
50;2025-11-21;1;3
50;2025-11-21;2;0
50;2025-11-21;3;0
50;2025-11-21;4;3
50;2025-11-21;5;67
50;2025-11-21;6;507
50;2025-11-21;7;1748
50;2025-11-21;8;2771
50;2025-11-21;9;2123
50;2025-11-21;10;1630
50;2025-11-21;11;1527
50;2025-11-21;12;1460
50;2025-11-21;13;1520
50;2025-11-21;14;1504
50;2025-11-21;15;1771
50;2025-11-21;16;1910
50;2025-11-21;17;2290
50;2025-11-21;18;2057
50;2025-11-21;19;1267
50;2025-11-21;20;842
50;2025-11-21;21;582
50;2025-11-21;22;233
50;2025-11-21;23;160
50;2025-11-22;0;71
50;2025-11-22;1;5
50;2025-11-22;2;0
50;2025-11-22;3;0
50;2025-11-22;4;2
50;2025-11-22;5;34
50;2025-11-22;6;177
50;2025-11-22;7;412
50;2025-11-22;8;647
50;2025-11-22;9;717
50;2025-11-22;10;684
50;2025-11-22;11;854
50;2025-11-22;12;864
50;2025-11-22;13;926
50;2025-11-22;14;916
50;2025-11-22;15;874
50;2025-11-22;16;839
50;2025-11-22;17;808
50;2025-11-22;18;700
50;2025-11-22;19;639
50;2025-11-22;20;512
50;2025-11-22;21;410
50;2025-11-22;22;239
50;2025-11-22;23;144
50;2025-11-23;0;50
50;2025-11-23;1;7
50;2025-11-23;2;0
50;2025-11-23;3;0
50;2025-11-23;4;1
50;2025-11-23;5;25
50;2025-11-23;6;122
50;2025-11-23;7;238
50;2025-11-23;8;358
50;2025-11-23;9;478
50;2025-11-23;10;519
50;2025-11-23;11;625
50;2025-11-23;12;682
50;2025-11-23;13;781
50;2025-11-23;14;793
50;2025-11-23;15;691
50;2025-11-23;16;689
50;2025-11-23;17;705
50;2025-11-23;18;668
50;2025-11-23;19;599
50;2025-11-23;20;479
50;2025-11-23;21;399
50;2025-11-23;22;233
50;2025-11-23;23;117
50;2025-11-24;0;22
50;2025-11-24;1;2
50;2025-11-24;2;0
50;2025-11-24;3;0
50;2025-11-24;4;3
50;2025-11-24;5;67
50;2025-11-24;6;518
50;2025-11-24;7;1782
50;2025-11-24;8;2876
50;2025-11-24;9;2197
50;2025-11-24;10;1660
50;2025-11-24;11;1510
50;2025-11-24;12;1421
50;2025-11-24;13;1491
50;2025-11-24;14;1463
50;2025-11-24;15;1682
50;2025-11-24;16;1760
50;2025-11-24;17;2371
50;2025-11-24;18;2379
50;2025-11-24;19;1250
50;2025-11-24;20;872
50;2025-11-24;21;596
50;2025-11-24;22;218
50;2025-11-24;23;132
50;2025-11-25;0;25
50;2025-11-25;1;2
50;2025-11-25;2;0
50;2025-11-25;3;0
50;2025-11-25;4;3
50;2025-11-25;5;68
50;2025-11-25;6;522
50;2025-11-25;7;1799
50;2025-11-25;8;2898
50;2025-11-25;9;2206
50;2025-11-25;10;1697
50;2025-11-25;11;1560
50;2025-11-25;12;1477
50;2025-11-25;13;1535
50;2025-11-25;14;1501
50;2025-11-25;15;1720
50;2025-11-25;16;1810
50;2025-11-25;17;2406
50;2025-11-25;18;2409
50;2025-11-25;19;1381
50;2025-11-25;20;883
50;2025-11-25;21;595
50;2025-11-25;22;228
50;2025-11-25;23;140
50;2025-11-26;0;25
50;2025-11-26;1;2
50;2025-11-26;2;0
50;2025-11-26;3;0
50;2025-11-26;4;3
50;2025-11-26;5;69
50;2025-11-26;6;524
50;2025-11-26;7;1792
50;2025-11-26;8;2896
50;2025-11-26;9;2218
50;2025-11-26;10;1698
50;2025-11-26;11;1560
50;2025-11-26;12;1467
50;2025-11-26;13;1527
50;2025-11-26;14;1502
50;2025-11-26;15;1714
50;2025-11-26;16;1798
50;2025-11-26;17;2401
50;2025-11-26;18;2391
50;2025-11-26;19;1386
50;2025-11-26;20;879
50;2025-11-26;21;603
50;2025-11-26;22;224
50;2025-11-26;23;140
50;2025-11-27;0;25
50;2025-11-27;1;2
50;2025-11-27;2;0
50;2025-11-27;3;0
50;2025-11-27;4;3
50;2025-11-27;5;68
50;2025-11-27;6;527
50;2025-11-27;7;1809
50;2025-11-27;8;2931
50;2025-11-27;9;2240
50;2025-11-27;10;1718
50;2025-11-27;11;1570
50;2025-11-27;12;1488
50;2025-11-27;13;1546
50;2025-11-27;14;1521
50;2025-11-27;15;1749
50;2025-11-27;16;1816
50;2025-11-27;17;2428
50;2025-11-27;18;2422
50;2025-11-27;19;1410
50;2025-11-27;20;906
50;2025-11-27;21;618
50;2025-11-27;22;231
50;2025-11-27;23;143
50;2025-11-28;0;25
50;2025-11-28;1;2
50;2025-11-28;2;0
50;2025-11-28;3;0
50;2025-11-28;4;4
50;2025-11-28;5;68
50;2025-11-28;6;504
50;2025-11-28;7;1735
50;2025-11-28;8;2777
50;2025-11-28;9;2123
50;2025-11-28;10;1621
50;2025-11-28;11;1509
50;2025-11-28;12;1441
50;2025-11-28;13;1505
50;2025-11-28;14;1495
50;2025-11-28;15;1752
50;2025-11-28;16;1891
50;2025-11-28;17;2287
50;2025-11-28;18;2033
50;2025-11-28;19;1260
50;2025-11-28;20;839
50;2025-11-28;21;584
50;2025-11-28;22;227
50;2025-11-28;23;159
50;2025-11-29;0;71
50;2025-11-29;1;5
50;2025-11-29;2;0
50;2025-11-29;3;0
50;2025-11-29;4;2
50;2025-11-29;5;34
50;2025-11-29;6;177
50;2025-11-29;7;412
50;2025-11-29;8;647
50;2025-11-29;9;717
50;2025-11-29;10;684
50;2025-11-29;11;854
50;2025-11-29;12;864
50;2025-11-29;13;926
50;2025-11-29;14;916
50;2025-11-29;15;874
50;2025-11-29;16;839
50;2025-11-29;17;808
50;2025-11-29;18;700
50;2025-11-29;19;639
50;2025-11-29;20;512
50;2025-11-29;21;410
50;2025-11-29;22;239
50;2025-11-29;23;144
50;2025-11-30;0;50
50;2025-11-30;1;7
50;2025-11-30;2;0
50;2025-11-30;3;0
50;2025-11-30;4;1
50;2025-11-30;5;25
50;2025-11-30;6;122
50;2025-11-30;7;238
50;2025-11-30;8;358
50;2025-11-30;9;478
50;2025-11-30;10;519
50;2025-11-30;11;625
50;2025-11-30;12;682
50;2025-11-30;13;781
50;2025-11-30;14;793
50;2025-11-30;15;691
50;2025-11-30;16;689
50;2025-11-30;17;705
50;2025-11-30;18;668
50;2025-11-30;19;599
50;2025-11-30;20;479
50;2025-11-30;21;399
50;2025-11-30;22;233
50;2025-11-30;23;117
50;2025-12-01;0;23
50;2025-12-01;1;3
50;2025-12-01;2;0
50;2025-12-01;3;0
50;2025-12-01;4;3
50;2025-12-01;5;69
50;2025-12-01;6;529
50;2025-12-01;7;1818
50;2025-12-01;8;2938
50;2025-12-01;9;2234
50;2025-12-01;10;1705
50;2025-12-01;11;1565
50;2025-12-01;12;1476
50;2025-12-01;13;1539
50;2025-12-01;14;1518
50;2025-12-01;15;1740
50;2025-12-01;16;1833
50;2025-12-01;17;2420
50;2025-12-01;18;2418
50;2025-12-01;19;1392
50;2025-12-01;20;886
50;2025-12-01;21;599
50;2025-12-01;22;224
50;2025-12-01;23;137
50;2025-12-02;0;25
50;2025-12-02;1;2
50;2025-12-02;2;0
50;2025-12-02;3;0
50;2025-12-02;4;3
50;2025-12-02;5;69
50;2025-12-02;6;528
50;2025-12-02;7;1821
50;2025-12-02;8;2931
50;2025-12-02;9;2233
50;2025-12-02;10;1720
50;2025-12-02;11;1584
50;2025-12-02;12;1497
50;2025-12-02;13;1557
50;2025-12-02;14;1523
50;2025-12-02;15;1743
50;2025-12-02;16;1837
50;2025-12-02;17;2431
50;2025-12-02;18;2426
50;2025-12-02;19;1400
50;2025-12-02;20;895
50;2025-12-02;21;602
50;2025-12-02;22;229
50;2025-12-02;23;142
50;2025-12-03;0;26
50;2025-12-03;1;2
50;2025-12-03;2;0
50;2025-12-03;3;0
50;2025-12-03;4;3
50;2025-12-03;5;70
50;2025-12-03;6;530
50;2025-12-03;7;1822
50;2025-12-03;8;2933
50;2025-12-03;9;2239
50;2025-12-03;10;1730
50;2025-12-03;11;1599
50;2025-12-03;12;1516
50;2025-12-03;13;1563
50;2025-12-03;14;1542
50;2025-12-03;15;1750
50;2025-12-03;16;1854
50;2025-12-03;17;2433
50;2025-12-03;18;2410
50;2025-12-03;19;1404
50;2025-12-03;20;890
50;2025-12-03;21;614
50;2025-12-03;22;231
50;2025-12-03;23;147
50;2025-12-04;0;26
50;2025-12-04;1;2
50;2025-12-04;2;0
50;2025-12-04;3;0
50;2025-12-04;4;3
50;2025-12-04;5;71
50;2025-12-04;6;533
50;2025-12-04;7;1837
50;2025-12-04;8;2971
50;2025-12-04;9;2272
50;2025-12-04;10;1755
50;2025-12-04;11;1609
50;2025-12-04;12;1538
50;2025-12-04;13;1586
50;2025-12-04;14;1567
50;2025-12-04;15;1795
50;2025-12-04;16;1867
50;2025-12-04;17;2466
50;2025-12-04;18;2450
50;2025-12-04;19;1432
50;2025-12-04;20;915
50;2025-12-04;21;627
50;2025-12-04;22;239
50;2025-12-04;23;152
50;2025-12-05;0;26
50;2025-12-05;1;2
50;2025-12-05;2;0
50;2025-12-05;3;0
50;2025-12-05;4;2
50;2025-12-05;5;68
50;2025-12-05;6;513
50;2025-12-05;7;1772
50;2025-12-05;8;2817
50;2025-12-05;9;2156
50;2025-12-05;10;1655
50;2025-12-05;11;1545
50;2025-12-05;12;1482
50;2025-12-05;13;1537
50;2025-12-05;14;1542
50;2025-12-05;15;1797
50;2025-12-05;16;1946
50;2025-12-05;17;2316
50;2025-12-05;18;2057
50;2025-12-05;19;1280
50;2025-12-05;20;849
50;2025-12-05;21;589
50;2025-12-05;22;234
50;2025-12-05;23;163
50;2025-12-06;0;73
50;2025-12-06;1;5
50;2025-12-06;2;0
50;2025-12-06;3;0
50;2025-12-06;4;2
50;2025-12-06;5;35
50;2025-12-06;6;182
50;2025-12-06;7;425
50;2025-12-06;8;667
50;2025-12-06;9;739
50;2025-12-06;10;706
50;2025-12-06;11;881
50;2025-12-06;12;891
50;2025-12-06;13;955
50;2025-12-06;14;944
50;2025-12-06;15;901
50;2025-12-06;16;865
50;2025-12-06;17;833
50;2025-12-06;18;722
50;2025-12-06;19;659
50;2025-12-06;20;528
50;2025-12-06;21;423
50;2025-12-06;22;246
50;2025-12-06;23;148
50;2025-12-07;0;52
50;2025-12-07;1;7
50;2025-12-07;2;0
50;2025-12-07;3;0
50;2025-12-07;4;1
50;2025-12-07;5;26
50;2025-12-07;6;126
50;2025-12-07;7;245
50;2025-12-07;8;369
50;2025-12-07;9;493
50;2025-12-07;10;536
50;2025-12-07;11;644
50;2025-12-07;12;703
50;2025-12-07;13;805
50;2025-12-07;14;818
50;2025-12-07;15;712
50;2025-12-07;16;710
50;2025-12-07;17;727
50;2025-12-07;18;689
50;2025-12-07;19;617
50;2025-12-07;20;494
50;2025-12-07;21;411
50;2025-12-07;22;240
50;2025-12-07;23;121
50;2025-12-08;0;23
50;2025-12-08;1;3
50;2025-12-08;2;0
50;2025-12-08;3;0
50;2025-12-08;4;3
50;2025-12-08;5;69
50;2025-12-08;6;529
50;2025-12-08;7;1825
50;2025-12-08;8;2948
50;2025-12-08;9;2244
50;2025-12-08;10;1714
50;2025-12-08;11;1573
50;2025-12-08;12;1490
50;2025-12-08;13;1549
50;2025-12-08;14;1523
50;2025-12-08;15;1748
50;2025-12-08;16;1844
50;2025-12-08;17;2432
50;2025-12-08;18;2427
50;2025-12-08;19;1394
50;2025-12-08;20;887
50;2025-12-08;21;602
50;2025-12-08;22;225
50;2025-12-08;23;138
50;2025-12-09;0;25
50;2025-12-09;1;2
50;2025-12-09;2;0
50;2025-12-09;3;0
50;2025-12-09;4;3
50;2025-12-09;5;70
50;2025-12-09;6;530
50;2025-12-09;7;1829
50;2025-12-09;8;2937
50;2025-12-09;9;2245
50;2025-12-09;10;1729
50;2025-12-09;11;1593
50;2025-12-09;12;1503
50;2025-12-09;13;1566
50;2025-12-09;14;1528
50;2025-12-09;15;1747
50;2025-12-09;16;1839
50;2025-12-09;17;2435
50;2025-12-09;18;2440
50;2025-12-09;19;1405
50;2025-12-09;20;898
50;2025-12-09;21;604
50;2025-12-09;22;228
50;2025-12-09;23;140
50;2025-12-10;0;25
50;2025-12-10;1;2
50;2025-12-10;2;0
50;2025-12-10;3;0
50;2025-12-10;4;3
50;2025-12-10;5;70
50;2025-12-10;6;531
50;2025-12-10;7;1830
50;2025-12-10;8;2946
50;2025-12-10;9;2256
50;2025-12-10;10;1739
50;2025-12-10;11;1611
50;2025-12-10;12;1518
50;2025-12-10;13;1577
50;2025-12-10;14;1544
50;2025-12-10;15;1755
50;2025-12-10;16;1856
50;2025-12-10;17;2438
50;2025-12-10;18;2427
50;2025-12-10;19;1412
50;2025-12-10;20;897
50;2025-12-10;21;616
50;2025-12-10;22;230
50;2025-12-10;23;149
50;2025-12-11;0;25
50;2025-12-11;1;2
50;2025-12-11;2;0
50;2025-12-11;3;0
50;2025-12-11;4;3
50;2025-12-11;5;70
50;2025-12-11;6;537
50;2025-12-11;7;1835
50;2025-12-11;8;2970
50;2025-12-11;9;2270
50;2025-12-11;10;1747
50;2025-12-11;11;1610
50;2025-12-11;12;1522
50;2025-12-11;13;1582
50;2025-12-11;14;1556
50;2025-12-11;15;1787
50;2025-12-11;16;1856
50;2025-12-11;17;2461
50;2025-12-11;18;2447
50;2025-12-11;19;1425
50;2025-12-11;20;917
50;2025-12-11;21;626
50;2025-12-11;22;236
50;2025-12-11;23;147
50;2025-12-12;0;26
50;2025-12-12;1;2
50;2025-12-12;2;0
50;2025-12-12;3;0
50;2025-12-12;4;4
50;2025-12-12;5;69
50;2025-12-12;6;515
50;2025-12-12;7;1769
50;2025-12-12;8;2814
50;2025-12-12;9;2162
50;2025-12-12;10;1659
50;2025-12-12;11;1553
50;2025-12-12;12;1471
50;2025-12-12;13;1544
50;2025-12-12;14;1528
50;2025-12-12;15;1788
50;2025-12-12;16;1933
50;2025-12-12;17;2308
50;2025-12-12;18;2046
50;2025-12-12;19;1272
50;2025-12-12;20;847
50;2025-12-12;21;590
50;2025-12-12;22;232
50;2025-12-12;23;158
50;2025-12-13;0;73
50;2025-12-13;1;5
50;2025-12-13;2;0
50;2025-12-13;3;0
50;2025-12-13;4;2
50;2025-12-13;5;35
50;2025-12-13;6;182
50;2025-12-13;7;425
50;2025-12-13;8;667
50;2025-12-13;9;739
50;2025-12-13;10;706
50;2025-12-13;11;881
50;2025-12-13;12;891
50;2025-12-13;13;955
50;2025-12-13;14;944
50;2025-12-13;15;901
50;2025-12-13;16;865
50;2025-12-13;17;833
50;2025-12-13;18;722
50;2025-12-13;19;659
50;2025-12-13;20;528
50;2025-12-13;21;423
50;2025-12-13;22;246
50;2025-12-13;23;148
50;2025-12-14;0;52
50;2025-12-14;1;7
50;2025-12-14;2;0
50;2025-12-14;3;0
50;2025-12-14;4;1
50;2025-12-14;5;26
50;2025-12-14;6;126
50;2025-12-14;7;245
50;2025-12-14;8;369
50;2025-12-14;9;493
50;2025-12-14;10;536
50;2025-12-14;11;644
50;2025-12-14;12;703
50;2025-12-14;13;805
50;2025-12-14;14;818
50;2025-12-14;15;712
50;2025-12-14;16;710
50;2025-12-14;17;727
50;2025-12-14;18;689
50;2025-12-14;19;617
50;2025-12-14;20;494
50;2025-12-14;21;411
50;2025-12-14;22;240
50;2025-12-14;23;121
50;2025-12-15;0;23
50;2025-12-15;1;2
50;2025-12-15;2;0
50;2025-12-15;3;0
50;2025-12-15;4;3
50;2025-12-15;5;70
50;2025-12-15;6;532
50;2025-12-15;7;1842
50;2025-12-15;8;2974
50;2025-12-15;9;2285
50;2025-12-15;10;1747
50;2025-12-15;11;1601
50;2025-12-15;12;1501
50;2025-12-15;13;1563
50;2025-12-15;14;1539
50;2025-12-15;15;1768
50;2025-12-15;16;1846
50;2025-12-15;17;2455
50;2025-12-15;18;2448
50;2025-12-15;19;1409
50;2025-12-15;20;897
50;2025-12-15;21;611
50;2025-12-15;22;226
50;2025-12-15;23;138
50;2025-12-16;0;25
50;2025-12-16;1;2
50;2025-12-16;2;0
50;2025-12-16;3;0
50;2025-12-16;4;3
50;2025-12-16;5;70
50;2025-12-16;6;536
50;2025-12-16;7;1847
50;2025-12-16;8;2966
50;2025-12-16;9;2274
50;2025-12-16;10;1755
50;2025-12-16;11;1620
50;2025-12-16;12;1516
50;2025-12-16;13;1581
50;2025-12-16;14;1549
50;2025-12-16;15;1757
50;2025-12-16;16;1861
50;2025-12-16;17;2463
50;2025-12-16;18;2467
50;2025-12-16;19;1418
50;2025-12-16;20;909
50;2025-12-16;21;609
50;2025-12-16;22;233
50;2025-12-16;23;143
50;2025-12-17;0;24
50;2025-12-17;1;2
50;2025-12-17;2;0
50;2025-12-17;3;0
50;2025-12-17;4;3
50;2025-12-17;5;71
50;2025-12-17;6;536
50;2025-12-17;7;1838
50;2025-12-17;8;2965
50;2025-12-17;9;2268
50;2025-12-17;10;1755
50;2025-12-17;11;1618
50;2025-12-17;12;1532
50;2025-12-17;13;1589
50;2025-12-17;14;1561
50;2025-12-17;15;1778
50;2025-12-17;16;1869
50;2025-12-17;17;2460
50;2025-12-17;18;2424
50;2025-12-17;19;1413
50;2025-12-17;20;891
50;2025-12-17;21;618
50;2025-12-17;22;230
50;2025-12-17;23;149
50;2025-12-18;0;27
50;2025-12-18;1;2
50;2025-12-18;2;0
50;2025-12-18;3;0
50;2025-12-18;4;3
50;2025-12-18;5;71
50;2025-12-18;6;539
50;2025-12-18;7;1859
50;2025-12-18;8;2989
50;2025-12-18;9;2289
50;2025-12-18;10;1773
50;2025-12-18;11;1640
50;2025-12-18;12;1558
50;2025-12-18;13;1610
50;2025-12-18;14;1580
50;2025-12-18;15;1817
50;2025-12-18;16;1897
50;2025-12-18;17;2494
50;2025-12-18;18;2480
50;2025-12-18;19;1438
50;2025-12-18;20;925
50;2025-12-18;21;631
50;2025-12-18;22;245
50;2025-12-18;23;153
50;2025-12-19;0;27
50;2025-12-19;1;2
50;2025-12-19;2;0
50;2025-12-19;3;0
50;2025-12-19;4;4
50;2025-12-19;5;70
50;2025-12-19;6;519
50;2025-12-19;7;1792
50;2025-12-19;8;2838
50;2025-12-19;9;2179
50;2025-12-19;10;1680
50;2025-12-19;11;1579
50;2025-12-19;12;1502
50;2025-12-19;13;1566
50;2025-12-19;14;1552
50;2025-12-19;15;1818
50;2025-12-19;16;1972
50;2025-12-19;17;2345
50;2025-12-19;18;2089
50;2025-12-19;19;1289
50;2025-12-19;20;859
50;2025-12-19;21;593
50;2025-12-19;22;236
50;2025-12-19;23;163
50;2025-12-20;0;73
50;2025-12-20;1;5
50;2025-12-20;2;0
50;2025-12-20;3;0
50;2025-12-20;4;2
50;2025-12-20;5;35
50;2025-12-20;6;182
50;2025-12-20;7;425
50;2025-12-20;8;667
50;2025-12-20;9;739
50;2025-12-20;10;706
50;2025-12-20;11;881
50;2025-12-20;12;891
50;2025-12-20;13;955
50;2025-12-20;14;944
50;2025-12-20;15;901
50;2025-12-20;16;865
50;2025-12-20;17;833
50;2025-12-20;18;722
50;2025-12-20;19;659
50;2025-12-20;20;528
50;2025-12-20;21;423
50;2025-12-20;22;246
50;2025-12-20;23;148
50;2025-12-21;0;52
50;2025-12-21;1;7
50;2025-12-21;2;0
50;2025-12-21;3;0
50;2025-12-21;4;1
50;2025-12-21;5;26
50;2025-12-21;6;126
50;2025-12-21;7;245
50;2025-12-21;8;369
50;2025-12-21;9;493
50;2025-12-21;10;536
50;2025-12-21;11;644
50;2025-12-21;12;703
50;2025-12-21;13;805
50;2025-12-21;14;818
50;2025-12-21;15;712
50;2025-12-21;16;710
50;2025-12-21;17;727
50;2025-12-21;18;689
50;2025-12-21;19;617
50;2025-12-21;20;494
50;2025-12-21;21;411
50;2025-12-21;22;240
50;2025-12-21;23;121
50;2025-12-22;0;24
50;2025-12-22;1;3
50;2025-12-22;2;0
50;2025-12-22;3;0
50;2025-12-22;4;3
50;2025-12-22;5;70
50;2025-12-22;6;535
50;2025-12-22;7;1841
50;2025-12-22;8;2972
50;2025-12-22;9;2268
50;2025-12-22;10;1733
50;2025-12-22;11;1595
50;2025-12-22;12;1492
50;2025-12-22;13;1570
50;2025-12-22;14;1536
50;2025-12-22;15;1766
50;2025-12-22;16;1853
50;2025-12-22;17;2447
50;2025-12-22;18;2447
50;2025-12-22;19;1402
50;2025-12-22;20;894
50;2025-12-22;21;604
50;2025-12-22;22;224
50;2025-12-22;23;138
50;2025-12-23;0;24
50;2025-12-23;1;2
50;2025-12-23;2;0
50;2025-12-23;3;0
50;2025-12-23;4;3
50;2025-12-23;5;71
50;2025-12-23;6;539
50;2025-12-23;7;1859
50;2025-12-23;8;2988
50;2025-12-23;9;2303
50;2025-12-23;10;1775
50;2025-12-23;11;1633
50;2025-12-23;12;1520
50;2025-12-23;13;1590
50;2025-12-23;14;1542
50;2025-12-23;15;1788
50;2025-12-23;16;1859
50;2025-12-23;17;2482
50;2025-12-23;18;2467
50;2025-12-23;19;1425
50;2025-12-23;20;907
50;2025-12-23;21;611
50;2025-12-23;22;233
50;2025-12-23;23;144
50;2025-12-24;0;25
50;2025-12-24;1;2
50;2025-12-24;2;0
50;2025-12-24;3;0
50;2025-12-24;4;3
50;2025-12-24;5;72
50;2025-12-24;6;539
50;2025-12-24;7;1859
50;2025-12-24;8;2993
50;2025-12-24;9;2318
50;2025-12-24;10;1791
50;2025-12-24;11;1656
50;2025-12-24;12;1553
50;2025-12-24;13;1603
50;2025-12-24;14;1568
50;2025-12-24;15;1800
50;2025-12-24;16;1875
50;2025-12-24;17;2493
50;2025-12-24;18;2459
50;2025-12-24;19;1441
50;2025-12-24;20;921
50;2025-12-24;21;635
50;2025-12-24;22;239
50;2025-12-24;23;150
50;2025-12-25;0;28
50;2025-12-25;1;2
50;2025-12-25;2;0
50;2025-12-25;3;0
50;2025-12-25;4;3
50;2025-12-25;5;72
50;2025-12-25;6;541
50;2025-12-25;7;1863
50;2025-12-25;8;3005
50;2025-12-25;9;2312
50;2025-12-25;10;1789
50;2025-12-25;11;1656
50;2025-12-25;12;1564
50;2025-12-25;13;1615
50;2025-12-25;14;1587
50;2025-12-25;15;1808
50;2025-12-25;16;1896
50;2025-12-25;17;2502
50;2025-12-25;18;2478
50;2025-12-25;19;1438
50;2025-12-25;20;924
50;2025-12-25;21;626
50;2025-12-25;22;243
50;2025-12-25;23;150
50;2025-12-26;0;27
50;2025-12-26;1;2
50;2025-12-26;2;0
50;2025-12-26;3;0
50;2025-12-26;4;4
50;2025-12-26;5;70
50;2025-12-26;6;515
50;2025-12-26;7;1769
50;2025-12-26;8;2811
50;2025-12-26;9;2162
50;2025-12-26;10;1664
50;2025-12-26;11;1549
50;2025-12-26;12;1464
50;2025-12-26;13;1538
50;2025-12-26;14;1526
50;2025-12-26;15;1798
50;2025-12-26;16;1940
50;2025-12-26;17;2318
50;2025-12-26;18;2055
50;2025-12-26;19;1276
50;2025-12-26;20;851
50;2025-12-26;21;586
50;2025-12-26;22;230
50;2025-12-26;23;160
50;2025-12-27;0;73
50;2025-12-27;1;5
50;2025-12-27;2;0
50;2025-12-27;3;0
50;2025-12-27;4;2
50;2025-12-27;5;35
50;2025-12-27;6;182
50;2025-12-27;7;425
50;2025-12-27;8;667
50;2025-12-27;9;739
50;2025-12-27;10;706
50;2025-12-27;11;881
50;2025-12-27;12;891
50;2025-12-27;13;955
50;2025-12-27;14;944
50;2025-12-27;15;901
50;2025-12-27;16;865
50;2025-12-27;17;833
50;2025-12-27;18;722
50;2025-12-27;19;659
50;2025-12-27;20;528
50;2025-12-27;21;423
50;2025-12-27;22;246
50;2025-12-27;23;148
50;2025-12-28;0;52
50;2025-12-28;1;7
50;2025-12-28;2;0
50;2025-12-28;3;0
50;2025-12-28;4;1
50;2025-12-28;5;26
50;2025-12-28;6;126
50;2025-12-28;7;245
50;2025-12-28;8;369
50;2025-12-28;9;465
50;2025-12-28;10;417
50;2025-12-28;11;644
50;2025-12-28;12;703
50;2025-12-28;13;805
50;2025-12-28;14;818
50;2025-12-28;15;712
50;2025-12-28;16;710
50;2025-12-28;17;727
50;2025-12-28;18;689
50;2025-12-28;19;617
50;2025-12-28;20;494
50;2025-12-28;21;411
50;2025-12-28;22;240
50;2025-12-28;23;121
50;2025-12-29;0;20
50;2025-12-29;1;1
50;2025-12-29;2;0
50;2025-12-29;3;0
50;2025-12-29;4;3
50;2025-12-29;5;60
50;2025-12-29;6;457
50;2025-12-29;7;1571
50;2025-12-29;8;2538
50;2025-12-29;9;1943
50;2025-12-29;10;1490
50;2025-12-29;11;1370
50;2025-12-29;12;1285
50;2025-12-29;13;1338
50;2025-12-29;14;1315
50;2025-12-29;15;1501
50;2025-12-29;16;1573
50;2025-12-29;17;2095
50;2025-12-29;18;2074
50;2025-12-29;19;1190
50;2025-12-29;20;756
50;2025-12-29;21;513
50;2025-12-29;22;192
50;2025-12-29;23;118
50;2025-12-30;0;22
50;2025-12-30;1;1
50;2025-12-30;2;0
50;2025-12-30;3;0
50;2025-12-30;4;3
50;2025-12-30;5;60
50;2025-12-30;6;455
50;2025-12-30;7;1573
50;2025-12-30;8;2523
50;2025-12-30;9;1935
50;2025-12-30;10;1495
50;2025-12-30;11;1380
50;2025-12-30;12;1292
50;2025-12-30;13;1349
50;2025-12-30;14;1316
50;2025-12-30;15;1501
50;2025-12-30;16;1579
50;2025-12-30;17;2089
50;2025-12-30;18;2054
50;2025-12-30;19;1197
50;2025-12-30;20;763
50;2025-12-30;21;516
50;2025-12-30;22;195
50;2025-12-30;23;122
50;2025-12-31;0;44
50;2025-12-31;1;6
50;2025-12-31;2;0
50;2025-12-31;3;0
50;2025-12-31;4;1
50;2025-12-31;5;22
50;2025-12-31;6;108
50;2025-12-31;7;210
50;2025-12-31;8;315
50;2025-12-31;9;421
50;2025-12-31;10;458
50;2025-12-31;11;551
50;2025-12-31;12;601
50;2025-12-31;13;688
50;2025-12-31;14;699
50;2025-12-31;15;609
50;2025-12-31;16;607
50;2025-12-31;17;622
50;2025-12-31;18;589
50;2025-12-31;19;528
50;2025-12-31;20;0
50;2025-12-31;21;0
50;2025-12-31;22;0
50;2025-12-31;23;0
