route;date;hour;prediction
1;2025-11-01;0;3
1;2025-11-01;1;0
1;2025-11-01;2;0
1;2025-11-01;3;0
1;2025-11-01;4;8
1;2025-11-01;5;105
1;2025-11-01;6;417
1;2025-11-01;7;1304
1;2025-11-01;8;1652
1;2025-11-01;9;1248
1;2025-11-01;10;1122
1;2025-11-01;11;1115
1;2025-11-01;12;1186
1;2025-11-01;13;1215
1;2025-11-01;14;1148
1;2025-11-01;15;1249
1;2025-11-01;16;1314
1;2025-11-01;17;1529
1;2025-11-01;18;1541
1;2025-11-01;19;1145
1;2025-11-01;20;732
1;2025-11-01;21;396
1;2025-11-01;22;152
1;2025-11-01;23;29
1;2025-11-02;0;0
1;2025-11-02;1;0
1;2025-11-02;2;0
1;2025-11-02;3;0
1;2025-11-02;4;0
1;2025-11-02;5;23
1;2025-11-02;6;115
1;2025-11-02;7;252
1;2025-11-02;8;343
1;2025-11-02;9;600
1;2025-11-02;10;685
1;2025-11-02;11;741
1;2025-11-02;12;778
1;2025-11-02;13;841
1;2025-11-02;14;809
1;2025-11-02;15;732
1;2025-11-02;16;635
1;2025-11-02;17;589
1;2025-11-02;18;537
1;2025-11-02;19;467
1;2025-11-02;20;311
1;2025-11-02;21;271
1;2025-11-02;22;96
1;2025-11-02;23;27
1;2025-11-03;0;0
1;2025-11-03;1;0
1;2025-11-03;2;0
1;2025-11-03;3;0
1;2025-11-03;4;0
1;2025-11-03;5;22
1;2025-11-03;6;110
1;2025-11-03;7;239
1;2025-11-03;8;326
1;2025-11-03;9;570
1;2025-11-03;10;651
1;2025-11-03;11;704
1;2025-11-03;12;739
1;2025-11-03;13;799
1;2025-11-03;14;769
1;2025-11-03;15;695
1;2025-11-03;16;603
1;2025-11-03;17;559
1;2025-11-03;18;511
1;2025-11-03;19;444
1;2025-11-03;20;295
1;2025-11-03;21;257
1;2025-11-03;22;91
1;2025-11-03;23;26
1;2025-11-04;0;0
1;2025-11-04;1;0
1;2025-11-04;2;0
1;2025-11-04;3;0
1;2025-11-04;4;0
1;2025-11-04;5;22
1;2025-11-04;6;110
1;2025-11-04;7;239
1;2025-11-04;8;326
1;2025-11-04;9;570
1;2025-11-04;10;651
1;2025-11-04;11;704
1;2025-11-04;12;739
1;2025-11-04;13;799
1;2025-11-04;14;769
1;2025-11-04;15;695
1;2025-11-04;16;603
1;2025-11-04;17;559
1;2025-11-04;18;511
1;2025-11-04;19;444
1;2025-11-04;20;295
1;2025-11-04;21;257
1;2025-11-04;22;91
1;2025-11-04;23;26
1;2025-11-05;0;3
1;2025-11-05;1;0
1;2025-11-05;2;0
1;2025-11-05;3;0
1;2025-11-05;4;9
1;2025-11-05;5;123
1;2025-11-05;6;490
1;2025-11-05;7;1534
1;2025-11-05;8;1943
1;2025-11-05;9;1468
1;2025-11-05;10;1321
1;2025-11-05;11;1312
1;2025-11-05;12;1395
1;2025-11-05;13;1429
1;2025-11-05;14;1351
1;2025-11-05;15;1469
1;2025-11-05;16;1546
1;2025-11-05;17;1799
1;2025-11-05;18;1813
1;2025-11-05;19;1347
1;2025-11-05;20;861
1;2025-11-05;21;466
1;2025-11-05;22;178
1;2025-11-05;23;34
1;2025-11-06;0;3
1;2025-11-06;1;0
1;2025-11-06;2;0
1;2025-11-06;3;0
1;2025-11-06;4;9
1;2025-11-06;5;123
1;2025-11-06;6;490
1;2025-11-06;7;1534
1;2025-11-06;8;1943
1;2025-11-06;9;1468
1;2025-11-06;10;1321
1;2025-11-06;11;1312
1;2025-11-06;12;1395
1;2025-11-06;13;1429
1;2025-11-06;14;1351
1;2025-11-06;15;1469
1;2025-11-06;16;1546
1;2025-11-06;17;1799
1;2025-11-06;18;1813
1;2025-11-06;19;1347
1;2025-11-06;20;861
1;2025-11-06;21;466
1;2025-11-06;22;178
1;2025-11-06;23;34
1;2025-11-07;0;3
1;2025-11-07;1;0
1;2025-11-07;2;0
1;2025-11-07;3;0
1;2025-11-07;4;9
1;2025-11-07;5;123
1;2025-11-07;6;490
1;2025-11-07;7;1534
1;2025-11-07;8;1943
1;2025-11-07;9;1468
1;2025-11-07;10;1321
1;2025-11-07;11;1312
1;2025-11-07;12;1395
1;2025-11-07;13;1429
1;2025-11-07;14;1351
1;2025-11-07;15;1469
1;2025-11-07;16;1546
1;2025-11-07;17;1799
1;2025-11-07;18;1813
1;2025-11-07;19;1347
1;2025-11-07;20;861
1;2025-11-07;21;466
1;2025-11-07;22;178
1;2025-11-07;23;34
1;2025-11-08;0;3
1;2025-11-08;1;0
1;2025-11-08;2;0
1;2025-11-08;3;0
1;2025-11-08;4;0
1;2025-11-08;5;29
1;2025-11-08;6;155
1;2025-11-08;7;386
1;2025-11-08;8;540
1;2025-11-08;9;788
1;2025-11-08;10;902
1;2025-11-08;11;977
1;2025-11-08;12;1143
1;2025-11-08;13;1188
1;2025-11-08;14;1097
1;2025-11-08;15;1007
1;2025-11-08;16;829
1;2025-11-08;17;742
1;2025-11-08;18;610
1;2025-11-08;19;533
1;2025-11-08;20;410
1;2025-11-08;21;288
1;2025-11-08;22;116
1;2025-11-08;23;25
1;2025-11-09;0;0
1;2025-11-09;1;0
1;2025-11-09;2;0
1;2025-11-09;3;0
1;2025-11-09;4;0
1;2025-11-09;5;23
1;2025-11-09;6;115
1;2025-11-09;7;252
1;2025-11-09;8;343
1;2025-11-09;9;600
1;2025-11-09;10;685
1;2025-11-09;11;741
1;2025-11-09;12;778
1;2025-11-09;13;841
1;2025-11-09;14;809
1;2025-11-09;15;732
1;2025-11-09;16;635
1;2025-11-09;17;589
1;2025-11-09;18;537
1;2025-11-09;19;467
1;2025-11-09;20;311
1;2025-11-09;21;271
1;2025-11-09;22;96
1;2025-11-09;23;27
1;2025-11-10;0;3
1;2025-11-10;1;0
1;2025-11-10;2;0
1;2025-11-10;3;0
1;2025-11-10;4;9
1;2025-11-10;5;123
1;2025-11-10;6;490
1;2025-11-10;7;1534
1;2025-11-10;8;1943
1;2025-11-10;9;1468
1;2025-11-10;10;1321
1;2025-11-10;11;1312
1;2025-11-10;12;1395
1;2025-11-10;13;1429
1;2025-11-10;14;1351
1;2025-11-10;15;1469
1;2025-11-10;16;1546
1;2025-11-10;17;1799
1;2025-11-10;18;1813
1;2025-11-10;19;1347
1;2025-11-10;20;861
1;2025-11-10;21;466
1;2025-11-10;22;178
1;2025-11-10;23;34
1;2025-11-11;0;3
1;2025-11-11;1;0
1;2025-11-11;2;0
1;2025-11-11;3;0
1;2025-11-11;4;9
1;2025-11-11;5;123
1;2025-11-11;6;490
1;2025-11-11;7;1534
1;2025-11-11;8;1943
1;2025-11-11;9;1468
1;2025-11-11;10;1321
1;2025-11-11;11;1312
1;2025-11-11;12;1395
1;2025-11-11;13;1429
1;2025-11-11;14;1351
1;2025-11-11;15;1469
1;2025-11-11;16;1546
1;2025-11-11;17;1799
1;2025-11-11;18;1813
1;2025-11-11;19;1347
1;2025-11-11;20;861
1;2025-11-11;21;466
1;2025-11-11;22;178
1;2025-11-11;23;34
1;2025-11-12;0;3
1;2025-11-12;1;0
1;2025-11-12;2;0
1;2025-11-12;3;0
1;2025-11-12;4;9
1;2025-11-12;5;123
1;2025-11-12;6;490
1;2025-11-12;7;1534
1;2025-11-12;8;1943
1;2025-11-12;9;1468
1;2025-11-12;10;1321
1;2025-11-12;11;1312
1;2025-11-12;12;1395
1;2025-11-12;13;1429
1;2025-11-12;14;1351
1;2025-11-12;15;1469
1;2025-11-12;16;1546
1;2025-11-12;17;1799
1;2025-11-12;18;1813
1;2025-11-12;19;1347
1;2025-11-12;20;861
1;2025-11-12;21;466
1;2025-11-12;22;178
1;2025-11-12;23;34
1;2025-11-13;0;3
1;2025-11-13;1;0
1;2025-11-13;2;0
1;2025-11-13;3;0
1;2025-11-13;4;9
1;2025-11-13;5;123
1;2025-11-13;6;490
1;2025-11-13;7;1534
1;2025-11-13;8;1943
1;2025-11-13;9;1468
1;2025-11-13;10;1321
1;2025-11-13;11;1312
1;2025-11-13;12;1395
1;2025-11-13;13;1429
1;2025-11-13;14;1351
1;2025-11-13;15;1469
1;2025-11-13;16;1546
1;2025-11-13;17;1799
1;2025-11-13;18;1813
1;2025-11-13;19;1347
1;2025-11-13;20;861
1;2025-11-13;21;466
1;2025-11-13;22;178
1;2025-11-13;23;34
1;2025-11-14;0;3
1;2025-11-14;1;0
1;2025-11-14;2;0
1;2025-11-14;3;0
1;2025-11-14;4;9
1;2025-11-14;5;123
1;2025-11-14;6;490
1;2025-11-14;7;1534
1;2025-11-14;8;1943
1;2025-11-14;9;1468
1;2025-11-14;10;1321
1;2025-11-14;11;1312
1;2025-11-14;12;1395
1;2025-11-14;13;1429
1;2025-11-14;14;1351
1;2025-11-14;15;1469
1;2025-11-14;16;1546
1;2025-11-14;17;1799
1;2025-11-14;18;1813
1;2025-11-14;19;1347
1;2025-11-14;20;861
1;2025-11-14;21;466
1;2025-11-14;22;178
1;2025-11-14;23;34
1;2025-11-15;0;3
1;2025-11-15;1;0
1;2025-11-15;2;0
1;2025-11-15;3;0
1;2025-11-15;4;0
1;2025-11-15;5;29
1;2025-11-15;6;155
1;2025-11-15;7;386
1;2025-11-15;8;540
1;2025-11-15;9;788
1;2025-11-15;10;902
1;2025-11-15;11;977
1;2025-11-15;12;1143
1;2025-11-15;13;1188
1;2025-11-15;14;1097
1;2025-11-15;15;1007
1;2025-11-15;16;829
1;2025-11-15;17;742
1;2025-11-15;18;610
1;2025-11-15;19;533
1;2025-11-15;20;410
1;2025-11-15;21;288
1;2025-11-15;22;116
1;2025-11-15;23;25
1;2025-11-16;0;0
1;2025-11-16;1;0
1;2025-11-16;2;0
1;2025-11-16;3;0
1;2025-11-16;4;0
1;2025-11-16;5;23
1;2025-11-16;6;115
1;2025-11-16;7;252
1;2025-11-16;8;343
1;2025-11-16;9;600
1;2025-11-16;10;685
1;2025-11-16;11;741
1;2025-11-16;12;778
1;2025-11-16;13;841
1;2025-11-16;14;809
1;2025-11-16;15;732
1;2025-11-16;16;635
1;2025-11-16;17;589
1;2025-11-16;18;537
1;2025-11-16;19;467
1;2025-11-16;20;311
1;2025-11-16;21;271
1;2025-11-16;22;96
1;2025-11-16;23;27
1;2025-11-17;0;3
1;2025-11-17;1;0
1;2025-11-17;2;0
1;2025-11-17;3;0
1;2025-11-17;4;9
1;2025-11-17;5;123
1;2025-11-17;6;490
1;2025-11-17;7;1534
1;2025-11-17;8;1943
1;2025-11-17;9;1468
1;2025-11-17;10;1321
1;2025-11-17;11;1312
1;2025-11-17;12;1395
1;2025-11-17;13;1429
1;2025-11-17;14;1351
1;2025-11-17;15;1469
1;2025-11-17;16;1546
1;2025-11-17;17;1799
1;2025-11-17;18;1813
1;2025-11-17;19;1347
1;2025-11-17;20;861
1;2025-11-17;21;466
1;2025-11-17;22;178
1;2025-11-17;23;34
1;2025-11-18;0;3
1;2025-11-18;1;0
1;2025-11-18;2;0
1;2025-11-18;3;0
1;2025-11-18;4;9
1;2025-11-18;5;123
1;2025-11-18;6;490
1;2025-11-18;7;1534
1;2025-11-18;8;1943
1;2025-11-18;9;1468
1;2025-11-18;10;1321
1;2025-11-18;11;1312
1;2025-11-18;12;1395
1;2025-11-18;13;1429
1;2025-11-18;14;1351
1;2025-11-18;15;1469
1;2025-11-18;16;1546
1;2025-11-18;17;1799
1;2025-11-18;18;1813
1;2025-11-18;19;1347
1;2025-11-18;20;861
1;2025-11-18;21;466
1;2025-11-18;22;178
1;2025-11-18;23;34
1;2025-11-19;0;3
1;2025-11-19;1;0
1;2025-11-19;2;0
1;2025-11-19;3;0
1;2025-11-19;4;9
1;2025-11-19;5;123
1;2025-11-19;6;490
1;2025-11-19;7;1534
1;2025-11-19;8;1943
1;2025-11-19;9;1468
1;2025-11-19;10;1321
1;2025-11-19;11;1312
1;2025-11-19;12;1395
1;2025-11-19;13;1429
1;2025-11-19;14;1351
1;2025-11-19;15;1469
1;2025-11-19;16;1546
1;2025-11-19;17;1799
1;2025-11-19;18;1813
1;2025-11-19;19;1347
1;2025-11-19;20;861
1;2025-11-19;21;466
1;2025-11-19;22;178
1;2025-11-19;23;34
1;2025-11-20;0;3
1;2025-11-20;1;0
1;2025-11-20;2;0
1;2025-11-20;3;0
1;2025-11-20;4;9
1;2025-11-20;5;123
1;2025-11-20;6;490
1;2025-11-20;7;1534
1;2025-11-20;8;1943
1;2025-11-20;9;1468
1;2025-11-20;10;1321
1;2025-11-20;11;1312
1;2025-11-20;12;1395
1;2025-11-20;13;1429
1;2025-11-20;14;1351
1;2025-11-20;15;1469
1;2025-11-20;16;1546
1;2025-11-20;17;1799
1;2025-11-20;18;1813
1;2025-11-20;19;1347
1;2025-11-20;20;861
1;2025-11-20;21;466
1;2025-11-20;22;178
1;2025-11-20;23;34
1;2025-11-21;0;3
1;2025-11-21;1;0
1;2025-11-21;2;0
1;2025-11-21;3;0
1;2025-11-21;4;9
1;2025-11-21;5;123
1;2025-11-21;6;490
1;2025-11-21;7;1534
1;2025-11-21;8;1943
1;2025-11-21;9;1468
1;2025-11-21;10;1321
1;2025-11-21;11;1312
1;2025-11-21;12;1395
1;2025-11-21;13;1429
1;2025-11-21;14;1351
1;2025-11-21;15;1469
1;2025-11-21;16;1546
1;2025-11-21;17;1799
1;2025-11-21;18;1813
1;2025-11-21;19;1347
1;2025-11-21;20;861
1;2025-11-21;21;466
1;2025-11-21;22;178
1;2025-11-21;23;34
1;2025-11-22;0;3
1;2025-11-22;1;0
1;2025-11-22;2;0
1;2025-11-22;3;0
1;2025-11-22;4;0
1;2025-11-22;5;29
1;2025-11-22;6;155
1;2025-11-22;7;386
1;2025-11-22;8;540
1;2025-11-22;9;788
1;2025-11-22;10;902
1;2025-11-22;11;977
1;2025-11-22;12;1143
1;2025-11-22;13;1188
1;2025-11-22;14;1097
1;2025-11-22;15;1007
1;2025-11-22;16;829
1;2025-11-22;17;742
1;2025-11-22;18;610
1;2025-11-22;19;533
1;2025-11-22;20;410
1;2025-11-22;21;288
1;2025-11-22;22;116
1;2025-11-22;23;25
1;2025-11-23;0;0
1;2025-11-23;1;0
1;2025-11-23;2;0
1;2025-11-23;3;0
1;2025-11-23;4;0
1;2025-11-23;5;23
1;2025-11-23;6;115
1;2025-11-23;7;252
1;2025-11-23;8;343
1;2025-11-23;9;600
1;2025-11-23;10;685
1;2025-11-23;11;741
1;2025-11-23;12;778
1;2025-11-23;13;841
1;2025-11-23;14;809
1;2025-11-23;15;732
1;2025-11-23;16;635
1;2025-11-23;17;589
1;2025-11-23;18;537
1;2025-11-23;19;467
1;2025-11-23;20;311
1;2025-11-23;21;271
1;2025-11-23;22;96
1;2025-11-23;23;27
1;2025-11-24;0;3
1;2025-11-24;1;0
1;2025-11-24;2;0
1;2025-11-24;3;0
1;2025-11-24;4;9
1;2025-11-24;5;123
1;2025-11-24;6;490
1;2025-11-24;7;1534
1;2025-11-24;8;1943
1;2025-11-24;9;1468
1;2025-11-24;10;1321
1;2025-11-24;11;1312
1;2025-11-24;12;1395
1;2025-11-24;13;1429
1;2025-11-24;14;1351
1;2025-11-24;15;1469
1;2025-11-24;16;1546
1;2025-11-24;17;1799
1;2025-11-24;18;1813
1;2025-11-24;19;1347
1;2025-11-24;20;861
1;2025-11-24;21;466
1;2025-11-24;22;178
1;2025-11-24;23;34
1;2025-11-25;0;3
1;2025-11-25;1;0
1;2025-11-25;2;0
1;2025-11-25;3;0
1;2025-11-25;4;9
1;2025-11-25;5;123
1;2025-11-25;6;490
1;2025-11-25;7;1534
1;2025-11-25;8;1943
1;2025-11-25;9;1468
1;2025-11-25;10;1321
1;2025-11-25;11;1312
1;2025-11-25;12;1395
1;2025-11-25;13;1429
1;2025-11-25;14;1351
1;2025-11-25;15;1469
1;2025-11-25;16;1546
1;2025-11-25;17;1799
1;2025-11-25;18;1813
1;2025-11-25;19;1347
1;2025-11-25;20;861
1;2025-11-25;21;466
1;2025-11-25;22;178
1;2025-11-25;23;34
1;2025-11-26;0;3
1;2025-11-26;1;0
1;2025-11-26;2;0
1;2025-11-26;3;0
1;2025-11-26;4;9
1;2025-11-26;5;123
1;2025-11-26;6;490
1;2025-11-26;7;1534
1;2025-11-26;8;1943
1;2025-11-26;9;1468
1;2025-11-26;10;1321
1;2025-11-26;11;1312
1;2025-11-26;12;1395
1;2025-11-26;13;1429
1;2025-11-26;14;1351
1;2025-11-26;15;1469
1;2025-11-26;16;1546
1;2025-11-26;17;1799
1;2025-11-26;18;1813
1;2025-11-26;19;1347
1;2025-11-26;20;861
1;2025-11-26;21;466
1;2025-11-26;22;178
1;2025-11-26;23;34
1;2025-11-27;0;3
1;2025-11-27;1;0
1;2025-11-27;2;0
1;2025-11-27;3;0
1;2025-11-27;4;9
1;2025-11-27;5;123
1;2025-11-27;6;490
1;2025-11-27;7;1534
1;2025-11-27;8;1943
1;2025-11-27;9;1468
1;2025-11-27;10;1321
1;2025-11-27;11;1312
1;2025-11-27;12;1395
1;2025-11-27;13;1429
1;2025-11-27;14;1351
1;2025-11-27;15;1469
1;2025-11-27;16;1546
1;2025-11-27;17;1799
1;2025-11-27;18;1813
1;2025-11-27;19;1347
1;2025-11-27;20;861
1;2025-11-27;21;466
1;2025-11-27;22;178
1;2025-11-27;23;34
1;2025-11-28;0;3
1;2025-11-28;1;0
1;2025-11-28;2;0
1;2025-11-28;3;0
1;2025-11-28;4;9
1;2025-11-28;5;123
1;2025-11-28;6;490
1;2025-11-28;7;1534
1;2025-11-28;8;1943
1;2025-11-28;9;1468
1;2025-11-28;10;1321
1;2025-11-28;11;1312
1;2025-11-28;12;1395
1;2025-11-28;13;1429
1;2025-11-28;14;1351
1;2025-11-28;15;1469
1;2025-11-28;16;1546
1;2025-11-28;17;1799
1;2025-11-28;18;1813
1;2025-11-28;19;1347
1;2025-11-28;20;861
1;2025-11-28;21;466
1;2025-11-28;22;178
1;2025-11-28;23;34
1;2025-11-29;0;3
1;2025-11-29;1;0
1;2025-11-29;2;0
1;2025-11-29;3;0
1;2025-11-29;4;0
1;2025-11-29;5;29
1;2025-11-29;6;155
1;2025-11-29;7;386
1;2025-11-29;8;540
1;2025-11-29;9;788
1;2025-11-29;10;902
1;2025-11-29;11;977
1;2025-11-29;12;1143
1;2025-11-29;13;1188
1;2025-11-29;14;1097
1;2025-11-29;15;1007
1;2025-11-29;16;829
1;2025-11-29;17;742
1;2025-11-29;18;610
1;2025-11-29;19;533
1;2025-11-29;20;410
1;2025-11-29;21;288
1;2025-11-29;22;116
1;2025-11-29;23;25
1;2025-11-30;0;0
1;2025-11-30;1;0
1;2025-11-30;2;0
1;2025-11-30;3;0
1;2025-11-30;4;0
1;2025-11-30;5;23
1;2025-11-30;6;115
1;2025-11-30;7;252
1;2025-11-30;8;343
1;2025-11-30;9;600
1;2025-11-30;10;685
1;2025-11-30;11;741
1;2025-11-30;12;778
1;2025-11-30;13;841
1;2025-11-30;14;809
1;2025-11-30;15;732
1;2025-11-30;16;635
1;2025-11-30;17;589
1;2025-11-30;18;537
1;2025-11-30;19;467
1;2025-11-30;20;311
1;2025-11-30;21;271
1;2025-11-30;22;96
1;2025-11-30;23;27
1;2025-12-01;0;3
1;2025-12-01;1;0
1;2025-12-01;2;0
1;2025-12-01;3;0
1;2025-12-01;4;9
1;2025-12-01;5;127
1;2025-12-01;6;506
1;2025-12-01;7;1582
1;2025-12-01;8;2004
1;2025-12-01;9;1514
1;2025-12-01;10;1362
1;2025-12-01;11;1352
1;2025-12-01;12;1438
1;2025-12-01;13;1473
1;2025-12-01;14;1393
1;2025-12-01;15;1515
1;2025-12-01;16;1594
1;2025-12-01;17;1855
1;2025-12-01;18;1869
1;2025-12-01;19;1389
1;2025-12-01;20;888
1;2025-12-01;21;481
1;2025-12-01;22;184
1;2025-12-01;23;35
1;2025-12-02;0;3
1;2025-12-02;1;0
1;2025-12-02;2;0
1;2025-12-02;3;0
1;2025-12-02;4;9
1;2025-12-02;5;127
1;2025-12-02;6;506
1;2025-12-02;7;1582
1;2025-12-02;8;2004
1;2025-12-02;9;1514
1;2025-12-02;10;1362
1;2025-12-02;11;1352
1;2025-12-02;12;1438
1;2025-12-02;13;1473
1;2025-12-02;14;1393
1;2025-12-02;15;1515
1;2025-12-02;16;1594
1;2025-12-02;17;1855
1;2025-12-02;18;1869
1;2025-12-02;19;1389
1;2025-12-02;20;888
1;2025-12-02;21;481
1;2025-12-02;22;184
1;2025-12-02;23;35
1;2025-12-03;0;3
1;2025-12-03;1;0
1;2025-12-03;2;0
1;2025-12-03;3;0
1;2025-12-03;4;9
1;2025-12-03;5;127
1;2025-12-03;6;506
1;2025-12-03;7;1582
1;2025-12-03;8;2004
1;2025-12-03;9;1514
1;2025-12-03;10;1362
1;2025-12-03;11;1352
1;2025-12-03;12;1438
1;2025-12-03;13;1473
1;2025-12-03;14;1393
1;2025-12-03;15;1515
1;2025-12-03;16;1594
1;2025-12-03;17;1855
1;2025-12-03;18;1869
1;2025-12-03;19;1389
1;2025-12-03;20;888
1;2025-12-03;21;481
1;2025-12-03;22;184
1;2025-12-03;23;35
1;2025-12-04;0;3
1;2025-12-04;1;0
1;2025-12-04;2;0
1;2025-12-04;3;0
1;2025-12-04;4;9
1;2025-12-04;5;127
1;2025-12-04;6;506
1;2025-12-04;7;1582
1;2025-12-04;8;2004
1;2025-12-04;9;1514
1;2025-12-04;10;1362
1;2025-12-04;11;1352
1;2025-12-04;12;1438
1;2025-12-04;13;1473
1;2025-12-04;14;1393
1;2025-12-04;15;1515
1;2025-12-04;16;1594
1;2025-12-04;17;1855
1;2025-12-04;18;1869
1;2025-12-04;19;1389
1;2025-12-04;20;888
1;2025-12-04;21;481
1;2025-12-04;22;184
1;2025-12-04;23;35
1;2025-12-05;0;3
1;2025-12-05;1;0
1;2025-12-05;2;0
1;2025-12-05;3;0
1;2025-12-05;4;9
1;2025-12-05;5;127
1;2025-12-05;6;506
1;2025-12-05;7;1582
1;2025-12-05;8;2004
1;2025-12-05;9;1514
1;2025-12-05;10;1362
1;2025-12-05;11;1352
1;2025-12-05;12;1438
1;2025-12-05;13;1473
1;2025-12-05;14;1393
1;2025-12-05;15;1515
1;2025-12-05;16;1594
1;2025-12-05;17;1855
1;2025-12-05;18;1869
1;2025-12-05;19;1389
1;2025-12-05;20;888
1;2025-12-05;21;481
1;2025-12-05;22;184
1;2025-12-05;23;35
1;2025-12-06;0;3
1;2025-12-06;1;0
1;2025-12-06;2;0
1;2025-12-06;3;0
1;2025-12-06;4;0
1;2025-12-06;5;30
1;2025-12-06;6;160
1;2025-12-06;7;398
1;2025-12-06;8;557
1;2025-12-06;9;813
1;2025-12-06;10;931
1;2025-12-06;11;1007
1;2025-12-06;12;1179
1;2025-12-06;13;1225
1;2025-12-06;14;1131
1;2025-12-06;15;1038
1;2025-12-06;16;855
1;2025-12-06;17;765
1;2025-12-06;18;629
1;2025-12-06;19;550
1;2025-12-06;20;423
1;2025-12-06;21;297
1;2025-12-06;22;120
1;2025-12-06;23;26
1;2025-12-07;0;0
1;2025-12-07;1;0
1;2025-12-07;2;0
1;2025-12-07;3;0
1;2025-12-07;4;0
1;2025-12-07;5;24
1;2025-12-07;6;119
1;2025-12-07;7;260
1;2025-12-07;8;354
1;2025-12-07;9;618
1;2025-12-07;10;706
1;2025-12-07;11;764
1;2025-12-07;12;802
1;2025-12-07;13;867
1;2025-12-07;14;834
1;2025-12-07;15;755
1;2025-12-07;16;654
1;2025-12-07;17;607
1;2025-12-07;18;554
1;2025-12-07;19;482
1;2025-12-07;20;321
1;2025-12-07;21;279
1;2025-12-07;22;99
1;2025-12-07;23;28
1;2025-12-08;0;3
1;2025-12-08;1;0
1;2025-12-08;2;0
1;2025-12-08;3;0
1;2025-12-08;4;9
1;2025-12-08;5;127
1;2025-12-08;6;506
1;2025-12-08;7;1582
1;2025-12-08;8;2004
1;2025-12-08;9;1514
1;2025-12-08;10;1362
1;2025-12-08;11;1352
1;2025-12-08;12;1438
1;2025-12-08;13;1473
1;2025-12-08;14;1393
1;2025-12-08;15;1515
1;2025-12-08;16;1594
1;2025-12-08;17;1855
1;2025-12-08;18;1869
1;2025-12-08;19;1389
1;2025-12-08;20;888
1;2025-12-08;21;481
1;2025-12-08;22;184
1;2025-12-08;23;35
1;2025-12-09;0;3
1;2025-12-09;1;0
1;2025-12-09;2;0
1;2025-12-09;3;0
1;2025-12-09;4;9
1;2025-12-09;5;127
1;2025-12-09;6;506
1;2025-12-09;7;1582
1;2025-12-09;8;2004
1;2025-12-09;9;1514
1;2025-12-09;10;1362
1;2025-12-09;11;1352
1;2025-12-09;12;1438
1;2025-12-09;13;1473
1;2025-12-09;14;1393
1;2025-12-09;15;1515
1;2025-12-09;16;1594
1;2025-12-09;17;1855
1;2025-12-09;18;1869
1;2025-12-09;19;1389
1;2025-12-09;20;888
1;2025-12-09;21;481
1;2025-12-09;22;184
1;2025-12-09;23;35
1;2025-12-10;0;3
1;2025-12-10;1;0
1;2025-12-10;2;0
1;2025-12-10;3;0
1;2025-12-10;4;9
1;2025-12-10;5;127
1;2025-12-10;6;506
1;2025-12-10;7;1582
1;2025-12-10;8;2004
1;2025-12-10;9;1514
1;2025-12-10;10;1362
1;2025-12-10;11;1352
1;2025-12-10;12;1438
1;2025-12-10;13;1473
1;2025-12-10;14;1393
1;2025-12-10;15;1515
1;2025-12-10;16;1594
1;2025-12-10;17;1855
1;2025-12-10;18;1869
1;2025-12-10;19;1389
1;2025-12-10;20;888
1;2025-12-10;21;481
1;2025-12-10;22;184
1;2025-12-10;23;35
1;2025-12-11;0;3
1;2025-12-11;1;0
1;2025-12-11;2;0
1;2025-12-11;3;0
1;2025-12-11;4;9
1;2025-12-11;5;127
1;2025-12-11;6;506
1;2025-12-11;7;1582
1;2025-12-11;8;2004
1;2025-12-11;9;1514
1;2025-12-11;10;1362
1;2025-12-11;11;1352
1;2025-12-11;12;1438
1;2025-12-11;13;1473
1;2025-12-11;14;1393
1;2025-12-11;15;1515
1;2025-12-11;16;1594
1;2025-12-11;17;1855
1;2025-12-11;18;1869
1;2025-12-11;19;1389
1;2025-12-11;20;888
1;2025-12-11;21;481
1;2025-12-11;22;184
1;2025-12-11;23;35
1;2025-12-12;0;3
1;2025-12-12;1;0
1;2025-12-12;2;0
1;2025-12-12;3;0
1;2025-12-12;4;9
1;2025-12-12;5;127
1;2025-12-12;6;506
1;2025-12-12;7;1582
1;2025-12-12;8;2004
1;2025-12-12;9;1514
1;2025-12-12;10;1362
1;2025-12-12;11;1352
1;2025-12-12;12;1438
1;2025-12-12;13;1473
1;2025-12-12;14;1393
1;2025-12-12;15;1515
1;2025-12-12;16;1594
1;2025-12-12;17;1855
1;2025-12-12;18;1869
1;2025-12-12;19;1389
1;2025-12-12;20;888
1;2025-12-12;21;481
1;2025-12-12;22;184
1;2025-12-12;23;35
1;2025-12-13;0;3
1;2025-12-13;1;0
1;2025-12-13;2;0
1;2025-12-13;3;0
1;2025-12-13;4;0
1;2025-12-13;5;30
1;2025-12-13;6;160
1;2025-12-13;7;398
1;2025-12-13;8;557
1;2025-12-13;9;813
1;2025-12-13;10;931
1;2025-12-13;11;1007
1;2025-12-13;12;1179
1;2025-12-13;13;1225
1;2025-12-13;14;1131
1;2025-12-13;15;1038
1;2025-12-13;16;855
1;2025-12-13;17;765
1;2025-12-13;18;629
1;2025-12-13;19;550
1;2025-12-13;20;423
1;2025-12-13;21;297
1;2025-12-13;22;120
1;2025-12-13;23;26
1;2025-12-14;0;0
1;2025-12-14;1;0
1;2025-12-14;2;0
1;2025-12-14;3;0
1;2025-12-14;4;0
1;2025-12-14;5;24
1;2025-12-14;6;119
1;2025-12-14;7;260
1;2025-12-14;8;354
1;2025-12-14;9;618
1;2025-12-14;10;706
1;2025-12-14;11;764
1;2025-12-14;12;802
1;2025-12-14;13;867
1;2025-12-14;14;834
1;2025-12-14;15;755
1;2025-12-14;16;654
1;2025-12-14;17;607
1;2025-12-14;18;554
1;2025-12-14;19;482
1;2025-12-14;20;321
1;2025-12-14;21;279
1;2025-12-14;22;99
1;2025-12-14;23;28
1;2025-12-15;0;3
1;2025-12-15;1;0
1;2025-12-15;2;0
1;2025-12-15;3;0
1;2025-12-15;4;9
1;2025-12-15;5;127
1;2025-12-15;6;506
1;2025-12-15;7;1582
1;2025-12-15;8;2004
1;2025-12-15;9;1514
1;2025-12-15;10;1362
1;2025-12-15;11;1352
1;2025-12-15;12;1438
1;2025-12-15;13;1473
1;2025-12-15;14;1393
1;2025-12-15;15;1515
1;2025-12-15;16;1594
1;2025-12-15;17;1855
1;2025-12-15;18;1869
1;2025-12-15;19;1389
1;2025-12-15;20;888
1;2025-12-15;21;481
1;2025-12-15;22;184
1;2025-12-15;23;35
1;2025-12-16;0;3
1;2025-12-16;1;0
1;2025-12-16;2;0
1;2025-12-16;3;0
1;2025-12-16;4;9
1;2025-12-16;5;127
1;2025-12-16;6;506
1;2025-12-16;7;1582
1;2025-12-16;8;2004
1;2025-12-16;9;1514
1;2025-12-16;10;1362
1;2025-12-16;11;1352
1;2025-12-16;12;1438
1;2025-12-16;13;1473
1;2025-12-16;14;1393
1;2025-12-16;15;1515
1;2025-12-16;16;1594
1;2025-12-16;17;1855
1;2025-12-16;18;1869
1;2025-12-16;19;1389
1;2025-12-16;20;888
1;2025-12-16;21;481
1;2025-12-16;22;184
1;2025-12-16;23;35
1;2025-12-17;0;3
1;2025-12-17;1;0
1;2025-12-17;2;0
1;2025-12-17;3;0
1;2025-12-17;4;9
1;2025-12-17;5;127
1;2025-12-17;6;506
1;2025-12-17;7;1582
1;2025-12-17;8;2004
1;2025-12-17;9;1514
1;2025-12-17;10;1362
1;2025-12-17;11;1352
1;2025-12-17;12;1438
1;2025-12-17;13;1473
1;2025-12-17;14;1393
1;2025-12-17;15;1515
1;2025-12-17;16;1594
1;2025-12-17;17;1855
1;2025-12-17;18;1869
1;2025-12-17;19;1389
1;2025-12-17;20;888
1;2025-12-17;21;481
1;2025-12-17;22;184
1;2025-12-17;23;35
1;2025-12-18;0;3
1;2025-12-18;1;0
1;2025-12-18;2;0
1;2025-12-18;3;0
1;2025-12-18;4;9
1;2025-12-18;5;127
1;2025-12-18;6;506
1;2025-12-18;7;1582
1;2025-12-18;8;2004
1;2025-12-18;9;1514
1;2025-12-18;10;1362
1;2025-12-18;11;1352
1;2025-12-18;12;1438
1;2025-12-18;13;1473
1;2025-12-18;14;1393
1;2025-12-18;15;1515
1;2025-12-18;16;1594
1;2025-12-18;17;1855
1;2025-12-18;18;1869
1;2025-12-18;19;1389
1;2025-12-18;20;888
1;2025-12-18;21;481
1;2025-12-18;22;184
1;2025-12-18;23;35
1;2025-12-19;0;3
1;2025-12-19;1;0
1;2025-12-19;2;0
1;2025-12-19;3;0
1;2025-12-19;4;9
1;2025-12-19;5;127
1;2025-12-19;6;506
1;2025-12-19;7;1582
1;2025-12-19;8;2004
1;2025-12-19;9;1514
1;2025-12-19;10;1362
1;2025-12-19;11;1352
1;2025-12-19;12;1438
1;2025-12-19;13;1473
1;2025-12-19;14;1393
1;2025-12-19;15;1515
1;2025-12-19;16;1594
1;2025-12-19;17;1855
1;2025-12-19;18;1869
1;2025-12-19;19;1389
1;2025-12-19;20;888
1;2025-12-19;21;481
1;2025-12-19;22;184
1;2025-12-19;23;35
1;2025-12-20;0;3
1;2025-12-20;1;0
1;2025-12-20;2;0
1;2025-12-20;3;0
1;2025-12-20;4;0
1;2025-12-20;5;30
1;2025-12-20;6;160
1;2025-12-20;7;398
1;2025-12-20;8;557
1;2025-12-20;9;813
1;2025-12-20;10;931
1;2025-12-20;11;1007
1;2025-12-20;12;1179
1;2025-12-20;13;1225
1;2025-12-20;14;1131
1;2025-12-20;15;1038
1;2025-12-20;16;855
1;2025-12-20;17;765
1;2025-12-20;18;629
1;2025-12-20;19;550
1;2025-12-20;20;423
1;2025-12-20;21;297
1;2025-12-20;22;120
1;2025-12-20;23;26
1;2025-12-21;0;0
1;2025-12-21;1;0
1;2025-12-21;2;0
1;2025-12-21;3;0
1;2025-12-21;4;0
1;2025-12-21;5;24
1;2025-12-21;6;119
1;2025-12-21;7;260
1;2025-12-21;8;354
1;2025-12-21;9;618
1;2025-12-21;10;706
1;2025-12-21;11;764
1;2025-12-21;12;802
1;2025-12-21;13;867
1;2025-12-21;14;834
1;2025-12-21;15;755
1;2025-12-21;16;654
1;2025-12-21;17;607
1;2025-12-21;18;554
1;2025-12-21;19;482
1;2025-12-21;20;321
1;2025-12-21;21;279
1;2025-12-21;22;99
1;2025-12-21;23;28
1;2025-12-22;0;3
1;2025-12-22;1;0
1;2025-12-22;2;0
1;2025-12-22;3;0
1;2025-12-22;4;9
1;2025-12-22;5;127
1;2025-12-22;6;506
1;2025-12-22;7;1582
1;2025-12-22;8;2004
1;2025-12-22;9;1514
1;2025-12-22;10;1362
1;2025-12-22;11;1352
1;2025-12-22;12;1438
1;2025-12-22;13;1473
1;2025-12-22;14;1393
1;2025-12-22;15;1515
1;2025-12-22;16;1594
1;2025-12-22;17;1855
1;2025-12-22;18;1869
1;2025-12-22;19;1389
1;2025-12-22;20;888
1;2025-12-22;21;481
1;2025-12-22;22;184
1;2025-12-22;23;35
1;2025-12-23;0;3
1;2025-12-23;1;0
1;2025-12-23;2;0
1;2025-12-23;3;0
1;2025-12-23;4;9
1;2025-12-23;5;127
1;2025-12-23;6;506
1;2025-12-23;7;1582
1;2025-12-23;8;2004
1;2025-12-23;9;1514
1;2025-12-23;10;1362
1;2025-12-23;11;1352
1;2025-12-23;12;1438
1;2025-12-23;13;1473
1;2025-12-23;14;1393
1;2025-12-23;15;1515
1;2025-12-23;16;1594
1;2025-12-23;17;1855
1;2025-12-23;18;1869
1;2025-12-23;19;1389
1;2025-12-23;20;888
1;2025-12-23;21;481
1;2025-12-23;22;184
1;2025-12-23;23;35
1;2025-12-24;0;3
1;2025-12-24;1;0
1;2025-12-24;2;0
1;2025-12-24;3;0
1;2025-12-24;4;9
1;2025-12-24;5;127
1;2025-12-24;6;506
1;2025-12-24;7;1582
1;2025-12-24;8;2004
1;2025-12-24;9;1514
1;2025-12-24;10;1362
1;2025-12-24;11;1352
1;2025-12-24;12;1438
1;2025-12-24;13;1473
1;2025-12-24;14;1393
1;2025-12-24;15;1515
1;2025-12-24;16;1594
1;2025-12-24;17;1855
1;2025-12-24;18;1869
1;2025-12-24;19;1389
1;2025-12-24;20;888
1;2025-12-24;21;481
1;2025-12-24;22;184
1;2025-12-24;23;35
1;2025-12-25;0;3
1;2025-12-25;1;0
1;2025-12-25;2;0
1;2025-12-25;3;0
1;2025-12-25;4;9
1;2025-12-25;5;127
1;2025-12-25;6;506
1;2025-12-25;7;1582
1;2025-12-25;8;2004
1;2025-12-25;9;1514
1;2025-12-25;10;1362
1;2025-12-25;11;1352
1;2025-12-25;12;1438
1;2025-12-25;13;1473
1;2025-12-25;14;1393
1;2025-12-25;15;1515
1;2025-12-25;16;1594
1;2025-12-25;17;1855
1;2025-12-25;18;1869
1;2025-12-25;19;1389
1;2025-12-25;20;888
1;2025-12-25;21;481
1;2025-12-25;22;184
1;2025-12-25;23;35
1;2025-12-26;0;3
1;2025-12-26;1;0
1;2025-12-26;2;0
1;2025-12-26;3;0
1;2025-12-26;4;9
1;2025-12-26;5;127
1;2025-12-26;6;506
1;2025-12-26;7;1582
1;2025-12-26;8;2004
1;2025-12-26;9;1514
1;2025-12-26;10;1362
1;2025-12-26;11;1352
1;2025-12-26;12;1438
1;2025-12-26;13;1473
1;2025-12-26;14;1393
1;2025-12-26;15;1515
1;2025-12-26;16;1594
1;2025-12-26;17;1855
1;2025-12-26;18;1869
1;2025-12-26;19;1389
1;2025-12-26;20;888
1;2025-12-26;21;481
1;2025-12-26;22;184
1;2025-12-26;23;35
1;2025-12-27;0;3
1;2025-12-27;1;0
1;2025-12-27;2;0
1;2025-12-27;3;0
1;2025-12-27;4;0
1;2025-12-27;5;30
1;2025-12-27;6;160
1;2025-12-27;7;398
1;2025-12-27;8;557
1;2025-12-27;9;813
1;2025-12-27;10;931
1;2025-12-27;11;1007
1;2025-12-27;12;1179
1;2025-12-27;13;1225
1;2025-12-27;14;1131
1;2025-12-27;15;1038
1;2025-12-27;16;855
1;2025-12-27;17;765
1;2025-12-27;18;629
1;2025-12-27;19;550
1;2025-12-27;20;423
1;2025-12-27;21;297
1;2025-12-27;22;120
1;2025-12-27;23;26
1;2025-12-28;0;0
1;2025-12-28;1;0
1;2025-12-28;2;0
1;2025-12-28;3;0
1;2025-12-28;4;0
1;2025-12-28;5;24
1;2025-12-28;6;119
1;2025-12-28;7;260
1;2025-12-28;8;354
1;2025-12-28;9;618
1;2025-12-28;10;706
1;2025-12-28;11;764
1;2025-12-28;12;802
1;2025-12-28;13;867
1;2025-12-28;14;834
1;2025-12-28;15;755
1;2025-12-28;16;654
1;2025-12-28;17;607
1;2025-12-28;18;554
1;2025-12-28;19;482
1;2025-12-28;20;321
1;2025-12-28;21;279
1;2025-12-28;22;99
1;2025-12-28;23;28
1;2025-12-29;0;3
1;2025-12-29;1;0
1;2025-12-29;2;0
1;2025-12-29;3;0
1;2025-12-29;4;8
1;2025-12-29;5;108
1;2025-12-29;6;430
1;2025-12-29;7;1345
1;2025-12-29;8;1703
1;2025-12-29;9;1287
1;2025-12-29;10;1157
1;2025-12-29;11;1149
1;2025-12-29;12;1222
1;2025-12-29;13;1252
1;2025-12-29;14;1184
1;2025-12-29;15;1287
1;2025-12-29;16;1355
1;2025-12-29;17;1577
1;2025-12-29;18;1589
1;2025-12-29;19;1180
1;2025-12-29;20;755
1;2025-12-29;21;409
1;2025-12-29;22;156
1;2025-12-29;23;30
1;2025-12-30;0;3
1;2025-12-30;1;0
1;2025-12-30;2;0
1;2025-12-30;3;0
1;2025-12-30;4;8
1;2025-12-30;5;108
1;2025-12-30;6;430
1;2025-12-30;7;1345
1;2025-12-30;8;1703
1;2025-12-30;9;1287
1;2025-12-30;10;1157
1;2025-12-30;11;1149
1;2025-12-30;12;1222
1;2025-12-30;13;1252
1;2025-12-30;14;1184
1;2025-12-30;15;1287
1;2025-12-30;16;1355
1;2025-12-30;17;1577
1;2025-12-30;18;1589
1;2025-12-30;19;1180
1;2025-12-30;20;755
1;2025-12-30;21;409
1;2025-12-30;22;156
1;2025-12-30;23;30
1;2025-12-31;0;0
1;2025-12-31;1;0
1;2025-12-31;2;0
1;2025-12-31;3;0
1;2025-12-31;4;0
1;2025-12-31;5;20
1;2025-12-31;6;102
1;2025-12-31;7;222
1;2025-12-31;8;302
1;2025-12-31;9;529
1;2025-12-31;10;604
1;2025-12-31;11;653
1;2025-12-31;12;686
1;2025-12-31;13;742
1;2025-12-31;14;713
1;2025-12-31;15;645
1;2025-12-31;16;560
1;2025-12-31;17;519
1;2025-12-31;18;474
1;2025-12-31;19;412
1;2025-12-31;20;0
1;2025-12-31;21;0
1;2025-12-31;22;0
1;2025-12-31;23;0
5;2025-11-01;0;0
5;2025-11-01;1;0
5;2025-11-01;2;0
5;2025-11-01;3;0
5;2025-11-01;4;0
5;2025-11-01;5;0
5;2025-11-01;6;0
5;2025-11-01;7;0
5;2025-11-01;8;0
5;2025-11-01;9;0
5;2025-11-01;10;0
5;2025-11-01;11;0
5;2025-11-01;12;0
5;2025-11-01;13;0
5;2025-11-01;14;0
5;2025-11-01;15;0
5;2025-11-01;16;0
5;2025-11-01;17;0
5;2025-11-01;18;0
5;2025-11-01;19;0
5;2025-11-01;20;0
5;2025-11-01;21;0
5;2025-11-01;22;0
5;2025-11-01;23;0
5;2025-11-02;0;0
5;2025-11-02;1;0
5;2025-11-02;2;0
5;2025-11-02;3;0
5;2025-11-02;4;0
5;2025-11-02;5;0
5;2025-11-02;6;0
5;2025-11-02;7;0
5;2025-11-02;8;0
5;2025-11-02;9;0
5;2025-11-02;10;0
5;2025-11-02;11;0
5;2025-11-02;12;0
5;2025-11-02;13;0
5;2025-11-02;14;0
5;2025-11-02;15;0
5;2025-11-02;16;0
5;2025-11-02;17;0
5;2025-11-02;18;0
5;2025-11-02;19;0
5;2025-11-02;20;0
5;2025-11-02;21;0
5;2025-11-02;22;0
5;2025-11-02;23;0
5;2025-11-03;0;0
5;2025-11-03;1;0
5;2025-11-03;2;0
5;2025-11-03;3;0
5;2025-11-03;4;0
5;2025-11-03;5;0
5;2025-11-03;6;0
5;2025-11-03;7;0
5;2025-11-03;8;0
5;2025-11-03;9;0
5;2025-11-03;10;0
5;2025-11-03;11;0
5;2025-11-03;12;0
5;2025-11-03;13;0
5;2025-11-03;14;0
5;2025-11-03;15;0
5;2025-11-03;16;0
5;2025-11-03;17;0
5;2025-11-03;18;0
5;2025-11-03;19;0
5;2025-11-03;20;0
5;2025-11-03;21;0
5;2025-11-03;22;0
5;2025-11-03;23;0
5;2025-11-04;0;0
5;2025-11-04;1;0
5;2025-11-04;2;0
5;2025-11-04;3;0
5;2025-11-04;4;0
5;2025-11-04;5;0
5;2025-11-04;6;0
5;2025-11-04;7;0
5;2025-11-04;8;0
5;2025-11-04;9;0
5;2025-11-04;10;0
5;2025-11-04;11;0
5;2025-11-04;12;0
5;2025-11-04;13;0
5;2025-11-04;14;0
5;2025-11-04;15;0
5;2025-11-04;16;0
5;2025-11-04;17;0
5;2025-11-04;18;0
5;2025-11-04;19;0
5;2025-11-04;20;0
5;2025-11-04;21;0
5;2025-11-04;22;0
5;2025-11-04;23;0
5;2025-11-05;0;0
5;2025-11-05;1;0
5;2025-11-05;2;0
5;2025-11-05;3;0
5;2025-11-05;4;0
5;2025-11-05;5;0
5;2025-11-05;6;0
5;2025-11-05;7;0
5;2025-11-05;8;0
5;2025-11-05;9;0
5;2025-11-05;10;0
5;2025-11-05;11;0
5;2025-11-05;12;0
5;2025-11-05;13;0
5;2025-11-05;14;0
5;2025-11-05;15;0
5;2025-11-05;16;0
5;2025-11-05;17;0
5;2025-11-05;18;0
5;2025-11-05;19;0
5;2025-11-05;20;0
5;2025-11-05;21;0
5;2025-11-05;22;0
5;2025-11-05;23;0
5;2025-11-06;0;0
5;2025-11-06;1;0
5;2025-11-06;2;0
5;2025-11-06;3;0
5;2025-11-06;4;0
5;2025-11-06;5;0
5;2025-11-06;6;0
5;2025-11-06;7;0
5;2025-11-06;8;0
5;2025-11-06;9;0
5;2025-11-06;10;0
5;2025-11-06;11;0
5;2025-11-06;12;0
5;2025-11-06;13;0
5;2025-11-06;14;0
5;2025-11-06;15;0
5;2025-11-06;16;0
5;2025-11-06;17;0
5;2025-11-06;18;0
5;2025-11-06;19;0
5;2025-11-06;20;0
5;2025-11-06;21;0
5;2025-11-06;22;0
5;2025-11-06;23;0
5;2025-11-07;0;0
5;2025-11-07;1;0
5;2025-11-07;2;0
5;2025-11-07;3;0
5;2025-11-07;4;0
5;2025-11-07;5;0
5;2025-11-07;6;0
5;2025-11-07;7;0
5;2025-11-07;8;0
5;2025-11-07;9;0
5;2025-11-07;10;0
5;2025-11-07;11;0
5;2025-11-07;12;0
5;2025-11-07;13;0
5;2025-11-07;14;0
5;2025-11-07;15;0
5;2025-11-07;16;0
5;2025-11-07;17;0
5;2025-11-07;18;0
5;2025-11-07;19;0
5;2025-11-07;20;0
5;2025-11-07;21;0
5;2025-11-07;22;0
5;2025-11-07;23;0
5;2025-11-08;0;0
5;2025-11-08;1;0
5;2025-11-08;2;0
5;2025-11-08;3;0
5;2025-11-08;4;0
5;2025-11-08;5;0
5;2025-11-08;6;0
5;2025-11-08;7;0
5;2025-11-08;8;0
5;2025-11-08;9;0
5;2025-11-08;10;0
5;2025-11-08;11;0
5;2025-11-08;12;0
5;2025-11-08;13;0
5;2025-11-08;14;0
5;2025-11-08;15;0
5;2025-11-08;16;0
5;2025-11-08;17;0
5;2025-11-08;18;0
5;2025-11-08;19;0
5;2025-11-08;20;0
5;2025-11-08;21;0
5;2025-11-08;22;0
5;2025-11-08;23;0
5;2025-11-09;0;0
5;2025-11-09;1;0
5;2025-11-09;2;0
5;2025-11-09;3;0
5;2025-11-09;4;0
5;2025-11-09;5;0
5;2025-11-09;6;0
5;2025-11-09;7;0
5;2025-11-09;8;0
5;2025-11-09;9;0
5;2025-11-09;10;0
5;2025-11-09;11;0
5;2025-11-09;12;0
5;2025-11-09;13;0
5;2025-11-09;14;0
5;2025-11-09;15;0
5;2025-11-09;16;0
5;2025-11-09;17;0
5;2025-11-09;18;0
5;2025-11-09;19;0
5;2025-11-09;20;0
5;2025-11-09;21;0
5;2025-11-09;22;0
5;2025-11-09;23;0
5;2025-11-10;0;0
5;2025-11-10;1;0
5;2025-11-10;2;0
5;2025-11-10;3;0
5;2025-11-10;4;0
5;2025-11-10;5;0
5;2025-11-10;6;0
5;2025-11-10;7;0
5;2025-11-10;8;0
5;2025-11-10;9;0
5;2025-11-10;10;0
5;2025-11-10;11;0
5;2025-11-10;12;0
5;2025-11-10;13;0
5;2025-11-10;14;0
5;2025-11-10;15;0
5;2025-11-10;16;0
5;2025-11-10;17;0
5;2025-11-10;18;0
5;2025-11-10;19;0
5;2025-11-10;20;0
5;2025-11-10;21;0
5;2025-11-10;22;0
5;2025-11-10;23;0
5;2025-11-11;0;0
5;2025-11-11;1;0
5;2025-11-11;2;0
5;2025-11-11;3;0
5;2025-11-11;4;0
5;2025-11-11;5;0
5;2025-11-11;6;0
5;2025-11-11;7;0
5;2025-11-11;8;0
5;2025-11-11;9;0
5;2025-11-11;10;0
5;2025-11-11;11;0
5;2025-11-11;12;0
5;2025-11-11;13;0
5;2025-11-11;14;0
5;2025-11-11;15;0
5;2025-11-11;16;0
5;2025-11-11;17;0
5;2025-11-11;18;0
5;2025-11-11;19;0
5;2025-11-11;20;0
5;2025-11-11;21;0
5;2025-11-11;22;0
5;2025-11-11;23;0
5;2025-11-12;0;0
5;2025-11-12;1;0
5;2025-11-12;2;0
5;2025-11-12;3;0
5;2025-11-12;4;0
5;2025-11-12;5;0
5;2025-11-12;6;0
5;2025-11-12;7;0
5;2025-11-12;8;0
5;2025-11-12;9;0
5;2025-11-12;10;0
5;2025-11-12;11;0
5;2025-11-12;12;0
5;2025-11-12;13;0
5;2025-11-12;14;0
5;2025-11-12;15;0
5;2025-11-12;16;0
5;2025-11-12;17;0
5;2025-11-12;18;0
5;2025-11-12;19;0
5;2025-11-12;20;0
5;2025-11-12;21;0
5;2025-11-12;22;0
5;2025-11-12;23;0
5;2025-11-13;0;0
5;2025-11-13;1;0
5;2025-11-13;2;0
5;2025-11-13;3;0
5;2025-11-13;4;0
5;2025-11-13;5;0
5;2025-11-13;6;0
5;2025-11-13;7;0
5;2025-11-13;8;0
5;2025-11-13;9;0
5;2025-11-13;10;0
5;2025-11-13;11;0
5;2025-11-13;12;0
5;2025-11-13;13;0
5;2025-11-13;14;0
5;2025-11-13;15;0
5;2025-11-13;16;0
5;2025-11-13;17;0
5;2025-11-13;18;0
5;2025-11-13;19;0
5;2025-11-13;20;0
5;2025-11-13;21;0
5;2025-11-13;22;0
5;2025-11-13;23;0
5;2025-11-14;0;0
5;2025-11-14;1;0
5;2025-11-14;2;0
5;2025-11-14;3;0
5;2025-11-14;4;0
5;2025-11-14;5;0
5;2025-11-14;6;0
5;2025-11-14;7;0
5;2025-11-14;8;0
5;2025-11-14;9;0
5;2025-11-14;10;0
5;2025-11-14;11;0
5;2025-11-14;12;0
5;2025-11-14;13;0
5;2025-11-14;14;0
5;2025-11-14;15;0
5;2025-11-14;16;0
5;2025-11-14;17;0
5;2025-11-14;18;0
5;2025-11-14;19;0
5;2025-11-14;20;0
5;2025-11-14;21;0
5;2025-11-14;22;0
5;2025-11-14;23;0
5;2025-11-15;0;0
5;2025-11-15;1;0
5;2025-11-15;2;0
5;2025-11-15;3;0
5;2025-11-15;4;0
5;2025-11-15;5;0
5;2025-11-15;6;0
5;2025-11-15;7;0
5;2025-11-15;8;0
5;2025-11-15;9;0
5;2025-11-15;10;0
5;2025-11-15;11;0
5;2025-11-15;12;0
5;2025-11-15;13;0
5;2025-11-15;14;0
5;2025-11-15;15;0
5;2025-11-15;16;0
5;2025-11-15;17;0
5;2025-11-15;18;0
5;2025-11-15;19;0
5;2025-11-15;20;0
5;2025-11-15;21;0
5;2025-11-15;22;0
5;2025-11-15;23;0
5;2025-11-16;0;0
5;2025-11-16;1;0
5;2025-11-16;2;0
5;2025-11-16;3;0
5;2025-11-16;4;0
5;2025-11-16;5;0
5;2025-11-16;6;0
5;2025-11-16;7;0
5;2025-11-16;8;0
5;2025-11-16;9;0
5;2025-11-16;10;0
5;2025-11-16;11;0
5;2025-11-16;12;0
5;2025-11-16;13;0
5;2025-11-16;14;0
5;2025-11-16;15;0
5;2025-11-16;16;0
5;2025-11-16;17;0
5;2025-11-16;18;0
5;2025-11-16;19;0
5;2025-11-16;20;0
5;2025-11-16;21;0
5;2025-11-16;22;0
5;2025-11-16;23;0
5;2025-11-17;0;0
5;2025-11-17;1;0
5;2025-11-17;2;0
5;2025-11-17;3;0
5;2025-11-17;4;0
5;2025-11-17;5;0
5;2025-11-17;6;0
5;2025-11-17;7;0
5;2025-11-17;8;0
5;2025-11-17;9;0
5;2025-11-17;10;0
5;2025-11-17;11;0
5;2025-11-17;12;0
5;2025-11-17;13;0
5;2025-11-17;14;0
5;2025-11-17;15;0
5;2025-11-17;16;0
5;2025-11-17;17;0
5;2025-11-17;18;0
5;2025-11-17;19;0
5;2025-11-17;20;0
5;2025-11-17;21;0
5;2025-11-17;22;0
5;2025-11-17;23;0
5;2025-11-18;0;0
5;2025-11-18;1;0
5;2025-11-18;2;0
5;2025-11-18;3;0
5;2025-11-18;4;0
5;2025-11-18;5;0
5;2025-11-18;6;0
5;2025-11-18;7;0
5;2025-11-18;8;0
5;2025-11-18;9;0
5;2025-11-18;10;0
5;2025-11-18;11;0
5;2025-11-18;12;0
5;2025-11-18;13;0
5;2025-11-18;14;0
5;2025-11-18;15;0
5;2025-11-18;16;0
5;2025-11-18;17;0
5;2025-11-18;18;0
5;2025-11-18;19;0
5;2025-11-18;20;0
5;2025-11-18;21;0
5;2025-11-18;22;0
5;2025-11-18;23;0
5;2025-11-19;0;0
5;2025-11-19;1;0
5;2025-11-19;2;0
5;2025-11-19;3;0
5;2025-11-19;4;0
5;2025-11-19;5;0
5;2025-11-19;6;0
5;2025-11-19;7;0
5;2025-11-19;8;0
5;2025-11-19;9;0
5;2025-11-19;10;0
5;2025-11-19;11;0
5;2025-11-19;12;0
5;2025-11-19;13;0
5;2025-11-19;14;0
5;2025-11-19;15;0
5;2025-11-19;16;0
5;2025-11-19;17;0
5;2025-11-19;18;0
5;2025-11-19;19;0
5;2025-11-19;20;0
5;2025-11-19;21;0
5;2025-11-19;22;0
5;2025-11-19;23;0
5;2025-11-20;0;0
5;2025-11-20;1;0
5;2025-11-20;2;0
5;2025-11-20;3;0
5;2025-11-20;4;0
5;2025-11-20;5;0
5;2025-11-20;6;0
5;2025-11-20;7;0
5;2025-11-20;8;0
5;2025-11-20;9;0
5;2025-11-20;10;0
5;2025-11-20;11;0
5;2025-11-20;12;0
5;2025-11-20;13;0
5;2025-11-20;14;0
5;2025-11-20;15;0
5;2025-11-20;16;0
5;2025-11-20;17;0
5;2025-11-20;18;0
5;2025-11-20;19;0
5;2025-11-20;20;0
5;2025-11-20;21;0
5;2025-11-20;22;0
5;2025-11-20;23;0
5;2025-11-21;0;0
5;2025-11-21;1;0
5;2025-11-21;2;0
5;2025-11-21;3;0
5;2025-11-21;4;0
5;2025-11-21;5;0
5;2025-11-21;6;0
5;2025-11-21;7;0
5;2025-11-21;8;0
5;2025-11-21;9;0
5;2025-11-21;10;0
5;2025-11-21;11;0
5;2025-11-21;12;0
5;2025-11-21;13;0
5;2025-11-21;14;0
5;2025-11-21;15;0
5;2025-11-21;16;0
5;2025-11-21;17;0
5;2025-11-21;18;0
5;2025-11-21;19;0
5;2025-11-21;20;0
5;2025-11-21;21;0
5;2025-11-21;22;0
5;2025-11-21;23;0
5;2025-11-22;0;0
5;2025-11-22;1;0
5;2025-11-22;2;0
5;2025-11-22;3;0
5;2025-11-22;4;0
5;2025-11-22;5;0
5;2025-11-22;6;0
5;2025-11-22;7;0
5;2025-11-22;8;0
5;2025-11-22;9;0
5;2025-11-22;10;0
5;2025-11-22;11;0
5;2025-11-22;12;0
5;2025-11-22;13;0
5;2025-11-22;14;0
5;2025-11-22;15;0
5;2025-11-22;16;0
5;2025-11-22;17;0
5;2025-11-22;18;0
5;2025-11-22;19;0
5;2025-11-22;20;0
5;2025-11-22;21;0
5;2025-11-22;22;0
5;2025-11-22;23;0
5;2025-11-23;0;0
5;2025-11-23;1;0
5;2025-11-23;2;0
5;2025-11-23;3;0
5;2025-11-23;4;0
5;2025-11-23;5;0
5;2025-11-23;6;0
5;2025-11-23;7;0
5;2025-11-23;8;0
5;2025-11-23;9;0
5;2025-11-23;10;0
5;2025-11-23;11;0
5;2025-11-23;12;0
5;2025-11-23;13;0
5;2025-11-23;14;0
5;2025-11-23;15;0
5;2025-11-23;16;0
5;2025-11-23;17;0
5;2025-11-23;18;0
5;2025-11-23;19;0
5;2025-11-23;20;0
5;2025-11-23;21;0
5;2025-11-23;22;0
5;2025-11-23;23;0
5;2025-11-24;0;0
5;2025-11-24;1;0
5;2025-11-24;2;0
5;2025-11-24;3;0
5;2025-11-24;4;0
5;2025-11-24;5;0
5;2025-11-24;6;0
5;2025-11-24;7;0
5;2025-11-24;8;0
5;2025-11-24;9;0
5;2025-11-24;10;0
5;2025-11-24;11;0
5;2025-11-24;12;0
5;2025-11-24;13;0
5;2025-11-24;14;0
5;2025-11-24;15;0
5;2025-11-24;16;0
5;2025-11-24;17;0
5;2025-11-24;18;0
5;2025-11-24;19;0
5;2025-11-24;20;0
5;2025-11-24;21;0
5;2025-11-24;22;0
5;2025-11-24;23;0
5;2025-11-25;0;0
5;2025-11-25;1;0
5;2025-11-25;2;0
5;2025-11-25;3;0
5;2025-11-25;4;0
5;2025-11-25;5;0
5;2025-11-25;6;0
5;2025-11-25;7;0
5;2025-11-25;8;0
5;2025-11-25;9;0
5;2025-11-25;10;0
5;2025-11-25;11;0
5;2025-11-25;12;0
5;2025-11-25;13;0
5;2025-11-25;14;0
5;2025-11-25;15;0
5;2025-11-25;16;0
5;2025-11-25;17;0
5;2025-11-25;18;0
5;2025-11-25;19;0
5;2025-11-25;20;0
5;2025-11-25;21;0
5;2025-11-25;22;0
5;2025-11-25;23;0
5;2025-11-26;0;0
5;2025-11-26;1;0
5;2025-11-26;2;0
5;2025-11-26;3;0
5;2025-11-26;4;0
5;2025-11-26;5;0
5;2025-11-26;6;0
5;2025-11-26;7;0
5;2025-11-26;8;0
5;2025-11-26;9;0
5;2025-11-26;10;0
5;2025-11-26;11;0
5;2025-11-26;12;0
5;2025-11-26;13;0
5;2025-11-26;14;0
5;2025-11-26;15;0
5;2025-11-26;16;0
5;2025-11-26;17;0
5;2025-11-26;18;0
5;2025-11-26;19;0
5;2025-11-26;20;0
5;2025-11-26;21;0
5;2025-11-26;22;0
5;2025-11-26;23;0
5;2025-11-27;0;0
5;2025-11-27;1;0
5;2025-11-27;2;0
5;2025-11-27;3;0
5;2025-11-27;4;0
5;2025-11-27;5;0
5;2025-11-27;6;0
5;2025-11-27;7;0
5;2025-11-27;8;0
5;2025-11-27;9;0
5;2025-11-27;10;0
5;2025-11-27;11;0
5;2025-11-27;12;0
5;2025-11-27;13;0
5;2025-11-27;14;0
5;2025-11-27;15;0
5;2025-11-27;16;0
5;2025-11-27;17;0
5;2025-11-27;18;0
5;2025-11-27;19;0
5;2025-11-27;20;0
5;2025-11-27;21;0
5;2025-11-27;22;0
5;2025-11-27;23;0
5;2025-11-28;0;0
5;2025-11-28;1;0
5;2025-11-28;2;0
5;2025-11-28;3;0
5;2025-11-28;4;0
5;2025-11-28;5;0
5;2025-11-28;6;0
5;2025-11-28;7;0
5;2025-11-28;8;0
5;2025-11-28;9;0
5;2025-11-28;10;0
5;2025-11-28;11;0
5;2025-11-28;12;0
5;2025-11-28;13;0
5;2025-11-28;14;0
5;2025-11-28;15;0
5;2025-11-28;16;0
5;2025-11-28;17;0
5;2025-11-28;18;0
5;2025-11-28;19;0
5;2025-11-28;20;0
5;2025-11-28;21;0
5;2025-11-28;22;0
5;2025-11-28;23;0
5;2025-11-29;0;0
5;2025-11-29;1;0
5;2025-11-29;2;0
5;2025-11-29;3;0
5;2025-11-29;4;0
5;2025-11-29;5;0
5;2025-11-29;6;0
5;2025-11-29;7;0
5;2025-11-29;8;0
5;2025-11-29;9;0
5;2025-11-29;10;0
5;2025-11-29;11;0
5;2025-11-29;12;0
5;2025-11-29;13;0
5;2025-11-29;14;0
5;2025-11-29;15;0
5;2025-11-29;16;0
5;2025-11-29;17;0
5;2025-11-29;18;0
5;2025-11-29;19;0
5;2025-11-29;20;0
5;2025-11-29;21;0
5;2025-11-29;22;0
5;2025-11-29;23;0
5;2025-11-30;0;0
5;2025-11-30;1;0
5;2025-11-30;2;0
5;2025-11-30;3;0
5;2025-11-30;4;0
5;2025-11-30;5;0
5;2025-11-30;6;0
5;2025-11-30;7;0
5;2025-11-30;8;0
5;2025-11-30;9;0
5;2025-11-30;10;0
5;2025-11-30;11;0
5;2025-11-30;12;0
5;2025-11-30;13;0
5;2025-11-30;14;0
5;2025-11-30;15;0
5;2025-11-30;16;0
5;2025-11-30;17;0
5;2025-11-30;18;0
5;2025-11-30;19;0
5;2025-11-30;20;0
5;2025-11-30;21;0
5;2025-11-30;22;0
5;2025-11-30;23;0
5;2025-12-01;0;0
5;2025-12-01;1;0
5;2025-12-01;2;0
5;2025-12-01;3;0
5;2025-12-01;4;0
5;2025-12-01;5;0
5;2025-12-01;6;0
5;2025-12-01;7;0
5;2025-12-01;8;0
5;2025-12-01;9;0
5;2025-12-01;10;0
5;2025-12-01;11;0
5;2025-12-01;12;0
5;2025-12-01;13;0
5;2025-12-01;14;0
5;2025-12-01;15;0
5;2025-12-01;16;0
5;2025-12-01;17;0
5;2025-12-01;18;0
5;2025-12-01;19;0
5;2025-12-01;20;0
5;2025-12-01;21;0
5;2025-12-01;22;0
5;2025-12-01;23;0
5;2025-12-02;0;0
5;2025-12-02;1;0
5;2025-12-02;2;0
5;2025-12-02;3;0
5;2025-12-02;4;0
5;2025-12-02;5;0
5;2025-12-02;6;0
5;2025-12-02;7;0
5;2025-12-02;8;0
5;2025-12-02;9;0
5;2025-12-02;10;0
5;2025-12-02;11;0
5;2025-12-02;12;0
5;2025-12-02;13;0
5;2025-12-02;14;0
5;2025-12-02;15;0
5;2025-12-02;16;0
5;2025-12-02;17;0
5;2025-12-02;18;0
5;2025-12-02;19;0
5;2025-12-02;20;0
5;2025-12-02;21;0
5;2025-12-02;22;0
5;2025-12-02;23;0
5;2025-12-03;0;0
5;2025-12-03;1;0
5;2025-12-03;2;0
5;2025-12-03;3;0
5;2025-12-03;4;0
5;2025-12-03;5;0
5;2025-12-03;6;0
5;2025-12-03;7;0
5;2025-12-03;8;0
5;2025-12-03;9;0
5;2025-12-03;10;0
5;2025-12-03;11;0
5;2025-12-03;12;0
5;2025-12-03;13;0
5;2025-12-03;14;0
5;2025-12-03;15;0
5;2025-12-03;16;0
5;2025-12-03;17;0
5;2025-12-03;18;0
5;2025-12-03;19;0
5;2025-12-03;20;0
5;2025-12-03;21;0
5;2025-12-03;22;0
5;2025-12-03;23;0
5;2025-12-04;0;0
5;2025-12-04;1;0
5;2025-12-04;2;0
5;2025-12-04;3;0
5;2025-12-04;4;0
5;2025-12-04;5;0
5;2025-12-04;6;0
5;2025-12-04;7;0
5;2025-12-04;8;0
5;2025-12-04;9;0
5;2025-12-04;10;0
5;2025-12-04;11;0
5;2025-12-04;12;0
5;2025-12-04;13;0
5;2025-12-04;14;0
5;2025-12-04;15;0
5;2025-12-04;16;0
5;2025-12-04;17;0
5;2025-12-04;18;0
5;2025-12-04;19;0
5;2025-12-04;20;0
5;2025-12-04;21;0
5;2025-12-04;22;0
5;2025-12-04;23;0
5;2025-12-05;0;0
5;2025-12-05;1;0
5;2025-12-05;2;0
5;2025-12-05;3;0
5;2025-12-05;4;0
5;2025-12-05;5;0
5;2025-12-05;6;0
5;2025-12-05;7;0
5;2025-12-05;8;0
5;2025-12-05;9;0
5;2025-12-05;10;0
5;2025-12-05;11;0
5;2025-12-05;12;0
5;2025-12-05;13;0
5;2025-12-05;14;0
5;2025-12-05;15;0
5;2025-12-05;16;0
5;2025-12-05;17;0
5;2025-12-05;18;0
5;2025-12-05;19;0
5;2025-12-05;20;0
5;2025-12-05;21;0
5;2025-12-05;22;0
5;2025-12-05;23;0
5;2025-12-06;0;0
5;2025-12-06;1;0
5;2025-12-06;2;0
5;2025-12-06;3;0
5;2025-12-06;4;0
5;2025-12-06;5;0
5;2025-12-06;6;0
5;2025-12-06;7;0
5;2025-12-06;8;0
5;2025-12-06;9;0
5;2025-12-06;10;0
5;2025-12-06;11;0
5;2025-12-06;12;0
5;2025-12-06;13;0
5;2025-12-06;14;0
5;2025-12-06;15;0
5;2025-12-06;16;0
5;2025-12-06;17;0
5;2025-12-06;18;0
5;2025-12-06;19;0
5;2025-12-06;20;0
5;2025-12-06;21;0
5;2025-12-06;22;0
5;2025-12-06;23;0
5;2025-12-07;0;0
5;2025-12-07;1;0
5;2025-12-07;2;0
5;2025-12-07;3;0
5;2025-12-07;4;0
5;2025-12-07;5;0
5;2025-12-07;6;0
5;2025-12-07;7;0
5;2025-12-07;8;0
5;2025-12-07;9;0
5;2025-12-07;10;0
5;2025-12-07;11;0
5;2025-12-07;12;0
5;2025-12-07;13;0
5;2025-12-07;14;0
5;2025-12-07;15;0
5;2025-12-07;16;0
5;2025-12-07;17;0
5;2025-12-07;18;0
5;2025-12-07;19;0
5;2025-12-07;20;0
5;2025-12-07;21;0
5;2025-12-07;22;0
5;2025-12-07;23;0
5;2025-12-08;0;0
5;2025-12-08;1;0
5;2025-12-08;2;0
5;2025-12-08;3;0
5;2025-12-08;4;0
5;2025-12-08;5;0
5;2025-12-08;6;0
5;2025-12-08;7;0
5;2025-12-08;8;0
5;2025-12-08;9;0
5;2025-12-08;10;0
5;2025-12-08;11;0
5;2025-12-08;12;0
5;2025-12-08;13;0
5;2025-12-08;14;0
5;2025-12-08;15;0
5;2025-12-08;16;0
5;2025-12-08;17;0
5;2025-12-08;18;0
5;2025-12-08;19;0
5;2025-12-08;20;0
5;2025-12-08;21;0
5;2025-12-08;22;0
5;2025-12-08;23;0
5;2025-12-09;0;0
5;2025-12-09;1;0
5;2025-12-09;2;0
5;2025-12-09;3;0
5;2025-12-09;4;0
5;2025-12-09;5;0
5;2025-12-09;6;0
5;2025-12-09;7;0
5;2025-12-09;8;0
5;2025-12-09;9;0
5;2025-12-09;10;0
5;2025-12-09;11;0
5;2025-12-09;12;0
5;2025-12-09;13;0
5;2025-12-09;14;0
5;2025-12-09;15;0
5;2025-12-09;16;0
5;2025-12-09;17;0
5;2025-12-09;18;0
5;2025-12-09;19;0
5;2025-12-09;20;0
5;2025-12-09;21;0
5;2025-12-09;22;0
5;2025-12-09;23;0
5;2025-12-10;0;0
5;2025-12-10;1;0
5;2025-12-10;2;0
5;2025-12-10;3;0
5;2025-12-10;4;0
5;2025-12-10;5;0
5;2025-12-10;6;0
5;2025-12-10;7;0
5;2025-12-10;8;0
5;2025-12-10;9;0
5;2025-12-10;10;0
5;2025-12-10;11;0
5;2025-12-10;12;0
5;2025-12-10;13;0
5;2025-12-10;14;0
5;2025-12-10;15;0
5;2025-12-10;16;0
5;2025-12-10;17;0
5;2025-12-10;18;0
5;2025-12-10;19;0
5;2025-12-10;20;0
5;2025-12-10;21;0
5;2025-12-10;22;0
5;2025-12-10;23;0
5;2025-12-11;0;0
5;2025-12-11;1;0
5;2025-12-11;2;0
5;2025-12-11;3;0
5;2025-12-11;4;0
5;2025-12-11;5;0
5;2025-12-11;6;0
5;2025-12-11;7;0
5;2025-12-11;8;0
5;2025-12-11;9;0
5;2025-12-11;10;0
5;2025-12-11;11;0
5;2025-12-11;12;0
5;2025-12-11;13;0
5;2025-12-11;14;0
5;2025-12-11;15;0
5;2025-12-11;16;0
5;2025-12-11;17;0
5;2025-12-11;18;0
5;2025-12-11;19;0
5;2025-12-11;20;0
5;2025-12-11;21;0
5;2025-12-11;22;0
5;2025-12-11;23;0
5;2025-12-12;0;0
5;2025-12-12;1;0
5;2025-12-12;2;0
5;2025-12-12;3;0
5;2025-12-12;4;0
5;2025-12-12;5;0
5;2025-12-12;6;0
5;2025-12-12;7;0
5;2025-12-12;8;0
5;2025-12-12;9;0
5;2025-12-12;10;0
5;2025-12-12;11;0
5;2025-12-12;12;0
5;2025-12-12;13;0
5;2025-12-12;14;0
5;2025-12-12;15;0
5;2025-12-12;16;0
5;2025-12-12;17;0
5;2025-12-12;18;0
5;2025-12-12;19;0
5;2025-12-12;20;0
5;2025-12-12;21;0
5;2025-12-12;22;0
5;2025-12-12;23;0
5;2025-12-13;0;0
5;2025-12-13;1;0
5;2025-12-13;2;0
5;2025-12-13;3;0
5;2025-12-13;4;0
5;2025-12-13;5;0
5;2025-12-13;6;0
5;2025-12-13;7;0
5;2025-12-13;8;0
5;2025-12-13;9;0
5;2025-12-13;10;0
5;2025-12-13;11;0
5;2025-12-13;12;0
5;2025-12-13;13;0
5;2025-12-13;14;0
5;2025-12-13;15;0
5;2025-12-13;16;0
5;2025-12-13;17;0
5;2025-12-13;18;0
5;2025-12-13;19;0
5;2025-12-13;20;0
5;2025-12-13;21;0
5;2025-12-13;22;0
5;2025-12-13;23;0
5;2025-12-14;0;0
5;2025-12-14;1;0
5;2025-12-14;2;0
5;2025-12-14;3;0
5;2025-12-14;4;0
5;2025-12-14;5;0
5;2025-12-14;6;0
5;2025-12-14;7;0
5;2025-12-14;8;0
5;2025-12-14;9;0
5;2025-12-14;10;0
5;2025-12-14;11;0
5;2025-12-14;12;0
5;2025-12-14;13;0
5;2025-12-14;14;0
5;2025-12-14;15;0
5;2025-12-14;16;0
5;2025-12-14;17;0
5;2025-12-14;18;0
5;2025-12-14;19;0
5;2025-12-14;20;0
5;2025-12-14;21;0
5;2025-12-14;22;0
5;2025-12-14;23;0
5;2025-12-15;0;0
5;2025-12-15;1;0
5;2025-12-15;2;0
5;2025-12-15;3;0
5;2025-12-15;4;0
5;2025-12-15;5;0
5;2025-12-15;6;0
5;2025-12-15;7;0
5;2025-12-15;8;0
5;2025-12-15;9;0
5;2025-12-15;10;0
5;2025-12-15;11;0
5;2025-12-15;12;0
5;2025-12-15;13;0
5;2025-12-15;14;0
5;2025-12-15;15;0
5;2025-12-15;16;0
5;2025-12-15;17;0
5;2025-12-15;18;0
5;2025-12-15;19;0
5;2025-12-15;20;0
5;2025-12-15;21;0
5;2025-12-15;22;0
5;2025-12-15;23;0
5;2025-12-16;0;0
5;2025-12-16;1;0
5;2025-12-16;2;0
5;2025-12-16;3;0
5;2025-12-16;4;0
5;2025-12-16;5;0
5;2025-12-16;6;0
5;2025-12-16;7;0
5;2025-12-16;8;0
5;2025-12-16;9;0
5;2025-12-16;10;0
5;2025-12-16;11;0
5;2025-12-16;12;0
5;2025-12-16;13;0
5;2025-12-16;14;0
5;2025-12-16;15;0
5;2025-12-16;16;0
5;2025-12-16;17;0
5;2025-12-16;18;437
5;2025-12-16;19;259
5;2025-12-16;20;176
5;2025-12-16;21;118
5;2025-12-16;22;48
5;2025-12-16;23;28
5;2025-12-17;0;5
5;2025-12-17;1;0
5;2025-12-17;2;0
5;2025-12-17;3;0
5;2025-12-17;4;1
5;2025-12-17;5;14
5;2025-12-17;6;99
5;2025-12-17;7;325
5;2025-12-17;8;531
5;2025-12-17;9;418
5;2025-12-17;10;318
5;2025-12-17;11;287
5;2025-12-17;12;271
5;2025-12-17;13;287
5;2025-12-17;14;273
5;2025-12-17;15;317
5;2025-12-17;16;340
5;2025-12-17;17;448
5;2025-12-17;18;437
5;2025-12-17;19;259
5;2025-12-17;20;176
5;2025-12-17;21;118
5;2025-12-17;22;48
5;2025-12-17;23;28
5;2025-12-18;0;5
5;2025-12-18;1;0
5;2025-12-18;2;0
5;2025-12-18;3;0
5;2025-12-18;4;1
5;2025-12-18;5;14
5;2025-12-18;6;99
5;2025-12-18;7;325
5;2025-12-18;8;531
5;2025-12-18;9;418
5;2025-12-18;10;318
5;2025-12-18;11;287
5;2025-12-18;12;271
5;2025-12-18;13;287
5;2025-12-18;14;273
5;2025-12-18;15;317
5;2025-12-18;16;340
5;2025-12-18;17;448
5;2025-12-18;18;437
5;2025-12-18;19;259
5;2025-12-18;20;176
5;2025-12-18;21;118
5;2025-12-18;22;48
5;2025-12-18;23;28
5;2025-12-19;0;5
5;2025-12-19;1;0
5;2025-12-19;2;0
5;2025-12-19;3;0
5;2025-12-19;4;1
5;2025-12-19;5;14
5;2025-12-19;6;99
5;2025-12-19;7;325
5;2025-12-19;8;531
5;2025-12-19;9;418
5;2025-12-19;10;318
5;2025-12-19;11;287
5;2025-12-19;12;271
5;2025-12-19;13;287
5;2025-12-19;14;273
5;2025-12-19;15;317
5;2025-12-19;16;340
5;2025-12-19;17;448
5;2025-12-19;18;437
5;2025-12-19;19;259
5;2025-12-19;20;176
5;2025-12-19;21;118
5;2025-12-19;22;48
5;2025-12-19;23;28
5;2025-12-20;0;3
5;2025-12-20;1;0
5;2025-12-20;2;0
5;2025-12-20;3;0
5;2025-12-20;4;0
5;2025-12-20;5;8
5;2025-12-20;6;59
5;2025-12-20;7;195
5;2025-12-20;8;319
5;2025-12-20;9;251
5;2025-12-20;10;191
5;2025-12-20;11;172
5;2025-12-20;12;162
5;2025-12-20;13;172
5;2025-12-20;14;164
5;2025-12-20;15;190
5;2025-12-20;16;204
5;2025-12-20;17;269
5;2025-12-20;18;262
5;2025-12-20;19;155
5;2025-12-20;20;105
5;2025-12-20;21;71
5;2025-12-20;22;29
5;2025-12-20;23;17
5;2025-12-21;0;3
5;2025-12-21;1;0
5;2025-12-21;2;0
5;2025-12-21;3;0
5;2025-12-21;4;0
5;2025-12-21;5;7
5;2025-12-21;6;49
5;2025-12-21;7;162
5;2025-12-21;8;266
5;2025-12-21;9;209
5;2025-12-21;10;159
5;2025-12-21;11;144
5;2025-12-21;12;135
5;2025-12-21;13;143
5;2025-12-21;14;136
5;2025-12-21;15;159
5;2025-12-21;16;170
5;2025-12-21;17;224
5;2025-12-21;18;219
5;2025-12-21;19;130
5;2025-12-21;20;88
5;2025-12-21;21;59
5;2025-12-21;22;24
5;2025-12-21;23;14
5;2025-12-22;0;5
5;2025-12-22;1;0
5;2025-12-22;2;0
5;2025-12-22;3;0
5;2025-12-22;4;1
5;2025-12-22;5;14
5;2025-12-22;6;99
5;2025-12-22;7;325
5;2025-12-22;8;531
5;2025-12-22;9;418
5;2025-12-22;10;318
5;2025-12-22;11;287
5;2025-12-22;12;271
5;2025-12-22;13;287
5;2025-12-22;14;273
5;2025-12-22;15;317
5;2025-12-22;16;340
5;2025-12-22;17;448
5;2025-12-22;18;437
5;2025-12-22;19;259
5;2025-12-22;20;176
5;2025-12-22;21;118
5;2025-12-22;22;48
5;2025-12-22;23;28
5;2025-12-23;0;5
5;2025-12-23;1;0
5;2025-12-23;2;0
5;2025-12-23;3;0
5;2025-12-23;4;1
5;2025-12-23;5;14
5;2025-12-23;6;99
5;2025-12-23;7;325
5;2025-12-23;8;531
5;2025-12-23;9;418
5;2025-12-23;10;318
5;2025-12-23;11;287
5;2025-12-23;12;271
5;2025-12-23;13;287
5;2025-12-23;14;273
5;2025-12-23;15;317
5;2025-12-23;16;340
5;2025-12-23;17;448
5;2025-12-23;18;437
5;2025-12-23;19;259
5;2025-12-23;20;176
5;2025-12-23;21;118
5;2025-12-23;22;48
5;2025-12-23;23;28
5;2025-12-24;0;5
5;2025-12-24;1;0
5;2025-12-24;2;0
5;2025-12-24;3;0
5;2025-12-24;4;1
5;2025-12-24;5;14
5;2025-12-24;6;99
5;2025-12-24;7;325
5;2025-12-24;8;531
5;2025-12-24;9;418
5;2025-12-24;10;318
5;2025-12-24;11;287
5;2025-12-24;12;271
5;2025-12-24;13;287
5;2025-12-24;14;273
5;2025-12-24;15;317
5;2025-12-24;16;340
5;2025-12-24;17;448
5;2025-12-24;18;437
5;2025-12-24;19;259
5;2025-12-24;20;176
5;2025-12-24;21;118
5;2025-12-24;22;48
5;2025-12-24;23;28
5;2025-12-25;0;5
5;2025-12-25;1;0
5;2025-12-25;2;0
5;2025-12-25;3;0
5;2025-12-25;4;1
5;2025-12-25;5;14
5;2025-12-25;6;99
5;2025-12-25;7;325
5;2025-12-25;8;531
5;2025-12-25;9;418
5;2025-12-25;10;318
5;2025-12-25;11;287
5;2025-12-25;12;271
5;2025-12-25;13;287
5;2025-12-25;14;273
5;2025-12-25;15;317
5;2025-12-25;16;340
5;2025-12-25;17;448
5;2025-12-25;18;437
5;2025-12-25;19;259
5;2025-12-25;20;176
5;2025-12-25;21;118
5;2025-12-25;22;48
5;2025-12-25;23;28
5;2025-12-26;0;5
5;2025-12-26;1;0
5;2025-12-26;2;0
5;2025-12-26;3;0
5;2025-12-26;4;1
5;2025-12-26;5;14
5;2025-12-26;6;99
5;2025-12-26;7;325
5;2025-12-26;8;531
5;2025-12-26;9;418
5;2025-12-26;10;318
5;2025-12-26;11;287
5;2025-12-26;12;271
5;2025-12-26;13;287
5;2025-12-26;14;273
5;2025-12-26;15;317
5;2025-12-26;16;340
5;2025-12-26;17;448
5;2025-12-26;18;437
5;2025-12-26;19;259
5;2025-12-26;20;176
5;2025-12-26;21;118
5;2025-12-26;22;48
5;2025-12-26;23;28
5;2025-12-27;0;3
5;2025-12-27;1;0
5;2025-12-27;2;0
5;2025-12-27;3;0
5;2025-12-27;4;0
5;2025-12-27;5;8
5;2025-12-27;6;59
5;2025-12-27;7;195
5;2025-12-27;8;319
5;2025-12-27;9;251
5;2025-12-27;10;191
5;2025-12-27;11;172
5;2025-12-27;12;162
5;2025-12-27;13;172
5;2025-12-27;14;164
5;2025-12-27;15;190
5;2025-12-27;16;204
5;2025-12-27;17;269
5;2025-12-27;18;262
5;2025-12-27;19;155
5;2025-12-27;20;105
5;2025-12-27;21;71
5;2025-12-27;22;29
5;2025-12-27;23;17
5;2025-12-28;0;3
5;2025-12-28;1;0
5;2025-12-28;2;0
5;2025-12-28;3;0
5;2025-12-28;4;0
5;2025-12-28;5;7
5;2025-12-28;6;49
5;2025-12-28;7;162
5;2025-12-28;8;266
5;2025-12-28;9;209
5;2025-12-28;10;159
5;2025-12-28;11;144
5;2025-12-28;12;135
5;2025-12-28;13;143
5;2025-12-28;14;136
5;2025-12-28;15;159
5;2025-12-28;16;170
5;2025-12-28;17;224
5;2025-12-28;18;219
5;2025-12-28;19;130
5;2025-12-28;20;88
5;2025-12-28;21;59
5;2025-12-28;22;24
5;2025-12-28;23;14
5;2025-12-29;0;5
5;2025-12-29;1;0
5;2025-12-29;2;0
5;2025-12-29;3;0
5;2025-12-29;4;1
5;2025-12-29;5;14
5;2025-12-29;6;99
5;2025-12-29;7;325
5;2025-12-29;8;531
5;2025-12-29;9;418
5;2025-12-29;10;318
5;2025-12-29;11;287
5;2025-12-29;12;271
5;2025-12-29;13;287
5;2025-12-29;14;273
5;2025-12-29;15;317
5;2025-12-29;16;340
5;2025-12-29;17;448
5;2025-12-29;18;437
5;2025-12-29;19;259
5;2025-12-29;20;176
5;2025-12-29;21;118
5;2025-12-29;22;48
5;2025-12-29;23;28
5;2025-12-30;0;5
5;2025-12-30;1;0
5;2025-12-30;2;0
5;2025-12-30;3;0
5;2025-12-30;4;1
5;2025-12-30;5;14
5;2025-12-30;6;99
5;2025-12-30;7;325
5;2025-12-30;8;531
5;2025-12-30;9;418
5;2025-12-30;10;318
5;2025-12-30;11;287
5;2025-12-30;12;271
5;2025-12-30;13;287
5;2025-12-30;14;273
5;2025-12-30;15;317
5;2025-12-30;16;340
5;2025-12-30;17;448
5;2025-12-30;18;437
5;2025-12-30;19;259
5;2025-12-30;20;176
5;2025-12-30;21;118
5;2025-12-30;22;48
5;2025-12-30;23;28
5;2025-12-31;0;3
5;2025-12-31;1;0
5;2025-12-31;2;0
5;2025-12-31;3;0
5;2025-12-31;4;0
5;2025-12-31;5;7
5;2025-12-31;6;49
5;2025-12-31;7;162
5;2025-12-31;8;266
5;2025-12-31;9;209
5;2025-12-31;10;159
5;2025-12-31;11;144
5;2025-12-31;12;135
5;2025-12-31;13;143
5;2025-12-31;14;136
5;2025-12-31;15;159
5;2025-12-31;16;170
5;2025-12-31;17;224
5;2025-12-31;18;219
5;2025-12-31;19;130
5;2025-12-31;20;0
5;2025-12-31;21;0
5;2025-12-31;22;0
5;2025-12-31;23;0
7;2025-11-01;0;52
7;2025-11-01;1;9
7;2025-11-01;2;0
7;2025-11-01;3;0
7;2025-11-01;4;1
7;2025-11-01;5;157
7;2025-11-01;6;509
7;2025-11-01;7;1290
7;2025-11-01;8;2074
7;2025-11-01;9;1521
7;2025-11-01;10;1441
7;2025-11-01;11;1322
7;2025-11-01;12;1421
7;2025-11-01;13;1370
7;2025-11-01;14;1422
7;2025-11-01;15;1497
7;2025-11-01;16;1570
7;2025-11-01;17;2005
7;2025-11-01;18;2092
7;2025-11-01;19;1382
7;2025-11-01;20;901
7;2025-11-01;21;513
7;2025-11-01;22;245
7;2025-11-01;23;154
7;2025-11-02;0;95
7;2025-11-02;1;16
7;2025-11-02;2;0
7;2025-11-02;3;0
7;2025-11-02;4;0
7;2025-11-02;5;27
7;2025-11-02;6;134
7;2025-11-02;7;173
7;2025-11-02;8;400
7;2025-11-02;9;485
7;2025-11-02;10;390
7;2025-11-02;11;536
7;2025-11-02;12;668
7;2025-11-02;13;597
7;2025-11-02;14;691
7;2025-11-02;15;683
7;2025-11-02;16;582
7;2025-11-02;17;659
7;2025-11-02;18;658
7;2025-11-02;19;473
7;2025-11-02;20;390
7;2025-11-02;21;321
7;2025-11-02;22;135
7;2025-11-02;23;127
7;2025-11-03;0;90
7;2025-11-03;1;15
7;2025-11-03;2;0
7;2025-11-03;3;0
7;2025-11-03;4;0
7;2025-11-03;5;26
7;2025-11-03;6;128
7;2025-11-03;7;165
7;2025-11-03;8;380
7;2025-11-03;9;461
7;2025-11-03;10;371
7;2025-11-03;11;510
7;2025-11-03;12;634
7;2025-11-03;13;567
7;2025-11-03;14;656
7;2025-11-03;15;649
7;2025-11-03;16;552
7;2025-11-03;17;626
7;2025-11-03;18;625
7;2025-11-03;19;450
7;2025-11-03;20;371
7;2025-11-03;21;305
7;2025-11-03;22;129
7;2025-11-03;23;121
7;2025-11-04;0;90
7;2025-11-04;1;15
7;2025-11-04;2;0
7;2025-11-04;3;0
7;2025-11-04;4;0
7;2025-11-04;5;26
7;2025-11-04;6;128
7;2025-11-04;7;165
7;2025-11-04;8;380
7;2025-11-04;9;461
7;2025-11-04;10;371
7;2025-11-04;11;510
7;2025-11-04;12;634
7;2025-11-04;13;567
7;2025-11-04;14;656
7;2025-11-04;15;649
7;2025-11-04;16;552
7;2025-11-04;17;626
7;2025-11-04;18;625
7;2025-11-04;19;450
7;2025-11-04;20;371
7;2025-11-04;21;305
7;2025-11-04;22;129
7;2025-11-04;23;121
7;2025-11-05;0;61
7;2025-11-05;1;11
7;2025-11-05;2;0
7;2025-11-05;3;0
7;2025-11-05;4;1
7;2025-11-05;5;184
7;2025-11-05;6;599
7;2025-11-05;7;1518
7;2025-11-05;8;2441
7;2025-11-05;9;1790
7;2025-11-05;10;1696
7;2025-11-05;11;1555
7;2025-11-05;12;1672
7;2025-11-05;13;1612
7;2025-11-05;14;1674
7;2025-11-05;15;1761
7;2025-11-05;16;1847
7;2025-11-05;17;2358
7;2025-11-05;18;2462
7;2025-11-05;19;1626
7;2025-11-05;20;1060
7;2025-11-05;21;604
7;2025-11-05;22;288
7;2025-11-05;23;181
7;2025-11-06;0;61
7;2025-11-06;1;11
7;2025-11-06;2;0
7;2025-11-06;3;0
7;2025-11-06;4;1
7;2025-11-06;5;184
7;2025-11-06;6;599
7;2025-11-06;7;1518
7;2025-11-06;8;2441
7;2025-11-06;9;1790
7;2025-11-06;10;1696
7;2025-11-06;11;1555
7;2025-11-06;12;1672
7;2025-11-06;13;1612
7;2025-11-06;14;1674
7;2025-11-06;15;1761
7;2025-11-06;16;1847
7;2025-11-06;17;2358
7;2025-11-06;18;2462
7;2025-11-06;19;1626
7;2025-11-06;20;1060
7;2025-11-06;21;604
7;2025-11-06;22;288
7;2025-11-06;23;181
7;2025-11-07;0;61
7;2025-11-07;1;11
7;2025-11-07;2;0
7;2025-11-07;3;0
7;2025-11-07;4;1
7;2025-11-07;5;184
7;2025-11-07;6;599
7;2025-11-07;7;1518
7;2025-11-07;8;2441
7;2025-11-07;9;1790
7;2025-11-07;10;1696
7;2025-11-07;11;1555
7;2025-11-07;12;1672
7;2025-11-07;13;1612
7;2025-11-07;14;1674
7;2025-11-07;15;1761
7;2025-11-07;16;1847
7;2025-11-07;17;2358
7;2025-11-07;18;2462
7;2025-11-07;19;1626
7;2025-11-07;20;1060
7;2025-11-07;21;604
7;2025-11-07;22;288
7;2025-11-07;23;181
7;2025-11-08;0;114
7;2025-11-08;1;25
7;2025-11-08;2;0
7;2025-11-08;3;0
7;2025-11-08;4;1
7;2025-11-08;5;48
7;2025-11-08;6;285
7;2025-11-08;7;309
7;2025-11-08;8;694
7;2025-11-08;9;558
7;2025-11-08;10;552
7;2025-11-08;11;760
7;2025-11-08;12;997
7;2025-11-08;13;900
7;2025-11-08;14;818
7;2025-11-08;15;844
7;2025-11-08;16;857
7;2025-11-08;17;804
7;2025-11-08;18;727
7;2025-11-08;19;652
7;2025-11-08;20;461
7;2025-11-08;21;362
7;2025-11-08;22;200
7;2025-11-08;23;193
7;2025-11-09;0;95
7;2025-11-09;1;16
7;2025-11-09;2;0
7;2025-11-09;3;0
7;2025-11-09;4;0
7;2025-11-09;5;27
7;2025-11-09;6;134
7;2025-11-09;7;173
7;2025-11-09;8;400
7;2025-11-09;9;485
7;2025-11-09;10;390
7;2025-11-09;11;536
7;2025-11-09;12;668
7;2025-11-09;13;597
7;2025-11-09;14;691
7;2025-11-09;15;683
7;2025-11-09;16;582
7;2025-11-09;17;659
7;2025-11-09;18;658
7;2025-11-09;19;473
7;2025-11-09;20;390
7;2025-11-09;21;321
7;2025-11-09;22;135
7;2025-11-09;23;127
7;2025-11-10;0;61
7;2025-11-10;1;11
7;2025-11-10;2;0
7;2025-11-10;3;0
7;2025-11-10;4;1
7;2025-11-10;5;184
7;2025-11-10;6;599
7;2025-11-10;7;1518
7;2025-11-10;8;2441
7;2025-11-10;9;1790
7;2025-11-10;10;1696
7;2025-11-10;11;1555
7;2025-11-10;12;1672
7;2025-11-10;13;1612
7;2025-11-10;14;1674
7;2025-11-10;15;1761
7;2025-11-10;16;1847
7;2025-11-10;17;2358
7;2025-11-10;18;2462
7;2025-11-10;19;1626
7;2025-11-10;20;1060
7;2025-11-10;21;604
7;2025-11-10;22;288
7;2025-11-10;23;181
7;2025-11-11;0;61
7;2025-11-11;1;11
7;2025-11-11;2;0
7;2025-11-11;3;0
7;2025-11-11;4;1
7;2025-11-11;5;184
7;2025-11-11;6;599
7;2025-11-11;7;1518
7;2025-11-11;8;2441
7;2025-11-11;9;1790
7;2025-11-11;10;1696
7;2025-11-11;11;1555
7;2025-11-11;12;1672
7;2025-11-11;13;1612
7;2025-11-11;14;1674
7;2025-11-11;15;1761
7;2025-11-11;16;1847
7;2025-11-11;17;2358
7;2025-11-11;18;2462
7;2025-11-11;19;1626
7;2025-11-11;20;1060
7;2025-11-11;21;604
7;2025-11-11;22;288
7;2025-11-11;23;181
7;2025-11-12;0;61
7;2025-11-12;1;11
7;2025-11-12;2;0
7;2025-11-12;3;0
7;2025-11-12;4;1
7;2025-11-12;5;184
7;2025-11-12;6;599
7;2025-11-12;7;1518
7;2025-11-12;8;2441
7;2025-11-12;9;1790
7;2025-11-12;10;1696
7;2025-11-12;11;1555
7;2025-11-12;12;1672
7;2025-11-12;13;1612
7;2025-11-12;14;1674
7;2025-11-12;15;1761
7;2025-11-12;16;1847
7;2025-11-12;17;2358
7;2025-11-12;18;2462
7;2025-11-12;19;1626
7;2025-11-12;20;1060
7;2025-11-12;21;604
7;2025-11-12;22;288
7;2025-11-12;23;181
7;2025-11-13;0;61
7;2025-11-13;1;11
7;2025-11-13;2;0
7;2025-11-13;3;0
7;2025-11-13;4;1
7;2025-11-13;5;184
7;2025-11-13;6;599
7;2025-11-13;7;1518
7;2025-11-13;8;2441
7;2025-11-13;9;1790
7;2025-11-13;10;1696
7;2025-11-13;11;1555
7;2025-11-13;12;1672
7;2025-11-13;13;1612
7;2025-11-13;14;1674
7;2025-11-13;15;1761
7;2025-11-13;16;1847
7;2025-11-13;17;2358
7;2025-11-13;18;2462
7;2025-11-13;19;1626
7;2025-11-13;20;1060
7;2025-11-13;21;604
7;2025-11-13;22;288
7;2025-11-13;23;181
7;2025-11-14;0;61
7;2025-11-14;1;11
7;2025-11-14;2;0
7;2025-11-14;3;0
7;2025-11-14;4;1
7;2025-11-14;5;184
7;2025-11-14;6;599
7;2025-11-14;7;1518
7;2025-11-14;8;2441
7;2025-11-14;9;1790
7;2025-11-14;10;1696
7;2025-11-14;11;1555
7;2025-11-14;12;1672
7;2025-11-14;13;1612
7;2025-11-14;14;1674
7;2025-11-14;15;1761
7;2025-11-14;16;1847
7;2025-11-14;17;2358
7;2025-11-14;18;2462
7;2025-11-14;19;1626
7;2025-11-14;20;1060
7;2025-11-14;21;604
7;2025-11-14;22;288
7;2025-11-14;23;181
7;2025-11-15;0;97
7;2025-11-15;1;26
7;2025-11-15;2;0
7;2025-11-15;3;0
7;2025-11-15;4;0
7;2025-11-15;5;57
7;2025-11-15;6;311
7;2025-11-15;7;501
7;2025-11-15;8;786
7;2025-11-15;9;909
7;2025-11-15;10;964
7;2025-11-15;11;1120
7;2025-11-15;12;1330
7;2025-11-15;13;1295
7;2025-11-15;14;1400
7;2025-11-15;15;1245
7;2025-11-15;16;1196
7;2025-11-15;17;1188
7;2025-11-15;18;1122
7;2025-11-15;19;1137
7;2025-11-15;20;834
7;2025-11-15;21;673
7;2025-11-15;22;371
7;2025-11-15;23;221
7;2025-11-16;0;110
7;2025-11-16;1;27
7;2025-11-16;2;0
7;2025-11-16;3;0
7;2025-11-16;4;0
7;2025-11-16;5;35
7;2025-11-16;6;209
7;2025-11-16;7;346
7;2025-11-16;8;537
7;2025-11-16;9;707
7;2025-11-16;10;791
7;2025-11-16;11;994
7;2025-11-16;12;1117
7;2025-11-16;13;1159
7;2025-11-16;14;1253
7;2025-11-16;15;1221
7;2025-11-16;16;1101
7;2025-11-16;17;1198
7;2025-11-16;18;1026
7;2025-11-16;19;889
7;2025-11-16;20;755
7;2025-11-16;21;604
7;2025-11-16;22;347
7;2025-11-16;23;190
7;2025-11-17;0;61
7;2025-11-17;1;11
7;2025-11-17;2;0
7;2025-11-17;3;0
7;2025-11-17;4;1
7;2025-11-17;5;184
7;2025-11-17;6;599
7;2025-11-17;7;1518
7;2025-11-17;8;2441
7;2025-11-17;9;1790
7;2025-11-17;10;1696
7;2025-11-17;11;1555
7;2025-11-17;12;1672
7;2025-11-17;13;1612
7;2025-11-17;14;1674
7;2025-11-17;15;1761
7;2025-11-17;16;1847
7;2025-11-17;17;2358
7;2025-11-17;18;2462
7;2025-11-17;19;1626
7;2025-11-17;20;1060
7;2025-11-17;21;604
7;2025-11-17;22;288
7;2025-11-17;23;181
7;2025-11-18;0;61
7;2025-11-18;1;11
7;2025-11-18;2;0
7;2025-11-18;3;0
7;2025-11-18;4;1
7;2025-11-18;5;184
7;2025-11-18;6;599
7;2025-11-18;7;1518
7;2025-11-18;8;2441
7;2025-11-18;9;1790
7;2025-11-18;10;1696
7;2025-11-18;11;1555
7;2025-11-18;12;1672
7;2025-11-18;13;1612
7;2025-11-18;14;1674
7;2025-11-18;15;1761
7;2025-11-18;16;1847
7;2025-11-18;17;2358
7;2025-11-18;18;2462
7;2025-11-18;19;1626
7;2025-11-18;20;1060
7;2025-11-18;21;604
7;2025-11-18;22;288
7;2025-11-18;23;181
7;2025-11-19;0;61
7;2025-11-19;1;11
7;2025-11-19;2;0
7;2025-11-19;3;0
7;2025-11-19;4;1
7;2025-11-19;5;184
7;2025-11-19;6;599
7;2025-11-19;7;1518
7;2025-11-19;8;2441
7;2025-11-19;9;1790
7;2025-11-19;10;1696
7;2025-11-19;11;1555
7;2025-11-19;12;1672
7;2025-11-19;13;1612
7;2025-11-19;14;1674
7;2025-11-19;15;1761
7;2025-11-19;16;1847
7;2025-11-19;17;2358
7;2025-11-19;18;2462
7;2025-11-19;19;1626
7;2025-11-19;20;1060
7;2025-11-19;21;604
7;2025-11-19;22;288
7;2025-11-19;23;181
7;2025-11-20;0;61
7;2025-11-20;1;11
7;2025-11-20;2;0
7;2025-11-20;3;0
7;2025-11-20;4;1
7;2025-11-20;5;184
7;2025-11-20;6;599
7;2025-11-20;7;1518
7;2025-11-20;8;2441
7;2025-11-20;9;1790
7;2025-11-20;10;1696
7;2025-11-20;11;1555
7;2025-11-20;12;1672
7;2025-11-20;13;1612
7;2025-11-20;14;1674
7;2025-11-20;15;1761
7;2025-11-20;16;1847
7;2025-11-20;17;2358
7;2025-11-20;18;2462
7;2025-11-20;19;1626
7;2025-11-20;20;1060
7;2025-11-20;21;604
7;2025-11-20;22;288
7;2025-11-20;23;181
7;2025-11-21;0;61
7;2025-11-21;1;11
7;2025-11-21;2;0
7;2025-11-21;3;0
7;2025-11-21;4;1
7;2025-11-21;5;184
7;2025-11-21;6;599
7;2025-11-21;7;1518
7;2025-11-21;8;2441
7;2025-11-21;9;1790
7;2025-11-21;10;1696
7;2025-11-21;11;1555
7;2025-11-21;12;1672
7;2025-11-21;13;1612
7;2025-11-21;14;1674
7;2025-11-21;15;1761
7;2025-11-21;16;1847
7;2025-11-21;17;2358
7;2025-11-21;18;2462
7;2025-11-21;19;1626
7;2025-11-21;20;1060
7;2025-11-21;21;604
7;2025-11-21;22;288
7;2025-11-21;23;181
7;2025-11-22;0;97
7;2025-11-22;1;26
7;2025-11-22;2;0
7;2025-11-22;3;0
7;2025-11-22;4;0
7;2025-11-22;5;57
7;2025-11-22;6;311
7;2025-11-22;7;501
7;2025-11-22;8;786
7;2025-11-22;9;909
7;2025-11-22;10;964
7;2025-11-22;11;1120
7;2025-11-22;12;1330
7;2025-11-22;13;1295
7;2025-11-22;14;1400
7;2025-11-22;15;1245
7;2025-11-22;16;1196
7;2025-11-22;17;1188
7;2025-11-22;18;1122
7;2025-11-22;19;1137
7;2025-11-22;20;834
7;2025-11-22;21;673
7;2025-11-22;22;371
7;2025-11-22;23;221
7;2025-11-23;0;110
7;2025-11-23;1;27
7;2025-11-23;2;0
7;2025-11-23;3;0
7;2025-11-23;4;0
7;2025-11-23;5;35
7;2025-11-23;6;209
7;2025-11-23;7;346
7;2025-11-23;8;537
7;2025-11-23;9;707
7;2025-11-23;10;791
7;2025-11-23;11;994
7;2025-11-23;12;1117
7;2025-11-23;13;1159
7;2025-11-23;14;1253
7;2025-11-23;15;1221
7;2025-11-23;16;1101
7;2025-11-23;17;1198
7;2025-11-23;18;1026
7;2025-11-23;19;889
7;2025-11-23;20;755
7;2025-11-23;21;604
7;2025-11-23;22;347
7;2025-11-23;23;190
7;2025-11-24;0;61
7;2025-11-24;1;11
7;2025-11-24;2;0
7;2025-11-24;3;0
7;2025-11-24;4;1
7;2025-11-24;5;184
7;2025-11-24;6;599
7;2025-11-24;7;1518
7;2025-11-24;8;2441
7;2025-11-24;9;1790
7;2025-11-24;10;1696
7;2025-11-24;11;1555
7;2025-11-24;12;1672
7;2025-11-24;13;1612
7;2025-11-24;14;1674
7;2025-11-24;15;1761
7;2025-11-24;16;1847
7;2025-11-24;17;2358
7;2025-11-24;18;2462
7;2025-11-24;19;1626
7;2025-11-24;20;1060
7;2025-11-24;21;604
7;2025-11-24;22;288
7;2025-11-24;23;181
7;2025-11-25;0;61
7;2025-11-25;1;11
7;2025-11-25;2;0
7;2025-11-25;3;0
7;2025-11-25;4;1
7;2025-11-25;5;184
7;2025-11-25;6;599
7;2025-11-25;7;1518
7;2025-11-25;8;2441
7;2025-11-25;9;1790
7;2025-11-25;10;1696
7;2025-11-25;11;1555
7;2025-11-25;12;1672
7;2025-11-25;13;1612
7;2025-11-25;14;1674
7;2025-11-25;15;1761
7;2025-11-25;16;1847
7;2025-11-25;17;2358
7;2025-11-25;18;2462
7;2025-11-25;19;1626
7;2025-11-25;20;1060
7;2025-11-25;21;604
7;2025-11-25;22;288
7;2025-11-25;23;181
7;2025-11-26;0;61
7;2025-11-26;1;11
7;2025-11-26;2;0
7;2025-11-26;3;0
7;2025-11-26;4;1
7;2025-11-26;5;184
7;2025-11-26;6;599
7;2025-11-26;7;1518
7;2025-11-26;8;2441
7;2025-11-26;9;1790
7;2025-11-26;10;1696
7;2025-11-26;11;1555
7;2025-11-26;12;1672
7;2025-11-26;13;1612
7;2025-11-26;14;1674
7;2025-11-26;15;1761
7;2025-11-26;16;1847
7;2025-11-26;17;2358
7;2025-11-26;18;2462
7;2025-11-26;19;1626
7;2025-11-26;20;1060
7;2025-11-26;21;604
7;2025-11-26;22;288
7;2025-11-26;23;181
7;2025-11-27;0;61
7;2025-11-27;1;11
7;2025-11-27;2;0
7;2025-11-27;3;0
7;2025-11-27;4;1
7;2025-11-27;5;184
7;2025-11-27;6;599
7;2025-11-27;7;1518
7;2025-11-27;8;2441
7;2025-11-27;9;1790
7;2025-11-27;10;1696
7;2025-11-27;11;1555
7;2025-11-27;12;1672
7;2025-11-27;13;1612
7;2025-11-27;14;1674
7;2025-11-27;15;1761
7;2025-11-27;16;1847
7;2025-11-27;17;2358
7;2025-11-27;18;2462
7;2025-11-27;19;1626
7;2025-11-27;20;1060
7;2025-11-27;21;604
7;2025-11-27;22;288
7;2025-11-27;23;181
7;2025-11-28;0;61
7;2025-11-28;1;11
7;2025-11-28;2;0
7;2025-11-28;3;0
7;2025-11-28;4;1
7;2025-11-28;5;184
7;2025-11-28;6;599
7;2025-11-28;7;1518
7;2025-11-28;8;2441
7;2025-11-28;9;1790
7;2025-11-28;10;1696
7;2025-11-28;11;1555
7;2025-11-28;12;1672
7;2025-11-28;13;1612
7;2025-11-28;14;1674
7;2025-11-28;15;1761
7;2025-11-28;16;1847
7;2025-11-28;17;2358
7;2025-11-28;18;2462
7;2025-11-28;19;1626
7;2025-11-28;20;1060
7;2025-11-28;21;604
7;2025-11-28;22;288
7;2025-11-28;23;181
7;2025-11-29;0;97
7;2025-11-29;1;26
7;2025-11-29;2;0
7;2025-11-29;3;0
7;2025-11-29;4;0
7;2025-11-29;5;57
7;2025-11-29;6;311
7;2025-11-29;7;501
7;2025-11-29;8;786
7;2025-11-29;9;909
7;2025-11-29;10;964
7;2025-11-29;11;1120
7;2025-11-29;12;1330
7;2025-11-29;13;1295
7;2025-11-29;14;1400
7;2025-11-29;15;1245
7;2025-11-29;16;1196
7;2025-11-29;17;1188
7;2025-11-29;18;1122
7;2025-11-29;19;1137
7;2025-11-29;20;834
7;2025-11-29;21;673
7;2025-11-29;22;371
7;2025-11-29;23;221
7;2025-11-30;0;110
7;2025-11-30;1;27
7;2025-11-30;2;0
7;2025-11-30;3;0
7;2025-11-30;4;0
7;2025-11-30;5;35
7;2025-11-30;6;209
7;2025-11-30;7;346
7;2025-11-30;8;537
7;2025-11-30;9;707
7;2025-11-30;10;791
7;2025-11-30;11;994
7;2025-11-30;12;1117
7;2025-11-30;13;1159
7;2025-11-30;14;1253
7;2025-11-30;15;1221
7;2025-11-30;16;1101
7;2025-11-30;17;1198
7;2025-11-30;18;1026
7;2025-11-30;19;889
7;2025-11-30;20;755
7;2025-11-30;21;604
7;2025-11-30;22;347
7;2025-11-30;23;190
7;2025-12-01;0;63
7;2025-12-01;1;11
7;2025-12-01;2;0
7;2025-12-01;3;0
7;2025-12-01;4;1
7;2025-12-01;5;190
7;2025-12-01;6;617
7;2025-12-01;7;1565
7;2025-12-01;8;2517
7;2025-12-01;9;1846
7;2025-12-01;10;1748
7;2025-12-01;11;1604
7;2025-12-01;12;1724
7;2025-12-01;13;1663
7;2025-12-01;14;1726
7;2025-12-01;15;1816
7;2025-12-01;16;1904
7;2025-12-01;17;2432
7;2025-12-01;18;2538
7;2025-12-01;19;1677
7;2025-12-01;20;1093
7;2025-12-01;21;622
7;2025-12-01;22;297
7;2025-12-01;23;187
7;2025-12-02;0;63
7;2025-12-02;1;11
7;2025-12-02;2;0
7;2025-12-02;3;0
7;2025-12-02;4;1
7;2025-12-02;5;190
7;2025-12-02;6;617
7;2025-12-02;7;1565
7;2025-12-02;8;2517
7;2025-12-02;9;1846
7;2025-12-02;10;1748
7;2025-12-02;11;1604
7;2025-12-02;12;1724
7;2025-12-02;13;1663
7;2025-12-02;14;1726
7;2025-12-02;15;1816
7;2025-12-02;16;1904
7;2025-12-02;17;2432
7;2025-12-02;18;2538
7;2025-12-02;19;1677
7;2025-12-02;20;1093
7;2025-12-02;21;622
7;2025-12-02;22;297
7;2025-12-02;23;187
7;2025-12-03;0;63
7;2025-12-03;1;11
7;2025-12-03;2;0
7;2025-12-03;3;0
7;2025-12-03;4;1
7;2025-12-03;5;190
7;2025-12-03;6;617
7;2025-12-03;7;1565
7;2025-12-03;8;2517
7;2025-12-03;9;1846
7;2025-12-03;10;1748
7;2025-12-03;11;1604
7;2025-12-03;12;1724
7;2025-12-03;13;1663
7;2025-12-03;14;1726
7;2025-12-03;15;1816
7;2025-12-03;16;1904
7;2025-12-03;17;2432
7;2025-12-03;18;2538
7;2025-12-03;19;1677
7;2025-12-03;20;1093
7;2025-12-03;21;622
7;2025-12-03;22;297
7;2025-12-03;23;187
7;2025-12-04;0;63
7;2025-12-04;1;11
7;2025-12-04;2;0
7;2025-12-04;3;0
7;2025-12-04;4;1
7;2025-12-04;5;190
7;2025-12-04;6;617
7;2025-12-04;7;1565
7;2025-12-04;8;2517
7;2025-12-04;9;1846
7;2025-12-04;10;1748
7;2025-12-04;11;1604
7;2025-12-04;12;1724
7;2025-12-04;13;1663
7;2025-12-04;14;1726
7;2025-12-04;15;1816
7;2025-12-04;16;1904
7;2025-12-04;17;2432
7;2025-12-04;18;2538
7;2025-12-04;19;1677
7;2025-12-04;20;1093
7;2025-12-04;21;622
7;2025-12-04;22;297
7;2025-12-04;23;187
7;2025-12-05;0;63
7;2025-12-05;1;11
7;2025-12-05;2;0
7;2025-12-05;3;0
7;2025-12-05;4;1
7;2025-12-05;5;190
7;2025-12-05;6;617
7;2025-12-05;7;1565
7;2025-12-05;8;2517
7;2025-12-05;9;1846
7;2025-12-05;10;1748
7;2025-12-05;11;1604
7;2025-12-05;12;1724
7;2025-12-05;13;1663
7;2025-12-05;14;1726
7;2025-12-05;15;1816
7;2025-12-05;16;1904
7;2025-12-05;17;2432
7;2025-12-05;18;2538
7;2025-12-05;19;1677
7;2025-12-05;20;1093
7;2025-12-05;21;622
7;2025-12-05;22;297
7;2025-12-05;23;187
7;2025-12-06;0;100
7;2025-12-06;1;27
7;2025-12-06;2;0
7;2025-12-06;3;0
7;2025-12-06;4;0
7;2025-12-06;5;58
7;2025-12-06;6;321
7;2025-12-06;7;517
7;2025-12-06;8;811
7;2025-12-06;9;937
7;2025-12-06;10;994
7;2025-12-06;11;1155
7;2025-12-06;12;1371
7;2025-12-06;13;1336
7;2025-12-06;14;1444
7;2025-12-06;15;1284
7;2025-12-06;16;1234
7;2025-12-06;17;1225
7;2025-12-06;18;1157
7;2025-12-06;19;1173
7;2025-12-06;20;860
7;2025-12-06;21;694
7;2025-12-06;22;383
7;2025-12-06;23;228
7;2025-12-07;0;113
7;2025-12-07;1;28
7;2025-12-07;2;0
7;2025-12-07;3;0
7;2025-12-07;4;0
7;2025-12-07;5;36
7;2025-12-07;6;215
7;2025-12-07;7;357
7;2025-12-07;8;554
7;2025-12-07;9;728
7;2025-12-07;10;815
7;2025-12-07;11;1025
7;2025-12-07;12;1151
7;2025-12-07;13;1195
7;2025-12-07;14;1292
7;2025-12-07;15;1259
7;2025-12-07;16;1135
7;2025-12-07;17;1236
7;2025-12-07;18;1058
7;2025-12-07;19;917
7;2025-12-07;20;778
7;2025-12-07;21;623
7;2025-12-07;22;358
7;2025-12-07;23;196
7;2025-12-08;0;63
7;2025-12-08;1;11
7;2025-12-08;2;0
7;2025-12-08;3;0
7;2025-12-08;4;1
7;2025-12-08;5;190
7;2025-12-08;6;617
7;2025-12-08;7;1565
7;2025-12-08;8;2517
7;2025-12-08;9;1846
7;2025-12-08;10;1748
7;2025-12-08;11;1604
7;2025-12-08;12;1724
7;2025-12-08;13;1663
7;2025-12-08;14;1726
7;2025-12-08;15;1816
7;2025-12-08;16;1904
7;2025-12-08;17;2432
7;2025-12-08;18;2538
7;2025-12-08;19;1677
7;2025-12-08;20;1093
7;2025-12-08;21;622
7;2025-12-08;22;297
7;2025-12-08;23;187
7;2025-12-09;0;63
7;2025-12-09;1;11
7;2025-12-09;2;0
7;2025-12-09;3;0
7;2025-12-09;4;1
7;2025-12-09;5;190
7;2025-12-09;6;617
7;2025-12-09;7;1565
7;2025-12-09;8;2517
7;2025-12-09;9;1846
7;2025-12-09;10;1748
7;2025-12-09;11;1604
7;2025-12-09;12;1724
7;2025-12-09;13;1663
7;2025-12-09;14;1726
7;2025-12-09;15;1816
7;2025-12-09;16;1904
7;2025-12-09;17;2432
7;2025-12-09;18;2538
7;2025-12-09;19;1677
7;2025-12-09;20;1093
7;2025-12-09;21;622
7;2025-12-09;22;297
7;2025-12-09;23;187
7;2025-12-10;0;63
7;2025-12-10;1;11
7;2025-12-10;2;0
7;2025-12-10;3;0
7;2025-12-10;4;1
7;2025-12-10;5;190
7;2025-12-10;6;617
7;2025-12-10;7;1565
7;2025-12-10;8;2517
7;2025-12-10;9;1846
7;2025-12-10;10;1748
7;2025-12-10;11;1604
7;2025-12-10;12;1724
7;2025-12-10;13;1663
7;2025-12-10;14;1726
7;2025-12-10;15;1816
7;2025-12-10;16;1904
7;2025-12-10;17;2432
7;2025-12-10;18;2538
7;2025-12-10;19;1677
7;2025-12-10;20;1093
7;2025-12-10;21;622
7;2025-12-10;22;297
7;2025-12-10;23;187
7;2025-12-11;0;63
7;2025-12-11;1;11
7;2025-12-11;2;0
7;2025-12-11;3;0
7;2025-12-11;4;1
7;2025-12-11;5;190
7;2025-12-11;6;617
7;2025-12-11;7;1565
7;2025-12-11;8;2517
7;2025-12-11;9;1846
7;2025-12-11;10;1748
7;2025-12-11;11;1604
7;2025-12-11;12;1724
7;2025-12-11;13;1663
7;2025-12-11;14;1726
7;2025-12-11;15;1816
7;2025-12-11;16;1904
7;2025-12-11;17;2432
7;2025-12-11;18;2538
7;2025-12-11;19;1677
7;2025-12-11;20;1093
7;2025-12-11;21;622
7;2025-12-11;22;297
7;2025-12-11;23;187
7;2025-12-12;0;63
7;2025-12-12;1;11
7;2025-12-12;2;0
7;2025-12-12;3;0
7;2025-12-12;4;1
7;2025-12-12;5;190
7;2025-12-12;6;617
7;2025-12-12;7;1565
7;2025-12-12;8;2517
7;2025-12-12;9;1846
7;2025-12-12;10;1748
7;2025-12-12;11;1604
7;2025-12-12;12;1724
7;2025-12-12;13;1663
7;2025-12-12;14;1726
7;2025-12-12;15;1816
7;2025-12-12;16;1904
7;2025-12-12;17;2432
7;2025-12-12;18;2538
7;2025-12-12;19;1677
7;2025-12-12;20;1093
7;2025-12-12;21;622
7;2025-12-12;22;297
7;2025-12-12;23;187
7;2025-12-13;0;100
7;2025-12-13;1;27
7;2025-12-13;2;0
7;2025-12-13;3;0
7;2025-12-13;4;0
7;2025-12-13;5;58
7;2025-12-13;6;321
7;2025-12-13;7;517
7;2025-12-13;8;811
7;2025-12-13;9;937
7;2025-12-13;10;994
7;2025-12-13;11;1155
7;2025-12-13;12;1371
7;2025-12-13;13;1336
7;2025-12-13;14;1444
7;2025-12-13;15;1284
7;2025-12-13;16;1234
7;2025-12-13;17;1225
7;2025-12-13;18;1157
7;2025-12-13;19;1173
7;2025-12-13;20;860
7;2025-12-13;21;694
7;2025-12-13;22;383
7;2025-12-13;23;228
7;2025-12-14;0;113
7;2025-12-14;1;28
7;2025-12-14;2;0
7;2025-12-14;3;0
7;2025-12-14;4;0
7;2025-12-14;5;36
7;2025-12-14;6;215
7;2025-12-14;7;357
7;2025-12-14;8;554
7;2025-12-14;9;728
7;2025-12-14;10;815
7;2025-12-14;11;1025
7;2025-12-14;12;1151
7;2025-12-14;13;1195
7;2025-12-14;14;1292
7;2025-12-14;15;1259
7;2025-12-14;16;1135
7;2025-12-14;17;1236
7;2025-12-14;18;1058
7;2025-12-14;19;917
7;2025-12-14;20;778
7;2025-12-14;21;623
7;2025-12-14;22;358
7;2025-12-14;23;196
7;2025-12-15;0;63
7;2025-12-15;1;11
7;2025-12-15;2;0
7;2025-12-15;3;0
7;2025-12-15;4;1
7;2025-12-15;5;190
7;2025-12-15;6;617
7;2025-12-15;7;1565
7;2025-12-15;8;2517
7;2025-12-15;9;1846
7;2025-12-15;10;1748
7;2025-12-15;11;1604
7;2025-12-15;12;1724
7;2025-12-15;13;1663
7;2025-12-15;14;1726
7;2025-12-15;15;1816
7;2025-12-15;16;1904
7;2025-12-15;17;2432
7;2025-12-15;18;2538
7;2025-12-15;19;1677
7;2025-12-15;20;1093
7;2025-12-15;21;622
7;2025-12-15;22;297
7;2025-12-15;23;187
7;2025-12-16;0;63
7;2025-12-16;1;11
7;2025-12-16;2;0
7;2025-12-16;3;0
7;2025-12-16;4;1
7;2025-12-16;5;190
7;2025-12-16;6;617
7;2025-12-16;7;1565
7;2025-12-16;8;2517
7;2025-12-16;9;1846
7;2025-12-16;10;1748
7;2025-12-16;11;1604
7;2025-12-16;12;1724
7;2025-12-16;13;1663
7;2025-12-16;14;1726
7;2025-12-16;15;1816
7;2025-12-16;16;1904
7;2025-12-16;17;2432
7;2025-12-16;18;2538
7;2025-12-16;19;1677
7;2025-12-16;20;1093
7;2025-12-16;21;622
7;2025-12-16;22;297
7;2025-12-16;23;187
7;2025-12-17;0;63
7;2025-12-17;1;11
7;2025-12-17;2;0
7;2025-12-17;3;0
7;2025-12-17;4;1
7;2025-12-17;5;190
7;2025-12-17;6;617
7;2025-12-17;7;1565
7;2025-12-17;8;2517
7;2025-12-17;9;1846
7;2025-12-17;10;1748
7;2025-12-17;11;1604
7;2025-12-17;12;1724
7;2025-12-17;13;1663
7;2025-12-17;14;1726
7;2025-12-17;15;1816
7;2025-12-17;16;1904
7;2025-12-17;17;2432
7;2025-12-17;18;2538
7;2025-12-17;19;1677
7;2025-12-17;20;1093
7;2025-12-17;21;622
7;2025-12-17;22;297
7;2025-12-17;23;187
7;2025-12-18;0;63
7;2025-12-18;1;11
7;2025-12-18;2;0
7;2025-12-18;3;0
7;2025-12-18;4;1
7;2025-12-18;5;190
7;2025-12-18;6;617
7;2025-12-18;7;1565
7;2025-12-18;8;2517
7;2025-12-18;9;1846
7;2025-12-18;10;1748
7;2025-12-18;11;1604
7;2025-12-18;12;1724
7;2025-12-18;13;1663
7;2025-12-18;14;1726
7;2025-12-18;15;1816
7;2025-12-18;16;1904
7;2025-12-18;17;2432
7;2025-12-18;18;2538
7;2025-12-18;19;1677
7;2025-12-18;20;1093
7;2025-12-18;21;622
7;2025-12-18;22;297
7;2025-12-18;23;187
7;2025-12-19;0;63
7;2025-12-19;1;11
7;2025-12-19;2;0
7;2025-12-19;3;0
7;2025-12-19;4;1
7;2025-12-19;5;190
7;2025-12-19;6;617
7;2025-12-19;7;1565
7;2025-12-19;8;2517
7;2025-12-19;9;1846
7;2025-12-19;10;1748
7;2025-12-19;11;1604
7;2025-12-19;12;1724
7;2025-12-19;13;1663
7;2025-12-19;14;1726
7;2025-12-19;15;1816
7;2025-12-19;16;1904
7;2025-12-19;17;2432
7;2025-12-19;18;2538
7;2025-12-19;19;1677
7;2025-12-19;20;1093
7;2025-12-19;21;622
7;2025-12-19;22;297
7;2025-12-19;23;187
7;2025-12-20;0;100
7;2025-12-20;1;27
7;2025-12-20;2;0
7;2025-12-20;3;0
7;2025-12-20;4;0
7;2025-12-20;5;58
7;2025-12-20;6;321
7;2025-12-20;7;517
7;2025-12-20;8;811
7;2025-12-20;9;937
7;2025-12-20;10;994
7;2025-12-20;11;1155
7;2025-12-20;12;1371
7;2025-12-20;13;1336
7;2025-12-20;14;1444
7;2025-12-20;15;1284
7;2025-12-20;16;1234
7;2025-12-20;17;1225
7;2025-12-20;18;1157
7;2025-12-20;19;1173
7;2025-12-20;20;860
7;2025-12-20;21;694
7;2025-12-20;22;383
7;2025-12-20;23;228
7;2025-12-21;0;113
7;2025-12-21;1;28
7;2025-12-21;2;0
7;2025-12-21;3;0
7;2025-12-21;4;0
7;2025-12-21;5;36
7;2025-12-21;6;215
7;2025-12-21;7;357
7;2025-12-21;8;554
7;2025-12-21;9;728
7;2025-12-21;10;815
7;2025-12-21;11;1025
7;2025-12-21;12;1151
7;2025-12-21;13;1195
7;2025-12-21;14;1292
7;2025-12-21;15;1259
7;2025-12-21;16;1135
7;2025-12-21;17;1236
7;2025-12-21;18;1058
7;2025-12-21;19;917
7;2025-12-21;20;778
7;2025-12-21;21;623
7;2025-12-21;22;358
7;2025-12-21;23;196
7;2025-12-22;0;63
7;2025-12-22;1;11
7;2025-12-22;2;0
7;2025-12-22;3;0
7;2025-12-22;4;1
7;2025-12-22;5;190
7;2025-12-22;6;617
7;2025-12-22;7;1565
7;2025-12-22;8;2517
7;2025-12-22;9;1846
7;2025-12-22;10;1748
7;2025-12-22;11;1604
7;2025-12-22;12;1724
7;2025-12-22;13;1663
7;2025-12-22;14;1726
7;2025-12-22;15;1816
7;2025-12-22;16;1904
7;2025-12-22;17;2432
7;2025-12-22;18;2538
7;2025-12-22;19;1677
7;2025-12-22;20;1093
7;2025-12-22;21;622
7;2025-12-22;22;297
7;2025-12-22;23;187
7;2025-12-23;0;63
7;2025-12-23;1;11
7;2025-12-23;2;0
7;2025-12-23;3;0
7;2025-12-23;4;1
7;2025-12-23;5;190
7;2025-12-23;6;617
7;2025-12-23;7;1565
7;2025-12-23;8;2517
7;2025-12-23;9;1846
7;2025-12-23;10;1748
7;2025-12-23;11;1604
7;2025-12-23;12;1724
7;2025-12-23;13;1663
7;2025-12-23;14;1726
7;2025-12-23;15;1816
7;2025-12-23;16;1904
7;2025-12-23;17;2432
7;2025-12-23;18;2538
7;2025-12-23;19;1677
7;2025-12-23;20;1093
7;2025-12-23;21;622
7;2025-12-23;22;297
7;2025-12-23;23;187
7;2025-12-24;0;63
7;2025-12-24;1;11
7;2025-12-24;2;0
7;2025-12-24;3;0
7;2025-12-24;4;1
7;2025-12-24;5;190
7;2025-12-24;6;617
7;2025-12-24;7;1565
7;2025-12-24;8;2517
7;2025-12-24;9;1846
7;2025-12-24;10;1748
7;2025-12-24;11;1604
7;2025-12-24;12;1724
7;2025-12-24;13;1663
7;2025-12-24;14;1726
7;2025-12-24;15;1816
7;2025-12-24;16;1904
7;2025-12-24;17;2432
7;2025-12-24;18;2538
7;2025-12-24;19;1677
7;2025-12-24;20;1093
7;2025-12-24;21;622
7;2025-12-24;22;297
7;2025-12-24;23;187
7;2025-12-25;0;63
7;2025-12-25;1;11
7;2025-12-25;2;0
7;2025-12-25;3;0
7;2025-12-25;4;1
7;2025-12-25;5;190
7;2025-12-25;6;617
7;2025-12-25;7;1565
7;2025-12-25;8;2517
7;2025-12-25;9;1846
7;2025-12-25;10;1748
7;2025-12-25;11;1604
7;2025-12-25;12;1724
7;2025-12-25;13;1663
7;2025-12-25;14;1726
7;2025-12-25;15;1816
7;2025-12-25;16;1904
7;2025-12-25;17;2432
7;2025-12-25;18;2538
7;2025-12-25;19;1677
7;2025-12-25;20;1093
7;2025-12-25;21;622
7;2025-12-25;22;297
7;2025-12-25;23;187
7;2025-12-26;0;63
7;2025-12-26;1;11
7;2025-12-26;2;0
7;2025-12-26;3;0
7;2025-12-26;4;1
7;2025-12-26;5;190
7;2025-12-26;6;617
7;2025-12-26;7;1565
7;2025-12-26;8;2517
7;2025-12-26;9;1846
7;2025-12-26;10;1748
7;2025-12-26;11;1604
7;2025-12-26;12;1724
7;2025-12-26;13;1663
7;2025-12-26;14;1726
7;2025-12-26;15;1816
7;2025-12-26;16;1904
7;2025-12-26;17;2432
7;2025-12-26;18;2538
7;2025-12-26;19;1677
7;2025-12-26;20;1093
7;2025-12-26;21;622
7;2025-12-26;22;297
7;2025-12-26;23;187
7;2025-12-27;0;100
7;2025-12-27;1;27
7;2025-12-27;2;0
7;2025-12-27;3;0
7;2025-12-27;4;0
7;2025-12-27;5;58
7;2025-12-27;6;321
7;2025-12-27;7;517
7;2025-12-27;8;811
7;2025-12-27;9;937
7;2025-12-27;10;994
7;2025-12-27;11;1155
7;2025-12-27;12;1371
7;2025-12-27;13;1336
7;2025-12-27;14;1444
7;2025-12-27;15;1284
7;2025-12-27;16;1234
7;2025-12-27;17;1225
7;2025-12-27;18;1157
7;2025-12-27;19;1173
7;2025-12-27;20;860
7;2025-12-27;21;694
7;2025-12-27;22;383
7;2025-12-27;23;228
7;2025-12-28;0;113
7;2025-12-28;1;28
7;2025-12-28;2;0
7;2025-12-28;3;0
7;2025-12-28;4;0
7;2025-12-28;5;36
7;2025-12-28;6;215
7;2025-12-28;7;357
7;2025-12-28;8;554
7;2025-12-28;9;728
7;2025-12-28;10;815
7;2025-12-28;11;1025
7;2025-12-28;12;1151
7;2025-12-28;13;1195
7;2025-12-28;14;1292
7;2025-12-28;15;1259
7;2025-12-28;16;1135
7;2025-12-28;17;1236
7;2025-12-28;18;1058
7;2025-12-28;19;917
7;2025-12-28;20;778
7;2025-12-28;21;623
7;2025-12-28;22;358
7;2025-12-28;23;196
7;2025-12-29;0;54
7;2025-12-29;1;10
7;2025-12-29;2;0
7;2025-12-29;3;0
7;2025-12-29;4;1
7;2025-12-29;5;162
7;2025-12-29;6;525
7;2025-12-29;7;1331
7;2025-12-29;8;2139
7;2025-12-29;9;1569
7;2025-12-29;10;1486
7;2025-12-29;11;1363
7;2025-12-29;12;1465
7;2025-12-29;13;1413
7;2025-12-29;14;1467
7;2025-12-29;15;1543
7;2025-12-29;16;1619
7;2025-12-29;17;2067
7;2025-12-29;18;2157
7;2025-12-29;19;1425
7;2025-12-29;20;929
7;2025-12-29;21;529
7;2025-12-29;22;252
7;2025-12-29;23;159
7;2025-12-30;0;54
7;2025-12-30;1;10
7;2025-12-30;2;0
7;2025-12-30;3;0
7;2025-12-30;4;1
7;2025-12-30;5;162
7;2025-12-30;6;525
7;2025-12-30;7;1331
7;2025-12-30;8;2139
7;2025-12-30;9;1569
7;2025-12-30;10;1486
7;2025-12-30;11;1363
7;2025-12-30;12;1465
7;2025-12-30;13;1413
7;2025-12-30;14;1467
7;2025-12-30;15;1543
7;2025-12-30;16;1619
7;2025-12-30;17;2067
7;2025-12-30;18;2157
7;2025-12-30;19;1425
7;2025-12-30;20;929
7;2025-12-30;21;529
7;2025-12-30;22;252
7;2025-12-30;23;159
7;2025-12-31;0;97
7;2025-12-31;1;24
7;2025-12-31;2;0
7;2025-12-31;3;0
7;2025-12-31;4;0
7;2025-12-31;5;30
7;2025-12-31;6;184
7;2025-12-31;7;305
7;2025-12-31;8;474
7;2025-12-31;9;623
7;2025-12-31;10;697
7;2025-12-31;11;876
7;2025-12-31;12;984
7;2025-12-31;13;1022
7;2025-12-31;14;1105
7;2025-12-31;15;1076
7;2025-12-31;16;970
7;2025-12-31;17;1056
7;2025-12-31;18;904
7;2025-12-31;19;784
7;2025-12-31;20;0
7;2025-12-31;21;0
7;2025-12-31;22;0
7;2025-12-31;23;0
11;2025-11-01;0;54
11;2025-11-01;1;0
11;2025-11-01;2;0
11;2025-11-01;3;0
11;2025-11-01;4;0
11;2025-11-01;5;204
11;2025-11-01;6;1124
11;2025-11-01;7;2058
11;2025-11-01;8;2682
11;2025-11-01;9;2011
11;2025-11-01;10;1662
11;2025-11-01;11;1578
11;2025-11-01;12;1642
11;2025-11-01;13;1695
11;2025-11-01;14;1716
11;2025-11-01;15;1661
11;2025-11-01;16;1864
11;2025-11-01;17;2331
11;2025-11-01;18;2514
11;2025-11-01;19;1875
11;2025-11-01;20;1186
11;2025-11-01;21;695
11;2025-11-01;22;311
11;2025-11-01;23;205
11;2025-11-02;0;119
11;2025-11-02;1;13
11;2025-11-02;2;0
11;2025-11-02;3;0
11;2025-11-02;4;0
11;2025-11-02;5;112
11;2025-11-02;6;502
11;2025-11-02;7;448
11;2025-11-02;8;692
11;2025-11-02;9;909
11;2025-11-02;10;1015
11;2025-11-02;11;1446
11;2025-11-02;12;1540
11;2025-11-02;13;1609
11;2025-11-02;14;1551
11;2025-11-02;15;1419
11;2025-11-02;16;1496
11;2025-11-02;17;1689
11;2025-11-02;18;1091
11;2025-11-02;19;1025
11;2025-11-02;20;751
11;2025-11-02;21;594
11;2025-11-02;22;356
11;2025-11-02;23;256
11;2025-11-03;0;113
11;2025-11-03;1;12
11;2025-11-03;2;0
11;2025-11-03;3;0
11;2025-11-03;4;0
11;2025-11-03;5;107
11;2025-11-03;6;477
11;2025-11-03;7;426
11;2025-11-03;8;657
11;2025-11-03;9;864
11;2025-11-03;10;964
11;2025-11-03;11;1374
11;2025-11-03;12;1463
11;2025-11-03;13;1529
11;2025-11-03;14;1474
11;2025-11-03;15;1348
11;2025-11-03;16;1421
11;2025-11-03;17;1604
11;2025-11-03;18;1036
11;2025-11-03;19;974
11;2025-11-03;20;713
11;2025-11-03;21;564
11;2025-11-03;22;338
11;2025-11-03;23;243
11;2025-11-04;0;113
11;2025-11-04;1;12
11;2025-11-04;2;0
11;2025-11-04;3;0
11;2025-11-04;4;0
11;2025-11-04;5;107
11;2025-11-04;6;477
11;2025-11-04;7;426
11;2025-11-04;8;657
11;2025-11-04;9;864
11;2025-11-04;10;964
11;2025-11-04;11;1374
11;2025-11-04;12;1463
11;2025-11-04;13;1529
11;2025-11-04;14;1474
11;2025-11-04;15;1348
11;2025-11-04;16;1421
11;2025-11-04;17;1604
11;2025-11-04;18;1036
11;2025-11-04;19;974
11;2025-11-04;20;713
11;2025-11-04;21;564
11;2025-11-04;22;338
11;2025-11-04;23;243
11;2025-11-05;0;63
11;2025-11-05;1;0
11;2025-11-05;2;0
11;2025-11-05;3;0
11;2025-11-05;4;0
11;2025-11-05;5;240
11;2025-11-05;6;1323
11;2025-11-05;7;2422
11;2025-11-05;8;3155
11;2025-11-05;9;2366
11;2025-11-05;10;1955
11;2025-11-05;11;1857
11;2025-11-05;12;1931
11;2025-11-05;13;1994
11;2025-11-05;14;2018
11;2025-11-05;15;1954
11;2025-11-05;16;2193
11;2025-11-05;17;2742
11;2025-11-05;18;2958
11;2025-11-05;19;2206
11;2025-11-05;20;1395
11;2025-11-05;21;818
11;2025-11-05;22;366
11;2025-11-05;23;242
11;2025-11-06;0;63
11;2025-11-06;1;0
11;2025-11-06;2;0
11;2025-11-06;3;0
11;2025-11-06;4;0
11;2025-11-06;5;240
11;2025-11-06;6;1323
11;2025-11-06;7;2422
11;2025-11-06;8;3155
11;2025-11-06;9;2366
11;2025-11-06;10;1955
11;2025-11-06;11;1857
11;2025-11-06;12;1931
11;2025-11-06;13;1994
11;2025-11-06;14;2018
11;2025-11-06;15;1954
11;2025-11-06;16;2193
11;2025-11-06;17;2742
11;2025-11-06;18;2958
11;2025-11-06;19;2206
11;2025-11-06;20;1395
11;2025-11-06;21;818
11;2025-11-06;22;366
11;2025-11-06;23;242
11;2025-11-07;0;63
11;2025-11-07;1;0
11;2025-11-07;2;0
11;2025-11-07;3;0
11;2025-11-07;4;0
11;2025-11-07;5;240
11;2025-11-07;6;1323
11;2025-11-07;7;2422
11;2025-11-07;8;3155
11;2025-11-07;9;2366
11;2025-11-07;10;1955
11;2025-11-07;11;1857
11;2025-11-07;12;1931
11;2025-11-07;13;1994
11;2025-11-07;14;2018
11;2025-11-07;15;1954
11;2025-11-07;16;2193
11;2025-11-07;17;2742
11;2025-11-07;18;2958
11;2025-11-07;19;2206
11;2025-11-07;20;1395
11;2025-11-07;21;818
11;2025-11-07;22;366
11;2025-11-07;23;242
11;2025-11-08;0;100
11;2025-11-08;1;1
11;2025-11-08;2;0
11;2025-11-08;3;0
11;2025-11-08;4;0
11;2025-11-08;5;161
11;2025-11-08;6;845
11;2025-11-08;7;771
11;2025-11-08;8;1067
11;2025-11-08;9;1153
11;2025-11-08;10;1393
11;2025-11-08;11;1674
11;2025-11-08;12;1888
11;2025-11-08;13;1832
11;2025-11-08;14;1942
11;2025-11-08;15;1799
11;2025-11-08;16;1659
11;2025-11-08;17;1911
11;2025-11-08;18;1475
11;2025-11-08;19;1523
11;2025-11-08;20;1000
11;2025-11-08;21;713
11;2025-11-08;22;430
11;2025-11-08;23;289
11;2025-11-09;0;119
11;2025-11-09;1;13
11;2025-11-09;2;0
11;2025-11-09;3;0
11;2025-11-09;4;0
11;2025-11-09;5;112
11;2025-11-09;6;502
11;2025-11-09;7;448
11;2025-11-09;8;692
11;2025-11-09;9;909
11;2025-11-09;10;1015
11;2025-11-09;11;1446
11;2025-11-09;12;1540
11;2025-11-09;13;1609
11;2025-11-09;14;1551
11;2025-11-09;15;1419
11;2025-11-09;16;1496
11;2025-11-09;17;1689
11;2025-11-09;18;1091
11;2025-11-09;19;1025
11;2025-11-09;20;751
11;2025-11-09;21;594
11;2025-11-09;22;356
11;2025-11-09;23;256
11;2025-11-10;0;63
11;2025-11-10;1;0
11;2025-11-10;2;0
11;2025-11-10;3;0
11;2025-11-10;4;0
11;2025-11-10;5;240
11;2025-11-10;6;1323
11;2025-11-10;7;2422
11;2025-11-10;8;3155
11;2025-11-10;9;2366
11;2025-11-10;10;1955
11;2025-11-10;11;1857
11;2025-11-10;12;1931
11;2025-11-10;13;1994
11;2025-11-10;14;2018
11;2025-11-10;15;1954
11;2025-11-10;16;2193
11;2025-11-10;17;2742
11;2025-11-10;18;2958
11;2025-11-10;19;2206
11;2025-11-10;20;1395
11;2025-11-10;21;818
11;2025-11-10;22;366
11;2025-11-10;23;242
11;2025-11-11;0;63
11;2025-11-11;1;0
11;2025-11-11;2;0
11;2025-11-11;3;0
11;2025-11-11;4;0
11;2025-11-11;5;240
11;2025-11-11;6;1323
11;2025-11-11;7;2422
11;2025-11-11;8;3155
11;2025-11-11;9;2366
11;2025-11-11;10;1955
11;2025-11-11;11;1857
11;2025-11-11;12;1931
11;2025-11-11;13;1994
11;2025-11-11;14;2018
11;2025-11-11;15;1954
11;2025-11-11;16;2193
11;2025-11-11;17;2742
11;2025-11-11;18;2958
11;2025-11-11;19;2206
11;2025-11-11;20;1395
11;2025-11-11;21;818
11;2025-11-11;22;366
11;2025-11-11;23;242
11;2025-11-12;0;63
11;2025-11-12;1;0
11;2025-11-12;2;0
11;2025-11-12;3;0
11;2025-11-12;4;0
11;2025-11-12;5;240
11;2025-11-12;6;1323
11;2025-11-12;7;2422
11;2025-11-12;8;3155
11;2025-11-12;9;2366
11;2025-11-12;10;1955
11;2025-11-12;11;1857
11;2025-11-12;12;1931
11;2025-11-12;13;1994
11;2025-11-12;14;2018
11;2025-11-12;15;1954
11;2025-11-12;16;2193
11;2025-11-12;17;2742
11;2025-11-12;18;2958
11;2025-11-12;19;2206
11;2025-11-12;20;1395
11;2025-11-12;21;818
11;2025-11-12;22;366
11;2025-11-12;23;242
11;2025-11-13;0;63
11;2025-11-13;1;0
11;2025-11-13;2;0
11;2025-11-13;3;0
11;2025-11-13;4;0
11;2025-11-13;5;240
11;2025-11-13;6;1323
11;2025-11-13;7;2422
11;2025-11-13;8;3155
11;2025-11-13;9;2366
11;2025-11-13;10;1955
11;2025-11-13;11;1857
11;2025-11-13;12;1931
11;2025-11-13;13;1994
11;2025-11-13;14;2018
11;2025-11-13;15;1954
11;2025-11-13;16;2193
11;2025-11-13;17;2742
11;2025-11-13;18;2958
11;2025-11-13;19;2206
11;2025-11-13;20;1395
11;2025-11-13;21;818
11;2025-11-13;22;366
11;2025-11-13;23;242
11;2025-11-14;0;63
11;2025-11-14;1;0
11;2025-11-14;2;0
11;2025-11-14;3;0
11;2025-11-14;4;0
11;2025-11-14;5;240
11;2025-11-14;6;1323
11;2025-11-14;7;2422
11;2025-11-14;8;3155
11;2025-11-14;9;2366
11;2025-11-14;10;1955
11;2025-11-14;11;1857
11;2025-11-14;12;1931
11;2025-11-14;13;1994
11;2025-11-14;14;2018
11;2025-11-14;15;1954
11;2025-11-14;16;2193
11;2025-11-14;17;2742
11;2025-11-14;18;2958
11;2025-11-14;19;2206
11;2025-11-14;20;1395
11;2025-11-14;21;818
11;2025-11-14;22;366
11;2025-11-14;23;242
11;2025-11-15;0;100
11;2025-11-15;1;1
11;2025-11-15;2;0
11;2025-11-15;3;0
11;2025-11-15;4;0
11;2025-11-15;5;161
11;2025-11-15;6;845
11;2025-11-15;7;771
11;2025-11-15;8;1067
11;2025-11-15;9;1153
11;2025-11-15;10;1393
11;2025-11-15;11;1674
11;2025-11-15;12;1888
11;2025-11-15;13;1832
11;2025-11-15;14;1942
11;2025-11-15;15;1799
11;2025-11-15;16;1659
11;2025-11-15;17;1911
11;2025-11-15;18;1475
11;2025-11-15;19;1523
11;2025-11-15;20;1000
11;2025-11-15;21;713
11;2025-11-15;22;430
11;2025-11-15;23;289
11;2025-11-16;0;119
11;2025-11-16;1;13
11;2025-11-16;2;0
11;2025-11-16;3;0
11;2025-11-16;4;0
11;2025-11-16;5;112
11;2025-11-16;6;502
11;2025-11-16;7;448
11;2025-11-16;8;692
11;2025-11-16;9;909
11;2025-11-16;10;1015
11;2025-11-16;11;1446
11;2025-11-16;12;1540
11;2025-11-16;13;1609
11;2025-11-16;14;1551
11;2025-11-16;15;1419
11;2025-11-16;16;1496
11;2025-11-16;17;1689
11;2025-11-16;18;1091
11;2025-11-16;19;1025
11;2025-11-16;20;751
11;2025-11-16;21;594
11;2025-11-16;22;356
11;2025-11-16;23;256
11;2025-11-17;0;63
11;2025-11-17;1;0
11;2025-11-17;2;0
11;2025-11-17;3;0
11;2025-11-17;4;0
11;2025-11-17;5;240
11;2025-11-17;6;1323
11;2025-11-17;7;2422
11;2025-11-17;8;3155
11;2025-11-17;9;2366
11;2025-11-17;10;1955
11;2025-11-17;11;1857
11;2025-11-17;12;1931
11;2025-11-17;13;1994
11;2025-11-17;14;2018
11;2025-11-17;15;1954
11;2025-11-17;16;2193
11;2025-11-17;17;2742
11;2025-11-17;18;2958
11;2025-11-17;19;2206
11;2025-11-17;20;1395
11;2025-11-17;21;818
11;2025-11-17;22;366
11;2025-11-17;23;242
11;2025-11-18;0;63
11;2025-11-18;1;0
11;2025-11-18;2;0
11;2025-11-18;3;0
11;2025-11-18;4;0
11;2025-11-18;5;240
11;2025-11-18;6;1323
11;2025-11-18;7;2422
11;2025-11-18;8;3155
11;2025-11-18;9;2366
11;2025-11-18;10;1955
11;2025-11-18;11;1857
11;2025-11-18;12;1931
11;2025-11-18;13;1994
11;2025-11-18;14;2018
11;2025-11-18;15;1954
11;2025-11-18;16;2193
11;2025-11-18;17;2742
11;2025-11-18;18;2958
11;2025-11-18;19;2206
11;2025-11-18;20;1395
11;2025-11-18;21;818
11;2025-11-18;22;366
11;2025-11-18;23;242
11;2025-11-19;0;63
11;2025-11-19;1;0
11;2025-11-19;2;0
11;2025-11-19;3;0
11;2025-11-19;4;0
11;2025-11-19;5;240
11;2025-11-19;6;1323
11;2025-11-19;7;2422
11;2025-11-19;8;3155
11;2025-11-19;9;2366
11;2025-11-19;10;1955
11;2025-11-19;11;1857
11;2025-11-19;12;1931
11;2025-11-19;13;1994
11;2025-11-19;14;2018
11;2025-11-19;15;1954
11;2025-11-19;16;2193
11;2025-11-19;17;2742
11;2025-11-19;18;2958
11;2025-11-19;19;2206
11;2025-11-19;20;1395
11;2025-11-19;21;818
11;2025-11-19;22;366
11;2025-11-19;23;242
11;2025-11-20;0;63
11;2025-11-20;1;0
11;2025-11-20;2;0
11;2025-11-20;3;0
11;2025-11-20;4;0
11;2025-11-20;5;240
11;2025-11-20;6;1323
11;2025-11-20;7;2422
11;2025-11-20;8;3155
11;2025-11-20;9;2366
11;2025-11-20;10;1955
11;2025-11-20;11;1857
11;2025-11-20;12;1931
11;2025-11-20;13;1994
11;2025-11-20;14;2018
11;2025-11-20;15;1954
11;2025-11-20;16;2193
11;2025-11-20;17;2742
11;2025-11-20;18;2958
11;2025-11-20;19;2206
11;2025-11-20;20;1395
11;2025-11-20;21;818
11;2025-11-20;22;366
11;2025-11-20;23;242
11;2025-11-21;0;63
11;2025-11-21;1;0
11;2025-11-21;2;0
11;2025-11-21;3;0
11;2025-11-21;4;0
11;2025-11-21;5;240
11;2025-11-21;6;1323
11;2025-11-21;7;2422
11;2025-11-21;8;3155
11;2025-11-21;9;2366
11;2025-11-21;10;1955
11;2025-11-21;11;1857
11;2025-11-21;12;1931
11;2025-11-21;13;1994
11;2025-11-21;14;2018
11;2025-11-21;15;1954
11;2025-11-21;16;2193
11;2025-11-21;17;2742
11;2025-11-21;18;2958
11;2025-11-21;19;2206
11;2025-11-21;20;1395
11;2025-11-21;21;818
11;2025-11-21;22;366
11;2025-11-21;23;242
11;2025-11-22;0;100
11;2025-11-22;1;1
11;2025-11-22;2;0
11;2025-11-22;3;0
11;2025-11-22;4;0
11;2025-11-22;5;161
11;2025-11-22;6;845
11;2025-11-22;7;771
11;2025-11-22;8;1067
11;2025-11-22;9;1153
11;2025-11-22;10;1393
11;2025-11-22;11;1674
11;2025-11-22;12;1888
11;2025-11-22;13;1832
11;2025-11-22;14;1942
11;2025-11-22;15;1799
11;2025-11-22;16;1659
11;2025-11-22;17;1911
11;2025-11-22;18;1475
11;2025-11-22;19;1523
11;2025-11-22;20;1000
11;2025-11-22;21;713
11;2025-11-22;22;430
11;2025-11-22;23;289
11;2025-11-23;0;119
11;2025-11-23;1;13
11;2025-11-23;2;0
11;2025-11-23;3;0
11;2025-11-23;4;0
11;2025-11-23;5;112
11;2025-11-23;6;502
11;2025-11-23;7;448
11;2025-11-23;8;692
11;2025-11-23;9;909
11;2025-11-23;10;1015
11;2025-11-23;11;1446
11;2025-11-23;12;1540
11;2025-11-23;13;1609
11;2025-11-23;14;1551
11;2025-11-23;15;1419
11;2025-11-23;16;1496
11;2025-11-23;17;1689
11;2025-11-23;18;1091
11;2025-11-23;19;1025
11;2025-11-23;20;751
11;2025-11-23;21;594
11;2025-11-23;22;356
11;2025-11-23;23;256
11;2025-11-24;0;63
11;2025-11-24;1;0
11;2025-11-24;2;0
11;2025-11-24;3;0
11;2025-11-24;4;0
11;2025-11-24;5;240
11;2025-11-24;6;1323
11;2025-11-24;7;2422
11;2025-11-24;8;3155
11;2025-11-24;9;2366
11;2025-11-24;10;1955
11;2025-11-24;11;1857
11;2025-11-24;12;1931
11;2025-11-24;13;1994
11;2025-11-24;14;2018
11;2025-11-24;15;1954
11;2025-11-24;16;2193
11;2025-11-24;17;2742
11;2025-11-24;18;2958
11;2025-11-24;19;2206
11;2025-11-24;20;1395
11;2025-11-24;21;818
11;2025-11-24;22;366
11;2025-11-24;23;242
11;2025-11-25;0;63
11;2025-11-25;1;0
11;2025-11-25;2;0
11;2025-11-25;3;0
11;2025-11-25;4;0
11;2025-11-25;5;240
11;2025-11-25;6;1323
11;2025-11-25;7;2422
11;2025-11-25;8;3155
11;2025-11-25;9;2366
11;2025-11-25;10;1955
11;2025-11-25;11;1857
11;2025-11-25;12;1931
11;2025-11-25;13;1994
11;2025-11-25;14;2018
11;2025-11-25;15;1954
11;2025-11-25;16;2193
11;2025-11-25;17;2742
11;2025-11-25;18;2958
11;2025-11-25;19;2206
11;2025-11-25;20;1395
11;2025-11-25;21;818
11;2025-11-25;22;366
11;2025-11-25;23;242
11;2025-11-26;0;63
11;2025-11-26;1;0
11;2025-11-26;2;0
11;2025-11-26;3;0
11;2025-11-26;4;0
11;2025-11-26;5;240
11;2025-11-26;6;1323
11;2025-11-26;7;2422
11;2025-11-26;8;3155
11;2025-11-26;9;2366
11;2025-11-26;10;1955
11;2025-11-26;11;1857
11;2025-11-26;12;1931
11;2025-11-26;13;1994
11;2025-11-26;14;2018
11;2025-11-26;15;1954
11;2025-11-26;16;2193
11;2025-11-26;17;2742
11;2025-11-26;18;2958
11;2025-11-26;19;2206
11;2025-11-26;20;1395
11;2025-11-26;21;818
11;2025-11-26;22;366
11;2025-11-26;23;242
11;2025-11-27;0;63
11;2025-11-27;1;0
11;2025-11-27;2;0
11;2025-11-27;3;0
11;2025-11-27;4;0
11;2025-11-27;5;240
11;2025-11-27;6;1323
11;2025-11-27;7;2422
11;2025-11-27;8;3155
11;2025-11-27;9;2366
11;2025-11-27;10;1955
11;2025-11-27;11;1857
11;2025-11-27;12;1931
11;2025-11-27;13;1994
11;2025-11-27;14;2018
11;2025-11-27;15;1954
11;2025-11-27;16;2193
11;2025-11-27;17;2742
11;2025-11-27;18;2958
11;2025-11-27;19;2206
11;2025-11-27;20;1395
11;2025-11-27;21;818
11;2025-11-27;22;366
11;2025-11-27;23;242
11;2025-11-28;0;63
11;2025-11-28;1;0
11;2025-11-28;2;0
11;2025-11-28;3;0
11;2025-11-28;4;0
11;2025-11-28;5;240
11;2025-11-28;6;1323
11;2025-11-28;7;2422
11;2025-11-28;8;3155
11;2025-11-28;9;2366
11;2025-11-28;10;1955
11;2025-11-28;11;1857
11;2025-11-28;12;1931
11;2025-11-28;13;1994
11;2025-11-28;14;2018
11;2025-11-28;15;1954
11;2025-11-28;16;2193
11;2025-11-28;17;2742
11;2025-11-28;18;2958
11;2025-11-28;19;2206
11;2025-11-28;20;1395
11;2025-11-28;21;818
11;2025-11-28;22;366
11;2025-11-28;23;242
11;2025-11-29;0;100
11;2025-11-29;1;1
11;2025-11-29;2;0
11;2025-11-29;3;0
11;2025-11-29;4;0
11;2025-11-29;5;161
11;2025-11-29;6;845
11;2025-11-29;7;771
11;2025-11-29;8;1067
11;2025-11-29;9;1153
11;2025-11-29;10;1393
11;2025-11-29;11;1674
11;2025-11-29;12;1888
11;2025-11-29;13;1832
11;2025-11-29;14;1942
11;2025-11-29;15;1799
11;2025-11-29;16;1659
11;2025-11-29;17;1911
11;2025-11-29;18;1475
11;2025-11-29;19;1523
11;2025-11-29;20;1000
11;2025-11-29;21;713
11;2025-11-29;22;430
11;2025-11-29;23;289
11;2025-11-30;0;119
11;2025-11-30;1;13
11;2025-11-30;2;0
11;2025-11-30;3;0
11;2025-11-30;4;0
11;2025-11-30;5;112
11;2025-11-30;6;502
11;2025-11-30;7;448
11;2025-11-30;8;692
11;2025-11-30;9;909
11;2025-11-30;10;1015
11;2025-11-30;11;1446
11;2025-11-30;12;1540
11;2025-11-30;13;1609
11;2025-11-30;14;1551
11;2025-11-30;15;1419
11;2025-11-30;16;1496
11;2025-11-30;17;1689
11;2025-11-30;18;1091
11;2025-11-30;19;1025
11;2025-11-30;20;751
11;2025-11-30;21;594
11;2025-11-30;22;356
11;2025-11-30;23;256
11;2025-12-01;0;65
11;2025-12-01;1;0
11;2025-12-01;2;0
11;2025-12-01;3;0
11;2025-12-01;4;0
11;2025-12-01;5;247
11;2025-12-01;6;1364
11;2025-12-01;7;2497
11;2025-12-01;8;3254
11;2025-12-01;9;2440
11;2025-12-01;10;2016
11;2025-12-01;11;1915
11;2025-12-01;12;1991
11;2025-12-01;13;2056
11;2025-12-01;14;2081
11;2025-12-01;15;2015
11;2025-12-01;16;2261
11;2025-12-01;17;2828
11;2025-12-01;18;3050
11;2025-12-01;19;2275
11;2025-12-01;20;1438
11;2025-12-01;21;844
11;2025-12-01;22;377
11;2025-12-01;23;249
11;2025-12-02;0;65
11;2025-12-02;1;0
11;2025-12-02;2;0
11;2025-12-02;3;0
11;2025-12-02;4;0
11;2025-12-02;5;247
11;2025-12-02;6;1364
11;2025-12-02;7;2497
11;2025-12-02;8;3254
11;2025-12-02;9;2440
11;2025-12-02;10;2016
11;2025-12-02;11;1915
11;2025-12-02;12;1991
11;2025-12-02;13;2056
11;2025-12-02;14;2081
11;2025-12-02;15;2015
11;2025-12-02;16;2261
11;2025-12-02;17;2828
11;2025-12-02;18;3050
11;2025-12-02;19;2275
11;2025-12-02;20;1438
11;2025-12-02;21;844
11;2025-12-02;22;377
11;2025-12-02;23;249
11;2025-12-03;0;65
11;2025-12-03;1;0
11;2025-12-03;2;0
11;2025-12-03;3;0
11;2025-12-03;4;0
11;2025-12-03;5;247
11;2025-12-03;6;1364
11;2025-12-03;7;2497
11;2025-12-03;8;3254
11;2025-12-03;9;2440
11;2025-12-03;10;2016
11;2025-12-03;11;1915
11;2025-12-03;12;1991
11;2025-12-03;13;2056
11;2025-12-03;14;2081
11;2025-12-03;15;2015
11;2025-12-03;16;2261
11;2025-12-03;17;2828
11;2025-12-03;18;3050
11;2025-12-03;19;2275
11;2025-12-03;20;1438
11;2025-12-03;21;844
11;2025-12-03;22;377
11;2025-12-03;23;249
11;2025-12-04;0;65
11;2025-12-04;1;0
11;2025-12-04;2;0
11;2025-12-04;3;0
11;2025-12-04;4;0
11;2025-12-04;5;247
11;2025-12-04;6;1364
11;2025-12-04;7;2497
11;2025-12-04;8;3254
11;2025-12-04;9;2440
11;2025-12-04;10;2016
11;2025-12-04;11;1915
11;2025-12-04;12;1991
11;2025-12-04;13;2056
11;2025-12-04;14;2081
11;2025-12-04;15;2015
11;2025-12-04;16;2261
11;2025-12-04;17;2828
11;2025-12-04;18;3050
11;2025-12-04;19;2275
11;2025-12-04;20;1438
11;2025-12-04;21;844
11;2025-12-04;22;377
11;2025-12-04;23;249
11;2025-12-05;0;65
11;2025-12-05;1;0
11;2025-12-05;2;0
11;2025-12-05;3;0
11;2025-12-05;4;0
11;2025-12-05;5;247
11;2025-12-05;6;1364
11;2025-12-05;7;2497
11;2025-12-05;8;3254
11;2025-12-05;9;2440
11;2025-12-05;10;2016
11;2025-12-05;11;1915
11;2025-12-05;12;1991
11;2025-12-05;13;2056
11;2025-12-05;14;2081
11;2025-12-05;15;2015
11;2025-12-05;16;2261
11;2025-12-05;17;2828
11;2025-12-05;18;3050
11;2025-12-05;19;2275
11;2025-12-05;20;1438
11;2025-12-05;21;844
11;2025-12-05;22;377
11;2025-12-05;23;249
11;2025-12-06;0;103
11;2025-12-06;1;1
11;2025-12-06;2;0
11;2025-12-06;3;0
11;2025-12-06;4;0
11;2025-12-06;5;166
11;2025-12-06;6;872
11;2025-12-06;7;795
11;2025-12-06;8;1100
11;2025-12-06;9;1189
11;2025-12-06;10;1436
11;2025-12-06;11;1726
11;2025-12-06;12;1947
11;2025-12-06;13;1889
11;2025-12-06;14;2003
11;2025-12-06;15;1855
11;2025-12-06;16;1711
11;2025-12-06;17;1971
11;2025-12-06;18;1521
11;2025-12-06;19;1570
11;2025-12-06;20;1031
11;2025-12-06;21;735
11;2025-12-06;22;444
11;2025-12-06;23;298
11;2025-12-07;0;123
11;2025-12-07;1;13
11;2025-12-07;2;0
11;2025-12-07;3;0
11;2025-12-07;4;0
11;2025-12-07;5;116
11;2025-12-07;6;518
11;2025-12-07;7;462
11;2025-12-07;8;713
11;2025-12-07;9;938
11;2025-12-07;10;1046
11;2025-12-07;11;1491
11;2025-12-07;12;1588
11;2025-12-07;13;1659
11;2025-12-07;14;1599
11;2025-12-07;15;1463
11;2025-12-07;16;1543
11;2025-12-07;17;1741
11;2025-12-07;18;1125
11;2025-12-07;19;1057
11;2025-12-07;20;774
11;2025-12-07;21;612
11;2025-12-07;22;367
11;2025-12-07;23;264
11;2025-12-08;0;65
11;2025-12-08;1;0
11;2025-12-08;2;0
11;2025-12-08;3;0
11;2025-12-08;4;0
11;2025-12-08;5;247
11;2025-12-08;6;1364
11;2025-12-08;7;2497
11;2025-12-08;8;3254
11;2025-12-08;9;2440
11;2025-12-08;10;2016
11;2025-12-08;11;1915
11;2025-12-08;12;1991
11;2025-12-08;13;2056
11;2025-12-08;14;2081
11;2025-12-08;15;2015
11;2025-12-08;16;2261
11;2025-12-08;17;2828
11;2025-12-08;18;3050
11;2025-12-08;19;2275
11;2025-12-08;20;1438
11;2025-12-08;21;844
11;2025-12-08;22;377
11;2025-12-08;23;249
11;2025-12-09;0;65
11;2025-12-09;1;0
11;2025-12-09;2;0
11;2025-12-09;3;0
11;2025-12-09;4;0
11;2025-12-09;5;247
11;2025-12-09;6;1364
11;2025-12-09;7;2497
11;2025-12-09;8;3254
11;2025-12-09;9;2440
11;2025-12-09;10;2016
11;2025-12-09;11;1915
11;2025-12-09;12;1991
11;2025-12-09;13;2056
11;2025-12-09;14;2081
11;2025-12-09;15;2015
11;2025-12-09;16;2261
11;2025-12-09;17;2828
11;2025-12-09;18;3050
11;2025-12-09;19;2275
11;2025-12-09;20;1438
11;2025-12-09;21;844
11;2025-12-09;22;377
11;2025-12-09;23;249
11;2025-12-10;0;65
11;2025-12-10;1;0
11;2025-12-10;2;0
11;2025-12-10;3;0
11;2025-12-10;4;0
11;2025-12-10;5;247
11;2025-12-10;6;1364
11;2025-12-10;7;2497
11;2025-12-10;8;3254
11;2025-12-10;9;2440
11;2025-12-10;10;2016
11;2025-12-10;11;1915
11;2025-12-10;12;1991
11;2025-12-10;13;2056
11;2025-12-10;14;2081
11;2025-12-10;15;2015
11;2025-12-10;16;2261
11;2025-12-10;17;2828
11;2025-12-10;18;3050
11;2025-12-10;19;2275
11;2025-12-10;20;1438
11;2025-12-10;21;844
11;2025-12-10;22;377
11;2025-12-10;23;249
11;2025-12-11;0;65
11;2025-12-11;1;0
11;2025-12-11;2;0
11;2025-12-11;3;0
11;2025-12-11;4;0
11;2025-12-11;5;247
11;2025-12-11;6;1364
11;2025-12-11;7;2497
11;2025-12-11;8;3254
11;2025-12-11;9;2440
11;2025-12-11;10;2016
11;2025-12-11;11;1915
11;2025-12-11;12;1991
11;2025-12-11;13;2056
11;2025-12-11;14;2081
11;2025-12-11;15;2015
11;2025-12-11;16;2261
11;2025-12-11;17;2828
11;2025-12-11;18;3050
11;2025-12-11;19;2275
11;2025-12-11;20;1438
11;2025-12-11;21;844
11;2025-12-11;22;377
11;2025-12-11;23;249
11;2025-12-12;0;65
11;2025-12-12;1;0
11;2025-12-12;2;0
11;2025-12-12;3;0
11;2025-12-12;4;0
11;2025-12-12;5;247
11;2025-12-12;6;1364
11;2025-12-12;7;2497
11;2025-12-12;8;3254
11;2025-12-12;9;2440
11;2025-12-12;10;2016
11;2025-12-12;11;1915
11;2025-12-12;12;1991
11;2025-12-12;13;2056
11;2025-12-12;14;2081
11;2025-12-12;15;2015
11;2025-12-12;16;2261
11;2025-12-12;17;2828
11;2025-12-12;18;3050
11;2025-12-12;19;2275
11;2025-12-12;20;1438
11;2025-12-12;21;844
11;2025-12-12;22;377
11;2025-12-12;23;249
11;2025-12-13;0;103
11;2025-12-13;1;1
11;2025-12-13;2;0
11;2025-12-13;3;0
11;2025-12-13;4;0
11;2025-12-13;5;166
11;2025-12-13;6;872
11;2025-12-13;7;795
11;2025-12-13;8;1100
11;2025-12-13;9;1189
11;2025-12-13;10;1436
11;2025-12-13;11;1726
11;2025-12-13;12;1947
11;2025-12-13;13;1889
11;2025-12-13;14;2003
11;2025-12-13;15;1855
11;2025-12-13;16;1711
11;2025-12-13;17;1971
11;2025-12-13;18;1521
11;2025-12-13;19;1570
11;2025-12-13;20;1031
11;2025-12-13;21;735
11;2025-12-13;22;444
11;2025-12-13;23;298
11;2025-12-14;0;123
11;2025-12-14;1;13
11;2025-12-14;2;0
11;2025-12-14;3;0
11;2025-12-14;4;0
11;2025-12-14;5;116
11;2025-12-14;6;518
11;2025-12-14;7;462
11;2025-12-14;8;713
11;2025-12-14;9;938
11;2025-12-14;10;1046
11;2025-12-14;11;1491
11;2025-12-14;12;1588
11;2025-12-14;13;1659
11;2025-12-14;14;1599
11;2025-12-14;15;1463
11;2025-12-14;16;1543
11;2025-12-14;17;1741
11;2025-12-14;18;1125
11;2025-12-14;19;1057
11;2025-12-14;20;774
11;2025-12-14;21;612
11;2025-12-14;22;367
11;2025-12-14;23;264
11;2025-12-15;0;65
11;2025-12-15;1;0
11;2025-12-15;2;0
11;2025-12-15;3;0
11;2025-12-15;4;0
11;2025-12-15;5;247
11;2025-12-15;6;1364
11;2025-12-15;7;2497
11;2025-12-15;8;3254
11;2025-12-15;9;2440
11;2025-12-15;10;2016
11;2025-12-15;11;1915
11;2025-12-15;12;1991
11;2025-12-15;13;2056
11;2025-12-15;14;2081
11;2025-12-15;15;2015
11;2025-12-15;16;2261
11;2025-12-15;17;2828
11;2025-12-15;18;3050
11;2025-12-15;19;2275
11;2025-12-15;20;1438
11;2025-12-15;21;844
11;2025-12-15;22;377
11;2025-12-15;23;249
11;2025-12-16;0;65
11;2025-12-16;1;0
11;2025-12-16;2;0
11;2025-12-16;3;0
11;2025-12-16;4;0
11;2025-12-16;5;247
11;2025-12-16;6;1364
11;2025-12-16;7;2497
11;2025-12-16;8;3254
11;2025-12-16;9;2440
11;2025-12-16;10;2016
11;2025-12-16;11;1915
11;2025-12-16;12;1991
11;2025-12-16;13;2056
11;2025-12-16;14;2081
11;2025-12-16;15;2015
11;2025-12-16;16;2261
11;2025-12-16;17;2828
11;2025-12-16;18;3050
11;2025-12-16;19;2275
11;2025-12-16;20;1438
11;2025-12-16;21;844
11;2025-12-16;22;377
11;2025-12-16;23;249
11;2025-12-17;0;65
11;2025-12-17;1;0
11;2025-12-17;2;0
11;2025-12-17;3;0
11;2025-12-17;4;0
11;2025-12-17;5;247
11;2025-12-17;6;1364
11;2025-12-17;7;2497
11;2025-12-17;8;3254
11;2025-12-17;9;2440
11;2025-12-17;10;2016
11;2025-12-17;11;1915
11;2025-12-17;12;1991
11;2025-12-17;13;2056
11;2025-12-17;14;2081
11;2025-12-17;15;2015
11;2025-12-17;16;2261
11;2025-12-17;17;2828
11;2025-12-17;18;3050
11;2025-12-17;19;2275
11;2025-12-17;20;1438
11;2025-12-17;21;844
11;2025-12-17;22;377
11;2025-12-17;23;249
11;2025-12-18;0;65
11;2025-12-18;1;0
11;2025-12-18;2;0
11;2025-12-18;3;0
11;2025-12-18;4;0
11;2025-12-18;5;247
11;2025-12-18;6;1364
11;2025-12-18;7;2497
11;2025-12-18;8;3254
11;2025-12-18;9;2440
11;2025-12-18;10;2016
11;2025-12-18;11;1915
11;2025-12-18;12;1991
11;2025-12-18;13;2056
11;2025-12-18;14;2081
11;2025-12-18;15;2015
11;2025-12-18;16;2261
11;2025-12-18;17;2828
11;2025-12-18;18;3050
11;2025-12-18;19;2275
11;2025-12-18;20;1438
11;2025-12-18;21;844
11;2025-12-18;22;377
11;2025-12-18;23;249
11;2025-12-19;0;65
11;2025-12-19;1;0
11;2025-12-19;2;0
11;2025-12-19;3;0
11;2025-12-19;4;0
11;2025-12-19;5;247
11;2025-12-19;6;1364
11;2025-12-19;7;2497
11;2025-12-19;8;3254
11;2025-12-19;9;2440
11;2025-12-19;10;2016
11;2025-12-19;11;1915
11;2025-12-19;12;1991
11;2025-12-19;13;2056
11;2025-12-19;14;2081
11;2025-12-19;15;2015
11;2025-12-19;16;2261
11;2025-12-19;17;2828
11;2025-12-19;18;3050
11;2025-12-19;19;2275
11;2025-12-19;20;1438
11;2025-12-19;21;844
11;2025-12-19;22;377
11;2025-12-19;23;249
11;2025-12-20;0;103
11;2025-12-20;1;1
11;2025-12-20;2;0
11;2025-12-20;3;0
11;2025-12-20;4;0
11;2025-12-20;5;166
11;2025-12-20;6;872
11;2025-12-20;7;795
11;2025-12-20;8;1100
11;2025-12-20;9;1189
11;2025-12-20;10;1436
11;2025-12-20;11;1726
11;2025-12-20;12;1947
11;2025-12-20;13;1889
11;2025-12-20;14;2003
11;2025-12-20;15;1855
11;2025-12-20;16;1711
11;2025-12-20;17;1971
11;2025-12-20;18;1521
11;2025-12-20;19;1570
11;2025-12-20;20;1031
11;2025-12-20;21;735
11;2025-12-20;22;444
11;2025-12-20;23;298
11;2025-12-21;0;123
11;2025-12-21;1;13
11;2025-12-21;2;0
11;2025-12-21;3;0
11;2025-12-21;4;0
11;2025-12-21;5;116
11;2025-12-21;6;518
11;2025-12-21;7;462
11;2025-12-21;8;713
11;2025-12-21;9;938
11;2025-12-21;10;1046
11;2025-12-21;11;1491
11;2025-12-21;12;1588
11;2025-12-21;13;1659
11;2025-12-21;14;1599
11;2025-12-21;15;1463
11;2025-12-21;16;1543
11;2025-12-21;17;1741
11;2025-12-21;18;1125
11;2025-12-21;19;1057
11;2025-12-21;20;774
11;2025-12-21;21;612
11;2025-12-21;22;367
11;2025-12-21;23;264
11;2025-12-22;0;65
11;2025-12-22;1;0
11;2025-12-22;2;0
11;2025-12-22;3;0
11;2025-12-22;4;0
11;2025-12-22;5;247
11;2025-12-22;6;1364
11;2025-12-22;7;2497
11;2025-12-22;8;3254
11;2025-12-22;9;2440
11;2025-12-22;10;2016
11;2025-12-22;11;1915
11;2025-12-22;12;1991
11;2025-12-22;13;2056
11;2025-12-22;14;2081
11;2025-12-22;15;2015
11;2025-12-22;16;2261
11;2025-12-22;17;2828
11;2025-12-22;18;3050
11;2025-12-22;19;2275
11;2025-12-22;20;1438
11;2025-12-22;21;844
11;2025-12-22;22;377
11;2025-12-22;23;249
11;2025-12-23;0;65
11;2025-12-23;1;0
11;2025-12-23;2;0
11;2025-12-23;3;0
11;2025-12-23;4;0
11;2025-12-23;5;247
11;2025-12-23;6;1364
11;2025-12-23;7;2497
11;2025-12-23;8;3254
11;2025-12-23;9;2440
11;2025-12-23;10;2016
11;2025-12-23;11;1915
11;2025-12-23;12;1991
11;2025-12-23;13;2056
11;2025-12-23;14;2081
11;2025-12-23;15;2015
11;2025-12-23;16;2261
11;2025-12-23;17;2828
11;2025-12-23;18;3050
11;2025-12-23;19;2275
11;2025-12-23;20;1438
11;2025-12-23;21;844
11;2025-12-23;22;377
11;2025-12-23;23;249
11;2025-12-24;0;65
11;2025-12-24;1;0
11;2025-12-24;2;0
11;2025-12-24;3;0
11;2025-12-24;4;0
11;2025-12-24;5;247
11;2025-12-24;6;1364
11;2025-12-24;7;2497
11;2025-12-24;8;3254
11;2025-12-24;9;2440
11;2025-12-24;10;2016
11;2025-12-24;11;1915
11;2025-12-24;12;1991
11;2025-12-24;13;2056
11;2025-12-24;14;2081
11;2025-12-24;15;2015
11;2025-12-24;16;2261
11;2025-12-24;17;2828
11;2025-12-24;18;3050
11;2025-12-24;19;2275
11;2025-12-24;20;1438
11;2025-12-24;21;844
11;2025-12-24;22;377
11;2025-12-24;23;249
11;2025-12-25;0;65
11;2025-12-25;1;0
11;2025-12-25;2;0
11;2025-12-25;3;0
11;2025-12-25;4;0
11;2025-12-25;5;247
11;2025-12-25;6;1364
11;2025-12-25;7;2497
11;2025-12-25;8;3254
11;2025-12-25;9;2440
11;2025-12-25;10;2016
11;2025-12-25;11;1915
11;2025-12-25;12;1991
11;2025-12-25;13;2056
11;2025-12-25;14;2081
11;2025-12-25;15;2015
11;2025-12-25;16;2261
11;2025-12-25;17;2828
11;2025-12-25;18;3050
11;2025-12-25;19;2275
11;2025-12-25;20;1438
11;2025-12-25;21;844
11;2025-12-25;22;377
11;2025-12-25;23;249
11;2025-12-26;0;65
11;2025-12-26;1;0
11;2025-12-26;2;0
11;2025-12-26;3;0
11;2025-12-26;4;0
11;2025-12-26;5;247
11;2025-12-26;6;1364
11;2025-12-26;7;2497
11;2025-12-26;8;3254
11;2025-12-26;9;2440
11;2025-12-26;10;2016
11;2025-12-26;11;1915
11;2025-12-26;12;1991
11;2025-12-26;13;2056
11;2025-12-26;14;2081
11;2025-12-26;15;2015
11;2025-12-26;16;2261
11;2025-12-26;17;2828
11;2025-12-26;18;3050
11;2025-12-26;19;2275
11;2025-12-26;20;1438
11;2025-12-26;21;844
11;2025-12-26;22;377
11;2025-12-26;23;249
11;2025-12-27;0;103
11;2025-12-27;1;1
11;2025-12-27;2;0
11;2025-12-27;3;0
11;2025-12-27;4;0
11;2025-12-27;5;166
11;2025-12-27;6;872
11;2025-12-27;7;795
11;2025-12-27;8;1100
11;2025-12-27;9;1189
11;2025-12-27;10;1436
11;2025-12-27;11;1726
11;2025-12-27;12;1947
11;2025-12-27;13;1889
11;2025-12-27;14;2003
11;2025-12-27;15;1855
11;2025-12-27;16;1711
11;2025-12-27;17;1971
11;2025-12-27;18;1521
11;2025-12-27;19;1570
11;2025-12-27;20;1031
11;2025-12-27;21;735
11;2025-12-27;22;444
11;2025-12-27;23;298
11;2025-12-28;0;123
11;2025-12-28;1;13
11;2025-12-28;2;0
11;2025-12-28;3;0
11;2025-12-28;4;0
11;2025-12-28;5;116
11;2025-12-28;6;518
11;2025-12-28;7;462
11;2025-12-28;8;713
11;2025-12-28;9;938
11;2025-12-28;10;1046
11;2025-12-28;11;1491
11;2025-12-28;12;1588
11;2025-12-28;13;1659
11;2025-12-28;14;1599
11;2025-12-28;15;1463
11;2025-12-28;16;1543
11;2025-12-28;17;1741
11;2025-12-28;18;1125
11;2025-12-28;19;1057
11;2025-12-28;20;774
11;2025-12-28;21;612
11;2025-12-28;22;367
11;2025-12-28;23;264
11;2025-12-29;0;55
11;2025-12-29;1;0
11;2025-12-29;2;0
11;2025-12-29;3;0
11;2025-12-29;4;0
11;2025-12-29;5;210
11;2025-12-29;6;1159
11;2025-12-29;7;2122
11;2025-12-29;8;2766
11;2025-12-29;9;2074
11;2025-12-29;10;1714
11;2025-12-29;11;1628
11;2025-12-29;12;1693
11;2025-12-29;13;1748
11;2025-12-29;14;1769
11;2025-12-29;15;1713
11;2025-12-29;16;1922
11;2025-12-29;17;2404
11;2025-12-29;18;2593
11;2025-12-29;19;1933
11;2025-12-29;20;1222
11;2025-12-29;21;717
11;2025-12-29;22;321
11;2025-12-29;23;212
11;2025-12-30;0;55
11;2025-12-30;1;0
11;2025-12-30;2;0
11;2025-12-30;3;0
11;2025-12-30;4;0
11;2025-12-30;5;210
11;2025-12-30;6;1159
11;2025-12-30;7;2122
11;2025-12-30;8;2766
11;2025-12-30;9;2074
11;2025-12-30;10;1714
11;2025-12-30;11;1628
11;2025-12-30;12;1693
11;2025-12-30;13;1748
11;2025-12-30;14;1769
11;2025-12-30;15;1713
11;2025-12-30;16;1922
11;2025-12-30;17;2404
11;2025-12-30;18;2593
11;2025-12-30;19;1933
11;2025-12-30;20;1222
11;2025-12-30;21;717
11;2025-12-30;22;321
11;2025-12-30;23;212
11;2025-12-31;0;105
11;2025-12-31;1;11
11;2025-12-31;2;0
11;2025-12-31;3;0
11;2025-12-31;4;0
11;2025-12-31;5;99
11;2025-12-31;6;443
11;2025-12-31;7;395
11;2025-12-31;8;610
11;2025-12-31;9;802
11;2025-12-31;10;895
11;2025-12-31;11;1275
11;2025-12-31;12;1358
11;2025-12-31;13;1419
11;2025-12-31;14;1368
11;2025-12-31;15;1251
11;2025-12-31;16;1319
11;2025-12-31;17;1489
11;2025-12-31;18;962
11;2025-12-31;19;903
11;2025-12-31;20;0
11;2025-12-31;21;0
11;2025-12-31;22;0
11;2025-12-31;23;0
12;2025-11-01;0;44
12;2025-11-01;1;1
12;2025-11-01;2;0
12;2025-11-01;3;0
12;2025-11-01;4;6
12;2025-11-01;5;274
12;2025-11-01;6;1217
12;2025-11-01;7;2311
12;2025-11-01;8;3010
12;2025-11-01;9;2155
12;2025-11-01;10;1739
12;2025-11-01;11;1624
12;2025-11-01;12;1647
12;2025-11-01;13;1720
12;2025-11-01;14;1636
12;2025-11-01;15;1845
12;2025-11-01;16;2305
12;2025-11-01;17;2530
12;2025-11-01;18;2621
12;2025-11-01;19;1999
12;2025-11-01;20;1290
12;2025-11-01;21;806
12;2025-11-01;22;402
12;2025-11-01;23;217
12;2025-11-02;0;89
12;2025-11-02;1;5
12;2025-11-02;2;0
12;2025-11-02;3;0
12;2025-11-02;4;3
12;2025-11-02;5;113
12;2025-11-02;6;518
12;2025-11-02;7;725
12;2025-11-02;8;743
12;2025-11-02;9;949
12;2025-11-02;10;1216
12;2025-11-02;11;1303
12;2025-11-02;12;1407
12;2025-11-02;13;1614
12;2025-11-02;14;1411
12;2025-11-02;15;1571
12;2025-11-02;16;1532
12;2025-11-02;17;1607
12;2025-11-02;18;1407
12;2025-11-02;19;1031
12;2025-11-02;20;846
12;2025-11-02;21;610
12;2025-11-02;22;406
12;2025-11-02;23;208
12;2025-11-03;0;85
12;2025-11-03;1;5
12;2025-11-03;2;0
12;2025-11-03;3;0
12;2025-11-03;4;3
12;2025-11-03;5;108
12;2025-11-03;6;492
12;2025-11-03;7;689
12;2025-11-03;8;706
12;2025-11-03;9;901
12;2025-11-03;10;1155
12;2025-11-03;11;1237
12;2025-11-03;12;1336
12;2025-11-03;13;1534
12;2025-11-03;14;1340
12;2025-11-03;15;1493
12;2025-11-03;16;1456
12;2025-11-03;17;1527
12;2025-11-03;18;1336
12;2025-11-03;19;979
12;2025-11-03;20;804
12;2025-11-03;21;579
12;2025-11-03;22;386
12;2025-11-03;23;197
12;2025-11-04;0;85
12;2025-11-04;1;5
12;2025-11-04;2;0
12;2025-11-04;3;0
12;2025-11-04;4;3
12;2025-11-04;5;108
12;2025-11-04;6;492
12;2025-11-04;7;689
12;2025-11-04;8;706
12;2025-11-04;9;901
12;2025-11-04;10;1155
12;2025-11-04;11;1237
12;2025-11-04;12;1336
12;2025-11-04;13;1534
12;2025-11-04;14;1340
12;2025-11-04;15;1493
12;2025-11-04;16;1456
12;2025-11-04;17;1527
12;2025-11-04;18;1336
12;2025-11-04;19;979
12;2025-11-04;20;804
12;2025-11-04;21;579
12;2025-11-04;22;386
12;2025-11-04;23;197
12;2025-11-05;0;52
12;2025-11-05;1;1
12;2025-11-05;2;0
12;2025-11-05;3;0
12;2025-11-05;4;7
12;2025-11-05;5;322
12;2025-11-05;6;1432
12;2025-11-05;7;2719
12;2025-11-05;8;3542
12;2025-11-05;9;2535
12;2025-11-05;10;2046
12;2025-11-05;11;1911
12;2025-11-05;12;1938
12;2025-11-05;13;2023
12;2025-11-05;14;1925
12;2025-11-05;15;2171
12;2025-11-05;16;2712
12;2025-11-05;17;2976
12;2025-11-05;18;3083
12;2025-11-05;19;2351
12;2025-11-05;20;1518
12;2025-11-05;21;949
12;2025-11-05;22;473
12;2025-11-05;23;256
12;2025-11-06;0;52
12;2025-11-06;1;1
12;2025-11-06;2;0
12;2025-11-06;3;0
12;2025-11-06;4;7
12;2025-11-06;5;322
12;2025-11-06;6;1432
12;2025-11-06;7;2719
12;2025-11-06;8;3542
12;2025-11-06;9;2535
12;2025-11-06;10;2046
12;2025-11-06;11;1911
12;2025-11-06;12;1938
12;2025-11-06;13;2023
12;2025-11-06;14;1925
12;2025-11-06;15;2171
12;2025-11-06;16;2712
12;2025-11-06;17;2976
12;2025-11-06;18;3083
12;2025-11-06;19;2351
12;2025-11-06;20;1518
12;2025-11-06;21;949
12;2025-11-06;22;473
12;2025-11-06;23;256
12;2025-11-07;0;52
12;2025-11-07;1;1
12;2025-11-07;2;0
12;2025-11-07;3;0
12;2025-11-07;4;7
12;2025-11-07;5;322
12;2025-11-07;6;1432
12;2025-11-07;7;2719
12;2025-11-07;8;3542
12;2025-11-07;9;2535
12;2025-11-07;10;2046
12;2025-11-07;11;1911
12;2025-11-07;12;1938
12;2025-11-07;13;2023
12;2025-11-07;14;1925
12;2025-11-07;15;2171
12;2025-11-07;16;2712
12;2025-11-07;17;2976
12;2025-11-07;18;3083
12;2025-11-07;19;2351
12;2025-11-07;20;1518
12;2025-11-07;21;949
12;2025-11-07;22;473
12;2025-11-07;23;256
12;2025-11-08;0;72
12;2025-11-08;1;2
12;2025-11-08;2;0
12;2025-11-08;3;0
12;2025-11-08;4;2
12;2025-11-08;5;230
12;2025-11-08;6;733
12;2025-11-08;7;920
12;2025-11-08;8;1010
12;2025-11-08;9;1264
12;2025-11-08;10;1446
12;2025-11-08;11;1460
12;2025-11-08;12;1580
12;2025-11-08;13;1760
12;2025-11-08;14;1550
12;2025-11-08;15;1522
12;2025-11-08;16;1757
12;2025-11-08;17;1663
12;2025-11-08;18;1531
12;2025-11-08;19;1412
12;2025-11-08;20;989
12;2025-11-08;21;814
12;2025-11-08;22;390
12;2025-11-08;23;297
12;2025-11-09;0;89
12;2025-11-09;1;5
12;2025-11-09;2;0
12;2025-11-09;3;0
12;2025-11-09;4;3
12;2025-11-09;5;113
12;2025-11-09;6;518
12;2025-11-09;7;725
12;2025-11-09;8;743
12;2025-11-09;9;949
12;2025-11-09;10;1216
12;2025-11-09;11;1303
12;2025-11-09;12;1407
12;2025-11-09;13;1614
12;2025-11-09;14;1411
12;2025-11-09;15;1571
12;2025-11-09;16;1532
12;2025-11-09;17;1607
12;2025-11-09;18;1407
12;2025-11-09;19;1031
12;2025-11-09;20;846
12;2025-11-09;21;610
12;2025-11-09;22;406
12;2025-11-09;23;208
12;2025-11-10;0;52
12;2025-11-10;1;1
12;2025-11-10;2;0
12;2025-11-10;3;0
12;2025-11-10;4;7
12;2025-11-10;5;322
12;2025-11-10;6;1432
12;2025-11-10;7;2719
12;2025-11-10;8;3542
12;2025-11-10;9;2535
12;2025-11-10;10;2046
12;2025-11-10;11;1911
12;2025-11-10;12;1938
12;2025-11-10;13;2023
12;2025-11-10;14;1925
12;2025-11-10;15;2171
12;2025-11-10;16;2712
12;2025-11-10;17;2976
12;2025-11-10;18;3083
12;2025-11-10;19;2351
12;2025-11-10;20;1518
12;2025-11-10;21;949
12;2025-11-10;22;473
12;2025-11-10;23;256
12;2025-11-11;0;52
12;2025-11-11;1;1
12;2025-11-11;2;0
12;2025-11-11;3;0
12;2025-11-11;4;7
12;2025-11-11;5;322
12;2025-11-11;6;1432
12;2025-11-11;7;2719
12;2025-11-11;8;3542
12;2025-11-11;9;2535
12;2025-11-11;10;2046
12;2025-11-11;11;1911
12;2025-11-11;12;1938
12;2025-11-11;13;2023
12;2025-11-11;14;1925
12;2025-11-11;15;2171
12;2025-11-11;16;2712
12;2025-11-11;17;2976
12;2025-11-11;18;3083
12;2025-11-11;19;2351
12;2025-11-11;20;1518
12;2025-11-11;21;949
12;2025-11-11;22;473
12;2025-11-11;23;256
12;2025-11-12;0;52
12;2025-11-12;1;1
12;2025-11-12;2;0
12;2025-11-12;3;0
12;2025-11-12;4;7
12;2025-11-12;5;322
12;2025-11-12;6;1432
12;2025-11-12;7;2719
12;2025-11-12;8;3542
12;2025-11-12;9;2535
12;2025-11-12;10;2046
12;2025-11-12;11;1911
12;2025-11-12;12;1938
12;2025-11-12;13;2023
12;2025-11-12;14;1925
12;2025-11-12;15;2171
12;2025-11-12;16;2712
12;2025-11-12;17;2976
12;2025-11-12;18;3083
12;2025-11-12;19;2351
12;2025-11-12;20;1518
12;2025-11-12;21;949
12;2025-11-12;22;473
12;2025-11-12;23;256
12;2025-11-13;0;52
12;2025-11-13;1;1
12;2025-11-13;2;0
12;2025-11-13;3;0
12;2025-11-13;4;7
12;2025-11-13;5;322
12;2025-11-13;6;1432
12;2025-11-13;7;2719
12;2025-11-13;8;3542
12;2025-11-13;9;2535
12;2025-11-13;10;2046
12;2025-11-13;11;1911
12;2025-11-13;12;1938
12;2025-11-13;13;2023
12;2025-11-13;14;1925
12;2025-11-13;15;2171
12;2025-11-13;16;2712
12;2025-11-13;17;2976
12;2025-11-13;18;3083
12;2025-11-13;19;2351
12;2025-11-13;20;1518
12;2025-11-13;21;949
12;2025-11-13;22;473
12;2025-11-13;23;256
12;2025-11-14;0;52
12;2025-11-14;1;1
12;2025-11-14;2;0
12;2025-11-14;3;0
12;2025-11-14;4;7
12;2025-11-14;5;322
12;2025-11-14;6;1432
12;2025-11-14;7;2719
12;2025-11-14;8;3542
12;2025-11-14;9;2535
12;2025-11-14;10;2046
12;2025-11-14;11;1911
12;2025-11-14;12;1938
12;2025-11-14;13;2023
12;2025-11-14;14;1925
12;2025-11-14;15;2171
12;2025-11-14;16;2712
12;2025-11-14;17;2976
12;2025-11-14;18;3083
12;2025-11-14;19;2351
12;2025-11-14;20;1518
12;2025-11-14;21;949
12;2025-11-14;22;473
12;2025-11-14;23;256
12;2025-11-15;0;72
12;2025-11-15;1;2
12;2025-11-15;2;0
12;2025-11-15;3;0
12;2025-11-15;4;2
12;2025-11-15;5;230
12;2025-11-15;6;733
12;2025-11-15;7;920
12;2025-11-15;8;1010
12;2025-11-15;9;1264
12;2025-11-15;10;1446
12;2025-11-15;11;1460
12;2025-11-15;12;1580
12;2025-11-15;13;1760
12;2025-11-15;14;1550
12;2025-11-15;15;1522
12;2025-11-15;16;1757
12;2025-11-15;17;1663
12;2025-11-15;18;1531
12;2025-11-15;19;1412
12;2025-11-15;20;989
12;2025-11-15;21;814
12;2025-11-15;22;390
12;2025-11-15;23;297
12;2025-11-16;0;89
12;2025-11-16;1;5
12;2025-11-16;2;0
12;2025-11-16;3;0
12;2025-11-16;4;3
12;2025-11-16;5;113
12;2025-11-16;6;518
12;2025-11-16;7;725
12;2025-11-16;8;743
12;2025-11-16;9;949
12;2025-11-16;10;1216
12;2025-11-16;11;1303
12;2025-11-16;12;1407
12;2025-11-16;13;1614
12;2025-11-16;14;1411
12;2025-11-16;15;1571
12;2025-11-16;16;1532
12;2025-11-16;17;1607
12;2025-11-16;18;1407
12;2025-11-16;19;1031
12;2025-11-16;20;846
12;2025-11-16;21;610
12;2025-11-16;22;406
12;2025-11-16;23;208
12;2025-11-17;0;52
12;2025-11-17;1;1
12;2025-11-17;2;0
12;2025-11-17;3;0
12;2025-11-17;4;7
12;2025-11-17;5;322
12;2025-11-17;6;1432
12;2025-11-17;7;2719
12;2025-11-17;8;3542
12;2025-11-17;9;2535
12;2025-11-17;10;2046
12;2025-11-17;11;1911
12;2025-11-17;12;1938
12;2025-11-17;13;2023
12;2025-11-17;14;1925
12;2025-11-17;15;2171
12;2025-11-17;16;2712
12;2025-11-17;17;2976
12;2025-11-17;18;3083
12;2025-11-17;19;2351
12;2025-11-17;20;1518
12;2025-11-17;21;949
12;2025-11-17;22;473
12;2025-11-17;23;256
12;2025-11-18;0;52
12;2025-11-18;1;1
12;2025-11-18;2;0
12;2025-11-18;3;0
12;2025-11-18;4;7
12;2025-11-18;5;322
12;2025-11-18;6;1432
12;2025-11-18;7;2719
12;2025-11-18;8;3542
12;2025-11-18;9;2535
12;2025-11-18;10;2046
12;2025-11-18;11;1911
12;2025-11-18;12;1938
12;2025-11-18;13;2023
12;2025-11-18;14;1925
12;2025-11-18;15;2171
12;2025-11-18;16;2712
12;2025-11-18;17;2976
12;2025-11-18;18;3083
12;2025-11-18;19;2351
12;2025-11-18;20;1518
12;2025-11-18;21;949
12;2025-11-18;22;473
12;2025-11-18;23;256
12;2025-11-19;0;52
12;2025-11-19;1;1
12;2025-11-19;2;0
12;2025-11-19;3;0
12;2025-11-19;4;7
12;2025-11-19;5;322
12;2025-11-19;6;1432
12;2025-11-19;7;2719
12;2025-11-19;8;3542
12;2025-11-19;9;2535
12;2025-11-19;10;2046
12;2025-11-19;11;1911
12;2025-11-19;12;1938
12;2025-11-19;13;2023
12;2025-11-19;14;1925
12;2025-11-19;15;2171
12;2025-11-19;16;2712
12;2025-11-19;17;2976
12;2025-11-19;18;3083
12;2025-11-19;19;2351
12;2025-11-19;20;1518
12;2025-11-19;21;949
12;2025-11-19;22;473
12;2025-11-19;23;256
12;2025-11-20;0;52
12;2025-11-20;1;1
12;2025-11-20;2;0
12;2025-11-20;3;0
12;2025-11-20;4;7
12;2025-11-20;5;322
12;2025-11-20;6;1432
12;2025-11-20;7;2719
12;2025-11-20;8;3542
12;2025-11-20;9;2535
12;2025-11-20;10;2046
12;2025-11-20;11;1911
12;2025-11-20;12;1938
12;2025-11-20;13;2023
12;2025-11-20;14;1925
12;2025-11-20;15;2171
12;2025-11-20;16;2712
12;2025-11-20;17;2976
12;2025-11-20;18;3083
12;2025-11-20;19;2351
12;2025-11-20;20;1518
12;2025-11-20;21;949
12;2025-11-20;22;473
12;2025-11-20;23;256
12;2025-11-21;0;52
12;2025-11-21;1;1
12;2025-11-21;2;0
12;2025-11-21;3;0
12;2025-11-21;4;7
12;2025-11-21;5;322
12;2025-11-21;6;1432
12;2025-11-21;7;2719
12;2025-11-21;8;3542
12;2025-11-21;9;2535
12;2025-11-21;10;2046
12;2025-11-21;11;1911
12;2025-11-21;12;1938
12;2025-11-21;13;2023
12;2025-11-21;14;1925
12;2025-11-21;15;2171
12;2025-11-21;16;2712
12;2025-11-21;17;2976
12;2025-11-21;18;3083
12;2025-11-21;19;2351
12;2025-11-21;20;1518
12;2025-11-21;21;949
12;2025-11-21;22;473
12;2025-11-21;23;256
12;2025-11-22;0;72
12;2025-11-22;1;2
12;2025-11-22;2;0
12;2025-11-22;3;0
12;2025-11-22;4;2
12;2025-11-22;5;230
12;2025-11-22;6;733
12;2025-11-22;7;920
12;2025-11-22;8;1010
12;2025-11-22;9;1264
12;2025-11-22;10;1446
12;2025-11-22;11;1460
12;2025-11-22;12;1580
12;2025-11-22;13;1760
12;2025-11-22;14;1550
12;2025-11-22;15;1522
12;2025-11-22;16;1757
12;2025-11-22;17;1663
12;2025-11-22;18;1531
12;2025-11-22;19;1412
12;2025-11-22;20;989
12;2025-11-22;21;814
12;2025-11-22;22;390
12;2025-11-22;23;297
12;2025-11-23;0;89
12;2025-11-23;1;5
12;2025-11-23;2;0
12;2025-11-23;3;0
12;2025-11-23;4;3
12;2025-11-23;5;113
12;2025-11-23;6;518
12;2025-11-23;7;725
12;2025-11-23;8;743
12;2025-11-23;9;949
12;2025-11-23;10;1216
12;2025-11-23;11;1303
12;2025-11-23;12;1407
12;2025-11-23;13;1614
12;2025-11-23;14;1411
12;2025-11-23;15;1571
12;2025-11-23;16;1532
12;2025-11-23;17;1607
12;2025-11-23;18;1407
12;2025-11-23;19;1031
12;2025-11-23;20;846
12;2025-11-23;21;610
12;2025-11-23;22;406
12;2025-11-23;23;208
12;2025-11-24;0;52
12;2025-11-24;1;1
12;2025-11-24;2;0
12;2025-11-24;3;0
12;2025-11-24;4;7
12;2025-11-24;5;322
12;2025-11-24;6;1432
12;2025-11-24;7;2719
12;2025-11-24;8;3542
12;2025-11-24;9;2535
12;2025-11-24;10;2046
12;2025-11-24;11;1911
12;2025-11-24;12;1938
12;2025-11-24;13;2023
12;2025-11-24;14;1925
12;2025-11-24;15;2171
12;2025-11-24;16;2712
12;2025-11-24;17;2976
12;2025-11-24;18;3083
12;2025-11-24;19;2351
12;2025-11-24;20;1518
12;2025-11-24;21;949
12;2025-11-24;22;473
12;2025-11-24;23;256
12;2025-11-25;0;52
12;2025-11-25;1;1
12;2025-11-25;2;0
12;2025-11-25;3;0
12;2025-11-25;4;7
12;2025-11-25;5;322
12;2025-11-25;6;1432
12;2025-11-25;7;2719
12;2025-11-25;8;3542
12;2025-11-25;9;2535
12;2025-11-25;10;2046
12;2025-11-25;11;1911
12;2025-11-25;12;1938
12;2025-11-25;13;2023
12;2025-11-25;14;1925
12;2025-11-25;15;2171
12;2025-11-25;16;2712
12;2025-11-25;17;2976
12;2025-11-25;18;3083
12;2025-11-25;19;2351
12;2025-11-25;20;1518
12;2025-11-25;21;949
12;2025-11-25;22;473
12;2025-11-25;23;256
12;2025-11-26;0;52
12;2025-11-26;1;1
12;2025-11-26;2;0
12;2025-11-26;3;0
12;2025-11-26;4;7
12;2025-11-26;5;322
12;2025-11-26;6;1432
12;2025-11-26;7;2719
12;2025-11-26;8;3542
12;2025-11-26;9;2535
12;2025-11-26;10;2046
12;2025-11-26;11;1911
12;2025-11-26;12;1938
12;2025-11-26;13;2023
12;2025-11-26;14;1925
12;2025-11-26;15;2171
12;2025-11-26;16;2712
12;2025-11-26;17;2976
12;2025-11-26;18;3083
12;2025-11-26;19;2351
12;2025-11-26;20;1518
12;2025-11-26;21;949
12;2025-11-26;22;473
12;2025-11-26;23;256
12;2025-11-27;0;52
12;2025-11-27;1;1
12;2025-11-27;2;0
12;2025-11-27;3;0
12;2025-11-27;4;7
12;2025-11-27;5;322
12;2025-11-27;6;1432
12;2025-11-27;7;2719
12;2025-11-27;8;3542
12;2025-11-27;9;2535
12;2025-11-27;10;2046
12;2025-11-27;11;1911
12;2025-11-27;12;1938
12;2025-11-27;13;2023
12;2025-11-27;14;1925
12;2025-11-27;15;2171
12;2025-11-27;16;2712
12;2025-11-27;17;2976
12;2025-11-27;18;3083
12;2025-11-27;19;2351
12;2025-11-27;20;1518
12;2025-11-27;21;949
12;2025-11-27;22;473
12;2025-11-27;23;256
12;2025-11-28;0;52
12;2025-11-28;1;1
12;2025-11-28;2;0
12;2025-11-28;3;0
12;2025-11-28;4;7
12;2025-11-28;5;322
12;2025-11-28;6;1432
12;2025-11-28;7;2719
12;2025-11-28;8;3542
12;2025-11-28;9;2535
12;2025-11-28;10;2046
12;2025-11-28;11;1911
12;2025-11-28;12;1938
12;2025-11-28;13;2023
12;2025-11-28;14;1925
12;2025-11-28;15;2171
12;2025-11-28;16;2712
12;2025-11-28;17;2976
12;2025-11-28;18;3083
12;2025-11-28;19;2351
12;2025-11-28;20;1518
12;2025-11-28;21;949
12;2025-11-28;22;473
12;2025-11-28;23;256
12;2025-11-29;0;72
12;2025-11-29;1;2
12;2025-11-29;2;0
12;2025-11-29;3;0
12;2025-11-29;4;2
12;2025-11-29;5;230
12;2025-11-29;6;733
12;2025-11-29;7;920
12;2025-11-29;8;1010
12;2025-11-29;9;1264
12;2025-11-29;10;1446
12;2025-11-29;11;1460
12;2025-11-29;12;1580
12;2025-11-29;13;1760
12;2025-11-29;14;1550
12;2025-11-29;15;1522
12;2025-11-29;16;1757
12;2025-11-29;17;1663
12;2025-11-29;18;1531
12;2025-11-29;19;1412
12;2025-11-29;20;989
12;2025-11-29;21;814
12;2025-11-29;22;390
12;2025-11-29;23;297
12;2025-11-30;0;89
12;2025-11-30;1;5
12;2025-11-30;2;0
12;2025-11-30;3;0
12;2025-11-30;4;3
12;2025-11-30;5;113
12;2025-11-30;6;518
12;2025-11-30;7;725
12;2025-11-30;8;743
12;2025-11-30;9;949
12;2025-11-30;10;1216
12;2025-11-30;11;1303
12;2025-11-30;12;1407
12;2025-11-30;13;1614
12;2025-11-30;14;1411
12;2025-11-30;15;1571
12;2025-11-30;16;1532
12;2025-11-30;17;1607
12;2025-11-30;18;1407
12;2025-11-30;19;1031
12;2025-11-30;20;846
12;2025-11-30;21;610
12;2025-11-30;22;406
12;2025-11-30;23;208
12;2025-12-01;0;54
12;2025-12-01;1;1
12;2025-12-01;2;0
12;2025-12-01;3;0
12;2025-12-01;4;7
12;2025-12-01;5;332
12;2025-12-01;6;1476
12;2025-12-01;7;2804
12;2025-12-01;8;3652
12;2025-12-01;9;2614
12;2025-12-01;10;2109
12;2025-12-01;11;1971
12;2025-12-01;12;1999
12;2025-12-01;13;2086
12;2025-12-01;14;1985
12;2025-12-01;15;2238
12;2025-12-01;16;2797
12;2025-12-01;17;3069
12;2025-12-01;18;3179
12;2025-12-01;19;2424
12;2025-12-01;20;1565
12;2025-12-01;21;978
12;2025-12-01;22;488
12;2025-12-01;23;264
12;2025-12-02;0;54
12;2025-12-02;1;1
12;2025-12-02;2;0
12;2025-12-02;3;0
12;2025-12-02;4;7
12;2025-12-02;5;332
12;2025-12-02;6;1476
12;2025-12-02;7;2804
12;2025-12-02;8;3652
12;2025-12-02;9;2614
12;2025-12-02;10;2109
12;2025-12-02;11;1971
12;2025-12-02;12;1999
12;2025-12-02;13;2086
12;2025-12-02;14;1985
12;2025-12-02;15;2238
12;2025-12-02;16;2797
12;2025-12-02;17;3069
12;2025-12-02;18;3179
12;2025-12-02;19;2424
12;2025-12-02;20;1565
12;2025-12-02;21;978
12;2025-12-02;22;488
12;2025-12-02;23;264
12;2025-12-03;0;54
12;2025-12-03;1;1
12;2025-12-03;2;0
12;2025-12-03;3;0
12;2025-12-03;4;7
12;2025-12-03;5;332
12;2025-12-03;6;1476
12;2025-12-03;7;2804
12;2025-12-03;8;3652
12;2025-12-03;9;2614
12;2025-12-03;10;2109
12;2025-12-03;11;1971
12;2025-12-03;12;1999
12;2025-12-03;13;2086
12;2025-12-03;14;1985
12;2025-12-03;15;2238
12;2025-12-03;16;2797
12;2025-12-03;17;3069
12;2025-12-03;18;3179
12;2025-12-03;19;2424
12;2025-12-03;20;1565
12;2025-12-03;21;978
12;2025-12-03;22;488
12;2025-12-03;23;264
12;2025-12-04;0;54
12;2025-12-04;1;1
12;2025-12-04;2;0
12;2025-12-04;3;0
12;2025-12-04;4;7
12;2025-12-04;5;332
12;2025-12-04;6;1476
12;2025-12-04;7;2804
12;2025-12-04;8;3652
12;2025-12-04;9;2614
12;2025-12-04;10;2109
12;2025-12-04;11;1971
12;2025-12-04;12;1999
12;2025-12-04;13;2086
12;2025-12-04;14;1985
12;2025-12-04;15;2238
12;2025-12-04;16;2797
12;2025-12-04;17;3069
12;2025-12-04;18;3179
12;2025-12-04;19;2424
12;2025-12-04;20;1565
12;2025-12-04;21;978
12;2025-12-04;22;488
12;2025-12-04;23;264
12;2025-12-05;0;54
12;2025-12-05;1;1
12;2025-12-05;2;0
12;2025-12-05;3;0
12;2025-12-05;4;7
12;2025-12-05;5;332
12;2025-12-05;6;1476
12;2025-12-05;7;2804
12;2025-12-05;8;3652
12;2025-12-05;9;2614
12;2025-12-05;10;2109
12;2025-12-05;11;1971
12;2025-12-05;12;1999
12;2025-12-05;13;2086
12;2025-12-05;14;1985
12;2025-12-05;15;2238
12;2025-12-05;16;2797
12;2025-12-05;17;3069
12;2025-12-05;18;3179
12;2025-12-05;19;2424
12;2025-12-05;20;1565
12;2025-12-05;21;978
12;2025-12-05;22;488
12;2025-12-05;23;264
12;2025-12-06;0;74
12;2025-12-06;1;2
12;2025-12-06;2;0
12;2025-12-06;3;0
12;2025-12-06;4;2
12;2025-12-06;5;237
12;2025-12-06;6;756
12;2025-12-06;7;949
12;2025-12-06;8;1041
12;2025-12-06;9;1304
12;2025-12-06;10;1491
12;2025-12-06;11;1505
12;2025-12-06;12;1629
12;2025-12-06;13;1814
12;2025-12-06;14;1598
12;2025-12-06;15;1569
12;2025-12-06;16;1811
12;2025-12-06;17;1715
12;2025-12-06;18;1579
12;2025-12-06;19;1456
12;2025-12-06;20;1019
12;2025-12-06;21;840
12;2025-12-06;22;402
12;2025-12-06;23;306
12;2025-12-07;0;92
12;2025-12-07;1;5
12;2025-12-07;2;0
12;2025-12-07;3;0
12;2025-12-07;4;3
12;2025-12-07;5;117
12;2025-12-07;6;535
12;2025-12-07;7;748
12;2025-12-07;8;766
12;2025-12-07;9;978
12;2025-12-07;10;1254
12;2025-12-07;11;1343
12;2025-12-07;12;1451
12;2025-12-07;13;1665
12;2025-12-07;14;1455
12;2025-12-07;15;1620
12;2025-12-07;16;1580
12;2025-12-07;17;1657
12;2025-12-07;18;1451
12;2025-12-07;19;1063
12;2025-12-07;20;873
12;2025-12-07;21;629
12;2025-12-07;22;419
12;2025-12-07;23;214
12;2025-12-08;0;54
12;2025-12-08;1;1
12;2025-12-08;2;0
12;2025-12-08;3;0
12;2025-12-08;4;7
12;2025-12-08;5;332
12;2025-12-08;6;1476
12;2025-12-08;7;2804
12;2025-12-08;8;3652
12;2025-12-08;9;2614
12;2025-12-08;10;2109
12;2025-12-08;11;1971
12;2025-12-08;12;1999
12;2025-12-08;13;2086
12;2025-12-08;14;1985
12;2025-12-08;15;2238
12;2025-12-08;16;2797
12;2025-12-08;17;3069
12;2025-12-08;18;3179
12;2025-12-08;19;2424
12;2025-12-08;20;1565
12;2025-12-08;21;978
12;2025-12-08;22;488
12;2025-12-08;23;264
12;2025-12-09;0;54
12;2025-12-09;1;1
12;2025-12-09;2;0
12;2025-12-09;3;0
12;2025-12-09;4;7
12;2025-12-09;5;332
12;2025-12-09;6;1476
12;2025-12-09;7;2804
12;2025-12-09;8;3652
12;2025-12-09;9;2614
12;2025-12-09;10;2109
12;2025-12-09;11;1971
12;2025-12-09;12;1999
12;2025-12-09;13;2086
12;2025-12-09;14;1985
12;2025-12-09;15;2238
12;2025-12-09;16;2797
12;2025-12-09;17;3069
12;2025-12-09;18;3179
12;2025-12-09;19;2424
12;2025-12-09;20;1565
12;2025-12-09;21;978
12;2025-12-09;22;488
12;2025-12-09;23;264
12;2025-12-10;0;54
12;2025-12-10;1;1
12;2025-12-10;2;0
12;2025-12-10;3;0
12;2025-12-10;4;7
12;2025-12-10;5;332
12;2025-12-10;6;1476
12;2025-12-10;7;2804
12;2025-12-10;8;3652
12;2025-12-10;9;2614
12;2025-12-10;10;2109
12;2025-12-10;11;1971
12;2025-12-10;12;1999
12;2025-12-10;13;2086
12;2025-12-10;14;1985
12;2025-12-10;15;2238
12;2025-12-10;16;2797
12;2025-12-10;17;3069
12;2025-12-10;18;3179
12;2025-12-10;19;2424
12;2025-12-10;20;1565
12;2025-12-10;21;978
12;2025-12-10;22;488
12;2025-12-10;23;264
12;2025-12-11;0;54
12;2025-12-11;1;1
12;2025-12-11;2;0
12;2025-12-11;3;0
12;2025-12-11;4;7
12;2025-12-11;5;332
12;2025-12-11;6;1476
12;2025-12-11;7;2804
12;2025-12-11;8;3652
12;2025-12-11;9;2614
12;2025-12-11;10;2109
12;2025-12-11;11;1971
12;2025-12-11;12;1999
12;2025-12-11;13;2086
12;2025-12-11;14;1985
12;2025-12-11;15;2238
12;2025-12-11;16;2797
12;2025-12-11;17;3069
12;2025-12-11;18;3179
12;2025-12-11;19;2424
12;2025-12-11;20;1565
12;2025-12-11;21;978
12;2025-12-11;22;488
12;2025-12-11;23;264
12;2025-12-12;0;54
12;2025-12-12;1;1
12;2025-12-12;2;0
12;2025-12-12;3;0
12;2025-12-12;4;7
12;2025-12-12;5;332
12;2025-12-12;6;1476
12;2025-12-12;7;2804
12;2025-12-12;8;3652
12;2025-12-12;9;2614
12;2025-12-12;10;2109
12;2025-12-12;11;1971
12;2025-12-12;12;1999
12;2025-12-12;13;2086
12;2025-12-12;14;1985
12;2025-12-12;15;2238
12;2025-12-12;16;2797
12;2025-12-12;17;3069
12;2025-12-12;18;3179
12;2025-12-12;19;2424
12;2025-12-12;20;1565
12;2025-12-12;21;978
12;2025-12-12;22;488
12;2025-12-12;23;264
12;2025-12-13;0;74
12;2025-12-13;1;2
12;2025-12-13;2;0
12;2025-12-13;3;0
12;2025-12-13;4;2
12;2025-12-13;5;237
12;2025-12-13;6;756
12;2025-12-13;7;949
12;2025-12-13;8;1041
12;2025-12-13;9;1304
12;2025-12-13;10;1491
12;2025-12-13;11;1505
12;2025-12-13;12;1629
12;2025-12-13;13;1814
12;2025-12-13;14;1598
12;2025-12-13;15;1569
12;2025-12-13;16;1811
12;2025-12-13;17;1715
12;2025-12-13;18;1579
12;2025-12-13;19;1456
12;2025-12-13;20;1019
12;2025-12-13;21;840
12;2025-12-13;22;402
12;2025-12-13;23;306
12;2025-12-14;0;92
12;2025-12-14;1;5
12;2025-12-14;2;0
12;2025-12-14;3;0
12;2025-12-14;4;3
12;2025-12-14;5;117
12;2025-12-14;6;535
12;2025-12-14;7;748
12;2025-12-14;8;766
12;2025-12-14;9;978
12;2025-12-14;10;1254
12;2025-12-14;11;1343
12;2025-12-14;12;1451
12;2025-12-14;13;1665
12;2025-12-14;14;1455
12;2025-12-14;15;1620
12;2025-12-14;16;1580
12;2025-12-14;17;1657
12;2025-12-14;18;1451
12;2025-12-14;19;1063
12;2025-12-14;20;873
12;2025-12-14;21;629
12;2025-12-14;22;419
12;2025-12-14;23;214
12;2025-12-15;0;54
12;2025-12-15;1;1
12;2025-12-15;2;0
12;2025-12-15;3;0
12;2025-12-15;4;7
12;2025-12-15;5;332
12;2025-12-15;6;1476
12;2025-12-15;7;2804
12;2025-12-15;8;3652
12;2025-12-15;9;2614
12;2025-12-15;10;2109
12;2025-12-15;11;1971
12;2025-12-15;12;1999
12;2025-12-15;13;2086
12;2025-12-15;14;1985
12;2025-12-15;15;2238
12;2025-12-15;16;2797
12;2025-12-15;17;3069
12;2025-12-15;18;3179
12;2025-12-15;19;2424
12;2025-12-15;20;1565
12;2025-12-15;21;978
12;2025-12-15;22;488
12;2025-12-15;23;264
12;2025-12-16;0;54
12;2025-12-16;1;1
12;2025-12-16;2;0
12;2025-12-16;3;0
12;2025-12-16;4;7
12;2025-12-16;5;332
12;2025-12-16;6;1476
12;2025-12-16;7;2804
12;2025-12-16;8;3652
12;2025-12-16;9;2614
12;2025-12-16;10;2109
12;2025-12-16;11;1971
12;2025-12-16;12;1999
12;2025-12-16;13;2086
12;2025-12-16;14;1985
12;2025-12-16;15;2238
12;2025-12-16;16;2797
12;2025-12-16;17;3069
12;2025-12-16;18;3179
12;2025-12-16;19;2424
12;2025-12-16;20;1565
12;2025-12-16;21;978
12;2025-12-16;22;488
12;2025-12-16;23;264
12;2025-12-17;0;54
12;2025-12-17;1;1
12;2025-12-17;2;0
12;2025-12-17;3;0
12;2025-12-17;4;7
12;2025-12-17;5;332
12;2025-12-17;6;1476
12;2025-12-17;7;2804
12;2025-12-17;8;3652
12;2025-12-17;9;2614
12;2025-12-17;10;2109
12;2025-12-17;11;1971
12;2025-12-17;12;1999
12;2025-12-17;13;2086
12;2025-12-17;14;1985
12;2025-12-17;15;2238
12;2025-12-17;16;2797
12;2025-12-17;17;3069
12;2025-12-17;18;3179
12;2025-12-17;19;2424
12;2025-12-17;20;1565
12;2025-12-17;21;978
12;2025-12-17;22;488
12;2025-12-17;23;264
12;2025-12-18;0;54
12;2025-12-18;1;1
12;2025-12-18;2;0
12;2025-12-18;3;0
12;2025-12-18;4;7
12;2025-12-18;5;332
12;2025-12-18;6;1476
12;2025-12-18;7;2804
12;2025-12-18;8;3652
12;2025-12-18;9;2614
12;2025-12-18;10;2109
12;2025-12-18;11;1971
12;2025-12-18;12;1999
12;2025-12-18;13;2086
12;2025-12-18;14;1985
12;2025-12-18;15;2238
12;2025-12-18;16;2797
12;2025-12-18;17;3069
12;2025-12-18;18;3179
12;2025-12-18;19;2424
12;2025-12-18;20;1565
12;2025-12-18;21;978
12;2025-12-18;22;488
12;2025-12-18;23;264
12;2025-12-19;0;54
12;2025-12-19;1;1
12;2025-12-19;2;0
12;2025-12-19;3;0
12;2025-12-19;4;7
12;2025-12-19;5;332
12;2025-12-19;6;1476
12;2025-12-19;7;2804
12;2025-12-19;8;3652
12;2025-12-19;9;2614
12;2025-12-19;10;2109
12;2025-12-19;11;1971
12;2025-12-19;12;1999
12;2025-12-19;13;2086
12;2025-12-19;14;1985
12;2025-12-19;15;2238
12;2025-12-19;16;2797
12;2025-12-19;17;3069
12;2025-12-19;18;3179
12;2025-12-19;19;2424
12;2025-12-19;20;1565
12;2025-12-19;21;978
12;2025-12-19;22;488
12;2025-12-19;23;264
12;2025-12-20;0;74
12;2025-12-20;1;2
12;2025-12-20;2;0
12;2025-12-20;3;0
12;2025-12-20;4;2
12;2025-12-20;5;237
12;2025-12-20;6;756
12;2025-12-20;7;949
12;2025-12-20;8;1041
12;2025-12-20;9;1304
12;2025-12-20;10;1491
12;2025-12-20;11;1505
12;2025-12-20;12;1629
12;2025-12-20;13;1814
12;2025-12-20;14;1598
12;2025-12-20;15;1569
12;2025-12-20;16;1811
12;2025-12-20;17;1715
12;2025-12-20;18;1579
12;2025-12-20;19;1456
12;2025-12-20;20;1019
12;2025-12-20;21;840
12;2025-12-20;22;402
12;2025-12-20;23;306
12;2025-12-21;0;92
12;2025-12-21;1;5
12;2025-12-21;2;0
12;2025-12-21;3;0
12;2025-12-21;4;3
12;2025-12-21;5;117
12;2025-12-21;6;535
12;2025-12-21;7;748
12;2025-12-21;8;766
12;2025-12-21;9;978
12;2025-12-21;10;1254
12;2025-12-21;11;1343
12;2025-12-21;12;1451
12;2025-12-21;13;1665
12;2025-12-21;14;1455
12;2025-12-21;15;1620
12;2025-12-21;16;1580
12;2025-12-21;17;1657
12;2025-12-21;18;1451
12;2025-12-21;19;1063
12;2025-12-21;20;873
12;2025-12-21;21;629
12;2025-12-21;22;419
12;2025-12-21;23;214
12;2025-12-22;0;54
12;2025-12-22;1;1
12;2025-12-22;2;0
12;2025-12-22;3;0
12;2025-12-22;4;7
12;2025-12-22;5;332
12;2025-12-22;6;1476
12;2025-12-22;7;2804
12;2025-12-22;8;3652
12;2025-12-22;9;2614
12;2025-12-22;10;2109
12;2025-12-22;11;1971
12;2025-12-22;12;1999
12;2025-12-22;13;2086
12;2025-12-22;14;1985
12;2025-12-22;15;2238
12;2025-12-22;16;2797
12;2025-12-22;17;3069
12;2025-12-22;18;3179
12;2025-12-22;19;2424
12;2025-12-22;20;1565
12;2025-12-22;21;978
12;2025-12-22;22;488
12;2025-12-22;23;264
12;2025-12-23;0;54
12;2025-12-23;1;1
12;2025-12-23;2;0
12;2025-12-23;3;0
12;2025-12-23;4;7
12;2025-12-23;5;332
12;2025-12-23;6;1476
12;2025-12-23;7;2804
12;2025-12-23;8;3652
12;2025-12-23;9;2614
12;2025-12-23;10;2109
12;2025-12-23;11;1971
12;2025-12-23;12;1999
12;2025-12-23;13;2086
12;2025-12-23;14;1985
12;2025-12-23;15;2238
12;2025-12-23;16;2797
12;2025-12-23;17;3069
12;2025-12-23;18;3179
12;2025-12-23;19;2424
12;2025-12-23;20;1565
12;2025-12-23;21;978
12;2025-12-23;22;488
12;2025-12-23;23;264
12;2025-12-24;0;54
12;2025-12-24;1;1
12;2025-12-24;2;0
12;2025-12-24;3;0
12;2025-12-24;4;7
12;2025-12-24;5;332
12;2025-12-24;6;1476
12;2025-12-24;7;2804
12;2025-12-24;8;3652
12;2025-12-24;9;2614
12;2025-12-24;10;2109
12;2025-12-24;11;1971
12;2025-12-24;12;1999
12;2025-12-24;13;2086
12;2025-12-24;14;1985
12;2025-12-24;15;2238
12;2025-12-24;16;2797
12;2025-12-24;17;3069
12;2025-12-24;18;3179
12;2025-12-24;19;2424
12;2025-12-24;20;1565
12;2025-12-24;21;978
12;2025-12-24;22;488
12;2025-12-24;23;264
12;2025-12-25;0;54
12;2025-12-25;1;1
12;2025-12-25;2;0
12;2025-12-25;3;0
12;2025-12-25;4;7
12;2025-12-25;5;332
12;2025-12-25;6;1476
12;2025-12-25;7;2804
12;2025-12-25;8;3652
12;2025-12-25;9;2614
12;2025-12-25;10;2109
12;2025-12-25;11;1971
12;2025-12-25;12;1999
12;2025-12-25;13;2086
12;2025-12-25;14;1985
12;2025-12-25;15;2238
12;2025-12-25;16;2797
12;2025-12-25;17;3069
12;2025-12-25;18;3179
12;2025-12-25;19;2424
12;2025-12-25;20;1565
12;2025-12-25;21;978
12;2025-12-25;22;488
12;2025-12-25;23;264
12;2025-12-26;0;54
12;2025-12-26;1;1
12;2025-12-26;2;0
12;2025-12-26;3;0
12;2025-12-26;4;7
12;2025-12-26;5;332
12;2025-12-26;6;1476
12;2025-12-26;7;2804
12;2025-12-26;8;3652
12;2025-12-26;9;2614
12;2025-12-26;10;2109
12;2025-12-26;11;1971
12;2025-12-26;12;1999
12;2025-12-26;13;2086
12;2025-12-26;14;1985
12;2025-12-26;15;2238
12;2025-12-26;16;2797
12;2025-12-26;17;3069
12;2025-12-26;18;3179
12;2025-12-26;19;2424
12;2025-12-26;20;1565
12;2025-12-26;21;978
12;2025-12-26;22;488
12;2025-12-26;23;264
12;2025-12-27;0;74
12;2025-12-27;1;2
12;2025-12-27;2;0
12;2025-12-27;3;0
12;2025-12-27;4;2
12;2025-12-27;5;237
12;2025-12-27;6;756
12;2025-12-27;7;949
12;2025-12-27;8;1041
12;2025-12-27;9;1304
12;2025-12-27;10;1491
12;2025-12-27;11;1505
12;2025-12-27;12;1629
12;2025-12-27;13;1814
12;2025-12-27;14;1598
12;2025-12-27;15;1569
12;2025-12-27;16;1811
12;2025-12-27;17;1715
12;2025-12-27;18;1579
12;2025-12-27;19;1456
12;2025-12-27;20;1019
12;2025-12-27;21;840
12;2025-12-27;22;402
12;2025-12-27;23;306
12;2025-12-28;0;92
12;2025-12-28;1;5
12;2025-12-28;2;0
12;2025-12-28;3;0
12;2025-12-28;4;3
12;2025-12-28;5;117
12;2025-12-28;6;535
12;2025-12-28;7;748
12;2025-12-28;8;766
12;2025-12-28;9;978
12;2025-12-28;10;1254
12;2025-12-28;11;1343
12;2025-12-28;12;1451
12;2025-12-28;13;1665
12;2025-12-28;14;1455
12;2025-12-28;15;1620
12;2025-12-28;16;1580
12;2025-12-28;17;1657
12;2025-12-28;18;1451
12;2025-12-28;19;1063
12;2025-12-28;20;873
12;2025-12-28;21;629
12;2025-12-28;22;419
12;2025-12-28;23;214
12;2025-12-29;0;46
12;2025-12-29;1;1
12;2025-12-29;2;0
12;2025-12-29;3;0
12;2025-12-29;4;6
12;2025-12-29;5;282
12;2025-12-29;6;1255
12;2025-12-29;7;2383
12;2025-12-29;8;3104
12;2025-12-29;9;2222
12;2025-12-29;10;1793
12;2025-12-29;11;1675
12;2025-12-29;12;1699
12;2025-12-29;13;1773
12;2025-12-29;14;1687
12;2025-12-29;15;1903
12;2025-12-29;16;2377
12;2025-12-29;17;2608
12;2025-12-29;18;2702
12;2025-12-29;19;2061
12;2025-12-29;20;1331
12;2025-12-29;21;831
12;2025-12-29;22;415
12;2025-12-29;23;224
12;2025-12-30;0;46
12;2025-12-30;1;1
12;2025-12-30;2;0
12;2025-12-30;3;0
12;2025-12-30;4;6
12;2025-12-30;5;282
12;2025-12-30;6;1255
12;2025-12-30;7;2383
12;2025-12-30;8;3104
12;2025-12-30;9;2222
12;2025-12-30;10;1793
12;2025-12-30;11;1675
12;2025-12-30;12;1699
12;2025-12-30;13;1773
12;2025-12-30;14;1687
12;2025-12-30;15;1903
12;2025-12-30;16;2377
12;2025-12-30;17;2608
12;2025-12-30;18;2702
12;2025-12-30;19;2061
12;2025-12-30;20;1331
12;2025-12-30;21;831
12;2025-12-30;22;415
12;2025-12-30;23;224
12;2025-12-31;0;79
12;2025-12-31;1;4
12;2025-12-31;2;0
12;2025-12-31;3;0
12;2025-12-31;4;3
12;2025-12-31;5;100
12;2025-12-31;6;457
12;2025-12-31;7;639
12;2025-12-31;8;655
12;2025-12-31;9;836
12;2025-12-31;10;1072
12;2025-12-31;11;1148
12;2025-12-31;12;1240
12;2025-12-31;13;1423
12;2025-12-31;14;1244
12;2025-12-31;15;1385
12;2025-12-31;16;1351
12;2025-12-31;17;1417
12;2025-12-31;18;1240
12;2025-12-31;19;909
12;2025-12-31;20;0
12;2025-12-31;21;0
12;2025-12-31;22;0
12;2025-12-31;23;0
17;2025-11-01;0;104
17;2025-11-01;1;10
17;2025-11-01;2;0
17;2025-11-01;3;0
17;2025-11-01;4;21
17;2025-11-01;5;259
17;2025-11-01;6;1301
17;2025-11-01;7;3615
17;2025-11-01;8;4573
17;2025-11-01;9;3279
17;2025-11-01;10;2561
17;2025-11-01;11;2576
17;2025-11-01;12;2573
17;2025-11-01;13;2627
17;2025-11-01;14;2686
17;2025-11-01;15;2789
17;2025-11-01;16;3122
17;2025-11-01;17;3812
17;2025-11-01;18;3967
17;2025-11-01;19;2825
17;2025-11-01;20;1995
17;2025-11-01;21;1239
17;2025-11-01;22;616
17;2025-11-01;23;332
17;2025-11-02;0;175
17;2025-11-02;1;22
17;2025-11-02;2;0
17;2025-11-02;3;0
17;2025-11-02;4;3
17;2025-11-02;5;116
17;2025-11-02;6;432
17;2025-11-02;7;871
17;2025-11-02;8;1234
17;2025-11-02;9;1672
17;2025-11-02;10;1948
17;2025-11-02;11;2494
17;2025-11-02;12;2917
17;2025-11-02;13;3213
17;2025-11-02;14;3191
17;2025-11-02;15;3151
17;2025-11-02;16;3146
17;2025-11-02;17;2998
17;2025-11-02;18;2575
17;2025-11-02;19;2038
17;2025-11-02;20;1577
17;2025-11-02;21;1112
17;2025-11-02;22;660
17;2025-11-02;23;326
17;2025-11-03;0;167
17;2025-11-03;1;21
17;2025-11-03;2;0
17;2025-11-03;3;0
17;2025-11-03;4;3
17;2025-11-03;5;110
17;2025-11-03;6;411
17;2025-11-03;7;828
17;2025-11-03;8;1173
17;2025-11-03;9;1588
17;2025-11-03;10;1851
17;2025-11-03;11;2369
17;2025-11-03;12;2771
17;2025-11-03;13;3052
17;2025-11-03;14;3031
17;2025-11-03;15;2994
17;2025-11-03;16;2989
17;2025-11-03;17;2848
17;2025-11-03;18;2446
17;2025-11-03;19;1937
17;2025-11-03;20;1498
17;2025-11-03;21;1056
17;2025-11-03;22;627
17;2025-11-03;23;310
17;2025-11-04;0;167
17;2025-11-04;1;21
17;2025-11-04;2;0
17;2025-11-04;3;0
17;2025-11-04;4;3
17;2025-11-04;5;110
17;2025-11-04;6;411
17;2025-11-04;7;828
17;2025-11-04;8;1173
17;2025-11-04;9;1588
17;2025-11-04;10;1851
17;2025-11-04;11;2369
17;2025-11-04;12;2771
17;2025-11-04;13;3052
17;2025-11-04;14;3031
17;2025-11-04;15;2994
17;2025-11-04;16;2989
17;2025-11-04;17;2848
17;2025-11-04;18;2446
17;2025-11-04;19;1937
17;2025-11-04;20;1498
17;2025-11-04;21;1056
17;2025-11-04;22;627
17;2025-11-04;23;310
17;2025-11-05;0;122
17;2025-11-05;1;12
17;2025-11-05;2;0
17;2025-11-05;3;0
17;2025-11-05;4;25
17;2025-11-05;5;305
17;2025-11-05;6;1531
17;2025-11-05;7;4253
17;2025-11-05;8;5379
17;2025-11-05;9;3857
17;2025-11-05;10;3013
17;2025-11-05;11;3030
17;2025-11-05;12;3027
17;2025-11-05;13;3090
17;2025-11-05;14;3160
17;2025-11-05;15;3281
17;2025-11-05;16;3673
17;2025-11-05;17;4485
17;2025-11-05;18;4668
17;2025-11-05;19;3323
17;2025-11-05;20;2347
17;2025-11-05;21;1458
17;2025-11-05;22;725
17;2025-11-05;23;390
17;2025-11-06;0;122
17;2025-11-06;1;12
17;2025-11-06;2;0
17;2025-11-06;3;0
17;2025-11-06;4;25
17;2025-11-06;5;305
17;2025-11-06;6;1531
17;2025-11-06;7;4253
17;2025-11-06;8;5379
17;2025-11-06;9;3857
17;2025-11-06;10;3013
17;2025-11-06;11;3030
17;2025-11-06;12;3027
17;2025-11-06;13;3090
17;2025-11-06;14;3160
17;2025-11-06;15;3281
17;2025-11-06;16;3673
17;2025-11-06;17;4485
17;2025-11-06;18;4668
17;2025-11-06;19;3323
17;2025-11-06;20;2347
17;2025-11-06;21;1458
17;2025-11-06;22;725
17;2025-11-06;23;390
17;2025-11-07;0;122
17;2025-11-07;1;12
17;2025-11-07;2;0
17;2025-11-07;3;0
17;2025-11-07;4;25
17;2025-11-07;5;305
17;2025-11-07;6;1531
17;2025-11-07;7;4253
17;2025-11-07;8;5379
17;2025-11-07;9;3857
17;2025-11-07;10;3013
17;2025-11-07;11;3030
17;2025-11-07;12;3027
17;2025-11-07;13;3090
17;2025-11-07;14;3160
17;2025-11-07;15;3281
17;2025-11-07;16;3673
17;2025-11-07;17;4485
17;2025-11-07;18;4668
17;2025-11-07;19;3323
17;2025-11-07;20;2347
17;2025-11-07;21;1458
17;2025-11-07;22;725
17;2025-11-07;23;390
17;2025-11-08;0;211
17;2025-11-08;1;26
17;2025-11-08;2;0
17;2025-11-08;3;0
17;2025-11-08;4;5
17;2025-11-08;5;130
17;2025-11-08;6;579
17;2025-11-08;7;1274
17;2025-11-08;8;1775
17;2025-11-08;9;2181
17;2025-11-08;10;2472
17;2025-11-08;11;2940
17;2025-11-08;12;3257
17;2025-11-08;13;3543
17;2025-11-08;14;3386
17;2025-11-08;15;3388
17;2025-11-08;16;3519
17;2025-11-08;17;3280
17;2025-11-08;18;2999
17;2025-11-08;19;2218
17;2025-11-08;20;1830
17;2025-11-08;21;1361
17;2025-11-08;22;839
17;2025-11-08;23;443
17;2025-11-09;0;175
17;2025-11-09;1;22
17;2025-11-09;2;0
17;2025-11-09;3;0
17;2025-11-09;4;3
17;2025-11-09;5;116
17;2025-11-09;6;432
17;2025-11-09;7;871
17;2025-11-09;8;1234
17;2025-11-09;9;1672
17;2025-11-09;10;1948
17;2025-11-09;11;2494
17;2025-11-09;12;2917
17;2025-11-09;13;3213
17;2025-11-09;14;3191
17;2025-11-09;15;3151
17;2025-11-09;16;3146
17;2025-11-09;17;2998
17;2025-11-09;18;2575
17;2025-11-09;19;2038
17;2025-11-09;20;1577
17;2025-11-09;21;1112
17;2025-11-09;22;660
17;2025-11-09;23;326
17;2025-11-10;0;122
17;2025-11-10;1;12
17;2025-11-10;2;0
17;2025-11-10;3;0
17;2025-11-10;4;25
17;2025-11-10;5;305
17;2025-11-10;6;1531
17;2025-11-10;7;4253
17;2025-11-10;8;5379
17;2025-11-10;9;3857
17;2025-11-10;10;3013
17;2025-11-10;11;3030
17;2025-11-10;12;3027
17;2025-11-10;13;3090
17;2025-11-10;14;3160
17;2025-11-10;15;3281
17;2025-11-10;16;3673
17;2025-11-10;17;4485
17;2025-11-10;18;4668
17;2025-11-10;19;3323
17;2025-11-10;20;2347
17;2025-11-10;21;1458
17;2025-11-10;22;725
17;2025-11-10;23;390
17;2025-11-11;0;122
17;2025-11-11;1;12
17;2025-11-11;2;0
17;2025-11-11;3;0
17;2025-11-11;4;25
17;2025-11-11;5;305
17;2025-11-11;6;1531
17;2025-11-11;7;4253
17;2025-11-11;8;5379
17;2025-11-11;9;3857
17;2025-11-11;10;3013
17;2025-11-11;11;3030
17;2025-11-11;12;3027
17;2025-11-11;13;3090
17;2025-11-11;14;3160
17;2025-11-11;15;3281
17;2025-11-11;16;3673
17;2025-11-11;17;4485
17;2025-11-11;18;4668
17;2025-11-11;19;3323
17;2025-11-11;20;2347
17;2025-11-11;21;1458
17;2025-11-11;22;725
17;2025-11-11;23;390
17;2025-11-12;0;122
17;2025-11-12;1;12
17;2025-11-12;2;0
17;2025-11-12;3;0
17;2025-11-12;4;25
17;2025-11-12;5;305
17;2025-11-12;6;1531
17;2025-11-12;7;4253
17;2025-11-12;8;5379
17;2025-11-12;9;3857
17;2025-11-12;10;3013
17;2025-11-12;11;3030
17;2025-11-12;12;3027
17;2025-11-12;13;3090
17;2025-11-12;14;3160
17;2025-11-12;15;3281
17;2025-11-12;16;3673
17;2025-11-12;17;4485
17;2025-11-12;18;4668
17;2025-11-12;19;3323
17;2025-11-12;20;2347
17;2025-11-12;21;1458
17;2025-11-12;22;725
17;2025-11-12;23;390
17;2025-11-13;0;122
17;2025-11-13;1;12
17;2025-11-13;2;0
17;2025-11-13;3;0
17;2025-11-13;4;25
17;2025-11-13;5;305
17;2025-11-13;6;1531
17;2025-11-13;7;4253
17;2025-11-13;8;5379
17;2025-11-13;9;3857
17;2025-11-13;10;3013
17;2025-11-13;11;3030
17;2025-11-13;12;3027
17;2025-11-13;13;3090
17;2025-11-13;14;3160
17;2025-11-13;15;3281
17;2025-11-13;16;3673
17;2025-11-13;17;4485
17;2025-11-13;18;4668
17;2025-11-13;19;3323
17;2025-11-13;20;2347
17;2025-11-13;21;1458
17;2025-11-13;22;725
17;2025-11-13;23;390
17;2025-11-14;0;122
17;2025-11-14;1;12
17;2025-11-14;2;0
17;2025-11-14;3;0
17;2025-11-14;4;25
17;2025-11-14;5;305
17;2025-11-14;6;1531
17;2025-11-14;7;4253
17;2025-11-14;8;5379
17;2025-11-14;9;3857
17;2025-11-14;10;3013
17;2025-11-14;11;3030
17;2025-11-14;12;3027
17;2025-11-14;13;3090
17;2025-11-14;14;3160
17;2025-11-14;15;3281
17;2025-11-14;16;3673
17;2025-11-14;17;4485
17;2025-11-14;18;4668
17;2025-11-14;19;3323
17;2025-11-14;20;2347
17;2025-11-14;21;1458
17;2025-11-14;22;725
17;2025-11-14;23;390
17;2025-11-15;0;211
17;2025-11-15;1;26
17;2025-11-15;2;0
17;2025-11-15;3;0
17;2025-11-15;4;5
17;2025-11-15;5;130
17;2025-11-15;6;579
17;2025-11-15;7;1274
17;2025-11-15;8;1775
17;2025-11-15;9;2181
17;2025-11-15;10;2472
17;2025-11-15;11;2940
17;2025-11-15;12;3257
17;2025-11-15;13;3543
17;2025-11-15;14;3386
17;2025-11-15;15;3388
17;2025-11-15;16;3519
17;2025-11-15;17;3280
17;2025-11-15;18;2999
17;2025-11-15;19;2218
17;2025-11-15;20;1830
17;2025-11-15;21;1361
17;2025-11-15;22;839
17;2025-11-15;23;443
17;2025-11-16;0;175
17;2025-11-16;1;22
17;2025-11-16;2;0
17;2025-11-16;3;0
17;2025-11-16;4;3
17;2025-11-16;5;116
17;2025-11-16;6;432
17;2025-11-16;7;871
17;2025-11-16;8;1234
17;2025-11-16;9;1672
17;2025-11-16;10;1948
17;2025-11-16;11;2494
17;2025-11-16;12;2917
17;2025-11-16;13;3213
17;2025-11-16;14;3191
17;2025-11-16;15;3151
17;2025-11-16;16;3146
17;2025-11-16;17;2998
17;2025-11-16;18;2575
17;2025-11-16;19;2038
17;2025-11-16;20;1577
17;2025-11-16;21;1112
17;2025-11-16;22;660
17;2025-11-16;23;326
17;2025-11-17;0;122
17;2025-11-17;1;12
17;2025-11-17;2;0
17;2025-11-17;3;0
17;2025-11-17;4;25
17;2025-11-17;5;305
17;2025-11-17;6;1531
17;2025-11-17;7;4253
17;2025-11-17;8;5379
17;2025-11-17;9;3857
17;2025-11-17;10;3013
17;2025-11-17;11;3030
17;2025-11-17;12;3027
17;2025-11-17;13;3090
17;2025-11-17;14;3160
17;2025-11-17;15;3281
17;2025-11-17;16;3673
17;2025-11-17;17;4485
17;2025-11-17;18;4668
17;2025-11-17;19;3323
17;2025-11-17;20;2347
17;2025-11-17;21;1458
17;2025-11-17;22;725
17;2025-11-17;23;390
17;2025-11-18;0;122
17;2025-11-18;1;12
17;2025-11-18;2;0
17;2025-11-18;3;0
17;2025-11-18;4;25
17;2025-11-18;5;305
17;2025-11-18;6;1531
17;2025-11-18;7;4253
17;2025-11-18;8;5379
17;2025-11-18;9;3857
17;2025-11-18;10;3013
17;2025-11-18;11;3030
17;2025-11-18;12;3027
17;2025-11-18;13;3090
17;2025-11-18;14;3160
17;2025-11-18;15;3281
17;2025-11-18;16;3673
17;2025-11-18;17;4485
17;2025-11-18;18;4668
17;2025-11-18;19;3323
17;2025-11-18;20;2347
17;2025-11-18;21;1458
17;2025-11-18;22;725
17;2025-11-18;23;390
17;2025-11-19;0;122
17;2025-11-19;1;12
17;2025-11-19;2;0
17;2025-11-19;3;0
17;2025-11-19;4;25
17;2025-11-19;5;305
17;2025-11-19;6;1531
17;2025-11-19;7;4253
17;2025-11-19;8;5379
17;2025-11-19;9;3857
17;2025-11-19;10;3013
17;2025-11-19;11;3030
17;2025-11-19;12;3027
17;2025-11-19;13;3090
17;2025-11-19;14;3160
17;2025-11-19;15;3281
17;2025-11-19;16;3673
17;2025-11-19;17;4485
17;2025-11-19;18;4668
17;2025-11-19;19;3323
17;2025-11-19;20;2347
17;2025-11-19;21;1458
17;2025-11-19;22;725
17;2025-11-19;23;390
17;2025-11-20;0;122
17;2025-11-20;1;12
17;2025-11-20;2;0
17;2025-11-20;3;0
17;2025-11-20;4;25
17;2025-11-20;5;305
17;2025-11-20;6;1531
17;2025-11-20;7;4253
17;2025-11-20;8;5379
17;2025-11-20;9;3857
17;2025-11-20;10;3013
17;2025-11-20;11;3030
17;2025-11-20;12;3027
17;2025-11-20;13;3090
17;2025-11-20;14;3160
17;2025-11-20;15;3281
17;2025-11-20;16;3673
17;2025-11-20;17;4485
17;2025-11-20;18;4668
17;2025-11-20;19;3323
17;2025-11-20;20;2347
17;2025-11-20;21;1458
17;2025-11-20;22;725
17;2025-11-20;23;390
17;2025-11-21;0;122
17;2025-11-21;1;12
17;2025-11-21;2;0
17;2025-11-21;3;0
17;2025-11-21;4;25
17;2025-11-21;5;305
17;2025-11-21;6;1531
17;2025-11-21;7;4253
17;2025-11-21;8;5379
17;2025-11-21;9;3857
17;2025-11-21;10;3013
17;2025-11-21;11;3030
17;2025-11-21;12;3027
17;2025-11-21;13;3090
17;2025-11-21;14;3160
17;2025-11-21;15;3281
17;2025-11-21;16;3673
17;2025-11-21;17;4485
17;2025-11-21;18;4668
17;2025-11-21;19;3323
17;2025-11-21;20;2347
17;2025-11-21;21;1458
17;2025-11-21;22;725
17;2025-11-21;23;390
17;2025-11-22;0;211
17;2025-11-22;1;26
17;2025-11-22;2;0
17;2025-11-22;3;0
17;2025-11-22;4;5
17;2025-11-22;5;130
17;2025-11-22;6;579
17;2025-11-22;7;1274
17;2025-11-22;8;1775
17;2025-11-22;9;2181
17;2025-11-22;10;2472
17;2025-11-22;11;2940
17;2025-11-22;12;3257
17;2025-11-22;13;3543
17;2025-11-22;14;3386
17;2025-11-22;15;3388
17;2025-11-22;16;3519
17;2025-11-22;17;3280
17;2025-11-22;18;2999
17;2025-11-22;19;2218
17;2025-11-22;20;1830
17;2025-11-22;21;1361
17;2025-11-22;22;839
17;2025-11-22;23;443
17;2025-11-23;0;175
17;2025-11-23;1;22
17;2025-11-23;2;0
17;2025-11-23;3;0
17;2025-11-23;4;3
17;2025-11-23;5;116
17;2025-11-23;6;432
17;2025-11-23;7;871
17;2025-11-23;8;1234
17;2025-11-23;9;1672
17;2025-11-23;10;1948
17;2025-11-23;11;2494
17;2025-11-23;12;2917
17;2025-11-23;13;3213
17;2025-11-23;14;3191
17;2025-11-23;15;3151
17;2025-11-23;16;3146
17;2025-11-23;17;2998
17;2025-11-23;18;2575
17;2025-11-23;19;2038
17;2025-11-23;20;1577
17;2025-11-23;21;1112
17;2025-11-23;22;660
17;2025-11-23;23;326
17;2025-11-24;0;122
17;2025-11-24;1;12
17;2025-11-24;2;0
17;2025-11-24;3;0
17;2025-11-24;4;25
17;2025-11-24;5;305
17;2025-11-24;6;1531
17;2025-11-24;7;4253
17;2025-11-24;8;5379
17;2025-11-24;9;3857
17;2025-11-24;10;3013
17;2025-11-24;11;3030
17;2025-11-24;12;3027
17;2025-11-24;13;3090
17;2025-11-24;14;3160
17;2025-11-24;15;3281
17;2025-11-24;16;3673
17;2025-11-24;17;4485
17;2025-11-24;18;4668
17;2025-11-24;19;3323
17;2025-11-24;20;2347
17;2025-11-24;21;1458
17;2025-11-24;22;725
17;2025-11-24;23;390
17;2025-11-25;0;122
17;2025-11-25;1;12
17;2025-11-25;2;0
17;2025-11-25;3;0
17;2025-11-25;4;25
17;2025-11-25;5;305
17;2025-11-25;6;1531
17;2025-11-25;7;4253
17;2025-11-25;8;5379
17;2025-11-25;9;3857
17;2025-11-25;10;3013
17;2025-11-25;11;3030
17;2025-11-25;12;3027
17;2025-11-25;13;3090
17;2025-11-25;14;3160
17;2025-11-25;15;3281
17;2025-11-25;16;3673
17;2025-11-25;17;4485
17;2025-11-25;18;4668
17;2025-11-25;19;3323
17;2025-11-25;20;2347
17;2025-11-25;21;1458
17;2025-11-25;22;725
17;2025-11-25;23;390
17;2025-11-26;0;122
17;2025-11-26;1;12
17;2025-11-26;2;0
17;2025-11-26;3;0
17;2025-11-26;4;25
17;2025-11-26;5;305
17;2025-11-26;6;1531
17;2025-11-26;7;4253
17;2025-11-26;8;5379
17;2025-11-26;9;3857
17;2025-11-26;10;3013
17;2025-11-26;11;3030
17;2025-11-26;12;3027
17;2025-11-26;13;3090
17;2025-11-26;14;3160
17;2025-11-26;15;3281
17;2025-11-26;16;3673
17;2025-11-26;17;4485
17;2025-11-26;18;4668
17;2025-11-26;19;3323
17;2025-11-26;20;2347
17;2025-11-26;21;1458
17;2025-11-26;22;725
17;2025-11-26;23;390
17;2025-11-27;0;122
17;2025-11-27;1;12
17;2025-11-27;2;0
17;2025-11-27;3;0
17;2025-11-27;4;25
17;2025-11-27;5;305
17;2025-11-27;6;1531
17;2025-11-27;7;4253
17;2025-11-27;8;5379
17;2025-11-27;9;3857
17;2025-11-27;10;3013
17;2025-11-27;11;3030
17;2025-11-27;12;3027
17;2025-11-27;13;3090
17;2025-11-27;14;3160
17;2025-11-27;15;3281
17;2025-11-27;16;3673
17;2025-11-27;17;4485
17;2025-11-27;18;4668
17;2025-11-27;19;3323
17;2025-11-27;20;2347
17;2025-11-27;21;1458
17;2025-11-27;22;725
17;2025-11-27;23;390
17;2025-11-28;0;122
17;2025-11-28;1;12
17;2025-11-28;2;0
17;2025-11-28;3;0
17;2025-11-28;4;25
17;2025-11-28;5;305
17;2025-11-28;6;1531
17;2025-11-28;7;4253
17;2025-11-28;8;5379
17;2025-11-28;9;3857
17;2025-11-28;10;3013
17;2025-11-28;11;3030
17;2025-11-28;12;3027
17;2025-11-28;13;3090
17;2025-11-28;14;3160
17;2025-11-28;15;3281
17;2025-11-28;16;3673
17;2025-11-28;17;4485
17;2025-11-28;18;4668
17;2025-11-28;19;3323
17;2025-11-28;20;2347
17;2025-11-28;21;1458
17;2025-11-28;22;725
17;2025-11-28;23;390
17;2025-11-29;0;211
17;2025-11-29;1;26
17;2025-11-29;2;0
17;2025-11-29;3;0
17;2025-11-29;4;5
17;2025-11-29;5;130
17;2025-11-29;6;579
17;2025-11-29;7;1274
17;2025-11-29;8;1775
17;2025-11-29;9;2181
17;2025-11-29;10;2472
17;2025-11-29;11;2940
17;2025-11-29;12;3257
17;2025-11-29;13;3543
17;2025-11-29;14;3386
17;2025-11-29;15;3388
17;2025-11-29;16;3519
17;2025-11-29;17;3280
17;2025-11-29;18;2999
17;2025-11-29;19;2218
17;2025-11-29;20;1830
17;2025-11-29;21;1361
17;2025-11-29;22;839
17;2025-11-29;23;443
17;2025-11-30;0;175
17;2025-11-30;1;22
17;2025-11-30;2;0
17;2025-11-30;3;0
17;2025-11-30;4;3
17;2025-11-30;5;116
17;2025-11-30;6;432
17;2025-11-30;7;871
17;2025-11-30;8;1234
17;2025-11-30;9;1672
17;2025-11-30;10;1948
17;2025-11-30;11;2494
17;2025-11-30;12;2917
17;2025-11-30;13;3213
17;2025-11-30;14;3191
17;2025-11-30;15;3151
17;2025-11-30;16;3146
17;2025-11-30;17;2998
17;2025-11-30;18;2575
17;2025-11-30;19;2038
17;2025-11-30;20;1577
17;2025-11-30;21;1112
17;2025-11-30;22;660
17;2025-11-30;23;326
17;2025-12-01;0;126
17;2025-12-01;1;12
17;2025-12-01;2;0
17;2025-12-01;3;0
17;2025-12-01;4;26
17;2025-12-01;5;314
17;2025-12-01;6;1579
17;2025-12-01;7;4386
17;2025-12-01;8;5547
17;2025-12-01;9;3977
17;2025-12-01;10;3107
17;2025-12-01;11;3124
17;2025-12-01;12;3121
17;2025-12-01;13;3186
17;2025-12-01;14;3258
17;2025-12-01;15;3383
17;2025-12-01;16;3787
17;2025-12-01;17;4625
17;2025-12-01;18;4813
17;2025-12-01;19;3426
17;2025-12-01;20;2420
17;2025-12-01;21;1503
17;2025-12-01;22;748
17;2025-12-01;23;402
17;2025-12-02;0;126
17;2025-12-02;1;12
17;2025-12-02;2;0
17;2025-12-02;3;0
17;2025-12-02;4;26
17;2025-12-02;5;314
17;2025-12-02;6;1579
17;2025-12-02;7;4386
17;2025-12-02;8;5547
17;2025-12-02;9;3977
17;2025-12-02;10;3107
17;2025-12-02;11;3124
17;2025-12-02;12;3121
17;2025-12-02;13;3186
17;2025-12-02;14;3258
17;2025-12-02;15;3383
17;2025-12-02;16;3787
17;2025-12-02;17;4625
17;2025-12-02;18;4813
17;2025-12-02;19;3426
17;2025-12-02;20;2420
17;2025-12-02;21;1503
17;2025-12-02;22;748
17;2025-12-02;23;402
17;2025-12-03;0;126
17;2025-12-03;1;12
17;2025-12-03;2;0
17;2025-12-03;3;0
17;2025-12-03;4;26
17;2025-12-03;5;314
17;2025-12-03;6;1579
17;2025-12-03;7;4386
17;2025-12-03;8;5547
17;2025-12-03;9;3977
17;2025-12-03;10;3107
17;2025-12-03;11;3124
17;2025-12-03;12;3121
17;2025-12-03;13;3186
17;2025-12-03;14;3258
17;2025-12-03;15;3383
17;2025-12-03;16;3787
17;2025-12-03;17;4625
17;2025-12-03;18;4813
17;2025-12-03;19;3426
17;2025-12-03;20;2420
17;2025-12-03;21;1503
17;2025-12-03;22;748
17;2025-12-03;23;402
17;2025-12-04;0;126
17;2025-12-04;1;12
17;2025-12-04;2;0
17;2025-12-04;3;0
17;2025-12-04;4;26
17;2025-12-04;5;314
17;2025-12-04;6;1579
17;2025-12-04;7;4386
17;2025-12-04;8;5547
17;2025-12-04;9;3977
17;2025-12-04;10;3107
17;2025-12-04;11;3124
17;2025-12-04;12;3121
17;2025-12-04;13;3186
17;2025-12-04;14;3258
17;2025-12-04;15;3383
17;2025-12-04;16;3787
17;2025-12-04;17;4625
17;2025-12-04;18;4813
17;2025-12-04;19;3426
17;2025-12-04;20;2420
17;2025-12-04;21;1503
17;2025-12-04;22;748
17;2025-12-04;23;402
17;2025-12-05;0;126
17;2025-12-05;1;12
17;2025-12-05;2;0
17;2025-12-05;3;0
17;2025-12-05;4;26
17;2025-12-05;5;314
17;2025-12-05;6;1579
17;2025-12-05;7;4386
17;2025-12-05;8;5547
17;2025-12-05;9;3977
17;2025-12-05;10;3107
17;2025-12-05;11;3124
17;2025-12-05;12;3121
17;2025-12-05;13;3186
17;2025-12-05;14;3258
17;2025-12-05;15;3383
17;2025-12-05;16;3787
17;2025-12-05;17;4625
17;2025-12-05;18;4813
17;2025-12-05;19;3426
17;2025-12-05;20;2420
17;2025-12-05;21;1503
17;2025-12-05;22;748
17;2025-12-05;23;402
17;2025-12-06;0;217
17;2025-12-06;1;27
17;2025-12-06;2;0
17;2025-12-06;3;0
17;2025-12-06;4;5
17;2025-12-06;5;134
17;2025-12-06;6;597
17;2025-12-06;7;1314
17;2025-12-06;8;1830
17;2025-12-06;9;2249
17;2025-12-06;10;2549
17;2025-12-06;11;3031
17;2025-12-06;12;3358
17;2025-12-06;13;3653
17;2025-12-06;14;3491
17;2025-12-06;15;3494
17;2025-12-06;16;3629
17;2025-12-06;17;3382
17;2025-12-06;18;3092
17;2025-12-06;19;2287
17;2025-12-06;20;1887
17;2025-12-06;21;1403
17;2025-12-06;22;865
17;2025-12-06;23;457
17;2025-12-07;0;181
17;2025-12-07;1;23
17;2025-12-07;2;0
17;2025-12-07;3;0
17;2025-12-07;4;3
17;2025-12-07;5;120
17;2025-12-07;6;446
17;2025-12-07;7;898
17;2025-12-07;8;1273
17;2025-12-07;9;1724
17;2025-12-07;10;2009
17;2025-12-07;11;2571
17;2025-12-07;12;3008
17;2025-12-07;13;3313
17;2025-12-07;14;3290
17;2025-12-07;15;3250
17;2025-12-07;16;3244
17;2025-12-07;17;3091
17;2025-12-07;18;2655
17;2025-12-07;19;2102
17;2025-12-07;20;1626
17;2025-12-07;21;1147
17;2025-12-07;22;680
17;2025-12-07;23;336
17;2025-12-08;0;126
17;2025-12-08;1;12
17;2025-12-08;2;0
17;2025-12-08;3;0
17;2025-12-08;4;26
17;2025-12-08;5;314
17;2025-12-08;6;1579
17;2025-12-08;7;4386
17;2025-12-08;8;5547
17;2025-12-08;9;3977
17;2025-12-08;10;3107
17;2025-12-08;11;3124
17;2025-12-08;12;3121
17;2025-12-08;13;3186
17;2025-12-08;14;3258
17;2025-12-08;15;3383
17;2025-12-08;16;3787
17;2025-12-08;17;4625
17;2025-12-08;18;4813
17;2025-12-08;19;3426
17;2025-12-08;20;2420
17;2025-12-08;21;1503
17;2025-12-08;22;748
17;2025-12-08;23;402
17;2025-12-09;0;126
17;2025-12-09;1;12
17;2025-12-09;2;0
17;2025-12-09;3;0
17;2025-12-09;4;26
17;2025-12-09;5;314
17;2025-12-09;6;1579
17;2025-12-09;7;4386
17;2025-12-09;8;5547
17;2025-12-09;9;3977
17;2025-12-09;10;3107
17;2025-12-09;11;3124
17;2025-12-09;12;3121
17;2025-12-09;13;3186
17;2025-12-09;14;3258
17;2025-12-09;15;3383
17;2025-12-09;16;3787
17;2025-12-09;17;4625
17;2025-12-09;18;4813
17;2025-12-09;19;3426
17;2025-12-09;20;2420
17;2025-12-09;21;1503
17;2025-12-09;22;748
17;2025-12-09;23;402
17;2025-12-10;0;126
17;2025-12-10;1;12
17;2025-12-10;2;0
17;2025-12-10;3;0
17;2025-12-10;4;26
17;2025-12-10;5;314
17;2025-12-10;6;1579
17;2025-12-10;7;4386
17;2025-12-10;8;5547
17;2025-12-10;9;3977
17;2025-12-10;10;3107
17;2025-12-10;11;3124
17;2025-12-10;12;3121
17;2025-12-10;13;3186
17;2025-12-10;14;3258
17;2025-12-10;15;3383
17;2025-12-10;16;3787
17;2025-12-10;17;4625
17;2025-12-10;18;4813
17;2025-12-10;19;3426
17;2025-12-10;20;2420
17;2025-12-10;21;1503
17;2025-12-10;22;748
17;2025-12-10;23;402
17;2025-12-11;0;126
17;2025-12-11;1;12
17;2025-12-11;2;0
17;2025-12-11;3;0
17;2025-12-11;4;26
17;2025-12-11;5;314
17;2025-12-11;6;1579
17;2025-12-11;7;4386
17;2025-12-11;8;5547
17;2025-12-11;9;3977
17;2025-12-11;10;3107
17;2025-12-11;11;3124
17;2025-12-11;12;3121
17;2025-12-11;13;3186
17;2025-12-11;14;3258
17;2025-12-11;15;3383
17;2025-12-11;16;3787
17;2025-12-11;17;4625
17;2025-12-11;18;4813
17;2025-12-11;19;3426
17;2025-12-11;20;2420
17;2025-12-11;21;1503
17;2025-12-11;22;748
17;2025-12-11;23;402
17;2025-12-12;0;126
17;2025-12-12;1;12
17;2025-12-12;2;0
17;2025-12-12;3;0
17;2025-12-12;4;26
17;2025-12-12;5;314
17;2025-12-12;6;1579
17;2025-12-12;7;4386
17;2025-12-12;8;5547
17;2025-12-12;9;3977
17;2025-12-12;10;3107
17;2025-12-12;11;3124
17;2025-12-12;12;3121
17;2025-12-12;13;3186
17;2025-12-12;14;3258
17;2025-12-12;15;3383
17;2025-12-12;16;3787
17;2025-12-12;17;4625
17;2025-12-12;18;4813
17;2025-12-12;19;3426
17;2025-12-12;20;2420
17;2025-12-12;21;1503
17;2025-12-12;22;748
17;2025-12-12;23;402
17;2025-12-13;0;217
17;2025-12-13;1;27
17;2025-12-13;2;0
17;2025-12-13;3;0
17;2025-12-13;4;5
17;2025-12-13;5;134
17;2025-12-13;6;597
17;2025-12-13;7;1314
17;2025-12-13;8;1830
17;2025-12-13;9;2249
17;2025-12-13;10;2549
17;2025-12-13;11;3031
17;2025-12-13;12;3358
17;2025-12-13;13;3653
17;2025-12-13;14;3491
17;2025-12-13;15;3494
17;2025-12-13;16;3629
17;2025-12-13;17;3382
17;2025-12-13;18;3092
17;2025-12-13;19;2287
17;2025-12-13;20;1887
17;2025-12-13;21;1403
17;2025-12-13;22;865
17;2025-12-13;23;457
17;2025-12-14;0;181
17;2025-12-14;1;23
17;2025-12-14;2;0
17;2025-12-14;3;0
17;2025-12-14;4;3
17;2025-12-14;5;120
17;2025-12-14;6;446
17;2025-12-14;7;898
17;2025-12-14;8;1273
17;2025-12-14;9;1724
17;2025-12-14;10;2009
17;2025-12-14;11;2571
17;2025-12-14;12;3008
17;2025-12-14;13;3313
17;2025-12-14;14;3290
17;2025-12-14;15;3250
17;2025-12-14;16;3244
17;2025-12-14;17;3091
17;2025-12-14;18;2655
17;2025-12-14;19;2102
17;2025-12-14;20;1626
17;2025-12-14;21;1147
17;2025-12-14;22;680
17;2025-12-14;23;336
17;2025-12-15;0;126
17;2025-12-15;1;12
17;2025-12-15;2;0
17;2025-12-15;3;0
17;2025-12-15;4;26
17;2025-12-15;5;314
17;2025-12-15;6;1579
17;2025-12-15;7;4386
17;2025-12-15;8;5547
17;2025-12-15;9;3977
17;2025-12-15;10;3107
17;2025-12-15;11;3124
17;2025-12-15;12;3121
17;2025-12-15;13;3186
17;2025-12-15;14;3258
17;2025-12-15;15;3383
17;2025-12-15;16;3787
17;2025-12-15;17;4625
17;2025-12-15;18;4813
17;2025-12-15;19;3426
17;2025-12-15;20;2420
17;2025-12-15;21;1503
17;2025-12-15;22;748
17;2025-12-15;23;402
17;2025-12-16;0;126
17;2025-12-16;1;12
17;2025-12-16;2;0
17;2025-12-16;3;0
17;2025-12-16;4;26
17;2025-12-16;5;314
17;2025-12-16;6;1579
17;2025-12-16;7;4386
17;2025-12-16;8;5547
17;2025-12-16;9;3977
17;2025-12-16;10;3107
17;2025-12-16;11;3124
17;2025-12-16;12;3121
17;2025-12-16;13;3186
17;2025-12-16;14;3258
17;2025-12-16;15;3383
17;2025-12-16;16;3787
17;2025-12-16;17;4625
17;2025-12-16;18;4813
17;2025-12-16;19;3426
17;2025-12-16;20;2420
17;2025-12-16;21;1503
17;2025-12-16;22;748
17;2025-12-16;23;402
17;2025-12-17;0;126
17;2025-12-17;1;12
17;2025-12-17;2;0
17;2025-12-17;3;0
17;2025-12-17;4;26
17;2025-12-17;5;314
17;2025-12-17;6;1579
17;2025-12-17;7;4386
17;2025-12-17;8;5547
17;2025-12-17;9;3977
17;2025-12-17;10;3107
17;2025-12-17;11;3124
17;2025-12-17;12;3121
17;2025-12-17;13;3186
17;2025-12-17;14;3258
17;2025-12-17;15;3383
17;2025-12-17;16;3787
17;2025-12-17;17;4625
17;2025-12-17;18;4813
17;2025-12-17;19;3426
17;2025-12-17;20;2420
17;2025-12-17;21;1503
17;2025-12-17;22;748
17;2025-12-17;23;402
17;2025-12-18;0;126
17;2025-12-18;1;12
17;2025-12-18;2;0
17;2025-12-18;3;0
17;2025-12-18;4;26
17;2025-12-18;5;314
17;2025-12-18;6;1579
17;2025-12-18;7;4386
17;2025-12-18;8;5547
17;2025-12-18;9;3977
17;2025-12-18;10;3107
17;2025-12-18;11;3124
17;2025-12-18;12;3121
17;2025-12-18;13;3186
17;2025-12-18;14;3258
17;2025-12-18;15;3383
17;2025-12-18;16;3787
17;2025-12-18;17;4625
17;2025-12-18;18;4813
17;2025-12-18;19;3426
17;2025-12-18;20;2420
17;2025-12-18;21;1503
17;2025-12-18;22;748
17;2025-12-18;23;402
17;2025-12-19;0;126
17;2025-12-19;1;12
17;2025-12-19;2;0
17;2025-12-19;3;0
17;2025-12-19;4;26
17;2025-12-19;5;314
17;2025-12-19;6;1579
17;2025-12-19;7;4386
17;2025-12-19;8;5547
17;2025-12-19;9;3977
17;2025-12-19;10;3107
17;2025-12-19;11;3124
17;2025-12-19;12;3121
17;2025-12-19;13;3186
17;2025-12-19;14;3258
17;2025-12-19;15;3383
17;2025-12-19;16;3787
17;2025-12-19;17;4625
17;2025-12-19;18;4813
17;2025-12-19;19;3426
17;2025-12-19;20;2420
17;2025-12-19;21;1503
17;2025-12-19;22;748
17;2025-12-19;23;402
17;2025-12-20;0;217
17;2025-12-20;1;27
17;2025-12-20;2;0
17;2025-12-20;3;0
17;2025-12-20;4;5
17;2025-12-20;5;134
17;2025-12-20;6;597
17;2025-12-20;7;1314
17;2025-12-20;8;1830
17;2025-12-20;9;2249
17;2025-12-20;10;2549
17;2025-12-20;11;3031
17;2025-12-20;12;3358
17;2025-12-20;13;3653
17;2025-12-20;14;3491
17;2025-12-20;15;3494
17;2025-12-20;16;3629
17;2025-12-20;17;3382
17;2025-12-20;18;3092
17;2025-12-20;19;2287
17;2025-12-20;20;1887
17;2025-12-20;21;1403
17;2025-12-20;22;865
17;2025-12-20;23;457
17;2025-12-21;0;181
17;2025-12-21;1;23
17;2025-12-21;2;0
17;2025-12-21;3;0
17;2025-12-21;4;3
17;2025-12-21;5;120
17;2025-12-21;6;446
17;2025-12-21;7;898
17;2025-12-21;8;1273
17;2025-12-21;9;1724
17;2025-12-21;10;2009
17;2025-12-21;11;2571
17;2025-12-21;12;3008
17;2025-12-21;13;3313
17;2025-12-21;14;3290
17;2025-12-21;15;3250
17;2025-12-21;16;3244
17;2025-12-21;17;3091
17;2025-12-21;18;2655
17;2025-12-21;19;2102
17;2025-12-21;20;1626
17;2025-12-21;21;1147
17;2025-12-21;22;680
17;2025-12-21;23;336
17;2025-12-22;0;126
17;2025-12-22;1;12
17;2025-12-22;2;0
17;2025-12-22;3;0
17;2025-12-22;4;26
17;2025-12-22;5;314
17;2025-12-22;6;1579
17;2025-12-22;7;4386
17;2025-12-22;8;5547
17;2025-12-22;9;3977
17;2025-12-22;10;3107
17;2025-12-22;11;3124
17;2025-12-22;12;3121
17;2025-12-22;13;3186
17;2025-12-22;14;3258
17;2025-12-22;15;3383
17;2025-12-22;16;3787
17;2025-12-22;17;4625
17;2025-12-22;18;4813
17;2025-12-22;19;3426
17;2025-12-22;20;2420
17;2025-12-22;21;1503
17;2025-12-22;22;748
17;2025-12-22;23;402
17;2025-12-23;0;126
17;2025-12-23;1;12
17;2025-12-23;2;0
17;2025-12-23;3;0
17;2025-12-23;4;26
17;2025-12-23;5;314
17;2025-12-23;6;1579
17;2025-12-23;7;4386
17;2025-12-23;8;5547
17;2025-12-23;9;3977
17;2025-12-23;10;3107
17;2025-12-23;11;3124
17;2025-12-23;12;3121
17;2025-12-23;13;3186
17;2025-12-23;14;3258
17;2025-12-23;15;3383
17;2025-12-23;16;3787
17;2025-12-23;17;4625
17;2025-12-23;18;4813
17;2025-12-23;19;3426
17;2025-12-23;20;2420
17;2025-12-23;21;1503
17;2025-12-23;22;748
17;2025-12-23;23;402
17;2025-12-24;0;126
17;2025-12-24;1;12
17;2025-12-24;2;0
17;2025-12-24;3;0
17;2025-12-24;4;26
17;2025-12-24;5;314
17;2025-12-24;6;1579
17;2025-12-24;7;4386
17;2025-12-24;8;5547
17;2025-12-24;9;3977
17;2025-12-24;10;3107
17;2025-12-24;11;3124
17;2025-12-24;12;3121
17;2025-12-24;13;3186
17;2025-12-24;14;3258
17;2025-12-24;15;3383
17;2025-12-24;16;3787
17;2025-12-24;17;4625
17;2025-12-24;18;4813
17;2025-12-24;19;3426
17;2025-12-24;20;2420
17;2025-12-24;21;1503
17;2025-12-24;22;748
17;2025-12-24;23;402
17;2025-12-25;0;126
17;2025-12-25;1;12
17;2025-12-25;2;0
17;2025-12-25;3;0
17;2025-12-25;4;26
17;2025-12-25;5;314
17;2025-12-25;6;1579
17;2025-12-25;7;4386
17;2025-12-25;8;5547
17;2025-12-25;9;3977
17;2025-12-25;10;3107
17;2025-12-25;11;3124
17;2025-12-25;12;3121
17;2025-12-25;13;3186
17;2025-12-25;14;3258
17;2025-12-25;15;3383
17;2025-12-25;16;3787
17;2025-12-25;17;4625
17;2025-12-25;18;4813
17;2025-12-25;19;3426
17;2025-12-25;20;2420
17;2025-12-25;21;1503
17;2025-12-25;22;748
17;2025-12-25;23;402
17;2025-12-26;0;126
17;2025-12-26;1;12
17;2025-12-26;2;0
17;2025-12-26;3;0
17;2025-12-26;4;26
17;2025-12-26;5;314
17;2025-12-26;6;1579
17;2025-12-26;7;4386
17;2025-12-26;8;5547
17;2025-12-26;9;3977
17;2025-12-26;10;3107
17;2025-12-26;11;3124
17;2025-12-26;12;3121
17;2025-12-26;13;3186
17;2025-12-26;14;3258
17;2025-12-26;15;3383
17;2025-12-26;16;3787
17;2025-12-26;17;4625
17;2025-12-26;18;4813
17;2025-12-26;19;3426
17;2025-12-26;20;2420
17;2025-12-26;21;1503
17;2025-12-26;22;748
17;2025-12-26;23;402
17;2025-12-27;0;217
17;2025-12-27;1;27
17;2025-12-27;2;0
17;2025-12-27;3;0
17;2025-12-27;4;5
17;2025-12-27;5;134
17;2025-12-27;6;597
17;2025-12-27;7;1314
17;2025-12-27;8;1830
17;2025-12-27;9;2249
17;2025-12-27;10;2549
17;2025-12-27;11;3031
17;2025-12-27;12;3358
17;2025-12-27;13;3653
17;2025-12-27;14;3491
17;2025-12-27;15;3494
17;2025-12-27;16;3629
17;2025-12-27;17;3382
17;2025-12-27;18;3092
17;2025-12-27;19;2287
17;2025-12-27;20;1887
17;2025-12-27;21;1403
17;2025-12-27;22;865
17;2025-12-27;23;457
17;2025-12-28;0;181
17;2025-12-28;1;23
17;2025-12-28;2;0
17;2025-12-28;3;0
17;2025-12-28;4;3
17;2025-12-28;5;120
17;2025-12-28;6;446
17;2025-12-28;7;898
17;2025-12-28;8;1273
17;2025-12-28;9;1724
17;2025-12-28;10;2009
17;2025-12-28;11;2571
17;2025-12-28;12;3008
17;2025-12-28;13;3313
17;2025-12-28;14;3290
17;2025-12-28;15;3250
17;2025-12-28;16;3244
17;2025-12-28;17;3091
17;2025-12-28;18;2655
17;2025-12-28;19;2102
17;2025-12-28;20;1626
17;2025-12-28;21;1147
17;2025-12-28;22;680
17;2025-12-28;23;336
17;2025-12-29;0;107
17;2025-12-29;1;11
17;2025-12-29;2;0
17;2025-12-29;3;0
17;2025-12-29;4;22
17;2025-12-29;5;267
17;2025-12-29;6;1342
17;2025-12-29;7;3728
17;2025-12-29;8;4715
17;2025-12-29;9;3381
17;2025-12-29;10;2641
17;2025-12-29;11;2656
17;2025-12-29;12;2653
17;2025-12-29;13;2709
17;2025-12-29;14;2769
17;2025-12-29;15;2875
17;2025-12-29;16;3219
17;2025-12-29;17;3931
17;2025-12-29;18;4091
17;2025-12-29;19;2912
17;2025-12-29;20;2057
17;2025-12-29;21;1278
17;2025-12-29;22;635
17;2025-12-29;23;342
17;2025-12-30;0;107
17;2025-12-30;1;11
17;2025-12-30;2;0
17;2025-12-30;3;0
17;2025-12-30;4;22
17;2025-12-30;5;267
17;2025-12-30;6;1342
17;2025-12-30;7;3728
17;2025-12-30;8;4715
17;2025-12-30;9;3381
17;2025-12-30;10;2641
17;2025-12-30;11;2656
17;2025-12-30;12;2653
17;2025-12-30;13;2709
17;2025-12-30;14;2769
17;2025-12-30;15;2875
17;2025-12-30;16;3219
17;2025-12-30;17;3931
17;2025-12-30;18;4091
17;2025-12-30;19;2912
17;2025-12-30;20;2057
17;2025-12-30;21;1278
17;2025-12-30;22;635
17;2025-12-30;23;342
17;2025-12-31;0;155
17;2025-12-31;1;19
17;2025-12-31;2;0
17;2025-12-31;3;0
17;2025-12-31;4;3
17;2025-12-31;5;103
17;2025-12-31;6;381
17;2025-12-31;7;768
17;2025-12-31;8;1088
17;2025-12-31;9;1474
17;2025-12-31;10;1718
17;2025-12-31;11;2198
17;2025-12-31;12;2572
17;2025-12-31;13;2832
17;2025-12-31;14;2813
17;2025-12-31;15;2778
17;2025-12-31;16;2774
17;2025-12-31;17;2643
17;2025-12-31;18;2270
17;2025-12-31;19;1797
17;2025-12-31;20;0
17;2025-12-31;21;0
17;2025-12-31;22;0
17;2025-12-31;23;0
25;2025-11-01;0;0
25;2025-11-01;1;0
25;2025-11-01;2;0
25;2025-11-01;3;0
25;2025-11-01;4;0
25;2025-11-01;5;14
25;2025-11-01;6;223
25;2025-11-01;7;455
25;2025-11-01;8;745
25;2025-11-01;9;393
25;2025-11-01;10;305
25;2025-11-01;11;369
25;2025-11-01;12;352
25;2025-11-01;13;443
25;2025-11-01;14;403
25;2025-11-01;15;488
25;2025-11-01;16;597
25;2025-11-01;17;620
25;2025-11-01;18;643
25;2025-11-01;19;501
25;2025-11-01;20;269
25;2025-11-01;21;182
25;2025-11-01;22;81
25;2025-11-01;23;4
25;2025-11-02;0;16
25;2025-11-02;1;0
25;2025-11-02;2;0
25;2025-11-02;3;0
25;2025-11-02;4;0
25;2025-11-02;5;10
25;2025-11-02;6;98
25;2025-11-02;7;107
25;2025-11-02;8;189
25;2025-11-02;9;221
25;2025-11-02;10;221
25;2025-11-02;11;304
25;2025-11-02;12;372
25;2025-11-02;13;504
25;2025-11-02;14;499
25;2025-11-02;15;632
25;2025-11-02;16;516
25;2025-11-02;17;525
25;2025-11-02;18;420
25;2025-11-02;19;305
25;2025-11-02;20;248
25;2025-11-02;21;156
25;2025-11-02;22;97
25;2025-11-02;23;34
25;2025-11-03;0;15
25;2025-11-03;1;0
25;2025-11-03;2;0
25;2025-11-03;3;0
25;2025-11-03;4;0
25;2025-11-03;5;10
25;2025-11-03;6;93
25;2025-11-03;7;102
25;2025-11-03;8;179
25;2025-11-03;9;210
25;2025-11-03;10;210
25;2025-11-03;11;289
25;2025-11-03;12;353
25;2025-11-03;13;479
25;2025-11-03;14;474
25;2025-11-03;15;600
25;2025-11-03;16;491
25;2025-11-03;17;499
25;2025-11-03;18;399
25;2025-11-03;19;290
25;2025-11-03;20;235
25;2025-11-03;21;149
25;2025-11-03;22;92
25;2025-11-03;23;32
25;2025-11-04;0;15
25;2025-11-04;1;0
25;2025-11-04;2;0
25;2025-11-04;3;0
25;2025-11-04;4;0
25;2025-11-04;5;10
25;2025-11-04;6;93
25;2025-11-04;7;102
25;2025-11-04;8;179
25;2025-11-04;9;210
25;2025-11-04;10;210
25;2025-11-04;11;289
25;2025-11-04;12;353
25;2025-11-04;13;479
25;2025-11-04;14;474
25;2025-11-04;15;600
25;2025-11-04;16;491
25;2025-11-04;17;499
25;2025-11-04;18;399
25;2025-11-04;19;290
25;2025-11-04;20;235
25;2025-11-04;21;149
25;2025-11-04;22;92
25;2025-11-04;23;32
25;2025-11-05;0;0
25;2025-11-05;1;0
25;2025-11-05;2;0
25;2025-11-05;3;0
25;2025-11-05;4;0
25;2025-11-05;5;17
25;2025-11-05;6;263
25;2025-11-05;7;535
25;2025-11-05;8;876
25;2025-11-05;9;462
25;2025-11-05;10;359
25;2025-11-05;11;434
25;2025-11-05;12;414
25;2025-11-05;13;521
25;2025-11-05;14;474
25;2025-11-05;15;575
25;2025-11-05;16;702
25;2025-11-05;17;729
25;2025-11-05;18;756
25;2025-11-05;19;590
25;2025-11-05;20;317
25;2025-11-05;21;214
25;2025-11-05;22;95
25;2025-11-05;23;5
25;2025-11-06;0;0
25;2025-11-06;1;0
25;2025-11-06;2;0
25;2025-11-06;3;0
25;2025-11-06;4;0
25;2025-11-06;5;17
25;2025-11-06;6;263
25;2025-11-06;7;535
25;2025-11-06;8;876
25;2025-11-06;9;462
25;2025-11-06;10;359
25;2025-11-06;11;434
25;2025-11-06;12;414
25;2025-11-06;13;521
25;2025-11-06;14;474
25;2025-11-06;15;575
25;2025-11-06;16;702
25;2025-11-06;17;729
25;2025-11-06;18;756
25;2025-11-06;19;590
25;2025-11-06;20;317
25;2025-11-06;21;214
25;2025-11-06;22;95
25;2025-11-06;23;5
25;2025-11-07;0;0
25;2025-11-07;1;0
25;2025-11-07;2;0
25;2025-11-07;3;0
25;2025-11-07;4;0
25;2025-11-07;5;17
25;2025-11-07;6;263
25;2025-11-07;7;535
25;2025-11-07;8;876
25;2025-11-07;9;462
25;2025-11-07;10;359
25;2025-11-07;11;434
25;2025-11-07;12;414
25;2025-11-07;13;521
25;2025-11-07;14;474
25;2025-11-07;15;575
25;2025-11-07;16;702
25;2025-11-07;17;729
25;2025-11-07;18;756
25;2025-11-07;19;590
25;2025-11-07;20;317
25;2025-11-07;21;214
25;2025-11-07;22;95
25;2025-11-07;23;5
25;2025-11-08;0;0
25;2025-11-08;1;0
25;2025-11-08;2;0
25;2025-11-08;3;0
25;2025-11-08;4;0
25;2025-11-08;5;26
25;2025-11-08;6;149
25;2025-11-08;7;134
25;2025-11-08;8;312
25;2025-11-08;9;278
25;2025-11-08;10;254
25;2025-11-08;11;384
25;2025-11-08;12;376
25;2025-11-08;13;614
25;2025-11-08;14;629
25;2025-11-08;15;697
25;2025-11-08;16;603
25;2025-11-08;17;529
25;2025-11-08;18;533
25;2025-11-08;19;445
25;2025-11-08;20;265
25;2025-11-08;21;203
25;2025-11-08;22;121
25;2025-11-08;23;49
25;2025-11-09;0;16
25;2025-11-09;1;0
25;2025-11-09;2;0
25;2025-11-09;3;0
25;2025-11-09;4;0
25;2025-11-09;5;10
25;2025-11-09;6;98
25;2025-11-09;7;107
25;2025-11-09;8;189
25;2025-11-09;9;221
25;2025-11-09;10;221
25;2025-11-09;11;304
25;2025-11-09;12;372
25;2025-11-09;13;504
25;2025-11-09;14;499
25;2025-11-09;15;632
25;2025-11-09;16;516
25;2025-11-09;17;525
25;2025-11-09;18;420
25;2025-11-09;19;305
25;2025-11-09;20;248
25;2025-11-09;21;156
25;2025-11-09;22;97
25;2025-11-09;23;34
25;2025-11-10;0;0
25;2025-11-10;1;0
25;2025-11-10;2;0
25;2025-11-10;3;0
25;2025-11-10;4;0
25;2025-11-10;5;17
25;2025-11-10;6;263
25;2025-11-10;7;535
25;2025-11-10;8;876
25;2025-11-10;9;462
25;2025-11-10;10;359
25;2025-11-10;11;434
25;2025-11-10;12;414
25;2025-11-10;13;521
25;2025-11-10;14;474
25;2025-11-10;15;575
25;2025-11-10;16;702
25;2025-11-10;17;729
25;2025-11-10;18;756
25;2025-11-10;19;590
25;2025-11-10;20;317
25;2025-11-10;21;214
25;2025-11-10;22;95
25;2025-11-10;23;5
25;2025-11-11;0;0
25;2025-11-11;1;0
25;2025-11-11;2;0
25;2025-11-11;3;0
25;2025-11-11;4;0
25;2025-11-11;5;17
25;2025-11-11;6;263
25;2025-11-11;7;535
25;2025-11-11;8;876
25;2025-11-11;9;462
25;2025-11-11;10;359
25;2025-11-11;11;434
25;2025-11-11;12;414
25;2025-11-11;13;521
25;2025-11-11;14;474
25;2025-11-11;15;575
25;2025-11-11;16;702
25;2025-11-11;17;729
25;2025-11-11;18;756
25;2025-11-11;19;590
25;2025-11-11;20;317
25;2025-11-11;21;214
25;2025-11-11;22;95
25;2025-11-11;23;5
25;2025-11-12;0;0
25;2025-11-12;1;0
25;2025-11-12;2;0
25;2025-11-12;3;0
25;2025-11-12;4;0
25;2025-11-12;5;17
25;2025-11-12;6;263
25;2025-11-12;7;535
25;2025-11-12;8;876
25;2025-11-12;9;462
25;2025-11-12;10;359
25;2025-11-12;11;434
25;2025-11-12;12;414
25;2025-11-12;13;521
25;2025-11-12;14;474
25;2025-11-12;15;575
25;2025-11-12;16;702
25;2025-11-12;17;729
25;2025-11-12;18;756
25;2025-11-12;19;590
25;2025-11-12;20;317
25;2025-11-12;21;214
25;2025-11-12;22;95
25;2025-11-12;23;5
25;2025-11-13;0;0
25;2025-11-13;1;0
25;2025-11-13;2;0
25;2025-11-13;3;0
25;2025-11-13;4;0
25;2025-11-13;5;17
25;2025-11-13;6;263
25;2025-11-13;7;535
25;2025-11-13;8;876
25;2025-11-13;9;462
25;2025-11-13;10;359
25;2025-11-13;11;434
25;2025-11-13;12;414
25;2025-11-13;13;521
25;2025-11-13;14;474
25;2025-11-13;15;575
25;2025-11-13;16;702
25;2025-11-13;17;729
25;2025-11-13;18;756
25;2025-11-13;19;590
25;2025-11-13;20;317
25;2025-11-13;21;214
25;2025-11-13;22;95
25;2025-11-13;23;5
25;2025-11-14;0;0
25;2025-11-14;1;0
25;2025-11-14;2;0
25;2025-11-14;3;0
25;2025-11-14;4;0
25;2025-11-14;5;17
25;2025-11-14;6;263
25;2025-11-14;7;535
25;2025-11-14;8;876
25;2025-11-14;9;462
25;2025-11-14;10;359
25;2025-11-14;11;434
25;2025-11-14;12;414
25;2025-11-14;13;521
25;2025-11-14;14;474
25;2025-11-14;15;575
25;2025-11-14;16;702
25;2025-11-14;17;729
25;2025-11-14;18;756
25;2025-11-14;19;590
25;2025-11-14;20;317
25;2025-11-14;21;214
25;2025-11-14;22;95
25;2025-11-14;23;5
25;2025-11-15;0;0
25;2025-11-15;1;0
25;2025-11-15;2;0
25;2025-11-15;3;0
25;2025-11-15;4;0
25;2025-11-15;5;26
25;2025-11-15;6;149
25;2025-11-15;7;134
25;2025-11-15;8;312
25;2025-11-15;9;278
25;2025-11-15;10;254
25;2025-11-15;11;384
25;2025-11-15;12;376
25;2025-11-15;13;614
25;2025-11-15;14;629
25;2025-11-15;15;697
25;2025-11-15;16;603
25;2025-11-15;17;529
25;2025-11-15;18;533
25;2025-11-15;19;445
25;2025-11-15;20;265
25;2025-11-15;21;203
25;2025-11-15;22;121
25;2025-11-15;23;49
25;2025-11-16;0;16
25;2025-11-16;1;0
25;2025-11-16;2;0
25;2025-11-16;3;0
25;2025-11-16;4;0
25;2025-11-16;5;10
25;2025-11-16;6;98
25;2025-11-16;7;107
25;2025-11-16;8;189
25;2025-11-16;9;221
25;2025-11-16;10;221
25;2025-11-16;11;304
25;2025-11-16;12;372
25;2025-11-16;13;504
25;2025-11-16;14;499
25;2025-11-16;15;632
25;2025-11-16;16;516
25;2025-11-16;17;525
25;2025-11-16;18;420
25;2025-11-16;19;305
25;2025-11-16;20;248
25;2025-11-16;21;156
25;2025-11-16;22;97
25;2025-11-16;23;34
25;2025-11-17;0;0
25;2025-11-17;1;0
25;2025-11-17;2;0
25;2025-11-17;3;0
25;2025-11-17;4;0
25;2025-11-17;5;17
25;2025-11-17;6;263
25;2025-11-17;7;535
25;2025-11-17;8;876
25;2025-11-17;9;462
25;2025-11-17;10;359
25;2025-11-17;11;434
25;2025-11-17;12;414
25;2025-11-17;13;521
25;2025-11-17;14;474
25;2025-11-17;15;575
25;2025-11-17;16;702
25;2025-11-17;17;729
25;2025-11-17;18;756
25;2025-11-17;19;590
25;2025-11-17;20;317
25;2025-11-17;21;214
25;2025-11-17;22;95
25;2025-11-17;23;5
25;2025-11-18;0;0
25;2025-11-18;1;0
25;2025-11-18;2;0
25;2025-11-18;3;0
25;2025-11-18;4;0
25;2025-11-18;5;17
25;2025-11-18;6;263
25;2025-11-18;7;535
25;2025-11-18;8;876
25;2025-11-18;9;462
25;2025-11-18;10;359
25;2025-11-18;11;434
25;2025-11-18;12;414
25;2025-11-18;13;521
25;2025-11-18;14;474
25;2025-11-18;15;575
25;2025-11-18;16;702
25;2025-11-18;17;729
25;2025-11-18;18;756
25;2025-11-18;19;590
25;2025-11-18;20;317
25;2025-11-18;21;214
25;2025-11-18;22;95
25;2025-11-18;23;5
25;2025-11-19;0;0
25;2025-11-19;1;0
25;2025-11-19;2;0
25;2025-11-19;3;0
25;2025-11-19;4;0
25;2025-11-19;5;17
25;2025-11-19;6;263
25;2025-11-19;7;535
25;2025-11-19;8;876
25;2025-11-19;9;462
25;2025-11-19;10;359
25;2025-11-19;11;434
25;2025-11-19;12;414
25;2025-11-19;13;521
25;2025-11-19;14;474
25;2025-11-19;15;575
25;2025-11-19;16;702
25;2025-11-19;17;729
25;2025-11-19;18;756
25;2025-11-19;19;590
25;2025-11-19;20;317
25;2025-11-19;21;214
25;2025-11-19;22;95
25;2025-11-19;23;5
25;2025-11-20;0;0
25;2025-11-20;1;0
25;2025-11-20;2;0
25;2025-11-20;3;0
25;2025-11-20;4;0
25;2025-11-20;5;17
25;2025-11-20;6;263
25;2025-11-20;7;535
25;2025-11-20;8;876
25;2025-11-20;9;462
25;2025-11-20;10;359
25;2025-11-20;11;434
25;2025-11-20;12;414
25;2025-11-20;13;521
25;2025-11-20;14;474
25;2025-11-20;15;575
25;2025-11-20;16;702
25;2025-11-20;17;729
25;2025-11-20;18;756
25;2025-11-20;19;590
25;2025-11-20;20;317
25;2025-11-20;21;214
25;2025-11-20;22;95
25;2025-11-20;23;5
25;2025-11-21;0;0
25;2025-11-21;1;0
25;2025-11-21;2;0
25;2025-11-21;3;0
25;2025-11-21;4;0
25;2025-11-21;5;17
25;2025-11-21;6;263
25;2025-11-21;7;535
25;2025-11-21;8;876
25;2025-11-21;9;462
25;2025-11-21;10;359
25;2025-11-21;11;434
25;2025-11-21;12;414
25;2025-11-21;13;521
25;2025-11-21;14;474
25;2025-11-21;15;575
25;2025-11-21;16;702
25;2025-11-21;17;729
25;2025-11-21;18;756
25;2025-11-21;19;590
25;2025-11-21;20;317
25;2025-11-21;21;214
25;2025-11-21;22;95
25;2025-11-21;23;5
25;2025-11-22;0;0
25;2025-11-22;1;0
25;2025-11-22;2;0
25;2025-11-22;3;0
25;2025-11-22;4;0
25;2025-11-22;5;26
25;2025-11-22;6;149
25;2025-11-22;7;134
25;2025-11-22;8;312
25;2025-11-22;9;278
25;2025-11-22;10;254
25;2025-11-22;11;384
25;2025-11-22;12;376
25;2025-11-22;13;614
25;2025-11-22;14;629
25;2025-11-22;15;697
25;2025-11-22;16;603
25;2025-11-22;17;529
25;2025-11-22;18;533
25;2025-11-22;19;445
25;2025-11-22;20;265
25;2025-11-22;21;203
25;2025-11-22;22;121
25;2025-11-22;23;49
25;2025-11-23;0;16
25;2025-11-23;1;0
25;2025-11-23;2;0
25;2025-11-23;3;0
25;2025-11-23;4;0
25;2025-11-23;5;10
25;2025-11-23;6;98
25;2025-11-23;7;107
25;2025-11-23;8;189
25;2025-11-23;9;221
25;2025-11-23;10;221
25;2025-11-23;11;304
25;2025-11-23;12;372
25;2025-11-23;13;504
25;2025-11-23;14;499
25;2025-11-23;15;632
25;2025-11-23;16;516
25;2025-11-23;17;525
25;2025-11-23;18;420
25;2025-11-23;19;305
25;2025-11-23;20;248
25;2025-11-23;21;156
25;2025-11-23;22;97
25;2025-11-23;23;34
25;2025-11-24;0;0
25;2025-11-24;1;0
25;2025-11-24;2;0
25;2025-11-24;3;0
25;2025-11-24;4;0
25;2025-11-24;5;17
25;2025-11-24;6;263
25;2025-11-24;7;535
25;2025-11-24;8;876
25;2025-11-24;9;462
25;2025-11-24;10;359
25;2025-11-24;11;434
25;2025-11-24;12;414
25;2025-11-24;13;521
25;2025-11-24;14;474
25;2025-11-24;15;575
25;2025-11-24;16;702
25;2025-11-24;17;729
25;2025-11-24;18;756
25;2025-11-24;19;590
25;2025-11-24;20;317
25;2025-11-24;21;214
25;2025-11-24;22;95
25;2025-11-24;23;5
25;2025-11-25;0;0
25;2025-11-25;1;0
25;2025-11-25;2;0
25;2025-11-25;3;0
25;2025-11-25;4;0
25;2025-11-25;5;17
25;2025-11-25;6;263
25;2025-11-25;7;535
25;2025-11-25;8;876
25;2025-11-25;9;462
25;2025-11-25;10;359
25;2025-11-25;11;434
25;2025-11-25;12;414
25;2025-11-25;13;521
25;2025-11-25;14;474
25;2025-11-25;15;575
25;2025-11-25;16;702
25;2025-11-25;17;729
25;2025-11-25;18;756
25;2025-11-25;19;590
25;2025-11-25;20;317
25;2025-11-25;21;214
25;2025-11-25;22;95
25;2025-11-25;23;5
25;2025-11-26;0;0
25;2025-11-26;1;0
25;2025-11-26;2;0
25;2025-11-26;3;0
25;2025-11-26;4;0
25;2025-11-26;5;17
25;2025-11-26;6;263
25;2025-11-26;7;535
25;2025-11-26;8;876
25;2025-11-26;9;462
25;2025-11-26;10;359
25;2025-11-26;11;434
25;2025-11-26;12;414
25;2025-11-26;13;521
25;2025-11-26;14;474
25;2025-11-26;15;575
25;2025-11-26;16;702
25;2025-11-26;17;729
25;2025-11-26;18;756
25;2025-11-26;19;590
25;2025-11-26;20;317
25;2025-11-26;21;214
25;2025-11-26;22;95
25;2025-11-26;23;5
25;2025-11-27;0;0
25;2025-11-27;1;0
25;2025-11-27;2;0
25;2025-11-27;3;0
25;2025-11-27;4;0
25;2025-11-27;5;17
25;2025-11-27;6;263
25;2025-11-27;7;535
25;2025-11-27;8;876
25;2025-11-27;9;462
25;2025-11-27;10;359
25;2025-11-27;11;434
25;2025-11-27;12;414
25;2025-11-27;13;521
25;2025-11-27;14;474
25;2025-11-27;15;575
25;2025-11-27;16;702
25;2025-11-27;17;729
25;2025-11-27;18;756
25;2025-11-27;19;590
25;2025-11-27;20;317
25;2025-11-27;21;214
25;2025-11-27;22;95
25;2025-11-27;23;5
25;2025-11-28;0;0
25;2025-11-28;1;0
25;2025-11-28;2;0
25;2025-11-28;3;0
25;2025-11-28;4;0
25;2025-11-28;5;17
25;2025-11-28;6;263
25;2025-11-28;7;535
25;2025-11-28;8;876
25;2025-11-28;9;462
25;2025-11-28;10;359
25;2025-11-28;11;434
25;2025-11-28;12;414
25;2025-11-28;13;521
25;2025-11-28;14;474
25;2025-11-28;15;575
25;2025-11-28;16;702
25;2025-11-28;17;729
25;2025-11-28;18;756
25;2025-11-28;19;590
25;2025-11-28;20;317
25;2025-11-28;21;214
25;2025-11-28;22;95
25;2025-11-28;23;5
25;2025-11-29;0;0
25;2025-11-29;1;0
25;2025-11-29;2;0
25;2025-11-29;3;0
25;2025-11-29;4;0
25;2025-11-29;5;26
25;2025-11-29;6;149
25;2025-11-29;7;134
25;2025-11-29;8;312
25;2025-11-29;9;278
25;2025-11-29;10;254
25;2025-11-29;11;384
25;2025-11-29;12;376
25;2025-11-29;13;614
25;2025-11-29;14;629
25;2025-11-29;15;697
25;2025-11-29;16;603
25;2025-11-29;17;529
25;2025-11-29;18;533
25;2025-11-29;19;445
25;2025-11-29;20;265
25;2025-11-29;21;203
25;2025-11-29;22;121
25;2025-11-29;23;49
25;2025-11-30;0;16
25;2025-11-30;1;0
25;2025-11-30;2;0
25;2025-11-30;3;0
25;2025-11-30;4;0
25;2025-11-30;5;10
25;2025-11-30;6;98
25;2025-11-30;7;107
25;2025-11-30;8;189
25;2025-11-30;9;221
25;2025-11-30;10;221
25;2025-11-30;11;304
25;2025-11-30;12;372
25;2025-11-30;13;504
25;2025-11-30;14;499
25;2025-11-30;15;632
25;2025-11-30;16;516
25;2025-11-30;17;525
25;2025-11-30;18;420
25;2025-11-30;19;305
25;2025-11-30;20;248
25;2025-11-30;21;156
25;2025-11-30;22;97
25;2025-11-30;23;34
25;2025-12-01;0;0
25;2025-12-01;1;0
25;2025-12-01;2;0
25;2025-12-01;3;0
25;2025-12-01;4;0
25;2025-12-01;5;18
25;2025-12-01;6;271
25;2025-12-01;7;552
25;2025-12-01;8;904
25;2025-12-01;9;477
25;2025-12-01;10;370
25;2025-12-01;11;448
25;2025-12-01;12;427
25;2025-12-01;13;538
25;2025-12-01;14;489
25;2025-12-01;15;592
25;2025-12-01;16;724
25;2025-12-01;17;752
25;2025-12-01;18;780
25;2025-12-01;19;608
25;2025-12-01;20;327
25;2025-12-01;21;220
25;2025-12-01;22;98
25;2025-12-01;23;5
25;2025-12-02;0;0
25;2025-12-02;1;0
25;2025-12-02;2;0
25;2025-12-02;3;0
25;2025-12-02;4;0
25;2025-12-02;5;18
25;2025-12-02;6;271
25;2025-12-02;7;552
25;2025-12-02;8;904
25;2025-12-02;9;477
25;2025-12-02;10;370
25;2025-12-02;11;448
25;2025-12-02;12;427
25;2025-12-02;13;538
25;2025-12-02;14;489
25;2025-12-02;15;592
25;2025-12-02;16;724
25;2025-12-02;17;752
25;2025-12-02;18;780
25;2025-12-02;19;608
25;2025-12-02;20;327
25;2025-12-02;21;220
25;2025-12-02;22;98
25;2025-12-02;23;5
25;2025-12-03;0;0
25;2025-12-03;1;0
25;2025-12-03;2;0
25;2025-12-03;3;0
25;2025-12-03;4;0
25;2025-12-03;5;18
25;2025-12-03;6;271
25;2025-12-03;7;552
25;2025-12-03;8;904
25;2025-12-03;9;477
25;2025-12-03;10;370
25;2025-12-03;11;448
25;2025-12-03;12;427
25;2025-12-03;13;538
25;2025-12-03;14;489
25;2025-12-03;15;592
25;2025-12-03;16;724
25;2025-12-03;17;752
25;2025-12-03;18;780
25;2025-12-03;19;608
25;2025-12-03;20;327
25;2025-12-03;21;220
25;2025-12-03;22;98
25;2025-12-03;23;5
25;2025-12-04;0;0
25;2025-12-04;1;0
25;2025-12-04;2;0
25;2025-12-04;3;0
25;2025-12-04;4;0
25;2025-12-04;5;18
25;2025-12-04;6;271
25;2025-12-04;7;552
25;2025-12-04;8;904
25;2025-12-04;9;477
25;2025-12-04;10;370
25;2025-12-04;11;448
25;2025-12-04;12;427
25;2025-12-04;13;538
25;2025-12-04;14;489
25;2025-12-04;15;592
25;2025-12-04;16;724
25;2025-12-04;17;752
25;2025-12-04;18;780
25;2025-12-04;19;608
25;2025-12-04;20;327
25;2025-12-04;21;220
25;2025-12-04;22;98
25;2025-12-04;23;5
25;2025-12-05;0;0
25;2025-12-05;1;0
25;2025-12-05;2;0
25;2025-12-05;3;0
25;2025-12-05;4;0
25;2025-12-05;5;18
25;2025-12-05;6;271
25;2025-12-05;7;552
25;2025-12-05;8;904
25;2025-12-05;9;477
25;2025-12-05;10;370
25;2025-12-05;11;448
25;2025-12-05;12;427
25;2025-12-05;13;538
25;2025-12-05;14;489
25;2025-12-05;15;592
25;2025-12-05;16;724
25;2025-12-05;17;752
25;2025-12-05;18;780
25;2025-12-05;19;608
25;2025-12-05;20;327
25;2025-12-05;21;220
25;2025-12-05;22;98
25;2025-12-05;23;5
25;2025-12-06;0;0
25;2025-12-06;1;0
25;2025-12-06;2;0
25;2025-12-06;3;0
25;2025-12-06;4;0
25;2025-12-06;5;27
25;2025-12-06;6;154
25;2025-12-06;7;139
25;2025-12-06;8;322
25;2025-12-06;9;286
25;2025-12-06;10;262
25;2025-12-06;11;396
25;2025-12-06;12;388
25;2025-12-06;13;633
25;2025-12-06;14;648
25;2025-12-06;15;719
25;2025-12-06;16;621
25;2025-12-06;17;546
25;2025-12-06;18;550
25;2025-12-06;19;459
25;2025-12-06;20;273
25;2025-12-06;21;209
25;2025-12-06;22;125
25;2025-12-06;23;51
25;2025-12-07;0;17
25;2025-12-07;1;0
25;2025-12-07;2;0
25;2025-12-07;3;0
25;2025-12-07;4;0
25;2025-12-07;5;10
25;2025-12-07;6;101
25;2025-12-07;7;111
25;2025-12-07;8;194
25;2025-12-07;9;227
25;2025-12-07;10;227
25;2025-12-07;11;313
25;2025-12-07;12;384
25;2025-12-07;13;520
25;2025-12-07;14;515
25;2025-12-07;15;651
25;2025-12-07;16;532
25;2025-12-07;17;542
25;2025-12-07;18;433
25;2025-12-07;19;314
25;2025-12-07;20;255
25;2025-12-07;21;161
25;2025-12-07;22;100
25;2025-12-07;23;35
25;2025-12-08;0;0
25;2025-12-08;1;0
25;2025-12-08;2;0
25;2025-12-08;3;0
25;2025-12-08;4;0
25;2025-12-08;5;18
25;2025-12-08;6;271
25;2025-12-08;7;552
25;2025-12-08;8;904
25;2025-12-08;9;477
25;2025-12-08;10;370
25;2025-12-08;11;448
25;2025-12-08;12;427
25;2025-12-08;13;538
25;2025-12-08;14;489
25;2025-12-08;15;592
25;2025-12-08;16;724
25;2025-12-08;17;752
25;2025-12-08;18;780
25;2025-12-08;19;608
25;2025-12-08;20;327
25;2025-12-08;21;220
25;2025-12-08;22;98
25;2025-12-08;23;5
25;2025-12-09;0;0
25;2025-12-09;1;0
25;2025-12-09;2;0
25;2025-12-09;3;0
25;2025-12-09;4;0
25;2025-12-09;5;18
25;2025-12-09;6;271
25;2025-12-09;7;552
25;2025-12-09;8;904
25;2025-12-09;9;477
25;2025-12-09;10;370
25;2025-12-09;11;448
25;2025-12-09;12;427
25;2025-12-09;13;538
25;2025-12-09;14;489
25;2025-12-09;15;592
25;2025-12-09;16;724
25;2025-12-09;17;752
25;2025-12-09;18;780
25;2025-12-09;19;608
25;2025-12-09;20;327
25;2025-12-09;21;220
25;2025-12-09;22;98
25;2025-12-09;23;5
25;2025-12-10;0;0
25;2025-12-10;1;0
25;2025-12-10;2;0
25;2025-12-10;3;0
25;2025-12-10;4;0
25;2025-12-10;5;18
25;2025-12-10;6;271
25;2025-12-10;7;552
25;2025-12-10;8;904
25;2025-12-10;9;477
25;2025-12-10;10;370
25;2025-12-10;11;448
25;2025-12-10;12;427
25;2025-12-10;13;538
25;2025-12-10;14;489
25;2025-12-10;15;592
25;2025-12-10;16;724
25;2025-12-10;17;752
25;2025-12-10;18;780
25;2025-12-10;19;608
25;2025-12-10;20;327
25;2025-12-10;21;220
25;2025-12-10;22;98
25;2025-12-10;23;5
25;2025-12-11;0;0
25;2025-12-11;1;0
25;2025-12-11;2;0
25;2025-12-11;3;0
25;2025-12-11;4;0
25;2025-12-11;5;18
25;2025-12-11;6;271
25;2025-12-11;7;552
25;2025-12-11;8;904
25;2025-12-11;9;477
25;2025-12-11;10;370
25;2025-12-11;11;448
25;2025-12-11;12;427
25;2025-12-11;13;538
25;2025-12-11;14;489
25;2025-12-11;15;592
25;2025-12-11;16;724
25;2025-12-11;17;752
25;2025-12-11;18;780
25;2025-12-11;19;608
25;2025-12-11;20;327
25;2025-12-11;21;220
25;2025-12-11;22;98
25;2025-12-11;23;5
25;2025-12-12;0;0
25;2025-12-12;1;0
25;2025-12-12;2;0
25;2025-12-12;3;0
25;2025-12-12;4;0
25;2025-12-12;5;18
25;2025-12-12;6;271
25;2025-12-12;7;552
25;2025-12-12;8;904
25;2025-12-12;9;477
25;2025-12-12;10;370
25;2025-12-12;11;448
25;2025-12-12;12;427
25;2025-12-12;13;538
25;2025-12-12;14;489
25;2025-12-12;15;592
25;2025-12-12;16;724
25;2025-12-12;17;752
25;2025-12-12;18;780
25;2025-12-12;19;608
25;2025-12-12;20;327
25;2025-12-12;21;220
25;2025-12-12;22;98
25;2025-12-12;23;5
25;2025-12-13;0;0
25;2025-12-13;1;0
25;2025-12-13;2;0
25;2025-12-13;3;0
25;2025-12-13;4;0
25;2025-12-13;5;27
25;2025-12-13;6;154
25;2025-12-13;7;139
25;2025-12-13;8;322
25;2025-12-13;9;286
25;2025-12-13;10;262
25;2025-12-13;11;396
25;2025-12-13;12;388
25;2025-12-13;13;633
25;2025-12-13;14;648
25;2025-12-13;15;719
25;2025-12-13;16;621
25;2025-12-13;17;546
25;2025-12-13;18;550
25;2025-12-13;19;459
25;2025-12-13;20;273
25;2025-12-13;21;209
25;2025-12-13;22;125
25;2025-12-13;23;51
25;2025-12-14;0;17
25;2025-12-14;1;0
25;2025-12-14;2;0
25;2025-12-14;3;0
25;2025-12-14;4;0
25;2025-12-14;5;10
25;2025-12-14;6;101
25;2025-12-14;7;111
25;2025-12-14;8;194
25;2025-12-14;9;227
25;2025-12-14;10;227
25;2025-12-14;11;313
25;2025-12-14;12;384
25;2025-12-14;13;520
25;2025-12-14;14;515
25;2025-12-14;15;651
25;2025-12-14;16;532
25;2025-12-14;17;542
25;2025-12-14;18;433
25;2025-12-14;19;314
25;2025-12-14;20;255
25;2025-12-14;21;161
25;2025-12-14;22;100
25;2025-12-14;23;35
25;2025-12-15;0;0
25;2025-12-15;1;0
25;2025-12-15;2;0
25;2025-12-15;3;0
25;2025-12-15;4;0
25;2025-12-15;5;18
25;2025-12-15;6;271
25;2025-12-15;7;552
25;2025-12-15;8;904
25;2025-12-15;9;477
25;2025-12-15;10;370
25;2025-12-15;11;448
25;2025-12-15;12;427
25;2025-12-15;13;538
25;2025-12-15;14;489
25;2025-12-15;15;592
25;2025-12-15;16;724
25;2025-12-15;17;752
25;2025-12-15;18;780
25;2025-12-15;19;608
25;2025-12-15;20;327
25;2025-12-15;21;220
25;2025-12-15;22;98
25;2025-12-15;23;5
25;2025-12-16;0;0
25;2025-12-16;1;0
25;2025-12-16;2;0
25;2025-12-16;3;0
25;2025-12-16;4;0
25;2025-12-16;5;18
25;2025-12-16;6;271
25;2025-12-16;7;552
25;2025-12-16;8;904
25;2025-12-16;9;477
25;2025-12-16;10;370
25;2025-12-16;11;448
25;2025-12-16;12;427
25;2025-12-16;13;538
25;2025-12-16;14;489
25;2025-12-16;15;592
25;2025-12-16;16;724
25;2025-12-16;17;752
25;2025-12-16;18;780
25;2025-12-16;19;608
25;2025-12-16;20;327
25;2025-12-16;21;220
25;2025-12-16;22;98
25;2025-12-16;23;5
25;2025-12-17;0;0
25;2025-12-17;1;0
25;2025-12-17;2;0
25;2025-12-17;3;0
25;2025-12-17;4;0
25;2025-12-17;5;18
25;2025-12-17;6;271
25;2025-12-17;7;552
25;2025-12-17;8;904
25;2025-12-17;9;477
25;2025-12-17;10;370
25;2025-12-17;11;448
25;2025-12-17;12;427
25;2025-12-17;13;538
25;2025-12-17;14;489
25;2025-12-17;15;592
25;2025-12-17;16;724
25;2025-12-17;17;752
25;2025-12-17;18;780
25;2025-12-17;19;608
25;2025-12-17;20;327
25;2025-12-17;21;220
25;2025-12-17;22;98
25;2025-12-17;23;5
25;2025-12-18;0;0
25;2025-12-18;1;0
25;2025-12-18;2;0
25;2025-12-18;3;0
25;2025-12-18;4;0
25;2025-12-18;5;18
25;2025-12-18;6;271
25;2025-12-18;7;552
25;2025-12-18;8;904
25;2025-12-18;9;477
25;2025-12-18;10;370
25;2025-12-18;11;448
25;2025-12-18;12;427
25;2025-12-18;13;538
25;2025-12-18;14;489
25;2025-12-18;15;592
25;2025-12-18;16;724
25;2025-12-18;17;752
25;2025-12-18;18;780
25;2025-12-18;19;608
25;2025-12-18;20;327
25;2025-12-18;21;220
25;2025-12-18;22;98
25;2025-12-18;23;5
25;2025-12-19;0;0
25;2025-12-19;1;0
25;2025-12-19;2;0
25;2025-12-19;3;0
25;2025-12-19;4;0
25;2025-12-19;5;18
25;2025-12-19;6;271
25;2025-12-19;7;552
25;2025-12-19;8;904
25;2025-12-19;9;477
25;2025-12-19;10;370
25;2025-12-19;11;448
25;2025-12-19;12;427
25;2025-12-19;13;538
25;2025-12-19;14;489
25;2025-12-19;15;592
25;2025-12-19;16;724
25;2025-12-19;17;752
25;2025-12-19;18;780
25;2025-12-19;19;608
25;2025-12-19;20;327
25;2025-12-19;21;220
25;2025-12-19;22;98
25;2025-12-19;23;5
25;2025-12-20;0;0
25;2025-12-20;1;0
25;2025-12-20;2;0
25;2025-12-20;3;0
25;2025-12-20;4;0
25;2025-12-20;5;27
25;2025-12-20;6;154
25;2025-12-20;7;139
25;2025-12-20;8;322
25;2025-12-20;9;286
25;2025-12-20;10;262
25;2025-12-20;11;396
25;2025-12-20;12;388
25;2025-12-20;13;633
25;2025-12-20;14;648
25;2025-12-20;15;719
25;2025-12-20;16;621
25;2025-12-20;17;546
25;2025-12-20;18;550
25;2025-12-20;19;459
25;2025-12-20;20;273
25;2025-12-20;21;209
25;2025-12-20;22;125
25;2025-12-20;23;51
25;2025-12-21;0;17
25;2025-12-21;1;0
25;2025-12-21;2;0
25;2025-12-21;3;0
25;2025-12-21;4;0
25;2025-12-21;5;10
25;2025-12-21;6;101
25;2025-12-21;7;111
25;2025-12-21;8;194
25;2025-12-21;9;227
25;2025-12-21;10;227
25;2025-12-21;11;313
25;2025-12-21;12;384
25;2025-12-21;13;520
25;2025-12-21;14;515
25;2025-12-21;15;651
25;2025-12-21;16;532
25;2025-12-21;17;542
25;2025-12-21;18;433
25;2025-12-21;19;314
25;2025-12-21;20;255
25;2025-12-21;21;161
25;2025-12-21;22;100
25;2025-12-21;23;35
25;2025-12-22;0;0
25;2025-12-22;1;0
25;2025-12-22;2;0
25;2025-12-22;3;0
25;2025-12-22;4;0
25;2025-12-22;5;18
25;2025-12-22;6;271
25;2025-12-22;7;552
25;2025-12-22;8;904
25;2025-12-22;9;477
25;2025-12-22;10;370
25;2025-12-22;11;448
25;2025-12-22;12;427
25;2025-12-22;13;538
25;2025-12-22;14;489
25;2025-12-22;15;592
25;2025-12-22;16;724
25;2025-12-22;17;752
25;2025-12-22;18;780
25;2025-12-22;19;608
25;2025-12-22;20;327
25;2025-12-22;21;220
25;2025-12-22;22;98
25;2025-12-22;23;5
25;2025-12-23;0;0
25;2025-12-23;1;0
25;2025-12-23;2;0
25;2025-12-23;3;0
25;2025-12-23;4;0
25;2025-12-23;5;18
25;2025-12-23;6;271
25;2025-12-23;7;552
25;2025-12-23;8;904
25;2025-12-23;9;477
25;2025-12-23;10;370
25;2025-12-23;11;448
25;2025-12-23;12;427
25;2025-12-23;13;538
25;2025-12-23;14;489
25;2025-12-23;15;592
25;2025-12-23;16;724
25;2025-12-23;17;752
25;2025-12-23;18;780
25;2025-12-23;19;608
25;2025-12-23;20;327
25;2025-12-23;21;220
25;2025-12-23;22;98
25;2025-12-23;23;5
25;2025-12-24;0;0
25;2025-12-24;1;0
25;2025-12-24;2;0
25;2025-12-24;3;0
25;2025-12-24;4;0
25;2025-12-24;5;18
25;2025-12-24;6;271
25;2025-12-24;7;552
25;2025-12-24;8;904
25;2025-12-24;9;477
25;2025-12-24;10;370
25;2025-12-24;11;448
25;2025-12-24;12;427
25;2025-12-24;13;538
25;2025-12-24;14;489
25;2025-12-24;15;592
25;2025-12-24;16;724
25;2025-12-24;17;752
25;2025-12-24;18;780
25;2025-12-24;19;608
25;2025-12-24;20;327
25;2025-12-24;21;220
25;2025-12-24;22;98
25;2025-12-24;23;5
25;2025-12-25;0;0
25;2025-12-25;1;0
25;2025-12-25;2;0
25;2025-12-25;3;0
25;2025-12-25;4;0
25;2025-12-25;5;18
25;2025-12-25;6;271
25;2025-12-25;7;552
25;2025-12-25;8;904
25;2025-12-25;9;477
25;2025-12-25;10;370
25;2025-12-25;11;448
25;2025-12-25;12;427
25;2025-12-25;13;538
25;2025-12-25;14;489
25;2025-12-25;15;592
25;2025-12-25;16;724
25;2025-12-25;17;752
25;2025-12-25;18;780
25;2025-12-25;19;608
25;2025-12-25;20;327
25;2025-12-25;21;220
25;2025-12-25;22;98
25;2025-12-25;23;5
25;2025-12-26;0;0
25;2025-12-26;1;0
25;2025-12-26;2;0
25;2025-12-26;3;0
25;2025-12-26;4;0
25;2025-12-26;5;18
25;2025-12-26;6;271
25;2025-12-26;7;552
25;2025-12-26;8;904
25;2025-12-26;9;477
25;2025-12-26;10;370
25;2025-12-26;11;448
25;2025-12-26;12;427
25;2025-12-26;13;538
25;2025-12-26;14;489
25;2025-12-26;15;592
25;2025-12-26;16;724
25;2025-12-26;17;752
25;2025-12-26;18;780
25;2025-12-26;19;608
25;2025-12-26;20;327
25;2025-12-26;21;220
25;2025-12-26;22;98
25;2025-12-26;23;5
25;2025-12-27;0;0
25;2025-12-27;1;0
25;2025-12-27;2;0
25;2025-12-27;3;0
25;2025-12-27;4;0
25;2025-12-27;5;27
25;2025-12-27;6;154
25;2025-12-27;7;139
25;2025-12-27;8;322
25;2025-12-27;9;286
25;2025-12-27;10;262
25;2025-12-27;11;396
25;2025-12-27;12;388
25;2025-12-27;13;633
25;2025-12-27;14;648
25;2025-12-27;15;719
25;2025-12-27;16;621
25;2025-12-27;17;546
25;2025-12-27;18;550
25;2025-12-27;19;459
25;2025-12-27;20;273
25;2025-12-27;21;209
25;2025-12-27;22;125
25;2025-12-27;23;51
25;2025-12-28;0;17
25;2025-12-28;1;0
25;2025-12-28;2;0
25;2025-12-28;3;0
25;2025-12-28;4;0
25;2025-12-28;5;10
25;2025-12-28;6;101
25;2025-12-28;7;111
25;2025-12-28;8;194
25;2025-12-28;9;227
25;2025-12-28;10;227
25;2025-12-28;11;313
25;2025-12-28;12;384
25;2025-12-28;13;520
25;2025-12-28;14;515
25;2025-12-28;15;651
25;2025-12-28;16;532
25;2025-12-28;17;542
25;2025-12-28;18;433
25;2025-12-28;19;314
25;2025-12-28;20;255
25;2025-12-28;21;161
25;2025-12-28;22;100
25;2025-12-28;23;35
25;2025-12-29;0;0
25;2025-12-29;1;0
25;2025-12-29;2;0
25;2025-12-29;3;0
25;2025-12-29;4;0
25;2025-12-29;5;15
25;2025-12-29;6;230
25;2025-12-29;7;469
25;2025-12-29;8;768
25;2025-12-29;9;405
25;2025-12-29;10;315
25;2025-12-29;11;381
25;2025-12-29;12;363
25;2025-12-29;13;457
25;2025-12-29;14;416
25;2025-12-29;15;504
25;2025-12-29;16;615
25;2025-12-29;17;639
25;2025-12-29;18;663
25;2025-12-29;19;517
25;2025-12-29;20;278
25;2025-12-29;21;187
25;2025-12-29;22;83
25;2025-12-29;23;4
25;2025-12-30;0;0
25;2025-12-30;1;0
25;2025-12-30;2;0
25;2025-12-30;3;0
25;2025-12-30;4;0
25;2025-12-30;5;15
25;2025-12-30;6;230
25;2025-12-30;7;469
25;2025-12-30;8;768
25;2025-12-30;9;405
25;2025-12-30;10;315
25;2025-12-30;11;381
25;2025-12-30;12;363
25;2025-12-30;13;457
25;2025-12-30;14;416
25;2025-12-30;15;504
25;2025-12-30;16;615
25;2025-12-30;17;639
25;2025-12-30;18;663
25;2025-12-30;19;517
25;2025-12-30;20;278
25;2025-12-30;21;187
25;2025-12-30;22;83
25;2025-12-30;23;4
25;2025-12-31;0;14
25;2025-12-31;1;0
25;2025-12-31;2;0
25;2025-12-31;3;0
25;2025-12-31;4;0
25;2025-12-31;5;9
25;2025-12-31;6;87
25;2025-12-31;7;95
25;2025-12-31;8;166
25;2025-12-31;9;194
25;2025-12-31;10;194
25;2025-12-31;11;268
25;2025-12-31;12;328
25;2025-12-31;13;445
25;2025-12-31;14;440
25;2025-12-31;15;557
25;2025-12-31;16;455
25;2025-12-31;17;463
25;2025-12-31;18;370
25;2025-12-31;19;269
25;2025-12-31;20;0
25;2025-12-31;21;0
25;2025-12-31;22;0
25;2025-12-31;23;0
26;2025-11-01;0;27
26;2025-11-01;1;1
26;2025-11-01;2;0
26;2025-11-01;3;0
26;2025-11-01;4;2
26;2025-11-01;5;78
26;2025-11-01;6;401
26;2025-11-01;7;928
26;2025-11-01;8;1896
26;2025-11-01;9;1197
26;2025-11-01;10;1034
26;2025-11-01;11;955
26;2025-11-01;12;936
26;2025-11-01;13;981
26;2025-11-01;14;1122
26;2025-11-01;15;1161
26;2025-11-01;16;1294
26;2025-11-01;17;1466
26;2025-11-01;18;1538
26;2025-11-01;19;1014
26;2025-11-01;20;613
26;2025-11-01;21;408
26;2025-11-01;22;172
26;2025-11-01;23;110
26;2025-11-02;0;49
26;2025-11-02;1;4
26;2025-11-02;2;0
26;2025-11-02;3;0
26;2025-11-02;4;2
26;2025-11-02;5;22
26;2025-11-02;6;154
26;2025-11-02;7;263
26;2025-11-02;8;393
26;2025-11-02;9;510
26;2025-11-02;10;581
26;2025-11-02;11;826
26;2025-11-02;12;834
26;2025-11-02;13;880
26;2025-11-02;14;866
26;2025-11-02;15;803
26;2025-11-02;16;749
26;2025-11-02;17;791
26;2025-11-02;18;666
26;2025-11-02;19;532
26;2025-11-02;20;374
26;2025-11-02;21;276
26;2025-11-02;22;173
26;2025-11-02;23;114
26;2025-11-03;0;47
26;2025-11-03;1;4
26;2025-11-03;2;0
26;2025-11-03;3;0
26;2025-11-03;4;2
26;2025-11-03;5;21
26;2025-11-03;6;147
26;2025-11-03;7;250
26;2025-11-03;8;373
26;2025-11-03;9;485
26;2025-11-03;10;552
26;2025-11-03;11;785
26;2025-11-03;12;793
26;2025-11-03;13;836
26;2025-11-03;14;823
26;2025-11-03;15;763
26;2025-11-03;16;712
26;2025-11-03;17;752
26;2025-11-03;18;633
26;2025-11-03;19;506
26;2025-11-03;20;355
26;2025-11-03;21;262
26;2025-11-03;22;165
26;2025-11-03;23;109
26;2025-11-04;0;47
26;2025-11-04;1;4
26;2025-11-04;2;0
26;2025-11-04;3;0
26;2025-11-04;4;2
26;2025-11-04;5;21
26;2025-11-04;6;147
26;2025-11-04;7;250
26;2025-11-04;8;373
26;2025-11-04;9;485
26;2025-11-04;10;552
26;2025-11-04;11;785
26;2025-11-04;12;793
26;2025-11-04;13;836
26;2025-11-04;14;823
26;2025-11-04;15;763
26;2025-11-04;16;712
26;2025-11-04;17;752
26;2025-11-04;18;633
26;2025-11-04;19;506
26;2025-11-04;20;355
26;2025-11-04;21;262
26;2025-11-04;22;165
26;2025-11-04;23;109
26;2025-11-05;0;32
26;2025-11-05;1;1
26;2025-11-05;2;0
26;2025-11-05;3;0
26;2025-11-05;4;2
26;2025-11-05;5;92
26;2025-11-05;6;472
26;2025-11-05;7;1092
26;2025-11-05;8;2231
26;2025-11-05;9;1408
26;2025-11-05;10;1216
26;2025-11-05;11;1124
26;2025-11-05;12;1101
26;2025-11-05;13;1154
26;2025-11-05;14;1320
26;2025-11-05;15;1366
26;2025-11-05;16;1522
26;2025-11-05;17;1725
26;2025-11-05;18;1809
26;2025-11-05;19;1193
26;2025-11-05;20;721
26;2025-11-05;21;480
26;2025-11-05;22;203
26;2025-11-05;23;129
26;2025-11-06;0;32
26;2025-11-06;1;1
26;2025-11-06;2;0
26;2025-11-06;3;0
26;2025-11-06;4;2
26;2025-11-06;5;92
26;2025-11-06;6;472
26;2025-11-06;7;1092
26;2025-11-06;8;2231
26;2025-11-06;9;1408
26;2025-11-06;10;1216
26;2025-11-06;11;1124
26;2025-11-06;12;1101
26;2025-11-06;13;1154
26;2025-11-06;14;1320
26;2025-11-06;15;1366
26;2025-11-06;16;1522
26;2025-11-06;17;1725
26;2025-11-06;18;1809
26;2025-11-06;19;1193
26;2025-11-06;20;721
26;2025-11-06;21;480
26;2025-11-06;22;203
26;2025-11-06;23;129
26;2025-11-07;0;32
26;2025-11-07;1;1
26;2025-11-07;2;0
26;2025-11-07;3;0
26;2025-11-07;4;2
26;2025-11-07;5;92
26;2025-11-07;6;472
26;2025-11-07;7;1092
26;2025-11-07;8;2231
26;2025-11-07;9;1408
26;2025-11-07;10;1216
26;2025-11-07;11;1124
26;2025-11-07;12;1101
26;2025-11-07;13;1154
26;2025-11-07;14;1320
26;2025-11-07;15;1366
26;2025-11-07;16;1522
26;2025-11-07;17;1725
26;2025-11-07;18;1809
26;2025-11-07;19;1193
26;2025-11-07;20;721
26;2025-11-07;21;480
26;2025-11-07;22;203
26;2025-11-07;23;129
26;2025-11-08;0;48
26;2025-11-08;1;1
26;2025-11-08;2;0
26;2025-11-08;3;0
26;2025-11-08;4;1
26;2025-11-08;5;50
26;2025-11-08;6;242
26;2025-11-08;7;375
26;2025-11-08;8;603
26;2025-11-08;9;677
26;2025-11-08;10;810
26;2025-11-08;11;982
26;2025-11-08;12;1035
26;2025-11-08;13;1056
26;2025-11-08;14;1061
26;2025-11-08;15;956
26;2025-11-08;16;1022
26;2025-11-08;17;957
26;2025-11-08;18;847
26;2025-11-08;19;820
26;2025-11-08;20;547
26;2025-11-08;21;343
26;2025-11-08;22;208
26;2025-11-08;23;161
26;2025-11-09;0;49
26;2025-11-09;1;4
26;2025-11-09;2;0
26;2025-11-09;3;0
26;2025-11-09;4;2
26;2025-11-09;5;22
26;2025-11-09;6;154
26;2025-11-09;7;263
26;2025-11-09;8;393
26;2025-11-09;9;510
26;2025-11-09;10;581
26;2025-11-09;11;826
26;2025-11-09;12;834
26;2025-11-09;13;880
26;2025-11-09;14;866
26;2025-11-09;15;803
26;2025-11-09;16;749
26;2025-11-09;17;791
26;2025-11-09;18;666
26;2025-11-09;19;532
26;2025-11-09;20;374
26;2025-11-09;21;276
26;2025-11-09;22;173
26;2025-11-09;23;114
26;2025-11-10;0;32
26;2025-11-10;1;1
26;2025-11-10;2;0
26;2025-11-10;3;0
26;2025-11-10;4;2
26;2025-11-10;5;92
26;2025-11-10;6;472
26;2025-11-10;7;1092
26;2025-11-10;8;2231
26;2025-11-10;9;1408
26;2025-11-10;10;1216
26;2025-11-10;11;1124
26;2025-11-10;12;1101
26;2025-11-10;13;1154
26;2025-11-10;14;1320
26;2025-11-10;15;1366
26;2025-11-10;16;1522
26;2025-11-10;17;1725
26;2025-11-10;18;1809
26;2025-11-10;19;1193
26;2025-11-10;20;721
26;2025-11-10;21;480
26;2025-11-10;22;203
26;2025-11-10;23;129
26;2025-11-11;0;32
26;2025-11-11;1;1
26;2025-11-11;2;0
26;2025-11-11;3;0
26;2025-11-11;4;2
26;2025-11-11;5;92
26;2025-11-11;6;472
26;2025-11-11;7;1092
26;2025-11-11;8;2231
26;2025-11-11;9;1408
26;2025-11-11;10;1216
26;2025-11-11;11;1124
26;2025-11-11;12;1101
26;2025-11-11;13;1154
26;2025-11-11;14;1320
26;2025-11-11;15;1366
26;2025-11-11;16;1522
26;2025-11-11;17;1725
26;2025-11-11;18;1809
26;2025-11-11;19;1193
26;2025-11-11;20;721
26;2025-11-11;21;480
26;2025-11-11;22;203
26;2025-11-11;23;129
26;2025-11-12;0;32
26;2025-11-12;1;1
26;2025-11-12;2;0
26;2025-11-12;3;0
26;2025-11-12;4;2
26;2025-11-12;5;92
26;2025-11-12;6;472
26;2025-11-12;7;1092
26;2025-11-12;8;2231
26;2025-11-12;9;1408
26;2025-11-12;10;1216
26;2025-11-12;11;1124
26;2025-11-12;12;1101
26;2025-11-12;13;1154
26;2025-11-12;14;1320
26;2025-11-12;15;1366
26;2025-11-12;16;1522
26;2025-11-12;17;1725
26;2025-11-12;18;1809
26;2025-11-12;19;1193
26;2025-11-12;20;721
26;2025-11-12;21;480
26;2025-11-12;22;203
26;2025-11-12;23;129
26;2025-11-13;0;32
26;2025-11-13;1;1
26;2025-11-13;2;0
26;2025-11-13;3;0
26;2025-11-13;4;2
26;2025-11-13;5;92
26;2025-11-13;6;472
26;2025-11-13;7;1092
26;2025-11-13;8;2231
26;2025-11-13;9;1408
26;2025-11-13;10;1216
26;2025-11-13;11;1124
26;2025-11-13;12;1101
26;2025-11-13;13;1154
26;2025-11-13;14;1320
26;2025-11-13;15;1366
26;2025-11-13;16;1522
26;2025-11-13;17;1725
26;2025-11-13;18;1809
26;2025-11-13;19;1193
26;2025-11-13;20;721
26;2025-11-13;21;480
26;2025-11-13;22;203
26;2025-11-13;23;129
26;2025-11-14;0;32
26;2025-11-14;1;1
26;2025-11-14;2;0
26;2025-11-14;3;0
26;2025-11-14;4;2
26;2025-11-14;5;92
26;2025-11-14;6;472
26;2025-11-14;7;1092
26;2025-11-14;8;2231
26;2025-11-14;9;1408
26;2025-11-14;10;1216
26;2025-11-14;11;1124
26;2025-11-14;12;1101
26;2025-11-14;13;1154
26;2025-11-14;14;1320
26;2025-11-14;15;1366
26;2025-11-14;16;1522
26;2025-11-14;17;1725
26;2025-11-14;18;1809
26;2025-11-14;19;1193
26;2025-11-14;20;721
26;2025-11-14;21;480
26;2025-11-14;22;203
26;2025-11-14;23;129
26;2025-11-15;0;48
26;2025-11-15;1;1
26;2025-11-15;2;0
26;2025-11-15;3;0
26;2025-11-15;4;1
26;2025-11-15;5;50
26;2025-11-15;6;242
26;2025-11-15;7;375
26;2025-11-15;8;603
26;2025-11-15;9;677
26;2025-11-15;10;810
26;2025-11-15;11;982
26;2025-11-15;12;1035
26;2025-11-15;13;1056
26;2025-11-15;14;1061
26;2025-11-15;15;956
26;2025-11-15;16;1022
26;2025-11-15;17;957
26;2025-11-15;18;847
26;2025-11-15;19;820
26;2025-11-15;20;547
26;2025-11-15;21;343
26;2025-11-15;22;208
26;2025-11-15;23;161
26;2025-11-16;0;49
26;2025-11-16;1;4
26;2025-11-16;2;0
26;2025-11-16;3;0
26;2025-11-16;4;2
26;2025-11-16;5;22
26;2025-11-16;6;154
26;2025-11-16;7;263
26;2025-11-16;8;393
26;2025-11-16;9;510
26;2025-11-16;10;581
26;2025-11-16;11;826
26;2025-11-16;12;834
26;2025-11-16;13;880
26;2025-11-16;14;866
26;2025-11-16;15;803
26;2025-11-16;16;749
26;2025-11-16;17;791
26;2025-11-16;18;666
26;2025-11-16;19;532
26;2025-11-16;20;374
26;2025-11-16;21;276
26;2025-11-16;22;173
26;2025-11-16;23;114
26;2025-11-17;0;32
26;2025-11-17;1;1
26;2025-11-17;2;0
26;2025-11-17;3;0
26;2025-11-17;4;2
26;2025-11-17;5;92
26;2025-11-17;6;472
26;2025-11-17;7;1092
26;2025-11-17;8;2231
26;2025-11-17;9;1408
26;2025-11-17;10;1216
26;2025-11-17;11;1124
26;2025-11-17;12;1101
26;2025-11-17;13;1154
26;2025-11-17;14;1320
26;2025-11-17;15;1366
26;2025-11-17;16;1522
26;2025-11-17;17;1725
26;2025-11-17;18;1809
26;2025-11-17;19;1193
26;2025-11-17;20;721
26;2025-11-17;21;480
26;2025-11-17;22;203
26;2025-11-17;23;129
26;2025-11-18;0;32
26;2025-11-18;1;1
26;2025-11-18;2;0
26;2025-11-18;3;0
26;2025-11-18;4;2
26;2025-11-18;5;92
26;2025-11-18;6;472
26;2025-11-18;7;1092
26;2025-11-18;8;2231
26;2025-11-18;9;1408
26;2025-11-18;10;1216
26;2025-11-18;11;1124
26;2025-11-18;12;1101
26;2025-11-18;13;1154
26;2025-11-18;14;1320
26;2025-11-18;15;1366
26;2025-11-18;16;1522
26;2025-11-18;17;1725
26;2025-11-18;18;1809
26;2025-11-18;19;1193
26;2025-11-18;20;721
26;2025-11-18;21;480
26;2025-11-18;22;203
26;2025-11-18;23;129
26;2025-11-19;0;32
26;2025-11-19;1;1
26;2025-11-19;2;0
26;2025-11-19;3;0
26;2025-11-19;4;2
26;2025-11-19;5;92
26;2025-11-19;6;472
26;2025-11-19;7;1092
26;2025-11-19;8;2231
26;2025-11-19;9;1408
26;2025-11-19;10;1216
26;2025-11-19;11;1124
26;2025-11-19;12;1101
26;2025-11-19;13;1154
26;2025-11-19;14;1320
26;2025-11-19;15;1366
26;2025-11-19;16;1522
26;2025-11-19;17;1725
26;2025-11-19;18;1809
26;2025-11-19;19;1193
26;2025-11-19;20;721
26;2025-11-19;21;480
26;2025-11-19;22;203
26;2025-11-19;23;129
26;2025-11-20;0;32
26;2025-11-20;1;1
26;2025-11-20;2;0
26;2025-11-20;3;0
26;2025-11-20;4;2
26;2025-11-20;5;92
26;2025-11-20;6;472
26;2025-11-20;7;1092
26;2025-11-20;8;2231
26;2025-11-20;9;1408
26;2025-11-20;10;1216
26;2025-11-20;11;1124
26;2025-11-20;12;1101
26;2025-11-20;13;1154
26;2025-11-20;14;1320
26;2025-11-20;15;1366
26;2025-11-20;16;1522
26;2025-11-20;17;1725
26;2025-11-20;18;1809
26;2025-11-20;19;1193
26;2025-11-20;20;721
26;2025-11-20;21;480
26;2025-11-20;22;203
26;2025-11-20;23;129
26;2025-11-21;0;32
26;2025-11-21;1;1
26;2025-11-21;2;0
26;2025-11-21;3;0
26;2025-11-21;4;2
26;2025-11-21;5;92
26;2025-11-21;6;472
26;2025-11-21;7;1092
26;2025-11-21;8;2231
26;2025-11-21;9;1408
26;2025-11-21;10;1216
26;2025-11-21;11;1124
26;2025-11-21;12;1101
26;2025-11-21;13;1154
26;2025-11-21;14;1320
26;2025-11-21;15;1366
26;2025-11-21;16;1522
26;2025-11-21;17;1725
26;2025-11-21;18;1809
26;2025-11-21;19;1193
26;2025-11-21;20;721
26;2025-11-21;21;480
26;2025-11-21;22;203
26;2025-11-21;23;129
26;2025-11-22;0;48
26;2025-11-22;1;1
26;2025-11-22;2;0
26;2025-11-22;3;0
26;2025-11-22;4;1
26;2025-11-22;5;50
26;2025-11-22;6;242
26;2025-11-22;7;375
26;2025-11-22;8;603
26;2025-11-22;9;677
26;2025-11-22;10;810
26;2025-11-22;11;982
26;2025-11-22;12;1035
26;2025-11-22;13;1056
26;2025-11-22;14;1061
26;2025-11-22;15;956
26;2025-11-22;16;1022
26;2025-11-22;17;957
26;2025-11-22;18;847
26;2025-11-22;19;820
26;2025-11-22;20;547
26;2025-11-22;21;343
26;2025-11-22;22;208
26;2025-11-22;23;161
26;2025-11-23;0;49
26;2025-11-23;1;4
26;2025-11-23;2;0
26;2025-11-23;3;0
26;2025-11-23;4;2
26;2025-11-23;5;22
26;2025-11-23;6;154
26;2025-11-23;7;263
26;2025-11-23;8;393
26;2025-11-23;9;510
26;2025-11-23;10;581
26;2025-11-23;11;826
26;2025-11-23;12;834
26;2025-11-23;13;880
26;2025-11-23;14;866
26;2025-11-23;15;803
26;2025-11-23;16;749
26;2025-11-23;17;791
26;2025-11-23;18;666
26;2025-11-23;19;532
26;2025-11-23;20;374
26;2025-11-23;21;276
26;2025-11-23;22;173
26;2025-11-23;23;114
26;2025-11-24;0;32
26;2025-11-24;1;1
26;2025-11-24;2;0
26;2025-11-24;3;0
26;2025-11-24;4;2
26;2025-11-24;5;92
26;2025-11-24;6;472
26;2025-11-24;7;1092
26;2025-11-24;8;2231
26;2025-11-24;9;1408
26;2025-11-24;10;1216
26;2025-11-24;11;1124
26;2025-11-24;12;1101
26;2025-11-24;13;1154
26;2025-11-24;14;1320
26;2025-11-24;15;1366
26;2025-11-24;16;1522
26;2025-11-24;17;1725
26;2025-11-24;18;1809
26;2025-11-24;19;1193
26;2025-11-24;20;721
26;2025-11-24;21;480
26;2025-11-24;22;203
26;2025-11-24;23;129
26;2025-11-25;0;32
26;2025-11-25;1;1
26;2025-11-25;2;0
26;2025-11-25;3;0
26;2025-11-25;4;2
26;2025-11-25;5;92
26;2025-11-25;6;472
26;2025-11-25;7;1092
26;2025-11-25;8;2231
26;2025-11-25;9;1408
26;2025-11-25;10;1216
26;2025-11-25;11;1124
26;2025-11-25;12;1101
26;2025-11-25;13;1154
26;2025-11-25;14;1320
26;2025-11-25;15;1366
26;2025-11-25;16;1522
26;2025-11-25;17;1725
26;2025-11-25;18;1809
26;2025-11-25;19;1193
26;2025-11-25;20;721
26;2025-11-25;21;480
26;2025-11-25;22;203
26;2025-11-25;23;129
26;2025-11-26;0;32
26;2025-11-26;1;1
26;2025-11-26;2;0
26;2025-11-26;3;0
26;2025-11-26;4;2
26;2025-11-26;5;92
26;2025-11-26;6;472
26;2025-11-26;7;1092
26;2025-11-26;8;2231
26;2025-11-26;9;1408
26;2025-11-26;10;1216
26;2025-11-26;11;1124
26;2025-11-26;12;1101
26;2025-11-26;13;1154
26;2025-11-26;14;1320
26;2025-11-26;15;1366
26;2025-11-26;16;1522
26;2025-11-26;17;1725
26;2025-11-26;18;1809
26;2025-11-26;19;1193
26;2025-11-26;20;721
26;2025-11-26;21;480
26;2025-11-26;22;203
26;2025-11-26;23;129
26;2025-11-27;0;32
26;2025-11-27;1;1
26;2025-11-27;2;0
26;2025-11-27;3;0
26;2025-11-27;4;2
26;2025-11-27;5;92
26;2025-11-27;6;472
26;2025-11-27;7;1092
26;2025-11-27;8;2231
26;2025-11-27;9;1408
26;2025-11-27;10;1216
26;2025-11-27;11;1124
26;2025-11-27;12;1101
26;2025-11-27;13;1154
26;2025-11-27;14;1320
26;2025-11-27;15;1366
26;2025-11-27;16;1522
26;2025-11-27;17;1725
26;2025-11-27;18;1809
26;2025-11-27;19;1193
26;2025-11-27;20;721
26;2025-11-27;21;480
26;2025-11-27;22;203
26;2025-11-27;23;129
26;2025-11-28;0;32
26;2025-11-28;1;1
26;2025-11-28;2;0
26;2025-11-28;3;0
26;2025-11-28;4;2
26;2025-11-28;5;92
26;2025-11-28;6;472
26;2025-11-28;7;1092
26;2025-11-28;8;2231
26;2025-11-28;9;1408
26;2025-11-28;10;1216
26;2025-11-28;11;1124
26;2025-11-28;12;1101
26;2025-11-28;13;1154
26;2025-11-28;14;1320
26;2025-11-28;15;1366
26;2025-11-28;16;1522
26;2025-11-28;17;1725
26;2025-11-28;18;1809
26;2025-11-28;19;1193
26;2025-11-28;20;721
26;2025-11-28;21;480
26;2025-11-28;22;203
26;2025-11-28;23;129
26;2025-11-29;0;48
26;2025-11-29;1;1
26;2025-11-29;2;0
26;2025-11-29;3;0
26;2025-11-29;4;1
26;2025-11-29;5;50
26;2025-11-29;6;242
26;2025-11-29;7;375
26;2025-11-29;8;603
26;2025-11-29;9;677
26;2025-11-29;10;810
26;2025-11-29;11;982
26;2025-11-29;12;1035
26;2025-11-29;13;1056
26;2025-11-29;14;1061
26;2025-11-29;15;956
26;2025-11-29;16;1022
26;2025-11-29;17;957
26;2025-11-29;18;847
26;2025-11-29;19;820
26;2025-11-29;20;547
26;2025-11-29;21;343
26;2025-11-29;22;208
26;2025-11-29;23;161
26;2025-11-30;0;49
26;2025-11-30;1;4
26;2025-11-30;2;0
26;2025-11-30;3;0
26;2025-11-30;4;2
26;2025-11-30;5;22
26;2025-11-30;6;154
26;2025-11-30;7;263
26;2025-11-30;8;393
26;2025-11-30;9;510
26;2025-11-30;10;581
26;2025-11-30;11;826
26;2025-11-30;12;834
26;2025-11-30;13;880
26;2025-11-30;14;866
26;2025-11-30;15;803
26;2025-11-30;16;749
26;2025-11-30;17;791
26;2025-11-30;18;666
26;2025-11-30;19;532
26;2025-11-30;20;374
26;2025-11-30;21;276
26;2025-11-30;22;173
26;2025-11-30;23;114
26;2025-12-01;0;33
26;2025-12-01;1;1
26;2025-12-01;2;0
26;2025-12-01;3;0
26;2025-12-01;4;2
26;2025-12-01;5;95
26;2025-12-01;6;487
26;2025-12-01;7;1126
26;2025-12-01;8;2300
26;2025-12-01;9;1452
26;2025-12-01;10;1254
26;2025-12-01;11;1159
26;2025-12-01;12;1135
26;2025-12-01;13;1190
26;2025-12-01;14;1361
26;2025-12-01;15;1408
26;2025-12-01;16;1569
26;2025-12-01;17;1778
26;2025-12-01;18;1865
26;2025-12-01;19;1230
26;2025-12-01;20;743
26;2025-12-01;21;495
26;2025-12-01;22;209
26;2025-12-01;23;133
26;2025-12-02;0;33
26;2025-12-02;1;1
26;2025-12-02;2;0
26;2025-12-02;3;0
26;2025-12-02;4;2
26;2025-12-02;5;95
26;2025-12-02;6;487
26;2025-12-02;7;1126
26;2025-12-02;8;2300
26;2025-12-02;9;1452
26;2025-12-02;10;1254
26;2025-12-02;11;1159
26;2025-12-02;12;1135
26;2025-12-02;13;1190
26;2025-12-02;14;1361
26;2025-12-02;15;1408
26;2025-12-02;16;1569
26;2025-12-02;17;1778
26;2025-12-02;18;1865
26;2025-12-02;19;1230
26;2025-12-02;20;743
26;2025-12-02;21;495
26;2025-12-02;22;209
26;2025-12-02;23;133
26;2025-12-03;0;33
26;2025-12-03;1;1
26;2025-12-03;2;0
26;2025-12-03;3;0
26;2025-12-03;4;2
26;2025-12-03;5;95
26;2025-12-03;6;487
26;2025-12-03;7;1126
26;2025-12-03;8;2300
26;2025-12-03;9;1452
26;2025-12-03;10;1254
26;2025-12-03;11;1159
26;2025-12-03;12;1135
26;2025-12-03;13;1190
26;2025-12-03;14;1361
26;2025-12-03;15;1408
26;2025-12-03;16;1569
26;2025-12-03;17;1778
26;2025-12-03;18;1865
26;2025-12-03;19;1230
26;2025-12-03;20;743
26;2025-12-03;21;495
26;2025-12-03;22;209
26;2025-12-03;23;133
26;2025-12-04;0;33
26;2025-12-04;1;1
26;2025-12-04;2;0
26;2025-12-04;3;0
26;2025-12-04;4;2
26;2025-12-04;5;95
26;2025-12-04;6;487
26;2025-12-04;7;1126
26;2025-12-04;8;2300
26;2025-12-04;9;1452
26;2025-12-04;10;1254
26;2025-12-04;11;1159
26;2025-12-04;12;1135
26;2025-12-04;13;1190
26;2025-12-04;14;1361
26;2025-12-04;15;1408
26;2025-12-04;16;1569
26;2025-12-04;17;1778
26;2025-12-04;18;1865
26;2025-12-04;19;1230
26;2025-12-04;20;743
26;2025-12-04;21;495
26;2025-12-04;22;209
26;2025-12-04;23;133
26;2025-12-05;0;33
26;2025-12-05;1;1
26;2025-12-05;2;0
26;2025-12-05;3;0
26;2025-12-05;4;2
26;2025-12-05;5;95
26;2025-12-05;6;487
26;2025-12-05;7;1126
26;2025-12-05;8;2300
26;2025-12-05;9;1452
26;2025-12-05;10;1254
26;2025-12-05;11;1159
26;2025-12-05;12;1135
26;2025-12-05;13;1190
26;2025-12-05;14;1361
26;2025-12-05;15;1408
26;2025-12-05;16;1569
26;2025-12-05;17;1778
26;2025-12-05;18;1865
26;2025-12-05;19;1230
26;2025-12-05;20;743
26;2025-12-05;21;495
26;2025-12-05;22;209
26;2025-12-05;23;133
26;2025-12-06;0;50
26;2025-12-06;1;1
26;2025-12-06;2;0
26;2025-12-06;3;0
26;2025-12-06;4;1
26;2025-12-06;5;52
26;2025-12-06;6;249
26;2025-12-06;7;387
26;2025-12-06;8;621
26;2025-12-06;9;698
26;2025-12-06;10;835
26;2025-12-06;11;1012
26;2025-12-06;12;1067
26;2025-12-06;13;1089
26;2025-12-06;14;1094
26;2025-12-06;15;985
26;2025-12-06;16;1054
26;2025-12-06;17;986
26;2025-12-06;18;874
26;2025-12-06;19;846
26;2025-12-06;20;565
26;2025-12-06;21;354
26;2025-12-06;22;214
26;2025-12-06;23;166
26;2025-12-07;0;51
26;2025-12-07;1;4
26;2025-12-07;2;0
26;2025-12-07;3;0
26;2025-12-07;4;2
26;2025-12-07;5;23
26;2025-12-07;6;159
26;2025-12-07;7;271
26;2025-12-07;8;405
26;2025-12-07;9;526
26;2025-12-07;10;599
26;2025-12-07;11;852
26;2025-12-07;12;860
26;2025-12-07;13;908
26;2025-12-07;14;893
26;2025-12-07;15;828
26;2025-12-07;16;772
26;2025-12-07;17;816
26;2025-12-07;18;687
26;2025-12-07;19;549
26;2025-12-07;20;386
26;2025-12-07;21;284
26;2025-12-07;22;179
26;2025-12-07;23;118
26;2025-12-08;0;33
26;2025-12-08;1;1
26;2025-12-08;2;0
26;2025-12-08;3;0
26;2025-12-08;4;2
26;2025-12-08;5;95
26;2025-12-08;6;487
26;2025-12-08;7;1126
26;2025-12-08;8;2300
26;2025-12-08;9;1452
26;2025-12-08;10;1254
26;2025-12-08;11;1159
26;2025-12-08;12;1135
26;2025-12-08;13;1190
26;2025-12-08;14;1361
26;2025-12-08;15;1408
26;2025-12-08;16;1569
26;2025-12-08;17;1778
26;2025-12-08;18;1865
26;2025-12-08;19;1230
26;2025-12-08;20;743
26;2025-12-08;21;495
26;2025-12-08;22;209
26;2025-12-08;23;133
26;2025-12-09;0;33
26;2025-12-09;1;1
26;2025-12-09;2;0
26;2025-12-09;3;0
26;2025-12-09;4;2
26;2025-12-09;5;95
26;2025-12-09;6;487
26;2025-12-09;7;1126
26;2025-12-09;8;2300
26;2025-12-09;9;1452
26;2025-12-09;10;1254
26;2025-12-09;11;1159
26;2025-12-09;12;1135
26;2025-12-09;13;1190
26;2025-12-09;14;1361
26;2025-12-09;15;1408
26;2025-12-09;16;1569
26;2025-12-09;17;1778
26;2025-12-09;18;1865
26;2025-12-09;19;1230
26;2025-12-09;20;743
26;2025-12-09;21;495
26;2025-12-09;22;209
26;2025-12-09;23;133
26;2025-12-10;0;33
26;2025-12-10;1;1
26;2025-12-10;2;0
26;2025-12-10;3;0
26;2025-12-10;4;2
26;2025-12-10;5;95
26;2025-12-10;6;487
26;2025-12-10;7;1126
26;2025-12-10;8;2300
26;2025-12-10;9;1452
26;2025-12-10;10;1254
26;2025-12-10;11;1159
26;2025-12-10;12;1135
26;2025-12-10;13;1190
26;2025-12-10;14;1361
26;2025-12-10;15;1408
26;2025-12-10;16;1569
26;2025-12-10;17;1778
26;2025-12-10;18;1865
26;2025-12-10;19;1230
26;2025-12-10;20;743
26;2025-12-10;21;495
26;2025-12-10;22;209
26;2025-12-10;23;133
26;2025-12-11;0;33
26;2025-12-11;1;1
26;2025-12-11;2;0
26;2025-12-11;3;0
26;2025-12-11;4;2
26;2025-12-11;5;95
26;2025-12-11;6;487
26;2025-12-11;7;1126
26;2025-12-11;8;2300
26;2025-12-11;9;1452
26;2025-12-11;10;1254
26;2025-12-11;11;1159
26;2025-12-11;12;1135
26;2025-12-11;13;1190
26;2025-12-11;14;1361
26;2025-12-11;15;1408
26;2025-12-11;16;1569
26;2025-12-11;17;1778
26;2025-12-11;18;1865
26;2025-12-11;19;1230
26;2025-12-11;20;743
26;2025-12-11;21;495
26;2025-12-11;22;209
26;2025-12-11;23;133
26;2025-12-12;0;33
26;2025-12-12;1;1
26;2025-12-12;2;0
26;2025-12-12;3;0
26;2025-12-12;4;2
26;2025-12-12;5;95
26;2025-12-12;6;487
26;2025-12-12;7;1126
26;2025-12-12;8;2300
26;2025-12-12;9;1452
26;2025-12-12;10;1254
26;2025-12-12;11;1159
26;2025-12-12;12;1135
26;2025-12-12;13;1190
26;2025-12-12;14;1361
26;2025-12-12;15;1408
26;2025-12-12;16;1569
26;2025-12-12;17;1778
26;2025-12-12;18;1865
26;2025-12-12;19;1230
26;2025-12-12;20;743
26;2025-12-12;21;495
26;2025-12-12;22;209
26;2025-12-12;23;133
26;2025-12-13;0;50
26;2025-12-13;1;1
26;2025-12-13;2;0
26;2025-12-13;3;0
26;2025-12-13;4;1
26;2025-12-13;5;52
26;2025-12-13;6;249
26;2025-12-13;7;387
26;2025-12-13;8;621
26;2025-12-13;9;698
26;2025-12-13;10;835
26;2025-12-13;11;1012
26;2025-12-13;12;1067
26;2025-12-13;13;1089
26;2025-12-13;14;1094
26;2025-12-13;15;985
26;2025-12-13;16;1054
26;2025-12-13;17;986
26;2025-12-13;18;874
26;2025-12-13;19;846
26;2025-12-13;20;565
26;2025-12-13;21;354
26;2025-12-13;22;214
26;2025-12-13;23;166
26;2025-12-14;0;51
26;2025-12-14;1;4
26;2025-12-14;2;0
26;2025-12-14;3;0
26;2025-12-14;4;2
26;2025-12-14;5;23
26;2025-12-14;6;159
26;2025-12-14;7;271
26;2025-12-14;8;405
26;2025-12-14;9;526
26;2025-12-14;10;599
26;2025-12-14;11;852
26;2025-12-14;12;860
26;2025-12-14;13;908
26;2025-12-14;14;893
26;2025-12-14;15;828
26;2025-12-14;16;772
26;2025-12-14;17;816
26;2025-12-14;18;687
26;2025-12-14;19;549
26;2025-12-14;20;386
26;2025-12-14;21;284
26;2025-12-14;22;179
26;2025-12-14;23;118
26;2025-12-15;0;33
26;2025-12-15;1;1
26;2025-12-15;2;0
26;2025-12-15;3;0
26;2025-12-15;4;2
26;2025-12-15;5;95
26;2025-12-15;6;487
26;2025-12-15;7;1126
26;2025-12-15;8;2300
26;2025-12-15;9;1452
26;2025-12-15;10;1254
26;2025-12-15;11;1159
26;2025-12-15;12;1135
26;2025-12-15;13;1190
26;2025-12-15;14;1361
26;2025-12-15;15;1408
26;2025-12-15;16;1569
26;2025-12-15;17;1778
26;2025-12-15;18;1865
26;2025-12-15;19;1230
26;2025-12-15;20;743
26;2025-12-15;21;495
26;2025-12-15;22;209
26;2025-12-15;23;133
26;2025-12-16;0;33
26;2025-12-16;1;1
26;2025-12-16;2;0
26;2025-12-16;3;0
26;2025-12-16;4;2
26;2025-12-16;5;95
26;2025-12-16;6;487
26;2025-12-16;7;1126
26;2025-12-16;8;2300
26;2025-12-16;9;1452
26;2025-12-16;10;1254
26;2025-12-16;11;1159
26;2025-12-16;12;1135
26;2025-12-16;13;1190
26;2025-12-16;14;1361
26;2025-12-16;15;1408
26;2025-12-16;16;1569
26;2025-12-16;17;1778
26;2025-12-16;18;1865
26;2025-12-16;19;1230
26;2025-12-16;20;743
26;2025-12-16;21;495
26;2025-12-16;22;209
26;2025-12-16;23;133
26;2025-12-17;0;33
26;2025-12-17;1;1
26;2025-12-17;2;0
26;2025-12-17;3;0
26;2025-12-17;4;2
26;2025-12-17;5;95
26;2025-12-17;6;487
26;2025-12-17;7;1126
26;2025-12-17;8;2300
26;2025-12-17;9;1452
26;2025-12-17;10;1254
26;2025-12-17;11;1159
26;2025-12-17;12;1135
26;2025-12-17;13;1190
26;2025-12-17;14;1361
26;2025-12-17;15;1408
26;2025-12-17;16;1569
26;2025-12-17;17;1778
26;2025-12-17;18;1865
26;2025-12-17;19;1230
26;2025-12-17;20;743
26;2025-12-17;21;495
26;2025-12-17;22;209
26;2025-12-17;23;133
26;2025-12-18;0;33
26;2025-12-18;1;1
26;2025-12-18;2;0
26;2025-12-18;3;0
26;2025-12-18;4;2
26;2025-12-18;5;95
26;2025-12-18;6;487
26;2025-12-18;7;1126
26;2025-12-18;8;2300
26;2025-12-18;9;1452
26;2025-12-18;10;1254
26;2025-12-18;11;1159
26;2025-12-18;12;1135
26;2025-12-18;13;1190
26;2025-12-18;14;1361
26;2025-12-18;15;1408
26;2025-12-18;16;1569
26;2025-12-18;17;1778
26;2025-12-18;18;1865
26;2025-12-18;19;1230
26;2025-12-18;20;743
26;2025-12-18;21;495
26;2025-12-18;22;209
26;2025-12-18;23;133
26;2025-12-19;0;33
26;2025-12-19;1;1
26;2025-12-19;2;0
26;2025-12-19;3;0
26;2025-12-19;4;2
26;2025-12-19;5;95
26;2025-12-19;6;487
26;2025-12-19;7;1126
26;2025-12-19;8;2300
26;2025-12-19;9;1452
26;2025-12-19;10;1254
26;2025-12-19;11;1159
26;2025-12-19;12;1135
26;2025-12-19;13;1190
26;2025-12-19;14;1361
26;2025-12-19;15;1408
26;2025-12-19;16;1569
26;2025-12-19;17;1778
26;2025-12-19;18;1865
26;2025-12-19;19;1230
26;2025-12-19;20;743
26;2025-12-19;21;495
26;2025-12-19;22;209
26;2025-12-19;23;133
26;2025-12-20;0;50
26;2025-12-20;1;1
26;2025-12-20;2;0
26;2025-12-20;3;0
26;2025-12-20;4;1
26;2025-12-20;5;52
26;2025-12-20;6;249
26;2025-12-20;7;387
26;2025-12-20;8;621
26;2025-12-20;9;698
26;2025-12-20;10;835
26;2025-12-20;11;1012
26;2025-12-20;12;1067
26;2025-12-20;13;1089
26;2025-12-20;14;1094
26;2025-12-20;15;985
26;2025-12-20;16;1054
26;2025-12-20;17;986
26;2025-12-20;18;874
26;2025-12-20;19;846
26;2025-12-20;20;565
26;2025-12-20;21;354
26;2025-12-20;22;214
26;2025-12-20;23;166
26;2025-12-21;0;51
26;2025-12-21;1;4
26;2025-12-21;2;0
26;2025-12-21;3;0
26;2025-12-21;4;2
26;2025-12-21;5;23
26;2025-12-21;6;159
26;2025-12-21;7;271
26;2025-12-21;8;405
26;2025-12-21;9;526
26;2025-12-21;10;599
26;2025-12-21;11;852
26;2025-12-21;12;860
26;2025-12-21;13;908
26;2025-12-21;14;893
26;2025-12-21;15;828
26;2025-12-21;16;772
26;2025-12-21;17;816
26;2025-12-21;18;687
26;2025-12-21;19;549
26;2025-12-21;20;386
26;2025-12-21;21;284
26;2025-12-21;22;179
26;2025-12-21;23;118
26;2025-12-22;0;33
26;2025-12-22;1;1
26;2025-12-22;2;0
26;2025-12-22;3;0
26;2025-12-22;4;2
26;2025-12-22;5;95
26;2025-12-22;6;487
26;2025-12-22;7;1126
26;2025-12-22;8;2300
26;2025-12-22;9;1452
26;2025-12-22;10;1254
26;2025-12-22;11;1159
26;2025-12-22;12;1135
26;2025-12-22;13;1190
26;2025-12-22;14;1361
26;2025-12-22;15;1408
26;2025-12-22;16;1569
26;2025-12-22;17;1778
26;2025-12-22;18;1865
26;2025-12-22;19;1230
26;2025-12-22;20;743
26;2025-12-22;21;495
26;2025-12-22;22;209
26;2025-12-22;23;133
26;2025-12-23;0;33
26;2025-12-23;1;1
26;2025-12-23;2;0
26;2025-12-23;3;0
26;2025-12-23;4;2
26;2025-12-23;5;95
26;2025-12-23;6;487
26;2025-12-23;7;1126
26;2025-12-23;8;2300
26;2025-12-23;9;1452
26;2025-12-23;10;1254
26;2025-12-23;11;1159
26;2025-12-23;12;1135
26;2025-12-23;13;1190
26;2025-12-23;14;1361
26;2025-12-23;15;1408
26;2025-12-23;16;1569
26;2025-12-23;17;1778
26;2025-12-23;18;1865
26;2025-12-23;19;1230
26;2025-12-23;20;743
26;2025-12-23;21;495
26;2025-12-23;22;209
26;2025-12-23;23;133
26;2025-12-24;0;33
26;2025-12-24;1;1
26;2025-12-24;2;0
26;2025-12-24;3;0
26;2025-12-24;4;2
26;2025-12-24;5;95
26;2025-12-24;6;487
26;2025-12-24;7;1126
26;2025-12-24;8;2300
26;2025-12-24;9;1452
26;2025-12-24;10;1254
26;2025-12-24;11;1159
26;2025-12-24;12;1135
26;2025-12-24;13;1190
26;2025-12-24;14;1361
26;2025-12-24;15;1408
26;2025-12-24;16;1569
26;2025-12-24;17;1778
26;2025-12-24;18;1865
26;2025-12-24;19;1230
26;2025-12-24;20;743
26;2025-12-24;21;495
26;2025-12-24;22;209
26;2025-12-24;23;133
26;2025-12-25;0;33
26;2025-12-25;1;1
26;2025-12-25;2;0
26;2025-12-25;3;0
26;2025-12-25;4;2
26;2025-12-25;5;95
26;2025-12-25;6;487
26;2025-12-25;7;1126
26;2025-12-25;8;2300
26;2025-12-25;9;1452
26;2025-12-25;10;1254
26;2025-12-25;11;1159
26;2025-12-25;12;1135
26;2025-12-25;13;1190
26;2025-12-25;14;1361
26;2025-12-25;15;1408
26;2025-12-25;16;1569
26;2025-12-25;17;1778
26;2025-12-25;18;1865
26;2025-12-25;19;1230
26;2025-12-25;20;743
26;2025-12-25;21;495
26;2025-12-25;22;209
26;2025-12-25;23;133
26;2025-12-26;0;33
26;2025-12-26;1;1
26;2025-12-26;2;0
26;2025-12-26;3;0
26;2025-12-26;4;2
26;2025-12-26;5;95
26;2025-12-26;6;487
26;2025-12-26;7;1126
26;2025-12-26;8;2300
26;2025-12-26;9;1452
26;2025-12-26;10;1254
26;2025-12-26;11;1159
26;2025-12-26;12;1135
26;2025-12-26;13;1190
26;2025-12-26;14;1361
26;2025-12-26;15;1408
26;2025-12-26;16;1569
26;2025-12-26;17;1778
26;2025-12-26;18;1865
26;2025-12-26;19;1230
26;2025-12-26;20;743
26;2025-12-26;21;495
26;2025-12-26;22;209
26;2025-12-26;23;133
26;2025-12-27;0;50
26;2025-12-27;1;1
26;2025-12-27;2;0
26;2025-12-27;3;0
26;2025-12-27;4;1
26;2025-12-27;5;52
26;2025-12-27;6;249
26;2025-12-27;7;387
26;2025-12-27;8;621
26;2025-12-27;9;698
26;2025-12-27;10;835
26;2025-12-27;11;1012
26;2025-12-27;12;1067
26;2025-12-27;13;1089
26;2025-12-27;14;1094
26;2025-12-27;15;985
26;2025-12-27;16;1054
26;2025-12-27;17;986
26;2025-12-27;18;874
26;2025-12-27;19;846
26;2025-12-27;20;565
26;2025-12-27;21;354
26;2025-12-27;22;214
26;2025-12-27;23;166
26;2025-12-28;0;51
26;2025-12-28;1;4
26;2025-12-28;2;0
26;2025-12-28;3;0
26;2025-12-28;4;2
26;2025-12-28;5;23
26;2025-12-28;6;159
26;2025-12-28;7;271
26;2025-12-28;8;405
26;2025-12-28;9;526
26;2025-12-28;10;599
26;2025-12-28;11;852
26;2025-12-28;12;860
26;2025-12-28;13;908
26;2025-12-28;14;893
26;2025-12-28;15;828
26;2025-12-28;16;772
26;2025-12-28;17;816
26;2025-12-28;18;687
26;2025-12-28;19;549
26;2025-12-28;20;386
26;2025-12-28;21;284
26;2025-12-28;22;179
26;2025-12-28;23;118
26;2025-12-29;0;28
26;2025-12-29;1;1
26;2025-12-29;2;0
26;2025-12-29;3;0
26;2025-12-29;4;2
26;2025-12-29;5;81
26;2025-12-29;6;414
26;2025-12-29;7;957
26;2025-12-29;8;1955
26;2025-12-29;9;1234
26;2025-12-29;10;1066
26;2025-12-29;11;985
26;2025-12-29;12;965
26;2025-12-29;13;1012
26;2025-12-29;14;1157
26;2025-12-29;15;1197
26;2025-12-29;16;1334
26;2025-12-29;17;1512
26;2025-12-29;18;1585
26;2025-12-29;19;1046
26;2025-12-29;20;632
26;2025-12-29;21;421
26;2025-12-29;22;178
26;2025-12-29;23;113
26;2025-12-30;0;28
26;2025-12-30;1;1
26;2025-12-30;2;0
26;2025-12-30;3;0
26;2025-12-30;4;2
26;2025-12-30;5;81
26;2025-12-30;6;414
26;2025-12-30;7;957
26;2025-12-30;8;1955
26;2025-12-30;9;1234
26;2025-12-30;10;1066
26;2025-12-30;11;985
26;2025-12-30;12;965
26;2025-12-30;13;1012
26;2025-12-30;14;1157
26;2025-12-30;15;1197
26;2025-12-30;16;1334
26;2025-12-30;17;1512
26;2025-12-30;18;1585
26;2025-12-30;19;1046
26;2025-12-30;20;632
26;2025-12-30;21;421
26;2025-12-30;22;178
26;2025-12-30;23;113
26;2025-12-31;0;43
26;2025-12-31;1;4
26;2025-12-31;2;0
26;2025-12-31;3;0
26;2025-12-31;4;2
26;2025-12-31;5;19
26;2025-12-31;6;136
26;2025-12-31;7;232
26;2025-12-31;8;347
26;2025-12-31;9;450
26;2025-12-31;10;512
26;2025-12-31;11;728
26;2025-12-31;12;735
26;2025-12-31;13;776
26;2025-12-31;14;764
26;2025-12-31;15;708
26;2025-12-31;16;660
26;2025-12-31;17;697
26;2025-12-31;18;587
26;2025-12-31;19;469
26;2025-12-31;20;0
26;2025-12-31;21;0
26;2025-12-31;22;0
26;2025-12-31;23;0
28;2025-11-01;0;0
28;2025-11-01;1;0
28;2025-11-01;2;0
28;2025-11-01;3;0
28;2025-11-01;4;1
28;2025-11-01;5;65
28;2025-11-01;6;217
28;2025-11-01;7;669
28;2025-11-01;8;1046
28;2025-11-01;9;689
28;2025-11-01;10;531
28;2025-11-01;11;469
28;2025-11-01;12;579
28;2025-11-01;13;601
28;2025-11-01;14;568
28;2025-11-01;15;581
28;2025-11-01;16;714
28;2025-11-01;17;871
28;2025-11-01;18;832
28;2025-11-01;19;610
28;2025-11-01;20;411
28;2025-11-01;21;263
28;2025-11-01;22;95
28;2025-11-01;23;8
28;2025-11-02;0;0
28;2025-11-02;1;0
28;2025-11-02;2;0
28;2025-11-02;3;0
28;2025-11-02;4;0
28;2025-11-02;5;28
28;2025-11-02;6;73
28;2025-11-02;7;163
28;2025-11-02;8;260
28;2025-11-02;9;331
28;2025-11-02;10;359
28;2025-11-02;11;449
28;2025-11-02;12;453
28;2025-11-02;13;492
28;2025-11-02;14;520
28;2025-11-02;15;496
28;2025-11-02;16;480
28;2025-11-02;17;518
28;2025-11-02;18;464
28;2025-11-02;19;369
28;2025-11-02;20;304
28;2025-11-02;21;241
28;2025-11-02;22;112
28;2025-11-02;23;9
28;2025-11-03;0;0
28;2025-11-03;1;0
28;2025-11-03;2;0
28;2025-11-03;3;0
28;2025-11-03;4;0
28;2025-11-03;5;27
28;2025-11-03;6;70
28;2025-11-03;7;155
28;2025-11-03;8;247
28;2025-11-03;9;314
28;2025-11-03;10;341
28;2025-11-03;11;427
28;2025-11-03;12;431
28;2025-11-03;13;468
28;2025-11-03;14;494
28;2025-11-03;15;472
28;2025-11-03;16;456
28;2025-11-03;17;492
28;2025-11-03;18;441
28;2025-11-03;19;351
28;2025-11-03;20;289
28;2025-11-03;21;229
28;2025-11-03;22;107
28;2025-11-03;23;9
28;2025-11-04;0;0
28;2025-11-04;1;0
28;2025-11-04;2;0
28;2025-11-04;3;0
28;2025-11-04;4;0
28;2025-11-04;5;27
28;2025-11-04;6;70
28;2025-11-04;7;155
28;2025-11-04;8;247
28;2025-11-04;9;314
28;2025-11-04;10;341
28;2025-11-04;11;427
28;2025-11-04;12;431
28;2025-11-04;13;468
28;2025-11-04;14;494
28;2025-11-04;15;472
28;2025-11-04;16;456
28;2025-11-04;17;492
28;2025-11-04;18;441
28;2025-11-04;19;351
28;2025-11-04;20;289
28;2025-11-04;21;229
28;2025-11-04;22;107
28;2025-11-04;23;9
28;2025-11-05;0;0
28;2025-11-05;1;0
28;2025-11-05;2;0
28;2025-11-05;3;0
28;2025-11-05;4;1
28;2025-11-05;5;76
28;2025-11-05;6;256
28;2025-11-05;7;787
28;2025-11-05;8;1230
28;2025-11-05;9;810
28;2025-11-05;10;625
28;2025-11-05;11;551
28;2025-11-05;12;681
28;2025-11-05;13;707
28;2025-11-05;14;668
28;2025-11-05;15;684
28;2025-11-05;16;840
28;2025-11-05;17;1025
28;2025-11-05;18;979
28;2025-11-05;19;718
28;2025-11-05;20;483
28;2025-11-05;21;309
28;2025-11-05;22;112
28;2025-11-05;23;9
28;2025-11-06;0;0
28;2025-11-06;1;0
28;2025-11-06;2;0
28;2025-11-06;3;0
28;2025-11-06;4;1
28;2025-11-06;5;76
28;2025-11-06;6;256
28;2025-11-06;7;787
28;2025-11-06;8;1230
28;2025-11-06;9;810
28;2025-11-06;10;625
28;2025-11-06;11;551
28;2025-11-06;12;681
28;2025-11-06;13;707
28;2025-11-06;14;668
28;2025-11-06;15;684
28;2025-11-06;16;840
28;2025-11-06;17;1025
28;2025-11-06;18;979
28;2025-11-06;19;718
28;2025-11-06;20;483
28;2025-11-06;21;309
28;2025-11-06;22;112
28;2025-11-06;23;9
28;2025-11-07;0;0
28;2025-11-07;1;0
28;2025-11-07;2;0
28;2025-11-07;3;0
28;2025-11-07;4;1
28;2025-11-07;5;76
28;2025-11-07;6;256
28;2025-11-07;7;787
28;2025-11-07;8;1230
28;2025-11-07;9;810
28;2025-11-07;10;625
28;2025-11-07;11;551
28;2025-11-07;12;681
28;2025-11-07;13;707
28;2025-11-07;14;668
28;2025-11-07;15;684
28;2025-11-07;16;840
28;2025-11-07;17;1025
28;2025-11-07;18;979
28;2025-11-07;19;718
28;2025-11-07;20;483
28;2025-11-07;21;309
28;2025-11-07;22;112
28;2025-11-07;23;9
28;2025-11-08;0;1
28;2025-11-08;1;0
28;2025-11-08;2;0
28;2025-11-08;3;0
28;2025-11-08;4;0
28;2025-11-08;5;32
28;2025-11-08;6;104
28;2025-11-08;7;228
28;2025-11-08;8;388
28;2025-11-08;9;462
28;2025-11-08;10;491
28;2025-11-08;11;503
28;2025-11-08;12;613
28;2025-11-08;13;552
28;2025-11-08;14;498
28;2025-11-08;15;605
28;2025-11-08;16;509
28;2025-11-08;17;580
28;2025-11-08;18;497
28;2025-11-08;19;400
28;2025-11-08;20;279
28;2025-11-08;21;252
28;2025-11-08;22;128
28;2025-11-08;23;16
28;2025-11-09;0;0
28;2025-11-09;1;0
28;2025-11-09;2;0
28;2025-11-09;3;0
28;2025-11-09;4;0
28;2025-11-09;5;28
28;2025-11-09;6;73
28;2025-11-09;7;163
28;2025-11-09;8;260
28;2025-11-09;9;331
28;2025-11-09;10;359
28;2025-11-09;11;449
28;2025-11-09;12;453
28;2025-11-09;13;492
28;2025-11-09;14;520
28;2025-11-09;15;496
28;2025-11-09;16;480
28;2025-11-09;17;518
28;2025-11-09;18;464
28;2025-11-09;19;369
28;2025-11-09;20;304
28;2025-11-09;21;241
28;2025-11-09;22;112
28;2025-11-09;23;9
28;2025-11-10;0;0
28;2025-11-10;1;0
28;2025-11-10;2;0
28;2025-11-10;3;0
28;2025-11-10;4;1
28;2025-11-10;5;76
28;2025-11-10;6;256
28;2025-11-10;7;787
28;2025-11-10;8;1230
28;2025-11-10;9;810
28;2025-11-10;10;625
28;2025-11-10;11;551
28;2025-11-10;12;681
28;2025-11-10;13;707
28;2025-11-10;14;668
28;2025-11-10;15;684
28;2025-11-10;16;840
28;2025-11-10;17;1025
28;2025-11-10;18;979
28;2025-11-10;19;718
28;2025-11-10;20;483
28;2025-11-10;21;309
28;2025-11-10;22;112
28;2025-11-10;23;9
28;2025-11-11;0;0
28;2025-11-11;1;0
28;2025-11-11;2;0
28;2025-11-11;3;0
28;2025-11-11;4;1
28;2025-11-11;5;76
28;2025-11-11;6;256
28;2025-11-11;7;787
28;2025-11-11;8;1230
28;2025-11-11;9;810
28;2025-11-11;10;625
28;2025-11-11;11;551
28;2025-11-11;12;681
28;2025-11-11;13;707
28;2025-11-11;14;668
28;2025-11-11;15;684
28;2025-11-11;16;840
28;2025-11-11;17;1025
28;2025-11-11;18;979
28;2025-11-11;19;718
28;2025-11-11;20;483
28;2025-11-11;21;309
28;2025-11-11;22;112
28;2025-11-11;23;9
28;2025-11-12;0;0
28;2025-11-12;1;0
28;2025-11-12;2;0
28;2025-11-12;3;0
28;2025-11-12;4;1
28;2025-11-12;5;76
28;2025-11-12;6;256
28;2025-11-12;7;787
28;2025-11-12;8;1230
28;2025-11-12;9;810
28;2025-11-12;10;625
28;2025-11-12;11;551
28;2025-11-12;12;681
28;2025-11-12;13;707
28;2025-11-12;14;668
28;2025-11-12;15;684
28;2025-11-12;16;840
28;2025-11-12;17;1025
28;2025-11-12;18;979
28;2025-11-12;19;718
28;2025-11-12;20;483
28;2025-11-12;21;309
28;2025-11-12;22;112
28;2025-11-12;23;9
28;2025-11-13;0;0
28;2025-11-13;1;0
28;2025-11-13;2;0
28;2025-11-13;3;0
28;2025-11-13;4;1
28;2025-11-13;5;76
28;2025-11-13;6;256
28;2025-11-13;7;787
28;2025-11-13;8;1230
28;2025-11-13;9;810
28;2025-11-13;10;625
28;2025-11-13;11;551
28;2025-11-13;12;681
28;2025-11-13;13;707
28;2025-11-13;14;668
28;2025-11-13;15;684
28;2025-11-13;16;840
28;2025-11-13;17;1025
28;2025-11-13;18;979
28;2025-11-13;19;718
28;2025-11-13;20;483
28;2025-11-13;21;309
28;2025-11-13;22;112
28;2025-11-13;23;9
28;2025-11-14;0;0
28;2025-11-14;1;0
28;2025-11-14;2;0
28;2025-11-14;3;0
28;2025-11-14;4;1
28;2025-11-14;5;76
28;2025-11-14;6;256
28;2025-11-14;7;787
28;2025-11-14;8;1230
28;2025-11-14;9;810
28;2025-11-14;10;625
28;2025-11-14;11;551
28;2025-11-14;12;681
28;2025-11-14;13;707
28;2025-11-14;14;668
28;2025-11-14;15;684
28;2025-11-14;16;840
28;2025-11-14;17;1025
28;2025-11-14;18;979
28;2025-11-14;19;718
28;2025-11-14;20;483
28;2025-11-14;21;309
28;2025-11-14;22;112
28;2025-11-14;23;9
28;2025-11-15;0;1
28;2025-11-15;1;0
28;2025-11-15;2;0
28;2025-11-15;3;0
28;2025-11-15;4;0
28;2025-11-15;5;32
28;2025-11-15;6;104
28;2025-11-15;7;228
28;2025-11-15;8;388
28;2025-11-15;9;462
28;2025-11-15;10;491
28;2025-11-15;11;503
28;2025-11-15;12;613
28;2025-11-15;13;552
28;2025-11-15;14;498
28;2025-11-15;15;605
28;2025-11-15;16;509
28;2025-11-15;17;580
28;2025-11-15;18;497
28;2025-11-15;19;400
28;2025-11-15;20;279
28;2025-11-15;21;252
28;2025-11-15;22;128
28;2025-11-15;23;16
28;2025-11-16;0;0
28;2025-11-16;1;0
28;2025-11-16;2;0
28;2025-11-16;3;0
28;2025-11-16;4;0
28;2025-11-16;5;28
28;2025-11-16;6;73
28;2025-11-16;7;163
28;2025-11-16;8;260
28;2025-11-16;9;331
28;2025-11-16;10;359
28;2025-11-16;11;449
28;2025-11-16;12;453
28;2025-11-16;13;492
28;2025-11-16;14;520
28;2025-11-16;15;496
28;2025-11-16;16;480
28;2025-11-16;17;518
28;2025-11-16;18;464
28;2025-11-16;19;369
28;2025-11-16;20;304
28;2025-11-16;21;241
28;2025-11-16;22;112
28;2025-11-16;23;9
28;2025-11-17;0;0
28;2025-11-17;1;0
28;2025-11-17;2;0
28;2025-11-17;3;0
28;2025-11-17;4;1
28;2025-11-17;5;76
28;2025-11-17;6;256
28;2025-11-17;7;787
28;2025-11-17;8;1230
28;2025-11-17;9;810
28;2025-11-17;10;625
28;2025-11-17;11;551
28;2025-11-17;12;681
28;2025-11-17;13;707
28;2025-11-17;14;668
28;2025-11-17;15;684
28;2025-11-17;16;840
28;2025-11-17;17;1025
28;2025-11-17;18;979
28;2025-11-17;19;718
28;2025-11-17;20;483
28;2025-11-17;21;309
28;2025-11-17;22;112
28;2025-11-17;23;9
28;2025-11-18;0;0
28;2025-11-18;1;0
28;2025-11-18;2;0
28;2025-11-18;3;0
28;2025-11-18;4;1
28;2025-11-18;5;76
28;2025-11-18;6;256
28;2025-11-18;7;787
28;2025-11-18;8;1230
28;2025-11-18;9;810
28;2025-11-18;10;625
28;2025-11-18;11;551
28;2025-11-18;12;681
28;2025-11-18;13;707
28;2025-11-18;14;668
28;2025-11-18;15;684
28;2025-11-18;16;840
28;2025-11-18;17;1025
28;2025-11-18;18;979
28;2025-11-18;19;718
28;2025-11-18;20;483
28;2025-11-18;21;309
28;2025-11-18;22;112
28;2025-11-18;23;9
28;2025-11-19;0;0
28;2025-11-19;1;0
28;2025-11-19;2;0
28;2025-11-19;3;0
28;2025-11-19;4;1
28;2025-11-19;5;76
28;2025-11-19;6;256
28;2025-11-19;7;787
28;2025-11-19;8;1230
28;2025-11-19;9;810
28;2025-11-19;10;625
28;2025-11-19;11;551
28;2025-11-19;12;681
28;2025-11-19;13;707
28;2025-11-19;14;668
28;2025-11-19;15;684
28;2025-11-19;16;840
28;2025-11-19;17;1025
28;2025-11-19;18;979
28;2025-11-19;19;718
28;2025-11-19;20;483
28;2025-11-19;21;309
28;2025-11-19;22;112
28;2025-11-19;23;9
28;2025-11-20;0;0
28;2025-11-20;1;0
28;2025-11-20;2;0
28;2025-11-20;3;0
28;2025-11-20;4;1
28;2025-11-20;5;76
28;2025-11-20;6;256
28;2025-11-20;7;787
28;2025-11-20;8;1230
28;2025-11-20;9;810
28;2025-11-20;10;625
28;2025-11-20;11;551
28;2025-11-20;12;681
28;2025-11-20;13;707
28;2025-11-20;14;668
28;2025-11-20;15;684
28;2025-11-20;16;840
28;2025-11-20;17;1025
28;2025-11-20;18;979
28;2025-11-20;19;718
28;2025-11-20;20;483
28;2025-11-20;21;309
28;2025-11-20;22;112
28;2025-11-20;23;9
28;2025-11-21;0;0
28;2025-11-21;1;0
28;2025-11-21;2;0
28;2025-11-21;3;0
28;2025-11-21;4;1
28;2025-11-21;5;76
28;2025-11-21;6;256
28;2025-11-21;7;787
28;2025-11-21;8;1230
28;2025-11-21;9;810
28;2025-11-21;10;625
28;2025-11-21;11;551
28;2025-11-21;12;681
28;2025-11-21;13;707
28;2025-11-21;14;668
28;2025-11-21;15;684
28;2025-11-21;16;840
28;2025-11-21;17;1025
28;2025-11-21;18;979
28;2025-11-21;19;718
28;2025-11-21;20;483
28;2025-11-21;21;309
28;2025-11-21;22;112
28;2025-11-21;23;9
28;2025-11-22;0;1
28;2025-11-22;1;0
28;2025-11-22;2;0
28;2025-11-22;3;0
28;2025-11-22;4;0
28;2025-11-22;5;32
28;2025-11-22;6;104
28;2025-11-22;7;228
28;2025-11-22;8;388
28;2025-11-22;9;462
28;2025-11-22;10;491
28;2025-11-22;11;503
28;2025-11-22;12;613
28;2025-11-22;13;552
28;2025-11-22;14;498
28;2025-11-22;15;605
28;2025-11-22;16;509
28;2025-11-22;17;580
28;2025-11-22;18;497
28;2025-11-22;19;400
28;2025-11-22;20;279
28;2025-11-22;21;252
28;2025-11-22;22;128
28;2025-11-22;23;16
28;2025-11-23;0;0
28;2025-11-23;1;0
28;2025-11-23;2;0
28;2025-11-23;3;0
28;2025-11-23;4;0
28;2025-11-23;5;28
28;2025-11-23;6;73
28;2025-11-23;7;163
28;2025-11-23;8;260
28;2025-11-23;9;331
28;2025-11-23;10;359
28;2025-11-23;11;449
28;2025-11-23;12;453
28;2025-11-23;13;492
28;2025-11-23;14;520
28;2025-11-23;15;496
28;2025-11-23;16;480
28;2025-11-23;17;518
28;2025-11-23;18;464
28;2025-11-23;19;369
28;2025-11-23;20;304
28;2025-11-23;21;241
28;2025-11-23;22;112
28;2025-11-23;23;9
28;2025-11-24;0;0
28;2025-11-24;1;0
28;2025-11-24;2;0
28;2025-11-24;3;0
28;2025-11-24;4;1
28;2025-11-24;5;76
28;2025-11-24;6;256
28;2025-11-24;7;787
28;2025-11-24;8;1230
28;2025-11-24;9;810
28;2025-11-24;10;625
28;2025-11-24;11;551
28;2025-11-24;12;681
28;2025-11-24;13;707
28;2025-11-24;14;668
28;2025-11-24;15;684
28;2025-11-24;16;840
28;2025-11-24;17;1025
28;2025-11-24;18;979
28;2025-11-24;19;718
28;2025-11-24;20;483
28;2025-11-24;21;309
28;2025-11-24;22;112
28;2025-11-24;23;9
28;2025-11-25;0;0
28;2025-11-25;1;0
28;2025-11-25;2;0
28;2025-11-25;3;0
28;2025-11-25;4;1
28;2025-11-25;5;76
28;2025-11-25;6;256
28;2025-11-25;7;787
28;2025-11-25;8;1230
28;2025-11-25;9;810
28;2025-11-25;10;625
28;2025-11-25;11;551
28;2025-11-25;12;681
28;2025-11-25;13;707
28;2025-11-25;14;668
28;2025-11-25;15;684
28;2025-11-25;16;840
28;2025-11-25;17;1025
28;2025-11-25;18;979
28;2025-11-25;19;718
28;2025-11-25;20;483
28;2025-11-25;21;309
28;2025-11-25;22;112
28;2025-11-25;23;9
28;2025-11-26;0;0
28;2025-11-26;1;0
28;2025-11-26;2;0
28;2025-11-26;3;0
28;2025-11-26;4;1
28;2025-11-26;5;76
28;2025-11-26;6;256
28;2025-11-26;7;787
28;2025-11-26;8;1230
28;2025-11-26;9;810
28;2025-11-26;10;625
28;2025-11-26;11;551
28;2025-11-26;12;681
28;2025-11-26;13;707
28;2025-11-26;14;668
28;2025-11-26;15;684
28;2025-11-26;16;840
28;2025-11-26;17;1025
28;2025-11-26;18;979
28;2025-11-26;19;718
28;2025-11-26;20;483
28;2025-11-26;21;309
28;2025-11-26;22;112
28;2025-11-26;23;9
28;2025-11-27;0;0
28;2025-11-27;1;0
28;2025-11-27;2;0
28;2025-11-27;3;0
28;2025-11-27;4;1
28;2025-11-27;5;76
28;2025-11-27;6;256
28;2025-11-27;7;787
28;2025-11-27;8;1230
28;2025-11-27;9;810
28;2025-11-27;10;625
28;2025-11-27;11;551
28;2025-11-27;12;681
28;2025-11-27;13;707
28;2025-11-27;14;668
28;2025-11-27;15;684
28;2025-11-27;16;840
28;2025-11-27;17;1025
28;2025-11-27;18;979
28;2025-11-27;19;718
28;2025-11-27;20;483
28;2025-11-27;21;309
28;2025-11-27;22;112
28;2025-11-27;23;9
28;2025-11-28;0;0
28;2025-11-28;1;0
28;2025-11-28;2;0
28;2025-11-28;3;0
28;2025-11-28;4;1
28;2025-11-28;5;76
28;2025-11-28;6;256
28;2025-11-28;7;787
28;2025-11-28;8;1230
28;2025-11-28;9;810
28;2025-11-28;10;625
28;2025-11-28;11;551
28;2025-11-28;12;681
28;2025-11-28;13;707
28;2025-11-28;14;668
28;2025-11-28;15;684
28;2025-11-28;16;840
28;2025-11-28;17;1025
28;2025-11-28;18;979
28;2025-11-28;19;718
28;2025-11-28;20;483
28;2025-11-28;21;309
28;2025-11-28;22;112
28;2025-11-28;23;9
28;2025-11-29;0;1
28;2025-11-29;1;0
28;2025-11-29;2;0
28;2025-11-29;3;0
28;2025-11-29;4;0
28;2025-11-29;5;32
28;2025-11-29;6;104
28;2025-11-29;7;228
28;2025-11-29;8;388
28;2025-11-29;9;462
28;2025-11-29;10;491
28;2025-11-29;11;503
28;2025-11-29;12;613
28;2025-11-29;13;552
28;2025-11-29;14;498
28;2025-11-29;15;605
28;2025-11-29;16;509
28;2025-11-29;17;580
28;2025-11-29;18;497
28;2025-11-29;19;400
28;2025-11-29;20;279
28;2025-11-29;21;252
28;2025-11-29;22;128
28;2025-11-29;23;16
28;2025-11-30;0;0
28;2025-11-30;1;0
28;2025-11-30;2;0
28;2025-11-30;3;0
28;2025-11-30;4;0
28;2025-11-30;5;28
28;2025-11-30;6;73
28;2025-11-30;7;163
28;2025-11-30;8;260
28;2025-11-30;9;331
28;2025-11-30;10;359
28;2025-11-30;11;449
28;2025-11-30;12;453
28;2025-11-30;13;492
28;2025-11-30;14;520
28;2025-11-30;15;496
28;2025-11-30;16;480
28;2025-11-30;17;518
28;2025-11-30;18;464
28;2025-11-30;19;369
28;2025-11-30;20;304
28;2025-11-30;21;241
28;2025-11-30;22;112
28;2025-11-30;23;9
28;2025-12-01;0;0
28;2025-12-01;1;0
28;2025-12-01;2;0
28;2025-12-01;3;0
28;2025-12-01;4;1
28;2025-12-01;5;79
28;2025-12-01;6;264
28;2025-12-01;7;812
28;2025-12-01;8;1269
28;2025-12-01;9;835
28;2025-12-01;10;644
28;2025-12-01;11;569
28;2025-12-01;12;702
28;2025-12-01;13;729
28;2025-12-01;14;689
28;2025-12-01;15;705
28;2025-12-01;16;866
28;2025-12-01;17;1057
28;2025-12-01;18;1009
28;2025-12-01;19;740
28;2025-12-01;20;498
28;2025-12-01;21;318
28;2025-12-01;22;116
28;2025-12-01;23;9
28;2025-12-02;0;0
28;2025-12-02;1;0
28;2025-12-02;2;0
28;2025-12-02;3;0
28;2025-12-02;4;1
28;2025-12-02;5;79
28;2025-12-02;6;264
28;2025-12-02;7;812
28;2025-12-02;8;1269
28;2025-12-02;9;835
28;2025-12-02;10;644
28;2025-12-02;11;569
28;2025-12-02;12;702
28;2025-12-02;13;729
28;2025-12-02;14;689
28;2025-12-02;15;705
28;2025-12-02;16;866
28;2025-12-02;17;1057
28;2025-12-02;18;1009
28;2025-12-02;19;740
28;2025-12-02;20;498
28;2025-12-02;21;318
28;2025-12-02;22;116
28;2025-12-02;23;9
28;2025-12-03;0;0
28;2025-12-03;1;0
28;2025-12-03;2;0
28;2025-12-03;3;0
28;2025-12-03;4;1
28;2025-12-03;5;79
28;2025-12-03;6;264
28;2025-12-03;7;812
28;2025-12-03;8;1269
28;2025-12-03;9;835
28;2025-12-03;10;644
28;2025-12-03;11;569
28;2025-12-03;12;702
28;2025-12-03;13;729
28;2025-12-03;14;689
28;2025-12-03;15;705
28;2025-12-03;16;866
28;2025-12-03;17;1057
28;2025-12-03;18;1009
28;2025-12-03;19;740
28;2025-12-03;20;498
28;2025-12-03;21;318
28;2025-12-03;22;116
28;2025-12-03;23;9
28;2025-12-04;0;0
28;2025-12-04;1;0
28;2025-12-04;2;0
28;2025-12-04;3;0
28;2025-12-04;4;1
28;2025-12-04;5;79
28;2025-12-04;6;264
28;2025-12-04;7;812
28;2025-12-04;8;1269
28;2025-12-04;9;835
28;2025-12-04;10;644
28;2025-12-04;11;569
28;2025-12-04;12;702
28;2025-12-04;13;729
28;2025-12-04;14;689
28;2025-12-04;15;705
28;2025-12-04;16;866
28;2025-12-04;17;1057
28;2025-12-04;18;1009
28;2025-12-04;19;740
28;2025-12-04;20;498
28;2025-12-04;21;318
28;2025-12-04;22;116
28;2025-12-04;23;9
28;2025-12-05;0;0
28;2025-12-05;1;0
28;2025-12-05;2;0
28;2025-12-05;3;0
28;2025-12-05;4;1
28;2025-12-05;5;79
28;2025-12-05;6;264
28;2025-12-05;7;812
28;2025-12-05;8;1269
28;2025-12-05;9;835
28;2025-12-05;10;644
28;2025-12-05;11;569
28;2025-12-05;12;702
28;2025-12-05;13;729
28;2025-12-05;14;689
28;2025-12-05;15;705
28;2025-12-05;16;866
28;2025-12-05;17;1057
28;2025-12-05;18;1009
28;2025-12-05;19;740
28;2025-12-05;20;498
28;2025-12-05;21;318
28;2025-12-05;22;116
28;2025-12-05;23;9
28;2025-12-06;0;1
28;2025-12-06;1;0
28;2025-12-06;2;0
28;2025-12-06;3;0
28;2025-12-06;4;0
28;2025-12-06;5;33
28;2025-12-06;6;108
28;2025-12-06;7;235
28;2025-12-06;8;400
28;2025-12-06;9;477
28;2025-12-06;10;507
28;2025-12-06;11;519
28;2025-12-06;12;632
28;2025-12-06;13;570
28;2025-12-06;14;514
28;2025-12-06;15;623
28;2025-12-06;16;525
28;2025-12-06;17;598
28;2025-12-06;18;513
28;2025-12-06;19;413
28;2025-12-06;20;287
28;2025-12-06;21;260
28;2025-12-06;22;132
28;2025-12-06;23;17
28;2025-12-07;0;0
28;2025-12-07;1;0
28;2025-12-07;2;0
28;2025-12-07;3;0
28;2025-12-07;4;0
28;2025-12-07;5;29
28;2025-12-07;6;75
28;2025-12-07;7;169
28;2025-12-07;8;268
28;2025-12-07;9;341
28;2025-12-07;10;370
28;2025-12-07;11;463
28;2025-12-07;12;467
28;2025-12-07;13;508
28;2025-12-07;14;537
28;2025-12-07;15;512
28;2025-12-07;16;495
28;2025-12-07;17;535
28;2025-12-07;18;479
28;2025-12-07;19;380
28;2025-12-07;20;313
28;2025-12-07;21;248
28;2025-12-07;22;116
28;2025-12-07;23;9
28;2025-12-08;0;0
28;2025-12-08;1;0
28;2025-12-08;2;0
28;2025-12-08;3;0
28;2025-12-08;4;1
28;2025-12-08;5;79
28;2025-12-08;6;264
28;2025-12-08;7;812
28;2025-12-08;8;1269
28;2025-12-08;9;835
28;2025-12-08;10;644
28;2025-12-08;11;569
28;2025-12-08;12;702
28;2025-12-08;13;729
28;2025-12-08;14;689
28;2025-12-08;15;705
28;2025-12-08;16;866
28;2025-12-08;17;1057
28;2025-12-08;18;1009
28;2025-12-08;19;740
28;2025-12-08;20;498
28;2025-12-08;21;318
28;2025-12-08;22;116
28;2025-12-08;23;9
28;2025-12-09;0;0
28;2025-12-09;1;0
28;2025-12-09;2;0
28;2025-12-09;3;0
28;2025-12-09;4;1
28;2025-12-09;5;79
28;2025-12-09;6;264
28;2025-12-09;7;812
28;2025-12-09;8;1269
28;2025-12-09;9;835
28;2025-12-09;10;644
28;2025-12-09;11;569
28;2025-12-09;12;702
28;2025-12-09;13;729
28;2025-12-09;14;689
28;2025-12-09;15;705
28;2025-12-09;16;866
28;2025-12-09;17;1057
28;2025-12-09;18;1009
28;2025-12-09;19;740
28;2025-12-09;20;498
28;2025-12-09;21;318
28;2025-12-09;22;116
28;2025-12-09;23;9
28;2025-12-10;0;0
28;2025-12-10;1;0
28;2025-12-10;2;0
28;2025-12-10;3;0
28;2025-12-10;4;1
28;2025-12-10;5;79
28;2025-12-10;6;264
28;2025-12-10;7;812
28;2025-12-10;8;1269
28;2025-12-10;9;835
28;2025-12-10;10;644
28;2025-12-10;11;569
28;2025-12-10;12;702
28;2025-12-10;13;729
28;2025-12-10;14;689
28;2025-12-10;15;705
28;2025-12-10;16;866
28;2025-12-10;17;1057
28;2025-12-10;18;1009
28;2025-12-10;19;740
28;2025-12-10;20;498
28;2025-12-10;21;318
28;2025-12-10;22;116
28;2025-12-10;23;9
28;2025-12-11;0;0
28;2025-12-11;1;0
28;2025-12-11;2;0
28;2025-12-11;3;0
28;2025-12-11;4;1
28;2025-12-11;5;79
28;2025-12-11;6;264
28;2025-12-11;7;812
28;2025-12-11;8;1269
28;2025-12-11;9;835
28;2025-12-11;10;644
28;2025-12-11;11;569
28;2025-12-11;12;702
28;2025-12-11;13;729
28;2025-12-11;14;689
28;2025-12-11;15;705
28;2025-12-11;16;866
28;2025-12-11;17;1057
28;2025-12-11;18;1009
28;2025-12-11;19;740
28;2025-12-11;20;498
28;2025-12-11;21;318
28;2025-12-11;22;116
28;2025-12-11;23;9
28;2025-12-12;0;0
28;2025-12-12;1;0
28;2025-12-12;2;0
28;2025-12-12;3;0
28;2025-12-12;4;1
28;2025-12-12;5;79
28;2025-12-12;6;264
28;2025-12-12;7;812
28;2025-12-12;8;1269
28;2025-12-12;9;835
28;2025-12-12;10;644
28;2025-12-12;11;569
28;2025-12-12;12;702
28;2025-12-12;13;729
28;2025-12-12;14;689
28;2025-12-12;15;705
28;2025-12-12;16;866
28;2025-12-12;17;1057
28;2025-12-12;18;1009
28;2025-12-12;19;740
28;2025-12-12;20;498
28;2025-12-12;21;318
28;2025-12-12;22;116
28;2025-12-12;23;9
28;2025-12-13;0;1
28;2025-12-13;1;0
28;2025-12-13;2;0
28;2025-12-13;3;0
28;2025-12-13;4;0
28;2025-12-13;5;33
28;2025-12-13;6;108
28;2025-12-13;7;235
28;2025-12-13;8;400
28;2025-12-13;9;477
28;2025-12-13;10;507
28;2025-12-13;11;519
28;2025-12-13;12;632
28;2025-12-13;13;570
28;2025-12-13;14;514
28;2025-12-13;15;623
28;2025-12-13;16;525
28;2025-12-13;17;598
28;2025-12-13;18;513
28;2025-12-13;19;413
28;2025-12-13;20;287
28;2025-12-13;21;260
28;2025-12-13;22;132
28;2025-12-13;23;17
28;2025-12-14;0;0
28;2025-12-14;1;0
28;2025-12-14;2;0
28;2025-12-14;3;0
28;2025-12-14;4;0
28;2025-12-14;5;29
28;2025-12-14;6;75
28;2025-12-14;7;169
28;2025-12-14;8;268
28;2025-12-14;9;341
28;2025-12-14;10;370
28;2025-12-14;11;463
28;2025-12-14;12;467
28;2025-12-14;13;508
28;2025-12-14;14;537
28;2025-12-14;15;512
28;2025-12-14;16;495
28;2025-12-14;17;535
28;2025-12-14;18;479
28;2025-12-14;19;380
28;2025-12-14;20;313
28;2025-12-14;21;248
28;2025-12-14;22;116
28;2025-12-14;23;9
28;2025-12-15;0;0
28;2025-12-15;1;0
28;2025-12-15;2;0
28;2025-12-15;3;0
28;2025-12-15;4;1
28;2025-12-15;5;79
28;2025-12-15;6;264
28;2025-12-15;7;812
28;2025-12-15;8;1269
28;2025-12-15;9;835
28;2025-12-15;10;644
28;2025-12-15;11;569
28;2025-12-15;12;702
28;2025-12-15;13;729
28;2025-12-15;14;689
28;2025-12-15;15;705
28;2025-12-15;16;866
28;2025-12-15;17;1057
28;2025-12-15;18;1009
28;2025-12-15;19;740
28;2025-12-15;20;498
28;2025-12-15;21;318
28;2025-12-15;22;116
28;2025-12-15;23;9
28;2025-12-16;0;0
28;2025-12-16;1;0
28;2025-12-16;2;0
28;2025-12-16;3;0
28;2025-12-16;4;1
28;2025-12-16;5;79
28;2025-12-16;6;264
28;2025-12-16;7;812
28;2025-12-16;8;1269
28;2025-12-16;9;835
28;2025-12-16;10;644
28;2025-12-16;11;569
28;2025-12-16;12;702
28;2025-12-16;13;729
28;2025-12-16;14;689
28;2025-12-16;15;705
28;2025-12-16;16;866
28;2025-12-16;17;1057
28;2025-12-16;18;1009
28;2025-12-16;19;740
28;2025-12-16;20;498
28;2025-12-16;21;318
28;2025-12-16;22;116
28;2025-12-16;23;9
28;2025-12-17;0;0
28;2025-12-17;1;0
28;2025-12-17;2;0
28;2025-12-17;3;0
28;2025-12-17;4;1
28;2025-12-17;5;79
28;2025-12-17;6;264
28;2025-12-17;7;812
28;2025-12-17;8;1269
28;2025-12-17;9;835
28;2025-12-17;10;644
28;2025-12-17;11;569
28;2025-12-17;12;702
28;2025-12-17;13;729
28;2025-12-17;14;689
28;2025-12-17;15;705
28;2025-12-17;16;866
28;2025-12-17;17;1057
28;2025-12-17;18;1009
28;2025-12-17;19;740
28;2025-12-17;20;498
28;2025-12-17;21;318
28;2025-12-17;22;116
28;2025-12-17;23;9
28;2025-12-18;0;0
28;2025-12-18;1;0
28;2025-12-18;2;0
28;2025-12-18;3;0
28;2025-12-18;4;1
28;2025-12-18;5;79
28;2025-12-18;6;264
28;2025-12-18;7;812
28;2025-12-18;8;1269
28;2025-12-18;9;835
28;2025-12-18;10;644
28;2025-12-18;11;569
28;2025-12-18;12;702
28;2025-12-18;13;729
28;2025-12-18;14;689
28;2025-12-18;15;705
28;2025-12-18;16;866
28;2025-12-18;17;1057
28;2025-12-18;18;1009
28;2025-12-18;19;740
28;2025-12-18;20;498
28;2025-12-18;21;318
28;2025-12-18;22;116
28;2025-12-18;23;9
28;2025-12-19;0;0
28;2025-12-19;1;0
28;2025-12-19;2;0
28;2025-12-19;3;0
28;2025-12-19;4;1
28;2025-12-19;5;79
28;2025-12-19;6;264
28;2025-12-19;7;812
28;2025-12-19;8;1269
28;2025-12-19;9;835
28;2025-12-19;10;644
28;2025-12-19;11;569
28;2025-12-19;12;702
28;2025-12-19;13;729
28;2025-12-19;14;689
28;2025-12-19;15;705
28;2025-12-19;16;866
28;2025-12-19;17;1057
28;2025-12-19;18;1009
28;2025-12-19;19;740
28;2025-12-19;20;498
28;2025-12-19;21;318
28;2025-12-19;22;116
28;2025-12-19;23;9
28;2025-12-20;0;1
28;2025-12-20;1;0
28;2025-12-20;2;0
28;2025-12-20;3;0
28;2025-12-20;4;0
28;2025-12-20;5;33
28;2025-12-20;6;108
28;2025-12-20;7;235
28;2025-12-20;8;400
28;2025-12-20;9;477
28;2025-12-20;10;507
28;2025-12-20;11;519
28;2025-12-20;12;632
28;2025-12-20;13;570
28;2025-12-20;14;514
28;2025-12-20;15;623
28;2025-12-20;16;525
28;2025-12-20;17;598
28;2025-12-20;18;513
28;2025-12-20;19;413
28;2025-12-20;20;287
28;2025-12-20;21;260
28;2025-12-20;22;132
28;2025-12-20;23;17
28;2025-12-21;0;0
28;2025-12-21;1;0
28;2025-12-21;2;0
28;2025-12-21;3;0
28;2025-12-21;4;0
28;2025-12-21;5;29
28;2025-12-21;6;75
28;2025-12-21;7;169
28;2025-12-21;8;268
28;2025-12-21;9;341
28;2025-12-21;10;370
28;2025-12-21;11;463
28;2025-12-21;12;467
28;2025-12-21;13;508
28;2025-12-21;14;537
28;2025-12-21;15;512
28;2025-12-21;16;495
28;2025-12-21;17;535
28;2025-12-21;18;479
28;2025-12-21;19;380
28;2025-12-21;20;313
28;2025-12-21;21;248
28;2025-12-21;22;116
28;2025-12-21;23;9
28;2025-12-22;0;0
28;2025-12-22;1;0
28;2025-12-22;2;0
28;2025-12-22;3;0
28;2025-12-22;4;1
28;2025-12-22;5;79
28;2025-12-22;6;264
28;2025-12-22;7;812
28;2025-12-22;8;1269
28;2025-12-22;9;835
28;2025-12-22;10;644
28;2025-12-22;11;569
28;2025-12-22;12;702
28;2025-12-22;13;729
28;2025-12-22;14;689
28;2025-12-22;15;705
28;2025-12-22;16;866
28;2025-12-22;17;1057
28;2025-12-22;18;1009
28;2025-12-22;19;740
28;2025-12-22;20;498
28;2025-12-22;21;318
28;2025-12-22;22;116
28;2025-12-22;23;9
28;2025-12-23;0;0
28;2025-12-23;1;0
28;2025-12-23;2;0
28;2025-12-23;3;0
28;2025-12-23;4;1
28;2025-12-23;5;79
28;2025-12-23;6;264
28;2025-12-23;7;812
28;2025-12-23;8;1269
28;2025-12-23;9;835
28;2025-12-23;10;644
28;2025-12-23;11;569
28;2025-12-23;12;702
28;2025-12-23;13;729
28;2025-12-23;14;689
28;2025-12-23;15;705
28;2025-12-23;16;866
28;2025-12-23;17;1057
28;2025-12-23;18;1009
28;2025-12-23;19;740
28;2025-12-23;20;498
28;2025-12-23;21;318
28;2025-12-23;22;116
28;2025-12-23;23;9
28;2025-12-24;0;0
28;2025-12-24;1;0
28;2025-12-24;2;0
28;2025-12-24;3;0
28;2025-12-24;4;1
28;2025-12-24;5;79
28;2025-12-24;6;264
28;2025-12-24;7;812
28;2025-12-24;8;1269
28;2025-12-24;9;835
28;2025-12-24;10;644
28;2025-12-24;11;569
28;2025-12-24;12;702
28;2025-12-24;13;729
28;2025-12-24;14;689
28;2025-12-24;15;705
28;2025-12-24;16;866
28;2025-12-24;17;1057
28;2025-12-24;18;1009
28;2025-12-24;19;740
28;2025-12-24;20;498
28;2025-12-24;21;318
28;2025-12-24;22;116
28;2025-12-24;23;9
28;2025-12-25;0;0
28;2025-12-25;1;0
28;2025-12-25;2;0
28;2025-12-25;3;0
28;2025-12-25;4;1
28;2025-12-25;5;79
28;2025-12-25;6;264
28;2025-12-25;7;812
28;2025-12-25;8;1269
28;2025-12-25;9;835
28;2025-12-25;10;644
28;2025-12-25;11;569
28;2025-12-25;12;702
28;2025-12-25;13;729
28;2025-12-25;14;689
28;2025-12-25;15;705
28;2025-12-25;16;866
28;2025-12-25;17;1057
28;2025-12-25;18;1009
28;2025-12-25;19;740
28;2025-12-25;20;498
28;2025-12-25;21;318
28;2025-12-25;22;116
28;2025-12-25;23;9
28;2025-12-26;0;0
28;2025-12-26;1;0
28;2025-12-26;2;0
28;2025-12-26;3;0
28;2025-12-26;4;1
28;2025-12-26;5;79
28;2025-12-26;6;264
28;2025-12-26;7;812
28;2025-12-26;8;1269
28;2025-12-26;9;835
28;2025-12-26;10;644
28;2025-12-26;11;569
28;2025-12-26;12;702
28;2025-12-26;13;729
28;2025-12-26;14;689
28;2025-12-26;15;705
28;2025-12-26;16;866
28;2025-12-26;17;1057
28;2025-12-26;18;1009
28;2025-12-26;19;740
28;2025-12-26;20;498
28;2025-12-26;21;318
28;2025-12-26;22;116
28;2025-12-26;23;9
28;2025-12-27;0;1
28;2025-12-27;1;0
28;2025-12-27;2;0
28;2025-12-27;3;0
28;2025-12-27;4;0
28;2025-12-27;5;33
28;2025-12-27;6;108
28;2025-12-27;7;235
28;2025-12-27;8;400
28;2025-12-27;9;477
28;2025-12-27;10;507
28;2025-12-27;11;519
28;2025-12-27;12;632
28;2025-12-27;13;570
28;2025-12-27;14;514
28;2025-12-27;15;623
28;2025-12-27;16;525
28;2025-12-27;17;598
28;2025-12-27;18;513
28;2025-12-27;19;413
28;2025-12-27;20;287
28;2025-12-27;21;260
28;2025-12-27;22;132
28;2025-12-27;23;17
28;2025-12-28;0;0
28;2025-12-28;1;0
28;2025-12-28;2;0
28;2025-12-28;3;0
28;2025-12-28;4;0
28;2025-12-28;5;29
28;2025-12-28;6;75
28;2025-12-28;7;169
28;2025-12-28;8;268
28;2025-12-28;9;341
28;2025-12-28;10;370
28;2025-12-28;11;463
28;2025-12-28;12;467
28;2025-12-28;13;508
28;2025-12-28;14;537
28;2025-12-28;15;512
28;2025-12-28;16;495
28;2025-12-28;17;535
28;2025-12-28;18;479
28;2025-12-28;19;380
28;2025-12-28;20;313
28;2025-12-28;21;248
28;2025-12-28;22;116
28;2025-12-28;23;9
28;2025-12-29;0;0
28;2025-12-29;1;0
28;2025-12-29;2;0
28;2025-12-29;3;0
28;2025-12-29;4;1
28;2025-12-29;5;67
28;2025-12-29;6;224
28;2025-12-29;7;690
28;2025-12-29;8;1078
28;2025-12-29;9;710
28;2025-12-29;10;548
28;2025-12-29;11;483
28;2025-12-29;12;597
28;2025-12-29;13;620
28;2025-12-29;14;585
28;2025-12-29;15;599
28;2025-12-29;16;736
28;2025-12-29;17;898
28;2025-12-29;18;858
28;2025-12-29;19;629
28;2025-12-29;20;424
28;2025-12-29;21;271
28;2025-12-29;22;98
28;2025-12-29;23;8
28;2025-12-30;0;0
28;2025-12-30;1;0
28;2025-12-30;2;0
28;2025-12-30;3;0
28;2025-12-30;4;1
28;2025-12-30;5;67
28;2025-12-30;6;224
28;2025-12-30;7;690
28;2025-12-30;8;1078
28;2025-12-30;9;710
28;2025-12-30;10;548
28;2025-12-30;11;483
28;2025-12-30;12;597
28;2025-12-30;13;620
28;2025-12-30;14;585
28;2025-12-30;15;599
28;2025-12-30;16;736
28;2025-12-30;17;898
28;2025-12-30;18;858
28;2025-12-30;19;629
28;2025-12-30;20;424
28;2025-12-30;21;271
28;2025-12-30;22;98
28;2025-12-30;23;8
28;2025-12-31;0;0
28;2025-12-31;1;0
28;2025-12-31;2;0
28;2025-12-31;3;0
28;2025-12-31;4;0
28;2025-12-31;5;25
28;2025-12-31;6;65
28;2025-12-31;7;144
28;2025-12-31;8;229
28;2025-12-31;9;292
28;2025-12-31;10;316
28;2025-12-31;11;396
28;2025-12-31;12;400
28;2025-12-31;13;434
28;2025-12-31;14;459
28;2025-12-31;15;438
28;2025-12-31;16;423
28;2025-12-31;17;457
28;2025-12-31;18;409
28;2025-12-31;19;325
28;2025-12-31;20;0
28;2025-12-31;21;0
28;2025-12-31;22;0
28;2025-12-31;23;0
50;2025-11-01;0;20
50;2025-11-01;1;1
50;2025-11-01;2;0
50;2025-11-01;3;0
50;2025-11-01;4;3
50;2025-11-01;5;58
50;2025-11-01;6;435
50;2025-11-01;7;1466
50;2025-11-01;8;2382
50;2025-11-01;9;1848
50;2025-11-01;10;1402
50;2025-11-01;11;1289
50;2025-11-01;12;1209
50;2025-11-01;13;1253
50;2025-11-01;14;1201
50;2025-11-01;15;1413
50;2025-11-01;16;1451
50;2025-11-01;17;1986
50;2025-11-01;18;1961
50;2025-11-01;19;1161
50;2025-11-01;20;750
50;2025-11-01;21;528
50;2025-11-01;22;205
50;2025-11-01;23;129
50;2025-11-02;0;0
50;2025-11-02;1;0
50;2025-11-02;2;0
50;2025-11-02;3;0
50;2025-11-02;4;0
50;2025-11-02;5;0
50;2025-11-02;6;0
50;2025-11-02;7;0
50;2025-11-02;8;0
50;2025-11-02;9;0
50;2025-11-02;10;22
50;2025-11-02;11;31
50;2025-11-02;12;17
50;2025-11-02;13;36
50;2025-11-02;14;118
50;2025-11-02;15;107
50;2025-11-02;16;200
50;2025-11-02;17;131
50;2025-11-02;18;64
50;2025-11-02;19;48
50;2025-11-02;20;52
50;2025-11-02;21;29
50;2025-11-02;22;43
50;2025-11-02;23;7
50;2025-11-03;0;0
50;2025-11-03;1;0
50;2025-11-03;2;0
50;2025-11-03;3;0
50;2025-11-03;4;0
50;2025-11-03;5;0
50;2025-11-03;6;0
50;2025-11-03;7;0
50;2025-11-03;8;0
50;2025-11-03;9;0
50;2025-11-03;10;21
50;2025-11-03;11;30
50;2025-11-03;12;16
50;2025-11-03;13;34
50;2025-11-03;14;112
50;2025-11-03;15;102
50;2025-11-03;16;190
50;2025-11-03;17;125
50;2025-11-03;18;61
50;2025-11-03;19;46
50;2025-11-03;20;50
50;2025-11-03;21;28
50;2025-11-03;22;41
50;2025-11-03;23;7
50;2025-11-04;0;0
50;2025-11-04;1;0
50;2025-11-04;2;0
50;2025-11-04;3;0
50;2025-11-04;4;0
50;2025-11-04;5;0
50;2025-11-04;6;0
50;2025-11-04;7;0
50;2025-11-04;8;0
50;2025-11-04;9;0
50;2025-11-04;10;21
50;2025-11-04;11;30
50;2025-11-04;12;16
50;2025-11-04;13;34
50;2025-11-04;14;112
50;2025-11-04;15;102
50;2025-11-04;16;190
50;2025-11-04;17;125
50;2025-11-04;18;61
50;2025-11-04;19;46
50;2025-11-04;20;50
50;2025-11-04;21;28
50;2025-11-04;22;41
50;2025-11-04;23;7
50;2025-11-05;0;24
50;2025-11-05;1;1
50;2025-11-05;2;0
50;2025-11-05;3;0
50;2025-11-05;4;3
50;2025-11-05;5;68
50;2025-11-05;6;511
50;2025-11-05;7;1725
50;2025-11-05;8;2803
50;2025-11-05;9;2174
50;2025-11-05;10;1649
50;2025-11-05;11;1516
50;2025-11-05;12;1423
50;2025-11-05;13;1474
50;2025-11-05;14;1413
50;2025-11-05;15;1662
50;2025-11-05;16;1707
50;2025-11-05;17;2336
50;2025-11-05;18;2307
50;2025-11-05;19;1366
50;2025-11-05;20;882
50;2025-11-05;21;622
50;2025-11-05;22;241
50;2025-11-05;23;151
50;2025-11-06;0;24
50;2025-11-06;1;1
50;2025-11-06;2;0
50;2025-11-06;3;0
50;2025-11-06;4;3
50;2025-11-06;5;68
50;2025-11-06;6;511
50;2025-11-06;7;1725
50;2025-11-06;8;2803
50;2025-11-06;9;2174
50;2025-11-06;10;1649
50;2025-11-06;11;1516
50;2025-11-06;12;1423
50;2025-11-06;13;1474
50;2025-11-06;14;1413
50;2025-11-06;15;1662
50;2025-11-06;16;1707
50;2025-11-06;17;2336
50;2025-11-06;18;2307
50;2025-11-06;19;1366
50;2025-11-06;20;882
50;2025-11-06;21;622
50;2025-11-06;22;241
50;2025-11-06;23;151
50;2025-11-07;0;24
50;2025-11-07;1;1
50;2025-11-07;2;0
50;2025-11-07;3;0
50;2025-11-07;4;3
50;2025-11-07;5;68
50;2025-11-07;6;511
50;2025-11-07;7;1725
50;2025-11-07;8;2803
50;2025-11-07;9;2174
50;2025-11-07;10;1649
50;2025-11-07;11;1516
50;2025-11-07;12;1423
50;2025-11-07;13;1474
50;2025-11-07;14;1413
50;2025-11-07;15;1662
50;2025-11-07;16;1707
50;2025-11-07;17;2336
50;2025-11-07;18;2307
50;2025-11-07;19;1366
50;2025-11-07;20;882
50;2025-11-07;21;622
50;2025-11-07;22;241
50;2025-11-07;23;151
50;2025-11-08;0;44
50;2025-11-08;1;4
50;2025-11-08;2;0
50;2025-11-08;3;0
50;2025-11-08;4;0
50;2025-11-08;5;0
50;2025-11-08;6;0
50;2025-11-08;7;4
50;2025-11-08;8;4
50;2025-11-08;9;10
50;2025-11-08;10;7
50;2025-11-08;11;4
50;2025-11-08;12;32
50;2025-11-08;13;22
50;2025-11-08;14;25
50;2025-11-08;15;33
50;2025-11-08;16;14
50;2025-11-08;17;16
50;2025-11-08;18;2
50;2025-11-08;19;0
50;2025-11-08;20;3
50;2025-11-08;21;0
50;2025-11-08;22;2
50;2025-11-08;23;0
50;2025-11-09;0;0
50;2025-11-09;1;0
50;2025-11-09;2;0
50;2025-11-09;3;0
50;2025-11-09;4;0
50;2025-11-09;5;0
50;2025-11-09;6;0
50;2025-11-09;7;0
50;2025-11-09;8;0
50;2025-11-09;9;0
50;2025-11-09;10;22
50;2025-11-09;11;31
50;2025-11-09;12;17
50;2025-11-09;13;36
50;2025-11-09;14;118
50;2025-11-09;15;107
50;2025-11-09;16;200
50;2025-11-09;17;131
50;2025-11-09;18;64
50;2025-11-09;19;48
50;2025-11-09;20;52
50;2025-11-09;21;29
50;2025-11-09;22;43
50;2025-11-09;23;7
50;2025-11-10;0;24
50;2025-11-10;1;1
50;2025-11-10;2;0
50;2025-11-10;3;0
50;2025-11-10;4;3
50;2025-11-10;5;68
50;2025-11-10;6;511
50;2025-11-10;7;1725
50;2025-11-10;8;2803
50;2025-11-10;9;2174
50;2025-11-10;10;1649
50;2025-11-10;11;1516
50;2025-11-10;12;1423
50;2025-11-10;13;1474
50;2025-11-10;14;1413
50;2025-11-10;15;1662
50;2025-11-10;16;1707
50;2025-11-10;17;2336
50;2025-11-10;18;2307
50;2025-11-10;19;1366
50;2025-11-10;20;882
50;2025-11-10;21;622
50;2025-11-10;22;241
50;2025-11-10;23;151
50;2025-11-11;0;24
50;2025-11-11;1;1
50;2025-11-11;2;0
50;2025-11-11;3;0
50;2025-11-11;4;3
50;2025-11-11;5;68
50;2025-11-11;6;511
50;2025-11-11;7;1725
50;2025-11-11;8;2803
50;2025-11-11;9;2174
50;2025-11-11;10;1649
50;2025-11-11;11;1516
50;2025-11-11;12;1423
50;2025-11-11;13;1474
50;2025-11-11;14;1413
50;2025-11-11;15;1662
50;2025-11-11;16;1707
50;2025-11-11;17;2336
50;2025-11-11;18;2307
50;2025-11-11;19;1366
50;2025-11-11;20;882
50;2025-11-11;21;622
50;2025-11-11;22;241
50;2025-11-11;23;151
50;2025-11-12;0;24
50;2025-11-12;1;1
50;2025-11-12;2;0
50;2025-11-12;3;0
50;2025-11-12;4;3
50;2025-11-12;5;68
50;2025-11-12;6;511
50;2025-11-12;7;1725
50;2025-11-12;8;2803
50;2025-11-12;9;2174
50;2025-11-12;10;1649
50;2025-11-12;11;1516
50;2025-11-12;12;1423
50;2025-11-12;13;1474
50;2025-11-12;14;1413
50;2025-11-12;15;1662
50;2025-11-12;16;1707
50;2025-11-12;17;2336
50;2025-11-12;18;2307
50;2025-11-12;19;1366
50;2025-11-12;20;882
50;2025-11-12;21;622
50;2025-11-12;22;241
50;2025-11-12;23;151
50;2025-11-13;0;24
50;2025-11-13;1;1
50;2025-11-13;2;0
50;2025-11-13;3;0
50;2025-11-13;4;3
50;2025-11-13;5;68
50;2025-11-13;6;511
50;2025-11-13;7;1725
50;2025-11-13;8;2803
50;2025-11-13;9;2174
50;2025-11-13;10;1649
50;2025-11-13;11;1516
50;2025-11-13;12;1423
50;2025-11-13;13;1474
50;2025-11-13;14;1413
50;2025-11-13;15;1662
50;2025-11-13;16;1707
50;2025-11-13;17;2336
50;2025-11-13;18;2307
50;2025-11-13;19;1366
50;2025-11-13;20;882
50;2025-11-13;21;622
50;2025-11-13;22;241
50;2025-11-13;23;151
50;2025-11-14;0;24
50;2025-11-14;1;1
50;2025-11-14;2;0
50;2025-11-14;3;0
50;2025-11-14;4;3
50;2025-11-14;5;68
50;2025-11-14;6;511
50;2025-11-14;7;1725
50;2025-11-14;8;2803
50;2025-11-14;9;2174
50;2025-11-14;10;1649
50;2025-11-14;11;1516
50;2025-11-14;12;1423
50;2025-11-14;13;1474
50;2025-11-14;14;1413
50;2025-11-14;15;1662
50;2025-11-14;16;1707
50;2025-11-14;17;2336
50;2025-11-14;18;2307
50;2025-11-14;19;1366
50;2025-11-14;20;882
50;2025-11-14;21;622
50;2025-11-14;22;241
50;2025-11-14;23;151
50;2025-11-15;0;71
50;2025-11-15;1;5
50;2025-11-15;2;0
50;2025-11-15;3;0
50;2025-11-15;4;2
50;2025-11-15;5;34
50;2025-11-15;6;176
50;2025-11-15;7;412
50;2025-11-15;8;646
50;2025-11-15;9;716
50;2025-11-15;10;684
50;2025-11-15;11;853
50;2025-11-15;12;863
50;2025-11-15;13;925
50;2025-11-15;14;915
50;2025-11-15;15;873
50;2025-11-15;16;838
50;2025-11-15;17;807
50;2025-11-15;18;699
50;2025-11-15;19;639
50;2025-11-15;20;511
50;2025-11-15;21;410
50;2025-11-15;22;238
50;2025-11-15;23;143
50;2025-11-16;0;50
50;2025-11-16;1;7
50;2025-11-16;2;0
50;2025-11-16;3;0
50;2025-11-16;4;1
50;2025-11-16;5;25
50;2025-11-16;6;122
50;2025-11-16;7;238
50;2025-11-16;8;357
50;2025-11-16;9;477
50;2025-11-16;10;519
50;2025-11-16;11;624
50;2025-11-16;12;681
50;2025-11-16;13;780
50;2025-11-16;14;792
50;2025-11-16;15;690
50;2025-11-16;16;688
50;2025-11-16;17;705
50;2025-11-16;18;667
50;2025-11-16;19;598
50;2025-11-16;20;478
50;2025-11-16;21;398
50;2025-11-16;22;232
50;2025-11-16;23;117
50;2025-11-17;0;24
50;2025-11-17;1;1
50;2025-11-17;2;0
50;2025-11-17;3;0
50;2025-11-17;4;3
50;2025-11-17;5;68
50;2025-11-17;6;511
50;2025-11-17;7;1725
50;2025-11-17;8;2803
50;2025-11-17;9;2174
50;2025-11-17;10;1649
50;2025-11-17;11;1516
50;2025-11-17;12;1423
50;2025-11-17;13;1474
50;2025-11-17;14;1413
50;2025-11-17;15;1662
50;2025-11-17;16;1707
50;2025-11-17;17;2336
50;2025-11-17;18;2307
50;2025-11-17;19;1366
50;2025-11-17;20;882
50;2025-11-17;21;622
50;2025-11-17;22;241
50;2025-11-17;23;151
50;2025-11-18;0;24
50;2025-11-18;1;1
50;2025-11-18;2;0
50;2025-11-18;3;0
50;2025-11-18;4;3
50;2025-11-18;5;68
50;2025-11-18;6;511
50;2025-11-18;7;1725
50;2025-11-18;8;2803
50;2025-11-18;9;2174
50;2025-11-18;10;1649
50;2025-11-18;11;1516
50;2025-11-18;12;1423
50;2025-11-18;13;1474
50;2025-11-18;14;1413
50;2025-11-18;15;1662
50;2025-11-18;16;1707
50;2025-11-18;17;2336
50;2025-11-18;18;2307
50;2025-11-18;19;1366
50;2025-11-18;20;882
50;2025-11-18;21;622
50;2025-11-18;22;241
50;2025-11-18;23;151
50;2025-11-19;0;24
50;2025-11-19;1;1
50;2025-11-19;2;0
50;2025-11-19;3;0
50;2025-11-19;4;3
50;2025-11-19;5;68
50;2025-11-19;6;511
50;2025-11-19;7;1725
50;2025-11-19;8;2803
50;2025-11-19;9;2174
50;2025-11-19;10;1649
50;2025-11-19;11;1516
50;2025-11-19;12;1423
50;2025-11-19;13;1474
50;2025-11-19;14;1413
50;2025-11-19;15;1662
50;2025-11-19;16;1707
50;2025-11-19;17;2336
50;2025-11-19;18;2307
50;2025-11-19;19;1366
50;2025-11-19;20;882
50;2025-11-19;21;622
50;2025-11-19;22;241
50;2025-11-19;23;151
50;2025-11-20;0;24
50;2025-11-20;1;1
50;2025-11-20;2;0
50;2025-11-20;3;0
50;2025-11-20;4;3
50;2025-11-20;5;68
50;2025-11-20;6;511
50;2025-11-20;7;1725
50;2025-11-20;8;2803
50;2025-11-20;9;2174
50;2025-11-20;10;1649
50;2025-11-20;11;1516
50;2025-11-20;12;1423
50;2025-11-20;13;1474
50;2025-11-20;14;1413
50;2025-11-20;15;1662
50;2025-11-20;16;1707
50;2025-11-20;17;2336
50;2025-11-20;18;2307
50;2025-11-20;19;1366
50;2025-11-20;20;882
50;2025-11-20;21;622
50;2025-11-20;22;241
50;2025-11-20;23;151
50;2025-11-21;0;24
50;2025-11-21;1;1
50;2025-11-21;2;0
50;2025-11-21;3;0
50;2025-11-21;4;3
50;2025-11-21;5;68
50;2025-11-21;6;511
50;2025-11-21;7;1725
50;2025-11-21;8;2803
50;2025-11-21;9;2174
50;2025-11-21;10;1649
50;2025-11-21;11;1516
50;2025-11-21;12;1423
50;2025-11-21;13;1474
50;2025-11-21;14;1413
50;2025-11-21;15;1662
50;2025-11-21;16;1707
50;2025-11-21;17;2336
50;2025-11-21;18;2307
50;2025-11-21;19;1366
50;2025-11-21;20;882
50;2025-11-21;21;622
50;2025-11-21;22;241
50;2025-11-21;23;151
50;2025-11-22;0;71
50;2025-11-22;1;5
50;2025-11-22;2;0
50;2025-11-22;3;0
50;2025-11-22;4;2
50;2025-11-22;5;34
50;2025-11-22;6;176
50;2025-11-22;7;412
50;2025-11-22;8;646
50;2025-11-22;9;716
50;2025-11-22;10;684
50;2025-11-22;11;853
50;2025-11-22;12;863
50;2025-11-22;13;925
50;2025-11-22;14;915
50;2025-11-22;15;873
50;2025-11-22;16;838
50;2025-11-22;17;807
50;2025-11-22;18;699
50;2025-11-22;19;639
50;2025-11-22;20;511
50;2025-11-22;21;410
50;2025-11-22;22;238
50;2025-11-22;23;143
50;2025-11-23;0;50
50;2025-11-23;1;7
50;2025-11-23;2;0
50;2025-11-23;3;0
50;2025-11-23;4;1
50;2025-11-23;5;25
50;2025-11-23;6;122
50;2025-11-23;7;238
50;2025-11-23;8;357
50;2025-11-23;9;477
50;2025-11-23;10;519
50;2025-11-23;11;624
50;2025-11-23;12;681
50;2025-11-23;13;780
50;2025-11-23;14;792
50;2025-11-23;15;690
50;2025-11-23;16;688
50;2025-11-23;17;705
50;2025-11-23;18;667
50;2025-11-23;19;598
50;2025-11-23;20;478
50;2025-11-23;21;398
50;2025-11-23;22;232
50;2025-11-23;23;117
50;2025-11-24;0;24
50;2025-11-24;1;1
50;2025-11-24;2;0
50;2025-11-24;3;0
50;2025-11-24;4;3
50;2025-11-24;5;68
50;2025-11-24;6;511
50;2025-11-24;7;1725
50;2025-11-24;8;2803
50;2025-11-24;9;2174
50;2025-11-24;10;1649
50;2025-11-24;11;1516
50;2025-11-24;12;1423
50;2025-11-24;13;1474
50;2025-11-24;14;1413
50;2025-11-24;15;1662
50;2025-11-24;16;1707
50;2025-11-24;17;2336
50;2025-11-24;18;2307
50;2025-11-24;19;1366
50;2025-11-24;20;882
50;2025-11-24;21;622
50;2025-11-24;22;241
50;2025-11-24;23;151
50;2025-11-25;0;24
50;2025-11-25;1;1
50;2025-11-25;2;0
50;2025-11-25;3;0
50;2025-11-25;4;3
50;2025-11-25;5;68
50;2025-11-25;6;511
50;2025-11-25;7;1725
50;2025-11-25;8;2803
50;2025-11-25;9;2174
50;2025-11-25;10;1649
50;2025-11-25;11;1516
50;2025-11-25;12;1423
50;2025-11-25;13;1474
50;2025-11-25;14;1413
50;2025-11-25;15;1662
50;2025-11-25;16;1707
50;2025-11-25;17;2336
50;2025-11-25;18;2307
50;2025-11-25;19;1366
50;2025-11-25;20;882
50;2025-11-25;21;622
50;2025-11-25;22;241
50;2025-11-25;23;151
50;2025-11-26;0;24
50;2025-11-26;1;1
50;2025-11-26;2;0
50;2025-11-26;3;0
50;2025-11-26;4;3
50;2025-11-26;5;68
50;2025-11-26;6;511
50;2025-11-26;7;1725
50;2025-11-26;8;2803
50;2025-11-26;9;2174
50;2025-11-26;10;1649
50;2025-11-26;11;1516
50;2025-11-26;12;1423
50;2025-11-26;13;1474
50;2025-11-26;14;1413
50;2025-11-26;15;1662
50;2025-11-26;16;1707
50;2025-11-26;17;2336
50;2025-11-26;18;2307
50;2025-11-26;19;1366
50;2025-11-26;20;882
50;2025-11-26;21;622
50;2025-11-26;22;241
50;2025-11-26;23;151
50;2025-11-27;0;24
50;2025-11-27;1;1
50;2025-11-27;2;0
50;2025-11-27;3;0
50;2025-11-27;4;3
50;2025-11-27;5;68
50;2025-11-27;6;511
50;2025-11-27;7;1725
50;2025-11-27;8;2803
50;2025-11-27;9;2174
50;2025-11-27;10;1649
50;2025-11-27;11;1516
50;2025-11-27;12;1423
50;2025-11-27;13;1474
50;2025-11-27;14;1413
50;2025-11-27;15;1662
50;2025-11-27;16;1707
50;2025-11-27;17;2336
50;2025-11-27;18;2307
50;2025-11-27;19;1366
50;2025-11-27;20;882
50;2025-11-27;21;622
50;2025-11-27;22;241
50;2025-11-27;23;151
50;2025-11-28;0;24
50;2025-11-28;1;1
50;2025-11-28;2;0
50;2025-11-28;3;0
50;2025-11-28;4;3
50;2025-11-28;5;68
50;2025-11-28;6;511
50;2025-11-28;7;1725
50;2025-11-28;8;2803
50;2025-11-28;9;2174
50;2025-11-28;10;1649
50;2025-11-28;11;1516
50;2025-11-28;12;1423
50;2025-11-28;13;1474
50;2025-11-28;14;1413
50;2025-11-28;15;1662
50;2025-11-28;16;1707
50;2025-11-28;17;2336
50;2025-11-28;18;2307
50;2025-11-28;19;1366
50;2025-11-28;20;882
50;2025-11-28;21;622
50;2025-11-28;22;241
50;2025-11-28;23;151
50;2025-11-29;0;71
50;2025-11-29;1;5
50;2025-11-29;2;0
50;2025-11-29;3;0
50;2025-11-29;4;2
50;2025-11-29;5;34
50;2025-11-29;6;176
50;2025-11-29;7;412
50;2025-11-29;8;646
50;2025-11-29;9;716
50;2025-11-29;10;684
50;2025-11-29;11;853
50;2025-11-29;12;863
50;2025-11-29;13;925
50;2025-11-29;14;915
50;2025-11-29;15;873
50;2025-11-29;16;838
50;2025-11-29;17;807
50;2025-11-29;18;699
50;2025-11-29;19;639
50;2025-11-29;20;511
50;2025-11-29;21;410
50;2025-11-29;22;238
50;2025-11-29;23;143
50;2025-11-30;0;50
50;2025-11-30;1;7
50;2025-11-30;2;0
50;2025-11-30;3;0
50;2025-11-30;4;1
50;2025-11-30;5;25
50;2025-11-30;6;122
50;2025-11-30;7;238
50;2025-11-30;8;357
50;2025-11-30;9;477
50;2025-11-30;10;519
50;2025-11-30;11;624
50;2025-11-30;12;681
50;2025-11-30;13;780
50;2025-11-30;14;792
50;2025-11-30;15;690
50;2025-11-30;16;688
50;2025-11-30;17;705
50;2025-11-30;18;667
50;2025-11-30;19;598
50;2025-11-30;20;478
50;2025-11-30;21;398
50;2025-11-30;22;232
50;2025-11-30;23;117
50;2025-12-01;0;25
50;2025-12-01;1;1
50;2025-12-01;2;0
50;2025-12-01;3;0
50;2025-12-01;4;3
50;2025-12-01;5;70
50;2025-12-01;6;527
50;2025-12-01;7;1778
50;2025-12-01;8;2890
50;2025-12-01;9;2241
50;2025-12-01;10;1701
50;2025-12-01;11;1563
50;2025-12-01;12;1467
50;2025-12-01;13;1520
50;2025-12-01;14;1457
50;2025-12-01;15;1714
50;2025-12-01;16;1760
50;2025-12-01;17;2409
50;2025-12-01;18;2379
50;2025-12-01;19;1408
50;2025-12-01;20;910
50;2025-12-01;21;641
50;2025-12-01;22;248
50;2025-12-01;23;156
50;2025-12-02;0;25
50;2025-12-02;1;1
50;2025-12-02;2;0
50;2025-12-02;3;0
50;2025-12-02;4;3
50;2025-12-02;5;70
50;2025-12-02;6;527
50;2025-12-02;7;1778
50;2025-12-02;8;2890
50;2025-12-02;9;2241
50;2025-12-02;10;1701
50;2025-12-02;11;1563
50;2025-12-02;12;1467
50;2025-12-02;13;1520
50;2025-12-02;14;1457
50;2025-12-02;15;1714
50;2025-12-02;16;1760
50;2025-12-02;17;2409
50;2025-12-02;18;2379
50;2025-12-02;19;1408
50;2025-12-02;20;910
50;2025-12-02;21;641
50;2025-12-02;22;248
50;2025-12-02;23;156
50;2025-12-03;0;25
50;2025-12-03;1;1
50;2025-12-03;2;0
50;2025-12-03;3;0
50;2025-12-03;4;3
50;2025-12-03;5;70
50;2025-12-03;6;527
50;2025-12-03;7;1778
50;2025-12-03;8;2890
50;2025-12-03;9;2241
50;2025-12-03;10;1701
50;2025-12-03;11;1563
50;2025-12-03;12;1467
50;2025-12-03;13;1520
50;2025-12-03;14;1457
50;2025-12-03;15;1714
50;2025-12-03;16;1760
50;2025-12-03;17;2409
50;2025-12-03;18;2379
50;2025-12-03;19;1408
50;2025-12-03;20;910
50;2025-12-03;21;641
50;2025-12-03;22;248
50;2025-12-03;23;156
50;2025-12-04;0;25
50;2025-12-04;1;1
50;2025-12-04;2;0
50;2025-12-04;3;0
50;2025-12-04;4;3
50;2025-12-04;5;70
50;2025-12-04;6;527
50;2025-12-04;7;1778
50;2025-12-04;8;2890
50;2025-12-04;9;2241
50;2025-12-04;10;1701
50;2025-12-04;11;1563
50;2025-12-04;12;1467
50;2025-12-04;13;1520
50;2025-12-04;14;1457
50;2025-12-04;15;1714
50;2025-12-04;16;1760
50;2025-12-04;17;2409
50;2025-12-04;18;2379
50;2025-12-04;19;1408
50;2025-12-04;20;910
50;2025-12-04;21;641
50;2025-12-04;22;248
50;2025-12-04;23;156
50;2025-12-05;0;25
50;2025-12-05;1;1
50;2025-12-05;2;0
50;2025-12-05;3;0
50;2025-12-05;4;3
50;2025-12-05;5;70
50;2025-12-05;6;527
50;2025-12-05;7;1778
50;2025-12-05;8;2890
50;2025-12-05;9;2241
50;2025-12-05;10;1701
50;2025-12-05;11;1563
50;2025-12-05;12;1467
50;2025-12-05;13;1520
50;2025-12-05;14;1457
50;2025-12-05;15;1714
50;2025-12-05;16;1760
50;2025-12-05;17;2409
50;2025-12-05;18;2379
50;2025-12-05;19;1408
50;2025-12-05;20;910
50;2025-12-05;21;641
50;2025-12-05;22;248
50;2025-12-05;23;156
50;2025-12-06;0;73
50;2025-12-06;1;5
50;2025-12-06;2;0
50;2025-12-06;3;0
50;2025-12-06;4;2
50;2025-12-06;5;35
50;2025-12-06;6;182
50;2025-12-06;7;425
50;2025-12-06;8;666
50;2025-12-06;9;738
50;2025-12-06;10;705
50;2025-12-06;11;880
50;2025-12-06;12;890
50;2025-12-06;13;953
50;2025-12-06;14;943
50;2025-12-06;15;900
50;2025-12-06;16;864
50;2025-12-06;17;832
50;2025-12-06;18;721
50;2025-12-06;19;658
50;2025-12-06;20;527
50;2025-12-06;21;423
50;2025-12-06;22;246
50;2025-12-06;23;148
50;2025-12-07;0;52
50;2025-12-07;1;7
50;2025-12-07;2;0
50;2025-12-07;3;0
50;2025-12-07;4;1
50;2025-12-07;5;25
50;2025-12-07;6;126
50;2025-12-07;7;245
50;2025-12-07;8;369
50;2025-12-07;9;492
50;2025-12-07;10;535
50;2025-12-07;11;643
50;2025-12-07;12;702
50;2025-12-07;13;804
50;2025-12-07;14;817
50;2025-12-07;15;711
50;2025-12-07;16;709
50;2025-12-07;17;726
50;2025-12-07;18;688
50;2025-12-07;19;616
50;2025-12-07;20;493
50;2025-12-07;21;411
50;2025-12-07;22;240
50;2025-12-07;23;120
50;2025-12-08;0;25
50;2025-12-08;1;1
50;2025-12-08;2;0
50;2025-12-08;3;0
50;2025-12-08;4;3
50;2025-12-08;5;70
50;2025-12-08;6;527
50;2025-12-08;7;1778
50;2025-12-08;8;2890
50;2025-12-08;9;2241
50;2025-12-08;10;1701
50;2025-12-08;11;1563
50;2025-12-08;12;1467
50;2025-12-08;13;1520
50;2025-12-08;14;1457
50;2025-12-08;15;1714
50;2025-12-08;16;1760
50;2025-12-08;17;2409
50;2025-12-08;18;2379
50;2025-12-08;19;1408
50;2025-12-08;20;910
50;2025-12-08;21;641
50;2025-12-08;22;248
50;2025-12-08;23;156
50;2025-12-09;0;25
50;2025-12-09;1;1
50;2025-12-09;2;0
50;2025-12-09;3;0
50;2025-12-09;4;3
50;2025-12-09;5;70
50;2025-12-09;6;527
50;2025-12-09;7;1778
50;2025-12-09;8;2890
50;2025-12-09;9;2241
50;2025-12-09;10;1701
50;2025-12-09;11;1563
50;2025-12-09;12;1467
50;2025-12-09;13;1520
50;2025-12-09;14;1457
50;2025-12-09;15;1714
50;2025-12-09;16;1760
50;2025-12-09;17;2409
50;2025-12-09;18;2379
50;2025-12-09;19;1408
50;2025-12-09;20;910
50;2025-12-09;21;641
50;2025-12-09;22;248
50;2025-12-09;23;156
50;2025-12-10;0;25
50;2025-12-10;1;1
50;2025-12-10;2;0
50;2025-12-10;3;0
50;2025-12-10;4;3
50;2025-12-10;5;70
50;2025-12-10;6;527
50;2025-12-10;7;1778
50;2025-12-10;8;2890
50;2025-12-10;9;2241
50;2025-12-10;10;1701
50;2025-12-10;11;1563
50;2025-12-10;12;1467
50;2025-12-10;13;1520
50;2025-12-10;14;1457
50;2025-12-10;15;1714
50;2025-12-10;16;1760
50;2025-12-10;17;2409
50;2025-12-10;18;2379
50;2025-12-10;19;1408
50;2025-12-10;20;910
50;2025-12-10;21;641
50;2025-12-10;22;248
50;2025-12-10;23;156
50;2025-12-11;0;25
50;2025-12-11;1;1
50;2025-12-11;2;0
50;2025-12-11;3;0
50;2025-12-11;4;3
50;2025-12-11;5;70
50;2025-12-11;6;527
50;2025-12-11;7;1778
50;2025-12-11;8;2890
50;2025-12-11;9;2241
50;2025-12-11;10;1701
50;2025-12-11;11;1563
50;2025-12-11;12;1467
50;2025-12-11;13;1520
50;2025-12-11;14;1457
50;2025-12-11;15;1714
50;2025-12-11;16;1760
50;2025-12-11;17;2409
50;2025-12-11;18;2379
50;2025-12-11;19;1408
50;2025-12-11;20;910
50;2025-12-11;21;641
50;2025-12-11;22;248
50;2025-12-11;23;156
50;2025-12-12;0;25
50;2025-12-12;1;1
50;2025-12-12;2;0
50;2025-12-12;3;0
50;2025-12-12;4;3
50;2025-12-12;5;70
50;2025-12-12;6;527
50;2025-12-12;7;1778
50;2025-12-12;8;2890
50;2025-12-12;9;2241
50;2025-12-12;10;1701
50;2025-12-12;11;1563
50;2025-12-12;12;1467
50;2025-12-12;13;1520
50;2025-12-12;14;1457
50;2025-12-12;15;1714
50;2025-12-12;16;1760
50;2025-12-12;17;2409
50;2025-12-12;18;2379
50;2025-12-12;19;1408
50;2025-12-12;20;910
50;2025-12-12;21;641
50;2025-12-12;22;248
50;2025-12-12;23;156
50;2025-12-13;0;73
50;2025-12-13;1;5
50;2025-12-13;2;0
50;2025-12-13;3;0
50;2025-12-13;4;2
50;2025-12-13;5;35
50;2025-12-13;6;182
50;2025-12-13;7;425
50;2025-12-13;8;666
50;2025-12-13;9;738
50;2025-12-13;10;705
50;2025-12-13;11;880
50;2025-12-13;12;890
50;2025-12-13;13;953
50;2025-12-13;14;943
50;2025-12-13;15;900
50;2025-12-13;16;864
50;2025-12-13;17;832
50;2025-12-13;18;721
50;2025-12-13;19;658
50;2025-12-13;20;527
50;2025-12-13;21;423
50;2025-12-13;22;246
50;2025-12-13;23;148
50;2025-12-14;0;52
50;2025-12-14;1;7
50;2025-12-14;2;0
50;2025-12-14;3;0
50;2025-12-14;4;1
50;2025-12-14;5;25
50;2025-12-14;6;126
50;2025-12-14;7;245
50;2025-12-14;8;369
50;2025-12-14;9;492
50;2025-12-14;10;535
50;2025-12-14;11;643
50;2025-12-14;12;702
50;2025-12-14;13;804
50;2025-12-14;14;817
50;2025-12-14;15;711
50;2025-12-14;16;709
50;2025-12-14;17;726
50;2025-12-14;18;688
50;2025-12-14;19;616
50;2025-12-14;20;493
50;2025-12-14;21;411
50;2025-12-14;22;240
50;2025-12-14;23;120
50;2025-12-15;0;25
50;2025-12-15;1;1
50;2025-12-15;2;0
50;2025-12-15;3;0
50;2025-12-15;4;3
50;2025-12-15;5;70
50;2025-12-15;6;527
50;2025-12-15;7;1778
50;2025-12-15;8;2890
50;2025-12-15;9;2241
50;2025-12-15;10;1701
50;2025-12-15;11;1563
50;2025-12-15;12;1467
50;2025-12-15;13;1520
50;2025-12-15;14;1457
50;2025-12-15;15;1714
50;2025-12-15;16;1760
50;2025-12-15;17;2409
50;2025-12-15;18;2379
50;2025-12-15;19;1408
50;2025-12-15;20;910
50;2025-12-15;21;641
50;2025-12-15;22;248
50;2025-12-15;23;156
50;2025-12-16;0;25
50;2025-12-16;1;1
50;2025-12-16;2;0
50;2025-12-16;3;0
50;2025-12-16;4;3
50;2025-12-16;5;70
50;2025-12-16;6;527
50;2025-12-16;7;1778
50;2025-12-16;8;2890
50;2025-12-16;9;2241
50;2025-12-16;10;1701
50;2025-12-16;11;1563
50;2025-12-16;12;1467
50;2025-12-16;13;1520
50;2025-12-16;14;1457
50;2025-12-16;15;1714
50;2025-12-16;16;1760
50;2025-12-16;17;2409
50;2025-12-16;18;2379
50;2025-12-16;19;1408
50;2025-12-16;20;910
50;2025-12-16;21;641
50;2025-12-16;22;248
50;2025-12-16;23;156
50;2025-12-17;0;25
50;2025-12-17;1;1
50;2025-12-17;2;0
50;2025-12-17;3;0
50;2025-12-17;4;3
50;2025-12-17;5;70
50;2025-12-17;6;527
50;2025-12-17;7;1778
50;2025-12-17;8;2890
50;2025-12-17;9;2241
50;2025-12-17;10;1701
50;2025-12-17;11;1563
50;2025-12-17;12;1467
50;2025-12-17;13;1520
50;2025-12-17;14;1457
50;2025-12-17;15;1714
50;2025-12-17;16;1760
50;2025-12-17;17;2409
50;2025-12-17;18;2379
50;2025-12-17;19;1408
50;2025-12-17;20;910
50;2025-12-17;21;641
50;2025-12-17;22;248
50;2025-12-17;23;156
50;2025-12-18;0;25
50;2025-12-18;1;1
50;2025-12-18;2;0
50;2025-12-18;3;0
50;2025-12-18;4;3
50;2025-12-18;5;70
50;2025-12-18;6;527
50;2025-12-18;7;1778
50;2025-12-18;8;2890
50;2025-12-18;9;2241
50;2025-12-18;10;1701
50;2025-12-18;11;1563
50;2025-12-18;12;1467
50;2025-12-18;13;1520
50;2025-12-18;14;1457
50;2025-12-18;15;1714
50;2025-12-18;16;1760
50;2025-12-18;17;2409
50;2025-12-18;18;2379
50;2025-12-18;19;1408
50;2025-12-18;20;910
50;2025-12-18;21;641
50;2025-12-18;22;248
50;2025-12-18;23;156
50;2025-12-19;0;25
50;2025-12-19;1;1
50;2025-12-19;2;0
50;2025-12-19;3;0
50;2025-12-19;4;3
50;2025-12-19;5;70
50;2025-12-19;6;527
50;2025-12-19;7;1778
50;2025-12-19;8;2890
50;2025-12-19;9;2241
50;2025-12-19;10;1701
50;2025-12-19;11;1563
50;2025-12-19;12;1467
50;2025-12-19;13;1520
50;2025-12-19;14;1457
50;2025-12-19;15;1714
50;2025-12-19;16;1760
50;2025-12-19;17;2409
50;2025-12-19;18;2379
50;2025-12-19;19;1408
50;2025-12-19;20;910
50;2025-12-19;21;641
50;2025-12-19;22;248
50;2025-12-19;23;156
50;2025-12-20;0;73
50;2025-12-20;1;5
50;2025-12-20;2;0
50;2025-12-20;3;0
50;2025-12-20;4;2
50;2025-12-20;5;35
50;2025-12-20;6;182
50;2025-12-20;7;425
50;2025-12-20;8;666
50;2025-12-20;9;738
50;2025-12-20;10;705
50;2025-12-20;11;880
50;2025-12-20;12;890
50;2025-12-20;13;953
50;2025-12-20;14;943
50;2025-12-20;15;900
50;2025-12-20;16;864
50;2025-12-20;17;832
50;2025-12-20;18;721
50;2025-12-20;19;658
50;2025-12-20;20;527
50;2025-12-20;21;423
50;2025-12-20;22;246
50;2025-12-20;23;148
50;2025-12-21;0;52
50;2025-12-21;1;7
50;2025-12-21;2;0
50;2025-12-21;3;0
50;2025-12-21;4;1
50;2025-12-21;5;25
50;2025-12-21;6;126
50;2025-12-21;7;245
50;2025-12-21;8;369
50;2025-12-21;9;492
50;2025-12-21;10;535
50;2025-12-21;11;643
50;2025-12-21;12;702
50;2025-12-21;13;804
50;2025-12-21;14;817
50;2025-12-21;15;711
50;2025-12-21;16;709
50;2025-12-21;17;726
50;2025-12-21;18;688
50;2025-12-21;19;616
50;2025-12-21;20;493
50;2025-12-21;21;411
50;2025-12-21;22;240
50;2025-12-21;23;120
50;2025-12-22;0;25
50;2025-12-22;1;1
50;2025-12-22;2;0
50;2025-12-22;3;0
50;2025-12-22;4;3
50;2025-12-22;5;70
50;2025-12-22;6;527
50;2025-12-22;7;1778
50;2025-12-22;8;2890
50;2025-12-22;9;2241
50;2025-12-22;10;1701
50;2025-12-22;11;1563
50;2025-12-22;12;1467
50;2025-12-22;13;1520
50;2025-12-22;14;1457
50;2025-12-22;15;1714
50;2025-12-22;16;1760
50;2025-12-22;17;2409
50;2025-12-22;18;2379
50;2025-12-22;19;1408
50;2025-12-22;20;910
50;2025-12-22;21;641
50;2025-12-22;22;248
50;2025-12-22;23;156
50;2025-12-23;0;25
50;2025-12-23;1;1
50;2025-12-23;2;0
50;2025-12-23;3;0
50;2025-12-23;4;3
50;2025-12-23;5;70
50;2025-12-23;6;527
50;2025-12-23;7;1778
50;2025-12-23;8;2890
50;2025-12-23;9;2241
50;2025-12-23;10;1701
50;2025-12-23;11;1563
50;2025-12-23;12;1467
50;2025-12-23;13;1520
50;2025-12-23;14;1457
50;2025-12-23;15;1714
50;2025-12-23;16;1760
50;2025-12-23;17;2409
50;2025-12-23;18;2379
50;2025-12-23;19;1408
50;2025-12-23;20;910
50;2025-12-23;21;641
50;2025-12-23;22;248
50;2025-12-23;23;156
50;2025-12-24;0;25
50;2025-12-24;1;1
50;2025-12-24;2;0
50;2025-12-24;3;0
50;2025-12-24;4;3
50;2025-12-24;5;70
50;2025-12-24;6;527
50;2025-12-24;7;1778
50;2025-12-24;8;2890
50;2025-12-24;9;2241
50;2025-12-24;10;1701
50;2025-12-24;11;1563
50;2025-12-24;12;1467
50;2025-12-24;13;1520
50;2025-12-24;14;1457
50;2025-12-24;15;1714
50;2025-12-24;16;1760
50;2025-12-24;17;2409
50;2025-12-24;18;2379
50;2025-12-24;19;1408
50;2025-12-24;20;910
50;2025-12-24;21;641
50;2025-12-24;22;248
50;2025-12-24;23;156
50;2025-12-25;0;25
50;2025-12-25;1;1
50;2025-12-25;2;0
50;2025-12-25;3;0
50;2025-12-25;4;3
50;2025-12-25;5;70
50;2025-12-25;6;527
50;2025-12-25;7;1778
50;2025-12-25;8;2890
50;2025-12-25;9;2241
50;2025-12-25;10;1701
50;2025-12-25;11;1563
50;2025-12-25;12;1467
50;2025-12-25;13;1520
50;2025-12-25;14;1457
50;2025-12-25;15;1714
50;2025-12-25;16;1760
50;2025-12-25;17;2409
50;2025-12-25;18;2379
50;2025-12-25;19;1408
50;2025-12-25;20;910
50;2025-12-25;21;641
50;2025-12-25;22;248
50;2025-12-25;23;156
50;2025-12-26;0;25
50;2025-12-26;1;1
50;2025-12-26;2;0
50;2025-12-26;3;0
50;2025-12-26;4;3
50;2025-12-26;5;70
50;2025-12-26;6;527
50;2025-12-26;7;1778
50;2025-12-26;8;2890
50;2025-12-26;9;2241
50;2025-12-26;10;1701
50;2025-12-26;11;1563
50;2025-12-26;12;1467
50;2025-12-26;13;1520
50;2025-12-26;14;1457
50;2025-12-26;15;1714
50;2025-12-26;16;1760
50;2025-12-26;17;2409
50;2025-12-26;18;2379
50;2025-12-26;19;1408
50;2025-12-26;20;910
50;2025-12-26;21;641
50;2025-12-26;22;248
50;2025-12-26;23;156
50;2025-12-27;0;73
50;2025-12-27;1;5
50;2025-12-27;2;0
50;2025-12-27;3;0
50;2025-12-27;4;2
50;2025-12-27;5;35
50;2025-12-27;6;182
50;2025-12-27;7;425
50;2025-12-27;8;666
50;2025-12-27;9;738
50;2025-12-27;10;705
50;2025-12-27;11;880
50;2025-12-27;12;890
50;2025-12-27;13;953
50;2025-12-27;14;943
50;2025-12-27;15;900
50;2025-12-27;16;864
50;2025-12-27;17;832
50;2025-12-27;18;721
50;2025-12-27;19;658
50;2025-12-27;20;527
50;2025-12-27;21;423
50;2025-12-27;22;246
50;2025-12-27;23;148
50;2025-12-28;0;52
50;2025-12-28;1;7
50;2025-12-28;2;0
50;2025-12-28;3;0
50;2025-12-28;4;1
50;2025-12-28;5;25
50;2025-12-28;6;126
50;2025-12-28;7;245
50;2025-12-28;8;369
50;2025-12-28;9;492
50;2025-12-28;10;535
50;2025-12-28;11;643
50;2025-12-28;12;702
50;2025-12-28;13;804
50;2025-12-28;14;817
50;2025-12-28;15;711
50;2025-12-28;16;709
50;2025-12-28;17;726
50;2025-12-28;18;688
50;2025-12-28;19;616
50;2025-12-28;20;493
50;2025-12-28;21;411
50;2025-12-28;22;240
50;2025-12-28;23;120
50;2025-12-29;0;21
50;2025-12-29;1;1
50;2025-12-29;2;0
50;2025-12-29;3;0
50;2025-12-29;4;3
50;2025-12-29;5;60
50;2025-12-29;6;448
50;2025-12-29;7;1512
50;2025-12-29;8;2456
50;2025-12-29;9;1905
50;2025-12-29;10;1446
50;2025-12-29;11;1329
50;2025-12-29;12;1247
50;2025-12-29;13;1292
50;2025-12-29;14;1238
50;2025-12-29;15;1457
50;2025-12-29;16;1496
50;2025-12-29;17;2048
50;2025-12-29;18;2022
50;2025-12-29;19;1197
50;2025-12-29;20;773
50;2025-12-29;21;545
50;2025-12-29;22;211
50;2025-12-29;23;133
50;2025-12-30;0;21
50;2025-12-30;1;1
50;2025-12-30;2;0
50;2025-12-30;3;0
50;2025-12-30;4;3
50;2025-12-30;5;60
50;2025-12-30;6;448
50;2025-12-30;7;1512
50;2025-12-30;8;2456
50;2025-12-30;9;1905
50;2025-12-30;10;1446
50;2025-12-30;11;1329
50;2025-12-30;12;1247
50;2025-12-30;13;1292
50;2025-12-30;14;1238
50;2025-12-30;15;1457
50;2025-12-30;16;1496
50;2025-12-30;17;2048
50;2025-12-30;18;2022
50;2025-12-30;19;1197
50;2025-12-30;20;773
50;2025-12-30;21;545
50;2025-12-30;22;211
50;2025-12-30;23;133
50;2025-12-31;0;44
50;2025-12-31;1;6
50;2025-12-31;2;0
50;2025-12-31;3;0
50;2025-12-31;4;1
50;2025-12-31;5;22
50;2025-12-31;6;107
50;2025-12-31;7;210
50;2025-12-31;8;315
50;2025-12-31;9;421
50;2025-12-31;10;457
50;2025-12-31;11;550
50;2025-12-31;12;601
50;2025-12-31;13;687
50;2025-12-31;14;698
50;2025-12-31;15;608
50;2025-12-31;16;606
50;2025-12-31;17;621
50;2025-12-31;18;588
50;2025-12-31;19;527
50;2025-12-31;20;0
50;2025-12-31;21;0
50;2025-12-31;22;0
50;2025-12-31;23;0
