route;date;hour;prediction
1;2025-11-01;0;3
1;2025-11-01;1;0
1;2025-11-01;2;0
1;2025-11-01;3;0
1;2025-11-01;4;7
1;2025-11-01;5;105
1;2025-11-01;6;417
1;2025-11-01;7;1272
1;2025-11-01;8;1543
1;2025-11-01;9;1261
1;2025-11-01;10;1153
1;2025-11-01;11;1122
1;2025-11-01;12;1192
1;2025-11-01;13;1226
1;2025-11-01;14;1148
1;2025-11-01;15;1212
1;2025-11-01;16;1321
1;2025-11-01;17;1526
1;2025-11-01;18;1477
1;2025-11-01;19;1128
1;2025-11-01;20;732
1;2025-11-01;21;397
1;2025-11-01;22;152
1;2025-11-01;23;29
1;2025-11-02;0;0
1;2025-11-02;1;0
1;2025-11-02;2;0
1;2025-11-02;3;0
1;2025-11-02;4;0
1;2025-11-02;5;24
1;2025-11-02;6;105
1;2025-11-02;7;233
1;2025-11-02;8;327
1;2025-11-02;9;546
1;2025-11-02;10;622
1;2025-11-02;11;781
1;2025-11-02;12;778
1;2025-11-02;13;841
1;2025-11-02;14;874
1;2025-11-02;15;739
1;2025-11-02;16;635
1;2025-11-02;17;593
1;2025-11-02;18;448
1;2025-11-02;19;467
1;2025-11-02;20;311
1;2025-11-02;21;271
1;2025-11-02;22;90
1;2025-11-02;23;37
1;2025-11-03;0;0
1;2025-11-03;1;0
1;2025-11-03;2;0
1;2025-11-03;3;0
1;2025-11-03;4;0
1;2025-11-03;5;23
1;2025-11-03;6;100
1;2025-11-03;7;221
1;2025-11-03;8;311
1;2025-11-03;9;519
1;2025-11-03;10;591
1;2025-11-03;11;742
1;2025-11-03;12;739
1;2025-11-03;13;799
1;2025-11-03;14;831
1;2025-11-03;15;702
1;2025-11-03;16;603
1;2025-11-03;17;563
1;2025-11-03;18;426
1;2025-11-03;19;444
1;2025-11-03;20;295
1;2025-11-03;21;257
1;2025-11-03;22;86
1;2025-11-03;23;35
1;2025-11-04;0;0
1;2025-11-04;1;0
1;2025-11-04;2;0
1;2025-11-04;3;0
1;2025-11-04;4;0
1;2025-11-04;5;23
1;2025-11-04;6;100
1;2025-11-04;7;221
1;2025-11-04;8;311
1;2025-11-04;9;519
1;2025-11-04;10;591
1;2025-11-04;11;742
1;2025-11-04;12;739
1;2025-11-04;13;799
1;2025-11-04;14;831
1;2025-11-04;15;702
1;2025-11-04;16;603
1;2025-11-04;17;563
1;2025-11-04;18;426
1;2025-11-04;19;444
1;2025-11-04;20;295
1;2025-11-04;21;257
1;2025-11-04;22;86
1;2025-11-04;23;35
1;2025-11-05;0;3
1;2025-11-05;1;0
1;2025-11-05;2;0
1;2025-11-05;3;0
1;2025-11-05;4;8
1;2025-11-05;5;123
1;2025-11-05;6;490
1;2025-11-05;7;1496
1;2025-11-05;8;1815
1;2025-11-05;9;1484
1;2025-11-05;10;1357
1;2025-11-05;11;1320
1;2025-11-05;12;1402
1;2025-11-05;13;1443
1;2025-11-05;14;1351
1;2025-11-05;15;1426
1;2025-11-05;16;1554
1;2025-11-05;17;1795
1;2025-11-05;18;1738
1;2025-11-05;19;1327
1;2025-11-05;20;861
1;2025-11-05;21;467
1;2025-11-05;22;178
1;2025-11-05;23;34
1;2025-11-06;0;3
1;2025-11-06;1;0
1;2025-11-06;2;0
1;2025-11-06;3;0
1;2025-11-06;4;8
1;2025-11-06;5;123
1;2025-11-06;6;490
1;2025-11-06;7;1496
1;2025-11-06;8;1815
1;2025-11-06;9;1484
1;2025-11-06;10;1357
1;2025-11-06;11;1320
1;2025-11-06;12;1402
1;2025-11-06;13;1443
1;2025-11-06;14;1351
1;2025-11-06;15;1426
1;2025-11-06;16;1554
1;2025-11-06;17;1795
1;2025-11-06;18;1738
1;2025-11-06;19;1327
1;2025-11-06;20;861
1;2025-11-06;21;467
1;2025-11-06;22;178
1;2025-11-06;23;34
1;2025-11-07;0;3
1;2025-11-07;1;0
1;2025-11-07;2;0
1;2025-11-07;3;0
1;2025-11-07;4;8
1;2025-11-07;5;123
1;2025-11-07;6;490
1;2025-11-07;7;1496
1;2025-11-07;8;1815
1;2025-11-07;9;1484
1;2025-11-07;10;1357
1;2025-11-07;11;1320
1;2025-11-07;12;1402
1;2025-11-07;13;1443
1;2025-11-07;14;1351
1;2025-11-07;15;1426
1;2025-11-07;16;1554
1;2025-11-07;17;1795
1;2025-11-07;18;1738
1;2025-11-07;19;1327
1;2025-11-07;20;861
1;2025-11-07;21;467
1;2025-11-07;22;178
1;2025-11-07;23;34
1;2025-11-08;0;5
1;2025-11-08;1;0
1;2025-11-08;2;0
1;2025-11-08;3;0
1;2025-11-08;4;2
1;2025-11-08;5;40
1;2025-11-08;6;155
1;2025-11-08;7;408
1;2025-11-08;8;540
1;2025-11-08;9;788
1;2025-11-08;10;902
1;2025-11-08;11;977
1;2025-11-08;12;1143
1;2025-11-08;13;1211
1;2025-11-08;14;1097
1;2025-11-08;15;1007
1;2025-11-08;16;829
1;2025-11-08;17;806
1;2025-11-08;18;756
1;2025-11-08;19;714
1;2025-11-08;20;487
1;2025-11-08;21;270
1;2025-11-08;22;116
1;2025-11-08;23;17
1;2025-11-09;0;0
1;2025-11-09;1;0
1;2025-11-09;2;0
1;2025-11-09;3;0
1;2025-11-09;4;0
1;2025-11-09;5;24
1;2025-11-09;6;105
1;2025-11-09;7;233
1;2025-11-09;8;327
1;2025-11-09;9;546
1;2025-11-09;10;622
1;2025-11-09;11;781
1;2025-11-09;12;778
1;2025-11-09;13;841
1;2025-11-09;14;874
1;2025-11-09;15;739
1;2025-11-09;16;635
1;2025-11-09;17;593
1;2025-11-09;18;448
1;2025-11-09;19;467
1;2025-11-09;20;311
1;2025-11-09;21;271
1;2025-11-09;22;90
1;2025-11-09;23;37
1;2025-11-10;0;3
1;2025-11-10;1;0
1;2025-11-10;2;0
1;2025-11-10;3;0
1;2025-11-10;4;8
1;2025-11-10;5;123
1;2025-11-10;6;490
1;2025-11-10;7;1496
1;2025-11-10;8;1815
1;2025-11-10;9;1484
1;2025-11-10;10;1357
1;2025-11-10;11;1320
1;2025-11-10;12;1402
1;2025-11-10;13;1443
1;2025-11-10;14;1351
1;2025-11-10;15;1426
1;2025-11-10;16;1554
1;2025-11-10;17;1795
1;2025-11-10;18;1738
1;2025-11-10;19;1327
1;2025-11-10;20;861
1;2025-11-10;21;467
1;2025-11-10;22;178
1;2025-11-10;23;34
1;2025-11-11;0;3
1;2025-11-11;1;0
1;2025-11-11;2;0
1;2025-11-11;3;0
1;2025-11-11;4;8
1;2025-11-11;5;123
1;2025-11-11;6;490
1;2025-11-11;7;1496
1;2025-11-11;8;1815
1;2025-11-11;9;1484
1;2025-11-11;10;1357
1;2025-11-11;11;1320
1;2025-11-11;12;1402
1;2025-11-11;13;1443
1;2025-11-11;14;1351
1;2025-11-11;15;1426
1;2025-11-11;16;1554
1;2025-11-11;17;1795
1;2025-11-11;18;1738
1;2025-11-11;19;1327
1;2025-11-11;20;861
1;2025-11-11;21;467
1;2025-11-11;22;178
1;2025-11-11;23;34
1;2025-11-12;0;3
1;2025-11-12;1;0
1;2025-11-12;2;0
1;2025-11-12;3;0
1;2025-11-12;4;8
1;2025-11-12;5;123
1;2025-11-12;6;490
1;2025-11-12;7;1496
1;2025-11-12;8;1815
1;2025-11-12;9;1484
1;2025-11-12;10;1357
1;2025-11-12;11;1320
1;2025-11-12;12;1402
1;2025-11-12;13;1443
1;2025-11-12;14;1351
1;2025-11-12;15;1426
1;2025-11-12;16;1554
1;2025-11-12;17;1795
1;2025-11-12;18;1738
1;2025-11-12;19;1327
1;2025-11-12;20;861
1;2025-11-12;21;467
1;2025-11-12;22;178
1;2025-11-12;23;34
1;2025-11-13;0;3
1;2025-11-13;1;0
1;2025-11-13;2;0
1;2025-11-13;3;0
1;2025-11-13;4;8
1;2025-11-13;5;123
1;2025-11-13;6;490
1;2025-11-13;7;1496
1;2025-11-13;8;1815
1;2025-11-13;9;1484
1;2025-11-13;10;1357
1;2025-11-13;11;1320
1;2025-11-13;12;1402
1;2025-11-13;13;1443
1;2025-11-13;14;1351
1;2025-11-13;15;1426
1;2025-11-13;16;1554
1;2025-11-13;17;1795
1;2025-11-13;18;1738
1;2025-11-13;19;1327
1;2025-11-13;20;861
1;2025-11-13;21;467
1;2025-11-13;22;178
1;2025-11-13;23;34
1;2025-11-14;0;3
1;2025-11-14;1;0
1;2025-11-14;2;0
1;2025-11-14;3;0
1;2025-11-14;4;8
1;2025-11-14;5;123
1;2025-11-14;6;490
1;2025-11-14;7;1496
1;2025-11-14;8;1815
1;2025-11-14;9;1484
1;2025-11-14;10;1357
1;2025-11-14;11;1320
1;2025-11-14;12;1402
1;2025-11-14;13;1443
1;2025-11-14;14;1351
1;2025-11-14;15;1426
1;2025-11-14;16;1554
1;2025-11-14;17;1795
1;2025-11-14;18;1738
1;2025-11-14;19;1327
1;2025-11-14;20;861
1;2025-11-14;21;467
1;2025-11-14;22;178
1;2025-11-14;23;34
1;2025-11-15;0;5
1;2025-11-15;1;0
1;2025-11-15;2;0
1;2025-11-15;3;0
1;2025-11-15;4;2
1;2025-11-15;5;40
1;2025-11-15;6;155
1;2025-11-15;7;408
1;2025-11-15;8;540
1;2025-11-15;9;788
1;2025-11-15;10;902
1;2025-11-15;11;977
1;2025-11-15;12;1143
1;2025-11-15;13;1211
1;2025-11-15;14;1097
1;2025-11-15;15;1007
1;2025-11-15;16;829
1;2025-11-15;17;806
1;2025-11-15;18;756
1;2025-11-15;19;714
1;2025-11-15;20;487
1;2025-11-15;21;270
1;2025-11-15;22;116
1;2025-11-15;23;17
1;2025-11-16;0;0
1;2025-11-16;1;0
1;2025-11-16;2;0
1;2025-11-16;3;0
1;2025-11-16;4;0
1;2025-11-16;5;24
1;2025-11-16;6;105
1;2025-11-16;7;233
1;2025-11-16;8;327
1;2025-11-16;9;546
1;2025-11-16;10;622
1;2025-11-16;11;781
1;2025-11-16;12;778
1;2025-11-16;13;841
1;2025-11-16;14;874
1;2025-11-16;15;739
1;2025-11-16;16;635
1;2025-11-16;17;593
1;2025-11-16;18;448
1;2025-11-16;19;467
1;2025-11-16;20;311
1;2025-11-16;21;271
1;2025-11-16;22;90
1;2025-11-16;23;37
1;2025-11-17;0;3
1;2025-11-17;1;0
1;2025-11-17;2;0
1;2025-11-17;3;0
1;2025-11-17;4;8
1;2025-11-17;5;123
1;2025-11-17;6;490
1;2025-11-17;7;1496
1;2025-11-17;8;1815
1;2025-11-17;9;1484
1;2025-11-17;10;1357
1;2025-11-17;11;1320
1;2025-11-17;12;1402
1;2025-11-17;13;1443
1;2025-11-17;14;1351
1;2025-11-17;15;1426
1;2025-11-17;16;1554
1;2025-11-17;17;1795
1;2025-11-17;18;1738
1;2025-11-17;19;1327
1;2025-11-17;20;861
1;2025-11-17;21;467
1;2025-11-17;22;178
1;2025-11-17;23;34
1;2025-11-18;0;3
1;2025-11-18;1;0
1;2025-11-18;2;0
1;2025-11-18;3;0
1;2025-11-18;4;8
1;2025-11-18;5;123
1;2025-11-18;6;490
1;2025-11-18;7;1496
1;2025-11-18;8;1815
1;2025-11-18;9;1484
1;2025-11-18;10;1357
1;2025-11-18;11;1320
1;2025-11-18;12;1402
1;2025-11-18;13;1443
1;2025-11-18;14;1351
1;2025-11-18;15;1426
1;2025-11-18;16;1554
1;2025-11-18;17;1795
1;2025-11-18;18;1738
1;2025-11-18;19;1327
1;2025-11-18;20;861
1;2025-11-18;21;467
1;2025-11-18;22;178
1;2025-11-18;23;34
1;2025-11-19;0;3
1;2025-11-19;1;0
1;2025-11-19;2;0
1;2025-11-19;3;0
1;2025-11-19;4;8
1;2025-11-19;5;123
1;2025-11-19;6;490
1;2025-11-19;7;1496
1;2025-11-19;8;1815
1;2025-11-19;9;1484
1;2025-11-19;10;1357
1;2025-11-19;11;1320
1;2025-11-19;12;1402
1;2025-11-19;13;1443
1;2025-11-19;14;1351
1;2025-11-19;15;1426
1;2025-11-19;16;1554
1;2025-11-19;17;1795
1;2025-11-19;18;1738
1;2025-11-19;19;1327
1;2025-11-19;20;861
1;2025-11-19;21;467
1;2025-11-19;22;178
1;2025-11-19;23;34
1;2025-11-20;0;3
1;2025-11-20;1;0
1;2025-11-20;2;0
1;2025-11-20;3;0
1;2025-11-20;4;8
1;2025-11-20;5;123
1;2025-11-20;6;490
1;2025-11-20;7;1496
1;2025-11-20;8;1815
1;2025-11-20;9;1484
1;2025-11-20;10;1357
1;2025-11-20;11;1320
1;2025-11-20;12;1402
1;2025-11-20;13;1443
1;2025-11-20;14;1351
1;2025-11-20;15;1426
1;2025-11-20;16;1554
1;2025-11-20;17;1795
1;2025-11-20;18;1738
1;2025-11-20;19;1327
1;2025-11-20;20;861
1;2025-11-20;21;467
1;2025-11-20;22;178
1;2025-11-20;23;34
1;2025-11-21;0;3
1;2025-11-21;1;0
1;2025-11-21;2;0
1;2025-11-21;3;0
1;2025-11-21;4;8
1;2025-11-21;5;123
1;2025-11-21;6;490
1;2025-11-21;7;1496
1;2025-11-21;8;1815
1;2025-11-21;9;1484
1;2025-11-21;10;1357
1;2025-11-21;11;1320
1;2025-11-21;12;1402
1;2025-11-21;13;1443
1;2025-11-21;14;1351
1;2025-11-21;15;1426
1;2025-11-21;16;1554
1;2025-11-21;17;1795
1;2025-11-21;18;1738
1;2025-11-21;19;1327
1;2025-11-21;20;861
1;2025-11-21;21;467
1;2025-11-21;22;178
1;2025-11-21;23;34
1;2025-11-22;0;5
1;2025-11-22;1;0
1;2025-11-22;2;0
1;2025-11-22;3;0
1;2025-11-22;4;2
1;2025-11-22;5;40
1;2025-11-22;6;155
1;2025-11-22;7;408
1;2025-11-22;8;540
1;2025-11-22;9;788
1;2025-11-22;10;902
1;2025-11-22;11;977
1;2025-11-22;12;1143
1;2025-11-22;13;1211
1;2025-11-22;14;1097
1;2025-11-22;15;1007
1;2025-11-22;16;829
1;2025-11-22;17;806
1;2025-11-22;18;756
1;2025-11-22;19;714
1;2025-11-22;20;487
1;2025-11-22;21;270
1;2025-11-22;22;116
1;2025-11-22;23;17
1;2025-11-23;0;0
1;2025-11-23;1;0
1;2025-11-23;2;0
1;2025-11-23;3;0
1;2025-11-23;4;0
1;2025-11-23;5;24
1;2025-11-23;6;105
1;2025-11-23;7;233
1;2025-11-23;8;327
1;2025-11-23;9;546
1;2025-11-23;10;622
1;2025-11-23;11;781
1;2025-11-23;12;778
1;2025-11-23;13;841
1;2025-11-23;14;874
1;2025-11-23;15;739
1;2025-11-23;16;635
1;2025-11-23;17;593
1;2025-11-23;18;448
1;2025-11-23;19;467
1;2025-11-23;20;311
1;2025-11-23;21;271
1;2025-11-23;22;90
1;2025-11-23;23;37
1;2025-11-24;0;3
1;2025-11-24;1;0
1;2025-11-24;2;0
1;2025-11-24;3;0
1;2025-11-24;4;8
1;2025-11-24;5;123
1;2025-11-24;6;490
1;2025-11-24;7;1496
1;2025-11-24;8;1815
1;2025-11-24;9;1484
1;2025-11-24;10;1357
1;2025-11-24;11;1320
1;2025-11-24;12;1402
1;2025-11-24;13;1443
1;2025-11-24;14;1351
1;2025-11-24;15;1426
1;2025-11-24;16;1554
1;2025-11-24;17;1795
1;2025-11-24;18;1738
1;2025-11-24;19;1327
1;2025-11-24;20;861
1;2025-11-24;21;467
1;2025-11-24;22;178
1;2025-11-24;23;34
1;2025-11-25;0;3
1;2025-11-25;1;0
1;2025-11-25;2;0
1;2025-11-25;3;0
1;2025-11-25;4;8
1;2025-11-25;5;123
1;2025-11-25;6;490
1;2025-11-25;7;1496
1;2025-11-25;8;1815
1;2025-11-25;9;1484
1;2025-11-25;10;1357
1;2025-11-25;11;1320
1;2025-11-25;12;1402
1;2025-11-25;13;1443
1;2025-11-25;14;1351
1;2025-11-25;15;1426
1;2025-11-25;16;1554
1;2025-11-25;17;1795
1;2025-11-25;18;1738
1;2025-11-25;19;1327
1;2025-11-25;20;861
1;2025-11-25;21;467
1;2025-11-25;22;178
1;2025-11-25;23;34
1;2025-11-26;0;3
1;2025-11-26;1;0
1;2025-11-26;2;0
1;2025-11-26;3;0
1;2025-11-26;4;8
1;2025-11-26;5;123
1;2025-11-26;6;490
1;2025-11-26;7;1496
1;2025-11-26;8;1815
1;2025-11-26;9;1484
1;2025-11-26;10;1357
1;2025-11-26;11;1320
1;2025-11-26;12;1402
1;2025-11-26;13;1443
1;2025-11-26;14;1351
1;2025-11-26;15;1426
1;2025-11-26;16;1554
1;2025-11-26;17;1795
1;2025-11-26;18;1738
1;2025-11-26;19;1327
1;2025-11-26;20;861
1;2025-11-26;21;467
1;2025-11-26;22;178
1;2025-11-26;23;34
1;2025-11-27;0;3
1;2025-11-27;1;0
1;2025-11-27;2;0
1;2025-11-27;3;0
1;2025-11-27;4;8
1;2025-11-27;5;123
1;2025-11-27;6;490
1;2025-11-27;7;1496
1;2025-11-27;8;1815
1;2025-11-27;9;1484
1;2025-11-27;10;1357
1;2025-11-27;11;1320
1;2025-11-27;12;1402
1;2025-11-27;13;1443
1;2025-11-27;14;1351
1;2025-11-27;15;1426
1;2025-11-27;16;1554
1;2025-11-27;17;1795
1;2025-11-27;18;1738
1;2025-11-27;19;1327
1;2025-11-27;20;861
1;2025-11-27;21;467
1;2025-11-27;22;178
1;2025-11-27;23;34
1;2025-11-28;0;3
1;2025-11-28;1;0
1;2025-11-28;2;0
1;2025-11-28;3;0
1;2025-11-28;4;8
1;2025-11-28;5;123
1;2025-11-28;6;490
1;2025-11-28;7;1496
1;2025-11-28;8;1815
1;2025-11-28;9;1484
1;2025-11-28;10;1357
1;2025-11-28;11;1320
1;2025-11-28;12;1402
1;2025-11-28;13;1443
1;2025-11-28;14;1351
1;2025-11-28;15;1426
1;2025-11-28;16;1554
1;2025-11-28;17;1795
1;2025-11-28;18;1738
1;2025-11-28;19;1327
1;2025-11-28;20;861
1;2025-11-28;21;467
1;2025-11-28;22;178
1;2025-11-28;23;34
1;2025-11-29;0;5
1;2025-11-29;1;0
1;2025-11-29;2;0
1;2025-11-29;3;0
1;2025-11-29;4;2
1;2025-11-29;5;40
1;2025-11-29;6;155
1;2025-11-29;7;408
1;2025-11-29;8;540
1;2025-11-29;9;788
1;2025-11-29;10;902
1;2025-11-29;11;977
1;2025-11-29;12;1143
1;2025-11-29;13;1211
1;2025-11-29;14;1097
1;2025-11-29;15;1007
1;2025-11-29;16;829
1;2025-11-29;17;806
1;2025-11-29;18;756
1;2025-11-29;19;714
1;2025-11-29;20;487
1;2025-11-29;21;270
1;2025-11-29;22;116
1;2025-11-29;23;17
1;2025-11-30;0;0
1;2025-11-30;1;0
1;2025-11-30;2;0
1;2025-11-30;3;0
1;2025-11-30;4;0
1;2025-11-30;5;24
1;2025-11-30;6;105
1;2025-11-30;7;233
1;2025-11-30;8;327
1;2025-11-30;9;546
1;2025-11-30;10;622
1;2025-11-30;11;781
1;2025-11-30;12;778
1;2025-11-30;13;841
1;2025-11-30;14;874
1;2025-11-30;15;739
1;2025-11-30;16;635
1;2025-11-30;17;593
1;2025-11-30;18;448
1;2025-11-30;19;467
1;2025-11-30;20;311
1;2025-11-30;21;271
1;2025-11-30;22;90
1;2025-11-30;23;37
1;2025-12-01;0;3
1;2025-12-01;1;0
1;2025-12-01;2;0
1;2025-12-01;3;0
1;2025-12-01;4;8
1;2025-12-01;5;127
1;2025-12-01;6;506
1;2025-12-01;7;1543
1;2025-12-01;8;1871
1;2025-12-01;9;1530
1;2025-12-01;10;1399
1;2025-12-01;11;1361
1;2025-12-01;12;1445
1;2025-12-01;13;1488
1;2025-12-01;14;1393
1;2025-12-01;15;1470
1;2025-12-01;16;1603
1;2025-12-01;17;1851
1;2025-12-01;18;1792
1;2025-12-01;19;1368
1;2025-12-01;20;888
1;2025-12-01;21;482
1;2025-12-01;22;184
1;2025-12-01;23;35
1;2025-12-02;0;3
1;2025-12-02;1;0
1;2025-12-02;2;0
1;2025-12-02;3;0
1;2025-12-02;4;8
1;2025-12-02;5;127
1;2025-12-02;6;506
1;2025-12-02;7;1543
1;2025-12-02;8;1871
1;2025-12-02;9;1530
1;2025-12-02;10;1399
1;2025-12-02;11;1361
1;2025-12-02;12;1445
1;2025-12-02;13;1488
1;2025-12-02;14;1393
1;2025-12-02;15;1470
1;2025-12-02;16;1603
1;2025-12-02;17;1851
1;2025-12-02;18;1792
1;2025-12-02;19;1368
1;2025-12-02;20;888
1;2025-12-02;21;482
1;2025-12-02;22;184
1;2025-12-02;23;35
1;2025-12-03;0;3
1;2025-12-03;1;0
1;2025-12-03;2;0
1;2025-12-03;3;0
1;2025-12-03;4;8
1;2025-12-03;5;127
1;2025-12-03;6;506
1;2025-12-03;7;1543
1;2025-12-03;8;1871
1;2025-12-03;9;1530
1;2025-12-03;10;1399
1;2025-12-03;11;1361
1;2025-12-03;12;1445
1;2025-12-03;13;1488
1;2025-12-03;14;1393
1;2025-12-03;15;1470
1;2025-12-03;16;1603
1;2025-12-03;17;1851
1;2025-12-03;18;1792
1;2025-12-03;19;1368
1;2025-12-03;20;888
1;2025-12-03;21;482
1;2025-12-03;22;184
1;2025-12-03;23;35
1;2025-12-04;0;3
1;2025-12-04;1;0
1;2025-12-04;2;0
1;2025-12-04;3;0
1;2025-12-04;4;8
1;2025-12-04;5;127
1;2025-12-04;6;506
1;2025-12-04;7;1543
1;2025-12-04;8;1871
1;2025-12-04;9;1530
1;2025-12-04;10;1399
1;2025-12-04;11;1361
1;2025-12-04;12;1445
1;2025-12-04;13;1488
1;2025-12-04;14;1393
1;2025-12-04;15;1470
1;2025-12-04;16;1603
1;2025-12-04;17;1851
1;2025-12-04;18;1792
1;2025-12-04;19;1368
1;2025-12-04;20;888
1;2025-12-04;21;482
1;2025-12-04;22;184
1;2025-12-04;23;35
1;2025-12-05;0;3
1;2025-12-05;1;0
1;2025-12-05;2;0
1;2025-12-05;3;0
1;2025-12-05;4;8
1;2025-12-05;5;127
1;2025-12-05;6;506
1;2025-12-05;7;1543
1;2025-12-05;8;1871
1;2025-12-05;9;1530
1;2025-12-05;10;1399
1;2025-12-05;11;1361
1;2025-12-05;12;1445
1;2025-12-05;13;1488
1;2025-12-05;14;1393
1;2025-12-05;15;1470
1;2025-12-05;16;1603
1;2025-12-05;17;1851
1;2025-12-05;18;1792
1;2025-12-05;19;1368
1;2025-12-05;20;888
1;2025-12-05;21;482
1;2025-12-05;22;184
1;2025-12-05;23;35
1;2025-12-06;0;5
1;2025-12-06;1;0
1;2025-12-06;2;0
1;2025-12-06;3;0
1;2025-12-06;4;2
1;2025-12-06;5;41
1;2025-12-06;6;160
1;2025-12-06;7;421
1;2025-12-06;8;557
1;2025-12-06;9;813
1;2025-12-06;10;931
1;2025-12-06;11;1007
1;2025-12-06;12;1179
1;2025-12-06;13;1249
1;2025-12-06;14;1131
1;2025-12-06;15;1038
1;2025-12-06;16;855
1;2025-12-06;17;831
1;2025-12-06;18;780
1;2025-12-06;19;736
1;2025-12-06;20;502
1;2025-12-06;21;278
1;2025-12-06;22;120
1;2025-12-06;23;18
1;2025-12-07;0;0
1;2025-12-07;1;0
1;2025-12-07;2;0
1;2025-12-07;3;0
1;2025-12-07;4;0
1;2025-12-07;5;25
1;2025-12-07;6;109
1;2025-12-07;7;240
1;2025-12-07;8;337
1;2025-12-07;9;563
1;2025-12-07;10;641
1;2025-12-07;11;805
1;2025-12-07;12;802
1;2025-12-07;13;867
1;2025-12-07;14;902
1;2025-12-07;15;762
1;2025-12-07;16;654
1;2025-12-07;17;611
1;2025-12-07;18;462
1;2025-12-07;19;482
1;2025-12-07;20;321
1;2025-12-07;21;279
1;2025-12-07;22;93
1;2025-12-07;23;38
1;2025-12-08;0;3
1;2025-12-08;1;0
1;2025-12-08;2;0
1;2025-12-08;3;0
1;2025-12-08;4;8
1;2025-12-08;5;127
1;2025-12-08;6;506
1;2025-12-08;7;1543
1;2025-12-08;8;1871
1;2025-12-08;9;1530
1;2025-12-08;10;1399
1;2025-12-08;11;1361
1;2025-12-08;12;1445
1;2025-12-08;13;1488
1;2025-12-08;14;1393
1;2025-12-08;15;1470
1;2025-12-08;16;1603
1;2025-12-08;17;1851
1;2025-12-08;18;1792
1;2025-12-08;19;1368
1;2025-12-08;20;888
1;2025-12-08;21;482
1;2025-12-08;22;184
1;2025-12-08;23;35
1;2025-12-09;0;3
1;2025-12-09;1;0
1;2025-12-09;2;0
1;2025-12-09;3;0
1;2025-12-09;4;8
1;2025-12-09;5;127
1;2025-12-09;6;506
1;2025-12-09;7;1543
1;2025-12-09;8;1871
1;2025-12-09;9;1530
1;2025-12-09;10;1399
1;2025-12-09;11;1361
1;2025-12-09;12;1445
1;2025-12-09;13;1488
1;2025-12-09;14;1393
1;2025-12-09;15;1470
1;2025-12-09;16;1603
1;2025-12-09;17;1851
1;2025-12-09;18;1792
1;2025-12-09;19;1368
1;2025-12-09;20;888
1;2025-12-09;21;482
1;2025-12-09;22;184
1;2025-12-09;23;35
1;2025-12-10;0;3
1;2025-12-10;1;0
1;2025-12-10;2;0
1;2025-12-10;3;0
1;2025-12-10;4;8
1;2025-12-10;5;127
1;2025-12-10;6;506
1;2025-12-10;7;1543
1;2025-12-10;8;1871
1;2025-12-10;9;1530
1;2025-12-10;10;1399
1;2025-12-10;11;1361
1;2025-12-10;12;1445
1;2025-12-10;13;1488
1;2025-12-10;14;1393
1;2025-12-10;15;1470
1;2025-12-10;16;1603
1;2025-12-10;17;1851
1;2025-12-10;18;1792
1;2025-12-10;19;1368
1;2025-12-10;20;888
1;2025-12-10;21;482
1;2025-12-10;22;184
1;2025-12-10;23;35
1;2025-12-11;0;3
1;2025-12-11;1;0
1;2025-12-11;2;0
1;2025-12-11;3;0
1;2025-12-11;4;8
1;2025-12-11;5;127
1;2025-12-11;6;506
1;2025-12-11;7;1543
1;2025-12-11;8;1871
1;2025-12-11;9;1530
1;2025-12-11;10;1399
1;2025-12-11;11;1361
1;2025-12-11;12;1445
1;2025-12-11;13;1488
1;2025-12-11;14;1393
1;2025-12-11;15;1470
1;2025-12-11;16;1603
1;2025-12-11;17;1851
1;2025-12-11;18;1792
1;2025-12-11;19;1368
1;2025-12-11;20;888
1;2025-12-11;21;482
1;2025-12-11;22;184
1;2025-12-11;23;35
1;2025-12-12;0;3
1;2025-12-12;1;0
1;2025-12-12;2;0
1;2025-12-12;3;0
1;2025-12-12;4;8
1;2025-12-12;5;127
1;2025-12-12;6;506
1;2025-12-12;7;1543
1;2025-12-12;8;1871
1;2025-12-12;9;1530
1;2025-12-12;10;1399
1;2025-12-12;11;1361
1;2025-12-12;12;1445
1;2025-12-12;13;1488
1;2025-12-12;14;1393
1;2025-12-12;15;1470
1;2025-12-12;16;1603
1;2025-12-12;17;1851
1;2025-12-12;18;1792
1;2025-12-12;19;1368
1;2025-12-12;20;888
1;2025-12-12;21;482
1;2025-12-12;22;184
1;2025-12-12;23;35
1;2025-12-13;0;5
1;2025-12-13;1;0
1;2025-12-13;2;0
1;2025-12-13;3;0
1;2025-12-13;4;2
1;2025-12-13;5;41
1;2025-12-13;6;160
1;2025-12-13;7;421
1;2025-12-13;8;557
1;2025-12-13;9;813
1;2025-12-13;10;931
1;2025-12-13;11;1007
1;2025-12-13;12;1179
1;2025-12-13;13;1249
1;2025-12-13;14;1131
1;2025-12-13;15;1038
1;2025-12-13;16;855
1;2025-12-13;17;831
1;2025-12-13;18;780
1;2025-12-13;19;736
1;2025-12-13;20;502
1;2025-12-13;21;278
1;2025-12-13;22;120
1;2025-12-13;23;18
1;2025-12-14;0;0
1;2025-12-14;1;0
1;2025-12-14;2;0
1;2025-12-14;3;0
1;2025-12-14;4;0
1;2025-12-14;5;25
1;2025-12-14;6;109
1;2025-12-14;7;240
1;2025-12-14;8;337
1;2025-12-14;9;563
1;2025-12-14;10;641
1;2025-12-14;11;805
1;2025-12-14;12;802
1;2025-12-14;13;867
1;2025-12-14;14;902
1;2025-12-14;15;762
1;2025-12-14;16;654
1;2025-12-14;17;611
1;2025-12-14;18;462
1;2025-12-14;19;482
1;2025-12-14;20;321
1;2025-12-14;21;279
1;2025-12-14;22;93
1;2025-12-14;23;38
1;2025-12-15;0;3
1;2025-12-15;1;0
1;2025-12-15;2;0
1;2025-12-15;3;0
1;2025-12-15;4;8
1;2025-12-15;5;127
1;2025-12-15;6;506
1;2025-12-15;7;1543
1;2025-12-15;8;1871
1;2025-12-15;9;1530
1;2025-12-15;10;1399
1;2025-12-15;11;1361
1;2025-12-15;12;1445
1;2025-12-15;13;1488
1;2025-12-15;14;1393
1;2025-12-15;15;1470
1;2025-12-15;16;1603
1;2025-12-15;17;1851
1;2025-12-15;18;1792
1;2025-12-15;19;1368
1;2025-12-15;20;888
1;2025-12-15;21;482
1;2025-12-15;22;184
1;2025-12-15;23;35
1;2025-12-16;0;3
1;2025-12-16;1;0
1;2025-12-16;2;0
1;2025-12-16;3;0
1;2025-12-16;4;8
1;2025-12-16;5;127
1;2025-12-16;6;506
1;2025-12-16;7;1543
1;2025-12-16;8;1871
1;2025-12-16;9;1530
1;2025-12-16;10;1399
1;2025-12-16;11;1361
1;2025-12-16;12;1445
1;2025-12-16;13;1488
1;2025-12-16;14;1393
1;2025-12-16;15;1470
1;2025-12-16;16;1603
1;2025-12-16;17;1851
1;2025-12-16;18;1792
1;2025-12-16;19;1368
1;2025-12-16;20;888
1;2025-12-16;21;482
1;2025-12-16;22;184
1;2025-12-16;23;35
1;2025-12-17;0;3
1;2025-12-17;1;0
1;2025-12-17;2;0
1;2025-12-17;3;0
1;2025-12-17;4;8
1;2025-12-17;5;127
1;2025-12-17;6;506
1;2025-12-17;7;1543
1;2025-12-17;8;1871
1;2025-12-17;9;1530
1;2025-12-17;10;1399
1;2025-12-17;11;1361
1;2025-12-17;12;1445
1;2025-12-17;13;1488
1;2025-12-17;14;1393
1;2025-12-17;15;1470
1;2025-12-17;16;1603
1;2025-12-17;17;1851
1;2025-12-17;18;1792
1;2025-12-17;19;1368
1;2025-12-17;20;888
1;2025-12-17;21;482
1;2025-12-17;22;184
1;2025-12-17;23;35
1;2025-12-18;0;3
1;2025-12-18;1;0
1;2025-12-18;2;0
1;2025-12-18;3;0
1;2025-12-18;4;8
1;2025-12-18;5;127
1;2025-12-18;6;506
1;2025-12-18;7;1543
1;2025-12-18;8;1871
1;2025-12-18;9;1530
1;2025-12-18;10;1399
1;2025-12-18;11;1361
1;2025-12-18;12;1445
1;2025-12-18;13;1488
1;2025-12-18;14;1393
1;2025-12-18;15;1470
1;2025-12-18;16;1603
1;2025-12-18;17;1851
1;2025-12-18;18;1792
1;2025-12-18;19;1368
1;2025-12-18;20;888
1;2025-12-18;21;482
1;2025-12-18;22;184
1;2025-12-18;23;35
1;2025-12-19;0;3
1;2025-12-19;1;0
1;2025-12-19;2;0
1;2025-12-19;3;0
1;2025-12-19;4;8
1;2025-12-19;5;127
1;2025-12-19;6;506
1;2025-12-19;7;1543
1;2025-12-19;8;1871
1;2025-12-19;9;1530
1;2025-12-19;10;1399
1;2025-12-19;11;1361
1;2025-12-19;12;1445
1;2025-12-19;13;1488
1;2025-12-19;14;1393
1;2025-12-19;15;1470
1;2025-12-19;16;1603
1;2025-12-19;17;1851
1;2025-12-19;18;1792
1;2025-12-19;19;1368
1;2025-12-19;20;888
1;2025-12-19;21;482
1;2025-12-19;22;184
1;2025-12-19;23;35
1;2025-12-20;0;5
1;2025-12-20;1;0
1;2025-12-20;2;0
1;2025-12-20;3;0
1;2025-12-20;4;2
1;2025-12-20;5;41
1;2025-12-20;6;160
1;2025-12-20;7;421
1;2025-12-20;8;557
1;2025-12-20;9;813
1;2025-12-20;10;931
1;2025-12-20;11;1007
1;2025-12-20;12;1179
1;2025-12-20;13;1249
1;2025-12-20;14;1131
1;2025-12-20;15;1038
1;2025-12-20;16;855
1;2025-12-20;17;831
1;2025-12-20;18;780
1;2025-12-20;19;736
1;2025-12-20;20;502
1;2025-12-20;21;278
1;2025-12-20;22;120
1;2025-12-20;23;18
1;2025-12-21;0;0
1;2025-12-21;1;0
1;2025-12-21;2;0
1;2025-12-21;3;0
1;2025-12-21;4;0
1;2025-12-21;5;25
1;2025-12-21;6;109
1;2025-12-21;7;240
1;2025-12-21;8;337
1;2025-12-21;9;563
1;2025-12-21;10;641
1;2025-12-21;11;805
1;2025-12-21;12;802
1;2025-12-21;13;867
1;2025-12-21;14;902
1;2025-12-21;15;762
1;2025-12-21;16;654
1;2025-12-21;17;611
1;2025-12-21;18;462
1;2025-12-21;19;482
1;2025-12-21;20;321
1;2025-12-21;21;279
1;2025-12-21;22;93
1;2025-12-21;23;38
1;2025-12-22;0;3
1;2025-12-22;1;0
1;2025-12-22;2;0
1;2025-12-22;3;0
1;2025-12-22;4;8
1;2025-12-22;5;127
1;2025-12-22;6;506
1;2025-12-22;7;1543
1;2025-12-22;8;1871
1;2025-12-22;9;1530
1;2025-12-22;10;1399
1;2025-12-22;11;1361
1;2025-12-22;12;1445
1;2025-12-22;13;1488
1;2025-12-22;14;1393
1;2025-12-22;15;1470
1;2025-12-22;16;1603
1;2025-12-22;17;1851
1;2025-12-22;18;1792
1;2025-12-22;19;1368
1;2025-12-22;20;888
1;2025-12-22;21;482
1;2025-12-22;22;184
1;2025-12-22;23;35
1;2025-12-23;0;3
1;2025-12-23;1;0
1;2025-12-23;2;0
1;2025-12-23;3;0
1;2025-12-23;4;8
1;2025-12-23;5;127
1;2025-12-23;6;506
1;2025-12-23;7;1543
1;2025-12-23;8;1871
1;2025-12-23;9;1530
1;2025-12-23;10;1399
1;2025-12-23;11;1361
1;2025-12-23;12;1445
1;2025-12-23;13;1488
1;2025-12-23;14;1393
1;2025-12-23;15;1470
1;2025-12-23;16;1603
1;2025-12-23;17;1851
1;2025-12-23;18;1792
1;2025-12-23;19;1368
1;2025-12-23;20;888
1;2025-12-23;21;482
1;2025-12-23;22;184
1;2025-12-23;23;35
1;2025-12-24;0;3
1;2025-12-24;1;0
1;2025-12-24;2;0
1;2025-12-24;3;0
1;2025-12-24;4;8
1;2025-12-24;5;127
1;2025-12-24;6;506
1;2025-12-24;7;1543
1;2025-12-24;8;1871
1;2025-12-24;9;1530
1;2025-12-24;10;1399
1;2025-12-24;11;1361
1;2025-12-24;12;1445
1;2025-12-24;13;1488
1;2025-12-24;14;1393
1;2025-12-24;15;1470
1;2025-12-24;16;1603
1;2025-12-24;17;1851
1;2025-12-24;18;1792
1;2025-12-24;19;1368
1;2025-12-24;20;888
1;2025-12-24;21;482
1;2025-12-24;22;184
1;2025-12-24;23;35
1;2025-12-25;0;3
1;2025-12-25;1;0
1;2025-12-25;2;0
1;2025-12-25;3;0
1;2025-12-25;4;8
1;2025-12-25;5;127
1;2025-12-25;6;506
1;2025-12-25;7;1543
1;2025-12-25;8;1871
1;2025-12-25;9;1530
1;2025-12-25;10;1399
1;2025-12-25;11;1361
1;2025-12-25;12;1445
1;2025-12-25;13;1488
1;2025-12-25;14;1393
1;2025-12-25;15;1470
1;2025-12-25;16;1603
1;2025-12-25;17;1851
1;2025-12-25;18;1792
1;2025-12-25;19;1368
1;2025-12-25;20;888
1;2025-12-25;21;482
1;2025-12-25;22;184
1;2025-12-25;23;35
1;2025-12-26;0;3
1;2025-12-26;1;0
1;2025-12-26;2;0
1;2025-12-26;3;0
1;2025-12-26;4;8
1;2025-12-26;5;127
1;2025-12-26;6;506
1;2025-12-26;7;1543
1;2025-12-26;8;1871
1;2025-12-26;9;1530
1;2025-12-26;10;1399
1;2025-12-26;11;1361
1;2025-12-26;12;1445
1;2025-12-26;13;1488
1;2025-12-26;14;1393
1;2025-12-26;15;1470
1;2025-12-26;16;1603
1;2025-12-26;17;1851
1;2025-12-26;18;1792
1;2025-12-26;19;1368
1;2025-12-26;20;888
1;2025-12-26;21;482
1;2025-12-26;22;184
1;2025-12-26;23;35
1;2025-12-27;0;5
1;2025-12-27;1;0
1;2025-12-27;2;0
1;2025-12-27;3;0
1;2025-12-27;4;2
1;2025-12-27;5;41
1;2025-12-27;6;160
1;2025-12-27;7;421
1;2025-12-27;8;557
1;2025-12-27;9;813
1;2025-12-27;10;931
1;2025-12-27;11;1007
1;2025-12-27;12;1179
1;2025-12-27;13;1249
1;2025-12-27;14;1131
1;2025-12-27;15;1038
1;2025-12-27;16;855
1;2025-12-27;17;831
1;2025-12-27;18;780
1;2025-12-27;19;736
1;2025-12-27;20;502
1;2025-12-27;21;278
1;2025-12-27;22;120
1;2025-12-27;23;18
1;2025-12-28;0;0
1;2025-12-28;1;0
1;2025-12-28;2;0
1;2025-12-28;3;0
1;2025-12-28;4;0
1;2025-12-28;5;25
1;2025-12-28;6;109
1;2025-12-28;7;240
1;2025-12-28;8;337
1;2025-12-28;9;563
1;2025-12-28;10;641
1;2025-12-28;11;805
1;2025-12-28;12;802
1;2025-12-28;13;867
1;2025-12-28;14;902
1;2025-12-28;15;762
1;2025-12-28;16;654
1;2025-12-28;17;611
1;2025-12-28;18;462
1;2025-12-28;19;482
1;2025-12-28;20;321
1;2025-12-28;21;279
1;2025-12-28;22;93
1;2025-12-28;23;38
1;2025-12-29;0;3
1;2025-12-29;1;0
1;2025-12-29;2;0
1;2025-12-29;3;0
1;2025-12-29;4;7
1;2025-12-29;5;108
1;2025-12-29;6;430
1;2025-12-29;7;1311
1;2025-12-29;8;1591
1;2025-12-29;9;1301
1;2025-12-29;10;1189
1;2025-12-29;11;1157
1;2025-12-29;12;1229
1;2025-12-29;13;1265
1;2025-12-29;14;1184
1;2025-12-29;15;1250
1;2025-12-29;16;1362
1;2025-12-29;17;1573
1;2025-12-29;18;1523
1;2025-12-29;19;1163
1;2025-12-29;20;755
1;2025-12-29;21;410
1;2025-12-29;22;156
1;2025-12-29;23;30
1;2025-12-30;0;3
1;2025-12-30;1;0
1;2025-12-30;2;0
1;2025-12-30;3;0
1;2025-12-30;4;7
1;2025-12-30;5;108
1;2025-12-30;6;430
1;2025-12-30;7;1311
1;2025-12-30;8;1591
1;2025-12-30;9;1301
1;2025-12-30;10;1189
1;2025-12-30;11;1157
1;2025-12-30;12;1229
1;2025-12-30;13;1265
1;2025-12-30;14;1184
1;2025-12-30;15;1250
1;2025-12-30;16;1362
1;2025-12-30;17;1573
1;2025-12-30;18;1523
1;2025-12-30;19;1163
1;2025-12-30;20;755
1;2025-12-30;21;410
1;2025-12-30;22;156
1;2025-12-30;23;30
1;2025-12-31;0;0
1;2025-12-31;1;0
1;2025-12-31;2;0
1;2025-12-31;3;0
1;2025-12-31;4;0
1;2025-12-31;5;21
1;2025-12-31;6;93
1;2025-12-31;7;205
1;2025-12-31;8;288
1;2025-12-31;9;482
1;2025-12-31;10;548
1;2025-12-31;11;689
1;2025-12-31;12;686
1;2025-12-31;13;742
1;2025-12-31;14;771
1;2025-12-31;15;651
1;2025-12-31;16;560
1;2025-12-31;17;522
1;2025-12-31;18;395
1;2025-12-31;19;412
1;2025-12-31;20;0
1;2025-12-31;21;0
1;2025-12-31;22;0
1;2025-12-31;23;0
5;2025-11-01;0;0
5;2025-11-01;1;0
5;2025-11-01;2;0
5;2025-11-01;3;0
5;2025-11-01;4;0
5;2025-11-01;5;0
5;2025-11-01;6;0
5;2025-11-01;7;0
5;2025-11-01;8;0
5;2025-11-01;9;0
5;2025-11-01;10;0
5;2025-11-01;11;0
5;2025-11-01;12;0
5;2025-11-01;13;0
5;2025-11-01;14;0
5;2025-11-01;15;0
5;2025-11-01;16;0
5;2025-11-01;17;0
5;2025-11-01;18;0
5;2025-11-01;19;0
5;2025-11-01;20;0
5;2025-11-01;21;0
5;2025-11-01;22;0
5;2025-11-01;23;0
5;2025-11-02;0;0
5;2025-11-02;1;0
5;2025-11-02;2;0
5;2025-11-02;3;0
5;2025-11-02;4;0
5;2025-11-02;5;0
5;2025-11-02;6;0
5;2025-11-02;7;0
5;2025-11-02;8;0
5;2025-11-02;9;0
5;2025-11-02;10;0
5;2025-11-02;11;0
5;2025-11-02;12;0
5;2025-11-02;13;0
5;2025-11-02;14;0
5;2025-11-02;15;0
5;2025-11-02;16;0
5;2025-11-02;17;0
5;2025-11-02;18;0
5;2025-11-02;19;0
5;2025-11-02;20;0
5;2025-11-02;21;0
5;2025-11-02;22;0
5;2025-11-02;23;0
5;2025-11-03;0;0
5;2025-11-03;1;0
5;2025-11-03;2;0
5;2025-11-03;3;0
5;2025-11-03;4;0
5;2025-11-03;5;0
5;2025-11-03;6;0
5;2025-11-03;7;0
5;2025-11-03;8;0
5;2025-11-03;9;0
5;2025-11-03;10;0
5;2025-11-03;11;0
5;2025-11-03;12;0
5;2025-11-03;13;0
5;2025-11-03;14;0
5;2025-11-03;15;0
5;2025-11-03;16;0
5;2025-11-03;17;0
5;2025-11-03;18;0
5;2025-11-03;19;0
5;2025-11-03;20;0
5;2025-11-03;21;0
5;2025-11-03;22;0
5;2025-11-03;23;0
5;2025-11-04;0;0
5;2025-11-04;1;0
5;2025-11-04;2;0
5;2025-11-04;3;0
5;2025-11-04;4;0
5;2025-11-04;5;0
5;2025-11-04;6;0
5;2025-11-04;7;0
5;2025-11-04;8;0
5;2025-11-04;9;0
5;2025-11-04;10;0
5;2025-11-04;11;0
5;2025-11-04;12;0
5;2025-11-04;13;0
5;2025-11-04;14;0
5;2025-11-04;15;0
5;2025-11-04;16;0
5;2025-11-04;17;0
5;2025-11-04;18;0
5;2025-11-04;19;0
5;2025-11-04;20;0
5;2025-11-04;21;0
5;2025-11-04;22;0
5;2025-11-04;23;0
5;2025-11-05;0;0
5;2025-11-05;1;0
5;2025-11-05;2;0
5;2025-11-05;3;0
5;2025-11-05;4;0
5;2025-11-05;5;0
5;2025-11-05;6;0
5;2025-11-05;7;0
5;2025-11-05;8;0
5;2025-11-05;9;0
5;2025-11-05;10;0
5;2025-11-05;11;0
5;2025-11-05;12;0
5;2025-11-05;13;0
5;2025-11-05;14;0
5;2025-11-05;15;0
5;2025-11-05;16;0
5;2025-11-05;17;0
5;2025-11-05;18;0
5;2025-11-05;19;0
5;2025-11-05;20;0
5;2025-11-05;21;0
5;2025-11-05;22;0
5;2025-11-05;23;0
5;2025-11-06;0;0
5;2025-11-06;1;0
5;2025-11-06;2;0
5;2025-11-06;3;0
5;2025-11-06;4;0
5;2025-11-06;5;0
5;2025-11-06;6;0
5;2025-11-06;7;0
5;2025-11-06;8;0
5;2025-11-06;9;0
5;2025-11-06;10;0
5;2025-11-06;11;0
5;2025-11-06;12;0
5;2025-11-06;13;0
5;2025-11-06;14;0
5;2025-11-06;15;0
5;2025-11-06;16;0
5;2025-11-06;17;0
5;2025-11-06;18;0
5;2025-11-06;19;0
5;2025-11-06;20;0
5;2025-11-06;21;0
5;2025-11-06;22;0
5;2025-11-06;23;0
5;2025-11-07;0;0
5;2025-11-07;1;0
5;2025-11-07;2;0
5;2025-11-07;3;0
5;2025-11-07;4;0
5;2025-11-07;5;0
5;2025-11-07;6;0
5;2025-11-07;7;0
5;2025-11-07;8;0
5;2025-11-07;9;0
5;2025-11-07;10;0
5;2025-11-07;11;0
5;2025-11-07;12;0
5;2025-11-07;13;0
5;2025-11-07;14;0
5;2025-11-07;15;0
5;2025-11-07;16;0
5;2025-11-07;17;0
5;2025-11-07;18;0
5;2025-11-07;19;0
5;2025-11-07;20;0
5;2025-11-07;21;0
5;2025-11-07;22;0
5;2025-11-07;23;0
5;2025-11-08;0;0
5;2025-11-08;1;0
5;2025-11-08;2;0
5;2025-11-08;3;0
5;2025-11-08;4;0
5;2025-11-08;5;0
5;2025-11-08;6;0
5;2025-11-08;7;0
5;2025-11-08;8;0
5;2025-11-08;9;0
5;2025-11-08;10;0
5;2025-11-08;11;0
5;2025-11-08;12;0
5;2025-11-08;13;0
5;2025-11-08;14;0
5;2025-11-08;15;0
5;2025-11-08;16;0
5;2025-11-08;17;0
5;2025-11-08;18;0
5;2025-11-08;19;0
5;2025-11-08;20;0
5;2025-11-08;21;0
5;2025-11-08;22;0
5;2025-11-08;23;0
5;2025-11-09;0;0
5;2025-11-09;1;0
5;2025-11-09;2;0
5;2025-11-09;3;0
5;2025-11-09;4;0
5;2025-11-09;5;0
5;2025-11-09;6;0
5;2025-11-09;7;0
5;2025-11-09;8;0
5;2025-11-09;9;0
5;2025-11-09;10;0
5;2025-11-09;11;0
5;2025-11-09;12;0
5;2025-11-09;13;0
5;2025-11-09;14;0
5;2025-11-09;15;0
5;2025-11-09;16;0
5;2025-11-09;17;0
5;2025-11-09;18;0
5;2025-11-09;19;0
5;2025-11-09;20;0
5;2025-11-09;21;0
5;2025-11-09;22;0
5;2025-11-09;23;0
5;2025-11-10;0;0
5;2025-11-10;1;0
5;2025-11-10;2;0
5;2025-11-10;3;0
5;2025-11-10;4;0
5;2025-11-10;5;0
5;2025-11-10;6;0
5;2025-11-10;7;0
5;2025-11-10;8;0
5;2025-11-10;9;0
5;2025-11-10;10;0
5;2025-11-10;11;0
5;2025-11-10;12;0
5;2025-11-10;13;0
5;2025-11-10;14;0
5;2025-11-10;15;0
5;2025-11-10;16;0
5;2025-11-10;17;0
5;2025-11-10;18;0
5;2025-11-10;19;0
5;2025-11-10;20;0
5;2025-11-10;21;0
5;2025-11-10;22;0
5;2025-11-10;23;0
5;2025-11-11;0;0
5;2025-11-11;1;0
5;2025-11-11;2;0
5;2025-11-11;3;0
5;2025-11-11;4;0
5;2025-11-11;5;0
5;2025-11-11;6;0
5;2025-11-11;7;0
5;2025-11-11;8;0
5;2025-11-11;9;0
5;2025-11-11;10;0
5;2025-11-11;11;0
5;2025-11-11;12;0
5;2025-11-11;13;0
5;2025-11-11;14;0
5;2025-11-11;15;0
5;2025-11-11;16;0
5;2025-11-11;17;0
5;2025-11-11;18;0
5;2025-11-11;19;0
5;2025-11-11;20;0
5;2025-11-11;21;0
5;2025-11-11;22;0
5;2025-11-11;23;0
5;2025-11-12;0;0
5;2025-11-12;1;0
5;2025-11-12;2;0
5;2025-11-12;3;0
5;2025-11-12;4;0
5;2025-11-12;5;0
5;2025-11-12;6;0
5;2025-11-12;7;0
5;2025-11-12;8;0
5;2025-11-12;9;0
5;2025-11-12;10;0
5;2025-11-12;11;0
5;2025-11-12;12;0
5;2025-11-12;13;0
5;2025-11-12;14;0
5;2025-11-12;15;0
5;2025-11-12;16;0
5;2025-11-12;17;0
5;2025-11-12;18;0
5;2025-11-12;19;0
5;2025-11-12;20;0
5;2025-11-12;21;0
5;2025-11-12;22;0
5;2025-11-12;23;0
5;2025-11-13;0;0
5;2025-11-13;1;0
5;2025-11-13;2;0
5;2025-11-13;3;0
5;2025-11-13;4;0
5;2025-11-13;5;0
5;2025-11-13;6;0
5;2025-11-13;7;0
5;2025-11-13;8;0
5;2025-11-13;9;0
5;2025-11-13;10;0
5;2025-11-13;11;0
5;2025-11-13;12;0
5;2025-11-13;13;0
5;2025-11-13;14;0
5;2025-11-13;15;0
5;2025-11-13;16;0
5;2025-11-13;17;0
5;2025-11-13;18;0
5;2025-11-13;19;0
5;2025-11-13;20;0
5;2025-11-13;21;0
5;2025-11-13;22;0
5;2025-11-13;23;0
5;2025-11-14;0;0
5;2025-11-14;1;0
5;2025-11-14;2;0
5;2025-11-14;3;0
5;2025-11-14;4;0
5;2025-11-14;5;0
5;2025-11-14;6;0
5;2025-11-14;7;0
5;2025-11-14;8;0
5;2025-11-14;9;0
5;2025-11-14;10;0
5;2025-11-14;11;0
5;2025-11-14;12;0
5;2025-11-14;13;0
5;2025-11-14;14;0
5;2025-11-14;15;0
5;2025-11-14;16;0
5;2025-11-14;17;0
5;2025-11-14;18;0
5;2025-11-14;19;0
5;2025-11-14;20;0
5;2025-11-14;21;0
5;2025-11-14;22;0
5;2025-11-14;23;0
5;2025-11-15;0;0
5;2025-11-15;1;0
5;2025-11-15;2;0
5;2025-11-15;3;0
5;2025-11-15;4;0
5;2025-11-15;5;0
5;2025-11-15;6;0
5;2025-11-15;7;0
5;2025-11-15;8;0
5;2025-11-15;9;0
5;2025-11-15;10;0
5;2025-11-15;11;0
5;2025-11-15;12;0
5;2025-11-15;13;0
5;2025-11-15;14;0
5;2025-11-15;15;0
5;2025-11-15;16;0
5;2025-11-15;17;0
5;2025-11-15;18;0
5;2025-11-15;19;0
5;2025-11-15;20;0
5;2025-11-15;21;0
5;2025-11-15;22;0
5;2025-11-15;23;0
5;2025-11-16;0;0
5;2025-11-16;1;0
5;2025-11-16;2;0
5;2025-11-16;3;0
5;2025-11-16;4;0
5;2025-11-16;5;0
5;2025-11-16;6;0
5;2025-11-16;7;0
5;2025-11-16;8;0
5;2025-11-16;9;0
5;2025-11-16;10;0
5;2025-11-16;11;0
5;2025-11-16;12;0
5;2025-11-16;13;0
5;2025-11-16;14;0
5;2025-11-16;15;0
5;2025-11-16;16;0
5;2025-11-16;17;0
5;2025-11-16;18;0
5;2025-11-16;19;0
5;2025-11-16;20;0
5;2025-11-16;21;0
5;2025-11-16;22;0
5;2025-11-16;23;0
5;2025-11-17;0;0
5;2025-11-17;1;0
5;2025-11-17;2;0
5;2025-11-17;3;0
5;2025-11-17;4;0
5;2025-11-17;5;0
5;2025-11-17;6;0
5;2025-11-17;7;0
5;2025-11-17;8;0
5;2025-11-17;9;0
5;2025-11-17;10;0
5;2025-11-17;11;0
5;2025-11-17;12;0
5;2025-11-17;13;0
5;2025-11-17;14;0
5;2025-11-17;15;0
5;2025-11-17;16;0
5;2025-11-17;17;0
5;2025-11-17;18;0
5;2025-11-17;19;0
5;2025-11-17;20;0
5;2025-11-17;21;0
5;2025-11-17;22;0
5;2025-11-17;23;0
5;2025-11-18;0;0
5;2025-11-18;1;0
5;2025-11-18;2;0
5;2025-11-18;3;0
5;2025-11-18;4;0
5;2025-11-18;5;0
5;2025-11-18;6;0
5;2025-11-18;7;0
5;2025-11-18;8;0
5;2025-11-18;9;0
5;2025-11-18;10;0
5;2025-11-18;11;0
5;2025-11-18;12;0
5;2025-11-18;13;0
5;2025-11-18;14;0
5;2025-11-18;15;0
5;2025-11-18;16;0
5;2025-11-18;17;0
5;2025-11-18;18;0
5;2025-11-18;19;0
5;2025-11-18;20;0
5;2025-11-18;21;0
5;2025-11-18;22;0
5;2025-11-18;23;0
5;2025-11-19;0;0
5;2025-11-19;1;0
5;2025-11-19;2;0
5;2025-11-19;3;0
5;2025-11-19;4;0
5;2025-11-19;5;0
5;2025-11-19;6;0
5;2025-11-19;7;0
5;2025-11-19;8;0
5;2025-11-19;9;0
5;2025-11-19;10;0
5;2025-11-19;11;0
5;2025-11-19;12;0
5;2025-11-19;13;0
5;2025-11-19;14;0
5;2025-11-19;15;0
5;2025-11-19;16;0
5;2025-11-19;17;0
5;2025-11-19;18;0
5;2025-11-19;19;0
5;2025-11-19;20;0
5;2025-11-19;21;0
5;2025-11-19;22;0
5;2025-11-19;23;0
5;2025-11-20;0;0
5;2025-11-20;1;0
5;2025-11-20;2;0
5;2025-11-20;3;0
5;2025-11-20;4;0
5;2025-11-20;5;0
5;2025-11-20;6;0
5;2025-11-20;7;0
5;2025-11-20;8;0
5;2025-11-20;9;0
5;2025-11-20;10;0
5;2025-11-20;11;0
5;2025-11-20;12;0
5;2025-11-20;13;0
5;2025-11-20;14;0
5;2025-11-20;15;0
5;2025-11-20;16;0
5;2025-11-20;17;0
5;2025-11-20;18;0
5;2025-11-20;19;0
5;2025-11-20;20;0
5;2025-11-20;21;0
5;2025-11-20;22;0
5;2025-11-20;23;0
5;2025-11-21;0;0
5;2025-11-21;1;0
5;2025-11-21;2;0
5;2025-11-21;3;0
5;2025-11-21;4;0
5;2025-11-21;5;0
5;2025-11-21;6;0
5;2025-11-21;7;0
5;2025-11-21;8;0
5;2025-11-21;9;0
5;2025-11-21;10;0
5;2025-11-21;11;0
5;2025-11-21;12;0
5;2025-11-21;13;0
5;2025-11-21;14;0
5;2025-11-21;15;0
5;2025-11-21;16;0
5;2025-11-21;17;0
5;2025-11-21;18;0
5;2025-11-21;19;0
5;2025-11-21;20;0
5;2025-11-21;21;0
5;2025-11-21;22;0
5;2025-11-21;23;0
5;2025-11-22;0;0
5;2025-11-22;1;0
5;2025-11-22;2;0
5;2025-11-22;3;0
5;2025-11-22;4;0
5;2025-11-22;5;0
5;2025-11-22;6;0
5;2025-11-22;7;0
5;2025-11-22;8;0
5;2025-11-22;9;0
5;2025-11-22;10;0
5;2025-11-22;11;0
5;2025-11-22;12;0
5;2025-11-22;13;0
5;2025-11-22;14;0
5;2025-11-22;15;0
5;2025-11-22;16;0
5;2025-11-22;17;0
5;2025-11-22;18;0
5;2025-11-22;19;0
5;2025-11-22;20;0
5;2025-11-22;21;0
5;2025-11-22;22;0
5;2025-11-22;23;0
5;2025-11-23;0;0
5;2025-11-23;1;0
5;2025-11-23;2;0
5;2025-11-23;3;0
5;2025-11-23;4;0
5;2025-11-23;5;0
5;2025-11-23;6;0
5;2025-11-23;7;0
5;2025-11-23;8;0
5;2025-11-23;9;0
5;2025-11-23;10;0
5;2025-11-23;11;0
5;2025-11-23;12;0
5;2025-11-23;13;0
5;2025-11-23;14;0
5;2025-11-23;15;0
5;2025-11-23;16;0
5;2025-11-23;17;0
5;2025-11-23;18;0
5;2025-11-23;19;0
5;2025-11-23;20;0
5;2025-11-23;21;0
5;2025-11-23;22;0
5;2025-11-23;23;0
5;2025-11-24;0;0
5;2025-11-24;1;0
5;2025-11-24;2;0
5;2025-11-24;3;0
5;2025-11-24;4;0
5;2025-11-24;5;0
5;2025-11-24;6;0
5;2025-11-24;7;0
5;2025-11-24;8;0
5;2025-11-24;9;0
5;2025-11-24;10;0
5;2025-11-24;11;0
5;2025-11-24;12;0
5;2025-11-24;13;0
5;2025-11-24;14;0
5;2025-11-24;15;0
5;2025-11-24;16;0
5;2025-11-24;17;0
5;2025-11-24;18;0
5;2025-11-24;19;0
5;2025-11-24;20;0
5;2025-11-24;21;0
5;2025-11-24;22;0
5;2025-11-24;23;0
5;2025-11-25;0;0
5;2025-11-25;1;0
5;2025-11-25;2;0
5;2025-11-25;3;0
5;2025-11-25;4;0
5;2025-11-25;5;0
5;2025-11-25;6;0
5;2025-11-25;7;0
5;2025-11-25;8;0
5;2025-11-25;9;0
5;2025-11-25;10;0
5;2025-11-25;11;0
5;2025-11-25;12;0
5;2025-11-25;13;0
5;2025-11-25;14;0
5;2025-11-25;15;0
5;2025-11-25;16;0
5;2025-11-25;17;0
5;2025-11-25;18;0
5;2025-11-25;19;0
5;2025-11-25;20;0
5;2025-11-25;21;0
5;2025-11-25;22;0
5;2025-11-25;23;0
5;2025-11-26;0;0
5;2025-11-26;1;0
5;2025-11-26;2;0
5;2025-11-26;3;0
5;2025-11-26;4;0
5;2025-11-26;5;0
5;2025-11-26;6;0
5;2025-11-26;7;0
5;2025-11-26;8;0
5;2025-11-26;9;0
5;2025-11-26;10;0
5;2025-11-26;11;0
5;2025-11-26;12;0
5;2025-11-26;13;0
5;2025-11-26;14;0
5;2025-11-26;15;0
5;2025-11-26;16;0
5;2025-11-26;17;0
5;2025-11-26;18;0
5;2025-11-26;19;0
5;2025-11-26;20;0
5;2025-11-26;21;0
5;2025-11-26;22;0
5;2025-11-26;23;0
5;2025-11-27;0;0
5;2025-11-27;1;0
5;2025-11-27;2;0
5;2025-11-27;3;0
5;2025-11-27;4;0
5;2025-11-27;5;0
5;2025-11-27;6;0
5;2025-11-27;7;0
5;2025-11-27;8;0
5;2025-11-27;9;0
5;2025-11-27;10;0
5;2025-11-27;11;0
5;2025-11-27;12;0
5;2025-11-27;13;0
5;2025-11-27;14;0
5;2025-11-27;15;0
5;2025-11-27;16;0
5;2025-11-27;17;0
5;2025-11-27;18;0
5;2025-11-27;19;0
5;2025-11-27;20;0
5;2025-11-27;21;0
5;2025-11-27;22;0
5;2025-11-27;23;0
5;2025-11-28;0;0
5;2025-11-28;1;0
5;2025-11-28;2;0
5;2025-11-28;3;0
5;2025-11-28;4;0
5;2025-11-28;5;0
5;2025-11-28;6;0
5;2025-11-28;7;0
5;2025-11-28;8;0
5;2025-11-28;9;0
5;2025-11-28;10;0
5;2025-11-28;11;0
5;2025-11-28;12;0
5;2025-11-28;13;0
5;2025-11-28;14;0
5;2025-11-28;15;0
5;2025-11-28;16;0
5;2025-11-28;17;0
5;2025-11-28;18;0
5;2025-11-28;19;0
5;2025-11-28;20;0
5;2025-11-28;21;0
5;2025-11-28;22;0
5;2025-11-28;23;0
5;2025-11-29;0;0
5;2025-11-29;1;0
5;2025-11-29;2;0
5;2025-11-29;3;0
5;2025-11-29;4;0
5;2025-11-29;5;0
5;2025-11-29;6;0
5;2025-11-29;7;0
5;2025-11-29;8;0
5;2025-11-29;9;0
5;2025-11-29;10;0
5;2025-11-29;11;0
5;2025-11-29;12;0
5;2025-11-29;13;0
5;2025-11-29;14;0
5;2025-11-29;15;0
5;2025-11-29;16;0
5;2025-11-29;17;0
5;2025-11-29;18;0
5;2025-11-29;19;0
5;2025-11-29;20;0
5;2025-11-29;21;0
5;2025-11-29;22;0
5;2025-11-29;23;0
5;2025-11-30;0;0
5;2025-11-30;1;0
5;2025-11-30;2;0
5;2025-11-30;3;0
5;2025-11-30;4;0
5;2025-11-30;5;0
5;2025-11-30;6;0
5;2025-11-30;7;0
5;2025-11-30;8;0
5;2025-11-30;9;0
5;2025-11-30;10;0
5;2025-11-30;11;0
5;2025-11-30;12;0
5;2025-11-30;13;0
5;2025-11-30;14;0
5;2025-11-30;15;0
5;2025-11-30;16;0
5;2025-11-30;17;0
5;2025-11-30;18;0
5;2025-11-30;19;0
5;2025-11-30;20;0
5;2025-11-30;21;0
5;2025-11-30;22;0
5;2025-11-30;23;0
5;2025-12-01;0;0
5;2025-12-01;1;0
5;2025-12-01;2;0
5;2025-12-01;3;0
5;2025-12-01;4;0
5;2025-12-01;5;0
5;2025-12-01;6;0
5;2025-12-01;7;0
5;2025-12-01;8;0
5;2025-12-01;9;0
5;2025-12-01;10;0
5;2025-12-01;11;0
5;2025-12-01;12;0
5;2025-12-01;13;0
5;2025-12-01;14;0
5;2025-12-01;15;0
5;2025-12-01;16;0
5;2025-12-01;17;0
5;2025-12-01;18;0
5;2025-12-01;19;0
5;2025-12-01;20;0
5;2025-12-01;21;0
5;2025-12-01;22;0
5;2025-12-01;23;0
5;2025-12-02;0;0
5;2025-12-02;1;0
5;2025-12-02;2;0
5;2025-12-02;3;0
5;2025-12-02;4;0
5;2025-12-02;5;0
5;2025-12-02;6;0
5;2025-12-02;7;0
5;2025-12-02;8;0
5;2025-12-02;9;0
5;2025-12-02;10;0
5;2025-12-02;11;0
5;2025-12-02;12;0
5;2025-12-02;13;0
5;2025-12-02;14;0
5;2025-12-02;15;0
5;2025-12-02;16;0
5;2025-12-02;17;0
5;2025-12-02;18;0
5;2025-12-02;19;0
5;2025-12-02;20;0
5;2025-12-02;21;0
5;2025-12-02;22;0
5;2025-12-02;23;0
5;2025-12-03;0;0
5;2025-12-03;1;0
5;2025-12-03;2;0
5;2025-12-03;3;0
5;2025-12-03;4;0
5;2025-12-03;5;0
5;2025-12-03;6;0
5;2025-12-03;7;0
5;2025-12-03;8;0
5;2025-12-03;9;0
5;2025-12-03;10;0
5;2025-12-03;11;0
5;2025-12-03;12;0
5;2025-12-03;13;0
5;2025-12-03;14;0
5;2025-12-03;15;0
5;2025-12-03;16;0
5;2025-12-03;17;0
5;2025-12-03;18;0
5;2025-12-03;19;0
5;2025-12-03;20;0
5;2025-12-03;21;0
5;2025-12-03;22;0
5;2025-12-03;23;0
5;2025-12-04;0;0
5;2025-12-04;1;0
5;2025-12-04;2;0
5;2025-12-04;3;0
5;2025-12-04;4;0
5;2025-12-04;5;0
5;2025-12-04;6;0
5;2025-12-04;7;0
5;2025-12-04;8;0
5;2025-12-04;9;0
5;2025-12-04;10;0
5;2025-12-04;11;0
5;2025-12-04;12;0
5;2025-12-04;13;0
5;2025-12-04;14;0
5;2025-12-04;15;0
5;2025-12-04;16;0
5;2025-12-04;17;0
5;2025-12-04;18;0
5;2025-12-04;19;0
5;2025-12-04;20;0
5;2025-12-04;21;0
5;2025-12-04;22;0
5;2025-12-04;23;0
5;2025-12-05;0;0
5;2025-12-05;1;0
5;2025-12-05;2;0
5;2025-12-05;3;0
5;2025-12-05;4;0
5;2025-12-05;5;0
5;2025-12-05;6;0
5;2025-12-05;7;0
5;2025-12-05;8;0
5;2025-12-05;9;0
5;2025-12-05;10;0
5;2025-12-05;11;0
5;2025-12-05;12;0
5;2025-12-05;13;0
5;2025-12-05;14;0
5;2025-12-05;15;0
5;2025-12-05;16;0
5;2025-12-05;17;0
5;2025-12-05;18;0
5;2025-12-05;19;0
5;2025-12-05;20;0
5;2025-12-05;21;0
5;2025-12-05;22;0
5;2025-12-05;23;0
5;2025-12-06;0;0
5;2025-12-06;1;0
5;2025-12-06;2;0
5;2025-12-06;3;0
5;2025-12-06;4;0
5;2025-12-06;5;0
5;2025-12-06;6;0
5;2025-12-06;7;0
5;2025-12-06;8;0
5;2025-12-06;9;0
5;2025-12-06;10;0
5;2025-12-06;11;0
5;2025-12-06;12;0
5;2025-12-06;13;0
5;2025-12-06;14;0
5;2025-12-06;15;0
5;2025-12-06;16;0
5;2025-12-06;17;0
5;2025-12-06;18;0
5;2025-12-06;19;0
5;2025-12-06;20;0
5;2025-12-06;21;0
5;2025-12-06;22;0
5;2025-12-06;23;0
5;2025-12-07;0;0
5;2025-12-07;1;0
5;2025-12-07;2;0
5;2025-12-07;3;0
5;2025-12-07;4;0
5;2025-12-07;5;0
5;2025-12-07;6;0
5;2025-12-07;7;0
5;2025-12-07;8;0
5;2025-12-07;9;0
5;2025-12-07;10;0
5;2025-12-07;11;0
5;2025-12-07;12;0
5;2025-12-07;13;0
5;2025-12-07;14;0
5;2025-12-07;15;0
5;2025-12-07;16;0
5;2025-12-07;17;0
5;2025-12-07;18;0
5;2025-12-07;19;0
5;2025-12-07;20;0
5;2025-12-07;21;0
5;2025-12-07;22;0
5;2025-12-07;23;0
5;2025-12-08;0;0
5;2025-12-08;1;0
5;2025-12-08;2;0
5;2025-12-08;3;0
5;2025-12-08;4;0
5;2025-12-08;5;0
5;2025-12-08;6;0
5;2025-12-08;7;0
5;2025-12-08;8;0
5;2025-12-08;9;0
5;2025-12-08;10;0
5;2025-12-08;11;0
5;2025-12-08;12;0
5;2025-12-08;13;0
5;2025-12-08;14;0
5;2025-12-08;15;0
5;2025-12-08;16;0
5;2025-12-08;17;0
5;2025-12-08;18;0
5;2025-12-08;19;0
5;2025-12-08;20;0
5;2025-12-08;21;0
5;2025-12-08;22;0
5;2025-12-08;23;0
5;2025-12-09;0;0
5;2025-12-09;1;0
5;2025-12-09;2;0
5;2025-12-09;3;0
5;2025-12-09;4;0
5;2025-12-09;5;0
5;2025-12-09;6;0
5;2025-12-09;7;0
5;2025-12-09;8;0
5;2025-12-09;9;0
5;2025-12-09;10;0
5;2025-12-09;11;0
5;2025-12-09;12;0
5;2025-12-09;13;0
5;2025-12-09;14;0
5;2025-12-09;15;0
5;2025-12-09;16;0
5;2025-12-09;17;0
5;2025-12-09;18;0
5;2025-12-09;19;0
5;2025-12-09;20;0
5;2025-12-09;21;0
5;2025-12-09;22;0
5;2025-12-09;23;0
5;2025-12-10;0;0
5;2025-12-10;1;0
5;2025-12-10;2;0
5;2025-12-10;3;0
5;2025-12-10;4;0
5;2025-12-10;5;0
5;2025-12-10;6;0
5;2025-12-10;7;0
5;2025-12-10;8;0
5;2025-12-10;9;0
5;2025-12-10;10;0
5;2025-12-10;11;0
5;2025-12-10;12;0
5;2025-12-10;13;0
5;2025-12-10;14;0
5;2025-12-10;15;0
5;2025-12-10;16;0
5;2025-12-10;17;0
5;2025-12-10;18;0
5;2025-12-10;19;0
5;2025-12-10;20;0
5;2025-12-10;21;0
5;2025-12-10;22;0
5;2025-12-10;23;0
5;2025-12-11;0;0
5;2025-12-11;1;0
5;2025-12-11;2;0
5;2025-12-11;3;0
5;2025-12-11;4;0
5;2025-12-11;5;0
5;2025-12-11;6;0
5;2025-12-11;7;0
5;2025-12-11;8;0
5;2025-12-11;9;0
5;2025-12-11;10;0
5;2025-12-11;11;0
5;2025-12-11;12;0
5;2025-12-11;13;0
5;2025-12-11;14;0
5;2025-12-11;15;0
5;2025-12-11;16;0
5;2025-12-11;17;0
5;2025-12-11;18;0
5;2025-12-11;19;0
5;2025-12-11;20;0
5;2025-12-11;21;0
5;2025-12-11;22;0
5;2025-12-11;23;0
5;2025-12-12;0;0
5;2025-12-12;1;0
5;2025-12-12;2;0
5;2025-12-12;3;0
5;2025-12-12;4;0
5;2025-12-12;5;0
5;2025-12-12;6;0
5;2025-12-12;7;0
5;2025-12-12;8;0
5;2025-12-12;9;0
5;2025-12-12;10;0
5;2025-12-12;11;0
5;2025-12-12;12;0
5;2025-12-12;13;0
5;2025-12-12;14;0
5;2025-12-12;15;0
5;2025-12-12;16;0
5;2025-12-12;17;0
5;2025-12-12;18;0
5;2025-12-12;19;0
5;2025-12-12;20;0
5;2025-12-12;21;0
5;2025-12-12;22;0
5;2025-12-12;23;0
5;2025-12-13;0;0
5;2025-12-13;1;0
5;2025-12-13;2;0
5;2025-12-13;3;0
5;2025-12-13;4;0
5;2025-12-13;5;0
5;2025-12-13;6;0
5;2025-12-13;7;0
5;2025-12-13;8;0
5;2025-12-13;9;0
5;2025-12-13;10;0
5;2025-12-13;11;0
5;2025-12-13;12;0
5;2025-12-13;13;0
5;2025-12-13;14;0
5;2025-12-13;15;0
5;2025-12-13;16;0
5;2025-12-13;17;0
5;2025-12-13;18;0
5;2025-12-13;19;0
5;2025-12-13;20;0
5;2025-12-13;21;0
5;2025-12-13;22;0
5;2025-12-13;23;0
5;2025-12-14;0;0
5;2025-12-14;1;0
5;2025-12-14;2;0
5;2025-12-14;3;0
5;2025-12-14;4;0
5;2025-12-14;5;0
5;2025-12-14;6;0
5;2025-12-14;7;0
5;2025-12-14;8;0
5;2025-12-14;9;0
5;2025-12-14;10;0
5;2025-12-14;11;0
5;2025-12-14;12;0
5;2025-12-14;13;0
5;2025-12-14;14;0
5;2025-12-14;15;0
5;2025-12-14;16;0
5;2025-12-14;17;0
5;2025-12-14;18;0
5;2025-12-14;19;0
5;2025-12-14;20;0
5;2025-12-14;21;0
5;2025-12-14;22;0
5;2025-12-14;23;0
5;2025-12-15;0;0
5;2025-12-15;1;0
5;2025-12-15;2;0
5;2025-12-15;3;0
5;2025-12-15;4;0
5;2025-12-15;5;0
5;2025-12-15;6;0
5;2025-12-15;7;0
5;2025-12-15;8;0
5;2025-12-15;9;0
5;2025-12-15;10;0
5;2025-12-15;11;0
5;2025-12-15;12;0
5;2025-12-15;13;0
5;2025-12-15;14;0
5;2025-12-15;15;0
5;2025-12-15;16;0
5;2025-12-15;17;0
5;2025-12-15;18;0
5;2025-12-15;19;0
5;2025-12-15;20;0
5;2025-12-15;21;0
5;2025-12-15;22;0
5;2025-12-15;23;0
5;2025-12-16;0;0
5;2025-12-16;1;0
5;2025-12-16;2;0
5;2025-12-16;3;0
5;2025-12-16;4;0
5;2025-12-16;5;0
5;2025-12-16;6;0
5;2025-12-16;7;0
5;2025-12-16;8;0
5;2025-12-16;9;0
5;2025-12-16;10;0
5;2025-12-16;11;0
5;2025-12-16;12;0
5;2025-12-16;13;0
5;2025-12-16;14;0
5;2025-12-16;15;0
5;2025-12-16;16;0
5;2025-12-16;17;0
5;2025-12-16;18;437
5;2025-12-16;19;259
5;2025-12-16;20;176
5;2025-12-16;21;118
5;2025-12-16;22;48
5;2025-12-16;23;28
5;2025-12-17;0;5
5;2025-12-17;1;0
5;2025-12-17;2;0
5;2025-12-17;3;0
5;2025-12-17;4;1
5;2025-12-17;5;14
5;2025-12-17;6;99
5;2025-12-17;7;325
5;2025-12-17;8;531
5;2025-12-17;9;418
5;2025-12-17;10;318
5;2025-12-17;11;287
5;2025-12-17;12;271
5;2025-12-17;13;287
5;2025-12-17;14;273
5;2025-12-17;15;317
5;2025-12-17;16;340
5;2025-12-17;17;448
5;2025-12-17;18;437
5;2025-12-17;19;259
5;2025-12-17;20;176
5;2025-12-17;21;118
5;2025-12-17;22;48
5;2025-12-17;23;28
5;2025-12-18;0;5
5;2025-12-18;1;0
5;2025-12-18;2;0
5;2025-12-18;3;0
5;2025-12-18;4;1
5;2025-12-18;5;14
5;2025-12-18;6;99
5;2025-12-18;7;325
5;2025-12-18;8;531
5;2025-12-18;9;418
5;2025-12-18;10;318
5;2025-12-18;11;287
5;2025-12-18;12;271
5;2025-12-18;13;287
5;2025-12-18;14;273
5;2025-12-18;15;317
5;2025-12-18;16;340
5;2025-12-18;17;448
5;2025-12-18;18;437
5;2025-12-18;19;259
5;2025-12-18;20;176
5;2025-12-18;21;118
5;2025-12-18;22;48
5;2025-12-18;23;28
5;2025-12-19;0;5
5;2025-12-19;1;0
5;2025-12-19;2;0
5;2025-12-19;3;0
5;2025-12-19;4;1
5;2025-12-19;5;14
5;2025-12-19;6;99
5;2025-12-19;7;325
5;2025-12-19;8;531
5;2025-12-19;9;418
5;2025-12-19;10;318
5;2025-12-19;11;287
5;2025-12-19;12;271
5;2025-12-19;13;287
5;2025-12-19;14;273
5;2025-12-19;15;317
5;2025-12-19;16;340
5;2025-12-19;17;448
5;2025-12-19;18;437
5;2025-12-19;19;259
5;2025-12-19;20;176
5;2025-12-19;21;118
5;2025-12-19;22;48
5;2025-12-19;23;28
5;2025-12-20;0;3
5;2025-12-20;1;0
5;2025-12-20;2;0
5;2025-12-20;3;0
5;2025-12-20;4;0
5;2025-12-20;5;8
5;2025-12-20;6;59
5;2025-12-20;7;195
5;2025-12-20;8;319
5;2025-12-20;9;251
5;2025-12-20;10;191
5;2025-12-20;11;172
5;2025-12-20;12;162
5;2025-12-20;13;172
5;2025-12-20;14;164
5;2025-12-20;15;190
5;2025-12-20;16;204
5;2025-12-20;17;269
5;2025-12-20;18;262
5;2025-12-20;19;155
5;2025-12-20;20;105
5;2025-12-20;21;71
5;2025-12-20;22;29
5;2025-12-20;23;17
5;2025-12-21;0;3
5;2025-12-21;1;0
5;2025-12-21;2;0
5;2025-12-21;3;0
5;2025-12-21;4;0
5;2025-12-21;5;7
5;2025-12-21;6;49
5;2025-12-21;7;162
5;2025-12-21;8;266
5;2025-12-21;9;209
5;2025-12-21;10;159
5;2025-12-21;11;144
5;2025-12-21;12;135
5;2025-12-21;13;143
5;2025-12-21;14;136
5;2025-12-21;15;159
5;2025-12-21;16;170
5;2025-12-21;17;224
5;2025-12-21;18;219
5;2025-12-21;19;130
5;2025-12-21;20;88
5;2025-12-21;21;59
5;2025-12-21;22;24
5;2025-12-21;23;14
5;2025-12-22;0;5
5;2025-12-22;1;0
5;2025-12-22;2;0
5;2025-12-22;3;0
5;2025-12-22;4;1
5;2025-12-22;5;14
5;2025-12-22;6;99
5;2025-12-22;7;325
5;2025-12-22;8;531
5;2025-12-22;9;418
5;2025-12-22;10;318
5;2025-12-22;11;287
5;2025-12-22;12;271
5;2025-12-22;13;287
5;2025-12-22;14;273
5;2025-12-22;15;317
5;2025-12-22;16;340
5;2025-12-22;17;448
5;2025-12-22;18;437
5;2025-12-22;19;259
5;2025-12-22;20;176
5;2025-12-22;21;118
5;2025-12-22;22;48
5;2025-12-22;23;28
5;2025-12-23;0;5
5;2025-12-23;1;0
5;2025-12-23;2;0
5;2025-12-23;3;0
5;2025-12-23;4;1
5;2025-12-23;5;14
5;2025-12-23;6;99
5;2025-12-23;7;325
5;2025-12-23;8;531
5;2025-12-23;9;418
5;2025-12-23;10;318
5;2025-12-23;11;287
5;2025-12-23;12;271
5;2025-12-23;13;287
5;2025-12-23;14;273
5;2025-12-23;15;317
5;2025-12-23;16;340
5;2025-12-23;17;448
5;2025-12-23;18;437
5;2025-12-23;19;259
5;2025-12-23;20;176
5;2025-12-23;21;118
5;2025-12-23;22;48
5;2025-12-23;23;28
5;2025-12-24;0;5
5;2025-12-24;1;0
5;2025-12-24;2;0
5;2025-12-24;3;0
5;2025-12-24;4;1
5;2025-12-24;5;14
5;2025-12-24;6;99
5;2025-12-24;7;325
5;2025-12-24;8;531
5;2025-12-24;9;418
5;2025-12-24;10;318
5;2025-12-24;11;287
5;2025-12-24;12;271
5;2025-12-24;13;287
5;2025-12-24;14;273
5;2025-12-24;15;317
5;2025-12-24;16;340
5;2025-12-24;17;448
5;2025-12-24;18;437
5;2025-12-24;19;259
5;2025-12-24;20;176
5;2025-12-24;21;118
5;2025-12-24;22;48
5;2025-12-24;23;28
5;2025-12-25;0;5
5;2025-12-25;1;0
5;2025-12-25;2;0
5;2025-12-25;3;0
5;2025-12-25;4;1
5;2025-12-25;5;14
5;2025-12-25;6;99
5;2025-12-25;7;325
5;2025-12-25;8;531
5;2025-12-25;9;418
5;2025-12-25;10;318
5;2025-12-25;11;287
5;2025-12-25;12;271
5;2025-12-25;13;287
5;2025-12-25;14;273
5;2025-12-25;15;317
5;2025-12-25;16;340
5;2025-12-25;17;448
5;2025-12-25;18;437
5;2025-12-25;19;259
5;2025-12-25;20;176
5;2025-12-25;21;118
5;2025-12-25;22;48
5;2025-12-25;23;28
5;2025-12-26;0;5
5;2025-12-26;1;0
5;2025-12-26;2;0
5;2025-12-26;3;0
5;2025-12-26;4;1
5;2025-12-26;5;14
5;2025-12-26;6;99
5;2025-12-26;7;325
5;2025-12-26;8;531
5;2025-12-26;9;418
5;2025-12-26;10;318
5;2025-12-26;11;287
5;2025-12-26;12;271
5;2025-12-26;13;287
5;2025-12-26;14;273
5;2025-12-26;15;317
5;2025-12-26;16;340
5;2025-12-26;17;448
5;2025-12-26;18;437
5;2025-12-26;19;259
5;2025-12-26;20;176
5;2025-12-26;21;118
5;2025-12-26;22;48
5;2025-12-26;23;28
5;2025-12-27;0;3
5;2025-12-27;1;0
5;2025-12-27;2;0
5;2025-12-27;3;0
5;2025-12-27;4;0
5;2025-12-27;5;8
5;2025-12-27;6;59
5;2025-12-27;7;195
5;2025-12-27;8;319
5;2025-12-27;9;251
5;2025-12-27;10;191
5;2025-12-27;11;172
5;2025-12-27;12;162
5;2025-12-27;13;172
5;2025-12-27;14;164
5;2025-12-27;15;190
5;2025-12-27;16;204
5;2025-12-27;17;269
5;2025-12-27;18;262
5;2025-12-27;19;155
5;2025-12-27;20;105
5;2025-12-27;21;71
5;2025-12-27;22;29
5;2025-12-27;23;17
5;2025-12-28;0;3
5;2025-12-28;1;0
5;2025-12-28;2;0
5;2025-12-28;3;0
5;2025-12-28;4;0
5;2025-12-28;5;7
5;2025-12-28;6;49
5;2025-12-28;7;162
5;2025-12-28;8;266
5;2025-12-28;9;209
5;2025-12-28;10;159
5;2025-12-28;11;144
5;2025-12-28;12;135
5;2025-12-28;13;143
5;2025-12-28;14;136
5;2025-12-28;15;159
5;2025-12-28;16;170
5;2025-12-28;17;224
5;2025-12-28;18;219
5;2025-12-28;19;130
5;2025-12-28;20;88
5;2025-12-28;21;59
5;2025-12-28;22;24
5;2025-12-28;23;14
5;2025-12-29;0;5
5;2025-12-29;1;0
5;2025-12-29;2;0
5;2025-12-29;3;0
5;2025-12-29;4;1
5;2025-12-29;5;14
5;2025-12-29;6;99
5;2025-12-29;7;325
5;2025-12-29;8;531
5;2025-12-29;9;418
5;2025-12-29;10;318
5;2025-12-29;11;287
5;2025-12-29;12;271
5;2025-12-29;13;287
5;2025-12-29;14;273
5;2025-12-29;15;317
5;2025-12-29;16;340
5;2025-12-29;17;448
5;2025-12-29;18;437
5;2025-12-29;19;259
5;2025-12-29;20;176
5;2025-12-29;21;118
5;2025-12-29;22;48
5;2025-12-29;23;28
5;2025-12-30;0;5
5;2025-12-30;1;0
5;2025-12-30;2;0
5;2025-12-30;3;0
5;2025-12-30;4;1
5;2025-12-30;5;14
5;2025-12-30;6;99
5;2025-12-30;7;325
5;2025-12-30;8;531
5;2025-12-30;9;418
5;2025-12-30;10;318
5;2025-12-30;11;287
5;2025-12-30;12;271
5;2025-12-30;13;287
5;2025-12-30;14;273
5;2025-12-30;15;317
5;2025-12-30;16;340
5;2025-12-30;17;448
5;2025-12-30;18;437
5;2025-12-30;19;259
5;2025-12-30;20;176
5;2025-12-30;21;118
5;2025-12-30;22;48
5;2025-12-30;23;28
5;2025-12-31;0;3
5;2025-12-31;1;0
5;2025-12-31;2;0
5;2025-12-31;3;0
5;2025-12-31;4;0
5;2025-12-31;5;7
5;2025-12-31;6;49
5;2025-12-31;7;162
5;2025-12-31;8;266
5;2025-12-31;9;209
5;2025-12-31;10;159
5;2025-12-31;11;144
5;2025-12-31;12;135
5;2025-12-31;13;143
5;2025-12-31;14;136
5;2025-12-31;15;159
5;2025-12-31;16;170
5;2025-12-31;17;224
5;2025-12-31;18;219
5;2025-12-31;19;130
5;2025-12-31;20;0
5;2025-12-31;21;0
5;2025-12-31;22;0
5;2025-12-31;23;0
7;2025-11-01;0;53
7;2025-11-01;1;8
7;2025-11-01;2;0
7;2025-11-01;3;0
7;2025-11-01;4;1
7;2025-11-01;5;157
7;2025-11-01;6;509
7;2025-11-01;7;1255
7;2025-11-01;8;2026
7;2025-11-01;9;1540
7;2025-11-01;10;1456
7;2025-11-01;11;1326
7;2025-11-01;12;1467
7;2025-11-01;13;1377
7;2025-11-01;14;1430
7;2025-11-01;15;1462
7;2025-11-01;16;1570
7;2025-11-01;17;2022
7;2025-11-01;18;2077
7;2025-11-01;19;1368
7;2025-11-01;20;901
7;2025-11-01;21;513
7;2025-11-01;22;245
7;2025-11-01;23;154
7;2025-11-02;0;123
7;2025-11-02;1;14
7;2025-11-02;2;0
7;2025-11-02;3;0
7;2025-11-02;4;1
7;2025-11-02;5;25
7;2025-11-02;6;124
7;2025-11-02;7;149
7;2025-11-02;8;400
7;2025-11-02;9;485
7;2025-11-02;10;387
7;2025-11-02;11;496
7;2025-11-02;12;560
7;2025-11-02;13;597
7;2025-11-02;14;696
7;2025-11-02;15;716
7;2025-11-02;16;582
7;2025-11-02;17;659
7;2025-11-02;18;658
7;2025-11-02;19;473
7;2025-11-02;20;369
7;2025-11-02;21;321
7;2025-11-02;22;135
7;2025-11-02;23;127
7;2025-11-03;0;117
7;2025-11-03;1;13
7;2025-11-03;2;0
7;2025-11-03;3;0
7;2025-11-03;4;1
7;2025-11-03;5;24
7;2025-11-03;6;118
7;2025-11-03;7;142
7;2025-11-03;8;380
7;2025-11-03;9;461
7;2025-11-03;10;368
7;2025-11-03;11;472
7;2025-11-03;12;532
7;2025-11-03;13;567
7;2025-11-03;14;661
7;2025-11-03;15;680
7;2025-11-03;16;552
7;2025-11-03;17;626
7;2025-11-03;18;625
7;2025-11-03;19;450
7;2025-11-03;20;351
7;2025-11-03;21;305
7;2025-11-03;22;129
7;2025-11-03;23;121
7;2025-11-04;0;117
7;2025-11-04;1;13
7;2025-11-04;2;0
7;2025-11-04;3;0
7;2025-11-04;4;1
7;2025-11-04;5;24
7;2025-11-04;6;118
7;2025-11-04;7;142
7;2025-11-04;8;380
7;2025-11-04;9;461
7;2025-11-04;10;368
7;2025-11-04;11;472
7;2025-11-04;12;532
7;2025-11-04;13;567
7;2025-11-04;14;661
7;2025-11-04;15;680
7;2025-11-04;16;552
7;2025-11-04;17;626
7;2025-11-04;18;625
7;2025-11-04;19;450
7;2025-11-04;20;351
7;2025-11-04;21;305
7;2025-11-04;22;129
7;2025-11-04;23;121
7;2025-11-05;0;62
7;2025-11-05;1;9
7;2025-11-05;2;0
7;2025-11-05;3;0
7;2025-11-05;4;1
7;2025-11-05;5;184
7;2025-11-05;6;599
7;2025-11-05;7;1477
7;2025-11-05;8;2383
7;2025-11-05;9;1812
7;2025-11-05;10;1713
7;2025-11-05;11;1560
7;2025-11-05;12;1726
7;2025-11-05;13;1620
7;2025-11-05;14;1683
7;2025-11-05;15;1720
7;2025-11-05;16;1847
7;2025-11-05;17;2378
7;2025-11-05;18;2444
7;2025-11-05;19;1609
7;2025-11-05;20;1060
7;2025-11-05;21;604
7;2025-11-05;22;288
7;2025-11-05;23;181
7;2025-11-06;0;62
7;2025-11-06;1;9
7;2025-11-06;2;0
7;2025-11-06;3;0
7;2025-11-06;4;1
7;2025-11-06;5;184
7;2025-11-06;6;599
7;2025-11-06;7;1477
7;2025-11-06;8;2383
7;2025-11-06;9;1812
7;2025-11-06;10;1713
7;2025-11-06;11;1560
7;2025-11-06;12;1726
7;2025-11-06;13;1620
7;2025-11-06;14;1683
7;2025-11-06;15;1720
7;2025-11-06;16;1847
7;2025-11-06;17;2378
7;2025-11-06;18;2444
7;2025-11-06;19;1609
7;2025-11-06;20;1060
7;2025-11-06;21;604
7;2025-11-06;22;288
7;2025-11-06;23;181
7;2025-11-07;0;62
7;2025-11-07;1;9
7;2025-11-07;2;0
7;2025-11-07;3;0
7;2025-11-07;4;1
7;2025-11-07;5;184
7;2025-11-07;6;599
7;2025-11-07;7;1477
7;2025-11-07;8;2383
7;2025-11-07;9;1812
7;2025-11-07;10;1713
7;2025-11-07;11;1560
7;2025-11-07;12;1726
7;2025-11-07;13;1620
7;2025-11-07;14;1683
7;2025-11-07;15;1720
7;2025-11-07;16;1847
7;2025-11-07;17;2378
7;2025-11-07;18;2444
7;2025-11-07;19;1609
7;2025-11-07;20;1060
7;2025-11-07;21;604
7;2025-11-07;22;288
7;2025-11-07;23;181
7;2025-11-08;0;114
7;2025-11-08;1;25
7;2025-11-08;2;0
7;2025-11-08;3;0
7;2025-11-08;4;4
7;2025-11-08;5;48
7;2025-11-08;6;299
7;2025-11-08;7;336
7;2025-11-08;8;694
7;2025-11-08;9;489
7;2025-11-08;10;552
7;2025-11-08;11;760
7;2025-11-08;12;1071
7;2025-11-08;13;1046
7;2025-11-08;14;908
7;2025-11-08;15;913
7;2025-11-08;16;857
7;2025-11-08;17;919
7;2025-11-08;18;805
7;2025-11-08;19;720
7;2025-11-08;20;714
7;2025-11-08;21;452
7;2025-11-08;22;289
7;2025-11-08;23;236
7;2025-11-09;0;123
7;2025-11-09;1;14
7;2025-11-09;2;0
7;2025-11-09;3;0
7;2025-11-09;4;1
7;2025-11-09;5;25
7;2025-11-09;6;124
7;2025-11-09;7;149
7;2025-11-09;8;400
7;2025-11-09;9;485
7;2025-11-09;10;387
7;2025-11-09;11;496
7;2025-11-09;12;560
7;2025-11-09;13;597
7;2025-11-09;14;696
7;2025-11-09;15;716
7;2025-11-09;16;582
7;2025-11-09;17;659
7;2025-11-09;18;658
7;2025-11-09;19;473
7;2025-11-09;20;369
7;2025-11-09;21;321
7;2025-11-09;22;135
7;2025-11-09;23;127
7;2025-11-10;0;62
7;2025-11-10;1;9
7;2025-11-10;2;0
7;2025-11-10;3;0
7;2025-11-10;4;1
7;2025-11-10;5;184
7;2025-11-10;6;599
7;2025-11-10;7;1477
7;2025-11-10;8;2383
7;2025-11-10;9;1812
7;2025-11-10;10;1713
7;2025-11-10;11;1560
7;2025-11-10;12;1726
7;2025-11-10;13;1620
7;2025-11-10;14;1683
7;2025-11-10;15;1720
7;2025-11-10;16;1847
7;2025-11-10;17;2378
7;2025-11-10;18;2444
7;2025-11-10;19;1609
7;2025-11-10;20;1060
7;2025-11-10;21;604
7;2025-11-10;22;288
7;2025-11-10;23;181
7;2025-11-11;0;62
7;2025-11-11;1;9
7;2025-11-11;2;0
7;2025-11-11;3;0
7;2025-11-11;4;1
7;2025-11-11;5;184
7;2025-11-11;6;599
7;2025-11-11;7;1477
7;2025-11-11;8;2383
7;2025-11-11;9;1812
7;2025-11-11;10;1713
7;2025-11-11;11;1560
7;2025-11-11;12;1726
7;2025-11-11;13;1620
7;2025-11-11;14;1683
7;2025-11-11;15;1720
7;2025-11-11;16;1847
7;2025-11-11;17;2378
7;2025-11-11;18;2444
7;2025-11-11;19;1609
7;2025-11-11;20;1060
7;2025-11-11;21;604
7;2025-11-11;22;288
7;2025-11-11;23;181
7;2025-11-12;0;62
7;2025-11-12;1;9
7;2025-11-12;2;0
7;2025-11-12;3;0
7;2025-11-12;4;1
7;2025-11-12;5;184
7;2025-11-12;6;599
7;2025-11-12;7;1477
7;2025-11-12;8;2383
7;2025-11-12;9;1812
7;2025-11-12;10;1713
7;2025-11-12;11;1560
7;2025-11-12;12;1726
7;2025-11-12;13;1620
7;2025-11-12;14;1683
7;2025-11-12;15;1720
7;2025-11-12;16;1847
7;2025-11-12;17;2378
7;2025-11-12;18;2444
7;2025-11-12;19;1609
7;2025-11-12;20;1060
7;2025-11-12;21;604
7;2025-11-12;22;288
7;2025-11-12;23;181
7;2025-11-13;0;62
7;2025-11-13;1;9
7;2025-11-13;2;0
7;2025-11-13;3;0
7;2025-11-13;4;1
7;2025-11-13;5;184
7;2025-11-13;6;599
7;2025-11-13;7;1477
7;2025-11-13;8;2383
7;2025-11-13;9;1812
7;2025-11-13;10;1713
7;2025-11-13;11;1560
7;2025-11-13;12;1726
7;2025-11-13;13;1620
7;2025-11-13;14;1683
7;2025-11-13;15;1720
7;2025-11-13;16;1847
7;2025-11-13;17;2378
7;2025-11-13;18;2444
7;2025-11-13;19;1609
7;2025-11-13;20;1060
7;2025-11-13;21;604
7;2025-11-13;22;288
7;2025-11-13;23;181
7;2025-11-14;0;62
7;2025-11-14;1;9
7;2025-11-14;2;0
7;2025-11-14;3;0
7;2025-11-14;4;1
7;2025-11-14;5;184
7;2025-11-14;6;599
7;2025-11-14;7;1477
7;2025-11-14;8;2383
7;2025-11-14;9;1812
7;2025-11-14;10;1713
7;2025-11-14;11;1560
7;2025-11-14;12;1726
7;2025-11-14;13;1620
7;2025-11-14;14;1683
7;2025-11-14;15;1720
7;2025-11-14;16;1847
7;2025-11-14;17;2378
7;2025-11-14;18;2444
7;2025-11-14;19;1609
7;2025-11-14;20;1060
7;2025-11-14;21;604
7;2025-11-14;22;288
7;2025-11-14;23;181
7;2025-11-15;0;97
7;2025-11-15;1;26
7;2025-11-15;2;0
7;2025-11-15;3;0
7;2025-11-15;4;0
7;2025-11-15;5;56
7;2025-11-15;6;311
7;2025-11-15;7;500
7;2025-11-15;8;785
7;2025-11-15;9;907
7;2025-11-15;10;963
7;2025-11-15;11;1119
7;2025-11-15;12;1328
7;2025-11-15;13;1293
7;2025-11-15;14;1398
7;2025-11-15;15;1243
7;2025-11-15;16;1195
7;2025-11-15;17;1186
7;2025-11-15;18;1120
7;2025-11-15;19;1136
7;2025-11-15;20;833
7;2025-11-15;21;672
7;2025-11-15;22;371
7;2025-11-15;23;221
7;2025-11-16;0;110
7;2025-11-16;1;27
7;2025-11-16;2;0
7;2025-11-16;3;0
7;2025-11-16;4;0
7;2025-11-16;5;34
7;2025-11-16;6;209
7;2025-11-16;7;345
7;2025-11-16;8;537
7;2025-11-16;9;705
7;2025-11-16;10;790
7;2025-11-16;11;992
7;2025-11-16;12;1115
7;2025-11-16;13;1157
7;2025-11-16;14;1251
7;2025-11-16;15;1219
7;2025-11-16;16;1099
7;2025-11-16;17;1196
7;2025-11-16;18;1024
7;2025-11-16;19;888
7;2025-11-16;20;754
7;2025-11-16;21;603
7;2025-11-16;22;347
7;2025-11-16;23;190
7;2025-11-17;0;62
7;2025-11-17;1;9
7;2025-11-17;2;0
7;2025-11-17;3;0
7;2025-11-17;4;1
7;2025-11-17;5;184
7;2025-11-17;6;599
7;2025-11-17;7;1477
7;2025-11-17;8;2383
7;2025-11-17;9;1812
7;2025-11-17;10;1713
7;2025-11-17;11;1560
7;2025-11-17;12;1726
7;2025-11-17;13;1620
7;2025-11-17;14;1683
7;2025-11-17;15;1720
7;2025-11-17;16;1847
7;2025-11-17;17;2378
7;2025-11-17;18;2444
7;2025-11-17;19;1609
7;2025-11-17;20;1060
7;2025-11-17;21;604
7;2025-11-17;22;288
7;2025-11-17;23;181
7;2025-11-18;0;62
7;2025-11-18;1;9
7;2025-11-18;2;0
7;2025-11-18;3;0
7;2025-11-18;4;1
7;2025-11-18;5;184
7;2025-11-18;6;599
7;2025-11-18;7;1477
7;2025-11-18;8;2383
7;2025-11-18;9;1812
7;2025-11-18;10;1713
7;2025-11-18;11;1560
7;2025-11-18;12;1726
7;2025-11-18;13;1620
7;2025-11-18;14;1683
7;2025-11-18;15;1720
7;2025-11-18;16;1847
7;2025-11-18;17;2378
7;2025-11-18;18;2444
7;2025-11-18;19;1609
7;2025-11-18;20;1060
7;2025-11-18;21;604
7;2025-11-18;22;288
7;2025-11-18;23;181
7;2025-11-19;0;62
7;2025-11-19;1;9
7;2025-11-19;2;0
7;2025-11-19;3;0
7;2025-11-19;4;1
7;2025-11-19;5;184
7;2025-11-19;6;599
7;2025-11-19;7;1477
7;2025-11-19;8;2383
7;2025-11-19;9;1812
7;2025-11-19;10;1713
7;2025-11-19;11;1560
7;2025-11-19;12;1726
7;2025-11-19;13;1620
7;2025-11-19;14;1683
7;2025-11-19;15;1720
7;2025-11-19;16;1847
7;2025-11-19;17;2378
7;2025-11-19;18;2444
7;2025-11-19;19;1609
7;2025-11-19;20;1060
7;2025-11-19;21;604
7;2025-11-19;22;288
7;2025-11-19;23;181
7;2025-11-20;0;62
7;2025-11-20;1;9
7;2025-11-20;2;0
7;2025-11-20;3;0
7;2025-11-20;4;1
7;2025-11-20;5;184
7;2025-11-20;6;599
7;2025-11-20;7;1477
7;2025-11-20;8;2383
7;2025-11-20;9;1812
7;2025-11-20;10;1713
7;2025-11-20;11;1560
7;2025-11-20;12;1726
7;2025-11-20;13;1620
7;2025-11-20;14;1683
7;2025-11-20;15;1720
7;2025-11-20;16;1847
7;2025-11-20;17;2378
7;2025-11-20;18;2444
7;2025-11-20;19;1609
7;2025-11-20;20;1060
7;2025-11-20;21;604
7;2025-11-20;22;288
7;2025-11-20;23;181
7;2025-11-21;0;62
7;2025-11-21;1;9
7;2025-11-21;2;0
7;2025-11-21;3;0
7;2025-11-21;4;1
7;2025-11-21;5;184
7;2025-11-21;6;599
7;2025-11-21;7;1477
7;2025-11-21;8;2383
7;2025-11-21;9;1812
7;2025-11-21;10;1713
7;2025-11-21;11;1560
7;2025-11-21;12;1726
7;2025-11-21;13;1620
7;2025-11-21;14;1683
7;2025-11-21;15;1720
7;2025-11-21;16;1847
7;2025-11-21;17;2378
7;2025-11-21;18;2444
7;2025-11-21;19;1609
7;2025-11-21;20;1060
7;2025-11-21;21;604
7;2025-11-21;22;288
7;2025-11-21;23;181
7;2025-11-22;0;97
7;2025-11-22;1;26
7;2025-11-22;2;0
7;2025-11-22;3;0
7;2025-11-22;4;0
7;2025-11-22;5;56
7;2025-11-22;6;311
7;2025-11-22;7;500
7;2025-11-22;8;785
7;2025-11-22;9;907
7;2025-11-22;10;963
7;2025-11-22;11;1119
7;2025-11-22;12;1328
7;2025-11-22;13;1293
7;2025-11-22;14;1398
7;2025-11-22;15;1243
7;2025-11-22;16;1195
7;2025-11-22;17;1186
7;2025-11-22;18;1120
7;2025-11-22;19;1136
7;2025-11-22;20;833
7;2025-11-22;21;672
7;2025-11-22;22;371
7;2025-11-22;23;221
7;2025-11-23;0;110
7;2025-11-23;1;27
7;2025-11-23;2;0
7;2025-11-23;3;0
7;2025-11-23;4;0
7;2025-11-23;5;34
7;2025-11-23;6;209
7;2025-11-23;7;345
7;2025-11-23;8;537
7;2025-11-23;9;705
7;2025-11-23;10;790
7;2025-11-23;11;992
7;2025-11-23;12;1115
7;2025-11-23;13;1157
7;2025-11-23;14;1251
7;2025-11-23;15;1219
7;2025-11-23;16;1099
7;2025-11-23;17;1196
7;2025-11-23;18;1024
7;2025-11-23;19;888
7;2025-11-23;20;754
7;2025-11-23;21;603
7;2025-11-23;22;347
7;2025-11-23;23;190
7;2025-11-24;0;62
7;2025-11-24;1;9
7;2025-11-24;2;0
7;2025-11-24;3;0
7;2025-11-24;4;1
7;2025-11-24;5;184
7;2025-11-24;6;599
7;2025-11-24;7;1477
7;2025-11-24;8;2383
7;2025-11-24;9;1812
7;2025-11-24;10;1713
7;2025-11-24;11;1560
7;2025-11-24;12;1726
7;2025-11-24;13;1620
7;2025-11-24;14;1683
7;2025-11-24;15;1720
7;2025-11-24;16;1847
7;2025-11-24;17;2378
7;2025-11-24;18;2444
7;2025-11-24;19;1609
7;2025-11-24;20;1060
7;2025-11-24;21;604
7;2025-11-24;22;288
7;2025-11-24;23;181
7;2025-11-25;0;62
7;2025-11-25;1;9
7;2025-11-25;2;0
7;2025-11-25;3;0
7;2025-11-25;4;1
7;2025-11-25;5;184
7;2025-11-25;6;599
7;2025-11-25;7;1477
7;2025-11-25;8;2383
7;2025-11-25;9;1812
7;2025-11-25;10;1713
7;2025-11-25;11;1560
7;2025-11-25;12;1726
7;2025-11-25;13;1620
7;2025-11-25;14;1683
7;2025-11-25;15;1720
7;2025-11-25;16;1847
7;2025-11-25;17;2378
7;2025-11-25;18;2444
7;2025-11-25;19;1609
7;2025-11-25;20;1060
7;2025-11-25;21;604
7;2025-11-25;22;288
7;2025-11-25;23;181
7;2025-11-26;0;62
7;2025-11-26;1;9
7;2025-11-26;2;0
7;2025-11-26;3;0
7;2025-11-26;4;1
7;2025-11-26;5;184
7;2025-11-26;6;599
7;2025-11-26;7;1477
7;2025-11-26;8;2383
7;2025-11-26;9;1812
7;2025-11-26;10;1713
7;2025-11-26;11;1560
7;2025-11-26;12;1726
7;2025-11-26;13;1620
7;2025-11-26;14;1683
7;2025-11-26;15;1720
7;2025-11-26;16;1847
7;2025-11-26;17;2378
7;2025-11-26;18;2444
7;2025-11-26;19;1609
7;2025-11-26;20;1060
7;2025-11-26;21;604
7;2025-11-26;22;288
7;2025-11-26;23;181
7;2025-11-27;0;62
7;2025-11-27;1;9
7;2025-11-27;2;0
7;2025-11-27;3;0
7;2025-11-27;4;1
7;2025-11-27;5;184
7;2025-11-27;6;599
7;2025-11-27;7;1477
7;2025-11-27;8;2383
7;2025-11-27;9;1812
7;2025-11-27;10;1713
7;2025-11-27;11;1560
7;2025-11-27;12;1726
7;2025-11-27;13;1620
7;2025-11-27;14;1683
7;2025-11-27;15;1720
7;2025-11-27;16;1847
7;2025-11-27;17;2378
7;2025-11-27;18;2444
7;2025-11-27;19;1609
7;2025-11-27;20;1060
7;2025-11-27;21;604
7;2025-11-27;22;288
7;2025-11-27;23;181
7;2025-11-28;0;62
7;2025-11-28;1;9
7;2025-11-28;2;0
7;2025-11-28;3;0
7;2025-11-28;4;1
7;2025-11-28;5;184
7;2025-11-28;6;599
7;2025-11-28;7;1477
7;2025-11-28;8;2383
7;2025-11-28;9;1812
7;2025-11-28;10;1713
7;2025-11-28;11;1560
7;2025-11-28;12;1726
7;2025-11-28;13;1620
7;2025-11-28;14;1683
7;2025-11-28;15;1720
7;2025-11-28;16;1847
7;2025-11-28;17;2378
7;2025-11-28;18;2444
7;2025-11-28;19;1609
7;2025-11-28;20;1060
7;2025-11-28;21;604
7;2025-11-28;22;288
7;2025-11-28;23;181
7;2025-11-29;0;97
7;2025-11-29;1;26
7;2025-11-29;2;0
7;2025-11-29;3;0
7;2025-11-29;4;0
7;2025-11-29;5;56
7;2025-11-29;6;311
7;2025-11-29;7;500
7;2025-11-29;8;785
7;2025-11-29;9;907
7;2025-11-29;10;963
7;2025-11-29;11;1119
7;2025-11-29;12;1328
7;2025-11-29;13;1293
7;2025-11-29;14;1398
7;2025-11-29;15;1243
7;2025-11-29;16;1195
7;2025-11-29;17;1186
7;2025-11-29;18;1120
7;2025-11-29;19;1136
7;2025-11-29;20;833
7;2025-11-29;21;672
7;2025-11-29;22;371
7;2025-11-29;23;221
7;2025-11-30;0;110
7;2025-11-30;1;27
7;2025-11-30;2;0
7;2025-11-30;3;0
7;2025-11-30;4;0
7;2025-11-30;5;34
7;2025-11-30;6;209
7;2025-11-30;7;345
7;2025-11-30;8;537
7;2025-11-30;9;705
7;2025-11-30;10;790
7;2025-11-30;11;992
7;2025-11-30;12;1115
7;2025-11-30;13;1157
7;2025-11-30;14;1251
7;2025-11-30;15;1219
7;2025-11-30;16;1099
7;2025-11-30;17;1196
7;2025-11-30;18;1024
7;2025-11-30;19;888
7;2025-11-30;20;754
7;2025-11-30;21;603
7;2025-11-30;22;347
7;2025-11-30;23;190
7;2025-12-01;0;64
7;2025-12-01;1;9
7;2025-12-01;2;0
7;2025-12-01;3;0
7;2025-12-01;4;1
7;2025-12-01;5;190
7;2025-12-01;6;617
7;2025-12-01;7;1523
7;2025-12-01;8;2458
7;2025-12-01;9;1868
7;2025-12-01;10;1766
7;2025-12-01;11;1609
7;2025-12-01;12;1779
7;2025-12-01;13;1671
7;2025-12-01;14;1735
7;2025-12-01;15;1773
7;2025-12-01;16;1904
7;2025-12-01;17;2452
7;2025-12-01;18;2520
7;2025-12-01;19;1659
7;2025-12-01;20;1093
7;2025-12-01;21;622
7;2025-12-01;22;297
7;2025-12-01;23;187
7;2025-12-02;0;64
7;2025-12-02;1;9
7;2025-12-02;2;0
7;2025-12-02;3;0
7;2025-12-02;4;1
7;2025-12-02;5;190
7;2025-12-02;6;617
7;2025-12-02;7;1523
7;2025-12-02;8;2458
7;2025-12-02;9;1868
7;2025-12-02;10;1766
7;2025-12-02;11;1609
7;2025-12-02;12;1779
7;2025-12-02;13;1671
7;2025-12-02;14;1735
7;2025-12-02;15;1773
7;2025-12-02;16;1904
7;2025-12-02;17;2452
7;2025-12-02;18;2520
7;2025-12-02;19;1659
7;2025-12-02;20;1093
7;2025-12-02;21;622
7;2025-12-02;22;297
7;2025-12-02;23;187
7;2025-12-03;0;64
7;2025-12-03;1;9
7;2025-12-03;2;0
7;2025-12-03;3;0
7;2025-12-03;4;1
7;2025-12-03;5;190
7;2025-12-03;6;617
7;2025-12-03;7;1523
7;2025-12-03;8;2458
7;2025-12-03;9;1868
7;2025-12-03;10;1766
7;2025-12-03;11;1609
7;2025-12-03;12;1779
7;2025-12-03;13;1671
7;2025-12-03;14;1735
7;2025-12-03;15;1773
7;2025-12-03;16;1904
7;2025-12-03;17;2452
7;2025-12-03;18;2520
7;2025-12-03;19;1659
7;2025-12-03;20;1093
7;2025-12-03;21;622
7;2025-12-03;22;297
7;2025-12-03;23;187
7;2025-12-04;0;64
7;2025-12-04;1;9
7;2025-12-04;2;0
7;2025-12-04;3;0
7;2025-12-04;4;1
7;2025-12-04;5;190
7;2025-12-04;6;617
7;2025-12-04;7;1523
7;2025-12-04;8;2458
7;2025-12-04;9;1868
7;2025-12-04;10;1766
7;2025-12-04;11;1609
7;2025-12-04;12;1779
7;2025-12-04;13;1671
7;2025-12-04;14;1735
7;2025-12-04;15;1773
7;2025-12-04;16;1904
7;2025-12-04;17;2452
7;2025-12-04;18;2520
7;2025-12-04;19;1659
7;2025-12-04;20;1093
7;2025-12-04;21;622
7;2025-12-04;22;297
7;2025-12-04;23;187
7;2025-12-05;0;64
7;2025-12-05;1;9
7;2025-12-05;2;0
7;2025-12-05;3;0
7;2025-12-05;4;1
7;2025-12-05;5;190
7;2025-12-05;6;617
7;2025-12-05;7;1523
7;2025-12-05;8;2458
7;2025-12-05;9;1868
7;2025-12-05;10;1766
7;2025-12-05;11;1609
7;2025-12-05;12;1779
7;2025-12-05;13;1671
7;2025-12-05;14;1735
7;2025-12-05;15;1773
7;2025-12-05;16;1904
7;2025-12-05;17;2452
7;2025-12-05;18;2520
7;2025-12-05;19;1659
7;2025-12-05;20;1093
7;2025-12-05;21;622
7;2025-12-05;22;297
7;2025-12-05;23;187
7;2025-12-06;0;100
7;2025-12-06;1;27
7;2025-12-06;2;0
7;2025-12-06;3;0
7;2025-12-06;4;0
7;2025-12-06;5;58
7;2025-12-06;6;321
7;2025-12-06;7;516
7;2025-12-06;8;809
7;2025-12-06;9;935
7;2025-12-06;10;993
7;2025-12-06;11;1154
7;2025-12-06;12;1369
7;2025-12-06;13;1334
7;2025-12-06;14;1441
7;2025-12-06;15;1282
7;2025-12-06;16;1232
7;2025-12-06;17;1223
7;2025-12-06;18;1155
7;2025-12-06;19;1171
7;2025-12-06;20;859
7;2025-12-06;21;693
7;2025-12-06;22;382
7;2025-12-06;23;227
7;2025-12-07;0;113
7;2025-12-07;1;28
7;2025-12-07;2;0
7;2025-12-07;3;0
7;2025-12-07;4;0
7;2025-12-07;5;36
7;2025-12-07;6;215
7;2025-12-07;7;356
7;2025-12-07;8;553
7;2025-12-07;9;727
7;2025-12-07;10;814
7;2025-12-07;11;1023
7;2025-12-07;12;1150
7;2025-12-07;13;1193
7;2025-12-07;14;1290
7;2025-12-07;15;1257
7;2025-12-07;16;1133
7;2025-12-07;17;1234
7;2025-12-07;18;1056
7;2025-12-07;19;915
7;2025-12-07;20;777
7;2025-12-07;21;622
7;2025-12-07;22;358
7;2025-12-07;23;196
7;2025-12-08;0;64
7;2025-12-08;1;9
7;2025-12-08;2;0
7;2025-12-08;3;0
7;2025-12-08;4;1
7;2025-12-08;5;190
7;2025-12-08;6;617
7;2025-12-08;7;1523
7;2025-12-08;8;2458
7;2025-12-08;9;1868
7;2025-12-08;10;1766
7;2025-12-08;11;1609
7;2025-12-08;12;1779
7;2025-12-08;13;1671
7;2025-12-08;14;1735
7;2025-12-08;15;1773
7;2025-12-08;16;1904
7;2025-12-08;17;2452
7;2025-12-08;18;2520
7;2025-12-08;19;1659
7;2025-12-08;20;1093
7;2025-12-08;21;622
7;2025-12-08;22;297
7;2025-12-08;23;187
7;2025-12-09;0;64
7;2025-12-09;1;9
7;2025-12-09;2;0
7;2025-12-09;3;0
7;2025-12-09;4;1
7;2025-12-09;5;190
7;2025-12-09;6;617
7;2025-12-09;7;1523
7;2025-12-09;8;2458
7;2025-12-09;9;1868
7;2025-12-09;10;1766
7;2025-12-09;11;1609
7;2025-12-09;12;1779
7;2025-12-09;13;1671
7;2025-12-09;14;1735
7;2025-12-09;15;1773
7;2025-12-09;16;1904
7;2025-12-09;17;2452
7;2025-12-09;18;2520
7;2025-12-09;19;1659
7;2025-12-09;20;1093
7;2025-12-09;21;622
7;2025-12-09;22;297
7;2025-12-09;23;187
7;2025-12-10;0;64
7;2025-12-10;1;9
7;2025-12-10;2;0
7;2025-12-10;3;0
7;2025-12-10;4;1
7;2025-12-10;5;190
7;2025-12-10;6;617
7;2025-12-10;7;1523
7;2025-12-10;8;2458
7;2025-12-10;9;1868
7;2025-12-10;10;1766
7;2025-12-10;11;1609
7;2025-12-10;12;1779
7;2025-12-10;13;1671
7;2025-12-10;14;1735
7;2025-12-10;15;1773
7;2025-12-10;16;1904
7;2025-12-10;17;2452
7;2025-12-10;18;2520
7;2025-12-10;19;1659
7;2025-12-10;20;1093
7;2025-12-10;21;622
7;2025-12-10;22;297
7;2025-12-10;23;187
7;2025-12-11;0;64
7;2025-12-11;1;9
7;2025-12-11;2;0
7;2025-12-11;3;0
7;2025-12-11;4;1
7;2025-12-11;5;190
7;2025-12-11;6;617
7;2025-12-11;7;1523
7;2025-12-11;8;2458
7;2025-12-11;9;1868
7;2025-12-11;10;1766
7;2025-12-11;11;1609
7;2025-12-11;12;1779
7;2025-12-11;13;1671
7;2025-12-11;14;1735
7;2025-12-11;15;1773
7;2025-12-11;16;1904
7;2025-12-11;17;2452
7;2025-12-11;18;2520
7;2025-12-11;19;1659
7;2025-12-11;20;1093
7;2025-12-11;21;622
7;2025-12-11;22;297
7;2025-12-11;23;187
7;2025-12-12;0;64
7;2025-12-12;1;9
7;2025-12-12;2;0
7;2025-12-12;3;0
7;2025-12-12;4;1
7;2025-12-12;5;190
7;2025-12-12;6;617
7;2025-12-12;7;1523
7;2025-12-12;8;2458
7;2025-12-12;9;1868
7;2025-12-12;10;1766
7;2025-12-12;11;1609
7;2025-12-12;12;1779
7;2025-12-12;13;1671
7;2025-12-12;14;1735
7;2025-12-12;15;1773
7;2025-12-12;16;1904
7;2025-12-12;17;2452
7;2025-12-12;18;2520
7;2025-12-12;19;1659
7;2025-12-12;20;1093
7;2025-12-12;21;622
7;2025-12-12;22;297
7;2025-12-12;23;187
7;2025-12-13;0;100
7;2025-12-13;1;27
7;2025-12-13;2;0
7;2025-12-13;3;0
7;2025-12-13;4;0
7;2025-12-13;5;58
7;2025-12-13;6;321
7;2025-12-13;7;516
7;2025-12-13;8;809
7;2025-12-13;9;935
7;2025-12-13;10;993
7;2025-12-13;11;1154
7;2025-12-13;12;1369
7;2025-12-13;13;1334
7;2025-12-13;14;1441
7;2025-12-13;15;1282
7;2025-12-13;16;1232
7;2025-12-13;17;1223
7;2025-12-13;18;1155
7;2025-12-13;19;1171
7;2025-12-13;20;859
7;2025-12-13;21;693
7;2025-12-13;22;382
7;2025-12-13;23;227
7;2025-12-14;0;113
7;2025-12-14;1;28
7;2025-12-14;2;0
7;2025-12-14;3;0
7;2025-12-14;4;0
7;2025-12-14;5;36
7;2025-12-14;6;215
7;2025-12-14;7;356
7;2025-12-14;8;553
7;2025-12-14;9;727
7;2025-12-14;10;814
7;2025-12-14;11;1023
7;2025-12-14;12;1150
7;2025-12-14;13;1193
7;2025-12-14;14;1290
7;2025-12-14;15;1257
7;2025-12-14;16;1133
7;2025-12-14;17;1234
7;2025-12-14;18;1056
7;2025-12-14;19;915
7;2025-12-14;20;777
7;2025-12-14;21;622
7;2025-12-14;22;358
7;2025-12-14;23;196
7;2025-12-15;0;64
7;2025-12-15;1;9
7;2025-12-15;2;0
7;2025-12-15;3;0
7;2025-12-15;4;1
7;2025-12-15;5;190
7;2025-12-15;6;617
7;2025-12-15;7;1523
7;2025-12-15;8;2458
7;2025-12-15;9;1868
7;2025-12-15;10;1766
7;2025-12-15;11;1609
7;2025-12-15;12;1779
7;2025-12-15;13;1671
7;2025-12-15;14;1735
7;2025-12-15;15;1773
7;2025-12-15;16;1904
7;2025-12-15;17;2452
7;2025-12-15;18;2520
7;2025-12-15;19;1659
7;2025-12-15;20;1093
7;2025-12-15;21;622
7;2025-12-15;22;297
7;2025-12-15;23;187
7;2025-12-16;0;64
7;2025-12-16;1;9
7;2025-12-16;2;0
7;2025-12-16;3;0
7;2025-12-16;4;1
7;2025-12-16;5;190
7;2025-12-16;6;617
7;2025-12-16;7;1523
7;2025-12-16;8;2458
7;2025-12-16;9;1868
7;2025-12-16;10;1766
7;2025-12-16;11;1609
7;2025-12-16;12;1779
7;2025-12-16;13;1671
7;2025-12-16;14;1735
7;2025-12-16;15;1773
7;2025-12-16;16;1904
7;2025-12-16;17;2452
7;2025-12-16;18;2520
7;2025-12-16;19;1659
7;2025-12-16;20;1093
7;2025-12-16;21;622
7;2025-12-16;22;297
7;2025-12-16;23;187
7;2025-12-17;0;64
7;2025-12-17;1;9
7;2025-12-17;2;0
7;2025-12-17;3;0
7;2025-12-17;4;1
7;2025-12-17;5;190
7;2025-12-17;6;617
7;2025-12-17;7;1523
7;2025-12-17;8;2458
7;2025-12-17;9;1868
7;2025-12-17;10;1766
7;2025-12-17;11;1609
7;2025-12-17;12;1779
7;2025-12-17;13;1671
7;2025-12-17;14;1735
7;2025-12-17;15;1773
7;2025-12-17;16;1904
7;2025-12-17;17;2452
7;2025-12-17;18;2520
7;2025-12-17;19;1659
7;2025-12-17;20;1093
7;2025-12-17;21;622
7;2025-12-17;22;297
7;2025-12-17;23;187
7;2025-12-18;0;64
7;2025-12-18;1;9
7;2025-12-18;2;0
7;2025-12-18;3;0
7;2025-12-18;4;1
7;2025-12-18;5;190
7;2025-12-18;6;617
7;2025-12-18;7;1523
7;2025-12-18;8;2458
7;2025-12-18;9;1868
7;2025-12-18;10;1766
7;2025-12-18;11;1609
7;2025-12-18;12;1779
7;2025-12-18;13;1671
7;2025-12-18;14;1735
7;2025-12-18;15;1773
7;2025-12-18;16;1904
7;2025-12-18;17;2452
7;2025-12-18;18;2520
7;2025-12-18;19;1659
7;2025-12-18;20;1093
7;2025-12-18;21;622
7;2025-12-18;22;297
7;2025-12-18;23;187
7;2025-12-19;0;64
7;2025-12-19;1;9
7;2025-12-19;2;0
7;2025-12-19;3;0
7;2025-12-19;4;1
7;2025-12-19;5;190
7;2025-12-19;6;617
7;2025-12-19;7;1523
7;2025-12-19;8;2458
7;2025-12-19;9;1868
7;2025-12-19;10;1766
7;2025-12-19;11;1609
7;2025-12-19;12;1779
7;2025-12-19;13;1671
7;2025-12-19;14;1735
7;2025-12-19;15;1773
7;2025-12-19;16;1904
7;2025-12-19;17;2452
7;2025-12-19;18;2520
7;2025-12-19;19;1659
7;2025-12-19;20;1093
7;2025-12-19;21;622
7;2025-12-19;22;297
7;2025-12-19;23;187
7;2025-12-20;0;100
7;2025-12-20;1;27
7;2025-12-20;2;0
7;2025-12-20;3;0
7;2025-12-20;4;0
7;2025-12-20;5;58
7;2025-12-20;6;321
7;2025-12-20;7;516
7;2025-12-20;8;809
7;2025-12-20;9;935
7;2025-12-20;10;993
7;2025-12-20;11;1154
7;2025-12-20;12;1369
7;2025-12-20;13;1334
7;2025-12-20;14;1441
7;2025-12-20;15;1282
7;2025-12-20;16;1232
7;2025-12-20;17;1223
7;2025-12-20;18;1155
7;2025-12-20;19;1171
7;2025-12-20;20;859
7;2025-12-20;21;693
7;2025-12-20;22;382
7;2025-12-20;23;227
7;2025-12-21;0;113
7;2025-12-21;1;28
7;2025-12-21;2;0
7;2025-12-21;3;0
7;2025-12-21;4;0
7;2025-12-21;5;36
7;2025-12-21;6;215
7;2025-12-21;7;356
7;2025-12-21;8;553
7;2025-12-21;9;727
7;2025-12-21;10;814
7;2025-12-21;11;1023
7;2025-12-21;12;1150
7;2025-12-21;13;1193
7;2025-12-21;14;1290
7;2025-12-21;15;1257
7;2025-12-21;16;1133
7;2025-12-21;17;1234
7;2025-12-21;18;1056
7;2025-12-21;19;915
7;2025-12-21;20;777
7;2025-12-21;21;622
7;2025-12-21;22;358
7;2025-12-21;23;196
7;2025-12-22;0;64
7;2025-12-22;1;9
7;2025-12-22;2;0
7;2025-12-22;3;0
7;2025-12-22;4;1
7;2025-12-22;5;190
7;2025-12-22;6;617
7;2025-12-22;7;1523
7;2025-12-22;8;2458
7;2025-12-22;9;1868
7;2025-12-22;10;1766
7;2025-12-22;11;1609
7;2025-12-22;12;1779
7;2025-12-22;13;1671
7;2025-12-22;14;1735
7;2025-12-22;15;1773
7;2025-12-22;16;1904
7;2025-12-22;17;2452
7;2025-12-22;18;2520
7;2025-12-22;19;1659
7;2025-12-22;20;1093
7;2025-12-22;21;622
7;2025-12-22;22;297
7;2025-12-22;23;187
7;2025-12-23;0;64
7;2025-12-23;1;9
7;2025-12-23;2;0
7;2025-12-23;3;0
7;2025-12-23;4;1
7;2025-12-23;5;190
7;2025-12-23;6;617
7;2025-12-23;7;1523
7;2025-12-23;8;2458
7;2025-12-23;9;1868
7;2025-12-23;10;1766
7;2025-12-23;11;1609
7;2025-12-23;12;1779
7;2025-12-23;13;1671
7;2025-12-23;14;1735
7;2025-12-23;15;1773
7;2025-12-23;16;1904
7;2025-12-23;17;2452
7;2025-12-23;18;2520
7;2025-12-23;19;1659
7;2025-12-23;20;1093
7;2025-12-23;21;622
7;2025-12-23;22;297
7;2025-12-23;23;187
7;2025-12-24;0;64
7;2025-12-24;1;9
7;2025-12-24;2;0
7;2025-12-24;3;0
7;2025-12-24;4;1
7;2025-12-24;5;190
7;2025-12-24;6;617
7;2025-12-24;7;1523
7;2025-12-24;8;2458
7;2025-12-24;9;1868
7;2025-12-24;10;1766
7;2025-12-24;11;1609
7;2025-12-24;12;1779
7;2025-12-24;13;1671
7;2025-12-24;14;1735
7;2025-12-24;15;1773
7;2025-12-24;16;1904
7;2025-12-24;17;2452
7;2025-12-24;18;2520
7;2025-12-24;19;1659
7;2025-12-24;20;1093
7;2025-12-24;21;622
7;2025-12-24;22;297
7;2025-12-24;23;187
7;2025-12-25;0;64
7;2025-12-25;1;9
7;2025-12-25;2;0
7;2025-12-25;3;0
7;2025-12-25;4;1
7;2025-12-25;5;190
7;2025-12-25;6;617
7;2025-12-25;7;1523
7;2025-12-25;8;2458
7;2025-12-25;9;1868
7;2025-12-25;10;1766
7;2025-12-25;11;1609
7;2025-12-25;12;1779
7;2025-12-25;13;1671
7;2025-12-25;14;1735
7;2025-12-25;15;1773
7;2025-12-25;16;1904
7;2025-12-25;17;2452
7;2025-12-25;18;2520
7;2025-12-25;19;1659
7;2025-12-25;20;1093
7;2025-12-25;21;622
7;2025-12-25;22;297
7;2025-12-25;23;187
7;2025-12-26;0;64
7;2025-12-26;1;9
7;2025-12-26;2;0
7;2025-12-26;3;0
7;2025-12-26;4;1
7;2025-12-26;5;190
7;2025-12-26;6;617
7;2025-12-26;7;1523
7;2025-12-26;8;2458
7;2025-12-26;9;1868
7;2025-12-26;10;1766
7;2025-12-26;11;1609
7;2025-12-26;12;1779
7;2025-12-26;13;1671
7;2025-12-26;14;1735
7;2025-12-26;15;1773
7;2025-12-26;16;1904
7;2025-12-26;17;2452
7;2025-12-26;18;2520
7;2025-12-26;19;1659
7;2025-12-26;20;1093
7;2025-12-26;21;622
7;2025-12-26;22;297
7;2025-12-26;23;187
7;2025-12-27;0;100
7;2025-12-27;1;27
7;2025-12-27;2;0
7;2025-12-27;3;0
7;2025-12-27;4;0
7;2025-12-27;5;58
7;2025-12-27;6;321
7;2025-12-27;7;516
7;2025-12-27;8;809
7;2025-12-27;9;935
7;2025-12-27;10;993
7;2025-12-27;11;1154
7;2025-12-27;12;1369
7;2025-12-27;13;1334
7;2025-12-27;14;1441
7;2025-12-27;15;1282
7;2025-12-27;16;1232
7;2025-12-27;17;1223
7;2025-12-27;18;1155
7;2025-12-27;19;1171
7;2025-12-27;20;859
7;2025-12-27;21;693
7;2025-12-27;22;382
7;2025-12-27;23;227
7;2025-12-28;0;113
7;2025-12-28;1;28
7;2025-12-28;2;0
7;2025-12-28;3;0
7;2025-12-28;4;0
7;2025-12-28;5;36
7;2025-12-28;6;215
7;2025-12-28;7;356
7;2025-12-28;8;553
7;2025-12-28;9;727
7;2025-12-28;10;814
7;2025-12-28;11;1023
7;2025-12-28;12;1150
7;2025-12-28;13;1193
7;2025-12-28;14;1290
7;2025-12-28;15;1257
7;2025-12-28;16;1133
7;2025-12-28;17;1234
7;2025-12-28;18;1056
7;2025-12-28;19;915
7;2025-12-28;20;777
7;2025-12-28;21;622
7;2025-12-28;22;358
7;2025-12-28;23;196
7;2025-12-29;0;54
7;2025-12-29;1;8
7;2025-12-29;2;0
7;2025-12-29;3;0
7;2025-12-29;4;1
7;2025-12-29;5;162
7;2025-12-29;6;525
7;2025-12-29;7;1294
7;2025-12-29;8;2089
7;2025-12-29;9;1588
7;2025-12-29;10;1501
7;2025-12-29;11;1367
7;2025-12-29;12;1512
7;2025-12-29;13;1420
7;2025-12-29;14;1475
7;2025-12-29;15;1507
7;2025-12-29;16;1619
7;2025-12-29;17;2085
7;2025-12-29;18;2142
7;2025-12-29;19;1410
7;2025-12-29;20;929
7;2025-12-29;21;529
7;2025-12-29;22;252
7;2025-12-29;23;159
7;2025-12-30;0;54
7;2025-12-30;1;8
7;2025-12-30;2;0
7;2025-12-30;3;0
7;2025-12-30;4;1
7;2025-12-30;5;162
7;2025-12-30;6;525
7;2025-12-30;7;1294
7;2025-12-30;8;2089
7;2025-12-30;9;1588
7;2025-12-30;10;1501
7;2025-12-30;11;1367
7;2025-12-30;12;1512
7;2025-12-30;13;1420
7;2025-12-30;14;1475
7;2025-12-30;15;1507
7;2025-12-30;16;1619
7;2025-12-30;17;2085
7;2025-12-30;18;2142
7;2025-12-30;19;1410
7;2025-12-30;20;929
7;2025-12-30;21;529
7;2025-12-30;22;252
7;2025-12-30;23;159
7;2025-12-31;0;97
7;2025-12-31;1;24
7;2025-12-31;2;0
7;2025-12-31;3;0
7;2025-12-31;4;0
7;2025-12-31;5;30
7;2025-12-31;6;184
7;2025-12-31;7;304
7;2025-12-31;8;473
7;2025-12-31;9;622
7;2025-12-31;10;696
7;2025-12-31;11;875
7;2025-12-31;12;983
7;2025-12-31;13;1020
7;2025-12-31;14;1103
7;2025-12-31;15;1074
7;2025-12-31;16;969
7;2025-12-31;17;1055
7;2025-12-31;18;903
7;2025-12-31;19;782
7;2025-12-31;20;0
7;2025-12-31;21;0
7;2025-12-31;22;0
7;2025-12-31;23;0
11;2025-11-01;0;54
11;2025-11-01;1;0
11;2025-11-01;2;0
11;2025-11-01;3;0
11;2025-11-01;4;0
11;2025-11-01;5;204
11;2025-11-01;6;1124
11;2025-11-01;7;2033
11;2025-11-01;8;2682
11;2025-11-01;9;2011
11;2025-11-01;10;1662
11;2025-11-01;11;1578
11;2025-11-01;12;1649
11;2025-11-01;13;1711
11;2025-11-01;14;1716
11;2025-11-01;15;1648
11;2025-11-01;16;1864
11;2025-11-01;17;2331
11;2025-11-01;18;2514
11;2025-11-01;19;1875
11;2025-11-01;20;1177
11;2025-11-01;21;695
11;2025-11-01;22;310
11;2025-11-01;23;210
11;2025-11-02;0;102
11;2025-11-02;1;9
11;2025-11-02;2;0
11;2025-11-02;3;0
11;2025-11-02;4;0
11;2025-11-02;5;79
11;2025-11-02;6;502
11;2025-11-02;7;423
11;2025-11-02;8;558
11;2025-11-02;9;909
11;2025-11-02;10;1015
11;2025-11-02;11;1446
11;2025-11-02;12;1540
11;2025-11-02;13;1338
11;2025-11-02;14;1532
11;2025-11-02;15;1356
11;2025-11-02;16;1496
11;2025-11-02;17;1689
11;2025-11-02;18;1037
11;2025-11-02;19;897
11;2025-11-02;20;628
11;2025-11-02;21;594
11;2025-11-02;22;321
11;2025-11-02;23;256
11;2025-11-03;0;97
11;2025-11-03;1;9
11;2025-11-03;2;0
11;2025-11-03;3;0
11;2025-11-03;4;0
11;2025-11-03;5;75
11;2025-11-03;6;477
11;2025-11-03;7;402
11;2025-11-03;8;530
11;2025-11-03;9;864
11;2025-11-03;10;964
11;2025-11-03;11;1374
11;2025-11-03;12;1463
11;2025-11-03;13;1271
11;2025-11-03;14;1456
11;2025-11-03;15;1288
11;2025-11-03;16;1421
11;2025-11-03;17;1604
11;2025-11-03;18;985
11;2025-11-03;19;853
11;2025-11-03;20;596
11;2025-11-03;21;564
11;2025-11-03;22;305
11;2025-11-03;23;243
11;2025-11-04;0;97
11;2025-11-04;1;9
11;2025-11-04;2;0
11;2025-11-04;3;0
11;2025-11-04;4;0
11;2025-11-04;5;75
11;2025-11-04;6;477
11;2025-11-04;7;402
11;2025-11-04;8;530
11;2025-11-04;9;864
11;2025-11-04;10;964
11;2025-11-04;11;1374
11;2025-11-04;12;1463
11;2025-11-04;13;1271
11;2025-11-04;14;1456
11;2025-11-04;15;1288
11;2025-11-04;16;1421
11;2025-11-04;17;1604
11;2025-11-04;18;985
11;2025-11-04;19;853
11;2025-11-04;20;596
11;2025-11-04;21;564
11;2025-11-04;22;305
11;2025-11-04;23;243
11;2025-11-05;0;63
11;2025-11-05;1;0
11;2025-11-05;2;0
11;2025-11-05;3;0
11;2025-11-05;4;0
11;2025-11-05;5;240
11;2025-11-05;6;1323
11;2025-11-05;7;2391
11;2025-11-05;8;3155
11;2025-11-05;9;2366
11;2025-11-05;10;1955
11;2025-11-05;11;1857
11;2025-11-05;12;1940
11;2025-11-05;13;2013
11;2025-11-05;14;2018
11;2025-11-05;15;1939
11;2025-11-05;16;2193
11;2025-11-05;17;2742
11;2025-11-05;18;2958
11;2025-11-05;19;2206
11;2025-11-05;20;1385
11;2025-11-05;21;818
11;2025-11-05;22;365
11;2025-11-05;23;247
11;2025-11-06;0;63
11;2025-11-06;1;0
11;2025-11-06;2;0
11;2025-11-06;3;0
11;2025-11-06;4;0
11;2025-11-06;5;240
11;2025-11-06;6;1323
11;2025-11-06;7;2391
11;2025-11-06;8;3155
11;2025-11-06;9;2366
11;2025-11-06;10;1955
11;2025-11-06;11;1857
11;2025-11-06;12;1940
11;2025-11-06;13;2013
11;2025-11-06;14;2018
11;2025-11-06;15;1939
11;2025-11-06;16;2193
11;2025-11-06;17;2742
11;2025-11-06;18;2958
11;2025-11-06;19;2206
11;2025-11-06;20;1385
11;2025-11-06;21;818
11;2025-11-06;22;365
11;2025-11-06;23;247
11;2025-11-07;0;63
11;2025-11-07;1;0
11;2025-11-07;2;0
11;2025-11-07;3;0
11;2025-11-07;4;0
11;2025-11-07;5;240
11;2025-11-07;6;1323
11;2025-11-07;7;2391
11;2025-11-07;8;3155
11;2025-11-07;9;2366
11;2025-11-07;10;1955
11;2025-11-07;11;1857
11;2025-11-07;12;1940
11;2025-11-07;13;2013
11;2025-11-07;14;2018
11;2025-11-07;15;1939
11;2025-11-07;16;2193
11;2025-11-07;17;2742
11;2025-11-07;18;2958
11;2025-11-07;19;2206
11;2025-11-07;20;1385
11;2025-11-07;21;818
11;2025-11-07;22;365
11;2025-11-07;23;247
11;2025-11-08;0;100
11;2025-11-08;1;4
11;2025-11-08;2;0
11;2025-11-08;3;0
11;2025-11-08;4;0
11;2025-11-08;5;158
11;2025-11-08;6;738
11;2025-11-08;7;758
11;2025-11-08;8;1008
11;2025-11-08;9;1153
11;2025-11-08;10;1278
11;2025-11-08;11;1602
11;2025-11-08;12;1888
11;2025-11-08;13;1601
11;2025-11-08;14;1942
11;2025-11-08;15;1799
11;2025-11-08;16;1605
11;2025-11-08;17;1755
11;2025-11-08;18;1367
11;2025-11-08;19;1392
11;2025-11-08;20;865
11;2025-11-08;21;690
11;2025-11-08;22;366
11;2025-11-08;23;289
11;2025-11-09;0;102
11;2025-11-09;1;9
11;2025-11-09;2;0
11;2025-11-09;3;0
11;2025-11-09;4;0
11;2025-11-09;5;79
11;2025-11-09;6;502
11;2025-11-09;7;423
11;2025-11-09;8;558
11;2025-11-09;9;909
11;2025-11-09;10;1015
11;2025-11-09;11;1446
11;2025-11-09;12;1540
11;2025-11-09;13;1338
11;2025-11-09;14;1532
11;2025-11-09;15;1356
11;2025-11-09;16;1496
11;2025-11-09;17;1689
11;2025-11-09;18;1037
11;2025-11-09;19;897
11;2025-11-09;20;628
11;2025-11-09;21;594
11;2025-11-09;22;321
11;2025-11-09;23;256
11;2025-11-10;0;63
11;2025-11-10;1;0
11;2025-11-10;2;0
11;2025-11-10;3;0
11;2025-11-10;4;0
11;2025-11-10;5;240
11;2025-11-10;6;1323
11;2025-11-10;7;2391
11;2025-11-10;8;3155
11;2025-11-10;9;2366
11;2025-11-10;10;1955
11;2025-11-10;11;1857
11;2025-11-10;12;1940
11;2025-11-10;13;2013
11;2025-11-10;14;2018
11;2025-11-10;15;1939
11;2025-11-10;16;2193
11;2025-11-10;17;2742
11;2025-11-10;18;2958
11;2025-11-10;19;2206
11;2025-11-10;20;1385
11;2025-11-10;21;818
11;2025-11-10;22;365
11;2025-11-10;23;247
11;2025-11-11;0;63
11;2025-11-11;1;0
11;2025-11-11;2;0
11;2025-11-11;3;0
11;2025-11-11;4;0
11;2025-11-11;5;240
11;2025-11-11;6;1323
11;2025-11-11;7;2391
11;2025-11-11;8;3155
11;2025-11-11;9;2366
11;2025-11-11;10;1955
11;2025-11-11;11;1857
11;2025-11-11;12;1940
11;2025-11-11;13;2013
11;2025-11-11;14;2018
11;2025-11-11;15;1939
11;2025-11-11;16;2193
11;2025-11-11;17;2742
11;2025-11-11;18;2958
11;2025-11-11;19;2206
11;2025-11-11;20;1385
11;2025-11-11;21;818
11;2025-11-11;22;365
11;2025-11-11;23;247
11;2025-11-12;0;63
11;2025-11-12;1;0
11;2025-11-12;2;0
11;2025-11-12;3;0
11;2025-11-12;4;0
11;2025-11-12;5;240
11;2025-11-12;6;1323
11;2025-11-12;7;2391
11;2025-11-12;8;3155
11;2025-11-12;9;2366
11;2025-11-12;10;1955
11;2025-11-12;11;1857
11;2025-11-12;12;1940
11;2025-11-12;13;2013
11;2025-11-12;14;2018
11;2025-11-12;15;1939
11;2025-11-12;16;2193
11;2025-11-12;17;2742
11;2025-11-12;18;2958
11;2025-11-12;19;2206
11;2025-11-12;20;1385
11;2025-11-12;21;818
11;2025-11-12;22;365
11;2025-11-12;23;247
11;2025-11-13;0;63
11;2025-11-13;1;0
11;2025-11-13;2;0
11;2025-11-13;3;0
11;2025-11-13;4;0
11;2025-11-13;5;240
11;2025-11-13;6;1323
11;2025-11-13;7;2391
11;2025-11-13;8;3155
11;2025-11-13;9;2366
11;2025-11-13;10;1955
11;2025-11-13;11;1857
11;2025-11-13;12;1940
11;2025-11-13;13;2013
11;2025-11-13;14;2018
11;2025-11-13;15;1939
11;2025-11-13;16;2193
11;2025-11-13;17;2742
11;2025-11-13;18;2958
11;2025-11-13;19;2206
11;2025-11-13;20;1385
11;2025-11-13;21;818
11;2025-11-13;22;365
11;2025-11-13;23;247
11;2025-11-14;0;63
11;2025-11-14;1;0
11;2025-11-14;2;0
11;2025-11-14;3;0
11;2025-11-14;4;0
11;2025-11-14;5;240
11;2025-11-14;6;1323
11;2025-11-14;7;2391
11;2025-11-14;8;3155
11;2025-11-14;9;2366
11;2025-11-14;10;1955
11;2025-11-14;11;1857
11;2025-11-14;12;1940
11;2025-11-14;13;2013
11;2025-11-14;14;2018
11;2025-11-14;15;1939
11;2025-11-14;16;2193
11;2025-11-14;17;2742
11;2025-11-14;18;2958
11;2025-11-14;19;2206
11;2025-11-14;20;1385
11;2025-11-14;21;818
11;2025-11-14;22;365
11;2025-11-14;23;247
11;2025-11-15;0;100
11;2025-11-15;1;4
11;2025-11-15;2;0
11;2025-11-15;3;0
11;2025-11-15;4;0
11;2025-11-15;5;158
11;2025-11-15;6;738
11;2025-11-15;7;758
11;2025-11-15;8;1008
11;2025-11-15;9;1153
11;2025-11-15;10;1278
11;2025-11-15;11;1602
11;2025-11-15;12;1888
11;2025-11-15;13;1601
11;2025-11-15;14;1942
11;2025-11-15;15;1799
11;2025-11-15;16;1605
11;2025-11-15;17;1755
11;2025-11-15;18;1367
11;2025-11-15;19;1392
11;2025-11-15;20;865
11;2025-11-15;21;690
11;2025-11-15;22;366
11;2025-11-15;23;289
11;2025-11-16;0;102
11;2025-11-16;1;9
11;2025-11-16;2;0
11;2025-11-16;3;0
11;2025-11-16;4;0
11;2025-11-16;5;79
11;2025-11-16;6;502
11;2025-11-16;7;423
11;2025-11-16;8;558
11;2025-11-16;9;909
11;2025-11-16;10;1015
11;2025-11-16;11;1446
11;2025-11-16;12;1540
11;2025-11-16;13;1338
11;2025-11-16;14;1532
11;2025-11-16;15;1356
11;2025-11-16;16;1496
11;2025-11-16;17;1689
11;2025-11-16;18;1037
11;2025-11-16;19;897
11;2025-11-16;20;628
11;2025-11-16;21;594
11;2025-11-16;22;321
11;2025-11-16;23;256
11;2025-11-17;0;63
11;2025-11-17;1;0
11;2025-11-17;2;0
11;2025-11-17;3;0
11;2025-11-17;4;0
11;2025-11-17;5;240
11;2025-11-17;6;1323
11;2025-11-17;7;2391
11;2025-11-17;8;3155
11;2025-11-17;9;2366
11;2025-11-17;10;1955
11;2025-11-17;11;1857
11;2025-11-17;12;1940
11;2025-11-17;13;2013
11;2025-11-17;14;2018
11;2025-11-17;15;1939
11;2025-11-17;16;2193
11;2025-11-17;17;2742
11;2025-11-17;18;2958
11;2025-11-17;19;2206
11;2025-11-17;20;1385
11;2025-11-17;21;818
11;2025-11-17;22;365
11;2025-11-17;23;247
11;2025-11-18;0;63
11;2025-11-18;1;0
11;2025-11-18;2;0
11;2025-11-18;3;0
11;2025-11-18;4;0
11;2025-11-18;5;240
11;2025-11-18;6;1323
11;2025-11-18;7;2391
11;2025-11-18;8;3155
11;2025-11-18;9;2366
11;2025-11-18;10;1955
11;2025-11-18;11;1857
11;2025-11-18;12;1940
11;2025-11-18;13;2013
11;2025-11-18;14;2018
11;2025-11-18;15;1939
11;2025-11-18;16;2193
11;2025-11-18;17;2742
11;2025-11-18;18;2958
11;2025-11-18;19;2206
11;2025-11-18;20;1385
11;2025-11-18;21;818
11;2025-11-18;22;365
11;2025-11-18;23;247
11;2025-11-19;0;63
11;2025-11-19;1;0
11;2025-11-19;2;0
11;2025-11-19;3;0
11;2025-11-19;4;0
11;2025-11-19;5;240
11;2025-11-19;6;1323
11;2025-11-19;7;2391
11;2025-11-19;8;3155
11;2025-11-19;9;2366
11;2025-11-19;10;1955
11;2025-11-19;11;1857
11;2025-11-19;12;1940
11;2025-11-19;13;2013
11;2025-11-19;14;2018
11;2025-11-19;15;1939
11;2025-11-19;16;2193
11;2025-11-19;17;2742
11;2025-11-19;18;2958
11;2025-11-19;19;2206
11;2025-11-19;20;1385
11;2025-11-19;21;818
11;2025-11-19;22;365
11;2025-11-19;23;247
11;2025-11-20;0;63
11;2025-11-20;1;0
11;2025-11-20;2;0
11;2025-11-20;3;0
11;2025-11-20;4;0
11;2025-11-20;5;240
11;2025-11-20;6;1323
11;2025-11-20;7;2391
11;2025-11-20;8;3155
11;2025-11-20;9;2366
11;2025-11-20;10;1955
11;2025-11-20;11;1857
11;2025-11-20;12;1940
11;2025-11-20;13;2013
11;2025-11-20;14;2018
11;2025-11-20;15;1939
11;2025-11-20;16;2193
11;2025-11-20;17;2742
11;2025-11-20;18;2958
11;2025-11-20;19;2206
11;2025-11-20;20;1385
11;2025-11-20;21;818
11;2025-11-20;22;365
11;2025-11-20;23;247
11;2025-11-21;0;63
11;2025-11-21;1;0
11;2025-11-21;2;0
11;2025-11-21;3;0
11;2025-11-21;4;0
11;2025-11-21;5;240
11;2025-11-21;6;1323
11;2025-11-21;7;2391
11;2025-11-21;8;3155
11;2025-11-21;9;2366
11;2025-11-21;10;1955
11;2025-11-21;11;1857
11;2025-11-21;12;1940
11;2025-11-21;13;2013
11;2025-11-21;14;2018
11;2025-11-21;15;1939
11;2025-11-21;16;2193
11;2025-11-21;17;2742
11;2025-11-21;18;2958
11;2025-11-21;19;2206
11;2025-11-21;20;1385
11;2025-11-21;21;818
11;2025-11-21;22;365
11;2025-11-21;23;247
11;2025-11-22;0;100
11;2025-11-22;1;4
11;2025-11-22;2;0
11;2025-11-22;3;0
11;2025-11-22;4;0
11;2025-11-22;5;158
11;2025-11-22;6;738
11;2025-11-22;7;758
11;2025-11-22;8;1008
11;2025-11-22;9;1153
11;2025-11-22;10;1278
11;2025-11-22;11;1602
11;2025-11-22;12;1888
11;2025-11-22;13;1601
11;2025-11-22;14;1942
11;2025-11-22;15;1799
11;2025-11-22;16;1605
11;2025-11-22;17;1755
11;2025-11-22;18;1367
11;2025-11-22;19;1392
11;2025-11-22;20;865
11;2025-11-22;21;690
11;2025-11-22;22;366
11;2025-11-22;23;289
11;2025-11-23;0;102
11;2025-11-23;1;9
11;2025-11-23;2;0
11;2025-11-23;3;0
11;2025-11-23;4;0
11;2025-11-23;5;79
11;2025-11-23;6;502
11;2025-11-23;7;423
11;2025-11-23;8;558
11;2025-11-23;9;909
11;2025-11-23;10;1015
11;2025-11-23;11;1446
11;2025-11-23;12;1540
11;2025-11-23;13;1338
11;2025-11-23;14;1532
11;2025-11-23;15;1356
11;2025-11-23;16;1496
11;2025-11-23;17;1689
11;2025-11-23;18;1037
11;2025-11-23;19;897
11;2025-11-23;20;628
11;2025-11-23;21;594
11;2025-11-23;22;321
11;2025-11-23;23;256
11;2025-11-24;0;63
11;2025-11-24;1;0
11;2025-11-24;2;0
11;2025-11-24;3;0
11;2025-11-24;4;0
11;2025-11-24;5;240
11;2025-11-24;6;1323
11;2025-11-24;7;2391
11;2025-11-24;8;3155
11;2025-11-24;9;2366
11;2025-11-24;10;1955
11;2025-11-24;11;1857
11;2025-11-24;12;1940
11;2025-11-24;13;2013
11;2025-11-24;14;2018
11;2025-11-24;15;1939
11;2025-11-24;16;2193
11;2025-11-24;17;2742
11;2025-11-24;18;2958
11;2025-11-24;19;2206
11;2025-11-24;20;1385
11;2025-11-24;21;818
11;2025-11-24;22;365
11;2025-11-24;23;247
11;2025-11-25;0;63
11;2025-11-25;1;0
11;2025-11-25;2;0
11;2025-11-25;3;0
11;2025-11-25;4;0
11;2025-11-25;5;240
11;2025-11-25;6;1323
11;2025-11-25;7;2391
11;2025-11-25;8;3155
11;2025-11-25;9;2366
11;2025-11-25;10;1955
11;2025-11-25;11;1857
11;2025-11-25;12;1940
11;2025-11-25;13;2013
11;2025-11-25;14;2018
11;2025-11-25;15;1939
11;2025-11-25;16;2193
11;2025-11-25;17;2742
11;2025-11-25;18;2958
11;2025-11-25;19;2206
11;2025-11-25;20;1385
11;2025-11-25;21;818
11;2025-11-25;22;365
11;2025-11-25;23;247
11;2025-11-26;0;63
11;2025-11-26;1;0
11;2025-11-26;2;0
11;2025-11-26;3;0
11;2025-11-26;4;0
11;2025-11-26;5;240
11;2025-11-26;6;1323
11;2025-11-26;7;2391
11;2025-11-26;8;3155
11;2025-11-26;9;2366
11;2025-11-26;10;1955
11;2025-11-26;11;1857
11;2025-11-26;12;1940
11;2025-11-26;13;2013
11;2025-11-26;14;2018
11;2025-11-26;15;1939
11;2025-11-26;16;2193
11;2025-11-26;17;2742
11;2025-11-26;18;2958
11;2025-11-26;19;2206
11;2025-11-26;20;1385
11;2025-11-26;21;818
11;2025-11-26;22;365
11;2025-11-26;23;247
11;2025-11-27;0;63
11;2025-11-27;1;0
11;2025-11-27;2;0
11;2025-11-27;3;0
11;2025-11-27;4;0
11;2025-11-27;5;240
11;2025-11-27;6;1323
11;2025-11-27;7;2391
11;2025-11-27;8;3155
11;2025-11-27;9;2366
11;2025-11-27;10;1955
11;2025-11-27;11;1857
11;2025-11-27;12;1940
11;2025-11-27;13;2013
11;2025-11-27;14;2018
11;2025-11-27;15;1939
11;2025-11-27;16;2193
11;2025-11-27;17;2742
11;2025-11-27;18;2958
11;2025-11-27;19;2206
11;2025-11-27;20;1385
11;2025-11-27;21;818
11;2025-11-27;22;365
11;2025-11-27;23;247
11;2025-11-28;0;63
11;2025-11-28;1;0
11;2025-11-28;2;0
11;2025-11-28;3;0
11;2025-11-28;4;0
11;2025-11-28;5;240
11;2025-11-28;6;1323
11;2025-11-28;7;2391
11;2025-11-28;8;3155
11;2025-11-28;9;2366
11;2025-11-28;10;1955
11;2025-11-28;11;1857
11;2025-11-28;12;1940
11;2025-11-28;13;2013
11;2025-11-28;14;2018
11;2025-11-28;15;1939
11;2025-11-28;16;2193
11;2025-11-28;17;2742
11;2025-11-28;18;2958
11;2025-11-28;19;2206
11;2025-11-28;20;1385
11;2025-11-28;21;818
11;2025-11-28;22;365
11;2025-11-28;23;247
11;2025-11-29;0;100
11;2025-11-29;1;4
11;2025-11-29;2;0
11;2025-11-29;3;0
11;2025-11-29;4;0
11;2025-11-29;5;158
11;2025-11-29;6;738
11;2025-11-29;7;758
11;2025-11-29;8;1008
11;2025-11-29;9;1153
11;2025-11-29;10;1278
11;2025-11-29;11;1602
11;2025-11-29;12;1888
11;2025-11-29;13;1601
11;2025-11-29;14;1942
11;2025-11-29;15;1799
11;2025-11-29;16;1605
11;2025-11-29;17;1755
11;2025-11-29;18;1367
11;2025-11-29;19;1392
11;2025-11-29;20;865
11;2025-11-29;21;690
11;2025-11-29;22;366
11;2025-11-29;23;289
11;2025-11-30;0;102
11;2025-11-30;1;9
11;2025-11-30;2;0
11;2025-11-30;3;0
11;2025-11-30;4;0
11;2025-11-30;5;79
11;2025-11-30;6;502
11;2025-11-30;7;423
11;2025-11-30;8;558
11;2025-11-30;9;909
11;2025-11-30;10;1015
11;2025-11-30;11;1446
11;2025-11-30;12;1540
11;2025-11-30;13;1338
11;2025-11-30;14;1532
11;2025-11-30;15;1356
11;2025-11-30;16;1496
11;2025-11-30;17;1689
11;2025-11-30;18;1037
11;2025-11-30;19;897
11;2025-11-30;20;628
11;2025-11-30;21;594
11;2025-11-30;22;321
11;2025-11-30;23;256
11;2025-12-01;0;65
11;2025-12-01;1;0
11;2025-12-01;2;0
11;2025-12-01;3;0
11;2025-12-01;4;0
11;2025-12-01;5;247
11;2025-12-01;6;1364
11;2025-12-01;7;2466
11;2025-12-01;8;3254
11;2025-12-01;9;2440
11;2025-12-01;10;2016
11;2025-12-01;11;1915
11;2025-12-01;12;2001
11;2025-12-01;13;2076
11;2025-12-01;14;2081
11;2025-12-01;15;2000
11;2025-12-01;16;2261
11;2025-12-01;17;2828
11;2025-12-01;18;3050
11;2025-12-01;19;2275
11;2025-12-01;20;1428
11;2025-12-01;21;844
11;2025-12-01;22;376
11;2025-12-01;23;254
11;2025-12-02;0;65
11;2025-12-02;1;0
11;2025-12-02;2;0
11;2025-12-02;3;0
11;2025-12-02;4;0
11;2025-12-02;5;247
11;2025-12-02;6;1364
11;2025-12-02;7;2466
11;2025-12-02;8;3254
11;2025-12-02;9;2440
11;2025-12-02;10;2016
11;2025-12-02;11;1915
11;2025-12-02;12;2001
11;2025-12-02;13;2076
11;2025-12-02;14;2081
11;2025-12-02;15;2000
11;2025-12-02;16;2261
11;2025-12-02;17;2828
11;2025-12-02;18;3050
11;2025-12-02;19;2275
11;2025-12-02;20;1428
11;2025-12-02;21;844
11;2025-12-02;22;376
11;2025-12-02;23;254
11;2025-12-03;0;65
11;2025-12-03;1;0
11;2025-12-03;2;0
11;2025-12-03;3;0
11;2025-12-03;4;0
11;2025-12-03;5;247
11;2025-12-03;6;1364
11;2025-12-03;7;2466
11;2025-12-03;8;3254
11;2025-12-03;9;2440
11;2025-12-03;10;2016
11;2025-12-03;11;1915
11;2025-12-03;12;2001
11;2025-12-03;13;2076
11;2025-12-03;14;2081
11;2025-12-03;15;2000
11;2025-12-03;16;2261
11;2025-12-03;17;2828
11;2025-12-03;18;3050
11;2025-12-03;19;2275
11;2025-12-03;20;1428
11;2025-12-03;21;844
11;2025-12-03;22;376
11;2025-12-03;23;254
11;2025-12-04;0;65
11;2025-12-04;1;0
11;2025-12-04;2;0
11;2025-12-04;3;0
11;2025-12-04;4;0
11;2025-12-04;5;247
11;2025-12-04;6;1364
11;2025-12-04;7;2466
11;2025-12-04;8;3254
11;2025-12-04;9;2440
11;2025-12-04;10;2016
11;2025-12-04;11;1915
11;2025-12-04;12;2001
11;2025-12-04;13;2076
11;2025-12-04;14;2081
11;2025-12-04;15;2000
11;2025-12-04;16;2261
11;2025-12-04;17;2828
11;2025-12-04;18;3050
11;2025-12-04;19;2275
11;2025-12-04;20;1428
11;2025-12-04;21;844
11;2025-12-04;22;376
11;2025-12-04;23;254
11;2025-12-05;0;65
11;2025-12-05;1;0
11;2025-12-05;2;0
11;2025-12-05;3;0
11;2025-12-05;4;0
11;2025-12-05;5;247
11;2025-12-05;6;1364
11;2025-12-05;7;2466
11;2025-12-05;8;3254
11;2025-12-05;9;2440
11;2025-12-05;10;2016
11;2025-12-05;11;1915
11;2025-12-05;12;2001
11;2025-12-05;13;2076
11;2025-12-05;14;2081
11;2025-12-05;15;2000
11;2025-12-05;16;2261
11;2025-12-05;17;2828
11;2025-12-05;18;3050
11;2025-12-05;19;2275
11;2025-12-05;20;1428
11;2025-12-05;21;844
11;2025-12-05;22;376
11;2025-12-05;23;254
11;2025-12-06;0;103
11;2025-12-06;1;4
11;2025-12-06;2;0
11;2025-12-06;3;0
11;2025-12-06;4;0
11;2025-12-06;5;163
11;2025-12-06;6;761
11;2025-12-06;7;782
11;2025-12-06;8;1039
11;2025-12-06;9;1189
11;2025-12-06;10;1318
11;2025-12-06;11;1652
11;2025-12-06;12;1947
11;2025-12-06;13;1651
11;2025-12-06;14;2003
11;2025-12-06;15;1855
11;2025-12-06;16;1655
11;2025-12-06;17;1809
11;2025-12-06;18;1409
11;2025-12-06;19;1435
11;2025-12-06;20;892
11;2025-12-06;21;711
11;2025-12-06;22;377
11;2025-12-06;23;298
11;2025-12-07;0;105
11;2025-12-07;1;9
11;2025-12-07;2;0
11;2025-12-07;3;0
11;2025-12-07;4;0
11;2025-12-07;5;82
11;2025-12-07;6;518
11;2025-12-07;7;436
11;2025-12-07;8;575
11;2025-12-07;9;938
11;2025-12-07;10;1046
11;2025-12-07;11;1491
11;2025-12-07;12;1588
11;2025-12-07;13;1379
11;2025-12-07;14;1580
11;2025-12-07;15;1398
11;2025-12-07;16;1543
11;2025-12-07;17;1741
11;2025-12-07;18;1069
11;2025-12-07;19;925
11;2025-12-07;20;647
11;2025-12-07;21;612
11;2025-12-07;22;331
11;2025-12-07;23;264
11;2025-12-08;0;65
11;2025-12-08;1;0
11;2025-12-08;2;0
11;2025-12-08;3;0
11;2025-12-08;4;0
11;2025-12-08;5;247
11;2025-12-08;6;1364
11;2025-12-08;7;2466
11;2025-12-08;8;3254
11;2025-12-08;9;2440
11;2025-12-08;10;2016
11;2025-12-08;11;1915
11;2025-12-08;12;2001
11;2025-12-08;13;2076
11;2025-12-08;14;2081
11;2025-12-08;15;2000
11;2025-12-08;16;2261
11;2025-12-08;17;2828
11;2025-12-08;18;3050
11;2025-12-08;19;2275
11;2025-12-08;20;1428
11;2025-12-08;21;844
11;2025-12-08;22;376
11;2025-12-08;23;254
11;2025-12-09;0;65
11;2025-12-09;1;0
11;2025-12-09;2;0
11;2025-12-09;3;0
11;2025-12-09;4;0
11;2025-12-09;5;247
11;2025-12-09;6;1364
11;2025-12-09;7;2466
11;2025-12-09;8;3254
11;2025-12-09;9;2440
11;2025-12-09;10;2016
11;2025-12-09;11;1915
11;2025-12-09;12;2001
11;2025-12-09;13;2076
11;2025-12-09;14;2081
11;2025-12-09;15;2000
11;2025-12-09;16;2261
11;2025-12-09;17;2828
11;2025-12-09;18;3050
11;2025-12-09;19;2275
11;2025-12-09;20;1428
11;2025-12-09;21;844
11;2025-12-09;22;376
11;2025-12-09;23;254
11;2025-12-10;0;65
11;2025-12-10;1;0
11;2025-12-10;2;0
11;2025-12-10;3;0
11;2025-12-10;4;0
11;2025-12-10;5;247
11;2025-12-10;6;1364
11;2025-12-10;7;2466
11;2025-12-10;8;3254
11;2025-12-10;9;2440
11;2025-12-10;10;2016
11;2025-12-10;11;1915
11;2025-12-10;12;2001
11;2025-12-10;13;2076
11;2025-12-10;14;2081
11;2025-12-10;15;2000
11;2025-12-10;16;2261
11;2025-12-10;17;2828
11;2025-12-10;18;3050
11;2025-12-10;19;2275
11;2025-12-10;20;1428
11;2025-12-10;21;844
11;2025-12-10;22;376
11;2025-12-10;23;254
11;2025-12-11;0;65
11;2025-12-11;1;0
11;2025-12-11;2;0
11;2025-12-11;3;0
11;2025-12-11;4;0
11;2025-12-11;5;247
11;2025-12-11;6;1364
11;2025-12-11;7;2466
11;2025-12-11;8;3254
11;2025-12-11;9;2440
11;2025-12-11;10;2016
11;2025-12-11;11;1915
11;2025-12-11;12;2001
11;2025-12-11;13;2076
11;2025-12-11;14;2081
11;2025-12-11;15;2000
11;2025-12-11;16;2261
11;2025-12-11;17;2828
11;2025-12-11;18;3050
11;2025-12-11;19;2275
11;2025-12-11;20;1428
11;2025-12-11;21;844
11;2025-12-11;22;376
11;2025-12-11;23;254
11;2025-12-12;0;65
11;2025-12-12;1;0
11;2025-12-12;2;0
11;2025-12-12;3;0
11;2025-12-12;4;0
11;2025-12-12;5;247
11;2025-12-12;6;1364
11;2025-12-12;7;2466
11;2025-12-12;8;3254
11;2025-12-12;9;2440
11;2025-12-12;10;2016
11;2025-12-12;11;1915
11;2025-12-12;12;2001
11;2025-12-12;13;2076
11;2025-12-12;14;2081
11;2025-12-12;15;2000
11;2025-12-12;16;2261
11;2025-12-12;17;2828
11;2025-12-12;18;3050
11;2025-12-12;19;2275
11;2025-12-12;20;1428
11;2025-12-12;21;844
11;2025-12-12;22;376
11;2025-12-12;23;254
11;2025-12-13;0;103
11;2025-12-13;1;4
11;2025-12-13;2;0
11;2025-12-13;3;0
11;2025-12-13;4;0
11;2025-12-13;5;163
11;2025-12-13;6;761
11;2025-12-13;7;782
11;2025-12-13;8;1039
11;2025-12-13;9;1189
11;2025-12-13;10;1318
11;2025-12-13;11;1652
11;2025-12-13;12;1947
11;2025-12-13;13;1651
11;2025-12-13;14;2003
11;2025-12-13;15;1855
11;2025-12-13;16;1655
11;2025-12-13;17;1809
11;2025-12-13;18;1409
11;2025-12-13;19;1435
11;2025-12-13;20;892
11;2025-12-13;21;711
11;2025-12-13;22;377
11;2025-12-13;23;298
11;2025-12-14;0;105
11;2025-12-14;1;9
11;2025-12-14;2;0
11;2025-12-14;3;0
11;2025-12-14;4;0
11;2025-12-14;5;82
11;2025-12-14;6;518
11;2025-12-14;7;436
11;2025-12-14;8;575
11;2025-12-14;9;938
11;2025-12-14;10;1046
11;2025-12-14;11;1491
11;2025-12-14;12;1588
11;2025-12-14;13;1379
11;2025-12-14;14;1580
11;2025-12-14;15;1398
11;2025-12-14;16;1543
11;2025-12-14;17;1741
11;2025-12-14;18;1069
11;2025-12-14;19;925
11;2025-12-14;20;647
11;2025-12-14;21;612
11;2025-12-14;22;331
11;2025-12-14;23;264
11;2025-12-15;0;65
11;2025-12-15;1;0
11;2025-12-15;2;0
11;2025-12-15;3;0
11;2025-12-15;4;0
11;2025-12-15;5;247
11;2025-12-15;6;1364
11;2025-12-15;7;2466
11;2025-12-15;8;3254
11;2025-12-15;9;2440
11;2025-12-15;10;2016
11;2025-12-15;11;1915
11;2025-12-15;12;2001
11;2025-12-15;13;2076
11;2025-12-15;14;2081
11;2025-12-15;15;2000
11;2025-12-15;16;2261
11;2025-12-15;17;2828
11;2025-12-15;18;3050
11;2025-12-15;19;2275
11;2025-12-15;20;1428
11;2025-12-15;21;844
11;2025-12-15;22;376
11;2025-12-15;23;254
11;2025-12-16;0;65
11;2025-12-16;1;0
11;2025-12-16;2;0
11;2025-12-16;3;0
11;2025-12-16;4;0
11;2025-12-16;5;247
11;2025-12-16;6;1364
11;2025-12-16;7;2466
11;2025-12-16;8;3254
11;2025-12-16;9;2440
11;2025-12-16;10;2016
11;2025-12-16;11;1915
11;2025-12-16;12;2001
11;2025-12-16;13;2076
11;2025-12-16;14;2081
11;2025-12-16;15;2000
11;2025-12-16;16;2261
11;2025-12-16;17;2828
11;2025-12-16;18;3050
11;2025-12-16;19;2275
11;2025-12-16;20;1428
11;2025-12-16;21;844
11;2025-12-16;22;376
11;2025-12-16;23;254
11;2025-12-17;0;65
11;2025-12-17;1;0
11;2025-12-17;2;0
11;2025-12-17;3;0
11;2025-12-17;4;0
11;2025-12-17;5;247
11;2025-12-17;6;1364
11;2025-12-17;7;2466
11;2025-12-17;8;3254
11;2025-12-17;9;2440
11;2025-12-17;10;2016
11;2025-12-17;11;1915
11;2025-12-17;12;2001
11;2025-12-17;13;2076
11;2025-12-17;14;2081
11;2025-12-17;15;2000
11;2025-12-17;16;2261
11;2025-12-17;17;2828
11;2025-12-17;18;3050
11;2025-12-17;19;2275
11;2025-12-17;20;1428
11;2025-12-17;21;844
11;2025-12-17;22;376
11;2025-12-17;23;254
11;2025-12-18;0;65
11;2025-12-18;1;0
11;2025-12-18;2;0
11;2025-12-18;3;0
11;2025-12-18;4;0
11;2025-12-18;5;247
11;2025-12-18;6;1364
11;2025-12-18;7;2466
11;2025-12-18;8;3254
11;2025-12-18;9;2440
11;2025-12-18;10;2016
11;2025-12-18;11;1915
11;2025-12-18;12;2001
11;2025-12-18;13;2076
11;2025-12-18;14;2081
11;2025-12-18;15;2000
11;2025-12-18;16;2261
11;2025-12-18;17;2828
11;2025-12-18;18;3050
11;2025-12-18;19;2275
11;2025-12-18;20;1428
11;2025-12-18;21;844
11;2025-12-18;22;376
11;2025-12-18;23;254
11;2025-12-19;0;65
11;2025-12-19;1;0
11;2025-12-19;2;0
11;2025-12-19;3;0
11;2025-12-19;4;0
11;2025-12-19;5;247
11;2025-12-19;6;1364
11;2025-12-19;7;2466
11;2025-12-19;8;3254
11;2025-12-19;9;2440
11;2025-12-19;10;2016
11;2025-12-19;11;1915
11;2025-12-19;12;2001
11;2025-12-19;13;2076
11;2025-12-19;14;2081
11;2025-12-19;15;2000
11;2025-12-19;16;2261
11;2025-12-19;17;2828
11;2025-12-19;18;3050
11;2025-12-19;19;2275
11;2025-12-19;20;1428
11;2025-12-19;21;844
11;2025-12-19;22;376
11;2025-12-19;23;254
11;2025-12-20;0;103
11;2025-12-20;1;4
11;2025-12-20;2;0
11;2025-12-20;3;0
11;2025-12-20;4;0
11;2025-12-20;5;163
11;2025-12-20;6;761
11;2025-12-20;7;782
11;2025-12-20;8;1039
11;2025-12-20;9;1189
11;2025-12-20;10;1318
11;2025-12-20;11;1652
11;2025-12-20;12;1947
11;2025-12-20;13;1651
11;2025-12-20;14;2003
11;2025-12-20;15;1855
11;2025-12-20;16;1655
11;2025-12-20;17;1809
11;2025-12-20;18;1409
11;2025-12-20;19;1435
11;2025-12-20;20;892
11;2025-12-20;21;711
11;2025-12-20;22;377
11;2025-12-20;23;298
11;2025-12-21;0;105
11;2025-12-21;1;9
11;2025-12-21;2;0
11;2025-12-21;3;0
11;2025-12-21;4;0
11;2025-12-21;5;82
11;2025-12-21;6;518
11;2025-12-21;7;436
11;2025-12-21;8;575
11;2025-12-21;9;938
11;2025-12-21;10;1046
11;2025-12-21;11;1491
11;2025-12-21;12;1588
11;2025-12-21;13;1379
11;2025-12-21;14;1580
11;2025-12-21;15;1398
11;2025-12-21;16;1543
11;2025-12-21;17;1741
11;2025-12-21;18;1069
11;2025-12-21;19;925
11;2025-12-21;20;647
11;2025-12-21;21;612
11;2025-12-21;22;331
11;2025-12-21;23;264
11;2025-12-22;0;65
11;2025-12-22;1;0
11;2025-12-22;2;0
11;2025-12-22;3;0
11;2025-12-22;4;0
11;2025-12-22;5;247
11;2025-12-22;6;1364
11;2025-12-22;7;2466
11;2025-12-22;8;3254
11;2025-12-22;9;2440
11;2025-12-22;10;2016
11;2025-12-22;11;1915
11;2025-12-22;12;2001
11;2025-12-22;13;2076
11;2025-12-22;14;2081
11;2025-12-22;15;2000
11;2025-12-22;16;2261
11;2025-12-22;17;2828
11;2025-12-22;18;3050
11;2025-12-22;19;2275
11;2025-12-22;20;1428
11;2025-12-22;21;844
11;2025-12-22;22;376
11;2025-12-22;23;254
11;2025-12-23;0;65
11;2025-12-23;1;0
11;2025-12-23;2;0
11;2025-12-23;3;0
11;2025-12-23;4;0
11;2025-12-23;5;247
11;2025-12-23;6;1364
11;2025-12-23;7;2466
11;2025-12-23;8;3254
11;2025-12-23;9;2440
11;2025-12-23;10;2016
11;2025-12-23;11;1915
11;2025-12-23;12;2001
11;2025-12-23;13;2076
11;2025-12-23;14;2081
11;2025-12-23;15;2000
11;2025-12-23;16;2261
11;2025-12-23;17;2828
11;2025-12-23;18;3050
11;2025-12-23;19;2275
11;2025-12-23;20;1428
11;2025-12-23;21;844
11;2025-12-23;22;376
11;2025-12-23;23;254
11;2025-12-24;0;65
11;2025-12-24;1;0
11;2025-12-24;2;0
11;2025-12-24;3;0
11;2025-12-24;4;0
11;2025-12-24;5;247
11;2025-12-24;6;1364
11;2025-12-24;7;2466
11;2025-12-24;8;3254
11;2025-12-24;9;2440
11;2025-12-24;10;2016
11;2025-12-24;11;1915
11;2025-12-24;12;2001
11;2025-12-24;13;2076
11;2025-12-24;14;2081
11;2025-12-24;15;2000
11;2025-12-24;16;2261
11;2025-12-24;17;2828
11;2025-12-24;18;3050
11;2025-12-24;19;2275
11;2025-12-24;20;1428
11;2025-12-24;21;844
11;2025-12-24;22;376
11;2025-12-24;23;254
11;2025-12-25;0;65
11;2025-12-25;1;0
11;2025-12-25;2;0
11;2025-12-25;3;0
11;2025-12-25;4;0
11;2025-12-25;5;247
11;2025-12-25;6;1364
11;2025-12-25;7;2466
11;2025-12-25;8;3254
11;2025-12-25;9;2440
11;2025-12-25;10;2016
11;2025-12-25;11;1915
11;2025-12-25;12;2001
11;2025-12-25;13;2076
11;2025-12-25;14;2081
11;2025-12-25;15;2000
11;2025-12-25;16;2261
11;2025-12-25;17;2828
11;2025-12-25;18;3050
11;2025-12-25;19;2275
11;2025-12-25;20;1428
11;2025-12-25;21;844
11;2025-12-25;22;376
11;2025-12-25;23;254
11;2025-12-26;0;65
11;2025-12-26;1;0
11;2025-12-26;2;0
11;2025-12-26;3;0
11;2025-12-26;4;0
11;2025-12-26;5;247
11;2025-12-26;6;1364
11;2025-12-26;7;2466
11;2025-12-26;8;3254
11;2025-12-26;9;2440
11;2025-12-26;10;2016
11;2025-12-26;11;1915
11;2025-12-26;12;2001
11;2025-12-26;13;2076
11;2025-12-26;14;2081
11;2025-12-26;15;2000
11;2025-12-26;16;2261
11;2025-12-26;17;2828
11;2025-12-26;18;3050
11;2025-12-26;19;2275
11;2025-12-26;20;1428
11;2025-12-26;21;844
11;2025-12-26;22;376
11;2025-12-26;23;254
11;2025-12-27;0;103
11;2025-12-27;1;4
11;2025-12-27;2;0
11;2025-12-27;3;0
11;2025-12-27;4;0
11;2025-12-27;5;163
11;2025-12-27;6;761
11;2025-12-27;7;782
11;2025-12-27;8;1039
11;2025-12-27;9;1189
11;2025-12-27;10;1318
11;2025-12-27;11;1652
11;2025-12-27;12;1947
11;2025-12-27;13;1651
11;2025-12-27;14;2003
11;2025-12-27;15;1855
11;2025-12-27;16;1655
11;2025-12-27;17;1809
11;2025-12-27;18;1409
11;2025-12-27;19;1435
11;2025-12-27;20;892
11;2025-12-27;21;711
11;2025-12-27;22;377
11;2025-12-27;23;298
11;2025-12-28;0;105
11;2025-12-28;1;9
11;2025-12-28;2;0
11;2025-12-28;3;0
11;2025-12-28;4;0
11;2025-12-28;5;82
11;2025-12-28;6;518
11;2025-12-28;7;436
11;2025-12-28;8;575
11;2025-12-28;9;938
11;2025-12-28;10;1046
11;2025-12-28;11;1491
11;2025-12-28;12;1588
11;2025-12-28;13;1379
11;2025-12-28;14;1580
11;2025-12-28;15;1398
11;2025-12-28;16;1543
11;2025-12-28;17;1741
11;2025-12-28;18;1069
11;2025-12-28;19;925
11;2025-12-28;20;647
11;2025-12-28;21;612
11;2025-12-28;22;331
11;2025-12-28;23;264
11;2025-12-29;0;55
11;2025-12-29;1;0
11;2025-12-29;2;0
11;2025-12-29;3;0
11;2025-12-29;4;0
11;2025-12-29;5;210
11;2025-12-29;6;1159
11;2025-12-29;7;2096
11;2025-12-29;8;2766
11;2025-12-29;9;2074
11;2025-12-29;10;1714
11;2025-12-29;11;1628
11;2025-12-29;12;1701
11;2025-12-29;13;1765
11;2025-12-29;14;1769
11;2025-12-29;15;1700
11;2025-12-29;16;1922
11;2025-12-29;17;2404
11;2025-12-29;18;2593
11;2025-12-29;19;1933
11;2025-12-29;20;1214
11;2025-12-29;21;717
11;2025-12-29;22;320
11;2025-12-29;23;216
11;2025-12-30;0;55
11;2025-12-30;1;0
11;2025-12-30;2;0
11;2025-12-30;3;0
11;2025-12-30;4;0
11;2025-12-30;5;210
11;2025-12-30;6;1159
11;2025-12-30;7;2096
11;2025-12-30;8;2766
11;2025-12-30;9;2074
11;2025-12-30;10;1714
11;2025-12-30;11;1628
11;2025-12-30;12;1701
11;2025-12-30;13;1765
11;2025-12-30;14;1769
11;2025-12-30;15;1700
11;2025-12-30;16;1922
11;2025-12-30;17;2404
11;2025-12-30;18;2593
11;2025-12-30;19;1933
11;2025-12-30;20;1214
11;2025-12-30;21;717
11;2025-12-30;22;320
11;2025-12-30;23;216
11;2025-12-31;0;90
11;2025-12-31;1;8
11;2025-12-31;2;0
11;2025-12-31;3;0
11;2025-12-31;4;0
11;2025-12-31;5;70
11;2025-12-31;6;443
11;2025-12-31;7;373
11;2025-12-31;8;491
11;2025-12-31;9;802
11;2025-12-31;10;895
11;2025-12-31;11;1275
11;2025-12-31;12;1358
11;2025-12-31;13;1179
11;2025-12-31;14;1351
11;2025-12-31;15;1195
11;2025-12-31;16;1319
11;2025-12-31;17;1489
11;2025-12-31;18;914
11;2025-12-31;19;791
11;2025-12-31;20;0
11;2025-12-31;21;0
11;2025-12-31;22;0
11;2025-12-31;23;0
12;2025-11-01;0;43
12;2025-11-01;1;1
12;2025-11-01;2;0
12;2025-11-01;3;0
12;2025-11-01;4;6
12;2025-11-01;5;272
12;2025-11-01;6;1192
12;2025-11-01;7;2285
12;2025-11-01;8;2920
12;2025-11-01;9;2159
12;2025-11-01;10;1762
12;2025-11-01;11;1678
12;2025-11-01;12;1716
12;2025-11-01;13;1731
12;2025-11-01;14;1682
12;2025-11-01;15;1931
12;2025-11-01;16;2331
12;2025-11-01;17;2530
12;2025-11-01;18;2617
12;2025-11-01;19;1930
12;2025-11-01;20;1274
12;2025-11-01;21;794
12;2025-11-01;22;389
12;2025-11-01;23;217
12;2025-11-02;0;100
12;2025-11-02;1;5
12;2025-11-02;2;0
12;2025-11-02;3;0
12;2025-11-02;4;1
12;2025-11-02;5;111
12;2025-11-02;6;518
12;2025-11-02;7;746
12;2025-11-02;8;774
12;2025-11-02;9;934
12;2025-11-02;10;1218
12;2025-11-02;11;1344
12;2025-11-02;12;1420
12;2025-11-02;13;1666
12;2025-11-02;14;1411
12;2025-11-02;15;1575
12;2025-11-02;16;1664
12;2025-11-02;17;1643
12;2025-11-02;18;1584
12;2025-11-02;19;1031
12;2025-11-02;20;846
12;2025-11-02;21;653
12;2025-11-02;22;509
12;2025-11-02;23;208
12;2025-11-03;0;95
12;2025-11-03;1;5
12;2025-11-03;2;0
12;2025-11-03;3;0
12;2025-11-03;4;1
12;2025-11-03;5;106
12;2025-11-03;6;492
12;2025-11-03;7;709
12;2025-11-03;8;735
12;2025-11-03;9;887
12;2025-11-03;10;1157
12;2025-11-03;11;1276
12;2025-11-03;12;1349
12;2025-11-03;13;1583
12;2025-11-03;14;1340
12;2025-11-03;15;1496
12;2025-11-03;16;1581
12;2025-11-03;17;1561
12;2025-11-03;18;1505
12;2025-11-03;19;979
12;2025-11-03;20;804
12;2025-11-03;21;620
12;2025-11-03;22;484
12;2025-11-03;23;197
12;2025-11-04;0;95
12;2025-11-04;1;5
12;2025-11-04;2;0
12;2025-11-04;3;0
12;2025-11-04;4;1
12;2025-11-04;5;106
12;2025-11-04;6;492
12;2025-11-04;7;709
12;2025-11-04;8;735
12;2025-11-04;9;887
12;2025-11-04;10;1157
12;2025-11-04;11;1276
12;2025-11-04;12;1349
12;2025-11-04;13;1583
12;2025-11-04;14;1340
12;2025-11-04;15;1496
12;2025-11-04;16;1581
12;2025-11-04;17;1561
12;2025-11-04;18;1505
12;2025-11-04;19;979
12;2025-11-04;20;804
12;2025-11-04;21;620
12;2025-11-04;22;484
12;2025-11-04;23;197
12;2025-11-05;0;50
12;2025-11-05;1;1
12;2025-11-05;2;0
12;2025-11-05;3;0
12;2025-11-05;4;7
12;2025-11-05;5;320
12;2025-11-05;6;1403
12;2025-11-05;7;2688
12;2025-11-05;8;3435
12;2025-11-05;9;2540
12;2025-11-05;10;2073
12;2025-11-05;11;1974
12;2025-11-05;12;2018
12;2025-11-05;13;2036
12;2025-11-05;14;1979
12;2025-11-05;15;2272
12;2025-11-05;16;2742
12;2025-11-05;17;2976
12;2025-11-05;18;3078
12;2025-11-05;19;2270
12;2025-11-05;20;1499
12;2025-11-05;21;935
12;2025-11-05;22;458
12;2025-11-05;23;256
12;2025-11-06;0;50
12;2025-11-06;1;1
12;2025-11-06;2;0
12;2025-11-06;3;0
12;2025-11-06;4;7
12;2025-11-06;5;320
12;2025-11-06;6;1403
12;2025-11-06;7;2688
12;2025-11-06;8;3435
12;2025-11-06;9;2540
12;2025-11-06;10;2073
12;2025-11-06;11;1974
12;2025-11-06;12;2018
12;2025-11-06;13;2036
12;2025-11-06;14;1979
12;2025-11-06;15;2272
12;2025-11-06;16;2742
12;2025-11-06;17;2976
12;2025-11-06;18;3078
12;2025-11-06;19;2270
12;2025-11-06;20;1499
12;2025-11-06;21;935
12;2025-11-06;22;458
12;2025-11-06;23;256
12;2025-11-07;0;50
12;2025-11-07;1;1
12;2025-11-07;2;0
12;2025-11-07;3;0
12;2025-11-07;4;7
12;2025-11-07;5;320
12;2025-11-07;6;1403
12;2025-11-07;7;2688
12;2025-11-07;8;3435
12;2025-11-07;9;2540
12;2025-11-07;10;2073
12;2025-11-07;11;1974
12;2025-11-07;12;2018
12;2025-11-07;13;2036
12;2025-11-07;14;1979
12;2025-11-07;15;2272
12;2025-11-07;16;2742
12;2025-11-07;17;2976
12;2025-11-07;18;3078
12;2025-11-07;19;2270
12;2025-11-07;20;1499
12;2025-11-07;21;935
12;2025-11-07;22;458
12;2025-11-07;23;256
12;2025-11-08;0;74
12;2025-11-08;1;0
12;2025-11-08;2;0
12;2025-11-08;3;0
12;2025-11-08;4;2
12;2025-11-08;5;224
12;2025-11-08;6;733
12;2025-11-08;7;863
12;2025-11-08;8;964
12;2025-11-08;9;1153
12;2025-11-08;10;1526
12;2025-11-08;11;1460
12;2025-11-08;12;1580
12;2025-11-08;13;1867
12;2025-11-08;14;1472
12;2025-11-08;15;1522
12;2025-11-08;16;1773
12;2025-11-08;17;1731
12;2025-11-08;18;1531
12;2025-11-08;19;1412
12;2025-11-08;20;1177
12;2025-11-08;21;823
12;2025-11-08;22;390
12;2025-11-08;23;325
12;2025-11-09;0;100
12;2025-11-09;1;5
12;2025-11-09;2;0
12;2025-11-09;3;0
12;2025-11-09;4;1
12;2025-11-09;5;111
12;2025-11-09;6;518
12;2025-11-09;7;746
12;2025-11-09;8;774
12;2025-11-09;9;934
12;2025-11-09;10;1218
12;2025-11-09;11;1344
12;2025-11-09;12;1420
12;2025-11-09;13;1666
12;2025-11-09;14;1411
12;2025-11-09;15;1575
12;2025-11-09;16;1664
12;2025-11-09;17;1643
12;2025-11-09;18;1584
12;2025-11-09;19;1031
12;2025-11-09;20;846
12;2025-11-09;21;653
12;2025-11-09;22;509
12;2025-11-09;23;208
12;2025-11-10;0;50
12;2025-11-10;1;1
12;2025-11-10;2;0
12;2025-11-10;3;0
12;2025-11-10;4;7
12;2025-11-10;5;320
12;2025-11-10;6;1403
12;2025-11-10;7;2688
12;2025-11-10;8;3435
12;2025-11-10;9;2540
12;2025-11-10;10;2073
12;2025-11-10;11;1974
12;2025-11-10;12;2018
12;2025-11-10;13;2036
12;2025-11-10;14;1979
12;2025-11-10;15;2272
12;2025-11-10;16;2742
12;2025-11-10;17;2976
12;2025-11-10;18;3078
12;2025-11-10;19;2270
12;2025-11-10;20;1499
12;2025-11-10;21;935
12;2025-11-10;22;458
12;2025-11-10;23;256
12;2025-11-11;0;50
12;2025-11-11;1;1
12;2025-11-11;2;0
12;2025-11-11;3;0
12;2025-11-11;4;7
12;2025-11-11;5;320
12;2025-11-11;6;1403
12;2025-11-11;7;2688
12;2025-11-11;8;3435
12;2025-11-11;9;2540
12;2025-11-11;10;2073
12;2025-11-11;11;1974
12;2025-11-11;12;2018
12;2025-11-11;13;2036
12;2025-11-11;14;1979
12;2025-11-11;15;2272
12;2025-11-11;16;2742
12;2025-11-11;17;2976
12;2025-11-11;18;3078
12;2025-11-11;19;2270
12;2025-11-11;20;1499
12;2025-11-11;21;935
12;2025-11-11;22;458
12;2025-11-11;23;256
12;2025-11-12;0;50
12;2025-11-12;1;1
12;2025-11-12;2;0
12;2025-11-12;3;0
12;2025-11-12;4;7
12;2025-11-12;5;320
12;2025-11-12;6;1403
12;2025-11-12;7;2688
12;2025-11-12;8;3435
12;2025-11-12;9;2540
12;2025-11-12;10;2073
12;2025-11-12;11;1974
12;2025-11-12;12;2018
12;2025-11-12;13;2036
12;2025-11-12;14;1979
12;2025-11-12;15;2272
12;2025-11-12;16;2742
12;2025-11-12;17;2976
12;2025-11-12;18;3078
12;2025-11-12;19;2270
12;2025-11-12;20;1499
12;2025-11-12;21;935
12;2025-11-12;22;458
12;2025-11-12;23;256
12;2025-11-13;0;50
12;2025-11-13;1;1
12;2025-11-13;2;0
12;2025-11-13;3;0
12;2025-11-13;4;7
12;2025-11-13;5;320
12;2025-11-13;6;1403
12;2025-11-13;7;2688
12;2025-11-13;8;3435
12;2025-11-13;9;2540
12;2025-11-13;10;2073
12;2025-11-13;11;1974
12;2025-11-13;12;2018
12;2025-11-13;13;2036
12;2025-11-13;14;1979
12;2025-11-13;15;2272
12;2025-11-13;16;2742
12;2025-11-13;17;2976
12;2025-11-13;18;3078
12;2025-11-13;19;2270
12;2025-11-13;20;1499
12;2025-11-13;21;935
12;2025-11-13;22;458
12;2025-11-13;23;256
12;2025-11-14;0;50
12;2025-11-14;1;1
12;2025-11-14;2;0
12;2025-11-14;3;0
12;2025-11-14;4;7
12;2025-11-14;5;320
12;2025-11-14;6;1403
12;2025-11-14;7;2688
12;2025-11-14;8;3435
12;2025-11-14;9;2540
12;2025-11-14;10;2073
12;2025-11-14;11;1974
12;2025-11-14;12;2018
12;2025-11-14;13;2036
12;2025-11-14;14;1979
12;2025-11-14;15;2272
12;2025-11-14;16;2742
12;2025-11-14;17;2976
12;2025-11-14;18;3078
12;2025-11-14;19;2270
12;2025-11-14;20;1499
12;2025-11-14;21;935
12;2025-11-14;22;458
12;2025-11-14;23;256
12;2025-11-15;0;74
12;2025-11-15;1;0
12;2025-11-15;2;0
12;2025-11-15;3;0
12;2025-11-15;4;2
12;2025-11-15;5;224
12;2025-11-15;6;733
12;2025-11-15;7;863
12;2025-11-15;8;964
12;2025-11-15;9;1153
12;2025-11-15;10;1526
12;2025-11-15;11;1460
12;2025-11-15;12;1580
12;2025-11-15;13;1867
12;2025-11-15;14;1472
12;2025-11-15;15;1522
12;2025-11-15;16;1773
12;2025-11-15;17;1731
12;2025-11-15;18;1531
12;2025-11-15;19;1412
12;2025-11-15;20;1177
12;2025-11-15;21;823
12;2025-11-15;22;390
12;2025-11-15;23;325
12;2025-11-16;0;100
12;2025-11-16;1;5
12;2025-11-16;2;0
12;2025-11-16;3;0
12;2025-11-16;4;1
12;2025-11-16;5;111
12;2025-11-16;6;518
12;2025-11-16;7;746
12;2025-11-16;8;774
12;2025-11-16;9;934
12;2025-11-16;10;1218
12;2025-11-16;11;1344
12;2025-11-16;12;1420
12;2025-11-16;13;1666
12;2025-11-16;14;1411
12;2025-11-16;15;1575
12;2025-11-16;16;1664
12;2025-11-16;17;1643
12;2025-11-16;18;1584
12;2025-11-16;19;1031
12;2025-11-16;20;846
12;2025-11-16;21;653
12;2025-11-16;22;509
12;2025-11-16;23;208
12;2025-11-17;0;50
12;2025-11-17;1;1
12;2025-11-17;2;0
12;2025-11-17;3;0
12;2025-11-17;4;7
12;2025-11-17;5;320
12;2025-11-17;6;1403
12;2025-11-17;7;2688
12;2025-11-17;8;3435
12;2025-11-17;9;2540
12;2025-11-17;10;2073
12;2025-11-17;11;1974
12;2025-11-17;12;2018
12;2025-11-17;13;2036
12;2025-11-17;14;1979
12;2025-11-17;15;2272
12;2025-11-17;16;2742
12;2025-11-17;17;2976
12;2025-11-17;18;3078
12;2025-11-17;19;2270
12;2025-11-17;20;1499
12;2025-11-17;21;935
12;2025-11-17;22;458
12;2025-11-17;23;256
12;2025-11-18;0;50
12;2025-11-18;1;1
12;2025-11-18;2;0
12;2025-11-18;3;0
12;2025-11-18;4;7
12;2025-11-18;5;320
12;2025-11-18;6;1403
12;2025-11-18;7;2688
12;2025-11-18;8;3435
12;2025-11-18;9;2540
12;2025-11-18;10;2073
12;2025-11-18;11;1974
12;2025-11-18;12;2018
12;2025-11-18;13;2036
12;2025-11-18;14;1979
12;2025-11-18;15;2272
12;2025-11-18;16;2742
12;2025-11-18;17;2976
12;2025-11-18;18;3078
12;2025-11-18;19;2270
12;2025-11-18;20;1499
12;2025-11-18;21;935
12;2025-11-18;22;458
12;2025-11-18;23;256
12;2025-11-19;0;50
12;2025-11-19;1;1
12;2025-11-19;2;0
12;2025-11-19;3;0
12;2025-11-19;4;7
12;2025-11-19;5;320
12;2025-11-19;6;1403
12;2025-11-19;7;2688
12;2025-11-19;8;3435
12;2025-11-19;9;2540
12;2025-11-19;10;2073
12;2025-11-19;11;1974
12;2025-11-19;12;2018
12;2025-11-19;13;2036
12;2025-11-19;14;1979
12;2025-11-19;15;2272
12;2025-11-19;16;2742
12;2025-11-19;17;2976
12;2025-11-19;18;3078
12;2025-11-19;19;2270
12;2025-11-19;20;1499
12;2025-11-19;21;935
12;2025-11-19;22;458
12;2025-11-19;23;256
12;2025-11-20;0;50
12;2025-11-20;1;1
12;2025-11-20;2;0
12;2025-11-20;3;0
12;2025-11-20;4;7
12;2025-11-20;5;320
12;2025-11-20;6;1403
12;2025-11-20;7;2688
12;2025-11-20;8;3435
12;2025-11-20;9;2540
12;2025-11-20;10;2073
12;2025-11-20;11;1974
12;2025-11-20;12;2018
12;2025-11-20;13;2036
12;2025-11-20;14;1979
12;2025-11-20;15;2272
12;2025-11-20;16;2742
12;2025-11-20;17;2976
12;2025-11-20;18;3078
12;2025-11-20;19;2270
12;2025-11-20;20;1499
12;2025-11-20;21;935
12;2025-11-20;22;458
12;2025-11-20;23;256
12;2025-11-21;0;50
12;2025-11-21;1;1
12;2025-11-21;2;0
12;2025-11-21;3;0
12;2025-11-21;4;7
12;2025-11-21;5;320
12;2025-11-21;6;1403
12;2025-11-21;7;2688
12;2025-11-21;8;3435
12;2025-11-21;9;2540
12;2025-11-21;10;2073
12;2025-11-21;11;1974
12;2025-11-21;12;2018
12;2025-11-21;13;2036
12;2025-11-21;14;1979
12;2025-11-21;15;2272
12;2025-11-21;16;2742
12;2025-11-21;17;2976
12;2025-11-21;18;3078
12;2025-11-21;19;2270
12;2025-11-21;20;1499
12;2025-11-21;21;935
12;2025-11-21;22;458
12;2025-11-21;23;256
12;2025-11-22;0;74
12;2025-11-22;1;0
12;2025-11-22;2;0
12;2025-11-22;3;0
12;2025-11-22;4;2
12;2025-11-22;5;224
12;2025-11-22;6;733
12;2025-11-22;7;863
12;2025-11-22;8;964
12;2025-11-22;9;1153
12;2025-11-22;10;1526
12;2025-11-22;11;1460
12;2025-11-22;12;1580
12;2025-11-22;13;1867
12;2025-11-22;14;1472
12;2025-11-22;15;1522
12;2025-11-22;16;1773
12;2025-11-22;17;1731
12;2025-11-22;18;1531
12;2025-11-22;19;1412
12;2025-11-22;20;1177
12;2025-11-22;21;823
12;2025-11-22;22;390
12;2025-11-22;23;325
12;2025-11-23;0;100
12;2025-11-23;1;5
12;2025-11-23;2;0
12;2025-11-23;3;0
12;2025-11-23;4;1
12;2025-11-23;5;111
12;2025-11-23;6;518
12;2025-11-23;7;746
12;2025-11-23;8;774
12;2025-11-23;9;934
12;2025-11-23;10;1218
12;2025-11-23;11;1344
12;2025-11-23;12;1420
12;2025-11-23;13;1666
12;2025-11-23;14;1411
12;2025-11-23;15;1575
12;2025-11-23;16;1664
12;2025-11-23;17;1643
12;2025-11-23;18;1584
12;2025-11-23;19;1031
12;2025-11-23;20;846
12;2025-11-23;21;653
12;2025-11-23;22;509
12;2025-11-23;23;208
12;2025-11-24;0;50
12;2025-11-24;1;1
12;2025-11-24;2;0
12;2025-11-24;3;0
12;2025-11-24;4;7
12;2025-11-24;5;320
12;2025-11-24;6;1403
12;2025-11-24;7;2688
12;2025-11-24;8;3435
12;2025-11-24;9;2540
12;2025-11-24;10;2073
12;2025-11-24;11;1974
12;2025-11-24;12;2018
12;2025-11-24;13;2036
12;2025-11-24;14;1979
12;2025-11-24;15;2272
12;2025-11-24;16;2742
12;2025-11-24;17;2976
12;2025-11-24;18;3078
12;2025-11-24;19;2270
12;2025-11-24;20;1499
12;2025-11-24;21;935
12;2025-11-24;22;458
12;2025-11-24;23;256
12;2025-11-25;0;50
12;2025-11-25;1;1
12;2025-11-25;2;0
12;2025-11-25;3;0
12;2025-11-25;4;7
12;2025-11-25;5;320
12;2025-11-25;6;1403
12;2025-11-25;7;2688
12;2025-11-25;8;3435
12;2025-11-25;9;2540
12;2025-11-25;10;2073
12;2025-11-25;11;1974
12;2025-11-25;12;2018
12;2025-11-25;13;2036
12;2025-11-25;14;1979
12;2025-11-25;15;2272
12;2025-11-25;16;2742
12;2025-11-25;17;2976
12;2025-11-25;18;3078
12;2025-11-25;19;2270
12;2025-11-25;20;1499
12;2025-11-25;21;935
12;2025-11-25;22;458
12;2025-11-25;23;256
12;2025-11-26;0;50
12;2025-11-26;1;1
12;2025-11-26;2;0
12;2025-11-26;3;0
12;2025-11-26;4;7
12;2025-11-26;5;320
12;2025-11-26;6;1403
12;2025-11-26;7;2688
12;2025-11-26;8;3435
12;2025-11-26;9;2540
12;2025-11-26;10;2073
12;2025-11-26;11;1974
12;2025-11-26;12;2018
12;2025-11-26;13;2036
12;2025-11-26;14;1979
12;2025-11-26;15;2272
12;2025-11-26;16;2742
12;2025-11-26;17;2976
12;2025-11-26;18;3078
12;2025-11-26;19;2270
12;2025-11-26;20;1499
12;2025-11-26;21;935
12;2025-11-26;22;458
12;2025-11-26;23;256
12;2025-11-27;0;50
12;2025-11-27;1;1
12;2025-11-27;2;0
12;2025-11-27;3;0
12;2025-11-27;4;7
12;2025-11-27;5;320
12;2025-11-27;6;1403
12;2025-11-27;7;2688
12;2025-11-27;8;3435
12;2025-11-27;9;2540
12;2025-11-27;10;2073
12;2025-11-27;11;1974
12;2025-11-27;12;2018
12;2025-11-27;13;2036
12;2025-11-27;14;1979
12;2025-11-27;15;2272
12;2025-11-27;16;2742
12;2025-11-27;17;2976
12;2025-11-27;18;3078
12;2025-11-27;19;2270
12;2025-11-27;20;1499
12;2025-11-27;21;935
12;2025-11-27;22;458
12;2025-11-27;23;256
12;2025-11-28;0;50
12;2025-11-28;1;1
12;2025-11-28;2;0
12;2025-11-28;3;0
12;2025-11-28;4;7
12;2025-11-28;5;320
12;2025-11-28;6;1403
12;2025-11-28;7;2688
12;2025-11-28;8;3435
12;2025-11-28;9;2540
12;2025-11-28;10;2073
12;2025-11-28;11;1974
12;2025-11-28;12;2018
12;2025-11-28;13;2036
12;2025-11-28;14;1979
12;2025-11-28;15;2272
12;2025-11-28;16;2742
12;2025-11-28;17;2976
12;2025-11-28;18;3078
12;2025-11-28;19;2270
12;2025-11-28;20;1499
12;2025-11-28;21;935
12;2025-11-28;22;458
12;2025-11-28;23;256
12;2025-11-29;0;74
12;2025-11-29;1;0
12;2025-11-29;2;0
12;2025-11-29;3;0
12;2025-11-29;4;2
12;2025-11-29;5;224
12;2025-11-29;6;733
12;2025-11-29;7;863
12;2025-11-29;8;964
12;2025-11-29;9;1153
12;2025-11-29;10;1526
12;2025-11-29;11;1460
12;2025-11-29;12;1580
12;2025-11-29;13;1867
12;2025-11-29;14;1472
12;2025-11-29;15;1522
12;2025-11-29;16;1773
12;2025-11-29;17;1731
12;2025-11-29;18;1531
12;2025-11-29;19;1412
12;2025-11-29;20;1177
12;2025-11-29;21;823
12;2025-11-29;22;390
12;2025-11-29;23;325
12;2025-11-30;0;100
12;2025-11-30;1;5
12;2025-11-30;2;0
12;2025-11-30;3;0
12;2025-11-30;4;1
12;2025-11-30;5;111
12;2025-11-30;6;518
12;2025-11-30;7;746
12;2025-11-30;8;774
12;2025-11-30;9;934
12;2025-11-30;10;1218
12;2025-11-30;11;1344
12;2025-11-30;12;1420
12;2025-11-30;13;1666
12;2025-11-30;14;1411
12;2025-11-30;15;1575
12;2025-11-30;16;1664
12;2025-11-30;17;1643
12;2025-11-30;18;1584
12;2025-11-30;19;1031
12;2025-11-30;20;846
12;2025-11-30;21;653
12;2025-11-30;22;509
12;2025-11-30;23;208
12;2025-12-01;0;52
12;2025-12-01;1;1
12;2025-12-01;2;0
12;2025-12-01;3;0
12;2025-12-01;4;7
12;2025-12-01;5;330
12;2025-12-01;6;1446
12;2025-12-01;7;2772
12;2025-12-01;8;3542
12;2025-12-01;9;2619
12;2025-12-01;10;2137
12;2025-12-01;11;2036
12;2025-12-01;12;2081
12;2025-12-01;13;2100
12;2025-12-01;14;2041
12;2025-12-01;15;2343
12;2025-12-01;16;2828
12;2025-12-01;17;3069
12;2025-12-01;18;3174
12;2025-12-01;19;2341
12;2025-12-01;20;1546
12;2025-12-01;21;964
12;2025-12-01;22;472
12;2025-12-01;23;264
12;2025-12-02;0;52
12;2025-12-02;1;1
12;2025-12-02;2;0
12;2025-12-02;3;0
12;2025-12-02;4;7
12;2025-12-02;5;330
12;2025-12-02;6;1446
12;2025-12-02;7;2772
12;2025-12-02;8;3542
12;2025-12-02;9;2619
12;2025-12-02;10;2137
12;2025-12-02;11;2036
12;2025-12-02;12;2081
12;2025-12-02;13;2100
12;2025-12-02;14;2041
12;2025-12-02;15;2343
12;2025-12-02;16;2828
12;2025-12-02;17;3069
12;2025-12-02;18;3174
12;2025-12-02;19;2341
12;2025-12-02;20;1546
12;2025-12-02;21;964
12;2025-12-02;22;472
12;2025-12-02;23;264
12;2025-12-03;0;52
12;2025-12-03;1;1
12;2025-12-03;2;0
12;2025-12-03;3;0
12;2025-12-03;4;7
12;2025-12-03;5;330
12;2025-12-03;6;1446
12;2025-12-03;7;2772
12;2025-12-03;8;3542
12;2025-12-03;9;2619
12;2025-12-03;10;2137
12;2025-12-03;11;2036
12;2025-12-03;12;2081
12;2025-12-03;13;2100
12;2025-12-03;14;2041
12;2025-12-03;15;2343
12;2025-12-03;16;2828
12;2025-12-03;17;3069
12;2025-12-03;18;3174
12;2025-12-03;19;2341
12;2025-12-03;20;1546
12;2025-12-03;21;964
12;2025-12-03;22;472
12;2025-12-03;23;264
12;2025-12-04;0;52
12;2025-12-04;1;1
12;2025-12-04;2;0
12;2025-12-04;3;0
12;2025-12-04;4;7
12;2025-12-04;5;330
12;2025-12-04;6;1446
12;2025-12-04;7;2772
12;2025-12-04;8;3542
12;2025-12-04;9;2619
12;2025-12-04;10;2137
12;2025-12-04;11;2036
12;2025-12-04;12;2081
12;2025-12-04;13;2100
12;2025-12-04;14;2041
12;2025-12-04;15;2343
12;2025-12-04;16;2828
12;2025-12-04;17;3069
12;2025-12-04;18;3174
12;2025-12-04;19;2341
12;2025-12-04;20;1546
12;2025-12-04;21;964
12;2025-12-04;22;472
12;2025-12-04;23;264
12;2025-12-05;0;52
12;2025-12-05;1;1
12;2025-12-05;2;0
12;2025-12-05;3;0
12;2025-12-05;4;7
12;2025-12-05;5;330
12;2025-12-05;6;1446
12;2025-12-05;7;2772
12;2025-12-05;8;3542
12;2025-12-05;9;2619
12;2025-12-05;10;2137
12;2025-12-05;11;2036
12;2025-12-05;12;2081
12;2025-12-05;13;2100
12;2025-12-05;14;2041
12;2025-12-05;15;2343
12;2025-12-05;16;2828
12;2025-12-05;17;3069
12;2025-12-05;18;3174
12;2025-12-05;19;2341
12;2025-12-05;20;1546
12;2025-12-05;21;964
12;2025-12-05;22;472
12;2025-12-05;23;264
12;2025-12-06;0;77
12;2025-12-06;1;0
12;2025-12-06;2;0
12;2025-12-06;3;0
12;2025-12-06;4;2
12;2025-12-06;5;231
12;2025-12-06;6;756
12;2025-12-06;7;890
12;2025-12-06;8;994
12;2025-12-06;9;1189
12;2025-12-06;10;1574
12;2025-12-06;11;1505
12;2025-12-06;12;1629
12;2025-12-06;13;1925
12;2025-12-06;14;1518
12;2025-12-06;15;1569
12;2025-12-06;16;1828
12;2025-12-06;17;1785
12;2025-12-06;18;1579
12;2025-12-06;19;1456
12;2025-12-06;20;1214
12;2025-12-06;21;849
12;2025-12-06;22;402
12;2025-12-06;23;335
12;2025-12-07;0;103
12;2025-12-07;1;5
12;2025-12-07;2;0
12;2025-12-07;3;0
12;2025-12-07;4;1
12;2025-12-07;5;115
12;2025-12-07;6;535
12;2025-12-07;7;769
12;2025-12-07;8;798
12;2025-12-07;9;963
12;2025-12-07;10;1256
12;2025-12-07;11;1385
12;2025-12-07;12;1464
12;2025-12-07;13;1718
12;2025-12-07;14;1455
12;2025-12-07;15;1624
12;2025-12-07;16;1716
12;2025-12-07;17;1695
12;2025-12-07;18;1634
12;2025-12-07;19;1063
12;2025-12-07;20;873
12;2025-12-07;21;673
12;2025-12-07;22;525
12;2025-12-07;23;214
12;2025-12-08;0;52
12;2025-12-08;1;1
12;2025-12-08;2;0
12;2025-12-08;3;0
12;2025-12-08;4;7
12;2025-12-08;5;330
12;2025-12-08;6;1446
12;2025-12-08;7;2772
12;2025-12-08;8;3542
12;2025-12-08;9;2619
12;2025-12-08;10;2137
12;2025-12-08;11;2036
12;2025-12-08;12;2081
12;2025-12-08;13;2100
12;2025-12-08;14;2041
12;2025-12-08;15;2343
12;2025-12-08;16;2828
12;2025-12-08;17;3069
12;2025-12-08;18;3174
12;2025-12-08;19;2341
12;2025-12-08;20;1546
12;2025-12-08;21;964
12;2025-12-08;22;472
12;2025-12-08;23;264
12;2025-12-09;0;52
12;2025-12-09;1;1
12;2025-12-09;2;0
12;2025-12-09;3;0
12;2025-12-09;4;7
12;2025-12-09;5;330
12;2025-12-09;6;1446
12;2025-12-09;7;2772
12;2025-12-09;8;3542
12;2025-12-09;9;2619
12;2025-12-09;10;2137
12;2025-12-09;11;2036
12;2025-12-09;12;2081
12;2025-12-09;13;2100
12;2025-12-09;14;2041
12;2025-12-09;15;2343
12;2025-12-09;16;2828
12;2025-12-09;17;3069
12;2025-12-09;18;3174
12;2025-12-09;19;2341
12;2025-12-09;20;1546
12;2025-12-09;21;964
12;2025-12-09;22;472
12;2025-12-09;23;264
12;2025-12-10;0;52
12;2025-12-10;1;1
12;2025-12-10;2;0
12;2025-12-10;3;0
12;2025-12-10;4;7
12;2025-12-10;5;330
12;2025-12-10;6;1446
12;2025-12-10;7;2772
12;2025-12-10;8;3542
12;2025-12-10;9;2619
12;2025-12-10;10;2137
12;2025-12-10;11;2036
12;2025-12-10;12;2081
12;2025-12-10;13;2100
12;2025-12-10;14;2041
12;2025-12-10;15;2343
12;2025-12-10;16;2828
12;2025-12-10;17;3069
12;2025-12-10;18;3174
12;2025-12-10;19;2341
12;2025-12-10;20;1546
12;2025-12-10;21;964
12;2025-12-10;22;472
12;2025-12-10;23;264
12;2025-12-11;0;52
12;2025-12-11;1;1
12;2025-12-11;2;0
12;2025-12-11;3;0
12;2025-12-11;4;7
12;2025-12-11;5;330
12;2025-12-11;6;1446
12;2025-12-11;7;2772
12;2025-12-11;8;3542
12;2025-12-11;9;2619
12;2025-12-11;10;2137
12;2025-12-11;11;2036
12;2025-12-11;12;2081
12;2025-12-11;13;2100
12;2025-12-11;14;2041
12;2025-12-11;15;2343
12;2025-12-11;16;2828
12;2025-12-11;17;3069
12;2025-12-11;18;3174
12;2025-12-11;19;2341
12;2025-12-11;20;1546
12;2025-12-11;21;964
12;2025-12-11;22;472
12;2025-12-11;23;264
12;2025-12-12;0;52
12;2025-12-12;1;1
12;2025-12-12;2;0
12;2025-12-12;3;0
12;2025-12-12;4;7
12;2025-12-12;5;330
12;2025-12-12;6;1446
12;2025-12-12;7;2772
12;2025-12-12;8;3542
12;2025-12-12;9;2619
12;2025-12-12;10;2137
12;2025-12-12;11;2036
12;2025-12-12;12;2081
12;2025-12-12;13;2100
12;2025-12-12;14;2041
12;2025-12-12;15;2343
12;2025-12-12;16;2828
12;2025-12-12;17;3069
12;2025-12-12;18;3174
12;2025-12-12;19;2341
12;2025-12-12;20;1546
12;2025-12-12;21;964
12;2025-12-12;22;472
12;2025-12-12;23;264
12;2025-12-13;0;77
12;2025-12-13;1;0
12;2025-12-13;2;0
12;2025-12-13;3;0
12;2025-12-13;4;2
12;2025-12-13;5;231
12;2025-12-13;6;756
12;2025-12-13;7;890
12;2025-12-13;8;994
12;2025-12-13;9;1189
12;2025-12-13;10;1574
12;2025-12-13;11;1505
12;2025-12-13;12;1629
12;2025-12-13;13;1925
12;2025-12-13;14;1518
12;2025-12-13;15;1569
12;2025-12-13;16;1828
12;2025-12-13;17;1785
12;2025-12-13;18;1579
12;2025-12-13;19;1456
12;2025-12-13;20;1214
12;2025-12-13;21;849
12;2025-12-13;22;402
12;2025-12-13;23;335
12;2025-12-14;0;103
12;2025-12-14;1;5
12;2025-12-14;2;0
12;2025-12-14;3;0
12;2025-12-14;4;1
12;2025-12-14;5;115
12;2025-12-14;6;535
12;2025-12-14;7;769
12;2025-12-14;8;798
12;2025-12-14;9;963
12;2025-12-14;10;1256
12;2025-12-14;11;1385
12;2025-12-14;12;1464
12;2025-12-14;13;1718
12;2025-12-14;14;1455
12;2025-12-14;15;1624
12;2025-12-14;16;1716
12;2025-12-14;17;1695
12;2025-12-14;18;1634
12;2025-12-14;19;1063
12;2025-12-14;20;873
12;2025-12-14;21;673
12;2025-12-14;22;525
12;2025-12-14;23;214
12;2025-12-15;0;52
12;2025-12-15;1;1
12;2025-12-15;2;0
12;2025-12-15;3;0
12;2025-12-15;4;7
12;2025-12-15;5;330
12;2025-12-15;6;1446
12;2025-12-15;7;2772
12;2025-12-15;8;3542
12;2025-12-15;9;2619
12;2025-12-15;10;2137
12;2025-12-15;11;2036
12;2025-12-15;12;2081
12;2025-12-15;13;2100
12;2025-12-15;14;2041
12;2025-12-15;15;2343
12;2025-12-15;16;2828
12;2025-12-15;17;3069
12;2025-12-15;18;3174
12;2025-12-15;19;2341
12;2025-12-15;20;1546
12;2025-12-15;21;964
12;2025-12-15;22;472
12;2025-12-15;23;264
12;2025-12-16;0;52
12;2025-12-16;1;1
12;2025-12-16;2;0
12;2025-12-16;3;0
12;2025-12-16;4;7
12;2025-12-16;5;330
12;2025-12-16;6;1446
12;2025-12-16;7;2772
12;2025-12-16;8;3542
12;2025-12-16;9;2619
12;2025-12-16;10;2137
12;2025-12-16;11;2036
12;2025-12-16;12;2081
12;2025-12-16;13;2100
12;2025-12-16;14;2041
12;2025-12-16;15;2343
12;2025-12-16;16;2828
12;2025-12-16;17;3069
12;2025-12-16;18;3174
12;2025-12-16;19;2341
12;2025-12-16;20;1546
12;2025-12-16;21;964
12;2025-12-16;22;472
12;2025-12-16;23;264
12;2025-12-17;0;52
12;2025-12-17;1;1
12;2025-12-17;2;0
12;2025-12-17;3;0
12;2025-12-17;4;7
12;2025-12-17;5;330
12;2025-12-17;6;1446
12;2025-12-17;7;2772
12;2025-12-17;8;3542
12;2025-12-17;9;2619
12;2025-12-17;10;2137
12;2025-12-17;11;2036
12;2025-12-17;12;2081
12;2025-12-17;13;2100
12;2025-12-17;14;2041
12;2025-12-17;15;2343
12;2025-12-17;16;2828
12;2025-12-17;17;3069
12;2025-12-17;18;3174
12;2025-12-17;19;2341
12;2025-12-17;20;1546
12;2025-12-17;21;964
12;2025-12-17;22;472
12;2025-12-17;23;264
12;2025-12-18;0;52
12;2025-12-18;1;1
12;2025-12-18;2;0
12;2025-12-18;3;0
12;2025-12-18;4;7
12;2025-12-18;5;330
12;2025-12-18;6;1446
12;2025-12-18;7;2772
12;2025-12-18;8;3542
12;2025-12-18;9;2619
12;2025-12-18;10;2137
12;2025-12-18;11;2036
12;2025-12-18;12;2081
12;2025-12-18;13;2100
12;2025-12-18;14;2041
12;2025-12-18;15;2343
12;2025-12-18;16;2828
12;2025-12-18;17;3069
12;2025-12-18;18;3174
12;2025-12-18;19;2341
12;2025-12-18;20;1546
12;2025-12-18;21;964
12;2025-12-18;22;472
12;2025-12-18;23;264
12;2025-12-19;0;52
12;2025-12-19;1;1
12;2025-12-19;2;0
12;2025-12-19;3;0
12;2025-12-19;4;7
12;2025-12-19;5;330
12;2025-12-19;6;1446
12;2025-12-19;7;2772
12;2025-12-19;8;3542
12;2025-12-19;9;2619
12;2025-12-19;10;2137
12;2025-12-19;11;2036
12;2025-12-19;12;2081
12;2025-12-19;13;2100
12;2025-12-19;14;2041
12;2025-12-19;15;2343
12;2025-12-19;16;2828
12;2025-12-19;17;3069
12;2025-12-19;18;3174
12;2025-12-19;19;2341
12;2025-12-19;20;1546
12;2025-12-19;21;964
12;2025-12-19;22;472
12;2025-12-19;23;264
12;2025-12-20;0;77
12;2025-12-20;1;0
12;2025-12-20;2;0
12;2025-12-20;3;0
12;2025-12-20;4;2
12;2025-12-20;5;231
12;2025-12-20;6;756
12;2025-12-20;7;890
12;2025-12-20;8;994
12;2025-12-20;9;1189
12;2025-12-20;10;1574
12;2025-12-20;11;1505
12;2025-12-20;12;1629
12;2025-12-20;13;1925
12;2025-12-20;14;1518
12;2025-12-20;15;1569
12;2025-12-20;16;1828
12;2025-12-20;17;1785
12;2025-12-20;18;1579
12;2025-12-20;19;1456
12;2025-12-20;20;1214
12;2025-12-20;21;849
12;2025-12-20;22;402
12;2025-12-20;23;335
12;2025-12-21;0;103
12;2025-12-21;1;5
12;2025-12-21;2;0
12;2025-12-21;3;0
12;2025-12-21;4;1
12;2025-12-21;5;115
12;2025-12-21;6;535
12;2025-12-21;7;769
12;2025-12-21;8;798
12;2025-12-21;9;963
12;2025-12-21;10;1256
12;2025-12-21;11;1385
12;2025-12-21;12;1464
12;2025-12-21;13;1718
12;2025-12-21;14;1455
12;2025-12-21;15;1624
12;2025-12-21;16;1716
12;2025-12-21;17;1695
12;2025-12-21;18;1634
12;2025-12-21;19;1063
12;2025-12-21;20;873
12;2025-12-21;21;673
12;2025-12-21;22;525
12;2025-12-21;23;214
12;2025-12-22;0;52
12;2025-12-22;1;1
12;2025-12-22;2;0
12;2025-12-22;3;0
12;2025-12-22;4;7
12;2025-12-22;5;330
12;2025-12-22;6;1446
12;2025-12-22;7;2772
12;2025-12-22;8;3542
12;2025-12-22;9;2619
12;2025-12-22;10;2137
12;2025-12-22;11;2036
12;2025-12-22;12;2081
12;2025-12-22;13;2100
12;2025-12-22;14;2041
12;2025-12-22;15;2343
12;2025-12-22;16;2828
12;2025-12-22;17;3069
12;2025-12-22;18;3174
12;2025-12-22;19;2341
12;2025-12-22;20;1546
12;2025-12-22;21;964
12;2025-12-22;22;472
12;2025-12-22;23;264
12;2025-12-23;0;52
12;2025-12-23;1;1
12;2025-12-23;2;0
12;2025-12-23;3;0
12;2025-12-23;4;7
12;2025-12-23;5;330
12;2025-12-23;6;1446
12;2025-12-23;7;2772
12;2025-12-23;8;3542
12;2025-12-23;9;2619
12;2025-12-23;10;2137
12;2025-12-23;11;2036
12;2025-12-23;12;2081
12;2025-12-23;13;2100
12;2025-12-23;14;2041
12;2025-12-23;15;2343
12;2025-12-23;16;2828
12;2025-12-23;17;3069
12;2025-12-23;18;3174
12;2025-12-23;19;2341
12;2025-12-23;20;1546
12;2025-12-23;21;964
12;2025-12-23;22;472
12;2025-12-23;23;264
12;2025-12-24;0;52
12;2025-12-24;1;1
12;2025-12-24;2;0
12;2025-12-24;3;0
12;2025-12-24;4;7
12;2025-12-24;5;330
12;2025-12-24;6;1446
12;2025-12-24;7;2772
12;2025-12-24;8;3542
12;2025-12-24;9;2619
12;2025-12-24;10;2137
12;2025-12-24;11;2036
12;2025-12-24;12;2081
12;2025-12-24;13;2100
12;2025-12-24;14;2041
12;2025-12-24;15;2343
12;2025-12-24;16;2828
12;2025-12-24;17;3069
12;2025-12-24;18;3174
12;2025-12-24;19;2341
12;2025-12-24;20;1546
12;2025-12-24;21;964
12;2025-12-24;22;472
12;2025-12-24;23;264
12;2025-12-25;0;52
12;2025-12-25;1;1
12;2025-12-25;2;0
12;2025-12-25;3;0
12;2025-12-25;4;7
12;2025-12-25;5;330
12;2025-12-25;6;1446
12;2025-12-25;7;2772
12;2025-12-25;8;3542
12;2025-12-25;9;2619
12;2025-12-25;10;2137
12;2025-12-25;11;2036
12;2025-12-25;12;2081
12;2025-12-25;13;2100
12;2025-12-25;14;2041
12;2025-12-25;15;2343
12;2025-12-25;16;2828
12;2025-12-25;17;3069
12;2025-12-25;18;3174
12;2025-12-25;19;2341
12;2025-12-25;20;1546
12;2025-12-25;21;964
12;2025-12-25;22;472
12;2025-12-25;23;264
12;2025-12-26;0;52
12;2025-12-26;1;1
12;2025-12-26;2;0
12;2025-12-26;3;0
12;2025-12-26;4;7
12;2025-12-26;5;330
12;2025-12-26;6;1446
12;2025-12-26;7;2772
12;2025-12-26;8;3542
12;2025-12-26;9;2619
12;2025-12-26;10;2137
12;2025-12-26;11;2036
12;2025-12-26;12;2081
12;2025-12-26;13;2100
12;2025-12-26;14;2041
12;2025-12-26;15;2343
12;2025-12-26;16;2828
12;2025-12-26;17;3069
12;2025-12-26;18;3174
12;2025-12-26;19;2341
12;2025-12-26;20;1546
12;2025-12-26;21;964
12;2025-12-26;22;472
12;2025-12-26;23;264
12;2025-12-27;0;77
12;2025-12-27;1;0
12;2025-12-27;2;0
12;2025-12-27;3;0
12;2025-12-27;4;2
12;2025-12-27;5;231
12;2025-12-27;6;756
12;2025-12-27;7;890
12;2025-12-27;8;994
12;2025-12-27;9;1189
12;2025-12-27;10;1574
12;2025-12-27;11;1505
12;2025-12-27;12;1629
12;2025-12-27;13;1925
12;2025-12-27;14;1518
12;2025-12-27;15;1569
12;2025-12-27;16;1828
12;2025-12-27;17;1785
12;2025-12-27;18;1579
12;2025-12-27;19;1456
12;2025-12-27;20;1214
12;2025-12-27;21;849
12;2025-12-27;22;402
12;2025-12-27;23;335
12;2025-12-28;0;103
12;2025-12-28;1;5
12;2025-12-28;2;0
12;2025-12-28;3;0
12;2025-12-28;4;1
12;2025-12-28;5;115
12;2025-12-28;6;535
12;2025-12-28;7;769
12;2025-12-28;8;798
12;2025-12-28;9;963
12;2025-12-28;10;1256
12;2025-12-28;11;1385
12;2025-12-28;12;1464
12;2025-12-28;13;1718
12;2025-12-28;14;1455
12;2025-12-28;15;1624
12;2025-12-28;16;1716
12;2025-12-28;17;1695
12;2025-12-28;18;1634
12;2025-12-28;19;1063
12;2025-12-28;20;873
12;2025-12-28;21;673
12;2025-12-28;22;525
12;2025-12-28;23;214
12;2025-12-29;0;44
12;2025-12-29;1;1
12;2025-12-29;2;0
12;2025-12-29;3;0
12;2025-12-29;4;6
12;2025-12-29;5;280
12;2025-12-29;6;1229
12;2025-12-29;7;2356
12;2025-12-29;8;3011
12;2025-12-29;9;2226
12;2025-12-29;10;1817
12;2025-12-29;11;1730
12;2025-12-29;12;1769
12;2025-12-29;13;1785
12;2025-12-29;14;1735
12;2025-12-29;15;1991
12;2025-12-29;16;2404
12;2025-12-29;17;2608
12;2025-12-29;18;2698
12;2025-12-29;19;1990
12;2025-12-29;20;1314
12;2025-12-29;21;819
12;2025-12-29;22;402
12;2025-12-29;23;224
12;2025-12-30;0;44
12;2025-12-30;1;1
12;2025-12-30;2;0
12;2025-12-30;3;0
12;2025-12-30;4;6
12;2025-12-30;5;280
12;2025-12-30;6;1229
12;2025-12-30;7;2356
12;2025-12-30;8;3011
12;2025-12-30;9;2226
12;2025-12-30;10;1817
12;2025-12-30;11;1730
12;2025-12-30;12;1769
12;2025-12-30;13;1785
12;2025-12-30;14;1735
12;2025-12-30;15;1991
12;2025-12-30;16;2404
12;2025-12-30;17;2608
12;2025-12-30;18;2698
12;2025-12-30;19;1990
12;2025-12-30;20;1314
12;2025-12-30;21;819
12;2025-12-30;22;402
12;2025-12-30;23;224
12;2025-12-31;0;88
12;2025-12-31;1;4
12;2025-12-31;2;0
12;2025-12-31;3;0
12;2025-12-31;4;1
12;2025-12-31;5;98
12;2025-12-31;6;457
12;2025-12-31;7;658
12;2025-12-31;8;682
12;2025-12-31;9;823
12;2025-12-31;10;1074
12;2025-12-31;11;1185
12;2025-12-31;12;1252
12;2025-12-31;13;1469
12;2025-12-31;14;1244
12;2025-12-31;15;1389
12;2025-12-31;16;1467
12;2025-12-31;17;1449
12;2025-12-31;18;1397
12;2025-12-31;19;909
12;2025-12-31;20;0
12;2025-12-31;21;0
12;2025-12-31;22;0
12;2025-12-31;23;0
17;2025-11-01;0;104
17;2025-11-01;1;9
17;2025-11-01;2;0
17;2025-11-01;3;0
17;2025-11-01;4;21
17;2025-11-01;5;257
17;2025-11-01;6;1296
17;2025-11-01;7;3327
17;2025-11-01;8;4525
17;2025-11-01;9;3290
17;2025-11-01;10;2630
17;2025-11-01;11;2612
17;2025-11-01;12;2596
17;2025-11-01;13;2702
17;2025-11-01;14;2785
17;2025-11-01;15;2752
17;2025-11-01;16;3153
17;2025-11-01;17;3812
17;2025-11-01;18;3956
17;2025-11-01;19;2762
17;2025-11-01;20;1995
17;2025-11-01;21;1239
17;2025-11-01;22;577
17;2025-11-01;23;334
17;2025-11-02;0;163
17;2025-11-02;1;18
17;2025-11-02;2;0
17;2025-11-02;3;0
17;2025-11-02;4;4
17;2025-11-02;5;116
17;2025-11-02;6;432
17;2025-11-02;7;788
17;2025-11-02;8;1132
17;2025-11-02;9;1672
17;2025-11-02;10;1900
17;2025-11-02;11;2494
17;2025-11-02;12;2971
17;2025-11-02;13;3213
17;2025-11-02;14;3178
17;2025-11-02;15;3094
17;2025-11-02;16;2982
17;2025-11-02;17;2938
17;2025-11-02;18;2575
17;2025-11-02;19;2038
17;2025-11-02;20;1577
17;2025-11-02;21;1084
17;2025-11-02;22;605
17;2025-11-02;23;326
17;2025-11-03;0;155
17;2025-11-03;1;17
17;2025-11-03;2;0
17;2025-11-03;3;0
17;2025-11-03;4;4
17;2025-11-03;5;110
17;2025-11-03;6;411
17;2025-11-03;7;749
17;2025-11-03;8;1075
17;2025-11-03;9;1588
17;2025-11-03;10;1805
17;2025-11-03;11;2369
17;2025-11-03;12;2822
17;2025-11-03;13;3052
17;2025-11-03;14;3019
17;2025-11-03;15;2940
17;2025-11-03;16;2833
17;2025-11-03;17;2791
17;2025-11-03;18;2446
17;2025-11-03;19;1937
17;2025-11-03;20;1498
17;2025-11-03;21;1030
17;2025-11-03;22;574
17;2025-11-03;23;310
17;2025-11-04;0;155
17;2025-11-04;1;17
17;2025-11-04;2;0
17;2025-11-04;3;0
17;2025-11-04;4;4
17;2025-11-04;5;110
17;2025-11-04;6;411
17;2025-11-04;7;749
17;2025-11-04;8;1075
17;2025-11-04;9;1588
17;2025-11-04;10;1805
17;2025-11-04;11;2369
17;2025-11-04;12;2822
17;2025-11-04;13;3052
17;2025-11-04;14;3019
17;2025-11-04;15;2940
17;2025-11-04;16;2833
17;2025-11-04;17;2791
17;2025-11-04;18;2446
17;2025-11-04;19;1937
17;2025-11-04;20;1498
17;2025-11-04;21;1030
17;2025-11-04;22;574
17;2025-11-04;23;310
17;2025-11-05;0;122
17;2025-11-05;1;10
17;2025-11-05;2;0
17;2025-11-05;3;0
17;2025-11-05;4;25
17;2025-11-05;5;302
17;2025-11-05;6;1525
17;2025-11-05;7;3915
17;2025-11-05;8;5323
17;2025-11-05;9;3870
17;2025-11-05;10;3094
17;2025-11-05;11;3073
17;2025-11-05;12;3054
17;2025-11-05;13;3179
17;2025-11-05;14;3277
17;2025-11-05;15;3238
17;2025-11-05;16;3709
17;2025-11-05;17;4485
17;2025-11-05;18;4655
17;2025-11-05;19;3250
17;2025-11-05;20;2347
17;2025-11-05;21;1458
17;2025-11-05;22;679
17;2025-11-05;23;393
17;2025-11-06;0;122
17;2025-11-06;1;10
17;2025-11-06;2;0
17;2025-11-06;3;0
17;2025-11-06;4;25
17;2025-11-06;5;302
17;2025-11-06;6;1525
17;2025-11-06;7;3915
17;2025-11-06;8;5323
17;2025-11-06;9;3870
17;2025-11-06;10;3094
17;2025-11-06;11;3073
17;2025-11-06;12;3054
17;2025-11-06;13;3179
17;2025-11-06;14;3277
17;2025-11-06;15;3238
17;2025-11-06;16;3709
17;2025-11-06;17;4485
17;2025-11-06;18;4655
17;2025-11-06;19;3250
17;2025-11-06;20;2347
17;2025-11-06;21;1458
17;2025-11-06;22;679
17;2025-11-06;23;393
17;2025-11-07;0;122
17;2025-11-07;1;10
17;2025-11-07;2;0
17;2025-11-07;3;0
17;2025-11-07;4;25
17;2025-11-07;5;302
17;2025-11-07;6;1525
17;2025-11-07;7;3915
17;2025-11-07;8;5323
17;2025-11-07;9;3870
17;2025-11-07;10;3094
17;2025-11-07;11;3073
17;2025-11-07;12;3054
17;2025-11-07;13;3179
17;2025-11-07;14;3277
17;2025-11-07;15;3238
17;2025-11-07;16;3709
17;2025-11-07;17;4485
17;2025-11-07;18;4655
17;2025-11-07;19;3250
17;2025-11-07;20;2347
17;2025-11-07;21;1458
17;2025-11-07;22;679
17;2025-11-07;23;393
17;2025-11-08;0;211
17;2025-11-08;1;20
17;2025-11-08;2;0
17;2025-11-08;3;0
17;2025-11-08;4;7
17;2025-11-08;5;152
17;2025-11-08;6;579
17;2025-11-08;7;1247
17;2025-11-08;8;1757
17;2025-11-08;9;2181
17;2025-11-08;10;2472
17;2025-11-08;11;2940
17;2025-11-08;12;3257
17;2025-11-08;13;3543
17;2025-11-08;14;3386
17;2025-11-08;15;3388
17;2025-11-08;16;3519
17;2025-11-08;17;3024
17;2025-11-08;18;2466
17;2025-11-08;19;2154
17;2025-11-08;20;1781
17;2025-11-08;21;1212
17;2025-11-08;22;660
17;2025-11-08;23;420
17;2025-11-09;0;163
17;2025-11-09;1;18
17;2025-11-09;2;0
17;2025-11-09;3;0
17;2025-11-09;4;4
17;2025-11-09;5;116
17;2025-11-09;6;432
17;2025-11-09;7;788
17;2025-11-09;8;1132
17;2025-11-09;9;1672
17;2025-11-09;10;1900
17;2025-11-09;11;2494
17;2025-11-09;12;2971
17;2025-11-09;13;3213
17;2025-11-09;14;3178
17;2025-11-09;15;3094
17;2025-11-09;16;2982
17;2025-11-09;17;2938
17;2025-11-09;18;2575
17;2025-11-09;19;2038
17;2025-11-09;20;1577
17;2025-11-09;21;1084
17;2025-11-09;22;605
17;2025-11-09;23;326
17;2025-11-10;0;122
17;2025-11-10;1;10
17;2025-11-10;2;0
17;2025-11-10;3;0
17;2025-11-10;4;25
17;2025-11-10;5;302
17;2025-11-10;6;1525
17;2025-11-10;7;3915
17;2025-11-10;8;5323
17;2025-11-10;9;3870
17;2025-11-10;10;3094
17;2025-11-10;11;3073
17;2025-11-10;12;3054
17;2025-11-10;13;3179
17;2025-11-10;14;3277
17;2025-11-10;15;3238
17;2025-11-10;16;3709
17;2025-11-10;17;4485
17;2025-11-10;18;4655
17;2025-11-10;19;3250
17;2025-11-10;20;2347
17;2025-11-10;21;1458
17;2025-11-10;22;679
17;2025-11-10;23;393
17;2025-11-11;0;122
17;2025-11-11;1;10
17;2025-11-11;2;0
17;2025-11-11;3;0
17;2025-11-11;4;25
17;2025-11-11;5;302
17;2025-11-11;6;1525
17;2025-11-11;7;3915
17;2025-11-11;8;5323
17;2025-11-11;9;3870
17;2025-11-11;10;3094
17;2025-11-11;11;3073
17;2025-11-11;12;3054
17;2025-11-11;13;3179
17;2025-11-11;14;3277
17;2025-11-11;15;3238
17;2025-11-11;16;3709
17;2025-11-11;17;4485
17;2025-11-11;18;4655
17;2025-11-11;19;3250
17;2025-11-11;20;2347
17;2025-11-11;21;1458
17;2025-11-11;22;679
17;2025-11-11;23;393
17;2025-11-12;0;122
17;2025-11-12;1;10
17;2025-11-12;2;0
17;2025-11-12;3;0
17;2025-11-12;4;25
17;2025-11-12;5;302
17;2025-11-12;6;1525
17;2025-11-12;7;3915
17;2025-11-12;8;5323
17;2025-11-12;9;3870
17;2025-11-12;10;3094
17;2025-11-12;11;3073
17;2025-11-12;12;3054
17;2025-11-12;13;3179
17;2025-11-12;14;3277
17;2025-11-12;15;3238
17;2025-11-12;16;3709
17;2025-11-12;17;4485
17;2025-11-12;18;4655
17;2025-11-12;19;3250
17;2025-11-12;20;2347
17;2025-11-12;21;1458
17;2025-11-12;22;679
17;2025-11-12;23;393
17;2025-11-13;0;122
17;2025-11-13;1;10
17;2025-11-13;2;0
17;2025-11-13;3;0
17;2025-11-13;4;25
17;2025-11-13;5;302
17;2025-11-13;6;1525
17;2025-11-13;7;3915
17;2025-11-13;8;5323
17;2025-11-13;9;3870
17;2025-11-13;10;3094
17;2025-11-13;11;3073
17;2025-11-13;12;3054
17;2025-11-13;13;3179
17;2025-11-13;14;3277
17;2025-11-13;15;3238
17;2025-11-13;16;3709
17;2025-11-13;17;4485
17;2025-11-13;18;4655
17;2025-11-13;19;3250
17;2025-11-13;20;2347
17;2025-11-13;21;1458
17;2025-11-13;22;679
17;2025-11-13;23;393
17;2025-11-14;0;122
17;2025-11-14;1;10
17;2025-11-14;2;0
17;2025-11-14;3;0
17;2025-11-14;4;25
17;2025-11-14;5;302
17;2025-11-14;6;1525
17;2025-11-14;7;3915
17;2025-11-14;8;5323
17;2025-11-14;9;3870
17;2025-11-14;10;3094
17;2025-11-14;11;3073
17;2025-11-14;12;3054
17;2025-11-14;13;3179
17;2025-11-14;14;3277
17;2025-11-14;15;3238
17;2025-11-14;16;3709
17;2025-11-14;17;4485
17;2025-11-14;18;4655
17;2025-11-14;19;3250
17;2025-11-14;20;2347
17;2025-11-14;21;1458
17;2025-11-14;22;679
17;2025-11-14;23;393
17;2025-11-15;0;211
17;2025-11-15;1;20
17;2025-11-15;2;0
17;2025-11-15;3;0
17;2025-11-15;4;7
17;2025-11-15;5;152
17;2025-11-15;6;579
17;2025-11-15;7;1247
17;2025-11-15;8;1757
17;2025-11-15;9;2181
17;2025-11-15;10;2472
17;2025-11-15;11;2940
17;2025-11-15;12;3257
17;2025-11-15;13;3543
17;2025-11-15;14;3386
17;2025-11-15;15;3388
17;2025-11-15;16;3519
17;2025-11-15;17;3024
17;2025-11-15;18;2466
17;2025-11-15;19;2154
17;2025-11-15;20;1781
17;2025-11-15;21;1212
17;2025-11-15;22;660
17;2025-11-15;23;420
17;2025-11-16;0;163
17;2025-11-16;1;18
17;2025-11-16;2;0
17;2025-11-16;3;0
17;2025-11-16;4;4
17;2025-11-16;5;116
17;2025-11-16;6;432
17;2025-11-16;7;788
17;2025-11-16;8;1132
17;2025-11-16;9;1672
17;2025-11-16;10;1900
17;2025-11-16;11;2494
17;2025-11-16;12;2971
17;2025-11-16;13;3213
17;2025-11-16;14;3178
17;2025-11-16;15;3094
17;2025-11-16;16;2982
17;2025-11-16;17;2938
17;2025-11-16;18;2575
17;2025-11-16;19;2038
17;2025-11-16;20;1577
17;2025-11-16;21;1084
17;2025-11-16;22;605
17;2025-11-16;23;326
17;2025-11-17;0;122
17;2025-11-17;1;10
17;2025-11-17;2;0
17;2025-11-17;3;0
17;2025-11-17;4;25
17;2025-11-17;5;302
17;2025-11-17;6;1525
17;2025-11-17;7;3915
17;2025-11-17;8;5323
17;2025-11-17;9;3870
17;2025-11-17;10;3094
17;2025-11-17;11;3073
17;2025-11-17;12;3054
17;2025-11-17;13;3179
17;2025-11-17;14;3277
17;2025-11-17;15;3238
17;2025-11-17;16;3709
17;2025-11-17;17;4485
17;2025-11-17;18;4655
17;2025-11-17;19;3250
17;2025-11-17;20;2347
17;2025-11-17;21;1458
17;2025-11-17;22;679
17;2025-11-17;23;393
17;2025-11-18;0;122
17;2025-11-18;1;10
17;2025-11-18;2;0
17;2025-11-18;3;0
17;2025-11-18;4;25
17;2025-11-18;5;302
17;2025-11-18;6;1525
17;2025-11-18;7;3915
17;2025-11-18;8;5323
17;2025-11-18;9;3870
17;2025-11-18;10;3094
17;2025-11-18;11;3073
17;2025-11-18;12;3054
17;2025-11-18;13;3179
17;2025-11-18;14;3277
17;2025-11-18;15;3238
17;2025-11-18;16;3709
17;2025-11-18;17;4485
17;2025-11-18;18;4655
17;2025-11-18;19;3250
17;2025-11-18;20;2347
17;2025-11-18;21;1458
17;2025-11-18;22;679
17;2025-11-18;23;393
17;2025-11-19;0;122
17;2025-11-19;1;10
17;2025-11-19;2;0
17;2025-11-19;3;0
17;2025-11-19;4;25
17;2025-11-19;5;302
17;2025-11-19;6;1525
17;2025-11-19;7;3915
17;2025-11-19;8;5323
17;2025-11-19;9;3870
17;2025-11-19;10;3094
17;2025-11-19;11;3073
17;2025-11-19;12;3054
17;2025-11-19;13;3179
17;2025-11-19;14;3277
17;2025-11-19;15;3238
17;2025-11-19;16;3709
17;2025-11-19;17;4485
17;2025-11-19;18;4655
17;2025-11-19;19;3250
17;2025-11-19;20;2347
17;2025-11-19;21;1458
17;2025-11-19;22;679
17;2025-11-19;23;393
17;2025-11-20;0;122
17;2025-11-20;1;10
17;2025-11-20;2;0
17;2025-11-20;3;0
17;2025-11-20;4;25
17;2025-11-20;5;302
17;2025-11-20;6;1525
17;2025-11-20;7;3915
17;2025-11-20;8;5323
17;2025-11-20;9;3870
17;2025-11-20;10;3094
17;2025-11-20;11;3073
17;2025-11-20;12;3054
17;2025-11-20;13;3179
17;2025-11-20;14;3277
17;2025-11-20;15;3238
17;2025-11-20;16;3709
17;2025-11-20;17;4485
17;2025-11-20;18;4655
17;2025-11-20;19;3250
17;2025-11-20;20;2347
17;2025-11-20;21;1458
17;2025-11-20;22;679
17;2025-11-20;23;393
17;2025-11-21;0;122
17;2025-11-21;1;10
17;2025-11-21;2;0
17;2025-11-21;3;0
17;2025-11-21;4;25
17;2025-11-21;5;302
17;2025-11-21;6;1525
17;2025-11-21;7;3915
17;2025-11-21;8;5323
17;2025-11-21;9;3870
17;2025-11-21;10;3094
17;2025-11-21;11;3073
17;2025-11-21;12;3054
17;2025-11-21;13;3179
17;2025-11-21;14;3277
17;2025-11-21;15;3238
17;2025-11-21;16;3709
17;2025-11-21;17;4485
17;2025-11-21;18;4655
17;2025-11-21;19;3250
17;2025-11-21;20;2347
17;2025-11-21;21;1458
17;2025-11-21;22;679
17;2025-11-21;23;393
17;2025-11-22;0;211
17;2025-11-22;1;20
17;2025-11-22;2;0
17;2025-11-22;3;0
17;2025-11-22;4;7
17;2025-11-22;5;152
17;2025-11-22;6;579
17;2025-11-22;7;1247
17;2025-11-22;8;1757
17;2025-11-22;9;2181
17;2025-11-22;10;2472
17;2025-11-22;11;2940
17;2025-11-22;12;3257
17;2025-11-22;13;3543
17;2025-11-22;14;3386
17;2025-11-22;15;3388
17;2025-11-22;16;3519
17;2025-11-22;17;3024
17;2025-11-22;18;2466
17;2025-11-22;19;2154
17;2025-11-22;20;1781
17;2025-11-22;21;1212
17;2025-11-22;22;660
17;2025-11-22;23;420
17;2025-11-23;0;163
17;2025-11-23;1;18
17;2025-11-23;2;0
17;2025-11-23;3;0
17;2025-11-23;4;4
17;2025-11-23;5;116
17;2025-11-23;6;432
17;2025-11-23;7;788
17;2025-11-23;8;1132
17;2025-11-23;9;1672
17;2025-11-23;10;1900
17;2025-11-23;11;2494
17;2025-11-23;12;2971
17;2025-11-23;13;3213
17;2025-11-23;14;3178
17;2025-11-23;15;3094
17;2025-11-23;16;2982
17;2025-11-23;17;2938
17;2025-11-23;18;2575
17;2025-11-23;19;2038
17;2025-11-23;20;1577
17;2025-11-23;21;1084
17;2025-11-23;22;605
17;2025-11-23;23;326
17;2025-11-24;0;122
17;2025-11-24;1;10
17;2025-11-24;2;0
17;2025-11-24;3;0
17;2025-11-24;4;25
17;2025-11-24;5;302
17;2025-11-24;6;1525
17;2025-11-24;7;3915
17;2025-11-24;8;5323
17;2025-11-24;9;3870
17;2025-11-24;10;3094
17;2025-11-24;11;3073
17;2025-11-24;12;3054
17;2025-11-24;13;3179
17;2025-11-24;14;3277
17;2025-11-24;15;3238
17;2025-11-24;16;3709
17;2025-11-24;17;4485
17;2025-11-24;18;4655
17;2025-11-24;19;3250
17;2025-11-24;20;2347
17;2025-11-24;21;1458
17;2025-11-24;22;679
17;2025-11-24;23;393
17;2025-11-25;0;122
17;2025-11-25;1;10
17;2025-11-25;2;0
17;2025-11-25;3;0
17;2025-11-25;4;25
17;2025-11-25;5;302
17;2025-11-25;6;1525
17;2025-11-25;7;3915
17;2025-11-25;8;5323
17;2025-11-25;9;3870
17;2025-11-25;10;3094
17;2025-11-25;11;3073
17;2025-11-25;12;3054
17;2025-11-25;13;3179
17;2025-11-25;14;3277
17;2025-11-25;15;3238
17;2025-11-25;16;3709
17;2025-11-25;17;4485
17;2025-11-25;18;4655
17;2025-11-25;19;3250
17;2025-11-25;20;2347
17;2025-11-25;21;1458
17;2025-11-25;22;679
17;2025-11-25;23;393
17;2025-11-26;0;122
17;2025-11-26;1;10
17;2025-11-26;2;0
17;2025-11-26;3;0
17;2025-11-26;4;25
17;2025-11-26;5;302
17;2025-11-26;6;1525
17;2025-11-26;7;3915
17;2025-11-26;8;5323
17;2025-11-26;9;3870
17;2025-11-26;10;3094
17;2025-11-26;11;3073
17;2025-11-26;12;3054
17;2025-11-26;13;3179
17;2025-11-26;14;3277
17;2025-11-26;15;3238
17;2025-11-26;16;3709
17;2025-11-26;17;4485
17;2025-11-26;18;4655
17;2025-11-26;19;3250
17;2025-11-26;20;2347
17;2025-11-26;21;1458
17;2025-11-26;22;679
17;2025-11-26;23;393
17;2025-11-27;0;122
17;2025-11-27;1;10
17;2025-11-27;2;0
17;2025-11-27;3;0
17;2025-11-27;4;25
17;2025-11-27;5;302
17;2025-11-27;6;1525
17;2025-11-27;7;3915
17;2025-11-27;8;5323
17;2025-11-27;9;3870
17;2025-11-27;10;3094
17;2025-11-27;11;3073
17;2025-11-27;12;3054
17;2025-11-27;13;3179
17;2025-11-27;14;3277
17;2025-11-27;15;3238
17;2025-11-27;16;3709
17;2025-11-27;17;4485
17;2025-11-27;18;4655
17;2025-11-27;19;3250
17;2025-11-27;20;2347
17;2025-11-27;21;1458
17;2025-11-27;22;679
17;2025-11-27;23;393
17;2025-11-28;0;122
17;2025-11-28;1;10
17;2025-11-28;2;0
17;2025-11-28;3;0
17;2025-11-28;4;25
17;2025-11-28;5;302
17;2025-11-28;6;1525
17;2025-11-28;7;3915
17;2025-11-28;8;5323
17;2025-11-28;9;3870
17;2025-11-28;10;3094
17;2025-11-28;11;3073
17;2025-11-28;12;3054
17;2025-11-28;13;3179
17;2025-11-28;14;3277
17;2025-11-28;15;3238
17;2025-11-28;16;3709
17;2025-11-28;17;4485
17;2025-11-28;18;4655
17;2025-11-28;19;3250
17;2025-11-28;20;2347
17;2025-11-28;21;1458
17;2025-11-28;22;679
17;2025-11-28;23;393
17;2025-11-29;0;211
17;2025-11-29;1;20
17;2025-11-29;2;0
17;2025-11-29;3;0
17;2025-11-29;4;7
17;2025-11-29;5;152
17;2025-11-29;6;579
17;2025-11-29;7;1247
17;2025-11-29;8;1757
17;2025-11-29;9;2181
17;2025-11-29;10;2472
17;2025-11-29;11;2940
17;2025-11-29;12;3257
17;2025-11-29;13;3543
17;2025-11-29;14;3386
17;2025-11-29;15;3388
17;2025-11-29;16;3519
17;2025-11-29;17;3024
17;2025-11-29;18;2466
17;2025-11-29;19;2154
17;2025-11-29;20;1781
17;2025-11-29;21;1212
17;2025-11-29;22;660
17;2025-11-29;23;420
17;2025-11-30;0;163
17;2025-11-30;1;18
17;2025-11-30;2;0
17;2025-11-30;3;0
17;2025-11-30;4;4
17;2025-11-30;5;116
17;2025-11-30;6;432
17;2025-11-30;7;788
17;2025-11-30;8;1132
17;2025-11-30;9;1672
17;2025-11-30;10;1900
17;2025-11-30;11;2494
17;2025-11-30;12;2971
17;2025-11-30;13;3213
17;2025-11-30;14;3178
17;2025-11-30;15;3094
17;2025-11-30;16;2982
17;2025-11-30;17;2938
17;2025-11-30;18;2575
17;2025-11-30;19;2038
17;2025-11-30;20;1577
17;2025-11-30;21;1084
17;2025-11-30;22;605
17;2025-11-30;23;326
17;2025-12-01;0;126
17;2025-12-01;1;10
17;2025-12-01;2;0
17;2025-12-01;3;0
17;2025-12-01;4;26
17;2025-12-01;5;311
17;2025-12-01;6;1573
17;2025-12-01;7;4036
17;2025-12-01;8;5489
17;2025-12-01;9;3991
17;2025-12-01;10;3191
17;2025-12-01;11;3169
17;2025-12-01;12;3149
17;2025-12-01;13;3277
17;2025-12-01;14;3379
17;2025-12-01;15;3338
17;2025-12-01;16;3824
17;2025-12-01;17;4625
17;2025-12-01;18;4799
17;2025-12-01;19;3351
17;2025-12-01;20;2420
17;2025-12-01;21;1503
17;2025-12-01;22;700
17;2025-12-01;23;405
17;2025-12-02;0;126
17;2025-12-02;1;10
17;2025-12-02;2;0
17;2025-12-02;3;0
17;2025-12-02;4;26
17;2025-12-02;5;311
17;2025-12-02;6;1573
17;2025-12-02;7;4036
17;2025-12-02;8;5489
17;2025-12-02;9;3991
17;2025-12-02;10;3191
17;2025-12-02;11;3169
17;2025-12-02;12;3149
17;2025-12-02;13;3277
17;2025-12-02;14;3379
17;2025-12-02;15;3338
17;2025-12-02;16;3824
17;2025-12-02;17;4625
17;2025-12-02;18;4799
17;2025-12-02;19;3351
17;2025-12-02;20;2420
17;2025-12-02;21;1503
17;2025-12-02;22;700
17;2025-12-02;23;405
17;2025-12-03;0;126
17;2025-12-03;1;10
17;2025-12-03;2;0
17;2025-12-03;3;0
17;2025-12-03;4;26
17;2025-12-03;5;311
17;2025-12-03;6;1573
17;2025-12-03;7;4036
17;2025-12-03;8;5489
17;2025-12-03;9;3991
17;2025-12-03;10;3191
17;2025-12-03;11;3169
17;2025-12-03;12;3149
17;2025-12-03;13;3277
17;2025-12-03;14;3379
17;2025-12-03;15;3338
17;2025-12-03;16;3824
17;2025-12-03;17;4625
17;2025-12-03;18;4799
17;2025-12-03;19;3351
17;2025-12-03;20;2420
17;2025-12-03;21;1503
17;2025-12-03;22;700
17;2025-12-03;23;405
17;2025-12-04;0;126
17;2025-12-04;1;10
17;2025-12-04;2;0
17;2025-12-04;3;0
17;2025-12-04;4;26
17;2025-12-04;5;311
17;2025-12-04;6;1573
17;2025-12-04;7;4036
17;2025-12-04;8;5489
17;2025-12-04;9;3991
17;2025-12-04;10;3191
17;2025-12-04;11;3169
17;2025-12-04;12;3149
17;2025-12-04;13;3277
17;2025-12-04;14;3379
17;2025-12-04;15;3338
17;2025-12-04;16;3824
17;2025-12-04;17;4625
17;2025-12-04;18;4799
17;2025-12-04;19;3351
17;2025-12-04;20;2420
17;2025-12-04;21;1503
17;2025-12-04;22;700
17;2025-12-04;23;405
17;2025-12-05;0;126
17;2025-12-05;1;10
17;2025-12-05;2;0
17;2025-12-05;3;0
17;2025-12-05;4;26
17;2025-12-05;5;311
17;2025-12-05;6;1573
17;2025-12-05;7;4036
17;2025-12-05;8;5489
17;2025-12-05;9;3991
17;2025-12-05;10;3191
17;2025-12-05;11;3169
17;2025-12-05;12;3149
17;2025-12-05;13;3277
17;2025-12-05;14;3379
17;2025-12-05;15;3338
17;2025-12-05;16;3824
17;2025-12-05;17;4625
17;2025-12-05;18;4799
17;2025-12-05;19;3351
17;2025-12-05;20;2420
17;2025-12-05;21;1503
17;2025-12-05;22;700
17;2025-12-05;23;405
17;2025-12-06;0;217
17;2025-12-06;1;21
17;2025-12-06;2;0
17;2025-12-06;3;0
17;2025-12-06;4;7
17;2025-12-06;5;157
17;2025-12-06;6;597
17;2025-12-06;7;1286
17;2025-12-06;8;1811
17;2025-12-06;9;2249
17;2025-12-06;10;2549
17;2025-12-06;11;3031
17;2025-12-06;12;3358
17;2025-12-06;13;3653
17;2025-12-06;14;3491
17;2025-12-06;15;3494
17;2025-12-06;16;3629
17;2025-12-06;17;3118
17;2025-12-06;18;2542
17;2025-12-06;19;2221
17;2025-12-06;20;1836
17;2025-12-06;21;1250
17;2025-12-06;22;680
17;2025-12-06;23;433
17;2025-12-07;0;169
17;2025-12-07;1;19
17;2025-12-07;2;0
17;2025-12-07;3;0
17;2025-12-07;4;4
17;2025-12-07;5;120
17;2025-12-07;6;446
17;2025-12-07;7;813
17;2025-12-07;8;1167
17;2025-12-07;9;1724
17;2025-12-07;10;1959
17;2025-12-07;11;2571
17;2025-12-07;12;3063
17;2025-12-07;13;3313
17;2025-12-07;14;3276
17;2025-12-07;15;3191
17;2025-12-07;16;3075
17;2025-12-07;17;3029
17;2025-12-07;18;2655
17;2025-12-07;19;2102
17;2025-12-07;20;1626
17;2025-12-07;21;1118
17;2025-12-07;22;623
17;2025-12-07;23;336
17;2025-12-08;0;126
17;2025-12-08;1;10
17;2025-12-08;2;0
17;2025-12-08;3;0
17;2025-12-08;4;26
17;2025-12-08;5;311
17;2025-12-08;6;1573
17;2025-12-08;7;4036
17;2025-12-08;8;5489
17;2025-12-08;9;3991
17;2025-12-08;10;3191
17;2025-12-08;11;3169
17;2025-12-08;12;3149
17;2025-12-08;13;3277
17;2025-12-08;14;3379
17;2025-12-08;15;3338
17;2025-12-08;16;3824
17;2025-12-08;17;4625
17;2025-12-08;18;4799
17;2025-12-08;19;3351
17;2025-12-08;20;2420
17;2025-12-08;21;1503
17;2025-12-08;22;700
17;2025-12-08;23;405
17;2025-12-09;0;126
17;2025-12-09;1;10
17;2025-12-09;2;0
17;2025-12-09;3;0
17;2025-12-09;4;26
17;2025-12-09;5;311
17;2025-12-09;6;1573
17;2025-12-09;7;4036
17;2025-12-09;8;5489
17;2025-12-09;9;3991
17;2025-12-09;10;3191
17;2025-12-09;11;3169
17;2025-12-09;12;3149
17;2025-12-09;13;3277
17;2025-12-09;14;3379
17;2025-12-09;15;3338
17;2025-12-09;16;3824
17;2025-12-09;17;4625
17;2025-12-09;18;4799
17;2025-12-09;19;3351
17;2025-12-09;20;2420
17;2025-12-09;21;1503
17;2025-12-09;22;700
17;2025-12-09;23;405
17;2025-12-10;0;126
17;2025-12-10;1;10
17;2025-12-10;2;0
17;2025-12-10;3;0
17;2025-12-10;4;26
17;2025-12-10;5;311
17;2025-12-10;6;1573
17;2025-12-10;7;4036
17;2025-12-10;8;5489
17;2025-12-10;9;3991
17;2025-12-10;10;3191
17;2025-12-10;11;3169
17;2025-12-10;12;3149
17;2025-12-10;13;3277
17;2025-12-10;14;3379
17;2025-12-10;15;3338
17;2025-12-10;16;3824
17;2025-12-10;17;4625
17;2025-12-10;18;4799
17;2025-12-10;19;3351
17;2025-12-10;20;2420
17;2025-12-10;21;1503
17;2025-12-10;22;700
17;2025-12-10;23;405
17;2025-12-11;0;126
17;2025-12-11;1;10
17;2025-12-11;2;0
17;2025-12-11;3;0
17;2025-12-11;4;26
17;2025-12-11;5;311
17;2025-12-11;6;1573
17;2025-12-11;7;4036
17;2025-12-11;8;5489
17;2025-12-11;9;3991
17;2025-12-11;10;3191
17;2025-12-11;11;3169
17;2025-12-11;12;3149
17;2025-12-11;13;3277
17;2025-12-11;14;3379
17;2025-12-11;15;3338
17;2025-12-11;16;3824
17;2025-12-11;17;4625
17;2025-12-11;18;4799
17;2025-12-11;19;3351
17;2025-12-11;20;2420
17;2025-12-11;21;1503
17;2025-12-11;22;700
17;2025-12-11;23;405
17;2025-12-12;0;126
17;2025-12-12;1;10
17;2025-12-12;2;0
17;2025-12-12;3;0
17;2025-12-12;4;26
17;2025-12-12;5;311
17;2025-12-12;6;1573
17;2025-12-12;7;4036
17;2025-12-12;8;5489
17;2025-12-12;9;3991
17;2025-12-12;10;3191
17;2025-12-12;11;3169
17;2025-12-12;12;3149
17;2025-12-12;13;3277
17;2025-12-12;14;3379
17;2025-12-12;15;3338
17;2025-12-12;16;3824
17;2025-12-12;17;4625
17;2025-12-12;18;4799
17;2025-12-12;19;3351
17;2025-12-12;20;2420
17;2025-12-12;21;1503
17;2025-12-12;22;700
17;2025-12-12;23;405
17;2025-12-13;0;217
17;2025-12-13;1;21
17;2025-12-13;2;0
17;2025-12-13;3;0
17;2025-12-13;4;7
17;2025-12-13;5;157
17;2025-12-13;6;597
17;2025-12-13;7;1286
17;2025-12-13;8;1811
17;2025-12-13;9;2249
17;2025-12-13;10;2549
17;2025-12-13;11;3031
17;2025-12-13;12;3358
17;2025-12-13;13;3653
17;2025-12-13;14;3491
17;2025-12-13;15;3494
17;2025-12-13;16;3629
17;2025-12-13;17;3118
17;2025-12-13;18;2542
17;2025-12-13;19;2221
17;2025-12-13;20;1836
17;2025-12-13;21;1250
17;2025-12-13;22;680
17;2025-12-13;23;433
17;2025-12-14;0;169
17;2025-12-14;1;19
17;2025-12-14;2;0
17;2025-12-14;3;0
17;2025-12-14;4;4
17;2025-12-14;5;120
17;2025-12-14;6;446
17;2025-12-14;7;813
17;2025-12-14;8;1167
17;2025-12-14;9;1724
17;2025-12-14;10;1959
17;2025-12-14;11;2571
17;2025-12-14;12;3063
17;2025-12-14;13;3313
17;2025-12-14;14;3276
17;2025-12-14;15;3191
17;2025-12-14;16;3075
17;2025-12-14;17;3029
17;2025-12-14;18;2655
17;2025-12-14;19;2102
17;2025-12-14;20;1626
17;2025-12-14;21;1118
17;2025-12-14;22;623
17;2025-12-14;23;336
17;2025-12-15;0;126
17;2025-12-15;1;10
17;2025-12-15;2;0
17;2025-12-15;3;0
17;2025-12-15;4;26
17;2025-12-15;5;311
17;2025-12-15;6;1573
17;2025-12-15;7;4036
17;2025-12-15;8;5489
17;2025-12-15;9;3991
17;2025-12-15;10;3191
17;2025-12-15;11;3169
17;2025-12-15;12;3149
17;2025-12-15;13;3277
17;2025-12-15;14;3379
17;2025-12-15;15;3338
17;2025-12-15;16;3824
17;2025-12-15;17;4625
17;2025-12-15;18;4799
17;2025-12-15;19;3351
17;2025-12-15;20;2420
17;2025-12-15;21;1503
17;2025-12-15;22;700
17;2025-12-15;23;405
17;2025-12-16;0;126
17;2025-12-16;1;10
17;2025-12-16;2;0
17;2025-12-16;3;0
17;2025-12-16;4;26
17;2025-12-16;5;311
17;2025-12-16;6;1573
17;2025-12-16;7;4036
17;2025-12-16;8;5489
17;2025-12-16;9;3991
17;2025-12-16;10;3191
17;2025-12-16;11;3169
17;2025-12-16;12;3149
17;2025-12-16;13;3277
17;2025-12-16;14;3379
17;2025-12-16;15;3338
17;2025-12-16;16;3824
17;2025-12-16;17;4625
17;2025-12-16;18;4799
17;2025-12-16;19;3351
17;2025-12-16;20;2420
17;2025-12-16;21;1503
17;2025-12-16;22;700
17;2025-12-16;23;405
17;2025-12-17;0;126
17;2025-12-17;1;10
17;2025-12-17;2;0
17;2025-12-17;3;0
17;2025-12-17;4;26
17;2025-12-17;5;311
17;2025-12-17;6;1573
17;2025-12-17;7;4036
17;2025-12-17;8;5489
17;2025-12-17;9;3991
17;2025-12-17;10;3191
17;2025-12-17;11;3169
17;2025-12-17;12;3149
17;2025-12-17;13;3277
17;2025-12-17;14;3379
17;2025-12-17;15;3338
17;2025-12-17;16;3824
17;2025-12-17;17;4625
17;2025-12-17;18;4799
17;2025-12-17;19;3351
17;2025-12-17;20;2420
17;2025-12-17;21;1503
17;2025-12-17;22;700
17;2025-12-17;23;405
17;2025-12-18;0;126
17;2025-12-18;1;10
17;2025-12-18;2;0
17;2025-12-18;3;0
17;2025-12-18;4;26
17;2025-12-18;5;311
17;2025-12-18;6;1573
17;2025-12-18;7;4036
17;2025-12-18;8;5489
17;2025-12-18;9;3991
17;2025-12-18;10;3191
17;2025-12-18;11;3169
17;2025-12-18;12;3149
17;2025-12-18;13;3277
17;2025-12-18;14;3379
17;2025-12-18;15;3338
17;2025-12-18;16;3824
17;2025-12-18;17;4625
17;2025-12-18;18;4799
17;2025-12-18;19;3351
17;2025-12-18;20;2420
17;2025-12-18;21;1503
17;2025-12-18;22;700
17;2025-12-18;23;405
17;2025-12-19;0;126
17;2025-12-19;1;10
17;2025-12-19;2;0
17;2025-12-19;3;0
17;2025-12-19;4;26
17;2025-12-19;5;311
17;2025-12-19;6;1573
17;2025-12-19;7;4036
17;2025-12-19;8;5489
17;2025-12-19;9;3991
17;2025-12-19;10;3191
17;2025-12-19;11;3169
17;2025-12-19;12;3149
17;2025-12-19;13;3277
17;2025-12-19;14;3379
17;2025-12-19;15;3338
17;2025-12-19;16;3824
17;2025-12-19;17;4625
17;2025-12-19;18;4799
17;2025-12-19;19;3351
17;2025-12-19;20;2420
17;2025-12-19;21;1503
17;2025-12-19;22;700
17;2025-12-19;23;405
17;2025-12-20;0;217
17;2025-12-20;1;21
17;2025-12-20;2;0
17;2025-12-20;3;0
17;2025-12-20;4;7
17;2025-12-20;5;157
17;2025-12-20;6;597
17;2025-12-20;7;1286
17;2025-12-20;8;1811
17;2025-12-20;9;2249
17;2025-12-20;10;2549
17;2025-12-20;11;3031
17;2025-12-20;12;3358
17;2025-12-20;13;3653
17;2025-12-20;14;3491
17;2025-12-20;15;3494
17;2025-12-20;16;3629
17;2025-12-20;17;3118
17;2025-12-20;18;2542
17;2025-12-20;19;2221
17;2025-12-20;20;1836
17;2025-12-20;21;1250
17;2025-12-20;22;680
17;2025-12-20;23;433
17;2025-12-21;0;169
17;2025-12-21;1;19
17;2025-12-21;2;0
17;2025-12-21;3;0
17;2025-12-21;4;4
17;2025-12-21;5;120
17;2025-12-21;6;446
17;2025-12-21;7;813
17;2025-12-21;8;1167
17;2025-12-21;9;1724
17;2025-12-21;10;1959
17;2025-12-21;11;2571
17;2025-12-21;12;3063
17;2025-12-21;13;3313
17;2025-12-21;14;3276
17;2025-12-21;15;3191
17;2025-12-21;16;3075
17;2025-12-21;17;3029
17;2025-12-21;18;2655
17;2025-12-21;19;2102
17;2025-12-21;20;1626
17;2025-12-21;21;1118
17;2025-12-21;22;623
17;2025-12-21;23;336
17;2025-12-22;0;126
17;2025-12-22;1;10
17;2025-12-22;2;0
17;2025-12-22;3;0
17;2025-12-22;4;26
17;2025-12-22;5;311
17;2025-12-22;6;1573
17;2025-12-22;7;4036
17;2025-12-22;8;5489
17;2025-12-22;9;3991
17;2025-12-22;10;3191
17;2025-12-22;11;3169
17;2025-12-22;12;3149
17;2025-12-22;13;3277
17;2025-12-22;14;3379
17;2025-12-22;15;3338
17;2025-12-22;16;3824
17;2025-12-22;17;4625
17;2025-12-22;18;4799
17;2025-12-22;19;3351
17;2025-12-22;20;2420
17;2025-12-22;21;1503
17;2025-12-22;22;700
17;2025-12-22;23;405
17;2025-12-23;0;126
17;2025-12-23;1;10
17;2025-12-23;2;0
17;2025-12-23;3;0
17;2025-12-23;4;26
17;2025-12-23;5;311
17;2025-12-23;6;1573
17;2025-12-23;7;4036
17;2025-12-23;8;5489
17;2025-12-23;9;3991
17;2025-12-23;10;3191
17;2025-12-23;11;3169
17;2025-12-23;12;3149
17;2025-12-23;13;3277
17;2025-12-23;14;3379
17;2025-12-23;15;3338
17;2025-12-23;16;3824
17;2025-12-23;17;4625
17;2025-12-23;18;4799
17;2025-12-23;19;3351
17;2025-12-23;20;2420
17;2025-12-23;21;1503
17;2025-12-23;22;700
17;2025-12-23;23;405
17;2025-12-24;0;126
17;2025-12-24;1;10
17;2025-12-24;2;0
17;2025-12-24;3;0
17;2025-12-24;4;26
17;2025-12-24;5;311
17;2025-12-24;6;1573
17;2025-12-24;7;4036
17;2025-12-24;8;5489
17;2025-12-24;9;3991
17;2025-12-24;10;3191
17;2025-12-24;11;3169
17;2025-12-24;12;3149
17;2025-12-24;13;3277
17;2025-12-24;14;3379
17;2025-12-24;15;3338
17;2025-12-24;16;3824
17;2025-12-24;17;4625
17;2025-12-24;18;4799
17;2025-12-24;19;3351
17;2025-12-24;20;2420
17;2025-12-24;21;1503
17;2025-12-24;22;700
17;2025-12-24;23;405
17;2025-12-25;0;126
17;2025-12-25;1;10
17;2025-12-25;2;0
17;2025-12-25;3;0
17;2025-12-25;4;26
17;2025-12-25;5;311
17;2025-12-25;6;1573
17;2025-12-25;7;4036
17;2025-12-25;8;5489
17;2025-12-25;9;3991
17;2025-12-25;10;3191
17;2025-12-25;11;3169
17;2025-12-25;12;3149
17;2025-12-25;13;3277
17;2025-12-25;14;3379
17;2025-12-25;15;3338
17;2025-12-25;16;3824
17;2025-12-25;17;4625
17;2025-12-25;18;4799
17;2025-12-25;19;3351
17;2025-12-25;20;2420
17;2025-12-25;21;1503
17;2025-12-25;22;700
17;2025-12-25;23;405
17;2025-12-26;0;126
17;2025-12-26;1;10
17;2025-12-26;2;0
17;2025-12-26;3;0
17;2025-12-26;4;26
17;2025-12-26;5;311
17;2025-12-26;6;1573
17;2025-12-26;7;4036
17;2025-12-26;8;5489
17;2025-12-26;9;3991
17;2025-12-26;10;3191
17;2025-12-26;11;3169
17;2025-12-26;12;3149
17;2025-12-26;13;3277
17;2025-12-26;14;3379
17;2025-12-26;15;3338
17;2025-12-26;16;3824
17;2025-12-26;17;4625
17;2025-12-26;18;4799
17;2025-12-26;19;3351
17;2025-12-26;20;2420
17;2025-12-26;21;1503
17;2025-12-26;22;700
17;2025-12-26;23;405
17;2025-12-27;0;217
17;2025-12-27;1;21
17;2025-12-27;2;0
17;2025-12-27;3;0
17;2025-12-27;4;7
17;2025-12-27;5;157
17;2025-12-27;6;597
17;2025-12-27;7;1286
17;2025-12-27;8;1811
17;2025-12-27;9;2249
17;2025-12-27;10;2549
17;2025-12-27;11;3031
17;2025-12-27;12;3358
17;2025-12-27;13;3653
17;2025-12-27;14;3491
17;2025-12-27;15;3494
17;2025-12-27;16;3629
17;2025-12-27;17;3118
17;2025-12-27;18;2542
17;2025-12-27;19;2221
17;2025-12-27;20;1836
17;2025-12-27;21;1250
17;2025-12-27;22;680
17;2025-12-27;23;433
17;2025-12-28;0;169
17;2025-12-28;1;19
17;2025-12-28;2;0
17;2025-12-28;3;0
17;2025-12-28;4;4
17;2025-12-28;5;120
17;2025-12-28;6;446
17;2025-12-28;7;813
17;2025-12-28;8;1167
17;2025-12-28;9;1724
17;2025-12-28;10;1959
17;2025-12-28;11;2571
17;2025-12-28;12;3063
17;2025-12-28;13;3313
17;2025-12-28;14;3276
17;2025-12-28;15;3191
17;2025-12-28;16;3075
17;2025-12-28;17;3029
17;2025-12-28;18;2655
17;2025-12-28;19;2102
17;2025-12-28;20;1626
17;2025-12-28;21;1118
17;2025-12-28;22;623
17;2025-12-28;23;336
17;2025-12-29;0;107
17;2025-12-29;1;9
17;2025-12-29;2;0
17;2025-12-29;3;0
17;2025-12-29;4;22
17;2025-12-29;5;265
17;2025-12-29;6;1337
17;2025-12-29;7;3431
17;2025-12-29;8;4666
17;2025-12-29;9;3392
17;2025-12-29;10;2712
17;2025-12-29;11;2694
17;2025-12-29;12;2677
17;2025-12-29;13;2786
17;2025-12-29;14;2872
17;2025-12-29;15;2838
17;2025-12-29;16;3251
17;2025-12-29;17;3931
17;2025-12-29;18;4079
17;2025-12-29;19;2848
17;2025-12-29;20;2057
17;2025-12-29;21;1278
17;2025-12-29;22;595
17;2025-12-29;23;344
17;2025-12-30;0;107
17;2025-12-30;1;9
17;2025-12-30;2;0
17;2025-12-30;3;0
17;2025-12-30;4;22
17;2025-12-30;5;265
17;2025-12-30;6;1337
17;2025-12-30;7;3431
17;2025-12-30;8;4666
17;2025-12-30;9;3392
17;2025-12-30;10;2712
17;2025-12-30;11;2694
17;2025-12-30;12;2677
17;2025-12-30;13;2786
17;2025-12-30;14;2872
17;2025-12-30;15;2838
17;2025-12-30;16;3251
17;2025-12-30;17;3931
17;2025-12-30;18;4079
17;2025-12-30;19;2848
17;2025-12-30;20;2057
17;2025-12-30;21;1278
17;2025-12-30;22;595
17;2025-12-30;23;344
17;2025-12-31;0;144
17;2025-12-31;1;16
17;2025-12-31;2;0
17;2025-12-31;3;0
17;2025-12-31;4;4
17;2025-12-31;5;103
17;2025-12-31;6;381
17;2025-12-31;7;695
17;2025-12-31;8;998
17;2025-12-31;9;1474
17;2025-12-31;10;1675
17;2025-12-31;11;2198
17;2025-12-31;12;2619
17;2025-12-31;13;2832
17;2025-12-31;14;2801
17;2025-12-31;15;2728
17;2025-12-31;16;2629
17;2025-12-31;17;2590
17;2025-12-31;18;2270
17;2025-12-31;19;1797
17;2025-12-31;20;0
17;2025-12-31;21;0
17;2025-12-31;22;0
17;2025-12-31;23;0
25;2025-11-01;0;0
25;2025-11-01;1;0
25;2025-11-01;2;0
25;2025-11-01;3;0
25;2025-11-01;4;0
25;2025-11-01;5;17
25;2025-11-01;6;238
25;2025-11-01;7;455
25;2025-11-01;8;724
25;2025-11-01;9;395
25;2025-11-01;10;320
25;2025-11-01;11;378
25;2025-11-01;12;360
25;2025-11-01;13;443
25;2025-11-01;14;403
25;2025-11-01;15;488
25;2025-11-01;16;597
25;2025-11-01;17;632
25;2025-11-01;18;643
25;2025-11-01;19;506
25;2025-11-01;20;269
25;2025-11-01;21;176
25;2025-11-01;22;81
25;2025-11-01;23;4
25;2025-11-02;0;16
25;2025-11-02;1;2
25;2025-11-02;2;0
25;2025-11-02;3;0
25;2025-11-02;4;0
25;2025-11-02;5;16
25;2025-11-02;6;139
25;2025-11-02;7;107
25;2025-11-02;8;156
25;2025-11-02;9;221
25;2025-11-02;10;221
25;2025-11-02;11;304
25;2025-11-02;12;372
25;2025-11-02;13;449
25;2025-11-02;14;463
25;2025-11-02;15;558
25;2025-11-02;16;516
25;2025-11-02;17;519
25;2025-11-02;18;420
25;2025-11-02;19;305
25;2025-11-02;20;248
25;2025-11-02;21;156
25;2025-11-02;22;98
25;2025-11-02;23;29
25;2025-11-03;0;15
25;2025-11-03;1;2
25;2025-11-03;2;0
25;2025-11-03;3;0
25;2025-11-03;4;0
25;2025-11-03;5;15
25;2025-11-03;6;132
25;2025-11-03;7;102
25;2025-11-03;8;149
25;2025-11-03;9;210
25;2025-11-03;10;210
25;2025-11-03;11;289
25;2025-11-03;12;353
25;2025-11-03;13;427
25;2025-11-03;14;440
25;2025-11-03;15;530
25;2025-11-03;16;491
25;2025-11-03;17;493
25;2025-11-03;18;399
25;2025-11-03;19;290
25;2025-11-03;20;235
25;2025-11-03;21;149
25;2025-11-03;22;93
25;2025-11-03;23;28
25;2025-11-04;0;15
25;2025-11-04;1;2
25;2025-11-04;2;0
25;2025-11-04;3;0
25;2025-11-04;4;0
25;2025-11-04;5;15
25;2025-11-04;6;132
25;2025-11-04;7;102
25;2025-11-04;8;149
25;2025-11-04;9;210
25;2025-11-04;10;210
25;2025-11-04;11;289
25;2025-11-04;12;353
25;2025-11-04;13;427
25;2025-11-04;14;440
25;2025-11-04;15;530
25;2025-11-04;16;491
25;2025-11-04;17;493
25;2025-11-04;18;399
25;2025-11-04;19;290
25;2025-11-04;20;235
25;2025-11-04;21;149
25;2025-11-04;22;93
25;2025-11-04;23;28
25;2025-11-05;0;0
25;2025-11-05;1;0
25;2025-11-05;2;0
25;2025-11-05;3;0
25;2025-11-05;4;0
25;2025-11-05;5;20
25;2025-11-05;6;280
25;2025-11-05;7;535
25;2025-11-05;8;852
25;2025-11-05;9;465
25;2025-11-05;10;377
25;2025-11-05;11;444
25;2025-11-05;12;423
25;2025-11-05;13;521
25;2025-11-05;14;474
25;2025-11-05;15;575
25;2025-11-05;16;702
25;2025-11-05;17;744
25;2025-11-05;18;756
25;2025-11-05;19;596
25;2025-11-05;20;317
25;2025-11-05;21;208
25;2025-11-05;22;95
25;2025-11-05;23;5
25;2025-11-06;0;0
25;2025-11-06;1;0
25;2025-11-06;2;0
25;2025-11-06;3;0
25;2025-11-06;4;0
25;2025-11-06;5;20
25;2025-11-06;6;280
25;2025-11-06;7;535
25;2025-11-06;8;852
25;2025-11-06;9;465
25;2025-11-06;10;377
25;2025-11-06;11;444
25;2025-11-06;12;423
25;2025-11-06;13;521
25;2025-11-06;14;474
25;2025-11-06;15;575
25;2025-11-06;16;702
25;2025-11-06;17;744
25;2025-11-06;18;756
25;2025-11-06;19;596
25;2025-11-06;20;317
25;2025-11-06;21;208
25;2025-11-06;22;95
25;2025-11-06;23;5
25;2025-11-07;0;0
25;2025-11-07;1;0
25;2025-11-07;2;0
25;2025-11-07;3;0
25;2025-11-07;4;0
25;2025-11-07;5;20
25;2025-11-07;6;280
25;2025-11-07;7;535
25;2025-11-07;8;852
25;2025-11-07;9;465
25;2025-11-07;10;377
25;2025-11-07;11;444
25;2025-11-07;12;423
25;2025-11-07;13;521
25;2025-11-07;14;474
25;2025-11-07;15;575
25;2025-11-07;16;702
25;2025-11-07;17;744
25;2025-11-07;18;756
25;2025-11-07;19;596
25;2025-11-07;20;317
25;2025-11-07;21;208
25;2025-11-07;22;95
25;2025-11-07;23;5
25;2025-11-08;0;24
25;2025-11-08;1;0
25;2025-11-08;2;0
25;2025-11-08;3;0
25;2025-11-08;4;0
25;2025-11-08;5;30
25;2025-11-08;6;149
25;2025-11-08;7;134
25;2025-11-08;8;312
25;2025-11-08;9;240
25;2025-11-08;10;254
25;2025-11-08;11;432
25;2025-11-08;12;376
25;2025-11-08;13;614
25;2025-11-08;14;629
25;2025-11-08;15;697
25;2025-11-08;16;603
25;2025-11-08;17;525
25;2025-11-08;18;533
25;2025-11-08;19;512
25;2025-11-08;20;265
25;2025-11-08;21;226
25;2025-11-08;22;121
25;2025-11-08;23;50
25;2025-11-09;0;16
25;2025-11-09;1;2
25;2025-11-09;2;0
25;2025-11-09;3;0
25;2025-11-09;4;0
25;2025-11-09;5;16
25;2025-11-09;6;139
25;2025-11-09;7;107
25;2025-11-09;8;156
25;2025-11-09;9;221
25;2025-11-09;10;221
25;2025-11-09;11;304
25;2025-11-09;12;372
25;2025-11-09;13;449
25;2025-11-09;14;463
25;2025-11-09;15;558
25;2025-11-09;16;516
25;2025-11-09;17;519
25;2025-11-09;18;420
25;2025-11-09;19;305
25;2025-11-09;20;248
25;2025-11-09;21;156
25;2025-11-09;22;98
25;2025-11-09;23;29
25;2025-11-10;0;0
25;2025-11-10;1;0
25;2025-11-10;2;0
25;2025-11-10;3;0
25;2025-11-10;4;0
25;2025-11-10;5;20
25;2025-11-10;6;280
25;2025-11-10;7;535
25;2025-11-10;8;852
25;2025-11-10;9;465
25;2025-11-10;10;377
25;2025-11-10;11;444
25;2025-11-10;12;423
25;2025-11-10;13;521
25;2025-11-10;14;474
25;2025-11-10;15;575
25;2025-11-10;16;702
25;2025-11-10;17;744
25;2025-11-10;18;756
25;2025-11-10;19;596
25;2025-11-10;20;317
25;2025-11-10;21;208
25;2025-11-10;22;95
25;2025-11-10;23;5
25;2025-11-11;0;0
25;2025-11-11;1;0
25;2025-11-11;2;0
25;2025-11-11;3;0
25;2025-11-11;4;0
25;2025-11-11;5;20
25;2025-11-11;6;280
25;2025-11-11;7;535
25;2025-11-11;8;852
25;2025-11-11;9;465
25;2025-11-11;10;377
25;2025-11-11;11;444
25;2025-11-11;12;423
25;2025-11-11;13;521
25;2025-11-11;14;474
25;2025-11-11;15;575
25;2025-11-11;16;702
25;2025-11-11;17;744
25;2025-11-11;18;756
25;2025-11-11;19;596
25;2025-11-11;20;317
25;2025-11-11;21;208
25;2025-11-11;22;95
25;2025-11-11;23;5
25;2025-11-12;0;0
25;2025-11-12;1;0
25;2025-11-12;2;0
25;2025-11-12;3;0
25;2025-11-12;4;0
25;2025-11-12;5;20
25;2025-11-12;6;280
25;2025-11-12;7;535
25;2025-11-12;8;852
25;2025-11-12;9;465
25;2025-11-12;10;377
25;2025-11-12;11;444
25;2025-11-12;12;423
25;2025-11-12;13;521
25;2025-11-12;14;474
25;2025-11-12;15;575
25;2025-11-12;16;702
25;2025-11-12;17;744
25;2025-11-12;18;756
25;2025-11-12;19;596
25;2025-11-12;20;317
25;2025-11-12;21;208
25;2025-11-12;22;95
25;2025-11-12;23;5
25;2025-11-13;0;0
25;2025-11-13;1;0
25;2025-11-13;2;0
25;2025-11-13;3;0
25;2025-11-13;4;0
25;2025-11-13;5;20
25;2025-11-13;6;280
25;2025-11-13;7;535
25;2025-11-13;8;852
25;2025-11-13;9;465
25;2025-11-13;10;377
25;2025-11-13;11;444
25;2025-11-13;12;423
25;2025-11-13;13;521
25;2025-11-13;14;474
25;2025-11-13;15;575
25;2025-11-13;16;702
25;2025-11-13;17;744
25;2025-11-13;18;756
25;2025-11-13;19;596
25;2025-11-13;20;317
25;2025-11-13;21;208
25;2025-11-13;22;95
25;2025-11-13;23;5
25;2025-11-14;0;0
25;2025-11-14;1;0
25;2025-11-14;2;0
25;2025-11-14;3;0
25;2025-11-14;4;0
25;2025-11-14;5;20
25;2025-11-14;6;280
25;2025-11-14;7;535
25;2025-11-14;8;852
25;2025-11-14;9;465
25;2025-11-14;10;377
25;2025-11-14;11;444
25;2025-11-14;12;423
25;2025-11-14;13;521
25;2025-11-14;14;474
25;2025-11-14;15;575
25;2025-11-14;16;702
25;2025-11-14;17;744
25;2025-11-14;18;756
25;2025-11-14;19;596
25;2025-11-14;20;317
25;2025-11-14;21;208
25;2025-11-14;22;95
25;2025-11-14;23;5
25;2025-11-15;0;24
25;2025-11-15;1;0
25;2025-11-15;2;0
25;2025-11-15;3;0
25;2025-11-15;4;0
25;2025-11-15;5;30
25;2025-11-15;6;149
25;2025-11-15;7;134
25;2025-11-15;8;312
25;2025-11-15;9;240
25;2025-11-15;10;254
25;2025-11-15;11;432
25;2025-11-15;12;376
25;2025-11-15;13;614
25;2025-11-15;14;629
25;2025-11-15;15;697
25;2025-11-15;16;603
25;2025-11-15;17;525
25;2025-11-15;18;533
25;2025-11-15;19;512
25;2025-11-15;20;265
25;2025-11-15;21;226
25;2025-11-15;22;121
25;2025-11-15;23;50
25;2025-11-16;0;16
25;2025-11-16;1;2
25;2025-11-16;2;0
25;2025-11-16;3;0
25;2025-11-16;4;0
25;2025-11-16;5;16
25;2025-11-16;6;139
25;2025-11-16;7;107
25;2025-11-16;8;156
25;2025-11-16;9;221
25;2025-11-16;10;221
25;2025-11-16;11;304
25;2025-11-16;12;372
25;2025-11-16;13;449
25;2025-11-16;14;463
25;2025-11-16;15;558
25;2025-11-16;16;516
25;2025-11-16;17;519
25;2025-11-16;18;420
25;2025-11-16;19;305
25;2025-11-16;20;248
25;2025-11-16;21;156
25;2025-11-16;22;98
25;2025-11-16;23;29
25;2025-11-17;0;0
25;2025-11-17;1;0
25;2025-11-17;2;0
25;2025-11-17;3;0
25;2025-11-17;4;0
25;2025-11-17;5;20
25;2025-11-17;6;280
25;2025-11-17;7;535
25;2025-11-17;8;852
25;2025-11-17;9;465
25;2025-11-17;10;377
25;2025-11-17;11;444
25;2025-11-17;12;423
25;2025-11-17;13;521
25;2025-11-17;14;474
25;2025-11-17;15;575
25;2025-11-17;16;702
25;2025-11-17;17;744
25;2025-11-17;18;756
25;2025-11-17;19;596
25;2025-11-17;20;317
25;2025-11-17;21;208
25;2025-11-17;22;95
25;2025-11-17;23;5
25;2025-11-18;0;0
25;2025-11-18;1;0
25;2025-11-18;2;0
25;2025-11-18;3;0
25;2025-11-18;4;0
25;2025-11-18;5;20
25;2025-11-18;6;280
25;2025-11-18;7;535
25;2025-11-18;8;852
25;2025-11-18;9;465
25;2025-11-18;10;377
25;2025-11-18;11;444
25;2025-11-18;12;423
25;2025-11-18;13;521
25;2025-11-18;14;474
25;2025-11-18;15;575
25;2025-11-18;16;702
25;2025-11-18;17;744
25;2025-11-18;18;756
25;2025-11-18;19;596
25;2025-11-18;20;317
25;2025-11-18;21;208
25;2025-11-18;22;95
25;2025-11-18;23;5
25;2025-11-19;0;0
25;2025-11-19;1;0
25;2025-11-19;2;0
25;2025-11-19;3;0
25;2025-11-19;4;0
25;2025-11-19;5;20
25;2025-11-19;6;280
25;2025-11-19;7;535
25;2025-11-19;8;852
25;2025-11-19;9;465
25;2025-11-19;10;377
25;2025-11-19;11;444
25;2025-11-19;12;423
25;2025-11-19;13;521
25;2025-11-19;14;474
25;2025-11-19;15;575
25;2025-11-19;16;702
25;2025-11-19;17;744
25;2025-11-19;18;756
25;2025-11-19;19;596
25;2025-11-19;20;317
25;2025-11-19;21;208
25;2025-11-19;22;95
25;2025-11-19;23;5
25;2025-11-20;0;0
25;2025-11-20;1;0
25;2025-11-20;2;0
25;2025-11-20;3;0
25;2025-11-20;4;0
25;2025-11-20;5;20
25;2025-11-20;6;280
25;2025-11-20;7;535
25;2025-11-20;8;852
25;2025-11-20;9;465
25;2025-11-20;10;377
25;2025-11-20;11;444
25;2025-11-20;12;423
25;2025-11-20;13;521
25;2025-11-20;14;474
25;2025-11-20;15;575
25;2025-11-20;16;702
25;2025-11-20;17;744
25;2025-11-20;18;756
25;2025-11-20;19;596
25;2025-11-20;20;317
25;2025-11-20;21;208
25;2025-11-20;22;95
25;2025-11-20;23;5
25;2025-11-21;0;0
25;2025-11-21;1;0
25;2025-11-21;2;0
25;2025-11-21;3;0
25;2025-11-21;4;0
25;2025-11-21;5;20
25;2025-11-21;6;280
25;2025-11-21;7;535
25;2025-11-21;8;852
25;2025-11-21;9;465
25;2025-11-21;10;377
25;2025-11-21;11;444
25;2025-11-21;12;423
25;2025-11-21;13;521
25;2025-11-21;14;474
25;2025-11-21;15;575
25;2025-11-21;16;702
25;2025-11-21;17;744
25;2025-11-21;18;756
25;2025-11-21;19;596
25;2025-11-21;20;317
25;2025-11-21;21;208
25;2025-11-21;22;95
25;2025-11-21;23;5
25;2025-11-22;0;24
25;2025-11-22;1;0
25;2025-11-22;2;0
25;2025-11-22;3;0
25;2025-11-22;4;0
25;2025-11-22;5;30
25;2025-11-22;6;149
25;2025-11-22;7;134
25;2025-11-22;8;312
25;2025-11-22;9;240
25;2025-11-22;10;254
25;2025-11-22;11;432
25;2025-11-22;12;376
25;2025-11-22;13;614
25;2025-11-22;14;629
25;2025-11-22;15;697
25;2025-11-22;16;603
25;2025-11-22;17;525
25;2025-11-22;18;533
25;2025-11-22;19;512
25;2025-11-22;20;265
25;2025-11-22;21;226
25;2025-11-22;22;121
25;2025-11-22;23;50
25;2025-11-23;0;16
25;2025-11-23;1;2
25;2025-11-23;2;0
25;2025-11-23;3;0
25;2025-11-23;4;0
25;2025-11-23;5;16
25;2025-11-23;6;139
25;2025-11-23;7;107
25;2025-11-23;8;156
25;2025-11-23;9;221
25;2025-11-23;10;221
25;2025-11-23;11;304
25;2025-11-23;12;372
25;2025-11-23;13;449
25;2025-11-23;14;463
25;2025-11-23;15;558
25;2025-11-23;16;516
25;2025-11-23;17;519
25;2025-11-23;18;420
25;2025-11-23;19;305
25;2025-11-23;20;248
25;2025-11-23;21;156
25;2025-11-23;22;98
25;2025-11-23;23;29
25;2025-11-24;0;0
25;2025-11-24;1;0
25;2025-11-24;2;0
25;2025-11-24;3;0
25;2025-11-24;4;0
25;2025-11-24;5;20
25;2025-11-24;6;280
25;2025-11-24;7;535
25;2025-11-24;8;852
25;2025-11-24;9;465
25;2025-11-24;10;377
25;2025-11-24;11;444
25;2025-11-24;12;423
25;2025-11-24;13;521
25;2025-11-24;14;474
25;2025-11-24;15;575
25;2025-11-24;16;702
25;2025-11-24;17;744
25;2025-11-24;18;756
25;2025-11-24;19;596
25;2025-11-24;20;317
25;2025-11-24;21;208
25;2025-11-24;22;95
25;2025-11-24;23;5
25;2025-11-25;0;0
25;2025-11-25;1;0
25;2025-11-25;2;0
25;2025-11-25;3;0
25;2025-11-25;4;0
25;2025-11-25;5;20
25;2025-11-25;6;280
25;2025-11-25;7;535
25;2025-11-25;8;852
25;2025-11-25;9;465
25;2025-11-25;10;377
25;2025-11-25;11;444
25;2025-11-25;12;423
25;2025-11-25;13;521
25;2025-11-25;14;474
25;2025-11-25;15;575
25;2025-11-25;16;702
25;2025-11-25;17;744
25;2025-11-25;18;756
25;2025-11-25;19;596
25;2025-11-25;20;317
25;2025-11-25;21;208
25;2025-11-25;22;95
25;2025-11-25;23;5
25;2025-11-26;0;0
25;2025-11-26;1;0
25;2025-11-26;2;0
25;2025-11-26;3;0
25;2025-11-26;4;0
25;2025-11-26;5;20
25;2025-11-26;6;280
25;2025-11-26;7;535
25;2025-11-26;8;852
25;2025-11-26;9;465
25;2025-11-26;10;377
25;2025-11-26;11;444
25;2025-11-26;12;423
25;2025-11-26;13;521
25;2025-11-26;14;474
25;2025-11-26;15;575
25;2025-11-26;16;702
25;2025-11-26;17;744
25;2025-11-26;18;756
25;2025-11-26;19;596
25;2025-11-26;20;317
25;2025-11-26;21;208
25;2025-11-26;22;95
25;2025-11-26;23;5
25;2025-11-27;0;0
25;2025-11-27;1;0
25;2025-11-27;2;0
25;2025-11-27;3;0
25;2025-11-27;4;0
25;2025-11-27;5;20
25;2025-11-27;6;280
25;2025-11-27;7;535
25;2025-11-27;8;852
25;2025-11-27;9;465
25;2025-11-27;10;377
25;2025-11-27;11;444
25;2025-11-27;12;423
25;2025-11-27;13;521
25;2025-11-27;14;474
25;2025-11-27;15;575
25;2025-11-27;16;702
25;2025-11-27;17;744
25;2025-11-27;18;756
25;2025-11-27;19;596
25;2025-11-27;20;317
25;2025-11-27;21;208
25;2025-11-27;22;95
25;2025-11-27;23;5
25;2025-11-28;0;0
25;2025-11-28;1;0
25;2025-11-28;2;0
25;2025-11-28;3;0
25;2025-11-28;4;0
25;2025-11-28;5;20
25;2025-11-28;6;280
25;2025-11-28;7;535
25;2025-11-28;8;852
25;2025-11-28;9;465
25;2025-11-28;10;377
25;2025-11-28;11;444
25;2025-11-28;12;423
25;2025-11-28;13;521
25;2025-11-28;14;474
25;2025-11-28;15;575
25;2025-11-28;16;702
25;2025-11-28;17;744
25;2025-11-28;18;756
25;2025-11-28;19;596
25;2025-11-28;20;317
25;2025-11-28;21;208
25;2025-11-28;22;95
25;2025-11-28;23;5
25;2025-11-29;0;24
25;2025-11-29;1;0
25;2025-11-29;2;0
25;2025-11-29;3;0
25;2025-11-29;4;0
25;2025-11-29;5;30
25;2025-11-29;6;149
25;2025-11-29;7;134
25;2025-11-29;8;312
25;2025-11-29;9;240
25;2025-11-29;10;254
25;2025-11-29;11;432
25;2025-11-29;12;376
25;2025-11-29;13;614
25;2025-11-29;14;629
25;2025-11-29;15;697
25;2025-11-29;16;603
25;2025-11-29;17;525
25;2025-11-29;18;533
25;2025-11-29;19;512
25;2025-11-29;20;265
25;2025-11-29;21;226
25;2025-11-29;22;121
25;2025-11-29;23;50
25;2025-11-30;0;16
25;2025-11-30;1;2
25;2025-11-30;2;0
25;2025-11-30;3;0
25;2025-11-30;4;0
25;2025-11-30;5;16
25;2025-11-30;6;139
25;2025-11-30;7;107
25;2025-11-30;8;156
25;2025-11-30;9;221
25;2025-11-30;10;221
25;2025-11-30;11;304
25;2025-11-30;12;372
25;2025-11-30;13;449
25;2025-11-30;14;463
25;2025-11-30;15;558
25;2025-11-30;16;516
25;2025-11-30;17;519
25;2025-11-30;18;420
25;2025-11-30;19;305
25;2025-11-30;20;248
25;2025-11-30;21;156
25;2025-11-30;22;98
25;2025-11-30;23;29
25;2025-12-01;0;0
25;2025-12-01;1;0
25;2025-12-01;2;0
25;2025-12-01;3;0
25;2025-12-01;4;0
25;2025-12-01;5;21
25;2025-12-01;6;288
25;2025-12-01;7;552
25;2025-12-01;8;879
25;2025-12-01;9;480
25;2025-12-01;10;389
25;2025-12-01;11;458
25;2025-12-01;12;436
25;2025-12-01;13;538
25;2025-12-01;14;489
25;2025-12-01;15;592
25;2025-12-01;16;724
25;2025-12-01;17;767
25;2025-12-01;18;780
25;2025-12-01;19;614
25;2025-12-01;20;327
25;2025-12-01;21;214
25;2025-12-01;22;98
25;2025-12-01;23;5
25;2025-12-02;0;0
25;2025-12-02;1;0
25;2025-12-02;2;0
25;2025-12-02;3;0
25;2025-12-02;4;0
25;2025-12-02;5;21
25;2025-12-02;6;288
25;2025-12-02;7;552
25;2025-12-02;8;879
25;2025-12-02;9;480
25;2025-12-02;10;389
25;2025-12-02;11;458
25;2025-12-02;12;436
25;2025-12-02;13;538
25;2025-12-02;14;489
25;2025-12-02;15;592
25;2025-12-02;16;724
25;2025-12-02;17;767
25;2025-12-02;18;780
25;2025-12-02;19;614
25;2025-12-02;20;327
25;2025-12-02;21;214
25;2025-12-02;22;98
25;2025-12-02;23;5
25;2025-12-03;0;0
25;2025-12-03;1;0
25;2025-12-03;2;0
25;2025-12-03;3;0
25;2025-12-03;4;0
25;2025-12-03;5;21
25;2025-12-03;6;288
25;2025-12-03;7;552
25;2025-12-03;8;879
25;2025-12-03;9;480
25;2025-12-03;10;389
25;2025-12-03;11;458
25;2025-12-03;12;436
25;2025-12-03;13;538
25;2025-12-03;14;489
25;2025-12-03;15;592
25;2025-12-03;16;724
25;2025-12-03;17;767
25;2025-12-03;18;780
25;2025-12-03;19;614
25;2025-12-03;20;327
25;2025-12-03;21;214
25;2025-12-03;22;98
25;2025-12-03;23;5
25;2025-12-04;0;0
25;2025-12-04;1;0
25;2025-12-04;2;0
25;2025-12-04;3;0
25;2025-12-04;4;0
25;2025-12-04;5;21
25;2025-12-04;6;288
25;2025-12-04;7;552
25;2025-12-04;8;879
25;2025-12-04;9;480
25;2025-12-04;10;389
25;2025-12-04;11;458
25;2025-12-04;12;436
25;2025-12-04;13;538
25;2025-12-04;14;489
25;2025-12-04;15;592
25;2025-12-04;16;724
25;2025-12-04;17;767
25;2025-12-04;18;780
25;2025-12-04;19;614
25;2025-12-04;20;327
25;2025-12-04;21;214
25;2025-12-04;22;98
25;2025-12-04;23;5
25;2025-12-05;0;0
25;2025-12-05;1;0
25;2025-12-05;2;0
25;2025-12-05;3;0
25;2025-12-05;4;0
25;2025-12-05;5;21
25;2025-12-05;6;288
25;2025-12-05;7;552
25;2025-12-05;8;879
25;2025-12-05;9;480
25;2025-12-05;10;389
25;2025-12-05;11;458
25;2025-12-05;12;436
25;2025-12-05;13;538
25;2025-12-05;14;489
25;2025-12-05;15;592
25;2025-12-05;16;724
25;2025-12-05;17;767
25;2025-12-05;18;780
25;2025-12-05;19;614
25;2025-12-05;20;327
25;2025-12-05;21;214
25;2025-12-05;22;98
25;2025-12-05;23;5
25;2025-12-06;0;25
25;2025-12-06;1;0
25;2025-12-06;2;0
25;2025-12-06;3;0
25;2025-12-06;4;0
25;2025-12-06;5;31
25;2025-12-06;6;154
25;2025-12-06;7;139
25;2025-12-06;8;322
25;2025-12-06;9;247
25;2025-12-06;10;262
25;2025-12-06;11;446
25;2025-12-06;12;388
25;2025-12-06;13;633
25;2025-12-06;14;648
25;2025-12-06;15;719
25;2025-12-06;16;621
25;2025-12-06;17;542
25;2025-12-06;18;550
25;2025-12-06;19;528
25;2025-12-06;20;273
25;2025-12-06;21;233
25;2025-12-06;22;125
25;2025-12-06;23;52
25;2025-12-07;0;17
25;2025-12-07;1;2
25;2025-12-07;2;0
25;2025-12-07;3;0
25;2025-12-07;4;0
25;2025-12-07;5;17
25;2025-12-07;6;144
25;2025-12-07;7;111
25;2025-12-07;8;161
25;2025-12-07;9;227
25;2025-12-07;10;227
25;2025-12-07;11;313
25;2025-12-07;12;384
25;2025-12-07;13;463
25;2025-12-07;14;478
25;2025-12-07;15;575
25;2025-12-07;16;532
25;2025-12-07;17;536
25;2025-12-07;18;433
25;2025-12-07;19;314
25;2025-12-07;20;255
25;2025-12-07;21;161
25;2025-12-07;22;101
25;2025-12-07;23;30
25;2025-12-08;0;0
25;2025-12-08;1;0
25;2025-12-08;2;0
25;2025-12-08;3;0
25;2025-12-08;4;0
25;2025-12-08;5;21
25;2025-12-08;6;288
25;2025-12-08;7;552
25;2025-12-08;8;879
25;2025-12-08;9;480
25;2025-12-08;10;389
25;2025-12-08;11;458
25;2025-12-08;12;436
25;2025-12-08;13;538
25;2025-12-08;14;489
25;2025-12-08;15;592
25;2025-12-08;16;724
25;2025-12-08;17;767
25;2025-12-08;18;780
25;2025-12-08;19;614
25;2025-12-08;20;327
25;2025-12-08;21;214
25;2025-12-08;22;98
25;2025-12-08;23;5
25;2025-12-09;0;0
25;2025-12-09;1;0
25;2025-12-09;2;0
25;2025-12-09;3;0
25;2025-12-09;4;0
25;2025-12-09;5;21
25;2025-12-09;6;288
25;2025-12-09;7;552
25;2025-12-09;8;879
25;2025-12-09;9;480
25;2025-12-09;10;389
25;2025-12-09;11;458
25;2025-12-09;12;436
25;2025-12-09;13;538
25;2025-12-09;14;489
25;2025-12-09;15;592
25;2025-12-09;16;724
25;2025-12-09;17;767
25;2025-12-09;18;780
25;2025-12-09;19;614
25;2025-12-09;20;327
25;2025-12-09;21;214
25;2025-12-09;22;98
25;2025-12-09;23;5
25;2025-12-10;0;0
25;2025-12-10;1;0
25;2025-12-10;2;0
25;2025-12-10;3;0
25;2025-12-10;4;0
25;2025-12-10;5;21
25;2025-12-10;6;288
25;2025-12-10;7;552
25;2025-12-10;8;879
25;2025-12-10;9;480
25;2025-12-10;10;389
25;2025-12-10;11;458
25;2025-12-10;12;436
25;2025-12-10;13;538
25;2025-12-10;14;489
25;2025-12-10;15;592
25;2025-12-10;16;724
25;2025-12-10;17;767
25;2025-12-10;18;780
25;2025-12-10;19;614
25;2025-12-10;20;327
25;2025-12-10;21;214
25;2025-12-10;22;98
25;2025-12-10;23;5
25;2025-12-11;0;0
25;2025-12-11;1;0
25;2025-12-11;2;0
25;2025-12-11;3;0
25;2025-12-11;4;0
25;2025-12-11;5;21
25;2025-12-11;6;288
25;2025-12-11;7;552
25;2025-12-11;8;879
25;2025-12-11;9;480
25;2025-12-11;10;389
25;2025-12-11;11;458
25;2025-12-11;12;436
25;2025-12-11;13;538
25;2025-12-11;14;489
25;2025-12-11;15;592
25;2025-12-11;16;724
25;2025-12-11;17;767
25;2025-12-11;18;780
25;2025-12-11;19;614
25;2025-12-11;20;327
25;2025-12-11;21;214
25;2025-12-11;22;98
25;2025-12-11;23;5
25;2025-12-12;0;0
25;2025-12-12;1;0
25;2025-12-12;2;0
25;2025-12-12;3;0
25;2025-12-12;4;0
25;2025-12-12;5;21
25;2025-12-12;6;288
25;2025-12-12;7;552
25;2025-12-12;8;879
25;2025-12-12;9;480
25;2025-12-12;10;389
25;2025-12-12;11;458
25;2025-12-12;12;436
25;2025-12-12;13;538
25;2025-12-12;14;489
25;2025-12-12;15;592
25;2025-12-12;16;724
25;2025-12-12;17;767
25;2025-12-12;18;780
25;2025-12-12;19;614
25;2025-12-12;20;327
25;2025-12-12;21;214
25;2025-12-12;22;98
25;2025-12-12;23;5
25;2025-12-13;0;25
25;2025-12-13;1;0
25;2025-12-13;2;0
25;2025-12-13;3;0
25;2025-12-13;4;0
25;2025-12-13;5;31
25;2025-12-13;6;154
25;2025-12-13;7;139
25;2025-12-13;8;322
25;2025-12-13;9;247
25;2025-12-13;10;262
25;2025-12-13;11;446
25;2025-12-13;12;388
25;2025-12-13;13;633
25;2025-12-13;14;648
25;2025-12-13;15;719
25;2025-12-13;16;621
25;2025-12-13;17;542
25;2025-12-13;18;550
25;2025-12-13;19;528
25;2025-12-13;20;273
25;2025-12-13;21;233
25;2025-12-13;22;125
25;2025-12-13;23;52
25;2025-12-14;0;17
25;2025-12-14;1;2
25;2025-12-14;2;0
25;2025-12-14;3;0
25;2025-12-14;4;0
25;2025-12-14;5;17
25;2025-12-14;6;144
25;2025-12-14;7;111
25;2025-12-14;8;161
25;2025-12-14;9;227
25;2025-12-14;10;227
25;2025-12-14;11;313
25;2025-12-14;12;384
25;2025-12-14;13;463
25;2025-12-14;14;478
25;2025-12-14;15;575
25;2025-12-14;16;532
25;2025-12-14;17;536
25;2025-12-14;18;433
25;2025-12-14;19;314
25;2025-12-14;20;255
25;2025-12-14;21;161
25;2025-12-14;22;101
25;2025-12-14;23;30
25;2025-12-15;0;0
25;2025-12-15;1;0
25;2025-12-15;2;0
25;2025-12-15;3;0
25;2025-12-15;4;0
25;2025-12-15;5;21
25;2025-12-15;6;288
25;2025-12-15;7;552
25;2025-12-15;8;879
25;2025-12-15;9;480
25;2025-12-15;10;389
25;2025-12-15;11;458
25;2025-12-15;12;436
25;2025-12-15;13;538
25;2025-12-15;14;489
25;2025-12-15;15;592
25;2025-12-15;16;724
25;2025-12-15;17;767
25;2025-12-15;18;780
25;2025-12-15;19;614
25;2025-12-15;20;327
25;2025-12-15;21;214
25;2025-12-15;22;98
25;2025-12-15;23;5
25;2025-12-16;0;0
25;2025-12-16;1;0
25;2025-12-16;2;0
25;2025-12-16;3;0
25;2025-12-16;4;0
25;2025-12-16;5;21
25;2025-12-16;6;288
25;2025-12-16;7;552
25;2025-12-16;8;879
25;2025-12-16;9;480
25;2025-12-16;10;389
25;2025-12-16;11;458
25;2025-12-16;12;436
25;2025-12-16;13;538
25;2025-12-16;14;489
25;2025-12-16;15;592
25;2025-12-16;16;724
25;2025-12-16;17;767
25;2025-12-16;18;780
25;2025-12-16;19;614
25;2025-12-16;20;327
25;2025-12-16;21;214
25;2025-12-16;22;98
25;2025-12-16;23;5
25;2025-12-17;0;0
25;2025-12-17;1;0
25;2025-12-17;2;0
25;2025-12-17;3;0
25;2025-12-17;4;0
25;2025-12-17;5;21
25;2025-12-17;6;288
25;2025-12-17;7;552
25;2025-12-17;8;879
25;2025-12-17;9;480
25;2025-12-17;10;389
25;2025-12-17;11;458
25;2025-12-17;12;436
25;2025-12-17;13;538
25;2025-12-17;14;489
25;2025-12-17;15;592
25;2025-12-17;16;724
25;2025-12-17;17;767
25;2025-12-17;18;780
25;2025-12-17;19;614
25;2025-12-17;20;327
25;2025-12-17;21;214
25;2025-12-17;22;98
25;2025-12-17;23;5
25;2025-12-18;0;0
25;2025-12-18;1;0
25;2025-12-18;2;0
25;2025-12-18;3;0
25;2025-12-18;4;0
25;2025-12-18;5;21
25;2025-12-18;6;288
25;2025-12-18;7;552
25;2025-12-18;8;879
25;2025-12-18;9;480
25;2025-12-18;10;389
25;2025-12-18;11;458
25;2025-12-18;12;436
25;2025-12-18;13;538
25;2025-12-18;14;489
25;2025-12-18;15;592
25;2025-12-18;16;724
25;2025-12-18;17;767
25;2025-12-18;18;780
25;2025-12-18;19;614
25;2025-12-18;20;327
25;2025-12-18;21;214
25;2025-12-18;22;98
25;2025-12-18;23;5
25;2025-12-19;0;0
25;2025-12-19;1;0
25;2025-12-19;2;0
25;2025-12-19;3;0
25;2025-12-19;4;0
25;2025-12-19;5;21
25;2025-12-19;6;288
25;2025-12-19;7;552
25;2025-12-19;8;879
25;2025-12-19;9;480
25;2025-12-19;10;389
25;2025-12-19;11;458
25;2025-12-19;12;436
25;2025-12-19;13;538
25;2025-12-19;14;489
25;2025-12-19;15;592
25;2025-12-19;16;724
25;2025-12-19;17;767
25;2025-12-19;18;780
25;2025-12-19;19;614
25;2025-12-19;20;327
25;2025-12-19;21;214
25;2025-12-19;22;98
25;2025-12-19;23;5
25;2025-12-20;0;25
25;2025-12-20;1;0
25;2025-12-20;2;0
25;2025-12-20;3;0
25;2025-12-20;4;0
25;2025-12-20;5;31
25;2025-12-20;6;154
25;2025-12-20;7;139
25;2025-12-20;8;322
25;2025-12-20;9;247
25;2025-12-20;10;262
25;2025-12-20;11;446
25;2025-12-20;12;388
25;2025-12-20;13;633
25;2025-12-20;14;648
25;2025-12-20;15;719
25;2025-12-20;16;621
25;2025-12-20;17;542
25;2025-12-20;18;550
25;2025-12-20;19;528
25;2025-12-20;20;273
25;2025-12-20;21;233
25;2025-12-20;22;125
25;2025-12-20;23;52
25;2025-12-21;0;17
25;2025-12-21;1;2
25;2025-12-21;2;0
25;2025-12-21;3;0
25;2025-12-21;4;0
25;2025-12-21;5;17
25;2025-12-21;6;144
25;2025-12-21;7;111
25;2025-12-21;8;161
25;2025-12-21;9;227
25;2025-12-21;10;227
25;2025-12-21;11;313
25;2025-12-21;12;384
25;2025-12-21;13;463
25;2025-12-21;14;478
25;2025-12-21;15;575
25;2025-12-21;16;532
25;2025-12-21;17;536
25;2025-12-21;18;433
25;2025-12-21;19;314
25;2025-12-21;20;255
25;2025-12-21;21;161
25;2025-12-21;22;101
25;2025-12-21;23;30
25;2025-12-22;0;0
25;2025-12-22;1;0
25;2025-12-22;2;0
25;2025-12-22;3;0
25;2025-12-22;4;0
25;2025-12-22;5;21
25;2025-12-22;6;288
25;2025-12-22;7;552
25;2025-12-22;8;879
25;2025-12-22;9;480
25;2025-12-22;10;389
25;2025-12-22;11;458
25;2025-12-22;12;436
25;2025-12-22;13;538
25;2025-12-22;14;489
25;2025-12-22;15;592
25;2025-12-22;16;724
25;2025-12-22;17;767
25;2025-12-22;18;780
25;2025-12-22;19;614
25;2025-12-22;20;327
25;2025-12-22;21;214
25;2025-12-22;22;98
25;2025-12-22;23;5
25;2025-12-23;0;0
25;2025-12-23;1;0
25;2025-12-23;2;0
25;2025-12-23;3;0
25;2025-12-23;4;0
25;2025-12-23;5;21
25;2025-12-23;6;288
25;2025-12-23;7;552
25;2025-12-23;8;879
25;2025-12-23;9;480
25;2025-12-23;10;389
25;2025-12-23;11;458
25;2025-12-23;12;436
25;2025-12-23;13;538
25;2025-12-23;14;489
25;2025-12-23;15;592
25;2025-12-23;16;724
25;2025-12-23;17;767
25;2025-12-23;18;780
25;2025-12-23;19;614
25;2025-12-23;20;327
25;2025-12-23;21;214
25;2025-12-23;22;98
25;2025-12-23;23;5
25;2025-12-24;0;0
25;2025-12-24;1;0
25;2025-12-24;2;0
25;2025-12-24;3;0
25;2025-12-24;4;0
25;2025-12-24;5;21
25;2025-12-24;6;288
25;2025-12-24;7;552
25;2025-12-24;8;879
25;2025-12-24;9;480
25;2025-12-24;10;389
25;2025-12-24;11;458
25;2025-12-24;12;436
25;2025-12-24;13;538
25;2025-12-24;14;489
25;2025-12-24;15;592
25;2025-12-24;16;724
25;2025-12-24;17;767
25;2025-12-24;18;780
25;2025-12-24;19;614
25;2025-12-24;20;327
25;2025-12-24;21;214
25;2025-12-24;22;98
25;2025-12-24;23;5
25;2025-12-25;0;0
25;2025-12-25;1;0
25;2025-12-25;2;0
25;2025-12-25;3;0
25;2025-12-25;4;0
25;2025-12-25;5;21
25;2025-12-25;6;288
25;2025-12-25;7;552
25;2025-12-25;8;879
25;2025-12-25;9;480
25;2025-12-25;10;389
25;2025-12-25;11;458
25;2025-12-25;12;436
25;2025-12-25;13;538
25;2025-12-25;14;489
25;2025-12-25;15;592
25;2025-12-25;16;724
25;2025-12-25;17;767
25;2025-12-25;18;780
25;2025-12-25;19;614
25;2025-12-25;20;327
25;2025-12-25;21;214
25;2025-12-25;22;98
25;2025-12-25;23;5
25;2025-12-26;0;0
25;2025-12-26;1;0
25;2025-12-26;2;0
25;2025-12-26;3;0
25;2025-12-26;4;0
25;2025-12-26;5;21
25;2025-12-26;6;288
25;2025-12-26;7;552
25;2025-12-26;8;879
25;2025-12-26;9;480
25;2025-12-26;10;389
25;2025-12-26;11;458
25;2025-12-26;12;436
25;2025-12-26;13;538
25;2025-12-26;14;489
25;2025-12-26;15;592
25;2025-12-26;16;724
25;2025-12-26;17;767
25;2025-12-26;18;780
25;2025-12-26;19;614
25;2025-12-26;20;327
25;2025-12-26;21;214
25;2025-12-26;22;98
25;2025-12-26;23;5
25;2025-12-27;0;25
25;2025-12-27;1;0
25;2025-12-27;2;0
25;2025-12-27;3;0
25;2025-12-27;4;0
25;2025-12-27;5;31
25;2025-12-27;6;154
25;2025-12-27;7;139
25;2025-12-27;8;322
25;2025-12-27;9;247
25;2025-12-27;10;262
25;2025-12-27;11;446
25;2025-12-27;12;388
25;2025-12-27;13;633
25;2025-12-27;14;648
25;2025-12-27;15;719
25;2025-12-27;16;621
25;2025-12-27;17;542
25;2025-12-27;18;550
25;2025-12-27;19;528
25;2025-12-27;20;273
25;2025-12-27;21;233
25;2025-12-27;22;125
25;2025-12-27;23;52
25;2025-12-28;0;17
25;2025-12-28;1;2
25;2025-12-28;2;0
25;2025-12-28;3;0
25;2025-12-28;4;0
25;2025-12-28;5;17
25;2025-12-28;6;144
25;2025-12-28;7;111
25;2025-12-28;8;161
25;2025-12-28;9;227
25;2025-12-28;10;227
25;2025-12-28;11;313
25;2025-12-28;12;384
25;2025-12-28;13;463
25;2025-12-28;14;478
25;2025-12-28;15;575
25;2025-12-28;16;532
25;2025-12-28;17;536
25;2025-12-28;18;433
25;2025-12-28;19;314
25;2025-12-28;20;255
25;2025-12-28;21;161
25;2025-12-28;22;101
25;2025-12-28;23;30
25;2025-12-29;0;0
25;2025-12-29;1;0
25;2025-12-29;2;0
25;2025-12-29;3;0
25;2025-12-29;4;0
25;2025-12-29;5;18
25;2025-12-29;6;245
25;2025-12-29;7;469
25;2025-12-29;8;747
25;2025-12-29;9;408
25;2025-12-29;10;330
25;2025-12-29;11;389
25;2025-12-29;12;371
25;2025-12-29;13;457
25;2025-12-29;14;416
25;2025-12-29;15;504
25;2025-12-29;16;615
25;2025-12-29;17;652
25;2025-12-29;18;663
25;2025-12-29;19;522
25;2025-12-29;20;278
25;2025-12-29;21;182
25;2025-12-29;22;83
25;2025-12-29;23;4
25;2025-12-30;0;0
25;2025-12-30;1;0
25;2025-12-30;2;0
25;2025-12-30;3;0
25;2025-12-30;4;0
25;2025-12-30;5;18
25;2025-12-30;6;245
25;2025-12-30;7;469
25;2025-12-30;8;747
25;2025-12-30;9;408
25;2025-12-30;10;330
25;2025-12-30;11;389
25;2025-12-30;12;371
25;2025-12-30;13;457
25;2025-12-30;14;416
25;2025-12-30;15;504
25;2025-12-30;16;615
25;2025-12-30;17;652
25;2025-12-30;18;663
25;2025-12-30;19;522
25;2025-12-30;20;278
25;2025-12-30;21;182
25;2025-12-30;22;83
25;2025-12-30;23;4
25;2025-12-31;0;14
25;2025-12-31;1;2
25;2025-12-31;2;0
25;2025-12-31;3;0
25;2025-12-31;4;0
25;2025-12-31;5;14
25;2025-12-31;6;123
25;2025-12-31;7;95
25;2025-12-31;8;138
25;2025-12-31;9;194
25;2025-12-31;10;194
25;2025-12-31;11;268
25;2025-12-31;12;328
25;2025-12-31;13;396
25;2025-12-31;14;408
25;2025-12-31;15;491
25;2025-12-31;16;455
25;2025-12-31;17;458
25;2025-12-31;18;370
25;2025-12-31;19;269
25;2025-12-31;20;0
25;2025-12-31;21;0
25;2025-12-31;22;0
25;2025-12-31;23;0
26;2025-11-01;0;27
26;2025-11-01;1;1
26;2025-11-01;2;0
26;2025-11-01;3;0
26;2025-11-01;4;2
26;2025-11-01;5;78
26;2025-11-01;6;401
26;2025-11-01;7;886
26;2025-11-01;8;1901
26;2025-11-01;9;1197
26;2025-11-01;10;1042
26;2025-11-01;11;974
26;2025-11-01;12;967
26;2025-11-01;13;1047
26;2025-11-01;14;1155
26;2025-11-01;15;1174
26;2025-11-01;16;1297
26;2025-11-01;17;1466
26;2025-11-01;18;1533
26;2025-11-01;19;1014
26;2025-11-01;20;613
26;2025-11-01;21;410
26;2025-11-01;22;165
26;2025-11-01;23;110
26;2025-11-02;0;55
26;2025-11-02;1;1
26;2025-11-02;2;0
26;2025-11-02;3;0
26;2025-11-02;4;2
26;2025-11-02;5;22
26;2025-11-02;6;143
26;2025-11-02;7;263
26;2025-11-02;8;393
26;2025-11-02;9;510
26;2025-11-02;10;536
26;2025-11-02;11;826
26;2025-11-02;12;834
26;2025-11-02;13;880
26;2025-11-02;14;866
26;2025-11-02;15;803
26;2025-11-02;16;708
26;2025-11-02;17;791
26;2025-11-02;18;623
26;2025-11-02;19;532
26;2025-11-02;20;374
26;2025-11-02;21;276
26;2025-11-02;22;174
26;2025-11-02;23;141
26;2025-11-03;0;52
26;2025-11-03;1;1
26;2025-11-03;2;0
26;2025-11-03;3;0
26;2025-11-03;4;2
26;2025-11-03;5;21
26;2025-11-03;6;136
26;2025-11-03;7;250
26;2025-11-03;8;373
26;2025-11-03;9;485
26;2025-11-03;10;510
26;2025-11-03;11;785
26;2025-11-03;12;793
26;2025-11-03;13;836
26;2025-11-03;14;823
26;2025-11-03;15;763
26;2025-11-03;16;673
26;2025-11-03;17;752
26;2025-11-03;18;592
26;2025-11-03;19;506
26;2025-11-03;20;355
26;2025-11-03;21;262
26;2025-11-03;22;166
26;2025-11-03;23;134
26;2025-11-04;0;52
26;2025-11-04;1;1
26;2025-11-04;2;0
26;2025-11-04;3;0
26;2025-11-04;4;2
26;2025-11-04;5;21
26;2025-11-04;6;136
26;2025-11-04;7;250
26;2025-11-04;8;373
26;2025-11-04;9;485
26;2025-11-04;10;510
26;2025-11-04;11;785
26;2025-11-04;12;793
26;2025-11-04;13;836
26;2025-11-04;14;823
26;2025-11-04;15;763
26;2025-11-04;16;673
26;2025-11-04;17;752
26;2025-11-04;18;592
26;2025-11-04;19;506
26;2025-11-04;20;355
26;2025-11-04;21;262
26;2025-11-04;22;166
26;2025-11-04;23;134
26;2025-11-05;0;32
26;2025-11-05;1;1
26;2025-11-05;2;0
26;2025-11-05;3;0
26;2025-11-05;4;2
26;2025-11-05;5;92
26;2025-11-05;6;472
26;2025-11-05;7;1042
26;2025-11-05;8;2236
26;2025-11-05;9;1408
26;2025-11-05;10;1226
26;2025-11-05;11;1146
26;2025-11-05;12;1137
26;2025-11-05;13;1231
26;2025-11-05;14;1359
26;2025-11-05;15;1381
26;2025-11-05;16;1526
26;2025-11-05;17;1725
26;2025-11-05;18;1804
26;2025-11-05;19;1193
26;2025-11-05;20;721
26;2025-11-05;21;482
26;2025-11-05;22;195
26;2025-11-05;23;129
26;2025-11-06;0;32
26;2025-11-06;1;1
26;2025-11-06;2;0
26;2025-11-06;3;0
26;2025-11-06;4;2
26;2025-11-06;5;92
26;2025-11-06;6;472
26;2025-11-06;7;1042
26;2025-11-06;8;2236
26;2025-11-06;9;1408
26;2025-11-06;10;1226
26;2025-11-06;11;1146
26;2025-11-06;12;1137
26;2025-11-06;13;1231
26;2025-11-06;14;1359
26;2025-11-06;15;1381
26;2025-11-06;16;1526
26;2025-11-06;17;1725
26;2025-11-06;18;1804
26;2025-11-06;19;1193
26;2025-11-06;20;721
26;2025-11-06;21;482
26;2025-11-06;22;195
26;2025-11-06;23;129
26;2025-11-07;0;32
26;2025-11-07;1;1
26;2025-11-07;2;0
26;2025-11-07;3;0
26;2025-11-07;4;2
26;2025-11-07;5;92
26;2025-11-07;6;472
26;2025-11-07;7;1042
26;2025-11-07;8;2236
26;2025-11-07;9;1408
26;2025-11-07;10;1226
26;2025-11-07;11;1146
26;2025-11-07;12;1137
26;2025-11-07;13;1231
26;2025-11-07;14;1359
26;2025-11-07;15;1381
26;2025-11-07;16;1526
26;2025-11-07;17;1725
26;2025-11-07;18;1804
26;2025-11-07;19;1193
26;2025-11-07;20;721
26;2025-11-07;21;482
26;2025-11-07;22;195
26;2025-11-07;23;129
26;2025-11-08;0;47
26;2025-11-08;1;0
26;2025-11-08;2;0
26;2025-11-08;3;0
26;2025-11-08;4;1
26;2025-11-08;5;50
26;2025-11-08;6;190
26;2025-11-08;7;341
26;2025-11-08;8;592
26;2025-11-08;9;677
26;2025-11-08;10;878
26;2025-11-08;11;982
26;2025-11-08;12;1104
26;2025-11-08;13;1111
26;2025-11-08;14;1061
26;2025-11-08;15;956
26;2025-11-08;16;1022
26;2025-11-08;17;995
26;2025-11-08;18;819
26;2025-11-08;19;861
26;2025-11-08;20;647
26;2025-11-08;21;407
26;2025-11-08;22;227
26;2025-11-08;23;191
26;2025-11-09;0;55
26;2025-11-09;1;1
26;2025-11-09;2;0
26;2025-11-09;3;0
26;2025-11-09;4;2
26;2025-11-09;5;22
26;2025-11-09;6;143
26;2025-11-09;7;263
26;2025-11-09;8;393
26;2025-11-09;9;510
26;2025-11-09;10;536
26;2025-11-09;11;826
26;2025-11-09;12;834
26;2025-11-09;13;880
26;2025-11-09;14;866
26;2025-11-09;15;803
26;2025-11-09;16;708
26;2025-11-09;17;791
26;2025-11-09;18;623
26;2025-11-09;19;532
26;2025-11-09;20;374
26;2025-11-09;21;276
26;2025-11-09;22;174
26;2025-11-09;23;141
26;2025-11-10;0;32
26;2025-11-10;1;1
26;2025-11-10;2;0
26;2025-11-10;3;0
26;2025-11-10;4;2
26;2025-11-10;5;92
26;2025-11-10;6;472
26;2025-11-10;7;1042
26;2025-11-10;8;2236
26;2025-11-10;9;1408
26;2025-11-10;10;1226
26;2025-11-10;11;1146
26;2025-11-10;12;1137
26;2025-11-10;13;1231
26;2025-11-10;14;1359
26;2025-11-10;15;1381
26;2025-11-10;16;1526
26;2025-11-10;17;1725
26;2025-11-10;18;1804
26;2025-11-10;19;1193
26;2025-11-10;20;721
26;2025-11-10;21;482
26;2025-11-10;22;195
26;2025-11-10;23;129
26;2025-11-11;0;32
26;2025-11-11;1;1
26;2025-11-11;2;0
26;2025-11-11;3;0
26;2025-11-11;4;2
26;2025-11-11;5;92
26;2025-11-11;6;472
26;2025-11-11;7;1042
26;2025-11-11;8;2236
26;2025-11-11;9;1408
26;2025-11-11;10;1226
26;2025-11-11;11;1146
26;2025-11-11;12;1137
26;2025-11-11;13;1231
26;2025-11-11;14;1359
26;2025-11-11;15;1381
26;2025-11-11;16;1526
26;2025-11-11;17;1725
26;2025-11-11;18;1804
26;2025-11-11;19;1193
26;2025-11-11;20;721
26;2025-11-11;21;482
26;2025-11-11;22;195
26;2025-11-11;23;129
26;2025-11-12;0;32
26;2025-11-12;1;1
26;2025-11-12;2;0
26;2025-11-12;3;0
26;2025-11-12;4;2
26;2025-11-12;5;92
26;2025-11-12;6;472
26;2025-11-12;7;1042
26;2025-11-12;8;2236
26;2025-11-12;9;1408
26;2025-11-12;10;1226
26;2025-11-12;11;1146
26;2025-11-12;12;1137
26;2025-11-12;13;1231
26;2025-11-12;14;1359
26;2025-11-12;15;1381
26;2025-11-12;16;1526
26;2025-11-12;17;1725
26;2025-11-12;18;1804
26;2025-11-12;19;1193
26;2025-11-12;20;721
26;2025-11-12;21;482
26;2025-11-12;22;195
26;2025-11-12;23;129
26;2025-11-13;0;32
26;2025-11-13;1;1
26;2025-11-13;2;0
26;2025-11-13;3;0
26;2025-11-13;4;2
26;2025-11-13;5;92
26;2025-11-13;6;472
26;2025-11-13;7;1042
26;2025-11-13;8;2236
26;2025-11-13;9;1408
26;2025-11-13;10;1226
26;2025-11-13;11;1146
26;2025-11-13;12;1137
26;2025-11-13;13;1231
26;2025-11-13;14;1359
26;2025-11-13;15;1381
26;2025-11-13;16;1526
26;2025-11-13;17;1725
26;2025-11-13;18;1804
26;2025-11-13;19;1193
26;2025-11-13;20;721
26;2025-11-13;21;482
26;2025-11-13;22;195
26;2025-11-13;23;129
26;2025-11-14;0;32
26;2025-11-14;1;1
26;2025-11-14;2;0
26;2025-11-14;3;0
26;2025-11-14;4;2
26;2025-11-14;5;92
26;2025-11-14;6;472
26;2025-11-14;7;1042
26;2025-11-14;8;2236
26;2025-11-14;9;1408
26;2025-11-14;10;1226
26;2025-11-14;11;1146
26;2025-11-14;12;1137
26;2025-11-14;13;1231
26;2025-11-14;14;1359
26;2025-11-14;15;1381
26;2025-11-14;16;1526
26;2025-11-14;17;1725
26;2025-11-14;18;1804
26;2025-11-14;19;1193
26;2025-11-14;20;721
26;2025-11-14;21;482
26;2025-11-14;22;195
26;2025-11-14;23;129
26;2025-11-15;0;47
26;2025-11-15;1;0
26;2025-11-15;2;0
26;2025-11-15;3;0
26;2025-11-15;4;1
26;2025-11-15;5;50
26;2025-11-15;6;190
26;2025-11-15;7;341
26;2025-11-15;8;592
26;2025-11-15;9;677
26;2025-11-15;10;878
26;2025-11-15;11;982
26;2025-11-15;12;1104
26;2025-11-15;13;1111
26;2025-11-15;14;1061
26;2025-11-15;15;956
26;2025-11-15;16;1022
26;2025-11-15;17;995
26;2025-11-15;18;819
26;2025-11-15;19;861
26;2025-11-15;20;647
26;2025-11-15;21;407
26;2025-11-15;22;227
26;2025-11-15;23;191
26;2025-11-16;0;55
26;2025-11-16;1;1
26;2025-11-16;2;0
26;2025-11-16;3;0
26;2025-11-16;4;2
26;2025-11-16;5;22
26;2025-11-16;6;143
26;2025-11-16;7;263
26;2025-11-16;8;393
26;2025-11-16;9;510
26;2025-11-16;10;536
26;2025-11-16;11;826
26;2025-11-16;12;834
26;2025-11-16;13;880
26;2025-11-16;14;866
26;2025-11-16;15;803
26;2025-11-16;16;708
26;2025-11-16;17;791
26;2025-11-16;18;623
26;2025-11-16;19;532
26;2025-11-16;20;374
26;2025-11-16;21;276
26;2025-11-16;22;174
26;2025-11-16;23;141
26;2025-11-17;0;32
26;2025-11-17;1;1
26;2025-11-17;2;0
26;2025-11-17;3;0
26;2025-11-17;4;2
26;2025-11-17;5;92
26;2025-11-17;6;472
26;2025-11-17;7;1042
26;2025-11-17;8;2236
26;2025-11-17;9;1408
26;2025-11-17;10;1226
26;2025-11-17;11;1146
26;2025-11-17;12;1137
26;2025-11-17;13;1231
26;2025-11-17;14;1359
26;2025-11-17;15;1381
26;2025-11-17;16;1526
26;2025-11-17;17;1725
26;2025-11-17;18;1804
26;2025-11-17;19;1193
26;2025-11-17;20;721
26;2025-11-17;21;482
26;2025-11-17;22;195
26;2025-11-17;23;129
26;2025-11-18;0;32
26;2025-11-18;1;1
26;2025-11-18;2;0
26;2025-11-18;3;0
26;2025-11-18;4;2
26;2025-11-18;5;92
26;2025-11-18;6;472
26;2025-11-18;7;1042
26;2025-11-18;8;2236
26;2025-11-18;9;1408
26;2025-11-18;10;1226
26;2025-11-18;11;1146
26;2025-11-18;12;1137
26;2025-11-18;13;1231
26;2025-11-18;14;1359
26;2025-11-18;15;1381
26;2025-11-18;16;1526
26;2025-11-18;17;1725
26;2025-11-18;18;1804
26;2025-11-18;19;1193
26;2025-11-18;20;721
26;2025-11-18;21;482
26;2025-11-18;22;195
26;2025-11-18;23;129
26;2025-11-19;0;32
26;2025-11-19;1;1
26;2025-11-19;2;0
26;2025-11-19;3;0
26;2025-11-19;4;2
26;2025-11-19;5;92
26;2025-11-19;6;472
26;2025-11-19;7;1042
26;2025-11-19;8;2236
26;2025-11-19;9;1408
26;2025-11-19;10;1226
26;2025-11-19;11;1146
26;2025-11-19;12;1137
26;2025-11-19;13;1231
26;2025-11-19;14;1359
26;2025-11-19;15;1381
26;2025-11-19;16;1526
26;2025-11-19;17;1725
26;2025-11-19;18;1804
26;2025-11-19;19;1193
26;2025-11-19;20;721
26;2025-11-19;21;482
26;2025-11-19;22;195
26;2025-11-19;23;129
26;2025-11-20;0;32
26;2025-11-20;1;1
26;2025-11-20;2;0
26;2025-11-20;3;0
26;2025-11-20;4;2
26;2025-11-20;5;92
26;2025-11-20;6;472
26;2025-11-20;7;1042
26;2025-11-20;8;2236
26;2025-11-20;9;1408
26;2025-11-20;10;1226
26;2025-11-20;11;1146
26;2025-11-20;12;1137
26;2025-11-20;13;1231
26;2025-11-20;14;1359
26;2025-11-20;15;1381
26;2025-11-20;16;1526
26;2025-11-20;17;1725
26;2025-11-20;18;1804
26;2025-11-20;19;1193
26;2025-11-20;20;721
26;2025-11-20;21;482
26;2025-11-20;22;195
26;2025-11-20;23;129
26;2025-11-21;0;32
26;2025-11-21;1;1
26;2025-11-21;2;0
26;2025-11-21;3;0
26;2025-11-21;4;2
26;2025-11-21;5;92
26;2025-11-21;6;472
26;2025-11-21;7;1042
26;2025-11-21;8;2236
26;2025-11-21;9;1408
26;2025-11-21;10;1226
26;2025-11-21;11;1146
26;2025-11-21;12;1137
26;2025-11-21;13;1231
26;2025-11-21;14;1359
26;2025-11-21;15;1381
26;2025-11-21;16;1526
26;2025-11-21;17;1725
26;2025-11-21;18;1804
26;2025-11-21;19;1193
26;2025-11-21;20;721
26;2025-11-21;21;482
26;2025-11-21;22;195
26;2025-11-21;23;129
26;2025-11-22;0;47
26;2025-11-22;1;0
26;2025-11-22;2;0
26;2025-11-22;3;0
26;2025-11-22;4;1
26;2025-11-22;5;50
26;2025-11-22;6;190
26;2025-11-22;7;341
26;2025-11-22;8;592
26;2025-11-22;9;677
26;2025-11-22;10;878
26;2025-11-22;11;982
26;2025-11-22;12;1104
26;2025-11-22;13;1111
26;2025-11-22;14;1061
26;2025-11-22;15;956
26;2025-11-22;16;1022
26;2025-11-22;17;995
26;2025-11-22;18;819
26;2025-11-22;19;861
26;2025-11-22;20;647
26;2025-11-22;21;407
26;2025-11-22;22;227
26;2025-11-22;23;191
26;2025-11-23;0;55
26;2025-11-23;1;1
26;2025-11-23;2;0
26;2025-11-23;3;0
26;2025-11-23;4;2
26;2025-11-23;5;22
26;2025-11-23;6;143
26;2025-11-23;7;263
26;2025-11-23;8;393
26;2025-11-23;9;510
26;2025-11-23;10;536
26;2025-11-23;11;826
26;2025-11-23;12;834
26;2025-11-23;13;880
26;2025-11-23;14;866
26;2025-11-23;15;803
26;2025-11-23;16;708
26;2025-11-23;17;791
26;2025-11-23;18;623
26;2025-11-23;19;532
26;2025-11-23;20;374
26;2025-11-23;21;276
26;2025-11-23;22;174
26;2025-11-23;23;141
26;2025-11-24;0;32
26;2025-11-24;1;1
26;2025-11-24;2;0
26;2025-11-24;3;0
26;2025-11-24;4;2
26;2025-11-24;5;92
26;2025-11-24;6;472
26;2025-11-24;7;1042
26;2025-11-24;8;2236
26;2025-11-24;9;1408
26;2025-11-24;10;1226
26;2025-11-24;11;1146
26;2025-11-24;12;1137
26;2025-11-24;13;1231
26;2025-11-24;14;1359
26;2025-11-24;15;1381
26;2025-11-24;16;1526
26;2025-11-24;17;1725
26;2025-11-24;18;1804
26;2025-11-24;19;1193
26;2025-11-24;20;721
26;2025-11-24;21;482
26;2025-11-24;22;195
26;2025-11-24;23;129
26;2025-11-25;0;32
26;2025-11-25;1;1
26;2025-11-25;2;0
26;2025-11-25;3;0
26;2025-11-25;4;2
26;2025-11-25;5;92
26;2025-11-25;6;472
26;2025-11-25;7;1042
26;2025-11-25;8;2236
26;2025-11-25;9;1408
26;2025-11-25;10;1226
26;2025-11-25;11;1146
26;2025-11-25;12;1137
26;2025-11-25;13;1231
26;2025-11-25;14;1359
26;2025-11-25;15;1381
26;2025-11-25;16;1526
26;2025-11-25;17;1725
26;2025-11-25;18;1804
26;2025-11-25;19;1193
26;2025-11-25;20;721
26;2025-11-25;21;482
26;2025-11-25;22;195
26;2025-11-25;23;129
26;2025-11-26;0;32
26;2025-11-26;1;1
26;2025-11-26;2;0
26;2025-11-26;3;0
26;2025-11-26;4;2
26;2025-11-26;5;92
26;2025-11-26;6;472
26;2025-11-26;7;1042
26;2025-11-26;8;2236
26;2025-11-26;9;1408
26;2025-11-26;10;1226
26;2025-11-26;11;1146
26;2025-11-26;12;1137
26;2025-11-26;13;1231
26;2025-11-26;14;1359
26;2025-11-26;15;1381
26;2025-11-26;16;1526
26;2025-11-26;17;1725
26;2025-11-26;18;1804
26;2025-11-26;19;1193
26;2025-11-26;20;721
26;2025-11-26;21;482
26;2025-11-26;22;195
26;2025-11-26;23;129
26;2025-11-27;0;32
26;2025-11-27;1;1
26;2025-11-27;2;0
26;2025-11-27;3;0
26;2025-11-27;4;2
26;2025-11-27;5;92
26;2025-11-27;6;472
26;2025-11-27;7;1042
26;2025-11-27;8;2236
26;2025-11-27;9;1408
26;2025-11-27;10;1226
26;2025-11-27;11;1146
26;2025-11-27;12;1137
26;2025-11-27;13;1231
26;2025-11-27;14;1359
26;2025-11-27;15;1381
26;2025-11-27;16;1526
26;2025-11-27;17;1725
26;2025-11-27;18;1804
26;2025-11-27;19;1193
26;2025-11-27;20;721
26;2025-11-27;21;482
26;2025-11-27;22;195
26;2025-11-27;23;129
26;2025-11-28;0;32
26;2025-11-28;1;1
26;2025-11-28;2;0
26;2025-11-28;3;0
26;2025-11-28;4;2
26;2025-11-28;5;92
26;2025-11-28;6;472
26;2025-11-28;7;1042
26;2025-11-28;8;2236
26;2025-11-28;9;1408
26;2025-11-28;10;1226
26;2025-11-28;11;1146
26;2025-11-28;12;1137
26;2025-11-28;13;1231
26;2025-11-28;14;1359
26;2025-11-28;15;1381
26;2025-11-28;16;1526
26;2025-11-28;17;1725
26;2025-11-28;18;1804
26;2025-11-28;19;1193
26;2025-11-28;20;721
26;2025-11-28;21;482
26;2025-11-28;22;195
26;2025-11-28;23;129
26;2025-11-29;0;47
26;2025-11-29;1;0
26;2025-11-29;2;0
26;2025-11-29;3;0
26;2025-11-29;4;1
26;2025-11-29;5;50
26;2025-11-29;6;190
26;2025-11-29;7;341
26;2025-11-29;8;592
26;2025-11-29;9;677
26;2025-11-29;10;878
26;2025-11-29;11;982
26;2025-11-29;12;1104
26;2025-11-29;13;1111
26;2025-11-29;14;1061
26;2025-11-29;15;956
26;2025-11-29;16;1022
26;2025-11-29;17;995
26;2025-11-29;18;819
26;2025-11-29;19;861
26;2025-11-29;20;647
26;2025-11-29;21;407
26;2025-11-29;22;227
26;2025-11-29;23;191
26;2025-11-30;0;55
26;2025-11-30;1;1
26;2025-11-30;2;0
26;2025-11-30;3;0
26;2025-11-30;4;2
26;2025-11-30;5;22
26;2025-11-30;6;143
26;2025-11-30;7;263
26;2025-11-30;8;393
26;2025-11-30;9;510
26;2025-11-30;10;536
26;2025-11-30;11;826
26;2025-11-30;12;834
26;2025-11-30;13;880
26;2025-11-30;14;866
26;2025-11-30;15;803
26;2025-11-30;16;708
26;2025-11-30;17;791
26;2025-11-30;18;623
26;2025-11-30;19;532
26;2025-11-30;20;374
26;2025-11-30;21;276
26;2025-11-30;22;174
26;2025-11-30;23;141
26;2025-12-01;0;33
26;2025-12-01;1;1
26;2025-12-01;2;0
26;2025-12-01;3;0
26;2025-12-01;4;2
26;2025-12-01;5;95
26;2025-12-01;6;487
26;2025-12-01;7;1074
26;2025-12-01;8;2306
26;2025-12-01;9;1452
26;2025-12-01;10;1264
26;2025-12-01;11;1182
26;2025-12-01;12;1172
26;2025-12-01;13;1270
26;2025-12-01;14;1401
26;2025-12-01;15;1424
26;2025-12-01;16;1574
26;2025-12-01;17;1778
26;2025-12-01;18;1860
26;2025-12-01;19;1230
26;2025-12-01;20;743
26;2025-12-01;21;497
26;2025-12-01;22;201
26;2025-12-01;23;133
26;2025-12-02;0;33
26;2025-12-02;1;1
26;2025-12-02;2;0
26;2025-12-02;3;0
26;2025-12-02;4;2
26;2025-12-02;5;95
26;2025-12-02;6;487
26;2025-12-02;7;1074
26;2025-12-02;8;2306
26;2025-12-02;9;1452
26;2025-12-02;10;1264
26;2025-12-02;11;1182
26;2025-12-02;12;1172
26;2025-12-02;13;1270
26;2025-12-02;14;1401
26;2025-12-02;15;1424
26;2025-12-02;16;1574
26;2025-12-02;17;1778
26;2025-12-02;18;1860
26;2025-12-02;19;1230
26;2025-12-02;20;743
26;2025-12-02;21;497
26;2025-12-02;22;201
26;2025-12-02;23;133
26;2025-12-03;0;33
26;2025-12-03;1;1
26;2025-12-03;2;0
26;2025-12-03;3;0
26;2025-12-03;4;2
26;2025-12-03;5;95
26;2025-12-03;6;487
26;2025-12-03;7;1074
26;2025-12-03;8;2306
26;2025-12-03;9;1452
26;2025-12-03;10;1264
26;2025-12-03;11;1182
26;2025-12-03;12;1172
26;2025-12-03;13;1270
26;2025-12-03;14;1401
26;2025-12-03;15;1424
26;2025-12-03;16;1574
26;2025-12-03;17;1778
26;2025-12-03;18;1860
26;2025-12-03;19;1230
26;2025-12-03;20;743
26;2025-12-03;21;497
26;2025-12-03;22;201
26;2025-12-03;23;133
26;2025-12-04;0;33
26;2025-12-04;1;1
26;2025-12-04;2;0
26;2025-12-04;3;0
26;2025-12-04;4;2
26;2025-12-04;5;95
26;2025-12-04;6;487
26;2025-12-04;7;1074
26;2025-12-04;8;2306
26;2025-12-04;9;1452
26;2025-12-04;10;1264
26;2025-12-04;11;1182
26;2025-12-04;12;1172
26;2025-12-04;13;1270
26;2025-12-04;14;1401
26;2025-12-04;15;1424
26;2025-12-04;16;1574
26;2025-12-04;17;1778
26;2025-12-04;18;1860
26;2025-12-04;19;1230
26;2025-12-04;20;743
26;2025-12-04;21;497
26;2025-12-04;22;201
26;2025-12-04;23;133
26;2025-12-05;0;33
26;2025-12-05;1;1
26;2025-12-05;2;0
26;2025-12-05;3;0
26;2025-12-05;4;2
26;2025-12-05;5;95
26;2025-12-05;6;487
26;2025-12-05;7;1074
26;2025-12-05;8;2306
26;2025-12-05;9;1452
26;2025-12-05;10;1264
26;2025-12-05;11;1182
26;2025-12-05;12;1172
26;2025-12-05;13;1270
26;2025-12-05;14;1401
26;2025-12-05;15;1424
26;2025-12-05;16;1574
26;2025-12-05;17;1778
26;2025-12-05;18;1860
26;2025-12-05;19;1230
26;2025-12-05;20;743
26;2025-12-05;21;497
26;2025-12-05;22;201
26;2025-12-05;23;133
26;2025-12-06;0;49
26;2025-12-06;1;0
26;2025-12-06;2;0
26;2025-12-06;3;0
26;2025-12-06;4;1
26;2025-12-06;5;52
26;2025-12-06;6;195
26;2025-12-06;7;352
26;2025-12-06;8;610
26;2025-12-06;9;698
26;2025-12-06;10;906
26;2025-12-06;11;1012
26;2025-12-06;12;1138
26;2025-12-06;13;1146
26;2025-12-06;14;1094
26;2025-12-06;15;985
26;2025-12-06;16;1054
26;2025-12-06;17;1026
26;2025-12-06;18;845
26;2025-12-06;19;888
26;2025-12-06;20;667
26;2025-12-06;21;420
26;2025-12-06;22;234
26;2025-12-06;23;196
26;2025-12-07;0;57
26;2025-12-07;1;1
26;2025-12-07;2;0
26;2025-12-07;3;0
26;2025-12-07;4;2
26;2025-12-07;5;23
26;2025-12-07;6;148
26;2025-12-07;7;271
26;2025-12-07;8;405
26;2025-12-07;9;526
26;2025-12-07;10;553
26;2025-12-07;11;852
26;2025-12-07;12;860
26;2025-12-07;13;908
26;2025-12-07;14;893
26;2025-12-07;15;828
26;2025-12-07;16;730
26;2025-12-07;17;816
26;2025-12-07;18;642
26;2025-12-07;19;549
26;2025-12-07;20;386
26;2025-12-07;21;284
26;2025-12-07;22;180
26;2025-12-07;23;146
26;2025-12-08;0;33
26;2025-12-08;1;1
26;2025-12-08;2;0
26;2025-12-08;3;0
26;2025-12-08;4;2
26;2025-12-08;5;95
26;2025-12-08;6;487
26;2025-12-08;7;1074
26;2025-12-08;8;2306
26;2025-12-08;9;1452
26;2025-12-08;10;1264
26;2025-12-08;11;1182
26;2025-12-08;12;1172
26;2025-12-08;13;1270
26;2025-12-08;14;1401
26;2025-12-08;15;1424
26;2025-12-08;16;1574
26;2025-12-08;17;1778
26;2025-12-08;18;1860
26;2025-12-08;19;1230
26;2025-12-08;20;743
26;2025-12-08;21;497
26;2025-12-08;22;201
26;2025-12-08;23;133
26;2025-12-09;0;33
26;2025-12-09;1;1
26;2025-12-09;2;0
26;2025-12-09;3;0
26;2025-12-09;4;2
26;2025-12-09;5;95
26;2025-12-09;6;487
26;2025-12-09;7;1074
26;2025-12-09;8;2306
26;2025-12-09;9;1452
26;2025-12-09;10;1264
26;2025-12-09;11;1182
26;2025-12-09;12;1172
26;2025-12-09;13;1270
26;2025-12-09;14;1401
26;2025-12-09;15;1424
26;2025-12-09;16;1574
26;2025-12-09;17;1778
26;2025-12-09;18;1860
26;2025-12-09;19;1230
26;2025-12-09;20;743
26;2025-12-09;21;497
26;2025-12-09;22;201
26;2025-12-09;23;133
26;2025-12-10;0;33
26;2025-12-10;1;1
26;2025-12-10;2;0
26;2025-12-10;3;0
26;2025-12-10;4;2
26;2025-12-10;5;95
26;2025-12-10;6;487
26;2025-12-10;7;1074
26;2025-12-10;8;2306
26;2025-12-10;9;1452
26;2025-12-10;10;1264
26;2025-12-10;11;1182
26;2025-12-10;12;1172
26;2025-12-10;13;1270
26;2025-12-10;14;1401
26;2025-12-10;15;1424
26;2025-12-10;16;1574
26;2025-12-10;17;1778
26;2025-12-10;18;1860
26;2025-12-10;19;1230
26;2025-12-10;20;743
26;2025-12-10;21;497
26;2025-12-10;22;201
26;2025-12-10;23;133
26;2025-12-11;0;33
26;2025-12-11;1;1
26;2025-12-11;2;0
26;2025-12-11;3;0
26;2025-12-11;4;2
26;2025-12-11;5;95
26;2025-12-11;6;487
26;2025-12-11;7;1074
26;2025-12-11;8;2306
26;2025-12-11;9;1452
26;2025-12-11;10;1264
26;2025-12-11;11;1182
26;2025-12-11;12;1172
26;2025-12-11;13;1270
26;2025-12-11;14;1401
26;2025-12-11;15;1424
26;2025-12-11;16;1574
26;2025-12-11;17;1778
26;2025-12-11;18;1860
26;2025-12-11;19;1230
26;2025-12-11;20;743
26;2025-12-11;21;497
26;2025-12-11;22;201
26;2025-12-11;23;133
26;2025-12-12;0;33
26;2025-12-12;1;1
26;2025-12-12;2;0
26;2025-12-12;3;0
26;2025-12-12;4;2
26;2025-12-12;5;95
26;2025-12-12;6;487
26;2025-12-12;7;1074
26;2025-12-12;8;2306
26;2025-12-12;9;1452
26;2025-12-12;10;1264
26;2025-12-12;11;1182
26;2025-12-12;12;1172
26;2025-12-12;13;1270
26;2025-12-12;14;1401
26;2025-12-12;15;1424
26;2025-12-12;16;1574
26;2025-12-12;17;1778
26;2025-12-12;18;1860
26;2025-12-12;19;1230
26;2025-12-12;20;743
26;2025-12-12;21;497
26;2025-12-12;22;201
26;2025-12-12;23;133
26;2025-12-13;0;49
26;2025-12-13;1;0
26;2025-12-13;2;0
26;2025-12-13;3;0
26;2025-12-13;4;1
26;2025-12-13;5;52
26;2025-12-13;6;195
26;2025-12-13;7;352
26;2025-12-13;8;610
26;2025-12-13;9;698
26;2025-12-13;10;906
26;2025-12-13;11;1012
26;2025-12-13;12;1138
26;2025-12-13;13;1146
26;2025-12-13;14;1094
26;2025-12-13;15;985
26;2025-12-13;16;1054
26;2025-12-13;17;1026
26;2025-12-13;18;845
26;2025-12-13;19;888
26;2025-12-13;20;667
26;2025-12-13;21;420
26;2025-12-13;22;234
26;2025-12-13;23;196
26;2025-12-14;0;57
26;2025-12-14;1;1
26;2025-12-14;2;0
26;2025-12-14;3;0
26;2025-12-14;4;2
26;2025-12-14;5;23
26;2025-12-14;6;148
26;2025-12-14;7;271
26;2025-12-14;8;405
26;2025-12-14;9;526
26;2025-12-14;10;553
26;2025-12-14;11;852
26;2025-12-14;12;860
26;2025-12-14;13;908
26;2025-12-14;14;893
26;2025-12-14;15;828
26;2025-12-14;16;730
26;2025-12-14;17;816
26;2025-12-14;18;642
26;2025-12-14;19;549
26;2025-12-14;20;386
26;2025-12-14;21;284
26;2025-12-14;22;180
26;2025-12-14;23;146
26;2025-12-15;0;33
26;2025-12-15;1;1
26;2025-12-15;2;0
26;2025-12-15;3;0
26;2025-12-15;4;2
26;2025-12-15;5;95
26;2025-12-15;6;487
26;2025-12-15;7;1074
26;2025-12-15;8;2306
26;2025-12-15;9;1452
26;2025-12-15;10;1264
26;2025-12-15;11;1182
26;2025-12-15;12;1172
26;2025-12-15;13;1270
26;2025-12-15;14;1401
26;2025-12-15;15;1424
26;2025-12-15;16;1574
26;2025-12-15;17;1778
26;2025-12-15;18;1860
26;2025-12-15;19;1230
26;2025-12-15;20;743
26;2025-12-15;21;497
26;2025-12-15;22;201
26;2025-12-15;23;133
26;2025-12-16;0;33
26;2025-12-16;1;1
26;2025-12-16;2;0
26;2025-12-16;3;0
26;2025-12-16;4;2
26;2025-12-16;5;95
26;2025-12-16;6;487
26;2025-12-16;7;1074
26;2025-12-16;8;2306
26;2025-12-16;9;1452
26;2025-12-16;10;1264
26;2025-12-16;11;1182
26;2025-12-16;12;1172
26;2025-12-16;13;1270
26;2025-12-16;14;1401
26;2025-12-16;15;1424
26;2025-12-16;16;1574
26;2025-12-16;17;1778
26;2025-12-16;18;1860
26;2025-12-16;19;1230
26;2025-12-16;20;743
26;2025-12-16;21;497
26;2025-12-16;22;201
26;2025-12-16;23;133
26;2025-12-17;0;33
26;2025-12-17;1;1
26;2025-12-17;2;0
26;2025-12-17;3;0
26;2025-12-17;4;2
26;2025-12-17;5;95
26;2025-12-17;6;487
26;2025-12-17;7;1074
26;2025-12-17;8;2306
26;2025-12-17;9;1452
26;2025-12-17;10;1264
26;2025-12-17;11;1182
26;2025-12-17;12;1172
26;2025-12-17;13;1270
26;2025-12-17;14;1401
26;2025-12-17;15;1424
26;2025-12-17;16;1574
26;2025-12-17;17;1778
26;2025-12-17;18;1860
26;2025-12-17;19;1230
26;2025-12-17;20;743
26;2025-12-17;21;497
26;2025-12-17;22;201
26;2025-12-17;23;133
26;2025-12-18;0;33
26;2025-12-18;1;1
26;2025-12-18;2;0
26;2025-12-18;3;0
26;2025-12-18;4;2
26;2025-12-18;5;95
26;2025-12-18;6;487
26;2025-12-18;7;1074
26;2025-12-18;8;2306
26;2025-12-18;9;1452
26;2025-12-18;10;1264
26;2025-12-18;11;1182
26;2025-12-18;12;1172
26;2025-12-18;13;1270
26;2025-12-18;14;1401
26;2025-12-18;15;1424
26;2025-12-18;16;1574
26;2025-12-18;17;1778
26;2025-12-18;18;1860
26;2025-12-18;19;1230
26;2025-12-18;20;743
26;2025-12-18;21;497
26;2025-12-18;22;201
26;2025-12-18;23;133
26;2025-12-19;0;33
26;2025-12-19;1;1
26;2025-12-19;2;0
26;2025-12-19;3;0
26;2025-12-19;4;2
26;2025-12-19;5;95
26;2025-12-19;6;487
26;2025-12-19;7;1074
26;2025-12-19;8;2306
26;2025-12-19;9;1452
26;2025-12-19;10;1264
26;2025-12-19;11;1182
26;2025-12-19;12;1172
26;2025-12-19;13;1270
26;2025-12-19;14;1401
26;2025-12-19;15;1424
26;2025-12-19;16;1574
26;2025-12-19;17;1778
26;2025-12-19;18;1860
26;2025-12-19;19;1230
26;2025-12-19;20;743
26;2025-12-19;21;497
26;2025-12-19;22;201
26;2025-12-19;23;133
26;2025-12-20;0;49
26;2025-12-20;1;0
26;2025-12-20;2;0
26;2025-12-20;3;0
26;2025-12-20;4;1
26;2025-12-20;5;52
26;2025-12-20;6;195
26;2025-12-20;7;352
26;2025-12-20;8;610
26;2025-12-20;9;698
26;2025-12-20;10;906
26;2025-12-20;11;1012
26;2025-12-20;12;1138
26;2025-12-20;13;1146
26;2025-12-20;14;1094
26;2025-12-20;15;985
26;2025-12-20;16;1054
26;2025-12-20;17;1026
26;2025-12-20;18;845
26;2025-12-20;19;888
26;2025-12-20;20;667
26;2025-12-20;21;420
26;2025-12-20;22;234
26;2025-12-20;23;196
26;2025-12-21;0;57
26;2025-12-21;1;1
26;2025-12-21;2;0
26;2025-12-21;3;0
26;2025-12-21;4;2
26;2025-12-21;5;23
26;2025-12-21;6;148
26;2025-12-21;7;271
26;2025-12-21;8;405
26;2025-12-21;9;526
26;2025-12-21;10;553
26;2025-12-21;11;852
26;2025-12-21;12;860
26;2025-12-21;13;908
26;2025-12-21;14;893
26;2025-12-21;15;828
26;2025-12-21;16;730
26;2025-12-21;17;816
26;2025-12-21;18;642
26;2025-12-21;19;549
26;2025-12-21;20;386
26;2025-12-21;21;284
26;2025-12-21;22;180
26;2025-12-21;23;146
26;2025-12-22;0;33
26;2025-12-22;1;1
26;2025-12-22;2;0
26;2025-12-22;3;0
26;2025-12-22;4;2
26;2025-12-22;5;95
26;2025-12-22;6;487
26;2025-12-22;7;1074
26;2025-12-22;8;2306
26;2025-12-22;9;1452
26;2025-12-22;10;1264
26;2025-12-22;11;1182
26;2025-12-22;12;1172
26;2025-12-22;13;1270
26;2025-12-22;14;1401
26;2025-12-22;15;1424
26;2025-12-22;16;1574
26;2025-12-22;17;1778
26;2025-12-22;18;1860
26;2025-12-22;19;1230
26;2025-12-22;20;743
26;2025-12-22;21;497
26;2025-12-22;22;201
26;2025-12-22;23;133
26;2025-12-23;0;33
26;2025-12-23;1;1
26;2025-12-23;2;0
26;2025-12-23;3;0
26;2025-12-23;4;2
26;2025-12-23;5;95
26;2025-12-23;6;487
26;2025-12-23;7;1074
26;2025-12-23;8;2306
26;2025-12-23;9;1452
26;2025-12-23;10;1264
26;2025-12-23;11;1182
26;2025-12-23;12;1172
26;2025-12-23;13;1270
26;2025-12-23;14;1401
26;2025-12-23;15;1424
26;2025-12-23;16;1574
26;2025-12-23;17;1778
26;2025-12-23;18;1860
26;2025-12-23;19;1230
26;2025-12-23;20;743
26;2025-12-23;21;497
26;2025-12-23;22;201
26;2025-12-23;23;133
26;2025-12-24;0;33
26;2025-12-24;1;1
26;2025-12-24;2;0
26;2025-12-24;3;0
26;2025-12-24;4;2
26;2025-12-24;5;95
26;2025-12-24;6;487
26;2025-12-24;7;1074
26;2025-12-24;8;2306
26;2025-12-24;9;1452
26;2025-12-24;10;1264
26;2025-12-24;11;1182
26;2025-12-24;12;1172
26;2025-12-24;13;1270
26;2025-12-24;14;1401
26;2025-12-24;15;1424
26;2025-12-24;16;1574
26;2025-12-24;17;1778
26;2025-12-24;18;1860
26;2025-12-24;19;1230
26;2025-12-24;20;743
26;2025-12-24;21;497
26;2025-12-24;22;201
26;2025-12-24;23;133
26;2025-12-25;0;33
26;2025-12-25;1;1
26;2025-12-25;2;0
26;2025-12-25;3;0
26;2025-12-25;4;2
26;2025-12-25;5;95
26;2025-12-25;6;487
26;2025-12-25;7;1074
26;2025-12-25;8;2306
26;2025-12-25;9;1452
26;2025-12-25;10;1264
26;2025-12-25;11;1182
26;2025-12-25;12;1172
26;2025-12-25;13;1270
26;2025-12-25;14;1401
26;2025-12-25;15;1424
26;2025-12-25;16;1574
26;2025-12-25;17;1778
26;2025-12-25;18;1860
26;2025-12-25;19;1230
26;2025-12-25;20;743
26;2025-12-25;21;497
26;2025-12-25;22;201
26;2025-12-25;23;133
26;2025-12-26;0;33
26;2025-12-26;1;1
26;2025-12-26;2;0
26;2025-12-26;3;0
26;2025-12-26;4;2
26;2025-12-26;5;95
26;2025-12-26;6;487
26;2025-12-26;7;1074
26;2025-12-26;8;2306
26;2025-12-26;9;1452
26;2025-12-26;10;1264
26;2025-12-26;11;1182
26;2025-12-26;12;1172
26;2025-12-26;13;1270
26;2025-12-26;14;1401
26;2025-12-26;15;1424
26;2025-12-26;16;1574
26;2025-12-26;17;1778
26;2025-12-26;18;1860
26;2025-12-26;19;1230
26;2025-12-26;20;743
26;2025-12-26;21;497
26;2025-12-26;22;201
26;2025-12-26;23;133
26;2025-12-27;0;49
26;2025-12-27;1;0
26;2025-12-27;2;0
26;2025-12-27;3;0
26;2025-12-27;4;1
26;2025-12-27;5;52
26;2025-12-27;6;195
26;2025-12-27;7;352
26;2025-12-27;8;610
26;2025-12-27;9;698
26;2025-12-27;10;906
26;2025-12-27;11;1012
26;2025-12-27;12;1138
26;2025-12-27;13;1146
26;2025-12-27;14;1094
26;2025-12-27;15;985
26;2025-12-27;16;1054
26;2025-12-27;17;1026
26;2025-12-27;18;845
26;2025-12-27;19;888
26;2025-12-27;20;667
26;2025-12-27;21;420
26;2025-12-27;22;234
26;2025-12-27;23;196
26;2025-12-28;0;57
26;2025-12-28;1;1
26;2025-12-28;2;0
26;2025-12-28;3;0
26;2025-12-28;4;2
26;2025-12-28;5;23
26;2025-12-28;6;148
26;2025-12-28;7;271
26;2025-12-28;8;405
26;2025-12-28;9;526
26;2025-12-28;10;553
26;2025-12-28;11;852
26;2025-12-28;12;860
26;2025-12-28;13;908
26;2025-12-28;14;893
26;2025-12-28;15;828
26;2025-12-28;16;730
26;2025-12-28;17;816
26;2025-12-28;18;642
26;2025-12-28;19;549
26;2025-12-28;20;386
26;2025-12-28;21;284
26;2025-12-28;22;180
26;2025-12-28;23;146
26;2025-12-29;0;28
26;2025-12-29;1;1
26;2025-12-29;2;0
26;2025-12-29;3;0
26;2025-12-29;4;2
26;2025-12-29;5;81
26;2025-12-29;6;414
26;2025-12-29;7;913
26;2025-12-29;8;1960
26;2025-12-29;9;1234
26;2025-12-29;10;1075
26;2025-12-29;11;1004
26;2025-12-29;12;997
26;2025-12-29;13;1079
26;2025-12-29;14;1191
26;2025-12-29;15;1210
26;2025-12-29;16;1338
26;2025-12-29;17;1512
26;2025-12-29;18;1581
26;2025-12-29;19;1046
26;2025-12-29;20;632
26;2025-12-29;21;423
26;2025-12-29;22;170
26;2025-12-29;23;113
26;2025-12-30;0;28
26;2025-12-30;1;1
26;2025-12-30;2;0
26;2025-12-30;3;0
26;2025-12-30;4;2
26;2025-12-30;5;81
26;2025-12-30;6;414
26;2025-12-30;7;913
26;2025-12-30;8;1960
26;2025-12-30;9;1234
26;2025-12-30;10;1075
26;2025-12-30;11;1004
26;2025-12-30;12;997
26;2025-12-30;13;1079
26;2025-12-30;14;1191
26;2025-12-30;15;1210
26;2025-12-30;16;1338
26;2025-12-30;17;1512
26;2025-12-30;18;1581
26;2025-12-30;19;1046
26;2025-12-30;20;632
26;2025-12-30;21;423
26;2025-12-30;22;170
26;2025-12-30;23;113
26;2025-12-31;0;49
26;2025-12-31;1;1
26;2025-12-31;2;0
26;2025-12-31;3;0
26;2025-12-31;4;2
26;2025-12-31;5;19
26;2025-12-31;6;126
26;2025-12-31;7;232
26;2025-12-31;8;347
26;2025-12-31;9;450
26;2025-12-31;10;473
26;2025-12-31;11;728
26;2025-12-31;12;735
26;2025-12-31;13;776
26;2025-12-31;14;764
26;2025-12-31;15;708
26;2025-12-31;16;624
26;2025-12-31;17;697
26;2025-12-31;18;549
26;2025-12-31;19;469
26;2025-12-31;20;0
26;2025-12-31;21;0
26;2025-12-31;22;0
26;2025-12-31;23;0
28;2025-11-01;0;0
28;2025-11-01;1;0
28;2025-11-01;2;0
28;2025-11-01;3;0
28;2025-11-01;4;1
28;2025-11-01;5;64
28;2025-11-01;6;217
28;2025-11-01;7;630
28;2025-11-01;8;1044
28;2025-11-01;9;702
28;2025-11-01;10;548
28;2025-11-01;11;469
28;2025-11-01;12;632
28;2025-11-01;13;612
28;2025-11-01;14;585
28;2025-11-01;15;583
28;2025-11-01;16;713
28;2025-11-01;17;883
28;2025-11-01;18;840
28;2025-11-01;19;615
28;2025-11-01;20;411
28;2025-11-01;21;273
28;2025-11-01;22;95
28;2025-11-01;23;8
28;2025-11-02;0;7
28;2025-11-02;1;0
28;2025-11-02;2;0
28;2025-11-02;3;0
28;2025-11-02;4;1
28;2025-11-02;5;25
28;2025-11-02;6;68
28;2025-11-02;7;172
28;2025-11-02;8;260
28;2025-11-02;9;319
28;2025-11-02;10;359
28;2025-11-02;11;449
28;2025-11-02;12;464
28;2025-11-02;13;492
28;2025-11-02;14;520
28;2025-11-02;15;480
28;2025-11-02;16;480
28;2025-11-02;17;518
28;2025-11-02;18;492
28;2025-11-02;19;369
28;2025-11-02;20;304
28;2025-11-02;21;241
28;2025-11-02;22;129
28;2025-11-02;23;5
28;2025-11-03;0;7
28;2025-11-03;1;0
28;2025-11-03;2;0
28;2025-11-03;3;0
28;2025-11-03;4;1
28;2025-11-03;5;24
28;2025-11-03;6;65
28;2025-11-03;7;164
28;2025-11-03;8;247
28;2025-11-03;9;303
28;2025-11-03;10;341
28;2025-11-03;11;427
28;2025-11-03;12;441
28;2025-11-03;13;468
28;2025-11-03;14;494
28;2025-11-03;15;456
28;2025-11-03;16;456
28;2025-11-03;17;492
28;2025-11-03;18;468
28;2025-11-03;19;351
28;2025-11-03;20;289
28;2025-11-03;21;229
28;2025-11-03;22;123
28;2025-11-03;23;5
28;2025-11-04;0;7
28;2025-11-04;1;0
28;2025-11-04;2;0
28;2025-11-04;3;0
28;2025-11-04;4;1
28;2025-11-04;5;24
28;2025-11-04;6;65
28;2025-11-04;7;164
28;2025-11-04;8;247
28;2025-11-04;9;303
28;2025-11-04;10;341
28;2025-11-04;11;427
28;2025-11-04;12;441
28;2025-11-04;13;468
28;2025-11-04;14;494
28;2025-11-04;15;456
28;2025-11-04;16;456
28;2025-11-04;17;492
28;2025-11-04;18;468
28;2025-11-04;19;351
28;2025-11-04;20;289
28;2025-11-04;21;229
28;2025-11-04;22;123
28;2025-11-04;23;5
28;2025-11-05;0;0
28;2025-11-05;1;0
28;2025-11-05;2;0
28;2025-11-05;3;0
28;2025-11-05;4;1
28;2025-11-05;5;75
28;2025-11-05;6;256
28;2025-11-05;7;741
28;2025-11-05;8;1228
28;2025-11-05;9;826
28;2025-11-05;10;645
28;2025-11-05;11;551
28;2025-11-05;12;743
28;2025-11-05;13;720
28;2025-11-05;14;688
28;2025-11-05;15;686
28;2025-11-05;16;838
28;2025-11-05;17;1039
28;2025-11-05;18;988
28;2025-11-05;19;724
28;2025-11-05;20;483
28;2025-11-05;21;321
28;2025-11-05;22;112
28;2025-11-05;23;9
28;2025-11-06;0;0
28;2025-11-06;1;0
28;2025-11-06;2;0
28;2025-11-06;3;0
28;2025-11-06;4;1
28;2025-11-06;5;75
28;2025-11-06;6;256
28;2025-11-06;7;741
28;2025-11-06;8;1228
28;2025-11-06;9;826
28;2025-11-06;10;645
28;2025-11-06;11;551
28;2025-11-06;12;743
28;2025-11-06;13;720
28;2025-11-06;14;688
28;2025-11-06;15;686
28;2025-11-06;16;838
28;2025-11-06;17;1039
28;2025-11-06;18;988
28;2025-11-06;19;724
28;2025-11-06;20;483
28;2025-11-06;21;321
28;2025-11-06;22;112
28;2025-11-06;23;9
28;2025-11-07;0;0
28;2025-11-07;1;0
28;2025-11-07;2;0
28;2025-11-07;3;0
28;2025-11-07;4;1
28;2025-11-07;5;75
28;2025-11-07;6;256
28;2025-11-07;7;741
28;2025-11-07;8;1228
28;2025-11-07;9;826
28;2025-11-07;10;645
28;2025-11-07;11;551
28;2025-11-07;12;743
28;2025-11-07;13;720
28;2025-11-07;14;688
28;2025-11-07;15;686
28;2025-11-07;16;838
28;2025-11-07;17;1039
28;2025-11-07;18;988
28;2025-11-07;19;724
28;2025-11-07;20;483
28;2025-11-07;21;321
28;2025-11-07;22;112
28;2025-11-07;23;9
28;2025-11-08;0;6
28;2025-11-08;1;0
28;2025-11-08;2;0
28;2025-11-08;3;0
28;2025-11-08;4;0
28;2025-11-08;5;32
28;2025-11-08;6;104
28;2025-11-08;7;206
28;2025-11-08;8;362
28;2025-11-08;9;415
28;2025-11-08;10;491
28;2025-11-08;11;522
28;2025-11-08;12;617
28;2025-11-08;13;674
28;2025-11-08;14;452
28;2025-11-08;15;605
28;2025-11-08;16;777
28;2025-11-08;17;689
28;2025-11-08;18;551
28;2025-11-08;19;412
28;2025-11-08;20;336
28;2025-11-08;21;313
28;2025-11-08;22;135
28;2025-11-08;23;22
28;2025-11-09;0;7
28;2025-11-09;1;0
28;2025-11-09;2;0
28;2025-11-09;3;0
28;2025-11-09;4;1
28;2025-11-09;5;25
28;2025-11-09;6;68
28;2025-11-09;7;172
28;2025-11-09;8;260
28;2025-11-09;9;319
28;2025-11-09;10;359
28;2025-11-09;11;449
28;2025-11-09;12;464
28;2025-11-09;13;492
28;2025-11-09;14;520
28;2025-11-09;15;480
28;2025-11-09;16;480
28;2025-11-09;17;518
28;2025-11-09;18;492
28;2025-11-09;19;369
28;2025-11-09;20;304
28;2025-11-09;21;241
28;2025-11-09;22;129
28;2025-11-09;23;5
28;2025-11-10;0;0
28;2025-11-10;1;0
28;2025-11-10;2;0
28;2025-11-10;3;0
28;2025-11-10;4;1
28;2025-11-10;5;75
28;2025-11-10;6;256
28;2025-11-10;7;741
28;2025-11-10;8;1228
28;2025-11-10;9;826
28;2025-11-10;10;645
28;2025-11-10;11;551
28;2025-11-10;12;743
28;2025-11-10;13;720
28;2025-11-10;14;688
28;2025-11-10;15;686
28;2025-11-10;16;838
28;2025-11-10;17;1039
28;2025-11-10;18;988
28;2025-11-10;19;724
28;2025-11-10;20;483
28;2025-11-10;21;321
28;2025-11-10;22;112
28;2025-11-10;23;9
28;2025-11-11;0;0
28;2025-11-11;1;0
28;2025-11-11;2;0
28;2025-11-11;3;0
28;2025-11-11;4;1
28;2025-11-11;5;75
28;2025-11-11;6;256
28;2025-11-11;7;741
28;2025-11-11;8;1228
28;2025-11-11;9;826
28;2025-11-11;10;645
28;2025-11-11;11;551
28;2025-11-11;12;743
28;2025-11-11;13;720
28;2025-11-11;14;688
28;2025-11-11;15;686
28;2025-11-11;16;838
28;2025-11-11;17;1039
28;2025-11-11;18;988
28;2025-11-11;19;724
28;2025-11-11;20;483
28;2025-11-11;21;321
28;2025-11-11;22;112
28;2025-11-11;23;9
28;2025-11-12;0;0
28;2025-11-12;1;0
28;2025-11-12;2;0
28;2025-11-12;3;0
28;2025-11-12;4;1
28;2025-11-12;5;75
28;2025-11-12;6;256
28;2025-11-12;7;741
28;2025-11-12;8;1228
28;2025-11-12;9;826
28;2025-11-12;10;645
28;2025-11-12;11;551
28;2025-11-12;12;743
28;2025-11-12;13;720
28;2025-11-12;14;688
28;2025-11-12;15;686
28;2025-11-12;16;838
28;2025-11-12;17;1039
28;2025-11-12;18;988
28;2025-11-12;19;724
28;2025-11-12;20;483
28;2025-11-12;21;321
28;2025-11-12;22;112
28;2025-11-12;23;9
28;2025-11-13;0;0
28;2025-11-13;1;0
28;2025-11-13;2;0
28;2025-11-13;3;0
28;2025-11-13;4;1
28;2025-11-13;5;75
28;2025-11-13;6;256
28;2025-11-13;7;741
28;2025-11-13;8;1228
28;2025-11-13;9;826
28;2025-11-13;10;645
28;2025-11-13;11;551
28;2025-11-13;12;743
28;2025-11-13;13;720
28;2025-11-13;14;688
28;2025-11-13;15;686
28;2025-11-13;16;838
28;2025-11-13;17;1039
28;2025-11-13;18;988
28;2025-11-13;19;724
28;2025-11-13;20;483
28;2025-11-13;21;321
28;2025-11-13;22;112
28;2025-11-13;23;9
28;2025-11-14;0;0
28;2025-11-14;1;0
28;2025-11-14;2;0
28;2025-11-14;3;0
28;2025-11-14;4;1
28;2025-11-14;5;75
28;2025-11-14;6;256
28;2025-11-14;7;741
28;2025-11-14;8;1228
28;2025-11-14;9;826
28;2025-11-14;10;645
28;2025-11-14;11;551
28;2025-11-14;12;743
28;2025-11-14;13;720
28;2025-11-14;14;688
28;2025-11-14;15;686
28;2025-11-14;16;838
28;2025-11-14;17;1039
28;2025-11-14;18;988
28;2025-11-14;19;724
28;2025-11-14;20;483
28;2025-11-14;21;321
28;2025-11-14;22;112
28;2025-11-14;23;9
28;2025-11-15;0;6
28;2025-11-15;1;0
28;2025-11-15;2;0
28;2025-11-15;3;0
28;2025-11-15;4;0
28;2025-11-15;5;32
28;2025-11-15;6;104
28;2025-11-15;7;206
28;2025-11-15;8;362
28;2025-11-15;9;415
28;2025-11-15;10;491
28;2025-11-15;11;522
28;2025-11-15;12;617
28;2025-11-15;13;674
28;2025-11-15;14;452
28;2025-11-15;15;605
28;2025-11-15;16;777
28;2025-11-15;17;689
28;2025-11-15;18;551
28;2025-11-15;19;412
28;2025-11-15;20;336
28;2025-11-15;21;313
28;2025-11-15;22;135
28;2025-11-15;23;22
28;2025-11-16;0;7
28;2025-11-16;1;0
28;2025-11-16;2;0
28;2025-11-16;3;0
28;2025-11-16;4;1
28;2025-11-16;5;25
28;2025-11-16;6;68
28;2025-11-16;7;172
28;2025-11-16;8;260
28;2025-11-16;9;319
28;2025-11-16;10;359
28;2025-11-16;11;449
28;2025-11-16;12;464
28;2025-11-16;13;492
28;2025-11-16;14;520
28;2025-11-16;15;480
28;2025-11-16;16;480
28;2025-11-16;17;518
28;2025-11-16;18;492
28;2025-11-16;19;369
28;2025-11-16;20;304
28;2025-11-16;21;241
28;2025-11-16;22;129
28;2025-11-16;23;5
28;2025-11-17;0;0
28;2025-11-17;1;0
28;2025-11-17;2;0
28;2025-11-17;3;0
28;2025-11-17;4;1
28;2025-11-17;5;75
28;2025-11-17;6;256
28;2025-11-17;7;741
28;2025-11-17;8;1228
28;2025-11-17;9;826
28;2025-11-17;10;645
28;2025-11-17;11;551
28;2025-11-17;12;743
28;2025-11-17;13;720
28;2025-11-17;14;688
28;2025-11-17;15;686
28;2025-11-17;16;838
28;2025-11-17;17;1039
28;2025-11-17;18;988
28;2025-11-17;19;724
28;2025-11-17;20;483
28;2025-11-17;21;321
28;2025-11-17;22;112
28;2025-11-17;23;9
28;2025-11-18;0;0
28;2025-11-18;1;0
28;2025-11-18;2;0
28;2025-11-18;3;0
28;2025-11-18;4;1
28;2025-11-18;5;75
28;2025-11-18;6;256
28;2025-11-18;7;741
28;2025-11-18;8;1228
28;2025-11-18;9;826
28;2025-11-18;10;645
28;2025-11-18;11;551
28;2025-11-18;12;743
28;2025-11-18;13;720
28;2025-11-18;14;688
28;2025-11-18;15;686
28;2025-11-18;16;838
28;2025-11-18;17;1039
28;2025-11-18;18;988
28;2025-11-18;19;724
28;2025-11-18;20;483
28;2025-11-18;21;321
28;2025-11-18;22;112
28;2025-11-18;23;9
28;2025-11-19;0;0
28;2025-11-19;1;0
28;2025-11-19;2;0
28;2025-11-19;3;0
28;2025-11-19;4;1
28;2025-11-19;5;75
28;2025-11-19;6;256
28;2025-11-19;7;741
28;2025-11-19;8;1228
28;2025-11-19;9;826
28;2025-11-19;10;645
28;2025-11-19;11;551
28;2025-11-19;12;743
28;2025-11-19;13;720
28;2025-11-19;14;688
28;2025-11-19;15;686
28;2025-11-19;16;838
28;2025-11-19;17;1039
28;2025-11-19;18;988
28;2025-11-19;19;724
28;2025-11-19;20;483
28;2025-11-19;21;321
28;2025-11-19;22;112
28;2025-11-19;23;9
28;2025-11-20;0;0
28;2025-11-20;1;0
28;2025-11-20;2;0
28;2025-11-20;3;0
28;2025-11-20;4;1
28;2025-11-20;5;75
28;2025-11-20;6;256
28;2025-11-20;7;741
28;2025-11-20;8;1228
28;2025-11-20;9;826
28;2025-11-20;10;645
28;2025-11-20;11;551
28;2025-11-20;12;743
28;2025-11-20;13;720
28;2025-11-20;14;688
28;2025-11-20;15;686
28;2025-11-20;16;838
28;2025-11-20;17;1039
28;2025-11-20;18;988
28;2025-11-20;19;724
28;2025-11-20;20;483
28;2025-11-20;21;321
28;2025-11-20;22;112
28;2025-11-20;23;9
28;2025-11-21;0;0
28;2025-11-21;1;0
28;2025-11-21;2;0
28;2025-11-21;3;0
28;2025-11-21;4;1
28;2025-11-21;5;75
28;2025-11-21;6;256
28;2025-11-21;7;741
28;2025-11-21;8;1228
28;2025-11-21;9;826
28;2025-11-21;10;645
28;2025-11-21;11;551
28;2025-11-21;12;743
28;2025-11-21;13;720
28;2025-11-21;14;688
28;2025-11-21;15;686
28;2025-11-21;16;838
28;2025-11-21;17;1039
28;2025-11-21;18;988
28;2025-11-21;19;724
28;2025-11-21;20;483
28;2025-11-21;21;321
28;2025-11-21;22;112
28;2025-11-21;23;9
28;2025-11-22;0;6
28;2025-11-22;1;0
28;2025-11-22;2;0
28;2025-11-22;3;0
28;2025-11-22;4;0
28;2025-11-22;5;32
28;2025-11-22;6;104
28;2025-11-22;7;206
28;2025-11-22;8;362
28;2025-11-22;9;415
28;2025-11-22;10;491
28;2025-11-22;11;522
28;2025-11-22;12;617
28;2025-11-22;13;674
28;2025-11-22;14;452
28;2025-11-22;15;605
28;2025-11-22;16;777
28;2025-11-22;17;689
28;2025-11-22;18;551
28;2025-11-22;19;412
28;2025-11-22;20;336
28;2025-11-22;21;313
28;2025-11-22;22;135
28;2025-11-22;23;22
28;2025-11-23;0;7
28;2025-11-23;1;0
28;2025-11-23;2;0
28;2025-11-23;3;0
28;2025-11-23;4;1
28;2025-11-23;5;25
28;2025-11-23;6;68
28;2025-11-23;7;172
28;2025-11-23;8;260
28;2025-11-23;9;319
28;2025-11-23;10;359
28;2025-11-23;11;449
28;2025-11-23;12;464
28;2025-11-23;13;492
28;2025-11-23;14;520
28;2025-11-23;15;480
28;2025-11-23;16;480
28;2025-11-23;17;518
28;2025-11-23;18;492
28;2025-11-23;19;369
28;2025-11-23;20;304
28;2025-11-23;21;241
28;2025-11-23;22;129
28;2025-11-23;23;5
28;2025-11-24;0;0
28;2025-11-24;1;0
28;2025-11-24;2;0
28;2025-11-24;3;0
28;2025-11-24;4;1
28;2025-11-24;5;75
28;2025-11-24;6;256
28;2025-11-24;7;741
28;2025-11-24;8;1228
28;2025-11-24;9;826
28;2025-11-24;10;645
28;2025-11-24;11;551
28;2025-11-24;12;743
28;2025-11-24;13;720
28;2025-11-24;14;688
28;2025-11-24;15;686
28;2025-11-24;16;838
28;2025-11-24;17;1039
28;2025-11-24;18;988
28;2025-11-24;19;724
28;2025-11-24;20;483
28;2025-11-24;21;321
28;2025-11-24;22;112
28;2025-11-24;23;9
28;2025-11-25;0;0
28;2025-11-25;1;0
28;2025-11-25;2;0
28;2025-11-25;3;0
28;2025-11-25;4;1
28;2025-11-25;5;75
28;2025-11-25;6;256
28;2025-11-25;7;741
28;2025-11-25;8;1228
28;2025-11-25;9;826
28;2025-11-25;10;645
28;2025-11-25;11;551
28;2025-11-25;12;743
28;2025-11-25;13;720
28;2025-11-25;14;688
28;2025-11-25;15;686
28;2025-11-25;16;838
28;2025-11-25;17;1039
28;2025-11-25;18;988
28;2025-11-25;19;724
28;2025-11-25;20;483
28;2025-11-25;21;321
28;2025-11-25;22;112
28;2025-11-25;23;9
28;2025-11-26;0;0
28;2025-11-26;1;0
28;2025-11-26;2;0
28;2025-11-26;3;0
28;2025-11-26;4;1
28;2025-11-26;5;75
28;2025-11-26;6;256
28;2025-11-26;7;741
28;2025-11-26;8;1228
28;2025-11-26;9;826
28;2025-11-26;10;645
28;2025-11-26;11;551
28;2025-11-26;12;743
28;2025-11-26;13;720
28;2025-11-26;14;688
28;2025-11-26;15;686
28;2025-11-26;16;838
28;2025-11-26;17;1039
28;2025-11-26;18;988
28;2025-11-26;19;724
28;2025-11-26;20;483
28;2025-11-26;21;321
28;2025-11-26;22;112
28;2025-11-26;23;9
28;2025-11-27;0;0
28;2025-11-27;1;0
28;2025-11-27;2;0
28;2025-11-27;3;0
28;2025-11-27;4;1
28;2025-11-27;5;75
28;2025-11-27;6;256
28;2025-11-27;7;741
28;2025-11-27;8;1228
28;2025-11-27;9;826
28;2025-11-27;10;645
28;2025-11-27;11;551
28;2025-11-27;12;743
28;2025-11-27;13;720
28;2025-11-27;14;688
28;2025-11-27;15;686
28;2025-11-27;16;838
28;2025-11-27;17;1039
28;2025-11-27;18;988
28;2025-11-27;19;724
28;2025-11-27;20;483
28;2025-11-27;21;321
28;2025-11-27;22;112
28;2025-11-27;23;9
28;2025-11-28;0;0
28;2025-11-28;1;0
28;2025-11-28;2;0
28;2025-11-28;3;0
28;2025-11-28;4;1
28;2025-11-28;5;75
28;2025-11-28;6;256
28;2025-11-28;7;741
28;2025-11-28;8;1228
28;2025-11-28;9;826
28;2025-11-28;10;645
28;2025-11-28;11;551
28;2025-11-28;12;743
28;2025-11-28;13;720
28;2025-11-28;14;688
28;2025-11-28;15;686
28;2025-11-28;16;838
28;2025-11-28;17;1039
28;2025-11-28;18;988
28;2025-11-28;19;724
28;2025-11-28;20;483
28;2025-11-28;21;321
28;2025-11-28;22;112
28;2025-11-28;23;9
28;2025-11-29;0;6
28;2025-11-29;1;0
28;2025-11-29;2;0
28;2025-11-29;3;0
28;2025-11-29;4;0
28;2025-11-29;5;32
28;2025-11-29;6;104
28;2025-11-29;7;206
28;2025-11-29;8;362
28;2025-11-29;9;415
28;2025-11-29;10;491
28;2025-11-29;11;522
28;2025-11-29;12;617
28;2025-11-29;13;674
28;2025-11-29;14;452
28;2025-11-29;15;605
28;2025-11-29;16;777
28;2025-11-29;17;689
28;2025-11-29;18;551
28;2025-11-29;19;412
28;2025-11-29;20;336
28;2025-11-29;21;313
28;2025-11-29;22;135
28;2025-11-29;23;22
28;2025-11-30;0;7
28;2025-11-30;1;0
28;2025-11-30;2;0
28;2025-11-30;3;0
28;2025-11-30;4;1
28;2025-11-30;5;25
28;2025-11-30;6;68
28;2025-11-30;7;172
28;2025-11-30;8;260
28;2025-11-30;9;319
28;2025-11-30;10;359
28;2025-11-30;11;449
28;2025-11-30;12;464
28;2025-11-30;13;492
28;2025-11-30;14;520
28;2025-11-30;15;480
28;2025-11-30;16;480
28;2025-11-30;17;518
28;2025-11-30;18;492
28;2025-11-30;19;369
28;2025-11-30;20;304
28;2025-11-30;21;241
28;2025-11-30;22;129
28;2025-11-30;23;5
28;2025-12-01;0;0
28;2025-12-01;1;0
28;2025-12-01;2;0
28;2025-12-01;3;0
28;2025-12-01;4;1
28;2025-12-01;5;78
28;2025-12-01;6;264
28;2025-12-01;7;764
28;2025-12-01;8;1267
28;2025-12-01;9;852
28;2025-12-01;10;665
28;2025-12-01;11;569
28;2025-12-01;12;766
28;2025-12-01;13;742
28;2025-12-01;14;709
28;2025-12-01;15;707
28;2025-12-01;16;864
28;2025-12-01;17;1071
28;2025-12-01;18;1018
28;2025-12-01;19;746
28;2025-12-01;20;498
28;2025-12-01;21;331
28;2025-12-01;22;116
28;2025-12-01;23;9
28;2025-12-02;0;0
28;2025-12-02;1;0
28;2025-12-02;2;0
28;2025-12-02;3;0
28;2025-12-02;4;1
28;2025-12-02;5;78
28;2025-12-02;6;264
28;2025-12-02;7;764
28;2025-12-02;8;1267
28;2025-12-02;9;852
28;2025-12-02;10;665
28;2025-12-02;11;569
28;2025-12-02;12;766
28;2025-12-02;13;742
28;2025-12-02;14;709
28;2025-12-02;15;707
28;2025-12-02;16;864
28;2025-12-02;17;1071
28;2025-12-02;18;1018
28;2025-12-02;19;746
28;2025-12-02;20;498
28;2025-12-02;21;331
28;2025-12-02;22;116
28;2025-12-02;23;9
28;2025-12-03;0;0
28;2025-12-03;1;0
28;2025-12-03;2;0
28;2025-12-03;3;0
28;2025-12-03;4;1
28;2025-12-03;5;78
28;2025-12-03;6;264
28;2025-12-03;7;764
28;2025-12-03;8;1267
28;2025-12-03;9;852
28;2025-12-03;10;665
28;2025-12-03;11;569
28;2025-12-03;12;766
28;2025-12-03;13;742
28;2025-12-03;14;709
28;2025-12-03;15;707
28;2025-12-03;16;864
28;2025-12-03;17;1071
28;2025-12-03;18;1018
28;2025-12-03;19;746
28;2025-12-03;20;498
28;2025-12-03;21;331
28;2025-12-03;22;116
28;2025-12-03;23;9
28;2025-12-04;0;0
28;2025-12-04;1;0
28;2025-12-04;2;0
28;2025-12-04;3;0
28;2025-12-04;4;1
28;2025-12-04;5;78
28;2025-12-04;6;264
28;2025-12-04;7;764
28;2025-12-04;8;1267
28;2025-12-04;9;852
28;2025-12-04;10;665
28;2025-12-04;11;569
28;2025-12-04;12;766
28;2025-12-04;13;742
28;2025-12-04;14;709
28;2025-12-04;15;707
28;2025-12-04;16;864
28;2025-12-04;17;1071
28;2025-12-04;18;1018
28;2025-12-04;19;746
28;2025-12-04;20;498
28;2025-12-04;21;331
28;2025-12-04;22;116
28;2025-12-04;23;9
28;2025-12-05;0;0
28;2025-12-05;1;0
28;2025-12-05;2;0
28;2025-12-05;3;0
28;2025-12-05;4;1
28;2025-12-05;5;78
28;2025-12-05;6;264
28;2025-12-05;7;764
28;2025-12-05;8;1267
28;2025-12-05;9;852
28;2025-12-05;10;665
28;2025-12-05;11;569
28;2025-12-05;12;766
28;2025-12-05;13;742
28;2025-12-05;14;709
28;2025-12-05;15;707
28;2025-12-05;16;864
28;2025-12-05;17;1071
28;2025-12-05;18;1018
28;2025-12-05;19;746
28;2025-12-05;20;498
28;2025-12-05;21;331
28;2025-12-05;22;116
28;2025-12-05;23;9
28;2025-12-06;0;6
28;2025-12-06;1;0
28;2025-12-06;2;0
28;2025-12-06;3;0
28;2025-12-06;4;0
28;2025-12-06;5;33
28;2025-12-06;6;108
28;2025-12-06;7;212
28;2025-12-06;8;373
28;2025-12-06;9;428
28;2025-12-06;10;507
28;2025-12-06;11;539
28;2025-12-06;12;636
28;2025-12-06;13;695
28;2025-12-06;14;466
28;2025-12-06;15;623
28;2025-12-06;16;801
28;2025-12-06;17;710
28;2025-12-06;18;569
28;2025-12-06;19;425
28;2025-12-06;20;346
28;2025-12-06;21;323
28;2025-12-06;22;140
28;2025-12-06;23;23
28;2025-12-07;0;7
28;2025-12-07;1;0
28;2025-12-07;2;0
28;2025-12-07;3;0
28;2025-12-07;4;1
28;2025-12-07;5;26
28;2025-12-07;6;70
28;2025-12-07;7;178
28;2025-12-07;8;268
28;2025-12-07;9;329
28;2025-12-07;10;370
28;2025-12-07;11;463
28;2025-12-07;12;479
28;2025-12-07;13;508
28;2025-12-07;14;537
28;2025-12-07;15;495
28;2025-12-07;16;495
28;2025-12-07;17;535
28;2025-12-07;18;508
28;2025-12-07;19;380
28;2025-12-07;20;313
28;2025-12-07;21;248
28;2025-12-07;22;133
28;2025-12-07;23;5
28;2025-12-08;0;0
28;2025-12-08;1;0
28;2025-12-08;2;0
28;2025-12-08;3;0
28;2025-12-08;4;1
28;2025-12-08;5;78
28;2025-12-08;6;264
28;2025-12-08;7;764
28;2025-12-08;8;1267
28;2025-12-08;9;852
28;2025-12-08;10;665
28;2025-12-08;11;569
28;2025-12-08;12;766
28;2025-12-08;13;742
28;2025-12-08;14;709
28;2025-12-08;15;707
28;2025-12-08;16;864
28;2025-12-08;17;1071
28;2025-12-08;18;1018
28;2025-12-08;19;746
28;2025-12-08;20;498
28;2025-12-08;21;331
28;2025-12-08;22;116
28;2025-12-08;23;9
28;2025-12-09;0;0
28;2025-12-09;1;0
28;2025-12-09;2;0
28;2025-12-09;3;0
28;2025-12-09;4;1
28;2025-12-09;5;78
28;2025-12-09;6;264
28;2025-12-09;7;764
28;2025-12-09;8;1267
28;2025-12-09;9;852
28;2025-12-09;10;665
28;2025-12-09;11;569
28;2025-12-09;12;766
28;2025-12-09;13;742
28;2025-12-09;14;709
28;2025-12-09;15;707
28;2025-12-09;16;864
28;2025-12-09;17;1071
28;2025-12-09;18;1018
28;2025-12-09;19;746
28;2025-12-09;20;498
28;2025-12-09;21;331
28;2025-12-09;22;116
28;2025-12-09;23;9
28;2025-12-10;0;0
28;2025-12-10;1;0
28;2025-12-10;2;0
28;2025-12-10;3;0
28;2025-12-10;4;1
28;2025-12-10;5;78
28;2025-12-10;6;264
28;2025-12-10;7;764
28;2025-12-10;8;1267
28;2025-12-10;9;852
28;2025-12-10;10;665
28;2025-12-10;11;569
28;2025-12-10;12;766
28;2025-12-10;13;742
28;2025-12-10;14;709
28;2025-12-10;15;707
28;2025-12-10;16;864
28;2025-12-10;17;1071
28;2025-12-10;18;1018
28;2025-12-10;19;746
28;2025-12-10;20;498
28;2025-12-10;21;331
28;2025-12-10;22;116
28;2025-12-10;23;9
28;2025-12-11;0;0
28;2025-12-11;1;0
28;2025-12-11;2;0
28;2025-12-11;3;0
28;2025-12-11;4;1
28;2025-12-11;5;78
28;2025-12-11;6;264
28;2025-12-11;7;764
28;2025-12-11;8;1267
28;2025-12-11;9;852
28;2025-12-11;10;665
28;2025-12-11;11;569
28;2025-12-11;12;766
28;2025-12-11;13;742
28;2025-12-11;14;709
28;2025-12-11;15;707
28;2025-12-11;16;864
28;2025-12-11;17;1071
28;2025-12-11;18;1018
28;2025-12-11;19;746
28;2025-12-11;20;498
28;2025-12-11;21;331
28;2025-12-11;22;116
28;2025-12-11;23;9
28;2025-12-12;0;0
28;2025-12-12;1;0
28;2025-12-12;2;0
28;2025-12-12;3;0
28;2025-12-12;4;1
28;2025-12-12;5;78
28;2025-12-12;6;264
28;2025-12-12;7;764
28;2025-12-12;8;1267
28;2025-12-12;9;852
28;2025-12-12;10;665
28;2025-12-12;11;569
28;2025-12-12;12;766
28;2025-12-12;13;742
28;2025-12-12;14;709
28;2025-12-12;15;707
28;2025-12-12;16;864
28;2025-12-12;17;1071
28;2025-12-12;18;1018
28;2025-12-12;19;746
28;2025-12-12;20;498
28;2025-12-12;21;331
28;2025-12-12;22;116
28;2025-12-12;23;9
28;2025-12-13;0;6
28;2025-12-13;1;0
28;2025-12-13;2;0
28;2025-12-13;3;0
28;2025-12-13;4;0
28;2025-12-13;5;33
28;2025-12-13;6;108
28;2025-12-13;7;212
28;2025-12-13;8;373
28;2025-12-13;9;428
28;2025-12-13;10;507
28;2025-12-13;11;539
28;2025-12-13;12;636
28;2025-12-13;13;695
28;2025-12-13;14;466
28;2025-12-13;15;623
28;2025-12-13;16;801
28;2025-12-13;17;710
28;2025-12-13;18;569
28;2025-12-13;19;425
28;2025-12-13;20;346
28;2025-12-13;21;323
28;2025-12-13;22;140
28;2025-12-13;23;23
28;2025-12-14;0;7
28;2025-12-14;1;0
28;2025-12-14;2;0
28;2025-12-14;3;0
28;2025-12-14;4;1
28;2025-12-14;5;26
28;2025-12-14;6;70
28;2025-12-14;7;178
28;2025-12-14;8;268
28;2025-12-14;9;329
28;2025-12-14;10;370
28;2025-12-14;11;463
28;2025-12-14;12;479
28;2025-12-14;13;508
28;2025-12-14;14;537
28;2025-12-14;15;495
28;2025-12-14;16;495
28;2025-12-14;17;535
28;2025-12-14;18;508
28;2025-12-14;19;380
28;2025-12-14;20;313
28;2025-12-14;21;248
28;2025-12-14;22;133
28;2025-12-14;23;5
28;2025-12-15;0;0
28;2025-12-15;1;0
28;2025-12-15;2;0
28;2025-12-15;3;0
28;2025-12-15;4;1
28;2025-12-15;5;78
28;2025-12-15;6;264
28;2025-12-15;7;764
28;2025-12-15;8;1267
28;2025-12-15;9;852
28;2025-12-15;10;665
28;2025-12-15;11;569
28;2025-12-15;12;766
28;2025-12-15;13;742
28;2025-12-15;14;709
28;2025-12-15;15;707
28;2025-12-15;16;864
28;2025-12-15;17;1071
28;2025-12-15;18;1018
28;2025-12-15;19;746
28;2025-12-15;20;498
28;2025-12-15;21;331
28;2025-12-15;22;116
28;2025-12-15;23;9
28;2025-12-16;0;0
28;2025-12-16;1;0
28;2025-12-16;2;0
28;2025-12-16;3;0
28;2025-12-16;4;1
28;2025-12-16;5;78
28;2025-12-16;6;264
28;2025-12-16;7;764
28;2025-12-16;8;1267
28;2025-12-16;9;852
28;2025-12-16;10;665
28;2025-12-16;11;569
28;2025-12-16;12;766
28;2025-12-16;13;742
28;2025-12-16;14;709
28;2025-12-16;15;707
28;2025-12-16;16;864
28;2025-12-16;17;1071
28;2025-12-16;18;1018
28;2025-12-16;19;746
28;2025-12-16;20;498
28;2025-12-16;21;331
28;2025-12-16;22;116
28;2025-12-16;23;9
28;2025-12-17;0;0
28;2025-12-17;1;0
28;2025-12-17;2;0
28;2025-12-17;3;0
28;2025-12-17;4;1
28;2025-12-17;5;78
28;2025-12-17;6;264
28;2025-12-17;7;764
28;2025-12-17;8;1267
28;2025-12-17;9;852
28;2025-12-17;10;665
28;2025-12-17;11;569
28;2025-12-17;12;766
28;2025-12-17;13;742
28;2025-12-17;14;709
28;2025-12-17;15;707
28;2025-12-17;16;864
28;2025-12-17;17;1071
28;2025-12-17;18;1018
28;2025-12-17;19;746
28;2025-12-17;20;498
28;2025-12-17;21;331
28;2025-12-17;22;116
28;2025-12-17;23;9
28;2025-12-18;0;0
28;2025-12-18;1;0
28;2025-12-18;2;0
28;2025-12-18;3;0
28;2025-12-18;4;1
28;2025-12-18;5;78
28;2025-12-18;6;264
28;2025-12-18;7;764
28;2025-12-18;8;1267
28;2025-12-18;9;852
28;2025-12-18;10;665
28;2025-12-18;11;569
28;2025-12-18;12;766
28;2025-12-18;13;742
28;2025-12-18;14;709
28;2025-12-18;15;707
28;2025-12-18;16;864
28;2025-12-18;17;1071
28;2025-12-18;18;1018
28;2025-12-18;19;746
28;2025-12-18;20;498
28;2025-12-18;21;331
28;2025-12-18;22;116
28;2025-12-18;23;9
28;2025-12-19;0;0
28;2025-12-19;1;0
28;2025-12-19;2;0
28;2025-12-19;3;0
28;2025-12-19;4;1
28;2025-12-19;5;78
28;2025-12-19;6;264
28;2025-12-19;7;764
28;2025-12-19;8;1267
28;2025-12-19;9;852
28;2025-12-19;10;665
28;2025-12-19;11;569
28;2025-12-19;12;766
28;2025-12-19;13;742
28;2025-12-19;14;709
28;2025-12-19;15;707
28;2025-12-19;16;864
28;2025-12-19;17;1071
28;2025-12-19;18;1018
28;2025-12-19;19;746
28;2025-12-19;20;498
28;2025-12-19;21;331
28;2025-12-19;22;116
28;2025-12-19;23;9
28;2025-12-20;0;6
28;2025-12-20;1;0
28;2025-12-20;2;0
28;2025-12-20;3;0
28;2025-12-20;4;0
28;2025-12-20;5;33
28;2025-12-20;6;108
28;2025-12-20;7;212
28;2025-12-20;8;373
28;2025-12-20;9;428
28;2025-12-20;10;507
28;2025-12-20;11;539
28;2025-12-20;12;636
28;2025-12-20;13;695
28;2025-12-20;14;466
28;2025-12-20;15;623
28;2025-12-20;16;801
28;2025-12-20;17;710
28;2025-12-20;18;569
28;2025-12-20;19;425
28;2025-12-20;20;346
28;2025-12-20;21;323
28;2025-12-20;22;140
28;2025-12-20;23;23
28;2025-12-21;0;7
28;2025-12-21;1;0
28;2025-12-21;2;0
28;2025-12-21;3;0
28;2025-12-21;4;1
28;2025-12-21;5;26
28;2025-12-21;6;70
28;2025-12-21;7;178
28;2025-12-21;8;268
28;2025-12-21;9;329
28;2025-12-21;10;370
28;2025-12-21;11;463
28;2025-12-21;12;479
28;2025-12-21;13;508
28;2025-12-21;14;537
28;2025-12-21;15;495
28;2025-12-21;16;495
28;2025-12-21;17;535
28;2025-12-21;18;508
28;2025-12-21;19;380
28;2025-12-21;20;313
28;2025-12-21;21;248
28;2025-12-21;22;133
28;2025-12-21;23;5
28;2025-12-22;0;0
28;2025-12-22;1;0
28;2025-12-22;2;0
28;2025-12-22;3;0
28;2025-12-22;4;1
28;2025-12-22;5;78
28;2025-12-22;6;264
28;2025-12-22;7;764
28;2025-12-22;8;1267
28;2025-12-22;9;852
28;2025-12-22;10;665
28;2025-12-22;11;569
28;2025-12-22;12;766
28;2025-12-22;13;742
28;2025-12-22;14;709
28;2025-12-22;15;707
28;2025-12-22;16;864
28;2025-12-22;17;1071
28;2025-12-22;18;1018
28;2025-12-22;19;746
28;2025-12-22;20;498
28;2025-12-22;21;331
28;2025-12-22;22;116
28;2025-12-22;23;9
28;2025-12-23;0;0
28;2025-12-23;1;0
28;2025-12-23;2;0
28;2025-12-23;3;0
28;2025-12-23;4;1
28;2025-12-23;5;78
28;2025-12-23;6;264
28;2025-12-23;7;764
28;2025-12-23;8;1267
28;2025-12-23;9;852
28;2025-12-23;10;665
28;2025-12-23;11;569
28;2025-12-23;12;766
28;2025-12-23;13;742
28;2025-12-23;14;709
28;2025-12-23;15;707
28;2025-12-23;16;864
28;2025-12-23;17;1071
28;2025-12-23;18;1018
28;2025-12-23;19;746
28;2025-12-23;20;498
28;2025-12-23;21;331
28;2025-12-23;22;116
28;2025-12-23;23;9
28;2025-12-24;0;0
28;2025-12-24;1;0
28;2025-12-24;2;0
28;2025-12-24;3;0
28;2025-12-24;4;1
28;2025-12-24;5;78
28;2025-12-24;6;264
28;2025-12-24;7;764
28;2025-12-24;8;1267
28;2025-12-24;9;852
28;2025-12-24;10;665
28;2025-12-24;11;569
28;2025-12-24;12;766
28;2025-12-24;13;742
28;2025-12-24;14;709
28;2025-12-24;15;707
28;2025-12-24;16;864
28;2025-12-24;17;1071
28;2025-12-24;18;1018
28;2025-12-24;19;746
28;2025-12-24;20;498
28;2025-12-24;21;331
28;2025-12-24;22;116
28;2025-12-24;23;9
28;2025-12-25;0;0
28;2025-12-25;1;0
28;2025-12-25;2;0
28;2025-12-25;3;0
28;2025-12-25;4;1
28;2025-12-25;5;78
28;2025-12-25;6;264
28;2025-12-25;7;764
28;2025-12-25;8;1267
28;2025-12-25;9;852
28;2025-12-25;10;665
28;2025-12-25;11;569
28;2025-12-25;12;766
28;2025-12-25;13;742
28;2025-12-25;14;709
28;2025-12-25;15;707
28;2025-12-25;16;864
28;2025-12-25;17;1071
28;2025-12-25;18;1018
28;2025-12-25;19;746
28;2025-12-25;20;498
28;2025-12-25;21;331
28;2025-12-25;22;116
28;2025-12-25;23;9
28;2025-12-26;0;0
28;2025-12-26;1;0
28;2025-12-26;2;0
28;2025-12-26;3;0
28;2025-12-26;4;1
28;2025-12-26;5;78
28;2025-12-26;6;264
28;2025-12-26;7;764
28;2025-12-26;8;1267
28;2025-12-26;9;852
28;2025-12-26;10;665
28;2025-12-26;11;569
28;2025-12-26;12;766
28;2025-12-26;13;742
28;2025-12-26;14;709
28;2025-12-26;15;707
28;2025-12-26;16;864
28;2025-12-26;17;1071
28;2025-12-26;18;1018
28;2025-12-26;19;746
28;2025-12-26;20;498
28;2025-12-26;21;331
28;2025-12-26;22;116
28;2025-12-26;23;9
28;2025-12-27;0;6
28;2025-12-27;1;0
28;2025-12-27;2;0
28;2025-12-27;3;0
28;2025-12-27;4;0
28;2025-12-27;5;33
28;2025-12-27;6;108
28;2025-12-27;7;212
28;2025-12-27;8;373
28;2025-12-27;9;428
28;2025-12-27;10;507
28;2025-12-27;11;539
28;2025-12-27;12;636
28;2025-12-27;13;695
28;2025-12-27;14;466
28;2025-12-27;15;623
28;2025-12-27;16;801
28;2025-12-27;17;710
28;2025-12-27;18;569
28;2025-12-27;19;425
28;2025-12-27;20;346
28;2025-12-27;21;323
28;2025-12-27;22;140
28;2025-12-27;23;23
28;2025-12-28;0;7
28;2025-12-28;1;0
28;2025-12-28;2;0
28;2025-12-28;3;0
28;2025-12-28;4;1
28;2025-12-28;5;26
28;2025-12-28;6;70
28;2025-12-28;7;178
28;2025-12-28;8;268
28;2025-12-28;9;329
28;2025-12-28;10;370
28;2025-12-28;11;463
28;2025-12-28;12;479
28;2025-12-28;13;508
28;2025-12-28;14;537
28;2025-12-28;15;495
28;2025-12-28;16;495
28;2025-12-28;17;535
28;2025-12-28;18;508
28;2025-12-28;19;380
28;2025-12-28;20;313
28;2025-12-28;21;248
28;2025-12-28;22;133
28;2025-12-28;23;5
28;2025-12-29;0;0
28;2025-12-29;1;0
28;2025-12-29;2;0
28;2025-12-29;3;0
28;2025-12-29;4;1
28;2025-12-29;5;66
28;2025-12-29;6;224
28;2025-12-29;7;649
28;2025-12-29;8;1077
28;2025-12-29;9;724
28;2025-12-29;10;565
28;2025-12-29;11;483
28;2025-12-29;12;651
28;2025-12-29;13;631
28;2025-12-29;14;603
28;2025-12-29;15;601
28;2025-12-29;16;735
28;2025-12-29;17;910
28;2025-12-29;18;866
28;2025-12-29;19;635
28;2025-12-29;20;424
28;2025-12-29;21;281
28;2025-12-29;22;98
28;2025-12-29;23;8
28;2025-12-30;0;0
28;2025-12-30;1;0
28;2025-12-30;2;0
28;2025-12-30;3;0
28;2025-12-30;4;1
28;2025-12-30;5;66
28;2025-12-30;6;224
28;2025-12-30;7;649
28;2025-12-30;8;1077
28;2025-12-30;9;724
28;2025-12-30;10;565
28;2025-12-30;11;483
28;2025-12-30;12;651
28;2025-12-30;13;631
28;2025-12-30;14;603
28;2025-12-30;15;601
28;2025-12-30;16;735
28;2025-12-30;17;910
28;2025-12-30;18;866
28;2025-12-30;19;635
28;2025-12-30;20;424
28;2025-12-30;21;281
28;2025-12-30;22;98
28;2025-12-30;23;8
28;2025-12-31;0;6
28;2025-12-31;1;0
28;2025-12-31;2;0
28;2025-12-31;3;0
28;2025-12-31;4;1
28;2025-12-31;5;22
28;2025-12-31;6;60
28;2025-12-31;7;152
28;2025-12-31;8;229
28;2025-12-31;9;281
28;2025-12-31;10;316
28;2025-12-31;11;396
28;2025-12-31;12;409
28;2025-12-31;13;434
28;2025-12-31;14;459
28;2025-12-31;15;423
28;2025-12-31;16;423
28;2025-12-31;17;457
28;2025-12-31;18;434
28;2025-12-31;19;325
28;2025-12-31;20;0
28;2025-12-31;21;0
28;2025-12-31;22;0
28;2025-12-31;23;0
50;2025-11-01;0;21
50;2025-11-01;1;1
50;2025-11-01;2;0
50;2025-11-01;3;0
50;2025-11-01;4;3
50;2025-11-01;5;68
50;2025-11-01;6;435
50;2025-11-01;7;1466
50;2025-11-01;8;2435
50;2025-11-01;9;1884
50;2025-11-01;10;1421
50;2025-11-01;11;1289
50;2025-11-01;12;1312
50;2025-11-01;13;1253
50;2025-11-01;14;1203
50;2025-11-01;15;1453
50;2025-11-01;16;1468
50;2025-11-01;17;2018
50;2025-11-01;18;2026
50;2025-11-01;19;1161
50;2025-11-01;20;750
50;2025-11-01;21;528
50;2025-11-01;22;189
50;2025-11-01;23;129
50;2025-11-02;0;0
50;2025-11-02;1;0
50;2025-11-02;2;0
50;2025-11-02;3;0
50;2025-11-02;4;0
50;2025-11-02;5;2
50;2025-11-02;6;12
50;2025-11-02;7;21
50;2025-11-02;8;44
50;2025-11-02;9;32
50;2025-11-02;10;22
50;2025-11-02;11;31
50;2025-11-02;12;17
50;2025-11-02;13;36
50;2025-11-02;14;118
50;2025-11-02;15;107
50;2025-11-02;16;200
50;2025-11-02;17;131
50;2025-11-02;18;64
50;2025-11-02;19;48
50;2025-11-02;20;52
50;2025-11-02;21;29
50;2025-11-02;22;43
50;2025-11-02;23;7
50;2025-11-03;0;0
50;2025-11-03;1;0
50;2025-11-03;2;0
50;2025-11-03;3;0
50;2025-11-03;4;0
50;2025-11-03;5;2
50;2025-11-03;6;11
50;2025-11-03;7;20
50;2025-11-03;8;42
50;2025-11-03;9;30
50;2025-11-03;10;21
50;2025-11-03;11;30
50;2025-11-03;12;16
50;2025-11-03;13;34
50;2025-11-03;14;112
50;2025-11-03;15;102
50;2025-11-03;16;190
50;2025-11-03;17;125
50;2025-11-03;18;61
50;2025-11-03;19;46
50;2025-11-03;20;50
50;2025-11-03;21;28
50;2025-11-03;22;41
50;2025-11-03;23;7
50;2025-11-04;0;0
50;2025-11-04;1;0
50;2025-11-04;2;0
50;2025-11-04;3;0
50;2025-11-04;4;0
50;2025-11-04;5;2
50;2025-11-04;6;11
50;2025-11-04;7;20
50;2025-11-04;8;42
50;2025-11-04;9;30
50;2025-11-04;10;21
50;2025-11-04;11;30
50;2025-11-04;12;16
50;2025-11-04;13;34
50;2025-11-04;14;112
50;2025-11-04;15;102
50;2025-11-04;16;190
50;2025-11-04;17;125
50;2025-11-04;18;61
50;2025-11-04;19;46
50;2025-11-04;20;50
50;2025-11-04;21;28
50;2025-11-04;22;41
50;2025-11-04;23;7
50;2025-11-05;0;25
50;2025-11-05;1;1
50;2025-11-05;2;0
50;2025-11-05;3;0
50;2025-11-05;4;4
50;2025-11-05;5;80
50;2025-11-05;6;511
50;2025-11-05;7;1725
50;2025-11-05;8;2865
50;2025-11-05;9;2216
50;2025-11-05;10;1672
50;2025-11-05;11;1516
50;2025-11-05;12;1543
50;2025-11-05;13;1474
50;2025-11-05;14;1415
50;2025-11-05;15;1710
50;2025-11-05;16;1727
50;2025-11-05;17;2374
50;2025-11-05;18;2383
50;2025-11-05;19;1366
50;2025-11-05;20;882
50;2025-11-05;21;622
50;2025-11-05;22;223
50;2025-11-05;23;151
50;2025-11-06;0;25
50;2025-11-06;1;1
50;2025-11-06;2;0
50;2025-11-06;3;0
50;2025-11-06;4;4
50;2025-11-06;5;80
50;2025-11-06;6;511
50;2025-11-06;7;1725
50;2025-11-06;8;2865
50;2025-11-06;9;2216
50;2025-11-06;10;1672
50;2025-11-06;11;1516
50;2025-11-06;12;1543
50;2025-11-06;13;1474
50;2025-11-06;14;1415
50;2025-11-06;15;1710
50;2025-11-06;16;1727
50;2025-11-06;17;2374
50;2025-11-06;18;2383
50;2025-11-06;19;1366
50;2025-11-06;20;882
50;2025-11-06;21;622
50;2025-11-06;22;223
50;2025-11-06;23;151
50;2025-11-07;0;25
50;2025-11-07;1;1
50;2025-11-07;2;0
50;2025-11-07;3;0
50;2025-11-07;4;4
50;2025-11-07;5;80
50;2025-11-07;6;511
50;2025-11-07;7;1725
50;2025-11-07;8;2865
50;2025-11-07;9;2216
50;2025-11-07;10;1672
50;2025-11-07;11;1516
50;2025-11-07;12;1543
50;2025-11-07;13;1474
50;2025-11-07;14;1415
50;2025-11-07;15;1710
50;2025-11-07;16;1727
50;2025-11-07;17;2374
50;2025-11-07;18;2383
50;2025-11-07;19;1366
50;2025-11-07;20;882
50;2025-11-07;21;622
50;2025-11-07;22;223
50;2025-11-07;23;151
50;2025-11-08;0;44
50;2025-11-08;1;12
50;2025-11-08;2;0
50;2025-11-08;3;0
50;2025-11-08;4;0
50;2025-11-08;5;0
50;2025-11-08;6;0
50;2025-11-08;7;0
50;2025-11-08;8;0
50;2025-11-08;9;10
50;2025-11-08;10;7
50;2025-11-08;11;2
50;2025-11-08;12;0
50;2025-11-08;13;0
50;2025-11-08;14;0
50;2025-11-08;15;0
50;2025-11-08;16;0
50;2025-11-08;17;6
50;2025-11-08;18;2
50;2025-11-08;19;0
50;2025-11-08;20;3
50;2025-11-08;21;0
50;2025-11-08;22;2
50;2025-11-08;23;0
50;2025-11-09;0;0
50;2025-11-09;1;0
50;2025-11-09;2;0
50;2025-11-09;3;0
50;2025-11-09;4;0
50;2025-11-09;5;2
50;2025-11-09;6;12
50;2025-11-09;7;21
50;2025-11-09;8;44
50;2025-11-09;9;32
50;2025-11-09;10;22
50;2025-11-09;11;31
50;2025-11-09;12;17
50;2025-11-09;13;36
50;2025-11-09;14;118
50;2025-11-09;15;107
50;2025-11-09;16;200
50;2025-11-09;17;131
50;2025-11-09;18;64
50;2025-11-09;19;48
50;2025-11-09;20;52
50;2025-11-09;21;29
50;2025-11-09;22;43
50;2025-11-09;23;7
50;2025-11-10;0;25
50;2025-11-10;1;1
50;2025-11-10;2;0
50;2025-11-10;3;0
50;2025-11-10;4;4
50;2025-11-10;5;80
50;2025-11-10;6;511
50;2025-11-10;7;1725
50;2025-11-10;8;2865
50;2025-11-10;9;2216
50;2025-11-10;10;1672
50;2025-11-10;11;1516
50;2025-11-10;12;1543
50;2025-11-10;13;1474
50;2025-11-10;14;1415
50;2025-11-10;15;1710
50;2025-11-10;16;1727
50;2025-11-10;17;2374
50;2025-11-10;18;2383
50;2025-11-10;19;1366
50;2025-11-10;20;882
50;2025-11-10;21;622
50;2025-11-10;22;223
50;2025-11-10;23;151
50;2025-11-11;0;25
50;2025-11-11;1;1
50;2025-11-11;2;0
50;2025-11-11;3;0
50;2025-11-11;4;4
50;2025-11-11;5;80
50;2025-11-11;6;511
50;2025-11-11;7;1725
50;2025-11-11;8;2865
50;2025-11-11;9;2216
50;2025-11-11;10;1672
50;2025-11-11;11;1516
50;2025-11-11;12;1543
50;2025-11-11;13;1474
50;2025-11-11;14;1415
50;2025-11-11;15;1710
50;2025-11-11;16;1727
50;2025-11-11;17;2374
50;2025-11-11;18;2383
50;2025-11-11;19;1366
50;2025-11-11;20;882
50;2025-11-11;21;622
50;2025-11-11;22;223
50;2025-11-11;23;151
50;2025-11-12;0;25
50;2025-11-12;1;1
50;2025-11-12;2;0
50;2025-11-12;3;0
50;2025-11-12;4;4
50;2025-11-12;5;80
50;2025-11-12;6;511
50;2025-11-12;7;1725
50;2025-11-12;8;2865
50;2025-11-12;9;2216
50;2025-11-12;10;1672
50;2025-11-12;11;1516
50;2025-11-12;12;1543
50;2025-11-12;13;1474
50;2025-11-12;14;1415
50;2025-11-12;15;1710
50;2025-11-12;16;1727
50;2025-11-12;17;2374
50;2025-11-12;18;2383
50;2025-11-12;19;1366
50;2025-11-12;20;882
50;2025-11-12;21;622
50;2025-11-12;22;223
50;2025-11-12;23;151
50;2025-11-13;0;25
50;2025-11-13;1;1
50;2025-11-13;2;0
50;2025-11-13;3;0
50;2025-11-13;4;4
50;2025-11-13;5;80
50;2025-11-13;6;511
50;2025-11-13;7;1725
50;2025-11-13;8;2865
50;2025-11-13;9;2216
50;2025-11-13;10;1672
50;2025-11-13;11;1516
50;2025-11-13;12;1543
50;2025-11-13;13;1474
50;2025-11-13;14;1415
50;2025-11-13;15;1710
50;2025-11-13;16;1727
50;2025-11-13;17;2374
50;2025-11-13;18;2383
50;2025-11-13;19;1366
50;2025-11-13;20;882
50;2025-11-13;21;622
50;2025-11-13;22;223
50;2025-11-13;23;151
50;2025-11-14;0;25
50;2025-11-14;1;1
50;2025-11-14;2;0
50;2025-11-14;3;0
50;2025-11-14;4;4
50;2025-11-14;5;80
50;2025-11-14;6;511
50;2025-11-14;7;1725
50;2025-11-14;8;2865
50;2025-11-14;9;2216
50;2025-11-14;10;1672
50;2025-11-14;11;1516
50;2025-11-14;12;1543
50;2025-11-14;13;1474
50;2025-11-14;14;1415
50;2025-11-14;15;1710
50;2025-11-14;16;1727
50;2025-11-14;17;2374
50;2025-11-14;18;2383
50;2025-11-14;19;1366
50;2025-11-14;20;882
50;2025-11-14;21;622
50;2025-11-14;22;223
50;2025-11-14;23;151
50;2025-11-15;0;72
50;2025-11-15;1;5
50;2025-11-15;2;0
50;2025-11-15;3;0
50;2025-11-15;4;2
50;2025-11-15;5;35
50;2025-11-15;6;179
50;2025-11-15;7;418
50;2025-11-15;8;656
50;2025-11-15;9;727
50;2025-11-15;10;695
50;2025-11-15;11;867
50;2025-11-15;12;877
50;2025-11-15;13;940
50;2025-11-15;14;930
50;2025-11-15;15;887
50;2025-11-15;16;851
50;2025-11-15;17;820
50;2025-11-15;18;710
50;2025-11-15;19;649
50;2025-11-15;20;520
50;2025-11-15;21;417
50;2025-11-15;22;242
50;2025-11-15;23;146
50;2025-11-16;0;51
50;2025-11-16;1;7
50;2025-11-16;2;0
50;2025-11-16;3;0
50;2025-11-16;4;1
50;2025-11-16;5;25
50;2025-11-16;6;124
50;2025-11-16;7;242
50;2025-11-16;8;363
50;2025-11-16;9;485
50;2025-11-16;10;527
50;2025-11-16;11;634
50;2025-11-16;12;692
50;2025-11-16;13;792
50;2025-11-16;14;805
50;2025-11-16;15;701
50;2025-11-16;16;699
50;2025-11-16;17;716
50;2025-11-16;18;678
50;2025-11-16;19;608
50;2025-11-16;20;486
50;2025-11-16;21;405
50;2025-11-16;22;236
50;2025-11-16;23;119
50;2025-11-17;0;25
50;2025-11-17;1;1
50;2025-11-17;2;0
50;2025-11-17;3;0
50;2025-11-17;4;4
50;2025-11-17;5;80
50;2025-11-17;6;511
50;2025-11-17;7;1725
50;2025-11-17;8;2865
50;2025-11-17;9;2216
50;2025-11-17;10;1672
50;2025-11-17;11;1516
50;2025-11-17;12;1543
50;2025-11-17;13;1474
50;2025-11-17;14;1415
50;2025-11-17;15;1710
50;2025-11-17;16;1727
50;2025-11-17;17;2374
50;2025-11-17;18;2383
50;2025-11-17;19;1366
50;2025-11-17;20;882
50;2025-11-17;21;622
50;2025-11-17;22;223
50;2025-11-17;23;151
50;2025-11-18;0;25
50;2025-11-18;1;1
50;2025-11-18;2;0
50;2025-11-18;3;0
50;2025-11-18;4;4
50;2025-11-18;5;80
50;2025-11-18;6;511
50;2025-11-18;7;1725
50;2025-11-18;8;2865
50;2025-11-18;9;2216
50;2025-11-18;10;1672
50;2025-11-18;11;1516
50;2025-11-18;12;1543
50;2025-11-18;13;1474
50;2025-11-18;14;1415
50;2025-11-18;15;1710
50;2025-11-18;16;1727
50;2025-11-18;17;2374
50;2025-11-18;18;2383
50;2025-11-18;19;1366
50;2025-11-18;20;882
50;2025-11-18;21;622
50;2025-11-18;22;223
50;2025-11-18;23;151
50;2025-11-19;0;25
50;2025-11-19;1;1
50;2025-11-19;2;0
50;2025-11-19;3;0
50;2025-11-19;4;4
50;2025-11-19;5;80
50;2025-11-19;6;511
50;2025-11-19;7;1725
50;2025-11-19;8;2865
50;2025-11-19;9;2216
50;2025-11-19;10;1672
50;2025-11-19;11;1516
50;2025-11-19;12;1543
50;2025-11-19;13;1474
50;2025-11-19;14;1415
50;2025-11-19;15;1710
50;2025-11-19;16;1727
50;2025-11-19;17;2374
50;2025-11-19;18;2383
50;2025-11-19;19;1366
50;2025-11-19;20;882
50;2025-11-19;21;622
50;2025-11-19;22;223
50;2025-11-19;23;151
50;2025-11-20;0;25
50;2025-11-20;1;1
50;2025-11-20;2;0
50;2025-11-20;3;0
50;2025-11-20;4;4
50;2025-11-20;5;80
50;2025-11-20;6;511
50;2025-11-20;7;1725
50;2025-11-20;8;2865
50;2025-11-20;9;2216
50;2025-11-20;10;1672
50;2025-11-20;11;1516
50;2025-11-20;12;1543
50;2025-11-20;13;1474
50;2025-11-20;14;1415
50;2025-11-20;15;1710
50;2025-11-20;16;1727
50;2025-11-20;17;2374
50;2025-11-20;18;2383
50;2025-11-20;19;1366
50;2025-11-20;20;882
50;2025-11-20;21;622
50;2025-11-20;22;223
50;2025-11-20;23;151
50;2025-11-21;0;25
50;2025-11-21;1;1
50;2025-11-21;2;0
50;2025-11-21;3;0
50;2025-11-21;4;4
50;2025-11-21;5;80
50;2025-11-21;6;511
50;2025-11-21;7;1725
50;2025-11-21;8;2865
50;2025-11-21;9;2216
50;2025-11-21;10;1672
50;2025-11-21;11;1516
50;2025-11-21;12;1543
50;2025-11-21;13;1474
50;2025-11-21;14;1415
50;2025-11-21;15;1710
50;2025-11-21;16;1727
50;2025-11-21;17;2374
50;2025-11-21;18;2383
50;2025-11-21;19;1366
50;2025-11-21;20;882
50;2025-11-21;21;622
50;2025-11-21;22;223
50;2025-11-21;23;151
50;2025-11-22;0;72
50;2025-11-22;1;5
50;2025-11-22;2;0
50;2025-11-22;3;0
50;2025-11-22;4;2
50;2025-11-22;5;35
50;2025-11-22;6;179
50;2025-11-22;7;418
50;2025-11-22;8;656
50;2025-11-22;9;727
50;2025-11-22;10;695
50;2025-11-22;11;867
50;2025-11-22;12;877
50;2025-11-22;13;940
50;2025-11-22;14;930
50;2025-11-22;15;887
50;2025-11-22;16;851
50;2025-11-22;17;820
50;2025-11-22;18;710
50;2025-11-22;19;649
50;2025-11-22;20;520
50;2025-11-22;21;417
50;2025-11-22;22;242
50;2025-11-22;23;146
50;2025-11-23;0;51
50;2025-11-23;1;7
50;2025-11-23;2;0
50;2025-11-23;3;0
50;2025-11-23;4;1
50;2025-11-23;5;25
50;2025-11-23;6;124
50;2025-11-23;7;242
50;2025-11-23;8;363
50;2025-11-23;9;485
50;2025-11-23;10;527
50;2025-11-23;11;634
50;2025-11-23;12;692
50;2025-11-23;13;792
50;2025-11-23;14;805
50;2025-11-23;15;701
50;2025-11-23;16;699
50;2025-11-23;17;716
50;2025-11-23;18;678
50;2025-11-23;19;608
50;2025-11-23;20;486
50;2025-11-23;21;405
50;2025-11-23;22;236
50;2025-11-23;23;119
50;2025-11-24;0;25
50;2025-11-24;1;1
50;2025-11-24;2;0
50;2025-11-24;3;0
50;2025-11-24;4;4
50;2025-11-24;5;80
50;2025-11-24;6;511
50;2025-11-24;7;1725
50;2025-11-24;8;2865
50;2025-11-24;9;2216
50;2025-11-24;10;1672
50;2025-11-24;11;1516
50;2025-11-24;12;1543
50;2025-11-24;13;1474
50;2025-11-24;14;1415
50;2025-11-24;15;1710
50;2025-11-24;16;1727
50;2025-11-24;17;2374
50;2025-11-24;18;2383
50;2025-11-24;19;1366
50;2025-11-24;20;882
50;2025-11-24;21;622
50;2025-11-24;22;223
50;2025-11-24;23;151
50;2025-11-25;0;25
50;2025-11-25;1;1
50;2025-11-25;2;0
50;2025-11-25;3;0
50;2025-11-25;4;4
50;2025-11-25;5;80
50;2025-11-25;6;511
50;2025-11-25;7;1725
50;2025-11-25;8;2865
50;2025-11-25;9;2216
50;2025-11-25;10;1672
50;2025-11-25;11;1516
50;2025-11-25;12;1543
50;2025-11-25;13;1474
50;2025-11-25;14;1415
50;2025-11-25;15;1710
50;2025-11-25;16;1727
50;2025-11-25;17;2374
50;2025-11-25;18;2383
50;2025-11-25;19;1366
50;2025-11-25;20;882
50;2025-11-25;21;622
50;2025-11-25;22;223
50;2025-11-25;23;151
50;2025-11-26;0;25
50;2025-11-26;1;1
50;2025-11-26;2;0
50;2025-11-26;3;0
50;2025-11-26;4;4
50;2025-11-26;5;80
50;2025-11-26;6;511
50;2025-11-26;7;1725
50;2025-11-26;8;2865
50;2025-11-26;9;2216
50;2025-11-26;10;1672
50;2025-11-26;11;1516
50;2025-11-26;12;1543
50;2025-11-26;13;1474
50;2025-11-26;14;1415
50;2025-11-26;15;1710
50;2025-11-26;16;1727
50;2025-11-26;17;2374
50;2025-11-26;18;2383
50;2025-11-26;19;1366
50;2025-11-26;20;882
50;2025-11-26;21;622
50;2025-11-26;22;223
50;2025-11-26;23;151
50;2025-11-27;0;25
50;2025-11-27;1;1
50;2025-11-27;2;0
50;2025-11-27;3;0
50;2025-11-27;4;4
50;2025-11-27;5;80
50;2025-11-27;6;511
50;2025-11-27;7;1725
50;2025-11-27;8;2865
50;2025-11-27;9;2216
50;2025-11-27;10;1672
50;2025-11-27;11;1516
50;2025-11-27;12;1543
50;2025-11-27;13;1474
50;2025-11-27;14;1415
50;2025-11-27;15;1710
50;2025-11-27;16;1727
50;2025-11-27;17;2374
50;2025-11-27;18;2383
50;2025-11-27;19;1366
50;2025-11-27;20;882
50;2025-11-27;21;622
50;2025-11-27;22;223
50;2025-11-27;23;151
50;2025-11-28;0;25
50;2025-11-28;1;1
50;2025-11-28;2;0
50;2025-11-28;3;0
50;2025-11-28;4;4
50;2025-11-28;5;80
50;2025-11-28;6;511
50;2025-11-28;7;1725
50;2025-11-28;8;2865
50;2025-11-28;9;2216
50;2025-11-28;10;1672
50;2025-11-28;11;1516
50;2025-11-28;12;1543
50;2025-11-28;13;1474
50;2025-11-28;14;1415
50;2025-11-28;15;1710
50;2025-11-28;16;1727
50;2025-11-28;17;2374
50;2025-11-28;18;2383
50;2025-11-28;19;1366
50;2025-11-28;20;882
50;2025-11-28;21;622
50;2025-11-28;22;223
50;2025-11-28;23;151
50;2025-11-29;0;72
50;2025-11-29;1;5
50;2025-11-29;2;0
50;2025-11-29;3;0
50;2025-11-29;4;2
50;2025-11-29;5;35
50;2025-11-29;6;179
50;2025-11-29;7;418
50;2025-11-29;8;656
50;2025-11-29;9;727
50;2025-11-29;10;695
50;2025-11-29;11;867
50;2025-11-29;12;877
50;2025-11-29;13;940
50;2025-11-29;14;930
50;2025-11-29;15;887
50;2025-11-29;16;851
50;2025-11-29;17;820
50;2025-11-29;18;710
50;2025-11-29;19;649
50;2025-11-29;20;520
50;2025-11-29;21;417
50;2025-11-29;22;242
50;2025-11-29;23;146
50;2025-11-30;0;51
50;2025-11-30;1;7
50;2025-11-30;2;0
50;2025-11-30;3;0
50;2025-11-30;4;1
50;2025-11-30;5;25
50;2025-11-30;6;124
50;2025-11-30;7;242
50;2025-11-30;8;363
50;2025-11-30;9;485
50;2025-11-30;10;527
50;2025-11-30;11;634
50;2025-11-30;12;692
50;2025-11-30;13;792
50;2025-11-30;14;805
50;2025-11-30;15;701
50;2025-11-30;16;699
50;2025-11-30;17;716
50;2025-11-30;18;678
50;2025-11-30;19;608
50;2025-11-30;20;486
50;2025-11-30;21;405
50;2025-11-30;22;236
50;2025-11-30;23;119
50;2025-12-01;0;26
50;2025-12-01;1;1
50;2025-12-01;2;0
50;2025-12-01;3;0
50;2025-12-01;4;4
50;2025-12-01;5;83
50;2025-12-01;6;527
50;2025-12-01;7;1778
50;2025-12-01;8;2954
50;2025-12-01;9;2285
50;2025-12-01;10;1724
50;2025-12-01;11;1563
50;2025-12-01;12;1591
50;2025-12-01;13;1520
50;2025-12-01;14;1459
50;2025-12-01;15;1763
50;2025-12-01;16;1780
50;2025-12-01;17;2448
50;2025-12-01;18;2458
50;2025-12-01;19;1408
50;2025-12-01;20;910
50;2025-12-01;21;641
50;2025-12-01;22;230
50;2025-12-01;23;156
50;2025-12-02;0;26
50;2025-12-02;1;1
50;2025-12-02;2;0
50;2025-12-02;3;0
50;2025-12-02;4;4
50;2025-12-02;5;83
50;2025-12-02;6;527
50;2025-12-02;7;1778
50;2025-12-02;8;2954
50;2025-12-02;9;2285
50;2025-12-02;10;1724
50;2025-12-02;11;1563
50;2025-12-02;12;1591
50;2025-12-02;13;1520
50;2025-12-02;14;1459
50;2025-12-02;15;1763
50;2025-12-02;16;1780
50;2025-12-02;17;2448
50;2025-12-02;18;2458
50;2025-12-02;19;1408
50;2025-12-02;20;910
50;2025-12-02;21;641
50;2025-12-02;22;230
50;2025-12-02;23;156
50;2025-12-03;0;26
50;2025-12-03;1;1
50;2025-12-03;2;0
50;2025-12-03;3;0
50;2025-12-03;4;4
50;2025-12-03;5;83
50;2025-12-03;6;527
50;2025-12-03;7;1778
50;2025-12-03;8;2954
50;2025-12-03;9;2285
50;2025-12-03;10;1724
50;2025-12-03;11;1563
50;2025-12-03;12;1591
50;2025-12-03;13;1520
50;2025-12-03;14;1459
50;2025-12-03;15;1763
50;2025-12-03;16;1780
50;2025-12-03;17;2448
50;2025-12-03;18;2458
50;2025-12-03;19;1408
50;2025-12-03;20;910
50;2025-12-03;21;641
50;2025-12-03;22;230
50;2025-12-03;23;156
50;2025-12-04;0;26
50;2025-12-04;1;1
50;2025-12-04;2;0
50;2025-12-04;3;0
50;2025-12-04;4;4
50;2025-12-04;5;83
50;2025-12-04;6;527
50;2025-12-04;7;1778
50;2025-12-04;8;2954
50;2025-12-04;9;2285
50;2025-12-04;10;1724
50;2025-12-04;11;1563
50;2025-12-04;12;1591
50;2025-12-04;13;1520
50;2025-12-04;14;1459
50;2025-12-04;15;1763
50;2025-12-04;16;1780
50;2025-12-04;17;2448
50;2025-12-04;18;2458
50;2025-12-04;19;1408
50;2025-12-04;20;910
50;2025-12-04;21;641
50;2025-12-04;22;230
50;2025-12-04;23;156
50;2025-12-05;0;26
50;2025-12-05;1;1
50;2025-12-05;2;0
50;2025-12-05;3;0
50;2025-12-05;4;4
50;2025-12-05;5;83
50;2025-12-05;6;527
50;2025-12-05;7;1778
50;2025-12-05;8;2954
50;2025-12-05;9;2285
50;2025-12-05;10;1724
50;2025-12-05;11;1563
50;2025-12-05;12;1591
50;2025-12-05;13;1520
50;2025-12-05;14;1459
50;2025-12-05;15;1763
50;2025-12-05;16;1780
50;2025-12-05;17;2448
50;2025-12-05;18;2458
50;2025-12-05;19;1408
50;2025-12-05;20;910
50;2025-12-05;21;641
50;2025-12-05;22;230
50;2025-12-05;23;156
50;2025-12-06;0;74
50;2025-12-06;1;5
50;2025-12-06;2;0
50;2025-12-06;3;0
50;2025-12-06;4;2
50;2025-12-06;5;36
50;2025-12-06;6;185
50;2025-12-06;7;432
50;2025-12-06;8;677
50;2025-12-06;9;750
50;2025-12-06;10;716
50;2025-12-06;11;894
50;2025-12-06;12;905
50;2025-12-06;13;969
50;2025-12-06;14;959
50;2025-12-06;15;915
50;2025-12-06;16;878
50;2025-12-06;17;846
50;2025-12-06;18;732
50;2025-12-06;19;669
50;2025-12-06;20;536
50;2025-12-06;21;430
50;2025-12-06;22;250
50;2025-12-06;23;150
50;2025-12-07;0;53
50;2025-12-07;1;7
50;2025-12-07;2;0
50;2025-12-07;3;0
50;2025-12-07;4;1
50;2025-12-07;5;26
50;2025-12-07;6;128
50;2025-12-07;7;249
50;2025-12-07;8;375
50;2025-12-07;9;500
50;2025-12-07;10;544
50;2025-12-07;11;654
50;2025-12-07;12;714
50;2025-12-07;13;817
50;2025-12-07;14;830
50;2025-12-07;15;723
50;2025-12-07;16;721
50;2025-12-07;17;738
50;2025-12-07;18;699
50;2025-12-07;19;626
50;2025-12-07;20;501
50;2025-12-07;21;418
50;2025-12-07;22;244
50;2025-12-07;23;122
50;2025-12-08;0;26
50;2025-12-08;1;1
50;2025-12-08;2;0
50;2025-12-08;3;0
50;2025-12-08;4;4
50;2025-12-08;5;83
50;2025-12-08;6;527
50;2025-12-08;7;1778
50;2025-12-08;8;2954
50;2025-12-08;9;2285
50;2025-12-08;10;1724
50;2025-12-08;11;1563
50;2025-12-08;12;1591
50;2025-12-08;13;1520
50;2025-12-08;14;1459
50;2025-12-08;15;1763
50;2025-12-08;16;1780
50;2025-12-08;17;2448
50;2025-12-08;18;2458
50;2025-12-08;19;1408
50;2025-12-08;20;910
50;2025-12-08;21;641
50;2025-12-08;22;230
50;2025-12-08;23;156
50;2025-12-09;0;26
50;2025-12-09;1;1
50;2025-12-09;2;0
50;2025-12-09;3;0
50;2025-12-09;4;4
50;2025-12-09;5;83
50;2025-12-09;6;527
50;2025-12-09;7;1778
50;2025-12-09;8;2954
50;2025-12-09;9;2285
50;2025-12-09;10;1724
50;2025-12-09;11;1563
50;2025-12-09;12;1591
50;2025-12-09;13;1520
50;2025-12-09;14;1459
50;2025-12-09;15;1763
50;2025-12-09;16;1780
50;2025-12-09;17;2448
50;2025-12-09;18;2458
50;2025-12-09;19;1408
50;2025-12-09;20;910
50;2025-12-09;21;641
50;2025-12-09;22;230
50;2025-12-09;23;156
50;2025-12-10;0;26
50;2025-12-10;1;1
50;2025-12-10;2;0
50;2025-12-10;3;0
50;2025-12-10;4;4
50;2025-12-10;5;83
50;2025-12-10;6;527
50;2025-12-10;7;1778
50;2025-12-10;8;2954
50;2025-12-10;9;2285
50;2025-12-10;10;1724
50;2025-12-10;11;1563
50;2025-12-10;12;1591
50;2025-12-10;13;1520
50;2025-12-10;14;1459
50;2025-12-10;15;1763
50;2025-12-10;16;1780
50;2025-12-10;17;2448
50;2025-12-10;18;2458
50;2025-12-10;19;1408
50;2025-12-10;20;910
50;2025-12-10;21;641
50;2025-12-10;22;230
50;2025-12-10;23;156
50;2025-12-11;0;26
50;2025-12-11;1;1
50;2025-12-11;2;0
50;2025-12-11;3;0
50;2025-12-11;4;4
50;2025-12-11;5;83
50;2025-12-11;6;527
50;2025-12-11;7;1778
50;2025-12-11;8;2954
50;2025-12-11;9;2285
50;2025-12-11;10;1724
50;2025-12-11;11;1563
50;2025-12-11;12;1591
50;2025-12-11;13;1520
50;2025-12-11;14;1459
50;2025-12-11;15;1763
50;2025-12-11;16;1780
50;2025-12-11;17;2448
50;2025-12-11;18;2458
50;2025-12-11;19;1408
50;2025-12-11;20;910
50;2025-12-11;21;641
50;2025-12-11;22;230
50;2025-12-11;23;156
50;2025-12-12;0;26
50;2025-12-12;1;1
50;2025-12-12;2;0
50;2025-12-12;3;0
50;2025-12-12;4;4
50;2025-12-12;5;83
50;2025-12-12;6;527
50;2025-12-12;7;1778
50;2025-12-12;8;2954
50;2025-12-12;9;2285
50;2025-12-12;10;1724
50;2025-12-12;11;1563
50;2025-12-12;12;1591
50;2025-12-12;13;1520
50;2025-12-12;14;1459
50;2025-12-12;15;1763
50;2025-12-12;16;1780
50;2025-12-12;17;2448
50;2025-12-12;18;2458
50;2025-12-12;19;1408
50;2025-12-12;20;910
50;2025-12-12;21;641
50;2025-12-12;22;230
50;2025-12-12;23;156
50;2025-12-13;0;74
50;2025-12-13;1;5
50;2025-12-13;2;0
50;2025-12-13;3;0
50;2025-12-13;4;2
50;2025-12-13;5;36
50;2025-12-13;6;185
50;2025-12-13;7;432
50;2025-12-13;8;677
50;2025-12-13;9;750
50;2025-12-13;10;716
50;2025-12-13;11;894
50;2025-12-13;12;905
50;2025-12-13;13;969
50;2025-12-13;14;959
50;2025-12-13;15;915
50;2025-12-13;16;878
50;2025-12-13;17;846
50;2025-12-13;18;732
50;2025-12-13;19;669
50;2025-12-13;20;536
50;2025-12-13;21;430
50;2025-12-13;22;250
50;2025-12-13;23;150
50;2025-12-14;0;53
50;2025-12-14;1;7
50;2025-12-14;2;0
50;2025-12-14;3;0
50;2025-12-14;4;1
50;2025-12-14;5;26
50;2025-12-14;6;128
50;2025-12-14;7;249
50;2025-12-14;8;375
50;2025-12-14;9;500
50;2025-12-14;10;544
50;2025-12-14;11;654
50;2025-12-14;12;714
50;2025-12-14;13;817
50;2025-12-14;14;830
50;2025-12-14;15;723
50;2025-12-14;16;721
50;2025-12-14;17;738
50;2025-12-14;18;699
50;2025-12-14;19;626
50;2025-12-14;20;501
50;2025-12-14;21;418
50;2025-12-14;22;244
50;2025-12-14;23;122
50;2025-12-15;0;26
50;2025-12-15;1;1
50;2025-12-15;2;0
50;2025-12-15;3;0
50;2025-12-15;4;4
50;2025-12-15;5;83
50;2025-12-15;6;527
50;2025-12-15;7;1778
50;2025-12-15;8;2954
50;2025-12-15;9;2285
50;2025-12-15;10;1724
50;2025-12-15;11;1563
50;2025-12-15;12;1591
50;2025-12-15;13;1520
50;2025-12-15;14;1459
50;2025-12-15;15;1763
50;2025-12-15;16;1780
50;2025-12-15;17;2448
50;2025-12-15;18;2458
50;2025-12-15;19;1408
50;2025-12-15;20;910
50;2025-12-15;21;641
50;2025-12-15;22;230
50;2025-12-15;23;156
50;2025-12-16;0;26
50;2025-12-16;1;1
50;2025-12-16;2;0
50;2025-12-16;3;0
50;2025-12-16;4;4
50;2025-12-16;5;83
50;2025-12-16;6;527
50;2025-12-16;7;1778
50;2025-12-16;8;2954
50;2025-12-16;9;2285
50;2025-12-16;10;1724
50;2025-12-16;11;1563
50;2025-12-16;12;1591
50;2025-12-16;13;1520
50;2025-12-16;14;1459
50;2025-12-16;15;1763
50;2025-12-16;16;1780
50;2025-12-16;17;2448
50;2025-12-16;18;2458
50;2025-12-16;19;1408
50;2025-12-16;20;910
50;2025-12-16;21;641
50;2025-12-16;22;230
50;2025-12-16;23;156
50;2025-12-17;0;26
50;2025-12-17;1;1
50;2025-12-17;2;0
50;2025-12-17;3;0
50;2025-12-17;4;4
50;2025-12-17;5;83
50;2025-12-17;6;527
50;2025-12-17;7;1778
50;2025-12-17;8;2954
50;2025-12-17;9;2285
50;2025-12-17;10;1724
50;2025-12-17;11;1563
50;2025-12-17;12;1591
50;2025-12-17;13;1520
50;2025-12-17;14;1459
50;2025-12-17;15;1763
50;2025-12-17;16;1780
50;2025-12-17;17;2448
50;2025-12-17;18;2458
50;2025-12-17;19;1408
50;2025-12-17;20;910
50;2025-12-17;21;641
50;2025-12-17;22;230
50;2025-12-17;23;156
50;2025-12-18;0;26
50;2025-12-18;1;1
50;2025-12-18;2;0
50;2025-12-18;3;0
50;2025-12-18;4;4
50;2025-12-18;5;83
50;2025-12-18;6;527
50;2025-12-18;7;1778
50;2025-12-18;8;2954
50;2025-12-18;9;2285
50;2025-12-18;10;1724
50;2025-12-18;11;1563
50;2025-12-18;12;1591
50;2025-12-18;13;1520
50;2025-12-18;14;1459
50;2025-12-18;15;1763
50;2025-12-18;16;1780
50;2025-12-18;17;2448
50;2025-12-18;18;2458
50;2025-12-18;19;1408
50;2025-12-18;20;910
50;2025-12-18;21;641
50;2025-12-18;22;230
50;2025-12-18;23;156
50;2025-12-19;0;26
50;2025-12-19;1;1
50;2025-12-19;2;0
50;2025-12-19;3;0
50;2025-12-19;4;4
50;2025-12-19;5;83
50;2025-12-19;6;527
50;2025-12-19;7;1778
50;2025-12-19;8;2954
50;2025-12-19;9;2285
50;2025-12-19;10;1724
50;2025-12-19;11;1563
50;2025-12-19;12;1591
50;2025-12-19;13;1520
50;2025-12-19;14;1459
50;2025-12-19;15;1763
50;2025-12-19;16;1780
50;2025-12-19;17;2448
50;2025-12-19;18;2458
50;2025-12-19;19;1408
50;2025-12-19;20;910
50;2025-12-19;21;641
50;2025-12-19;22;230
50;2025-12-19;23;156
50;2025-12-20;0;74
50;2025-12-20;1;5
50;2025-12-20;2;0
50;2025-12-20;3;0
50;2025-12-20;4;2
50;2025-12-20;5;36
50;2025-12-20;6;185
50;2025-12-20;7;432
50;2025-12-20;8;677
50;2025-12-20;9;750
50;2025-12-20;10;716
50;2025-12-20;11;894
50;2025-12-20;12;905
50;2025-12-20;13;969
50;2025-12-20;14;959
50;2025-12-20;15;915
50;2025-12-20;16;878
50;2025-12-20;17;846
50;2025-12-20;18;732
50;2025-12-20;19;669
50;2025-12-20;20;536
50;2025-12-20;21;430
50;2025-12-20;22;250
50;2025-12-20;23;150
50;2025-12-21;0;53
50;2025-12-21;1;7
50;2025-12-21;2;0
50;2025-12-21;3;0
50;2025-12-21;4;1
50;2025-12-21;5;26
50;2025-12-21;6;128
50;2025-12-21;7;249
50;2025-12-21;8;375
50;2025-12-21;9;500
50;2025-12-21;10;544
50;2025-12-21;11;654
50;2025-12-21;12;714
50;2025-12-21;13;817
50;2025-12-21;14;830
50;2025-12-21;15;723
50;2025-12-21;16;721
50;2025-12-21;17;738
50;2025-12-21;18;699
50;2025-12-21;19;626
50;2025-12-21;20;501
50;2025-12-21;21;418
50;2025-12-21;22;244
50;2025-12-21;23;122
50;2025-12-22;0;26
50;2025-12-22;1;1
50;2025-12-22;2;0
50;2025-12-22;3;0
50;2025-12-22;4;4
50;2025-12-22;5;83
50;2025-12-22;6;527
50;2025-12-22;7;1778
50;2025-12-22;8;2954
50;2025-12-22;9;2285
50;2025-12-22;10;1724
50;2025-12-22;11;1563
50;2025-12-22;12;1591
50;2025-12-22;13;1520
50;2025-12-22;14;1459
50;2025-12-22;15;1763
50;2025-12-22;16;1780
50;2025-12-22;17;2448
50;2025-12-22;18;2458
50;2025-12-22;19;1408
50;2025-12-22;20;910
50;2025-12-22;21;641
50;2025-12-22;22;230
50;2025-12-22;23;156
50;2025-12-23;0;26
50;2025-12-23;1;1
50;2025-12-23;2;0
50;2025-12-23;3;0
50;2025-12-23;4;4
50;2025-12-23;5;83
50;2025-12-23;6;527
50;2025-12-23;7;1778
50;2025-12-23;8;2954
50;2025-12-23;9;2285
50;2025-12-23;10;1724
50;2025-12-23;11;1563
50;2025-12-23;12;1591
50;2025-12-23;13;1520
50;2025-12-23;14;1459
50;2025-12-23;15;1763
50;2025-12-23;16;1780
50;2025-12-23;17;2448
50;2025-12-23;18;2458
50;2025-12-23;19;1408
50;2025-12-23;20;910
50;2025-12-23;21;641
50;2025-12-23;22;230
50;2025-12-23;23;156
50;2025-12-24;0;26
50;2025-12-24;1;1
50;2025-12-24;2;0
50;2025-12-24;3;0
50;2025-12-24;4;4
50;2025-12-24;5;83
50;2025-12-24;6;527
50;2025-12-24;7;1778
50;2025-12-24;8;2954
50;2025-12-24;9;2285
50;2025-12-24;10;1724
50;2025-12-24;11;1563
50;2025-12-24;12;1591
50;2025-12-24;13;1520
50;2025-12-24;14;1459
50;2025-12-24;15;1763
50;2025-12-24;16;1780
50;2025-12-24;17;2448
50;2025-12-24;18;2458
50;2025-12-24;19;1408
50;2025-12-24;20;910
50;2025-12-24;21;641
50;2025-12-24;22;230
50;2025-12-24;23;156
50;2025-12-25;0;26
50;2025-12-25;1;1
50;2025-12-25;2;0
50;2025-12-25;3;0
50;2025-12-25;4;4
50;2025-12-25;5;83
50;2025-12-25;6;527
50;2025-12-25;7;1778
50;2025-12-25;8;2954
50;2025-12-25;9;2285
50;2025-12-25;10;1724
50;2025-12-25;11;1563
50;2025-12-25;12;1591
50;2025-12-25;13;1520
50;2025-12-25;14;1459
50;2025-12-25;15;1763
50;2025-12-25;16;1780
50;2025-12-25;17;2448
50;2025-12-25;18;2458
50;2025-12-25;19;1408
50;2025-12-25;20;910
50;2025-12-25;21;641
50;2025-12-25;22;230
50;2025-12-25;23;156
50;2025-12-26;0;26
50;2025-12-26;1;1
50;2025-12-26;2;0
50;2025-12-26;3;0
50;2025-12-26;4;4
50;2025-12-26;5;83
50;2025-12-26;6;527
50;2025-12-26;7;1778
50;2025-12-26;8;2954
50;2025-12-26;9;2285
50;2025-12-26;10;1724
50;2025-12-26;11;1563
50;2025-12-26;12;1591
50;2025-12-26;13;1520
50;2025-12-26;14;1459
50;2025-12-26;15;1763
50;2025-12-26;16;1780
50;2025-12-26;17;2448
50;2025-12-26;18;2458
50;2025-12-26;19;1408
50;2025-12-26;20;910
50;2025-12-26;21;641
50;2025-12-26;22;230
50;2025-12-26;23;156
50;2025-12-27;0;74
50;2025-12-27;1;5
50;2025-12-27;2;0
50;2025-12-27;3;0
50;2025-12-27;4;2
50;2025-12-27;5;36
50;2025-12-27;6;185
50;2025-12-27;7;432
50;2025-12-27;8;677
50;2025-12-27;9;750
50;2025-12-27;10;716
50;2025-12-27;11;894
50;2025-12-27;12;905
50;2025-12-27;13;969
50;2025-12-27;14;959
50;2025-12-27;15;915
50;2025-12-27;16;878
50;2025-12-27;17;846
50;2025-12-27;18;732
50;2025-12-27;19;669
50;2025-12-27;20;536
50;2025-12-27;21;430
50;2025-12-27;22;250
50;2025-12-27;23;150
50;2025-12-28;0;53
50;2025-12-28;1;7
50;2025-12-28;2;0
50;2025-12-28;3;0
50;2025-12-28;4;1
50;2025-12-28;5;26
50;2025-12-28;6;128
50;2025-12-28;7;249
50;2025-12-28;8;375
50;2025-12-28;9;500
50;2025-12-28;10;544
50;2025-12-28;11;654
50;2025-12-28;12;714
50;2025-12-28;13;817
50;2025-12-28;14;830
50;2025-12-28;15;723
50;2025-12-28;16;721
50;2025-12-28;17;738
50;2025-12-28;18;699
50;2025-12-28;19;626
50;2025-12-28;20;501
50;2025-12-28;21;418
50;2025-12-28;22;244
50;2025-12-28;23;122
50;2025-12-29;0;22
50;2025-12-29;1;1
50;2025-12-29;2;0
50;2025-12-29;3;0
50;2025-12-29;4;4
50;2025-12-29;5;70
50;2025-12-29;6;448
50;2025-12-29;7;1512
50;2025-12-29;8;2511
50;2025-12-29;9;1942
50;2025-12-29;10;1465
50;2025-12-29;11;1329
50;2025-12-29;12;1352
50;2025-12-29;13;1292
50;2025-12-29;14;1240
50;2025-12-29;15;1498
50;2025-12-29;16;1513
50;2025-12-29;17;2081
50;2025-12-29;18;2089
50;2025-12-29;19;1197
50;2025-12-29;20;773
50;2025-12-29;21;545
50;2025-12-29;22;195
50;2025-12-29;23;133
50;2025-12-30;0;22
50;2025-12-30;1;1
50;2025-12-30;2;0
50;2025-12-30;3;0
50;2025-12-30;4;4
50;2025-12-30;5;70
50;2025-12-30;6;448
50;2025-12-30;7;1512
50;2025-12-30;8;2511
50;2025-12-30;9;1942
50;2025-12-30;10;1465
50;2025-12-30;11;1329
50;2025-12-30;12;1352
50;2025-12-30;13;1292
50;2025-12-30;14;1240
50;2025-12-30;15;1498
50;2025-12-30;16;1513
50;2025-12-30;17;2081
50;2025-12-30;18;2089
50;2025-12-30;19;1197
50;2025-12-30;20;773
50;2025-12-30;21;545
50;2025-12-30;22;195
50;2025-12-30;23;133
50;2025-12-31;0;45
50;2025-12-31;1;6
50;2025-12-31;2;0
50;2025-12-31;3;0
50;2025-12-31;4;1
50;2025-12-31;5;22
50;2025-12-31;6;109
50;2025-12-31;7;213
50;2025-12-31;8;320
50;2025-12-31;9;428
50;2025-12-31;10;465
50;2025-12-31;11;559
50;2025-12-31;12;610
50;2025-12-31;13;699
50;2025-12-31;14;710
50;2025-12-31;15;618
50;2025-12-31;16;616
50;2025-12-31;17;631
50;2025-12-31;18;598
50;2025-12-31;19;536
50;2025-12-31;20;0
50;2025-12-31;21;0
50;2025-12-31;22;0
50;2025-12-31;23;0
