tree
version=v4
num_class=1
num_tree_per_iteration=1
label_index=0
max_feature_idx=35
objective=regression_l1
feature_names=route hour dow kind holiday horizon log_base ratio_median_14d ratio_median_28d ratio_median_56d ratio_ew_median_14d ratio_ew_mean_7d ratio_ew_median_28d ratio_adaptive_dow_25 season off_-3 holiday_-3 off_-2 holiday_-2 off_-1 holiday_-1 off_1 holiday_1 off_2 holiday_2 off_3 holiday_3 days_to_holiday days_since_holiday event_closure event_detour event_merge event_night_limit event_restore event_network event_age
feature_infos=-1:17:7:12:50:11:26:1:28:25 [0:23] [0:6] [0:2] [0:1] [1:61] [1.7918662155723097:8.7731972799004669] [0.055683354954125089:5] [0.20617283950617285:1.3506632671262662] [0.37480921136483825:5] [0.055683354954125089:1.8545619584070134] [0.54171861701991297:5] [0.39647423869377957:5] [0.40980209684632818:1.5341012240043834] [0.87730535302650725:1.2571740357972216] [0:1] [0:1] [0:1] [0:1] [0:1] [0:1] [0:1] [0:1] [0:1] [0:1] [0:1] [0:1] [0:60] [0:60] [0:1] [0:1] [0:1] none none none [0:90]
tree_sizes=1850 1883 1869 1877 1882 1892 1877 1885 1884 1902 1860 1875 1870 1891 1870 1868 1871 1873 1895 1859 1862 1882 1880 1897 1854 1877 1871 1871 1880 1878 1848 1865 1886 1857 1883 1883 1883 1889 1859 1863 1897 1900 1883 1903 1859 1866 1878 1867 1881 1896 1854 1881 1863 1886 1884 1872 1869 1864 1879 1880 1863 1872 1865 1891 1875 1877 1862 1862 1881 1897 1872 1880 1892 1891 1877 1896 1902 1902 1870 1881 1883 1869 1881 1904 1878 1890 1891 1857 1873 1882 1877 1901 1878 1893 1906 1872 1882 1894 1879 1910 1865 1887 1870 1891 1898 1901 1868 1900 1925 1878 1890 1886 1909 1907 1886 1890 1890 1899 1875 1907 1887 1877 1883 1859 1910 1897 1900 1889 1897 1893 1896 1883 1896 1899 1902 1886 1871 1915 1883 1888 1895 1875 1888 1872 1884 1884 1896 1921 1855 1901 1903 1909 1900 1844 1880 1895 1891 1901 1897 1858 1902 1901 1863 1895 1882 1880 1919 1911 1871 1901 1888 1855 1902 1901 1890 1907 1876 1856 1859 1887 1867 1870 1895 1887 1873 1879 1875 1877 1866 1896 1873 1879 1890 1890 1880 1865 1879 1873 1875 1892 1840 1871 1868 1913 1872 1877 1872 1845 1893 1890 1875 1896 1905 1846 1868 1876 1880 1879 1885 1886 1865 1873 1862 1865 1886 1891 1872 1909 1883 1911 1892 1900 1888 1900 1897 1859 1871 1891 1884 1828 1850 1879 1858 1879 1876 1868 1855 1897 1885 1897

Tree=0
num_leaves=15
num_cat=3
split_feature=27 14 12 28 31 0 0 28 1 13 6 0 5 35
split_gain=1.19431e+06 2.25481e+06 1.43629e+06 488994 547023 412052 406632 402435 474670 335249 308207 237630 207467 171736
threshold=59.500000000000007 1.0673257521216373 1.0027485388641131 59.500000000000007 1.0000000180025095e-35 0 1 44.500000000000007 17.500000000000004 1.0002779843311831 7.377798528785223 2 30.500000000000004 33.000000000000007
decision_type=2 2 2 2 2 1 1 2 2 2 2 1 2 2
left_child=1 9 11 4 6 -5 10 -4 -9 13 -2 -3 -7 -1
right_child=3 2 7 5 -6 12 -8 8 -10 -11 -12 -13 -14 -15
leaf_value=-0.04879090988399358 -0.018001075239273395 -0.020542769557855729 -0.021730741989011267 -0.026317735049908791 -0.012880403130194385 -0.016972216962021201 -0.02340210309332387 -0.016732820107098968 -0.021662202883985671 -0.017269181099010659 -0.020692220516889692 -0.022668172889506802 -0.019446229664697584 -0.01838886710089814
leaf_weight=162611.50476312637 1373405.4038836956 1358189.4645192623 837759.12520217896 523730.05924272537 607922.80077552795 1843360.7608888149 4678793.0177438259 3519972.4944336414 1069475.182997942 12283469.240378618 4715051.549697876 5283692.2336187363 2189024.5849680901 14268125.387992382
leaf_count=1448 16221 7723 3485 4262 5642 16464 55690 24353 9449 81842 16239 20385 17360 98709
internal_value=-0.0191607 -0.0158465 -0.028402 -0.0272288 -0.0311096 -0.0175399 -0.0329333 -0.015045 -0.010973 -0.0101741 -0.0269707 -0.0393163 -0.0137465 -0.0137915
internal_weight=5.47146e+07 3.87833e+07 1.20691e+07 1.59313e+07 1.13752e+07 4.55612e+06 1.07672e+07 5.42721e+06 4.58945e+06 2.67142e+07 6.08846e+06 6.64188e+06 4.03239e+06 1.44307e+07
internal_count=379272 247394 65395 131878 93792 38086 88150 37287 33802 181999 32460 28108 33824 100157
cat_boundaries=0 2 3 4
cat_threshold=0 262144 137216 100663424
is_linear=0
shrinkage=1


Tree=1
num_leaves=15
num_cat=3
split_feature=27 14 12 28 0 0 28 1 31 35 1 11 14 0
split_gain=1.12767e+06 2.15636e+06 1.35849e+06 459210 516443 395207 376976 416737 354083 292394 262330 261794 274305 228549
threshold=59.500000000000007 1.0673257521216373 1.0027485388641131 59.500000000000007 0 1 37.500000000000007 17.500000000000004 1.0000000180025095e-35 46.000000000000007 17.500000000000004 1.0275224327180885 0.91445908622183281 2
decision_type=2 2 2 2 1 1 2 2 2 2 2 2 2 1
left_child=1 9 13 4 8 -5 -4 -8 10 -1 -2 12 -11 -3
right_child=3 2 6 5 -6 -7 7 -9 -10 11 -12 -13 -14 -15
leaf_value=-0.014639073800652271 -0.0016086745251778279 -0.0013313217602078391 -0.0027909138480018856 -0.0069041634600390421 -0.0043828045213260827 0.00081215522798116168 0.0022213329064018367 -0.0023684641324502398 0.0060628618424853594 0.00321790193484331 0.0005937375066654315 0.0029122143905216135 0.00071490745513838171 -0.0033823359752511249
leaf_weight=306051.25786066055 4935879.1771845818 1358189.4645192623 668675.90003871918 523730.05924272537 4132198.9247961044 4032385.345856905 3655450.8220281601 1103080.0805668831 607922.80077552795 2669352.1228699684 1699171.8693447113 5517993.003226757 18220809.749176741 5283692.2336187363
leaf_count=3707 26559 7723 2518 4262 50899 33824 25060 9709 5642 19407 10692 52394 106491 20385
internal_value=-4.60448e-05 0.00317436 -0.009104 -0.00788583 -0.0116465 0.00150341 0.00388624 0.00734411 -0.00601356 0.00872154 -0.00835599 0.00911574 0.00732472 -0.0197185
internal_weight=5.47146e+07 3.87833e+07 1.20691e+07 1.59313e+07 1.13752e+07 4.55612e+06 5.42721e+06 4.75853e+06 7.24297e+06 2.67142e+07 6.63505e+06 2.64082e+07 2.08902e+07 6.64188e+06
internal_count=379272 247394 65395 131878 93792 38086 37287 34769 42893 181999 37251 178292 125898 28108
cat_boundaries=0 2 4 5
cat_threshold=137216 262144 0 262144 100663424
is_linear=0
shrinkage=0.035


Tree=2
num_leaves=15
num_cat=0
split_feature=27 14 12 28 31 28 1 13 1 14 1 35 35 5
split_gain=1.04988e+06 2.05303e+06 1.28262e+06 431816 475073 367278 413958 317569 309093 228500 166978 163524 154522 152182
threshold=59.500000000000007 1.0673257521216373 1.0027485388641131 59.500000000000007 1.0000000180025095e-35 44.500000000000007 17.500000000000004 1.0030281344136667 17.500000000000004 1.1228774058946247 6.5000000000000009 33.000000000000007 70.000000000000014 30.500000000000004
decision_type=2 2 2 2 2 2 2 2 2 2 2 2 2 2
left_child=1 7 9 4 8 -4 -7 11 10 -3 -2 -1 -10 -5
right_child=3 2 5 13 -6 6 -8 -9 12 -11 -12 -13 -14 -15
leaf_value=-0.027985485768890553 0.00061231630038093671 -0.00079867937516734028 -0.0023683094727146672 0.0014629516301625568 0.0058506616779983719 0.0022675328080483731 -0.0023286786752874733 0.0019586606217717626 -0.016413086758476438 -0.0033430045586937641 -0.0026146824319827748 0.00077475408920896585 -0.00010375932976202202 -0.00073256159394145045
leaf_weight=177953.22020292282 439039.87932133675 1174474.1471116543 837759.12520217896 2108272.2197782993 607922.80077552795 3519972.4944336414 1069475.182997942 10124803.040009022 183415.17640113831 5467407.5510263443 7606466.8988647461 16411449.872922182 2538328.0167381763 2447843.185321331
leaf_count=1583 14081 7516 3485 18529 5642 24353 9449 70361 1776 20592 47927 110055 24366 19557
internal_value=-9.50364e-05 0.00301231 -0.00896826 -0.00765958 -0.0113064 0.00365399 0.00754406 0.00842495 -0.0130059 -0.0192821 -0.0164551 0.00544373 -0.00281031 0.00144528
internal_weight=5.47146e+07 3.87833e+07 1.20691e+07 1.59313e+07 1.13752e+07 5.42721e+06 4.58945e+06 2.67142e+07 1.07672e+07 6.64188e+06 8.04551e+06 1.65894e+07 2.72174e+06 4.55612e+06
internal_count=379272 247394 65395 131878 93792 37287 33802 181999 88150 28108 62008 111638 26142 38086
is_linear=0
shrinkage=0.035


Tree=3
num_leaves=15
num_cat=3
split_feature=27 14 12 29 31 13 1 14 0 6 0 12 0 27
split_gain=980728 1.96168e+06 1.22877e+06 395580 302587 299631 291267 321269 290044 239609 228234 199574 171394 148518
threshold=59.500000000000007 1.0673257521216373 1.0027485388641131 1.0000000180025095e-35 1.0000000180025095e-35 1.0002779843311831 17.500000000000004 1.1694833628063137 0 7.3693988085270172 1 1.1062262025742085 2 6.5000000000000009
decision_type=2 2 2 2 2 2 2 2 1 2 1 2 1 2
left_child=1 5 10 4 8 13 7 -4 9 -2 -3 -10 -8 -1
right_child=3 2 6 -5 -6 -7 12 -9 11 -11 -12 -13 -14 -15
leaf_value=-0.00014196471675591155 0.0012683946577518419 -0.001132271051662863 -0.0021635056261306708 -0.017960114839457517 0.0056458885192684277 0.0017245674956414489 -0.0034265472661551277 0.0020973577355514004 -0.0027329017839789927 -0.00080970465693232284 -0.0031566302573289907 0.0027135613269860708 0.00077903578694753488 0.00091581700961691596
leaf_weight=3935507.7353425026 1887610.3605029583 1358189.4645192623 604640.97565960884 663803.22827339172 607922.80077552795 12283469.240378618 728618.38025474548 3556875.1385316849 5605115.6541666985 6735924.4755401611 5283692.2336187363 430911.65794181824 537072.30818772316 10495229.157413006
leaf_count=27823 22321 7723 2442 5837 5642 81842 3254 24326 68835 23292 20385 5951 7265 72334
internal_value=-0.000133992 0.00286927 -0.0088417 -0.00744517 -0.00629516 0.00816012 0.00351276 0.00798436 -0.00729857 -0.00317973 -0.0189368 -0.013183 -0.0111896 0.00474027
internal_weight=5.47146e+07 3.87833e+07 1.20691e+07 1.59313e+07 1.52675e+07 2.67142e+07 5.42721e+06 4.16152e+06 1.46596e+07 8.62353e+06 6.64188e+06 6.03603e+06 1.26569e+06 1.44307e+07
internal_count=379272 247394 65395 131878 126041 181999 37287 26768 120399 45613 28108 74786 10519 100157
cat_boundaries=0 1 2 3
cat_threshold=137216 100663424 137216
is_linear=0
shrinkage=0.035


Tree=4
num_leaves=15
num_cat=4
split_feature=27 14 12 28 0 0 28 6 13 0 14 5 31 0
split_gain=921897 1.87547e+06 1.17039e+06 410911 472005 376485 341389 283737 282736 231860 223820 184552 175288 160111
threshold=59.500000000000007 1.0673257521216373 1.0027485388641131 59.500000000000007 0 1 30.500000000000004 7.2093631244176892 1.0030281344136667 2 1.1228774058946247 30.500000000000004 1.0000000180025095e-35 3
decision_type=2 2 2 2 1 1 2 2 2 1 2 2 2 1
left_child=1 8 10 4 7 -5 -4 -2 -1 -8 -3 -7 -9 -12
right_child=3 2 6 5 -6 11 9 12 -10 -11 13 -13 -14 -15
leaf_value=0.0006823197531561501 0.0017279348611417941 -0.0006761890488887843 -0.0030852195995782839 -0.0065719469246072089 -0.0040597823775156555 0.0020554327867926886 -0.00026332903270596313 -0.0013174743465056984 0.0018297476376623002 0.0029141201788634029 -0.0019720572397175081 -0.00023110299349515063 0.0040742303946641007 -0.0035898706643486896
leaf_weight=16589403.093125105 1426412.3652033806 1174474.1471116543 426878.25172281265 523730.05924272537 4132198.9247961044 1843360.7608888149 2426450.0766637325 5513782.6289215088 10124803.040009022 2573878.4742472172 1879563.7411158085 2189024.5849680901 302778.85317993164 3587843.8099105358
leaf_count=111638 20883 7516 1240 4262 50899 16464 10225 20571 70361 25822 7797 17360 1439 12795
internal_value=-0.000181418 0.00273038 -0.00872037 -0.00726992 -0.0108273 0.00161182 0.00333704 -0.00544219 0.00790366 0.00590188 -0.0185727 0.00523777 -0.00887269 -0.0215506
internal_weight=5.47146e+07 3.87833e+07 1.20691e+07 1.59313e+07 1.13752e+07 4.55612e+06 5.42721e+06 7.24297e+06 2.67142e+07 5.00033e+06 6.64188e+06 4.03239e+06 5.81656e+06 5.46741e+06
internal_count=379272 247394 65395 131878 93792 38086 37287 42893 181999 36047 28108 33824 22010 20592
cat_boundaries=0 2 4 6 7
cat_threshold=137216 262144 0 262144 135168 262144 100665472
is_linear=0
shrinkage=0.035


Tree=5
num_leaves=15
num_cat=1
split_feature=29 11 27 6 28 2 19 31 28 0 28 1 1 9
split_gain=895796 827242 554902 319864 285810 267947 231570 169308 212557 264429 236602 171865 187937 161206
threshold=1.0000000180025095e-35 1.0469287273519901 58.500000000000007 8.0360691099662986 17.500000000000004 5.5000000000000009 1.0000000180025095e-35 1.0000000180025095e-35 59.500000000000007 0 23.500000000000004 17.500000000000004 6.5000000000000009 1.0014687749901559
decision_type=2 2 2 2 2 2 2 2 2 1 2 2 2 2
left_child=1 2 3 6 -4 7 -1 8 10 -10 -6 12 -12 -5
right_child=-2 -3 4 13 5 -7 -8 -9 9 -11 11 -13 -14 -15
leaf_value=0.00080436859313961617 -0.017968967569544005 0.0034778763395612033 -0.0021643869257183803 -0.00089329653960695278 0.00069095027648432867 0.0028708926949986562 -0.00031031165031670312 0.0039737224955820188 -0.0045689155715553757 0.0004965528426508093 0.0017343730374422708 -0.00040075712943493208 -0.0024915982497292874 0.00077153014615481263
leaf_weight=19976509.461081743 1194576.656857729 4533785.0117630959 3274427.7065749168 5495506.6992797852 976861.51927185059 858266.5742957592 7614871.2833034992 501807.11752843857 726269.50908327103 3458172.6596810818 208051.95844101906 1260245.3789083958 3533488.5703544617 1101742.7046813965
leaf_count=126019 12772 53503 24069 9178 7201 12042 60703 3838 5705 25095 5389 10321 20992 2445
internal_value=-0.000204192 0.000464878 -0.000858915 0.00159181 -0.00652111 -0.00392815 0.00324721 -0.00544221 -0.00642211 -0.000371836 -0.0106567 -0.0137337 -0.017499 -0.00533152
internal_weight=5.47146e+07 5.352e+07 4.89862e+07 3.41886e+07 1.47976e+07 1.15232e+07 2.75914e+07 1.06649e+07 1.01631e+07 4.18444e+06 5.97865e+06 5.00179e+06 3.74154e+06 6.59725e+06
internal_count=379272 366500 312997 198345 114652 90583 186722 78541 74703 30800 43903 36702 26381 11623
cat_boundaries=0 2
cat_threshold=128 262144
is_linear=0
shrinkage=0.035


Tree=6
num_leaves=15
num_cat=4
split_feature=14 27 12 0 0 13 28 1 28 35 0 31 0 28
split_gain=880861 1.69501e+06 1.20769e+06 404341 323406 270077 265487 260063 317177 227804 222892 214798 207856 336145
threshold=1.0673257521216373 59.500000000000007 1.0027485388641131 0 1 0.99068292552413906 59.500000000000007 17.500000000000004 52.500000000000007 33.000000000000007 2 1.0000000180025095e-35 3 59.500000000000007
decision_type=2 2 2 1 1 2 2 2 2 2 1 2 1 2
left_child=1 5 10 11 -4 -1 -5 8 -6 -7 -2 12 -3 -14
right_child=2 3 4 6 7 9 -8 -9 -10 -11 -12 -13 13 -15
leaf_value=0.00018950324854729577 -0.0010525561104665492 -0.003778426977174626 0.0048673154627548029 -0.0046336591403388075 -0.002453722449280763 -0.026930186960352594 5.9391199561456594e-05 -0.0027081394162611484 0.00096796896030395944 0.0013277566352060798 -0.0029639178529620685 0.0052220390459464605 -0.00095790742702097807 0.0010611893637845064
leaf_weight=6468364.1133656502 1368656.1857347488 957905.46694397926 1560307.5626063347 3152292.4580600262 545220.32841563225 199823.50936961174 881451.40354824066 1062214.6873884201 3079556.6321685314 20046018.510398865 5400701.6810493469 607922.80077552795 7068363.4203176498 2315784.0509638786
leaf_count=49662 7932 8338 20544 40736 1612 1930 13745 5883 14535 130407 21289 5642 42623 14394
internal_value=-0.000218869 0.00226234 -0.00816723 -0.00715998 0.00293022 0.00754722 -0.0166329 -0.00166447 0.00279853 0.00953638 -0.0184088 -0.00367033 -0.00485883 -0.00327351
internal_weight=5.47146e+07 4.16979e+07 1.30167e+07 1.49837e+07 6.2473e+06 2.67142e+07 4.03374e+06 4.68699e+06 3.62478e+06 2.02458e+07 6.76936e+06 1.095e+07 1.03421e+07 9.38415e+06
internal_count=379272 307477 71795 125478 42574 181999 54481 22030 16147 132337 29221 70997 65355 57017
cat_boundaries=0 2 3 4 6
cat_threshold=137218 262144 369098880 100663424 0 262144
is_linear=0
shrinkage=0.035


Tree=7
num_leaves=15
num_cat=2
split_feature=29 14 28 27 1 0 13 28 2 31 28 0 28 14
split_gain=859808 889359 1.5438e+06 1.26823e+06 638377 350309 275578 254932 289370 180969 190407 258170 228205 176922
threshold=1.0000000180025095e-35 1.1228774058946247 44.500000000000007 59.500000000000007 18.500000000000004 0 1.0095590033597168 17.500000000000004 5.5000000000000009 1.0000000180025095e-35 59.500000000000007 1 23.500000000000004 0.91445908622183281
decision_type=2 2 2 2 2 1 2 2 2 2 2 1 2 2
left_child=1 3 -3 6 5 -4 13 -5 9 10 12 -12 -9 -1
right_child=-2 2 4 7 -6 -7 -8 8 -10 -11 11 -13 -14 -15
leaf_value=0.0023904782235242869 -0.017177570795317437 -0.0029431883931268776 0.0068807128838523452 -0.0019649227323419662 -0.0040794031072990972 0.00041666985913369842 0.0020791933188237873 0.00076575159554721111 0.0030321042002781607 0.004258842038080672 -0.006799482040334451 0.00060360791347157554 -0.0017823387669229501 0.00049079653164635568
leaf_weight=2660581.7185556889 1194576.656857729 4655606.1181130409 1203864.4681410789 3431026.0784146786 1182605.5345771313 4199672.04250741 6716129.3546149731 1004291.890319109 959975.47474312782 561730.20774555206 376750.96543216705 2885110.1657629013 5101031.589918375 18581630.545403481
leaf_count=21776 12772 10427 15206 27112 11790 20746 50930 7812 13915 4712 2986 23766 39338 115984
internal_value=-0.000256389 0.000399104 -0.00835053 0.00272562 0.0025543 0.00765198 0.00706395 -0.00574456 -0.00312318 -0.0048973 -0.00605442 0.000772528 -0.00970182 0.00511008
internal_weight=5.47146e+07 5.352e+07 1.12417e+07 4.22783e+07 6.58614e+06 5.40354e+06 2.79583e+07 1.43199e+07 1.08889e+07 9.92891e+06 9.36718e+06 3.26186e+06 6.10532e+06 2.12422e+07
internal_count=379272 366500 58169 308331 47742 35952 188690 119641 92529 78614 73902 26752 47150 137760
cat_boundaries=0 1 3
cat_threshold=369098880 0 262144
is_linear=0
shrinkage=0.035


Tree=8
num_leaves=15
num_cat=1
split_feature=29 11 27 6 28 2 19 28 9 12 12 35 28 0
split_gain=827132 770205 448789 291111 235480 240721 216210 154562 146621 265562 166105 132625 155670 237027
threshold=1.0000000180025095e-35 1.0469287273519901 58.500000000000007 8.0360691099662986 17.500000000000004 5.5000000000000009 1.0000000180025095e-35 59.500000000000007 1.0014687749901559 0.99976021955559136 1.0000732386113962 24.500000000000004 59.500000000000007 0
decision_type=2 2 2 2 2 2 2 2 2 2 2 2 2 1
left_child=1 2 3 6 -4 11 -1 -3 9 -5 -11 -6 -13 -14
right_child=-2 7 4 8 5 -7 -8 -9 -10 10 -12 12 13 -15
leaf_value=0.00073471982994975226 -0.016576355817481323 0.0016635988195251084 -0.001941492288945945 2.9592562226187973e-05 0.004561588269641632 0.0027016142612170547 -0.00034127456859203259 0.0056208719626296014 0.00069256501409392472 -0.0027691373793093509 -0.00084453897769393616 -0.0013656219120247745 -0.0042800119271688064 0.00042934063649470601
leaf_weight=19976509.461081743 1194576.656857729 2539435.7380735874 3274427.7065749168 2605113.263671875 391097.3157324791 858266.5742957592 7614871.2833034992 1994349.2736895084 1101742.7046813965 1221119.9742431641 1669273.4613647461 6089357.2287716866 726269.50908327103 3458172.6596810818
leaf_count=126019 12772 32870 24069 5218 3012 12042 60703 20633 2445 1260 2700 44729 5705 25095
internal_value=-0.000290047 0.000352869 -0.000924473 0.0012795 -0.00601658 -0.00366298 0.00285876 0.0141541 -0.00532533 -0.00766159 -0.0149659 -0.00509805 -0.00585957 -0.00066234
internal_weight=5.47146e+07 5.352e+07 4.89862e+07 3.41886e+07 1.47976e+07 1.15232e+07 2.75914e+07 4.53379e+06 6.59725e+06 5.49551e+06 2.89039e+06 1.06649e+07 1.02738e+07 4.18444e+06
internal_count=379272 366500 312997 198345 114652 90583 186722 53503 11623 9178 3960 78541 75529 30800
cat_boundaries=0 2
cat_threshold=128 262144
is_linear=0
shrinkage=0.035


Tree=9
num_leaves=15
num_cat=1
split_feature=14 28 27 1 29 0 11 14 28 2 12 28 19 31
split_gain=822532 1.38741e+06 1.3658e+06 610006 387939 334987 263641 288447 227004 260233 204632 173856 171733 157549
threshold=1.1228774058946247 44.500000000000007 59.500000000000007 18.500000000000004 1.0000000180025095e-35 0 1.0447455011690681 0.91445908622183281 17.500000000000004 5.5000000000000009 0.99598734948493073 2.5000000000000004 1.0000000180025095e-35 1.0000000180025095e-35
decision_type=2 2 2 2 2 1 2 2 2 2 2 2 2 2
left_child=2 -2 6 5 8 -3 7 11 -4 13 -7 -1 -9 -10
right_child=1 3 4 -5 -6 10 -8 12 9 -11 -12 -13 -14 -15
leaf_value=-0.0018636329292675488 -0.0028354795273329877 0.0047634795667602491 -0.0018298729698731891 -0.0041164128905354603 -0.015216939070569599 -0.0040246466500486744 0.0031734583390239774 0.00071674807951716294 -0.0008669443445699324 0.0028324200003683399 0.00052692267764838097 0.0030773300352702677 -0.00015052193280632595 0.0039798048481640771
leaf_weight=415808.13654994965 4655606.1181130409 1785631.8093624115 3431026.0784146786 1232851.6749184132 663803.22827339172 594390.98263001442 3291013.3018643856 16155712.124130726 9367184.6114325523 959975.47474312782 3214664.4561357498 2516623.9790070057 5868560.6277854443 561730.20774555206
leaf_count=5020 10427 20727 27112 12600 5837 4284 35834 91239 73902 13915 13459 17375 42829 4712
internal_value=-0.000306437 -0.00863293 0.00190525 0.00141315 -0.00663644 0.00632416 0.0064361 0.00520822 -0.0054239 -0.00295027 0.000460291 0.0155202 0.00383522 -0.0046327
internal_weight=5.47146e+07 1.14831e+07 4.32314e+07 6.82754e+06 1.49837e+07 5.59469e+06 2.82477e+07 2.49567e+07 1.43199e+07 1.08889e+07 3.80906e+06 2.93243e+06 2.20243e+07 9.92891e+06
internal_count=379272 61497 317775 51070 125478 38470 192297 156463 119641 92529 17743 22395 134068 78614
cat_boundaries=0 1
cat_threshold=369098882
is_linear=0
shrinkage=0.035


Tree=10
num_leaves=15
num_cat=4
split_feature=29 14 28 1 11 1 0 13 0 28 0 1 28 0
split_gain=795541 825627 1.41444e+06 588628 537771 267731 264839 235397 226210 164875 156107 134945 247687 136947
threshold=1.0000000180025095e-35 1.1228774058946247 44.500000000000007 17.500000000000004 1.0281871856880034 6.5000000000000009 0 0.99157330180464565 1 59.500000000000007 2 17.500000000000004 59.500000000000007 3
decision_type=2 2 2 2 2 2 1 2 1 2 1 2 2 1
left_child=1 4 10 5 7 -4 -7 -1 -5 -6 -3 12 -9 -14
right_child=-2 2 3 8 9 6 -8 11 -10 -11 -12 -13 13 -15
leaf_value=-0.0005580047730737494 -0.015476718975265516 -0.0018265784339355222 -0.0034788812287360037 0.00080403237562924796 0.0013475319426343906 0.0073153589748455403 0.00088936773994367042 -9.1996390941905941e-05 -0.0038788102504659586 0.0039865966199767247 -0.0030731426618028461 0.0010266605871241208 0.0018684425893841351 0.0007234562371586273
leaf_weight=9980564.4279384613 1194576.656857729 1686473.9853739738 301121.51242518425 535056.89819979668 4737538.7646667957 1005305.9596185684 3518951.1344871521 15859860.742138863 1225706.5404949188 2166590.3676486015 2969132.1327390671 5825354.5072820187 1145194.5657432079 2563154.6154921055
leaf_count=76061 12772 4530 7656 7860 53435 11330 14608 91458 6288 20760 5897 41254 4350 21013
internal_value=-0.000336843 0.000293677 -0.00813663 0.00230132 0.00253529 0.00862192 0.0107488 0.000791395 -0.0150202 0.0114703 -0.0229029 0.00258135 0.00118925 0.00933259
internal_weight=5.47146e+07 5.352e+07 1.12417e+07 6.58614e+06 4.22783e+07 4.82538e+06 4.52426e+06 3.53741e+07 1.76076e+06 6.90413e+06 4.65561e+06 2.53936e+07 1.95682e+07 3.70835e+06
internal_count=379272 366500 58169 47742 308331 33594 25938 234136 14148 74195 10427 158075 116821 25363
cat_boundaries=0 1 2 3 4
cat_threshold=369098880 369098882 100665472 131072
is_linear=0
shrinkage=0.035


Tree=11
num_leaves=15
num_cat=3
split_feature=14 27 12 0 0 19 28 1 28 0 14 11 2 5
split_gain=758776 1.35871e+06 1.03626e+06 381859 288531 236178 233916 231021 258553 209334 206214 250712 160489 131707
threshold=1.0673257521216373 59.500000000000007 1.0027485388641131 0 1 1.0000000180025095e-35 59.500000000000007 19.500000000000004 52.500000000000007 2 0.94592306406186222 1.0098848054322027 4.5000000000000009 30.500000000000004
decision_type=2 2 2 1 1 2 2 2 2 1 2 2 2 2
left_child=1 5 9 12 -4 10 -5 8 -6 -2 -1 -12 -3 -8
right_child=2 3 4 6 7 -7 13 -9 -10 -11 11 -13 -14 -15
leaf_value=0.0028396942376917428 -0.00083071341170432554 -0.00071566756788154096 0.0048457640266110812 -0.0042929253027880988 -0.0020940417592822474 0.00017348764195797005 0.0037845797524078822 -0.0045140458284817194 0.00070912915741423081 -0.0026154488607352147 0.00041008104045161847 0.0018253890739250425 0.00095909710431367175 -0.0020236794483981242
leaf_weight=3208036.9562153816 1368656.1857347488 8799615.0452198982 1235291.6107795238 3152292.4580600262 661693.84784579277 7341210.203879118 372802.07532763481 476187.4594976902 3874126.2924559116 5400701.6810493469 9515202.990270853 6649755.982768774 2150360.6937811375 508649.32822060585
leaf_count=24768 7932 48777 15445 40736 2180 60551 6785 4994 19955 21289 49761 46919 22220 6960
internal_value=-0.000377943 0.00192491 -0.00775496 -0.00651106 0.00252474 0.00665656 -0.0157168 -0.00120947 0.00122526 -0.0172419 0.00868238 0.00707373 -0.00311981 0.000221999
internal_weight=5.47146e+07 4.16979e+07 1.30167e+07 1.49837e+07 6.2473e+06 2.67142e+07 4.03374e+06 5.01201e+06 4.53582e+06 6.76936e+06 1.9373e+07 1.6165e+07 1.095e+07 881451
internal_count=379272 307477 71795 125478 42574 181999 54481 27129 22135 29221 121448 96680 70997 13745
cat_boundaries=0 2 3 4
cat_threshold=137218 262144 100663424 100663424
is_linear=0
shrinkage=0.035


Tree=12
num_leaves=15
num_cat=4
split_feature=29 14 28 27 1 13 1 0 1 28 0 0 0 27
split_gain=769268 774172 1.31835e+06 989410 559361 248785 240814 235125 206864 314359 206109 190010 176815 176718
threshold=1.0000000180025095e-35 1.1228774058946247 43.500000000000007 59.500000000000007 17.500000000000004 1.0159349725617575 6.5000000000000009 0 17.500000000000004 55.500000000000007 1 2 3 6.5000000000000009
decision_type=2 2 2 2 2 2 2 1 2 2 1 1 1 2
left_child=1 3 -3 5 6 13 -4 -8 9 12 -6 -11 -5 -1
right_child=-2 2 4 8 10 -7 7 -9 -10 11 -12 -13 -14 -15
leaf_value=-3.7416456468967885e-05 -0.014792491456675889 -0.0025715565316687394 -0.0033437078115659997 -0.00076997631814329655 0.00065076175795539444 0.0023596738258872037 0.0067971125297614345 0.00083044637251733814 0.00034826753790070811 -0.00600739480664774 -0.0036815670264074584 0.00070248805835730263 -0.0025481333740705833 0.00086047250834621716
leaf_weight=6162212.7448835373 1194576.656857729 4563680.4949574471 304702.45843958855 3818211.7789826393 542516.31309962273 4300245.5621781349 1023004.4637537003 3568180.693813324 3649411.0722355843 358061.41586351395 1239663.7392749786 2747831.0043859482 3746401.1008682251 17495883.31151247
leaf_count=40479 12772 10245 7686 21299 7889 36253 11374 14663 35538 3009 6312 23374 36421 111958
internal_value=-0.000397419 0.000222601 -0.00794078 0.00239324 0.00196751 0.00622512 0.00807903 0.0100788 -0.00508817 -0.0075483 -0.0148216 0.00182707 -0.0113977 0.00481751
internal_weight=5.47146e+07 5.352e+07 1.12417e+07 4.22783e+07 6.67807e+06 2.79583e+07 4.89589e+06 4.59119e+06 1.43199e+07 1.06705e+07 1.78218e+06 3.10589e+06 7.56461e+06 2.36581e+07
internal_count=379272 366500 58169 308331 47924 188690 33723 26037 119641 84103 14201 26383 57720 152437
cat_boundaries=0 1 2 4 6
cat_threshold=369098880 369098882 0 262144 133120 262144
is_linear=0
shrinkage=0.035


Tree=13
num_leaves=15
num_cat=2
split_feature=14 28 27 1 0 0 35 13 28 11 14 3 12 31
split_gain=711300 1.19491e+06 1.13385e+06 528402 357580 279701 230284 238817 210930 186294 194883 189700 172808 155814
threshold=1.1228774058946247 43.500000000000007 59.500000000000007 18.500000000000004 0 1 27.500000000000004 0.99068292552413906 59.500000000000007 1.0447455011690681 0.91445908622183281 1.0000000180025095e-35 0.99598734948493073 1.0000000180025095e-35
decision_type=2 2 2 2 1 1 2 2 2 2 2 2 2 2
left_child=2 -2 6 5 13 -3 -1 -8 -6 10 11 -9 -7 -4
right_child=1 3 4 -5 8 12 7 9 -10 -11 -12 -13 -14 -15
leaf_value=-0.024057285827438168 -0.0024815520530603336 0.0041544772372874954 -0.00053671316754536503 -0.003681138108515595 -0.0040611133529766452 -0.0036259675393945866 5.3965027688064233e-05 0.0033963416799872039 1.3351255138785319e-05 0.0031737422147005154 0.00063738788306045939 -0.00043974174535362192 0.000434480492122094 0.0046597425795867455
leaf_weight=281759.38950371742 4563680.4949574471 1813620.2662382126 10342052.938225508 1246103.4691402912 3152292.4580600262 594390.98263001442 6731754.1259083748 1624094.4300892353 881451.40354824066 2787809.0651814938 16297898.84429884 524402.31435585022 3265349.8281936646 607922.80077552795
leaf_count=2570 10245 20801 65355 12644 40736 4284 51412 9288 13745 29071 93972 5984 13523 5642
internal_value=-0.000424885 -0.00816794 0.00163183 0.00100117 -0.00615084 0.00553402 0.00576007 0.00607727 -0.0150592 0.00789836 0.0066239 0.0165321 0.00020691 -0.00286917
internal_weight=5.47146e+07 1.14831e+07 4.32314e+07 6.91946e+06 1.49837e+07 5.67336e+06 2.82477e+07 2.7966e+07 4.03374e+06 2.12342e+07 1.84464e+07 2.1485e+06 3.85974e+06 1.095e+07
internal_count=379272 61497 317775 51252 125478 38608 192297 189727 54481 138315 109244 15272 17807 70997
cat_boundaries=0 2 3
cat_threshold=137218 262144 369098882
is_linear=0
shrinkage=0.035


Tree=14
num_leaves=15
num_cat=4
split_feature=29 14 28 27 1 13 1 0 0 1 28 0 0 14
split_gain=739360 714328 1.21998e+06 868034 508068 234218 225083 212985 200118 193843 289407 222636 170789 169818
threshold=1.0000000180025095e-35 1.1228774058946247 43.500000000000007 59.500000000000007 17.500000000000004 1.0162902584665143 6.5000000000000009 0 1 17.500000000000004 59.500000000000007 2 3 0.91445908622183281
decision_type=2 2 2 2 2 2 2 1 1 2 2 1 1 2
left_child=1 3 -3 5 6 13 -4 -8 -6 10 12 -12 -5 -1
right_child=-2 2 4 9 8 -7 7 -9 -10 -11 11 -13 -14 -15
leaf_value=0.0021512693835462489 -0.014133008750252366 -0.002394697731203222 -0.0032193906111918618 -0.00068125719915495641 0.00068226313494721791 0.0022484638309551606 0.006413806887914722 0.00078663639406178132 -0.0034550443349955565 0.00040529689572262376 -0.0061287055826410239 0.00090285368078782272 -0.0023475343555033452 0.00042057356707909721
leaf_weight=2968849.9059534073 1194576.656857729 4563680.4949574471 304702.45843958855 4062647.7845623493 542516.31309962273 4210551.9822998047 1023004.4637537003 3568180.693813324 1239663.7392749786 3649411.0722355843 306234.59301424026 2344647.0727112293 3956975.8498125076 20778939.73032093
leaf_count=24069 12772 10245 7686 22861 7889 35663 11374 14663 6312 35538 2503 19787 38952 128958
internal_value=-0.000427093 0.000180756 -0.00766077 0.00226581 0.0018707 0.00585497 0.00769526 0.00962858 -0.0141301 -0.00474169 -0.00712315 0.00290247 -0.0104371 0.00450606
internal_weight=5.47146e+07 5.352e+07 1.12417e+07 4.22783e+07 6.67807e+06 2.79583e+07 4.89589e+06 4.59119e+06 1.78218e+06 1.43199e+07 1.06705e+07 2.65088e+06 8.01962e+06 2.37478e+07
internal_count=379272 366500 58169 308331 47924 188690 33723 26037 14201 119641 84103 22290 61813 153027
cat_boundaries=0 1 2 4 6
cat_threshold=369098880 369098882 0 262144 133120 262144
is_linear=0
shrinkage=0.035


Tree=15
num_leaves=15
num_cat=3
split_feature=29 14 27 12 0 27 1 0 13 1 0 6 31 1
split_gain=714520 680276 873021 850219 240611 214060 200534 199518 185399 183717 175635 164248 144615 141478
threshold=1.0000000180025095e-35 1.0673257521216373 59.500000000000007 1.0058539841814449 0 6.5000000000000009 19.500000000000004 1 0.99068292552413906 17.500000000000004 2 7.8575314057779044 1.0000000180025095e-35 8.5000000000000018
decision_type=2 2 2 2 1 2 2 1 2 2 1 2 2 2
left_child=1 2 5 7 -5 -1 13 -3 -7 10 11 -4 -12 -6
right_child=-2 3 9 4 6 8 -8 -9 -10 -11 12 -13 -14 -15
leaf_value=0.00010130482628446016 -0.013638353443993534 -0.00048091493066354811 0.0019699680473235382 0.0043136696989792877 0.0024204184474460964 0.00027387053236949794 -0.0041417080087697714 -0.0021637714173587761 0.0013045105446011938 0.00039111150437233191 -0.0016143222194607446 -0.00045631662924143989 0.0025995640336534264 -0.00018137652733672224
leaf_weight=7084482.5866465569 1194576.656857729 1441051.2605824471 803062.82886242867 1362958.1537289619 648242.14118242264 4697545.3080091476 411264.48012256622 5647689.2031502724 14679035.227649212 3649411.0722355843 7643392.3548295498 1759922.2905578613 464127.82585048676 3227821.420841217
leaf_count=48683 12772 8609 6205 17793 4142 35199 3607 21619 94683 35538 69267 4657 3974 12524
internal_value=-0.00045339 0.00014416 0.00234958 -0.00691597 0.00321181 0.00611678 -0.000860497 -0.0149886 0.00802025 -0.00461163 -0.00693004 0.00105639 -0.00945474 0.00160519
internal_weight=5.47146e+07 5.352e+07 4.0781e+07 1.2739e+07 5.65029e+06 2.64611e+07 4.28733e+06 7.08874e+06 1.93766e+07 1.43199e+07 1.06705e+07 2.56299e+06 8.10752e+06 3.87606e+06
internal_count=379272 366500 298206 68294 38066 178565 20273 30228 129882 119641 84103 10862 73241 16666
cat_boundaries=0 1 2 3
cat_threshold=369098880 100663424 131072
is_linear=0
shrinkage=0.035


Tree=16
num_leaves=15
num_cat=3
split_feature=29 14 28 27 1 0 11 14 28 2 3 0 0 2
split_gain=691806 645605 1.12151e+06 757441 489033 237791 228929 248660 188547 233353 161825 155806 147284 143014
threshold=1.0000000180025095e-35 1.1228774058946247 44.500000000000007 59.500000000000007 18.500000000000004 0 1.0447455011690681 0.91445908622183281 17.500000000000004 5.5000000000000009 1.0000000180025095e-35 1 2 1.0000000180025095e-35
decision_type=2 2 2 2 2 1 2 2 2 2 2 1 1 2
left_child=1 3 12 6 5 -4 7 10 -5 13 11 -1 -3 -10
right_child=-2 2 4 8 -6 -7 -8 -9 9 -11 -12 -13 -14 -15
leaf_value=0.0033547559240712172 -0.013161011073453761 -0.0024400184222379685 0.0053998477924057367 -0.0015507626128902967 -0.0032794126209736325 0.00032205789375545809 0.0026608365920524008 0.00037273592860078184 -0.0020680955870840318 0.002786656929365795 -2.742902821558621e-05 0.0006801525923134207 -0.0018606340231184448 -0.00027849307789181652
leaf_weight=1510088.0915980339 1194576.656857729 2242804.7676579952 1203864.4681410789 3431026.0784146786 1182605.5345771313 4199672.04250741 3238432.8311550617 21787476.671862125 1599598.1571149826 959975.47474312782 760753.77806258202 661590.24589633942 2412801.3504550457 8329316.6620631218
leaf_count=7504 12772 3605 15206 27112 11790 20746 34804 131491 12364 13915 9103 5788 6822 66250
internal_value=-0.000477106 0.000110869 -0.00734391 0.00209309 0.00195059 0.00641232 0.00544582 0.00429949 -0.00445281 -0.00219842 0.0138678 0.0187341 -0.0204925 -0.0037916
internal_weight=5.47146e+07 5.352e+07 1.12417e+07 4.22783e+07 6.58614e+06 5.40354e+06 2.79583e+07 2.47199e+07 1.43199e+07 1.08889e+07 2.93243e+06 2.17168e+06 4.65561e+06 9.92891e+06
internal_count=379272 366500 58169 308331 47742 35952 188690 153886 119641 92529 22395 13292 10427 78614
cat_boundaries=0 1 2 3
cat_threshold=369098880 137218 135170
is_linear=0
shrinkage=0.035


Tree=17
num_leaves=15
num_cat=4
split_feature=29 14 28 27 1 0 11 14 0 31 3 0 0 2
split_gain=670896 610753 1.05871e+06 712481 460480 225546 212370 237677 179370 239460 153984 150283 141542 138586
threshold=1.0000000180025095e-35 1.1228774058946247 59.500000000000007 59.500000000000007 18.500000000000004 0 1.0447455011690681 0.91445908622183281 1 1.0000000180025095e-35 1.0000000180025095e-35 2 3 1.0000000180025095e-35
decision_type=2 2 2 2 2 1 2 2 1 2 2 1 1 2
left_child=1 3 12 6 5 -4 7 10 -5 -10 11 -1 -3 -9
right_child=-2 2 4 8 -6 -7 -8 13 9 -11 -12 -13 -14 -15
leaf_value=0.0032373394667287243 -0.012700375685882878 -0.0015259905653032494 0.005296433536270761 5.2717271796305362e-05 -0.0031882161999612826 0.00032362378607874543 0.0025677073113306017 -0.00036095614150221707 -0.0014917699743399982 0.0044427224279276556 -2.6469012228040673e-05 0.00065634725158245099 -0.0024059074572031405 0.00053382448134103649
leaf_weight=1510088.0915980339 1194576.656857729 1931117.4954082966 1194349.7121472359 5736634.9718239307 1175541.6923263073 4174128.3602859974 3238432.8311550617 3734910.9017095566 7975358.5997364521 607922.80077552795 760753.77806258202 661590.24589633942 2766610.9031708241 18052565.770152569
leaf_count=7504 12772 5711 15148 29018 11745 20669 34804 20131 84981 5642 9103 5788 4896 111360
internal_value=-0.000482136 9.68862e-05 -0.00715388 0.00202486 0.00194652 0.00629107 0.00527656 0.00417247 -0.00432379 -0.00752618 0.0135271 0.0182741 -0.0198309 0.0029134
internal_weight=5.47146e+07 5.352e+07 1.12417e+07 4.22783e+07 6.54402e+06 5.36848e+06 2.79583e+07 2.47199e+07 1.43199e+07 8.58328e+06 2.93243e+06 2.17168e+06 4.69773e+06 2.17875e+07
internal_count=379272 366500 58169 308331 47562 35817 188690 153886 119641 90623 22395 13292 10607 131491
cat_boundaries=0 1 2 3 4
cat_threshold=369098880 133120 137218 369100928
is_linear=0
shrinkage=0.035


Tree=18
num_leaves=15
num_cat=1
split_feature=29 14 28 27 0 12 13 1 28 2 27 2 14 18
split_gain=649301 589123 783734 719882 371091 228907 203946 188071 175321 214872 170438 132329 131992 190174
threshold=1.0000000180025095e-35 1.0673257521216373 31.500000000000004 59.500000000000007 0 1.0046493498569811 1.0162902584665143 17.500000000000004 17.500000000000004 5.5000000000000009 6.5000000000000009 1.0000000180025095e-35 0.94592306406186222 1.0000000180025095e-35
decision_type=2 2 2 2 1 2 2 2 2 2 2 2 2 2
left_child=1 3 -3 6 -4 -6 10 -7 -5 11 -1 -10 13 -12
right_child=-2 2 4 8 5 7 -8 -9 9 -11 12 -13 -14 -15
leaf_value=-9.1477208903771904e-05 -0.012255862536876976 -0.0021555559803785591 0.0018935562778217973 -0.0014687685209992998 -0.0017412959696931566 0.00054974967986398562 0.0021430709918708198 -0.0020965060637671224 -0.0019847512307756918 0.0027124480546346402 0.0023199929449957859 -0.00025560905673654896 0.00056681922318321072 -0.0053208817438573607
leaf_weight=6059272.4917395115 1194576.656857729 3628888.5786480904 2966260.2028539181 3431026.0784146786 2586577.0068247318 2780152.4434542656 3983916.5215935707 777148.42782688141 1599598.1571149826 959975.47474312782 2631194.8166203499 8329316.6620631218 13609821.044775009 176858.24757647514
leaf_count=39756 12772 9999 31677 27112 11365 11463 33766 3790 12364 13915 19239 66250 83684 2120
internal_value=-0.000495555 7.40718e-05 -0.00649605 0.00212643 -0.00101695 -0.00592522 0.00554729 -0.000164475 -0.00419483 -0.00202094 0.00425367 -0.00354973 0.00610521 0.0130141
internal_weight=5.47146e+07 5.352e+07 1.2739e+07 4.0781e+07 9.11014e+06 6.14388e+06 2.64611e+07 3.5573e+06 1.43199e+07 1.08889e+07 2.24771e+07 9.92891e+06 1.64179e+07 2.80805e+06
internal_count=379272 366500 68294 298206 58295 26618 178565 15253 119641 92529 144799 78614 105043 21359
cat_boundaries=0 1
cat_threshold=369098882
is_linear=0
shrinkage=0.035


Tree=19
num_leaves=15
num_cat=0
split_feature=29 11 14 28 27 1 14 28 1 1 28 1 6 3
split_gain=628830 569396 573507 829314 529192 406124 214864 168895 235448 155486 155321 144560 143660 141544
threshold=1.0000000180025095e-35 1.0469287273519901 1.1228774058946247 59.500000000000007 59.500000000000007 18.500000000000004 0.91445908622183281 59.500000000000007 17.500000000000004 6.5000000000000009 59.500000000000007 6.5000000000000009 6.765249009150252 1.0000000180025095e-35
decision_type=2 2 2 2 2 2 2 2 2 2 2 2 2 2
left_child=1 2 4 -4 6 9 13 8 11 -5 -3 -6 -2 -1
right_child=12 10 3 5 7 -7 -8 -9 -10 -11 -12 -13 -14 -15
leaf_value=0.0025339520420435396 -0.0036551482789581595 0.0011529903543945855 -0.0020594774502219475 -0.0032459022241930723 0.0013675299476450823 -0.0032289686226042317 0.00033875552463473219 0.00031257265303060984 0.00041678426045126056 0.00092506196747612474 0.0047337341204035229 -0.0014448642492374752 -0.013334847495323708 -3.3726802796145345e-05
leaf_weight=2180284.4931530952 402635.75954937935 2539435.7380735874 4416060.8469734192 275650.87019562721 404130.79197239876 1070441.7032353878 22001439.746695995 3402094.5384037495 2501131.1045978069 4565148.5242090225 1994349.2736895084 7402496.9140691757 791940.89730834961 767341.60897994041
leaf_count=13396 8281 32870 9068 6771 11587 9632 133062 28363 21973 23934 20633 45993 4491 9218
internal_value=-0.000517559 4.30166e-05 -0.00105526 -0.00838235 0.000902094 0.000190252 0.00393765 -0.00462199 -0.00685377 0.00450427 0.0119095 -0.00984789 -0.0256325 0.0128115
internal_weight=5.47146e+07 5.352e+07 4.89862e+07 1.03273e+07 3.86589e+07 5.91124e+06 2.49491e+07 1.37099e+07 1.03078e+07 4.8408e+06 4.53379e+06 7.80663e+06 1.19458e+06 2.94763e+06
internal_count=379272 366500 312997 49405 263592 40337 155676 107916 79553 30705 53503 57580 12772 22614
is_linear=0
shrinkage=0.035


Tree=20
num_leaves=15
num_cat=3
split_feature=29 11 14 28 27 1 14 0 31 28 6 0 0 11
split_gain=622294 539796 546454 790809 494566 389130 201652 176893 171762 147781 146493 143780 134172 132961
threshold=1.0000000180025095e-35 1.0469287273519901 1.1228774058946247 59.500000000000007 59.500000000000007 19.500000000000004 0.91445908622183281 0 1.0000000180025095e-35 54.500000000000007 6.765249009150252 1 2 1.0069628182482735
decision_type=2 2 2 2 2 2 2 1 2 2 2 1 1 2
left_child=1 2 4 12 6 11 -1 -6 -9 -3 -2 -5 -4 -8
right_child=10 9 3 5 7 -7 13 8 -10 -11 -12 -13 -14 -15
leaf_value=0.0020864254382678264 -0.0035272180891946238 0.0010838911367830543 -0.0021722382159779612 0.0026266086219647882 3.3417366205578315e-05 -0.0043840699985719283 5.2564477756900807e-05 -0.0014389821164035174 0.0036845167742775757 0.0045494048973756121 -0.01286812783298737 6.7406396704986987e-06 -0.0016660897757922899 0.00082339151719621265
leaf_weight=2947626.1021330357 402635.75954937935 2506556.8271009922 2167052.81366992 1295531.9204697609 5555265.1361489296 661278.74904227257 13180409.027788401 7616999.178432703 537589.03446149826 2027228.1846621037 791940.89730834961 3954430.4281280041 2249008.0333034992 8821030.7189075947
leaf_count=22614 8281 32264 3251 14849 26685 7652 75547 76663 4568 21239 4491 17836 5817 57515
internal_value=-0.000525927 3.17276e-05 -0.00103762 -0.00818981 0.000873011 0.000181408 0.00380758 -0.00446729 -0.00774867 0.0115857 -0.02551 0.00336849 -0.0193953 0.00265584
internal_weight=5.47146e+07 5.352e+07 4.89862e+07 1.03273e+07 3.86589e+07 5.91124e+06 2.49491e+07 1.37099e+07 8.15459e+06 4.53379e+06 1.19458e+06 5.24996e+06 4.41606e+06 2.20014e+07
internal_count=379272 366500 312997 49405 263592 40337 155676 107916 81231 53503 12772 32685 9068 133062
cat_boundaries=0 1 2 3
cat_threshold=133120 369098754 135170
is_linear=0
shrinkage=0.035


Tree=21
num_leaves=15
num_cat=2
split_feature=14 27 12 0 12 19 0 35 1 13 14 28 1 2
split_gain=490242 760699 715091 316949 212756 202509 193571 192868 177333 166848 143200 202750 253314 132586
threshold=1.0673257521216373 59.500000000000007 1.0058539841814449 0 1.1062262025742085 1.0000000180025095e-35 1 30.500000000000004 19.500000000000004 0.9836281791822612 0.94592306406186222 59.500000000000007 18.500000000000004 1.0000000180025095e-35
decision_type=2 2 2 1 2 2 1 2 2 2 2 2 2 2
left_child=1 5 6 13 8 9 -2 -5 -4 -1 -11 -12 -13 -3
right_child=2 3 4 7 -6 -7 -8 -9 -10 10 11 12 -14 -15
leaf_value=-0.00034842779699006542 -0.00031476433695941375 -0.00156340902689385 0.00040282739211068103 -0.010229074432581023 0.0088218758868827424 -1.4423457468804595e-05 -0.0018980450515330464 -0.0017723742538038199 -0.0031932906547872519 0.0024016558920921666 0.00046751464015283486 0.0023195031782979329 -0.0010569805829863024 -2.5853832840043445e-05
leaf_weight=2318467.4186477661 1444601.8179626465 1771465.9294896126 4725200.0545301437 652562.54210805893 505031.8939268589 7341210.203879118 5813510.5519371033 3381181.3195002079 528312.75900626183 2812174.5930747986 10415818.571534157 3233901.1802287102 592634.16576957703 9178509.8095114231
leaf_count=18968 8703 10207 27746 5649 5605 60551 23191 48832 6550 20868 54613 20487 6512 60790
internal_value=-0.000532155 0.00131888 -0.0064618 -0.00499329 0.00274809 0.00485931 -0.0137689 -0.0133802 0.000662196 0.00673518 0.00793278 0.00650766 0.0133974 -0.00190369
internal_weight=5.47146e+07 4.16979e+07 1.30167e+07 1.49837e+07 5.75854e+06 2.67142e+07 7.25811e+06 4.03374e+06 5.25351e+06 1.9373e+07 1.70545e+07 1.42424e+07 3.82654e+06 1.095e+07
internal_count=379272 307477 71795 125478 39901 181999 31894 54481 34296 121448 102480 81612 26999 70997
cat_boundaries=0 2 3
cat_threshold=137218 262144 100663424
is_linear=0
shrinkage=0.035


Tree=22
num_leaves=15
num_cat=1
split_feature=29 11 14 28 27 1 14 0 31 28 1 6 6 12
split_gain=614509 506067 490235 709340 432919 372568 185325 163027 187506 180447 153596 151358 149723 147710
threshold=1.0000000180025095e-35 1.0469287273519901 1.1228774058946247 59.500000000000007 59.500000000000007 17.500000000000004 0.91445908622183281 0 1.0000000180025095e-35 57.500000000000007 6.5000000000000009 7.377798528785223 6.765249009150252 1.1475315754190885
decision_type=2 2 2 2 2 2 2 1 2 2 2 2 2 2
left_child=1 2 4 -4 6 10 -1 9 -9 11 -5 -6 -2 -3
right_child=12 13 3 5 7 -7 -8 8 -10 -11 -12 -13 -14 -15
leaf_value=0.0019541029157399011 -0.0032509078252066516 0.0018927509794181934 -0.0018813557177758029 -0.0031000159344677612 0.0010951086917498998 -0.0022344497991620129 0.00030122061504155023 -0.0017633245648595985 0.0035603910144229233 0.00096314066437991417 0.0010917421290792576 -0.00080812875086991049 -0.012059725753692477 0.024183006541614083
leaf_weight=2947626.1021330357 402635.75954937935 4177234.0355832577 4416060.8469734192 275650.87019562721 1192502.819517374 1601222.5180242062 22001439.746695995 5288596.1291368008 537589.03446149826 2139406.5045688152 4034367.7094202042 4551758.8613586426 791940.89730834961 356550.97617983818
leaf_count=22614 8281 49524 9068 6771 13308 11635 133062 62929 4568 11503 21931 15608 4491 3979
internal_value=-0.000528239 2.59158e-05 -0.00100948 -0.00778379 0.000800198 0.000144518 0.00354579 -0.0041962 -0.00863589 -0.000915166 0.00550024 -0.0041467 -0.0253556 0.0112131
internal_weight=5.47146e+07 5.352e+07 4.89862e+07 1.03273e+07 3.86589e+07 5.91124e+06 2.49491e+07 1.37099e+07 5.82619e+06 7.88367e+06 4.31002e+06 5.74426e+06 1.19458e+06 4.53379e+06
internal_count=379272 366500 312997 49405 263592 40337 155676 107916 67497 40419 28702 28916 12772 53503
cat_boundaries=0 1
cat_threshold=137216
is_linear=0
shrinkage=0.035


Tree=23
num_leaves=15
num_cat=1
split_feature=29 11 14 28 13 0 1 14 2 12 12 18 28 21
split_gain=608252 478622 468314 539776 218685 210477 184319 190742 149981 146324 124002 114142 103979 98090.6
threshold=1.0000000180025095e-35 1.0469287273519901 1.0673257521216373 31.500000000000004 0.99181201088466542 0 17.500000000000004 1.1694833628063137 1.0000000180025095e-35 1.1475315754190885 1.1951342819798272 1.0000000180025095e-35 54.500000000000007 1.0000000180025095e-35
decision_type=2 2 2 2 2 1 2 2 2 2 2 2 2 2
left_child=1 2 4 -4 10 -5 7 -7 -6 12 13 -10 -3 -1
right_child=-2 9 3 5 8 6 -8 -9 11 -11 -12 -13 -14 -15
leaf_value=-0.00019182361378371175 -0.010209948641848954 0.00076484147261028602 -0.0018974909632593084 0.0012161171269274671 -0.00050673095213709339 -0.0013211498219720624 -0.0022396143916459527 0.00030049602250584509 0.00053312273338469685 0.023336601312657589 0.020789545426943088 -0.0026811584507494208 0.003308888330948639 -0.0015141795327559538
leaf_weight=6873963.1164054871 1194576.656857729 2413220.6252987385 3405764.8935441971 2472316.3586008549 3721103.8257164955 1222235.6527805328 1534696.8397169113 3090506.7040736675 22561927.791632175 356550.97617983818 118764.07595825195 592677.80883717537 1764013.4102845192 3392264.0752198696
leaf_count=53585 12772 31260 8612 25115 21375 3209 6976 14344 147049 3979 1092 5545 18264 26095
internal_value=-0.000535569 1.57582e-05 -0.000991174 -0.00709158 0.000928557 -0.00228694 -0.00590673 -0.00219988 0.00259532 0.0108953 -0.00338493 0.00364347 0.00905828 -0.0037963
internal_weight=5.47146e+07 5.352e+07 4.89862e+07 1.17255e+07 3.72607e+07 8.31976e+06 5.84744e+06 4.31274e+06 2.68757e+07 4.53379e+06 1.0385e+07 2.31546e+07 4.17723e+06 1.02662e+07
internal_count=379272 366500 312997 58256 254741 49644 24529 17553 173969 53503 80772 152594 49524 79680
cat_boundaries=0 1
cat_threshold=369098882
is_linear=0
shrinkage=0.035


Tree=24
num_leaves=15
num_cat=3
split_feature=29 11 14 28 27 1 14 6 0 31 0 12 0 3
split_gain=593196 454678 439435 637230 403501 332655 174700 161345 151783 149204 147157 143856 136935 136017
threshold=1.0000000180025095e-35 1.0469287273519901 1.1228774058946247 42.500000000000007 59.500000000000007 19.500000000000004 0.91445908622183281 6.765249009150252 0 1.0000000180025095e-35 1 1.1475315754190885 2 1.0000000180025095e-35
decision_type=2 2 2 2 2 2 2 2 1 2 1 2 1 2
left_child=1 2 4 10 6 -5 12 -2 -6 -10 -4 -3 13 -1
right_child=7 11 3 5 8 -7 -8 -9 9 -11 -12 -13 -14 -15
leaf_value=0.0027547073868463079 -0.0027797778488597054 0.0017660727567195608 -0.0011258551122212846 0.00038434207747464131 4.2775535274804661e-05 -0.0038981372441098164 0.00028726440726513277 -0.011280287149848528 -0.0013209998368902106 0.003423156276791683 -0.0020041156228969791 0.022519820266714567 7.1428768965987668e-05 0.00010781114628539398
leaf_weight=1510792.0522456169 402635.75954937935 4177234.0355832577 1487162.1355819702 5447572.8761312962 5555265.1361489296 676826.21120429039 22001439.746695995 791940.89730834961 7616999.178432703 537589.03446149826 2715740.7216959 356550.97617983818 944716.59050703049 492117.45938038826
leaf_count=7530 8281 49524 3719 33077 26685 7722 133062 4491 76663 4568 4887 3979 10670 4414
internal_value=-0.000522439 2.20219e-05 -0.0009594 -0.00737312 0.000753955 -0.0001709 0.00340462 -0.0249154 -0.0040697 -0.00710928 -0.017868 0.010626 0.0114062 0.0165871
internal_weight=5.47146e+07 5.352e+07 4.89862e+07 1.03273e+07 3.86589e+07 6.1244e+06 2.49491e+07 1.19458e+06 1.37099e+07 8.15459e+06 4.2029e+06 4.53379e+06 2.94763e+06 2.00291e+06
internal_count=379272 366500 312997 49405 263592 40799 155676 12772 107916 81231 8606 53503 22614 11944
cat_boundaries=0 1 2 3
cat_threshold=133120 100665472 137218
is_linear=0
shrinkage=0.035


Tree=25
num_leaves=15
num_cat=2
split_feature=29 11 14 28 1 2 13 23 6 0 2 12 0 28
split_gain=585879 428869 427854 615133 332506 216890 170699 181573 163813 148403 145393 144569 130306 108654
threshold=1.0000000180025095e-35 1.0469287273519901 1.1228774058946247 59.500000000000007 19.500000000000004 1.0000000180025095e-35 0.9871557775354286 1.0000000180025095e-35 6.765249009150252 0 3.5000000000000004 1.1951342819798272 1 57.500000000000007
decision_type=2 2 2 2 2 2 2 2 2 1 2 2 1 2
left_child=1 2 5 9 12 -1 7 -7 -2 -4 -9 -3 -5 -8
right_child=8 11 3 4 -6 6 13 10 -10 -11 -12 -13 -14 -15
leaf_value=-0.00061480934542393784 -0.0026824856241496153 0.0017264477852142234 -0.0010157316860004749 0.0024485945487403367 -0.00386859844773421 0.00030872708566622288 0.00025391798682913543 0.0002628344267480446 -0.01088547709960383 -0.0019181117326062479 -0.0024147087842132857 0.022623271068223483 -1.7114553548770033e-05 0.0010384397299728156
leaf_weight=6510398.1759884357 402635.75954937935 4225574.1774461269 1563366.1095275879 1295531.9204697609 661278.74904227257 3242177.3707859516 20784780.282570601 820281.09605169296 791940.89730834961 2852694.7374458313 1776629.1519262791 308210.83431696892 3954430.4281280041 5524653.120549202
leaf_count=39303 8281 50281 3919 14849 7652 34641 131883 6647 4491 5149 9977 3222 17836 41141
internal_value=-0.000546223 -5.13107e-06 -0.000958292 -0.00728693 9.61498e-05 0.000732335 0.00191207 -0.00350152 -0.0247883 -0.0171697 -0.0103977 0.0102935 0.00304223 0.00311356
internal_weight=5.47146e+07 5.352e+07 4.89862e+07 1.03273e+07 5.91124e+06 3.86589e+07 3.21485e+07 5.83909e+06 1.19458e+06 4.41606e+06 2.59691e+06 4.53379e+06 5.24996e+06 2.63094e+07
internal_count=379272 366500 312997 49405 40337 263592 224289 51265 12772 9068 16624 53503 32685 173024
cat_boundaries=0 1 2
cat_threshold=100665472 369098754
is_linear=0
shrinkage=0.035


Tree=26
num_leaves=15
num_cat=3
split_feature=29 11 14 28 27 12 14 0 28 31 12 0 0 1
split_gain=579785 407961 404448 464533 414160 189784 154380 147597 206060 184908 142114 141740 133483 130922
threshold=1.0000000180025095e-35 1.0469287273519901 1.0673257521216373 31.500000000000004 59.500000000000007 1.0178875386085342 0.91445908622183281 0 57.500000000000007 1.0000000180025095e-35 1.1951342819798272 1 2 18.500000000000004
decision_type=2 2 2 2 2 2 2 1 2 2 2 1 1 2
left_child=1 2 4 -4 6 11 12 8 13 -9 -3 -5 -1 -6
right_child=-2 10 3 5 7 -7 -8 9 -10 -11 -12 -13 -14 -15
leaf_value=0.0028028920130627696 -0.0091383804594054943 0.0016660221127317277 -0.0017538282661546528 0.00072967463463412382 -0.00082892339796239401 0.00068144631954467159 0.00032013727970830162 -0.0019825340036732273 0.0009116548975891481 0.0032953936441758079 0.02183145658083566 -0.0011679160323697262 0.00079651040178876215 0.0010873000108691997
leaf_weight=1243871.8974921703 1194576.656857729 4225574.1774461269 3405764.8935441971 1167962.8135800362 5602181.1300411224 3320553.7394871712 20603221.242593288 4023432.5417981148 2471349.9763786793 537589.03446149826 308210.83431696892 3831239.0021047592 1703754.2046408653 1075300.6663637161
leaf_count=6277 12772 50281 8612 9428 29677 22987 124211 50086 15172 4568 3222 17229 16337 8413
internal_value=-0.000549871 -1.16008e-05 -0.000941237 -0.00661043 0.000842796 -0.00215322 0.00365819 -0.00399351 -0.00142937 -0.00913679 0.0100328 -0.00646143 0.0111501 -0.0046249
internal_weight=5.47146e+07 5.352e+07 4.89862e+07 1.17255e+07 3.72607e+07 8.31976e+06 2.35508e+07 1.37099e+07 9.14883e+06 4.56102e+06 4.53379e+06 4.9992e+06 2.94763e+06 6.67748e+06
internal_count=379272 366500 312997 58256 254741 49644 146825 107916 53262 54654 53503 26657 22614 38090
cat_boundaries=0 1 2 3
cat_threshold=137218 100663426 135168
is_linear=0
shrinkage=0.035


Tree=27
num_leaves=15
num_cat=3
split_feature=29 13 14 28 27 1 11 6 27 0 0 31 1 0
split_gain=566435 403974 367950 412683 315096 269997 188254 171687 117684 112516 104677 99299.4 97358.1 101357
threshold=1.0000000180025095e-35 1.0071081484540072 1.1228774058946247 44.500000000000007 59.500000000000007 17.500000000000004 1.0447455011690681 6.765249009150252 6.5000000000000009 0 1 1.0000000180025095e-35 6.5000000000000009 2
decision_type=2 2 2 2 2 2 2 2 2 1 1 2 2 1
left_child=1 2 4 10 8 12 -3 -2 -1 -6 -4 -11 -5 -14
right_child=7 6 3 5 9 -7 -8 -9 -10 11 -12 -13 13 -15
leaf_value=-0.00031764976662267862 -0.002268755311225187 0.00041866117445546133 -0.0012441392055182732 -0.0029952410964401975 -0.00010566805269130019 -0.0025795256972208202 0.0027847732264529457 -0.010184642085038503 0.00049458024596926969 -0.0015259233971938577 -0.0020621301665184086 0.0028403268392880538 0.0046125495457848111 0.00027480231668208706
leaf_weight=5218142.4391458035 402635.75954937935 13655536.743695736 1232286.7780046463 207930.82599520683 4083389.8432722092 1113721.4783573151 2545415.5995192528 791940.89730834961 14715318.018335342 5400276.3250851631 2119374.2197566032 378088.98336601257 580352.93647384644 2270171.9632415771
leaf_count=34908 8281 91566 3442 4982 19699 8561 29310 4491 95244 55359 4257 3384 6481 9307
internal_value=-0.000541833 -9.7951e-06 -0.00201331 -0.00892924 -0.000266904 -0.00158231 0.00460531 -0.0243782 0.00226474 -0.00538408 -0.0180747 -0.00852679 0.00379053 0.00547711
internal_weight=5.47146e+07 5.352e+07 3.73191e+07 7.52384e+06 2.97952e+07 4.17218e+06 1.6201e+07 1.19458e+06 1.99335e+07 9.86176e+06 3.35166e+06 5.77837e+06 3.05846e+06 2.85052e+06
internal_count=379272 366500 245624 37030 208594 29331 120876 12772 130152 78442 7699 58743 20770 15788
cat_boundaries=0 1 2 3
cat_threshold=133120 100665472 369098880
is_linear=0
shrinkage=0.035


Tree=28
num_leaves=15
num_cat=2
split_feature=29 12 14 28 27 1 13 27 6 0 1 28 0 1
split_gain=559211 399766 421124 565016 421459 316954 184257 172359 172273 157745 155619 210346 236081 148757
threshold=1.0000000180025095e-35 1.1640344608067872 1.1228774058946247 42.500000000000007 59.500000000000007 19.500000000000004 0.9891619433773694 7.5000000000000009 6.765249009150252 0 17.500000000000004 55.500000000000007 1 10.500000000000002
decision_type=2 2 2 2 2 2 2 2 2 1 2 2 1 2
left_child=1 2 4 9 6 -5 -1 -8 -2 -4 11 13 -13 -6
right_child=8 -3 3 5 10 -7 7 -9 -10 -11 -12 12 -14 -15
leaf_value=-0.0002370941780695314 -0.0021893488753323052 0.018814534939045818 -0.00093435103851386369 0.00041697198332407622 -0.00032324849479891928 -0.0036045339691336328 2.1087087288208945e-05 0.00091920117022491709 -0.0098281796120621556 -0.0017840846250454419 0.00045440595669140373 -0.0042527979964655151 0.00083459498884058312 -0.0019140796163774484
leaf_weight=5952726.8882579803 402635.75954937935 550258.07983803749 1620208.9786009789 5825507.4629743099 3072415.7554514408 722271.22123932838 6355309.9875199795 15491168.501832485 791940.89730834961 2851545.8932008743 3610239.4496383667 546647.71054410934 2480895.0059392452 4440811.2192115784
leaf_count=45946 8281 6337 4372 36676 29050 9012 41061 100095 4491 5691 34916 4925 20357 28062
internal_value=-0.000559705 -3.10709e-05 -0.00033938 -0.00642836 0.00126008 0.000121155 0.00376305 0.00525046 -0.0242436 -0.0160185 -0.00365693 -0.00580494 0.0019838 -0.0089435
internal_weight=5.47146e+07 5.352e+07 5.29697e+07 1.10195e+07 4.19502e+07 6.54778e+06 2.77992e+07 2.18465e+07 1.19458e+06 4.47175e+06 1.4151e+07 1.05408e+07 3.02754e+06 7.51323e+06
internal_count=379272 366500 360163 55751 304412 45688 187102 141156 12772 10063 117310 82394 25282 57112
cat_boundaries=0 1 3
cat_threshold=100665472 128 262144
is_linear=0
shrinkage=0.035


Tree=29
num_leaves=15
num_cat=2
split_feature=29 12 14 28 27 1 13 6 1 0 1 28 0 21
split_gain=551995 384227 396071 530189 398628 307672 181067 174396 159182 147801 147726 196414 222864 144222
threshold=1.0000000180025095e-35 1.1640344608067872 1.1228774058946247 42.500000000000007 59.500000000000007 17.500000000000004 1.0052585981933 6.765249009150252 12.500000000000002 0 17.500000000000004 55.500000000000007 1 1.0000000180025095e-35
decision_type=2 2 2 2 2 2 2 2 2 1 2 2 1 2
left_child=1 2 4 9 6 8 -1 -2 -5 -4 11 -6 -13 -12
right_child=7 -3 3 5 10 -7 -8 -9 -10 -11 13 12 -14 -15
leaf_value=0.00021878840830156745 -0.0021127216646956745 0.018156026216179223 -0.00090164875216587777 -0.00011431125511556082 -0.0011362730854771322 -0.0018628374562359039 0.0010864253028633438 -0.0094841933256399804 0.0017708832967917917 -0.0017216416631688507 0.0010159823783768788 -0.0041039500665892214 0.00080538416423116287 -0.0018396221731748115
leaf_weight=18731548.545746088 402635.75954937935 550258.07983803749 1620208.9786009789 2775003.9962613583 7513226.9746630192 1755910.9225599766 9067656.831864357 791940.89730834961 2016863.7653923035 2851545.8932008743 2644341.0688400269 546647.71054410934 2480895.0059392452 965898.38079833984
leaf_count=123112 8281 6337 4372 21066 57112 13575 63990 4491 11047 5691 25094 4925 20357 9822
internal_value=-0.000561117 -3.59048e-05 -0.000338162 -0.00624324 0.00121299 0.000101207 0.00364723 -0.0240917 0.00469387 -0.0155331 -0.00356898 -0.00566181 0.00186456 0.00254143
internal_weight=5.47146e+07 5.352e+07 5.29697e+07 1.10195e+07 4.19502e+07 6.54778e+06 2.77992e+07 1.19458e+06 4.79187e+06 4.47175e+06 1.4151e+07 1.05408e+07 3.02754e+06 3.61024e+06
internal_count=379272 366500 360163 55751 304412 45688 187102 12772 32113 10063 117310 82394 25282 34916
cat_boundaries=0 1 3
cat_threshold=100665472 128 262144
is_linear=0
shrinkage=0.035


Tree=30
num_leaves=15
num_cat=0
split_feature=29 13 14 28 27 6 1 27 27 2 6 1 6 1
split_gain=540745 375919 368520 399657 339055 174570 171478 147474 143535 118499 117041 111606 137910 127678
threshold=1.0000000180025095e-35 1.0219043706793751 1.0673257521216373 33.500000000000007 59.500000000000007 6.765249009150252 17.500000000000004 6.5000000000000009 10.500000000000002 5.5000000000000009 8.101380303631279 6.5000000000000009 7.1777931494417366 8.5000000000000018
decision_type=2 2 2 2 2 2 2 2 2 2 2 2 2 2
left_child=1 2 4 10 7 -2 8 -1 -5 -6 -4 -10 -13 -14
right_child=5 -3 3 6 9 -7 -8 -9 11 -11 -12 12 13 -15
leaf_value=-0.00018696380524957286 -0.0020387764064313256 0.0014703377908635484 -0.0013560944052660342 -0.001233142464093127 -0.00069949922404680944 -0.0091522465592425804 -0.0016140636814478179 0.00060341436393342835 -0.002551377444790818 0.0012874150039869712 -0.0018217929030108747 0.0035971852497188404 0.0020099702219107474 -0.0002563793338950558
leaf_weight=6391576.4415583611 402635.75954937935 5862489.8380935192 2803023.3350872993 940876.32999992371 11598636.357757568 791940.89730834961 1930910.0637385845 17377025.838307381 298161.61566877365 1070779.1154856682 889040.09936523438 968786.95188903809 802367.22203063965 2586332.9452667236
leaf_count=42049 8281 55000 9552 3219 85724 4491 13551 111491 6881 14914 852 10966 2418 9883
internal_value=-0.000576593 -5.67608e-05 -0.00108557 -0.00663212 0.000622257 -0.0238662 -0.00200579 0.00308717 0.00109713 -0.00400207 -0.0160643 0.00361693 0.00503446 0.0017052
internal_weight=5.47146e+07 5.352e+07 4.76575e+07 1.12195e+07 3.6438e+07 1.19458e+06 7.52744e+06 2.37686e+07 5.59653e+06 1.26694e+07 3.69206e+06 4.65565e+06 4.35749e+06 3.3887e+06
internal_count=379272 366500 311500 57322 254178 12772 46918 153540 33367 100638 10404 30148 23267 12301
is_linear=0
shrinkage=0.035


Tree=31
num_leaves=15
num_cat=3
split_feature=11 14 12 27 0 28 14 35 1 1 14 3 0 0
split_gain=390853 265805 411061 364400 294845 230374 188845 183204 156813 134400 134256 128073 123464 112011
threshold=1.0286735586646436 1.0673257521216373 1.0058539841814449 59.500000000000007 0 59.500000000000007 0.91445908622183281 29.500000000000004 18.500000000000004 19.500000000000004 1.1228774058946247 1.0000000180025095e-35 1 2
decision_type=2 2 2 2 1 2 2 2 2 2 2 2 1 1
left_child=1 3 13 6 -5 10 11 -6 -7 -4 -2 12 -1 -3
right_child=5 2 9 4 7 8 -8 -9 -10 -11 -12 -13 -14 -15
leaf_value=0.0028782776309132312 0.00069483390773369361 -0.00078041994352039568 0.00045037982187693987 -0.00024102151344947386 -0.0071003916377583437 0.0031008739538601481 0.00014398983463451059 -0.0016691323873230331 -0.0012940324494614987 -0.0025647777227278657 -0.0010414682067610705 -0.00040364544884191253 0.001100341805245305 -0.0017462462208926908
leaf_weight=924417.15984845161 4720745.9051806927 1939298.4680936337 4181363.7455220222 10195828.019030571 578570.89467358589 2878803.3856127262 18644546.046756744 2969564.8579759598 442263.19395184517 455179.30890774727 895599.25339508057 704019.4709250927 1078986.9060795307 4105396.1951527596
leaf_count=3781 53633 8975 24280 60919 4607 24799 110195 39552 8908 5014 2854 8119 7961 15675
internal_value=-0.000583026 -0.00189011 -0.00672451 -0.000418793 -0.004864 0.00611184 0.00244252 -0.013554 0.0134193 0.00111521 0.00179076 0.0110802 0.0155928 -0.0127379
internal_weight=5.47146e+07 4.57772e+07 1.06812e+07 3.50959e+07 1.3744e+07 8.93741e+06 2.1352e+07 3.54814e+06 3.32107e+06 4.63654e+06 5.61635e+06 2.70742e+06 2.0034e+06 6.04469e+06
internal_count=379272 289078 53944 235134 105078 90194 130056 44159 33707 29294 56487 19861 11742 24650
cat_boundaries=0 2 3 4
cat_threshold=137218 262144 135168 100665472
is_linear=0
shrinkage=0.035


Tree=32
num_leaves=15
num_cat=1
split_feature=29 12 14 28 27 1 19 6 14 11 28 1 0 31
split_gain=529532 372228 340654 463950 326968 268994 181933 173939 142401 188944 175657 156359 140353 149037
threshold=1.0000000180025095e-35 1.1951342819798272 1.1228774058946247 42.500000000000007 59.500000000000007 19.500000000000004 1.0000000180025095e-35 6.765249009150252 0.94592306406186222 1.0051286547494473 59.500000000000007 18.500000000000004 0 1.0000000180025095e-35
decision_type=2 2 2 2 2 2 2 2 2 2 2 2 1 2
left_child=1 2 4 -4 6 -5 8 -2 -1 -10 -11 -12 -6 -14
right_child=7 -3 3 5 12 -7 -8 -9 9 10 11 -13 13 -15
leaf_value=0.0018418793761188035 -0.0019074154153770251 0.018675475881028695 -0.0013317730873666671 0.00039378763046991498 0.0003133979432682159 -0.0032567621628917793 -0.00016506147036996648 -0.0086014199620848934 1.1340316316329473e-05 0.0005400132753539677 0.0026025990022520437 -0.0010149299602395536 -0.00095053911333303146 0.0039213814887016649
leaf_weight=3172547.5707719326 402635.75954937935 476963.36024880409 4471754.8718018532 5852086.2222812176 3454113.4634094238 727403.09836697578 7505459.6698796749 791940.89730834961 8596341.2400324345 5958149.449716568 2240143.6305737495 332531.9521112442 10124658.76415205 607852.86090278625
leaf_count=24508 8281 5128 10063 37002 14610 9149 61027 4491 44798 37833 14562 4509 97670 5641
internal_value=-0.000579989 -6.55742e-05 -0.000342362 -0.00580984 0.00109655 0.000102257 0.0033026 -0.0236269 0.00502409 0.00376243 0.00745265 0.0150957 -0.00322721 -0.00520216
internal_weight=5.47146e+07 5.352e+07 5.3043e+07 1.10512e+07 4.19918e+07 6.57949e+06 2.78052e+07 1.19458e+06 2.02997e+07 1.71272e+07 8.53083e+06 2.57268e+06 1.41866e+07 1.07325e+07
internal_count=379272 366500 361372 56214 305158 46151 187237 12772 126210 101702 56904 19071 117921 103311
cat_boundaries=0 1
cat_threshold=131072
is_linear=0
shrinkage=0.035


Tree=33
num_leaves=15
num_cat=0
split_feature=29 12 13 14 27 6 28 14 1 1 27 28 1 14
split_gain=518220 363088 328542 224079 185623 174028 170220 296270 270956 194906 176073 157600 128436 106961
threshold=1.0000000180025095e-35 1.1951342819798272 1.0004068398063317 1.1228774058946247 59.500000000000007 6.7900902059905279 59.500000000000007 1.1228774058946247 18.500000000000004 17.500000000000004 47.500000000000007 33.500000000000007 17.500000000000004 0.94592306406186222
decision_type=2 2 2 2 2 2 2 2 2 2 2 2 2 2
left_child=1 2 3 4 -1 -2 7 9 -8 10 -4 -5 -13 -11
right_child=5 -3 6 11 -6 -7 8 -9 -10 13 -12 12 -14 -15
leaf_value=0.00010726691504561026 -0.0018900213647748457 0.018021834225192691 0.00040157905778186284 -0.0017272374299613356 -0.00086604231768802132 -0.0083265091159946993 0.0014124477359938703 -0.00097656559241887935 -0.0012223570289730907 0.003476037277005749 -0.0007135544856021346 -6.9663143310131788e-05 -0.0024465134801090961 0.00069060848022279783
leaf_weight=15096379.348175287 415933.06870770454 476963.36024880409 7148607.0705208778 2069885.8300991058 7119065.66878438 778643.58815002441 6782487.7138600349 2020606.0473914146 1316998.808829546 1144639.4571807384 4360149.4356765747 2497448.9470348358 969295.01263260841 2517479.4538145065
leaf_count=103667 8411 5128 42411 5358 59441 4361 46566 3964 14471 11483 31694 15377 7021 19919
internal_value=-0.00057087 -6.19794e-05 -0.000335348 -0.00296491 -0.00139485 -0.0233702 0.0025501 0.00057921 0.0067334 0.00225605 1.82156e-05 -0.0092647 -0.00470183 0.00928876
internal_weight=5.47146e+07 5.352e+07 5.3043e+07 2.77521e+07 2.22154e+07 1.19458e+06 2.5291e+07 1.71915e+07 8.09949e+06 1.51709e+07 1.15088e+07 5.53663e+06 3.46674e+06 3.66212e+06
internal_count=379272 366500 361372 190864 163108 12772 170508 109471 61037 105507 74105 27756 22398 31402
is_linear=0
shrinkage=0.035


Tree=34
num_leaves=15
num_cat=2
split_feature=29 12 14 28 27 1 6 19 13 0 0 31 6 28
split_gain=508302 351146 312168 415340 290081 243340 172775 169631 146666 140669 138290 181783 135155 134652
threshold=1.0000000180025095e-35 1.1951342819798272 1.1228774058946247 42.500000000000007 59.500000000000007 19.500000000000004 6.7900902059905279 1.0000000180025095e-35 0.98258374468633758 0 1 1.0000000180025095e-35 7.3693988085270172 52.500000000000007
decision_type=2 2 2 2 2 2 2 2 2 1 1 2 2 2
left_child=1 2 4 -4 7 9 -2 8 -1 -5 12 -12 -6 -14
right_child=6 -3 3 5 10 -7 -8 -9 -10 -11 11 -13 13 -15
leaf_value=-0.00065822340723256613 -0.0018238706170077264 0.017391070027310943 -0.0012404070981190149 0.002203837962721908 0.001301067975264761 -0.0030967782781714751 -0.0080350812969348841 -0.00016672173831387796 0.00073378290963640395 -0.00014385718804250513 -0.001483811284116658 0.0038168877237005515 -0.0006851541413514209 0.00056708531689112027
leaf_weight=2143854.88326478 415933.06870770454 476963.36024880409 4471754.8718018532 1737493.394235611 1808902.5392723083 727403.09836697578 778643.58815002441 7505459.6698796749 18155858.959941149 4114592.8280456066 5527119.1593279839 607852.86090278625 4202924.358291626 2039826.1706695557
leaf_count=17784 8411 5128 10063 19247 21292 9149 4361 61027 108426 17755 69285 5641 14488 7215
internal_value=-0.000572454 -6.84567e-05 -0.000337292 -0.00557118 0.00104014 2.26229e-05 -0.0231526 0.00311803 0.0047803 0.00239571 -0.00303242 -0.00699118 -1.60295e-05 -0.00245699
internal_weight=5.47146e+07 5.352e+07 5.3043e+07 1.10512e+07 4.19918e+07 6.57949e+06 1.19458e+06 2.78052e+07 2.02997e+07 5.85209e+06 1.41866e+07 6.13497e+06 8.05165e+06 6.24275e+06
internal_count=379272 366500 361372 56214 305158 46151 12772 187237 126210 37002 117921 74926 42995 21703
cat_boundaries=0 1 2
cat_threshold=369098882 137216
is_linear=0
shrinkage=0.035


Tree=35
num_leaves=15
num_cat=3
split_feature=29 11 14 28 27 0 6 19 14 2 0 28 0 1
split_gain=497335 337199 260027 306984 246985 184735 170388 164106 147940 140379 125587 117330 183245 150332
threshold=1.0000000180025095e-35 1.0599907760908305 1.0673257521216373 31.500000000000004 47.500000000000007 0 6.7900902059905279 1.0000000180025095e-35 0.94592306406186222 5.5000000000000009 1 59.500000000000007 2 17.500000000000004
decision_type=2 2 2 2 2 1 2 2 2 2 1 2 1 2
left_child=1 2 4 -4 7 -5 -2 8 10 11 -1 13 -13 -6
right_child=6 -3 3 5 9 -7 -8 -9 -10 -11 -12 12 -14 -15
leaf_value=0.0027516491277708578 -0.0017600351454124558 0.0025274697322907741 -0.0012774166234366395 -0.00072876425418261584 -0.00098140937261061221 0.00063899717791469728 -0.0077538534515421637 -0.00025224602027532945 0.00040707680169817733 0.0014790541343501333 0.0012873812460840607 -0.0034623126524980685 0.00073376229655331077 0.00026139574968105588
leaf_weight=686215.46121668816 415933.06870770454 3098826.2707126141 3502714.1554012299 4590150.9263510704 7991756.8480336666 4046068.7130925655 778643.58815002441 6259309.2965967655 13901710.514084101 1338638.3131184578 2197303.8300373554 608893.46515727043 2699517.2473199368 2598901.1131269932
leaf_count=2828 8411 39280 9119 18711 52871 33730 4361 48600 78716 17921 17833 5086 20994 20811
internal_value=-0.000563063 -6.4533e-05 -0.000753258 -0.00521679 0.000662087 -0.00167212 -0.0228983 0.00294811 0.00475173 -0.00279515 0.0119665 -0.0038377 0.00191578 -0.00563503
internal_weight=5.47146e+07 5.352e+07 5.04212e+07 1.21389e+07 3.82822e+07 8.63622e+06 1.19458e+06 2.30445e+07 1.67852e+07 1.52377e+07 2.88352e+06 1.38991e+07 3.30841e+06 1.05907e+07
internal_count=379272 366500 327220 61560 265660 52441 12772 147977 99377 117683 20661 99762 26080 73682
cat_boundaries=0 2 3 5
cat_threshold=135168 262144 131072 128 262144
is_linear=0
shrinkage=0.035


Tree=36
num_leaves=15
num_cat=2
split_feature=28 1 14 11 1 0 1 2 35 31 0 12 14 11
split_gain=329273 530501 447387 325154 296076 191744 179146 171313 165614 283037 140048 139943 135327 122630
threshold=59.500000000000007 17.500000000000004 1.1228774058946247 0.99022857129211772 18.500000000000004 0 6.5000000000000009 1.0000000180025095e-35 29.500000000000004 1.0000000180025095e-35 1 1.3647524245143778 0.94592306406186222 1.0875905739313392
decision_type=2 2 2 2 2 1 2 2 2 2 1 2 2 2
left_child=2 3 4 -2 7 -3 -5 -1 9 -9 -8 -10 -6 -12
right_child=1 5 -4 6 12 -7 10 8 11 -11 13 -13 -14 -15
leaf_value=-0.00093451500839856246 -0.00014593133626838705 -0.0019466772991416084 -0.0011454804517387184 -0.0012370152420346982 0.0031861740749390102 0.00012026920194782729 -0.00052643905766352268 -0.0065063492582610773 -7.9232207911621353e-05 0.0024243896204345894 0.0016775415604119508 0.016556549709789797 0.00048663068206041124 0.0072144647078345456
leaf_weight=4904978.4520936012 3883238.1748816967 2180960.9630093575 4697728.3985791206 495406.66554331779 1707039.1847081184 2052431.9990565777 721224.32326173782 672688.47169065475 22236385.461893559 419251.26032352448 6360520.1432952881 156145.60613822937 3611730.9926424026 614852.71398925781
leaf_count=27322 29404 12609 10607 13046 22275 25304 4336 4995 144470 3425 38006 1125 37256 5092
internal_value=-0.000525652 0.00364098 -0.00229496 0.00737862 -0.000884742 -0.00702021 0.0113329 -0.00230455 -0.001062 -0.0143719 0.012646 -0.000412952 0.0066936 0.0141641
internal_weight=5.47146e+07 1.63086e+07 3.84059e+07 1.20752e+07 3.37082e+07 4.23339e+06 8.192e+06 2.83894e+07 2.34845e+07 1.09194e+06 7.6966e+06 2.23925e+07 5.31877e+06 6.97537e+06
internal_count=379272 127797 251475 89884 240868 37913 60480 181337 154015 8420 47434 145595 59531 43098
cat_boundaries=0 2 4
cat_threshold=133120 262144 0 262144
is_linear=0
shrinkage=0.035


Tree=37
num_leaves=15
num_cat=1
split_feature=29 12 13 14 27 11 12 14 0 28 14 27 28 27
split_gain=488873 337834 296356 173109 159876 142429 137859 116759 141801 137871 94703.6 104653 87257.7 81507.7
threshold=1.0000000180025095e-35 1.2616677872045445 1.0004068398063317 1.1228774058946247 59.500000000000007 1.0286735586646436 1.0031492806529563 0.94592306406186222 0 59.500000000000007 1.1228774058946247 47.500000000000007 25.500000000000004 6.5000000000000009
decision_type=2 2 2 2 2 2 2 2 1 2 2 2 2 2
left_child=1 2 3 4 13 7 -5 8 12 10 11 -9 -4 -1
right_child=-2 -3 5 6 -6 -7 -8 9 -10 -11 -12 -13 -14 -15
leaf_value=-0.00050093112405490354 -0.006243787203104382 0.017595754688368177 0.003162880210728559 -0.0014621680495219482 -0.00079953563890813883 0.0013230908081094314 -0.00022974244630383052 0.00015159831654897618 0.00045939853810393817 0.00057921280303357221 -0.00084992027205814283 -0.00077776384425852442 0.00073063849732205922 0.00028382593177206231
leaf_weight=3969813.8362791538 1194576.656857729 412815.17473912239 507252.63888525963 3415292.696082592 7129669.6222424507 5311656.7730870247 2132943.8265535831 5831167.4321727753 3022614.5151815414 5730249.3911926746 1614466.223836422 2786208.8776915073 526830.7987601757 11129024.347544432
leaf_count=28049 12772 4139 1974 13721 59614 51731 14161 29633 24846 39507 2793 18640 2016 75676
internal_value=-0.000506621 -1.235e-05 -0.00025752 -0.00275429 -0.00137388 0.00248038 -0.00828479 0.00112848 0.00643063 -0.000219039 -0.00265331 -0.00119583 0.017618 0.000665831
internal_weight=5.47146e+07 5.352e+07 5.31072e+07 2.77767e+07 2.22285e+07 2.53304e+07 5.54824e+06 2.00188e+07 4.0567e+06 1.59621e+07 1.02318e+07 8.61738e+06 1.03408e+06 1.50988e+07
internal_count=379272 366500 362361 191221 163339 171140 27882 119409 28836 90573 51066 48273 3990 103725
cat_boundaries=0 1
cat_threshold=131072
is_linear=0
shrinkage=0.035


Tree=38
num_leaves=15
num_cat=0
split_feature=29 12 13 6 14 27 11 12 14 6 1 27 28 1
split_gain=474721 331769 281472 174786 160293 147692 132846 128818 113219 130438 111859 95407.1 151023 105830
threshold=1.0000000180025095e-35 1.2616677872045445 1.0004068398063317 6.8180212626466581 1.1228774058946247 59.500000000000007 1.0286735586646436 1.0031492806529563 1.0038121718465678 8.1287518518311686 17.500000000000004 59.500000000000007 49.500000000000007 10.500000000000002
decision_type=2 2 2 2 2 2 2 2 2 2 2 2 2 2
left_child=1 2 4 -2 5 -1 8 -6 10 -10 11 -4 13 -13
right_child=3 -3 6 -5 7 -7 -8 -9 9 -11 -12 12 -14 -15
leaf_value=7.9922406053459734e-05 -0.001597266025418101 0.016979903274275288 0.00059739449808174816 -0.0070925346532923631 -0.0014109921677886803 -0.00077155189154635398 0.0012767826298256014 -0.00022170146068319717 1.3699235677616188e-05 -0.00078449974699195139 0.0014350591934946097 0.00019056888931619941 0.0013668907519527609 -0.0015555885956167173
leaf_weight=15098838.183823586 430737.91061902046 412815.17473912239 4254857.4999408722 763838.7462387085 3415292.696082592 7129669.6222424507 5311656.7730870247 2132943.8265535831 7809496.9615225792 1457332.6391601562 2563172.1423933506 1186960.353420496 914842.76437807083 1832127.5169048309
leaf_count=103725 8553 4139 23353 4219 13721 59614 51731 14161 47605 2224 18374 9808 7266 10779
internal_value=-0.000470912 1.6152e-05 -0.000226808 -0.0222924 -0.00266008 -0.00133174 0.00244145 -0.00798191 0.00113583 -0.00169939 0.00357943 0.00158214 -0.00234681 -0.00612177
internal_weight=5.47146e+07 5.352e+07 5.31072e+07 1.19458e+06 2.77767e+07 2.22285e+07 2.53304e+07 5.54824e+06 2.00188e+07 9.26683e+06 1.0752e+07 8.18879e+06 3.93393e+06 3.01909e+06
internal_count=379272 366500 362361 12772 191221 163339 171140 27882 119409 49829 69580 51206 27853 20587
is_linear=0
shrinkage=0.035


Tree=39
num_leaves=15
num_cat=3
split_feature=29 12 13 14 27 6 28 0 27 0 0 13 1 31
split_gain=461515 322757 265835 204193 180212 172413 167792 142709 106649 106518 97967.9 89569.4 82401.1 78849.7
threshold=1.0000000180025095e-35 1.2616677872045445 1.0071081484540072 1.0673257521216373 59.500000000000007 6.8180212626466581 30.500000000000004 0 6.5000000000000009 1 2 1.0343249088093798 17.500000000000004 1.0000000180025095e-35
decision_type=2 2 2 2 2 2 2 1 2 1 1 2 2 2
left_child=1 2 3 4 8 10 -5 -8 -1 -6 -2 -4 -9 -11
right_child=5 -3 11 6 9 -7 7 12 -10 13 -12 -13 -14 -15
leaf_value=-0.00036442012153683535 0.002033188767853013 0.016385606659675651 0.00033116158282364255 -0.0013325891321786178 3.3352227579504266e-06 -0.0068442959404271305 0.00084041978909174162 -0.00047587004651838537 0.00039277073215681182 -0.0012765829757313267 -0.022205756987858295 0.0018407503639334914 -0.0019779647709407305 0.0026226050549400855
leaf_weight=5072832.7924420834 300572.41478085518 412815.17473912239 13558710.646467447 2476110.5861334801 4066397.859210968 763838.7462387085 1814538.1120848656 3133281.7704660892 13734684.219937801 5358823.3579010963 130165.49583816528 2440199.7406539917 1073522.9108457565 378088.98336601257
leaf_count=33833 5823 4139 91217 6718 19559 4219 18705 12716 88805 54834 2730 27581 5009 3384
internal_value=-0.000474105 6.13745e-06 -0.0002335 -0.00185945 -0.000444527 -0.02199 -0.00662347 -0.00346956 0.00156094 -0.00429198 -0.00428301 0.00353777 -0.00700833 -0.00736353
internal_weight=5.47146e+07 5.352e+07 5.31072e+07 3.71083e+07 2.86108e+07 1.19458e+06 8.49745e+06 6.02134e+06 1.88075e+07 9.80331e+06 430738 1.59989e+07 4.2068e+06 5.73691e+06
internal_count=379272 366500 362361 243563 200415 12772 43148 36430 122638 77777 8553 118798 17725 58218
cat_boundaries=0 1 2 3
cat_threshold=369098882 133120 128
is_linear=0
shrinkage=0.035


Tree=40
num_leaves=15
num_cat=1
split_feature=11 35 31 2 13 21 3 14 28 1 1 27 20 0
split_gain=296690 232168 336422 228602 158429 157199 264007 139280 165001 175965 132076 128395 132936 123198
threshold=1.0599907760908305 29.500000000000004 1.0000000180025095e-35 1.0000000180025095e-35 0.9871557775354286 1.0000000180025095e-35 1.0000000180025095e-35 1.0673257521216373 59.500000000000007 19.500000000000004 17.500000000000004 47.500000000000007 1.0000000180025095e-35 0
decision_type=2 2 2 2 2 2 2 2 2 2 2 2 2 1
left_child=1 2 -1 -3 5 -5 10 11 -9 -10 -7 12 -6 -13
right_child=-2 3 -4 4 7 6 -8 8 9 -11 -12 13 -14 -15
leaf_value=-0.0057446875170182416 0.0022101442782740234 -0.00070866279803916783 0.0026871976268053877 6.8163891510825941e-05 0.00064047022720622028 -0.00098056121483648781 0.00056835087527144237 -0.00070357405664098552 0.00068910188153847049 -0.002652501591934977 -0.0036715962737171896 0.00023721192820866298 -0.0037532777628996763 -0.0011057963318313738
leaf_weight=1075945.855547905 3221575.6896221638 8428087.0667955875 539778.54493951797 3764722.8292443752 15438400.750417709 926896.85943984985 1193326.4619896412 4363908.0173430443 3852206.090174675 449536.2618496418 1144840.5021817684 7015378.8635721207 414737.67888498306 2885241.3391034603
leaf_count=9970 41437 48856 4440 34470 94135 5696 14669 13506 23571 5097 5103 39044 4704 34574
internal_value=-0.000465844 -0.0011105 -0.014168 -0.000687512 0.000380959 -0.00440708 -0.0100271 0.00135886 -0.00247936 0.00238501 -0.0175805 0.00265036 0.00460332 -0.000476785
internal_weight=5.47146e+07 5.1493e+07 1.61572e+06 4.98773e+07 4.14492e+07 7.02979e+06 3.26506e+06 3.44194e+07 8.66565e+06 4.30174e+06 2.07174e+06 2.57538e+07 1.58531e+07 9.90062e+06
internal_count=379272 337835 14410 323425 274569 59938 25468 214631 42174 28668 10799 172457 98839 73618
cat_boundaries=0 1
cat_threshold=137218
is_linear=0
shrinkage=0.035


Tree=41
num_leaves=15
num_cat=1
split_feature=29 12 13 14 6 28 0 13 23 28 1 1 11 1
split_gain=447113 311936 247776 187486 171493 155051 134268 122723 125066 117135 182731 120983 121678 119820
threshold=1.0000000180025095e-35 1.2616677872045445 1.0071081484540072 1.0673257521216373 6.8589864940767029 30.500000000000004 0 0.98043036105716574 1.0000000180025095e-35 59.500000000000007 17.500000000000004 18.500000000000004 0.99859039930622984 12.500000000000002
decision_type=2 2 2 2 2 2 1 2 2 2 2 2 2 2
left_child=1 2 3 7 -2 -5 -7 8 -1 10 13 12 -11 -9
right_child=4 -3 -4 5 -6 6 -8 9 -10 11 -12 -13 -14 -15
leaf_value=-0.00024601117297884595 -0.0015317247850462766 0.015750257404156379 0.00047813600128788385 -0.001276588177969348 -0.0064516744993296923 0.00085631711700191553 -0.00078583183928575468 2.2158917653374685e-05 -0.0021192819476029863 0.00019286415322338938 0.0009069008890104773 -0.0012433053197782307 0.0016364470483711845 -0.00079045722228562963
leaf_weight=3077479.4956746101 451644.70364117622 412815.17473912239 15998910.387121439 2476110.5861334801 742931.95321655273 1814538.1120848656 4206804.6813118458 8628962.0826129913 1668344.3550751209 2104601.9055187702 3916333.7472600937 789846.69392323494 2128703.6033406258 6296555.3294525146
leaf_count=34641 8748 4139 118798 6718 4024 18705 17725 57673 11295 13116 30601 7993 14271 30825
internal_value=-0.000475145 -2.45617e-06 -0.000238042 -0.00180779 -0.0216526 -0.00637276 -0.00334095 -0.000451989 -0.00559231 0.000570223 -0.000695844 0.00531924 0.00766548 -0.00246142
internal_weight=5.47146e+07 5.352e+07 5.31072e+07 3.71083e+07 1.19458e+06 8.49745e+06 6.02134e+06 2.86108e+07 4.74582e+06 2.3865e+07 1.88419e+07 5.02315e+06 4.23331e+06 1.49255e+07
internal_count=379272 366500 362361 243563 12772 43148 36430 200415 45936 154479 119099 35380 27387 88498
cat_boundaries=0 1
cat_threshold=369098882
is_linear=0
shrinkage=0.035


Tree=42
num_leaves=15
num_cat=2
split_feature=29 12 14 28 27 1 6 27 0 31 0 13 14 6
split_gain=433275 305776 236743 231742 225533 208989 168576 148243 137331 160119 129748 121433 110317 126026
threshold=1.0000000180025095e-35 1.1062262025742085 1.1228774058946247 42.500000000000007 59.500000000000007 19.500000000000004 6.8589864940767029 7.5000000000000009 0 1.0000000180025095e-35 1 0.99068292552413906 1.0429066411824164 7.7025552043685694
decision_type=2 2 2 2 2 2 2 2 1 2 1 2 2 2
left_child=1 2 4 -4 7 10 -2 -1 -6 -10 -5 -9 -13 -14
right_child=6 -3 3 5 8 -7 -8 11 9 -11 -12 12 13 -15
leaf_value=-0.00018681493627678995 -0.0014781144175696583 0.0051576987926007086 -0.0010183687170807869 -0.0028779076501431332 1.4225786317798566e-05 -0.0029055457828173208 -0.0062258658918531527 -8.9655952187203008e-05 -0.0014341020083255423 0.0034091218805909485 0.00045721757161647578 0.00091155428051031438 0.00090053009884555877 -0.00064925673326231953
leaf_weight=8049304.1267354488 451644.70364117622 1172763.6426756382 4471754.8718018532 530894.09266805649 7961120.8218398094 703941.43533635139 742931.95321655273 4717737.1933157444 5250477.9155893326 600695.69753360748 5076399.7292747498 11785879.49853301 1766480.784126997 1432556.3448181152
leaf_count=54174 8748 13736 10063 2830 42426 8544 4024 35416 65359 5546 31876 77727 15344 3459
internal_value=-0.000486052 -2.07342e-05 -0.000416713 -0.00503786 0.000782149 -0.000718863 -0.0213333 0.00260101 -0.00287235 -0.00694318 0.0015378 0.00423604 0.00577779 1.3648e-05
internal_weight=5.47146e+07 5.352e+07 5.23472e+07 1.0783e+07 4.15643e+07 6.31124e+06 1.19458e+06 2.7752e+07 1.38123e+07 5.85117e+06 5.60729e+06 1.97027e+07 1.49849e+07 3.19904e+06
internal_count=379272 366500 352764 53313 299451 43250 12772 186120 113331 70905 34706 131946 96530 18803
cat_boundaries=0 1 3
cat_threshold=137216 0 262144
is_linear=0
shrinkage=0.035


Tree=43
num_leaves=15
num_cat=1
split_feature=29 12 13 14 6 0 5 13 23 28 1 1 1 11
split_gain=417974 300372 226160 168447 165737 149409 114579 112828 116810 108744 171789 113347 112969 111562
threshold=1.0000000180025095e-35 1.2616677872045445 1.0071081484540072 1.0673257521216373 6.8589864940767029 0 5.5000000000000009 0.98043036105716574 1.0000000180025095e-35 59.500000000000007 17.500000000000004 18.500000000000004 13.500000000000002 0.99859039930622984
decision_type=2 2 2 2 2 1 2 2 2 2 2 2 2 2
left_child=1 2 3 7 -2 -5 -7 8 -1 10 12 13 -9 -11
right_child=4 -3 -4 5 -6 6 -8 9 -10 11 -12 -13 -14 -15
leaf_value=-0.00023346114129604864 -0.0014263804129547187 0.015018478937269882 0.00045754038907935412 -0.0010555880064581735 -0.0060079605856382919 -0.0021138563115548526 -9.0330561356592338e-05 -2.2491198725084147e-05 -0.0020329856092117511 0.00018230862174679465 0.0008724298450359726 -0.0011013670423337119 -0.00081947339153316931 0.0015568556347327928
leaf_weight=3077479.4956746101 451644.70364117622 412815.17473912239 15998910.387121439 3220632.6550681591 742931.95321655273 590170.20640778542 4686650.5180542469 9747762.9013233185 1668344.3550751209 2104601.9055187702 3916333.7472600937 789846.69392323494 5177754.5107421875 2128703.6033406258
leaf_count=34641 8748 4139 118798 10432 4024 792 31924 63799 11295 13116 30601 7993 24699 14271
internal_value=-0.000490607 -3.35798e-05 -0.000264757 -0.00176447 -0.0209664 -0.00609146 -0.00246569 -0.000479353 -0.0054081 0.000500785 -0.000719091 0.00507653 -0.00243099 0.00734753
internal_weight=5.47146e+07 5.352e+07 5.31072e+07 3.71083e+07 1.19458e+06 8.49745e+06 5.27682e+06 2.86108e+07 4.74582e+06 2.3865e+07 1.88419e+07 5.02315e+06 1.49255e+07 4.23331e+06
internal_count=379272 366500 362361 243563 12772 43148 32716 200415 45936 154479 119099 35380 88498 27387
cat_boundaries=0 2
cat_threshold=131072 262144
is_linear=0
shrinkage=0.035


Tree=44
num_leaves=15
num_cat=0
split_feature=29 12 13 14 28 1 6 28 1 1 11 1 14 1
split_gain=405659 293180 219150 184414 208172 190133 162478 142750 222351 215042 165392 135533 131679 107118
threshold=1.0000000180025095e-35 1.2616677872045445 1.0188698095297759 1.1228774058946247 44.500000000000007 17.500000000000004 6.8589864940767029 59.500000000000007 18.500000000000004 17.500000000000004 0.99894443882613448 11.500000000000002 0.94592306406186222 13.500000000000002
decision_type=2 2 2 2 2 2 2 2 2 2 2 2 2 2
left_child=1 2 3 7 -5 13 -2 8 11 10 -9 -1 -10 -6
right_child=6 -3 -4 4 5 -7 -8 9 12 -11 -12 -13 -14 -15
leaf_value=5.1779909251153488e-05 -0.001376457098501303 0.014492832174465436 0.00086874142838185215 -0.0010248469015221712 -0.0001438318728596782 -0.0016783124734407089 -0.0057976819651409522 0.00017814552845381133 0.0029896188370209403 -0.00080046630865836482 0.0016828716608349996 -0.00062321891647688368 0.00032895917528752487 0.0014698850401930891
leaf_weight=10728362.213465691 451644.70364117622 412815.17473912239 7093628.6134700775 4036076.327960968 2651590.6141884327 1428506.918959856 742931.95321655273 2821010.5214960575 1354527.6826541424 1993369.9215805531 3004453.2060408592 13707979.181316376 2997976.2551488876 1289709.5232276917
leaf_count=80533 8748 4139 62726 9016 19110 10730 4024 20017 16821 17245 21385 68825 28896 7057
internal_value=-0.000484945 -3.47017e-05 -0.000263095 -0.00114588 -0.00551715 -0.00100296 -0.0206568 -2.27327e-05 -0.00116174 0.00417109 0.00756646 -0.0024599 0.00612651 0.00296201
internal_weight=5.47146e+07 5.352e+07 5.31072e+07 4.60136e+07 9.40588e+06 5.36981e+06 1.19458e+06 3.66077e+07 2.87888e+07 7.81883e+06 5.82546e+06 2.44363e+07 4.3525e+06 3.9413e+06
internal_count=379272 366500 362361 299635 45913 36897 12772 253722 195075 58647 41402 149358 45717 26167
is_linear=0
shrinkage=0.035


Tree=45
num_leaves=15
num_cat=0
split_feature=29 12 13 28 1 14 1 27 11 14 1 23 2 1
split_gain=393034 281932 211474 212804 320743 289442 278627 178343 176688 137581 128106 119289 209589 140633
threshold=1.0000000180025095e-35 1.2616677872045445 0.9871557775354286 59.500000000000007 18.500000000000004 1.1228774058946247 17.500000000000004 59.500000000000007 0.99824995521796123 0.94592306406186222 10.500000000000002 1.0000000180025095e-35 3.5000000000000004 17.500000000000004
decision_type=2 2 2 2 2 2 2 2 2 2 2 2 2 2
left_child=1 2 11 5 8 6 7 -4 -5 -8 -9 -1 -13 -14
right_child=-2 -3 3 4 -6 -7 9 10 -10 -11 -12 12 13 -15
leaf_value=-0.00032319807205433875 -0.0046873242741083381 0.013985583048359149 9.6278270384368841e-05 0.00025780410160468348 -0.0011857708368565455 -0.00080836507002847349 0.0028037037480520039 -4.9888886701873575e-05 0.001547821622499162 0.00049115496959627474 -0.0014671718840896626 0.00035170630748855862 -0.00087741596049668174 -0.0034461988186519133
leaf_weight=6394265.9162251949 1194576.656857729 412815.17473912239 14065018.799497128 4591149.1282348633 2049744.577272892 4089460.5221295357 1874768.6102855206 2724466.7138082981 6014392.0547254086 4192386.7022340298 3823448.642578125 1065918.827786684 999889.5030207634 1222280.9817111492
leaf_count=60378 12772 4139 81588 28417 21361 9121 18673 24371 42678 31921 23297 8415 6374 5767
internal_value=-0.000481923 -3.87413e-05 -0.000262711 0.000780185 0.00460062 -0.000791134 0.000537876 -0.0014026 0.00705022 0.00713057 -0.00617399 -0.00494004 -0.0103576 -0.0164776
internal_weight=5.47146e+07 5.352e+07 5.31072e+07 4.34248e+07 1.26553e+07 3.07695e+07 2.66801e+07 2.06129e+07 1.06055e+07 6.06716e+06 6.54792e+06 9.68236e+06 3.28809e+06 2.22217e+06
internal_count=379272 366500 362361 281427 92456 188971 179850 129256 71095 50594 47668 80934 20556 12141
is_linear=0
shrinkage=0.035


Tree=46
num_leaves=15
num_cat=2
split_feature=29 12 2 11 14 0 6 28 1 6 0 6 1 28
split_gain=372326 271071 214104 180891 182153 185994 163678 142876 205058 146258 109398 98427.2 97014.9 96454.8
threshold=1.0000000180025095e-35 1.2616677872045445 1.0000000180025095e-35 1.0069628182482735 0.90323770592447772 0 6.8879829217735882 57.500000000000007 17.500000000000004 7.8293338137704156 1 8.2449829682960445 6.5000000000000009 59.500000000000007
decision_type=2 2 2 2 2 1 2 2 2 2 1 2 2 2
left_child=1 2 13 4 5 -4 10 9 12 -5 -2 -6 -9 -1
right_child=6 -3 3 7 11 -7 -8 8 -10 -11 -12 -13 -14 -15
leaf_value=-0.00084070936527180936 0.0015882612604886622 0.013496087641666578 0.0013096573652136012 0.00053523331547642729 -0.00019986706201155269 -0.0017108188334038882 -0.0054405722838034298 -0.0014866230290049283 -0.00070654051477435993 -0.00047216505609214322 -0.021727904688996123 -0.00055977662365761058 0.001957802445695113 9.743121917570544e-05
leaf_weight=6456511.5511367321 351690.67673206329 412815.17473912239 3199974.8858036995 8985808.1725952625 21432193.474419594 701579.00429177284 727049.49195861816 232885.29713845253 1199195.90634799 2441957.3309326172 115836.4881670475 2076954.8699645996 3924883.5521554947 2455246.9347233772
leaf_count=36970 6532 4139 18914 84530 140720 9397 3881 6936 13809 4833 2359 3289 25588 17375
internal_value=-0.000464338 -3.29887e-05 -0.000252602 0.000745321 -0.00100689 0.00599677 -0.0197897 0.0036068 0.00832321 0.0013959 -0.00363353 -0.00216921 0.0120008 -0.00520152
internal_weight=5.47146e+07 5.352e+07 5.31072e+07 4.41954e+07 2.74107e+07 3.90155e+06 1.19458e+06 1.67847e+07 5.35696e+06 1.14278e+07 467527 2.35091e+07 4.15777e+06 8.91176e+06
internal_count=379272 366500 362361 308016 172320 28311 12772 135696 46333 89363 8891 144009 32524 54345
cat_boundaries=0 2 3
cat_threshold=137218 262144 268435584
is_linear=0
shrinkage=0.035


Tree=47
num_leaves=15
num_cat=4
split_feature=29 12 13 14 27 0 6 27 5 23 2 0 0 0
split_gain=365290 258152 205644 165306 170546 165300 156639 139627 139033 117856 194837 101618 97306.5 95579.7
threshold=1.0000000180025095e-35 1.1062262025742085 0.9871557775354286 1.0673257521216373 59.500000000000007 0 6.8589864940767029 7.5000000000000009 5.5000000000000009 1.0000000180025095e-35 3.5000000000000004 1 2 3
decision_type=2 2 2 2 2 1 2 2 2 2 2 1 1 1
left_child=1 2 9 4 7 -5 11 -4 -7 -1 -11 -2 -6 -10
right_child=6 -3 3 5 12 8 -8 -9 13 10 -12 -13 -14 -15
leaf_value=-0.00033438117907341503 0.0015998632665100362 0.0044732567021372703 -7.3618022607594181e-05 -0.00075016077445670638 0.00038300485532433306 -0.001580078641331405 -0.0052402867168341053 0.0006743178573150189 0.0019426351674143459 0.00025606531267456921 -0.0022442270251351397 -0.021301007823746582 -0.0005517890158737484 -1.2981865492069572e-05
leaf_weight=6257102.218909502 343527.76679706573 1172763.6426756382 6434135.4493043423 3797377.6345403194 2998039.7497742176 692244.84891915321 742931.95321655273 14962596.031213999 973568.75365924835 1044400.7677202225 2194782.651248455 108116.93684411049 8088062.6992418766 4904931.7070417404
leaf_count=58548 6458 13736 41231 11718 12097 958 4024 95959 11109 8235 11932 2290 74020 26957
internal_value=-0.000453171 -2.59164e-05 -0.000389754 0.000642951 0.00187111 -0.00320482 -0.0195951 0.0036966 0.000154803 -0.00504972 -0.0104689 -0.00333995 -0.00165216 0.00190191
internal_weight=5.47146e+07 5.352e+07 5.23472e+07 4.2851e+07 3.24828e+07 1.03681e+07 1.19458e+06 2.13967e+07 6.57075e+06 9.49629e+06 3.23918e+06 451645 1.10861e+07 5.8785e+06
internal_count=379272 366500 352764 274049 223307 50742 12772 137190 39024 78715 20167 8748 86117 38066
cat_boundaries=0 2 3 4 5
cat_threshold=131072 262144 268435584 131072 100663296
is_linear=0
shrinkage=0.035


Tree=48
num_leaves=15
num_cat=2
split_feature=29 12 2 11 14 0 6 28 1 6 0 6 1 28
split_gain=356360 254255 201186 169528 173759 174148 148781 133254 193606 128773 105174 90858.4 90094.2 88532.7
threshold=1.0000000180025095e-35 1.2616677872045445 1.0000000180025095e-35 1.0069628182482735 0.90323770592447772 0 6.8879829217735882 57.500000000000007 17.500000000000004 7.8293338137704156 1 8.2449829682960445 6.5000000000000009 59.500000000000007
decision_type=2 2 2 2 2 1 2 2 2 2 1 2 2 2
left_child=1 2 13 4 5 -4 10 9 12 -5 -2 -6 -9 -1
right_child=6 -3 3 7 11 -7 -8 8 -10 -11 -12 -13 -14 -15
leaf_value=-0.00082414910342824344 0.0014767556761094492 0.012867160589633447 0.0012831812747104508 0.00050577989521636906 -0.00019625849002860078 -0.0016452345070131122 -0.0050667422187811147 -0.0014513759489774741 -0.00067791476670385823 -0.00045866848312362934 -0.02022189275105013 -0.00054595318370619225 0.0018858849036438626 9.4144178338860469e-05
leaf_weight=6456511.5511367321 351690.67673206329 412815.17473912239 3199974.8858036995 8985808.1725952625 21432193.474419594 701579.00429177284 727049.49195861816 232885.29713845253 1199195.90634799 2441957.3309326172 115836.4881670475 2076954.8699645996 3924883.5521554947 2455246.9347233772
leaf_count=36970 6532 4139 18914 84530 140720 9397 3881 6936 13809 4833 2359 3289 25588 17375
internal_value=-0.000448882 -2.68835e-05 -0.000239575 0.000727775 -0.000968503 0.00587189 -0.0193553 0.00349792 0.00805275 0.00136276 -0.0039519 -0.00210373 0.0116262 -0.00503688
internal_weight=5.47146e+07 5.352e+07 5.31072e+07 4.41954e+07 2.74107e+07 3.90155e+06 1.19458e+06 1.67847e+07 5.35696e+06 1.14278e+07 467527 2.35091e+07 4.15777e+06 8.91176e+06
internal_count=379272 366500 362361 308016 172320 28311 12772 135696 46333 89363 8891 144009 32524 54345
cat_boundaries=0 2 3
cat_threshold=137218 262144 268435584
is_linear=0
shrinkage=0.035


Tree=49
num_leaves=15
num_cat=1
split_feature=29 12 2 11 6 28 1 6 21 1 3 19 1 0
split_gain=349106 245524 189721 161092 139389 123353 184225 117115 104215 154684 224943 150699 140570 97120.1
threshold=1.0000000180025095e-35 1.2616677872045445 1.0000000180025095e-35 1.0069628182482735 6.8180212626466581 57.500000000000007 18.500000000000004 7.8293338137704156 1.0000000180025095e-35 17.500000000000004 1.0000000180025095e-35 1.0000000180025095e-35 19.500000000000004 0
decision_type=2 2 2 2 2 2 2 2 2 2 2 2 2 1
left_child=1 2 -1 8 -2 7 13 -5 -4 11 12 -10 -11 -7
right_child=4 -3 3 5 -6 6 -8 -9 9 10 -12 -13 -14 -15
leaf_value=-0.00057383165250818498 -0.0010555627729648758 0.012416809968996271 6.3240126950192706e-05 0.00048807759888379619 -0.0048364089827273799 0.0007002009327354594 -0.0010952929363672122 -0.00044261508621430229 -1.2552743197550737e-05 -0.0035411671871217738 0.00050458069919142061 -0.0054764927333312667 -0.00039537184880400396 0.0020916033035919216
leaf_weight=8911758.4858601093 430737.91061902046 412815.17473912239 18497620.85468626 8985808.1725952625 763838.7462387085 1852072.0135838985 853037.28491473198 2441957.3309326172 6291385.9870934486 1040951.5072364807 804004.9497654438 351266.55426073074 425472.38143730164 2651855.4571433067
leaf_count=54345 8553 4139 111941 84530 4219 10912 11955 4833 40153 3429 9123 3626 4048 23466
internal_value=-0.000421631 -3.94947e-06 -0.000212958 0.000726424 -0.0191347 0.00342676 0.0078091 0.00137246 -0.000927109 -0.00403608 -0.0119227 -0.00134044 -0.02008 0.0106338
internal_weight=5.47146e+07 5.352e+07 5.31072e+07 4.41954e+07 1.19458e+06 1.67847e+07 5.35696e+06 1.14278e+07 2.74107e+07 8.91308e+06 2.27043e+06 6.64265e+06 1.46642e+06 4.50393e+06
internal_count=379272 366500 362361 308016 12772 135696 46333 89363 172320 60379 16600 43779 7477 34378
cat_boundaries=0 2
cat_threshold=6144 262144
is_linear=0
shrinkage=0.035


Tree=50
num_leaves=15
num_cat=3
split_feature=29 13 14 0 0 14 27 5 6 6 28 1 0 1
split_gain=330147 219960 159575 272855 201540 153842 147809 144720 140865 137040 129077 109134 105556 102405
threshold=1.0000000180025095e-35 1.0254239044114444 1.0038121718465678 0 1 0.90323770592447772 59.500000000000007 10.500000000000002 8.1287518518311686 6.8879829217735882 59.500000000000007 17.500000000000004 2 17.500000000000004
decision_type=2 2 2 1 1 2 2 2 2 2 2 2 1 2
left_child=1 2 4 7 5 -1 -6 -4 -5 12 -10 -12 -2 -8
right_child=9 -3 3 8 6 -7 13 -9 10 -11 11 -13 -14 -15
leaf_value=0.0018680128593103872 0.0014620139244993892 0.0012905871350632129 -0.0012857714540717728 -0.00044984960626250585 0.00027288815340991009 0.00031451917180998093 -0.00092107656476955258 0.0008240504551889911 -0.0011378687634322625 -0.004720131926728318 0.00043696853120092318 -0.0012830870020755498 -0.0194771818077096 0.0004441559370501212
leaf_weight=1421566.7675058842 351690.67673206329 4602391.4023373127 835574.81350374222 12774239.614985943 11991998.689172983 4828452.3011488914 6098915.4853429794 5633180.8771140575 2210180.8018493652 727049.49195861816 783462.19412231445 373985.58847045898 115836.4881670475 1966057.6186947823
leaf_count=6030 6532 45572 2926 70535 91705 17319 53016 52770 2896 3881 1621 731 2359 21379
internal_value=-0.000428391 -2.22081e-05 -0.000710451 -0.00286669 0.00114282 0.00663069 -0.000567279 0.00320687 -0.00530063 -0.0186262 -0.0116686 -0.00219975 -0.0038431 -0.00423106
internal_weight=5.47146e+07 5.352e+07 4.89176e+07 2.26106e+07 2.6307e+07 6.25002e+06 2.0057e+07 6.46876e+06 1.61419e+07 1.19458e+06 3.36763e+06 1.15745e+06 467527 8.06497e+06
internal_count=379272 366500 320928 131479 189449 23349 166100 55696 75783 12772 5248 2352 8891 74395
cat_boundaries=0 1 2 3
cat_threshold=100663426 131072 268435584
is_linear=0
shrinkage=0.035


Tree=51
num_leaves=15
num_cat=2
split_feature=29 12 13 6 0 21 2 6 1 17 11 14 0 28
split_gain=320692 235445 180161 126714 108198 106681 150010 129376 153562 106120 99010.9 93130.5 138930 125426
threshold=1.0000000180025095e-35 1.3647524245143778 1.0004068398063317 6.9231441342232412 0 1.0000000180025095e-35 1.0000000180025095e-35 7.5504001876862077 17.500000000000004 1.0000000180025095e-35 1.0617669590340555 0.94592306406186222 1 59.500000000000007
decision_type=2 2 2 2 1 2 2 2 2 2 2 2 1 2
left_child=1 2 5 4 -2 6 -1 9 -9 -7 11 12 -4 -13
right_child=3 -3 10 -5 -6 7 -8 8 -10 -11 -12 13 -14 -15
leaf_value=-0.00063280576663613853 0.0012152974383636834 0.013616444344486729 0.0018026178474143302 -0.0045886028657655805 -0.018803256391493679 -0.00011890002345909594 0.00015729893853644197 -0.00055550007773671908 -0.0026109010693464649 -0.0064572650980485209 0.0020402573211340202 -0.00020211463404029546 0.00038239765030580278 0.00056815824533295103
leaf_weight=5982539.5683646202 365648.29267597198 329191.31011009216 1101325.0248446465 704602.30736541748 124326.05681633949 4582074.9212517738 13701510.411273241 2271120.8116455078 1035278.0998382568 231423.34766817093 1826492.9677305222 12045090.485678196 3411993.7372841835 7001965.4685595036
leaf_count=36635 6654 3120 4603 3689 2429 46934 96439 5999 2575 2995 22773 63946 30064 50417
internal_value=-0.000414712 -1.43886e-05 -0.000197017 -0.01835 -0.00468018 -0.00214341 -0.000750972 -0.00551893 -0.0108495 -0.00185736 0.0019347 0.00132611 0.00584663 0.000254941
internal_weight=5.47146e+07 5.352e+07 5.31908e+07 1.19458e+06 489974 2.78039e+07 1.9684e+07 8.1199e+06 3.3064e+06 4.8135e+06 2.53869e+07 2.35604e+07 4.51332e+06 1.90471e+07
internal_count=379272 366500 363380 12772 9083 191577 133074 58503 8574 49929 171803 149030 34667 114363
cat_boundaries=0 1 2
cat_threshold=268435584 131072
is_linear=0
shrinkage=0.035


Tree=52
num_leaves=15
num_cat=3
split_feature=29 12 11 14 0 28 1 6 6 0 0 28 28 2
split_gain=308731 226968 167469 204927 197845 179029 196242 133947 118934 105191 92104.2 88331.9 108354 81205.4
threshold=1.0000000180025095e-35 1.3647524245143778 1.0069628182482735 0.90323770592447772 0 59.500000000000007 18.500000000000004 7.8575314057779044 6.7900902059905279 1 2 27.500000000000004 2.5000000000000004 1.0000000180025095e-35
decision_type=2 2 2 2 1 2 2 2 2 1 1 2 2 2
left_child=1 2 3 4 11 7 9 -4 10 -7 -2 12 -1 -5
right_child=8 -3 5 13 -6 6 -8 -9 -10 -11 -12 -13 -14 -15
leaf_value=-0.0027384010683050657 0.0024458231167777608 0.013139868792429694 0.00025680307618523098 -0.00077123968013135245 -0.00069405736944661402 0.00059986819401377427 -0.0011658962112725878 -0.00057584071207465151 -0.0043302695922567058 0.0019717301576160358 -0.017474131197890739 0.00033203719414773042 0.0020746131629157051 -0.00024467424621772032
leaf_weight=185765.76024532318 289515.14161038399 329191.31011009216 11041863.159287214 4856808.0749111176 1715203.7868757248 2188294.0589449406 995758.71914172173 2742194.5477905273 778643.58815002441 3169973.3116037846 126417.92709732056 1115768.3509113789 1661075.4838173389 23518109.59060955
leaf_count=1472 5715 3120 100790 25668 18340 12664 14011 5246 4361 27805 2696 5628 7616 144140
internal_value=-0.000405295 -1.2508e-05 -0.000191818 -0.00172475 0.00506274 0.00232418 0.00718471 8.36243e-05 -0.018003 0.00983629 -0.00289264 0.0105395 0.015237 -0.00284371
internal_weight=5.47146e+07 5.352e+07 5.31908e+07 3.30527e+07 4.67781e+06 2.01381e+07 6.35403e+06 1.37841e+07 1.19458e+06 5.35827e+06 415933 2.96261e+06 1.84684e+06 2.83749e+07
internal_count=379272 366500 363380 202864 33056 160516 54480 106036 12772 40469 8411 14716 9088 169808
cat_boundaries=0 1 3 4
cat_threshold=137216 6144 262144 128
is_linear=0
shrinkage=0.035


Tree=53
num_leaves=15
num_cat=1
split_feature=29 12 13 28 1 1 14 2 1 11 6 0 23 2
split_gain=294089 218299 170636 156566 268733 264088 170520 131794 131484 138629 115751 110485 106310 177333
threshold=1.0000000180025095e-35 1.3647524245143778 0.9871557775354286 59.500000000000007 18.500000000000004 17.500000000000004 0.94592306406186222 1.0000000180025095e-35 6.5000000000000009 0.98949419344052847 6.9379782004961577 0 1.0000000180025095e-35 3.5000000000000004
decision_type=2 2 2 2 2 2 2 2 2 2 2 1 2 2
left_child=1 2 12 5 8 7 -7 -4 -5 -10 11 -2 -1 -14
right_child=10 -3 3 4 -6 6 -8 -9 9 -11 -12 -13 13 -15
leaf_value=-0.00026069298414677474 0.0011258857222888896 0.012679973384694655 -0.00091091414856107195 -0.0013719356447370514 -0.0011196768395004583 0.0026492837037136348 0.00026614734195333294 -0.00014160516264009196 0.0001191926131920376 0.0013460535012056434 -0.0042890725976038324 -0.017695802117603451 0.00032188749726617271 -0.0020335455546414811
leaf_weight=6408241.5428550243 371141.52948474884 329191.31011009216 3516617.0658774376 585805.9961848259 2060196.5449681282 1878099.2643382549 5139675.1679873466 20241320.271117687 2996280.9126472473 7069679.3791351318 696179.12568664551 127256.00168633461 1069497.5612499714 2225401.1377775669
leaf_count=60563 6701 3120 18407 14808 21528 18697 34609 117351 15899 40884 3618 2453 8452 12182
internal_value=-0.000394427 -1.10674e-05 -0.00018692 0.000749472 0.00401709 -0.000600224 0.00536522 -0.00236234 0.00625512 0.00719321 -0.0175698 -0.00469316 -0.00438365 -0.00949278
internal_weight=5.47146e+07 5.352e+07 5.31908e+07 4.34877e+07 1.2712e+07 3.07757e+07 7.01777e+06 2.37579e+07 1.06518e+07 1.0066e+07 1.19458e+06 498398 9.70314e+06 3.2949e+06
internal_count=379272 366500 363380 282183 93119 189064 53306 135758 71591 56783 12772 9154 81197 20634
cat_boundaries=0 1
cat_threshold=268435584
is_linear=0
shrinkage=0.035


Tree=54
num_leaves=15
num_cat=1
split_feature=29 12 13 28 1 1 2 1 11 6 0 23 2 1
split_gain=282207 206085 161926 146531 250805 248103 124239 122342 129122 108554 108701 101606 165811 133063
threshold=1.0000000180025095e-35 1.3647524245143778 0.9871557775354286 59.500000000000007 18.500000000000004 17.500000000000004 1.0000000180025095e-35 6.5000000000000009 0.98949419344052847 6.9379782004961577 0 1.0000000180025095e-35 3.5000000000000004 17.500000000000004
decision_type=2 2 2 2 2 2 2 2 2 2 1 2 2 2
left_child=1 2 11 5 7 6 -4 -5 -9 10 -2 -1 -13 -14
right_child=9 -3 3 4 -6 -7 -8 8 -10 -11 -12 12 13 -15
leaf_value=-0.00025156872970163752 0.0010864797220087785 0.012236174316230341 -0.00087903215336143387 -0.0013239178971712548 -0.0010804881501179423 0.00075589451815354623 -0.00013664898194768875 0.00011502087173031628 0.0012989416286634458 -0.0041389550566876968 -0.017076449043487325 0.00031062143486185667 -0.00066062992229261612 -0.0030215936727643758
leaf_weight=6408241.5428550243 371141.52948474884 329191.31011009216 3516617.0658774376 585805.9961848259 2060196.5449681282 7017774.4323256016 20241320.271117687 2996280.9126472473 7069679.3791351318 696179.12568664551 127256.00168633461 1069497.5612499714 1002518.2103762627 1222882.9274013042
leaf_count=60563 6701 3120 18407 14808 21528 53306 117351 15899 40884 3618 2453 8452 6403 5779
internal_value=-0.000391285 -1.57492e-05 -0.000186611 0.00072557 0.00388674 -0.000580157 -0.00228811 0.00604883 0.00695372 -0.0172161 -0.00474619 -0.00427484 -0.00926965 -0.0147126
internal_weight=5.47146e+07 5.352e+07 5.31908e+07 4.34877e+07 1.2712e+07 3.07757e+07 2.37579e+07 1.06518e+07 1.0066e+07 1.19458e+06 498398 9.70314e+06 3.2949e+06 2.2254e+06
internal_count=379272 366500 363380 282183 93119 189064 135758 71591 56783 12772 9154 81197 20634 12182
cat_boundaries=0 1
cat_threshold=268435584
is_linear=0
shrinkage=0.035


Tree=55
num_leaves=15
num_cat=1
split_feature=29 12 13 14 12 1 1 0 28 1 28 1 1 1
split_gain=272702 199073 158328 146268 154415 121243 122053 110461 138964 108715 102203 186427 150042 134551
threshold=1.0000000180025095e-35 1.3647524245143778 1.0188698095297759 1.1228774058946247 1.0027485388641131 8.5000000000000018 11.500000000000002 0 59.500000000000007 6.5000000000000009 59.500000000000007 18.500000000000004 17.500000000000004 11.500000000000002
decision_type=2 2 2 2 2 2 2 1 2 2 2 2 2 2
left_child=1 2 3 10 -5 9 -7 8 -2 -6 11 13 -12 -1
right_child=7 -3 -4 4 5 6 -8 -9 -10 -11 12 -13 -14 -15
leaf_value=9.227191133587494e-05 -0.0023466861067833163 0.011807908215162279 0.00073486892195372393 -0.00093507490757368931 -0.0022252112494535819 -0.0015077723352700351 9.834232268282988e-05 -0.015694249022840064 0.0042086073431614069 0.0020640269891546697 0.00079510305670442059 0.00096061478289780793 -0.00064120808596095156 -0.0005718439637125021
leaf_weight=10730351.892595291 663803.22827339172 329191.31011009216 7143474.6657931805 4878181.766194582 139055.34035968781 983699.69639205933 2624670.9054825306 333366.45636773109 197406.97221660614 798491.38796520233 5834807.6330788136 4354272.4106519222 1995281.1084282398 13708528.037197113
leaf_count=80584 5837 3120 63301 18007 3282 5078 16516 3428 3507 3228 41528 45735 17288 68833
internal_value=-0.000378113 -8.95609e-06 -0.000176886 -0.000928995 -0.00481764 -0.000176651 -0.00309024 -0.0169171 -0.0102948 0.0110369 7.16552e-05 -0.000892529 0.00361719 -0.00208129
internal_weight=5.47146e+07 5.352e+07 5.31908e+07 4.60473e+07 9.4241e+06 4.54592e+06 3.60837e+06 1.19458e+06 861210 937547 3.66232e+07 2.87932e+07 7.83009e+06 2.44389e+07
internal_count=379272 366500 363380 300079 46111 28104 21594 12772 9344 6510 253968 195152 58816 149417
cat_boundaries=0 1
cat_threshold=268435584
is_linear=0
shrinkage=0.035


Tree=56
num_leaves=15
num_cat=2
split_feature=29 12 14 27 12 27 1 1 1 6 1 0 35 0
split_gain=268165 192319 165889 183367 150173 133908 127006 132225 127197 159000 124259 118925 152168 111680
threshold=1.0000000180025095e-35 1.1062262025742085 1.1228774058946247 59.500000000000007 1.0004791872870029 8.5000000000000018 8.5000000000000018 11.500000000000002 19.500000000000004 8.0005268660031277 6.5000000000000009 0 24.500000000000004 1
decision_type=2 2 2 2 2 2 2 2 2 2 2 1 2 1
left_child=1 2 3 5 -4 -1 10 -8 9 -9 -6 -5 -13 -2
right_child=13 -3 4 11 6 -7 7 8 -10 -11 -12 12 -14 -15
leaf_value=-0.00014970538420022099 -0.0016303389508603825 0.0037314085692764618 -0.00090665946300344112 2.1493875179905437e-05 -0.0018303307246692172 0.00048990355153056663 -0.0013089013367905448 0.0013238119558238513 -0.0017946498056235682 -0.00084895649070126184 0.0020752668933909832 0.0043746328035471462 -0.0012895366661830922 -0.015144950307040665
leaf_weight=8914720.98985672 861210.20048999786 1172763.6426756382 5053951.4986822605 7961120.8218398094 188289.93342089653 18837236.957672596 1224272.5830574036 2038994.8397483826 651279.57906270027 739409.3293762207 886792.36573314667 462346.15545511246 5388827.4576678276 333366.45636773109
leaf_count=59430 9344 13736 18552 42426 4094 126690 6074 12470 6803 1570 3750 4319 66586 3428
internal_value=-0.000378697 -1.26231e-05 -0.00032666 0.00067689 -0.00419496 0.00231693 -0.000315519 -0.00282018 0.000704552 0.00396792 0.0105269 -0.00261832 -0.00640654 -0.0167796
internal_weight=5.47146e+07 5.352e+07 5.23472e+07 4.15643e+07 1.0783e+07 2.7752e+07 5.72904e+06 4.65396e+06 3.42968e+06 2.7784e+06 1.07508e+06 1.38123e+07 5.85117e+06 1.19458e+06
internal_count=379272 366500 352764 299451 53313 186120 34761 26917 20843 14040 7844 113331 70905 12772
cat_boundaries=0 1 2
cat_threshold=137216 268435584
is_linear=0
shrinkage=0.035


Tree=57
num_leaves=15
num_cat=3
split_feature=29 11 2 0 27 6 14 0 11 13 28 28 0 14
split_gain=258691 187301 141647 114104 130856 110423 184754 113201 106237 101038 93709 87715.5 82185.8 77943.2
threshold=1.0000000180025095e-35 1.0617669590340555 1.0000000180025095e-35 0 59.500000000000007 8.0005268660031277 0.94592306406186222 1 0.99988077197556813 0.98175341264255012 25.500000000000004 53.500000000000007 2 1.0429066411824164
decision_type=2 2 2 1 2 2 2 1 2 2 2 2 1 2
left_child=1 2 -1 4 -2 7 10 13 -9 -8 -7 -3 -13 -4
right_child=3 11 5 -5 -6 6 9 8 -10 -11 -12 12 -14 -15
leaf_value=-0.00054655958121186971 0.0041183679494308702 0.00060271611017372897 0.0010572401756841787 -0.014614877046294241 -0.0022074902297657848 0.0018228974088294781 -0.0024203739970563086 -0.00024366317530028167 0.00037391657475829181 -0.00033156308714344957 -0.00010235123395573488 -0.0013714460135079249 0.0042231860721001907 -0.00023507012900777409
leaf_weight=8531434.2475090027 197406.97221660614 1627146.7667381763 3481571.3411846161 333366.45636773109 663803.22827339172 528679.05426025391 416155.31369018555 15662686.391386509 14193872.326916695 6309467.715057373 425980.21917724609 190070.80179786682 1163638.6971485615 989303.27938222885
leaf_count=49686 3507 22790 19427 3428 5837 1268 841 124553 115024 11675 987 2160 12874 5215
internal_value=-0.000372211 -1.26615e-05 -0.00051551 -0.0164808 -0.00975011 0.000319524 -0.0034742 0.00116832 0.000390547 -0.00551939 0.0109342 0.0085129 0.0150953 0.00636224
internal_weight=5.47146e+07 5.352e+07 5.05391e+07 1.19458e+06 861210 4.20077e+07 7.68028e+06 3.43274e+07 2.98566e+07 6.72562e+06 954659 2.98086e+06 1.35371e+06 4.47087e+06
internal_count=379272 366500 328676 12772 9344 278990 14771 264219 239577 12516 2255 37824 15034 24642
cat_boundaries=0 1 2 4
cat_threshold=268435584 131072 0 262144
is_linear=0
shrinkage=0.035


Tree=58
num_leaves=15
num_cat=2
split_feature=29 12 13 28 1 1 14 0 27 0 14 27 1 11
split_gain=251525 183002 150038 126069 228466 227117 161275 115810 124165 113771 109879 154579 123895 105140
threshold=1.0000000180025095e-35 1.3647524245143778 0.9871557775354286 59.500000000000007 19.500000000000004 17.500000000000004 0.94592306406186222 0 59.500000000000007 1 1.1228774058946247 59.500000000000007 10.500000000000002 0.99859039930622984
decision_type=2 2 2 2 2 2 2 1 2 1 2 2 2 2
left_child=1 2 -1 5 9 10 -7 8 -2 -5 11 -4 -13 -11
right_child=7 -3 3 4 -6 6 -8 -9 -10 13 -12 12 -14 -15
leaf_value=-0.0005922408443682954 0.0039742250712007897 0.011196036475452743 9.6620722469763275e-05 0.00015961514968497453 -0.0016725027308708447 0.0025152825894911358 0.00024197388494409626 -0.014103356349673943 -0.0021302280717239845 0.00024408537516688972 -0.00068084824141948722 4.5237972693744283e-06 -0.0013555837278300242 0.001559196884568089
leaf_weight=9703140.2418825626 197406.97221660614 329191.31011009216 14065542.002442837 4760620.7232749462 1247810.0508542061 1878099.2643382549 5139675.1679873466 333366.45636773109 663803.22827339172 2934669.9453628063 3142172.0563762188 2725114.1084830761 3825109.1696929932 3768862.1134433746
leaf_count=81197 3507 3120 81609 25349 17117 18697 34609 3428 5837 19797 6433 24385 23331 30856
internal_value=-0.000383238 -2.87046e-05 -0.000189714 0.000688344 0.00362049 -0.000522786 0.00500936 -0.0162671 -0.00948632 0.00516851 -0.00215691 -0.00122765 -0.00566878 0.00810678
internal_weight=5.47146e+07 5.352e+07 5.31908e+07 4.34877e+07 1.2712e+07 3.07757e+07 7.01777e+06 1.19458e+06 861210 1.14642e+07 2.37579e+07 2.06158e+07 6.55022e+06 6.70353e+06
internal_count=379272 366500 363380 282183 93119 189064 53306 12772 9344 76002 135758 129325 47716 50653
cat_boundaries=0 1 3
cat_threshold=268435584 6144 262144
is_linear=0
shrinkage=0.035


Tree=59
num_leaves=15
num_cat=2
split_feature=29 12 13 0 27 6 21 1 3 2 11 14 0 19
split_gain=245843 171742 144147 118225 117312 100038 135504 165117 92502.3 83950.6 76159.5 83776.5 127619 70570.4
threshold=1.0000000180025095e-35 1.3647524245143778 1.0004068398063317 0 59.500000000000007 7.263853660620085 1.0000000180025095e-35 17.500000000000004 1.0000000180025095e-35 1.0000000180025095e-35 1.0617669590340555 0.94592306406186222 1 1.0000000180025095e-35
decision_type=2 2 2 1 2 2 2 2 2 2 2 2 1 2
left_child=1 2 5 4 -2 -1 9 13 -9 -7 11 12 -4 -8
right_child=3 -3 10 -5 -6 6 7 8 -10 -11 -12 -13 -14 -15
leaf_value=0.00016440717864802578 0.0038351271937087619 0.010804175198811895 0.0016837007767892698 -0.013609738877435355 -0.0020556700892136433 -0.00059953067904260462 -0.00032177657947077309 -0.0027527005672364747 9.440243524405035e-05 3.9748454095660636e-05 0.0017937094808408568 2.02774489058262e-05 0.00033981526149785526 -0.0054438948971045993
leaf_weight=9885828.1416852474 197406.97221660614 329191.31011009216 1101325.0248446465 333366.45636773109 663803.22827339172 4354346.0944213867 3202007.7597808838 1179582.7511901855 248574.82353210449 8802142.5758514404 1826492.9677305222 19047055.9542377 3411993.7372841835 131465.01358032227
leaf_count=132919 3507 3120 4603 3428 5837 14763 10187 3387 978 28770 22773 114363 30064 573
internal_value=-0.000355106 -4.60025e-06 -0.000160577 -0.0160585 -0.00920743 -0.0019016 -0.003461 -0.00852029 -0.0184777 -0.00162992 0.0017462 0.00121245 0.00549994 -0.00425423
internal_weight=5.47146e+07 5.352e+07 5.31908e+07 1.19458e+06 861210 2.78039e+07 1.79181e+07 4.76163e+06 1.42816e+06 1.31565e+07 2.53869e+07 2.35604e+07 4.51332e+06 3.33347e+06
internal_count=379272 366500 363380 12772 9344 191577 58658 15125 4365 43533 171803 149030 34667 10760
cat_boundaries=0 1 2
cat_threshold=268435584 131072
is_linear=0
shrinkage=0.035


Tree=60
num_leaves=15
num_cat=2
split_feature=29 12 14 27 12 1 27 0 1 1 1 6 27 0
split_gain=241237 165573 148633 169113 138617 124820 123066 119095 117337 116363 113704 151859 112232 110691
threshold=1.0000000180025095e-35 1.1062262025742085 1.1228774058946247 59.500000000000007 1.0004791872870029 8.5000000000000018 8.5000000000000018 0 6.5000000000000009 11.500000000000002 19.500000000000004 7.955205314333587 59.500000000000007 1
decision_type=2 2 2 2 2 2 2 1 2 2 2 2 2 1
left_child=1 2 3 6 -4 8 -1 12 -6 -7 11 -11 -2 -5
right_child=7 -3 4 13 5 9 -8 -9 -10 10 -12 -13 -14 -15
leaf_value=-0.00014973499583345262 0.0037008977419289552 0.003454592444699053 -0.00085112347994846938 -3.6880891079532697e-05 -0.0018669654392177246 -0.001240643646856294 0.0004660495286784727 -0.013133398016725117 0.0020064436227595567 0.0013899734384780274 -0.0016937988805328212 -0.00074302453032860742 -0.0019837216360911675 -0.0012167277413353251
leaf_weight=8914720.98985672 197406.97221660614 1172763.6426756382 5053951.4986822605 9212337.1956355572 188289.93342089653 1224272.5830574036 18837236.957672596 333366.45636773109 886792.36573314667 1898489.8828392029 651279.57906270027 879914.28628540039 663803.22827339172 4599957.2393271923
leaf_count=59430 3507 13736 18552 55602 4094 6074 126690 3428 3750 12055 6803 1985 5837 57729
internal_value=-0.000362633 -1.54255e-05 -0.000306809 0.000643113 -0.00396839 -0.000241192 0.00221812 -0.0159183 0.0105075 -0.00272421 0.000582356 0.00366779 -0.00904202 -0.00252142
internal_weight=5.47146e+07 5.352e+07 5.23472e+07 4.15643e+07 1.0783e+07 5.72904e+06 2.7752e+07 1.19458e+06 1.07508e+06 4.65396e+06 3.42968e+06 2.7784e+06 861210 1.38123e+07
internal_count=379272 366500 352764 299451 53313 34761 186120 12772 7844 26917 20843 14040 9344 113331
cat_boundaries=0 1 2
cat_threshold=268435584 137218
is_linear=0
shrinkage=0.035


Tree=61
num_leaves=15
num_cat=3
split_feature=29 12 13 14 0 0 14 27 5 0 3 27 27 1
split_gain=235698 160088 137317 128966 216128 152766 130942 121346 120520 120319 116080 105725 95200 88209.1
threshold=1.0000000180025095e-35 1.3647524245143778 1.0254239044114444 1.0038121718465678 0 1 0.90323770592447772 59.500000000000007 7.5000000000000009 2 1.0000000180025095e-35 59.500000000000007 22.500000000000004 6.5000000000000009
decision_type=2 2 2 2 1 1 2 2 2 1 2 2 2 2
left_child=1 2 3 5 8 6 -1 -7 -5 11 -6 -2 -12 -9
right_child=9 -3 -4 4 10 7 -8 13 -10 -11 12 -13 -14 -15
leaf_value=0.0016440823341546055 0.0035713663209614422 0.010305118331289009 0.00095288370819751991 -0.001683283004469576 -0.00065369945735224103 0.00024049107340788311 0.00026083703424932759 0.0020050913550696222 0.00067518034551580818 -0.012673729086139739 -0.00059211904875166221 -0.0019142913788279766 0.00098801468864114536 -0.00066491996469810691
leaf_weight=1375886.6307547092 197406.97221660614 329191.31011009216 4469413.3861420155 643640.87622714043 13401860.144825935 11991976.692127466 4778522.1251101494 350375.85626220703 5742261.4761338234 333366.45636773109 1264278.3105013371 663803.22827339172 1475729.7441008091 7696869.6019530296
leaf_count=5724 3507 3120 44322 1611 56350 91700 16906 11062 53190 3428 7134 5837 12299 63082
internal_value=-0.000367117 -2.39185e-05 -0.00017451 -0.000713125 -0.00265483 0.000956836 0.00577998 -0.000524442 0.00279559 -0.0157431 -0.00481108 -0.00883164 0.00175303 -0.00384922
internal_weight=5.47146e+07 5.352e+07 5.31908e+07 4.87214e+07 2.25278e+07 2.61936e+07 6.15441e+06 2.00392e+07 6.3859e+06 1.19458e+06 1.61419e+07 861210 2.74001e+06 8.04725e+06
internal_count=379272 366500 363380 319058 130584 188474 22630 165844 54801 12772 75783 9344 19433 74144
cat_boundaries=0 1 2 3
cat_threshold=100663426 131072 268435584
is_linear=0
shrinkage=0.035


Tree=62
num_leaves=15
num_cat=3
split_feature=29 11 14 6 0 14 5 0 0 27 6 1 5 1
split_gain=232822 155463 126495 186703 171231 124511 122766 139028 121261 115819 102487 99788.6 108389 102674
threshold=1.0000000180025095e-35 1.0617669590340555 1.0038121718465678 8.0005268660031277 0 0.90323770592447772 5.5000000000000009 1 2 59.500000000000007 6.9666029244071686 17.500000000000004 30.500000000000004 6.5000000000000009
decision_type=2 2 2 2 1 2 2 1 1 2 2 2 2 2
left_child=1 2 4 6 5 -1 -4 -8 10 -6 -2 12 -11 -14
right_child=8 -3 3 -5 9 -7 7 -9 -10 11 -12 -13 13 -15
leaf_value=0.0016814225388906057 0.00082756211731897648 0.001674865221134992 -0.0014365434802040688 -0.00062431321967506171 0.00025884585895948395 0.00030388158223041225 0.0011953248291140595 -0.00016214238871627097 -0.012230148568124849 -0.00013767475707856164 -0.0020983638501270285 0.0005055882691423774 0.0026223939471529826 -0.0015539924368619164
leaf_weight=1501476.9031744003 385210.82512378693 2980856.2656846046 1010974.2930073738 5467581.2127990723 11875855.83581686 4972237.1855678558 2365008.893273592 14675423.11315465 333366.45636773109 3176812.2649667263 475999.37536621094 2111194.1725819111 177651.44804143906 3204934.5661802292
leaf_count=6546 6818 37824 2113 9942 88495 18064 28297 95549 3428 28884 2526 22707 5416 22663
internal_value=-0.000355155 -1.40575e-05 -0.000472179 -0.00234901 0.00116146 0.00612517 -0.000632772 7.02748e-05 -0.0156371 -0.000402498 -0.00869858 -0.00347786 -0.00560804 -0.00996817
internal_weight=5.47146e+07 5.352e+07 5.05391e+07 2.3519e+07 2.70202e+07 6.47371e+06 1.80514e+07 1.70404e+07 1.19458e+06 2.05464e+07 861210 8.67059e+06 6.5594e+06 3.38259e+06
internal_count=379272 366500 328676 135901 192775 24610 125959 123846 12772 168165 9344 79670 56963 28079
cat_boundaries=0 1 2 3
cat_threshold=131072 100663296 268435584
is_linear=0
shrinkage=0.035


Tree=63
num_leaves=15
num_cat=2
split_feature=29 12 2 18 0 11 14 0 15 6 6 28 1 12
split_gain=230251 149959 131448 137880 122092 120796 154355 138203 104619 98854.6 72894.4 79201.9 70606.1 67274.3
threshold=1.0000000180025095e-35 1.3647524245143778 1.0000000180025095e-35 1.0000000180025095e-35 0 1.0059967974278856 0.90323770592447772 1 1.0000000180025095e-35 6.9666029244071686 7.4444458443280039 55.500000000000007 17.500000000000004 1.038248653223538
decision_type=2 2 2 2 1 2 2 1 2 2 2 2 2 2
left_child=1 2 -1 5 9 6 7 -4 -5 -2 -7 -12 -13 -8
right_child=4 -3 3 8 -6 10 13 -9 -10 -11 11 12 -14 -15
leaf_value=-0.00047399903461332107 0.00079859744321281179 0.0099106722433543893 0.0011839343325495549 -0.0059704267792841 -0.011802093368240478 0.00091238098799057137 -0.00027403874853345136 -0.0013466958513167079 -0.00051108542951220878 -0.0020249211153725807 -0.00019760875072610975 0.0010204224892416472 -0.00074285873607450104 0.00044825102387985376
leaf_weight=8926103.5238473415 385210.82512378693 329191.31011009216 3051706.3665876389 400373.62493109703 333366.45636773109 9367254.1332080364 19186095.392646551 651708.65415048599 581332.46472144127 475999.37536621094 5172748.4970703125 2113033.9583740234 463486.92449951172 3276971.3041021824
leaf_count=54517 6818 3120 17600 4697 3428 113020 112465 8572 5463 2526 13595 7268 1559 24624
internal_value=-0.000346184 -6.97421e-06 -0.000152724 0.000628595 -0.0155435 0.000922782 -0.000572662 0.0060478 -0.0123419 -0.00858129 0.00320891 0.000697692 0.00571128 -0.00166416
internal_weight=5.47146e+07 5.352e+07 5.31908e+07 4.42647e+07 1.19458e+06 4.3283e+07 2.61665e+07 3.70342e+06 981706 861210 1.71165e+07 7.74927e+06 2.57652e+06 2.24631e+07
internal_count=379272 366500 363380 308863 12772 298703 163261 26172 10160 9344 135442 22422 8827 137089
cat_boundaries=0 1 3
cat_threshold=268435584 137218 262144
is_linear=0
shrinkage=0.035


Tree=64
num_leaves=15
num_cat=3
split_feature=11 14 0 28 0 1 17 28 28 0 5 28 14 11
split_gain=154488 160959 211259 138860 187867 123357 110887 90486.3 95826.3 78025.5 77532 73149.3 75906.5 72854
threshold=1.0069628182482735 0.90323770592447772 0 59.500000000000007 1 18.500000000000004 1.0000000180025095e-35 25.500000000000004 2.5000000000000004 2 27.500000000000004 53.500000000000007 1.0038121718465678 0.89705021567745202
decision_type=2 2 1 2 1 2 2 2 2 1 2 2 2 2
left_child=1 2 7 6 -5 -6 -2 8 -1 -10 11 12 -3 -13
right_child=3 10 -4 4 5 -7 -8 -9 9 -11 -12 13 -14 -15
leaf_value=-0.0021635162914921632 0.00028971482867279331 -7.8883503087350963e-05 -0.0016261760186510863 0.0027025426673681092 0.00056121855444094871 -0.0018967647413940926 -0.00052899658299898655 0.0002248240424046061 0.0023431784408864255 0.001340270832441816 -0.00063365558448593177 -0.0038821123164618156 -0.00064514384415967482 0.00042674357789480264
leaf_weight=255983.54768610001 9148285.2559030056 8746968.260178566 943818.93313121796 2579770.9654526711 3418127.4259259701 657230.49490618706 4925560.5705714226 1688025.1127085686 607514.55627846718 1354530.7098805904 12297754.801218033 151011.80804586411 3956975.5797615051 3983024.7894582748
leaf_count=2357 72386 51843 11612 34813 18171 5942 36498 9877 2288 8122 82338 1609 12755 28661
internal_value=-0.000347046 -0.00179951 0.00410421 0.0020343 0.00620006 0.00152135 6.44191e-05 0.00769496 0.0123422 0.0149699 -0.00278223 -0.00123924 -0.00255521 0.00280475
internal_weight=5.47146e+07 3.39856e+07 4.84987e+06 2.0729e+07 6.65513e+06 4.07536e+06 1.40738e+07 3.90605e+06 2.21803e+06 1.96205e+06 2.91357e+07 1.6838e+07 1.27039e+07 4.13404e+06
internal_count=379272 211462 34256 167810 58926 24113 108884 22644 12767 10410 177206 94868 64598 30270
cat_boundaries=0 2 3 4
cat_threshold=137218 262144 369098882 131072
is_linear=0
shrinkage=0.035


Tree=65
num_leaves=15
num_cat=3
split_feature=29 12 13 0 23 1 14 27 1 0 5 28 0 27
split_gain=225661 142389 142800 123752 107064 125942 106321 133336 130947 121931 116448 112048 135344 111098
threshold=1.0000000180025095e-35 1.1062262025742085 0.98175341264255012 0 1.0000000180025095e-35 17.500000000000004 1.0673257521216373 59.500000000000007 17.500000000000004 1 23.500000000000004 52.500000000000007 2 8.5000000000000018
decision_type=2 2 2 1 2 2 2 2 2 1 2 2 1 2
left_child=1 2 4 -2 -1 -6 7 13 10 -8 11 -9 -13 -4
right_child=3 -3 6 -5 5 -7 9 8 -10 -11 -12 12 -14 -15
leaf_value=-0.0002717850094258063 -0.0011859059503555507 0.0031516665762967803 -6.2034288626912893e-05 -0.011383342551603014 -0.00040654534292563918 -0.0027574679858400576 0.00025435793462563571 -0.00035234461150054463 0.00075543923527817065 -0.00054212694710037554 -0.00081547871987546839 -0.0059427544841055566 0.0017428913324575497 0.00054925612427287826
leaf_weight=4039260.1093833447 861210.20048999786 1172763.6426756382 7678566.0442538261 333366.45636773109 1055734.0073168278 1147078.6439604759 4699379.2162554264 2196519.5198836327 2856613.5658102036 6403043.4214186668 5814665.8739190102 125429.52052569389 917872.46989655495 15413080.118949413
leaf_count=42639 9344 13736 48915 3428 8015 6192 29176 16360 26608 25436 41620 953 7512 99338
internal_value=-0.000321396 1.44152e-05 -0.000255799 -0.0153665 -0.00522395 -0.011431 0.000416828 0.00136341 -0.00164434 -0.00256748 -0.0037056 0.00161185 0.0110561 0.00291487
internal_weight=5.47146e+07 5.352e+07 5.23472e+07 1.19458e+06 6.24207e+06 2.20281e+06 4.61052e+07 3.50027e+07 1.19111e+07 1.11024e+07 9.05449e+06 3.23982e+06 1.0433e+06 2.30916e+07
internal_count=379272 366500 352764 12772 56846 14207 295918 241306 93053 54612 66445 24825 8465 148253
cat_boundaries=0 1 2 4
cat_threshold=268435584 100665474 0 262144
is_linear=0
shrinkage=0.035


Tree=66
num_leaves=15
num_cat=0
split_feature=29 12 13 19 23 1 2 14 6 27 1 28 1 6
split_gain=221066 140021 124358 113968 100587 128033 97788.8 96988.6 120827 105046 110976 108469 131387 84747.8
threshold=1.0000000180025095e-35 1.2616677872045445 0.98175341264255012 1.0000000180025095e-35 1.0000000180025095e-35 17.500000000000004 3.5000000000000004 1.0038121718465678 8.0005268660031277 59.500000000000007 17.500000000000004 55.500000000000007 10.500000000000002 6.9806020154335
decision_type=2 2 2 2 2 2 2 2 2 2 2 2 2 2
left_child=1 2 4 7 -1 -6 -7 9 -9 -4 11 12 -11 -2
right_child=13 -3 3 -5 5 6 -8 8 -10 10 -12 -13 -14 -15
leaf_value=-0.0002139496362491931 -0.0013160246981065574 0.0085185691703725721 0.00066360972923213064 -0.00032321915750603726 -0.0003290215929779335 0.0016159398132524648 -0.0031328425795287096 0.00017325126972230964 -0.0004299672509401723 0.00021481726759602868 0.001167589400943095 0.00098777091920648503 -0.0012810310573184607 -0.0033497168798084162
leaf_weight=4158843.808198452 526712.05039715767 412815.17473912239 10651875.265082836 11741296.677488565 1087757.3406512737 127364.83139753342 1025445.6328983307 12759031.956914425 4088638.674041748 1979396.7309756279 1727985.0575110912 1048779.3821287155 2710775.622220993 667864.60646057129
leaf_count=44272 9384 4139 64815 90528 8270 1516 4712 85537 7341 15917 15719 8157 15577 3388
internal_value=-0.000329231 3.1436e-06 -0.000154695 0.000472214 -0.00473035 -0.0107086 -0.0188357 0.00147405 -0.000437549 0.00325154 6.85642e-05 -0.00227278 -0.00454815 -0.0152203
internal_weight=5.47146e+07 5.352e+07 5.31072e+07 4.67078e+07 6.39941e+06 2.24057e+06 1.15281e+06 3.49665e+07 1.68477e+07 1.81188e+07 7.46694e+06 5.73895e+06 4.69017e+06 1.19458e+06
internal_count=379272 366500 362361 303591 58770 14498 6228 213063 92878 120185 55370 39651 31494 12772
is_linear=0
shrinkage=0.035


Tree=67
num_leaves=15
num_cat=0
split_feature=29 11 2 18 14 28 6 11 1 15 6 1 13 1
split_gain=207533 133040 111732 107618 114835 176061 132222 110856 97779.9 97251.9 90149.8 96040.3 89420.1 82776.8
threshold=1.0000000180025095e-35 1.0617669590340555 1.0000000180025095e-35 1.0000000180025095e-35 0.94592306406186222 25.500000000000004 8.0005268660031277 0.99022857129211772 18.500000000000004 1.0000000180025095e-35 8.101380303631279 18.500000000000004 0.98175341264255012 7.5000000000000009
decision_type=2 2 2 2 2 2 2 2 2 2 2 2 2 2
left_child=1 2 -1 4 5 10 7 -6 13 -5 11 -4 -8 -7
right_child=-2 -3 3 9 6 8 12 -9 -10 -11 -12 -13 -14 -15
leaf_value=-0.000475188595927696 -0.002734847223469586 0.0015219977267485721 0.00075163750603226241 -0.0055969578032687957 -0.00034596443523020901 0.001328365943102763 -0.0020562966613219152 0.0003259958360378816 0.0020409259585676301 -0.00035090505028049644 0.0018232466486470958 0.0038944254480132437 -0.00027838963577845514 -0.00074227495918470845
leaf_weight=8531434.2475090027 1194576.656857729 2980856.2656846046 3355594.23913908 382829.4725022316 8914492.5103623867 372155.97553634644 415404.68869018555 17333214.087721348 610603.99408745766 556002.72420573235 332071.548828125 652329.83760428429 6245126.3090209961 2837890.2533569336
leaf_count=49686 12772 37824 25739 4166 70028 6082 840 122431 7047 4860 725 7928 11606 17538
internal_value=-0.000323852 -1.81152e-06 -0.000425609 0.000316024 0.00058387 0.0043004 -0.000337763 0.000779814 -0.00117876 -0.0114007 0.00912388 0.00767186 -0.00474188 -0.00362078
internal_weight=5.47146e+07 5.352e+07 5.05391e+07 4.20077e+07 4.10689e+07 8.16065e+06 3.29082e+07 2.62477e+07 3.82065e+06 938832 4.34e+06 4.00792e+06 6.66053e+06 3.21005e+06
internal_count=379272 366500 328676 278990 269964 65059 204905 192459 30667 9026 34392 33667 12446 23620
is_linear=0
shrinkage=0.035


Tree=68
num_leaves=15
num_cat=0
split_feature=29 13 28 1 1 14 1 1 11 28 14 6 28 20
split_gain=196034 129492 96081.8 257121 192070 133938 128329 119439 129998 91101.1 83113.7 95302.4 82601.6 108960
threshold=1.0000000180025095e-35 1.0254239044114444 59.500000000000007 17.500000000000004 18.500000000000004 0.94592306406186222 12.500000000000002 6.5000000000000009 0.9829583962039008 23.500000000000004 0.94592306406186222 8.3059932609174698 25.500000000000004 1.0000000180025095e-35
decision_type=2 2 2 2 2 2 2 2 2 2 2 2 2 2
left_child=1 2 4 7 6 -6 10 -4 -9 -8 12 -12 13 -1
right_child=-2 -3 3 -5 5 -7 9 8 -10 -11 11 -13 -14 -15
leaf_value=0.0011790804347390656 -0.0026391275706481561 0.00097095469160655837 -0.0013955216014766608 -0.00082976173438549061 0.0025543528784674973 0.00015158809211874021 -0.00026869202769213711 -0.00016344402412852969 0.0010150031569324685 -0.00094146810843479727 -0.00010638571616969332 -0.00082105585637323969 -0.00026525683086380133 -0.0044689859153670903
leaf_weight=2261652.1729028225 1194576.656857729 4602391.4023373127 640392.46565723419 3709193.1785464287 1447893.4003016949 3810101.4384965897 7379639.5751647949 2559478.5206155777 7262388.5693187714 7253733.3191871643 10062137.958226442 753407.81381225586 1611457.7144253254 166138.62525629997
leaf_count=19153 12772 45572 16547 30436 18012 33144 35016 15266 41600 30637 64118 888 13650 2461
internal_value=-0.000325558 -1.25656e-05 -0.000540636 0.00188822 -0.00153126 0.00463125 -0.00263009 0.00469531 0.00565021 -0.0049564 -0.000338457 -0.00193837 0.00394549 0.00802319
internal_weight=5.47146e+07 5.352e+07 4.89176e+07 1.41715e+07 3.47462e+07 5.25799e+06 2.94882e+07 1.04623e+07 9.82187e+06 1.46334e+07 1.48548e+07 1.08155e+07 4.03925e+06 2.42779e+06
internal_count=379272 366500 320928 103849 217079 51156 165923 73413 56866 65653 100270 65006 35264 21614
is_linear=0
shrinkage=0.035


Tree=69
num_leaves=15
num_cat=2
split_feature=29 0 12 13 21 3 17 2 13 6 14 28 14 0
split_gain=183771 143646 130344 116603 89562.7 115807 146615 101415 94588.1 87818.7 60222.9 85977.4 100873 115593
threshold=1.0000000180025095e-35 0 1.3647524245143778 1.0004068398063317 1.0000000180025095e-35 1.0000000180025095e-35 1.0000000180025095e-35 1.0000000180025095e-35 0.97358451522553902 7.1567221911819283 1.1807223977627761 59.500000000000007 0.94592306406186222 1
decision_type=2 1 2 2 2 2 2 2 2 2 2 2 2 1
left_child=2 9 3 4 7 8 -7 -1 -6 -2 11 12 13 -5
right_child=1 -3 -4 10 5 6 -8 -9 -10 -11 -12 -13 -14 -15
leaf_value=-0.000486894096236819 0.00080909561865068734 -0.010725546949438242 0.0090484376984353316 -0.0012500938257244524 -0.002587150820315623 0.00029691088982101467 -0.0052541171532467981 0.00015816743796129694 -0.00060873660766175665 -0.0017586767372753604 -0.00052493607801421373 0.00076314942495198524 -9.1524125629803923e-05 0.0010606929074011952
leaf_weight=5982539.5683646202 437551.19228076935 333366.45636773109 329191.31011009216 752855.16910171509 1049399.4508404732 3275355.2372949123 272140.93723726273 13701510.411273241 3523001.5550310612 423659.00820922852 2191582.6999971867 6489049.38205266 12164666.955890417 3788713.4770550728
leaf_count=36635 7208 3428 3120 12327 5443 31932 3131 96439 17997 2136 13641 50425 69934 25476
internal_value=-0.000308809 -0.0138858 -5.76515e-06 -0.000141649 -0.00170752 -0.00480038 -5.49831e-05 -0.000431677 -0.00848208 -0.00633416 0.00157331 0.0020973 0.000769254 0.0052203
internal_weight=5.47146e+07 1.19458e+06 5.352e+07 5.31908e+07 2.78039e+07 8.1199e+06 3.5475e+06 1.9684e+07 4.5724e+06 861210 2.53869e+07 2.31953e+07 1.67062e+07 4.54157e+06
internal_count=379272 12772 366500 363380 191577 58503 35063 133074 23440 9344 171803 158162 107737 37803
cat_boundaries=0 1 2
cat_threshold=268435584 369098752
is_linear=0
shrinkage=0.035


Tree=70
num_leaves=15
num_cat=3
split_feature=29 0 12 28 1 1 0 14 11 14 27 9 1 0
split_gain=182030 143915 125428 106285 283069 210561 166021 143994 121700 108602 126277 129818 114585 100775
threshold=1.0000000180025095e-35 0 1.5503488783755612 59.500000000000007 19.500000000000004 18.500000000000004 1 0.94592306406186222 1.0875905739313392 1.1228774058946247 59.500000000000007 0.98488241475603755 6.5000000000000009 2
decision_type=2 1 2 2 2 2 1 2 2 2 2 2 2 1
left_child=2 -2 3 5 6 9 -5 -7 -8 10 11 -1 -12 -14
right_child=1 -3 -4 4 -6 7 8 -9 -10 -11 12 -13 13 -15
leaf_value=-0.00062017399010811497 -0.00082342697441924889 -0.010350152806207902 0.011752747063103487 -8.2889965997256685e-05 -0.001811304055631462 0.002596074483204704 0.00072211421665771872 0.00022385677270522983 0.0057464458191537077 -0.00070094418502265996 0.0016622871758227482 0.00021788119797636494 -0.0021873010918882847 -0.00046912354803860506
leaf_weight=4763552.7755634785 861210.20048999786 333366.45636773109 210418.50707626343 5987211.225561142 1670531.0444517136 1624689.2354359627 7741944.3861608505 4224960.9767262936 449857.95394873619 4001345.1027848721 431266.41640591621 13960343.243481874 1476776.3875675201 6977108.8990840912
leaf_count=33313 9344 3428 2073 32440 23937 21293 59836 38901 4476 8022 13857 76279 18540 33533
internal_value=-0.000316508 -0.0138291 -1.4902e-05 -0.000121355 0.00228122 -0.0011379 0.00388672 0.004962 0.00712451 -0.00226671 -0.00148571 0.000144852 -0.00492184 -0.00581957
internal_weight=5.47146e+07 1.19458e+06 5.352e+07 5.33096e+07 1.58495e+07 3.746e+07 1.4179e+07 5.84965e+06 8.1918e+06 3.16104e+07 2.7609e+07 1.87239e+07 8.88515e+06 8.45389e+06
internal_count=379272 12772 366500 364427 120689 243738 96752 60194 64312 183544 175522 109592 65930 52073
cat_boundaries=0 1 3 4
cat_threshold=268435584 6144 262144 369098752
is_linear=0
shrinkage=0.035


Tree=71
num_leaves=15
num_cat=3
split_feature=29 0 12 14 27 0 27 0 31 5 6 6 14 18
split_gain=176498 145747 122468 134530 155324 111431 102346 94325.1 143392 92150.4 85809.5 82900.6 78845.3 173554
threshold=1.0000000180025095e-35 0 1.0612985481921597 1.1228774058946247 59.500000000000007 1 6.5000000000000009 2 1.0000000180025095e-35 5.5000000000000009 7.3299675310277541 7.1567221911819283 0.94592306406186222 1.0000000180025095e-35
decision_type=2 1 2 2 2 1 2 1 2 2 2 2 2 2
left_child=2 11 3 4 6 9 -1 10 -9 -5 -6 -2 13 -8
right_child=1 -3 -4 5 7 -7 12 8 -10 -11 -12 -13 -14 -15
leaf_value=-0.00021272787313083785 0.0008095972161025869 -0.0099878974579906254 0.00109585122237964 -0.0017570094354042935 0.0010724367417634423 -0.0006741415440650317 0.0013859212843656179 -0.0013062488864067985 0.0035531129256869604 0.00048414536494329429 -0.00023543994630952718 -0.0016683031073660476 0.00026672680425736823 -0.0049821250765189227
leaf_weight=7074967.8285741806 437551.19228076935 333366.45636773109 3586026.5836026669 440860.38867545128 1491052.8814089298 6644817.9672620296 3004533.8124833107 4501844.1029970646 527711.13125801086 2922050.3068394661 5869278.4444580078 423659.00820922852 17264791.240215063 192071.46647453308
leaf_count=47864 7208 3428 35366 617 19000 27960 22924 56531 4946 18734 20535 2136 109606 2417
internal_value=-0.000322821 -0.0136284 -2.58344e-05 -0.000474507 0.000435026 -0.00410312 0.00189935 -0.00281942 -0.00651371 0.00108831 -0.000294978 -0.00602177 0.00315407 0.00820328
internal_weight=5.47146e+07 1.19458e+06 5.352e+07 4.9934e+07 3.99263e+07 1.00077e+07 2.75364e+07 1.23899e+07 5.02956e+06 3.36291e+06 7.36033e+06 861210 2.04614e+07 3.19661e+06
internal_count=379272 12772 366500 331134 283823 47311 182811 101012 61477 19351 39535 9344 134947 25341
cat_boundaries=0 1 2 3
cat_threshold=268435584 100665472 137216
is_linear=0
shrinkage=0.035


Tree=72
num_leaves=15
num_cat=1
split_feature=29 0 12 13 6 2 1 3 28 28 2 13 14 28
split_gain=171900 147601 120793 110560 86120.3 84768.6 160953 91074.1 80037.4 72369.4 61492.7 60569.6 58762.1 68479.1
threshold=1.0000000180025095e-35 0 1.5503488783755612 1.0004068398063317 7.263853660620085 3.5000000000000004 17.500000000000004 1.0000000180025095e-35 57.500000000000007 50.500000000000007 1.0000000180025095e-35 1.0352781564070572 1.1807223977627761 59.500000000000007
decision_type=2 1 2 2 2 2 2 2 2 2 2 2 2 2
left_child=2 8 3 4 -1 10 9 -8 -2 -7 -6 12 13 -5
right_child=1 -3 -4 11 5 6 7 -9 -10 -11 -12 -13 -14 -15
leaf_value=0.00017128119558161659 -0.0012914869694595924 -0.0096383210469609525 0.011303046123111577 3.3892380774901959e-05 -0.00050263926449870152 -0.00065124982205530719 -0.0024506955145228494 -0.00017083243137332914 0.0033589543645147009 0.00050533028582476849 2.957316622261289e-05 0.0012987320005268283 -0.00058013492631842154 0.00064962145177602367
leaf_weight=9919759.0374238491 652562.54210805893 333366.45636773109 210418.50707626343 15373429.783310413 4354346.0944213867 2807882.2322235107 1164761.1038818359 383992.56414794922 208647.65838193893 1166368.7653198242 8067131.108505249 2377274.3186395168 1969113.3084909916 5725529.3308079243
leaf_count=133287 5649 3428 2073 91994 14763 8715 3318 1490 3695 4319 26180 27138 11433 41790
internal_value=-0.000322351 -0.0134535 -2.92585e-05 -0.000133726 -0.00165688 -0.00310359 -0.00671119 -0.0162824 -0.00579864 -0.00298131 -0.00149953 0.00153422 0.00098604 0.0015257
internal_weight=5.47146e+07 1.19458e+06 5.352e+07 5.33096e+07 2.78642e+07 1.79445e+07 5.523e+06 1.54875e+06 861210 3.97425e+06 1.24215e+07 2.54453e+07 2.30681e+07 2.1099e+07
internal_count=379272 12772 366500 364427 192072 58785 17842 4808 9344 13034 40943 172355 145217 133784
cat_boundaries=0 1
cat_threshold=268435584
is_linear=0
shrinkage=0.035


Tree=73
num_leaves=15
num_cat=2
split_feature=29 0 12 2 18 15 6 14 28 0 35 27 28 27
split_gain=168735 147400 113534 98103.1 120695 97410.3 85215.9 139015 99278.8 95403.9 85088.7 81301.8 95972 76553.8
threshold=1.0000000180025095e-35 0 1.1475315754190885 1.0000000180025095e-35 1.0000000180025095e-35 1.0000000180025095e-35 8.0005268660031277 0.94592306406186222 25.500000000000004 1 25.500000000000004 40.500000000000007 59.500000000000007 59.500000000000007
decision_type=2 1 2 2 2 2 2 2 2 1 2 2 2 2
left_child=2 13 3 -1 6 -6 9 8 -8 10 -5 12 -12 -2
right_child=1 -3 -4 4 5 -7 7 -9 -10 -11 11 -13 -14 -15
leaf_value=-0.0004143484951467445 0.0034721319933227407 -0.0093009798103173193 0.0049574200998104877 0.0044001892544680392 -0.0053287794062235353 -0.00045691414848351487 0.0016020630810768552 -0.00033445191773599054 -0.00020271285685334524 0.00032354997916724231 -0.00053560147129574063 -0.0014380655090261547 0.0019618805546807228 -0.0012405558680491119
leaf_weight=8877602.3164713383 197406.97221660614 333366.45636773109 640953.10824084282 399803.39936733246 395374.09729003906 580609.60389590263 503215.47085571289 6724140.8023376465 425980.21917724609 28887222.589506388 2933885.5286722183 2302318.6970715523 848900.32136249542 663803.22827339172
leaf_count=53910 3507 3428 7458 3902 4625 5430 1195 12596 987 216018 25431 26126 8822 5837
internal_value=-0.000326757 -0.0133365 -3.63746e-05 -0.000213854 0.000463291 -0.0117075 0.000739374 -0.00260928 0.0100799 0.00146391 -0.00237246 -0.00340012 -0.000243936 -0.00568684
internal_weight=5.47146e+07 1.19458e+06 5.352e+07 5.28791e+07 4.40015e+07 975984 4.30255e+07 7.65334e+06 929196 3.53721e+07 6.48491e+06 6.0851e+06 3.78279e+06 861210
internal_count=379272 12772 366500 359042 305132 10055 295077 14778 2182 280299 64281 60379 34253 9344
cat_boundaries=0 1 3
cat_threshold=268435584 268435456 262144
is_linear=0
shrinkage=0.035


Tree=74
num_leaves=15
num_cat=4
split_feature=29 0 11 14 0 0 14 1 5 0 5 2 14 28
split_gain=163193 148857 110586 91350.9 159188 149719 99708.9 96204.3 116048 123261 95418.2 89948.7 80676 96804.7
threshold=1.0000000180025095e-35 0 1.0617669590340555 1.0038121718465678 1 2 0.90323770592447772 18.500000000000004 20.500000000000004 3 5.5000000000000009 4.5000000000000009 0.94592306406186222 20.500000000000004
decision_type=2 1 2 2 1 1 2 2 2 1 2 2 2 2
left_child=2 -2 3 4 6 10 -1 8 -6 -10 -5 -7 13 -11
right_child=1 -3 -4 5 7 11 -8 -9 9 12 -12 -13 -14 -15
leaf_value=0.0014482331234348771 -0.00073240857671436283 -0.0089754455169562142 0.0013647191873742369 -0.0016663098511417378 0.00015338624425156162 -0.00050875369051863763 0.00030971547800485202 0.00092659352797332822 -0.0023407545624532936 0.00066972097632066532 0.00052189970819661738 0.00024061457414353737 -0.0011938624369016912 -0.00074586924154286928
leaf_weight=1501476.9031744003 861210.20048999786 333366.45636773109 2980856.2656846046 419229.18582081795 9007665.358975172 14140616.286648273 4972237.1855678558 3175021.9830598831 888751.95182871819 2304534.173476696 6177414.0504639149 2781727.9893016815 2218743.3159880638 2951731.5042586327
leaf_count=6546 9344 3428 37824 995 61039 59263 18064 39606 8653 18282 55735 19908 16594 23991
internal_value=-0.000315338 -0.0131096 -2.97646e-05 -0.000416147 0.000972128 -0.00201109 0.0057581 -0.000535825 -0.00155971 -0.00452847 0.00246156 -0.00375461 -0.00306335 -0.000700968
internal_weight=5.47146e+07 1.19458e+06 5.352e+07 5.05391e+07 2.70202e+07 2.3519e+07 6.47371e+06 2.05464e+07 1.73714e+07 8.36376e+06 6.59664e+06 1.69223e+07 7.47501e+06 5.25627e+06
internal_count=379272 12772 366500 328676 192775 135901 24610 168165 128559 67520 56730 79171 58867 42273
cat_boundaries=0 1 2 3 4
cat_threshold=268435584 131072 100663426 67108864
is_linear=0
shrinkage=0.035


Tree=75
num_leaves=15
num_cat=2
split_feature=29 0 12 13 28 1 1 14 0 1 23 27 11 23
split_gain=159231 150912 110349 103712 91617.1 222852 199612 136935 113397 111610 101422 102385 90418.4 85218.8
threshold=1.0000000180025095e-35 0 1.5503488783755612 0.98175341264255012 59.500000000000007 19.500000000000004 17.500000000000004 0.94592306406186222 1 12.500000000000002 1.0000000180025095e-35 47.500000000000007 1.0617669590340555 1.0000000180025095e-35
decision_type=2 1 2 2 2 2 2 2 1 2 2 2 2 2
left_child=2 -2 3 13 6 8 9 -8 -6 -5 -11 -12 -10 -1
right_child=1 -3 -4 4 5 -7 7 -9 12 10 11 -13 -14 -15
leaf_value=-0.00018230158522129786 -0.00070677427652935819 -0.0086613049238627483 0.010723218841307823 -9.0940425397181602e-06 6.2956715160838805e-05 -0.0016240588127474627 0.0020728544153402299 0.0002187612062660082 0.00068021435159135591 -0.0008261805524863925 0.00042591051715541874 -0.0012108574667715386 0.0040261703882543704 -0.0013786425645684031
leaf_weight=4208482.0094742775 861210.20048999786 333366.45636773109 210418.50707626343 14325935.917146683 5148510.2244300842 1390258.6419112682 2020962.4901914597 5502035.6203165054 6544527.8956997395 7241502.511844635 2879017.5365066528 1123289.6189651489 664145.15124392509 2260920.0294420719
leaf_count=44733 9344 3428 2073 95090 27395 18991 20214 37370 47951 34674 11261 5306 6768 14674
internal_value=-0.000294427 -0.0129324 -1.23412e-05 -0.00011219 0.000461534 0.00286314 -0.000536147 0.00447529 0.00435784 -0.00201059 -0.00462071 -0.000149379 0.00719133 -0.0042661
internal_weight=5.47146e+07 1.19458e+06 5.352e+07 5.33096e+07 4.68402e+07 1.37474e+07 3.30927e+07 7.523e+06 1.23572e+07 2.55697e+07 1.12438e+07 4.00231e+06 7.20867e+06 6.4694e+06
internal_count=379272 12772 366500 364427 305020 101105 203915 57584 82114 146331 51241 16567 54719 59407
cat_boundaries=0 1 3
cat_threshold=268435584 6144 262144
is_linear=0
shrinkage=0.035


Tree=76
num_leaves=15
num_cat=2
split_feature=29 0 12 13 14 27 1 1 5 27 0 23 2 14
split_gain=155353 152177 107510 115664 98798.4 116544 105500 97886.9 96290.9 93894.9 90336.3 83696.1 97426.9 81253.6
threshold=1.0000000180025095e-35 0 1.0612985481921597 0.97911226621471037 1.1228774058946247 59.500000000000007 17.500000000000004 6.5000000000000009 23.500000000000004 8.5000000000000018 1 1.0000000180025095e-35 3.5000000000000004 0.94592306406186222
decision_type=2 1 2 2 2 2 2 2 2 2 1 2 2 2
left_child=2 -2 3 11 5 9 7 -7 -9 -5 -6 -1 -13 -8
right_child=1 -3 -4 4 10 6 13 8 -10 -11 -12 12 -14 -15
leaf_value=-0.00029622160137071819 -0.00068203717685083197 -0.0083581592515275509 0.0010182988282565288 -9.7812864981644068e-05 0.00024612300247553074 0.0013048872695171935 0.0014974734356882268 4.3921596477931529e-05 -0.00090577247276391103 0.00044317313221072034 -0.00053413956156482349 0.00034510461099980261 -0.0021903301086723839 -0.00014428410110351098
leaf_weight=3135594.3308002949 861210.20048999786 333366.45636773109 3586026.5836026669 8016623.7430298328 3049611.5365149975 518168.63152265549 1161936.3359923363 2575573.6459674835 5011793.2046585083 16837154.822194576 6155377.4588963985 426288.23859477043 1384469.5240957737 1661388.0983784199
leaf_count=34379 9344 3428 35366 50830 16892 15078 10884 15689 28576 107807 24703 4051 7331 14914
internal_value=-0.000301605 -0.0127848 -2.29753e-05 -0.000443357 0.000115197 0.000947099 -0.00206512 -0.00409465 -0.0050998 0.00227165 -0.00311866 -0.00552346 -0.0115146 0.0037615
internal_weight=5.47146e+07 1.19458e+06 5.352e+07 4.9934e+07 4.49876e+07 3.57826e+07 1.09289e+07 8.10554e+06 7.58737e+06 2.48538e+07 9.20499e+06 4.94635e+06 1.81076e+06 2.82332e+06
internal_count=379272 12772 366500 331134 285373 243778 85141 59343 44265 158637 41595 45761 11382 25798
cat_boundaries=0 1 2
cat_threshold=268435584 100665472
is_linear=0
shrinkage=0.035


Tree=77
num_leaves=15
num_cat=1
split_feature=29 0 12 13 21 2 17 1 1 2 6 13 14 28
split_gain=153848 152615 104330 98310.2 83526.6 98935.2 148209 134527 114960 86843.5 69808.7 53005.6 51698.2 58233.4
threshold=1.0000000180025095e-35 0 1.5503488783755612 1.0004068398063317 1.0000000180025095e-35 4.5000000000000009 1.0000000180025095e-35 17.500000000000004 19.500000000000004 1.0000000180025095e-35 7.1567221911819283 1.0343249088093798 1.1807223977627761 59.500000000000007
decision_type=2 1 2 2 2 2 2 2 2 2 2 2 2 2
left_child=2 10 3 4 9 7 -7 -6 -9 -1 -2 12 13 -5
right_child=1 -3 -4 11 5 6 -8 8 -10 -11 -12 -13 -14 -15
leaf_value=-0.00044007379150461437 0.00085285375023545535 -0.0080656236777240896 0.010312265722873073 2.9119431427065243e-05 -0.00039503662601001773 0.00038750960505031575 -0.0047969482399296296 -0.0024614165862350233 8.6284588866340458e-05 0.00015011712953473129 -0.0014470482982421201 0.0011736472218684339 -0.00054847707439939399 0.00060908564036712682
leaf_weight=5986473.0254530907 437551.19228076935 333366.45636773109 210418.50707626343 15289324.118829012 3305445.2079055309 2880198.3874924183 279479.7091755867 1286117.608795166 402405.24639177322 13724121.720710039 423659.00820922852 2535012.9122943878 1951139.7992489338 5669869.9108765125
leaf_count=36685 7208 3428 2073 91175 19227 26771 3175 4867 4694 96653 2136 28528 11324 41328
internal_value=-0.000294237 -0.0127168 -1.69603e-05 -0.000114048 -0.00155035 -0.00452976 0.000317196 -0.00759642 -0.0156337 -0.000317859 -0.00493304 0.00145879 0.000927416 0.0014347
internal_weight=5.47146e+07 1.19458e+06 5.352e+07 5.33096e+07 2.78642e+07 8.15365e+06 3.15968e+06 4.99397e+06 1.68852e+06 1.97106e+07 861210 2.54453e+07 2.29103e+07 2.09592e+07
internal_count=379272 12772 366500 364427 192072 58734 29946 28788 9561 133338 9344 172355 143827 132503
cat_boundaries=0 1
cat_threshold=268435584
is_linear=0
shrinkage=0.035


Tree=78
num_leaves=15
num_cat=3
split_feature=11 14 0 28 0 1 17 28 28 5 0 27 35 6
split_gain=108516 128004 172985 97750.7 159744 105468 92627.8 72529.4 84823.7 70281.2 68387.7 65963.2 86055 57799.5
threshold=1.0088758620090961 0.90323770592447772 0 57.500000000000007 1 18.500000000000004 1.0000000180025095e-35 25.500000000000004 2.5000000000000004 27.500000000000004 2 55.500000000000007 39.000000000000007 6.9806020154335
decision_type=2 2 1 2 1 2 2 2 2 2 1 2 2 2
left_child=1 2 7 6 -5 13 -2 8 -1 -3 -10 12 -11 -6
right_child=3 9 -4 4 5 -7 -8 -9 10 11 -12 -13 -14 -15
leaf_value=-0.0019365224927991251 0.00030078296482150956 -9.010811768382865e-05 -0.0013326208882256877 0.0024262500949312656 -0.0037963358597722066 -0.001815725707478404 -0.00049000761634120852 0.00020294570778471766 0.0019968412323808481 -0.0074151418764125147 0.0011598624945952517 -0.00094454490458740093 -0.00020354160205289675 0.00061289817285156624
leaf_weight=263653.50619506836 8426901.0701494217 17612272.048203945 981691.74848842621 2477258.8223512173 200553.576638937 629652.51369166374 4502576.7119693756 1723028.277050972 629001.07033038139 176362.42754626274 1377566.6241161823 4748458.1199765205 7968728.3205821514 2996877.973815918
leaf_count=2428 67882 99028 12083 33925 5320 5768 33969 10100 2358 1700 8332 33495 51011 11873
internal_value=-0.000303437 -0.00145106 0.00375464 0.0018136 0.00538686 0.000904423 7.12881e-05 0.00699059 0.0111 -0.00230002 0.0135523 -0.00426346 -0.00235201 0.0034828
internal_weight=5.47146e+07 3.54808e+07 4.97494e+06 1.92338e+07 6.30434e+06 3.82708e+06 1.29295e+07 3.99325e+06 2.27022e+06 3.05058e+07 2.00657e+06 1.28935e+07 8.14509e+06 3.19743e+06
internal_count=379272 220535 35301 158737 56886 22961 101851 23218 13118 185234 10690 86206 52711 17193
cat_boundaries=0 2 3 4
cat_threshold=137218 262144 369098882 131072
is_linear=0
shrinkage=0.035


Tree=79
num_leaves=15
num_cat=3
split_feature=29 0 9 13 14 0 20 0 5 14 2 27 18 27
split_gain=148155 154418 101251 90236.8 73067.4 145029 117008 120078 92671.6 92429.6 90094.8 81966 76189.4 73851.5
threshold=1.0000000180025095e-35 0 1.8201955231013425 1.0219043706793751 1.0038121718465678 1 1.0000000180025095e-35 2 5.5000000000000009 0.90323770592447772 4.5000000000000009 29.500000000000004 1.0000000180025095e-35 59.500000000000007
decision_type=2 1 2 2 2 1 2 1 2 2 2 2 2 2
left_child=2 -2 3 4 6 8 7 9 -6 -1 -7 -12 -8 -9
right_child=1 -3 -4 -5 5 10 12 13 -10 -11 11 -13 -14 -15
leaf_value=0.0013163689543610748 -0.00059836298142647434 -0.007728580513847871 0.012141886272491622 0.00062095972135670433 -0.0019610794698174091 -0.00051393209358946066 -0.00051965786352421391 0.00021561134800325541 0.00053837444949851284 0.00028789669588665895 -0.00047871503006138985 0.00099658110724272931 -0.0048569213030540889 -0.00039960120184743408
leaf_weight=1340585.9538197517 861210.20048999786 333366.45636773109 139535.32372045517 5822965.3268344402 424581.50354790688 13031468.455774307 482876.21645474434 11107533.780826807 5801202.4505381584 4586876.4794714451 1392813.6089835167 1301452.1544463634 362643.02317428589 7725471.8766565323
leaf_count=5557 9344 3428 1413 54570 1013 54634 4368 82703 52278 16146 8273 10700 4087 70758
internal_value=-0.000287523 -0.0124781 -1.5425e-05 -9.326e-05 -0.000596797 -0.00207849 0.000673431 0.00111064 0.00244289 0.00545519 -0.0038685 0.00195774 -0.0121298 -0.000256761
internal_weight=5.47146e+07 1.19458e+06 5.352e+07 5.33805e+07 4.75575e+07 2.19515e+07 2.5606e+07 2.47605e+07 6.22578e+06 5.92746e+06 1.57257e+07 2.69427e+06 845519 1.8833e+07
internal_count=379272 12772 366500 365087 310517 126898 183619 175164 53291 21703 73607 18973 8455 153461
cat_boundaries=0 1 2 3
cat_threshold=268435584 100663426 131072
is_linear=0
shrinkage=0.035


Tree=80
num_leaves=15
num_cat=1
split_feature=29 0 9 13 21 3 1 19 1 2 27 1 1 1
split_gain=144855 155019 98129.1 86746 79661.1 96632.1 169480 110877 93448.8 82098.5 65746.8 64165.6 53706.4 52927.9
threshold=1.0000000180025095e-35 0 1.8201955231013425 1.0004068398063317 1.0000000180025095e-35 1.0000000180025095e-35 17.500000000000004 1.0000000180025095e-35 18.500000000000004 1.0000000180025095e-35 59.500000000000007 18.500000000000004 9.5000000000000018 7.5000000000000009
decision_type=2 1 2 2 2 2 2 2 2 2 2 2 2 2
left_child=2 10 3 4 9 6 12 -7 -8 -1 -2 -9 -6 -12
right_child=1 -3 -4 -5 5 7 8 11 -10 -11 13 -13 -14 -15
leaf_value=-0.00041491556738666979 0.0034179319236280824 -0.0074580801958631969 0.011716920252954417 0.00017052729849611364 -0.00065566557686163359 0.00035116749930287747 -0.0030942690994571432 -0.0041007998267984496 -0.001057008419490485 0.00015247831648440143 0.0027835201376820492 0.0027123574790405918 0.00038982526735357933 -0.0013171866044529765
leaf_weight=5987440.477355957 197406.97221660614 333366.45636773109 139535.32372045517 25488771.904316664 1637164.9287846088 3093933.8112063408 727170.90811920166 410471.63988924026 869427.75514364243 13738391.903072596 60484.640682220459 81341.551578760147 1346355.9510612488 603318.58759117126
leaf_count=36692 3507 3428 1413 172734 8883 29484 2248 4438 5788 96796 1389 1430 6594 4448
internal_value=-0.000256847 -0.0123109 1.22035e-05 -6.44223e-05 -0.00141319 -0.00432036 -0.00768918 -1.73113e-05 -0.0168927 -0.000209718 -0.00446607 -0.0154538 -0.00276398 -0.00973977
internal_weight=5.47146e+07 1.19458e+06 5.352e+07 5.33805e+07 2.78917e+07 8.16587e+06 4.58012e+06 3.58575e+06 1.5966e+06 1.97258e+07 861210 491813 2.98352e+06 663803
internal_count=379272 12772 366500 365087 192353 58865 23513 35352 8036 133488 9344 5868 15477 5837
cat_boundaries=0 1
cat_threshold=268435584
is_linear=0
shrinkage=0.035


Tree=81
num_leaves=15
num_cat=4
split_feature=29 0 12 14 27 0 0 31 27 6 0 5 6 6
split_gain=142463 156372 95394.4 99765.4 131944 91149.8 86162.1 128247 86056.4 74086.9 72793.8 70467 66931.5 66005.3
threshold=1.0000000180025095e-35 0 1.0612985481921597 1.1228774058946247 59.500000000000007 1 2 1.0000000180025095e-35 8.5000000000000018 7.3299675310277541 3 5.5000000000000009 8.2449829682960445 6.7521798621251587
decision_type=2 1 2 2 2 1 1 2 2 2 1 2 2 2
left_child=2 -2 3 4 8 11 9 -8 12 -6 -10 -5 -1 -9
right_child=1 -3 -4 5 6 -7 7 13 10 -11 -12 -13 -14 -15
leaf_value=-4.1280914321076043e-05 -0.00054017308837478418 -0.0071970473890079828 0.00096021016866531779 -0.0015454251343198203 0.00099348868189587033 -0.0006037785905747186 -0.0012027380306007202 0.017415912369077694 0.00054106766525536794 -0.00019747261341784158 9.8476594464411694e-05 0.00045728102108441972 -0.000710425867238812 0.00088389403572490229
leaf_weight=8288722.6238155365 861210.20048999786 333366.45636773109 3586026.5836026669 440860.38867545128 1491052.8814089298 6644817.9672620296 4501844.1029970646 129084.07530403137 10039662.575425386 5869278.4444580078 8661706.4525222778 2922050.3068394661 546272.69598388672 398627.05595397949
leaf_count=57489 9344 3428 35366 617 19000 27960 56531 2792 68588 20535 55882 18734 852 2154
internal_value=-0.000262718 -0.0122168 4.10148e-06 -0.000391885 0.000391361 -0.00351668 -0.00260817 -0.00613898 0.00174099 -0.000195431 0.00308583 0.00117861 -0.0011057 0.0101848
internal_weight=5.47146e+07 1.19458e+06 5.352e+07 4.9934e+07 3.99263e+07 1.00077e+07 1.23899e+07 5.02956e+06 2.75364e+07 7.36033e+06 1.87014e+07 3.36291e+06 8.835e+06 527711
internal_count=379272 12772 366500 331134 283823 47311 101012 61477 182811 39535 124470 19351 58341 4946
cat_boundaries=0 1 2 3 4
cat_threshold=268435584 100665472 137216 100794498
is_linear=0
shrinkage=0.035


Tree=82
num_leaves=15
num_cat=3
split_feature=29 0 9 2 18 27 14 0 28 11 0 3 1 28
split_gain=139757 157601 96444.3 81146.8 119201 93842.7 76346.4 168122 144644 109028 81860.9 79123.6 73365.5 60769.8
threshold=1.0000000180025095e-35 0 1.8201955231013425 1.0000000180025095e-35 1.0000000180025095e-35 31.500000000000004 0.94592306406186222 1 25.500000000000004 1.0051286547494473 2 1.5000000000000002 18.500000000000004 34.500000000000007
decision_type=2 1 2 2 2 2 2 1 2 2 1 2 2 2
left_child=2 -2 3 -1 6 -6 7 -5 10 -8 11 -9 -10 -11
right_child=1 -3 -4 4 5 -7 9 8 12 13 -12 -13 -14 -15
leaf_value=-0.00036710138065916651 -0.00052126703028166862 -0.0069451507303927044 0.011273220688197725 -0.0016249623028711324 -8.51190381970951e-05 -0.0047596293442449446 -0.00017923095563968834 0.001932605055073796 -0.00027507375493696833 -4.0641051637820247e-05 0.00106005388082619 -0.00055946305860023833 0.0019086347637558309 0.00058383951581562302
leaf_weight=8940069.1804773808 861210.20048999786 333366.45636773109 139535.32372045517 750399.52327489853 506942.42215776443 505146.55107069016 19515124.975075483 858453.74702429771 2980996.2428035736 6570615.1317584515 3243432.8693845272 183342.65870642662 595450.11886048317 8730497.4099342823
leaf_count=54662 9344 3428 1413 8538 3957 6441 117183 3487 21675 41028 30395 1191 7199 69331
internal_value=-0.000247931 -0.0120879 1.63418e-05 -5.96234e-05 0.000552437 -0.0113215 0.000829159 0.00377977 0.00529061 9.92996e-05 0.00962771 0.0181632 9.39777e-05 0.00231122
internal_weight=5.47146e+07 1.19458e+06 5.352e+07 5.33805e+07 4.44404e+07 1.01209e+06 4.34283e+07 8.61208e+06 7.86168e+06 3.48162e+07 4.28523e+06 1.0418e+06 3.57645e+06 1.53011e+07
internal_count=379272 12772 366500 365087 310425 10398 300027 72485 63947 227542 35073 4678 28874 110359
cat_boundaries=0 1 2 3
cat_threshold=268435584 67108864 131072
is_linear=0
shrinkage=0.035


Tree=83
num_leaves=15
num_cat=1
split_feature=29 0 9 13 21 3 1 17 1 2 27 1 19 13
split_gain=137128 157746 93581.8 79231.2 75907.8 88774.7 164583 128157 90305.6 68879.1 59288 49000.9 48670.9 54105.9
threshold=1.0000000180025095e-35 0 1.8201955231013425 1.0004068398063317 1.0000000180025095e-35 1.0000000180025095e-35 17.500000000000004 1.0000000180025095e-35 18.500000000000004 1.0000000180025095e-35 59.500000000000007 10.500000000000002 1.0000000180025095e-35 1.0427781840185941
decision_type=2 1 2 2 2 2 2 2 2 2 2 2 2 2
left_child=2 10 3 4 9 6 11 -7 -8 -1 -2 -6 13 -5
right_child=1 -3 -4 12 5 7 8 -9 -10 -11 -12 -13 -14 -15
leaf_value=-0.00039001605039592357 0.0033354547104540752 -0.0067020704548289602 0.010878657964110805 0.00018411992245521966 -0.00057704984681580687 0.00027717524062017309 -0.0029913383286358625 -0.0042000236737958089 -0.0010025427985298845 0.00014493920665236009 -0.00097676933372661963 0.00053731191945602039 -0.0002513888886665664 0.0018075713172526194
leaf_weight=5987440.477355957 197406.97221660614 333366.45636773109 139535.32372045517 19360244.3729918 1908073.5274364948 3305100.0413281918 727170.90811920166 280646.96134614944 869427.75514364243 13738391.903072596 663803.22827339172 1075447.3524093628 4904350.161741972 1224177.3695828915
leaf_count=36692 3507 3428 1413 115836 10179 32162 2248 3190 5788 96796 5837 5298 42872 14026
internal_value=-0.000235821 -0.0119639 2.59545e-05 -4.88748e-05 -0.0013379 -0.00417575 -0.00740471 -5.13588e-05 -0.0164743 -0.000163119 -0.00405043 -0.00255119 0.00136167 0.00210821
internal_weight=5.47146e+07 1.19458e+06 5.352e+07 5.33805e+07 2.78917e+07 8.16587e+06 4.58012e+06 3.58575e+06 1.5966e+06 1.97258e+07 861210 2.98352e+06 2.54888e+07 2.05844e+07
internal_count=379272 12772 366500 365087 192353 58865 23513 35352 8036 133488 9344 15477 172734 129862
cat_boundaries=0 1
cat_threshold=268435584
is_linear=0
shrinkage=0.035


Tree=84
num_leaves=15
num_cat=2
split_feature=29 0 9 28 1 1 0 14 1 11 12 28 20 2
split_gain=134649 158165 89770.5 78366.5 250242 188319 142813 122835 114157 105242 101590 85933.6 91531.7 101814
threshold=1.0000000180025095e-35 0 1.8201955231013425 59.500000000000007 19.500000000000004 18.500000000000004 1 0.94592306406186222 11.500000000000002 1.0875905739313392 0.95401684184645652 23.500000000000004 1.0000000180025095e-35 5.5000000000000009
decision_type=2 1 2 2 2 2 1 2 2 2 2 2 2 2
left_child=2 -2 3 5 6 8 10 -7 -1 -8 -5 12 -10 -14
right_child=1 -3 -4 4 -6 7 9 -9 11 -11 -12 -13 13 -15
leaf_value=3.9636617965127791e-05 -0.00047478373835396667 -0.006467497988909947 0.010497904935366927 -0.0017382980705644006 -0.0016974924457142106 0.0023860509953769109 0.00064578731134435968 0.00023986381761989447 -6.1121113661537484e-05 0.0050746884531470207 0.00017625469935165537 -0.00075553356037518611 -0.0031518277492905162 0.0038159530884870362
leaf_weight=13530574.289321423 861210.20048999786 333366.45636773109 139535.32372045517 819836.82465314865 1673697.4475240707 1634776.2594342232 7744662.6019659042 4232576.4422032833 8556486.3880252838 455959.55718207359 5166875.5125246048 8968842.8226318359 520854.3284072876 75328.35665512085
leaf_count=99122 9344 3428 1413 4348 24004 21428 59871 39026 41339 4566 28009 39584 3412 378
internal_value=-0.00024638 -0.011868 1.30198e-05 -6.02699e-05 0.00200228 -0.000932196 0.00351226 0.00482707 -0.00199979 0.0065126 -0.000597634 -0.00381605 -0.00143018 -0.0146899
internal_weight=5.47146e+07 1.19458e+06 5.352e+07 5.33805e+07 1.5861e+07 3.75194e+07 1.41873e+07 5.86735e+06 3.16521e+07 8.20062e+06 5.98671e+06 1.81215e+07 9.15267e+06 596183
internal_count=379272 12772 366500 365087 120798 244289 96794 60454 183835 64437 32357 84713 45129 3790
cat_boundaries=0 1 3
cat_threshold=268435584 6144 262144
is_linear=0
shrinkage=0.035


Tree=85
num_leaves=15
num_cat=2
split_feature=29 0 9 13 28 1 1 14 1 17 1 0 11 14
split_gain=131739 158789 86024.2 74092.9 68419.3 178453 166837 103359 94955.6 108024 93569.2 76948.6 86432.6 68478.3
threshold=1.0000000180025095e-35 0 1.8201955231013425 0.9871557775354286 59.500000000000007 17.500000000000004 19.500000000000004 0.94592306406186222 11.500000000000002 1.0000000180025095e-35 6.5000000000000009 1 1.0902711569568475 0.94592306406186222
decision_type=2 1 2 2 2 2 2 2 2 2 2 1 2 2
left_child=2 -2 3 -1 5 8 10 -7 13 -10 -6 -12 -13 -5
right_child=1 -3 -4 4 6 7 -8 -9 9 -11 11 12 -14 -15
leaf_value=-0.00038887895141062384 -0.00045816630751157781 -0.0062411355592980966 0.010130478262629083 0.00057901820198280542 -0.0013371827880450287 0.0019200275776478386 -0.0014194812253481815 0.00024616792213592598 -0.0001878320201351204 -0.0009701005112263167 -0.0010393427495532259 0.00059823269537014067 0.003832998059523628 -0.00011377910910892859
leaf_weight=9781075.5553371906 861210.20048999786 333366.45636773109 139535.32372045517 3062638.7428517342 585428.33356952667 1887579.21991992 1255902.5694851875 5142883.7296442986 8391202.4450511932 3899325.6931648254 1014029.2514762878 9424367.6603298187 483695.9612159729 8452341.6684823036
leaf_count=81863 9344 3428 1413 27292 14743 18807 17294 34669 39532 17705 5459 52362 3782 51579
internal_value=-0.000258314 -0.0117537 -1.73341e-06 -7.34776e-05 0.000544138 -0.000347877 0.00269921 0.00455157 -0.00179483 -0.00393444 0.00402117 0.00475186 0.00569168 0.000488894
internal_weight=5.47146e+07 1.19458e+06 5.352e+07 5.33805e+07 4.35994e+07 3.0836e+07 1.27634e+07 7.03046e+06 2.38055e+07 1.22905e+07 1.15075e+07 1.09221e+07 9.90806e+06 1.1515e+07
internal_count=379272 12772 366500 365087 283224 189584 93640 53476 136108 57237 76346 61603 56144 78871
cat_boundaries=0 1 3
cat_threshold=268435584 0 262144
is_linear=0
shrinkage=0.035


Tree=86
num_leaves=15
num_cat=2
split_feature=29 0 12 14 28 1 1 1 14 0 27 28 20 11
split_gain=129708 158417 86246.3 88831.3 96635 161500 148814 106071 102785 102523 186185 92562.9 97606.1 81905.1
threshold=1.0000000180025095e-35 0 1.1062262025742085 1.1807223977627761 59.500000000000007 18.500000000000004 20.500000000000004 11.500000000000002 0.94592306406186222 1 38.500000000000007 23.500000000000004 1.0000000180025095e-35 1.0902711569568475
decision_type=2 1 2 2 2 2 2 2 2 1 2 2 2 2
left_child=2 -2 3 4 5 7 9 -1 -7 10 -6 12 -9 -11
right_child=1 -3 -4 -5 6 8 -8 11 -10 13 -12 -13 -14 -15
leaf_value=5.7197473271071423e-05 -0.00044213048674867148 -0.0060226958147226641 0.0022824044419834256 -0.00062051710616752042 0.0019935516386946632 0.0021789833282651353 -0.0022661022223749239 1.2838455559374347e-05 0.00024998212533537873 0.00053253900938551185 -0.0037653834326475837 -0.00071866668355025348 -0.0024582330686607761 0.0036670680841913773
leaf_weight=13013283.850236177 861210.20048999786 333366.45636773109 1172763.6426756382 4077970.6254155636 454549.06914281845 1610892.2504940033 703445.51638031006 7904185.2200832367 4037461.9960803986 10049385.126736164 692633.29967212677 8823991.6977329254 558694.63465118408 420749.2249481678
leaf_count=95343 9344 3428 13736 25402 2708 21039 13802 38812 37172 68537 4718 38054 3586 3591
internal_value=-0.000266765 -0.0116732 -1.21696e-05 -0.00022247 0.000196604 -0.000720204 0.00287159 -0.00173307 0.00471324 0.00381812 -0.00611494 -0.00352979 -0.000914604 0.00490646
internal_weight=5.47146e+07 1.19458e+06 5.352e+07 5.23472e+07 4.82693e+07 3.59485e+07 1.23208e+07 3.03002e+07 5.64835e+06 1.16173e+07 1.14718e+06 1.72869e+07 8.46288e+06 1.04701e+07
internal_count=379272 12772 366500 352764 327362 234006 93356 175795 58211 79554 7426 80452 42398 72128
cat_boundaries=0 1 3
cat_threshold=268435584 0 262144
is_linear=0
shrinkage=0.035


Tree=87
num_leaves=15
num_cat=4
split_feature=11 14 0 11 28 1 1 27 28 28 0 0 12 0
split_gain=87458.3 79263.8 171519 75677.3 87991.5 142805 82234.5 70529.6 70287.7 85126.9 73424.1 69220 62374.2 56031.2
threshold=1.0286735586646436 0.90323770592447772 0 0.98341427088287392 57.500000000000007 18.500000000000004 6.5000000000000009 45.500000000000007 25.500000000000004 2.5000000000000004 1 2 1.0631231334886821 3
decision_type=2 2 1 2 2 2 2 2 2 2 1 1 2 1
left_child=1 2 8 -3 -5 6 -6 11 9 -1 -11 -7 -2 -8
right_child=12 3 -4 4 5 7 13 -9 -10 10 -12 -13 -14 -15
leaf_value=-0.0017781811242370176 0.00028623159808306524 -0.00048466984366334173 -0.0011753647714328301 -0.00017890312074483384 -0.0012778278119977226 -0.0023265097737849771 -0.0014487478697115801 0.00018727740963888362 0.0001567713548615845 0.0018612780661062161 0.0010695340699036432 1.3044302379645304e-06 0.0032289648633097561 0.00077157736290533172
leaf_weight=298479.54629397392 8053858.5385651588 12149786.151769638 1340869.306385994 19384103.058645487 447073.09428691864 548934.98138237 470484.04920196533 636424.93633079529 1991206.374174118 701142.39326715469 1585584.5941717625 282371.66746973991 883553.19957518578 5940710.9195861816
leaf_count=2837 77818 86501 16490 99945 10346 3240 2516 5999 12033 2765 10076 4173 12376 32157
internal_value=-0.000255101 -0.0008734 0.00290656 -0.00143454 -0.000424714 0.00258464 0.00470514 -0.00732378 0.00613203 0.00993879 0.0122334 -0.0140368 0.00291181 0.00571721
internal_weight=5.47146e+07 4.57772e+07 5.91728e+06 3.98599e+07 2.77101e+07 8.326e+06 6.85827e+06 1.46773e+06 4.57641e+06 2.58521e+06 2.28673e+06 831307 8.93741e+06 6.41119e+06
internal_count=379272 289078 44201 244877 158376 58431 45019 13412 27711 15678 12841 7413 90194 34673
cat_boundaries=0 2 3 4 6
cat_threshold=137218 262144 131072 137216 0 262144
is_linear=0
shrinkage=0.035


Tree=88
num_leaves=15
num_cat=3
split_feature=29 0 6 14 0 18 0 27 28 20 28 14 3 28
split_gain=125814 160094 80070 96768.7 116564 81916 69099.4 108518 86656.9 68430.8 71597.3 122278 99576 94895.6
threshold=1.0000000180025095e-35 0 7.2716623472949458 1.0038121718465678 1 1.0000000180025095e-35 2 56.500000000000007 34.500000000000007 1.0000000180025095e-35 25.500000000000004 0.94592306406186222 1.5000000000000002 52.500000000000007
decision_type=2 1 2 2 1 2 1 2 2 2 2 2 2 2
left_child=2 -2 5 4 9 6 -1 8 -8 10 11 12 -4 -12
right_child=1 -3 3 -5 -6 -7 7 -9 -10 -11 13 -13 -14 -15
leaf_value=0.00093468473746807182 -0.00041271008972825624 -0.0058007539073249023 0.0018174994984356729 -0.00029066694234730487 -0.00015463854011574073 -0.0022397692649784025 -6.0810890981328188e-05 -0.0006009235138963808 0.0011846224493810755 -0.0017037045176851978 -0.00021714723431898484 0.00024902426881407558 -0.0020939219704334999 0.00078102125270581679
leaf_weight=5846699.7346453667 861210.20048999786 333366.45636773109 988803.39970397949 16819277.195648193 11473588.567428589 659076.68630647659 4252470.2431259155 4379648.6490347385 4035451.4572861195 172435.5066986084 1998223.876663208 1506124.0584106445 132754.02981567383 1255452.7494812012
leaf_count=73719 9344 3428 2810 50019 45609 9689 51993 65375 53561 549 5030 3873 525 3748
internal_value=-0.000252786 -0.0114867 -2.04072e-06 -0.00101351 0.000806355 0.00180987 0.00224151 0.00078886 0.00314374 0.00473575 0.00537294 0.00967006 0.0184193 0.00190255
internal_weight=5.47146e+07 1.19458e+06 5.352e+07 3.43467e+07 1.75274e+07 1.91733e+07 1.85143e+07 1.26676e+07 8.28792e+06 6.05379e+06 5.88136e+06 2.62768e+06 1.12156e+06 3.25368e+06
internal_count=379272 12772 366500 112163 62144 254337 244648 170929 105554 16535 15986 7208 3335 8778
cat_boundaries=0 1 2 3
cat_threshold=268435584 131072 137344
is_linear=0
shrinkage=0.035


Tree=89
num_leaves=15
num_cat=1
split_feature=29 0 9 13 21 17 2 1 1 2 2 3 1 3
split_gain=123471 160214 79602 70172.9 57067.8 108790 133653 133554 137906 71584.3 54726 53975.9 49487.1 72097
threshold=1.0000000180025095e-35 0 1.8201955231013425 1.0095590033597168 1.0000000180025095e-35 1.0000000180025095e-35 4.5000000000000009 17.500000000000004 19.500000000000004 1.0000000180025095e-35 4.5000000000000009 1.5000000000000002 10.500000000000002 1.5000000000000002
decision_type=2 1 2 2 2 2 2 2 2 2 2 2 2 2
left_child=2 10 3 4 9 6 7 12 11 -1 -2 -9 -6 -14
right_child=1 -3 -4 -5 5 -7 -8 8 -10 -11 -12 -13 13 -15
leaf_value=-0.00032653776758946243 -0.0010366212145366841 -0.0055977275205685295 0.0096500890376704819 0.00029785700576100686 -0.00054869823865373384 -0.0040874486728317604 0.00039348932700241848 -0.0023316497443892814 0.00024635547458012072 0.00010833138432317827 0.0014219248776869626 0.0025374808548755262 0.00056474817487030488 -0.0030040694453871515
leaf_weight=7757549.471861124 561463.70898985863 333366.45636773109 139535.32372045517 13671132.93975687 2544245.2392010689 327556.38463878632 3590906.8756630421 1280621.063243866 553217.76217579842 21461723.75935483 299746.49150013924 67398.921703338623 1832577.1372795105 293541.27565002441
leaf_count=46142 4461 3428 1413 105208 15570 3666 32941 4540 6195 139276 4883 688 8541 2320
internal_value=-0.000251903 -0.0113807 -3.50384e-06 -7.2518e-05 -0.000817109 -0.00303154 -0.00239162 -0.00535867 -0.0131789 -2.21004e-05 -0.00340557 -0.0192175 -0.00217516 0.001766
internal_weight=5.47146e+07 1.19458e+06 5.352e+07 5.33805e+07 3.97093e+07 1.04901e+07 1.01625e+07 6.5716e+06 1.90124e+06 2.92193e+07 861210 1.34802e+06 4.67036e+06 2.12612e+06
internal_count=379272 12772 366500 365087 259879 74461 70795 37854 11423 185418 9344 5228 26431 10861
cat_boundaries=0 1
cat_threshold=268435584
is_linear=0
shrinkage=0.035


Tree=90
num_leaves=15
num_cat=0
split_feature=29 12 14 27 2 28 1 1 5 2 14 5 27 6
split_gain=118450 79176.2 88467.9 86726.2 76274.6 96241.4 71066.6 80917.8 98266.2 70709.6 70623.5 96986.2 95322.7 71124.4
threshold=1.0000000180025095e-35 1.0612985481921597 1.1807223977627761 59.500000000000007 5.5000000000000009 22.500000000000004 6.5000000000000009 17.500000000000004 19.500000000000004 3.5000000000000004 1.0429066411824164 3.5000000000000004 8.5000000000000018 7.955205314333587
decision_type=2 2 2 2 2 2 2 2 2 2 2 2 2 2
left_child=1 2 3 10 6 -6 -5 8 -8 -9 12 -12 -1 -13
right_child=-2 -3 -4 4 5 -7 7 9 -10 -11 11 13 -14 -15
leaf_value=-0.0001414636398498013 -0.0016913930775875627 0.00087026453399253968 -0.00065614617204082313 0.0010886323124258087 -0.0015632813241618754 0.0021654563505392344 3.4372564776015664e-05 0.00053670434425177242 -0.0009354393102941306 -0.0011050864519868049 -0.0012913478811331116 0.00016044324174916693 0.00045061069501383739 -0.00037074271736305017
leaf_weight=7252848.3274140358 1194576.656857729 3586026.5836026669 3669778.9950525761 542872.92493891716 302905.66348338127 849928.67680120468 2261555.9912910461 2337776.8653297424 5620322.6355552673 897535.58756256104 693609.07179737091 7759845.5356748104 14708109.454711199 3036889.8410339355
leaf_count=51068 12772 35366 22432 15509 4338 12099 12716 19243 30983 8872 1071 47745 100233 4825
internal_value=-0.000238129 5.16694e-06 -0.000355591 5.93252e-05 -0.00238919 0.00619896 -0.00323831 -0.00384213 -0.00575521 0.000818552 0.000997185 -0.0012261 0.00216045 -0.000411075
internal_weight=5.47146e+07 5.352e+07 4.9934e+07 4.62642e+07 1.28129e+07 1.15283e+06 1.16601e+07 1.11172e+07 7.88188e+06 3.23531e+06 3.34513e+07 1.14903e+07 2.1961e+07 1.07967e+07
internal_count=379272 366500 331134 308702 103760 16437 87323 71814 43699 28115 204942 53641 151301 52570
is_linear=0
shrinkage=0.035


Tree=91
num_leaves=15
num_cat=1
split_feature=29 0 12 13 19 21 27 28 5 6 6 1 1 14
split_gain=109841 165676 77768.9 68754.8 68923.8 95521.3 79358.7 80713.1 77840.5 77116.9 76439.8 63996.2 60613.9 69088.2
threshold=1.0000000180025095e-35 0 1.3647524245143778 0.97911226621471037 1.0000000180025095e-35 1.0000000180025095e-35 47.500000000000007 14.500000000000002 12.500000000000002 7.2883240770096505 8.4911077780067021 18.500000000000004 17.500000000000004 0.94592306406186222
decision_type=2 1 2 2 2 2 2 2 2 2 2 2 2 2
left_child=2 -2 3 -1 6 -6 7 10 -8 -9 -5 -7 -10 -14
right_child=1 -3 -4 4 5 11 8 9 12 -11 -12 -13 13 -15
leaf_value=-0.00058281994261486631 -0.00033164071666018195 -0.0053426082996330653 0.0060866788055972312 0.00070451639382287641 -0.00015049006522933393 -0.0036189967121845134 0.00060397807540401216 0.00076870564817572789 -0.00047535647105863092 -4.492499124312305e-05 -0.0012991157998574491 0.0020013553155722673 0.0013050389665082889 -0.00025772476227884684
leaf_weight=5392693.6575245857 861210.20048999786 333366.45636773109 329191.31011009216 5894939.0164823532 11533989.975531816 510703.75020742416 2287855.752035141 5244391.4619135857 7741284.5433423519 11962977.743438721 146902.90563964844 106101.43528556824 875591.39845013618 1493383.2042872906
leaf_count=50837 9344 3428 3120 33422 86354 5635 16891 61108 51102 35722 158 1849 8133 12169
internal_value=-0.00023766 -0.0107343 -3.37233e-06 -0.000108333 0.000314335 -0.00196212 0.00109029 0.00229623 -0.00117111 0.00107425 0.00577646 -0.0153814 -0.00249036 0.00240854
internal_weight=5.47146e+07 1.19458e+06 5.352e+07 5.31908e+07 4.77981e+07 1.21508e+07 3.56473e+07 2.32492e+07 1.23981e+07 1.72074e+07 6.04184e+06 616805 1.01103e+07 2.36897e+06
internal_count=379272 12772 366500 363380 312543 93838 218705 130410 88295 96830 33580 7484 71404 20302
cat_boundaries=0 1
cat_threshold=268435584
is_linear=0
shrinkage=0.035


Tree=92
num_leaves=15
num_cat=3
split_feature=29 0 12 14 27 0 0 31 1 12 27 5 6 14
split_gain=106648 163437 74566.4 84194.2 109374 84543.2 75696.9 105468 74286.8 73003.7 71593.1 69393.2 66416.2 84963.2
threshold=1.0000000180025095e-35 0 1.0612985481921597 1.1228774058946247 59.500000000000007 1 2 1.0000000180025095e-35 20.500000000000004 0.99856957497856069 6.5000000000000009 13.500000000000002 7.3534844973442395 1.0123130853103539
decision_type=2 1 2 2 2 1 1 2 2 2 2 2 2 2
left_child=2 -2 3 4 10 9 -6 11 -7 -5 -1 -8 -12 -14
right_child=1 -3 -4 5 6 8 7 -9 -10 -11 12 -13 13 -15
leaf_value=-0.00017180652436006238 -0.00032003329157707726 -0.0051556170091459083 0.00083602690085420495 -0.00625375680467992 8.5805203222744537e-05 -0.0001445703025465968 0.0002178348903812254 0.0033781987873660129 -0.002337035747418306 -0.0010639460938967594 0.00078691221476816285 -0.0010417448911975494 0.000364116082205847 -0.00022176650027099388
leaf_weight=7074967.8285741806 861210.20048999786 333366.45636773109 3586026.5836026669 230480.75629663467 5263373.7809739113 8511657.0120801926 1248880.0966525078 527711.13125801086 498793.6196603775 766797.27473974228 7969972.2683794498 5349921.5512375832 7012131.0938110352 5479293.1569824219
leaf_count=47864 9344 3428 35366 1615 26569 36840 13809 4946 6189 2667 94902 55688 22273 17772
internal_value=-0.000240317 -0.0105832 -9.46033e-06 -0.000359559 0.000359972 -0.00323016 -0.00237098 -0.00472206 -0.00215992 -0.0128996 0.00158876 -0.00592614 0.00263817 0.00104537
internal_weight=5.47146e+07 1.19458e+06 5.352e+07 4.9934e+07 3.99263e+07 1.00077e+07 1.23899e+07 7.12651e+06 9.01045e+06 997278 2.75364e+07 6.5988e+06 2.04614e+07 1.24914e+07
internal_count=379272 12772 366500 331134 283823 47311 101012 74443 43029 4282 182811 69497 134947 40045
cat_boundaries=0 1 3 4
cat_threshold=268435584 0 262144 133120
is_linear=0
shrinkage=0.035


Tree=93
num_leaves=15
num_cat=2
split_feature=29 0 9 2 18 27 6 14 0 28 35 6 28 6
split_gain=100808 155521 74044.6 62337.1 101947 90617.2 70924.4 97058.5 90723 76891.8 63371.3 65921.9 61660.8 59212.2
threshold=1.0000000180025095e-35 0 1.8201955231013425 1.0000000180025095e-35 1.0000000180025095e-35 31.500000000000004 8.0005268660031277 0.94592306406186222 1 27.500000000000004 25.500000000000004 7.4029063953683929 57.500000000000007 6.2682087700536888
decision_type=2 1 2 2 2 2 2 2 1 2 2 2 2 2
left_child=2 -2 3 -1 6 -6 8 9 -5 -8 -10 12 13 -12
right_child=1 -3 -4 4 5 -7 7 -9 10 -11 11 -13 -14 -15
leaf_value=-0.00030571882647856865 -0.00030883212637188121 -0.004975170413825801 0.0090395819629364785 0.00035562609853373624 -9.6606453908603957e-06 -0.0043210725818610112 0.0011917655884375296 -0.00028387387695053592 0.0041772102240134742 -0.00028845750148042787 0.0011377570361589893 -0.00076356070418786919 0.00073089653194329397 -0.00043826292198901413
leaf_weight=8940069.1804773808 861210.20048999786 333366.45636773109 139535.32372045517 21835462.889779329 506942.42215776443 505146.55107069016 574989.94390869141 6724140.8023376465 401009.0443572998 354205.74612426758 1121276.2696805 2975213.3495178223 3362551.2370548248 6079463.3940620422
leaf_count=54662 9344 3428 1413 151005 3957 6441 1362 12596 3925 820 33371 10647 42025 44276
internal_value=-0.000230789 -0.0102865 -6.34159e-06 -7.29031e-05 0.00046355 -0.0105174 0.000719462 -0.00233858 0.00137367 0.00826425 -0.000832275 -0.00123843 5.77311e-05 -0.00176961
internal_weight=5.47146e+07 1.19458e+06 5.352e+07 5.33805e+07 4.44404e+07 1.01209e+06 4.34283e+07 7.65334e+06 3.5775e+07 929196 1.39395e+07 1.35385e+07 1.05633e+07 7.20074e+06
internal_count=379272 12772 366500 365087 310425 10398 300027 14778 285249 2182 134244 130319 119672 77647
cat_boundaries=0 1 2
cat_threshold=268435584 33691776
is_linear=0
shrinkage=0.035


Tree=94
num_leaves=15
num_cat=2
split_feature=29 0 12 13 19 21 27 28 6 28 1 27 28 0
split_gain=96635.3 152005 71871.9 64579.4 60716.6 89857.2 71906.7 73586.8 70204.9 69806.8 89037.3 96540.4 85811.7 83114.8
threshold=1.0000000180025095e-35 0 1.3647524245143778 0.97911226621471037 1.0000000180025095e-35 1.0000000180025095e-35 47.500000000000007 14.500000000000002 8.4911077780067021 33.500000000000007 17.500000000000004 10.500000000000002 46.500000000000007 1
decision_type=2 1 2 2 2 2 2 2 2 2 2 2 2 1
left_child=2 -2 3 -1 6 -6 7 8 -5 13 11 -11 -12 -9
right_child=1 -3 -4 4 5 -7 -8 9 -10 10 12 -13 -14 -15
leaf_value=-0.0005639676371749832 -0.00029802300194886491 -0.0048010394493418988 0.0056328623594405058 0.00067440562606091827 -0.00014125996566707251 -0.0027450995565802901 -0.00013507370403741909 0.00010253601322392995 -0.0012441330212724902 -3.4081831420860125e-05 0.00069163443983806311 0.00082486296615732558 -0.00097839256207306845 -0.00092244489211460736
leaf_weight=5392693.6575245857 861210.20048999786 333366.45636773109 329191.31011009216 5894939.0164823532 11533989.975531816 616805.1854929924 12398114.89811492 3536111.3757231236 146902.90563964844 3432643.7230722904 891999.36609721184 5370095.7376797199 1708419.1067786217 2268099.896001339
leaf_count=50837 9344 3428 3120 33422 86354 7484 88295 16729 158 15218 4738 32122 14120 13903
internal_value=-0.000238179 -0.0100836 -1.84255e-05 -0.000119328 0.000290305 -0.00184632 0.0010186 0.00216652 0.00548956 0.000999732 0.00259018 0.00427112 -0.00310003 -0.00212491
internal_weight=5.47146e+07 1.19458e+06 5.352e+07 5.31908e+07 4.77981e+07 1.21508e+07 3.56473e+07 2.32492e+07 6.04184e+06 1.72074e+07 1.14032e+07 8.80274e+06 2.60042e+06 5.80421e+06
internal_count=379272 12772 366500 363380 312543 93838 218705 130410 33580 96830 66198 47340 18858 30632
cat_boundaries=0 1 2
cat_threshold=268435584 33689730
is_linear=0
shrinkage=0.035


Tree=95
num_leaves=15
num_cat=3
split_feature=29 0 12 14 27 0 0 31 1 27 12 1 28 1
split_gain=93212.8 146050 71594.6 95866.8 122817 85291 78784 88459.8 65137.1 64755.7 63547 58947.9 56571.5 71880.1
threshold=1.0000000180025095e-35 0 1.038248653223538 1.1228774058946247 59.500000000000007 1 2 1.0000000180025095e-35 6.5000000000000009 6.5000000000000009 0.99856957497856069 20.500000000000004 59.500000000000007 8.5000000000000018
decision_type=2 1 2 2 2 1 1 2 2 2 2 2 2 2
left_child=2 -2 3 4 9 10 -6 8 -8 -1 -5 12 -7 -14
right_child=1 -3 -4 5 6 11 7 -9 -10 -11 -12 -13 13 -15
leaf_value=-0.00016409605317454414 -0.0002875921968806571 -0.0046330030686149342 0.00050318534946285358 -0.0060034100252319145 4.7444301540761539e-05 -0.0004095292841739983 0.0013949848298404548 0.0031201522927173891 -0.001026110911748947 0.00029828189774435429 -0.0011337073136850871 -0.0022679416080904468 0.0012308240161088674 -0.00016992574733157799
leaf_weight=6937344.6950376034 861210.20048999786 333366.45636773109 6944926.4916231632 230480.75629663467 4661996.3531017303 3886909.1285030842 281077.95272159576 426242.362616539 5211946.7706787586 20168561.671106577 710106.56897497177 450409.17089080811 831128.60504794121 2778875.6276493073
leaf_count=46353 9344 3428 61549 1615 23996 7906 10759 4180 48349 131176 2349 5034 8420 14814
internal_value=-0.000236319 -0.00990581 -2.04919e-05 -0.000514811 0.000256321 -0.00378462 -0.00294157 -0.00562178 -0.00681366 0.00150467 -0.0137507 -0.00260506 -0.00186621 0.00128861
internal_weight=5.47146e+07 1.19458e+06 5.352e+07 4.65751e+07 3.76872e+07 8.88791e+06 1.05813e+07 5.91927e+06 5.49302e+06 2.71059e+07 940587 7.94732e+06 7.49691e+06 3.61e+06
internal_count=379272 12772 366500 304951 264813 40138 87284 63288 59108 177529 3964 36174 31140 23234
cat_boundaries=0 1 3 4
cat_threshold=268435584 0 262144 133120
is_linear=0
shrinkage=0.035


Tree=96
num_leaves=15
num_cat=3
split_feature=29 0 6 13 14 0 18 20 0 27 1 2 1 21
split_gain=89293.6 141870 68540 83997.6 76441.7 74863.4 70716.6 67453.2 65511.6 81812.2 63515 80401.1 62308.6 66847.5
threshold=1.0000000180025095e-35 0 7.2716623472949458 0.97545879861083784 1.0038121718465678 1 1.0000000180025095e-35 1.0000000180025095e-35 2 56.500000000000007 17.500000000000004 3.5000000000000004 17.500000000000004 1.0000000180025095e-35
decision_type=2 1 2 2 2 1 2 2 1 2 2 2 2 2
left_child=2 -2 6 10 5 7 8 -5 -1 -10 -4 -12 -7 -14
right_child=1 -3 3 4 -6 12 -8 -9 9 -11 11 -13 13 -15
leaf_value=0.00097016326279571066 -0.00027752646998983297 -0.0044708479612134118 -0.00037448884643114476 0.00042851923368350216 -0.00021246820514706386 -0.00022943641222193624 -0.0019550306308331001 -0.0015231656952406044 0.00045792818065643992 -0.00046146076971031785 0.0010066674894903753 -0.002776565866629283 0.00095404957312244729 -0.0018917680056277037
leaf_weight=4945648.2602336407 861210.20048999786 333366.45636773109 1349686.6987762451 5672065.6725463867 15793485.599853516 8602307.6120300293 659076.68630647659 153711.23628234863 8858450.4593806267 4710171.3644778728 155677.7996673584 670277.48162841797 1712635.8346252441 236811.44844055176
leaf_count=58913 9344 3428 5316 15265 46514 34446 9689 465 114771 70964 623 2092 6435 1007
internal_value=-0.000240209 -0.00970423 -2.89682e-05 -0.000964781 -0.000514668 0.00116072 0.00164742 0.00434538 0.00204847 0.000791517 -0.00762053 -0.015265 -0.000597582 0.00505218
internal_weight=5.47146e+07 1.19458e+06 5.352e+07 3.43467e+07 3.2171e+07 1.63775e+07 1.91733e+07 5.82578e+06 1.85143e+07 1.35686e+07 2.17564e+06 825955 1.05518e+07 1.94945e+06
internal_count=379272 12772 366500 112163 104132 57618 254337 15730 244648 185735 8031 2715 41888 7442
cat_boundaries=0 1 2 3
cat_threshold=268435584 131072 6272
is_linear=0
shrinkage=0.035


Tree=97
num_leaves=15
num_cat=1
split_feature=29 0 9 13 8 14 12 27 3 28 1 1 5 6
split_gain=85804.5 135964 67756.1 60477.9 57411.1 66814 79375.9 58324.7 69845 70930.1 63958 81764.8 65959.1 61425.8
threshold=1.0000000180025095e-35 0 1.8201955231013425 1.0254239044114444 0.99886743590106886 1.1228774058946247 0.96479881010771329 59.500000000000007 1.5000000000000002 22.500000000000004 6.5000000000000009 16.500000000000004 19.500000000000004 7.2558154400649135
decision_type=2 1 2 2 2 2 2 2 2 2 2 2 2 2
left_child=2 -2 3 4 -1 7 -7 13 10 -10 -9 12 -12 -6
right_child=1 -3 -4 -5 5 6 -8 8 9 -11 11 -13 -14 -15
leaf_value=0.00035091449922919202 -0.00026781304354019038 -0.0043143682825709413 0.0084830321854222641 0.00061898655813636175 0.00056057154572944595 -0.00548492826384401 -0.00033101449395220615 0.0011238735650566892 -0.001122268105725966 0.0023470321922669565 -5.3160309661543728e-05 8.986797049833618e-05 -0.00096855031152537038 -4.0923881468447822e-05
leaf_weight=6322926.3677670956 861210.20048999786 333366.45636773109 139535.32372045517 4563795.222710371 7416621.0832982063 224162.73031210899 8450763.2598977089 431329.94054889679 241703.66169118881 638003.80249929428 1814823.8045797348 3231890.2812020779 4339221.9185905457 15705228.75743103
leaf_count=46867 9344 3428 1413 45161 95804 2136 38080 11740 3299 9105 11090 24326 25420 52059
internal_value=-0.000221858 -0.00949914 -1.47858e-05 -7.84581e-05 -0.000438667 -0.000901665 -0.00364188 -0.000198765 -0.00233572 0.00711204 -0.00318233 -0.00378793 -0.00615526 0.000789866
internal_weight=5.47146e+07 1.19458e+06 5.352e+07 5.33805e+07 4.88167e+07 4.24937e+07 8.67493e+06 3.38188e+07 1.0697e+07 879707 9.81727e+06 9.38594e+06 6.15405e+06 2.31218e+07
internal_count=379272 12772 366500 365087 319926 273059 40216 232843 84980 12404 72576 60836 36510 147863
cat_boundaries=0 1
cat_threshold=268435584
is_linear=0
shrinkage=0.035


Tree=98
num_leaves=15
num_cat=4
split_feature=29 0 12 14 27 0 0 35 12 14 3 6 28 0
split_gain=81529.1 129880 68245 82942 110450 81015.4 71621.2 97226.8 62048.7 96519.6 89505.4 73495.9 61263.3 93472.7
threshold=1.0000000180025095e-35 0 1.038248653223538 1.1228774058946247 59.500000000000007 1 2 24.500000000000004 0.99277140886267723 0.94592306406186222 1.0000000180025095e-35 7.9858328128970753 59.500000000000007 3
decision_type=2 1 2 2 2 1 1 2 2 2 2 2 2 1
left_child=2 -2 3 4 8 -5 -6 -8 12 10 -10 -11 -1 -14
right_child=1 -3 -4 5 6 -7 7 -9 9 11 -12 -13 13 -15
leaf_value=-0.00030343796337999957 -0.00025843958701628417 -0.0041633653926809585 0.00048448523311802672 -0.001972400523164314 -5.1405997518915247e-05 -0.0002609588148970899 0.0040303596515306747 -0.0011905546715039557 0.0013967248788623013 0.00041963899175550108 -0.00053001218796970106 -0.00018189989101566946 -0.00061962513576631567 0.00067704457063302251
leaf_weight=7933337.6747832298 861210.20048999786 333366.45636773109 6944926.4916231632 940587.32527160645 6447436.6673102379 7947322.5320911407 326793.04340076447 3807033.7284076214 1943841.9670784473 9007674.4896907806 589405.19081068039 3199856.1089477539 1308535.0178117752 3123255.917021513
leaf_count=60774 9344 3428 61549 3964 35466 36174 3245 48573 12083 63984 7474 6223 5823 21168
internal_value=-0.000223425 -0.00926662 -2.15778e-05 -0.000504195 0.000213074 -0.00354561 -0.00281954 -0.00641567 0.00139691 0.00293061 0.00914774 0.00164046 -0.000431461 0.00286469
internal_weight=5.47146e+07 1.19458e+06 5.352e+07 4.65751e+07 3.76872e+07 8.88791e+06 1.05813e+07 4.13383e+06 2.71059e+07 1.47408e+07 2.53325e+06 1.22075e+07 1.23651e+07 4.43179e+06
internal_count=379272 12772 366500 304951 264813 40138 87284 51818 177529 89764 19557 70207 87765 26991
cat_boundaries=0 1 3 4 5
cat_threshold=268435584 0 262144 137216 6144
is_linear=0
shrinkage=0.035


Tree=99
num_leaves=15
num_cat=1
split_feature=0 29 6 35 12 35 27 28 12 14 28 28 14 1
split_gain=78493.2 99014.3 91385.6 86072.8 84580.9 83694.9 73612.1 109724 90012.2 62665.8 70035 90081.8 102647 87743.4
threshold=0 1.0000000180025095e-35 7.263853660620085 26.500000000000004 1.3647524245143778 24.500000000000004 37.500000000000007 59.500000000000007 0.97614482546733594 0.87774408927532799 57.500000000000007 23.500000000000004 0.91445908622183281 17.500000000000004
decision_type=1 2 2 2 2 2 2 2 2 2 2 2 2 2
left_child=1 5 4 -4 -2 -1 7 -7 -8 -5 11 12 -11 -12
right_child=2 -3 3 9 -6 6 8 -9 -10 10 13 -13 -14 -15
leaf_value=0.0037816812099178677 0.0003605420896869201 -0.0056264155505773824 -0.0016128229116211124 0.0012596920066041521 0.0075433072682612838 -0.00055019036002888614 -0.0054865748652466965 0.0018476393000267752 -0.00083274371620834235 0.0008778743067403027 0.00041880816824344425 -0.00038884967236386237 -0.00010394217142457483 -0.00040718707972231907
leaf_weight=470116.24115133286 14505331.085479259 210594.50654435158 477571.48188781738 644308.13684082031 263974.3000793457 3684217.0124151707 432602.89554166794 959444.41370630264 2665707.5879395008 1957400.4187164307 7073790.7557220459 10469430.616821289 8625965.069732666 2274128.2885284424
leaf_count=4468 191403 3174 2134 2556 3034 30770 5368 10026 28906 7604 26259 29481 25989 8100
internal_value=-0.000216754 -0.0033246 0.000348711 -0.000715735 0.00262059 -0.00271689 -0.00358759 -0.000799865 -0.00776574 -0.000488895 -0.000717821 -0.00183722 0.000439872 0.00180323
internal_weight=5.47146e+07 8.42268e+06 4.62919e+07 3.15226e+07 1.47693e+07 8.21209e+06 7.74197e+06 4.64366e+06 3.09831e+06 3.1045e+07 3.04007e+07 2.10528e+07 1.05834e+07 9.34792e+06
internal_count=379272 82712 296560 102123 194437 79538 75070 40796 34274 99989 97433 63074 33593 34359
cat_boundaries=0 2
cat_threshold=268435456 262144
is_linear=0
shrinkage=0.035


Tree=100
num_leaves=15
num_cat=0
split_feature=29 12 14 28 1 1 1 14 28 27 2 1 20 2
split_gain=73025.4 62415.6 74027.2 64930.4 143024 135051 95323 93701.3 77490.9 85244.9 87235.1 90034 80289.7 84048.9
threshold=1.0000000180025095e-35 1.0836789748669984 1.1807223977627761 59.500000000000007 18.500000000000004 20.500000000000004 11.500000000000002 0.94592306406186222 23.500000000000004 19.500000000000004 5.5000000000000009 16.500000000000004 1.0000000180025095e-35 5.5000000000000009
decision_type=2 2 2 2 2 2 2 2 2 2 2 2 2 2
left_child=1 2 3 4 6 -5 -1 -6 12 -10 11 -11 -8 -14
right_child=-2 -3 -4 5 7 -7 8 -9 9 10 -12 -13 13 -15
leaf_value=6.9400081403870006e-05 -0.0012696051176940123 0.0012075699762523204 -0.00058295683821760517 0.00042498725693764145 0.00204620865817861 -0.0022245246629305094 -2.6279866475254644e-07 0.00024026017216694531 -0.00028861628050987623 -0.0021204327803569538 0.00072660508738572307 -0.00052517789812970065 -0.0025251164919181833 0.0042161370660212987
leaf_weight=12922293.770148754 1194576.656857729 1987470.2503142357 3942551.9526059628 11316341.057810307 1604661.2509827614 686309.04272079468 7836503.7253303528 4012744.0298192501 5091100.0367031097 2026982.4944763184 332576.02588844299 1208621.9104270935 491886.02764129639 59964.5793800354
leaf_count=94237 12772 21233 24392 76972 20965 13283 38298 36863 18302 11090 2380 4948 3226 311
internal_value=-0.000188836 2.19469e-06 -0.000232534 0.000149282 -0.00060152 0.00237537 -0.00156214 0.00452355 -0.00328068 -0.0056032 -0.00975124 -0.0115058 -0.000883153 -0.0137866
internal_weight=5.47146e+07 5.352e+07 5.15325e+07 4.759e+07 3.55873e+07 1.20027e+07 2.99699e+07 5.61741e+06 1.70476e+07 8.65928e+06 3.56818e+06 3.2356e+06 8.38835e+06 551851
internal_count=379272 366500 345267 320875 230620 90255 172792 57828 78555 36720 18418 16038 41835 3537
is_linear=0
shrinkage=0.035


Tree=101
num_leaves=15
num_cat=1
split_feature=0 29 6 35 12 35 27 9 28 6 1 14 28 28
split_gain=74401.4 96350.4 82989.6 80924.8 80596.3 77376.5 70613 74778.9 60442.8 59233.3 62882.5 57937.5 59878 85696.7
threshold=0 1.0000000180025095e-35 7.263853660620085 24.500000000000004 1.3647524245143778 26.500000000000004 51.500000000000007 0.96977929726418655 59.500000000000007 6.8180212626466581 9.5000000000000018 0.87774408927532799 53.500000000000007 25.500000000000004
decision_type=1 2 2 2 2 2 2 2 2 2 2 2 2 2
left_child=1 3 4 9 -2 -4 8 -8 -5 -1 -11 -7 13 -13
right_child=2 -3 5 6 -6 11 7 -9 -10 10 -12 12 -14 -15
leaf_value=0.016718093614561658 0.00034623759333061581 -0.0053850548271878818 -0.0015174550799315005 -0.00051825281640309636 0.0072533189553510942 0.001210403658326774 -0.0061212701313597059 -0.0010171081642098149 0.00098065693209319332 0.0053613266591131361 -0.0011193420106637097 3.483631947744518e-05 0.00017834133617096638 -0.00040538824278885409
leaf_weight=121029.2881102562 14505331.085479259 210594.50654435158 477571.48188781738 4168859.7460429668 263974.3000793457 644308.13684082031 282139.69963812828 1968769.5449090004 1322202.9190125465 98561.776840209961 250525.1762008667 11169989.328201294 9750403.4661865234 9480322.3551330566
leaf_count=2558 191403 3174 2134 34563 3034 2556 3294 23649 13564 435 1475 35390 35870 26173
internal_value=-0.00018889 -0.00321465 0.000361639 -0.00261516 0.00252664 -0.000652731 -0.00347134 -0.00869208 -0.00133122 0.0114842 0.00416867 -0.000437656 -0.000657776 -0.00172513
internal_weight=5.47146e+07 8.42268e+06 4.62919e+07 8.21209e+06 1.47693e+07 3.15226e+07 7.74197e+06 2.25091e+06 5.49106e+06 470116 349087 3.1045e+07 3.04007e+07 2.06503e+07
internal_count=379272 82712 296560 79538 194437 102123 75070 26943 48127 4468 1910 99989 97433 61563
cat_boundaries=0 2
cat_threshold=268435456 262144
is_linear=0
shrinkage=0.035


Tree=102
num_leaves=15
num_cat=0
split_feature=11 29 14 28 28 1 1 6 11 6 2 14 14 1
split_gain=66249.8 70353.6 71247.8 146093 144813 71356.6 97051.1 69099.1 68186.8 69605.1 60299 87269.1 48570.4 48130.1
threshold=1.0275224327180885 1.0000000180025095e-35 0.94592306406186222 25.500000000000004 2.5000000000000004 7.5000000000000009 16.500000000000004 8.101380303631279 0.98341427088287392 8.0005268660031277 4.5000000000000009 0.87774408927532799 0.98774795522931602 18.500000000000004
decision_type=2 2 2 2 2 2 2 2 2 2 2 2 2 2
left_child=1 2 3 4 -1 -5 10 13 -4 12 11 -7 -10 -6
right_child=-2 -3 8 5 7 6 -8 -9 9 -11 -12 -13 -14 -15
leaf_value=-0.0017111564503864936 0.00038385383607325053 -0.0013459407862103259 -0.00046563283021269661 0.0011812142902920726 0.00068829116160750846 0.0013166182249726563 0.00042947048175708989 0.0014641516465423064 -0.00062603175403444218 -0.0002560360697469837 0.00062578791140843163 -0.0015067558720605204 0.00015023729740483704 0.0026261643514013124
leaf_weight=719507.4207675457 9380790.4567570686 978191.78896951675 10148946.983714819 420612.48145985603 3333467.9605910778 214983.98467254639 1360773.2355854511 426855.02459716797 1650716.4735217094 5808287.3303222656 411397.11047935486 1815202.8924713135 17416091.556986094 628758.11021065712
leaf_count=8420 93140 9293 69826 6160 22739 1036 10295 940 12461 10623 4078 10297 113572 6392
internal_value=-0.00018359 -0.0007376 -0.000532842 0.00218476 0.00616641 -0.00263191 -0.0041451 0.00855231 -0.0012569 -0.000270477 -0.00831954 -0.0107955 0.000751383 0.00711087
internal_weight=5.47146e+07 4.53338e+07 4.43556e+07 9.33156e+06 5.10859e+06 4.22297e+06 3.80236e+06 4.38908e+06 3.5024e+07 2.48751e+07 2.44158e+06 2.03019e+06 1.90668e+07 3.96223e+06
internal_count=379272 286132 276839 70357 38491 31866 25706 30071 206482 136656 15411 11333 126033 29131
is_linear=0
shrinkage=0.035


Tree=103
num_leaves=15
num_cat=1
split_feature=0 29 35 6 12 27 28 12 35 6 6 13 18 11
split_gain=72510.4 94032.6 79332 75910.8 75760.9 67283.9 97926.8 85412.6 66322.8 58058.1 60535.2 53171.1 50831.1 43820.2
threshold=0 1.0000000180025095e-35 24.500000000000004 7.263853660620085 1.3647524245143778 37.500000000000007 59.500000000000007 0.97614482546733594 26.500000000000004 6.8180212626466581 7.3299675310277541 1.0095590033597168 1.0000000180025095e-35 1.008540220240141
decision_type=1 2 2 2 2 2 2 2 2 2 2 2 2 2
left_child=1 2 9 4 12 6 -4 -7 -5 -1 -11 -10 13 -2
right_child=3 -3 5 8 -6 7 -8 -9 11 10 -12 -13 -14 -15
leaf_value=0.016114819185672338 0.00012118076908904564 -0.005163922954105591 -0.00051800391062424263 -0.0014346848284971835 0.0069860179076512438 -0.0051589386316457453 0.0017343107279936593 -0.00077415644371637985 -0.00011292544823025263 -0.0018661139915996054 0.0035853928628097587 0.00024675403805552901 -0.0018572892657214564 0.00084648903614211303
leaf_weight=121029.2881102562 8035074.8545603752 210594.50654435158 3684217.0124151707 477571.48188781738 263974.3000793457 432602.89554166794 959444.41370630264 2665707.5879395008 23813067.903808594 189962.77030181885 159124.18273925781 7231955.3825531006 494715.84513378143 5975540.3857851028
leaf_count=2558 99491 3174 30770 2134 3034 5368 10026 28906 75812 1231 679 24177 6987 84925
internal_value=-0.00017294 -0.00316 -0.00256777 0.000370547 0.00244116 -0.00341547 -0.000750268 -0.00740999 -0.000599597 0.0113922 0.00414956 -0.000400476 0.00210298 0.00249232
internal_weight=5.47146e+07 8.42268e+06 8.21209e+06 4.62919e+07 1.47693e+07 7.74197e+06 4.64366e+06 3.09831e+06 3.15226e+07 470116 349087 3.1045e+07 1.45053e+07 1.40106e+07
internal_count=379272 82712 79538 296560 194437 75070 40796 34274 102123 4468 1910 99989 191403 184416
cat_boundaries=0 2
cat_threshold=268435456 262144
is_linear=0
shrinkage=0.035


Tree=104
num_leaves=15
num_cat=1
split_feature=0 29 31 6 27 9 6 12 35 6 14 13 18 14
split_gain=68147.8 91698.3 76422.1 76043 75866.9 79304.1 71308.2 71889.5 59785.2 59549.8 50857.2 49564.3 46478.9 44901.5
threshold=0 1.0000000180025095e-35 1.0000000180025095e-35 6.7521798621251587 51.500000000000007 0.96977929726418655 7.263853660620085 1.3647524245143778 26.500000000000004 7.3299675310277541 0.87774408927532799 1.0095590033597168 1.0000000180025095e-35 1.0429066411824164
decision_type=1 2 2 2 2 2 2 2 2 2 2 2 2 2
left_child=1 2 4 -4 13 -6 7 12 -8 -5 -10 -12 -2 -1
right_child=6 -3 3 9 5 -7 8 -9 10 -11 11 -13 -14 -15
leaf_value=0.00021593538114224686 0.00037396069613629049 -0.0049831856507118943 0.015691906258924967 -0.0018037693470724775 -0.0065103619749648494 -0.0010348738566045357 -0.0013844708594997824 0.0067415072808834483 0.001116496084378674 0.0029011325524450145 -0.00013022988517898419 0.00020756395185999584 -0.0017922841414212054 -0.00073112866276509795
leaf_weight=3314608.7588098049 14010615.240345478 210594.50654435158 145206.86606788635 253396.5068359375 249373.57854628563 1861948.9421482086 477571.48188781738 263974.3000793457 644308.13684082031 209319.4278717041 23315461.885620117 7085253.2639007568 494715.84513378143 2178234.0704741478
leaf_count=33231 184416 3174 3078 1675 2974 22727 2134 3034 2556 889 73866 23567 6987 14964
internal_value=-0.00016128 -0.00305708 -0.00247225 0.00946897 -0.00342692 -0.00906574 0.000365605 0.00237246 -0.000574669 0.00253431 -0.000385617 -0.000591849 0.00204304 -0.00125947
internal_weight=5.47146e+07 8.42268e+06 8.21209e+06 607923 7.60417e+06 2.11132e+06 4.62919e+07 1.47693e+07 3.15226e+07 462716 3.1045e+07 3.04007e+07 1.45053e+07 5.49284e+06
internal_count=379272 82712 79538 5642 73896 25701 296560 194437 102123 2564 99989 97433 191403 48195
cat_boundaries=0 2
cat_threshold=268435456 262144
is_linear=0
shrinkage=0.035


Tree=105
num_leaves=15
num_cat=1
split_feature=0 29 31 6 27 9 28 1 1 1 6 1 27 1
split_gain=65860.5 88089.7 74109.7 75357.4 72586.2 79452.8 68200.4 206575 116336 92508.7 97855.6 73104.3 72553.8 88716.9
threshold=0 1.0000000180025095e-35 1.0000000180025095e-35 6.7521798621251587 51.500000000000007 0.96442925570693194 57.500000000000007 19.500000000000004 18.500000000000004 6.5000000000000009 7.1474207516988306 11.500000000000002 59.500000000000007 16.500000000000004
decision_type=1 2 2 2 2 2 2 2 2 2 2 2 2 2
left_child=1 2 4 -4 -1 -6 8 9 11 -8 -11 -2 -13 -14
right_child=6 -3 3 -5 5 -7 7 -9 -10 10 -12 12 13 -15
leaf_value=-0.00018492228961921475 5.8759698499896552e-05 -0.0048087741529369782 0.015142689539862595 0.00052650053087481931 -0.0064289290047859094 -0.0010168609273381402 -0.0013089529746501893 -0.0014299720435090729 0.0006054742593927802 0.001982020072396562 0.00033630205855132944 -0.00016700589825014627 -0.0013696106440639333 -4.9851923596319392e-06
leaf_weight=5492842.8292839527 11516244.458953619 210594.50654435158 145206.86606788635 462715.9347076416 235555.94688105583 1875766.5738134384 629334.49819302559 1502372.2930214405 5102550.0089066029 2528939.7783412933 9417948.9927978516 11167519.775398254 2900380.739774704 1526609.6084213257
leaf_count=48195 79581 3174 3078 2564 2759 22942 17012 20172 47411 29810 35983 42238 17395 6958
internal_value=-0.00014822 -0.00299501 -0.00242181 0.00933736 -0.00336192 -0.00887747 0.000369747 0.00240185 -0.000518371 0.0038672 0.00455617 -0.00143087 -0.00299271 -0.00678443
internal_weight=5.47146e+07 8.42268e+06 8.21209e+06 607923 7.60417e+06 2.11132e+06 4.62919e+07 1.40786e+07 3.22133e+07 1.25762e+07 1.19469e+07 2.71108e+07 1.55945e+07 4.42699e+06
internal_count=379272 82712 79538 5642 73896 25701 296560 102977 193583 82805 65793 146172 66591 24353
cat_boundaries=0 2
cat_threshold=268435456 262144
is_linear=0
shrinkage=0.035


Tree=106
num_leaves=15
num_cat=4
split_feature=12 0 11 14 0 0 29 5 0 14 6 27 14 5
split_gain=64025 116307 65672 62245.4 92379.4 90127.9 68178.4 65137.7 96540.1 64675.4 62599 58624.2 80415.8 56516.2
threshold=0.95147315182213388 0 1.0617669590340555 1.0038121718465678 1 2 1.0000000180025095e-35 20.500000000000004 3 0.90323770592447772 6.5496881751860991 31.500000000000004 0.94592306406186222 5.5000000000000009
decision_type=2 1 2 2 1 1 2 2 1 2 2 2 2 2
left_child=1 -1 3 4 9 13 -7 -6 10 -2 -9 12 -10 -5
right_child=2 -3 -4 5 7 6 -8 8 11 -11 -12 -13 -14 -15
leaf_value=-0.0046850073553155952 0.0010353362776668997 -0.00028205083915022836 0.001156118984303594 -0.0015557364123604117 0.00023060376082793447 -0.00024726767892437501 -0.0032053301114296703 0.0014710572800640607 0.00088952545987704991 0.00024247755975338273 -0.0021308373360566981 -0.000439290859802956 -0.00097332777975973157 0.00061589224470616803
leaf_weight=490567.05534625053 1477461.7467138767 3035089.3834762573 2671457.058971405 291937.04220318794 9962686.1871092319 18138387.677299976 180548.67383098602 147566.10332226753 2475874.8945846558 4857929.9991080761 804243.22658538818 5371523.7170660496 874472.4651684761 3934837.5803203583
leaf_count=5287 6191 30432 34182 681 73319 89481 1659 3824 20716 17151 6014 45443 6651 38241
internal_value=-0.000150366 -0.0047124 0.000163847 -0.000130321 0.00103771 -0.00147584 -0.00253881 -0.000147955 -0.00219367 0.00471263 -0.0127777 -0.00103862 0.00259471 0.00313107
internal_weight=5.47146e+07 3.52566e+06 5.11889e+07 4.85175e+07 2.59718e+07 2.25457e+07 1.83189e+07 1.96364e+07 9.67368e+06 6.33539e+06 951809 8.72187e+06 3.35035e+06 4.22677e+06
internal_count=379272 35719 343553 309371 179309 130062 91140 155967 82648 23342 9838 72810 27367 38922
cat_boundaries=0 2 3 4 5
cat_threshold=0 262144 131072 100663424 67108864
is_linear=0
shrinkage=0.035


Tree=107
num_leaves=15
num_cat=2
split_feature=19 21 27 5 28 0 27 28 28 6 6 6 15 0
split_gain=62607.6 84938.2 65636.2 77394.6 70869.4 81674.1 87167.5 106967 65041.2 63400 60833.3 59910.2 50712.6 59005.8
threshold=1.0000000180025095e-35 1.0000000180025095e-35 47.500000000000007 13.500000000000002 14.500000000000002 0 7.5000000000000009 37.500000000000007 7.5000000000000009 8.2449829682960445 8.4911077780067021 7.7870645541658581 1.0000000180025095e-35 1
decision_type=2 2 2 2 2 1 2 2 2 2 2 2 2 1
left_child=2 -2 4 8 10 11 9 -8 -4 -7 12 -6 13 -1
right_child=1 -3 3 -5 5 6 7 -9 -10 -11 -12 -13 -14 -15
leaf_value=0.0013069011962473808 -0.00017447148936100123 -0.002602237830954761 -0.00078435494805132778 -0.00031814107783129325 1.0097493812632878e-05 -0.00014434866551204541 -2.4772195183767578e-05 0.00084065847158835863 0.00078749336151897329 -0.0012984603312651522 -0.0011375907879980422 -0.00061453179601626362 0.0001847200080090764 0.00059198060819800106
leaf_weight=1418171.3124234676 13807357.137686491 761142.54637122154 497498.50984239578 11481796.12997961 5173527.6484889984 2272840.7617468834 3859201.762337923 4703835.0423452854 2502209.26025033 319053.97479248047 148126.03063964844 2786955.0296630859 2874601.5664863586 2108266.0980522633
leaf_count=7351 111668 9260 2544 84800 31869 15856 20281 37575 20340 470 160 6728 15492 14878
internal_value=-0.000155256 -0.00212062 0.000557952 -0.00132604 0.00162101 0.000544468 0.00247712 0.00417931 0.00367985 -0.0031465 0.00476318 -0.00216374 0.00527633 0.00808901
internal_weight=5.47146e+07 1.45685e+07 4.01461e+07 1.44815e+07 2.56646e+07 1.91154e+07 1.11549e+07 8.56304e+06 2.99971e+06 2.59189e+06 6.54917e+06 7.96048e+06 6.40104e+06 3.52644e+06
internal_count=379272 120928 258344 107684 150660 112779 74182 57856 22884 16326 37881 38597 37721 22229
cat_boundaries=0 2 3
cat_threshold=6144 262144 33687552
is_linear=0
shrinkage=0.035


Tree=108
num_leaves=15
num_cat=1
split_feature=0 29 31 27 11 14 28 11 17 28 2 28 28 27
split_gain=59490.8 84525.1 72141.3 67369.5 66476.3 66834 61071.5 64870.6 56801.4 52482.8 52306 56454.5 60717.5 80598.4
threshold=0 1.0000000180025095e-35 1.0000000180025095e-35 51.500000000000007 1.0275224327180885 0.87774408927532799 59.500000000000007 1.0938931410688297 1.0000000180025095e-35 59.500000000000007 1.0000000180025095e-35 16.500000000000004 59.500000000000007 19.500000000000004
decision_type=1 2 2 2 2 2 2 2 2 2 2 2 2 2
left_child=1 2 3 9 5 -2 8 -8 -6 -1 11 -7 13 -13
right_child=4 -3 -4 -5 6 10 7 -9 -10 -11 -12 12 -14 -15
leaf_value=-0.00046547936993372133 0.001266139231854818 -0.0045399357908128728 0.0026787967318392834 -0.0014288671468787389 0.00050782105036230448 0.00018417812437919196 0.00070845992816853133 0.0035658340548079771 -0.00059715386863474053 0.00094869166603033048 1.2640474863087951e-05 -0.00017605431125051964 -1.6455499427156634e-05 -0.0015377500318373065
leaf_weight=4168859.7460429668 818452.03826856613 210594.50654435158 607922.80077552795 2111322.5206944942 3263374.4009158611 1710189.4891705513 2184534.726549387 587046.36531257629 1618245.2215328217 1323983.0832409859 31517264.315769434 1288187.2339375019 1703664.0508780479 1600942.3114733696
leaf_count=34563 5497 3174 5642 25701 29824 7853 20050 5856 14383 13632 188136 5548 10442 8971
internal_value=-0.000162404 -0.00286803 -0.00230654 -0.00323408 0.000329878 -0.000260404 0.00331003 0.00745941 0.000954176 -0.00119162 -0.000474541 -0.00338514 -0.00540642 -0.00849667
internal_weight=5.47146e+07 8.42268e+06 8.21209e+06 7.60417e+06 4.62919e+07 3.86387e+07 7.6532e+06 2.77158e+06 4.88162e+06 5.49284e+06 3.78202e+07 6.30298e+06 4.59279e+06 2.88913e+06
internal_count=379272 82712 79538 73896 296560 226447 70113 25906 44207 48195 220950 32814 24961 14519
cat_boundaries=0 2
cat_threshold=268435456 262144
is_linear=0
shrinkage=0.035


Tree=109
num_leaves=15
num_cat=2
split_feature=12 14 0 14 0 1 1 28 21 19 28 5 14 21
split_gain=66551 119649 84047 64281 104819 91426.3 105412 110851 89187.8 69759 69242.5 63433 78777 62149.1
threshold=0.99114839963519052 1.1694833628063137 0 1.0038121718465678 1 16.500000000000004 12.500000000000002 55.500000000000007 1.0000000180025095e-35 1.0000000180025095e-35 4.5000000000000009 5.5000000000000009 1.0123130853103539 1.0000000180025095e-35
decision_type=2 2 1 2 1 2 2 2 2 2 2 2 2 2
left_child=1 -1 -3 5 11 6 -2 8 10 -10 -8 -5 -13 -7
right_child=3 2 -4 4 -6 13 7 -9 9 -11 -12 12 -14 -15
leaf_value=-0.00019025475981950877 0.00029077503819755656 -0.0049260245081917198 -0.0008167567948412954 -0.0015129677432841912 -0.00022345100471618729 0.00097811259732166777 0.00038630310874015285 0.0019252010785928385 0.00073910590581419632 -0.0030404737624889441 -0.0012066954637380103 -0.0010797360517120797 0.0012666645083517162 -4.4469098989259434e-05
leaf_weight=13532968.458022118 8954704.2076554298 335147.53524851799 409897.92139577866 284964.9934194088 15766426.32928586 4475516.0114696026 544880.35192489624 578166.02830862999 1295913.349357605 147203.50185394287 3046695.9989757538 534964.28308272362 3097420.4572532177 1709713.3838529587
leaf_count=111244 66794 2862 4400 636 78775 32095 2533 4424 7125 1109 16502 6705 29882 14186
internal_value=-0.000151802 -0.00220602 -0.015861 0.000573536 -0.000859331 0.00193259 0.000418858 -0.00334171 -0.00500852 0.00234044 -0.00796137 0.00426459 0.00551208 0.00549777
internal_weight=5.47146e+07 1.4278e+07 745045 4.04366e+07 1.96838e+07 2.07528e+07 1.45676e+07 5.61286e+06 5.03469e+06 1.44312e+06 3.59158e+06 3.91735e+06 3.63238e+06 6.18523e+06
internal_count=379272 118506 7262 260766 115998 144768 98487 31693 27269 8234 19035 37223 36587 46281
cat_boundaries=0 2 3
cat_threshold=0 262144 100663424
is_linear=0
shrinkage=0.035


Tree=110
num_leaves=15
num_cat=2
split_feature=12 13 23 29 0 27 2 28 1 1 31 5 28 0
split_gain=63696.4 84656.1 70930.1 65176.5 66355.1 57621.2 62323.4 55574 51720.3 65776.9 53934 53335.4 57548.5 70903.2
threshold=1.038248653223538 0.96316597543734361 1.0000000180025095e-35 1.0000000180025095e-35 0 55.500000000000007 5.5000000000000009 22.500000000000004 6.5000000000000009 17.500000000000004 1.0000000180025095e-35 30.500000000000004 24.500000000000004 1
decision_type=2 2 2 2 1 2 2 2 2 2 2 2 2 1
left_child=1 2 -1 5 -5 -3 8 -8 -7 11 -11 -10 13 -13
right_child=-2 3 -4 4 -6 6 7 -9 9 10 -12 12 -14 -15
leaf_value=-0.0004196202187966306 0.00042607048180517791 6.0431621199494131e-05 -0.0025284692853653206 -0.00039699266273390582 -0.0033514273438221076 0.00084633774087639253 -0.0013097010391375193 0.0016666438550403924 -0.00025030292937671522 -3.1758406424381274e-05 0.010249691854597631 0.0010025845060619421 -0.001203960209995637 -0.00079402600962264576
leaf_weight=909557.92462301254 7355438.5005812645 33998043.3166399 633711.12287688255 454363.37157416344 245188.48376321793 534797.52151155472 245731.18500828743 815724.42182564735 2807155.8949050903 2803074.7051904202 85701.543254852295 317202.954246521 2388755.1305580139 1120136.7345476151
leaf_count=13318 66685 200361 4021 4763 1778 14497 3476 10881 15048 23412 1009 843 12520 6660
internal_value=-0.000146244 -0.00061687 -0.00867958 -0.000345283 -0.0109466 -0.000180902 -0.00236816 0.00569773 -0.00321949 -0.00381433 0.000593721 -0.00573403 -0.00842226 -0.00288856
internal_weight=5.47146e+07 4.73591e+07 1.54327e+06 4.58159e+07 699552 4.51163e+07 1.11183e+07 1.06146e+06 1.00568e+07 9.52203e+06 2.88878e+06 6.63325e+06 3.82609e+06 1.43734e+06
internal_count=379272 312587 17339 295248 6541 288707 88346 14357 73989 59492 24421 35071 20023 7503
cat_boundaries=0 1 2
cat_threshold=268435584 131072
is_linear=0
shrinkage=0.035


Tree=111
num_leaves=15
num_cat=2
split_feature=12 14 0 14 0 1 28 27 1 5 21 1 28 3
split_gain=62853.8 116897 82642 61572.3 97583.7 84666.4 112357 136605 117973 83554.8 79124.9 70724.7 69456.4 79137.2
threshold=0.99114839963519052 1.1694833628063137 0 1.0038121718465678 1 17.500000000000004 55.500000000000007 59.500000000000007 10.500000000000002 44.500000000000007 1.0000000180025095e-35 18.500000000000004 24.500000000000004 1.0000000180025095e-35
decision_type=2 2 1 2 1 2 2 2 2 2 2 2 2 2
left_child=1 -1 -3 5 -5 6 7 -2 -9 -8 -7 -12 -10 -14
right_child=3 2 -4 4 -6 10 9 8 12 -11 11 -13 13 -15
leaf_value=-0.0001803994328652693 0.00033078681256639044 -0.004681318002463547 -0.00080031611637228911 0.000650355593094069 -0.00021791169670849916 0.0012370162167400127 0.0017627047156403312 0.00015095465150733665 -0.00031368845280434736 -0.00032408706257840359 -0.0015841211231069896 0.00088405057637585746 -0.0018673662609098439 0.00040134686963154995
leaf_weight=13532968.458022118 7519618.0063021183 335147.53524851799 409897.92139577866 3917349.7337553501 15766426.32928586 3228761.7250964642 1328101.0485291481 2769745.937381506 1887009.1098957062 546226.95392727852 458847.89443874359 791569.67063379288 1844225.0088214874 378687.47837257385
leaf_count=111244 41862 2862 4400 37223 78775 26585 13266 22054 11008 4082 2319 9464 10642 3486
internal_value=-0.000149297 -0.00214564 -0.0156426 0.000555606 -0.000846748 0.00188572 0.00071287 -0.00033638 -0.00390044 0.00877356 0.00614688 -0.0013282 -0.00766296 -0.0118551
internal_weight=5.47146e+07 1.4278e+07 745045 4.04366e+07 1.96838e+07 2.07528e+07 1.62736e+07 1.43993e+07 6.87967e+06 1.87433e+06 4.47918e+06 1.25042e+06 4.10992e+06 2.22291e+06
internal_count=379272 118506 7262 260766 115998 144768 106400 89052 47190 17348 38368 11783 25136 14128
cat_boundaries=0 2 3
cat_threshold=0 262144 100663424
is_linear=0
shrinkage=0.035


Tree=112
num_leaves=15
num_cat=1
split_feature=12 13 14 12 27 23 27 1 1 0 14 6 14 28
split_gain=59775.4 77894.2 70259.1 109449 83126.7 66094.3 63267.2 61167.8 77230.4 69208.4 57036.9 55396.1 64844.3 63060.3
threshold=1.038248653223538 0.96316597543734361 1.1228774058946247 0.97673979454843807 59.500000000000007 1.0000000180025095e-35 6.5000000000000009 6.5000000000000009 17.500000000000004 0 0.94592306406186222 7.4821686645750711 1.0123130853103539 59.500000000000007
decision_type=2 2 2 2 2 2 2 2 2 1 2 2 2 2
left_child=1 5 4 -4 6 -1 -3 -6 9 -9 -10 -8 -13 -14
right_child=-2 2 3 -5 7 -7 11 8 10 -11 -12 12 13 -15
leaf_value=-0.00038168122499726998 0.00041891235918228278 -0.0001850489009979901 -0.0040636329235276851 -0.00025377971447286974 0.0011077708324954509 -0.002422034331789617 0.00063451196638148583 -0.00014909415805917342 0.00096895211794227707 -0.0010696635603436035 -0.00030215485066971344 0.00029500629787324446 -0.00046081247361803163 0.0004348824956509286
leaf_weight=909557.92462301254 7355438.5005812645 6801192.3198316097 375462.65662693977 8431245.7643225193 531416.37422943115 633711.12287688255 9341443.6585400105 3614861.730424881 1263884.7473876476 3406193.4752511978 1695275.8700749874 5795174.2338562012 3390164.1943969727 1169560.2380828857
leaf_count=13318 66685 44433 3528 36208 16259 4021 96060 16093 12198 24963 15255 16806 9671 3774
internal_value=-0.000149559 -0.00060547 -0.000344955 -0.00315465 0.000323641 -0.00833948 0.0013684 -0.00230997 -0.00292606 -0.00492488 0.00181646 0.00237337 0.000610385 -0.00251206
internal_weight=5.47146e+07 4.73591e+07 4.58159e+07 8.80671e+06 3.70092e+07 1.54327e+06 2.64975e+07 1.05116e+07 9.98022e+06 7.02106e+06 2.95916e+06 1.96963e+07 1.03549e+07 4.55972e+06
internal_count=379272 312587 295248 39736 255512 17339 170744 84768 68509 41056 27453 126311 30251 13445
cat_boundaries=0 1
cat_threshold=133122
is_linear=0
shrinkage=0.035


Tree=113
num_leaves=15
num_cat=2
split_feature=12 0 2 6 12 11 18 0 13 28 28 1 1 1
split_gain=60123 91210.4 62850.1 66253.1 61591.8 58226 50681.2 47486.4 44880.1 42091.9 41019.7 61664.7 62122.2 44147.4
threshold=0.99277140886267723 0 1.0000000180025095e-35 8.0005268660031277 0.89036754726224421 0.99756204687211747 1.0000000180025095e-35 1 0.98657562300089896 7.5000000000000009 59.500000000000007 17.500000000000004 10.500000000000002 20.500000000000004
decision_type=2 1 2 2 2 2 2 1 2 2 2 2 2 2
left_child=1 4 9 5 -1 -4 -3 -7 -5 -2 11 12 -11 -12
right_child=2 6 3 8 -6 7 -8 -9 -10 10 13 -13 -14 -15
leaf_value=-0.0055408861718450027 0.00041259779298716682 -8.2643065165264381e-05 4.1714741242414664e-05 -0.00090199693130227235 -0.0011377993185979552 -0.00014307136398834854 -0.0023471537481017804 0.00060179695757327613 -8.1507735640869825e-05 -0.0002227642692486917 0.0003481591136301564 0.00036425969978944381 -0.0012237137702748497 -0.0035275731214107066
leaf_weight=193978.88889598846 852777.77850699425 13241374.775835752 12819493.836686611 488952.43588256836 1618415.0389626026 2450224.3465015888 414499.69258999825 11089083.443535566 5719885.0911560059 1390717.7978112698 1583621.5217828751 871034.55704569817 1872050.8901844025 108472.71572852135
leaf_count=2460 4158 105936 94600 917 12476 26201 4611 82676 10649 7933 10609 5580 8261 2205
internal_value=-0.000153131 -0.00200119 0.00057525 0.00120952 -0.00937854 0.00197568 -0.00102206 0.00357635 -0.00204312 -0.00251768 -0.00358074 -0.00545971 -0.0076684 0.00100961
internal_weight=5.47146e+07 1.54683e+07 3.92463e+07 3.25676e+07 1.81239e+06 2.63588e+07 1.36559e+07 1.35393e+07 6.20884e+06 6.67868e+06 5.8259e+06 4.1338e+06 3.26277e+06 1.69209e+06
internal_count=379272 125483 253789 215043 14936 203477 110547 108877 11566 38746 34588 21774 16194 12814
cat_boundaries=0 2 4
cat_threshold=0 262144 268435456 262144
is_linear=0
shrinkage=0.035


Tree=114
num_leaves=15
num_cat=1
split_feature=9 14 28 1 1 0 27 11 1 14 28 20 2 27
split_gain=58885.7 57083.9 70188.9 130419 121228 108827 135412 90822.3 84878.1 79079.1 76776.5 77508.6 78347.2 67057.4
threshold=1.8201955231013425 1.1807223977627761 59.500000000000007 19.500000000000004 18.500000000000004 0 35.500000000000007 1.0902711569568475 11.500000000000002 0.94592306406186222 23.500000000000004 1.0000000180025095e-35 5.5000000000000009 15.500000000000002
decision_type=2 2 2 2 2 1 2 2 2 2 2 2 2 2
left_child=1 2 4 5 8 6 -4 13 -1 -6 11 -10 -13 -7
right_child=-2 -3 3 -5 9 7 -8 -9 10 -11 -12 12 -14 -15
leaf_value=5.5440636148698427e-05 0.0068490940422290692 -0.00051099356486355443 0.0016625760030664961 -0.0012270117313012972 0.001786679657169428 -0.00021681168495738806 -0.0028644462975502328 0.0033938381061479833 1.7759481457801494e-05 0.00018325062433742164 -0.00060562991954028679 -0.0023283639491562436 0.004137302152479789 0.00065795212172430073
leaf_weight=13377161.943427563 162101.55069732666 4393910.3150553703 438462.82338309288 1366061.0351672173 1706455.9989800453 1872536.0719165802 808489.02208805084 525737.35425448418 7993231.1647777557 4124839.8345069885 9360750.9295463562 520854.3284072876 60894.158550262451 8003096.2803480625
leaf_count=99639 2025 28843 2913 20459 22258 11826 5782 4649 39505 38413 41672 3412 315 57561
internal_value=-0.000157699 -0.000220291 0.000114807 0.0023267 -0.000660184 0.00352656 -0.00624405 0.0046979 -0.00152305 0.00397326 -0.00309677 -0.000704218 -0.0130386 0.00394328
internal_weight=5.47146e+07 5.45525e+07 5.01586e+07 1.30144e+07 3.71442e+07 1.16483e+07 1.24695e+06 1.04014e+07 3.13129e+07 5.8313e+06 1.79357e+07 8.57498e+06 581748 9.87563e+06
internal_count=379272 377247 348404 103190 245214 82731 8695 74036 184543 60671 84904 43232 3727 69387
cat_boundaries=0 2
cat_threshold=0 262144
is_linear=0
shrinkage=0.035


Tree=115
num_leaves=15
num_cat=3
split_feature=12 14 0 2 6 14 28 11 0 20 14 5 0 6
split_gain=59290.3 104823 80342 57321.7 62733.6 63554.8 55094.4 51459.6 45991.1 44691.7 43178.8 38261.3 36161 45076.2
threshold=0.99114839963519052 1.1694833628063137 0 1.0000000180025095e-35 8.0005268660031277 0.94592306406186222 25.500000000000004 0.99756204687211747 1 1.0000000180025095e-35 0.87774408927532799 6.5000000000000009 2 7.7025552043685694
decision_type=2 2 1 2 2 2 2 2 1 2 2 2 1 2
left_child=1 9 -3 10 7 6 -6 -5 -9 12 -2 -7 13 -1
right_child=3 2 -4 4 5 11 -8 8 -10 -11 -12 -13 -14 -15
leaf_value=-0.00028178191509111279 0.0015972887927407575 -0.004264443943416958 -0.00072355350700614458 4.3165567704435196e-05 0.00098208149195379724 0.00014667878151136847 -0.0001340149804612112 1.747141895628678e-05 0.00061257726655787354 -0.0023733070222257588 -0.00030969014663204532 -0.00034580356783995295 3.2053334767953904e-05 -0.0011895573432544929
leaf_weight=3629754.0493459702 160587.24239993095 335147.53524851799 409897.92139577866 13226525.605139732 437414.39392089844 911133.10675048828 392114.49014282227 3899573.7737026215 10102140.003638268 385466.72042608261 6727504.4637897015 4579575.8169555664 8646800.2292809486 870947.45896911621
leaf_count=32846 1005 2862 4400 97048 1038 1107 911 39661 72375 4669 38883 8738 71054 2675
internal_value=-0.000146807 -0.00208573 -0.0148667 0.000537822 0.00113493 -0.00200648 0.00702318 0.00186412 0.00334297 -0.00138208 -0.0023704 -0.00337068 -0.00103768 -0.00358189
internal_weight=5.47146e+07 1.4278e+07 745045 4.04366e+07 3.35485e+07 6.32024e+06 829529 2.72282e+07 1.40017e+07 1.3533e+07 6.88809e+06 5.49071e+06 1.31475e+07 4.5007e+06
internal_count=379272 118506 7262 260766 220878 11794 1949 209084 112036 111244 39888 9845 106575 35521
cat_boundaries=0 2 4 6
cat_threshold=0 262144 268435458 262144 67110912 262144
is_linear=0
shrinkage=0.035


Tree=116
num_leaves=15
num_cat=2
split_feature=12 0 28 1 1 1 0 11 14 1 27 1 28 27
split_gain=57417.6 101239 54414.6 175402 105023 94297.9 79090.2 85924.9 78201.8 75580.5 139038 69349.9 74516.1 62889.1
threshold=0.95147315182213388 0 59.500000000000007 20.500000000000004 18.500000000000004 6.5000000000000009 1 1.0346376219500246 0.94592306406186222 17.500000000000004 45.500000000000007 11.500000000000002 23.500000000000004 19.500000000000004
decision_type=2 1 2 2 2 2 1 2 2 2 2 2 2 2
left_child=1 -1 4 5 11 -4 7 -7 -6 -8 -11 -2 -13 -14
right_child=2 -3 3 -5 8 6 9 -9 -10 10 -12 12 13 -15
leaf_value=-0.0038699813354821093 5.1162199105064076e-05 -0.00028356566073155817 -0.0013927516491981076 -0.0022036686718947952 0.0017863193778759725 0.00076044420898579914 0.00042189001822035563 0.0039657707931976581 0.00017629065406022445 -0.001225441434656488 0.00068757527619441798 -4.7937497535915799e-05 -0.00024357203690574255 -0.0010217430780766308
leaf_weight=490567.05534625053 13451143.780786514 3035089.3834762573 653459.8594288826 878828.53683233261 1507870.4932286739 2959976.9524402618 6622813.2033324242 1010713.0121383667 4027774.6070606709 1084791.4016394615 952283.99903106689 8861928.9452075958 5049423.6412410736 4127917.9399166107
leaf_count=5287 94352 30432 18535 17437 18613 29491 27143 11639 35549 4095 3570 42761 17674 22694
internal_value=-0.000136392 -0.00445662 0.000161166 0.00200625 -0.000544598 0.00300809 0.00367883 0.00776898 0.00390131 0.00180341 -0.00409226 -0.00132614 -0.00274445 -0.00495494
internal_weight=5.47146e+07 3.52566e+06 5.11889e+07 1.41629e+07 3.70261e+07 1.3284e+07 1.26306e+07 3.97069e+06 5.53565e+06 8.65989e+06 2.03708e+06 3.14904e+07 1.80393e+07 9.17734e+06
internal_count=379272 35719 343553 111910 231643 94473 75938 41130 54162 34808 7665 177481 83129 40368
cat_boundaries=0 2 3
cat_threshold=0 262144 369098882
is_linear=0
shrinkage=0.035


Tree=117
num_leaves=15
num_cat=2
split_feature=12 14 0 14 2 6 11 14 28 20 13 0 28 1
split_gain=57112.4 98901.5 81395.4 58516.2 61011.7 56209.8 51614.5 46133.5 47828.7 43150.2 41850.1 40092.7 40501.5 63509.7
threshold=0.99277140886267723 1.1694833628063137 0 0.87774408927532799 1.0000000180025095e-35 8.0005268660031277 0.99756204687211747 0.94592306406186222 26.500000000000004 1.0000000180025095e-35 0.98131953257945614 1 41.500000000000007 19.500000000000004
decision_type=2 2 1 2 2 2 2 2 2 2 2 1 2 2
left_child=1 9 -3 -2 -5 6 -6 8 -7 -1 -9 -8 -13 -14
right_child=3 2 -4 4 5 7 11 10 -10 -11 -12 12 13 -15
leaf_value=-0.00011987704101516665 0.0013616257772351742 -0.0040233583500533694 -0.0007146410557565422 -0.00029492474931061693 2.2253435492871554e-05 0.00087496843676760131 -0.00014267102422413708 -0.0014389377982131702 -0.00023094621907733819 -0.0021825218104059066 -0.00017709523077933639 0.00027826523921272578 0.0012615131271348102 -0.00050428587349140707
leaf_weight=14268982.759513855 723865.10495114326 336145.16072916985 452723.92909526825 6529557.5661118031 12527023.63796258 421010.90219116211 2399978.0961940289 277485.46020507812 319334.27197265625 410416.54694604874 5103230.2184143066 6605640.3110291958 3666597.3929109573 672591.45287919044
leaf_count=113009 5224 2872 4733 37815 92652 999 25551 532 737 4869 9089 41534 29637 10019
internal_value=-0.000123836 -0.00192503 -0.0139975 0.000586073 0.000400813 0.00103008 0.00174366 -0.00198603 0.00620545 -0.00127624 -0.00311313 0.0032583 0.00415664 0.0067836
internal_weight=5.47146e+07 1.54683e+07 788869 3.92463e+07 3.85224e+07 3.19929e+07 2.58718e+07 6.12106e+06 740345 1.46794e+07 5.38072e+06 1.33448e+07 1.09448e+07 4.33919e+06
internal_count=379272 125483 7605 253789 248565 210750 199393 11357 1736 117878 9621 106741 81190 39656
cat_boundaries=0 2 4
cat_threshold=0 262144 268435456 262144
is_linear=0
shrinkage=0.035


Tree=118
num_leaves=15
num_cat=3
split_feature=12 14 0 14 2 6 13 18 11 6 0 27 0 2
split_gain=54055.4 93202.7 76791.3 55009.5 57187.9 52487.4 52477.8 45940.8 43920 40466.4 44144 43797.4 44220.1 35050.2
threshold=0.99277140886267723 1.1694833628063137 0 0.87774408927532799 1.0000000180025095e-35 7.9110490166647356 0.97477497996560469 1.0000000180025095e-35 1.0054413234312338 7.4531918138198821 1 59.500000000000007 2 4.5000000000000009
decision_type=2 2 1 2 2 2 2 2 2 2 1 2 1 2
left_child=1 7 -3 -2 -5 8 -7 9 -6 11 -11 -1 -13 -9
right_child=3 2 -4 4 5 6 -8 13 -10 10 -12 12 -14 -15
leaf_value=0.00031121386243162971 0.0013139688750319429 -0.0038825408078015 -0.00068962861880506336 -0.00028460238308474541 7.1193546627783545e-05 -0.0017994020653901116 -6.5188626704629327e-05 0.00054425956169010248 0.00054137195060077791 -8.1871493159900113e-05 -0.00083290767636857294 0.00034643816632820091 -0.0018885846246928201 -0.0032916092516066722
leaf_weight=6220595.5198099613 723865.10495114326 336145.16072916985 452723.92909526825 6529557.5661118031 14035427.117543221 282207.04992675781 7805037.1318054199 99893.769540309906 9870220.444483757 4238899.8081207275 2235586.1087036133 663661.22243022919 865300.05616903305 355462.82168602943
leaf_count=65999 5224 2872 4733 37815 107192 616 15990 416 86952 12820 8291 8788 16797 4767
internal_value=-0.000119119 -0.00187144 -0.013591 0.000571531 0.000391907 0.00100113 -0.00143622 -0.00124163 0.00182569 -0.000891294 -0.00293369 0.000815054 -0.0044922 -0.0121848
internal_weight=5.47146e+07 1.54683e+07 788869 3.92463e+07 3.85224e+07 3.19929e+07 8.08724e+06 1.46794e+07 2.39056e+07 1.4224e+07 6.47449e+06 7.74956e+06 1.52896e+06 455357
internal_count=379272 125483 7605 253789 248565 210750 16606 117878 194144 112695 21111 91584 25585 5183
cat_boundaries=0 2 3 4
cat_threshold=0 262144 135296 137216
is_linear=0
shrinkage=0.035


Tree=119
num_leaves=15
num_cat=1
split_feature=9 14 28 1 1 0 12 1 1 21 23 27 3 21
split_gain=53771.6 52979.5 64749.8 118392 106046 92050.2 107075 74569 73266.9 138671 120319 105725 74126 93556.4
threshold=1.8201955231013425 1.1807223977627761 59.500000000000007 19.500000000000004 18.500000000000004 0 0.96479881010771329 11.500000000000002 16.500000000000004 1.0000000180025095e-35 1.0000000180025095e-35 47.500000000000007 1.5000000000000002 1.0000000180025095e-35
decision_type=2 2 2 2 2 1 2 2 2 2 2 2 2 2
left_child=1 2 4 5 7 6 -4 -1 10 -10 -9 12 13 -12
right_child=-2 -3 3 -5 -6 -7 -8 8 9 -11 11 -13 -14 -15
leaf_value=5.1985182057391153e-05 0.0065193651044557132 -0.00050280195265536203 -0.0013720270940823539 -0.0011316333179897658 0.00053787213585406075 0.00070338503805975918 0.00035878568342585131 -0.00084296942932141398 0.00038305787905613519 -0.00098053650917168111 -7.6601146790912468e-05 -0.001134099293023415 -0.0023688006263688382 0.0016732536535470268
leaf_weight=13377161.943427563 162101.55069732666 4393910.3150553703 1018876.8772969246 1366061.0351672173 5831295.8334870338 6752754.8036687374 3876689.8710246086 7899087.2293376923 4431678.0693855286 1673950.2502288818 1249066.8818778992 1161963.3895454407 270917.87902832031 1249066.8818778992
leaf_count=99639 2025 28843 5638 20459 60671 54963 22130 42356 16543 7707 4990 6180 2138 4990
internal_value=-0.000124249 -0.000184062 0.000138764 0.00226322 -0.000605592 0.00340642 -0.000247748 -0.00141262 -0.00288768 0.000226128 -0.00449474 0.000508787 0.00422701 0.00611284
internal_weight=5.47146e+07 5.45525e+07 5.01586e+07 1.30144e+07 3.71442e+07 1.16483e+07 4.89557e+06 3.13129e+07 1.79357e+07 6.10563e+06 1.18301e+07 3.93102e+06 2.76905e+06 2.49813e+06
internal_count=379272 377247 348404 103190 245214 82731 27768 184543 84904 24250 60654 18298 12118 9980
cat_boundaries=0 2
cat_threshold=6144 262144
is_linear=0
shrinkage=0.035


Tree=120
num_leaves=15
num_cat=1
split_feature=9 14 28 1 1 0 27 11 1 28 20 2 14 27
split_gain=52079.7 49393.5 60309.8 114195 100741 95637.6 136168 83421.6 69550.8 69514.3 70092.1 73762.4 68315.6 63262.5
threshold=1.8201955231013425 1.1807223977627761 59.500000000000007 20.500000000000004 18.500000000000004 0 35.500000000000007 1.0938931410688297 11.500000000000002 23.500000000000004 1.0000000180025095e-35 5.5000000000000009 0.94592306406186222 15.500000000000002
decision_type=2 2 2 2 2 1 2 2 2 2 2 2 2 2
left_child=1 2 4 5 8 6 -4 13 -1 10 -10 -12 -6 -7
right_child=-2 -3 3 -5 12 7 -8 -9 9 -11 11 -13 -14 -15
leaf_value=5.0165700685382211e-05 0.0062911873257997632 -0.00048520388431242577 0.0016469008283240653 -0.0019207653152173792 0.0016416596241973561 -0.00023366420739684185 -0.0027139326442467528 0.0031874540076497681 3.6613068944767921e-05 -0.00055034831797936906 -0.0021373140272300823 0.00404426137946934 0.00014391496589693774 0.00057361233942796678
leaf_weight=13377161.943427563 162101.55069732666 4393910.3150553703 456091.33723759651 752767.29754829407 1706455.9989800453 1969757.4802017212 850139.86567783356 520362.08007311821 7993231.1647777557 9360750.9295463562 520854.3284072876 60894.158550262451 4124839.8345069885 8465264.5264189243
leaf_count=99639 2025 28843 3096 15346 22258 12618 6140 4658 39505 41672 3412 315 38413 61332
internal_value=-0.000113298 -0.000172162 0.000139547 0.00218987 -0.000578836 0.00300221 -0.00594957 0.00406956 -0.00136542 -0.00278998 -0.00051339 -0.0122428 0.00364497 0.00338753
internal_weight=5.47146e+07 5.45525e+07 5.01586e+07 1.30144e+07 3.71442e+07 1.22616e+07 1.30623e+06 1.09554e+07 3.13129e+07 1.79357e+07 8.57498e+06 581748 5.8313e+06 1.0435e+07
internal_count=379272 377247 348404 103190 245214 87844 9236 78608 184543 84904 43232 3727 60671 73950
cat_boundaries=0 2
cat_threshold=0 262144
is_linear=0
shrinkage=0.035


Tree=121
num_leaves=15
num_cat=0
split_feature=12 14 14 1 1 2 27 6 1 5 21 28 20 27
split_gain=55601 110159 54697.3 78043.2 90345.4 114207 75631.3 72625.3 79392.5 74524.9 60194.2 59106.6 57249.9 54762.5
threshold=0.97673979454843807 1.1694833628063137 1.0038121718465678 16.500000000000004 13.500000000000002 3.5000000000000004 59.500000000000007 7.955205314333587 20.500000000000004 5.5000000000000009 1.0000000180025095e-35 59.500000000000007 1.0000000180025095e-35 59.500000000000007
decision_type=2 2 2 2 2 2 2 2 2 2 2 2 2 2
left_child=1 -1 3 4 -2 6 -6 8 9 -4 -5 -8 -7 -11
right_child=2 -3 7 10 5 12 11 -9 -10 13 -12 -13 -14 -15
leaf_value=-0.0002344010715706232 0.00019663678707182702 -0.0032205067697461572 -0.0010476099732217687 0.00080000819089038222 -0.00034493254672790058 0.00072634912698542418 -0.0020048640441995046 -0.00032676695995024113 -0.0014511097786545531 0.0003370136798663416 -0.00010498931292952627 0.00062981178701355554 -0.002685128913389111 -0.00043640322873385692
leaf_weight=7688160.0708181858 11965446.080435753 463617.73973751068 931521.05861449242 5541439.5656423569 1671437.891620636 1608290.3302600384 1216934.3344268799 5777612.2407836914 1176339.9088356495 11601311.589039087 2101470.8052203655 199035.92019271851 140290.89521026611 2631674.3802688122
leaf_count=69741 88819 4709 1745 39673 7496 10322 6977 10829 19614 78148 17429 1402 1036 21332
internal_value=-0.00011239 -0.00277895 0.000354446 0.00149554 0.000161698 -0.0038754 -0.00792317 -0.000906635 0.000285902 0.000965378 0.00442771 -0.0138748 0.00327162 0.00159308
internal_weight=5.47146e+07 8.15178e+06 4.65628e+07 2.44443e+07 1.68014e+07 4.83599e+06 3.08741e+06 2.21185e+07 1.63408e+07 1.51645e+07 7.64291e+06 1.41597e+06 1.74858e+06 1.4233e+07
internal_count=379272 74450 304822 173154 116052 27233 15875 131668 120839 101225 57102 8379 11358 99480
is_linear=0
shrinkage=0.035


Tree=122
num_leaves=15
num_cat=1
split_feature=12 14 0 8 14 2 6 11 18 14 28 28 28 6
split_gain=51868.6 82953.5 71082.9 52520.7 52899.1 52309.1 44897.8 45602 43144 40789.4 46245.1 38905.9 37668.4 37634.6
threshold=0.99277140886267723 1.1694833628063137 0 0.88425327544685284 0.87774408927532799 1.0000000180025095e-35 8.0005268660031277 0.99756204687211747 1.0000000180025095e-35 0.94592306406186222 21.500000000000004 6.5000000000000009 7.5000000000000009 7.4531918138198821
decision_type=2 2 1 2 2 2 2 2 2 2 2 2 2 2
left_child=1 8 -3 -2 -5 12 7 -7 13 10 11 -8 -6 -1
right_child=3 2 -4 4 5 6 9 -9 -10 -11 -12 -13 -14 -15
leaf_value=0.00011432496746732133 0.00569422340154429 -0.0035475345533324846 -0.00060897611011396439 0.0012691754920401983 0.00034800075571888184 6.8811539271529059e-07 -0.00020565678895924824 0.00039951437071120285 -0.0019683438656243166 -0.00020917964841513914 -0.00015159738040975402 0.0013786472838431818 -0.00040176959975834575 -0.00030008228377187798
leaf_weight=7749556.7984092236 148237.88103508949 336145.16072916985 452723.92909526825 723821.7705271244 823290.85644674301 12442038.045315981 120374.85006713867 13295979.114173412 455356.59122633934 5380715.6786193848 366822.94155883789 253147.3825378418 5691885.8945405483 6474485.9168243408
leaf_count=91584 1754 2872 4733 5215 3976 91819 293 105953 5183 9621 855 588 33715 21111
internal_value=-0.000115797 -0.00183231 -0.0128887 0.000560738 0.000481897 0.000305084 0.000889448 0.0015302 -0.00123813 -0.0018048 0.00589764 0.0145662 -0.00255244 -0.000898631
internal_weight=5.47146e+07 1.54683e+07 788869 3.92463e+07 3.90981e+07 3.83743e+07 3.18591e+07 2.5738e+07 1.46794e+07 6.12106e+06 740345 373522 6.51518e+06 1.4224e+07
internal_count=379272 125483 7605 253789 252035 246820 209129 197772 117878 11357 1736 881 37691 112695
cat_boundaries=0 2
cat_threshold=0 262144
is_linear=0
shrinkage=0.035


Tree=123
num_leaves=15
num_cat=4
split_feature=12 0 9 12 31 6 6 27 0 5 14 0 28 0
split_gain=51178.5 89538.8 47903.3 47431.1 45673.9 82022.6 63330.2 55375.4 83514.8 102649 51520.5 126388 77946.4 53789
threshold=0.95147315182213388 0 0.71282979736162122 1.5503488783755612 1.0000000180025095e-35 6.995425550159835 7.3299675310277541 55.500000000000007 1 20.500000000000004 0.94592306406186222 2 2.5000000000000004 3
decision_type=2 1 2 2 2 2 2 2 1 2 2 1 2 1
left_child=1 -1 -2 4 7 -6 -7 10 -9 -10 11 -4 -13 -12
right_child=2 -3 3 -5 5 6 -8 8 9 -11 13 12 -14 -15
leaf_value=-0.0033293127536171874 0.00343522130759047 -0.00025301981160107774 -0.0021092042147278513 0.0051019394119764944 0.014958694515330216 -0.0018415538983850477 0.00289689691164102 1.4045631610409415e-06 0.00026650855530353193 -0.0012665772995257992 0.00073681121917544795 -0.00098082616872035948 0.00096772411100641813 -3.5814978830934905e-05
leaf_weight=490567.05534625053 186504.92479896545 3035089.3834762573 340571.7571644783 241378.88593959808 135387.86672401428 235479.24831390381 199404.20304870605 10237066.306041241 1596533.3615291119 3655675.947152853 3164630.1050446033 675069.40164065361 3456538.945391655 27064685.419494152
leaf_count=5287 1125 30432 3591 2681 2723 1522 849 59254 20942 42931 34883 8272 24705 140075
internal_value=-0.000114114 -0.00419287 0.000166812 0.000102065 2.84612e-05 0.00987774 0.00247123 -8.3449e-05 -0.00182354 -0.00541152 0.000693256 0.00419947 0.00588878 0.000174539
internal_weight=5.47146e+07 3.52566e+06 5.11889e+07 5.10024e+07 5.0761e+07 570271 434883 5.01908e+07 1.54893e+07 5.25221e+06 3.47015e+07 4.47218e+06 4.13161e+06 3.02293e+07
internal_count=379272 35719 343553 342428 339747 5094 2371 334653 123127 63873 211526 36568 32977 174958
cat_boundaries=0 2 3 4 5
cat_threshold=0 262144 137218 67108864 100663296
is_linear=0
shrinkage=0.035


Tree=124
num_leaves=15
num_cat=1
split_feature=12 13 23 14 12 27 2 1 1 28 0 27 1 19
split_gain=51255.4 66080.5 64497.2 57324.7 81246 75173.1 55878.9 63222.5 65201.5 61518.6 79648.6 55390.5 60113.6 69946.3
threshold=1.038248653223538 0.96316597543734361 1.0000000180025095e-35 1.1228774058946247 0.97673979454843807 59.500000000000007 5.5000000000000009 6.5000000000000009 17.500000000000004 25.500000000000004 0 6.5000000000000009 8.5000000000000018 1.0000000180025095e-35
decision_type=2 2 2 2 2 2 2 2 2 2 1 2 2 2
left_child=1 2 -1 5 -5 11 7 -7 9 10 -9 12 -3 -14
right_child=-2 3 -4 4 -6 6 -8 8 -10 -11 -12 -13 13 -15
leaf_value=-0.00026365116771546895 0.00038350961751890377 -0.00087518480798950255 -0.0022699450116723903 -0.0030483105534462977 -0.00022225186158927871 0.0010720345404913833 0.00090496244945489468 0.00075441091712765383 0.00010882396372187755 -0.00090438743489852289 -0.00054748038066046152 0.00025155954675697687 0.00029788928287156864 -0.00078968610706490908
leaf_weight=909557.92462301254 7355438.5005812645 1221965.163819313 633711.12287688255 375462.65662693977 8431245.7643225193 490411.2845158577 997436.84137272835 658196.45701599121 2696347.8299939632 3612335.7412195206 2056904.0432500839 19696342.32487607 3939805.0166523457 1639422.139359951
leaf_count=13318 66685 11277 4021 3528 36208 13822 13859 1779 23338 19611 12359 126311 21421 11735
internal_value=-0.000107248 -0.000529419 -0.00765284 -0.000289471 -0.0028274 0.000314454 -0.00218999 -0.00301625 -0.00368138 -0.0056235 -0.0016428 0.00130798 -0.00141525 0.000124701
internal_weight=5.47146e+07 4.73591e+07 1.54327e+06 4.58159e+07 8.80671e+06 3.70092e+07 1.05116e+07 9.5142e+06 9.02378e+06 6.32744e+06 2.7151e+06 2.64975e+07 6.80119e+06 5.57923e+06
internal_count=379272 312587 17339 295248 39736 255512 84768 70909 57087 33749 14138 170744 44433 33156
cat_boundaries=0 1
cat_threshold=131072
is_linear=0
shrinkage=0.035


Tree=125
num_leaves=15
num_cat=3
split_feature=12 14 0 14 0 1 1 2 5 27 11 0 21 14
split_gain=49192.1 75203.6 63787.3 55784.2 86031.9 72530.9 79905.7 114167 69522.5 64019.4 57646.4 56792.3 49556 45782.3
threshold=0.99015426883496482 1.1694833628063137 0 1.0038121718465678 1 16.500000000000004 13.500000000000002 3.5000000000000004 5.5000000000000009 59.500000000000007 0.96961846415359365 2 1.0000000180025095e-35 1.0239625556666898
decision_type=2 2 1 2 1 2 2 2 2 2 2 1 2 2
left_child=1 13 -3 5 -5 6 -2 9 -6 -8 -10 -12 -7 -1
right_child=3 2 -4 4 8 12 7 -9 10 -11 11 -13 -14 -15
leaf_value=-0.00034364264303512684 0.00022434922115587079 -0.0032408288161262172 -0.0004765038780408305 -0.00032510954050814114 -0.00094976292078005294 0.00085595979920010594 -0.00028244729239124469 0.00061532760644513829 -0.00075314946260304934 -0.0016312939454071363 0.0010920591541675186 9.8351032382877474e-05 -4.7127544834042253e-05 0.00027667364236699332
leaf_weight=9589967.821495533 10440892.014222145 343628.29193305969 377526.57802605629 8085809.5320005417 824097.43430089951 4594307.1394011974 1431987.3823928833 1546624.3034007549 1311594.4189217091 1382706.0140953064 3082143.7285175323 6695095.1785132885 1746351.1614198685 3261851.8124656677
leaf_count=86226 75731 3166 3860 39727 1368 32778 6149 10141 11036 8092 30813 34645 14423 21117
internal_value=-0.000115701 -0.00194282 -0.0129408 0.000487082 -0.000838063 0.00174052 0.000398829 -0.00357998 0.00105319 -0.00777761 0.00178209 0.00270637 0.00487267 -0.00132568
internal_weight=5.47146e+07 1.3573e+07 721155 4.11416e+07 1.99987e+07 2.11429e+07 1.48022e+07 4.36132e+06 1.19129e+07 2.81469e+06 1.10888e+07 9.77724e+06 6.34066e+06 1.28518e+07
internal_count=379272 114369 7026 264903 117589 147314 100113 24382 77862 14241 76494 65458 47201 107343
cat_boundaries=0 2 4 5
cat_threshold=2 262144 268566528 262144 100663424
is_linear=0
shrinkage=0.035


Tree=126
num_leaves=15
num_cat=1
split_feature=12 29 0 13 23 1 14 27 2 28 1 1 31 28
split_gain=48062 60732.2 67587.2 55035.2 65876.9 52431.2 47864.2 46059.8 50421.2 59293.2 45887.6 63864.7 58792.8 55259.7
threshold=1.0488390177566751 1.0000000180025095e-35 0 0.96316597543734361 1.0000000180025095e-35 17.500000000000004 1.1807223977627761 59.500000000000007 5.5000000000000009 22.500000000000004 7.5000000000000009 17.500000000000004 1.0000000180025095e-35 25.500000000000004
decision_type=2 2 1 2 2 2 2 2 2 2 2 2 2 2
left_child=1 3 -3 4 -1 -6 7 -5 10 -10 -9 13 -13 -12
right_child=-2 2 -4 6 5 -7 -8 8 9 -11 11 12 -14 -15
leaf_value=-0.0001056392041802463 0.00049060294195501977 -0.00036043058709048058 -0.0028147321543065904 0.00010643228075883422 0.0001562892350769744 -0.0029701353759106824 -0.00049519087411267857 0.00036609691315616304 -0.00125468725278728 0.0018916736972168246 -0.00012623151032773168 2.3504896080813179e-05 0.0095667294505864635 -0.00086336762939391348
leaf_weight=883791.13427686691 5295460.9054515362 563355.20678901672 285212.38713717461 32161607.201361179 162333.14858078957 475594.13271760941 3378766.8374884129 1216899.8714575768 261896.30106902122 755511.7690038681 2613229.5996303558 2766240.1654205322 97277.535137176514 3797406.6155853271
leaf_count=12838 51595 5974 2303 191574 1659 2395 20023 18028 3670 10434 13720 23512 1071 20476
internal_value=-0.000119111 -0.000458676 -0.0097413 -0.000296498 -0.0068475 -0.0154189 -8.46155e-05 0.000225903 -0.00167429 0.00576491 -0.00239573 -0.00323422 0.0011115 -0.00517538
internal_weight=5.47146e+07 4.94191e+07 848568 4.85706e+07 1.52172e+06 637927 4.70488e+07 4.36701e+07 1.15085e+07 1.01741e+06 1.04911e+07 9.27415e+06 2.86352e+06 6.41064e+06
internal_count=379272 327677 8277 319400 16892 4054 302508 282485 90911 14104 76807 58779 24583 34196
cat_boundaries=0 1
cat_threshold=268435584
is_linear=0
shrinkage=0.035


Tree=127
num_leaves=15
num_cat=2
split_feature=12 14 0 11 14 2 18 6 13 6 27 0 28 1
split_gain=47251.2 70030.7 62472.9 49079.9 48640.2 49357.1 38708.8 36669.7 46368.3 36403.5 41597.9 44703.1 33858.4 48884.8
threshold=0.99277140886267723 1.1228774058946247 0 1.1154145627579455 0.87774408927532799 1.0000000180025095e-35 1.0000000180025095e-35 7.9110490166647356 0.97477497996560469 7.3606893088565695 59.500000000000007 1 57.500000000000007 18.500000000000004
decision_type=2 2 1 2 2 2 2 2 2 2 2 1 2 2
left_child=1 6 -3 4 -2 -6 9 -7 -9 10 -1 -12 -11 -14
right_child=3 2 -4 -5 5 7 -8 8 -10 12 11 -13 13 -15
leaf_value=0.00035901857921107782 0.001184586084910146 -0.0030691996650940769 -0.00051572640856215057 0.0028560566299918396 -0.00026674069439177998 0.00020137832647637089 -0.0024363628066747102 -0.0016034387416469359 -6.2597621182119994e-05 -0.0004866403092494373 0.0004739610475465997 -0.0019520449114715111 0.0001713018745575033 -0.001972706705656514
leaf_weight=5313394.1294367313 709297.14789152145 336145.16072916985 468480.69564342499 538932.1742708683 6468096.2575781345 23455670.479856968 454978.42882704735 282207.04992675781 7792111.3052978516 4630318.3179473877 559199.48770427704 792756.88487386703 2736587.577331543 176407.71379089355
leaf_count=61488 5002 2872 4773 8309 36909 187001 5181 616 15952 16291 8238 16421 9533 686
internal_value=-0.000114145 -0.00175247 -0.0118059 0.000531576 0.000385528 0.000216014 -0.00120082 0.000787346 -0.00124703 -0.000879023 0.00100564 -0.00447581 -0.00254433 0.000412022
internal_weight=5.47146e+07 1.54683e+07 804626 3.92463e+07 3.87074e+07 3.79981e+07 1.46636e+07 3.153e+07 8.07432e+06 1.42087e+07 6.66535e+06 1.35196e+06 7.54331e+06 2.913e+06
internal_count=379272 125483 7645 253789 245480 240478 117838 203569 16568 112657 86147 24659 26510 10219
cat_boundaries=0 2 3
cat_threshold=0 262144 137216
is_linear=0
shrinkage=0.035


Tree=128
num_leaves=15
num_cat=2
split_feature=12 14 11 14 28 28 0 0 6 28 28 27 23 2
split_gain=46426.8 78559.9 54109.4 47217.8 169755 88912.6 112342 77029.1 84096.6 60311.4 66526.1 64791.3 95617.4 67103.2
threshold=0.96479881010771329 1.1694833628063137 1.0617669590340555 0.94592306406186222 25.500000000000004 2.5000000000000004 0 1 7.0098627643219507 32.500000000000007 16.500000000000004 42.500000000000007 1.0000000180025095e-35 3.5000000000000004
decision_type=2 2 2 2 2 2 1 1 2 2 2 2 2 2
left_child=1 -1 3 4 5 -2 -7 8 -6 10 11 -5 -13 -14
right_child=2 -3 -4 9 7 6 -8 -9 -10 -11 -12 12 13 -15
leaf_value=-0.0002750833822917335 -0.0011023690200313286 -0.0027968334887677709 0.0010491954961939648 0.00023224371923479347 0.0031598088846890066 0.0014152967807274776 0.0006648372597171325 -0.0013374935935979034 -0.00020709105506421928 8.4349432664120909e-05 -0.0005197210346867396 -2.8592667786727462e-05 -0.00025961348865788814 -0.0021659338725449027
leaf_weight=5089720.175211668 641162.82965135574 355334.62906432152 2460311.4317097664 5063275.2787208557 394639.0505168438 1109536.4498610497 3346618.2856292725 1248148.8552646637 3050491.2870864868 20794383.293850899 6251031.9353091717 3548671.5883738995 680628.86042809486 680628.86042809486
leaf_count=48642 7667 3607 31871 24661 7238 4378 26347 14505 13209 137843 30159 22509 3318 3318
internal_value=-0.000103659 -0.00317048 0.000235274 -3.0643e-05 0.00213088 0.00655312 0.00830652 -0.00267206 2.68679e-05 -0.000602319 -0.00220169 -0.00042733 -0.00329208 -0.0111781
internal_weight=5.47146e+07 5.44505e+06 4.92695e+07 4.68092e+07 9.7906e+06 5.09732e+06 4.45615e+06 4.69328e+06 3.44513e+06 3.70186e+07 1.62242e+07 9.9732e+06 4.90993e+06 1.36126e+06
internal_count=379272 52249 327023 295152 73344 38392 30725 34952 20447 221808 83965 53806 29145 6636
cat_boundaries=0 1 3
cat_threshold=131072 137218 262144
is_linear=0
shrinkage=0.035


Tree=129
num_leaves=15
num_cat=2
split_feature=12 13 23 1 27 14 35 1 35 0 12 0 5 6
split_gain=44720.8 57232.3 59612.1 51736.5 49007.1 65463.5 58077.3 51715.4 52295.3 50949.6 47695 45177.7 56117.7 43221.3
threshold=1.038248653223538 0.96316597543734361 1.0000000180025095e-35 17.500000000000004 55.500000000000007 1.0673257521216373 39.000000000000007 7.5000000000000009 6.5000000000000009 0 0.99945813345222978 1 5.5000000000000009 8.3059932609174698
decision_type=2 2 2 2 2 2 2 2 2 1 2 1 2 2
left_child=1 2 -1 -4 5 7 -7 13 -9 -6 -11 12 -8 -3
right_child=-2 4 3 -5 9 6 11 8 -10 10 -12 -13 -14 -15
leaf_value=-0.00022194921264698394 0.00035108065565202386 -0.00026275900751756415 0.00016233585423299006 -0.002789544242379682 -4.0124671012066404e-05 -0.0027057418122781083 -0.0012424321907132387 -0.0029403323168731722 0.00023181620129418025 -0.0017571703575921976 -0.00035738024016047985 -0.00034190357644072513 0.00045206427151009795 -0.0013427626296813404
leaf_weight=909557.92462301254 7355438.5005812645 2356209.7200717926 163353.42083191872 470357.70204496384 6910966.9730014801 130276.32914161682 395697.01765632629 115882.02695965767 22375288.846175194 1542070.6332674026 3058705.2255554199 6056457.2981772423 2750795.3171951771 123525.87582397461
leaf_count=13318 66685 32032 1650 2371 37012 1278 378 857 127585 22072 32840 24311 16662 221
internal_value=-0.000103915 -0.000498258 -0.00712763 -0.0153686 -0.000274952 0.00038816 -0.00211273 0.00132291 0.00185179 -0.00225098 -0.00510475 -0.00178423 0.00161799 -0.00347403
internal_weight=5.47146e+07 4.73591e+07 1.54327e+06 633711 4.58159e+07 3.43041e+07 9.33323e+06 2.49709e+07 2.24912e+07 1.15117e+07 4.60078e+06 9.20295e+06 3.14649e+06 2.47974e+06
internal_count=379272 312587 17339 4021 295248 203324 42629 160695 128442 91924 54912 41351 17040 32253
cat_boundaries=0 1 2
cat_threshold=137216 100665472
is_linear=0
shrinkage=0.035


Tree=130
num_leaves=15
num_cat=2
split_feature=31 6 35 0 0 9 6 12 9 17 21 6 14 1
split_gain=44698.4 73347.6 73067.3 68768.5 56788.5 54292.6 54025.9 48983.7 45719.6 43213.7 80677.4 66111.9 49353.5 46541.7
threshold=1.0000000180025095e-35 6.8589864940767029 22.500000000000004 0 1 0.81858430917363356 7.3299675310277541 1.1640344608067872 0.74882452708744951 1.0000000180025095e-35 1.0000000180025095e-35 8.4021674823429802 0.87774408927532799 20.500000000000004
decision_type=2 2 2 1 1 2 2 2 2 2 2 2 2 2
left_child=2 -2 3 -1 5 -4 -3 8 -6 11 12 -10 -11 -14
right_child=1 6 4 -5 7 -7 -8 -9 9 10 -12 -13 13 -15
leaf_value=-0.00029965355020851263 0.013475524511948332 -0.0016291356798635544 -0.0057176985731724429 -0.0026803821147467488 0.0023298214611457832 -0.00036349328766706004 0.0026167145660963682 0.0033568132887054816 0.00016051272138408408 0.0011023425674737003 -0.0028857092865937658 -0.00047500209131844708 -7.4347675661683325e-05 -0.0017557711078968023
leaf_weight=622649.80525708199 151539.66039466858 247063.71250915527 145709.7600107193 379528.27040553093 283627.66789722443 7526723.6588599682 209319.4278717041 542455.79350495338 28002558.494260073 431023.84452366829 319310.73761963844 1178849.4168395996 13938076.600877285 736145.96027517319
leaf_count=6257 3139 1614 1688 3380 1915 73340 889 6081 188477 3038 3393 1645 72026 12390
internal_value=-0.000108544 0.00932902 -0.000214583 -0.00957715 -3.78921e-05 -0.00282303 0.00232336 0.000432455 0.000306119 0.000217049 -0.00128136 0.00100907 -0.000913322 -0.0012562
internal_weight=5.47146e+07 607923 5.41067e+07 1.00218e+06 5.31045e+07 7.67243e+06 456383 4.5432e+07 4.48896e+07 4.4606e+07 1.54246e+07 2.91814e+07 1.51052e+07 1.46742e+07
internal_count=379272 5642 373630 9637 363993 75028 2503 288965 282884 280969 90847 190122 87454 84416
cat_boundaries=0 1 3
cat_threshold=268435584 268435456 262144
is_linear=0
shrinkage=0.035


Tree=131
num_leaves=15
num_cat=1
split_feature=31 6 0 9 6 28 1 1 11 1 1 23 27 14
split_gain=43429.5 71243 61520.2 64131 50571.5 48027.6 163154 90398.5 89924.4 77863 75450.2 108148 76913.7 64768.7
threshold=1.0000000180025095e-35 6.8589864940767029 0 0.81858430917363356 7.3299675310277541 57.500000000000007 19.500000000000004 17.500000000000004 1.0902711569568475 6.5000000000000009 12.500000000000002 1.0000000180025095e-35 47.500000000000007 0.94592306406186222
decision_type=2 2 1 2 2 2 2 2 2 2 2 2 2 2
left_child=2 -2 3 -1 -3 7 8 10 9 -7 -4 -12 -13 -9
right_child=1 4 5 -5 -6 6 -8 13 -10 -11 11 12 -14 -15
leaf_value=-0.0039905736164800049 0.013003881154030139 -0.0015721159310683301 2.1479635894118163e-05 -0.00038649006726098055 0.002525129556282995 -0.0012671326416553873 -0.00126844589673647 0.0011086983574142507 0.0031164269716955919 0.00039496467884174414 -0.00065417197381272495 0.00048893148022968627 -0.00077078837616440931 7.7952415782051124e-05
leaf_weight=180287.67819023132 151539.66039466858 247063.71250915527 13439336.998496771 7634472.1783325672 209319.4278717041 623717.20603227615 1502372.2930214405 2202560.066688776 578471.83029055595 11374034.233009338 7286262.6885089874 2604814.2125396729 1096512.5304679871 5583818.0947523117
leaf_count=2058 3139 1614 89094 75012 889 16543 20172 20538 5012 61250 33075 9590 4900 36386
internal_value=-0.0001031 0.00919954 -0.000207623 -0.00308003 0.00229512 0.000277283 0.00198257 -0.000468003 0.00328485 0.00263497 -0.0015148 -0.00366611 0.00120582 0.00281595
internal_weight=5.47146e+07 607923 5.41067e+07 7.81476e+06 456383 4.62919e+07 1.40786e+07 3.22133e+07 1.25762e+07 1.19978e+07 2.44269e+07 1.09876e+07 3.70133e+06 7.78638e+06
internal_count=379272 5642 373630 77070 2503 296560 102977 193583 82805 77793 136659 47565 14490 56924
cat_boundaries=0 2
cat_threshold=268435456 262144
is_linear=0
shrinkage=0.035


Tree=132
num_leaves=15
num_cat=3
split_feature=12 0 14 11 14 1 1 2 0 5 0 11 28 28
split_gain=46093.8 78883.3 61527.4 49564.1 48523.6 68215.2 73644.4 101009 63059.1 55991.1 55503 52369.6 52161.6 48499.8
threshold=0.98100176941237194 0 1.1694833628063137 1.1089369153782722 1.0038121718465678 16.500000000000004 13.500000000000002 3.5000000000000004 1 5.5000000000000009 2 0.97033549270794106 43.500000000000007 27.500000000000004
decision_type=2 1 2 2 2 2 2 2 1 2 1 2 2 2
left_child=1 -1 -3 4 5 6 -2 -8 13 -10 -11 -12 -9 -6
right_child=3 2 -4 -5 8 -7 7 12 9 10 11 -13 -14 -15
leaf_value=0.00011810027656633106 0.00017172818744763695 -0.00056120537214419247 -0.0024978831171764454 0.0023859479300418368 -0.00058431576593068375 0.00052612085993894398 -0.00088365828929836689 -7.7510369418883665e-06 -0.00084414968775155415 0.0010047154907954496 -0.0009548958115362349 0.00011791189616208873 0.0021177753293705717 -0.00015964666171281732
leaf_weight=4721579.0582847595 11349427.66740036 4509512.4907522202 429402.38092064857 734744.66361260414 2531082.2134830952 7182313.0991251469 2958815.6844177246 1282319.3921585083 839339.9392414093 1965925.797794342 1114394.5082192421 8680127.2826924324 366357.129322052 6049241.5036818981
leaf_count=46312 82380 35210 3968 11047 9374 51804 15151 8039 1435 24151 8340 47189 2585 32287
internal_value=-0.000101497 -0.00229534 -0.00538768 0.000368907 0.000219435 0.00132743 5.24814e-05 -0.00367931 -0.000991046 0.000584925 0.00120824 0.000131005 0.00326304 -0.00330528
internal_weight=5.47146e+07 9.66049e+06 4.93891e+06 4.50541e+07 4.43193e+07 2.31392e+07 1.59569e+07 4.60749e+06 2.11801e+07 1.25998e+07 1.17604e+07 9.79452e+06 1.64868e+06 8.58032e+06
internal_count=379272 85490 39178 293782 282735 159959 108155 25775 122776 81115 79680 55529 10624 41661
cat_boundaries=0 1 3 4
cat_threshold=302121090 268566528 262144 100663296
is_linear=0
shrinkage=0.035


Tree=133
num_leaves=15
num_cat=1
split_feature=12 14 0 8 14 2 6 11 28 28 1 1 1 14
split_gain=43174.9 56065.6 51544.9 48076.7 45656.2 44599.9 35115.5 35775.9 34684.3 33414.4 45820.7 44665.5 34617 32740.9
threshold=0.99277140886267723 1.1228774058946247 0 0.91651745689465181 0.87774408927532799 1.0000000180025095e-35 8.0005268660031277 0.99756204687211747 7.5000000000000009 59.500000000000007 17.500000000000004 10.500000000000002 20.500000000000004 1.0239625556666898
decision_type=2 2 1 2 2 2 2 2 2 2 2 2 2 2
left_child=1 13 -3 -2 -5 8 7 -7 -6 10 11 -10 -11 -1
right_child=3 2 -4 4 5 6 -8 -9 9 12 -12 -13 -14 -15
leaf_value=-0.000278373082860582 0.0040565017125403441 -0.0025779951569791359 -0.00044489631899826689 0.0010942605819726926 0.00035427924763264392 6.9497781860598962e-07 -0.00010155199430849665 0.0003564503173032063 -0.00017443784944424012 0.00027859369925905164 0.00030754913839653155 -0.0010599429851039413 -0.0030666407609436664 0.00019930344564208371
leaf_weight=10884863.299917698 267879.47538352013 336145.16072916985 468480.69564342499 722056.37626457214 823215.14660453796 12382435.937559366 6120726.6131591797 13249027.647999525 1351619.8725383282 1559972.4265565872 846184.15951371193 1815682.6812458038 107514.07799696922 3778779.2399940491
leaf_count=94542 3286 2872 4773 5188 3974 91159 11356 105229 7665 10419 5368 7975 2170 23296
internal_value=-9.87883e-05 -0.00166486 -0.0106602 0.000518451 0.000416896 0.000252329 0.000793199 0.00136198 -0.00238809 -0.00336103 -0.00509121 -0.00702418 0.000803382 -0.00117126
internal_weight=5.47146e+07 1.54683e+07 804626 3.92463e+07 3.89784e+07 3.82564e+07 3.17522e+07 2.56315e+07 6.50419e+06 5.68097e+06 4.01349e+06 3.1673e+06 1.66749e+06 1.46636e+07
internal_count=379272 125483 7645 253789 250503 245315 207744 196388 37571 33597 21008 15640 12589 117838
cat_boundaries=0 2
cat_threshold=0 262144
is_linear=0
shrinkage=0.035


Tree=134
num_leaves=15
num_cat=4
split_feature=31 35 0 0 14 0 27 0 14 28 1 11 9 14
split_gain=42707.6 66063.2 59041.6 49287.6 84249.2 69889.7 71978.5 67743.6 65921.9 63976.3 62723 61691.6 60066.7 47689.4
threshold=1.0000000180025095e-35 22.500000000000004 0 1 0.98774795522931602 2 59.500000000000007 3 0.90323770592447772 26.500000000000004 17.500000000000004 1.0938931410688297 0.98158533835630213 1.0429066411824164
decision_type=2 2 1 1 2 1 2 1 2 2 2 2 2 2
left_child=1 2 -1 4 7 -6 13 9 10 -3 -5 -10 -8 -7
right_child=-2 3 -4 8 5 6 12 -9 11 -11 -12 -13 -14 -15
leaf_value=-0.00029582024896251268 0.0024195704288603186 0.00016484109602739314 -0.0024911996766877119 0.00022203191566576598 0.00056402675480854761 0.00042167516108498464 -0.0062456445645702125 -0.0017995995252358752 -2.3436046237450104e-05 -0.0027448295590764174 0.0016421824433345065 0.0018694461012013629 -0.0011178364106767865 -0.00057312470973250925
leaf_weight=622649.80525708199 607922.80077552795 1351089.9720342159 379528.27040553093 3946393.1225225925 3172448.7013261318 2417510.6585183144 189023.59023237228 1229709.0004692078 35009039.660502434 466700.63776421547 1278250.9116258621 796207.11935138702 757388.63587665558 2490719.9244449139
leaf_count=6257 5642 16515 3380 27231 28811 22480 1920 13799 198356 6547 11448 9320 9686 17880
internal_value=-0.000100412 -0.000204062 -0.00910659 -3.60536e-05 -0.00200161 -0.000302922 -0.0025699 -0.00703332 0.000542385 -0.00274123 0.00421501 6.48031e-06 -0.0114076 -0.000865788
internal_weight=5.47146e+07 5.41067e+07 1.00218e+06 5.31045e+07 1.20746e+07 9.02709e+06 5.85464e+06 3.0475e+06 4.10299e+07 1.81779e+06 5.22464e+06 3.58052e+07 946412 4.90823e+06
internal_count=379272 373630 9637 363993 117638 80777 51966 36861 246355 23062 38679 207676 11606 40360
cat_boundaries=0 1 3 4 6
cat_threshold=268435584 335544320 262144 67108864 268435456 262144
is_linear=0
shrinkage=0.035


Tree=135
num_leaves=15
num_cat=2
split_feature=9 31 6 35 0 1 1 0 9 9 17 21 6 14
split_gain=40501.6 39809.7 71879.2 63235.3 55215 48731.4 59150.3 44615.6 49085.4 40849.9 39245.4 82034.1 62702.7 42686.1
threshold=1.8201955231013425 1.0000000180025095e-35 6.7521798621251587 26.500000000000004 0 9.5000000000000018 15.500000000000002 1 0.81858430917363356 0.71282979736162122 1.0000000180025095e-35 1.0000000180025095e-35 8.4021674823429802 0.87774408927532799
decision_type=2 2 2 2 1 2 2 1 2 2 2 2 2 2
left_child=1 3 -3 4 -1 -4 -7 8 -5 -9 12 13 -11 -12
right_child=-2 2 5 7 -6 6 -8 9 -10 10 11 -13 -14 -15
leaf_value=-0.00033859129407393882 0.0056104900834130084 0.012703417622663039 0.0037313642764523537 -0.0052687648160879719 -0.0024191086554919065 -0.0028270435169220299 0.002041577176134751 0.0024912050226196009 -0.00032196892014427431 0.0001569053709601811 0.0010200912371877997 -0.0028509807347042618 -0.00046122000970751721 -9.8703246859268765e-05
leaf_weight=683432.49659109116 162101.55069732666 145206.86606788635 129243.12777709961 145709.7600107193 376942.2981877327 176992.33665466309 156480.47027587891 230877.80258178711 7520297.2878046036 28285888.176040173 435048.33584833145 339194.80159044266 1178849.4168395996 14748318.084139109
leaf_count=6911 2025 3078 570 1688 3266 1174 820 1443 72925 191703 3075 3560 1645 85389
internal_value=-9.03996e-05 -0.00014231 0.00876407 -0.000242681 -0.00870531 0.00202195 -0.00504924 -7.29961e-05 -0.00254199 0.000345583 0.000270219 -0.00115403 0.00102054 -0.000773729
internal_weight=5.47146e+07 5.45525e+07 607923 5.39446e+07 1.06037e+06 462716 333473 5.28842e+07 7.66601e+06 4.52182e+07 4.49873e+07 1.55226e+07 2.94647e+07 1.51834e+07
internal_count=379272 377247 5642 371605 10177 2564 1994 361428 74613 286815 285372 92024 193348 88464
cat_boundaries=0 1 3
cat_threshold=268435584 268435456 262144
is_linear=0
shrinkage=0.035


Tree=136
num_leaves=15
num_cat=1
split_feature=12 27 0 31 6 35 6 2 28 28 28 2 28 6
split_gain=39795.6 51999.1 56823.2 65542.2 57403.5 49707.2 42426.1 40706.3 62566.4 85480 58711.8 78854.7 57145.8 79624.5
threshold=1.038248653223538 55.500000000000007 0 1.0000000180025095e-35 6.7521798621251587 1.5000000000000002 7.3299675310277541 5.5000000000000009 25.500000000000004 18.500000000000004 13.500000000000002 1.5000000000000002 52.500000000000007 7.4106722066485853
decision_type=2 2 1 2 2 2 2 2 2 2 2 2 2 2
left_child=1 5 7 -4 -5 -1 -6 8 9 10 11 -3 13 -10
right_child=-2 2 3 4 6 -7 -8 -9 12 -11 -12 -13 -14 -15
leaf_value=-0.0027115605021208865 0.00032912495881401037 0.0012656475880114342 -0.0009345117133981323 0.011484136226094149 -0.0023185816406526621 3.3105382552226126e-05 0.0018852156850513882 0.0011220000163232409 0.00071693158439914537 0.0016405943597529108 -0.0013797922566172842 -0.00039515817333398025 1.1208901665469009e-05 -0.0010492178279874109
leaf_weight=107735.20844388008 7355438.5005812645 490893.3286857605 4499820.4209704399 116309.47697353363 135812.7571182251 35232383.134410143 174120.12852478027 700166.14625358582 446377.38962769508 588127.53273844719 407801.09913372993 722984.68829870224 2144143.9129509926 1592469.0863952637
leaf_count=875 66685 2178 55643 2564 884 213214 732 6147 5168 2951 1969 3366 11559 5337
internal_value=-8.71626e-05 -0.000459157 -0.00244783 -0.00533557 0.00778169 0.000217182 -8.68866e-05 -0.000442278 -0.00131977 0.00344409 -0.000701429 0.00315856 -0.00383644 -0.00803161
internal_weight=5.47146e+07 4.73591e+07 1.2019e+07 4.92606e+06 426242 3.53401e+07 309933 7.09296e+06 6.3928e+06 2.20981e+06 1.62168e+06 1.21388e+06 4.18299e+06 2.03885e+06
internal_count=379272 312587 98498 59823 4180 214089 1616 38675 32528 10464 7513 5544 22064 10505
cat_boundaries=0 1
cat_threshold=137216
is_linear=0
shrinkage=0.035


Tree=137
num_leaves=15
num_cat=1
split_feature=14 28 1 0 12 1 21 6 1 17 21 28 27 26
split_gain=39879.8 57344.3 103681 85888.9 91990.8 84913.4 121967 139096 77651.7 98234.7 64352.9 73105.9 76164.5 62574.2
threshold=1.1807223977627761 59.500000000000007 20.500000000000004 0 0.95401684184645652 17.500000000000004 1.0000000180025095e-35 7.4106722066485853 11.500000000000002 1.0000000180025095e-35 1.0000000180025095e-35 16.500000000000004 19.500000000000004 1.0000000180025095e-35
decision_type=2 2 2 1 2 2 2 2 2 2 2 2 2 2
left_child=1 5 3 4 -3 8 -7 -8 -1 -10 11 -11 -13 -5
right_child=-2 2 -4 13 -6 6 7 -9 9 10 -12 12 -14 -15
leaf_value=5.0519539567943814e-05 -0.00040827803244448984 -0.0014338860048600502 -0.0017407058311083043 0.00067794119703200285 0.0002215524155945766 0.0006512142397420539 0.00046312589917284121 -0.0015149387828725443 -0.0001384611906976473 -9.622498622341773e-05 -0.0039891500901921579 -0.00043244768115654878 -0.0018282450332378689 -0.0024877017451334451
leaf_weight=13401574.788518429 4416678.8577980995 856425.66777133942 753850.98036408424 7018396.4518649578 4306132.8800499439 6378399.4686055183 1592139.0997161865 982588.63598632812 9751421.5996456146 1840289.7014293671 196046.56911849976 1631561.0783462524 1454221.1824131012 134855.84947872162
leaf_count=99922 29073 4654 15413 58102 25253 49709 20570 2673 48636 8748 1458 6426 7818 817
internal_value=-8.62111e-05 0.000193794 0.00218833 0.00295959 -0.00048094 -0.000506425 0.00246411 -0.0039656 -0.00144703 -0.00318808 -0.00711274 -0.00633007 -0.00962278 0.00544263
internal_weight=5.47146e+07 5.02979e+07 1.30697e+07 1.23158e+07 5.16256e+06 3.72282e+07 8.95313e+06 2.57473e+06 2.82751e+07 1.48735e+07 5.12212e+06 4.92607e+06 3.08578e+06 7.15325e+06
internal_count=379272 350199 104239 88826 29907 245960 72952 23243 173008 73086 24450 22992 14244 58919
cat_boundaries=0 2
cat_threshold=6144 262144
is_linear=0
shrinkage=0.035


Tree=138
num_leaves=15
num_cat=2
split_feature=12 0 14 0 1 28 1 27 14 5 5 28 2 28
split_gain=41487.9 69006.7 47429.6 71871.3 63798.4 79292.7 88923.3 107760 61632.3 64240.9 58763.5 56891.9 78217.9 63649.2
threshold=0.98100176941237194 0 1.0038121718465678 1 16.500000000000004 55.500000000000007 11.500000000000002 59.500000000000007 1.0123130853103539 5.5000000000000009 44.500000000000007 24.500000000000004 3.5000000000000004 19.500000000000004
decision_type=2 1 2 1 2 2 2 2 2 2 2 2 2 2
left_child=1 -1 4 8 5 6 -2 -8 -4 -10 -7 13 -13 -9
right_child=2 -3 3 -5 -6 10 7 11 9 -11 -12 12 -14 -15
leaf_value=0.00011409894068170498 0.00019636037522622064 -0.0006925266500885797 -0.0011788967148482674 -0.00018802200583705977 0.00052466851674210792 0.0013174936335279396 3.28481955845099e-05 -0.00083454916466419631 -0.0012063642029461225 0.001013685563814619 -0.00041994213167788184 -0.0022464470163349719 -0.00027758713860261028 0.0021852681874701095
leaf_weight=4721579.0582847595 7548766.1797394753 4938914.8716728687 543210.16824483871 17289048.660578489 7306277.480897665 1438229.1721832752 3756877.6566562653 1119184.2003669739 293128.34186148643 3420664.1176843643 495090.05370426178 1059208.4359912872 513982.25106239319 270422.16217803955
leaf_count=46312 56036 39178 6933 87060 54519 14406 18543 6580 686 32936 3924 6530 3842 1787
internal_value=-8.5367e-05 -0.00216671 0.000360916 -0.000825263 0.0014481 0.000223671 -0.000677626 -0.00360616 0.00324849 0.00485913 0.00687546 -0.00859713 -0.0131554 -0.00343665
internal_weight=5.47146e+07 9.66049e+06 4.50541e+07 2.15461e+07 2.3508e+07 1.62018e+07 1.42684e+07 6.71967e+06 4.257e+06 3.71379e+06 1.93332e+06 2.9628e+06 1.57319e+06 1.38961e+06
internal_count=379272 85490 293782 127615 166167 111648 93318 37282 40555 33622 18330 18739 10372 8367
cat_boundaries=0 1 2
cat_threshold=302121090 100663424
is_linear=0
shrinkage=0.035


Tree=139
num_leaves=15
num_cat=4
split_feature=12 0 12 14 0 6 5 0 28 5 0 27 28 28
split_gain=40101.7 48476.5 52999.1 44126.8 65616.9 57042.1 57076.6 79131.8 57934.2 53704.6 53974.5 56465.7 51851.6 75447.5
threshold=0.99277140886267723 0 0.89036754726224421 1.0038121718465678 1 6.4943619877683654 20.500000000000004 2 41.500000000000007 3.5000000000000004 3 59.500000000000007 25.500000000000004 52.500000000000007
decision_type=2 1 2 2 1 2 2 1 2 2 1 2 2 2
left_child=1 2 -1 4 12 -6 8 -8 -7 -5 11 -11 -2 -14
right_child=3 -3 -4 9 5 6 7 -9 -10 10 -12 -13 13 -15
leaf_value=-0.0037519535875897821 0.00071776683598485914 -0.00010966013977222906 -0.00072157374909663876 -0.00083452509886483518 0.0011531036820312977 -2.4436610800343803e-05 -0.0018819263413296361 -0.000187236952845518 0.00092929233430307184 0.00035029307697091516 -0.00022708264660055444 -0.00057650894088056496 -0.00015967497201919363 0.00090291746024784519
leaf_weight=193978.88889598846 2563848.6802837849 13655874.468425751 1618415.0389626026 687499.31200647354 2162783.9406013489 4607599.9475708008 625979.3532409668 5633459.7114486694 1800664.861289978 7601969.7385969162 9143202.8248381615 1766583.2728691101 1905479.4159884453 747243.35608744621
leaf_count=2460 10124 110547 12476 1092 53509 21726 4985 30948 9544 47010 51074 14370 6013 3394
internal_value=-6.78127e-05 -0.00157712 -0.0069554 0.000527053 0.00167557 0.000487977 -0.000408928 -0.00278604 0.00191298 -0.000672177 -0.000315441 0.00155159 0.00505182 0.00162132
internal_weight=5.47146e+07 1.54683e+07 1.81239e+06 3.92463e+07 2.00471e+07 1.48305e+07 1.26677e+07 6.25944e+06 6.40826e+06 1.91993e+07 1.85118e+07 9.36855e+06 5.21657e+06 2.65272e+06
internal_count=379272 125483 14936 253789 140243 120712 67203 35933 31270 113546 112454 61380 19531 9407
cat_boundaries=0 2 3 4 5
cat_threshold=0 262144 131072 100663296 100669568
is_linear=0
shrinkage=0.035


Tree=140
num_leaves=15
num_cat=2
split_feature=12 14 1 0 28 1 1 27 1 28 20 18 14 0
split_gain=39203.4 48112.5 48291.3 40309 39559.3 95746 73408.2 69655.5 66148.9 56510.2 62775.8 83461.7 78636.4 119832
threshold=1.0836789748669984 1.1807223977627761 19.500000000000004 0 59.500000000000007 18.500000000000004 18.500000000000004 47.500000000000007 6.5000000000000009 23.500000000000004 1.0000000180025095e-35 1.0000000180025095e-35 0.94592306406186222 1
decision_type=2 2 2 1 2 2 2 2 2 2 2 2 2 1
left_child=1 4 3 -3 6 8 9 -7 -6 10 12 -12 13 -1
right_child=-2 2 -4 -5 5 7 -8 -9 -10 -11 11 -13 -14 -15
leaf_value=-0.0016430406837537319 0.00084290964088503198 0.0012066066784882892 -0.0020278823372806868 -0.00044030000548137053 -0.00114174073539616 -0.0013731003368873665 0.00042614775525567195 0.00032249667993978348 0.00045404082802947914 -0.00026857091407246815 -8.2310264285839947e-05 -0.0035667902603880096 -9.1229271187767789e-05 0.00078701566785202267
leaf_weight=366992.63957381248 2204706.1819200516 379471.18765044212 436419.92962145805 3206292.4655330181 542829.81248807907 1156047.9701778889 5741698.9097311497 968181.88746929169 9545619.1286597252 15951015.858005762 558167.41113376617 319206.44741916656 9472595.7449061871 3865337.2368166447
leaf_count=3497 24436 4322 5110 15954 15339 12614 59169 10651 54867 85640 4313 3381 52337 27642
internal_value=-7.00734e-05 -0.000262044 -0.00394046 -0.00260251 4.30912e-05 0.00176605 -0.000536976 -0.00498752 0.00318809 -0.00121974 0.000355062 -0.00872094 0.000936103 0.0049024
internal_weight=5.47146e+07 5.25099e+07 4.02218e+06 3.58576e+06 4.84877e+07 1.22127e+07 3.6275e+07 2.12423e+06 1.00884e+07 3.05333e+07 1.45823e+07 877374 1.37049e+07 4.23233e+06
internal_count=379272 354836 25386 20276 329450 93471 235979 23265 70206 176810 91170 7694 83476 31139
cat_boundaries=0 1 2
cat_threshold=100663296 67108864
is_linear=0
shrinkage=0.035


Tree=141
num_leaves=15
num_cat=0
split_feature=31 6 35 27 5 2 12 28 9 6 28 1 1 19
split_gain=38501.8 69434 54945.4 44013.8 60495.6 70086.7 53329.1 65590.1 46749.5 56458.7 46467.8 71951.5 52924.3 43801.9
threshold=1.0000000180025095e-35 6.7521798621251587 22.500000000000004 55.500000000000007 20.500000000000004 5.5000000000000009 0.99746786928037245 52.500000000000007 1.0042303076394137 7.5026273891041511 25.500000000000004 7.5000000000000009 16.500000000000004 1.0000000180025095e-35
decision_type=2 2 2 2 2 2 2 2 2 2 2 2 2 2
left_child=2 -2 -1 8 6 10 -5 -8 9 13 -6 -12 -13 -4
right_child=1 -3 3 4 5 -7 7 -9 -10 -11 11 12 -14 -15
leaf_value=-0.0010861140532050857 0.01186590412241789 0.00039690118762525617 0.00041211215683290578 -0.0010807382213668341 -4.2867356609619887e-05 0.0010075621778202772 -5.7306227177776214e-05 0.00105386091263503 0.00042596217986949007 -0.00012551876399467468 0.00050279155191821127 -0.0010976185526643074 -0.0003288757946377045 -0.00018428248035171342
leaf_weight=1002178.0756626129 145206.86606788635 462715.9347076416 10589181.993052006 734862.17453241348 3024468.8408124447 914270.71328401566 2507164.0542321205 1718454.1509981155 6509882.5941627026 15969385.118469238 685515.37521004677 3676716.0184421539 2216431.6685798168 4558149.2328932285
leaf_count=9637 3078 2564 94220 8766 22206 12964 18348 14599 53628 39887 10497 22464 17472 48942
internal_value=-7.9877e-05 0.00867912 -0.000178292 -2.50709e-05 -0.00159612 -0.00309885 0.00159003 0.00310341 0.000621186 5.69002e-05 -0.00398043 -0.00563122 -0.00687962 0.00158768
internal_weight=5.47146e+07 607923 5.41067e+07 5.31045e+07 1.54779e+07 1.05174e+07 4.96048e+06 4.22562e+06 3.76266e+07 3.11167e+07 9.60313e+06 6.57866e+06 5.89315e+06 1.51473e+07
internal_count=379272 5642 373630 363993 127316 85603 41713 32947 236677 183049 72639 50433 39936 143162
is_linear=0
shrinkage=0.035


Tree=142
num_leaves=15
num_cat=1
split_feature=12 0 28 11 1 1 5 27 2 28 6 1 1 28
split_gain=38945.6 63547.3 43092.4 42117.2 33490.9 45830 42694.5 37298.9 31375.5 41022.5 34866.7 29405.4 52996.5 42511.3
threshold=0.98100176941237194 0 59.500000000000007 1.1089369153782722 17.500000000000004 8.5000000000000018 13.500000000000002 13.500000000000002 1.0000000180025095e-35 7.5000000000000009 7.9709718983248523 16.500000000000004 9.5000000000000018 59.500000000000007
decision_type=2 1 2 2 2 2 2 2 2 2 2 2 2 2
left_child=1 2 -1 8 5 7 -7 -4 9 -2 -10 12 -11 -14
right_child=3 -3 4 -5 -6 6 -8 -9 10 11 -12 -13 13 -15
leaf_value=-0.00033728445621232256 0.00039143245938979404 -0.00059723303761883585 -0.0015853648888234071 0.0021554684708438082 -0.00043820430732207575 0.000172419536915565 0.0015873449534724586 0.00036375319406715631 0.00015636233382053681 2.5073783426354448e-05 -0.0001128107178426392 5.2302286571970847e-05 -0.0010474589719746037 -4.8089589669633061e-07
leaf_weight=1962053.1718113422 1043409.3204312325 5760367.2965326309 129862.56182432175 734744.66361260414 381221.79124927521 473142.27327728271 737577.08751869202 216269.7477440834 29124817.885647058 1767121.3089952469 7623634.5408325195 2105805.9792399406 1981924.6984596252 672630.48393058777
leaf_count=24373 5168 47188 835 11047 3352 2914 4601 2227 224292 11911 14879 12826 9375 4284
internal_value=-6.99613e-05 -0.00208653 0.00136334 0.000362432 0.00506501 0.00734174 0.0105526 -0.00388921 0.000224646 -0.00182705 0.000647334 -0.0028571 -0.00447825 -0.00760458
internal_weight=5.47146e+07 9.66049e+06 3.90013e+06 4.50541e+07 1.93807e+06 1.55685e+06 1.21072e+06 346132 4.43193e+07 7.57089e+06 3.67485e+07 6.52748e+06 4.42168e+06 2.65456e+06
internal_count=379272 85490 38302 293782 13929 10577 7515 3062 282735 43564 239171 38396 25570 13659
cat_boundaries=0 1
cat_threshold=302121088
is_linear=0
shrinkage=0.035


Tree=143
num_leaves=15
num_cat=4
split_feature=31 6 35 0 1 1 0 14 6 14 0 0 1 11
split_gain=37653.9 67263.6 49447 51094.8 44466.8 55058.3 41279.6 74656.8 83591.1 61444.1 60503 58511.6 55238.3 53076.5
threshold=1.0000000180025095e-35 6.7521798621251587 22.500000000000004 0 9.5000000000000018 15.500000000000002 1 0.98774795522931602 6.4595005923695856 0.90323770592447772 2 3 17.500000000000004 1.0938931410688297
decision_type=2 2 2 1 2 2 1 2 2 2 1 1 2 2
left_child=2 -2 3 -1 -3 -6 7 8 -4 12 -9 -10 -8 -11
right_child=1 4 6 -5 5 -7 9 10 11 13 -12 -13 -14 -15
leaf_value=-0.00020029259702557649 0.011447661791871813 0.003572389929341301 0.00076817038551185257 -0.0021749747435082256 -0.0026135230985360873 0.0019370874079514837 0.00020244001425766489 0.00051234435044876156 -0.00066819693870170157 -1.9866706117643604e-05 -0.0003512137430210471 -0.0019888349352490688 0.0015496292999104802 0.0017267279664030064
leaf_weight=622649.80525708199 145206.86606788635 129243.12777709961 737907.94465637207 379528.27040553093 176992.33665466309 156480.47027587891 3946393.1225225925 3172448.7013261318 1261129.4625015259 35009039.660502434 5854642.8090722561 1048462.2031097412 1278250.9116258621 796207.11935138702
leaf_count=6257 3078 570 19721 3380 1174 820 27231 28811 9077 198356 51966 8063 11448 9320
internal_value=-6.71288e-05 0.00859488 -0.000164454 -0.00786645 0.00207282 -0.00468188 -1.91014e-05 -0.0018179 -0.00655452 0.000510265 -0.000218845 -0.009831 0.00405597 -7.11944e-06
internal_weight=5.47146e+07 607923 5.41067e+07 1.00218e+06 462716 333473 5.31045e+07 1.20746e+07 3.0475e+06 4.10299e+07 9.02709e+06 2.30959e+06 5.22464e+06 3.58052e+07
internal_count=379272 5642 373630 9637 2564 1994 363993 117638 36861 246355 80777 17140 38679 207676
cat_boundaries=0 1 3 4 6
cat_threshold=268435584 335544320 262144 67108864 268435456 262144
is_linear=0
shrinkage=0.035


Tree=144
num_leaves=15
num_cat=3
split_feature=12 8 14 14 0 6 5 0 28 5 0 5 28 28
split_gain=37050.9 43470.2 43011.3 39615 57166.5 50786.4 51172.4 65944.5 51698.2 49813.9 46003.2 45999.4 43531 65901
threshold=0.99277140886267723 0.87334463782472904 1.1228774058946247 1.0038121718465678 0 6.4337105165631465 20.500000000000004 1 41.500000000000007 3.5000000000000004 2 6.5000000000000009 25.500000000000004 52.500000000000007
decision_type=2 2 2 2 1 2 2 1 2 2 1 2 2 2
left_child=2 -2 -1 4 12 -6 8 -8 -7 -5 11 -11 -3 -14
right_child=1 3 -4 9 5 6 7 -9 -10 10 -12 -13 13 -15
leaf_value=-0.00013295696062882599 0.0055092445812166329 0.00064245617483646151 -0.0013958822791538933 -0.00083399605904467468 0.0011758034805899398 -1.7213705969250885e-05 -0.0017069922064105213 -0.00017888919852788025 0.00088159258695329895 -0.0018296685889470673 -0.00010589642388181412 0.00095077277895215496 -0.00014562317469086651 0.00077867014874125257
leaf_weight=14663642.539911747 128293.66319155693 2522035.6769516468 804625.85637259483 687499.31200647354 1924337.5914268494 4683136.0559310913 650040.82788085938 5718575.5461120605 1820857.7919616699 96972.809392213821 16618023.588171244 1748065.5828306675 1901328.6128783226 747147.35608744621
leaf_count=117838 1495 9707 7645 1092 50286 22575 5302 32106 9892 260 89257 22456 5971 3390
internal_value=-6.20366e-05 0.000509754 -0.00151279 0.000443044 0.00153383 0.000426797 -0.000366003 -0.00259608 0.00181766 -0.00069427 -0.000349809 0.00489337 0.00470191 0.00156805
internal_weight=5.47146e+07 3.92463e+07 1.54683e+07 3.9118e+07 1.99675e+07 1.47969e+07 1.28726e+07 6.36862e+06 6.50399e+06 1.91506e+07 1.84631e+07 1.84504e+06 5.17051e+06 2.64848e+06
internal_count=379272 253789 125483 252294 139229 120161 69875 37408 32467 113065 111973 22716 19068 9361
cat_boundaries=0 1 2 3
cat_threshold=131072 100663296 100663296
is_linear=0
shrinkage=0.035


Tree=145
num_leaves=15
num_cat=3
split_feature=31 6 35 0 27 0 9 5 28 14 14 14 0 28
split_gain=35881.7 65854.8 47020.6 47500.9 41799.9 80714.3 54001.4 51505.7 93639.2 69626.9 69330 64219 54997.9 48646.8
threshold=1.0000000180025095e-35 6.7521798621251587 22.500000000000004 0 55.500000000000007 1 0.97772799321167991 37.500000000000007 57.500000000000007 0.94592306406186222 1.0038121718465678 0.90323770592447772 2 24.500000000000004
decision_type=2 2 2 1 2 1 2 2 2 2 2 2 1 2
left_child=2 -2 3 -1 -4 6 -6 8 9 -7 -10 12 13 -9
right_child=1 -3 4 -5 5 7 -8 11 10 -11 -12 -13 -14 -15
leaf_value=-0.00018902627276317391 0.011020323151465861 0.00038512791598308336 7.04930507018057e-05 -0.0020801764791153936 -0.0047814923023521512 0.00048380075902972167 -0.00094597588145540004 0.001466454981530101 0.001552669876550673 -0.00045457452991636997 0.00019238721080804203 -0.00082511218188331334 -0.00080202321273219917 8.8375417177285033e-05
leaf_weight=622649.80525708199 145206.86606788635 462715.9347076416 37626598.938577175 379528.27040553093 261838.67423129082 1740903.2262022495 1431269.2002768517 454285.8630592823 1187271.5878582001 3663635.1698131561 1573975.4234890938 2858206.884147644 1001588.4818365574 1304908.4851768017
leaf_count=6257 3078 2564 236677 3380 3592 13214 19628 2480 10532 27421 12009 19858 11470 7112
internal_value=-5.77833e-05 0.00839794 -0.00015279 -0.00766344 -1.10492e-05 -0.00154207 -0.00875385 -0.000656276 0.00111843 -0.00156056 0.00636196 -0.00323536 0.000571805 0.00429924
internal_weight=5.47146e+07 607923 5.41067e+07 1.00218e+06 5.31045e+07 1.54779e+07 1.69311e+06 1.37848e+07 8.16579e+06 5.40454e+06 2.76125e+06 5.61899e+06 2.76078e+06 1.75919e+06
internal_count=379272 5642 373630 9637 363993 127316 23220 104096 63176 40635 22541 40920 21062 9592
cat_boundaries=0 1 3 4
cat_threshold=268435584 33554432 262144 137216
is_linear=0
shrinkage=0.035


Tree=146
num_leaves=15
num_cat=2
split_feature=12 27 27 1 3 19 1 14 0 27 0 5 5 2
split_gain=35877.7 45634.8 49056.6 75794.1 70731.7 67874.8 64483.6 59492.8 109872 78833.9 73748.5 68863.8 50765.6 50357.5
threshold=1.0488390177566751 55.500000000000007 6.5000000000000009 8.5000000000000018 1.5000000000000002 1.0000000180025095e-35 13.500000000000002 1.0429066411824164 0 33.500000000000007 1 5.5000000000000009 31.500000000000004 4.5000000000000009
decision_type=2 2 2 2 2 2 2 2 1 2 1 2 2 2
left_child=1 2 3 4 -1 6 -5 8 9 -4 11 -9 -10 -14
right_child=-2 -3 7 5 -6 -7 -8 10 12 -11 -12 -13 13 -15
leaf_value=-0.0011204931514737964 0.00042481771631245024 -0.00024405893087729643 -0.00034904414232204522 0.00081019665689522247 0.0047224465690523286 -0.00077318150022681891 -0.00018798933143687388 -0.00083584367570453634 0.00031747627322313348 0.0009420216130797619 -0.00034769594046264572 0.00037512705539833544 0.0011757073828723252 -0.00044432113101980304
leaf_weight=1316645.9819505215 5295460.9054515362 13246286.845761538 5409392.3069372177 1718788.1575603485 113038.74653625488 1898075.6091444492 2964574.589600563 608971.81750679016 7215665.3971714973 947993.78844928741 5877834.9335038662 5432751.331246376 2252030.4640305042 417071.93625569344
leaf_count=9190 51595 107228 31878 8164 3663 13186 16091 592 50120 5686 28235 32074 16145 5425
internal_value=-5.36006e-05 -0.000346982 0.00029663 -0.00211999 -0.00942427 -0.000533269 0.0017295 0.000984083 0.00236218 -0.00122732 -0.000893774 0.00182168 0.00467076 0.00879482
internal_weight=5.47146e+07 4.94191e+07 3.61728e+07 8.01112e+06 1.42968e+06 6.58144e+06 4.68336e+06 2.81617e+07 1.62422e+07 6.35739e+06 1.19196e+07 6.04172e+06 9.88477e+06 2.6691e+06
internal_count=379272 327677 220449 50294 12853 37441 24255 170155 109254 37564 60901 32666 71690 21570
cat_boundaries=0 1 2
cat_threshold=67115008 100669568
is_linear=0
shrinkage=0.035


Tree=147
num_leaves=15
num_cat=1
split_feature=12 0 14 27 11 14 28 1 1 21 1 21 3 28
split_gain=37242.4 46169.7 49024.6 40395.8 34923 35547.3 38756.3 65046.6 57778.1 88707.4 70506.9 106183 78190.8 67737
threshold=0.99114839963519052 0 1.1228774058946247 6.5000000000000009 1.1431321306073918 1.1807223977627761 59.500000000000007 20.500000000000004 16.500000000000004 1.0000000180025095e-35 12.500000000000002 1.0000000180025095e-35 1.0000000180025095e-35 4.5000000000000009
decision_type=2 1 2 2 2 2 2 2 2 2 2 2 2 2
left_child=1 2 -1 -3 5 6 8 -8 10 -10 -2 13 -13 -12
right_child=4 3 -4 -5 -6 -7 7 -9 9 -11 11 12 -14 -15
leaf_value=-0.00041869940231305269 7.2972834011152639e-05 -0.00070864743614187009 -0.001887627496503039 0.00011991010725134112 0.0031751382156301722 -0.00033226979415018024 0.00050999010921795617 -0.0013725274904638331 0.00053904352171989071 -0.00041704252499019358 0.00039277302663519997 0.0011569088710210859 -0.00058873171941102337 -0.00083771749958169305
leaf_weight=4632462.3014822006 12161374.849936962 1750189.7710745335 470136.96880865097 7425224.8733010292 389161.47469043732 4017863.1422998905 7184019.9432795048 559787.35422897339 6019150.2184760571 2265834.9086301327 751298.20235824585 1259245.0146331787 982576.3620300293 4846257.4258766174
leaf_count=37182 75911 14168 4114 63042 6114 24819 54599 11331 35318 15499 3138 5115 6045 22877
internal_value=-2.81943e-05 -0.00156489 -0.00423377 -8.06772e-05 0.000514409 0.000413013 0.000761232 0.00295513 0.000160606 0.00261838 -0.000857489 -0.00344577 0.00299079 -0.00602361
internal_weight=5.47146e+07 1.4278e+07 5.1026e+06 9.17541e+06 4.04366e+07 4.00474e+07 3.60295e+07 7.74381e+06 2.82857e+07 8.28499e+06 2.00008e+07 7.83938e+06 2.24182e+06 5.59756e+06
internal_count=379272 118506 41296 77210 260766 254652 229833 65930 163903 50817 113086 37175 11160 26015
cat_boundaries=0 2
cat_threshold=67110912 262144
is_linear=0
shrinkage=0.035


Tree=148
num_leaves=15
num_cat=3
split_feature=12 0 9 31 6 1 1 35 0 27 0 5 2 15
split_gain=34833.1 50019.2 39485.8 37763.7 77929.5 45991.7 51917.8 40557.7 41256.6 35470.1 63489.3 69714 45852.8 47346.1
threshold=0.87196587563390382 0 0.71282979736162122 1.0000000180025095e-35 6.995425550159835 9.5000000000000018 15.500000000000002 22.500000000000004 1 55.500000000000007 2 20.500000000000004 4.5000000000000009 1.0000000180025095e-35
decision_type=2 1 2 2 2 2 2 2 1 2 1 2 2 2
left_child=1 -1 -2 7 -5 -6 -7 8 -4 -9 12 -12 13 -11
right_child=2 -3 3 4 5 6 -8 9 -10 10 11 -13 -14 -15
leaf_value=0.00033393820445127751 0.0029142480843062225 -0.0025647382749856571 -0.00022751248527899155 0.011054247038913575 0.0035019373438555938 -0.0026555878883157491 0.0017435209729267979 6.5543966137229388e-05 -0.0020640119529604945 -0.00034136203621541424 0.00021846388551339648 -0.0011153272380356061 0.00068406343382395988 0.00020732457609175058
leaf_weight=230751.53322315216 203442.6210269928 260981.72457337379 614900.42421936989 143934.45678567886 126195.55966186523 170497.77275848389 142718.14671325684 37092685.488735914 347165.84088110924 4960798.5967001915 1518910.956553936 3426861.1646864414 2034652.5787754059 3440085.9458112717
leaf_count=2855 1287 2724 6147 2954 554 1117 716 232068 2986 24881 20799 42903 18630 18651
internal_value=-2.41735e-05 -0.00929748 5.99255e-05 1.96209e-06 0.00885884 0.00153707 -0.00565038 -9.47275e-05 -0.00721595 3.58355e-05 -0.00137727 -0.00464361 0.00017077 -0.000970994
internal_weight=5.47146e+07 491733 5.42228e+07 5.40194e+07 583346 439411 313216 5.34361e+07 962066 5.2474e+07 1.53813e+07 4.94577e+06 1.04355e+07 8.40088e+06
internal_count=379272 5579 373693 372406 5341 2387 1833 367065 9133 357932 125864 63702 62162 43532
cat_boundaries=0 1 2 3
cat_threshold=369229952 268435584 137218
is_linear=0
shrinkage=0.035


Tree=149
num_leaves=15
num_cat=2
split_feature=12 8 0 14 14 1 28 1 5 6 14 0 2 27
split_gain=35680.2 39497.9 39445.3 47194.7 36570.8 35654.2 48371.2 87573.7 49935.1 35625.7 35527 36704.7 35200.2 30371.1
threshold=0.99277140886267723 0.91651745689465181 0 1.1228774058946247 0.87774408927532799 8.5000000000000018 57.500000000000007 17.500000000000004 13.500000000000002 7.5026273891041511 1.0239625556666898 1 1.0000000180025095e-35 8.5000000000000018
decision_type=2 2 1 2 2 2 2 2 2 2 2 1 2 2
left_child=2 -2 3 9 -3 13 -7 8 -8 10 11 -1 -6 -4
right_child=1 4 5 -5 12 6 7 -9 -10 -11 -12 -13 -14 -15
leaf_value=0.00056329689979055068 0.0036375936099822537 0.0009998219796071258 -0.0015595978455084807 -0.0017653529709734661 -0.00020943111722922231 -0.00014994174972572958 8.8949912107684633e-05 -0.00065789291785851986 0.0012388091358702025 -0.00075878356385850607 0.00092827672262009247 -0.00080528785495808167 8.3741490714904322e-05 -0.00022601759438932174
leaf_weight=767657.36999082565 267879.47538352013 722056.37626457214 418682.92495679855 476831.78919363022 6504188.3644559383 5246815.4732108116 812890.67032432556 776988.49098062515 1348977.0308303833 1897399.6846313477 683943.7831761837 1757079.7624204159 31752190.198718071 1281001.4165689945
leaf_count=7245 3286 5188 4492 4189 37571 40948 4859 6454 8049 6716 5614 20385 207744 16532
internal_value=-2.04414e-05 0.000540673 -0.00144411 -0.00379596 0.000448623 -0.000115858 0.000841965 0.00443691 0.00805898 -0.00281256 -0.000564425 -0.00248127 0.000301338 -0.0047287
internal_weight=5.47146e+07 3.92463e+07 1.54683e+07 5.58291e+06 3.89784e+07 9.88536e+06 8.18567e+06 2.93886e+06 2.16187e+06 5.10608e+06 3.20868e+06 2.52474e+06 3.82564e+07 1.69968e+06
internal_count=379272 253789 125483 44149 250503 81334 60310 19362 12908 39960 33244 27630 245315 21024
cat_boundaries=0 2 3
cat_threshold=67110912 262144 2048
is_linear=0
shrinkage=0.035


Tree=150
num_leaves=15
num_cat=1
split_feature=9 31 6 27 0 35 9 20 5 28 14 14 14 28
split_gain=34473.5 34080 63678.1 43755.1 75549.9 54715.4 54534 51941.1 54106.7 86077.1 82009.4 63732 58245.3 62174.2
threshold=1.8201955231013425 1.0000000180025095e-35 6.7521798621251587 55.500000000000007 0 1.5000000000000002 0.97772799321167991 1.0000000180025095e-35 30.500000000000004 52.500000000000007 0.94592306406186222 1.0038121718465678 0.90323770592447772 24.500000000000004
decision_type=2 2 2 2 1 2 2 2 2 2 2 2 2 2
left_child=1 3 -3 5 6 -1 -5 8 9 10 -6 -11 13 -10
right_child=-2 2 -4 4 7 -7 -8 -9 12 11 -12 -13 -14 -15
leaf_value=-0.0023681355150463363 0.0051617550097598002 0.010279767649542804 0.00036775365559310987 -0.0041667154720982091 0.00069905407868124344 5.848405718751177e-05 -0.00092275276495714916 -0.0053394356107028798 0.0009708337179481695 0.0014591605055530113 -0.00048343562490175593 0.00014355227848360878 -0.00060259965906812971 -0.00022945753101048533
leaf_weight=134302.15064120293 162101.55069732666 145206.86606788635 462715.9347076416 277897.5024034977 1235349.4825408459 37810136.88482523 1444322.1399374008 119031.03567886353 854285.82601237297 1275534.6158294678 2908365.4624965191 1308411.4176428318 4413814.5689973831 2163107.3726279736
leaf_count=1168 2025 3078 2564 3773 9497 238625 19805 1253 6414 11235 21928 9905 31342 16660
internal_value=-2.59936e-05 -7.38851e-05 0.00816667 -0.000166753 -0.0017018 0.000480533 -0.00862662 -0.000866504 -0.00067294 0.00160099 -0.00152528 0.00661438 -0.00273158 0.00101607
internal_weight=5.47146e+07 5.45525e+07 607923 5.39446e+07 1.60001e+07 3.79444e+07 1.72222e+06 1.42779e+07 1.41589e+07 6.72766e+06 4.14371e+06 2.58395e+06 7.43121e+06 3.01739e+06
internal_count=379272 377247 5642 371605 131812 239793 23578 108234 106981 52565 31425 21140 54416 23074
cat_boundaries=0 2
cat_threshold=33554432 262144
is_linear=0
shrinkage=0.035


Tree=151
num_leaves=15
num_cat=1
split_feature=12 0 14 8 14 1 1 21 19 1 6 21 1 14
split_gain=34446.6 54520.8 39628 36266.7 36445.8 55892.5 62248.2 92449 62316.9 51520.1 53023.5 50340.6 49922.9 74395.8
threshold=0.98100176941237194 0 1.1228774058946247 0.87334463782472904 1.0038121718465678 16.500000000000004 13.500000000000002 1.0000000180025095e-35 1.0000000180025095e-35 20.500000000000004 7.5410147992220962 1.0000000180025095e-35 13.500000000000002 1.1694833628063137
decision_type=2 1 2 2 2 2 2 2 2 2 2 2 2 2
left_child=1 -1 -3 -2 5 6 -5 -8 -9 10 12 -7 -6 -14
right_child=3 2 -4 4 9 11 7 8 -10 -11 -12 -13 13 -15
leaf_value=0.00014350069156835604 0.0049664087303522009 -0.00041494707911946856 -0.0016860488553567038 0.00015810953030128794 -0.00011171507240505721 0.00067553350443741672 -0.00074899769113721435 0.00094787417025787878 -0.0025456784695364982 -0.0013385860715330181 -0.00017237667811024652 -0.00016136523434296564 0.00014949604903677103 0.0017608354311606468
leaf_weight=3900126.6334249973 132623.3997027874 5310584.3920264244 449782.90450620651 11491279.340212822 5184684.8696959019 5293109.3635840416 3289536.2046000957 1233148.4695115089 125586.26713943481 1136227.3755817413 10852192.083129883 1992563.3197743893 2796312.6352682114 1526825.552947998
leaf_count=38302 1572 42939 4249 84742 51878 37786 18099 7134 948 18954 25841 16389 17872 12567
internal_value=-3.24631e-05 -0.00192898 -0.00409251 0.000374189 0.000320231 0.00127523 0.00012657 -0.00329105 0.00438914 -0.000720469 -0.000315687 0.0038198 0.00159254 0.00436994
internal_weight=5.47146e+07 9.66049e+06 5.76037e+06 4.50541e+07 4.49215e+07 2.34252e+07 1.61396e+07 4.64827e+06 1.35873e+06 2.14962e+07 2.036e+07 7.28567e+06 9.50782e+06 4.32314e+06
internal_count=379272 85490 47188 293782 292210 165098 110923 26181 8082 127112 108158 54175 82317 30439
cat_boundaries=0 1
cat_threshold=302121088
is_linear=0
shrinkage=0.035


Tree=152
num_leaves=15
num_cat=1
split_feature=14 1 27 0 28 1 1 1 14 11 9 28 14 28
split_gain=34015.5 53117.3 41266.5 41566.7 40375.9 89640.7 69796.4 63646.3 55913.5 55857.3 54556.2 49295.9 78536.9 69260.8
threshold=1.1807223977627761 19.500000000000004 33.500000000000007 0 59.500000000000007 19.500000000000004 18.500000000000004 6.5000000000000009 0.94592306406186222 1.1033314504077054 0.98158533835630213 23.500000000000004 0.94592306406186222 1.5000000000000002
decision_type=2 2 2 1 2 2 2 2 2 2 2 2 2 2
left_child=4 2 -2 -4 6 7 10 -6 -8 -9 -1 12 13 -12
right_child=1 -3 3 -5 5 -7 8 9 -10 -11 11 -13 -14 -15
leaf_value=-0.00056107079396878351 0.00021657105622620534 -0.0019067528418657404 7.8477385496083556e-05 -0.0011028210256588478 -0.0011260614029498851 -0.00094268360848405192 0.0014146638627880802 0.00035204123699417774 0.00011442033070589666 0.0031089646706697251 -0.0013565932789072887 -0.0001846201651867716 -5.8897763140238267e-05 0.0007797275180204111
leaf_weight=4695268.4642379284 2049670.0687847137 462107.27298474312 793725.16459202766 1111176.351436615 559053.3477897644 1369967.2607400417 1707039.1847081184 10699171.757703781 4133314.6683387756 441469.46329545975 378302.93962526321 14466756.19207716 8613118.0770943165 3234442.5976977348
leaf_count=37133 12467 5716 4769 6121 16397 20590 22275 63240 38496 4012 4160 75314 46715 21867
internal_value=-2.37481e-05 -0.00296872 -0.00165663 -0.00536532 0.000234852 0.00190848 -0.000352706 0.00290035 0.00316055 0.00347863 -0.00100642 -0.000394429 0.00124172 0.0055731
internal_weight=5.47146e+07 4.41668e+06 3.95457e+06 1.9049e+06 5.02979e+07 1.30697e+07 3.72282e+07 1.16997e+07 5.84035e+06 1.11406e+07 3.13879e+07 2.66926e+07 1.22259e+07 3.61275e+06
internal_count=379272 29073 23357 10890 350199 104239 245960 83649 60771 67252 185189 148056 72742 26027
cat_boundaries=0 1
cat_threshold=100669440
is_linear=0
shrinkage=0.035


Tree=153
num_leaves=15
num_cat=3
split_feature=12 0 9 31 2 1 1 35 0 27 0 5 2 28
split_gain=33604.9 45439.2 35216.9 35216.5 39813.3 44072 75862.5 38019.5 37890.9 34151 56714.6 63489.1 43088.8 44220
threshold=0.87196587563390382 0 0.71282979736162122 1.0000000180025095e-35 4.5000000000000009 17.500000000000004 9.5000000000000018 22.500000000000004 1 55.500000000000007 2 20.500000000000004 4.5000000000000009 4.5000000000000009
decision_type=2 1 2 2 2 2 2 2 1 2 1 2 2 2
left_child=1 -1 -2 7 5 6 -5 8 -4 -9 12 -12 13 -11
right_child=2 -3 3 4 -6 -7 -8 9 -10 10 11 -13 -14 -15
leaf_value=0.00030503849206384729 0.0027713995325778129 -0.0023586395102102851 -0.00021554355869375018 0.0037180674835860204 0.011419105654506642 0.0075658778397673463 -0.001719350376293946 6.4396074521499443e-05 -0.0018988382996840798 0.0013447939401252454 0.00021772786032899451 -0.0010615742832675236 0.00065665463003760065 -0.00015001988876419593
leaf_weight=230751.53322315216 203442.6210269928 260981.72457337379 614900.42421936989 140370.46074485779 87022.052496433258 108886.74787330627 247066.6748046875 37092685.488735914 347165.84088110924 292241.02416706085 1518910.956553936 3426861.1646864414 2034652.5787754059 8108643.5183444023
leaf_count=2855 1287 2724 6147 1101 1683 1053 1504 232068 2986 1486 20799 42903 18630 42046
internal_value=-1.6501e-05 -0.00912485 6.6102e-05 1.13614e-05 0.00856432 0.00473533 -0.000793938 -8.20103e-05 -0.0069768 4.44012e-05 -0.00134218 -0.00442933 0.00012094 -0.000985878
internal_weight=5.47146e+07 491733 5.42228e+07 5.40194e+07 583346 496324 387437 5.34361e+07 962066 5.2474e+07 1.53813e+07 4.94577e+06 1.04355e+07 8.40088e+06
internal_count=379272 5579 373693 372406 5341 3658 2605 367065 9133 357932 125864 63702 62162 43532
cat_boundaries=0 1 2 3
cat_threshold=369229952 268435584 137218
is_linear=0
shrinkage=0.035


Tree=154
num_leaves=15
num_cat=0
split_feature=12 11 14 28 1 1 28 28 14 28 27 23 2 2
split_gain=33721.9 33756.7 36128.9 133913 70617.8 78901.8 66051.3 53186.5 56318.3 53369.8 48009.5 79931.6 61422 50391.1
threshold=0.98100176941237194 1.1089369153782722 0.94592306406186222 25.500000000000004 7.5000000000000009 16.500000000000004 2.5000000000000004 32.500000000000007 1.0038121718465678 16.500000000000004 42.500000000000007 1.0000000180025095e-35 3.5000000000000004 2.5000000000000004
decision_type=2 2 2 2 2 2 2 2 2 2 2 2 2 2
left_child=-1 2 3 6 -5 -6 -2 9 -9 10 13 -12 -13 -4
right_child=1 -3 7 4 5 -7 -8 8 -10 -11 11 12 -14 -15
leaf_value=-0.00023690704974865343 -0.00082674709735908744 0.0018511704373998419 -0.00015780563878659023 0.0012109827421624881 -0.00076791694345451037 0.00036516548555143102 0.00085047570703803549 0.0004301446161776293 -4.044525963424984e-05 -0.00046748550641180562 1.896687178965311e-05 -0.00017821502900526573 -0.0020073870841784331 0.00056991316809836305
leaf_weight=9660493.9299576283 579506.87181830406 734744.66361260414 2132221.751128912 452787.48159170151 2742131.4098796844 1369298.3807854652 4060775.5810918808 6121495.1893122196 13406117.114833117 6007650.5211415291 3387728.6014966965 653515.64873862267 653515.64873862267 2752600.0169794559
leaf_count=85490 7087 11047 8274 6512 17119 10322 28281 41316 92124 28521 21484 3172 3172 15351
internal_value=-1.5994e-05 0.000386357 0.000263003 0.00221484 -0.00204181 -0.00348657 0.00640171 -0.000248624 0.000968355 -0.00177325 -0.000151401 -0.00267881 -0.0100312 0.00227767
internal_weight=5.47146e+07 4.50541e+07 4.43193e+07 9.2045e+06 4.56422e+06 4.11143e+06 4.64028e+06 3.51148e+07 1.95276e+07 1.55872e+07 9.57958e+06 4.69476e+06 1.30703e+06 4.88482e+06
internal_count=379272 293782 282735 69321 33953 27441 35368 213414 133440 79974 51453 27828 6344 23625
is_linear=0
shrinkage=0.035


Tree=155
num_leaves=15
num_cat=2
split_feature=12 27 27 1 3 19 1 3 14 0 27 0 5 27
split_gain=32676 43046.5 45695.6 69014 64215.2 61592.1 61057.6 54049.5 47509.3 99500.3 75651 69451.6 47127 45937.4
threshold=1.0488390177566751 55.500000000000007 6.5000000000000009 8.5000000000000018 1.5000000000000002 1.0000000180025095e-35 16.500000000000004 1.0000000180025095e-35 1.0429066411824164 0 33.500000000000007 1 5.5000000000000009 33.500000000000007
decision_type=2 2 2 2 2 2 2 2 2 1 2 1 2 2
left_child=1 2 3 4 -1 6 7 -5 9 10 -4 12 -10 -13
right_child=-2 -3 8 5 -6 -7 -8 -9 11 -11 -12 13 -14 -15
leaf_value=-0.0011046102790418556 0.0003966220002632205 -0.000225938210603645 -0.00034005368562298557 0.00075833434950857014 0.0045866802556343168 -0.00071873537260781241 -0.00039724873845243565 -0.0010708973662039681 -0.00082637352936570376 0.00046455408594408523 0.00090526545880566527 -3.6242381445270081e-05 0.00035959767323406682 -0.00060475748524560838
leaf_weight=1316645.9819505215 5295460.9054515362 13246286.845761538 5409392.3069372177 2350375.2163085938 113038.74653625488 1898075.6091444492 1835861.8190851212 497125.71176719666 608971.81750679016 9884767.797457695 947993.78844928741 3019633.8191788197 5432751.331246376 2858201.1143250465
leaf_count=9190 51595 107228 31878 9674 3663 13186 11222 3359 592 71690 5686 11860 32074 16375
internal_value=-1.37741e-05 -0.000293759 0.000331334 -0.00200103 -0.00897096 -0.000486944 0.00166856 0.00487738 0.00099482 0.00222632 -0.00118955 -0.000683287 0.00195187 -0.00339192
internal_weight=5.47146e+07 4.94191e+07 3.61728e+07 8.01112e+06 1.42968e+06 6.58144e+06 4.68336e+06 2.8475e+06 2.81617e+07 1.62422e+07 6.35739e+06 1.19196e+07 6.04172e+06 5.87783e+06
internal_count=379272 327677 220449 50294 12853 37441 24255 13033 170155 109254 37564 60901 32666 28235
cat_boundaries=0 1 2
cat_threshold=67115008 100669568
is_linear=0
shrinkage=0.035


Tree=156
num_leaves=15
num_cat=2
split_feature=12 14 8 0 13 3 2 1 1 27 0 27 28 14
split_gain=33199.8 41769.4 35788.3 33530.1 31644.7 50231.2 61022.9 35994 33937.7 30105.2 54927.7 40378.5 33244 27888.1
threshold=0.99598734948493073 1.1694833628063137 0.91651745689465181 0 0.98748587608617699 1.0000000180025095e-35 3.5000000000000004 17.500000000000004 18.500000000000004 59.500000000000007 1 6.5000000000000009 58.500000000000007 0.88599000440540199
decision_type=2 2 2 1 2 2 2 2 2 2 1 2 2 2
left_child=1 9 -2 -3 5 6 -4 -8 -9 11 13 -1 -12 -11
right_child=2 3 4 -5 -6 -7 7 8 -10 10 12 -13 -14 -15
leaf_value=-0.00049839886628596087 0.0033830475905594296 -0.0016741987410703041 -9.9894339085801446e-05 -0.00017223216563600578 9.4170557612035499e-05 0.0010195793602171327 -0.00030352094627898182 -0.0020650426123563705 -0.00058483923097267813 0.00085270326246607092 -0.0013168384420595722 9.1932413875681773e-05 -0.0054875376592762332 -0.00039289113929581211
leaf_weight=3433714.3049418926 264384.92522835732 489176.85630488396 3256861.62586236 434841.50709056854 31029060.163505793 847274.96868920326 629822.46751999855 441565.27097320557 309726.5380628109 390634.36992383003 676880.10304379463 10943016.60716486 199468.40810680389 1368154.6946880817
leaf_count=25383 3184 4424 23424 3983 194222 11005 3697 1352 1875 3719 11450 73917 2769 14868
internal_value=-6.54277e-06 -0.00124113 0.000595528 -0.00848831 0.000502624 -0.00194798 -0.00337952 -0.00954452 -0.0147178 -0.000847484 -0.00428655 -0.000217129 -0.0114451 -0.000719568
internal_weight=5.47146e+07 1.79359e+07 3.67787e+07 924018 3.65143e+07 5.48525e+06 4.63798e+06 1.38111e+06 751292 1.70119e+07 2.63514e+06 1.43767e+07 876349 1.75879e+06
internal_count=379272 140513 238759 8407 235575 41353 30348 6924 3227 132106 32806 99300 14219 18587
cat_boundaries=0 2 3
cat_threshold=268437504 262144 268572800
is_linear=0
shrinkage=0.035


Tree=157
num_leaves=15
num_cat=2
split_feature=14 1 27 1 1 0 28 1 0 12 1 26 14 9
split_gain=32322.1 48735.3 38649.9 38426.7 44207.3 38246.9 37484.9 85532.4 67022.2 69804.1 66459.3 57153.2 52106.8 50679.2
threshold=1.1807223977627761 19.500000000000004 33.500000000000007 17.500000000000004 6.5000000000000009 0 59.500000000000007 20.500000000000004 1 0.95401684184645652 18.500000000000004 1.0000000180025095e-35 0.94592306406186222 0.98158533835630213
decision_type=2 2 2 2 2 1 2 2 1 2 2 2 2 2
left_child=6 2 3 4 -2 -4 10 8 9 -8 13 -10 -12 -1
right_child=1 -3 5 -5 -6 -7 7 -9 11 -11 12 -13 -14 -15
leaf_value=-0.00053875833565560625 -0.0031262304513750929 -0.0018330675450105927 5.8233320051483948e-05 -0.00090350994878589332 0.00060353365429193135 -0.0010489926825338093 -0.0011904642218572761 -0.0015422973278574538 0.00058113260636491037 0.00017501570543600723 0.0013697031056203351 -0.0022266510435375317 0.00012550618335685674 -4.1411959718111155e-05
leaf_weight=4695268.4642379284 100940.04321098328 462107.27298474312 793725.16459202766 352595.57089614868 1596134.4546775818 1111176.351436615 856425.66777133942 753850.98036408424 7018396.4518649578 4306132.8800499439 1707039.1847081184 134855.84947872162 4133314.6683387756 26692619.806494474
leaf_count=37133 2483 5716 4769 1536 8448 6121 4654 15413 58102 25253 22275 817 38496 148056
internal_value=-1.01983e-05 -0.00288093 -0.00162412 0.00171157 0.00389597 -0.00521331 0.000241882 0.00185448 0.00255499 -0.000484257 -0.000324249 0.00474842 0.00310399 -0.000962143
internal_weight=5.47146e+07 4.41668e+06 3.95457e+06 2.04967e+06 1.69707e+06 1.9049e+06 5.02979e+07 1.30697e+07 1.23158e+07 5.16256e+06 3.72282e+07 7.15325e+06 5.84035e+06 3.13879e+07
internal_count=379272 29073 23357 12467 10931 10890 350199 104239 88826 29907 245960 58919 60771 185189
cat_boundaries=0 1 3
cat_threshold=100669440 6144 262144
is_linear=0
shrinkage=0.035


Tree=158
num_leaves=15
num_cat=2
split_feature=31 6 27 0 35 20 9 5 28 14 14 0 14 1
split_gain=30891.9 60173 40131.6 67643 53690.8 53012.2 48902.3 48851.7 76512.8 56392.6 55108.6 52319 51617.5 38779.9
threshold=1.0000000180025095e-35 6.7521798621251587 55.500000000000007 0 1.5000000000000002 1.0000000180025095e-35 0.97772799321167991 37.500000000000007 57.500000000000007 1.0038121718465678 0.90323770592447772 1 0.94592306406186222 6.5000000000000009
decision_type=2 2 2 1 2 2 2 2 2 2 2 1 2 2
left_child=2 -2 4 6 -1 7 -4 8 12 -10 11 -9 -5 -13
right_child=1 -3 3 5 -6 -7 -8 10 9 -11 -12 13 -14 -15
leaf_value=-0.0021937887847566372 0.0095780199077286233 0.00032081892393133579 -0.0038148156650396488 0.00039579706203394973 6.0416001641794101e-05 -0.0051657856628880257 -0.00087265321224594926 0.00072596925569300814 0.0013858700499400005 0.00018056146864456831 -0.00075553723915029801 0.0029564870779958314 -0.00037527323627452606 -0.00039546190508997134
leaf_weight=134495.37286257744 145206.86606788635 462715.9347076416 277897.5024034977 1881254.0836951733 37896872.618876934 122586.0205039978 1444525.1684770584 747981.95707893372 1189787.1434206963 1584686.119904995 2950510.7894957066 92463.61154794693 3761023.6418414116 2022575.9802219868
leaf_count=1170 3078 2564 3773 14390 239843 1279 19820 3307 10573 12217 20576 2995 28183 15504
internal_value=-1.44296e-05 0.00783135 -0.000102583 -0.00156873 0.000517135 -0.00078222 -0.00812258 -0.000584788 0.00111952 0.00587834 -0.00305226 0.000407085 -0.00122053 -0.00240659
internal_weight=5.47146e+07 607923 5.41067e+07 1.60753e+07 3.80314e+07 1.43529e+07 1.72242e+06 1.42303e+07 8.41675e+06 2.77447e+06 5.81353e+06 2.86302e+06 5.64228e+06 2.11504e+06
internal_count=379272 5642 373630 132617 241013 109024 23593 107745 65363 22790 42382 21806 42573 18499
cat_boundaries=0 2 3
cat_threshold=33554432 262144 131072
is_linear=0
shrinkage=0.035


Tree=159
num_leaves=15
num_cat=2
split_feature=12 0 9 31 6 1 1 35 0 12 14 1 28 1
split_gain=31723.9 42974.4 32491 32740.5 70732.4 42312.7 39347.8 35695.9 34802.1 31718.7 31113.5 41141.8 35758.5 72054.3
threshold=0.87196587563390382 0 0.71282979736162122 1.0000000180025095e-35 6.8317201235977469 8.5000000000000018 17.500000000000004 22.500000000000004 1 1.5503488783755612 1.1807223977627761 19.500000000000004 59.500000000000007 20.500000000000004
decision_type=2 1 2 2 2 2 2 2 1 2 2 2 2 2
left_child=1 -1 -2 7 -5 -6 -7 8 -4 10 12 -12 -9 -14
right_child=2 -3 3 4 5 6 -8 9 -10 -11 11 -13 13 -15
leaf_value=0.0002663524407988728 0.0026280671339581857 -0.0022068799348460132 -0.00017429835424510903 0.0097750163081786988 0.0047718640885057841 -0.0013706462447729275 0.0057047218143377147 -3.5937961922344883e-05 -0.0017175441927018721 0.0041415980720989802 -0.00021057092884571476 -0.0017271924918666796 0.00030009943576672112 -0.0014522871138016415
leaf_weight=230751.53322315216 203442.6210269928 260981.72457337379 614900.42421936989 137826.45126962662 84766.240097045898 290122.04992675781 70631.194625854492 35634395.628889322 347165.84088110924 226690.30921816826 3823505.4447038174 441928.85997366905 11629424.534551382 718049.95392680168
leaf_count=2855 1287 2724 6147 2905 366 1706 364 231257 2986 2456 22134 5423 82164 14498
internal_value=-1.44319e-05 -0.0088642 6.5826e-05 1.32467e-05 0.00826005 0.00148112 -0.00374752 -7.67829e-05 -0.00675757 4.57049e-05 -1.09774e-05 -0.0028756 0.000243679 0.00186685
internal_weight=5.47146e+07 491733 5.42228e+07 5.40194e+07 583346 445519 360753 5.34361e+07 962066 5.2474e+07 5.22473e+07 4.26543e+06 4.79819e+07 1.23475e+07
internal_count=379272 5579 373693 372406 5341 2436 2070 367065 9133 357932 355476 27557 327919 96662
cat_boundaries=0 1 2
cat_threshold=369229952 268435584
is_linear=0
shrinkage=0.035


Tree=160
num_leaves=15
num_cat=2
split_feature=12 14 8 13 3 2 1 1 0 20 6 0 13 31
split_gain=31435.9 36723.8 35049.2 33230.4 46792.2 56269.8 33403.2 33925.9 29801.4 27251.4 29603.7 27804.1 30771.8 26761.1
threshold=0.99598734948493073 1.1694833628063137 0.96199393407506939 0.98748587608617699 1.0000000180025095e-35 3.5000000000000004 17.500000000000004 18.500000000000004 0 1.0000000180025095e-35 7.3606893088565695 1 0.96105452565726079 1.0000000180025095e-35
decision_type=2 2 2 2 2 2 2 2 1 2 2 1 2 2
left_child=1 9 -2 4 5 -4 -7 -8 -3 10 -1 -12 -13 -5
right_child=2 8 3 13 -6 6 7 -9 -10 -11 11 12 -14 -15
leaf_value=0.0001544431405792233 0.0014328945132520759 -0.0015227284082505914 -0.00012670301638454195 7.3754993511181418e-05 0.0009832567309954114 -0.00041983973669225199 -0.0020231869068015516 -0.00055126082404186505 -0.00016725466626886691 -0.0014458631955394472 -5.7864689273649828e-05 -0.0031562927493371815 -0.00044358038968562253 0.002126234007386344
leaf_weight=7497997.9681925774 881526.89252471924 489176.85630488396 3171306.475530386 30187468.531825542 787979.88994050026 619128.23940205574 432723.25710296631 308251.13254761696 434841.50709056854 459507.38111162186 6130025.9444122314 132952.64265441895 2791384.5514984131 390311.54096794128
leaf_count=95874 10272 4424 22426 185895 10118 3598 1299 1850 3983 5232 19909 463 10628 3301
internal_value=-1.47073e-05 -0.00121605 0.000571151 0.000401835 -0.00215132 -0.0035202 -0.00947573 -0.0144895 -0.00801143 -0.000846945 -0.000613541 -0.0019605 -0.00476858 0.000845989
internal_weight=5.47146e+07 1.79359e+07 3.67787e+07 3.58972e+07 5.31939e+06 4.53141e+06 1.3601e+06 740974 924018 1.70119e+07 1.65524e+07 9.05436e+06 2.92434e+06 3.05778e+07
internal_count=379272 140513 238759 228487 39291 29173 6747 3149 8407 132106 126874 31000 11091 189196
cat_boundaries=0 2 3
cat_threshold=268437504 262144 135298
is_linear=0
shrinkage=0.035


Tree=161
num_leaves=15
num_cat=2
split_feature=12 0 13 12 13 23 2 14 28 28 14 0 28 27
split_gain=30528.5 41405.1 31249 34297.4 30201.9 53549.1 40251.3 26748.3 32819.7 48291.2 70743.7 85361.4 69361.9 46463.9
threshold=0.95147315182213388 0 1.0333878684441211 1.1640344608067872 0.97222343870680306 1.0000000180025095e-35 3.5000000000000004 1.1807223977627761 59.500000000000007 23.500000000000004 0.94592306406186222 1 2.5000000000000004 11.500000000000002
decision_type=2 1 2 2 2 2 2 2 2 2 2 1 2 2
left_child=1 -1 3 4 5 -2 -7 8 9 10 11 -6 -13 -12
right_child=2 -3 -4 -5 7 6 -8 -9 -10 -11 13 12 -14 -15
leaf_value=-0.0016339837501553179 8.7192324366511733e-05 -0.00020810514263545199 0.00070134237519908532 0.0031164068447132711 -0.0012911259090393516 0.00053871897463246641 -0.0015001574956245759 -0.00031101801582695892 0.00025642489033772905 -0.00015048383166389053 0.00034577441187100483 -0.0007222881402994001 0.00086871409473218936 -0.00016517827666391436
leaf_weight=490567.05534625053 1488147.3027915955 3035089.3834762573 2523651.0053384304 385231.96060276031 374927.28358888626 204043.47789096832 930509.2974088192 3746463.8951399326 9546778.718701601 17209076.096216917 2565519.9825553894 643937.94554185867 3655357.0569493771 7915282.3495573997
leaf_count=5287 17960 30432 27988 4893 3947 1943 4662 22415 71455 95674 11220 7738 25156 48502
internal_value=-2.16567e-05 -0.00317185 0.000195314 -1.61215e-06 -8.4611e-05 -0.00373704 -0.0094647 0.000125196 0.000378481 -0.000153466 0.00128722 0.00486799 0.00626474 -0.000309725
internal_weight=5.47146e+07 3.52566e+06 5.11889e+07 4.86653e+07 4.828e+07 2.6227e+06 1.13455e+06 4.56573e+07 4.19109e+07 3.23641e+07 1.5155e+07 4.67422e+06 4.2993e+06 1.04808e+07
internal_count=379272 35719 343553 315565 310672 24565 6605 286107 263692 192237 96563 36841 32894 59722
cat_boundaries=0 2 3
cat_threshold=0 262144 67108864
is_linear=0
shrinkage=0.035


Tree=162
num_leaves=15
num_cat=2
split_feature=12 0 31 6 1 1 27 20 35 5 0 2 28 14
split_gain=29194.4 40236.2 30681.3 67791.4 40838 39310.6 35995.5 53074.5 52244.8 51354.9 69563 55405 47158.4 46294.7
threshold=0.87196587563390382 0 1.0000000180025095e-35 6.8317201235977469 8.5000000000000018 17.500000000000004 55.500000000000007 1.0000000180025095e-35 1.5000000000000002 13.500000000000002 1 4.5000000000000009 4.5000000000000009 0.98774795522931602
decision_type=2 1 2 2 2 2 2 2 2 2 1 2 2 2
left_child=1 -1 6 -4 -5 -6 8 9 -2 13 11 12 -11 -8
right_child=2 -3 3 4 5 -7 7 -9 -10 10 -12 -13 -14 -15
leaf_value=0.00092120050446370275 -0.0020681163774662523 -0.001648147418400675 0.0093720264217690037 0.0045726582435850109 -0.0013759213446888677 0.0054846115682078171 0.0017371258840430063 -0.0047876792860503826 6.882872253750472e-05 0.0015256512360224573 -0.00083087836631646822 0.00081401053193529669 -0.00021192726048507258 0.0001391961742214961
leaf_weight=153907.87343978882 133102.08108592033 337825.38435673714 137879.45126962662 84766.240097045898 290122.04992675781 70631.194625854492 291914.91929268837 138219.52710747719 37520303.341777086 225103.85753059387 4378269.4506890774 1537123.1893622875 6447056.983019352 2968357.2675261497
leaf_count=2213 1151 3366 2906 366 1706 364 2343 1578 236057 1156 53279 14209 33255 25323
internal_value=-2.23085e-05 -0.00851192 5.46832e-05 0.00803774 0.00140026 -0.00373646 -3.21444e-05 -0.00142364 0.000558626 -0.00123529 -0.00224927 -0.000349131 -0.00172923 0.00267957
internal_weight=5.47146e+07 491733 5.42228e+07 583399 445519 360753 5.36395e+07 1.5986e+07 3.76534e+07 1.58478e+07 1.25876e+07 8.20928e+06 6.67216e+06 3.26027e+06
internal_count=379272 5579 373693 5342 2436 2070 368351 131143 237208 129565 101899 48620 34411 27666
cat_boundaries=0 1 2
cat_threshold=369098752 137218
is_linear=0
shrinkage=0.035


Tree=163
num_leaves=15
num_cat=3
split_feature=12 27 27 29 6 0 14 0 27 0 5 2 5 27
split_gain=29097.9 39103.2 39693.7 52638.5 46160 62436 42266.7 88607.7 70804 62579.2 46057.9 46529.2 46027.9 40869.7
threshold=1.0488390177566751 55.500000000000007 6.5000000000000009 1.0000000180025095e-35 8.2449829682960445 0 1.0429066411824164 1 33.500000000000007 2 31.500000000000004 4.5000000000000009 5.5000000000000009 33.500000000000007
decision_type=2 2 2 2 2 1 2 1 2 1 2 2 2 2
left_child=1 2 3 4 5 -1 7 8 -4 12 -9 -12 -8 -11
right_child=-2 -3 6 -5 -6 -7 9 10 -10 13 11 -13 -14 -15
leaf_value=0.0001849113808764791 0.00037216950297311302 -0.00020797675992612958 -0.00033041116069607051 -0.0020867549074284472 -0.00066573453396833653 -0.000775510143217017 -0.00085851354871618684 0.00027375652948083434 0.00087028202752292535 -3.3494570314489815e-05 0.0010568456916225019 -0.00044490027646782956 0.00035498448674295332 -0.00055801904976095825
leaf_weight=4705271.540738821 5295460.9054515362 13246286.845761538 5409392.3069372177 61255.262390613556 573806.36431884766 2670789.9173438549 608971.81750679016 7215665.3971714973 947993.78844928741 3019633.8191788197 2252030.4640305042 417071.93625569344 5432751.331246376 2858201.1143250465
leaf_count=26810 51595 107228 31878 298 789 22397 592 50120 5686 11860 16145 5425 32074 16375
internal_value=-2.49473e-05 -0.000289159 0.000306616 -0.00186719 -0.00161813 -0.000874259 0.000924995 0.00208657 -0.00113692 -0.000657816 0.00415975 0.00808793 0.00184357 -0.00322894
internal_weight=5.47146e+07 4.94191e+07 3.61728e+07 8.01112e+06 7.94987e+06 7.37606e+06 2.81617e+07 1.62422e+07 6.35739e+06 1.19196e+07 9.88477e+06 2.6691e+06 6.04172e+06 5.87783e+06
internal_count=379272 327677 220449 50294 49996 49207 170155 109254 37564 60901 71690 21570 32666 28235
cat_boundaries=0 2 3 4
cat_threshold=33691648 262144 67115008 100669568
is_linear=0
shrinkage=0.035


Tree=164
num_leaves=15
num_cat=2
split_feature=12 14 11 27 0 6 28 0 3 13 14 1 1 2
split_gain=29426.3 33058.5 28997.8 27183.5 49443.6 42318.4 30046.7 26108.4 25891.1 26982.5 25882 45270 49487.1 90141.9
threshold=0.99598734948493073 1.1228774058946247 1.1431321306073918 59.500000000000007 0 7.3606893088565695 58.500000000000007 1 1.5000000000000002 0.95834421341087728 1.0038121718465678 16.500000000000004 13.500000000000002 3.5000000000000004
decision_type=2 2 2 2 1 2 2 1 2 2 2 2 2 2
left_child=1 3 10 5 -5 -1 -6 -3 9 -7 11 12 -2 -14
right_child=2 7 -4 4 6 8 -8 -9 -10 -11 -12 -13 13 -15
leaf_value=0.00028997970698218834 0.00016940755959977003 -0.0014478521744943915 0.0028861344059936257 -9.2838678566007035e-05 -0.0012123720467322164 -0.0019193892321753294 -0.0050626421483316456 -0.0003943679000506047 -0.001352323295811606 -0.0001043979055637027 -5.7374457541751099e-05 0.00051044917081444088 -0.00076275656345064504 0.00058827110699294436
leaf_weight=6197627.7298328876 9010950.3732039928 351129.59970736504 353505.21736288071 1758789.0646119118 676880.10304379463 187208.25582885742 199468.40810680389 598121.0811548233 390233.2950592041 7576429.3139190674 17996894.184756041 5419842.3390827179 2598020.2080039978 1399483.6374320984
leaf_count=71755 65378 2943 5721 18587 11450 660 2769 5524 1464 25361 105187 40127 13144 9202
internal_value=-2.48298e-05 -0.00118714 0.000541993 -0.000831925 -0.00409941 -0.000231967 -0.0108912 -0.00754351 -0.00188894 -0.00144676 0.000445175 0.00136716 0.000247432 -0.00299366
internal_weight=5.47146e+07 1.79359e+07 3.67787e+07 1.69866e+07 2.63514e+06 1.43515e+07 876349 949251 8.15387e+06 7.76364e+06 3.64252e+07 1.84283e+07 1.30085e+07 3.9975e+06
internal_count=379272 140513 238759 132046 32806 99240 14219 8467 27485 26021 233038 127851 87724 22346
cat_boundaries=0 1 3
cat_threshold=268572800 0 262144
is_linear=0
shrinkage=0.035


Tree=165
num_leaves=15
num_cat=2
split_feature=12 8 14 11 14 0 28 1 0 27 1 6 6 1
split_gain=28216.6 32933.3 30997.2 27454.7 48718.1 43180.4 31832.5 75695.1 31636.5 39389.8 29426.8 95183.5 88630 55433.9
threshold=0.99598734948493073 0.87334463782472904 1.1228774058946247 0.99022857129211772 0.94592306406186222 0 53.500000000000007 19.500000000000004 1 40.500000000000007 8.5000000000000018 7.955205314333587 6.4224848023880297 12.500000000000002
decision_type=2 2 2 2 2 1 2 2 1 2 2 2 2 2
left_child=2 -2 -1 4 5 -3 -5 8 9 -8 12 13 -10 -12
right_child=1 3 -4 6 -6 -7 7 -9 10 -11 11 -13 -14 -15
leaf_value=-9.6636489561906829e-05 0.0045292217858322317 0.00048160719519693397 -0.0008901964178627637 4.1379920610550904e-05 -0.00024054467710612608 -0.00051895294865805027 0.0016715631881857301 -0.00096370730577599541 -0.0017177311936589425 -0.0021177368690601071 0.00011582404364986925 -0.00053782009568865703 0.0016544572972527493 0.0016801768431509627
leaf_weight=16986636.170402527 126893.93120837212 3158449.2736084461 949250.68086218834 16524975.49057436 9720911.3036968708 920218.64411878586 189599.03057551384 791035.93884801865 210771.76484751701 326972.4539706707 1139510.426404953 790337.64099121094 914522.85034942627 1964497.210647583
leaf_count=132046 1468 17370 8467 91382 63251 9683 1702 13148 8539 2330 9191 2012 4404 14279
internal_value=-2.68738e-05 0.000528176 -0.00116504 0.000466548 -0.000766159 0.00244435 0.00121093 0.003322 0.00476906 -0.00347845 0.00561781 0.00417728 0.0106031 0.00693835
internal_weight=5.47146e+07 3.67787e+07 1.79359e+07 3.66518e+07 1.37996e+07 4.07867e+06 2.28522e+07 6.32725e+06 5.53621e+06 516571 5.01964e+06 3.89435e+06 1.12529e+06 3.10401e+06
internal_count=379272 238759 140513 237291 90304 27053 146987 55605 42457 4032 38425 25482 12943 23470
cat_boundaries=0 2 4
cat_threshold=137218 262144 0 262144
is_linear=0
shrinkage=0.035


Tree=166
num_leaves=15
num_cat=1
split_feature=6 31 27 0 2 1 28 1 1 21 1 23 21 28
split_gain=28301.5 57488.4 44587.9 37250.9 45651.6 61715.1 36206.9 96039.2 58894.2 74695.3 72448.9 114087 65221.9 58750.9
threshold=6.504670235650833 1.0000000180025095e-35 28.500000000000004 0 3.5000000000000004 17.500000000000004 53.500000000000007 19.500000000000004 16.500000000000004 1.0000000180025095e-35 13.500000000000002 1.0000000180025095e-35 1.0000000180025095e-35 1.5000000000000002
decision_type=2 2 2 1 2 2 2 2 2 2 2 2 2 2
left_child=1 2 -1 4 -2 -6 8 -8 10 -10 13 -12 -13 -5
right_child=3 -3 -4 6 5 -7 7 -9 9 -11 11 12 -14 -15
leaf_value=0.00097909471053429765 -0.00014184046854959106 0.010483070228336874 -0.00018194001657301351 -0.0016068924882737593 -0.00069146113098010056 -0.0035005910890400899 0.00027167295466256085 -0.0010295013542598035 0.00038977486446296769 -0.00040440471336163227 -0.00087621053823763327 -0.00049143891859531924 0.0009554036318694493 1.6707995382301656e-05
leaf_weight=3006896.0208542347 4934883.5866775513 103965.99175453186 3643135.7671408653 547224.22658538818 1339768.8999176025 318878.84507751465 11988100.548095703 1043816.2072067261 6278666.766456604 2419926.3862304688 3984681.1379089355 926557.0626449585 1054631.6231079102 13123449.741447449
leaf_count=68662 27785 2610 95479 2935 8395 2077 55677 6850 23766 10369 16163 3149 3911 51444
internal_value=-1.87749e-05 0.00210243 0.00169866 -0.000317492 -0.00276071 -0.0077841 7.19356e-05 0.00159878 -0.000630292 0.00176716 -0.00169231 -0.00491048 0.00195361 -0.000287904
internal_weight=5.47146e+07 6.754e+06 6.65003e+06 4.79606e+07 6.59353e+06 1.65865e+06 4.13671e+07 1.30319e+07 2.83351e+07 8.69859e+06 1.96365e+07 5.96587e+06 1.98119e+06 1.36707e+07
internal_count=379272 166751 164141 212521 38257 10472 174264 62527 111737 34135 77602 23223 7060 54379
cat_boundaries=0 2
cat_threshold=301989888 262144
is_linear=0
shrinkage=0.035


Tree=167
num_leaves=15
num_cat=2
split_feature=31 27 0 35 1 1 5 0 9 1 27 3 12 18
split_gain=28062.8 34479.4 57235.5 49435.5 45137.5 58325.8 63152.8 55759.3 44727.1 39218.1 42062.1 43633.9 38904.4 38177.4
threshold=1.0000000180025095e-35 55.500000000000007 0 1.5000000000000002 7.5000000000000009 16.500000000000004 37.500000000000007 1 0.97054148562333953 7.5000000000000009 8.5000000000000018 1.0000000180025095e-35 1.031056951979495 1.0000000180025095e-35
decision_type=2 2 1 2 2 2 2 1 2 2 2 2 2 2
left_child=1 3 8 -1 -4 6 13 -8 -3 10 11 -5 -7 -6
right_child=-2 2 4 9 5 12 7 -9 -10 -11 -12 -13 -14 -15
leaf_value=-0.0019016320961072262 0.0016010338242122002 -0.0036774587985534376 0.00048732053764931116 -0.0011661225023141422 -2.0052634941321309e-05 -1.2371668986201288e-05 -9.5927148726626045e-05 -0.0012758003372964997 -0.00081858278630663514 0.00010160658751034245 -6.9946541620175153e-05 0.0019403658616704883 0.00095681828807532218 -0.0037980124135800451
leaf_weight=134495.37286257744 607922.80077552795 245310.07970833778 1451942.3284184933 820924.36300349236 4666163.5691165924 3660391.4373571873 1216669.9920120239 2108243.6716041565 1477112.5911722183 34142205.413137913 2785090.763078928 148652.07965660095 1155743.3501083851 93714.999094009399
leaf_count=1170 5642 3353 24016 8168 28287 27127 5364 13410 20240 190136 36374 5165 10064 756
internal_value=-1.95303e-05 -0.000103551 -0.00146253 0.000470871 -0.000739055 -0.00139752 -0.00321388 -0.00691503 -0.00749116 0.000546048 -0.00284918 -0.00912765 0.00165159 -0.000628511
internal_weight=5.47146e+07 5.41067e+07 1.60753e+07 3.80314e+07 1.43529e+07 1.29009e+07 8.08479e+06 3.32491e+06 1.72242e+06 3.78969e+07 3.75467e+06 969576 4.81613e+06 4.75988e+06
internal_count=379272 373630 132617 241013 109024 85008 47817 18774 23593 239843 49707 13333 37191 29043
cat_boundaries=0 2 3
cat_threshold=33554432 262144 131074
is_linear=0
shrinkage=0.035


Tree=168
num_leaves=15
num_cat=0
split_feature=12 8 14 28 1 1 28 11 28 28 6 2 14 14
split_gain=28125.3 30419.5 28608.7 114168 62458.1 69845.8 57508 52639.8 52932.1 49190.8 42145.9 41389.2 42260.1 39930.9
threshold=0.98100176941237194 0.87334463782472904 0.94592306406186222 25.500000000000004 7.5000000000000009 16.500000000000004 2.5000000000000004 0.97230271666327395 32.500000000000007 16.500000000000004 8.4911077780067021 4.5000000000000009 0.87774408927532799 1.0038121718465678
decision_type=2 2 2 2 2 2 2 2 2 2 2 2 2 2
left_child=-1 -2 3 6 -5 11 -3 -4 9 10 -9 12 -6 -10
right_child=1 2 7 4 5 -7 -8 8 13 -11 -12 -13 -14 -15
leaf_value=-0.00021736126452879268 0.0042411379914389499 -0.00075215718252839489 -0.0004242212470443977 0.0011500058757546495 0.0009012008004861226 0.00035123777717048342 0.00077318785421485537 9.5049535117752441e-05 0.00051798603103146723 -0.00040317623264959272 -0.00072582832491363113 0.00045722367888859219 -0.0010415815362585599 6.982273975410637e-05
leaf_weight=9660493.9299576283 132623.3997027874 614192.64756298065 5332997.4838998318 454751.65711331367 225118.05456924438 1380585.3153991699 4126773.9940540791 8210350.832233429 4963882.2747094631 5388767.0212738514 298222.34094238281 438451.04668998718 2081576.1489486694 11405796.664049625
leaf_count=85490 1572 7609 38174 6672 1114 10652 29424 44106 34499 25103 354 4344 11674 78485
internal_value=-1.9774e-05 0.000347676 0.000298259 0.00202439 -0.00191634 -0.00327323 0.00583171 -0.000153708 0.000411231 -0.00117731 0.000479841 -0.00650273 -0.0083764 0.00175985
internal_weight=5.47146e+07 4.50541e+07 4.49215e+07 9.32145e+06 4.58048e+06 4.12573e+06 4.74097e+06 3.56e+07 3.0267e+07 1.38973e+07 8.50857e+06 2.74515e+06 2.30669e+06 1.63697e+07
internal_count=379272 293782 292210 71489 34456 27784 37033 220721 182547 69563 44460 17132 12788 112984
is_linear=0
shrinkage=0.035


Tree=169
num_leaves=15
num_cat=2
split_feature=12 13 23 14 0 27 35 2 28 28 14 0 2 28
split_gain=27100.9 33085.1 59899.7 33363.5 34209 24686.7 44952.2 40157.1 50506.5 34051.8 95477.4 57184.5 38490.3 50133.5
threshold=1.0735452706511159 0.95834421341087728 1.0000000180025095e-35 1.1807223977627761 0 59.500000000000007 1.5000000000000002 5.5000000000000009 22.500000000000004 25.500000000000004 0.94592306406186222 1 1.0000000180025095e-35 59.500000000000007
decision_type=2 2 2 2 1 2 2 2 2 2 2 1 2 2
left_child=1 2 -1 5 -5 6 -3 9 -9 10 11 -7 13 -11
right_child=-2 3 -4 4 -6 7 -8 8 -10 12 -12 -13 -14 -15
leaf_value=9.4088821934286282e-05 0.000576326132531184 -0.0016778042279886366 -0.0020415982188267817 0.00097178226140680411 -0.00047742080414427698 0.0018293934937714364 8.4155510745564802e-05 -0.001064632601029404 0.0015234228675581837 -0.0016162421346085224 -0.00034832439469389211 0.00046645817806318529 -0.00020151060799520639 0.00012906946169413157
leaf_weight=709843.11037635803 2813624.9997560978 134171.68932962418 509902.83573770523 399767.81566953659 3405891.1851212978 364701.12245202065 33225564.160917521 292310.65084314346 887454.89377593994 926182.11910057068 2626636.8166637421 1233931.615524292 6749550.978095293 435048.81774330139
leaf_count=11070 29788 1206 3255 5082 18434 1452 202332 4058 12401 6748 18148 10489 51669 3140
internal_value=-1.68625e-05 -0.000198228 -0.00589441 -6.11366e-05 -0.00321279 0.000194735 0.000705988 -0.00106714 0.00510188 -0.00165712 0.000890612 0.00763457 -0.00298435 -0.00835321
internal_weight=5.47146e+07 5.1901e+07 1.21975e+06 5.06812e+07 3.80566e+06 4.68756e+07 3.33597e+07 1.35158e+07 1.17977e+06 1.23361e+07 4.22527e+06 1.59863e+06 8.11078e+06 1.36123e+06
internal_count=379272 349484 14325 335159 23516 311643 203538 108105 16459 91646 30089 11941 61557 9888
cat_boundaries=0 1 2
cat_threshold=100663296 131072
is_linear=0
shrinkage=0.035


Tree=170
num_leaves=15
num_cat=2
split_feature=12 8 0 14 6 14 0 1 27 3 6 28 31 6
split_gain=27476.5 30815.6 29218.2 31173 36699.4 38916.2 35749.7 27736.6 33679.6 36050.4 31874.9 26821.6 26379.8 55213
threshold=0.99598734948493073 0.91651745689465181 0 1.1228774058946247 7.5026273891041511 1.0239625556666898 1 8.5000000000000018 30.500000000000004 1.5000000000000002 8.3059932609174698 16.500000000000004 1.0000000180025095e-35 6.995425550159835
decision_type=2 2 1 2 2 2 1 2 2 2 2 2 2 2
left_child=2 -2 3 4 5 6 -1 10 9 -9 -4 -6 -3 -14
right_child=1 12 7 -5 11 -7 -8 8 -10 -11 -12 -13 13 -15
leaf_value=0.00054038403137613084 0.0029908826294857017 3.4335130349768613e-05 -0.00030211703470860168 -0.0012257025904965479 8.4553161025348093e-06 0.00092714316354847821 -0.00071055342387095217 0.00037798919923361156 -0.0002418512780585939 -0.00080376722438115866 -0.00083656950313658177 -0.00090746803755363103 0.009351405329000485 0.00039686283001290535
leaf_weight=863555.76765871048 264384.92522835732 36006308.396631479 1799958.9447543621 517572.87747430801 645290.59783935547 782393.20161414146 1943483.7041175365 5330007.0057790279 3480200.1360900402 719269.33113193512 256426.7389831543 1597728.5458221436 107936.15102815628 400066.48695373535
leaf_count=8124 3184 231276 23482 4454 1966 6369 22017 33178 27617 7116 396 5794 2081 2218
internal_value=-1.77663e-05 0.000529956 -0.00114091 -0.00304904 -0.00231852 -0.000123813 -0.00204783 -9.50839e-05 0.000700431 0.00227865 -0.00378156 -0.00583062 0.000443748 0.00836374
internal_weight=5.47146e+07 3.67787e+07 1.79359e+07 6.35002e+06 5.83245e+06 3.58943e+06 2.80704e+06 1.15859e+07 9.52948e+06 6.04928e+06 2.05639e+06 2.24302e+06 3.65143e+07 508003
internal_count=379272 238759 140513 48724 44270 36510 30141 91789 67911 40294 23878 7760 235575 4299
cat_boundaries=0 2 3
cat_threshold=67110912 262144 2048
is_linear=0
shrinkage=0.035


Tree=171
num_leaves=15
num_cat=0
split_feature=31 6 1 1 27 20 5 2 28 1 1 28 27 1
split_gain=26089.8 51996.6 36272.1 38015.1 31560.1 49693.2 44265.5 44459.8 56914.9 49272.2 66834.7 42703 41346.6 71099.1
threshold=1.0000000180025095e-35 6.8464943762460644 8.5000000000000018 17.500000000000004 55.500000000000007 1.0000000180025095e-35 13.500000000000002 5.5000000000000009 4.5000000000000009 7.5000000000000009 16.500000000000004 22.500000000000004 8.5000000000000018 8.5000000000000018
decision_type=2 2 2 2 2 2 2 2 2 2 2 2 2 2
left_child=4 -2 -3 -4 12 6 -6 8 -8 -10 -11 -9 13 -1
right_child=1 2 3 -5 5 -7 7 11 9 10 -12 -13 -14 -15
leaf_value=-0.0007662915046424332 0.0077757204064800647 0.0042826741814997651 -0.0013227137598031354 0.0047528489050810939 0.00027889104391211144 -0.0045653978926249979 0.0011190438751751261 -0.0011431321441292485 0.00032481582570959353 -0.00070580309122748929 -3.9802627727225271e-05 0.0013346037299656851 0.00012483690574916187 -1.5555815745910524e-05
leaf_weight=1807762.5259752274 151431.82705879211 87215.752655029297 292669.93881988525 76605.282241821289 3273013.0066976547 140276.21312856674 370057.48141002655 273941.56601929665 1153448.4732289314 6273342.5462093353 3728552.9078674316 862659.8240301609 27745728.509604216 8477876.9561600685
leaf_count=16741 3138 376 1728 400 27900 1626 2540 3861 17657 37629 29267 12137 175907 48365
internal_value=-1.10015e-05 0.00719923 0.00130351 -0.00349132 -9.20144e-05 -0.00139219 -0.00120961 -0.00214749 -0.00279878 -0.00324675 -0.00403668 0.00445675 0.000457553 -0.00143784
internal_weight=5.47146e+07 607923 456491 369275 5.41067e+07 1.60753e+07 1.5935e+07 1.2662e+07 1.15254e+07 1.11553e+07 1.00019e+07 1.1366e+06 3.80314e+07 1.02856e+07
internal_count=379272 5642 2504 2128 373630 132617 130991 103091 87093 84553 66896 15998 241013 65106
is_linear=0
shrinkage=0.035


Tree=172
num_leaves=15
num_cat=2
split_feature=19 21 1 12 27 1 0 27 27 1 13 28 23 0
split_gain=26491.6 47978.4 69422.1 37860.1 36345.6 78202.3 73409.6 73245 57931.9 55455.3 49199.3 48571.5 65036.9 48570.1
threshold=1.0000000180025095e-35 1.0000000180025095e-35 18.500000000000004 1.5503488783755612 34.500000000000007 8.5000000000000018 0 7.5000000000000009 12.500000000000002 14.500000000000002 0.96525508404468596 7.5000000000000009 1.0000000180025095e-35 1
decision_type=2 2 2 2 2 2 1 2 2 2 2 2 2 1
left_child=3 -2 -3 4 5 7 8 -1 -7 -8 -11 12 13 -6
right_child=1 2 -4 -5 11 6 9 -9 -10 10 -12 -13 -14 -15
leaf_value=-0.001047723608111539 -8.7841733082019081e-05 -0.0024518400859820585 0.0026173642950249928 0.0060936610497751313 0.00072881326553401538 0.00017984937193985467 0.00042581694432191594 2.4345398985399711e-06 0.00075241708077247542 -0.0019931225398513402 -0.0001061065402550967 -9.4522895224993098e-06 -0.0011543076560479445 -0.00065019710177946141
leaf_weight=1213819.2573001385 13807357.137686491 630709.23914718628 130433.30722403526 129738.33259606361 605052.71973752975 3296200.2420799732 4896748.4619069099 2880918.8881444931 3206274.8338057995 364904.81785941124 5765306.2836608887 16228367.918169022 1004882.0559258461 553869.31586265564
leaf_count=9709 111668 6965 2295 1524 3038 14332 24778 22063 16000 2433 34723 120980 5088 3676
internal_value=-1.23193e-05 -0.00129077 -0.00984543 0.000451615 0.000390413 0.00136321 0.00238048 -0.00299169 0.00532998 0.000641187 -0.00157715 -0.00075333 -0.00567905 -2.87592e-05
internal_weight=5.47146e+07 1.45685e+07 761143 4.01461e+07 4.00163e+07 2.16242e+07 1.75294e+07 4.09474e+06 6.50248e+06 1.1027e+07 6.13021e+06 1.83922e+07 2.1638e+06 1.15892e+06
internal_count=379272 120928 9260 258344 256820 124038 92266 31772 30332 61934 37156 132782 11802 6714
cat_boundaries=0 1 3
cat_threshold=33685632 6272 262144
is_linear=0
shrinkage=0.035


Tree=173
num_leaves=15
num_cat=2
split_feature=12 0 14 1 6 5 14 0 1 1 1 21 28 5
split_gain=26431.9 31910.7 30076.5 43178.1 44053.4 60389.7 51861.7 51170.3 49433.2 41961.6 51185.8 87737.4 47258.9 44097.6
threshold=0.99015426883496482 0 1.0038121718465678 20.500000000000004 7.5504001876862077 10.500000000000002 1.0123130853103539 1 7.5000000000000009 16.500000000000004 13.500000000000002 1.0000000180025095e-35 4.5000000000000009 23.500000000000004
decision_type=2 1 2 2 2 2 2 1 2 2 2 2 2 2
left_child=1 -1 9 4 5 -4 -7 8 -8 10 -2 13 -13 -12
right_child=2 -3 3 -5 -6 6 7 -9 -10 -11 11 12 -14 -15
leaf_value=-0.00048339468608783634 0.00017416018024625753 -1.1710270591067249e-05 -0.00071187874463063362 -0.0012189323291237504 -0.00016305020816461923 -0.00050658433015827455 -0.00067181715928246223 0.0001549353107784733 0.0015718586774874734 0.00045683538692439286 -0.00023546824658687127 -0.0018546099614433868 0.0010340024821422237 -0.0011587340973987456
leaf_weight=4817943.0971455574 10440892.014222145 8755031.4067747593 1137844.6031553745 1041201.3521478176 9916089.4609069824 1330944.2772974968 374890.62324595451 3623202.6918718815 2574567.2836284637 6340658.3008210659 1632566.278165102 169400.84045410156 1088736.7265601158 1470613.8547096252
leaf_count=39448 75731 74921 3936 17409 23028 13617 8034 31484 20081 47201 8286 1288 6178 8630
internal_value=-1.35159e-05 -0.00135283 0.000428337 -0.000544683 -0.00016355 0.00160337 0.0026887 0.00396451 0.0073873 0.0013487 0.000328195 -0.00285629 0.00494003 -0.00601719
internal_weight=5.47146e+07 1.3573e+07 4.11416e+07 1.99987e+07 1.89575e+07 9.04145e+06 7.9036e+06 6.57266e+06 2.94946e+06 2.11429e+07 1.48022e+07 4.36132e+06 1.25814e+06 3.10318e+06
internal_count=379272 114369 264903 117589 100180 77152 73216 59599 28115 147314 100113 24382 7466 16916
cat_boundaries=0 2 3
cat_threshold=67110912 262144 100665472
is_linear=0
shrinkage=0.035


Tree=174
num_leaves=15
num_cat=2
split_feature=6 31 27 28 1 0 0 6 1 1 9 12 1 27
split_gain=26077.9 53994.2 41355.8 33864.7 94261.3 72146.1 55688.6 52844.8 56662.2 48783 46177 43211.5 47827.6 42537.2
threshold=6.504670235650833 1.0000000180025095e-35 28.500000000000004 53.500000000000007 19.500000000000004 0 1 8.0005268660031277 8.5000000000000018 12.500000000000002 0.96326450427310417 0.98505726097336221 7.5000000000000009 47.500000000000007
decision_type=2 2 2 2 2 1 1 2 2 2 2 2 2 2
left_child=1 2 -1 5 6 -2 11 9 -9 -8 -10 12 -5 -6
right_child=3 -3 -4 4 13 -7 7 8 10 -11 -12 -13 -14 -15
leaf_value=0.00095354526772380697 -0.00073586338885833834 0.0094728879709862594 -0.00017245312586243813 -0.0021060069859906885 -0.001647024047748585 -3.3644264321571261e-05 0.00025428285340108752 0.00058021015184878241 0.00043315135542407147 0.001301564088031643 -0.00053105731828214438 0.00016564694656296449 -0.00035221023068249707 -0.00019178052656696989
leaf_weight=3006896.0208542347 3741788.2969665527 103965.99175453186 3643135.7671408653 265584.32894134521 598544.74433135986 29171318.738945007 2444874.8999633789 549651.02920532227 406887.39813232422 2837545.6245346069 1320064.4450073242 4557761.4091720581 1512338.2783432007 554225.83781433105
leaf_count=68662 25097 2610 95479 1396 4045 111848 15157 1082 996 17934 3038 21055 7104 3769
internal_value=-8.28428e-06 0.00202788 0.00163658 -0.000295026 0.00108045 -0.000923876 0.00187835 0.00390692 -0.000550758 0.00582808 -0.00366588 -0.000541914 -0.00516987 -0.00853688
internal_weight=5.47146e+07 6.754e+06 6.65003e+06 4.79606e+07 1.50475e+07 3.29131e+07 1.38947e+07 7.55902e+06 2.2766e+06 5.28242e+06 1.72695e+06 6.33568e+06 1.77792e+06 1.15277e+06
internal_count=379272 166751 164141 212521 75576 136945 67762 38207 5116 33091 4034 29555 8500 7814
cat_boundaries=0 1 3
cat_threshold=369098752 6144 262144
is_linear=0
shrinkage=0.035


Tree=175
num_leaves=15
num_cat=1
split_feature=12 0 9 14 1 28 1 1 13 1 17 31 23 1
split_gain=26602.8 32654.3 28536.9 28018.3 35268.6 33736.8 64680.1 54332.6 67512.6 59031.2 64963.6 52671.4 49189.4 48916.5
threshold=0.95147315182213388 0 0.71282979736162122 1.1807223977627761 20.500000000000004 59.500000000000007 21.500000000000004 17.500000000000004 0.97222343870680306 12.500000000000002 1.0000000180025095e-35 1.0000000180025095e-35 1.0000000180025095e-35 6.5000000000000009
decision_type=2 1 2 2 2 2 2 2 2 2 2 2 2 2
left_child=1 -1 -2 5 -5 7 13 9 12 -4 -11 -10 -9 -7
right_child=2 -3 3 4 -6 6 -8 8 11 10 -12 -13 -14 -15
leaf_value=-0.0013297857467503159 0.0024511065951888702 -0.00019484714071038765 5.4329472937548811e-05 -0.000228649418998125 -0.002305107032177432 -0.0010321384476286574 -0.0023525982099063241 0.00097784419688472972 0.00035686068971100513 -0.00010205333597049262 -0.00063557202676490707 0.0077292692911911228 -0.0017819090942091573 0.0003782247178860152
leaf_weight=490567.05534625053 186504.92479896545 3035089.3834762573 15182476.664251566 4031074.9110665321 239621.40971589088 517532.66231417656 316229.82103228569 264602.46999430656 7509234.9636154175 8009758.4725666046 4274978.3383312225 104196.40673065186 503053.38766145706 10049661.940204859
leaf_count=5287 1125 30432 103687 23683 4024 15068 9424 4129 56594 38499 19607 1231 2380 64102
internal_value=-9.87179e-06 -0.00295055 0.000192669 0.000142695 -0.00257093 0.000390687 0.00209742 -0.000127472 0.00233925 -0.000880147 -0.00268395 0.00333673 -0.00755343 0.00256418
internal_weight=5.47146e+07 3.52566e+06 5.11889e+07 5.10024e+07 4.2707e+06 4.67317e+07 1.08834e+07 3.58483e+07 8.38109e+06 2.74672e+07 1.22847e+07 7.61343e+06 767656 1.05672e+07
internal_count=379272 35719 343553 342428 27707 314721 88594 226127 64334 161793 58106 57825 6509 79170
cat_boundaries=0 2
cat_threshold=0 262144
is_linear=0
shrinkage=0.035


Tree=176
num_leaves=15
num_cat=3
split_feature=35 0 31 6 27 0 5 20 2 15 1 6 19 0
split_gain=25369.8 45150.8 26610.3 42194.9 34397.3 49995 59271.2 34306 39945.8 41206.2 33021.2 38650.8 65312.1 57953
threshold=1.5000000000000002 0 1.0000000180025095e-35 6.8589864940767029 55.500000000000007 1 13.500000000000002 1.0000000180025095e-35 4.5000000000000009 1.0000000180025095e-35 7.5000000000000009 7.5318737144206436 1.0000000180025095e-35 2
decision_type=2 1 2 2 2 1 2 2 2 2 2 2 2 1
left_child=1 -1 4 -4 10 7 -7 8 9 -6 -2 12 13 -12
right_child=2 -3 3 -5 5 6 -8 -9 -10 -11 11 -13 -14 -15
leaf_value=-0.002057745795178896 -0.00029188281317401774 -0.0002611792462152074 0.0071806687835414326 0.00036440896850744464 -0.00028512089452319682 0.00048646708392596153 -0.00083931453106987229 -0.0046292601707908073 0.00066374203486759637 0.00017973558200156856 0.0012064048471013345 -2.4306904834244386e-05 -0.00016891597495179159 0.0002623930442479589
leaf_weight=72895.88330578804 3754667.2057390213 210861.20334815979 146435.02213764191 415612.03558349609 4961072.7780032158 1082832.4016621113 4403290.7997436523 85029.819148778915 1999393.7568249702 3440286.4924716949 3703050.719602108 17042457.311050415 5225287.537655592 8171409.8448297977
leaf_count=382 49707 2194 3025 2295 24905 14648 54067 739 18504 18670 33015 43801 49812 63508
internal_value=-1.0783e-05 -0.0104488 4.36339e-05 0.00761979 -3.54144e-05 -0.00139775 -0.00410495 1.86483e-05 0.00019967 -0.000858477 0.000538753 0.000881365 0.002057 0.00349189
internal_weight=5.47146e+07 283757 5.44308e+07 562047 5.38688e+07 1.59719e+07 5.48612e+06 1.04858e+07 1.04008e+07 8.40136e+06 3.78969e+07 3.41422e+07 1.70997e+07 1.18745e+07
internal_count=379272 2576 376696 5320 371376 131533 68715 62818 62079 43575 239843 190136 146335 96523
cat_boundaries=0 1 2 3
cat_threshold=131072 137218 33556608
is_linear=0
shrinkage=0.035


Tree=177
num_leaves=15
num_cat=2
split_feature=12 0 10 13 2 1 14 1 1 0 31 6 1 1
split_gain=26335 32117.1 28200.3 54076.7 55837.5 27397.3 23255.8 26047.8 35496.1 22218.7 22070.1 40035.7 40680.6 41885.9
threshold=0.97673979454843807 0 0.9804322064227694 0.9786329197456366 3.5000000000000004 17.500000000000004 1.0239625556666898 17.500000000000004 8.5000000000000018 1 1.0000000180025095e-35 6.995425550159835 8.5000000000000018 17.500000000000004
decision_type=2 1 2 2 2 2 2 2 2 1 2 2 2 2
left_child=1 6 -2 4 -4 -6 -1 8 -8 -7 -5 -12 -13 -14
right_child=2 -3 3 10 5 9 7 -9 -10 -11 11 12 13 -15
leaf_value=-0.00014958161138002991 0.00064297550493004987 -0.00046908866657722635 -9.9328816220812437e-05 3.5214637474185179e-05 -0.0003340231316553055 -0.0024533886209056818 -0.00039466182201199383 -0.00078231701555855047 0.0011803234483262687 -0.00095490742014501064 0.0078986081754534396 0.0046395734208974785 -0.001254788146764798 0.0068919625042137391
leaf_weight=2243919.7925944328 2084459.7283174992 4862572.1453185081 1582638.62210989 41336804.361533642 362185.39963364601 302838.57259559631 187285.52989006042 214413.55464959145 643586.78810310364 421464.00164556503 98625.186991214752 71901.846389770508 253512.09774780273 48375.183586120605
leaf_count=25501 22190 40893 14081 259206 2245 1165 1729 2013 4314 1868 2006 317 1490 254
internal_value=-1.1021e-05 -0.00184619 0.000310264 0.000123798 -0.00470623 -0.010816 0.000824953 0.00513688 0.00794356 -0.0147461 0.000432151 0.00795421 0.0027202 -0.00291505
internal_weight=5.47146e+07 8.15178e+06 4.65628e+07 4.44783e+07 2.66913e+06 1.08649e+06 3.28921e+06 1.04529e+06 830872 724303 4.18092e+07 472414 373789 301887
internal_count=379272 74450 304822 282632 19359 5278 33557 8056 6043 3033 263273 4067 2061 1744
cat_boundaries=0 1 3
cat_threshold=302121088 67112960 262144
is_linear=0
shrinkage=0.035


Tree=178
num_leaves=15
num_cat=0
split_feature=35 28 12 14 1 27 1 1 28 28 1 27 1 1
split_gain=25306.4 28045.5 26061.7 24784.7 37706.9 31947.8 37163.1 38994.4 33473 24914.8 69899.4 83248.1 57519.1 54566.5
threshold=1.5000000000000002 48.500000000000007 1.5503488783755612 1.1807223977627761 19.500000000000004 33.500000000000007 17.500000000000004 6.5000000000000009 10.500000000000002 59.500000000000007 18.500000000000004 47.500000000000007 6.5000000000000009 17.500000000000004
decision_type=2 2 2 2 2 2 2 2 2 2 2 2 2 2
left_child=1 -1 3 9 5 6 7 -5 -9 13 12 -12 -11 -2
right_child=2 -3 -4 4 -6 -7 -8 8 -10 10 11 -13 -14 -15
leaf_value=0.0001867109594265808 -0.00010410442243749623 -0.0016317058584355765 0.0036033206913271324 -0.0029179084260322094 -0.0015619034231525758 -0.00054231869648185447 -0.0008573013856280991 -0.00074224907827593061 0.00087205052157093008 -0.0010449719881135658 -0.0013062654701187326 0.00044474498796625358 0.00038765753180292133 0.00025810908232555563
leaf_weight=136853.97292900085 28009008.879465342 146903.11372494698 237030.06706428528 100940.04321098328 457180.9908220768 1863825.6075623035 352595.57089614868 197203.70076942444 1396250.4936847687 556753.18094205856 1193049.2818806171 1034752.1756029129 10169059.039687634 8863176.6928639412
leaf_count=1032 171118 1544 2643 2483 5615 10438 1536 594 7823 16266 13416 11921 60763 72080
internal_value=-1.88636e-06 -0.0104268 5.24624e-05 1.81197e-06 -0.00252615 -0.00141428 0.00160428 0.00375556 0.00509196 0.000223427 0.00154388 -0.0040975 0.00271562 -0.000240464
internal_weight=5.47146e+07 283757 5.44308e+07 5.41938e+07 4.368e+06 3.91082e+06 2.04699e+06 1.69439e+06 1.59345e+06 4.98258e+07 1.29536e+07 2.2278e+06 1.07258e+07 3.68722e+07
internal_count=379272 2576 376696 374053 28489 22874 12436 10900 8417 345564 102366 25337 77029 243198
is_linear=0
shrinkage=0.035


Tree=179
num_leaves=15
num_cat=4
split_feature=12 0 11 14 28 1 0 2 28 6 0 6 1 0
split_gain=25861.6 30292.6 26531.4 40846.4 69984.7 51989.8 46227.1 38388.5 35160 33581.3 32943.7 31268 29091.5 26402.1
threshold=0.96479881010771329 0 1.0088758620090961 0.94592306406186222 25.500000000000004 6.5000000000000009 1 1.0000000180025095e-35 2.5000000000000004 7.4106722066485853 2 7.0230650200636768 16.500000000000004 3
decision_type=2 1 2 2 2 2 1 2 2 2 1 2 2 1
left_child=1 -1 3 4 6 -6 8 -7 -2 13 11 -9 -12 -4
right_child=2 -3 9 -5 5 7 -8 10 -10 -11 12 -13 -14 -15
leaf_value=0.00026862364091007914 -0.00065624949848653604 -0.00050134308168202845 -0.00021549421978315667 -0.00011163363578267686 0.0027103511163448523 -0.001182811027405748 -5.5144998379575131e-05 0.0023834559577365602 0.00088447727801445591 -2.3590396418994262e-05 -0.0013210792057484527 7.4169308091029362e-07 0.00032481518351664838 0.00061064443017515128
leaf_weight=1339643.6549785137 286126.64868164062 4105411.1492974758 1504364.6769337654 24652540.202534676 149557.17617583275 578926.4488658905 1159947.028901577 245166.77381372452 2346154.5330653191 8046171.5626220703 540368.47076034546 2141504.3065643311 261436.35970783234 7357263.8182034492
leaf_count=16371 2957 35878 22852 140739 3337 3397 9244 3133 13223 23942 5472 8959 2749 87019
internal_value=-1.06044e-06 -0.00228999 0.000251902 -0.000335164 0.00188843 -0.00139281 0.00527759 -0.00219624 0.00784277 0.00137555 -0.000690768 0.0013713 -0.00682864 0.00286187
internal_weight=5.47146e+07 5.44505e+06 4.92695e+07 3.23617e+07 7.70919e+06 3.91696e+06 3.79223e+06 3.7674e+06 2.63228e+06 1.69078e+07 3.18848e+06 2.38667e+06 801805 8.86163e+06
internal_count=379272 52249 327023 193210 52471 27047 25424 23710 16180 133813 20313 12092 8221 109871
cat_boundaries=0 1 3 5 6
cat_threshold=302120960 268570626 262144 137218 262144 268566528
is_linear=0
shrinkage=0.035


Tree=180
num_leaves=15
num_cat=0
split_feature=12 8 14 1 1 1 21 6 28 28 5 28 11 5
split_gain=24650.6 28333.3 24846.8 39244.8 36278.6 40323.4 58574.1 47791.1 37003 41982.9 40500.8 35958 35340.8 36884.7
threshold=0.99598734948493073 0.96199393407506939 1.0038121718465678 21.500000000000004 16.500000000000004 12.500000000000002 1.0000000180025095e-35 7.6706659644876565 57.500000000000007 16.500000000000004 16.500000000000004 30.500000000000004 0.97230271666327395 1.5000000000000002
decision_type=2 2 2 2 2 2 2 2 2 2 2 2 2 2
left_child=-1 -2 4 12 5 -3 8 11 9 -7 -11 -8 -4 -14
right_child=1 2 3 -5 -6 6 7 -9 -10 10 -12 -13 13 -15
leaf_value=-0.00013154324709572078 0.001271843037742549 0.00017779863600730287 -0.00055148125791383454 -0.0019721239190787043 0.00045890596191652876 -3.5493901983233059e-05 -0.00089127957828537697 0.0017843835317997807 0.00095467912973605995 -0.00027808299100999013 -0.0013853384243276751 0.001074248674439945 -0.0010327597488917427 4.4023837180603679e-05
leaf_weight=17935886.851264715 881526.89252471924 7778234.509431839 2304788.5434207916 418820.29761099815 5321626.8005616665 1105392.5622329712 603003.42016983032 423667.68807983398 349418.46499037743 825478.8436756134 1278809.4310722351 391306.68525791168 168890.50756692886 14927731.313246012
leaf_count=140513 10272 57673 15806 10084 39343 5663 4371 1176 2620 3836 7452 2844 228 77391
internal_value=6.63803e-06 0.000525431 0.000373197 -0.000554227 0.00128745 0.000274689 -0.00218542 0.00383003 -0.00458203 -0.00575953 -0.00866072 -0.000364297 -0.00029941 0.000316887
internal_weight=5.47146e+07 3.67787e+07 3.58972e+07 1.78202e+07 1.80769e+07 1.27553e+07 4.97708e+06 1.41798e+06 3.5591e+06 3.20968e+06 2.10429e+06 994310 1.74014e+07 1.50966e+07
internal_count=379272 238759 228487 103509 124978 85635 27962 8391 19571 16951 11288 7215 93425 77619
is_linear=0
shrinkage=0.035


Tree=181
num_leaves=15
num_cat=3
split_feature=35 0 12 14 1 0 27 1 1 0 14 5 12 6
split_gain=24187.4 45979.7 25381.2 27927.3 32854.3 25955.2 24962.1 41175 58454.4 85055.5 44437.1 42404.8 37577.3 32982.9
threshold=1.5000000000000002 0 1.1062262025742085 1.1807223977627761 20.500000000000004 1 59.500000000000007 7.5000000000000009 16.500000000000004 2 0.94592306406186222 23.500000000000004 1.031056951979495 7.8960025014300017
decision_type=2 1 2 2 2 1 2 2 2 1 2 2 2 2
left_child=1 -1 3 6 5 -5 -2 10 9 13 -8 -11 -10 -9
right_child=2 -3 -4 4 -6 -7 7 8 12 11 -12 -13 -14 -15
leaf_value=-0.0018934014412742503 6.9634203558801682e-05 -0.0002416275533733919 0.0010485818761834962 0.00084233179508315652 -0.0021302835962400896 -0.00034962650175262552 0.00107355469361342 0.00053207228389166297 -3.8317989550237256e-05 -0.00020592032162977414 -3.4865627673525513e-05 -0.0010116712409216065 0.00090479343751427436 -0.0001861130558137837
leaf_weight=72895.88330578804 34192971.211250782 210861.20334815979 1308712.2830121517 418823.99744343758 240993.61762309074 3487084.4206559658 591598.24185729027 1617715.8084144592 3911203.642582655 1940346.1302185059 908859.37576031685 3580613.6028137207 1102064.2486550808 1129839.1441650391
leaf_count=382 213606 2194 15974 4865 3879 17503 10554 9277 32768 14721 15628 25176 9800 2945
internal_value=-3.91092e-06 -0.0101957 4.92227e-05 -6.94053e-05 -0.00282725 -0.00205341 0.000164112 -0.00103765 -0.00165852 -0.0034665 0.00445813 -0.00597071 0.00132344 0.00156548
internal_weight=5.47146e+07 283757 5.44308e+07 5.31221e+07 4.1469e+06 3.90591e+06 4.89752e+07 1.47822e+07 1.32818e+07 8.26851e+06 1.50046e+06 5.52096e+06 5.01327e+06 2.74755e+06
internal_count=379272 2576 376696 360722 26247 22368 334475 120869 94687 52119 26182 39897 42568 12222
cat_boundaries=0 1 2 3
cat_threshold=131072 100663296 131074
is_linear=0
shrinkage=0.035


Tree=182
num_leaves=15
num_cat=2
split_feature=35 0 12 27 20 2 28 28 28 5 12 28 0 14
split_gain=23968.1 45955.8 23950.1 24474.2 43960.7 41588.1 52770.2 41053.6 50153.6 47631.7 48447.1 57854.2 52808.4 42683.8
threshold=1.5000000000000002 0 1.5503488783755612 55.500000000000007 1.0000000180025095e-35 4.5000000000000009 4.5000000000000009 9.5000000000000018 25.500000000000004 30.500000000000004 0.97794587881641404 52.500000000000007 1 0.94592306406186222
decision_type=2 1 2 2 2 2 2 2 2 2 2 2 1 2
left_child=1 -1 3 -2 5 6 -5 -8 13 10 -10 -12 -13 -9
right_child=2 -3 -4 4 -6 -7 7 8 9 -11 11 12 -14 -15
leaf_value=-0.0018271323908296514 5.1264595626015058e-05 -0.00023317058900532205 0.0034184968397237055 0.00099055568603485062 -0.0041671810897204124 0.0004236552352681918 -0.00098097305555069339 0.00071112166595841981 -0.0036062726225748096 -0.00060297425984713918 -0.00043593981432824073 -0.0006179949280421135 0.00088726080847790383 -0.00019647123066794832
leaf_weight=72895.88330578804 37756924.868874073 210861.20334815979 237030.06706428528 479039.59243917465 135457.76721334457 3049511.7857685089 722740.89118790627 1337017.4649603367 151672.91385388374 5089863.9741187096 1811494.290982008 560640.79719877243 1675078.1816594601 1424353.1291320324
leaf_count=382 238289 2194 2643 3268 1586 39916 4542 9641 1891 36308 12693 3130 13511 9278
internal_value=-2.67378e-08 -0.0101456 5.28655e-05 4.31026e-06 -0.00112298 -0.000957975 -0.00180601 -0.00223374 -0.00174778 -0.00297892 -0.000219466 0.000508354 0.0042751 0.00239354
internal_weight=5.47146e+07 283757 5.44308e+07 5.41938e+07 1.64369e+07 1.63014e+07 1.32519e+07 1.27729e+07 1.20501e+07 9.28875e+06 4.19889e+06 4.04721e+06 2.23572e+06 2.76137e+06
internal_count=379272 2576 376696 374053 135764 134178 94262 90994 86452 67533 31225 29334 16641 18919
cat_boundaries=0 1 3
cat_threshold=131072 2048 262144
is_linear=0
shrinkage=0.035


Tree=183
num_leaves=15
num_cat=1
split_feature=6 31 17 2 1 17 3 1 27 1 27 3 0 1
split_gain=23561.4 47698.1 40053 32199.1 96244.9 110457 104425 85473 71249.5 68686.5 59304.3 130687 73003.3 46394.9
threshold=6.504670235650833 1.0000000180025095e-35 1.0000000180025095e-35 3.5000000000000004 17.500000000000004 1.0000000180025095e-35 1.0000000180025095e-35 10.500000000000002 4.5000000000000009 19.500000000000004 15.500000000000002 1.0000000180025095e-35 0 17.500000000000004
decision_type=2 2 2 2 2 2 2 2 2 2 2 2 1 2
left_child=1 2 -1 13 5 7 9 -5 -7 -6 11 -9 -12 -2
right_child=3 -3 -4 4 6 8 -8 10 -10 -11 12 -13 -14 -15
leaf_value=0.00063805143407543461 -3.6173576512796717e-05 0.0086541609284542138 -0.00053373252458775353 -0.00037353592344694839 -0.001735255141897415 0.0019126848131363809 -6.9154160087016271e-05 0.00102692140981941 -0.0033953316273588837 -0.00030330934188013323 0.0010086180546756242 -0.0010800524380631814 0.00010804055443853709 0.00031226040726878914
leaf_weight=4863755.9423098564 25090612.307914734 103965.99175453186 1786275.8456852436 3681603.9979019165 1237926.3252716064 67340.75764465332 1646194.1434402466 1038600.7562026978 398856.9467086792 502614.3182144165 2429480.7648468018 1533202.1192016602 2882109.0232620239 7452043.5707473755
leaf_count=117797 103205 2610 46344 17769 4095 487 10558 3338 2827 2898 8678 7043 18832 32791
internal_value=-3.11261e-06 0.00193232 0.00156453 -0.000275668 -0.0015932 -0.000126028 -0.00680523 0.0005473 -0.016829 -0.0127821 0.00260353 -0.00175909 0.00471585 0.000348546
internal_weight=5.47146e+07 6.754e+06 6.65003e+06 4.79606e+07 1.54179e+07 1.20312e+07 3.38673e+06 1.1565e+07 466198 1.74054e+06 7.88339e+06 2.5718e+06 5.31159e+06 3.25427e+07
internal_count=379272 166751 164141 212521 76525 58974 17551 55660 3314 6993 37891 10381 27510 135996
cat_boundaries=0 1
cat_threshold=33687552
is_linear=0
shrinkage=0.035


Tree=184
num_leaves=15
num_cat=0
split_feature=12 9 6 31 17 35 28 28 1 1 28 1 8 26
split_gain=23745 27915.2 24994.1 50926.6 36482.1 30021.2 39783.4 26381.6 27257.9 29221.4 25727.9 82387.5 46481.8 39436.9
threshold=0.87196587563390382 0.71282979736162122 6.504670235650833 1.0000000180025095e-35 1.0000000180025095e-35 3.5000000000000004 48.500000000000007 45.500000000000007 6.5000000000000009 21.500000000000004 53.500000000000007 20.500000000000004 0.95915516979277249 1.0000000180025095e-35
decision_type=2 2 2 2 2 2 2 2 2 2 2 2 2 2
left_child=-1 -2 3 4 7 6 -4 -3 -9 -10 -7 12 -12 -14
right_child=1 2 5 -5 -6 10 -8 8 9 -11 11 -13 13 -15
leaf_value=-0.00085095393810388851 0.0023196005854828729 0.0010413155989615521 -5.6369023013012572e-05 0.0086814701856582147 -0.00048674461496465461 -7.9542703035636548e-05 -0.0016822353063109428 -0.0014882214573233735 0.00093270486023790556 -0.0013996719045541864 0.0026740507508618287 -0.0017328108589700589 0.00015051310329037163 -0.0020492767908202622
leaf_weight=491733.25779652596 203442.6210269928 2796183.4246661663 151887.50898742676 99170.092970371246 1763905.6402230263 32649589.058959961 107593.50547027588 324459.01552248001 1361153.5355761051 298324.95029163361 359884.54290771484 434700.79347229004 13473986.691085815 198568.1721496582
leaf_count=5579 1287 63454 976 2470 45648 135379 658 15743 25948 10184 2359 3340 65429 818
internal_value=-5.36907e-06 6.40663e-05 1.53299e-05 0.00202582 0.00164856 -0.000266586 -0.0121387 0.00323602 0.000149154 0.0019632 -0.000201202 0.00102745 0.00149233 0.00116551
internal_weight=5.47146e+07 5.42228e+07 5.40194e+07 6.6432e+06 6.54403e+06 4.73762e+07 259481 4.78012e+06 1.98394e+06 1.65948e+06 4.71167e+07 1.44671e+07 1.40324e+07 1.36726e+07
internal_count=379272 373693 372406 163447 160977 208959 1634 115329 51875 36132 207325 71946 68606 66247
is_linear=0
shrinkage=0.035


Tree=185
num_leaves=15
num_cat=4
split_feature=12 0 14 1 0 14 11 0 5 14 1 28 0 28
split_gain=24302.8 26612 26062.7 40316.6 35195.3 49488.6 33934.4 39073.8 44708.4 37112.6 31317.2 35608.9 52699 28764.3
threshold=0.99015426883496482 0 1.0038121718465678 21.500000000000004 1 0.98774795522931602 0.97230271666327395 2 21.500000000000004 1.0123130853103539 6.5000000000000009 17.500000000000004 3 32.500000000000007
decision_type=2 1 2 2 1 2 2 1 2 2 2 2 1 2
left_child=1 -1 4 6 5 -2 -4 8 -8 -10 -11 12 -12 -7
right_child=2 -3 3 -5 -6 13 7 -9 9 10 11 -13 -14 -15
leaf_value=-0.0004416177461502257 -0.00099138092108921297 -1.3717666006497875e-05 -0.0005176837909093582 -0.0018780999083533336 0.00019454827548822415 -0.00042195358277989891 -0.00024015036637750652 -5.4672760541766468e-05 -0.0012285599056013577 -0.0025674798467477922 0.0016869516409605963 0.0021332145449336087 -0.0011007666738932207 0.0011824511267845607
leaf_weight=4817943.0971455574 1601330.7848985195 8755031.4067747593 2486820.3981604576 475611.93500351906 18119896.34348917 667125.7278676033 1081478.854041338 13800394.320073843 185677.94396591187 88397.564822912216 280325.72218036652 1302823.5397539139 297210.01425170898 754515.15867686272
leaf_count=39448 23772 74921 17178 11605 104290 7940 5428 60811 2733 3413 2119 13188 1114 11312
internal_value=-2.01625e-06 -0.00128626 0.000421667 -0.000484103 0.00127842 -0.00221771 -0.000238822 0.000318683 0.00378022 0.006695 0.00810574 0.00906287 0.0018288 0.00253507
internal_weight=5.47146e+07 1.3573e+07 4.11416e+07 1.99987e+07 2.11429e+07 3.02297e+06 1.95231e+07 1.70363e+07 3.23591e+06 2.15443e+06 1.96876e+06 1.88036e+06 577536 1.42164e+06
internal_count=379272 114369 264903 117589 147314 43024 105984 88806 27995 22567 19834 16421 3233 19252
cat_boundaries=0 2 3 4 5
cat_threshold=67110912 262144 369098752 100663424 100663296
is_linear=0
shrinkage=0.035


Tree=186
num_leaves=15
num_cat=3
split_feature=12 8 27 14 0 1 28 6 19 1 11 6 0 0
split_gain=22921.6 27580.1 24980.8 44125.3 33670.2 29092.5 36760.8 31642.1 38877.6 29810.8 28549.9 28401.8 28006.2 25872.1
threshold=0.99598734948493073 0.87334463782472904 58.500000000000007 0.94592306406186222 0 7.5000000000000009 42.500000000000007 7.4531918138198821 1.0000000180025095e-35 11.500000000000002 1.0844110721613547 8.4911077780067021 1 2
decision_type=2 2 2 2 1 2 2 2 2 2 2 2 1 1
left_child=2 -2 5 4 -4 6 13 8 -7 11 -8 -9 -5 -1
right_child=1 -3 3 12 -6 7 10 9 -10 -11 -12 -13 -14 -15
leaf_value=0.00061732181736297461 0.0039894075110789261 4.6940120386692553e-05 0.00072258575287935823 -0.0023750579033394799 -0.0009062126182511278 0.00053776965204057302 -0.0012698029411580952 0.00022656467628978902 -0.00029893251413627063 -0.00032311437913178082 0.0015628075185936136 -0.00076482961946710149 -0.00067787908320150899 -0.00071389430985927156
leaf_weight=347068.94183468819 126893.93120837212 36651802.028633356 687457.90607643127 449425.4197204113 508074.00639915466 4512754.3765413761 697354.56074309349 2191432.9279327393 2132989.3406512737 4659340.2333831787 71565.205704450607 172166.87976074219 1077787.5668466091 428469.48567056656
leaf_count=3132 1468 237291 6488 4944 8940 41301 7992 7134 22749 14847 779 235 13243 8729
internal_value=-3.01331e-06 0.000497254 -0.00102884 -0.0041164 0.000919504 -0.00047625 -0.00502951 3.82373e-05 0.00176935 -0.0015999 -0.0104524 0.00160172 -0.00805858 0.000347142
internal_weight=5.47146e+07 3.67787e+07 1.79359e+07 2.72274e+06 1.19553e+06 1.52131e+07 1.54446e+06 1.36687e+07 6.64574e+06 7.02294e+06 768920 2.3636e+06 1.52721e+06 775538
internal_count=379272 238759 140513 33615 15428 106898 20632 86266 64050 22216 8771 7369 18187 11861
cat_boundaries=0 2 4 5
cat_threshold=137216 262144 2 262144 6144
is_linear=0
shrinkage=0.035


Tree=187
num_leaves=15
num_cat=3
split_feature=35 0 31 6 27 0 28 20 1 1 5 28 0 1
split_gain=22591 46934.5 24181.7 36632.7 32142.3 44284.4 44782.2 37597.6 34774.8 41980.8 47870 49907.8 46474 41117.5
threshold=1.5000000000000002 0 1.0000000180025095e-35 6.590544666592284 55.500000000000007 1 28.500000000000004 1.0000000180025095e-35 7.5000000000000009 16.500000000000004 37.500000000000007 57.500000000000007 2 11.500000000000002
decision_type=2 1 2 2 2 1 2 2 2 2 2 2 1 2
left_child=1 -1 4 -4 -2 6 -6 8 -7 10 11 -10 -12 -13
right_child=2 -3 3 -5 5 7 -8 -9 9 -11 12 13 -14 -15
leaf_value=-0.0016935066817749338 5.5845897742098764e-05 -0.00017822160675254494 0.0076855601702623417 0.00054809579856991491 -2.1642382372910709e-05 0.00044619694638133413 -0.0021626738816736854 -0.0040258415443608113 -0.00028495879370823654 0.00018661527655755897 -3.568400907454139e-05 -0.00013584553148083097 -0.0010870168703552194 0.0015341027556138762
leaf_weight=72895.88330578804 37896872.618876934 210861.20334815979 114321.21591663361 447725.84180450439 721201.74595069885 1436529.7385416031 971906.12855744362 122586.0205039978 3172221.4802780151 4751191.0969750881 1209526.3546257019 703630.2843170166 2074454.0549125671 808659.14319229126
leaf_count=382 239843 2194 2686 2634 9061 23578 14159 1279 18558 36512 5310 4404 13167 5505
internal_value=-5.02218e-06 -0.00985478 4.63281e-05 0.0072685 -2.90267e-05 -0.00134595 -0.00669795 -0.000711329 -0.000544195 -0.00112717 -0.0026798 -0.000408465 -0.00591978 0.00482372
internal_weight=5.47146e+07 283757 5.44308e+07 562047 5.38688e+07 1.59719e+07 1.69311e+06 1.42788e+07 1.41562e+07 1.27197e+07 7.96849e+06 4.68451e+06 3.28398e+06 1.51229e+06
internal_count=379272 2576 376696 5320 371376 131533 23220 108313 107034 83456 46944 28467 18477 9909
cat_boundaries=0 1 3 4
cat_threshold=131072 33554432 262144 131074
is_linear=0
shrinkage=0.035


Tree=188
num_leaves=15
num_cat=4
split_feature=14 0 28 28 0 11 2 6 0 28 35 6 0 6
split_gain=22711.8 97433.2 79238.4 65802.8 47736.9 47673 46203.5 43518.5 38830.9 61744.1 41950.6 38562.6 35311.9 46684.2
threshold=0.94592306406186222 0 25.500000000000004 2.5000000000000004 1 0.99022857129211772 1.0000000180025095e-35 7.0230650200636768 2 31.500000000000004 1.5000000000000002 6.5496881751860991 3 7.1018117342042677
decision_type=2 1 2 2 1 2 2 2 1 2 2 2 1 2
left_child=1 11 3 7 -5 -2 -4 -3 9 -7 -10 -1 -8 -14
right_child=5 2 6 4 -6 8 12 -9 10 -11 -12 -13 13 -15
leaf_value=0.00092617403293747955 -0.00023945322309154899 0.00085643340565982602 -0.0010674133404873982 0.00099853433384796677 0.00062356301290390011 -0.00017070876008382121 -0.00078820915056806279 -0.0017150784066895532 -0.0015140793475417285 0.00090967882375512761 -1.5616447349341402e-05 -0.0015017410213520796 0.0019585522239593534 4.0496316582050256e-06
leaf_weight=168647.89722275734 13873960.530250788 462355.6520049572 684448.14870238304 1155619.1055500507 3640921.9013309479 2621431.4000592232 859358.77516198158 415149.29216003418 94346.527726888657 3843274.896245718 23042030.240617037 773149.69897460938 610749.11732196808 2469139.6277770996
leaf_count=4803 93854 8855 4990 4906 31297 21521 11545 2120 884 42968 125275 5899 10087 10268
internal_value=-6.97663e-06 0.00139547 0.00238098 0.00515246 0.00676461 -0.000369551 -0.0010201 -0.00365968 0.00042392 0.00282207 -0.000246166 -0.00937996 0.0004383 0.00218872
internal_weight=5.47146e+07 1.12395e+07 1.02977e+07 5.67405e+06 4.79654e+06 4.3475e+07 4.6237e+06 877505 2.96011e+07 6.46471e+06 2.31364e+07 941798 3.93925e+06 3.07989e+06
internal_count=379272 94770 84068 47178 36203 284502 36890 10975 190648 64489 126159 10702 31900 20355
cat_boundaries=0 1 2 3 4
cat_threshold=67108864 131072 100663424 301990016
is_linear=0
shrinkage=0.035


Tree=189
num_leaves=15
num_cat=3
split_feature=12 0 6 14 14 28 28 0 11 0 28 28 31 35
split_gain=22515.3 25496.4 27395.8 28715.3 24808.7 83710.2 38997.7 43854.2 37347 44214.4 83304.6 41276.9 36969.2 30059.8
threshold=0.98717839216049497 0 7.5026273891041511 1.1694833628063137 0.94592306406186222 25.500000000000004 2.5000000000000004 1 0.97230271666327395 2 32.500000000000007 4.5000000000000009 1.0000000180025095e-35 1.5000000000000002
decision_type=2 1 2 2 2 2 2 1 2 1 2 2 2 2
left_child=1 -1 3 -3 5 6 -2 -8 -6 10 11 -10 -7 -11
right_child=4 2 -4 -5 8 12 7 -9 9 13 -12 -13 -14 -15
leaf_value=0.00013868052575140128 -0.00054158599960053345 -3.6426984756788056e-05 -0.00059427586035801683 -0.00096279092130938473 -0.0003533655977989145 -0.00023071567647892294 0.00093517192458687282 0.00053815524221441521 0.00099625910326124872 -0.0017931556723382294 0.0012982208029598415 -0.00047672485823928805 0.0021293255390806773 -1.5091470761532112e-05
leaf_weight=3159495.9853901863 550903.55683541298 5462041.5697100163 3044361.8925323486 354715.55379724503 5220835.0767276287 4096927.7879993916 1053486.1173284054 2715264.6497864723 512363.16423654556 75741.8116710186 2768722.191940546 2135547.1171989441 340915.50250482559 23223260.833447456
leaf_count=32780 6866 55305 10933 4311 37453 29884 4231 22420 3570 713 33497 15265 2998 119046
internal_value=-8.2107e-06 -0.00134627 -0.00230879 -0.000900882 0.000368524 0.00202937 0.00549776 0.00676922 -6.00674e-05 0.000435011 0.00328336 -0.00115503 -0.00134665 -0.000227186
internal_weight=5.47146e+07 1.20206e+07 8.86112e+06 5.81676e+06 4.2694e+07 8.7575e+06 4.31965e+06 3.76875e+06 3.39365e+07 2.87156e+07 5.41663e+06 2.64791e+06 4.43784e+06 2.3299e+07
internal_count=379272 103329 70549 59616 275943 66399 33517 26651 209544 172091 52332 18835 32882 119759
cat_boundaries=0 1 2 3
cat_threshold=302120960 131072 100663424
is_linear=0
shrinkage=0.035


Tree=190
num_leaves=15
num_cat=1
split_feature=12 13 23 1 8 14 0 1 1 28 1 1 6 14
split_gain=22156.8 28704.4 51545.9 36417.5 26207.7 24108.8 23792.9 22557.4 37378.6 38906 47086.6 37525.2 24966.8 28274
threshold=1.0374043881814854 0.95834421341087728 1.0000000180025095e-35 17.500000000000004 0.89912644238048023 1.1807223977627761 0 7.5000000000000009 12.500000000000002 52.500000000000007 16.500000000000004 20.500000000000004 7.6558234154040106 0.94592306406186222
decision_type=2 2 2 2 2 2 1 2 2 2 2 2 2 2
left_child=1 2 -1 -4 -2 -3 -7 12 -9 10 -10 -11 13 -6
right_child=4 5 3 -5 7 6 -8 8 9 11 -12 -13 -14 -15
leaf_value=9.1357185541947677e-05 0.0049069327293323004 5.9324692385592594e-06 0.00049683199305894387 -0.0026006238381255675 0.0026205771137250131 0.00082207433450510352 -0.00043927290638795893 -0.00029668817031220041 -0.00083504685377354219 0.00094994882047516442 0.00083466965570781738 -0.0013841213635745657 0.0022659016749378307 -0.00017172129341261729
leaf_weight=615358.32261991501 120722.85141134262 42996372.852556705 101890.00319886208 343896.7966966629 124249.87059140205 312480.99825239182 2822271.1108202934 2450955.6816971302 1028769.7055835724 2424334.8364388943 717408.15758633614 234052.83609938622 110951.5265045166 310867.26104903221
leaf_count=9853 1493 279576 1111 1763 2232 3835 15054 18349 7271 17032 7296 6025 367 8015
internal_value=8.22022e-07 -0.000280375 -0.00597171 -0.0150347 0.00176495 -0.000149457 -0.00311273 0.0015011 0.000955768 0.00288363 -0.0011751 0.00554962 0.00834719 0.00456782
internal_weight=5.47146e+07 4.71923e+07 1.06115e+06 445787 7.52231e+06 4.61311e+07 3.13475e+06 7.40159e+06 6.85552e+06 4.40457e+06 1.74618e+06 2.65839e+06 546069 435117
internal_count=379272 311192 12727 2874 68080 298465 18889 66587 55973 37624 14567 23057 10614 10247
cat_boundaries=0 1
cat_threshold=100663296
is_linear=0
shrinkage=0.035


Tree=191
num_leaves=15
num_cat=3
split_feature=12 14 0 13 23 0 13 23 8 35 0 27 2 28
split_gain=21368.6 24825.4 23751.6 23523.2 44644.5 25076.8 21129.6 29883.9 19854.3 18675.3 39629.5 19310.3 31637.3 39529.7
threshold=1.0715481661699184 1.1807223977627761 0 0.95834421341087728 1.0000000180025095e-35 1 1.0427781840185941 1.0000000180025095e-35 0.99404717790987385 1.5000000000000002 2 59.500000000000007 5.5000000000000009 43.500000000000007
decision_type=2 2 1 2 2 1 2 2 2 2 1 2 2 2
left_child=1 3 -3 4 -1 -6 9 -8 -2 10 -5 -11 -13 -14
right_child=8 2 -4 6 5 -7 7 -9 -10 11 -12 12 13 -15
leaf_value=0.0001901773210389849 0.0026625469816648414 0.00067650532572038121 -0.00041467450152184041 -0.0013940921373973767 -0.0035223587675774206 -0.00074232467136537816 -0.00030162433358074968 0.0017554060233569454 0.00031296352966437316 5.8613534113340547e-05 -9.2152132141543199e-05 -0.00015609511346291162 -0.00032960694267928779 0.001792026593279759
leaf_weight=637300.6199696064 314103.04684758186 411397.12609744072 3477734.8388819695 61240.693569660187 193376.22563958168 277548.41974806786 439471.98553919792 512200.18223714828 2626398.3622534275 32495136.770850897 147867.69560003281 12002778.791490793 546708.3135099411 571319.73887109756
leaf_count=10085 3956 5249 19209 293 1004 2006 6718 5469 27158 194147 1376 87273 7601 7728
internal_value=5.18429e-07 -0.000164321 -0.00285358 5.40968e-05 -0.00498573 -0.0131577 0.0001735 0.00533534 0.00290287 6.63007e-05 -0.0103692 0.00011414 -0.00101913 0.00461206
internal_weight=5.47146e+07 5.17741e+07 3.88913e+06 4.78849e+07 1.10823e+06 470925 4.67767e+07 951672 2.9405e+06 4.58251e+07 209108 4.56159e+07 1.31208e+07 1.11803e+06
internal_count=379272 348158 24458 323700 13095 3010 310605 12187 31114 298418 1669 296749 102602 15329
cat_boundaries=0 1 3 4
cat_threshold=100663296 67108864 262144 131072
is_linear=0
shrinkage=0.035


Tree=192
num_leaves=15
num_cat=3
split_feature=27 29 1 0 6 27 1 1 0 5 14 14 0 6
split_gain=20646 61536 53131.9 56119 40826.8 33882.2 46155 58308.6 52742.6 47440.2 41224.1 36495.2 36502 34171.7
threshold=6.5000000000000009 1.0000000180025095e-35 8.5000000000000018 0 7.2025246130825495 55.500000000000007 7.5000000000000009 16.500000000000004 1 37.500000000000007 0.94592306406186222 0.94592306406186222 2 7.8960025014300017
decision_type=2 2 2 1 2 2 2 2 1 2 2 2 1 2
left_child=1 2 4 -4 -1 -2 10 8 13 -10 -7 12 -9 -8
right_child=5 -3 3 -5 -6 6 7 11 9 -11 -12 -13 -14 -15
leaf_value=0.00012527832729560527 0.00010164205792577811 -0.0015384615168551371 0.00022600464204533874 -0.00067715001754801009 -0.00098663181472514907 0.00098170713011413459 0.00042471974064862527 0.0011837510107821502 -0.00029900109096896702 -0.0010829383737735413 2.366461713213138e-05 -0.00011973763937503432 5.5313883229885859e-05 -0.0002743936646281682
leaf_weight=463640.94558048248 29786489.413872242 72895.88330578804 4452259.2412438393 2270460.0084085464 985622.49932861328 617172.75037717819 1774373.207359314 996667.25394153595 3733977.2067394257 2653626.0311450958 1049169.1012530327 3517744.1005702019 1070766.5421876907 1269718.625793457
leaf_count=10921 187987 382 21583 17520 2620 10892 10354 6027 29043 18774 18071 29736 12054 3308
internal_value=-4.30839e-06 -0.0016184 -0.00133279 -2.24531e-05 -0.00741105 0.000282071 -0.000980741 -0.00159398 -0.00327227 -0.00507908 0.00454568 0.00124016 0.00493063 0.000519081
internal_weight=5.47146e+07 8.24488e+06 8.17198e+06 6.72272e+06 1.44926e+06 4.64697e+07 1.66832e+07 1.50169e+07 9.4317e+06 6.3876e+06 1.66634e+06 5.58518e+06 2.06743e+06 3.04409e+06
internal_count=379272 53026 52644 39103 13541 326246 138259 109296 61479 47817 28963 47817 18081 13662
cat_boundaries=0 2 3 5
cat_threshold=33691648 262144 131074 133120 262144
is_linear=0
shrinkage=0.035


Tree=193
num_leaves=15
num_cat=4
split_feature=12 27 14 0 8 6 14 28 1 0 0 13 0 1
split_gain=22283.3 28756.5 46278.8 37685.5 24048.1 22802.1 33374.1 25174.8 25041.7 24804.8 24141.1 22685.8 22388.9 21750.6
threshold=0.99856957497856069 58.500000000000007 0.94592306406186222 0 0.87334463782472904 7.3534844973442395 1.1694833628063137 11.500000000000002 6.5000000000000009 1 2 0.94451374184681736 3 7.5000000000000009
decision_type=2 2 2 1 2 2 2 2 2 1 1 2 1 2
left_child=1 5 3 -3 -2 6 7 9 -7 -1 -8 -10 -4 -9
right_child=4 2 12 -5 -6 8 10 13 11 -11 -12 -13 -14 -15
leaf_value=0.00025446186904041194 0.0038222712505755832 0.00066903045566971229 -0.0020760790052907424 -0.00088921909825193416 5.2021128575878306e-05 -0.0014557612843956304 0.0004837981077113448 -0.00035823033847192 -0.0028563473887738937 -0.00093965854721272436 -0.0011794499354618193 -0.00010362082616689588 -0.00060602466988382748 0.00062305528605603277
leaf_weight=1078924.7791388035 119634.84500002861 840690.39353275299 575966.5258846283 604639.76154518127 33755714.772902727 103383.75866699219 158678.95433998108 693408.4591281414 95123.102386474609 892243.91422724724 284832.90845680237 10085191.16027832 1223516.5359368324 4202632.93968153
leaf_count=12953 1408 7417 7415 9853 222138 518 2682 12082 357 9744 3695 33173 12653 43184
internal_value=-3.91713e-06 -0.000904467 -0.00393198 0.000731975 0.000550078 -0.000346121 0.00114826 0.00174924 -0.00140848 -0.00159056 -0.00815692 -0.00123443 -0.00767802 0.00309386
internal_weight=5.47146e+07 2.08392e+07 3.24481e+06 1.44533e+06 3.38753e+07 1.75944e+07 7.31072e+06 6.86721e+06 1.02837e+07 1.97117e+06 443512 1.01803e+07 1.79948e+06 4.89604e+06
internal_count=379272 155726 37338 17270 223546 118388 84340 77963 34048 22697 6377 33530 20068 55266
cat_boundaries=0 2 4 5 7
cat_threshold=137216 262144 33560578 262144 369102976 33554434 262144
is_linear=0
shrinkage=0.035


Tree=194
num_leaves=15
num_cat=2
split_feature=12 27 13 10 2 0 9 8 27 29 1 3 0 6
split_gain=21656.7 27310.8 34252.7 29565.8 29102.3 27415.5 33600.3 25429.7 25034.8 49955.4 49784.5 54810.8 44785.6 25872.6
threshold=1.0318566613319757 55.500000000000007 1.0412602633550088 1.049777504893856 3.5000000000000004 0 0.96326450427310417 0.91651745689465181 6.5000000000000009 1.0000000180025095e-35 8.5000000000000018 1.5000000000000002 1 8.4021674823429802
decision_type=2 2 2 2 2 1 2 2 2 2 2 2 1 2
left_child=1 2 8 4 -4 -3 -7 -2 9 10 11 -1 13 -12
right_child=7 5 3 -5 -6 6 -8 -9 -10 -11 12 -13 -14 -15
leaf_value=-0.000904783271494298 0.0038126357147337765 -7.7203885051197883e-05 0.00045469943464798365 -0.00049612033217534904 0.003253156779018526 -0.0023562305277408028 -0.00047165262794934262 0.00017337602032452981 5.456622471739826e-05 -0.0012973070969851653 0.0002645114318526515 0.0046407044989749619 -0.00064356267720605911 -0.00047265738814143693
leaf_weight=1279392.3792622089 169067.09202671051 8266099.7290594578 231155.57647705078 238677.07246851921 244777.97316861153 360700.7620639801 2514754.2705252171 8502947.6444778442 26498082.997048616 61033.254445075989 3953361.3918175697 103627.57354402542 2112369.2169139385 178535.87780761719
leaf_count=8557 2056 54127 2484 3279 1933 5318 32392 75625 155104 290 18863 3292 15729 223
internal_value=-2.75713e-06 -0.000304956 0.00017667 0.00776044 0.0128019 -0.00181365 -0.00475732 0.00160171 1.8141e-05 -0.00174021 -0.00148781 -0.00749615 -0.000157034 0.00196234
internal_weight=5.47146e+07 4.60426e+07 3.4901e+07 714611 475934 1.11416e+07 2.87546e+06 8.67201e+06 3.41864e+07 7.68832e+06 7.62729e+06 1.38302e+06 6.24427e+06 4.1319e+06
internal_count=379272 301591 209754 7696 4417 91837 37710 77681 202058 46954 46664 11849 34815 19086
cat_boundaries=0 1 3
cat_threshold=67246208 33691648 262144
is_linear=0
shrinkage=0.035


Tree=195
num_leaves=15
num_cat=3
split_feature=14 0 28 28 11 0 28 2 6 1 0 35 6 28
split_gain=20052.9 88772.6 67876 58750.1 41245.9 46487.5 63847.7 40700.8 40448.8 40193.6 40177 39099.3 35743 34023.9
threshold=0.94592306406186222 0 25.500000000000004 2.5000000000000004 0.97230271666327395 1 31.500000000000004 1.0000000180025095e-35 7.0230650200636768 7.5000000000000009 2 1.5000000000000002 6.5496881751860991 5.5000000000000009
decision_type=2 1 2 2 2 1 2 2 2 2 1 2 2 2
left_child=1 12 3 8 -2 6 13 -4 -3 -8 -5 -7 -1 -6
right_child=4 2 7 10 5 11 9 -9 -10 -11 -12 -13 -14 -15
leaf_value=0.00090784930321873188 -0.0003724450908617264 0.00083211415984044785 -0.0010278245152316879 0.00091856574010004493 0.00074503788728991812 -0.001123465378194465 -0.00063015512218624981 4.7558877806490251e-05 -0.001672446283258683 0.00099524867712786225 0.0005871561108044699 -4.820801111178182e-05 -0.0014379628968603964 -0.00048535622219109397
leaf_weight=168647.89722275734 6480715.3972685337 462355.6520049572 684448.14870238304 1155619.1055500507 794123.82980680466 116716.84360694885 444186.997184515 3939247.5202610493 415149.29216003418 4129298.8364078999 3640921.9013309479 29063217.381175756 773149.69897460938 2446784.3094491959
leaf_count=4803 49059 8855 4990 4906 6084 1086 9912 31900 2120 40633 31297 157840 5899 19888
internal_value=4.26698e-06 0.00132207 0.00226275 0.00482785 -0.000336423 0.00011479 0.00251231 -0.000885042 -0.00349867 0.00517551 0.00635115 -0.000527268 -0.00896332 -0.00124591
internal_weight=5.47146e+07 1.12395e+07 1.02977e+07 5.67405e+06 4.3475e+07 3.69943e+07 7.81439e+06 4.6237e+06 877505 4.57349e+06 4.79654e+06 2.91799e+07 941798 3.24091e+06
internal_count=379272 94770 84068 47178 284502 235443 76517 36890 10975 50545 36203 158926 10702 25972
cat_boundaries=0 1 2 3
cat_threshold=67108864 100663424 131072
is_linear=0
shrinkage=0.035


Tree=196
num_leaves=15
num_cat=1
split_feature=12 0 14 1 1 10 13 21 1 1 11 11 31 1
split_gain=21370.2 24731.3 29844.4 27300.9 31146 23819.9 40012.9 53366.6 34210 30073.2 20361.7 18607.7 18355.6 29895.3
threshold=0.98100176941237194 0 1.0239625556666898 17.500000000000004 8.5000000000000018 0.9804322064227694 0.98748587608617699 1.0000000180025095e-35 17.500000000000004 18.500000000000004 0.6961775351891345 0.97109152865663984 1.0000000180025095e-35 17.500000000000004
decision_type=2 1 2 2 2 2 2 2 2 2 2 2 2 2
left_child=1 2 -1 4 -4 11 7 -7 -9 -10 -8 -2 -12 -14
right_child=5 -3 3 -5 -6 6 10 8 9 -11 12 -13 13 -15
leaf_value=-0.00016766940987817007 0.00026868776667643326 -0.00037874032422788518 -0.00035215668000145148 -0.00060259781780249669 0.0010638978813221726 -3.7716996950585687e-05 -0.0019453226970143518 -0.00026297293000472594 -0.0017526842779059353 -0.00053759881500327811 5.2633523240342271e-05 0.0014956349736222516 0.00065299509613232299 0.0072906429715699694
leaf_weight=2695262.7160522938 1229971.9874136448 5760367.2965326309 206919.58968043327 254976.75403809547 742967.5736541748 3760885.5812621117 96227.650933265686 753688.24172878265 547969.91098022461 393654.58234119415 37263630.492733479 583737.85932087898 340442.1704044342 83880.404030799866
leaf_count=29131 12335 47188 2070 2242 4859 27289 604 4442 1645 2431 234215 7121 2769 931
internal_value=-5.09769e-06 -0.00149888 0.000653295 0.00523249 0.0079621 0.000315199 0.000150379 -0.00265139 -0.00780696 -0.012255 0.000554968 0.00424464 0.000596025 0.00783439
internal_weight=5.47146e+07 9.66049e+06 3.90013e+06 1.20486e+06 949887 4.50541e+07 4.32404e+07 5.4562e+06 1.69531e+06 941624 3.77842e+07 1.81371e+06 3.7688e+07 424323
internal_count=379272 85490 38302 9171 6929 293782 274326 35807 8518 4076 238519 19456 237915 3700
cat_boundaries=0 1
cat_threshold=302121088
is_linear=0
shrinkage=0.035


Tree=197
num_leaves=15
num_cat=0
split_feature=12 27 35 13 14 27 29 1 6 28 1 28 5 28
split_gain=20414.6 25132.7 36468.1 31654.9 30552.5 41216.7 35606.6 32560.4 43886.4 43093.7 34308.1 57792.4 32059.6 29862.3
threshold=1.0318566613319757 55.500000000000007 1.5000000000000002 1.0412602633550088 1.0673257521216373 51.500000000000007 1.0000000180025095e-35 7.5000000000000009 8.3059932609174698 16.500000000000004 13.500000000000002 1.5000000000000002 1.5000000000000002 59.500000000000007
decision_type=2 2 2 2 2 2 2 2 2 2 2 2 2 2
left_child=1 2 -1 4 5 6 7 8 9 -4 11 -9 -6 -13
right_child=-2 -3 3 -5 12 -7 -8 10 -10 -11 -12 13 -14 -15
leaf_value=-0.0011097907681318264 0.00020306404683204603 -0.00018764632453145517 0.00029649240205296761 0.0011274078125703235 -0.0010799209758617912 0.0010858626974432788 0.0016061896061058875 -0.001301647035187006 -0.0012590589612151021 -0.00059695379350091385 -3.847357982573143e-05 0.00019148567670016151 -0.0001501591440931161 0.00068370042641762547
leaf_weight=105275.00828719139 8672014.7365045547 11141554.761648655 838392.18060350418 712902.60405945778 168462.12590408325 396860.31831979752 122244.13594245911 463634.95709037781 120710.4030456543 1436277.5568759441 12506900.285102844 7001603.1994724274 8994106.6747870445 2033643.8634624481
leaf_count=845 77681 91837 11991 7664 180 2263 1424 3666 217 18816 76629 33331 41298 11430
internal_value=-8.288e-06 -0.000301693 0.000160328 0.000222562 6.98842e-05 0.000705297 0.00052422 0.000429821 -0.00344532 -0.00235393 0.00085164 0.0024374 -0.0016583 0.00305582
internal_weight=5.47146e+07 4.60426e+07 3.4901e+07 3.47957e+07 3.40828e+07 2.49203e+07 2.45234e+07 2.44012e+07 2.39538e+06 2.27467e+06 2.20058e+07 9.49888e+06 9.16257e+06 9.03525e+06
internal_count=379272 301591 209754 208909 201245 159767 157504 156080 31024 30807 125056 48427 41478 44761
is_linear=0
shrinkage=0.035


Tree=198
num_leaves=15
num_cat=0
split_feature=12 8 14 1 5 1 1 21 28 28 5 11 3 1
split_gain=21321.6 21930.5 21549.8 36544.4 30450.6 30177.8 37932.2 76690.2 33950.9 40492.4 37038.8 29740.3 29328.6 28240.2
threshold=0.99598734948493073 0.91651745689465181 1.0038121718465678 21.500000000000004 1.5000000000000002 16.500000000000004 13.500000000000002 1.0000000180025095e-35 4.5000000000000009 52.500000000000007 44.500000000000007 0.97230271666327395 1.0000000180025095e-35 12.500000000000002
decision_type=2 2 2 2 2 2 2 2 2 2 2 2 2 2
left_child=-1 -2 5 4 -4 6 -3 8 -8 -10 -11 13 -9 -6
right_child=1 2 3 -5 11 -7 7 12 9 10 -12 -13 -14 -15
leaf_value=-0.00011942876021221967 0.0023461110074833951 0.00015185650066986287 -0.0010447404155121071 -0.0018401279429412778 -0.0010928922234157625 0.00041782091823669676 0.00049637125647288916 0.0012858183716247386 -0.00092142915961952721 0.0020323358307388815 -0.00097995570754444211 5.0042647256393603e-05 -0.00015314657447811224 -8.2366968455276833e-05
leaf_weight=17935886.851264715 264384.92522835732 8996542.84283638 181779.49139881134 432447.95086240768 865981.40931224823 5435352.9075753689 368620.16299438477 639250.52283096313 2156597.5466995239 200029.65170550346 133720.24045944214 15138307.193273783 493986.99914979935 1471694.1155147552
leaf_count=140513 3184 65607 252 10620 7470 40827 1700 2958 11486 1547 869 79692 3775 8772
internal_value=-3.22938e-06 0.000479262 0.000406536 -0.000451548 -0.000205364 0.00124907 0.000332745 -0.00250661 -0.00556073 -0.00702813 0.00431662 -5.71252e-05 0.00519842 -0.00373135
internal_weight=5.47146e+07 3.67787e+07 3.65143e+07 1.80902e+07 1.76578e+07 1.84241e+07 1.29887e+07 3.99221e+06 2.85897e+06 2.49035e+06 333750 1.7476e+07 1.13324e+06 2.33768e+06
internal_count=379272 238759 235575 106806 96186 128769 87942 22335 15602 13902 2416 95934 6733 16242
is_linear=0
shrinkage=0.035


Tree=199
num_leaves=15
num_cat=3
split_feature=12 27 14 0 6 0 27 28 19 1 0 8 1 1
split_gain=20248.1 24181.8 41474.5 34280 21494.8 34297.5 47644.6 35502.3 28547.6 29504.3 27340 21056.1 20407.7 42288.2
threshold=0.99856957497856069 58.500000000000007 0.94592306406186222 0 7.5026273891041511 1 37.500000000000007 10.500000000000002 1.0000000180025095e-35 7.5000000000000009 2 0.87334463782472904 8.5000000000000018 11.500000000000002
decision_type=2 2 2 1 2 1 2 2 2 2 1 2 2 2
left_child=1 4 3 -3 8 12 -7 -8 9 -1 -11 -2 -6 -14
right_child=11 2 -4 -5 5 6 7 -9 -10 10 -12 -13 13 -15
leaf_value=-0.00047505929400759242 0.0034817347231865989 0.00064969917047251848 -0.00096464908745881345 -0.00084323510949496942 -0.00051612323961095581 -0.00079955058208978523 -0.00072554564688679605 0.0018006311347308654 -0.00029232757518130731 0.00096426679366304259 0.00013433260156686438 4.7708841106615507e-05 0.00038548857004148398 -0.00014665350571268948
leaf_weight=927675.70737910271 119634.84500002861 840690.39353275299 1799483.0618214607 604639.76154518127 1102300.4811096191 1547693.2339324951 131564.60427856445 152039.46809387207 2826557.516033411 2312879.0903244019 3135377.3584749699 33755714.772902727 1469148.6616516113 3989183.8550262451
leaf_count=13601 1408 7417 20068 9853 2858 5517 353 520 32508 21274 25998 222138 4444 11315
internal_value=3.99171e-06 -0.000854447 -0.00363073 0.00078451 -0.000342435 -0.00162349 -0.00585854 0.00732932 0.000825787 0.00212373 0.00310618 0.000532081 -0.000441328 0.000435901
internal_weight=5.47146e+07 2.08392e+07 3.24481e+06 1.44533e+06 1.75944e+07 8.39193e+06 1.8313e+06 283604 9.20249e+06 6.37593e+06 5.44826e+06 3.38753e+07 6.56063e+06 5.45833e+06
internal_count=379272 155726 37338 17270 118388 25007 6390 873 93381 60873 47272 223546 18617 15759
cat_boundaries=0 2 4 5
cat_threshold=137216 262144 135296 262144 33691776
is_linear=0
shrinkage=0.035


Tree=200
num_leaves=15
num_cat=0
split_feature=12 9 10 13 2 1 9 11 1 31 6 1 1 27
split_gain=20241.5 23162.6 21971.2 39751.2 45197.6 27475.4 18195.7 17994.2 17811.5 17549.6 34673.4 34773 42007.7 18770.7
threshold=0.95147315182213388 0.71282979736162122 0.9804322064227694 0.97911226621471037 3.5000000000000004 17.500000000000004 1.8201955231013425 0.6961775351891345 18.500000000000004 1.0000000180025095e-35 6.995425550159835 9.5000000000000018 17.500000000000004 55.500000000000007
decision_type=2 2 2 2 2 2 2 2 2 2 2 2 2 2
left_child=-1 -2 -3 4 -4 -6 7 -5 -7 13 -11 -12 -13 -9
right_child=1 2 3 6 5 8 -8 9 -10 10 11 12 -14 -15
leaf_value=-0.00032508080637427719 0.0021317226699877727 0.00042131945601119042 -5.5306182652705252e-05 -0.0018513304560373834 -0.00018959160501141867 -0.0018237779752835791 0.005396158203737087 5.9627088505222496e-05 -0.00071923259669334555 0.0067013222568130274 0.0028224699278067188 -0.0015042888277631155 0.0064047932669616479 -0.00010168574990000085
leaf_weight=3525656.4388225079 186504.92479896545 3448469.1471643448 1819662.6319169998 98497.588738441467 397243.46030306816 511779.32556915283 88411.53937125206 30623347.038669109 281903.97651028633 102311.2285695076 113143.22494506836 216414.5234375 48500.405807495117 13252737.356482744
leaf_count=35719 1125 36226 16285 613 2506 1578 1239 177790 1783 2101 500 1321 255 100231
internal_value=7.42137e-06 0.000184094 0.000139071 -5.65518e-05 -0.00394893 -0.00924984 0.000206526 0.000174978 -0.0130108 0.000208162 0.00686159 0.00196963 -0.0049674 0.000135316
internal_weight=5.47146e+07 5.11889e+07 5.10024e+07 4.7554e+07 3.01059e+06 1.19093e+06 4.45434e+07 4.4455e+07 793683 4.43565e+07 480369 378058 264915 4.38761e+07
internal_count=379272 343553 342428 306202 22152 5867 284050 282811 3361 282198 4177 2076 1576 278021
is_linear=0
shrinkage=0.035


Tree=201
num_leaves=15
num_cat=0
split_feature=6 31 27 2 2 1 17 3 1 28 27 1 1 1
split_gain=19422.2 40237.4 35358.6 30714.6 28090.1 84454.3 96141.7 93332.3 79288.6 75075.7 65055.7 60833.9 42777.1 69750.8
threshold=6.504670235650833 1.0000000180025095e-35 28.500000000000004 2.5000000000000004 3.5000000000000004 17.500000000000004 1.0000000180025095e-35 1.0000000180025095e-35 10.500000000000002 50.500000000000007 4.5000000000000009 19.500000000000004 17.500000000000004 10.500000000000002
decision_type=2 2 2 2 2 2 2 2 2 2 2 2 2 2
left_child=1 2 -1 -4 12 6 8 11 -6 -10 -8 -7 13 -2
right_child=4 -3 3 -5 5 7 10 -9 9 -11 -12 -13 -14 -15
leaf_value=0.00084838187474104614 0.00015096608335771246 0.007419316353019758 -0.00093059291538792816 0.00029220245129582827 -0.00034436380550360531 -0.0015577107553745449 0.0020036651114970026 -5.5733180993161508e-05 9.5501841556883945e-06 0.0010465156356647375 -0.0031711822676154344 -0.00027492855290183772 0.00029398337802777574 -0.00020693140711498147
leaf_weight=3006896.0208542347 10546604.146720886 103965.99175453186 1318726.5352137089 2324409.2319271564 3681603.9979019165 1237926.3252716064 67340.75764465332 1646194.1434402466 5376507.4105529785 2506885.2529602051 398856.9467086792 502614.3182144165 7452043.5707473755 14544008.161193848
leaf_count=68662 41259 2610 35723 59756 17769 4095 487 10558 24038 13853 2827 2898 32791 61946
internal_value=1.40492e-06 0.00175863 0.00142083 -0.000897766 -0.000246055 -0.00147665 -0.000102284 -0.006359 0.000525899 0.00250634 -0.0156853 -0.0120095 0.000336972 -0.000354587
internal_weight=5.47146e+07 6.754e+06 6.65003e+06 3.64314e+06 4.79606e+07 1.54179e+07 1.20312e+07 3.38673e+06 1.1565e+07 7.88339e+06 466198 1.74054e+06 3.25427e+07 2.50906e+07
internal_count=379272 166751 164141 95479 212521 76525 58974 17551 55660 37891 3314 6993 135996 103205
is_linear=0
shrinkage=0.035


Tree=202
num_leaves=15
num_cat=0
split_feature=14 1 1 28 28 2 28 11 23 28 31 35 14 1
split_gain=18860.3 73597.8 84727.7 46206.7 73713.5 60635.1 42215.4 37574.7 33804.2 29419.9 30027.7 29414.8 28683.3 27078.3
threshold=0.94592306406186222 17.500000000000004 10.500000000000002 1.5000000000000002 24.500000000000004 3.5000000000000004 34.500000000000007 0.98251972219972605 1.0000000180025095e-35 27.500000000000004 1.0000000180025095e-35 1.5000000000000002 0.87774408927532799 6.5000000000000009
decision_type=2 2 2 2 2 2 2 2 2 2 2 2 2 2
left_child=1 2 13 -4 8 12 -7 -2 -5 -3 -11 -9 -6 -1
right_child=7 9 3 4 5 6 -8 11 -10 10 -12 -13 -14 -15
leaf_value=0.0016661671777199695 -0.00025526432804891133 0.0013981930273285125 -0.0022432715775083929 -8.6973154454110684e-05 0.00018906680044493052 -0.0018141252781271289 0.00085390402718116905 -0.00096775223014607819 0.0010566179743000889 3.5080686518298952e-05 0.0064105614831814857 2.9550872694712692e-05 -0.0013680903065621823 0.00023613777491460729
leaf_weight=436114.16889429092 10170489.107856989 1619122.2600045204 411938.56742858887 1590075.0055541992 219946.2059173584 260363.80610466003 527180.39926719666 124114.2441842556 764758.58473205566 1039690.2412674427 77716.811232566833 33180440.24285841 1352916.2741851807 2939716.8916187286
leaf_count=14904 71847 17010 3213 10458 1260 1890 3969 1274 4032 10224 954 211381 8064 18792
internal_value=-1.2391e-07 0.00127789 -0.000328828 -0.00316378 -0.00218168 -0.00655263 0.00137502 -0.000330528 0.00219961 0.00627032 0.00190189 0.000238083 -0.010522 0.00397686
internal_weight=5.47146e+07 1.12395e+07 8.50301e+06 5.12718e+06 4.71524e+06 2.36041e+06 787544 4.3475e+07 2.35483e+06 2.73653e+06 1.11741e+06 3.33046e+07 1.57286e+06 3.37583e+06
internal_count=379272 94770 66582 32886 29673 15183 5859 284502 14490 28188 11178 212655 9324 33696
is_linear=0
shrinkage=0.035


Tree=203
num_leaves=15
num_cat=1
split_feature=12 27 14 0 14 1 8 1 28 5 1 27 28 28
split_gain=20087.2 23027.3 38846.6 32322.6 21355.2 32958 31427.7 29498.8 40845.4 52190.7 34915.6 40473.7 53342.5 52146.3
threshold=0.99856957497856069 58.500000000000007 0.94592306406186222 0 1.0038121718465678 20.500000000000004 0.96199393407506939 17.500000000000004 50.500000000000007 51.500000000000007 10.500000000000002 59.500000000000007 24.500000000000004 19.500000000000004
decision_type=2 2 2 1 2 2 2 2 2 2 2 2 2 2
left_child=1 -1 3 -3 7 6 -6 8 10 -10 -2 -12 13 -13
right_child=4 2 -4 -5 5 -7 -8 -9 9 -11 11 12 -14 -15
leaf_value=-4.0370616493840977e-05 0.00019646958763066682 0.00061698237104673595 -0.00093718624578682775 -0.00081717782998891124 0.0023398528041362484 -0.0010176986223030162 -2.2305330819180627e-05 0.00058014943239413294 0.00095902382596097196 -0.00045930976754716025 0.00012173024745788422 -0.00031014911082924293 -0.00097706196166212427 0.0020501370391243709
leaf_weight=17594419.976304293 4262160.4081399441 840690.39353275299 1799483.0618214607 604639.76154518127 332514.67300081253 919064.61380410194 15748581.044327974 3368252.4964196682 1648577.6666283607 509235.03042602539 3478304.7163028717 1344369.0711956024 1915621.7663097382 348668.13134765625
leaf_count=118388 33430 7417 20068 9853 3392 15247 83524 30732 15475 3535 16458 7502 12024 2227
internal_value=3.93095e-06 -0.000851092 -0.00356029 0.000712782 0.000529919 -0.00034562 2.27962e-05 0.00141194 0.000681188 0.00509521 -0.000158055 -0.00166356 -0.00426033 0.000266075
internal_weight=5.47146e+07 2.08392e+07 3.24481e+06 1.44533e+06 3.38753e+07 1.70002e+07 1.60811e+07 1.68752e+07 1.35069e+07 2.15781e+06 1.13491e+07 7.08696e+06 3.60866e+06 1.69304e+06
internal_count=379272 155726 37338 17270 223546 102163 86916 121383 90651 19010 71641 38211 21753 9729
cat_boundaries=0 2
cat_threshold=137216 262144
is_linear=0
shrinkage=0.035


Tree=204
num_leaves=15
num_cat=2
split_feature=6 0 13 29 1 27 28 1 1 2 6 6 28 0
split_gain=18999.6 42479.1 36380.1 27959.9 25957.3 25138.8 37998.7 48731.2 54050.1 49087.5 34000.7 27719 26428.4 25725.9
threshold=7.2558154400649135 0 0.9475584086921468 1.0000000180025095e-35 17.500000000000004 56.500000000000007 34.500000000000007 6.5000000000000009 21.500000000000004 5.5000000000000009 6.1021285118890916 7.1947883828751982 50.500000000000007 1
decision_type=2 1 2 2 2 2 2 2 2 2 2 2 2 1
left_child=1 -1 4 5 -2 6 10 -8 9 11 -3 -9 -10 -12
right_child=2 3 -4 -5 -6 -7 7 8 12 -11 13 -13 -14 -15
leaf_value=0.00058461092757734496 -0.00024347624425509584 0.0010323666519477896 -3.5236144249637571e-05 -0.00093082186528355843 -0.0029904095204452063 -0.00030572227171244977 -0.001612605318062904 0.0013901494272067262 0.00062607179270708342 -0.0011133997620665897 0.00026480324914873184 -0.00011003057288625821 -0.0035074923980419038 -0.00063957573784482785
leaf_weight=5468080.4868569374 186818.07298278809 923909.49231386185 34960121.502792358 230975.06616592407 215816.36552429199 4701646.8144545555 255341.5564084053 2823400.5472803116 70231.684291601181 392224.17952823639 1129337.7326164246 457243.9584197998 169368.07844543457 2730067.2730255127
leaf_count=67957 863 29270 115487 3501 783 72278 10577 30336 1948 6231 8591 2609 5582 23259
internal_value=6.64264e-06 0.000888303 -0.000475835 -0.000140802 -0.0109363 6.34962e-05 0.00115196 0.00359496 0.00456181 0.00561252 -0.000976679 0.00701159 -0.0115443 -0.00242046
internal_weight=5.47146e+07 1.93518e+07 3.53628e+07 1.38837e+07 402634 1.36528e+07 8.95112e+06 4.16781e+06 3.91247e+06 3.67287e+06 4.78331e+06 3.28064e+06 239600 3.85941e+06
internal_count=379272 262139 117133 194182 1646 190681 118403 57283 46706 39176 61120 32945 7530 31850
cat_boundaries=0 1 2
cat_threshold=6272 131074
is_linear=0
shrinkage=0.035


Tree=205
num_leaves=15
num_cat=3
split_feature=12 0 14 1 1 14 28 1 1 0 1 28 0 11
split_gain=19192.1 21428.1 26185.6 23582.8 27700.7 21353.7 67842.9 44762.6 42094.6 42740 37778.2 38046 33855.5 31815.1
threshold=0.98100176941237194 0 1.0239625556666898 17.500000000000004 8.5000000000000018 0.94592306406186222 25.500000000000004 7.5000000000000009 16.500000000000004 1 19.500000000000004 2.5000000000000004 2 0.97230271666327395
decision_type=2 1 2 2 2 2 2 2 2 1 2 2 1 2
left_child=1 2 -1 4 -4 6 10 -8 9 -9 11 -2 -13 -7
right_child=5 -3 3 -5 -6 13 7 8 -10 -11 -12 12 -14 -15
leaf_value=-0.00016581077472777847 -0.00077486372794224932 -0.00035603608336440783 -0.00031936910124589877 -0.0005807620349001872 0.0010046561886617677 -0.0003116505976081739 0.00098580148348263708 -0.00020974645167664982 0.00031499772662620237 -0.0013729786203420333 0.0032288016228600694 -0.00010033940961778994 0.00068305458198566517 3.2836738073313332e-05
leaf_weight=2695262.7160522938 549196.36334967613 5760367.2965326309 206919.58968043327 254976.75403809547 742967.5736541748 5404542.3241641521 454772.98502421379 2015720.2369194031 1380793.7106738091 732989.96393966675 370525.38921952248 914849.7279317379 2907900.1269779205 30322798.052948713
leaf_count=29131 6143 47188 2070 2242 4859 38861 6676 9972 10668 7208 6392 7138 17418 183306
internal_value=8.61865e-06 -0.001407 0.000596307 0.00488564 0.00742257 0.000312155 0.00180348 -0.00123266 -0.00238039 -0.00488495 0.00473834 0.00382891 0.00506646 -7.71614e-05
internal_weight=5.47146e+07 9.66049e+06 3.90013e+06 1.20486e+06 949887 4.50541e+07 9.32675e+06 4.58428e+06 4.1295e+06 2.74871e+06 4.74247e+06 4.37195e+06 3.82275e+06 3.57273e+07
internal_count=379272 85490 38302 9171 6929 293782 71615 34524 27848 17180 37091 30699 24556 222167
cat_boundaries=0 1 3 4
cat_threshold=302121088 137218 262144 100665344
is_linear=0
shrinkage=0.035


Tree=206
num_leaves=15
num_cat=2
split_feature=12 14 1 14 1 1 7 0 1 18 8 6 28 0
split_gain=19225.7 22310.7 25661 24864.9 30270.4 58765.6 33242.4 23619 21716.1 20065.7 21525.9 18780.6 30637.8 64279.8
threshold=1.0735452706511159 1.1807223977627761 19.500000000000004 1.204935972430303 8.5000000000000018 13.500000000000002 0.99973803385642623 0 17.500000000000004 1.0000000180025095e-35 0.91651745689465181 6.2306296359907156 59.500000000000007 1
decision_type=2 2 2 2 2 2 2 1 2 2 2 2 2 1
left_child=1 11 3 4 6 -6 -3 -5 -9 10 -2 -1 13 -13
right_child=9 2 -4 7 5 -7 -8 8 -10 -11 -12 12 -14 -15
leaf_value=0.00047455061893989479 0.0057816383417921046 0.0011692851200628511 -0.0013435648108041584 0.0013757486847431151 -0.0024773682877262991 -0.0001995699036650138 -0.0018913515835397999 3.8409122701809567e-05 -0.00073274115136905669 -0.0032718291598262854 0.00043445683662840387 -0.00065050151065746721 0.00015257944006758913 -6.5177858518566283e-06
leaf_weight=3665781.3114340305 94827.705446958542 157972.79212450981 426419.13692641258 286039.47713875771 305618.90084457397 377136.98499298096 70949.558955430984 1901346.9271738529 384663.23486709595 73802.013613700867 2644995.2806954384 4264262.0539512634 11041644.901512146 29019122.531429291
leaf_count=114353 1245 1165 4971 3110 1661 1757 1208 9464 1323 753 27790 32981 59507 117984
internal_value=8.23236e-06 -0.000144525 -0.00268678 -0.00169478 -0.00666133 -0.0103542 0.00435251 6.56665e-05 -0.00112077 0.00282604 0.00331116 6.26102e-05 -0.000136504 -0.000666504
internal_weight=5.47146e+07 5.1901e+07 3.91015e+06 3.48373e+06 911678 682756 228922 2.57205e+06 2.28601e+06 2.81362e+06 2.73982e+06 4.79908e+07 4.4325e+07 3.32834e+07
internal_count=379272 349484 24659 19688 5791 3418 2373 13897 10787 29788 29035 324825 210472 150965
cat_boundaries=0 1 2
cat_threshold=100663296 369098752
is_linear=0
shrinkage=0.035


Tree=207
num_leaves=15
num_cat=0
split_feature=12 1 1 28 1 1 14 27 14 2 27 35 13 14
split_gain=18793.6 24536.7 51242.6 42394.9 47510 40782.6 33987.4 40790.7 35021.6 25230.6 22607.4 33936 29500 28009
threshold=1.0295471662307361 8.5000000000000018 12.500000000000002 52.500000000000007 16.500000000000004 20.500000000000004 1.0038121718465678 38.500000000000007 1.1807223977627761 3.5000000000000004 55.500000000000007 1.5000000000000002 1.0412602633550088 1.0673257521216373
decision_type=2 2 2 2 2 2 2 2 2 2 2 2 2 2
left_child=10 -2 6 4 9 -5 -3 -8 -9 -4 11 -1 13 -13
right_child=1 2 3 5 -6 -7 7 8 -10 -11 -12 12 -14 -15
leaf_value=-0.001015077976523413 0.00057816794743369745 0.00011871008474207572 -0.0012693567062430804 0.000876169628087651 0.0006611131412362053 -0.0012521289395005901 0.0003413067545548447 -0.00091525533988352282 -0.0024187647028757137 -2.9419430455451032e-05 -0.0001831562946097059 7.0509459285158352e-05 0.0010701248061768514 -0.00017273902307862054
leaf_weight=104687.29030776024 1552016.5407750607 997954.12881660461 711540.30230140686 2850626.9058578014 997298.20691680908 280413.39651989937 288779.44714736938 745933.66849517822 235871.71101379395 606670.19866943359 10762399.397949457 24828954.655979872 708497.80625891685 9042939.1540970802
leaf_count=839 18385 8388 4505 19977 9664 7254 2107 5595 1419 4539 89319 158823 7614 40844
internal_value=4.1326e-06 0.00144063 0.000632865 0.00247375 -0.001117 0.00512922 -0.00378691 -0.00758359 -0.0109847 -0.0054777 -0.00028878 0.000146051 0.000206291 5.8442e-05
internal_weight=5.47146e+07 9.2671e+06 7.71509e+06 5.44655e+06 2.31551e+06 3.13104e+06 2.26854e+06 1.27058e+06 981805 1.31821e+06 4.54475e+07 3.46851e+07 3.45804e+07 3.38719e+07
internal_count=379272 81833 63448 45939 18708 27231 17509 9121 7014 9044 297439 208120 207281 199667
is_linear=0
shrinkage=0.035


Tree=208
num_leaves=15
num_cat=1
split_feature=27 29 1 3 0 19 1 3 22 1 1 28 28 23
split_gain=19346.8 60208.8 46971.5 59092.8 49868.7 29051.2 50925.6 38560.1 25697.8 30483.4 25659.5 24429.7 26099.5 43800.4
threshold=6.5000000000000009 1.0000000180025095e-35 8.5000000000000018 1.0000000180025095e-35 0 1.0000000180025095e-35 16.500000000000004 1.0000000180025095e-35 1.0000000180025095e-35 19.500000000000004 17.500000000000004 4.5000000000000009 47.500000000000007 1.0000000180025095e-35
decision_type=2 2 2 2 1 2 2 2 2 2 2 2 2 2
left_child=1 2 3 -1 5 6 11 8 -8 -10 -7 -4 -13 -14
right_child=-2 -3 4 -5 -6 10 7 -9 9 -11 -12 12 13 -15
leaf_value=-0.00092767666457083348 2.8543261908860411e-05 -0.0012156861559856767 -0.00044579699528323293 0.0028757289006594595 -0.00065177127969494894 -0.00052222786388063727 -0.00013162840512609457 0.002609083598640225 -0.0036802666280530438 0.00097740854244286962 0.00093721365913362225 0.0010918286678884026 0.0016054026667905699 -0.00051815317718367164
leaf_weight=1252636.6810631752 46469704.233239174 72895.88330578804 266702.25798416138 196626.76384592056 2270460.0084085464 931393.48452377319 854543.35654449463 188906.97461605072 153265.79553985596 57847.333970308304 365397.3493616581 1058861.0836524963 259273.70910835266 316067.89594268799
leaf_count=7950 326246 382 1560 5591 17520 4599 3604 1757 480 636 3059 3200 1328 1360
internal_value=-1.31193e-07 -0.00156261 -0.0012801 -0.00699513 -4.80647e-05 0.0021046 0.00391704 -0.00155612 -0.00413963 -0.0150743 -0.00230557 0.00752921 0.00913211 0.00313152
internal_weight=5.47146e+07 8.24488e+06 8.17198e+06 1.44926e+06 6.72272e+06 4.45226e+06 3.15547e+06 1.25456e+06 1.06566e+06 211113 1.29679e+06 1.9009e+06 1.6342e+06 575342
internal_count=379272 53026 52644 13541 39103 21583 13925 6477 4720 1116 7658 7448 5888 2688
cat_boundaries=0 2
cat_threshold=33691648 262144
is_linear=0
shrinkage=0.035


Tree=209
num_leaves=15
num_cat=3
split_feature=19 27 17 27 28 20 0 6 28 0 6 16 0 21
split_gain=18794.6 31867.1 58965.6 47499.9 47982.9 73878.4 42281.3 37826.9 35758.8 32454.5 31310.2 33937.2 30246.7 33459.8
threshold=1.0000000180025095e-35 34.500000000000007 1.0000000180025095e-35 55.500000000000007 16.500000000000004 1.0000000180025095e-35 0 7.5410147992220962 59.500000000000007 1 8.0005268660031277 1.0000000180025095e-35 2 1.0000000180025095e-35
decision_type=2 2 2 2 2 2 1 2 2 1 2 2 1 2
left_child=10 -2 7 6 5 -5 -4 -3 -6 -10 12 -12 -1 -14
right_child=1 2 3 4 8 -7 -8 -9 9 -11 11 -13 13 -15
leaf_value=0.00019214347625345836 -0.0002977771438517957 0.00046983954106941301 0.0010364741331661599 0.0009619693994645526 -0.001090771872017901 -0.0037571772656366 -0.00028551647848200292 0.0016984149003125958 0.0005362155475331327 -0.0011765551349759043 -0.00010097397068450586 -0.0015295138586901664 0.00010691513456373322 -0.00044999412818797478
leaf_weight=19723296.193527699 7771463.8948557377 1797218.8640477657 744082.56198763847 597793.64462399483 1529108.9687767029 140276.21312856674 716150.24335598946 394759.85935974121 538333.30411243439 339312.12980914116 7409433.6820983887 139048.05554199219 8452530.3749206066 4421774.8209600449
leaf_count=130277 59072 27145 4784 4925 11475 1626 3938 1392 3710 2861 14357 187 67763 45760
internal_value=8.56019e-07 -0.00107597 0.00067437 -0.00157473 -0.00399692 0.00380997 0.00364181 0.00539941 -0.00639104 -0.000759791 0.000391624 -0.00163957 0.00086198 -0.000457618
internal_weight=5.47146e+07 1.45685e+07 6.79704e+06 4.60506e+06 3.14482e+06 738070 1.46023e+06 2.19198e+06 2.40675e+06 877645 4.01461e+07 7.54848e+06 3.25976e+07 1.28743e+07
internal_count=379272 120928 61856 33319 24597 6551 8722 28537 18046 6571 258344 14544 243800 113523
cat_boundaries=0 1 2 3
cat_threshold=100669442 335679490 33691776
is_linear=0
shrinkage=0.035


Tree=210
num_leaves=15
num_cat=4
split_feature=6 0 13 29 1 28 28 0 28 0 1 28 9 0
split_gain=18800.7 37869.4 35401.8 26222 25678.1 23810.1 46177.9 41933 35604.4 40437.7 46166.1 38292.1 28844.3 28260.4
threshold=7.2558154400649135 0 0.9475584086921468 1.0000000180025095e-35 17.500000000000004 16.500000000000004 17.500000000000004 1 9.5000000000000018 2 8.5000000000000018 5.5000000000000009 1.0349495861630451 3
decision_type=2 1 2 2 2 2 2 1 2 1 2 2 2 1
left_child=1 -1 4 -3 -2 8 13 -8 11 10 -10 -4 -9 -7
right_child=2 3 5 -5 -6 6 7 12 9 -11 -12 -13 -14 -15
leaf_value=0.00055806915618787569 -0.00019720484889416471 1.5543302012794459e-05 0.0001327229425333957 -0.00086781150814695715 -0.0028633063912177461 0.00057173281611190032 6.3910549281926587e-05 -0.0003176525998273496 -0.00027367937821210804 -0.00039377904804087203 0.00066914056209604444 -0.00045345427286381401 0.00017762083715359725 -0.0013236736655151599
leaf_weight=5468080.4868569374 186818.07298278809 13652771.316784143 3812293.9586334229 230975.06616592407 215816.36552429199 86322.703018188477 11592966.655502319 11307105.648239136 505198.77404785156 776796.31158447266 2328708.7481689453 1891432.0806121826 2197293.4683380127 462003.15464782715
leaf_count=67957 863 190681 11637 3501 783 401 34336 40650 1292 3202 7338 5682 9328 1621
internal_value=4.04372e-06 0.000881076 -0.000475901 -9.05876e-05 -0.0107948 -0.000357056 -0.000907526 -0.000687999 0.00115857 0.00387829 0.00581749 -0.000563138 -0.00201353 -0.0109553
internal_weight=5.47146e+07 1.93518e+07 3.53628e+07 1.38837e+07 402634 3.49601e+07 2.56457e+07 2.50974e+07 9.31443e+06 3.6107e+06 2.83391e+06 5.70373e+06 1.35044e+07 548326
internal_count=379272 262139 117133 194182 1646 115487 86336 84314 29151 11832 8630 17319 49978 2022
cat_boundaries=0 1 2 4 6
cat_threshold=6272 67240064 137216 262144 67108864 262144
is_linear=0
shrinkage=0.035


Tree=211
num_leaves=15
num_cat=2
split_feature=12 27 14 0 0 14 1 8 1 28 5 1 27 28
split_gain=19035 20913.4 36056.7 23981 20998.9 19429.2 31192.5 29071.1 26516.4 36288.7 47738.7 31041.2 36640.5 50656.1
threshold=0.99856957497856069 58.500000000000007 0.88599000440540199 0 1 1.0038121718465678 20.500000000000004 0.96199393407506939 17.500000000000004 50.500000000000007 44.500000000000007 10.500000000000002 27.500000000000004 24.500000000000004
decision_type=2 2 2 1 1 2 2 2 2 2 2 2 2 2
left_child=1 -1 4 -4 -3 8 7 -7 9 11 -11 -2 -13 -14
right_child=5 2 3 -5 -6 6 -8 -9 -10 10 -12 12 13 -15
leaf_value=-4.0703722796248377e-05 0.00019363188022000787 0.0013029289103789255 -0.00034172806387313114 -0.0016733107686623294 -0.00013437501365649569 0.0022159766582363432 -0.00098896467275713554 -2.4628034046837136e-05 0.00055085107156333294 0.0010539957341014592 -0.00024932904085268399 0.00015701142355223035 -6.369002487145653e-06 -0.00091142726203557599
leaf_weight=17594419.976304293 4262160.4081399441 252737.32347559929 1690071.3478796482 842789.60386943817 459214.94167470932 332514.67300081253 919064.61380410194 15748581.044327974 3368252.4964196682 1432242.6475577354 725570.0494966507 2980311.4897251129 2191030.4291210175 1915621.7663097382
leaf_count=118388 33430 1921 16707 13141 5569 3392 15247 83524 30732 13835 5175 13767 12420 12024
internal_value=2.41785e-06 -0.00082991 -0.00341176 -0.00536783 0.0035472 0.000514444 -0.00032068 3.77335e-05 0.00135575 0.000662923 0.00482345 -0.000128123 -0.00154764 -0.00369154
internal_weight=5.47146e+07 2.08392e+07 3.24481e+06 2.53286e+06 711952 3.38753e+07 1.70002e+07 1.60811e+07 1.68752e+07 1.35069e+07 2.15781e+06 1.13491e+07 7.08696e+06 4.10665e+06
internal_count=379272 155726 37338 29848 7490 223546 102163 86916 121383 90651 19010 71641 38211 24444
cat_boundaries=0 1 3
cat_threshold=67246208 133120 262144
is_linear=0
shrinkage=0.035


Tree=212
num_leaves=15
num_cat=1
split_feature=9 6 10 11 3 13 2 1 12 0 28 28 1 9
split_gain=18500.8 29019.9 26633 25558.7 25543.2 24597.3 29388.3 26516.7 22919.1 21574.9 21445.9 34945.7 32885.1 22834.4
threshold=0.98808934306701546 7.5026273891041511 0.99524630364550715 0.99195659299291961 1.0000000180025095e-35 0.9871557775354286 3.5000000000000004 17.500000000000004 0.99598734948493073 0 59.500000000000007 41.500000000000007 18.500000000000004 0.98637269500911773
decision_type=2 2 2 2 2 2 2 2 2 1 2 2 2 2
left_child=1 4 3 9 -1 6 -4 -8 -7 -2 11 -3 13 -12
right_child=2 10 5 -5 -6 8 7 -9 -10 -11 12 -13 -14 -15
leaf_value=0.00024003900091056066 -0.00049310665075705598 -0.00028482020075222845 -9.169328466564024e-05 0.00065018715699088458 -0.00041467206234247433 -0.00035620164615623285 -0.0001031226636021673 -0.0012082139913492209 5.2808585365016408e-05 0.00022740894036301067 6.4150991808953597e-05 -0.0010445252217894283 -0.0015113236588786701 -0.0010023924935786614
leaf_weight=5247348.1717422009 1223036.1887328625 2717515.3909301758 2379047.6224370003 2342273.7386319637 2378026.9521567822 2286201.9482512474 458819.15452718735 623908.31361842155 26570749.807328939 4803086.2617785931 2802543.6733703613 597875.10595703125 174434.16410827637 109716.31753540039
leaf_count=53034 14772 8066 17459 20656 33366 18742 2643 2676 164194 31957 8941 1929 564 273
internal_value=5.15892e-06 -0.00109094 0.000383055 0.00214282 0.000367727 -7.26074e-05 -0.00286039 -0.00764058 0.000261826 0.000936905 -0.00282833 -0.00478293 -0.000728899 0.000155265
internal_weight=5.47146e+07 1.40275e+07 4.06871e+07 8.3684e+06 7.62538e+06 3.23187e+07 3.46178e+06 1.08273e+06 2.8857e+07 6.02612e+06 6.40208e+06 3.31539e+06 3.08669e+06 2.91226e+06
internal_count=379272 106173 273099 67385 86400 205714 22778 5319 182936 46729 19773 9995 9778 9214
cat_boundaries=0 1
cat_threshold=301990016
is_linear=0
shrinkage=0.035


Tree=213
num_leaves=15
num_cat=3
split_feature=14 1 27 1 1 0 28 0 0 12 14 1 1 6
split_gain=18242.7 29275.7 27064.4 35600 35631.9 30147.1 26913 26541 23411.9 21155.6 20904.9 101852 123837 95944.1
threshold=1.1807223977627761 19.500000000000004 33.500000000000007 17.500000000000004 6.5000000000000009 0 10.500000000000002 1 2 0.99856957497856069 1.1694833628063137 8.5000000000000018 12.500000000000002 6.4224848023880297
decision_type=2 2 2 2 2 1 2 1 1 2 2 2 2 2
left_child=9 2 3 4 -2 -4 -6 -8 -5 -1 -11 13 -13 -12
right_child=1 -3 5 8 6 -7 7 -9 -10 10 11 12 -14 -15
leaf_value=-7.7565275023253324e-05 -0.0028262243848111964 -0.001335696865237229 4.2116665545432637e-05 -0.0011833115305093505 -0.00065656782704344029 -0.00079917151725534391 0.0012582158622340299 0.00024795866783474622 0.00032517475214364361 4.2490593012993706e-05 -0.0031507502415096711 -0.0012529656300927633 0.00072240826996975555 0.0025796044819985388
leaf_weight=20353477.763118982 100940.04321098328 462107.27298474312 793725.16459202766 199168.36776733398 197203.70076942444 1111176.351436615 670823.62015342712 728107.13375473022 153427.2031288147 26948984.788909674 79754.387306690216 746802.15413665771 1725098.7504308224 443786.10940551758
leaf_count=151382 2483 5716 4769 510 594 6121 4345 3509 1026 176237 3232 4848 12518 1982
internal_value=9.35633e-06 -0.00214733 -0.00117324 0.00161809 0.00372061 -0.0041767 0.00499601 0.00670238 -0.00850134 0.000198736 0.000790526 0.00356432 0.000594117 0.0175879
internal_weight=5.47146e+07 4.41668e+06 3.95457e+06 2.04967e+06 1.69707e+06 1.9049e+06 1.59613e+06 1.39893e+06 352596 5.02979e+07 2.99444e+07 2.99544e+06 2.4719e+06 523540
internal_count=379272 29073 23357 12467 10931 10890 8448 7854 1536 350199 198817 22580 17366 5214
cat_boundaries=0 1 2 3
cat_threshold=100669440 369229952 137216
is_linear=0
shrinkage=0.035


Tree=214
num_leaves=15
num_cat=2
split_feature=31 6 1 1 0 9 6 9 35 1 28 23 28 0
split_gain=18050.6 35480.3 34846 28729.6 21194.9 27215.9 25779.3 32525.1 22750.8 21263.2 73234.8 28042.8 25170.2 43062.9
threshold=1.0000000180025095e-35 7.0098627643219507 8.5000000000000018 15.500000000000002 0 0.81858430917363356 7.263853660620085 1.3452448274478186 39.000000000000007 21.500000000000004 48.500000000000007 1.0000000180025095e-35 32.500000000000007 1
decision_type=2 2 2 2 1 2 2 2 2 2 2 2 2 1
left_child=4 -2 -3 -4 5 -1 7 9 -7 12 11 -11 13 -6
right_child=1 2 3 -5 6 8 -8 -9 -10 10 -12 -13 -14 -15
leaf_value=-0.0018890512781204031 0.005323771534202131 0.0038621209926350277 -0.001680259077071993 0.0012705506471315442 0.00066868361756521218 -0.0012245079123252504 -3.4121106930695717e-05 0.0043397376874243394 -0.00016451938230236326 -0.00024486681083856252 -0.0025251184713895878 0.0034395730070788349 0.00043065574024425939 -0.00028737589830409477
leaf_weight=180287.67819023132 162874.99922370911 87215.752655029297 209832.03678131104 148000.01211547852 1615982.7054843903 146558.980666399 31522594.768249512 247320.78749394417 7487913.1976661682 483397.54698562622 439927.12963891029 223309.23635315895 7209408.5485072136 4549959.4310953617
leaf_count=2058 3231 376 1289 746 19046 2283 102123 3084 72729 11855 11495 5110 91314 52533
internal_value=7.8081e-06 0.00600517 0.000889843 -0.0039453 -5.95771e-05 -0.00174556 0.000225042 0.00143169 -0.00142814 0.00121734 -0.00335678 0.0036221 0.00160947 -3.22837e-05
internal_weight=5.47146e+07 607923 445048 357832 5.41067e+07 7.81476e+06 4.62919e+07 1.47693e+07 7.63447e+06 1.4522e+07 1.14663e+06 706707 1.33754e+07 6.16594e+06
internal_count=379272 5642 2411 2035 373630 77070 296560 194437 75012 191353 28460 16965 162893 71579
cat_boundaries=0 2 3
cat_threshold=268435456 262144 137216
is_linear=0
shrinkage=0.035


Tree=215
num_leaves=15
num_cat=2
split_feature=31 6 1 1 0 9 6 9 35 35 0 14 3 27
split_gain=17458.5 33635.7 34287.8 38297.5 19822.2 24354.7 23666.8 30342.3 22163.6 20380.7 23072.5 35089.9 64017.6 63224.3
threshold=1.0000000180025095e-35 7.0098627643219507 9.5000000000000018 15.500000000000002 0 0.81858430917363356 7.2558154400649135 1.3452448274478186 39.000000000000007 3.5000000000000004 1 0.98774795522931602 1.0000000180025095e-35 14.500000000000002
decision_type=2 2 2 2 1 2 2 2 2 2 1 2 2 2
left_child=4 -2 -3 -4 5 -1 7 -6 -7 -8 11 -11 -13 -14
right_child=1 2 3 -5 6 8 9 -9 -10 10 -12 12 13 -15
leaf_value=-0.0018229344833862098 0.0051374395305050571 0.002405127340301461 -0.0022281118423647418 0.00122608137448194 0.00017078601334222744 -0.0011816501353938684 -0.00080745168797254877 0.0042038567551268904 -0.00015876120392178074 0.00032429314976806792 -0.00010911568345548496 -0.00011912981500552562 -0.00054589168022784352 0.00084663837577384697
leaf_weight=180287.67819023132 162874.99922370911 128645.07221984863 168402.7172164917 148000.01211547852 14303596.239513636 146558.980666399 114842.85894775391 245398.07699894905 7487913.1976661682 2947973.8491516113 19863101.579406738 7108023.5660247803 441372.24981689453 1267591.7339477539
leaf_count=2058 3231 564 1101 746 190322 2283 469 3072 72729 8920 73182 15497 968 4130
internal_value=6.49763e-06 0.00590467 0.000924093 -0.0052705 -5.97731e-05 -0.00169024 0.000215475 0.00138442 -0.00138998 -0.000320295 -0.000266853 0.000961455 -0.000143809 0.00593844
internal_weight=5.47146e+07 607923 445048 316403 5.41067e+07 7.81476e+06 4.62919e+07 1.4549e+07 7.63447e+06 3.17429e+07 3.16281e+07 1.1765e+07 8.81699e+06 1.70896e+06
internal_count=379272 5642 2411 1847 373630 77070 296560 193394 75012 103166 102697 29515 20595 5098
cat_boundaries=0 2 3
cat_threshold=268435456 262144 131072
is_linear=0
shrinkage=0.035


Tree=216
num_leaves=15
num_cat=0
split_feature=14 1 27 1 1 19 6 2 17 1 3 1 1 1
split_gain=17324.2 27329.7 25340.1 34664.8 33299.1 26044.1 20722.5 34015.4 59425 70524.9 71261.1 61433.6 50236.9 46965.2
threshold=1.1807223977627761 19.500000000000004 33.500000000000007 17.500000000000004 6.5000000000000009 1.0000000180025095e-35 6.504670235650833 3.5000000000000004 1.0000000180025095e-35 17.500000000000004 1.0000000180025095e-35 9.5000000000000018 19.500000000000004 17.500000000000004
decision_type=2 2 2 2 2 2 2 2 2 2 2 2 2 2
left_child=6 2 3 4 -2 -6 -1 13 9 11 12 -9 -11 -8
right_child=1 -3 -4 -5 5 -7 7 8 -10 10 -12 -13 -14 -15
leaf_value=0.0004043994562898888 -0.002579132204688671 -0.0012784414351815086 -0.00044847815880526314 -0.00072246541622619125 0.00084548673610135067 -0.00038844168472567753 -1.7377339147105801e-05 -0.00038023030561205493 -0.0020871679978860143 -0.0014073978264649064 -6.4992235037777259e-06 0.00021196314632524195 -0.00013334822216504611 0.00033764158516273279
leaf_weight=6280669.4290087223 100940.04321098328 462107.27298474312 1904901.5160286427 352595.57089614868 1219084.4779415131 377049.97673606873 23034818.950370789 2567678.8510665894 576026.07715606689 1135245.0010757446 1398582.5283737183 8060712.0295257568 457196.67629241943 6786974.4104385376
leaf_count=154927 2483 5716 10890 1536 6160 2288 94735 11951 4162 3761 8887 39202 2647 29927
internal_value=-4.52815e-06 -0.00210622 -0.00116506 0.00153589 0.00361061 0.00484355 0.000180023 -8.83299e-05 -0.00149855 -0.00103283 -0.00578053 0.000303263 -0.0108434 0.000582948
internal_weight=5.47146e+07 4.41668e+06 3.95457e+06 2.04967e+06 1.69707e+06 1.59613e+06 5.02979e+07 4.40172e+07 1.41954e+07 1.36194e+07 2.99102e+06 1.06284e+07 1.59244e+06 2.98218e+07
internal_count=379272 29073 23357 12467 10931 8448 350199 195272 70610 66448 15295 51153 6408 124662
is_linear=0
shrinkage=0.035


Tree=217
num_leaves=15
num_cat=2
split_feature=14 0 28 1 28 2 27 6 27 11 0 28 1 35
split_gain=17388 77354.8 56848.6 44827 47249.4 37074.8 33620.8 32329 31481.1 30946.6 35984.7 51009.1 36209.8 34561.2
threshold=0.94592306406186222 0 25.500000000000004 19.500000000000004 2.5000000000000004 1.0000000180025095e-35 31.500000000000004 6.2306296359907156 15.500000000000002 0.98251972219972605 1 31.500000000000004 7.5000000000000009 1.5000000000000002
decision_type=2 1 2 2 2 2 2 2 2 2 1 2 2 2
left_child=1 7 3 4 6 -4 -3 -1 -6 -2 11 -11 -13 -12
right_child=9 2 5 -5 8 -7 -8 -9 -10 10 13 12 -14 -15
leaf_value=0.0020172855251304293 -0.00022876151138520565 -3.0646556029867966e-05 -0.00091266629568990888 0.0028950738092019127 -4.8536388612425128e-05 5.0953067752867767e-05 -0.0023311908215422391 -0.0012416912025952219 0.00067763053022876403 -0.00019142582896659424 -0.00094799291856817285 -0.00065884542406425075 0.00093542650577033777 -3.3042664871544972e-05
leaf_weight=100914.4617292881 10170489.107856989 574364.81837129593 684448.14870238304 538738.09508419037 1059775.0524618626 3939247.5202610493 208313.23978304863 840883.13446807861 3292854.7453455925 2940401.1245684624 106219.4911134243 411625.38185358047 3788109.4837253094 26058199.005781889
leaf_count=3849 71847 6475 4990 9376 6823 31900 2324 6853 22180 23749 976 9001 37595 141334
internal_value=-1.01817e-06 0.0012261 0.00210421 0.00445171 0.00344407 -0.000776559 -0.00447301 -0.00837508 0.0048677 -0.000318264 0.000197764 0.00240006 0.00487538 -0.000403234
internal_weight=5.47146e+07 1.12395e+07 1.02977e+07 5.67405e+06 5.13531e+06 4.6237e+06 782678 941798 4.35263e+06 4.3475e+07 3.33046e+07 7.14014e+06 4.19973e+06 2.61644e+07
internal_count=379272 94770 84068 47178 37802 36890 8799 10702 29003 284502 212655 70345 46596 142310
cat_boundaries=0 1 2
cat_threshold=67108864 100663424
is_linear=0
shrinkage=0.035


Tree=218
num_leaves=15
num_cat=3
split_feature=12 10 13 2 1 0 14 9 0 27 28 0 28 28
split_gain=17521.1 19935.8 28152.5 37365.9 23172.1 17697.1 17788.3 17583.1 17165.5 16732.9 16171.7 42058.3 39312.9 35507.2
threshold=0.95147315182213388 0.9804322064227694 0.97764374614682048 3.5000000000000004 17.500000000000004 0 1.0239625556666898 0.71282979736162122 1 19.500000000000004 16.500000000000004 2 17.500000000000004 11.500000000000002
decision_type=2 2 2 2 2 1 2 2 1 2 2 1 2 2
left_child=8 -2 3 -3 -5 -6 -7 -4 9 -1 11 -9 -12 -13
right_child=1 2 7 4 5 6 -8 10 -10 -11 12 13 -14 -15
leaf_value=0.00056238471881130125 0.00039090624694133853 -9.6856235268350051e-06 0.0019799013696716254 -0.00012515076772382451 -0.0031151505958451954 -0.000417848971683442 -0.0016003977588382515 0.00038067540785666735 -0.00018117758445125034 -0.0012494942258197287 -0.0009416818911611273 -0.00018151883923440263 -1.2069140480438404e-05 0.00037946715919767526
leaf_weight=109788.74672937393 3449014.1239275932 1574667.6251726151 171513.76261091232 341181.99037861824 196961.32298088074 378816.03534817696 170916.72365379333 4968440.6682400703 3035089.3834762573 380778.3086168766 644011.03763270378 5698869.7659535408 31971092.623622894 1623440.6927621365
leaf_count=1145 36238 14492 1029 2150 925 1615 622 25911 30432 4142 3744 37403 207805 11619
internal_value=-5.80163e-06 0.000158571 -2.70831e-05 -0.00352425 -0.00851263 -0.0119655 -0.00873942 0.000179481 -0.00239232 -0.00846673 0.00013676 0.00121873 -0.000270971 -0.000467792
internal_weight=5.47146e+07 5.11889e+07 4.77399e+07 2.66254e+06 1.08788e+06 746694 549733 4.50774e+07 3.52566e+06 490567 4.49059e+07 1.22908e+07 3.26151e+07 7.32231e+06
internal_count=379272 343553 307315 19804 5312 3162 2237 287511 35719 5287 286482 74933 211549 49022
cat_boundaries=0 2 4 6
cat_threshold=67108864 262144 0 262144 6144 262144
is_linear=0
shrinkage=0.035


Tree=219
num_leaves=15
num_cat=4
split_feature=27 29 0 6 27 1 1 0 12 5 14 0 16 0
split_gain=16820.8 59621.1 43302.8 65228.2 24460.9 38913.1 47712.6 47134.6 38308 31311.1 30163.1 28889.6 26937.1 78938.3
threshold=6.5000000000000009 1.0000000180025095e-35 0 8.1978463460649156 55.500000000000007 7.5000000000000009 16.500000000000004 1 1.031056951979495 37.500000000000007 0.94592306406186222 2 1.0000000180025095e-35 3
decision_type=2 2 1 2 2 2 2 1 2 2 2 1 2 1
left_child=1 2 3 -1 12 10 7 -7 -8 -9 11 -6 -2 -14
right_child=4 -3 -4 -5 5 6 8 9 -10 -11 -12 -13 13 -15
leaf_value=0.00023769817440976834 0.00010404650321286172 -0.0011244037227031627 -0.00072382154593125922 -0.00050685130090997164 0.0019952359859208802 -3.7604751186223706e-05 -5.1891883841122674e-05 -0.00037022917325138814 0.00083821395634506594 -0.0010974719422205282 5.3154688853507642e-05 2.5404552659904805e-05 0.0013622165392600727 -0.0012595820339816668
leaf_weight=4717813.6598587036 28923365.109997034 72895.88330578804 2732621.9641156197 721547.0705871582 383886.40679097176 4495098.4687652588 4214788.4923832417 2876496.8088359833 1370389.4043161869 2060099.7934360504 1049169.1012530327 233286.34358620644 264676.27125501633 598448.03262019157
leaf_count=28229 182905 382 23394 1021 6637 20493 34938 24894 12879 16092 18071 4255 1709 3373
internal_value=-7.4849e-06 -0.00146439 -0.00118327 0.000622567 0.000251007 -0.000821966 -0.00138504 -0.00290321 0.00117868 -0.00526421 0.00425241 0.010392 0.000851973 -0.00524086
internal_weight=5.47146e+07 8.24488e+06 8.17198e+06 5.43936e+06 4.64697e+07 1.66832e+07 1.50169e+07 9.4317e+06 5.58518e+06 4.9366e+06 1.66634e+06 617173 2.97865e+07 863124
internal_count=379272 53026 52644 29250 326246 138259 109296 61479 47817 40986 28963 10892 187987 5082
cat_boundaries=0 2 3 5 7
cat_threshold=33691648 262144 135170 67115136 262144 130 262144
is_linear=0
shrinkage=0.035


Tree=220
num_leaves=15
num_cat=0
split_feature=31 6 1 1 27 35 20 28 28 28 2 28 28 28
split_gain=16991.5 31238.6 33616.2 25968.5 17504.8 40484.5 35299.9 34238.9 38125.3 43792.4 57601.4 37941 32252.6 56824.3
threshold=1.0000000180025095e-35 7.0098627643219507 8.5000000000000018 15.500000000000002 55.500000000000007 1.5000000000000002 1.0000000180025095e-35 4.5000000000000009 7.5000000000000009 13.500000000000002 1.0000000180025095e-35 59.500000000000007 17.500000000000004 24.500000000000004
decision_type=2 2 2 2 2 2 2 2 2 2 2 2 2 2
left_child=4 -2 -3 -4 5 -1 7 -6 -9 -10 11 -11 -12 -14
right_child=1 2 3 -5 6 -7 -8 8 9 10 12 -13 13 -15
leaf_value=-0.00098389401108681584 0.0049733388008490684 0.0036873726023531526 -0.0015236291388876081 0.0011862717673483229 0.00081244472811463993 4.2588071466530616e-05 -0.0035492831373866241 -0.00086026764900439781 0.00052287981099665923 -0.0011132435934158354 -0.0013026988723090892 -8.1090618773993359e-05 0.00085982060284041796 -8.885771139791381e-05
leaf_weight=134495.37286257744 162874.99922370911 87215.752655029297 209832.03678131104 148000.01211547852 596444.6129822731 37896872.618876934 140276.21312856674 722740.89118790627 1225637.9722509384 1436477.8496360779 504630.92159509659 877645.43392157555 1114484.2655477524 9456953.858341217
leaf_count=1170 3231 376 1289 746 4923 239843 1626 4542 9647 10750 4737 6571 9467 80354
internal_value=-2.39446e-06 0.00581636 0.00101654 -0.00373252 -6.7773e-05 0.000341516 -0.00103608 -0.000882189 -0.00120211 -0.000814083 -0.0013937 -0.00641585 -0.000344422 6.82277e-05
internal_weight=5.47146e+07 607923 445048 357832 5.41067e+07 3.80314e+07 1.60753e+07 1.5935e+07 1.53386e+07 1.46158e+07 1.33902e+07 2.31412e+06 1.10761e+07 1.05714e+07
internal_count=379272 5642 2411 2035 373630 241013 132617 130991 126068 121526 111879 17321 94558 89821
is_linear=0
shrinkage=0.035


Tree=221
num_leaves=15
num_cat=3
split_feature=9 6 14 28 1 1 0 1 21 0 0 6 1 28
split_gain=16862 27912.7 24368.5 60071.9 39469.1 35662 45082.4 31128.2 28135.9 34036.1 26209.1 28515.9 24731.8 31884.8
threshold=0.98745040571901421 7.5026273891041511 0.94592306406186222 25.500000000000004 7.5000000000000009 16.500000000000004 0 19.500000000000004 1.0000000180025095e-35 1 2 7.3606893088565695 21.500000000000004 53.500000000000007
decision_type=2 2 2 2 2 2 1 2 2 1 1 2 2 2
left_child=1 -1 3 7 10 6 -6 8 9 -2 11 -5 -4 -14
right_child=2 -3 12 4 5 -7 -8 -9 -10 -11 -12 -13 13 -15
leaf_value=5.4032023111246255e-05 -8.2823104138229212e-05 -0.0002676320973360456 4.8143474855633032e-06 0.0037669296147350624 -0.00015166121729595232 0.00031932153831745736 -0.0012843951868932112 0.0029089336872481571 -6.6505895062123147e-05 0.00073349839478320717 -0.00017196896810490409 -0.00010216048654998731 6.2377617196108609e-05 -0.0023443185571502788
leaf_weight=7552970.9445252419 742679.75776863098 6249579.4120483398 31026289.221072197 192132.707883358 1976297.527797699 1375824.8398344517 748079.83988952637 365708.64922189713 1225795.9008219242 2216114.7641766071 173779.70409011841 87833.684051513672 414862.32493948936 366633.53298544884
leaf_count=85713 5980 19399 182975 3742 9847 10872 7420 6362 9932 13447 2638 355 10067 10523
internal_value=-5.64931e-06 -0.00106348 0.000351233 0.00194785 -0.000894041 -0.00197799 -0.0042976 0.00479202 0.00393621 0.00578344 0.00890072 0.0155275 -0.000105763 -0.00625509
internal_weight=5.47146e+07 1.38026e+07 4.0912e+07 9.10425e+06 4.55395e+06 4.1002e+06 2.72438e+06 4.5503e+06 4.18459e+06 2.95879e+06 453746 279966 3.18078e+07 781496
internal_count=379272 105112 274160 70595 34874 28139 17267 35721 29359 19427 6735 4097 203565 20590
cat_boundaries=0 2 3 5
cat_threshold=137218 262144 100665344 67115136 262144
is_linear=0
shrinkage=0.035


Tree=222
num_leaves=15
num_cat=1
split_feature=12 14 1 0 18 8 2 6 1 9 1 14 6 13
split_gain=17449.2 20077.9 19752.4 19372.1 18623.1 19282.8 17098 28742.5 18783.4 47924.7 31087.4 47973.7 30167 16589.6
threshold=1.0715481661699184 1.1807223977627761 20.500000000000004 0 1.0000000180025095e-35 0.89912644238048023 4.5000000000000009 7.7578835065503329 8.5000000000000018 1.0008024486173774 12.500000000000002 1.204935972430303 7.8960025014300017 0.9475584086921468
decision_type=2 2 2 1 2 2 2 2 2 2 2 2 2 2
left_child=1 13 3 -3 5 -2 8 -8 9 -5 11 -10 -12 -1
right_child=4 2 -4 6 -6 -7 7 -9 10 -11 12 -13 -14 -15
leaf_value=-0.00086154633740810171 0.0053447401784741952 0.0007549603873443744 -0.0016918505968848995 -0.00070103843035749245 -0.0032034577761179107 0.00039908005388586474 -0.00024930754493500445 0.0015419085446131586 -0.0028016196362530862 0.0012569070744495989 0.00033173911893883957 -0.000411400303685131 -0.00053533266151015255 1.1667724117894387e-05
leaf_weight=568802.11586999893 84731.505569219589 386631.18050646782 228875.0208337307 362394.12060189247 75156.800112724304 2780613.1034190655 457045.97964191437 146852.35791015625 195147.01163482666 247375.86145067215 675980.67748260498 462002.57895278931 726827.17596435547 47316147.321156025
leaf_count=7261 1048 4437 3652 2542 774 29292 4209 393 852 1563 3440 1739 1631 316439
internal_value=-5.11832e-06 -0.000154075 -0.00257256 -0.00194881 0.00261759 0.00306871 -0.00282387 0.00249444 -0.0040269 0.00136902 -0.00562415 -0.0119061 -0.00268129 4.23508e-05
internal_weight=5.47146e+07 5.17741e+07 3.88913e+06 3.66026e+06 2.9405e+06 2.86534e+06 3.27363e+06 603898 2.66973e+06 609770 2.05996e+06 657150 1.40281e+06 4.78849e+07
internal_count=379272 348158 24458 20806 31114 30340 16369 4602 11767 4105 7662 2591 5071 323700
cat_boundaries=0 1
cat_threshold=100663296
is_linear=0
shrinkage=0.035


Tree=223
num_leaves=15
num_cat=0
split_feature=12 27 35 1 14 5 27 6 1 28 28 5 9 3
split_gain=16640.8 19408.8 31213.3 28404.7 31679.3 34556.7 33375 34933.6 34311.4 51653 29623.6 44305.9 30550.6 26697.9
threshold=1.038248653223538 55.500000000000007 1.5000000000000002 7.5000000000000009 1.1228774058946247 1.5000000000000002 51.500000000000007 6.4595005923695856 13.500000000000002 1.5000000000000002 59.500000000000007 21.500000000000004 0.98210321523653499 1.5000000000000002
decision_type=2 2 2 2 2 2 2 2 2 2 2 2 2 2
left_child=1 2 -1 -4 6 -6 7 -5 9 -9 12 -12 -11 -3
right_child=-2 13 3 4 5 -7 -8 8 -10 10 11 -13 -14 -15
leaf_value=-0.00080956306178457541 0.00019608094450653988 -0.00020996852234260262 -0.00030430352252787439 0.0011200876757126487 -0.0010859564100298169 -0.00011611368599712678 0.0011168319197570706 -0.0014183293884115916 -6.9423015173703361e-05 -0.00023744317179954624 0.0001730213775255068 0.0013608457723456422 0.00025945444046399172 0.00051650603814400718
leaf_weight=107735.20844388008 7355438.5005812645 10838291.97670722 3575949.9486320019 2082854.7170255184 158662.53604125977 6990889.6611688137 368157.65890979767 387239.52185821533 12357404.219413757 1731582.8679656982 1166622.7922973633 835680.56994628906 5577338.6411514282 1180733.9909639359
leaf_count=875 66685 81979 44429 43649 144 26207 1894 2220 54588 8376 5645 4136 21926 16519
internal_value=-6.51882e-06 -0.000247069 0.000166137 0.000223658 0.000557666 -0.00149222 0.00115569 0.000996178 0.00058701 0.00214526 0.00266616 0.00643792 0.00163287 -0.00146204
internal_weight=5.47146e+07 4.73591e+07 3.53401e+07 3.52324e+07 3.16564e+07 7.14955e+06 2.45069e+07 2.41387e+07 2.20559e+07 9.69846e+06 9.31122e+06 2.0023e+06 7.30892e+06 1.2019e+07
internal_count=379272 312587 214089 213214 168785 26351 142434 140540 96891 42303 40083 9781 30302 98498
is_linear=0
shrinkage=0.035


Tree=224
num_leaves=15
num_cat=5
split_feature=12 0 6 14 28 1 1 0 0 1 28 0 28 0
split_gain=16497.5 19198.4 20190.3 18940.6 51346.6 35712.3 32856.1 36016.4 31771.6 27362.1 26560.5 56293.4 52276.4 50741.9
threshold=0.98100176941237194 0 7.5026273891041511 0.94592306406186222 25.500000000000004 7.5000000000000009 16.500000000000004 1 2 17.500000000000004 32.500000000000007 3 16.500000000000004 4
decision_type=2 1 2 2 2 2 2 1 1 2 2 1 2 1
left_child=1 -1 -3 4 8 -6 7 -7 -2 -10 12 -12 13 -5
right_child=3 2 -4 10 5 6 -8 -9 9 -11 11 -13 -14 -15
leaf_value=0.00012371063522383045 -0.0007965695398753571 -0.00013158970230530009 -0.00055715748937803383 0.00030692286192393441 0.00083612675851278825 -0.00017096494755148106 0.00029907700198030613 -0.0011964233942541402 0.00034418672775484723 0.0014627695125350271 0.00076521862479028084 -1.2139698439236034e-05 -0.00040824146946337415 -0.00020757790521542315
leaf_weight=2540417.8729505539 279452.98632335663 4766831.52014184 2353244.5368652344 4684225.3286662102 454772.98502421379 2015720.2369194031 1380793.7106738091 732989.96393966675 3488669.4700388908 974349.15111660957 3779735.813719511 16243788.552832842 6050119.964443922 4969470.7174503803
leaf_count=27421 3195 49528 8541 23994 6676 9972 10668 7208 24603 9293 44406 95760 29210 28797
internal_value=9.36662e-07 -0.00131154 -0.00224353 0.000282359 0.00168689 -0.000954456 -0.00197962 -0.00419234 0.00424013 0.00495697 -8.43001e-05 0.00076082 -0.00116189 0.00043676
internal_weight=5.47146e+07 9.66049e+06 7.12008e+06 4.50541e+07 9.32675e+06 4.58428e+06 4.1295e+06 2.74871e+06 4.74247e+06 4.46302e+06 3.57273e+07 2.00235e+07 1.57038e+07 9.6537e+06
internal_count=379272 85490 58069 293782 71615 34524 27848 17180 37091 33896 222167 140166 82001 52791
cat_boundaries=0 1 3 4 5 7
cat_threshold=302120960 137218 262144 67108864 100663424 67115008 262144
is_linear=0
shrinkage=0.035


Tree=225
num_leaves=15
num_cat=2
split_feature=19 27 17 27 28 20 0 6 28 0 6 16 12 27
split_gain=16465.5 29397.8 50930.8 41168.8 41401 65644.1 41018.5 36495.2 31673.5 29840.6 28756.9 28214.4 26257.2 25362.3
threshold=1.0000000180025095e-35 34.500000000000007 1.0000000180025095e-35 55.500000000000007 16.500000000000004 1.0000000180025095e-35 0 7.5410147992220962 59.500000000000007 1 8.0005268660031277 1.0000000180025095e-35 1.5503488783755612 34.500000000000007
decision_type=2 2 2 2 2 2 1 2 2 1 2 2 2 2
left_child=10 -2 7 6 5 -5 -4 -3 -6 -10 12 13 -1 -12
right_child=1 2 3 4 8 -7 -8 -9 9 -11 11 -13 -14 -15
leaf_value=8.7661118066376242e-05 -0.00028599329248564352 0.00043602627287849324 -0.00032391400817294259 0.00090286126806024764 -0.000987506587696274 -0.003397581679369246 0.00087810871161735917 0.0015890443397699662 0.00051559489173774048 -0.0011157976037120504 2.3744729784122098e-05 -0.0014432777403655345 0.0047345205645606238 -0.00025966064978149162
leaf_weight=32467863.056812286 7771463.8948557377 1797218.8640477657 550547.87288451195 597793.64462399483 1529108.9687767029 140276.21312856674 909684.93245911598 394759.85935974121 538333.30411243439 339312.12980914116 4531686.0703430176 139048.05554199219 129738.33259606361 2877747.6117553711
leaf_count=242276 59072 27145 2975 4925 11475 1626 5747 1392 3710 2861 8086 187 1524 6271
internal_value=-3.17503e-06 -0.00101108 0.000670086 -0.00142017 -0.00367517 0.00357653 0.0034363 0.00506142 -0.00589903 -0.000599212 0.00036258 -0.00158404 0.000813349 -0.00129089
internal_weight=5.47146e+07 1.45685e+07 6.79704e+06 4.60506e+06 3.14482e+06 738070 1.46023e+06 2.19198e+06 2.40675e+06 877645 4.01461e+07 7.54848e+06 3.25976e+07 7.40943e+06
internal_count=379272 120928 61856 33319 24597 6551 8722 28537 18046 6571 258344 14544 243800 14357
cat_boundaries=0 1 2
cat_threshold=268566656 335679490
is_linear=0
shrinkage=0.035


Tree=226
num_leaves=15
num_cat=2
split_feature=31 6 1 1 0 11 9 6 9 1 28 23 28 0
split_gain=16523.9 28472.6 31926.5 34646.9 19282.1 20010.3 20442.7 19209.6 27517.3 20002.6 65313.5 26019.5 22081 38073.6
threshold=1.0000000180025095e-35 6.9666029244071686 9.5000000000000018 15.500000000000002 0 0.81913776604072286 0.81858430917363356 7.263853660620085 1.3452448274478186 21.500000000000004 48.500000000000007 1.0000000180025095e-35 32.500000000000007 1
decision_type=2 2 2 2 1 2 2 2 2 2 2 2 2 1
left_child=4 -2 -3 -4 5 -1 -7 8 9 12 11 -11 13 -6
right_child=1 2 3 -5 7 6 -8 -9 -10 10 -12 -13 -14 -15
leaf_value=-0.0025255216906117043 0.0049482648126241415 0.0023914987522329241 -0.0020337723171212079 0.001199822553235921 0.00062843601089437233 -0.0016225980104985955 -0.00017790372230970208 -2.5545522673463219e-05 0.0039097537945384786 -0.00030150858706914024 -0.0023932472823851572 0.0032529497875585125 0.00039130068184275822 -0.00027814839816195391
leaf_weight=68403.295829772949 155945.03084754944 128645.07221984863 173027.07358551025 150305.62412261963 1615982.7054843903 180287.67819023132 7566068.8825027943 31522594.768249512 247320.78749394417 483397.54698562622 439927.12963891029 223309.23635315895 7209408.5485072136 4549959.4310953617
leaf_count=1048 3177 564 1137 764 19046 2058 73964 102123 3084 11855 11495 5110 91314 52533
internal_value=-1.18241e-05 0.0057263 0.00127694 -0.00459065 -7.62966e-05 -0.0016844 -0.00151796 0.000195175 0.00123679 0.00103963 -0.00339683 0.00319382 0.00141995 -0.00011776
internal_weight=5.47146e+07 607923 451978 323333 5.41067e+07 7.81476e+06 7.74636e+06 4.62919e+07 1.47693e+07 1.4522e+07 1.14663e+06 706707 1.33754e+07 6.16594e+06
internal_count=379272 5642 2465 1901 373630 77070 76022 296560 194437 191353 28460 16965 162893 71579
cat_boundaries=0 2 3
cat_threshold=268435456 262144 137216
is_linear=0
shrinkage=0.035


Tree=227
num_leaves=15
num_cat=2
split_feature=10 13 1 12 18 0 0 14 28 1 1 21 6 1
split_gain=16152.8 31798.4 35561.1 25401.2 23044 20545.1 18543.2 16637 21158.8 53283.3 47242.3 45794.6 59215.8 43391.7
threshold=0.96774241933788463 0.96316597543734361 17.500000000000004 0.96479881010771329 1.0000000180025095e-35 0 1 1.1807223977627761 53.500000000000007 19.500000000000004 17.500000000000004 1.0000000180025095e-35 7.7710655667310569 12.500000000000002
decision_type=2 2 2 2 2 1 1 2 2 2 2 2 2 2
left_child=4 2 -2 6 -1 -4 -3 8 10 -10 13 -12 -13 -5
right_child=1 3 5 7 -6 -7 -8 -9 9 -11 11 12 -14 -15
leaf_value=0.00055096486996290849 0.00017638864272500089 4.3475095930649823e-05 -0.0030928624765151559 5.1324958842777575e-05 -0.0019539381331717415 -0.00082172319702706275 -0.00056606132548423882 -0.00022168231135785026 0.00031195332064638207 -0.0006798813742734779 0.00045884206565041311 0.00023679275694484745 -0.00097749156101732985 -0.00026067697544964618
leaf_weight=2442789.5652213097 433957.13152170181 1471107.6176140308 195209.23386287689 13973030.611938238 153218.2617418766 385626.31940126419 2438585.1439704895 4075509.6273431778 9471702.7403402328 1240150.2733469009 5444040.7189929485 1335263.1519320011 453167.85717773438 11201224.55670166
leaf_count=30358 4229 13655 1322 89814 2115 3296 19882 25448 67900 17898 37531 14487 959 50378
internal_value=-9.47246e-06 -0.000143686 -0.00627863 -2.18608e-05 0.00268506 -0.0119418 -0.00273293 0.000202733 0.000404765 0.00175331 -4.09904e-05 0.00245217 -0.00240693 -0.000757267
internal_weight=5.47146e+07 5.21186e+07 1.01479e+06 5.11038e+07 2.59601e+06 580836 3.90969e+06 4.71941e+07 4.31186e+07 1.07119e+07 3.24067e+07 7.23247e+06 1.78843e+06 2.51743e+07
internal_count=379272 346799 8847 337952 32473 4618 33537 304415 278967 85798 193169 52977 15446 140192
cat_boundaries=0 2 3
cat_threshold=67108864 262144 302125056
is_linear=0
shrinkage=0.035


Tree=228
num_leaves=15
num_cat=2
split_feature=12 27 14 0 9 1 28 11 1 28 9 5 0 28
split_gain=15575.7 21078.2 33098.2 22730.9 19979.6 19219.7 31856.7 27102.6 26701.1 38653.3 30913.9 28488.2 24574.7 17417.1
threshold=0.99856957497856069 58.500000000000007 0.90323770592447772 0 0.84367640439257741 7.5000000000000009 45.500000000000007 1.0844110721613547 14.500000000000002 59.500000000000007 0.98210321523653499 14.500000000000002 1 1.5000000000000002
decision_type=2 2 2 1 2 2 2 2 2 2 2 2 1 2
left_child=1 5 3 -3 -4 6 12 -8 9 10 13 -11 -1 -7
right_child=-2 2 4 -5 -6 8 7 -9 -10 11 -12 -13 -14 -15
leaf_value=0.00050950838814095827 4.7121573684127003e-05 0.00084402697932750711 -0.0043302142303251936 -0.00053440310139535384 -0.00060193324136198414 -0.0024074931475586724 -0.00107936463867896 0.0015465362083562299 -0.00015566119757927198 5.1882733875438815e-05 0.00019884551306089603 0.00085717657645227705 -0.00055984186140032774 -0.00023015042817735597
leaf_weight=501700.07355308533 33875349.617902756 497726.85095787048 107830.94139385223 417008.48691701889 2222246.9376306534 171235.65043449402 707087.26010417938 69485.892907142639 7893455.911075592 1020696.2979316711 3075686.7163200378 1538687.1149921417 511389.63369107246 2104995.4252948761
leaf_count=4959 223546 4292 1358 6164 25524 1523 7955 738 52208 5843 15071 9107 8632 12352
internal_value=-1.13633e-05 -0.00076427 -0.00335628 0.00228544 -0.00557109 -0.000286243 -0.00372389 -0.00905738 0.000103023 0.00154 -0.000151812 0.00507771 0.000364489 -0.0032439
internal_weight=5.47146e+07 2.08392e+07 3.24481e+06 914735 2.33008e+06 1.75944e+07 1.78966e+06 776573 1.58048e+07 7.9113e+06 5.35192e+06 2.55938e+06 1.01309e+06 2.27623e+06
internal_count=379272 155726 37338 10456 26882 118388 22284 8693 96104 43896 28946 14950 13591 13875
cat_boundaries=0 2 3
cat_threshold=137216 262144 67115008
is_linear=0
shrinkage=0.035


Tree=229
num_leaves=15
num_cat=2
split_feature=19 6 27 17 27 0 15 6 0 6 13 27 1 16
split_gain=15886.5 26768.3 25859 47724.1 39242.8 38325.2 34145.8 33342.5 25490.8 26346.6 41310.1 29930.8 28322.8 24758.7
threshold=1.0000000180025095e-35 7.9709718983248523 34.500000000000007 1.0000000180025095e-35 55.500000000000007 0 1.0000000180025095e-35 7.5410147992220962 1 7.2093631244176892 0.95451379498942701 59.500000000000007 7.5000000000000009 1.0000000180025095e-35
decision_type=2 2 2 2 2 1 2 2 1 2 2 2 2 2
left_child=1 8 -2 7 5 -5 -6 -4 -1 11 -11 12 -10 -3
right_child=2 13 3 4 6 -7 -8 -9 9 10 -12 -13 -14 -15
leaf_value=0.00019185526142418473 -0.00027382605969983456 -8.4048966314444618e-05 0.00041692297691512076 -0.00033408590135632115 -0.00056259716523904236 0.00084295607740151755 0.00079027214478578239 0.0015192977410840183 -0.00070705571160285059 -0.0027313807510770528 -0.0002024484934814169 -0.00029241625467027146 0.00051822718426307898 -0.0012349186433103102
leaf_weight=17658007.273818493 7771463.8948557377 8196827.4551086426 1797218.8640477657 550547.87288451195 2787899.4436881542 909684.93245911598 356924.81676268578 394759.85935974121 632459.10662794113 189785.72138977051 5416883.2267150879 2921081.3854572773 4980667.4309844971 150371.52694702148
leaf_count=102656 59072 16508 27145 2975 21308 5747 3289 1392 15008 753 23082 42747 57384 206
internal_value=-9.16512e-06 0.000350102 -0.000999188 0.000577544 -0.00144584 0.00329567 -0.00364746 0.00482839 0.000813145 -0.00029421 -0.0021581 0.000930301 0.00242555 -0.00141387
internal_weight=5.47146e+07 4.01461e+07 1.45685e+07 6.79704e+06 4.60506e+06 1.46023e+06 3.14482e+06 2.19198e+06 3.17989e+07 1.41409e+07 5.60667e+06 8.53421e+06 5.61313e+06 8.3472e+06
internal_count=379272 258344 120928 61856 33319 8722 24597 28537 241630 138974 23835 115139 72392 16714
cat_boundaries=0 1 2
cat_threshold=268566656 137344
is_linear=0
shrinkage=0.035


Tree=230
num_leaves=15
num_cat=1
split_feature=31 6 1 1 27 0 28 35 20 1 27 3 6 19
split_gain=16002.4 28062.3 29955.1 31340.1 17846.3 36960.5 39254.8 35238.6 27254.8 26487.6 28444.9 32172.3 25210.3 52494.9
threshold=1.0000000180025095e-35 7.0098627643219507 9.5000000000000018 15.500000000000002 55.500000000000007 0 26.500000000000004 1.5000000000000002 1.0000000180025095e-35 7.5000000000000009 8.5000000000000018 1.0000000180025095e-35 7.5504001876862077 1.0000000180025095e-35
decision_type=2 2 2 2 2 1 2 2 2 2 2 2 2 2
left_child=4 -2 -3 -4 7 6 -6 -1 -7 10 11 -9 13 -11
right_child=1 2 3 -5 5 8 -8 9 -10 12 -12 -13 -14 -15
leaf_value=-0.00091538622035658185 0.0046486635498829794 0.0023091188462494639 -0.0019866669266267022 0.0011733001243054511 3.6639573388242071e-05 -3.6306465560744993e-05 -0.0017700458036697838 -0.00092947435056267504 -0.0033000332754985454 0.00042734816535954174 -6.1237721793667367e-05 0.0017372494077721279 -2.2512393325738418e-05 -0.00017405262142635743
leaf_weight=134495.37286257744 162874.99922370911 128645.07221984863 168402.7172164917 148000.01211547852 706845.48256874084 14230283.32720685 1015577.1883118153 820924.36300349236 122586.0205039978 12266528.780938864 2785090.763078928 148652.07965660095 16537160.800247192 5338515.8319518566
leaf_count=1170 3231 564 1101 746 8773 107745 14820 8168 1279 98045 36374 5165 41829 50262
internal_value=-2.84815e-06 0.005644 0.00109473 -0.00469527 -6.62951e-05 -0.001044 -0.00588856 0.000346967 -0.00046262 0.000410438 -0.00237984 -0.00754293 0.000717289 0.00163906
internal_weight=5.47146e+07 607923 445048 316403 5.41067e+07 1.60753e+07 1.72242e+06 3.80314e+07 1.43529e+07 3.78969e+07 3.75467e+06 969576 3.41422e+07 1.7605e+07
internal_count=379272 5642 2411 1847 373630 132617 23593 241013 109024 239843 49707 13333 190136 148307
cat_boundaries=0 2
cat_threshold=33554432 262144
is_linear=0
shrinkage=0.035


Tree=231
num_leaves=15
num_cat=1
split_feature=9 10 0 28 9 28 1 2 12 11 12 28 27 28
split_gain=15095.9 24244.7 23697.8 25572.9 41937.4 31328.5 25040.6 42892.2 24166 22570.9 22521.7 22363.5 21490.7 20942.8
threshold=0.98808934306701546 0.99524630364550715 0 59.500000000000007 0.96747238772522814 45.500000000000007 17.500000000000004 3.5000000000000004 0.96479881010771329 0.98550530253974833 0.99598734948493073 20.500000000000004 20.500000000000004 59.500000000000007
decision_type=2 2 1 2 2 2 2 2 2 2 2 2 2 2
left_child=2 9 11 5 6 -4 8 -8 -5 -2 -3 -1 13 -13
right_child=1 10 3 4 -6 -7 7 -9 -10 -11 -12 12 -14 -15
leaf_value=8.3532402720232514e-05 6.8637354672049488e-05 -0.00035525120607702703 -9.934260805473338e-05 0.00023235512281996075 -0.00039388034573248142 -0.00091538558944215698 0.000592402860531765 -0.0023672240026292365 0.00091911198689262113 0.00052610883815107324 1.6576570027891546e-05 -0.00085188199976425887 -0.00099383302621801556 0.00041119553437238992
leaf_weight=1009233.6719264984 5236065.0756471157 2571461.7987949848 5233439.8295309544 1700483.7862408161 1154107.9578948021 627583.98753809929 330116.52490448952 224600.73507976532 1224155.002373457 3132331.1134963036 29747265.047367811 592827.26267957687 1409330.1135263443 521580.90410542488
leaf_count=7049 41752 21120 44774 11311 7842 5883 2555 2275 8153 25633 184594 3772 10125 2434
internal_value=-9.33344e-06 0.000332022 -0.000999447 -0.00016476 0.00177841 -0.00170094 0.00369615 -0.00312156 0.00498927 0.00201103 -0.00010273 -0.00347882 -0.00523975 -0.00160765
internal_weight=5.47146e+07 4.06871e+07 1.40275e+07 1.04945e+07 4.63346e+06 5.86102e+06 3.47936e+06 554717 2.92464e+06 8.3684e+06 3.23187e+07 3.53297e+06 2.52374e+06 1.11441e+06
internal_count=379272 273099 106173 82793 32136 50657 24294 4830 19464 67385 205714 23380 16331 6206
cat_boundaries=0 2
cat_threshold=4096 262144
is_linear=0
shrinkage=0.035


Tree=232
num_leaves=15
num_cat=3
split_feature=14 0 28 1 3 1 2 6 11 0 14 1 28 0
split_gain=14938.8 66448.8 44181 37272.1 47336.1 47866.4 32574.1 29967.1 28661.7 33479.2 50501.3 27309.1 36286.2 26332.6
threshold=0.94592306406186222 0 25.500000000000004 17.500000000000004 1.0000000180025095e-35 8.5000000000000018 1.0000000180025095e-35 7.3864881986786592 0.97230271666327395 1 0.98774795522931602 20.500000000000004 53.500000000000007 2
decision_type=2 1 2 2 2 2 2 2 2 1 2 2 2 1
left_child=1 7 3 4 -3 -6 -4 -1 -2 10 -10 -11 -13 -5
right_child=8 2 6 13 5 -7 -8 -9 9 11 -12 12 -14 -15
leaf_value=-0.00070305827530423796 -0.00029414704860846862 0.00044677203468596413 -0.00078097137816289053 0.0019929147919348915 0.0031015789296430008 -0.0010458294707311026 5.5341302652472885e-05 -0.0023067481325524559 -0.0010840724192758319 -1.8695950628270299e-05 0.00042481061414999634 -8.3660308978715289e-05 -0.0016127961986269501 0.00068048866418002286
leaf_weight=846707.74802231789 6480715.3972685337 3183667.7084741592 684448.14870238304 636332.75009274483 150238.27539253235 984650.30760192871 3939247.5202610493 95089.848175048828 616020.13743209839 27586767.082478762 7198373.835416317 959671.47666954994 633495.66563439369 719156.90948462486
leaf_count=10256 49059 19958 4990 5274 4804 8352 31900 446 6761 134822 69756 13723 10381 8790
internal_value=-1.26637e-05 0.00112475 0.00193861 0.0040081 0.00241883 -0.00371851 -0.000600998 -0.00777391 -0.000306719 6.94158e-05 0.00210403 -0.000475455 -0.00493097 0.00907139
internal_weight=5.47146e+07 1.12395e+07 1.02977e+07 5.67405e+06 4.31856e+06 1.13489e+06 4.6237e+06 941798 4.3475e+07 3.69943e+07 7.81439e+06 2.91799e+07 1.59317e+06 1.35549e+06
internal_count=379272 94770 84068 47178 33114 13156 36890 10702 284502 235443 76517 158926 24104 14064
cat_boundaries=0 1 2 3
cat_threshold=67108864 100663424 268570624
is_linear=0
shrinkage=0.035


Tree=233
num_leaves=15
num_cat=2
split_feature=10 13 1 12 18 0 14 1 27 0 1 19 6 28
split_gain=15176.9 30103.3 32995.1 22408.8 21054.2 20633.8 15776.6 20545.4 41538.4 23027.1 22132.7 21324.8 23634.8 19858.6
threshold=0.96774241933788463 0.96316597543734361 17.500000000000004 0.96654686216940744 1.0000000180025095e-35 0 1.1807223977627761 18.500000000000004 34.500000000000007 1 6.5000000000000009 1.0000000180025095e-35 7.2093631244176892 53.500000000000007
decision_type=2 2 2 2 2 1 2 2 2 1 2 2 2 2
left_child=4 2 -2 -3 -1 -4 13 8 10 -10 -8 12 -12 -5
right_child=1 3 5 6 -6 -7 7 -9 9 -11 11 -13 -14 -15
leaf_value=0.00054775087587486087 0.00016353097598414376 -0.00030546941858880381 -0.0030170166122331166 -4.0204752664745305e-06 -0.0018937664457553663 -0.00081426523957767432 -0.0021685332309652645 -0.00082239467001667447 2.9014643155270571e-05 -0.00081146253875022541 0.0026357123580069758 -0.00050153196577276096 0.00031292939561357281 0.0001981763468478343
leaf_weight=2442789.5652213097 433957.13152170181 4176265.3663692474 195209.23386287689 32255055.721504211 153218.2617418766 385626.31940126419 89464.681705951691 661334.68094992638 645792.20940160751 980432.76461100578 298467.06266212463 369290.17940711975 1024349.7330780029 10603329.899668217
leaf_count=30358 4229 35649 1322 191867 2115 3296 2048 6005 3183 5700 2998 2144 3303 85055
internal_value=-9.23653e-06 -0.000139333 -0.00610851 -2.0799e-05 0.00260263 -0.0115635 0.000197842 -0.00188486 -0.000789259 -0.00483377 0.00290259 0.00379962 0.00587563 0.000395582
internal_weight=5.47146e+07 5.21186e+07 1.01479e+06 5.11038e+07 2.59601e+06 580836 4.69275e+07 4.06913e+06 3.4078e+06 1.62622e+06 1.78157e+06 1.69211e+06 1.32282e+06 4.28584e+07
internal_count=379272 346799 8847 337952 32473 4618 302303 25381 19376 8883 10493 8445 6301 276922
cat_boundaries=0 2 3
cat_threshold=67108864 262144 67115008
is_linear=0
shrinkage=0.035


Tree=234
num_leaves=15
num_cat=2
split_feature=27 29 0 6 30 28 23 28 27 1 1 0 12 35
split_gain=14190.8 47200.9 41872 58711.8 21002.6 20634.2 37970 31641.5 19327.6 33916 43951.1 44243.1 33797.6 32479.9
threshold=6.5000000000000009 1.0000000180025095e-35 0 8.1978463460649156 1.0000000180025095e-35 47.500000000000007 1.0000000180025095e-35 42.500000000000007 55.500000000000007 7.5000000000000009 16.500000000000004 1 1.031056951979495 30.500000000000004
decision_type=2 2 1 2 2 2 2 2 2 2 2 1 2 2
left_child=1 2 3 5 8 7 -7 -1 -2 13 11 -11 -12 -10
right_child=4 -3 -4 -5 -6 6 -8 -9 9 10 12 -13 -14 -15
leaf_value=0.00024296696071069237 8.3020175037829027e-05 -0.00096660067057220244 -0.00070035449318610451 -0.00048320598791238965 -0.0040122686542913722 0.00047412993607037779 -0.00091742853676938857 0.0011807663289761963 0.0038055968430421687 -1.9232378809745509e-05 -4.048123507938341e-05 -0.00063695969139782656 0.00080586071290862464 0.00024222413264750702
leaf_weight=3117624.2297105789 29786489.413872242 72895.88330578804 2732621.9641156197 721547.0705871582 39788.876190900803 671293.16726946831 559078.0495865345 369818.21329212189 120744.70202636719 4471558.07056427 4204763.3356525898 4936596.6022720337 1367939.5501329899 1541823.6825277805
leaf_count=19250 187987 382 23394 1021 374 4802 3226 951 2669 20331 34830 40986 12861 26208
internal_value=-1.05241e-05 -0.0013487 -0.00109857 0.000677188 0.000226901 0.00209926 -0.0017977 0.00347411 0.000248686 -0.000706629 -0.00123297 -0.00269201 0.00123025 0.00403608
internal_weight=5.47146e+07 8.24488e+06 8.17198e+06 5.43936e+06 4.64697e+07 4.71781e+06 1.23037e+06 3.48744e+06 4.64299e+07 1.66434e+07 1.49809e+07 9.40815e+06 5.5727e+06 1.66257e+06
internal_count=379272 53026 52644 29250 326246 28229 8028 20201 325872 137885 109008 61317 47691 28877
cat_boundaries=0 2 3
cat_threshold=33691648 262144 135170
is_linear=0
shrinkage=0.035


Tree=235
num_leaves=15
num_cat=0
split_feature=31 6 1 1 27 35 20 28 28 28 28 28 2 1
split_gain=14484.1 27484.4 27672.6 23063 15481.8 30886.2 28374 30550.4 36348.7 40257.1 47903.1 65883.7 48298.3 56473.4
threshold=1.0000000180025095e-35 6.9806020154335 8.5000000000000018 17.500000000000004 55.500000000000007 1.5000000000000002 1.0000000180025095e-35 4.5000000000000009 7.5000000000000009 13.500000000000002 17.500000000000004 24.500000000000004 5.5000000000000009 7.5000000000000009
decision_type=2 2 2 2 2 2 2 2 2 2 2 2 2 2
left_child=4 -2 -3 -4 5 -1 7 -6 -9 -10 -11 -12 13 -13
right_child=1 2 3 -5 6 -7 -8 8 9 10 11 12 -14 -15
leaf_value=-0.00084093550103011574 0.0045767934299438999 0.0033996530102534152 -0.00092454169107269773 0.0034980201853748536 0.00078277070849028913 3.9336403353967208e-05 -0.0030792085039763836 -0.00080770316372912585 0.00050364563628786684 -0.0012149173289325306 0.0007331468458285236 0.00051504655581041431 0.0008072133642879185 -0.00036474080835467482
leaf_weight=134495.37286257744 156668.91974830627 87215.752655029297 288870.38326263428 75167.745109558105 596444.6129822731 37896872.618876934 140276.21312856674 722740.89118790627 1225637.9722509384 745926.38886499405 1333162.5120820999 1081790.1749866009 1001261.6451437473 9228051.6079642773
leaf_count=1170 3183 376 1695 388 4923 239843 1626 4542 9647 6374 11106 16817 13918 63664
internal_value=-1.25502e-05 0.00535975 0.000974637 -0.00326783 -7.29124e-05 0.000312001 -0.00098355 -0.000845581 -0.00114778 -0.0007689 -0.00132463 -0.000816168 -0.00168353 -0.00239627
internal_weight=5.47146e+07 607923 451254 364038 5.41067e+07 3.80314e+07 1.60753e+07 1.5935e+07 1.53386e+07 1.46158e+07 1.33902e+07 1.26443e+07 1.13111e+07 1.03098e+07
internal_count=379272 5642 2459 2083 373630 241013 132617 130991 126068 121526 111879 105505 94399 80481
is_linear=0
shrinkage=0.035


Tree=236
num_leaves=15
num_cat=0
split_feature=9 6 14 2 27 12 14 27 2 14 28 31 2 28
split_gain=14876.9 26991 25766.2 32227.5 34462.8 28338.2 25338.5 25885.2 22615.7 20355.6 44523.2 34207.9 29703 18396.2
threshold=0.99785972235981857 7.7025552043685694 1.0038121718465678 4.5000000000000009 14.500000000000002 1.0007257356174135 1.0239625556666898 20.500000000000004 4.5000000000000009 0.94592306406186222 24.500000000000004 1.0000000180025095e-35 1.0000000180025095e-35 32.500000000000007
decision_type=2 2 2 2 2 2 2 2 2 2 2 2 2 2
left_child=1 8 -3 5 -5 6 -4 -8 -1 10 -2 12 -12 -11
right_child=9 2 3 4 -6 -7 7 -9 -10 13 11 -13 -14 -15
leaf_value=0.00013527235918171619 0.00050548402229662348 -1.608833621434709e-05 -0.00093880308549429425 -0.00071529743422364808 0.0011115952879803615 -0.0011085226528387104 0.0001406219317336051 -0.00045531226527555964 -0.00037748097777021519 -0.00010245745867252997 -0.00084438838386158581 0.0018978241550327776 -1.0063362063124067e-05 8.6613525367376412e-05
leaf_weight=8975626.2540309429 3811478.1755814552 2971016.3548431396 674853.41625976562 94117.623718261719 204117.83134460449 574852.7495880127 1021539.2374572754 1194186.8854827881 2716282.2677409649 12421582.250172615 603200.20605707169 334734.01098823547 3639088.261125803 15477907.286715508
leaf_count=76953 30138 7588 2043 251 613 1450 2594 3114 35169 68622 4206 2924 27599 116008
internal_value=-1.00976e-05 -0.000819997 -0.00258497 -0.00450842 0.00653156 -0.00545854 -0.00404708 -0.00223858 0.000196652 0.00040116 0.00191292 -0.000413957 -0.00126391 -5.33814e-05
internal_weight=5.47146e+07 1.84266e+07 6.73468e+06 3.76367e+06 298235 3.46543e+06 2.89058e+06 2.21573e+06 1.16919e+07 3.6288e+07 8.3885e+06 4.57702e+06 4.24229e+06 2.78995e+07
internal_count=379272 129775 17653 10065 864 9201 7751 5708 112122 249497 64867 34729 31805 184630
is_linear=0
shrinkage=0.035


Tree=237
num_leaves=15
num_cat=2
split_feature=10 13 1 0 18 11 9 14 0 28 2 27 1 1
split_gain=14218.7 28076.1 32061.7 20086.6 19254.7 14789.2 14606.8 14602.8 37862.1 23015.7 14479.4 13865.3 27584.2 44059.9
threshold=0.96774241933788463 0.96316597543734361 17.500000000000004 0 1.0000000180025095e-35 0.6961775351891345 1.8201955231013425 0.87774408927532799 1 23.500000000000004 4.5000000000000009 55.500000000000007 7.5000000000000009 16.500000000000004
decision_type=2 2 2 1 2 2 2 2 1 2 2 2 2 2
left_child=4 2 -2 -4 -1 -3 7 8 9 -7 -10 -9 -13 -14
right_child=1 5 3 -5 -6 6 -8 11 10 -11 -12 12 13 -15
leaf_value=0.00052515632316747969 0.00013633307483364003 -0.001542417364235776 -0.0028417634302295158 -0.00078280760637088249 -0.0018116543246990109 0.00084452408653100375 0.0041498611906647907 2.8965185929681415e-05 0.0010359524515940321 -0.0018268587310446593 -0.00068858689896486764 0.00031187471348478722 -0.00033235850221766317 0.0001340626376297303
leaf_weight=2442789.5652213097 433957.13152170181 104073.23330783844 195209.23386287689 385626.31940126419 153218.2617418766 123851.6284198761 99248.838260412216 34805755.995037794 664982.11410689354 221289.47145438194 106622.53254199028 1548336.6917512417 8576216.4052944183 4853405.3891825676
leaf_count=30358 4229 644 1322 3296 2115 1266 1349 208554 4637 1779 1411 24822 53690 39800
internal_value=-7.44724e-06 -0.00013337 -0.00589806 -0.0112754 0.00252062 -1.88963e-05 8.00176e-06 -1.81551e-05 0.00393997 -0.00569576 0.00825004 -0.000106944 -0.000997349 -0.00150735
internal_weight=5.47146e+07 5.21186e+07 1.01479e+06 580836 2.59601e+06 5.11038e+07 5.09997e+07 5.09005e+07 1.11675e+06 345141 771605 4.97837e+07 1.4978e+07 1.34296e+07
internal_count=379272 346799 8847 4618 32473 337952 337308 335959 9093 3045 6048 326866 118312 93490
cat_boundaries=0 2 4
cat_threshold=67108864 262144 67108992 262144
is_linear=0
shrinkage=0.035


Tree=238
num_leaves=15
num_cat=2
split_feature=12 27 0 1 28 11 1 28 9 0 26 9 28 6
split_gain=15016.2 18219.3 26041.5 17260.2 29580 26209 24098.1 33434.6 26471.8 22526.7 17709.2 17241.1 16552.7 19508.8
threshold=0.99856957497856069 58.500000000000007 0 7.5000000000000009 45.500000000000007 1.0844110721613547 14.500000000000002 59.500000000000007 0.98210321523653499 1 1.0000000180025095e-35 0.91001273066168642 1.5000000000000002 7.5610568350046377
decision_type=2 2 1 2 2 2 2 2 2 1 2 2 2 2
left_child=1 3 -3 4 9 -6 7 8 12 -1 -9 -4 -5 -14
right_child=-2 2 11 6 5 -7 -8 10 -10 -11 -12 -13 13 -15
leaf_value=0.0005001431424467446 4.7111924428976432e-05 -7.3133877605099167e-05 -0.0032832871352059412 -0.0022841102560941266 -0.0010274543675291258 0.0014758449585677406 -0.00014635323534296495 0.00051550779759790895 0.00017843977680225131 -0.00055199449612032612 -0.0010428684582729671 -0.00085333196811700305 0.00011072726796668627 -0.00048314565363757168
leaf_weight=501700.07355308533 33875349.617902756 2018977.1153020859 162700.30707335472 171235.65043449402 707087.26010417938 69485.892907142639 7893455.911075592 2461783.9533596039 3075686.7163200378 511389.63369107246 97599.459564208984 1063135.7945239544 1150119.1905384064 954876.23475646973
leaf_count=4959 223546 17553 2370 1523 7955 738 52208 14484 15071 8632 466 17415 9435 2917
internal_value=-1.87577e-05 -0.000758018 -0.00316784 -0.00031359 -0.00357129 -0.00871066 5.52993e-05 0.00142043 -0.000153028 0.000368293 0.00471068 -0.00719177 -0.00301435 -0.00216305
internal_weight=5.47146e+07 2.08392e+07 3.24481e+06 1.75944e+07 1.78966e+06 776573 1.58048e+07 7.9113e+06 5.35192e+06 1.01309e+06 2.55938e+06 1.22584e+06 2.27623e+06 2.105e+06
internal_count=379272 155726 37338 118388 22284 8693 96104 43896 28946 13591 14950 19785 13875 12352
cat_boundaries=0 1 2
cat_threshold=137344 67115008
is_linear=0
shrinkage=0.035


Tree=239
num_leaves=15
num_cat=3
split_feature=14 1 27 1 1 1 7 5 0 1 28 0 0 6
split_gain=13986 24609.3 19035.7 32770.2 23236 49144.7 32016.9 26742.8 24570.6 21627.3 19168.1 20011.4 18062.3 17590
threshold=1.1807223977627761 20.500000000000004 44.500000000000007 18.500000000000004 13.500000000000002 8.5000000000000018 0.99810662197485367 44.500000000000007 0 6.5000000000000009 11.500000000000002 1 2 8.154260424966461
decision_type=2 2 2 2 2 2 2 2 1 2 2 1 1 2
left_child=-1 2 3 9 5 6 8 -7 -4 -2 12 -12 -11 -6
right_child=1 -3 4 -5 13 7 -8 -9 -10 10 11 -13 -14 -15
leaf_value=1.5495498335552575e-05 -0.0019346217041000062 -0.0016939215117650335 -0.0015916704819868386 -0.0010711520328669489 0.00031201911745139266 -0.00032109015276865737 -0.0011974270754183732 -0.0023206642613134375 0.0014826860071844494 0.00019536920965304393 0.0019886465004850624 0.00022513640137196265 -0.0010308408613482398 -0.00062507115840340632
leaf_weight=50297903.953308344 120657.44142484665 255231.83918118477 37681.881865501404 316604.47869682312 619424.59660148621 143445.32775115967 112010.32397627831 334679.85364532471 154786.41247558594 162752.28862762451 439243.20631313324 1422243.1745300293 171731.31887245178 126186.71383666992
leaf_count=350199 2962 4282 440 1824 3432 675 1414 1935 943 432 4416 5556 540 222
internal_value=-1.99211e-05 -0.0019083 -0.00126127 0.000542073 -0.00436856 -0.00858103 0.0024097 -0.01558 0.0110677 0.00198551 0.00277822 0.00416434 -0.00493581 5.29763e-05
internal_weight=5.47146e+07 4.41668e+06 4.16145e+06 2.63323e+06 1.52822e+06 782604 304479 478125 192468 2.31663e+06 2.19597e+06 1.86149e+06 334484 745611
internal_count=379272 29073 24791 15730 9061 5407 2797 2610 1383 13906 10944 9972 972 3654
cat_boundaries=0 2 3 5
cat_threshold=33554560 262144 369098880 67115008 262144
is_linear=0
shrinkage=0.035


Tree=240
num_leaves=15
num_cat=0
split_feature=12 1 1 27 5 13 23 1 27 1 13 23 27 6
split_gain=14295.8 18006.1 46630.5 20459.7 22271.1 17119.6 33254.7 19140.5 16104.4 24766.9 25375.5 30144.9 25205 28793.2
threshold=1.038248653223538 8.5000000000000018 12.500000000000002 30.500000000000004 41.500000000000007 0.9475584086921468 1.0000000180025095e-35 17.500000000000004 55.500000000000007 7.5000000000000009 1.0412602633550088 1.0000000180025095e-35 8.5000000000000018 8.2449829682960445
decision_type=2 2 2 2 2 2 2 2 2 2 2 2 2 2
left_child=5 -2 3 -3 -5 6 -1 -8 9 12 -11 -12 13 -7
right_child=1 2 -4 4 -6 8 7 -9 -10 10 11 -13 -14 -15
leaf_value=0.00020439600387690997 0.0006808705827036351 0.00055168637258332933 0.00038742967968576135 -0.00035108728129368944 -0.0013897455706279127 -0.00060889038970688553 1.7770663711215575e-06 -0.0025454102243998608 -0.00013557729964839128 3.8268948292155101e-05 -0.00036721166257001366 0.0022662173259694876 -8.1419514889731899e-05 -0.001171733295371045
leaf_weight=317017.33699393272 1144390.16574049 285317.06199169159 4374236.110414505 1048855.3017778397 502639.86065673828 851005.95886111259 44970.051339387894 194323.22462749481 11838182.787484407 30752519.392734051 281134.30267548561 384081.47402334213 2606005.5723133087 89904.20947265625
leaf_count=5734 14133 2195 37806 8716 3835 11933 537 920 95746 160026 3140 3061 31356 134
internal_value=-2.49412e-05 0.00141061 0.000667278 -0.00401264 -0.00559671 -0.000247899 -0.0063515 -0.0162007 -0.000175349 0.000202426 0.000515414 0.00727848 -0.00256994 -0.00748011
internal_weight=5.47146e+07 7.35544e+06 6.21105e+06 1.83681e+06 1.5515e+06 4.73591e+07 556311 239293 4.68028e+07 3.49647e+07 3.14177e+07 665216 3.54692e+06 940910
internal_count=379272 66685 52552 14746 12551 312587 7191 1457 305396 209650 166227 6201 43423 12067
is_linear=0
shrinkage=0.035


Tree=241
num_leaves=15
num_cat=0
split_feature=12 9 10 13 1 21 11 28 28 28 1 27 23 27
split_gain=14290.5 18392 16448.5 23428.2 23200.4 22659.1 14945.1 14528.7 38898.4 32862.8 29929.6 24451 63556.3 50879.3
threshold=0.94828230491506205 0.71282979736162122 0.9804322064227694 0.97358451522553902 17.500000000000004 1.0000000180025095e-35 1.0938931410688297 16.500000000000004 9.5000000000000018 17.500000000000004 8.5000000000000018 28.500000000000004 1.0000000180025095e-35 45.500000000000007
decision_type=2 2 2 2 2 2 2 2 2 2 2 2 2 2
left_child=-1 -2 6 4 -4 -6 -3 8 11 -9 -10 -5 13 -13
right_child=1 2 3 7 5 -7 -8 9 10 -11 -12 12 -14 -15
leaf_value=-0.00028361078192744408 0.0019144402584293241 0.00029095349773886357 -1.8660869714447332e-05 0.00014776310171847658 -3.7098705863829746e-06 -0.0013179432347968515 0.004973615739659821 -0.00083459124230655891 -0.00016266640372717843 -1.6983096762959648e-05 0.0004997052547312319 -0.00065345349748397829 -0.00097397753469514439 0.0003334893466066496
leaf_weight=3232943.8521397114 192236.49355506897 3477722.0685441494 960364.22380423546 3947806.8111720085 268743.2498626709 628408.23141717911 71798.513017892838 663641.403642416 904884.34316492081 32686994.487313747 3694968.3801109791 1012417.8364238739 906900.09640693665 2064752.820530653
leaf_count=32923 1165 35871 7674 23989 4259 2647 1323 3900 7086 212884 20217 7120 4364 13850
internal_value=-2.55626e-05 0.000116184 7.56829e-05 -9.52249e-05 -0.0039487 -0.00799568 0.00237433 6.07812e-05 0.00107681 -0.000320998 0.00363742 -0.000408143 -0.00234253 5.73548e-05
internal_weight=5.47146e+07 5.14816e+07 5.12894e+07 4.77399e+07 1.85752e+06 897151 3.54952e+06 4.58824e+07 1.25317e+07 3.33506e+07 4.59985e+06 7.93188e+06 3.98407e+06 3.07717e+06
internal_count=379272 346349 345184 307990 14580 6906 37194 293410 76626 216784 27303 49323 25334 20970
is_linear=0
shrinkage=0.035


Tree=242
num_leaves=15
num_cat=3
split_feature=12 6 1 28 11 14 1 0 0 14 5 6 0 27
split_gain=13549.2 16097.4 16851.1 35160.4 26780.9 25724.4 91364.3 23815.6 22938.6 22322.2 29944 20036.7 19811.6 18424.1
threshold=0.99598734948493073 8.4021674823429802 7.5000000000000009 58.500000000000007 1.0844110721613547 1.0239625556666898 18.500000000000004 0 1 1.0673257521216373 21.500000000000004 6.2682087700536888 2 12.500000000000002
decision_type=2 2 2 2 2 2 2 1 1 2 2 2 1 2
left_child=1 2 3 8 13 7 9 -4 -1 10 -7 -10 -12 -5
right_child=-2 -3 5 4 -6 6 -8 -9 11 -11 12 -13 -14 -15
leaf_value=0.00050092337964343563 3.918217574376016e-05 -0.0003905801516864115 -0.00059920898120269489 -0.0018641416623583588 0.0013992049846346273 6.3214412658047796e-05 -0.0011283745776890322 -3.1451706507709576e-05 0.00079976898984393269 -4.1485208886311101e-05 0.00020044359333354516 -0.00098018630599169755 0.001057339276613975 -0.00086939156998093957
leaf_weight=532712.74709033966 36778695.959841728 553131.35260009766 2385929.9390707016 150131.86121034622 71346.086995840073 957970.5758266449 826008.17429471016 8639966.4967062473 197526.94050598145 928326.37372589111 420420.02537918091 383241.36554718018 1381583.1674575806 507591.74485397339
leaf_count=7435 238759 891 18766 1357 848 4232 7721 63218 10938 5098 2083 2795 7720 7411
internal_value=-1.4887e-05 -0.000803584 -0.00061654 -0.0037813 -0.0097563 -0.000241302 0.00198417 -0.00115247 0.000130979 0.00434052 0.00591966 -0.00468017 0.00857774 -0.0119656
internal_weight=5.47146e+07 1.79359e+07 1.73828e+07 1.84255e+06 729070 1.55402e+07 4.51431e+06 1.10259e+07 1.11348e+06 3.6883e+06 2.75997e+06 580768 1.802e+06 657724
internal_count=379272 140513 139622 30784 9616 108838 26854 81984 21168 19133 14035 13733 9803 8768
cat_boundaries=0 2 3 4
cat_threshold=67108864 262144 268441600 2050
is_linear=0
shrinkage=0.035


Tree=243
num_leaves=15
num_cat=1
split_feature=27 29 1 3 0 19 1 3 27 1 28 1 2 28
split_gain=13683.6 40084 39011.2 52559.2 42680.7 22703.1 50815.1 34374.5 26477.8 28140.6 23734.6 23420.2 25522.1 21466.5
threshold=6.5000000000000009 1.0000000180025095e-35 8.5000000000000018 1.0000000180025095e-35 0 1.0000000180025095e-35 16.500000000000004 1.0000000180025095e-35 1.5000000000000002 19.500000000000004 4.5000000000000009 17.500000000000004 5.5000000000000009 47.500000000000007
decision_type=2 2 2 2 1 2 2 2 2 2 2 2 2 2
left_child=1 2 3 -1 5 6 10 8 9 -8 -4 -7 -13 -12
right_child=-2 -3 4 -5 -6 11 7 -9 -10 -11 13 12 -14 -15
leaf_value=-0.00085758943990219601 2.4762050126356246e-05 -0.00087449227026762169 -0.00045639258702038707 0.0027208414144491914 -0.00060201515375438825 -0.00045144358910802277 -0.0034603079484102294 0.0024321661898217602 -0.00011952550097307523 0.00087322231914000348 0.001004627997639976 0.0013759959090457314 -0.0015314474939083261 0.0003033092511329761
leaf_weight=1252636.6810631752 46469704.233239174 72895.88330578804 266702.25798416138 196626.76384592056 2270460.0084085464 931393.48452377319 153265.79553985596 188906.97461605072 854543.35654449463 57847.333970308304 1058861.0836524963 272725.60093569756 92671.748425960541 575341.60505104065
leaf_count=7950 326246 382 1560 5591 17520 4599 480 1757 3604 636 3200 2033 1026 2688
internal_value=-2.16642e-05 -0.0013357 -0.0011052 -0.0063135 1.75983e-05 0.00200909 0.00361131 -0.0018559 -0.00429516 -0.0153945 0.00721956 -0.00188958 0.00561984 0.00879949
internal_weight=5.47146e+07 8.24488e+06 8.17198e+06 1.44926e+06 6.72272e+06 4.45226e+06 3.15547e+06 1.25456e+06 1.06566e+06 211113 1.9009e+06 1.29679e+06 365397 1.6342e+06
internal_count=379272 53026 52644 13541 39103 21583 13925 6477 4720 1116 7448 7658 3059 5888
cat_boundaries=0 2
cat_threshold=33691648 262144
is_linear=0
shrinkage=0.035


Tree=244
num_leaves=15
num_cat=2
split_feature=31 6 9 0 11 21 6 28 28 27 23 0 14 28
split_gain=13642.1 26502.1 18835.4 15964.6 18565 17436.5 51339.5 25920.9 39917.2 76351.1 29607.2 26853.8 28631.2 22274.4
threshold=1.0000000180025095e-35 6.9806020154335 1.0082365705459606 0 0.81913776604072286 1.0000000180025095e-35 7.6010405196266353 21.500000000000004 32.500000000000007 35.500000000000007 1.0000000180025095e-35 1 1.0429066411824164 59.500000000000007
decision_type=2 2 2 1 2 2 2 2 2 2 2 1 2 2
left_child=3 -2 -3 4 -1 7 -7 11 10 13 -9 -6 -13 -10
right_child=1 2 -4 -5 5 6 -8 8 9 -11 -12 12 -14 -15
leaf_value=-0.0024142606077786552 0.0044123311730734863 -0.0013827704171589597 0.0010303347529153212 1.8380158481994621e-05 0.00059204138371036672 -0.00030632621309469596 -0.0021421164356410184 -0.00078056416379717046 0.0001208485023009753 -0.00093246013794142323 -0.0032750842961608031 0.00033769735332002111 -0.0021358701425881572 0.0016018266986715991
leaf_weight=68403.295829772949 156668.91974830627 162609.64585876465 288644.23516845703 46291900.153808117 1342641.8211324215 1706453.247936964 306603.34655761719 719767.22570896149 836091.00277495384 1268008.9043226242 156292.68575334549 415037.16902971268 198330.99540925026 797130.16206717491
leaf_count=1048 3183 873 1586 296560 8873 21745 881 6442 5712 14839 1014 6416 1995 8105
internal_value=-2.12525e-05 0.00519255 0.00088652 -7.98339e-05 -0.00154308 -0.00138276 -0.00418511 -0.000398803 -0.00209231 -0.000115174 -0.00863986 0.00287155 -0.00319584 0.00488773
internal_weight=5.47146e+07 607923 451254 5.41067e+07 7.81476e+06 7.74636e+06 2.01306e+06 5.7333e+06 3.77729e+06 2.90123e+06 876060 1.95601e+06 613368 1.63322e+06
internal_count=379272 5642 2459 373630 77070 76022 22626 53396 36112 28656 7456 17284 8411 13817
cat_boundaries=0 2 4
cat_threshold=268435456 262144 0 262144
is_linear=0
shrinkage=0.035


Tree=245
num_leaves=15
num_cat=0
split_feature=9 6 14 2 27 12 14 27 2 14 28 31 1 2
split_gain=13440.2 27118.7 22945.1 29894.8 30591.4 26813 25539.6 22630.9 21672.2 18837.4 41604.2 31115.8 28657.7 28286.2
threshold=0.99785972235981857 7.7025552043685694 1.0038121718465678 4.5000000000000009 14.500000000000002 1.0007257356174135 1.0239625556666898 20.500000000000004 4.5000000000000009 0.94592306406186222 24.500000000000004 1.0000000180025095e-35 6.5000000000000009 1.0000000180025095e-35
decision_type=2 2 2 2 2 2 2 2 2 2 2 2 2 2
left_child=1 8 -3 5 -5 6 -4 -8 -1 10 -2 12 -12 -14
right_child=9 2 3 4 -6 -7 7 -9 -10 -11 11 -13 13 -15
leaf_value=0.00013683545914955022 0.00048497016451127747 -1.1952729431020527e-05 -0.00087477300245962617 -0.00071035599206480614 0.0010524077506726445 -0.001065036842764389 0.0001285605110354121 -0.00042516503889525494 -0.00035780397385522933 -7.4964977922793377e-06 0.0018893502511762431 0.0017660886926996473 -0.00089967517059790533 -7.2584005223737453e-05
leaf_weight=8975626.2540309429 3811478.1755814552 2971016.3548431396 674853.41625976562 94117.623718261719 204117.83134460449 574852.7495880127 1021539.2374572754 1194186.8854827881 2716282.2677409649 27899489.536888123 163211.06158900261 334734.01098823547 578855.90929603577 3500221.4962978363
leaf_count=76953 30138 7588 2043 251 613 1450 2594 3114 35169 184630 4347 2924 3623 23835
internal_value=-1.87302e-05 -0.00078853 -0.00255767 -0.00437277 0.00626017 -0.00528786 -0.00391491 -0.00209925 0.00023052 0.000372165 0.00182646 -0.000422852 -0.00123348 -0.00180891
internal_weight=5.47146e+07 1.84266e+07 6.73468e+06 3.76367e+06 298235 3.46543e+06 2.89058e+06 2.21573e+06 1.16919e+07 3.6288e+07 8.3885e+06 4.57702e+06 4.24229e+06 4.07908e+06
internal_count=379272 129775 17653 10065 864 9201 7751 5708 112122 249497 64867 34729 31805 27458
is_linear=0
shrinkage=0.035


Tree=246
num_leaves=15
num_cat=0
split_feature=10 13 1 12 18 2 9 14 1 27 1 1 28 1
split_gain=13481.3 25268.4 28707 20101.5 17820.8 14839 14831.6 15450.7 19143.2 20636.8 25131.3 46848.8 16396.5 48582
threshold=0.96774241933788463 0.96316597543734361 17.500000000000004 0.94976291677804547 1.0000000180025095e-35 3.5000000000000004 0.71282979736162122 1.1807223977627761 19.500000000000004 53.500000000000007 8.5000000000000018 13.500000000000002 53.500000000000007 19.500000000000004
decision_type=2 2 2 2 2 2 2 2 2 2 2 2 2 2
left_child=4 2 -2 -3 -1 -4 -5 12 9 -9 -11 -12 -8 -14
right_child=1 3 5 6 -6 -7 7 8 -10 10 11 -13 13 -15
leaf_value=0.00051418041717289425 0.00015152666923052969 -0.0003724040282807148 -0.00019116753036391124 0.001791030402775681 -0.0016753246741264965 -0.001583152503507886 -1.1598240843501672e-05 9.8194687971943932e-06 -0.0011127969288597126 0.00074441531990753341 -0.0023489843089117492 -0.00017619866517264404 0.00025413718021105011 -0.00069126804805466581
leaf_weight=2442789.5652213097 433957.13152170181 2310345.825221777 143471.07531690598 181454.34056806564 153218.2617418766 437364.47794723511 33216342.397190809 2937050.2275874615 404032.30581450462 152197.48218727112 239592.21075820923 321484.01190185547 10071863.691403866 1269419.8067235947
leaf_count=30358 4229 20912 2733 1103 2115 1885 200879 16326 4835 1340 1366 1590 71234 18367
internal_value=-1.8558e-05 -0.000141172 -0.00561003 -3.25733e-05 0.00244309 -0.0106982 0.000118474 8.11919e-05 -0.00198737 -0.00118724 -0.00652732 -0.00994898 0.000269414 0.00141843
internal_weight=5.47146e+07 5.21186e+07 1.01479e+06 5.11038e+07 2.59601e+06 580836 4.87934e+07 4.8612e+07 4.05436e+06 3.65032e+06 713274 561076 4.45576e+07 1.13413e+07
internal_count=379272 346799 8847 337952 32473 4618 317040 315937 25457 20622 4296 2956 290480 89601
is_linear=0
shrinkage=0.035


Tree=247
num_leaves=15
num_cat=2
split_feature=27 29 6 0 2 30 27 2 28 14 28 0 5 28
split_gain=13265.8 37234.9 36561.1 53880.9 25001.8 20450.4 17514 26465.5 33168.8 26182 31524.5 61480.4 38498.1 36480.4
threshold=6.5000000000000009 1.0000000180025095e-35 8.2449829682960445 0 1.5000000000000002 1.0000000180025095e-35 55.500000000000007 5.5000000000000009 22.500000000000004 1.0038121718465678 52.500000000000007 1 47.500000000000007 25.500000000000004
decision_type=2 2 2 1 2 2 2 2 2 2 2 1 2 2
left_child=1 2 3 -1 -4 6 -2 9 -9 10 13 -12 -13 -8
right_child=5 -3 4 -5 -6 -7 7 8 -10 -11 11 12 -14 -15
leaf_value=0.00018712118056905171 7.3730077821549444e-05 -0.00084386003050287213 -0.00011048989319454374 -0.00066254756992438111 -0.00090307112990396234 -0.0038288621811827656 0.00010746065210048341 -0.00078738239972210231 0.00099861283694584538 -0.00042954956672585856 -0.0023353632416093298 0.0010015480642459021 -0.00012358088167848937 -0.00036715051382085268
leaf_weight=4865554.3661270142 29786489.413872242 72895.88330578804 241953.76715087891 2732621.9641156197 331852.59716796875 39788.876190900803 4495234.8972239494 337650.68838763237 1157646.6134023666 3922194.7076289654 276655.54732990265 1369026.7115776539 700318.9242670536 4384697.8533585072
leaf_count=28461 187987 382 350 23394 439 374 33053 4775 16503 29772 2188 12094 5490 34010
internal_value=-1.80132e-05 -0.00131184 -0.00108967 -0.000446327 -0.00960854 0.000211544 0.00023304 -0.00067635 0.00376588 -0.00111485 -0.000254762 0.00335369 0.00542539 -0.00120809
internal_weight=5.47146e+07 8.24488e+06 8.17198e+06 7.59818e+06 573806 4.64697e+07 4.64299e+07 1.66434e+07 1.4953e+06 1.51481e+07 1.12259e+07 2.346e+06 2.06935e+06 8.87993e+06
internal_count=379272 53026 52644 51855 789 326246 325872 137885 21278 116607 86835 19772 17584 67063
cat_boundaries=0 2 4
cat_threshold=33691648 262144 0 262144
is_linear=0
shrinkage=0.035


Tree=248
num_leaves=15
num_cat=3
split_feature=12 27 14 0 6 0 27 28 2 1 28 1 0 5
split_gain=13421.2 16180.1 26810.3 19318.9 17980 26281.6 43487.3 30391.6 18913.5 17794.4 30325.3 23378.8 20830.5 22800.8
threshold=0.99795850249756912 59.500000000000007 0.94592306406186222 0 7.5026273891041511 1 37.500000000000007 10.500000000000002 5.5000000000000009 7.5000000000000009 31.500000000000004 18.500000000000004 2 44.500000000000007
decision_type=2 2 2 1 2 1 2 2 2 2 2 2 1 2
left_child=1 4 3 -3 8 -6 -7 -8 9 -1 12 -12 13 -11
right_child=-2 2 -4 -5 5 6 7 -9 -10 10 11 -13 -14 -15
leaf_value=-0.00037931181801790012 4.0634430755464898e-05 0.00062020607581736713 -0.00078703757302671731 -0.00044401706996649825 -3.3493358931200435e-05 -0.00072394822536671062 -0.0007013443658499775 0.0017365563481780951 -0.00047880713446538304 7.9500306602374614e-05 0.00078801865357757685 -0.00011003010018932072 -0.00043026753885652252 0.0016364948604519773
leaf_weight=1096059.5387849808 34779907.997428894 588450.23374819756 1698933.2934539318 767876.2150785923 6128987.4458770752 1504390.2924957275 123649.1789855957 148805.42262268066 1176963.837043047 1155004.9688010216 2612605.9509124756 812273.49354696274 1834787.2681350708 285887.67419219017
leaf_count=16996 227606 5119 19425 11569 17609 5380 332 510 15605 11141 19679 9627 15579 3095
internal_value=-1.88833e-05 -0.000742938 -0.00308667 0.00058278 -0.000318709 -0.00153572 -0.0052836 0.00758258 0.000753488 0.0013778 0.00205406 0.00435679 -0.00035355 0.00279595
internal_weight=5.47146e+07 1.99347e+07 3.05526e+06 1.35633e+06 1.68794e+07 7.90583e+06 1.77684e+06 272455 8.97358e+06 7.79662e+06 6.70056e+06 3.42488e+06 3.27568e+06 1.44089e+06
internal_count=379272 151666 36113 16688 115553 23831 6222 842 91722 76117 59121 29306 29815 14236
cat_boundaries=0 2 4 5
cat_threshold=133120 262144 135296 262144 33691650
is_linear=0
shrinkage=0.035


Tree=249
num_leaves=15
num_cat=1
split_feature=12 13 23 18 8 14 1 21 6 0 6 1 28 27
split_gain=13289.5 17529.7 26574.7 16548 16916.2 16239.9 17770.4 17461.4 44434.8 51558 41719.7 57786 60085.9 37476.3
threshold=1.0735452706511159 1.0479217476729314 1.0000000180025095e-35 1.0000000180025095e-35 0.91651745689465181 1.1807223977627761 21.500000000000004 1.0000000180025095e-35 8.4911077780067021 0 6.6508629622289659 17.500000000000004 4.5000000000000009 47.500000000000007
decision_type=2 2 2 2 2 2 2 2 2 1 2 2 2 2
left_child=1 5 -3 4 -2 7 -7 -1 9 13 -11 12 -12 -9
right_child=3 2 -4 -5 -6 6 -8 8 -10 10 11 -13 -14 -15
leaf_value=3.6735993785967594e-05 0.0049849513174177618 -0.00032307382931161331 0.0017216432972915205 -0.002904249914668258 0.00034398303421587098 -0.0002180476969621118 -0.0027399287308799833 0.00035525245889017946 -0.00079752375786223202 0.00042425230860257363 -0.0029065354817644539 -0.0013556433731391291 -0.00015056475346557818 -0.0002460051962273571
leaf_weight=34522954.479809284 94827.705446958542 340751.29424715042 390935.68428301811 73802.013613700867 2644995.2806954384 3757127.5182385445 94118.670230388641 3487839.4955399036 184902.33447265625 1661428.6936810017 291928.05390167236 1154364.5754852295 4212915.9809875488 1801691.0304739475
leaf_count=222733 1245 5409 4594 753 27790 21738 2219 19134 226 33308 2123 5882 20636 11482
internal_value=-1.74015e-05 -0.000144405 0.00523466 0.00232534 0.0027659 -0.000221323 -0.00240691 -4.34369e-05 -0.00114784 -0.000898073 -0.00280042 -0.00423204 -0.0024417 0.00173475
internal_weight=5.47146e+07 5.1901e+07 731687 2.81362e+06 2.73982e+06 5.11693e+07 3.85125e+06 4.7318e+07 1.27951e+07 1.26102e+07 7.32064e+06 5.65921e+06 4.50484e+06 5.28953e+06
internal_count=379272 349484 10003 29788 29035 339481 23957 315524 92791 92565 61949 28641 22759 30616
cat_boundaries=0 1
cat_threshold=33687552
is_linear=0
shrinkage=0.035


end of trees

feature_importances:
hour=546
route=474
days_since_holiday=402
season=335
days_to_holiday=265
log_base=234
ratio_ew_median_28d=203
dow=134
ratio_ew_mean_7d=112
ratio_adaptive_dow_25=109
event_closure=107
horizon=83
event_merge=73
ratio_median_56d=68
event_age=62
kind=46
off_1=43
off_2=39
off_-1=34
holiday_-1=27
holiday_-2=26
ratio_median_28d=25
off_-2=21
ratio_ew_median_14d=12
off_-3=7
holiday_-3=4
holiday_3=4
ratio_median_14d=2
event_detour=2
holiday_1=1

parameters:
[boosting: gbdt]
[objective: regression_l1]
[metric: l1]
[tree_learner: serial]
[device_type: cpu]
[data_sample_strategy: bagging]
[data: ]
[valid: ]
[num_iterations: 250]
[learning_rate: 0.035]
[num_leaves: 15]
[num_threads: 4]
[seed: 2026]
[deterministic: 1]
[force_col_wise: 1]
[force_row_wise: 0]
[histogram_pool_size: -1]
[max_depth: -1]
[min_data_in_leaf: 250]
[min_sum_hessian_in_leaf: 0.001]
[bagging_fraction: 1]
[pos_bagging_fraction: 1]
[neg_bagging_fraction: 1]
[bagging_freq: 0]
[bagging_seed: 26038]
[bagging_by_query: 0]
[feature_fraction: 0.9]
[feature_fraction_bynode: 1]
[feature_fraction_seed: 28694]
[extra_trees: 0]
[extra_seed: 4728]
[early_stopping_round: 0]
[early_stopping_min_delta: 0]
[first_metric_only: 0]
[max_delta_step: 0]
[lambda_l1: 0]
[lambda_l2: 10]
[linear_lambda: 0]
[min_gain_to_split: 0]
[drop_rate: 0.1]
[max_drop: 50]
[skip_drop: 0.5]
[xgboost_dart_mode: 0]
[uniform_drop: 0]
[drop_seed: 5409]
[top_rate: 0.2]
[other_rate: 0.1]
[min_data_per_group: 100]
[max_cat_threshold: 32]
[cat_l2: 10]
[cat_smooth: 10]
[max_cat_to_onehot: 4]
[top_k: 20]
[monotone_constraints: ]
[monotone_constraints_method: basic]
[monotone_penalty: 0]
[feature_contri: ]
[forcedsplits_filename: ]
[refit_decay_rate: 0.9]
[cegb_tradeoff: 1]
[cegb_penalty_split: 0]
[cegb_penalty_feature_lazy: ]
[cegb_penalty_feature_coupled: ]
[path_smooth: 0]
[interaction_constraints: ]
[verbosity: -1]
[saved_feature_importance_type: 0]
[use_quantized_grad: 0]
[num_grad_quant_bins: 4]
[quant_train_renew_leaf: 0]
[stochastic_rounding: 1]
[linear_tree: 0]
[max_bin: 255]
[max_bin_by_feature: ]
[min_data_in_bin: 3]
[bin_construct_sample_cnt: 200000]
[data_random_seed: 6654]
[is_enable_sparse: 1]
[enable_bundle: 1]
[use_missing: 1]
[zero_as_missing: 0]
[feature_pre_filter: 1]
[pre_partition: 0]
[two_round: 0]
[header: 0]
[label_column: ]
[weight_column: ]
[group_column: ]
[ignore_column: ]
[categorical_feature: 0]
[forcedbins_filename: ]
[precise_float_parser: 0]
[parser_config_file: ]
[objective_seed: 199]
[num_class: 1]
[is_unbalance: 0]
[scale_pos_weight: 1]
[sigmoid: 1]
[boost_from_average: 1]
[reg_sqrt: 0]
[alpha: 0.9]
[fair_c: 1]
[poisson_max_delta_step: 0.7]
[tweedie_variance_power: 1.5]
[lambdarank_truncation_level: 30]
[lambdarank_norm: 1]
[label_gain: ]
[lambdarank_position_bias_regularization: 0]
[eval_at: ]
[multi_error_top_k: 1]
[auc_mu_weights: ]
[num_machines: 1]
[local_listen_port: 12400]
[time_out: 120]
[machine_list_filename: ]
[machines: ]
[gpu_platform_id: -1]
[gpu_device_id: -1]
[gpu_use_dp: 0]
[num_gpu: 1]

end of parameters

pandas_categorical:[]
