tree
version=v4
num_class=1
num_tree_per_iteration=1
label_index=0
max_feature_idx=46
objective=regression_l1
feature_names=route hour dow kind holiday horizon log_base ratio_median_14d ratio_median_28d ratio_median_56d ratio_ew_median_14d ratio_ew_mean_7d ratio_ew_median_28d ratio_adaptive_dow_25 season off_-3 holiday_-3 off_-2 holiday_-2 off_-1 holiday_-1 off_1 holiday_1 off_2 holiday_2 off_3 holiday_3 days_to_holiday days_since_holiday event_closure event_detour event_merge event_night_limit event_restore event_network event_age temperature_2m precipitation snowfall wind_speed_10m precipitation_3h precipitation_12h precipitation_24h snowfall_3h snowfall_12h snowfall_24h temperature_change_6h
feature_infos=-1:17:7:12:50:11:26:1:28:25 [0:23] [0:6] [0:2] [0:1] [1:61] [1.7918662155723097:8.7731972799004669] [0.055683354954125089:5] [0.20617283950617285:1.3506632671262662] [0.37480921136483825:5] [0.055683354954125089:1.8545619584070134] [0.54171861701991297:5] [0.39647423869377957:5] [0.40980209684632818:1.5341012240043834] [0.87730535302650725:1.2571740357972216] [0:1] [0:1] [0:1] [0:1] [0:1] [0:1] [0:1] [0:1] [0:1] [0:1] [0:1] [0:1] [0:60] [0:60] [0:1] [0:1] [0:1] none none none [0:90] [-16:35.100000000000001] [0:8.6999999999999993] [0:1.96] [0.20000000000000001:28.699999999999999] [0:18.400000000000002] [0:30.400000000000002] [0:31.300000000000001] [0:3.29] [0:6.9299999999999997] [0:10.43] [-9.5999999999999996:13.1]
tree_sizes=1850 1882 1889 1888 1872 1890 1884 1891 1874 1891 1901 1892 1886 1874 1862 1889 1880 1881 1872 1876 1884 1873 1879 1873 1875 1868 1884 1878 1879 1858 1860 1894 1858 1877 1899 1883 1891 1865 1875 1869 1862 1897 1871 1879 1884 1895 1829 1873 1892 1875 1866 1866 1875 1866 1876 1873 1877 1875 1864 1868 1859 1868 1865 1879 1873 1880 1869 1869 1884 1901 1885 1880 1889 1893 1900 1897 1901 1882 1868 1891 1877 1881 1894 1880 1877 1870 1895 1911 1901 1892 1872 1892 1897 1899 1894 1891 1894 1903 1878 1906 1870 1905 1913 1880 1895 1904 1897 1907 1878 1880 1885 1882 1903 1872 1905 1889 1883 1865 1895 1896 1893 1895 1882 1896 1896 1892 1890 1869 1879 1906 1887 1888 1882 1900 1882 1905 1913 1906 1915 1892 1873 1884 1888 1862 1895 1882 1913 1880 1903 1905 1903 1893 1876 1875 1872 1892 1919 1901 1895 1906 1878 1894 1904 1871 1887 1907 1855 1872 1900 1902 1854 1889 1874 1906 1888 1840 1880 1886 1877 1880 1896 1874 1886 1901 1892 1884 1885 1876 1875 1902 1905 1910 1852 1870 1871 1891 1848 1884 1858 1880 1895 1862 1913 1903 1881 1907 1893 1865 1873 1891 1890 1878 1881 1893 1878 1857 1847 1883 1869 1876 1892 1872 1887 1866 1854 1860 1856 1875 1823 1845 1875 1871 1895 1900 1882 1882 1854 1861 1901 1853 1907 1869 1843 1881 1865 1883 1895 1881 1875 1874

Tree=0
num_leaves=15
num_cat=3
split_feature=27 14 12 28 31 0 0 28 1 13 6 0 5 35
split_gain=1.19431e+06 2.25481e+06 1.43629e+06 488994 547023 412052 406632 402435 474670 335249 308207 237630 207467 171736
threshold=59.500000000000007 1.0673257521216373 1.0027485388641131 59.500000000000007 1.0000000180025095e-35 0 1 44.500000000000007 17.500000000000004 1.0002779843311831 7.377798528785223 2 30.500000000000004 33.000000000000007
decision_type=2 2 2 2 2 1 1 2 2 2 2 1 2 2
left_child=1 9 11 4 6 -5 10 -4 -9 13 -2 -3 -7 -1
right_child=3 2 7 5 -6 12 -8 8 -10 -11 -12 -13 -14 -15
leaf_value=-0.04879090988399358 -0.018001075239273395 -0.020542769557855729 -0.021730741989011267 -0.026317735049908791 -0.012880403130194385 -0.016972216962021201 -0.02340210309332387 -0.016732820107098968 -0.021662202883985671 -0.017269181099010659 -0.020692220516889692 -0.022668172889506802 -0.019446229664697584 -0.01838886710089814
leaf_weight=162611.50476312637 1373405.4038836956 1358189.4645192623 837759.12520217896 523730.05924272537 607922.80077552795 1843360.7608888149 4678793.0177438259 3519972.4944336414 1069475.182997942 12283469.240378618 4715051.549697876 5283692.2336187363 2189024.5849680901 14268125.387992382
leaf_count=1448 16221 7723 3485 4262 5642 16464 55690 24353 9449 81842 16239 20385 17360 98709
internal_value=-0.0191607 -0.0158465 -0.028402 -0.0272288 -0.0311096 -0.0175399 -0.0329333 -0.015045 -0.010973 -0.0101741 -0.0269707 -0.0393163 -0.0137465 -0.0137915
internal_weight=5.47146e+07 3.87833e+07 1.20691e+07 1.59313e+07 1.13752e+07 4.55612e+06 1.07672e+07 5.42721e+06 4.58945e+06 2.67142e+07 6.08846e+06 6.64188e+06 4.03239e+06 1.44307e+07
internal_count=379272 247394 65395 131878 93792 38086 88150 37287 33802 181999 32460 28108 33824 100157
cat_boundaries=0 2 3 4
cat_threshold=0 262144 137216 100663424
is_linear=0
shrinkage=1


Tree=1
num_leaves=15
num_cat=3
split_feature=27 14 12 28 0 0 28 1 13 35 1 0 5 39
split_gain=1.12767e+06 2.15636e+06 1.35849e+06 459210 516443 395207 376976 416737 318532 290174 262473 228549 195536 188811
threshold=59.500000000000007 1.0673257521216373 1.0027485388641131 59.500000000000007 0 1 37.500000000000007 17.500000000000004 1.0030281344136667 70.000000000000014 17.500000000000004 2 30.500000000000004 13.050000000000002
decision_type=2 2 2 2 1 1 2 2 2 2 2 1 2 2
left_child=1 8 11 4 9 -5 -4 -8 13 -2 -11 -3 -7 -1
right_child=3 2 6 5 -6 12 7 -9 -10 10 -12 -13 -14 -15
leaf_value=0.0010590818347647297 0.0052239140380505641 -0.0013313217602078391 -0.0027909138480018856 -0.0069041634600390421 -0.0043828045213260827 0.0021142614947724822 0.0022213329064018367 -0.0023684641324502398 0.0020103237045365104 -0.0015856951463908214 0.00061898558079039111 -0.0033823359752511249 -0.00027316076331022855 -9.4222005106349907e-05
leaf_weight=12345683.376481295 647711.67696642876 1358189.4645192623 668675.90003871918 523730.05924272537 4132198.9247961044 1843360.7608888149 3655450.8220281601 1103080.0805668831 10124803.040009022 4905713.2187831402 1689548.9515552521 5283692.2336187363 2189024.5849680901 4243719.7166438103
leaf_count=85039 6016 7723 2518 4262 50899 16464 25060 9709 70361 26293 10584 20385 17360 26599
internal_value=-4.60448e-05 0.00317436 -0.009104 -0.00788583 -0.0116465 0.00150341 0.00388624 0.00734411 0.00872154 -0.00601356 -0.00820897 -0.0197185 0.00521842 0.0057358
internal_weight=5.47146e+07 3.87833e+07 1.20691e+07 1.59313e+07 1.13752e+07 4.55612e+06 5.42721e+06 4.75853e+06 2.67142e+07 7.24297e+06 6.59526e+06 6.64188e+06 4.03239e+06 1.65894e+07
internal_count=379272 247394 65395 131878 93792 38086 37287 34769 181999 42893 36877 28108 33824 111638
cat_boundaries=0 2 4 5
cat_threshold=137216 262144 0 262144 100663424
is_linear=0
shrinkage=0.035


Tree=2
num_leaves=15
num_cat=2
split_feature=27 14 12 29 40 1 36 13 31 0 14 2 0 12
split_gain=1.04704e+06 2.04972e+06 1.28262e+06 389974 359269 313805 366544 300835 264397 261743 228500 177329 176192 165940
threshold=59.500000000000007 1.0673257521216373 1.0027485388641131 1.0000000180025095e-35 0.4500000000000009 17.500000000000004 0.95000000000000007 1.0002779843311831 1.0000000180025095e-35 0 1.1228774058946247 5.5000000000000009 1 1.1062262025742085
decision_type=2 2 2 2 2 2 2 2 2 1 2 2 1 2
left_child=1 7 10 4 8 6 -4 -1 9 11 -3 -2 -7 -11
right_child=3 2 5 -5 -6 12 -8 -9 -10 13 -12 -13 -14 -15
leaf_value=0.00068040088679527323 -0.00041183393173105479 -0.00079867937516734028 -0.0028674145215370366 -0.018156729197781624 -0.0029009743156679633 -0.0035095496248829243 0.0020579255865256683 0.0017696491015079725 0.0072349246740538078 -0.0028359189880260379 -0.0033430045586937641 0.0027290447052413132 0.00069294905095107213 0.0033438867695431691
leaf_weight=14430736.892755508 7343501.9428770542 1174474.1471116543 448086.67002415657 663803.22827339172 2920678.9693045616 728618.38025474548 3713429.4441671371 12283469.240378618 483642.86970233917 3432572.9001886845 5467407.5510263443 760599.89650893211 537072.30818772316 326488.3703455925
leaf_count=100157 42587 7516 1368 5837 20167 3254 25400 81842 4752 46020 20592 7882 7265 4633
internal_value=-0.000100516 0.00300263 -0.00896826 -0.00765484 -0.00651301 0.00365399 0.00829537 0.0084109 -0.00390169 -0.00493584 -0.0192821 -0.0013951 -0.0116066 -0.0125692
internal_weight=5.47146e+07 3.87833e+07 1.20691e+07 1.59313e+07 1.52675e+07 5.42721e+06 4.16152e+06 2.67142e+07 1.23468e+07 1.18632e+07 6.64188e+06 8.1041e+06 1.26569e+06 3.75906e+06
internal_count=379272 247394 65395 131878 126041 37287 26768 181999 105874 101122 28108 50469 10519 50653
cat_boundaries=0 1 2
cat_threshold=137218 137216
is_linear=0
shrinkage=0.035


Tree=3
num_leaves=15
num_cat=2
split_feature=27 14 28 1 28 0 14 0 31 35 11 14 1 1
split_gain=986055 1.96187e+06 1.1793e+06 575997 437543 471620 381025 375587 310121 285638 268568 252811 246366 236654
threshold=59.500000000000007 1.0673257521216373 44.500000000000007 17.500000000000004 59.500000000000007 0 1.1228774058946247 1 1.0000000180025095e-35 46.000000000000007 1.0447455011690681 0.91445908622183281 17.500000000000004 6.5000000000000009
decision_type=2 2 2 2 2 1 2 1 2 2 2 2 2 2
left_child=1 9 6 13 5 8 -3 -6 12 -1 11 -11 -2 -4
right_child=4 2 3 -5 7 -7 -8 -9 -10 10 -12 -13 -14 -15
leaf_value=-0.014714039647797522 -0.0015172883596345805 -0.00039789279422109103 -0.003582787442953646 -0.0032970890273370818 -0.006564441015576873 -0.0041471578503908006 -0.0033036295468887797 0.00081270006757539056 0.0057012612332388362 0.0030861103514412632 0.0037185287378244691 0.00073240431258829182 0.00060039067213261499 0.0017499360514079808
leaf_weight=306051.25786066055 4935879.1771845818 1228030.4412660599 280334.12701392174 1647877.2835693359 523730.05924272537 4132198.9247961044 4655606.1181130409 4032385.345856905 607922.80077552795 2913801.7306776047 3129450.5221817493 20364902.622414112 1699171.8693447113 4257240.5308094025
leaf_count=3707 26559 8298 7504 13822 4262 50899 10427 33824 5642 22224 33523 122545 10692 25344
internal_value=-0.000162346 0.00284907 -0.00886248 0.00180792 -0.00749336 -0.0111642 -0.0200802 0.00167169 -0.00578129 0.00814017 0.00852979 0.00723564 -0.00797348 0.00824432
internal_weight=5.47146e+07 3.87833e+07 1.20691e+07 6.18545e+06 1.59313e+07 1.13752e+07 5.88364e+06 4.55612e+06 7.24297e+06 2.67142e+07 2.64082e+07 2.32787e+07 6.63505e+06 4.53757e+06
internal_count=379272 247394 65395 46670 131878 93792 18725 38086 42893 181999 178292 144769 37251 32848
cat_boundaries=0 2 4
cat_threshold=137216 262144 0 262144
is_linear=0
shrinkage=0.035


Tree=4
num_leaves=15
num_cat=2
split_feature=27 36 12 12 35 11 28 0 0 6 13 6 5 31
split_gain=916983 674364 437403 445336 421372 423878 408089 445375 354630 293079 197333 191580 187198 183524
threshold=59.500000000000007 1.4500000000000002 0.99976021955559136 1.0004791872870029 70.000000000000014 1.0458521031309849 59.500000000000007 0 1 7.2093631244176892 1.0002779843311831 8.0190051282524646 30.500000000000004 1.0000000180025095e-35
decision_type=2 2 2 2 2 2 2 1 1 2 2 2 2 2
left_child=1 2 -1 -4 -3 10 7 9 -8 -2 -6 -5 -10 -11
right_child=6 4 3 11 5 -7 8 -9 12 13 -12 -13 -14 -15
leaf_value=0.00057263301181173531 0.0017452013891235661 -0.021236105513166233 -0.0026747295044491442 0.0008663056651556306 0.00023310122215018894 0.0038579551130220905 -0.0063346855800316838 -0.0040020073256271226 0.0020328148299813536 -0.0013516912646418925 0.0011352199321220729 -0.001723197588344032 -0.00025125271111631496 0.0041038249369957465
leaf_weight=3391328.994738102 1426412.3652033806 569734.18368840218 3670689.413643837 1776884.8188216686 13892132.080813885 3393339.6650071144 523730.05924272537 4132198.9247961044 1843360.7608888149 5513782.6289215088 11437830.541584969 651354.93560791016 2189024.5849680901 302778.85317993164
leaf_count=15653 20883 7513 10314 9054 94957 36629 4262 50899 16464 20571 72575 699 17360 1439
internal_value=-0.000189938 0.00271409 -0.00539432 -0.0109974 0.00534102 0.00593223 -0.00725952 -0.0108047 0.00159166 -0.00557367 0.00437602 0.000630805 0.00511079 -0.00906019
internal_weight=5.47146e+07 3.87833e+07 9.49026e+06 6.09893e+06 2.9293e+07 2.87233e+07 1.59313e+07 1.13752e+07 4.55612e+06 7.24297e+06 2.533e+07 2.42824e+06 4.03239e+06 5.81656e+06
internal_count=379272 247394 35720 20067 211674 204161 131878 93792 38086 42893 167532 9753 33824 22010
cat_boundaries=0 2 4
cat_threshold=137216 262144 0 262144
is_linear=0
shrinkage=0.035


Tree=5
num_leaves=15
num_cat=3
split_feature=14 27 12 29 40 0 19 1 28 0 13 31 0 28
split_gain=899960 1.79619e+06 1.24995e+06 388767 337342 334695 280457 272815 334040 246314 230466 220059 291920 238123
threshold=1.0673257521216373 59.500000000000007 1.0027485388641131 1.0000000180025095e-35 0.55000000000000149 0 1.0000000180025095e-35 17.500000000000004 52.500000000000007 1 0.9871557775354286 1.0000000180025095e-35 2 59.500000000000007
decision_type=2 2 2 2 2 1 2 2 2 1 2 2 1 2
left_child=1 6 9 4 11 -4 10 8 -7 -2 -1 12 13 -3
right_child=2 3 5 -5 -6 7 -8 -9 -10 -11 -12 -13 -14 -15
leaf_value=0.00020415111877478538 -0.00093854563384791138 -0.00057661105618992856 0.0036283394802346922 -0.017236022894698638 -0.0027819879229609057 -0.0025364692717217458 0.00026145804998496658 -0.0030203159930086592 0.00095368146626418433 -0.0030435036222802815 0.0015510492081561803 0.0064974321484994359 -0.0024386802371779222 0.0012506117989607749
leaf_weight=3086544.7528078556 1368656.1857347488 5643120.4154212475 2165665.9124035835 663803.22827339172 2697265.0770709515 484041.23134827614 7341210.203879118 917754.68197822571 2679837.3848488331 5400701.6810493469 16286451.176447153 490058.60506916046 3497675.3518955708 1991796.9228789806
leaf_count=23731 7932 35540 25652 5837 18538 1293 60551 4300 11329 21289 97717 4788 48014 12761
internal_value=-0.000205074 0.00230289 -0.00823914 -0.00739659 -0.00618276 0.00305081 0.00774322 -0.0028502 0.00202328 -0.0186584 0.0099508 -0.00359488 -0.00460533 -0.000769218
internal_weight=5.47146e+07 4.16979e+07 1.30167e+07 1.49837e+07 1.43199e+07 6.2473e+06 2.67142e+07 4.08163e+06 3.16388e+06 6.76936e+06 1.9373e+07 1.16227e+07 1.11326e+07 7.63492e+06
internal_count=379272 307477 71795 125478 119641 42574 181999 16922 12622 29221 121448 101103 96315 48301
cat_boundaries=0 1 2 3
cat_threshold=369098882 100663424 137218
is_linear=0
shrinkage=0.035


Tree=6
num_leaves=15
num_cat=3
split_feature=14 27 12 29 28 1 40 13 0 0 2 31 0 28
split_gain=874748 1.68135e+06 1.18125e+06 387815 322893 323030 310157 271970 238372 237383 208748 189471 228221 178093
threshold=1.0673257521216373 59.500000000000007 1.0027485388641131 1.0000000180025095e-35 30.500000000000004 18.500000000000004 0.4500000000000009 1.0030281344136667 0 1 5.5000000000000009 1.0000000180025095e-35 2 59.500000000000007
decision_type=2 2 2 2 2 2 2 2 1 1 2 2 1 2
left_child=1 7 9 6 -4 8 10 -1 -6 -2 11 12 13 -3
right_child=2 3 4 -5 5 -7 -8 -9 -10 -11 -12 -13 -14 -15
leaf_value=0.0006351799658874792 -0.00090569653666323446 -0.00071587411888052416 -0.0030254107634282803 -0.016632762093384185 0.0061245083613626827 -0.0028987128093102741 -0.0025960407831280364 0.0017524686881110489 0.00058099806427971902 -0.0029369809955004707 0.002194787887712052 0.0054842167681709028 -0.0025017652231149497 0.00088126003615550787
leaf_weight=16589403.093125105 1368656.1857347488 4998986.7557947636 426878.25172281265 663803.22827339172 1248680.6343972683 851745.15485405922 2920678.9693045616 10124803.040009022 3719995.1696047783 5400701.6810493469 1131455.0756750107 439736.62202835083 3096809.8302075863 1732249.1193256378
leaf_count=111638 7932 29200 1240 5837 15198 9436 20167 70361 16700 21289 16661 3858 39276 10479
internal_value=-0.000247224 0.00222536 -0.00816795 -0.00715893 0.00280737 0.00496228 -0.00594659 0.00748891 0.00837615 -0.0182968 -0.00333928 -0.00491153 -0.00591723 -0.00229959
internal_weight=5.47146e+07 4.16979e+07 1.30167e+07 1.49837e+07 6.2473e+06 5.82042e+06 1.43199e+07 2.67142e+07 4.96868e+06 6.76936e+06 1.13992e+07 1.02678e+07 9.82805e+06 6.73124e+06
internal_count=379272 307477 71795 125478 42574 41334 119641 181999 31898 29221 99474 82813 78955 39679
cat_boundaries=0 1 2 3
cat_threshold=369098880 100663424 137218
is_linear=0
shrinkage=0.035


Tree=7
num_leaves=15
num_cat=2
split_feature=29 14 28 27 1 0 42 11 14 39 31 3 0 36
split_gain=858173 865987 1.48764e+06 1.25054e+06 608234 351455 294856 283368 283112 200777 190881 187733 161076 158355
threshold=1.0000000180025095e-35 1.1228774058946247 44.500000000000007 59.500000000000007 18.500000000000004 0 1.7999999999999992 1.0447455011690681 0.91445908622183281 13.050000000000002 1.0000000180025095e-35 1.0000000180025095e-35 1 28.250000000000004
decision_type=2 2 2 2 2 1 2 2 2 2 2 2 1 2
left_child=1 3 12 7 5 -4 13 8 11 -10 -8 -1 -3 -5
right_child=-2 2 4 6 -6 -7 10 -9 9 -11 -12 -13 -14 -15
leaf_value=0.0032978334606600162 -0.016836256209799796 -0.0019165145360660395 0.006813653882828603 -2.354741111088749e-05 -0.0039816994017303061 0.00039581922638101598 -0.0018964453799991592 0.0033454662049310761 0.00077609910981384035 -0.00023213822771120287 0.0052676731175367282 0.00020900934357926632 -0.0032235650321011597 -0.0031394436961553721
leaf_weight=2171678.3374943733 1194576.656857729 1686473.9853739738 1203864.4681410789 7847871.6710045338 1182605.5345771313 4199672.04250741 5336841.7134373188 3238432.8311550617 16662649.388726234 5124827.283135891 271841.52359724045 760753.77806258202 2969132.1327390671 863361.46429681778
leaf_count=13292 12772 4530 15206 68947 11790 20746 42654 34804 102282 29209 2336 9103 5897 5704
internal_value=-0.000274058 0.000380811 -0.00825309 0.00267656 0.00245155 0.00742742 -0.00573438 0.00698454 0.00570917 0.00433502 -0.0119935 0.0159189 -0.0233966 -0.00170448
internal_weight=5.47146e+07 5.352e+07 1.12417e+07 4.22783e+07 6.58614e+06 5.40354e+06 1.43199e+07 2.79583e+07 2.47199e+07 2.17875e+07 5.60868e+06 2.93243e+06 4.65561e+06 8.71123e+06
internal_count=379272 366500 58169 308331 47742 35952 119641 188690 153886 131491 44990 22395 10427 74651
cat_boundaries=0 1 2
cat_threshold=369098880 100665472
is_linear=0
shrinkage=0.035


Tree=8
num_leaves=15
num_cat=3
split_feature=29 14 27 28 1 14 0 41 13 0 27 28 1 0
split_gain=826750 841118 1.2579e+06 1.09645e+06 541239 361307 279226 278378 262080 227704 201685 189928 258599 191921
threshold=1.0000000180025095e-35 1.0673257521216373 59.500000000000007 44.500000000000007 17.500000000000004 1.1228774058946247 0 1.6500000000000019 1.0159349725617575 1 6.5000000000000009 49.500000000000007 17.500000000000004 2
decision_type=2 2 2 2 2 2 1 2 2 1 2 2 2 1
left_child=1 2 8 5 6 -3 -5 11 10 -6 -1 12 -4 -13
right_child=-2 3 7 4 9 -7 -8 -9 -10 -11 -12 13 -14 -15
leaf_value=2.6346861259037695e-05 -0.016246987242456802 -0.00019736701019888356 -0.0013469974049072106 0.0064606659149291342 0.00084939444472239677 -0.0027818854580460551 0.00048269810819866204 -0.0022650464688005537 0.0026369720979774721 -0.0037872586460741512 0.0010084347169900401 -0.0054595694321695823 0.0011730685740208202 0.00081003560634297688
leaf_weight=6038544.3595016003 1194576.656857729 1200843.6081748009 5218666.3706519604 1132540.8303010464 560596.02822875977 4655606.1181130409 3919696.7862141132 3515813.3623914719 4068291.9220151901 1269743.2885761261 16354226.840788126 473414.81926870346 1423674.0838913918 3688347.7361323833
leaf_count=39616 12772 8168 40522 14771 8188 10427 20200 27247 34322 6540 104627 4362 14003 33507
internal_value=-0.00032434 0.000318428 0.00277075 -0.0075321 0.0019398 -0.0186636 0.00784739 -0.00558518 0.00729273 -0.0143667 0.00580804 -0.0028014 -0.00647461 0.00306119
internal_weight=5.47146e+07 5.352e+07 4.0781e+07 1.2739e+07 6.88258e+06 5.85645e+06 5.05224e+06 1.43199e+07 2.64611e+07 1.83034e+06 2.23928e+07 1.08041e+07 6.64234e+06 4.16176e+06
internal_count=379272 366500 298206 68294 49699 18595 34971 119641 178565 14728 144243 92394 54525 37869
cat_boundaries=0 1 2 4
cat_threshold=369098880 369098882 0 262144
is_linear=0
shrinkage=0.035


Tree=9
num_leaves=15
num_cat=2
split_feature=29 14 27 12 0 41 13 0 1 27 1 28 28 31
split_gain=800081 792349 1.17807e+06 1.04521e+06 289194 263734 255705 236405 234603 204486 199876 283806 193299 168212
threshold=1.0000000180025095e-35 1.0673257521216373 59.500000000000007 1.0058539841814449 0 3.1500000000000021 0.99068292552413906 1 17.500000000000004 7.5000000000000009 17.500000000000004 50.500000000000007 43.500000000000007 1.0000000180025095e-35
decision_type=2 2 2 2 1 2 2 1 2 2 2 2 2 2
left_child=1 2 6 7 -5 10 -1 -3 12 -8 11 13 -6 -4
right_child=-2 3 5 4 8 -7 9 -9 -10 -11 -12 -13 -14 -15
leaf_value=0.00014052770058302932 -0.015678342688970812 -0.00066976955409172776 -0.0015460892480450733 0.0049774464265179329 -0.0022279727022514561 -0.0025195470168022354 0.00047678735578934975 -0.0025203580803630108 -0.0022840112824803393 0.0014947110301668516 0.0008638097555623347 0.00034370606358702464 0.00097157421281264273 0.004181189955055448
leaf_weight=6405520.2485702038 1194576.656857729 1441051.2605824471 5388992.4491362572 1362958.1537289619 347816.11100292206 2572116.0967450142 6044720.2386124134 5647689.2031502724 987810.43552875519 14010822.635122299 2807117.9842407703 3254500.1203696728 2951701.4956145287 297189.72184419632
leaf_count=48485 12772 8609 41459 17793 1057 19068 39217 21619 5420 90863 28552 27974 13796 2588
internal_value=-0.000364323 0.000267993 0.00264816 -0.00735155 0.00387773 -0.00543828 0.0070243 -0.0163022 -0.000586824 0.00896873 -0.00321574 -0.00577383 0.00389292 -0.0104915
internal_weight=5.47146e+07 5.352e+07 4.0781e+07 1.2739e+07 5.65029e+06 1.43199e+07 2.64611e+07 7.08874e+06 4.28733e+06 2.00555e+07 1.17478e+07 8.94068e+06 3.29952e+06 5.68618e+06
internal_count=379272 366500 298206 68294 38066 119641 178565 30228 20273 130080 100573 72021 14853 44047
cat_boundaries=0 1 2
cat_threshold=369098880 100663424
is_linear=0
shrinkage=0.035


Tree=10
num_leaves=15
num_cat=1
split_feature=29 14 28 27 1 0 11 14 40 2 3 28 39 31
split_gain=776814 762507 1.34109e+06 1.03451e+06 549918 301642 279966 317700 274212 192137 183888 171671 166874 161332
threshold=1.0000000180025095e-35 1.1228774058946247 44.500000000000007 59.500000000000007 18.500000000000004 0 1.0275224327180885 0.91445908622183281 0.55000000000000149 5.5000000000000009 1.0000000180025095e-35 59.500000000000007 13.950000000000001 1.0000000180025095e-35
decision_type=2 2 2 2 2 1 2 2 2 2 2 2 2 2
left_child=1 3 -3 6 5 -4 7 10 9 13 -1 -8 -9 -5
right_child=-2 2 4 8 -6 -7 11 12 -10 -11 -12 -13 -14 -15
leaf_value=0.0031903194147186236 -0.015129600694856837 -0.0025993611601077488 0.0062158892397831634 -0.00076919008205563941 -0.0037008069601962013 0.00037764107587420905 0.0014687921622635949 0.00055806066787248158 -0.0024121252108811565 0.0021038069620953883 6.6326619086119596e-05 0.0040826748840540146 -0.00048631567027710446 0.0050651376306299761
leaf_weight=1988339.1644425392 1194576.656857729 4655606.1181130409 1203864.4681410789 10021771.728642225 1182605.5345771313 4199672.04250741 3964067.9296422005 15822839.823060274 2697265.0770709515 1154727.209227562 698645.49133229256 1865161.9691028595 3619287.2409939766 446152.35739517212
leaf_count=11518 12772 10427 15206 80305 11790 20746 39414 94085 18538 16904 8050 15842 19781 3894
internal_value=-0.000410268 0.000212787 -0.00788886 0.00236701 0.00227486 0.00700618 0.00628525 0.00448767 -0.00528301 -0.00294981 0.0157683 0.0131093 0.00292863 -0.00444443
internal_weight=5.47146e+07 5.352e+07 1.12417e+07 4.22783e+07 6.58614e+06 5.40354e+06 2.79583e+07 2.21291e+07 1.43199e+07 1.16227e+07 2.68698e+06 5.82923e+06 1.94421e+07 1.04679e+07
internal_count=379272 366500 58169 308331 47742 35952 188690 133434 119641 101103 19568 55256 113866 84199
cat_boundaries=0 1
cat_threshold=369098880
is_linear=0
shrinkage=0.035


Tree=11
num_leaves=15
num_cat=2
split_feature=29 11 14 28 27 1 14 28 0 1 1 0 39 3
split_gain=748200 735906 734133 1.08458e+06 820542 501415 262512 239695 304847 276039 217507 180510 174603 168141
threshold=1.0000000180025095e-35 1.0469287273519901 1.1228774058946247 43.500000000000007 59.500000000000007 17.500000000000004 0.91445908622183281 59.500000000000007 0 17.500000000000004 6.5000000000000009 1 13.050000000000002 1.0000000180025095e-35
decision_type=2 2 2 2 2 2 2 2 1 2 2 1 2 2
left_child=1 2 4 -4 6 10 13 9 -9 11 -5 -6 -8 -1
right_child=-2 -3 3 5 7 -7 12 8 -10 -11 -12 -13 -14 -15
leaf_value=0.0029897063911396796 -0.014600064670536846 0.0030939852412862814 -0.002596241364617659 -0.0034314400861677192 -0.00080045467849423023 -0.0028207392392861621 0.00067226092135105994 -0.0047210683477610553 0.00094993970687741913 0.00029454938835737861 0.0013147264694789297 -0.0025609777960862688 -0.00025969615881804348 0.00014048852143409135
leaf_weight=2180284.4931530952 1194576.656857729 4533785.0117630959 4291548.6385850906 279684.46445393562 3943689.3478364944 1629234.8196809292 16830841.473132372 598173.68534660339 2803920.8530571461 2501131.1045978069 4126834.0218935013 3862938.35820508 5170598.2735636234 767341.60897994041
leaf_count=13396 12772 53503 8770 6813 20927 11715 103543 5370 22993 21973 22107 36653 29519 9218
internal_value=-0.000416632 0.000194839 -0.00105374 -0.00934364 0.00116082 0.000220513 0.00494074 -0.00571784 0.00233761 -0.00837656 0.00635453 -0.0116185 0.00362665 0.0147493
internal_weight=5.47146e+07 5.352e+07 4.89862e+07 1.03273e+07 3.86589e+07 6.03575e+06 2.49491e+07 1.37099e+07 3.40209e+06 1.03078e+07 4.40652e+06 7.80663e+06 2.20014e+07 2.94763e+06
internal_count=379272 366500 312997 49405 263592 40635 155676 107916 28363 79553 28920 57580 133062 22614
cat_boundaries=0 2 4
cat_threshold=128 262144 133120 262144
is_linear=0
shrinkage=0.035


Tree=12
num_leaves=15
num_cat=2
split_feature=29 14 28 27 1 0 13 40 2 39 14 0 11 31
split_gain=722900 712810 1.23813e+06 904901 502977 290217 260219 257334 178935 178501 168557 161753 148440 147179
threshold=1.0000000180025095e-35 1.1228774058946247 44.500000000000007 59.500000000000007 18.500000000000004 0 1.0162902584665143 0.55000000000000149 5.5000000000000009 14.350000000000003 0.94592306406186222 1 1.0458521031309849 1.0000000180025095e-35
decision_type=2 2 2 2 2 1 2 2 2 2 2 1 2 2
left_child=1 3 11 6 5 -4 9 8 13 10 -1 -3 -12 -5
right_child=-2 2 4 7 -6 -7 -8 -9 -10 -11 12 -13 -14 -15
leaf_value=0.0021564666800299986 -0.014089062407068058 -0.0015455060117277645 0.004524223212375735 -0.00071891612990836445 -0.0034794442952328438 0.00015030601458944004 0.0023474802726611067 -0.0022900183550282941 0.0020464098192788803 -0.00031463391431235362 0.00040990142760188343 -0.00275647759880096 0.0029572439341423447 0.0049121253946346581
leaf_weight=3302484.243303299 1194576.656857729 1686473.9853739738 1703267.3071737289 10021771.728642225 1182605.5345771313 3700269.2034747601 4210551.9822998047 2697265.0770709515 1154727.209227562 3958791.2156219482 15194088.041671276 2969132.1327390671 1292426.1356778145 446152.35739517212
leaf_count=28047 12772 4530 19338 80305 11790 16614 35663 18538 16904 23814 88130 5897 13036 3894
internal_value=-0.000470575 0.000130469 -0.00770272 0.00221331 0.00206307 0.00658796 0.00587789 -0.00494146 -0.00268121 0.00445608 0.00581329 -0.0215181 0.00436756 -0.00412356
internal_weight=5.47146e+07 5.352e+07 1.12417e+07 4.22783e+07 6.58614e+06 5.40354e+06 2.79583e+07 1.43199e+07 1.16227e+07 2.37478e+07 1.9789e+07 4.65561e+06 1.64865e+07 1.04679e+07
internal_count=379272 366500 58169 308331 47742 35952 188690 119641 101103 153027 129213 10427 101166 84199
cat_boundaries=0 1 2
cat_threshold=369098882 100665472
is_linear=0
shrinkage=0.035


Tree=13
num_leaves=15
num_cat=3
split_feature=29 14 27 12 0 13 41 0 1 0 31 36 39 1
split_gain=702608 690784 910645 907819 255970 233867 233379 218455 206242 178582 234522 165227 162032 143107
threshold=1.0000000180025095e-35 1.0673257521216373 59.500000000000007 1.0058539841814449 0 1.0095590033597168 1.6500000000000019 1 19.500000000000004 2 1.0000000180025095e-35 27.850000000000005 14.750000000000002 17.500000000000004
decision_type=2 2 2 2 1 2 2 1 2 1 2 2 2 2
left_child=1 2 5 7 -5 12 9 -3 -6 11 -11 -4 -1 -8
right_child=-2 3 6 4 8 -7 13 -9 -10 10 -12 -13 -14 -15
leaf_value=0.00073704793925219881 -0.013595945222820677 -0.00043640971531775182 0.0003436854308414402 0.0045296438828985259 0.00025857531962596831 0.0018681507436612344 -0.0026624020242442693 -0.0022343962698055954 -0.0042075880073942215 -0.0021481670862232463 0.005457299268171731 -0.0026262653627104845 -0.00044010640220962569 -0.00045248426491071144
leaf_weight=17144536.279801607 1194576.656857729 1441051.2605824471 6389476.9685525894 1362958.1537289619 3876063.5620236397 6335499.5090396404 2300672.5326933861 5647689.2031502724 411264.48012256622 3281691.3730576038 436577.16756486893 696357.50076937675 2981027.3334636688 1215140.8296980858
leaf_count=112424 12772 8609 40804 17793 16666 48068 16232 21619 3607 44031 4269 3290 18073 11015
internal_value=-0.000483019 0.000109529 0.00233192 -0.00700492 0.0034603 0.00617943 -0.00477771 -0.0153465 -0.000739974 -0.00222883 -0.00844061 0.00103079 0.00433329 -0.0126104
internal_weight=5.47146e+07 5.352e+07 4.0781e+07 1.2739e+07 5.65029e+06 2.64611e+07 1.43199e+07 7.08874e+06 4.28733e+06 1.08041e+07 3.71827e+06 7.08583e+06 2.01256e+07 3.51581e+06
internal_count=379272 366500 298206 68294 38066 178565 119641 30228 20273 92394 48300 44094 130497 27247
cat_boundaries=0 1 2 3
cat_threshold=369098880 100663424 137218
is_linear=0
shrinkage=0.035


Tree=14
num_leaves=15
num_cat=0
split_feature=29 11 14 28 27 1 14 28 2 1 2 3 28 11
split_gain=681799 665100 659419 966161 678031 457786 249327 226479 220170 197811 163091 157761 155022 150175
threshold=1.0000000180025095e-35 1.0469287273519901 1.1228774058946247 43.500000000000007 59.500000000000007 17.500000000000004 0.91445908622183281 17.500000000000004 5.5000000000000009 6.5000000000000009 1.0000000180025095e-35 1.0000000180025095e-35 59.500000000000007 1.0051286547494473
decision_type=2 2 2 2 2 2 2 2 2 2 2 2 2 2
left_child=1 2 4 -4 6 9 11 -6 -9 -5 -8 -1 -3 -12
right_child=-2 12 3 5 7 -7 10 8 -10 -11 13 -13 -14 -15
leaf_value=0.0027987226778449772 -0.013120087140021951 0.0013608020707801358 -0.0023376835922650861 -0.0033199032062444503 -0.0017398456298728098 -0.00259484404880303 -0.00044008838076225044 -0.00064517043516901977 0.0026634017351767681 0.0012210552780830661 0.00022104527754622074 7.9799578997329275e-05 0.0051022235580667754 0.0011143360666396413
leaf_weight=2180284.4931530952 1194576.656857729 2539435.7380735874 4291548.6385850906 279684.46445393562 3274427.7065749168 1629234.8196809292 3771598.8831033707 9577159.0681724548 858266.5742957592 4126834.0218935013 10276980.744215965 767341.60897994041 1994349.2736895084 7952860.1193766594
leaf_count=13396 12772 32870 8770 6813 24069 11715 20370 71805 12042 22107 60941 9218 20633 51751
internal_value=-0.000514727 6.89807e-05 -0.00111801 -0.00897476 0.000980837 5.21856e-05 0.00441687 -0.00527202 -0.00275215 0.00591327 0.0031362 0.0139759 0.012894 0.00450686
internal_weight=5.47146e+07 5.352e+07 4.89862e+07 1.03273e+07 3.86589e+07 6.03575e+06 2.49491e+07 1.37099e+07 1.04354e+07 4.40652e+06 2.20014e+07 2.94763e+06 4.53379e+06 1.82298e+07
internal_count=379272 366500 312997 49405 263592 40635 155676 107916 83847 28920 133062 22614 53503 112692
is_linear=0
shrinkage=0.035


Tree=15
num_leaves=15
num_cat=1
split_feature=29 11 28 1 1 27 6 11 9 0 19 1 28 8
split_gain=659700 625769 309083 603219 316623 307289 285710 257534 203024 179882 176101 152188 149255 135203
threshold=1.0000000180025095e-35 1.0469287273519901 59.500000000000007 18.500000000000004 18.500000000000004 59.500000000000007 8.0005268660031277 0.99022857129211772 1.0018902886975642 0 1.0000000180025095e-35 6.5000000000000009 59.500000000000007 0.99966593171258189
decision_type=2 2 2 2 2 2 2 2 2 1 2 2 2 2
left_child=1 2 4 7 5 6 10 -4 13 -7 -1 -9 -3 -8
right_child=-2 12 3 -5 -6 9 8 11 -10 -11 -12 -13 -14 -15
leaf_value=0.00036009169964256686 -0.012660884090121184 0.0013131739983028279 3.9421454687032519e-05 -0.0020172074504856623 0.00087050290064682751 -0.00059899800822054675 0.00090869071582628819 -0.0010741009066364323 0.00088299755505916969 -0.002237680794877473 -0.00079010429585850428 0.0017421445406476804 0.004923645733534438 -0.0012228629911056016
leaf_weight=11284846.828577518 1194576.656857729 2539435.7380735874 4552433.4659800529 2512540.0351476669 5209221.5949869156 4400976.8568735123 402052.73568725586 432670.97781276703 659307.07968139648 4279360.702283144 4527312.8780801296 6438705.7652683258 1994349.2736895084 4286792.2221069336
leaf_count=61270 12772 32870 30680 24756 47786 22417 870 10247 1480 39313 32266 35313 20633 6599
internal_value=-0.000495824 7.83459e-05 -0.00107301 0.00333595 -0.00282609 -0.00421597 -0.00194116 0.00675089 -0.00893415 -0.00976133 0.000424089 0.0110283 0.0125184 -0.0114913
internal_weight=5.47146e+07 5.352e+07 4.89862e+07 1.39364e+07 3.50499e+07 2.98406e+07 2.11603e+07 1.14238e+07 5.34815e+06 8.68034e+06 1.58122e+07 6.87138e+06 4.53379e+06 4.68884e+06
internal_count=379272 366500 312997 100996 212001 164215 102485 76240 8949 61730 93536 45560 53503 7469
cat_boundaries=0 2
cat_threshold=133120 262144
is_linear=0
shrinkage=0.035


Tree=16
num_leaves=15
num_cat=2
split_feature=29 14 28 27 0 12 40 13 27 1 36 0 31 36
split_gain=638665 642602 818480 774599 435976 260692 240293 215521 188193 185672 178208 172326 193704 156183
threshold=1.0000000180025095e-35 1.0673257521216373 31.500000000000004 59.500000000000007 0 1.0046493498569811 0.55000000000000149 0.99068292552413906 7.5000000000000009 17.500000000000004 -3.6499999999999999 1 1.0000000180025095e-35 27.850000000000005
decision_type=2 2 2 2 1 2 2 2 2 2 2 1 2 2
left_child=1 3 -3 7 10 -6 11 -1 -9 -7 -4 13 -13 -5
right_child=-2 2 4 6 5 9 -8 8 -10 -11 -12 12 -14 -15
leaf_value=2.5242763609554491e-05 -0.012217753146966943 -0.0022907392936967609 -0.0012618778628546315 0.00060739308297871398 -0.0018779559599968628 0.00054976729917023638 -0.00209350260312112 0.00031974467279957311 0.0012716986422580585 -0.0021556851401380471 0.0030149354137736424 -0.0012007944330575007 0.0055723213281435131 -0.0028718108848897923
leaf_weight=6405520.2485702038 1194576.656857729 3628888.5786480904 484095.3773663044 4279560.0622854233 2586577.0068247318 2780152.4434542656 2697265.0770709515 6044720.2386124134 14010822.635122299 777148.42782688141 2482164.8254876137 6452876.2895097733 490058.60506916046 400156.33840060234
leaf_count=48485 12772 9999 1444 23057 11365 11463 18538 39217 90863 3790 30233 71677 4788 1581
internal_value=-0.000472678 9.2264e-05 -0.00676959 0.00223575 -0.00117036 -0.00649045 -0.00432134 0.00578424 0.00756937 -0.000342749 0.00984889 -0.00213721 -0.00563608 0.00305381
internal_weight=5.47146e+07 5.352e+07 1.2739e+07 4.0781e+07 9.11014e+06 6.14388e+06 1.43199e+07 2.64611e+07 2.00555e+07 3.5573e+06 2.96626e+06 1.16227e+07 6.94293e+06 4.67972e+06
internal_count=379272 366500 68294 298206 58295 26618 119641 178565 130080 15253 31677 101103 76465 24638
cat_boundaries=0 1 2
cat_threshold=369098882 133120
is_linear=0
shrinkage=0.035


Tree=17
num_leaves=15
num_cat=3
split_feature=29 14 28 41 1 11 0 15 36 13 46 0 14 0
split_gain=621062 610893 1.01391e+06 461696 430547 368753 297884 194506 192693 189555 181181 148692 139111 171239
threshold=1.0000000180025095e-35 1.1228774058946247 44.500000000000007 3.2500000000000027 19.500000000000004 1.0286735586646436 0 1.0000000180025095e-35 27.850000000000005 0.99157330180464565 2.9000000000000017 1 0.90323770592447772 2
decision_type=2 2 2 2 2 2 1 2 2 2 2 1 2 1
left_child=1 3 11 5 6 8 -4 -5 9 -1 -10 -3 13 -11
right_child=-2 2 4 7 -6 -7 -8 -9 10 12 -12 -13 -14 -15
leaf_value=-0.00031303478309599529 -0.0117901317868231 -0.0013097388175136052 0.0038902889155470418 -0.002241801023176344 -0.0044458711192975238 0.0020164330203495556 -8.0439126977951679e-05 4.6035105141671427e-05 0.00089223126048378976 0.0021518523506212309 -0.0036439773828046891 -0.0024273274071414694 0.00033479249247209841 -0.0011931619247316735
leaf_weight=8583567.3390278816 1194576.656857729 1686473.9853739738 1844069.8781347275 2770059.0327315331 727486.99359202385 6128912.0959486961 4014585.1734988689 1866004.7968115807 370975.69337892532 2736667.1712496281 707061.10092735291 2969132.1327390671 18532746.058941841 582264.70189261436
leaf_count=65303 12772 4530 20648 21154 9432 65434 17662 13567 2287 15916 4365 5897 112780 7525
internal_value=-0.000488966 6.81356e-05 -0.00718347 0.00199633 0.0016539 0.00327992 0.00480729 -0.00842564 0.0017522 0.00226729 -0.0127898 -0.0196854 0.00399845 0.0105974
internal_weight=5.47146e+07 5.352e+07 1.12417e+07 4.22783e+07 6.58614e+06 3.76422e+07 5.85866e+06 4.63606e+06 3.15133e+07 3.04352e+07 1.07804e+06 4.65561e+06 2.18517e+07 3.31893e+06
internal_count=379272 366500 58169 308331 47742 273610 38310 34721 208176 201524 6652 10427 136221 23441
cat_boundaries=0 1 2 4
cat_threshold=369098882 100665472 137218 262144
is_linear=0
shrinkage=0.035


Tree=18
num_leaves=15
num_cat=2
split_feature=29 14 12 40 13 12 28 7 1 0 36 6 28 0
split_gain=601887 573878 750116 426159 261091 225198 213892 196770 192264 190940 168523 160413 144460 128108
threshold=1.0000000180025095e-35 1.0673257521216373 1.0058539841814449 0.30000000000000043 0.99181201088466542 1.1062262025742085 59.500000000000007 1.0182384447461217 19.500000000000004 0 27.850000000000005 6.765249009150252 41.500000000000007 1
decision_type=2 2 2 2 2 2 2 2 2 1 2 2 2 1
left_child=1 3 9 4 -1 8 -5 10 12 -3 -6 -2 -4 -14
right_child=11 2 5 6 7 -7 -8 -9 -10 -11 -12 -13 13 -15
leaf_value=-0.00021220307014436723 -0.0030128219635896405 -0.00031986286184463013 -0.0016610116427631292 -0.0013196449974332166 0.00055454893827489591 0.010007062202700813 0.00050348572464221084 0.0016944737006799515 -0.0033987415037132779 -0.0019641493374140452 -0.0022161629905011228 -0.012844256922798634 0.0022211653049907139 -2.6898839081741469e-05
leaf_weight=8914318.0829510689 402635.75954937935 1441051.2605824471 475434.20688891411 5188520.0888762474 17482436.267322302 459506.91124892235 2124621.3613069057 6363863.8162853718 519919.24347805977 5647689.2031502724 707219.8778989315 791940.89730834961 1868524.1225686073 2326901.7116906643
leaf_count=73195 8281 8609 1676 37055 118936 4879 14684 50013 6325 21619 4323 4491 15765 9421
internal_value=-0.000507453 4.09818e-05 -0.00644357 0.00206661 0.0037391 0.00306933 -0.00558736 0.00560177 0.000990358 -0.0140261 0.0037485 -0.0250785 0.00323772 0.00530978
internal_weight=5.47146e+07 5.352e+07 1.2739e+07 4.0781e+07 3.34678e+07 5.65029e+06 7.31314e+06 2.45535e+07 5.19078e+06 7.08874e+06 1.81897e+07 1.19458e+06 4.67086e+06 4.19543e+06
internal_count=379272 366500 68294 298206 246467 38066 51739 173272 33187 30228 123259 12772 26862 25186
cat_boundaries=0 1 2
cat_threshold=100663424 369100802
is_linear=0
shrinkage=0.035


Tree=19
num_leaves=15
num_cat=2
split_feature=29 11 14 28 27 1 14 28 2 1 0 3 0 28
split_gain=595458 561821 555965 779437 552588 370185 233246 202565 202958 150678 146208 144054 155604 143446
threshold=1.0000000180025095e-35 1.0469287273519901 1.1228774058946247 42.500000000000007 59.500000000000007 18.500000000000004 0.91445908622183281 17.500000000000004 5.5000000000000009 6.5000000000000009 0 1.0000000180025095e-35 1 54.500000000000007
decision_type=2 2 2 2 2 2 2 2 2 2 1 2 1 2
left_child=1 2 4 -4 6 9 11 -6 -9 -5 -11 12 -1 -3
right_child=-2 13 3 5 7 -7 -8 8 -10 10 -12 -13 -14 -15
leaf_value=0.0031694554887192507 -0.010953071683500175 0.0011559085173628875 -0.0020493770301103112 -0.0031530330293980963 -0.0016145046416611323 -0.0030754937389765608 0.0003329470747591644 -0.00057833100800791363 0.002587322987364556 -5.3730991563393407e-05 0.0022093724572750271 4.3965967801473859e-05 0.00058837233040982785 0.0045827743790432763
leaf_weight=1510792.0522456169 1194576.656857729 2506556.8271009922 4202902.8572778702 283146.30103802681 3274427.7065749168 1099279.4686124325 22001439.746695995 9577159.0681724548 858266.5742957592 2601412.2235412598 2140561.0941438675 767341.60897994041 669492.44090747833 2027228.1846621037
leaf_count=7530 12772 32264 8606 6840 24069 9727 133062 71805 12042 8680 15552 9218 5866 21239
internal_value=-0.000536083 9.41481e-06 -0.00108153 -0.00829569 0.000845655 -0.000330278 0.00394759 -0.00479922 -0.00241609 0.00369437 0.00517535 0.0131932 0.0177834 0.0117967
internal_weight=5.47146e+07 5.352e+07 4.89862e+07 1.03273e+07 3.86589e+07 6.1244e+06 2.49491e+07 1.37099e+07 1.04354e+07 5.02512e+06 4.74197e+06 2.94763e+06 2.18028e+06 4.53379e+06
internal_count=379272 366500 312997 49405 263592 40799 155676 107916 83847 31072 24232 22614 13396 53503
cat_boundaries=0 2 3
cat_threshold=135168 262144 137218
is_linear=0
shrinkage=0.035


Tree=20
num_leaves=15
num_cat=1
split_feature=29 14 28 27 1 0 13 40 6 14 28 1 6 14
split_gain=577895 535040 888810 617900 390547 267111 217748 211558 172517 161576 186588 332147 165096 178974
threshold=1.0000000180025095e-35 1.1228774058946247 44.500000000000007 59.500000000000007 19.500000000000004 0 1.0214165713717935 0.55000000000000149 6.765249009150252 0.91445908622183281 59.500000000000007 17.500000000000004 7.5318737144206436 1.0123130853103539
decision_type=2 2 2 2 2 1 2 2 2 2 2 2 2 2
left_child=1 3 -3 6 5 -4 9 -5 -2 -1 12 -12 -11 -14
right_child=8 2 4 7 -6 -7 -8 -9 -10 10 11 -13 13 -15
leaf_value=0.001899235133628724 -0.0025240156859414964 -0.001930125756708002 0.0048942321163101777 -0.00030542032335693702 -0.0041011765174169927 6.5891717496622198e-05 0.0024038751015977447 -0.0019348271683134004 -0.012011350421578176 0.0006726012469469993 0.0017611640223790495 -0.0010468693883559572 0.00024394785257316121 -0.00072556727714376214
leaf_weight=3116821.7283067703 402635.75954937935 4655606.1181130409 1306015.8521590233 11622651.295264959 727486.99359202385 4552639.1994745731 2923986.5028440952 2697265.0770709515 791940.89730834961 8393833.5259790421 3712018.7914147377 1251694.1861183643 4603134.6549072266 3956852.2290039062
leaf_count=25328 8281 10427 16236 101103 9432 22074 27000 18538 4491 79273 24524 10437 11726 10402
internal_value=-0.00053968 -2.28776e-06 -0.00678877 0.00180223 0.00148548 0.00448881 0.00483042 -0.00411004 -0.024616 0.0037748 0.00271445 0.00868265 0.000967083 -0.00245308
internal_weight=5.47146e+07 5.352e+07 1.12417e+07 4.22783e+07 6.58614e+06 5.85866e+06 2.79583e+07 1.43199e+07 1.19458e+06 2.50344e+07 2.19175e+07 4.96371e+06 1.69538e+07 8.55999e+06
internal_count=379272 366500 58169 308331 47742 38310 188690 119641 12772 161690 136362 34961 101401 22128
cat_boundaries=0 1
cat_threshold=369098880
is_linear=0
shrinkage=0.035


Tree=21
num_leaves=15
num_cat=3
split_feature=29 11 14 28 27 1 14 28 0 1 1 1 0 0
split_gain=573203 512804 498101 692335 487134 355628 213426 198093 291496 252441 159884 158844 153420 150455
threshold=1.0000000180025095e-35 1.0469287273519901 1.1228774058946247 59.500000000000007 59.500000000000007 17.500000000000004 0.91445908622183281 59.500000000000007 0 17.500000000000004 6.5000000000000009 6.5000000000000009 1 2
decision_type=2 2 2 2 2 2 2 2 1 2 2 2 1 1
left_child=1 2 4 12 6 10 -1 9 -9 11 -5 -6 -4 -13
right_child=-2 -3 3 5 7 -7 -8 8 -10 -11 -12 13 -14 -15
leaf_value=0.0020966158101945898 -0.010179829480101465 0.0024339797277408344 -0.0011678115669995581 -0.0031831799497365394 0.0014752292929802349 -0.002258442781312472 0.00030241676850678063 -0.0043487441897306373 0.0010076250292176769 0.00044180329115738471 0.0010856006603814558 -0.00086865695833933778 -0.002152912162272461 -0.0024782084450942882
leaf_weight=2947626.1021330357 1194576.656857729 4533785.0117630959 1563366.1095275879 275650.87019562721 404130.79197239876 1601222.5180242062 22001439.746695995 598173.68534660339 2803920.8530571461 2501131.1045978069 4034367.7094202042 4456349.6311092377 2852694.7374458313 2946147.282959938
leaf_count=22614 12772 53503 3919 6771 11587 11635 133062 5370 22993 21973 21931 21829 5149 24164
internal_value=-0.000537837 -2.63021e-06 -0.0010449 -0.00787333 0.000779243 -4.06369e-05 0.00369168 -0.00452078 0.00280232 -0.00693778 0.00519191 -0.0100381 -0.018358 -0.0112046
internal_weight=5.47146e+07 5.352e+07 4.89862e+07 1.03273e+07 3.86589e+07 5.91124e+06 2.49491e+07 1.37099e+07 3.40209e+06 1.03078e+07 4.31002e+06 7.80663e+06 4.41606e+06 7.4025e+06
internal_count=379272 366500 312997 49405 263592 40337 155676 107916 28363 79553 28702 57580 9068 45993
cat_boundaries=0 2 3 5
cat_threshold=128 262144 100665472 133122 262144
is_linear=0
shrinkage=0.035


Tree=22
num_leaves=15
num_cat=2
split_feature=29 14 12 27 19 12 40 0 6 14 28 1 1 0
split_gain=560622 471891 632535 584820 208643 207336 200957 187580 181617 171314 167922 284371 162720 154478
threshold=1.0000000180025095e-35 1.0673257521216373 1.0058539841814449 59.500000000000007 1.0000000180025095e-35 1.1062262025742085 0.55000000000000149 0 6.765249009150252 0.94592306406186222 59.500000000000007 17.500000000000004 19.500000000000004 1
decision_type=2 2 2 2 2 2 2 1 2 2 2 2 2 1
left_child=1 3 7 4 9 12 13 -3 -2 -1 -11 -12 -4 -5
right_child=8 2 5 6 -6 -7 -8 -9 -10 10 11 -13 -14 -15
leaf_value=0.0022738434629835484 -0.0020793811051299928 -0.00024041024127871344 0.00041214677453272778 0.0003784535741774584 -2.3610488894611704e-05 0.0094488987763962085 -0.0018263664916930542 -0.0017401543055387111 -0.011234659125019386 0.00037483197776132986 0.0021957256338270429 -0.00064827538339362893 -0.0030190956223099283 -0.00087040615236784339
leaf_weight=3208036.9562153816 402635.75954937935 1441051.2605824471 4670860.0411481857 4679716.4006860256 7223806.0968737602 459506.91124892235 2697265.0770709515 5647689.2031502724 791940.89730834961 11609882.485542774 3334526.9492325783 1084810.6344404221 519919.24347805977 6942934.8945789337
leaf_count=24768 8281 8609 26862 24638 58937 4879 18538 21619 4491 63989 21676 9195 6325 76465
internal_value=-0.000561254 -3.19538e-05 -0.00591214 0.00180488 0.00488819 0.00282343 -0.00389261 -0.0128751 -0.024275 0.00679267 0.00531507 0.0111214 0.000828603 -0.00189524
internal_weight=5.47146e+07 5.352e+07 1.2739e+07 4.0781e+07 2.64611e+07 5.65029e+06 1.43199e+07 7.08874e+06 1.19458e+06 1.92373e+07 1.60292e+07 4.41934e+06 5.19078e+06 1.16227e+07
internal_count=379272 366500 68294 298206 178565 38066 119641 30228 12772 119628 94860 30871 33187 101103
cat_boundaries=0 1 2
cat_threshold=100663424 133120
is_linear=0
shrinkage=0.035


Tree=23
num_leaves=15
num_cat=2
split_feature=29 11 14 28 27 1 14 41 6 0 28 31 0 12
split_gain=556545 470953 459387 645505 430016 332721 193110 185812 183366 178550 166331 159094 155001 151206
threshold=1.0000000180025095e-35 1.0469287273519901 1.1228774058946247 59.500000000000007 59.500000000000007 19.500000000000004 0.91445908622183281 1.6500000000000019 6.765249009150252 0 59.500000000000007 1.0000000180025095e-35 1 1.1475315754190885
decision_type=2 2 2 2 2 2 2 2 2 1 2 2 1 2
left_child=1 2 4 12 6 -5 -1 9 -2 10 -6 -11 -4 -3
right_child=8 13 3 5 7 -7 -8 -9 -10 11 -12 -13 -14 -15
leaf_value=0.0019612368687469519 -0.0020066027664504436 0.0018057142524202296 -0.0011016799817778426 0.00042855358962416463 -0.00027228862768676978 -0.0039337970032716999 0.00028006562637854346 -0.001670675970812616 -0.01084144605564371 -0.0019315330998406596 0.0012601552232589751 0.004511113554054696 -0.0020138127933045122 0.024109494345445466
leaf_weight=2947626.1021330357 402635.75954937935 4177234.0355832577 1563366.1095275879 5249962.348597765 4954891.3966319561 661278.74904227257 22001439.746695995 3366033.9505343437 791940.89730834961 3045548.5245108604 1959327.4479255676 384052.02944040298 2852694.7374458313 356550.97617983818
leaf_count=22614 8281 49524 3919 32685 29192 7652 133062 24395 4491 38777 12118 3434 5149 3979
internal_value=-0.000562175 -3.4802e-05 -0.00103363 -0.00759133 0.000718184 -2.81779e-05 0.00345455 -0.00426143 -0.0241896 -0.00193705 0.00130156 -0.00846618 -0.0177152 0.0107573
internal_weight=5.47146e+07 5.352e+07 4.89862e+07 1.03273e+07 3.86589e+07 5.91124e+06 2.49491e+07 1.37099e+07 1.19458e+06 1.03438e+07 6.91422e+06 3.4296e+06 4.41606e+06 4.53379e+06
internal_count=379272 366500 312997 49405 263592 40337 155676 107916 12772 83521 41310 42211 9068 53503
cat_boundaries=0 1 2
cat_threshold=137218 100665472
is_linear=0
shrinkage=0.035


Tree=24
num_leaves=15
num_cat=2
split_feature=29 11 14 28 27 1 6 14 41 0 28 0 12 31
split_gain=550742 447216 432367 607570 404945 315721 184613 182149 176246 167795 155627 153280 150551 149399
threshold=1.0000000180025095e-35 1.0469287273519901 1.1228774058946247 43.500000000000007 59.500000000000007 17.500000000000004 6.765249009150252 0.91445908622183281 1.6500000000000019 0 59.500000000000007 1 1.1475315754190885 1.0000000180025095e-35
decision_type=2 2 2 2 2 2 2 2 2 1 2 1 2 2
left_child=1 2 4 11 7 -5 -2 -1 9 10 -6 -4 -3 -11
right_child=6 12 3 5 8 -7 -8 -9 -10 13 -12 -13 -14 -15
leaf_value=0.0018925935783408094 -0.0019363716696246774 0.0017425142535855214 -0.0010508577651298992 0.00071381089717376914 -0.00026275852571773273 -0.0020908838724427647 -0.01046199544369618 0.00027026332945529456 -0.0016122023118341744 -0.0018639294413462367 0.0012160497904449114 -0.0019622964734318927 0.023265662043354875 0.0043532245796627815
leaf_weight=2947626.1021330357 402635.75954937935 4177234.0355832577 1518994.9775533676 4406518.4863474369 4954891.3966319561 1629234.8196809292 791940.89730834961 22001439.746695995 3366033.9505343437 3045548.5245108604 1959327.4479255676 2772553.661031723 356550.97617983818 384052.02944040298
leaf_count=22614 8281 49524 3792 28920 29192 11715 4491 133062 24395 38777 12118 4978 3979 3434
internal_value=-0.000564357 -3.97412e-05 -0.00101308 -0.007375 0.000686443 -0.000216625 -0.0240683 0.00334185 -0.00414583 -0.00188207 0.00125748 -0.0174427 0.0104768 -0.00821151
internal_weight=5.47146e+07 5.352e+07 4.89862e+07 1.03273e+07 3.86589e+07 6.03575e+06 1.19458e+06 2.49491e+07 1.37099e+07 1.03438e+07 6.91422e+06 4.29155e+06 4.53379e+06 3.4296e+06
internal_count=379272 366500 312997 49405 263592 40635 12772 155676 107916 83521 41310 8770 53503 42211
cat_boundaries=0 1 2
cat_threshold=137218 100665472
is_linear=0
shrinkage=0.035


Tree=25
num_leaves=15
num_cat=2
split_feature=29 11 14 28 27 1 6 14 28 2 12 0 0 28
split_gain=544530 425574 407531 577213 378029 294357 186235 172278 168803 183890 148028 146430 144391 144174
threshold=1.0000000180025095e-35 1.0469287273519901 1.1228774058946247 42.500000000000007 59.500000000000007 19.500000000000004 6.765249009150252 0.91445908622183281 17.500000000000004 5.5000000000000009 1.1475315754190885 0 1 23.500000000000004
decision_type=2 2 2 2 2 2 2 2 2 2 2 1 1 2
left_child=1 2 4 12 7 11 -2 -1 -6 13 -3 -5 -4 -10
right_child=6 10 3 5 8 -7 -8 -9 9 -11 -12 -13 -14 -15
leaf_value=0.0018263528030988804 -0.0018685986611878137 0.0016815262547100283 -0.001044453606351759 0.0024417705621167232 -0.0013876613756883722 -0.0036136421530719278 -0.010095825603166814 0.00026080411292435911 0.001279854912789088 0.0025606480915367331 0.022451363871837451 -0.00012201973618205821 -0.0018936045363015606 -0.00067449159581777049
leaf_weight=2947626.1021330357 402635.75954937935 4177234.0355832577 1487162.1355819702 1341574.5549521446 3274427.7065749168 676826.21120429039 791940.89730834961 22001439.746695995 976861.51927185059 858266.5742957592 356550.97617983818 4105998.3211791515 2715740.7216959 8600297.5489006042
leaf_count=22614 8281 49524 3719 15011 24069 7722 4491 133062 7201 12042 3979 18066 4887 64604
internal_value=-0.000565054 -4.34055e-05 -0.000992897 -0.0071694 0.000657088 -0.000314738 -0.023936 0.00322272 -0.00401183 -0.00183635 0.0102156 0.00238992 -0.0171579 -0.00322721
internal_weight=5.47146e+07 5.352e+07 4.89862e+07 1.03273e+07 3.86589e+07 6.1244e+06 1.19458e+06 2.49491e+07 1.37099e+07 1.04354e+07 4.53379e+06 5.44757e+06 4.2029e+06 9.57716e+06
internal_count=379272 366500 312997 49405 263592 40799 12772 155676 107916 83847 53503 33077 8606 71805
cat_boundaries=0 1 2
cat_threshold=369098754 100665472
is_linear=0
shrinkage=0.035


Tree=26
num_leaves=15
num_cat=2
split_feature=29 11 14 28 27 1 6 19 14 0 1 41 1 0
split_gain=539514 403564 387943 577756 370194 288663 187641 181287 192896 172528 168685 153724 145456 142988
threshold=1.0000000180025095e-35 1.0599907760908305 1.1228774058946247 42.500000000000007 59.500000000000007 17.500000000000004 6.765249009150252 1.0000000180025095e-35 0.94592306406186222 0 17.500000000000004 1.6500000000000019 6.5000000000000009 1
decision_type=2 2 2 2 2 2 2 2 2 1 2 2 2 1
left_child=1 2 4 13 7 12 -2 8 -1 -6 11 -11 -5 -4
right_child=6 -3 3 5 9 -7 -8 -9 -10 10 -12 -13 -14 -15
leaf_value=0.0020618692712324432 -0.0018031977080462398 0.002883455626971771 -0.0010080000714325832 -0.0030588275889731602 0.00033683656753557889 -0.0019215398560581975 -0.0097424717070559753 -0.00019488589905354177 0.00043257815212508323 -0.00088235122325775839 0.00032757771528801443 -0.0027097803801651634 0.00091832302768976191 -0.0018305097099268119
leaf_weight=2883519.2912540436 402635.75954937935 3098826.2707126141 1553281.5895280838 295622.68640089035 3435459.1805331707 1690690.4296205044 791940.89730834961 6996315.6632492542 15923106.175369978 6186455.7402887344 2574405.0992007256 1725828.8097217083 4387350.3008813858 2769144.9174876213
leaf_count=20661 8281 39280 4007 7181 14151 12354 4491 53605 89704 55860 27594 13449 23518 5136
internal_value=-0.000564535 -4.52945e-05 -0.000798752 -0.00671526 0.000794285 -1.64541e-05 -0.0238276 0.00327609 0.00506545 -0.00380543 -0.0060355 -0.00856757 0.00445903 -0.016593
internal_weight=5.47146e+07 5.352e+07 5.04212e+07 1.06961e+07 3.97251e+07 6.37366e+06 1.19458e+06 2.58029e+07 1.88066e+07 1.39221e+07 1.04867e+07 7.91228e+06 4.68297e+06 4.32243e+06
internal_count=379272 366500 327220 52196 275024 43053 12772 163970 110365 111054 96903 69309 30699 9143
cat_boundaries=0 1 2
cat_threshold=131072 100665472
is_linear=0
shrinkage=0.035


Tree=27
num_leaves=15
num_cat=2
split_feature=29 13 14 28 27 1 6 11 39 0 31 0 6 28
split_gain=530543 428945 354946 388268 299911 238008 187283 186735 141147 130527 132532 112879 108824 99333.8
threshold=1.0000000180025095e-35 1.0071081484540072 1.1228774058946247 44.500000000000007 59.500000000000007 17.500000000000004 6.765249009150252 1.0447455011690681 13.050000000000002 0 1.0000000180025095e-35 1 7.9110490166647356 2.5000000000000004
decision_type=2 2 2 2 2 2 2 2 2 1 2 1 2 2
left_child=1 2 4 12 8 11 -2 -3 -1 -6 -11 -5 -4 -10
right_child=6 7 3 5 9 -7 -8 -9 13 10 -12 -13 -14 -15
leaf_value=0.00048042081641865871 -0.0017400857882646215 0.00042939087223997023 -0.0015190711601481893 0.0043244810893648244 -7.5450763856201413e-05 -0.0025132253080307827 -0.0094014851973090157 0.0028001194664639896 -0.0049324446320233003 -0.0015650798951632281 0.0036883801189120987 -1.7949661032498742e-05 -0.0020459887203914747 -0.00021883767639836876
leaf_weight=14916320.920032978 402635.75954937935 13655536.743695736 2208847.1356701851 619743.33506536484 4083389.8432722092 1113721.4783573151 791940.89730834961 2545415.5995192528 352911.14175271988 5400276.3250851631 378088.98336601257 2438712.3906452656 1142813.8620910645 4664228.3956954479
leaf_count=99321 8281 91566 6747 8284 19699 8561 4491 29310 3445 55359 3384 12486 952 27386
internal_value=-0.000581277 -6.63714e-05 -0.00213087 -0.00892349 -0.000415613 -0.0017972 -0.0236501 0.00468923 0.00205427 -0.00540796 -0.00879287 0.00324732 -0.0177943 -0.003024
internal_weight=5.47146e+07 5.352e+07 3.73191e+07 7.52384e+06 2.97952e+07 4.17218e+06 1.19458e+06 1.6201e+07 1.99335e+07 9.86176e+06 5.77837e+06 3.05846e+06 3.35166e+06 5.01714e+06
internal_count=379272 366500 245624 37030 208594 29331 12772 120876 130152 78442 58743 20770 7699 30831
cat_boundaries=0 1 2
cat_threshold=133120 369098880
is_linear=0
shrinkage=0.035


Tree=28
num_leaves=15
num_cat=2
split_feature=29 12 14 28 27 1 13 6 40 27 0 0 2 46
split_gain=525621 413876 411049 537254 393632 288091 196098 187998 175001 173728 162974 149315 138855 140271
threshold=1.0000000180025095e-35 1.1640344608067872 1.1228774058946247 42.500000000000007 59.500000000000007 19.500000000000004 0.9891619433773694 6.765249009150252 0.25000000000000089 7.5000000000000009 0 1 4.5000000000000009 -0.24999999999999997
decision_type=2 2 2 2 2 2 2 2 2 2 1 1 2 2
left_child=1 2 4 11 6 10 -1 -2 12 -8 -5 -4 13 -6
right_child=7 -3 3 5 8 -7 9 -9 -10 -11 -12 -13 -14 -15
leaf_value=-0.00029450403073152519 -0.0016791827856753596 0.019882335294582328 -0.00093434470868730408 0.0024179210781738402 0.00060692296954072405 -0.003429695390183834 3.5565483723037546e-05 -0.0090724332154032 -0.0013925823752886479 0.0008971213587078544 -0.00016276080796966212 -0.001720937591161327 0.0011523360224779207 -0.00084067632646188644
leaf_weight=5952726.8882579803 402635.75954937935 550258.07983803749 1620208.9786009789 1717096.2469587326 2120281.1280391216 722271.22123932838 6355309.9875199795 791940.89730834961 4024770.8067543507 15491168.501832485 4108411.2160155773 2851545.8932008743 2243489.537166357 5762467.6688249111
leaf_count=45946 8281 6337 4372 18978 27895 9012 41061 4491 28056 100095 17698 5691 30668 30691
internal_value=-0.000587103 -7.45914e-05 -0.000388294 -0.006404 0.00119192 -1.74135e-05 0.00361085 -0.0235487 -0.00355999 0.00514531 0.00256765 -0.0157555 -0.00110618 -0.00329267
internal_weight=5.47146e+07 5.352e+07 5.29697e+07 1.10195e+07 4.19502e+07 6.54778e+06 2.77992e+07 1.19458e+06 1.4151e+07 2.18465e+07 5.82551e+06 4.47175e+06 1.01262e+07 7.88275e+06
internal_count=379272 366500 360163 55751 304412 45688 187102 12772 117310 141156 36676 10063 89254 58586
cat_boundaries=0 1 2
cat_threshold=369098882 100665472
is_linear=0
shrinkage=0.035


Tree=29
num_leaves=15
num_cat=3
split_feature=29 13 14 28 27 0 6 11 1 39 0 31 0 6
split_gain=519181 403071 331578 342611 292734 205758 187251 150055 138611 137507 131013 132839 94435.8 93702.9
threshold=1.0000000180025095e-35 1.0095590033597168 1.0673257521216373 33.500000000000007 59.500000000000007 0 6.765249009150252 1.0286735586646436 17.500000000000004 14.750000000000002 1 1.0000000180025095e-35 2 8.101380303631279
decision_type=2 2 2 2 2 1 2 2 2 2 1 2 1 2
left_child=1 2 4 13 9 -5 12 -3 -7 -1 -6 -12 -2 -4
right_child=6 7 3 5 10 8 -8 -9 -10 -11 11 -13 -14 -15
leaf_value=0.00045434268893758135 0.002453321001435116 0.00037198449685542216 -0.0015172259441235999 0.0014355140441049369 -3.3444708387474643e-05 -0.0004218239830876653 -0.0087548980528640886 0.0020086942845865224 -0.0024600126342143695 -0.00063231276119133544 -0.0014460912734637916 0.0038676348691416189 -0.023429644752859975 -0.0019169983903104082
leaf_weight=17144536.279801607 280442.91285061836 9760311.9636588097 2378176.0573637486 1865774.1486437321 4374138.3149545193 3095054.0416593552 791940.89730834961 3958447.1965932846 1075523.4757909775 2981027.3334636688 5749176.3418402672 404628.0148525238 122192.84669876099 733212.9856262207
leaf_count=112424 5624 65466 8182 19881 21005 12930 4491 40271 5091 18073 58829 3646 2657 702
internal_value=-0.000590042 -8.06797e-05 -0.00186392 -0.00771176 -0.000118784 -0.00284878 -0.0234105 0.00509291 -0.00717082 0.002355 -0.00484776 -0.00813951 -0.00397635 -0.0171463
internal_weight=5.47146e+07 5.352e+07 3.98012e+07 9.14774e+06 3.06535e+07 6.03635e+06 1.19458e+06 1.37188e+07 4.17058e+06 2.01256e+07 1.05279e+07 6.1538e+06 402636 3.11139e+06
internal_count=379272 366500 260763 46786 213977 37902 12772 105737 18021 130497 83480 62475 8281 8884
cat_boundaries=0 1 2 3
cat_threshold=369098882 133120 128
is_linear=0
shrinkage=0.035


Tree=30
num_leaves=15
num_cat=2
split_feature=29 13 14 28 27 6 0 11 39 41 28 0 6 6
split_gain=509332 381071 306406 297215 265943 185640 185026 164544 125056 117009 108265 102935 103244 92927.4
threshold=1.0000000180025095e-35 1.0071081484540072 1.0673257521216373 33.500000000000007 59.500000000000007 6.765249009150252 0 1.0447455011690681 12.65 1.6500000000000019 2.5000000000000004 1 7.377798528785223 8.101380303631279
decision_type=2 2 2 2 2 2 1 2 2 2 2 1 2 2
left_child=1 2 4 13 8 -2 -5 -3 -1 11 -10 12 -6 -4
right_child=5 7 3 6 9 -7 -8 -9 10 -11 -12 -13 -14 -15
leaf_value=0.00049995057221472307 -0.001521763526224344 0.00039282486113461588 -0.001521162643559388 0.0013223492597257726 0.0014742059074384284 -0.0084484766210138462 -0.00093167441294322688 0.0026005314695481049 -0.004715539033209668 -0.001692092023131577 -0.00011792071705429408 -0.0013052768587666628 -0.00026950382990745871 -0.0018106227500020514
leaf_weight=13516742.055007696 402635.75954937935 13655536.743695736 2252937.1299946308 1723156.2437431812 1023037.8038446903 791940.89730834961 3887778.3051946163 2545415.5995192528 425615.92323350906 2366990.2975857258 4947122.8566594124 3100054.0312347412 3371673.0190582275 703946.14547729492
leaf_count=90218 8281 91566 7824 18506 11533 4491 16880 29310 4066 17876 29021 37570 11463 667
internal_value=-0.000582482 -7.79743e-05 -0.00202386 -0.00783343 -0.00029262 -0.0231855 -0.00310117 0.0044044 0.00213959 -0.00495134 -0.00237739 -0.00280884 0.000636185 -0.0168133
internal_weight=5.47146e+07 5.352e+07 3.73191e+07 8.56782e+06 2.87512e+07 1.19458e+06 5.61093e+06 1.6201e+07 1.88895e+07 9.86176e+06 5.37274e+06 7.49476e+06 4.39471e+06 2.95688e+06
internal_count=379272 366500 245624 43877 201747 12772 35386 120876 123305 78442 33087 60566 22996 8491
cat_boundaries=0 1 2
cat_threshold=369098882 137216
is_linear=0
shrinkage=0.035


Tree=31
num_leaves=15
num_cat=1
split_feature=29 12 14 28 27 0 19 6 28 2 13 12 36 2
split_gain=501302 397115 352163 401364 355355 227480 200434 185290 168842 182132 162247 151316 140073 122975
threshold=1.0000000180025095e-35 1.1951342819798272 1.0673257521216373 31.500000000000004 59.500000000000007 0 1.0000000180025095e-35 6.7900902059905279 17.500000000000004 1.0000000180025095e-35 0.9836281791822612 1.0178875386085342 28.750000000000004 5.5000000000000009
decision_type=2 2 2 2 2 1 2 2 2 2 2 2 2 2
left_child=1 2 4 -4 6 -5 10 -2 -6 -10 -1 -7 13 -11
right_child=7 -3 3 5 8 11 -8 -9 9 12 -12 -13 -14 -15
leaf_value=-0.00057882456633739454 -0.0015148146530697575 0.020414886060357601 -0.0014673096141047089 0.0013173315325615844 -0.0012595363877100476 -0.0011024283727460674 -0.00018185399391733791 -0.0081838925579367627 -0.0017861518294311908 8.4078518773917694e-05 0.00082276830387344212 0.00020654527696804408 -0.0024618381852160452 0.0027588631058210063
leaf_weight=2256909.8000304699 415933.06870770454 476963.36024880409 3628888.5786480904 2785230.2610638142 3389875.0404920578 3808829.008024931 7136458.673322916 778643.58815002441 1586573.8346152306 7556329.6168279648 16914526.543462992 2325574.8409824371 755718.63439178467 898127.96213722229
leaf_count=18197 8411 5128 9999 29808 26717 16226 58117 4361 12185 60789 100798 10306 4996 13234
internal_value=-0.000589104 -8.8589e-05 -0.00037448 -0.00549752 0.00121306 -0.00150492 0.00362073 -0.0230132 -0.00325177 -0.00111226 0.00548464 -0.00527118 0.000774479 0.00206495
internal_weight=5.47146e+07 5.352e+07 5.3043e+07 1.25485e+07 4.04945e+07 8.91963e+06 2.63079e+07 1.19458e+06 1.41866e+07 1.07968e+07 1.91714e+07 6.1344e+06 9.21018e+06 8.45446e+06
internal_count=379272 366500 361372 66339 295033 56340 177112 12772 117921 91204 118995 26532 79019 74023
cat_boundaries=0 1
cat_threshold=369098882
is_linear=0
shrinkage=0.035


Tree=32
num_leaves=15
num_cat=0
split_feature=29 12 13 14 28 14 1 1 6 12 42 41 36 11
split_gain=491674 386830 337348 218657 188014 324215 274876 208265 183869 181904 172046 141212 153662 113566
threshold=1.0000000180025095e-35 1.1951342819798272 1.0004068398063317 1.1228774058946247 59.500000000000007 1.1228774058946247 18.500000000000004 17.500000000000004 6.7900902059905279 1.0027485388641131 1.7999999999999992 2.7500000000000022 26.550000000000004 0.99824995521796123
decision_type=2 2 2 2 2 2 2 2 2 2 2 2 2 2
left_child=1 2 3 10 5 7 13 11 -2 -5 -1 12 -4 -6
right_child=8 -3 4 9 6 -7 -8 -9 -10 -11 -12 -13 -14 -15
leaf_value=7.6109646111879859e-05 -0.0014617961402123175 0.019700365048245086 0.00028840113840809535 -0.0016702412394169587 0.00056899510183188926 -0.001048122869352812 -0.0011992964658230599 0.0014097891234772808 -0.0078974563184089751 -0.00020795612916815035 -0.00078645482587523529 -0.0012949894260492572 -0.0021562802944248651 0.0020642462081815207
leaf_weight=15349628.581521511 415933.06870770454 476963.36024880409 9372597.8272156715 3388667.119161129 2594263.840310812 2020606.0473914146 1316998.808829546 3662118.910995245 778643.58815002441 2147962.6706054211 6865816.4354381561 1473867.5859584808 662291.09302330017 4188223.8735492229
leaf_count=110087 8411 5128 60095 13564 16183 3964 14471 31402 4361 14192 53021 9778 4232 30383
internal_value=-0.00058686 -9.11746e-05 -0.000373339 -0.00303791 0.00255053 0.000479182 0.00694704 0.00223332 -0.0227946 -0.009261 -0.00148696 -7.99304e-05 0.00140588 0.00978826
internal_weight=5.47146e+07 5.352e+07 5.3043e+07 2.77521e+07 2.5291e+07 1.71915e+07 8.09949e+06 1.51709e+07 1.19458e+06 5.53663e+06 2.22154e+07 1.15088e+07 1.00349e+07 6.78249e+06
internal_count=379272 366500 361372 190864 170508 109471 61037 105507 12772 27756 163108 74105 64327 46566
is_linear=0
shrinkage=0.035


Tree=33
num_leaves=15
num_cat=2
split_feature=29 12 14 12 41 13 6 15 0 11 1 36 0 1
split_gain=482702 374138 317965 413663 316912 235682 181505 169475 138937 138739 137923 125794 102377 106504
threshold=1.0000000180025095e-35 1.1951342819798272 1.1228774058946247 1.0027485388641131 3.2500000000000027 0.9975945627432784 6.7900902059905279 1.0000000180025095e-35 0 1.0286735586646436 19.500000000000004 0.35000000000000003 1 8.5000000000000018
decision_type=2 2 2 2 2 2 2 2 1 2 2 2 1 2
left_child=1 2 4 8 5 -1 -2 -6 -4 -7 11 -5 -13 -14
right_child=6 -3 3 10 7 9 -8 -9 -10 -11 -12 12 13 -15
leaf_value=-0.00018672036418383476 -0.0014106332753048877 0.019010852271556505 -0.00066438251172891611 -0.0013183927567037941 -0.0019608088676099176 0.00036535576931037304 -0.0076210453472646605 7.5023280842473385e-05 -0.0016229122183889935 0.0016302732000388316 -0.0024442669855308289 0.0031974070976275477 0.0019766340494034944 -0.00010787171416184548
leaf_weight=14813576.420982599 415933.06870770454 476963.36024880409 1903519.0109300613 345528.83636856079 2733749.935934782 18095806.701122522 778643.58815002441 1860117.9343369007 3557084.5036327839 4488547.6091730595 546662.84163022041 819448.72157931328 759463.76282525063 3119536.5154838562
leaf_count=109330 8411 5128 8072 461 20816 115063 4361 13484 12160 46465 6765 10637 5089 13030
internal_value=-0.000588204 -9.70626e-05 -0.00037456 -0.00565682 0.00101561 0.00208127 -0.0225924 -0.00765979 -0.0125085 0.00433154 0.00103548 0.00284528 0.0043442 0.00196955
internal_weight=5.47146e+07 5.352e+07 5.3043e+07 1.10512e+07 4.19918e+07 3.73979e+07 1.19458e+06 4.59387e+06 5.4606e+06 2.25844e+07 5.59064e+06 5.04398e+06 4.69845e+06 3.879e+06
internal_count=379272 366500 361372 56214 305158 270858 12772 34300 20232 161528 35982 29217 28756 18119
cat_boundaries=0 1 2
cat_threshold=100665472 369098752
is_linear=0
shrinkage=0.035


Tree=34
num_leaves=15
num_cat=1
split_feature=29 12 28 14 1 40 1 11 36 14 2 1 0 20
split_gain=474008 363650 305964 557534 516820 357683 303146 301000 184857 155039 146957 139284 134984 128898
threshold=1.0000000180025095e-35 1.1951342819798272 59.500000000000007 1.1228774058946247 18.500000000000004 0.40000000000000041 18.500000000000004 0.99859039930622984 26.250000000000004 0.94592306406186222 1.0000000180025095e-35 6.5000000000000009 0 1.0000000180025095e-35
decision_type=2 2 2 2 2 2 2 2 2 2 2 2 1 2
left_child=1 2 3 5 7 6 8 -4 10 -8 -1 -9 -5 -12
right_child=-2 -3 4 12 -6 -7 9 11 -10 -11 13 -13 -14 -15
leaf_value=-0.00064224874081981553 -0.0063529653242431717 0.018345472442052028 0.00014656165739505378 -0.00076662395579573999 -0.0016189447843020779 -0.001246021616515893 0.003855876871254041 -0.0012558770005339334 -0.0018614718457878544 0.00077773054375086695 0.00025437246586755671 0.0018806237062607937 -0.0014746016321847172 -0.0040428573143299089
leaf_weight=3519068.2249977589 1194576.656857729 476963.36024880409 6189141.1954598427 1702345.2144570351 2710078.0884027481 4787699.9155297279 1380483.103792429 388498.33828783035 1689997.8794512749 3019566.8321232796 17766296.311638594 6372944.6630573273 2995383.1841220856 521539.84267997742
leaf_count=19206 12772 5128 40583 4609 29369 34327 18112 10220 10482 30711 113870 38306 5998 5579
internal_value=-0.000579958 -9.32595e-05 -0.000366839 -0.00208736 0.00374009 -0.000466886 0.00104992 0.00664866 -0.000528924 0.00948117 0.000335303 0.0117537 -0.0133619 0.00159567
internal_weight=5.47146e+07 5.352e+07 5.3043e+07 3.73824e+07 1.56607e+07 3.26847e+07 2.7897e+07 1.29506e+07 2.34969e+07 4.40005e+06 2.18069e+07 6.76144e+06 4.69773e+06 1.82878e+07
internal_count=379272 366500 361372 242894 118478 232287 197960 89109 149137 48823 138655 48526 10607 119449
cat_boundaries=0 1
cat_threshold=100665472
is_linear=0
shrinkage=0.035


Tree=35
num_leaves=15
num_cat=2
split_feature=29 12 13 14 28 27 6 0 0 31 27 28 14 40
split_gain=459375 351142 299430 246916 221464 212140 184558 119047 117871 118361 111612 103519 137941 109630
threshold=1.0000000180025095e-35 1.1951342819798272 1.0071081484540072 1.1228774058946247 42.500000000000007 59.500000000000007 6.7900902059905279 0 1 1.0000000180025095e-35 6.5000000000000009 59.500000000000007 1.1228774058946247 0.20000000000000029
decision_type=2 2 2 2 2 2 2 1 1 2 2 2 2 2
left_child=1 2 3 5 -5 10 -2 -6 -7 -10 -1 12 13 -4
right_child=6 -3 11 4 7 8 -8 -9 9 -11 -12 -13 -14 -15
leaf_value=-0.00041889330236127392 -0.0011389073243207057 0.017703380906580208 0.00069794689376207397 -0.0013871022270485602 0.0014984499367189995 -4.3537250054867729e-05 -0.0071319549737618865 -0.00079386049888969569 -0.0014111724489043029 0.0036776992087238247 0.00037188477638587443 0.0012360100900610609 -0.00086420030839289041 -0.00061900618349788341
leaf_weight=5177461.812153101 415933.06870770454 476963.36024880409 7394544.5030705929 3237599.0946888924 1163945.1977477074 4066338.7726790905 778643.58815002441 3040142.1520001888 5347968.9432530403 378019.04349327087 14671568.591018915 5369723.215691328 1303945.1203517914 1891786.3478519917
leaf_count=34563 8411 5128 57943 7488 14504 19553 4361 14180 54660 3383 94862 43471 2728 14037
internal_value=-0.000543265 -6.41374e-05 -0.000332971 -0.00205814 -0.00775804 -0.000627128 -0.0220092 -0.00245945 -0.0048427 -0.00807867 0.00145259 0.00367544 0.00166827 0.00316509
internal_weight=5.47146e+07 5.352e+07 5.3043e+07 3.7083e+07 7.44169e+06 2.96414e+07 1.19458e+06 4.20409e+06 9.79233e+06 5.72599e+06 1.9849e+07 1.596e+07 1.05903e+07 9.28633e+06
internal_count=379272 366500 361372 243193 36172 207021 12772 28684 77596 58043 129425 118179 74708 71980
cat_boundaries=0 1 2
cat_threshold=369098882 133120
is_linear=0
shrinkage=0.035


Tree=36
num_leaves=15
num_cat=2
split_feature=29 12 28 14 1 40 1 11 6 36 0 14 14 0
split_gain=447618 341427 279354 486704 486674 320091 289820 237753 182894 173918 151939 148214 140965 212676
threshold=1.0000000180025095e-35 1.2616677872045445 59.500000000000007 1.1228774058946247 17.500000000000004 0.40000000000000041 18.500000000000004 0.99756204687211747 6.8180212626466581 26.250000000000004 0 0.94592306406186222 0.94592306406186222 1
decision_type=2 2 2 2 2 2 2 2 2 2 1 2 2 1
left_child=1 2 3 5 7 6 9 -4 -2 12 -6 -8 13 -1
right_child=8 -3 4 -5 10 -7 11 -9 -10 -11 -12 -13 -14 -15
leaf_value=-0.0014943051130669235 -0.0012390287574469763 0.018360324711602632 0.00022793408599865154 -0.0011560847089565536 -0.0017800795492137413 -0.0011859386930167986 0.003719492784433009 0.0016707559159755969 -0.0069341939107337028 -0.0017927878915505165 5.1249458255487644e-05 0.00074870832180182125 -0.00016314441727129753 0.0010882245175256602
leaf_weight=1010556.0011839867 430737.91061902046 412815.17473912239 5184189.8619279861 4697728.3985791206 2130154.2218265533 4789813.6797411442 1381720.0262796879 6453656.3526821136 763838.7462387085 1691522.8360819817 1945901.5005044937 3020154.1414005756 16004548.468512058 4797245.4907898903
leaf_count=14918 8553 4139 36299 10607 11783 34373 18146 47456 4219 10506 23638 30766 92564 31305
internal_value=-0.000557369 -8.44131e-05 -0.000330884 -0.00197644 0.00358494 -0.00046287 0.000971869 0.0072302 -0.0217468 -0.000571731 -0.0068229 0.00921393 0.000266685 0.00493745
internal_weight=5.47146e+07 5.352e+07 5.31072e+07 3.73933e+07 1.57139e+07 3.26956e+07 2.79057e+07 1.16378e+07 1.19458e+06 2.35039e+07 4.07606e+06 4.40187e+06 2.18123e+07 5.8078e+06
internal_count=379272 366500 362361 243185 119176 232578 198205 83755 12772 149293 35421 48912 138787 46223
cat_boundaries=0 2 3
cat_threshold=133120 262144 369098752
is_linear=0
shrinkage=0.035


Tree=37
num_leaves=15
num_cat=0
split_feature=29 12 13 6 14 27 28 14 1 1 27 12 14 11
split_gain=440613 334294 277692 180616 163514 171274 143328 232950 229642 190406 170665 142271 100672 99861
threshold=1.0000000180025095e-35 1.2616677872045445 1.0004068398063317 6.8180212626466581 1.1228774058946247 59.500000000000007 59.500000000000007 1.1228774058946247 18.500000000000004 17.500000000000004 47.500000000000007 1.0031492806529563 0.94592306406186222 0.98949419344052847
decision_type=2 2 2 2 2 2 2 2 2 2 2 2 2 2
left_child=1 2 4 -2 5 -1 7 9 13 10 -4 -6 -11 -8
right_child=3 -3 6 -5 11 -7 8 -9 -10 12 -12 -13 -14 -15
leaf_value=9.619094121307395e-05 -0.0011956627509363325 0.017717713346696539 0.00034615541764420748 -0.0066914971238580239 -0.0014510943126429476 -0.00084544160667482967 0.00024365589307744179 -0.00087013572039559611 -0.0010736205637428759 0.0033075472840358084 -0.00069950811755711091 -0.00016323263191176678 0.00064717984264205336 0.0016698729028089504
leaf_weight=15098838.183823586 430737.91061902046 412815.17473912239 7149210.5159096718 763838.7462387085 3415292.696082592 7129669.6222424507 1789397.7459592819 2020606.0473914146 1320065.2223808765 1146133.7728850842 4362824.0850868225 2132943.8265535831 2518141.3291778564 5024067.9320163727
leaf_count=103725 8553 4139 42439 4219 13721 59614 11466 3964 14560 11514 31753 14161 19975 35469
internal_value=-0.00054474 -7.54992e-05 -0.000319382 -0.0215677 -0.00273625 -0.00139464 0.0023309 0.000520281 0.00615913 0.00200667 -0.000205118 -0.0081113 0.00895542 0.00874774
internal_weight=5.47146e+07 5.352e+07 5.31072e+07 1.19458e+06 2.77767e+07 2.22285e+07 2.53304e+07 1.71969e+07 8.13353e+06 1.51763e+07 1.1512e+07 5.54824e+06 3.66428e+06 6.81347e+06
internal_count=379272 366500 362361 12772 191221 163339 171140 109645 61495 105681 74192 27882 31489 46935
is_linear=0
shrinkage=0.035


Tree=38
num_leaves=15
num_cat=0
split_feature=29 12 13 28 14 1 1 27 6 11 19 23 2 14
split_gain=432345 326320 271258 247998 396873 339426 314913 247813 179108 155352 141674 139480 229813 132777
threshold=1.0000000180025095e-35 1.1640344608067872 0.98748587608617699 59.500000000000007 1.1228774058946247 18.500000000000004 17.500000000000004 59.500000000000007 6.8180212626466581 0.99859039930622984 1.0000000180025095e-35 1.0000000180025095e-35 3.5000000000000004 0.94592306406186222
decision_type=2 2 2 2 2 2 2 2 2 2 2 2 2 2
left_child=1 2 11 4 6 9 7 10 -2 -5 -4 -1 -13 -8
right_child=8 -3 3 5 -6 -7 13 -9 -10 -11 -12 12 -14 -15
leaf_value=-0.00037758538343787363 -0.0011538145546535598 0.014821835770965443 0.00036700969981324832 0.0003450217919021073 -0.00095152463343946183 -0.0012286748594829372 0.0029041641716308717 -0.00089198095122547416 -0.0064572947245229934 0.0016115299906838256 -0.00062382383333753973 0.00027453865111356704 -0.0026160475716718048 0.00056162247927322008
leaf_weight=6509176.9860246181 430737.91061902046 550258.07983803749 10579683.494299889 4574289.9905800819 4083121.4474606514 2027830.4866518974 1864201.9162011147 6490783.7382154465 763838.7462387085 5924300.1000392437 3391942.7718818188 1093962.4897031784 2260086.9047684669 4170367.7485842705
leaf_count=60919 8553 6337 55452 28219 9101 20947 18515 47158 4219 41698 25614 8578 12278 31684
internal_value=-0.000509117 -4.42993e-05 -0.000322851 0.000875223 -0.000823862 0.00502311 0.000741349 -0.00133075 -0.0213339 0.00755519 0.00129454 -0.00555894 -0.0113571 0.00776754
internal_weight=5.47146e+07 5.352e+07 5.29697e+07 4.31065e+07 3.05801e+07 1.25264e+07 2.6497e+07 2.04624e+07 1.19458e+06 1.04986e+07 1.39716e+07 9.86323e+06 3.35405e+06 6.03457e+06
internal_count=379272 366500 360163 278388 187524 90864 178423 128224 12772 69917 81066 81775 20856 50199
is_linear=0
shrinkage=0.035


Tree=39
num_leaves=15
num_cat=0
split_feature=29 12 2 13 14 23 42 12 2 36 28 1 46 18
split_gain=418805 317999 264444 215836 208181 207836 181269 181164 157638 140410 116738 126820 113884 112570
threshold=1.0000000180025095e-35 1.2616677872045445 1.0000000180025095e-35 0.98175341264255012 1.0673257521216373 1.0000000180025095e-35 2.4499999999999997 1.0186971915067295 3.5000000000000004 28.750000000000004 59.500000000000007 17.500000000000004 3.5999999999999996 1.0000000180025095e-35
decision_type=2 2 2 2 2 2 2 2 2 2 2 2 2 2
left_child=1 2 10 5 6 -4 9 -6 -7 13 11 -1 -11 -5
right_child=-2 -3 3 4 7 8 -8 -9 -10 12 -12 -13 -14 -15
leaf_value=-0.0012201331317924853 -0.0053120864735357633 0.016578829127578371 7.8385801011722679e-05 0.00071831203666356664 -0.00061916755865847354 0.0002482631974072806 -0.0002188205385086375 0.0006935969771257102 -0.0030214367913398723 0.0011471193300330756 8.8246670870878159e-05 6.2313895349391563e-05 -0.0031997061394855334 -0.0021680436478123104
leaf_weight=4908658.5164694786 1194576.656857729 412815.17473912239 2667476.6971139908 21399167.775149345 6789156.4017572403 588623.27587127686 7131539.1079244614 2708059.5728378296 1651944.529075861 227665.85654354095 2455246.9347233772 1547853.0346672535 439847.89575195312 591951.38162398338
leaf_count=25998 12772 4139 32003 151231 29561 5433 51913 19185 9065 1463 17375 10972 2722 5440
internal_value=-0.000518335 -6.08538e-05 -0.000298718 0.000810332 0.00167484 -0.00610979 0.00311339 -0.00283749 -0.0139684 0.00464507 -0.00579874 -0.00826899 -0.0111689 0.00512509
internal_weight=5.47146e+07 5.352e+07 5.31072e+07 4.41954e+07 3.92874e+07 4.90804e+06 2.97902e+07 9.49722e+06 2.24057e+06 2.26586e+07 8.91176e+06 6.45651e+06 667514 2.19911e+07
internal_count=379272 366500 362361 308016 261515 46501 212769 48746 14498 160856 54345 36970 4185 156671
is_linear=0
shrinkage=0.035


Tree=40
num_leaves=15
num_cat=5
split_feature=11 14 0 28 1 14 27 28 0 0 0 35 27 0
split_gain=310595 192463 382856 207887 315513 202775 239647 171768 164745 147476 146153 138286 136758 128402
threshold=1.0286735586646436 0.90323770592447772 0 59.500000000000007 18.500000000000004 1.1228774058946247 59.500000000000007 59.500000000000007 1 2 3 70.000000000000014 35.500000000000007 4
decision_type=2 2 1 2 2 2 2 2 1 1 1 2 2 1
left_child=1 2 9 5 8 6 11 -2 12 -1 -9 -3 -5 -8
right_child=7 3 -4 4 -6 -7 13 10 -10 -11 -12 -13 -14 -15
leaf_value=0.0021559774645366057 0.00027843792399405545 -0.016760766061394716 -0.0021684082316548417 0.0014339365825388681 -0.0015845542636982737 -0.0010863069670039019 -0.00063974430475289515 0.0049600329357910242 0.00069431954218213631 0.00074693153929792397 0.00076319336421254772 -2.3349151052922628e-05 -0.0044267605858413434 -0.0025345989819780131
leaf_weight=1420923.2352604866 5616345.1585757732 181790.9698164463 1340869.306385994 409296.88814878464 2292171.3896286488 3802129.1451840401 5725329.7579233646 1558860.3664746284 9061454.1093785763 3155489.6726465225 1762206.2130899429 15627645.775532484 664297.10240769386 2095773.7206530571
leaf_count=5887 56487 1066 16490 2570 21638 7753 33631 21886 60948 21824 11821 87771 4434 25066
internal_value=-0.000489677 -0.00165486 0.00423525 -0.00252926 0.00122617 -0.00423051 -0.00302347 0.00547837 0.00387833 0.00905422 0.0117882 -0.000544376 -0.00908559 -0.00803467
internal_weight=5.47146e+07 4.57772e+07 5.91728e+06 3.98599e+07 1.24272e+07 2.74327e+07 2.36305e+07 8.93741e+06 1.0135e+07 4.57641e+06 3.32107e+06 1.58094e+07 1.07359e+06 7.8211e+06
internal_count=379272 289078 44201 244877 89590 155287 147534 90194 67952 27711 33707 88837 7004 58697
cat_boundaries=0 2 4 5 6 8
cat_threshold=137218 262144 0 262144 131072 369098882 137218 262144
is_linear=0
shrinkage=0.035


Tree=41
num_leaves=15
num_cat=1
split_feature=29 12 13 14 40 28 6 0 13 23 2 28 1 27
split_gain=400489 311153 250513 217452 216479 186721 178957 165578 136603 121447 120688 106634 193479 128592
threshold=1.0000000180025095e-35 1.2616677872045445 1.0152851875606703 1.0673257521216373 0.65000000000000135 30.500000000000004 6.8589864940767029 0 0.98499044697406068 1.0000000180025095e-35 3.5000000000000004 59.500000000000007 17.500000000000004 59.500000000000007
decision_type=2 2 2 2 2 2 2 1 2 2 2 2 2 2
left_child=1 2 3 4 8 -5 -2 -7 9 -1 -11 12 13 -10
right_child=6 -3 -4 5 -6 7 -8 -9 11 10 -12 -13 -14 -15
leaf_value=-2.4368298344539148e-05 -0.0010443584146294501 0.015888240336141349 0.00076007008505589967 -0.0012448683864022426 -0.0010044793789757611 0.00092806437709002396 -0.0060035021269540974 -0.00071636579423896448 0.00013344379628497854 0.00034697960062138376 -0.0023439053358715665 0.00084314278543058598 0.0010654568828358962 -0.00070679662184521051
leaf_weight=3787908.9425661564 451644.70364117622 412815.17473912239 9149707.5465128422 2874632.3829088211 3948205.7126274109 2228323.7687213421 742931.95321655273 5122366.1573250294 10515385.626348019 600306.44011735916 1380093.0805125237 4972692.9322488308 4138240.8568515778 4389327.53276968
leaf_count=39376 8748 4139 76484 7607 27469 22755 4024 21410 56742 5396 7919 35843 30612 30748
internal_value=-0.000488909 -4.15437e-05 -0.000276834 -0.00137355 -1.82017e-05 -0.00584468 -0.0205318 -0.00288697 0.00100265 -0.00383382 -0.0108574 0.00216432 0.000972535 -0.000886399
internal_weight=5.47146e+07 5.352e+07 5.31072e+07 4.39575e+07 3.37322e+07 1.02253e+07 1.19458e+06 7.35069e+06 2.9784e+07 5.76831e+06 1.9804e+06 2.40156e+07 1.9043e+07 1.49047e+07
internal_count=379272 366500 362361 285877 234105 51772 12772 44165 206636 52691 13315 153945 118102 87490
cat_boundaries=0 1
cat_threshold=369098882
is_linear=0
shrinkage=0.035


Tree=42
num_leaves=15
num_cat=3
split_feature=29 13 14 42 0 6 5 27 36 46 0 0 31 13
split_gain=386735 283699 214239 230242 216058 175069 170403 144693 128130 122168 108347 104437 102156 90783.6
threshold=1.0000000180025095e-35 1.0254239044114444 1.0673257521216373 1.5499999999999992 0 6.8589864940767029 5.5000000000000009 31.500000000000004 27.850000000000005 2.9000000000000017 1 2 1.0000000180025095e-35 0.98429530339872817
decision_type=2 2 2 2 1 2 2 2 2 2 1 1 2 2
left_child=1 2 3 8 -4 11 -6 -5 13 -10 -8 -2 -9 -1
right_child=5 -3 4 7 6 -7 10 12 9 -11 -12 -13 -14 -15
leaf_value=-0.0002754745703101356 0.001903944866794969 0.0014498764464565396 -0.0010745534856897397 8.3778728521786662e-05 -0.0019428870661178379 -0.0057933795525107034 0.0012664752448113563 -0.00091548768064679087 0.0011005132468727759 -0.0027661358170958947 -0.00039836308316324668 -0.022328922881148527 0.0047417029033762492 0.00048742077638763552
leaf_weight=4118443.2430706024 343527.76679706573 4602391.4023373127 4122819.7635915279 5765586.8719666004 753024.40474200249 742931.95321655273 1959405.4354174137 6620905.5775508881 306554.85250282288 605665.58544540405 4704447.8664906025 108116.93684411049 249541.62823343277 19711219.522900105
leaf_count=36688 6458 45572 13501 41692 1033 4024 17798 48347 1941 3756 26817 2290 2053 127302
internal_value=-0.000487829 -4.82127e-05 -0.000829838 0.00045715 -0.00499848 -0.0201836 -0.00142786 -0.00338667 0.00242024 -0.0104529 0.00035551 -0.00299877 -0.00681763 0.00291304
internal_weight=5.47146e+07 5.352e+07 4.89176e+07 3.73779e+07 1.15397e+07 1.19458e+06 7.41688e+06 1.2636e+07 2.47419e+07 912220 6.66385e+06 451645 6.87045e+06 2.38297e+07
internal_count=379272 366500 320928 261779 59149 12772 45648 92092 169687 5697 44615 8748 50400 163990
cat_boundaries=0 2 3 4
cat_threshold=131072 262144 100663424 268435584
is_linear=0
shrinkage=0.035


Tree=43
num_leaves=15
num_cat=2
split_feature=29 12 2 11 14 0 6 28 1 6 6 28 1 0
split_gain=380298 302906 242854 197408 200599 193431 166934 132012 203065 144224 105059 103906 113620 101696
threshold=1.0000000180025095e-35 1.2616677872045445 1.0000000180025095e-35 1.0069628182482735 0.90323770592447772 0 6.8589864940767029 57.500000000000007 17.500000000000004 7.9709718983248523 8.1287518518311686 59.500000000000007 17.500000000000004 1
decision_type=2 2 2 2 2 1 2 2 2 2 2 2 2 1
left_child=1 2 11 4 5 -4 13 9 -9 -5 -6 12 -1 -2
right_child=6 -3 3 7 10 -7 -8 8 -10 -11 -12 -13 -14 -15
leaf_value=-0.0011548626546973968 0.0018373067964571454 0.015308466567856787 0.0013936663487484119 0.0004633929614956662 -0.00018338671397012343 -0.0017389272290365629 -0.0055906112681728291 0.0018038125221075218 -0.00069518477552525692 -0.0005874852084808527 -0.00058822240606306653 5.8507387722119222e-05 6.6243996509618891e-05 -0.021547410580308329
leaf_weight=4908658.5164694786 343527.76679706573 412815.17473912239 3199974.8858036995 9860375.3152039051 20143415.181542397 701579.00429177284 742931.95321655273 4157768.8492939472 1199195.90634799 1567390.1883239746 3365733.1628417969 2455246.9347233772 1547853.0346672535 108116.93684411049
leaf_count=25998 6458 4139 18914 86710 138308 9397 4024 32524 13809 2653 5701 17375 10972 2290
internal_value=-0.00047691 -4.09671e-05 -0.000273118 0.000789695 -0.00104076 0.00630896 -0.0200081 0.00377896 0.00831251 0.00165378 -0.00226051 -0.00554385 -0.00787437 -0.00322729
internal_weight=5.47146e+07 5.352e+07 5.31072e+07 4.41954e+07 2.74107e+07 3.90155e+06 1.19458e+06 1.67847e+07 5.35696e+06 1.14278e+07 2.35091e+07 8.91176e+06 6.45651e+06 451645
internal_count=379272 366500 362361 308016 172320 28311 12772 135696 46333 89363 144009 54345 36970 8748
cat_boundaries=0 2 3
cat_threshold=137218 262144 268435584
is_linear=0
shrinkage=0.035


Tree=44
num_leaves=15
num_cat=2
split_feature=29 12 13 6 21 2 3 1 40 11 1 0 14 0
split_gain=371954 294650 230037 159713 130120 190220 137373 257997 159904 111730 108189 105859 97532.7 161433
threshold=1.0000000180025095e-35 1.2616677872045445 1.0004068398063317 6.8879829217735882 1.0000000180025095e-35 1.0000000180025095e-35 1.0000000180025095e-35 17.500000000000004 0.099999999999999992 1.0617669590340555 19.500000000000004 0 0.94592306406186222 1
decision_type=2 2 2 2 2 2 2 2 2 2 2 1 2 1
left_child=1 2 4 11 5 -1 7 -6 -8 12 -9 -2 13 -4
right_child=3 -3 9 -5 6 -7 8 10 -10 -11 -12 -13 -14 -15
leaf_value=-0.00070684998674022518 0.0016466058658119326 0.014772670237981799 0.0019903313659266142 -0.0054058407174482088 -0.0004998949330860099 0.00019008299977917918 0.00044348144534318867 -0.0035835723731629031 -0.0028001808468405168 0.0022130955708295989 -0.00080033166273357661 -0.020403292853859209 4.6628386409507054e-05 0.00040699954613413375
leaf_weight=5977019.5266814232 351690.67673206329 412815.17473912239 1099432.6525473595 727049.49195861816 2975750.0452053547 13688170.416529417 2834641.2713468075 1230865.8388404846 708444.74184465408 1778952.7215430737 361852.48825407028 115836.4881670475 19040673.956321955 3411387.3203949928
leaf_count=36563 6532 4139 4573 3881 15405 96268 27987 4309 7003 22287 3686 2359 114227 30053
internal_value=-0.000455721 -2.45873e-05 -0.000253553 -0.0197714 -0.00245329 -0.000914771 -0.00618318 -0.0101944 -0.00101114 0.00215863 -0.0215632 -0.00381212 0.00151977 0.00614727
internal_weight=5.47146e+07 5.352e+07 5.31072e+07 1.19458e+06 2.77767e+07 1.96652e+07 8.11155e+06 4.56847e+06 3.54309e+06 2.53304e+07 1.59272e+06 467527 2.35515e+07 4.51082e+06
internal_count=379272 366500 362361 12772 191221 132831 58390 23400 34990 171140 7995 8891 148853 34626
cat_boundaries=0 1 2
cat_threshold=268435584 131072
is_linear=0
shrinkage=0.035


Tree=45
num_leaves=15
num_cat=1
split_feature=29 12 13 19 6 14 0 27 1 27 23 2 1 36
split_gain=362279 283615 219147 190109 151266 147490 252423 214558 142533 141416 128512 194367 131060 115635
threshold=1.0000000180025095e-35 1.2616677872045445 0.9871557775354286 1.0000000180025095e-35 6.8879829217735882 1.0429066411824164 0 59.500000000000007 17.500000000000004 7.5000000000000009 1.0000000180025095e-35 3.5000000000000004 17.500000000000004 27.850000000000005
decision_type=2 2 2 2 2 2 1 2 2 2 2 2 2 2
left_child=1 2 10 5 -2 7 -7 9 13 -4 -1 -12 -13 -9
right_child=4 -3 3 -5 -6 6 -8 8 -10 -11 11 12 -14 -15
leaf_value=-0.00031176155113854309 -0.0012659740865872278 0.014255626779652437 0.00011048344638701095 -0.00042422934306385779 -0.0052166362923375207 -0.0007007290530927834 0.00035554203841607721 -0.00021274836038582894 0.0010914972861423252 0.0010558003890540151 0.000244290166903601 -0.00090981564784571676 -0.0034293113536634644 -0.0026463458629700197
leaf_weight=6394265.9162251949 467527.16489911079 412815.17473912239 3795152.3415317535 10520708.182436943 727049.49195861816 3957248.1675982475 6913111.2066082954 6084887.5669515133 1962810.5563981533 9671481.9019200802 1065918.827786684 999889.5030207634 1222280.9817111492 519435.82732081413
leaf_count=60378 8891 4139 23883 82130 3881 12472 39855 42698 17757 59555 8415 6374 5767 3077
internal_value=-0.000453147 -2.76568e-05 -0.000252293 0.000809356 -0.019516 0.00211883 -0.00121732 0.00376473 -0.000565477 0.00651949 -0.00501373 -0.0106368 -0.0165304 -0.0030266
internal_weight=5.47146e+07 5.352e+07 5.31072e+07 4.34248e+07 1.19458e+06 3.29041e+07 1.08704e+07 2.20338e+07 8.56713e+06 1.34666e+07 9.68236e+06 3.28809e+06 2.22217e+06 6.60432e+06
internal_count=379272 366500 362361 281427 12772 199297 52327 146970 63532 83438 80934 20556 12141 45775
cat_boundaries=0 2
cat_threshold=131072 262144
is_linear=0
shrinkage=0.035


Tree=46
num_leaves=15
num_cat=0
split_feature=29 12 13 14 12 41 6 15 1 1 1 46 36 46
split_gain=349600 271311 209045 187339 222389 201553 147399 144978 132100 125356 120032 107004 105196 140867
threshold=1.0000000180025095e-35 1.2616677872045445 1.0188698095297759 1.1228774058946247 1.0027485388641131 2.6000000000000014 6.8879829217735882 1.0000000180025095e-35 8.5000000000000018 6.5000000000000009 11.500000000000002 1.7 27.850000000000005 2.9000000000000017
decision_type=2 2 2 2 2 2 2 2 2 2 2 2 2 2
left_child=1 2 3 5 -5 12 -2 -7 9 -6 -10 -12 -1 -14
right_child=6 -3 -4 4 8 7 -8 -9 10 -11 11 -13 13 -15
leaf_value=0.0001745889944087704 -0.0012216649935566743 0.013756679842364603 0.00084266894080537369 -0.0010817631673871433 -0.0024915496545299819 -0.0016791717640578425 -0.0050340540221057075 3.540999866354748e-05 -0.001436931433453749 0.0021982200541469307 -0.00088811468488185529 0.001065870110795416 0.00088307364984494029 -0.0027707944224266254
leaf_weight=30779729.429943562 467527.16489911079 412815.17473912239 7093628.6134700775 4878181.766194582 139055.34035968781 2772410.4485132694 727049.49195861816 2075781.6667861938 983699.69639205933 791074.31958293915 1243015.8685963154 1370856.3932113647 333349.18709278107 646408.24936676025
leaf_count=213280 8891 4139 62726 18007 3282 20091 3881 14276 5078 3166 8662 7718 2046 4029
internal_value=-0.000449337 -3.13591e-05 -0.000251069 -0.00111326 -0.00551906 1.87569e-05 -0.0191756 -0.00662819 6.71292e-05 0.0118245 -0.0029727 0.000949251 0.00103344 -0.0102568
internal_weight=5.47146e+07 5.352e+07 5.31072e+07 4.60136e+07 9.40588e+06 3.66077e+07 1.19458e+06 4.84819e+06 4.5277e+06 930130 3.59757e+06 2.61387e+06 3.17595e+07 979757
internal_count=379272 366500 362361 299635 45913 253722 12772 34367 27906 6448 21458 16380 219355 6075
is_linear=0
shrinkage=0.035


Tree=47
num_leaves=15
num_cat=3
split_feature=29 12 14 41 0 11 14 0 6 15 28 1 28 0
split_gain=337401 265459 210244 238245 189333 166127 166304 197574 142945 140569 139099 151010 137413 105853
threshold=1.0000000180025095e-35 1.1062262025742085 1.0673257521216373 3.2500000000000027 0 1.0062973470029701 0.90323770592447772 1 6.8879829217735882 1.0000000180025095e-35 59.500000000000007 18.500000000000004 28.500000000000004 2
decision_type=2 2 2 2 1 2 2 1 2 2 2 2 2 1
left_child=1 2 3 5 -4 6 7 -1 13 -5 -7 -12 -6 -2
right_child=8 -3 4 9 12 10 -8 -9 -10 -11 11 -13 -14 -15
leaf_value=0.0015440999035325833 0.0016760420283135507 0.0045564983088497409 -0.00090466384500646258 -0.0017586111037000971 -0.0010322335099398731 0.00036812375619999654 -0.00017880399599932612 -0.00066616785826230222 -0.004857862131332007 8.055811496787727e-05 0.0019890866814485978 -0.00092714776298018784 0.00019315549374169825 -0.019602110236169097
leaf_weight=2539676.2054386139 351690.67673206329 1172763.6426756382 4379281.6036384106 2569536.4653310776 1764880.2006173134 10045076.324958086 18212326.534976959 1422065.8904311657 727049.49195861816 1757159.2241046429 2978859.7036197186 543022.4143538475 6135357.944103241 115836.4881670475
leaf_count=12512 6532 13736 14566 19455 5735 84793 114273 15230 3881 12614 22621 7851 43114 2359
internal_value=-0.000437874 -2.72531e-05 -0.000396204 0.000831734 -0.00440293 0.00177076 -9.5718e-05 0.00640313 -0.0188345 -0.00692515 0.00482136 0.0108065 -0.00116719 -0.00373624
internal_weight=5.47146e+07 5.352e+07 5.23472e+07 4.00677e+07 1.22795e+07 3.5741e+07 2.21741e+07 3.96174e+06 1.19458e+06 4.3267e+06 1.3567e+07 3.52188e+06 7.90024e+06 467527
internal_count=379272 366500 352764 289349 63415 257280 142015 27742 12772 32069 115265 30472 48849 8891
cat_boundaries=0 2 3 4
cat_threshold=131072 262144 137216 268435584
is_linear=0
shrinkage=0.035


Tree=48
num_leaves=15
num_cat=1
split_feature=29 12 13 28 1 1 14 14 27 6 0 1 23 2
split_gain=328562 257139 205254 199857 282973 276526 179351 165592 198680 137096 131976 129870 122195 189719
threshold=1.0000000180025095e-35 1.2616677872045445 0.9871557775354286 59.500000000000007 19.500000000000004 17.500000000000004 0.94592306406186222 1.1228774058946247 59.500000000000007 6.9231441342232412 0 6.5000000000000009 1.0000000180025095e-35 3.5000000000000004
decision_type=2 2 2 2 2 2 2 2 2 2 1 2 2 2
left_child=1 2 12 5 10 7 -7 8 -4 -2 -5 -10 -1 -14
right_child=9 -3 3 4 -6 6 -8 -9 11 -11 -12 -13 13 -15
leaf_value=-0.0002970763897052337 -0.0013008607401133068 0.013115718607072099 0.00010640992181668684 0.00027497572963817052 -0.0018280531562211765 0.0026939625597752486 0.00024821953679723502 -0.00078775854800800871 0.0017273452597236921 -0.0047204590742492749 0.0011559208763149743 -0.00093061902897207717 0.00026143831794335704 -0.0022338567170266887
leaf_weight=6394265.9162251949 489974.34949231148 412815.17473912239 14065018.799497128 4760425.265204668 1243180.4602723122 1874768.6102855206 5139675.1679873466 3142172.0563762188 357433.16235661507 704602.30736541748 6651680.0347561836 6190482.194029808 1065918.827786684 2222170.4847319126
leaf_count=60378 9083 4139 81588 25309 16993 18673 34609 6433 10608 3689 50154 37060 8415 12141
internal_value=-0.000438336 -3.31297e-05 -0.000247024 0.000780422 0.00448282 -0.000742346 0.00536366 -0.00254534 -0.00140442 -0.0185924 0.0062102 -0.00644051 -0.00485506 -0.0103382
internal_weight=5.47146e+07 5.352e+07 5.31072e+07 4.34248e+07 1.26553e+07 3.07695e+07 7.01444e+06 2.37551e+07 2.06129e+07 1.19458e+06 1.14121e+07 6.54792e+06 9.68236e+06 3.28809e+06
internal_count=379272 366500 362361 281427 92456 188971 53282 135689 129256 12772 75463 47668 80934 20556
cat_boundaries=0 2
cat_threshold=6144 262144
is_linear=0
shrinkage=0.035


Tree=49
num_leaves=15
num_cat=0
split_feature=29 12 2 13 23 1 28 1 1 14 20 27 14 1
split_gain=315300 247208 201030 170764 178739 140959 128600 292002 208048 140370 127661 147553 125722 125082
threshold=1.0000000180025095e-35 1.3647524245143778 1.0000000180025095e-35 0.98175341264255012 1.0000000180025095e-35 17.500000000000004 57.500000000000007 18.500000000000004 18.500000000000004 1.1228774058946247 1.0000000180025095e-35 47.500000000000007 0.94592306406186222 6.5000000000000009
decision_type=2 2 2 2 2 2 2 2 2 2 2 2 2 2
left_child=1 2 -1 4 -4 -6 8 13 9 10 11 -5 -10 -8
right_child=-2 -3 3 6 5 -7 7 -9 12 -11 -12 -13 -14 -15
leaf_value=-0.00059149053387276822 -0.003823348798088684 0.014393589063834398 0.0001222478291887407 0.00031506955684557753 -0.00050154313557560285 -0.0031758919256993355 -0.001453729268953469 -0.0011813843917629187 0.0033769000781701591 -0.00067850723563349065 -0.0040995745101943789 -0.00043217429011494196 0.00050208726149343727 0.0010807523897254352
leaf_weight=8926103.5238473415 1194576.656857729 329191.31011009216 2678171.1597518921 12885153.456871748 1093964.7814700603 1153412.4099860191 528751.79226207733 1975396.7667953968 1135209.4905626774 3131740.2911293507 576306.10117197037 6834955.7787742615 2996769.4726967812 9274879.818819046
leaf_count=54517 12772 3120 32147 73249 8336 6240 13696 21293 14686 6286 6044 46647 26843 53396
internal_value=-0.000421574 -2.46297e-05 -0.000211764 0.00075447 -0.00538911 -0.0126674 0.00152369 0.00458468 0.000215445 -0.00106164 2.55556e-06 0.000477086 0.00745644 0.00705834
internal_weight=5.47146e+07 5.352e+07 5.31908e+07 4.42647e+07 4.92555e+06 2.24738e+06 3.93392e+07 1.1779e+07 2.75601e+07 2.34282e+07 2.02964e+07 1.97201e+07 4.13198e+06 9.80363e+06
internal_count=379272 366500 363380 308863 46723 14576 262140 88385 173755 132226 125940 119896 41529 67092
is_linear=0
shrinkage=0.035


Tree=50
num_leaves=15
num_cat=0
split_feature=29 12 13 6 21 2 6 1 11 14 28 17 28 1
split_gain=299457 237940 190908 133996 117511 157686 131149 155171 105617 105880 119714 103663 96304.3 113211
threshold=1.0000000180025095e-35 1.3647524245143778 1.0004068398063317 6.9379782004961577 1.0000000180025095e-35 1.0000000180025095e-35 7.5504001876862077 17.500000000000004 1.0286735586646436 0.94592306406186222 25.500000000000004 1.0000000180025095e-35 59.500000000000007 19.500000000000004
decision_type=2 2 2 2 2 2 2 2 2 2 2 2 2 2
left_child=1 2 4 -2 5 -1 11 -8 9 10 -4 -6 -11 -14
right_child=3 -3 8 -5 6 -7 7 -9 -10 12 -12 -13 13 -15
leaf_value=-0.00064059779105999639 -0.0011685383137302323 0.013889813446600193 0.0016531782266771915 -0.0044269187859036323 -0.00016986597481086709 0.00016919865771323391 -0.000627992422479971 -0.002624016138157487 0.0010491822667925961 -0.00027829523719017984 -4.2365060663451393e-05 -0.0062818053080619281 0.00065231067491497473 -0.0017082977127006022
leaf_weight=5982539.5683646202 498397.53117108345 329191.31011009216 2100858.6182525158 696179.12568664551 4582074.9212517738 13701510.411273241 2271120.8116455078 1035278.0998382568 5365370.3586170673 10232006.755922079 1956634.1628406048 231423.34766817093 5131774.9438650608 600222.84459972382
leaf_count=36635 9154 3120 14703 3618 46934 96439 5999 2575 52344 51068 14149 2995 32614 6925
internal_value=-0.000411416 -2.45735e-05 -0.000208166 -0.0177428 -0.00221177 -0.00075036 -0.00575449 -0.0111214 0.0019862 0.000817562 0.00586613 -0.00206791 -0.00046561 0.0031664
internal_weight=5.47146e+07 5.352e+07 5.31908e+07 1.19458e+06 2.78039e+07 1.9684e+07 8.1199e+06 3.3064e+06 2.53869e+07 2.00215e+07 4.05749e+06 4.8135e+06 1.5964e+07 5.732e+06
internal_count=379272 366500 363380 12772 191577 133074 58503 8574 171803 119459 28852 49929 90607 39539
is_linear=0
shrinkage=0.035


Tree=51
num_leaves=15
num_cat=2
split_feature=29 12 13 28 14 40 14 0 46 6 0 11 6 36
split_gain=286884 231809 179212 170903 224934 221143 135844 154313 133700 130173 118544 115892 110373 116189
threshold=1.0000000180025095e-35 1.2616677872045445 0.9871557775354286 59.500000000000007 1.1228774058946247 0.40000000000000041 0.90323770592447772 0 0.09999999999999977 6.9379782004961577 1 0.99824995521796123 7.8575314057779044 10.65
decision_type=2 2 2 2 2 2 2 1 2 2 1 2 2 2
left_child=1 2 -1 4 5 6 7 -4 -5 10 -2 -10 13 -8
right_child=9 -3 3 8 -6 -7 12 -9 11 -11 -12 -13 -14 -15
leaf_value=-0.00068249462618027393 0.0014731918975438248 0.011822705812211455 0.0022567081980484145 -2.0243183076733721e-05 -0.0007158770053314567 -0.00089266642292601633 0.00079794691701758535 0.00059083855407426802 0.00024938257381822268 -0.0042719766283970057 -0.018362505723247931 0.0015137233146596243 -0.00030534455317946592 -0.00010143598264720447
leaf_weight=9682355.2287437916 371141.52948474884 412815.17473912239 980478.27560448647 5191625.8669111729 4089460.5221295357 3886581.9292056561 6076290.3845684528 3067147.2124574184 3141680.5915932655 696179.12568664551 127256.00168633461 4321979.3017287254 5565386.0935974121 7104205.5729696751
leaf_count=80934 6701 4139 4173 48103 9121 26304 42817 29070 17474 3618 2453 26879 12351 65135
internal_value=-0.000400133 -2.14988e-05 -0.000224586 0.00073547 -0.000672681 0.000498905 0.0018147 0.0076295 0.00415919 -0.0173638 -0.00370858 0.00715955 0.000559165 0.0023043
internal_weight=5.47146e+07 5.352e+07 5.31072e+07 4.34248e+07 3.07695e+07 2.66801e+07 2.27935e+07 4.04763e+06 1.26553e+07 1.19458e+06 498398 7.46366e+06 1.87459e+07 1.31805e+07
internal_count=379272 366500 362361 281427 188971 179850 153546 33243 92456 12772 9154 44353 120303 107952
cat_boundaries=0 1 2
cat_threshold=131072 268435584
is_linear=0
shrinkage=0.035


Tree=52
num_leaves=15
num_cat=3
split_feature=29 12 13 14 42 0 6 5 0 40 0 28 14 28
split_gain=275095 225323 178589 155293 188333 158803 121130 121051 120477 100552 88574.2 85434.6 79485.8 108577
threshold=1.0000000180025095e-35 1.3647524245143778 1.0188698095297759 1.0673257521216373 1.5499999999999992 0 6.9806020154335 5.5000000000000009 1 3.1500000000000008 2 27.500000000000004 0.94592306406186222 57.500000000000007
decision_type=2 2 2 2 2 1 2 2 1 2 1 2 2 2
left_child=1 2 3 4 -1 11 8 -7 -2 12 -9 -5 -6 -14
right_child=6 -3 -4 5 9 7 -8 10 -10 -11 -12 -13 13 -15
leaf_value=0.00024707707098297905 0.0011506197850240315 0.012989875272541786 0.00077816419474435869 -0.0014597707726901243 0.00026668683489369463 -0.0019351132738982147 -0.004197042488252813 0.0015535975598232701 -0.017801592144077082 -0.0024788385376519977 -0.00026893362155396938 -0.00073395999547389186 -0.00077853375419711186 0.00021415707015746355
leaf_weight=23372708.090936422 390825.17126178741 329191.31011009216 7143474.6657931805 803395.97863197327 3387130.9275534153 706638.5895678997 667864.60646057129 1079258.8032231331 135886.87913537025 779690.22090387344 5036372.0744724274 3111462.3935968876 5461969.1811492443 2308713.9183101654
leaf_count=159024 6863 3120 63301 1766 27324 976 3388 12000 2521 5779 28893 10986 36306 17025
internal_value=-0.000403785 -3.30119e-05 -0.000211671 -0.00101046 0.000110366 -0.00469639 -0.0170152 -0.00147199 -0.00446505 -0.0034663 0.000112781 -0.0103154 -0.00261715 -0.00456749
internal_weight=5.47146e+07 5.352e+07 5.31908e+07 4.60473e+07 3.53102e+07 1.07371e+07 1.19458e+06 6.82227e+06 526712 1.19375e+07 6.11563e+06 3.91486e+06 1.11578e+07 7.77068e+06
internal_count=379272 366500 363380 300079 245458 54621 12772 41869 9384 86434 40893 12752 80655 53331
cat_boundaries=0 2 3 4
cat_threshold=131072 262144 268435584 100663296
is_linear=0
shrinkage=0.035


Tree=53
num_leaves=15
num_cat=2
split_feature=29 11 2 6 14 0 27 28 0 28 13 28 14 1
split_gain=266708 217028 167284 129502 182031 142581 134676 130205 113210 166435 109334 98711.8 97734.1 113948
threshold=1.0000000180025095e-35 1.0617669590340555 1.0000000180025095e-35 8.0005268660031277 0.94592306406186222 0 58.500000000000007 17.500000000000004 1 57.500000000000007 0.98175341264255012 25.500000000000004 1.0429066411824164 19.500000000000004
decision_type=2 2 2 2 2 1 2 2 1 2 2 2 2 2
left_child=1 2 -1 5 11 12 -7 -8 9 -2 -6 -5 -4 -14
right_child=8 -3 3 4 10 6 7 -9 -10 -11 -12 -13 13 -15
leaf_value=-0.00061192259569206793 -0.0023782783438607287 0.0020440163217951123 0.0011280363172219471 0.0019815180430374679 -0.0025737100453431228 0.00028565069587743031 -0.0015623296092571266 -0.00015782908208369304 -0.016597338032061232 0.0048315119284685374 -0.00036258730419618852 -0.00015051543571272281 0.00051907762679679009 -0.0019120130814558559
leaf_weight=8531434.2475090027 652562.54210805893 2980856.2656846046 3481571.3411846161 528679.05426025391 416155.31369018555 20616174.089495182 1965722.4311335087 7274662.1976745129 333366.45636773109 208647.65838193893 6309467.715057373 425980.21917724609 636072.16546773911 353231.11391448975
leaf_count=49686 5649 37824 19427 1268 841 152134 17763 69680 3428 3695 11675 987 3600 1615
internal_value=-0.000388578 -2.34999e-05 -0.000564783 0.000342677 -0.00376572 0.00126188 0.000388994 -0.00312218 -0.0167448 -0.0100406 -0.00579579 0.0105361 0.00709096 -0.00261674
internal_weight=5.47146e+07 5.352e+07 5.05391e+07 4.20077e+07 7.68028e+06 3.43274e+07 2.98566e+07 9.24038e+06 1.19458e+06 861210 6.72562e+06 954659 4.47087e+06 989303
internal_count=379272 366500 328676 278990 14771 264219 239577 87443 12772 9344 12516 2255 24642 5215
cat_boundaries=0 1 2
cat_threshold=131072 268435584
is_linear=0
shrinkage=0.035


Tree=54
num_leaves=15
num_cat=2
split_feature=29 12 13 14 42 0 23 1 0 28 27 5 36 46
split_gain=258197 212365 170565 154256 182678 142782 125216 124623 116372 157352 111983 109744 107999 106960
threshold=1.0000000180025095e-35 1.1062262025742085 0.98175341264255012 1.0673257521216373 1.5499999999999992 0 1.0000000180025095e-35 17.500000000000004 1 57.500000000000007 31.500000000000004 5.5000000000000009 27.850000000000005 2.9000000000000017
decision_type=2 2 2 2 2 1 2 2 1 2 2 2 2 2
left_child=1 2 6 4 12 -5 -1 -8 9 -2 -6 -7 -4 -14
right_child=8 -3 3 5 10 11 7 -9 -10 -11 -12 -13 13 -15
leaf_value=-0.00032289365779567989 -0.0022950386018256034 0.0039067553587019358 0.00047260954591587861 -0.00064450087755605766 0.00020461528023652242 -0.0017730481187082198 -0.00051980826741294744 -0.002997791028574229 -0.016016431200939089 0.0046624090109721392 -0.00060433052712586556 0.00045172567683086673 0.0011006205493157789 -0.0025232879950959847
leaf_weight=4039260.1093833447 652562.54210805893 1172763.6426756382 22383365.1004529 5922905.1794719696 5304587.5888175964 553398.74101376534 1055734.0073168278 1147078.6439604759 333366.45636773109 208647.65838193893 6475934.8800122738 4626118.7171883583 299755.49210429192 539104.05185127258
leaf_count=42639 5649 13736 152351 19741 37815 850 8015 6192 3428 3695 46018 34021 1930 3192
internal_value=-0.000364097 -4.89127e-06 -0.00033489 0.000400226 0.0015404 -0.00319442 -0.00576459 -0.0124772 -0.0164573 -0.00966004 -0.00200961 0.00105001 0.00334131 -0.00898807
internal_weight=5.47146e+07 5.352e+07 5.23472e+07 4.61052e+07 3.50027e+07 1.11024e+07 6.24207e+06 2.20281e+06 1.19458e+06 861210 1.17805e+07 5.17952e+06 2.32222e+07 838860
internal_count=379272 366500 352764 295918 241306 54612 56846 14207 12772 9344 83833 34871 157473 5122
cat_boundaries=0 2 3
cat_threshold=135168 262144 268435584
is_linear=0
shrinkage=0.035


Tree=55
num_leaves=15
num_cat=4
split_feature=29 12 11 14 0 28 1 0 27 17 0 28 1 0
split_gain=249848 206330 165902 201416 207274 149615 175659 118921 148154 118012 98839.2 88036.6 184998 120940
threshold=1.0000000180025095e-35 1.3647524245143778 1.0088758620090961 0.90323770592447772 0 59.500000000000007 18.500000000000004 1 59.500000000000007 1.0000000180025095e-35 2 59.500000000000007 17.500000000000004 3
decision_type=2 2 2 2 1 2 2 1 2 2 1 2 2 1
left_child=1 2 3 4 -1 9 10 8 -2 -4 -7 -5 13 -13
right_child=7 -3 5 11 -6 6 -8 -9 -10 -11 -12 12 -14 -15
leaf_value=0.0012388917091745407 0.0048287763492829722 0.01235398172280373 0.00036389204865524551 -0.00044179457994446031 -0.0010647061084545122 0.00059142821328194101 -0.0011099463120449991 -0.01545585610890622 -0.0021744664762563953 -0.00053160043408007551 0.002027728690141685 0.0009212355013078873 -0.0010825087604081521 -0.00012578889020623625
leaf_weight=3516679.9414858818 197406.97221660614 329191.31011009216 8251051.8262753487 20404920.663726568 1282727.599943161 2032102.8982200623 942406.31057024002 333366.45636773109 663803.22827339172 4474222.2011520863 2964867.4859759808 2752814.4782693386 2637494.2412714958 3931527.1972484589
leaf_count=18894 3507 3120 66343 113163 15175 11754 13460 3428 5837 33783 26288 20260 19130 25130
internal_value=-0.000363657 -1.03066e-05 -0.00018127 -0.00161845 0.0050346 0.00247725 0.00706403 -0.0161945 -0.00932324 0.000336411 0.00967799 -0.00269259 0.00012542 0.00322261
internal_weight=5.47146e+07 5.352e+07 5.31908e+07 3.45262e+07 4.79941e+06 1.86647e+07 5.93938e+06 1.19458e+06 861210 1.27253e+07 4.99697e+06 2.97268e+07 9.32184e+06 6.68434e+06
internal_count=379272 366500 363380 211752 34069 151628 51502 12772 9344 100126 38042 177683 64520 45390
cat_boundaries=0 2 3 5 6
cat_threshold=137216 262144 268435584 6144 262144 369229824
is_linear=0
shrinkage=0.035


Tree=56
num_leaves=15
num_cat=3
split_feature=29 12 41 14 12 15 11 14 0 28 1 0 27 0
split_gain=242750 198320 160281 182859 172446 144272 125333 140278 170901 132095 123412 120127 138299 101737
threshold=1.0000000180025095e-35 1.3647524245143778 3.2500000000000027 1.0673257521216373 1.0244828202195573 1.0000000180025095e-35 1.0034566693483129 0.90323770592447772 0 59.500000000000007 18.500000000000004 1 59.500000000000007 2
decision_type=2 2 2 2 2 2 2 2 1 2 2 1 2 1
left_child=1 2 3 6 13 -4 7 8 -1 -8 -11 12 -2 -5
right_child=11 -3 5 4 -6 -7 9 -9 -10 10 -12 -13 -14 -15
leaf_value=0.0014032507904997227 0.0046597691770580681 0.011921592362505598 -0.0015844419326667687 -7.3289501153768125e-05 0.00056953833161203326 0.00011506386299617962 0.00028602022320296664 -0.00017717092095492564 -0.00068292444214666098 0.0016559456866565567 -0.00072853384877470933 -0.014914901145094502 -0.0020983601495874211 -0.00083772697706980094
leaf_weight=2436597.8046262264 197406.97221660614 329191.31011009216 2877264.1349720955 3043869.2577841282 3122078.2758243084 1991828.5525999069 11416173.869792938 16986049.027314663 1342158.4885113239 3358593.5254096985 613773.88044977188 333366.45636773109 663803.22827339172 6002428.0268535614
leaf_count=12092 3507 3120 21966 16494 22809 14220 93645 108723 14505 25556 8640 3428 5837 24730
internal_value=-0.000356753 -8.45834e-06 -0.00017607 0.00043381 -0.00327738 -0.00622861 0.00168291 -9.11198e-05 0.00600805 0.00407673 0.00957401 -0.0159611 -0.00905509 -0.00572512
internal_weight=5.47146e+07 5.352e+07 5.31908e+07 4.83217e+07 1.21684e+07 4.86909e+06 3.61533e+07 2.07648e+07 3.77876e+06 1.53885e+07 3.97237e+06 1.19458e+06 861210 9.0463e+06
internal_count=379272 366500 363380 327194 64033 36186 263161 135320 26597 127841 34196 12772 9344 41224
cat_boundaries=0 1 2 3
cat_threshold=137216 268435584 100665472
is_linear=0
shrinkage=0.035


Tree=57
num_leaves=15
num_cat=3
split_feature=11 40 14 0 6 36 14 1 28 0 21 6 0 5
split_gain=199585 163630 146129 236084 213949 181681 158168 129361 144452 164936 137825 137485 117381 130676
threshold=1.0617669590340555 3.1500000000000008 1.0038121718465678 0 8.0005268660031277 4.2500000000000009 0.90323770592447772 17.500000000000004 59.500000000000007 1 1.0000000180025095e-35 7.3462940337827982 2 5.5000000000000009
decision_type=2 2 2 1 2 2 2 2 2 1 2 2 1 2
left_child=1 2 3 6 12 -5 -1 8 9 -7 -9 -12 -4 -14
right_child=-2 -3 4 5 -6 7 -8 10 -10 -11 11 -13 13 -15
leaf_value=0.0019276361959913164 0.0018520546711720274 -0.0022896455268000952 -0.0013247985706522939 0.00093731409838687229 -0.0006847728986605513 -0.00031140447891348264 0.00035953927265353704 0.0010628344788456594 0.00061087874283176076 -0.0017234679972953041 0.00028455057267258357 -0.00347782182033188 -0.001538964794705984 0.00015435481633998207
leaf_weight=1446602.2999820709 3102323.9468374252 964910.30385255814 2495422.561414957 3018483.7818450928 5473409.171661377 7278498.6181042194 4911199.0432398319 3133865.637346983 2177326.336514473 3764140.6586453915 849607.19216752052 391114.45538330078 880237.57897520065 14827441.225136042
leaf_count=6328 39962 7007 15275 15087 9979 47133 17913 31215 19540 42047 12773 1457 1844 111712
internal_value=-0.000348651 -0.000866912 -0.000594899 0.00116655 -0.00260143 -0.00065205 0.00706273 -0.00201305 -0.00373941 -0.00536399 0.00320402 -0.00666933 -0.000777028 0.000343213
internal_weight=5.47146e+07 5.16123e+07 5.06473e+07 2.69708e+07 2.36765e+07 2.0613e+07 6.3578e+06 1.75946e+07 1.322e+07 1.10426e+07 4.37459e+06 1.24072e+06 1.82031e+07 1.57077e+07
internal_count=379272 339310 332303 193493 138810 169252 24241 154165 108720 89180 45445 14230 128831 113556
cat_boundaries=0 1 3 5
cat_threshold=131072 6146 262144 0 262144
is_linear=0
shrinkage=0.035


Tree=58
num_leaves=15
num_cat=3
split_feature=29 12 13 19 0 28 14 0 36 40 45 0 36 14
split_gain=238917 190236 158124 141741 121066 131374 114581 163298 115849 102113 108930 100941 111337 100333
threshold=1.0000000180025095e-35 1.1062262025742085 0.98748587608617699 1.0000000180025095e-35 0 57.500000000000007 1.0038121718465678 1 28.750000000000004 1.0000000180025095e-35 1.0000000180025095e-35 2 10.65 0.90323770592447772
decision_type=2 2 2 2 1 2 2 1 2 2 2 1 2 2
left_child=1 2 -1 6 5 -2 8 -8 11 10 -5 13 -13 -4
right_child=4 -3 3 9 -6 -7 7 -9 -10 -11 -12 12 -14 -15
leaf_value=-0.00064241461444168493 -0.0020213272293477008 0.0036203717240807071 0.0019650116102697419 0.00013224088599889927 -0.014387119346313719 0.0041440991942952293 0.0011452854183158522 -0.00022985654326344911 -0.0017278240192096363 -0.0010689651620405876 -0.0012530027698346902 0.0010011738902215319 5.9446241142456988e-05 0.00049540317842408893
leaf_weight=9711378.0629198551 652562.54210805893 1172763.6426756382 941611.83093357086 6211072.0550727844 333366.45636773109 208647.65838193893 2817996.7105474472 12742936.40903306 585140.94355893135 3012984.414047718 1100909.848426342 3837558.6217005253 8192579.2683343887 3193074.3469984531
leaf_count=80075 5649 13736 3807 50893 3428 3695 24243 59390 3433 23367 5459 24259 67135 10703
internal_value=-0.000334778 1.07555e-05 -0.000301576 0.000616487 -0.0158154 -0.0088825 0.00175726 -0.000405157 0.00376617 -0.00295343 -0.000719115 0.00431997 0.00269851 0.00903765
internal_weight=5.47146e+07 5.352e+07 5.23472e+07 4.26359e+07 1.19458e+06 861210 3.23109e+07 1.55609e+07 1.675e+07 1.0325e+07 7.31198e+06 1.61648e+07 1.20301e+07 4.13469e+06
internal_count=379272 366500 352764 272689 12772 9344 192970 83633 109337 79719 56352 105904 91394 14510
cat_boundaries=0 1 2 3
cat_threshold=268435584 100663424 131072
is_linear=0
shrinkage=0.035


Tree=59
num_leaves=15
num_cat=4
split_feature=11 40 14 0 28 0 28 1 0 1 27 42 0 1
split_gain=186819 141943 145089 251847 112200 133998 103801 241697 149797 126483 126054 101513 101487 100705
threshold=1.0286735586646436 3.1500000000000008 0.90323770592447772 0 53.500000000000007 1 59.500000000000007 19.500000000000004 2 18.500000000000004 35.500000000000007 1.0000000180025095e-35 3 6.5000000000000009
decision_type=2 2 2 1 2 1 2 2 1 2 2 2 1 2
left_child=1 2 3 12 -2 -6 9 8 10 11 -8 -4 -1 -10
right_child=4 -3 6 -5 5 -7 7 -9 13 -11 -12 -13 -14 -15
leaf_value=0.0017578779639340026 0.00017082094388424121 -0.0022385371127212079 -0.00010620257570448246 -0.0014644729752851429 0.0040004058575956987 0.00042407869539225895 0.0011532004126910561 -0.0020147627341294085 -0.0014567758930955342 0.00036944314954387187 -0.0042864801216330184 -0.00066949522620382931 0.00067514332447118008 0.00060797130258625804
leaf_weight=1367577.8410191536 5533195.3492250443 893872.68414878845 8939565.9359238148 1277447.2641971111 1592961.4883670807 1811254.9005482197 432978.16128206253 1370975.5334646702 535101.3547077179 4008092.9108467102 698853.31886124611 13963312.43866992 3039518.0233471394 9249875.6064977646
leaf_count=5681 55111 6208 42674 15769 22649 12434 2726 16729 13944 33168 4651 75759 21033 50736
internal_value=-0.000346934 -0.0012506 -0.000975559 0.00424999 0.00428162 0.00928123 -0.00173336 0.000932025 0.00267156 -0.0029504 -0.00938316 -0.00395419 0.00821626 0.00406595
internal_weight=5.47146e+07 4.57772e+07 4.48833e+07 5.68454e+06 8.93741e+06 3.40422e+06 3.91988e+07 1.22878e+07 1.09168e+07 2.6911e+07 1.13183e+06 2.29029e+07 4.4071e+06 9.78498e+06
internal_count=379272 289078 282870 42483 90194 35083 240387 88786 72057 151601 7377 118433 26714 64680
cat_boundaries=0 2 3 5 6
cat_threshold=137218 262144 369098882 0 262144 131072
is_linear=0
shrinkage=0.035


Tree=60
num_leaves=15
num_cat=3
split_feature=29 12 2 18 39 11 14 0 28 0 28 46 0 3
split_gain=236328 182832 149136 138175 130591 128718 141932 179239 140412 122063 121452 101589 85218.6 88351.1
threshold=1.0000000180025095e-35 1.3647524245143778 1.0000000180025095e-35 1.0000000180025095e-35 8.9500000000000011 1.0088758620090961 0.94592306406186222 0 25.500000000000004 1 57.500000000000007 4.2000000000000028 2 1.5000000000000002
decision_type=2 2 2 2 2 2 2 1 2 1 2 2 1 2
left_child=1 2 -1 5 -5 6 7 8 12 10 -2 -8 13 -4
right_child=9 -3 3 4 -6 -7 11 -9 -10 -11 -12 -13 -14 -15
leaf_value=-0.00049511549654462157 -0.0019371790162686347 0.011186294784566822 0.0022791470590318732 0.00045451593936545023 -0.0047299407980774732 0.00049161196137104915 -0.00033102289894685981 -0.001250109891826977 0.00016608535562287892 -0.013862297896895056 0.0039792408681954316 0.00043310322104917528 0.0011433809747538918 -0.0010854553969366996
leaf_weight=8926103.5238473415 652562.54210805893 329191.31011009216 704187.17833518982 362148.28915262222 619557.80049991608 15262963.950092554 17681221.510388851 1210031.7912244797 2557373.1258111 333366.45636773109 208647.65838193893 4022860.8291015625 1737155.8285048008 107211.01718020439
leaf_count=54517 5649 3120 2489 2804 7356 124519 105967 15874 15089 3428 3695 22630 11517 618
internal_value=-0.000319935 2.37219e-05 -0.000137212 0.000695018 -0.0122893 0.00098952 -0.000419168 0.00419852 0.00706881 -0.0157165 -0.0087551 -0.00176293 0.0128829 0.0222475
internal_weight=5.47146e+07 5.352e+07 5.31908e+07 4.42647e+07 981706 4.3283e+07 2.802e+07 6.31596e+06 5.10593e+06 1.19458e+06 861210 2.17041e+07 2.54855e+06 811398
internal_count=379272 366500 363380 308863 10160 298703 174184 45587 29713 12772 9344 128597 14624 3107
cat_boundaries=0 2 3 4
cat_threshold=137218 262144 268435584 131072
is_linear=0
shrinkage=0.035


Tree=61
num_leaves=15
num_cat=3
split_feature=29 13 0 40 14 0 36 27 5 1 1 39 28 0
split_gain=232032 167963 122713 122579 155806 126016 115952 113844 108469 90522 85607.5 80568.1 105662 72615.3
threshold=1.0000000180025095e-35 1.0254239044114444 0 0.65000000000000135 1.0673257521216373 1 27.850000000000005 59.500000000000007 5.5000000000000009 9.5000000000000018 16.500000000000004 14.750000000000002 2.5000000000000004 2
decision_type=2 2 1 2 2 1 2 2 2 2 2 2 2 1
left_child=1 3 7 4 6 -6 11 -2 -7 -5 -8 -1 -13 -10
right_child=2 -3 -4 9 5 8 10 -9 13 -11 -12 12 -14 -15
leaf_value=0.00026998306712469416 0.0041029345456936048 0.0010979336468021125 -0.013377117470503729 0.00026141674324116012 -0.00076271175849743978 -0.0015468897304880857 -0.0025320638753785645 -0.0018360485734197106 0.0014330610085472792 -0.0011395707055204798 0.00036667849549597948 -0.0045524074378541128 -0.00017189774345665977 -0.00016145944280451528
leaf_weight=27619119.804701567 197406.97221660614 4602391.4023373127 333366.45636773109 1221228.190849781 3939237.125844717 753024.40474200249 606723.01769304276 663803.22827339172 1107335.2379097939 3662593.0230994225 372675.5315451622 301933.39976835251 4101445.0241425037 5232299.991615057
leaf_count=198654 3507 45572 3428 9728 12629 1033 3995 5837 12251 24329 2143 2580 23791 29795
internal_value=-0.000316291 2.42281e-05 -0.0155723 -0.00057719 6.29606e-06 -0.00359461 0.00121001 -0.00859238 -0.000806825 -0.00583804 -0.0106527 0.00157283 -0.00282394 0.000684903
internal_weight=5.47146e+07 5.352e+07 1.19458e+06 4.89176e+07 4.40338e+07 1.10319e+07 3.30019e+07 861210 7.09266e+06 4.88382e+06 979399 3.20225e+07 4.40338e+06 6.33964e+06
internal_count=379272 366500 12772 320928 286871 55708 231163 9344 43079 34057 6138 225025 26371 42046
cat_boundaries=0 1 3 4
cat_threshold=268435584 131072 262144 100663296
is_linear=0
shrinkage=0.035


Tree=62
num_leaves=15
num_cat=2
split_feature=29 12 41 14 12 15 0 36 1 0 1 27 28 13
split_gain=229204 173427 135659 154205 151797 124515 123174 110256 109507 126284 124029 106904 104741 101974
threshold=1.0000000180025095e-35 1.2616677872045445 3.2500000000000027 1.0673257521216373 1.0007257356174135 1.0000000180025095e-35 0 29.050000000000004 8.5000000000000018 1 6.5000000000000009 59.500000000000007 59.500000000000007 1.0101069963414837
decision_type=2 2 2 2 2 2 1 2 2 1 2 2 2 2
left_child=1 2 3 7 -5 -4 11 13 10 -10 -6 -2 -12 -1
right_child=6 -3 5 4 8 -7 -8 -9 9 -11 12 -13 -14 -15
leaf_value=8.9927984044776987e-05 0.0039593318365943285 0.0096380741417160243 -0.0014650168740422008 -0.00072855004887421436 -0.001819783017746008 0.00011208277058925398 -0.012908918359036098 -0.0020714609492586372 0.0022879271564444966 -0.0004923177054990338 -0.0010168008974228455 -0.0017717868733500199 0.0027780788982712588 0.00075411963375087885
leaf_weight=26985920.863133192 197406.97221660614 412815.17473912239 2873368.3141875267 5893791.7107760906 198923.64388656616 1989915.6692070961 333366.45636773109 687809.17050552368 805192.70085334778 4296114.9703295231 150230.87210273743 663803.22827339172 770687.47655010223 8455235.5879778862
leaf_count=187577 3507 4139 21916 24062 4641 14194 3428 4522 9324 21484 342 5837 3627 70672
internal_value=-0.000307249 3.11883e-05 -0.000144472 0.000417171 -0.00299997 -0.00571597 -0.0154699 0.00156302 0.000813334 -0.00136233 0.0107242 -0.00847696 0.0161378 0.00183238
internal_weight=5.47146e+07 5.352e+07 5.31072e+07 4.82439e+07 1.21149e+07 4.86328e+06 1.19458e+06 3.6129e+07 6.22115e+06 5.10131e+06 1.11984e+06 861210 920918 3.54412e+07
internal_count=379272 366500 362361 326251 63480 36110 12772 262771 39418 30808 8610 9344 3969 258249
cat_boundaries=0 1 2
cat_threshold=268435584 100663424
is_linear=0
shrinkage=0.035


Tree=63
num_leaves=15
num_cat=1
split_feature=29 12 2 18 0 6 14 11 39 28 6 13 28 14
split_gain=221775 164003 134193 133266 125597 116802 146553 117915 115923 108306 102394 102138 91560.5 75917.4
threshold=1.0000000180025095e-35 1.3647524245143778 1.0000000180025095e-35 1.0000000180025095e-35 0 8.0005268660031277 0.94592306406186222 0.99022857129211772 8.9500000000000011 25.500000000000004 7.1567221911819283 0.98175341264255012 53.500000000000007 0.94592306406186222
decision_type=2 2 2 2 1 2 2 2 2 2 2 2 2 2
left_child=1 2 -1 5 10 7 9 13 -5 -7 -2 -8 -13 -4
right_child=4 -3 3 8 -6 6 11 -9 -10 -11 -12 12 -14 -15
leaf_value=-0.00047482123052404104 0.00068034825801070113 0.010481735286896195 0.00047558910116252454 0.0004116603214363142 -0.012457106216469834 0.0018186722333446168 -0.0023374969129519858 0.00046251565971922341 -0.0045040785905638364 -0.00028411378210252869 -0.0021045618252627124 -0.00049472318405776716 0.00017663291588484981 -0.00039072225927482804
leaf_weight=8926103.5238473415 437551.19228076935 329191.31011009216 3692381.1184539795 362148.28915262222 333366.45636773109 503215.47085571289 415404.68869018555 23065051.719879627 619557.80049991608 425980.21917724609 423659.00820922852 4308571.6565856934 2000164.4570617676 8872235.8999345303
leaf_count=54517 7208 3120 29400 2804 3428 1195 840 184892 7356 987 2136 7143 4613 69633
internal_value=-0.000314019 1.88891e-05 -0.000133533 0.000655903 -0.015229 0.000945127 -0.00297785 0.00178779 -0.0120957 0.0100509 -0.00816758 -0.00477828 -0.00367136 -0.000940234
internal_weight=5.47146e+07 5.352e+07 5.31908e+07 4.42647e+07 1.19458e+06 4.3283e+07 7.65334e+06 3.56297e+07 981706 929196 861210 6.72414e+06 6.30874e+06 1.25646e+07
internal_count=379272 366500 363380 308863 12772 298703 14778 283925 10160 2182 9344 12596 11756 99033
cat_boundaries=0 1
cat_threshold=268435584
is_linear=0
shrinkage=0.035


Tree=64
num_leaves=15
num_cat=2
split_feature=29 12 14 27 27 12 0 31 1 0 46 1 1 28
split_gain=217640 157978 130430 164449 152064 146408 141396 230169 132832 127354 123184 138062 122423 101463
threshold=1.0000000180025095e-35 1.1062262025742085 1.1228774058946247 59.500000000000007 8.5000000000000018 1.0004791872870029 0 1.0000000180025095e-35 8.5000000000000018 1 1.9000000000000015 12.500000000000002 6.5000000000000009 57.500000000000007
decision_type=2 2 2 2 2 2 1 2 2 1 2 2 2 2
left_child=1 2 3 4 -1 -4 13 -8 12 -2 -10 -12 -7 -5
right_child=9 -3 5 6 -6 8 7 -9 10 -11 11 -13 -14 -15
leaf_value=-0.00020479075639776454 -0.0010880096120892294 0.0032707637038109621 -0.00079931671232665264 -0.00022561096986009439 0.0004674655995854236 -0.0017845960524077603 -0.0014137330185090319 0.004512432997380412 -0.00088283167548410652 -0.012021107498893393 -0.00104501556487224 0.0015075183747667049 0.0021060861408371745 0.00082369187331311788
leaf_weight=8914720.98985672 861210.20048999786 1172763.6426756382 5053951.4986822605 5811774.030261755 18837236.957672596 188289.93342089653 5250477.9155893326 600695.69753360748 2518446.1762840748 333366.45636773109 755027.89182281494 1380482.2631378174 886792.36573314667 2149346.7915780544
leaf_count=59430 9344 13736 18552 30561 126690 4094 65359 5546 15084 3428 4382 7451 3750 11865
internal_value=-0.000305248 2.45405e-05 -0.000260082 0.000629773 0.00218291 -0.00369013 -0.00249082 -0.00662147 0.000140373 -0.0150805 -0.0024211 0.00376261 0.0112287 0.000545086
internal_weight=5.47146e+07 5.352e+07 5.23472e+07 4.15643e+07 2.7752e+07 1.0783e+07 1.38123e+07 5.85117e+06 5.72904e+06 1.19458e+06 4.65396e+06 2.13551e+06 1.07508e+06 7.96112e+06
internal_count=379272 366500 352764 299451 186120 53313 113331 70905 34761 12772 26917 11833 7844 42426
cat_boundaries=0 1 2
cat_threshold=137216 268435584
is_linear=0
shrinkage=0.035


Tree=65
num_leaves=15
num_cat=2
split_feature=29 12 13 0 19 23 2 21 1 28 27 14 5 0
split_gain=212102 154818 131208 129498 124740 120265 125798 100305 98155.4 97804.4 96173.9 136142 115578 108410
threshold=1.0000000180025095e-35 1.3647524245143778 0.98175341264255012 0 1.0000000180025095e-35 1.0000000180025095e-35 3.5000000000000004 1.0000000180025095e-35 17.500000000000004 56.500000000000007 47.500000000000007 0.94592306406186222 13.500000000000002 1
decision_type=2 2 2 1 2 2 2 2 2 2 2 2 2 1
left_child=1 2 5 9 10 -1 -7 -6 -8 -2 11 13 -12 -4
right_child=3 -3 4 -5 7 6 8 -9 -10 -11 12 -13 -14 -15
leaf_value=-0.00020198095209732157 -0.0016782706761193115 0.010000397822221443 -0.0015441239748723 -0.011600368736432123 -0.00023008280640520273 0.00033348658036764096 -0.0006694263986458225 -0.0036755916658206904 -0.0030855022071440306 0.0032453379541900911 0.00067403475352230847 0.00020295587930971326 -0.00035105685405377419 0.001669571929466492
leaf_weight=4172625.7681565285 639847.26041841507 329191.31011009216 239080.79509496689 333366.45636773109 11155116.042127132 592202.00933456421 629127.60353302956 600383.90664815903 1026047.5785884857 221362.94007158279 2605157.2451021671 20006614.157073736 9547399.9886748791 2617059.7498049736
leaf_count=44454 5460 3120 2295 3428 83444 5470 4382 7267 4724 3884 18730 106254 67425 18935
internal_value=-0.000302392 2.31745e-05 -0.000124918 -0.0148884 0.000519119 -0.00481683 -0.0113442 -0.00260043 -0.0162973 -0.00771823 0.00156643 0.00290375 -0.000949498 0.010052
internal_weight=5.47146e+07 5.352e+07 5.31908e+07 1.19458e+06 4.67708e+07 6.42e+06 2.24738e+06 1.17555e+07 1.65518e+06 861210 3.50153e+07 2.28628e+07 1.21526e+07 2.85614e+06
internal_count=379272 366500 363380 12772 304350 59030 14576 90711 9106 9344 213639 127484 86155 21230
cat_boundaries=0 1 2
cat_threshold=268435584 67108864
is_linear=0
shrinkage=0.035


Tree=66
num_leaves=15
num_cat=3
split_feature=29 11 0 40 14 0 6 11 20 27 46 36 27 0
split_gain=207265 153321 131128 122805 118963 207910 154011 137537 127310 145657 129111 115481 92218.7 80347.1
threshold=1.0000000180025095e-35 1.0617669590340555 0 3.1500000000000008 0.94592306406186222 1 8.0005268660031277 0.99022857129211772 1.0000000180025095e-35 31.500000000000004 1.1000000000000005 26.050000000000004 59.500000000000007 2
decision_type=2 2 1 2 2 1 2 2 2 2 2 2 2 1
left_child=1 3 12 4 5 -1 7 -6 9 13 -11 -12 -2 -7
right_child=2 -3 -4 -5 6 8 -8 -9 -10 10 11 -13 -14 -15
leaf_value=-0.0013530897787814747 0.0037214365413096224 0.0016802508142648622 -0.011194355830656999 -0.001974347773495502 -0.0004564173180744571 0.0019793375831059752 -0.00042302122384960209 0.00021638899908097976 -0.003202455172976845 0.0012775836964334577 0.00021209255706058612 -0.0018237165167209511 -0.0015725108259703421 0.0012014750520014941
leaf_weight=1596148.1245343685 197406.97221660614 2980856.2656846046 333366.45636773109 915576.71076059341 10641971.960151434 915790.09616756439 8270304.5067443848 20854994.368641853 358735.91571259499 1868500.5657002926 2009265.2860131264 715217.99447250366 663803.22827339172 2392644.3596653938
leaf_count=24690 3507 37824 3428 6679 82424 3894 15522 145313 3423 16254 10121 3456 5837 16900
internal_value=-0.000311435 1.03986e-05 -0.0147302 -0.000444555 -0.000210204 0.00323199 -0.00106335 5.27612e-05 0.00546655 0.00639241 0.00235924 -0.00250043 -0.00751507 0.0119915
internal_weight=5.47146e+07 5.352e+07 1.19458e+06 5.05391e+07 4.96236e+07 9.8563e+06 3.97673e+07 3.1497e+07 8.26015e+06 7.90142e+06 4.59298e+06 2.72448e+06 861210 3.30843e+06
internal_count=379272 366500 12772 328676 321997 78738 243259 227737 54048 50625 29831 13577 9344 20794
cat_boundaries=0 1 2 3
cat_threshold=268435584 369098752 131072
is_linear=0
shrinkage=0.035


Tree=67
num_leaves=15
num_cat=1
split_feature=29 12 0 13 40 14 12 1 6 36 46 1 28 6
split_gain=203461 145698 131194 125407 106994 132615 114137 112736 105936 97669.3 109196 89289.6 103917 88318.9
threshold=1.0000000180025095e-35 1.3647524245143778 0 1.0254239044114444 0.65000000000000135 1.0673257521216373 1.0009875051089441 8.5000000000000018 7.5218086019921744 27.850000000000005 2.9000000000000017 6.5000000000000009 59.500000000000007 7.1567221911819283
decision_type=2 2 1 2 2 2 2 2 2 2 2 2 2 2
left_child=1 3 13 4 5 9 -7 11 -9 -1 -11 -8 -13 -2
right_child=2 -3 -4 -5 -6 6 7 8 -10 10 -12 12 -14 -15
leaf_value=0.00016248382888224767 0.00070396699860853439 0.0096293612771201423 -0.010802553376584005 0.00090363865622010431 -0.00070824136359996998 -0.00069983781597232229 -0.0014599004392087252 0.00059370162355679428 -0.00073907584747689254 0.00094405517830059083 -0.0023389802795767325 -0.0011131073753948791 0.0026511340663007235 -0.0018790444723822545
leaf_weight=31911814.889811993 437551.19228076935 329191.31011009216 333366.45636773109 4469413.3861420155 4859261.1117725372 5628384.6812155247 176009.44488549232 2007020.401255846 2286665.2925415039 305931.08870887756 672730.35165786743 155206.68774223328 718377.50840473175 423659.00820922852
leaf_count=224008 7208 3120 3428 44322 33842 22516 3658 18629 6622 1937 4195 338 3313 2136
internal_value=-0.000307005 1.18603e-05 -0.0145929 -0.000131804 -0.000646531 -0.00010061 -0.00343271 0.000231097 -0.00228248 0.00101092 -0.00988012 0.0105136 0.0150958 -0.00737588
internal_weight=5.47146e+07 5.352e+07 1.19458e+06 5.31908e+07 4.87214e+07 4.38621e+07 1.09717e+07 5.34328e+06 4.29369e+06 3.28905e+07 978661 1.04959e+06 873584 861210
internal_count=379272 366500 12772 363380 319058 285216 55076 32560 25251 230140 6132 7309 3651 9344
cat_boundaries=0 1
cat_threshold=268435584
is_linear=0
shrinkage=0.035


Tree=68
num_leaves=15
num_cat=3
split_feature=29 11 0 41 14 0 6 36 1 15 5 0 14 28
split_gain=197720 139150 132362 112960 132895 173606 147548 123556 119609 105107 103862 124775 89133 87864.5
threshold=1.0000000180025095e-35 1.0617669590340555 0 3.2500000000000027 1.0038121718465678 1 8.1287518518311686 3.3500000000000001 18.500000000000004 1.0000000180025095e-35 5.5000000000000009 2 0.90323770592447772 59.500000000000007
decision_type=2 2 1 2 2 1 2 2 2 2 2 1 2 2
left_child=1 3 -2 4 5 12 10 -7 13 -5 -6 -12 -1 -9
right_child=2 -3 -4 9 6 7 -8 8 -10 -11 11 -13 -14 -15
leaf_value=0.0016112278360497624 -0.00094977183383137924 0.0016062960579995291 -0.010424464008403566 -0.0013909724336385711 -0.0012278978999358059 0.00094677610254773406 -0.00061768809490955778 -0.00050738228616972476 0.0011371199768217919 7.7492610626087233e-05 0.0011779167111558913 -0.00015690695796011483 0.00043160372960900377 0.00054159122220304352
leaf_weight=1292481.8711807728 861210.20048999786 2980856.2656846046 333366.45636773109 2764979.3491449356 1105277.8322100639 2682960.2072861195 3216377.4800109863 10797848.78145051 2385227.4183197021 1900862.1402935982 2201765.1924352646 15423601.471991301 4453758.0407617092 2314010.103479147
leaf_count=5666 9344 37824 3428 20095 2140 11884 4871 84892 31846 12992 26242 92426 16110 19512
internal_value=-0.000298927 1.5408e-05 -0.0143818 -0.000418012 0.000109706 0.00191394 -0.00185724 0.000237811 -0.000962751 -0.00560639 -0.000668042 -1.53795e-05 0.00721688 -0.00227422
internal_weight=5.47146e+07 5.352e+07 1.19458e+06 5.05391e+07 4.58733e+07 2.39263e+07 2.1947e+07 1.818e+07 1.54971e+07 4.66584e+06 1.87306e+07 1.76254e+07 5.74624e+06 1.31119e+07
internal_count=379272 366500 12772 328676 295589 169910 125679 148134 136250 33087 120808 118668 21776 104404
cat_boundaries=0 1 2 3
cat_threshold=268435584 131072 100663296
is_linear=0
shrinkage=0.035


Tree=69
num_leaves=15
num_cat=2
split_feature=29 12 13 0 23 19 1 27 14 5 6 1 0 21
split_gain=192795 136514 133759 133337 119047 110205 104246 93835.2 117972 107938 97754.8 96613 96535.7 93609.5
threshold=1.0000000180025095e-35 1.1062262025742085 0.98043036105716574 0 1.0000000180025095e-35 1.0000000180025095e-35 17.500000000000004 47.500000000000007 0.94592306406186222 13.500000000000002 7.5026273891041511 17.500000000000004 1 1.0000000180025095e-35
decision_type=2 2 2 1 2 2 2 2 2 2 2 2 1 2
left_child=1 2 4 -2 -1 7 -6 8 12 -9 -10 -11 -4 -7
right_child=3 -3 5 -5 6 13 -8 9 10 11 -12 -13 -14 -15
leaf_value=-0.00024158583557228711 -0.00091652981964728095 0.0029779445389617031 -0.0014733957650414141 -0.010059607768109441 -0.00046064714738826041 -0.00022894488381167626 -0.0028241754930436536 0.00062684714792613872 0.00066342428585534354 -0.00058384795468264139 -4.0638370188597732e-05 0.00050293694938337958 0.0015469692863285798 -0.0035010702144274109
leaf_weight=3672351.3300540447 861210.20048999786 1172763.6426756382 244228.53493309021 333366.45636773109 962129.60810136795 11204283.031660557 1092947.5301795006 2533324.2295680046 8880232.5735838413 7167560.5765783787 11141715.023391724 2202323.7942671776 2646117.9766378403 600028.3026175499
leaf_count=39688 9344 13736 2350 3428 7284 82771 5833 17803 77927 46330 27536 18833 19163 7246
internal_value=-0.000277057 3.33379e-05 -0.000231243 -0.0141834 -0.00527888 0.000388879 -0.0120242 0.00137975 0.00268942 -0.00114121 0.00173521 -0.00287423 0.00929942 -0.00253358
internal_weight=5.47146e+07 5.352e+07 5.23472e+07 1.19458e+06 5.72743e+06 4.66198e+07 2.05508e+06 3.48155e+07 2.29123e+07 1.19032e+07 2.00219e+07 9.36988e+06 2.89035e+06 1.18043e+07
internal_count=379272 366500 352764 12772 52805 299959 13117 209942 126976 82966 105463 65163 21513 90017
cat_boundaries=0 1 2
cat_threshold=268435584 67108864
is_linear=0
shrinkage=0.035


Tree=70
num_leaves=15
num_cat=2
split_feature=29 0 12 28 1 1 0 14 11 41 1 28 12 11
split_gain=187544 135433 133535 122948 302648 233548 172223 145016 129222 111858 129757 117773 99540.4 94120.3
threshold=1.0000000180025095e-35 0 1.5503488783755612 59.500000000000007 19.500000000000004 18.500000000000004 1 0.94592306406186222 0.98251972219972605 0.25000000000000117 10.500000000000002 23.500000000000004 0.95401684184645652 1.0875905739313392
decision_type=2 1 2 2 2 2 1 2 2 2 2 2 2 2
left_child=2 -2 3 5 6 9 12 -7 -8 11 -11 -1 -5 -10
right_child=1 -3 -4 4 -6 7 8 -9 13 10 -12 -13 -14 -15
leaf_value=0.00019502600572559586 -0.00088445127595962567 -0.0097075214962256112 0.0121055441614971 -0.0017375376637521315 -0.0018714598219640901 0.0026631253198454142 -1.0300486570987257e-05 0.00023546492376458743 0.0010245614897531573 5.4711920763767557e-05 -0.0009967950288224212 -0.00040906827538547273 0.00021967847791415544 0.0060668571765351139
leaf_weight=10384752.737207413 861210.20048999786 333366.45636773109 210418.50707626343 819836.82465314865 1670531.0444517136 1624689.2354359627 2083634.6020960808 4224960.9767262936 5658309.7840647697 2999988.5661013126 6953989.3157787323 11271662.205800295 5167374.4009079933 449857.95394873619
leaf_count=63225 9344 3428 2073 4348 23937 21293 16068 38901 43768 26477 36619 57223 28092 4476
internal_value=-0.000287913 -0.0140036 1.82262e-05 -9.1613e-05 0.00249244 -0.00118494 0.00415254 0.00523929 0.00745025 -0.00237378 -0.00544479 -0.000962243 -0.000359449 0.0100177
internal_weight=5.47146e+07 1.19458e+06 5.352e+07 5.33096e+07 1.58495e+07 3.746e+07 1.4179e+07 5.84965e+06 8.1918e+06 3.16104e+07 9.95398e+06 2.16564e+07 5.98721e+06 6.10817e+06
internal_count=379272 12772 366500 364427 120689 243738 96752 60194 64312 183544 63096 120448 32440 48244
cat_boundaries=0 1 3
cat_threshold=268435584 6144 262144
is_linear=0
shrinkage=0.035


Tree=71
num_leaves=15
num_cat=2
split_feature=29 0 13 12 40 14 12 1 36 46 1 0 1 1
split_gain=183499 137247 128497 97001.8 96408.3 111363 102617 101861 93710.9 102217 92237.6 98241.8 89128.7 82957.2
threshold=1.0000000180025095e-35 0 1.0254239044114444 1.5503488783755612 0.65000000000000135 1.0673257521216373 1.0009875051089441 8.5000000000000018 27.850000000000005 2.9000000000000017 11.500000000000002 1 9.5000000000000018 6.5000000000000009
decision_type=2 1 2 2 2 2 2 2 2 2 2 1 2 2
left_child=2 -2 3 4 5 8 -7 13 -1 -10 -9 -12 -6 -8
right_child=1 -3 -4 -5 12 6 7 10 9 -11 11 -13 -14 -15
leaf_value=0.00015300465436498631 -0.00085349548130103973 -0.0093677582438577156 0.00094432817514074341 0.012399938016875778 0.00030444351533625425 -0.00065239032460119399 -0.0014541221878253126 -0.001103154687198109 0.00087054660452337996 -0.0022325163466828356 0.0020199371485090634 -0.00036158970327810377 -0.0010458816190107862 0.0018332445895238912
leaf_weight=31950145.946366787 861210.20048999786 333366.45636773109 4602391.4023373127 131107.24642753601 1220022.6369252205 5628384.6812155247 176009.44488549232 1150876.3561000824 305931.08870887756 672781.1849899292 848019.44675064087 2313075.4045403004 3647677.1188540459 873584.19614696503
leaf_count=224321 9344 3428 45572 1309 9716 22516 3658 5757 1937 4196 8726 10950 24191 3651
internal_value=-0.000277757 -0.0138447 2.50623e-05 -0.000500975 -0.000581774 -6.37947e-05 -0.00311452 0.000350664 0.000954381 -0.00971358 -0.00202946 0.00105928 -0.00525523 0.0101287
internal_weight=5.47146e+07 1.19458e+06 5.352e+07 4.89176e+07 4.87865e+07 4.39188e+07 1.09899e+07 5.36156e+06 3.29289e+07 978712 4.31197e+06 3.16109e+06 4.8677e+06 1.04959e+06
internal_count=379272 12772 366500 320928 319619 285712 55258 32742 230454 6133 25433 19676 33907 7309
cat_boundaries=0 1 2
cat_threshold=268435584 100663426
is_linear=0
shrinkage=0.035


Tree=72
num_leaves=15
num_cat=0
split_feature=29 12 13 14 28 40 28 46 14 20 23 2 18 46
split_gain=179862 124780 135376 109376 131782 118354 122850 107939 106991 129102 106292 96901.2 94666.6 85094.8
threshold=1.0000000180025095e-35 1.0612985481921597 0.97911226621471037 1.1807223977627761 59.500000000000007 0.099999999999999853 23.500000000000004 -0.49999999999999972 0.94592306406186222 1.0000000180025095e-35 1.0000000180025095e-35 3.5000000000000004 1.0000000180025095e-35 0.29999999999999999
decision_type=2 2 2 2 2 2 2 2 2 2 2 2 2 2
left_child=1 2 10 4 5 6 8 -8 9 -4 -1 -12 -7 -6
right_child=-2 -3 3 -5 13 12 7 -9 -10 -11 11 -13 -14 -15
leaf_value=-0.00032401569407901316 -0.0024725614324377452 0.0011155209060289117 0.0015117385941303622 -0.00070602289824694606 8.1411682876238883e-05 -0.00036233690039614284 0.00037946112988379457 -0.00040609446767567067 0.00014121480926992228 -0.0030357404036014785 0.00033221795087828285 -0.0023749309026952119 -0.0041404379085735145 0.00088741931073058305
leaf_weight=3135594.3308002949 1194576.656857729 3586026.5836026669 2912512.3775689602 3362305.59573102 4612117.8790030479 8228967.9528291225 3300516.2344088554 8796794.3634543419 7755898.8308415413 269315.00007867813 426288.23859477043 1384469.5240957737 358572.5083065033 5390626.7349331379
leaf_count=34379 12772 35366 23359 19745 41166 49300 31196 36585 45475 3234 4051 7331 4149 31164
internal_value=-0.000267311 3.24925e-05 -0.000420396 0.000183883 0.000674365 -0.000433222 0.000874156 -0.00155626 0.00356223 0.00896673 -0.00591637 -0.0126679 -0.0039401 0.00417588
internal_weight=5.47146e+07 5.352e+07 4.9934e+07 4.49876e+07 4.16253e+07 3.16226e+07 2.3035e+07 1.20973e+07 1.09377e+07 3.18183e+06 4.94635e+06 1.81076e+06 8.58754e+06 1.00027e+07
internal_count=379272 366500 331134 285373 265628 193298 139849 67781 72068 26593 45761 11382 53449 72330
is_linear=0
shrinkage=0.035


Tree=73
num_leaves=15
num_cat=2
split_feature=11 28 1 14 0 0 6 11 28 3 5 27 35 28
split_gain=132729 123000 163735 120314 176732 115575 96747.7 80138.2 79494.3 110599 72880.8 76713.5 87195.9 70440.8
threshold=1.0088758620090961 54.500000000000007 18.500000000000004 0.90323770592447772 0 1 7.4106722066485853 1.0875905739313392 20.500000000000004 1.0000000180025095e-35 27.500000000000004 55.500000000000007 39.000000000000007 53.500000000000007
decision_type=2 2 2 2 1 1 2 2 2 2 2 2 2 2
left_child=3 6 5 4 8 -3 -2 -7 9 -1 13 12 -12 -5
right_child=1 2 -4 10 -6 7 -8 -9 -10 -11 11 -13 -14 -15
leaf_value=0.0017681629360893109 0.00048026579215763773 0.00033106660837274479 -0.0011174145887943945 -0.00021878500174455219 -0.001470281033459615 0.0013896318550734275 -0.00032386285370573648 0.0062126940746196485 0.00028197747311529828 -0.00091226141631709672 -0.0082104713527013685 -0.00099642128667965717 -0.00022598003869247425 0.00034460598314001227
leaf_weight=1436582.8053014278 6914098.1185524464 2129349.9531290531 1030995.2365117073 13264789.313257694 981691.74848842621 2733265.0088357925 5927448.5648193359 498663.78676819801 2173752.8467392921 382913.82565188408 176362.42754626274 4748458.1199765205 7968728.3205821514 4347482.7349462509
leaf_count=6893 84094 13086 15093 67226 12083 24680 16589 5195 12815 3510 1700 33495 51011 31802
internal_value=-0.000265516 0.00207581 0.00604286 -0.00153473 0.00351219 0.0084993 0.000101089 0.0126704 0.006783 0.0121806 -0.00235779 -0.00435722 -0.00229589 -0.000894059
internal_weight=5.47146e+07 1.92338e+07 6.39227e+06 3.54808e+07 4.97494e+06 5.36128e+06 1.28415e+07 3.23193e+06 3.99325e+06 1.8195e+06 3.05058e+07 1.28935e+07 8.14509e+06 1.76123e+07
internal_count=379272 158737 58054 220535 35301 42961 100683 29875 23218 10403 185234 86206 52711 99028
cat_boundaries=0 2 4
cat_threshold=137218 262144 6144 262144
is_linear=0
shrinkage=0.035


Tree=74
num_leaves=15
num_cat=1
split_feature=29 0 12 13 21 3 1 17 2 1 40 2 1 14
split_gain=166672 145492 123509 114790 113411 121018 187571 138852 110313 96490.3 82561.1 81060.9 65636.7 60538.7
threshold=1.0000000180025095e-35 0 1.5503488783755612 1.0004068398063317 1.0000000180025095e-35 1.0000000180025095e-35 17.500000000000004 1.0000000180025095e-35 1.0000000180025095e-35 19.500000000000004 0.1000000000000001 4.5000000000000009 9.5000000000000018 1.1807223977627761
decision_type=2 1 2 2 2 2 2 2 2 2 2 2 2 2
left_child=2 11 3 4 8 6 12 10 -1 -8 -7 -2 -6 -5
right_child=1 -3 -4 13 5 7 9 -9 -10 -11 -12 -13 -14 -15
leaf_value=-0.00047224290549957663 -0.0014970267179592637 -0.0088719453957712829 0.011314257181083504 0.00025835559070459319 -0.00079932968185248343 0.00061042378887009882 -0.0027785110296225856 -0.0048855453229146792 0.00018287876923195567 -0.00047599103981476833 -0.0016592388573958285 0.0015205770291873628 0.00026712504787851187 -0.00051243205423577294
leaf_weight=5986473.0254530907 561463.70898985863 333366.45636773109 210418.50707626343 23242943.838885784 1638111.7057011127 2752710.3760313988 1233604.4080924988 279479.7091755867 13724121.720710039 362454.43394422531 542678.53585267067 299746.49150013924 1344606.9909629822 2202402.9023630619
leaf_count=36685 4461 3428 2073 158622 8890 26850 4329 3175 96653 3698 5217 4883 6575 13733
internal_value=-0.000254794 -0.0131848 3.3808e-05 -7.18271e-05 -0.00162385 -0.00509558 -0.00886323 -0.000269868 -0.000187707 -0.0185473 0.00173895 -0.00558475 -0.00368125 0.00162774
internal_weight=5.47146e+07 1.19458e+06 5.352e+07 5.33096e+07 2.78642e+07 8.15365e+06 4.57878e+06 3.57487e+06 1.97106e+07 1.59606e+06 3.29539e+06 861210 2.98272e+06 2.54453e+07
internal_count=379272 12772 366500 364427 192072 58734 23492 35242 133338 8027 32067 9344 15465 172355
cat_boundaries=0 1
cat_threshold=268435584
is_linear=0
shrinkage=0.035


Tree=75
num_leaves=15
num_cat=2
split_feature=29 0 12 2 18 39 11 14 0 28 46 21 3 1
split_gain=163552 146174 119153 108809 120821 107450 96841.5 112001 143454 93567.3 83599 82543.4 136594 139236
threshold=1.0000000180025095e-35 0 1.5503488783755612 1.0000000180025095e-35 1.0000000180025095e-35 8.9500000000000011 1.0059967974278856 0.94592306406186222 1 25.500000000000004 4.2000000000000028 1.0000000180025095e-35 1.0000000180025095e-35 17.500000000000004
decision_type=2 1 2 2 2 2 2 2 1 2 2 2 2 2
left_child=2 -2 3 -1 6 -6 7 8 9 -5 11 -9 13 -13
right_child=1 -3 -4 4 5 -7 -8 10 -10 -11 -12 12 -14 -15
leaf_value=-0.00041284876280561051 -0.0006834517868329501 -0.0085614273069192885 0.010918258179745583 0.0013732938106837873 0.00039519215958441442 -0.0039910658922368966 0.00038264589167916928 -0.00010528799090966701 -0.0011672251690177131 0.00019106412054603906 0.00039999028176545073 -0.00054438599884513799 0.00018732956899786225 -0.0025167247293666753
leaf_weight=8938096.3539330959 861210.20048999786 333366.45636773109 210418.50707626343 2451548.0381903648 364265.70484304428 634559.52668190002 17172656.834313154 11296502.135566235 1146092.8795180321 2488738.2014625072 3732323.1453933716 2189210.459590435 1752139.4967133999 1143454.8709669113
leaf_count=54645 9344 3428 2073 14015 2825 7449 135980 65777 15064 14607 21061 10210 17255 5539
internal_value=-0.000252371 -0.0130607 3.3516e-05 -7.02399e-05 0.00063945 -0.0113956 0.000916607 -0.000422325 0.00373768 0.00632576 -0.00168114 -0.0027582 -0.00646133 -0.0106208
internal_weight=5.47146e+07 1.19458e+06 5.352e+07 5.33096e+07 4.43715e+07 998825 4.33727e+07 2.62e+07 6.08638e+06 4.94029e+06 2.01136e+07 1.63813e+07 5.0848e+06 3.33267e+06
internal_count=379272 12772 366500 364427 309782 10274 299508 163528 43686 28622 119842 98781 33004 15749
cat_boundaries=0 1 3
cat_threshold=268435584 137218 262144
is_linear=0
shrinkage=0.035


Tree=76
num_leaves=15
num_cat=1
split_feature=29 0 12 13 14 28 1 1 14 1 41 23 28 2
split_gain=160092 146862 116206 118943 99148.7 117146 242031 144740 131492 113924 133394 95861.9 90983.4 87442.4
threshold=1.0000000180025095e-35 0 1.0612985481921597 0.97911226621471037 1.1807223977627761 59.500000000000007 17.500000000000004 19.500000000000004 0.94592306406186222 12.500000000000002 0.15000000000000116 1.0000000180025095e-35 23.500000000000004 3.5000000000000004
decision_type=2 1 2 2 2 2 2 2 2 2 2 2 2 2
left_child=2 -2 3 11 5 6 9 -7 -8 -5 12 -1 -11 -13
right_child=1 -3 -4 4 -6 7 8 -9 -10 10 -12 13 -14 -15
leaf_value=-0.00029429969768790895 -0.00065953097429379741 -0.0082617773511771114 0.0010519529870854105 2.8119446204191884e-07 -0.00065368375284137708 0.00066824955644225609 0.0021325342836580937 -0.0013061115658306453 0.00026420612735781566 0.00029354458300575714 -0.0011670546577343924 0.00031532775136350956 -0.00066275769773907153 -0.0021885882624437282
leaf_weight=3135594.3308002949 861210.20048999786 333366.45636773109 3586026.5836026669 13722994.735495567 3362305.59573102 8956792.719517231 2045842.3589038849 1045951.8944189548 5278394.109348774 3249869.5745544434 4058790.6449737549 426288.23859477043 3266685.8442115784 1384469.5240957737
leaf_count=34379 9344 3428 35366 90422 19745 58515 20191 13815 35521 15109 19983 4051 12072 7331
internal_value=-0.000254713 -0.0129269 2.81347e-05 -0.000408917 0.000157498 0.000624486 -0.000419788 0.00392584 0.00515735 -0.0021009 -0.00483091 -0.00556052 -0.00172864 -0.0119723
internal_weight=5.47146e+07 1.19458e+06 5.352e+07 4.9934e+07 4.49876e+07 4.16253e+07 3.16226e+07 1.00027e+07 7.32424e+06 2.42983e+07 1.05753e+07 4.94635e+06 6.51656e+06 1.81076e+06
internal_count=379272 12772 366500 331134 285373 265628 193298 72330 55712 137586 47164 45761 27181 11382
cat_boundaries=0 1
cat_threshold=268435584
is_linear=0
shrinkage=0.035


Tree=77
num_leaves=15
num_cat=1
split_feature=29 0 12 13 21 3 1 18 1 3 40 1 13 1
split_gain=156061 148382 114592 100349 102367 109241 166923 126811 95095.4 75660 69312.7 60637.3 56443.1 55600.9
threshold=1.0000000180025095e-35 0 1.3647524245143778 1.0004068398063317 1.0000000180025095e-35 1.0000000180025095e-35 17.500000000000004 1.0000000180025095e-35 18.500000000000004 1.0000000180025095e-35 0.1000000000000001 9.5000000000000018 1.0352781564070572 7.5000000000000009
decision_type=2 1 2 2 2 2 2 2 2 2 2 2 2 2
left_child=2 9 3 4 -1 6 11 10 -8 13 -7 -6 -5 -2
right_child=1 -3 -4 12 5 7 8 -9 -10 -11 -12 -13 -14 -15
leaf_value=-2.324506883622515e-05 0.0025570779803868716 -0.0079726151438859142 0.0079894940638256008 0.00010921440959857374 -0.00076462700665563973 0.00057760042983382874 -0.0031644843785848492 -0.0045760798583303636 -0.0011659072156494875 0.0015143612298052424 -0.0015209056434620459 0.00025946380390284992 0.0012358019668538651 -0.0016622430679400038
leaf_weight=19684049.979637861 54615.03201675415 333366.45636773109 329191.31011009216 23058159.921960831 1637200.5020420551 2736942.2745471001 726056.83249664307 272140.93723726273 867263.44028806686 299746.49150013924 538412.96274781227 1341880.2310447693 2328707.7621362209 506848.67697310448
leaf_count=133074 1021 3428 3120 145106 8882 26742 2241 3131 5766 4883 5190 6551 26697 3440
internal_value=-0.000255697 -0.0127673 2.35666e-05 -0.000103842 -0.00155648 -0.00486303 -0.00843884 -0.000254135 -0.0175829 -0.00509224 0.00165334 -0.0035482 0.0014871 -0.0126721
internal_weight=5.47146e+07 1.19458e+06 5.352e+07 5.31908e+07 2.78039e+07 8.1199e+06 4.5724e+06 3.5475e+06 1.59332e+06 861210 3.27536e+06 2.97908e+06 2.53869e+07 561464
internal_count=379272 12772 366500 363380 191577 58503 23440 35063 8007 9344 31932 15433 171803 4461
cat_boundaries=0 1
cat_threshold=268435584
is_linear=0
shrinkage=0.035


Tree=78
num_leaves=15
num_cat=0
split_feature=11 14 28 28 1 28 6 1 11 5 27 35 28 46
split_gain=115687 109111 116593 108545 150081 92192.2 87220.5 81163.1 75427 69946.4 72091.3 85167.5 64444.1 76469.2
threshold=1.0088758620090961 0.90323770592447772 25.500000000000004 54.500000000000007 18.500000000000004 2.5000000000000004 7.4106722066485853 6.5000000000000009 1.1033314504077054 27.500000000000004 55.500000000000007 39.000000000000007 53.500000000000007 1.4000000000000015
decision_type=2 2 2 2 2 2 2 2 2 2 2 2 2 2
left_child=1 2 5 6 7 -1 -2 -5 -9 12 11 -11 -3 -14
right_child=3 9 -4 4 -6 -7 -8 8 -10 10 -12 -13 13 -15
leaf_value=-0.0018335714433083564 0.00044844752681579063 -0.00020584491424394566 -0.00035012258251017873 -0.0019220524091641334 -0.0010746381211220902 0.0012890304620682953 -0.00032327593790867492 0.0010759120850869783 0.0055053329924696472 -0.0069132217727519533 -0.00094582784265517111 -0.0002056109647566164 -8.0746242081404838e-05 0.0010592723059295805
leaf_weight=356585.57159209251 6914098.1185524464 13264789.313257694 2263547.526368618 262325.24905991554 1030995.2365117073 2354808.1282203197 5927448.5648193359 4590014.6210346222 508938.87863850594 176362.42754626274 4748458.1199765205 7968728.3205821514 2742007.8091497421 1605474.9257965088
leaf_count=3994 84094 67226 16491 8440 15093 14816 16589 29848 4673 1700 33495 51011 21981 9821
internal_value=-0.000259407 -0.00144435 0.00336187 0.00192646 0.00565313 0.00825749 7.13871e-05 0.00800492 0.00898169 -0.00222815 -0.00418691 -0.00218865 -0.000794188 0.00290394
internal_weight=5.47146e+07 3.54808e+07 4.97494e+06 1.92338e+07 6.39227e+06 2.71139e+06 1.28415e+07 5.36128e+06 5.09895e+06 3.05058e+07 1.28935e+07 8.14509e+06 1.76123e+07 4.34748e+06
internal_count=379272 220535 35301 158737 58054 18810 100683 42961 34521 185234 86206 52711 99028 31802
is_linear=0
shrinkage=0.035


Tree=79
num_leaves=15
num_cat=0
split_feature=12 40 13 21 6 2 17 31 35 13 36 14 28 28
split_gain=112316 106233 97621.5 95072.4 111123 81164.7 61669 60002.3 97326.7 59174.2 55571.8 60460.3 88661.8 85966.2
threshold=1.5503488783755612 3.8500000000000019 1.0004068398063317 1.0000000180025095e-35 7.4728802225299757 1.0000000180025095e-35 1.0000000180025095e-35 1.0000000180025095e-35 29.500000000000004 0.96224276317196955 29.050000000000004 0.94592306406186222 59.500000000000007 30.500000000000004
decision_type=2 2 2 2 2 2 2 2 2 2 2 2 2 2
left_child=1 2 3 5 6 -1 -5 8 -4 -6 11 13 -13 -10
right_child=-2 -3 7 4 9 -7 -8 -9 10 -11 -12 12 -14 -15
leaf_value=-0.000415770457687893 0.0096876851151370541 -0.0024304061183513795 -0.0022130983530283745 -3.3132597920196875e-05 -0.0034380988960344022 0.00013512710437624186 -0.0043755070420175316 0.0051505448788023026 0.0012648812071643274 -0.00077253513404889728 -0.0020010665223775203 -0.0001043177885495182 0.00052771340485167158 -0.00022730381340778862
leaf_weight=5884041.1221017838 241378.88593959808 666336.34745311737 502536.03383994102 4343165.9144437313 388124.2017364502 13954468.871053934 207426.3090634346 296960.82668590546 2892076.1393358707 3356954.3696594238 332561.62739133835 12289027.681147814 7942274.3203613758 1417250.160892725
leaf_count=36061 2681 4933 5247 47134 1163 99263 2830 2848 24487 9134 2141 69036 60659 11655
internal_value=-0.000254168 -0.000359729 -0.000187726 -0.00161183 -0.00475817 -0.000296147 -0.00108331 0.00137292 0.00118987 -0.00922343 0.00149797 0.00169056 0.000888781 0.00545471
internal_weight=5.47146e+07 5.44732e+07 5.38069e+07 2.81342e+07 8.29567e+06 1.98385e+07 4.55059e+06 2.56727e+07 2.53757e+07 3.74508e+06 2.48732e+07 2.45406e+07 2.02313e+07 4.30933e+06
internal_count=379272 376591 371658 195585 60261 135324 49964 176073 173225 10297 167978 165837 129695 36142
is_linear=0
shrinkage=0.035


Tree=80
num_leaves=15
num_cat=3
split_feature=29 0 9 40 0 18 36 6 14 35 0 36 6 27
split_gain=143761 155489 101228 100197 129273 123233 121360 136189 120226 100907 90973.4 76768.6 76145.8 70722.1
threshold=1.0000000180025095e-35 0 1.8201955231013425 0.099999999999999853 1 1.0000000180025095e-35 27.850000000000005 8.0005268660031277 1.0038121718465678 70.000000000000014 2 17.250000000000004 7.263853660620085 59.500000000000007
decision_type=2 1 2 2 1 2 2 2 2 2 1 2 2 2
left_child=2 13 3 4 9 -5 7 10 -9 -1 11 -6 -12 -2
right_child=1 -3 -4 5 6 -7 -8 8 -10 -11 12 -13 -14 -15
leaf_value=0.0048572436176691882 0.0037526841542361547 -0.0076269103090264509 0.012063347402019311 -0.00023194215166236066 0.00046987942166959635 -0.0038276083006109633 -0.0016476476984444302 0.00022994709786302206 -0.0004626453877107361 -0.00084763376392627736 0.00077019199817542419 0.0017329319787899931 4.8394416315328671e-05 -0.001072949057877145
leaf_weight=355639.81600093842 197406.97221660614 333366.45636773109 139535.32372045517 14317044.565644503 3023774.912024498 476682.196164608 743508.79716324806 2856893.9277954102 4129055.3219604492 5574868.1383833885 8265865.3714535236 1844714.1030294895 11792423.680908203 663803.22827339172
leaf_count=3732 3507 3428 1413 93525 31384 5581 4492 5806 7358 53801 98578 16966 43864 5837
internal_value=-0.000250549 -0.012259 1.74829e-05 -6.03436e-05 0.000878565 -0.00250931 0.00174187 0.00206755 -0.00225139 -0.00387521 0.00327797 0.00756979 0.00223626 -0.00440226
internal_weight=5.47146e+07 1.19458e+06 5.352e+07 5.33805e+07 3.85867e+07 1.47937e+07 3.26562e+07 3.19127e+07 6.98595e+06 5.93051e+06 2.49268e+07 4.86849e+06 2.00583e+07 861210
internal_count=379272 12772 366500 365087 265981 99106 208448 203956 13164 57533 190792 48350 142442 9344
cat_boundaries=0 1 3 4
cat_threshold=268435584 268435456 262144 33685504
is_linear=0
shrinkage=0.035


Tree=81
num_leaves=15
num_cat=3
split_feature=29 0 12 13 19 23 27 5 27 31 0 14 0 6
split_gain=140623 155446 102215 96491.6 92720.8 89302.4 88524.3 95634.9 87740 86580.2 116184 80689.3 91058.8 81207.2
threshold=1.0000000180025095e-35 0 1.1062262025742085 0.97911226621471037 1.0000000180025095e-35 1.0000000180025095e-35 47.500000000000007 11.500000000000002 59.500000000000007 1.0000000180025095e-35 1 0.94592306406186222 2 7.5026273891041511
decision_type=2 1 2 2 2 2 2 2 2 2 1 2 1 2
left_child=2 8 3 5 6 -1 11 -8 -2 10 -9 12 -5 -13
right_child=1 -3 -4 4 -6 -7 7 9 -10 -11 -12 13 -14 -15
leaf_value=-0.00020666410488939414 0.0048859483897920278 -0.0071451717722577166 0.0025069951499822772 0.0016410085704178996 -0.00028322640271414364 -0.001492971573392279 0.00066752840022095417 -8.241859173545287e-05 -0.0010353958408514453 0.004366776822392603 -0.0014399465519289118 0.00060089230734377901 0.00024985928905629941 -1.8968775878782068e-05
leaf_weight=3333652.6658248901 167340.95859456062 363432.46998977661 1172763.6426756382 1463713.2412192822 11992418.04391861 1895252.4912884235 1892997.1881542206 6931824.412204504 663803.22827339172 326704.14833784103 2878631.2514879704 8974608.1989815235 1452934.6733174324 11204506.196838379
leaf_count=36782 2994 3941 13736 9718 91557 12033 13789 35899 5837 2737 31593 78896 12047 27713
internal_value=-0.000237578 -0.0121142 2.75135e-05 -0.000201429 0.000299154 -0.00471224 0.00120635 -0.00122818 -0.00376503 -0.0025767 -0.00316698 0.00247445 0.00791595 0.00168795
internal_weight=5.47146e+07 1.19458e+06 5.352e+07 5.23472e+07 4.71183e+07 5.22891e+06 3.51259e+07 1.20302e+07 831144 1.01372e+07 9.81046e+06 2.30958e+07 2.91665e+06 2.01791e+07
internal_count=379272 12772 366500 352764 303949 48815 212392 84018 8831 70229 67492 128374 21765 106609
cat_boundaries=0 1 2 3
cat_threshold=128 137218 33689602
is_linear=0
shrinkage=0.035


Tree=82
num_leaves=15
num_cat=2
split_feature=29 0 12 42 45 15 0 36 35 27 46 13 6 14
split_gain=136006 157532 99506.4 94292.4 120035 103515 95876 99412.5 86460.5 108962 80848 80722.8 71342 68573.1
threshold=1.0000000180025095e-35 0 1.5503488783755612 3.1499999999999999 1.0000000180025095e-35 1.0000000180025095e-35 1 28.250000000000004 24.500000000000004 51.500000000000007 2.9000000000000017 1.0254239044114444 8.1287518518311686 1.1807223977627761
decision_type=2 1 2 2 2 2 1 2 2 2 2 2 2 2
left_child=2 -2 3 4 6 -5 8 11 -1 -10 -9 13 -6 -8
right_child=1 -3 -4 5 12 -7 7 10 9 -11 -12 -13 -14 -15
leaf_value=0.0046663581940780546 -0.00052323550491543979 -0.0071098874361815063 0.0095277335455143351 -0.00086083801219014413 -0.0003527144191167127 5.7643639741564889e-05 0.00024719085547187639 0.00069649645702392826 -0.00010148966857380686 -0.0021143295913938574 -0.0023637951774382869 0.0012629493184460135 -0.00096432174175883022 -0.00044020638115067808
leaf_weight=338633.8329668045 861210.20048999786 333366.45636773109 210418.50707626343 4932344.74340415 3674138.6025612354 4616539.4278337955 27228310.167733669 273171.68482160568 3938666.3889811039 1745198.9448473454 528894.19683837891 2689979.7580368519 707208.23980712891 2636501.6593403816
leaf_count=3332 9344 3428 2073 37871 17323 32420 170376 1646 35737 20724 2998 25243 769 15988
internal_value=-0.000229977 -0.01191 3.07262e-05 -6.40906e-05 0.000623513 -0.00321524 0.00123495 0.00196876 -0.00282941 -0.00385303 -0.0102042 0.00226867 -0.00487202 0.00174561
internal_weight=5.47146e+07 1.19458e+06 5.352e+07 5.33096e+07 4.37607e+07 9.54888e+06 3.93794e+07 3.33569e+07 6.0225e+06 5.68387e+06 802066 3.25548e+07 4.38135e+06 2.98648e+07
internal_count=379272 12772 366500 364427 294136 70291 276044 216251 59793 56461 4644 211607 18092 186364
cat_boundaries=0 1 3
cat_threshold=268435584 268435456 262144
is_linear=0
shrinkage=0.035


Tree=83
num_leaves=15
num_cat=3
split_feature=29 0 12 14 27 0 46 27 5 0 1 21 5 6
split_gain=132987 158708 96946.8 108384 131454 126520 144868 123738 88925.6 88634.8 86197.1 89118.6 84867.7 79945.6
threshold=1.0000000180025095e-35 0 1.0612985481921597 1.1228774058946247 59.500000000000007 1 -0.70000000000000184 8.5000000000000018 20.500000000000004 2 17.500000000000004 1.0000000180025095e-35 5.5000000000000009 8.2449829682960445
decision_type=2 1 2 2 2 1 2 2 2 1 2 2 2 2
left_child=2 -2 3 4 7 -6 -7 13 -8 12 -10 -12 -5 -1
right_child=1 -3 -4 9 5 6 8 -9 10 -11 11 -13 -14 -15
leaf_value=-0.00011264955006237131 -0.00050492226224339604 -0.0068610413759151558 0.00095174941523080807 -0.0016046224756481892 0.00031126894947851303 0.00052302068853662888 -0.00014712239411148256 0.00038785308259332244 -0.0015548955556789563 -0.00062378123770730643 0.0011306918318637377 -0.0023420469324516948 0.00047041786023892029 -0.00083317926992749352
leaf_weight=8288722.6238155365 861210.20048999786 333366.45636773109 3586026.5836026669 440860.38867545128 3209423.8278765678 2164105.2174510956 2088415.5479202271 18701369.027947664 4078559.5673983097 6644817.9672620296 580267.80386042595 269114.59561538696 2922050.3068394661 546272.69598388672
leaf_count=57489 9344 3428 35366 617 13619 37275 15207 124470 29187 27960 3826 1898 18734 852
internal_value=-0.000238606 -0.0117883 1.91881e-05 -0.000380008 0.000436371 -0.00255759 -0.00464878 0.00178349 -0.00709056 -0.00363698 -0.00965564 0.000487754 0.00099308 -0.00163
internal_weight=5.47146e+07 1.19458e+06 5.352e+07 4.9934e+07 3.99263e+07 1.23899e+07 9.18046e+06 2.75364e+07 7.01636e+06 1.00077e+07 4.92794e+06 849382 3.36291e+06 8.835e+06
internal_count=379272 12772 366500 331134 283823 101012 87393 182811 50118 47311 34911 5724 19351 58341
cat_boundaries=0 1 2 3
cat_threshold=268435584 131072 100665472
is_linear=0
shrinkage=0.035


Tree=84
num_leaves=15
num_cat=0
split_feature=29 2 18 39 12 6 11 13 12 28 1 1 1 27
split_gain=130898 97572.9 101596 99734.2 93008 78547.1 80316.6 77357.3 68643.7 63386.5 85934.1 66629.5 65747.5 60562.9
threshold=1.0000000180025095e-35 1.0000000180025095e-35 1.0000000180025095e-35 12.850000000000003 1.3647524245143778 8.0005268660031277 0.99022857129211772 0.98043036105716574 1.0106394443385793 59.500000000000007 17.500000000000004 20.500000000000004 10.500000000000002 7.5000000000000009
decision_type=2 2 2 2 2 2 2 2 2 2 2 2 2 2
left_child=1 9 4 -4 5 6 -3 -7 -2 10 12 -11 -1 -9
right_child=8 2 3 -5 -6 7 -8 13 -10 11 -12 -13 -14 -15
leaf_value=-0.00024375413894317841 -0.0039486280412161191 -0.0001072460390580822 -0.00010990342250675003 -0.0041948428886191789 0.0083356950510721436 -0.0015576420362646633 0.0003725349721148354 -0.00061964982281863018 -0.00050826321493506043 0.00034410293594703243 0.0002545596829889195 -0.0043476791601302356 -0.0011903540737802246 -2.5321237849417407e-06
leaf_weight=2103764.1590576172 534808.28976011276 12564617.01838851 568568.1963288784 460342.58147454262 253543.70669126511 436481.58349609375 23065051.719879627 1316979.5964660645 659768.3670976162 2360086.1334793568 1548624.1086075306 134963.36388134956 2807108.6740894318 5899875.3124084473
leaf_count=13177 5394 99033 6086 4448 2422 885 184892 2245 7378 15197 10984 2631 12852 11648
internal_value=-0.000216458 3.93026e-05 0.000709183 -0.0101612 0.000966087 0.000842271 0.0015333 -0.00237476 -0.0116751 -0.00329459 -0.00512473 0.00144351 -0.00739169 -0.00150937
internal_weight=5.47146e+07 5.352e+07 4.45655e+07 1.02891e+06 4.35365e+07 4.3283e+07 3.56297e+07 7.65334e+06 1.19458e+06 8.95455e+06 6.4595e+06 2.49505e+06 4.91087e+06 7.21685e+06
internal_count=379272 366500 311659 10534 301125 298703 283925 14778 12772 54841 37013 17828 26029 13893
is_linear=0
shrinkage=0.035


Tree=85
num_leaves=15
num_cat=0
split_feature=29 9 2 39 28 6 40 12 39 11 27 13 41 1
split_gain=127097 94778.9 88709.3 97543.4 159173 86351.7 75907.2 66441.5 63390.7 59056.2 57632.9 56578.9 51993.1 51815
threshold=1.0000000180025095e-35 1.8201955231013425 1.0000000180025095e-35 12.450000000000001 6.5000000000000009 8.0005268660031277 1.5500000000000016 1.0106394443385793 7.1500000000000012 1.0065953522142579 7.5000000000000009 0.98528737536275746 16.350000000000005 8.5000000000000018
decision_type=2 2 2 2 2 2 2 2 2 2 2 2 2 2
left_child=1 2 8 5 -5 6 9 -2 -1 -4 13 -12 -10 -7
right_child=7 -3 3 4 -6 10 -8 -9 12 -11 11 -13 -14 -15
leaf_value=-0.00085273016417314405 -0.0038104260597735555 0.010964545477134824 0.00017505203472160266 -0.0018724175726205806 -7.5067106919488676e-05 -0.001594747295297071 -0.00097579998528849984 -0.00049047400241233462 -9.9617607917701508e-05 0.00068628488330871068 -0.0012179478851213441 1.3225884249707779e-05 -0.0029165929154513419 -0.00041338077474467806
leaf_weight=2504892.7044055462 534808.28976011276 139535.32372045517 15176516.607470751 1427748.8830990791 9801303.3786673546 243490.64172363281 1193448.8007204533 659768.3670976162 6244455.9074058533 10962571.1829741 380958.41519165039 4569048.5249938965 190720.56866598129 685315.21520996094
leaf_count=14797 5394 1413 116755 11029 60635 392 9640 7378 38614 101318 761 8747 1251 1148
internal_value=-0.000228116 2.39041e-05 -5.14024e-05 0.000588543 -0.00223146 0.00154201 0.0023697 -0.0115191 -0.00323252 0.00276382 -0.00230617 -0.000805028 -0.00139376 -0.0103063
internal_weight=5.47146e+07 5.352e+07 5.33805e+07 4.44404e+07 1.12291e+07 3.32113e+07 2.73325e+07 1.19458e+06 8.94007e+06 2.61391e+07 5.87881e+06 4.95001e+06 6.43518e+06 928806
internal_count=379272 366500 365087 310425 71664 238761 227713 12772 54662 218073 11048 9508 39865 1540
is_linear=0
shrinkage=0.035


Tree=86
num_leaves=15
num_cat=2
split_feature=11 41 14 0 36 1 21 0 6 5 35 14 20 36
split_gain=95948.4 89186.3 84679.1 180726 119574 122958 108085 106761 106662 88747.9 86440.1 84749.1 80810.2 78340.9
threshold=1.0275224327180885 16.700000000000006 1.0038121718465678 0 4.2500000000000009 17.500000000000004 1.0000000180025095e-35 1 7.3462940337827982 6.5000000000000009 22.500000000000004 0.90323770592447772 1.0000000180025095e-35 26.250000000000004
decision_type=2 2 2 1 2 2 2 1 2 2 2 2 2 2
left_child=1 2 3 11 -5 12 -7 9 -8 -4 -9 -1 13 -6
right_child=-2 -3 7 4 5 6 8 10 -10 -11 -12 -13 -14 -15
leaf_value=0.0012813539700407908 0.00046793949428927315 -0.0032478580091289191 -0.0027159166998253176 0.00070227393474657106 -0.00032115792869901599 0.00096493542558741231 0.00035981268775927622 -0.0050574558116410371 -0.0027806560852711641 0.0010370842912946826 -0.00034354559742346037 0.00029841141209851547 -0.0044487036872955044 -0.0017123619226157467
leaf_weight=1409328.3837227821 9380790.4567570686 220722.83228325844 158952.31608128548 2590851.0021719933 10595724.342783451 2847857.1792104244 731931.45900464058 224828.18388414383 380544.64567565918 1923392.5410003662 18105134.456248522 4629217.9262268543 336188.25857138634 1179118.8274846077
leaf_count=5809 93140 1643 421 12337 84411 25954 10400 2119 1417 22101 91309 16186 3456 8569
internal_value=-0.000227826 -0.000894547 -0.000785957 0.000592508 -0.00111047 -0.00223533 0.00311825 -0.00245403 -0.00613291 0.00505583 -0.00330717 0.00585557 -0.00398597 -0.00350287
internal_weight=5.47146e+07 4.53338e+07 4.51131e+07 2.47008e+07 1.86622e+07 1.60714e+07 3.96033e+06 2.04123e+07 1.11248e+06 2.08234e+06 1.833e+07 6.03855e+06 1.2111e+07 1.17748e+07
internal_count=379272 286132 284489 168539 146544 134207 37771 115950 11817 22522 93428 21995 96436 92980
cat_boundaries=0 1 2
cat_threshold=131072 100663296
is_linear=0
shrinkage=0.035


Tree=87
num_leaves=15
num_cat=2
split_feature=29 0 9 31 0 40 27 36 45 28 14 41 9 28
split_gain=119867 166592 90125.8 85986.6 105810 139468 119815 107247 106776 86337.2 82020.4 76220.7 72270.6 71886.5
threshold=1.0000000180025095e-35 0 1.8201955231013425 1.0000000180025095e-35 1 0.099999999999999853 51.500000000000007 27.850000000000005 1.0000000180025095e-35 2.5000000000000004 1.1807223977627761 16.350000000000005 0.96977929726418655 59.500000000000007
decision_type=2 1 2 2 1 2 2 2 2 2 2 2 2 2
left_child=2 -2 3 4 6 7 13 8 10 -7 -6 -11 -8 -1
right_child=1 -3 -4 -5 5 9 12 -9 -10 11 -12 -13 -14 -15
leaf_value=-0.00051282044022835419 -0.00035499516437105549 -0.0062945565542288683 0.010566714953308114 0.0040750204941086216 0.00035289503691763013 -0.0032944133715340153 -0.0076698811079139026 -0.0015244812756023826 -0.00044653641568423799 -0.00018743384442517673 -0.00039214523325216476 -0.003265163289039003 -0.0014195747575570063 0.0011070426065085833
leaf_weight=4168859.7460429668 861210.20048999786 333366.45636773109 139535.32372045517 607922.80077552795 26244659.445000648 648845.80720329285 249373.57854628563 743508.79716324806 3054241.0194399357 11666468.271849155 2613826.8527309895 197331.37477040291 1861854.8725352287 1323578.2644705772
leaf_count=34563 9344 3428 1413 5642 175394 7316 2974 4492 12114 68533 16448 1335 22712 13564
internal_value=-0.000207901 -0.0111731 3.68456e-05 -3.6589e-05 -0.000187359 0.000455654 -0.00400711 0.00165952 0.00196567 -0.00268625 0.00262429 -0.00200634 -0.0110935 -0.00128317
internal_weight=5.47146e+07 1.19458e+06 5.352e+07 5.33805e+07 5.27725e+07 4.51689e+07 7.60367e+06 3.26562e+07 3.19127e+07 1.25126e+07 2.88585e+07 1.18638e+07 2.11123e+06 5.49244e+06
internal_count=379272 12772 366500 365087 359445 285632 73813 208448 203956 77184 191842 69868 25686 48127
cat_boundaries=0 1 3
cat_threshold=268435584 268435456 262144
is_linear=0
shrinkage=0.035


Tree=88
num_leaves=15
num_cat=2
split_feature=29 0 9 2 39 40 14 0 1 36 20 1 46 24
split_gain=118689 167253 89055.1 84253 87737.8 73903.9 83662.8 124221 76029.1 80030.1 86445.7 73946.6 69898.8 68195
threshold=1.0000000180025095e-35 0 1.8201955231013425 1.0000000180025095e-35 14.750000000000002 1.6000000000000016 1.0038121718465678 1 19.500000000000004 23.750000000000004 1.0000000180025095e-35 17.500000000000004 4.2000000000000028 1.0000000180025095e-35
decision_type=2 1 2 2 2 2 2 1 2 2 2 2 2 2
left_child=2 -2 3 -1 5 6 8 -8 9 10 12 -9 13 -5
right_child=1 -3 -4 4 -6 -7 7 11 -10 -11 -12 -13 -14 -15
leaf_value=-0.00035626689449361833 -0.00034257033361807153 -0.006074247074830859 0.010196879929942332 0.00033739477491875349 -0.0004695355411804591 -0.00091447238492795089 0.00085688094066079131 -1.9730660789132846e-05 0.0016466044695253289 -0.00043548808055782705 -0.0029501449492161588 -0.00074163993733375976 0.00096076437671294536 -0.00089467109778409103
leaf_weight=8940069.1804773808 861210.20048999786 333366.45636773109 139535.32372045517 9807209.7844223976 5533288.4471490383 1503943.8532943726 3691706.068246603 10830091.60931325 2189959.867534399 2690495.5769162178 349117.38802075386 3733970.6438965797 3361936.1981296539 748682.21312761307
leaf_count=54662 9344 3428 1413 72523 34102 10923 35800 54608 33476 17348 4357 23577 19598 4113
internal_value=-0.000206449 -0.0111176 3.70916e-05 -3.59055e-05 0.000587759 0.00117423 0.00148011 -0.000215141 0.00309642 0.00230384 0.003348 -0.00166872 0.0037795 0.0023797
internal_weight=5.47146e+07 1.19458e+06 5.352e+07 5.33805e+07 4.44404e+07 3.89071e+07 3.74032e+07 1.82558e+07 1.91474e+07 1.69574e+07 1.42669e+07 1.45641e+07 1.39178e+07 1.05559e+07
internal_count=379272 12772 366500 365087 310425 276323 265400 113985 151415 117939 100591 78185 96234 76636
cat_boundaries=0 1 2
cat_threshold=268435584 100663424
is_linear=0
shrinkage=0.035


Tree=89
num_leaves=15
num_cat=2
split_feature=29 0 12 13 14 28 1 1 14 1 41 0 12 28
split_gain=116574 167149 87652 89785.2 77706.4 86473.8 220446 133358 118285 99736.8 117675 77756 80036 76621.5
threshold=1.0000000180025095e-35 0 1.0612985481921597 0.97911226621471037 1.1807223977627761 59.500000000000007 17.500000000000004 19.500000000000004 0.94592306406186222 12.500000000000002 0.15000000000000116 1 0.95147315182213388 23.500000000000004
decision_type=2 1 2 2 2 2 2 2 2 2 2 1 2 2
left_child=2 -2 3 -1 5 6 9 11 -8 -5 13 12 -7 -11
right_child=1 -3 -4 4 -6 7 8 -9 -10 10 -12 -13 -14 -15
leaf_value=-0.00072895587272702659 -0.00033058037194143926 -0.0058616484272117795 0.00090450588603715977 -2.0321634174956002e-06 -0.000586227149754758 -0.0016464861397426634 0.0019860528497766231 -0.0012985196049716634 0.00025028443839825138 0.00025412299577546877 -0.0010603803595304463 0.00083157293640610016 0.00045264348261271192 -0.00061664010071808709
leaf_weight=4946352.093490839 861210.20048999786 333366.45636773109 3586026.5836026669 13722994.735495567 3362305.59573102 521293.5577507019 2045842.3589038849 1045951.8944189548 5278394.109348774 3249869.5745544434 4058790.6449737549 5178464.3138434887 3257034.8479230404 3266685.8442115784
leaf_count=45761 9344 3428 35366 90422 19745 2638 20191 13815 35521 15109 19983 38120 17757 12072
internal_value=-0.000199401 -0.0110129 4.19606e-05 -0.000337617 0.000154501 0.00056792 -0.000329287 0.00340434 0.00499335 -0.00193369 -0.00448806 0.00478535 0.000967566 -0.0015743
internal_weight=5.47146e+07 1.19458e+06 5.352e+07 4.9934e+07 4.49876e+07 4.16253e+07 3.16226e+07 1.00027e+07 7.32424e+06 2.42983e+07 1.05753e+07 8.95679e+06 3.77833e+06 6.51656e+06
internal_count=379272 12772 366500 331134 285373 265628 193298 72330 55712 137586 47164 58515 20395 27181
cat_boundaries=0 1 3
cat_threshold=268435584 6144 262144
is_linear=0
shrinkage=0.035


Tree=90
num_leaves=15
num_cat=2
split_feature=29 0 9 31 27 0 5 6 9 12 41 13 6 46
split_gain=114391 167072 87010.7 80459.8 100591 179547 96086.1 88951.9 86224 70909 68952.9 61376.7 59644.9 66528.8
threshold=1.0000000180025095e-35 0 1.8201955231013425 1.0000000180025095e-35 55.500000000000007 1 20.500000000000004 7.2716623472949458 1.0014687749901559 0.99976021955559136 12.650000000000004 1.0352781564070572 6.7521798621251587 3.6500000000000012
decision_type=2 1 2 2 2 1 2 2 2 2 2 2 2 2
left_child=2 -2 3 4 7 10 9 -1 11 -7 -6 -9 -5 -14
right_child=1 -3 -4 12 5 6 -8 8 -10 -11 -12 -13 13 -15
leaf_value=0.00053562179625912733 -0.00031901005892348864 -0.0056564907322593661 0.0098083314263830487 0.018227433551646206 4.7896265131586367e-05 -0.0039214977723488025 -0.0018892509993762661 -0.00016743181446735058 0.00043744411645891705 0.00037295938874535466 -0.0026378642934186541 0.0013175957906140145 0.0037912929673549951 -0.0018704195265957931
leaf_weight=12546797.601754665 861210.20048999786 333366.45636773109 139535.32372045517 145206.86606788635 10285423.806699753 270749.42673110962 3323706.2337005138 19849979.186416626 4515480.7663421631 1239624.1689434052 179059.73918890953 561727.09997558594 321281.56974029541 141434.36496734619
leaf_count=157888 9344 3428 1413 3078 61664 4545 42195 57819 16512 16017 977 1828 1662 902
internal_value=-0.000213649 -0.0109254 2.54414e-05 -4.6713e-05 -0.000192557 -0.00258413 -0.00816282 0.00078379 -0.000426002 -0.000842836 -7.0345e-06 -0.00139419 0.0126135 0.00647183
internal_weight=5.47146e+07 1.19458e+06 5.352e+07 5.33805e+07 5.27725e+07 1.52986e+07 4.83408e+06 3.7474e+07 2.49272e+07 1.51037e+06 1.04645e+07 2.04117e+07 607923 462716
internal_count=379272 12772 366500 365087 359445 125398 62757 234047 76159 20562 62641 59647 5642 2564
cat_boundaries=0 1 2
cat_threshold=268435584 137218
is_linear=0
shrinkage=0.035


Tree=91
num_leaves=15
num_cat=3
split_feature=29 0 11 40 14 0 28 20 0 42 28 1 28 1
split_gain=111768 166227 84549.1 79346.1 78052.4 178604 130318 150201 136654 99121.4 146751 92073.6 91938.6 95130.9
threshold=1.0000000180025095e-35 0 1.0938931410688297 3.8500000000000019 0.94592306406186222 1 25.500000000000004 1.0000000180025095e-35 2 0.099999999999999686 31.500000000000004 17.500000000000004 59.500000000000007 10.500000000000002
decision_type=2 1 2 2 2 1 2 2 1 2 2 2 2 2
left_child=2 -2 3 4 5 -1 7 8 -7 -6 -11 12 -12 -14
right_child=1 -3 -4 -5 9 6 -8 -9 -10 10 11 -13 13 -15
leaf_value=-0.0012393610266789935 -0.00030784470686116914 -0.0054585135566302878 0.0020611527021436103 -0.0022464559092780236 0.00011866866780748312 0.0018048766730458909 -4.4278292218592638e-05 -0.0022845206663802023 0.00088474662129288124 -0.00057846662599097978 -0.00026954410251451546 -0.00077100152490301884 -6.0692345315425093e-05 0.0010866511922624114
leaf_weight=1689614.1908864975 861210.20048999786 333366.45636773109 1428332.0941348076 613979.71021366119 18645006.864341497 1225414.0645365715 3577267.8907978535 383881.67436552048 3326697.3409113884 9791087.2891829014 4054810.7321462631 3082285.929782629 2402243.2907443047 3299385.0822048187
leaf_count=26786 9344 3428 19333 4505 115709 5299 23433 3707 24530 55836 23102 24642 20231 19387
internal_value=-0.000202104 -0.0107904 3.42306e-05 -0.000196124 -4.69412e-05 0.00269421 0.00475721 0.00844368 0.0102167 -0.000724537 -0.0022814 0.000179953 0.00184592 0.00471113
internal_weight=5.47146e+07 1.19458e+06 5.352e+07 5.20917e+07 5.14777e+07 1.02029e+07 8.51326e+06 4.93599e+06 4.55211e+06 4.12748e+07 2.26298e+07 1.28387e+07 9.75644e+06 5.70163e+06
internal_count=379272 12772 366500 347167 342662 83755 56969 33536 29829 258907 143198 87362 62720 39618
cat_boundaries=0 1 2 3
cat_threshold=268435584 369098752 131072
is_linear=0
shrinkage=0.035


Tree=92
num_leaves=15
num_cat=3
split_feature=29 0 9 31 0 40 27 18 36 6 14 0 9 36
split_gain=110124 164192 82915.4 75508.3 98820.9 121817 108421 99945.2 97330.9 107573 86227.6 76640.4 72887.9 70234
threshold=1.0000000180025095e-35 0 1.8201955231013425 1.0000000180025095e-35 1 0.099999999999999853 51.500000000000007 1.0000000180025095e-35 27.850000000000005 8.0005268660031277 1.0038121718465678 2 0.96977929726418655 17.250000000000004
decision_type=2 1 2 2 1 2 2 2 2 2 2 1 2 2
left_child=2 -2 3 4 6 8 -1 -7 9 11 -11 13 -8 -6
right_child=1 -3 -4 -5 5 7 12 -9 -10 10 -12 -13 -14 -15
leaf_value=-0.00019286084410965047 -0.00029707014212102776 -0.0052674655821482279 0.0093884645261526085 0.003822683248660775 0.0003967162273427028 -0.00022955921727475638 -0.0073047005916598278 -0.0034337647274360803 -0.0014546871046785454 0.00019563521958266094 -0.00040030560746297575 0.00025328990059519859 -0.0013258448710214052 0.0016038821931481659
leaf_weight=5492438.0105135441 861210.20048999786 333366.45636773109 139535.32372045517 607922.80077552795 3023774.912024498 12099176.676252842 249373.57854628563 413468.77757000923 743508.79716324806 2856893.9277954102 4129055.3219604492 20058289.052361727 1861854.8725352287 1844714.1030294895
leaf_count=48127 9344 3428 1413 5642 31384 72845 2974 4339 4492 5806 7358 142442 22712 16966
internal_value=-0.00018611 -0.0106962 4.84788e-05 -2.19571e-05 -0.000163243 0.000458171 -0.00385468 -0.0024782 0.00158328 0.00187494 -0.00196353 0.0029507 -0.0105957 0.00688994
internal_weight=5.47146e+07 1.19458e+06 5.352e+07 5.33805e+07 5.27725e+07 4.51689e+07 7.60367e+06 1.25126e+07 3.26562e+07 3.19127e+07 6.98595e+06 2.49268e+07 2.11123e+06 4.86849e+06
internal_count=379272 12772 366500 365087 359445 285632 73813 77184 208448 203956 13164 190792 25686 48350
cat_boundaries=0 1 3 4
cat_threshold=268435584 268435456 262144 33685504
is_linear=0
shrinkage=0.035


Tree=93
num_leaves=15
num_cat=1
split_feature=29 0 12 13 23 2 14 28 1 1 14 36 46 1
split_gain=106834 162380 80665.6 83556.5 75922.9 76620 71668.6 75757.9 204120 122749 112924 94776.6 90222.9 139558
threshold=1.0000000180025095e-35 0 1.0612985481921597 0.97911226621471037 1.0000000180025095e-35 3.5000000000000004 1.1807223977627761 59.500000000000007 17.500000000000004 19.500000000000004 0.94592306406186222 26.250000000000004 4.2000000000000028 11.500000000000002
decision_type=2 1 2 2 2 2 2 2 2 2 2 2 2 2
left_child=2 -2 3 4 -1 -6 7 8 11 -9 -10 12 13 -5
right_child=1 -3 -4 6 5 -7 -8 9 10 -11 -12 -13 -14 -15
leaf_value=-0.00022309874041327363 -0.0002866726871467886 -0.0050831042867730408 0.0008705827495210694 -1.6913956550563118e-06 0.0003698821477875761 -0.0018696073388808562 -0.00057238611666393885 0.00056574385704319928 0.0018892329070029162 -0.0012687314627727875 0.00025004169233344182 -0.0014602058905872812 0.00026749181711899331 -0.00071420491414419228
leaf_weight=3135594.3308002949 861210.20048999786 333366.45636773109 3586026.5836026669 9923098.1888008118 426288.23859477043 1384469.5240957737 3362305.59573102 8956792.719517231 2045842.3589038849 1045951.8944189548 5278394.109348774 1186382.8189744949 6299704.3669834137 6889155.4244766235
leaf_count=34379 9344 3428 35366 68933 4051 7331 19745 58515 20191 13815 35521 7050 33346 28257
internal_value=-0.000180954 -0.0105329 5.01038e-05 -0.000314032 -0.00463184 -0.010338 0.000160709 0.000557742 -0.000282036 0.0032126 0.00483972 -0.00182589 -0.00133063 -0.00266925
internal_weight=5.47146e+07 1.19458e+06 5.352e+07 4.9934e+07 4.94635e+06 1.81076e+06 4.49876e+07 4.16253e+07 3.16226e+07 1.00027e+07 7.32424e+06 2.42983e+07 2.3112e+07 1.68123e+07
internal_count=379272 12772 366500 331134 45761 11382 285373 265628 193298 72330 55712 137586 130536 97190
cat_boundaries=0 1
cat_threshold=268435584
is_linear=0
shrinkage=0.035


Tree=94
num_leaves=15
num_cat=2
split_feature=11 14 0 28 0 6 17 28 3 5 27 35 8 14
split_gain=84827.5 88597.4 133764 78808.2 147268 88644.5 69971.1 62508.1 84931.7 60130.2 61332.3 77359.8 56597.9 55470.2
threshold=1.0088758620090961 0.90323770592447772 0 53.500000000000007 1 7.047562077150423 1.0000000180025095e-35 27.500000000000004 1.0000000180025095e-35 27.500000000000004 55.500000000000007 39.000000000000007 0.9945963323253918 0.94592306406186222
decision_type=2 2 1 2 1 2 2 2 2 2 2 2 2 2
left_child=1 2 7 6 -5 -6 -2 8 -1 13 11 -11 -13 -3
right_child=3 9 -4 4 5 -7 -8 -9 -10 10 -12 12 -14 -15
leaf_value=0.0014391496861626038 0.0002621478469929228 0.00079165720473321657 -0.00059630276802268912 0.0022485857648408296 -0.0030104232729103722 0.0003344093020587615 -0.00041428086514613068 0.00015680173829315825 -0.00051583413668607138 -0.0042470556668039467 -0.00085594092031926179 0.00049214426819669014 -0.00029641322260906571 -0.00011573438310808834
leaf_weight=1522546.4051063061 8308387.1985712051 1082817.4501652718 1910039.8188514709 2521880.2778391838 497942.71072077751 3403033.7695159912 4502576.7119693756 1141276.8871605396 401078.11506271362 176362.42754626274 4748458.1199765205 932424.95482587814 7036303.3657562733 16529454.598038673
leaf_count=6414 66304 7921 20007 34795 10044 13625 33969 5762 3118 1700 33495 5912 45099 91107
internal_value=-0.000178733 -0.00119339 0.00313751 0.00169302 0.0048571 0.000595851 0.000106686 0.0076681 0.0115181 -0.00189969 -0.00371581 -0.00187268 -0.00136522 -0.000570145
internal_weight=5.47146e+07 3.54808e+07 4.97494e+06 1.92338e+07 6.42286e+06 3.90098e+06 1.2811e+07 3.0649e+06 1.92362e+06 3.05058e+07 1.28935e+07 8.14509e+06 7.96873e+06 1.76123e+07
internal_count=379272 220535 35301 158737 58464 23669 100273 15294 9532 185234 86206 52711 51011 99028
cat_boundaries=0 1 2
cat_threshold=137216 369098882
is_linear=0
shrinkage=0.035


Tree=95
num_leaves=15
num_cat=2
split_feature=29 0 9 41 13 14 28 1 1 0 27 14 11 28
split_gain=102326 158046 79330.4 74687.9 69390.2 70241.5 82540.6 181584 135984 108001 150352 105751 104078 89584.4
threshold=1.0000000180025095e-35 0 1.8201955231013425 5.3500000000000032 1.0352781564070572 1.1807223977627761 59.500000000000007 18.500000000000004 20.500000000000004 1 40.500000000000007 0.94592306406186222 1.0875905739313392 23.500000000000004
decision_type=2 1 2 2 2 2 2 2 2 1 2 2 2 2
left_child=2 -2 3 4 5 6 7 13 9 10 -8 -9 -11 -1
right_child=1 -3 -4 -5 -6 -7 8 11 -10 12 -12 -13 -14 -15
leaf_value=4.7010620632464101e-05 -0.00027221207725136413 -0.0048541223961434451 0.0089871752971048442 -0.00085159591891149162 0.0011320428080828578 -0.00055194547204176784 0.0013942261783906275 0.0023421898841407586 -0.0022305271649216358 0.00051897981603430364 -0.003838933313077744 0.00030390156569011793 0.0043693900026947853 -0.00039863655675240526
leaf_weight=13631011.946332693 861210.20048999786 333366.45636773109 139535.32372045517 2481273.5697538853 2314553.3563096523 3939168.1700396538 433272.10384750366 1382708.6636805534 646978.70889568329 9375710.9121060371 614481.13174128532 3647860.0441474915 380266.93658447266 14533185.287089348
leaf_count=83214 9344 3428 1413 19568 26199 24538 2577 17275 12418 64396 4107 31648 3227 75920
internal_value=-0.000169486 -0.0103006 5.66451e-05 -1.22512e-05 0.000276806 -5.25698e-06 0.000390045 -0.000493837 0.00295235 0.00388573 -0.00679246 0.00563124 0.00503253 -0.00158787
internal_weight=5.47146e+07 1.19458e+06 5.352e+07 5.33805e+07 5.08992e+07 4.85846e+07 4.46455e+07 3.31948e+07 1.14507e+07 1.08037e+07 1.04775e+06 5.03057e+06 9.75598e+06 2.81642e+07
internal_count=379272 12772 366500 365087 345519 319320 294782 208057 86725 74307 6684 48923 67623 159134
cat_boundaries=0 1 3
cat_threshold=268435584 0 262144
is_linear=0
shrinkage=0.035


Tree=96
num_leaves=15
num_cat=3
split_feature=29 0 12 27 14 0 31 27 0 5 1 19 41 6
split_gain=97946.3 151438 75968.1 85988.7 109494 108479 147222 98828.7 71837.7 78725 71490.7 70602.9 76669.8 66148.9
threshold=1.0000000180025095e-35 0 1.0488390177566751 55.500000000000007 1.1228774058946247 1 1.0000000180025095e-35 8.5000000000000018 2 5.5000000000000009 8.5000000000000018 1.0000000180025095e-35 8.6500000000000039 7.3299675310277541
decision_type=2 1 2 2 2 1 2 2 1 2 2 2 2 2
left_child=2 -2 3 4 7 13 -7 10 9 -6 -1 12 -12 -5
right_child=1 -3 -4 5 8 6 -8 -9 -10 -11 11 -13 -14 -15
leaf_value=-0.00088369836697510431 -0.00026268465454756633 -0.0046842281122784239 0.00069646250508228634 0.00090094277980118072 -0.0015721863267170494 -0.0013412806947975919 0.0037049354911902711 0.00034206192568796433 -0.00052489981568214813 0.00053425486733935709 0.00032296151692091674 -0.00076531477051528592 -0.0058328398773415053 -0.0002031217974902145
leaf_weight=1559843.038860321 861210.20048999786 333366.45636773109 4949451.8425199986 1537883.6439139843 413440.09922790527 4512039.0202479362 476341.6834859848 18545794.569171429 5608157.4230322838 2479334.1661286354 5070752.0400383472 2015822.8383040428 112868.60956931114 6238277.1797485352
leaf_count=14614 9344 3428 47100 19882 392 56751 4529 122437 21578 14668 27227 14630 1019 21673
internal_value=-0.000150496 -0.0100625 7.07427e-05 -0.000350195 0.000529084 -0.00281667 -0.00684513 0.00160902 -0.00293967 0.00154018 -0.00145489 1.69129e-05 0.00217833 -0.000232416
internal_weight=5.47146e+07 1.19458e+06 5.352e+07 4.85706e+07 3.5806e+07 1.27645e+07 4.98838e+06 2.73051e+07 8.50093e+06 2.89277e+06 8.75929e+06 7.19944e+06 5.18362e+06 7.77616e+06
internal_count=379272 12772 366500 319400 216565 102835 61280 179927 36638 15060 57490 42876 28246 41555
cat_boundaries=0 1 2 3
cat_threshold=268435584 137216 100665472
is_linear=0
shrinkage=0.035


Tree=97
num_leaves=15
num_cat=2
split_feature=29 0 2 18 39 12 6 0 6 27 27 44 46 36
split_gain=93349.5 146712 74598.6 92363.1 85140.7 77846.3 59243.8 73036.9 81901.4 71114.7 114398 67887.7 62057.1 64829.4
threshold=1.0000000180025095e-35 0 1.0000000180025095e-35 1.0000000180025095e-35 12.850000000000003 1.3647524245143778 8.4911077780067021 1 7.9709718983248523 34.500000000000007 12.500000000000002 1.0000000180025095e-35 0.90000000000000135 12.550000000000002
decision_type=2 1 2 2 2 2 2 1 2 2 2 2 2 2
left_child=2 -2 -1 5 -5 6 7 9 -9 10 -4 -11 13 -12
right_child=1 -3 3 4 -6 -7 -8 8 -10 11 12 -13 -14 -15
leaf_value=-0.00032467779911994811 -0.00025349069163840046 -0.0045202801283486787 9.4773596882294874e-05 -7.1791193068933661e-05 -0.0036675393452034887 0.0068326758170032722 -0.00050711038345406132 6.4366810487937465e-05 -0.00060367993979625067 8.078614714187271e-05 8.3594503050074496e-05 -0.0023362476763468692 0.0012276992796649716 0.0021851870672759065
leaf_weight=8954546.4391152859 861210.20048999786 333366.45636773109 4080950.5718915462 568568.1963288784 460342.58147454262 253543.70669126511 869555.78637695312 25539115.445706844 2182221.5639343262 6513280.6035890579 1562755.8597331047 129730.6747174263 2063094.8566308022 342299.86805868149
leaf_count=54841 9344 3428 22734 6086 4448 2422 1120 200690 4649 45327 10278 604 9876 3425
internal_value=-0.000149109 -0.00982569 6.68754e-05 0.000652606 -0.00971203 0.000897558 0.000784283 0.000969691 -8.76687e-05 0.00296473 0.00517688 0.000284351 0.00940833 0.00485342
internal_weight=5.47146e+07 1.19458e+06 5.352e+07 4.45655e+07 1.02891e+06 4.35365e+07 4.3283e+07 4.24134e+07 2.77213e+07 1.46921e+07 8.0491e+06 6.64301e+06 3.96815e+06 1.90506e+06
internal_count=379272 12772 366500 311659 10534 301125 298703 297583 205339 92244 46313 45931 23579 13703
cat_boundaries=0 1 2
cat_threshold=268435584 33685632
is_linear=0
shrinkage=0.035


Tree=98
num_leaves=15
num_cat=3
split_feature=29 0 27 9 42 28 1 14 0 28 3 0 14 14
split_gain=89800.6 141085 74694.5 74566 68443.1 80261.1 156208 132713 142208 114928 107866 107205 73501.5 73300.2
threshold=1.0000000180025095e-35 0 59.500000000000007 1.8201955231013425 0.19999999999999893 59.500000000000007 18.500000000000004 0.94592306406186222 1 20.500000000000004 1.0000000180025095e-35 2 1.0239625556666898 1.1807223977627761
decision_type=2 1 2 2 2 2 2 2 1 2 2 1 2 2
left_child=3 2 -2 4 13 7 11 8 -6 10 -10 -7 -8 -1
right_child=1 -3 -4 -5 5 6 12 -9 9 -11 -12 -13 -14 -15
leaf_value=0.00021310543459420801 0.0050198704413190647 -0.0042836675026146102 -0.00075903999411438172 0.0084530900963807956 -0.0018134234394019892 -0.00018945362858145131 -0.00012612220498461668 -0.00047960416840515761 0.0013622941956564975 -0.00018039922620973471 -0.00068535898537499553 0.00081672264828305894 -0.0024437727518238379 -0.00062217045174455877
leaf_weight=22530978.433499098 167340.95859456062 363432.46998977661 663803.22827339172 139535.32372045517 795173.74558973312 2943144.5069963932 657528.14133143425 13822379.034701347 2152336.495182991 2797104.5863060951 676664.45899486542 4093076.6102585793 684668.54333543777 2227416.2743322849
leaf_count=148371 2994 3941 5837 1413 12066 15879 7609 85208 13546 20220 8141 31664 7233 15150
internal_value=-0.000147585 -0.00963844 -0.00168433 6.42542e-05 -2.54121e-06 -0.00116815 0.00171278 -0.00236051 0.00179727 0.00375542 0.00872951 0.00380005 -0.00922927 0.00134497
internal_weight=5.47146e+07 1.19458e+06 831144 5.352e+07 5.33805e+07 2.86221e+07 8.37842e+06 2.02437e+07 6.42128e+06 5.62611e+06 2.829e+06 7.03622e+06 1.3422e+06 2.47584e+07
internal_count=379272 12772 8831 366500 365087 201566 62385 139181 53973 41907 21687 47543 14842 163521
cat_boundaries=0 1 2 4
cat_threshold=128 100663296 6144 262144
is_linear=0
shrinkage=0.035


Tree=99
num_leaves=15
num_cat=1
split_feature=40 12 14 12 27 0 31 35 27 1 6 18 46 14
split_gain=78146.3 83822.2 89592.4 149684 109619 126218 131132 100610 79699 73857.8 67796.7 68828.2 65332.8 63650.7
threshold=5.150000000000003 1.0488390177566751 1.1228774058946247 0.97673979454843807 59.500000000000007 0 1.0000000180025095e-35 13.500000000000002 8.5000000000000018 8.5000000000000018 7.2716623472949458 1.0000000180025095e-35 -0.70000000000000184 1.0123130853103539
decision_type=2 2 2 2 2 1 2 2 2 2 2 2 2 2
left_child=1 2 4 -4 7 12 -7 -1 9 -9 11 -10 -6 -12
right_child=-2 -3 3 -5 5 6 -8 8 10 -11 13 -13 -14 -15
leaf_value=-0.0025220716765028471 -0.0025629432485632592 0.00068352664765745821 -0.0046137547958310437 -0.00029799097804392892 0.00073012172097173796 -0.0012268677311685623 0.0034149782532339372 -0.00085208377324170624 0.0010770819594050139 4.4912846976300035e-05 0.00036802100734042228 -0.0021904702374238678 -0.00015634742186389146 -0.00012440310190037234
leaf_weight=230667.836997509 457188.63860964775 5193333.5370204449 463073.11416530609 9320616.2788155079 1685642.1626853943 4453936.7784399986 452580.56931591034 1550811.1981568336 5881968.1165440083 7106208.3624589443 6939570.5849609375 264482.03240323067 5176927.6994860172 5537575.9010467529
leaf_count=1765 3259 50789 4702 41856 16778 55111 4363 14405 78105 41978 23288 3491 20509 18873
internal_value=-0.000142934 -2.15129e-05 -0.000469082 -0.00346588 0.000277342 -0.00254953 -0.00683613 0.00148665 0.00168128 -0.00109341 0.00297108 0.00597982 0.000515267 0.00148891
internal_weight=5.47146e+07 5.42574e+07 4.90641e+07 9.78369e+06 3.92804e+07 1.17691e+07 4.90652e+06 2.75113e+07 2.72806e+07 8.65702e+06 1.86236e+07 6.14645e+06 6.86257e+06 1.24771e+07
internal_count=379272 376013 325224 46558 278666 96761 59474 181905 180140 56383 123757 81596 37287 42161
cat_boundaries=0 1
cat_threshold=137216
is_linear=0
shrinkage=0.035


Tree=100
num_leaves=15
num_cat=4
split_feature=29 0 11 41 14 0 0 39 5 14 2 27 28 0
split_gain=81854.8 136322 69497.9 68395.3 64941.9 146504 115168 98054.4 77931 66066.8 65937.5 65785.1 64662 69768.2
threshold=1.0000000180025095e-35 0 1.0938931410688297 5.3500000000000032 1.0038121718465678 1 2 14.750000000000002 5.5000000000000009 0.90323770592447772 4.5000000000000009 29.500000000000004 53.500000000000007 3
decision_type=2 1 2 2 2 1 1 2 2 2 2 2 2 1
left_child=2 -2 3 4 5 9 8 -7 -6 -1 -8 -12 -4 -14
right_child=1 -3 12 -5 6 7 10 -9 -10 -11 11 -13 13 -15
leaf_value=0.0011941230307599608 -0.00022203706907360105 -0.0041188122717954086 6.2018714050274273e-05 -0.00082249568994552185 -0.0015226486810508287 0.00011836900303458606 -0.0003938301377637298 -0.00084520801512481087 0.00052495162510981879 0.00032831456944829718 -0.00043612695259695358 0.00090199409206244668 -0.0029588293290895157 0.004149786120714003
leaf_weight=1390654.2669956684 861210.20048999786 333366.45636773109 735746.02474832535 2419776.2837638855 437303.51695513725 16968248.786794186 13860736.780032635 3059289.8990962505 6305921.2070541382 4769460.7058298588 1463934.7491779327 1416347.8644142151 89968.076772212982 602617.99261426926
leaf_count=6156 9344 3428 11585 18607 1074 144867 58815 21825 57674 17513 8867 11769 1173 6575
internal_value=-0.000143453 -0.0092047 5.87971e-05 -0.00015005 0.000129868 0.00132831 -0.00120653 -0.000123559 0.00265539 0.00604854 -0.00276209 0.00205648 0.00767544 0.0153508
internal_weight=5.47146e+07 1.19458e+06 5.352e+07 5.20917e+07 4.96719e+07 2.61877e+07 2.34842e+07 2.00275e+07 6.74322e+06 6.16011e+06 1.6741e+07 2.88028e+06 1.42833e+06 692586
internal_count=379272 12772 366500 347167 328560 190361 138199 166692 58748 23669 79451 20636 19333 7748
cat_boundaries=0 1 2 3 5
cat_threshold=268435584 131072 100663426 0 262144
is_linear=0
shrinkage=0.035


Tree=101
num_leaves=15
num_cat=2
split_feature=41 9 31 35 0 40 36 6 27 0 9 18 46 14
split_gain=75563.9 73269.1 73306.1 135393 98759.1 90152.7 91318.1 94433.8 88262.1 84787.1 75989.7 71402.7 63757.2 62336
threshold=26.550000000000004 1.8201955231013425 1.0000000180025095e-35 26.500000000000004 0 0.099999999999999853 27.850000000000005 8.0005268660031277 51.500000000000007 1 0.96442925570693194 1.0000000180025095e-35 2.8000000000000003 1.0038121718465678
decision_type=2 2 2 2 1 2 2 2 2 1 2 2 2 2
left_child=1 2 3 9 8 6 7 -6 -5 -1 -10 -7 -4 -9
right_child=-2 -3 12 4 5 11 -8 13 10 -11 -12 -13 -14 -15
leaf_value=-0.00058755535032758055 -0.0049234510687144305 0.0077030096463968287 0.0065227295921500457 -0.00022146739772865628 0.0003618817204563069 -0.00018282112047187879 -0.0013686841185841161 0.00017476744406041549 -0.0070184620150878733 -0.0037957426479439849 -0.0011965257047990253 -0.0029156996281271058 -0.00053012868880775437 -0.00033665144078079678
leaf_weight=673083.91305685043 87205.594715118408 162101.55069732666 371392.93383598328 5554778.5967338085 24987598.267439842 12058154.053822517 743508.79716324806 2856893.9277954102 235482.7471511364 376942.2981877327 1871562.8539662361 379587.80965662003 227234.14492416382 4129055.3219604492
leaf_count=6848 567 2025 3854 48927 191857 72869 4492 5806 2758 3266 22865 4055 1725 7358
internal_value=-0.000137374 -8.5402e-05 -0.000155333 -0.000290696 -4.32831e-05 0.000580144 0.00154439 0.00182637 -0.00371743 -0.0127355 -0.00981679 -0.00195628 0.0120249 -0.00177101
internal_weight=5.47146e+07 5.46274e+07 5.44653e+07 5.38666e+07 5.28166e+07 4.51548e+07 3.27171e+07 3.19735e+07 7.66182e+06 1.05003e+06 2.10705e+06 1.24377e+07 598627 6.98595e+06
internal_count=379272 378705 376680 371101 360987 286437 209513 205021 74550 10114 25623 76924 5579 13164
cat_boundaries=0 2 3
cat_threshold=268435456 262144 268435584
is_linear=0
shrinkage=0.035


Tree=102
num_leaves=15
num_cat=1
split_feature=29 0 2 18 15 12 13 23 27 39 14 12 42 27
split_gain=74290.9 130118 68347.7 81523.8 78564.9 69246.3 88947.1 79750.3 67865.5 57320.5 54770.9 64152.5 54553.3 51932.1
threshold=1.0000000180025095e-35 0 1.0000000180025095e-35 1.0000000180025095e-35 1.0000000180025095e-35 1.0612985481921597 0.96105452565726079 1.0000000180025095e-35 59.500000000000007 7.1500000000000012 1.1228774058946247 0.97673979454843807 0.19999999999999932 47.500000000000007
decision_type=2 1 2 2 2 2 2 2 2 2 2 2 2 2
left_child=2 8 9 5 -5 6 7 -4 -2 -1 12 -12 -8 -14
right_child=1 -3 3 4 -6 -7 10 -9 -10 -11 11 -13 13 -15
leaf_value=-0.00078525564791642982 0.0048325516378574318 -0.0037795305727098888 0.0001304187034301414 -0.0038124465093636972 -0.00014904011981855918 0.0010292088836134907 0.0003754209963284457 -0.0028560728434026943 -0.00066625614291325767 -0.00011237478571848345 -0.0039076170482819283 -0.0001717726357623119 0.00020003492643366907 -0.00024852988456574719
leaf_weight=2509920.1818888187 167340.95859456062 363432.46998977661 502483.68397927284 425527.49908137321 603383.27872204781 2943873.8720960617 12837485.035164356 578007.23299074173 663803.22827339172 6444626.2572264671 266251.23028874397 7824455.8529982567 10951351.226376534 7632640.8034360409
leaf_count=14859 2994 3941 7834 4875 5659 29358 92366 3630 5837 39982 2512 35668 74575 55182
internal_value=-0.00014159 -0.00877403 5.10893e-05 0.000611743 -0.00912575 0.000841874 0.000465971 -0.0094415 -0.00113533 -0.0027392 0.000736901 -0.00183111 0.00139814 0.000186045
internal_weight=5.47146e+07 1.19458e+06 5.352e+07 4.45655e+07 1.02891e+06 4.35365e+07 4.05927e+07 1.08049e+06 831144 8.95455e+06 3.95122e+07 8.09071e+06 3.14215e+07 1.8584e+07
internal_count=379272 12772 366500 311659 10534 301125 271767 11464 8831 54841 260303 38180 222123 129757
cat_boundaries=0 1
cat_threshold=128
is_linear=0
shrinkage=0.035


Tree=103
num_leaves=15
num_cat=2
split_feature=41 12 29 13 0 14 27 1 1 0 27 1 28 28
split_gain=74041.5 73742.5 94704.9 81270.1 73086 65612.9 79909.2 102195 114632 91687.6 81689.9 71039.8 70631.2 102198
threshold=26.550000000000004 1.038248653223538 1.0000000180025095e-35 0.97477497996560469 0 1.1228774058946247 59.500000000000007 17.500000000000004 6.5000000000000009 1 8.5000000000000018 8.5000000000000018 25.500000000000004 50.500000000000007
decision_type=2 2 2 2 1 2 2 2 2 1 2 2 2 2
left_child=1 2 3 -1 -4 6 10 8 -8 12 11 -5 -10 -14
right_child=-2 -3 4 5 -6 -7 7 -9 9 -11 -12 -13 13 -15
leaf_value=-0.00087196409010962172 -0.0046832696128231406 0.00047763320631489706 -0.00049954913694545634 -0.00084375858389991356 -0.0034032015026207708 -0.00032107012088959918 0.0013570250519664264 0.00050818896772334993 0.00082223810826080493 -0.0010251129807241233 0.00034012260617385091 3.9072315573524406e-05 -0.0010300245454153737 0.0005583355330274274
leaf_weight=3345447.3793947697 87205.594715118408 7324006.1703772545 478799.03900766373 1482691.0008199215 299087.91736364365 8386915.5648272038 500069.67211604118 2658301.3299982548 689887.76792144775 4646502.0249834061 17104871.556479931 6600470.1449389458 598462.26182556152 511865.38633728027
leaf_count=32289 567 66447 5060 13005 2540 36396 14584 24413 1947 31805 108710 38002 1821 1686
internal_value=-0.000137336 -8.58904e-05 -0.00059189 -0.00038939 -0.0127032 1.77782e-05 0.000687625 -0.0020286 -0.00426188 -0.00551409 0.00172342 -0.00117609 0.00119179 -0.00427292
internal_weight=5.47146e+07 5.46274e+07 4.73034e+07 4.65255e+07 777887 4.318e+07 3.47931e+07 9.60509e+06 6.94679e+06 6.44672e+06 2.5188e+07 8.08316e+06 1.80022e+06 1.11033e+06
internal_count=379272 378705 312258 304658 7600 272369 235973 76256 51843 37259 159717 51007 5454 3507
cat_boundaries=0 1 2
cat_threshold=128 131072
is_linear=0
shrinkage=0.035


Tree=104
num_leaves=15
num_cat=2
split_feature=41 12 29 0 13 23 2 1 27 31 40 0 27 1
split_gain=72080.1 69271 69238.3 110832 66982.2 70758.6 131266 92975.6 63741.9 56559.3 58104.9 58254.7 67417.9 54883.1
threshold=26.550000000000004 1.5503488783755612 1.0000000180025095e-35 0 0.98748587608617699 1.0000000180025095e-35 3.5000000000000004 17.500000000000004 59.500000000000007 1.0000000180025095e-35 5.2500000000000027 1 59.500000000000007 18.500000000000004
decision_type=2 2 2 1 2 2 2 2 2 2 2 1 2 2
left_child=1 2 4 8 5 -1 -7 -8 -4 10 11 12 -6 -9
right_child=-2 -3 3 -5 9 6 7 13 -10 -11 -12 -13 -14 -15
leaf_value=-7.3081557486686616e-05 -0.0045193551763743301 0.006443422133916442 0.0045305020995730257 -0.0035059057803048907 -9.2644563592070503e-05 0.00039382653091252706 -0.00049302452907365197 -0.0027537169360483484 -0.00067642687896916605 0.0038669926281523818 -0.0025599210090221573 0.00011490435364905983 -0.0015737768528579072 -0.001008739583470768
leaf_weight=6571366.0587766171 87205.594715118408 241378.88593959808 164317.23776555061 352538.90787029266 4499306.3931863308 1107307.5822131634 1047081.0880455971 672863.12139892578 636411.5488243103 457389.34177303314 273145.74762558937 36715649.160341263 1333417.5053708553 555204.63726019859
leaf_count=61713 567 2681 2943 3599 38898 8700 6601 2133 5559 4207 1940 219677 16363 3691
internal_value=-0.00013286 -8.21005e-05 -0.000165134 -0.00864951 1.86785e-05 -0.00257014 -0.00668328 -0.0114934 -0.00144982 0.000614087 0.00048332 0.000586621 -0.00266261 -0.0180266
internal_weight=5.47146e+07 5.46274e+07 5.4386e+07 1.15327e+06 5.32327e+07 9.95382e+06 3.38246e+06 2.27515e+06 800729 4.32789e+07 4.28215e+07 4.25484e+07 5.83272e+06 1.22807e+06
internal_count=379272 378705 376024 12101 363923 82838 21125 12425 8502 281085 276878 274938 55261 5824
cat_boundaries=0 1 3
cat_threshold=128 268435456 262144
is_linear=0
shrinkage=0.035


Tree=105
num_leaves=15
num_cat=1
split_feature=41 12 29 13 23 14 27 1 1 0 27 12 28 28
split_gain=72064.6 68746.3 84650.3 74476.1 73219.2 66669.3 81251.9 94146.3 109465 87566.6 75388.8 72109.6 67444.8 100599
threshold=26.550000000000004 1.038248653223538 1.0000000180025095e-35 0.96316597543734361 1.0000000180025095e-35 1.1228774058946247 59.500000000000007 17.500000000000004 6.5000000000000009 0 8.5000000000000018 0.97673979454843807 25.500000000000004 50.500000000000007
decision_type=2 2 2 2 2 2 2 2 2 1 2 2 2 2
left_child=1 2 3 4 -1 6 10 8 -8 12 -5 -7 -10 -14
right_child=-2 -3 -4 5 -6 11 7 -9 9 -11 -12 -13 13 -15
leaf_value=-0.00022681338328638212 -0.0043611777452012297 0.00045795007116658786 -0.001535069995943601 -0.00013293369419335797 -0.0025510614308138176 -0.0041080390180149758 0.00130700252330332 0.00043836714079427934 0.00078031886809125622 -0.0010059849008590223 0.00031636022188692784 -0.00027106970162242263 -0.00099248960541985275 0.00053445727688349205
leaf_weight=843912.81253504753 87205.594715118408 7324006.1703772545 777886.95637130737 8418693.0248169899 614188.82167506218 299893.05001330376 516046.69260621071 2858440.743748188 700300.5397567749 4869396.1807165146 17870646.244432449 8380157.9475123882 619428.9935760498 534379.03825378418
leaf_count=12330 567 66447 7600 53889 3903 2796 15510 26504 1983 33642 115016 35441 1889 1755
internal_value=-0.000136294 -8.55402e-05 -0.000574098 -0.00038265 -0.0081678 -0.000130769 0.000526717 -0.00214187 -0.00426541 -0.00545775 0.00155175 -0.00288699 0.00101532 -0.00418523
internal_weight=5.47146e+07 5.46274e+07 4.73034e+07 4.65255e+07 1.4581e+06 4.50674e+07 3.63873e+07 1.0098e+07 7.23955e+06 6.7235e+06 2.62893e+07 8.68005e+06 1.85411e+06 1.15381e+06
internal_count=379272 378705 312258 304658 16233 288425 250188 81283 54779 39269 168905 38237 5627 3644
cat_boundaries=0 1
cat_threshold=131072
is_linear=0
shrinkage=0.035


Tree=106
num_leaves=15
num_cat=2
split_feature=41 31 35 0 40 6 0 36 14 12 6 46 18 13
split_gain=70980.7 66719.8 105895 91351.7 83580.8 89483.3 73616.7 71875.1 66260.8 64023.5 62976.3 66470.3 60788.7 55501.3
threshold=26.550000000000004 1.0000000180025095e-35 22.500000000000004 0 0.099999999999999853 7.2799173088058895 1 8.8500000000000032 1.0429066411824164 0.94976291677804547 6.7521798621251587 2.8500000000000001 1.0000000180025095e-35 1.0095590033597168
decision_type=2 2 2 1 2 2 1 2 2 2 2 2 2 2
left_child=1 2 6 7 5 -5 -1 8 -4 -9 -3 -12 -6 -7
right_child=-2 10 3 4 12 13 -8 9 -10 -11 11 -13 -14 -15
leaf_value=-0.00043436399201371017 -0.0042085365241191861 0.01690646208116427 0.00089252806836022359 0.00066187379419599185 -0.00016619842859998197 -7.0673528002228723e-05 -0.0033278903186639559 -0.0053509855608949268 -0.00064352466274455382 -0.00084589680418955301 0.0038207610324143141 -0.0016911532575066468 -0.0026925458525329251 0.00038676957727130039
leaf_weight=612301.22172284126 87205.594715118408 145206.86606788635 1615686.0549035072 10870038.35851264 12133363.219898939 16870315.432113647 379528.27040553093 334245.88577103615 1620124.9684176445 4098193.6598143578 272724.40213775635 180695.81055450439 390963.13758897781 5103989.9284820557
leaf_count=6194 567 3078 15720 143145 73584 51399 3380 4361 10350 44534 1370 1131 4141 16318
internal_value=-0.000134672 -8.43014e-05 -0.000213055 -1.15848e-06 0.000596025 0.00152369 -0.0115439 -0.00353434 0.000431527 -0.00642955 0.0115361 0.00511157 -0.00183672 0.000238795
internal_weight=5.47146e+07 5.46274e+07 5.40288e+07 5.30369e+07 4.53687e+07 3.28443e+07 991829 7.66825e+06 3.23581e+06 4.43244e+06 598627 453420 1.25243e+07 2.19743e+07
internal_count=379272 378705 373126 363552 288587 210862 9574 74965 26070 48895 5579 2501 77725 67717
cat_boundaries=0 2 3
cat_threshold=268435456 262144 268435584
is_linear=0
shrinkage=0.035


Tree=107
num_leaves=15
num_cat=1
split_feature=40 9 0 29 35 6 13 21 1 36 3 28 46 6
split_gain=70035.9 67095.8 60359.5 94189.7 91130.6 71556.3 66126.2 97797.7 83901.9 64978.1 63406.6 62194.7 60538.4 59897.1
threshold=5.150000000000003 1.8201955231013425 0 1.0000000180025095e-35 24.500000000000004 7.2558154400649135 1.0030281344136667 1.0000000180025095e-35 17.500000000000004 11.750000000000002 1.0000000180025095e-35 59.500000000000007 2.8000000000000003 7.7284997603415908
decision_type=2 2 1 2 2 2 2 2 2 2 2 2 2 2
left_child=1 2 3 4 12 -4 7 -7 11 -6 -10 -9 -1 -11
right_child=-2 -3 5 -5 9 6 -8 8 10 13 -12 -13 -14 -15
leaf_value=0.0076796119876680969 -0.0022137848877212111 0.0073451034186071103 0.00039451349550397925 -0.0038107006988697743 -1.692161120533904e-06 -4.0089163856721074e-05 0.00014257791860049974 -0.00058565669196729731 -0.0015904702344104213 -0.00085502896988158366 0.00017661932309533004 0.00050133699789914213 -0.00037754071966430785 -0.0026628037607799959
leaf_weight=260049.67093038559 457188.63860964775 159637.92426872253 14297862.380637646 202274.27387595177 3956738.4565386772 14153501.112915039 12419624.894134521 2601361.3486633301 1127498.01512146 3344542.3533570766 284396.20170593262 868232.85911560059 189382.01134109497 392292.66989135742
leaf_count=2884 3259 2003 190566 2730 32629 45972 40429 8144 3202 40458 1131 3106 1436 1323
internal_value=-0.000138422 -2.34748e-05 -9.03366e-05 -0.00282773 -0.00224168 0.000408967 -0.00052424 -0.0018205 -0.0060923 -0.00313659 -0.0132854 -0.00316517 0.0130775 -0.0064464
internal_weight=5.47146e+07 5.42574e+07 5.40978e+07 8.34528e+06 8.14301e+06 4.57525e+07 3.14546e+07 1.9035e+07 4.88149e+06 7.69357e+06 1.41189e+06 3.46959e+06 449432 3.73684e+06
internal_count=379272 376013 374010 81460 78730 292550 101984 61555 15583 74410 4333 11250 4320 41781
cat_boundaries=0 2
cat_threshold=268435456 262144
is_linear=0
shrinkage=0.035


Tree=108
num_leaves=15
num_cat=0
split_feature=41 12 14 11 14 2 6 36 46 18 6 27 13 11
split_gain=68858.1 66339.9 132110 68343.3 69289 66886.5 64057 56918.4 60197.7 54222.6 50132.2 52262.7 49063.1 48551.3
threshold=26.550000000000004 0.99277140886267723 1.1694833628063137 1.0902711569568475 0.87774408927532799 1.0000000180025095e-35 8.0005268660031277 28.750000000000004 3.5999999999999996 1.0000000180025095e-35 7.3606893088565695 59.500000000000007 0.98657562300089896 0.99756204687211747
decision_type=2 2 2 2 2 2 2 2 2 2 2 2 2 2
left_child=1 2 9 4 -3 -6 7 13 -9 10 11 -1 -8 -7
right_child=-2 3 -4 -5 5 6 12 8 -10 -11 -12 -13 -14 -15
leaf_value=0.000440438866650029 -0.0040506800925605305 0.0014344132488681082 -0.0028306525711286269 0.0025524493257767229 -0.00033955264299083724 5.0471116387451487e-05 -0.0010181739521682789 0.0010617740502201533 -0.0019790541937784001 -0.0022298619496146747 -0.00031476339386641509 -0.00090145090459517192 -0.00011364829995132855 0.00046330798326740303
leaf_weight=5328772.7335855961 87205.594715118408 701894.10279655457 788869.0898244381 837909.06143903732 6350696.2074103355 12064624.133280993 485298.96109008789 201911.03868770599 498014.55554199219 455356.59122633934 7542390.3009185791 1349441.7632184029 5618821.4547119141 12403377.222659349
leaf_count=61526 567 4883 7605 12427 35891 89713 909 1396 3193 5183 26506 24626 10416 94431
internal_value=-0.000142208 -9.25963e-05 -0.00203354 0.00067386 0.000457666 0.000254396 0.000919431 0.00169955 -0.00814149 -0.00128353 -0.000902838 0.00130563 -0.00229708 0.00198106
internal_weight=5.47146e+07 5.46274e+07 1.54648e+07 3.91625e+07 3.83246e+07 3.76227e+07 3.1272e+07 2.51679e+07 699926 1.4676e+07 1.42206e+07 6.67821e+06 6.10412e+06 2.4468e+07
internal_count=379272 378705 125446 253259 240832 235949 200058 188733 4589 117841 112658 86152 11325 184144
is_linear=0
shrinkage=0.035


Tree=109
num_leaves=15
num_cat=2
split_feature=41 12 14 12 27 0 27 1 1 6 14 2 0 1
split_gain=67749 63138.9 77199.9 127674 94121.1 105824 79848.7 73315.2 68255.5 59078.3 67180.7 93555 71646 58935.5
threshold=26.550000000000004 1.038248653223538 1.1228774058946247 0.97673979454843807 59.500000000000007 0 8.5000000000000018 6.5000000000000009 17.500000000000004 7.4821686645750711 0.94592306406186222 4.5000000000000009 1 8.5000000000000018
decision_type=2 2 2 2 2 1 2 2 2 2 2 2 1 2
left_child=1 2 4 -4 6 -6 13 -7 -9 -8 11 12 -11 -1
right_child=-2 -3 3 -5 5 7 9 8 -10 10 -12 -13 -14 -15
leaf_value=-0.00080042610270601971 -0.0039089062893209112 0.00043202601604294894 -0.0035937130393569735 -0.00029244850223537813 0.00014457755627000934 0.0016591691436719455 0.00067572580658499645 -0.0011441347841804664 -0.00014359049140680755 0.0014818034460001338 -5.0096582603711127e-05 -0.0032378355404612097 0.0004686376963349026 -2.5813543730521834e-05
leaf_weight=1548120.6513595581 87205.594715118408 7324006.1703772545 463617.73973751068 8588446.8579542637 4637974.462644577 318036.82888674736 8903109.7880210876 4135993.4464025497 1829450.6585772038 477773.73413085938 8330745.5049743652 98526.94970703125 790548.80157470703 7181025.6220436096
leaf_count=14465 567 66447 4709 37432 23900 12498 94255 31223 22860 1288 23848 345 2979 42456
internal_value=-0.000138069 -8.88583e-05 -0.000557067 -0.00346363 0.000130763 -0.00261565 0.00122828 -0.00557559 -0.00644854 0.00252428 0.000634299 0.00782611 0.0103783 -0.00153333
internal_weight=5.47146e+07 5.46274e+07 4.73034e+07 9.05206e+06 3.82513e+07 1.09215e+07 2.73299e+07 6.28348e+06 5.96544e+06 1.86007e+07 9.69759e+06 1.36685e+06 1.26832e+06 8.72915e+06
internal_count=379272 378705 312258 42141 270117 90481 179636 66581 54083 122715 28460 4612 4267 56921
cat_boundaries=0 1 2
cat_threshold=133120 131072
is_linear=0
shrinkage=0.035


Tree=110
num_leaves=15
num_cat=2
split_feature=41 12 14 0 11 14 2 6 28 46 1 36 46 0
split_gain=64042.8 61847.1 118185 93704.1 64657 63405.4 56757 56817.4 54273.2 135098 79073.5 53893.7 56132.2 50923.8
threshold=16.700000000000006 0.99277140886267723 1.1694833628063137 0 1.1154145627579455 0.87774408927532799 1.0000000180025095e-35 8.0005268660031277 59.500000000000007 1.1500000000000006 18.500000000000004 28.750000000000004 3.5999999999999996 1
decision_type=2 2 2 1 2 2 2 2 2 2 2 2 2 1
left_child=1 2 8 -4 5 -3 -7 11 10 13 -1 -8 -13 -10
right_child=-2 4 3 -5 -6 6 7 -9 9 -11 -12 12 -14 -15
leaf_value=-0.00055736413742963167 -0.0022782005328267699 0.0013829120399972113 -0.0040817232338420601 -0.00075238052347396511 0.0038078344108691481 -0.00030135760491266557 0.00025062192392492672 -0.00017332160911942698 0.00037864073100111112 0.0010133900169034381 0.00044450752198329081 0.0010925017765478352 -0.0018824213872138164 -0.00069975315775857802
leaf_weight=7482412.2816712856 247488.48016500473 709297.14789152145 336145.16072916985 452484.07660198212 537444.67065215111 6270252.9681098461 24700190.838760138 6121060.8527832031 1075328.8487613201 2025428.7590363026 2334789.8319964409 202975.48973369598 498712.1528968811 1720571.2513175011
leaf_count=57589 2087 5002 2872 4732 8269 35671 187332 11357 11680 12087 27222 1414 3199 8759
internal_value=-0.000141248 -6.05297e-05 -0.0019367 -0.0151349 0.000680864 0.000512578 0.000317999 0.000922922 -0.00122565 0.00181539 -0.00271914 0.00165234 -0.00791254 -0.00317124
internal_weight=5.47146e+07 5.44671e+07 1.54272e+07 788629 3.90399e+07 3.85025e+07 3.77932e+07 3.15229e+07 1.46385e+07 4.82133e+06 9.8172e+06 2.54019e+07 701688 2.7959e+06
internal_count=379272 377185 124941 7604 252244 243975 238973 203302 117337 32526 84811 191945 4613 20439
cat_boundaries=0 2 3
cat_threshold=0 262144 369098882
is_linear=0
shrinkage=0.035


Tree=111
num_leaves=15
num_cat=0
split_feature=40 12 29 14 1 42 14 1 28 46 28 3 1 45
split_gain=64159 62779.7 67552.3 61194.3 71038.4 61091.8 81079.5 102940 91533.8 120212 86883.6 79707.3 73104.2 58576.1
threshold=5.150000000000003 1.0836789748669984 1.0000000180025095e-35 1.1807223977627761 19.500000000000004 0.099999999999998909 0.94592306406186222 17.500000000000004 59.500000000000007 1.3999999999999992 25.500000000000004 1.0000000180025095e-35 6.5000000000000009 0.31500000000000011
decision_type=2 2 2 2 2 2 2 2 2 2 2 2 2 2
left_child=1 2 3 5 -5 -1 7 10 13 -10 11 -7 -12 -8
right_child=-2 -3 -4 4 -6 6 8 -9 9 -11 12 -13 -14 -15
leaf_value=0.00020691399887941861 -0.0021105122847045327 0.0011561436111557628 -0.0011862805455692346 -0.00030261732570626212 -0.0025385997115361368 0.00073051682593272907 -0.00048602297364972309 0.001405943235485381 -0.00023509927881247908 0.0010409452405490645 0.0031340792109764452 -0.0011604365109699319 -0.00071323048942036581 0.00012838413397998877
leaf_weight=18640296.639608383 457188.63860964775 2163228.775554657 950736.86270880699 3503110.658434391 424606.06579518318 2593865.4890303612 12037197.439298868 1890273.6561496258 4047918.078004837 2244185.6008815765 134345.09694695473 693974.69469356537 2361107.14757061 2572547.9678189754
leaf_count=120785 3259 24064 9398 19382 4912 16709 73292 19359 32744 13114 4253 8714 14265 15022
internal_value=-0.00014985 -3.98307e-05 -0.000282439 -0.000110596 -0.0043082 0.000238589 -0.000778237 0.00229872 -0.00190786 0.00162145 -1.88783e-05 0.00371851 -0.004943 -0.00342786
internal_weight=5.47146e+07 5.42574e+07 5.20942e+07 5.11434e+07 3.92772e+06 4.72157e+07 2.85754e+07 7.67357e+06 2.09018e+07 6.2921e+06 5.78329e+06 3.28784e+06 2.49545e+06 1.46097e+07
internal_count=379272 376013 351949 342551 24294 318257 197472 63300 134172 45858 43941 25423 18518 88314
is_linear=0
shrinkage=0.035


Tree=112
num_leaves=15
num_cat=1
split_feature=41 31 0 12 28 1 1 11 21 6 1 1 41 2
split_gain=62739.2 61670.5 96674.1 118217 105828 217593 140438 134571 134439 149117 101231 92462.6 112422 77985.8
threshold=26.550000000000004 1.0000000180025095e-35 0 0.9563965066734943 59.500000000000007 19.500000000000004 17.500000000000004 1.0875905739313392 1.0000000180025095e-35 7.7710655667310569 6.5000000000000009 12.500000000000002 0.15000000000000116 2.5000000000000004
decision_type=2 2 1 2 2 2 2 2 2 2 2 2 2 2
left_child=1 2 3 -1 6 7 11 10 -8 -10 -6 -4 13 -13
right_child=-2 -3 4 -5 5 -7 8 -9 9 -11 -12 12 -14 -15
leaf_value=-0.0039008338441955883 -0.0036498833031435186 0.0034324032157069906 -1.9107685282770713e-05 -0.00044718910049664938 -0.0014669556917176934 -0.0014701399624432758 0.00073149315824850734 0.003810616096728264 0.00024302862112687149 -0.0015615302092725665 0.00049849097413845282 -0.0005798578587685036 -0.00099208504563439793 0.00018592834721577168
leaf_weight=488815.50434994698 87205.594715118408 598627.07876014709 14287849.908815384 4755438.8843307495 637469.19257926941 1548478.9725921154 5892992.507840395 671999.21894693375 1774321.3545846939 623369.21157836914 11683211.561483383 3045774.3721866608 4542085.4829425812 4076943.9654006958
leaf_count=5091 567 5579 101194 32300 17477 22484 44947 6082 19640 1355 67764 11768 23456 19568
internal_value=-0.000134219 -8.68628e-05 -0.000210649 -0.00472618 0.000274766 0.00277636 -0.000787516 0.00425443 0.00317817 -0.00380909 0.00342254 -0.00205437 -0.00436646 -0.00162261
internal_weight=5.47146e+07 5.46274e+07 5.40288e+07 5.24425e+06 4.87845e+07 1.45412e+07 3.42433e+07 1.29927e+07 8.29068e+06 2.39769e+06 1.23207e+07 2.59527e+07 1.16648e+07 7.12272e+06
internal_count=379272 378705 373126 37391 335735 113807 221928 91323 65942 20995 85241 155986 54792 31336
cat_boundaries=0 2
cat_threshold=0 262144
is_linear=0
shrinkage=0.035


Tree=113
num_leaves=15
num_cat=4
split_feature=41 12 14 0 14 0 36 1 21 0 5 1 0 6
split_gain=60959.6 63070.3 113531 89515.9 60764.8 109430 100185 119084 92670.1 91695.5 77862.8 67384.2 71871 62390.4
threshold=16.700000000000006 0.99114839963519052 1.1694833628063137 0 1.0038121718465678 1 11.450000000000001 17.500000000000004 1.0000000180025095e-35 2 5.5000000000000009 6.5000000000000009 3 7.377798528785223
decision_type=2 2 2 1 2 1 2 2 2 1 2 2 1 2
left_child=1 2 -1 -4 5 -3 -7 11 -9 -6 -11 -8 -13 -10
right_child=-2 4 3 -5 9 6 7 8 13 10 -12 12 -14 -15
leaf_value=-0.00016761234987071742 -0.0021317268281398458 0.00053396383418522072 -0.0038148810891719923 -0.00064008776938124471 -0.00034923797113207592 0.00068310914836781521 0.0019219601042758648 0.0014184034711263627 0.00038420197307764421 -0.0010027445781730241 0.00026688328484422306 -0.0017325850756406784 -0.00033294771842294461 -0.0024292652927693538
leaf_weight=13494307.552266359 247488.48016500473 5281325.4220795631 335147.53524851799 409897.92139577866 7912025.1387274265 3935224.8556175232 329169.30875587463 1738552.0121819973 452308.64785718918 818556.31985235214 10925128.0216012 839245.05726623535 7784790.9057366848 211415.63235473633
leaf_count=110728 2087 19739 2862 4400 38959 28202 10645 17728 6592 1352 75377 7242 52623 736
internal_value=-0.00012435 -4.55992e-05 -0.00204745 -0.0153477 0.000662992 0.00199264 0.000492413 -0.00117536 0.00574403 -0.000728644 0.00123354 -0.00303194 -0.00362516 -0.00538159
internal_weight=5.47146e+07 5.44671e+07 1.42394e+07 745045 4.02277e+07 2.0572e+07 1.52907e+07 1.13555e+07 2.40228e+06 1.96557e+07 1.17437e+07 8.95321e+06 8.62404e+06 663724
internal_count=379272 377185 117990 7262 259195 143507 123768 95566 25056 115688 76729 70510 59865 7328
cat_boundaries=0 2 3 5 6
cat_threshold=0 262144 131072 268566528 262144 67108864
is_linear=0
shrinkage=0.035


Tree=114
num_leaves=15
num_cat=1
split_feature=11 12 14 0 14 2 21 13 3 1 1 1 14 36
split_gain=60397.6 59091.5 91509.2 64974.8 60424.4 57807.1 60146.2 89498.8 82216.2 85280.5 75321.3 59914.4 101226 93575.1
threshold=1.0275224327180885 0.99015426883496482 1.1694833628063137 0 0.87774408927532799 1.0000000180025095e-35 1.0000000180025095e-35 1.0013856926215323 1.0000000180025095e-35 17.500000000000004 18.500000000000004 16.500000000000004 1.0239625556666898 13.65
decision_type=2 2 2 1 2 2 2 2 2 2 2 2 2 2
left_child=1 2 -1 -4 -3 -6 11 8 9 -8 -11 13 -13 -7
right_child=-2 4 3 -5 5 6 7 -9 -10 10 -12 12 -14 -15
leaf_value=-0.00025226505075025068 0.00034681115316188707 0.0012614296200886695 -0.0035949051660958209 -0.00066054240401828082 -0.00035424814368969847 0.00027454846453095754 -0.00041830083840648197 0.00033188471238385645 0.00013418855361872984 -0.0024988516005776478 -0.00065809902625931524 0.00096346503067140611 -0.00011252005428443124 -0.00030835041555739458
leaf_weight=9905901.7322888374 9380790.4567570686 676832.4949760437 306707.65546536446 303441.02981734276 5906076.0546369553 6423298.1461613178 2254567.0441024303 3560114.7658672333 2044284.2359993458 534490.24945068359 582367.5148692131 3590036.0502252579 2570074.8289999962 6675600.5514893532
leaf_count=75326 93140 4265 2919 2673 31254 33432 10689 23776 17938 1548 3206 22621 12385 44100
internal_value=-0.000138617 -0.000667591 -0.00296688 -0.0161221 2.68663e-05 -0.00017843 0.000480256 -0.00188599 -0.00471962 -0.00807763 -0.0159865 0.00158306 0.00442975 0.00024433
internal_weight=5.47146e+07 4.53338e+07 1.05161e+07 610149 3.48177e+07 3.41409e+07 2.82348e+07 8.97582e+06 5.41571e+06 3.37142e+06 1.11686e+06 1.9259e+07 6.16011e+06 1.30989e+07
internal_count=379272 286132 80918 5592 205214 200949 169695 57157 33381 15443 4754 112538 35006 77532
cat_boundaries=0 2
cat_threshold=268435458 262144
is_linear=0
shrinkage=0.035


Tree=115
num_leaves=15
num_cat=3
split_feature=41 31 35 0 40 36 6 27 9 28 0 6 0 36
split_gain=59122.5 59624.4 92265.2 76204.1 79237.8 75440.7 76619.9 70799.1 89326.5 74785.3 70342 64451.6 63521.9 66251.1
threshold=26.550000000000004 1.0000000180025095e-35 22.500000000000004 0 0.099999999999999853 27.850000000000005 8.0005268660031277 37.500000000000007 0.95411599288068893 59.500000000000007 1 6.7521798621251587 2 17.150000000000002
decision_type=2 2 2 1 2 2 2 2 2 2 1 2 1 2
left_child=1 2 10 7 5 6 12 9 -9 -4 -1 -3 13 -5
right_child=-2 11 3 4 -6 -7 -8 8 -10 -11 -12 -13 -14 -15
leaf_value=-0.00037465518844037794 -0.003435128263519461 0.016036762497458876 -0.00043187370425681372 0.00031148139778058929 -0.00021496411261479409 -0.001219824542712313 -0.00012068970493073918 -0.0055212931712330044 -0.00078271042260762353 0.0015020686604265872 -0.0027205402897784738 0.0010172343701128313 0.00021833071426473867 0.0014477978119414147
leaf_weight=612301.22172284126 87205.594715118408 145206.86606788635 3684217.0124151707 3003575.9991059303 12524326.357487917 744229.96923661232 6985949.2497558594 319730.0965051651 2634810.8131592274 1029492.6468269825 379528.27040553093 453420.21269226074 20201527.331972361 1909061.1690375805
leaf_count=6194 567 3078 30770 31192 77725 4497 13164 3345 29624 11226 3380 2501 144476 17533
internal_value=-0.000140539 -9.45683e-05 -0.000216283 -1.84925e-05 0.000526937 0.00143018 0.00168559 -0.00324548 -0.00749333 -0.000582934 -0.0107928 0.0108906 0.00258745 0.00615692
internal_weight=5.47146e+07 5.46274e+07 5.40288e+07 5.30369e+07 4.53687e+07 3.28443e+07 3.21001e+07 7.66825e+06 2.95454e+06 4.71371e+06 991829 598627 2.51142e+07 4.91264e+06
internal_count=379272 378705 373126 363552 288587 210862 206365 74965 32969 41996 9574 5579 193201 48725
cat_boundaries=0 2 3 4
cat_threshold=268435456 262144 268435584 33685504
is_linear=0
shrinkage=0.035


Tree=116
num_leaves=15
num_cat=3
split_feature=9 41 39 14 0 0 36 0 1 28 14 5 6 28
split_gain=58749.5 57389.1 54988.3 60402.1 134533 89553.3 82731.4 81352.6 79880.3 76537.7 74274.6 78424.3 73422.4 65390.9
threshold=1.8201955231013425 26.550000000000004 14.750000000000002 1.0038121718465678 0 1 3.3500000000000001 2 20.500000000000004 57.500000000000007 1.0123130853103539 9.5000000000000018 6.3055759717263866 53.500000000000007
decision_type=2 2 2 2 1 1 2 1 2 2 2 2 2 2
left_child=1 2 3 5 10 -1 -7 9 -6 12 -5 -12 -8 -10
right_child=-2 -3 -4 4 8 6 7 -9 13 -11 11 -13 -14 -15
leaf_value=0.00043585680062466632 0.0067919322364252289 -0.0033148987742962796 -0.00040071089637353944 -0.0012498205590461347 -0.00019549624520142207 0.00076603074207085193 0.001730948152039394 2.8890162860902183e-05 -0.00040994595266608143 0.00096581634993330595 -0.0010174655789738415 0.0011992249894400982 -0.0018361823110025612 -0.0031609068871929135
leaf_weight=5646972.7631113529 162101.55069732666 87205.594715118408 6925656.9654402733 506728.45865678787 17061048.160215855 2852728.2506430149 179183.52292585373 14488936.264680862 472490.49032831192 360996.78087735176 519950.43645620346 3692341.7792723179 1200567.3896369934 557674.40344882011
leaf_count=22722 2025 567 42891 6934 81791 13534 6367 134971 5913 4334 1720 37336 9318 8849
internal_value=-0.00013452 -0.00019704 -0.000151613 0.000272856 -0.00102614 0.00147104 0.000325281 -0.000640908 -0.00239895 -0.00778992 0.00423674 0.00575972 -0.0115439 -0.0118635
internal_weight=5.47146e+07 5.45525e+07 5.44653e+07 4.75396e+07 2.28102e+07 2.47294e+07 1.90824e+07 1.62297e+07 1.80912e+07 1.74075e+06 4.71902e+06 4.21229e+06 1.37975e+06 1.03016e+06
internal_count=379272 377247 376680 333789 142543 191246 168524 154990 96553 20019 45990 39056 15685 14762
cat_boundaries=0 1 2 3
cat_threshold=100663424 131072 67108864
is_linear=0
shrinkage=0.035


Tree=117
num_leaves=15
num_cat=0
split_feature=8 11 14 1 1 28 28 2 6 28 35 14 1 13
split_gain=57465.8 64787.6 55724 89178.2 89643.4 80375.4 110553 62375.6 51531.3 42781.8 42118.4 40976.9 39412.3 39085.2
threshold=0.99886743590106886 1.0098848054322027 0.94592306406186222 17.500000000000004 7.5000000000000009 25.500000000000004 1.5000000000000002 4.5000000000000009 7.4106722066485853 56.500000000000007 1.5000000000000002 0.87774408927532799 18.500000000000004 1.0343249088093798
decision_type=2 2 2 2 2 2 2 2 2 2 2 2 2 2
left_child=-1 2 3 4 -2 6 -6 11 -3 13 -4 -7 -11 -10
right_child=1 8 10 -5 5 7 -8 -9 9 12 -12 -13 -14 -15
leaf_value=0.00034468139460887683 0.0010873397925232062 0.00051235055045082659 -0.0029409342683288128 0.001299317748412818 -0.0028471454901615339 0.0013795414183967677 0.00058579276220433829 0.00076483473829570597 -0.00032091950780517451 0.00051527268138916308 -0.00024338906523858452 -0.0011949390820444618 -0.0015163070377026224 0.0013388316997468472
leaf_weight=7118865.2726624012 724285.24195933342 8661054.4879696369 107827.71989798546 1688436.0435960293 309914.69027709961 122164.05838012695 1952166.8478851318 388975.05670166016 4860204.6946105957 2323772.6550140381 24175434.155185699 1778875.7751045227 199644.35491943359 302961.75694274902
leaf_count=55762 10293 107443 910 13969 2509 596 11105 3757 13129 8182 140209 9792 743 873
internal_value=-0.000139712 -0.000578386 -0.00151238 0.0012474 -0.000992953 -0.00281269 0.00186669 -0.00743499 0.00120693 -0.00087898 -0.00230393 -0.0100479 0.00285605 -0.00270442
internal_weight=5.47146e+07 4.75957e+07 3.12481e+07 6.96482e+06 5.27638e+06 4.5521e+06 2.26208e+06 2.29001e+06 1.63476e+07 7.68658e+06 2.42833e+07 1.90104e+06 2.52342e+06 5.16317e+06
internal_count=379272 323510 193140 52021 38052 27759 13614 14145 130370 22927 141119 10388 8925 14002
is_linear=0
shrinkage=0.035


Tree=118
num_leaves=15
num_cat=2
split_feature=12 14 0 2 6 14 11 28 18 0 41 13 46 27
split_gain=58342.4 105043 87903.7 63420.3 53505.7 58002.9 53902.3 53371.8 49772.6 49051.4 52640.7 45634.7 45620.2 44534.5
threshold=0.99277140886267723 1.1228774058946247 0 1.0000000180025095e-35 8.0005268660031277 0.94592306406186222 0.99756204687211747 25.500000000000004 1.0000000180025095e-35 1 0.10000000000000196 0.98657562300089896 0.49999999999999983 6.5000000000000009
decision_type=2 2 1 2 2 2 2 2 2 1 2 2 2 2
left_child=1 8 -3 -2 6 7 -5 -6 13 -8 -11 -7 -4 -1
right_child=3 2 12 4 5 11 9 -9 -10 10 -12 -13 -14 -15
leaf_value=-0.00068209803590544389 -0.00027009270153778922 -0.003499819390891834 -0.0024441198832288688 3.5104639707569741e-05 0.0010514017128780955 -0.0010105308410877745 1.0351917450313072e-05 -0.00023635745938723808 -0.0021315504490674198 0.00083461964696170891 0.00015238773500685145 -0.00015647164379182065 0.00082038904792759932 4.9022143025779313e-06
leaf_weight=2822453.8669886589 6678675.261059761 336145.16072916985 237376.73337125778 12819493.836686611 436007.35827636719 432018.19943237305 3809747.1585144997 392114.49014282227 454978.42882704735 6296914.7954769135 3432645.836045742 4948697.4791870117 231103.96227216721 11386210.244096041
leaf_count=21141 38746 2872 3366 94600 1034 787 38765 911 5181 43045 27067 8834 1407 91516
internal_value=-0.000134402 -0.00195489 -0.0142675 0.000583111 0.00122025 -0.00170277 0.00190877 0.00692022 -0.00127925 0.00344886 0.00476711 -0.00302991 -0.00446766 -0.000914361
internal_weight=5.47146e+07 1.54683e+07 804626 3.92463e+07 3.25676e+07 6.20884e+06 2.63588e+07 828122 1.46636e+07 1.35393e+07 9.72956e+06 5.38072e+06 468481 1.42087e+07
internal_count=379272 125483 7645 253789 215043 11566 203477 1945 117838 108877 70112 9621 4773 112657
cat_boundaries=0 2 4
cat_threshold=0 262144 268435458 262144
is_linear=0
shrinkage=0.035


Tree=119
num_leaves=15
num_cat=2
split_feature=9 40 12 0 28 1 1 1 14 11 0 36 1 14
split_gain=55698.2 54790.4 53895.5 104744 61099 194493 128800 103730 93804.1 89284.2 74539.2 72966.4 75696.8 74196.3
threshold=1.8201955231013425 5.150000000000003 0.95147315182213388 0 59.500000000000007 19.500000000000004 18.500000000000004 6.5000000000000009 0.94592306406186222 0.98251972219972605 1 26.250000000000004 16.500000000000004 0.94592306406186222
decision_type=2 2 2 1 2 2 2 2 2 2 1 2 2 2
left_child=1 2 3 -1 6 7 11 -6 -8 -9 -11 13 -13 -4
right_child=-2 -3 4 -5 5 -7 8 9 -10 10 -12 12 -14 -15
leaf_value=-0.0033795946148787092 0.0065407572919764442 -0.0019403390161551923 0.00026571559384146344 -0.00022208050761198732 -0.0015008840422612881 -0.0013951110660133151 0.0019897089150867249 -5.6437135550846828e-05 0.00020792661352784923 0.00035738052828704228 0.0011113969351960759 -0.001653205077112057 0.00021630117788963582 -0.00020466500261983518
leaf_weight=487659.73750329018 162101.55069732666 454725.01218104362 7078441.254483223 3012491.3493278027 643327.9019613266 1606394.1675727367 1495771.8830907345 3325511.0441293716 4008980.2477252483 3505051.4325716496 4951652.9334993362 1315904.7138400078 608920.71580505371 22057648.866718292
leaf_count=5261 2025 3237 52851 30258 18235 23253 18381 19043 35346 16301 33474 8807 2958 109842
internal_value=-0.000116348 -0.000177223 -7.55271e-05 -0.00427578 0.000215032 0.00217838 -0.000538397 0.00365998 0.00439592 0.00440723 0.00631783 -0.00141288 -0.00801284 -0.000976862
internal_weight=5.47146e+07 5.45525e+07 5.40978e+07 3.50015e+06 5.05976e+07 1.40319e+07 3.65657e+07 1.24255e+07 5.50475e+06 1.17822e+07 8.4567e+06 3.10609e+07 1.92483e+06 2.91361e+07
internal_count=379272 377247 374010 35519 338491 110306 228185 87053 53727 68818 49775 174458 11765 162693
cat_boundaries=0 2 4
cat_threshold=0 262144 6144 262144
is_linear=0
shrinkage=0.035


Tree=120
num_leaves=15
num_cat=1
split_feature=12 27 0 31 14 12 27 2 28 14 1 46 28 2
split_gain=55185.9 71024.6 96534.6 101846 85805.3 83910.7 70214.5 56330.7 69518.3 120753 79125.6 73387.8 58769.5 55571
threshold=1.038248653223538 55.500000000000007 0 1.0000000180025095e-35 1.1228774058946247 0.95894477597735006 8.5000000000000018 5.5000000000000009 25.500000000000004 0.94592306406186222 6.5000000000000009 4.2000000000000028 52.500000000000007 1.0000000180025095e-35
decision_type=2 2 1 2 2 2 2 2 2 2 2 2 2 2
left_child=1 4 7 -4 6 -6 -1 8 9 -3 -10 -11 13 -12
right_child=-2 2 3 -5 5 -7 -8 -9 10 11 12 -13 -14 -15
leaf_value=-0.00017081216935326392 0.00038604858138834285 0.0014552233857107275 -0.0011709107329105264 0.0030108593915803574 -0.0031899795549164118 -0.00024143581207770862 0.00026473077050214366 0.001366871133440447 0.0013640490119882613 -0.00043872413456025501 -0.002039900047002512 0.0014692933651844996 -0.00012782278507099035 -0.00066539001639819625
leaf_weight=8729146.2734031677 7355438.5005812645 825130.66189551353 4499820.4209704399 426242.362616539 227256.53015875816 7829724.1915943623 18553991.347697735 700166.14625358582 270711.86905741692 1191497.7766873837 342523.61967849731 193178.21027374268 1985494.7433948517 1584260.1568431854
leaf_count=56921 66685 4109 55643 4180 2331 32567 122270 6147 5167 5595 1453 760 8640 6804
internal_value=-0.000110077 -0.000548136 -0.00287232 -0.00663621 0.000242308 -0.00293129 0.0011795 -0.000258276 -0.00129052 0.00373102 -0.00394333 -0.00258476 -0.0052096 -0.00956417
internal_weight=5.47146e+07 4.73591e+07 1.2019e+07 4.92606e+06 3.53401e+07 8.05698e+06 2.72831e+07 7.09296e+06 6.3928e+06 2.20981e+06 4.18299e+06 1.38468e+06 3.91228e+06 1.92678e+06
internal_count=379272 312587 98498 59823 214089 34898 179191 38675 32528 10464 22064 6355 16897 8257
cat_boundaries=0 1
cat_threshold=137216
is_linear=0
shrinkage=0.035


Tree=121
num_leaves=15
num_cat=2
split_feature=12 14 0 2 6 14 11 28 39 0 41 39 36 13
split_gain=56020.3 96916.4 83638.7 57869.8 49712.2 53591.3 49867.6 49235.1 45176.1 45043.2 50954.8 42406.5 44113.4 41869.6
threshold=0.99277140886267723 1.1228774058946247 0 1.0000000180025095e-35 8.0005268660031277 0.94592306406186222 0.99756204687211747 27.500000000000004 14.050000000000002 1 0.10000000000000196 8.2500000000000018 25.550000000000004 0.98657562300089896
decision_type=2 2 1 2 2 2 2 2 2 1 2 2 2 2
left_child=1 8 -3 11 6 7 -5 -6 -1 -8 -11 12 -2 -7
right_child=3 2 -4 4 5 13 9 -9 -10 10 -12 -13 -14 -15
leaf_value=-4.4460680930840228e-05 -0.00058469592933928552 -0.0032175901251738485 -0.00059554041107258004 3.575216327212729e-05 0.00091567583310583022 -0.00096416149505186175 8.0737079847609969e-06 -0.00032836140761201255 -0.00080136610380391465 0.00080281908549408856 0.00012747693597172499 4.002929231312191e-06 -0.0021853734709574944 -0.00014618553342859563
leaf_weight=12258669.848494291 2691656.460205555 336145.16072916985 468480.69564342499 12819493.836686611 502910.27728271484 432018.19943237305 3809747.1585144997 325211.57113647461 2404972.6914174557 6296914.7954769135 3432645.836045742 3804731.945325613 182286.85552859306 4948697.4791870117
leaf_count=100549 14162 2872 4773 94600 1190 787 38765 755 17289 43045 27067 23326 1258 8834
internal_value=-0.000117215 -0.0019011 -0.0137279 0.000585875 0.0011945 -0.001623 0.00185816 0.00666558 -0.00125213 0.00333949 0.00460273 -0.00238198 -0.00559091 -0.00289867
internal_weight=5.47146e+07 1.54683e+07 804626 3.92463e+07 3.25676e+07 6.20884e+06 2.63588e+07 828122 1.46636e+07 1.35393e+07 9.72956e+06 6.67868e+06 2.87394e+06 5.38072e+06
internal_count=379272 125483 7645 253789 215043 11566 203477 1945 117838 108877 70112 38746 15420 9621
cat_boundaries=0 2 4
cat_threshold=0 262144 268435458 262144
is_linear=0
shrinkage=0.035


Tree=122
num_leaves=15
num_cat=1
split_feature=12 29 0 27 13 23 2 17 31 40 6 46 36 19
split_gain=53343 55198.5 67207.6 52782.8 50549.9 59026.3 105898 43872.4 42199.9 49558 44109.7 46553.6 41727.1 43944.4
threshold=1.1062262025742085 1.0000000180025095e-35 0 59.500000000000007 0.9871557775354286 1.0000000180025095e-35 3.5000000000000004 1.0000000180025095e-35 1.0000000180025095e-35 3.8500000000000019 6.765249009150252 3.9000000000000017 29.050000000000004 1.0000000180025095e-35
decision_type=2 2 1 2 2 2 2 2 2 2 2 2 2 2
left_child=1 4 3 -3 5 7 -7 -1 9 12 -10 -12 13 -6
right_child=-2 2 -4 -5 8 6 -8 -9 10 -11 11 -13 -14 -15
leaf_value=0.00042853690382533253 0.0015670449521627368 0.0047015527553365992 -0.0022796194023904266 -0.0006500288390476304 0.00012531080904487068 0.00036132882921939829 -0.0011839835991193344 -0.00038629857058329088 0.014949883877670668 -0.0016345637340167672 0.0029706590924778713 -0.0020750892879892349 -0.0014243980672056934 -0.00017008243312449726
leaf_weight=2709092.199382782 1334632.1951518059 122589.09257149696 327036.58336663246 583082.42844343185 31418754.452898502 1044400.7677202225 2194782.651248455 3548010.01952672 102725.36852073669 462593.31444001198 255623.67556762695 102536.45169830322 490973.06953954697 10017750.541030169
leaf_count=29677 16272 2247 3017 4972 186705 8235 11932 28871 2187 3207 1340 660 2960 76990
internal_value=-0.000118698 -0.0002915 -0.00830456 -0.00222592 -0.000133416 -0.0024438 -0.00627895 -0.000458413 0.000378593 0.000264065 0.0109121 0.00511295 0.000389768 0.000509959
internal_weight=5.47146e+07 5.338e+07 1.03271e+06 705672 5.23472e+07 9.49629e+06 3.23918e+06 6.2571e+06 4.2851e+07 4.23901e+07 460885 358160 4.19275e+07 4.14365e+07
internal_count=379272 363000 10236 7219 352764 78715 20167 58548 274049 269862 4187 2000 266655 263695
cat_boundaries=0 1
cat_threshold=128
is_linear=0
shrinkage=0.035


Tree=123
num_leaves=15
num_cat=2
split_feature=41 12 14 0 11 14 1 36 6 1 0 36 41 6
split_gain=52770.9 54573.4 93031.3 80417.5 53833.5 54087.7 94264.5 137954 67567.7 75834.5 66629.7 65640.3 64034.8 67183.7
threshold=26.550000000000004 0.99277140886267723 1.1694833628063137 0 1.1154145627579455 1.0038121718465678 16.500000000000004 26.250000000000004 7.955205314333587 20.500000000000004 1 12.450000000000001 2.8500000000000019 7.8575314057779044
decision_type=2 2 2 1 2 2 2 2 2 2 1 2 2 2
left_child=1 2 -1 -4 5 6 7 10 9 -7 -3 -12 13 -13
right_child=-2 4 3 -5 -6 8 -8 -9 -10 -11 11 12 -14 -15
leaf_value=-0.00015037755273183343 -0.0031736197279214197 0.00040392273640770855 -0.0030330800114810488 -0.00059593505563602977 0.0033550986878729599 0.00014447490312558586 0.00070193627297069879 -0.0014483013206238356 -0.00031621698057008154 -0.0016299509522166166 0.00051192792576336323 -1.0974590294290804e-05 -0.0017113024819515284 -0.0011751222498383224
leaf_weight=14675961.388948917 87205.594715118408 4613201.9874062538 336145.16072916985 452723.92909526825 538932.1742708683 12860234.819482565 5880398.3278877735 1191356.9466786385 5054762.9612121582 990144.42200541496 2461160.4653940201 4444305.1017847061 711914.39495992661 416135.13653564453
leaf_count=117841 567 22227 2872 4733 8309 84423 43074 7763 9190 15884 17194 38503 5490 1202
internal_value=-0.000114071 -7.06392e-05 -0.00183106 -0.0135397 0.00062453 0.000471243 0.0017537 0.000176197 -0.000866391 0.000397668 0.00124878 -0.000676361 -0.00277893 -0.00134299
internal_weight=5.47146e+07 5.46274e+07 1.54648e+07 788869 3.91625e+07 3.86236e+07 1.97185e+07 1.38381e+07 1.89051e+07 1.38504e+07 1.26467e+07 8.03352e+06 5.57235e+06 4.86044e+06
internal_count=379272 378705 125446 7605 253259 244950 135453 92379 109497 100307 84616 62389 45195 39705
cat_boundaries=0 2 4
cat_threshold=0 262144 131072 262144
is_linear=0
shrinkage=0.035


Tree=124
num_leaves=15
num_cat=2
split_feature=9 31 35 6 0 40 27 9 6 18 0 46 28 44
split_gain=51654 50862.8 77423.4 68051.4 63107.7 76239.5 67189.1 71751.5 62338.3 59884.2 53620.1 52291.6 45284.2 44846.3
threshold=1.8201955231013425 1.0000000180025095e-35 22.500000000000004 6.7521798621251587 0 0.099999999999999853 51.500000000000007 0.96977929726418655 7.2799173088058895 1.0000000180025095e-35 1 3.6500000000000012 59.500000000000007 1.0000000180025095e-35
decision_type=2 2 2 2 1 2 2 2 2 2 1 2 2 2
left_child=1 2 10 -3 6 8 12 -8 -6 -7 -1 -5 -4 -10
right_child=-2 3 4 11 5 9 7 -9 13 -11 -12 -13 -14 -15
leaf_value=-0.00042873119751800316 0.0061927351994384323 0.014941930100519191 -0.00038600438719967397 0.0025718458137672152 0.00054729095004030931 -0.00016756450530282696 -0.005733616217195911 -0.00093620383209398468 5.080991928843244e-05 -0.0025516429071756057 -0.0022841376665512967 -0.0020289369542120534 0.00085201092341936359 -0.00069496765619802886
leaf_weight=617463.50789761543 162101.55069732666 145206.86606788635 4168859.7460429668 321281.56974029541 10777367.962156057 12163178.411892653 249373.57854628563 1861854.8725352287 20975311.459762573 379587.80965662003 376942.2981877327 141434.36496734619 1385918.8506908417 988699.96226501465
leaf_count=6198 2025 3078 34563 1662 142208 73608 2974 22712 65328 4055 3266 902 14364 2329
internal_value=-0.000132651 -0.000191274 -0.000304726 0.00987589 -0.000123015 0.000374135 -0.00305974 -0.00837467 0.00126299 -0.00194613 -0.00998037 0.00331572 -0.00103967 0.000193207
internal_weight=5.47146e+07 5.45525e+07 5.39446e+07 607923 5.29502e+07 4.52841e+07 7.66601e+06 2.11123e+06 3.27414e+07 1.25428e+07 994406 462716 5.55478e+06 2.1964e+07
internal_count=379272 377247 371605 5642 362141 287528 74613 25686 209865 77663 9464 2564 48927 67657
cat_boundaries=0 2 3
cat_threshold=268435456 262144 268435584
is_linear=0
shrinkage=0.035


Tree=125
num_leaves=15
num_cat=1
split_feature=41 0 9 31 6 35 6 12 1 46 27 13 21 1
split_gain=49460.7 58848.7 73329.1 62560.6 75464.4 59216 59124 60999.1 57602.2 55084.9 50108.5 49794.8 60661.8 84144.7
threshold=5.3500000000000032 0 0.81858430917363356 1.0000000180025095e-35 6.8180212626466581 39.000000000000007 7.2558154400649135 1.3647524245143778 10.500000000000002 2.8500000000000001 56.500000000000007 1.0095590033597168 1.0000000180025095e-35 17.500000000000004
decision_type=2 1 2 2 2 2 2 2 2 2 2 2 2 2
left_child=1 2 -1 5 -5 -4 7 -3 -2 -6 -7 12 -8 -14
right_child=8 6 3 4 9 10 11 -9 -10 -11 -12 -13 13 -15
leaf_value=-0.0045213947661976407 0.00041841082370729549 0.00035081466154966316 -0.0027355892117596863 0.014788164072090609 0.0034488760436197723 -0.00013038421457032043 -3.2753722691804342e-06 0.0063032035070509753 -0.0011029995309643763 -0.001876111012753669 -0.0012157756708704439 0.00025291475784769944 -0.00017244548753605544 -0.0011211838713343042
leaf_weight=198536.20211148262 739079.00821423531 13587260.940607548 146116.48154187202 125050.70875406265 204184.71855926514 5509668.2394895554 17600107.056930542 248157.46344470978 1847453.5477440357 165203.14751434326 1673038.8063724041 7090131.18699646 4134864.9692382812 1445730.3335876465
leaf_count=2249 6609 180183 2267 2612 980 48007 56014 2854 13809 1023 21037 23753 13410 4465
internal_value=-0.000126624 0.000107783 -0.00264971 -0.00211661 0.00993322 -0.00292956 0.000609301 0.00250477 -0.00485076 0.00197711 -0.00248083 -0.00025703 -0.00104211 -0.00422175
internal_weight=5.47146e+07 5.21281e+07 8.0218e+06 7.82326e+06 494439 7.32882e+06 4.41063e+07 1.38354e+07 2.58653e+06 369388 7.18271e+06 3.02708e+07 2.31807e+07 5.5806e+06
internal_count=379272 358854 78175 75926 4615 71311 280679 183037 20418 2003 69044 97642 73889 17875
cat_boundaries=0 2
cat_threshold=268435456 262144
is_linear=0
shrinkage=0.035


Tree=126
num_leaves=15
num_cat=2
split_feature=8 11 0 14 28 0 6 1 17 6 35 37 1 20
split_gain=50600.6 52854.5 49080 70939.9 46974.1 101378 89610.6 53547.3 51781.6 38731 53031.9 36568.9 35955 34289.6
threshold=0.99886743590106886 1.0098848054322027 0 1.0429066411824164 59.500000000000007 1 7.0601559548836255 17.500000000000004 1.0000000180025095e-35 8.4021674823429802 6.5000000000000009 0.25000000000000006 8.5000000000000018 1.0000000180025095e-35
decision_type=2 2 1 2 2 1 2 2 2 2 2 2 2 2
left_child=-1 2 3 9 8 -6 -7 -8 -3 10 -2 12 -12 -14
right_child=1 4 -4 -5 5 6 7 -9 -10 -11 11 -13 13 -15
leaf_value=0.00032224272257004957 -0.0030033186450931539 0.0002172773138362867 -0.00027908033728883235 -0.00032998565695164817 0.0018349541399379546 -0.0029959007674909789 0.00049980893602888398 -0.0010688101655501213 -0.00039092979307798781 -0.00025971081755897795 -0.00027962090287708902 -0.00058763473632318739 0.00063852766387869405 -0.0014881894633072849
leaf_weight=7118865.2726624012 43522.92869591713 7269241.4890320301 22595483.95766902 2481167.7916851044 2068313.8441388607 356286.85226297379 2326984.3304748535 454246.69462585449 3872564.7389218807 811957.39215087891 782971.3833360672 498766.37442851067 3918920.5274806023 115289.23354148865
leaf_count=55762 212 56989 151632 9393 26685 7099 9048 1831 28718 1342 7508 2834 19523 696
internal_value=-0.000120128 -0.000531767 -0.00137538 0.000866164 0.00108077 0.00382551 -0.000140118 0.00197697 -0.000201673 0.00287561 0.00395483 0.00426988 0.00520396 0.00653609
internal_weight=5.47146e+07 4.75957e+07 3.12481e+07 8.6526e+06 1.63476e+07 5.20583e+06 3.13752e+06 2.78123e+06 1.11418e+07 6.17143e+06 5.35947e+06 5.31595e+06 4.81718e+06 4.03421e+06
internal_count=379272 323510 193140 41508 130370 44663 17978 10879 85707 32115 30773 30561 27727 20219
cat_boundaries=0 1 2
cat_threshold=33685504 369098882
is_linear=0
shrinkage=0.035


Tree=127
num_leaves=15
num_cat=3
split_feature=12 14 0 11 14 2 14 46 0 6 46 14 0 39
split_gain=49070.9 83380.1 69965.1 49898.2 50025.9 53509 45997.9 60403.1 48466.9 44947.8 40718.8 40687 49800 40364.3
threshold=0.99114839963519052 1.1694833628063137 0 1.1154145627579455 0.87774408927532799 1.0000000180025095e-35 1.0239625556666898 1.0000000000000009 1 8.0005268660031277 0.09999999999999977 1.0429066411824164 2 11.850000000000003
decision_type=2 2 1 2 2 2 2 2 1 2 2 2 1 2
left_child=1 6 -3 4 -2 -6 8 -8 -1 13 -4 12 -9 -7
right_child=3 2 10 -5 5 9 7 11 -10 -11 -12 -13 -14 -15
leaf_value=-0.0010782781139588866 0.0011239493040965907 -0.0027728094927548744 -0.0024477090259855832 0.0030981650155423607 -0.00028172252647392618 0.00029186364540092043 -0.00024824596223439732 -0.00010182782691743172 -0.00014463091396088755 -0.00013722823540894517 0.00079188412835120127 4.381845422776567e-05 0.0017274794649784898 -8.7708930445529564e-05
leaf_weight=2193467.353479147 758350.12264966965 335147.53524851799 200151.19856905937 549082.50581717491 6664910.5740144253 18544702.51126194 1857685.3800907135 286359.31479644775 7843923.4628984928 6232461.1335144043 209746.72282671928 667105.42795658112 684427.51880073547 7687062.049182415
leaf_count=21275 5333 2862 3034 8530 37944 143961 13063 1262 67888 11585 1366 3397 4359 53413
internal_value=-0.000114297 -0.00187823 -0.0132772 0.000508542 0.000364288 0.00019173 -0.00125066 0.00220707 -0.00245483 0.000778173 -0.00357828 0.00710689 0.0116797 0.00141297
internal_weight=5.47146e+07 1.4278e+07 745045 4.04366e+07 3.98875e+07 3.91291e+07 1.3533e+07 3.49558e+06 1.00374e+07 3.24642e+07 409898 1.63789e+06 970787 2.62318e+07
internal_count=379272 118506 7262 260766 252236 246903 111244 22081 89163 208959 4400 9018 5621 197374
cat_boundaries=0 2 4 5
cat_threshold=0 262144 67108864 262144 6144
is_linear=0
shrinkage=0.035


Tree=128
num_leaves=15
num_cat=0
split_feature=12 27 14 2 12 27 1 1 5 28 14 1 35 41
split_gain=48209.2 63355.6 80429.2 66911.1 66228.1 64572.9 64245.5 74247.7 75653.1 57391.6 56190.3 56113.9 58837.8 55645.9
threshold=1.038248653223538 55.500000000000007 1.1228774058946247 5.5000000000000009 0.97673979454843807 8.5000000000000018 6.5000000000000009 16.500000000000004 19.500000000000004 23.500000000000004 0.94592306406186222 8.5000000000000018 49.500000000000007 8.6500000000000039
decision_type=2 2 2 2 2 2 2 2 2 2 2 2 2 2
left_child=1 2 5 6 -4 11 -3 8 -8 10 -10 -1 -13 -14
right_child=-2 3 4 -5 -6 -7 7 -9 9 -11 -12 12 13 -15
leaf_value=-0.00076778697219438761 0.00035849837495303017 0.00086862042486960842 -0.0022131029705539881 0.00087371947932102039 -0.00019753182370300522 0.00025346743961069312 -1.3911663922654742e-05 -8.321749090785694e-05 0.00048134703091234373 -0.0012522041449688544 -0.00084697415528554789 -0.0029256259988298984 9.481257422149468e-05 -0.0046583445492946801
leaf_weight=1548120.6513595581 7355438.5005812645 569065.43749237061 365634.48283004761 1180733.9909639359 7691346.2389230728 18553991.347697735 1615122.5421571732 4072009.6147830486 599273.13115501404 2958249.8005695343 1024571.4505500793 114632.03116226196 6922900.7320950031 143492.85878634453
leaf_count=14465 66685 16233 3611 16519 31287 122270 9098 31498 3488 16328 5334 760 40284 1412
internal_value=-0.000123085 -0.000532519 0.000214032 -0.00272764 -0.00285854 0.00112139 -0.00358958 -0.00422392 -0.0066363 -0.0089322 -0.00364522 -0.00136105 -5.80963e-05 0.000345433
internal_weight=5.47146e+07 4.73591e+07 3.53401e+07 1.2019e+07 8.05698e+06 2.72831e+07 1.08383e+07 1.02692e+07 6.19722e+06 4.58209e+06 1.62384e+06 8.72915e+06 7.18103e+06 7.06639e+06
internal_count=379272 312587 214089 98498 34898 179191 81979 65746 34248 25150 8822 56921 42456 41696
is_linear=0
shrinkage=0.035


Tree=129
num_leaves=15
num_cat=1
split_feature=41 31 0 36 28 1 1 11 21 6 1 1 41 28
split_gain=48260.6 51655.6 70089.6 101393 89585.6 196108 120098 118815 118090 132979 90734.9 85867.3 95463.5 85012.5
threshold=26.550000000000004 1.0000000180025095e-35 0 6.8500000000000005 59.500000000000007 19.500000000000004 17.500000000000004 1.0902711569568475 1.0000000180025095e-35 7.7710655667310569 6.5000000000000009 12.500000000000002 0.15000000000000116 20.500000000000004
decision_type=2 2 1 2 2 2 2 2 2 2 2 2 2 2
left_child=1 2 3 -1 6 7 11 10 -8 -10 -6 -4 -13 -5
right_child=-2 -3 4 13 5 -7 8 -9 9 -11 -12 12 -14 -15
leaf_value=0.00038673739573182709 -0.0030408156061618946 0.0030029414407325293 -7.1407335924320139e-06 3.6509901853748533e-05 -0.0013733795342320886 -0.0013576505334974695 0.00066777940266690944 0.0036671256019635075 0.00019540352812576412 -0.0013948203326443805 0.00045245336240269993 -0.00016777856735402462 -0.0009141814007578488 -0.0019017523185053441
leaf_weight=1822678.6084091663 87205.594715118408 598627.07876014709 14287849.908815384 1110858.4049432278 638296.84761381149 1548478.9725921154 5892992.507840395 622771.57319164276 1774321.3545846939 623369.21157836914 11731611.552204132 7122718.3375873566 4542085.4829425812 2310717.3753283024
leaf_count=10667 567 5579 101194 8709 17533 22484 44947 5705 19640 1355 68085 31336 23456 18015
internal_value=-0.000114981 -7.34465e-05 -0.000186736 -0.0040316 0.000226581 0.00252821 -0.000750786 0.00393141 0.00291648 -0.00363213 0.00318041 -0.00192231 -0.00415041 -0.00758359
internal_weight=5.47146e+07 5.46274e+07 5.40288e+07 5.24425e+06 4.87845e+07 1.45412e+07 3.42433e+07 1.29927e+07 8.29068e+06 2.39769e+06 1.23699e+07 2.59527e+07 1.16648e+07 3.42158e+06
internal_count=379272 378705 373126 37391 335735 113807 221928 91323 65942 20995 85618 155986 54792 26724
cat_boundaries=0 2
cat_threshold=0 262144
is_linear=0
shrinkage=0.035


Tree=130
num_leaves=15
num_cat=0
split_feature=12 14 8 14 2 46 18 6 27 6 11 39 46 14
split_gain=50311.2 74948.2 50842.4 48990.1 50832.8 43763.8 42731.2 44084.1 46990.3 39770 42308.6 39059.7 43466.2 37300.7
threshold=0.99277140886267723 1.1694833628063137 0.89912644238048023 0.87774408927532799 1.0000000180025095e-35 -0.84999999999999953 1.0000000180025095e-35 7.4531918138198821 59.500000000000007 8.0005268660031277 0.99756204687211747 8.2500000000000018 1.1999999999999997 0.94592306406186222
decision_type=2 2 2 2 2 2 2 2 2 2 2 2 2 2
left_child=1 6 -2 -4 11 -3 7 8 -1 10 -6 12 -5 -11
right_child=2 5 3 4 9 -7 -8 -9 -10 13 -12 -13 -14 -15
leaf_value=0.000328260235105334 0.0050539580567319576 -0.0032555379938733857 0.0011768982542875429 -0.00014720908062290568 4.6563903028016325e-07 -0.00062646083565000472 -0.0019630478939166563 -0.00029012090329552111 -0.00077734776675542148 0.00043317955680585626 0.00037738127751539796 -2.0707118648568225e-05 -0.00099321481536852755 -0.00019321823005253534
leaf_weight=6220595.5198099613 190509.2644534111 351346.86846542358 722720.98921608925 1480707.7757093906 12425721.911428213 437522.22135901451 455356.59122633934 6474485.9168243408 1528961.2785992622 740345.17416381836 13274487.968129396 3681123.9551901817 1349981.6979122162 5380715.6786193848
leaf_count=65999 2346 4627 5203 8772 91591 2978 5183 21111 25585 1736 105645 22560 6315 9621
internal_value=-0.000112081 -0.00180263 0.00055422 0.000466235 0.000296027 -0.012312 -0.00123785 -0.000899973 0.000881018 0.000872588 0.00147644 -0.00252145 -0.00561263 -0.00166279
internal_weight=5.47146e+07 1.54683e+07 3.92463e+07 3.90558e+07 3.83331e+07 788869 1.46794e+07 1.4224e+07 7.74956e+06 3.18213e+07 2.57002e+07 6.51181e+06 2.83069e+06 6.12106e+06
internal_count=379272 125483 253789 251443 246240 7605 117878 112695 91584 208593 197236 37647 15087 11357
is_linear=0
shrinkage=0.035


Tree=131
num_leaves=15
num_cat=1
split_feature=12 0 28 1 1 1 14 6 28 6 41 2 14 1
split_gain=48465.8 80883.2 59757.4 180211 120817 89684.7 88862.2 74925.4 70869.4 85320.2 75825.6 76295.9 73124.3 66544
threshold=0.95147315182213388 0 59.500000000000007 20.500000000000004 18.500000000000004 6.5000000000000009 0.94592306406186222 7.2406633879601054 23.500000000000004 8.4911077780067021 0.10000000000000085 3.5000000000000004 0.94592306406186222 8.5000000000000018
decision_type=2 1 2 2 2 2 2 2 2 2 2 2 2 2
left_child=1 -1 4 5 8 -4 -6 -7 9 10 -2 12 -12 -9
right_child=2 -3 3 -5 6 7 -8 13 -10 -11 11 -13 -14 -15
leaf_value=-0.0027189922495444623 0.00030047924157377892 -0.00023685959269455543 -0.0013878223734161606 -0.002200143271492626 0.0018829921099684866 0.0014491684020532414 0.00017547964036123174 0.0010475866646471879 -0.00032313276540284338 -0.00094658138226620615 0.00060936080511240327 -0.0010863303206187129 -0.00030897695524015041 6.5094815654191714e-05
leaf_weight=490567.05534625053 8386588.8467297554 3035089.3834762573 653459.8594288826 878828.53683233261 1507870.4932286739 3956582.8238611221 4027774.6070606709 1447224.689666748 16146111.814426422 384603.302734375 1871369.9949760437 1760214.3481943607 2941526.0000908375 7226771.0550537109
leaf_count=5287 49252 30432 18535 17437 18613 44031 35549 4704 86361 492 12163 14752 14461 27203
internal_value=-0.000103525 -0.00407271 0.000169855 0.0021034 -0.000569747 0.00311888 0.00419876 0.003773 -0.00140799 0.000295217 0.000713693 -0.00210094 0.000179476 0.00195237
internal_weight=5.47146e+07 3.52566e+06 5.11889e+07 1.41629e+07 3.70261e+07 1.3284e+07 5.53565e+06 1.26306e+07 3.14904e+07 1.53443e+07 1.49597e+07 6.57311e+06 4.8129e+06 8.674e+06
internal_count=379272 35719 343553 111910 231643 94473 54162 75938 177481 91120 90628 41376 26624 31907
cat_boundaries=0 2
cat_threshold=0 262144
is_linear=0
shrinkage=0.035


Tree=132
num_leaves=15
num_cat=0
split_feature=12 14 8 14 1 36 46 1 21 36 31 1 6 5
split_gain=47084.9 69332.2 48674 47532.5 93000.4 126242 65710.5 105561 64312.2 64238.6 65170.8 54662 71310 63613.1
threshold=0.99114839963519052 1.1694833628063137 0.89912644238048023 1.0038121718465678 16.500000000000004 26.250000000000004 4.2000000000000028 11.500000000000002 1.0000000180025095e-35 12.050000000000002 1.0000000180025095e-35 20.500000000000004 7.955205314333587 10.500000000000002
decision_type=2 2 2 2 2 2 2 2 2 2 2 2 2 2
left_child=1 -1 -2 4 5 6 7 9 -6 -4 -11 12 13 -5
right_child=2 -3 3 11 8 -7 -8 -9 -10 10 -12 -13 -14 -15
leaf_value=-0.00015776327645989187 0.0048527134741704649 -0.0015881238039758743 0.00064478871839689989 -0.00061291129924035239 0.00089679868919745169 -0.0014115385825114071 0.00054903430395702199 -0.00074587988204871051 -0.00012622644809080606 -0.00015096098430094485 0.0050098538516616933 -0.0014435999598524569 -0.00027362447491038021 0.00025748708889744505
leaf_weight=13532968.458022118 190598.94177818298 745045.45664429665 2204234.7508432865 1744489.4595592022 4463393.5781948566 1210202.4298875332 4240000.3038499355 2959152.6226119995 1693223.8469696045 3730089.0715382099 137005.94329690933 1026823.0876193047 5187931.1401062012 11649423.720184803
leaf_count=111244 2359 7262 16819 4531 31853 7915 24623 16350 13928 30504 1230 17119 9500 84035
internal_value=-0.000102243 -0.00183011 0.000507862 0.000424294 0.00159676 6.47504e-05 0.00105163 -0.000635975 0.00520011 0.00200587 -0.000712203 -0.000809676 -0.000375274 0.000974131
internal_weight=5.47146e+07 1.4278e+07 4.04366e+07 4.0246e+07 2.06373e+07 1.44807e+07 1.32705e+07 9.03048e+06 6.15662e+06 6.07133e+06 3.8671e+06 1.96087e+07 1.85818e+07 1.33939e+07
internal_count=379272 118506 260766 258407 143222 97441 89526 64903 45781 48553 31734 115185 98066 88566
is_linear=0
shrinkage=0.035


Tree=133
num_leaves=15
num_cat=1
split_feature=40 46 12 13 23 1 35 27 0 31 19 27 13 12
split_gain=46786.7 52679.7 46199.1 55778 66952.7 54214.1 42390.5 43027.7 76907.5 81191.3 44961.8 65573.8 48029.3 43923.9
threshold=5.150000000000003 -0.39999999999999897 1.0488390177566751 0.96316597543734361 1.0000000180025095e-35 17.500000000000004 1.5000000000000002 55.500000000000007 0 1.0000000180025095e-35 1.0000000180025095e-35 34.500000000000007 1.0412602633550088 0.99945813345222978
decision_type=2 2 2 2 2 2 2 2 1 2 2 2 2 2
left_child=2 -2 3 4 -1 -6 -5 10 -9 13 12 -12 -8 -10
right_child=1 -3 -4 6 5 -7 7 8 9 -11 11 -13 -14 -15
leaf_value=-0.0001137786203070069 -6.882402969591862e-05 -0.0048011075942641776 0.0004699535587361163 -0.0019841200614135316 0.00028712055966751451 -0.0027476823471461265 0.00011322111792991479 4.3361279316350472e-05 -0.0019420256357114952 0.0029425971070623173 -0.00034915385102893791 0.00039113727067983364 0.0016676542455673893 -0.00053528947848187076
leaf_weight=941324.53209972382 245244.54687666893 211944.09173297882 5193333.5370204449 210157.05518317223 167953.19111943245 489255.6619515419 25132403.768621922 7416557.4954440594 1386490.7363879681 389931.83283281326 7116630.31559515 1994248.5530259609 682694.06246161461 3136413.4307529926
leaf_count=13749 1720 1539 50789 1790 1708 2453 136656 39128 20134 3820 50580 14181 6373 34652
internal_value=-8.48428e-05 -0.0112343 9.10802e-06 -0.000323167 -0.00675367 -0.0153261 -0.0001066 -3.68461e-05 -0.00181439 -0.00521076 0.000590653 -0.00152319 0.00133669 -0.00653189
internal_weight=5.47146e+07 457189 5.42574e+07 4.90641e+07 1.59853e+06 657209 4.74655e+07 4.72554e+07 1.23294e+07 4.91284e+06 3.4926e+07 9.11088e+06 2.58151e+07 4.5229e+06
internal_count=379272 3259 376013 325224 17910 4161 307314 305524 97734 58606 207790 64761 143029 54786
cat_boundaries=0 1
cat_threshold=137216
is_linear=0
shrinkage=0.035


Tree=134
num_leaves=15
num_cat=2
split_feature=12 0 28 1 1 1 14 11 11 28 6 0 1 36
split_gain=45294.1 75339.4 55352.3 167720 115414 89280 83943.2 81235.3 71347.8 64615.6 77714 68142.4 63404.8 69000.3
threshold=0.95147315182213388 0 59.500000000000007 19.500000000000004 18.500000000000004 6.5000000000000009 0.94592306406186222 1.0741551477846694 0.91016278591167732 23.500000000000004 8.4911077780067021 1 6.5000000000000009 -1.0499999999999998
decision_type=2 1 2 2 2 2 2 2 2 2 2 1 2 2
left_child=1 -1 4 5 9 -4 -6 8 -7 10 11 -2 -11 -14
right_child=2 -3 3 -5 6 7 -8 -9 -10 12 -12 -13 13 -15
leaf_value=-0.0025936103898861946 0.00031137393249205806 -0.00021714525082247444 -0.0013502762323046125 -0.0012439593562981581 0.0018024980911783999 -0.0014791993029222108 0.00017500307639956261 0.0028741999468215227 0.00046352755965156298 0.00084973639652375765 -0.0009141734936859026 -0.00013747263345044892 7.1833406516482763e-05 -0.00051421079622283406
leaf_weight=490567.05534625053 5578308.5223088264 3035089.3834762573 653459.8594288826 1610368.2995786667 1507870.4932286739 416545.97569561005 4027774.6070606709 855252.26033639908 10627240.569803238 726843.92929553986 384603.302734375 9381390.6676821709 3846975.3143806458 11572292.570750237
leaf_count=5287 21665 30432 18535 23385 18613 2712 35549 7321 59957 17306 492 68963 6811 62244
internal_value=-0.000100199 -0.00393731 0.000164085 0.002025 -0.000547735 0.00338921 0.00411293 0.00408094 0.00327616 -0.00136702 0.000259303 0.00065869 -0.00291259 -0.00338878
internal_weight=5.47146e+07 3.52566e+06 5.11889e+07 1.41629e+07 3.70261e+07 1.25525e+07 5.53565e+06 1.1899e+07 1.10438e+07 3.14904e+07 1.53443e+07 1.49597e+07 1.61461e+07 1.54193e+07
internal_count=379272 35719 343553 111910 231643 88525 54162 69990 62669 177481 91120 90628 86361 69055
cat_boundaries=0 2 3
cat_threshold=0 262144 135168
is_linear=0
shrinkage=0.035


Tree=135
num_leaves=15
num_cat=1
split_feature=14 28 1 0 12 1 14 1 40 28 11 1 21 27
split_gain=46093.4 66377 116506 114332 101123 82545.2 73905.4 69013.8 71316.9 69062 68324.6 63052.2 61023.2 60526.4
threshold=1.1807223977627761 59.500000000000007 18.500000000000004 0 0.96479881010771329 20.500000000000004 0.94592306406186222 11.500000000000002 0.60000000000000142 23.500000000000004 1.0875905739313392 19.500000000000004 1.0000000180025095e-35 33.500000000000007
decision_type=2 2 2 1 2 2 2 2 2 2 2 2 2 2
left_child=1 2 7 4 -3 10 -4 12 9 -9 -5 13 -1 -2
right_child=11 3 6 5 -6 -7 -8 8 -10 -11 -12 -13 -14 -15
leaf_value=0.00018177149580705126 0.00024139243136747391 -0.0013565058682723666 0.0017010796770343701 0.00056508063618423618 0.00014229592673119926 -0.0015841092780069428 0.00017710504010014244 3.8236126172357845e-05 -0.0010520133176187263 -0.0004784066327599278 0.0039933836728586591 -0.002149975036486668 -0.00038008093692720919 -0.00075823658697399276
leaf_weight=9749915.8139438629 2049670.0687847137 1105235.8279509544 1707039.1847081184 6705540.1033980846 4377445.7488229275 433727.95141148567 4133314.6683387756 7569363.3458385468 2043036.3667755127 8373913.7695999146 447712.19794559479 462107.27298474312 3651658.9745745659 1904901.5160286427
leaf_count=68286 12467 6699 22275 54268 28329 10292 38496 37334 11879 36054 4651 5716 31636 10890
internal_value=-0.000104891 0.000196139 -0.000557213 0.00234202 -0.00150883 0.00512481 0.00398186 -0.0014018 -0.00281845 -0.00202951 0.00602377 -0.00353306 0.000499488 -0.00210352
internal_weight=5.47146e+07 5.02979e+07 3.72282e+07 1.30697e+07 5.48268e+06 7.58698e+06 5.84035e+06 3.13879e+07 1.79863e+07 1.59433e+07 7.15325e+06 4.41668e+06 1.34016e+07 3.95457e+06
internal_count=379272 350199 245960 104239 35028 69211 60771 185189 85267 73388 58919 29073 99922 23357
cat_boundaries=0 2
cat_threshold=6144 262144
is_linear=0
shrinkage=0.035


Tree=136
num_leaves=15
num_cat=1
split_feature=40 1 14 28 1 0 1 6 9 14 28 14 20 42
split_gain=44037.3 69641.4 49336.2 62074.8 110462 110336 76273.7 73907.5 70096.3 64241.8 62762.6 89486.7 92672.4 71259.8
threshold=1.5000000000000016 9.5000000000000018 1.1807223977627761 59.500000000000007 18.500000000000004 0 20.500000000000004 7.0341292346126849 0.98158533835630213 0.94592306406186222 23.500000000000004 0.94592306406186222 1.0000000180025095e-35 10.050000000000002
decision_type=2 2 2 2 2 1 2 2 2 2 2 2 2 2
left_child=2 -2 3 4 8 7 -7 -5 -1 -6 11 12 -10 -13
right_child=1 -3 -4 5 9 6 -8 -9 10 -11 -12 13 -14 -15
leaf_value=-0.00063244947600817178 0.0006041232064257641 -0.0010403679896562855 -0.00042420636399309938 -0.0020410909314009327 0.0017056489223539811 0.00071588733374223362 -0.0014807685134025333 6.6312720827768363e-05 0.00087309928236307716 0.00022314920606786125 -0.00021494980882326726 -2.0163078057791986e-06 -0.0022714934057659984 -0.003037504497759436
leaf_weight=4539541.3536479473 603672.99610447884 1995568.5941689014 4317131.9621810913 761639.35929894447 1600527.1794674397 6777741.0691435337 426113.24066352844 4447776.6769866943 3158809.1046922207 3898878.7554087639 13678345.524700165 8106898.5296432972 233069.60789370537 168868.85710573196
leaf_count=35682 5116 14613 28417 13569 20718 56388 10085 20066 21861 35528 70346 43050 2384 1449
internal_value=-8.51374e-05 -0.0045313 0.000136615 0.000460253 -0.000286804 0.00258979 0.00539583 -0.00129056 -0.00112567 0.00427185 -0.000408309 0.00147746 0.00626529 -0.000484868
internal_weight=5.47146e+07 2.59924e+06 5.21153e+07 4.77982e+07 3.53849e+07 1.24133e+07 7.20385e+06 5.20942e+06 2.98855e+07 5.49941e+06 2.5346e+07 1.16676e+07 3.39188e+06 8.27577e+06
internal_count=379272 19729 359543 331126 231018 100108 66473 33635 174772 56246 139090 68744 24245 44499
cat_boundaries=0 2
cat_threshold=6144 262144
is_linear=0
shrinkage=0.035


Tree=137
num_leaves=15
num_cat=1
split_feature=12 14 42 14 31 27 5 0 42 5 14 46 46 6
split_gain=48390.7 70808.2 47453.5 51902.4 48959.7 50878.7 82720.1 66689.7 55781.8 51249.4 46987.3 50326 46514 42310.8
threshold=0.97673979454843807 1.1694833628063137 0.19999999999999832 1.1807223977627761 1.0000000180025095e-35 44.500000000000007 13.500000000000002 0 0.29999999999999999 4.5000000000000009 1.0239625556666898 0.60000000000000109 -1.0999999999999999 7.2883240770096505
decision_type=2 2 2 2 2 2 2 1 2 2 2 2 2 2
left_child=1 10 3 -2 5 8 -7 13 -4 -10 -1 -12 -11 -8
right_child=2 -3 4 -5 -6 6 7 -9 9 12 11 -13 -14 -15
leaf_value=-0.0004750990585719769 0.00023932706541372227 -0.0018815651917799628 -0.00053167418960010427 -0.00046531270706976256 0.0031871490868007673 0.00032433736426980015 0.0010134851915086192 -0.00098679494248295934 -0.00057372130378027949 -0.00040637385269613443 -0.00033760934211484334 0.00081010464862057638 0.00038821917090749256 -0.0002491798865403563
leaf_weight=5547239.6096746922 19678326.053272247 463617.73973751068 2045146.829272747 2196960.9036216736 381484.81583881378 2290956.3700485229 554648.7813205719 3747382.8734397888 1064742.7161352634 1841152.2437756062 957120.41986179352 1183800.0412817001 8527861.1919779778 4234142.2218475342
leaf_count=55541 122544 4709 9826 14822 3220 16892 6951 37830 5252 23972 7170 7030 49200 14313
internal_value=-8.94517e-05 -0.00257711 0.000346064 0.00153305 -0.000705705 -0.000900975 -0.00268767 -0.00427253 0.000534212 0.00148647 -0.00177606 0.00262831 0.00223735 -0.00153588
internal_weight=5.47146e+07 8.15178e+06 4.65628e+07 2.18753e+07 2.46875e+07 2.4306e+07 1.08271e+07 8.53617e+06 1.34789e+07 1.14338e+07 7.68816e+06 2.14092e+06 1.0369e+07 4.78879e+06
internal_count=379272 74450 304822 137366 167456 164236 75986 59094 88250 78424 69741 14200 73172 21264
cat_boundaries=0 1
cat_threshold=137216
is_linear=0
shrinkage=0.035


Tree=138
num_leaves=15
num_cat=2
split_feature=12 0 14 14 2 27 46 1 1 6 36 11 0 41
split_gain=45761.8 59449.3 70954.9 45687.2 47043.2 40548.8 38788 52252.3 46122.8 36753.8 40013.4 38500.1 41384.9 46956.5
threshold=0.99277140886267723 0 1.1694833628063137 0.87774408927532799 1.0000000180025095e-35 6.5000000000000009 0.20000000000000065 20.500000000000004 16.500000000000004 8.0005268660031277 29.500000000000004 0.99756204687211747 1 0.10000000000000196
decision_type=2 1 2 2 2 2 2 2 2 2 2 2 1 2
left_child=1 2 -1 -2 6 -3 7 -5 -8 10 11 -6 -13 -14
right_child=3 5 -4 4 9 -7 8 -9 -10 -11 -12 12 13 -15
leaf_value=-0.00064363676545429289 0.0011307936642211767 -0.00067332221264194123 -0.0022609410934437508 0.00029908433970443447 3.8599744303517224e-05 2.6362528024249185e-06 -0.00065193965935581456 -0.0022210637688858301 0.0002923901357862193 -0.00010580999583516814 -0.0012186366167385027 -2.7432314533155795e-05 0.00074521340632705468 0.00012095442703998617
leaf_weight=1476248.7671294212 723865.10495114326 2676273.2622363567 336145.16072916985 2167636.2878637314 12221112.791423082 10979601.206189394 3219831.1160354614 274071.93321251869 868018.22900009155 6121060.8527832031 487949.69900941849 3696481.1305651665 6116948.711006403 3349338.5589718819
leaf_count=12064 5224 20538 2872 13917 90658 90009 15496 5116 3286 11357 3273 37408 41768 26286
internal_value=-9.88233e-05 -0.00171113 -0.00766708 0.000536639 0.000372942 -0.000920647 -0.00233441 0.00115599 -0.00441925 0.000925496 0.00150252 0.00169336 0.00300677 0.00423313
internal_weight=5.47146e+07 1.54683e+07 1.81239e+06 3.92463e+07 3.85224e+07 1.36559e+07 6.52956e+06 2.44171e+06 4.08785e+06 3.19929e+07 2.58718e+07 2.53839e+07 1.31628e+07 9.46629e+06
internal_count=379272 125483 14936 253789 248565 110547 37815 19033 18782 210750 199393 196120 105462 68054
cat_boundaries=0 2 4
cat_threshold=0 262144 268435458 262144
is_linear=0
shrinkage=0.035


Tree=139
num_leaves=15
num_cat=2
split_feature=12 0 11 42 41 31 42 28 46 46 36 46 36 0
split_gain=43244.5 69057.3 46997.3 43840.7 38628.4 41314.5 37693.6 36504 51123.5 35275.2 35137.7 43013 57027.6 36723.9
threshold=0.97673979454843807 0 1.0741551477846694 0.19999999999999832 26.550000000000004 1.0000000180025095e-35 0.29999999999999999 59.500000000000007 0.79999999999999816 3.100000000000001 29.500000000000004 5.1500000000000021 23.650000000000002 1
decision_type=2 1 2 2 2 2 2 2 2 2 2 2 2 1
left_child=1 7 3 -2 5 6 -5 -1 -9 -7 11 -8 13 -13
right_child=2 -3 -4 4 -6 9 10 8 -10 -11 -12 12 -14 -15
leaf_value=-0.00038993016379347209 0.00014824714671286455 -0.00074361337712185551 0.0013541109195884921 -0.00053013447464249385 -0.0027307389474866446 0.0048731540762367827 -9.1506248197862952e-05 -0.0001364207226047369 0.00088766505848247748 -0.00078335292330402825 -0.0022287679953303589 0.001556089392331976 -0.0006431051687618459 0.00038967552130436418
leaf_weight=1969573.5736186504 21109434.232257843 4165657.7694485188 1578404.4947419167 2719031.7634055614 86587.851474761963 226211.38045215607 18721953.833699465 973716.6115295887 1042829.8559589386 124006.60956954956 189848.87058830261 689757.02939224243 431261.78370285034 686307.15126609802
leaf_count=25171 126928 34113 21977 13373 557 1899 127166 8373 6793 902 1315 2980 2719 5006
internal_value=-9.55753e-05 -0.00244724 0.000316132 0.000107844 -0.000919563 -0.00083462 -0.00101292 0.00084593 0.00415605 0.0110977 -0.000504453 -0.000365842 0.00479044 0.00827094
internal_weight=5.47146e+07 8.15178e+06 4.65628e+07 4.49844e+07 2.3875e+07 2.37884e+07 2.34382e+07 3.98612e+06 2.01655e+06 350218 2.07191e+07 2.05293e+07 1.80733e+06 1.37606e+06
internal_count=379272 74450 304822 282845 155917 155360 152559 40337 15166 2801 139186 137871 10705 7986
cat_boundaries=0 1 2
cat_threshold=302121090 133122
is_linear=0
shrinkage=0.035


Tree=140
num_leaves=15
num_cat=3
split_feature=9 20 39 3 14 1 27 42 0 0 31 27 0 5
split_gain=42470 42496.9 87873.3 68058.3 44015.6 55990.5 58511.1 53872.8 52651.8 52020.7 42198.8 47595.3 76333.4 64079.9
threshold=1.8201955231013425 1.0000000180025095e-35 10.65 1.5000000000000002 1.1807223977627761 19.500000000000004 33.500000000000007 0.19999999999999932 0 1 1.0000000180025095e-35 44.500000000000007 2 13.500000000000002
decision_type=2 2 2 2 2 2 2 2 1 1 2 2 1 2
left_child=1 4 3 -3 7 6 -6 8 -1 -8 11 -9 -13 -14
right_child=-2 2 -4 -5 5 -7 9 10 -10 -11 -12 12 13 -15
leaf_value=0.00028263208233908797 0.0052890532248607526 -0.00061524779709493517 -0.0027368524473521776 0.0031142906268015851 0.00024905883852491159 -0.0020353639385426257 3.8951881256564047e-05 3.7256121521894154e-05 -0.000125927914849851 -0.0012414407934804481 0.0028236270274306645 -1.1381136637045155e-05 0.0002523110727888532 -0.0010413184852190514
leaf_weight=15139054.485357285 162101.55069732666 320334.7888982296 589183.14999246597 219730.15765571594 2048607.3161268234 459318.73940348625 784659.68739771843 15200385.258820534 7179845.9481511116 1076303.2555418015 413493.760658741 6211216.1254179478 1031894.9655697346 3878453.6214175224
leaf_count=83111 2025 2111 6161 2697 12436 5679 4703 102090 65446 5842 3683 30112 11650 41526
internal_value=-0.00010108 -0.000154237 -0.00687329 0.00332444 -1.22096e-05 -0.00337856 -0.00202044 0.000287605 0.00155707 -0.00651287 -0.000772153 -0.000946436 -0.00268638 -0.00594755
internal_weight=5.47146e+07 5.45525e+07 1.12925e+06 540065 5.34232e+07 4.36889e+06 3.90957e+06 4.90543e+07 2.23189e+07 1.86096e+06 2.67354e+07 2.63219e+07 1.11216e+07 4.91035e+06
internal_count=379272 377247 10969 4808 366278 28660 22981 337618 148557 10545 189061 185378 83288 53176
cat_boundaries=0 1 2 3
cat_threshold=33691776 100669440 137216
is_linear=0
shrinkage=0.035


Tree=141
num_leaves=15
num_cat=3
split_feature=12 14 0 8 20 13 3 21 6 27 0 0 41 11
split_gain=42488.5 68419.9 58889.3 46515.7 42277 41677 63080.6 69549.8 37386.4 50484.7 61223.7 38588.1 33767 33017.8
threshold=0.99598734948493073 1.1694833628063137 0 0.91651745689465181 1.0000000180025095e-35 0.98748587608617699 1.0000000180025095e-35 1.0000000180025095e-35 7.3606893088565695 59.500000000000007 1 2 26.550000000000004 0.6961775351891345
decision_type=2 2 1 2 2 2 2 2 2 2 1 1 2 2
left_child=1 4 -3 -2 8 6 7 -5 9 -1 -11 -10 13 -7
right_child=3 2 -4 5 -6 12 -8 -9 11 10 -12 -13 -14 -15
leaf_value=0.00039311008499164557 0.0039534649620387085 -0.0022522564160652792 -0.00075043776952418825 -0.00011443580675873348 -0.0018719681818099038 -0.0027054070401591346 0.0011148701715057241 -0.0010711505561641793 -5.4730881599793303e-05 0.00059363777586519972 -0.0018574617546434444 -0.00064050796136377365 -0.0028233266178431748 0.00012013539422862314
leaf_weight=5927100.7332611084 264384.92522835732 351129.59970736504 572888.76368808746 3234954.1488180161 459507.38111162186 90237.943642616272 847274.96868920326 1403021.753600359 6130025.9444122314 634569.5731742382 936327.66175723076 2924337.194152832 64746.832641601562 30874075.387221575
leaf_count=67695 3184 2943 5464 23224 5232 575 11005 7124 19909 9203 18976 11091 396 193251
internal_value=-9.49396e-05 -0.00149159 -0.010767 0.000586167 -0.000987786 0.000480251 -0.00233211 -0.00393633 -0.000697072 0.00113082 -0.00444773 -0.00221077 0.000977414 0.00103021
internal_weight=5.47146e+07 1.79359e+07 924018 3.67787e+07 1.70119e+07 3.65143e+07 5.48525e+06 4.63798e+06 1.65524e+07 7.498e+06 1.5709e+06 9.05436e+06 3.10291e+07 3.09643e+07
internal_count=379272 140513 8407 238759 132106 235575 41353 30348 126874 95874 28179 31000 194222 193826
cat_boundaries=0 2 3 4
cat_threshold=0 262144 137216 135298
is_linear=0
shrinkage=0.035


Tree=142
num_leaves=15
num_cat=1
split_feature=12 27 0 31 14 35 3 28 14 1 46 28 14 1
split_gain=41865.7 51227 80286.5 71479.1 65562.8 61201.9 48387.8 63513.6 75806.6 67923.5 57869.1 57427.3 49561.2 47873.8
threshold=1.038248653223538 55.500000000000007 0 1.0000000180025095e-35 1.1228774058946247 1.5000000000000002 1.5000000000000002 27.500000000000004 0.94592306406186222 6.5000000000000009 4.2000000000000028 52.500000000000007 1.0038121718465678 19.500000000000004
decision_type=2 2 1 2 2 2 2 2 2 2 2 2 2 2
left_child=1 4 6 -4 5 -1 7 8 -3 -9 -10 -11 -13 -6
right_child=-2 2 3 -5 13 -7 -8 9 10 11 -12 12 -14 -15
leaf_value=-0.0026208826881684646 0.00032505035657445975 0.0010239807503442467 -0.00098035654132157257 0.0023040819097114966 -0.00014893876035430165 0.00012527049814522242 0.0012996459453644537 0.0013574987274659837 -0.00035934989793792477 -0.00088840396468908996 0.0012990404285499538 0.0005544964505914509 -0.00064491504654040123 -0.0012604515179725881
leaf_weight=102726.13765740395 7355438.5005812645 1014963.4389407635 4499820.4209704399 426242.362616539 7224170.5325052738 27180411.483443499 700166.14625358582 260332.74913954735 1203780.186391592 1727797.8277168274 200428.09224700928 829031.70183944702 1156463.0415554047 832810.1892478466
leaf_count=785 66685 4995 55643 4180 28192 178406 6147 4978 5663 7466 786 3863 4777 6706
internal_value=-9.16159e-05 -0.000473163 -0.00244702 -0.00587957 0.000198137 0.00101736 -6.30958e-05 -0.0010198 0.0034513 -0.00374185 -0.00181611 -0.00495349 -0.000893163 -0.00257597
internal_weight=5.47146e+07 4.73591e+07 1.2019e+07 4.92606e+06 3.53401e+07 2.72831e+07 7.09296e+06 6.3928e+06 2.41917e+06 3.97363e+06 1.40421e+06 3.71329e+06 1.98549e+06 8.05698e+06
internal_count=379272 312587 98498 59823 214089 179191 38675 32528 11444 21084 6449 16106 8640 34898
cat_boundaries=0 1
cat_threshold=137216
is_linear=0
shrinkage=0.035


Tree=143
num_leaves=15
num_cat=4
split_feature=12 0 27 11 28 0 14 0 36 0 6 36 28 28
split_gain=40634.3 57371.3 53597.9 51055.3 43219.5 66298.9 40759.8 82720.1 88748.1 91040.6 73933.6 64572.2 78775.2 111085
threshold=0.96479881010771329 0 27.500000000000004 1.0617669590340555 53.500000000000007 1 1.0038121718465678 2 3.8500000000000001 3 6.5267915256277966 8.4500000000000011 25.500000000000004 52.500000000000007
decision_type=2 1 2 2 2 1 2 1 2 1 2 2 2 2
left_child=1 2 -1 6 -5 -6 7 11 -9 10 -10 -2 -13 -14
right_child=3 -3 -4 4 5 -7 -8 8 9 -11 -12 12 13 -15
leaf_value=0.0001569908701642573 -0.00012528387130034032 -0.00017887441342451878 -0.0028830713305738726 0.00013226010932261697 -0.0022523873731014506 0.0026885691717088993 -0.000115125915940145 0.0007561746067576582 0.0012720776488526128 -4.5296258276337086e-05 -0.0015265648353412077 0.0008827637589950072 -0.00030097880348075955 0.0010470236923296977
leaf_weight=230827.51669073105 1540837.4141597748 4781861.1225602627 432366.1650249958 1312610.995609045 163921.73682260513 983778.69927811623 21931638.191220999 2686702.8627698421 245756.86486244202 14511927.405268192 1290455.432975769 2204217.4274632931 1592253.6765472889 805427.29985308647
leaf_count=2236 4904 45283 4730 18042 2231 11598 125460 12097 6561 118735 9792 8299 5932 3372
internal_value=-0.000101832 -0.00297096 -0.0126178 0.000215252 0.00512963 0.0100906 -4.30507e-05 0.000926677 -0.000228973 -0.00121462 -0.0093169 0.0044513 0.00652775 0.00213711
internal_weight=5.47146e+07 5.44505e+06 663194 4.92695e+07 2.46031e+06 1.1477e+06 4.68092e+07 2.48776e+07 1.87348e+07 1.60481e+07 1.53621e+06 6.14274e+06 4.6019e+06 2.39768e+06
internal_count=379272 52249 6966 327023 31871 13829 295152 169692 147185 135088 16353 22507 17603 9304
cat_boundaries=0 2 4 5 6
cat_threshold=0 262144 0 262144 131072 67108864
is_linear=0
shrinkage=0.035


Tree=144
num_leaves=15
num_cat=1
split_feature=12 27 0 31 6 14 35 6 12 14 3 27 2 28
split_gain=40854.7 48881.9 70676.3 66039.6 61363.6 58601.9 59827.4 51763.9 51424.2 56038.8 86565.8 48970.7 47158.4 59045.4
threshold=1.038248653223538 55.500000000000007 0 1.0000000180025095e-35 6.7521798621251587 1.1228774058946247 1.5000000000000002 7.2558154400649135 0.99277140886267723 0.94592306406186222 1.0000000180025095e-35 15.500000000000002 5.5000000000000009 26.500000000000004
decision_type=2 2 1 2 2 2 2 2 2 2 2 2 2 2
left_child=1 5 12 -4 -5 6 -1 -8 11 10 -10 -9 13 -3
right_child=-2 2 3 4 -6 -7 7 8 9 -11 -12 -13 -14 -15
leaf_value=-0.0025253444395652259 0.00031477212950998753 0.00029271182061491469 -0.00093599561314613284 0.01261540898047606 -0.00013907251422058667 -0.00021705236042459647 0.00052797969183745444 -0.00053888613588104516 0.00092697724267324136 4.5130678651336933e-05 -0.0019788083468889805 4.7761730001462828e-05 0.0012422128111049466 -0.00037433613788231745
leaf_weight=102726.13765740395 7355438.5005812645 2315048.7888197899 4499820.4209704399 116309.47697353363 309932.88564300537 8056980.7217531204 8905472.3680870533 3713736.3811340332 1460713.762512207 8829045.2816009521 180985.2091217041 4090458.4809875488 700166.14625358582 4077748.2490108013
leaf_count=785 66685 10985 55643 2564 1616 34898 117614 13449 5160 26075 787 15321 6147 21543
internal_value=-9.60462e-05 -0.000472958 -0.0024011 -0.00562167 0.00754527 0.000182796 0.00095731 0.00105807 -8.16542e-06 0.00159471 0.0075326 -0.00215871 -0.000164403 -0.00110888
internal_weight=5.47146e+07 4.73591e+07 1.2019e+07 4.92606e+06 426242 3.53401e+07 2.72831e+07 2.71804e+07 1.82749e+07 1.04707e+07 1.6417e+06 7.80419e+06 7.09296e+06 6.3928e+06
internal_count=379272 312587 98498 59823 4180 214089 179191 178406 60792 32022 5947 28770 38675 32528
cat_boundaries=0 1
cat_threshold=137216
is_linear=0
shrinkage=0.035


Tree=145
num_leaves=15
num_cat=3
split_feature=20 18 12 1 14 0 28 0 3 28 1 1 0 27
split_gain=39978.3 81920.7 44902.4 42768.5 42427.5 155649 91930.9 61035.6 64952.8 60100.3 173059 108753 86405.4 80189.4
threshold=1.0000000180025095e-35 1.0000000180025095e-35 1.3647524245143778 18.500000000000004 0.94592306406186222 0 25.500000000000004 1 1.5000000000000002 59.500000000000007 18.500000000000004 6.5000000000000009 2 47.500000000000007
decision_type=2 2 2 2 2 1 2 1 2 2 2 2 1 2
left_child=2 -2 4 -3 5 6 7 8 -1 -6 11 -11 -13 -12
right_child=1 3 -4 -5 9 -7 -8 -9 -10 10 13 12 -14 -15
leaf_value=0.0013257562859367857 0.0001167890327900341 -0.0038668514690681135 0.0040066707661451954 0.0010532217120501489 -0.00015097778118506333 -0.00064295928618604407 7.3858808396593898e-05 0.00072549598613341445 -0.0012461197978227269 -0.0015762507176135842 -0.0015427907880284047 2.4999103347481671e-05 0.00070674859871720319 3.9980611257118936e-05
leaf_weight=1065815.2812213898 718082.53808546066 351633.25299358368 331156.38285970688 73894.246087789536 27000583.571953773 3048459.5588135719 3608546.6619045734 2804062.6009280682 140185.39296507835 681697.55152916908 1565361.3879287243 5126919.7868404388 7059985.1360807419 1138199.4609143734
leaf_count=4289 6203 3660 3638 1215 155666 38504 23486 20935 884 19414 17216 24030 47491 12641
internal_value=-8.87684e-05 -0.00656396 4.94624e-05 -0.0187326 -3.04552e-05 0.00194341 0.00461777 0.0082649 0.0148491 -0.000525028 0.00120659 0.00289778 0.00365876 -0.00684325
internal_weight=5.47146e+07 1.14361e+06 5.3571e+07 425527 5.32398e+07 1.06671e+07 7.61861e+06 4.01006e+06 1.206e+06 4.25727e+07 1.55722e+07 1.28686e+07 1.21869e+07 2.70356e+06
internal_count=379272 11078 368194 4875 364556 88098 49594 26108 5173 276458 120792 90935 71521 29857
cat_boundaries=0 2 3 5
cat_threshold=137218 262144 131072 6144 262144
is_linear=0
shrinkage=0.035


Tree=146
num_leaves=15
num_cat=1
split_feature=35 31 6 0 40 18 6 9 1 40 28 24 46 1
split_gain=39634.3 40223.5 64951.3 51171.5 63209.2 63698.7 57063.1 56222.9 40846.7 54125.3 41351.2 55953.2 52831.6 51014
threshold=1.5000000000000002 1.0000000180025095e-35 6.7521798621251587 0 0.099999999999999853 1.0000000180025095e-35 7.2558154400649135 0.81858430917363356 10.500000000000002 3.5000000000000013 45.500000000000007 1.0000000180025095e-35 1.5999999999999992 16.500000000000004
decision_type=2 2 2 1 2 2 2 2 2 2 2 2 2 2
left_child=-1 3 -3 7 6 8 -5 -2 -6 10 11 13 -12 -10
right_child=1 2 -4 4 5 -7 -8 -9 9 -11 12 -13 -14 -15
leaf_value=-0.0015844549183715508 -0.0045812988289592269 0.01314256646815162 0.00042650680966026315 0.00051764480681768682 0.00016596631565548952 -0.0024643327044022406 1.3805402163341131e-05 -0.00032927279040193816 -0.0008016161036962803 -0.0021835892213548621 -0.00033655691429935818 0.0010627848988901845 0.0006192531685889186 -8.7145146737239337e-05
leaf_weight=283757.08665394783 170429.02589893341 140102.22781085968 421944.82991027832 10654579.132212162 3125343.1429109573 424844.10550236702 22596820.713470459 7594076.8591907024 2744862.5130367279 395209.83348345757 2023646.6982591152 170689.67837047577 1764145.0282840729 2204131.936111927
leaf_count=2576 1950 2964 2356 144170 22437 4425 70687 74369 13950 2832 12553 577 10246 13180
internal_value=-8.67763e-05 -1.87604e-05 0.00929583 -0.000115947 0.000326743 -0.00175771 0.00113246 -0.00274456 -0.00130214 -0.00246517 -0.00190282 -0.00395401 0.000869625 -0.00463354
internal_weight=5.47146e+07 5.44308e+07 562047 5.38688e+07 4.61043e+07 1.28529e+07 3.32514e+07 7.76451e+06 1.2428e+07 9.30269e+06 8.90748e+06 5.11968e+06 3.78779e+06 4.94899e+06
internal_count=379272 376696 5320 371376 295057 80200 214857 76319 75775 53338 50506 27707 22799 27130
cat_boundaries=0 2
cat_threshold=268435456 262144
is_linear=0
shrinkage=0.035


Tree=147
num_leaves=15
num_cat=3
split_feature=20 18 1 13 8 14 0 0 14 6 5 27 27 0
split_gain=38142.4 76594.1 40507.5 39963.5 40130 39721.1 78026.2 76384.6 86728.1 65599 60684.4 57470.7 52214.1 47896.7
threshold=1.0000000180025095e-35 1.0000000180025095e-35 18.500000000000004 1.0333878684441211 0.99797887105879923 1.0038121718465678 0 1 0.98774795522931602 6.5496881751860991 9.5000000000000018 42.500000000000007 8.5000000000000018 2
decision_type=2 2 2 2 2 2 1 1 2 2 2 2 2 1
left_child=3 -2 -3 4 -1 7 10 8 9 -6 -7 12 -12 -9
right_child=1 2 -4 -5 5 6 -8 13 -10 -11 11 -13 -14 -15
leaf_value=0.00029830336131235735 0.00011439099455472034 -0.0036660840823746137 0.0010520177955237865 0.0007056499084832252 0.0011738591906034247 -0.00098963549893414204 -0.00029612662144075586 0.00030536021702573795 0.00015152229756630118 -0.0020032819483323731 -0.00012494958695281609 -0.00030930911938466292 0.001192893525111862 1.3029017584714604e-05
leaf_weight=6352872.558804512 718082.53808546066 351633.25299358368 73894.246087789536 2812613.6321191788 152752.89765620232 733560.21567225456 15055801.287087917 5332191.2967615128 1016126.4703226089 851584.2568359375 1060430.2732207775 1793499.2427778244 2551288.679833889 15858251.962846994
leaf_count=48216 6203 3660 1215 31587 4369 2275 69906 20048 9145 6306 7477 18751 23608 126506
internal_value=-8.2764e-05 -0.00640753 -0.0181739 5.22555e-05 -0.000172773 -0.000545006 -0.00164046 0.000455286 -0.00604702 -0.0133408 0.00168527 0.00296724 0.00551042 0.00107527
internal_weight=5.47146e+07 1.14361e+06 425527 5.3571e+07 5.07584e+07 4.44055e+07 2.11946e+07 2.32109e+07 2.02046e+06 1.00434e+06 6.13878e+06 5.40522e+06 3.61172e+06 2.11904e+07
internal_count=379272 11078 4875 368194 336607 288391 122017 166374 19820 10675 52111 49836 31085 146554
cat_boundaries=0 1 2 3
cat_threshold=100663426 67108864 131072
is_linear=0
shrinkage=0.035


Tree=148
num_leaves=15
num_cat=1
split_feature=12 0 14 28 1 1 21 3 1 21 3 1 1 46
split_gain=40879.2 58228.2 53272.7 38887.2 119668 89998.6 123756 101548 99751.3 145107 113747 88403.9 82197.5 79147.4
threshold=0.97673979454843807 0 1.1694833628063137 59.500000000000007 20.500000000000004 16.500000000000004 1.0000000180025095e-35 1.0000000180025095e-35 12.500000000000002 1.0000000180025095e-35 1.0000000180025095e-35 19.500000000000004 17.500000000000004 4.0000000000000018
decision_type=2 1 2 2 2 2 2 2 2 2 2 2 2 2
left_child=1 -1 -3 5 -5 8 -7 11 -2 13 -11 12 -8 -10
right_child=3 2 -4 4 -6 6 7 -9 9 10 -12 -13 -14 -15
leaf_value=0.00013193429643751825 3.1119128588010938e-05 -0.0004832650869521205 -0.001768558121224889 0.00037836360753491544 -0.0018053256230853838 0.00051895446703221788 -0.0001480485730994874 0.00070583754418224631 -0.0011664260046872306 0.0011123069785947421 -0.00070497485903844555 0.0006275046647107402 -0.0020176922487337053 -0.00034060874852349644
leaf_weight=3289205.6652371883 14667333.865287542 4473717.3932602406 388854.75205826759 11480202.00280261 808129.32586455345 7626823.0522482395 487057.94091796875 1106647.1655468941 3289754.6412715912 1448315.0550727844 1190929.5204391479 438607.85310220718 850134.85005187988 3168869.7279453278
leaf_count=33557 95116 37180 3713 83037 16154 46448 1513 11172 14063 6021 7229 4856 2842 16371
internal_value=-8.04583e-05 -0.0023669 -0.00479978 0.000319832 0.00200907 -0.000285806 0.00241122 -0.00376689 -0.00147846 -0.0043576 0.00255709 -0.00895285 -0.0134253 -0.00718321
internal_weight=5.47146e+07 8.15178e+06 4.86257e+06 4.65628e+07 1.22883e+07 3.42745e+07 1.05093e+07 2.88245e+06 2.37652e+07 9.09787e+06 2.63924e+06 1.7758e+06 1.33719e+06 6.45862e+06
internal_count=379272 74450 40893 304822 99191 205631 66831 20383 138800 43684 13250 9211 4355 30434
cat_boundaries=0 1
cat_threshold=302121088
is_linear=0
shrinkage=0.035


Tree=149
num_leaves=15
num_cat=2
split_feature=12 14 0 8 20 14 1 36 46 1 0 31 36 21
split_gain=39639.5 59104.7 49495.4 42817.7 38056.6 36943.4 76443.1 102599 49048.5 79365.7 54548.2 51004.5 58612 48288.7
threshold=0.99598734948493073 1.1694833628063137 0 0.96199393407506939 1.0000000180025095e-35 1.0038121718465678 16.500000000000004 26.250000000000004 4.2000000000000028 10.500000000000002 1 1.0000000180025095e-35 12.050000000000002 1.0000000180025095e-35
decision_type=2 2 1 2 2 2 2 2 2 2 1 2 2 2
left_child=1 4 -3 -2 -1 6 7 8 9 11 -10 12 -5 -8
right_child=3 2 -4 5 -6 -7 13 -9 10 -11 -12 -13 -14 -15
leaf_value=-7.5640228056665174e-05 0.0015880928158072416 -0.0019610889868418874 -0.00051749464227619074 0.00065213883192534081 -0.0016739038239552643 -7.6017791746175743e-05 0.00084958576130219612 -0.0012757650742216925 0.00081258253015641688 -0.00060673896410353345 -3.8404450277511546e-05 0.0048961449226731339 -0.00010346051203242834 -4.8209964173961908e-05
leaf_weight=16552361.106757641 881526.89252471924 351129.59970736504 572888.76368808746 1656782.8128554821 459507.38111162186 17820230.66184473 3862204.3223097324 1136448.7794952393 2022199.1578807831 2968468.3469729424 1679420.6628091335 123263.74301290512 3168728.1018841267 1459422.4782519341
leaf_count=126874 10272 2943 5464 13623 5232 103509 27382 7301 9984 16599 11398 1110 25620 11961
internal_value=-6.55744e-05 -0.00141459 -0.0100355 0.000592301 -0.000946333 0.000405159 0.00151997 4.98522e-05 0.00103158 -0.000523345 0.00435733 0.00219069 0.00162276 0.00504366
internal_weight=5.47146e+07 1.79359e+07 924018 3.67787e+07 1.70119e+07 3.58972e+07 1.80769e+07 1.27553e+07 1.16189e+07 7.91724e+06 3.70162e+06 4.94877e+06 4.82551e+06 5.32163e+06
internal_count=379272 140513 8407 238759 132106 228487 124978 85635 78334 56952 21382 40353 39243 39343
cat_boundaries=0 2 3
cat_threshold=0 262144 33687554
is_linear=0
shrinkage=0.035


Tree=150
num_leaves=15
num_cat=2
split_feature=12 14 1 27 0 28 1 21 6 1 1 17 0 12
split_gain=38000.7 41090 45055.8 44341.2 48450.1 41268.9 93831.7 133231 122906 89369.7 78138.4 87021.4 70316.9 75915.3
threshold=1.0836789748669984 1.1807223977627761 19.500000000000004 33.500000000000007 0 59.500000000000007 17.500000000000004 1.0000000180025095e-35 7.4106722066485853 20.500000000000004 11.500000000000002 1.0000000180025095e-35 1 0.95401684184645652
decision_type=2 2 2 2 1 2 2 2 2 2 2 2 1 2
left_child=1 5 3 -3 -5 6 10 -8 -9 12 -1 -12 13 -7
right_child=-2 2 -4 4 -6 9 7 8 -10 -11 11 -13 -14 -15
leaf_value=3.9911613237814029e-05 0.00078965779399626905 0.00012062487015680443 -0.0018756219337562215 3.8094087804839779e-05 -0.0012634807976202947 -0.001175910970685903 0.00064239926041382656 0.00036548586595882773 -0.0013574487154756091 -0.0016584485297791022 -0.00014632240599273737 -0.00075822730644381747 0.00053076081941887284 0.0002014061905837286
leaf_weight=13157098.423529625 2204706.1819200516 1911473.3094363213 436419.92962145805 691728.65532636642 982561.68842077255 856425.66777133942 6306491.7265462875 1529043.9618980885 974629.70677185059 702196.60905385017 9352232.1594333649 4955518.2694072723 6558084.8785152435 4095971.6434545517
leaf_count=96640 24436 11164 5110 4023 5089 4654 48665 19688 2636 13728 45301 23049 51869 23220
internal_value=-6.46982e-05 -0.000253701 -0.00365308 -0.00236073 -0.00651934 2.82874e-05 -0.000564181 0.00257875 -0.00425223 0.00178808 -0.00157237 -0.00336259 0.00252759 -0.000620396
internal_weight=5.47146e+07 5.25099e+07 4.02218e+06 3.58576e+06 1.67429e+06 4.84877e+07 3.6275e+07 8.81017e+06 2.50367e+06 1.22127e+07 2.74648e+07 1.43078e+07 1.15105e+07 4.9524e+06
internal_count=379272 354836 25386 20276 9112 329450 235979 70989 22324 93471 164990 68350 79743 27874
cat_boundaries=0 1 3
cat_threshold=100669440 6144 262144
is_linear=0
shrinkage=0.035


Tree=151
num_leaves=15
num_cat=3
split_feature=12 14 0 8 18 6 27 0 0 36 27 13 10 2
split_gain=38083.7 52772.9 46233.3 42400.7 37349.6 36885.9 44963.6 47700 39616.2 43876.8 34393.3 33342.2 53528.7 57451.3
threshold=0.99598734948493073 1.1694833628063137 0 0.87334463782472904 1.0000000180025095e-35 7.4531918138198821 59.500000000000007 1 2 11.450000000000001 13.500000000000002 0.98748587608617699 0.9804322064227694 3.5000000000000004
decision_type=2 2 1 2 2 2 2 1 1 2 2 2 2 2
left_child=1 4 -3 -2 5 6 -1 -8 10 -10 -7 12 -5 -14
right_child=3 2 -4 11 -6 8 7 -9 9 -11 -12 -13 13 -15
leaf_value=0.00033017122104336697 0.0052864165635751626 -0.0018907507051055756 -0.00045604067823422714 0.00074958703899871205 -0.001386363642191221 -0.00041626822887540237 0.00041320942255715083 -0.0016119333277505228 -0.00026805067394436482 -0.0015155060127286476 0.00013931123673443483 9.8643055232761938e-05 -0.00010455685921405745 -0.0010150452283927216
leaf_weight=6958130.6607592106 126893.93120837212 366379.53886437416 557638.82453107834 1190753.9111709595 520759.9977118969 1972279.5969696045 729182.35296821594 1006091.1209611893 1732168.2624359131 884609.83140563965 3208646.6646575928 31116485.426503658 3016437.4185605049 1328125.2723982334
leaf_count=73184 1468 3481 4926 13988 5610 5455 9583 18929 6028 3490 9827 195259 21363 6681
internal_value=-4.91645e-05 -0.00137144 -0.00951746 0.000595672 -0.000928977 -0.000637547 0.000930149 -0.00411025 -0.00238532 -0.00589558 -0.00061234 0.000525744 -0.00197714 -0.00377903
internal_weight=5.47146e+07 1.79359e+07 924018 3.67787e+07 1.70119e+07 1.64911e+07 8.6934e+06 1.73527e+06 7.7977e+06 2.61678e+06 5.18093e+06 3.66518e+07 5.53532e+06 4.34456e+06
internal_count=379272 140513 8407 238759 132106 126496 101696 28512 24800 9518 15282 237291 42032 28044
cat_boundaries=0 2 3 4
cat_threshold=268435456 262144 137216 135296
is_linear=0
shrinkage=0.035


Tree=152
num_leaves=15
num_cat=2
split_feature=35 36 31 6 27 0 5 12 9 6 14 0 14 2
split_gain=38001.6 39192.5 39008.3 64120.6 48300.5 98099.5 93871.9 59038.4 51826.2 59883.2 49750.2 46390 52320 45742.3
threshold=1.5000000000000002 12.450000000000001 1.0000000180025095e-35 6.7521798621251587 55.500000000000007 0 20.500000000000004 0.9800790440689412 1.0014687749901559 7.5026273891041511 0.94592306406186222 1 1.1228774058946247 5.5000000000000009
decision_type=2 2 2 2 2 1 2 2 2 2 2 1 2 2
left_child=1 -1 4 -4 8 13 7 -7 9 11 -10 -2 -13 -6
right_child=2 -3 3 -5 5 6 -8 -9 10 -11 -12 12 -14 -15
leaf_value=-0.0025680360999668036 0.00074292226394897089 -0.00052755984922838405 0.012644859576259158 0.00039871734962348195 -5.0955073910446559e-05 -0.0051933398257673095 -0.0012224116292163592 0.00047607939878729623 0.0010530954075268376 -0.00013582604442389352 0.00021483655242558047 0.00021928390193054405 -0.00053829810053513121 0.001151595241601588
leaf_weight=80869.410099506378 4921250.6189436913 202887.67655444145 140102.22781085968 421944.82991027832 9519314.8299000263 147301.22678208351 3790471.4404687881 1548350.534154892 1351017.6535305977 15630280.356582642 5853727.8092632294 7943447.6541998386 2197148.5263569355 966468.01654863358
leaf_count=598 49807 1978 2964 2356 53186 2632 46206 19877 9731 39010 47972 78663 14660 9632
internal_value=-3.01995e-05 -0.0128051 3.64007e-05 0.00920921 -5.93067e-05 -0.00167366 -0.00546585 0.00137926 0.000621074 -6.0263e-06 0.00329251 0.00156887 0.00021571 0.000310406
internal_weight=5.47146e+07 283757 5.44308e+07 562047 5.38688e+07 1.59719e+07 5.48612e+06 1.69565e+06 3.78969e+07 3.06921e+07 7.20475e+06 1.50618e+07 1.01406e+07 1.04858e+07
internal_count=379272 2576 376696 5320 371376 131533 68715 22509 239843 182140 57703 143130 93323 62818
cat_boundaries=0 1 2
cat_threshold=137218 33556608
is_linear=0
shrinkage=0.035


Tree=153
num_leaves=15
num_cat=4
split_feature=12 0 14 42 14 28 1 1 28 1 27 0 0 0
split_gain=38120.9 50516 41777.2 37956.7 49718.3 103369 66657.5 84000.9 62214.4 104322 65227.5 58760.8 53416.4 52209
threshold=0.97673979454843807 0 1.1694833628063137 0.099999999999998909 0.94592306406186222 25.500000000000004 16.500000000000004 7.5000000000000009 59.500000000000007 18.500000000000004 59.500000000000007 1 2 3
decision_type=2 1 2 2 2 2 2 2 2 2 2 1 1 1
left_child=1 -1 -3 -2 5 13 7 -7 -6 -10 12 -9 -11 -5
right_child=3 2 -4 4 8 6 -8 11 9 10 -12 -13 -14 -15
leaf_value=0.00011364568021278196 0.00017645072122710658 -0.00046175817048743905 -0.0015412079203981888 -0.0011175123621007946 -0.00026817173869329657 0.0011348290573714431 0.00055367640772069631 -0.00028221707593915267 0.00052289986230701015 -0.0020495641268496539 0.00084574789771344643 -0.0015530112193954161 -8.5218886541954468e-05 0.00082866629678399976
leaf_weight=3289205.6652371883 18891347.218924761 4473717.3932602406 388854.75205826759 232911.89501523972 14701550.325694084 361737.51124858856 1018353.8720936775 1290269.9158248901 4555190.608082056 530883.81196784973 302254.68026828766 958225.17593193054 265005.30210018158 3455074.6833992004
leaf_count=33557 120286 37180 3713 2574 83043 5084 7982 6321 33459 3517 3379 7424 5544 26209
internal_value=-2.78796e-05 -0.00223584 -0.00450187 0.000358669 -0.000467004 0.00200751 -0.00218656 -0.00514956 -0.00135647 0.00176391 -0.00791942 -0.00766795 -0.0131761 0.00613402
internal_weight=5.47146e+07 8.15178e+06 4.86257e+06 4.65628e+07 2.76715e+07 7.31657e+06 3.62859e+06 2.61023e+06 2.03549e+07 5.65333e+06 1.09814e+06 2.2485e+06 795889 3.68799e+06
internal_count=379272 74450 40893 304822 184536 55594 26811 18829 128942 45899 12440 13745 9061 28783
cat_boundaries=0 1 3 4 5
cat_threshold=302121088 133122 262144 137216 67108864
is_linear=0
shrinkage=0.035


Tree=154
num_leaves=15
num_cat=2
split_feature=20 39 3 12 14 0 28 6 11 46 27 36 0 3
split_gain=36305.3 74811 66431.4 40614.7 38179 134588 80483.9 76499.3 58389.1 65202.5 62261.1 59642.4 57290.4 61114.5
threshold=1.0000000180025095e-35 10.65 1.5000000000000002 1.3647524245143778 0.94592306406186222 0 25.500000000000004 7.0230650200636768 0.97230271666327395 4.2000000000000028 29.500000000000004 4.0500000000000007 1 1.5000000000000002
decision_type=2 2 2 2 2 1 2 2 2 2 2 2 1 2
left_child=3 2 -2 4 5 6 12 -8 -6 -10 11 -11 13 -1
right_child=1 -3 -4 -5 8 -7 7 -9 9 10 -12 -13 -14 -15
leaf_value=0.0012365552439839095 -0.00060504036416234031 -0.0023465803057621032 0.003038110940410827 0.0037568537324292051 -0.00047115059997489928 -0.00057281379017417146 0.0027651199516603264 -0.00015420210778013392 -6.5726433742169203e-05 0.00080327251003367291 0.00070876930434589174 -0.00037677409062842997 0.00067046557437994841 -0.0012198189151701078
leaf_weight=1065815.2812213898 321295.84444212914 601327.8621430397 220986.33058166504 331156.38285970688 6299028.7104184628 3048459.5588135719 515893.02639126778 3092653.6355133057 29578350.949282646 892842.77956771851 3597021.7716178894 2205502.6843605042 2804062.6009280682 140185.39296507835
leaf_count=4289 2122 6243 2713 3638 47109 38504 10084 13402 192729 2306 22081 12233 20935 884
internal_value=-2.92331e-05 -0.0061998 0.00322678 0.000102495 2.64884e-05 0.00189892 0.00438577 0.000593547 -0.000442669 9.74744e-05 0.00321639 -0.000420213 0.00779829 0.0141773
internal_weight=5.47146e+07 1.14361e+06 542282 5.3571e+07 5.32398e+07 1.06671e+07 7.61861e+06 3.60855e+06 4.25727e+07 3.62737e+07 6.69537e+06 3.09835e+06 4.01006e+06 1.206e+06
internal_count=379272 11078 4835 368194 364556 88098 49594 23486 276458 229349 36620 14539 26108 5173
cat_boundaries=0 2 3
cat_threshold=137218 262144 131072
is_linear=0
shrinkage=0.035


Tree=155
num_leaves=15
num_cat=1
split_feature=35 36 31 6 27 0 9 6 9 19 1 28 1 28
split_gain=36288.9 39702.6 37874.9 63111.6 44819.2 87605.1 46957.5 52099.3 46212.3 44603.7 43114.9 59226.6 58630.9 49349.5
threshold=1.5000000000000002 12.450000000000001 1.0000000180025095e-35 6.7521798621251587 55.500000000000007 0 1.0042303076394137 7.5026273891041511 0.92157889995034104 1.0000000180025095e-35 7.5000000000000009 31.500000000000004 18.500000000000004 21.500000000000004
decision_type=2 2 2 2 2 1 2 2 2 2 2 2 2 2
left_child=1 -1 4 -4 6 -6 7 9 -7 10 -2 13 -13 -12
right_child=2 -3 3 -5 5 8 -8 -9 -10 -11 11 12 -14 -15
leaf_value=-0.0024776960468984527 -0.00032041151215524719 -0.00048704121343514474 0.012105082104520137 0.00039917963656612169 -1.9883078667751525e-05 -0.0056111970780008628 0.0003924830404229405 -0.00011914529287110887 -0.00080049037342461355 -0.0001893260704067078 0.00040185416078369982 0.0012900666739563914 -6.9400195465088606e-05 -0.00095785205065348762
leaf_weight=80869.410099506378 1500006.3310182095 202887.67655444145 140102.22781085968 421944.82991027832 12182645.03566885 151464.19397878647 6587108.7682642937 16029368.499343872 3637796.8182067871 4620600.600664854 3356347.9688112736 3587473.6507527828 1205046.6256613731 1010920.1743602753
leaf_count=598 23038 1978 2964 2356 78033 2264 54868 40070 51236 49750 27315 25224 13995 5583
internal_value=-2.38963e-05 -0.0125076 4.11859e-05 0.00907975 -5.31209e-05 -0.00160821 0.000602281 3.71797e-05 -0.006256 0.00149947 0.00274445 0.00364521 0.00633183 0.000696985
internal_weight=5.47146e+07 283757 5.44308e+07 562047 5.38688e+07 1.59719e+07 3.78969e+07 3.13098e+07 3.78926e+06 1.52804e+07 1.06598e+07 9.15979e+06 4.79252e+06 4.36727e+06
internal_count=379272 2576 376696 5320 371376 131533 239843 184975 53500 144905 95155 72117 39219 32898
cat_boundaries=0 1
cat_threshold=137346
is_linear=0
shrinkage=0.035


Tree=156
num_leaves=15
num_cat=1
split_feature=12 0 11 14 2 39 36 14 46 21 13 3 1 1
split_gain=36225.4 54555.6 39585.9 34721.4 33414.4 36538.2 36762.4 33400.9 43602.3 31718.1 96432.3 73728.2 84067.8 77071
threshold=0.98100176941237194 0 1.1089369153782722 1.1228774058946247 1.0000000180025095e-35 8.2500000000000018 25.550000000000004 1.0239625556666898 -1.0000000180025095e-35 1.0000000180025095e-35 1.0050723057938049 1.0000000180025095e-35 17.500000000000004 18.500000000000004
decision_type=2 1 2 2 2 2 2 2 2 2 2 2 2 2
left_child=1 7 4 -3 5 6 -2 -1 -9 -6 11 12 -11 -14
right_child=2 3 -4 -5 9 -7 -8 8 -10 10 -12 -13 13 -15
leaf_value=-0.00014801117303802323 -0.00037441862324042732 -0.00047317593112832754 0.0021200632160194056 -0.0014165838092566317 0.00014604069796162806 1.8361427070778999e-05 -0.0018414815244993566 -0.00025553740528909538 0.00092766676412889249 -0.00028424518095075235 0.00049260456209208078 0.00013696313671576098 -0.0021940742295261783 -0.00060295557867027973
leaf_weight=3307617.7578613758 2952826.5277056694 4496927.6239614487 734744.66361260414 441987.24771142006 24897417.253692627 4428394.8823382854 189670.38101267815 478050.57908892632 935910.7213344574 3184656.6524224281 4190860.9637601376 3045764.6952953339 646414.79725646973 783338.06405258179
leaf_count=35272 15541 35190 11047 3988 157856 26701 1322 4864 6176 15591 31703 27151 1926 4944
internal_value=-2.80018e-05 -0.00197287 0.000389017 -0.00454453 0.000255436 -0.00186187 -0.00474825 0.000717182 0.00521955 0.000691642 -0.000798751 -0.003134 -0.00592368 -0.0129742
internal_weight=5.47146e+07 9.66049e+06 4.50541e+07 4.93891e+06 4.43193e+07 7.57089e+06 3.1425e+06 4.72158e+06 1.41396e+06 3.67485e+07 1.1851e+07 7.66017e+06 4.61441e+06 1.42975e+06
internal_count=379272 85490 293782 39178 282735 43564 16863 46312 11040 239171 81315 49612 22461 6870
cat_boundaries=0 1
cat_threshold=302121090
is_linear=0
shrinkage=0.035


Tree=157
num_leaves=15
num_cat=1
split_feature=35 36 31 6 40 0 36 12 40 36 18 6 28 40
split_gain=35725.1 39885.1 36888.3 61201.4 42015.1 42378.3 48969.6 50569.2 45913.6 52863.2 49591.5 47850.4 43663.7 41194
threshold=1.5000000000000002 12.450000000000001 1.0000000180025095e-35 6.7521798621251587 5.150000000000003 0 8.8500000000000032 0.89036754726224421 0.099999999999999853 28.250000000000004 1.0000000180025095e-35 7.2558154400649135 32.500000000000007 0.30000000000000043
decision_type=2 2 2 2 2 1 2 2 2 2 2 2 2 2
left_child=1 -1 4 -4 5 6 12 -8 9 11 -10 -7 13 -2
right_child=2 -3 3 -5 -6 8 7 -9 10 -11 -12 -13 -14 -15
leaf_value=-0.0023951256282402265 -0.00065055416029135811 -0.000465119188880912 0.011728407432125811 0.0003865913721517057 -0.0016913213367562132 0.0005178080220350664 -0.0047255580560436406 -0.00063099760609148852 -0.00010298360800312698 -0.0011284597360216449 -0.0020894298539322117 3.6208196507287381e-05 0.00091032136383457343 0.0013946541654197009
leaf_weight=80869.410099506378 1474456.4818394184 202887.67655444145 140102.22781085968 421944.82991027832 425014.51960635185 10448775.500062943 150170.49395608902 4330537.9352586269 12070562.383495808 680561.47525835037 393706.01416563988 22122062.870361328 1505863.3672394753 267067.62548732758
leaf_count=598 10501 1978 2964 2356 3030 141900 2054 47408 73556 4088 4110 68869 13301 2559
internal_value=-2.97876e-05 -0.0124162 3.4787e-05 0.00895486 -5.82834e-05 2.88852e-05 -0.00236822 -0.00474007 0.000434109 0.00111321 -0.00137755 0.00131494 0.00090444 -0.00286944
internal_weight=5.47146e+07 283757 5.44308e+07 562047 5.38688e+07 5.34438e+07 7.7281e+06 4.48071e+06 4.57157e+07 3.32514e+07 1.24643e+07 3.25708e+07 3.24739e+06 1.74152e+06
internal_count=379272 2576 376696 5320 371376 368346 75823 49462 292523 214857 77666 210769 26361 13060
cat_boundaries=0 2
cat_threshold=268435456 262144
is_linear=0
shrinkage=0.035


Tree=158
num_leaves=15
num_cat=1
split_feature=35 36 12 31 41 46 2 36 46 36 28 23 27 0
split_gain=34608.2 40339.8 36378.6 36083.2 42044.7 40627.3 39545.4 38840.9 39517 52925.5 67511.9 49071.8 39324.4 33765.5
threshold=1.5000000000000002 12.450000000000001 1.5503488783755612 1.0000000180025095e-35 16.700000000000006 -0.69999999999999973 4.5000000000000009 30.250000000000004 6.1500000000000021 23.750000000000004 59.500000000000007 1.0000000180025095e-35 29.500000000000004 0
decision_type=2 2 2 2 2 2 2 2 2 2 2 2 2 1
left_child=1 -1 3 4 7 -5 -7 8 13 11 -11 12 -10 -2
right_child=2 -3 -4 5 -6 6 -8 -9 9 10 -12 -13 -14 -15
leaf_value=-0.0023112962312518202 -0.00037031855932535395 -0.00044884001727007956 0.0042473807864075348 0.0076422524743065797 -0.0017346440487757667 -0.00024550664099293515 0.010384096317065786 -0.0015514273494265712 -0.00028781920787526911 -0.00066344667592028918 0.0061074517250091611 0.0011982152648660242 0.00071567588377379973 9.6326971704410795e-06
leaf_weight=80869.410099506378 6927019.4190843105 202887.67655444145 237030.06706428528 126689.73151016235 224930.26768875122 359453.30162286758 75904.024588108063 402077.96476268768 1212377.6875114441 1214030.0920143127 125496.6023311615 1394803.2114753723 1535766.2039012909 40595247.150897741
leaf_count=598 68355 1978 2643 2174 1895 2075 1071 2685 6444 7939 1013 6940 10440 263022
internal_value=-3.72843e-05 -0.0122285 2.62729e-05 -3.3569e-05 -0.000126023 0.00878843 0.00371198 -6.24241e-05 1.97845e-05 0.00283339 -0.00321431 0.00478877 0.00207503 -0.000304811
internal_weight=5.47146e+07 283757 5.44308e+07 5.41938e+07 5.36317e+07 562047 435357 5.34068e+07 5.30047e+07 5.48247e+06 1.33953e+06 4.14295e+06 2.74814e+06 4.75223e+07
internal_count=379272 2576 376696 374053 368733 5320 3146 366838 364153 32776 8952 23824 16884 331377
cat_boundaries=0 2
cat_threshold=268435456 262144
is_linear=0
shrinkage=0.035


Tree=159
num_leaves=15
num_cat=1
split_feature=12 14 8 46 20 14 1 36 1 6 27 0 2 46
split_gain=34566.9 42229.7 38914.9 38279.9 33545.7 32226.3 74423.9 91584.5 47444.2 49387.1 48049.7 56039.7 46531.4 46277.8
threshold=0.99598734948493073 1.1228774058946247 0.88425327544685284 -0.84999999999999953 1.0000000180025095e-35 1.0038121718465678 16.500000000000004 26.250000000000004 20.500000000000004 7.955205314333587 59.500000000000007 0 5.5000000000000009 4.2000000000000028
decision_type=2 2 2 2 2 2 2 2 2 2 2 1 2 2
left_child=1 4 -2 -3 -1 6 7 13 9 10 11 -7 -12 -4
right_child=2 3 5 -5 -6 8 -8 -9 -10 -11 12 -13 -14 -15
leaf_value=-7.243252132354114e-05 0.0044974841310333399 -0.0022677114660804602 -4.7681508652451159e-05 -0.00026667542264769876 -0.0015765101481475046 0.00072535511547957004 0.00061304314709808975 -0.0011694941905390993 -0.0012893014766431313 -0.00023113389360629235 -0.0006108440047013755 -1.5984768436731694e-05 0.0023179863055814431 0.00046623842159923394
leaf_weight=16527734.364913464 146838.14905190468 393329.41084003448 8065433.5622270107 555921.27002215385 458901.80548906326 4304878.4946918488 5457590.6218688488 1164785.0792629719 963699.62304115295 4756758.2792663574 2376851.6052093506 5568864.5316696167 173182.90095257759 3799813.1126000881
leaf_count=126817 1727 5038 58794 3429 5229 28724 41131 7550 16112 8542 17910 33881 2245 22143
internal_value=-2.86465e-05 -0.00128839 0.000585695 -0.00847256 -0.000886921 0.000513612 0.00154204 0.000104854 -0.000534277 -0.000110395 0.00105075 0.00215691 -0.00323231 0.00102423
internal_weight=5.47146e+07 1.79359e+07 3.67787e+07 949251 1.69866e+07 3.66319e+07 1.84876e+07 1.303e+07 1.81442e+07 1.71805e+07 1.24238e+07 9.87374e+06 2.55003e+06 1.18652e+07
internal_count=379272 140513 238759 8467 132046 237032 129618 88487 107414 91302 82760 62605 20155 80937
cat_boundaries=0 1
cat_threshold=100665472
is_linear=0
shrinkage=0.035


Tree=160
num_leaves=15
num_cat=2
split_feature=12 9 0 31 6 46 41 35 0 36 46 23 36 14
split_gain=33707.3 44860.5 41469.1 35689.7 80498.5 47146.8 39495.1 34900.2 41242.4 36176.6 41595.8 54526 45203.9 44975.9
threshold=0.95147315182213388 0.71282979736162122 0 1.0000000180025095e-35 6.995425550159835 2.8000000000000003 16.700000000000006 22.500000000000004 1 30.250000000000004 4.2000000000000028 1.0000000180025095e-35 24.050000000000004 0.94592306406186222
decision_type=2 2 1 2 2 2 2 2 1 2 2 2 2 2
left_child=2 -2 -1 6 -5 -6 7 8 -3 10 13 -12 -13 -9
right_child=1 3 -4 4 5 -7 -8 9 -10 -11 11 12 -14 -15
leaf_value=-0.001791644691647553 0.0032331717715811071 -0.00011474704007065878 -0.00020165020988381757 0.011743041252448553 0.002305571200202717 -0.0018181200591693837 -0.0016948756406050967 0.00027711755385805459 -0.0017272675572002317 -0.0014829785370998169 5.4953282381542602e-05 0.00089314026177005946 -0.00046242527714910356 -8.3993990171061375e-05
leaf_weight=490567.05534625053 186504.92479896545 558006.07322359085 3035089.3834762573 135387.86672401428 255760.64202880859 179122.80933380127 213990.29706859589 6933622.1318292618 328467.47941303253 379765.15804386139 6738782.8902227879 3027991.2016181946 527241.60101318359 31724283.296965837
leaf_count=5287 1125 5289 30432 2723 1275 1096 1742 59660 2985 2460 41512 15141 2846 205699
internal_value=-4.23565e-05 0.000185631 -0.00335249 0.000122974 0.00882966 0.00149232 2.45192e-05 8.84578e-05 -0.00679457 0.000212145 0.000295627 0.00227275 0.00577973 -0.000230852
internal_weight=5.47146e+07 5.11889e+07 3.52566e+06 5.10024e+07 570271 434883 5.04322e+07 5.02182e+07 886474 4.93317e+07 4.89519e+07 1.0294e+07 3.55523e+06 3.86579e+07
internal_count=379272 343553 35719 342428 5094 2371 337334 335592 8274 327318 324858 59499 17987 265359
cat_boundaries=0 2 3
cat_threshold=0 262144 128
is_linear=0
shrinkage=0.035


Tree=161
num_leaves=15
num_cat=1
split_feature=14 28 1 1 1 17 14 0 11 12 24 2 41 39
split_gain=33208.4 50045.9 103094 86003.8 79900.8 85667.8 76577.4 70983.3 63251.6 57377.8 57144.8 62935 61390.6 46897
threshold=1.1807223977627761 59.500000000000007 17.500000000000004 20.500000000000004 11.500000000000002 1.0000000180025095e-35 0.94592306406186222 0 1.0875905739313392 0.95401684184645652 1.0000000180025095e-35 3.5000000000000004 1.0000000000000007 15.15
decision_type=2 2 2 2 2 2 2 1 2 2 2 2 2 2
left_child=1 2 4 7 -1 10 -4 9 -9 -3 11 12 -6 -13
right_child=-2 3 6 -5 5 -7 -8 8 -10 -11 -12 13 -14 -15
leaf_value=4.7776310511017185e-05 -0.00035770077167809438 -0.0010257128057531146 0.0011431636416858577 -0.0014999322818970593 -0.0003070048048854449 -0.00073879974691741469 8.707264961207783e-05 0.00044682064319409473 0.0034088362519233465 0.00019287326376115591 0.0011187103405941952 0.00028594344279568145 -0.0013000364716412953 -0.00095852852150716335
leaf_weight=13401574.788518429 4416678.8577980995 856425.66777133942 2590101.6632390022 753850.98036408424 3407381.1784915924 5122118.5313072205 6363025.5410690308 6705540.1033980846 447712.19794559479 4306132.8800499439 453280.97543334961 4090393.3022918701 795719.97143173218 1004646.1719970703
leaf_count=99922 29073 4654 26730 15413 14095 24450 46222 54268 4651 25253 1836 22050 4307 6348
internal_value=-3.65793e-05 0.000218934 -0.00043521 0.00208223 -0.00147163 -0.00323771 0.00283792 0.00278467 0.00504199 -0.000343102 -0.00131258 -0.00190415 -0.00507448 0.00071118
internal_weight=5.47146e+07 5.02979e+07 3.72282e+07 1.30697e+07 2.82751e+07 1.48735e+07 8.95313e+06 1.23158e+07 7.15325e+06 5.16256e+06 9.75142e+06 9.29814e+06 4.2031e+06 5.09504e+06
internal_count=379272 350199 245960 104239 173008 73086 72952 88826 58919 29907 48636 46800 18402 28398
cat_boundaries=0 2
cat_threshold=6144 262144
is_linear=0
shrinkage=0.035


Tree=162
num_leaves=15
num_cat=2
split_feature=40 1 14 28 1 1 0 14 9 11 36 14 0 36
split_gain=33033.6 58669.4 35693.8 48626.6 96127.6 80600.7 67721.5 56386.3 54999.8 54635 52111.2 48961.2 62378.1 51614.8
threshold=1.5000000000000016 9.5000000000000018 1.1807223977627761 59.500000000000007 18.500000000000004 20.500000000000004 0 0.94592306406186222 0.98158533835630213 1.0875905739313392 26.250000000000004 0.94592306406186222 1 9.9500000000000011
decision_type=2 2 2 2 2 2 1 2 2 2 2 2 1 2
left_child=2 -2 3 4 8 6 -5 -6 -1 -8 11 12 -10 -13
right_child=1 -3 -4 5 7 -7 9 -9 10 -11 -12 13 -14 -15
leaf_value=-0.00054874312005488734 0.00066045505049793884 -0.00091097966246317765 -0.0003579652101342799 -1.1514026054717051e-05 0.0015240019369272765 -0.0014152888705146411 0.00047002144152630959 0.00020530722376745479 -0.0010623644160998916 0.0033200009927464441 -0.0007606027055835692 7.933265597080543e-05 0.000408231720042955 -0.00030739881197456301
leaf_weight=4539541.3536479473 603672.99610447884 1995568.5941689014 4317131.9621810913 4894941.3211119175 1600527.1794674397 740587.95583724976 6350297.8469500542 3898878.7554087639 559730.85803103447 427443.22219347954 1795330.2436978817 10058625.280958176 5267122.2147660255 7665183.0265820026
leaf_count=35682 5116 14613 28417 28619 20718 15101 51932 35528 7785 4456 11004 35388 34640 50273
internal_value=-1.75808e-05 -0.0038684 0.000174479 0.000449758 -0.000211442 0.00233456 0.00304495 0.00404116 -0.000993989 0.00531051 -0.000358556 7.96221e-05 0.00286288 -0.000835399
internal_weight=5.47146e+07 2.59924e+06 5.21153e+07 4.77982e+07 3.53849e+07 1.24133e+07 1.16727e+07 5.49941e+06 2.98855e+07 6.77774e+06 2.5346e+07 2.35507e+07 5.82685e+06 1.77238e+07
internal_count=379272 19729 359543 331126 231018 100108 85007 56246 174772 56388 139090 128086 42425 85661
cat_boundaries=0 2 3
cat_threshold=6144 262144 100663296
is_linear=0
shrinkage=0.035


Tree=163
num_leaves=15
num_cat=1
split_feature=12 0 36 31 6 1 1 42 14 14 1 1 28 36
split_gain=34066.8 39179.5 53356.6 32591.6 75112.9 54335.5 42319.6 35428.6 43038 36177.7 34396.6 76837 34170.8 52343.6
threshold=0.97673979454843807 0 7.8500000000000005 1.0000000180025095e-35 6.995425550159835 8.5000000000000018 15.500000000000002 0.099999999999998909 1.1807223977627761 1.204935972430303 8.5000000000000018 12.500000000000002 56.500000000000007 23.550000000000004
decision_type=2 1 2 2 2 2 2 2 2 2 2 2 2 2
left_child=1 2 -1 7 -5 -6 -7 8 12 10 -10 -12 -2 -14
right_child=3 -3 -4 4 5 6 -8 -9 9 -11 11 -13 13 -15
leaf_value=0.0001698698687969886 0.00010871258341594167 -8.0651381951815117e-05 -0.0014248308318143119 0.011445610821125924 0.0046705502863118595 -0.0021153233319407281 0.0022685141776160617 -6.4544305083210143e-05 0.00050250554712479717 0.00015496302464398364 -0.002944525060515602 -0.00044570531122204484 0.00049213075515224154 0.0066549547516518894
leaf_weight=681643.72308206558 12117356.89220953 6228785.5341253281 1241348.5533483028 126385.73432207108 78663.227493286133 210550.81453704834 137235.37384796143 27239307.399037123 228242.38788485527 933326.23555803299 306178.49460983276 701152.74733161926 4305373.7355113029 179031.95820808411
leaf_count=5986 65981 55374 13090 2479 346 1299 695 180908 2058 6147 1800 4604 37022 1483
internal_value=-1.67639e-05 -0.00210402 -0.006471 0.000348653 0.00879609 0.00177251 -0.00416931 0.000247151 0.00141713 -0.00321959 -0.00714829 -0.00992801 0.00202288 0.00463306
internal_weight=5.47146e+07 8.15178e+06 1.92299e+06 4.65628e+07 552835 426449 347786 4.601e+07 1.87707e+07 2.1689e+06 1.23557e+06 1.00733e+06 1.66018e+07 4.48441e+06
internal_count=379272 74450 19076 304822 4819 2340 1994 300003 119095 14609 8462 6404 104486 38505
cat_boundaries=0 2
cat_threshold=67108864 262144
is_linear=0
shrinkage=0.035


Tree=164
num_leaves=15
num_cat=1
split_feature=12 27 46 2 35 14 1 6 6 28 28 0 46 28
split_gain=33164.7 43187.7 55393.5 62522.8 54045 44890 48236.5 57550.8 51032.4 49013.2 44219.5 91553.5 67421.4 43699.6
threshold=1.038248653223538 55.500000000000007 -0.099999999999998743 5.5000000000000009 1.5000000000000002 1.1228774058946247 7.5000000000000009 8.3059932609174698 6.4595005923695856 18.500000000000004 25.500000000000004 0 3.8500000000000001 1.5000000000000002
decision_type=2 2 2 2 2 2 2 2 2 2 2 1 2 2
left_child=1 4 -3 10 -1 6 7 9 -8 -6 11 12 -4 -10
right_child=-2 2 3 -5 5 -7 8 -9 13 -11 -12 -13 -14 -15
leaf_value=-0.0019568384324831229 0.00028508071276007492 0.00013149606464975426 0.00014505681869516674 0.00087537118699378017 0.00032455712716581017 -0.0001794468834412279 0.0014326385101650948 -0.0012751021679769674 -0.00088643191620127351 -0.00067660579166732636 -0.00077502850941949311 -0.00056229302789277767 0.0019084225518011129 0.00013550450460360751
leaf_weight=107735.20844388008 7355438.5005812645 4080446.3411164284 494290.97648620605 790502.48800849915 972266.11404299736 8051971.6509666443 2117008.8242919445 144413.57534790039 978960.99238586426 1556850.8054845333 4198456.2633726597 2253194.421880722 202135.47680664062 21410911.171890259
leaf_count=875 66685 52134 1255 7729 14228 34808 44259 263 5380 21481 22929 13832 619 92795
internal_value=-1.5711e-05 -0.000355303 -0.00216767 -0.00387118 0.000261075 0.000336765 0.00101674 -0.0034473 0.00150374 -0.00222018 -0.00490411 -0.00161981 0.00947137 0.00101263
internal_weight=5.47146e+07 4.73591e+07 1.2019e+07 7.93858e+06 3.53401e+07 3.52324e+07 2.71804e+07 2.67353e+06 2.45069e+07 2.52912e+06 7.14808e+06 2.94962e+06 696426 2.23899e+07
internal_count=379272 312587 98498 46364 214089 213214 178406 35972 142434 35709 38635 15706 1874 98175
cat_boundaries=0 1
cat_threshold=131072
is_linear=0
shrinkage=0.035


Tree=165
num_leaves=15
num_cat=1
split_feature=12 8 14 46 14 1 28 5 1 42 23 21 0 11
split_gain=33277 36776.4 34728.3 36757.9 32063 67120.5 58786.8 86356.6 56511.2 68933.3 44348.7 43217.9 42798.6 54224.1
threshold=0.99598734948493073 0.91651745689465181 1.1228774058946247 -0.84999999999999953 1.0038121718465678 16.500000000000004 55.500000000000007 44.500000000000007 10.500000000000002 3.350000000000001 1.0000000180025095e-35 1.0000000180025095e-35 0 0.96961846415359365
decision_type=2 2 2 2 2 2 2 2 2 2 2 2 1 2
left_child=2 -2 -1 -4 5 6 8 -8 10 -10 -3 -7 13 -6
right_child=1 4 3 -5 12 11 7 -9 9 -11 -12 -13 -14 -15
leaf_value=-0.00010233792101974252 0.0032670628529843657 0.00040594229340338732 -0.0021249694981541499 -0.00020734792702046902 -0.00085864514245124698 0.00078826160555591873 0.0014973693099370722 -0.00066930745990215581 -0.00013060629981050963 -0.0010722494276245284 -0.00020775424807389161 -3.8536178854331795e-05 -0.00021915235871371809 0.00025330215037662766
leaf_weight=16986636.170402527 264384.92522835732 3064625.5340771675 393329.41084003448 555921.27002215385 1136073.2644679546 3937337.1923859119 1068696.1849966049 480056.32893109322 5212263.120141983 1299907.1560955048 1863199.6424336433 1498015.7151894569 8932015.0446851254 8022121.8512089252
leaf_count=132046 3184 25326 5038 3429 8767 28354 11274 3650 28434 7610 11648 12473 48634 49405
internal_value=-1.00934e-05 0.000592677 -0.00124611 -0.00776104 0.000498499 0.0015262 0.000159628 0.00655911 -0.000706742 -0.00284661 0.00212111 0.00479187 -0.000548171 0.00113307
internal_weight=5.47146e+07 3.67787e+07 1.79359e+07 949251 3.65143e+07 1.84241e+07 1.29887e+07 1.54875e+06 1.144e+07 6.51217e+06 4.92783e+06 5.43535e+06 1.80902e+07 9.1582e+06
internal_count=379272 238759 140513 8467 235575 128769 87942 14924 73018 36044 36974 40827 106806 58172
cat_boundaries=0 1
cat_threshold=100669568
is_linear=0
shrinkage=0.035


Tree=166
num_leaves=15
num_cat=2
split_feature=12 0 31 6 1 1 41 8 14 0 28 1 1 36
split_gain=31305.7 37149 33158.7 72118.8 50567.3 38950.1 34576.3 30923.4 31263.9 41039.3 30860.4 95695.4 71476.8 132368
threshold=0.97673979454843807 0 1.0000000180025095e-35 6.995425550159835 8.5000000000000018 15.500000000000002 16.700000000000006 0.87334463782472904 0.87774408927532799 1 59.500000000000007 19.500000000000004 12.500000000000002 13.15
decision_type=2 1 2 2 2 2 2 2 2 1 2 2 2 2
left_child=1 -1 6 -4 -5 -6 7 -2 9 -9 -10 12 13 -12
right_child=2 -3 3 4 5 -7 -8 8 10 -11 11 -13 -14 -15
leaf_value=9.8248990739521698e-05 0.0042831202492936166 -0.0005021839383799135 0.011018590914931918 0.0045111298110058935 -0.0020282904986767504 0.0021645573763204159 -0.0014889955517339262 -0.00096960800276430891 -4.681191210918556e-05 0.0011811590888377653 0.00055149348167634357 -0.00097321163024549943 0.00070075716140892994 -0.00091692771312453501
leaf_weight=3289205.6652371883 133739.37063503265 4862572.1453185081 126385.73432207108 78663.227493286133 210550.81453704834 137235.37384796143 202214.42102503777 237588.39274048805 32523144.474123955 717872.28964138031 3099765.698969841 1457688.3441104889 5578068.2727315426 2059888.5863726139
leaf_count=33557 1573 40893 2479 346 1299 695 1582 2107 191324 5142 28537 21168 31979 16591
internal_value=-9.40883e-06 -0.00201029 0.000340887 0.00886151 0.00197933 -0.00375277 0.000238505 0.000302255 0.000253045 0.0065176 0.000119194 0.00162069 0.00276302 -0.000206092
internal_weight=5.47146e+07 8.15178e+06 4.65628e+07 552835 426449 347786 4.601e+07 4.58078e+07 4.5674e+07 955461 4.47186e+07 1.21954e+07 1.07377e+07 5.15965e+06
internal_count=379272 74450 304822 4819 2340 1994 300003 298421 296848 7249 289599 98275 77107 45128
cat_boundaries=0 1 3
cat_threshold=302121088 67108992 262144
is_linear=0
shrinkage=0.035


Tree=167
num_leaves=15
num_cat=2
split_feature=35 36 12 31 6 27 5 0 6 0 6 28 36 28
split_gain=31854.6 41751.6 32939.4 31315.7 55582.5 40565.6 86496.5 105456 48560.7 52043.2 64998.2 71413.1 45356.6 41668.1
threshold=1.5000000000000002 12.450000000000001 1.5503488783755612 1.0000000180025095e-35 6.7521798621251587 55.500000000000007 13.500000000000002 0 7.3382036257682204 1 7.8575314057779044 25.500000000000004 16.750000000000004 52.500000000000007
decision_type=2 2 2 2 2 2 2 1 2 1 2 2 2 2
left_child=1 -1 3 5 -5 -2 -7 8 12 10 -10 -12 -8 -13
right_child=2 -3 -4 4 -6 6 7 -9 9 -11 11 13 -14 -15
leaf_value=-0.0020604435576755584 5.4885376823430431e-05 -0.00032638314031933327 0.0039136989565180247 0.0099110495787197873 0.00033600326030320941 0.00038489539788517886 -0.00024340423193568232 -0.00090336711819505745 0.0012829252480524684 -0.00051354166181186373 0.000588630451203596 -0.00086575340515382729 0.0016236486147605961 -2.2618681926001269e-05
leaf_weight=80869.410099506378 37756924.868874073 202887.67655444145 237030.06706428528 140102.22781085968 421944.82991027832 3266778.4741868973 572029.24866533279 5499503.1142923832 694523.34867858887 2976583.9486236572 593616.19799804688 617378.61907958984 818498.26513886452 835912.51412963867
leaf_count=598 238289 1978 2643 2964 2356 27781 8383 65343 2784 11927 1496 1608 9010 2112
internal_value=-5.7882e-06 -0.011702 5.5188e-05 -1.75482e-06 0.00821679 -8.78846e-05 -0.00157238 -0.00288745 -7.19766e-05 -0.00149853 0.00198081 -0.00115843 0.00579415 -0.00533658
internal_weight=5.47146e+07 283757 5.44308e+07 5.41938e+07 562047 5.36317e+07 1.58748e+07 1.2608e+07 7.10854e+06 5.71801e+06 2.74143e+06 2.04691e+06 1.39053e+06 1.45329e+06
internal_count=379272 2576 376696 374053 5320 368733 130444 102663 37320 19927 8000 5216 17393 3720
cat_boundaries=0 1 2
cat_threshold=137216 131072
is_linear=0
shrinkage=0.035


Tree=168
num_leaves=15
num_cat=3
split_feature=35 36 12 14 0 42 18 14 0 28 27 0 28 46
split_gain=31736.5 41616.7 31513.4 33259.5 39437.9 35605 33663.9 38576.3 95741.9 88119.2 56321.3 43730.9 40477.8 47180.4
threshold=1.5000000000000002 12.450000000000001 1.1062262025742085 1.1807223977627761 0 0.099999999999998909 1.0000000180025095e-35 0.94592306406186222 1 25.500000000000004 13.500000000000002 2 34.500000000000007 1.6500000000000006
decision_type=2 2 2 2 1 2 2 2 1 2 2 1 2 2
left_child=1 -1 3 5 -5 -2 7 8 -7 10 -10 -11 -9 -14
right_child=2 -3 -4 4 -6 6 -8 12 9 11 -12 -13 13 -15
leaf_value=-0.0019883280331569144 0.00014917209437650451 -0.00031495973040815482 0.0011494346161080745 0.00099143455692572648 -0.00049183969340002185 -0.001225381323990183 -0.0012905565817159165 -0.00029857521103247289 1.7239175919131376e-05 0.0002735789354980741 0.0010250126696662273 -0.00059461577055988321 -0.00017891912570462047 0.00033298797107257882
leaf_weight=80869.410099506378 19001558.050316334 202887.67655444145 1308712.2830121517 445479.19704461098 3701422.8386778831 913381.23854660988 629787.9352273941 9992526.6570808887 1075451.6236619949 1818174.6223473549 2511430.2143185139 1533167.6972584724 6921160.1907451153 4578573.1762151718
leaf_count=598 125060 1978 15974 5761 20486 13517 8225 57978 9108 10426 16532 13358 55138 25133
internal_value=3.51145e-06 -0.011671 6.43746e-05 -6.78095e-05 -0.00307744 0.000187027 -0.000564353 -0.000392514 0.00170706 0.00310937 0.00692204 -0.000971271 -0.00115954 0.000256353
internal_weight=5.47146e+07 283757 5.44308e+07 5.31221e+07 4.1469e+06 4.89752e+07 2.99737e+07 2.93439e+07 7.85161e+06 6.93822e+06 3.58688e+06 3.35134e+06 2.14923e+07 1.14997e+07
internal_count=379272 2576 376696 360722 26247 334475 209415 201190 62941 49424 25640 23784 138249 80271
cat_boundaries=0 1 2 4
cat_threshold=100663296 100663296 133120 262144
is_linear=0
shrinkage=0.035


Tree=169
num_leaves=15
num_cat=2
split_feature=39 28 35 40 14 0 1 14 5 0 36 6 21 14
split_gain=31928.2 46916.2 35162.5 35008.8 38372.4 76002.4 52599.1 52411.4 65546.3 47883.1 64149 59757.6 62343.7 52277.8
threshold=14.750000000000002 6.5000000000000009 1.5000000000000002 2.3000000000000016 1.0038121718465678 0 20.500000000000004 1.0123130853103539 21.500000000000004 1 1.0000000180025095e-35 6.4943619877683654 1.0000000180025095e-35 0.87774408927532799
decision_type=2 2 2 2 2 1 2 2 2 1 2 2 2 2
left_child=3 -2 -3 4 9 7 -7 -6 -9 13 -11 -12 -13 -1
right_child=1 2 -4 -5 5 6 -8 8 -10 10 11 12 -14 -15
leaf_value=0.0014489327271718533 -0.0010358201599157202 -0.0016533045973601299 -8.3018718530568253e-05 -0.00074941409447652058 -0.0010474615460437011 -0.00011311594022576269 -0.0014155913334966178 -0.00020995235583103997 0.0012398743944988671 0.0010011349014972138 0.00072113666176774904 -0.0001019115836898217 -0.0011788684796415307 0.00022731457367230115
leaf_weight=476830.38753128052 1011809.8921899796 101415.38233423233 5842543.7572259903 1290331.4018886089 492981.43350839615 16812496.219166517 1000015.370578289 1372181.1813321114 2837175.9048674107 1381605.8640284538 2449729.4050738811 5311023.3732147217 1966522.2215881348 12367921.016578436
leaf_count=2860 7369 474 35349 9351 6752 80719 14292 7779 31218 6425 66577 34571 13745 61791
internal_value=-2.98964e-07 -0.00221573 -0.00102976 0.000322364 0.000480272 -0.000557136 -0.00160196 0.00340065 0.00466519 0.00145537 -0.000227313 -0.00122968 -0.00282128 0.00291064
internal_weight=5.47146e+07 6.95577e+06 5.94396e+06 4.77588e+07 4.64685e+07 2.25149e+07 1.78125e+07 4.70234e+06 4.20936e+06 2.39536e+07 1.11089e+07 9.72727e+06 7.27755e+06 1.28448e+07
internal_count=379272 43192 35823 336080 326729 140760 95011 45749 38997 185969 121318 114893 48316 64651
cat_boundaries=0 1 2
cat_threshold=100663424 137216
is_linear=0
shrinkage=0.035


Tree=170
num_leaves=15
num_cat=3
split_feature=35 0 31 6 27 5 0 6 0 6 28 46 36 12
split_gain=30447 42171.5 30133.6 53206.4 36640.9 82097.6 91560.4 49320.3 48740.3 60714.8 65653.3 42229.2 41829.4 41474.6
threshold=1.5000000000000002 0 1.0000000180025095e-35 6.7521798621251587 55.500000000000007 13.500000000000002 1 7.3299675310277541 2 7.8575314057779044 25.500000000000004 3.8500000000000001 16.750000000000004 0.99883381572543073
decision_type=2 1 2 2 2 2 1 2 1 2 2 2 2 2
left_child=1 -1 4 -4 -2 13 7 12 9 -9 11 -11 -7 -6
right_child=2 -3 3 -5 5 6 -8 8 -10 10 -12 -13 -14 -15
leaf_value=-0.0018998497177668595 5.7783480805081369e-05 -0.00035865103072951657 0.0095780574254409768 0.00032749393792180055 -0.00085987751330042917 -0.00019835474215716887 -0.00084679113355267863 0.0012091620474185491 -0.00049502246897336222 0.00018978482901045615 -0.00043973993569717027 0.0018737866345562011 0.0016219109883679769 0.00054307209615147927
leaf_weight=72895.88330578804 37896872.618876934 210861.20334815979 140102.22781085968 421944.82991027832 504228.3315410614 573018.98553609848 5543716.241506815 710321.55409240723 3004001.9804840088 455995.09552001953 1453291.1332092285 137621.10247802734 807326.60677552223 2782385.016711235
leaf_count=382 239843 2194 2964 2356 5872 8485 65872 2873 12083 1083 3720 413 8965 22167
internal_value=-1.98986e-06 -0.0114368 5.7624e-05 0.00811975 -2.64948e-05 -0.00143256 -0.00270982 -8.99708e-05 -0.00151368 0.00184654 -0.00121301 0.00859468 0.00585221 0.00349725
internal_weight=5.47146e+07 283757 5.44308e+07 562047 5.38688e+07 1.59719e+07 1.26853e+07 7.14158e+06 5.76123e+06 2.75723e+06 2.04691e+06 593616 1.38035e+06 3.28661e+06
internal_count=379272 2576 376696 5320 371376 131533 103494 37622 20172 8089 5216 1496 17450 28039
cat_boundaries=0 1 2 3
cat_threshold=131072 137216 131072
is_linear=0
shrinkage=0.035


Tree=171
num_leaves=15
num_cat=1
split_feature=12 8 14 46 14 1 1 14 0 1 28 20 36 27
split_gain=31654.2 33864.8 31653.2 34523.6 30754.6 47655.9 47594.1 40913.6 44573 37097.7 42054.9 41446.6 38070.9 46778.6
threshold=0.99598734948493073 0.91651745689465181 1.1228774058946247 -0.84999999999999953 1.0239625556666898 17.500000000000004 7.5000000000000009 1.0429066411824164 0 19.500000000000004 51.500000000000007 1.0000000180025095e-35 -1.2499999999999998 15.500000000000002
decision_type=2 2 2 2 2 2 2 2 1 2 2 2 2 2
left_child=2 -2 4 -4 9 6 -6 8 -8 11 -11 12 -1 -14
right_child=1 -3 3 -5 5 -7 7 -9 -10 10 -12 -13 13 -15
leaf_value=0.00046163145057082013 0.0031399679802011742 5.041891768247104e-05 -0.0020204301057890326 -0.00018829290285994754 -0.00077422834847333251 -0.00064452275710665343 0.00021349530414571682 3.7997954280725034e-05 0.0013430168896650517 0.00094590385624190182 -0.0016672368937901147 -0.0019985293598998714 -0.00068579864034045139 -8.042555662446568e-05
leaf_weight=927112.61309170723 264384.92522835732 36514311.034613371 393329.41084003448 555921.27002215385 426151.23347735405 931898.68004631996 636209.08443450928 1367659.5181350708 986060.82551193237 1434333.691565752 290917.72847938538 377690.88021469116 3872733.4532597065 5735868.4621860981
leaf_count=3360 3184 235575 5038 3429 4484 6839 3068 5937 5929 21529 4503 3924 26589 45884
internal_value=1.77469e-06 0.000589664 -0.00120373 -0.00742353 -0.000856149 0.00168292 0.00359675 0.00515642 0.00891563 -0.00172965 0.00303953 -0.00248359 -0.0020752 -0.00272873
internal_weight=5.47146e+07 3.67787e+07 1.79359e+07 949251 1.69866e+07 4.34798e+06 3.41608e+06 2.98993e+06 1.62227e+06 1.26387e+07 1.72525e+06 1.09134e+07 1.05357e+07 9.6086e+06
internal_count=379272 238759 140513 8467 132046 26257 19418 14934 8997 105789 26032 79757 75833 72473
cat_boundaries=0 1
cat_threshold=6146
is_linear=0
shrinkage=0.035


Tree=172
num_leaves=15
num_cat=1
split_feature=6 0 13 27 23 31 6 1 9 5 14 46 35 1
split_gain=29989 52318.8 49960.4 44183.1 39037.9 35656 69549.2 34286.3 33793.6 33686.9 36543.7 33235 29555.2 31306.6
threshold=7.2558154400649135 0 0.9475584086921468 56.500000000000007 1.0000000180025095e-35 1.0000000180025095e-35 6.8180212626466581 15.500000000000002 0.83003616383385714 10.500000000000002 1.1228774058946247 -5.1499999999999986 39.000000000000007 6.5000000000000009
decision_type=2 1 2 2 2 2 2 2 2 2 2 2 2 2
left_child=1 -1 4 9 -2 8 -7 -8 -5 10 -3 -4 -11 -14
right_child=2 3 11 5 -6 6 7 -9 -10 12 -12 -13 13 -15
leaf_value=0.00065698872259540534 -4.9572936381352694e-06 -4.9012015896609601e-05 -0.0026493305188903635 -0.0067888882877651059 -0.0035285242570696055 0.009161165684605229 -0.0019651885600857361 0.0082168552083686595 -0.00047216718342093681 -0.00086302977877576899 -0.0016004001649602812 -4.1314467307816844e-05 -0.00088531851539037074 0.00059547489814208124
leaf_weight=5468080.4868569374 166382.54333496094 1781610.9287822247 77332.354721069336 57924.933038711548 236251.89517211914 150276.43768501282 149706.99311065674 38739.731414794922 4334313.5155777931 156790.82818579674 395015.42198896408 34882789.148071289 428690.83982419968 6390676.7533419132
leaf_count=67957 793 22350 278 945 853 3127 1015 266 67298 2160 950 115209 17935 78136
internal_value=-8.45879e-07 0.00110682 -0.000607003 -3.52702e-05 -0.0128654 -0.00278155 0.00815989 -0.00600269 -0.00362535 0.00138425 -0.0024171 -0.00046582 0.0025703 0.00291575
internal_weight=5.47146e+07 1.93518e+07 3.53628e+07 1.38837e+07 402634 4.73096e+06 338723 188447 4.39224e+06 9.15278e+06 2.17663e+06 3.49601e+07 6.97616e+06 6.81937e+06
internal_count=379272 262139 117133 194182 1646 72651 4408 1281 68243 121531 23300 115487 98231 96071
cat_boundaries=0 1
cat_threshold=6272
is_linear=0
shrinkage=0.035


Tree=173
num_leaves=15
num_cat=2
split_feature=12 8 36 0 27 27 1 40 6 14 1 36 21 0
split_gain=30610 32390.2 29444.4 42828.4 37555 39538.7 49884.8 33650.8 30349 29259 64853.6 78235.6 40592.3 40575.3
threshold=0.99598734948493073 0.87334463782472904 -1.2499999999999998 0 6.5000000000000009 30.500000000000004 7.5000000000000009 0.099999999999999853 7.5026273891041511 1.0038121718465678 16.500000000000004 26.250000000000004 1.0000000180025095e-35 1
decision_type=2 2 2 1 2 2 2 2 2 2 2 2 2 1
left_child=2 -2 -1 8 -5 6 -6 -7 -4 10 11 -3 -12 -11
right_child=1 9 3 4 5 7 -8 -9 -10 13 12 -13 -14 -15
leaf_value=0.00042168529816411903 0.0043113682210341245 0.00010108981481237627 -0.0002832923385908223 -0.00061904928890917598 -0.00078949457814025395 1.5726177378475936e-05 0.00046430781181875476 -0.00077555709029081016 -0.00084126862702984043 0.00012222469533304479 0.00075953569909087133 -0.0010552497881085865 -2.6733596362052856e-05 -0.000201125546394761
leaf_weight=1318785.153311491 126893.93120837212 11869979.25673008 3632614.6384952068 2017572.2105953693 449663.64115762711 2976207.5191438198 4222925.5442039967 1081182.7925200462 2236935.3518371582 9189837.5949401855 3950598.6553690434 1165583.0281803608 1512086.9352955818 8963716.5581181049
leaf_count=6234 1468 81011 38393 15837 5922 28765 28052 9344 7966 58654 28562 7557 12631 48876
internal_value=1.39713e-05 0.000592082 -0.00117148 -0.00157098 -0.000257862 0.000736754 0.00293166 -0.00179096 -0.00397539 0.000530964 0.0015106 0.000169047 0.00471194 -0.000467274
internal_weight=5.47146e+07 3.67787e+07 1.79359e+07 1.66171e+07 1.07476e+07 8.72998e+06 4.67259e+06 4.05739e+06 5.86955e+06 3.66518e+07 1.84982e+07 1.30356e+07 5.46269e+06 1.81536e+07
internal_count=379272 238759 140513 134279 87920 72083 33974 38109 46359 237291 129761 88568 41193 107530
cat_boundaries=0 2 3
cat_threshold=67110912 262144 100669568
is_linear=0
shrinkage=0.035


Tree=174
num_leaves=15
num_cat=2
split_feature=12 13 23 1 27 1 46 5 35 14 14 0 0 12
split_gain=30402 33815.3 61044.4 48034.4 29951.1 54284.8 79593.6 61153.7 54218.8 45264.9 41593.6 45302.5 40393.4 35640.4
threshold=1.0488390177566751 0.96316597543734361 1.0000000180025095e-35 17.500000000000004 55.500000000000007 16.500000000000004 -0.70000000000000184 30.500000000000004 1.5000000000000002 0.87774408927532799 0.94592306406186222 0 1 0.99856957497856069
decision_type=2 2 2 2 2 2 2 2 2 2 2 1 1 2
left_child=1 2 -1 -4 8 6 -6 -8 -3 -9 11 -7 -11 -12
right_child=-2 4 3 -5 5 10 7 9 -10 12 13 -13 -14 -15
leaf_value=5.3725775412801207e-05 0.00036358470351733349 -0.0016477386903746424 0.00028431879637948816 -0.002411750172321384 0.00051252036288685385 0.001399689233412258 -0.00011929190432302275 0.00084181285547908443 5.0452600014201888e-05 -0.0002759192628266623 -0.00089495808895612605 1.1395126355768496e-05 -0.0012862278251929806 0.000201296488524032
leaf_weight=949934.45171809196 5295460.9054515362 107090.67470955849 169613.40611577034 490397.92354631424 1213096.1573522091 856981.62319946289 3140165.6215133667 210172.4343214035 35006229.649234295 1258421.6689250469 880364.5999276638 853895.46850728989 2427576.3357410431 1855181.8908433914
leaf_count=13836 51595 874 1717 2470 21177 5042 19546 1407 208520 5416 8388 9555 16354 13375
internal_value=5.44833e-06 -0.000264619 -0.00525376 -0.01343 -9.66114e-05 -0.00155349 -0.00323372 -0.0046612 0.00043015 -0.00759049 0.00156384 0.00584426 -0.00849132 -0.00111325
internal_weight=5.47146e+07 4.94191e+07 1.60995e+06 660011 4.78092e+07 1.26959e+07 8.24943e+06 7.03634e+06 3.51133e+07 3.89617e+06 4.44642e+06 1.71088e+06 3.686e+06 2.73555e+06
internal_count=379272 327677 18023 4187 309654 100260 63900 42723 209394 23177 36360 14597 21770 21763
cat_boundaries=0 2 3
cat_threshold=133120 262144 131074
is_linear=0
shrinkage=0.035


Tree=175
num_leaves=15
num_cat=0
split_feature=20 39 17 46 6 13 23 12 40 1 28 6 41 2
split_gain=29631.7 71908.5 58414.1 33139.8 30493.9 42437.6 41355.5 40525.5 33187.6 41315.1 32856.4 52344 37894 52383.5
threshold=1.0000000180025095e-35 10.65 1.0000000180025095e-35 0.29999999999999999 7.2558154400649135 0.9475584086921468 1.0000000180025095e-35 1.3647524245143778 1.2500000000000016 9.5000000000000018 13.500000000000002 8.4911077780067021 0.10000000000000085 5.5000000000000009
decision_type=2 2 2 2 2 2 2 2 2 2 2 2 2 2
left_child=4 2 -2 -3 7 6 -6 8 -1 -10 11 12 -7 -14
right_child=1 3 -4 -5 5 10 -8 -9 9 -11 -12 -13 13 -15
leaf_value=0.00022107112242457843 0.0029380427509475638 0.00023031875774243314 -0.00054664714636085067 -0.0027440422250421923 0.00027849794083177083 0.00038787738859258439 -0.0033608138240480909 0.0046703825629623805 0.0014294717390210333 -0.0013775677218845247 -9.0837756029332005e-05 -0.0007379626373329001 4.2515246643172407e-05 -0.0022431061268006884
leaf_weight=17452178.285102844 220986.33058166504 139154.63515329361 321295.84444212914 462173.22698974609 152075.55644226074 3964886.2331237793 231192.82688903809 249877.29081869125 171691.58764863014 810581.3025996685 26458719.294570923 288783.69805908203 3640228.7227020264 150757.97598266602
leaf_count=235758 2713 2463 2122 3780 719 11504 829 3202 3525 10110 89342 350 12254 601
internal_value=-4.78339e-07 -0.00557514 0.00366675 -0.0139095 0.000118528 -0.000492581 -0.0120747 0.00125957 0.00106979 -0.00518982 -0.000363922 0.00159482 0.0021396 -0.000362337
internal_weight=5.47146e+07 1.14361e+06 542282 601328 5.3571e+07 3.48866e+07 383268 1.86843e+07 1.84345e+07 982273 3.45034e+07 8.04466e+06 7.75587e+06 3.79099e+06
internal_count=379272 11078 4835 6243 368194 115599 1548 252595 249393 13635 114051 24709 24359 12855
is_linear=0
shrinkage=0.035


Tree=176
num_leaves=15
num_cat=0
split_feature=12 8 14 1 36 46 1 31 36 41 1 6 40 46
split_gain=28970.1 31478.1 32615.8 58424.4 71343.8 39240.7 59811.8 45323.6 48682 39655.2 37883.4 37373.5 66676.1 42358.9
threshold=0.99598734948493073 0.96199393407506939 1.0038121718465678 16.500000000000004 26.250000000000004 4.2000000000000028 10.500000000000002 1.0000000180025095e-35 12.050000000000002 7.7500000000000027 21.500000000000004 7.3864881986786592 0.20000000000000021 3.6500000000000012
decision_type=2 2 2 2 2 2 2 2 2 2 2 2 2 2
left_child=-1 -2 3 4 5 6 7 8 -3 -8 -4 -10 13 -13
right_child=1 2 10 -5 -6 -7 9 -9 11 -11 -12 12 -14 -15
leaf_value=-0.00013587835985096026 0.0012443370326832123 0.00056108088042376302 -4.1593615408967729e-05 0.00053066443082947358 -0.0010162261170406017 0.0004288331148778731 -0.00037800751072304537 0.0041093493626669147 0.00044400637518753132 -0.0037399374819160479 -0.0019989516387137487 -0.00058507325092763672 0.00065191860528929376 0.0009618627699592414
leaf_weight=17935886.851264715 881526.89252471924 1656782.8128554821 17401410.364233732 5321626.8005616665 1136448.7794952393 3701619.8206899166 2782793.4034876823 123263.74301290512 1193134.5451061726 185674.94348526001 418820.29761099815 1502452.190536499 388068.41101074219 85072.955230712891
leaf_count=140513 10272 13623 93425 39343 7301 21382 15380 1110 19197 1219 10084 4762 1339 322
internal_value=-4.51503e-06 0.000557897 0.000397438 0.00144492 0.000159691 0.000978335 -0.000412462 0.00194363 0.00140827 -0.00434032 -0.000665132 -0.00113371 -0.00408765 -0.00726671
internal_weight=5.47146e+07 3.67787e+07 3.58972e+07 1.80769e+07 1.27553e+07 1.16189e+07 7.91724e+06 4.94877e+06 4.82551e+06 2.96847e+06 1.78202e+07 3.16873e+06 1.97559e+06 1.58753e+06
internal_count=379272 238759 228487 124978 85635 78334 56952 40353 39243 16599 103509 25620 6423 5084
is_linear=0
shrinkage=0.035


Tree=177
num_leaves=15
num_cat=0
split_feature=39 28 14 2 39 46 28 1 14 2 36 31 36 1
split_gain=28516.8 41913.1 32222.7 33790.7 41283.4 35920.9 59435.2 117107 57360.3 60193.8 49055.1 48956.7 48669.2 44463.6
threshold=14.750000000000002 6.5000000000000009 0.87774408927532799 1.0000000180025095e-35 6.9500000000000011 1.9000000000000015 48.500000000000007 11.500000000000002 0.94592306406186222 3.5000000000000004 13.550000000000002 1.0000000180025095e-35 22.950000000000003 19.500000000000004
decision_type=2 2 2 2 2 2 2 2 2 2 2 2 2 2
left_child=2 -2 -1 4 -4 8 12 10 11 -10 -8 13 -7 -5
right_child=1 -3 3 5 -6 6 7 -9 9 -11 -12 -13 -14 -15
leaf_value=0.00080486140477304617 -0.00096333591055399283 -0.00012306542332174742 -0.00069168267767466193 8.9791876196974006e-05 -2.5336485386580026e-05 0.0001640892061853966 0.00066825608897329867 0.0010011757624060569 4.790225933985601e-05 -0.00040620659292440336 -0.0010474946964911856 0.0054521161105333341 -0.00049883211343669195 0.0017430425909320333
leaf_weight=975355.75885653496 1011809.8921899796 5943959.1395602226 2291015.231688261 2730567.9155404568 5302122.2902572155 8159603.4180045128 411754.65034079552 4078259.6884858608 11994654.618893385 7746484.6885273457 824761.42378807068 147732.66244029999 2308547.5940761566 787953.83845734596
leaf_count=8646 7369 35823 13649 25772 32747 40335 2690 26214 76371 73878 6111 1758 14589 13320
internal_value=-8.62463e-06 -0.00210235 0.000296314 0.000165046 -0.00197193 0.000579085 0.00186952 0.00488383 -0.000291015 -0.00103768 -0.00455143 0.0037294 0.000339119 0.00290062
internal_weight=5.47146e+07 6.95577e+06 4.77588e+07 4.67835e+07 7.59314e+06 3.91903e+07 1.57829e+07 5.31478e+06 2.34074e+07 1.97411e+07 1.23652e+06 3.66625e+06 1.04682e+07 3.51852e+06
internal_count=379272 43192 336080 327434 46396 281038 89939 35015 191099 150249 8801 40850 54924 39092
is_linear=0
shrinkage=0.035


Tree=178
num_leaves=15
num_cat=1
split_feature=12 9 0 31 46 2 40 28 41 14 28 36 46 28
split_gain=28770.8 42296.2 39028.8 30081.4 54556.9 42381.5 31612.4 33949.8 31639 29264.6 37170.1 59888 55646.4 59294.7
threshold=0.87196587563390382 0.71282979736162122 0 1.0000000180025095e-35 -0.69999999999999973 4.5000000000000009 5.150000000000003 32.500000000000007 16.350000000000005 1.1807223977627761 59.500000000000007 23.550000000000004 -0.10000000000000005 23.500000000000004
decision_type=2 2 1 2 2 2 2 2 2 2 2 2 2 2
left_child=2 -2 -1 6 -5 -6 8 -8 9 10 12 -12 -3 -14
right_child=1 3 -4 4 5 -7 7 -9 -10 -11 11 -13 13 -15
leaf_value=0.0004157001354278056 0.002983578823622276 0.00020890798879469064 -0.0023136358441282396 0.0072670465083826 -0.00032879878044720116 0.0090591539075572866 -0.005718488199585512 -0.00037968334498230961 -0.0015421853159616617 -0.00032420216165062924 0.00019380206411538626 0.0056364248162208992 5.3018020431707405e-05 -0.00029807002128590148
leaf_weight=179659.82524728775 203442.6210269928 10535272.098930359 312073.4325492382 122220.70316076279 394531.9547123909 66593.278046131134 118257.82182002068 300564.39570045471 173762.50871944427 4299490.3707118034 12275535.631632566 215622.44457244873 12685162.323171377 12832393.401105165
leaf_count=2440 1287 105077 3139 2118 2250 973 1019 1973 1613 28156 98023 1753 68167 61284
internal_value=-7.28099e-06 6.91501e-05 -0.00843508 9.15938e-06 0.00791399 0.00240323 -7.71368e-05 -0.00965498 -1.47254e-06 4.75579e-05 0.000292681 0.00193806 -0.00027739 -0.00116092
internal_weight=5.47146e+07 5.42228e+07 491733 5.40194e+07 583346 461125 5.34361e+07 418822 5.30172e+07 5.28435e+07 4.8544e+07 1.24912e+07 3.60528e+07 2.55176e+07
internal_count=379272 373693 5579 372406 5341 3223 367065 2992 364073 362460 334304 99776 234528 129451
cat_boundaries=0 1
cat_threshold=369229824
is_linear=0
shrinkage=0.035


Tree=179
num_leaves=15
num_cat=3
split_feature=39 28 14 0 40 41 6 0 39 2 1 1 36 0
split_gain=26885 38944.5 31207.6 42144.9 29917.3 29088.4 28463.7 49939.9 34527 33574.6 33513.7 44572.9 34184 33503.7
threshold=14.750000000000002 6.5000000000000009 0.87774408927532799 0 2.3000000000000016 2.2500000000000031 7.7870645541658581 1 8.4500000000000011 1.0000000180025095e-35 20.500000000000004 16.500000000000004 25.150000000000002 2
decision_type=2 2 2 1 2 2 2 1 2 2 2 2 2 1
left_child=2 5 3 -1 6 -2 9 8 -8 10 11 12 -4 -11
right_child=1 -3 4 -5 -6 -7 7 -9 -10 13 -12 -13 -14 -15
leaf_value=0.0013398188179485967 -0.0019656295925472383 -0.0001202258419106195 -0.00025706439219862703 -0.0005402035193944264 -0.00071502003031664895 -0.0003118759283289366 -0.00011834349826119813 -0.00046276121772524718 0.00015350601096883153 0.00033747573642860994 -0.0020874191124167054 0.00071847002469461357 -0.0016681743051543657 -2.4015382174959876e-06
leaf_weight=621033.71952462196 441024.89339017868 5943959.1395602226 2947138.5955677032 354322.03933191299 1240669.1293442249 570784.99879980087 5978077.8309631348 3271706.636138916 5292537.692779541 14880147.14784503 372031.46008372307 1060981.6289749146 170641.71203231812 11569526.186770201
leaf_count=4810 3235 35823 22870 3836 8964 4134 12480 8321 12821 128513 6736 6696 1277 118756
internal_value=-1.20859e-07 -0.00203306 0.000295965 0.00649228 0.000166781 -0.00838059 0.000312865 -0.000964665 0.000140404 0.000912154 -0.00186472 -0.00096851 -0.00307719 0.00138993
internal_weight=5.47146e+07 6.95577e+06 4.77588e+07 975356 4.67835e+07 1.01181e+06 4.55428e+07 1.45423e+07 1.12706e+07 3.10005e+07 4.55079e+06 4.17876e+06 3.11778e+06 2.64497e+07
internal_count=379272 43192 336080 8646 327434 7369 318470 33622 25301 284848 37579 30843 24147 247269
cat_boundaries=0 1 2 3
cat_threshold=33691650 135168 33691776
is_linear=0
shrinkage=0.035


Tree=180
num_leaves=15
num_cat=1
split_feature=12 0 10 13 2 1 14 28 1 36 1 1 14 1
split_gain=29255.9 36994.9 29729.6 50127.9 46058.4 32262.8 82962.9 71405.2 103220 115092 68874.9 74201.4 65158.3 64074.7
threshold=0.98100176941237194 0 0.9804322064227694 0.97764374614682048 3.5000000000000004 16.500000000000004 0.94592306406186222 59.500000000000007 13.500000000000002 13.15 6.5000000000000009 8.5000000000000018 1.1694833628063137 12.500000000000002
decision_type=2 1 2 2 2 2 2 2 2 2 2 2 2 2
left_child=1 -1 -2 4 -4 7 -7 13 9 10 -9 -12 -13 -5
right_child=2 -3 3 5 -6 6 -8 8 -10 -11 11 12 -14 -15
leaf_value=-0.00058693811116354469 0.00072753929905172655 -1.1885615436292249e-05 -6.3895114101428891e-05 2.7710967831674494e-05 -0.0011913470531991171 0.00095173191268181666 5.5765920673402457e-05 -0.0011198058176386237 0.0015330551402352054 -0.00073250583054992966 0.0016704108894341437 0.0013544174369520157 -0.00048241311680932773 -0.00041323917956841003
leaf_weight=3530168.3395376205 1813709.8467345238 6130325.5904200077 1375218.6170227528 13308619.576023102 967645.62220788002 2348255.7418880463 10262427.785759211 418150.95401668549 1751716.6569924355 2231229.3841121197 1142341.8481631279 606240.14150667191 802134.92710113525 8026397.7796211243
leaf_count=29907 19456 55583 12431 82164 4728 18962 64708 10878 11304 16851 6208 4014 4924 37154
internal_value=-1.62559e-06 -0.00174942 0.000373137 0.000189002 -0.00478994 0.000474228 0.00194652 -0.000182141 0.00289848 0.000423179 0.00493718 0.00709561 0.00171931 -0.00118593
internal_weight=5.47146e+07 9.66049e+06 4.50541e+07 4.32404e+07 2.34286e+06 4.08975e+07 1.26107e+07 2.82868e+07 6.95181e+06 5.2001e+06 2.96887e+06 2.55072e+06 1.40838e+06 2.1335e+07
internal_count=379272 85490 293782 274326 17159 257167 83670 173497 54179 42875 26024 15146 8938 119318
cat_boundaries=0 2
cat_threshold=67110912 262144
is_linear=0
shrinkage=0.035


Tree=181
num_leaves=15
num_cat=2
split_feature=12 27 35 2 46 28 46 0 13 28 0 23 12 31
split_gain=27932.3 35696.6 51037.6 47002.9 49208.5 41190.1 70103.8 61575.4 39562.2 39265.2 38476.4 38459.5 36467.8 36756.8
threshold=1.038248653223538 55.500000000000007 1.5000000000000002 5.5000000000000009 0.50000000000000022 25.500000000000004 4.2000000000000028 0 1.0412602633550088 13.500000000000002 1 1.0000000180025095e-35 0.89036754726224421 1.0000000180025095e-35
decision_type=2 2 2 2 2 2 2 1 2 2 1 2 2 2
left_child=1 2 -1 4 12 6 10 -8 -4 -9 -6 -10 -3 -14
right_child=-2 3 8 -5 5 -7 7 9 11 -11 -12 -13 13 -15
leaf_value=-0.0015329045125053074 0.00025980527525619208 -0.0046821160653031033 1.4522566196243391e-05 0.0007521028666191555 -0.0018794961974998121 -0.0007588408661191665 0.0018453053570710689 0.0010536954969695041 -6.5056460574655097e-05 -0.00083043000029390981 -0.00021420969109704966 0.001321086923512921 -6.5592984323006893e-06 0.0038497993360134155
leaf_weight=107735.20844388008 7355438.5005812645 79120.04754948616 34500748.376596689 1180733.9909639359 362652.2769317627 3666613.8756768703 169611.37219238281 262325.64685821533 322625.55208945274 294045.22821426392 1572732.0237083435 409009.20572400093 4276934.892594099 154256.61298179626
leaf_count=875 66685 1321 205292 16519 3079 20209 530 1717 4229 2063 6625 3693 44500 1935
internal_value=1.72218e-06 -0.000309932 0.000250445 -0.00195763 -0.00268006 -0.00467109 -0.00135662 0.00791816 0.000323999 0.00228969 -0.00483571 0.00837781 0.000113368 0.000533929
internal_weight=5.47146e+07 4.73591e+07 3.53401e+07 1.2019e+07 1.08383e+07 6.32798e+06 2.66137e+06 725982 3.52324e+07 556371 1.93538e+06 731635 4.51031e+06 4.43119e+06
internal_count=379272 312587 214089 98498 81979 34223 14014 4310 213214 3780 9704 7922 47756 46435
cat_boundaries=0 1 2
cat_threshold=131072 100663298
is_linear=0
shrinkage=0.035


Tree=182
num_leaves=15
num_cat=2
split_feature=12 8 27 0 1 6 19 1 6 28 11 0 27 14
split_gain=27629.7 30698.4 28682.5 56026.5 34630.9 35027.7 40332.8 38561 34135.6 32526.6 32597.3 28380.6 48849.1 27760.4
threshold=0.99598734948493073 0.87334463782472904 58.500000000000007 0 7.5000000000000009 7.4531918138198821 1.0000000180025095e-35 11.500000000000002 8.4911077780067021 42.500000000000007 1.0844110721613547 1 37.500000000000007 1.0038121718465678
decision_type=2 2 2 1 2 2 2 2 2 2 2 1 2 2
left_child=2 -2 4 -4 9 6 -6 8 -7 -1 -11 -9 -13 -3
right_child=1 13 3 -5 5 7 -8 11 -10 10 -12 12 -14 -15
leaf_value=-4.0141287458122343e-05 0.0040229172314962354 0.00015667245939661711 -0.00010740803891596854 -0.0019276954683213844 0.00054300631009877734 0.00025197856800769159 -0.00028621179488984012 -0.00015190478141315821 -0.00079098155368149796 -0.0013046107652072796 0.0019921039121251396 -0.0011769368687151978 0.00064552147498531196 -4.8383506457747242e-05
leaf_weight=775538.42750525475 126893.93120837212 18498247.875575066 1796812.0638642311 925932.83517837524 4512754.3765413761 2191432.9279327393 2132989.3406512737 3193397.3372802734 172166.87976074219 697354.56074309349 71565.205704450607 1193433.8610534668 272509.03504943848 18153554.15305829
leaf_count=11861 1468 129761 18949 14666 41301 7134 22749 9632 235 7992 779 4325 890 107530
internal_value=5.1274e-06 0.000554374 -0.00112114 -0.00442956 -0.000529018 3.23096e-05 0.00185368 -0.00169124 0.00195007 -0.00549682 -0.0105978 -0.00353841 -0.00757004 0.000494874
internal_weight=5.47146e+07 3.67787e+07 1.79359e+07 2.72274e+06 1.52131e+07 1.36687e+07 6.64574e+06 7.02294e+06 2.3636e+06 1.54446e+06 768920 4.65934e+06 1.46594e+06 3.66518e+07
internal_count=379272 238759 140513 33615 106898 86266 64050 22216 7369 20632 8771 14847 5215 237291
cat_boundaries=0 1 2
cat_threshold=268572800 135298
is_linear=0
shrinkage=0.035


Tree=183
num_leaves=15
num_cat=1
split_feature=6 31 27 36 28 39 0 36 9 28 6 46 36 28
split_gain=26666.8 56164 49251 38325.3 38283.5 60310.8 41012.1 40580.4 61708.4 44227.1 36441.4 32889.7 68491.3 37138.1
threshold=6.504670235650833 1.0000000180025095e-35 28.500000000000004 13.950000000000001 1.5000000000000002 12.750000000000002 0 8.8500000000000032 1.0079116029041708 59.500000000000007 7.247873131544428 4.2000000000000028 22.950000000000003 50.500000000000007
decision_type=2 2 2 2 2 2 1 2 2 2 2 2 2 2
left_child=1 2 3 -1 5 -2 7 9 -9 -6 -8 -12 -13 -14
right_child=4 -3 -4 -5 6 -7 10 8 -10 -11 11 12 13 -15
leaf_value=0.00048938652310896345 -0.00013940885012462379 0.010187848304678917 -0.00019689168256874657 0.0025813147544177326 -0.00025573997627145642 -0.0024222477237807799 0.00031581694428445977 -0.0012080652098365547 5.4249157221348525e-05 0.0014318359741262486 -7.6255465590314059e-05 0.00036404658929584284 -0.00057064448559754767 0.0025219332331559174
leaf_weight=2190699.3620789051 915676.03592681885 103965.99175453186 3643135.7671408653 816196.65877532959 1964183.856842041 408730.20927429199 8820792.2530059814 2332623.0569992065 1582554.5006713867 622720.60177612305 24778285.900222778 4862675.5646820068 1553814.5679931641 118528.4839630127
leaf_count=47579 4325 2610 95479 21083 7906 2676 65603 15001 10725 4011 77699 17625 6455 495
internal_value=3.00277e-06 0.00206204 0.00166294 0.00497838 -0.000286959 -0.00615483 -0.000120318 -0.00269897 -0.00494654 0.000702646 0.000297448 -0.000262308 0.00194644 -0.00416349
internal_weight=5.47146e+07 6.754e+06 6.65003e+06 3.0069e+06 4.79606e+07 1.32441e+06 4.66362e+07 6.50208e+06 3.91518e+06 2.5869e+06 4.01341e+07 3.13133e+07 6.53502e+06 1.67234e+06
internal_count=379272 166751 164141 68662 212521 7001 205520 37643 25726 11917 167877 102274 24575 6950
cat_boundaries=0 2
cat_threshold=301989888 262144
is_linear=0
shrinkage=0.035


Tree=184
num_leaves=15
num_cat=2
split_feature=12 13 23 12 14 0 28 28 0 2 46 28 1 1
split_gain=27165.1 29924.3 31929.1 29475.5 29133.3 95411.6 93373.4 54472.3 58419.3 47097.4 45821.8 41452.6 106588 69150.6
threshold=0.95147315182213388 1.0427781840185941 1.0000000180025095e-35 1.1640344608067872 0.94592306406186222 0 27.500000000000004 2.5000000000000004 1 4.5000000000000009 -0.70000000000000184 59.500000000000007 20.500000000000004 6.5000000000000009
decision_type=2 2 2 2 2 1 2 2 1 2 2 2 2 2
left_child=-1 3 -3 4 5 -2 7 -7 -9 10 -8 -6 13 -13
right_child=1 2 -4 -5 11 6 9 8 -10 -11 -12 12 -14 -15
leaf_value=-0.00034441996165776568 -0.0011869404482353638 5.442048483268934e-05 0.0018319842524438337 0.0027523810161918251 -0.00012496232038290329 -0.0005692798461382426 0.00047718606203456232 0.00095923330017083218 0.00058251732780644275 0.0010755324270846187 -0.0005695740525165382 -0.0012956832436902589 -0.0017141267184587101 0.00030965243184369941
leaf_weight=3525656.4388225079 816922.85423183441 770205.50661540031 656602.07697200775 398409.2572555542 26256581.831545353 665317.11724185944 744764.97863316536 1215527.2588460445 3732345.408657074 647133.73945355415 2500018.3841981888 606674.97804546356 772435.22373890877 11405987.756849527
leaf_count=35719 8689 10966 6979 5114 142977 8179 8099 4730 29972 8061 13482 16405 14432 65468
internal_value=9.23298e-06 0.000213903 0.00521145 7.06096e-05 -5.91753e-06 0.00164772 0.00263423 0.00552276 0.00678708 -0.00153182 -0.00325127 -0.000443114 0.00119124 0.00200161
internal_weight=5.47146e+07 5.11889e+07 1.42681e+06 4.97621e+07 4.93637e+07 1.0322e+07 9.50511e+06 5.61319e+06 4.94787e+06 3.89192e+06 3.24478e+06 3.90417e+07 1.27851e+07 1.20127e+07
internal_count=379272 343553 17945 325608 320494 81212 72523 42881 34702 29642 21581 239282 96305 81873
cat_boundaries=0 1 2
cat_threshold=67108864 131072
is_linear=0
shrinkage=0.035


Tree=185
num_leaves=15
num_cat=2
split_feature=14 14 46 28 46 6 0 36 14 28 28 14 0 2
split_gain=26102.6 35199 53742.1 34753.5 61315.3 58825.7 99816.1 96350 62738 59175 85373.4 58993 80700.5 53354.5
threshold=1.1807223977627761 1.204935972430303 0.90000000000000135 59.500000000000007 1.5999999999999992 6.2425927058805888 0 4.5500000000000007 0.94592306406186222 2.5000000000000004 20.500000000000004 1.1228774058946247 1 3.5000000000000004
decision_type=2 2 2 2 2 2 1 2 2 2 2 2 1 2
left_child=3 -2 -3 5 13 -1 7 11 9 -8 -11 12 -7 -5
right_child=1 2 -4 4 -6 6 8 -9 -10 10 -12 -13 -14 -15
leaf_value=0.00088361187740448345 -0.00093738526156823885 -0.00052077038277144327 0.00044857379939244071 0.00021532674757478162 0.00058991443905373345 0.0018608077792826119 -0.0010021659641931467 -0.0012109635014052298 -9.6916616349377791e-05 0.00077882079439018541 3.4948449364231235e-05 -0.0011159833464010683 -0.00085526672689104294 -0.0005644830765614544
leaf_weight=2938958.4241485596 1378111.6537549496 1630372.7373530865 1408194.4666900635 5154559.7424867153 5250115.6543653011 545525.76067733765 697284.94442749023 3088063.2494049072 21422119.255008698 3209616.7393074036 4522207.3657913208 438668.9393157959 365797.44569778442 2664986.4326770306
leaf_count=87980 9900 12143 7030 40093 34213 2731 5152 28313 79289 15335 23609 816 2735 29933
internal_value=1.20154e-05 -0.00256778 -0.000463542 0.000238548 0.00179128 -0.000306567 -0.000713884 -0.00561137 1.42397e-05 0.00257219 0.00345286 0.00218826 0.00726439 -0.000173049
internal_weight=5.47146e+07 4.41668e+06 3.03857e+06 5.02979e+07 1.30697e+07 3.72282e+07 3.42893e+07 4.43806e+06 2.98512e+07 8.42911e+06 7.73182e+06 1.34999e+06 911323 7.81955e+06
internal_count=379272 29073 19173 350199 104239 245960 157980 34595 123385 44096 38944 6282 5466 70026
cat_boundaries=0 1 2
cat_threshold=369098752 67108864
is_linear=0
shrinkage=0.035


Tree=186
num_leaves=15
num_cat=1
split_feature=12 0 31 6 1 1 2 46 36 21 13 3 1 1
split_gain=27139.9 28755.5 28008 63429.8 40972.4 35758.9 27040.9 34516.1 66304.3 35939.7 71781.8 75674.9 62210.4 62635.2
threshold=0.97673979454843807 0 1.0000000180025095e-35 6.995425550159835 8.5000000000000018 17.500000000000004 1.0000000180025095e-35 6.1500000000000021 26.550000000000004 1.0000000180025095e-35 1.0050723057938049 1.0000000180025095e-35 17.500000000000004 18.500000000000004
decision_type=2 1 2 2 2 2 2 2 2 2 2 2 2 2
left_child=1 -1 6 -4 -5 -6 -2 9 -9 -8 11 12 -11 -14
right_child=2 -3 3 4 5 -7 7 8 -10 10 -12 -13 13 -15
leaf_value=6.8749619967599815e-05 -0.00016416510683006153 -0.00044163710434744625 0.009028671856378229 0.0041282037486586607 -0.0012315145495980877 0.0060247674041877877 9.9360024757547301e-05 0.00062552772256208901 -0.0010496459118393398 -0.00031590165428387453 0.00035698653476986408 0.00010672578358476876 -0.0019123179216021305 -0.00064653104812476979
leaf_weight=3289205.6652371883 7826315.6963634491 4862572.1453185081 126385.73432207108 78663.227493286133 285688.69355010986 62097.494834899902 23118634.865053654 3593400.5315840244 554850.1736125946 2907070.0032949448 3732546.3290472031 2814232.3387811184 657457.35533905029 805462.55727434158
leaf_count=33557 45871 40893 2479 346 1675 319 150759 21066 3679 14279 30687 26507 1954 5201
internal_value=1.16277e-05 -0.00185138 0.000337785 0.00816873 0.00171444 -0.00344526 0.00024369 0.000627833 0.00364204 0.00026046 -0.00139464 -0.00344033 -0.00632299 -0.0122097
internal_weight=5.47146e+07 8.15178e+06 4.65628e+07 552835 426449 347786 4.601e+07 3.81837e+07 4.14825e+06 3.40354e+07 1.09168e+07 7.18422e+06 4.36999e+06 1.46292e+06
internal_count=379272 74450 304822 4819 2340 1994 300003 254132 24745 229387 78628 47941 21434 7155
cat_boundaries=0 1
cat_threshold=302121088
is_linear=0
shrinkage=0.035


Tree=187
num_leaves=15
num_cat=3
split_feature=6 13 0 27 31 6 23 1 0 5 46 14 1 0
split_gain=25522.3 43815.7 43727.2 39425.8 35383.9 60143.6 32759.7 31580.9 31332.5 31199 29834.4 29067.9 27420.4 25072.2
threshold=7.2558154400649135 0.9475584086921468 0 56.500000000000007 1.0000000180025095e-35 6.7521798621251587 1.0000000180025095e-35 15.500000000000002 1 10.500000000000002 -5.1499999999999986 1.1228774058946247 6.5000000000000009 2
decision_type=2 2 1 2 2 2 2 2 1 2 2 2 2 1
left_child=2 6 -1 9 8 -6 -2 -7 -5 11 -3 -4 -11 -12
right_child=1 10 3 4 5 7 -8 -9 -10 12 13 -13 -14 -15
leaf_value=0.00059317386841082058 -7.7094180214577843e-05 -0.0024879600050776219 -6.3177214596101843e-05 -0.0014276152389858167 0.0081289300482347455 -0.0017543065074571461 -0.0031881456814238924 0.0073598492966605355 -0.00022923178984543045 -0.00086387329505355247 6.5128838733327667e-05 -0.0015077894817762873 0.00048601325589296099 -0.00011305167457243082
leaf_weight=5468080.4868569374 166382.54333496094 77332.354721069336 1781610.9287822247 1093704.6736490726 145206.86606788635 151412.75569152832 236251.89517211914 42103.540451049805 3298533.774967432 437333.69409441948 11703304.686065674 395015.42198896408 6538824.7272574902 23179484.462005615
leaf_count=67957 793 278 22350 20566 3078 1032 853 298 47677 18346 29175 950 79885 86034
internal_value=-9.59103e-08 -0.000559292 0.00102176 -2.23574e-05 -0.00261657 0.00828303 -0.0120391 -0.00449243 -0.00345715 0.00131856 -0.000427076 -0.00233972 0.00245998 -0.000378932
internal_weight=5.47146e+07 3.53628e+07 1.93518e+07 1.38837e+07 4.73096e+06 338723 402634 193516 4.39224e+06 9.15278e+06 3.49601e+07 2.17663e+06 6.97616e+06 3.48828e+07
internal_count=379272 117133 262139 194182 72651 4408 1646 1330 68243 121531 115487 23300 98231 115209
cat_boundaries=0 1 3 4
cat_threshold=6272 33554432 262144 131072
is_linear=0
shrinkage=0.035


Tree=188
num_leaves=15
num_cat=3
split_feature=12 0 36 31 6 1 1 9 41 14 0 0 36 36
split_gain=25639.4 28087.6 44201.5 27469.2 59109.2 38887.6 43763.9 27340.2 26324.8 25735.8 52349.5 50862.1 62187.9 54923.2
threshold=0.97673979454843807 0 9.9500000000000011 1.0000000180025095e-35 6.995425550159835 9.5000000000000018 15.500000000000002 0.71282979736162122 16.450000000000006 1.0038121718465678 1 2 3.8500000000000001 8.4500000000000011
decision_type=2 1 2 2 2 2 2 2 2 2 1 1 2 2
left_child=1 2 -1 7 -5 -6 -7 -2 9 11 -11 13 -13 -9
right_child=3 -3 -4 4 5 6 -8 8 -10 10 -12 12 -14 -15
leaf_value=1.7358008832463358e-05 0.0025053996453211548 -7.4673244922362713e-05 -0.0013534576514766042 0.008428155789716776 0.003141962470436333 -0.0022029492125975035 0.0017705066164008273 -0.00016900790439447822 -0.0013093815065676653 0.00070105638040492829 -0.00012336020805225854 0.00061414727231670846 -9.7656851056299098e-05 0.00042493511966441015
leaf_weight=902630.02290320396 160275.12351417542 6228785.5341253281 1020362.2535271645 126385.73432207108 118845.38038635254 170368.66164398193 137235.37384796143 1451185.2297554016 204844.5906264782 2241777.5345470905 19639745.529858589 2667241.7190551758 15089416.131661415 4555483.9913320541
leaf_count=7811 940 55374 11265 2479 529 1116 695 4751 1624 26451 103499 12481 132533 17724
internal_value=-6.27907e-06 -0.00181705 -0.00551456 0.000310734 0.00806598 0.00183538 -0.00473422 0.000217549 0.000167104 0.000223287 -0.000642788 0.00102078 7.90006e-05 0.00380481
internal_weight=5.47146e+07 8.15178e+06 1.92299e+06 4.65628e+07 552835 426449 307604 4.601e+07 4.58497e+07 4.56449e+07 2.18815e+07 2.37633e+07 1.77567e+07 6.00667e+06
internal_count=379272 74450 19076 304822 4819 2340 1811 300003 299063 297439 129950 167489 145014 22475
cat_boundaries=0 2 3 4
cat_threshold=67108864 262144 100663296 131072
is_linear=0
shrinkage=0.035


Tree=189
num_leaves=15
num_cat=1
split_feature=14 1 27 0 46 28 1 21 3 1 1 1 41 21
split_gain=24531.7 41429.8 40424.3 37263.6 35765.2 32674.9 81935.4 96334 105084 113111 68026.7 67897.2 67769.8 57715.9
threshold=1.1807223977627761 19.500000000000004 33.500000000000007 0 1.1500000000000006 59.500000000000007 17.500000000000004 1.0000000180025095e-35 1.0000000180025095e-35 19.500000000000004 21.500000000000004 11.500000000000002 2.8500000000000019 1.0000000180025095e-35
decision_type=2 2 2 1 2 2 2 2 2 2 2 2 2 2
left_child=5 2 4 -4 -2 6 11 -8 9 -9 -7 13 -13 -1
right_child=1 -3 3 -5 -6 10 7 8 -10 -11 -12 12 -14 -15
leaf_value=0.00017224458412458431 -0.00021588748353243301 -0.0015958228120708723 6.9676552111368615e-05 -0.00096320771927703886 0.00085801881933227054 0.00025513238709843554 0.00056580966875618239 -0.00180530315329211 0.00079327925017701065 0.00047095039183823312 -0.0024198783267569491 -0.00020030595363514442 -0.00096826897804729853 -0.00033775461961529289
leaf_weight=9749915.8139438629 1114001.9338896275 462107.27298474312 793725.16459202766 1111176.351436615 935668.13489508629 12723835.612880945 6378399.4686055183 925648.24247741699 1101246.1831686497 547833.31005644798 345826.21664810181 12968870.9341259 1904669.1968269348 3651658.9745745659
leaf_count=68286 7255 5716 4769 6121 5212 93991 49709 3238 13554 6451 10248 62071 11015 31636
internal_value=5.32034e-07 -0.00250043 -0.00134164 -0.0050123 0.00206977 0.000220143 -0.00030842 0.00260956 -0.0031047 -0.00921749 0.00172572 -0.00123238 -0.00286041 0.000574467
internal_weight=5.47146e+07 4.41668e+06 3.95457e+06 1.9049e+06 2.04967e+06 5.02979e+07 3.72282e+07 8.95313e+06 2.57473e+06 1.47348e+06 1.30697e+07 2.82751e+07 1.48735e+07 1.34016e+07
internal_count=379272 29073 23357 10890 12467 350199 245960 72952 23243 9689 104239 173008 73086 99922
cat_boundaries=0 1
cat_threshold=100669440
is_linear=0
shrinkage=0.035


Tree=190
num_leaves=15
num_cat=2
split_feature=12 0 10 11 14 0 14 5 1 36 21 46 1 21
split_gain=25667.6 29189.8 27044.8 30665 25137 53334.5 50001.2 50988.8 49838.4 69340 47000 45449.5 47287.3 68984.3
threshold=0.98100176941237194 0 0.9804322064227694 0.6961775351891345 1.0038121718465678 1 1.0123130853103539 21.500000000000004 16.500000000000004 26.250000000000004 1.0000000180025095e-35 5.9000000000000021 13.500000000000002 1.0000000180025095e-35
decision_type=2 1 2 2 2 1 2 2 2 2 2 2 2 2
left_child=1 -1 -2 -4 8 6 -6 -8 9 11 -10 12 -5 -14
right_child=2 -3 3 4 5 -7 7 -9 10 -11 -12 -13 13 -15
leaf_value=-0.00052076880982402014 0.00069424484512984534 -1.6611178480561884e-05 -0.0018711630946637171 9.4383001051774127e-05 -0.0011130663758075158 -0.0001660123094704131 -0.0002734875481193007 0.0012209932076005018 0.00058535664973736372 -0.00099590262365399662 -0.00017628696200938255 0.00056450432359268928 -0.00078480922106051161 0.00054295793611713514
leaf_weight=3530168.3395376205 1813709.8467345238 6130325.5904200077 106337.81003665924 8837914.2273442745 459815.48488116264 16933080.560460806 1149081.6537835598 2369497.750015974 5018318.8014888763 1183004.7215898037 1829164.9318830967 2294255.2584531307 2187318.6782770157 872589.1561999321
leaf_count=29907 19456 55583 661 65588 5873 83159 5983 25476 35383 7642 14700 13027 11703 5131
internal_value=-7.69887e-06 -0.0016448 0.000343329 0.000167705 0.000213986 -0.000657016 0.00298962 0.00440808 0.0010336 -7.254e-05 0.00351728 0.000606074 -0.000263682 -0.00401364
internal_weight=5.47146e+07 9.66049e+06 4.50541e+07 4.32404e+07 4.3134e+07 2.09115e+07 3.97839e+06 3.51858e+06 2.22226e+07 1.53751e+07 6.84748e+06 1.41921e+07 1.18978e+07 3.05991e+06
internal_count=379272 85490 293782 274326 273665 120491 37332 31459 153174 103091 50083 95449 82422 16834
cat_boundaries=0 2 3
cat_threshold=67110912 262144 100663424
is_linear=0
shrinkage=0.035


Tree=191
num_leaves=15
num_cat=1
split_feature=12 8 36 0 36 40 6 3 2 1 1 1 46 39
split_gain=24985.5 28638.3 26051.4 30674.7 46229.4 35041.3 26872 26094.5 24117.6 27388.1 35746.8 46066.6 27465.2 31986.4
threshold=0.99598734948493073 0.87334463782472904 -1.2499999999999998 0 9.9500000000000011 0.30000000000000043 8.0773460579588647 1.0000000180025095e-35 1.0000000180025095e-35 8.5000000000000018 16.500000000000004 19.500000000000004 2.5499999999999998 7.5500000000000007
decision_type=2 2 2 1 2 2 2 2 2 2 2 2 2 2
left_child=2 -2 6 4 -4 -5 -1 -7 9 -3 12 -12 -11 -14
right_child=1 8 3 5 -6 7 -8 -9 -10 10 11 -13 13 -15
leaf_value=0.0006897193044675512 0.003776350497201598 0.00028182708694909041 7.9759664769408032e-06 1.4273509926979113e-05 -0.0010975823275022536 -0.00031538927349011251 -0.00074940459956245541 -0.0020609599712584042 9.2140182199793253e-05 -0.00092698819432088426 0.00041905751451957204 -0.0011689301750789534 -0.0010667203180555909 7.4552430189376689e-05
leaf_weight=1130054.9070956707 126893.93120837212 1268213.0350420475 1571209.0516393185 10913164.370632887 1960710.7175335884 1794477.0594193935 188730.24621582031 377540.49872803688 30433854.475791693 1247638.3322944641 1423873.5604133606 499214.85320496559 531618.34971237183 1247389.4221744537
leaf_count=6017 1468 9349 12586 86311 19462 11151 217 4769 201210 5193 5387 6428 2955 6769
internal_value=-5.08131e-06 0.000517224 -0.0010761 -0.00145188 -0.00434631 -0.000670614 0.0036588 -0.00473047 0.000459754 -0.00152653 -0.00270232 0.00102912 -0.00507322 -0.00228108
internal_weight=5.47146e+07 3.67787e+07 1.79359e+07 1.66171e+07 3.53192e+06 1.30852e+07 1.31879e+06 2.17202e+06 3.66518e+07 6.21795e+06 4.94973e+06 1.92309e+06 3.02665e+06 1.77901e+06
internal_count=379272 238759 140513 134279 32048 102231 6234 15920 237291 36081 26732 11815 14917 9724
cat_boundaries=0 2
cat_threshold=67108864 262144
is_linear=0
shrinkage=0.035


Tree=192
num_leaves=15
num_cat=0
split_feature=6 17 28 39 41 36 46 9 28 46 35 36 8 36
split_gain=24347.6 39870.9 36092.4 53939.8 31704 48359.7 31667.8 31233.9 27929 50015 27488 41745.9 25837.3 24236.6
threshold=6.504670235650833 1.0000000180025095e-35 1.5000000000000002 12.750000000000002 2.1500000000000021 6.0500000000000007 -5.9999999999999982 0.71282979736162122 45.500000000000007 0.69999999999999962 1.5000000000000002 17.650000000000002 0.91651745689465181 30.650000000000002
decision_type=2 2 2 2 2 2 2 2 2 2 2 2 2 2
left_child=1 8 3 4 5 -2 -4 -8 -1 -10 11 -9 -12 -14
right_child=2 -3 6 -5 -6 -7 7 10 9 -11 12 -13 13 -15
leaf_value=0.0011284031190035176 -0.0006872553215211643 -0.0004593932488302536 -0.0026593161028991628 -0.0022865277243765544 -0.0048484969217990129 0.0018349005628789587 0.0018623918376945636 -0.0016550240770321697 -0.00067203092235184985 0.001792337791916827 0.0020433462433193782 -0.00018772938479477935 -6.3505569188123144e-06 -0.0012732161648664061
leaf_weight=2881207.7274208069 414634.48104858398 1799924.7853367329 90549.486968994141 408730.20927429199 135327.03343200684 365714.52144622803 246989.66310119629 81463.937522888184 1319010.3404991627 753854.92649292946 244292.82089233398 152742.89234161377 45519307.260047913 300832.72528076172
leaf_count=65862 1298 46774 476 2676 931 2096 1502 403 40442 13673 1686 971 198913 1569
internal_value=7.29457e-06 0.00197475 -0.000269771 -0.00596725 -0.0012481 0.00146405 -0.000107969 -6.77397e-05 0.00359567 0.00049742 -0.000133962 -0.0120939 -7.31512e-05 -0.000133678
internal_weight=5.47146e+07 6.754e+06 4.79606e+07 1.32441e+06 915676 780349 4.66362e+07 4.65456e+07 4.95407e+06 2.07287e+06 4.62986e+07 234207 4.60644e+07 4.58201e+07
internal_count=379272 166751 212521 7001 4325 3394 205520 205044 119977 54115 203542 1374 202168 200482
is_linear=0
shrinkage=0.035


Tree=193
num_leaves=15
num_cat=2
split_feature=39 6 22 3 42 46 14 0 41 40 36 6 0 39
split_gain=23796.6 33993.8 36471.9 29936.3 35539.5 29980.4 28961.4 37838.7 27570 26304.6 30168.9 27841.8 43584.1 32527.1
threshold=14.750000000000002 8.4911077780067021 1.0000000180025095e-35 1.5000000000000002 3.6499999999999999 -5.7999999999999972 0.87774408927532799 0 0.19999999999999998 1.7000000000000013 4.4500000000000011 7.7870645541658581 1 9.7500000000000018
decision_type=2 2 2 2 2 2 2 1 2 2 2 2 1 2
left_child=6 2 3 5 -5 -2 7 -1 -4 11 -11 -8 13 -13
right_child=1 -3 8 4 -6 -7 9 -9 -10 10 -12 12 -14 -15
leaf_value=0.0012381251035690976 -0.0024977135311681246 -0.0012704671057195594 0.0029433947718238039 -0.0017289486167172681 0.00013891768006975099 -9.8520569256027216e-05 0.00012145969885454051 -0.00049251553724502138 -0.00035624652648068148 0.00060072066706744068 -0.00083963070783109068 -9.5638651836283675e-05 -0.00044511894261059894 0.00019462256911896667
leaf_weight=621033.71952462196 57866.653763532639 109148.16149902344 166246.75619125366 567660.376932621 285103.37397289276 5691359.8877882957 30595863.359021664 354322.03933191299 78383.821602582932 284041.58610582352 1533124.1007323265 7145646.027923584 3240565.5848999023 3984217.3618164062
leaf_count=4810 402 148 444 5342 3256 32948 281253 3836 652 1771 11271 15248 8221 9670
internal_value=1.38938e-06 -0.00191123 -0.00160228 -0.00209401 -0.00821353 -0.00118631 0.00027995 0.00624911 0.0116681 0.000155502 -0.0039729 0.000322339 -0.000948438 9.16358e-05
internal_weight=5.47146e+07 6.95577e+06 6.84662e+06 6.60199e+06 852764 5.74923e+06 4.77588e+07 975356 244631 4.67835e+07 1.81717e+06 4.49663e+07 1.43704e+07 1.11299e+07
internal_count=379272 43192 43044 41948 8598 33350 336080 8646 1096 327434 13042 314392 33139 24918
cat_boundaries=0 1 2
cat_threshold=33691650 135168
is_linear=0
shrinkage=0.035


Tree=194
num_leaves=15
num_cat=1
split_feature=31 6 46 27 5 0 35 2 28 12 46 46 46 1
split_gain=24314 45980.4 29490.6 27629.9 71208 72793.4 58074.3 44006.6 43699.1 37405.9 35471.6 34555.8 35529.6 59702.9
threshold=1.0000000180025095e-35 6.7521798621251587 2.8000000000000003 55.500000000000007 13.500000000000002 0 1.5000000000000002 5.5000000000000009 22.500000000000004 0.99976021955559136 1.0000000000000009 -0.70000000000000184 3.3000000000000003 16.500000000000004
decision_type=2 2 2 2 2 1 2 2 2 2 2 2 2 2
left_child=3 -2 -3 6 9 7 -1 11 -9 -5 -7 -6 13 -13
right_child=1 2 -4 4 5 10 -8 8 -10 -11 -12 12 -14 -15
leaf_value=-0.0015360916985562845 0.0075573268648501659 0.0016360203206069158 -0.0012259907815493449 -0.00076107447275728898 0.00034535490419700359 -0.00036001340505269642 5.05433874223904e-05 -0.0012559370396358911 0.001812416767658212 0.00051116478098106035 -0.0011387199312871883 -0.00069687867884009487 7.5101539785412167e-05 8.8666306806064625e-05
leaf_weight=134495.37286257744 145206.86606788635 276572.215675354 186143.7190322876 544300.00331497192 1745080.4853656292 1914573.7640352249 37896872.618876934 168178.32010531425 575218.60059690475 2761856.8005132675 2572559.5508694649 2112983.1152968407 2318139.3297615051 1362402.0487322807
leaf_count=1170 3078 1408 1156 6124 17272 30539 239843 1725 5773 22140 24387 8945 10640 5072
internal_value=3.35611e-06 0.00696388 0.0015715 -7.48511e-05 -0.00129138 -0.0024767 0.000439359 -0.000531556 0.00759284 0.00328657 -0.00606687 -0.00133273 -0.00263326 -0.00487177
internal_weight=5.47146e+07 607923 462716 5.41067e+07 1.60753e+07 1.27691e+07 3.80314e+07 8.282e+06 743397 3.30616e+06 4.48713e+06 7.5386e+06 5.79352e+06 3.47539e+06
internal_count=379272 5642 2564 373630 132617 104353 241013 49427 7498 28264 54926 41929 24657 14017
cat_boundaries=0 1
cat_threshold=137218
is_linear=0
shrinkage=0.035


Tree=195
num_leaves=15
num_cat=1
split_feature=12 27 35 2 28 0 1 36 13 23 39 23 40 35
split_gain=24026.9 31640.6 48321.1 41051.7 40953.3 68337.2 50436.7 45207.4 36078.4 35896.2 33972.4 33216.9 34925 31755.6
threshold=1.038248653223538 55.500000000000007 1.5000000000000002 5.5000000000000009 27.500000000000004 0 6.5000000000000009 17.550000000000004 1.0412602633550088 1.0000000180025095e-35 13.350000000000003 1.0000000180025095e-35 0.20000000000000043 13.500000000000002
decision_type=2 2 2 2 2 1 2 2 2 2 2 2 2 2
left_child=1 2 -1 4 5 7 -6 11 -4 -10 -5 -3 -13 -8
right_child=-2 3 8 10 6 -7 13 -9 9 -11 -12 12 -14 -15
leaf_value=-0.0013497165104406053 0.00024581968808851752 0.00025879527949631263 -7.6248691333877134e-06 0.0011063757799664603 0.00095127390345602124 -0.00049299641885660272 0.00045553162920105076 0.0008875164669350325 -0.00015513309358209212 0.0023028481564922204 -0.0011841208284277093 -0.0012532368085412047 0.00040487375841511758 -0.00062694044866782683
leaf_weight=107735.20844388008 7355438.5005812645 649223.4196228981 34500748.376596689 987106.2122657299 388381.90443611145 2217496.7208709717 334746.04368019104 1078877.7658038139 322625.55208945274 409009.20572400093 193627.77869820595 223876.28936243057 163253.463545084 5782436.3693857193
leaf_count=875 66685 4353 205292 14442 11038 20092 2374 4721 4229 3693 2077 1124 660 37617
internal_value=-7.8234e-07 -0.000289829 0.000237752 -0.0018411 -0.00251624 0.000120053 -0.00427202 0.00462061 0.000309322 0.00800035 0.00435619 -0.00060004 -0.00871443 -0.00504854
internal_weight=5.47146e+07 4.73591e+07 3.53401e+07 1.2019e+07 1.08383e+07 4.33273e+06 6.50556e+06 2.11523e+06 3.52324e+07 731635 1.18073e+06 1.03635e+06 387130 6.11718e+06
internal_count=379272 312587 214089 98498 81979 30950 51029 10858 213214 7922 16519 6137 1784 39991
cat_boundaries=0 2
cat_threshold=133120 262144
is_linear=0
shrinkage=0.035


Tree=196
num_leaves=15
num_cat=0
split_feature=14 1 1 28 28 11 28 1 1 27 8 46 39 45
split_gain=24699 93303.2 65467.2 69614.8 100548 47659.7 46205.2 121991 84003.7 48395.7 45134.6 40642.7 38220 64666.6
threshold=0.94592306406186222 17.500000000000004 7.5000000000000009 1.5000000000000002 23.500000000000004 0.98251972219972605 57.500000000000007 18.500000000000004 6.5000000000000009 47.500000000000007 0.95631571607845323 -1.8 10.750000000000002 0.24500000000000005
decision_type=2 2 2 2 2 2 2 2 2 2 2 2 2 2
left_child=1 2 -1 -4 -5 -2 12 8 -8 -9 -10 -12 -7 -14
right_child=5 -3 3 4 -6 6 7 9 10 -11 11 -13 13 -15
leaf_value=0.00073403231819243488 -0.00029396666516149321 0.00095161220596980166 -0.0020324104574553025 0.00042730035457714979 -0.0004709915363706704 3.5109767911627677e-05 -0.0012652970890250747 -0.0013999407033330595 0.0040314042909156099 0.00011396833453657276 0.0016204824964465726 0.00039476860647510466 -0.00043960223684175686 0.00028856287944906448
leaf_weight=1076248.1013741493 10170489.107856989 2736529.31250453 523065.62931060791 3239872.0941944122 3663824.0788230896 13552856.630176544 557288.89455699921 1162647.3377199173 218212.66509175301 780846.56460881233 578214.85500431061 8499786.2334394455 6345817.1135048866 1608884.1929399967
leaf_count=19602 71847 28188 4590 19620 22770 74289 14650 13263 2022 9253 3139 50714 37267 8058
internal_value=8.08306e-06 0.0014706 -0.000338471 -0.00150757 -0.00057483 -0.00037002 0.000270367 0.00203061 0.00361128 -0.00598337 0.00440252 0.0040244 -0.000695132 -0.00262098
internal_weight=5.47146e+07 1.12395e+07 8.50301e+06 7.42676e+06 6.9037e+06 4.3475e+07 3.33046e+07 1.1797e+07 9.8535e+06 1.94349e+06 9.29621e+06 9.078e+06 2.15076e+07 7.9547e+06
internal_count=379272 94770 66582 46980 42390 284502 212655 93041 70525 22516 55875 53853 119614 45325
is_linear=0
shrinkage=0.035


Tree=197
num_leaves=15
num_cat=2
split_feature=12 8 27 0 1 6 1 19 6 28 11 28 14 0
split_gain=25226.9 26727.1 25703.6 47936.4 33638.9 30984.8 35266.4 35136.3 32702.4 28009.3 27979.8 25849.4 25783.8 24763.1
threshold=0.99598734948493073 0.87334463782472904 58.500000000000007 0 7.5000000000000009 7.4531918138198821 11.500000000000002 1.0000000180025095e-35 8.4911077780067021 42.500000000000007 1.0844110721613547 58.500000000000007 0.88599000440540199 1
decision_type=2 2 2 1 2 2 2 2 2 2 2 2 2 1
left_child=2 -2 4 12 9 7 8 -6 13 -1 -11 -5 -4 -7
right_child=1 -3 3 11 5 6 -8 -9 -10 10 -12 -13 -14 -15
leaf_value=-8.2739626527164535e-05 0.0035518986243081208 4.6704301128550012e-05 0.00082014040109034238 -0.0010848854595833228 0.00050832442488734893 0.0004289103413108656 -0.00031012943442994972 -0.00026425619618249591 -0.00075499078051188655 -0.0012278597851656491 0.001888941440326487 -0.0045757510703387429 -0.00035715980152057361 -0.00026365645127858918
leaf_weight=775538.42750525475 126893.93120837212 36651802.028633356 390634.36992383003 676880.10304379463 4512754.3765413761 1480963.1178131104 4659340.2333831787 2132989.3406512737 172166.87976074219 697354.56074309349 71565.205704450607 249052.73213458061 1406177.6939404011 710469.81011962891
leaf_count=11861 1468 237291 3719 11450 41301 4569 14847 22749 235 7992 779 3216 15230 2565
internal_value=3.28137e-06 0.000528103 -0.0010729 -0.00420481 -0.00051237 4.08595e-05 -0.00158017 0.0017539 0.00190211 -0.0054085 -0.0101421 -0.010674 -0.000870982 0.00305606
internal_weight=5.47146e+07 3.67787e+07 1.79359e+07 2.72274e+06 1.52131e+07 1.36687e+07 7.02294e+06 6.64574e+06 2.3636e+06 1.54446e+06 768920 925933 1.79681e+06 2.19143e+06
internal_count=379272 238759 140513 33615 106898 86266 22216 64050 7369 20632 8771 14666 18949 7134
cat_boundaries=0 1 3
cat_threshold=268572800 135170 262144
is_linear=0
shrinkage=0.035


Tree=198
num_leaves=15
num_cat=3
split_feature=12 9 0 31 6 46 35 0 36 46 36 28 0 39
split_gain=24400.8 35139.8 33425.6 26165.1 55025.7 31757.5 25947.4 47781.4 27568.3 32709.6 34034.3 55552.6 31068.9 28830.7
threshold=0.87196587563390382 0.71282979736162122 0 1.0000000180025095e-35 7.0098627643219507 -0.69999999999999973 1.5000000000000002 1 30.250000000000004 6.1500000000000021 23.750000000000004 59.500000000000007 2 8.2500000000000018
decision_type=2 2 1 2 2 2 2 1 2 2 2 2 1 2
left_child=2 -2 -1 6 -5 -6 7 -3 9 -8 12 13 -11 -12
right_child=1 3 -4 4 5 -7 8 -9 -10 10 11 -13 -14 -15
leaf_value=0.00041872466175901123 0.0026257381813889584 0.00016430822161760469 -0.0020099746418339318 0.0076349483709008082 0.0040166101671989286 -0.00038517244041186651 -2.3630241481313521e-05 -0.0014517378553428229 -0.0011982216739171046 0.00074484075275709134 -0.001356549580001652 0.0055046508041590239 5.1840054994920637e-05 -0.00016106141414565928
leaf_weight=179659.82524728775 203442.6210269928 132003.69663238525 312073.4325492382 146029.51232767105 57663.634056091309 379652.78953552246 47344887.646212101 94806.378577470779 402064.39875888824 2473945.3233585358 319470.33133888245 121811.6635761261 1645878.4688150883 901193.08909416199
leaf_count=2440 1287 1426 3139 2970 293 2078 329594 691 2683 13119 2203 990 10578 5781
internal_value=7.99913e-06 7.83867e-05 -0.0077534 2.37061e-05 0.00739604 0.00118416 -5.67768e-05 -0.0118695 -6.42152e-06 6.30947e-05 0.00262762 -0.00221214 0.0042047 -0.00446132
internal_weight=5.47146e+07 5.42228e+07 491733 5.40194e+07 583346 437316 5.34361e+07 226810 5.32093e+07 5.28072e+07 5.4623e+06 1.34248e+06 4.11982e+06 1.22066e+06
internal_count=379272 373693 5579 372406 5341 2371 367065 2117 364948 362265 32671 8974 23697 7984
cat_boundaries=0 1 2 3
cat_threshold=369229824 268439680 100796544
is_linear=0
shrinkage=0.035


Tree=199
num_leaves=15
num_cat=1
split_feature=12 11 27 0 1 6 1 28 6 28 11 2 28 36
split_gain=23263.3 26184.4 24517.3 46079.5 31661.8 28201.2 34146.2 32712.8 29815.7 27180.6 27016.8 25538.3 24355.8 23922.3
threshold=0.99598734948493073 1.1431321306073918 58.500000000000007 0 7.5000000000000009 7.4531918138198821 11.500000000000002 3.5000000000000004 8.4911077780067021 42.500000000000007 1.0844110721613547 5.5000000000000009 58.500000000000007 3.3500000000000001
decision_type=2 2 2 1 2 2 2 2 2 2 2 2 2 2
left_child=2 -2 4 -4 9 7 8 -6 13 -1 -11 -9 -5 -7
right_child=1 -3 3 12 5 6 -8 11 -10 10 -12 -13 -14 -15
leaf_value=-7.8446240176582562e-05 3.954296126985266e-05 0.0027687826300412796 -0.00010062972080045066 -0.0010459561529580503 -0.00087402804982773764 0.0007355890211742591 -0.00029844786659964916 0.00050478390672129068 -0.00072773904474212464 -0.0011831129745497207 0.0018236555483669059 -0.0004166880143084564 -0.0040562872960057776 5.4481441496423386e-05
leaf_weight=775538.42750525475 36425190.742478848 353505.21736288071 1796812.0638642311 676880.10304379463 772558.68171286583 597714.98320007324 4659340.2333831787 5034403.5378818512 172166.87976074219 697354.56074309349 71565.205704450607 838781.49759793282 249052.73213458061 1593717.944732666
leaf_count=11861 233038 5721 18949 11450 8296 1568 14847 45956 235 7992 779 9798 3216 5566
internal_value=1.21253e-05 0.000516108 -0.00102132 -0.0040801 -0.000473881 6.28442e-05 -0.00148366 0.00169712 0.00194287 -0.00522395 -0.00988696 0.00258772 -0.0104228 0.00304472
internal_weight=5.47146e+07 3.67787e+07 1.79359e+07 2.72274e+06 1.52131e+07 1.36687e+07 7.02294e+06 6.64574e+06 2.3636e+06 1.54446e+06 768920 5.87319e+06 925933 2.19143e+06
internal_count=379272 238759 140513 33615 106898 86266 22216 64050 7369 20632 8771 55754 14666 7134
cat_boundaries=0 1
cat_threshold=268572800
is_linear=0
shrinkage=0.035


Tree=200
num_leaves=15
num_cat=1
split_feature=14 1 27 1 1 0 28 28 1 21 3 1 1 1
split_gain=24172.5 38803.5 35841.8 34383.3 40976.7 32908.8 31141.4 30624.1 70373.9 91475 99807.2 105059 62595.2 57696.2
threshold=1.1807223977627761 19.500000000000004 33.500000000000007 17.500000000000004 6.5000000000000009 0 10.500000000000002 59.500000000000007 17.500000000000004 1.0000000180025095e-35 1.0000000180025095e-35 19.500000000000004 19.500000000000004 11.500000000000002
decision_type=2 2 2 2 2 1 2 2 2 2 2 2 2 2
left_child=7 2 3 4 -2 -4 -6 8 13 -10 11 -11 -9 -1
right_child=1 -3 5 -5 6 -7 -8 12 9 10 -12 -13 -14 -15
leaf_value=4.8580778004982391e-05 -0.0027939617677884845 -0.0015118163370767021 6.7594838123449051e-05 -0.00086453436563095891 -0.00074550448325549456 -0.00098355563437575711 0.00088184037659624675 0.00029777669183868256 0.0005328040976808982 -0.0017465570036444985 0.00059308235304445932 0.00038183253074375827 -0.00078667593442465389 -0.00027802850576430396
leaf_weight=13401574.788518429 100940.04321098328 462107.27298474312 793725.16459202766 352595.57089614868 197203.70076942444 1111176.351436615 1398930.7539081573 11699694.568789005 6378399.4686055183 925648.24247741699 1101246.1831686497 547833.31005644798 1369967.2607400417 14873540.130952835
leaf_count=99922 2483 5716 4769 1536 594 6121 7854 83649 49709 3238 13554 6451 20590 73086
internal_value=1.00121e-05 -0.00247257 -0.00135112 0.00186112 0.0039274 -0.00480746 0.00529511 0.000228009 -0.000283697 0.00242059 -0.0031477 -0.00910502 0.00168558 -0.00113999
internal_weight=5.47146e+07 4.41668e+06 3.95457e+06 2.04967e+06 1.69707e+06 1.9049e+06 1.59613e+06 5.02979e+07 3.72282e+07 8.95313e+06 2.57473e+06 1.47348e+06 1.30697e+07 2.82751e+07
internal_count=379272 29073 23357 12467 10931 10890 8448 350199 245960 72952 23243 9689 104239 173008
cat_boundaries=0 1
cat_threshold=100669440
is_linear=0
shrinkage=0.035


Tree=201
num_leaves=15
num_cat=2
split_feature=14 0 28 28 0 6 31 1 46 28 1 36 14 6
split_gain=23541.7 100815 72624.5 60395.1 55788.7 48982.2 40901.3 40855.1 39848.2 41948.4 68040.9 47488 41863.2 38600.3
threshold=0.94592306406186222 0 27.500000000000004 2.5000000000000004 1 6.995425550159835 1.0000000180025095e-35 17.500000000000004 4.2000000000000028 57.500000000000007 13.500000000000002 22.750000000000004 1.0038121718465678 6.5496881751860991
decision_type=2 1 2 2 1 2 2 2 2 2 2 2 2 2
left_child=1 13 3 5 7 -3 -4 -5 -2 11 12 -10 -11 -1
right_child=8 2 6 4 -6 -7 -8 -9 9 10 -12 -13 -14 -15
leaf_value=0.00094101376740494253 -8.9712641395009503e-05 0.0009966098257821604 -0.00023665294850313171 0.00055069801112084683 0.00054293277392591097 -0.0015063758575832897 0.0022463955215629148 0.0025204043079319685 0.00018147743286255497 0.0014437949274614702 0.001580205121039189 -0.00063812685132632284 -0.00042478928144179274 -0.001432096788900928
leaf_weight=168647.89722275734 35118956.753458261 448022.1164290905 3764735.8541178703 962685.97982597351 4035525.6714990139 429482.82773590088 338801.39644527435 318487.77395629883 4479750.4115028381 344746.79876685143 1302079.6762695312 1195673.0878677368 1033836.8670344353 773149.69897460938
leaf_count=4803 236972 8746 30154 3908 34352 2229 3197 1482 21650 2709 8511 7578 7082 5899
internal_value=5.27979e-06 0.00143312 0.00243558 0.00482793 0.00623197 -0.00367895 -0.00117562 0.012595 -0.000363859 0.00180845 0.00541674 0.000104144 -2.46203e-06 -0.00952773
internal_weight=5.47146e+07 1.12395e+07 1.02977e+07 6.1942e+06 5.3167e+06 877505 4.10354e+06 1.28117e+06 4.3475e+07 8.35609e+06 2.68066e+06 5.67542e+06 1.37858e+06 941798
internal_count=379272 94770 84068 50717 39742 10975 33351 5390 284502 47530 18302 29228 9791 10702
cat_boundaries=0 1 2
cat_threshold=67108864 131072
is_linear=0
shrinkage=0.035


Tree=202
num_leaves=15
num_cat=1
split_feature=14 1 27 0 46 28 1 21 3 1 1 1 17 21
split_gain=23305.8 35590.4 33882.3 31436.7 31044.6 28879.9 64657.7 84052.4 92228.3 97402.6 60266.2 53049.6 67960.4 54074.1
threshold=1.1807223977627761 19.500000000000004 33.500000000000007 0 1.1500000000000006 59.500000000000007 17.500000000000004 1.0000000180025095e-35 1.0000000180025095e-35 19.500000000000004 21.500000000000004 11.500000000000002 1.0000000180025095e-35 1.0000000180025095e-35
decision_type=2 2 2 1 2 2 2 2 2 2 2 2 2 2
left_child=5 2 4 -4 -2 6 11 -8 9 -9 -7 13 -13 -1
right_child=1 -3 3 -5 -6 10 7 8 -10 -11 -12 12 -14 -15
leaf_value=0.00016190458405210994 -0.0002319154908909908 -0.0014557628228301926 8.440487145634355e-06 -0.00089034501240425239 0.00077856766310520939 0.00023740133152611403 0.00051426828367447748 -0.0016815361197707209 0.00061526630286007865 0.00042129474919433033 -0.0023113591048132482 -8.3440543086469785e-05 -0.00061172021609234471 -0.00032583376148062149
leaf_weight=9749915.8139438629 1114001.9338896275 462107.27298474312 793725.16459202766 1111176.351436615 935668.13489508629 12723835.612880945 6378399.4686055183 925648.24247741699 1101246.1831686497 547833.31005644798 345826.21664810181 9751421.5996456146 5122118.5313072205 3651658.9745745659
leaf_count=68286 7255 5716 4769 6121 5212 93991 49709 3238 13554 6451 10248 48636 24450 31636
internal_value=-3.29421e-06 -0.00244096 -0.00136694 -0.00472748 0.00175625 0.000210759 -0.000286162 0.00230597 -0.00303162 -0.0087583 0.00162621 -0.00110694 -0.002546 0.000490173
internal_weight=5.47146e+07 4.41668e+06 3.95457e+06 1.9049e+06 2.04967e+06 5.02979e+07 3.72282e+07 8.95313e+06 2.57473e+06 1.47348e+06 1.30697e+07 2.82751e+07 1.48735e+07 1.34016e+07
internal_count=379272 29073 23357 10890 12467 350199 245960 72952 23243 9689 104239 173008 73086 99922
cat_boundaries=0 1
cat_threshold=100669440
is_linear=0
shrinkage=0.035


Tree=203
num_leaves=15
num_cat=1
split_feature=12 10 13 1 2 1 14 36 28 1 46 28 46 0
split_gain=24523 25946.3 38386.8 29399.3 28022.8 26779.5 68016.9 63107.3 72352.3 76711.7 56518.8 64880.3 55082.6 45818.9
threshold=0.97673979454843807 0.9804322064227694 0.97222343870680306 17.500000000000004 3.5000000000000004 16.500000000000004 0.94592306406186222 12.750000000000002 55.500000000000007 6.5000000000000009 3.3000000000000003 4.5000000000000009 -1.2999999999999992 0
decision_type=2 2 2 2 2 2 2 2 2 2 2 2 2 1
left_child=-1 -2 3 -3 -5 7 -7 8 13 -10 12 -12 -9 -4
right_child=1 2 5 4 -6 6 -8 10 9 -11 11 -13 -14 -15
leaf_value=-0.00019589993644833132 0.00061106978940953286 -7.7266109176152834e-05 -0.00024621086921993519 0.00027305254561227333 -0.0015710567519784391 0.00080332215475117073 3.5210327536425225e-05 0.00043927251968803571 -0.0009657349485402098 0.00098135766214092887 0.0016896513521885597 -5.7062146915009912e-05 -0.00057544899010034849 0.00018949160746522005
leaf_weight=8151777.8105556965 2084459.7283174992 782788.7702434063 4522916.953763485 194638.80382680893 567036.38498210907 2509892.8734443188 10830331.750682592 892781.61427736282 449639.13460445404 3204550.8496594429 258495.93852806091 7630586.7462539673 5495470.6747684479 7139214.7771987915
leaf_count=74450 22190 6177 19416 3238 2330 20417 68360 16629 11297 18743 1752 47684 32448 34141
internal_value=-5.95227e-06 0.000304082 0.000125223 -0.00529596 -0.0101913 0.000320241 0.00162217 -0.000266641 0.00129383 0.00559127 -0.00194067 4.09461e-05 -0.00438783 -5.27281e-05
internal_weight=5.47146e+07 4.65628e+07 4.44783e+07 1.54446e+06 761675 4.29339e+07 1.33402e+07 2.95937e+07 1.53163e+07 3.65419e+06 1.42773e+07 7.88908e+06 6.38825e+06 1.16621e+07
internal_count=379272 304822 282632 11745 5568 270887 88777 182110 83597 30040 98513 49436 49077 53557
cat_boundaries=0 1
cat_threshold=268566530
is_linear=0
shrinkage=0.035


Tree=204
num_leaves=15
num_cat=1
split_feature=9 31 6 46 40 46 41 0 27 28 28 9 35 39
split_gain=22516.9 21547.7 42432.8 27585.2 24806.5 28932 27374.7 24408 33769.3 61231.4 48736.5 44681.1 32591.7 29410.8
threshold=1.8201955231013425 1.0000000180025095e-35 6.7521798621251587 4.0000000000000018 6.950000000000002 0.39999999999999908 16.350000000000005 0 37.500000000000007 59.500000000000007 32.500000000000007 1.0024263095937853 39.000000000000007 14.750000000000002
decision_type=2 2 2 2 2 2 2 1 2 2 2 2 2 2
left_child=1 4 -3 -4 6 -6 7 8 9 -1 -10 -12 -11 -9
right_child=-2 2 3 -5 5 -7 -8 13 10 12 11 -13 -14 -15
leaf_value=-0.00030238147210604204 0.0037182144874630787 0.006943537803910633 0.0011626825323224788 -0.0017934024300053433 -0.00054070112299560045 -0.0073980440662822543 -0.0014285791044369744 6.1504833283792797e-05 2.8597325655411516e-05 -0.0011618313125428541 -0.0022487453073599699 -0.00051917333123789242 0.0016405950790816188 -0.00021902024094350232
leaf_weight=3679077.6424622536 162101.55069732666 145206.86606788635 338245.18427276611 124470.75043487549 164342.41274547577 60231.86313533783 196513.93865203857 39897052.232724667 1366646.362455368 65689.76463675499 843724.63998365402 845455.3228559494 974337.43749237061 5851486.8424897194
leaf_count=30640 2025 3078 1759 805 1141 484 1769 259133 14208 843 9432 10641 10275 33039
internal_value=-7.0927e-06 -4.5798e-05 0.00650671 0.00132653 -0.000119642 -0.0117276 -7.11133e-05 -2.32381e-05 -0.00183625 1.99054e-05 -0.00470271 -0.00867846 0.00751833 0.000284883
internal_weight=5.47146e+07 5.45525e+07 607923 462716 5.39446e+07 224574 5.372e+07 5.35235e+07 7.77493e+06 4.7191e+06 3.05583e+06 1.68918e+06 1.04003e+06 4.57485e+07
internal_count=379272 377247 5642 2564 371605 1625 369980 368211 76039 41758 34281 20073 11118 292172
cat_boundaries=0 2
cat_threshold=268435456 262144
is_linear=0
shrinkage=0.035


Tree=205
num_leaves=15
num_cat=2
split_feature=14 1 0 42 0 28 14 28 36 6 1 19 27 1
split_gain=23130.7 32973.9 27188.4 26745.6 32399.4 61880.2 56080.7 37949.1 37461.8 36365 31990.3 39153.7 47672.4 60311
threshold=1.1807223977627761 20.500000000000004 0 0.099999999999998909 1 57.500000000000007 0.94592306406186222 28.500000000000004 -0.54999999999999993 6.0076685446277631 8.5000000000000018 1.0000000180025095e-35 21.500000000000004 12.500000000000002
decision_type=2 2 1 2 1 2 2 2 2 2 2 2 2 2
left_child=3 2 -2 -1 5 8 7 -6 -5 -10 -8 12 13 -12
right_child=1 -3 -4 4 6 -7 10 -9 9 -11 11 -13 -14 -15
leaf_value=0.0001387926505688013 0.00098239606326149692 -0.0020636852308088321 -0.00029397265413397782 0.00065211783808043504 0.00050214793611949788 0.0006065386859750026 -0.00034245880477837043 -4.9479716144145292e-05 0.00040831508131575217 -0.0010864844606570724 0.00081424494454876645 -0.00037380278180699253 -0.00011430710639224022 7.1760777559044716e-05
leaf_weight=19554175.10438776 447303.02145075798 255231.83918118477 3714143.9971661568 465293.87919950485 4227005.8027653694 1206733.9472498894 3426937.9516570568 2809217.5346081257 508537.25167608261 2803090.3792610168 1479199.7179989815 3927279.1137895584 6399253.9944963455 3491179.2762186527
leaf_count=131818 5267 4282 19524 3836 28799 18834 27140 18780 18862 27826 5840 21712 31577 15175
internal_value=-1.22044e-05 -0.0024407 -0.00169174 0.000201043 -0.000442622 -0.00302582 5.71358e-05 0.0027211 -0.0052303 -0.00653688 -0.000943955 -0.000259205 0.000781495 0.00335306
internal_weight=5.47146e+07 4.41668e+06 4.16145e+06 5.02979e+07 3.07437e+07 4.98366e+06 2.57601e+07 7.03622e+06 3.77692e+06 3.31163e+06 1.87239e+07 1.52969e+07 1.13696e+07 4.97038e+06
internal_count=379272 29073 24791 350199 218381 69358 149023 47579 50524 46688 101444 74304 52592 21015
cat_boundaries=0 1 2
cat_threshold=100663296 369098752
is_linear=0
shrinkage=0.035


Tree=206
num_leaves=15
num_cat=2
split_feature=12 8 14 28 5 27 1 0 36 6 1 0 36 27
split_gain=23774 24406.8 24175.2 44613.5 55885.3 51015 44549.4 45596.7 73611 45142.2 36195.9 35958.7 33054.9 30624.6
threshold=0.99598734948493073 0.87334463782472904 1.0038121718465678 52.500000000000007 44.500000000000007 45.500000000000007 17.500000000000004 0 4.6500000000000012 6.8464943762460644 21.500000000000004 1 26.250000000000004 55.500000000000007
decision_type=2 2 2 2 2 2 2 1 2 2 2 1 2 2
left_child=-1 -2 3 6 5 -5 7 8 -3 -10 13 -7 -9 -4
right_child=1 2 10 4 -6 11 -8 12 9 -11 -12 -13 -14 -15
leaf_value=-0.00011981940513779392 0.0032978350491854138 0.0019364260983545003 4.716001811796316e-05 -0.00014662211235623248 -0.00022987551936485786 0.00027986770396188916 0.00054567392791631821 0.00010870837495683277 -0.00062246732240092998 -0.0018542404323030725 -0.0018276254034684889 0.0016943627920121748 -0.00053584472319646295 -0.00038351711016873275
leaf_weight=17935886.851264715 126893.93120837212 256733.61663293839 13963044.511131525 492911.6365301609 852408.00905275345 354723.34022855759 3049901.156676054 9689885.3943881989 899191.86674499512 550187.1641998291 436133.63478517532 1150104.5514345169 1202201.1396870613 3754376.0071415901
leaf_count=140513 1468 2069 70085 6458 6332 2403 25090 50568 15380 3797 10744 11524 6140 26701
internal_value=-1.16834e-05 0.000497801 0.000444747 0.00133522 0.00536269 0.00856406 0.000601655 -0.000317201 -0.00563742 -0.0086972 -0.000462635 0.0117651 0.000516155 -0.000217429
internal_weight=5.47146e+07 3.67787e+07 3.66518e+07 1.84982e+07 2.85015e+06 1.99774e+06 1.56481e+07 1.25982e+07 1.70611e+06 1.44938e+06 1.81536e+07 1.50483e+06 1.08921e+07 1.77174e+07
internal_count=379272 238759 237291 129761 26717 20385 103044 77954 21246 19177 107530 13927 56708 96786
cat_boundaries=0 1 3
cat_threshold=369098752 2048 262144
is_linear=0
shrinkage=0.035


Tree=207
num_leaves=15
num_cat=0
split_feature=12 14 1 36 1 1 42 9 14 28 40 1 31 28
split_gain=23090.8 25423.8 26910.6 23320.4 43630.2 24079.8 22871.5 28148.5 27092.3 41227.9 38295.4 34621.7 34256 30753.6
threshold=1.0836789748669984 1.1807223977627761 20.500000000000004 14.15 13.500000000000002 17.500000000000004 0.099999999999998909 0.98867193198769565 0.94592306406186222 28.500000000000004 4.2500000000000027 6.5000000000000009 1.0000000180025095e-35 8.5000000000000018
decision_type=2 2 2 2 2 2 2 2 2 2 2 2 2 2
left_child=1 6 3 5 -5 -3 7 -1 9 10 -8 -11 -13 -10
right_child=-2 2 -4 4 -6 -7 8 -9 13 11 -12 12 -14 -15
leaf_value=-0.00011800130753140184 0.00062411392642601894 8.5800058175032905e-05 -0.0019754078455517547 -0.0021935606637864405 -7.6114738154491859e-05 -0.00075353553050653264 0.00037978510211694207 0.00020901065297138977 -0.00047221519961289404 0.0023891846792438308 -0.0061534373671050975 -0.00038445806359038769 0.0018811084670451804 -6.8647017164482369e-05
leaf_weight=5161809.3740167618 2204706.1819200516 2434026.4038538933 238746.6100833416 290387.39468860626 476017.74737167358 583005.42680740356 4896761.7828674316 13731131.738179445 2739329.9399383068 128967.33070993423 69291.041323900223 2840548.1895539761 240205.13138961792 18679648.5184021
leaf_count=38721 24436 14551 3788 1986 2371 2690 40235 84995 18719 4197 870 20049 1885 119779
internal_value=-1.33333e-05 -0.000160664 -0.0028346 -0.00211543 -0.00756736 -0.000730472 6.11474e-05 0.00101253 -0.000546206 0.00116782 0.00316597 -0.00192369 -0.00266744 -0.00120046
internal_weight=5.47146e+07 5.25099e+07 4.02218e+06 3.78344e+06 766405 3.01703e+06 4.84877e+07 1.88929e+07 2.95948e+07 8.17577e+06 4.96605e+06 3.20972e+06 3.08075e+06 2.1419e+07
internal_count=379272 354836 25386 21598 4357 17241 329450 123716 205734 67236 41105 26131 21934 138498
is_linear=0
shrinkage=0.035


Tree=208
num_leaves=15
num_cat=2
split_feature=6 31 27 36 28 18 36 0 0 40 40 2 6 1
split_gain=22621.6 43124.8 42743 34798.8 31855.3 49700.3 40102.6 39959.6 32766.4 35781.4 31961.4 30936.1 30681.8 28848.7
threshold=6.504670235650833 1.0000000180025095e-35 28.500000000000004 13.950000000000001 1.5000000000000002 1.0000000180025095e-35 8.9500000000000011 0 1 0.1000000000000006 0.85000000000000109 2.5000000000000004 7.247873131544428 21.500000000000004
decision_type=2 2 2 2 2 2 2 1 1 2 2 2 2 2
left_child=1 2 3 -1 5 6 10 -8 9 -6 -2 -4 13 -10
right_child=4 -3 11 -5 8 -7 7 -9 12 -11 -12 -13 -14 -15
leaf_value=0.0004339869092447539 -0.00030354428482062189 0.0080602505130765219 -0.0009496811734331388 0.0024112094449070002 -0.0005045941819649014 -0.0025539634421968896 0.0041043356871002402 -0.00076470668216026467 0.00032961941560758948 0.00028999662475312775 -0.00702226764732518 0.00027658482180447605 -2.409658636244979e-05 -0.0017970564765684436
leaf_weight=2190699.3620789051 673282.0558013916 103965.99175453186 1318726.5352137089 816196.65877532959 4900563.2047805786 332910.0160369873 131992.83405303955 108850.90502166748 8586283.2554092407 1601518.8115081787 77370.434288024902 2324409.2319271564 31313304.516860962 234508.99759674072
leaf_count=47579 2745 2610 35723 21083 27426 2343 634 771 63614 10217 508 59756 102274 1989
internal_value=-1.37625e-05 0.00188268 0.00153297 0.0046216 -0.000280827 -0.00563344 -0.00170462 0.0107219 -0.000128819 -0.00243371 -0.00569173 -0.00101627 0.000244595 0.00206791
internal_weight=5.47146e+07 6.754e+06 6.65003e+06 3.0069e+06 4.79606e+07 1.32441e+06 991496 240844 4.66362e+07 6.50208e+06 750652 3.64314e+06 4.01341e+07 8.82079e+06
internal_count=379272 166751 164141 68662 212521 7001 4658 1405 205520 37643 3253 95479 167877 65603
cat_boundaries=0 1 3
cat_threshold=133122 301989888 262144
is_linear=0
shrinkage=0.035


Tree=209
num_leaves=15
num_cat=1
split_feature=12 13 23 1 11 27 1 46 46 28 0 35 12 39
split_gain=21463.4 25283.4 42672.3 23973.2 20765.7 20956.1 47531 63146.1 66101.3 66676.2 49977.7 42549.9 37260.3 34359.9
threshold=1.0735452706511159 0.9475584086921468 1.0000000180025095e-35 17.500000000000004 0.6961775351891345 55.500000000000007 16.500000000000004 -0.70000000000000184 3.3000000000000003 4.5000000000000009 0 1.5000000000000002 1.031056951979495 8.3500000000000032
decision_type=2 2 2 2 2 2 2 2 2 2 1 2 2 2
left_child=1 2 -1 -4 -3 11 7 -7 -9 -10 13 -6 -8 -11
right_child=-2 4 3 -5 5 6 12 8 9 10 -12 -13 -14 -15
leaf_value=0.0001733627452580903 0.00046039732271931441 -0.0014997671610374888 0.00010432432123778248 -0.0032616759780010854 -0.0012336435528583867 0.00046474175183637643 1.4442177817343039e-05 -0.00064868255589637183 0.0016589927881607584 -0.00037710041823007568 -0.00093337126999187489 4.3785663955609149e-05 0.00096563824190798648 0.00045734420136463541
leaf_weight=360938.39273548126 2813624.9997560978 87050.904141426086 66602.037440776825 214055.66835021973 108489.43367195129 1340564.2560670376 4104189.2720611095 3981992.2285411358 203934.88286209106 1108580.3507614136 1375142.2624130249 36389073.208869219 964741.74239206314 1595603.171043396
leaf_count=6340 29788 446 671 1026 951 23678 33596 23910 1243 5581 13512 222439 8375 7716
internal_value=-8.01955e-06 -0.000169423 -0.00707422 -0.0173101 -8.29963e-05 -5.39395e-05 -0.00117094 -0.00261791 -0.00376077 -0.000742841 -0.00171924 0.000395177 0.00157114 0.00104337
internal_weight=5.47146e+07 5.1901e+07 641596 280658 5.12594e+07 5.11723e+07 1.46747e+07 9.60582e+06 8.26525e+06 4.28326e+06 4.07933e+06 3.64976e+07 5.06893e+06 2.70418e+06
internal_count=379272 349484 8037 1697 341447 341001 117611 75640 51962 28052 26809 223390 41971 13297
cat_boundaries=0 1
cat_threshold=137218
is_linear=0
shrinkage=0.035


Tree=210
num_leaves=15
num_cat=3
split_feature=12 0 14 46 11 14 28 0 28 1 1 11 0 28
split_gain=21473.8 26317.7 30656.8 30654.6 23536.6 25591.4 73719.8 41989.7 41527.3 38217.9 46155 35416.5 44322.3 82740.6
threshold=0.98100176941237194 0 1.0239625556666898 -0.70000000000000184 1.1089369153782722 0.94592306406186222 25.500000000000004 1 2.5000000000000004 6.5000000000000009 16.500000000000004 0.97230271666327395 2 32.500000000000007
decision_type=2 1 2 2 2 2 2 1 2 2 2 2 1 2
left_child=1 2 -1 -4 5 6 7 -2 -9 -8 -11 -7 13 -13
right_child=4 -3 3 -5 -6 11 9 8 -10 10 -12 12 -14 -15
leaf_value=-0.00014731003532441632 -0.00014861054240293089 -0.00036744569608955892 -0.00049396892280079271 0.00074194727681118906 0.00149897636875884 -0.00034394740940522624 0.0024146933973436479 -0.00044005332631814079 0.00081375416727267745 -0.00045609217302518702 0.00038589458209959418 -0.00012683865892494089 -3.0184140180142014e-05 0.0013104392665021578
leaf_weight=2695262.7160522938 997332.83719944954 5760367.2965326309 255020.43668651581 949843.48068618774 734744.66361260414 5404542.3241641521 167598.1205124855 454855.12430524826 3188094.4914054871 3027320.7709589005 1369298.3807854652 2479067.5871706009 25033888.899476767 2197345.6815576553
leaf_count=29131 7413 47188 2897 6274 11047 38861 4596 5657 22298 19035 10322 14552 138577 21424
internal_value=-4.92027e-06 -0.00150232 0.000717808 0.00535892 0.000316153 0.00021315 0.00185587 0.00496236 0.0067044 -0.0013024 -0.00192772 -0.00021745 0.00025663 0.00338438
internal_weight=5.47146e+07 9.66049e+06 3.90013e+06 1.20486e+06 4.50541e+07 4.43193e+07 9.2045e+06 4.64028e+06 3.64295e+06 4.56422e+06 4.39662e+06 3.51148e+07 2.97103e+07 4.67641e+06
internal_count=379272 85490 38302 9171 293782 282735 69321 35368 27955 33953 29357 213414 174553 35976
cat_boundaries=0 1 2 3
cat_threshold=302121088 67110912 67108992
is_linear=0
shrinkage=0.035


Tree=211
num_leaves=15
num_cat=0
split_feature=12 27 35 13 23 14 1 1 28 40 3 28 44 8
split_gain=21229.3 26920.5 41128.3 35573.3 33689.9 33673.9 42542 38409.9 50780.3 40916.4 36567.5 36063.6 35284.2 33616
threshold=1.0295471662307361 55.500000000000007 1.5000000000000002 1.0412602633550088 1.0000000180025095e-35 1.1228774058946247 7.5000000000000009 13.500000000000002 1.5000000000000002 0.099999999999999853 1.0000000180025095e-35 13.500000000000002 1.2250000000000003 1.0195691635875019
decision_type=2 2 2 2 2 2 2 2 2 2 2 2 2 2
left_child=1 2 -1 5 -5 6 11 8 -8 12 -11 -4 -9 -7
right_child=-2 -3 3 4 -6 13 7 9 -10 10 -12 -13 -14 -15
leaf_value=-0.0011561654850706657 0.00019407385120401286 -0.00018961088113032628 0.00021013967964992079 -9.0993306635823383e-05 0.0022036185915853992 -0.00014601553698315924 -0.0012876175010865304 0.00014187054448165377 0.00030743022618628653 -0.00017667807057773817 -0.0018097377396915409 -0.0006465525818206548 -0.001301364636034634 -0.0020176824585615752
leaf_weight=104687.29030776024 9267104.5065133572 10762399.397949457 830794.09300279617 312879.53941941261 395618.26683950424 7418768.5552401543 495754.23167610168 9819337.9450609684 9734694.957408905 2939374.4392538071 552684.33877944946 1741048.1490092278 179654.27503967285 159782.82560586929
leaf_count=839 81833 89319 10854 4076 3538 29915 3871 59838 48328 15600 6423 22522 874 1442
internal_value=-8.27996e-06 -0.000319596 0.000154906 0.000221222 0.00798302 5.88666e-05 0.000651335 0.00111489 0.00273221 -0.000111536 -0.00337313 -0.00362432 0.00102755 -0.00199667
internal_weight=5.47146e+07 4.54475e+07 3.46851e+07 3.45804e+07 708498 3.38719e+07 2.62933e+07 2.37215e+07 1.02304e+07 1.34911e+07 3.49206e+06 2.57184e+06 9.99899e+06 7.57855e+06
internal_count=379272 297439 208120 207281 7614 199667 168310 134934 52199 82735 22023 33376 60712 31357
is_linear=0
shrinkage=0.035


Tree=212
num_leaves=15
num_cat=2
split_feature=9 14 0 1 1 11 0 14 36 35 6 40 6 46
split_gain=20996.1 20019.4 89343.5 64335.3 42275.2 41325.5 41592.9 64005.3 41194.3 38872.9 34760.1 33543.1 40293.8 40085.1
threshold=1.8201955231013425 0.94592306406186222 0 17.500000000000004 10.500000000000002 0.97230271666327395 1 0.98774795522931602 8.7500000000000018 1.5000000000000002 6.2306296359907156 0.25000000000000089 7.7578835065503329 2.5499999999999998
decision_type=2 2 1 2 2 2 1 2 2 2 2 2 2 2
left_child=1 2 10 4 11 -3 7 -7 -6 -8 -1 12 -4 -14
right_child=-2 5 3 -5 8 6 9 -9 -10 -11 -12 -13 13 -15
leaf_value=0.0019995671536263823 0.0034603085383819697 -0.00036208303642150749 0.00061643759793664123 0.00095981311716862821 -0.0014501020239184694 -0.001204438989456634 -0.001105710944617803 0.00048431690240256071 -6.0813386313297631e-05 -4.3269509679749593e-05 -0.0012825179008185336 0.0010115826595615434 -0.0005005243999611996 0.00038771959888393015
leaf_weight=100914.4617292881 162101.55069732666 6434367.7533876896 1758379.1556389332 2510386.2852342129 352351.59674835205 616020.13743209839 116384.51027345657 7113468.5200476646 4333964.6585731506 29037462.496449709 840883.13446807861 525062.77076339722 579399.30749511719 233436.47216796875
leaf_count=3849 2025 48553 23134 25037 2532 6761 1077 68821 26677 157313 6853 4396 1576 668
internal_value=-1.17032e-05 -4.90785e-05 0.00126747 0.00221159 0.000640033 -0.000390536 6.09901e-05 0.00234362 -0.00145675 -0.000544198 -0.00905074 0.00381357 0.00216734 -0.00427688
internal_weight=5.47146e+07 5.45525e+07 1.12348e+07 1.0293e+07 7.78259e+06 4.33177e+07 3.68833e+07 7.72949e+06 4.68632e+06 2.91538e+07 941798 3.09628e+06 2.57121e+06 812836
internal_count=379272 377247 94722 84020 58983 282525 233972 75582 29209 158390 10702 29774 25378 2244
cat_boundaries=0 1 2
cat_threshold=67108864 100663424
is_linear=0
shrinkage=0.035


Tree=213
num_leaves=15
num_cat=4
split_feature=12 36 0 36 40 11 14 28 5 27 0 0 28 0
split_gain=21175.5 23810.5 25987.9 37364 30856 23005.1 22486.4 39492.3 48846.2 48073.7 42571.2 39405.7 33716.1 47606.9
threshold=0.99598734948493073 -1.2499999999999998 0 7.8500000000000005 0.30000000000000043 1.1431321306073918 1.0038121718465678 52.500000000000007 44.500000000000007 53.500000000000007 1 2 41.500000000000007 3
decision_type=2 2 1 2 2 2 2 2 2 2 1 1 2 1
left_child=1 -1 3 -3 -4 6 7 10 9 -9 12 -11 -2 -14
right_child=5 2 4 -5 -6 -7 -8 8 -10 11 -12 -13 13 -15
leaf_value=0.00035075804381768776 0.00025762759060601247 0.00012227037147197154 1.0436767791450831e-05 -0.0008720403852069033 -0.00047562813088148357 0.0025376499731268 -4.5899826257248143e-05 -4.1217150817562766e-05 -0.00019838123871680809 -0.00014549523895266724 -0.00021927422433595421 0.0017196262017533689 -0.00085419164409830173 0.00023869311115857993
leaf_weight=1318785.153311491 8315972.3267166615 1178042.5986218452 10913164.370632887 2353877.1705510616 2172017.5581474304 353505.21736288071 17996894.184756041 589631.32248616219 852389.51448225975 314232.55546951294 5885170.7418839931 1071725.7439491749 566895.10653805733 832279.24619698524
leaf_count=6234 42900 9555 86311 22493 15920 5721 105187 7291 6325 2022 51809 10508 1891 5105
internal_value=-1.49546e-05 -0.00100094 -0.00136019 -0.00402435 -0.000641084 0.000465881 0.000379645 0.00123902 0.0050445 0.00806594 0.000549172 0.0116271 0.0019722 -0.00305448
internal_weight=5.47146e+07 1.79359e+07 1.66171e+07 3.53192e+06 1.30852e+07 3.67787e+07 3.64252e+07 1.84283e+07 2.82798e+06 1.97559e+06 1.56003e+07 1.38596e+06 9.71515e+06 1.39917e+06
internal_count=379272 140513 134279 32048 102231 238759 233038 127851 26146 19821 101705 12530 49896 6996
cat_boundaries=0 2 4 6 7
cat_threshold=67108864 262144 133248 262144 2048 262144 131072
is_linear=0
shrinkage=0.035


Tree=214
num_leaves=15
num_cat=0
split_feature=9 6 2 1 14 27 5 1 46 28 28 14 14 1
split_gain=20556.1 37677.7 30659.9 27545.7 49149.2 41454.4 73964.1 48545.8 46265 44730.6 42128.3 50691.6 40296.2 36021.1
threshold=0.99785972235981857 7.5026273891041511 4.5000000000000009 16.500000000000004 0.94592306406186222 59.500000000000007 30.500000000000004 7.5000000000000009 3.3000000000000003 13.500000000000002 52.500000000000007 0.94592306406186222 1.0038121718465678 21.500000000000004
decision_type=2 2 2 2 2 2 2 2 2 2 2 2 2 2
left_child=1 2 -1 5 -5 -2 10 -8 -9 -10 11 -7 -12 -6
right_child=3 -3 -4 4 13 6 7 8 9 -11 12 -13 -14 -15
leaf_value=0.00025402765559827596 0.00010208140303360177 -0.00023199065829406464 -0.0003842195738673924 0.00074847862127727291 0.00012400584093983044 0.00063233146597704284 0.00034191015583041277 -0.0010124727338268501 0.0010644606679272358 -0.0006005336071681519 0.0014226650448454941 -0.00039729159482637064 -7.6695923741612817e-06 -0.0012773211668786805
leaf_weight=6972680.2403132915 15159886.412399292 8952817.9886322021 2501094.3915202618 2541174.5723044872 8244146.4092562199 909337.83320808411 731476.65889978409 2096083.0807876587 291939.21555519104 1965523.4938564301 797511.78441929817 2125456.5605113506 693864.96150422096 731589.20793867111
leaf_count=69181 90834 26350 34244 20802 44436 7046 10430 11859 1681 13457 7400 16515 5539 19498
internal_value=-4.81666e-06 -0.000956835 0.000581696 0.000478607 0.00189283 -0.000178913 -0.00197712 -0.00487385 -0.00627562 -0.0027989 0.00127728 -0.00108983 0.00609408 0.000676245
internal_weight=5.47146e+07 1.84266e+07 9.47377e+06 3.6288e+07 1.15169e+07 2.47711e+07 9.61119e+06 5.08502e+06 4.35355e+06 2.25746e+06 4.52617e+06 3.03479e+06 1.49138e+06 8.97574e+06
internal_count=379272 129775 103425 249497 84736 164761 73927 37427 26997 15138 36500 23561 12939 63934
is_linear=0
shrinkage=0.035


Tree=215
num_leaves=15
num_cat=2
split_feature=46 36 28 23 27 31 35 46 0 0 42 1 27 6
split_gain=20085.3 49338.9 54076.2 44719 31351.4 27767.3 30058.1 26043.4 25919.6 25698.3 23756.9 26766.4 24231.5 20778.3
threshold=6.1500000000000021 24.050000000000004 59.500000000000007 1.0000000180025095e-35 29.500000000000004 1.0000000180025095e-35 1.5000000000000002 -0.69999999999999973 0 1 0.099999999999998521 13.500000000000002 32.500000000000007 7.7025552043685694
decision_type=2 2 2 2 2 2 2 2 1 1 2 2 2 2
left_child=5 3 -3 4 9 6 8 -7 -1 -2 11 12 -6 -11
right_child=1 2 -4 -5 10 7 -8 -9 -10 13 -12 -13 -14 -15
leaf_value=-0.0012563476585678028 0.00019289769497271483 -0.00062745413342981554 0.0048652292962085399 0.0010186290422904306 0.0024663032068421012 0.0045876403046580493 -2.5846139868264119e-05 0.00052846228062737425 -0.00044952919888036519 -0.00048001828317289217 0.0019253374011782456 0.0010574675826235957 -0.00030081882665577173 -0.0016456463986737784
leaf_weight=72895.88330578804 650563.02918243408 1420976.1354789734 119121.0605506897 1429341.5230712891 57019.131883859634 133997.76542758942 48144319.463541269 396008.73800754547 116688.59037876129 501056.54510879517 210367.91273880005 593170.80528640747 741816.84370613098 127239.38343811035
leaf_count=382 3820 9369 972 7173 432 2296 336902 2717 1497 2645 1620 3753 5283 411
internal_value=-2.14066e-06 0.00193583 -0.00344132 0.003857 0.00134611 -0.000234182 -0.000321551 0.00773332 -0.0142301 -0.00274062 0.00460774 0.00295096 -0.00123123 -0.0077891
internal_weight=5.47146e+07 5.85067e+06 1.5401e+06 4.31058e+06 2.88123e+06 4.88639e+07 4.83339e+07 530007 189584 1.27886e+06 1.60237e+06 1.39201e+06 798836 628296
internal_count=379272 35478 10341 25137 17964 343794 338781 5013 1879 6876 11088 9468 5715 3056
cat_boundaries=0 1 2
cat_threshold=131072 369229952
is_linear=0
shrinkage=0.035


Tree=216
num_leaves=15
num_cat=0
split_feature=40 46 36 41 12 13 23 1 8 13 23 11 12 9
split_gain=19736.4 36508 24820.1 24429.7 21161.4 22951.4 39222.3 22581.9 19554.8 19472.6 30395 18126.2 17046.2 26327.6
threshold=6.950000000000002 0.39999999999999908 19.450000000000003 16.700000000000006 1.0715481661699184 0.9475584086921468 1.0000000180025095e-35 17.500000000000004 0.99404717790987385 1.0479217476729314 1.0000000180025095e-35 0.6961775351891345 0.87196587563390382 0.74882452708744951
decision_type=2 2 2 2 2 2 2 2 2 2 2 2 2 2
left_child=3 2 -2 4 5 6 -1 -8 -6 11 -11 -7 -13 -14
right_child=1 -3 -4 -5 8 9 7 -9 -10 10 -12 12 13 -15
leaf_value=0.00019141267024483765 0.0005159548771017724 -0.0068851433548343388 -0.0033701386798183522 -0.0013297665413678837 0.0026183373111473333 -0.0013823741574706537 2.6985691322727153e-05 -0.0031284031368212597 0.00030354772952881581 -0.00032796727935092751 0.0018827800519074349 -0.00098145276022825975 0.0021517262987889975 -3.4840378096635638e-06
leaf_weight=355220.93548727036 123204.33437252045 64004.091883659363 57984.586254119873 194911.91207456589 312150.67490887642 85416.088866233826 66433.216217517853 213562.18148231506 2578181.7255251408 332191.15470433235 385402.57738924026 366268.92674088478 199309.63749885559 49380340.767700911
leaf_count=6254 810 513 459 1772 3930 431 667 1015 26720 5328 4517 3428 1299 322129
internal_value=3.35565e-06 -0.00990414 -0.0018767 4.79559e-05 9.23763e-05 -7.15324e-05 -0.00668314 -0.0164789 0.00300633 1.12253e-05 0.00573582 -7.08831e-05 -4.33316e-05 1.22442e-05
internal_weight=5.47146e+07 245193 181189 5.44694e+07 5.42745e+07 5.13841e+07 635216 279995 2.89033e+06 5.07489e+07 717594 5.00313e+07 4.99459e+07 4.95797e+07
internal_count=379272 1782 1269 377490 375718 345068 7936 1682 30650 337132 9845 327287 326856 323428
is_linear=0
shrinkage=0.035


Tree=217
num_leaves=15
num_cat=0
split_feature=14 1 28 1 1 1 21 3 21 3 1 11 46 36
split_gain=19922.6 28395.9 24860.9 55018.5 54341.6 68654 106260 125695 65101.8 65947.2 66014.4 53296.7 50766.2 48195.8
threshold=1.1807223977627761 20.500000000000004 59.500000000000007 19.500000000000004 16.500000000000004 12.500000000000002 1.0000000180025095e-35 1.0000000180025095e-35 1.0000000180025095e-35 1.0000000180025095e-35 20.500000000000004 1.1033314504077054 6.3500000000000014 24.550000000000004
decision_type=2 2 2 2 2 2 2 2 2 2 2 2 2 2
left_child=2 -2 4 11 5 -1 12 -8 -6 10 -10 13 -7 -4
right_child=1 -3 3 -5 8 6 7 -9 9 -11 -12 -13 -14 -15
leaf_value=2.011254997476649e-05 -0.00016203333635637544 -0.0018939652578081614 0.00017624042300954973 -0.00074397550555269044 0.00035660137017840297 -0.00080666295025476472 0.0010478445199139353 -0.00069900618848184359 -0.00094368129555221641 0.00053816878159688303 0.0017786090998272764 0.0026340326308536559 -4.6334874998341131e-05 0.0055280772419893471
leaf_weight=15624287.808593273 4161447.0186169147 255231.83918118477 11092890.629702568 1369967.2607400417 8549496.1665768623 5153752.7065734863 1492594.7734222412 1420953.7435722351 1687934.9516468048 1434540.0809538364 290445.03257346153 449523.72471189499 1574236.8598670959 157280.21437454224
leaf_count=112103 24791 4282 77783 20590 58012 25008 6476 9036 6476 15813 4832 4598 8204 1268
internal_value=3.30346e-06 -0.0022505 0.000201211 0.00151449 -0.000259839 -0.00117995 -0.00350248 0.00208107 0.00168353 -0.00240306 -0.00654595 0.00229155 -0.00592043 0.00181934
internal_weight=5.47146e+07 4.41668e+06 5.02979e+07 1.30697e+07 3.72282e+07 2.52658e+07 9.64154e+06 2.91355e+06 1.19624e+07 3.41292e+06 1.97838e+06 1.16997e+07 6.72799e+06 1.12502e+07
internal_count=379272 29073 350199 104239 245960 160827 48724 15512 85133 27121 11308 83649 33212 79051
is_linear=0
shrinkage=0.035


Tree=218
num_leaves=15
num_cat=0
split_feature=12 10 11 14 28 5 27 1 14 6 5 1 28 28
split_gain=19489.3 24856.7 27048.8 25439.9 37576.3 40852.5 36787.7 29545.8 27906.1 36445.7 56756.2 40175.4 196590 79116.1
threshold=0.98717839216049497 0.99524630364550715 1.1760519728891894 1.0038121718465678 52.500000000000007 44.500000000000007 47.500000000000007 21.500000000000004 1.0123130853103539 7.5504001876862077 18.500000000000004 8.5000000000000018 59.500000000000007 41.500000000000007
decision_type=2 2 2 2 2 2 2 2 2 2 2 2 2 2
left_child=-1 2 -2 4 -3 6 -6 8 -5 10 -10 12 -11 -13
right_child=1 3 -4 7 5 -7 -8 -9 9 11 -12 13 -14 -15
leaf_value=-0.00014474093718718216 0.00022253846421387721 2.090189690772505e-05 0.010120632136352616 -0.00051787728418612453 2.7460817157761248e-05 -0.00028601158694227231 0.0011993781474892798 -0.0017561680901620632 -0.0004400919005816438 -0.00048092533606160329 0.00050965141934954464 1.6915672158239207e-05 0.0019798472507165381 -0.00064071850829880168
leaf_weight=12020615.001429796 7440562.0237531662 14775741.452304363 58558.997622966766 2016666.3443911076 630730.57950091362 682880.26292419434 1349402.8281548023 420162.47619915009 1858961.3884048462 1007808.2020111084 5278336.763199091 3842843.782989502 559359.67309570312 2771953.0351257324
leaf_count=103329 53773 96438 780 14542 6754 4960 11987 10124 8629 1595 49837 6837 1508 8179
internal_value=3.67868e-06 0.000354184 0.00218372 -3.56437e-05 0.000913871 0.00474083 0.00728657 -0.000968189 -0.000745918 -0.000236419 0.0015914 -0.00183087 0.00320784 -0.00302463
internal_weight=5.47146e+07 4.2694e+07 7.49912e+06 3.51948e+07 1.74388e+07 2.66301e+06 1.98013e+06 1.77561e+07 1.73359e+07 1.53193e+07 7.1373e+06 8.18196e+06 1.56717e+06 6.6148e+06
internal_count=379272 275943 54553 221390 120139 23701 18741 101251 91127 76585 58466 18119 3103 15016
is_linear=0
shrinkage=0.035


Tree=219
num_leaves=15
num_cat=0
split_feature=9 41 14 1 28 28 1 11 46 27 21 28 36 1
split_gain=19574.8 19068.8 19711.1 63831.6 52783.8 60926.9 47369.7 34625.4 37459.2 53363.5 38593.8 35487.4 38569.9 45454.3
threshold=1.8201955231013425 29.000000000000004 0.94592306406186222 17.500000000000004 1.5000000000000002 23.500000000000004 7.5000000000000009 0.97230271666327395 4.2000000000000028 29.500000000000004 1.0000000180025095e-35 32.500000000000007 10.65 17.500000000000004
decision_type=2 2 2 2 2 2 2 2 2 2 2 2 2 2
left_child=1 2 3 4 -1 -6 -7 -4 11 10 -10 12 -9 -14
right_child=-2 -3 7 -5 5 6 -8 8 9 -11 -12 -13 13 -15
leaf_value=-0.0015518196965044126 0.0032944618039992208 -0.0030202109714793932 -0.00034465583514723368 0.00079070154471611444 0.00038269482658430707 0.00080552512104656575 -0.00038395718107202758 -4.4658306831952232e-05 -0.00032470363015086364 0.00056532036051795654 0.00068630231905084137 5.6767612989208838e-05 -0.00067567575778610712 0.00017405837036246625
leaf_weight=566201.06910443306 162101.55069732666 60626.174839019775 6421966.6422770023 2735691.741743803 3714568.2194361687 554646.97345709801 3622587.9420280457 8467518.8404173851 2303060.4870796204 3667684.1419067383 919549.14514350891 17669910.645380735 2785519.2021493912 1062950.035446167
leaf_count=6501 2025 405 48474 28169 27712 9571 22499 39176 10825 22556 4099 125978 19847 11435
internal_value=9.70402e-06 -2.63841e-05 -4.55568e-06 0.00130464 -0.000198498 0.000542104 -0.00235787 -0.000343017 7.00224e-05 0.00239711 -0.000888855 -0.000464707 -0.00190692 -0.00481222
internal_weight=5.47146e+07 5.45525e+07 5.44919e+07 1.11937e+07 8.458e+06 7.8918e+06 4.17723e+06 4.32982e+07 3.68762e+07 6.89029e+06 3.22261e+06 2.99859e+07 1.2316e+07 3.84847e+06
internal_count=379272 377247 376842 94452 66283 59782 32070 282390 233916 37480 14924 196436 70458 31282
is_linear=0
shrinkage=0.035


Tree=220
num_leaves=15
num_cat=1
split_feature=9 10 6 36 0 1 11 11 7 2 14 28 5 46
split_gain=19702.4 29196 27526.9 30976.3 35151.5 28583.4 26652.8 25548.8 27234.3 22279.5 21295.7 59625.3 34719.8 33759.6
threshold=0.98808934306701546 0.99524630364550715 7.4821686645750711 10.550000000000002 0 18.500000000000004 0.98550530253974833 0.89705021567745202 0.96613525685343027 4.5000000000000009 0.94592306406186222 20.500000000000004 23.500000000000004 4.8500000000000014
decision_type=2 2 2 2 1 2 2 2 2 2 2 2 2 2
left_child=2 6 9 5 -5 -4 -2 8 -3 -1 11 -9 -13 -12
right_child=1 7 3 4 -6 -7 -8 10 -10 -11 13 12 -14 -15
leaf_value=0.00023252578481978379 8.2724420466443404e-05 -0.0011702824125526213 -1.7039249074938616e-05 -0.00013372163602713664 -0.0011227176474240624 -0.0014097899762691238 0.00053579823457937002 0.00059043169762295299 0.0040376070514174973 -0.0003720620577369625 -9.2167959993672189e-05 0.001024439925285907 -0.00018750546466172113 0.00026181850823821712
leaf_weight=5292040.352987051 5236065.0756471157 457267.48945713043 3840098.3776702881 1168357.8506164551 1340555.6128082275 237509.81033325195 3132331.1134963036 2457840.3351004124 36437.362131118774 2148897.7713849545 21118285.141232967 427493.29271602631 3724887.1602210999 4096516.0653040409
leaf_count=55499 41752 3683 11395 3583 4900 728 25633 19369 311 30068 129941 3273 26809 22328
internal_value=7.26492e-06 0.00039724 -0.00112387 -0.00277182 -0.00583176 -0.000889051 0.00223974 -7.98441e-05 -0.00798067 0.000334847 4.27247e-05 0.001811 -0.000746432 -0.00042084
internal_weight=5.47146e+07 4.06871e+07 1.40275e+07 6.58652e+06 2.50891e+06 4.07761e+06 8.3684e+06 3.23187e+07 493705 7.44094e+06 3.1825e+07 6.61022e+06 4.15238e+06 2.52148e+07
internal_count=379272 273099 106173 20606 8483 12123 67385 205714 3994 85567 201720 49451 30082 152269
cat_boundaries=0 1
cat_threshold=131200
is_linear=0
shrinkage=0.035


Tree=221
num_leaves=15
num_cat=3
split_feature=12 27 0 1 28 6 28 1 6 0 27 36 0 9
split_gain=19311.2 22721.6 40641.1 30888.4 24480 23631.8 29085.1 29047 29511.2 21727.6 43714.5 21655.5 31485.7 21344.1
threshold=0.99598734948493073 58.500000000000007 0 7.5000000000000009 23.500000000000004 7.4531918138198821 3.5000000000000004 11.500000000000002 8.4911077780067021 1 37.500000000000007 3.3500000000000001 2 0.96222858433718317
decision_type=2 2 1 2 2 2 2 2 2 1 2 2 1 2
left_child=1 3 -3 4 -1 6 -5 8 11 -9 -11 -7 -13 -4
right_child=-2 2 13 5 -6 7 -8 9 -10 10 -12 12 -14 -15
leaf_value=0.00014864587967440356 4.6247738597642092e-05 -0.00010136500626261004 -0.0031127119656559612 -0.00080566942811943049 -0.0008127534579171888 0.00069873639716568948 0.00035066336223220894 -0.00011371662928487695 -0.00065865781869172693 -0.0010205530007283616 0.00069261859897617735 0.0003479737696943624 -0.00061777297980719344 -0.00088475123598392112
leaf_weight=507202.84883451462 36778695.959841728 1796812.0638642311 332952.44744753838 772558.68171286583 1037255.3451182842 597714.98320007324 5873185.035479784 3193397.3372802734 172166.87976074219 1193433.8610534668 272509.03504943848 1006200.555557251 587517.38917541504 592980.38773083687
leaf_count=8197 238759 18949 5081 8296 12435 1568 55754 9632 235 4325 890 3278 2288 9585
internal_value=1.28621e-05 -0.00092872 -0.00387336 -0.000401707 -0.0050934 0.000128423 0.00162445 -0.00128726 0.00187308 -0.00289044 -0.00641801 0.00296929 0.000838536 -0.00983001
internal_weight=5.47146e+07 1.79359e+07 2.72274e+06 1.52131e+07 1.54446e+06 1.36687e+07 6.64574e+06 7.02294e+06 2.3636e+06 4.65934e+06 1.46594e+06 2.19143e+06 1.59372e+06 925933
internal_count=379272 140513 33615 106898 20632 86266 64050 22216 7369 14847 5215 7134 5566 14666
cat_boundaries=0 1 2 4
cat_threshold=268572800 135298 135168 262144
is_linear=0
shrinkage=0.035


Tree=222
num_leaves=15
num_cat=2
split_feature=6 31 27 36 2 46 0 36 9 28 0 40 27 9
split_gain=19325.3 39777.1 40042 32190.4 29889.2 29669.9 26298 35590.6 49947.4 40911 30906.7 27013.7 31635.6 26838.6
threshold=6.504670235650833 1.0000000180025095e-35 28.500000000000004 13.950000000000001 2.5000000000000004 -5.9999999999999982 0 6.8500000000000005 1.0079116029041708 43.500000000000007 1 0.4500000000000009 12.500000000000002 0.71282979736162122
decision_type=2 2 2 2 2 2 1 2 2 2 1 2 2 2
left_child=1 2 3 -1 -4 -2 7 9 -9 10 11 12 -7 -8
right_child=5 -3 4 -5 -6 6 13 8 -10 -11 -12 -13 -14 -15
leaf_value=0.00041568333065666603 -0.0026544236804930212 0.0077039848626008047 -0.00093970002390089582 0.0022964519977727122 0.00025813144802154162 0.00070479232893995425 0.0019353821444192008 -0.00096648482659316564 9.8476247163488878e-05 0.0016437124885684243 -0.0013076458399785011 0.0021607326321450306 -0.00057161811466093567 4.8929876547891508e-06
leaf_weight=2190699.3620789051 96428.78987121582 103965.99175453186 1318726.5352137089 816196.65877532959 2324409.2319271564 482791.54299163818 228576.80082702637 2735616.1056518555 1683666.8732452393 507982.95458984375 465979.50978851318 112991.08836364746 594924.14195251465 41051627.224075317
leaf_count=47579 502 2610 35723 21083 59756 1046 1339 17544 11419 3125 2543 523 2005 172475
internal_value=5.28433e-06 0.00175812 0.00142226 0.00441171 -0.00104512 -0.000241557 -0.000202482 -0.00225672 -0.00405772 0.00142009 -0.00124431 0.0017463 3.92684e-05 0.000125159
internal_weight=5.47146e+07 6.754e+06 6.65003e+06 3.0069e+06 3.64314e+06 4.79606e+07 4.78642e+07 6.58395e+06 4.41928e+06 2.16467e+06 1.65669e+06 1.19071e+06 1.07772e+06 4.12802e+07
internal_count=379272 166751 164141 68662 95479 212521 212019 38205 28963 9242 6117 3574 3051 173814
cat_boundaries=0 2 4
cat_threshold=301989888 262144 0 262144
is_linear=0
shrinkage=0.035


Tree=223
num_leaves=15
num_cat=3
split_feature=40 46 36 41 14 0 46 31 20 36 0 6 11 0
split_gain=18920.4 36267.7 23049.9 21932.4 20626.5 78775.3 35092.5 36633.6 36139.5 37783.4 42874 33096 31531.3 37800.6
threshold=6.950000000000002 0.39999999999999908 19.450000000000003 16.350000000000005 0.94592306406186222 0 0.89999999999999991 1.0000000180025095e-35 1.0000000180025095e-35 26.050000000000004 1 6.2306296359907156 0.97230271666327395 2
decision_type=2 2 2 2 2 1 2 2 2 2 1 2 2 1
left_child=3 2 -2 4 5 11 7 -7 9 10 -8 -1 -6 -14
right_child=1 -3 -4 -5 12 6 8 -9 -10 -11 -12 -13 13 -15
leaf_value=0.0020369060827737863 0.00048522308420359875 -0.0065834804524044915 -0.0032156553819826486 -0.00126087231091099 -0.00031361932990302168 0.00049062257745179517 0.00059191664417621666 0.0050241156068292336 -0.0014464346331474801 -0.00050968435760516504 3.6734803887770747e-05 -0.001178414013702553 0.00033602902208637315 -3.8229189926308034e-05
leaf_weight=98601.250205755234 123204.33437252045 64004.091883659363 57984.586254119873 213763.16594457626 6421447.1390149593 3753600.7449040413 1602941.3859877586 133452.63825273514 324576.22793960571 1159259.6129131317 3093778.8839571476 822932.99435424805 7787909.1704313755 29057126.584690809
leaf_count=3763 810 513 459 1925 48645 42478 7104 1745 2688 6904 21284 6699 76148 158107
internal_value=6.58779e-06 -0.00969394 -0.00169297 5.02563e-05 9.43411e-05 0.00144844 0.002345 0.00495064 0.000706261 0.00133636 0.00273309 -0.00834609 -0.000249584 0.000144864
internal_weight=5.47146e+07 245193 181189 5.44694e+07 5.42556e+07 1.09891e+07 1.00676e+07 3.88705e+06 6.18056e+06 5.85598e+06 4.69672e+06 921534 4.32665e+07 3.6845e+07
internal_count=379272 1782 1269 377490 375565 92665 82203 44223 37980 35292 28388 10462 282900 234255
cat_boundaries=0 1 2 3
cat_threshold=67108864 131074 100663424
is_linear=0
shrinkage=0.035


Tree=224
num_leaves=15
num_cat=1
split_feature=37 1 41 46 14 1 27 46 1 1 36 7 0 6
split_gain=18842.5 38760.2 31253.9 21132.7 20916.3 26891.9 22837.4 35030.6 22732.8 52555.9 29207.8 27752.5 23889.3 22011.3
threshold=1.0500000000000003 9.5000000000000018 6.8500000000000023 0.29999999999999999 1.1807223977627761 20.500000000000004 46.500000000000007 1.1500000000000006 13.500000000000002 8.5000000000000018 10.450000000000001 0.99810662197485367 0 6.504670235650833
decision_type=2 2 2 2 2 2 2 2 2 2 2 2 1 2
left_child=4 -2 -3 -4 13 6 7 -6 9 11 -11 12 -8 -1
right_child=1 2 3 -5 5 -7 8 -9 -10 10 -12 -13 -14 -15
leaf_value=0.00043804126886331384 0.0006696903312104367 -0.00046876225419455452 -0.0019043161891373558 -0.0062095837789551194 -0.00034593404559222807 -0.0018202675846144133 -0.0016509019425163928 0.00052707816627221556 -6.3918091607304581e-05 0.00012791233873711894 -0.0022765675310249165 -0.0013037152358515494 0.0014311641572118073 3.0013733302041669e-06
leaf_weight=6147913.0825519562 245363.19585776329 582016.6046025753 133373.55830860138 84076.616054534912 1502766.3547437191 253758.15343332291 35329.348070144653 1221794.5454556942 687213.96997451782 75050.770156860352 367216.95268058777 101633.00166964531 145177.96150159836 43131898.696044922
leaf_count=151898 1976 4102 1170 612 9710 4248 413 6490 3393 288 2142 1302 888 190640
internal_value=1.58248e-05 -0.00463924 -0.00837381 -0.0196951 0.000106449 -0.00220855 -0.00153001 0.000341972 -0.0051431 -0.00946908 -0.0169986 0.00233402 0.0105706 0.000312674
internal_weight=5.47146e+07 1.04483e+06 799467 217450 5.36698e+07 4.38994e+06 4.13618e+06 2.72456e+06 1.41162e+06 724408 442268 282140 180507 4.92798e+07
internal_count=379272 7860 5884 1782 371412 28874 24626 16200 8426 5033 2430 2603 1301 342538
cat_boundaries=0 2
cat_threshold=33554560 262144
is_linear=0
shrinkage=0.035


Tree=225
num_leaves=15
num_cat=0
split_feature=40 46 36 41 9 6 2 14 28 5 46 2 1 28
split_gain=19699.9 34888.3 20037.9 19726.4 19517.1 29755.9 25479.9 24420.4 64173.1 40415.6 32879.2 32449.9 29631.4 35512.1
threshold=6.950000000000002 0.39999999999999908 19.450000000000003 16.350000000000005 0.99785972235981857 7.7025552043685694 4.5000000000000009 0.94592306406186222 20.500000000000004 23.500000000000004 4.8500000000000014 5.5000000000000009 13.500000000000002 57.500000000000007
decision_type=2 2 2 2 2 2 2 2 2 2 2 2 2 2
left_child=3 2 -2 4 5 6 -1 8 -6 -10 -9 -11 -12 -14
right_child=1 -3 -4 -5 7 -7 -8 10 9 11 12 -13 13 -15
leaf_value=0.0001572370916055267 0.000451124641190635 -0.0061361361867614097 -0.0031262984311061699 -0.0011712822325087825 0.00061844606330854323 -0.00022464250252714546 -0.00038063703987332976 -4.2728637588937797e-05 0.0010682194562065131 -0.00021188836060656178 3.2436015737154756e-05 0.0015507907024158358 0.00023552013691475443 0.0020178260758573377
leaf_weight=8911283.3191769123 123204.33437252045 64004.091883659363 57984.586254119873 213763.16594457626 3036875.3516376019 6710291.4771575928 2713361.0353014469 23114861.741945982 573883.80517697334 4232223.1754057407 2590490.3744471073 335169.26054811478 1382289.6581001282 654897.43375396729
leaf_count=76203 810 513 459 1925 23441 17583 35125 156255 4813 30203 16270 4793 6248 4631
internal_value=5.0718e-06 -0.00989324 -0.00204588 4.96307e-05 9.14397e-05 -0.00083771 0.000233552 0.000565704 0.00224651 -0.000136334 7.02237e-05 -0.00123632 0.00276312 0.00592129
internal_weight=5.47146e+07 245193 181189 5.44694e+07 5.42556e+07 1.83349e+07 1.16246e+07 3.59207e+07 8.17815e+06 5.14128e+06 2.77425e+07 4.56739e+06 4.62768e+06 2.03719e+06
internal_count=379272 1782 1269 377490 375565 128911 111328 246654 63250 39809 183404 34996 27149 10879
is_linear=0
shrinkage=0.035


Tree=226
num_leaves=15
num_cat=2
split_feature=40 46 36 12 13 23 1 41 14 0 0 6 7 1
split_gain=19263.6 34501.1 19358.8 19213.2 20075.5 35643.8 21439.8 19461.8 18633.7 27042.9 18163.5 22398.9 22003 17954.2
threshold=6.950000000000002 0.39999999999999908 19.450000000000003 1.0735452706511159 0.9475584086921468 1.0000000180025095e-35 17.500000000000004 16.350000000000005 1.1807223977627761 0 1 7.0721285931978555 0.96965471091935951 14.500000000000002
decision_type=2 2 2 2 2 2 2 2 2 1 1 2 2 2
left_child=3 2 -2 4 5 -1 -7 8 -6 -10 11 -5 13 -13
right_child=1 -3 -4 10 7 6 -8 -9 9 -11 -12 12 -14 -15
leaf_value=0.0001919867900044826 0.00043533527874896252 -0.0059213714202247612 -0.0030168779860174537 0.0021617586286432613 2.0487708362160652e-05 0.00014882498035280665 -0.0029636573747623797 -0.0011983940342103056 0.00093984554512163883 -0.00036996565715276719 -0.00020487105394673989 -0.0012875681838533579 0.00080286240024114394 0.00036679438099261754
leaf_weight=359418.00943565369 123204.33437252045 64004.091883659363 57984.586254119873 731772.27066588402 47032860.305654287 66481.125430583954 213799.16459274292 192712.34750461578 404526.62782216072 3416703.1537427902 929684.94403123856 275514.54467773438 573100.12145996094 272817.18357849121
leaf_count=6324 810 513 459 10889 314469 670 1023 1685 5159 18641 13299 1411 2642 1278
internal_value=7.88393e-06 -0.00978021 -0.00197652 5.19466e-05 -0.000100582 -0.00626236 -0.0156178 -2.33638e-05 1.87067e-05 -0.00233176 0.00288485 0.00488757 0.00177927 -0.00323276
internal_weight=5.47146e+07 245193 181189 5.44694e+07 5.16865e+07 639698 280280 5.10468e+07 5.08541e+07 3.82123e+06 2.78289e+06 1.8532e+06 1.12143e+06 548332
internal_count=379272 1782 1269 377490 347971 8017 1693 339954 338269 23800 29519 16220 5331 2689
cat_boundaries=0 1 2
cat_threshold=100663296 137346
is_linear=0
shrinkage=0.035


Tree=227
num_leaves=15
num_cat=2
split_feature=9 40 46 36 30 10 13 1 12 9 0 11 0 14
split_gain=18647.4 18096.9 30944.7 18825.7 18036.9 18290.6 31879.1 29427.9 27225.5 24693.4 24248.3 22819.7 22068.9 20854.6
threshold=1.8201955231013425 6.950000000000002 0.39999999999999908 19.450000000000003 1.0000000180025095e-35 0.9804322064227694 0.96316597543734361 17.500000000000004 0.91452972431206747 0.71282979736162122 0 0.6961775351891345 1 0.87774408927532799
decision_type=2 2 2 2 2 2 2 2 2 2 1 2 1 2
left_child=1 4 3 -3 5 -1 7 -7 12 -10 -9 -11 -8 -13
right_child=-2 2 -4 -5 -6 6 8 10 9 11 -12 13 -14 -15
leaf_value=0.00028038843928744427 0.0031413301532355236 0.00041594369815336823 -0.005719280056743316 -0.0029121192442171048 -0.0024214937032503324 4.7724896512750388e-05 -2.541581933664302e-05 -0.0031188644696758709 0.0022039998316730094 -0.0015941641828375534 -0.00086963135591934136 0.00052835895639577522 -0.0016737919726077365 -5.1270638676994712e-06
leaf_weight=4838374.8103311062 162101.55069732666 123096.87138271332 63874.186232566833 57673.312503814697 114429.88293004036 335386.99595594406 327406.4628777504 172713.37228298187 178482.46418142319 98549.945355415344 330350.28488826752 1009975.7247393131 374453.30355930328 46527713.643188477
leaf_count=51837 2025 809 511 455 1084 3262 3628 1155 1109 616 2759 7964 3109 298949
internal_value=1.04544e-05 -2.47685e-05 -0.00952244 -0.00212255 1.8018e-05 4.73292e-05 -0.000153994 -0.00692041 -3.70571e-05 6.33949e-05 -0.0122742 1.47072e-05 -0.00688032 4.95879e-05
internal_weight=5.47146e+07 5.45525e+07 244644 180770 5.43078e+07 5.41934e+07 4.9355e+07 838451 4.85166e+07 4.78147e+07 503064 4.76362e+07 701860 4.75377e+07
internal_count=379272 377247 1775 1264 375472 374388 322551 7176 315375 308638 3914 307529 6737 306913
cat_boundaries=0 2 3
cat_threshold=67108864 262144 369229826
is_linear=0
shrinkage=0.035


Tree=228
num_leaves=15
num_cat=0
split_feature=40 46 36 9 6 2 36 1 28 6 31 6 46 11
split_gain=17872.5 31297 17795.6 17314.9 27909.7 25211.4 24633.4 32051 28720.6 25143 24427.4 39244.8 30749.2 22765.4
threshold=6.950000000000002 0.39999999999999908 19.450000000000003 0.99785972235981857 7.5026273891041511 4.5000000000000009 10.65 18.500000000000004 51.500000000000007 8.2449829682960445 1.0000000180025095e-35 7.0098627643219507 2.6500000000000012 1.1585670336758052
decision_type=2 2 2 2 2 2 2 2 2 2 2 2 2 2
left_child=3 2 -2 4 5 -1 7 9 -9 -6 13 -12 -13 -5
right_child=1 -3 -4 10 6 -7 -8 8 -10 -11 11 12 -14 -15
leaf_value=0.0002248453905018055 0.00040554051455738083 -0.0055139486185308787 -0.0028093630829592437 3.0687037465741731e-05 7.9193334107060891e-05 -0.00036005831910956192 -0.00046436699618254137 -0.00029940564818198523 -0.0023080660860841746 -0.00042322499710437355 0.0069819934984499113 0.0019510574420654591 -0.0010896217196546829 0.0033615060062707532
leaf_weight=6947626.913777113 123204.33437252045 64004.091883659363 57984.586254119873 35370057.645901203 4456694.1042175293 2498434.5058391094 3286681.5180969238 336124.86706542969 142946.0027923584 715794.77127075195 116335.16584062576 212712.35649108887 166498.48999786377 219483.45730614662
leaf_count=68920 810 513 459 239502 13097 34220 10816 804 450 1138 2171 1059 1013 4300
internal_value=1.03902e-05 -0.00941767 -0.00198516 5.28322e-05 -0.000821431 0.000505117 -0.00222334 -0.000822145 -0.00948278 -1.9989e-05 0.000498244 0.0082154 0.00275968 0.000390788
internal_weight=5.47146e+07 245193 181189 5.44694e+07 1.83843e+07 9.44606e+06 8.93824e+06 5.65156e+06 479071 5.17249e+06 3.60851e+07 495546 379211 3.55895e+07
internal_count=379272 1782 1269 377490 129445 103140 26305 15489 1254 14235 248045 4243 2072 243802
is_linear=0
shrinkage=0.035


Tree=229
num_leaves=15
num_cat=0
split_feature=9 45 42 6 45 36 1 27 1 3 19 41 1 4
split_gain=17284.5 17352.6 27112.1 27654.2 24821.5 23619.9 25705.2 23342.4 63201.7 57038.7 49711.1 60550.7 47699.8 57029.8
threshold=1.8201955231013425 1.7850000000000004 3.8500000000000001 7.6119582566236863 1.9950000000000003 -1.0499999999999998 8.5000000000000018 6.5000000000000009 8.5000000000000018 1.5000000000000002 1.0000000180025095e-35 8.6500000000000039 16.500000000000004 1.0000000180025095e-35
decision_type=2 2 2 2 2 2 2 2 2 2 2 2 2 2
left_child=1 7 -3 -4 -5 6 -6 8 9 -1 11 12 -10 -14
right_child=-2 2 3 4 5 -7 -8 -9 10 -11 -12 -13 13 -15
leaf_value=-0.0010912342368574978 0.0029587085462789895 0.0010215745131808272 0.00096746591693364352 0.00054718686315514931 -0.00076190168382461656 -0.0011021275116808716 0.00083174602031160327 1.7814842656255702e-05 0.00056701373537397807 0.0040766310959064987 -0.00064659295610207303 -0.004238877335495334 -0.00047805316994411101 0.004420901027004224
leaf_weight=1225406.8821527958 162101.55069732666 259889.47359967232 569521.03913211823 99981.041534423828 88996.765594482422 250099.71197509766 127077.74359130859 45411601.210553408 2713205.2616977692 111544.01822972298 1877838.1851654053 118444.57881426811 1581183.3480126858 117692.00035595894
leaf_count=9054 2025 2121 5725 168 237 708 415 317816 12791 3702 12870 1078 9193 1369
internal_value=5.1974e-06 -2.87139e-05 0.00382382 0.00149009 -0.0039877 -0.00738161 0.00109436 -0.000129858 -0.00190578 -0.00882771 -0.00046168 0.00152293 0.00218592 -0.00241309
internal_weight=5.47146e+07 5.45525e+07 1.39557e+06 1.13568e+06 566155 466174 216075 5.31569e+07 7.74531e+06 1.33695e+06 6.40836e+06 4.53053e+06 4.41208e+06 1.69888e+06
internal_count=379272 377247 9374 7253 1528 1360 652 367873 50057 12756 37301 24431 23353 10562
is_linear=0
shrinkage=0.035


Tree=230
num_leaves=15
num_cat=1
split_feature=37 6 22 14 14 46 28 12 27 13 0 9 23 25
split_gain=17899.7 31294.6 20743 18048.2 23731.7 35318.5 23228.6 23064.4 28123.4 29126.2 28178.2 29989.5 26768.8 29338.4
threshold=1.5500000000000003 8.0360691099662986 1.0000000180025095e-35 1.1807223977627761 1.204935972430303 0.80000000000000027 11.500000000000002 1.0112950736810078 58.500000000000007 1.0352781564070572 0 0.91001273066168642 1.0000000180025095e-35 1.0000000180025095e-35
decision_type=2 2 2 2 2 2 2 2 2 2 1 2 2 2
left_child=3 2 -2 7 -5 -6 -7 8 9 -1 -10 -12 -11 -14
right_child=1 -3 -4 4 5 6 -8 -9 10 12 11 -13 13 -15
leaf_value=6.2696721536075255e-06 -0.00076812777991920557 0.0012241082731644511 -0.005664230619885708 -0.0007353484952673982 -0.00043483290422964641 -0.00038153097061372464 0.00072728726576181519 0.00018283712405722761 -7.0998985023799682e-05 4.0967766622297735e-06 -0.0043280540525619882 -0.0006278569136042221 0.0025430968681685044 0.000241161477247076
leaf_weight=28348474.66480732 532063.36125540733 57715.348419189453 47803.64973950386 1378111.6537549496 1545947.8478376865 430506.04055213928 1046106.2723379135 13681418.93019104 4660312.6366071701 434565.38165187836 153097.86432099342 1904500.104418993 293563.64762687683 200395.40758538246
leaf_count=163628 4209 131 432 9900 11688 1426 5941 112817 30185 4800 2294 27931 2186 1704
internal_value=-1.90815e-06 -0.00583198 -0.00827839 6.6831e-05 -0.00208146 -0.000345944 0.00352525 0.000257142 -0.000207811 0.000260824 -0.00225015 -0.00566154 0.00636058 0.0119345
internal_weight=5.47146e+07 637582 579867 5.4077e+07 4.40067e+06 3.02256e+06 1.47661e+06 4.96763e+07 3.59949e+07 2.9277e+07 6.71791e+06 2.0576e+06 928524 493959
internal_count=379272 4772 4641 374500 28955 19055 7367 345545 232728 172318 60410 30225 8690 3890
cat_boundaries=0 1
cat_threshold=137344
is_linear=0
shrinkage=0.035


Tree=231
num_leaves=15
num_cat=3
split_feature=10 13 1 12 9 0 11 0 9 14 0 28 31 1
split_gain=17365.1 29905 27235.7 25553.5 23107.2 22640.7 22547.7 19395.5 17808 17948.1 32858.2 18648.6 16681.8 39863.5
threshold=0.9804322064227694 0.96316597543734361 17.500000000000004 0.91452972431206747 0.71282979736162122 0 0.6961775351891345 1 1.8201955231013425 0.87774408927532799 2 23.500000000000004 1.0000000180025095e-35 17.500000000000004
decision_type=2 2 2 2 2 1 2 1 2 2 1 2 2 2
left_child=-1 2 -2 7 -5 -4 -6 -3 9 10 11 -8 -11 -14
right_child=1 3 5 4 6 -7 8 -9 -10 12 -12 -13 13 -15
leaf_value=0.00026305517339753645 0.00013183989378865666 -6.9634781038445945e-05 -0.0030192808638749066 0.0021317217767118594 -0.0014914706343466561 -0.00084738925243839792 0.0008534678024395213 -0.0015875778684802647 0.0046607452469805306 -1.9467339861812696e-05 0.00089135606696779052 -0.0016532019856081632 0.00020866232915321432 0.0071539635157608205
leaf_weight=4956058.3950901031 341841.3670668602 329285.56988763809 172919.2140455246 178644.55416250229 99856.751473426819 332293.8774728775 111329.84764480591 377471.07434940338 93690.004482030869 46283560.378798723 730173.23239088058 189307.75013232231 417249.22909355164 100901.56501579285
leaf_count=53005 3354 3641 1158 1110 622 2777 1114 3139 1289 296492 5546 1514 3309 1202
internal_value=7.05982e-07 -0.000196078 -0.00671617 -8.31611e-05 1.37071e-05 -0.0118785 -3.30304e-05 -0.00669002 1.58786e-06 -2.82727e-05 0.00454004 -0.00519828 -0.000128891 0.00611621
internal_weight=5.47146e+07 4.97585e+07 847054 4.89115e+07 4.82047e+07 505213 4.80261e+07 706757 4.79262e+07 4.78325e+07 1.03081e+06 300638 4.68017e+07 518151
internal_count=379272 326267 7289 318978 312198 3935 311088 6780 310466 309177 8174 2628 301003 4511
cat_boundaries=0 2 3 5
cat_threshold=67108864 262144 369229826 67108992 262144
is_linear=0
shrinkage=0.035


Tree=232
num_leaves=15
num_cat=2
split_feature=30 10 13 1 11 0 14 0 28 9 19 6 21 1
split_gain=17483.2 17055.5 29105.3 26386.2 21516.4 21431.1 18611.2 34276.7 17791.8 17666 16896.3 28012.3 33759.5 21872.6
threshold=1.0000000180025095e-35 0.9804322064227694 0.96316597543734361 17.500000000000004 0.6961775351891345 0 0.87774408927532799 1 24.500000000000004 1.8201955231013425 1.0000000180025095e-35 8.4021674823429802 1.0000000180025095e-35 9.5000000000000018
decision_type=2 2 2 2 2 1 2 1 2 2 2 2 2 2
left_child=1 -1 3 -3 -4 -5 7 8 -6 10 11 -8 -13 -12
right_child=-2 2 4 5 6 -7 9 -9 -10 -11 13 12 -14 -15
leaf_value=0.00026574865281021507 -0.0023563527342066767 0.0001272254975060537 -0.0014392691621445243 -0.0029136060336392841 0.00053542472299954907 -0.00081773062860305266 4.4109820695193764e-05 0.00090865540355480499 -0.0018870564456008405 0.0045597703870923403 0.00011915531817246172 -8.6272240757783315e-05 -0.00061090054402884351 -0.00023109364515468193
leaf_weight=4919627.4393248558 114429.88293004036 341841.3670668602 99856.751473426819 172919.2140455246 137881.41533970833 332293.8774728775 33957657.78546834 714049.97239732742 167689.06732225418 92743.108058691025 2874609.1191046238 1152396.7246398926 371884.96905517578 9264702.1174068451
leaf_count=52674 1084 3354 622 1158 1332 2777 214010 5447 1368 1283 28974 1646 501 63042
internal_value=2.01528e-06 3.06583e-05 -0.000164001 -0.00659624 -5.2428e-05 -0.0116775 -1.91704e-05 0.00465971 -0.00514985 -0.000119156 -0.000148878 0.00023674 -0.00440492 -0.001276
internal_weight=5.47146e+07 5.46002e+07 4.96805e+07 847054 4.88335e+07 505213 4.87336e+07 1.01962e+06 305570 4.7714e+07 4.76213e+07 3.54819e+07 1.52428e+06 1.21393e+07
internal_count=379272 378188 325514 7289 318225 3935 317603 8147 2700 309456 308173 216157 2147 92016
cat_boundaries=0 2 4
cat_threshold=67108864 262144 67108992 262144
is_linear=0
shrinkage=0.035


Tree=233
num_leaves=15
num_cat=2
split_feature=12 36 0 36 40 3 0 1 27 28 35 8 14 28
split_gain=16898.2 21074.6 23689.4 30028.9 26661 21724.9 19443.4 19368.5 22284.6 31023.8 18671 18319.9 18055.9 35016
threshold=0.99598734948493073 -1.2499999999999998 0 7.8500000000000005 0.30000000000000043 1.0000000180025095e-35 1 8.5000000000000018 13.500000000000002 59.500000000000007 17.500000000000004 0.87334463782472904 1.0038121718465678 52.500000000000007
decision_type=2 2 1 2 2 2 1 2 2 2 2 2 2 2
left_child=1 6 3 -3 7 -6 -1 8 9 -4 -5 -2 13 -13
right_child=11 2 4 10 5 -7 -8 -9 -10 -11 -12 12 -14 -15
leaf_value=0.0015963049236849493 0.0029264904667599869 0.0001011002896789538 -0.00045123784916650627 0.00049613510454445955 -0.00026680750044135972 -0.0018054429836375291 0.00014484041546493589 8.6674621773463937e-05 -3.2635423029303144e-05 -0.0015550090624373814 -0.00092645666725962752 4.9937864598930441e-05 -3.5793637124282356e-05 0.0005786133694001633
leaf_weight=199255.31448817253 126893.93120837212 1178042.5986218452 434513.21112251282 102808.15281033516 1794477.0594193935 377540.49872803688 1119529.8388233185 9136965.2528216839 1152110.9787118435 189574.92797684669 2251069.0177407265 15648100.338329077 18153554.15305829 2850147.5372459888
leaf_count=1260 1468 9555 5201 1348 11151 4769 4974 63742 16233 1135 21145 103044 107530 26717
internal_value=-1.34041e-06 -0.000882133 -0.00122012 -0.00376373 -0.000533546 -0.00407481 0.00337654 0.000171266 -0.00317295 -0.00849949 -0.00604681 0.000428196 0.000382232 0.0011518
internal_weight=5.47146e+07 1.79359e+07 1.66171e+07 3.53192e+06 1.30852e+07 2.17202e+06 1.31879e+06 1.09132e+07 1.7762e+06 624088 2.35388e+06 3.67787e+07 3.66518e+07 1.84982e+07
internal_count=379272 140513 134279 32048 102231 15920 6234 86311 22569 6336 22493 238759 237291 129761
cat_boundaries=0 2 3
cat_threshold=67108864 262144 67108866
is_linear=0
shrinkage=0.035


Tree=234
num_leaves=15
num_cat=2
split_feature=40 40 39 0 12 27 3 39 46 5 28 0 35 1
split_gain=16692.9 29730.8 18747 17985.6 16629.6 21423.5 35675.7 34672.2 31008.9 34394.5 36465.8 62470.8 29319.5 28908.3
threshold=6.950000000000002 8.9500000000000028 9.2500000000000018 0 1.0488390177566751 55.500000000000007 1.5000000000000002 13.350000000000003 1.0000000180025095e-35 13.500000000000002 39.500000000000007 1 1.5000000000000002 7.5000000000000009
decision_type=2 2 2 1 2 2 2 2 2 2 2 1 2 2
left_child=4 2 -2 -3 5 12 8 -8 -7 -10 11 -11 -1 -14
right_child=1 3 -4 -5 -6 6 7 -9 9 10 -12 -13 13 -15
leaf_value=-0.00097391599503222404 -0.0049925063359083982 0.0016414565586992632 -0.00048157370019612293 -0.0011043262320287923 0.00027315718155489297 6.0442308551517366e-05 0.001024369659609497 -0.001058731048365613 0.00016313699881873175 0.00032063151488003481 -0.00075100241732369119 -0.00060222640837552229 -0.00024686757053040418 6.6102421714179038e-05
leaf_weight=111300.91361308098 88069.995704650879 47086.167659759521 63264.601463317871 46772.247682571411 5238450.9240539074 4110351.0855519772 1039352.6247401237 208028.06071972847 1443770.0701084137 1172680.9287948608 2771156.197855711 2362386.703742981 3624244.4229929447 32387667.866422415
leaf_count=930 621 234 459 468 51141 46779 15246 2228 7958 4291 14860 14947 45440 173670
internal_value=-1.66901e-07 -0.00911179 -0.0187094 0.00636351 4.08506e-05 -0.000158637 -0.0013707 0.00425969 -0.00196286 -0.00326618 -0.00438182 -0.00202537 0.000281173 0.000336609
internal_weight=5.47146e+07 245193 151335 93858.4 5.44694e+07 4.92309e+07 1.31077e+07 1.24738e+06 1.18603e+07 7.74999e+06 6.30622e+06 3.53507e+06 3.61232e+07 3.60119e+07
internal_count=379272 1782 1080 702 377490 326349 106309 17474 88835 42056 34098 19238 220040 219110
cat_boundaries=0 2 4
cat_threshold=133120 262144 131072 262144
is_linear=0
shrinkage=0.035


Tree=235
num_leaves=15
num_cat=2
split_feature=27 1 3 0 29 45 6 2 40 22 28 39 45 0
split_gain=16688 60542.2 62383.5 57138.3 53576.6 36489.7 37676.2 32163.3 30710.9 30485.1 30376.4 30060 29385.2 27033.8
threshold=7.5000000000000009 8.5000000000000018 1.0000000180025095e-35 0 1.0000000180025095e-35 1.0150000000000003 8.4021674823429802 5.5000000000000009 0.30000000000000138 1.0000000180025095e-35 41.500000000000007 15.350000000000003 0.17500000000000004 1
decision_type=2 2 2 1 2 2 2 2 2 2 2 2 2 1
left_child=1 2 11 4 5 6 7 8 -3 -10 -5 12 -1 -13
right_child=-2 3 -4 10 -6 -7 -8 -9 9 -11 -12 13 -14 -15
leaf_value=-0.0013413455035202338 2.7197799816309791e-05 0.00047721896363987694 0.0023178503526230009 -0.001130894692158978 -0.0011224767988373091 0.00074059444386718543 -0.00085361435121273038 -0.0008128756450825783 -8.6162012339113502e-05 -0.0040371289672062336 6.5272653176991642e-05 -0.00093718706814450298 -0.00013658685299582044 0.00057675467981375072
leaf_weight=972654.5775449276 45450165.101312399 3313659.6535336971 230643.05327820778 1559708.9537682533 66670.334705352783 481454.72600460052 167083.28295898438 435896.19486761093 526065.62907361984 92043.938378334045 991225.91108846664 70112.645027160645 219111.09736847878 138087.7121963501
leaf_count=6748 320263 15872 6075 12480 270 1642 226 2790 2755 770 7020 324 1121 916
internal_value=-6.67229e-06 -0.00136054 -0.00748239 -5.28878e-05 0.00209225 0.00250655 0.00153386 0.00215785 0.0031579 -0.00400417 -0.00432718 -0.0102611 -0.0124047 0.00200925
internal_weight=5.47146e+07 9.26442e+06 1.63061e+06 7.63381e+06 5.08287e+06 5.0162e+06 4.53475e+06 4.36767e+06 3.93177e+06 618110 2.55093e+06 1.39997e+06 1.19177e+06 208200
internal_count=379272 59009 15184 43825 24325 24055 22413 22187 19397 3525 19500 9109 7869 1240
cat_boundaries=0 2 4
cat_threshold=33691648 262144 131072 262144
is_linear=0
shrinkage=0.035


Tree=236
num_leaves=15
num_cat=2
split_feature=40 40 39 41 0 14 0 1 28 2 20 1 6 28
split_gain=16511.4 28616.2 18170 16864 19631.7 17488.2 71153.6 51483.9 43245.9 42401.4 41874.7 32801.8 31602.2 29271.9
threshold=6.950000000000002 8.9500000000000028 9.2500000000000018 16.350000000000005 0 0.94592306406186222 1 17.500000000000004 39.500000000000007 4.5000000000000009 1.0000000180025095e-35 7.5000000000000009 7.3864881986786592 34.500000000000007
decision_type=2 2 2 2 1 2 1 2 2 2 2 2 2 2
left_child=3 2 -2 5 -5 6 12 8 10 11 -8 -10 -1 -7
right_child=1 -3 -4 4 -6 13 7 -9 9 -11 -12 -13 -14 -15
leaf_value=-0.00068887419572802127 -0.004775743967013542 0.00054981143920934737 -0.00046567054368282874 0.00056636174734797824 -0.0016494866245600926 -0.00012351062608126557 0.0002924223430091226 0.00089257433648618119 0.00078331426157636432 0.001225373427865383 -0.0012951166073212179 -0.000797667005211841 -0.0023319965863955855 5.8473382337878941e-05
leaf_weight=827194.95999884605 88069.995704650879 93858.415342330933 63264.601463317871 47058.060929536819 166705.10501503944 18879326.423045874 5625650.837584734 2461902.6067233086 193803.81510782242 263196.19872260094 350881.66376852989 1172174.3720474243 94339.284561157227 24387156.47109127
leaf_count=10020 621 702 459 449 1476 106632 41648 24440 2645 3324 3794 6352 442 176268
internal_value=-6.0679e-06 -0.00906802 -0.018484 3.4726e-05 -0.00977637 7.33828e-05 0.00132023 0.0021723 0.000748316 -0.00430656 0.00212626 -0.00678508 -0.00798844 -0.0002433
internal_weight=5.47146e+07 245193 151335 5.44694e+07 213763 5.42556e+07 1.09891e+07 1.00676e+07 7.60571e+06 1.62917e+06 5.97653e+06 1.36598e+06 921534 4.32665e+07
internal_count=379272 1782 1080 377490 1925 375565 92665 82203 57763 12321 45442 8997 10462 282900
cat_boundaries=0 2 3
cat_threshold=128 262144 67108864
is_linear=0
shrinkage=0.035


Tree=237
num_leaves=15
num_cat=0
split_feature=9 10 11 28 1 1 9 27 5 27 27 28 11 7
split_gain=16120.5 27091.9 26005.8 25295.5 64448.7 41849.6 37051.8 31589.3 30840.7 27324.4 24370.6 23389.5 22818.9 24722.5
threshold=0.98808934306701546 0.99524630364550715 0.98550530253974833 59.500000000000007 18.500000000000004 7.5000000000000009 0.98637269500911773 12.500000000000002 16.500000000000004 44.500000000000007 15.500000000000002 46.500000000000007 0.89705021567745202 0.96613525685343027
decision_type=2 2 2 2 2 2 2 2 2 2 2 2 2 2
left_child=3 2 -2 11 5 7 8 -5 10 -10 -7 -1 13 -3
right_child=1 12 -4 4 -6 6 -8 -9 9 -11 -12 -13 -14 -15
leaf_value=-0.00019738583739704061 7.308397818140681e-05 -0.0010754650621089725 0.00052165015426928487 -0.0017015348038055191 -0.0013500998033805593 -0.00082784166079530265 -0.00094321766907382281 -0.00027767613377381199 0.00073160853327433292 -0.00055776764348112659 0.00016293109717060568 -0.0009078080637078056 2.5553131999264075e-07 0.0033822176874788159
leaf_weight=7065544.4438853264 5236065.0756471157 457267.48945713043 3132331.1134963036 137377.94166851044 648817.09801530838 347722.02143359184 144441.37791824341 535215.73824214935 2628656.372592926 274371.51257896423 1465670.0987224579 779643.17074275017 31825021.994574547 36437.362131118774
leaf_count=57915 41752 3683 25633 1294 6682 1858 633 6400 14377 1567 8416 7031 201720 311
internal_value=-4.2662e-06 0.000348484 0.00212335 -0.00102743 0.000646849 0.00187052 0.00300276 -0.0063121 0.00353752 0.0057744 -4.34698e-05 -0.00234682 -0.000111088 -0.00757788
internal_weight=5.47146e+07 4.06871e+07 8.3684e+06 1.40275e+07 6.18227e+06 5.53346e+06 4.86086e+06 672594 4.71642e+06 2.90303e+06 1.81339e+06 7.84519e+06 3.23187e+07 493705
internal_count=379272 273099 67385 106173 41227 34545 26851 7694 26218 15944 10274 64946 205714 3994
is_linear=0
shrinkage=0.035


Tree=238
num_leaves=15
num_cat=3
split_feature=12 27 0 27 36 6 14 0 0 27 27 46 14 46
split_gain=16457.4 20823.6 35804.1 23501.6 33189.5 28579.4 29208.1 40825.1 23076.5 30158 30036.7 22059.5 21912 21619.3
threshold=0.99598734948493073 58.500000000000007 0 15.500000000000002 -1.9499999999999997 6.4595005923695856 1.0239625556666898 1 2 23.500000000000004 33.500000000000007 1.0000000000000009 0.91445908622183281 0.49999999999999983
decision_type=2 2 1 2 2 2 2 1 1 2 2 2 2 2
left_child=1 3 -3 4 -1 -6 7 -7 10 -10 12 -12 -5 -8
right_child=-2 2 -4 8 5 6 13 -9 9 -11 11 -13 -14 -15
leaf_value=0.00041413759198869333 3.9740032894824121e-05 -0.0016604706199684701 -0.00015008395875534047 0.00062954609127990847 0.00078554155180502925 -0.0016532654862960268 -0.00051850680033365911 -0.00042400603974239746 0.00071557003157923088 4.5224307448606585e-05 -0.00014019058441171018 0.0005926511078823345 -0.00064257834218664066 0.00033588868372895595
leaf_weight=844074.16078805923 36778695.959841728 798574.73447370529 1924170.1645689011 254668.60684227943 755096.5447101593 529737.41383361816 656944.27336883545 3414572.6304168701 1582452.0807516575 2985525.2599117756 786092.85496163368 649863.66246414185 1779523.4720160961 974590.99215698242
leaf_count=2761 238759 11694 21921 1917 19095 3838 2984 16955 12925 23882 5471 2752 10281 4037
internal_value=-1.05904e-05 -0.000879817 -0.00369878 -0.000375296 -0.00183133 -0.00270052 -0.0035659 -0.00519511 0.000924398 0.0025589 -0.00122721 0.00264843 -0.00396307 0.000372788
internal_weight=5.47146e+07 1.79359e+07 2.72274e+06 1.52131e+07 7.17502e+06 6.33094e+06 5.57585e+06 3.94431e+06 8.03813e+06 4.56798e+06 3.47015e+06 1.43596e+06 2.03419e+06 1.63154e+06
internal_count=379272 140513 33615 106898 49670 46909 27814 20793 57228 36807 20421 8223 12198 7021
cat_boundaries=0 2 3 5
cat_threshold=33554434 262144 100663296 6144 262144
is_linear=0
shrinkage=0.035


Tree=239
num_leaves=15
num_cat=2
split_feature=31 6 46 28 1 40 28 36 0 36 28 28 0 8
split_gain=16283.8 33341.4 25398.7 20758.6 19398.8 18749.7 27693.1 25814.1 17671.1 36170.2 45096 38493.1 29456.3 28118.5
threshold=1.0000000180025095e-35 6.8464943762460644 4.0000000000000018 45.500000000000007 9.5000000000000018 5.150000000000003 1.5000000000000002 19.450000000000003 0 6.8500000000000005 20.500000000000004 43.500000000000007 1 0.96461414229781239
decision_type=2 2 2 2 2 2 2 2 1 2 2 2 1 2
left_child=5 -2 3 4 -3 8 -7 -8 9 11 -11 -1 -12 -14
right_child=1 2 -4 -5 -6 6 7 -9 -10 10 12 -13 13 -15
leaf_value=-8.104404119140717e-05 0.0055212095837834235 0.0038227600127600089 -0.001702668811861531 -0.00049963263257537301 0.00050724690152327513 -0.0044039281209710375 0.00032965449275251536 -0.0018392541088181589 2.5010032974521127e-05 0.00018042474399419773 -0.00019562740622985469 0.0015509458381812386 0.0012520861880262382 -0.0013457161259832241
leaf_weight=1999105.2274599075 151431.82705879211 75033.349029541016 122522.64789581299 150095.13779449463 108839.83899688721 69158.373783111572 212089.73477244377 143766.41105079651 45903295.615510464 1626441.0766885281 1204445.5676398277 640182.86000061035 148907.14181423187 2159268.0016109943
leaf_count=13206 3138 333 786 778 607 531 1531 968 294026 16846 21573 6942 1283 16724
internal_value=-4.50957e-06 0.00569178 0.000970704 0.0059712 0.0138548 -6.85121e-05 -0.00739077 -0.00345187 -1.0538e-05 -0.00155318 -0.00326359 0.00177723 -0.00549458 -0.00780983
internal_weight=5.47146e+07 607923 456491 333968 183873 5.41067e+07 425015 355856 5.36816e+07 7.77835e+06 5.13906e+06 2.63929e+06 3.51262e+06 2.30818e+06
internal_count=379272 5642 2504 1718 940 373630 3030 2499 370600 76574 56426 20148 39580 18007
cat_boundaries=0 2 3
cat_threshold=268435456 262144 268435456
is_linear=0
shrinkage=0.035


Tree=240
num_leaves=15
num_cat=2
split_feature=45 42 6 44 0 41 1 0 28 28 31 21 11 28
split_gain=16121.2 26420.4 27771.7 21403 57849.4 31635.4 28844.7 27288.9 47513.4 55453.5 34164.2 33615.5 29199.1 30223.9
threshold=1.7850000000000004 3.8500000000000001 7.6119582566236863 1.0000000180025095e-35 0 7.7500000000000027 9.5000000000000018 1 33.500000000000007 23.500000000000004 1.0000000180025095e-35 1.0000000180025095e-35 1.0902711569568475 29.500000000000004
decision_type=2 2 2 2 1 2 2 1 2 2 2 2 2 2
left_child=3 -2 -3 5 -5 7 -7 12 9 11 -11 -9 13 -1
right_child=1 2 -4 4 -6 6 -8 8 -10 10 -12 -13 -14 -15
leaf_value=0.00016300348610060581 0.00097179422145839524 0.00093430300707719944 -0.00030976100709221823 0.00085673962834089041 -0.00053102562306043101 0.00025340984432825912 -0.0013016531910924097 8.3607852301468524e-05 0.0001153263909357621 -0.0012114442622786934 0.0020734983763789475 -0.00073975713394043856 0.0012198300457305924 -2.9871493588941823e-05
leaf_weight=13676456.734030724 259889.47359967232 569706.39054203033 566155.2626953125 550599.47057247162 2470595.0708265305 292552.01835036278 663345.6409766674 3650939.1332240105 8412549.3002707958 1950861.7395617962 120785.20397472382 1686050.0383787155 945961.89806699753 18898135.436035633
leaf_count=74291 2121 5727 1528 2990 10506 2671 5397 33833 84964 14390 1127 18665 11130 109932
internal_value=-2.97131e-06 0.00371024 0.00140681 -0.000100174 -0.00296137 7.1688e-05 -0.00623469 0.000193863 -0.00100423 -0.00304809 -0.00790827 -0.00116151 0.000759343 0.000583309
internal_weight=5.47146e+07 1.39575e+06 1.13586e+06 5.33188e+07 3.02119e+06 5.02976e+07 955898 4.93417e+07 1.58212e+07 7.40864e+06 2.07165e+06 5.33699e+06 3.35206e+07 3.25746e+07
internal_count=379272 9376 7255 369896 13496 356400 8068 348332 152979 68015 15517 52498 195353 184223
cat_boundaries=0 2 3
cat_threshold=67108864 262144 33691776
is_linear=0
shrinkage=0.035


Tree=241
num_leaves=15
num_cat=0
split_feature=14 1 27 1 1 28 1 28 1 1 23 21 28 3
split_gain=16194.8 24938.9 25560.6 27885.6 33432 25689.7 24455.7 22625.3 52298.2 61619.5 90264.1 64952.2 72656.2 56534.3
threshold=1.1807223977627761 19.500000000000004 33.500000000000007 6.5000000000000009 17.500000000000004 10.500000000000002 12.500000000000002 59.500000000000007 16.500000000000004 11.500000000000002 1.0000000180025095e-35 1.0000000180025095e-35 25.500000000000004 1.5000000000000002
decision_type=2 2 2 2 2 2 2 2 2 2 2 2 2 2
left_child=7 2 3 -2 5 -5 -7 8 9 -1 -11 12 -12 -13
right_child=1 -3 -4 4 -6 6 -8 -9 -10 10 11 13 -14 -15
leaf_value=4.2573663716757153e-05 -0.0026356732986248894 -0.0012228232739237678 -0.00044759799146927017 -0.00070260706093538234 -0.00071367748276872497 0.00031191578363633379 0.0013203854904357589 0.00016730231032553627 0.00017462462604865125 -0.00056697316945458743 0.0003698040376785307 0.00089869543173175476 -0.0010403109433508658 -0.0012314477959093208
leaf_weight=13401574.788518429 100940.04321098328 462107.27298474312 1904901.5160286427 197203.70076942444 352595.57089614868 760048.64383125305 638882.1100769043 13069661.829529047 11962416.231750965 7926988.2428951263 824628.97510147095 1831078.3320388794 1006876.1871109009 274679.36636352539
leaf_count=99922 2483 5716 10890 594 1536 4284 3570 104239 85133 42555 3735 8095 4360 2160
internal_value=-3.8767e-06 -0.00203591 -0.00113685 0.00157582 0.00250497 0.00465962 0.00632677 0.000174557 -0.000265274 -0.00116792 -0.00300496 0.00132678 -0.00349344 0.00551921
internal_weight=5.47146e+07 4.41668e+06 3.95457e+06 2.04967e+06 1.94873e+06 1.59613e+06 1.39893e+06 5.02979e+07 3.72282e+07 2.52658e+07 1.18643e+07 3.93726e+06 1.83151e+06 2.10576e+06
internal_count=379272 29073 23357 12467 9984 8448 7854 350199 245960 160827 60905 18350 8095 10255
is_linear=0
shrinkage=0.035


Tree=242
num_leaves=15
num_cat=1
split_feature=46 36 28 0 31 1 28 1 6 28 2 35 28 14
split_gain=16525.8 44152.8 49800.7 27761.7 22507.5 22107.4 22841.2 29773.3 21769.6 55668.7 34849.6 21749.1 19748.7 19957
threshold=6.1500000000000021 24.050000000000004 59.500000000000007 0 1.0000000180025095e-35 17.500000000000004 45.500000000000007 9.5000000000000018 7.9709718983248523 41.500000000000007 2.5000000000000004 1.5000000000000002 1.5000000000000002 1.0038121718465678
decision_type=2 2 2 1 2 2 2 2 2 2 2 2 2 2
left_child=4 3 -3 8 11 6 7 -6 -2 10 -10 -1 -5 -14
right_child=1 2 -4 12 5 -7 -8 -9 9 -11 -12 -13 13 -15
leaf_value=-0.00075235976551593349 0.00096801422502330837 -0.0005808473427155081 0.004399615243123706 -0.0022013335073512415 0.0037279313741379137 0.0050484328867932571 -0.0010267141137398333 -0.0001648163579102298 -0.00026028142114993091 -0.0007572463454716496 0.0012969361572972272 -2.3023992140063464e-05 0.00056179503712070736 -0.00028610158754117454
leaf_weight=189584.47368454933 1972284.1657981873 1420976.1354789734 119121.0605506897 105862.74800109863 93968.127696037292 143794.9749250412 169389.40160751343 122853.99920654297 153925.25360107422 260859.09371948242 200828.11328125 48144319.463541269 812240.0067460537 804575.79326868057
leaf_count=1879 12448 9369 972 576 1033 1668 1447 865 343 691 423 336902 5436 5220
internal_value=-2.83121e-06 0.00175505 -0.00333166 0.00357244 -0.000213309 0.00695999 0.00259812 0.0101212 0.0058641 0.000118312 0.00914346 -0.00029197 0.000129758 0.0010887
internal_weight=5.47146e+07 5.85067e+06 1.5401e+06 4.31058e+06 4.88639e+07 530007 386212 216822 2.5879e+06 615612 354753 4.83339e+07 1.72268e+06 1.61682e+06
internal_count=379272 35478 10341 25137 343794 5013 3345 1898 13905 1457 766 338781 11232 10656
cat_boundaries=0 1
cat_threshold=100796544
is_linear=0
shrinkage=0.035


Tree=243
num_leaves=15
num_cat=2
split_feature=12 36 6 0 27 27 1 40 6 0 14 14 2 6
split_gain=16526.8 19590.5 21163.1 19676.8 24517 28302.6 35021.6 22697.9 20512.7 19403.3 28517.1 23911.5 24115.4 20911
threshold=0.99598734948493073 -1.2499999999999998 8.4021674823429802 0 6.5000000000000009 30.500000000000004 7.5000000000000009 0.099999999999999853 7.5026273891041511 1 1.0239625556666898 1.1228774058946247 4.5000000000000009 6.3055759717263866
decision_type=2 2 2 1 2 2 2 2 2 1 2 2 2 2
left_child=1 2 -1 8 -5 6 -6 -7 9 -3 13 -12 -13 -11
right_child=-2 3 -4 4 5 7 -8 -9 -10 10 11 12 -14 -15
leaf_value=0.00041518567410529539 4.2498599405507676e-05 0.00042047785021303284 -0.0018459155390424099 -0.00048603789401354633 -0.00065515496945503201 -5.6891926015897495e-06 0.0003659387704142792 -0.00061315873715924363 -0.00058559883888944706 0.00083907684687492036 0.00081794261559053633 -0.0035147535105322131 0.00012196520019644087 -0.00088745475730597279
leaf_weight=1265287.9982821941 36778695.959841728 1067486.4130387306 53497.155029296875 2017572.2105953693 449663.64115762711 2976207.5191438198 4222925.5442039967 1081182.7925200462 2236935.3518371582 255066.78564238548 545940.29542589188 87669.181342840195 154947.70402359962 1521504.259021759
leaf_count=6183 238759 9890 51 15837 5922 28765 28052 9344 7966 9159 4479 1220 1791 11854
internal_value=-4.61042e-06 -0.00087567 0.00323033 -0.00120154 -0.000311482 0.000492146 0.00234918 -0.00164646 -0.00283128 -0.00120762 -0.00285776 0.00268133 -0.00646103 -0.00531638
internal_weight=5.47146e+07 1.79359e+07 1.31879e+06 1.66171e+07 1.07476e+07 8.72998e+06 4.67259e+06 4.05739e+06 5.86955e+06 3.63261e+06 2.56513e+06 788557 242617 1.77657e+06
internal_count=379272 140513 6234 134279 87920 72083 33974 38109 46359 38393 28503 7490 3011 21013
cat_boundaries=0 2 3
cat_threshold=67110912 262144 2048
is_linear=0
shrinkage=0.035


Tree=244
num_leaves=15
num_cat=2
split_feature=10 13 1 0 12 11 1 36 28 0 36 28 1 46
split_gain=15909.8 33934.9 31065.2 23442.9 23097.2 20487.7 18610.7 61765.4 60123.9 113307 56540.7 59977.9 86846.1 51515.6
threshold=0.96774241933788463 0.96316597543734361 17.500000000000004 0 0.96479881010771329 0.6961775351891345 16.500000000000004 13.15 47.500000000000007 1 12.65 59.500000000000007 6.5000000000000009 3.3000000000000003
decision_type=2 2 2 1 2 2 2 2 2 1 2 2 2 2
left_child=-1 2 -2 -4 -3 -6 10 8 -8 -10 11 -7 -13 -12
right_child=1 4 3 -5 5 6 7 -9 9 -11 13 12 -14 -15
leaf_value=0.00038428519822310481 9.5180768968331482e-05 -0.00028360407214340184 -0.0028539677288313592 -0.00084590187373444117 -0.001366733499355978 -4.2489787381496936e-06 9.4072004997478021e-05 0.00039905859761076246 -0.0010156703739312228 0.00083902586402340087 -0.0003992571391698726 -0.001103782278809583 0.00081453793563585346 5.5046137007758982e-06
leaf_weight=2596007.8269631863 433957.13152170181 3909692.7615845203 195209.23386287689 385626.31940126419 104073.23330783844 12495135.247033119 4985891.314214468 7602145.7902274132 1500717.6380786896 837909.70650959015 6867682.542889595 489727.03834152222 3768055.727789402 8542751.2993812561
leaf_count=32473 4229 33537 1322 3296 644 59315 25382 56713 7602 11963 54592 12277 21758 54169
internal_value=3.0338e-06 -0.000130167 -0.00646785 -0.0117609 -4.31528e-06 0.00020985 0.000244134 0.00126551 -0.0010282 -0.00565831 -0.000229873 0.00117757 0.0047651 -0.00175992
internal_weight=5.47146e+07 5.21186e+07 1.01479e+06 580836 5.11038e+07 4.71941e+07 4.709e+07 1.49267e+07 7.32452e+06 2.33863e+06 3.21634e+07 1.67529e+07 4.25778e+06 1.54104e+07
internal_count=379272 346799 8847 4618 337952 304415 303771 101660 44947 19565 202111 93350 34035 108761
cat_boundaries=0 2 3
cat_threshold=67108864 262144 137216
is_linear=0
shrinkage=0.035


Tree=245
num_leaves=15
num_cat=2
split_feature=9 10 11 6 36 0 1 11 7 13 11 2 14 0
split_gain=16062.8 25747.1 24334.7 22450.9 23871.9 30090.6 24618.1 20711.8 22518.7 21698.6 18568.6 18493.8 18170.4 17630.1
threshold=0.98808934306701546 0.99524630364550715 0.98550530253974833 7.5026273891041511 10.550000000000002 0 18.500000000000004 0.89705021567745202 0.96613525685343027 0.9475584086921468 1.1760519728891894 4.5000000000000009 0.87774408927532799 1
decision_type=2 2 2 2 2 1 2 2 2 2 2 2 2 1
left_child=3 2 13 11 6 -6 -5 8 -3 -9 -4 -1 -11 -2
right_child=1 7 10 4 5 -7 -8 9 -10 12 -12 -13 -14 -15
leaf_value=0.00019924647020311704 0.00040867704766799209 -0.0010032934775708563 0.00042667880926362638 -1.338884313249768e-05 -1.300685909093474e-05 -0.00097715730830012998 -0.0012954769792650085 -0.0023951069393148565 0.003782916719960869 0.00054094638094207492 0.0087465684109099932 -0.00034104770450278383 -5.4560461670893859e-06 -6.8407235253271573e-05
leaf_weight=5443969.7134912014 1270688.3984978199 457267.48945713043 3071139.2353944778 3727657.1528167725 910818.77264404297 1526697.4985046387 236911.22793579102 118503.11069846153 36437.362131118774 678052.47243833542 61191.878101825714 2181405.4104077816 31028466.41143775 3965376.6771492958
leaf_count=56176 8202 3683 24717 10906 2567 5575 725 1002 311 5003 916 30224 195715 33550
internal_value=5.14333e-07 0.000352632 0.00208288 -0.00102081 -0.00254896 -0.00527463 -0.000873138 -9.53881e-05 -0.0072091 1.49699e-05 0.00452309 0.000262182 7.08437e-05 0.000623088
internal_weight=5.47146e+07 4.06871e+07 8.3684e+06 1.40275e+07 6.40208e+06 2.43752e+06 3.96457e+06 3.23187e+07 493705 3.1825e+07 3.13233e+06 7.62538e+06 3.17065e+07 5.23607e+06
internal_count=379272 273099 67385 106173 19773 8142 11631 205714 3994 201720 25633 86400 200718 41752
cat_boundaries=0 1 2
cat_threshold=131072 131074
is_linear=0
shrinkage=0.035


Tree=246
num_leaves=15
num_cat=3
split_feature=14 1 0 42 0 28 14 45 6 6 0 1 19 27
split_gain=15840.9 23401.2 22030.8 20304.7 30146.9 48723.7 36448.4 30452.9 29857.5 28734.3 29287.7 28265.7 31852 41352.8
threshold=1.1807223977627761 20.500000000000004 0 0.099999999999998909 1 57.500000000000007 0.94592306406186222 0.10500000000000002 5.7436361739018897 7.1567221911819283 2 8.5000000000000018 1.0000000180025095e-35 21.500000000000004
decision_type=2 2 1 2 1 2 2 2 2 2 1 2 2 2
left_child=3 2 -2 -1 5 7 9 8 -5 10 -6 -8 13 -13
right_child=1 -3 -4 4 6 -7 11 -9 -10 -11 -12 12 -14 -15
leaf_value=0.00011363772036614686 0.00084924323532551424 -0.0017065872074657894 -0.00024469042573712854 0.0011273387455610472 0.00018433351002341734 0.0005163893518282985 -0.00030207547335748099 0.00021047444797491798 -0.0010057899829070251 8.3530574179663445e-05 0.0019031603295939603 0.00031229414667855538 -0.00031316575838265107 -0.00010670153126683961
leaf_weight=19554175.10438776 447303.02145075798 255231.83918118477 3714143.9971661568 249149.62821865082 781171.26096940041 1206733.9472498894 3426937.9516570568 755976.18292808533 2771795.6989898682 5371728.7265777588 883323.34982633591 4970378.9942176342 3927279.1137895584 6399253.9944963455
leaf_count=131818 5267 4282 19524 12692 10741 18834 27140 7501 30331 22365 14473 21015 21712 31577
internal_value=8.6207e-07 -0.00200885 -0.0013779 0.000177336 -0.000383496 -0.00287528 9.85766e-05 -0.00483142 -0.00640358 0.00224622 0.00626424 -0.000708484 -6.48313e-05 0.000873827
internal_weight=5.47146e+07 4.41668e+06 4.16145e+06 5.02979e+07 3.07437e+07 4.98366e+06 2.57601e+07 3.77692e+06 3.02095e+06 7.03622e+06 1.66449e+06 1.87239e+07 1.52969e+07 1.13696e+07
internal_count=379272 29073 24791 350199 218381 69358 149023 50524 43023 47579 25214 101444 74304 52592
cat_boundaries=0 1 2 3
cat_threshold=100663296 369098752 130
is_linear=0
shrinkage=0.035


Tree=247
num_leaves=15
num_cat=2
split_feature=12 27 14 0 9 1 28 0 11 1 28 41 42 36
split_gain=15992.1 22303.5 36428.5 29383.6 22204.4 22000.8 22091.8 25187.8 22215.6 20595.1 28731.3 22496.6 19940.3 29431.2
threshold=0.99823552440805396 58.500000000000007 0.88599000440540199 0 0.84367640439257741 7.5000000000000009 42.500000000000007 1 1.0844110721613547 13.500000000000002 3.5000000000000004 1.000000000000002 0.54999999999999949 -4.5499999999999989
decision_type=2 2 2 1 2 2 2 1 2 2 2 2 2 2
left_child=1 5 3 -3 -4 6 7 -1 -8 10 -7 -11 13 -12
right_child=-2 2 4 -5 -6 9 8 -9 -10 11 12 -13 -14 -15
leaf_value=0.0004486346084214301 4.5360810133125263e-05 0.0013526957479526617 -0.0041043362304067077 -0.00021545462841391803 -0.00057903966309793176 -0.00061239606791598129 -0.00093874961519049165 -0.00070740582793460361 0.0017009956067978627 -3.8194584108894618e-06 0.0008431300662827024 -0.00050556484943882994 0.00043355277262884602 -6.8842081632778448e-05
leaf_weight=453588.07478737831 34519673.4894104 230432.09222865105 108516.61226701736 451212.76999616623 2342805.00050807 582749.57861328125 738803.85271048546 441529.7431397438 71899.739193677902 6682155.5747132301 327470.98036193848 1973600.0710234642 2799243.3362598419 2990901.8958930969
leaf_count=4670 226252 1844 1388 5486 27969 3994 8397 8024 792 44131 656 13164 15283 17222
internal_value=-6.90399e-06 -0.00078922 -0.00350359 0.00365339 -0.00549376 -0.000290797 -0.0040617 -0.000271081 -0.00824696 0.000128093 0.00158493 -0.000999637 0.0022923 0.000457027
internal_weight=5.47146e+07 2.01949e+07 3.13297e+06 681645 2.45132e+06 1.70619e+07 1.70582e+06 895118 810704 1.53561e+07 6.70037e+06 8.65576e+06 6.11762e+06 3.31837e+06
internal_count=379272 153020 36687 7330 29357 116333 21883 12694 9189 94450 37155 57295 33161 17878
cat_boundaries=0 2 3
cat_threshold=133120 262144 67115008
is_linear=0
shrinkage=0.035


Tree=248
num_leaves=15
num_cat=2
split_feature=6 0 27 35 28 46 6 46 2 9 0 36 46 28
split_gain=15486.1 28567.2 27837 38972 31471.3 56101.8 36780.3 25643.7 25240.1 24928 23253.6 46016.6 23201.7 30934.2
threshold=7.2093631244176892 0 59.500000000000007 24.500000000000004 34.500000000000007 0.60000000000000109 6.2682087700536888 -5.3499999999999979 5.5000000000000009 1.0962502222076083 1 7.6500000000000012 0.60000000000000109 30.500000000000004
decision_type=2 1 2 2 2 2 2 2 2 2 1 2 2 2
left_child=1 9 4 -4 6 -6 -3 -2 -7 -1 11 -8 13 -5
right_child=7 2 3 12 5 8 10 -9 -10 -11 -12 -13 -14 -15
leaf_value=0.0002957406259378833 -0.002365405765623742 0.00077327166500669887 0.0027430693318531278 0.00095932875486652699 -0.00017504724883765627 0.0015528294315349865 -0.00089275995728755068 -2.8997412541235941e-05 -0.00039632374108884537 0.0020073248107856426 -0.00069449256165621167 0.0057406299590609146 -0.00094194145987821988 -0.00059991542271460726
leaf_weight=6848378.3626587391 79750.59928894043 1090594.5301659107 234942.46156644821 465281.79941654205 1674041.8362705708 1473793.7784981728 119353.93328475952 36878470.525405884 228589.54607367516 559299.8068253994 2331511.7617416382 105222.63041687012 1752125.0536403656 873226.18585252762
leaf_count=88134 276 29248 3285 11087 31759 16059 786 125895 3272 7759 18885 915 22729 19183
internal_value=-3.84741e-06 0.000845657 -0.00034209 -0.00298004 0.000907034 0.00334193 -0.00134741 -0.000411987 0.00781577 0.00250496 -0.0036434 0.00711246 -0.0040247 -0.000555117
internal_weight=5.47146e+07 1.77564e+07 1.03487e+07 3.32558e+06 7.02311e+06 3.37643e+06 3.64668e+06 3.69582e+07 1.70238e+06 7.40768e+06 2.55609e+06 224577 3.09063e+06 1.33851e+06
internal_count=379272 253101 157208 56284 100924 51090 49834 126171 19331 95893 20586 1701 52999 30270
cat_boundaries=0 1 2
cat_threshold=6274 131072
is_linear=0
shrinkage=0.035


Tree=249
num_leaves=15
num_cat=2
split_feature=9 10 11 28 1 1 9 0 5 27 27 0 28 2
split_gain=15255.4 24911.5 22814.4 20971.6 56039.2 34139.9 34339 25936.4 40083.1 35613.9 25911.1 21251.5 20811.7 19547.3
threshold=0.98808934306701546 0.99524630364550715 0.98550530253974833 59.500000000000007 18.500000000000004 6.5000000000000009 0.98637269500911773 0 21.500000000000004 15.500000000000002 58.500000000000007 1 46.500000000000007 2.5000000000000004
decision_type=2 2 2 2 2 2 2 1 2 2 2 1 2 2
left_child=3 2 -2 12 5 -5 7 10 9 -9 -7 13 -1 -6
right_child=1 -3 -4 4 11 6 -8 8 -10 -11 -12 -13 -14 -15
leaf_value=-0.00018649374827118368 7.1318403243478008e-05 -9.9934204670247153e-06 0.00048491955808202032 -0.0011406990126440805 0.0010622772212129791 8.279298120168551e-05 -0.00094328097668019831 -0.00077827398626462846 0.00097494586209900141 0.00029212395580290463 -0.0021331164218208356 -0.0018159149948491528 -0.00083524049263804744 -0.0014972112419122305
leaf_weight=7065544.4438853264 5236065.0756471157 32318726.846162796 3132331.1134963036 261558.51257896423 131582.68230104446 1690299.9364726543 152402.95112991333 388873.12466621399 1537850.527504921 1330704.2059087753 171765.804895401 371963.10861444473 779643.17074275017 145271.30709981918
leaf_count=57915 41752 205714 25633 5217 1776 7487 678 2174 9727 8302 960 2575 7031 2331
internal_value=-6.50899e-06 0.000336645 0.00203859 -0.00100184 0.000522641 0.00166369 0.00227605 0.00276344 0.00464694 0.000975328 -0.000531527 -0.00920872 -0.00220318 -0.00186602
internal_weight=5.47146e+07 4.06871e+07 8.3684e+06 1.40275e+07 6.18227e+06 5.53346e+06 5.2719e+06 5.11949e+06 3.25743e+06 1.71958e+06 1.86207e+06 648817 7.84519e+06 276854
internal_count=379272 273099 67385 106173 41227 34545 29328 28650 20203 10476 8447 6682 64946 4107
cat_boundaries=0 2 3
cat_threshold=6144 262144 369098882
is_linear=0
shrinkage=0.035


end of trees

feature_importances:
route=429
hour=412
season=316
days_since_holiday=307
log_base=203
ratio_ew_median_28d=191
days_to_holiday=189
temperature_2m=159
temperature_change_6h=133
ratio_ew_mean_7d=113
ratio_adaptive_dow_25=102
event_closure=96
dow=93
precipitation_3h=84
event_merge=77
precipitation_12h=73
ratio_median_56d=62
event_age=53
horizon=49
wind_speed_10m=49
off_1=42
kind=41
off_2=37
precipitation_24h=30
ratio_median_28d=26
holiday_-2=25
off_-1=21
holiday_-1=20
ratio_ew_median_14d=13
off_-2=12
snowfall_24h=11
off_-3=9
ratio_median_14d=6
snowfall_12h=4
holiday_1=3
holiday_2=3
precipitation=3
event_detour=2
holiday=1
off_3=1

parameters:
[boosting: gbdt]
[objective: regression_l1]
[metric: l1]
[tree_learner: serial]
[device_type: cpu]
[data_sample_strategy: bagging]
[data: ]
[valid: ]
[num_iterations: 250]
[learning_rate: 0.035]
[num_leaves: 15]
[num_threads: 4]
[seed: 2026]
[deterministic: 1]
[force_col_wise: 1]
[force_row_wise: 0]
[histogram_pool_size: -1]
[max_depth: -1]
[min_data_in_leaf: 250]
[min_sum_hessian_in_leaf: 0.001]
[bagging_fraction: 1]
[pos_bagging_fraction: 1]
[neg_bagging_fraction: 1]
[bagging_freq: 0]
[bagging_seed: 26038]
[bagging_by_query: 0]
[feature_fraction: 0.9]
[feature_fraction_bynode: 1]
[feature_fraction_seed: 28694]
[extra_trees: 0]
[extra_seed: 4728]
[early_stopping_round: 0]
[early_stopping_min_delta: 0]
[first_metric_only: 0]
[max_delta_step: 0]
[lambda_l1: 0]
[lambda_l2: 10]
[linear_lambda: 0]
[min_gain_to_split: 0]
[drop_rate: 0.1]
[max_drop: 50]
[skip_drop: 0.5]
[xgboost_dart_mode: 0]
[uniform_drop: 0]
[drop_seed: 5409]
[top_rate: 0.2]
[other_rate: 0.1]
[min_data_per_group: 100]
[max_cat_threshold: 32]
[cat_l2: 10]
[cat_smooth: 10]
[max_cat_to_onehot: 4]
[top_k: 20]
[monotone_constraints: ]
[monotone_constraints_method: basic]
[monotone_penalty: 0]
[feature_contri: ]
[forcedsplits_filename: ]
[refit_decay_rate: 0.9]
[cegb_tradeoff: 1]
[cegb_penalty_split: 0]
[cegb_penalty_feature_lazy: ]
[cegb_penalty_feature_coupled: ]
[path_smooth: 0]
[interaction_constraints: ]
[verbosity: -1]
[saved_feature_importance_type: 0]
[use_quantized_grad: 0]
[num_grad_quant_bins: 4]
[quant_train_renew_leaf: 0]
[stochastic_rounding: 1]
[linear_tree: 0]
[max_bin: 255]
[max_bin_by_feature: ]
[min_data_in_bin: 3]
[bin_construct_sample_cnt: 200000]
[data_random_seed: 6654]
[is_enable_sparse: 1]
[enable_bundle: 1]
[use_missing: 1]
[zero_as_missing: 0]
[feature_pre_filter: 1]
[pre_partition: 0]
[two_round: 0]
[header: 0]
[label_column: ]
[weight_column: ]
[group_column: ]
[ignore_column: ]
[categorical_feature: 0]
[forcedbins_filename: ]
[precise_float_parser: 0]
[parser_config_file: ]
[objective_seed: 199]
[num_class: 1]
[is_unbalance: 0]
[scale_pos_weight: 1]
[sigmoid: 1]
[boost_from_average: 1]
[reg_sqrt: 0]
[alpha: 0.9]
[fair_c: 1]
[poisson_max_delta_step: 0.7]
[tweedie_variance_power: 1.5]
[lambdarank_truncation_level: 30]
[lambdarank_norm: 1]
[label_gain: ]
[lambdarank_position_bias_regularization: 0]
[eval_at: ]
[multi_error_top_k: 1]
[auc_mu_weights: ]
[num_machines: 1]
[local_listen_port: 12400]
[time_out: 120]
[machine_list_filename: ]
[machines: ]
[gpu_platform_id: -1]
[gpu_device_id: -1]
[gpu_use_dp: 0]
[num_gpu: 1]

end of parameters

pandas_categorical:[]
