route;date;hour;prediction
1;2025-11-01;0;2
1;2025-11-01;1;0
1;2025-11-01;2;0
1;2025-11-01;3;0
1;2025-11-01;4;7
1;2025-11-01;5;104
1;2025-11-01;6;418
1;2025-11-01;7;1337
1;2025-11-01;8;1701
1;2025-11-01;9;1275
1;2025-11-01;10;1157
1;2025-11-01;11;1145
1;2025-11-01;12;1208
1;2025-11-01;13;1245
1;2025-11-01;14;1194
1;2025-11-01;15;1277
1;2025-11-01;16;1346
1;2025-11-01;17;1561
1;2025-11-01;18;1550
1;2025-11-01;19;1157
1;2025-11-01;20;750
1;2025-11-01;21;395
1;2025-11-01;22;150
1;2025-11-01;23;31
1;2025-11-02;0;0
1;2025-11-02;1;0
1;2025-11-02;2;0
1;2025-11-02;3;0
1;2025-11-02;4;0
1;2025-11-02;5;24
1;2025-11-02;6;118
1;2025-11-02;7;270
1;2025-11-02;8;367
1;2025-11-02;9;618
1;2025-11-02;10;705
1;2025-11-02;11;743
1;2025-11-02;12;843
1;2025-11-02;13;850
1;2025-11-02;14;814
1;2025-11-02;15;717
1;2025-11-02;16;655
1;2025-11-02;17;606
1;2025-11-02;18;535
1;2025-11-02;19;475
1;2025-11-02;20;335
1;2025-11-02;21;263
1;2025-11-02;22;101
1;2025-11-02;23;26
1;2025-11-03;0;0
1;2025-11-03;1;0
1;2025-11-03;2;0
1;2025-11-03;3;0
1;2025-11-03;4;0
1;2025-11-03;5;22
1;2025-11-03;6;111
1;2025-11-03;7;253
1;2025-11-03;8;343
1;2025-11-03;9;574
1;2025-11-03;10;653
1;2025-11-03;11;677
1;2025-11-03;12;777
1;2025-11-03;13;769
1;2025-11-03;14;733
1;2025-11-03;15;645
1;2025-11-03;16;585
1;2025-11-03;17;546
1;2025-11-03;18;498
1;2025-11-03;19;448
1;2025-11-03;20;322
1;2025-11-03;21;252
1;2025-11-03;22;98
1;2025-11-03;23;26
1;2025-11-04;0;0
1;2025-11-04;1;0
1;2025-11-04;2;0
1;2025-11-04;3;0
1;2025-11-04;4;0
1;2025-11-04;5;21
1;2025-11-04;6;109
1;2025-11-04;7;247
1;2025-11-04;8;331
1;2025-11-04;9;555
1;2025-11-04;10;632
1;2025-11-04;11;660
1;2025-11-04;12;760
1;2025-11-04;13;753
1;2025-11-04;14;724
1;2025-11-04;15;640
1;2025-11-04;16;589
1;2025-11-04;17;545
1;2025-11-04;18;494
1;2025-11-04;19;444
1;2025-11-04;20;320
1;2025-11-04;21;250
1;2025-11-04;22;99
1;2025-11-04;23;26
1;2025-11-05;0;3
1;2025-11-05;1;0
1;2025-11-05;2;0
1;2025-11-05;3;0
1;2025-11-05;4;9
1;2025-11-05;5;123
1;2025-11-05;6;494
1;2025-11-05;7;1546
1;2025-11-05;8;1982
1;2025-11-05;9;1475
1;2025-11-05;10;1343
1;2025-11-05;11;1321
1;2025-11-05;12;1395
1;2025-11-05;13;1443
1;2025-11-05;14;1385
1;2025-11-05;15;1480
1;2025-11-05;16;1542
1;2025-11-05;17;1820
1;2025-11-05;18;1820
1;2025-11-05;19;1372
1;2025-11-05;20;878
1;2025-11-05;21;470
1;2025-11-05;22;183
1;2025-11-05;23;34
1;2025-11-06;0;3
1;2025-11-06;1;0
1;2025-11-06;2;0
1;2025-11-06;3;0
1;2025-11-06;4;9
1;2025-11-06;5;123
1;2025-11-06;6;495
1;2025-11-06;7;1563
1;2025-11-06;8;1995
1;2025-11-06;9;1486
1;2025-11-06;10;1351
1;2025-11-06;11;1329
1;2025-11-06;12;1404
1;2025-11-06;13;1443
1;2025-11-06;14;1392
1;2025-11-06;15;1471
1;2025-11-06;16;1551
1;2025-11-06;17;1810
1;2025-11-06;18;1827
1;2025-11-06;19;1371
1;2025-11-06;20;882
1;2025-11-06;21;464
1;2025-11-06;22;183
1;2025-11-06;23;36
1;2025-11-07;0;3
1;2025-11-07;1;0
1;2025-11-07;2;0
1;2025-11-07;3;0
1;2025-11-07;4;9
1;2025-11-07;5;123
1;2025-11-07;6;495
1;2025-11-07;7;1558
1;2025-11-07;8;1969
1;2025-11-07;9;1480
1;2025-11-07;10;1337
1;2025-11-07;11;1336
1;2025-11-07;12;1406
1;2025-11-07;13;1445
1;2025-11-07;14;1399
1;2025-11-07;15;1482
1;2025-11-07;16;1567
1;2025-11-07;17;1821
1;2025-11-07;18;1765
1;2025-11-07;19;1344
1;2025-11-07;20;866
1;2025-11-07;21;470
1;2025-11-07;22;186
1;2025-11-07;23;38
1;2025-11-08;0;4
1;2025-11-08;1;0
1;2025-11-08;2;0
1;2025-11-08;3;0
1;2025-11-08;4;0
1;2025-11-08;5;31
1;2025-11-08;6;156
1;2025-11-08;7;364
1;2025-11-08;8;514
1;2025-11-08;9;759
1;2025-11-08;10;931
1;2025-11-08;11;917
1;2025-11-08;12;1085
1;2025-11-08;13;1158
1;2025-11-08;14;1063
1;2025-11-08;15;933
1;2025-11-08;16;801
1;2025-11-08;17;741
1;2025-11-08;18;638
1;2025-11-08;19;564
1;2025-11-08;20;435
1;2025-11-08;21;300
1;2025-11-08;22;116
1;2025-11-08;23;29
1;2025-11-09;0;0
1;2025-11-09;1;0
1;2025-11-09;2;0
1;2025-11-09;3;0
1;2025-11-09;4;0
1;2025-11-09;5;24
1;2025-11-09;6;118
1;2025-11-09;7;268
1;2025-11-09;8;364
1;2025-11-09;9;612
1;2025-11-09;10;699
1;2025-11-09;11;730
1;2025-11-09;12;838
1;2025-11-09;13;838
1;2025-11-09;14;802
1;2025-11-09;15;706
1;2025-11-09;16;640
1;2025-11-09;17;596
1;2025-11-09;18;531
1;2025-11-09;19;476
1;2025-11-09;20;341
1;2025-11-09;21;270
1;2025-11-09;22;104
1;2025-11-09;23;26
1;2025-11-10;0;3
1;2025-11-10;1;0
1;2025-11-10;2;0
1;2025-11-10;3;0
1;2025-11-10;4;9
1;2025-11-10;5;124
1;2025-11-10;6;494
1;2025-11-10;7;1554
1;2025-11-10;8;1987
1;2025-11-10;9;1478
1;2025-11-10;10;1342
1;2025-11-10;11;1324
1;2025-11-10;12;1403
1;2025-11-10;13;1439
1;2025-11-10;14;1395
1;2025-11-10;15;1482
1;2025-11-10;16;1554
1;2025-11-10;17;1830
1;2025-11-10;18;1837
1;2025-11-10;19;1382
1;2025-11-10;20;887
1;2025-11-10;21;469
1;2025-11-10;22;182
1;2025-11-10;23;35
1;2025-11-11;0;3
1;2025-11-11;1;0
1;2025-11-11;2;0
1;2025-11-11;3;0
1;2025-11-11;4;9
1;2025-11-11;5;122
1;2025-11-11;6;499
1;2025-11-11;7;1566
1;2025-11-11;8;1999
1;2025-11-11;9;1494
1;2025-11-11;10;1355
1;2025-11-11;11;1339
1;2025-11-11;12;1414
1;2025-11-11;13;1450
1;2025-11-11;14;1395
1;2025-11-11;15;1481
1;2025-11-11;16;1553
1;2025-11-11;17;1828
1;2025-11-11;18;1832
1;2025-11-11;19;1384
1;2025-11-11;20;884
1;2025-11-11;21;473
1;2025-11-11;22;186
1;2025-11-11;23;38
1;2025-11-12;0;3
1;2025-11-12;1;0
1;2025-11-12;2;0
1;2025-11-12;3;0
1;2025-11-12;4;9
1;2025-11-12;5;124
1;2025-11-12;6;498
1;2025-11-12;7;1559
1;2025-11-12;8;1999
1;2025-11-12;9;1489
1;2025-11-12;10;1353
1;2025-11-12;11;1335
1;2025-11-12;12;1406
1;2025-11-12;13;1450
1;2025-11-12;14;1391
1;2025-11-12;15;1484
1;2025-11-12;16;1550
1;2025-11-12;17;1824
1;2025-11-12;18;1825
1;2025-11-12;19;1380
1;2025-11-12;20;890
1;2025-11-12;21;474
1;2025-11-12;22;186
1;2025-11-12;23;37
1;2025-11-13;0;3
1;2025-11-13;1;0
1;2025-11-13;2;0
1;2025-11-13;3;0
1;2025-11-13;4;9
1;2025-11-13;5;124
1;2025-11-13;6;496
1;2025-11-13;7;1564
1;2025-11-13;8;1998
1;2025-11-13;9;1488
1;2025-11-13;10;1354
1;2025-11-13;11;1337
1;2025-11-13;12;1414
1;2025-11-13;13;1450
1;2025-11-13;14;1396
1;2025-11-13;15;1485
1;2025-11-13;16;1560
1;2025-11-13;17;1820
1;2025-11-13;18;1837
1;2025-11-13;19;1376
1;2025-11-13;20;883
1;2025-11-13;21;471
1;2025-11-13;22;184
1;2025-11-13;23;36
1;2025-11-14;0;3
1;2025-11-14;1;0
1;2025-11-14;2;0
1;2025-11-14;3;0
1;2025-11-14;4;9
1;2025-11-14;5;124
1;2025-11-14;6;496
1;2025-11-14;7;1560
1;2025-11-14;8;1969
1;2025-11-14;9;1483
1;2025-11-14;10;1343
1;2025-11-14;11;1340
1;2025-11-14;12;1408
1;2025-11-14;13;1447
1;2025-11-14;14;1399
1;2025-11-14;15;1484
1;2025-11-14;16;1568
1;2025-11-14;17;1822
1;2025-11-14;18;1766
1;2025-11-14;19;1346
1;2025-11-14;20;875
1;2025-11-14;21;468
1;2025-11-14;22;185
1;2025-11-14;23;37
1;2025-11-15;0;4
1;2025-11-15;1;0
1;2025-11-15;2;0
1;2025-11-15;3;0
1;2025-11-15;4;0
1;2025-11-15;5;30
1;2025-11-15;6;155
1;2025-11-15;7;359
1;2025-11-15;8;508
1;2025-11-15;9;748
1;2025-11-15;10;911
1;2025-11-15;11;897
1;2025-11-15;12;1067
1;2025-11-15;13;1137
1;2025-11-15;14;1045
1;2025-11-15;15;923
1;2025-11-15;16;795
1;2025-11-15;17;732
1;2025-11-15;18;634
1;2025-11-15;19;561
1;2025-11-15;20;433
1;2025-11-15;21;299
1;2025-11-15;22;116
1;2025-11-15;23;25
1;2025-11-16;0;0
1;2025-11-16;1;0
1;2025-11-16;2;0
1;2025-11-16;3;0
1;2025-11-16;4;0
1;2025-11-16;5;24
1;2025-11-16;6;117
1;2025-11-16;7;269
1;2025-11-16;8;365
1;2025-11-16;9;613
1;2025-11-16;10;701
1;2025-11-16;11;734
1;2025-11-16;12;842
1;2025-11-16;13;844
1;2025-11-16;14;806
1;2025-11-16;15;711
1;2025-11-16;16;645
1;2025-11-16;17;602
1;2025-11-16;18;534
1;2025-11-16;19;479
1;2025-11-16;20;343
1;2025-11-16;21;273
1;2025-11-16;22;106
1;2025-11-16;23;29
1;2025-11-17;0;3
1;2025-11-17;1;0
1;2025-11-17;2;0
1;2025-11-17;3;0
1;2025-11-17;4;9
1;2025-11-17;5;124
1;2025-11-17;6;494
1;2025-11-17;7;1554
1;2025-11-17;8;1983
1;2025-11-17;9;1477
1;2025-11-17;10;1337
1;2025-11-17;11;1320
1;2025-11-17;12;1397
1;2025-11-17;13;1426
1;2025-11-17;14;1381
1;2025-11-17;15;1467
1;2025-11-17;16;1542
1;2025-11-17;17;1818
1;2025-11-17;18;1832
1;2025-11-17;19;1377
1;2025-11-17;20;885
1;2025-11-17;21;466
1;2025-11-17;22;181
1;2025-11-17;23;35
1;2025-11-18;0;3
1;2025-11-18;1;0
1;2025-11-18;2;0
1;2025-11-18;3;0
1;2025-11-18;4;9
1;2025-11-18;5;120
1;2025-11-18;6;494
1;2025-11-18;7;1558
1;2025-11-18;8;1836
1;2025-11-18;9;1486
1;2025-11-18;10;1337
1;2025-11-18;11;1322
1;2025-11-18;12;1398
1;2025-11-18;13;1433
1;2025-11-18;14;1379
1;2025-11-18;15;1462
1;2025-11-18;16;1535
1;2025-11-18;17;1809
1;2025-11-18;18;1813
1;2025-11-18;19;1374
1;2025-11-18;20;876
1;2025-11-18;21;468
1;2025-11-18;22;182
1;2025-11-18;23;35
1;2025-11-19;0;3
1;2025-11-19;1;0
1;2025-11-19;2;0
1;2025-11-19;3;0
1;2025-11-19;4;9
1;2025-11-19;5;124
1;2025-11-19;6;497
1;2025-11-19;7;1557
1;2025-11-19;8;1999
1;2025-11-19;9;1490
1;2025-11-19;10;1354
1;2025-11-19;11;1338
1;2025-11-19;12;1412
1;2025-11-19;13;1458
1;2025-11-19;14;1397
1;2025-11-19;15;1490
1;2025-11-19;16;1554
1;2025-11-19;17;1829
1;2025-11-19;18;1828
1;2025-11-19;19;1384
1;2025-11-19;20;893
1;2025-11-19;21;475
1;2025-11-19;22;187
1;2025-11-19;23;35
1;2025-11-20;0;3
1;2025-11-20;1;0
1;2025-11-20;2;0
1;2025-11-20;3;0
1;2025-11-20;4;9
1;2025-11-20;5;125
1;2025-11-20;6;497
1;2025-11-20;7;1566
1;2025-11-20;8;2002
1;2025-11-20;9;1492
1;2025-11-20;10;1357
1;2025-11-20;11;1341
1;2025-11-20;12;1417
1;2025-11-20;13;1454
1;2025-11-20;14;1398
1;2025-11-20;15;1489
1;2025-11-20;16;1564
1;2025-11-20;17;1823
1;2025-11-20;18;1835
1;2025-11-20;19;1374
1;2025-11-20;20;885
1;2025-11-20;21;471
1;2025-11-20;22;186
1;2025-11-20;23;37
1;2025-11-21;0;3
1;2025-11-21;1;0
1;2025-11-21;2;0
1;2025-11-21;3;0
1;2025-11-21;4;9
1;2025-11-21;5;124
1;2025-11-21;6;494
1;2025-11-21;7;1560
1;2025-11-21;8;1972
1;2025-11-21;9;1485
1;2025-11-21;10;1345
1;2025-11-21;11;1342
1;2025-11-21;12;1409
1;2025-11-21;13;1447
1;2025-11-21;14;1401
1;2025-11-21;15;1485
1;2025-11-21;16;1570
1;2025-11-21;17;1823
1;2025-11-21;18;1767
1;2025-11-21;19;1347
1;2025-11-21;20;876
1;2025-11-21;21;472
1;2025-11-21;22;187
1;2025-11-21;23;39
1;2025-11-22;0;4
1;2025-11-22;1;0
1;2025-11-22;2;0
1;2025-11-22;3;0
1;2025-11-22;4;0
1;2025-11-22;5;31
1;2025-11-22;6;157
1;2025-11-22;7;361
1;2025-11-22;8;510
1;2025-11-22;9;749
1;2025-11-22;10;920
1;2025-11-22;11;907
1;2025-11-22;12;1082
1;2025-11-22;13;1151
1;2025-11-22;14;1058
1;2025-11-22;15;932
1;2025-11-22;16;800
1;2025-11-22;17;740
1;2025-11-22;18;640
1;2025-11-22;19;566
1;2025-11-22;20;435
1;2025-11-22;21;300
1;2025-11-22;22;115
1;2025-11-22;23;25
1;2025-11-23;0;0
1;2025-11-23;1;0
1;2025-11-23;2;0
1;2025-11-23;3;0
1;2025-11-23;4;0
1;2025-11-23;5;24
1;2025-11-23;6;116
1;2025-11-23;7;269
1;2025-11-23;8;365
1;2025-11-23;9;613
1;2025-11-23;10;699
1;2025-11-23;11;732
1;2025-11-23;12;841
1;2025-11-23;13;841
1;2025-11-23;14;803
1;2025-11-23;15;708
1;2025-11-23;16;640
1;2025-11-23;17;596
1;2025-11-23;18;530
1;2025-11-23;19;476
1;2025-11-23;20;341
1;2025-11-23;21;272
1;2025-11-23;22;106
1;2025-11-23;23;28
1;2025-11-24;0;3
1;2025-11-24;1;0
1;2025-11-24;2;0
1;2025-11-24;3;0
1;2025-11-24;4;9
1;2025-11-24;5;123
1;2025-11-24;6;489
1;2025-11-24;7;1542
1;2025-11-24;8;1972
1;2025-11-24;9;1465
1;2025-11-24;10;1326
1;2025-11-24;11;1306
1;2025-11-24;12;1384
1;2025-11-24;13;1419
1;2025-11-24;14;1379
1;2025-11-24;15;1464
1;2025-11-24;16;1535
1;2025-11-24;17;1810
1;2025-11-24;18;1821
1;2025-11-24;19;1370
1;2025-11-24;20;873
1;2025-11-24;21;465
1;2025-11-24;22;179
1;2025-11-24;23;33
1;2025-11-25;0;3
1;2025-11-25;1;0
1;2025-11-25;2;0
1;2025-11-25;3;0
1;2025-11-25;4;9
1;2025-11-25;5;122
1;2025-11-25;6;499
1;2025-11-25;7;1562
1;2025-11-25;8;1996
1;2025-11-25;9;1495
1;2025-11-25;10;1356
1;2025-11-25;11;1340
1;2025-11-25;12;1416
1;2025-11-25;13;1452
1;2025-11-25;14;1395
1;2025-11-25;15;1484
1;2025-11-25;16;1554
1;2025-11-25;17;1830
1;2025-11-25;18;1833
1;2025-11-25;19;1389
1;2025-11-25;20;893
1;2025-11-25;21;474
1;2025-11-25;22;186
1;2025-11-25;23;37
1;2025-11-26;0;3
1;2025-11-26;1;0
1;2025-11-26;2;0
1;2025-11-26;3;0
1;2025-11-26;4;9
1;2025-11-26;5;124
1;2025-11-26;6;496
1;2025-11-26;7;1555
1;2025-11-26;8;1996
1;2025-11-26;9;1486
1;2025-11-26;10;1347
1;2025-11-26;11;1330
1;2025-11-26;12;1401
1;2025-11-26;13;1447
1;2025-11-26;14;1390
1;2025-11-26;15;1482
1;2025-11-26;16;1545
1;2025-11-26;17;1817
1;2025-11-26;18;1820
1;2025-11-26;19;1375
1;2025-11-26;20;887
1;2025-11-26;21;470
1;2025-11-26;22;185
1;2025-11-26;23;36
1;2025-11-27;0;3
1;2025-11-27;1;0
1;2025-11-27;2;0
1;2025-11-27;3;0
1;2025-11-27;4;9
1;2025-11-27;5;124
1;2025-11-27;6;496
1;2025-11-27;7;1564
1;2025-11-27;8;1999
1;2025-11-27;9;1490
1;2025-11-27;10;1355
1;2025-11-27;11;1336
1;2025-11-27;12;1409
1;2025-11-27;13;1445
1;2025-11-27;14;1388
1;2025-11-27;15;1480
1;2025-11-27;16;1555
1;2025-11-27;17;1814
1;2025-11-27;18;1828
1;2025-11-27;19;1365
1;2025-11-27;20;883
1;2025-11-27;21;466
1;2025-11-27;22;182
1;2025-11-27;23;36
1;2025-11-28;0;3
1;2025-11-28;1;0
1;2025-11-28;2;0
1;2025-11-28;3;0
1;2025-11-28;4;9
1;2025-11-28;5;124
1;2025-11-28;6;492
1;2025-11-28;7;1549
1;2025-11-28;8;1961
1;2025-11-28;9;1474
1;2025-11-28;10;1335
1;2025-11-28;11;1332
1;2025-11-28;12;1399
1;2025-11-28;13;1441
1;2025-11-28;14;1399
1;2025-11-28;15;1483
1;2025-11-28;16;1567
1;2025-11-28;17;1822
1;2025-11-28;18;1766
1;2025-11-28;19;1342
1;2025-11-28;20;867
1;2025-11-28;21;472
1;2025-11-28;22;185
1;2025-11-28;23;37
1;2025-11-29;0;4
1;2025-11-29;1;0
1;2025-11-29;2;0
1;2025-11-29;3;0
1;2025-11-29;4;0
1;2025-11-29;5;31
1;2025-11-29;6;157
1;2025-11-29;7;365
1;2025-11-29;8;519
1;2025-11-29;9;761
1;2025-11-29;10;933
1;2025-11-29;11;920
1;2025-11-29;12;1091
1;2025-11-29;13;1161
1;2025-11-29;14;1065
1;2025-11-29;15;935
1;2025-11-29;16;802
1;2025-11-29;17;742
1;2025-11-29;18;641
1;2025-11-29;19;568
1;2025-11-29;20;438
1;2025-11-29;21;303
1;2025-11-29;22;119
1;2025-11-29;23;28
1;2025-11-30;0;0
1;2025-11-30;1;0
1;2025-11-30;2;0
1;2025-11-30;3;0
1;2025-11-30;4;0
1;2025-11-30;5;24
1;2025-11-30;6;117
1;2025-11-30;7;268
1;2025-11-30;8;364
1;2025-11-30;9;612
1;2025-11-30;10;698
1;2025-11-30;11;732
1;2025-11-30;12;840
1;2025-11-30;13;839
1;2025-11-30;14;802
1;2025-11-30;15;707
1;2025-11-30;16;641
1;2025-11-30;17;598
1;2025-11-30;18;532
1;2025-11-30;19;478
1;2025-11-30;20;342
1;2025-11-30;21;271
1;2025-11-30;22;105
1;2025-11-30;23;28
1;2025-12-01;0;3
1;2025-12-01;1;0
1;2025-12-01;2;0
1;2025-12-01;3;0
1;2025-12-01;4;10
1;2025-12-01;5;127
1;2025-12-01;6;506
1;2025-12-01;7;1587
1;2025-12-01;8;2041
1;2025-12-01;9;1515
1;2025-12-01;10;1380
1;2025-12-01;11;1362
1;2025-12-01;12;1441
1;2025-12-01;13;1476
1;2025-12-01;14;1433
1;2025-12-01;15;1527
1;2025-12-01;16;1594
1;2025-12-01;17;1886
1;2025-12-01;18;1895
1;2025-12-01;19;1424
1;2025-12-01;20;904
1;2025-12-01;21;484
1;2025-12-01;22;186
1;2025-12-01;23;36
1;2025-12-02;0;3
1;2025-12-02;1;0
1;2025-12-02;2;0
1;2025-12-02;3;0
1;2025-12-02;4;10
1;2025-12-02;5;126
1;2025-12-02;6;515
1;2025-12-02;7;1612
1;2025-12-02;8;2067
1;2025-12-02;9;1549
1;2025-12-02;10;1407
1;2025-12-02;11;1386
1;2025-12-02;12;1463
1;2025-12-02;13;1496
1;2025-12-02;14;1434
1;2025-12-02;15;1529
1;2025-12-02;16;1595
1;2025-12-02;17;1884
1;2025-12-02;18;1887
1;2025-12-02;19;1438
1;2025-12-02;20;924
1;2025-12-02;21;491
1;2025-12-02;22;191
1;2025-12-02;23;38
1;2025-12-03;0;3
1;2025-12-03;1;0
1;2025-12-03;2;0
1;2025-12-03;3;0
1;2025-12-03;4;10
1;2025-12-03;5;129
1;2025-12-03;6;514
1;2025-12-03;7;1600
1;2025-12-03;8;2066
1;2025-12-03;9;1541
1;2025-12-03;10;1407
1;2025-12-03;11;1386
1;2025-12-03;12;1456
1;2025-12-03;13;1505
1;2025-12-03;14;1436
1;2025-12-03;15;1540
1;2025-12-03;16;1594
1;2025-12-03;17;1885
1;2025-12-03;18;1881
1;2025-12-03;19;1432
1;2025-12-03;20;924
1;2025-12-03;21;492
1;2025-12-03;22;192
1;2025-12-03;23;37
1;2025-12-04;0;3
1;2025-12-04;1;0
1;2025-12-04;2;0
1;2025-12-04;3;0
1;2025-12-04;4;10
1;2025-12-04;5;129
1;2025-12-04;6;511
1;2025-12-04;7;1610
1;2025-12-04;8;2068
1;2025-12-04;9;1542
1;2025-12-04;10;1408
1;2025-12-04;11;1386
1;2025-12-04;12;1464
1;2025-12-04;13;1498
1;2025-12-04;14;1437
1;2025-12-04;15;1536
1;2025-12-04;16;1607
1;2025-12-04;17;1873
1;2025-12-04;18;1893
1;2025-12-04;19;1421
1;2025-12-04;20;923
1;2025-12-04;21;487
1;2025-12-04;22;191
1;2025-12-04;23;38
1;2025-12-05;0;3
1;2025-12-05;1;0
1;2025-12-05;2;0
1;2025-12-05;3;0
1;2025-12-05;4;9
1;2025-12-05;5;129
1;2025-12-05;6;510
1;2025-12-05;7;1601
1;2025-12-05;8;2029
1;2025-12-05;9;1535
1;2025-12-05;10;1394
1;2025-12-05;11;1391
1;2025-12-05;12;1455
1;2025-12-05;13;1495
1;2025-12-05;14;1445
1;2025-12-05;15;1536
1;2025-12-05;16;1620
1;2025-12-05;17;1880
1;2025-12-05;18;1796
1;2025-12-05;19;1378
1;2025-12-05;20;899
1;2025-12-05;21;488
1;2025-12-05;22;193
1;2025-12-05;23;40
1;2025-12-06;0;4
1;2025-12-06;1;0
1;2025-12-06;2;0
1;2025-12-06;3;0
1;2025-12-06;4;0
1;2025-12-06;5;32
1;2025-12-06;6;165
1;2025-12-06;7;380
1;2025-12-06;8;535
1;2025-12-06;9;788
1;2025-12-06;10;958
1;2025-12-06;11;948
1;2025-12-06;12;1127
1;2025-12-06;13;1198
1;2025-12-06;14;1096
1;2025-12-06;15;967
1;2025-12-06;16;826
1;2025-12-06;17;766
1;2025-12-06;18;663
1;2025-12-06;19;593
1;2025-12-06;20;454
1;2025-12-06;21;316
1;2025-12-06;22;124
1;2025-12-06;23;30
1;2025-12-07;0;0
1;2025-12-07;1;0
1;2025-12-07;2;0
1;2025-12-07;3;0
1;2025-12-07;4;0
1;2025-12-07;5;25
1;2025-12-07;6;120
1;2025-12-07;7;275
1;2025-12-07;8;376
1;2025-12-07;9;631
1;2025-12-07;10;718
1;2025-12-07;11;753
1;2025-12-07;12;861
1;2025-12-07;13;866
1;2025-12-07;14;825
1;2025-12-07;15;729
1;2025-12-07;16;663
1;2025-12-07;17;618
1;2025-12-07;18;548
1;2025-12-07;19;498
1;2025-12-07;20;356
1;2025-12-07;21;282
1;2025-12-07;22;109
1;2025-12-07;23;31
1;2025-12-08;0;3
1;2025-12-08;1;0
1;2025-12-08;2;0
1;2025-12-08;3;0
1;2025-12-08;4;10
1;2025-12-08;5;128
1;2025-12-08;6;507
1;2025-12-08;7;1592
1;2025-12-08;8;2046
1;2025-12-08;9;1521
1;2025-12-08;10;1386
1;2025-12-08;11;1362
1;2025-12-08;12;1442
1;2025-12-08;13;1476
1;2025-12-08;14;1433
1;2025-12-08;15;1528
1;2025-12-08;16;1595
1;2025-12-08;17;1886
1;2025-12-08;18;1895
1;2025-12-08;19;1430
1;2025-12-08;20;904
1;2025-12-08;21;484
1;2025-12-08;22;186
1;2025-12-08;23;36
1;2025-12-09;0;3
1;2025-12-09;1;0
1;2025-12-09;2;0
1;2025-12-09;3;0
1;2025-12-09;4;10
1;2025-12-09;5;126
1;2025-12-09;6;515
1;2025-12-09;7;1603
1;2025-12-09;8;2061
1;2025-12-09;9;1549
1;2025-12-09;10;1408
1;2025-12-09;11;1383
1;2025-12-09;12;1461
1;2025-12-09;13;1493
1;2025-12-09;14;1430
1;2025-12-09;15;1528
1;2025-12-09;16;1595
1;2025-12-09;17;1879
1;2025-12-09;18;1882
1;2025-12-09;19;1438
1;2025-12-09;20;922
1;2025-12-09;21;490
1;2025-12-09;22;190
1;2025-12-09;23;38
1;2025-12-10;0;3
1;2025-12-10;1;0
1;2025-12-10;2;0
1;2025-12-10;3;0
1;2025-12-10;4;10
1;2025-12-10;5;130
1;2025-12-10;6;512
1;2025-12-10;7;1597
1;2025-12-10;8;2068
1;2025-12-10;9;1540
1;2025-12-10;10;1406
1;2025-12-10;11;1385
1;2025-12-10;12;1456
1;2025-12-10;13;1504
1;2025-12-10;14;1436
1;2025-12-10;15;1541
1;2025-12-10;16;1593
1;2025-12-10;17;1883
1;2025-12-10;18;1881
1;2025-12-10;19;1431
1;2025-12-10;20;924
1;2025-12-10;21;492
1;2025-12-10;22;192
1;2025-12-10;23;37
1;2025-12-11;0;3
1;2025-12-11;1;0
1;2025-12-11;2;0
1;2025-12-11;3;0
1;2025-12-11;4;10
1;2025-12-11;5;128
1;2025-12-11;6;511
1;2025-12-11;7;1605
1;2025-12-11;8;2060
1;2025-12-11;9;1536
1;2025-12-11;10;1398
1;2025-12-11;11;1373
1;2025-12-11;12;1455
1;2025-12-11;13;1489
1;2025-12-11;14;1430
1;2025-12-11;15;1533
1;2025-12-11;16;1603
1;2025-12-11;17;1862
1;2025-12-11;18;1880
1;2025-12-11;19;1405
1;2025-12-11;20;912
1;2025-12-11;21;481
1;2025-12-11;22;189
1;2025-12-11;23;38
1;2025-12-12;0;3
1;2025-12-12;1;0
1;2025-12-12;2;0
1;2025-12-12;3;0
1;2025-12-12;4;9
1;2025-12-12;5;129
1;2025-12-12;6;508
1;2025-12-12;7;1603
1;2025-12-12;8;2025
1;2025-12-12;9;1535
1;2025-12-12;10;1393
1;2025-12-12;11;1389
1;2025-12-12;12;1451
1;2025-12-12;13;1487
1;2025-12-12;14;1436
1;2025-12-12;15;1513
1;2025-12-12;16;1598
1;2025-12-12;17;1850
1;2025-12-12;18;1777
1;2025-12-12;19;1362
1;2025-12-12;20;881
1;2025-12-12;21;485
1;2025-12-12;22;191
1;2025-12-12;23;38
1;2025-12-13;0;4
1;2025-12-13;1;0
1;2025-12-13;2;0
1;2025-12-13;3;0
1;2025-12-13;4;0
1;2025-12-13;5;31
1;2025-12-13;6;163
1;2025-12-13;7;375
1;2025-12-13;8;531
1;2025-12-13;9;784
1;2025-12-13;10;957
1;2025-12-13;11;947
1;2025-12-13;12;1125
1;2025-12-13;13;1196
1;2025-12-13;14;1093
1;2025-12-13;15;966
1;2025-12-13;16;826
1;2025-12-13;17;764
1;2025-12-13;18;661
1;2025-12-13;19;590
1;2025-12-13;20;450
1;2025-12-13;21;313
1;2025-12-13;22;123
1;2025-12-13;23;30
1;2025-12-14;0;0
1;2025-12-14;1;0
1;2025-12-14;2;0
1;2025-12-14;3;0
1;2025-12-14;4;0
1;2025-12-14;5;25
1;2025-12-14;6;121
1;2025-12-14;7;277
1;2025-12-14;8;374
1;2025-12-14;9;627
1;2025-12-14;10;713
1;2025-12-14;11;753
1;2025-12-14;12;857
1;2025-12-14;13;861
1;2025-12-14;14;823
1;2025-12-14;15;726
1;2025-12-14;16;661
1;2025-12-14;17;617
1;2025-12-14;18;547
1;2025-12-14;19;497
1;2025-12-14;20;355
1;2025-12-14;21;278
1;2025-12-14;22;105
1;2025-12-14;23;28
1;2025-12-15;0;3
1;2025-12-15;1;0
1;2025-12-15;2;0
1;2025-12-15;3;0
1;2025-12-15;4;10
1;2025-12-15;5;127
1;2025-12-15;6;506
1;2025-12-15;7;1591
1;2025-12-15;8;2046
1;2025-12-15;9;1521
1;2025-12-15;10;1387
1;2025-12-15;11;1361
1;2025-12-15;12;1441
1;2025-12-15;13;1475
1;2025-12-15;14;1432
1;2025-12-15;15;1524
1;2025-12-15;16;1593
1;2025-12-15;17;1883
1;2025-12-15;18;1891
1;2025-12-15;19;1426
1;2025-12-15;20;915
1;2025-12-15;21;483
1;2025-12-15;22;185
1;2025-12-15;23;36
1;2025-12-16;0;3
1;2025-12-16;1;0
1;2025-12-16;2;0
1;2025-12-16;3;0
1;2025-12-16;4;10
1;2025-12-16;5;126
1;2025-12-16;6;515
1;2025-12-16;7;1612
1;2025-12-16;8;2067
1;2025-12-16;9;1551
1;2025-12-16;10;1410
1;2025-12-16;11;1388
1;2025-12-16;12;1465
1;2025-12-16;13;1492
1;2025-12-16;14;1428
1;2025-12-16;15;1525
1;2025-12-16;16;1594
1;2025-12-16;17;1881
1;2025-12-16;18;1885
1;2025-12-16;19;1437
1;2025-12-16;20;924
1;2025-12-16;21;491
1;2025-12-16;22;191
1;2025-12-16;23;38
1;2025-12-17;0;3
1;2025-12-17;1;0
1;2025-12-17;2;0
1;2025-12-17;3;0
1;2025-12-17;4;10
1;2025-12-17;5;129
1;2025-12-17;6;514
1;2025-12-17;7;1599
1;2025-12-17;8;2067
1;2025-12-17;9;1542
1;2025-12-17;10;1409
1;2025-12-17;11;1387
1;2025-12-17;12;1457
1;2025-12-17;13;1503
1;2025-12-17;14;1436
1;2025-12-17;15;1541
1;2025-12-17;16;1595
1;2025-12-17;17;1885
1;2025-12-17;18;1881
1;2025-12-17;19;1431
1;2025-12-17;20;912
1;2025-12-17;21;493
1;2025-12-17;22;193
1;2025-12-17;23;38
1;2025-12-18;0;3
1;2025-12-18;1;0
1;2025-12-18;2;0
1;2025-12-18;3;0
1;2025-12-18;4;10
1;2025-12-18;5;129
1;2025-12-18;6;511
1;2025-12-18;7;1609
1;2025-12-18;8;2068
1;2025-12-18;9;1543
1;2025-12-18;10;1408
1;2025-12-18;11;1382
1;2025-12-18;12;1463
1;2025-12-18;13;1498
1;2025-12-18;14;1437
1;2025-12-18;15;1537
1;2025-12-18;16;1608
1;2025-12-18;17;1873
1;2025-12-18;18;1893
1;2025-12-18;19;1422
1;2025-12-18;20;924
1;2025-12-18;21;488
1;2025-12-18;22;191
1;2025-12-18;23;38
1;2025-12-19;0;3
1;2025-12-19;1;0
1;2025-12-19;2;0
1;2025-12-19;3;0
1;2025-12-19;4;9
1;2025-12-19;5;129
1;2025-12-19;6;511
1;2025-12-19;7;1599
1;2025-12-19;8;2029
1;2025-12-19;9;1531
1;2025-12-19;10;1389
1;2025-12-19;11;1386
1;2025-12-19;12;1450
1;2025-12-19;13;1495
1;2025-12-19;14;1446
1;2025-12-19;15;1533
1;2025-12-19;16;1617
1;2025-12-19;17;1879
1;2025-12-19;18;1792
1;2025-12-19;19;1376
1;2025-12-19;20;898
1;2025-12-19;21;488
1;2025-12-19;22;192
1;2025-12-19;23;40
1;2025-12-20;0;4
1;2025-12-20;1;0
1;2025-12-20;2;0
1;2025-12-20;3;0
1;2025-12-20;4;0
1;2025-12-20;5;32
1;2025-12-20;6;164
1;2025-12-20;7;379
1;2025-12-20;8;535
1;2025-12-20;9;789
1;2025-12-20;10;959
1;2025-12-20;11;949
1;2025-12-20;12;1126
1;2025-12-20;13;1197
1;2025-12-20;14;1095
1;2025-12-20;15;967
1;2025-12-20;16;827
1;2025-12-20;17;766
1;2025-12-20;18;662
1;2025-12-20;19;592
1;2025-12-20;20;454
1;2025-12-20;21;316
1;2025-12-20;22;124
1;2025-12-20;23;30
1;2025-12-21;0;0
1;2025-12-21;1;0
1;2025-12-21;2;0
1;2025-12-21;3;0
1;2025-12-21;4;0
1;2025-12-21;5;25
1;2025-12-21;6;120
1;2025-12-21;7;272
1;2025-12-21;8;371
1;2025-12-21;9;627
1;2025-12-21;10;718
1;2025-12-21;11;750
1;2025-12-21;12;858
1;2025-12-21;13;861
1;2025-12-21;14;822
1;2025-12-21;15;725
1;2025-12-21;16;659
1;2025-12-21;17;615
1;2025-12-21;18;546
1;2025-12-21;19;496
1;2025-12-21;20;355
1;2025-12-21;21;281
1;2025-12-21;22;108
1;2025-12-21;23;30
1;2025-12-22;0;3
1;2025-12-22;1;0
1;2025-12-22;2;0
1;2025-12-22;3;0
1;2025-12-22;4;10
1;2025-12-22;5;128
1;2025-12-22;6;505
1;2025-12-22;7;1589
1;2025-12-22;8;2042
1;2025-12-22;9;1518
1;2025-12-22;10;1382
1;2025-12-22;11;1356
1;2025-12-22;12;1435
1;2025-12-22;13;1467
1;2025-12-22;14;1425
1;2025-12-22;15;1515
1;2025-12-22;16;1580
1;2025-12-22;17;1871
1;2025-12-22;18;1879
1;2025-12-22;19;1412
1;2025-12-22;20;899
1;2025-12-22;21;481
1;2025-12-22;22;182
1;2025-12-22;23;34
1;2025-12-23;0;3
1;2025-12-23;1;0
1;2025-12-23;2;0
1;2025-12-23;3;0
1;2025-12-23;4;10
1;2025-12-23;5;125
1;2025-12-23;6;513
1;2025-12-23;7;1598
1;2025-12-23;8;2054
1;2025-12-23;9;1540
1;2025-12-23;10;1400
1;2025-12-23;11;1379
1;2025-12-23;12;1456
1;2025-12-23;13;1487
1;2025-12-23;14;1425
1;2025-12-23;15;1521
1;2025-12-23;16;1588
1;2025-12-23;17;1875
1;2025-12-23;18;1875
1;2025-12-23;19;1424
1;2025-12-23;20;910
1;2025-12-23;21;489
1;2025-12-23;22;187
1;2025-12-23;23;36
1;2025-12-24;0;3
1;2025-12-24;1;0
1;2025-12-24;2;0
1;2025-12-24;3;0
1;2025-12-24;4;10
1;2025-12-24;5;129
1;2025-12-24;6;510
1;2025-12-24;7;1589
1;2025-12-24;8;2060
1;2025-12-24;9;1539
1;2025-12-24;10;1405
1;2025-12-24;11;1383
1;2025-12-24;12;1454
1;2025-12-24;13;1496
1;2025-12-24;14;1428
1;2025-12-24;15;1532
1;2025-12-24;16;1592
1;2025-12-24;17;1880
1;2025-12-24;18;1874
1;2025-12-24;19;1417
1;2025-12-24;20;919
1;2025-12-24;21;490
1;2025-12-24;22;191
1;2025-12-24;23;37
1;2025-12-25;0;3
1;2025-12-25;1;0
1;2025-12-25;2;0
1;2025-12-25;3;0
1;2025-12-25;4;10
1;2025-12-25;5;127
1;2025-12-25;6;507
1;2025-12-25;7;1601
1;2025-12-25;8;2058
1;2025-12-25;9;1538
1;2025-12-25;10;1405
1;2025-12-25;11;1383
1;2025-12-25;12;1460
1;2025-12-25;13;1493
1;2025-12-25;14;1432
1;2025-12-25;15;1532
1;2025-12-25;16;1598
1;2025-12-25;17;1862
1;2025-12-25;18;1875
1;2025-12-25;19;1399
1;2025-12-25;20;909
1;2025-12-25;21;478
1;2025-12-25;22;187
1;2025-12-25;23;36
1;2025-12-26;0;3
1;2025-12-26;1;0
1;2025-12-26;2;0
1;2025-12-26;3;0
1;2025-12-26;4;9
1;2025-12-26;5;129
1;2025-12-26;6;501
1;2025-12-26;7;1584
1;2025-12-26;8;2007
1;2025-12-26;9;1514
1;2025-12-26;10;1371
1;2025-12-26;11;1362
1;2025-12-26;12;1423
1;2025-12-26;13;1463
1;2025-12-26;14;1418
1;2025-12-26;15;1511
1;2025-12-26;16;1599
1;2025-12-26;17;1848
1;2025-12-26;18;1771
1;2025-12-26;19;1349
1;2025-12-26;20;878
1;2025-12-26;21;472
1;2025-12-26;22;189
1;2025-12-26;23;39
1;2025-12-27;0;4
1;2025-12-27;1;0
1;2025-12-27;2;0
1;2025-12-27;3;0
1;2025-12-27;4;0
1;2025-12-27;5;31
1;2025-12-27;6;162
1;2025-12-27;7;375
1;2025-12-27;8;530
1;2025-12-27;9;779
1;2025-12-27;10;948
1;2025-12-27;11;936
1;2025-12-27;12;1121
1;2025-12-27;13;1191
1;2025-12-27;14;1090
1;2025-12-27;15;960
1;2025-12-27;16;820
1;2025-12-27;17;760
1;2025-12-27;18;656
1;2025-12-27;19;586
1;2025-12-27;20;449
1;2025-12-27;21;311
1;2025-12-27;22;121
1;2025-12-27;23;30
1;2025-12-28;0;0
1;2025-12-28;1;0
1;2025-12-28;2;0
1;2025-12-28;3;0
1;2025-12-28;4;0
1;2025-12-28;5;24
1;2025-12-28;6;120
1;2025-12-28;7;272
1;2025-12-28;8;369
1;2025-12-28;9;618
1;2025-12-28;10;703
1;2025-12-28;11;735
1;2025-12-28;12;845
1;2025-12-28;13;846
1;2025-12-28;14;809
1;2025-12-28;15;715
1;2025-12-28;16;649
1;2025-12-28;17;605
1;2025-12-28;18;542
1;2025-12-28;19;488
1;2025-12-28;20;349
1;2025-12-28;21;274
1;2025-12-28;22;105
1;2025-12-28;23;29
1;2025-12-29;0;2
1;2025-12-29;1;0
1;2025-12-29;2;0
1;2025-12-29;3;0
1;2025-12-29;4;8
1;2025-12-29;5;108
1;2025-12-29;6;425
1;2025-12-29;7;1345
1;2025-12-29;8;1728
1;2025-12-29;9;1285
1;2025-12-29;10;1170
1;2025-12-29;11;1150
1;2025-12-29;12;1216
1;2025-12-29;13;1245
1;2025-12-29;14;1209
1;2025-12-29;15;1289
1;2025-12-29;16;1347
1;2025-12-29;17;1589
1;2025-12-29;18;1590
1;2025-12-29;19;1186
1;2025-12-29;20;754
1;2025-12-29;21;400
1;2025-12-29;22;153
1;2025-12-29;23;29
1;2025-12-30;0;2
1;2025-12-30;1;0
1;2025-12-30;2;0
1;2025-12-30;3;0
1;2025-12-30;4;8
1;2025-12-30;5;106
1;2025-12-30;6;431
1;2025-12-30;7;1355
1;2025-12-30;8;1740
1;2025-12-30;9;1304
1;2025-12-30;10;1180
1;2025-12-30;11;1161
1;2025-12-30;12;1229
1;2025-12-30;13;1259
1;2025-12-30;14;1202
1;2025-12-30;15;1286
1;2025-12-30;16;1343
1;2025-12-30;17;1581
1;2025-12-30;18;1565
1;2025-12-30;19;1188
1;2025-12-30;20;765
1;2025-12-30;21;402
1;2025-12-30;22;157
1;2025-12-30;23;32
1;2025-12-31;0;0
1;2025-12-31;1;0
1;2025-12-31;2;0
1;2025-12-31;3;0
1;2025-12-31;4;0
1;2025-12-31;5;22
1;2025-12-31;6;106
1;2025-12-31;7;238
1;2025-12-31;8;320
1;2025-12-31;9;532
1;2025-12-31;10;606
1;2025-12-31;11;632
1;2025-12-31;12;724
1;2025-12-31;13;725
1;2025-12-31;14;697
1;2025-12-31;15;611
1;2025-12-31;16;554
1;2025-12-31;17;523
1;2025-12-31;18;460
1;2025-12-31;19;413
1;2025-12-31;20;0
1;2025-12-31;21;0
1;2025-12-31;22;0
1;2025-12-31;23;0
5;2025-11-01;0;0
5;2025-11-01;1;0
5;2025-11-01;2;0
5;2025-11-01;3;0
5;2025-11-01;4;0
5;2025-11-01;5;0
5;2025-11-01;6;0
5;2025-11-01;7;0
5;2025-11-01;8;0
5;2025-11-01;9;0
5;2025-11-01;10;0
5;2025-11-01;11;0
5;2025-11-01;12;0
5;2025-11-01;13;0
5;2025-11-01;14;0
5;2025-11-01;15;0
5;2025-11-01;16;0
5;2025-11-01;17;0
5;2025-11-01;18;0
5;2025-11-01;19;0
5;2025-11-01;20;0
5;2025-11-01;21;0
5;2025-11-01;22;0
5;2025-11-01;23;0
5;2025-11-02;0;0
5;2025-11-02;1;0
5;2025-11-02;2;0
5;2025-11-02;3;0
5;2025-11-02;4;0
5;2025-11-02;5;0
5;2025-11-02;6;0
5;2025-11-02;7;0
5;2025-11-02;8;0
5;2025-11-02;9;0
5;2025-11-02;10;0
5;2025-11-02;11;0
5;2025-11-02;12;0
5;2025-11-02;13;0
5;2025-11-02;14;0
5;2025-11-02;15;0
5;2025-11-02;16;0
5;2025-11-02;17;0
5;2025-11-02;18;0
5;2025-11-02;19;0
5;2025-11-02;20;0
5;2025-11-02;21;0
5;2025-11-02;22;0
5;2025-11-02;23;0
5;2025-11-03;0;0
5;2025-11-03;1;0
5;2025-11-03;2;0
5;2025-11-03;3;0
5;2025-11-03;4;0
5;2025-11-03;5;0
5;2025-11-03;6;0
5;2025-11-03;7;0
5;2025-11-03;8;0
5;2025-11-03;9;0
5;2025-11-03;10;0
5;2025-11-03;11;0
5;2025-11-03;12;0
5;2025-11-03;13;0
5;2025-11-03;14;0
5;2025-11-03;15;0
5;2025-11-03;16;0
5;2025-11-03;17;0
5;2025-11-03;18;0
5;2025-11-03;19;0
5;2025-11-03;20;0
5;2025-11-03;21;0
5;2025-11-03;22;0
5;2025-11-03;23;0
5;2025-11-04;0;0
5;2025-11-04;1;0
5;2025-11-04;2;0
5;2025-11-04;3;0
5;2025-11-04;4;0
5;2025-11-04;5;0
5;2025-11-04;6;0
5;2025-11-04;7;0
5;2025-11-04;8;0
5;2025-11-04;9;0
5;2025-11-04;10;0
5;2025-11-04;11;0
5;2025-11-04;12;0
5;2025-11-04;13;0
5;2025-11-04;14;0
5;2025-11-04;15;0
5;2025-11-04;16;0
5;2025-11-04;17;0
5;2025-11-04;18;0
5;2025-11-04;19;0
5;2025-11-04;20;0
5;2025-11-04;21;0
5;2025-11-04;22;0
5;2025-11-04;23;0
5;2025-11-05;0;0
5;2025-11-05;1;0
5;2025-11-05;2;0
5;2025-11-05;3;0
5;2025-11-05;4;0
5;2025-11-05;5;0
5;2025-11-05;6;0
5;2025-11-05;7;0
5;2025-11-05;8;0
5;2025-11-05;9;0
5;2025-11-05;10;0
5;2025-11-05;11;0
5;2025-11-05;12;0
5;2025-11-05;13;0
5;2025-11-05;14;0
5;2025-11-05;15;0
5;2025-11-05;16;0
5;2025-11-05;17;0
5;2025-11-05;18;0
5;2025-11-05;19;0
5;2025-11-05;20;0
5;2025-11-05;21;0
5;2025-11-05;22;0
5;2025-11-05;23;0
5;2025-11-06;0;0
5;2025-11-06;1;0
5;2025-11-06;2;0
5;2025-11-06;3;0
5;2025-11-06;4;0
5;2025-11-06;5;0
5;2025-11-06;6;0
5;2025-11-06;7;0
5;2025-11-06;8;0
5;2025-11-06;9;0
5;2025-11-06;10;0
5;2025-11-06;11;0
5;2025-11-06;12;0
5;2025-11-06;13;0
5;2025-11-06;14;0
5;2025-11-06;15;0
5;2025-11-06;16;0
5;2025-11-06;17;0
5;2025-11-06;18;0
5;2025-11-06;19;0
5;2025-11-06;20;0
5;2025-11-06;21;0
5;2025-11-06;22;0
5;2025-11-06;23;0
5;2025-11-07;0;0
5;2025-11-07;1;0
5;2025-11-07;2;0
5;2025-11-07;3;0
5;2025-11-07;4;0
5;2025-11-07;5;0
5;2025-11-07;6;0
5;2025-11-07;7;0
5;2025-11-07;8;0
5;2025-11-07;9;0
5;2025-11-07;10;0
5;2025-11-07;11;0
5;2025-11-07;12;0
5;2025-11-07;13;0
5;2025-11-07;14;0
5;2025-11-07;15;0
5;2025-11-07;16;0
5;2025-11-07;17;0
5;2025-11-07;18;0
5;2025-11-07;19;0
5;2025-11-07;20;0
5;2025-11-07;21;0
5;2025-11-07;22;0
5;2025-11-07;23;0
5;2025-11-08;0;0
5;2025-11-08;1;0
5;2025-11-08;2;0
5;2025-11-08;3;0
5;2025-11-08;4;0
5;2025-11-08;5;0
5;2025-11-08;6;0
5;2025-11-08;7;0
5;2025-11-08;8;0
5;2025-11-08;9;0
5;2025-11-08;10;0
5;2025-11-08;11;0
5;2025-11-08;12;0
5;2025-11-08;13;0
5;2025-11-08;14;0
5;2025-11-08;15;0
5;2025-11-08;16;0
5;2025-11-08;17;0
5;2025-11-08;18;0
5;2025-11-08;19;0
5;2025-11-08;20;0
5;2025-11-08;21;0
5;2025-11-08;22;0
5;2025-11-08;23;0
5;2025-11-09;0;0
5;2025-11-09;1;0
5;2025-11-09;2;0
5;2025-11-09;3;0
5;2025-11-09;4;0
5;2025-11-09;5;0
5;2025-11-09;6;0
5;2025-11-09;7;0
5;2025-11-09;8;0
5;2025-11-09;9;0
5;2025-11-09;10;0
5;2025-11-09;11;0
5;2025-11-09;12;0
5;2025-11-09;13;0
5;2025-11-09;14;0
5;2025-11-09;15;0
5;2025-11-09;16;0
5;2025-11-09;17;0
5;2025-11-09;18;0
5;2025-11-09;19;0
5;2025-11-09;20;0
5;2025-11-09;21;0
5;2025-11-09;22;0
5;2025-11-09;23;0
5;2025-11-10;0;0
5;2025-11-10;1;0
5;2025-11-10;2;0
5;2025-11-10;3;0
5;2025-11-10;4;0
5;2025-11-10;5;0
5;2025-11-10;6;0
5;2025-11-10;7;0
5;2025-11-10;8;0
5;2025-11-10;9;0
5;2025-11-10;10;0
5;2025-11-10;11;0
5;2025-11-10;12;0
5;2025-11-10;13;0
5;2025-11-10;14;0
5;2025-11-10;15;0
5;2025-11-10;16;0
5;2025-11-10;17;0
5;2025-11-10;18;0
5;2025-11-10;19;0
5;2025-11-10;20;0
5;2025-11-10;21;0
5;2025-11-10;22;0
5;2025-11-10;23;0
5;2025-11-11;0;0
5;2025-11-11;1;0
5;2025-11-11;2;0
5;2025-11-11;3;0
5;2025-11-11;4;0
5;2025-11-11;5;0
5;2025-11-11;6;0
5;2025-11-11;7;0
5;2025-11-11;8;0
5;2025-11-11;9;0
5;2025-11-11;10;0
5;2025-11-11;11;0
5;2025-11-11;12;0
5;2025-11-11;13;0
5;2025-11-11;14;0
5;2025-11-11;15;0
5;2025-11-11;16;0
5;2025-11-11;17;0
5;2025-11-11;18;0
5;2025-11-11;19;0
5;2025-11-11;20;0
5;2025-11-11;21;0
5;2025-11-11;22;0
5;2025-11-11;23;0
5;2025-11-12;0;0
5;2025-11-12;1;0
5;2025-11-12;2;0
5;2025-11-12;3;0
5;2025-11-12;4;0
5;2025-11-12;5;0
5;2025-11-12;6;0
5;2025-11-12;7;0
5;2025-11-12;8;0
5;2025-11-12;9;0
5;2025-11-12;10;0
5;2025-11-12;11;0
5;2025-11-12;12;0
5;2025-11-12;13;0
5;2025-11-12;14;0
5;2025-11-12;15;0
5;2025-11-12;16;0
5;2025-11-12;17;0
5;2025-11-12;18;0
5;2025-11-12;19;0
5;2025-11-12;20;0
5;2025-11-12;21;0
5;2025-11-12;22;0
5;2025-11-12;23;0
5;2025-11-13;0;0
5;2025-11-13;1;0
5;2025-11-13;2;0
5;2025-11-13;3;0
5;2025-11-13;4;0
5;2025-11-13;5;0
5;2025-11-13;6;0
5;2025-11-13;7;0
5;2025-11-13;8;0
5;2025-11-13;9;0
5;2025-11-13;10;0
5;2025-11-13;11;0
5;2025-11-13;12;0
5;2025-11-13;13;0
5;2025-11-13;14;0
5;2025-11-13;15;0
5;2025-11-13;16;0
5;2025-11-13;17;0
5;2025-11-13;18;0
5;2025-11-13;19;0
5;2025-11-13;20;0
5;2025-11-13;21;0
5;2025-11-13;22;0
5;2025-11-13;23;0
5;2025-11-14;0;0
5;2025-11-14;1;0
5;2025-11-14;2;0
5;2025-11-14;3;0
5;2025-11-14;4;0
5;2025-11-14;5;0
5;2025-11-14;6;0
5;2025-11-14;7;0
5;2025-11-14;8;0
5;2025-11-14;9;0
5;2025-11-14;10;0
5;2025-11-14;11;0
5;2025-11-14;12;0
5;2025-11-14;13;0
5;2025-11-14;14;0
5;2025-11-14;15;0
5;2025-11-14;16;0
5;2025-11-14;17;0
5;2025-11-14;18;0
5;2025-11-14;19;0
5;2025-11-14;20;0
5;2025-11-14;21;0
5;2025-11-14;22;0
5;2025-11-14;23;0
5;2025-11-15;0;0
5;2025-11-15;1;0
5;2025-11-15;2;0
5;2025-11-15;3;0
5;2025-11-15;4;0
5;2025-11-15;5;0
5;2025-11-15;6;0
5;2025-11-15;7;0
5;2025-11-15;8;0
5;2025-11-15;9;0
5;2025-11-15;10;0
5;2025-11-15;11;0
5;2025-11-15;12;0
5;2025-11-15;13;0
5;2025-11-15;14;0
5;2025-11-15;15;0
5;2025-11-15;16;0
5;2025-11-15;17;0
5;2025-11-15;18;0
5;2025-11-15;19;0
5;2025-11-15;20;0
5;2025-11-15;21;0
5;2025-11-15;22;0
5;2025-11-15;23;0
5;2025-11-16;0;0
5;2025-11-16;1;0
5;2025-11-16;2;0
5;2025-11-16;3;0
5;2025-11-16;4;0
5;2025-11-16;5;0
5;2025-11-16;6;0
5;2025-11-16;7;0
5;2025-11-16;8;0
5;2025-11-16;9;0
5;2025-11-16;10;0
5;2025-11-16;11;0
5;2025-11-16;12;0
5;2025-11-16;13;0
5;2025-11-16;14;0
5;2025-11-16;15;0
5;2025-11-16;16;0
5;2025-11-16;17;0
5;2025-11-16;18;0
5;2025-11-16;19;0
5;2025-11-16;20;0
5;2025-11-16;21;0
5;2025-11-16;22;0
5;2025-11-16;23;0
5;2025-11-17;0;0
5;2025-11-17;1;0
5;2025-11-17;2;0
5;2025-11-17;3;0
5;2025-11-17;4;0
5;2025-11-17;5;0
5;2025-11-17;6;0
5;2025-11-17;7;0
5;2025-11-17;8;0
5;2025-11-17;9;0
5;2025-11-17;10;0
5;2025-11-17;11;0
5;2025-11-17;12;0
5;2025-11-17;13;0
5;2025-11-17;14;0
5;2025-11-17;15;0
5;2025-11-17;16;0
5;2025-11-17;17;0
5;2025-11-17;18;0
5;2025-11-17;19;0
5;2025-11-17;20;0
5;2025-11-17;21;0
5;2025-11-17;22;0
5;2025-11-17;23;0
5;2025-11-18;0;0
5;2025-11-18;1;0
5;2025-11-18;2;0
5;2025-11-18;3;0
5;2025-11-18;4;0
5;2025-11-18;5;0
5;2025-11-18;6;0
5;2025-11-18;7;0
5;2025-11-18;8;0
5;2025-11-18;9;0
5;2025-11-18;10;0
5;2025-11-18;11;0
5;2025-11-18;12;0
5;2025-11-18;13;0
5;2025-11-18;14;0
5;2025-11-18;15;0
5;2025-11-18;16;0
5;2025-11-18;17;0
5;2025-11-18;18;0
5;2025-11-18;19;0
5;2025-11-18;20;0
5;2025-11-18;21;0
5;2025-11-18;22;0
5;2025-11-18;23;0
5;2025-11-19;0;0
5;2025-11-19;1;0
5;2025-11-19;2;0
5;2025-11-19;3;0
5;2025-11-19;4;0
5;2025-11-19;5;0
5;2025-11-19;6;0
5;2025-11-19;7;0
5;2025-11-19;8;0
5;2025-11-19;9;0
5;2025-11-19;10;0
5;2025-11-19;11;0
5;2025-11-19;12;0
5;2025-11-19;13;0
5;2025-11-19;14;0
5;2025-11-19;15;0
5;2025-11-19;16;0
5;2025-11-19;17;0
5;2025-11-19;18;0
5;2025-11-19;19;0
5;2025-11-19;20;0
5;2025-11-19;21;0
5;2025-11-19;22;0
5;2025-11-19;23;0
5;2025-11-20;0;0
5;2025-11-20;1;0
5;2025-11-20;2;0
5;2025-11-20;3;0
5;2025-11-20;4;0
5;2025-11-20;5;0
5;2025-11-20;6;0
5;2025-11-20;7;0
5;2025-11-20;8;0
5;2025-11-20;9;0
5;2025-11-20;10;0
5;2025-11-20;11;0
5;2025-11-20;12;0
5;2025-11-20;13;0
5;2025-11-20;14;0
5;2025-11-20;15;0
5;2025-11-20;16;0
5;2025-11-20;17;0
5;2025-11-20;18;0
5;2025-11-20;19;0
5;2025-11-20;20;0
5;2025-11-20;21;0
5;2025-11-20;22;0
5;2025-11-20;23;0
5;2025-11-21;0;0
5;2025-11-21;1;0
5;2025-11-21;2;0
5;2025-11-21;3;0
5;2025-11-21;4;0
5;2025-11-21;5;0
5;2025-11-21;6;0
5;2025-11-21;7;0
5;2025-11-21;8;0
5;2025-11-21;9;0
5;2025-11-21;10;0
5;2025-11-21;11;0
5;2025-11-21;12;0
5;2025-11-21;13;0
5;2025-11-21;14;0
5;2025-11-21;15;0
5;2025-11-21;16;0
5;2025-11-21;17;0
5;2025-11-21;18;0
5;2025-11-21;19;0
5;2025-11-21;20;0
5;2025-11-21;21;0
5;2025-11-21;22;0
5;2025-11-21;23;0
5;2025-11-22;0;0
5;2025-11-22;1;0
5;2025-11-22;2;0
5;2025-11-22;3;0
5;2025-11-22;4;0
5;2025-11-22;5;0
5;2025-11-22;6;0
5;2025-11-22;7;0
5;2025-11-22;8;0
5;2025-11-22;9;0
5;2025-11-22;10;0
5;2025-11-22;11;0
5;2025-11-22;12;0
5;2025-11-22;13;0
5;2025-11-22;14;0
5;2025-11-22;15;0
5;2025-11-22;16;0
5;2025-11-22;17;0
5;2025-11-22;18;0
5;2025-11-22;19;0
5;2025-11-22;20;0
5;2025-11-22;21;0
5;2025-11-22;22;0
5;2025-11-22;23;0
5;2025-11-23;0;0
5;2025-11-23;1;0
5;2025-11-23;2;0
5;2025-11-23;3;0
5;2025-11-23;4;0
5;2025-11-23;5;0
5;2025-11-23;6;0
5;2025-11-23;7;0
5;2025-11-23;8;0
5;2025-11-23;9;0
5;2025-11-23;10;0
5;2025-11-23;11;0
5;2025-11-23;12;0
5;2025-11-23;13;0
5;2025-11-23;14;0
5;2025-11-23;15;0
5;2025-11-23;16;0
5;2025-11-23;17;0
5;2025-11-23;18;0
5;2025-11-23;19;0
5;2025-11-23;20;0
5;2025-11-23;21;0
5;2025-11-23;22;0
5;2025-11-23;23;0
5;2025-11-24;0;0
5;2025-11-24;1;0
5;2025-11-24;2;0
5;2025-11-24;3;0
5;2025-11-24;4;0
5;2025-11-24;5;0
5;2025-11-24;6;0
5;2025-11-24;7;0
5;2025-11-24;8;0
5;2025-11-24;9;0
5;2025-11-24;10;0
5;2025-11-24;11;0
5;2025-11-24;12;0
5;2025-11-24;13;0
5;2025-11-24;14;0
5;2025-11-24;15;0
5;2025-11-24;16;0
5;2025-11-24;17;0
5;2025-11-24;18;0
5;2025-11-24;19;0
5;2025-11-24;20;0
5;2025-11-24;21;0
5;2025-11-24;22;0
5;2025-11-24;23;0
5;2025-11-25;0;0
5;2025-11-25;1;0
5;2025-11-25;2;0
5;2025-11-25;3;0
5;2025-11-25;4;0
5;2025-11-25;5;0
5;2025-11-25;6;0
5;2025-11-25;7;0
5;2025-11-25;8;0
5;2025-11-25;9;0
5;2025-11-25;10;0
5;2025-11-25;11;0
5;2025-11-25;12;0
5;2025-11-25;13;0
5;2025-11-25;14;0
5;2025-11-25;15;0
5;2025-11-25;16;0
5;2025-11-25;17;0
5;2025-11-25;18;0
5;2025-11-25;19;0
5;2025-11-25;20;0
5;2025-11-25;21;0
5;2025-11-25;22;0
5;2025-11-25;23;0
5;2025-11-26;0;0
5;2025-11-26;1;0
5;2025-11-26;2;0
5;2025-11-26;3;0
5;2025-11-26;4;0
5;2025-11-26;5;0
5;2025-11-26;6;0
5;2025-11-26;7;0
5;2025-11-26;8;0
5;2025-11-26;9;0
5;2025-11-26;10;0
5;2025-11-26;11;0
5;2025-11-26;12;0
5;2025-11-26;13;0
5;2025-11-26;14;0
5;2025-11-26;15;0
5;2025-11-26;16;0
5;2025-11-26;17;0
5;2025-11-26;18;0
5;2025-11-26;19;0
5;2025-11-26;20;0
5;2025-11-26;21;0
5;2025-11-26;22;0
5;2025-11-26;23;0
5;2025-11-27;0;0
5;2025-11-27;1;0
5;2025-11-27;2;0
5;2025-11-27;3;0
5;2025-11-27;4;0
5;2025-11-27;5;0
5;2025-11-27;6;0
5;2025-11-27;7;0
5;2025-11-27;8;0
5;2025-11-27;9;0
5;2025-11-27;10;0
5;2025-11-27;11;0
5;2025-11-27;12;0
5;2025-11-27;13;0
5;2025-11-27;14;0
5;2025-11-27;15;0
5;2025-11-27;16;0
5;2025-11-27;17;0
5;2025-11-27;18;0
5;2025-11-27;19;0
5;2025-11-27;20;0
5;2025-11-27;21;0
5;2025-11-27;22;0
5;2025-11-27;23;0
5;2025-11-28;0;0
5;2025-11-28;1;0
5;2025-11-28;2;0
5;2025-11-28;3;0
5;2025-11-28;4;0
5;2025-11-28;5;0
5;2025-11-28;6;0
5;2025-11-28;7;0
5;2025-11-28;8;0
5;2025-11-28;9;0
5;2025-11-28;10;0
5;2025-11-28;11;0
5;2025-11-28;12;0
5;2025-11-28;13;0
5;2025-11-28;14;0
5;2025-11-28;15;0
5;2025-11-28;16;0
5;2025-11-28;17;0
5;2025-11-28;18;0
5;2025-11-28;19;0
5;2025-11-28;20;0
5;2025-11-28;21;0
5;2025-11-28;22;0
5;2025-11-28;23;0
5;2025-11-29;0;0
5;2025-11-29;1;0
5;2025-11-29;2;0
5;2025-11-29;3;0
5;2025-11-29;4;0
5;2025-11-29;5;0
5;2025-11-29;6;0
5;2025-11-29;7;0
5;2025-11-29;8;0
5;2025-11-29;9;0
5;2025-11-29;10;0
5;2025-11-29;11;0
5;2025-11-29;12;0
5;2025-11-29;13;0
5;2025-11-29;14;0
5;2025-11-29;15;0
5;2025-11-29;16;0
5;2025-11-29;17;0
5;2025-11-29;18;0
5;2025-11-29;19;0
5;2025-11-29;20;0
5;2025-11-29;21;0
5;2025-11-29;22;0
5;2025-11-29;23;0
5;2025-11-30;0;0
5;2025-11-30;1;0
5;2025-11-30;2;0
5;2025-11-30;3;0
5;2025-11-30;4;0
5;2025-11-30;5;0
5;2025-11-30;6;0
5;2025-11-30;7;0
5;2025-11-30;8;0
5;2025-11-30;9;0
5;2025-11-30;10;0
5;2025-11-30;11;0
5;2025-11-30;12;0
5;2025-11-30;13;0
5;2025-11-30;14;0
5;2025-11-30;15;0
5;2025-11-30;16;0
5;2025-11-30;17;0
5;2025-11-30;18;0
5;2025-11-30;19;0
5;2025-11-30;20;0
5;2025-11-30;21;0
5;2025-11-30;22;0
5;2025-11-30;23;0
5;2025-12-01;0;0
5;2025-12-01;1;0
5;2025-12-01;2;0
5;2025-12-01;3;0
5;2025-12-01;4;0
5;2025-12-01;5;0
5;2025-12-01;6;0
5;2025-12-01;7;0
5;2025-12-01;8;0
5;2025-12-01;9;0
5;2025-12-01;10;0
5;2025-12-01;11;0
5;2025-12-01;12;0
5;2025-12-01;13;0
5;2025-12-01;14;0
5;2025-12-01;15;0
5;2025-12-01;16;0
5;2025-12-01;17;0
5;2025-12-01;18;0
5;2025-12-01;19;0
5;2025-12-01;20;0
5;2025-12-01;21;0
5;2025-12-01;22;0
5;2025-12-01;23;0
5;2025-12-02;0;0
5;2025-12-02;1;0
5;2025-12-02;2;0
5;2025-12-02;3;0
5;2025-12-02;4;0
5;2025-12-02;5;0
5;2025-12-02;6;0
5;2025-12-02;7;0
5;2025-12-02;8;0
5;2025-12-02;9;0
5;2025-12-02;10;0
5;2025-12-02;11;0
5;2025-12-02;12;0
5;2025-12-02;13;0
5;2025-12-02;14;0
5;2025-12-02;15;0
5;2025-12-02;16;0
5;2025-12-02;17;0
5;2025-12-02;18;0
5;2025-12-02;19;0
5;2025-12-02;20;0
5;2025-12-02;21;0
5;2025-12-02;22;0
5;2025-12-02;23;0
5;2025-12-03;0;0
5;2025-12-03;1;0
5;2025-12-03;2;0
5;2025-12-03;3;0
5;2025-12-03;4;0
5;2025-12-03;5;0
5;2025-12-03;6;0
5;2025-12-03;7;0
5;2025-12-03;8;0
5;2025-12-03;9;0
5;2025-12-03;10;0
5;2025-12-03;11;0
5;2025-12-03;12;0
5;2025-12-03;13;0
5;2025-12-03;14;0
5;2025-12-03;15;0
5;2025-12-03;16;0
5;2025-12-03;17;0
5;2025-12-03;18;0
5;2025-12-03;19;0
5;2025-12-03;20;0
5;2025-12-03;21;0
5;2025-12-03;22;0
5;2025-12-03;23;0
5;2025-12-04;0;0
5;2025-12-04;1;0
5;2025-12-04;2;0
5;2025-12-04;3;0
5;2025-12-04;4;0
5;2025-12-04;5;0
5;2025-12-04;6;0
5;2025-12-04;7;0
5;2025-12-04;8;0
5;2025-12-04;9;0
5;2025-12-04;10;0
5;2025-12-04;11;0
5;2025-12-04;12;0
5;2025-12-04;13;0
5;2025-12-04;14;0
5;2025-12-04;15;0
5;2025-12-04;16;0
5;2025-12-04;17;0
5;2025-12-04;18;0
5;2025-12-04;19;0
5;2025-12-04;20;0
5;2025-12-04;21;0
5;2025-12-04;22;0
5;2025-12-04;23;0
5;2025-12-05;0;0
5;2025-12-05;1;0
5;2025-12-05;2;0
5;2025-12-05;3;0
5;2025-12-05;4;0
5;2025-12-05;5;0
5;2025-12-05;6;0
5;2025-12-05;7;0
5;2025-12-05;8;0
5;2025-12-05;9;0
5;2025-12-05;10;0
5;2025-12-05;11;0
5;2025-12-05;12;0
5;2025-12-05;13;0
5;2025-12-05;14;0
5;2025-12-05;15;0
5;2025-12-05;16;0
5;2025-12-05;17;0
5;2025-12-05;18;0
5;2025-12-05;19;0
5;2025-12-05;20;0
5;2025-12-05;21;0
5;2025-12-05;22;0
5;2025-12-05;23;0
5;2025-12-06;0;0
5;2025-12-06;1;0
5;2025-12-06;2;0
5;2025-12-06;3;0
5;2025-12-06;4;0
5;2025-12-06;5;0
5;2025-12-06;6;0
5;2025-12-06;7;0
5;2025-12-06;8;0
5;2025-12-06;9;0
5;2025-12-06;10;0
5;2025-12-06;11;0
5;2025-12-06;12;0
5;2025-12-06;13;0
5;2025-12-06;14;0
5;2025-12-06;15;0
5;2025-12-06;16;0
5;2025-12-06;17;0
5;2025-12-06;18;0
5;2025-12-06;19;0
5;2025-12-06;20;0
5;2025-12-06;21;0
5;2025-12-06;22;0
5;2025-12-06;23;0
5;2025-12-07;0;0
5;2025-12-07;1;0
5;2025-12-07;2;0
5;2025-12-07;3;0
5;2025-12-07;4;0
5;2025-12-07;5;0
5;2025-12-07;6;0
5;2025-12-07;7;0
5;2025-12-07;8;0
5;2025-12-07;9;0
5;2025-12-07;10;0
5;2025-12-07;11;0
5;2025-12-07;12;0
5;2025-12-07;13;0
5;2025-12-07;14;0
5;2025-12-07;15;0
5;2025-12-07;16;0
5;2025-12-07;17;0
5;2025-12-07;18;0
5;2025-12-07;19;0
5;2025-12-07;20;0
5;2025-12-07;21;0
5;2025-12-07;22;0
5;2025-12-07;23;0
5;2025-12-08;0;0
5;2025-12-08;1;0
5;2025-12-08;2;0
5;2025-12-08;3;0
5;2025-12-08;4;0
5;2025-12-08;5;0
5;2025-12-08;6;0
5;2025-12-08;7;0
5;2025-12-08;8;0
5;2025-12-08;9;0
5;2025-12-08;10;0
5;2025-12-08;11;0
5;2025-12-08;12;0
5;2025-12-08;13;0
5;2025-12-08;14;0
5;2025-12-08;15;0
5;2025-12-08;16;0
5;2025-12-08;17;0
5;2025-12-08;18;0
5;2025-12-08;19;0
5;2025-12-08;20;0
5;2025-12-08;21;0
5;2025-12-08;22;0
5;2025-12-08;23;0
5;2025-12-09;0;0
5;2025-12-09;1;0
5;2025-12-09;2;0
5;2025-12-09;3;0
5;2025-12-09;4;0
5;2025-12-09;5;0
5;2025-12-09;6;0
5;2025-12-09;7;0
5;2025-12-09;8;0
5;2025-12-09;9;0
5;2025-12-09;10;0
5;2025-12-09;11;0
5;2025-12-09;12;0
5;2025-12-09;13;0
5;2025-12-09;14;0
5;2025-12-09;15;0
5;2025-12-09;16;0
5;2025-12-09;17;0
5;2025-12-09;18;0
5;2025-12-09;19;0
5;2025-12-09;20;0
5;2025-12-09;21;0
5;2025-12-09;22;0
5;2025-12-09;23;0
5;2025-12-10;0;0
5;2025-12-10;1;0
5;2025-12-10;2;0
5;2025-12-10;3;0
5;2025-12-10;4;0
5;2025-12-10;5;0
5;2025-12-10;6;0
5;2025-12-10;7;0
5;2025-12-10;8;0
5;2025-12-10;9;0
5;2025-12-10;10;0
5;2025-12-10;11;0
5;2025-12-10;12;0
5;2025-12-10;13;0
5;2025-12-10;14;0
5;2025-12-10;15;0
5;2025-12-10;16;0
5;2025-12-10;17;0
5;2025-12-10;18;0
5;2025-12-10;19;0
5;2025-12-10;20;0
5;2025-12-10;21;0
5;2025-12-10;22;0
5;2025-12-10;23;0
5;2025-12-11;0;0
5;2025-12-11;1;0
5;2025-12-11;2;0
5;2025-12-11;3;0
5;2025-12-11;4;0
5;2025-12-11;5;0
5;2025-12-11;6;0
5;2025-12-11;7;0
5;2025-12-11;8;0
5;2025-12-11;9;0
5;2025-12-11;10;0
5;2025-12-11;11;0
5;2025-12-11;12;0
5;2025-12-11;13;0
5;2025-12-11;14;0
5;2025-12-11;15;0
5;2025-12-11;16;0
5;2025-12-11;17;0
5;2025-12-11;18;0
5;2025-12-11;19;0
5;2025-12-11;20;0
5;2025-12-11;21;0
5;2025-12-11;22;0
5;2025-12-11;23;0
5;2025-12-12;0;0
5;2025-12-12;1;0
5;2025-12-12;2;0
5;2025-12-12;3;0
5;2025-12-12;4;0
5;2025-12-12;5;0
5;2025-12-12;6;0
5;2025-12-12;7;0
5;2025-12-12;8;0
5;2025-12-12;9;0
5;2025-12-12;10;0
5;2025-12-12;11;0
5;2025-12-12;12;0
5;2025-12-12;13;0
5;2025-12-12;14;0
5;2025-12-12;15;0
5;2025-12-12;16;0
5;2025-12-12;17;0
5;2025-12-12;18;0
5;2025-12-12;19;0
5;2025-12-12;20;0
5;2025-12-12;21;0
5;2025-12-12;22;0
5;2025-12-12;23;0
5;2025-12-13;0;0
5;2025-12-13;1;0
5;2025-12-13;2;0
5;2025-12-13;3;0
5;2025-12-13;4;0
5;2025-12-13;5;0
5;2025-12-13;6;0
5;2025-12-13;7;0
5;2025-12-13;8;0
5;2025-12-13;9;0
5;2025-12-13;10;0
5;2025-12-13;11;0
5;2025-12-13;12;0
5;2025-12-13;13;0
5;2025-12-13;14;0
5;2025-12-13;15;0
5;2025-12-13;16;0
5;2025-12-13;17;0
5;2025-12-13;18;0
5;2025-12-13;19;0
5;2025-12-13;20;0
5;2025-12-13;21;0
5;2025-12-13;22;0
5;2025-12-13;23;0
5;2025-12-14;0;0
5;2025-12-14;1;0
5;2025-12-14;2;0
5;2025-12-14;3;0
5;2025-12-14;4;0
5;2025-12-14;5;0
5;2025-12-14;6;0
5;2025-12-14;7;0
5;2025-12-14;8;0
5;2025-12-14;9;0
5;2025-12-14;10;0
5;2025-12-14;11;0
5;2025-12-14;12;0
5;2025-12-14;13;0
5;2025-12-14;14;0
5;2025-12-14;15;0
5;2025-12-14;16;0
5;2025-12-14;17;0
5;2025-12-14;18;0
5;2025-12-14;19;0
5;2025-12-14;20;0
5;2025-12-14;21;0
5;2025-12-14;22;0
5;2025-12-14;23;0
5;2025-12-15;0;0
5;2025-12-15;1;0
5;2025-12-15;2;0
5;2025-12-15;3;0
5;2025-12-15;4;0
5;2025-12-15;5;0
5;2025-12-15;6;0
5;2025-12-15;7;0
5;2025-12-15;8;0
5;2025-12-15;9;0
5;2025-12-15;10;0
5;2025-12-15;11;0
5;2025-12-15;12;0
5;2025-12-15;13;0
5;2025-12-15;14;0
5;2025-12-15;15;0
5;2025-12-15;16;0
5;2025-12-15;17;0
5;2025-12-15;18;0
5;2025-12-15;19;0
5;2025-12-15;20;0
5;2025-12-15;21;0
5;2025-12-15;22;0
5;2025-12-15;23;0
5;2025-12-16;0;0
5;2025-12-16;1;0
5;2025-12-16;2;0
5;2025-12-16;3;0
5;2025-12-16;4;0
5;2025-12-16;5;0
5;2025-12-16;6;0
5;2025-12-16;7;0
5;2025-12-16;8;0
5;2025-12-16;9;0
5;2025-12-16;10;0
5;2025-12-16;11;0
5;2025-12-16;12;0
5;2025-12-16;13;0
5;2025-12-16;14;0
5;2025-12-16;15;0
5;2025-12-16;16;0
5;2025-12-16;17;0
5;2025-12-16;18;437
5;2025-12-16;19;259
5;2025-12-16;20;176
5;2025-12-16;21;118
5;2025-12-16;22;48
5;2025-12-16;23;28
5;2025-12-17;0;5
5;2025-12-17;1;0
5;2025-12-17;2;0
5;2025-12-17;3;0
5;2025-12-17;4;1
5;2025-12-17;5;14
5;2025-12-17;6;99
5;2025-12-17;7;325
5;2025-12-17;8;531
5;2025-12-17;9;418
5;2025-12-17;10;318
5;2025-12-17;11;287
5;2025-12-17;12;271
5;2025-12-17;13;287
5;2025-12-17;14;273
5;2025-12-17;15;317
5;2025-12-17;16;340
5;2025-12-17;17;448
5;2025-12-17;18;437
5;2025-12-17;19;259
5;2025-12-17;20;176
5;2025-12-17;21;118
5;2025-12-17;22;48
5;2025-12-17;23;28
5;2025-12-18;0;5
5;2025-12-18;1;0
5;2025-12-18;2;0
5;2025-12-18;3;0
5;2025-12-18;4;1
5;2025-12-18;5;14
5;2025-12-18;6;99
5;2025-12-18;7;325
5;2025-12-18;8;531
5;2025-12-18;9;418
5;2025-12-18;10;318
5;2025-12-18;11;287
5;2025-12-18;12;271
5;2025-12-18;13;287
5;2025-12-18;14;273
5;2025-12-18;15;317
5;2025-12-18;16;340
5;2025-12-18;17;448
5;2025-12-18;18;437
5;2025-12-18;19;259
5;2025-12-18;20;176
5;2025-12-18;21;118
5;2025-12-18;22;48
5;2025-12-18;23;28
5;2025-12-19;0;5
5;2025-12-19;1;0
5;2025-12-19;2;0
5;2025-12-19;3;0
5;2025-12-19;4;1
5;2025-12-19;5;14
5;2025-12-19;6;99
5;2025-12-19;7;325
5;2025-12-19;8;531
5;2025-12-19;9;418
5;2025-12-19;10;318
5;2025-12-19;11;287
5;2025-12-19;12;271
5;2025-12-19;13;287
5;2025-12-19;14;273
5;2025-12-19;15;317
5;2025-12-19;16;340
5;2025-12-19;17;448
5;2025-12-19;18;437
5;2025-12-19;19;259
5;2025-12-19;20;176
5;2025-12-19;21;118
5;2025-12-19;22;48
5;2025-12-19;23;28
5;2025-12-20;0;3
5;2025-12-20;1;0
5;2025-12-20;2;0
5;2025-12-20;3;0
5;2025-12-20;4;0
5;2025-12-20;5;8
5;2025-12-20;6;59
5;2025-12-20;7;195
5;2025-12-20;8;319
5;2025-12-20;9;251
5;2025-12-20;10;191
5;2025-12-20;11;172
5;2025-12-20;12;162
5;2025-12-20;13;172
5;2025-12-20;14;164
5;2025-12-20;15;190
5;2025-12-20;16;204
5;2025-12-20;17;269
5;2025-12-20;18;262
5;2025-12-20;19;155
5;2025-12-20;20;105
5;2025-12-20;21;71
5;2025-12-20;22;29
5;2025-12-20;23;17
5;2025-12-21;0;3
5;2025-12-21;1;0
5;2025-12-21;2;0
5;2025-12-21;3;0
5;2025-12-21;4;0
5;2025-12-21;5;7
5;2025-12-21;6;49
5;2025-12-21;7;162
5;2025-12-21;8;266
5;2025-12-21;9;209
5;2025-12-21;10;159
5;2025-12-21;11;144
5;2025-12-21;12;135
5;2025-12-21;13;143
5;2025-12-21;14;136
5;2025-12-21;15;159
5;2025-12-21;16;170
5;2025-12-21;17;224
5;2025-12-21;18;219
5;2025-12-21;19;130
5;2025-12-21;20;88
5;2025-12-21;21;59
5;2025-12-21;22;24
5;2025-12-21;23;14
5;2025-12-22;0;5
5;2025-12-22;1;0
5;2025-12-22;2;0
5;2025-12-22;3;0
5;2025-12-22;4;1
5;2025-12-22;5;14
5;2025-12-22;6;99
5;2025-12-22;7;325
5;2025-12-22;8;531
5;2025-12-22;9;418
5;2025-12-22;10;318
5;2025-12-22;11;287
5;2025-12-22;12;271
5;2025-12-22;13;287
5;2025-12-22;14;273
5;2025-12-22;15;317
5;2025-12-22;16;340
5;2025-12-22;17;448
5;2025-12-22;18;437
5;2025-12-22;19;259
5;2025-12-22;20;176
5;2025-12-22;21;118
5;2025-12-22;22;48
5;2025-12-22;23;28
5;2025-12-23;0;5
5;2025-12-23;1;0
5;2025-12-23;2;0
5;2025-12-23;3;0
5;2025-12-23;4;1
5;2025-12-23;5;14
5;2025-12-23;6;99
5;2025-12-23;7;325
5;2025-12-23;8;531
5;2025-12-23;9;418
5;2025-12-23;10;318
5;2025-12-23;11;287
5;2025-12-23;12;271
5;2025-12-23;13;287
5;2025-12-23;14;273
5;2025-12-23;15;317
5;2025-12-23;16;340
5;2025-12-23;17;448
5;2025-12-23;18;437
5;2025-12-23;19;259
5;2025-12-23;20;176
5;2025-12-23;21;118
5;2025-12-23;22;48
5;2025-12-23;23;28
5;2025-12-24;0;5
5;2025-12-24;1;0
5;2025-12-24;2;0
5;2025-12-24;3;0
5;2025-12-24;4;1
5;2025-12-24;5;14
5;2025-12-24;6;99
5;2025-12-24;7;325
5;2025-12-24;8;531
5;2025-12-24;9;418
5;2025-12-24;10;318
5;2025-12-24;11;287
5;2025-12-24;12;271
5;2025-12-24;13;287
5;2025-12-24;14;273
5;2025-12-24;15;317
5;2025-12-24;16;340
5;2025-12-24;17;448
5;2025-12-24;18;437
5;2025-12-24;19;259
5;2025-12-24;20;176
5;2025-12-24;21;118
5;2025-12-24;22;48
5;2025-12-24;23;28
5;2025-12-25;0;5
5;2025-12-25;1;0
5;2025-12-25;2;0
5;2025-12-25;3;0
5;2025-12-25;4;1
5;2025-12-25;5;14
5;2025-12-25;6;99
5;2025-12-25;7;325
5;2025-12-25;8;531
5;2025-12-25;9;418
5;2025-12-25;10;318
5;2025-12-25;11;287
5;2025-12-25;12;271
5;2025-12-25;13;287
5;2025-12-25;14;273
5;2025-12-25;15;317
5;2025-12-25;16;340
5;2025-12-25;17;448
5;2025-12-25;18;437
5;2025-12-25;19;259
5;2025-12-25;20;176
5;2025-12-25;21;118
5;2025-12-25;22;48
5;2025-12-25;23;28
5;2025-12-26;0;5
5;2025-12-26;1;0
5;2025-12-26;2;0
5;2025-12-26;3;0
5;2025-12-26;4;1
5;2025-12-26;5;14
5;2025-12-26;6;99
5;2025-12-26;7;325
5;2025-12-26;8;531
5;2025-12-26;9;418
5;2025-12-26;10;318
5;2025-12-26;11;287
5;2025-12-26;12;271
5;2025-12-26;13;287
5;2025-12-26;14;273
5;2025-12-26;15;317
5;2025-12-26;16;340
5;2025-12-26;17;448
5;2025-12-26;18;437
5;2025-12-26;19;259
5;2025-12-26;20;176
5;2025-12-26;21;118
5;2025-12-26;22;48
5;2025-12-26;23;28
5;2025-12-27;0;3
5;2025-12-27;1;0
5;2025-12-27;2;0
5;2025-12-27;3;0
5;2025-12-27;4;0
5;2025-12-27;5;8
5;2025-12-27;6;59
5;2025-12-27;7;195
5;2025-12-27;8;319
5;2025-12-27;9;251
5;2025-12-27;10;191
5;2025-12-27;11;172
5;2025-12-27;12;162
5;2025-12-27;13;172
5;2025-12-27;14;164
5;2025-12-27;15;190
5;2025-12-27;16;204
5;2025-12-27;17;269
5;2025-12-27;18;262
5;2025-12-27;19;155
5;2025-12-27;20;105
5;2025-12-27;21;71
5;2025-12-27;22;29
5;2025-12-27;23;17
5;2025-12-28;0;3
5;2025-12-28;1;0
5;2025-12-28;2;0
5;2025-12-28;3;0
5;2025-12-28;4;0
5;2025-12-28;5;7
5;2025-12-28;6;49
5;2025-12-28;7;162
5;2025-12-28;8;266
5;2025-12-28;9;209
5;2025-12-28;10;159
5;2025-12-28;11;144
5;2025-12-28;12;135
5;2025-12-28;13;143
5;2025-12-28;14;136
5;2025-12-28;15;159
5;2025-12-28;16;170
5;2025-12-28;17;224
5;2025-12-28;18;219
5;2025-12-28;19;130
5;2025-12-28;20;88
5;2025-12-28;21;59
5;2025-12-28;22;24
5;2025-12-28;23;14
5;2025-12-29;0;5
5;2025-12-29;1;0
5;2025-12-29;2;0
5;2025-12-29;3;0
5;2025-12-29;4;1
5;2025-12-29;5;14
5;2025-12-29;6;99
5;2025-12-29;7;325
5;2025-12-29;8;531
5;2025-12-29;9;418
5;2025-12-29;10;318
5;2025-12-29;11;287
5;2025-12-29;12;271
5;2025-12-29;13;287
5;2025-12-29;14;273
5;2025-12-29;15;317
5;2025-12-29;16;340
5;2025-12-29;17;448
5;2025-12-29;18;437
5;2025-12-29;19;259
5;2025-12-29;20;176
5;2025-12-29;21;118
5;2025-12-29;22;48
5;2025-12-29;23;28
5;2025-12-30;0;5
5;2025-12-30;1;0
5;2025-12-30;2;0
5;2025-12-30;3;0
5;2025-12-30;4;1
5;2025-12-30;5;14
5;2025-12-30;6;99
5;2025-12-30;7;325
5;2025-12-30;8;531
5;2025-12-30;9;418
5;2025-12-30;10;318
5;2025-12-30;11;287
5;2025-12-30;12;271
5;2025-12-30;13;287
5;2025-12-30;14;273
5;2025-12-30;15;317
5;2025-12-30;16;340
5;2025-12-30;17;448
5;2025-12-30;18;437
5;2025-12-30;19;259
5;2025-12-30;20;176
5;2025-12-30;21;118
5;2025-12-30;22;48
5;2025-12-30;23;28
5;2025-12-31;0;3
5;2025-12-31;1;0
5;2025-12-31;2;0
5;2025-12-31;3;0
5;2025-12-31;4;0
5;2025-12-31;5;7
5;2025-12-31;6;49
5;2025-12-31;7;162
5;2025-12-31;8;266
5;2025-12-31;9;209
5;2025-12-31;10;159
5;2025-12-31;11;144
5;2025-12-31;12;135
5;2025-12-31;13;143
5;2025-12-31;14;136
5;2025-12-31;15;159
5;2025-12-31;16;170
5;2025-12-31;17;224
5;2025-12-31;18;219
5;2025-12-31;19;130
5;2025-12-31;20;0
5;2025-12-31;21;0
5;2025-12-31;22;0
5;2025-12-31;23;0
7;2025-11-01;0;51
7;2025-11-01;1;9
7;2025-11-01;2;0
7;2025-11-01;3;0
7;2025-11-01;4;1
7;2025-11-01;5;150
7;2025-11-01;6;504
7;2025-11-01;7;1373
7;2025-11-01;8;2118
7;2025-11-01;9;1577
7;2025-11-01;10;1483
7;2025-11-01;11;1374
7;2025-11-01;12;1483
7;2025-11-01;13;1417
7;2025-11-01;14;1466
7;2025-11-01;15;1543
7;2025-11-01;16;1615
7;2025-11-01;17;2031
7;2025-11-01;18;2124
7;2025-11-01;19;1408
7;2025-11-01;20;922
7;2025-11-01;21;514
7;2025-11-01;22;188
7;2025-11-01;23;149
7;2025-11-02;0;99
7;2025-11-02;1;24
7;2025-11-02;2;0
7;2025-11-02;3;0
7;2025-11-02;4;1
7;2025-11-02;5;26
7;2025-11-02;6;132
7;2025-11-02;7;169
7;2025-11-02;8;394
7;2025-11-02;9;511
7;2025-11-02;10;394
7;2025-11-02;11;529
7;2025-11-02;12;651
7;2025-11-02;13;626
7;2025-11-02;14;675
7;2025-11-02;15;699
7;2025-11-02;16;585
7;2025-11-02;17;627
7;2025-11-02;18;655
7;2025-11-02;19;469
7;2025-11-02;20;401
7;2025-11-02;21;295
7;2025-11-02;22;153
7;2025-11-02;23;122
7;2025-11-03;0;94
7;2025-11-03;1;22
7;2025-11-03;2;0
7;2025-11-03;3;0
7;2025-11-03;4;0
7;2025-11-03;5;25
7;2025-11-03;6;125
7;2025-11-03;7;161
7;2025-11-03;8;374
7;2025-11-03;9;486
7;2025-11-03;10;374
7;2025-11-03;11;503
7;2025-11-03;12;619
7;2025-11-03;13;595
7;2025-11-03;14;642
7;2025-11-03;15;664
7;2025-11-03;16;556
7;2025-11-03;17;595
7;2025-11-03;18;622
7;2025-11-03;19;445
7;2025-11-03;20;381
7;2025-11-03;21;280
7;2025-11-03;22;146
7;2025-11-03;23;116
7;2025-11-04;0;94
7;2025-11-04;1;22
7;2025-11-04;2;0
7;2025-11-04;3;0
7;2025-11-04;4;0
7;2025-11-04;5;25
7;2025-11-04;6;125
7;2025-11-04;7;161
7;2025-11-04;8;374
7;2025-11-04;9;486
7;2025-11-04;10;374
7;2025-11-04;11;503
7;2025-11-04;12;619
7;2025-11-04;13;595
7;2025-11-04;14;642
7;2025-11-04;15;664
7;2025-11-04;16;556
7;2025-11-04;17;595
7;2025-11-04;18;622
7;2025-11-04;19;445
7;2025-11-04;20;381
7;2025-11-04;21;280
7;2025-11-04;22;146
7;2025-11-04;23;116
7;2025-11-05;0;61
7;2025-11-05;1;10
7;2025-11-05;2;0
7;2025-11-05;3;0
7;2025-11-05;4;1
7;2025-11-05;5;186
7;2025-11-05;6;597
7;2025-11-05;7;1579
7;2025-11-05;8;2442
7;2025-11-05;9;1812
7;2025-11-05;10;1702
7;2025-11-05;11;1556
7;2025-11-05;12;1708
7;2025-11-05;13;1601
7;2025-11-05;14;1669
7;2025-11-05;15;1771
7;2025-11-05;16;1850
7;2025-11-05;17;2371
7;2025-11-05;18;2488
7;2025-11-05;19;1655
7;2025-11-05;20;1064
7;2025-11-05;21;615
7;2025-11-05;22;281
7;2025-11-05;23;187
7;2025-11-06;0;63
7;2025-11-06;1;11
7;2025-11-06;2;0
7;2025-11-06;3;0
7;2025-11-06;4;1
7;2025-11-06;5;188
7;2025-11-06;6;599
7;2025-11-06;7;1596
7;2025-11-06;8;2465
7;2025-11-06;9;1828
7;2025-11-06;10;1697
7;2025-11-06;11;1560
7;2025-11-06;12;1706
7;2025-11-06;13;1609
7;2025-11-06;14;1688
7;2025-11-06;15;1760
7;2025-11-06;16;1850
7;2025-11-06;17;2357
7;2025-11-06;18;2496
7;2025-11-06;19;1657
7;2025-11-06;20;1079
7;2025-11-06;21;610
7;2025-11-06;22;291
7;2025-11-06;23;198
7;2025-11-07;0;64
7;2025-11-07;1;11
7;2025-11-07;2;0
7;2025-11-07;3;0
7;2025-11-07;4;1
7;2025-11-07;5;183
7;2025-11-07;6;598
7;2025-11-07;7;1578
7;2025-11-07;8;2412
7;2025-11-07;9;1793
7;2025-11-07;10;1702
7;2025-11-07;11;1561
7;2025-11-07;12;1702
7;2025-11-07;13;1631
7;2025-11-07;14;1690
7;2025-11-07;15;1794
7;2025-11-07;16;1879
7;2025-11-07;17;2372
7;2025-11-07;18;2343
7;2025-11-07;19;1588
7;2025-11-07;20;1046
7;2025-11-07;21;608
7;2025-11-07;22;294
7;2025-11-07;23;208
7;2025-11-08;0;118
7;2025-11-08;1;24
7;2025-11-08;2;0
7;2025-11-08;3;0
7;2025-11-08;4;1
7;2025-11-08;5;53
7;2025-11-08;6;281
7;2025-11-08;7;308
7;2025-11-08;8;706
7;2025-11-08;9;584
7;2025-11-08;10;635
7;2025-11-08;11;675
7;2025-11-08;12;945
7;2025-11-08;13;857
7;2025-11-08;14;841
7;2025-11-08;15;839
7;2025-11-08;16;866
7;2025-11-08;17;862
7;2025-11-08;18;750
7;2025-11-08;19;627
7;2025-11-08;20;511
7;2025-11-08;21;368
7;2025-11-08;22;198
7;2025-11-08;23;174
7;2025-11-09;0;99
7;2025-11-09;1;24
7;2025-11-09;2;0
7;2025-11-09;3;0
7;2025-11-09;4;1
7;2025-11-09;5;26
7;2025-11-09;6;132
7;2025-11-09;7;169
7;2025-11-09;8;394
7;2025-11-09;9;511
7;2025-11-09;10;394
7;2025-11-09;11;529
7;2025-11-09;12;651
7;2025-11-09;13;626
7;2025-11-09;14;675
7;2025-11-09;15;699
7;2025-11-09;16;585
7;2025-11-09;17;627
7;2025-11-09;18;655
7;2025-11-09;19;469
7;2025-11-09;20;401
7;2025-11-09;21;295
7;2025-11-09;22;153
7;2025-11-09;23;122
7;2025-11-10;0;64
7;2025-11-10;1;11
7;2025-11-10;2;0
7;2025-11-10;3;0
7;2025-11-10;4;1
7;2025-11-10;5;187
7;2025-11-10;6;593
7;2025-11-10;7;1586
7;2025-11-10;8;2464
7;2025-11-10;9;1820
7;2025-11-10;10;1695
7;2025-11-10;11;1556
7;2025-11-10;12;1704
7;2025-11-10;13;1611
7;2025-11-10;14;1677
7;2025-11-10;15;1772
7;2025-11-10;16;1846
7;2025-11-10;17;2355
7;2025-11-10;18;2485
7;2025-11-10;19;1665
7;2025-11-10;20;1082
7;2025-11-10;21;615
7;2025-11-10;22;280
7;2025-11-10;23;187
7;2025-11-11;0;63
7;2025-11-11;1;11
7;2025-11-11;2;0
7;2025-11-11;3;0
7;2025-11-11;4;1
7;2025-11-11;5;187
7;2025-11-11;6;599
7;2025-11-11;7;1609
7;2025-11-11;8;2470
7;2025-11-11;9;1843
7;2025-11-11;10;1710
7;2025-11-11;11;1575
7;2025-11-11;12;1716
7;2025-11-11;13;1623
7;2025-11-11;14;1689
7;2025-11-11;15;1790
7;2025-11-11;16;1865
7;2025-11-11;17;2376
7;2025-11-11;18;2509
7;2025-11-11;19;1673
7;2025-11-11;20;1080
7;2025-11-11;21;624
7;2025-11-11;22;290
7;2025-11-11;23;191
7;2025-11-12;0;53
7;2025-11-12;1;9
7;2025-11-12;2;0
7;2025-11-12;3;0
7;2025-11-12;4;1
7;2025-11-12;5;172
7;2025-11-12;6;573
7;2025-11-12;7;1561
7;2025-11-12;8;2364
7;2025-11-12;9;1783
7;2025-11-12;10;1685
7;2025-11-12;11;1539
7;2025-11-12;12;1688
7;2025-11-12;13;1575
7;2025-11-12;14;1634
7;2025-11-12;15;1731
7;2025-11-12;16;1800
7;2025-11-12;17;2298
7;2025-11-12;18;2380
7;2025-11-12;19;1635
7;2025-11-12;20;1054
7;2025-11-12;21;588
7;2025-11-12;22;285
7;2025-11-12;23;192
7;2025-11-13;0;54
7;2025-11-13;1;9
7;2025-11-13;2;0
7;2025-11-13;3;0
7;2025-11-13;4;1
7;2025-11-13;5;171
7;2025-11-13;6;574
7;2025-11-13;7;1565
7;2025-11-13;8;2370
7;2025-11-13;9;1781
7;2025-11-13;10;1661
7;2025-11-13;11;1533
7;2025-11-13;12;1684
7;2025-11-13;13;1585
7;2025-11-13;14;1651
7;2025-11-13;15;1737
7;2025-11-13;16;1805
7;2025-11-13;17;2288
7;2025-11-13;18;2397
7;2025-11-13;19;1626
7;2025-11-13;20;1048
7;2025-11-13;21;588
7;2025-11-13;22;288
7;2025-11-13;23;193
7;2025-11-14;0;54
7;2025-11-14;1;8
7;2025-11-14;2;0
7;2025-11-14;3;0
7;2025-11-14;4;1
7;2025-11-14;5;170
7;2025-11-14;6;572
7;2025-11-14;7;1549
7;2025-11-14;8;2323
7;2025-11-14;9;1761
7;2025-11-14;10;1683
7;2025-11-14;11;1536
7;2025-11-14;12;1669
7;2025-11-14;13;1601
7;2025-11-14;14;1651
7;2025-11-14;15;1764
7;2025-11-14;16;1830
7;2025-11-14;17;2299
7;2025-11-14;18;2239
7;2025-11-14;19;1556
7;2025-11-14;20;1037
7;2025-11-14;21;575
7;2025-11-14;22;287
7;2025-11-14;23;200
7;2025-11-15;0;98
7;2025-11-15;1;27
7;2025-11-15;2;0
7;2025-11-15;3;0
7;2025-11-15;4;0
7;2025-11-15;5;57
7;2025-11-15;6;314
7;2025-11-15;7;506
7;2025-11-15;8;794
7;2025-11-15;9;917
7;2025-11-15;10;974
7;2025-11-15;11;1131
7;2025-11-15;12;1342
7;2025-11-15;13;1308
7;2025-11-15;14;1413
7;2025-11-15;15;1257
7;2025-11-15;16;1208
7;2025-11-15;17;1199
7;2025-11-15;18;1132
7;2025-11-15;19;1148
7;2025-11-15;20;842
7;2025-11-15;21;679
7;2025-11-15;22;375
7;2025-11-15;23;223
7;2025-11-16;0;111
7;2025-11-16;1;27
7;2025-11-16;2;0
7;2025-11-16;3;0
7;2025-11-16;4;0
7;2025-11-16;5;35
7;2025-11-16;6;211
7;2025-11-16;7;349
7;2025-11-16;8;542
7;2025-11-16;9;713
7;2025-11-16;10;798
7;2025-11-16;11;1003
7;2025-11-16;12;1127
7;2025-11-16;13;1170
7;2025-11-16;14;1265
7;2025-11-16;15;1232
7;2025-11-16;16;1111
7;2025-11-16;17;1210
7;2025-11-16;18;1035
7;2025-11-16;19;897
7;2025-11-16;20;762
7;2025-11-16;21;610
7;2025-11-16;22;351
7;2025-11-16;23;192
7;2025-11-17;0;53
7;2025-11-17;1;8
7;2025-11-17;2;0
7;2025-11-17;3;0
7;2025-11-17;4;1
7;2025-11-17;5;171
7;2025-11-17;6;567
7;2025-11-17;7;1557
7;2025-11-17;8;2373
7;2025-11-17;9;1776
7;2025-11-17;10;1657
7;2025-11-17;11;1519
7;2025-11-17;12;1664
7;2025-11-17;13;1557
7;2025-11-17;14;1615
7;2025-11-17;15;1704
7;2025-11-17;16;1768
7;2025-11-17;17;2257
7;2025-11-17;18;2356
7;2025-11-17;19;1630
7;2025-11-17;20;1042
7;2025-11-17;21;578
7;2025-11-17;22;277
7;2025-11-17;23;184
7;2025-11-18;0;52
7;2025-11-18;1;8
7;2025-11-18;2;0
7;2025-11-18;3;0
7;2025-11-18;4;1
7;2025-11-18;5;175
7;2025-11-18;6;568
7;2025-11-18;7;1578
7;2025-11-18;8;2374
7;2025-11-18;9;1802
7;2025-11-18;10;1656
7;2025-11-18;11;1522
7;2025-11-18;12;1664
7;2025-11-18;13;1569
7;2025-11-18;14;1631
7;2025-11-18;15;1725
7;2025-11-18;16;1777
7;2025-11-18;17;2272
7;2025-11-18;18;2379
7;2025-11-18;19;1633
7;2025-11-18;20;1044
7;2025-11-18;21;586
7;2025-11-18;22;281
7;2025-11-18;23;184
7;2025-11-19;0;50
7;2025-11-19;1;7
7;2025-11-19;2;0
7;2025-11-19;3;0
7;2025-11-19;4;1
7;2025-11-19;5;169
7;2025-11-19;6;570
7;2025-11-19;7;1564
7;2025-11-19;8;2370
7;2025-11-19;9;1788
7;2025-11-19;10;1686
7;2025-11-19;11;1542
7;2025-11-19;12;1696
7;2025-11-19;13;1583
7;2025-11-19;14;1645
7;2025-11-19;15;1742
7;2025-11-19;16;1808
7;2025-11-19;17;2308
7;2025-11-19;18;2389
7;2025-11-19;19;1636
7;2025-11-19;20;1050
7;2025-11-19;21;584
7;2025-11-19;22;280
7;2025-11-19;23;188
7;2025-11-20;0;53
7;2025-11-20;1;8
7;2025-11-20;2;0
7;2025-11-20;3;0
7;2025-11-20;4;1
7;2025-11-20;5;172
7;2025-11-20;6;572
7;2025-11-20;7;1568
7;2025-11-20;8;2381
7;2025-11-20;9;1789
7;2025-11-20;10;1667
7;2025-11-20;11;1539
7;2025-11-20;12;1690
7;2025-11-20;13;1589
7;2025-11-20;14;1656
7;2025-11-20;15;1744
7;2025-11-20;16;1814
7;2025-11-20;17;2298
7;2025-11-20;18;2398
7;2025-11-20;19;1619
7;2025-11-20;20;1046
7;2025-11-20;21;584
7;2025-11-20;22;285
7;2025-11-20;23;195
7;2025-11-21;0;54
7;2025-11-21;1;8
7;2025-11-21;2;0
7;2025-11-21;3;0
7;2025-11-21;4;1
7;2025-11-21;5;171
7;2025-11-21;6;567
7;2025-11-21;7;1550
7;2025-11-21;8;2328
7;2025-11-21;9;1763
7;2025-11-21;10;1682
7;2025-11-21;11;1534
7;2025-11-21;12;1670
7;2025-11-21;13;1602
7;2025-11-21;14;1651
7;2025-11-21;15;1760
7;2025-11-21;16;1827
7;2025-11-21;17;2298
7;2025-11-21;18;2234
7;2025-11-21;19;1550
7;2025-11-21;20;1026
7;2025-11-21;21;569
7;2025-11-21;22;281
7;2025-11-21;23;202
7;2025-11-22;0;98
7;2025-11-22;1;27
7;2025-11-22;2;0
7;2025-11-22;3;0
7;2025-11-22;4;0
7;2025-11-22;5;57
7;2025-11-22;6;314
7;2025-11-22;7;506
7;2025-11-22;8;794
7;2025-11-22;9;917
7;2025-11-22;10;974
7;2025-11-22;11;1131
7;2025-11-22;12;1342
7;2025-11-22;13;1308
7;2025-11-22;14;1413
7;2025-11-22;15;1257
7;2025-11-22;16;1208
7;2025-11-22;17;1199
7;2025-11-22;18;1132
7;2025-11-22;19;1148
7;2025-11-22;20;842
7;2025-11-22;21;679
7;2025-11-22;22;375
7;2025-11-22;23;223
7;2025-11-23;0;111
7;2025-11-23;1;27
7;2025-11-23;2;0
7;2025-11-23;3;0
7;2025-11-23;4;0
7;2025-11-23;5;35
7;2025-11-23;6;211
7;2025-11-23;7;349
7;2025-11-23;8;542
7;2025-11-23;9;713
7;2025-11-23;10;798
7;2025-11-23;11;1003
7;2025-11-23;12;1127
7;2025-11-23;13;1170
7;2025-11-23;14;1265
7;2025-11-23;15;1232
7;2025-11-23;16;1111
7;2025-11-23;17;1210
7;2025-11-23;18;1035
7;2025-11-23;19;897
7;2025-11-23;20;762
7;2025-11-23;21;610
7;2025-11-23;22;351
7;2025-11-23;23;192
7;2025-11-24;0;53
7;2025-11-24;1;7
7;2025-11-24;2;0
7;2025-11-24;3;0
7;2025-11-24;4;1
7;2025-11-24;5;173
7;2025-11-24;6;559
7;2025-11-24;7;1542
7;2025-11-24;8;2383
7;2025-11-24;9;1762
7;2025-11-24;10;1635
7;2025-11-24;11;1492
7;2025-11-24;12;1640
7;2025-11-24;13;1548
7;2025-11-24;14;1611
7;2025-11-24;15;1699
7;2025-11-24;16;1757
7;2025-11-24;17;2272
7;2025-11-24;18;2361
7;2025-11-24;19;1617
7;2025-11-24;20;1023
7;2025-11-24;21;572
7;2025-11-24;22;271
7;2025-11-24;23;180
7;2025-11-25;0;51
7;2025-11-25;1;8
7;2025-11-25;2;0
7;2025-11-25;3;0
7;2025-11-25;4;1
7;2025-11-25;5;170
7;2025-11-25;6;570
7;2025-11-25;7;1572
7;2025-11-25;8;2397
7;2025-11-25;9;1802
7;2025-11-25;10;1673
7;2025-11-25;11;1537
7;2025-11-25;12;1681
7;2025-11-25;13;1586
7;2025-11-25;14;1646
7;2025-11-25;15;1752
7;2025-11-25;16;1811
7;2025-11-25;17;2322
7;2025-11-25;18;2425
7;2025-11-25;19;1645
7;2025-11-25;20;1059
7;2025-11-25;21;588
7;2025-11-25;22;279
7;2025-11-25;23;190
7;2025-11-26;0;54
7;2025-11-26;1;7
7;2025-11-26;2;0
7;2025-11-26;3;0
7;2025-11-26;4;1
7;2025-11-26;5;173
7;2025-11-26;6;573
7;2025-11-26;7;1557
7;2025-11-26;8;2400
7;2025-11-26;9;1789
7;2025-11-26;10;1678
7;2025-11-26;11;1533
7;2025-11-26;12;1683
7;2025-11-26;13;1569
7;2025-11-26;14;1634
7;2025-11-26;15;1733
7;2025-11-26;16;1797
7;2025-11-26;17;2318
7;2025-11-26;18;2402
7;2025-11-26;19;1627
7;2025-11-26;20;1044
7;2025-11-26;21;583
7;2025-11-26;22;277
7;2025-11-26;23;185
7;2025-11-27;0;55
7;2025-11-27;1;8
7;2025-11-27;2;0
7;2025-11-27;3;0
7;2025-11-27;4;1
7;2025-11-27;5;175
7;2025-11-27;6;576
7;2025-11-27;7;1562
7;2025-11-27;8;2402
7;2025-11-27;9;1789
7;2025-11-27;10;1664
7;2025-11-27;11;1533
7;2025-11-27;12;1679
7;2025-11-27;13;1576
7;2025-11-27;14;1639
7;2025-11-27;15;1724
7;2025-11-27;16;1797
7;2025-11-27;17;2305
7;2025-11-27;18;2410
7;2025-11-27;19;1603
7;2025-11-27;20;1044
7;2025-11-27;21;578
7;2025-11-27;22;275
7;2025-11-27;23;181
7;2025-11-28;0;59
7;2025-11-28;1;9
7;2025-11-28;2;0
7;2025-11-28;3;0
7;2025-11-28;4;1
7;2025-11-28;5;174
7;2025-11-28;6;569
7;2025-11-28;7;1526
7;2025-11-28;8;2332
7;2025-11-28;9;1744
7;2025-11-28;10;1667
7;2025-11-28;11;1512
7;2025-11-28;12;1644
7;2025-11-28;13;1591
7;2025-11-28;14;1642
7;2025-11-28;15;1756
7;2025-11-28;16;1827
7;2025-11-28;17;2319
7;2025-11-28;18;2252
7;2025-11-28;19;1540
7;2025-11-28;20;1008
7;2025-11-28;21;574
7;2025-11-28;22;281
7;2025-11-28;23;190
7;2025-11-29;0;98
7;2025-11-29;1;27
7;2025-11-29;2;0
7;2025-11-29;3;0
7;2025-11-29;4;0
7;2025-11-29;5;57
7;2025-11-29;6;314
7;2025-11-29;7;506
7;2025-11-29;8;794
7;2025-11-29;9;917
7;2025-11-29;10;974
7;2025-11-29;11;1131
7;2025-11-29;12;1342
7;2025-11-29;13;1308
7;2025-11-29;14;1413
7;2025-11-29;15;1257
7;2025-11-29;16;1208
7;2025-11-29;17;1199
7;2025-11-29;18;1132
7;2025-11-29;19;1148
7;2025-11-29;20;842
7;2025-11-29;21;679
7;2025-11-29;22;375
7;2025-11-29;23;223
7;2025-11-30;0;111
7;2025-11-30;1;27
7;2025-11-30;2;0
7;2025-11-30;3;0
7;2025-11-30;4;0
7;2025-11-30;5;35
7;2025-11-30;6;211
7;2025-11-30;7;349
7;2025-11-30;8;542
7;2025-11-30;9;713
7;2025-11-30;10;798
7;2025-11-30;11;1003
7;2025-11-30;12;1127
7;2025-11-30;13;1170
7;2025-11-30;14;1265
7;2025-11-30;15;1232
7;2025-11-30;16;1111
7;2025-11-30;17;1210
7;2025-11-30;18;1035
7;2025-11-30;19;897
7;2025-11-30;20;762
7;2025-11-30;21;610
7;2025-11-30;22;351
7;2025-11-30;23;192
7;2025-12-01;0;54
7;2025-12-01;1;7
7;2025-12-01;2;0
7;2025-12-01;3;0
7;2025-12-01;4;1
7;2025-12-01;5;177
7;2025-12-01;6;581
7;2025-12-01;7;1574
7;2025-12-01;8;2421
7;2025-12-01;9;1794
7;2025-12-01;10;1693
7;2025-12-01;11;1550
7;2025-12-01;12;1699
7;2025-12-01;13;1623
7;2025-12-01;14;1665
7;2025-12-01;15;1776
7;2025-12-01;16;1825
7;2025-12-01;17;2321
7;2025-12-01;18;2444
7;2025-12-01;19;1680
7;2025-12-01;20;1051
7;2025-12-01;21;605
7;2025-12-01;22;293
7;2025-12-01;23;187
7;2025-12-02;0;53
7;2025-12-02;1;7
7;2025-12-02;2;0
7;2025-12-02;3;0
7;2025-12-02;4;1
7;2025-12-02;5;176
7;2025-12-02;6;589
7;2025-12-02;7;1623
7;2025-12-02;8;2432
7;2025-12-02;9;1838
7;2025-12-02;10;1725
7;2025-12-02;11;1574
7;2025-12-02;12;1713
7;2025-12-02;13;1634
7;2025-12-02;14;1684
7;2025-12-02;15;1804
7;2025-12-02;16;1847
7;2025-12-02;17;2341
7;2025-12-02;18;2478
7;2025-12-02;19;1698
7;2025-12-02;20;1086
7;2025-12-02;21;612
7;2025-12-02;22;292
7;2025-12-02;23;178
7;2025-12-03;0;55
7;2025-12-03;1;8
7;2025-12-03;2;0
7;2025-12-03;3;0
7;2025-12-03;4;1
7;2025-12-03;5;184
7;2025-12-03;6;598
7;2025-12-03;7;1604
7;2025-12-03;8;2429
7;2025-12-03;9;1824
7;2025-12-03;10;1750
7;2025-12-03;11;1589
7;2025-12-03;12;1748
7;2025-12-03;13;1633
7;2025-12-03;14;1683
7;2025-12-03;15;1794
7;2025-12-03;16;1857
7;2025-12-03;17;2367
7;2025-12-03;18;2467
7;2025-12-03;19;1688
7;2025-12-03;20;1076
7;2025-12-03;21;613
7;2025-12-03;22;298
7;2025-12-03;23;186
7;2025-12-04;0;56
7;2025-12-04;1;8
7;2025-12-04;2;0
7;2025-12-04;3;0
7;2025-12-04;4;1
7;2025-12-04;5;186
7;2025-12-04;6;596
7;2025-12-04;7;1606
7;2025-12-04;8;2438
7;2025-12-04;9;1824
7;2025-12-04;10;1711
7;2025-12-04;11;1577
7;2025-12-04;12;1732
7;2025-12-04;13;1641
7;2025-12-04;14;1700
7;2025-12-04;15;1789
7;2025-12-04;16;1855
7;2025-12-04;17;2344
7;2025-12-04;18;2480
7;2025-12-04;19;1665
7;2025-12-04;20;1089
7;2025-12-04;21;611
7;2025-12-04;22;303
7;2025-12-04;23;190
7;2025-12-05;0;58
7;2025-12-05;1;9
7;2025-12-05;2;0
7;2025-12-05;3;0
7;2025-12-05;4;1
7;2025-12-05;5;179
7;2025-12-05;6;596
7;2025-12-05;7;1575
7;2025-12-05;8;2367
7;2025-12-05;9;1781
7;2025-12-05;10;1747
7;2025-12-05;11;1578
7;2025-12-05;12;1702
7;2025-12-05;13;1667
7;2025-12-05;14;1697
7;2025-12-05;15;1827
7;2025-12-05;16;1886
7;2025-12-05;17;2356
7;2025-12-05;18;2251
7;2025-12-05;19;1561
7;2025-12-05;20;1043
7;2025-12-05;21;592
7;2025-12-05;22;304
7;2025-12-05;23;200
7;2025-12-06;0;101
7;2025-12-06;1;27
7;2025-12-06;2;0
7;2025-12-06;3;0
7;2025-12-06;4;0
7;2025-12-06;5;59
7;2025-12-06;6;324
7;2025-12-06;7;522
7;2025-12-06;8;818
7;2025-12-06;9;946
7;2025-12-06;10;1004
7;2025-12-06;11;1166
7;2025-12-06;12;1384
7;2025-12-06;13;1348
7;2025-12-06;14;1457
7;2025-12-06;15;1296
7;2025-12-06;16;1245
7;2025-12-06;17;1236
7;2025-12-06;18;1168
7;2025-12-06;19;1184
7;2025-12-06;20;868
7;2025-12-06;21;701
7;2025-12-06;22;386
7;2025-12-06;23;230
7;2025-12-07;0;114
7;2025-12-07;1;28
7;2025-12-07;2;0
7;2025-12-07;3;0
7;2025-12-07;4;0
7;2025-12-07;5;36
7;2025-12-07;6;218
7;2025-12-07;7;360
7;2025-12-07;8;559
7;2025-12-07;9;735
7;2025-12-07;10;823
7;2025-12-07;11;1034
7;2025-12-07;12;1162
7;2025-12-07;13;1207
7;2025-12-07;14;1305
7;2025-12-07;15;1271
7;2025-12-07;16;1146
7;2025-12-07;17;1247
7;2025-12-07;18;1068
7;2025-12-07;19;925
7;2025-12-07;20;786
7;2025-12-07;21;629
7;2025-12-07;22;362
7;2025-12-07;23;198
7;2025-12-08;0;56
7;2025-12-08;1;8
7;2025-12-08;2;0
7;2025-12-08;3;0
7;2025-12-08;4;1
7;2025-12-08;5;179
7;2025-12-08;6;585
7;2025-12-08;7;1588
7;2025-12-08;8;2449
7;2025-12-08;9;1808
7;2025-12-08;10;1708
7;2025-12-08;11;1556
7;2025-12-08;12;1705
7;2025-12-08;13;1630
7;2025-12-08;14;1675
7;2025-12-08;15;1782
7;2025-12-08;16;1830
7;2025-12-08;17;2327
7;2025-12-08;18;2467
7;2025-12-08;19;1696
7;2025-12-08;20;1057
7;2025-12-08;21;612
7;2025-12-08;22;298
7;2025-12-08;23;189
7;2025-12-09;0;56
7;2025-12-09;1;9
7;2025-12-09;2;0
7;2025-12-09;3;0
7;2025-12-09;4;1
7;2025-12-09;5;184
7;2025-12-09;6;601
7;2025-12-09;7;1625
7;2025-12-09;8;2463
7;2025-12-09;9;1857
7;2025-12-09;10;1747
7;2025-12-09;11;1590
7;2025-12-09;12;1727
7;2025-12-09;13;1651
7;2025-12-09;14;1701
7;2025-12-09;15;1824
7;2025-12-09;16;1868
7;2025-12-09;17;2357
7;2025-12-09;18;2507
7;2025-12-09;19;1715
7;2025-12-09;20;1101
7;2025-12-09;21;627
7;2025-12-09;22;298
7;2025-12-09;23;181
7;2025-12-10;0;61
7;2025-12-10;1;8
7;2025-12-10;2;0
7;2025-12-10;3;0
7;2025-12-10;4;1
7;2025-12-10;5;189
7;2025-12-10;6;604
7;2025-12-10;7;1602
7;2025-12-10;8;2475
7;2025-12-10;9;1843
7;2025-12-10;10;1775
7;2025-12-10;11;1617
7;2025-12-10;12;1772
7;2025-12-10;13;1663
7;2025-12-10;14;1711
7;2025-12-10;15;1824
7;2025-12-10;16;1880
7;2025-12-10;17;2389
7;2025-12-10;18;2517
7;2025-12-10;19;1719
7;2025-12-10;20;1108
7;2025-12-10;21;640
7;2025-12-10;22;318
7;2025-12-10;23;206
7;2025-12-11;0;62
7;2025-12-11;1;8
7;2025-12-11;2;0
7;2025-12-11;3;0
7;2025-12-11;4;1
7;2025-12-11;5;192
7;2025-12-11;6;611
7;2025-12-11;7;1616
7;2025-12-11;8;2478
7;2025-12-11;9;1832
7;2025-12-11;10;1720
7;2025-12-11;11;1585
7;2025-12-11;12;1736
7;2025-12-11;13;1650
7;2025-12-11;14;1718
7;2025-12-11;15;1819
7;2025-12-11;16;1872
7;2025-12-11;17;2361
7;2025-12-11;18;2514
7;2025-12-11;19;1668
7;2025-12-11;20;1099
7;2025-12-11;21;629
7;2025-12-11;22;318
7;2025-12-11;23;208
7;2025-12-12;0;64
7;2025-12-12;1;10
7;2025-12-12;2;0
7;2025-12-12;3;0
7;2025-12-12;4;1
7;2025-12-12;5;184
7;2025-12-12;6;605
7;2025-12-12;7;1595
7;2025-12-12;8;2406
7;2025-12-12;9;1815
7;2025-12-12;10;1777
7;2025-12-12;11;1611
7;2025-12-12;12;1718
7;2025-12-12;13;1677
7;2025-12-12;14;1707
7;2025-12-12;15;1820
7;2025-12-12;16;1873
7;2025-12-12;17;2341
7;2025-12-12;18;2265
7;2025-12-12;19;1561
7;2025-12-12;20;1038
7;2025-12-12;21;612
7;2025-12-12;22;319
7;2025-12-12;23;215
7;2025-12-13;0;101
7;2025-12-13;1;27
7;2025-12-13;2;0
7;2025-12-13;3;0
7;2025-12-13;4;0
7;2025-12-13;5;59
7;2025-12-13;6;324
7;2025-12-13;7;522
7;2025-12-13;8;818
7;2025-12-13;9;946
7;2025-12-13;10;1004
7;2025-12-13;11;1166
7;2025-12-13;12;1384
7;2025-12-13;13;1348
7;2025-12-13;14;1457
7;2025-12-13;15;1296
7;2025-12-13;16;1245
7;2025-12-13;17;1236
7;2025-12-13;18;1168
7;2025-12-13;19;1184
7;2025-12-13;20;868
7;2025-12-13;21;701
7;2025-12-13;22;386
7;2025-12-13;23;230
7;2025-12-14;0;114
7;2025-12-14;1;28
7;2025-12-14;2;0
7;2025-12-14;3;0
7;2025-12-14;4;0
7;2025-12-14;5;36
7;2025-12-14;6;218
7;2025-12-14;7;360
7;2025-12-14;8;559
7;2025-12-14;9;735
7;2025-12-14;10;823
7;2025-12-14;11;1034
7;2025-12-14;12;1162
7;2025-12-14;13;1207
7;2025-12-14;14;1305
7;2025-12-14;15;1271
7;2025-12-14;16;1146
7;2025-12-14;17;1247
7;2025-12-14;18;1068
7;2025-12-14;19;925
7;2025-12-14;20;786
7;2025-12-14;21;629
7;2025-12-14;22;362
7;2025-12-14;23;198
7;2025-12-15;0;62
7;2025-12-15;1;8
7;2025-12-15;2;0
7;2025-12-15;3;0
7;2025-12-15;4;1
7;2025-12-15;5;185
7;2025-12-15;6;599
7;2025-12-15;7;1602
7;2025-12-15;8;2472
7;2025-12-15;9;1826
7;2025-12-15;10;1726
7;2025-12-15;11;1569
7;2025-12-15;12;1717
7;2025-12-15;13;1642
7;2025-12-15;14;1693
7;2025-12-15;15;1800
7;2025-12-15;16;1849
7;2025-12-15;17;2350
7;2025-12-15;18;2485
7;2025-12-15;19;1704
7;2025-12-15;20;1092
7;2025-12-15;21;620
7;2025-12-15;22;305
7;2025-12-15;23;195
7;2025-12-16;0;63
7;2025-12-16;1;9
7;2025-12-16;2;0
7;2025-12-16;3;0
7;2025-12-16;4;1
7;2025-12-16;5;192
7;2025-12-16;6;619
7;2025-12-16;7;1647
7;2025-12-16;8;2497
7;2025-12-16;9;1880
7;2025-12-16;10;1771
7;2025-12-16;11;1610
7;2025-12-16;12;1744
7;2025-12-16;13;1663
7;2025-12-16;14;1710
7;2025-12-16;15;1831
7;2025-12-16;16;1888
7;2025-12-16;17;2384
7;2025-12-16;18;2529
7;2025-12-16;19;1731
7;2025-12-16;20;1129
7;2025-12-16;21;654
7;2025-12-16;22;323
7;2025-12-16;23;205
7;2025-12-17;0;60
7;2025-12-17;1;8
7;2025-12-17;2;0
7;2025-12-17;3;0
7;2025-12-17;4;1
7;2025-12-17;5;191
7;2025-12-17;6;617
7;2025-12-17;7;1625
7;2025-12-17;8;2494
7;2025-12-17;9;1860
7;2025-12-17;10;1785
7;2025-12-17;11;1625
7;2025-12-17;12;1780
7;2025-12-17;13;1673
7;2025-12-17;14;1732
7;2025-12-17;15;1845
7;2025-12-17;16;1906
7;2025-12-17;17;2411
7;2025-12-17;18;2526
7;2025-12-17;19;1727
7;2025-12-17;20;1100
7;2025-12-17;21;658
7;2025-12-17;22;324
7;2025-12-17;23;210
7;2025-12-18;0;64
7;2025-12-18;1;9
7;2025-12-18;2;0
7;2025-12-18;3;0
7;2025-12-18;4;1
7;2025-12-18;5;195
7;2025-12-18;6;618
7;2025-12-18;7;1627
7;2025-12-18;8;2498
7;2025-12-18;9;1864
7;2025-12-18;10;1754
7;2025-12-18;11;1616
7;2025-12-18;12;1774
7;2025-12-18;13;1687
7;2025-12-18;14;1748
7;2025-12-18;15;1842
7;2025-12-18;16;1906
7;2025-12-18;17;2399
7;2025-12-18;18;2540
7;2025-12-18;19;1571
7;2025-12-18;20;1134
7;2025-12-18;21;657
7;2025-12-18;22;330
7;2025-12-18;23;214
7;2025-12-19;0;65
7;2025-12-19;1;9
7;2025-12-19;2;0
7;2025-12-19;3;0
7;2025-12-19;4;1
7;2025-12-19;5;189
7;2025-12-19;6;616
7;2025-12-19;7;1594
7;2025-12-19;8;2431
7;2025-12-19;9;1813
7;2025-12-19;10;1775
7;2025-12-19;11;1609
7;2025-12-19;12;1731
7;2025-12-19;13;1703
7;2025-12-19;14;1745
7;2025-12-19;15;1858
7;2025-12-19;16;1921
7;2025-12-19;17;2398
7;2025-12-19;18;2305
7;2025-12-19;19;1596
7;2025-12-19;20;1083
7;2025-12-19;21;634
7;2025-12-19;22;326
7;2025-12-19;23;222
7;2025-12-20;0;101
7;2025-12-20;1;27
7;2025-12-20;2;0
7;2025-12-20;3;0
7;2025-12-20;4;0
7;2025-12-20;5;59
7;2025-12-20;6;324
7;2025-12-20;7;522
7;2025-12-20;8;818
7;2025-12-20;9;946
7;2025-12-20;10;1004
7;2025-12-20;11;1166
7;2025-12-20;12;1384
7;2025-12-20;13;1348
7;2025-12-20;14;1457
7;2025-12-20;15;1296
7;2025-12-20;16;1245
7;2025-12-20;17;1236
7;2025-12-20;18;1168
7;2025-12-20;19;1184
7;2025-12-20;20;868
7;2025-12-20;21;701
7;2025-12-20;22;386
7;2025-12-20;23;230
7;2025-12-21;0;114
7;2025-12-21;1;28
7;2025-12-21;2;0
7;2025-12-21;3;0
7;2025-12-21;4;0
7;2025-12-21;5;36
7;2025-12-21;6;218
7;2025-12-21;7;360
7;2025-12-21;8;559
7;2025-12-21;9;735
7;2025-12-21;10;823
7;2025-12-21;11;1034
7;2025-12-21;12;1162
7;2025-12-21;13;1207
7;2025-12-21;14;1305
7;2025-12-21;15;1271
7;2025-12-21;16;1146
7;2025-12-21;17;1247
7;2025-12-21;18;1068
7;2025-12-21;19;925
7;2025-12-21;20;786
7;2025-12-21;21;629
7;2025-12-21;22;362
7;2025-12-21;23;198
7;2025-12-22;0;66
7;2025-12-22;1;12
7;2025-12-22;2;0
7;2025-12-22;3;0
7;2025-12-22;4;1
7;2025-12-22;5;189
7;2025-12-22;6;605
7;2025-12-22;7;1607
7;2025-12-22;8;2470
7;2025-12-22;9;1828
7;2025-12-22;10;1715
7;2025-12-22;11;1564
7;2025-12-22;12;1705
7;2025-12-22;13;1639
7;2025-12-22;14;1688
7;2025-12-22;15;1786
7;2025-12-22;16;1831
7;2025-12-22;17;2331
7;2025-12-22;18;2467
7;2025-12-22;19;1677
7;2025-12-22;20;1071
7;2025-12-22;21;629
7;2025-12-22;22;301
7;2025-12-22;23;190
7;2025-12-23;0;62
7;2025-12-23;1;9
7;2025-12-23;2;0
7;2025-12-23;3;0
7;2025-12-23;4;1
7;2025-12-23;5;189
7;2025-12-23;6;616
7;2025-12-23;7;1629
7;2025-12-23;8;2482
7;2025-12-23;9;1864
7;2025-12-23;10;1754
7;2025-12-23;11;1606
7;2025-12-23;12;1740
7;2025-12-23;13;1667
7;2025-12-23;14;1723
7;2025-12-23;15;1843
7;2025-12-23;16;1887
7;2025-12-23;17;2387
7;2025-12-23;18;2523
7;2025-12-23;19;1716
7;2025-12-23;20;1108
7;2025-12-23;21;657
7;2025-12-23;22;320
7;2025-12-23;23;205
7;2025-12-24;0;63
7;2025-12-24;1;11
7;2025-12-24;2;0
7;2025-12-24;3;0
7;2025-12-24;4;1
7;2025-12-24;5;194
7;2025-12-24;6;619
7;2025-12-24;7;1614
7;2025-12-24;8;2494
7;2025-12-24;9;1865
7;2025-12-24;10;1781
7;2025-12-24;11;1624
7;2025-12-24;12;1773
7;2025-12-24;13;1660
7;2025-12-24;14;1711
7;2025-12-24;15;1822
7;2025-12-24;16;1890
7;2025-12-24;17;2395
7;2025-12-24;18;2509
7;2025-12-24;19;1699
7;2025-12-24;20;1107
7;2025-12-24;21;645
7;2025-12-24;22;313
7;2025-12-24;23;204
7;2025-12-25;0;63
7;2025-12-25;1;11
7;2025-12-25;2;0
7;2025-12-25;3;0
7;2025-12-25;4;1
7;2025-12-25;5;193
7;2025-12-25;6;616
7;2025-12-25;7;1622
7;2025-12-25;8;2488
7;2025-12-25;9;1858
7;2025-12-25;10;1743
7;2025-12-25;11;1612
7;2025-12-25;12;1761
7;2025-12-25;13;1675
7;2025-12-25;14;1736
7;2025-12-25;15;1833
7;2025-12-25;16;1887
7;2025-12-25;17;2376
7;2025-12-25;18;2508
7;2025-12-25;19;1658
7;2025-12-25;20;1097
7;2025-12-25;21;631
7;2025-12-25;22;315
7;2025-12-25;23;203
7;2025-12-26;0;64
7;2025-12-26;1;12
7;2025-12-26;2;0
7;2025-12-26;3;0
7;2025-12-26;4;1
7;2025-12-26;5;188
7;2025-12-26;6;603
7;2025-12-26;7;1574
7;2025-12-26;8;2403
7;2025-12-26;9;1788
7;2025-12-26;10;1737
7;2025-12-26;11;1560
7;2025-12-26;12;1681
7;2025-12-26;13;1651
7;2025-12-26;14;1680
7;2025-12-26;15;1826
7;2025-12-26;16;1886
7;2025-12-26;17;2344
7;2025-12-26;18;2268
7;2025-12-26;19;1544
7;2025-12-26;20;1041
7;2025-12-26;21;604
7;2025-12-26;22;314
7;2025-12-26;23;216
7;2025-12-27;0;101
7;2025-12-27;1;27
7;2025-12-27;2;0
7;2025-12-27;3;0
7;2025-12-27;4;0
7;2025-12-27;5;59
7;2025-12-27;6;324
7;2025-12-27;7;522
7;2025-12-27;8;818
7;2025-12-27;9;946
7;2025-12-27;10;1004
7;2025-12-27;11;1166
7;2025-12-27;12;1384
7;2025-12-27;13;1348
7;2025-12-27;14;1457
7;2025-12-27;15;1296
7;2025-12-27;16;1245
7;2025-12-27;17;1236
7;2025-12-27;18;1168
7;2025-12-27;19;1184
7;2025-12-27;20;868
7;2025-12-27;21;701
7;2025-12-27;22;386
7;2025-12-27;23;230
7;2025-12-28;0;114
7;2025-12-28;1;28
7;2025-12-28;2;0
7;2025-12-28;3;0
7;2025-12-28;4;0
7;2025-12-28;5;36
7;2025-12-28;6;218
7;2025-12-28;7;360
7;2025-12-28;8;559
7;2025-12-28;9;735
7;2025-12-28;10;823
7;2025-12-28;11;1034
7;2025-12-28;12;1162
7;2025-12-28;13;1207
7;2025-12-28;14;1305
7;2025-12-28;15;1271
7;2025-12-28;16;1146
7;2025-12-28;17;1247
7;2025-12-28;18;1068
7;2025-12-28;19;925
7;2025-12-28;20;786
7;2025-12-28;21;629
7;2025-12-28;22;362
7;2025-12-28;23;198
7;2025-12-29;0;54
7;2025-12-29;1;10
7;2025-12-29;2;0
7;2025-12-29;3;0
7;2025-12-29;4;1
7;2025-12-29;5;160
7;2025-12-29;6;510
7;2025-12-29;7;1362
7;2025-12-29;8;2093
7;2025-12-29;9;1549
7;2025-12-29;10;1457
7;2025-12-29;11;1330
7;2025-12-29;12;1452
7;2025-12-29;13;1390
7;2025-12-29;14;1433
7;2025-12-29;15;1524
7;2025-12-29;16;1567
7;2025-12-29;17;1982
7;2025-12-29;18;2088
7;2025-12-29;19;1401
7;2025-12-29;20;893
7;2025-12-29;21;521
7;2025-12-29;22;250
7;2025-12-29;23;161
7;2025-12-30;0;52
7;2025-12-30;1;10
7;2025-12-30;2;0
7;2025-12-30;3;0
7;2025-12-30;4;1
7;2025-12-30;5;163
7;2025-12-30;6;517
7;2025-12-30;7;1386
7;2025-12-30;8;2105
7;2025-12-30;9;1578
7;2025-12-30;10;1472
7;2025-12-30;11;1339
7;2025-12-30;12;1458
7;2025-12-30;13;1393
7;2025-12-30;14;1441
7;2025-12-30;15;1554
7;2025-12-30;16;1600
7;2025-12-30;17;2002
7;2025-12-30;18;2102
7;2025-12-30;19;1415
7;2025-12-30;20;924
7;2025-12-30;21;536
7;2025-12-30;22;261
7;2025-12-30;23;171
7;2025-12-31;0;98
7;2025-12-31;1;24
7;2025-12-31;2;0
7;2025-12-31;3;0
7;2025-12-31;4;0
7;2025-12-31;5;31
7;2025-12-31;6;186
7;2025-12-31;7;308
7;2025-12-31;8;478
7;2025-12-31;9;629
7;2025-12-31;10;704
7;2025-12-31;11;884
7;2025-12-31;12;994
7;2025-12-31;13;1032
7;2025-12-31;14;1115
7;2025-12-31;15;1086
7;2025-12-31;16;980
7;2025-12-31;17;1066
7;2025-12-31;18;913
7;2025-12-31;19;791
7;2025-12-31;20;0
7;2025-12-31;21;0
7;2025-12-31;22;0
7;2025-12-31;23;0
11;2025-11-01;0;52
11;2025-11-01;1;0
11;2025-11-01;2;0
11;2025-11-01;3;0
11;2025-11-01;4;0
11;2025-11-01;5;203
11;2025-11-01;6;1104
11;2025-11-01;7;2081
11;2025-11-01;8;2726
11;2025-11-01;9;2053
11;2025-11-01;10;1707
11;2025-11-01;11;1625
11;2025-11-01;12;1685
11;2025-11-01;13;1722
11;2025-11-01;14;1749
11;2025-11-01;15;1710
11;2025-11-01;16;1910
11;2025-11-01;17;2377
11;2025-11-01;18;2524
11;2025-11-01;19;1904
11;2025-11-01;20;1216
11;2025-11-01;21;706
11;2025-11-01;22;312
11;2025-11-01;23;214
11;2025-11-02;0;116
11;2025-11-02;1;15
11;2025-11-02;2;0
11;2025-11-02;3;0
11;2025-11-02;4;0
11;2025-11-02;5;107
11;2025-11-02;6;506
11;2025-11-02;7;499
11;2025-11-02;8;713
11;2025-11-02;9;978
11;2025-11-02;10;1054
11;2025-11-02;11;1516
11;2025-11-02;12;1603
11;2025-11-02;13;1624
11;2025-11-02;14;1621
11;2025-11-02;15;1596
11;2025-11-02;16;1530
11;2025-11-02;17;1739
11;2025-11-02;18;1280
11;2025-11-02;19;1046
11;2025-11-02;20;803
11;2025-11-02;21;603
11;2025-11-02;22;352
11;2025-11-02;23;250
11;2025-11-03;0;110
11;2025-11-03;1;15
11;2025-11-03;2;0
11;2025-11-03;3;0
11;2025-11-03;4;0
11;2025-11-03;5;100
11;2025-11-03;6;475
11;2025-11-03;7;465
11;2025-11-03;8;660
11;2025-11-03;9;919
11;2025-11-03;10;977
11;2025-11-03;11;1404
11;2025-11-03;12;1457
11;2025-11-03;13;1475
11;2025-11-03;14;1482
11;2025-11-03;15;1460
11;2025-11-03;16;1369
11;2025-11-03;17;1596
11;2025-11-03;18;1206
11;2025-11-03;19;988
11;2025-11-03;20;770
11;2025-11-03;21;580
11;2025-11-03;22;343
11;2025-11-03;23;246
11;2025-11-04;0;107
11;2025-11-04;1;15
11;2025-11-04;2;0
11;2025-11-04;3;0
11;2025-11-04;4;0
11;2025-11-04;5;96
11;2025-11-04;6;467
11;2025-11-04;7;455
11;2025-11-04;8;637
11;2025-11-04;9;885
11;2025-11-04;10;942
11;2025-11-04;11;1371
11;2025-11-04;12;1429
11;2025-11-04;13;1449
11;2025-11-04;14;1469
11;2025-11-04;15;1462
11;2025-11-04;16;1381
11;2025-11-04;17;1593
11;2025-11-04;18;1201
11;2025-11-04;19;981
11;2025-11-04;20;767
11;2025-11-04;21;576
11;2025-11-04;22;342
11;2025-11-04;23;244
11;2025-11-05;0;64
11;2025-11-05;1;0
11;2025-11-05;2;0
11;2025-11-05;3;0
11;2025-11-05;4;0
11;2025-11-05;5;239
11;2025-11-05;6;1318
11;2025-11-05;7;2425
11;2025-11-05;8;3177
11;2025-11-05;9;2390
11;2025-11-05;10;1957
11;2025-11-05;11;1870
11;2025-11-05;12;1933
11;2025-11-05;13;1990
11;2025-11-05;14;2018
11;2025-11-05;15;1966
11;2025-11-05;16;2196
11;2025-11-05;17;2766
11;2025-11-05;18;2995
11;2025-11-05;19;2330
11;2025-11-05;20;1448
11;2025-11-05;21;840
11;2025-11-05;22;371
11;2025-11-05;23;242
11;2025-11-06;0;64
11;2025-11-06;1;0
11;2025-11-06;2;0
11;2025-11-06;3;0
11;2025-11-06;4;0
11;2025-11-06;5;243
11;2025-11-06;6;1321
11;2025-11-06;7;2432
11;2025-11-06;8;3197
11;2025-11-06;9;2409
11;2025-11-06;10;1991
11;2025-11-06;11;1886
11;2025-11-06;12;1954
11;2025-11-06;13;1990
11;2025-11-06;14;2025
11;2025-11-06;15;1955
11;2025-11-06;16;2220
11;2025-11-06;17;2761
11;2025-11-06;18;2997
11;2025-11-06;19;2325
11;2025-11-06;20;1442
11;2025-11-06;21;821
11;2025-11-06;22;371
11;2025-11-06;23;251
11;2025-11-07;0;64
11;2025-11-07;1;0
11;2025-11-07;2;0
11;2025-11-07;3;0
11;2025-11-07;4;0
11;2025-11-07;5;239
11;2025-11-07;6;1315
11;2025-11-07;7;2421
11;2025-11-07;8;3186
11;2025-11-07;9;2383
11;2025-11-07;10;1959
11;2025-11-07;11;1863
11;2025-11-07;12;1953
11;2025-11-07;13;1971
11;2025-11-07;14;2018
11;2025-11-07;15;1956
11;2025-11-07;16;2227
11;2025-11-07;17;2745
11;2025-11-07;18;2821
11;2025-11-07;19;2243
11;2025-11-07;20;1439
11;2025-11-07;21;831
11;2025-11-07;22;379
11;2025-11-07;23;260
11;2025-11-08;0;105
11;2025-11-08;1;1
11;2025-11-08;2;0
11;2025-11-08;3;0
11;2025-11-08;4;0
11;2025-11-08;5;170
11;2025-11-08;6;856
11;2025-11-08;7;782
11;2025-11-08;8;1063
11;2025-11-08;9;1177
11;2025-11-08;10;1416
11;2025-11-08;11;1691
11;2025-11-08;12;1910
11;2025-11-08;13;1845
11;2025-11-08;14;1976
11;2025-11-08;15;1886
11;2025-11-08;16;1780
11;2025-11-08;17;1924
11;2025-11-08;18;1534
11;2025-11-08;19;1484
11;2025-11-08;20;1011
11;2025-11-08;21;733
11;2025-11-08;22;418
11;2025-11-08;23;295
11;2025-11-09;0;117
11;2025-11-09;1;16
11;2025-11-09;2;0
11;2025-11-09;3;0
11;2025-11-09;4;0
11;2025-11-09;5;107
11;2025-11-09;6;506
11;2025-11-09;7;494
11;2025-11-09;8;704
11;2025-11-09;9;979
11;2025-11-09;10;1047
11;2025-11-09;11;1514
11;2025-11-09;12;1587
11;2025-11-09;13;1615
11;2025-11-09;14;1628
11;2025-11-09;15;1603
11;2025-11-09;16;1504
11;2025-11-09;17;1735
11;2025-11-09;18;1291
11;2025-11-09;19;1054
11;2025-11-09;20;820
11;2025-11-09;21;620
11;2025-11-09;22;363
11;2025-11-09;23;257
11;2025-11-10;0;66
11;2025-11-10;1;0
11;2025-11-10;2;0
11;2025-11-10;3;0
11;2025-11-10;4;0
11;2025-11-10;5;241
11;2025-11-10;6;1316
11;2025-11-10;7;2436
11;2025-11-10;8;3196
11;2025-11-10;9;2398
11;2025-11-10;10;1963
11;2025-11-10;11;1877
11;2025-11-10;12;1930
11;2025-11-10;13;1973
11;2025-11-10;14;2000
11;2025-11-10;15;1979
11;2025-11-10;16;2203
11;2025-11-10;17;2771
11;2025-11-10;18;2987
11;2025-11-10;19;2342
11;2025-11-10;20;1443
11;2025-11-10;21;820
11;2025-11-10;22;368
11;2025-11-10;23;241
11;2025-11-11;0;63
11;2025-11-11;1;0
11;2025-11-11;2;0
11;2025-11-11;3;0
11;2025-11-11;4;0
11;2025-11-11;5;241
11;2025-11-11;6;1320
11;2025-11-11;7;2444
11;2025-11-11;8;3209
11;2025-11-11;9;2412
11;2025-11-11;10;1991
11;2025-11-11;11;1887
11;2025-11-11;12;1950
11;2025-11-11;13;1998
11;2025-11-11;14;2025
11;2025-11-11;15;1976
11;2025-11-11;16;2219
11;2025-11-11;17;2780
11;2025-11-11;18;3003
11;2025-11-11;19;2315
11;2025-11-11;20;1464
11;2025-11-11;21;854
11;2025-11-11;22;377
11;2025-11-11;23;247
11;2025-11-12;0;65
11;2025-11-12;1;0
11;2025-11-12;2;0
11;2025-11-12;3;0
11;2025-11-12;4;0
11;2025-11-12;5;245
11;2025-11-12;6;1321
11;2025-11-12;7;2444
11;2025-11-12;8;3201
11;2025-11-12;9;2409
11;2025-11-12;10;1971
11;2025-11-12;11;1881
11;2025-11-12;12;1937
11;2025-11-12;13;1993
11;2025-11-12;14;2017
11;2025-11-12;15;1963
11;2025-11-12;16;2200
11;2025-11-12;17;2765
11;2025-11-12;18;2999
11;2025-11-12;19;2343
11;2025-11-12;20;1457
11;2025-11-12;21;831
11;2025-11-12;22;377
11;2025-11-12;23;248
11;2025-11-13;0;64
11;2025-11-13;1;0
11;2025-11-13;2;0
11;2025-11-13;3;0
11;2025-11-13;4;0
11;2025-11-13;5;244
11;2025-11-13;6;1321
11;2025-11-13;7;2433
11;2025-11-13;8;3200
11;2025-11-13;9;2411
11;2025-11-13;10;1995
11;2025-11-13;11;1899
11;2025-11-13;12;1969
11;2025-11-13;13;2005
11;2025-11-13;14;2031
11;2025-11-13;15;1977
11;2025-11-13;16;2232
11;2025-11-13;17;2776
11;2025-11-13;18;3014
11;2025-11-13;19;2334
11;2025-11-13;20;1461
11;2025-11-13;21;854
11;2025-11-13;22;381
11;2025-11-13;23;256
11;2025-11-14;0;66
11;2025-11-14;1;0
11;2025-11-14;2;0
11;2025-11-14;3;0
11;2025-11-14;4;0
11;2025-11-14;5;245
11;2025-11-14;6;1322
11;2025-11-14;7;2426
11;2025-11-14;8;3194
11;2025-11-14;9;2394
11;2025-11-14;10;1974
11;2025-11-14;11;1876
11;2025-11-14;12;1961
11;2025-11-14;13;1975
11;2025-11-14;14;2017
11;2025-11-14;15;1958
11;2025-11-14;16;2229
11;2025-11-14;17;2753
11;2025-11-14;18;2827
11;2025-11-14;19;2242
11;2025-11-14;20;1444
11;2025-11-14;21;847
11;2025-11-14;22;375
11;2025-11-14;23;258
11;2025-11-15;0;103
11;2025-11-15;1;1
11;2025-11-15;2;0
11;2025-11-15;3;0
11;2025-11-15;4;0
11;2025-11-15;5;167
11;2025-11-15;6;844
11;2025-11-15;7;768
11;2025-11-15;8;1042
11;2025-11-15;9;1148
11;2025-11-15;10;1374
11;2025-11-15;11;1641
11;2025-11-15;12;1869
11;2025-11-15;13;1798
11;2025-11-15;14;1929
11;2025-11-15;15;1854
11;2025-11-15;16;1756
11;2025-11-15;17;1894
11;2025-11-15;18;1513
11;2025-11-15;19;1471
11;2025-11-15;20;1003
11;2025-11-15;21;730
11;2025-11-15;22;416
11;2025-11-15;23;288
11;2025-11-16;0;115
11;2025-11-16;1;15
11;2025-11-16;2;0
11;2025-11-16;3;0
11;2025-11-16;4;0
11;2025-11-16;5;107
11;2025-11-16;6;503
11;2025-11-16;7;497
11;2025-11-16;8;705
11;2025-11-16;9;979
11;2025-11-16;10;1048
11;2025-11-16;11;1520
11;2025-11-16;12;1594
11;2025-11-16;13;1626
11;2025-11-16;14;1634
11;2025-11-16;15;1611
11;2025-11-16;16;1512
11;2025-11-16;17;1742
11;2025-11-16;18;1294
11;2025-11-16;19;1056
11;2025-11-16;20;822
11;2025-11-16;21;622
11;2025-11-16;22;369
11;2025-11-16;23;262
11;2025-11-17;0;66
11;2025-11-17;1;0
11;2025-11-17;2;0
11;2025-11-17;3;0
11;2025-11-17;4;0
11;2025-11-17;5;241
11;2025-11-17;6;1316
11;2025-11-17;7;2437
11;2025-11-17;8;3189
11;2025-11-17;9;2393
11;2025-11-17;10;1957
11;2025-11-17;11;1871
11;2025-11-17;12;1912
11;2025-11-17;13;1940
11;2025-11-17;14;1963
11;2025-11-17;15;1943
11;2025-11-17;16;2167
11;2025-11-17;17;2740
11;2025-11-17;18;2967
11;2025-11-17;19;2323
11;2025-11-17;20;1432
11;2025-11-17;21;811
11;2025-11-17;22;362
11;2025-11-17;23;236
11;2025-11-18;0;61
11;2025-11-18;1;0
11;2025-11-18;2;0
11;2025-11-18;3;0
11;2025-11-18;4;0
11;2025-11-18;5;232
11;2025-11-18;6;1291
11;2025-11-18;7;2422
11;2025-11-18;8;3185
11;2025-11-18;9;2390
11;2025-11-18;10;1953
11;2025-11-18;11;1851
11;2025-11-18;12;1907
11;2025-11-18;13;1953
11;2025-11-18;14;1979
11;2025-11-18;15;1933
11;2025-11-18;16;2178
11;2025-11-18;17;2745
11;2025-11-18;18;2968
11;2025-11-18;19;2290
11;2025-11-18;20;1446
11;2025-11-18;21;836
11;2025-11-18;22;367
11;2025-11-18;23;238
11;2025-11-19;0;62
11;2025-11-19;1;0
11;2025-11-19;2;0
11;2025-11-19;3;0
11;2025-11-19;4;0
11;2025-11-19;5;242
11;2025-11-19;6;1318
11;2025-11-19;7;2440
11;2025-11-19;8;3195
11;2025-11-19;9;2409
11;2025-11-19;10;1974
11;2025-11-19;11;1893
11;2025-11-19;12;1957
11;2025-11-19;13;2012
11;2025-11-19;14;2038
11;2025-11-19;15;1981
11;2025-11-19;16;2209
11;2025-11-19;17;2777
11;2025-11-19;18;3008
11;2025-11-19;19;2348
11;2025-11-19;20;1461
11;2025-11-19;21;850
11;2025-11-19;22;378
11;2025-11-19;23;247
11;2025-11-20;0;65
11;2025-11-20;1;0
11;2025-11-20;2;0
11;2025-11-20;3;0
11;2025-11-20;4;0
11;2025-11-20;5;245
11;2025-11-20;6;1325
11;2025-11-20;7;2439
11;2025-11-20;8;3209
11;2025-11-20;9;2419
11;2025-11-20;10;2003
11;2025-11-20;11;1908
11;2025-11-20;12;1979
11;2025-11-20;13;2015
11;2025-11-20;14;2040
11;2025-11-20;15;1985
11;2025-11-20;16;2241
11;2025-11-20;17;2785
11;2025-11-20;18;3015
11;2025-11-20;19;2333
11;2025-11-20;20;1463
11;2025-11-20;21;855
11;2025-11-20;22;383
11;2025-11-20;23;256
11;2025-11-21;0;66
11;2025-11-21;1;0
11;2025-11-21;2;0
11;2025-11-21;3;0
11;2025-11-21;4;0
11;2025-11-21;5;241
11;2025-11-21;6;1313
11;2025-11-21;7;2424
11;2025-11-21;8;3197
11;2025-11-21;9;2400
11;2025-11-21;10;1980
11;2025-11-21;11;1882
11;2025-11-21;12;1964
11;2025-11-21;13;1978
11;2025-11-21;14;2023
11;2025-11-21;15;1961
11;2025-11-21;16;2234
11;2025-11-21;17;2754
11;2025-11-21;18;2830
11;2025-11-21;19;2247
11;2025-11-21;20;1445
11;2025-11-21;21;832
11;2025-11-21;22;379
11;2025-11-21;23;262
11;2025-11-22;0;105
11;2025-11-22;1;1
11;2025-11-22;2;0
11;2025-11-22;3;0
11;2025-11-22;4;0
11;2025-11-22;5;169
11;2025-11-22;6;852
11;2025-11-22;7;775
11;2025-11-22;8;1048
11;2025-11-22;9;1153
11;2025-11-22;10;1390
11;2025-11-22;11;1664
11;2025-11-22;12;1901
11;2025-11-22;13;1829
11;2025-11-22;14;1956
11;2025-11-22;15;1875
11;2025-11-22;16;1773
11;2025-11-22;17;1919
11;2025-11-22;18;1533
11;2025-11-22;19;1484
11;2025-11-22;20;1010
11;2025-11-22;21;729
11;2025-11-22;22;412
11;2025-11-22;23;285
11;2025-11-23;0;115
11;2025-11-23;1;16
11;2025-11-23;2;0
11;2025-11-23;3;0
11;2025-11-23;4;0
11;2025-11-23;5;106
11;2025-11-23;6;502
11;2025-11-23;7;497
11;2025-11-23;8;705
11;2025-11-23;9;979
11;2025-11-23;10;1047
11;2025-11-23;11;1517
11;2025-11-23;12;1592
11;2025-11-23;13;1621
11;2025-11-23;14;1628
11;2025-11-23;15;1605
11;2025-11-23;16;1502
11;2025-11-23;17;1733
11;2025-11-23;18;1288
11;2025-11-23;19;1052
11;2025-11-23;20;818
11;2025-11-23;21;620
11;2025-11-23;22;368
11;2025-11-23;23;262
11;2025-11-24;0;66
11;2025-11-24;1;0
11;2025-11-24;2;0
11;2025-11-24;3;0
11;2025-11-24;4;0
11;2025-11-24;5;234
11;2025-11-24;6;1294
11;2025-11-24;7;2403
11;2025-11-24;8;3155
11;2025-11-24;9;2362
11;2025-11-24;10;1923
11;2025-11-24;11;1832
11;2025-11-24;12;1882
11;2025-11-24;13;1923
11;2025-11-24;14;1950
11;2025-11-24;15;1934
11;2025-11-24;16;2149
11;2025-11-24;17;2723
11;2025-11-24;18;2943
11;2025-11-24;19;2304
11;2025-11-24;20;1420
11;2025-11-24;21;827
11;2025-11-24;22;360
11;2025-11-24;23;235
11;2025-11-25;0;61
11;2025-11-25;1;0
11;2025-11-25;2;0
11;2025-11-25;3;0
11;2025-11-25;4;0
11;2025-11-25;5;239
11;2025-11-25;6;1325
11;2025-11-25;7;2436
11;2025-11-25;8;3201
11;2025-11-25;9;2411
11;2025-11-25;10;1993
11;2025-11-25;11;1890
11;2025-11-25;12;1953
11;2025-11-25;13;1999
11;2025-11-25;14;2026
11;2025-11-25;15;1980
11;2025-11-25;16;2221
11;2025-11-25;17;2782
11;2025-11-25;18;3005
11;2025-11-25;19;2317
11;2025-11-25;20;1467
11;2025-11-25;21;834
11;2025-11-25;22;374
11;2025-11-25;23;244
11;2025-11-26;0;66
11;2025-11-26;1;0
11;2025-11-26;2;0
11;2025-11-26;3;0
11;2025-11-26;4;0
11;2025-11-26;5;240
11;2025-11-26;6;1303
11;2025-11-26;7;2429
11;2025-11-26;8;3186
11;2025-11-26;9;2395
11;2025-11-26;10;1952
11;2025-11-26;11;1871
11;2025-11-26;12;1929
11;2025-11-26;13;1985
11;2025-11-26;14;2014
11;2025-11-26;15;1962
11;2025-11-26;16;2183
11;2025-11-26;17;2745
11;2025-11-26;18;2979
11;2025-11-26;19;2323
11;2025-11-26;20;1439
11;2025-11-26;21;819
11;2025-11-26;22;367
11;2025-11-26;23;240
11;2025-11-27;0;62
11;2025-11-27;1;0
11;2025-11-27;2;0
11;2025-11-27;3;0
11;2025-11-27;4;0
11;2025-11-27;5;242
11;2025-11-27;6;1320
11;2025-11-27;7;2429
11;2025-11-27;8;3195
11;2025-11-27;9;2411
11;2025-11-27;10;1998
11;2025-11-27;11;1896
11;2025-11-27;12;1959
11;2025-11-27;13;1988
11;2025-11-27;14;2010
11;2025-11-27;15;1957
11;2025-11-27;16;2219
11;2025-11-27;17;2759
11;2025-11-27;18;2990
11;2025-11-27;19;2305
11;2025-11-27;20;1439
11;2025-11-27;21;816
11;2025-11-27;22;369
11;2025-11-27;23;247
11;2025-11-28;0;64
11;2025-11-28;1;0
11;2025-11-28;2;0
11;2025-11-28;3;0
11;2025-11-28;4;0
11;2025-11-28;5;237
11;2025-11-28;6;1301
11;2025-11-28;7;2402
11;2025-11-28;8;3174
11;2025-11-28;9;2379
11;2025-11-28;10;1959
11;2025-11-28;11;1856
11;2025-11-28;12;1939
11;2025-11-28;13;1955
11;2025-11-28;14;2006
11;2025-11-28;15;1953
11;2025-11-28;16;2227
11;2025-11-28;17;2746
11;2025-11-28;18;2820
11;2025-11-28;19;2237
11;2025-11-28;20;1439
11;2025-11-28;21;848
11;2025-11-28;22;377
11;2025-11-28;23;259
11;2025-11-29;0;105
11;2025-11-29;1;1
11;2025-11-29;2;0
11;2025-11-29;3;0
11;2025-11-29;4;0
11;2025-11-29;5;171
11;2025-11-29;6;863
11;2025-11-29;7;787
11;2025-11-29;8;1068
11;2025-11-29;9;1182
11;2025-11-29;10;1421
11;2025-11-29;11;1697
11;2025-11-29;12;1925
11;2025-11-29;13;1849
11;2025-11-29;14;1975
11;2025-11-29;15;1886
11;2025-11-29;16;1779
11;2025-11-29;17;1924
11;2025-11-29;18;1536
11;2025-11-29;19;1488
11;2025-11-29;20;1014
11;2025-11-29;21;736
11;2025-11-29;22;423
11;2025-11-29;23;294
11;2025-11-30;0;116
11;2025-11-30;1;16
11;2025-11-30;2;0
11;2025-11-30;3;0
11;2025-11-30;4;0
11;2025-11-30;5;106
11;2025-11-30;6;506
11;2025-11-30;7;496
11;2025-11-30;8;703
11;2025-11-30;9;976
11;2025-11-30;10;1044
11;2025-11-30;11;1514
11;2025-11-30;12;1587
11;2025-11-30;13;1616
11;2025-11-30;14;1624
11;2025-11-30;15;1604
11;2025-11-30;16;1504
11;2025-11-30;17;1732
11;2025-11-30;18;1290
11;2025-11-30;19;1055
11;2025-11-30;20;820
11;2025-11-30;21;620
11;2025-11-30;22;368
11;2025-11-30;23;262
11;2025-12-01;0;66
11;2025-12-01;1;0
11;2025-12-01;2;0
11;2025-12-01;3;0
11;2025-12-01;4;0
11;2025-12-01;5;241
11;2025-12-01;6;1369
11;2025-12-01;7;2490
11;2025-12-01;8;3262
11;2025-12-01;9;2430
11;2025-12-01;10;1993
11;2025-12-01;11;1920
11;2025-12-01;12;1958
11;2025-12-01;13;2016
11;2025-12-01;14;2038
11;2025-12-01;15;2025
11;2025-12-01;16;2260
11;2025-12-01;17;2829
11;2025-12-01;18;3035
11;2025-12-01;19;2369
11;2025-12-01;20;1459
11;2025-12-01;21;834
11;2025-12-01;22;367
11;2025-12-01;23;236
11;2025-12-02;0;62
11;2025-12-02;1;0
11;2025-12-02;2;0
11;2025-12-02;3;0
11;2025-12-02;4;0
11;2025-12-02;5;242
11;2025-12-02;6;1366
11;2025-12-02;7;2507
11;2025-12-02;8;3289
11;2025-12-02;9;2459
11;2025-12-02;10;2044
11;2025-12-02;11;1943
11;2025-12-02;12;1998
11;2025-12-02;13;2058
11;2025-12-02;14;2084
11;2025-12-02;15;2032
11;2025-12-02;16;2290
11;2025-12-02;17;2848
11;2025-12-02;18;3058
11;2025-12-02;19;2344
11;2025-12-02;20;1510
11;2025-12-02;21;858
11;2025-12-02;22;379
11;2025-12-02;23;244
11;2025-12-03;0;66
11;2025-12-03;1;0
11;2025-12-03;2;0
11;2025-12-03;3;0
11;2025-12-03;4;0
11;2025-12-03;5;249
11;2025-12-03;6;1368
11;2025-12-03;7;2507
11;2025-12-03;8;3277
11;2025-12-03;9;2454
11;2025-12-03;10;2023
11;2025-12-03;11;1954
11;2025-12-03;12;2007
11;2025-12-03;13;2078
11;2025-12-03;14;2101
11;2025-12-03;15;2035
11;2025-12-03;16;2277
11;2025-12-03;17;2843
11;2025-12-03;18;3065
11;2025-12-03;19;2385
11;2025-12-03;20;1497
11;2025-12-03;21;854
11;2025-12-03;22;384
11;2025-12-03;23;249
11;2025-12-04;0;66
11;2025-12-04;1;0
11;2025-12-04;2;0
11;2025-12-04;3;0
11;2025-12-04;4;0
11;2025-12-04;5;249
11;2025-12-04;6;1372
11;2025-12-04;7;2495
11;2025-12-04;8;3280
11;2025-12-04;9;2464
11;2025-12-04;10;2056
11;2025-12-04;11;1971
11;2025-12-04;12;2034
11;2025-12-04;13;2076
11;2025-12-04;14;2098
11;2025-12-04;15;2035
11;2025-12-04;16;2319
11;2025-12-04;17;2849
11;2025-12-04;18;3075
11;2025-12-04;19;2370
11;2025-12-04;20;1504
11;2025-12-04;21;861
11;2025-12-04;22;392
11;2025-12-04;23;264
11;2025-12-05;0;67
11;2025-12-05;1;0
11;2025-12-05;2;0
11;2025-12-05;3;0
11;2025-12-05;4;0
11;2025-12-05;5;248
11;2025-12-05;6;1379
11;2025-12-05;7;2486
11;2025-12-05;8;3278
11;2025-12-05;9;2444
11;2025-12-05;10;2031
11;2025-12-05;11;1933
11;2025-12-05;12;2019
11;2025-12-05;13;2036
11;2025-12-05;14;2083
11;2025-12-05;15;2012
11;2025-12-05;16;2314
11;2025-12-05;17;2818
11;2025-12-05;18;2823
11;2025-12-05;19;2245
11;2025-12-05;20;1480
11;2025-12-05;21;857
11;2025-12-05;22;388
11;2025-12-05;23;271
11;2025-12-06;0;108
11;2025-12-06;1;1
11;2025-12-06;2;0
11;2025-12-06;3;0
11;2025-12-06;4;0
11;2025-12-06;5;175
11;2025-12-06;6;893
11;2025-12-06;7;816
11;2025-12-06;8;1109
11;2025-12-06;9;1228
11;2025-12-06;10;1464
11;2025-12-06;11;1745
11;2025-12-06;12;1973
11;2025-12-06;13;1898
11;2025-12-06;14;2029
11;2025-12-06;15;1927
11;2025-12-06;16;1819
11;2025-12-06;17;1972
11;2025-12-06;18;1579
11;2025-12-06;19;1543
11;2025-12-06;20;1046
11;2025-12-06;21;761
11;2025-12-06;22;439
11;2025-12-06;23;306
11;2025-12-07;0;119
11;2025-12-07;1;16
11;2025-12-07;2;0
11;2025-12-07;3;0
11;2025-12-07;4;0
11;2025-12-07;5;110
11;2025-12-07;6;520
11;2025-12-07;7;509
11;2025-12-07;8;731
11;2025-12-07;9;1004
11;2025-12-07;10;1079
11;2025-12-07;11;1550
11;2025-12-07;12;1632
11;2025-12-07;13;1663
11;2025-12-07;14;1665
11;2025-12-07;15;1645
11;2025-12-07;16;1552
11;2025-12-07;17;1780
11;2025-12-07;18;1337
11;2025-12-07;19;1100
11;2025-12-07;20;850
11;2025-12-07;21;640
11;2025-12-07;22;381
11;2025-12-07;23;271
11;2025-12-08;0;67
11;2025-12-08;1;0
11;2025-12-08;2;0
11;2025-12-08;3;0
11;2025-12-08;4;0
11;2025-12-08;5;243
11;2025-12-08;6;1359
11;2025-12-08;7;2487
11;2025-12-08;8;3261
11;2025-12-08;9;2431
11;2025-12-08;10;2000
11;2025-12-08;11;1920
11;2025-12-08;12;1958
11;2025-12-08;13;2015
11;2025-12-08;14;2036
11;2025-12-08;15;2025
11;2025-12-08;16;2257
11;2025-12-08;17;2825
11;2025-12-08;18;3031
11;2025-12-08;19;2372
11;2025-12-08;20;1461
11;2025-12-08;21;836
11;2025-12-08;22;370
11;2025-12-08;23;239
11;2025-12-09;0;62
11;2025-12-09;1;0
11;2025-12-09;2;0
11;2025-12-09;3;0
11;2025-12-09;4;0
11;2025-12-09;5;244
11;2025-12-09;6;1366
11;2025-12-09;7;2498
11;2025-12-09;8;3286
11;2025-12-09;9;2459
11;2025-12-09;10;2045
11;2025-12-09;11;1939
11;2025-12-09;12;1995
11;2025-12-09;13;2054
11;2025-12-09;14;2077
11;2025-12-09;15;2032
11;2025-12-09;16;2289
11;2025-12-09;17;2842
11;2025-12-09;18;3049
11;2025-12-09;19;2342
11;2025-12-09;20;1507
11;2025-12-09;21;856
11;2025-12-09;22;377
11;2025-12-09;23;242
11;2025-12-10;0;66
11;2025-12-10;1;0
11;2025-12-10;2;0
11;2025-12-10;3;0
11;2025-12-10;4;0
11;2025-12-10;5;244
11;2025-12-10;6;1361
11;2025-12-10;7;2496
11;2025-12-10;8;3275
11;2025-12-10;9;2444
11;2025-12-10;10;2015
11;2025-12-10;11;1944
11;2025-12-10;12;1995
11;2025-12-10;13;2069
11;2025-12-10;14;2090
11;2025-12-10;15;2028
11;2025-12-10;16;2267
11;2025-12-10;17;2828
11;2025-12-10;18;3051
11;2025-12-10;19;2377
11;2025-12-10;20;1493
11;2025-12-10;21;853
11;2025-12-10;22;383
11;2025-12-10;23;249
11;2025-12-11;0;65
11;2025-12-11;1;0
11;2025-12-11;2;0
11;2025-12-11;3;0
11;2025-12-11;4;0
11;2025-12-11;5;249
11;2025-12-11;6;1373
11;2025-12-11;7;2490
11;2025-12-11;8;3265
11;2025-12-11;9;2443
11;2025-12-11;10;2035
11;2025-12-11;11;1949
11;2025-12-11;12;2011
11;2025-12-11;13;2048
11;2025-12-11;14;2078
11;2025-12-11;15;2024
11;2025-12-11;16;2305
11;2025-12-11;17;2822
11;2025-12-11;18;3054
11;2025-12-11;19;2339
11;2025-12-11;20;1481
11;2025-12-11;21;847
11;2025-12-11;22;384
11;2025-12-11;23;259
11;2025-12-12;0;66
11;2025-12-12;1;0
11;2025-12-12;2;0
11;2025-12-12;3;0
11;2025-12-12;4;0
11;2025-12-12;5;246
11;2025-12-12;6;1363
11;2025-12-12;7;2480
11;2025-12-12;8;3261
11;2025-12-12;9;2439
11;2025-12-12;10;2028
11;2025-12-12;11;1929
11;2025-12-12;12;1997
11;2025-12-12;13;2012
11;2025-12-12;14;2055
11;2025-12-12;15;1966
11;2025-12-12;16;2276
11;2025-12-12;17;2768
11;2025-12-12;18;2790
11;2025-12-12;19;2219
11;2025-12-12;20;1453
11;2025-12-12;21;874
11;2025-12-12;22;386
11;2025-12-12;23;268
11;2025-12-13;0;105
11;2025-12-13;1;1
11;2025-12-13;2;0
11;2025-12-13;3;0
11;2025-12-13;4;0
11;2025-12-13;5;173
11;2025-12-13;6;881
11;2025-12-13;7;803
11;2025-12-13;8;1096
11;2025-12-13;9;1211
11;2025-12-13;10;1455
11;2025-12-13;11;1733
11;2025-12-13;12;1958
11;2025-12-13;13;1823
11;2025-12-13;14;1634
11;2025-12-13;15;1916
11;2025-12-13;16;1809
11;2025-12-13;17;1960
11;2025-12-13;18;1568
11;2025-12-13;19;1536
11;2025-12-13;20;1031
11;2025-12-13;21;749
11;2025-12-13;22;432
11;2025-12-13;23;301
11;2025-12-14;0;117
11;2025-12-14;1;16
11;2025-12-14;2;0
11;2025-12-14;3;0
11;2025-12-14;4;0
11;2025-12-14;5;110
11;2025-12-14;6;522
11;2025-12-14;7;511
11;2025-12-14;8;722
11;2025-12-14;9;996
11;2025-12-14;10;1067
11;2025-12-14;11;1545
11;2025-12-14;12;1615
11;2025-12-14;13;1646
11;2025-12-14;14;1650
11;2025-12-14;15;1630
11;2025-12-14;16;1543
11;2025-12-14;17;1774
11;2025-12-14;18;1332
11;2025-12-14;19;1095
11;2025-12-14;20;846
11;2025-12-14;21;633
11;2025-12-14;22;370
11;2025-12-14;23;262
11;2025-12-15;0;67
11;2025-12-15;1;0
11;2025-12-15;2;0
11;2025-12-15;3;0
11;2025-12-15;4;0
11;2025-12-15;5;243
11;2025-12-15;6;1368
11;2025-12-15;7;2493
11;2025-12-15;8;3268
11;2025-12-15;9;2439
11;2025-12-15;10;2010
11;2025-12-15;11;1917
11;2025-12-15;12;1958
11;2025-12-15;13;2016
11;2025-12-15;14;2036
11;2025-12-15;15;2023
11;2025-12-15;16;2256
11;2025-12-15;17;2826
11;2025-12-15;18;3031
11;2025-12-15;19;2372
11;2025-12-15;20;1462
11;2025-12-15;21;833
11;2025-12-15;22;369
11;2025-12-15;23;238
11;2025-12-16;0;63
11;2025-12-16;1;0
11;2025-12-16;2;0
11;2025-12-16;3;0
11;2025-12-16;4;0
11;2025-12-16;5;245
11;2025-12-16;6;1367
11;2025-12-16;7;2511
11;2025-12-16;8;3292
11;2025-12-16;9;2464
11;2025-12-16;10;2053
11;2025-12-16;11;1934
11;2025-12-16;12;1986
11;2025-12-16;13;2040
11;2025-12-16;14;2059
11;2025-12-16;15;2009
11;2025-12-16;16;2280
11;2025-12-16;17;2836
11;2025-12-16;18;3043
11;2025-12-16;19;2334
11;2025-12-16;20;1507
11;2025-12-16;21;855
11;2025-12-16;22;380
11;2025-12-16;23;246
11;2025-12-17;0;65
11;2025-12-17;1;0
11;2025-12-17;2;0
11;2025-12-17;3;0
11;2025-12-17;4;0
11;2025-12-17;5;249
11;2025-12-17;6;1367
11;2025-12-17;7;2502
11;2025-12-17;8;3277
11;2025-12-17;9;2454
11;2025-12-17;10;2023
11;2025-12-17;11;1953
11;2025-12-17;12;2005
11;2025-12-17;13;2072
11;2025-12-17;14;2100
11;2025-12-17;15;2037
11;2025-12-17;16;2278
11;2025-12-17;17;2841
11;2025-12-17;18;3063
11;2025-12-17;19;2383
11;2025-12-17;20;1494
11;2025-12-17;21;856
11;2025-12-17;22;386
11;2025-12-17;23;250
11;2025-12-18;0;66
11;2025-12-18;1;0
11;2025-12-18;2;0
11;2025-12-18;3;0
11;2025-12-18;4;0
11;2025-12-18;5;249
11;2025-12-18;6;1373
11;2025-12-18;7;2493
11;2025-12-18;8;3281
11;2025-12-18;9;2464
11;2025-12-18;10;2056
11;2025-12-18;11;1968
11;2025-12-18;12;2033
11;2025-12-18;13;2073
11;2025-12-18;14;2097
11;2025-12-18;15;2037
11;2025-12-18;16;2320
11;2025-12-18;17;2848
11;2025-12-18;18;3076
11;2025-12-18;19;2371
11;2025-12-18;20;1507
11;2025-12-18;21;861
11;2025-12-18;22;392
11;2025-12-18;23;263
11;2025-12-19;0;67
11;2025-12-19;1;0
11;2025-12-19;2;0
11;2025-12-19;3;0
11;2025-12-19;4;0
11;2025-12-19;5;249
11;2025-12-19;6;1370
11;2025-12-19;7;2482
11;2025-12-19;8;3279
11;2025-12-19;9;2441
11;2025-12-19;10;2026
11;2025-12-19;11;1930
11;2025-12-19;12;2014
11;2025-12-19;13;2031
11;2025-12-19;14;2081
11;2025-12-19;15;2010
11;2025-12-19;16;2311
11;2025-12-19;17;2820
11;2025-12-19;18;2815
11;2025-12-19;19;2240
11;2025-12-19;20;1479
11;2025-12-19;21;857
11;2025-12-19;22;388
11;2025-12-19;23;271
11;2025-12-20;0;107
11;2025-12-20;1;1
11;2025-12-20;2;0
11;2025-12-20;3;0
11;2025-12-20;4;0
11;2025-12-20;5;174
11;2025-12-20;6;891
11;2025-12-20;7;812
11;2025-12-20;8;1108
11;2025-12-20;9;1226
11;2025-12-20;10;1461
11;2025-12-20;11;1741
11;2025-12-20;12;1969
11;2025-12-20;13;1893
11;2025-12-20;14;2023
11;2025-12-20;15;1923
11;2025-12-20;16;1816
11;2025-12-20;17;1971
11;2025-12-20;18;1578
11;2025-12-20;19;1543
11;2025-12-20;20;1045
11;2025-12-20;21;760
11;2025-12-20;22;439
11;2025-12-20;23;306
11;2025-12-21;0;119
11;2025-12-21;1;16
11;2025-12-21;2;0
11;2025-12-21;3;0
11;2025-12-21;4;0
11;2025-12-21;5;110
11;2025-12-21;6;515
11;2025-12-21;7;503
11;2025-12-21;8;718
11;2025-12-21;9;996
11;2025-12-21;10;1076
11;2025-12-21;11;1544
11;2025-12-21;12;1622
11;2025-12-21;13;1653
11;2025-12-21;14;1653
11;2025-12-21;15;1636
11;2025-12-21;16;1540
11;2025-12-21;17;1771
11;2025-12-21;18;1331
11;2025-12-21;19;1095
11;2025-12-21;20;845
11;2025-12-21;21;636
11;2025-12-21;22;374
11;2025-12-21;23;267
11;2025-12-22;0;67
11;2025-12-22;1;0
11;2025-12-22;2;0
11;2025-12-22;3;0
11;2025-12-22;4;0
11;2025-12-22;5;241
11;2025-12-22;6;1355
11;2025-12-22;7;2483
11;2025-12-22;8;3252
11;2025-12-22;9;2425
11;2025-12-22;10;1982
11;2025-12-22;11;1900
11;2025-12-22;12;1937
11;2025-12-22;13;2005
11;2025-12-22;14;2022
11;2025-12-22;15;2009
11;2025-12-22;16;2238
11;2025-12-22;17;2805
11;2025-12-22;18;3004
11;2025-12-22;19;2347
11;2025-12-22;20;1437
11;2025-12-22;21;853
11;2025-12-22;22;361
11;2025-12-22;23;233
11;2025-12-23;0;63
11;2025-12-23;1;0
11;2025-12-23;2;0
11;2025-12-23;3;0
11;2025-12-23;4;0
11;2025-12-23;5;244
11;2025-12-23;6;1371
11;2025-12-23;7;2495
11;2025-12-23;8;3279
11;2025-12-23;9;2454
11;2025-12-23;10;2041
11;2025-12-23;11;1937
11;2025-12-23;12;1991
11;2025-12-23;13;2050
11;2025-12-23;14;2073
11;2025-12-23;15;2028
11;2025-12-23;16;2285
11;2025-12-23;17;2839
11;2025-12-23;18;3041
11;2025-12-23;19;2332
11;2025-12-23;20;1489
11;2025-12-23;21;881
11;2025-12-23;22;376
11;2025-12-23;23;246
11;2025-12-24;0;66
11;2025-12-24;1;0
11;2025-12-24;2;0
11;2025-12-24;3;0
11;2025-12-24;4;0
11;2025-12-24;5;248
11;2025-12-24;6;1373
11;2025-12-24;7;2499
11;2025-12-24;8;3278
11;2025-12-24;9;2460
11;2025-12-24;10;2034
11;2025-12-24;11;1953
11;2025-12-24;12;2005
11;2025-12-24;13;2067
11;2025-12-24;14;2088
11;2025-12-24;15;2022
11;2025-12-24;16;2270
11;2025-12-24;17;2833
11;2025-12-24;18;3046
11;2025-12-24;19;2369
11;2025-12-24;20;1478
11;2025-12-24;21;848
11;2025-12-24;22;378
11;2025-12-24;23;245
11;2025-12-25;0;65
11;2025-12-25;1;0
11;2025-12-25;2;0
11;2025-12-25;3;0
11;2025-12-25;4;0
11;2025-12-25;5;247
11;2025-12-25;6;1365
11;2025-12-25;7;2488
11;2025-12-25;8;3270
11;2025-12-25;9;2463
11;2025-12-25;10;2057
11;2025-12-25;11;1968
11;2025-12-25;12;2029
11;2025-12-25;13;2071
11;2025-12-25;14;2096
11;2025-12-25;15;2036
11;2025-12-25;16;2314
11;2025-12-25;17;2832
11;2025-12-25;18;3047
11;2025-12-25;19;2337
11;2025-12-25;20;1462
11;2025-12-25;21;839
11;2025-12-25;22;378
11;2025-12-25;23;249
11;2025-12-26;0;64
11;2025-12-26;1;0
11;2025-12-26;2;0
11;2025-12-26;3;0
11;2025-12-26;4;0
11;2025-12-26;5;242
11;2025-12-26;6;1340
11;2025-12-26;7;2448
11;2025-12-26;8;3231
11;2025-12-26;9;2406
11;2025-12-26;10;1978
11;2025-12-26;11;1877
11;2025-12-26;12;1957
11;2025-12-26;13;1979
11;2025-12-26;14;2030
11;2025-12-26;15;1970
11;2025-12-26;16;2280
11;2025-12-26;17;2770
11;2025-12-26;18;2780
11;2025-12-26;19;2195
11;2025-12-26;20;1417
11;2025-12-26;21;821
11;2025-12-26;22;372
11;2025-12-26;23;262
11;2025-12-27;0;104
11;2025-12-27;1;1
11;2025-12-27;2;0
11;2025-12-27;3;0
11;2025-12-27;4;0
11;2025-12-27;5;173
11;2025-12-27;6;886
11;2025-12-27;7;803
11;2025-12-27;8;1102
11;2025-12-27;9;1211
11;2025-12-27;10;1444
11;2025-12-27;11;1722
11;2025-12-27;12;1962
11;2025-12-27;13;1887
11;2025-12-27;14;2018
11;2025-12-27;15;1917
11;2025-12-27;16;1814
11;2025-12-27;17;1961
11;2025-12-27;18;1570
11;2025-12-27;19;1531
11;2025-12-27;20;1037
11;2025-12-27;21;748
11;2025-12-27;22;429
11;2025-12-27;23;299
11;2025-12-28;0;116
11;2025-12-28;1;16
11;2025-12-28;2;0
11;2025-12-28;3;0
11;2025-12-28;4;0
11;2025-12-28;5;108
11;2025-12-28;6;512
11;2025-12-28;7;503
11;2025-12-28;8;712
11;2025-12-28;9;985
11;2025-12-28;10;1050
11;2025-12-28;11;1517
11;2025-12-28;12;1596
11;2025-12-28;13;1623
11;2025-12-28;14;1636
11;2025-12-28;15;1620
11;2025-12-28;16;1522
11;2025-12-28;17;1750
11;2025-12-28;18;1329
11;2025-12-28;19;1085
11;2025-12-28;20;834
11;2025-12-28;21;621
11;2025-12-28;22;366
11;2025-12-28;23;262
11;2025-12-29;0;56
11;2025-12-29;1;0
11;2025-12-29;2;0
11;2025-12-29;3;0
11;2025-12-29;4;0
11;2025-12-29;5;203
11;2025-12-29;6;1146
11;2025-12-29;7;2106
11;2025-12-29;8;2757
11;2025-12-29;9;2060
11;2025-12-29;10;1693
11;2025-12-29;11;1621
11;2025-12-29;12;1657
11;2025-12-29;13;1706
11;2025-12-29;14;1723
11;2025-12-29;15;1710
11;2025-12-29;16;1907
11;2025-12-29;17;2381
11;2025-12-29;18;2543
11;2025-12-29;19;1976
11;2025-12-29;20;1193
11;2025-12-29;21;688
11;2025-12-29;22;297
11;2025-12-29;23;195
11;2025-12-30;0;52
11;2025-12-30;1;0
11;2025-12-30;2;0
11;2025-12-30;3;0
11;2025-12-30;4;0
11;2025-12-30;5;202
11;2025-12-30;6;1138
11;2025-12-30;7;2112
11;2025-12-30;8;2774
11;2025-12-30;9;2071
11;2025-12-30;10;1711
11;2025-12-30;11;1619
11;2025-12-30;12;1668
11;2025-12-30;13;1722
11;2025-12-30;14;1746
11;2025-12-30;15;1705
11;2025-12-30;16;1935
11;2025-12-30;17;2389
11;2025-12-30;18;2525
11;2025-12-30;19;1925
11;2025-12-30;20;1235
11;2025-12-30;21;696
11;2025-12-30;22;306
11;2025-12-30;23;204
11;2025-12-31;0;103
11;2025-12-31;1;15
11;2025-12-31;2;0
11;2025-12-31;3;0
11;2025-12-31;4;0
11;2025-12-31;5;96
11;2025-12-31;6;444
11;2025-12-31;7;434
11;2025-12-31;8;619
11;2025-12-31;9;852
11;2025-12-31;10;909
11;2025-12-31;11;1306
11;2025-12-31;12;1375
11;2025-12-31;13;1397
11;2025-12-31;14;1404
11;2025-12-31;15;1377
11;2025-12-31;16;1306
11;2025-12-31;17;1507
11;2025-12-31;18;1118
11;2025-12-31;19;927
11;2025-12-31;20;0
11;2025-12-31;21;0
11;2025-12-31;22;0
11;2025-12-31;23;0
12;2025-11-01;0;44
12;2025-11-01;1;1
12;2025-11-01;2;0
12;2025-11-01;3;0
12;2025-11-01;4;5
12;2025-11-01;5;269
12;2025-11-01;6;1212
12;2025-11-01;7;2321
12;2025-11-01;8;3061
12;2025-11-01;9;2169
12;2025-11-01;10;1757
12;2025-11-01;11;1662
12;2025-11-01;12;1718
12;2025-11-01;13;1765
12;2025-11-01;14;1686
12;2025-11-01;15;1890
12;2025-11-01;16;2342
12;2025-11-01;17;2557
12;2025-11-01;18;2612
12;2025-11-01;19;1961
12;2025-11-01;20;1291
12;2025-11-01;21;811
12;2025-11-01;22;401
12;2025-11-01;23;218
12;2025-11-02;0;85
12;2025-11-02;1;3
12;2025-11-02;2;0
12;2025-11-02;3;0
12;2025-11-02;4;3
12;2025-11-02;5;137
12;2025-11-02;6;528
12;2025-11-02;7;744
12;2025-11-02;8;757
12;2025-11-02;9;962
12;2025-11-02;10;1185
12;2025-11-02;11;1297
12;2025-11-02;12;1405
12;2025-11-02;13;1597
12;2025-11-02;14;1436
12;2025-11-02;15;1537
12;2025-11-02;16;1560
12;2025-11-02;17;1600
12;2025-11-02;18;1444
12;2025-11-02;19;1008
12;2025-11-02;20;788
12;2025-11-02;21;605
12;2025-11-02;22;405
12;2025-11-02;23;199
12;2025-11-03;0;80
12;2025-11-03;1;3
12;2025-11-03;2;0
12;2025-11-03;3;0
12;2025-11-03;4;3
12;2025-11-03;5;130
12;2025-11-03;6;496
12;2025-11-03;7;694
12;2025-11-03;8;697
12;2025-11-03;9;891
12;2025-11-03;10;1090
12;2025-11-03;11;1176
12;2025-11-03;12;1272
12;2025-11-03;13;1445
12;2025-11-03;14;1292
12;2025-11-03;15;1384
12;2025-11-03;16;1395
12;2025-11-03;17;1464
12;2025-11-03;18;1335
12;2025-11-03;19;952
12;2025-11-03;20;754
12;2025-11-03;21;579
12;2025-11-03;22;390
12;2025-11-03;23;193
12;2025-11-04;0;79
12;2025-11-04;1;3
12;2025-11-04;2;0
12;2025-11-04;3;0
12;2025-11-04;4;3
12;2025-11-04;5;127
12;2025-11-04;6;488
12;2025-11-04;7;678
12;2025-11-04;8;679
12;2025-11-04;9;864
12;2025-11-04;10;1062
12;2025-11-04;11;1162
12;2025-11-04;12;1250
12;2025-11-04;13;1431
12;2025-11-04;14;1299
12;2025-11-04;15;1388
12;2025-11-04;16;1417
12;2025-11-04;17;1471
12;2025-11-04;18;1338
12;2025-11-04;19;955
12;2025-11-04;20;759
12;2025-11-04;21;585
12;2025-11-04;22;392
12;2025-11-04;23;195
12;2025-11-05;0;55
12;2025-11-05;1;1
12;2025-11-05;2;0
12;2025-11-05;3;0
12;2025-11-05;4;7
12;2025-11-05;5;319
12;2025-11-05;6;1432
12;2025-11-05;7;2703
12;2025-11-05;8;3565
12;2025-11-05;9;2522
12;2025-11-05;10;2040
12;2025-11-05;11;1918
12;2025-11-05;12;1994
12;2025-11-05;13;2029
12;2025-11-05;14;1939
12;2025-11-05;15;2182
12;2025-11-05;16;2702
12;2025-11-05;17;2977
12;2025-11-05;18;3092
12;2025-11-05;19;2350
12;2025-11-05;20;1543
12;2025-11-05;21;977
12;2025-11-05;22;483
12;2025-11-05;23;259
12;2025-11-06;0;54
12;2025-11-06;1;1
12;2025-11-06;2;0
12;2025-11-06;3;0
12;2025-11-06;4;7
12;2025-11-06;5;320
12;2025-11-06;6;1433
12;2025-11-06;7;2725
12;2025-11-06;8;3595
12;2025-11-06;9;2538
12;2025-11-06;10;2047
12;2025-11-06;11;1926
12;2025-11-06;12;2000
12;2025-11-06;13;2039
12;2025-11-06;14;1953
12;2025-11-06;15;2178
12;2025-11-06;16;2698
12;2025-11-06;17;2978
12;2025-11-06;18;3092
12;2025-11-06;19;2358
12;2025-11-06;20;1537
12;2025-11-06;21;959
12;2025-11-06;22;478
12;2025-11-06;23;259
12;2025-11-07;0;54
12;2025-11-07;1;1
12;2025-11-07;2;0
12;2025-11-07;3;0
12;2025-11-07;4;6
12;2025-11-07;5;319
12;2025-11-07;6;1427
12;2025-11-07;7;2696
12;2025-11-07;8;3530
12;2025-11-07;9;2522
12;2025-11-07;10;2023
12;2025-11-07;11;1930
12;2025-11-07;12;1999
12;2025-11-07;13;2061
12;2025-11-07;14;1964
12;2025-11-07;15;2216
12;2025-11-07;16;2735
12;2025-11-07;17;2984
12;2025-11-07;18;2957
12;2025-11-07;19;2282
12;2025-11-07;20;1507
12;2025-11-07;21;966
12;2025-11-07;22;485
12;2025-11-07;23;267
12;2025-11-08;0;72
12;2025-11-08;1;2
12;2025-11-08;2;0
12;2025-11-08;3;0
12;2025-11-08;4;2
12;2025-11-08;5;230
12;2025-11-08;6;826
12;2025-11-08;7;910
12;2025-11-08;8;1033
12;2025-11-08;9;1241
12;2025-11-08;10;1287
12;2025-11-08;11;1436
12;2025-11-08;12;1558
12;2025-11-08;13;1747
12;2025-11-08;14;1584
12;2025-11-08;15;1537
12;2025-11-08;16;1717
12;2025-11-08;17;1632
12;2025-11-08;18;1516
12;2025-11-08;19;1424
12;2025-11-08;20;1008
12;2025-11-08;21;829
12;2025-11-08;22;407
12;2025-11-08;23;305
12;2025-11-09;0;85
12;2025-11-09;1;3
12;2025-11-09;2;0
12;2025-11-09;3;0
12;2025-11-09;4;3
12;2025-11-09;5;137
12;2025-11-09;6;528
12;2025-11-09;7;740
12;2025-11-09;8;746
12;2025-11-09;9;953
12;2025-11-09;10;1170
12;2025-11-09;11;1276
12;2025-11-09;12;1388
12;2025-11-09;13;1580
12;2025-11-09;14;1424
12;2025-11-09;15;1520
12;2025-11-09;16;1533
12;2025-11-09;17;1590
12;2025-11-09;18;1442
12;2025-11-09;19;1021
12;2025-11-09;20;806
12;2025-11-09;21;624
12;2025-11-09;22;416
12;2025-11-09;23;206
12;2025-11-10;0;54
12;2025-11-10;1;1
12;2025-11-10;2;0
12;2025-11-10;3;0
12;2025-11-10;4;7
12;2025-11-10;5;319
12;2025-11-10;6;1436
12;2025-11-10;7;2715
12;2025-11-10;8;3582
12;2025-11-10;9;2535
12;2025-11-10;10;2029
12;2025-11-10;11;1922
12;2025-11-10;12;2025
12;2025-11-10;13;2034
12;2025-11-10;14;1960
12;2025-11-10;15;2181
12;2025-11-10;16;2712
12;2025-11-10;17;2996
12;2025-11-10;18;3110
12;2025-11-10;19;2352
12;2025-11-10;20;1546
12;2025-11-10;21;965
12;2025-11-10;22;478
12;2025-11-10;23;255
12;2025-11-11;0;54
12;2025-11-11;1;1
12;2025-11-11;2;0
12;2025-11-11;3;0
12;2025-11-11;4;7
12;2025-11-11;5;322
12;2025-11-11;6;1439
12;2025-11-11;7;2731
12;2025-11-11;8;3618
12;2025-11-11;9;2553
12;2025-11-11;10;2059
12;2025-11-11;11;1940
12;2025-11-11;12;2024
12;2025-11-11;13;2058
12;2025-11-11;14;1960
12;2025-11-11;15;2197
12;2025-11-11;16;2723
12;2025-11-11;17;3003
12;2025-11-11;18;3117
12;2025-11-11;19;2358
12;2025-11-11;20;1548
12;2025-11-11;21;978
12;2025-11-11;22;483
12;2025-11-11;23;261
12;2025-11-12;0;55
12;2025-11-12;1;1
12;2025-11-12;2;0
12;2025-11-12;3;0
12;2025-11-12;4;7
12;2025-11-12;5;323
12;2025-11-12;6;1442
12;2025-11-12;7;2725
12;2025-11-12;8;3601
12;2025-11-12;9;2546
12;2025-11-12;10;2059
12;2025-11-12;11;1942
12;2025-11-12;12;2016
12;2025-11-12;13;2046
12;2025-11-12;14;1945
12;2025-11-12;15;2184
12;2025-11-12;16;2718
12;2025-11-12;17;2991
12;2025-11-12;18;3102
12;2025-11-12;19;2356
12;2025-11-12;20;1548
12;2025-11-12;21;976
12;2025-11-12;22;486
12;2025-11-12;23;262
12;2025-11-13;0;54
12;2025-11-13;1;1
12;2025-11-13;2;0
12;2025-11-13;3;0
12;2025-11-13;4;7
12;2025-11-13;5;321
12;2025-11-13;6;1433
12;2025-11-13;7;2724
12;2025-11-13;8;3600
12;2025-11-13;9;2542
12;2025-11-13;10;2054
12;2025-11-13;11;1941
12;2025-11-13;12;2018
12;2025-11-13;13;2056
12;2025-11-13;14;1960
12;2025-11-13;15;2204
12;2025-11-13;16;2727
12;2025-11-13;17;3006
12;2025-11-13;18;3117
12;2025-11-13;19;2367
12;2025-11-13;20;1555
12;2025-11-13;21;978
12;2025-11-13;22;486
12;2025-11-13;23;262
12;2025-11-14;0;54
12;2025-11-14;1;1
12;2025-11-14;2;0
12;2025-11-14;3;0
12;2025-11-14;4;7
12;2025-11-14;5;322
12;2025-11-14;6;1431
12;2025-11-14;7;2700
12;2025-11-14;8;3530
12;2025-11-14;9;2528
12;2025-11-14;10;2030
12;2025-11-14;11;1935
12;2025-11-14;12;1998
12;2025-11-14;13;2062
12;2025-11-14;14;1964
12;2025-11-14;15;2221
12;2025-11-14;16;2740
12;2025-11-14;17;2989
12;2025-11-14;18;2961
12;2025-11-14;19;2282
12;2025-11-14;20;1509
12;2025-11-14;21;970
12;2025-11-14;22;483
12;2025-11-14;23;266
12;2025-11-15;0;71
12;2025-11-15;1;2
12;2025-11-15;2;0
12;2025-11-15;3;0
12;2025-11-15;4;2
12;2025-11-15;5;226
12;2025-11-15;6;821
12;2025-11-15;7;898
12;2025-11-15;8;1017
12;2025-11-15;9;1222
12;2025-11-15;10;1451
12;2025-11-15;11;1461
12;2025-11-15;12;1533
12;2025-11-15;13;1714
12;2025-11-15;14;1551
12;2025-11-15;15;1512
12;2025-11-15;16;1698
12;2025-11-15;17;1612
12;2025-11-15;18;1500
12;2025-11-15;19;1410
12;2025-11-15;20;1002
12;2025-11-15;21;827
12;2025-11-15;22;406
12;2025-11-15;23;302
12;2025-11-16;0;84
12;2025-11-16;1;3
12;2025-11-16;2;0
12;2025-11-16;3;0
12;2025-11-16;4;3
12;2025-11-16;5;137
12;2025-11-16;6;493
12;2025-11-16;7;667
12;2025-11-16;8;746
12;2025-11-16;9;952
12;2025-11-16;10;1171
12;2025-11-16;11;1277
12;2025-11-16;12;1393
12;2025-11-16;13;1587
12;2025-11-16;14;1430
12;2025-11-16;15;1527
12;2025-11-16;16;1539
12;2025-11-16;17;1596
12;2025-11-16;18;1444
12;2025-11-16;19;1022
12;2025-11-16;20;807
12;2025-11-16;21;625
12;2025-11-16;22;418
12;2025-11-16;23;208
12;2025-11-17;0;54
12;2025-11-17;1;1
12;2025-11-17;2;0
12;2025-11-17;3;0
12;2025-11-17;4;7
12;2025-11-17;5;319
12;2025-11-17;6;1436
12;2025-11-17;7;2713
12;2025-11-17;8;3570
12;2025-11-17;9;2526
12;2025-11-17;10;2020
12;2025-11-17;11;1914
12;2025-11-17;12;2009
12;2025-11-17;13;2007
12;2025-11-17;14;1931
12;2025-11-17;15;2146
12;2025-11-17;16;2678
12;2025-11-17;17;2971
12;2025-11-17;18;3096
12;2025-11-17;19;2341
12;2025-11-17;20;1540
12;2025-11-17;21;958
12;2025-11-17;22;475
12;2025-11-17;23;253
12;2025-11-18;0;54
12;2025-11-18;1;1
12;2025-11-18;2;0
12;2025-11-18;3;0
12;2025-11-18;4;6
12;2025-11-18;5;316
12;2025-11-18;6;1419
12;2025-11-18;7;2707
12;2025-11-18;8;3592
12;2025-11-18;9;2528
12;2025-11-18;10;2025
12;2025-11-18;11;1910
12;2025-11-18;12;1996
12;2025-11-18;13;2020
12;2025-11-18;14;1926
12;2025-11-18;15;2161
12;2025-11-18;16;2683
12;2025-11-18;17;2972
12;2025-11-18;18;3086
12;2025-11-18;19;2335
12;2025-11-18;20;1532
12;2025-11-18;21;967
12;2025-11-18;22;477
12;2025-11-18;23;257
12;2025-11-19;0;54
12;2025-11-19;1;1
12;2025-11-19;2;0
12;2025-11-19;3;0
12;2025-11-19;4;7
12;2025-11-19;5;321
12;2025-11-19;6;1438
12;2025-11-19;7;2718
12;2025-11-19;8;3596
12;2025-11-19;9;2544
12;2025-11-19;10;2061
12;2025-11-19;11;1947
12;2025-11-19;12;2025
12;2025-11-19;13;2059
12;2025-11-19;14;1955
12;2025-11-19;15;2197
12;2025-11-19;16;2728
12;2025-11-19;17;3000
12;2025-11-19;18;3111
12;2025-11-19;19;2362
12;2025-11-19;20;1553
12;2025-11-19;21;984
12;2025-11-19;22;488
12;2025-11-19;23;262
12;2025-11-20;0;54
12;2025-11-20;1;1
12;2025-11-20;2;0
12;2025-11-20;3;0
12;2025-11-20;4;7
12;2025-11-20;5;322
12;2025-11-20;6;1437
12;2025-11-20;7;2732
12;2025-11-20;8;3610
12;2025-11-20;9;2548
12;2025-11-20;10;2059
12;2025-11-20;11;1946
12;2025-11-20;12;2022
12;2025-11-20;13;2061
12;2025-11-20;14;1966
12;2025-11-20;15;2211
12;2025-11-20;16;2733
12;2025-11-20;17;3014
12;2025-11-20;18;3119
12;2025-11-20;19;2368
12;2025-11-20;20;1557
12;2025-11-20;21;980
12;2025-11-20;22;488
12;2025-11-20;23;262
12;2025-11-21;0;55
12;2025-11-21;1;1
12;2025-11-21;2;0
12;2025-11-21;3;0
12;2025-11-21;4;7
12;2025-11-21;5;320
12;2025-11-21;6;1427
12;2025-11-21;7;2699
12;2025-11-21;8;3536
12;2025-11-21;9;2533
12;2025-11-21;10;2035
12;2025-11-21;11;1940
12;2025-11-21;12;2001
12;2025-11-21;13;2062
12;2025-11-21;14;1965
12;2025-11-21;15;2217
12;2025-11-21;16;2738
12;2025-11-21;17;2991
12;2025-11-21;18;2965
12;2025-11-21;19;2287
12;2025-11-21;20;1510
12;2025-11-21;21;967
12;2025-11-21;22;486
12;2025-11-21;23;267
12;2025-11-22;0;72
12;2025-11-22;1;2
12;2025-11-22;2;0
12;2025-11-22;3;0
12;2025-11-22;4;2
12;2025-11-22;5;228
12;2025-11-22;6;826
12;2025-11-22;7;904
12;2025-11-22;8;1020
12;2025-11-22;9;1224
12;2025-11-22;10;1460
12;2025-11-22;11;1475
12;2025-11-22;12;1553
12;2025-11-22;13;1734
12;2025-11-22;14;1570
12;2025-11-22;15;1529
12;2025-11-22;16;1711
12;2025-11-22;17;1628
12;2025-11-22;18;1514
12;2025-11-22;19;1423
12;2025-11-22;20;1006
12;2025-11-22;21;823
12;2025-11-22;22;402
12;2025-11-22;23;298
12;2025-11-23;0;84
12;2025-11-23;1;3
12;2025-11-23;2;0
12;2025-11-23;3;0
12;2025-11-23;4;3
12;2025-11-23;5;137
12;2025-11-23;6;525
12;2025-11-23;7;739
12;2025-11-23;8;745
12;2025-11-23;9;952
12;2025-11-23;10;1169
12;2025-11-23;11;1275
12;2025-11-23;12;1390
12;2025-11-23;13;1582
12;2025-11-23;14;1425
12;2025-11-23;15;1520
12;2025-11-23;16;1532
12;2025-11-23;17;1589
12;2025-11-23;18;1439
12;2025-11-23;19;1018
12;2025-11-23;20;804
12;2025-11-23;21;623
12;2025-11-23;22;417
12;2025-11-23;23;207
12;2025-11-24;0;54
12;2025-11-24;1;1
12;2025-11-24;2;0
12;2025-11-24;3;0
12;2025-11-24;4;7
12;2025-11-24;5;312
12;2025-11-24;6;1420
12;2025-11-24;7;2677
12;2025-11-24;8;3538
12;2025-11-24;9;2499
12;2025-11-24;10;1995
12;2025-11-24;11;1886
12;2025-11-24;12;1988
12;2025-11-24;13;1997
12;2025-11-24;14;1924
12;2025-11-24;15;2138
12;2025-11-24;16;2660
12;2025-11-24;17;2951
12;2025-11-24;18;3075
12;2025-11-24;19;2329
12;2025-11-24;20;1529
12;2025-11-24;21;959
12;2025-11-24;22;473
12;2025-11-24;23;253
12;2025-11-25;0;53
12;2025-11-25;1;1
12;2025-11-25;2;0
12;2025-11-25;3;0
12;2025-11-25;4;7
12;2025-11-25;5;321
12;2025-11-25;6;1438
12;2025-11-25;7;2723
12;2025-11-25;8;3610
12;2025-11-25;9;2549
12;2025-11-25;10;2058
12;2025-11-25;11;1941
12;2025-11-25;12;2025
12;2025-11-25;13;2059
12;2025-11-25;14;1960
12;2025-11-25;15;2199
12;2025-11-25;16;2726
12;2025-11-25;17;3006
12;2025-11-25;18;3119
12;2025-11-25;19;2360
12;2025-11-25;20;1551
12;2025-11-25;21;972
12;2025-11-25;22;482
12;2025-11-25;23;261
12;2025-11-26;0;55
12;2025-11-26;1;1
12;2025-11-26;2;0
12;2025-11-26;3;0
12;2025-11-26;4;7
12;2025-11-26;5;319
12;2025-11-26;6;1430
12;2025-11-26;7;2708
12;2025-11-26;8;3585
12;2025-11-26;9;2532
12;2025-11-26;10;2045
12;2025-11-26;11;1931
12;2025-11-26;12;2006
12;2025-11-26;13;2035
12;2025-11-26;14;1941
12;2025-11-26;15;2178
12;2025-11-26;16;2702
12;2025-11-26;17;2975
12;2025-11-26;18;3086
12;2025-11-26;19;2344
12;2025-11-26;20;1540
12;2025-11-26;21;967
12;2025-11-26;22;480
12;2025-11-26;23;258
12;2025-11-27;0;53
12;2025-11-27;1;1
12;2025-11-27;2;0
12;2025-11-27;3;0
12;2025-11-27;4;7
12;2025-11-27;5;320
12;2025-11-27;6;1431
12;2025-11-27;7;2721
12;2025-11-27;8;3599
12;2025-11-27;9;2540
12;2025-11-27;10;2054
12;2025-11-27;11;1937
12;2025-11-27;12;2008
12;2025-11-27;13;2041
12;2025-11-27;14;1943
12;2025-11-27;15;2187
12;2025-11-27;16;2709
12;2025-11-27;17;2992
12;2025-11-27;18;3091
12;2025-11-27;19;2347
12;2025-11-27;20;1539
12;2025-11-27;21;957
12;2025-11-27;22;477
12;2025-11-27;23;256
12;2025-11-28;0;54
12;2025-11-28;1;1
12;2025-11-28;2;0
12;2025-11-28;3;0
12;2025-11-28;4;6
12;2025-11-28;5;317
12;2025-11-28;6;1415
12;2025-11-28;7;2679
12;2025-11-28;8;3519
12;2025-11-28;9;2519
12;2025-11-28;10;2021
12;2025-11-28;11;1926
12;2025-11-28;12;1989
12;2025-11-28;13;2053
12;2025-11-28;14;1957
12;2025-11-28;15;2210
12;2025-11-28;16;2730
12;2025-11-28;17;2983
12;2025-11-28;18;2960
12;2025-11-28;19;2282
12;2025-11-28;20;1506
12;2025-11-28;21;970
12;2025-11-28;22;485
12;2025-11-28;23;267
12;2025-11-29;0;72
12;2025-11-29;1;2
12;2025-11-29;2;0
12;2025-11-29;3;0
12;2025-11-29;4;2
12;2025-11-29;5;232
12;2025-11-29;6;834
12;2025-11-29;7;915
12;2025-11-29;8;1039
12;2025-11-29;9;1246
12;2025-11-29;10;1485
12;2025-11-29;11;1498
12;2025-11-29;12;1570
12;2025-11-29;13;1754
12;2025-11-29;14;1586
12;2025-11-29;15;1540
12;2025-11-29;16;1718
12;2025-11-29;17;1633
12;2025-11-29;18;1518
12;2025-11-29;19;1427
12;2025-11-29;20;1011
12;2025-11-29;21;831
12;2025-11-29;22;410
12;2025-11-29;23;305
12;2025-11-30;0;84
12;2025-11-30;1;3
12;2025-11-30;2;0
12;2025-11-30;3;0
12;2025-11-30;4;3
12;2025-11-30;5;137
12;2025-11-30;6;527
12;2025-11-30;7;738
12;2025-11-30;8;744
12;2025-11-30;9;951
12;2025-11-30;10;1169
12;2025-11-30;11;1274
12;2025-11-30;12;1386
12;2025-11-30;13;1577
12;2025-11-30;14;1421
12;2025-11-30;15;1518
12;2025-11-30;16;1530
12;2025-11-30;17;1586
12;2025-11-30;18;1438
12;2025-11-30;19;1020
12;2025-11-30;20;805
12;2025-11-30;21;622
12;2025-11-30;22;417
12;2025-11-30;23;208
12;2025-12-01;0;55
12;2025-12-01;1;1
12;2025-12-01;2;0
12;2025-12-01;3;0
12;2025-12-01;4;7
12;2025-12-01;5;325
12;2025-12-01;6;1479
12;2025-12-01;7;2782
12;2025-12-01;8;3663
12;2025-12-01;9;2598
12;2025-12-01;10;2078
12;2025-12-01;11;1968
12;2025-12-01;12;2069
12;2025-12-01;13;2082
12;2025-12-01;14;2005
12;2025-12-01;15;2242
12;2025-12-01;16;2777
12;2025-12-01;17;3064
12;2025-12-01;18;3171
12;2025-12-01;19;2401
12;2025-12-01;20;1580
12;2025-12-01;21;979
12;2025-12-01;22;486
12;2025-12-01;23;258
12;2025-12-02;0;55
12;2025-12-02;1;1
12;2025-12-02;2;0
12;2025-12-02;3;0
12;2025-12-02;4;7
12;2025-12-02;5;331
12;2025-12-02;6;1481
12;2025-12-02;7;2810
12;2025-12-02;8;3722
12;2025-12-02;9;2627
12;2025-12-02;10;2128
12;2025-12-02;11;1996
12;2025-12-02;12;2074
12;2025-12-02;13;2119
12;2025-12-02;14;2012
12;2025-12-02;15;2274
12;2025-12-02;16;2797
12;2025-12-02;17;3075
12;2025-12-02;18;3180
12;2025-12-02;19;2413
12;2025-12-02;20;1586
12;2025-12-02;21;990
12;2025-12-02;22;492
12;2025-12-02;23;266
12;2025-12-03;0;57
12;2025-12-03;1;1
12;2025-12-03;2;0
12;2025-12-03;3;0
12;2025-12-03;4;7
12;2025-12-03;5;332
12;2025-12-03;6;1485
12;2025-12-03;7;2800
12;2025-12-03;8;3697
12;2025-12-03;9;2619
12;2025-12-03;10;2133
12;2025-12-03;11;2009
12;2025-12-03;12;2077
12;2025-12-03;13;2122
12;2025-12-03;14;2005
12;2025-12-03;15;2273
12;2025-12-03;16;2804
12;2025-12-03;17;3075
12;2025-12-03;18;3171
12;2025-12-03;19;2414
12;2025-12-03;20;1589
12;2025-12-03;21;997
12;2025-12-03;22;500
12;2025-12-03;23;269
12;2025-12-04;0;55
12;2025-12-04;1;1
12;2025-12-04;2;0
12;2025-12-04;3;0
12;2025-12-04;4;7
12;2025-12-04;5;330
12;2025-12-04;6;1475
12;2025-12-04;7;2806
12;2025-12-04;8;3706
12;2025-12-04;9;2618
12;2025-12-04;10;2124
12;2025-12-04;11;2000
12;2025-12-04;12;2066
12;2025-12-04;13;2120
12;2025-12-04;14;2017
12;2025-12-04;15;2290
12;2025-12-04;16;2806
12;2025-12-04;17;3083
12;2025-12-04;18;3177
12;2025-12-04;19;2423
12;2025-12-04;20;1594
12;2025-12-04;21;992
12;2025-12-04;22;499
12;2025-12-04;23;270
12;2025-12-05;0;56
12;2025-12-05;1;1
12;2025-12-05;2;0
12;2025-12-05;3;0
12;2025-12-05;4;7
12;2025-12-05;5;331
12;2025-12-05;6;1476
12;2025-12-05;7;2777
12;2025-12-05;8;3615
12;2025-12-05;9;2607
12;2025-12-05;10;2099
12;2025-12-05;11;1997
12;2025-12-05;12;2045
12;2025-12-05;13;2135
12;2025-12-05;14;2025
12;2025-12-05;15;2312
12;2025-12-05;16;2826
12;2025-12-05;17;3067
12;2025-12-05;18;2975
12;2025-12-05;19;2320
12;2025-12-05;20;1533
12;2025-12-05;21;986
12;2025-12-05;22;499
12;2025-12-05;23;278
12;2025-12-06;0;75
12;2025-12-06;1;2
12;2025-12-06;2;0
12;2025-12-06;3;0
12;2025-12-06;4;2
12;2025-12-06;5;239
12;2025-12-06;6;882
12;2025-12-06;7;945
12;2025-12-06;8;1074
12;2025-12-06;9;1288
12;2025-12-06;10;1527
12;2025-12-06;11;1541
12;2025-12-06;12;1617
12;2025-12-06;13;1809
12;2025-12-06;14;1632
12;2025-12-06;15;1586
12;2025-12-06;16;1768
12;2025-12-06;17;1687
12;2025-12-06;18;1570
12;2025-12-06;19;1470
12;2025-12-06;20;1048
12;2025-12-06;21;858
12;2025-12-06;22;424
12;2025-12-06;23;319
12;2025-12-07;0;89
12;2025-12-07;1;3
12;2025-12-07;2;0
12;2025-12-07;3;0
12;2025-12-07;4;3
12;2025-12-07;5;142
12;2025-12-07;6;545
12;2025-12-07;7;760
12;2025-12-07;8;771
12;2025-12-07;9;982
12;2025-12-07;10;1210
12;2025-12-07;11;1324
12;2025-12-07;12;1427
12;2025-12-07;13;1625
12;2025-12-07;14;1463
12;2025-12-07;15;1563
12;2025-12-07;16;1581
12;2025-12-07;17;1632
12;2025-12-07;18;1486
12;2025-12-07;19;1061
12;2025-12-07;20;837
12;2025-12-07;21;643
12;2025-12-07;22;435
12;2025-12-07;23;215
12;2025-12-08;0;55
12;2025-12-08;1;1
12;2025-12-08;2;0
12;2025-12-08;3;0
12;2025-12-08;4;7
12;2025-12-08;5;325
12;2025-12-08;6;1474
12;2025-12-08;7;2777
12;2025-12-08;8;3661
12;2025-12-08;9;2596
12;2025-12-08;10;2079
12;2025-12-08;11;1967
12;2025-12-08;12;2068
12;2025-12-08;13;2080
12;2025-12-08;14;2003
12;2025-12-08;15;2242
12;2025-12-08;16;2774
12;2025-12-08;17;3061
12;2025-12-08;18;3167
12;2025-12-08;19;2399
12;2025-12-08;20;1578
12;2025-12-08;21;978
12;2025-12-08;22;486
12;2025-12-08;23;259
12;2025-12-09;0;56
12;2025-12-09;1;1
12;2025-12-09;2;0
12;2025-12-09;3;0
12;2025-12-09;4;7
12;2025-12-09;5;331
12;2025-12-09;6;1480
12;2025-12-09;7;2802
12;2025-12-09;8;3715
12;2025-12-09;9;2625
12;2025-12-09;10;2126
12;2025-12-09;11;1986
12;2025-12-09;12;2065
12;2025-12-09;13;2109
12;2025-12-09;14;2003
12;2025-12-09;15;2272
12;2025-12-09;16;2795
12;2025-12-09;17;3060
12;2025-12-09;18;3167
12;2025-12-09;19;2407
12;2025-12-09;20;1577
12;2025-12-09;21;985
12;2025-12-09;22;490
12;2025-12-09;23;264
12;2025-12-10;0;57
12;2025-12-10;1;1
12;2025-12-10;2;0
12;2025-12-10;3;0
12;2025-12-10;4;7
12;2025-12-10;5;328
12;2025-12-10;6;1480
12;2025-12-10;7;2787
12;2025-12-10;8;3689
12;2025-12-10;9;2609
12;2025-12-10;10;2125
12;2025-12-10;11;2001
12;2025-12-10;12;2071
12;2025-12-10;13;2112
12;2025-12-10;14;1998
12;2025-12-10;15;2264
12;2025-12-10;16;2790
12;2025-12-10;17;3058
12;2025-12-10;18;3157
12;2025-12-10;19;2404
12;2025-12-10;20;1582
12;2025-12-10;21;994
12;2025-12-10;22;498
12;2025-12-10;23;268
12;2025-12-11;0;55
12;2025-12-11;1;1
12;2025-12-11;2;0
12;2025-12-11;3;0
12;2025-12-11;4;7
12;2025-12-11;5;329
12;2025-12-11;6;1471
12;2025-12-11;7;2796
12;2025-12-11;8;3675
12;2025-12-11;9;2596
12;2025-12-11;10;2099
12;2025-12-11;11;1974
12;2025-12-11;12;2042
12;2025-12-11;13;2095
12;2025-12-11;14;1998
12;2025-12-11;15;2279
12;2025-12-11;16;2789
12;2025-12-11;17;3063
12;2025-12-11;18;3145
12;2025-12-11;19;2391
12;2025-12-11;20;1573
12;2025-12-11;21;974
12;2025-12-11;22;490
12;2025-12-11;23;265
12;2025-12-12;0;56
12;2025-12-12;1;1
12;2025-12-12;2;0
12;2025-12-12;3;0
12;2025-12-12;4;6
12;2025-12-12;5;329
12;2025-12-12;6;1465
12;2025-12-12;7;2760
12;2025-12-12;8;3603
12;2025-12-12;9;2603
12;2025-12-12;10;2093
12;2025-12-12;11;1993
12;2025-12-12;12;2033
12;2025-12-12;13;2111
12;2025-12-12;14;1999
12;2025-12-12;15;2280
12;2025-12-12;16;2779
12;2025-12-12;17;3006
12;2025-12-12;18;2939
12;2025-12-12;19;2286
12;2025-12-12;20;1509
12;2025-12-12;21;981
12;2025-12-12;22;493
12;2025-12-12;23;274
12;2025-12-13;0;73
12;2025-12-13;1;2
12;2025-12-13;2;0
12;2025-12-13;3;0
12;2025-12-13;4;2
12;2025-12-13;5;236
12;2025-12-13;6;871
12;2025-12-13;7;934
12;2025-12-13;8;1057
12;2025-12-13;9;1276
12;2025-12-13;10;1518
12;2025-12-13;11;1529
12;2025-12-13;12;1603
12;2025-12-13;13;1791
12;2025-12-13;14;1615
12;2025-12-13;15;1573
12;2025-12-13;16;1758
12;2025-12-13;17;1675
12;2025-12-13;18;1561
12;2025-12-13;19;1459
12;2025-12-13;20;1033
12;2025-12-13;21;844
12;2025-12-13;22;417
12;2025-12-13;23;313
12;2025-12-14;0;87
12;2025-12-14;1;3
12;2025-12-14;2;0
12;2025-12-14;3;0
12;2025-12-14;4;3
12;2025-12-14;5;141
12;2025-12-14;6;543
12;2025-12-14;7;760
12;2025-12-14;8;763
12;2025-12-14;9;972
12;2025-12-14;10;1199
12;2025-12-14;11;1315
12;2025-12-14;12;1415
12;2025-12-14;13;1609
12;2025-12-14;14;1445
12;2025-12-14;15;1550
12;2025-12-14;16;1571
12;2025-12-14;17;1624
12;2025-12-14;18;1478
12;2025-12-14;19;1055
12;2025-12-14;20;833
12;2025-12-14;21;638
12;2025-12-14;22;430
12;2025-12-14;23;211
12;2025-12-15;0;55
12;2025-12-15;1;1
12;2025-12-15;2;0
12;2025-12-15;3;0
12;2025-12-15;4;7
12;2025-12-15;5;324
12;2025-12-15;6;1473
12;2025-12-15;7;2772
12;2025-12-15;8;3661
12;2025-12-15;9;2595
12;2025-12-15;10;2079
12;2025-12-15;11;1963
12;2025-12-15;12;2063
12;2025-12-15;13;2075
12;2025-12-15;14;1998
12;2025-12-15;15;2235
12;2025-12-15;16;2769
12;2025-12-15;17;3052
12;2025-12-15;18;3155
12;2025-12-15;19;2389
12;2025-12-15;20;1574
12;2025-12-15;21;974
12;2025-12-15;22;484
12;2025-12-15;23;258
12;2025-12-16;0;56
12;2025-12-16;1;1
12;2025-12-16;2;0
12;2025-12-16;3;0
12;2025-12-16;4;7
12;2025-12-16;5;331
12;2025-12-16;6;1478
12;2025-12-16;7;2805
12;2025-12-16;8;3714
12;2025-12-16;9;2627
12;2025-12-16;10;2124
12;2025-12-16;11;1991
12;2025-12-16;12;2069
12;2025-12-16;13;2100
12;2025-12-16;14;1997
12;2025-12-16;15;2255
12;2025-12-16;16;2784
12;2025-12-16;17;3059
12;2025-12-16;18;3163
12;2025-12-16;19;2399
12;2025-12-16;20;1577
12;2025-12-16;21;985
12;2025-12-16;22;492
12;2025-12-16;23;266
12;2025-12-17;0;57
12;2025-12-17;1;1
12;2025-12-17;2;0
12;2025-12-17;3;0
12;2025-12-17;4;7
12;2025-12-17;5;331
12;2025-12-17;6;1480
12;2025-12-17;7;2792
12;2025-12-17;8;3689
12;2025-12-17;9;2617
12;2025-12-17;10;2130
12;2025-12-17;11;2006
12;2025-12-17;12;2072
12;2025-12-17;13;2114
12;2025-12-17;14;2002
12;2025-12-17;15;2275
12;2025-12-17;16;2802
12;2025-12-17;17;3070
12;2025-12-17;18;3166
12;2025-12-17;19;2411
12;2025-12-17;20;1585
12;2025-12-17;21;996
12;2025-12-17;22;500
12;2025-12-17;23;269
12;2025-12-18;0;55
12;2025-12-18;1;1
12;2025-12-18;2;0
12;2025-12-18;3;0
12;2025-12-18;4;7
12;2025-12-18;5;330
12;2025-12-18;6;1476
12;2025-12-18;7;2807
12;2025-12-18;8;3706
12;2025-12-18;9;2616
12;2025-12-18;10;2119
12;2025-12-18;11;1990
12;2025-12-18;12;2060
12;2025-12-18;13;2117
12;2025-12-18;14;2014
12;2025-12-18;15;2289
12;2025-12-18;16;2803
12;2025-12-18;17;3082
12;2025-12-18;18;3175
12;2025-12-18;19;2421
12;2025-12-18;20;1593
12;2025-12-18;21;991
12;2025-12-18;22;499
12;2025-12-18;23;269
12;2025-12-19;0;56
12;2025-12-19;1;1
12;2025-12-19;2;0
12;2025-12-19;3;0
12;2025-12-19;4;7
12;2025-12-19;5;332
12;2025-12-19;6;1474
12;2025-12-19;7;2776
12;2025-12-19;8;3614
12;2025-12-19;9;2605
12;2025-12-19;10;2096
12;2025-12-19;11;1995
12;2025-12-19;12;2041
12;2025-12-19;13;2133
12;2025-12-19;14;2022
12;2025-12-19;15;2311
12;2025-12-19;16;2825
12;2025-12-19;17;3066
12;2025-12-19;18;2967
12;2025-12-19;19;2314
12;2025-12-19;20;1529
12;2025-12-19;21;984
12;2025-12-19;22;498
12;2025-12-19;23;277
12;2025-12-20;0;74
12;2025-12-20;1;2
12;2025-12-20;2;0
12;2025-12-20;3;0
12;2025-12-20;4;2
12;2025-12-20;5;238
12;2025-12-20;6;880
12;2025-12-20;7;942
12;2025-12-20;8;1071
12;2025-12-20;9;1286
12;2025-12-20;10;1526
12;2025-12-20;11;1539
12;2025-12-20;12;1613
12;2025-12-20;13;1804
12;2025-12-20;14;1627
12;2025-12-20;15;1584
12;2025-12-20;16;1765
12;2025-12-20;17;1684
12;2025-12-20;18;1568
12;2025-12-20;19;1469
12;2025-12-20;20;1046
12;2025-12-20;21;856
12;2025-12-20;22;423
12;2025-12-20;23;318
12;2025-12-21;0;88
12;2025-12-21;1;3
12;2025-12-21;2;0
12;2025-12-21;3;0
12;2025-12-21;4;3
12;2025-12-21;5;142
12;2025-12-21;6;539
12;2025-12-21;7;748
12;2025-12-21;8;759
12;2025-12-21;9;973
12;2025-12-21;10;1206
12;2025-12-21;11;1315
12;2025-12-21;12;1419
12;2025-12-21;13;1613
12;2025-12-21;14;1451
12;2025-12-21;15;1551
12;2025-12-21;16;1567
12;2025-12-21;17;1621
12;2025-12-21;18;1476
12;2025-12-21;19;1056
12;2025-12-21;20;832
12;2025-12-21;21;639
12;2025-12-21;22;429
12;2025-12-21;23;212
12;2025-12-22;0;55
12;2025-12-22;1;1
12;2025-12-22;2;0
12;2025-12-22;3;0
12;2025-12-22;4;7
12;2025-12-22;5;324
12;2025-12-22;6;1468
12;2025-12-22;7;2767
12;2025-12-22;8;3648
12;2025-12-22;9;2584
12;2025-12-22;10;2066
12;2025-12-22;11;1953
12;2025-12-22;12;2049
12;2025-12-22;13;2059
12;2025-12-22;14;1983
12;2025-12-22;15;2220
12;2025-12-22;16;2746
12;2025-12-22;17;3031
12;2025-12-22;18;3136
12;2025-12-22;19;2375
12;2025-12-22;20;1555
12;2025-12-22;21;974
12;2025-12-22;22;479
12;2025-12-22;23;255
12;2025-12-23;0;55
12;2025-12-23;1;1
12;2025-12-23;2;0
12;2025-12-23;3;0
12;2025-12-23;4;7
12;2025-12-23;5;329
12;2025-12-23;6;1474
12;2025-12-23;7;2788
12;2025-12-23;8;3690
12;2025-12-23;9;2608
12;2025-12-23;10;2111
12;2025-12-23;11;1980
12;2025-12-23;12;2057
12;2025-12-23;13;2102
12;2025-12-23;14;1994
12;2025-12-23;15;2264
12;2025-12-23;16;2781
12;2025-12-23;17;3056
12;2025-12-23;18;3154
12;2025-12-23;19;2394
12;2025-12-23;20;1567
12;2025-12-23;21;989
12;2025-12-23;22;488
12;2025-12-23;23;266
12;2025-12-24;0;57
12;2025-12-24;1;1
12;2025-12-24;2;0
12;2025-12-24;3;0
12;2025-12-24;4;7
12;2025-12-24;5;330
12;2025-12-24;6;1481
12;2025-12-24;7;2786
12;2025-12-24;8;3680
12;2025-12-24;9;2612
12;2025-12-24;10;2127
12;2025-12-24;11;2001
12;2025-12-24;12;2072
12;2025-12-24;13;2101
12;2025-12-24;14;1988
12;2025-12-24;15;2255
12;2025-12-24;16;2786
12;2025-12-24;17;3056
12;2025-12-24;18;3141
12;2025-12-24;19;2393
12;2025-12-24;20;1565
12;2025-12-24;21;985
12;2025-12-24;22;492
12;2025-12-24;23;265
12;2025-12-25;0;55
12;2025-12-25;1;1
12;2025-12-25;2;0
12;2025-12-25;3;0
12;2025-12-25;4;7
12;2025-12-25;5;326
12;2025-12-25;6;1465
12;2025-12-25;7;2785
12;2025-12-25;8;3675
12;2025-12-25;9;2606
12;2025-12-25;10;2114
12;2025-12-25;11;1990
12;2025-12-25;12;2058
12;2025-12-25;13;2107
12;2025-12-25;14;2002
12;2025-12-25;15;2277
12;2025-12-25;16;2784
12;2025-12-25;17;3051
12;2025-12-25;18;3129
12;2025-12-25;19;2388
12;2025-12-25;20;1559
12;2025-12-25;21;966
12;2025-12-25;22;484
12;2025-12-25;23;259
12;2025-12-26;0;55
12;2025-12-26;1;1
12;2025-12-26;2;0
12;2025-12-26;3;0
12;2025-12-26;4;6
12;2025-12-26;5;323
12;2025-12-26;6;1442
12;2025-12-26;7;2721
12;2025-12-26;8;3554
12;2025-12-26;9;2554
12;2025-12-26;10;2050
12;2025-12-26;11;1943
12;2025-12-26;12;1992
12;2025-12-26;13;2073
12;2025-12-26;14;1969
12;2025-12-26;15;2268
12;2025-12-26;16;2770
12;2025-12-26;17;2995
12;2025-12-26;18;2920
12;2025-12-26;19;2268
12;2025-12-26;20;1490
12;2025-12-26;21;952
12;2025-12-26;22;483
12;2025-12-26;23;271
12;2025-12-27;0;73
12;2025-12-27;1;2
12;2025-12-27;2;0
12;2025-12-27;3;0
12;2025-12-27;4;2
12;2025-12-27;5;237
12;2025-12-27;6;877
12;2025-12-27;7;935
12;2025-12-27;8;1062
12;2025-12-27;9;1273
12;2025-12-27;10;1509
12;2025-12-27;11;1521
12;2025-12-27;12;1604
12;2025-12-27;13;1793
12;2025-12-27;14;1621
12;2025-12-27;15;1575
12;2025-12-27;16;1758
12;2025-12-27;17;1674
12;2025-12-27;18;1557
12;2025-12-27;19;1458
12;2025-12-27;20;1037
12;2025-12-27;21;844
12;2025-12-27;22;415
12;2025-12-27;23;312
12;2025-12-28;0;87
12;2025-12-28;1;3
12;2025-12-28;2;0
12;2025-12-28;3;0
12;2025-12-28;4;3
12;2025-12-28;5;140
12;2025-12-28;6;535
12;2025-12-28;7;747
12;2025-12-28;8;754
12;2025-12-28;9;960
12;2025-12-28;10;1186
12;2025-12-28;11;1294
12;2025-12-28;12;1398
12;2025-12-28;13;1594
12;2025-12-28;14;1436
12;2025-12-28;15;1538
12;2025-12-28;16;1553
12;2025-12-28;17;1606
12;2025-12-28;18;1468
12;2025-12-28;19;1049
12;2025-12-28;20;824
12;2025-12-28;21;628
12;2025-12-28;22;424
12;2025-12-28;23;210
12;2025-12-29;0;47
12;2025-12-29;1;1
12;2025-12-29;2;0
12;2025-12-29;3;0
12;2025-12-29;4;6
12;2025-12-29;5;273
12;2025-12-29;6;1243
12;2025-12-29;7;2343
12;2025-12-29;8;3092
12;2025-12-29;9;2190
12;2025-12-29;10;1756
12;2025-12-29;11;1659
12;2025-12-29;12;1744
12;2025-12-29;13;1757
12;2025-12-29;14;1687
12;2025-12-29;15;1891
12;2025-12-29;16;2342
12;2025-12-29;17;2578
12;2025-12-29;18;2656
12;2025-12-29;19;2005
12;2025-12-29;20;1314
12;2025-12-29;21;811
12;2025-12-29;22;401
12;2025-12-29;23;215
12;2025-12-30;0;46
12;2025-12-30;1;1
12;2025-12-30;2;0
12;2025-12-30;3;0
12;2025-12-30;4;6
12;2025-12-30;5;276
12;2025-12-30;6;1245
12;2025-12-30;7;2355
12;2025-12-30;8;3122
12;2025-12-30;9;2203
12;2025-12-30;10;1782
12;2025-12-30;11;1666
12;2025-12-30;12;1737
12;2025-12-30;13;1776
12;2025-12-30;14;1687
12;2025-12-30;15;1918
12;2025-12-30;16;2361
12;2025-12-30;17;2578
12;2025-12-30;18;2633
12;2025-12-30;19;1993
12;2025-12-30;20;1303
12;2025-12-30;21;810
12;2025-12-30;22;402
12;2025-12-30;23;221
12;2025-12-31;0;76
12;2025-12-31;1;3
12;2025-12-31;2;0
12;2025-12-31;3;0
12;2025-12-31;4;3
12;2025-12-31;5;121
12;2025-12-31;6;462
12;2025-12-31;7;643
12;2025-12-31;8;649
12;2025-12-31;9;830
12;2025-12-31;10;1023
12;2025-12-31;11;1113
12;2025-12-31;12;1209
12;2025-12-31;13;1373
12;2025-12-31;14;1237
12;2025-12-31;15;1322
12;2025-12-31;16;1336
12;2025-12-31;17;1384
12;2025-12-31;18;1254
12;2025-12-31;19;896
12;2025-12-31;20;0
12;2025-12-31;21;0
12;2025-12-31;22;0
12;2025-12-31;23;0
17;2025-11-01;0;105
17;2025-11-01;1;10
17;2025-11-01;2;0
17;2025-11-01;3;0
17;2025-11-01;4;21
17;2025-11-01;5;259
17;2025-11-01;6;1305
17;2025-11-01;7;3651
17;2025-11-01;8;4590
17;2025-11-01;9;3324
17;2025-11-01;10;2637
17;2025-11-01;11;2623
17;2025-11-01;12;2625
17;2025-11-01;13;2680
17;2025-11-01;14;2751
17;2025-11-01;15;2824
17;2025-11-01;16;3172
17;2025-11-01;17;3862
17;2025-11-01;18;3963
17;2025-11-01;19;2822
17;2025-11-01;20;1978
17;2025-11-01;21;1232
17;2025-11-01;22;591
17;2025-11-01;23;327
17;2025-11-02;0;189
17;2025-11-02;1;25
17;2025-11-02;2;0
17;2025-11-02;3;0
17;2025-11-02;4;3
17;2025-11-02;5;118
17;2025-11-02;6;455
17;2025-11-02;7;894
17;2025-11-02;8;1274
17;2025-11-02;9;1723
17;2025-11-02;10;2022
17;2025-11-02;11;2592
17;2025-11-02;12;2960
17;2025-11-02;13;3204
17;2025-11-02;14;3293
17;2025-11-02;15;3161
17;2025-11-02;16;3178
17;2025-11-02;17;3021
17;2025-11-02;18;2627
17;2025-11-02;19;2093
17;2025-11-02;20;1570
17;2025-11-02;21;1118
17;2025-11-02;22;697
17;2025-11-02;23;329
17;2025-11-03;0;177
17;2025-11-03;1;23
17;2025-11-03;2;0
17;2025-11-03;3;0
17;2025-11-03;4;3
17;2025-11-03;5;107
17;2025-11-03;6;425
17;2025-11-03;7;823
17;2025-11-03;8;1168
17;2025-11-03;9;1575
17;2025-11-03;10;1865
17;2025-11-03;11;2371
17;2025-11-03;12;2688
17;2025-11-03;13;2959
17;2025-11-03;14;3009
17;2025-11-03;15;2877
17;2025-11-03;16;2904
17;2025-11-03;17;2770
17;2025-11-03;18;2432
17;2025-11-03;19;1970
17;2025-11-03;20;1486
17;2025-11-03;21;1063
17;2025-11-03;22;681
17;2025-11-03;23;326
17;2025-11-04;0;176
17;2025-11-04;1;25
17;2025-11-04;2;0
17;2025-11-04;3;0
17;2025-11-04;4;3
17;2025-11-04;5;105
17;2025-11-04;6;423
17;2025-11-04;7;806
17;2025-11-04;8;1137
17;2025-11-04;9;1541
17;2025-11-04;10;1817
17;2025-11-04;11;2331
17;2025-11-04;12;2653
17;2025-11-04;13;2932
17;2025-11-04;14;2997
17;2025-11-04;15;2882
17;2025-11-04;16;2930
17;2025-11-04;17;2771
17;2025-11-04;18;2432
17;2025-11-04;19;1969
17;2025-11-04;20;1485
17;2025-11-04;21;1055
17;2025-11-04;22;677
17;2025-11-04;23;323
17;2025-11-05;0;124
17;2025-11-05;1;12
17;2025-11-05;2;0
17;2025-11-05;3;0
17;2025-11-05;4;25
17;2025-11-05;5;306
17;2025-11-05;6;1539
17;2025-11-05;7;4256
17;2025-11-05;8;5326
17;2025-11-05;9;3860
17;2025-11-05;10;3046
17;2025-11-05;11;3015
17;2025-11-05;12;3018
17;2025-11-05;13;3080
17;2025-11-05;14;3181
17;2025-11-05;15;3263
17;2025-11-05;16;3666
17;2025-11-05;17;4496
17;2025-11-05;18;4708
17;2025-11-05;19;3363
17;2025-11-05;20;2372
17;2025-11-05;21;1478
17;2025-11-05;22;713
17;2025-11-05;23;389
17;2025-11-06;0;125
17;2025-11-06;1;12
17;2025-11-06;2;0
17;2025-11-06;3;0
17;2025-11-06;4;25
17;2025-11-06;5;310
17;2025-11-06;6;1549
17;2025-11-06;7;4279
17;2025-11-06;8;5362
17;2025-11-06;9;3887
17;2025-11-06;10;3064
17;2025-11-06;11;3031
17;2025-11-06;12;3031
17;2025-11-06;13;3098
17;2025-11-06;14;3193
17;2025-11-06;15;3228
17;2025-11-06;16;3660
17;2025-11-06;17;4477
17;2025-11-06;18;4677
17;2025-11-06;19;3370
17;2025-11-06;20;2364
17;2025-11-06;21;1465
17;2025-11-06;22;709
17;2025-11-06;23;390
17;2025-11-07;0;126
17;2025-11-07;1;12
17;2025-11-07;2;0
17;2025-11-07;3;0
17;2025-11-07;4;24
17;2025-11-07;5;307
17;2025-11-07;6;1542
17;2025-11-07;7;4264
17;2025-11-07;8;5336
17;2025-11-07;9;3856
17;2025-11-07;10;3031
17;2025-11-07;11;3033
17;2025-11-07;12;3042
17;2025-11-07;13;3109
17;2025-11-07;14;3191
17;2025-11-07;15;3288
17;2025-11-07;16;3724
17;2025-11-07;17;4517
17;2025-11-07;18;4566
17;2025-11-07;19;3321
17;2025-11-07;20;2362
17;2025-11-07;21;1480
17;2025-11-07;22;717
17;2025-11-07;23;398
17;2025-11-08;0;211
17;2025-11-08;1;27
17;2025-11-08;2;0
17;2025-11-08;3;0
17;2025-11-08;4;6
17;2025-11-08;5;139
17;2025-11-08;6;586
17;2025-11-08;7;1287
17;2025-11-08;8;1803
17;2025-11-08;9;2294
17;2025-11-08;10;2528
17;2025-11-08;11;3000
17;2025-11-08;12;3302
17;2025-11-08;13;3554
17;2025-11-08;14;3533
17;2025-11-08;15;3491
17;2025-11-08;16;3599
17;2025-11-08;17;3185
17;2025-11-08;18;2980
17;2025-11-08;19;2373
17;2025-11-08;20;1891
17;2025-11-08;21;1371
17;2025-11-08;22;850
17;2025-11-08;23;467
17;2025-11-09;0;189
17;2025-11-09;1;26
17;2025-11-09;2;0
17;2025-11-09;3;0
17;2025-11-09;4;3
17;2025-11-09;5;115
17;2025-11-09;6;451
17;2025-11-09;7;876
17;2025-11-09;8;1249
17;2025-11-09;9;1701
17;2025-11-09;10;1995
17;2025-11-09;11;2553
17;2025-11-09;12;2904
17;2025-11-09;13;3163
17;2025-11-09;14;3271
17;2025-11-09;15;3121
17;2025-11-09;16;3137
17;2025-11-09;17;2983
17;2025-11-09;18;2618
17;2025-11-09;19;2104
17;2025-11-09;20;1588
17;2025-11-09;21;1137
17;2025-11-09;22;713
17;2025-11-09;23;332
17;2025-11-10;0;124
17;2025-11-10;1;12
17;2025-11-10;2;0
17;2025-11-10;3;0
17;2025-11-10;4;25
17;2025-11-10;5;308
17;2025-11-10;6;1544
17;2025-11-10;7;4278
17;2025-11-10;8;5365
17;2025-11-10;9;3889
17;2025-11-10;10;3061
17;2025-11-10;11;3044
17;2025-11-10;12;3034
17;2025-11-10;13;3092
17;2025-11-10;14;3173
17;2025-11-10;15;3260
17;2025-11-10;16;3666
17;2025-11-10;17;4499
17;2025-11-10;18;4704
17;2025-11-10;19;3360
17;2025-11-10;20;2370
17;2025-11-10;21;1460
17;2025-11-10;22;701
17;2025-11-10;23;383
17;2025-11-11;0;124
17;2025-11-11;1;12
17;2025-11-11;2;0
17;2025-11-11;3;0
17;2025-11-11;4;26
17;2025-11-11;5;312
17;2025-11-11;6;1552
17;2025-11-11;7;4289
17;2025-11-11;8;5377
17;2025-11-11;9;3896
17;2025-11-11;10;3071
17;2025-11-11;11;3057
17;2025-11-11;12;3052
17;2025-11-11;13;3116
17;2025-11-11;14;3201
17;2025-11-11;15;3275
17;2025-11-11;16;3685
17;2025-11-11;17;4532
17;2025-11-11;18;4734
17;2025-11-11;19;3383
17;2025-11-11;20;2382
17;2025-11-11;21;1485
17;2025-11-11;22;714
17;2025-11-11;23;389
17;2025-11-12;0;125
17;2025-11-12;1;12
17;2025-11-12;2;0
17;2025-11-12;3;0
17;2025-11-12;4;26
17;2025-11-12;5;310
17;2025-11-12;6;1552
17;2025-11-12;7;4290
17;2025-11-12;8;5371
17;2025-11-12;9;3892
17;2025-11-12;10;3072
17;2025-11-12;11;3049
17;2025-11-12;12;3043
17;2025-11-12;13;3100
17;2025-11-12;14;3189
17;2025-11-12;15;3262
17;2025-11-12;16;3683
17;2025-11-12;17;4512
17;2025-11-12;18;4720
17;2025-11-12;19;3368
17;2025-11-12;20;2378
17;2025-11-12;21;1478
17;2025-11-12;22;717
17;2025-11-12;23;393
17;2025-11-13;0;125
17;2025-11-13;1;12
17;2025-11-13;2;0
17;2025-11-13;3;0
17;2025-11-13;4;25
17;2025-11-13;5;311
17;2025-11-13;6;1548
17;2025-11-13;7;4281
17;2025-11-13;8;5364
17;2025-11-13;9;3892
17;2025-11-13;10;3072
17;2025-11-13;11;3054
17;2025-11-13;12;3058
17;2025-11-13;13;3121
17;2025-11-13;14;3206
17;2025-11-13;15;3274
17;2025-11-13;16;3697
17;2025-11-13;17;4518
17;2025-11-13;18;4718
17;2025-11-13;19;3384
17;2025-11-13;20;2391
17;2025-11-13;21;1490
17;2025-11-13;22;719
17;2025-11-13;23;396
17;2025-11-14;0;127
17;2025-11-14;1;13
17;2025-11-14;2;0
17;2025-11-14;3;0
17;2025-11-14;4;25
17;2025-11-14;5;309
17;2025-11-14;6;1545
17;2025-11-14;7;4264
17;2025-11-14;8;5339
17;2025-11-14;9;3864
17;2025-11-14;10;3045
17;2025-11-14;11;3042
17;2025-11-14;12;3046
17;2025-11-14;13;3112
17;2025-11-14;14;3195
17;2025-11-14;15;3298
17;2025-11-14;16;3729
17;2025-11-14;17;4526
17;2025-11-14;18;4568
17;2025-11-14;19;3324
17;2025-11-14;20;2364
17;2025-11-14;21;1483
17;2025-11-14;22;716
17;2025-11-14;23;398
17;2025-11-15;0;208
17;2025-11-15;1;25
17;2025-11-15;2;0
17;2025-11-15;3;0
17;2025-11-15;4;5
17;2025-11-15;5;136
17;2025-11-15;6;576
17;2025-11-15;7;1252
17;2025-11-15;8;1754
17;2025-11-15;9;2242
17;2025-11-15;10;2460
17;2025-11-15;11;2924
17;2025-11-15;12;3249
17;2025-11-15;13;3492
17;2025-11-15;14;3476
17;2025-11-15;15;3444
17;2025-11-15;16;3564
17;2025-11-15;17;3136
17;2025-11-15;18;2939
17;2025-11-15;19;2347
17;2025-11-15;20;1869
17;2025-11-15;21;1361
17;2025-11-15;22;843
17;2025-11-15;23;450
17;2025-11-16;0;187
17;2025-11-16;1;23
17;2025-11-16;2;0
17;2025-11-16;3;0
17;2025-11-16;4;3
17;2025-11-16;5;114
17;2025-11-16;6;442
17;2025-11-16;7;883
17;2025-11-16;8;1250
17;2025-11-16;9;1696
17;2025-11-16;10;1997
17;2025-11-16;11;2564
17;2025-11-16;12;2911
17;2025-11-16;13;3180
17;2025-11-16;14;3280
17;2025-11-16;15;3139
17;2025-11-16;16;3152
17;2025-11-16;17;2996
17;2025-11-16;18;2627
17;2025-11-16;19;2114
17;2025-11-16;20;1593
17;2025-11-16;21;1143
17;2025-11-16;22;724
17;2025-11-16;23;345
17;2025-11-17;0;124
17;2025-11-17;1;12
17;2025-11-17;2;0
17;2025-11-17;3;0
17;2025-11-17;4;25
17;2025-11-17;5;308
17;2025-11-17;6;1544
17;2025-11-17;7;4273
17;2025-11-17;8;5345
17;2025-11-17;9;3876
17;2025-11-17;10;3047
17;2025-11-17;11;3030
17;2025-11-17;12;3011
17;2025-11-17;13;3053
17;2025-11-17;14;3134
17;2025-11-17;15;3212
17;2025-11-17;16;3624
17;2025-11-17;17;4461
17;2025-11-17;18;4680
17;2025-11-17;19;3342
17;2025-11-17;20;2357
17;2025-11-17;21;1450
17;2025-11-17;22;697
17;2025-11-17;23;380
17;2025-11-18;0;123
17;2025-11-18;1;12
17;2025-11-18;2;0
17;2025-11-18;3;0
17;2025-11-18;4;24
17;2025-11-18;5;305
17;2025-11-18;6;1524
17;2025-11-18;7;4253
17;2025-11-18;8;5333
17;2025-11-18;9;3860
17;2025-11-18;10;3026
17;2025-11-18;11;3011
17;2025-11-18;12;3006
17;2025-11-18;13;3066
17;2025-11-18;14;3149
17;2025-11-18;15;3225
17;2025-11-18;16;3634
17;2025-11-18;17;4489
17;2025-11-18;18;4692
17;2025-11-18;19;3351
17;2025-11-18;20;2359
17;2025-11-18;21;1469
17;2025-11-18;22;709
17;2025-11-18;23;384
17;2025-11-19;0;124
17;2025-11-19;1;12
17;2025-11-19;2;0
17;2025-11-19;3;0
17;2025-11-19;4;25
17;2025-11-19;5;308
17;2025-11-19;6;1547
17;2025-11-19;7;4280
17;2025-11-19;8;5362
17;2025-11-19;9;3888
17;2025-11-19;10;3070
17;2025-11-19;11;3056
17;2025-11-19;12;3057
17;2025-11-19;13;3119
17;2025-11-19;14;3207
17;2025-11-19;15;3277
17;2025-11-19;16;3694
17;2025-11-19;17;4523
17;2025-11-19;18;4729
17;2025-11-19;19;3376
17;2025-11-19;20;2384
17;2025-11-19;21;1488
17;2025-11-19;22;718
17;2025-11-19;23;394
17;2025-11-20;0;126
17;2025-11-20;1;12
17;2025-11-20;2;0
17;2025-11-20;3;0
17;2025-11-20;4;26
17;2025-11-20;5;312
17;2025-11-20;6;1473
17;2025-11-20;7;4243
17;2025-11-20;8;5380
17;2025-11-20;9;3901
17;2025-11-20;10;3080
17;2025-11-20;11;3062
17;2025-11-20;12;3066
17;2025-11-20;13;3128
17;2025-11-20;14;3213
17;2025-11-20;15;3280
17;2025-11-20;16;3704
17;2025-11-20;17;4527
17;2025-11-20;18;4721
17;2025-11-20;19;3385
17;2025-11-20;20;2393
17;2025-11-20;21;1492
17;2025-11-20;22;719
17;2025-11-20;23;396
17;2025-11-21;0;127
17;2025-11-21;1;13
17;2025-11-21;2;0
17;2025-11-21;3;0
17;2025-11-21;4;24
17;2025-11-21;5;308
17;2025-11-21;6;1539
17;2025-11-21;7;4259
17;2025-11-21;8;5341
17;2025-11-21;9;3867
17;2025-11-21;10;3048
17;2025-11-21;11;3045
17;2025-11-21;12;3046
17;2025-11-21;13;3110
17;2025-11-21;14;3192
17;2025-11-21;15;3290
17;2025-11-21;16;3723
17;2025-11-21;17;4517
17;2025-11-21;18;4566
17;2025-11-21;19;3326
17;2025-11-21;20;2366
17;2025-11-21;21;1480
17;2025-11-21;22;686
17;2025-11-21;23;313
17;2025-11-22;0;212
17;2025-11-22;1;26
17;2025-11-22;2;0
17;2025-11-22;3;0
17;2025-11-22;4;6
17;2025-11-22;5;138
17;2025-11-22;6;587
17;2025-11-22;7;1267
17;2025-11-22;8;1769
17;2025-11-22;9;2255
17;2025-11-22;10;2491
17;2025-11-22;11;2962
17;2025-11-22;12;3285
17;2025-11-22;13;3529
17;2025-11-22;14;3509
17;2025-11-22;15;3472
17;2025-11-22;16;3585
17;2025-11-22;17;3166
17;2025-11-22;18;2970
17;2025-11-22;19;2372
17;2025-11-22;20;1886
17;2025-11-22;21;1356
17;2025-11-22;22;835
17;2025-11-22;23;443
17;2025-11-23;0;186
17;2025-11-23;1;24
17;2025-11-23;2;0
17;2025-11-23;3;0
17;2025-11-23;4;3
17;2025-11-23;5;112
17;2025-11-23;6;441
17;2025-11-23;7;881
17;2025-11-23;8;1249
17;2025-11-23;9;1696
17;2025-11-23;10;1991
17;2025-11-23;11;2559
17;2025-11-23;12;2909
17;2025-11-23;13;3167
17;2025-11-23;14;3268
17;2025-11-23;15;3117
17;2025-11-23;16;3125
17;2025-11-23;17;2969
17;2025-11-23;18;2600
17;2025-11-23;19;2096
17;2025-11-23;20;1583
17;2025-11-23;21;1139
17;2025-11-23;22;723
17;2025-11-23;23;344
17;2025-11-24;0;124
17;2025-11-24;1;12
17;2025-11-24;2;0
17;2025-11-24;3;0
17;2025-11-24;4;23
17;2025-11-24;5;300
17;2025-11-24;6;1517
17;2025-11-24;7;4221
17;2025-11-24;8;5288
17;2025-11-24;9;3841
17;2025-11-24;10;3010
17;2025-11-24;11;2983
17;2025-11-24;12;2979
17;2025-11-24;13;3040
17;2025-11-24;14;3122
17;2025-11-24;15;3204
17;2025-11-24;16;3602
17;2025-11-24;17;4437
17;2025-11-24;18;4649
17;2025-11-24;19;3321
17;2025-11-24;20;2342
17;2025-11-24;21;1448
17;2025-11-24;22;695
17;2025-11-24;23;379
17;2025-11-25;0;123
17;2025-11-25;1;11
17;2025-11-25;2;0
17;2025-11-25;3;0
17;2025-11-25;4;25
17;2025-11-25;5;311
17;2025-11-25;6;1550
17;2025-11-25;7;4281
17;2025-11-25;8;5363
17;2025-11-25;9;3889
17;2025-11-25;10;3070
17;2025-11-25;11;3057
17;2025-11-25;12;3052
17;2025-11-25;13;3116
17;2025-11-25;14;3201
17;2025-11-25;15;3278
17;2025-11-25;16;3688
17;2025-11-25;17;4535
17;2025-11-25;18;4736
17;2025-11-25;19;3384
17;2025-11-25;20;2384
17;2025-11-25;21;1481
17;2025-11-25;22;714
17;2025-11-25;23;389
17;2025-11-26;0;125
17;2025-11-26;1;12
17;2025-11-26;2;0
17;2025-11-26;3;0
17;2025-11-26;4;25
17;2025-11-26;5;307
17;2025-11-26;6;1537
17;2025-11-26;7;4264
17;2025-11-26;8;5342
17;2025-11-26;9;3875
17;2025-11-26;10;3051
17;2025-11-26;11;3029
17;2025-11-26;12;3026
17;2025-11-26;13;3086
17;2025-11-26;14;3180
17;2025-11-26;15;3255
17;2025-11-26;16;3663
17;2025-11-26;17;4489
17;2025-11-26;18;4698
17;2025-11-26;19;3352
17;2025-11-26;20;2364
17;2025-11-26;21;1464
17;2025-11-26;22;711
17;2025-11-26;23;388
17;2025-11-27;0;124
17;2025-11-27;1;12
17;2025-11-27;2;0
17;2025-11-27;3;0
17;2025-11-27;4;25
17;2025-11-27;5;310
17;2025-11-27;6;1546
17;2025-11-27;7;4279
17;2025-11-27;8;5366
17;2025-11-27;9;3894
17;2025-11-27;10;3073
17;2025-11-27;11;3050
17;2025-11-27;12;3041
17;2025-11-27;13;3101
17;2025-11-27;14;3180
17;2025-11-27;15;3251
17;2025-11-27;16;3679
17;2025-11-27;17;4504
17;2025-11-27;18;4690
17;2025-11-27;19;3354
17;2025-11-27;20;2367
17;2025-11-27;21;1464
17;2025-11-27;22;707
17;2025-11-27;23;387
17;2025-11-28;0;125
17;2025-11-28;1;12
17;2025-11-28;2;0
17;2025-11-28;3;0
17;2025-11-28;4;24
17;2025-11-28;5;305
17;2025-11-28;6;1527
17;2025-11-28;7;4238
17;2025-11-28;8;5323
17;2025-11-28;9;3854
17;2025-11-28;10;3032
17;2025-11-28;11;2847
17;2025-11-28;12;2872
17;2025-11-28;13;3098
17;2025-11-28;14;3182
17;2025-11-28;15;3282
17;2025-11-28;16;3720
17;2025-11-28;17;4513
17;2025-11-28;18;4569
17;2025-11-28;19;3322
17;2025-11-28;20;2361
17;2025-11-28;21;1485
17;2025-11-28;22;718
17;2025-11-28;23;400
17;2025-11-29;0;212
17;2025-11-29;1;26
17;2025-11-29;2;0
17;2025-11-29;3;0
17;2025-11-29;4;6
17;2025-11-29;5;140
17;2025-11-29;6;590
17;2025-11-29;7;1294
17;2025-11-29;8;1815
17;2025-11-29;9;2302
17;2025-11-29;10;2538
17;2025-11-29;11;3008
17;2025-11-29;12;3321
17;2025-11-29;13;3563
17;2025-11-29;14;3537
17;2025-11-29;15;3497
17;2025-11-29;16;3606
17;2025-11-29;17;3189
17;2025-11-29;18;2991
17;2025-11-29;19;2383
17;2025-11-29;20;1902
17;2025-11-29;21;1379
17;2025-11-29;22;861
17;2025-11-29;23;470
17;2025-11-30;0;188
17;2025-11-30;1;25
17;2025-11-30;2;0
17;2025-11-30;3;0
17;2025-11-30;4;3
17;2025-11-30;5;114
17;2025-11-30;6;450
17;2025-11-30;7;879
17;2025-11-30;8;1247
17;2025-11-30;9;1695
17;2025-11-30;10;1992
17;2025-11-30;11;2559
17;2025-11-30;12;2911
17;2025-11-30;13;3168
17;2025-11-30;14;3268
17;2025-11-30;15;3124
17;2025-11-30;16;3138
17;2025-11-30;17;2984
17;2025-11-30;18;2616
17;2025-11-30;19;2110
17;2025-11-30;20;1591
17;2025-11-30;21;1140
17;2025-11-30;22;723
17;2025-11-30;23;345
17;2025-12-01;0;127
17;2025-12-01;1;12
17;2025-12-01;2;0
17;2025-12-01;3;0
17;2025-12-01;4;26
17;2025-12-01;5;314
17;2025-12-01;6;1581
17;2025-12-01;7;4351
17;2025-12-01;8;5477
17;2025-12-01;9;3972
17;2025-12-01;10;3134
17;2025-12-01;11;3115
17;2025-12-01;12;3096
17;2025-12-01;13;3158
17;2025-12-01;14;3247
17;2025-12-01;15;3331
17;2025-12-01;16;3740
17;2025-12-01;17;4600
17;2025-12-01;18;4784
17;2025-12-01;19;3421
17;2025-12-01;20;2410
17;2025-12-01;21;1486
17;2025-12-01;22;710
17;2025-12-01;23;390
17;2025-12-02;0;127
17;2025-12-02;1;12
17;2025-12-02;2;0
17;2025-12-02;3;0
17;2025-12-02;4;26
17;2025-12-02;5;321
17;2025-12-02;6;1592
17;2025-12-02;7;4377
17;2025-12-02;8;5514
17;2025-12-02;9;3995
17;2025-12-02;10;3161
17;2025-12-02;11;3140
17;2025-12-02;12;3130
17;2025-12-02;13;3198
17;2025-12-02;14;3290
17;2025-12-02;15;3363
17;2025-12-02;16;3776
17;2025-12-02;17;4649
17;2025-12-02;18;4827
17;2025-12-02;19;3456
17;2025-12-02;20;2433
17;2025-12-02;21;1515
17;2025-12-02;22;730
17;2025-12-02;23;400
17;2025-12-03;0;129
17;2025-12-03;1;12
17;2025-12-03;2;0
17;2025-12-03;3;0
17;2025-12-03;4;27
17;2025-12-03;5;319
17;2025-12-03;6;1593
17;2025-12-03;7;4378
17;2025-12-03;8;5505
17;2025-12-03;9;3993
17;2025-12-03;10;3166
17;2025-12-03;11;3145
17;2025-12-03;12;3142
17;2025-12-03;13;3204
17;2025-12-03;14;3301
17;2025-12-03;15;3369
17;2025-12-03;16;3790
17;2025-12-03;17;4645
17;2025-12-03;18;4827
17;2025-12-03;19;3446
17;2025-12-03;20;2431
17;2025-12-03;21;1517
17;2025-12-03;22;736
17;2025-12-03;23;407
17;2025-12-04;0;130
17;2025-12-04;1;12
17;2025-12-04;2;0
17;2025-12-04;3;0
17;2025-12-04;4;26
17;2025-12-04;5;321
17;2025-12-04;6;1591
17;2025-12-04;7;4373
17;2025-12-04;8;5510
17;2025-12-04;9;3995
17;2025-12-04;10;3166
17;2025-12-04;11;3140
17;2025-12-04;12;3146
17;2025-12-04;13;3211
17;2025-12-04;14;3303
17;2025-12-04;15;3364
17;2025-12-04;16;3796
17;2025-12-04;17;4638
17;2025-12-04;18;4805
17;2025-12-04;19;3454
17;2025-12-04;20;2443
17;2025-12-04;21;1521
17;2025-12-04;22;736
17;2025-12-04;23;410
17;2025-12-05;0;132
17;2025-12-05;1;13
17;2025-12-05;2;0
17;2025-12-05;3;0
17;2025-12-05;4;25
17;2025-12-05;5;319
17;2025-12-05;6;1589
17;2025-12-05;7;4354
17;2025-12-05;8;5477
17;2025-12-05;9;3967
17;2025-12-05;10;3132
17;2025-12-05;11;3129
17;2025-12-05;12;3135
17;2025-12-05;13;3205
17;2025-12-05;14;3295
17;2025-12-05;15;3397
17;2025-12-05;16;3842
17;2025-12-05;17;4650
17;2025-12-05;18;4619
17;2025-12-05;19;3389
17;2025-12-05;20;2412
17;2025-12-05;21;1521
17;2025-12-05;22;738
17;2025-12-05;23;417
17;2025-12-06;0;218
17;2025-12-06;1;27
17;2025-12-06;2;0
17;2025-12-06;3;0
17;2025-12-06;4;6
17;2025-12-06;5;142
17;2025-12-06;6;617
17;2025-12-06;7;1333
17;2025-12-06;8;1873
17;2025-12-06;9;2367
17;2025-12-06;10;2603
17;2025-12-06;11;3072
17;2025-12-06;12;3367
17;2025-12-06;13;3646
17;2025-12-06;14;3621
17;2025-12-06;15;3584
17;2025-12-06;16;3652
17;2025-12-06;17;3285
17;2025-12-06;18;3064
17;2025-12-06;19;2428
17;2025-12-06;20;1948
17;2025-12-06;21;1419
17;2025-12-06;22;885
17;2025-12-06;23;488
17;2025-12-07;0;190
17;2025-12-07;1;25
17;2025-12-07;2;0
17;2025-12-07;3;0
17;2025-12-07;4;3
17;2025-12-07;5;116
17;2025-12-07;6;460
17;2025-12-07;7;898
17;2025-12-07;8;1294
17;2025-12-07;9;1734
17;2025-12-07;10;2044
17;2025-12-07;11;2592
17;2025-12-07;12;2962
17;2025-12-07;13;3236
17;2025-12-07;14;3293
17;2025-12-07;15;3186
17;2025-12-07;16;3201
17;2025-12-07;17;3040
17;2025-12-07;18;2657
17;2025-12-07;19;2182
17;2025-12-07;20;1632
17;2025-12-07;21;1167
17;2025-12-07;22;741
17;2025-12-07;23;355
17;2025-12-08;0;127
17;2025-12-08;1;12
17;2025-12-08;2;0
17;2025-12-08;3;0
17;2025-12-08;4;26
17;2025-12-08;5;315
17;2025-12-08;6;1576
17;2025-12-08;7;4347
17;2025-12-08;8;5471
17;2025-12-08;9;3970
17;2025-12-08;10;3133
17;2025-12-08;11;3110
17;2025-12-08;12;3096
17;2025-12-08;13;3155
17;2025-12-08;14;3243
17;2025-12-08;15;3328
17;2025-12-08;16;3738
17;2025-12-08;17;4596
17;2025-12-08;18;4780
17;2025-12-08;19;3418
17;2025-12-08;20;2408
17;2025-12-08;21;1485
17;2025-12-08;22;710
17;2025-12-08;23;391
17;2025-12-09;0;127
17;2025-12-09;1;12
17;2025-12-09;2;0
17;2025-12-09;3;0
17;2025-12-09;4;26
17;2025-12-09;5;321
17;2025-12-09;6;1589
17;2025-12-09;7;4354
17;2025-12-09;8;5499
17;2025-12-09;9;3988
17;2025-12-09;10;3156
17;2025-12-09;11;3125
17;2025-12-09;12;3116
17;2025-12-09;13;3183
17;2025-12-09;14;3276
17;2025-12-09;15;3358
17;2025-12-09;16;3773
17;2025-12-09;17;4629
17;2025-12-09;18;4810
17;2025-12-09;19;3448
17;2025-12-09;20;2418
17;2025-12-09;21;1507
17;2025-12-09;22;726
17;2025-12-09;23;396
17;2025-12-10;0;129
17;2025-12-10;1;12
17;2025-12-10;2;0
17;2025-12-10;3;0
17;2025-12-10;4;26
17;2025-12-10;5;317
17;2025-12-10;6;1582
17;2025-12-10;7;4360
17;2025-12-10;8;5472
17;2025-12-10;9;3975
17;2025-12-10;10;3156
17;2025-12-10;11;3132
17;2025-12-10;12;3131
17;2025-12-10;13;3189
17;2025-12-10;14;3285
17;2025-12-10;15;3353
17;2025-12-10;16;3770
17;2025-12-10;17;4622
17;2025-12-10;18;4804
17;2025-12-10;19;3428
17;2025-12-10;20;2420
17;2025-12-10;21;1510
17;2025-12-10;22;733
17;2025-12-10;23;405
17;2025-12-11;0;129
17;2025-12-11;1;12
17;2025-12-11;2;0
17;2025-12-11;3;0
17;2025-12-11;4;26
17;2025-12-11;5;320
17;2025-12-11;6;1583
17;2025-12-11;7;4344
17;2025-12-11;8;5458
17;2025-12-11;9;3963
17;2025-12-11;10;3134
17;2025-12-11;11;3104
17;2025-12-11;12;3109
17;2025-12-11;13;3179
17;2025-12-11;14;3282
17;2025-12-11;15;3348
17;2025-12-11;16;3779
17;2025-12-11;17;4607
17;2025-12-11;18;4758
17;2025-12-11;19;3404
17;2025-12-11;20;2409
17;2025-12-11;21;1496
17;2025-12-11;22;729
17;2025-12-11;23;405
17;2025-12-12;0;132
17;2025-12-12;1;13
17;2025-12-12;2;0
17;2025-12-12;3;0
17;2025-12-12;4;25
17;2025-12-12;5;317
17;2025-12-12;6;1577
17;2025-12-12;7;4338
17;2025-12-12;8;5448
17;2025-12-12;9;3961
17;2025-12-12;10;3126
17;2025-12-12;11;3122
17;2025-12-12;12;3111
17;2025-12-12;13;3171
17;2025-12-12;14;3256
17;2025-12-12;15;3349
17;2025-12-12;16;3790
17;2025-12-12;17;4567
17;2025-12-12;18;4563
17;2025-12-12;19;3337
17;2025-12-12;20;2376
17;2025-12-12;21;1512
17;2025-12-12;22;734
17;2025-12-12;23;412
17;2025-12-13;0;212
17;2025-12-13;1;24
17;2025-12-13;2;0
17;2025-12-13;3;0
17;2025-12-13;4;4
17;2025-12-13;5;137
17;2025-12-13;6;609
17;2025-12-13;7;1315
17;2025-12-13;8;1851
17;2025-12-13;9;2350
17;2025-12-13;10;2590
17;2025-12-13;11;3054
17;2025-12-13;12;3346
17;2025-12-13;13;3623
17;2025-12-13;14;3597
17;2025-12-13;15;3561
17;2025-12-13;16;3632
17;2025-12-13;17;3263
17;2025-12-13;18;3039
17;2025-12-13;19;2415
17;2025-12-13;20;1928
17;2025-12-13;21;1392
17;2025-12-13;22;874
17;2025-12-13;23;477
17;2025-12-14;0;184
17;2025-12-14;1;25
17;2025-12-14;2;0
17;2025-12-14;3;0
17;2025-12-14;4;3
17;2025-12-14;5;115
17;2025-12-14;6;471
17;2025-12-14;7;908
17;2025-12-14;8;1281
17;2025-12-14;9;1725
17;2025-12-14;10;2044
17;2025-12-14;11;2589
17;2025-12-14;12;2941
17;2025-12-14;13;3217
17;2025-12-14;14;3277
17;2025-12-14;15;3163
17;2025-12-14;16;3186
17;2025-12-14;17;3027
17;2025-12-14;18;2641
17;2025-12-14;19;2167
17;2025-12-14;20;1624
17;2025-12-14;21;1154
17;2025-12-14;22;720
17;2025-12-14;23;333
17;2025-12-15;0;126
17;2025-12-15;1;12
17;2025-12-15;2;0
17;2025-12-15;3;0
17;2025-12-15;4;25
17;2025-12-15;5;314
17;2025-12-15;6;1576
17;2025-12-15;7;4339
17;2025-12-15;8;5467
17;2025-12-15;9;3968
17;2025-12-15;10;3135
17;2025-12-15;11;3105
17;2025-12-15;12;3091
17;2025-12-15;13;3150
17;2025-12-15;14;3237
17;2025-12-15;15;3321
17;2025-12-15;16;3728
17;2025-12-15;17;4581
17;2025-12-15;18;4762
17;2025-12-15;19;3405
17;2025-12-15;20;2401
17;2025-12-15;21;1479
17;2025-12-15;22;708
17;2025-12-15;23;389
17;2025-12-16;0;127
17;2025-12-16;1;12
17;2025-12-16;2;0
17;2025-12-16;3;0
17;2025-12-16;4;26
17;2025-12-16;5;321
17;2025-12-16;6;1590
17;2025-12-16;7;4368
17;2025-12-16;8;5496
17;2025-12-16;9;3991
17;2025-12-16;10;3157
17;2025-12-16;11;3131
17;2025-12-16;12;3118
17;2025-12-16;13;3175
17;2025-12-16;14;3265
17;2025-12-16;15;3341
17;2025-12-16;16;3755
17;2025-12-16;17;4625
17;2025-12-16;18;4801
17;2025-12-16;19;3434
17;2025-12-16;20;2417
17;2025-12-16;21;1477
17;2025-12-16;22;545
17;2025-12-16;23;299
17;2025-12-17;0;96
17;2025-12-17;1;9
17;2025-12-17;2;0
17;2025-12-17;3;0
17;2025-12-17;4;20
17;2025-12-17;5;315
17;2025-12-17;6;1584
17;2025-12-17;7;4357
17;2025-12-17;8;5484
17;2025-12-17;9;3981
17;2025-12-17;10;3160
17;2025-12-17;11;3137
17;2025-12-17;12;3131
17;2025-12-17;13;3189
17;2025-12-17;14;3291
17;2025-12-17;15;3365
17;2025-12-17;16;3785
17;2025-12-17;17;4636
17;2025-12-17;18;4820
17;2025-12-17;19;3440
17;2025-12-17;20;2424
17;2025-12-17;21;1515
17;2025-12-17;22;736
17;2025-12-17;23;407
17;2025-12-18;0;130
17;2025-12-18;1;13
17;2025-12-18;2;0
17;2025-12-18;3;0
17;2025-12-18;4;26
17;2025-12-18;5;320
17;2025-12-18;6;1589
17;2025-12-18;7;4368
17;2025-12-18;8;5507
17;2025-12-18;9;3990
17;2025-12-18;10;3156
17;2025-12-18;11;3123
17;2025-12-18;12;3135
17;2025-12-18;13;3202
17;2025-12-18;14;3295
17;2025-12-18;15;3359
17;2025-12-18;16;3788
17;2025-12-18;17;4635
17;2025-12-18;18;4803
17;2025-12-18;19;3450
17;2025-12-18;20;2438
17;2025-12-18;21;1521
17;2025-12-18;22;737
17;2025-12-18;23;409
17;2025-12-19;0;132
17;2025-12-19;1;13
17;2025-12-19;2;0
17;2025-12-19;3;0
17;2025-12-19;4;25
17;2025-12-19;5;319
17;2025-12-19;6;1584
17;2025-12-19;7;4346
17;2025-12-19;8;5472
17;2025-12-19;9;3959
17;2025-12-19;10;3124
17;2025-12-19;11;3121
17;2025-12-19;12;3124
17;2025-12-19;13;3196
17;2025-12-19;14;3285
17;2025-12-19;15;3391
17;2025-12-19;16;3836
17;2025-12-19;17;4643
17;2025-12-19;18;4605
17;2025-12-19;19;3378
17;2025-12-19;20;2402
17;2025-12-19;21;1517
17;2025-12-19;22;736
17;2025-12-19;23;415
17;2025-12-20;0;218
17;2025-12-20;1;27
17;2025-12-20;2;0
17;2025-12-20;3;0
17;2025-12-20;4;6
17;2025-12-20;5;141
17;2025-12-20;6;616
17;2025-12-20;7;1330
17;2025-12-20;8;1869
17;2025-12-20;9;2362
17;2025-12-20;10;2599
17;2025-12-20;11;3066
17;2025-12-20;12;3359
17;2025-12-20;13;3633
17;2025-12-20;14;3609
17;2025-12-20;15;3572
17;2025-12-20;16;3643
17;2025-12-20;17;3280
17;2025-12-20;18;3061
17;2025-12-20;19;2426
17;2025-12-20;20;1946
17;2025-12-20;21;1417
17;2025-12-20;22;883
17;2025-12-20;23;486
17;2025-12-21;0;190
17;2025-12-21;1;25
17;2025-12-21;2;0
17;2025-12-21;3;0
17;2025-12-21;4;3
17;2025-12-21;5;117
17;2025-12-21;6;459
17;2025-12-21;7;892
17;2025-12-21;8;1260
17;2025-12-21;9;1720
17;2025-12-21;10;2043
17;2025-12-21;11;2580
17;2025-12-21;12;2935
17;2025-12-21;13;3210
17;2025-12-21;14;3269
17;2025-12-21;15;3155
17;2025-12-21;16;3172
17;2025-12-21;17;3015
17;2025-12-21;18;2633
17;2025-12-21;19;2167
17;2025-12-21;20;1622
17;2025-12-21;21;1161
17;2025-12-21;22;730
17;2025-12-21;23;351
17;2025-12-22;0;127
17;2025-12-22;1;12
17;2025-12-22;2;0
17;2025-12-22;3;0
17;2025-12-22;4;26
17;2025-12-22;5;312
17;2025-12-22;6;1567
17;2025-12-22;7;4323
17;2025-12-22;8;5443
17;2025-12-22;9;3949
17;2025-12-22;10;3114
17;2025-12-22;11;3086
17;2025-12-22;12;3066
17;2025-12-22;13;3122
17;2025-12-22;14;3210
17;2025-12-22;15;3292
17;2025-12-22;16;3695
17;2025-12-22;17;4541
17;2025-12-22;18;4721
17;2025-12-22;19;3374
17;2025-12-22;20;2379
17;2025-12-22;21;1472
17;2025-12-22;22;703
17;2025-12-22;23;383
17;2025-12-23;0;125
17;2025-12-23;1;11
17;2025-12-23;2;0
17;2025-12-23;3;0
17;2025-12-23;4;26
17;2025-12-23;5;317
17;2025-12-23;6;1575
17;2025-12-23;7;4320
17;2025-12-23;8;5442
17;2025-12-23;9;3951
17;2025-12-23;10;3131
17;2025-12-23;11;3109
17;2025-12-23;12;3100
17;2025-12-23;13;3167
17;2025-12-23;14;3259
17;2025-12-23;15;3340
17;2025-12-23;16;3746
17;2025-12-23;17;4610
17;2025-12-23;18;4784
17;2025-12-23;19;3425
17;2025-12-23;20;2412
17;2025-12-23;21;1506
17;2025-12-23;22;698
17;2025-12-23;23;320
17;2025-12-24;0;129
17;2025-12-24;1;12
17;2025-12-24;2;0
17;2025-12-24;3;0
17;2025-12-24;4;26
17;2025-12-24;5;316
17;2025-12-24;6;1584
17;2025-12-24;7;4340
17;2025-12-24;8;5468
17;2025-12-24;9;3971
17;2025-12-24;10;3153
17;2025-12-24;11;3129
17;2025-12-24;12;3126
17;2025-12-24;13;3170
17;2025-12-24;14;3269
17;2025-12-24;15;3342
17;2025-12-24;16;3756
17;2025-12-24;17;4609
17;2025-12-24;18;4780
17;2025-12-24;19;3408
17;2025-12-24;20;2403
17;2025-12-24;21;1494
17;2025-12-24;22;726
17;2025-12-24;23;400
17;2025-12-25;0;129
17;2025-12-25;1;13
17;2025-12-25;2;0
17;2025-12-25;3;0
17;2025-12-25;4;27
17;2025-12-25;5;317
17;2025-12-25;6;1575
17;2025-12-25;7;4323
17;2025-12-25;8;5452
17;2025-12-25;9;3966
17;2025-12-25;10;3147
17;2025-12-25;11;3120
17;2025-12-25;12;3121
17;2025-12-25;13;3183
17;2025-12-25;14;3273
17;2025-12-25;15;3335
17;2025-12-25;16;3757
17;2025-12-25;17;4569
17;2025-12-25;18;4719
17;2025-12-25;19;3394
17;2025-12-25;20;2395
17;2025-12-25;21;1481
17;2025-12-25;22;723
17;2025-12-25;23;395
17;2025-12-26;0;130
17;2025-12-26;1;12
17;2025-12-26;2;0
17;2025-12-26;3;0
17;2025-12-26;4;24
17;2025-12-26;5;310
17;2025-12-26;6;1542
17;2025-12-26;7;4254
17;2025-12-26;8;5345
17;2025-12-26;9;3887
17;2025-12-26;10;3064
17;2025-12-26;11;3044
17;2025-12-26;12;3035
17;2025-12-26;13;3111
17;2025-12-26;14;3205
17;2025-12-26;15;3328
17;2025-12-26;16;3764
17;2025-12-26;17;4539
17;2025-12-26;18;4525
17;2025-12-26;19;3302
17;2025-12-26;20;2343
17;2025-12-26;21;1470
17;2025-12-26;22;723
17;2025-12-26;23;407
17;2025-12-27;0;213
17;2025-12-27;1;26
17;2025-12-27;2;0
17;2025-12-27;3;0
17;2025-12-27;4;6
17;2025-12-27;5;137
17;2025-12-27;6;611
17;2025-12-27;7;1322
17;2025-12-27;8;1860
17;2025-12-27;9;2349
17;2025-12-27;10;2577
17;2025-12-27;11;3042
17;2025-12-27;12;3345
17;2025-12-27;13;3621
17;2025-12-27;14;3600
17;2025-12-27;15;3559
17;2025-12-27;16;3628
17;2025-12-27;17;3259
17;2025-12-27;18;3036
17;2025-12-27;19;2410
17;2025-12-27;20;1928
17;2025-12-27;21;1399
17;2025-12-27;22;866
17;2025-12-27;23;474
17;2025-12-28;0;187
17;2025-12-28;1;24
17;2025-12-28;2;0
17;2025-12-28;3;0
17;2025-12-28;4;3
17;2025-12-28;5;113
17;2025-12-28;6;457
17;2025-12-28;7;888
17;2025-12-28;8;1248
17;2025-12-28;9;1681
17;2025-12-28;10;2003
17;2025-12-28;11;2544
17;2025-12-28;12;2912
17;2025-12-28;13;3191
17;2025-12-28;14;3257
17;2025-12-28;15;3141
17;2025-12-28;16;3152
17;2025-12-28;17;2992
17;2025-12-28;18;2626
17;2025-12-28;19;2144
17;2025-12-28;20;1599
17;2025-12-28;21;1136
17;2025-12-28;22;717
17;2025-12-28;23;342
17;2025-12-29;0;107
17;2025-12-29;1;10
17;2025-12-29;2;0
17;2025-12-29;3;0
17;2025-12-29;4;21
17;2025-12-29;5;263
17;2025-12-29;6;1325
17;2025-12-29;7;3660
17;2025-12-29;8;4602
17;2025-12-29;9;3344
17;2025-12-29;10;2643
17;2025-12-29;11;2621
17;2025-12-29;12;2611
17;2025-12-29;13;2663
17;2025-12-29;14;2737
17;2025-12-29;15;2808
17;2025-12-29;16;3153
17;2025-12-29;17;3867
17;2025-12-29;18;4008
17;2025-12-29;19;2862
17;2025-12-29;20;2011
17;2025-12-29;21;1231
17;2025-12-29;22;589
17;2025-12-29;23;325
17;2025-12-30;0;106
17;2025-12-30;1;10
17;2025-12-30;2;0
17;2025-12-30;3;0
17;2025-12-30;4;21
17;2025-12-30;5;267
17;2025-12-30;6;1322
17;2025-12-30;7;3656
17;2025-12-30;8;4599
17;2025-12-30;9;3342
17;2025-12-30;10;2643
17;2025-12-30;11;2622
17;2025-12-30;12;2623
17;2025-12-30;13;2681
17;2025-12-30;14;2765
17;2025-12-30;15;2834
17;2025-12-30;16;3185
17;2025-12-30;17;3901
17;2025-12-30;18;3999
17;2025-12-30;19;2857
17;2025-12-30;20;2010
17;2025-12-30;21;1240
17;2025-12-30;22;604
17;2025-12-30;23;332
17;2025-12-31;0;167
17;2025-12-31;1;23
17;2025-12-31;2;0
17;2025-12-31;3;0
17;2025-12-31;4;3
17;2025-12-31;5;105
17;2025-12-31;6;413
17;2025-12-31;7;792
17;2025-12-31;8;1104
17;2025-12-31;9;1465
17;2025-12-31;10;1731
17;2025-12-31;11;2200
17;2025-12-31;12;2501
17;2025-12-31;13;2728
17;2025-12-31;14;2824
17;2025-12-31;15;2688
17;2025-12-31;16;2705
17;2025-12-31;17;2582
17;2025-12-31;18;2254
17;2025-12-31;19;1823
17;2025-12-31;20;0
17;2025-12-31;21;0
17;2025-12-31;22;0
17;2025-12-31;23;0
25;2025-11-01;0;0
25;2025-11-01;1;0
25;2025-11-01;2;0
25;2025-11-01;3;0
25;2025-11-01;4;0
25;2025-11-01;5;19
25;2025-11-01;6;233
25;2025-11-01;7;464
25;2025-11-01;8;764
25;2025-11-01;9;408
25;2025-11-01;10;324
25;2025-11-01;11;374
25;2025-11-01;12;368
25;2025-11-01;13;463
25;2025-11-01;14;414
25;2025-11-01;15;512
25;2025-11-01;16;614
25;2025-11-01;17;657
25;2025-11-01;18;659
25;2025-11-01;19;513
25;2025-11-01;20;274
25;2025-11-01;21;182
25;2025-11-01;22;79
25;2025-11-01;23;4
25;2025-11-02;0;16
25;2025-11-02;1;0
25;2025-11-02;2;0
25;2025-11-02;3;0
25;2025-11-02;4;0
25;2025-11-02;5;11
25;2025-11-02;6;112
25;2025-11-02;7;108
25;2025-11-02;8;189
25;2025-11-02;9;228
25;2025-11-02;10;224
25;2025-11-02;11;325
25;2025-11-02;12;388
25;2025-11-02;13;508
25;2025-11-02;14;544
25;2025-11-02;15;655
25;2025-11-02;16;539
25;2025-11-02;17;540
25;2025-11-02;18;431
25;2025-11-02;19;320
25;2025-11-02;20;253
25;2025-11-02;21;152
25;2025-11-02;22;98
25;2025-11-02;23;35
25;2025-11-03;0;15
25;2025-11-03;1;0
25;2025-11-03;2;0
25;2025-11-03;3;0
25;2025-11-03;4;0
25;2025-11-03;5;10
25;2025-11-03;6;106
25;2025-11-03;7;99
25;2025-11-03;8;174
25;2025-11-03;9;212
25;2025-11-03;10;206
25;2025-11-03;11;302
25;2025-11-03;12;354
25;2025-11-03;13;465
25;2025-11-03;14;502
25;2025-11-03;15;603
25;2025-11-03;16;485
25;2025-11-03;17;492
25;2025-11-03;18;399
25;2025-11-03;19;305
25;2025-11-03;20;241
25;2025-11-03;21;145
25;2025-11-03;22;93
25;2025-11-03;23;33
25;2025-11-04;0;15
25;2025-11-04;1;0
25;2025-11-04;2;0
25;2025-11-04;3;0
25;2025-11-04;4;0
25;2025-11-04;5;9
25;2025-11-04;6;105
25;2025-11-04;7;98
25;2025-11-04;8;170
25;2025-11-04;9;206
25;2025-11-04;10;201
25;2025-11-04;11;297
25;2025-11-04;12;348
25;2025-11-04;13;459
25;2025-11-04;14;501
25;2025-11-04;15;603
25;2025-11-04;16;488
25;2025-11-04;17;493
25;2025-11-04;18;399
25;2025-11-04;19;304
25;2025-11-04;20;240
25;2025-11-04;21;145
25;2025-11-04;22;94
25;2025-11-04;23;33
25;2025-11-05;0;0
25;2025-11-05;1;0
25;2025-11-05;2;0
25;2025-11-05;3;0
25;2025-11-05;4;0
25;2025-11-05;5;19
25;2025-11-05;6;271
25;2025-11-05;7;540
25;2025-11-05;8;884
25;2025-11-05;9;467
25;2025-11-05;10;365
25;2025-11-05;11;425
25;2025-11-05;12;419
25;2025-11-05;13;527
25;2025-11-05;14;468
25;2025-11-05;15;589
25;2025-11-05;16;698
25;2025-11-05;17;754
25;2025-11-05;18;763
25;2025-11-05;19;610
25;2025-11-05;20;329
25;2025-11-05;21;217
25;2025-11-05;22;94
25;2025-11-05;23;6
25;2025-11-06;0;0
25;2025-11-06;1;0
25;2025-11-06;2;0
25;2025-11-06;3;0
25;2025-11-06;4;0
25;2025-11-06;5;22
25;2025-11-06;6;273
25;2025-11-06;7;543
25;2025-11-06;8;889
25;2025-11-06;9;471
25;2025-11-06;10;370
25;2025-11-06;11;429
25;2025-11-06;12;419
25;2025-11-06;13;526
25;2025-11-06;14;474
25;2025-11-06;15;591
25;2025-11-06;16;700
25;2025-11-06;17;751
25;2025-11-06;18;762
25;2025-11-06;19;610
25;2025-11-06;20;325
25;2025-11-06;21;215
25;2025-11-06;22;94
25;2025-11-06;23;7
25;2025-11-07;0;0
25;2025-11-07;1;0
25;2025-11-07;2;0
25;2025-11-07;3;0
25;2025-11-07;4;0
25;2025-11-07;5;22
25;2025-11-07;6;271
25;2025-11-07;7;543
25;2025-11-07;8;880
25;2025-11-07;9;465
25;2025-11-07;10;365
25;2025-11-07;11;429
25;2025-11-07;12;423
25;2025-11-07;13;532
25;2025-11-07;14;476
25;2025-11-07;15;596
25;2025-11-07;16;710
25;2025-11-07;17;749
25;2025-11-07;18;747
25;2025-11-07;19;599
25;2025-11-07;20;326
25;2025-11-07;21;219
25;2025-11-07;22;96
25;2025-11-07;23;7
25;2025-11-08;0;0
25;2025-11-08;1;0
25;2025-11-08;2;0
25;2025-11-08;3;0
25;2025-11-08;4;0
25;2025-11-08;5;22
25;2025-11-08;6;138
25;2025-11-08;7;138
25;2025-11-08;8;322
25;2025-11-08;9;296
25;2025-11-08;10;296
25;2025-11-08;11;405
25;2025-11-08;12;380
25;2025-11-08;13;625
25;2025-11-08;14;656
25;2025-11-08;15;713
25;2025-11-08;16;625
25;2025-11-08;17;538
25;2025-11-08;18;534
25;2025-11-08;19;464
25;2025-11-08;20;260
25;2025-11-08;21;203
25;2025-11-08;22;119
25;2025-11-08;23;51
25;2025-11-09;0;16
25;2025-11-09;1;0
25;2025-11-09;2;0
25;2025-11-09;3;0
25;2025-11-09;4;0
25;2025-11-09;5;11
25;2025-11-09;6;112
25;2025-11-09;7;106
25;2025-11-09;8;186
25;2025-11-09;9;226
25;2025-11-09;10;220
25;2025-11-09;11;323
25;2025-11-09;12;382
25;2025-11-09;13;504
25;2025-11-09;14;543
25;2025-11-09;15;654
25;2025-11-09;16;527
25;2025-11-09;17;531
25;2025-11-09;18;428
25;2025-11-09;19;323
25;2025-11-09;20;257
25;2025-11-09;21;155
25;2025-11-09;22;100
25;2025-11-09;23;35
25;2025-11-10;0;0
25;2025-11-10;1;0
25;2025-11-10;2;0
25;2025-11-10;3;0
25;2025-11-10;4;0
25;2025-11-10;5;22
25;2025-11-10;6;273
25;2025-11-10;7;542
25;2025-11-10;8;888
25;2025-11-10;9;471
25;2025-11-10;10;367
25;2025-11-10;11;426
25;2025-11-10;12;419
25;2025-11-10;13;531
25;2025-11-10;14;472
25;2025-11-10;15;590
25;2025-11-10;16;698
25;2025-11-10;17;751
25;2025-11-10;18;759
25;2025-11-10;19;608
25;2025-11-10;20;330
25;2025-11-10;21;218
25;2025-11-10;22;94
25;2025-11-10;23;7
25;2025-11-11;0;0
25;2025-11-11;1;0
25;2025-11-11;2;0
25;2025-11-11;3;0
25;2025-11-11;4;0
25;2025-11-11;5;22
25;2025-11-11;6;273
25;2025-11-11;7;544
25;2025-11-11;8;894
25;2025-11-11;9;470
25;2025-11-11;10;369
25;2025-11-11;11;430
25;2025-11-11;12;421
25;2025-11-11;13;529
25;2025-11-11;14;474
25;2025-11-11;15;593
25;2025-11-11;16;706
25;2025-11-11;17;755
25;2025-11-11;18;766
25;2025-11-11;19;609
25;2025-11-11;20;331
25;2025-11-11;21;217
25;2025-11-11;22;95
25;2025-11-11;23;7
25;2025-11-12;0;0
25;2025-11-12;1;0
25;2025-11-12;2;0
25;2025-11-12;3;0
25;2025-11-12;4;0
25;2025-11-12;5;22
25;2025-11-12;6;274
25;2025-11-12;7;546
25;2025-11-12;8;892
25;2025-11-12;9;473
25;2025-11-12;10;371
25;2025-11-12;11;431
25;2025-11-12;12;423
25;2025-11-12;13;530
25;2025-11-12;14;469
25;2025-11-12;15;592
25;2025-11-12;16;702
25;2025-11-12;17;757
25;2025-11-12;18;768
25;2025-11-12;19;613
25;2025-11-12;20;330
25;2025-11-12;21;220
25;2025-11-12;22;96
25;2025-11-12;23;6
25;2025-11-13;0;0
25;2025-11-13;1;0
25;2025-11-13;2;0
25;2025-11-13;3;0
25;2025-11-13;4;0
25;2025-11-13;5;22
25;2025-11-13;6;274
25;2025-11-13;7;545
25;2025-11-13;8;891
25;2025-11-13;9;473
25;2025-11-13;10;372
25;2025-11-13;11;433
25;2025-11-13;12;424
25;2025-11-13;13;532
25;2025-11-13;14;477
25;2025-11-13;15;597
25;2025-11-13;16;705
25;2025-11-13;17;757
25;2025-11-13;18;768
25;2025-11-13;19;612
25;2025-11-13;20;330
25;2025-11-13;21;218
25;2025-11-13;22;95
25;2025-11-13;23;6
25;2025-11-14;0;0
25;2025-11-14;1;0
25;2025-11-14;2;0
25;2025-11-14;3;0
25;2025-11-14;4;0
25;2025-11-14;5;22
25;2025-11-14;6;272
25;2025-11-14;7;544
25;2025-11-14;8;881
25;2025-11-14;9;468
25;2025-11-14;10;369
25;2025-11-14;11;432
25;2025-11-14;12;424
25;2025-11-14;13;533
25;2025-11-14;14;477
25;2025-11-14;15;596
25;2025-11-14;16;710
25;2025-11-14;17;749
25;2025-11-14;18;749
25;2025-11-14;19;600
25;2025-11-14;20;326
25;2025-11-14;21;217
25;2025-11-14;22;95
25;2025-11-14;23;6
25;2025-11-15;0;0
25;2025-11-15;1;0
25;2025-11-15;2;0
25;2025-11-15;3;0
25;2025-11-15;4;0
25;2025-11-15;5;20
25;2025-11-15;6;137
25;2025-11-15;7;137
25;2025-11-15;8;317
25;2025-11-15;9;292
25;2025-11-15;10;288
25;2025-11-15;11;392
25;2025-11-15;12;368
25;2025-11-15;13;608
25;2025-11-15;14;641
25;2025-11-15;15;700
25;2025-11-15;16;618
25;2025-11-15;17;528
25;2025-11-15;18;527
25;2025-11-15;19;457
25;2025-11-15;20;258
25;2025-11-15;21;201
25;2025-11-15;22;118
25;2025-11-15;23;50
25;2025-11-16;0;16
25;2025-11-16;1;0
25;2025-11-16;2;0
25;2025-11-16;3;0
25;2025-11-16;4;0
25;2025-11-16;5;10
25;2025-11-16;6;112
25;2025-11-16;7;106
25;2025-11-16;8;186
25;2025-11-16;9;225
25;2025-11-16;10;220
25;2025-11-16;11;324
25;2025-11-16;12;384
25;2025-11-16;13;506
25;2025-11-16;14;545
25;2025-11-16;15;657
25;2025-11-16;16;530
25;2025-11-16;17;533
25;2025-11-16;18;428
25;2025-11-16;19;324
25;2025-11-16;20;257
25;2025-11-16;21;155
25;2025-11-16;22;100
25;2025-11-16;23;35
25;2025-11-17;0;0
25;2025-11-17;1;0
25;2025-11-17;2;0
25;2025-11-17;3;0
25;2025-11-17;4;0
25;2025-11-17;5;20
25;2025-11-17;6;273
25;2025-11-17;7;544
25;2025-11-17;8;886
25;2025-11-17;9;471
25;2025-11-17;10;365
25;2025-11-17;11;423
25;2025-11-17;12;415
25;2025-11-17;13;523
25;2025-11-17;14;462
25;2025-11-17;15;582
25;2025-11-17;16;690
25;2025-11-17;17;744
25;2025-11-17;18;755
25;2025-11-17;19;604
25;2025-11-17;20;327
25;2025-11-17;21;215
25;2025-11-17;22;91
25;2025-11-17;23;6
25;2025-11-18;0;0
25;2025-11-18;1;0
25;2025-11-18;2;0
25;2025-11-18;3;0
25;2025-11-18;4;0
25;2025-11-18;5;22
25;2025-11-18;6;271
25;2025-11-18;7;539
25;2025-11-18;8;888
25;2025-11-18;9;466
25;2025-11-18;10;363
25;2025-11-18;11;420
25;2025-11-18;12;413
25;2025-11-18;13;518
25;2025-11-18;14;463
25;2025-11-18;15;584
25;2025-11-18;16;696
25;2025-11-18;17;748
25;2025-11-18;18;759
25;2025-11-18;19;604
25;2025-11-18;20;327
25;2025-11-18;21;214
25;2025-11-18;22;92
25;2025-11-18;23;5
25;2025-11-19;0;0
25;2025-11-19;1;0
25;2025-11-19;2;0
25;2025-11-19;3;0
25;2025-11-19;4;0
25;2025-11-19;5;22
25;2025-11-19;6;274
25;2025-11-19;7;544
25;2025-11-19;8;893
25;2025-11-19;9;473
25;2025-11-19;10;371
25;2025-11-19;11;433
25;2025-11-19;12;426
25;2025-11-19;13;536
25;2025-11-19;14;475
25;2025-11-19;15;595
25;2025-11-19;16;706
25;2025-11-19;17;761
25;2025-11-19;18;771
25;2025-11-19;19;615
25;2025-11-19;20;332
25;2025-11-19;21;220
25;2025-11-19;22;97
25;2025-11-19;23;6
25;2025-11-20;0;0
25;2025-11-20;1;0
25;2025-11-20;2;0
25;2025-11-20;3;0
25;2025-11-20;4;0
25;2025-11-20;5;22
25;2025-11-20;6;275
25;2025-11-20;7;547
25;2025-11-20;8;894
25;2025-11-20;9;474
25;2025-11-20;10;373
25;2025-11-20;11;435
25;2025-11-20;12;426
25;2025-11-20;13;535
25;2025-11-20;14;480
25;2025-11-20;15;599
25;2025-11-20;16;709
25;2025-11-20;17;759
25;2025-11-20;18;770
25;2025-11-20;19;614
25;2025-11-20;20;331
25;2025-11-20;21;219
25;2025-11-20;22;97
25;2025-11-20;23;7
25;2025-11-21;0;0
25;2025-11-21;1;0
25;2025-11-21;2;0
25;2025-11-21;3;0
25;2025-11-21;4;0
25;2025-11-21;5;22
25;2025-11-21;6;271
25;2025-11-21;7;543
25;2025-11-21;8;882
25;2025-11-21;9;469
25;2025-11-21;10;369
25;2025-11-21;11;433
25;2025-11-21;12;425
25;2025-11-21;13;533
25;2025-11-21;14;477
25;2025-11-21;15;598
25;2025-11-21;16;711
25;2025-11-21;17;750
25;2025-11-21;18;749
25;2025-11-21;19;601
25;2025-11-21;20;327
25;2025-11-21;21;220
25;2025-11-21;22;96
25;2025-11-21;23;7
25;2025-11-22;0;0
25;2025-11-22;1;0
25;2025-11-22;2;0
25;2025-11-22;3;0
25;2025-11-22;4;0
25;2025-11-22;5;22
25;2025-11-22;6;138
25;2025-11-22;7;137
25;2025-11-22;8;318
25;2025-11-22;9;292
25;2025-11-22;10;291
25;2025-11-22;11;398
25;2025-11-22;12;377
25;2025-11-22;13;619
25;2025-11-22;14;650
25;2025-11-22;15;709
25;2025-11-22;16;622
25;2025-11-22;17;535
25;2025-11-22;18;533
25;2025-11-22;19;463
25;2025-11-22;20;259
25;2025-11-22;21;201
25;2025-11-22;22;117
25;2025-11-22;23;49
25;2025-11-23;0;15
25;2025-11-23;1;0
25;2025-11-23;2;0
25;2025-11-23;3;0
25;2025-11-23;4;0
25;2025-11-23;5;10
25;2025-11-23;6;111
25;2025-11-23;7;106
25;2025-11-23;8;186
25;2025-11-23;9;225
25;2025-11-23;10;220
25;2025-11-23;11;324
25;2025-11-23;12;383
25;2025-11-23;13;505
25;2025-11-23;14;543
25;2025-11-23;15;654
25;2025-11-23;16;527
25;2025-11-23;17;531
25;2025-11-23;18;427
25;2025-11-23;19;323
25;2025-11-23;20;256
25;2025-11-23;21;155
25;2025-11-23;22;100
25;2025-11-23;23;35
25;2025-11-24;0;0
25;2025-11-24;1;0
25;2025-11-24;2;0
25;2025-11-24;3;0
25;2025-11-24;4;0
25;2025-11-24;5;21
25;2025-11-24;6;269
25;2025-11-24;7;536
25;2025-11-24;8;880
25;2025-11-24;9;465
25;2025-11-24;10;360
25;2025-11-24;11;416
25;2025-11-24;12;409
25;2025-11-24;13;518
25;2025-11-24;14;459
25;2025-11-24;15;579
25;2025-11-24;16;685
25;2025-11-24;17;741
25;2025-11-24;18;752
25;2025-11-24;19;603
25;2025-11-24;20;326
25;2025-11-24;21;212
25;2025-11-24;22;89
25;2025-11-24;23;5
25;2025-11-25;0;0
25;2025-11-25;1;0
25;2025-11-25;2;0
25;2025-11-25;3;0
25;2025-11-25;4;0
25;2025-11-25;5;20
25;2025-11-25;6;273
25;2025-11-25;7;544
25;2025-11-25;8;896
25;2025-11-25;9;471
25;2025-11-25;10;370
25;2025-11-25;11;431
25;2025-11-25;12;423
25;2025-11-25;13;531
25;2025-11-25;14;476
25;2025-11-25;15;595
25;2025-11-25;16;708
25;2025-11-25;17;756
25;2025-11-25;18;767
25;2025-11-25;19;610
25;2025-11-25;20;331
25;2025-11-25;21;219
25;2025-11-25;22;95
25;2025-11-25;23;7
25;2025-11-26;0;0
25;2025-11-26;1;0
25;2025-11-26;2;0
25;2025-11-26;3;0
25;2025-11-26;4;0
25;2025-11-26;5;22
25;2025-11-26;6;273
25;2025-11-26;7;543
25;2025-11-26;8;890
25;2025-11-26;9;471
25;2025-11-26;10;368
25;2025-11-26;11;429
25;2025-11-26;12;422
25;2025-11-26;13;528
25;2025-11-26;14;468
25;2025-11-26;15;591
25;2025-11-26;16;699
25;2025-11-26;17;753
25;2025-11-26;18;765
25;2025-11-26;19;610
25;2025-11-26;20;329
25;2025-11-26;21;218
25;2025-11-26;22;94
25;2025-11-26;23;6
25;2025-11-27;0;0
25;2025-11-27;1;0
25;2025-11-27;2;0
25;2025-11-27;3;0
25;2025-11-27;4;0
25;2025-11-27;5;23
25;2025-11-27;6;274
25;2025-11-27;7;545
25;2025-11-27;8;892
25;2025-11-27;9;474
25;2025-11-27;10;373
25;2025-11-27;11;433
25;2025-11-27;12;422
25;2025-11-27;13;529
25;2025-11-27;14;473
25;2025-11-27;15;593
25;2025-11-27;16;702
25;2025-11-27;17;753
25;2025-11-27;18;763
25;2025-11-27;19;607
25;2025-11-27;20;326
25;2025-11-27;21;216
25;2025-11-27;22;92
25;2025-11-27;23;6
25;2025-11-28;0;0
25;2025-11-28;1;0
25;2025-11-28;2;0
25;2025-11-28;3;0
25;2025-11-28;4;0
25;2025-11-28;5;23
25;2025-11-28;6;272
25;2025-11-28;7;542
25;2025-11-28;8;880
25;2025-11-28;9;470
25;2025-11-28;10;368
25;2025-11-28;11;432
25;2025-11-28;12;424
25;2025-11-28;13;532
25;2025-11-28;14;476
25;2025-11-28;15;598
25;2025-11-28;16;710
25;2025-11-28;17;750
25;2025-11-28;18;749
25;2025-11-28;19;601
25;2025-11-28;20;326
25;2025-11-28;21;218
25;2025-11-28;22;95
25;2025-11-28;23;6
25;2025-11-29;0;0
25;2025-11-29;1;0
25;2025-11-29;2;0
25;2025-11-29;3;0
25;2025-11-29;4;0
25;2025-11-29;5;21
25;2025-11-29;6;139
25;2025-11-29;7;139
25;2025-11-29;8;325
25;2025-11-29;9;298
25;2025-11-29;10;298
25;2025-11-29;11;406
25;2025-11-29;12;384
25;2025-11-29;13;629
25;2025-11-29;14;657
25;2025-11-29;15;716
25;2025-11-29;16;627
25;2025-11-29;17;540
25;2025-11-29;18;537
25;2025-11-29;19;466
25;2025-11-29;20;261
25;2025-11-29;21;204
25;2025-11-29;22;119
25;2025-11-29;23;51
25;2025-11-30;0;16
25;2025-11-30;1;0
25;2025-11-30;2;0
25;2025-11-30;3;0
25;2025-11-30;4;0
25;2025-11-30;5;11
25;2025-11-30;6;112
25;2025-11-30;7;106
25;2025-11-30;8;186
25;2025-11-30;9;225
25;2025-11-30;10;220
25;2025-11-30;11;324
25;2025-11-30;12;383
25;2025-11-30;13;504
25;2025-11-30;14;544
25;2025-11-30;15;654
25;2025-11-30;16;527
25;2025-11-30;17;531
25;2025-11-30;18;427
25;2025-11-30;19;323
25;2025-11-30;20;256
25;2025-11-30;21;154
25;2025-11-30;22;100
25;2025-11-30;23;35
25;2025-12-01;0;0
25;2025-12-01;1;0
25;2025-12-01;2;0
25;2025-12-01;3;0
25;2025-12-01;4;0
25;2025-12-01;5;21
25;2025-12-01;6;281
25;2025-12-01;7;562
25;2025-12-01;8;920
25;2025-12-01;9;491
25;2025-12-01;10;381
25;2025-12-01;11;443
25;2025-12-01;12;433
25;2025-12-01;13;551
25;2025-12-01;14;492
25;2025-12-01;15;611
25;2025-12-01;16;716
25;2025-12-01;17;778
25;2025-12-01;18;787
25;2025-12-01;19;630
25;2025-12-01;20;340
25;2025-12-01;21;228
25;2025-12-01;22;98
25;2025-12-01;23;7
25;2025-12-02;0;0
25;2025-12-02;1;0
25;2025-12-02;2;0
25;2025-12-02;3;0
25;2025-12-02;4;0
25;2025-12-02;5;25
25;2025-12-02;6;284
25;2025-12-02;7;564
25;2025-12-02;8;931
25;2025-12-02;9;491
25;2025-12-02;10;388
25;2025-12-02;11;453
25;2025-12-02;12;440
25;2025-12-02;13;552
25;2025-12-02;14;500
25;2025-12-02;15;618
25;2025-12-02;16;730
25;2025-12-02;17;785
25;2025-12-02;18;798
25;2025-12-02;19;632
25;2025-12-02;20;343
25;2025-12-02;21;230
25;2025-12-02;22;100
25;2025-12-02;23;7
25;2025-12-03;0;0
25;2025-12-03;1;0
25;2025-12-03;2;0
25;2025-12-03;3;0
25;2025-12-03;4;0
25;2025-12-03;5;25
25;2025-12-03;6;286
25;2025-12-03;7;567
25;2025-12-03;8;928
25;2025-12-03;9;496
25;2025-12-03;10;392
25;2025-12-03;11;458
25;2025-12-03;12;448
25;2025-12-03;13;561
25;2025-12-03;14;499
25;2025-12-03;15;619
25;2025-12-03;16;729
25;2025-12-03;17;793
25;2025-12-03;18;804
25;2025-12-03;19;639
25;2025-12-03;20;345
25;2025-12-03;21;234
25;2025-12-03;22;103
25;2025-12-03;23;7
25;2025-12-04;0;0
25;2025-12-04;1;0
25;2025-12-04;2;0
25;2025-12-04;3;0
25;2025-12-04;4;0
25;2025-12-04;5;25
25;2025-12-04;6;286
25;2025-12-04;7;567
25;2025-12-04;8;928
25;2025-12-04;9;495
25;2025-12-04;10;393
25;2025-12-04;11;459
25;2025-12-04;12;445
25;2025-12-04;13;557
25;2025-12-04;14;504
25;2025-12-04;15;624
25;2025-12-04;16;730
25;2025-12-04;17;787
25;2025-12-04;18;801
25;2025-12-04;19;637
25;2025-12-04;20;342
25;2025-12-04;21;231
25;2025-12-04;22;102
25;2025-12-04;23;7
25;2025-12-05;0;0
25;2025-12-05;1;0
25;2025-12-05;2;0
25;2025-12-05;3;0
25;2025-12-05;4;0
25;2025-12-05;5;21
25;2025-12-05;6;283
25;2025-12-05;7;567
25;2025-12-05;8;914
25;2025-12-05;9;489
25;2025-12-05;10;387
25;2025-12-05;11;458
25;2025-12-05;12;446
25;2025-12-05;13;559
25;2025-12-05;14;504
25;2025-12-05;15;625
25;2025-12-05;16;738
25;2025-12-05;17;777
25;2025-12-05;18;774
25;2025-12-05;19;620
25;2025-12-05;20;337
25;2025-12-05;21;232
25;2025-12-05;22;103
25;2025-12-05;23;8
25;2025-12-06;0;0
25;2025-12-06;1;0
25;2025-12-06;2;0
25;2025-12-06;3;0
25;2025-12-06;4;0
25;2025-12-06;5;24
25;2025-12-06;6;144
25;2025-12-06;7;145
25;2025-12-06;8;339
25;2025-12-06;9;312
25;2025-12-06;10;311
25;2025-12-06;11;424
25;2025-12-06;12;402
25;2025-12-06;13;655
25;2025-12-06;14;679
25;2025-12-06;15;743
25;2025-12-06;16;655
25;2025-12-06;17;564
25;2025-12-06;18;558
25;2025-12-06;19;486
25;2025-12-06;20;275
25;2025-12-06;21;214
25;2025-12-06;22;124
25;2025-12-06;23;53
25;2025-12-07;0;17
25;2025-12-07;1;0
25;2025-12-07;2;0
25;2025-12-07;3;0
25;2025-12-07;4;0
25;2025-12-07;5;11
25;2025-12-07;6;116
25;2025-12-07;7;110
25;2025-12-07;8;194
25;2025-12-07;9;235
25;2025-12-07;10;229
25;2025-12-07;11;335
25;2025-12-07;12;397
25;2025-12-07;13;522
25;2025-12-07;14;564
25;2025-12-07;15;675
25;2025-12-07;16;549
25;2025-12-07;17;552
25;2025-12-07;18;446
25;2025-12-07;19;336
25;2025-12-07;20;267
25;2025-12-07;21;160
25;2025-12-07;22;104
25;2025-12-07;23;37
25;2025-12-08;0;0
25;2025-12-08;1;0
25;2025-12-08;2;0
25;2025-12-08;3;0
25;2025-12-08;4;0
25;2025-12-08;5;25
25;2025-12-08;6;283
25;2025-12-08;7;562
25;2025-12-08;8;921
25;2025-12-08;9;492
25;2025-12-08;10;384
25;2025-12-08;11;445
25;2025-12-08;12;436
25;2025-12-08;13;554
25;2025-12-08;14;495
25;2025-12-08;15;613
25;2025-12-08;16;718
25;2025-12-08;17;780
25;2025-12-08;18;789
25;2025-12-08;19;631
25;2025-12-08;20;342
25;2025-12-08;21;229
25;2025-12-08;22;99
25;2025-12-08;23;8
25;2025-12-09;0;0
25;2025-12-09;1;0
25;2025-12-09;2;0
25;2025-12-09;3;0
25;2025-12-09;4;0
25;2025-12-09;5;25
25;2025-12-09;6;285
25;2025-12-09;7;564
25;2025-12-09;8;934
25;2025-12-09;9;494
25;2025-12-09;10;391
25;2025-12-09;11;454
25;2025-12-09;12;442
25;2025-12-09;13;553
25;2025-12-09;14;500
25;2025-12-09;15;620
25;2025-12-09;16;733
25;2025-12-09;17;785
25;2025-12-09;18;798
25;2025-12-09;19;634
25;2025-12-09;20;343
25;2025-12-09;21;231
25;2025-12-09;22;100
25;2025-12-09;23;7
25;2025-12-10;0;0
25;2025-12-10;1;0
25;2025-12-10;2;0
25;2025-12-10;3;0
25;2025-12-10;4;0
25;2025-12-10;5;22
25;2025-12-10;6;285
25;2025-12-10;7;566
25;2025-12-10;8;929
25;2025-12-10;9;493
25;2025-12-10;10;391
25;2025-12-10;11;459
25;2025-12-10;12;448
25;2025-12-10;13;561
25;2025-12-10;14;498
25;2025-12-10;15;620
25;2025-12-10;16;728
25;2025-12-10;17;792
25;2025-12-10;18;804
25;2025-12-10;19;639
25;2025-12-10;20;345
25;2025-12-10;21;234
25;2025-12-10;22;101
25;2025-12-10;23;7
25;2025-12-11;0;0
25;2025-12-11;1;0
25;2025-12-11;2;0
25;2025-12-11;3;0
25;2025-12-11;4;0
25;2025-12-11;5;25
25;2025-12-11;6;286
25;2025-12-11;7;565
25;2025-12-11;8;923
25;2025-12-11;9;491
25;2025-12-11;10;389
25;2025-12-11;11;455
25;2025-12-11;12;440
25;2025-12-11;13;552
25;2025-12-11;14;501
25;2025-12-11;15;623
25;2025-12-11;16;728
25;2025-12-11;17;785
25;2025-12-11;18;796
25;2025-12-11;19;629
25;2025-12-11;20;337
25;2025-12-11;21;228
25;2025-12-11;22;100
25;2025-12-11;23;8
25;2025-12-12;0;0
25;2025-12-12;1;0
25;2025-12-12;2;0
25;2025-12-12;3;0
25;2025-12-12;4;0
25;2025-12-12;5;25
25;2025-12-12;6;283
25;2025-12-12;7;564
25;2025-12-12;8;913
25;2025-12-12;9;490
25;2025-12-12;10;387
25;2025-12-12;11;459
25;2025-12-12;12;443
25;2025-12-12;13;553
25;2025-12-12;14;497
25;2025-12-12;15;614
25;2025-12-12;16;728
25;2025-12-12;17;768
25;2025-12-12;18;766
25;2025-12-12;19;615
25;2025-12-12;20;336
25;2025-12-12;21;227
25;2025-12-12;22;101
25;2025-12-12;23;6
25;2025-12-13;0;0
25;2025-12-13;1;0
25;2025-12-13;2;0
25;2025-12-13;3;0
25;2025-12-13;4;0
25;2025-12-13;5;23
25;2025-12-13;6;143
25;2025-12-13;7;142
25;2025-12-13;8;334
25;2025-12-13;9;307
25;2025-12-13;10;309
25;2025-12-13;11;420
25;2025-12-13;12;398
25;2025-12-13;13;628
25;2025-12-13;14;545
25;2025-12-13;15;736
25;2025-12-13;16;650
25;2025-12-13;17;559
25;2025-12-13;18;554
25;2025-12-13;19;481
25;2025-12-13;20;270
25;2025-12-13;21;209
25;2025-12-13;22;122
25;2025-12-13;23;52
25;2025-12-14;0;16
25;2025-12-14;1;0
25;2025-12-14;2;0
25;2025-12-14;3;0
25;2025-12-14;4;0
25;2025-12-14;5;11
25;2025-12-14;6;116
25;2025-12-14;7;110
25;2025-12-14;8;193
25;2025-12-14;9;233
25;2025-12-14;10;227
25;2025-12-14;11;334
25;2025-12-14;12;394
25;2025-12-14;13;518
25;2025-12-14;14;560
25;2025-12-14;15;670
25;2025-12-14;16;547
25;2025-12-14;17;551
25;2025-12-14;18;444
25;2025-12-14;19;334
25;2025-12-14;20;266
25;2025-12-14;21;159
25;2025-12-14;22;103
25;2025-12-14;23;36
25;2025-12-15;0;0
25;2025-12-15;1;0
25;2025-12-15;2;0
25;2025-12-15;3;0
25;2025-12-15;4;0
25;2025-12-15;5;21
25;2025-12-15;6;283
25;2025-12-15;7;563
25;2025-12-15;8;922
25;2025-12-15;9;493
25;2025-12-15;10;385
25;2025-12-15;11;445
25;2025-12-15;12;435
25;2025-12-15;13;553
25;2025-12-15;14;493
25;2025-12-15;15;612
25;2025-12-15;16;718
25;2025-12-15;17;779
25;2025-12-15;18;787
25;2025-12-15;19;629
25;2025-12-15;20;341
25;2025-12-15;21;228
25;2025-12-15;22;98
25;2025-12-15;23;7
25;2025-12-16;0;0
25;2025-12-16;1;0
25;2025-12-16;2;0
25;2025-12-16;3;0
25;2025-12-16;4;0
25;2025-12-16;5;25
25;2025-12-16;6;285
25;2025-12-16;7;566
25;2025-12-16;8;933
25;2025-12-16;9;494
25;2025-12-16;10;391
25;2025-12-16;11;453
25;2025-12-16;12;440
25;2025-12-16;13;547
25;2025-12-16;14;494
25;2025-12-16;15;613
25;2025-12-16;16;728
25;2025-12-16;17;784
25;2025-12-16;18;798
25;2025-12-16;19;631
25;2025-12-16;20;343
25;2025-12-16;21;231
25;2025-12-16;22;100
25;2025-12-16;23;7
25;2025-12-17;0;0
25;2025-12-17;1;0
25;2025-12-17;2;0
25;2025-12-17;3;0
25;2025-12-17;4;0
25;2025-12-17;5;25
25;2025-12-17;6;285
25;2025-12-17;7;565
25;2025-12-17;8;930
25;2025-12-17;9;497
25;2025-12-17;10;392
25;2025-12-17;11;459
25;2025-12-17;12;448
25;2025-12-17;13;561
25;2025-12-17;14;501
25;2025-12-17;15;622
25;2025-12-17;16;733
25;2025-12-17;17;795
25;2025-12-17;18;807
25;2025-12-17;19;641
25;2025-12-17;20;347
25;2025-12-17;21;235
25;2025-12-17;22;103
25;2025-12-17;23;8
25;2025-12-18;0;0
25;2025-12-18;1;0
25;2025-12-18;2;0
25;2025-12-18;3;0
25;2025-12-18;4;0
25;2025-12-18;5;26
25;2025-12-18;6;287
25;2025-12-18;7;567
25;2025-12-18;8;930
25;2025-12-18;9;498
25;2025-12-18;10;396
25;2025-12-18;11;460
25;2025-12-18;12;447
25;2025-12-18;13;561
25;2025-12-18;14;508
25;2025-12-18;15;626
25;2025-12-18;16;734
25;2025-12-18;17;790
25;2025-12-18;18;804
25;2025-12-18;19;640
25;2025-12-18;20;343
25;2025-12-18;21;232
25;2025-12-18;22;103
25;2025-12-18;23;8
25;2025-12-19;0;0
25;2025-12-19;1;0
25;2025-12-19;2;0
25;2025-12-19;3;0
25;2025-12-19;4;0
25;2025-12-19;5;25
25;2025-12-19;6;284
25;2025-12-19;7;566
25;2025-12-19;8;917
25;2025-12-19;9;492
25;2025-12-19;10;390
25;2025-12-19;11;460
25;2025-12-19;12;448
25;2025-12-19;13;562
25;2025-12-19;14;507
25;2025-12-19;15;627
25;2025-12-19;16;743
25;2025-12-19;17;779
25;2025-12-19;18;775
25;2025-12-19;19;620
25;2025-12-19;20;337
25;2025-12-19;21;232
25;2025-12-19;22;103
25;2025-12-19;23;8
25;2025-12-20;0;0
25;2025-12-20;1;0
25;2025-12-20;2;0
25;2025-12-20;3;0
25;2025-12-20;4;0
25;2025-12-20;5;24
25;2025-12-20;6;145
25;2025-12-20;7;144
25;2025-12-20;8;340
25;2025-12-20;9;312
25;2025-12-20;10;311
25;2025-12-20;11;424
25;2025-12-20;12;403
25;2025-12-20;13;653
25;2025-12-20;14;677
25;2025-12-20;15;742
25;2025-12-20;16;654
25;2025-12-20;17;565
25;2025-12-20;18;560
25;2025-12-20;19;486
25;2025-12-20;20;275
25;2025-12-20;21;214
25;2025-12-20;22;125
25;2025-12-20;23;53
25;2025-12-21;0;17
25;2025-12-21;1;0
25;2025-12-21;2;0
25;2025-12-21;3;0
25;2025-12-21;4;0
25;2025-12-21;5;12
25;2025-12-21;6;115
25;2025-12-21;7;109
25;2025-12-21;8;192
25;2025-12-21;9;233
25;2025-12-21;10;228
25;2025-12-21;11;334
25;2025-12-21;12;395
25;2025-12-21;13;520
25;2025-12-21;14;562
25;2025-12-21;15;672
25;2025-12-21;16;545
25;2025-12-21;17;549
25;2025-12-21;18;444
25;2025-12-21;19;334
25;2025-12-21;20;266
25;2025-12-21;21;159
25;2025-12-21;22;102
25;2025-12-21;23;36
25;2025-12-22;0;0
25;2025-12-22;1;0
25;2025-12-22;2;0
25;2025-12-22;3;0
25;2025-12-22;4;0
25;2025-12-22;5;25
25;2025-12-22;6;282
25;2025-12-22;7;559
25;2025-12-22;8;916
25;2025-12-22;9;489
25;2025-12-22;10;380
25;2025-12-22;11;440
25;2025-12-22;12;430
25;2025-12-22;13;547
25;2025-12-22;14;489
25;2025-12-22;15;607
25;2025-12-22;16;711
25;2025-12-22;17;772
25;2025-12-22;18;781
25;2025-12-22;19;625
25;2025-12-22;20;337
25;2025-12-22;21;225
25;2025-12-22;22;96
25;2025-12-22;23;5
25;2025-12-23;0;0
25;2025-12-23;1;0
25;2025-12-23;2;0
25;2025-12-23;3;0
25;2025-12-23;4;0
25;2025-12-23;5;20
25;2025-12-23;6;282
25;2025-12-23;7;561
25;2025-12-23;8;929
25;2025-12-23;9;492
25;2025-12-23;10;391
25;2025-12-23;11;455
25;2025-12-23;12;443
25;2025-12-23;13;554
25;2025-12-23;14;501
25;2025-12-23;15;620
25;2025-12-23;16;733
25;2025-12-23;17;786
25;2025-12-23;18;798
25;2025-12-23;19;632
25;2025-12-23;20;344
25;2025-12-23;21;229
25;2025-12-23;22;99
25;2025-12-23;23;7
25;2025-12-24;0;0
25;2025-12-24;1;0
25;2025-12-24;2;0
25;2025-12-24;3;0
25;2025-12-24;4;0
25;2025-12-24;5;22
25;2025-12-24;6;285
25;2025-12-24;7;566
25;2025-12-24;8;927
25;2025-12-24;9;497
25;2025-12-24;10;395
25;2025-12-24;11;461
25;2025-12-24;12;448
25;2025-12-24;13;557
25;2025-12-24;14;495
25;2025-12-24;15;616
25;2025-12-24;16;728
25;2025-12-24;17;790
25;2025-12-24;18;800
25;2025-12-24;19;636
25;2025-12-24;20;343
25;2025-12-24;21;232
25;2025-12-24;22;100
25;2025-12-24;23;7
25;2025-12-25;0;0
25;2025-12-25;1;0
25;2025-12-25;2;0
25;2025-12-25;3;0
25;2025-12-25;4;0
25;2025-12-25;5;25
25;2025-12-25;6;285
25;2025-12-25;7;564
25;2025-12-25;8;921
25;2025-12-25;9;494
25;2025-12-25;10;393
25;2025-12-25;11;458
25;2025-12-25;12;444
25;2025-12-25;13;556
25;2025-12-25;14;503
25;2025-12-25;15;623
25;2025-12-25;16;731
25;2025-12-25;17;782
25;2025-12-25;18;790
25;2025-12-25;19;625
25;2025-12-25;20;334
25;2025-12-25;21;225
25;2025-12-25;22;99
25;2025-12-25;23;7
25;2025-12-26;0;0
25;2025-12-26;1;0
25;2025-12-26;2;0
25;2025-12-26;3;0
25;2025-12-26;4;0
25;2025-12-26;5;25
25;2025-12-26;6;280
25;2025-12-26;7;555
25;2025-12-26;8;898
25;2025-12-26;9;481
25;2025-12-26;10;380
25;2025-12-26;11;446
25;2025-12-26;12;433
25;2025-12-26;13;545
25;2025-12-26;14;492
25;2025-12-26;15;613
25;2025-12-26;16;729
25;2025-12-26;17;766
25;2025-12-26;18;761
25;2025-12-26;19;605
25;2025-12-26;20;328
25;2025-12-26;21;225
25;2025-12-26;22;100
25;2025-12-26;23;8
25;2025-12-27;0;0
25;2025-12-27;1;0
25;2025-12-27;2;0
25;2025-12-27;3;0
25;2025-12-27;4;0
25;2025-12-27;5;22
25;2025-12-27;6;143
25;2025-12-27;7;142
25;2025-12-27;8;336
25;2025-12-27;9;308
25;2025-12-27;10;306
25;2025-12-27;11;416
25;2025-12-27;12;400
25;2025-12-27;13;648
25;2025-12-27;14;672
25;2025-12-27;15;736
25;2025-12-27;16;650
25;2025-12-27;17;560
25;2025-12-27;18;555
25;2025-12-27;19;481
25;2025-12-27;20;272
25;2025-12-27;21;209
25;2025-12-27;22;122
25;2025-12-27;23;51
25;2025-12-28;0;17
25;2025-12-28;1;0
25;2025-12-28;2;0
25;2025-12-28;3;0
25;2025-12-28;4;0
25;2025-12-28;5;11
25;2025-12-28;6;115
25;2025-12-28;7;109
25;2025-12-28;8;191
25;2025-12-28;9;230
25;2025-12-28;10;224
25;2025-12-28;11;329
25;2025-12-28;12;390
25;2025-12-28;13;513
25;2025-12-28;14;557
25;2025-12-28;15;667
25;2025-12-28;16;541
25;2025-12-28;17;545
25;2025-12-28;18;442
25;2025-12-28;19;332
25;2025-12-28;20;262
25;2025-12-28;21;158
25;2025-12-28;22;101
25;2025-12-28;23;36
25;2025-12-29;0;0
25;2025-12-29;1;0
25;2025-12-29;2;0
25;2025-12-29;3;0
25;2025-12-29;4;0
25;2025-12-29;5;20
25;2025-12-29;6;239
25;2025-12-29;7;473
25;2025-12-29;8;773
25;2025-12-29;9;412
25;2025-12-29;10;322
25;2025-12-29;11;375
25;2025-12-29;12;366
25;2025-12-29;13;465
25;2025-12-29;14;414
25;2025-12-29;15;514
25;2025-12-29;16;605
25;2025-12-29;17;654
25;2025-12-29;18;658
25;2025-12-29;19;523
25;2025-12-29;20;282
25;2025-12-29;21;188
25;2025-12-29;22;79
25;2025-12-29;23;6
25;2025-12-30;0;0
25;2025-12-30;1;0
25;2025-12-30;2;0
25;2025-12-30;3;0
25;2025-12-30;4;0
25;2025-12-30;5;21
25;2025-12-30;6;239
25;2025-12-30;7;473
25;2025-12-30;8;782
25;2025-12-30;9;412
25;2025-12-30;10;324
25;2025-12-30;11;376
25;2025-12-30;12;367
25;2025-12-30;13;460
25;2025-12-30;14;417
25;2025-12-30;15;518
25;2025-12-30;16;618
25;2025-12-30;17;658
25;2025-12-30;18;659
25;2025-12-30;19;520
25;2025-12-30;20;281
25;2025-12-30;21;187
25;2025-12-30;22;80
25;2025-12-30;23;6
25;2025-12-31;0;14
25;2025-12-31;1;0
25;2025-12-31;2;0
25;2025-12-31;3;0
25;2025-12-31;4;0
25;2025-12-31;5;10
25;2025-12-31;6;99
25;2025-12-31;7;94
25;2025-12-31;8;165
25;2025-12-31;9;199
25;2025-12-31;10;194
25;2025-12-31;11;283
25;2025-12-31;12;334
25;2025-12-31;13;441
25;2025-12-31;14;475
25;2025-12-31;15;571
25;2025-12-31;16;462
25;2025-12-31;17;468
25;2025-12-31;18;375
25;2025-12-31;19;283
25;2025-12-31;20;0
25;2025-12-31;21;0
25;2025-12-31;22;0
25;2025-12-31;23;0
26;2025-11-01;0;26
26;2025-11-01;1;1
26;2025-11-01;2;0
26;2025-11-01;3;0
26;2025-11-01;4;2
26;2025-11-01;5;76
26;2025-11-01;6;400
26;2025-11-01;7;951
26;2025-11-01;8;1910
26;2025-11-01;9;1227
26;2025-11-01;10;1058
26;2025-11-01;11;977
26;2025-11-01;12;985
26;2025-11-01;13;1006
26;2025-11-01;14;1151
26;2025-11-01;15;1193
26;2025-11-01;16;1318
26;2025-11-01;17;1484
26;2025-11-01;18;1560
26;2025-11-01;19;1024
26;2025-11-01;20;642
26;2025-11-01;21;406
26;2025-11-01;22;172
26;2025-11-01;23;112
26;2025-11-02;0;52
26;2025-11-02;1;3
26;2025-11-02;2;0
26;2025-11-02;3;0
26;2025-11-02;4;2
26;2025-11-02;5;22
26;2025-11-02;6;154
26;2025-11-02;7;265
26;2025-11-02;8;400
26;2025-11-02;9;525
26;2025-11-02;10;599
26;2025-11-02;11;813
26;2025-11-02;12;827
26;2025-11-02;13;874
26;2025-11-02;14;881
26;2025-11-02;15;802
26;2025-11-02;16;757
26;2025-11-02;17;782
26;2025-11-02;18;695
26;2025-11-02;19;523
26;2025-11-02;20;403
26;2025-11-02;21;273
26;2025-11-02;22;164
26;2025-11-02;23;112
26;2025-11-03;0;50
26;2025-11-03;1;3
26;2025-11-03;2;0
26;2025-11-03;3;0
26;2025-11-03;4;1
26;2025-11-03;5;21
26;2025-11-03;6;146
26;2025-11-03;7;246
26;2025-11-03;8;367
26;2025-11-03;9;486
26;2025-11-03;10;548
26;2025-11-03;11;744
26;2025-11-03;12;751
26;2025-11-03;13;792
26;2025-11-03;14;799
26;2025-11-03;15;724
26;2025-11-03;16;674
26;2025-11-03;17;710
26;2025-11-03;18;645
26;2025-11-03;19;493
26;2025-11-03;20;385
26;2025-11-03;21;264
26;2025-11-03;22;158
26;2025-11-03;23;107
26;2025-11-04;0;50
26;2025-11-04;1;3
26;2025-11-04;2;0
26;2025-11-04;3;0
26;2025-11-04;4;1
26;2025-11-04;5;20
26;2025-11-04;6;145
26;2025-11-04;7;243
26;2025-11-04;8;359
26;2025-11-04;9;475
26;2025-11-04;10;534
26;2025-11-04;11;731
26;2025-11-04;12;738
26;2025-11-04;13;778
26;2025-11-04;14;792
26;2025-11-04;15;722
26;2025-11-04;16;681
26;2025-11-04;17;710
26;2025-11-04;18;643
26;2025-11-04;19;490
26;2025-11-04;20;382
26;2025-11-04;21;261
26;2025-11-04;22;158
26;2025-11-04;23;108
26;2025-11-05;0;32
26;2025-11-05;1;1
26;2025-11-05;2;0
26;2025-11-05;3;0
26;2025-11-05;4;2
26;2025-11-05;5;90
26;2025-11-05;6;470
26;2025-11-05;7;1098
26;2025-11-05;8;2230
26;2025-11-05;9;1415
26;2025-11-05;10;1221
26;2025-11-05;11;1118
26;2025-11-05;12;1135
26;2025-11-05;13;1159
26;2025-11-05;14;1319
26;2025-11-05;15;1377
26;2025-11-05;16;1515
26;2025-11-05;17;1718
26;2025-11-05;18;1833
26;2025-11-05;19;1210
26;2025-11-05;20;750
26;2025-11-05;21;484
26;2025-11-05;22;207
26;2025-11-05;23;130
26;2025-11-06;0;32
26;2025-11-06;1;1
26;2025-11-06;2;0
26;2025-11-06;3;0
26;2025-11-06;4;2
26;2025-11-06;5;91
26;2025-11-06;6;473
26;2025-11-06;7;1105
26;2025-11-06;8;2247
26;2025-11-06;9;1431
26;2025-11-06;10;1228
26;2025-11-06;11;1130
26;2025-11-06;12;1141
26;2025-11-06;13;1163
26;2025-11-06;14;1327
26;2025-11-06;15;1373
26;2025-11-06;16;1522
26;2025-11-06;17;1719
26;2025-11-06;18;1833
26;2025-11-06;19;1213
26;2025-11-06;20;750
26;2025-11-06;21;479
26;2025-11-06;22;206
26;2025-11-06;23;133
26;2025-11-07;0;31
26;2025-11-07;1;1
26;2025-11-07;2;0
26;2025-11-07;3;0
26;2025-11-07;4;2
26;2025-11-07;5;89
26;2025-11-07;6;472
26;2025-11-07;7;1102
26;2025-11-07;8;2233
26;2025-11-07;9;1417
26;2025-11-07;10;1221
26;2025-11-07;11;1122
26;2025-11-07;12;1133
26;2025-11-07;13;1162
26;2025-11-07;14;1326
26;2025-11-07;15;1381
26;2025-11-07;16;1534
26;2025-11-07;17;1727
26;2025-11-07;18;1769
26;2025-11-07;19;1181
26;2025-11-07;20;736
26;2025-11-07;21;481
26;2025-11-07;22;209
26;2025-11-07;23;137
26;2025-11-08;0;47
26;2025-11-08;1;1
26;2025-11-08;2;0
26;2025-11-08;3;0
26;2025-11-08;4;1
26;2025-11-08;5;53
26;2025-11-08;6;245
26;2025-11-08;7;363
26;2025-11-08;8;647
26;2025-11-08;9;671
26;2025-11-08;10;818
26;2025-11-08;11;979
26;2025-11-08;12;1044
26;2025-11-08;13;1029
26;2025-11-08;14;1067
26;2025-11-08;15;963
26;2025-11-08;16;1018
26;2025-11-08;17;945
26;2025-11-08;18;866
26;2025-11-08;19;775
26;2025-11-08;20;558
26;2025-11-08;21;371
26;2025-11-08;22;210
26;2025-11-08;23;161
26;2025-11-09;0;54
26;2025-11-09;1;3
26;2025-11-09;2;0
26;2025-11-09;3;0
26;2025-11-09;4;2
26;2025-11-09;5;23
26;2025-11-09;6;155
26;2025-11-09;7;260
26;2025-11-09;8;391
26;2025-11-09;9;519
26;2025-11-09;10;591
26;2025-11-09;11;799
26;2025-11-09;12;810
26;2025-11-09;13;862
26;2025-11-09;14;871
26;2025-11-09;15;786
26;2025-11-09;16;734
26;2025-11-09;17;765
26;2025-11-09;18;685
26;2025-11-09;19;521
26;2025-11-09;20;408
26;2025-11-09;21;279
26;2025-11-09;22;166
26;2025-11-09;23;111
26;2025-11-10;0;32
26;2025-11-10;1;1
26;2025-11-10;2;0
26;2025-11-10;3;0
26;2025-11-10;4;2
26;2025-11-10;5;91
26;2025-11-10;6;472
26;2025-11-10;7;1105
26;2025-11-10;8;2240
26;2025-11-10;9;1421
26;2025-11-10;10;1226
26;2025-11-10;11;1124
26;2025-11-10;12;1133
26;2025-11-10;13;1159
26;2025-11-10;14;1311
26;2025-11-10;15;1379
26;2025-11-10;16;1516
26;2025-11-10;17;1730
26;2025-11-10;18;1842
26;2025-11-10;19;1215
26;2025-11-10;20;758
26;2025-11-10;21;482
26;2025-11-10;22;207
26;2025-11-10;23;131
26;2025-11-11;0;32
26;2025-11-11;1;1
26;2025-11-11;2;0
26;2025-11-11;3;0
26;2025-11-11;4;2
26;2025-11-11;5;91
26;2025-11-11;6;474
26;2025-11-11;7;1110
26;2025-11-11;8;2247
26;2025-11-11;9;1428
26;2025-11-11;10;1236
26;2025-11-11;11;1137
26;2025-11-11;12;1144
26;2025-11-11;13;1166
26;2025-11-11;14;1323
26;2025-11-11;15;1378
26;2025-11-11;16;1527
26;2025-11-11;17;1731
26;2025-11-11;18;1847
26;2025-11-11;19;1222
26;2025-11-11;20;754
26;2025-11-11;21;487
26;2025-11-11;22;210
26;2025-11-11;23;133
26;2025-11-12;0;32
26;2025-11-12;1;1
26;2025-11-12;2;0
26;2025-11-12;3;0
26;2025-11-12;4;2
26;2025-11-12;5;92
26;2025-11-12;6;474
26;2025-11-12;7;1110
26;2025-11-12;8;2250
26;2025-11-12;9;1430
26;2025-11-12;10;1233
26;2025-11-12;11;1132
26;2025-11-12;12;1145
26;2025-11-12;13;1168
26;2025-11-12;14;1327
26;2025-11-12;15;1381
26;2025-11-12;16;1525
26;2025-11-12;17;1724
26;2025-11-12;18;1841
26;2025-11-12;19;1218
26;2025-11-12;20;762
26;2025-11-12;21;489
26;2025-11-12;22;211
26;2025-11-12;23;133
26;2025-11-13;0;33
26;2025-11-13;1;1
26;2025-11-13;2;0
26;2025-11-13;3;0
26;2025-11-13;4;2
26;2025-11-13;5;92
26;2025-11-13;6;474
26;2025-11-13;7;1107
26;2025-11-13;8;2249
26;2025-11-13;9;1433
26;2025-11-13;10;1232
26;2025-11-13;11;1137
26;2025-11-13;12;1149
26;2025-11-13;13;1171
26;2025-11-13;14;1333
26;2025-11-13;15;1387
26;2025-11-13;16;1532
26;2025-11-13;17;1730
26;2025-11-13;18;1846
26;2025-11-13;19;1219
26;2025-11-13;20;750
26;2025-11-13;21;487
26;2025-11-13;22;209
26;2025-11-13;23;134
26;2025-11-14;0;32
26;2025-11-14;1;1
26;2025-11-14;2;0
26;2025-11-14;3;0
26;2025-11-14;4;2
26;2025-11-14;5;90
26;2025-11-14;6;474
26;2025-11-14;7;1106
26;2025-11-14;8;2235
26;2025-11-14;9;1422
26;2025-11-14;10;1229
26;2025-11-14;11;1126
26;2025-11-14;12;1136
26;2025-11-14;13;1163
26;2025-11-14;14;1330
26;2025-11-14;15;1385
26;2025-11-14;16;1537
26;2025-11-14;17;1732
26;2025-11-14;18;1771
26;2025-11-14;19;1184
26;2025-11-14;20;744
26;2025-11-14;21;481
26;2025-11-14;22;207
26;2025-11-14;23;136
26;2025-11-15;0;47
26;2025-11-15;1;1
26;2025-11-15;2;0
26;2025-11-15;3;0
26;2025-11-15;4;1
26;2025-11-15;5;52
26;2025-11-15;6;243
26;2025-11-15;7;359
26;2025-11-15;8;642
26;2025-11-15;9;665
26;2025-11-15;10;803
26;2025-11-15;11;955
26;2025-11-15;12;1028
26;2025-11-15;13;1011
26;2025-11-15;14;1051
26;2025-11-15;15;952
26;2025-11-15;16;1010
26;2025-11-15;17;937
26;2025-11-15;18;863
26;2025-11-15;19;773
26;2025-11-15;20;556
26;2025-11-15;21;369
26;2025-11-15;22;209
26;2025-11-15;23;156
26;2025-11-16;0;52
26;2025-11-16;1;3
26;2025-11-16;2;0
26;2025-11-16;3;0
26;2025-11-16;4;2
26;2025-11-16;5;22
26;2025-11-16;6;155
26;2025-11-16;7;262
26;2025-11-16;8;395
26;2025-11-16;9;521
26;2025-11-16;10;595
26;2025-11-16;11;806
26;2025-11-16;12;816
26;2025-11-16;13;872
26;2025-11-16;14;879
26;2025-11-16;15;795
26;2025-11-16;16;741
26;2025-11-16;17;772
26;2025-11-16;18;690
26;2025-11-16;19;525
26;2025-11-16;20;412
26;2025-11-16;21;284
26;2025-11-16;22;170
26;2025-11-16;23;114
26;2025-11-17;0;32
26;2025-11-17;1;1
26;2025-11-17;2;0
26;2025-11-17;3;0
26;2025-11-17;4;2
26;2025-11-17;5;91
26;2025-11-17;6;473
26;2025-11-17;7;1108
26;2025-11-17;8;2239
26;2025-11-17;9;1422
26;2025-11-17;10;1223
26;2025-11-17;11;1122
26;2025-11-17;12;1127
26;2025-11-17;13;1148
26;2025-11-17;14;1299
26;2025-11-17;15;1363
26;2025-11-17;16;1503
26;2025-11-17;17;1718
26;2025-11-17;18;1833
26;2025-11-17;19;1210
26;2025-11-17;20;756
26;2025-11-17;21;480
26;2025-11-17;22;205
26;2025-11-17;23;129
26;2025-11-18;0;31
26;2025-11-18;1;1
26;2025-11-18;2;0
26;2025-11-18;3;0
26;2025-11-18;4;2
26;2025-11-18;5;89
26;2025-11-18;6;469
26;2025-11-18;7;1102
26;2025-11-18;8;2233
26;2025-11-18;9;1417
26;2025-11-18;10;1220
26;2025-11-18;11;1120
26;2025-11-18;12;1129
26;2025-11-18;13;1149
26;2025-11-18;14;1306
26;2025-11-18;15;1359
26;2025-11-18;16;1508
26;2025-11-18;17;1713
26;2025-11-18;18;1827
26;2025-11-18;19;1213
26;2025-11-18;20;747
26;2025-11-18;21;481
26;2025-11-18;22;206
26;2025-11-18;23;128
26;2025-11-19;0;31
26;2025-11-19;1;1
26;2025-11-19;2;0
26;2025-11-19;3;0
26;2025-11-19;4;2
26;2025-11-19;5;91
26;2025-11-19;6;473
26;2025-11-19;7;1110
26;2025-11-19;8;2250
26;2025-11-19;9;1431
26;2025-11-19;10;1234
26;2025-11-19;11;1135
26;2025-11-19;12;1150
26;2025-11-19;13;1176
26;2025-11-19;14;1336
26;2025-11-19;15;1389
26;2025-11-19;16;1529
26;2025-11-19;17;1730
26;2025-11-19;18;1846
26;2025-11-19;19;1222
26;2025-11-19;20;766
26;2025-11-19;21;490
26;2025-11-19;22;212
26;2025-11-19;23;133
26;2025-11-20;0;33
26;2025-11-20;1;1
26;2025-11-20;2;0
26;2025-11-20;3;0
26;2025-11-20;4;2
26;2025-11-20;5;92
26;2025-11-20;6;476
26;2025-11-20;7;1110
26;2025-11-20;8;2257
26;2025-11-20;9;1439
26;2025-11-20;10;1236
26;2025-11-20;11;1140
26;2025-11-20;12;1153
26;2025-11-20;13;1176
26;2025-11-20;14;1338
26;2025-11-20;15;1394
26;2025-11-20;16;1537
26;2025-11-20;17;1737
26;2025-11-20;18;1847
26;2025-11-20;19;1219
26;2025-11-20;20;752
26;2025-11-20;21;488
26;2025-11-20;22;211
26;2025-11-20;23;136
26;2025-11-21;0;32
26;2025-11-21;1;1
26;2025-11-21;2;0
26;2025-11-21;3;0
26;2025-11-21;4;2
26;2025-11-21;5;91
26;2025-11-21;6;472
26;2025-11-21;7;1107
26;2025-11-21;8;2240
26;2025-11-21;9;1425
26;2025-11-21;10;1232
26;2025-11-21;11;1130
26;2025-11-21;12;1138
26;2025-11-21;13;1167
26;2025-11-21;14;1332
26;2025-11-21;15;1388
26;2025-11-21;16;1540
26;2025-11-21;17;1733
26;2025-11-21;18;1774
26;2025-11-21;19;1187
26;2025-11-21;20;747
26;2025-11-21;21;485
26;2025-11-21;22;210
26;2025-11-21;23;139
26;2025-11-22;0;48
26;2025-11-22;1;1
26;2025-11-22;2;0
26;2025-11-22;3;0
26;2025-11-22;4;1
26;2025-11-22;5;53
26;2025-11-22;6;246
26;2025-11-22;7;362
26;2025-11-22;8;644
26;2025-11-22;9;666
26;2025-11-22;10;810
26;2025-11-22;11;970
26;2025-11-22;12;1043
26;2025-11-22;13;1025
26;2025-11-22;14;1063
26;2025-11-22;15;961
26;2025-11-22;16;1018
26;2025-11-22;17;945
26;2025-11-22;18;870
26;2025-11-22;19;778
26;2025-11-22;20;559
26;2025-11-22;21;370
26;2025-11-22;22;205
26;2025-11-22;23;156
26;2025-11-23;0;53
26;2025-11-23;1;3
26;2025-11-23;2;0
26;2025-11-23;3;0
26;2025-11-23;4;2
26;2025-11-23;5;22
26;2025-11-23;6;154
26;2025-11-23;7;262
26;2025-11-23;8;394
26;2025-11-23;9;521
26;2025-11-23;10;593
26;2025-11-23;11;804
26;2025-11-23;12;815
26;2025-11-23;13;869
26;2025-11-23;14;875
26;2025-11-23;15;791
26;2025-11-23;16;735
26;2025-11-23;17;765
26;2025-11-23;18;685
26;2025-11-23;19;520
26;2025-11-23;20;408
26;2025-11-23;21;283
26;2025-11-23;22;170
26;2025-11-23;23;114
26;2025-11-24;0;32
26;2025-11-24;1;1
26;2025-11-24;2;0
26;2025-11-24;3;0
26;2025-11-24;4;2
26;2025-11-24;5;90
26;2025-11-24;6;468
26;2025-11-24;7;1096
26;2025-11-24;8;2221
26;2025-11-24;9;1409
26;2025-11-24;10;1213
26;2025-11-24;11;1110
26;2025-11-24;12;1119
26;2025-11-24;13;1143
26;2025-11-24;14;1295
26;2025-11-24;15;1359
26;2025-11-24;16;1496
26;2025-11-24;17;1710
26;2025-11-24;18;1820
26;2025-11-24;19;1202
26;2025-11-24;20;744
26;2025-11-24;21;477
26;2025-11-24;22;204
26;2025-11-24;23;127
26;2025-11-25;0;32
26;2025-11-25;1;1
26;2025-11-25;2;0
26;2025-11-25;3;0
26;2025-11-25;4;2
26;2025-11-25;5;91
26;2025-11-25;6;474
26;2025-11-25;7;1107
26;2025-11-25;8;2244
26;2025-11-25;9;1428
26;2025-11-25;10;1238
26;2025-11-25;11;1139
26;2025-11-25;12;1146
26;2025-11-25;13;1169
26;2025-11-25;14;1326
26;2025-11-25;15;1381
26;2025-11-25;16;1529
26;2025-11-25;17;1733
26;2025-11-25;18;1848
26;2025-11-25;19;1227
26;2025-11-25;20;764
26;2025-11-25;21;488
26;2025-11-25;22;210
26;2025-11-25;23;132
26;2025-11-26;0;33
26;2025-11-26;1;1
26;2025-11-26;2;0
26;2025-11-26;3;0
26;2025-11-26;4;2
26;2025-11-26;5;92
26;2025-11-26;6;472
26;2025-11-26;7;1105
26;2025-11-26;8;2246
26;2025-11-26;9;1427
26;2025-11-26;10;1228
26;2025-11-26;11;1127
26;2025-11-26;12;1141
26;2025-11-26;13;1167
26;2025-11-26;14;1327
26;2025-11-26;15;1381
26;2025-11-26;16;1520
26;2025-11-26;17;1718
26;2025-11-26;18;1836
26;2025-11-26;19;1214
26;2025-11-26;20;760
26;2025-11-26;21;485
26;2025-11-26;22;208
26;2025-11-26;23;133
26;2025-11-27;0;32
26;2025-11-27;1;1
26;2025-11-27;2;0
26;2025-11-27;3;0
26;2025-11-27;4;2
26;2025-11-27;5;91
26;2025-11-27;6;474
26;2025-11-27;7;1107
26;2025-11-27;8;2251
26;2025-11-27;9;1434
26;2025-11-27;10;1234
26;2025-11-27;11;1137
26;2025-11-27;12;1144
26;2025-11-27;13;1166
26;2025-11-27;14;1327
26;2025-11-27;15;1382
26;2025-11-27;16;1528
26;2025-11-27;17;1724
26;2025-11-27;18;1835
26;2025-11-27;19;1208
26;2025-11-27;20;751
26;2025-11-27;21;480
26;2025-11-27;22;205
26;2025-11-27;23;133
26;2025-11-28;0;31
26;2025-11-28;1;1
26;2025-11-28;2;0
26;2025-11-28;3;0
26;2025-11-28;4;2
26;2025-11-28;5;90
26;2025-11-28;6;470
26;2025-11-28;7;1095
26;2025-11-28;8;2225
26;2025-11-28;9;1413
26;2025-11-28;10;1222
26;2025-11-28;11;1120
26;2025-11-28;12;1129
26;2025-11-28;13;1162
26;2025-11-28;14;1328
26;2025-11-28;15;1383
26;2025-11-28;16;1537
26;2025-11-28;17;1730
26;2025-11-28;18;1772
26;2025-11-28;19;1180
26;2025-11-28;20;736
26;2025-11-28;21;483
26;2025-11-28;22;207
26;2025-11-28;23;137
26;2025-11-29;0;47
26;2025-11-29;1;1
26;2025-11-29;2;0
26;2025-11-29;3;0
26;2025-11-29;4;1
26;2025-11-29;5;53
26;2025-11-29;6;247
26;2025-11-29;7;365
26;2025-11-29;8;650
26;2025-11-29;9;673
26;2025-11-29;10;823
26;2025-11-29;11;983
26;2025-11-29;12;1053
26;2025-11-29;13;1034
26;2025-11-29;14;1072
26;2025-11-29;15;967
26;2025-11-29;16;1021
26;2025-11-29;17;948
26;2025-11-29;18;872
26;2025-11-29;19;779
26;2025-11-29;20;564
26;2025-11-29;21;375
26;2025-11-29;22;213
26;2025-11-29;23;161
26;2025-11-30;0;53
26;2025-11-30;1;3
26;2025-11-30;2;0
26;2025-11-30;3;0
26;2025-11-30;4;2
26;2025-11-30;5;22
26;2025-11-30;6;154
26;2025-11-30;7;260
26;2025-11-30;8;392
26;2025-11-30;9;520
26;2025-11-30;10;592
26;2025-11-30;11;802
26;2025-11-30;12;813
26;2025-11-30;13;866
26;2025-11-30;14;873
26;2025-11-30;15;789
26;2025-11-30;16;736
26;2025-11-30;17;767
26;2025-11-30;18;688
26;2025-11-30;19;526
26;2025-11-30;20;409
26;2025-11-30;21;282
26;2025-11-30;22;169
26;2025-11-30;23;114
26;2025-12-01;0;32
26;2025-12-01;1;1
26;2025-12-01;2;0
26;2025-12-01;3;0
26;2025-12-01;4;2
26;2025-12-01;5;94
26;2025-12-01;6;489
26;2025-12-01;7;1140
26;2025-12-01;8;2297
26;2025-12-01;9;1462
26;2025-12-01;10;1262
26;2025-12-01;11;1158
26;2025-12-01;12;1167
26;2025-12-01;13;1197
26;2025-12-01;14;1360
26;2025-12-01;15;1422
26;2025-12-01;16;1558
26;2025-12-01;17;1787
26;2025-12-01;18;1897
26;2025-12-01;19;1248
26;2025-12-01;20;773
26;2025-12-01;21;500
26;2025-12-01;22;214
26;2025-12-01;23;133
26;2025-12-02;0;33
26;2025-12-02;1;1
26;2025-12-02;2;0
26;2025-12-02;3;0
26;2025-12-02;4;2
26;2025-12-02;5;96
26;2025-12-02;6;492
26;2025-12-02;7;1154
26;2025-12-02;8;2315
26;2025-12-02;9;1480
26;2025-12-02;10;1285
26;2025-12-02;11;1180
26;2025-12-02;12;1187
26;2025-12-02;13;1210
26;2025-12-02;14;1382
26;2025-12-02;15;1425
26;2025-12-02;16;1576
26;2025-12-02;17;1790
26;2025-12-02;18;1905
26;2025-12-02;19;1269
26;2025-12-02;20;791
26;2025-12-02;21;508
26;2025-12-02;22;218
26;2025-12-02;23;135
26;2025-12-03;0;33
26;2025-12-03;1;1
26;2025-12-03;2;0
26;2025-12-03;3;0
26;2025-12-03;4;2
26;2025-12-03;5;96
26;2025-12-03;6;493
26;2025-12-03;7;1154
26;2025-12-03;8;2318
26;2025-12-03;9;1484
26;2025-12-03;10;1282
26;2025-12-03;11;1178
26;2025-12-03;12;1195
26;2025-12-03;13;1223
26;2025-12-03;14;1396
26;2025-12-03;15;1437
26;2025-12-03;16;1577
26;2025-12-03;17;1788
26;2025-12-03;18;1902
26;2025-12-03;19;1263
26;2025-12-03;20;794
26;2025-12-03;21;512
26;2025-12-03;22;220
26;2025-12-03;23;138
26;2025-12-04;0;34
26;2025-12-04;1;1
26;2025-12-04;2;0
26;2025-12-04;3;0
26;2025-12-04;4;2
26;2025-12-04;5;97
26;2025-12-04;6;493
26;2025-12-04;7;1151
26;2025-12-04;8;2324
26;2025-12-04;9;1492
26;2025-12-04;10;1281
26;2025-12-04;11;1182
26;2025-12-04;12;1196
26;2025-12-04;13;1222
26;2025-12-04;14;1397
26;2025-12-04;15;1442
26;2025-12-04;16;1586
26;2025-12-04;17;1792
26;2025-12-04;18;1903
26;2025-12-04;19;1261
26;2025-12-04;20;785
26;2025-12-04;21;508
26;2025-12-04;22;218
26;2025-12-04;23;141
26;2025-12-05;0;33
26;2025-12-05;1;1
26;2025-12-05;2;0
26;2025-12-05;3;0
26;2025-12-05;4;2
26;2025-12-05;5;94
26;2025-12-05;6;492
26;2025-12-05;7;1144
26;2025-12-05;8;2307
26;2025-12-05;9;1476
26;2025-12-05;10;1278
26;2025-12-05;11;1168
26;2025-12-05;12;1178
26;2025-12-05;13;1212
26;2025-12-05;14;1394
26;2025-12-05;15;1439
26;2025-12-05;16;1595
26;2025-12-05;17;1796
26;2025-12-05;18;1802
26;2025-12-05;19;1212
26;2025-12-05;20;768
26;2025-12-05;21;504
26;2025-12-05;22;218
26;2025-12-05;23;145
26;2025-12-06;0;52
26;2025-12-06;1;1
26;2025-12-06;2;0
26;2025-12-06;3;0
26;2025-12-06;4;1
26;2025-12-06;5;55
26;2025-12-06;6;256
26;2025-12-06;7;377
26;2025-12-06;8;670
26;2025-12-06;9;697
26;2025-12-06;10;856
26;2025-12-06;11;1009
26;2025-12-06;12;1078
26;2025-12-06;13;1074
26;2025-12-06;14;1102
26;2025-12-06;15;996
26;2025-12-06;16;1054
26;2025-12-06;17;976
26;2025-12-06;18;904
26;2025-12-06;19;803
26;2025-12-06;20;590
26;2025-12-06;21;391
26;2025-12-06;22;223
26;2025-12-06;23;170
26;2025-12-07;0;55
26;2025-12-07;1;3
26;2025-12-07;2;0
26;2025-12-07;3;0
26;2025-12-07;4;2
26;2025-12-07;5;23
26;2025-12-07;6;161
26;2025-12-07;7;271
26;2025-12-07;8;413
26;2025-12-07;9;537
26;2025-12-07;10;614
26;2025-12-07;11;833
26;2025-12-07;12;844
26;2025-12-07;13;898
26;2025-12-07;14;902
26;2025-12-07;15;816
26;2025-12-07;16;761
26;2025-12-07;17;795
26;2025-12-07;18;717
26;2025-12-07;19;549
26;2025-12-07;20;427
26;2025-12-07;21;294
26;2025-12-07;22;179
26;2025-12-07;23;121
26;2025-12-08;0;32
26;2025-12-08;1;1
26;2025-12-08;2;0
26;2025-12-08;3;0
26;2025-12-08;4;2
26;2025-12-08;5;95
26;2025-12-08;6;489
26;2025-12-08;7;1145
26;2025-12-08;8;2302
26;2025-12-08;9;1468
26;2025-12-08;10;1268
26;2025-12-08;11;1159
26;2025-12-08;12;1169
26;2025-12-08;13;1199
26;2025-12-08;14;1361
26;2025-12-08;15;1423
26;2025-12-08;16;1559
26;2025-12-08;17;1788
26;2025-12-08;18;1897
26;2025-12-08;19;1254
26;2025-12-08;20;773
26;2025-12-08;21;502
26;2025-12-08;22;214
26;2025-12-08;23;133
26;2025-12-09;0;33
26;2025-12-09;1;1
26;2025-12-09;2;0
26;2025-12-09;3;0
26;2025-12-09;4;2
26;2025-12-09;5;96
26;2025-12-09;6;493
26;2025-12-09;7;1146
26;2025-12-09;8;2311
26;2025-12-09;9;1482
26;2025-12-09;10;1287
26;2025-12-09;11;1177
26;2025-12-09;12;1184
26;2025-12-09;13;1208
26;2025-12-09;14;1379
26;2025-12-09;15;1425
26;2025-12-09;16;1577
26;2025-12-09;17;1786
26;2025-12-09;18;1900
26;2025-12-09;19;1270
26;2025-12-09;20;789
26;2025-12-09;21;507
26;2025-12-09;22;218
26;2025-12-09;23;135
26;2025-12-10;0;33
26;2025-12-10;1;1
26;2025-12-10;2;0
26;2025-12-10;3;0
26;2025-12-10;4;2
26;2025-12-10;5;97
26;2025-12-10;6;490
26;2025-12-10;7;1146
26;2025-12-10;8;2323
26;2025-12-10;9;1483
26;2025-12-10;10;1280
26;2025-12-10;11;1175
26;2025-12-10;12;1193
26;2025-12-10;13;1222
26;2025-12-10;14;1395
26;2025-12-10;15;1436
26;2025-12-10;16;1575
26;2025-12-10;17;1784
26;2025-12-10;18;1899
26;2025-12-10;19;1261
26;2025-12-10;20;793
26;2025-12-10;21;512
26;2025-12-10;22;220
26;2025-12-10;23;138
26;2025-12-11;0;34
26;2025-12-11;1;1
26;2025-12-11;2;0
26;2025-12-11;3;0
26;2025-12-11;4;2
26;2025-12-11;5;97
26;2025-12-11;6;493
26;2025-12-11;7;1147
26;2025-12-11;8;2314
26;2025-12-11;9;1486
26;2025-12-11;10;1270
26;2025-12-11;11;1170
26;2025-12-11;12;1184
26;2025-12-11;13;1214
26;2025-12-11;14;1392
26;2025-12-11;15;1438
26;2025-12-11;16;1582
26;2025-12-11;17;1782
26;2025-12-11;18;1886
26;2025-12-11;19;1246
26;2025-12-11;20;778
26;2025-12-11;21;500
26;2025-12-11;22;215
26;2025-12-11;23;140
26;2025-12-12;0;33
26;2025-12-12;1;1
26;2025-12-12;2;0
26;2025-12-12;3;0
26;2025-12-12;4;2
26;2025-12-12;5;94
26;2025-12-12;6;490
26;2025-12-12;7;1146
26;2025-12-12;8;2299
26;2025-12-12;9;1476
26;2025-12-12;10;1277
26;2025-12-12;11;1167
26;2025-12-12;12;1172
26;2025-12-12;13;1204
26;2025-12-12;14;1384
26;2025-12-12;15;1412
26;2025-12-12;16;1572
26;2025-12-12;17;1768
26;2025-12-12;18;1781
26;2025-12-12;19;1196
26;2025-12-12;20;752
26;2025-12-12;21;499
26;2025-12-12;22;215
26;2025-12-12;23;142
26;2025-12-13;0;52
26;2025-12-13;1;1
26;2025-12-13;2;0
26;2025-12-13;3;0
26;2025-12-13;4;1
26;2025-12-13;5;55
26;2025-12-13;6;254
26;2025-12-13;7;373
26;2025-12-13;8;668
26;2025-12-13;9;695
26;2025-12-13;10;857
26;2025-12-13;11;1005
26;2025-12-13;12;1075
26;2025-12-13;13;1073
26;2025-12-13;14;1100
26;2025-12-13;15;993
26;2025-12-13;16;1051
26;2025-12-13;17;976
26;2025-12-13;18;902
26;2025-12-13;19;803
26;2025-12-13;20;583
26;2025-12-13;21;385
26;2025-12-13;22;219
26;2025-12-13;23;168
26;2025-12-14;0;55
26;2025-12-14;1;3
26;2025-12-14;2;0
26;2025-12-14;3;0
26;2025-12-14;4;2
26;2025-12-14;5;23
26;2025-12-14;6;162
26;2025-12-14;7;272
26;2025-12-14;8;408
26;2025-12-14;9;535
26;2025-12-14;10;609
26;2025-12-14;11;833
26;2025-12-14;12;839
26;2025-12-14;13;894
26;2025-12-14;14;898
26;2025-12-14;15;812
26;2025-12-14;16;741
26;2025-12-14;17;792
26;2025-12-14;18;714
26;2025-12-14;19;546
26;2025-12-14;20;425
26;2025-12-14;21;287
26;2025-12-14;22;172
26;2025-12-14;23;115
26;2025-12-15;0;32
26;2025-12-15;1;1
26;2025-12-15;2;0
26;2025-12-15;3;0
26;2025-12-15;4;2
26;2025-12-15;5;95
26;2025-12-15;6;489
26;2025-12-15;7;1146
26;2025-12-15;8;2309
26;2025-12-15;9;1470
26;2025-12-15;10;1272
26;2025-12-15;11;1161
26;2025-12-15;12;1170
26;2025-12-15;13;1200
26;2025-12-15;14;1362
26;2025-12-15;15;1424
26;2025-12-15;16;1561
26;2025-12-15;17;1789
26;2025-12-15;18;1897
26;2025-12-15;19;1253
26;2025-12-15;20;784
26;2025-12-15;21;502
26;2025-12-15;22;214
26;2025-12-15;23;133
26;2025-12-16;0;33
26;2025-12-16;1;1
26;2025-12-16;2;0
26;2025-12-16;3;0
26;2025-12-16;4;2
26;2025-12-16;5;96
26;2025-12-16;6;494
26;2025-12-16;7;1156
26;2025-12-16;8;2323
26;2025-12-16;9;1483
26;2025-12-16;10;1289
26;2025-12-16;11;1182
26;2025-12-16;12;1184
26;2025-12-16;13;1203
26;2025-12-16;14;1374
26;2025-12-16;15;1417
26;2025-12-16;16;1572
26;2025-12-16;17;1786
26;2025-12-16;18;1900
26;2025-12-16;19;1268
26;2025-12-16;20;790
26;2025-12-16;21;507
26;2025-12-16;22;218
26;2025-12-16;23;136
26;2025-12-17;0;33
26;2025-12-17;1;1
26;2025-12-17;2;0
26;2025-12-17;3;0
26;2025-12-17;4;2
26;2025-12-17;5;96
26;2025-12-17;6;492
26;2025-12-17;7;1152
26;2025-12-17;8;2319
26;2025-12-17;9;1485
26;2025-12-17;10;1283
26;2025-12-17;11;1179
26;2025-12-17;12;1195
26;2025-12-17;13;1221
26;2025-12-17;14;1397
26;2025-12-17;15;1440
26;2025-12-17;16;1579
26;2025-12-17;17;1790
26;2025-12-17;18;1902
26;2025-12-17;19;1263
26;2025-12-17;20;783
26;2025-12-17;21;513
26;2025-12-17;22;220
26;2025-12-17;23;139
26;2025-12-18;0;34
26;2025-12-18;1;1
26;2025-12-18;2;0
26;2025-12-18;3;0
26;2025-12-18;4;2
26;2025-12-18;5;97
26;2025-12-18;6;493
26;2025-12-18;7;1151
26;2025-12-18;8;2326
26;2025-12-18;9;1495
26;2025-12-18;10;1282
26;2025-12-18;11;1179
26;2025-12-18;12;1196
26;2025-12-18;13;1223
26;2025-12-18;14;1399
26;2025-12-18;15;1445
26;2025-12-18;16;1587
26;2025-12-18;17;1795
26;2025-12-18;18;1904
26;2025-12-18;19;1263
26;2025-12-18;20;786
26;2025-12-18;21;509
26;2025-12-18;22;219
26;2025-12-18;23;141
26;2025-12-19;0;33
26;2025-12-19;1;1
26;2025-12-19;2;0
26;2025-12-19;3;0
26;2025-12-19;4;2
26;2025-12-19;5;94
26;2025-12-19;6;493
26;2025-12-19;7;1144
26;2025-12-19;8;2309
26;2025-12-19;9;1475
26;2025-12-19;10;1276
26;2025-12-19;11;1165
26;2025-12-19;12;1174
26;2025-12-19;13;1215
26;2025-12-19;14;1397
26;2025-12-19;15;1440
26;2025-12-19;16;1594
26;2025-12-19;17;1798
26;2025-12-19;18;1797
26;2025-12-19;19;1211
26;2025-12-19;20;767
26;2025-12-19;21;504
26;2025-12-19;22;217
26;2025-12-19;23;146
26;2025-12-20;0;52
26;2025-12-20;1;1
26;2025-12-20;2;0
26;2025-12-20;3;0
26;2025-12-20;4;1
26;2025-12-20;5;55
26;2025-12-20;6;256
26;2025-12-20;7;377
26;2025-12-20;8;672
26;2025-12-20;9;699
26;2025-12-20;10;859
26;2025-12-20;11;1012
26;2025-12-20;12;1079
26;2025-12-20;13;1075
26;2025-12-20;14;1103
26;2025-12-20;15;998
26;2025-12-20;16;1055
26;2025-12-20;17;979
26;2025-12-20;18;906
26;2025-12-20;19;806
26;2025-12-20;20;591
26;2025-12-20;21;391
26;2025-12-20;22;223
26;2025-12-20;23;170
26;2025-12-21;0;55
26;2025-12-21;1;3
26;2025-12-21;2;0
26;2025-12-21;3;0
26;2025-12-21;4;2
26;2025-12-21;5;23
26;2025-12-21;6;161
26;2025-12-21;7;269
26;2025-12-21;8;405
26;2025-12-21;9;534
26;2025-12-21;10;613
26;2025-12-21;11;831
26;2025-12-21;12;840
26;2025-12-21;13;894
26;2025-12-21;14;897
26;2025-12-21;15;811
26;2025-12-21;16;758
26;2025-12-21;17;791
26;2025-12-21;18;713
26;2025-12-21;19;546
26;2025-12-21;20;425
26;2025-12-21;21;293
26;2025-12-21;22;177
26;2025-12-21;23;120
26;2025-12-22;0;32
26;2025-12-22;1;1
26;2025-12-22;2;0
26;2025-12-22;3;0
26;2025-12-22;4;2
26;2025-12-22;5;95
26;2025-12-22;6;489
26;2025-12-22;7;1143
26;2025-12-22;8;2294
26;2025-12-22;9;1465
26;2025-12-22;10;1263
26;2025-12-22;11;1152
26;2025-12-22;12;1160
26;2025-12-22;13;1189
26;2025-12-22;14;1353
26;2025-12-22;15;1409
26;2025-12-22;16;1544
26;2025-12-22;17;1774
26;2025-12-22;18;1878
26;2025-12-22;19;1236
26;2025-12-22;20;766
26;2025-12-22;21;497
26;2025-12-22;22;209
26;2025-12-22;23;129
26;2025-12-23;0;33
26;2025-12-23;1;1
26;2025-12-23;2;0
26;2025-12-23;3;0
26;2025-12-23;4;2
26;2025-12-23;5;95
26;2025-12-23;6;492
26;2025-12-23;7;1145
26;2025-12-23;8;2307
26;2025-12-23;9;1474
26;2025-12-23;10;1281
26;2025-12-23;11;1174
26;2025-12-23;12;1181
26;2025-12-23;13;1206
26;2025-12-23;14;1377
26;2025-12-23;15;1422
26;2025-12-23;16;1572
26;2025-12-23;17;1786
26;2025-12-23;18;1895
26;2025-12-23;19;1258
26;2025-12-23;20;778
26;2025-12-23;21;508
26;2025-12-23;22;215
26;2025-12-23;23;134
26;2025-12-24;0;33
26;2025-12-24;1;1
26;2025-12-24;2;0
26;2025-12-24;3;0
26;2025-12-24;4;2
26;2025-12-24;5;96
26;2025-12-24;6;491
26;2025-12-24;7;1145
26;2025-12-24;8;2321
26;2025-12-24;9;1486
26;2025-12-24;10;1285
26;2025-12-24;11;1180
26;2025-12-24;12;1194
26;2025-12-24;13;1217
26;2025-12-24;14;1389
26;2025-12-24;15;1430
26;2025-12-24;16;1576
26;2025-12-24;17;1786
26;2025-12-24;18;1896
26;2025-12-24;19;1253
26;2025-12-24;20;791
26;2025-12-24;21;510
26;2025-12-24;22;219
26;2025-12-24;23;137
26;2025-12-25;0;34
26;2025-12-25;1;1
26;2025-12-25;2;0
26;2025-12-25;3;0
26;2025-12-25;4;2
26;2025-12-25;5;95
26;2025-12-25;6;491
26;2025-12-25;7;1144
26;2025-12-25;8;2319
26;2025-12-25;9;1491
26;2025-12-25;10;1281
26;2025-12-25;11;1181
26;2025-12-25;12;1193
26;2025-12-25;13;1221
26;2025-12-25;14;1396
26;2025-12-25;15;1442
26;2025-12-25;16;1580
26;2025-12-25;17;1784
26;2025-12-25;18;1885
26;2025-12-25;19;1239
26;2025-12-25;20;773
26;2025-12-25;21;498
26;2025-12-25;22;214
26;2025-12-25;23;136
26;2025-12-26;0;33
26;2025-12-26;1;1
26;2025-12-26;2;0
26;2025-12-26;3;0
26;2025-12-26;4;2
26;2025-12-26;5;93
26;2025-12-26;6;484
26;2025-12-26;7;1128
26;2025-12-26;8;2278
26;2025-12-26;9;1457
26;2025-12-26;10;1255
26;2025-12-26;11;1142
26;2025-12-26;12;1151
26;2025-12-26;13;1185
26;2025-12-26;14;1371
26;2025-12-26;15;1413
26;2025-12-26;16;1574
26;2025-12-26;17;1769
26;2025-12-26;18;1775
26;2025-12-26;19;1185
26;2025-12-26;20;750
26;2025-12-26;21;487
26;2025-12-26;22;213
26;2025-12-26;23;142
26;2025-12-27;0;51
26;2025-12-27;1;1
26;2025-12-27;2;0
26;2025-12-27;3;0
26;2025-12-27;4;1
26;2025-12-27;5;54
26;2025-12-27;6;253
26;2025-12-27;7;375
26;2025-12-27;8;666
26;2025-12-27;9;690
26;2025-12-27;10;845
26;2025-12-27;11;997
26;2025-12-27;12;1073
26;2025-12-27;13;1070
26;2025-12-27;14;1097
26;2025-12-27;15;988
26;2025-12-27;16;1049
26;2025-12-27;17;970
26;2025-12-27;18;896
26;2025-12-27;19;799
26;2025-12-27;20;584
26;2025-12-27;21;386
26;2025-12-27;22;217
26;2025-12-27;23;167
26;2025-12-28;0;55
26;2025-12-28;1;3
26;2025-12-28;2;0
26;2025-12-28;3;0
26;2025-12-28;4;2
26;2025-12-28;5;22
26;2025-12-28;6;159
26;2025-12-28;7;268
26;2025-12-28;8;403
26;2025-12-28;9;526
26;2025-12-28;10;599
26;2025-12-28;11;815
26;2025-12-28;12;825
26;2025-12-28;13;878
26;2025-12-28;14;884
26;2025-12-28;15;799
26;2025-12-28;16;749
26;2025-12-28;17;780
26;2025-12-28;18;710
26;2025-12-28;19;538
26;2025-12-28;20;418
26;2025-12-28;21;285
26;2025-12-28;22;173
26;2025-12-28;23;117
26;2025-12-29;0;27
26;2025-12-29;1;1
26;2025-12-29;2;0
26;2025-12-29;3;0
26;2025-12-29;4;2
26;2025-12-29;5;79
26;2025-12-29;6;411
26;2025-12-29;7;966
26;2025-12-29;8;1950
26;2025-12-29;9;1241
26;2025-12-29;10;1072
26;2025-12-29;11;979
26;2025-12-29;12;987
26;2025-12-29;13;1012
26;2025-12-29;14;1152
26;2025-12-29;15;1203
26;2025-12-29;16;1320
26;2025-12-29;17;1509
26;2025-12-29;18;1594
26;2025-12-29;19;1040
26;2025-12-29;20;645
26;2025-12-29;21;416
26;2025-12-29;22;176
26;2025-12-29;23;110
26;2025-12-30;0;28
26;2025-12-30;1;1
26;2025-12-30;2;0
26;2025-12-30;3;0
26;2025-12-30;4;2
26;2025-12-30;5;80
26;2025-12-30;6;413
26;2025-12-30;7;971
26;2025-12-30;8;1956
26;2025-12-30;9;1249
26;2025-12-30;10;1081
26;2025-12-30;11;985
26;2025-12-30;12;994
26;2025-12-30;13;1017
26;2025-12-30;14;1164
26;2025-12-30;15;1199
26;2025-12-30;16;1330
26;2025-12-30;17;1509
26;2025-12-30;18;1580
26;2025-12-30;19;1047
26;2025-12-30;20;654
26;2025-12-30;21;419
26;2025-12-30;22;178
26;2025-12-30;23;113
26;2025-12-31;0;48
26;2025-12-31;1;3
26;2025-12-31;2;0
26;2025-12-31;3;0
26;2025-12-31;4;1
26;2025-12-31;5;21
26;2025-12-31;6;141
26;2025-12-31;7;235
26;2025-12-31;8;351
26;2025-12-31;9;458
26;2025-12-31;10;522
26;2025-12-31;11;696
26;2025-12-31;12;709
26;2025-12-31;13;752
26;2025-12-31;14;763
26;2025-12-31;15;688
26;2025-12-31;16;640
26;2025-12-31;17;674
26;2025-12-31;18;596
26;2025-12-31;19;458
26;2025-12-31;20;0
26;2025-12-31;21;0
26;2025-12-31;22;0
26;2025-12-31;23;0
28;2025-11-01;0;0
28;2025-11-01;1;0
28;2025-11-01;2;0
28;2025-11-01;3;0
28;2025-11-01;4;1
28;2025-11-01;5;67
28;2025-11-01;6;220
28;2025-11-01;7;686
28;2025-11-01;8;1058
28;2025-11-01;9;704
28;2025-11-01;10;539
28;2025-11-01;11;488
28;2025-11-01;12;631
28;2025-11-01;13;617
28;2025-11-01;14;589
28;2025-11-01;15;594
28;2025-11-01;16;754
28;2025-11-01;17;887
28;2025-11-01;18;843
28;2025-11-01;19;623
28;2025-11-01;20;409
28;2025-11-01;21;264
28;2025-11-01;22;97
28;2025-11-01;23;8
28;2025-11-02;0;0
28;2025-11-02;1;0
28;2025-11-02;2;0
28;2025-11-02;3;0
28;2025-11-02;4;0
28;2025-11-02;5;31
28;2025-11-02;6;77
28;2025-11-02;7;169
28;2025-11-02;8;269
28;2025-11-02;9;335
28;2025-11-02;10;395
28;2025-11-02;11;450
28;2025-11-02;12;466
28;2025-11-02;13;535
28;2025-11-02;14;521
28;2025-11-02;15;519
28;2025-11-02;16;477
28;2025-11-02;17;496
28;2025-11-02;18;447
28;2025-11-02;19;379
28;2025-11-02;20;290
28;2025-11-02;21;231
28;2025-11-02;22;108
28;2025-11-02;23;10
28;2025-11-03;0;0
28;2025-11-03;1;0
28;2025-11-03;2;0
28;2025-11-03;3;0
28;2025-11-03;4;0
28;2025-11-03;5;29
28;2025-11-03;6;72
28;2025-11-03;7;155
28;2025-11-03;8;246
28;2025-11-03;9;308
28;2025-11-03;10;367
28;2025-11-03;11;406
28;2025-11-03;12;415
28;2025-11-03;13;492
28;2025-11-03;14;466
28;2025-11-03;15;469
28;2025-11-03;16;425
28;2025-11-03;17;441
28;2025-11-03;18;406
28;2025-11-03;19;354
28;2025-11-03;20;273
28;2025-11-03;21;220
28;2025-11-03;22;101
28;2025-11-03;23;9
28;2025-11-04;0;0
28;2025-11-04;1;0
28;2025-11-04;2;0
28;2025-11-04;3;0
28;2025-11-04;4;0
28;2025-11-04;5;28
28;2025-11-04;6;71
28;2025-11-04;7;151
28;2025-11-04;8;237
28;2025-11-04;9;298
28;2025-11-04;10;355
28;2025-11-04;11;396
28;2025-11-04;12;406
28;2025-11-04;13;482
28;2025-11-04;14;459
28;2025-11-04;15;465
28;2025-11-04;16;425
28;2025-11-04;17;441
28;2025-11-04;18;403
28;2025-11-04;19;353
28;2025-11-04;20;272
28;2025-11-04;21;219
28;2025-11-04;22;102
28;2025-11-04;23;10
28;2025-11-05;0;0
28;2025-11-05;1;0
28;2025-11-05;2;0
28;2025-11-05;3;0
28;2025-11-05;4;1
28;2025-11-05;5;75
28;2025-11-05;6;256
28;2025-11-05;7;795
28;2025-11-05;8;1236
28;2025-11-05;9;811
28;2025-11-05;10;625
28;2025-11-05;11;561
28;2025-11-05;12;722
28;2025-11-05;13;700
28;2025-11-05;14;667
28;2025-11-05;15;672
28;2025-11-05;16;869
28;2025-11-05;17;1021
28;2025-11-05;18;983
28;2025-11-05;19;731
28;2025-11-05;20;487
28;2025-11-05;21;316
28;2025-11-05;22;116
28;2025-11-05;23;9
28;2025-11-06;0;0
28;2025-11-06;1;0
28;2025-11-06;2;0
28;2025-11-06;3;0
28;2025-11-06;4;1
28;2025-11-06;5;79
28;2025-11-06;6;259
28;2025-11-06;7;803
28;2025-11-06;8;1240
28;2025-11-06;9;814
28;2025-11-06;10;628
28;2025-11-06;11;564
28;2025-11-06;12;725
28;2025-11-06;13;704
28;2025-11-06;14;671
28;2025-11-06;15;676
28;2025-11-06;16;869
28;2025-11-06;17;1027
28;2025-11-06;18;985
28;2025-11-06;19;732
28;2025-11-06;20;487
28;2025-11-06;21;316
28;2025-11-06;22;118
28;2025-11-06;23;11
28;2025-11-07;0;0
28;2025-11-07;1;0
28;2025-11-07;2;0
28;2025-11-07;3;0
28;2025-11-07;4;1
28;2025-11-07;5;79
28;2025-11-07;6;259
28;2025-11-07;7;801
28;2025-11-07;8;1237
28;2025-11-07;9;813
28;2025-11-07;10;628
28;2025-11-07;11;562
28;2025-11-07;12;725
28;2025-11-07;13;707
28;2025-11-07;14;676
28;2025-11-07;15;679
28;2025-11-07;16;876
28;2025-11-07;17;1013
28;2025-11-07;18;959
28;2025-11-07;19;711
28;2025-11-07;20;480
28;2025-11-07;21;319
28;2025-11-07;22;116
28;2025-11-07;23;11
28;2025-11-08;0;1
28;2025-11-08;1;0
28;2025-11-08;2;0
28;2025-11-08;3;0
28;2025-11-08;4;1
28;2025-11-08;5;37
28;2025-11-08;6;107
28;2025-11-08;7;230
28;2025-11-08;8;401
28;2025-11-08;9;464
28;2025-11-08;10;500
28;2025-11-08;11;501
28;2025-11-08;12;596
28;2025-11-08;13;586
28;2025-11-08;14;536
28;2025-11-08;15;600
28;2025-11-08;16;599
28;2025-11-08;17;577
28;2025-11-08;18;500
28;2025-11-08;19;386
28;2025-11-08;20;294
28;2025-11-08;21;257
28;2025-11-08;22;115
28;2025-11-08;23;18
28;2025-11-09;0;0
28;2025-11-09;1;0
28;2025-11-09;2;0
28;2025-11-09;3;0
28;2025-11-09;4;0
28;2025-11-09;5;31
28;2025-11-09;6;77
28;2025-11-09;7;166
28;2025-11-09;8;263
28;2025-11-09;9;328
28;2025-11-09;10;390
28;2025-11-09;11;438
28;2025-11-09;12;452
28;2025-11-09;13;529
28;2025-11-09;14;510
28;2025-11-09;15;512
28;2025-11-09;16;464
28;2025-11-09;17;477
28;2025-11-09;18;435
28;2025-11-09;19;378
28;2025-11-09;20;292
28;2025-11-09;21;236
28;2025-11-09;22;109
28;2025-11-09;23;11
28;2025-11-10;0;0
28;2025-11-10;1;0
28;2025-11-10;2;0
28;2025-11-10;3;0
28;2025-11-10;4;1
28;2025-11-10;5;79
28;2025-11-10;6;259
28;2025-11-10;7;798
28;2025-11-10;8;1239
28;2025-11-10;9;813
28;2025-11-10;10;630
28;2025-11-10;11;564
28;2025-11-10;12;727
28;2025-11-10;13;699
28;2025-11-10;14;669
28;2025-11-10;15;671
28;2025-11-10;16;869
28;2025-11-10;17;1024
28;2025-11-10;18;980
28;2025-11-10;19;731
28;2025-11-10;20;485
28;2025-11-10;21;316
28;2025-11-10;22;117
28;2025-11-10;23;11
28;2025-11-11;0;0
28;2025-11-11;1;0
28;2025-11-11;2;0
28;2025-11-11;3;0
28;2025-11-11;4;1
28;2025-11-11;5;79
28;2025-11-11;6;260
28;2025-11-11;7;801
28;2025-11-11;8;1251
28;2025-11-11;9;816
28;2025-11-11;10;633
28;2025-11-11;11;570
28;2025-11-11;12;730
28;2025-11-11;13;707
28;2025-11-11;14;674
28;2025-11-11;15;679
28;2025-11-11;16;873
28;2025-11-11;17;1029
28;2025-11-11;18;988
28;2025-11-11;19;731
28;2025-11-11;20;490
28;2025-11-11;21;318
28;2025-11-11;22;120
28;2025-11-11;23;12
28;2025-11-12;0;0
28;2025-11-12;1;0
28;2025-11-12;2;0
28;2025-11-12;3;0
28;2025-11-12;4;1
28;2025-11-12;5;79
28;2025-11-12;6;261
28;2025-11-12;7;802
28;2025-11-12;8;1249
28;2025-11-12;9;820
28;2025-11-12;10;634
28;2025-11-12;11;570
28;2025-11-12;12;733
28;2025-11-12;13;707
28;2025-11-12;14;674
28;2025-11-12;15;678
28;2025-11-12;16;876
28;2025-11-12;17;1028
28;2025-11-12;18;990
28;2025-11-12;19;738
28;2025-11-12;20;493
28;2025-11-12;21;321
28;2025-11-12;22;118
28;2025-11-12;23;11
28;2025-11-13;0;0
28;2025-11-13;1;0
28;2025-11-13;2;0
28;2025-11-13;3;0
28;2025-11-13;4;1
28;2025-11-13;5;79
28;2025-11-13;6;260
28;2025-11-13;7;804
28;2025-11-13;8;1244
28;2025-11-13;9;817
28;2025-11-13;10;632
28;2025-11-13;11;569
28;2025-11-13;12;730
28;2025-11-13;13;708
28;2025-11-13;14;675
28;2025-11-13;15;681
28;2025-11-13;16;873
28;2025-11-13;17;1032
28;2025-11-13;18;990
28;2025-11-13;19;737
28;2025-11-13;20;492
28;2025-11-13;21;319
28;2025-11-13;22;118
28;2025-11-13;23;9
28;2025-11-14;0;0
28;2025-11-14;1;0
28;2025-11-14;2;0
28;2025-11-14;3;0
28;2025-11-14;4;1
28;2025-11-14;5;79
28;2025-11-14;6;260
28;2025-11-14;7;802
28;2025-11-14;8;1238
28;2025-11-14;9;814
28;2025-11-14;10;633
28;2025-11-14;11;566
28;2025-11-14;12;728
28;2025-11-14;13;708
28;2025-11-14;14;678
28;2025-11-14;15;681
28;2025-11-14;16;877
28;2025-11-14;17;1015
28;2025-11-14;18;961
28;2025-11-14;19;712
28;2025-11-14;20;482
28;2025-11-14;21;317
28;2025-11-14;22;115
28;2025-11-14;23;10
28;2025-11-15;0;1
28;2025-11-15;1;0
28;2025-11-15;2;0
28;2025-11-15;3;0
28;2025-11-15;4;1
28;2025-11-15;5;36
28;2025-11-15;6;107
28;2025-11-15;7;228
28;2025-11-15;8;398
28;2025-11-15;9;460
28;2025-11-15;10;492
28;2025-11-15;11;494
28;2025-11-15;12;592
28;2025-11-15;13;582
28;2025-11-15;14;529
28;2025-11-15;15;594
28;2025-11-15;16;600
28;2025-11-15;17;573
28;2025-11-15;18;496
28;2025-11-15;19;383
28;2025-11-15;20;293
28;2025-11-15;21;256
28;2025-11-15;22;115
28;2025-11-15;23;17
28;2025-11-16;0;0
28;2025-11-16;1;0
28;2025-11-16;2;0
28;2025-11-16;3;0
28;2025-11-16;4;0
28;2025-11-16;5;30
28;2025-11-16;6;77
28;2025-11-16;7;167
28;2025-11-16;8;264
28;2025-11-16;9;329
28;2025-11-16;10;392
28;2025-11-16;11;440
28;2025-11-16;12;455
28;2025-11-16;13;533
28;2025-11-16;14;513
28;2025-11-16;15;515
28;2025-11-16;16;466
28;2025-11-16;17;479
28;2025-11-16;18;438
28;2025-11-16;19;379
28;2025-11-16;20;293
28;2025-11-16;21;237
28;2025-11-16;22;110
28;2025-11-16;23;11
28;2025-11-17;0;0
28;2025-11-17;1;0
28;2025-11-17;2;0
28;2025-11-17;3;0
28;2025-11-17;4;1
28;2025-11-17;5;76
28;2025-11-17;6;259
28;2025-11-17;7;799
28;2025-11-17;8;1238
28;2025-11-17;9;814
28;2025-11-17;10;629
28;2025-11-17;11;564
28;2025-11-17;12;726
28;2025-11-17;13;695
28;2025-11-17;14;664
28;2025-11-17;15;666
28;2025-11-17;16;864
28;2025-11-17;17;1019
28;2025-11-17;18;978
28;2025-11-17;19;730
28;2025-11-17;20;485
28;2025-11-17;21;315
28;2025-11-17;22;116
28;2025-11-17;23;10
28;2025-11-18;0;0
28;2025-11-18;1;0
28;2025-11-18;2;0
28;2025-11-18;3;0
28;2025-11-18;4;1
28;2025-11-18;5;79
28;2025-11-18;6;259
28;2025-11-18;7;799
28;2025-11-18;8;1246
28;2025-11-18;9;813
28;2025-11-18;10;626
28;2025-11-18;11;561
28;2025-11-18;12;723
28;2025-11-18;13;697
28;2025-11-18;14;667
28;2025-11-18;15;671
28;2025-11-18;16;866
28;2025-11-18;17;1022
28;2025-11-18;18;981
28;2025-11-18;19;727
28;2025-11-18;20;486
28;2025-11-18;21;315
28;2025-11-18;22;116
28;2025-11-18;23;9
28;2025-11-19;0;0
28;2025-11-19;1;0
28;2025-11-19;2;0
28;2025-11-19;3;0
28;2025-11-19;4;1
28;2025-11-19;5;79
28;2025-11-19;6;260
28;2025-11-19;7;801
28;2025-11-19;8;1249
28;2025-11-19;9;821
28;2025-11-19;10;635
28;2025-11-19;11;572
28;2025-11-19;12;735
28;2025-11-19;13;711
28;2025-11-19;14;677
28;2025-11-19;15;681
28;2025-11-19;16;878
28;2025-11-19;17;1030
28;2025-11-19;18;992
28;2025-11-19;19;739
28;2025-11-19;20;494
28;2025-11-19;21;320
28;2025-11-19;22;120
28;2025-11-19;23;9
28;2025-11-20;0;0
28;2025-11-20;1;0
28;2025-11-20;2;0
28;2025-11-20;3;0
28;2025-11-20;4;1
28;2025-11-20;5;80
28;2025-11-20;6;261
28;2025-11-20;7;806
28;2025-11-20;8;1247
28;2025-11-20;9;819
28;2025-11-20;10;634
28;2025-11-20;11;571
28;2025-11-20;12;732
28;2025-11-20;13;710
28;2025-11-20;14;676
28;2025-11-20;15;684
28;2025-11-20;16;875
28;2025-11-20;17;1035
28;2025-11-20;18;991
28;2025-11-20;19;738
28;2025-11-20;20;493
28;2025-11-20;21;320
28;2025-11-20;22;121
28;2025-11-20;23;11
28;2025-11-21;0;0
28;2025-11-21;1;0
28;2025-11-21;2;0
28;2025-11-21;3;0
28;2025-11-21;4;1
28;2025-11-21;5;79
28;2025-11-21;6;259
28;2025-11-21;7;802
28;2025-11-21;8;1242
28;2025-11-21;9;816
28;2025-11-21;10;634
28;2025-11-21;11;567
28;2025-11-21;12;729
28;2025-11-21;13;710
28;2025-11-21;14;679
28;2025-11-21;15;682
28;2025-11-21;16;879
28;2025-11-21;17;1017
28;2025-11-21;18;962
28;2025-11-21;19;714
28;2025-11-21;20;482
28;2025-11-21;21;321
28;2025-11-21;22;116
28;2025-11-21;23;12
28;2025-11-22;0;1
28;2025-11-22;1;0
28;2025-11-22;2;0
28;2025-11-22;3;0
28;2025-11-22;4;1
28;2025-11-22;5;37
28;2025-11-22;6;107
28;2025-11-22;7;230
28;2025-11-22;8;399
28;2025-11-22;9;461
28;2025-11-22;10;496
28;2025-11-22;11;500
28;2025-11-22;12;600
28;2025-11-22;13;588
28;2025-11-22;14;534
28;2025-11-22;15;599
28;2025-11-22;16;604
28;2025-11-22;17;579
28;2025-11-22;18;501
28;2025-11-22;19;387
28;2025-11-22;20;294
28;2025-11-22;21;256
28;2025-11-22;22;114
28;2025-11-22;23;17
28;2025-11-23;0;0
28;2025-11-23;1;0
28;2025-11-23;2;0
28;2025-11-23;3;0
28;2025-11-23;4;0
28;2025-11-23;5;30
28;2025-11-23;6;76
28;2025-11-23;7;167
28;2025-11-23;8;264
28;2025-11-23;9;328
28;2025-11-23;10;391
28;2025-11-23;11;439
28;2025-11-23;12;453
28;2025-11-23;13;531
28;2025-11-23;14;511
28;2025-11-23;15;512
28;2025-11-23;16;464
28;2025-11-23;17;477
28;2025-11-23;18;436
28;2025-11-23;19;377
28;2025-11-23;20;292
28;2025-11-23;21;236
28;2025-11-23;22;109
28;2025-11-23;23;11
28;2025-11-24;0;0
28;2025-11-24;1;0
28;2025-11-24;2;0
28;2025-11-24;3;0
28;2025-11-24;4;1
28;2025-11-24;5;78
28;2025-11-24;6;256
28;2025-11-24;7;795
28;2025-11-24;8;1232
28;2025-11-24;9;809
28;2025-11-24;10;623
28;2025-11-24;11;557
28;2025-11-24;12;720
28;2025-11-24;13;692
28;2025-11-24;14;663
28;2025-11-24;15;663
28;2025-11-24;16;860
28;2025-11-24;17;1015
28;2025-11-24;18;974
28;2025-11-24;19;727
28;2025-11-24;20;481
28;2025-11-24;21;311
28;2025-11-24;22;113
28;2025-11-24;23;8
28;2025-11-25;0;0
28;2025-11-25;1;0
28;2025-11-25;2;0
28;2025-11-25;3;0
28;2025-11-25;4;1
28;2025-11-25;5;76
28;2025-11-25;6;259
28;2025-11-25;7;801
28;2025-11-25;8;1253
28;2025-11-25;9;817
28;2025-11-25;10;635
28;2025-11-25;11;572
28;2025-11-25;12;732
28;2025-11-25;13;708
28;2025-11-25;14;676
28;2025-11-25;15;681
28;2025-11-25;16;874
28;2025-11-25;17;1030
28;2025-11-25;18;989
28;2025-11-25;19;733
28;2025-11-25;20;492
28;2025-11-25;21;321
28;2025-11-25;22;119
28;2025-11-25;23;11
28;2025-11-26;0;0
28;2025-11-26;1;0
28;2025-11-26;2;0
28;2025-11-26;3;0
28;2025-11-26;4;1
28;2025-11-26;5;79
28;2025-11-26;6;259
28;2025-11-26;7;801
28;2025-11-26;8;1247
28;2025-11-26;9;820
28;2025-11-26;10;632
28;2025-11-26;11;568
28;2025-11-26;12;731
28;2025-11-26;13;706
28;2025-11-26;14;674
28;2025-11-26;15;677
28;2025-11-26;16;874
28;2025-11-26;17;1024
28;2025-11-26;18;987
28;2025-11-26;19;737
28;2025-11-26;20;490
28;2025-11-26;21;319
28;2025-11-26;22;118
28;2025-11-26;23;11
28;2025-11-27;0;0
28;2025-11-27;1;0
28;2025-11-27;2;0
28;2025-11-27;3;0
28;2025-11-27;4;1
28;2025-11-27;5;80
28;2025-11-27;6;260
28;2025-11-27;7;806
28;2025-11-27;8;1245
28;2025-11-27;9;819
28;2025-11-27;10;633
28;2025-11-27;11;570
28;2025-11-27;12;729
28;2025-11-27;13;706
28;2025-11-27;14;673
28;2025-11-27;15;680
28;2025-11-27;16;872
28;2025-11-27;17;1032
28;2025-11-27;18;986
28;2025-11-27;19;733
28;2025-11-27;20;490
28;2025-11-27;21;318
28;2025-11-27;22;118
28;2025-11-27;23;11
28;2025-11-28;0;0
28;2025-11-28;1;0
28;2025-11-28;2;0
28;2025-11-28;3;0
28;2025-11-28;4;1
28;2025-11-28;5;80
28;2025-11-28;6;259
28;2025-11-28;7;799
28;2025-11-28;8;1236
28;2025-11-28;9;814
28;2025-11-28;10;632
28;2025-11-28;11;566
28;2025-11-28;12;728
28;2025-11-28;13;709
28;2025-11-28;14;678
28;2025-11-28;15;681
28;2025-11-28;16;879
28;2025-11-28;17;1016
28;2025-11-28;18;963
28;2025-11-28;19;714
28;2025-11-28;20;482
28;2025-11-28;21;319
28;2025-11-28;22;115
28;2025-11-28;23;10
28;2025-11-29;0;1
28;2025-11-29;1;0
28;2025-11-29;2;0
28;2025-11-29;3;0
28;2025-11-29;4;1
28;2025-11-29;5;37
28;2025-11-29;6;108
28;2025-11-29;7;232
28;2025-11-29;8;405
28;2025-11-29;9;468
28;2025-11-29;10;504
28;2025-11-29;11;508
28;2025-11-29;12;606
28;2025-11-29;13;595
28;2025-11-29;14;539
28;2025-11-29;15;603
28;2025-11-29;16;606
28;2025-11-29;17;580
28;2025-11-29;18;503
28;2025-11-29;19;387
28;2025-11-29;20;296
28;2025-11-29;21;258
28;2025-11-29;22;115
28;2025-11-29;23;18
28;2025-11-30;0;0
28;2025-11-30;1;0
28;2025-11-30;2;0
28;2025-11-30;3;0
28;2025-11-30;4;0
28;2025-11-30;5;31
28;2025-11-30;6;76
28;2025-11-30;7;166
28;2025-11-30;8;263
28;2025-11-30;9;328
28;2025-11-30;10;392
28;2025-11-30;11;440
28;2025-11-30;12;453
28;2025-11-30;13;532
28;2025-11-30;14;510
28;2025-11-30;15;513
28;2025-11-30;16;464
28;2025-11-30;17;478
28;2025-11-30;18;437
28;2025-11-30;19;378
28;2025-11-30;20;293
28;2025-11-30;21;236
28;2025-11-30;22;109
28;2025-11-30;23;11
28;2025-12-01;0;0
28;2025-12-01;1;0
28;2025-12-01;2;0
28;2025-12-01;3;0
28;2025-12-01;4;1
28;2025-12-01;5;78
28;2025-12-01;6;267
28;2025-12-01;7;825
28;2025-12-01;8;1273
28;2025-12-01;9;843
28;2025-12-01;10;649
28;2025-12-01;11;584
28;2025-12-01;12;746
28;2025-12-01;13;721
28;2025-12-01;14;686
28;2025-12-01;15;692
28;2025-12-01;16;889
28;2025-12-01;17;1059
28;2025-12-01;18;1003
28;2025-12-01;19;749
28;2025-12-01;20;499
28;2025-12-01;21;326
28;2025-12-01;22;119
28;2025-12-01;23;11
28;2025-12-02;0;0
28;2025-12-02;1;0
28;2025-12-02;2;0
28;2025-12-02;3;0
28;2025-12-02;4;1
28;2025-12-02;5;83
28;2025-12-02;6;270
28;2025-12-02;7;829
28;2025-12-02;8;1293
28;2025-12-02;9;849
28;2025-12-02;10;657
28;2025-12-02;11;594
28;2025-12-02;12;752
28;2025-12-02;13;733
28;2025-12-02;14;696
28;2025-12-02;15;705
28;2025-12-02;16;895
28;2025-12-02;17;1066
28;2025-12-02;18;1018
28;2025-12-02;19;750
28;2025-12-02;20;508
28;2025-12-02;21;331
28;2025-12-02;22;124
28;2025-12-02;23;11
28;2025-12-03;0;0
28;2025-12-03;1;0
28;2025-12-03;2;0
28;2025-12-03;3;0
28;2025-12-03;4;1
28;2025-12-03;5;83
28;2025-12-03;6;272
28;2025-12-03;7;830
28;2025-12-03;8;1289
28;2025-12-03;9;855
28;2025-12-03;10;658
28;2025-12-03;11;596
28;2025-12-03;12;758
28;2025-12-03;13;738
28;2025-12-03;14;699
28;2025-12-03;15;705
28;2025-12-03;16;903
28;2025-12-03;17;1067
28;2025-12-03;18;1023
28;2025-12-03;19;760
28;2025-12-03;20;511
28;2025-12-03;21;334
28;2025-12-03;22;124
28;2025-12-03;23;11
28;2025-12-04;0;0
28;2025-12-04;1;0
28;2025-12-04;2;0
28;2025-12-04;3;0
28;2025-12-04;4;1
28;2025-12-04;5;84
28;2025-12-04;6;271
28;2025-12-04;7;835
28;2025-12-04;8;1283
28;2025-12-04;9;851
28;2025-12-04;10;654
28;2025-12-04;11;593
28;2025-12-04;12;752
28;2025-12-04;13;736
28;2025-12-04;14;697
28;2025-12-04;15;709
28;2025-12-04;16;896
28;2025-12-04;17;1073
28;2025-12-04;18;1021
28;2025-12-04;19;738
28;2025-12-04;20;510
28;2025-12-04;21;334
28;2025-12-04;22;126
28;2025-12-04;23;12
28;2025-12-05;0;0
28;2025-12-05;1;0
28;2025-12-05;2;0
28;2025-12-05;3;0
28;2025-12-05;4;1
28;2025-12-05;5;79
28;2025-12-05;6;270
28;2025-12-05;7;831
28;2025-12-05;8;1278
28;2025-12-05;9;848
28;2025-12-05;10;657
28;2025-12-05;11;588
28;2025-12-05;12;750
28;2025-12-05;13;737
28;2025-12-05;14;703
28;2025-12-05;15;709
28;2025-12-05;16;905
28;2025-12-05;17;1048
28;2025-12-05;18;978
28;2025-12-05;19;724
28;2025-12-05;20;494
28;2025-12-05;21;333
28;2025-12-05;22;120
28;2025-12-05;23;12
28;2025-12-06;0;1
28;2025-12-06;1;0
28;2025-12-06;2;0
28;2025-12-06;3;0
28;2025-12-06;4;1
28;2025-12-06;5;39
28;2025-12-06;6;112
28;2025-12-06;7;239
28;2025-12-06;8;418
28;2025-12-06;9;484
28;2025-12-06;10;520
28;2025-12-06;11;525
28;2025-12-06;12;628
28;2025-12-06;13;615
28;2025-12-06;14;555
28;2025-12-06;15;625
28;2025-12-06;16;629
28;2025-12-06;17;605
28;2025-12-06;18;520
28;2025-12-06;19;402
28;2025-12-06;20;307
28;2025-12-06;21;268
28;2025-12-06;22;122
28;2025-12-06;23;18
28;2025-12-07;0;0
28;2025-12-07;1;0
28;2025-12-07;2;0
28;2025-12-07;3;0
28;2025-12-07;4;0
28;2025-12-07;5;31
28;2025-12-07;6;79
28;2025-12-07;7;171
28;2025-12-07;8;273
28;2025-12-07;9;341
28;2025-12-07;10;405
28;2025-12-07;11;456
28;2025-12-07;12;471
28;2025-12-07;13;548
28;2025-12-07;14;527
28;2025-12-07;15;527
28;2025-12-07;16;482
28;2025-12-07;17;498
28;2025-12-07;18;457
28;2025-12-07;19;395
28;2025-12-07;20;306
28;2025-12-07;21;246
28;2025-12-07;22;115
28;2025-12-07;23;12
28;2025-12-08;0;0
28;2025-12-08;1;0
28;2025-12-08;2;0
28;2025-12-08;3;0
28;2025-12-08;4;1
28;2025-12-08;5;83
28;2025-12-08;6;270
28;2025-12-08;7;825
28;2025-12-08;8;1275
28;2025-12-08;9;845
28;2025-12-08;10;651
28;2025-12-08;11;586
28;2025-12-08;12;748
28;2025-12-08;13;723
28;2025-12-08;14;688
28;2025-12-08;15;693
28;2025-12-08;16;890
28;2025-12-08;17;1061
28;2025-12-08;18;1005
28;2025-12-08;19;751
28;2025-12-08;20;500
28;2025-12-08;21;328
28;2025-12-08;22;120
28;2025-12-08;23;11
28;2025-12-09;0;0
28;2025-12-09;1;0
28;2025-12-09;2;0
28;2025-12-09;3;0
28;2025-12-09;4;1
28;2025-12-09;5;83
28;2025-12-09;6;271
28;2025-12-09;7;827
28;2025-12-09;8;1295
28;2025-12-09;9;851
28;2025-12-09;10;660
28;2025-12-09;11;595
28;2025-12-09;12;753
28;2025-12-09;13;734
28;2025-12-09;14;697
28;2025-12-09;15;708
28;2025-12-09;16;898
28;2025-12-09;17;1064
28;2025-12-09;18;1016
28;2025-12-09;19;751
28;2025-12-09;20;508
28;2025-12-09;21;332
28;2025-12-09;22;123
28;2025-12-09;23;11
28;2025-12-10;0;0
28;2025-12-10;1;0
28;2025-12-10;2;0
28;2025-12-10;3;0
28;2025-12-10;4;1
28;2025-12-10;5;79
28;2025-12-10;6;270
28;2025-12-10;7;830
28;2025-12-10;8;1291
28;2025-12-10;9;856
28;2025-12-10;10;659
28;2025-12-10;11;598
28;2025-12-10;12;760
28;2025-12-10;13;740
28;2025-12-10;14;699
28;2025-12-10;15;707
28;2025-12-10;16;903
28;2025-12-10;17;1066
28;2025-12-10;18;1022
28;2025-12-10;19;760
28;2025-12-10;20;511
28;2025-12-10;21;333
28;2025-12-10;22;123
28;2025-12-10;23;11
28;2025-12-11;0;0
28;2025-12-11;1;0
28;2025-12-11;2;0
28;2025-12-11;3;0
28;2025-12-11;4;1
28;2025-12-11;5;83
28;2025-12-11;6;271
28;2025-12-11;7;833
28;2025-12-11;8;1279
28;2025-12-11;9;848
28;2025-12-11;10;651
28;2025-12-11;11;589
28;2025-12-11;12;750
28;2025-12-11;13;734
28;2025-12-11;14;697
28;2025-12-11;15;711
28;2025-12-11;16;896
28;2025-12-11;17;1070
28;2025-12-11;18;1017
28;2025-12-11;19;753
28;2025-12-11;20;506
28;2025-12-11;21;332
28;2025-12-11;22;125
28;2025-12-11;23;12
28;2025-12-12;0;0
28;2025-12-12;1;0
28;2025-12-12;2;0
28;2025-12-12;3;0
28;2025-12-12;4;1
28;2025-12-12;5;83
28;2025-12-12;6;271
28;2025-12-12;7;831
28;2025-12-12;8;1277
28;2025-12-12;9;851
28;2025-12-12;10;660
28;2025-12-12;11;590
28;2025-12-12;12;750
28;2025-12-12;13;735
28;2025-12-12;14;700
28;2025-12-12;15;703
28;2025-12-12;16;891
28;2025-12-12;17;1034
28;2025-12-12;18;970
28;2025-12-12;19;723
28;2025-12-12;20;492
28;2025-12-12;21;328
28;2025-12-12;22;117
28;2025-12-12;23;9
28;2025-12-13;0;1
28;2025-12-13;1;0
28;2025-12-13;2;0
28;2025-12-13;3;0
28;2025-12-13;4;1
28;2025-12-13;5;38
28;2025-12-13;6;110
28;2025-12-13;7;236
28;2025-12-13;8;415
28;2025-12-13;9;479
28;2025-12-13;10;518
28;2025-12-13;11;522
28;2025-12-13;12;625
28;2025-12-13;13;611
28;2025-12-13;14;552
28;2025-12-13;15;622
28;2025-12-13;16;626
28;2025-12-13;17;603
28;2025-12-13;18;517
28;2025-12-13;19;400
28;2025-12-13;20;304
28;2025-12-13;21;265
28;2025-12-13;22;121
28;2025-12-13;23;18
28;2025-12-14;0;0
28;2025-12-14;1;0
28;2025-12-14;2;0
28;2025-12-14;3;0
28;2025-12-14;4;0
28;2025-12-14;5;32
28;2025-12-14;6;79
28;2025-12-14;7;171
28;2025-12-14;8;271
28;2025-12-14;9;338
28;2025-12-14;10;402
28;2025-12-14;11;455
28;2025-12-14;12;469
28;2025-12-14;13;545
28;2025-12-14;14;524
28;2025-12-14;15;524
28;2025-12-14;16;480
28;2025-12-14;17;497
28;2025-12-14;18;455
28;2025-12-14;19;392
28;2025-12-14;20;304
28;2025-12-14;21;244
28;2025-12-14;22;113
28;2025-12-14;23;11
28;2025-12-15;0;0
28;2025-12-15;1;0
28;2025-12-15;2;0
28;2025-12-15;3;0
28;2025-12-15;4;1
28;2025-12-15;5;78
28;2025-12-15;6;268
28;2025-12-15;7;826
28;2025-12-15;8;1276
28;2025-12-15;9;847
28;2025-12-15;10;653
28;2025-12-15;11;587
28;2025-12-15;12;749
28;2025-12-15;13;723
28;2025-12-15;14;688
28;2025-12-15;15;693
28;2025-12-15;16;889
28;2025-12-15;17;1061
28;2025-12-15;18;1004
28;2025-12-15;19;750
28;2025-12-15;20;501
28;2025-12-15;21;327
28;2025-12-15;22;119
28;2025-12-15;23;11
28;2025-12-16;0;0
28;2025-12-16;1;0
28;2025-12-16;2;0
28;2025-12-16;3;0
28;2025-12-16;4;1
28;2025-12-16;5;83
28;2025-12-16;6;271
28;2025-12-16;7;831
28;2025-12-16;8;1295
28;2025-12-16;9;853
28;2025-12-16;10;660
28;2025-12-16;11;596
28;2025-12-16;12;754
28;2025-12-16;13;731
28;2025-12-16;14;693
28;2025-12-16;15;702
28;2025-12-16;16;897
28;2025-12-16;17;1066
28;2025-12-16;18;1016
28;2025-12-16;19;750
28;2025-12-16;20;508
28;2025-12-16;21;332
28;2025-12-16;22;124
28;2025-12-16;23;11
28;2025-12-17;0;0
28;2025-12-17;1;0
28;2025-12-17;2;0
28;2025-12-17;3;0
28;2025-12-17;4;1
28;2025-12-17;5;83
28;2025-12-17;6;271
28;2025-12-17;7;829
28;2025-12-17;8;1292
28;2025-12-17;9;857
28;2025-12-17;10;659
28;2025-12-17;11;598
28;2025-12-17;12;759
28;2025-12-17;13;738
28;2025-12-17;14;700
28;2025-12-17;15;709
28;2025-12-17;16;906
28;2025-12-17;17;1069
28;2025-12-17;18;1025
28;2025-12-17;19;762
28;2025-12-17;20;512
28;2025-12-17;21;335
28;2025-12-17;22;125
28;2025-12-17;23;12
28;2025-12-18;0;0
28;2025-12-18;1;0
28;2025-12-18;2;0
28;2025-12-18;3;0
28;2025-12-18;4;1
28;2025-12-18;5;84
28;2025-12-18;6;272
28;2025-12-18;7;836
28;2025-12-18;8;1287
28;2025-12-18;9;854
28;2025-12-18;10;656
28;2025-12-18;11;594
28;2025-12-18;12;754
28;2025-12-18;13;738
28;2025-12-18;14;699
28;2025-12-18;15;712
28;2025-12-18;16;900
28;2025-12-18;17;1076
28;2025-12-18;18;1024
28;2025-12-18;19;760
28;2025-12-18;20;512
28;2025-12-18;21;335
28;2025-12-18;22;126
28;2025-12-18;23;12
28;2025-12-19;0;0
28;2025-12-19;1;0
28;2025-12-19;2;0
28;2025-12-19;3;0
28;2025-12-19;4;1
28;2025-12-19;5;83
28;2025-12-19;6;272
28;2025-12-19;7;832
28;2025-12-19;8;1282
28;2025-12-19;9;851
28;2025-12-19;10;659
28;2025-12-19;11;590
28;2025-12-19;12;752
28;2025-12-19;13;740
28;2025-12-19;14;705
28;2025-12-19;15;713
28;2025-12-19;16;908
28;2025-12-19;17;1051
28;2025-12-19;18;980
28;2025-12-19;19;727
28;2025-12-19;20;496
28;2025-12-19;21;334
28;2025-12-19;22;120
28;2025-12-19;23;13
28;2025-12-20;0;1
28;2025-12-20;1;0
28;2025-12-20;2;0
28;2025-12-20;3;0
28;2025-12-20;4;1
28;2025-12-20;5;39
28;2025-12-20;6;111
28;2025-12-20;7;239
28;2025-12-20;8;419
28;2025-12-20;9;485
28;2025-12-20;10;521
28;2025-12-20;11;525
28;2025-12-20;12;627
28;2025-12-20;13;615
28;2025-12-20;14;555
28;2025-12-20;15;625
28;2025-12-20;16;629
28;2025-12-20;17;605
28;2025-12-20;18;521
28;2025-12-20;19;403
28;2025-12-20;20;307
28;2025-12-20;21;268
28;2025-12-20;22;122
28;2025-12-20;23;18
28;2025-12-21;0;0
28;2025-12-21;1;0
28;2025-12-21;2;0
28;2025-12-21;3;0
28;2025-12-21;4;0
28;2025-12-21;5;33
28;2025-12-21;6;78
28;2025-12-21;7;169
28;2025-12-21;8;269
28;2025-12-21;9;338
28;2025-12-21;10;403
28;2025-12-21;11;453
28;2025-12-21;12;467
28;2025-12-21;13;546
28;2025-12-21;14;524
28;2025-12-21;15;525
28;2025-12-21;16;478
28;2025-12-21;17;496
28;2025-12-21;18;455
28;2025-12-21;19;392
28;2025-12-21;20;304
28;2025-12-21;21;245
28;2025-12-21;22;113
28;2025-12-21;23;12
28;2025-12-22;0;0
28;2025-12-22;1;0
28;2025-12-22;2;0
28;2025-12-22;3;0
28;2025-12-22;4;1
28;2025-12-22;5;83
28;2025-12-22;6;269
28;2025-12-22;7;825
28;2025-12-22;8;1272
28;2025-12-22;9;843
28;2025-12-22;10;648
28;2025-12-22;11;581
28;2025-12-22;12;744
28;2025-12-22;13;716
28;2025-12-22;14;682
28;2025-12-22;15;688
28;2025-12-22;16;885
28;2025-12-22;17;1053
28;2025-12-22;18;997
28;2025-12-22;19;745
28;2025-12-22;20;497
28;2025-12-22;21;322
28;2025-12-22;22;117
28;2025-12-22;23;7
28;2025-12-23;0;0
28;2025-12-23;1;0
28;2025-12-23;2;0
28;2025-12-23;3;0
28;2025-12-23;4;1
28;2025-12-23;5;77
28;2025-12-23;6;267
28;2025-12-23;7;825
28;2025-12-23;8;1291
28;2025-12-23;9;848
28;2025-12-23;10;658
28;2025-12-23;11;595
28;2025-12-23;12;752
28;2025-12-23;13;733
28;2025-12-23;14;697
28;2025-12-23;15;708
28;2025-12-23;16;896
28;2025-12-23;17;1066
28;2025-12-23;18;1016
28;2025-12-23;19;750
28;2025-12-23;20;508
28;2025-12-23;21;329
28;2025-12-23;22;121
28;2025-12-23;23;10
28;2025-12-24;0;0
28;2025-12-24;1;0
28;2025-12-24;2;0
28;2025-12-24;3;0
28;2025-12-24;4;1
28;2025-12-24;5;79
28;2025-12-24;6;269
28;2025-12-24;7;827
28;2025-12-24;8;1288
28;2025-12-24;9;856
28;2025-12-24;10;661
28;2025-12-24;11;599
28;2025-12-24;12;759
28;2025-12-24;13;735
28;2025-12-24;14;696
28;2025-12-24;15;704
28;2025-12-24;16;902
28;2025-12-24;17;1065
28;2025-12-24;18;1019
28;2025-12-24;19;757
28;2025-12-24;20;510
28;2025-12-24;21;332
28;2025-12-24;22;122
28;2025-12-24;23;11
28;2025-12-25;0;0
28;2025-12-25;1;0
28;2025-12-25;2;0
28;2025-12-25;3;0
28;2025-12-25;4;1
28;2025-12-25;5;83
28;2025-12-25;6;269
28;2025-12-25;7;830
28;2025-12-25;8;1277
28;2025-12-25;9;849
28;2025-12-25;10;653
28;2025-12-25;11;592
28;2025-12-25;12;751
28;2025-12-25;13;734
28;2025-12-25;14;694
28;2025-12-25;15;709
28;2025-12-25;16;893
28;2025-12-25;17;1069
28;2025-12-25;18;1009
28;2025-12-25;19;747
28;2025-12-25;20;501
28;2025-12-25;21;327
28;2025-12-25;22;123
28;2025-12-25;23;11
28;2025-12-26;0;0
28;2025-12-26;1;0
28;2025-12-26;2;0
28;2025-12-26;3;0
28;2025-12-26;4;1
28;2025-12-26;5;84
28;2025-12-26;6;268
28;2025-12-26;7;821
28;2025-12-26;8;1262
28;2025-12-26;9;838
28;2025-12-26;10;647
28;2025-12-26;11;576
28;2025-12-26;12;737
28;2025-12-26;13;723
28;2025-12-26;14;691
28;2025-12-26;15;700
28;2025-12-26;16;893
28;2025-12-26;17;1033
28;2025-12-26;18;964
28;2025-12-26;19;715
28;2025-12-26;20;483
28;2025-12-26;21;326
28;2025-12-26;22;117
28;2025-12-26;23;13
28;2025-12-27;0;1
28;2025-12-27;1;0
28;2025-12-27;2;0
28;2025-12-27;3;0
28;2025-12-27;4;1
28;2025-12-27;5;37
28;2025-12-27;6;110
28;2025-12-27;7;236
28;2025-12-27;8;415
28;2025-12-27;9;478
28;2025-12-27;10;514
28;2025-12-27;11;517
28;2025-12-27;12;623
28;2025-12-27;13;612
28;2025-12-27;14;553
28;2025-12-27;15;621
28;2025-12-27;16;626
28;2025-12-27;17;601
28;2025-12-27;18;516
28;2025-12-27;19;400
28;2025-12-27;20;305
28;2025-12-27;21;265
28;2025-12-27;22;121
28;2025-12-27;23;18
28;2025-12-28;0;0
28;2025-12-28;1;0
28;2025-12-28;2;0
28;2025-12-28;3;0
28;2025-12-28;4;0
28;2025-12-28;5;32
28;2025-12-28;6;78
28;2025-12-28;7;168
28;2025-12-28;8;267
28;2025-12-28;9;333
28;2025-12-28;10;397
28;2025-12-28;11;444
28;2025-12-28;12;458
28;2025-12-28;13;538
28;2025-12-28;14;516
28;2025-12-28;15;518
28;2025-12-28;16;472
28;2025-12-28;17;491
28;2025-12-28;18;452
28;2025-12-28;19;389
28;2025-12-28;20;298
28;2025-12-28;21;240
28;2025-12-28;22;111
28;2025-12-28;23;11
28;2025-12-29;0;0
28;2025-12-29;1;0
28;2025-12-29;2;0
28;2025-12-29;3;0
28;2025-12-29;4;1
28;2025-12-29;5;70
28;2025-12-29;6;226
28;2025-12-29;7;696
28;2025-12-29;8;1075
28;2025-12-29;9;712
28;2025-12-29;10;548
28;2025-12-29;11;492
28;2025-12-29;12;630
28;2025-12-29;13;608
28;2025-12-29;14;579
28;2025-12-29;15;585
28;2025-12-29;16;750
28;2025-12-29;17;892
28;2025-12-29;18;840
28;2025-12-29;19;625
28;2025-12-29;20;415
28;2025-12-29;21;271
28;2025-12-29;22;97
28;2025-12-29;23;9
28;2025-12-30;0;0
28;2025-12-30;1;0
28;2025-12-30;2;0
28;2025-12-30;3;0
28;2025-12-30;4;1
28;2025-12-30;5;69
28;2025-12-30;6;226
28;2025-12-30;7;697
28;2025-12-30;8;1092
28;2025-12-30;9;713
28;2025-12-30;10;550
28;2025-12-30;11;494
28;2025-12-30;12;630
28;2025-12-30;13;615
28;2025-12-30;14;585
28;2025-12-30;15;597
28;2025-12-30;16;752
28;2025-12-30;17;892
28;2025-12-30;18;841
28;2025-12-30;19;619
28;2025-12-30;20;418
28;2025-12-30;21;272
28;2025-12-30;22;101
28;2025-12-30;23;10
28;2025-12-31;0;0
28;2025-12-31;1;0
28;2025-12-31;2;0
28;2025-12-31;3;0
28;2025-12-31;4;0
28;2025-12-31;5;27
28;2025-12-31;6;68
28;2025-12-31;7;146
28;2025-12-31;8;232
28;2025-12-31;9;289
28;2025-12-31;10;342
28;2025-12-31;11;382
28;2025-12-31;12;395
28;2025-12-31;13;461
28;2025-12-31;14;443
28;2025-12-31;15;446
28;2025-12-31;16;404
28;2025-12-31;17;422
28;2025-12-31;18;384
28;2025-12-31;19;328
28;2025-12-31;20;0
28;2025-12-31;21;0
28;2025-12-31;22;0
28;2025-12-31;23;0
50;2025-11-01;0;20
50;2025-11-01;1;1
50;2025-11-01;2;0
50;2025-11-01;3;0
50;2025-11-01;4;3
50;2025-11-01;5;59
50;2025-11-01;6;436
50;2025-11-01;7;1481
50;2025-11-01;8;2390
50;2025-11-01;9;1870
50;2025-11-01;10;1423
50;2025-11-01;11;1296
50;2025-11-01;12;1231
50;2025-11-01;13;1278
50;2025-11-01;14;1222
50;2025-11-01;15;1418
50;2025-11-01;16;1489
50;2025-11-01;17;1999
50;2025-11-01;18;1980
50;2025-11-01;19;1157
50;2025-11-01;20;761
50;2025-11-01;21;520
50;2025-11-01;22;171
50;2025-11-01;23;124
50;2025-11-02;0;0
50;2025-11-02;1;0
50;2025-11-02;2;0
50;2025-11-02;3;0
50;2025-11-02;4;0
50;2025-11-02;5;0
50;2025-11-02;6;0
50;2025-11-02;7;0
50;2025-11-02;8;0
50;2025-11-02;9;0
50;2025-11-02;10;13
50;2025-11-02;11;16
50;2025-11-02;12;9
50;2025-11-02;13;18
50;2025-11-02;14;59
50;2025-11-02;15;54
50;2025-11-02;16;100
50;2025-11-02;17;74
50;2025-11-02;18;40
50;2025-11-02;19;30
50;2025-11-02;20;31
50;2025-11-02;21;20
50;2025-11-02;22;30
50;2025-11-02;23;4
50;2025-11-03;0;0
50;2025-11-03;1;0
50;2025-11-03;2;0
50;2025-11-03;3;0
50;2025-11-03;4;0
50;2025-11-03;5;0
50;2025-11-03;6;0
50;2025-11-03;7;0
50;2025-11-03;8;0
50;2025-11-03;9;0
50;2025-11-03;10;12
50;2025-11-03;11;15
50;2025-11-03;12;8
50;2025-11-03;13;17
50;2025-11-03;14;56
50;2025-11-03;15;51
50;2025-11-03;16;95
50;2025-11-03;17;70
50;2025-11-03;18;38
50;2025-11-03;19;28
50;2025-11-03;20;29
50;2025-11-03;21;19
50;2025-11-03;22;28
50;2025-11-03;23;4
50;2025-11-04;0;0
50;2025-11-04;1;0
50;2025-11-04;2;0
50;2025-11-04;3;0
50;2025-11-04;4;0
50;2025-11-04;5;0
50;2025-11-04;6;0
50;2025-11-04;7;0
50;2025-11-04;8;0
50;2025-11-04;9;0
50;2025-11-04;10;12
50;2025-11-04;11;15
50;2025-11-04;12;8
50;2025-11-04;13;17
50;2025-11-04;14;56
50;2025-11-04;15;51
50;2025-11-04;16;95
50;2025-11-04;17;70
50;2025-11-04;18;38
50;2025-11-04;19;28
50;2025-11-04;20;29
50;2025-11-04;21;19
50;2025-11-04;22;28
50;2025-11-04;23;4
50;2025-11-05;0;23
50;2025-11-05;1;2
50;2025-11-05;2;0
50;2025-11-05;3;0
50;2025-11-05;4;3
50;2025-11-05;5;69
50;2025-11-05;6;505
50;2025-11-05;7;1710
50;2025-11-05;8;2737
50;2025-11-05;9;2137
50;2025-11-05;10;1618
50;2025-11-05;11;1457
50;2025-11-05;12;1388
50;2025-11-05;13;1436
50;2025-11-05;14;1377
50;2025-11-05;15;1599
50;2025-11-05;16;1680
50;2025-11-05;17;2279
50;2025-11-05;18;2309
50;2025-11-05;19;1365
50;2025-11-05;20;888
50;2025-11-05;21;622
50;2025-11-05;22;233
50;2025-11-05;23;146
50;2025-11-06;0;23
50;2025-11-06;1;2
50;2025-11-06;2;0
50;2025-11-06;3;0
50;2025-11-06;4;3
50;2025-11-06;5;69
50;2025-11-06;6;507
50;2025-11-06;7;1723
50;2025-11-06;8;2761
50;2025-11-06;9;2165
50;2025-11-06;10;1641
50;2025-11-06;11;1480
50;2025-11-06;12;1411
50;2025-11-06;13;1463
50;2025-11-06;14;1393
50;2025-11-06;15;1610
50;2025-11-06;16;1679
50;2025-11-06;17;2289
50;2025-11-06;18;2338
50;2025-11-06;19;1374
50;2025-11-06;20;905
50;2025-11-06;21;624
50;2025-11-06;22;236
50;2025-11-06;23;147
50;2025-11-07;0;24
50;2025-11-07;1;2
50;2025-11-07;2;0
50;2025-11-07;3;0
50;2025-11-07;4;3
50;2025-11-07;5;69
50;2025-11-07;6;507
50;2025-11-07;7;1728
50;2025-11-07;8;2778
50;2025-11-07;9;2164
50;2025-11-07;10;1617
50;2025-11-07;11;1474
50;2025-11-07;12;1416
50;2025-11-07;13;1471
50;2025-11-07;14;1406
50;2025-11-07;15;1638
50;2025-11-07;16;1738
50;2025-11-07;17;2267
50;2025-11-07;18;2236
50;2025-11-07;19;1337
50;2025-11-07;20;900
50;2025-11-07;21;609
50;2025-11-07;22;238
50;2025-11-07;23;150
50;2025-11-08;0;49
50;2025-11-08;1;5
50;2025-11-08;2;0
50;2025-11-08;3;0
50;2025-11-08;4;0
50;2025-11-08;5;1
50;2025-11-08;6;1
50;2025-11-08;7;4
50;2025-11-08;8;5
50;2025-11-08;9;7
50;2025-11-08;10;6
50;2025-11-08;11;15
50;2025-11-08;12;57
50;2025-11-08;13;42
50;2025-11-08;14;37
50;2025-11-08;15;60
50;2025-11-08;16;42
50;2025-11-08;17;30
50;2025-11-08;18;3
50;2025-11-08;19;0
50;2025-11-08;20;2
50;2025-11-08;21;0
50;2025-11-08;22;1
50;2025-11-08;23;0
50;2025-11-09;0;0
50;2025-11-09;1;0
50;2025-11-09;2;0
50;2025-11-09;3;0
50;2025-11-09;4;0
50;2025-11-09;5;0
50;2025-11-09;6;0
50;2025-11-09;7;0
50;2025-11-09;8;0
50;2025-11-09;9;0
50;2025-11-09;10;13
50;2025-11-09;11;16
50;2025-11-09;12;9
50;2025-11-09;13;18
50;2025-11-09;14;59
50;2025-11-09;15;54
50;2025-11-09;16;100
50;2025-11-09;17;74
50;2025-11-09;18;40
50;2025-11-09;19;30
50;2025-11-09;20;31
50;2025-11-09;21;20
50;2025-11-09;22;30
50;2025-11-09;23;4
50;2025-11-10;0;23
50;2025-11-10;1;2
50;2025-11-10;2;0
50;2025-11-10;3;0
50;2025-11-10;4;3
50;2025-11-10;5;69
50;2025-11-10;6;512
50;2025-11-10;7;1724
50;2025-11-10;8;2780
50;2025-11-10;9;2175
50;2025-11-10;10;1650
50;2025-11-10;11;1493
50;2025-11-10;12;1405
50;2025-11-10;13;1470
50;2025-11-10;14;1401
50;2025-11-10;15;1635
50;2025-11-10;16;1710
50;2025-11-10;17;2185
50;2025-11-10;18;2364
50;2025-11-10;19;1368
50;2025-11-10;20;905
50;2025-11-10;21;621
50;2025-11-10;22;233
50;2025-11-10;23;144
50;2025-11-11;0;24
50;2025-11-11;1;2
50;2025-11-11;2;0
50;2025-11-11;3;0
50;2025-11-11;4;3
50;2025-11-11;5;70
50;2025-11-11;6;519
50;2025-11-11;7;1745
50;2025-11-11;8;2798
50;2025-11-11;9;2190
50;2025-11-11;10;1664
50;2025-11-11;11;1510
50;2025-11-11;12;1421
50;2025-11-11;13;1492
50;2025-11-11;14;1411
50;2025-11-11;15;1645
50;2025-11-11;16;1723
50;2025-11-11;17;2349
50;2025-11-11;18;2384
50;2025-11-11;19;1385
50;2025-11-11;20;918
50;2025-11-11;21;627
50;2025-11-11;22;237
50;2025-11-11;23;148
50;2025-11-12;0;22
50;2025-11-12;1;2
50;2025-11-12;2;0
50;2025-11-12;3;0
50;2025-11-12;4;3
50;2025-11-12;5;68
50;2025-11-12;6;499
50;2025-11-12;7;1691
50;2025-11-12;8;2709
50;2025-11-12;9;2108
50;2025-11-12;10;1614
50;2025-11-12;11;1468
50;2025-11-12;12;1397
50;2025-11-12;13;1439
50;2025-11-12;14;1374
50;2025-11-12;15;1572
50;2025-11-12;16;1674
50;2025-11-12;17;2252
50;2025-11-12;18;2279
50;2025-11-12;19;1351
50;2025-11-12;20;877
50;2025-11-12;21;611
50;2025-11-12;22;232
50;2025-11-12;23;147
50;2025-11-13;0;22
50;2025-11-13;1;2
50;2025-11-13;2;0
50;2025-11-13;3;0
50;2025-11-13;4;3
50;2025-11-13;5;66
50;2025-11-13;6;494
50;2025-11-13;7;1670
50;2025-11-13;8;2669
50;2025-11-13;9;2103
50;2025-11-13;10;1615
50;2025-11-13;11;1466
50;2025-11-13;12;1401
50;2025-11-13;13;1432
50;2025-11-13;14;1368
50;2025-11-13;15;1600
50;2025-11-13;16;1659
50;2025-11-13;17;2256
50;2025-11-13;18;2313
50;2025-11-13;19;1354
50;2025-11-13;20;894
50;2025-11-13;21;612
50;2025-11-13;22;237
50;2025-11-13;23;147
50;2025-11-14;0;23
50;2025-11-14;1;2
50;2025-11-14;2;0
50;2025-11-14;3;0
50;2025-11-14;4;3
50;2025-11-14;5;68
50;2025-11-14;6;497
50;2025-11-14;7;1704
50;2025-11-14;8;2725
50;2025-11-14;9;2113
50;2025-11-14;10;1589
50;2025-11-14;11;1454
50;2025-11-14;12;1404
50;2025-11-14;13;1442
50;2025-11-14;14;1394
50;2025-11-14;15;1620
50;2025-11-14;16;1724
50;2025-11-14;17;2227
50;2025-11-14;18;2198
50;2025-11-14;19;1314
50;2025-11-14;20;886
50;2025-11-14;21;593
50;2025-11-14;22;237
50;2025-11-14;23;149
50;2025-11-15;0;71
50;2025-11-15;1;5
50;2025-11-15;2;0
50;2025-11-15;3;0
50;2025-11-15;4;2
50;2025-11-15;5;34
50;2025-11-15;6;177
50;2025-11-15;7;412
50;2025-11-15;8;647
50;2025-11-15;9;717
50;2025-11-15;10;684
50;2025-11-15;11;854
50;2025-11-15;12;864
50;2025-11-15;13;926
50;2025-11-15;14;916
50;2025-11-15;15;874
50;2025-11-15;16;839
50;2025-11-15;17;808
50;2025-11-15;18;700
50;2025-11-15;19;639
50;2025-11-15;20;512
50;2025-11-15;21;410
50;2025-11-15;22;239
50;2025-11-15;23;144
50;2025-11-16;0;50
50;2025-11-16;1;7
50;2025-11-16;2;0
50;2025-11-16;3;0
50;2025-11-16;4;1
50;2025-11-16;5;25
50;2025-11-16;6;114
50;2025-11-16;7;214
50;2025-11-16;8;358
50;2025-11-16;9;478
50;2025-11-16;10;519
50;2025-11-16;11;625
50;2025-11-16;12;682
50;2025-11-16;13;781
50;2025-11-16;14;793
50;2025-11-16;15;691
50;2025-11-16;16;689
50;2025-11-16;17;705
50;2025-11-16;18;668
50;2025-11-16;19;599
50;2025-11-16;20;479
50;2025-11-16;21;399
50;2025-11-16;22;233
50;2025-11-16;23;117
50;2025-11-17;0;22
50;2025-11-17;1;2
50;2025-11-17;2;0
50;2025-11-17;3;0
50;2025-11-17;4;3
50;2025-11-17;5;68
50;2025-11-17;6;502
50;2025-11-17;7;1692
50;2025-11-17;8;2714
50;2025-11-17;9;2141
50;2025-11-17;10;1609
50;2025-11-17;11;1456
50;2025-11-17;12;1377
50;2025-11-17;13;1424
50;2025-11-17;14;1364
50;2025-11-17;15;1588
50;2025-11-17;16;1673
50;2025-11-17;17;2252
50;2025-11-17;18;2294
50;2025-11-17;19;1346
50;2025-11-17;20;883
50;2025-11-17;21;606
50;2025-11-17;22;232
50;2025-11-17;23;144
50;2025-11-18;0;23
50;2025-11-18;1;2
50;2025-11-18;2;0
50;2025-11-18;3;0
50;2025-11-18;4;3
50;2025-11-18;5;68
50;2025-11-18;6;501
50;2025-11-18;7;1700
50;2025-11-18;8;2713
50;2025-11-18;9;2122
50;2025-11-18;10;1612
50;2025-11-18;11;1463
50;2025-11-18;12;1372
50;2025-11-18;13;1445
50;2025-11-18;14;1360
50;2025-11-18;15;1597
50;2025-11-18;16;1677
50;2025-11-18;17;2280
50;2025-11-18;18;2311
50;2025-11-18;19;1355
50;2025-11-18;20;898
50;2025-11-18;21;608
50;2025-11-18;22;233
50;2025-11-18;23;146
50;2025-11-19;0;22
50;2025-11-19;1;2
50;2025-11-19;2;0
50;2025-11-19;3;0
50;2025-11-19;4;3
50;2025-11-19;5;69
50;2025-11-19;6;505
50;2025-11-19;7;1715
50;2025-11-19;8;2749
50;2025-11-19;9;2138
50;2025-11-19;10;1643
50;2025-11-19;11;1498
50;2025-11-19;12;1425
50;2025-11-19;13;1471
50;2025-11-19;14;1405
50;2025-11-19;15;1605
50;2025-11-19;16;1708
50;2025-11-19;17;2298
50;2025-11-19;18;2325
50;2025-11-19;19;1378
50;2025-11-19;20;894
50;2025-11-19;21;622
50;2025-11-19;22;237
50;2025-11-19;23;150
50;2025-11-20;0;23
50;2025-11-20;1;2
50;2025-11-20;2;0
50;2025-11-20;3;0
50;2025-11-20;4;3
50;2025-11-20;5;68
50;2025-11-20;6;504
50;2025-11-20;7;1706
50;2025-11-20;8;2726
50;2025-11-20;9;2145
50;2025-11-20;10;1650
50;2025-11-20;11;1496
50;2025-11-20;12;1428
50;2025-11-20;13;1461
50;2025-11-20;14;1395
50;2025-11-20;15;1633
50;2025-11-20;16;1689
50;2025-11-20;17;2301
50;2025-11-20;18;2354
50;2025-11-20;19;1380
50;2025-11-20;20;911
50;2025-11-20;21;625
50;2025-11-20;22;242
50;2025-11-20;23;150
50;2025-11-21;0;23
50;2025-11-21;1;2
50;2025-11-21;2;0
50;2025-11-21;3;0
50;2025-11-21;4;3
50;2025-11-21;5;69
50;2025-11-21;6;500
50;2025-11-21;7;1714
50;2025-11-21;8;2750
50;2025-11-21;9;2135
50;2025-11-21;10;1605
50;2025-11-21;11;1469
50;2025-11-21;12;1416
50;2025-11-21;13;1455
50;2025-11-21;14;1405
50;2025-11-21;15;1633
50;2025-11-21;16;1734
50;2025-11-21;17;2249
50;2025-11-21;18;2222
50;2025-11-21;19;1326
50;2025-11-21;20;894
50;2025-11-21;21;599
50;2025-11-21;22;240
50;2025-11-21;23;151
50;2025-11-22;0;71
50;2025-11-22;1;5
50;2025-11-22;2;0
50;2025-11-22;3;0
50;2025-11-22;4;2
50;2025-11-22;5;34
50;2025-11-22;6;177
50;2025-11-22;7;412
50;2025-11-22;8;647
50;2025-11-22;9;717
50;2025-11-22;10;684
50;2025-11-22;11;854
50;2025-11-22;12;864
50;2025-11-22;13;926
50;2025-11-22;14;916
50;2025-11-22;15;874
50;2025-11-22;16;839
50;2025-11-22;17;808
50;2025-11-22;18;700
50;2025-11-22;19;639
50;2025-11-22;20;512
50;2025-11-22;21;410
50;2025-11-22;22;239
50;2025-11-22;23;144
50;2025-11-23;0;50
50;2025-11-23;1;7
50;2025-11-23;2;0
50;2025-11-23;3;0
50;2025-11-23;4;1
50;2025-11-23;5;25
50;2025-11-23;6;122
50;2025-11-23;7;238
50;2025-11-23;8;358
50;2025-11-23;9;478
50;2025-11-23;10;519
50;2025-11-23;11;625
50;2025-11-23;12;682
50;2025-11-23;13;781
50;2025-11-23;14;793
50;2025-11-23;15;691
50;2025-11-23;16;689
50;2025-11-23;17;705
50;2025-11-23;18;668
50;2025-11-23;19;599
50;2025-11-23;20;479
50;2025-11-23;21;399
50;2025-11-23;22;233
50;2025-11-23;23;117
50;2025-11-24;0;21
50;2025-11-24;1;2
50;2025-11-24;2;0
50;2025-11-24;3;0
50;2025-11-24;4;3
50;2025-11-24;5;67
50;2025-11-24;6;495
50;2025-11-24;7;1674
50;2025-11-24;8;2681
50;2025-11-24;9;2110
50;2025-11-24;10;1589
50;2025-11-24;11;1435
50;2025-11-24;12;1360
50;2025-11-24;13;1412
50;2025-11-24;14;1363
50;2025-11-24;15;1589
50;2025-11-24;16;1663
50;2025-11-24;17;2239
50;2025-11-24;18;2281
50;2025-11-24;19;1227
50;2025-11-24;20;881
50;2025-11-24;21;607
50;2025-11-24;22;232
50;2025-11-24;23;144
50;2025-11-25;0;23
50;2025-11-25;1;2
50;2025-11-25;2;0
50;2025-11-25;3;0
50;2025-11-25;4;3
50;2025-11-25;5;69
50;2025-11-25;6;510
50;2025-11-25;7;1719
50;2025-11-25;8;2751
50;2025-11-25;9;2157
50;2025-11-25;10;1645
50;2025-11-25;11;1494
50;2025-11-25;12;1403
50;2025-11-25;13;1476
50;2025-11-25;14;1391
50;2025-11-25;15;1630
50;2025-11-25;16;1710
50;2025-11-25;17;2322
50;2025-11-25;18;2354
50;2025-11-25;19;1377
50;2025-11-25;20;912
50;2025-11-25;21;619
50;2025-11-25;22;238
50;2025-11-25;23;148
50;2025-11-26;0;23
50;2025-11-26;1;2
50;2025-11-26;2;0
50;2025-11-26;3;0
50;2025-11-26;4;3
50;2025-11-26;5;69
50;2025-11-26;6;505
50;2025-11-26;7;1714
50;2025-11-26;8;2754
50;2025-11-26;9;2139
50;2025-11-26;10;1639
50;2025-11-26;11;1492
50;2025-11-26;12;1417
50;2025-11-26;13;1461
50;2025-11-26;14;1396
50;2025-11-26;15;1602
50;2025-11-26;16;1698
50;2025-11-26;17;2285
50;2025-11-26;18;2315
50;2025-11-26;19;1373
50;2025-11-26;20;891
50;2025-11-26;21;619
50;2025-11-26;22;235
50;2025-11-26;23;149
50;2025-11-27;0;23
50;2025-11-27;1;2
50;2025-11-27;2;0
50;2025-11-27;3;0
50;2025-11-27;4;3
50;2025-11-27;5;67
50;2025-11-27;6;500
50;2025-11-27;7;1691
50;2025-11-27;8;2709
50;2025-11-27;9;2125
50;2025-11-27;10;1637
50;2025-11-27;11;1483
50;2025-11-27;12;1413
50;2025-11-27;13;1441
50;2025-11-27;14;1376
50;2025-11-27;15;1615
50;2025-11-27;16;1667
50;2025-11-27;17;2274
50;2025-11-27;18;2326
50;2025-11-27;19;1365
50;2025-11-27;20;901
50;2025-11-27;21;614
50;2025-11-27;22;235
50;2025-11-27;23;146
50;2025-11-28;0;23
50;2025-11-28;1;2
50;2025-11-28;2;0
50;2025-11-28;3;0
50;2025-11-28;4;3
50;2025-11-28;5;68
50;2025-11-28;6;494
50;2025-11-28;7;1683
50;2025-11-28;8;2709
50;2025-11-28;9;2110
50;2025-11-28;10;1578
50;2025-11-28;11;1448
50;2025-11-28;12;1402
50;2025-11-28;13;1440
50;2025-11-28;14;1393
50;2025-11-28;15;1612
50;2025-11-28;16;1719
50;2025-11-28;17;2223
50;2025-11-28;18;2197
50;2025-11-28;19;1314
50;2025-11-28;20;883
50;2025-11-28;21;594
50;2025-11-28;22;236
50;2025-11-28;23;150
50;2025-11-29;0;71
50;2025-11-29;1;5
50;2025-11-29;2;0
50;2025-11-29;3;0
50;2025-11-29;4;2
50;2025-11-29;5;34
50;2025-11-29;6;177
50;2025-11-29;7;412
50;2025-11-29;8;647
50;2025-11-29;9;717
50;2025-11-29;10;684
50;2025-11-29;11;854
50;2025-11-29;12;864
50;2025-11-29;13;926
50;2025-11-29;14;916
50;2025-11-29;15;874
50;2025-11-29;16;839
50;2025-11-29;17;808
50;2025-11-29;18;700
50;2025-11-29;19;639
50;2025-11-29;20;512
50;2025-11-29;21;410
50;2025-11-29;22;239
50;2025-11-29;23;144
50;2025-11-30;0;50
50;2025-11-30;1;7
50;2025-11-30;2;0
50;2025-11-30;3;0
50;2025-11-30;4;1
50;2025-11-30;5;25
50;2025-11-30;6;122
50;2025-11-30;7;238
50;2025-11-30;8;358
50;2025-11-30;9;478
50;2025-11-30;10;519
50;2025-11-30;11;625
50;2025-11-30;12;682
50;2025-11-30;13;781
50;2025-11-30;14;793
50;2025-11-30;15;691
50;2025-11-30;16;689
50;2025-11-30;17;705
50;2025-11-30;18;668
50;2025-11-30;19;599
50;2025-11-30;20;479
50;2025-11-30;21;399
50;2025-11-30;22;233
50;2025-11-30;23;117
50;2025-12-01;0;22
50;2025-12-01;1;2
50;2025-12-01;2;0
50;2025-12-01;3;0
50;2025-12-01;4;3
50;2025-12-01;5;70
50;2025-12-01;6;509
50;2025-12-01;7;1707
50;2025-12-01;8;2739
50;2025-12-01;9;2186
50;2025-12-01;10;1636
50;2025-12-01;11;1491
50;2025-12-01;12;1410
50;2025-12-01;13;1466
50;2025-12-01;14;1413
50;2025-12-01;15;1637
50;2025-12-01;16;1743
50;2025-12-01;17;2287
50;2025-12-01;18;2328
50;2025-12-01;19;1394
50;2025-12-01;20;909
50;2025-12-01;21;624
50;2025-12-01;22;233
50;2025-12-01;23;148
50;2025-12-02;0;24
50;2025-12-02;1;2
50;2025-12-02;2;0
50;2025-12-02;3;0
50;2025-12-02;4;3
50;2025-12-02;5;72
50;2025-12-02;6;523
50;2025-12-02;7;1754
50;2025-12-02;8;2793
50;2025-12-02;9;2209
50;2025-12-02;10;1676
50;2025-12-02;11;1532
50;2025-12-02;12;1436
50;2025-12-02;13;1513
50;2025-12-02;14;1424
50;2025-12-02;15;1653
50;2025-12-02;16;1761
50;2025-12-02;17;2344
50;2025-12-02;18;2376
50;2025-12-02;19;1421
50;2025-12-02;20;942
50;2025-12-02;21;631
50;2025-12-02;22;238
50;2025-12-02;23;152
50;2025-12-03;0;24
50;2025-12-03;1;2
50;2025-12-03;2;0
50;2025-12-03;3;0
50;2025-12-03;4;3
50;2025-12-03;5;72
50;2025-12-03;6;518
50;2025-12-03;7;1748
50;2025-12-03;8;2795
50;2025-12-03;9;2184
50;2025-12-03;10;1675
50;2025-12-03;11;1541
50;2025-12-03;12;1471
50;2025-12-03;13;1497
50;2025-12-03;14;1436
50;2025-12-03;15;1622
50;2025-12-03;16;1759
50;2025-12-03;17;2317
50;2025-12-03;18;2337
50;2025-12-03;19;1422
50;2025-12-03;20;916
50;2025-12-03;21;638
50;2025-12-03;22;237
50;2025-12-03;23;155
50;2025-12-04;0;24
50;2025-12-04;1;2
50;2025-12-04;2;0
50;2025-12-04;3;0
50;2025-12-04;4;3
50;2025-12-04;5;70
50;2025-12-04;6;513
50;2025-12-04;7;1723
50;2025-12-04;8;2751
50;2025-12-04;9;2184
50;2025-12-04;10;1665
50;2025-12-04;11;1522
50;2025-12-04;12;1463
50;2025-12-04;13;1479
50;2025-12-04;14;1418
50;2025-12-04;15;1647
50;2025-12-04;16;1719
50;2025-12-04;17;2301
50;2025-12-04;18;2360
50;2025-12-04;19;1416
50;2025-12-04;20;937
50;2025-12-04;21;636
50;2025-12-04;22;242
50;2025-12-04;23;154
50;2025-12-05;0;24
50;2025-12-05;1;2
50;2025-12-05;2;0
50;2025-12-05;3;0
50;2025-12-05;4;3
50;2025-12-05;5;72
50;2025-12-05;6;513
50;2025-12-05;7;1753
50;2025-12-05;8;2804
50;2025-12-05;9;2171
50;2025-12-05;10;1614
50;2025-12-05;11;1494
50;2025-12-05;12;1456
50;2025-12-05;13;1485
50;2025-12-05;14;1445
50;2025-12-05;15;1659
50;2025-12-05;16;1795
50;2025-12-05;17;2247
50;2025-12-05;18;2188
50;2025-12-05;19;1347
50;2025-12-05;20;914
50;2025-12-05;21;603
50;2025-12-05;22;242
50;2025-12-05;23;156
50;2025-12-06;0;73
50;2025-12-06;1;5
50;2025-12-06;2;0
50;2025-12-06;3;0
50;2025-12-06;4;2
50;2025-12-06;5;35
50;2025-12-06;6;182
50;2025-12-06;7;425
50;2025-12-06;8;667
50;2025-12-06;9;739
50;2025-12-06;10;706
50;2025-12-06;11;881
50;2025-12-06;12;891
50;2025-12-06;13;955
50;2025-12-06;14;944
50;2025-12-06;15;901
50;2025-12-06;16;865
50;2025-12-06;17;833
50;2025-12-06;18;722
50;2025-12-06;19;659
50;2025-12-06;20;528
50;2025-12-06;21;423
50;2025-12-06;22;246
50;2025-12-06;23;148
50;2025-12-07;0;52
50;2025-12-07;1;7
50;2025-12-07;2;0
50;2025-12-07;3;0
50;2025-12-07;4;1
50;2025-12-07;5;26
50;2025-12-07;6;126
50;2025-12-07;7;245
50;2025-12-07;8;369
50;2025-12-07;9;493
50;2025-12-07;10;536
50;2025-12-07;11;644
50;2025-12-07;12;703
50;2025-12-07;13;805
50;2025-12-07;14;818
50;2025-12-07;15;712
50;2025-12-07;16;710
50;2025-12-07;17;727
50;2025-12-07;18;689
50;2025-12-07;19;617
50;2025-12-07;20;494
50;2025-12-07;21;411
50;2025-12-07;22;240
50;2025-12-07;23;121
50;2025-12-08;0;22
50;2025-12-08;1;2
50;2025-12-08;2;0
50;2025-12-08;3;0
50;2025-12-08;4;3
50;2025-12-08;5;70
50;2025-12-08;6;510
50;2025-12-08;7;1709
50;2025-12-08;8;2746
50;2025-12-08;9;2190
50;2025-12-08;10;1641
50;2025-12-08;11;1495
50;2025-12-08;12;1413
50;2025-12-08;13;1468
50;2025-12-08;14;1423
50;2025-12-08;15;1639
50;2025-12-08;16;1744
50;2025-12-08;17;2294
50;2025-12-08;18;2338
50;2025-12-08;19;1396
50;2025-12-08;20;910
50;2025-12-08;21;625
50;2025-12-08;22;234
50;2025-12-08;23;149
50;2025-12-09;0;24
50;2025-12-09;1;2
50;2025-12-09;2;0
50;2025-12-09;3;0
50;2025-12-09;4;3
50;2025-12-09;5;72
50;2025-12-09;6;526
50;2025-12-09;7;1756
50;2025-12-09;8;2799
50;2025-12-09;9;2214
50;2025-12-09;10;1683
50;2025-12-09;11;1535
50;2025-12-09;12;1434
50;2025-12-09;13;1516
50;2025-12-09;14;1421
50;2025-12-09;15;1658
50;2025-12-09;16;1766
50;2025-12-09;17;2350
50;2025-12-09;18;2382
50;2025-12-09;19;1422
50;2025-12-09;20;943
50;2025-12-09;21;633
50;2025-12-09;22;238
50;2025-12-09;23;151
50;2025-12-10;0;24
50;2025-12-10;1;2
50;2025-12-10;2;0
50;2025-12-10;3;0
50;2025-12-10;4;3
50;2025-12-10;5;72
50;2025-12-10;6;517
50;2025-12-10;7;1749
50;2025-12-10;8;2810
50;2025-12-10;9;2186
50;2025-12-10;10;1682
50;2025-12-10;11;1548
50;2025-12-10;12;1476
50;2025-12-10;13;1511
50;2025-12-10;14;1449
50;2025-12-10;15;1631
50;2025-12-10;16;1763
50;2025-12-10;17;2326
50;2025-12-10;18;2349
50;2025-12-10;19;1424
50;2025-12-10;20;918
50;2025-12-10;21;640
50;2025-12-10;22;238
50;2025-12-10;23;155
50;2025-12-11;0;24
50;2025-12-11;1;2
50;2025-12-11;2;0
50;2025-12-11;3;0
50;2025-12-11;4;3
50;2025-12-11;5;70
50;2025-12-11;6;514
50;2025-12-11;7;1707
50;2025-12-11;8;2746
50;2025-12-11;9;2157
50;2025-12-11;10;1659
50;2025-12-11;11;1512
50;2025-12-11;12;1454
50;2025-12-11;13;1469
50;2025-12-11;14;1407
50;2025-12-11;15;1645
50;2025-12-11;16;1712
50;2025-12-11;17;2292
50;2025-12-11;18;2351
50;2025-12-11;19;1401
50;2025-12-11;20;932
50;2025-12-11;21;632
50;2025-12-11;22;239
50;2025-12-11;23;153
50;2025-12-12;0;24
50;2025-12-12;1;2
50;2025-12-12;2;0
50;2025-12-12;3;0
50;2025-12-12;4;3
50;2025-12-12;5;71
50;2025-12-12;6;506
50;2025-12-12;7;1732
50;2025-12-12;8;2767
50;2025-12-12;9;2163
50;2025-12-12;10;1609
50;2025-12-12;11;1489
50;2025-12-12;12;1447
50;2025-12-12;13;1471
50;2025-12-12;14;1430
50;2025-12-12;15;1649
50;2025-12-12;16;1791
50;2025-12-12;17;2229
50;2025-12-12;18;2187
50;2025-12-12;19;1337
50;2025-12-12;20;908
50;2025-12-12;21;604
50;2025-12-12;22;242
50;2025-12-12;23;156
50;2025-12-13;0;73
50;2025-12-13;1;5
50;2025-12-13;2;0
50;2025-12-13;3;0
50;2025-12-13;4;2
50;2025-12-13;5;35
50;2025-12-13;6;182
50;2025-12-13;7;425
50;2025-12-13;8;667
50;2025-12-13;9;739
50;2025-12-13;10;706
50;2025-12-13;11;881
50;2025-12-13;12;891
50;2025-12-13;13;955
50;2025-12-13;14;944
50;2025-12-13;15;901
50;2025-12-13;16;865
50;2025-12-13;17;833
50;2025-12-13;18;722
50;2025-12-13;19;659
50;2025-12-13;20;528
50;2025-12-13;21;423
50;2025-12-13;22;246
50;2025-12-13;23;148
50;2025-12-14;0;52
50;2025-12-14;1;7
50;2025-12-14;2;0
50;2025-12-14;3;0
50;2025-12-14;4;1
50;2025-12-14;5;26
50;2025-12-14;6;126
50;2025-12-14;7;245
50;2025-12-14;8;369
50;2025-12-14;9;493
50;2025-12-14;10;536
50;2025-12-14;11;644
50;2025-12-14;12;703
50;2025-12-14;13;805
50;2025-12-14;14;818
50;2025-12-14;15;712
50;2025-12-14;16;710
50;2025-12-14;17;727
50;2025-12-14;18;689
50;2025-12-14;19;617
50;2025-12-14;20;494
50;2025-12-14;21;411
50;2025-12-14;22;240
50;2025-12-14;23;121
50;2025-12-15;0;22
50;2025-12-15;1;2
50;2025-12-15;2;0
50;2025-12-15;3;0
50;2025-12-15;4;3
50;2025-12-15;5;70
50;2025-12-15;6;513
50;2025-12-15;7;1714
50;2025-12-15;8;2762
50;2025-12-15;9;2205
50;2025-12-15;10;1651
50;2025-12-15;11;1501
50;2025-12-15;12;1418
50;2025-12-15;13;1474
50;2025-12-15;14;1430
50;2025-12-15;15;1648
50;2025-12-15;16;1752
50;2025-12-15;17;2306
50;2025-12-15;18;2349
50;2025-12-15;19;1399
50;2025-12-15;20;915
50;2025-12-15;21;626
50;2025-12-15;22;235
50;2025-12-15;23;149
50;2025-12-16;0;24
50;2025-12-16;1;2
50;2025-12-16;2;0
50;2025-12-16;3;0
50;2025-12-16;4;3
50;2025-12-16;5;72
50;2025-12-16;6;529
50;2025-12-16;7;1765
50;2025-12-16;8;2819
50;2025-12-16;9;2231
50;2025-12-16;10;1691
50;2025-12-16;11;1544
50;2025-12-16;12;1459
50;2025-12-16;13;1520
50;2025-12-16;14;1440
50;2025-12-16;15;1660
50;2025-12-16;16;1770
50;2025-12-16;17;2361
50;2025-12-16;18;2393
50;2025-12-16;19;1425
50;2025-12-16;20;947
50;2025-12-16;21;631
50;2025-12-16;22;241
50;2025-12-16;23;154
50;2025-12-17;0;24
50;2025-12-17;1;2
50;2025-12-17;2;0
50;2025-12-17;3;0
50;2025-12-17;4;3
50;2025-12-17;5;72
50;2025-12-17;6;522
50;2025-12-17;7;1758
50;2025-12-17;8;2815
50;2025-12-17;9;2205
50;2025-12-17;10;1688
50;2025-12-17;11;1554
50;2025-12-17;12;1470
50;2025-12-17;13;1505
50;2025-12-17;14;1444
50;2025-12-17;15;1650
50;2025-12-17;16;1770
50;2025-12-17;17;2355
50;2025-12-17;18;2379
50;2025-12-17;19;1429
50;2025-12-17;20;926
50;2025-12-17;21;643
50;2025-12-17;22;241
50;2025-12-17;23;156
50;2025-12-18;0;25
50;2025-12-18;1;2
50;2025-12-18;2;0
50;2025-12-18;3;0
50;2025-12-18;4;3
50;2025-12-18;5;71
50;2025-12-18;6;523
50;2025-12-18;7;1754
50;2025-12-18;8;2802
50;2025-12-18;9;2222
50;2025-12-18;10;1690
50;2025-12-18;11;1540
50;2025-12-18;12;1481
50;2025-12-18;13;1516
50;2025-12-18;14;1452
50;2025-12-18;15;1673
50;2025-12-18;16;1759
50;2025-12-18;17;2358
50;2025-12-18;18;2401
50;2025-12-18;19;1436
50;2025-12-18;20;950
50;2025-12-18;21;647
50;2025-12-18;22;246
50;2025-12-18;23;157
50;2025-12-19;0;24
50;2025-12-19;1;2
50;2025-12-19;2;0
50;2025-12-19;3;0
50;2025-12-19;4;3
50;2025-12-19;5;72
50;2025-12-19;6;521
50;2025-12-19;7;1761
50;2025-12-19;8;2818
50;2025-12-19;9;2215
50;2025-12-19;10;1648
50;2025-12-19;11;1525
50;2025-12-19;12;1470
50;2025-12-19;13;1516
50;2025-12-19;14;1462
50;2025-12-19;15;1679
50;2025-12-19;16;1816
50;2025-12-19;17;2290
50;2025-12-19;18;2230
50;2025-12-19;19;1370
50;2025-12-19;20;930
50;2025-12-19;21;616
50;2025-12-19;22;244
50;2025-12-19;23;158
50;2025-12-20;0;73
50;2025-12-20;1;5
50;2025-12-20;2;0
50;2025-12-20;3;0
50;2025-12-20;4;2
50;2025-12-20;5;35
50;2025-12-20;6;182
50;2025-12-20;7;425
50;2025-12-20;8;667
50;2025-12-20;9;739
50;2025-12-20;10;706
50;2025-12-20;11;881
50;2025-12-20;12;891
50;2025-12-20;13;955
50;2025-12-20;14;944
50;2025-12-20;15;901
50;2025-12-20;16;865
50;2025-12-20;17;833
50;2025-12-20;18;722
50;2025-12-20;19;659
50;2025-12-20;20;528
50;2025-12-20;21;423
50;2025-12-20;22;246
50;2025-12-20;23;148
50;2025-12-21;0;52
50;2025-12-21;1;7
50;2025-12-21;2;0
50;2025-12-21;3;0
50;2025-12-21;4;1
50;2025-12-21;5;26
50;2025-12-21;6;126
50;2025-12-21;7;245
50;2025-12-21;8;369
50;2025-12-21;9;493
50;2025-12-21;10;536
50;2025-12-21;11;644
50;2025-12-21;12;703
50;2025-12-21;13;805
50;2025-12-21;14;818
50;2025-12-21;15;712
50;2025-12-21;16;710
50;2025-12-21;17;727
50;2025-12-21;18;689
50;2025-12-21;19;617
50;2025-12-21;20;494
50;2025-12-21;21;411
50;2025-12-21;22;240
50;2025-12-21;23;121
50;2025-12-22;0;23
50;2025-12-22;1;2
50;2025-12-22;2;0
50;2025-12-22;3;0
50;2025-12-22;4;3
50;2025-12-22;5;71
50;2025-12-22;6;520
50;2025-12-22;7;1749
50;2025-12-22;8;2808
50;2025-12-22;9;2202
50;2025-12-22;10;1672
50;2025-12-22;11;1513
50;2025-12-22;12;1429
50;2025-12-22;13;1482
50;2025-12-22;14;1425
50;2025-12-22;15;1649
50;2025-12-22;16;1744
50;2025-12-22;17;2333
50;2025-12-22;18;2373
50;2025-12-22;19;1395
50;2025-12-22;20;919
50;2025-12-22;21;627
50;2025-12-22;22;238
50;2025-12-22;23;150
50;2025-12-23;0;25
50;2025-12-23;1;2
50;2025-12-23;2;0
50;2025-12-23;3;0
50;2025-12-23;4;3
50;2025-12-23;5;73
50;2025-12-23;6;528
50;2025-12-23;7;1772
50;2025-12-23;8;2824
50;2025-12-23;9;2221
50;2025-12-23;10;1697
50;2025-12-23;11;1543
50;2025-12-23;12;1455
50;2025-12-23;13;1524
50;2025-12-23;14;1442
50;2025-12-23;15;1674
50;2025-12-23;16;1772
50;2025-12-23;17;2380
50;2025-12-23;18;2410
50;2025-12-23;19;1423
50;2025-12-23;20;945
50;2025-12-23;21;635
50;2025-12-23;22;244
50;2025-12-23;23;155
50;2025-12-24;0;25
50;2025-12-24;1;2
50;2025-12-24;2;0
50;2025-12-24;3;0
50;2025-12-24;4;3
50;2025-12-24;5;73
50;2025-12-24;6;526
50;2025-12-24;7;1769
50;2025-12-24;8;2838
50;2025-12-24;9;2225
50;2025-12-24;10;1702
50;2025-12-24;11;1556
50;2025-12-24;12;1482
50;2025-12-24;13;1510
50;2025-12-24;14;1446
50;2025-12-24;15;1654
50;2025-12-24;16;1765
50;2025-12-24;17;2372
50;2025-12-24;18;2391
50;2025-12-24;19;1421
50;2025-12-24;20;928
50;2025-12-24;21;640
50;2025-12-24;22;242
50;2025-12-24;23;156
50;2025-12-25;0;25
50;2025-12-25;1;2
50;2025-12-25;2;0
50;2025-12-25;3;0
50;2025-12-25;4;3
50;2025-12-25;5;72
50;2025-12-25;6;521
50;2025-12-25;7;1751
50;2025-12-25;8;2814
50;2025-12-25;9;2223
50;2025-12-25;10;1702
50;2025-12-25;11;1545
50;2025-12-25;12;1482
50;2025-12-25;13;1511
50;2025-12-25;14;1445
50;2025-12-25;15;1677
50;2025-12-25;16;1754
50;2025-12-25;17;2354
50;2025-12-25;18;2388
50;2025-12-25;19;1418
50;2025-12-25;20;940
50;2025-12-25;21;638
50;2025-12-25;22;243
50;2025-12-25;23;153
50;2025-12-26;0;24
50;2025-12-26;1;2
50;2025-12-26;2;0
50;2025-12-26;3;0
50;2025-12-26;4;3
50;2025-12-26;5;72
50;2025-12-26;6;509
50;2025-12-26;7;1739
50;2025-12-26;8;2774
50;2025-12-26;9;2167
50;2025-12-26;10;1631
50;2025-12-26;11;1491
50;2025-12-26;12;1431
50;2025-12-26;13;1477
50;2025-12-26;14;1426
50;2025-12-26;15;1658
50;2025-12-26;16;1788
50;2025-12-26;17;2264
50;2025-12-26;18;2209
50;2025-12-26;19;1342
50;2025-12-26;20;910
50;2025-12-26;21;603
50;2025-12-26;22;241
50;2025-12-26;23;157
50;2025-12-27;0;73
50;2025-12-27;1;5
50;2025-12-27;2;0
50;2025-12-27;3;0
50;2025-12-27;4;2
50;2025-12-27;5;35
50;2025-12-27;6;182
50;2025-12-27;7;425
50;2025-12-27;8;667
50;2025-12-27;9;739
50;2025-12-27;10;706
50;2025-12-27;11;881
50;2025-12-27;12;891
50;2025-12-27;13;955
50;2025-12-27;14;944
50;2025-12-27;15;901
50;2025-12-27;16;865
50;2025-12-27;17;833
50;2025-12-27;18;722
50;2025-12-27;19;659
50;2025-12-27;20;528
50;2025-12-27;21;423
50;2025-12-27;22;246
50;2025-12-27;23;148
50;2025-12-28;0;52
50;2025-12-28;1;7
50;2025-12-28;2;0
50;2025-12-28;3;0
50;2025-12-28;4;1
50;2025-12-28;5;26
50;2025-12-28;6;126
50;2025-12-28;7;245
50;2025-12-28;8;369
50;2025-12-28;9;465
50;2025-12-28;10;417
50;2025-12-28;11;644
50;2025-12-28;12;703
50;2025-12-28;13;805
50;2025-12-28;14;818
50;2025-12-28;15;712
50;2025-12-28;16;710
50;2025-12-28;17;727
50;2025-12-28;18;689
50;2025-12-28;19;617
50;2025-12-28;20;494
50;2025-12-28;21;411
50;2025-12-28;22;240
50;2025-12-28;23;121
50;2025-12-29;0;20
50;2025-12-29;1;1
50;2025-12-29;2;0
50;2025-12-29;3;0
50;2025-12-29;4;3
50;2025-12-29;5;60
50;2025-12-29;6;439
50;2025-12-29;7;1483
50;2025-12-29;8;2385
50;2025-12-29;9;1875
50;2025-12-29;10;1425
50;2025-12-29;11;1289
50;2025-12-29;12;1222
50;2025-12-29;13;1267
50;2025-12-29;14;1216
50;2025-12-29;15;1409
50;2025-12-29;16;1493
50;2025-12-29;17;1993
50;2025-12-29;18;2020
50;2025-12-29;19;1179
50;2025-12-29;20;779
50;2025-12-29;21;527
50;2025-12-29;22;201
50;2025-12-29;23;127
50;2025-12-30;0;21
50;2025-12-30;1;1
50;2025-12-30;2;0
50;2025-12-30;3;0
50;2025-12-30;4;3
50;2025-12-30;5;61
50;2025-12-30;6;446
50;2025-12-30;7;1506
50;2025-12-30;8;2401
50;2025-12-30;9;1889
50;2025-12-30;10;1438
50;2025-12-30;11;1308
50;2025-12-30;12;1233
50;2025-12-30;13;1296
50;2025-12-30;14;1224
50;2025-12-30;15;1424
50;2025-12-30;16;1514
50;2025-12-30;17;2016
50;2025-12-30;18;2027
50;2025-12-30;19;1202
50;2025-12-30;20;802
50;2025-12-30;21;532
50;2025-12-30;22;203
50;2025-12-30;23;130
50;2025-12-31;0;44
50;2025-12-31;1;6
50;2025-12-31;2;0
50;2025-12-31;3;0
50;2025-12-31;4;1
50;2025-12-31;5;22
50;2025-12-31;6;108
50;2025-12-31;7;210
50;2025-12-31;8;315
50;2025-12-31;9;421
50;2025-12-31;10;458
50;2025-12-31;11;551
50;2025-12-31;12;601
50;2025-12-31;13;688
50;2025-12-31;14;699
50;2025-12-31;15;609
50;2025-12-31;16;607
50;2025-12-31;17;622
50;2025-12-31;18;589
50;2025-12-31;19;528
50;2025-12-31;20;0
50;2025-12-31;21;0
50;2025-12-31;22;0
50;2025-12-31;23;0
