{"type":"FeatureCollection","features":[{"type":"Feature","geometry":{"type":"MultiLineString","coordinates":[[[37.58421,55.77605],[37.58553,55.77679]],[[37.58553,55.77679],[37.58614,55.77709],[37.58679,55.77736]],[[37.58679,55.77736],[37.58748,55.77761],[37.5882,55.77781],[37.58895,55.77799],[37.58973,55.77812],[37.59012,55.77817],[37.60352,55.77974],[37.60615,55.78004],[37.60983,55.78046],[37.6107,55.78053],[37.61147,55.78057],[37.61213,55.78057],[37.61279,55.78056],[37.61359,55.78052],[37.61832,55.78019],[37.62108,55.78],[37.627,55.7796],[37.62763,55.77956],[37.62827,55.77953],[37.6289,55.77952],[37.62953,55.77951],[37.63175,55.77952],[37.64809,55.77956]],[[37.64809,55.77956],[37.64871,55.77955],[37.64934,55.77949],[37.64994,55.77941],[37.65053,55.77929],[37.6511,55.77914],[37.65163,55.77895],[37.65214,55.77874],[37.6526,55.77851],[37.65302,55.77824],[37.65339,55.77796],[37.65372,55.77766],[37.65398,55.77734],[37.65419,55.77701],[37.65434,55.77667],[37.65444,55.77632],[37.65448,55.77595],[37.65446,55.77565]],[[37.65446,55.77565],[37.65433,55.77459],[37.65423,55.77346]],[[37.65423,55.77346],[37.65422,55.77331]],[[37.65422,55.77331],[37.65418,55.77278],[37.65423,55.77225],[37.65435,55.77173],[37.65453,55.77121],[37.65479,55.7707],[37.65511,55.7702],[37.65549,55.76972],[37.65926,55.76549],[37.65966,55.76501],[37.66,55.76452],[37.66028,55.76401],[37.66048,55.76349],[37.66056,55.76323],[37.66063,55.76294],[37.66068,55.76264],[37.66072,55.76234],[37.66073,55.76205],[37.66073,55.76175],[37.66072,55.76145],[37.66068,55.76116],[37.66063,55.76086],[37.66056,55.76057],[37.66047,55.76028],[37.66037,55.75998],[37.66024,55.7597],[37.65975,55.75862],[37.6595,55.75801],[37.65917,55.75726],[37.65872,55.75622],[37.65824,55.75514],[37.65525,55.74798],[37.65399,55.74498],[37.65369,55.74431],[37.65326,55.74365],[37.6527,55.74302],[37.6521,55.74245],[37.6512,55.74176],[37.65005,55.74088],[37.64946,55.74047],[37.64881,55.74009],[37.64811,55.73973],[37.64715,55.73928],[37.64645,55.73892],[37.6458,55.73853],[37.6452,55.73812],[37.64466,55.73769],[37.64417,55.73723],[37.64375,55.73676],[37.64238,55.73506],[37.64201,55.73465],[37.64159,55.73426],[37.64111,55.73389],[37.64058,55.73355],[37.63999,55.73323],[37.63936,55.73295],[37.63803,55.73241],[37.63586,55.73154],[37.63505,55.73121],[37.63471,55.73108],[37.63401,55.73085],[37.63327,55.73066],[37.6297,55.72983],[37.62881,55.72965],[37.6279,55.72951],[37.62698,55.72941],[37.6244,55.72922],[37.61689,55.72868],[37.61608,55.72865],[37.61527,55.72865],[37.61446,55.7287],[37.61366,55.72878],[37.61287,55.72891],[37.61211,55.72906],[37.61138,55.72926],[37.61102,55.72937],[37.6095,55.72988],[37.59141,55.73591],[37.58972,55.73647],[37.58749,55.73722],[37.58665,55.73747],[37.58579,55.73768],[37.5849,55.73786],[37.58445,55.73794],[37.58414,55.73799],[37.57627,55.73919],[37.57555,55.73928],[37.57476,55.73935],[37.57407,55.73938],[37.57136,55.73943],[37.5704,55.73952],[37.5692,55.73977],[37.56832,55.74006],[37.56781,55.74028],[37.56736,55.74053],[37.56661,55.74106],[37.56612,55.74159],[37.56578,55.74218],[37.56564,55.74268],[37.56563,55.74307]],[[37.56563,55.74307],[37.56571,55.74472],[37.56577,55.74592],[37.56589,55.74662],[37.56613,55.74731]],[[37.56613,55.74731],[37.56649,55.74799],[37.56696,55.74864],[37.56755,55.74926],[37.57574,55.75687],[37.5761,55.75722],[37.5765,55.7577],[37.57682,55.7582],[37.57706,55.75871],[37.57722,55.75922],[37.57751,55.76118],[37.57753,55.76132],[37.57763,55.76203],[37.579,55.77127],[37.57911,55.7718],[37.57931,55.77231],[37.5796,55.77281],[37.57998,55.7733],[37.58043,55.77376],[37.58097,55.77419],[37.58158,55.77459]],[[37.58158,55.77459],[37.58287,55.77531]],[[37.58287,55.77531],[37.58421,55.77605]],[[37.58393,55.77622],[37.58269,55.77553],[37.58118,55.7747]],[[37.58118,55.7747],[37.58058,55.77429],[37.58004,55.77386],[37.57958,55.7734],[37.57921,55.77292],[37.57892,55.77242],[37.57872,55.7719],[37.57861,55.77138],[37.57723,55.76204],[37.57712,55.7612],[37.57683,55.7593]],[[37.57683,55.7593],[37.57667,55.75878],[37.57642,55.75827],[37.5761,55.75777],[37.57571,55.75731],[37.57534,55.75694],[37.56715,55.74933],[37.56656,55.7487],[37.56609,55.74805],[37.56573,55.74738]],[[37.56573,55.74738],[37.56549,55.74669],[37.56537,55.74599],[37.56531,55.74473],[37.56521,55.74294]],[[37.56521,55.74294],[37.56521,55.74268],[37.56524,55.74243],[37.56532,55.7421],[37.56546,55.74179],[37.56564,55.74148],[37.56585,55.74121],[37.56614,55.74091],[37.56649,55.74062],[37.56695,55.74032],[37.5675,55.74003],[37.56801,55.73981],[37.56853,55.73963],[37.56901,55.7395],[37.56939,55.73941],[37.5698,55.73934],[37.57029,55.73927],[37.57071,55.73923],[37.57097,55.73921],[37.57121,55.7392],[37.57267,55.73917],[37.57389,55.73914],[37.5746,55.73912],[37.57548,55.73905],[37.57621,55.73897],[37.58429,55.73773],[37.58474,55.73765],[37.58563,55.73747],[37.58649,55.73726],[37.58733,55.73701],[37.58952,55.73628],[37.5912,55.73572],[37.60929,55.72968],[37.61093,55.72913],[37.61129,55.72902],[37.61202,55.72883],[37.61278,55.72867],[37.61357,55.72855],[37.61437,55.72846],[37.61518,55.72842],[37.61599,55.72841],[37.6168,55.72845],[37.62444,55.72899],[37.62708,55.72918],[37.628,55.72929],[37.62891,55.72943],[37.6298,55.72961],[37.63347,55.73046],[37.6342,55.73065],[37.63491,55.73088],[37.63524,55.73101],[37.63599,55.73131],[37.63827,55.73223],[37.63968,55.73279],[37.64031,55.73308],[37.6409,55.7334],[37.64143,55.73374],[37.64191,55.73411],[37.64233,55.7345],[37.6427,55.73491],[37.64408,55.73662],[37.64451,55.73709],[37.64499,55.73755],[37.64553,55.73798],[37.64613,55.73839],[37.64678,55.73878],[37.64748,55.73913],[37.64841,55.73957],[37.6491,55.73993],[37.64975,55.74031],[37.65035,55.74073],[37.65098,55.74121],[37.65145,55.74158],[37.65242,55.74232],[37.65309,55.74293],[37.65365,55.74356],[37.65407,55.74422],[37.65438,55.74489],[37.65863,55.75508],[37.65907,55.75617],[37.65952,55.75721],[37.65985,55.75796],[37.66014,55.75856],[37.66021,55.75871],[37.66079,55.76],[37.66097,55.76044],[37.66107,55.7609],[37.6611,55.76135],[37.66111,55.76174],[37.66112,55.76221],[37.66109,55.76274],[37.66105,55.763],[37.66091,55.76353],[37.6607,55.76404],[37.66043,55.76455],[37.66008,55.76505],[37.65968,55.76553],[37.65582,55.76986],[37.65544,55.77034],[37.65512,55.77084],[37.65486,55.77135],[37.65468,55.77187],[37.65456,55.7724],[37.65451,55.77293],[37.65451,55.7732],[37.65453,55.77345]],[[37.65453,55.77345],[37.65465,55.77458],[37.65469,55.77516],[37.65475,55.77564]],[[37.65475,55.77564],[37.65481,55.77617]],[[37.65481,55.77617],[37.65478,55.77655],[37.65469,55.7769],[37.65454,55.77724],[37.65433,55.77757],[37.65406,55.77789],[37.65374,55.77819],[37.65337,55.77848],[37.65295,55.77874],[37.65248,55.77898],[37.65198,55.77919],[37.65144,55.77937],[37.65088,55.77952],[37.65029,55.77964],[37.64967,55.77972],[37.64906,55.77977],[37.64843,55.77979],[37.63175,55.77975],[37.62958,55.77974],[37.62894,55.77975],[37.62829,55.77976],[37.62765,55.77979],[37.62701,55.77983],[37.62104,55.78024],[37.61818,55.78043],[37.61359,55.78075],[37.61279,55.78079],[37.61213,55.78081],[37.61147,55.7808],[37.61066,55.78077],[37.60983,55.7807],[37.60599,55.78026],[37.60343,55.77996],[37.58992,55.77838],[37.58953,55.77833],[37.58875,55.77819],[37.588,55.77802],[37.58727,55.77782],[37.58658,55.77757]],[[37.58658,55.77757],[37.58593,55.7773],[37.58532,55.777],[37.58393,55.77622]]]},"properties":{"kind":"line","mode":"subway","ref":"5","name":"Кольцевая линия (внутреннее кольцо)","colour":"#A35539"}},{"type":"Feature","geometry":{"type":"MultiLineString","coordinates":[[[37.66152,55.88815],[37.66144,55.88718],[37.66113,55.88391],[37.66116,55.88347],[37.66127,55.88303],[37.66145,55.8826],[37.66171,55.88218],[37.66204,55.88178]],[[37.66204,55.88178],[37.6641,55.8796]],[[37.6641,55.8796],[37.66549,55.87813],[37.66585,55.87772],[37.66614,55.87729],[37.66637,55.87685],[37.66653,55.8764],[37.66662,55.87595],[37.66665,55.87549],[37.6666,55.87504],[37.66649,55.87458],[37.6663,55.87414],[37.66584,55.87318],[37.66504,55.8718]],[[37.66504,55.8718],[37.664,55.86965],[37.66377,55.86916],[37.66338,55.86835]],[[37.66338,55.86835],[37.66288,55.86704],[37.66177,55.86473],[37.66168,55.86455],[37.66136,55.86387],[37.66046,55.86193],[37.66036,55.86171],[37.65943,55.85969],[37.65926,55.85936],[37.659,55.85897],[37.65868,55.8586],[37.6583,55.85824],[37.65787,55.85791],[37.65738,55.85759],[37.65685,55.85731],[37.65264,55.85525],[37.65134,55.85462],[37.64967,55.85376],[37.64525,55.8516],[37.64461,55.85118],[37.64097,55.84833],[37.64053,55.84796],[37.64005,55.8475],[37.63971,55.8471],[37.63815,55.84487],[37.63748,55.84391],[37.63727,55.84356],[37.63712,55.8432],[37.63705,55.84283],[37.63704,55.84246]],[[37.63704,55.84246],[37.63709,55.84209],[37.63763,55.84019],[37.6377,55.83977],[37.63771,55.83936],[37.63764,55.83895],[37.63751,55.83854],[37.63731,55.83814],[37.63678,55.83724],[37.63662,55.83693],[37.63653,55.83661],[37.63635,55.83552],[37.63632,55.8351],[37.63635,55.83469],[37.63646,55.83428],[37.63663,55.83387],[37.64056,55.82696],[37.64076,55.82656],[37.6409,55.82615],[37.64096,55.82574],[37.64127,55.82332],[37.64129,55.8229],[37.64128,55.8227],[37.64125,55.82239]],[[37.64125,55.82239],[37.64124,55.82213]],[[37.64124,55.82213],[37.64122,55.82112],[37.64117,55.81929]],[[37.64117,55.81929],[37.63905,55.8103]],[[37.63905,55.8103],[37.63881,55.8091],[37.63849,55.80749]],[[37.63849,55.80749],[37.63693,55.796]],[[37.63693,55.796],[37.63683,55.7955],[37.63631,55.79372],[37.63565,55.79144]],[[37.63565,55.79144],[37.63435,55.78459],[37.63414,55.78388],[37.63384,55.78324],[37.63341,55.78262],[37.63283,55.78192]],[[37.63283,55.78192],[37.63181,55.78091],[37.63026,55.77937]],[[37.63026,55.77937],[37.62997,55.77908],[37.62914,55.77831],[37.62887,55.77807],[37.62871,55.77791],[37.62856,55.77774],[37.62831,55.7774],[37.62813,55.77705],[37.62801,55.77668],[37.62795,55.77631],[37.62797,55.77594],[37.62805,55.77558],[37.6282,55.77522],[37.62842,55.77487],[37.62869,55.77453],[37.62903,55.77421],[37.62942,55.77392],[37.62964,55.77378]],[[37.62964,55.77378],[37.62985,55.77364]],[[37.62985,55.77364],[37.63107,55.77289]],[[37.63107,55.77289],[37.63273,55.77184]],[[37.63273,55.77184],[37.63579,55.76995],[37.636,55.76981],[37.63639,55.76951],[37.63671,55.76919],[37.63697,55.76885],[37.63717,55.7685],[37.63731,55.76813],[37.63738,55.76777],[37.63738,55.7674]],[[37.63738,55.7674],[37.63728,55.7665],[37.63711,55.76495],[37.63703,55.76454],[37.63689,55.76414],[37.63667,55.76374],[37.63639,55.76335],[37.63606,55.76299],[37.63325,55.76024],[37.63301,55.76001]],[[37.63301,55.76001],[37.63286,55.75985],[37.63261,55.7595],[37.63242,55.75915],[37.6323,55.75879],[37.63225,55.75842],[37.63226,55.75805],[37.63234,55.75768],[37.6324,55.7575]],[[37.6324,55.7575],[37.63274,55.75669]],[[37.63274,55.75669],[37.6332,55.75561],[37.63387,55.754]],[[37.63387,55.754],[37.63654,55.74763],[37.6374,55.746],[37.63756,55.74564],[37.63765,55.74527],[37.63768,55.7449],[37.63764,55.74453],[37.63753,55.74417],[37.63735,55.74381],[37.63711,55.74347],[37.63681,55.74314],[37.63625,55.74268],[37.63581,55.74241],[37.63532,55.74216],[37.63479,55.74194],[37.63423,55.74175],[37.63363,55.7416],[37.633,55.74148],[37.63236,55.7414],[37.63171,55.74136],[37.63052,55.74131],[37.62837,55.74123]],[[37.62837,55.74123],[37.62723,55.74119],[37.62587,55.74113]],[[37.62587,55.74113],[37.6242,55.74107],[37.62369,55.74105],[37.62303,55.741],[37.62238,55.74092],[37.62175,55.7408],[37.62114,55.74064],[37.62057,55.74044],[37.62004,55.74022],[37.61955,55.73996],[37.61911,55.73968],[37.61873,55.73937],[37.6184,55.73904],[37.61814,55.73869],[37.61803,55.73852],[37.61587,55.73429],[37.61543,55.73331],[37.61532,55.73313],[37.61507,55.73279],[37.61475,55.73246],[37.61438,55.73216],[37.61395,55.73188],[37.61348,55.73162],[37.61296,55.7314]],[[37.61296,55.7314],[37.61228,55.73114],[37.61082,55.73058],[37.60904,55.72989]],[[37.60904,55.72989],[37.60857,55.72971],[37.60813,55.72948],[37.60767,55.72922],[37.60726,55.72893],[37.60692,55.72861],[37.60662,55.72828],[37.6064,55.72794],[37.60623,55.72758],[37.60613,55.72721],[37.6061,55.72684],[37.60614,55.72647],[37.60751,55.71998],[37.6077,55.71907],[37.60774,55.7187],[37.60772,55.71832],[37.60763,55.71795],[37.60747,55.71759],[37.60724,55.71723],[37.60694,55.71689],[37.60659,55.71658],[37.60058,55.71163],[37.60018,55.71135],[37.59974,55.7111],[37.59926,55.71088],[37.59874,55.71068],[37.59819,55.71052],[37.59761,55.71038],[37.59701,55.71028],[37.5964,55.71021],[37.59577,55.71018],[37.59276,55.71015],[37.59213,55.71013],[37.59152,55.71007],[37.59091,55.70998],[37.59033,55.70985],[37.58977,55.7097],[37.58923,55.70951],[37.58874,55.7093],[37.58828,55.70906],[37.58612,55.70766],[37.58472,55.70675],[37.57985,55.70337]],[[37.57985,55.70337],[37.57901,55.7027],[37.57825,55.7019],[37.57789,55.70127],[37.5764,55.69674],[37.57612,55.69591],[37.57529,55.69015],[37.57523,55.68994],[37.57515,55.68973],[37.57505,55.68954],[37.57493,55.68934],[37.5748,55.68916],[37.57466,55.68899],[37.57446,55.68879],[37.57343,55.68784],[37.57203,55.68655],[37.57048,55.68497],[37.56672,55.6815],[37.56368,55.67876],[37.56282,55.67796],[37.56195,55.67714],[37.559,55.67441],[37.55533,55.67101],[37.5546,55.67031],[37.5544,55.67011],[37.55373,55.66949]],[[37.55373,55.66949],[37.55345,55.66923],[37.54057,55.65725],[37.53663,55.65359],[37.53618,55.65321],[37.53303,55.65077],[37.5325,55.65033],[37.5285,55.64663],[37.52779,55.64586],[37.52716,55.64506],[37.52558,55.6428],[37.525,55.64195]],[[37.525,55.64195],[37.51959,55.63419],[37.51888,55.63317]],[[37.51888,55.63317],[37.5173,55.6309]],[[37.5173,55.6309],[37.51685,55.63038],[37.5163,55.62985],[37.50997,55.62441],[37.50941,55.624],[37.50799,55.62302],[37.50763,55.62277],[37.50733,55.62254],[37.50703,55.62224],[37.50679,55.62188],[37.50666,55.6215],[37.50663,55.62113],[37.50673,55.62071],[37.50696,55.6203],[37.50816,55.6188],[37.50984,55.6167],[37.51041,55.61619],[37.51114,55.61573],[37.51199,55.61534],[37.51473,55.61433],[37.51538,55.61408],[37.51585,55.61385],[37.51632,55.61358],[37.51676,55.61327],[37.52128,55.60984],[37.52227,55.60923],[37.52335,55.60867],[37.52472,55.60817],[37.52592,55.60786],[37.53337,55.60625],[37.53542,55.60581],[37.53749,55.60545],[37.55003,55.60274],[37.55057,55.6026],[37.55106,55.60244],[37.55153,55.60225],[37.55203,55.60203],[37.55407,55.60095],[37.55507,55.60042]],[[37.55521,55.60051],[37.55421,55.60103],[37.55228,55.60205],[37.55173,55.60229],[37.55115,55.6025],[37.55076,55.60262],[37.55037,55.60272],[37.53344,55.60636],[37.53142,55.6068],[37.52947,55.60713],[37.52595,55.60789],[37.52476,55.60821],[37.52339,55.6087],[37.5224,55.60921],[37.52134,55.60986],[37.51682,55.61329],[37.51637,55.61361],[37.5159,55.61388],[37.51542,55.61411],[37.51477,55.61437],[37.51215,55.61533],[37.51126,55.61575],[37.51056,55.6162],[37.51006,55.6167],[37.50835,55.61885],[37.50711,55.6204],[37.50689,55.62079],[37.5068,55.62119],[37.50682,55.62154],[37.50695,55.62191],[37.50717,55.62226],[37.50745,55.62254],[37.50775,55.62277],[37.50857,55.62334],[37.50948,55.62397],[37.51002,55.62439],[37.51707,55.63044],[37.51738,55.63075],[37.51761,55.63103],[37.51907,55.63313]],[[37.51907,55.63313],[37.51978,55.63414],[37.52501,55.64166],[37.52519,55.64191]],[[37.52519,55.64191],[37.52578,55.64276],[37.52735,55.64501],[37.52797,55.6458],[37.52868,55.64659],[37.53259,55.65029],[37.53313,55.65074],[37.5363,55.65313],[37.5368,55.65352],[37.54075,55.6572],[37.55363,55.66918],[37.55393,55.66944]],[[37.55393,55.66944],[37.55479,55.67025],[37.56299,55.6779],[37.5736,55.68778],[37.57446,55.68857],[37.57468,55.68879],[37.57484,55.68898],[37.57496,55.68914],[37.57507,55.68932],[37.57518,55.68952],[37.57526,55.68972],[37.57533,55.68993],[37.57642,55.69588],[37.5782,55.70126],[37.5785,55.70184],[37.57921,55.70265],[37.58002,55.7033]],[[37.58002,55.7033],[37.5849,55.70669],[37.58628,55.70759],[37.5883,55.70889],[37.58876,55.70913],[37.58925,55.70935],[37.58979,55.70953],[37.59035,55.70969],[37.59093,55.70981],[37.59154,55.70991],[37.59215,55.70996],[37.59278,55.70999],[37.59604,55.71002],[37.59666,55.71005],[37.59727,55.71012],[37.59787,55.71022],[37.59845,55.71036],[37.599,55.71052],[37.59952,55.71072],[37.60001,55.71094],[37.60045,55.71119],[37.60084,55.71147],[37.60698,55.71652],[37.60734,55.71684],[37.60763,55.71718],[37.60786,55.71753],[37.60802,55.71789],[37.60811,55.71827],[37.60814,55.71864],[37.60809,55.71902],[37.60788,55.72],[37.60654,55.7264],[37.6065,55.72677],[37.60653,55.72714],[37.60663,55.7275],[37.60679,55.72786],[37.60702,55.72821],[37.60731,55.72854],[37.60766,55.72885],[37.60807,55.72914]],[[37.60807,55.72914],[37.60852,55.72941],[37.60894,55.72961],[37.60939,55.72979]],[[37.60939,55.72979],[37.61101,55.73041],[37.61247,55.73097],[37.61326,55.73128],[37.61378,55.7315],[37.61426,55.73176],[37.61468,55.73204],[37.61506,55.73234],[37.61537,55.73267],[37.61562,55.73301],[37.61573,55.73319],[37.61621,55.73424],[37.61822,55.73815],[37.61832,55.73833],[37.61858,55.73867],[37.61891,55.739],[37.61929,55.73931],[37.61973,55.73959],[37.62022,55.73985],[37.62075,55.74008],[37.62132,55.74027],[37.62193,55.74043],[37.62256,55.74055],[37.62321,55.74064],[37.62387,55.74068],[37.62583,55.74076]],[[37.62583,55.74076],[37.62717,55.74081],[37.62841,55.74086]],[[37.62841,55.74086],[37.63244,55.74101],[37.63309,55.74106],[37.63373,55.74114],[37.63436,55.74125],[37.63495,55.74141],[37.63552,55.74159],[37.63605,55.74181],[37.63654,55.74206],[37.63698,55.74234],[37.63737,55.74263],[37.6377,55.74295],[37.63797,55.74329],[37.63817,55.74364],[37.63832,55.744],[37.63839,55.74437],[37.6384,55.74474],[37.63834,55.74511],[37.63821,55.74547],[37.63704,55.74771],[37.63438,55.75407]],[[37.63438,55.75407],[37.6337,55.75567],[37.63325,55.75675]],[[37.63325,55.75675],[37.63291,55.75757]],[[37.63291,55.75757],[37.63279,55.75793],[37.63275,55.7583],[37.63277,55.75867],[37.63286,55.75904],[37.63301,55.7594],[37.63323,55.75975],[37.63352,55.76008]],[[37.63352,55.76008],[37.6343,55.76084],[37.63642,55.76292],[37.63676,55.76329],[37.63704,55.76367],[37.63725,55.76407],[37.6374,55.76448],[37.63748,55.76489],[37.63765,55.76649],[37.63776,55.76746]],[[37.63776,55.76746],[37.63776,55.76783],[37.63769,55.76819],[37.63756,55.76856],[37.63736,55.76891],[37.63709,55.76925],[37.63677,55.76957],[37.63639,55.76987],[37.63617,55.77002],[37.633,55.77198]],[[37.633,55.77198],[37.63134,55.77302],[37.63012,55.77378]],[[37.63012,55.77378],[37.62971,55.77407]],[[37.62971,55.77407],[37.62936,55.77435],[37.62905,55.77468],[37.62881,55.77502],[37.62863,55.77538],[37.62851,55.77574],[37.62846,55.77611],[37.62848,55.77648],[37.62857,55.77685],[37.62872,55.77721],[37.62894,55.77756],[37.62922,55.77789]],[[37.62922,55.77789],[37.63056,55.77922],[37.63215,55.7808]],[[37.63215,55.7808],[37.63318,55.78182],[37.63376,55.78255],[37.63417,55.7832],[37.63447,55.78386],[37.63467,55.78458],[37.63603,55.79142]],[[37.63603,55.79142],[37.63669,55.79368],[37.63722,55.79549],[37.63731,55.79597]],[[37.63731,55.79597],[37.63889,55.80748]],[[37.63889,55.80748],[37.6392,55.80908],[37.63944,55.81027]],[[37.63944,55.81027],[37.64156,55.81928]],[[37.64156,55.81928],[37.6416,55.82109],[37.64163,55.82213]],[[37.64163,55.82213],[37.64163,55.82239]],[[37.64163,55.82239],[37.64168,55.8229],[37.64173,55.82332],[37.64217,55.8253],[37.64221,55.82572],[37.64218,55.82613],[37.64211,55.82648],[37.64199,55.82681],[37.64183,55.82714],[37.64164,55.82746],[37.63708,55.83355],[37.63685,55.83394],[37.63667,55.83434],[37.63657,55.83475],[37.63654,55.83517],[37.63657,55.83558],[37.63674,55.83659],[37.63683,55.83691],[37.63698,55.83723],[37.63752,55.83813],[37.63772,55.83853],[37.63785,55.83894],[37.63792,55.83935],[37.63791,55.83977],[37.63784,55.84018],[37.6373,55.84207],[37.63725,55.84244]],[[37.63725,55.84244],[37.63726,55.84281],[37.63733,55.84318],[37.63748,55.84354],[37.63769,55.84389],[37.63834,55.84483],[37.64009,55.84733],[37.64061,55.8479],[37.64103,55.8483],[37.64465,55.85114],[37.6453,55.85157],[37.64972,55.85373],[37.65148,55.85454],[37.65277,55.85517],[37.6555,55.8565],[37.65743,55.85757],[37.65792,55.85788],[37.65836,55.85822],[37.65874,55.85858],[37.65906,55.85896],[37.65933,55.85935],[37.6595,55.85968],[37.66029,55.8614],[37.66143,55.86386],[37.66198,55.86501],[37.66385,55.86888],[37.66388,55.86895]],[[37.66388,55.86895],[37.6642,55.86962],[37.66484,55.87095],[37.66492,55.87111],[37.66637,55.87413],[37.66656,55.87458],[37.66667,55.87503],[37.66672,55.87549],[37.66669,55.87595],[37.6666,55.87641],[37.66644,55.87686],[37.66621,55.8773],[37.66591,55.87773],[37.66555,55.87815],[37.66417,55.87962]],[[37.66417,55.87962],[37.66224,55.88167]],[[37.66224,55.88167],[37.66191,55.88207],[37.66165,55.88249],[37.66147,55.88291],[37.66136,55.88335],[37.66133,55.88379]],[[37.66133,55.88379],[37.66149,55.88548]],[[37.66149,55.88548],[37.66158,55.88648]],[[37.66158,55.88648],[37.66164,55.88717],[37.66173,55.88815]]]},"properties":{"kind":"line","mode":"subway","ref":"6","name":"Калужско-Рижская линия: Медведково → Новоясеневская","colour":"#F07E23"}},{"type":"Feature","geometry":{"type":"MultiLineString","coordinates":[[[37.58727,55.89887],[37.58726,55.89792],[37.58719,55.89418],[37.58723,55.89374],[37.58734,55.89332],[37.58749,55.89293],[37.58776,55.89244],[37.58813,55.89195],[37.58858,55.89149],[37.58905,55.89111],[37.58964,55.89072],[37.59028,55.89036],[37.594,55.88858],[37.59454,55.88831],[37.59646,55.88725],[37.59699,55.88697],[37.59941,55.88584],[37.60124,55.88488],[37.60349,55.88383],[37.60605,55.88263],[37.60645,55.88242],[37.60687,55.88219],[37.60732,55.88191],[37.60794,55.88144],[37.60844,55.88099],[37.60883,55.88054],[37.60916,55.88006],[37.60941,55.87954],[37.60956,55.87904],[37.60985,55.87801],[37.61049,55.87623],[37.6115,55.87264],[37.61159,55.87227],[37.61165,55.8717],[37.61161,55.87113],[37.61147,55.87056],[37.61123,55.87],[37.6109,55.86946],[37.61048,55.86894],[37.60861,55.86718],[37.60561,55.86424]],[[37.60561,55.86424],[37.60536,55.864],[37.60457,55.86322],[37.60188,55.86058],[37.60025,55.85883]],[[37.60025,55.85883],[37.59834,55.85703],[37.59275,55.85176],[37.59204,55.85109],[37.5917,55.85069],[37.59142,55.85028],[37.58982,55.8472],[37.58884,55.84532],[37.58858,55.84489],[37.58824,55.84447],[37.58785,55.84408],[37.5874,55.8437],[37.58689,55.84334],[37.58634,55.84301]],[[37.58634,55.84301],[37.58237,55.8409],[37.58202,55.84074],[37.58165,55.84059],[37.57941,55.83975],[37.57908,55.83962],[37.57843,55.83934],[37.57783,55.83903],[37.57728,55.8387],[37.57679,55.83834],[37.57634,55.83795],[37.57596,55.83755],[37.57564,55.83713],[37.57428,55.83502],[37.57295,55.83297],[37.57272,55.83253],[37.57255,55.83208],[37.57245,55.83163],[37.57242,55.83117],[37.57243,55.83095],[37.57343,55.82278],[37.57357,55.82221],[37.57383,55.82162],[37.57628,55.81711],[37.57706,55.81567],[37.58172,55.80654],[37.58233,55.80535],[37.58249,55.80496],[37.58262,55.80457],[37.58367,55.79903],[37.58382,55.79852],[37.58406,55.79801],[37.5844,55.79752],[37.58678,55.79469]],[[37.58678,55.79469],[37.58746,55.79389],[37.58771,55.79359],[37.58866,55.79245],[37.58961,55.79132]],[[37.58961,55.79132],[37.59635,55.78326],[37.59676,55.78287],[37.59732,55.78246],[37.59792,55.78212],[37.59844,55.7819],[37.5992,55.78164],[37.6019,55.78087],[37.60377,55.78034],[37.61458,55.77719],[37.61568,55.77678],[37.61666,55.77626],[37.61759,55.77555],[37.6182,55.77483],[37.61853,55.7742],[37.6187,55.7735],[37.61868,55.77292],[37.61857,55.77242],[37.61837,55.77197],[37.61774,55.7709],[37.61718,55.76994],[37.61686,55.76954],[37.61648,55.76915],[37.61602,55.76879],[37.61551,55.76846],[37.61069,55.76584],[37.60894,55.76488],[37.60727,55.76397],[37.60676,55.76364],[37.60632,55.76327],[37.60594,55.76289],[37.60562,55.76248],[37.60538,55.76206],[37.60522,55.76163],[37.60513,55.7612],[37.60512,55.76076],[37.60515,55.76046]],[[37.60515,55.76046],[37.60659,55.75258],[37.60688,55.75096],[37.60759,55.74708]],[[37.60759,55.74708],[37.60768,55.74669],[37.60784,55.7463],[37.60808,55.7459],[37.60845,55.74544],[37.60883,55.74509],[37.61704,55.7381],[37.62119,55.73457],[37.62162,55.73414],[37.622,55.73362],[37.62228,55.73308],[37.623,55.73156],[37.62386,55.7297],[37.62468,55.72793],[37.62703,55.72276],[37.62721,55.72216],[37.62752,55.71872],[37.62749,55.71838],[37.62737,55.71802],[37.62718,55.7177],[37.62411,55.71354]],[[37.62411,55.71354],[37.62392,55.71332],[37.62346,55.71284],[37.62316,55.71252],[37.62293,55.71219],[37.62276,55.71184],[37.62267,55.71148],[37.62264,55.71113],[37.62272,55.71013],[37.62271,55.70866],[37.6227,55.70682],[37.62274,55.70651],[37.62299,55.70548],[37.62303,55.7051],[37.623,55.70473],[37.6229,55.70436],[37.62282,55.70412],[37.6227,55.70381],[37.6225,55.70348],[37.62225,55.70317],[37.62193,55.70287],[37.62156,55.70259],[37.61842,55.70039],[37.61817,55.7002],[37.61773,55.69982],[37.61735,55.69941],[37.61703,55.69899],[37.61677,55.69856],[37.61659,55.69811],[37.61646,55.69766],[37.61641,55.6972],[37.61643,55.69675],[37.61689,55.69269],[37.61694,55.69239],[37.61701,55.69212],[37.61713,55.69177],[37.61728,55.69145],[37.61741,55.69124],[37.61754,55.69103],[37.61773,55.69078],[37.61792,55.69055],[37.61815,55.69031],[37.61841,55.69008],[37.61871,55.68983],[37.61902,55.68959],[37.62183,55.68779],[37.62241,55.68734],[37.62272,55.68701],[37.62297,55.68667],[37.62316,55.68631],[37.62328,55.68595],[37.62333,55.68558],[37.62332,55.68521],[37.62324,55.68485],[37.6231,55.68448],[37.62232,55.68299],[37.62157,55.68156],[37.62136,55.68121],[37.62108,55.68087],[37.62075,55.68055],[37.62036,55.68026],[37.61992,55.67998],[37.61944,55.67973],[37.61888,55.6795],[37.61714,55.67883],[37.61654,55.67859],[37.61599,55.67832],[37.61548,55.67802],[37.61503,55.67769],[37.61232,55.67549],[37.61194,55.67514],[37.61162,55.67477],[37.61135,55.67438],[37.61125,55.67418],[37.61067,55.67297],[37.61018,55.67196],[37.60925,55.67005],[37.60914,55.6697],[37.6091,55.66937],[37.60913,55.66693],[37.60897,55.66625],[37.60868,55.66562],[37.60817,55.66492],[37.60745,55.66423],[37.60554,55.66268],[37.59901,55.65737],[37.59874,55.6571],[37.5985,55.65677],[37.59833,55.65637],[37.59828,55.65603]],[[37.59828,55.65603],[37.59834,55.65267],[37.59843,55.64681]],[[37.59843,55.64681],[37.59849,55.64648],[37.59865,55.64605],[37.59889,55.64563],[37.59922,55.64523],[37.60085,55.6434],[37.60126,55.64303],[37.60173,55.64268],[37.60226,55.64235],[37.60284,55.64206],[37.60662,55.64041],[37.60893,55.63941]],[[37.60893,55.63941],[37.60951,55.63911],[37.61004,55.63879],[37.61051,55.63844],[37.61092,55.63807],[37.61127,55.63767],[37.61154,55.63726],[37.61242,55.6354],[37.61345,55.63323],[37.61358,55.63289],[37.61366,55.63254],[37.61367,55.63219],[37.61363,55.63184],[37.61352,55.63149],[37.60913,55.62227],[37.6087,55.62136],[37.60443,55.61239],[37.60389,55.61127],[37.59996,55.60301]],[[37.59996,55.60301],[37.59965,55.6022],[37.59959,55.60163],[37.59971,55.60104],[37.60053,55.59836],[37.60063,55.59791],[37.60063,55.59746],[37.60032,55.59508],[37.6001,55.59353],[37.60008,55.59326],[37.59997,55.59268],[37.5998,55.59212],[37.59884,55.59004],[37.59676,55.5836],[37.59658,55.58321],[37.59637,55.58254],[37.59593,55.58119],[37.5955,55.58006],[37.59527,55.57959],[37.5949,55.5791],[37.59429,55.57858],[37.59356,55.57815],[37.5926,55.57776],[37.59156,55.5775],[37.59046,55.57732],[37.58686,55.57692],[37.58633,55.57685],[37.5858,55.57676],[37.58524,55.57664],[37.5847,55.5765],[37.5842,55.57635],[37.58373,55.57618],[37.58326,55.576],[37.58282,55.5758],[37.58242,55.5756],[37.58204,55.57538],[37.58166,55.57513],[37.5813,55.57487],[37.58092,55.57455],[37.5806,55.57422],[37.5803,55.57386],[37.57912,55.57227],[37.57828,55.57129],[37.57676,55.56927],[37.57621,55.56855]],[[37.57645,55.56852],[37.57698,55.56922],[37.5785,55.57123],[37.57918,55.57226],[37.58021,55.57364],[37.58037,55.57385],[37.58068,55.57419],[37.58102,55.57451],[37.58142,55.57482],[37.58178,55.57508],[37.58217,55.57532],[37.58255,55.57552],[37.58294,55.57572],[37.58338,55.57591],[37.58384,55.57608],[37.58431,55.57624],[37.58479,55.57639],[37.58532,55.57652],[37.58587,55.57664],[37.58639,55.57673],[37.58693,55.57681],[37.5906,55.57722],[37.59167,55.5774],[37.59271,55.57768],[37.5937,55.57808],[37.59445,55.57852],[37.59509,55.57905],[37.59549,55.57956],[37.59575,55.58003],[37.59622,55.58121],[37.5965,55.58182],[37.5967,55.58251],[37.5969,55.58316],[37.59701,55.58359],[37.59909,55.59],[37.60001,55.59211],[37.60021,55.59269],[37.60034,55.59329],[37.60056,55.59498],[37.60089,55.59744],[37.60087,55.59793],[37.60075,55.5984],[37.59995,55.60103],[37.59981,55.60165],[37.59988,55.60219],[37.60016,55.60298]],[[37.60016,55.60298],[37.60409,55.61124],[37.60463,55.61237],[37.6089,55.62134],[37.60933,55.62225],[37.61367,55.63136],[37.61378,55.63171],[37.61382,55.63206],[37.61381,55.63241],[37.61373,55.63276],[37.6136,55.6331],[37.6125,55.63541],[37.61155,55.6374],[37.61128,55.63781],[37.61094,55.63821],[37.61053,55.63858],[37.61005,55.63893],[37.60952,55.63926],[37.60894,55.63955]],[[37.60894,55.63955],[37.60675,55.6405],[37.603,55.64213],[37.60242,55.64243],[37.60189,55.64275],[37.60142,55.6431],[37.60101,55.64348],[37.59942,55.64526],[37.5991,55.64566],[37.59885,55.64608],[37.59869,55.64651],[37.59863,55.64682]],[[37.59863,55.64682],[37.59856,55.65113],[37.59854,55.65268],[37.59849,55.65603]],[[37.59849,55.65603],[37.59853,55.65635],[37.5987,55.65673],[37.59894,55.65706],[37.59919,55.65731],[37.60572,55.66262],[37.60763,55.66418],[37.60839,55.66487],[37.60891,55.66558],[37.60922,55.66623],[37.60934,55.66691],[37.60931,55.66936],[37.60935,55.66969],[37.60946,55.67003],[37.61038,55.67194],[37.61135,55.67395],[37.61154,55.67434],[37.61165,55.67454],[37.61191,55.67493],[37.61223,55.6753],[37.61261,55.67566],[37.61486,55.67749],[37.61532,55.67781],[37.61582,55.67811],[37.61638,55.67839],[37.61697,55.67863],[37.61906,55.67943],[37.61961,55.67966],[37.6201,55.67991],[37.62054,55.68019],[37.62092,55.68049],[37.62126,55.6808],[37.62153,55.68114],[37.62175,55.68149],[37.62251,55.68296],[37.62332,55.68451],[37.62347,55.68487],[37.62355,55.68524],[37.62356,55.68561],[37.62351,55.68598],[37.62339,55.68634],[37.6232,55.6867],[37.62295,55.68704],[37.62263,55.68736],[37.62206,55.68781],[37.61919,55.68966],[37.61886,55.68989],[37.61856,55.69013],[37.6183,55.69036],[37.61806,55.6906],[37.61785,55.69083],[37.61767,55.69107],[37.61753,55.69127],[37.6174,55.69148],[37.61724,55.69178],[37.6171,55.69214],[37.61702,55.69242],[37.61696,55.69271],[37.6165,55.69675],[37.61648,55.6972],[37.61654,55.69766],[37.61666,55.6981],[37.61684,55.69855],[37.6171,55.69898],[37.61742,55.6994],[37.6178,55.6998],[37.61823,55.70018],[37.61847,55.70036],[37.622,55.70284],[37.62234,55.70312],[37.62263,55.70343],[37.62285,55.70375],[37.62302,55.70409],[37.62311,55.70435],[37.62321,55.70472],[37.62324,55.7051],[37.62319,55.70548],[37.62294,55.70652],[37.62291,55.70682],[37.62292,55.70866],[37.62293,55.71013],[37.62285,55.71113],[37.62287,55.71148],[37.62297,55.71182],[37.62313,55.71216],[37.62335,55.71248],[37.62363,55.71279],[37.62408,55.71327],[37.62428,55.7135]],[[37.62428,55.7135],[37.62747,55.71764],[37.62766,55.71798],[37.62778,55.71834],[37.62782,55.71871],[37.62753,55.72219],[37.62735,55.72281],[37.62499,55.72797],[37.62425,55.7296],[37.62334,55.7316],[37.62312,55.73239],[37.62294,55.73291],[37.62265,55.73345],[37.62224,55.73399],[37.62181,55.73442],[37.61734,55.73822],[37.60914,55.74518],[37.60873,55.74556],[37.60841,55.74598],[37.60819,55.74635],[37.60803,55.74675],[37.60793,55.74713]],[[37.60793,55.74713],[37.60723,55.75098],[37.60676,55.75357],[37.60551,55.76041]],[[37.60551,55.76041],[37.60548,55.76069],[37.60549,55.76113],[37.60558,55.76157],[37.60574,55.762],[37.60598,55.76242],[37.60629,55.76283],[37.60668,55.76321],[37.60712,55.76357],[37.60763,55.76391],[37.60919,55.76476],[37.61066,55.76556],[37.61578,55.76835],[37.61629,55.76868],[37.61675,55.76904],[37.61714,55.76943],[37.61741,55.76978],[37.61805,55.77085],[37.61872,55.77198],[37.61892,55.77239],[37.61908,55.77292],[37.61912,55.77349],[37.61898,55.77424],[37.61866,55.77493],[37.61806,55.77566],[37.61712,55.77641],[37.61599,55.77701],[37.61482,55.77744],[37.60206,55.78105],[37.59937,55.78181],[37.59868,55.78204],[37.59815,55.78228],[37.59758,55.7826],[37.59705,55.78299],[37.59665,55.78337],[37.58993,55.7914]],[[37.58993,55.7914],[37.58898,55.79253],[37.58824,55.7934],[37.58802,55.79367],[37.58777,55.79397],[37.5871,55.79477]],[[37.5871,55.79477],[37.58471,55.79761],[37.58438,55.7981],[37.58414,55.7986],[37.58398,55.79912],[37.58297,55.8046],[37.58284,55.805],[37.58268,55.80539],[37.58206,55.80658],[37.5791,55.81235],[37.5765,55.81714],[37.57405,55.82164],[37.57379,55.82224],[37.57364,55.82279],[37.57271,55.83046],[37.57271,55.83092],[37.57273,55.83115],[37.57283,55.8316],[37.573,55.83205],[37.57324,55.83248],[37.57467,55.83471],[37.5759,55.83661]],[[37.5759,55.83661],[37.57635,55.8373],[37.57667,55.83772],[37.57705,55.83812],[37.57749,55.8385],[37.57799,55.83887],[37.57854,55.8392],[37.57913,55.83951],[37.57978,55.83979],[37.58011,55.83992],[37.58216,55.84069],[37.58252,55.84084],[37.58287,55.84101],[37.58652,55.84295]],[[37.58652,55.84295],[37.58708,55.84328],[37.58758,55.84363],[37.58803,55.84401],[37.58843,55.84441],[37.58876,55.84483],[37.58902,55.84526],[37.59002,55.84716]],[[37.59002,55.84716],[37.59175,55.8505],[37.59204,55.85094],[37.59238,55.85133],[37.59312,55.85204],[37.59338,55.85228],[37.59783,55.85648]],[[37.59783,55.85648],[37.59808,55.85672],[37.60025,55.85876],[37.60474,55.86316],[37.60579,55.86418],[37.60926,55.86758],[37.61054,55.86893],[37.61097,55.86945],[37.6113,55.87],[37.61154,55.87055],[37.61168,55.87112],[37.61172,55.87169],[37.61166,55.87226],[37.61157,55.87263],[37.60976,55.87906]],[[37.60976,55.87906],[37.6096,55.87957],[37.60934,55.88009],[37.609,55.88059],[37.60861,55.88103],[37.6081,55.8815],[37.60747,55.88198],[37.60703,55.88226],[37.60662,55.88249],[37.60621,55.8827],[37.60362,55.88392],[37.59704,55.887],[37.5965,55.88727],[37.59458,55.88834],[37.59405,55.88861],[37.59035,55.89038],[37.5897,55.89074],[37.58912,55.89114],[37.58867,55.89152],[37.58824,55.89198],[37.58789,55.89245],[37.58764,55.89294],[37.5875,55.89332],[37.58742,55.89373],[37.58739,55.89416],[37.58747,55.89792],[37.58749,55.89887]]]},"properties":{"kind":"line","mode":"subway","ref":"9","name":"Серпуховско-Тимирязевская линия: Алтуфьево → Бульвар Дмитрия Донского","colour":"#ADACAC"}},{"type":"Feature","geometry":{"type":"MultiLineString","coordinates":[[[37.6099,55.75245],[37.60961,55.75245],[37.6092,55.75245],[37.60867,55.75242],[37.6084,55.75241],[37.60816,55.75239],[37.6079,55.75236],[37.60737,55.7523]],[[37.60737,55.7523],[37.60705,55.75226],[37.6057,55.75203]],[[37.6057,55.75203],[37.6048,55.75189]],[[37.6048,55.75189],[37.60452,55.75185],[37.60411,55.75182],[37.6037,55.75181],[37.6032,55.75181]],[[37.6032,55.75181],[37.60066,55.75191],[37.59865,55.75199]],[[37.59865,55.75199],[37.5984,55.75199],[37.59792,55.75198],[37.59763,55.75196],[37.59734,55.75193],[37.59516,55.75168],[37.59478,55.75162],[37.59441,55.75156],[37.59405,55.75148],[37.59369,55.75139],[37.58628,55.74932],[37.58601,55.74925],[37.58577,55.7492],[37.58547,55.74914],[37.58517,55.74909],[37.58483,55.74906],[37.5827,55.74886],[37.58122,55.74873],[37.58097,55.7487],[37.57979,55.74852]],[[37.57979,55.74852],[37.57951,55.74849],[37.57831,55.74838],[37.57739,55.74834],[37.57674,55.74831]],[[37.57674,55.74831],[37.57579,55.74827],[37.57436,55.7482],[37.57217,55.7481]],[[37.57217,55.7481],[37.57177,55.74805],[37.57136,55.74797],[37.57075,55.74778],[37.57043,55.74763],[37.57012,55.74744],[37.56983,55.74721],[37.56963,55.74697],[37.5695,55.74678],[37.56887,55.74565]],[[37.56887,55.74565],[37.56855,55.74507],[37.56838,55.74486],[37.5682,55.74469],[37.56796,55.74452],[37.56767,55.74436],[37.56736,55.74424],[37.56704,55.74413]],[[37.56704,55.74413],[37.56516,55.74361],[37.56403,55.7433]],[[37.56403,55.7433],[37.56272,55.74294],[37.56233,55.74285],[37.56193,55.74277],[37.5602,55.74249]],[[37.5602,55.74249],[37.55984,55.74245],[37.55897,55.74237],[37.55863,55.74232],[37.55829,55.74225],[37.5574,55.74201],[37.55673,55.74189],[37.55597,55.74185],[37.55521,55.7419],[37.55451,55.74206],[37.5539,55.74229],[37.55342,55.74258],[37.55308,55.74289],[37.55285,55.74325],[37.55276,55.74364],[37.55282,55.74406],[37.55302,55.74442],[37.55319,55.74461],[37.5536,55.745],[37.55377,55.74519],[37.5539,55.74542],[37.55398,55.74566],[37.554,55.74595],[37.55379,55.74732],[37.55365,55.74768],[37.55342,55.74797],[37.55313,55.74822],[37.55275,55.74844],[37.54773,55.7509],[37.54748,55.75101],[37.54721,55.7511],[37.54693,55.75117],[37.54663,55.75123],[37.54633,55.75127],[37.54602,55.7513],[37.54571,55.75131],[37.54539,55.7513],[37.54508,55.75127],[37.54478,55.75123],[37.54449,55.75117],[37.5442,55.75109],[37.54132,55.75014],[37.54047,55.74986],[37.53984,55.7496]],[[37.53984,55.7496],[37.53934,55.74943]],[[37.53934,55.74943],[37.53868,55.74926],[37.53831,55.74915],[37.5364,55.74851],[37.53601,55.74842],[37.53573,55.74838],[37.53546,55.74837],[37.53515,55.74836],[37.53424,55.74836],[37.53189,55.74837]],[[37.53189,55.74823],[37.53422,55.74823],[37.53509,55.74823],[37.53539,55.74824],[37.53566,55.74826],[37.53591,55.74829],[37.53633,55.74839],[37.53937,55.7494]],[[37.53937,55.7494],[37.53988,55.74957]],[[37.53988,55.74957],[37.54048,55.74972],[37.54143,55.75003],[37.5442,55.75094],[37.54448,55.75102],[37.54477,55.75108],[37.54508,55.75112],[37.54539,55.75115],[37.5457,55.75116],[37.54601,55.75115],[37.54632,55.75112],[37.54663,55.75108],[37.54692,55.75102],[37.5472,55.75095],[37.54747,55.75086],[37.54773,55.75075],[37.55258,55.74838],[37.55296,55.74815],[37.55323,55.74791],[37.55345,55.74765],[37.5536,55.74731],[37.55379,55.74595],[37.55378,55.74566],[37.55371,55.74545],[37.55359,55.74522],[37.55342,55.74503],[37.5529,55.74452],[37.55261,55.74409],[37.5525,55.74364],[37.55258,55.7432],[37.5528,55.74282],[37.55315,55.74247],[37.55361,55.74216],[37.5543,55.74188],[37.55493,55.74173],[37.55558,55.74164],[37.55646,55.74164],[37.55716,55.74174],[37.56025,55.74237]],[[37.56025,55.74237],[37.56199,55.74266],[37.5624,55.74274],[37.5628,55.74283],[37.56412,55.7432]],[[37.56412,55.7432],[37.56615,55.74376],[37.56702,55.744]],[[37.56702,55.744],[37.56735,55.7441],[37.56765,55.74423],[37.56794,55.74439],[37.56819,55.74457],[37.5684,55.74477],[37.56857,55.745],[37.56892,55.74564]],[[37.56892,55.74564],[37.56955,55.74678],[37.56967,55.74696],[37.56986,55.74719],[37.57015,55.74742],[37.57045,55.74761],[37.57077,55.74775],[37.57137,55.74794],[37.57178,55.74802],[37.57218,55.74807]],[[37.57218,55.74807],[37.57435,55.74817],[37.57579,55.74824],[37.57674,55.74828]],[[37.57674,55.74828],[37.57739,55.74831],[37.57832,55.74835],[37.5798,55.74848]],[[37.5798,55.74848],[37.58274,55.74875],[37.58445,55.74891],[37.58475,55.74894],[37.585,55.74897],[37.58529,55.74903],[37.58571,55.74912],[37.59372,55.75136],[37.59407,55.75145],[37.59443,55.75153],[37.5948,55.75159],[37.59517,55.75165],[37.59691,55.75185]],[[37.59691,55.75185],[37.59717,55.75187],[37.59747,55.75189],[37.59773,55.7519],[37.59798,55.7519],[37.59824,55.75189],[37.60065,55.75179],[37.60305,55.7517]],[[37.60305,55.7517],[37.60357,55.75171],[37.60408,55.75174],[37.60452,55.75179],[37.60482,55.75184]],[[37.60482,55.75184],[37.60571,55.75199]],[[37.60571,55.75199],[37.60708,55.75222],[37.6074,55.75226]],[[37.6074,55.75226],[37.6077,55.7523],[37.60818,55.75234],[37.60842,55.75236],[37.60866,55.75238],[37.60892,55.75239]]]},"properties":{"kind":"line","mode":"subway","ref":"4А","name":"Филёвская линия: Александровский сад → Москва-Сити","colour":"#1EBCEF"}},{"type":"Feature","geometry":{"type":"MultiLineString","coordinates":[[[37.6099,55.75245],[37.60961,55.75245],[37.6092,55.75245],[37.60867,55.75242],[37.6084,55.75241],[37.60816,55.75239],[37.6079,55.75236],[37.60737,55.7523]],[[37.60737,55.7523],[37.60705,55.75226],[37.6057,55.75203]],[[37.6057,55.75203],[37.6048,55.75189]],[[37.6048,55.75189],[37.60452,55.75185],[37.60411,55.75182],[37.6037,55.75181],[37.6032,55.75181]],[[37.6032,55.75181],[37.60066,55.75191],[37.59865,55.75199]],[[37.59865,55.75199],[37.5984,55.75199],[37.59792,55.75198],[37.59763,55.75196],[37.59734,55.75193],[37.59516,55.75168],[37.59478,55.75162],[37.59441,55.75156],[37.59405,55.75148],[37.59369,55.75139],[37.58628,55.74932],[37.58601,55.74925],[37.58577,55.7492],[37.58547,55.74914],[37.58517,55.74909],[37.58483,55.74906],[37.5827,55.74886],[37.58122,55.74873],[37.58097,55.7487],[37.57979,55.74852]],[[37.57979,55.74852],[37.57951,55.74849],[37.57831,55.74838],[37.57739,55.74834],[37.57674,55.74831]],[[37.57674,55.74831],[37.57579,55.74827],[37.57436,55.7482],[37.57217,55.7481]],[[37.57217,55.7481],[37.57177,55.74805],[37.57136,55.74797],[37.57075,55.74778],[37.57043,55.74763],[37.57012,55.74744],[37.56983,55.74721],[37.56963,55.74697],[37.5695,55.74678],[37.56887,55.74565]],[[37.56887,55.74565],[37.56855,55.74507],[37.56838,55.74486],[37.5682,55.74469],[37.56796,55.74452],[37.56767,55.74436],[37.56736,55.74424],[37.56704,55.74413]],[[37.56704,55.74413],[37.56516,55.74361],[37.56403,55.7433]],[[37.56403,55.7433],[37.56272,55.74294],[37.56233,55.74285],[37.56193,55.74277],[37.5602,55.74249]],[[37.5602,55.74249],[37.55865,55.74223],[37.5583,55.74216],[37.55801,55.74207],[37.55776,55.74198],[37.55748,55.74184],[37.55726,55.7417],[37.55637,55.7411],[37.55615,55.74099],[37.55592,55.74089],[37.55558,55.74077]],[[37.55558,55.74077],[37.55533,55.7407],[37.55209,55.73984],[37.55021,55.73932],[37.54837,55.73884],[37.54653,55.73835],[37.54465,55.73785],[37.54265,55.73732],[37.54188,55.73711],[37.54127,55.73699],[37.54064,55.73694],[37.53999,55.73694],[37.53939,55.73699],[37.53875,55.73707],[37.53803,55.73724],[37.53735,55.73745]],[[37.53735,55.73745],[37.53695,55.73761],[37.53668,55.73776],[37.53583,55.73846],[37.53522,55.73898],[37.53484,55.73937],[37.53474,55.73951]],[[37.53474,55.73951],[37.53439,55.74003],[37.53416,55.74049]],[[37.53416,55.74049],[37.53399,55.74098],[37.53385,55.74147]],[[37.53385,55.74147],[37.53372,55.74178],[37.53351,55.74213],[37.53328,55.74243],[37.53295,55.74269],[37.53261,55.74289],[37.53222,55.74304]],[[37.53222,55.74304],[37.53167,55.74317],[37.53144,55.74324],[37.53118,55.74328],[37.53061,55.74333],[37.52952,55.74339],[37.529,55.74343],[37.52842,55.74348],[37.52769,55.74359],[37.5253,55.74404],[37.52483,55.7441],[37.52423,55.7441],[37.52386,55.74407],[37.52349,55.74403],[37.52264,55.74386],[37.52213,55.74376],[37.52161,55.7437],[37.52105,55.74368],[37.5207,55.74369],[37.5202,55.74376],[37.5198,55.74385],[37.51805,55.74426]],[[37.51805,55.74426],[37.51767,55.74438],[37.51724,55.74454],[37.51668,55.74478],[37.51644,55.74489],[37.51625,55.74498],[37.51604,55.74512],[37.51564,55.74547]],[[37.51564,55.74547],[37.51483,55.74615],[37.51444,55.74648]],[[37.51444,55.74648],[37.51393,55.74691]],[[37.51393,55.74691],[37.51298,55.74771],[37.51253,55.74807],[37.51215,55.74833],[37.51185,55.74847],[37.51151,55.74861],[37.51113,55.74871],[37.51058,55.74881],[37.50999,55.74887],[37.50946,55.74888],[37.50893,55.74886],[37.50841,55.74878],[37.50802,55.74871],[37.50764,55.7486],[37.50723,55.74846],[37.50687,55.74828],[37.50647,55.74805],[37.50611,55.74777],[37.50535,55.74695],[37.50502,55.74659],[37.50462,55.74617],[37.5041,55.74581],[37.50333,55.74545],[37.50248,55.74518],[37.50204,55.74505],[37.50133,55.74485],[37.50054,55.74461],[37.49871,55.74407],[37.49813,55.7439]],[[37.49813,55.7439],[37.49771,55.74378],[37.49728,55.74366]],[[37.49728,55.74366],[37.49674,55.7435],[37.49643,55.74341],[37.49475,55.74292],[37.49238,55.74223],[37.49164,55.74198],[37.48829,55.74102],[37.48634,55.74044]],[[37.48634,55.74044],[37.48435,55.73987],[37.48352,55.73962]],[[37.48352,55.73962],[37.48313,55.73951]],[[37.48313,55.73951],[37.482,55.73918],[37.4809,55.73884],[37.47012,55.73658],[37.46729,55.73608]],[[37.46729,55.73608],[37.46719,55.73606]],[[37.46719,55.73606],[37.46709,55.73605]],[[37.46709,55.73605],[37.46698,55.73603]],[[37.46698,55.73603],[37.46609,55.73587],[37.46444,55.7356],[37.4633,55.73538],[37.46261,55.73521],[37.45569,55.73355],[37.45472,55.73324],[37.45382,55.73293],[37.45194,55.73232],[37.45002,55.73168]],[[37.44503,55.73069],[37.44596,55.73082],[37.44752,55.73103],[37.4482,55.73114],[37.44862,55.73124],[37.449,55.73134],[37.45002,55.73168]],[[37.45002,55.73168],[37.45063,55.73184],[37.45198,55.73229],[37.45386,55.73291],[37.45475,55.73321],[37.45572,55.73352],[37.46263,55.73518],[37.46323,55.7353],[37.46368,55.73539],[37.46457,55.73553],[37.46498,55.73558],[37.46616,55.73575],[37.46704,55.7359]],[[37.46704,55.7359],[37.46715,55.73592]],[[37.46715,55.73592],[37.46725,55.73594]],[[37.46725,55.73594],[37.46736,55.73596]],[[37.46736,55.73596],[37.46804,55.73608],[37.47014,55.73651],[37.48095,55.73879],[37.48207,55.73907],[37.48323,55.7394]],[[37.48323,55.7394],[37.48362,55.73951]],[[37.48362,55.73951],[37.48443,55.73975],[37.48553,55.74012],[37.48637,55.74041]],[[37.48637,55.74041],[37.48833,55.74098],[37.49142,55.74188],[37.49475,55.74285],[37.49559,55.74305],[37.49612,55.7432],[37.49656,55.74333],[37.49737,55.74356]],[[37.49737,55.74356],[37.4978,55.74368],[37.49822,55.7438]],[[37.49822,55.7438],[37.49879,55.74397],[37.50054,55.74454],[37.50136,55.74481],[37.50193,55.74497],[37.5025,55.74514],[37.50336,55.74542],[37.50414,55.74579],[37.50467,55.74615],[37.50508,55.74657],[37.50542,55.74694],[37.5057,55.74725],[37.50616,55.74776],[37.50652,55.74803],[37.50691,55.74826],[37.50727,55.74843],[37.50767,55.74857],[37.50805,55.74867],[37.50843,55.74875],[37.50893,55.74882],[37.50946,55.74885],[37.51,55.74883],[37.51057,55.74878],[37.51111,55.74868],[37.51149,55.74857],[37.51182,55.74845],[37.51212,55.7483],[37.51249,55.74805],[37.51293,55.74768],[37.51388,55.74689]],[[37.51388,55.74689],[37.51439,55.74647]],[[37.51439,55.74647],[37.51479,55.74614],[37.5156,55.74545]],[[37.5156,55.74545],[37.516,55.74509],[37.51621,55.74495],[37.5164,55.74486],[37.51664,55.74475],[37.51721,55.7445],[37.51767,55.74433],[37.51811,55.74419]],[[37.51811,55.74419],[37.51977,55.7438],[37.52018,55.74372],[37.52069,55.74366],[37.52104,55.74364],[37.52161,55.74366],[37.52214,55.74372],[37.52267,55.74381],[37.52353,55.74397],[37.52389,55.74403],[37.52425,55.74405],[37.52482,55.74405],[37.52528,55.74399],[37.52768,55.74355],[37.5284,55.74344],[37.52899,55.74338],[37.52952,55.74334],[37.5306,55.74328],[37.53116,55.74323],[37.53141,55.74319],[37.53165,55.74313],[37.53215,55.74298]],[[37.53215,55.74298],[37.53255,55.74283],[37.53287,55.74264],[37.53319,55.74239],[37.53346,55.74212],[37.53365,55.74176],[37.53378,55.74146]],[[37.53378,55.74146],[37.53391,55.74098],[37.53415,55.74038],[37.53434,55.74002],[37.53455,55.73969],[37.53481,55.73936],[37.53516,55.73896],[37.53579,55.73843],[37.53663,55.73773],[37.53694,55.73757],[37.53732,55.73741],[37.53802,55.73721],[37.53875,55.73704],[37.53938,55.73695],[37.54003,55.7369],[37.54068,55.7369],[37.54128,55.73696],[37.5419,55.73708],[37.54268,55.73729],[37.54468,55.73781],[37.54656,55.73831],[37.5484,55.73881],[37.55025,55.73929],[37.55212,55.7398],[37.55536,55.74067],[37.55561,55.74074]],[[37.55561,55.74074],[37.55596,55.74086],[37.55619,55.74096],[37.55639,55.74106],[37.55729,55.74166],[37.55754,55.7418],[37.55785,55.74192],[37.55816,55.74202],[37.55852,55.74209],[37.56025,55.74237]],[[37.56025,55.74237],[37.56199,55.74266],[37.5624,55.74274],[37.5628,55.74283],[37.56412,55.7432]],[[37.56412,55.7432],[37.56615,55.74376],[37.56702,55.744]],[[37.56702,55.744],[37.56735,55.7441],[37.56765,55.74423],[37.56794,55.74439],[37.56819,55.74457],[37.5684,55.74477],[37.56857,55.745],[37.56892,55.74564]],[[37.56892,55.74564],[37.56955,55.74678],[37.56967,55.74696],[37.56986,55.74719],[37.57015,55.74742],[37.57045,55.74761],[37.57077,55.74775],[37.57137,55.74794],[37.57178,55.74802],[37.57218,55.74807]],[[37.57218,55.74807],[37.57435,55.74817],[37.57579,55.74824],[37.57674,55.74828]],[[37.57674,55.74828],[37.57739,55.74831],[37.57832,55.74835],[37.5798,55.74848]],[[37.5798,55.74848],[37.58274,55.74875],[37.58445,55.74891],[37.58475,55.74894],[37.585,55.74897],[37.58529,55.74903],[37.58571,55.74912],[37.59372,55.75136],[37.59407,55.75145],[37.59443,55.75153],[37.5948,55.75159],[37.59517,55.75165],[37.59691,55.75185]],[[37.59691,55.75185],[37.59717,55.75187],[37.59747,55.75189],[37.59773,55.7519],[37.59798,55.7519],[37.59824,55.75189],[37.60065,55.75179],[37.60305,55.7517]],[[37.60305,55.7517],[37.60357,55.75171],[37.60408,55.75174],[37.60452,55.75179],[37.60482,55.75184]],[[37.60482,55.75184],[37.60571,55.75199]],[[37.60571,55.75199],[37.60708,55.75222],[37.6074,55.75226]],[[37.6074,55.75226],[37.6077,55.7523],[37.60818,55.75234],[37.60842,55.75236],[37.60866,55.75238],[37.60892,55.75239]]]},"properties":{"kind":"line","mode":"subway","ref":"4","name":"Филёвская линия: Александровский сад → Кунцевская","colour":"#1EBCEF"}},{"type":"Feature","geometry":{"type":"MultiLineString","coordinates":[[[37.79843,55.81005],[37.79847,55.80934],[37.79851,55.80848]],[[37.79851,55.80848],[37.79899,55.79925],[37.79919,55.79789],[37.79925,55.79681],[37.79925,55.79559]],[[37.79925,55.79559],[37.79929,55.7947],[37.79933,55.79381]],[[37.79933,55.79381],[37.79944,55.79292],[37.79947,55.79259],[37.79956,55.78986],[37.79955,55.7897],[37.79951,55.78953],[37.79944,55.78936],[37.79934,55.78919],[37.79921,55.78903],[37.79905,55.78888],[37.79887,55.78874],[37.79866,55.7886],[37.79843,55.78848],[37.79818,55.78837],[37.79792,55.78828],[37.79763,55.78821],[37.79739,55.78815],[37.79713,55.78811]],[[37.79713,55.78811],[37.79678,55.78808],[37.7964,55.78806],[37.7929,55.78805],[37.79222,55.78804],[37.78822,55.78794],[37.78579,55.7879],[37.78454,55.78787],[37.78286,55.78784],[37.78165,55.78781],[37.78044,55.78779],[37.77807,55.78775],[37.77753,55.78773],[37.77455,55.78767]],[[37.77455,55.78767],[37.77326,55.78765],[37.77275,55.78767],[37.77229,55.78771],[37.77182,55.78778],[37.77135,55.78789],[37.77052,55.78808],[37.77015,55.78815],[37.76973,55.78822],[37.76939,55.78825],[37.76904,55.78827],[37.76869,55.78828]],[[37.76869,55.78828],[37.76828,55.78828],[37.76746,55.78826],[37.76714,55.78826],[37.76686,55.78827],[37.7666,55.7883],[37.76636,55.78833],[37.76572,55.78848]],[[37.76572,55.78848],[37.7644,55.78879],[37.76378,55.7889],[37.76305,55.78899],[37.76278,55.78901],[37.76244,55.78903],[37.76183,55.78903],[37.75635,55.78879],[37.75592,55.78876],[37.7555,55.78874],[37.75485,55.78872],[37.75453,55.7887],[37.75422,55.7887],[37.75321,55.78871],[37.75295,55.7887]],[[37.75295,55.7887],[37.75096,55.78861],[37.74901,55.78853],[37.74864,55.78851],[37.74827,55.78848],[37.74791,55.78844],[37.74755,55.78839],[37.7472,55.78833],[37.74685,55.78826],[37.74651,55.78818],[37.74616,55.7881]],[[37.74616,55.7881],[37.74367,55.78752],[37.72987,55.78429],[37.72887,55.78409],[37.72786,55.78392],[37.72683,55.7838],[37.72578,55.78371],[37.7212,55.78342],[37.70787,55.78256],[37.70703,55.78248],[37.70626,55.78237],[37.70549,55.78223],[37.70371,55.78182],[37.69975,55.78091],[37.69865,55.78062],[37.69757,55.78027],[37.69655,55.77989],[37.6804,55.77312],[37.67727,55.77181]],[[37.67727,55.77181],[37.67626,55.77136],[37.6753,55.77089],[37.67438,55.77038],[37.6735,55.76985],[37.67269,55.7693],[37.66556,55.76441],[37.66499,55.76398],[37.66448,55.76354],[37.66403,55.76307],[37.66364,55.76259],[37.66172,55.75984],[37.66162,55.7597],[37.6615,55.75957],[37.66137,55.75944],[37.66122,55.75932],[37.66106,55.75921],[37.66089,55.7591],[37.6607,55.75899],[37.66051,55.7589],[37.6603,55.75881],[37.66008,55.75873],[37.65973,55.7586]],[[37.65973,55.7586],[37.65831,55.75812],[37.65693,55.75764]],[[37.65693,55.75764],[37.65636,55.75746],[37.65575,55.75732],[37.65512,55.75721],[37.65448,55.75714],[37.65382,55.7571],[37.64211,55.75704],[37.62396,55.7568]],[[37.62396,55.7568],[37.62179,55.75677],[37.61986,55.75674]],[[37.61986,55.75674],[37.61907,55.75673],[37.6185,55.7567],[37.61793,55.75664],[37.61738,55.75654],[37.61686,55.7564],[37.61637,55.75622],[37.61592,55.75602],[37.61552,55.75578],[37.61517,55.75552],[37.61488,55.75524],[37.61386,55.75414],[37.61352,55.75382],[37.61312,55.75351],[37.61267,55.75324],[37.61216,55.75299],[37.61162,55.75277],[37.61104,55.75259],[37.61042,55.75244],[37.60978,55.75233],[37.60913,55.75225],[37.60846,55.75222],[37.60697,55.75219],[37.60348,55.75212],[37.60307,55.7521],[37.60267,55.75208],[37.60227,55.75204],[37.5954,55.75138],[37.59461,55.75128],[37.59384,55.75114],[37.59309,55.75097],[37.59237,55.75076],[37.59168,55.75051],[37.58575,55.74836],[37.58504,55.74814],[37.5843,55.74795],[37.58353,55.7478]],[[37.58353,55.7478],[37.58232,55.74759],[37.58113,55.74739]],[[37.58113,55.74739],[37.56841,55.74524],[37.56777,55.7451],[37.56712,55.74493],[37.56486,55.74427],[37.56376,55.74395],[37.55731,55.74206],[37.55657,55.74186],[37.52972,55.73557],[37.52855,55.73536],[37.5272,55.73522],[37.52596,55.73519],[37.5248,55.73525],[37.52351,55.73541],[37.51812,55.73644],[37.51631,55.73679],[37.51362,55.73731],[37.51233,55.73755],[37.50839,55.73831],[37.50745,55.73845],[37.50653,55.73852],[37.50533,55.73855],[37.50416,55.7385],[37.50291,55.73836],[37.50139,55.73806],[37.50007,55.73767],[37.499,55.73723],[37.49795,55.73665],[37.49705,55.73593],[37.49656,55.73547],[37.49572,55.73469],[37.49522,55.73434],[37.49469,55.73403],[37.49402,55.73373],[37.49331,55.73348],[37.49254,55.73328],[37.49173,55.73313],[37.48166,55.73152],[37.48132,55.73145],[37.47919,55.73101],[37.47883,55.73095]],[[37.47883,55.73095],[37.47075,55.72965],[37.46689,55.72903],[37.46574,55.7289],[37.46487,55.72882],[37.46398,55.72877],[37.46318,55.72876],[37.46233,55.72879],[37.46156,55.72885],[37.46078,55.72894],[37.4601,55.72904],[37.45941,55.72917],[37.4546,55.7303],[37.45301,55.73063],[37.45178,55.73091],[37.45125,55.73101],[37.45075,55.73108]],[[37.45075,55.73108],[37.45039,55.73112],[37.45001,55.73114],[37.44957,55.73113],[37.44909,55.73111]],[[37.44909,55.73111],[37.44863,55.73106],[37.44811,55.731],[37.44768,55.73092],[37.44601,55.7307],[37.44447,55.73049],[37.44204,55.73022],[37.4416,55.73017],[37.44075,55.73007],[37.43991,55.72997],[37.4395,55.72993],[37.43908,55.72991],[37.43865,55.7299],[37.43821,55.72991],[37.43779,55.72994],[37.43706,55.73003],[37.43621,55.73019],[37.43534,55.73044],[37.4337,55.73104],[37.43084,55.73211],[37.4297,55.73255],[37.42898,55.73289],[37.42845,55.7332]],[[37.42845,55.7332],[37.42798,55.73351],[37.4229,55.73759],[37.42227,55.73806],[37.42159,55.73852],[37.42086,55.73894],[37.42008,55.73934],[37.417,55.7408],[37.41599,55.74128]],[[37.41599,55.74128],[37.41555,55.74149],[37.41466,55.74191]],[[37.41466,55.74191],[37.41412,55.7422],[37.41332,55.74267],[37.41282,55.74298],[37.41238,55.74331],[37.412,55.74367],[37.41168,55.74404],[37.41142,55.74443],[37.41122,55.74483],[37.41115,55.74503],[37.41005,55.74987],[37.40987,55.7504],[37.40883,55.75293],[37.40872,55.75336],[37.40841,55.75544],[37.40824,55.75659]],[[37.40824,55.75659],[37.40658,55.76829],[37.40656,55.76848],[37.40657,55.76886],[37.40665,55.76923],[37.4068,55.7696],[37.4072,55.77033],[37.40736,55.77064],[37.40746,55.77096],[37.40749,55.77128],[37.40745,55.77161],[37.40734,55.77193],[37.40716,55.77224],[37.40691,55.77253],[37.40661,55.77281],[37.40625,55.77306],[37.40583,55.77329],[37.40319,55.77453],[37.40269,55.77478],[37.40171,55.7753],[37.40079,55.77584],[37.39992,55.77642],[37.3991,55.77701],[37.39834,55.77763],[37.39764,55.77828],[37.397,55.77894],[37.3918,55.78478],[37.39158,55.78508],[37.39143,55.78539],[37.39134,55.78572],[37.39133,55.78604],[37.39138,55.78637],[37.39151,55.78668]],[[37.39151,55.78668],[37.3917,55.78699],[37.39195,55.78728],[37.39227,55.78755],[37.39264,55.7878],[37.39307,55.78803],[37.39353,55.78822],[37.39404,55.78838],[37.39458,55.7885],[37.39683,55.78891],[37.39736,55.78905],[37.39785,55.78922],[37.3983,55.78942],[37.3987,55.78966],[37.39905,55.78991],[37.39935,55.7902],[37.40105,55.79203],[37.40135,55.79231],[37.40171,55.79257],[37.40212,55.7928],[37.40257,55.793],[37.40307,55.79317],[37.40359,55.7933],[37.40613,55.79387],[37.40687,55.79406],[37.40758,55.79429],[37.40825,55.79455],[37.40881,55.79481],[37.40917,55.79499],[37.40972,55.79532],[37.41023,55.79568],[37.41064,55.79602],[37.41242,55.79766],[37.41273,55.79796],[37.41298,55.79828],[37.41317,55.79861],[37.41329,55.79895],[37.41334,55.79929],[37.41333,55.79964],[37.41324,55.79998],[37.41309,55.80032],[37.41288,55.80064],[37.4126,55.80095],[37.41227,55.80125],[37.41188,55.80151],[37.41144,55.80176],[37.41095,55.80197],[37.41043,55.80215],[37.40987,55.8023],[37.40313,55.80376],[37.4022,55.80396],[37.40067,55.8043],[37.39242,55.80609],[37.39191,55.80621],[37.39125,55.8064],[37.39056,55.80663],[37.38979,55.80693],[37.38912,55.80723],[37.38848,55.80756],[37.38788,55.80791],[37.38738,55.80824],[37.38692,55.80859],[37.38657,55.80889],[37.38621,55.80924],[37.38587,55.80961],[37.38557,55.81],[37.38528,55.81044],[37.38504,55.81089],[37.38487,55.81132],[37.38474,55.81175],[37.38467,55.81214],[37.38463,55.81252],[37.38463,55.81289],[37.38466,55.81323],[37.38526,55.81825],[37.3853,55.81872],[37.38544,55.82135],[37.38544,55.82171],[37.38536,55.82313]],[[37.38536,55.82313],[37.38532,55.82392],[37.38536,55.8252],[37.38539,55.82629]],[[37.38539,55.82629],[37.38537,55.82719]],[[37.38537,55.82719],[37.38499,55.83117]],[[37.38499,55.83117],[37.38492,55.83192],[37.38488,55.83218],[37.38482,55.83243],[37.38473,55.83272],[37.38461,55.83301],[37.38446,55.83331],[37.38431,55.83356],[37.38415,55.83379],[37.38395,55.83404]],[[37.38395,55.83404],[37.38371,55.8343],[37.38233,55.83555],[37.38011,55.83757],[37.37977,55.83786],[37.37949,55.83808],[37.37909,55.83839],[37.37859,55.83873],[37.37781,55.8392],[37.37716,55.83954],[37.37653,55.83983],[37.37264,55.84148],[37.37134,55.84203],[37.36885,55.84303],[37.36863,55.84312],[37.36819,55.84331],[37.36763,55.84356],[37.36633,55.84415],[37.36563,55.84445],[37.36151,55.84611],[37.36014,55.84667],[37.35811,55.84749],[37.35749,55.84776],[37.35697,55.84803],[37.35647,55.84832],[37.35595,55.84866],[37.35552,55.84897],[37.35514,55.84928],[37.3548,55.8496],[37.35451,55.8499],[37.35423,55.85023],[37.35398,55.85057],[37.35371,55.85099],[37.35348,55.85145],[37.3533,55.85195],[37.35319,55.85241],[37.35313,55.85285],[37.35312,55.85326],[37.35314,55.85356],[37.35319,55.85389],[37.35327,55.85423],[37.35336,55.85451],[37.3535,55.85487],[37.35363,55.85514],[37.35377,55.85539],[37.35398,55.85572],[37.35429,55.85612],[37.35464,55.85652],[37.35498,55.85685],[37.35571,55.85752]],[[37.35553,55.85758],[37.35481,55.85692],[37.35446,55.85658],[37.35411,55.85618],[37.3538,55.85577],[37.35358,55.85543],[37.35343,55.85517],[37.3533,55.8549],[37.35316,55.85455],[37.35307,55.85426],[37.35299,55.85391],[37.35294,55.85357],[37.35292,55.85327],[37.35293,55.85285],[37.35298,55.8524],[37.3531,55.85192],[37.35329,55.85142],[37.35352,55.85096],[37.35379,55.85052],[37.35405,55.85017],[37.35434,55.84983],[37.35464,55.84953],[37.35499,55.8492],[37.35539,55.84888],[37.35583,55.84856],[37.35637,55.84821],[37.35688,55.84792],[37.3574,55.84765],[37.358,55.84739],[37.36002,55.84657],[37.36291,55.84541],[37.3655,55.84436],[37.3662,55.84406],[37.36807,55.84322],[37.36874,55.84293],[37.3712,55.84193],[37.37251,55.84139],[37.37641,55.83975],[37.37703,55.83945],[37.37767,55.83912],[37.37843,55.83865],[37.37892,55.83832],[37.37933,55.83801],[37.3796,55.83778],[37.37995,55.83749],[37.38216,55.83548],[37.38359,55.83418],[37.38379,55.83396]],[[37.38379,55.83396],[37.38398,55.83374],[37.38415,55.83351],[37.3843,55.83328],[37.38446,55.83298],[37.38459,55.83269],[37.38468,55.83241],[37.38474,55.83217],[37.38478,55.83192],[37.38487,55.83116]],[[37.38487,55.83116],[37.38524,55.82718]],[[37.38524,55.82718],[37.38526,55.8263]],[[37.38526,55.8263],[37.38523,55.8252],[37.38517,55.82313]],[[37.38517,55.82313],[37.38517,55.82283],[37.38524,55.82171],[37.38524,55.82135],[37.38509,55.81872],[37.38505,55.81826],[37.38445,55.81321],[37.38442,55.81288],[37.38441,55.81252],[37.38444,55.81211],[37.3845,55.81171],[37.38463,55.81126],[37.38479,55.81083],[37.38503,55.81037],[37.38532,55.80992],[37.38564,55.80951],[37.38596,55.80915],[37.38633,55.80879],[37.38671,55.80848],[37.38718,55.80812],[37.38769,55.80778],[37.38831,55.80743],[37.38897,55.80709],[37.38967,55.80679],[37.39042,55.80651],[37.39117,55.80627],[37.3918,55.80609],[37.39227,55.80598],[37.40059,55.80417],[37.40304,55.80364],[37.40954,55.80223],[37.4101,55.80208],[37.41062,55.8019],[37.41111,55.80168],[37.41155,55.80144],[37.41194,55.80117],[37.41228,55.80088],[37.41255,55.80057],[37.41277,55.80025],[37.41287,55.80002],[37.41294,55.7998],[37.41298,55.79956],[37.41297,55.79927],[37.4129,55.79897],[37.41277,55.79868],[37.41231,55.79792],[37.4121,55.79762],[37.41183,55.79734],[37.41049,55.7961],[37.4101,55.79578],[37.40959,55.79542],[37.40904,55.79509],[37.40874,55.79493],[37.40811,55.79464],[37.40744,55.79438],[37.40674,55.79415],[37.406,55.79396],[37.40345,55.79339],[37.40292,55.79326],[37.40242,55.79309],[37.40197,55.79289],[37.40156,55.79266],[37.4012,55.7924],[37.4009,55.79212],[37.39921,55.7903],[37.39892,55.79002],[37.39856,55.78976],[37.39816,55.78953],[37.39771,55.78932],[37.39722,55.78915],[37.39669,55.78901],[37.39396,55.78851],[37.39343,55.78838],[37.39292,55.78823],[37.39245,55.78803]],[[37.39245,55.78803],[37.39203,55.78781],[37.39166,55.78756],[37.39134,55.78729],[37.39108,55.787],[37.39089,55.78669],[37.39077,55.78637],[37.39071,55.78605],[37.39073,55.78572],[37.39081,55.7854],[37.39097,55.78509],[37.39119,55.78479],[37.39657,55.77875],[37.39721,55.77808],[37.39791,55.77744],[37.39867,55.77682],[37.39948,55.77622],[37.40035,55.77565],[37.40128,55.7751],[37.40225,55.77458],[37.40275,55.77434],[37.40526,55.77316],[37.4057,55.77295],[37.40609,55.77271],[37.40642,55.77244],[37.4067,55.77216],[37.40691,55.77185],[37.40705,55.77154],[37.40713,55.77122],[37.40713,55.77089],[37.40707,55.77057],[37.40694,55.77025],[37.40659,55.76961],[37.40644,55.76924],[37.40636,55.76887],[37.40635,55.76849],[37.40637,55.7683],[37.40804,55.75659],[37.40834,55.75457],[37.40851,55.75335],[37.40863,55.7529],[37.40967,55.75038],[37.40984,55.74986],[37.41102,55.74467],[37.41115,55.74431],[37.41135,55.74396],[37.4116,55.74362],[37.41192,55.74329],[37.4123,55.74299],[37.41273,55.74271],[37.41321,55.74246]],[[37.41321,55.74246],[37.41541,55.74141],[37.41586,55.74119]],[[37.41586,55.74119],[37.41687,55.74071],[37.41993,55.73926],[37.42071,55.73886],[37.42144,55.73844],[37.42212,55.73798],[37.42275,55.73751],[37.42767,55.73355],[37.42835,55.73314]],[[37.42835,55.73314],[37.42892,55.73284],[37.42968,55.7325],[37.4308,55.73207],[37.43367,55.73101],[37.43532,55.73041],[37.43619,55.73016],[37.43704,55.72999],[37.43778,55.72991],[37.43821,55.72988],[37.43864,55.72987],[37.43908,55.72988],[37.43951,55.7299],[37.43992,55.72994],[37.44077,55.73003],[37.44205,55.73018],[37.44448,55.73045],[37.44603,55.73066],[37.44768,55.73089],[37.44814,55.73096],[37.44865,55.73101],[37.4491,55.73105]],[[37.4491,55.73105],[37.44959,55.73106],[37.45001,55.73105],[37.45036,55.73102],[37.45071,55.73098]],[[37.45071,55.73098],[37.4511,55.73092],[37.45168,55.73081],[37.45292,55.73052],[37.45925,55.72903],[37.46,55.72889],[37.46072,55.72878],[37.4615,55.72869],[37.46229,55.72864],[37.46315,55.72861],[37.46396,55.72862],[37.46488,55.72867],[37.46579,55.72876],[37.46695,55.72892],[37.47081,55.72954],[37.47889,55.73084]],[[37.47889,55.73084],[37.47925,55.73091],[37.4814,55.73133],[37.48174,55.73139],[37.48918,55.73256],[37.49182,55.73298],[37.49266,55.73312],[37.49345,55.73332],[37.49419,55.73356],[37.4949,55.73387],[37.49557,55.73424],[37.49612,55.73463],[37.49742,55.73586],[37.4983,55.73654],[37.49921,55.73705],[37.50024,55.73747],[37.50159,55.73788],[37.50303,55.73817],[37.50426,55.7383],[37.50531,55.73834],[37.50655,55.7383],[37.50741,55.73824],[37.50846,55.73809],[37.51319,55.73718],[37.51388,55.73705],[37.51452,55.73693],[37.51802,55.73626],[37.52339,55.73523],[37.52473,55.73507],[37.52598,55.73501],[37.52726,55.73505],[37.5286,55.73519],[37.52985,55.73542],[37.55729,55.74184],[37.55842,55.74214],[37.56392,55.74375],[37.56596,55.74435],[37.56728,55.74474],[37.56791,55.7449],[37.56854,55.74503],[37.58129,55.74719]],[[37.58129,55.74719],[37.58243,55.74738],[37.58369,55.7476]],[[37.58369,55.7476],[37.58446,55.74775],[37.5852,55.74794],[37.58591,55.74816],[37.59183,55.75031],[37.59251,55.75055],[37.59323,55.75076],[37.59398,55.75093],[37.59476,55.75107],[37.59555,55.75117],[37.60273,55.75187],[37.60313,55.7519],[37.60354,55.75193],[37.60394,55.75194],[37.60698,55.752],[37.60876,55.75204],[37.60942,55.75207],[37.61008,55.75215],[37.61072,55.75226],[37.61133,55.75241],[37.61191,55.75259],[37.61246,55.75281],[37.61296,55.75306],[37.61341,55.75334],[37.61381,55.75364],[37.61415,55.75396],[37.61513,55.75502],[37.61542,55.7553],[37.61577,55.75556],[37.61617,55.75579],[37.61662,55.756],[37.61711,55.75617],[37.61764,55.75631],[37.61818,55.75641],[37.61875,55.75648],[37.61934,55.7565],[37.61992,55.75651]],[[37.61992,55.75651],[37.62179,55.75654]],[[37.62179,55.75654],[37.6421,55.75681],[37.65394,55.75688],[37.6546,55.75691],[37.65524,55.75698],[37.65587,55.75709],[37.65648,55.75723],[37.65705,55.75741]],[[37.65705,55.75741],[37.65852,55.75792],[37.65998,55.75842]],[[37.65998,55.75842],[37.66022,55.75851],[37.66045,55.75861],[37.66067,55.75872],[37.66088,55.75883],[37.66108,55.75895],[37.66126,55.75907],[37.66143,55.75921],[37.66159,55.75934],[37.66184,55.75958],[37.66206,55.75979],[37.66222,55.75995],[37.66236,55.76012],[37.66399,55.76247],[37.66438,55.76295],[37.66483,55.76342],[37.66534,55.76387],[37.66591,55.76429],[37.67297,55.76913],[37.67379,55.76969],[37.67466,55.77022],[37.67558,55.77072],[37.67655,55.7712],[37.67756,55.77164],[37.68064,55.77293],[37.69668,55.77966],[37.69776,55.78007],[37.69883,55.78041],[37.69987,55.78069],[37.70221,55.78123],[37.70386,55.78161],[37.70559,55.782],[37.70636,55.78215],[37.70716,55.78226],[37.70802,55.78234],[37.72127,55.78319],[37.72588,55.78349],[37.72692,55.78357],[37.72796,55.7837],[37.72897,55.78386],[37.72997,55.78406],[37.74623,55.78787]],[[37.74623,55.78787],[37.74688,55.78802],[37.74732,55.78811],[37.74767,55.78817],[37.74803,55.78822],[37.74839,55.78826],[37.74876,55.78829],[37.74912,55.78831],[37.751,55.78839],[37.75298,55.78848]],[[37.75298,55.78848],[37.75322,55.7885],[37.75421,55.78863],[37.75454,55.78866],[37.75486,55.78867],[37.75551,55.7887],[37.76183,55.78898],[37.76244,55.78898],[37.76304,55.78895],[37.76376,55.78887],[37.76441,55.78875],[37.76569,55.78845]],[[37.76569,55.78845],[37.76612,55.78834],[37.76659,55.78827],[37.76686,55.78824],[37.76713,55.78823],[37.76745,55.78823],[37.76828,55.78825],[37.76869,55.78825]],[[37.76869,55.78825],[37.76904,55.78824],[37.76938,55.78822],[37.76972,55.78818],[37.77013,55.78812],[37.77051,55.78804],[37.77133,55.78785],[37.77181,55.78775],[37.77227,55.78768],[37.77273,55.78764],[37.77326,55.78762],[37.77455,55.78764]],[[37.77455,55.78764],[37.77754,55.78769],[37.7781,55.78769],[37.77935,55.78767],[37.77978,55.78767],[37.78045,55.78767],[37.78166,55.78769],[37.78286,55.78771],[37.78339,55.78771],[37.78369,55.78773],[37.78397,55.78775],[37.78467,55.7878],[37.78502,55.78783],[37.7854,55.78784],[37.78578,55.78786],[37.7882,55.7879],[37.79227,55.788],[37.7929,55.78801],[37.79646,55.78802],[37.79681,55.78803],[37.79715,55.78807]],[[37.79715,55.78807],[37.79743,55.78811],[37.7977,55.78817],[37.79798,55.78824],[37.79825,55.78834],[37.7985,55.78844],[37.79873,55.78856],[37.79894,55.7887],[37.79912,55.78884],[37.79928,55.78899],[37.79941,55.78915],[37.79952,55.78932],[37.79959,55.78949],[37.79963,55.78967],[37.79964,55.78984],[37.79952,55.79292],[37.79953,55.79381]],[[37.79953,55.79381],[37.7995,55.7947],[37.79946,55.79559]],[[37.79946,55.79559],[37.79932,55.79681],[37.79872,55.80849]],[[37.79872,55.80849],[37.79868,55.80934],[37.79864,55.81005]]]},"properties":{"kind":"line","mode":"subway","ref":"3","name":"Арбатско-Покровская линия: Щёлковская → Пятницкое шоссе","colour":"#0072BA"}},{"type":"Feature","geometry":{"type":"MultiLineString","coordinates":[[[37.73429,55.81463],[37.7406,55.8129],[37.74249,55.81238],[37.743,55.81222],[37.74347,55.81203],[37.7439,55.81181],[37.74428,55.81157],[37.7446,55.8113],[37.74486,55.81101],[37.74506,55.8107],[37.74518,55.81038],[37.74524,55.81006],[37.74525,55.8099],[37.74523,55.80938],[37.74516,55.80705],[37.74498,55.80561],[37.74498,55.80535]],[[37.74498,55.80535],[37.74493,55.80388],[37.74489,55.8027],[37.74486,55.80243],[37.74475,55.80217],[37.74458,55.80193],[37.74434,55.8017],[37.74405,55.8015],[37.74371,55.80132],[37.74333,55.80117],[37.74291,55.80105],[37.73877,55.80014],[37.73845,55.80008],[37.7381,55.80004],[37.73775,55.8],[37.73743,55.79999],[37.73576,55.79993],[37.73429,55.79979],[37.73372,55.79972],[37.7332,55.79963],[37.73269,55.79953],[37.72794,55.79847],[37.7275,55.79838],[37.72707,55.7983],[37.72663,55.79822],[37.72616,55.79815],[37.723,55.79769],[37.72254,55.79762],[37.71807,55.79683],[37.7169,55.7967],[37.71531,55.79643],[37.71299,55.79602],[37.71234,55.79592],[37.71168,55.79587],[37.71101,55.79585],[37.71034,55.79587],[37.70968,55.79593],[37.70904,55.79602],[37.70841,55.79616],[37.70811,55.79624],[37.70709,55.79654],[37.70661,55.79665],[37.70594,55.79676],[37.70516,55.79685],[37.70459,55.79688],[37.7039,55.79687]],[[37.7039,55.79687],[37.70329,55.79684],[37.70265,55.79677],[37.69939,55.79626]],[[37.69939,55.79626],[37.69857,55.79612],[37.69796,55.79599],[37.69736,55.79582],[37.69717,55.79576]],[[37.69717,55.79576],[37.69681,55.79562],[37.69629,55.79539],[37.69438,55.7944],[37.69376,55.7941],[37.6931,55.79384],[37.69276,55.79372],[37.6869,55.79174],[37.68235,55.79008],[37.68206,55.78997],[37.6818,55.78985],[37.68157,55.78973],[37.68125,55.78953],[37.68018,55.78885],[37.67924,55.78827],[37.67903,55.78812],[37.67314,55.78348],[37.67294,55.78333],[37.67272,55.78319],[37.67018,55.78168],[37.6676,55.78039],[37.66608,55.77963],[37.66305,55.77831],[37.66169,55.77777],[37.65919,55.77668],[37.65851,55.77636]],[[37.65851,55.77636],[37.65749,55.77592],[37.65702,55.77571]],[[37.65702,55.77571],[37.65597,55.77526],[37.65482,55.77475]],[[37.65482,55.77475],[37.65458,55.77463],[37.65439,55.77451],[37.65423,55.77439],[37.65409,55.77426],[37.65252,55.77237],[37.65231,55.77207],[37.65215,55.77176],[37.65186,55.77106],[37.6518,55.77092],[37.65163,55.77064],[37.65139,55.77038],[37.65109,55.77013],[37.65075,55.76992],[37.65035,55.76972],[37.64887,55.76911]],[[37.64887,55.76911],[37.64744,55.76852],[37.64702,55.76837],[37.64649,55.76821],[37.64593,55.76806],[37.64167,55.76712],[37.64121,55.76699],[37.64073,55.76683],[37.64034,55.76668],[37.64002,55.76653]],[[37.64002,55.76653],[37.6389,55.76594],[37.63724,55.76508]],[[37.63724,55.76508],[37.63687,55.76482],[37.63655,55.76455],[37.63481,55.76277],[37.63453,55.76255],[37.63424,55.76236],[37.63188,55.76092],[37.63171,55.76082],[37.63148,55.76071],[37.63125,55.76061],[37.631,55.76052],[37.63074,55.76044],[37.63045,55.76036],[37.63015,55.76029],[37.6298,55.76023],[37.62946,55.76018]],[[37.62946,55.76018],[37.629,55.76012]],[[37.629,55.76012],[37.62785,55.75999],[37.62658,55.75983]],[[37.62658,55.75983],[37.62255,55.75936],[37.62101,55.75918],[37.61949,55.75899],[37.61902,55.75893],[37.61849,55.75881],[37.61803,55.75866]],[[37.61803,55.75866],[37.61767,55.75851],[37.61734,55.75834]],[[37.61734,55.75834],[37.61637,55.75785],[37.61545,55.75738]],[[37.61545,55.75738],[37.61525,55.75728],[37.61493,55.7571],[37.61464,55.75693],[37.61437,55.75672],[37.6141,55.75647],[37.61354,55.75594]],[[37.61354,55.75594],[37.61235,55.75482]],[[37.61235,55.75482],[37.61218,55.75463],[37.61206,55.75448],[37.61195,55.7543],[37.6113,55.75312],[37.61112,55.75282],[37.61076,55.75232],[37.61061,55.7521],[37.61025,55.75152],[37.60891,55.7494],[37.60876,55.74921],[37.60861,55.74904],[37.60738,55.7478]],[[37.60738,55.7478],[37.60715,55.74762],[37.60671,55.74732],[37.60478,55.74622],[37.60459,55.7461],[37.60368,55.74548],[37.60276,55.74486],[37.6021,55.74438],[37.60175,55.74405],[37.60111,55.74334],[37.5997,55.74206],[37.59924,55.74168],[37.59872,55.74133],[37.59709,55.74031],[37.59691,55.74018],[37.59673,55.74005],[37.59658,55.73992],[37.59643,55.73977],[37.59631,55.73963],[37.59619,55.73948],[37.59574,55.73883],[37.59565,55.73868],[37.59557,55.73852],[37.59471,55.73647],[37.59404,55.73529],[37.59361,55.73452],[37.5925,55.73257]],[[37.5925,55.73257],[37.59241,55.73242],[37.5923,55.73227],[37.59217,55.73213],[37.59203,55.73199],[37.59188,55.73186],[37.59171,55.73173],[37.59152,55.73161],[37.59133,55.7315],[37.59112,55.73139],[37.5909,55.73129],[37.58501,55.72872],[37.58424,55.72841],[37.58343,55.72814],[37.58259,55.7279],[37.58183,55.72772],[37.58055,55.72745],[37.57827,55.72698],[37.56976,55.72522],[37.56868,55.72498],[37.56763,55.72471],[37.56661,55.7244],[37.56563,55.72406],[37.5641,55.72348],[37.56158,55.72253],[37.56057,55.72213],[37.55974,55.72181],[37.55872,55.72137],[37.55816,55.72113],[37.55766,55.72085],[37.55724,55.72054],[37.5569,55.72019],[37.55665,55.71982],[37.55651,55.71943],[37.55647,55.71903],[37.55653,55.71864],[37.5567,55.71825],[37.55696,55.71788],[37.55732,55.71754],[37.55776,55.71723],[37.55828,55.71696],[37.5587,55.71679],[37.55911,55.71667],[37.5602,55.71638],[37.56061,55.71625],[37.56103,55.71609],[37.56142,55.7159],[37.56173,55.71571],[37.56201,55.7155],[37.56226,55.71528],[37.56246,55.71505],[37.56262,55.71481],[37.56274,55.71455],[37.56282,55.7143],[37.56284,55.71404],[37.56283,55.71378],[37.56277,55.71352],[37.56266,55.71327],[37.56252,55.71305]],[[37.56252,55.71305],[37.56232,55.71279],[37.56204,55.71254],[37.55914,55.7104],[37.55733,55.70906]],[[37.55733,55.70906],[37.55706,55.70886],[37.55604,55.70808],[37.55236,55.70549],[37.55197,55.7052],[37.55159,55.70491],[37.55122,55.70462],[37.54216,55.69689],[37.54192,55.6967],[37.5414,55.69635],[37.54084,55.69602],[37.54023,55.69572],[37.53957,55.69545],[37.53563,55.69401],[37.53504,55.69376],[37.5345,55.69349],[37.53315,55.69274],[37.53179,55.69199],[37.53044,55.69128],[37.5266,55.68913],[37.52132,55.68592]],[[37.52132,55.68592],[37.50599,55.67726],[37.49226,55.66951],[37.49171,55.66926],[37.491,55.66897],[37.48732,55.66764],[37.4865,55.66727],[37.48577,55.66687],[37.48516,55.66643],[37.48466,55.66598],[37.48434,55.66559],[37.48312,55.66367],[37.48206,55.66201]],[[37.48206,55.66201],[37.48187,55.66166]],[[37.48187,55.66166],[37.48134,55.66054],[37.48045,55.65863],[37.48032,55.65824],[37.48024,55.65782],[37.48021,55.65741],[37.48022,55.65442],[37.47999,55.65173],[37.47993,55.65134],[37.47982,55.65096],[37.47965,55.65057],[37.47944,55.65018],[37.4792,55.64985],[37.47893,55.64953],[37.47858,55.64917],[37.47819,55.64884],[37.47768,55.64847],[37.47711,55.64813],[37.47656,55.64784],[37.47245,55.64591]],[[37.47245,55.64591],[37.47054,55.64501]],[[37.43894,55.63274],[37.44156,55.63302],[37.44522,55.63341],[37.4461,55.63353],[37.44707,55.63372],[37.448,55.63397],[37.44888,55.63428],[37.44969,55.63463],[37.45039,55.635],[37.45428,55.63741],[37.45496,55.6378],[37.45577,55.63818],[37.45881,55.6395],[37.47054,55.64501]],[[37.42308,55.6212],[37.42409,55.62196],[37.42639,55.62369],[37.42687,55.62412],[37.42724,55.62456],[37.42755,55.62504],[37.42777,55.62553],[37.42824,55.62684],[37.42841,55.62722],[37.42859,55.62754],[37.42881,55.62786],[37.4291,55.62821],[37.42943,55.62855],[37.42979,55.62885],[37.43021,55.62917],[37.43225,55.63054],[37.43268,55.6308],[37.43308,55.63101],[37.43366,55.63129],[37.43411,55.63147],[37.43458,55.63164],[37.43641,55.63224],[37.43697,55.6324],[37.43755,55.63254],[37.43816,55.63264],[37.43894,55.63274]],[[37.42266,55.62089],[37.42308,55.6212]],[[37.42266,55.62089],[37.42197,55.62047]],[[37.42197,55.62047],[37.42152,55.6202],[37.42116,55.62001],[37.42077,55.61984],[37.42036,55.61969],[37.41993,55.61956],[37.41848,55.61921],[37.4179,55.61904],[37.41735,55.61885],[37.41683,55.61864],[37.41634,55.6184],[37.41373,55.61696]],[[37.41373,55.61696],[37.41249,55.61627],[37.41197,55.61594],[37.41151,55.61559],[37.41111,55.6152],[37.41078,55.61481],[37.4104,55.61424],[37.40934,55.6127],[37.40897,55.61218],[37.40885,55.61202],[37.40777,55.61075],[37.40632,55.60905],[37.40609,55.60875]],[[37.40609,55.60875],[37.40589,55.60849],[37.40424,55.60633]],[[37.40424,55.60633],[37.40403,55.60594]],[[37.40403,55.60594],[37.40383,55.60535],[37.40381,55.60486],[37.40382,55.6047]],[[37.40382,55.6047],[37.40391,55.60437],[37.40413,55.60389],[37.40446,55.60343],[37.40488,55.60302]],[[37.40488,55.60302],[37.40545,55.60261],[37.40759,55.60135],[37.40923,55.60037],[37.41078,55.59952],[37.41329,55.59803]],[[37.41329,55.59803],[37.41394,55.59765]],[[37.41394,55.59765],[37.41455,55.59727],[37.41617,55.59622],[37.4179,55.59496],[37.4197,55.59352],[37.42096,55.59258],[37.42229,55.59168],[37.4237,55.5908],[37.4252,55.58995],[37.42778,55.58858],[37.42827,55.58835],[37.42874,55.58814],[37.43172,55.58695],[37.43379,55.58617],[37.43548,55.58553],[37.43698,55.58502],[37.43957,55.58404]],[[37.43957,55.58404],[37.4406,55.58365]],[[37.4406,55.58365],[37.44224,55.58303],[37.44293,55.58274],[37.44358,55.58243],[37.44418,55.5821],[37.44474,55.58175],[37.44525,55.58138],[37.44572,55.58099],[37.44614,55.58059],[37.44652,55.58017],[37.44848,55.57771],[37.44881,55.57733],[37.44917,55.57696],[37.44956,55.5766],[37.44998,55.57625],[37.45042,55.57592],[37.4509,55.57559],[37.4514,55.57528],[37.45193,55.57499],[37.45459,55.5736],[37.45506,55.57332],[37.45529,55.57316]],[[37.45529,55.57316],[37.45548,55.57301],[37.45646,55.57223],[37.4569,55.5718],[37.45725,55.57136],[37.45801,55.57015],[37.45917,55.56872],[37.45998,55.56771],[37.46058,55.56703],[37.46123,55.56636],[37.46248,55.56517]],[[37.46248,55.56517],[37.46523,55.56255],[37.46568,55.56217],[37.46585,55.56205]],[[37.46585,55.56205],[37.4679,55.56052],[37.46896,55.55973]],[[37.46896,55.55973],[37.46943,55.55938],[37.47017,55.55884],[37.47069,55.55846],[37.47105,55.55819],[37.47311,55.55665]],[[37.47311,55.55665],[37.4738,55.55614],[37.47421,55.55586],[37.47466,55.55561],[37.47515,55.55537],[37.47567,55.55516],[37.47679,55.55475],[37.47868,55.55407]],[[37.47868,55.55407],[37.4791,55.55393],[37.47952,55.5538],[37.47995,55.55368],[37.48039,55.55357],[37.48083,55.55347],[37.48127,55.55337],[37.48173,55.55329],[37.48219,55.55322],[37.4848,55.55285],[37.48545,55.55277],[37.48611,55.55271],[37.48854,55.55251],[37.48901,55.55248],[37.48948,55.55247],[37.48995,55.55247],[37.49042,55.55248],[37.49263,55.55258]],[[37.49261,55.5527],[37.49017,55.55258],[37.48951,55.55257],[37.48886,55.55257],[37.4882,55.55259],[37.48755,55.55263],[37.48612,55.55274],[37.48546,55.5528],[37.48482,55.55288],[37.4822,55.55325],[37.48174,55.55333],[37.48129,55.55341],[37.48085,55.5535],[37.48041,55.5536],[37.47998,55.55371],[37.47955,55.55383],[37.47913,55.55396],[37.47872,55.5541]],[[37.47872,55.5541],[37.47589,55.55512],[37.47548,55.55529],[37.4751,55.55547],[37.47474,55.55568],[37.47441,55.5559],[37.47335,55.55669],[37.47329,55.55673]],[[37.47329,55.55673],[37.47123,55.55827],[37.47087,55.55854],[37.47037,55.55891],[37.46964,55.55948],[37.46917,55.55982]],[[37.46917,55.55982],[37.46811,55.56061],[37.46607,55.56214]],[[37.46607,55.56214],[37.46487,55.56303],[37.4643,55.56351],[37.46254,55.56519]],[[37.46254,55.56519],[37.46199,55.56571],[37.46129,55.56642],[37.46065,55.56716],[37.45936,55.56876],[37.45835,55.57001],[37.45715,55.5716],[37.45685,55.57194],[37.45651,55.57225],[37.45554,55.57303],[37.45534,55.57318]],[[37.45534,55.57318],[37.45511,55.57334],[37.45463,55.57362],[37.45198,55.57501],[37.45145,55.57531],[37.45095,55.57562],[37.45047,55.57594],[37.45003,55.57627],[37.44961,55.57662],[37.44922,55.57698],[37.44886,55.57735],[37.44854,55.57773],[37.44657,55.58019],[37.4462,55.58061],[37.44577,55.58101],[37.44531,55.5814],[37.44479,55.58177],[37.44423,55.58212],[37.44362,55.58246],[37.44297,55.58277],[37.44228,55.58306],[37.44064,55.58368]],[[37.44064,55.58368],[37.43961,55.58407]],[[37.43961,55.58407],[37.43747,55.58488],[37.43581,55.58555],[37.43391,55.58627],[37.43156,55.58715],[37.42973,55.5878],[37.42923,55.58799],[37.42879,55.58817],[37.42831,55.58838],[37.42783,55.58861],[37.42524,55.58998],[37.42375,55.59083],[37.42234,55.5917],[37.42101,55.5926],[37.41975,55.59354],[37.41795,55.59498],[37.41622,55.59624],[37.4146,55.5973],[37.41396,55.59769]],[[37.41396,55.59769],[37.41332,55.59807]],[[37.41332,55.59807],[37.41083,55.59954],[37.40938,55.60045],[37.40774,55.60142],[37.40559,55.6027],[37.40504,55.60309]],[[37.40504,55.60309],[37.4046,55.60352],[37.40426,55.60398],[37.40404,55.60446],[37.40398,55.60471]],[[37.40398,55.60471],[37.40395,55.60494],[37.40397,55.60544],[37.40411,55.60593]],[[37.40411,55.60593],[37.40432,55.60631]],[[37.40432,55.60631],[37.40595,55.60848],[37.40615,55.60873]],[[37.40615,55.60873],[37.40638,55.60904],[37.40786,55.61077],[37.40891,55.61201],[37.40941,55.61266],[37.41046,55.61422],[37.41084,55.61479],[37.41116,55.61519],[37.41156,55.61557],[37.41202,55.61592],[37.41253,55.61625],[37.41377,55.61693]],[[37.41377,55.61693],[37.41448,55.61732],[37.41493,55.61755],[37.41543,55.61775],[37.41595,55.61794],[37.41653,55.61811],[37.41713,55.61825],[37.41917,55.61865],[37.41957,55.61874],[37.41996,55.61886],[37.42033,55.61899],[37.42069,55.61914],[37.42104,55.6193],[37.42136,55.61949],[37.42165,55.61969],[37.42192,55.61991],[37.42234,55.62031]],[[37.42234,55.62031],[37.42286,55.62081]],[[37.42286,55.62081],[37.42328,55.62112]],[[37.42328,55.62112],[37.42429,55.62188],[37.42661,55.62362],[37.42709,55.62406],[37.42746,55.62451],[37.42778,55.62501],[37.428,55.62551],[37.42846,55.62678],[37.42864,55.62718],[37.42882,55.6275],[37.42904,55.62782],[37.42933,55.62816],[37.42965,55.62849],[37.42999,55.62879],[37.43041,55.6291],[37.43241,55.63044],[37.43281,55.63068],[37.43323,55.63091],[37.4338,55.63118],[37.43424,55.63136],[37.4347,55.63152],[37.4364,55.63208],[37.43706,55.63226],[37.43763,55.63239],[37.43821,55.6325],[37.43898,55.6326]],[[37.43898,55.6326],[37.44161,55.63289],[37.44541,55.6333],[37.44629,55.63342],[37.44726,55.63361],[37.44815,55.63385],[37.44899,55.63415],[37.44977,55.63448],[37.45044,55.63484],[37.45314,55.6365],[37.45352,55.63671],[37.45391,55.63691],[37.45676,55.63827],[37.45896,55.63939],[37.47069,55.64491]],[[37.47069,55.64491],[37.4726,55.64581]],[[37.4726,55.64581],[37.47678,55.64777],[37.47731,55.64805],[37.47786,55.64838],[37.47837,55.64874],[37.47878,55.64909],[37.47914,55.64945],[37.47942,55.64978],[37.47965,55.65013],[37.47987,55.65052],[37.48004,55.65093],[37.48014,55.65131],[37.48019,55.65171],[37.48043,55.65443],[37.48041,55.65765],[37.48043,55.65806],[37.48049,55.65844],[37.48062,55.65883],[37.48159,55.66092]],[[37.48159,55.66092],[37.48332,55.66364]],[[37.48332,55.66364],[37.48454,55.66556],[37.48485,55.66595],[37.4853,55.66638],[37.48591,55.66684],[37.48659,55.66723],[37.48737,55.66759],[37.49104,55.66893],[37.49177,55.66923],[37.49231,55.66948],[37.50351,55.67581],[37.50496,55.67652],[37.50613,55.67718],[37.53068,55.69104]],[[37.53068,55.69104],[37.53208,55.69184],[37.53342,55.69259],[37.53473,55.69331],[37.53528,55.69359],[37.53586,55.69384],[37.54002,55.69536],[37.54068,55.69563],[37.54129,55.69593],[37.54186,55.69626],[37.54237,55.69661],[37.54261,55.69679],[37.55162,55.70448],[37.55199,55.70477],[37.55237,55.70507],[37.55276,55.70535],[37.55471,55.70674],[37.55628,55.70796],[37.55735,55.70873],[37.55764,55.70894]],[[37.55764,55.70894],[37.55944,55.71027],[37.56142,55.71173]],[[37.56142,55.71173],[37.56222,55.71233],[37.56262,55.71267],[37.56284,55.71291],[37.56301,55.71316],[37.56314,55.71342],[37.56323,55.71368],[37.56327,55.71395],[37.56326,55.71421],[37.56321,55.71448],[37.56311,55.71474],[37.56297,55.715],[37.56278,55.71524],[37.56255,55.71548],[37.56228,55.7157],[37.56197,55.7159],[37.56163,55.71609],[37.55927,55.71722],[37.55877,55.71749],[37.55834,55.71781],[37.558,55.71816],[37.55775,55.71853],[37.55761,55.71892],[37.55756,55.71931],[37.55762,55.71971],[37.55779,55.7201],[37.55805,55.72046],[37.5584,55.72081],[37.55884,55.72112],[37.55936,55.72139],[37.5609,55.72202],[37.56243,55.72259],[37.56432,55.7233],[37.56581,55.72386],[37.56679,55.7242],[37.56781,55.72451],[37.56886,55.72479],[37.56993,55.72503],[37.57839,55.72678],[37.58146,55.72741],[37.58221,55.72759],[37.58305,55.72783],[37.58386,55.7281],[37.58462,55.72841],[37.59103,55.7312],[37.59125,55.7313],[37.59147,55.73142],[37.59168,55.73153],[37.59187,55.73166],[37.59204,55.73179],[37.59221,55.73193],[37.59236,55.73208],[37.59249,55.73223],[37.5926,55.73238],[37.5927,55.73254]],[[37.5927,55.73254],[37.5938,55.73448],[37.5946,55.73589],[37.59483,55.73629],[37.59512,55.73727],[37.59564,55.73854],[37.59572,55.73869],[37.59581,55.73885],[37.59624,55.73946],[37.59635,55.73961],[37.59648,55.73976],[37.59662,55.7399],[37.59678,55.74003],[37.59695,55.74017],[37.59714,55.74029],[37.59877,55.74131],[37.59928,55.74166],[37.59974,55.74204],[37.60185,55.74395],[37.6023,55.7443],[37.60392,55.74539],[37.6072,55.7476],[37.60743,55.74779],[37.60894,55.74931]],[[37.60894,55.74931],[37.60913,55.74951],[37.6093,55.74973],[37.61016,55.75108],[37.61078,55.75207],[37.61094,55.7523],[37.61129,55.75278],[37.61145,55.75305],[37.61215,55.75426],[37.61226,55.75443],[37.61238,55.75458],[37.61254,55.75475]],[[37.61254,55.75475],[37.61364,55.75578]],[[37.61364,55.75578],[37.61409,55.7562],[37.61428,55.75636],[37.61445,55.75649],[37.61471,55.75667],[37.615,55.75684],[37.61523,55.75697],[37.61571,55.75722]],[[37.61571,55.75722],[37.61663,55.75768],[37.6176,55.75818]],[[37.6176,55.75818],[37.61802,55.75839],[37.6182,55.75847]],[[37.6182,55.75847],[37.61858,55.75861],[37.61907,55.75874],[37.61949,55.75883],[37.61978,55.75888],[37.62009,55.75892],[37.62332,55.75927],[37.62367,55.75931],[37.62513,55.75944],[37.62559,55.75949]],[[37.62559,55.75949],[37.62667,55.75962]],[[37.62667,55.75962],[37.62793,55.75977],[37.62908,55.75991]],[[37.62908,55.75991],[37.62943,55.75995]],[[37.62943,55.75995],[37.62974,55.75999],[37.63009,55.76004],[37.63042,55.76012],[37.63073,55.7602],[37.63108,55.76031],[37.6314,55.76044],[37.63161,55.76054],[37.63181,55.76065],[37.63201,55.76076],[37.63446,55.76226],[37.63476,55.76246],[37.63505,55.76269],[37.63663,55.76431],[37.63695,55.76458],[37.63752,55.76495]],[[37.63752,55.76495],[37.63915,55.76579],[37.64032,55.7664]],[[37.64032,55.7664],[37.6407,55.76657],[37.64107,55.76672],[37.64147,55.76685],[37.64198,55.76699],[37.64641,55.76797],[37.6469,55.76809],[37.64737,55.76823],[37.64778,55.76839]],[[37.64778,55.76839],[37.6491,55.76893],[37.65028,55.76941],[37.65067,55.7696],[37.65102,55.76982],[37.65132,55.77007],[37.65156,55.77033],[37.65173,55.7706],[37.65179,55.77075],[37.6522,55.77175],[37.65237,55.77206],[37.65257,55.77236],[37.65398,55.77405],[37.65412,55.77419],[37.6543,55.77432],[37.6545,55.77445],[37.65474,55.77457]],[[37.65474,55.77457],[37.6561,55.77517],[37.65715,55.77562]],[[37.65715,55.77562],[37.65762,55.77583],[37.6618,55.77765],[37.66309,55.77829],[37.66498,55.77911],[37.66624,55.7796],[37.6665,55.77971]],[[37.6665,55.77971],[37.66771,55.78032],[37.66907,55.781],[37.66938,55.78116],[37.67276,55.78317],[37.67298,55.78331],[37.67318,55.78346],[37.67563,55.78535],[37.67583,55.78551]],[[37.67583,55.78551],[37.67821,55.78742]],[[37.67821,55.78742],[37.67863,55.78771],[37.68033,55.78878],[37.68157,55.78955],[37.68216,55.78984],[37.68239,55.78995],[37.68269,55.79007],[37.68701,55.79164],[37.69235,55.79345],[37.6927,55.79357],[37.69336,55.79383],[37.69398,55.79413],[37.69633,55.79537],[37.69684,55.79559],[37.69721,55.79573]],[[37.69721,55.79573],[37.69798,55.79596],[37.69859,55.79609],[37.6994,55.79622]],[[37.6994,55.79622],[37.70266,55.79673],[37.7033,55.79681],[37.7039,55.79684]],[[37.7039,55.79684],[37.70459,55.79685],[37.70515,55.79682],[37.70593,55.79673],[37.70659,55.79662],[37.70706,55.79651],[37.70829,55.79615],[37.70859,55.79607],[37.70921,55.79593],[37.70986,55.79584],[37.71052,55.79578],[37.71119,55.79576],[37.71186,55.79578],[37.71252,55.79583],[37.71316,55.79593],[37.71538,55.79632],[37.72255,55.79758],[37.72301,55.79765],[37.72618,55.79811],[37.72665,55.79818],[37.7271,55.79826],[37.72753,55.79834],[37.72796,55.79843],[37.73272,55.7995],[37.73322,55.7996],[37.73374,55.79968],[37.7343,55.79975],[37.73542,55.79986],[37.73741,55.79993],[37.73776,55.79995],[37.73811,55.79998],[37.73847,55.80003],[37.7388,55.80009],[37.74311,55.80104],[37.74353,55.80116],[37.74391,55.80131],[37.74425,55.80149],[37.74454,55.80169],[37.74478,55.80192],[37.74495,55.80216],[37.74506,55.80242],[37.7451,55.80268],[37.74514,55.80388],[37.74533,55.81],[37.74532,55.81017],[37.74526,55.81049],[37.74513,55.81081],[37.74494,55.81111],[37.74468,55.8114],[37.74436,55.81167],[37.74398,55.81192],[37.74355,55.81214],[37.74308,55.81233],[37.74257,55.81249],[37.73902,55.81346],[37.73439,55.81473]]]},"properties":{"kind":"line","mode":"subway","ref":"1","name":"Сокольническая линия: Бульвар Рокоссовского → Потапово","colour":"#E42313"}},{"type":"Feature","geometry":{"type":"MultiLineString","coordinates":[[[37.4361,55.86157],[37.43639,55.86073],[37.43939,55.85202],[37.43948,55.8517]],[[37.43948,55.8517],[37.43967,55.85048],[37.43998,55.84853],[37.44,55.84802],[37.43999,55.84767],[37.43996,55.84752],[37.4384,55.83978],[37.43794,55.83836],[37.43756,55.83722],[37.4374,55.83664],[37.43696,55.83416],[37.43678,55.83269],[37.43673,55.83223],[37.43674,55.83165],[37.43698,55.83006],[37.43716,55.82908],[37.43722,55.82863],[37.43724,55.82836],[37.4372,55.82786],[37.43709,55.82731],[37.43686,55.82654],[37.43663,55.82573]],[[37.43663,55.82573],[37.43656,55.82555],[37.43648,55.82537],[37.43502,55.82296],[37.43479,55.82226],[37.43474,55.82151],[37.43486,55.82079],[37.43528,55.81947],[37.43566,55.81829],[37.43633,55.81621],[37.43649,55.81583],[37.43675,55.81545],[37.43704,55.81514],[37.43736,55.81489],[37.43776,55.81462],[37.44007,55.81347],[37.44052,55.81329],[37.44108,55.8131],[37.44163,55.81296],[37.44222,55.81284],[37.45029,55.81169],[37.45087,55.81159],[37.45392,55.81093],[37.45452,55.81083],[37.45514,55.81075],[37.4588,55.81042],[37.45996,55.81026],[37.46096,55.81004],[37.46184,55.80977],[37.46269,55.80945],[37.46295,55.80933],[37.46433,55.8086],[37.46465,55.80843],[37.46833,55.80645],[37.47311,55.80399],[37.48957,55.79553],[37.49226,55.79411],[37.49376,55.79333],[37.49868,55.79068],[37.49899,55.79049],[37.50428,55.7868],[37.50498,55.78609],[37.50545,55.78535],[37.50573,55.78461],[37.50653,55.78151],[37.50673,55.78094],[37.50697,55.78039],[37.50734,55.77984],[37.50789,55.77924],[37.50848,55.77879],[37.50928,55.77842],[37.51039,55.77812],[37.51442,55.77739],[37.51487,55.77732],[37.51531,55.77727],[37.5157,55.77724],[37.51608,55.77723],[37.51638,55.77723],[37.51672,55.77723],[37.51699,55.77725],[37.51726,55.77726],[37.51758,55.7773],[37.51929,55.77751],[37.52108,55.77773],[37.5215,55.77777],[37.52175,55.77778],[37.52293,55.77781],[37.52371,55.77783],[37.52401,55.77783],[37.52439,55.77782],[37.5247,55.7778],[37.52505,55.77777],[37.52543,55.77772],[37.52569,55.77768],[37.52597,55.77763],[37.52801,55.77719],[37.53883,55.77485],[37.54154,55.77424],[37.5426,55.77403],[37.54286,55.77398],[37.5432,55.77391],[37.54365,55.77384],[37.54415,55.77379],[37.54665,55.77366],[37.54859,55.77355],[37.54924,55.7735],[37.54988,55.7734],[37.5505,55.77327],[37.55109,55.77311],[37.55164,55.77291],[37.55216,55.77268],[37.55263,55.77242],[37.55305,55.77214],[37.55342,55.77183],[37.55599,55.76953],[37.5566,55.76899],[37.56125,55.76483],[37.56229,55.76391]],[[37.56229,55.76391],[37.5629,55.76347],[37.56357,55.76308],[37.56452,55.76265],[37.56543,55.76233],[37.56656,55.76204],[37.56783,55.76183],[37.56905,55.76172],[37.57025,55.7617],[37.57198,55.76173],[37.57276,55.76172],[37.57354,55.76169],[37.57568,55.76156],[37.57656,55.76147],[37.57724,55.76137]],[[37.57724,55.76137],[37.57753,55.76132],[37.57925,55.76103],[37.58274,55.76043]],[[37.58274,55.76043],[37.58359,55.76029],[37.5843,55.76019],[37.58503,55.76012],[37.58577,55.7601],[37.5865,55.76011],[37.58723,55.76016],[37.58795,55.76025],[37.58866,55.76038],[37.58933,55.76054],[37.58998,55.76073],[37.5906,55.76096],[37.59117,55.76122],[37.59794,55.76473],[37.59852,55.76498],[37.59915,55.7652],[37.59981,55.76539],[37.60049,55.76554],[37.6012,55.76566],[37.60193,55.76574],[37.60266,55.76578],[37.6034,55.76578],[37.60413,55.76574],[37.60486,55.76567],[37.60739,55.76534],[37.60923,55.76511],[37.60986,55.76501],[37.61047,55.76489],[37.62226,55.76218],[37.62253,55.76211],[37.62279,55.76203],[37.62305,55.76195],[37.6233,55.76186],[37.62354,55.76177]],[[37.62354,55.76177],[37.62502,55.76113]],[[37.62502,55.76113],[37.62603,55.76069],[37.62701,55.76026]],[[37.62701,55.76026],[37.62803,55.7598]],[[37.62803,55.7598],[37.62846,55.75961],[37.6301,55.75892],[37.63035,55.7588],[37.63082,55.75854],[37.63124,55.75826],[37.63161,55.75795],[37.63192,55.75762],[37.63217,55.75728],[37.63235,55.75693]],[[37.63235,55.75693],[37.63247,55.75665]],[[37.63247,55.75665],[37.63292,55.75557],[37.63359,55.75396]],[[37.63359,55.75396],[37.63374,55.7537],[37.63401,55.75332],[37.63434,55.75295],[37.63473,55.75259],[37.63517,55.75226],[37.63567,55.75196],[37.63621,55.75168],[37.6368,55.75143],[37.63743,55.75121],[37.64297,55.7495],[37.64359,55.74928],[37.64418,55.74903],[37.64473,55.74876],[37.64523,55.74845],[37.64567,55.74812],[37.64606,55.74777],[37.64639,55.7474],[37.65024,55.74203],[37.65046,55.74175],[37.65074,55.74145],[37.65098,55.74121],[37.65113,55.74105]],[[37.65113,55.74105],[37.65172,55.74041],[37.65237,55.73973]],[[37.65237,55.73973],[37.6526,55.73949],[37.65421,55.73802],[37.6547,55.7375],[37.65849,55.73321],[37.65918,55.73273],[37.66003,55.73234],[37.661,55.73205],[37.66204,55.73187],[37.66313,55.73181]],[[37.66313,55.73181],[37.6646,55.7318]],[[37.6646,55.7318],[37.66587,55.7318],[37.66719,55.73179]],[[37.66719,55.73179],[37.66785,55.73179],[37.66864,55.73176],[37.67016,55.73158],[37.6716,55.73123],[37.67289,55.73073],[37.67698,55.72881],[37.67889,55.72793],[37.684,55.72618],[37.6857,55.72559]],[[37.6857,55.72559],[37.68676,55.72523],[37.688,55.7248]],[[37.688,55.7248],[37.68906,55.72444],[37.69065,55.72395],[37.69752,55.72158],[37.69824,55.72128],[37.699,55.72092],[37.69969,55.72053],[37.70056,55.71999],[37.70124,55.71964],[37.70186,55.71937],[37.70337,55.71884],[37.70359,55.71876],[37.70628,55.71749]],[[37.70628,55.71749],[37.70751,55.71685],[37.70858,55.71627],[37.7098,55.71567],[37.71042,55.7154],[37.71179,55.71484],[37.71971,55.71185],[37.7235,55.71042],[37.72632,55.70937],[37.72681,55.70921],[37.72725,55.70909],[37.72772,55.70899],[37.72816,55.70891],[37.72861,55.70886]],[[37.72861,55.70886],[37.72897,55.70882],[37.72933,55.7088],[37.72987,55.70878],[37.73023,55.70878]],[[37.73023,55.70878],[37.7315,55.70876],[37.73279,55.70873]],[[37.73279,55.70873],[37.73885,55.70864],[37.74417,55.70798],[37.75279,55.70683],[37.76068,55.70623],[37.76448,55.70573]],[[37.76448,55.70573],[37.76576,55.70556],[37.76704,55.70539]],[[37.76704,55.70539],[37.7737,55.70451],[37.77454,55.70446],[37.77535,55.70447],[37.77612,55.70453],[37.77688,55.70464],[37.77766,55.70482],[37.77824,55.70499],[37.77878,55.70519],[37.78498,55.70817],[37.7855,55.70846],[37.78589,55.70875],[37.78965,55.71236],[37.79108,55.71374],[37.79148,55.71418]],[[37.79148,55.71418],[37.79289,55.71621]],[[37.79289,55.71621],[37.79339,55.71693],[37.79351,55.71709],[37.79389,55.71764]],[[37.79389,55.71764],[37.79422,55.71812],[37.79465,55.71863],[37.79519,55.7191],[37.7959,55.71952],[37.7967,55.71986],[37.79821,55.72038],[37.79884,55.72056],[37.79951,55.7207],[37.80014,55.72078],[37.80071,55.72081],[37.80125,55.72081],[37.80186,55.72078],[37.8025,55.7207],[37.80316,55.72057],[37.80381,55.72038]],[[37.80381,55.72038],[37.80411,55.7203],[37.81667,55.71605]],[[37.81667,55.71605],[37.81791,55.71563],[37.81933,55.71515]],[[37.81933,55.71515],[37.81972,55.71498],[37.82175,55.7143],[37.82236,55.71409],[37.82271,55.71392],[37.82298,55.71377],[37.82413,55.71307]],[[37.82413,55.71307],[37.82449,55.71286],[37.82496,55.71263],[37.82547,55.71245],[37.82595,55.71232],[37.82661,55.7122],[37.8274,55.71211],[37.82834,55.71201],[37.82869,55.71195],[37.82914,55.71181],[37.83239,55.71071],[37.83298,55.71046],[37.83355,55.7102],[37.83525,55.70937],[37.83574,55.70918],[37.83626,55.70899],[37.83684,55.70883],[37.84003,55.70798],[37.84044,55.70786],[37.84085,55.70772],[37.84124,55.70755],[37.84156,55.70739],[37.8432,55.70651],[37.84649,55.70473],[37.84743,55.70419],[37.84949,55.70293],[37.85024,55.7025],[37.85189,55.70158],[37.85554,55.69956],[37.857,55.69865],[37.85951,55.69693],[37.85994,55.69659],[37.86032,55.69623],[37.86063,55.69586],[37.86089,55.69547],[37.86108,55.69507],[37.8612,55.69466],[37.86125,55.69424],[37.86124,55.69383],[37.86116,55.69342],[37.86101,55.69301],[37.86031,55.69157],[37.85858,55.68804],[37.85847,55.68782],[37.85819,55.68739],[37.85785,55.68697],[37.85745,55.68658],[37.85693,55.68613]],[[37.85693,55.68613],[37.85619,55.68547],[37.85481,55.68425]],[[37.85481,55.68425],[37.85313,55.68278],[37.85084,55.68096]],[[37.85084,55.68096],[37.85053,55.68065],[37.85027,55.68032],[37.85008,55.67998],[37.84996,55.67964],[37.84991,55.67928],[37.84992,55.67892],[37.85001,55.67857],[37.85016,55.67823],[37.85038,55.67789],[37.85067,55.67757],[37.85101,55.67728],[37.85142,55.677],[37.85187,55.67675],[37.85237,55.67653],[37.8529,55.67635],[37.85514,55.67561],[37.85566,55.67542],[37.85615,55.67521],[37.85738,55.67465]],[[37.85738,55.67465],[37.85844,55.67417]],[[37.85859,55.67427],[37.85753,55.67475]],[[37.85753,55.67475],[37.85629,55.67532],[37.85579,55.67553],[37.85529,55.67572],[37.85289,55.6765],[37.85263,55.6766],[37.85213,55.6768],[37.85168,55.67704],[37.85128,55.6773],[37.85093,55.67759],[37.85064,55.6779],[37.85042,55.67822],[37.85026,55.67856],[37.85017,55.6789],[37.85014,55.67925],[37.85019,55.67959],[37.8503,55.67993],[37.85049,55.68027],[37.85073,55.68059],[37.85104,55.68089]],[[37.85104,55.68089],[37.85333,55.6827],[37.85501,55.68418]],[[37.85501,55.68418],[37.85639,55.6854],[37.85716,55.68608]],[[37.85716,55.68608],[37.85767,55.68652],[37.85807,55.68692],[37.85841,55.68733],[37.85869,55.68776],[37.8588,55.68798],[37.86054,55.69153],[37.86126,55.69302],[37.86141,55.69343],[37.86149,55.69384],[37.8615,55.69425],[37.86145,55.69467],[37.86133,55.69508],[37.86114,55.69548],[37.86088,55.69587],[37.86057,55.69624],[37.86019,55.6966],[37.85976,55.69694],[37.85716,55.69872],[37.85593,55.69951],[37.85481,55.70015],[37.85206,55.70168],[37.85032,55.70264],[37.84954,55.7031],[37.84777,55.70418],[37.84676,55.70474],[37.84165,55.70751],[37.84135,55.70765],[37.84097,55.70781],[37.84056,55.70795],[37.84012,55.70809],[37.83694,55.70892],[37.83635,55.7091],[37.83582,55.70928],[37.83539,55.70946],[37.83348,55.71036],[37.83297,55.71059],[37.83239,55.71081],[37.82902,55.71195],[37.82724,55.7125],[37.82667,55.71268]],[[37.82667,55.71268],[37.82489,55.71328],[37.82345,55.71381],[37.8222,55.71423],[37.82027,55.71488],[37.81978,55.71504]],[[37.81978,55.71504],[37.81794,55.71566],[37.8168,55.71604]],[[37.8168,55.71604],[37.80414,55.72032],[37.80383,55.72042]],[[37.80383,55.72042],[37.80318,55.72061],[37.80253,55.72074],[37.80188,55.72083],[37.80126,55.72087],[37.80071,55.72087],[37.80014,55.72084],[37.79948,55.72076],[37.79881,55.72063],[37.79817,55.72045],[37.79659,55.71993],[37.79578,55.71959],[37.79506,55.71917],[37.79451,55.71868],[37.79407,55.71816],[37.79373,55.71767]],[[37.79373,55.71767],[37.79336,55.71714],[37.79324,55.71697],[37.79273,55.71624]],[[37.79273,55.71624],[37.79132,55.71422]],[[37.79132,55.71422],[37.79092,55.71379],[37.78574,55.7088],[37.78535,55.70851],[37.78483,55.70823],[37.77867,55.70527],[37.77813,55.70507],[37.77756,55.7049],[37.77682,55.70473],[37.77607,55.70462],[37.7753,55.70456],[37.7745,55.70456],[37.77373,55.70461],[37.76708,55.7055]],[[37.76708,55.7055],[37.76581,55.70566],[37.76452,55.70583]],[[37.76452,55.70583],[37.7607,55.70632],[37.75281,55.70694],[37.7477,55.70764],[37.7442,55.70811],[37.73888,55.70875],[37.73278,55.70885]],[[37.73278,55.70885],[37.7315,55.70887],[37.73023,55.70889]],[[37.73023,55.70889],[37.72962,55.7089],[37.72927,55.70891],[37.72896,55.70892],[37.72863,55.70895]],[[37.72863,55.70895],[37.72818,55.709],[37.72772,55.70908],[37.72725,55.70917],[37.72681,55.70928],[37.72619,55.70947],[37.72307,55.71063],[37.72253,55.71083],[37.71975,55.71188],[37.71183,55.71487],[37.71046,55.71542],[37.70983,55.71569],[37.70862,55.7163],[37.70755,55.71688],[37.70634,55.71753]],[[37.70634,55.71753],[37.70364,55.7188],[37.70342,55.71888],[37.70204,55.7194],[37.70137,55.71971],[37.70071,55.72006],[37.69982,55.72059],[37.69912,55.72099],[37.69836,55.72136],[37.69762,55.72165],[37.69072,55.72404],[37.68915,55.72452],[37.68808,55.72489]],[[37.68808,55.72489],[37.68692,55.72528],[37.68579,55.72567]],[[37.68579,55.72567],[37.67901,55.728],[37.67706,55.72885],[37.67311,55.73085],[37.67183,55.73135],[37.67039,55.73169],[37.66886,55.73188],[37.66808,55.73191],[37.66719,55.73191]],[[37.66719,55.73191],[37.66587,55.73191],[37.6646,55.73192]],[[37.6646,55.73192],[37.66352,55.73192]],[[37.66352,55.73192],[37.66233,55.73198],[37.66128,55.73216],[37.66032,55.73245],[37.65947,55.73284],[37.65878,55.73332],[37.65502,55.73759],[37.65453,55.73811],[37.65295,55.7396],[37.65273,55.73984]],[[37.65273,55.73984],[37.65208,55.74052],[37.65149,55.74115]],[[37.65149,55.74115],[37.65074,55.74194],[37.65057,55.74215],[37.65027,55.74258]],[[37.65027,55.74258],[37.64907,55.74424]],[[37.64907,55.74424],[37.64671,55.74756],[37.64638,55.74793],[37.64599,55.74828],[37.64555,55.74861],[37.64505,55.74892],[37.64451,55.7492],[37.64392,55.74944],[37.64329,55.74966],[37.63792,55.75132],[37.63729,55.75154],[37.6367,55.75179],[37.63616,55.75207],[37.63566,55.75237],[37.63521,55.7527],[37.63482,55.75306],[37.63449,55.75343],[37.63423,55.75381],[37.6341,55.75403]],[[37.6341,55.75403],[37.63343,55.75564],[37.63297,55.75672]],[[37.63297,55.75672],[37.63289,55.75691]],[[37.63289,55.75691],[37.63271,55.75727],[37.63246,55.75761],[37.63215,55.75793],[37.63178,55.75824],[37.63136,55.75852],[37.63089,55.75878],[37.63064,55.7589],[37.62823,55.75993]],[[37.62823,55.75993],[37.6272,55.7604]],[[37.6272,55.7604],[37.62624,55.76081],[37.62521,55.76126]],[[37.62521,55.76126],[37.62371,55.76192]],[[37.62371,55.76192],[37.62343,55.76202],[37.62321,55.7621],[37.62297,55.76218],[37.62266,55.76227],[37.62237,55.76234],[37.61058,55.76505],[37.60996,55.76518],[37.60933,55.76527],[37.60746,55.76551],[37.60471,55.76586],[37.60398,55.76593],[37.60325,55.76597],[37.60251,55.76597],[37.60178,55.76593],[37.60106,55.76585],[37.60035,55.76573],[37.59966,55.76558],[37.599,55.7654],[37.59838,55.76518],[37.59779,55.76492],[37.59112,55.76146],[37.59055,55.7612],[37.58993,55.76097],[37.58928,55.76078],[37.5886,55.76061],[37.5879,55.76049],[37.58718,55.7604],[37.58645,55.76035],[37.58571,55.76033],[37.58498,55.76036],[37.58425,55.76042],[37.58353,55.76052],[37.58088,55.76098]],[[37.58088,55.76098],[37.57936,55.76124],[37.57749,55.76156]],[[37.57749,55.76156],[37.57672,55.76166],[37.57577,55.76175],[37.57358,55.76188],[37.57282,55.76191],[37.57207,55.76191],[37.57026,55.76186],[37.56908,55.76187],[37.56786,55.76197],[37.56661,55.76218],[37.56551,55.76247],[37.56466,55.76276],[37.56372,55.76318],[37.56306,55.76355],[37.56246,55.76397]],[[37.56246,55.76397],[37.56143,55.76489],[37.5602,55.76599],[37.55866,55.76728],[37.55764,55.76821]],[[37.55764,55.76821],[37.55739,55.76843]],[[37.55739,55.76843],[37.55653,55.76919],[37.55344,55.77195],[37.55307,55.77226],[37.55265,55.77254],[37.55218,55.7728],[37.55166,55.77303],[37.55111,55.77322],[37.55052,55.77339],[37.5499,55.77352],[37.54927,55.77361],[37.54862,55.77367],[37.54667,55.77377],[37.54402,55.77392],[37.54362,55.77395],[37.54323,55.77401],[37.54289,55.77407],[37.54261,55.77412],[37.54159,55.77436],[37.53891,55.77495],[37.52593,55.77776],[37.52552,55.77783],[37.52513,55.77788],[37.52465,55.77794],[37.52414,55.77797],[37.52368,55.77799],[37.52315,55.778],[37.52275,55.77799],[37.52243,55.77797],[37.52211,55.77795],[37.5218,55.77792],[37.51925,55.7776],[37.51758,55.7774],[37.51732,55.77737],[37.51702,55.77735],[37.51673,55.77733],[37.51645,55.77733],[37.51615,55.77733],[37.51584,55.77734],[37.51539,55.77737],[37.51494,55.77742],[37.51449,55.77748],[37.51045,55.77822],[37.50939,55.77853],[37.50869,55.77888],[37.50813,55.7793],[37.5076,55.77988],[37.50723,55.78043],[37.50697,55.78097],[37.50677,55.78153],[37.50598,55.78463],[37.50568,55.78539],[37.50519,55.78617],[37.50447,55.78689],[37.49929,55.79059],[37.49896,55.79079],[37.49386,55.7934],[37.49236,55.79417],[37.48965,55.79558],[37.46477,55.80851],[37.46445,55.80867],[37.46281,55.80952],[37.46196,55.80987],[37.4617,55.80994],[37.46147,55.81001],[37.46104,55.81015],[37.46003,55.81037],[37.45883,55.81054],[37.45522,55.81086],[37.4546,55.81093],[37.45399,55.81104],[37.45093,55.8117],[37.45035,55.8118],[37.44237,55.81293],[37.44177,55.81304],[37.44122,55.81318],[37.44065,55.81337],[37.4402,55.81355],[37.4379,55.8147],[37.43752,55.81495],[37.43721,55.8152],[37.43693,55.81549],[37.43668,55.81587],[37.43652,55.81623],[37.43586,55.8183],[37.43526,55.82017],[37.43505,55.8208],[37.43494,55.82152],[37.43498,55.82226],[37.43522,55.82294],[37.43667,55.82534],[37.43676,55.82552],[37.43685,55.82571],[37.43707,55.82647],[37.43732,55.82731],[37.43742,55.82776],[37.43746,55.82799],[37.43749,55.82836],[37.43745,55.82874],[37.43719,55.83017],[37.43696,55.83165],[37.43694,55.83226],[37.43698,55.83265],[37.43719,55.83424],[37.43758,55.83664],[37.43769,55.83708],[37.43809,55.83823],[37.43857,55.83978],[37.44013,55.84755],[37.44019,55.84809],[37.44017,55.84866],[37.43988,55.85049],[37.43976,55.85125],[37.43973,55.85146]],[[37.43973,55.85146],[37.43966,55.85171],[37.43663,55.86066],[37.43631,55.86159]]]},"properties":{"kind":"line","mode":"subway","ref":"7","name":"Таганско-Краснопресненская линия: Планерная → Котельники","colour":"#943E90"}},{"type":"Feature","geometry":{"type":"MultiLineString","coordinates":[[[37.54787,55.92588],[37.54686,55.92282],[37.54647,55.92167],[37.54572,55.91941],[37.54566,55.9191],[37.54563,55.9188],[37.5456,55.91845],[37.54563,55.91811],[37.54694,55.91199],[37.54703,55.91165],[37.54754,55.91048],[37.54764,55.91015],[37.54768,55.90977],[37.54767,55.90952],[37.54762,55.90924],[37.54686,55.90676],[37.5468,55.90642],[37.54678,55.90433],[37.54653,55.90243],[37.54647,55.90207],[37.54634,55.90171],[37.54614,55.90136],[37.54525,55.89997],[37.54507,55.8996],[37.54496,55.89927],[37.54481,55.89883],[37.54456,55.89813],[37.54424,55.89721],[37.54296,55.8935],[37.54289,55.89312],[37.54303,55.88451],[37.54307,55.88412],[37.54315,55.88374],[37.54329,55.88336],[37.54349,55.88298],[37.54534,55.87986],[37.54616,55.8785],[37.54634,55.8781],[37.54666,55.87717],[37.5473,55.87539]],[[37.5473,55.87539],[37.54759,55.87459],[37.54773,55.87414],[37.5478,55.87369],[37.54781,55.87323],[37.54774,55.87277],[37.54765,55.87244],[37.5475,55.87201]],[[37.5475,55.87201],[37.54716,55.87103],[37.54679,55.86998],[37.54666,55.86945],[37.5466,55.86892],[37.54661,55.86839],[37.54669,55.86786],[37.54675,55.8676],[37.54714,55.86628]],[[37.54714,55.86628],[37.54738,55.86545],[37.54756,55.86501],[37.54781,55.86457],[37.54813,55.86415],[37.5485,55.86375],[37.54894,55.86336],[37.54943,55.863],[37.54997,55.86266],[37.55777,55.85842],[37.55815,55.8582],[37.55851,55.85798],[37.55886,55.85773],[37.56146,55.85588],[37.56464,55.85361],[37.56504,55.85335],[37.56546,55.85311],[37.56687,55.85238],[37.57041,55.85052],[37.57097,55.8502],[37.57149,55.84985],[37.57196,55.84948],[37.57226,55.84919],[37.57249,55.84894],[37.57271,55.84866],[37.57293,55.84835],[37.5731,55.84803],[37.57325,55.84768],[37.57336,55.84731],[37.57366,55.84601],[37.57395,55.84472],[37.57401,55.84453],[37.5741,55.84431],[37.57638,55.83988]],[[37.57638,55.83988],[37.57658,55.83949],[37.57669,55.83917],[37.57674,55.83885],[37.57671,55.83852],[37.57662,55.8382],[37.57645,55.83789],[37.57516,55.83588]],[[37.57516,55.83588],[37.57457,55.83496],[37.57396,55.83402]],[[37.57396,55.83402],[37.57334,55.83305],[37.57308,55.83256],[37.57295,55.83221],[37.57285,55.83174],[37.57283,55.83133],[37.57293,55.83075],[37.57326,55.83001],[37.57366,55.82947],[37.57424,55.82891],[37.57496,55.8284],[37.57558,55.82806],[37.5763,55.82775],[37.577,55.82751],[37.57772,55.82732],[37.58029,55.82672],[37.58115,55.82648],[37.5818,55.82625],[37.58241,55.826],[37.58311,55.82566],[37.58371,55.82531],[37.5875,55.82286],[37.59038,55.821],[37.6003,55.81464]],[[37.6003,55.81464],[37.60148,55.81387],[37.60234,55.81333],[37.60332,55.8127],[37.6047,55.81183]],[[37.6047,55.81183],[37.60521,55.8115],[37.61427,55.80472],[37.61481,55.80426],[37.61522,55.80378],[37.61551,55.8033],[37.61567,55.80289],[37.61577,55.80233]],[[37.61577,55.80233],[37.61602,55.79758],[37.61609,55.79625]],[[37.61609,55.79625],[37.61613,55.79552],[37.61617,55.79477]],[[37.61617,55.79477],[37.6166,55.78645],[37.61659,55.78616],[37.61655,55.78588],[37.61646,55.78543],[37.61633,55.78502],[37.61493,55.78148],[37.6143,55.7799],[37.61415,55.77937],[37.61411,55.77872],[37.61473,55.77405],[37.61477,55.77376],[37.61493,55.77315],[37.61522,55.77253],[37.61569,55.77188],[37.61628,55.77131],[37.61669,55.77097],[37.61944,55.76906],[37.62107,55.76792],[37.62163,55.7676],[37.62223,55.76732],[37.62288,55.76707],[37.62357,55.76686],[37.62429,55.76669],[37.62504,55.76656],[37.62581,55.76647],[37.62659,55.76642],[37.62738,55.76642],[37.62816,55.76646],[37.6344,55.76707],[37.63523,55.76713],[37.63596,55.76715],[37.63688,55.76712],[37.63868,55.76699]],[[37.63868,55.76699],[37.64007,55.76689],[37.64211,55.76674]],[[37.64211,55.76674],[37.64284,55.76666],[37.64355,55.76655],[37.64424,55.7664],[37.6449,55.76622],[37.64552,55.766],[37.64611,55.76575],[37.64666,55.76547],[37.64715,55.76516],[37.6476,55.76483],[37.64799,55.76448],[37.64831,55.76411],[37.64858,55.76372],[37.65041,55.7609],[37.65076,55.76045]],[[37.65076,55.76045],[37.6514,55.75986],[37.65198,55.75944],[37.65562,55.75736],[37.6557,55.75731]],[[37.6557,55.75731],[37.6558,55.75725]],[[37.6558,55.75725],[37.65717,55.75648],[37.65798,55.75603]],[[37.65798,55.75603],[37.65892,55.75557],[37.66003,55.75513],[37.6614,55.75477],[37.678,55.75122],[37.67899,55.75094],[37.6799,55.75059],[37.68072,55.75017],[37.68143,55.7497],[37.68202,55.74917],[37.68247,55.7486],[37.68278,55.748],[37.68293,55.74739]],[[37.68293,55.74739],[37.68307,55.74641],[37.68321,55.74539]],[[37.68321,55.74539],[37.68315,55.74418],[37.68278,55.74322],[37.6821,55.74213],[37.68126,55.74122],[37.67991,55.74009],[37.67861,55.73925],[37.66892,55.73416],[37.6675,55.73332],[37.66613,55.73251],[37.66512,55.73178],[37.66439,55.73105],[37.66382,55.73017],[37.66354,55.72918],[37.6636,55.72861],[37.66385,55.72778],[37.66452,55.72685],[37.66553,55.7261],[37.67326,55.72136],[37.67399,55.72081],[37.67466,55.72016],[37.6754,55.71918],[37.67636,55.71791],[37.67823,55.71545],[37.67851,55.71504],[37.67872,55.71462]],[[37.67872,55.71462],[37.67964,55.71238],[37.67988,55.71196],[37.68019,55.71156],[37.68057,55.71117],[37.68101,55.71081],[37.68197,55.71014],[37.68233,55.70986],[37.68284,55.7094],[37.68468,55.70739],[37.6856,55.70639],[37.68592,55.70609],[37.6863,55.70581],[37.68672,55.70555],[37.68718,55.70531],[37.68769,55.7051],[37.68822,55.70492],[37.68879,55.70477],[37.68938,55.70465],[37.69081,55.7044],[37.69132,55.7043],[37.69558,55.70335],[37.69623,55.70318],[37.70443,55.70074],[37.72496,55.69407]],[[37.72496,55.69407],[37.7269,55.69344],[37.73032,55.69234],[37.73074,55.69222],[37.73118,55.69213],[37.73163,55.69206],[37.73209,55.69202],[37.73256,55.692],[37.73303,55.69201],[37.73357,55.69205]],[[37.73357,55.69205],[37.73632,55.6923],[37.7388,55.69248],[37.74249,55.69279],[37.74322,55.69282],[37.74396,55.69281],[37.74469,55.69277],[37.74541,55.69268],[37.74612,55.69256],[37.7468,55.69241],[37.75073,55.69138],[37.75305,55.69077],[37.75492,55.69029]],[[37.75492,55.69029],[37.75656,55.68994],[37.76099,55.68878],[37.76149,55.68863],[37.76195,55.68844],[37.76237,55.68822],[37.76274,55.68798],[37.76305,55.68771],[37.76331,55.68743],[37.7635,55.68713],[37.76363,55.68681],[37.76432,55.68361],[37.76439,55.68316],[37.76438,55.6827],[37.76431,55.68225],[37.76417,55.6818]],[[37.76417,55.6818],[37.76181,55.67574],[37.7613,55.67444],[37.75952,55.66989],[37.75936,55.6694],[37.75924,55.66889],[37.75913,55.6684],[37.75908,55.66789],[37.75897,55.6658],[37.75893,55.6655],[37.75875,55.66478],[37.7585,55.66423],[37.75808,55.66361],[37.75763,55.66312],[37.75713,55.66269],[37.75638,55.66217],[37.75565,55.66177],[37.75479,55.66138],[37.7506,55.6598],[37.74454,55.65746],[37.7438,55.65707],[37.74305,55.65655],[37.74243,55.65597],[37.74199,55.65535],[37.74178,55.65473],[37.74173,55.65408],[37.74182,55.65335],[37.74203,55.65256],[37.74305,55.65],[37.74356,55.64871]],[[37.74356,55.64871],[37.74515,55.64469]],[[37.74515,55.64469],[37.74699,55.63955],[37.74705,55.63931],[37.74709,55.63906],[37.74711,55.63881],[37.74709,55.63786],[37.74707,55.63766],[37.74703,55.63746],[37.74696,55.63724],[37.74686,55.63698],[37.74673,55.63675],[37.74659,55.63655],[37.7464,55.63632],[37.74618,55.63609],[37.74521,55.63521],[37.74496,55.63496],[37.74474,55.63471],[37.74366,55.63333],[37.74245,55.63178],[37.74226,55.63151],[37.74213,55.63127],[37.74203,55.63104],[37.74195,55.63073],[37.74192,55.63042],[37.74193,55.63014],[37.74233,55.62754],[37.74242,55.62715],[37.74274,55.62618],[37.74284,55.62573],[37.74354,55.62102],[37.74409,55.61725],[37.74422,55.61668],[37.74453,55.61552],[37.74464,55.61501],[37.745,55.61293],[37.74504,55.61258],[37.74508,55.61224],[37.74509,55.61189],[37.74508,55.61144]],[[37.74528,55.61144],[37.74529,55.6119],[37.74528,55.61224],[37.74525,55.61259],[37.7452,55.61294],[37.74463,55.61626],[37.74458,55.61654],[37.74403,55.61921],[37.74394,55.61966],[37.74374,55.62103],[37.74305,55.62575],[37.74294,55.6262],[37.74262,55.62717],[37.74254,55.62755],[37.74214,55.63011],[37.74213,55.6304],[37.74216,55.63072],[37.74225,55.63104],[37.74234,55.63126],[37.74246,55.63148],[37.74264,55.63174],[37.74385,55.63328],[37.74493,55.63466],[37.74514,55.63491],[37.74539,55.63515],[37.74636,55.63603],[37.7466,55.63627],[37.74681,55.63652],[37.74695,55.63673],[37.74708,55.63696],[37.74718,55.63722],[37.74725,55.63746],[37.74728,55.63766],[37.74729,55.63786],[37.74732,55.63907],[37.74731,55.63932],[37.74727,55.63959],[37.7472,55.63983],[37.74619,55.64259]],[[37.74619,55.64259],[37.74376,55.64873]],[[37.74376,55.64873],[37.74325,55.65003],[37.74223,55.6526],[37.74203,55.65337],[37.74194,55.65408],[37.74199,55.65469],[37.74216,55.65531],[37.74261,55.65593],[37.74322,55.65648],[37.74397,55.65698],[37.7447,55.65736],[37.75071,55.65969],[37.75492,55.66129],[37.75581,55.66168],[37.75653,55.66207],[37.75732,55.66261],[37.75783,55.66306],[37.75828,55.66355],[37.7587,55.66418],[37.75898,55.66478],[37.75914,55.66549],[37.75918,55.66579],[37.75922,55.66653],[37.75926,55.66733],[37.75929,55.66788],[37.75936,55.6684],[37.75945,55.66888],[37.75957,55.66938],[37.75972,55.66986],[37.76148,55.67435],[37.76201,55.67572],[37.76429,55.68157]],[[37.76429,55.68157],[37.76437,55.6818],[37.76448,55.68225],[37.76452,55.6827],[37.76449,55.68316],[37.76444,55.68339],[37.7637,55.68682],[37.76357,55.68714],[37.76338,55.68744],[37.76312,55.68773],[37.7628,55.68801],[37.76242,55.68825],[37.762,55.68847],[37.76153,55.68866],[37.76102,55.68882],[37.75659,55.68998]],[[37.75659,55.68998],[37.75313,55.69088],[37.74914,55.69192],[37.74683,55.69253],[37.74615,55.69268],[37.74544,55.6928],[37.74472,55.69289],[37.74399,55.69293],[37.74325,55.69294],[37.74252,55.69291],[37.73877,55.69259],[37.73628,55.69242],[37.73355,55.69216]],[[37.73355,55.69216],[37.73308,55.69213],[37.73262,55.69212],[37.73215,55.69213],[37.73168,55.69218],[37.73123,55.69224],[37.73079,55.69234],[37.73037,55.69245],[37.727,55.69354],[37.72506,55.69417]],[[37.72506,55.69417],[37.72018,55.69575],[37.71682,55.69676],[37.70214,55.70153],[37.697,55.70306],[37.6964,55.70321],[37.69134,55.70435],[37.69084,55.70444],[37.6896,55.70467],[37.68901,55.70479],[37.68844,55.70494],[37.6879,55.70512],[37.6874,55.70533],[37.68693,55.70557],[37.68651,55.70583],[37.68613,55.70611],[37.68581,55.70641],[37.68486,55.70745],[37.683,55.70948]],[[37.683,55.70948],[37.68261,55.70984],[37.68216,55.71021],[37.6812,55.71089],[37.68078,55.71124],[37.68041,55.71161],[37.6801,55.71201],[37.67987,55.71242],[37.67902,55.71466],[37.6788,55.71509],[37.67851,55.71551],[37.67648,55.71819],[37.67568,55.71925],[37.67494,55.72022],[37.67426,55.7209],[37.67352,55.72147],[37.66581,55.72619],[37.6648,55.72694],[37.66416,55.72784],[37.66397,55.72849],[37.66391,55.72919],[37.66419,55.73011],[37.66477,55.73097],[37.66544,55.73167],[37.66638,55.73239],[37.66776,55.7332],[37.66914,55.73402],[37.67887,55.73913],[37.68014,55.73997],[37.68154,55.74113],[37.68241,55.74207],[37.6831,55.74316],[37.68347,55.74417],[37.68356,55.74539]],[[37.68356,55.74539],[37.68342,55.74643],[37.68326,55.74753]],[[37.68326,55.74753],[37.68311,55.74814],[37.6828,55.74874],[37.68235,55.74931],[37.68176,55.74984],[37.68105,55.75031],[37.68023,55.75073],[37.67932,55.75108],[37.67833,55.75136],[37.66152,55.75496],[37.66023,55.75531],[37.65914,55.75571],[37.65824,55.75612]],[[37.65824,55.75612],[37.65676,55.75696],[37.65574,55.75754]],[[37.65574,55.75754],[37.6547,55.75812]],[[37.6547,55.75812],[37.65218,55.75953],[37.65166,55.75997],[37.65107,55.76056],[37.65071,55.76099]],[[37.65071,55.76099],[37.64884,55.7639],[37.64857,55.76429],[37.64824,55.76466],[37.64785,55.76501],[37.64741,55.76534],[37.64691,55.76565],[37.64637,55.76593],[37.64578,55.76618],[37.64515,55.7664],[37.64449,55.76658],[37.6438,55.76673],[37.6431,55.76685],[37.64237,55.76692]],[[37.64237,55.76692],[37.64011,55.76709],[37.63875,55.76719]],[[37.63875,55.76719],[37.63692,55.76732],[37.63603,55.76734],[37.63523,55.76732],[37.63434,55.76726],[37.62826,55.76666],[37.62748,55.76662],[37.62669,55.76662],[37.62591,55.76667],[37.62514,55.76676],[37.6244,55.76689],[37.62367,55.76706],[37.62298,55.76727],[37.62233,55.76752],[37.62173,55.7678],[37.62118,55.76812],[37.61966,55.76918],[37.61694,55.77107],[37.61655,55.7714],[37.61598,55.77196],[37.61553,55.77258],[37.61525,55.77318],[37.61508,55.77377],[37.6149,55.77506],[37.61442,55.77871],[37.61446,55.77934],[37.6146,55.77988],[37.61522,55.78144],[37.61665,55.78504],[37.61678,55.78546],[37.61688,55.78591],[37.61692,55.78616],[37.61695,55.78649],[37.61652,55.79478]],[[37.61652,55.79478],[37.61648,55.79552],[37.61645,55.79626]],[[37.61645,55.79626],[37.61638,55.79759],[37.61612,55.80235]],[[37.61612,55.80235],[37.61601,55.80291],[37.61583,55.80337],[37.61553,55.80386],[37.6151,55.80437],[37.61455,55.80486],[37.60546,55.81163],[37.60496,55.81195]],[[37.60496,55.81195],[37.60396,55.8126],[37.60363,55.81281],[37.60261,55.81346],[37.60176,55.81401],[37.60056,55.81476]],[[37.60056,55.81476],[37.59066,55.82112],[37.58778,55.82298],[37.58397,55.82544],[37.58334,55.82581],[37.58264,55.82615],[37.58199,55.82642],[37.58134,55.82664],[37.58047,55.82689],[37.57814,55.82745],[37.57736,55.82768],[37.57675,55.8279],[37.576,55.82825],[37.57534,55.82864],[37.57468,55.82915],[37.57419,55.82965],[37.57382,55.8302],[37.57358,55.83079],[37.57348,55.83128],[37.57349,55.83178],[37.57357,55.83222],[37.57373,55.83263],[37.57396,55.83311],[37.57496,55.83466],[37.57543,55.83538]],[[37.57543,55.83538],[37.57692,55.83769],[37.57708,55.838],[37.57718,55.83832],[37.5772,55.83865],[37.57716,55.83897],[37.57705,55.83929],[37.57682,55.83974]],[[37.57682,55.83974],[37.57445,55.84434],[37.57436,55.84457],[37.57429,55.84478],[37.574,55.84604],[37.5737,55.84737],[37.57359,55.84773],[37.57345,55.84807],[37.57325,55.84842],[37.57305,55.84873],[37.57282,55.84901],[37.57256,55.84929],[37.57226,55.84957],[37.57183,55.84992],[37.5713,55.85027],[37.57074,55.85059],[37.56587,55.85314],[37.56546,55.85337],[37.56512,55.85359],[37.564,55.85438],[37.5612,55.85638],[37.55897,55.85797],[37.55862,55.85819],[37.55826,55.85839],[37.55021,55.86277],[37.54967,55.8631],[37.54918,55.86347],[37.54874,55.86385],[37.54837,55.86426],[37.54806,55.86468],[37.54781,55.86511],[37.54763,55.86556],[37.54724,55.86687]],[[37.54724,55.86687],[37.547,55.8677],[37.54693,55.86796],[37.54685,55.86849],[37.54684,55.86902],[37.5469,55.86955],[37.54703,55.87008],[37.54736,55.871],[37.54771,55.87199]],[[37.54771,55.87199],[37.54789,55.87252],[37.54797,55.87282],[37.54804,55.87328],[37.54803,55.87373],[37.54796,55.87419],[37.54782,55.87463],[37.54754,55.87542]],[[37.54754,55.87542],[37.54707,55.8768],[37.5469,55.87719],[37.5466,55.87805],[37.54642,55.87843],[37.54555,55.8799],[37.54369,55.88301],[37.5435,55.88339],[37.54336,55.88376],[37.54328,55.88415],[37.54324,55.88453],[37.5431,55.89311],[37.54316,55.89349],[37.54445,55.89719],[37.54476,55.8981],[37.54516,55.89925],[37.54532,55.89972],[37.54551,55.90009],[37.54635,55.90142],[37.54655,55.90179],[37.54669,55.90215],[37.54674,55.90252],[37.54698,55.90433],[37.547,55.90642],[37.54706,55.90674],[37.54782,55.90923],[37.54788,55.90951],[37.54789,55.90978],[37.54784,55.91017],[37.54774,55.91051],[37.54724,55.91167],[37.54714,55.912],[37.54583,55.91812],[37.54581,55.91845],[37.54583,55.91879],[37.54586,55.91906],[37.54593,55.91941],[37.54668,55.92165],[37.54705,55.92281],[37.54807,55.92586]]]},"properties":{"kind":"line","mode":"subway","ref":"10","name":"Люблинско-Дмитровская линия: Физтех → Зябликово","colour":"#BED12C"}},{"type":"Feature","geometry":{"type":"MultiLineString","coordinates":[[[37.62749,55.74102],[37.6284,55.74105]],[[37.6284,55.74105],[37.62888,55.74107],[37.63021,55.74113],[37.63263,55.74124],[37.64516,55.74181],[37.64563,55.74183],[37.64611,55.74183],[37.64658,55.74183],[37.64705,55.74182],[37.64912,55.74173],[37.6495,55.74171],[37.64993,55.74168],[37.6504,55.74165],[37.65086,55.7416],[37.65132,55.74154],[37.6523,55.74141]],[[37.6523,55.74141],[37.65349,55.74124],[37.65475,55.74107]],[[37.65475,55.74107],[37.65614,55.74088],[37.65686,55.7408]],[[37.65686,55.7408],[37.65759,55.74075],[37.65833,55.74075],[37.65907,55.74078],[37.65979,55.74086],[37.6605,55.74097],[37.66119,55.74111],[37.66186,55.74129],[37.66217,55.7414],[37.6762,55.74628],[37.67685,55.74648],[37.67753,55.74664],[37.67823,55.74677]],[[37.67823,55.74677],[37.67895,55.74686],[37.67968,55.74691],[37.68165,55.747]],[[37.68165,55.747],[37.68338,55.74708],[37.68451,55.74713]],[[37.68451,55.74713],[37.68592,55.74719]],[[37.68592,55.74719],[37.69363,55.74754],[37.694,55.74756],[37.69436,55.74759],[37.69472,55.74763],[37.69508,55.74768],[37.69543,55.74774],[37.71836,55.75212]],[[37.71836,55.75212],[37.71891,55.75223]],[[37.71891,55.75223],[37.72011,55.75246],[37.72128,55.75268]],[[37.72128,55.75268],[37.72182,55.75278]],[[37.72182,55.75278],[37.74037,55.75633],[37.74416,55.75705],[37.74451,55.75712],[37.74486,55.75717],[37.74522,55.75722],[37.74559,55.75725],[37.74595,55.75728],[37.74736,55.75735]],[[37.74736,55.75735],[37.74813,55.7574]],[[37.74813,55.7574],[37.7495,55.75747],[37.75085,55.75754]],[[37.75085,55.75754],[37.75215,55.75762]],[[37.75215,55.75762],[37.7556,55.7578],[37.75624,55.75782],[37.75696,55.75781],[37.75775,55.75775],[37.75853,55.75764],[37.75927,55.7575],[37.75992,55.75733],[37.76053,55.75714],[37.76112,55.75691],[37.76168,55.75665],[37.76217,55.75637],[37.76268,55.75603],[37.7631,55.75569],[37.76344,55.75534],[37.76372,55.75499],[37.76395,55.75461],[37.76411,55.75425]],[[37.76411,55.75425],[37.76422,55.75387],[37.76428,55.75349],[37.76427,55.75307],[37.76415,55.75213],[37.76414,55.75195],[37.76418,55.75157],[37.76428,55.7512],[37.76445,55.75084],[37.76469,55.75048],[37.765,55.75015],[37.76536,55.74983],[37.76578,55.74954],[37.76625,55.74928],[37.76677,55.74904],[37.76733,55.74883],[37.76793,55.74866],[37.76855,55.74853],[37.7692,55.74843],[37.76986,55.74837],[37.77052,55.74835],[37.77119,55.74837],[37.77185,55.74843],[37.7725,55.74853]],[[37.7725,55.74853],[37.77808,55.74957]],[[37.77808,55.74957],[37.78531,55.75091]],[[37.78531,55.75091],[37.78653,55.75114],[37.78769,55.75136]],[[37.78769,55.75136],[37.78887,55.75158],[37.78939,55.75166],[37.79132,55.75193],[37.7918,55.752],[37.79497,55.75261],[37.7954,55.7527],[37.79897,55.7535],[37.79972,55.75362],[37.80048,55.75371],[37.80125,55.75375],[37.80203,55.75374],[37.80281,55.7537],[37.80356,55.75362],[37.81294,55.75231],[37.81459,55.75203],[37.8155,55.7519]],[[37.8155,55.7519],[37.81671,55.75171],[37.81795,55.75153]],[[37.81795,55.75153],[37.81864,55.75142]],[[37.81864,55.75142],[37.81945,55.75129]],[[37.81945,55.75129],[37.82209,55.75087],[37.82331,55.7506],[37.8241,55.75037],[37.82518,55.74996],[37.82794,55.74858],[37.82861,55.74828],[37.82936,55.74801],[37.83051,55.74771],[37.83181,55.7475],[37.83314,55.74738],[37.83627,55.74728],[37.83723,55.74722],[37.83831,55.74708],[37.83959,55.74682],[37.84065,55.74654],[37.84631,55.7445],[37.847,55.74428],[37.84782,55.74406],[37.84864,55.7439],[37.84954,55.74377],[37.8507,55.74367],[37.85176,55.74365],[37.8537,55.74365],[37.85519,55.74371],[37.85653,55.74382],[37.85767,55.74396],[37.85844,55.74408],[37.86144,55.74461]],[[37.86144,55.74461],[37.86256,55.7448]],[[37.86256,55.7448],[37.86381,55.74502]],[[37.86374,55.74515],[37.86249,55.74493]],[[37.86249,55.74493],[37.85834,55.7442],[37.8576,55.74409],[37.85647,55.74396],[37.85516,55.74384],[37.85368,55.74378],[37.85178,55.74379],[37.85074,55.74381],[37.84959,55.7439],[37.84872,55.74403],[37.84791,55.74419],[37.84711,55.7444],[37.84644,55.74462],[37.84077,55.74666],[37.83967,55.74695],[37.83839,55.74721],[37.83726,55.74735],[37.83629,55.74741],[37.83379,55.7475],[37.8329,55.74758],[37.83195,55.74771],[37.83124,55.74784],[37.83058,55.748],[37.82965,55.74828],[37.82907,55.74853],[37.82854,55.7488],[37.82677,55.74985]],[[37.82677,55.74985],[37.82621,55.75013],[37.82557,55.75035],[37.82499,55.75051],[37.82432,55.75064],[37.81869,55.75154]],[[37.81869,55.75154],[37.81801,55.75164]],[[37.81801,55.75164],[37.81677,55.75183],[37.81556,55.75201]],[[37.81556,55.75201],[37.81464,55.75214],[37.81297,55.75236],[37.80358,55.75366],[37.80281,55.75375],[37.80203,55.75379],[37.80125,55.75379],[37.80047,55.75375],[37.7997,55.75367],[37.79895,55.75354],[37.79537,55.75274],[37.79494,55.75265],[37.79181,55.75205],[37.79131,55.75198],[37.78932,55.75176],[37.78875,55.75168],[37.78762,55.75147]],[[37.78762,55.75147],[37.78645,55.75125],[37.78525,55.75102]],[[37.78525,55.75102],[37.77292,55.74873]],[[37.77292,55.74873],[37.77227,55.74863],[37.77161,55.74857],[37.77095,55.74855],[37.77028,55.74857],[37.76962,55.74863],[37.76897,55.74873],[37.76805,55.74894],[37.76775,55.74903],[37.76719,55.74924]],[[37.76719,55.74924],[37.76667,55.74948],[37.7662,55.74974],[37.76578,55.75003],[37.76542,55.75035],[37.76512,55.75069],[37.76488,55.75104],[37.7647,55.7514],[37.7646,55.75177],[37.76456,55.75215],[37.76457,55.75234],[37.7647,55.75331]],[[37.7647,55.75331],[37.7647,55.75375],[37.76463,55.75419],[37.76449,55.7546],[37.76431,55.75496],[37.76403,55.75538],[37.76367,55.75577],[37.76325,55.75615],[37.76274,55.75651],[37.76215,55.75685],[37.76149,55.75716],[37.76085,55.7574],[37.76013,55.75762],[37.75949,55.75777],[37.75872,55.7579],[37.7581,55.75798],[37.75737,55.75803],[37.75673,55.75805],[37.75603,55.75803],[37.75248,55.75783]],[[37.75248,55.75783],[37.75083,55.75774]],[[37.75083,55.75774],[37.74947,55.75767],[37.74812,55.75759]],[[37.74812,55.75759],[37.74739,55.75755]],[[37.74739,55.75755],[37.74609,55.75748],[37.74573,55.75746],[37.74536,55.75742],[37.745,55.75738],[37.72173,55.75294]],[[37.72173,55.75294],[37.72119,55.75284]],[[37.72119,55.75284],[37.72,55.75262],[37.71883,55.75239]],[[37.71883,55.75239],[37.71828,55.75228]],[[37.71828,55.75228],[37.71344,55.75135],[37.69565,55.74796],[37.6953,55.7479],[37.69494,55.74785],[37.69458,55.74781],[37.69421,55.74778],[37.69385,55.74776],[37.68589,55.7474]],[[37.68589,55.7474],[37.68449,55.74734]],[[37.68449,55.74734],[37.68334,55.74729],[37.68161,55.74721]],[[37.68161,55.74721],[37.67972,55.74713]],[[37.67972,55.74713],[37.67899,55.74708],[37.67827,55.74699],[37.67757,55.74686],[37.67689,55.74669],[37.67624,55.7465],[37.66212,55.74158],[37.6618,55.74148],[37.66114,55.74129],[37.66045,55.74115],[37.65974,55.74104],[37.65901,55.74097],[37.65828,55.74093],[37.65769,55.74094],[37.65754,55.74094]],[[37.65754,55.74094],[37.65681,55.74098],[37.65608,55.74106],[37.65561,55.74113],[37.65482,55.74124]],[[37.65482,55.74124],[37.65357,55.74141],[37.65236,55.74157]],[[37.65236,55.74157],[37.65137,55.74171],[37.65091,55.74177],[37.65032,55.74183],[37.64998,55.74185],[37.64951,55.74188],[37.64768,55.74196],[37.64478,55.74209],[37.64431,55.74211],[37.64384,55.74211],[37.64337,55.7421],[37.6429,55.74208],[37.63755,55.74183]],[[37.63755,55.74183],[37.63348,55.74164]],[[37.63348,55.74164],[37.63105,55.74153],[37.62838,55.74143]],[[37.62838,55.74143],[37.62744,55.74139]]]},"properties":{"kind":"line","mode":"subway","ref":"8","name":"Калининская линия: Третьяковская → Новокосино","colour":"#FFCD1C"}},{"type":"Feature","geometry":{"type":"MultiLineString","coordinates":[[[37.51595,55.53792],[37.51658,55.5381],[37.51723,55.53829],[37.51815,55.53855],[37.51896,55.53877],[37.51946,55.5389],[37.52105,55.53928],[37.52388,55.53993],[37.52663,55.54057],[37.52849,55.541],[37.52903,55.54113],[37.52928,55.54119],[37.53005,55.54141],[37.53077,55.54165],[37.53248,55.54221],[37.53397,55.5427],[37.53441,55.54284],[37.53687,55.54364],[37.53744,55.54384],[37.53805,55.54405],[37.5386,55.54422],[37.5391,55.54436],[37.53978,55.54453],[37.54077,55.54478],[37.54243,55.54517],[37.54327,55.54537],[37.54398,55.54555],[37.54472,55.54573],[37.54507,55.54582],[37.54542,55.54589],[37.54666,55.54611],[37.54703,55.54619],[37.54868,55.54659],[37.55039,55.54702],[37.55179,55.54735],[37.55389,55.54787],[37.55466,55.54806],[37.55683,55.5486],[37.5573,55.54873],[37.55773,55.54886],[37.55821,55.54901],[37.56001,55.54962],[37.56106,55.55],[37.56212,55.55045],[37.56261,55.55069],[37.5631,55.55096],[37.56361,55.55124],[37.56409,55.55154],[37.56451,55.55184]],[[37.56451,55.55184],[37.56493,55.55216],[37.5654,55.55254],[37.56571,55.55281],[37.56602,55.55308]],[[37.56602,55.55308],[37.56651,55.55358],[37.56695,55.55411],[37.5673,55.55461],[37.57063,55.56074],[37.57096,55.56125],[37.57192,55.56252]],[[37.57192,55.56252],[37.57249,55.56327]],[[37.57249,55.56327],[37.57512,55.56676]],[[37.57591,55.56758],[37.57578,55.56742],[37.57565,55.56728],[37.57512,55.56676]],[[37.5772,55.56929],[37.5769,55.56889],[37.57591,55.56758]],[[37.5772,55.56929],[37.57864,55.57119]],[[37.57864,55.57119],[37.57887,55.57151],[37.57928,55.57213],[37.57955,55.57252],[37.58037,55.57362],[37.58053,55.57381],[37.58083,55.57414],[37.58116,55.57444],[37.58157,55.57476],[37.58193,55.57501],[37.58232,55.57525],[37.58267,55.57544],[37.58303,55.57562],[37.58422,55.57616]],[[37.58422,55.57616],[37.58446,55.57628],[37.58468,55.5764],[37.585,55.57662]],[[37.585,55.57662],[37.58527,55.57685],[37.5855,55.57709],[37.58569,55.57734],[37.58584,55.57763],[37.58593,55.57792],[37.58596,55.57823],[37.58593,55.57853],[37.58584,55.57884],[37.58569,55.57913],[37.58553,55.57936],[37.58533,55.57958],[37.58509,55.57979],[37.58482,55.57999],[37.58452,55.58017],[37.58419,55.58034],[37.58386,55.58047],[37.58351,55.5806],[37.58306,55.58072],[37.57692,55.58215],[37.57384,55.58286],[37.573,55.58311],[37.57223,55.58342],[37.57154,55.58377],[37.57096,55.58413],[37.57049,55.58449],[37.57006,55.58489],[37.56974,55.58529],[37.56948,55.58569],[37.56624,55.59156],[37.56561,55.59248],[37.56489,55.59343],[37.56205,55.59685],[37.56155,55.59734],[37.56098,55.59779],[37.56052,55.59809],[37.56003,55.59838],[37.55645,55.60028]],[[37.55631,55.6002],[37.55988,55.59831],[37.56035,55.59802],[37.56079,55.59771],[37.56133,55.59726],[37.56181,55.59678],[37.56465,55.59337],[37.56537,55.59242],[37.56599,55.59149],[37.56923,55.58563],[37.5695,55.58522],[37.56984,55.58483],[37.57029,55.58441],[37.57077,55.58405],[37.57137,55.58368],[37.57209,55.58333],[37.57288,55.58302],[37.57375,55.58276],[37.57684,55.58204],[37.58209,55.58082],[37.58248,55.58071],[37.58286,55.58058],[37.58322,55.58043],[37.58354,55.58026],[37.58383,55.58009],[37.58408,55.57991],[37.58435,55.57966],[37.58458,55.5794],[37.58474,55.57914],[37.58486,55.57888],[37.58493,55.57858],[37.58495,55.57827],[37.58491,55.57801],[37.58483,55.57775],[37.58469,55.57748],[37.5845,55.57722],[37.58429,55.57698],[37.58403,55.57676],[37.58372,55.57655],[37.58181,55.57541],[37.58147,55.57518],[37.58113,55.57494],[37.58073,55.57461],[37.58039,55.57427],[37.58008,55.5739],[37.57989,55.57364],[37.57926,55.57269],[37.57903,55.57236],[37.57877,55.57203],[37.57813,55.57128],[37.57789,55.57098]],[[37.57789,55.57098],[37.5767,55.56941]],[[37.5767,55.56941],[37.5764,55.56901],[37.5754,55.56769],[37.5753,55.56754],[37.57522,55.56739],[37.5749,55.56681]],[[37.5749,55.56681],[37.57227,55.56332]],[[37.57227,55.56332],[37.5717,55.56257]],[[37.5717,55.56257],[37.57074,55.5613],[37.5704,55.56078],[37.56714,55.55463],[37.56681,55.55415],[37.56638,55.55362],[37.56592,55.55312]],[[37.56592,55.55312],[37.56563,55.55283],[37.56534,55.55256],[37.56487,55.55218],[37.56445,55.55187]],[[37.56445,55.55187],[37.56402,55.55156],[37.56356,55.55127],[37.56303,55.55098],[37.56256,55.55073],[37.56207,55.55049],[37.56102,55.55004],[37.55997,55.54965],[37.55817,55.54905],[37.55766,55.54891],[37.55674,55.54868],[37.55551,55.54839],[37.55529,55.54833]],[[37.55529,55.54833],[37.55459,55.54816],[37.55369,55.54793],[37.55245,55.54762],[37.55174,55.54742],[37.55098,55.54721],[37.55036,55.54706],[37.54866,55.54663],[37.54664,55.54615],[37.54465,55.54582],[37.54393,55.54566],[37.54318,55.54547],[37.54158,55.54508],[37.54108,55.54496],[37.53973,55.54462],[37.53902,55.54445],[37.53849,55.54429],[37.53798,55.54412],[37.53739,55.5439],[37.53683,55.54368],[37.53437,55.54288],[37.53391,55.54275],[37.53324,55.54256],[37.53236,55.54228],[37.53138,55.54197],[37.53066,55.54174],[37.52996,55.54151],[37.52936,55.5413],[37.52898,55.54119],[37.52847,55.54104],[37.52661,55.54061],[37.52386,55.53997],[37.52101,55.53931],[37.51809,55.53862],[37.51715,55.53837],[37.51651,55.5382],[37.51586,55.53802]]]},"properties":{"kind":"line","mode":"subway","ref":"12","name":"Бутовская линия: Бунинская аллея → Битцевский парк","colour":"#bac8e8"}},{"type":"Feature","geometry":{"type":"MultiLineString","coordinates":[[[37.76435,55.63445],[37.76584,55.63277],[37.76707,55.63139],[37.7674,55.63096],[37.76765,55.63053],[37.76785,55.63008],[37.76797,55.62963],[37.76803,55.62917],[37.76809,55.62745]],[[37.76809,55.62745],[37.76812,55.62641],[37.76818,55.62483],[37.76817,55.62451],[37.76813,55.62419],[37.76803,55.62383],[37.76791,55.6235],[37.76776,55.62318],[37.76759,55.6229],[37.76739,55.62262],[37.76579,55.62059],[37.76521,55.61986],[37.76477,55.61942],[37.76431,55.61902],[37.76369,55.61858],[37.7598,55.61639],[37.75948,55.61623],[37.75913,55.61608],[37.75877,55.61594],[37.75841,55.61581],[37.7575,55.6155],[37.75521,55.61475],[37.75442,55.61452],[37.75363,55.61435],[37.75282,55.61422],[37.75189,55.61413],[37.75105,55.61407]],[[37.75105,55.61407],[37.74656,55.61386]],[[37.74656,55.61386],[37.74571,55.61381]],[[37.74571,55.61381],[37.74441,55.61375],[37.74258,55.61366],[37.73572,55.61333],[37.73304,55.61312],[37.73037,55.61279],[37.71862,55.6109],[37.71743,55.61071],[37.70707,55.60904],[37.70671,55.60899],[37.70599,55.60892],[37.70526,55.60888],[37.70452,55.60889],[37.70379,55.60893],[37.70307,55.60901],[37.70237,55.60913],[37.70169,55.60929],[37.70103,55.60947],[37.70041,55.6097],[37.69983,55.60995],[37.69929,55.61023],[37.69881,55.61054],[37.69615,55.61241],[37.69505,55.61318]],[[37.69505,55.61318],[37.69403,55.6139],[37.68892,55.61748],[37.68847,55.61776],[37.68798,55.618],[37.68745,55.61821],[37.68688,55.61839],[37.68627,55.61854],[37.68565,55.61865],[37.68501,55.61873],[37.68436,55.61877],[37.6837,55.61877],[37.67635,55.61848],[37.6757,55.61848],[37.67505,55.61852],[37.6744,55.61859],[37.67378,55.61871],[37.67318,55.61885],[37.67261,55.61904],[37.67207,55.61925],[37.67158,55.61949],[37.67114,55.61976],[37.67074,55.62006],[37.6704,55.62038],[37.66933,55.62151],[37.66874,55.62213],[37.6663,55.6247],[37.66605,55.625],[37.66398,55.62764],[37.65663,55.63576],[37.65605,55.6364],[37.65482,55.63775],[37.6542,55.63825],[37.65347,55.63869],[37.65256,55.6391],[37.65173,55.63938],[37.64889,55.64026],[37.64811,55.64058],[37.64752,55.64091],[37.64697,55.64131],[37.64656,55.64171],[37.64624,55.64214],[37.64299,55.6479],[37.64279,55.64833],[37.64268,55.64877],[37.64264,55.64921],[37.64268,55.64965],[37.64279,55.65008],[37.64298,55.65051],[37.64324,55.65093],[37.64357,55.65133],[37.64397,55.6517],[37.6444,55.65202],[37.64874,55.65503],[37.64957,55.65561],[37.6508,55.65648]],[[37.6508,55.65648],[37.65153,55.65697],[37.6519,55.65725],[37.65222,55.65754],[37.6525,55.65786],[37.65525,55.66133],[37.66085,55.66806],[37.66108,55.66843],[37.66124,55.66882],[37.66377,55.67662],[37.6638,55.67676],[37.66403,55.67848],[37.66419,55.67966],[37.66429,55.68168]],[[37.66429,55.68168],[37.66434,55.68219]],[[37.66434,55.68219],[37.66516,55.68776],[37.66518,55.68808],[37.66519,55.68845],[37.66517,55.68876],[37.665,55.6901],[37.6648,55.69141]],[[37.6648,55.69141],[37.66463,55.6926],[37.66447,55.69362],[37.66425,55.69509],[37.66416,55.69537],[37.66409,55.69555],[37.66397,55.69579],[37.66388,55.69596],[37.66373,55.69619],[37.66357,55.69642],[37.6634,55.69663],[37.66325,55.69679],[37.66307,55.69697],[37.66291,55.69711],[37.66264,55.69737],[37.66235,55.69758],[37.66202,55.6978],[37.66172,55.69799],[37.6615,55.69812],[37.66035,55.69874],[37.65933,55.6993],[37.65893,55.69953],[37.65863,55.69976]],[[37.65863,55.69976],[37.65828,55.70009],[37.65808,55.70034],[37.65791,55.7006]],[[37.65791,55.7006],[37.65772,55.701],[37.6576,55.70146],[37.65757,55.70188],[37.65779,55.70417],[37.65785,55.70647]],[[37.65785,55.70647],[37.65788,55.70735],[37.65794,55.70974]],[[37.65794,55.70974],[37.65792,55.71006],[37.65787,55.71038],[37.65771,55.71086],[37.65749,55.71134],[37.65719,55.71182],[37.64861,55.72268],[37.64841,55.72292],[37.64796,55.72339],[37.64745,55.72384],[37.64689,55.72426]],[[37.64689,55.72426],[37.63794,55.73055],[37.63635,55.73166],[37.63552,55.73231]],[[37.63552,55.73231],[37.63195,55.73481],[37.6314,55.73524],[37.6309,55.73569],[37.63046,55.73616],[37.63009,55.73665],[37.62978,55.73715],[37.62953,55.73766],[37.62936,55.73818],[37.62925,55.73871],[37.62921,55.73924],[37.62922,55.73951]],[[37.62922,55.73951],[37.6293,55.7405],[37.62937,55.74142],[37.62946,55.74259]],[[37.62946,55.74259],[37.62946,55.743],[37.62939,55.74341],[37.62925,55.74382],[37.62904,55.74422],[37.62408,55.75282],[37.62378,55.75325],[37.62335,55.75374]],[[37.62335,55.75374],[37.62076,55.75623],[37.61936,55.75756],[37.61789,55.75897],[37.61738,55.75946],[37.61599,55.76078]],[[37.61599,55.76078],[37.61579,55.76095],[37.61534,55.76128],[37.61484,55.76159],[37.61429,55.76187],[37.6137,55.76212],[37.6061,55.76512],[37.60184,55.7668],[37.60081,55.76724],[37.59983,55.76771]],[[37.59983,55.76771],[37.59889,55.7682],[37.59519,55.77022],[37.59377,55.77099],[37.58603,55.77558],[37.58547,55.77589],[37.58371,55.77679],[37.58234,55.77748],[37.57713,55.78015],[37.5693,55.78382],[37.56834,55.78431],[37.56742,55.78483],[37.56372,55.7872],[37.56259,55.78787],[37.56132,55.7885],[37.55833,55.78983],[37.55251,55.79242],[37.55198,55.79263],[37.54723,55.79432],[37.54693,55.79444],[37.53438,55.79992]],[[37.53438,55.79992],[37.5332,55.80043],[37.53201,55.80095],[37.53139,55.80118]],[[37.53139,55.80118],[37.53075,55.80137],[37.53023,55.8015],[37.52739,55.80216],[37.52674,55.80231],[37.51792,55.80454],[37.51663,55.80492],[37.51516,55.80529],[37.51369,55.80567]],[[37.51369,55.80567],[37.50843,55.80734],[37.50761,55.80772],[37.50701,55.80814],[37.50663,55.80857],[37.50583,55.8098],[37.50298,55.8133],[37.50184,55.81496],[37.5016,55.81526],[37.50018,55.81663],[37.49813,55.81908],[37.49737,55.81999],[37.49648,55.82162],[37.49372,55.82537],[37.49342,55.82597],[37.49329,55.82655],[37.49338,55.82723],[37.49406,55.82875],[37.49418,55.82923],[37.49419,55.82982]],[[37.49419,55.82982],[37.49398,55.83047],[37.49363,55.83107],[37.4888,55.83713],[37.4878,55.8388],[37.48682,55.84008],[37.48627,55.84079],[37.4854,55.84179],[37.48232,55.84581],[37.48111,55.84762],[37.47735,55.85327],[37.47689,55.85416],[37.47631,55.85503],[37.47589,55.85565]],[[37.47589,55.85565],[37.47563,55.85604],[37.47369,55.85897]],[[37.47369,55.85897],[37.47213,55.8613],[37.47197,55.86161],[37.47189,55.86194],[37.47187,55.86226],[37.47192,55.86258],[37.47204,55.8629],[37.47223,55.86321],[37.47248,55.8635],[37.47279,55.86378],[37.47316,55.86403],[37.47358,55.86425],[37.47518,55.86504],[37.48086,55.86783],[37.48136,55.86811],[37.48181,55.86842],[37.4822,55.86875],[37.48254,55.8691],[37.48281,55.86947],[37.48301,55.86985],[37.48315,55.87024],[37.48322,55.87063],[37.48322,55.87103],[37.48315,55.87142],[37.48194,55.87618],[37.48185,55.87643],[37.48174,55.87667],[37.48062,55.87881],[37.48035,55.87932],[37.4797,55.88055],[37.47941,55.88115],[37.47901,55.88211]],[[37.47881,55.88208],[37.47921,55.88112],[37.4795,55.88052],[37.48015,55.87929],[37.48076,55.87813],[37.48111,55.87747],[37.48154,55.87665],[37.48165,55.87641],[37.48173,55.87616],[37.48293,55.87147],[37.483,55.87107],[37.483,55.87068],[37.48293,55.87028],[37.48279,55.86989],[37.48257,55.86946],[37.48231,55.86915],[37.48198,55.8688],[37.48159,55.86847],[37.48114,55.86816],[37.48064,55.86788],[37.47506,55.86513],[37.47332,55.86428],[37.47291,55.86404],[37.47255,55.86377],[37.47225,55.86348],[37.47201,55.86318],[37.47183,55.86286],[37.47172,55.86253],[37.47168,55.8622],[37.47171,55.86186],[37.4718,55.86153],[37.47197,55.86121],[37.47349,55.85893]],[[37.47349,55.85893],[37.47544,55.856],[37.4757,55.85561]],[[37.4757,55.85561],[37.47611,55.855],[37.48224,55.84579],[37.48533,55.84177],[37.48606,55.84073],[37.4866,55.84003],[37.48758,55.83875],[37.48872,55.83711],[37.49354,55.83104],[37.49389,55.83045],[37.49409,55.82982]],[[37.49409,55.82982],[37.49409,55.82924],[37.49397,55.82877],[37.49329,55.82724],[37.49319,55.82655],[37.49335,55.82568],[37.49359,55.82519],[37.49483,55.82354],[37.49624,55.82156],[37.49713,55.81994],[37.4979,55.81902],[37.49995,55.81657],[37.50123,55.81533],[37.50138,55.81519],[37.50161,55.81491],[37.50275,55.81324],[37.5056,55.80974],[37.50639,55.80851],[37.5068,55.80807],[37.50797,55.80722],[37.50869,55.80689],[37.5094,55.80665],[37.5102,55.80645],[37.51362,55.80558]],[[37.51362,55.80558],[37.51507,55.80521],[37.5267,55.80226],[37.52805,55.80195],[37.53004,55.80149],[37.53041,55.8014],[37.53085,55.80127],[37.5313,55.80111]],[[37.5313,55.80111],[37.53175,55.80095],[37.53309,55.80037],[37.53428,55.79985]],[[37.53428,55.79985],[37.53581,55.79923],[37.54703,55.79434],[37.54726,55.79424],[37.55152,55.79256],[37.55205,55.79233],[37.55808,55.78965],[37.56107,55.78832],[37.56229,55.78772],[37.5634,55.78706],[37.56711,55.78469],[37.56806,55.78415],[37.56904,55.78364],[37.57686,55.77998],[37.58206,55.77732],[37.58343,55.77662],[37.58514,55.77575],[37.58573,55.77543],[37.59138,55.77209],[37.59499,55.77012],[37.59934,55.76775]],[[37.59934,55.76775],[37.60027,55.76725],[37.60126,55.76678],[37.60228,55.76635],[37.60442,55.7655],[37.60643,55.76471],[37.6134,55.76196],[37.61399,55.76171],[37.61454,55.76143],[37.61504,55.76112],[37.61549,55.76079],[37.61569,55.76062]],[[37.61569,55.76062],[37.6161,55.76023],[37.61901,55.75744],[37.62122,55.75533],[37.623,55.75362]],[[37.623,55.75362],[37.62341,55.75316],[37.6237,55.75274],[37.62871,55.74406],[37.62892,55.74366],[37.62905,55.74325],[37.62913,55.74284],[37.62913,55.74243]],[[37.62913,55.74243],[37.62904,55.74142],[37.62895,55.74039],[37.62882,55.73884]],[[37.62882,55.73884],[37.62881,55.73838],[37.62887,55.73793],[37.62899,55.73748],[37.62919,55.73703],[37.62945,55.7366],[37.62978,55.73618],[37.63017,55.73578],[37.63061,55.7354],[37.63086,55.73521],[37.6352,55.73216]],[[37.6352,55.73216],[37.63614,55.73157],[37.63773,55.73045],[37.6463,55.72443]],[[37.6463,55.72443],[37.6469,55.72398],[37.6474,55.72353],[37.64785,55.72307],[37.64805,55.72283],[37.65694,55.71157],[37.65723,55.71111],[37.65745,55.71064],[37.65759,55.71018],[37.65768,55.7098],[37.65771,55.70939]],[[37.65771,55.70939],[37.65765,55.70735],[37.65763,55.70648]],[[37.65763,55.70648],[37.65756,55.70417],[37.65733,55.70188],[37.65737,55.70144],[37.65751,55.70097],[37.65772,55.70057]],[[37.65772,55.70057],[37.65792,55.70029],[37.65814,55.70003],[37.65856,55.69972]],[[37.65856,55.69972],[37.65888,55.69951],[37.65928,55.69927],[37.6603,55.69872],[37.66145,55.69809],[37.66168,55.69797],[37.66198,55.69778],[37.66231,55.69754],[37.66259,55.69733],[37.66284,55.69709],[37.663,55.69695],[37.66319,55.69677],[37.66333,55.69661],[37.6635,55.69641],[37.66367,55.69617],[37.66381,55.69595],[37.66391,55.69578],[37.66402,55.69555],[37.6641,55.69536],[37.66418,55.69509],[37.6644,55.69362],[37.66456,55.69259],[37.66473,55.6914]],[[37.66473,55.6914],[37.66494,55.69009],[37.66512,55.68876],[37.66513,55.68845],[37.66512,55.68808],[37.66509,55.68777],[37.66429,55.68219]],[[37.66429,55.68219],[37.66424,55.68168]],[[37.66424,55.68168],[37.66382,55.67848],[37.6635,55.67612],[37.66346,55.67592],[37.66169,55.67045],[37.6616,55.67024],[37.6605,55.66812],[37.66028,55.66779],[37.65243,55.65788],[37.65213,55.65755],[37.65182,55.65726],[37.65147,55.65699],[37.64868,55.65506],[37.64787,55.65449],[37.64746,55.6542]],[[37.64746,55.6542],[37.64431,55.65202],[37.64389,55.65171],[37.64349,55.65133],[37.64316,55.65093],[37.64289,55.65051],[37.6427,55.65009],[37.64259,55.64965],[37.64255,55.64921],[37.64259,55.64877],[37.64271,55.64833],[37.6429,55.64791],[37.64618,55.64211],[37.64647,55.64169],[37.64688,55.64127],[37.64744,55.64087],[37.64804,55.64054],[37.64881,55.64023],[37.65169,55.63934],[37.6525,55.63904],[37.65335,55.63863],[37.65406,55.63818],[37.65464,55.6377],[37.65645,55.6357],[37.6638,55.6276],[37.66587,55.62494],[37.66612,55.62465],[37.66915,55.62146],[37.66976,55.62081],[37.67028,55.62025],[37.67062,55.61994],[37.67102,55.61964],[37.67146,55.61937],[37.67196,55.61913],[37.67249,55.61891],[37.67306,55.61873],[37.67366,55.61859],[37.67429,55.61847],[37.67493,55.6184],[37.67558,55.61836],[37.67623,55.61836],[37.68377,55.61865],[37.68442,55.61865],[37.68508,55.61861],[37.68572,55.61854],[37.68634,55.61843],[37.68694,55.61828],[37.68751,55.6181],[37.68805,55.61789],[37.68854,55.61764],[37.68899,55.61737],[37.68983,55.61678],[37.69149,55.6155],[37.69489,55.61311]],[[37.69489,55.61311],[37.69571,55.61254],[37.69599,55.61233],[37.69873,55.61041],[37.69922,55.6101],[37.69976,55.60982],[37.70034,55.60956],[37.70096,55.60934],[37.70161,55.60915],[37.70229,55.609],[37.703,55.60888],[37.70372,55.6088],[37.70445,55.60876],[37.70518,55.60875],[37.70591,55.60879],[37.70664,55.60886],[37.70699,55.60891],[37.7187,55.61078],[37.73042,55.61267],[37.73308,55.613],[37.73575,55.61322],[37.74443,55.61364],[37.74582,55.6137]],[[37.74582,55.6137],[37.74657,55.61374]],[[37.74657,55.61374],[37.75107,55.61396]],[[37.75107,55.61396],[37.75192,55.61401]],[[37.75192,55.61401],[37.75286,55.61411],[37.75369,55.61423],[37.75445,55.61438],[37.75509,55.61454],[37.75569,55.61471],[37.75735,55.61526],[37.75833,55.61558],[37.75868,55.61571],[37.75901,55.61584],[37.75935,55.61599],[37.75966,55.61614],[37.76383,55.6185],[37.76449,55.61895],[37.76497,55.61936],[37.7654,55.61981],[37.76557,55.62003],[37.76598,55.62054],[37.7676,55.62261],[37.76779,55.62287],[37.76796,55.62315],[37.76812,55.62347],[37.76824,55.6238],[37.76833,55.62418],[37.76837,55.62449],[37.76838,55.6248],[37.76833,55.62641],[37.76829,55.62745]],[[37.76829,55.62745],[37.76823,55.6292],[37.76817,55.62966],[37.76805,55.63011],[37.76786,55.63056],[37.7676,55.63099],[37.76728,55.63142],[37.76602,55.63283],[37.76436,55.6347]]]},"properties":{"kind":"line","mode":"subway","ref":"2","name":"Замоскворецкая линия: Алма-Атинская → Ховрино","colour":"#4FB04F"}},{"type":"Feature","geometry":{"type":"MultiLineString","coordinates":[[[37.28735,55.60735],[37.28546,55.60845],[37.28514,55.60866],[37.28486,55.60889],[37.28461,55.60914],[37.28442,55.6094],[37.28426,55.60966],[37.28416,55.60994],[37.2841,55.61022],[37.28409,55.6105],[37.28474,55.61635],[37.28476,55.61667],[37.28475,55.617],[37.2847,55.61757],[37.28473,55.61789],[37.2848,55.61853],[37.28486,55.6188],[37.28495,55.61907],[37.28508,55.61934],[37.28525,55.6196],[37.28544,55.61984],[37.28566,55.62007],[37.28595,55.62032],[37.28612,55.62044]],[[37.28612,55.62044],[37.28629,55.62057],[37.28866,55.6221],[37.28931,55.62247],[37.29001,55.6228],[37.29075,55.62309],[37.29155,55.62334],[37.29372,55.62392]],[[37.29372,55.62392],[37.29571,55.62445],[37.29778,55.625],[37.29836,55.62518],[37.29891,55.62537],[37.30042,55.62595],[37.30095,55.62613],[37.30152,55.62628],[37.30211,55.62639],[37.30271,55.62647],[37.30638,55.62682],[37.30686,55.62688],[37.30733,55.62696],[37.3078,55.62707],[37.30825,55.62719],[37.30867,55.62733],[37.30907,55.62749],[37.30945,55.62767],[37.3098,55.62786],[37.31229,55.6294],[37.31283,55.6297],[37.31342,55.62998],[37.31404,55.63023],[37.31469,55.63045],[37.31951,55.63187],[37.32028,55.63206],[37.32107,55.63222],[37.32187,55.63233],[37.32269,55.63241],[37.32587,55.6326],[37.32648,55.63265],[37.3271,55.63273],[37.32808,55.63288]],[[37.32808,55.63288],[37.33325,55.63368]],[[37.33325,55.63368],[37.33512,55.63396],[37.33617,55.63412],[37.33634,55.63415]],[[37.33634,55.63415],[37.33729,55.6343],[37.33784,55.63436],[37.33838,55.6344],[37.33902,55.63441],[37.33953,55.63438],[37.34001,55.63434],[37.34202,55.63409],[37.34279,55.63403],[37.34352,55.63403],[37.34416,55.63406],[37.34504,55.63417],[37.34579,55.63433],[37.3466,55.63457],[37.34724,55.63483],[37.3478,55.63512],[37.35518,55.63958],[37.36594,55.64607],[37.36645,55.64635],[37.36705,55.64662],[37.36772,55.64688],[37.36837,55.6471],[37.37048,55.64769],[37.37155,55.64799],[37.3729,55.64837],[37.37344,55.64849],[37.3743,55.64866],[37.37512,55.64875],[37.376,55.64879],[37.37663,55.64878],[37.37728,55.64874],[37.37783,55.64867],[37.37838,55.64858],[37.37893,55.64845],[37.37938,55.64833],[37.37995,55.64814],[37.382,55.64736],[37.38291,55.64701],[37.38362,55.6468],[37.3845,55.64664],[37.38538,55.64658],[37.38617,55.6466],[37.38702,55.64671],[37.38784,55.64691],[37.3885,55.64715],[37.38907,55.64745],[37.38946,55.64772],[37.38973,55.64795],[37.39041,55.64868],[37.39133,55.64967],[37.39691,55.65566]],[[37.39691,55.65566],[37.39727,55.65597],[37.39782,55.65635],[37.39845,55.65668],[37.39907,55.65692],[37.39979,55.65714],[37.40027,55.65724],[37.41035,55.65917],[37.41108,55.65928],[37.41185,55.65937],[37.41249,55.65943],[37.41327,55.65947],[37.41405,55.65949],[37.41509,55.65949]],[[37.41509,55.65949],[37.41724,55.65948],[37.42797,55.65947]],[[37.42797,55.65947],[37.42903,55.65951],[37.43015,55.65963],[37.43126,55.65982],[37.43238,55.6601],[37.43334,55.66043],[37.43414,55.66077],[37.43462,55.66102],[37.43508,55.66129],[37.43549,55.66157],[37.43588,55.66188],[37.43858,55.66424],[37.43924,55.66474],[37.44036,55.66553],[37.44096,55.66597],[37.44409,55.66862],[37.44443,55.66887],[37.44485,55.66912],[37.44534,55.66935],[37.44583,55.66953],[37.4488,55.67045],[37.4547,55.67226],[37.4561,55.67276],[37.45744,55.67334],[37.45867,55.67398],[37.4598,55.67468],[37.4693,55.68128],[37.47225,55.68333],[37.47303,55.68382],[37.48019,55.68786],[37.48292,55.68927],[37.48443,55.69006],[37.48475,55.6902],[37.48509,55.69034],[37.48655,55.69086],[37.48701,55.69105],[37.48753,55.6913],[37.48801,55.6916],[37.48998,55.69304],[37.49047,55.69335],[37.49104,55.69364],[37.49302,55.69447],[37.49359,55.69474],[37.49415,55.69501],[37.49668,55.69643]],[[37.49668,55.69643],[37.49706,55.69665]],[[37.49706,55.69665],[37.49864,55.69753],[37.49954,55.69803]],[[37.49954,55.69803],[37.50048,55.69856],[37.50073,55.6987],[37.50115,55.69893],[37.51317,55.70566],[37.51361,55.70589],[37.51409,55.70612],[37.51527,55.70664]],[[37.51527,55.70664],[37.51631,55.7071],[37.51733,55.70755]],[[37.51733,55.70755],[37.52038,55.70889],[37.5212,55.70925],[37.52169,55.7095],[37.5219,55.70961],[37.52242,55.70996],[37.52285,55.71033],[37.52319,55.71071],[37.52344,55.71111],[37.52362,55.71152],[37.5237,55.71193],[37.52371,55.71234],[37.52364,55.71273],[37.52349,55.71312],[37.5233,55.71346],[37.52304,55.7138],[37.52271,55.71413],[37.52234,55.71443],[37.52193,55.7147],[37.52158,55.7149],[37.5185,55.71635],[37.518,55.71658],[37.51211,55.71907],[37.51125,55.71948],[37.50988,55.72019],[37.50949,55.72038],[37.50902,55.72057],[37.50851,55.72073],[37.50798,55.72086],[37.50738,55.72096],[37.50675,55.72103],[37.50623,55.72105],[37.50367,55.72105],[37.50313,55.72106],[37.50251,55.72112],[37.50186,55.72123],[37.50132,55.72136],[37.50094,55.72147],[37.50048,55.72164],[37.50009,55.72182],[37.49973,55.72201],[37.49941,55.72222],[37.49918,55.72239],[37.49899,55.72256],[37.49693,55.72481],[37.49548,55.7264],[37.49523,55.72669],[37.49501,55.72699],[37.49479,55.72733],[37.49459,55.72769],[37.49443,55.72808],[37.49429,55.7285],[37.49419,55.72897],[37.49416,55.7295],[37.49421,55.73014],[37.49432,55.73066]],[[37.49432,55.73066],[37.49456,55.73125],[37.49491,55.73189],[37.49683,55.73473],[37.49724,55.73523],[37.49778,55.73574],[37.4983,55.73612],[37.49896,55.73653],[37.49974,55.73692],[37.5006,55.73726],[37.50133,55.7375],[37.50217,55.73771],[37.50318,55.7379],[37.50421,55.73803],[37.50522,55.73809],[37.50604,55.7381],[37.50691,55.73806],[37.50768,55.73799],[37.50842,55.73789],[37.51031,55.73753]],[[37.51031,55.73753],[37.51138,55.73732],[37.51663,55.73632]],[[37.51663,55.73632],[37.51792,55.73607],[37.52128,55.73543]],[[37.52128,55.73543],[37.52167,55.73537],[37.52225,55.7353],[37.52294,55.73526],[37.52368,55.73527],[37.52433,55.73531],[37.52497,55.7354],[37.52559,55.73552],[37.52627,55.7357],[37.52679,55.73588],[37.52728,55.73609],[37.52768,55.7363],[37.52797,55.73647],[37.52831,55.73671],[37.52862,55.73697],[37.52893,55.7373],[37.52918,55.73765],[37.5294,55.73809],[37.52951,55.73856],[37.5295,55.73906],[37.52939,55.73951],[37.52885,55.74086],[37.52841,55.74196]],[[37.52841,55.74196],[37.52815,55.74261],[37.52805,55.74303],[37.52805,55.74344],[37.52812,55.74382],[37.52827,55.74422],[37.52852,55.74463],[37.52886,55.74502],[37.52925,55.74537],[37.52976,55.74571],[37.53042,55.74606],[37.53111,55.74633],[37.53926,55.74904]],[[37.53911,55.74918],[37.53051,55.74632],[37.53,55.74611],[37.52939,55.74579],[37.5289,55.74545],[37.52848,55.74508],[37.52816,55.74472],[37.52789,55.74429],[37.52774,55.7439],[37.52766,55.74348],[37.52767,55.74307],[37.52776,55.74267],[37.52804,55.74198]],[[37.52804,55.74198],[37.52842,55.74102],[37.52871,55.7403],[37.52884,55.73982],[37.52885,55.73932],[37.52877,55.73891],[37.52863,55.73856],[37.52834,55.73811],[37.52805,55.73778],[37.52772,55.73749],[37.52728,55.73718],[37.52674,55.73688],[37.52617,55.73662],[37.52551,55.7364],[37.52486,55.73623],[37.52423,55.73612],[37.52338,55.73603],[37.52251,55.736],[37.52163,55.73604],[37.52104,55.73611],[37.52047,55.7362],[37.51962,55.73636]],[[37.51962,55.73636],[37.51715,55.73683],[37.51691,55.73688]],[[37.51691,55.73688],[37.51577,55.7371]],[[37.51577,55.7371],[37.51208,55.73781],[37.51074,55.73807]],[[37.51074,55.73807],[37.50711,55.73876],[37.50635,55.73887],[37.50558,55.73893],[37.50479,55.73895],[37.50402,55.73893],[37.50323,55.73887],[37.50248,55.73876],[37.50174,55.73861],[37.50103,55.73842],[37.50036,55.73819],[37.49974,55.73793],[37.49916,55.73764],[37.49864,55.73731],[37.49816,55.73695],[37.49776,55.73657],[37.49743,55.73617],[37.49457,55.73193],[37.49422,55.7313],[37.49399,55.73069]],[[37.49399,55.73069],[37.49388,55.73016],[37.49384,55.72952],[37.49389,55.72897],[37.494,55.72848],[37.49416,55.72804],[37.49434,55.72765],[37.4945,55.72737],[37.49472,55.72704],[37.49492,55.72677],[37.49515,55.72651],[37.49568,55.72593]],[[37.49568,55.72593],[37.49614,55.72542]],[[37.49614,55.72542],[37.49675,55.72476],[37.49882,55.72249],[37.49902,55.72231],[37.49923,55.72214],[37.49957,55.72192],[37.49994,55.72172],[37.50035,55.72153],[37.50079,55.72137],[37.50121,55.72124],[37.50178,55.72111],[37.50245,55.721],[37.5031,55.72094],[37.5036,55.72093],[37.5062,55.72094],[37.50672,55.72091],[37.50734,55.72085],[37.50792,55.72075],[37.50843,55.72062]],[[37.50843,55.72062],[37.5089,55.72047],[37.50936,55.72029],[37.50976,55.7201],[37.51066,55.71963]],[[37.51066,55.71963],[37.51111,55.7194],[37.51197,55.71899],[37.51786,55.71649],[37.51835,55.71627],[37.51943,55.71576],[37.52125,55.7149]],[[37.52125,55.7149],[37.52172,55.71462],[37.5221,55.71435],[37.52244,55.71405],[37.52273,55.71373],[37.52297,55.7134],[37.52315,55.71306],[37.52327,55.71269],[37.52332,55.71234],[37.52332,55.71194],[37.52323,55.71155],[37.52308,55.71116],[37.52284,55.71077],[37.52254,55.71041],[37.52215,55.71005],[37.52171,55.70973],[37.52124,55.70945],[37.52076,55.70922],[37.51719,55.70765]],[[37.51719,55.70765],[37.51613,55.70719],[37.51513,55.70675]],[[37.51513,55.70675],[37.51393,55.70622]],[[37.51393,55.70622],[37.51345,55.70599],[37.51302,55.70577],[37.50047,55.69874],[37.5,55.69848]],[[37.5,55.69848],[37.49938,55.69813]],[[37.49938,55.69813],[37.49844,55.69761],[37.49756,55.69711],[37.49652,55.69653],[37.49398,55.69511],[37.49344,55.69484],[37.49288,55.69458],[37.49087,55.69373],[37.49031,55.69345],[37.48982,55.69315],[37.48784,55.69171],[37.48736,55.69141]],[[37.48736,55.69141],[37.48685,55.69116],[37.48637,55.69097],[37.48493,55.69046],[37.48458,55.69032],[37.48428,55.69018],[37.48401,55.69004]],[[37.48401,55.69004],[37.48273,55.68938],[37.48183,55.68891]],[[37.48183,55.68891],[37.48066,55.68831],[37.47481,55.68502]],[[37.47481,55.68502],[37.47286,55.68392],[37.47206,55.68342],[37.46153,55.67609],[37.45963,55.67477],[37.4585,55.67407],[37.45729,55.67344],[37.45597,55.67287],[37.45457,55.67238],[37.45053,55.67113]],[[37.45053,55.67113],[37.44984,55.67092]],[[37.44984,55.67092],[37.44867,55.67056],[37.4472,55.67011]],[[37.4472,55.67011],[37.44565,55.66963],[37.44516,55.66944],[37.4447,55.66922],[37.44428,55.66898],[37.44393,55.66872],[37.44218,55.66725]],[[37.44218,55.66725],[37.44078,55.66606],[37.44018,55.66561],[37.43908,55.66485],[37.4384,55.66432],[37.43573,55.66199],[37.43534,55.66168],[37.43492,55.6614],[37.43446,55.66113],[37.434,55.6609],[37.43321,55.66055],[37.43227,55.66023],[37.43116,55.65995],[37.43008,55.65976],[37.429,55.65965],[37.42792,55.65961],[37.41923,55.65962]],[[37.41923,55.65962],[37.41854,55.65962]],[[37.41854,55.65962],[37.41723,55.65962],[37.41558,55.65962]],[[37.41558,55.65962],[37.41301,55.65962]],[[37.41301,55.65962],[37.4123,55.6596],[37.4116,55.65955],[37.41094,55.65948],[37.41029,55.65938],[37.40032,55.65748]],[[37.40032,55.65748],[37.39956,55.65731],[37.3989,55.6571],[37.39826,55.65684],[37.39767,55.65652],[37.39727,55.65624],[37.39688,55.65591],[37.39584,55.6548]],[[37.39584,55.6548],[37.39192,55.65059]],[[37.39192,55.65059],[37.39157,55.65022]],[[37.39157,55.65022],[37.39111,55.64972],[37.38962,55.64812],[37.38935,55.64788],[37.38898,55.64762],[37.38835,55.6473],[37.38769,55.64706],[37.38695,55.64688],[37.38619,55.64678],[37.38537,55.64675],[37.38462,55.64679],[37.38395,55.64688],[37.38329,55.64704],[37.3828,55.64719],[37.38211,55.64746]],[[37.38211,55.64746],[37.38,55.64826],[37.37947,55.64844],[37.379,55.64857],[37.37847,55.64869],[37.37786,55.6488],[37.37731,55.64887],[37.37661,55.64892]],[[37.37661,55.64892],[37.37595,55.64893],[37.37506,55.64889],[37.37419,55.64878],[37.37332,55.64861],[37.37279,55.64848]],[[37.37279,55.64848],[37.37149,55.64812]],[[37.37149,55.64812],[37.37111,55.64801],[37.37038,55.64781],[37.36926,55.6475]],[[37.36926,55.6475],[37.36825,55.64722]],[[37.36825,55.64722],[37.36758,55.64699],[37.3669,55.64673],[37.36631,55.64646],[37.36579,55.64618],[37.35648,55.64055]],[[37.35648,55.64055],[37.35586,55.64018]],[[37.35586,55.64018],[37.35503,55.63968],[37.35417,55.63916]],[[37.35417,55.63916],[37.35372,55.63889]],[[37.35372,55.63889],[37.34771,55.63526]],[[37.34771,55.63526],[37.34716,55.63497],[37.34648,55.6347],[37.34571,55.63447],[37.34497,55.63432],[37.3441,55.63421],[37.34348,55.63417],[37.34276,55.63417],[37.34201,55.63422],[37.34003,55.63447],[37.33954,55.63452],[37.33904,55.63454],[37.33839,55.63454],[37.33784,55.6345],[37.33731,55.63443],[37.33627,55.63428]],[[37.33627,55.63428],[37.33506,55.63409],[37.33385,55.6339],[37.33319,55.6338]],[[37.33319,55.6338],[37.32802,55.63301]],[[37.32802,55.63301],[37.32695,55.63284],[37.32631,55.63276],[37.32568,55.6327],[37.32262,55.63252],[37.3218,55.63244],[37.321,55.63233],[37.32022,55.63217],[37.31946,55.63198],[37.31453,55.63053],[37.31387,55.63031],[37.31323,55.63006],[37.31264,55.62978],[37.31208,55.62947],[37.30963,55.62796],[37.30928,55.62777],[37.30891,55.6276],[37.30851,55.62744],[37.30809,55.6273],[37.30764,55.62717],[37.30717,55.62706],[37.30669,55.62698],[37.3062,55.62692],[37.30264,55.62658],[37.30203,55.6265],[37.30144,55.62639],[37.30087,55.62624],[37.30033,55.62606],[37.2988,55.62547],[37.29825,55.62528],[37.29769,55.62511],[37.29562,55.62455],[37.29364,55.62402]],[[37.29364,55.62402],[37.29163,55.62349],[37.29083,55.62324],[37.29008,55.62295],[37.28939,55.62262],[37.28875,55.62225],[37.28621,55.62061],[37.28604,55.62048]],[[37.28604,55.62048],[37.28587,55.62036],[37.28557,55.6201],[37.28537,55.61989],[37.2852,55.61967],[37.28503,55.61941],[37.2849,55.61914],[37.2848,55.61887],[37.28475,55.6186],[37.28467,55.61789],[37.28463,55.61757],[37.28384,55.61044],[37.28385,55.61017],[37.2839,55.60991],[37.284,55.60964],[37.28414,55.60939],[37.28433,55.60914],[37.28457,55.60889],[37.28485,55.60867],[37.28516,55.60845],[37.2872,55.60727]]]},"properties":{"kind":"line","mode":"subway","ref":"8А","name":"Солнцевская линия: Аэропорт Внуково → Деловой центр","colour":"#FFCD1C"}},{"type":"Feature","geometry":{"type":"MultiLineString","coordinates":[[[37.93124,55.7014],[37.92833,55.70289],[37.91921,55.70756],[37.91782,55.70814],[37.91644,55.70856],[37.91513,55.70883],[37.91376,55.70898],[37.91234,55.70902],[37.91095,55.70899],[37.9033,55.70867],[37.89985,55.70853],[37.89793,55.70844],[37.89715,55.70843],[37.88947,55.7085],[37.88837,55.70855],[37.88718,55.7087],[37.88614,55.70891],[37.88376,55.70956],[37.88327,55.70967],[37.88277,55.70977],[37.88023,55.71017],[37.87591,55.71085],[37.8752,55.71095],[37.8744,55.71102],[37.87349,55.71105],[37.87259,55.71103],[37.87156,55.71095],[37.87043,55.71079],[37.86931,55.71054],[37.86832,55.71024],[37.86741,55.70988],[37.86656,55.70945],[37.86383,55.70783],[37.85947,55.70523],[37.85889,55.70492],[37.85831,55.70464],[37.85765,55.70438],[37.8569,55.70414],[37.85609,55.70393],[37.8553,55.70377],[37.85452,55.70365],[37.85381,55.70359],[37.85316,55.70355],[37.85102,55.70348],[37.84936,55.70343],[37.84902,55.70343],[37.84875,55.70344],[37.84848,55.70345],[37.84818,55.70348],[37.84788,55.70352],[37.8476,55.70357],[37.84733,55.70363],[37.84698,55.70372],[37.8467,55.70381],[37.84595,55.70407],[37.84442,55.70459],[37.84413,55.70468],[37.84387,55.70475],[37.84359,55.70481],[37.84332,55.70486],[37.84306,55.7049],[37.84267,55.70495],[37.84227,55.70497],[37.8418,55.70498],[37.84134,55.70496],[37.84096,55.70492],[37.84058,55.70487],[37.84022,55.7048],[37.83987,55.70471],[37.83958,55.70463],[37.83738,55.70396],[37.83689,55.70384],[37.83639,55.70373],[37.8357,55.70362],[37.83505,55.70355],[37.82903,55.70313],[37.82818,55.70308],[37.82732,55.70308],[37.8266,55.70311],[37.8259,55.70317],[37.82515,55.70327],[37.82442,55.7034],[37.82374,55.70356],[37.82308,55.70374],[37.81899,55.70505],[37.81583,55.70606],[37.81364,55.70681],[37.80534,55.70963],[37.80313,55.71042],[37.80105,55.7111],[37.79758,55.71213],[37.78685,55.71565],[37.78631,55.71584],[37.7858,55.71605],[37.78527,55.7163],[37.78481,55.71655],[37.78307,55.7176],[37.78179,55.71835],[37.78035,55.7192],[37.77992,55.71944],[37.7795,55.71964],[37.77902,55.71984],[37.77851,55.72003],[37.77792,55.72021],[37.77049,55.72227],[37.76982,55.72248],[37.76501,55.72413],[37.76448,55.72433],[37.76297,55.72505],[37.76248,55.72525],[37.76198,55.72542],[37.76138,55.72558],[37.76077,55.72572],[37.76018,55.72582],[37.75679,55.72627],[37.75625,55.72636],[37.75562,55.72649],[37.75326,55.72704],[37.74391,55.72921],[37.74302,55.72939],[37.74063,55.72979],[37.74008,55.72987],[37.73954,55.72992],[37.7372,55.73011],[37.73676,55.73015],[37.73632,55.7302],[37.73595,55.73025],[37.7356,55.73031],[37.73513,55.7304],[37.73468,55.73051],[37.73204,55.73122],[37.72991,55.73184],[37.7286,55.73222]],[[37.72856,55.73219],[37.72988,55.7318],[37.73146,55.73134],[37.73201,55.73119],[37.73466,55.73048],[37.7351,55.73037],[37.73558,55.73028],[37.73593,55.73022],[37.7363,55.73017],[37.73675,55.73011],[37.73719,55.73007],[37.73953,55.72989],[37.74006,55.72983],[37.74061,55.72975],[37.743,55.72935],[37.74389,55.72917],[37.75324,55.727],[37.7556,55.72645],[37.75623,55.72633],[37.75678,55.72624],[37.76016,55.72579],[37.76075,55.72569],[37.76135,55.72555],[37.76195,55.72538],[37.76245,55.72522],[37.76293,55.72502],[37.76444,55.7243],[37.76497,55.72409],[37.76979,55.72245],[37.77046,55.72223],[37.77789,55.72018],[37.77848,55.72],[37.77899,55.71981],[37.77946,55.71961],[37.77987,55.71941],[37.78031,55.71917],[37.78174,55.71833],[37.78302,55.71757],[37.78477,55.71653],[37.78522,55.71628],[37.78576,55.71602],[37.78627,55.71581],[37.78682,55.71562],[37.79755,55.71209],[37.80101,55.71107],[37.8031,55.71039],[37.80531,55.7096],[37.8158,55.70603],[37.81896,55.70502],[37.82305,55.70371],[37.82371,55.70353],[37.82439,55.70337],[37.82513,55.70324],[37.82588,55.70314],[37.8266,55.70308],[37.82732,55.70305],[37.82818,55.70305],[37.82903,55.7031],[37.83506,55.70351],[37.83572,55.70359],[37.83641,55.7037],[37.83691,55.70381],[37.83741,55.70393],[37.83891,55.70439],[37.83921,55.70447],[37.83952,55.70454],[37.83986,55.7046],[37.84023,55.70466],[37.84061,55.70471],[37.84099,55.70474],[37.84139,55.70476],[37.84184,55.70476],[37.84232,55.70475],[37.84272,55.70472],[37.84309,55.70468],[37.84344,55.70463],[37.84383,55.70456],[37.84417,55.70449],[37.84453,55.7044],[37.84484,55.70431],[37.84672,55.70367],[37.84697,55.70359],[37.84725,55.70351],[37.84752,55.70345],[37.84781,55.7034],[37.84812,55.70335],[37.84844,55.70332],[37.84872,55.7033],[37.84902,55.7033],[37.84938,55.7033],[37.85104,55.70335],[37.85317,55.70342],[37.85384,55.70345],[37.85457,55.70352],[37.85537,55.70364],[37.85618,55.7038],[37.85701,55.70402],[37.85778,55.70427],[37.85846,55.70454],[37.85905,55.70481],[37.85964,55.70514],[37.86173,55.70644],[37.86489,55.70832],[37.86565,55.70878],[37.86697,55.70947],[37.86771,55.70982],[37.86847,55.71011],[37.8694,55.71039],[37.87051,55.71064],[37.87161,55.7108],[37.87263,55.71088],[37.87349,55.7109],[37.87439,55.71087],[37.87517,55.71081],[37.87585,55.71072],[37.88017,55.71004],[37.88275,55.70963],[37.88322,55.70954],[37.8837,55.70943],[37.88607,55.7088],[37.88712,55.70859],[37.88834,55.70844],[37.88945,55.70838],[37.89715,55.70832],[37.89795,55.70833],[37.90224,55.70849],[37.90331,55.70854],[37.91087,55.70885],[37.91232,55.70889],[37.91372,55.70885],[37.91506,55.7087],[37.91635,55.70844],[37.9177,55.70802],[37.9191,55.70744],[37.92816,55.7028],[37.93109,55.7013]]]},"properties":{"kind":"line","mode":"subway","ref":"15","name":"Некрасовская линия: Некрасовка → Нижегородская","colour":"#F088B6"}},{"type":"Feature","geometry":{"type":"MultiLineString","coordinates":[[[37.67915,55.79014],[37.68092,55.78856],[37.68139,55.7882],[37.68191,55.78785],[37.68248,55.78753],[37.68309,55.78724],[37.68375,55.78698],[37.68445,55.78676],[37.68517,55.78656],[37.68871,55.78576],[37.68937,55.78559],[37.69,55.7854],[37.69193,55.78473],[37.69251,55.78456],[37.69313,55.7844],[37.6938,55.78427],[37.69852,55.78343],[37.69906,55.78332],[37.69966,55.78316],[37.70019,55.78297],[37.70078,55.7827],[37.70123,55.78243],[37.70162,55.78214],[37.70198,55.78178],[37.70227,55.7814]],[[37.70227,55.7814],[37.70288,55.78026],[37.70353,55.77908],[37.70364,55.77878],[37.70369,55.77848],[37.70367,55.77817],[37.70359,55.77786],[37.70291,55.77635],[37.70276,55.77602],[37.70238,55.77527],[37.70226,55.77489],[37.70221,55.77447],[37.70225,55.77409],[37.70235,55.77371],[37.70253,55.77333],[37.70279,55.77296],[37.70308,55.77264],[37.70439,55.77148],[37.7047,55.77117],[37.70497,55.77084],[37.70523,55.77046],[37.7054,55.77014],[37.70556,55.76976],[37.70565,55.76944],[37.70662,55.76473],[37.70686,55.76357],[37.707,55.76312],[37.7072,55.76268],[37.70748,55.76225],[37.70781,55.76184],[37.70821,55.76144],[37.70867,55.76107],[37.70918,55.76071],[37.70974,55.76038],[37.71035,55.76009],[37.71336,55.75874],[37.71406,55.75838],[37.71487,55.75792],[37.71564,55.75742],[37.7163,55.75693],[37.71687,55.75644],[37.71736,55.75597],[37.71782,55.75546],[37.71823,55.75493],[37.71888,55.7539],[37.72105,55.75049],[37.72127,55.75005],[37.72143,55.7496],[37.72152,55.74914],[37.72154,55.74869],[37.72149,55.74823],[37.72137,55.74778],[37.72119,55.74733],[37.72094,55.7469],[37.72062,55.74648],[37.72024,55.74607],[37.72003,55.74588],[37.71596,55.74239],[37.71577,55.74221],[37.71545,55.74184],[37.71519,55.74145],[37.71499,55.74105],[37.71486,55.74064],[37.71479,55.74023],[37.7148,55.73981],[37.71504,55.73803],[37.71514,55.7377],[37.71528,55.73741],[37.71552,55.7371],[37.71582,55.73682],[37.71615,55.73658],[37.71656,55.73635],[37.71699,55.73615],[37.71813,55.73571],[37.71838,55.73561],[37.71861,55.7355],[37.71887,55.73535],[37.72001,55.73463],[37.72029,55.73447],[37.7206,55.73433],[37.72097,55.73419],[37.72119,55.73412],[37.7253,55.73292]],[[37.7253,55.73292],[37.72773,55.73221],[37.72972,55.73163],[37.7331,55.73064]],[[37.7331,55.73064],[37.73366,55.73045],[37.73419,55.73022],[37.73466,55.72997],[37.73509,55.72969],[37.73547,55.72939],[37.73579,55.72906],[37.73604,55.72872],[37.73624,55.72837],[37.73636,55.72801],[37.73643,55.72764],[37.73642,55.72727],[37.73635,55.7269],[37.73621,55.72654],[37.736,55.72619],[37.73327,55.72246],[37.73302,55.72217],[37.73276,55.72189],[37.73247,55.72162],[37.73216,55.72136],[37.72915,55.7191],[37.72876,55.71877],[37.72843,55.71842],[37.72816,55.71805],[37.72795,55.71767],[37.72781,55.71728],[37.72774,55.71689],[37.72774,55.71649],[37.72781,55.7161],[37.72794,55.71571],[37.72892,55.71362],[37.7291,55.71306],[37.72917,55.71266],[37.72922,55.71249],[37.72917,55.71221],[37.72909,55.71179],[37.72833,55.70937],[37.72829,55.70915],[37.72827,55.70893],[37.72827,55.70872],[37.72844,55.70705],[37.72858,55.70565],[37.72892,55.70226],[37.72898,55.70198],[37.72907,55.70168],[37.7292,55.70138],[37.72937,55.70108],[37.73096,55.69886],[37.73114,55.6985],[37.73125,55.69816],[37.73128,55.69782],[37.73124,55.69747],[37.73108,55.697],[37.73083,55.6966],[37.73054,55.69627],[37.7302,55.69597],[37.73001,55.69583],[37.72981,55.69569],[37.72961,55.69558],[37.72942,55.69547],[37.72919,55.69536],[37.72895,55.69526],[37.72734,55.69462],[37.7245,55.69349],[37.72427,55.6934],[37.72406,55.6933],[37.72365,55.69307],[37.72329,55.69283],[37.72298,55.69256],[37.72109,55.69066],[37.72073,55.69036],[37.72029,55.69006],[37.71979,55.68979],[37.71926,55.68956],[37.71875,55.68938],[37.71581,55.6884],[37.71499,55.68811],[37.71112,55.68661],[37.71033,55.68632],[37.70963,55.68609],[37.70901,55.6859],[37.70736,55.68543],[37.70695,55.6853],[37.70658,55.68518],[37.70429,55.68435],[37.70235,55.68364],[37.70207,55.68353],[37.70179,55.6834],[37.70151,55.68326],[37.70126,55.6831],[37.69979,55.68214],[37.69938,55.68184],[37.699,55.68154],[37.69704,55.67977],[37.69675,55.67954],[37.69639,55.67928],[37.69592,55.67898],[37.69552,55.67875],[37.69509,55.67855],[37.69463,55.67834],[37.69411,55.67815],[37.69368,55.678],[37.69331,55.67789],[37.68787,55.67643],[37.68283,55.67507],[37.6822,55.6749],[37.68072,55.6745],[37.66998,55.67161],[37.66906,55.67134],[37.66801,55.671],[37.66701,55.67063],[37.66602,55.67022],[37.66502,55.66977],[37.66408,55.66929],[37.66333,55.66887],[37.66276,55.66852],[37.66105,55.66743],[37.66085,55.66729],[37.66064,55.66713],[37.66046,55.66697],[37.66026,55.66678],[37.65875,55.6651],[37.65847,55.66477],[37.65692,55.66285],[37.6567,55.66262],[37.65646,55.6624],[37.6562,55.6622],[37.65591,55.66201],[37.65488,55.6614],[37.65463,55.66124],[37.6544,55.66108],[37.65418,55.66091],[37.65398,55.66074],[37.65378,55.66056],[37.6536,55.66037],[37.65344,55.66017],[37.65329,55.65998],[37.65194,55.6579],[37.6517,55.65759]],[[37.6517,55.65759],[37.65138,55.65723],[37.65118,55.65703],[37.65096,55.65684],[37.65079,55.6567],[37.64935,55.6557]],[[37.64935,55.6557],[37.64853,55.65513],[37.64771,55.65456],[37.64638,55.65364]],[[37.64638,55.65364],[37.64506,55.65272],[37.64451,55.65241],[37.64384,55.65212],[37.64313,55.65189],[37.64253,55.65174],[37.64189,55.65163],[37.64122,55.65155],[37.64041,55.65151],[37.63964,55.65152],[37.63886,55.65159],[37.6256,55.65329],[37.62481,55.65337],[37.62398,55.65341],[37.62314,55.65342],[37.6195,55.65339],[37.61792,55.65338]],[[37.61792,55.65338],[37.61464,55.65336],[37.61206,55.65335]],[[37.61206,55.65335],[37.60707,55.65332],[37.60607,55.65333],[37.60508,55.65336],[37.6035,55.65344],[37.60287,55.65346],[37.6022,55.65345],[37.60154,55.6534],[37.60098,55.65334]],[[37.60098,55.65334],[37.5984,55.65296],[37.5968,55.65272]],[[37.5968,55.65272],[37.59131,55.65195]],[[37.59131,55.65195],[37.59044,55.65182],[37.58964,55.65174],[37.58882,55.6517],[37.58801,55.65168],[37.5872,55.65172],[37.5864,55.65179],[37.5856,55.6519],[37.58483,55.65204],[37.58408,55.65223],[37.58336,55.65244],[37.57361,55.65583],[37.56374,55.65927],[37.56294,55.65953],[37.56209,55.65974],[37.56121,55.65991],[37.5603,55.66002],[37.55938,55.66009],[37.55845,55.6601],[37.55752,55.66007],[37.55661,55.65998],[37.55571,55.65984],[37.55484,55.65965],[37.55401,55.65942],[37.55322,55.65914],[37.55269,55.65891],[37.5513,55.65826],[37.55066,55.65801],[37.54998,55.65779],[37.54927,55.65761],[37.54853,55.65747],[37.54777,55.65737],[37.54699,55.65732],[37.54621,55.65731],[37.54543,55.65734],[37.54466,55.65741],[37.54391,55.65753],[37.54318,55.65769],[37.54248,55.65788],[37.53954,55.65889],[37.53473,55.66054],[37.53397,55.66085],[37.53328,55.6612],[37.53264,55.66159],[37.53208,55.662],[37.5316,55.66245],[37.52936,55.66499],[37.52914,55.66521],[37.52889,55.66544],[37.52664,55.66731],[37.52628,55.66759],[37.52593,55.66784],[37.52564,55.66803],[37.5254,55.66817],[37.52392,55.66898],[37.52344,55.66925],[37.52186,55.67012],[37.52055,55.67084],[37.51871,55.67184],[37.51829,55.67206],[37.5177,55.67232],[37.5172,55.67251],[37.51216,55.67422],[37.51175,55.67439],[37.51138,55.67455],[37.51106,55.67471],[37.50999,55.67528],[37.50962,55.67546],[37.50923,55.67563],[37.50795,55.67615],[37.50759,55.67631],[37.50724,55.67649],[37.50693,55.67668],[37.50664,55.67688],[37.5059,55.67743],[37.50562,55.67762],[37.50401,55.67848],[37.50227,55.6794],[37.50191,55.67957],[37.50153,55.67973],[37.50117,55.67985],[37.50079,55.67995],[37.50042,55.68004],[37.50003,55.68011],[37.49963,55.68016],[37.49923,55.6802],[37.49686,55.68035],[37.4961,55.68044],[37.49535,55.68057],[37.49463,55.68074],[37.49394,55.68095],[37.49329,55.68119],[37.49269,55.68147],[37.49214,55.68179],[37.49164,55.68213],[37.49121,55.6825],[37.49085,55.68288],[37.48787,55.68651],[37.48769,55.6867],[37.4875,55.68688],[37.48723,55.68711],[37.48697,55.6873],[37.48671,55.68748],[37.48528,55.68835],[37.48253,55.69004],[37.48139,55.69067],[37.48071,55.69105],[37.48026,55.69133],[37.4798,55.69168],[37.47744,55.69374],[37.47688,55.69406],[37.47627,55.69433],[37.47561,55.69455],[37.47493,55.69472],[37.47421,55.69484],[37.47348,55.69492],[37.47278,55.69494],[37.47052,55.69493],[37.47017,55.69494],[37.46959,55.69498],[37.46903,55.69505],[37.46848,55.69517],[37.46796,55.69531],[37.46747,55.69549],[37.46703,55.69569],[37.46661,55.69593],[37.46624,55.69619],[37.46506,55.69721],[37.46383,55.69827],[37.4634,55.69865],[37.46291,55.69911],[37.46242,55.69962],[37.46125,55.70093],[37.46095,55.70124],[37.46064,55.70151],[37.45848,55.70324],[37.45806,55.70363],[37.45769,55.70404]],[[37.45769,55.70404],[37.45739,55.70447],[37.45715,55.7049],[37.4561,55.70738],[37.456,55.70767],[37.45593,55.70797],[37.45571,55.70924],[37.45561,55.70962],[37.45545,55.71001],[37.45526,55.71037],[37.45502,55.71072],[37.45473,55.71107],[37.45443,55.71138],[37.45345,55.71225],[37.45325,55.71244],[37.45307,55.71263],[37.45284,55.71291],[37.45268,55.71316],[37.45253,55.71342],[37.45219,55.71421],[37.45177,55.71515],[37.45119,55.71648],[37.45081,55.71748],[37.44601,55.72887],[37.44502,55.7312],[37.4449,55.73161],[37.44483,55.73203],[37.44483,55.73244],[37.44487,55.73286],[37.44524,55.73425],[37.44546,55.73477],[37.44578,55.73529],[37.44619,55.73578],[37.44669,55.73626],[37.45967,55.74802],[37.46456,55.75245],[37.46489,55.75273],[37.46689,55.75437],[37.46726,55.7547],[37.4676,55.75503],[37.46862,55.75615],[37.46888,55.75644]],[[37.46888,55.75644],[37.46937,55.75698],[37.46964,55.7573],[37.46986,55.75761],[37.47006,55.75796],[37.47073,55.75944],[37.47092,55.75986]],[[37.47092,55.75986],[37.47151,55.76117],[37.47182,55.76185]],[[37.47182,55.76185],[37.47376,55.76612],[37.47396,55.76661],[37.47455,55.76839],[37.47472,55.76884],[37.47493,55.76929],[37.47572,55.77073],[37.47592,55.77113],[37.47688,55.77323]],[[37.47688,55.77323],[37.477,55.77343],[37.47715,55.77363],[37.4773,55.7738],[37.47748,55.77396],[37.47767,55.77411],[37.47788,55.77425],[37.47811,55.77439],[37.47835,55.77452],[37.4786,55.77463],[37.47971,55.77509],[37.47999,55.77519],[37.48026,55.77528],[37.48053,55.77535],[37.48082,55.77542],[37.48111,55.77547],[37.48138,55.77551],[37.48167,55.77554],[37.48195,55.77556],[37.48222,55.77558],[37.48345,55.77559],[37.4839,55.7756],[37.4844,55.77562]],[[37.4844,55.77562],[37.48574,55.77567],[37.48709,55.77572]],[[37.48709,55.77572],[37.48777,55.77574],[37.48816,55.77575]],[[37.48816,55.77575],[37.48855,55.77574],[37.48992,55.7757],[37.49032,55.7757],[37.49071,55.7757],[37.50012,55.77604]],[[37.50012,55.77604],[37.50045,55.77605],[37.50085,55.77604],[37.50125,55.77601],[37.50166,55.77596],[37.50459,55.77547],[37.50493,55.77541],[37.50528,55.77533],[37.50558,55.77524],[37.50698,55.7748],[37.50751,55.77468],[37.50813,55.77458],[37.50881,55.77452],[37.50944,55.77452],[37.51014,55.77458],[37.51072,55.77467],[37.51126,55.7748],[37.51173,55.77495],[37.51366,55.77567],[37.51398,55.77577],[37.51437,55.77587]],[[37.51437,55.77587],[37.51471,55.77595],[37.51578,55.77615],[37.5164,55.77627]],[[37.5164,55.77627],[37.51711,55.77636],[37.51915,55.77663],[37.52052,55.7768]],[[37.52052,55.7768],[37.52351,55.77719],[37.52422,55.77731],[37.5249,55.77746],[37.52556,55.77765],[37.52618,55.77788],[37.52676,55.77813],[37.5273,55.77841],[37.52779,55.77872],[37.52823,55.77906],[37.52861,55.77941],[37.52893,55.77979],[37.52919,55.78017],[37.52938,55.78058],[37.53049,55.78401],[37.53073,55.78445],[37.53104,55.78483],[37.53138,55.78514],[37.53167,55.78537],[37.53329,55.78652],[37.53704,55.78917],[37.53746,55.78943],[37.53793,55.78966],[37.53844,55.78987],[37.53898,55.79005],[37.53955,55.7902],[37.54014,55.79032],[37.54075,55.7904],[37.54137,55.79045],[37.54202,55.79046],[37.54262,55.79044],[37.54324,55.79039],[37.55101,55.7896],[37.55148,55.78956],[37.55195,55.78955],[37.55242,55.78957],[37.55288,55.78961],[37.55334,55.78967],[37.55378,55.78977],[37.5542,55.78988],[37.5546,55.79002],[37.55498,55.79018],[37.55532,55.79036],[37.55564,55.79056],[37.55591,55.79077],[37.55649,55.79127]],[[37.55649,55.79127],[37.55719,55.79189],[37.55788,55.79249]],[[37.55788,55.79249],[37.55903,55.79348],[37.55927,55.79367],[37.55958,55.79386],[37.55993,55.79404],[37.56031,55.79419],[37.56072,55.79433],[37.56114,55.79444],[37.56158,55.79452],[37.56204,55.79458],[37.56251,55.79462],[37.56298,55.79463],[37.56344,55.79461],[37.5639,55.79457],[37.56436,55.79451],[37.56479,55.79442],[37.5652,55.79431],[37.56555,55.79419],[37.56739,55.79352],[37.56782,55.79338],[37.56825,55.79326],[37.56868,55.79316],[37.56913,55.79309],[37.56959,55.79303],[37.57665,55.79244],[37.58142,55.79204],[37.58199,55.79201],[37.58272,55.79201],[37.58344,55.79204]],[[37.58344,55.79204],[37.58615,55.79223]],[[37.58615,55.79223],[37.58817,55.79238],[37.58921,55.79244],[37.59022,55.79251]],[[37.59022,55.79251],[37.59142,55.79258],[37.59204,55.79261],[37.59624,55.79261],[37.59696,55.79262],[37.59795,55.79267],[37.59898,55.7928],[37.59991,55.793],[37.60082,55.79327],[37.60681,55.79557],[37.60794,55.7959],[37.60905,55.79613],[37.61021,55.79628],[37.61136,55.79634],[37.61482,55.79641]],[[37.61482,55.79641],[37.61642,55.79643],[37.61805,55.79645]],[[37.61805,55.79645],[37.6199,55.7965],[37.62132,55.79645],[37.62266,55.79628],[37.62386,55.79602],[37.62504,55.79566],[37.6276,55.79468],[37.62855,55.79438],[37.62965,55.79412],[37.6309,55.79393],[37.63217,55.79384],[37.63432,55.79379],[37.64055,55.79363],[37.64146,55.79364],[37.64232,55.7937],[37.64316,55.79381],[37.64388,55.79393],[37.64944,55.79504],[37.65015,55.79515],[37.65087,55.79523],[37.65157,55.79528],[37.65226,55.79529],[37.65288,55.79529],[37.65358,55.79525],[37.65428,55.79519],[37.65856,55.79463],[37.65908,55.79458],[37.65961,55.79454],[37.66014,55.79453],[37.66936,55.79451],[37.67053,55.79444],[37.67171,55.79429],[37.67285,55.79405],[37.67392,55.79374],[37.67492,55.79335],[37.67581,55.7929],[37.67659,55.79239],[37.67703,55.79202],[37.67915,55.79014]],[[37.67937,55.79022],[37.6772,55.79214],[37.67675,55.79253],[37.67596,55.79305],[37.67506,55.7935],[37.67407,55.79388],[37.67296,55.7942],[37.67178,55.79444],[37.67064,55.79458],[37.6695,55.79465],[37.66017,55.79466],[37.65964,55.79468],[37.65912,55.79471],[37.6586,55.79476],[37.6581,55.79483],[37.65526,55.79531],[37.6547,55.79539],[37.654,55.79546],[37.65329,55.7955],[37.65265,55.79551],[37.65195,55.79549],[37.65123,55.79544],[37.6505,55.79536],[37.64978,55.79525],[37.64412,55.79412],[37.64326,55.79398],[37.6424,55.79388],[37.64156,55.79383],[37.64069,55.79382],[37.63433,55.79398],[37.63229,55.79403],[37.63106,55.79412],[37.62986,55.79431],[37.62878,55.79456],[37.62786,55.79485],[37.62527,55.79584],[37.62408,55.79621],[37.62285,55.79648],[37.62147,55.79665],[37.62012,55.7967],[37.61804,55.79665]],[[37.61804,55.79665],[37.61641,55.79663],[37.61482,55.79661]],[[37.61482,55.79661],[37.61126,55.79654],[37.6101,55.79648],[37.60892,55.79632],[37.60777,55.79608],[37.6067,55.79576],[37.60404,55.79475],[37.60338,55.79452],[37.60272,55.79435],[37.60202,55.7942],[37.60136,55.79409],[37.59477,55.79321],[37.59201,55.79285],[37.59142,55.79279],[37.59026,55.79273],[37.59016,55.79272]],[[37.59016,55.79272],[37.58991,55.79271],[37.58966,55.79269],[37.58916,55.79265],[37.58813,55.79257],[37.5861,55.79243]],[[37.5861,55.79243],[37.5834,55.79223]],[[37.5834,55.79223],[37.58259,55.7922],[37.58198,55.7922],[37.58138,55.79223],[37.57479,55.79278],[37.56968,55.79321],[37.56922,55.79326],[37.56877,55.79334],[37.56833,55.79344],[37.56792,55.79356],[37.56757,55.79368],[37.56549,55.79444],[37.56516,55.79455],[37.56476,55.79466],[37.56433,55.79475],[37.56389,55.79481],[37.56343,55.79485],[37.56296,55.79487],[37.56249,55.79486],[37.56202,55.79482],[37.56157,55.79476],[37.56113,55.79467],[37.56069,55.79456],[37.56028,55.79442],[37.5599,55.79427],[37.55956,55.79409],[37.55925,55.79389],[37.55902,55.79372],[37.55768,55.79255]],[[37.55768,55.79255],[37.557,55.79196],[37.55558,55.79075],[37.55526,55.79055],[37.55492,55.79038],[37.55454,55.79022],[37.55414,55.79008],[37.55372,55.78996],[37.55328,55.78987],[37.55282,55.7898],[37.55236,55.78976],[37.55189,55.78975],[37.55142,55.78976],[37.55095,55.78979]],[[37.55095,55.78979],[37.5432,55.79058],[37.54259,55.79063],[37.54196,55.79065],[37.54133,55.79064],[37.54071,55.79059],[37.5401,55.79051],[37.53951,55.79039],[37.53894,55.79024],[37.5384,55.79006],[37.53789,55.78985],[37.53743,55.78962],[37.537,55.78936],[37.53393,55.78719]],[[37.53393,55.78719],[37.53311,55.78661],[37.53133,55.78535],[37.531,55.78509],[37.53067,55.78479],[37.53036,55.7844],[37.5301,55.78393],[37.52905,55.78067]],[[37.52905,55.78067],[37.52886,55.78027],[37.5286,55.77988],[37.52828,55.77951],[37.5279,55.77915],[37.52747,55.77882],[37.52698,55.77851],[37.52644,55.77822],[37.52585,55.77797],[37.52523,55.77775],[37.52458,55.77756],[37.52389,55.7774],[37.52318,55.77728],[37.52134,55.77705]],[[37.52134,55.77705],[37.52046,55.77693]],[[37.52046,55.77693],[37.5191,55.77676],[37.51706,55.77649],[37.51635,55.7764]],[[37.51635,55.7764],[37.51185,55.77612],[37.51138,55.77608],[37.51098,55.77602],[37.51056,55.77593],[37.50888,55.77553],[37.50837,55.77543],[37.50783,55.77536],[37.50726,55.77532],[37.50674,55.77532],[37.50622,55.77536],[37.5057,55.77543],[37.50164,55.7761],[37.5013,55.77614],[37.50096,55.77617],[37.50061,55.77618],[37.50026,55.77618]],[[37.50026,55.77618],[37.4907,55.77584],[37.49031,55.77583],[37.48992,55.77584],[37.48855,55.77587],[37.48815,55.77588],[37.48776,55.77587],[37.48708,55.77585]],[[37.48708,55.77585],[37.48573,55.7758],[37.4844,55.77576]],[[37.4844,55.77576],[37.48377,55.77573],[37.48334,55.77572],[37.48196,55.77569],[37.4814,55.77565],[37.48092,55.7756],[37.48047,55.77552],[37.48005,55.77543],[37.47963,55.77532],[37.47925,55.7752],[37.47888,55.77506],[37.47852,55.77489],[37.47819,55.77472],[37.47787,55.77452],[37.47759,55.77432],[37.47735,55.77411],[37.47713,55.7739],[37.47694,55.77367],[37.47677,55.77341]],[[37.47677,55.77341],[37.47453,55.76893],[37.47429,55.76835],[37.47373,55.76663],[37.47353,55.76615],[37.47159,55.76187]],[[37.47159,55.76187],[37.47128,55.7612],[37.47069,55.7599]],[[37.47069,55.7599],[37.46997,55.75831],[37.46972,55.75784],[37.4694,55.75736],[37.46906,55.75688],[37.46874,55.75645]],[[37.46874,55.75645],[37.46847,55.75608],[37.46835,55.75594],[37.46754,55.75505],[37.46721,55.75472],[37.46684,55.75439],[37.46484,55.75275],[37.46451,55.75247],[37.45962,55.74804],[37.44664,55.73628],[37.44613,55.7358],[37.44572,55.7353],[37.4454,55.73478],[37.44518,55.73425],[37.44481,55.73286],[37.44476,55.73244],[37.44476,55.73203],[37.44483,55.73161],[37.44496,55.73119],[37.44596,55.72886],[37.45075,55.71747],[37.45113,55.71647],[37.45171,55.71514],[37.45213,55.7142],[37.45247,55.71341],[37.45262,55.71314],[37.45279,55.7129],[37.45301,55.71262],[37.45319,55.71242],[37.45339,55.71223],[37.45437,55.71136],[37.45467,55.71105],[37.45496,55.71071],[37.45519,55.71036],[37.45539,55.71],[37.45555,55.70961],[37.45565,55.70923],[37.45587,55.70796],[37.45594,55.70767],[37.45604,55.70737],[37.45709,55.70489],[37.45733,55.70445],[37.45763,55.70403]],[[37.45763,55.70403],[37.458,55.70362],[37.45843,55.70323],[37.45985,55.70208],[37.46004,55.70192],[37.46022,55.70174],[37.46038,55.70153],[37.46117,55.70043],[37.46154,55.69999],[37.46198,55.69956],[37.46312,55.69864],[37.46356,55.69826],[37.46394,55.69793],[37.46486,55.69714],[37.46613,55.69604],[37.46645,55.69581],[37.46686,55.69558],[37.4673,55.69537],[37.46779,55.69519],[37.4683,55.69504],[37.46884,55.69493],[37.4694,55.69485],[37.46999,55.6948],[37.47033,55.6948],[37.47272,55.69481],[37.47344,55.69477],[37.47414,55.69469],[37.47483,55.69457],[37.47549,55.6944],[37.47612,55.69418],[37.47671,55.69392],[37.47726,55.69361],[37.47773,55.69328],[37.47958,55.69159],[37.48006,55.69123],[37.48051,55.69095],[37.48123,55.69055],[37.48211,55.69006],[37.48509,55.68824],[37.48677,55.6872],[37.48699,55.68704],[37.4872,55.68688],[37.48739,55.68671],[37.48754,55.68657],[37.48768,55.68642],[37.49068,55.68277],[37.49104,55.68238],[37.49147,55.68201],[37.49197,55.68167],[37.49252,55.68136],[37.49312,55.68108],[37.49377,55.68083],[37.49445,55.68062],[37.49518,55.68045],[37.49592,55.68032],[37.49669,55.68024],[37.4991,55.68009],[37.49951,55.68005],[37.49991,55.67999],[37.5003,55.67992],[37.50067,55.67983],[37.50104,55.67973],[37.50139,55.67962],[37.50176,55.67947],[37.50211,55.67931],[37.50385,55.67838],[37.50533,55.67759],[37.50559,55.67745],[37.50585,55.67729],[37.50609,55.67712],[37.50684,55.67659],[37.50713,55.6764],[37.50745,55.67621],[37.50778,55.67604],[37.50813,55.67587],[37.50928,55.67539],[37.50985,55.67513],[37.51119,55.67447],[37.51164,55.67427],[37.51214,55.67407],[37.51706,55.67241],[37.51738,55.67228],[37.51774,55.67214],[37.51809,55.67198],[37.51847,55.67179],[37.52168,55.67001],[37.52501,55.66818],[37.52555,55.66788],[37.52583,55.66772],[37.52612,55.66753],[37.52642,55.66732],[37.52671,55.66707],[37.52895,55.66511],[37.52928,55.66477],[37.53142,55.66236],[37.5319,55.66191],[37.53246,55.66149],[37.53309,55.66111],[37.53379,55.66076],[37.53454,55.66045],[37.53571,55.66005],[37.53942,55.65878],[37.5425,55.65772],[37.5432,55.65752],[37.54393,55.65736],[37.54468,55.65725],[37.54545,55.65717],[37.54623,55.65714],[37.54701,55.65715],[37.54779,55.65721],[37.54855,55.65731],[37.54929,55.65744],[37.55001,55.65762],[37.55068,55.65784],[37.55132,55.6581],[37.55251,55.65865],[37.55324,55.65897],[37.55403,55.65925],[37.55486,55.65949],[37.55573,55.65967],[37.55663,55.65981],[37.55754,55.6599],[37.55847,55.65994],[37.5594,55.65992],[37.56032,55.65986],[37.56123,55.65974],[37.56211,55.65957],[37.56296,55.65936],[37.56377,55.6591],[37.57062,55.65672],[37.57133,55.65647],[37.57349,55.65572],[37.58329,55.65231],[37.584,55.6521],[37.58475,55.65191],[37.58552,55.65177],[37.58632,55.65166],[37.58712,55.65159],[37.58794,55.65155],[37.58874,55.65157],[37.58956,55.65161],[37.59036,55.65169],[37.59137,55.65183]],[[37.59137,55.65183],[37.59685,55.65261]],[[37.59685,55.65261],[37.59845,55.65285],[37.60097,55.65322]],[[37.60097,55.65322],[37.60157,55.65329],[37.60221,55.65333],[37.60287,55.65334],[37.60348,55.65332],[37.60506,55.65325],[37.60606,55.65321],[37.60707,55.6532],[37.61206,55.65323]],[[37.61206,55.65323],[37.6144,55.65324],[37.61793,55.65326]],[[37.61793,55.65326],[37.6195,55.65328],[37.62313,55.6533],[37.62396,55.65329],[37.62479,55.65325],[37.62557,55.65317],[37.63196,55.65236],[37.63294,55.65223],[37.63937,55.65141],[37.64034,55.65134],[37.64123,55.65134],[37.64203,55.65141],[37.64274,55.65153],[37.64337,55.65167],[37.64397,55.65185],[37.64422,55.65195],[37.64458,55.65209],[37.64506,55.65233],[37.64547,55.65257],[37.64806,55.65437]],[[37.64806,55.65437],[37.6489,55.65496],[37.6497,55.65551]],[[37.6497,55.65551],[37.65006,55.65577]],[[37.65006,55.65577],[37.6516,55.65684],[37.65199,55.65713],[37.65438,55.65916],[37.65467,55.65942],[37.65491,55.6597],[37.65526,55.6602],[37.65543,55.66044],[37.65648,55.66185],[37.65716,55.66276],[37.65739,55.66302],[37.65765,55.66328],[37.65846,55.664],[37.65863,55.66417],[37.65878,55.66435],[37.65892,55.66453],[37.65905,55.66471],[37.6599,55.66621],[37.65999,55.66635],[37.66009,55.66648],[37.66019,55.66661],[37.66032,55.66676],[37.66052,55.66695],[37.66069,55.6671],[37.6609,55.66726],[37.6611,55.6674],[37.66281,55.66849],[37.66338,55.66884],[37.66413,55.66926],[37.66506,55.66973],[37.66606,55.67019],[37.66705,55.6706],[37.66805,55.67096],[37.66909,55.6713],[37.67002,55.67158],[37.68075,55.67447],[37.68277,55.67501],[37.68339,55.67518],[37.68771,55.67634],[37.69333,55.67786],[37.69371,55.67797],[37.69415,55.67811],[37.69467,55.67831],[37.69514,55.67851],[37.69556,55.67872],[37.69597,55.67895],[37.69644,55.67925],[37.69681,55.67951],[37.6971,55.67975],[37.69905,55.68151],[37.69943,55.68182],[37.69984,55.68212],[37.70131,55.68307],[37.70156,55.68323],[37.70183,55.68337],[37.70211,55.6835],[37.70239,55.68361],[37.70433,55.68432],[37.70661,55.68514],[37.70698,55.68527],[37.7074,55.6854],[37.70904,55.68587],[37.70967,55.68606],[37.71036,55.68629],[37.71115,55.68657],[37.71502,55.68807],[37.71584,55.68836],[37.71878,55.68935],[37.7193,55.68953],[37.71983,55.68976],[37.72033,55.69004],[37.72079,55.69034],[37.72115,55.69064],[37.72303,55.69254],[37.72334,55.6928],[37.7237,55.69304],[37.72411,55.69327],[37.72431,55.69337],[37.72453,55.69346],[37.72738,55.69459],[37.72899,55.69523],[37.72923,55.69533],[37.72946,55.69544],[37.72966,55.69555],[37.72985,55.69566],[37.73006,55.6958],[37.73026,55.69594],[37.7306,55.69625],[37.73089,55.69658],[37.73114,55.69699],[37.73131,55.69746],[37.73134,55.69781],[37.73131,55.69816],[37.73121,55.69851],[37.73102,55.69887],[37.72943,55.70109],[37.72927,55.70138],[37.72913,55.70169],[37.72904,55.70198],[37.72898,55.70225],[37.72861,55.70599],[37.72851,55.70705],[37.72838,55.70831],[37.72838,55.70851],[37.7284,55.70872],[37.72844,55.70893],[37.7285,55.70914],[37.72933,55.71177],[37.72941,55.7122],[37.72942,55.71266],[37.72934,55.71307],[37.72915,55.71364],[37.7283,55.71571],[37.72818,55.71612],[37.72814,55.71653],[37.72816,55.71695],[37.72825,55.71736],[37.7284,55.71776],[37.72862,55.71816],[37.72891,55.71854],[37.72926,55.71891],[37.72966,55.71925],[37.73237,55.7213],[37.73268,55.72155],[37.73297,55.72182],[37.73323,55.7221],[37.73347,55.72238],[37.73651,55.72653],[37.73672,55.72688],[37.73686,55.72724],[37.73693,55.72761],[37.73694,55.72798],[37.73688,55.72835],[37.73675,55.72871],[37.73656,55.72907],[37.7363,55.72941],[37.73598,55.72973],[37.73561,55.73003],[37.73518,55.73031],[37.7347,55.73057],[37.73418,55.73079],[37.73362,55.73099],[37.73332,55.73107]],[[37.73332,55.73107],[37.73218,55.73139],[37.73007,55.73201],[37.72808,55.73259],[37.72565,55.7333]],[[37.72565,55.7333],[37.7251,55.73346],[37.72449,55.73366],[37.71887,55.73558],[37.71824,55.73583],[37.7177,55.73608],[37.71729,55.73632],[37.71682,55.73663],[37.7164,55.73697],[37.71604,55.73733],[37.71573,55.73772],[37.7155,55.7381],[37.71533,55.73851],[37.71522,55.73892],[37.71511,55.7398],[37.7151,55.74025],[37.71517,55.74067],[37.7153,55.74107],[37.7155,55.74147],[37.71576,55.74186],[37.71608,55.74223],[37.71627,55.74241],[37.72029,55.74586],[37.72051,55.74605],[37.72088,55.74646],[37.7212,55.74688],[37.72145,55.74731],[37.72164,55.74776],[37.72175,55.74821],[37.7218,55.74867],[37.72178,55.74912],[37.72169,55.74958],[37.72153,55.75003],[37.72131,55.75047],[37.7191,55.75395],[37.71845,55.75498],[37.71805,55.75552],[37.7176,55.75603],[37.71714,55.75648],[37.71654,55.75699],[37.71583,55.75752],[37.71507,55.758],[37.71428,55.75845],[37.7136,55.75879],[37.71058,55.76013],[37.70997,55.76043],[37.70941,55.76076],[37.7089,55.76111],[37.70844,55.76149],[37.70804,55.76188],[37.70771,55.7623],[37.70743,55.76273],[37.70723,55.76317],[37.70709,55.76362],[37.70686,55.76474],[37.70588,55.76949],[37.70579,55.76982],[37.70564,55.77019],[37.70547,55.7705],[37.70519,55.77089],[37.70334,55.77314],[37.70313,55.77347],[37.70296,55.77381],[37.70284,55.77414],[37.70275,55.77454],[37.70272,55.7749],[37.70274,55.77525],[37.70287,55.77583],[37.70291,55.77598],[37.70313,55.77647],[37.70379,55.77793],[37.70387,55.77824],[37.70389,55.77856],[37.70384,55.77887],[37.70372,55.77917],[37.70311,55.7803],[37.70249,55.78145]],[[37.70249,55.78145],[37.70219,55.78184],[37.70182,55.78221],[37.70142,55.7825],[37.70095,55.78278],[37.70033,55.78307],[37.69976,55.78326],[37.69915,55.78343],[37.6986,55.78353],[37.69421,55.78431],[37.69377,55.7844],[37.69317,55.78453],[37.6926,55.78468],[37.69204,55.78485],[37.6901,55.78552],[37.68948,55.78571],[37.68883,55.78588],[37.68535,55.78667],[37.68463,55.78686],[37.68393,55.78709],[37.68328,55.78735],[37.68266,55.78764],[37.68209,55.78796],[37.68157,55.7883],[37.6811,55.78867],[37.67937,55.79022]]]},"properties":{"kind":"line","mode":"subway","ref":"11","name":"Большая кольцевая линия (внутреннее кольцо)","colour":"#78C7C9"}},{"type":"Feature","geometry":{"type":"MultiLineString","coordinates":[[[37.46522,55.56047],[37.46672,55.56142],[37.46702,55.56163],[37.46727,55.56184],[37.46746,55.56202],[37.46847,55.56314],[37.46874,55.56348],[37.46899,55.56384],[37.46917,55.56421],[37.46932,55.56458],[37.46942,55.56495],[37.46947,55.56532],[37.46945,55.56653],[37.46941,55.56679],[37.46934,55.56706],[37.46787,55.57113],[37.46782,55.57133],[37.46756,55.57238],[37.46752,55.5726],[37.46751,55.57283],[37.46752,55.57304],[37.46757,55.57329],[37.46766,55.57353],[37.46809,55.57459],[37.46863,55.5759],[37.46879,55.57619],[37.46895,55.57641],[37.46915,55.57663],[37.46939,55.57684],[37.46967,55.57703],[37.46998,55.57721],[37.47031,55.57737],[37.47069,55.57752],[37.47105,55.57764],[37.47211,55.57799],[37.47255,55.57814],[37.47302,55.57836],[37.47345,55.5786],[37.47381,55.57888],[37.47412,55.57918],[37.47434,55.57949],[37.47449,55.57981],[37.47457,55.58015],[37.47458,55.58048],[37.47448,55.58144],[37.47447,55.58188],[37.47455,55.58232],[37.47472,55.58276],[37.47497,55.58319],[37.47869,55.58876],[37.47895,55.5892],[37.47914,55.58964],[37.47927,55.59009],[37.47933,55.59055],[37.47932,55.591],[37.47924,55.59146],[37.4791,55.59191],[37.47786,55.59495],[37.47774,55.59532],[37.47769,55.59569],[37.47771,55.59606],[37.47779,55.59642],[37.47794,55.59678],[37.47816,55.59713],[37.4791,55.59837],[37.48013,55.59972],[37.48031,55.59994],[37.48051,55.60014],[37.48074,55.60034],[37.48207,55.60137],[37.48228,55.60155],[37.48248,55.60174],[37.48271,55.602],[37.48288,55.60224],[37.48423,55.6045],[37.48461,55.60506],[37.48619,55.60702],[37.48704,55.60794],[37.48804,55.60915],[37.48826,55.60946],[37.48844,55.60978],[37.4886,55.6101],[37.48871,55.61043],[37.48879,55.61076],[37.48883,55.61109],[37.48884,55.61142],[37.48881,55.61174],[37.48875,55.61207],[37.48865,55.61239],[37.48852,55.6127],[37.48835,55.61302],[37.48815,55.61332],[37.48792,55.61362],[37.48767,55.6139],[37.48738,55.61418],[37.48559,55.61575],[37.48466,55.61657],[37.48426,55.6169],[37.48383,55.61722],[37.48239,55.61824],[37.48118,55.61909],[37.4798,55.62006],[37.47945,55.62035],[37.47911,55.6207],[37.47884,55.62107],[37.47865,55.62145],[37.47854,55.62183],[37.4785,55.62222],[37.47853,55.6226],[37.47864,55.62298],[37.47883,55.62336],[37.47908,55.62372],[37.47942,55.62407],[37.47982,55.6244],[37.4803,55.62471],[37.48084,55.625],[37.48142,55.62524],[37.48209,55.62545],[37.48274,55.6256],[37.48581,55.62613],[37.4884,55.62658],[37.48891,55.62669],[37.4894,55.62683],[37.48987,55.627],[37.49032,55.6272],[37.49072,55.62742],[37.49109,55.62766],[37.49142,55.62793],[37.49169,55.62822],[37.49189,55.62848],[37.49204,55.62875],[37.49215,55.62902],[37.49221,55.6293],[37.49223,55.62957],[37.49221,55.62985],[37.49215,55.63012],[37.49204,55.63038],[37.49086,55.63277],[37.49072,55.63311],[37.49063,55.63345],[37.49058,55.6338],[37.49059,55.63414],[37.49064,55.63448],[37.49073,55.63482],[37.49087,55.63516],[37.49106,55.63548],[37.49164,55.63637],[37.492,55.63682],[37.49245,55.63726],[37.49298,55.63766],[37.49358,55.63802],[37.49498,55.63876],[37.49551,55.63905],[37.49601,55.63935],[37.49648,55.63968],[37.49693,55.64001],[37.50038,55.64271],[37.50495,55.64617],[37.50725,55.64789],[37.51011,55.65004],[37.51107,55.65073],[37.51137,55.65098],[37.51159,55.65119],[37.51177,55.65141],[37.51194,55.65164],[37.51206,55.65185],[37.51216,55.65207],[37.51224,55.65229],[37.51229,55.65251],[37.51232,55.65273],[37.51232,55.65296],[37.5123,55.65317],[37.51224,55.65341],[37.51217,55.65364],[37.51207,55.65385],[37.51195,55.65406],[37.51182,55.65426],[37.50779,55.6594],[37.50759,55.65969],[37.50743,55.65999],[37.50731,55.6603],[37.50722,55.6606],[37.50717,55.66091],[37.50716,55.66122],[37.50719,55.66153],[37.50726,55.66183],[37.50736,55.66213],[37.5075,55.66243],[37.50768,55.66273],[37.50789,55.66302],[37.50816,55.66331],[37.50846,55.66359],[37.50879,55.66386],[37.50916,55.66411]],[[37.50916,55.66411],[37.50939,55.66425],[37.51805,55.66922],[37.5186,55.66957],[37.52148,55.67154],[37.52358,55.67296],[37.52404,55.67328],[37.52448,55.67358]],[[37.52448,55.67358],[37.52707,55.67535],[37.53905,55.68355],[37.54098,55.68485],[37.54518,55.68769],[37.54584,55.68811],[37.5508,55.69093],[37.55144,55.69125],[37.55213,55.69153],[37.55285,55.69177],[37.55359,55.69197],[37.55435,55.69214],[37.55514,55.69226],[37.55593,55.69235],[37.55673,55.6924],[37.55754,55.69241],[37.55835,55.69239],[37.55914,55.69232],[37.55991,55.69222],[37.56068,55.69208],[37.56142,55.69191],[37.56214,55.6917],[37.56283,55.69146],[37.56431,55.69087],[37.56504,55.69061],[37.57587,55.68689],[37.57693,55.68653],[37.58292,55.68447],[37.58362,55.68428],[37.58436,55.68413],[37.58511,55.68401],[37.58587,55.68394],[37.58663,55.68391],[37.5874,55.68392],[37.58815,55.68398],[37.58889,55.68407],[37.58958,55.68419],[37.59026,55.68436],[37.5909,55.68455],[37.59151,55.68478],[37.59208,55.68503],[37.59261,55.68532],[37.5931,55.68564],[37.59353,55.68598],[37.59606,55.68826],[37.59635,55.68849],[37.59666,55.68871],[37.597,55.68891],[37.59736,55.6891],[37.59774,55.68928],[37.59814,55.68944],[37.59856,55.68958],[37.599,55.68971],[37.59947,55.68983],[37.59995,55.68992],[37.60045,55.69],[37.60096,55.69006],[37.60147,55.6901],[37.602,55.69011],[37.60252,55.69011],[37.60303,55.69008],[37.60531,55.6899],[37.60939,55.68967],[37.61167,55.68955],[37.61204,55.68954],[37.61245,55.68954],[37.61284,55.68956],[37.61323,55.6896],[37.61359,55.68965],[37.61394,55.68971],[37.61431,55.6898],[37.61473,55.68992],[37.61662,55.69054],[37.6176,55.69077],[37.61866,55.69092],[37.62168,55.69109],[37.62293,55.69125],[37.6244,55.69153],[37.62564,55.69172],[37.63475,55.69289],[37.63568,55.69302],[37.6366,55.69319],[37.6375,55.6934],[37.63839,55.69364],[37.63923,55.6939],[37.64004,55.6942],[37.64083,55.69452],[37.6416,55.69489],[37.64363,55.69599],[37.64531,55.6969]],[[37.64515,55.69698],[37.64397,55.69634],[37.64348,55.69607],[37.64152,55.69501],[37.64076,55.69465],[37.63997,55.69432],[37.63914,55.69402],[37.63827,55.69375],[37.63738,55.69351],[37.63646,55.6933],[37.63553,55.69312],[37.63458,55.69298],[37.6256,55.69184],[37.62435,55.69164],[37.62287,55.69136],[37.62164,55.6912],[37.61864,55.69103],[37.61754,55.69088],[37.61652,55.69064],[37.6147,55.69004],[37.61434,55.68993],[37.61397,55.68984],[37.61358,55.68977],[37.6132,55.68971],[37.6128,55.68968],[37.6124,55.68966],[37.612,55.68965],[37.61161,55.68967],[37.6094,55.68979],[37.60534,55.69001],[37.60286,55.69021],[37.60234,55.69024],[37.60183,55.69024],[37.60131,55.69023],[37.6008,55.69019],[37.60031,55.69013],[37.59982,55.69006],[37.59934,55.68996],[37.59887,55.68985],[37.59842,55.68972],[37.59799,55.68957],[37.59758,55.68941],[37.59719,55.68923],[37.59683,55.68904],[37.59649,55.68883],[37.59617,55.68862],[37.59589,55.68839],[37.59329,55.68604],[37.59287,55.68571],[37.5924,55.6854],[37.5919,55.68513],[37.59135,55.68488],[37.59076,55.68466],[37.59013,55.68447],[37.58947,55.68431],[37.58879,55.68419],[37.58808,55.68411],[37.58735,55.68406],[37.58661,55.68405],[37.58587,55.68408],[37.58516,55.68415],[37.58446,55.68426],[37.58377,55.6844],[37.58311,55.68459],[37.57708,55.68666],[37.57601,55.68702],[37.56518,55.69073],[37.56446,55.691],[37.56285,55.69163],[37.56216,55.69188],[37.56143,55.69209],[37.56068,55.69227],[37.55991,55.69241],[37.55913,55.69251],[37.55833,55.69257],[37.55752,55.6926],[37.55671,55.69258],[37.5559,55.69253],[37.55511,55.69244],[37.55433,55.69232],[37.55357,55.69215],[37.55283,55.69195],[37.55212,55.69171],[37.55144,55.69144],[37.5508,55.69113],[37.54586,55.68831],[37.5452,55.6879],[37.54081,55.68493],[37.53498,55.68099],[37.52827,55.6764],[37.52298,55.6728]],[[37.52298,55.6728],[37.52238,55.67239],[37.52128,55.67164],[37.51828,55.66957],[37.51775,55.66924],[37.50908,55.66427]],[[37.50908,55.66427],[37.50855,55.66392],[37.5082,55.66364],[37.50789,55.66335],[37.50762,55.66306],[37.50739,55.66276],[37.50721,55.66245],[37.50707,55.66215],[37.50697,55.66184],[37.5069,55.66153],[37.50688,55.66122],[37.50689,55.66091],[37.50695,55.6606],[37.50704,55.66029],[37.50716,55.65999],[37.50733,55.65969],[37.50753,55.65939],[37.51154,55.65428],[37.51169,55.65406],[37.51181,55.65384],[37.5119,55.65362],[37.51197,55.6534],[37.51201,55.65316],[37.51203,55.65295],[37.51202,55.65272],[37.51199,55.6525],[37.51194,55.65228],[37.51186,55.65206],[37.51175,55.65185],[37.51162,55.65163],[37.51147,55.65142],[37.51128,55.65121],[37.51108,55.65102],[37.51085,55.65082],[37.5099,55.65013],[37.50703,55.64798],[37.50473,55.64626],[37.50113,55.64352],[37.49675,55.64009],[37.4963,55.63976],[37.49582,55.63944],[37.49533,55.63914],[37.4948,55.63885],[37.49342,55.63812],[37.49281,55.63776],[37.49227,55.63736],[37.49181,55.63692],[37.49145,55.63645],[37.49083,55.63552],[37.49064,55.63519],[37.4905,55.63485],[37.4904,55.6345],[37.49035,55.63416],[37.49035,55.63381],[37.4904,55.63347],[37.49049,55.63313],[37.49063,55.63279],[37.49178,55.63049],[37.49188,55.63022],[37.49195,55.62994],[37.49196,55.62966],[37.49194,55.62938],[37.49187,55.62911],[37.49176,55.62883],[37.4916,55.62856],[37.4914,55.6283],[37.49113,55.62803],[37.49082,55.62777],[37.49045,55.62752],[37.49004,55.6273],[37.4896,55.62711],[37.48914,55.62694],[37.48864,55.62681],[37.48813,55.62669],[37.48573,55.62628],[37.48266,55.62574],[37.48194,55.62558],[37.48128,55.62536],[37.48068,55.62511],[37.48013,55.62481],[37.47963,55.62449],[37.47921,55.62414],[37.47899,55.62391],[37.47886,55.62377],[37.47859,55.62339],[37.47841,55.62301],[37.4783,55.62262],[37.47826,55.62222],[37.4783,55.62182],[37.47842,55.62142],[37.47861,55.62103],[37.47889,55.62064],[37.47924,55.62028],[37.4796,55.61999],[37.48099,55.61901],[37.4822,55.61815],[37.48364,55.61713],[37.48407,55.61682],[37.48447,55.61649],[37.48539,55.61568],[37.48711,55.61417],[37.4874,55.61389],[37.48766,55.6136],[37.48789,55.6133],[37.48808,55.613],[37.48825,55.61269],[37.48838,55.61238],[37.48847,55.61206],[37.48854,55.61173],[37.48857,55.61141],[37.48856,55.61107],[37.48852,55.61074],[37.48844,55.61041],[37.48832,55.61008],[37.48817,55.60976],[37.48799,55.60945],[37.48777,55.60914],[37.48682,55.608],[37.48597,55.60707],[37.48438,55.60509],[37.48401,55.60455],[37.48266,55.60229],[37.4825,55.60206],[37.48228,55.60181],[37.48208,55.60161],[37.48186,55.60143],[37.48051,55.60039],[37.48028,55.60018],[37.48008,55.59997],[37.4799,55.59975],[37.47888,55.59842],[37.47791,55.59715],[37.4777,55.5968],[37.47755,55.59644],[37.47746,55.59607],[37.47744,55.5957],[37.4775,55.59533],[37.47761,55.59497],[37.47885,55.59192],[37.479,55.59147],[37.47907,55.59101],[37.47908,55.59056],[37.47902,55.5901],[37.4789,55.58965],[37.4787,55.58921],[37.47844,55.58877],[37.47474,55.58322],[37.47447,55.58278],[37.4743,55.58234],[37.47423,55.5819],[37.47424,55.58145],[37.47434,55.58049],[37.47433,55.58015],[37.47424,55.57982],[37.47408,55.57951],[37.47386,55.5792],[37.47357,55.57891],[37.47321,55.57864],[37.4728,55.5784],[37.47233,55.57819],[37.47191,55.57804],[37.47084,55.57769],[37.47046,55.57756],[37.47009,55.57742],[37.46976,55.57725],[37.46945,55.57707],[37.46918,55.57688],[37.46893,55.57667],[37.46872,55.57645],[37.46855,55.57622],[37.46841,55.57594],[37.46786,55.57462],[37.46743,55.57356],[37.46733,55.5733],[37.46728,55.57304],[37.46727,55.57282],[37.4673,55.57258],[37.46735,55.57236],[37.46927,55.56705],[37.46934,55.56678],[37.46937,55.56652],[37.46939,55.56532],[37.46935,55.56495],[37.46925,55.56458],[37.4691,55.56422],[37.46891,55.56385],[37.46867,55.56349],[37.4684,55.56316],[37.46781,55.5625],[37.46753,55.56224],[37.46717,55.56196],[37.46682,55.56171],[37.46502,55.56057]]]},"properties":{"kind":"line","mode":"subway","ref":"16","name":"Троицкая линия: Новомосковская => ЗИЛ","colour":"#007763"}},{"type":"Feature","geometry":{"type":"MultiLineString","coordinates":[[[37.55145,55.84718],[37.551,55.84706],[37.55051,55.84694],[37.54974,55.84677]],[[37.54974,55.84677],[37.54892,55.8466],[37.54766,55.84634],[37.54617,55.84603],[37.54581,55.84595],[37.54458,55.8457],[37.54347,55.84547],[37.53986,55.84471],[37.53846,55.84441],[37.52823,55.8423],[37.52583,55.84182],[37.52502,55.84164],[37.52447,55.8415],[37.52385,55.84132],[37.52357,55.84123],[37.52305,55.84106],[37.52251,55.84087],[37.52192,55.84064],[37.52146,55.84044],[37.52112,55.84026],[37.52058,55.83998],[37.52032,55.83983],[37.52003,55.83966],[37.51921,55.83911],[37.51837,55.83848],[37.51763,55.83795],[37.51703,55.83752],[37.5141,55.83544],[37.51247,55.83429],[37.51089,55.83318],[37.50906,55.83196],[37.50848,55.83158],[37.50778,55.8312],[37.50717,55.8309],[37.5065,55.83061],[37.50554,55.83021],[37.50214,55.8287],[37.50158,55.82844],[37.49978,55.82752],[37.49903,55.82718],[37.49838,55.82688],[37.4963,55.82594],[37.49403,55.82486],[37.49269,55.82423],[37.49147,55.82362],[37.49072,55.82326],[37.49011,55.82294],[37.48946,55.82254],[37.48897,55.82219],[37.48861,55.82186],[37.48822,55.82144],[37.48779,55.82087],[37.48715,55.81994],[37.48686,55.81944],[37.48665,55.8189],[37.48652,55.81843],[37.48648,55.81815],[37.48644,55.8178],[37.48645,55.81745],[37.48647,55.81712]],[[37.48647,55.81712],[37.48648,55.81685]],[[37.48648,55.81685],[37.48652,55.81653],[37.48657,55.81605],[37.48667,55.81549]],[[37.48667,55.81549],[37.4867,55.81514]],[[37.4867,55.81514],[37.48674,55.81483]],[[37.48674,55.81483],[37.48675,55.81477]],[[37.48675,55.81477],[37.48678,55.81452],[37.48683,55.81415],[37.48693,55.8137],[37.48707,55.81327],[37.48723,55.81289],[37.48737,55.81262]],[[37.48737,55.81262],[37.48754,55.81233]],[[37.48754,55.81233],[37.48775,55.81204],[37.48806,55.81165],[37.48843,55.81121],[37.48861,55.81101],[37.48903,55.81052],[37.48963,55.80978],[37.49092,55.8083],[37.49108,55.80812],[37.49598,55.80245],[37.49835,55.79973],[37.49899,55.799],[37.49984,55.79802],[37.5007,55.79702],[37.50139,55.79623],[37.50205,55.79543],[37.50245,55.79485],[37.50275,55.79439],[37.50303,55.79382],[37.50318,55.79344],[37.50337,55.79281],[37.50344,55.79255]],[[37.50344,55.79255],[37.50347,55.79242]],[[37.50347,55.79242],[37.50372,55.79124],[37.50376,55.79108],[37.50389,55.79045],[37.50414,55.78933]],[[37.50414,55.78933],[37.50421,55.78902]],[[37.50421,55.78902],[37.50427,55.78872],[37.50432,55.78849],[37.5046,55.7873],[37.50481,55.78634]],[[37.50481,55.78634],[37.50484,55.78624]],[[37.50484,55.78624],[37.50562,55.78265],[37.50616,55.78031],[37.5065,55.77889],[37.50658,55.77861],[37.50665,55.77841],[37.50678,55.7781],[37.50694,55.77779]],[[37.50694,55.77779],[37.50714,55.77745],[37.50734,55.77714],[37.50748,55.77693]],[[37.50748,55.77693],[37.50797,55.77624],[37.50854,55.77551],[37.50868,55.77536],[37.50928,55.77476],[37.51027,55.77379],[37.51091,55.77312],[37.51114,55.77287],[37.51186,55.77211],[37.51201,55.77195],[37.51268,55.77123],[37.51333,55.77056],[37.51376,55.77003],[37.51416,55.76953],[37.51473,55.76881],[37.51501,55.76851],[37.51686,55.76656],[37.51737,55.76602],[37.52049,55.76274],[37.52103,55.7622],[37.52148,55.76181],[37.5219,55.76143],[37.52231,55.76102],[37.52274,55.76056]],[[37.52274,55.76056],[37.52288,55.76041]],[[37.52288,55.76041],[37.52342,55.75983],[37.52371,55.75952],[37.52403,55.75919],[37.52463,55.75856],[37.52503,55.7581],[37.52563,55.7573],[37.52643,55.75623]],[[37.52643,55.75623],[37.52681,55.75571]],[[37.52681,55.75571],[37.52738,55.75493]],[[37.52738,55.75493],[37.52751,55.75475]],[[37.52751,55.75475],[37.5282,55.75386],[37.52951,55.75203],[37.52984,55.75161]],[[37.52984,55.75161],[37.53026,55.75105]],[[37.53026,55.75105],[37.53078,55.75031],[37.53098,55.74999],[37.53116,55.74968],[37.53136,55.74926],[37.53151,55.74892],[37.5316,55.74866],[37.53191,55.74755],[37.53223,55.74635],[37.53255,55.74518]],[[37.53255,55.74518],[37.53297,55.74342]],[[37.53297,55.74342],[37.53317,55.74236]],[[37.53317,55.74236],[37.5333,55.74159],[37.53332,55.74151]],[[37.53332,55.74151],[37.53338,55.74122],[37.53343,55.74103],[37.5335,55.74081]],[[37.5335,55.74081],[37.5337,55.74035],[37.53384,55.74011],[37.53397,55.7399],[37.5342,55.73959],[37.53445,55.73928],[37.53468,55.73903],[37.535,55.73871],[37.53556,55.73822],[37.53587,55.73796],[37.53624,55.73768],[37.53719,55.73705],[37.53821,55.73636]],[[37.53821,55.73636],[37.5398,55.73529]],[[37.5398,55.73529],[37.54064,55.73475],[37.54135,55.73425],[37.54228,55.73354]],[[37.54228,55.73354],[37.54244,55.73342]],[[37.54244,55.73342],[37.54287,55.73309],[37.54321,55.73278],[37.54353,55.73247],[37.5442,55.73176]],[[37.5442,55.73176],[37.54504,55.73085],[37.54572,55.73016]],[[37.54572,55.73016],[37.54614,55.72973],[37.54669,55.72916]],[[37.54669,55.72916],[37.54895,55.7268]],[[37.54895,55.7268],[37.54913,55.72661],[37.55007,55.72563],[37.55053,55.72518],[37.55111,55.72467],[37.55131,55.72451]],[[37.55131,55.72451],[37.55167,55.72426]],[[37.55167,55.72426],[37.55228,55.72387],[37.55298,55.72348],[37.55392,55.72304],[37.55477,55.72268]],[[37.55477,55.72268],[37.55566,55.72234]],[[37.55566,55.72234],[37.55616,55.72217],[37.5571,55.72187],[37.5582,55.72154],[37.56083,55.72074],[37.5613,55.72059],[37.56202,55.72037],[37.56722,55.71877],[37.56777,55.7186],[37.56919,55.71816]],[[37.56919,55.71816],[37.57018,55.71785]],[[37.57018,55.71785],[37.57118,55.71753]],[[37.57118,55.71753],[37.57162,55.71739]],[[37.57162,55.71739],[37.57212,55.7172],[37.57257,55.71702],[37.5733,55.7167],[37.57377,55.71648],[37.57508,55.71581],[37.57553,55.71556],[37.57586,55.71535]],[[37.57586,55.71535],[37.57882,55.71323]],[[37.57882,55.71323],[37.57922,55.71291]],[[37.57922,55.71291],[37.57937,55.71279],[37.5795,55.71265],[37.5796,55.71252],[37.58066,55.71098],[37.58094,55.71066],[37.58135,55.7103],[37.58297,55.70908],[37.58637,55.70695],[37.58664,55.70678],[37.58684,55.70665],[37.58702,55.70652],[37.58724,55.70636],[37.58754,55.7061]],[[37.58754,55.7061],[37.58769,55.70595],[37.58786,55.70577],[37.58843,55.7051],[37.5889,55.70455],[37.58922,55.70419],[37.59001,55.70325],[37.59062,55.70254],[37.59257,55.70027],[37.59293,55.69987],[37.59327,55.69948],[37.59401,55.69862],[37.59484,55.69765],[37.5951,55.69733],[37.59578,55.69654],[37.59612,55.69613],[37.59648,55.69579],[37.59691,55.69536],[37.59812,55.69433],[37.59856,55.69395],[37.59875,55.69379],[37.59902,55.69356],[37.6,55.69273],[37.60064,55.69221],[37.60125,55.69176],[37.60154,55.69155]],[[37.60154,55.69155],[37.60173,55.69145],[37.60202,55.69128],[37.60247,55.69103],[37.6029,55.69081],[37.60332,55.69062],[37.60389,55.69039],[37.60436,55.69023],[37.60474,55.69009],[37.60511,55.68998],[37.60569,55.68982],[37.60594,55.68975],[37.60675,55.68958],[37.60751,55.68942],[37.60812,55.68931],[37.60887,55.68922],[37.60956,55.68916],[37.61041,55.68909],[37.61081,55.68908],[37.61153,55.68907],[37.61229,55.68908],[37.61284,55.6891],[37.61326,55.68913],[37.61399,55.68919],[37.61442,55.68924],[37.6148,55.6893],[37.61671,55.68967]],[[37.61671,55.68967],[37.61738,55.6898]],[[37.61738,55.6898],[37.61888,55.6901],[37.62144,55.69062]],[[37.62144,55.69062],[37.62236,55.6908]],[[37.62236,55.6908],[37.62309,55.69094],[37.62376,55.69106],[37.62457,55.69118],[37.62565,55.69131],[37.62689,55.69147]],[[37.62689,55.69147],[37.63088,55.69199]],[[37.63088,55.69199],[37.63179,55.69209],[37.63377,55.69232],[37.63474,55.69247]],[[37.63474,55.69247],[37.63493,55.6925]],[[37.63493,55.6925],[37.63583,55.69266]],[[37.63583,55.69266],[37.63664,55.69284]],[[37.63664,55.69284],[37.6371,55.69295]],[[37.6371,55.69295],[37.6375,55.69305],[37.63783,55.69315],[37.63837,55.69331],[37.63925,55.6936],[37.64007,55.69391],[37.64053,55.69411],[37.64097,55.69431],[37.64139,55.69451],[37.64181,55.69472],[37.64341,55.6956],[37.64466,55.69626],[37.64575,55.69681],[37.64762,55.69784],[37.64977,55.69903],[37.65048,55.69947],[37.65129,55.69991],[37.65575,55.70232],[37.65641,55.7027],[37.65944,55.70431],[37.66001,55.70459],[37.66025,55.70471],[37.66158,55.70539],[37.66439,55.70696],[37.66478,55.7072],[37.66555,55.70766],[37.6696,55.7099],[37.67033,55.71025],[37.67079,55.71045],[37.67133,55.71067],[37.67196,55.71091],[37.67264,55.71115],[37.67324,55.71132]],[[37.67324,55.71132],[37.67441,55.71165],[37.67467,55.71173],[37.67784,55.71263],[37.6792,55.71303],[37.68036,55.7134],[37.68141,55.71373],[37.68299,55.71414],[37.68744,55.71548],[37.69003,55.71624],[37.6905,55.71638],[37.69264,55.71701],[37.69413,55.7174],[37.69507,55.71768],[37.69554,55.7178],[37.69708,55.71826],[37.6977,55.71844],[37.69956,55.71899],[37.70061,55.7193],[37.70287,55.72],[37.70378,55.72027],[37.7053,55.7207],[37.70664,55.72109],[37.70716,55.72125],[37.70868,55.72169],[37.70964,55.72198],[37.71043,55.72221],[37.71104,55.72238],[37.71171,55.72257],[37.71237,55.72275],[37.7145,55.72339]],[[37.7145,55.72339],[37.71531,55.72362]],[[37.71531,55.72362],[37.7171,55.72412],[37.71891,55.72466],[37.71944,55.72481],[37.72001,55.72497],[37.72092,55.72528],[37.72156,55.72553],[37.7222,55.72581],[37.72294,55.72618],[37.72355,55.72654],[37.72401,55.72683],[37.72464,55.72728],[37.72527,55.7278],[37.72573,55.72825],[37.72635,55.72899],[37.72678,55.72967],[37.72719,55.73036],[37.72726,55.73047]],[[37.72726,55.73047],[37.728,55.7317],[37.729,55.73338],[37.72919,55.7337]],[[37.72919,55.7337],[37.72957,55.73434]],[[37.72957,55.73434],[37.72973,55.73461],[37.73027,55.73551]],[[37.73027,55.73551],[37.73043,55.73577],[37.7306,55.73605]],[[37.7306,55.73605],[37.73077,55.73635]],[[37.73077,55.73635],[37.73092,55.7366],[37.73104,55.73679],[37.73121,55.73702],[37.73153,55.73739],[37.73211,55.73804],[37.73286,55.73888],[37.73324,55.7394],[37.73365,55.74004],[37.73407,55.74076],[37.73427,55.74116],[37.73445,55.74155],[37.73463,55.74196],[37.73477,55.74229],[37.73485,55.74251],[37.73503,55.74289],[37.73562,55.74432],[37.73577,55.74468],[37.73585,55.74486],[37.73598,55.74513],[37.73613,55.74538],[37.73631,55.74562],[37.73649,55.74586],[37.73687,55.74629],[37.7372,55.74657]],[[37.7372,55.74657],[37.73742,55.74677]],[[37.73742,55.74677],[37.73778,55.74704],[37.73808,55.74723],[37.73845,55.74746],[37.73922,55.74785],[37.73958,55.74804],[37.74105,55.7488],[37.74299,55.74975],[37.74348,55.75004],[37.74401,55.7504],[37.74459,55.75089],[37.74509,55.75135],[37.74537,55.7517],[37.74563,55.75209],[37.74577,55.75241],[37.74599,55.75291],[37.74613,55.75344],[37.74622,55.75404]],[[37.74622,55.75404],[37.74621,55.75481],[37.74621,55.75541],[37.74623,55.75575],[37.74618,55.75685]],[[37.74618,55.75685],[37.74616,55.7577]],[[37.74616,55.7577],[37.74612,55.75883],[37.74609,55.75998],[37.74604,55.76054],[37.74605,55.76107],[37.74606,55.76206],[37.74606,55.76223],[37.74607,55.76279],[37.74605,55.76316],[37.74601,55.76421],[37.74595,55.76628],[37.74593,55.76672],[37.7459,55.76716],[37.74585,55.76763],[37.74582,55.76781],[37.74576,55.76808],[37.74535,55.77005]],[[37.74535,55.77005],[37.74523,55.77051],[37.74507,55.77133],[37.7449,55.77216],[37.74477,55.77273],[37.7446,55.77343],[37.7445,55.77375],[37.7441,55.77566],[37.74402,55.77606],[37.74396,55.77644],[37.74391,55.77672],[37.74388,55.77702],[37.74374,55.77848],[37.74366,55.77926],[37.74361,55.77989],[37.74349,55.78123],[37.74337,55.78269]],[[37.74337,55.78269],[37.74332,55.78342]],[[37.74332,55.78342],[37.74311,55.78573],[37.74301,55.7868]],[[37.74301,55.7868],[37.74294,55.78772]],[[37.74294,55.78772],[37.74295,55.78815],[37.74298,55.78851],[37.74302,55.78885],[37.74311,55.78935],[37.7433,55.78998],[37.74355,55.79065],[37.74389,55.79166],[37.7442,55.79263]],[[37.7442,55.79263],[37.7444,55.79324]],[[37.7444,55.79324],[37.74451,55.79349]],[[37.74451,55.79349],[37.74493,55.79465],[37.74511,55.79517],[37.74521,55.79546],[37.74558,55.79648],[37.74576,55.79702],[37.74592,55.7975],[37.74599,55.79774],[37.74604,55.79798],[37.7461,55.79826],[37.74614,55.79853],[37.74616,55.79877],[37.74617,55.79901],[37.74619,55.79944],[37.74619,55.79984],[37.74616,55.80052],[37.74614,55.80136]],[[37.74614,55.80136],[37.74608,55.80258],[37.74604,55.80333],[37.74598,55.80465],[37.74597,55.80514],[37.74597,55.80557]],[[37.74597,55.80557],[37.74598,55.80711],[37.74596,55.80797],[37.74594,55.80827],[37.74589,55.80913],[37.74587,55.80937],[37.74586,55.80954],[37.74583,55.80975],[37.74578,55.81001],[37.74573,55.81027],[37.74567,55.81046],[37.7456,55.81069],[37.74545,55.81106],[37.74522,55.8115],[37.74507,55.81175],[37.74486,55.81208],[37.74466,55.81233],[37.74442,55.8126],[37.74431,55.81273],[37.7439,55.81314],[37.74341,55.81356],[37.74316,55.81374],[37.7429,55.81393],[37.74259,55.81413],[37.74194,55.81453],[37.74141,55.81483],[37.74059,55.81528],[37.73977,55.81575]],[[37.73977,55.81575],[37.7384,55.81653],[37.73787,55.81681],[37.73738,55.81706],[37.73675,55.81736],[37.73586,55.81777],[37.73538,55.81797],[37.73476,55.81822],[37.73396,55.81854],[37.73334,55.81877],[37.7321,55.81922],[37.731,55.81959],[37.72709,55.82091],[37.72599,55.82128],[37.72514,55.82157],[37.722,55.82263],[37.72156,55.82279],[37.72029,55.82322],[37.71964,55.82344],[37.7184,55.82386],[37.71525,55.82493],[37.71486,55.82506],[37.71396,55.82536],[37.71237,55.82589],[37.71172,55.82612],[37.71123,55.82629],[37.71072,55.82646],[37.71015,55.82665],[37.70901,55.82705],[37.70824,55.82729],[37.70698,55.82773],[37.70595,55.82813],[37.70572,55.82821],[37.70417,55.82879],[37.70251,55.82935],[37.70127,55.82978],[37.70015,55.83016],[37.69884,55.83059],[37.69523,55.83184],[37.69275,55.83269],[37.69245,55.83279],[37.69136,55.83315],[37.69008,55.83359],[37.68828,55.83417],[37.68731,55.83443],[37.68601,55.83474],[37.68552,55.83486],[37.6847,55.83506],[37.68344,55.83536],[37.68249,55.83558],[37.6809,55.83599],[37.67872,55.83654],[37.67823,55.83667],[37.67618,55.8372],[37.67557,55.83737],[37.67378,55.83784],[37.67244,55.83822],[37.67113,55.83858],[37.67037,55.83877]],[[37.67037,55.83877],[37.66905,55.83911]],[[37.66905,55.83911],[37.66805,55.83936],[37.66689,55.8397],[37.66549,55.84013],[37.66398,55.84055],[37.66366,55.84065]],[[37.66366,55.84065],[37.66296,55.84088]],[[37.66296,55.84088],[37.66136,55.84135],[37.66032,55.84166],[37.65671,55.84276],[37.65506,55.84326],[37.65313,55.84386],[37.65234,55.84408],[37.65162,55.84427],[37.65083,55.84444],[37.65003,55.84459],[37.64975,55.84463],[37.64948,55.84468],[37.6488,55.84477],[37.64819,55.84485],[37.64759,55.8449],[37.64619,55.84502],[37.64311,55.84531]],[[37.64311,55.84531],[37.64274,55.84535]],[[37.64274,55.84535],[37.64112,55.84547],[37.64018,55.84553],[37.63968,55.84557],[37.63888,55.84561],[37.63827,55.84564],[37.63643,55.84571]],[[37.63643,55.84571],[37.63517,55.84576]],[[37.63517,55.84576],[37.63392,55.8458],[37.63266,55.84583]],[[37.63266,55.84583],[37.63143,55.84586]],[[37.63143,55.84586],[37.63091,55.84589],[37.62931,55.84597],[37.62837,55.846],[37.62752,55.84603],[37.62707,55.84605]],[[37.62707,55.84605],[37.62643,55.84608]],[[37.62643,55.84608],[37.626,55.84609],[37.62439,55.84615],[37.62282,55.84621],[37.62208,55.84623],[37.62123,55.84626],[37.62088,55.84626],[37.61963,55.84627],[37.61844,55.84627],[37.61803,55.84628],[37.61719,55.84629],[37.61638,55.84632],[37.61513,55.84637]],[[37.61513,55.84637],[37.61478,55.84638],[37.61429,55.8464]],[[37.61429,55.8464],[37.61314,55.84645],[37.6122,55.84649],[37.61167,55.84652],[37.61131,55.84653],[37.61008,55.84661],[37.60837,55.84673],[37.60805,55.84675],[37.60679,55.84682],[37.60577,55.84686],[37.60531,55.84688],[37.60445,55.84691],[37.60372,55.84694],[37.60213,55.847],[37.60096,55.84705],[37.59887,55.84712],[37.5967,55.8472],[37.59441,55.8473],[37.59269,55.84736],[37.58765,55.84755],[37.58613,55.84761],[37.58589,55.84762],[37.58548,55.84763],[37.58352,55.8477],[37.58279,55.84773],[37.58205,55.84775],[37.58106,55.84779],[37.5808,55.84779]],[[37.5808,55.84779],[37.58012,55.84782]],[[37.58012,55.84782],[37.57976,55.84783],[37.57869,55.84788]],[[37.57869,55.84788],[37.57769,55.84793],[37.57712,55.84797],[37.57665,55.84802],[37.57608,55.8481],[37.57564,55.84817],[37.57443,55.84838],[37.57296,55.84863],[37.57115,55.84895],[37.57046,55.84907],[37.56978,55.84918],[37.56877,55.84933],[37.5683,55.84939],[37.56735,55.84951]],[[37.56735,55.84951],[37.56628,55.84961]],[[37.56628,55.84961],[37.56591,55.84965],[37.56548,55.84969],[37.56503,55.84971],[37.56446,55.84971],[37.56368,55.84971],[37.56277,55.8497],[37.56202,55.84968],[37.56114,55.84963],[37.56057,55.84958],[37.55981,55.84949],[37.55913,55.84938],[37.55852,55.84927],[37.55794,55.84916],[37.55723,55.84901],[37.55688,55.84892],[37.55659,55.84884],[37.55625,55.84874],[37.55597,55.84866],[37.55549,55.8485]],[[37.55549,55.8485],[37.55386,55.84795]],[[37.55386,55.84795],[37.55308,55.84769]],[[37.55308,55.84769],[37.55279,55.84759]],[[37.55279,55.84759],[37.55241,55.84746],[37.55201,55.84734],[37.55145,55.84718]],[[37.72775,55.73174],[37.72753,55.73137],[37.72697,55.73045]],[[37.72697,55.73045],[37.72651,55.72968],[37.7263,55.72933],[37.72613,55.72905],[37.72559,55.72832],[37.7253,55.72801],[37.72518,55.72787],[37.72456,55.72731],[37.72397,55.72688],[37.72343,55.72654],[37.72286,55.72621],[37.72215,55.72587],[37.72154,55.72563],[37.72098,55.72541],[37.71995,55.72508],[37.71888,55.72478],[37.71813,55.72457],[37.7169,55.72421],[37.71528,55.72373],[37.7152,55.72371]],[[37.7152,55.72371],[37.71433,55.72346]],[[37.71433,55.72346],[37.71266,55.72293],[37.71243,55.72286],[37.71126,55.7225],[37.70961,55.72203],[37.70858,55.72172],[37.70688,55.72124],[37.70527,55.72077]],[[37.70527,55.72077],[37.70452,55.72054],[37.70404,55.72041],[37.70332,55.72021],[37.70189,55.71978],[37.7012,55.71959],[37.69983,55.71922],[37.69912,55.71901],[37.69835,55.71878],[37.69758,55.71855],[37.69551,55.71794],[37.69402,55.71751],[37.69268,55.7171],[37.69047,55.71642],[37.68996,55.71627],[37.6874,55.71551],[37.68713,55.71543],[37.68429,55.71459],[37.68294,55.71419],[37.68149,55.71379],[37.67929,55.71317]],[[37.67929,55.71317],[37.67863,55.71298],[37.67776,55.71273],[37.67627,55.7123],[37.67578,55.71217],[37.67302,55.71132]],[[37.67302,55.71132],[37.67261,55.7112],[37.67189,55.71096],[37.6713,55.71074],[37.67075,55.71051],[37.67028,55.71031],[37.66956,55.70996],[37.66796,55.70909],[37.66566,55.70784],[37.66468,55.70729],[37.66339,55.70657],[37.66195,55.70576],[37.66149,55.70552],[37.6611,55.70531],[37.65882,55.70404],[37.65657,55.70284],[37.65637,55.70273],[37.65425,55.70159],[37.65195,55.70034],[37.64965,55.6991],[37.64749,55.69792],[37.64511,55.6966],[37.64282,55.69535],[37.64242,55.69512],[37.64175,55.69475]],[[37.64175,55.69475],[37.64135,55.69454],[37.64092,55.69434],[37.64048,55.69414],[37.64002,55.69395],[37.63921,55.69364],[37.63834,55.69335],[37.6378,55.69319],[37.63747,55.69309],[37.63708,55.69299]],[[37.63708,55.69299],[37.63661,55.69288]],[[37.63661,55.69288],[37.63584,55.69271]],[[37.63584,55.69271],[37.63553,55.69265],[37.63508,55.69257],[37.63492,55.69254]],[[37.63492,55.69254],[37.63451,55.69248]],[[37.63451,55.69248],[37.63375,55.69237],[37.63177,55.69212],[37.63087,55.69202]],[[37.63087,55.69202],[37.62687,55.69153]],[[37.62687,55.69153],[37.62554,55.69137],[37.62453,55.69124],[37.62373,55.69113],[37.62303,55.691],[37.62242,55.69087],[37.62232,55.69085]],[[37.62232,55.69085],[37.62142,55.69067]],[[37.62142,55.69067],[37.61941,55.69027],[37.61885,55.69016],[37.61735,55.68985]],[[37.61735,55.68985],[37.61669,55.68972]],[[37.61669,55.68972],[37.61638,55.68966],[37.6154,55.68947],[37.61477,55.68936],[37.6144,55.6893],[37.61396,55.68925],[37.61342,55.6892],[37.61283,55.68915],[37.61227,55.68914],[37.61154,55.68914],[37.6108,55.68915],[37.6104,55.68916],[37.60961,55.68922],[37.60891,55.68929],[37.60815,55.6894],[37.60755,55.6895],[37.60681,55.68965],[37.60648,55.68974]],[[37.60648,55.68974],[37.60642,55.68975]],[[37.60642,55.68975],[37.60599,55.68986],[37.60522,55.69007],[37.60496,55.69015]],[[37.60496,55.69015],[37.60488,55.69018]],[[37.60488,55.69018],[37.60453,55.6903],[37.60429,55.69038],[37.60381,55.69055]],[[37.60381,55.69055],[37.60341,55.69071],[37.60299,55.69088],[37.60253,55.69109],[37.602,55.69137],[37.60177,55.69149],[37.6013,55.6918],[37.6007,55.69224],[37.60017,55.69265],[37.59954,55.69321],[37.59936,55.69336],[37.5983,55.69425],[37.59751,55.69494],[37.59678,55.69556],[37.59658,55.69576],[37.59624,55.6961],[37.59576,55.69667],[37.59515,55.69736],[37.59425,55.69842],[37.59375,55.699],[37.59279,55.70014],[37.59236,55.70062],[37.592,55.70103],[37.59098,55.70224],[37.59057,55.70274],[37.59015,55.70321],[37.58986,55.70355],[37.5896,55.70386],[37.58941,55.7041],[37.58853,55.7051],[37.58819,55.70549],[37.58793,55.70579],[37.58777,55.70596],[37.58759,55.70613]],[[37.58759,55.70613],[37.5873,55.70638],[37.58709,55.70654],[37.5869,55.70668],[37.58669,55.70681],[37.58645,55.70696],[37.58431,55.7083],[37.58302,55.7091],[37.58231,55.70964],[37.58141,55.71032],[37.58101,55.71068],[37.58072,55.711],[37.57966,55.71254],[37.57955,55.71267],[37.57942,55.7128],[37.57928,55.71293]],[[37.57928,55.71293],[37.57887,55.71325]],[[37.57887,55.71325],[37.57759,55.71417],[37.57591,55.71538]],[[37.57591,55.71538],[37.57557,55.71559],[37.57513,55.71584],[37.57381,55.7165],[37.57335,55.71672],[37.57261,55.71705],[37.57215,55.71723],[37.57165,55.71742]],[[37.57165,55.71742],[37.57121,55.71756]],[[37.57121,55.71756],[37.57064,55.71775],[37.57022,55.71789]],[[37.57022,55.71789],[37.56923,55.71819]],[[37.56923,55.71819],[37.56781,55.71863],[37.56726,55.71881],[37.56501,55.71951],[37.56438,55.71969],[37.5621,55.72041],[37.56159,55.72056],[37.56133,55.72064],[37.56085,55.72078],[37.55991,55.72107],[37.55877,55.72141],[37.55822,55.72158],[37.55716,55.7219],[37.55598,55.72228],[37.5557,55.72237]],[[37.5557,55.72237],[37.55481,55.72272]],[[37.55481,55.72272],[37.55396,55.72307],[37.55344,55.72332],[37.55303,55.72351],[37.55233,55.7239],[37.55172,55.72429]],[[37.55172,55.72429],[37.55137,55.72454]],[[37.55137,55.72454],[37.55116,55.7247],[37.55058,55.72521],[37.55013,55.72565],[37.54968,55.72612],[37.5492,55.72662],[37.54901,55.72682]],[[37.54901,55.72682],[37.54676,55.72918]],[[37.54676,55.72918],[37.5462,55.72975],[37.54513,55.73087],[37.54428,55.73178]],[[37.54428,55.73178],[37.54363,55.73246],[37.54328,55.7328],[37.54292,55.73313],[37.54251,55.73345]],[[37.54251,55.73345],[37.54223,55.73366],[37.54188,55.73393],[37.54142,55.73428],[37.54049,55.73493]],[[37.54049,55.73493],[37.5399,55.73532],[37.53828,55.73637]],[[37.53828,55.73637],[37.53783,55.73668],[37.53724,55.73708],[37.53633,55.7377],[37.53598,55.73798],[37.53568,55.73825],[37.53512,55.7388]],[[37.53512,55.7388],[37.53461,55.73931],[37.53442,55.73953],[37.53413,55.73994],[37.534,55.74015],[37.53387,55.74038],[37.53366,55.74086],[37.53355,55.74121],[37.53327,55.74252],[37.53316,55.743],[37.53309,55.74331],[37.53306,55.74343]],[[37.53306,55.74343],[37.53273,55.74477],[37.53263,55.74519]],[[37.53263,55.74519],[37.53252,55.74582],[37.53243,55.74638],[37.53238,55.74657],[37.53211,55.74756],[37.5319,55.74835],[37.53181,55.74869],[37.53176,55.74883],[37.53163,55.74913],[37.53151,55.74934],[37.53132,55.74968],[37.53112,55.75001],[37.5309,55.75034],[37.53036,55.75107]],[[37.53036,55.75107],[37.52993,55.75163]],[[37.52993,55.75163],[37.52961,55.75205],[37.52914,55.75267],[37.52868,55.75335],[37.52758,55.75477]],[[37.52758,55.75477],[37.52745,55.75495]],[[37.52745,55.75495],[37.52688,55.75573]],[[37.52688,55.75573],[37.5265,55.75624]],[[37.5265,55.75624],[37.52618,55.75667],[37.5257,55.75731],[37.5251,55.75811],[37.52492,55.75832],[37.52472,55.75856],[37.52413,55.75919],[37.52381,55.75952],[37.52366,55.75969],[37.5235,55.75986]],[[37.5235,55.75986],[37.52282,55.76059],[37.52194,55.76151]],[[37.52194,55.76151],[37.52164,55.76184],[37.52083,55.76271],[37.52046,55.7631],[37.51985,55.76373],[37.51893,55.76468],[37.51872,55.76491],[37.51759,55.76609],[37.51742,55.76627],[37.51711,55.7666],[37.5159,55.76786],[37.51505,55.76875],[37.5144,55.76945],[37.51401,55.76987],[37.51385,55.77005],[37.51341,55.77056],[37.51294,55.77105],[37.51274,55.77126],[37.51196,55.77211],[37.51146,55.77264],[37.51128,55.77282],[37.51035,55.77382],[37.50994,55.77423],[37.50977,55.7744],[37.50936,55.77479],[37.50875,55.77539]],[[37.50875,55.77539],[37.50845,55.77572],[37.50803,55.7763],[37.50757,55.77695]],[[37.50757,55.77695],[37.50743,55.77715],[37.50729,55.77737],[37.50702,55.77781]],[[37.50702,55.77781],[37.50688,55.77811],[37.50675,55.77841],[37.50667,55.77862],[37.50659,55.7789],[37.50654,55.77911],[37.50623,55.78031],[37.50611,55.78086],[37.5057,55.78266],[37.50532,55.78444],[37.50493,55.78621],[37.50492,55.78625]],[[37.50492,55.78625],[37.5049,55.78635]],[[37.5049,55.78635],[37.50466,55.7873],[37.50451,55.788],[37.5044,55.7885],[37.50435,55.78872],[37.50428,55.78902]],[[37.50428,55.78902],[37.50422,55.78934]],[[37.50422,55.78934],[37.50412,55.78977],[37.50398,55.79044],[37.50382,55.79108]],[[37.50382,55.79108],[37.50373,55.79155],[37.50355,55.79242]],[[37.50355,55.79242],[37.50351,55.79255]],[[37.50351,55.79255],[37.50345,55.79282],[37.50329,55.79331],[37.50325,55.79345],[37.50311,55.79383],[37.50285,55.79435],[37.50255,55.79487],[37.50212,55.79545],[37.50148,55.79623],[37.50117,55.79659],[37.50078,55.79704],[37.49991,55.79804],[37.49961,55.79839],[37.49907,55.79902],[37.49844,55.79975],[37.49817,55.80005],[37.49677,55.80167],[37.49545,55.80317],[37.49396,55.8049],[37.49255,55.80652],[37.49115,55.80813],[37.49086,55.80848]],[[37.49086,55.80848],[37.49027,55.80915],[37.49016,55.8093]],[[37.49016,55.8093],[37.48978,55.80976],[37.4893,55.81033]],[[37.4893,55.81033],[37.48918,55.81047],[37.48851,55.81123],[37.4884,55.81137],[37.48815,55.81167],[37.48787,55.81206],[37.48767,55.81236]],[[37.48767,55.81236],[37.48749,55.81264]],[[37.48749,55.81264],[37.48736,55.81291],[37.48718,55.81329],[37.48704,55.8137],[37.48694,55.81415],[37.48689,55.81452],[37.48686,55.81469],[37.48685,55.81477]],[[37.48685,55.81477],[37.48684,55.81483]],[[37.48684,55.81483],[37.4868,55.81514]],[[37.4868,55.81514],[37.48676,55.81549]],[[37.48676,55.81549],[37.48669,55.81605],[37.48665,55.81647],[37.48664,55.81685]],[[37.48664,55.81685],[37.48664,55.81712]],[[37.48664,55.81712],[37.48666,55.81752],[37.48676,55.818],[37.48683,55.81821],[37.48692,55.81846],[37.48713,55.81896],[37.48735,55.81935],[37.48767,55.81981],[37.48822,55.82062],[37.48854,55.82106],[37.48873,55.82132],[37.48902,55.82167],[37.48955,55.82219],[37.48987,55.82245],[37.49027,55.82274],[37.49067,55.823],[37.49092,55.82314],[37.4915,55.82345],[37.4921,55.82373],[37.49255,55.82397],[37.49329,55.82433],[37.49543,55.82533],[37.49575,55.82549],[37.49648,55.82584],[37.49789,55.82648],[37.49824,55.82664],[37.49886,55.82692],[37.50072,55.82776],[37.50234,55.82849],[37.50321,55.82888],[37.5034,55.82897],[37.50521,55.82978],[37.50571,55.83001],[37.5059,55.8301],[37.50662,55.83046],[37.50732,55.83084],[37.50777,55.8311]],[[37.50777,55.8311],[37.50803,55.83125],[37.50855,55.83155],[37.50913,55.83193],[37.51015,55.8326],[37.51097,55.83315],[37.51219,55.83399],[37.51257,55.83425],[37.51421,55.8354],[37.51609,55.83674],[37.51824,55.83821],[37.51858,55.83845],[37.51952,55.83913],[37.52019,55.83958],[37.52049,55.83977],[37.52082,55.83996],[37.52122,55.84016],[37.5215,55.84029]],[[37.5215,55.84029],[37.52169,55.84038],[37.52198,55.8405]],[[37.52198,55.8405],[37.52233,55.84064],[37.52297,55.84086],[37.52466,55.84144],[37.52506,55.84155],[37.5259,55.84176],[37.52687,55.84197],[37.52813,55.84222],[37.53048,55.84271],[37.5311,55.84284],[37.53412,55.84346],[37.53713,55.84408],[37.53887,55.84444],[37.54012,55.8447],[37.54262,55.84523],[37.54289,55.84529],[37.54351,55.84542],[37.54461,55.84565],[37.54566,55.84587],[37.54613,55.84596],[37.54656,55.84605],[37.54733,55.84621],[37.54894,55.84655],[37.54983,55.84674],[37.55054,55.8469],[37.55101,55.84701],[37.55148,55.84713],[37.55197,55.84727],[37.5525,55.84743],[37.55284,55.84754]],[[37.55284,55.84754],[37.55314,55.84764]],[[37.55314,55.84764],[37.55392,55.8479]],[[37.55392,55.8479],[37.55554,55.84845]],[[37.55554,55.84845],[37.55586,55.84855],[37.55634,55.8487],[37.55665,55.84879],[37.55697,55.84887],[37.55732,55.84895],[37.55768,55.84904],[37.558,55.84911],[37.55856,55.84922],[37.55916,55.84933],[37.55982,55.84943],[37.56058,55.84953],[37.56115,55.84958],[37.562,55.84963],[37.56277,55.84965],[37.56369,55.84966],[37.56438,55.84966],[37.56501,55.84964],[37.56546,55.84962],[37.56589,55.84958],[37.56633,55.84954]],[[37.56633,55.84954],[37.56735,55.84944],[37.5674,55.84943]],[[37.5674,55.84943],[37.56828,55.84934],[37.56875,55.84929],[37.56976,55.84914],[37.57044,55.84902],[37.57112,55.8489]],[[37.57112,55.8489],[37.57357,55.84848],[37.5744,55.84834],[37.57562,55.84813],[37.57608,55.84806],[37.57665,55.84798],[37.57709,55.84793],[37.57769,55.84788],[37.57862,55.84784]],[[37.57862,55.84784],[37.57977,55.84778],[37.58011,55.84777]],[[37.58011,55.84777],[37.58079,55.84774]],[[37.58079,55.84774],[37.58297,55.84765],[37.5835,55.84763],[37.58546,55.84758],[37.58588,55.84756],[37.58613,55.84756],[37.58765,55.8475],[37.58938,55.84743],[37.59164,55.84733],[37.59248,55.8473],[37.59282,55.84729],[37.59474,55.84723],[37.59576,55.84718],[37.59669,55.84715],[37.59893,55.84707],[37.60095,55.847],[37.60213,55.84695],[37.60372,55.8469],[37.60444,55.84687],[37.60531,55.84684],[37.60658,55.84679],[37.60796,55.84671],[37.60836,55.84668],[37.60918,55.84663],[37.61007,55.84655],[37.61129,55.84648],[37.61167,55.84646],[37.6122,55.84642],[37.61314,55.84637],[37.61429,55.84633]],[[37.61429,55.84633],[37.61478,55.84631],[37.61512,55.84629]],[[37.61512,55.84629],[37.61613,55.84626],[37.61637,55.84625],[37.61714,55.84623],[37.61803,55.84622],[37.61847,55.84622],[37.61941,55.84623],[37.6209,55.84622],[37.62122,55.84621],[37.62204,55.8462],[37.62282,55.84616],[37.62378,55.84613],[37.62439,55.84611],[37.626,55.84605],[37.62643,55.84604]],[[37.62643,55.84604],[37.62707,55.84601]],[[37.62707,55.84601],[37.62752,55.84599],[37.62931,55.84592],[37.63091,55.84585],[37.63143,55.84583]],[[37.63143,55.84583],[37.63243,55.8458],[37.63266,55.84579]],[[37.63266,55.84579],[37.63392,55.84575],[37.63516,55.84571]],[[37.63516,55.84571],[37.63642,55.84566]],[[37.63642,55.84566],[37.63711,55.84564],[37.63827,55.8456],[37.63888,55.84558],[37.63967,55.84553],[37.64016,55.8455],[37.64111,55.84544],[37.64273,55.84531]],[[37.64273,55.84531],[37.6431,55.84527]],[[37.6431,55.84527],[37.64353,55.84523],[37.64617,55.84497],[37.6467,55.84492],[37.64757,55.84484],[37.64878,55.84472],[37.64944,55.84463],[37.64973,55.84458],[37.64999,55.84453],[37.65083,55.84438],[37.65157,55.84422],[37.65227,55.84403],[37.65265,55.84393],[37.6531,55.84381],[37.65502,55.84324],[37.65557,55.84306],[37.65667,55.84272],[37.6584,55.8422],[37.6593,55.84193],[37.66029,55.84162],[37.66114,55.84137],[37.66291,55.84084]],[[37.66291,55.84084],[37.66362,55.84061]],[[37.66362,55.84061],[37.66394,55.8405],[37.66547,55.84002],[37.66669,55.83964],[37.66836,55.83915],[37.6691,55.83895]],[[37.6691,55.83895],[37.66956,55.83884],[37.6704,55.83863]],[[37.6704,55.83863],[37.67246,55.83811],[37.67539,55.83736],[37.677,55.83695],[37.6782,55.83664],[37.6811,55.8359],[37.68249,55.83554],[37.68352,55.83528],[37.68402,55.83515],[37.68501,55.83489],[37.68688,55.83434],[37.68734,55.8342],[37.68889,55.83374],[37.68968,55.83348],[37.69038,55.83325],[37.69173,55.8328],[37.69223,55.83263],[37.69253,55.83252],[37.69457,55.83183],[37.6949,55.83172],[37.69527,55.8316],[37.69765,55.83084],[37.6983,55.83064],[37.69951,55.83023],[37.70037,55.82995],[37.70119,55.82968],[37.70242,55.82925],[37.70308,55.82903],[37.70457,55.82852],[37.70588,55.82805],[37.70642,55.82787],[37.70817,55.82725],[37.70861,55.82712],[37.70926,55.82691],[37.71135,55.82619],[37.71206,55.82595],[37.7141,55.82526],[37.71518,55.82489],[37.71683,55.82433],[37.71854,55.82375],[37.71957,55.8234],[37.72024,55.82318],[37.72197,55.8226],[37.72232,55.82248],[37.72505,55.82155],[37.72595,55.82125],[37.72705,55.82088],[37.72781,55.82062],[37.73055,55.81969],[37.73096,55.81955],[37.73206,55.81919],[37.73311,55.81881],[37.73393,55.81851],[37.73471,55.8182],[37.73582,55.81775],[37.7367,55.81734],[37.73733,55.81703],[37.73833,55.81649],[37.73972,55.81572]],[[37.73972,55.81572],[37.74055,55.81526],[37.74115,55.81491],[37.74136,55.8148]],[[37.74136,55.8148],[37.7419,55.81449]],[[37.7419,55.81449],[37.74261,55.81406],[37.74287,55.81388],[37.74332,55.81354],[37.74363,55.81328],[37.74396,55.81299],[37.74422,55.81271],[37.74448,55.81242],[37.7447,55.81214],[37.74494,55.81181],[37.74514,55.81148],[37.74534,55.81111],[37.74548,55.81077],[37.74554,55.81058],[37.7456,55.81042],[37.74574,55.80974],[37.7458,55.80931],[37.74582,55.80887],[37.74583,55.80872],[37.74586,55.80826],[37.74589,55.80778],[37.74591,55.80692],[37.74588,55.80514],[37.74596,55.80362],[37.74596,55.80334],[37.74603,55.80166],[37.74604,55.80151],[37.74606,55.80076],[37.74608,55.8004],[37.74609,55.8],[37.7461,55.79901],[37.74608,55.79877],[37.74606,55.79852],[37.746,55.7982],[37.74596,55.79797],[37.74579,55.79741],[37.74547,55.7964],[37.74527,55.79584],[37.74485,55.79466],[37.74431,55.79325]],[[37.74431,55.79325],[37.7442,55.79289],[37.74412,55.79263]],[[37.74412,55.79263],[37.74388,55.79192],[37.74374,55.79151],[37.74361,55.7911],[37.74348,55.79065]],[[37.74348,55.79065],[37.74309,55.78954],[37.74305,55.78934],[37.74301,55.78918],[37.74295,55.78885],[37.74289,55.78851]],[[37.74289,55.78851],[37.74286,55.78797],[37.74286,55.78772]],[[37.74286,55.78772],[37.74288,55.78754],[37.74293,55.7868]],[[37.74293,55.7868],[37.74303,55.78573],[37.74319,55.78394],[37.74323,55.78342]],[[37.74323,55.78342],[37.74329,55.78269]],[[37.74329,55.78269],[37.74334,55.78213],[37.74342,55.78123],[37.7435,55.78033],[37.74353,55.77989],[37.74359,55.77926],[37.74366,55.77851],[37.74378,55.77728]],[[37.74378,55.77728],[37.7438,55.77706],[37.74384,55.77672],[37.74388,55.77643],[37.74394,55.77606],[37.74402,55.77566],[37.74417,55.77494],[37.74429,55.77435],[37.74442,55.77379],[37.74456,55.77317],[37.7448,55.77215],[37.74496,55.77139],[37.74515,55.7705],[37.74535,55.7696],[37.74569,55.76807]],[[37.74569,55.76807],[37.74574,55.76781],[37.74577,55.76762],[37.74583,55.76716],[37.74586,55.76672],[37.74587,55.76627],[37.74587,55.766],[37.74592,55.76422],[37.74595,55.76316],[37.74596,55.76282],[37.74596,55.7624],[37.74595,55.76206],[37.74594,55.76146],[37.7459,55.76097],[37.74589,55.76058],[37.74587,55.75994],[37.74591,55.7589],[37.74593,55.75767]],[[37.74593,55.75767],[37.74596,55.75706],[37.74596,55.75682]],[[37.74596,55.75682],[37.74597,55.75613],[37.74598,55.75594],[37.74603,55.75527],[37.74606,55.75444],[37.74609,55.75404],[37.74601,55.75346],[37.74588,55.75292],[37.74568,55.75242],[37.74555,55.75214],[37.74523,55.75167],[37.74499,55.75138],[37.74453,55.75092],[37.74395,55.75043],[37.74348,55.75012],[37.74293,55.74978],[37.74109,55.74889],[37.74036,55.74852],[37.74015,55.74842],[37.73995,55.74832],[37.73904,55.74785],[37.73869,55.74766],[37.73849,55.74756],[37.7377,55.74707],[37.73739,55.74685],[37.73733,55.7468]],[[37.73733,55.7468],[37.73712,55.74661]],[[37.73712,55.74661],[37.73676,55.74627],[37.73652,55.74599],[37.73636,55.74579],[37.73618,55.74556],[37.73603,55.74534],[37.73587,55.74505],[37.7358,55.7449],[37.73566,55.7446],[37.73539,55.74396],[37.73521,55.74355],[37.735,55.74306],[37.73491,55.74286],[37.73453,55.74194],[37.73433,55.74148],[37.73426,55.74132],[37.73416,55.74108],[37.73394,55.74068],[37.73355,55.74006],[37.7333,55.73962],[37.7331,55.73932],[37.73271,55.73883],[37.73252,55.73861],[37.73232,55.73839],[37.73197,55.73798]],[[37.73197,55.73798],[37.73139,55.73735],[37.73111,55.73701],[37.73092,55.73676],[37.7308,55.73656],[37.73072,55.7364],[37.73069,55.73636]],[[37.73069,55.73636],[37.73052,55.73607]],[[37.73052,55.73607],[37.73035,55.73579],[37.73019,55.73553],[37.73007,55.73533],[37.72992,55.73507],[37.7298,55.73487],[37.72969,55.73468],[37.72948,55.73434]],[[37.72948,55.73434],[37.7288,55.73346],[37.72855,55.73308],[37.72825,55.73259]],[[37.72825,55.73259],[37.72775,55.73174]]]},"properties":{"kind":"line","mode":"train","ref":"14","name":"Московское Центральное Кольцо (против часовой)","colour":"#EF161E"}},{"type":"Feature","geometry":{"type":"Point","coordinates":[37.66155,55.88718]},"properties":{"kind":"station","name":"Медведково","mode":"subway","colour":"orange"}},{"type":"Feature","geometry":{"type":"Point","coordinates":[37.66411,55.86963]},"properties":{"kind":"station","name":"Бабушкинская","mode":"subway","colour":"orange"}},{"type":"Feature","geometry":{"type":"Point","coordinates":[37.75099,55.7885]},"properties":{"kind":"station","name":"Партизанская","mode":"subway","colour":"blue"}},{"type":"Feature","geometry":{"type":"Point","coordinates":[37.72128,55.78331]},"properties":{"kind":"station","name":"Семёновская","mode":"subway","colour":"blue"}},{"type":"Feature","geometry":{"type":"Point","coordinates":[37.48337,55.73951]},"properties":{"kind":"station","name":"Филёвский парк","mode":"subway","colour":"lightblue"}},{"type":"Feature","geometry":{"type":"Point","coordinates":[37.49774,55.74373]},"properties":{"kind":"station","name":"Багратионовская","mode":"subway","colour":"lightblue"}},{"type":"Feature","geometry":{"type":"Point","coordinates":[37.51483,55.74613]},"properties":{"kind":"station","name":"Фили","mode":"subway","colour":"lightblue"}},{"type":"Feature","geometry":{"type":"Point","coordinates":[37.53439,55.73999]},"properties":{"kind":"station","name":"Кутузовская","mode":"subway","colour":"lightblue"}},{"type":"Feature","geometry":{"type":"Point","coordinates":[37.54841,55.73883]},"properties":{"kind":"station","name":"Студенческая","mode":"subway","colour":"lightblue"}},{"type":"Feature","geometry":{"type":"Point","coordinates":[37.70379,55.78171]},"properties":{"kind":"station","name":"Электрозаводская","mode":"subway","colour":"blue"}},{"type":"Feature","geometry":{"type":"Point","coordinates":[37.68055,55.77304]},"properties":{"kind":"station","name":"Бауманская","mode":"subway","colour":"blue"}},{"type":"Feature","geometry":{"type":"Point","coordinates":[37.62178,55.75665]},"properties":{"kind":"station","name":"Площадь Революции","mode":"subway","colour":"blue"}},{"type":"Feature","geometry":{"type":"Point","coordinates":[37.60698,55.75209]},"properties":{"kind":"station","name":"Арбатская","mode":"subway","colour":"blue"}},{"type":"Feature","geometry":{"type":"Point","coordinates":[37.41694,55.74076]},"properties":{"kind":"station","name":"Молодёжная","mode":"subway","colour":"blue"}},{"type":"Feature","geometry":{"type":"Point","coordinates":[37.46714,55.73599]},"properties":{"kind":"station","name":"Пионерская","mode":"subway","colour":"lightblue"}},{"type":"Feature","geometry":{"type":"Point","coordinates":[37.58182,55.74739]},"properties":{"kind":"station","name":"Смоленская","mode":"subway","colour":"blue"}},{"type":"Feature","geometry":{"type":"Point","coordinates":[37.62614,55.76075]},"properties":{"kind":"station","name":"Кузнецкий Мост","mode":"subway","colour":"violet"}},{"type":"Feature","geometry":{"type":"Point","coordinates":[37.6519,55.74047]},"properties":{"kind":"station","name":"Таганская","mode":"subway","colour":"violet"}},{"type":"Feature","geometry":{"type":"Point","coordinates":[37.66588,55.73186]},"properties":{"kind":"station","name":"Пролетарская","mode":"subway","colour":"violet"}},{"type":"Feature","geometry":{"type":"Point","coordinates":[37.68689,55.72524]},"properties":{"kind":"station","name":"Волгоградский проспект","mode":"subway","colour":"violet"}},{"type":"Feature","geometry":{"type":"Point","coordinates":[37.7315,55.70881]},"properties":{"kind":"station","name":"Текстильщики","mode":"subway","colour":"violet"}},{"type":"Feature","geometry":{"type":"Point","coordinates":[37.76578,55.7056]},"properties":{"kind":"station","name":"Кузьминки","mode":"subway","colour":"violet"}},{"type":"Feature","geometry":{"type":"Point","coordinates":[37.81792,55.71564]},"properties":{"kind":"station","name":"Выхино","mode":"subway","colour":"violet"}},{"type":"Feature","geometry":{"type":"Point","coordinates":[37.79332,55.71695]},"properties":{"kind":"station","name":"Рязанский проспект","mode":"subway","colour":"violet"}},{"type":"Feature","geometry":{"type":"Point","coordinates":[37.60066,55.75185]},"properties":{"kind":"station","name":"Арбатская","mode":"subway","colour":"lightblue"}},{"type":"Feature","geometry":{"type":"Point","coordinates":[37.54137,55.75009]},"properties":{"kind":"station","name":"Деловой центр","mode":"subway","colour":"lightblue"}},{"type":"Feature","geometry":{"type":"Point","coordinates":[37.60868,55.7524]},"properties":{"kind":"station","name":"Александровский сад","mode":"subway","colour":"lightblue"}},{"type":"Feature","geometry":{"type":"Point","coordinates":[37.56565,55.74368]},"properties":{"kind":"station","name":"Киевская","mode":"subway","colour":"lightblue"}},{"type":"Feature","geometry":{"type":"Point","coordinates":[37.47079,55.7296]},"properties":{"kind":"station","name":"Славянский бульвар","mode":"subway","colour":"blue"}},{"type":"Feature","geometry":{"type":"Point","coordinates":[37.81675,55.75177]},"properties":{"kind":"station","name":"Новогиреево","mode":"subway","colour":"yellow"}},{"type":"Feature","geometry":{"type":"Point","coordinates":[37.78648,55.7512]},"properties":{"kind":"station","name":"Перово","mode":"subway","colour":"yellow"}},{"type":"Feature","geometry":{"type":"Point","coordinates":[37.74949,55.75757]},"properties":{"kind":"station","name":"Шоссе Энтузиастов","mode":"subway","colour":"yellow"}},{"type":"Feature","geometry":{"type":"Point","coordinates":[37.53423,55.74831]},"properties":{"kind":"station","name":"Москва-Сити","mode":"subway","colour":"lightblue"}},{"type":"Feature","geometry":{"type":"Point","coordinates":[37.50822,55.61886]},"properties":{"kind":"station","name":"Тёплый Стан","mode":"subway","colour":"orange"}},{"type":"Feature","geometry":{"type":"Point","coordinates":[37.54053,55.65709]},"properties":{"kind":"station","name":"Калужская","mode":"subway","colour":"orange"}},{"type":"Feature","geometry":{"type":"Point","coordinates":[37.5547,55.67028]},"properties":{"kind":"station","name":"Новые Черёмушки","mode":"subway","colour":"orange"}},{"type":"Feature","geometry":{"type":"Point","coordinates":[37.53341,55.60631]},"properties":{"kind":"station","name":"Ясенево","mode":"subway","colour":"orange"}},{"type":"Feature","geometry":{"type":"Point","coordinates":[37.73434,55.81468]},"properties":{"kind":"station","name":"Бульвар Рокоссовского","mode":"subway","colour":"red"}},{"type":"Feature","geometry":{"type":"Point","coordinates":[37.74503,55.80388]},"properties":{"kind":"station","name":"Черкизовская","mode":"subway","colour":"red"}},{"type":"Feature","geometry":{"type":"Point","coordinates":[37.71535,55.79637]},"properties":{"kind":"station","name":"Преображенская площадь","mode":"subway","colour":"red"}},{"type":"Feature","geometry":{"type":"Point","coordinates":[37.47621,55.85501]},"properties":{"kind":"station","name":"Речной вокзал","mode":"subway","colour":"green"}},{"type":"Feature","geometry":{"type":"Point","coordinates":[37.48671,55.84006]},"properties":{"kind":"station","name":"Водный стадион","mode":"subway","colour":"green"}},{"type":"Feature","geometry":{"type":"Point","coordinates":[37.49802,55.81905]},"properties":{"kind":"station","name":"Войковская","mode":"subway","colour":"green"}},{"type":"Feature","geometry":{"type":"Point","coordinates":[37.53315,55.8004]},"properties":{"kind":"station","name":"Аэропорт","mode":"subway","colour":"green"}},{"type":"Feature","geometry":{"type":"Point","coordinates":[37.55821,55.78974]},"properties":{"kind":"station","name":"Динамо","mode":"subway","colour":"green"}},{"type":"Feature","geometry":{"type":"Point","coordinates":[37.68025,55.78882]},"properties":{"kind":"station","name":"Сокольники","mode":"subway","colour":"red"}},{"type":"Feature","geometry":{"type":"Point","coordinates":[37.65603,55.77521]},"properties":{"kind":"station","name":"Комсомольская","mode":"subway","colour":"red"}},{"type":"Feature","geometry":{"type":"Point","coordinates":[37.66766,55.78036]},"properties":{"kind":"station","name":"Красносельская","mode":"subway","colour":"red"}},{"type":"Feature","geometry":{"type":"Point","coordinates":[37.61651,55.75777]},"properties":{"kind":"station","name":"Охотный ряд","mode":"subway","colour":"red"}},{"type":"Feature","geometry":{"type":"Point","coordinates":[37.62786,55.75987]},"properties":{"kind":"station","name":"Лубянка","mode":"subway","colour":"red"}},{"type":"Feature","geometry":{"type":"Point","coordinates":[37.63903,55.76587]},"properties":{"kind":"station","name":"Чистые пруды","mode":"subway","colour":"red"}},{"type":"Feature","geometry":{"type":"Point","coordinates":[37.65271,55.85521]},"properties":{"kind":"station","name":"Свиблово","mode":"subway","colour":"orange"}},{"type":"Feature","geometry":{"type":"Point","coordinates":[37.63825,55.84484]},"properties":{"kind":"station","name":"Ботанический сад","mode":"subway","colour":"orange"}},{"type":"Feature","geometry":{"type":"Point","coordinates":[37.72006,55.75253]},"properties":{"kind":"station","name":"Авиамоторная","mode":"subway","colour":"yellow"}},{"type":"Feature","geometry":{"type":"Point","coordinates":[37.6832,55.7472]},"properties":{"kind":"station","name":"Площадь Ильича","mode":"subway","colour":"yellow"}},{"type":"Feature","geometry":{"type":"Point","coordinates":[37.65353,55.74132]},"properties":{"kind":"station","name":"Марксистская","mode":"subway","colour":"yellow"}},{"type":"Feature","geometry":{"type":"Point","coordinates":[37.6365,55.7937]},"properties":{"kind":"station","name":"Рижская","mode":"subway","colour":"orange"}},{"type":"Feature","geometry":{"type":"Point","coordinates":[37.63198,55.78085]},"properties":{"kind":"station","name":"Проспект Мира","mode":"subway","colour":"orange"}},{"type":"Feature","geometry":{"type":"Point","coordinates":[37.6312,55.77296]},"properties":{"kind":"station","name":"Сухаревская","mode":"subway","colour":"orange"}},{"type":"Feature","geometry":{"type":"Point","coordinates":[37.63747,55.76649]},"properties":{"kind":"station","name":"Тургеневская","mode":"subway","colour":"orange"}},{"type":"Feature","geometry":{"type":"Point","coordinates":[37.62734,55.74092]},"properties":{"kind":"station","name":"Третьяковская","mode":"subway","colour":"orange"}},{"type":"Feature","geometry":{"type":"Point","coordinates":[37.61091,55.7305]},"properties":{"kind":"station","name":"Октябрьская","mode":"subway","colour":"orange"}},{"type":"Feature","geometry":{"type":"Point","coordinates":[37.6077,55.71999]},"properties":{"kind":"station","name":"Шаболовская","mode":"subway","colour":"orange"}},{"type":"Feature","geometry":{"type":"Point","coordinates":[37.60381,55.74543]},"properties":{"kind":"station","name":"Кропоткинская","mode":"subway","colour":"red"}},{"type":"Feature","geometry":{"type":"Point","coordinates":[37.61017,55.75123]},"properties":{"kind":"station","name":"Библиотека имени Ленина","mode":"subway","colour":"red"}},{"type":"Feature","geometry":{"type":"Point","coordinates":[37.56421,55.72338]},"properties":{"kind":"station","name":"Спортивная","mode":"subway","colour":"red"}},{"type":"Feature","geometry":{"type":"Point","coordinates":[37.57833,55.72688]},"properties":{"kind":"station","name":"Фрунзенская","mode":"subway","colour":"red"}},{"type":"Feature","geometry":{"type":"Point","coordinates":[37.58621,55.70762]},"properties":{"kind":"station","name":"Ленинский проспект","mode":"subway","colour":"orange"}},{"type":"Feature","geometry":{"type":"Point","coordinates":[37.57351,55.68781]},"properties":{"kind":"station","name":"Академическая","mode":"subway","colour":"orange"}},{"type":"Feature","geometry":{"type":"Point","coordinates":[37.5629,55.67793]},"properties":{"kind":"station","name":"Профсоюзная","mode":"subway","colour":"orange"}},{"type":"Feature","geometry":{"type":"Point","coordinates":[37.52568,55.64278]},"properties":{"kind":"station","name":"Беляево","mode":"subway","colour":"orange"}},{"type":"Feature","geometry":{"type":"Point","coordinates":[37.5913,55.73581]},"properties":{"kind":"station","name":"Парк Культуры","mode":"subway","colour":"brown"}},{"type":"Feature","geometry":{"type":"Point","coordinates":[37.6094,55.72978]},"properties":{"kind":"station","name":"Октябрьская","mode":"subway","colour":"brown"}},{"type":"Feature","geometry":{"type":"Point","coordinates":[37.58272,55.74881]},"properties":{"kind":"station","name":"Смоленская","mode":"subway","colour":"lightblue"}},{"type":"Feature","geometry":{"type":"Point","coordinates":[37.59509,55.77017]},"properties":{"kind":"station","name":"Маяковская","mode":"subway","colour":"green"}},{"type":"Feature","geometry":{"type":"Point","coordinates":[37.61791,55.77087]},"properties":{"kind":"station","name":"Цветной бульвар","mode":"subway","colour":"#a0a2a3"}},{"type":"Feature","geometry":{"type":"Point","coordinates":[37.55414,55.60099]},"properties":{"kind":"station","name":"Новоясеневская","mode":"subway","colour":"orange"}},{"type":"Feature","geometry":{"type":"Point","coordinates":[37.63784,55.7305]},"properties":{"kind":"station","name":"Павелецкая","mode":"subway","colour":"green"}},{"type":"Feature","geometry":{"type":"Point","coordinates":[37.63815,55.73232]},"properties":{"kind":"station","name":"Павелецкая","mode":"subway","colour":"brown"}},{"type":"Feature","geometry":{"type":"Point","coordinates":[37.61919,55.75751]},"properties":{"kind":"station","name":"Театральная","mode":"subway","colour":"green"}},{"type":"Feature","geometry":{"type":"Point","coordinates":[37.6292,55.74143]},"properties":{"kind":"station","name":"Новокузнецкая","mode":"subway","colour":"green"}},{"type":"Feature","geometry":{"type":"Point","coordinates":[37.60631,55.7649]},"properties":{"kind":"station","name":"Тверская","mode":"subway","colour":"green"}},{"type":"Feature","geometry":{"type":"Point","coordinates":[37.65777,55.70734]},"properties":{"kind":"station","name":"Автозаводская","mode":"subway","colour":"green"}},{"type":"Feature","geometry":{"type":"Point","coordinates":[37.66392,55.67848]},"properties":{"kind":"station","name":"Коломенская","mode":"subway","colour":"green"}},{"type":"Feature","geometry":{"type":"Point","coordinates":[37.66444,55.69362]},"properties":{"kind":"station","name":"Технопарк","mode":"subway","colour":"green"}},{"type":"Feature","geometry":{"type":"Point","coordinates":[37.63175,55.77963]},"properties":{"kind":"station","name":"Проспект Мира","mode":"subway","colour":"brown"}},{"type":"Feature","geometry":{"type":"Point","coordinates":[37.62442,55.72911]},"properties":{"kind":"station","name":"Добрынинская","mode":"subway","colour":"brown"}},{"type":"Feature","geometry":{"type":"Point","coordinates":[37.65132,55.74166]},"properties":{"kind":"station","name":"Таганская","mode":"subway","colour":"brown"}},{"type":"Feature","geometry":{"type":"Point","coordinates":[37.55463,55.54811]},"properties":{"kind":"station","name":"Улица Скобелевская","mode":"subway","colour":"#bac8e8"}},{"type":"Feature","geometry":{"type":"Point","coordinates":[37.54321,55.54543]},"properties":{"kind":"station","name":"Бульвар Адмирала Ушакова","mode":"subway","colour":"#bac8e8"}},{"type":"Feature","geometry":{"type":"Point","coordinates":[37.53072,55.54169]},"properties":{"kind":"station","name":"Улица Горчакова","mode":"subway","colour":"#bac8e8"}},{"type":"Feature","geometry":{"type":"Point","coordinates":[37.51655,55.53815]},"properties":{"kind":"station","name":"Бунинская аллея","mode":"subway","colour":"#bac8e8"}},{"type":"Feature","geometry":{"type":"Point","coordinates":[37.61955,55.76911]},"properties":{"kind":"station","name":"Трубная","mode":"subway","colour":"#b4d445"}},{"type":"Feature","geometry":{"type":"Point","coordinates":[37.68325,55.74634]},"properties":{"kind":"station","name":"Римская","mode":"subway","colour":"#b4d445"}},{"type":"Feature","geometry":{"type":"Point","coordinates":[37.67554,55.71921]},"properties":{"kind":"station","name":"Дубровка","mode":"subway","colour":"#b4d445"}},{"type":"Feature","geometry":{"type":"Point","coordinates":[37.68462,55.70759]},"properties":{"kind":"station","name":"Кожуховская","mode":"subway","colour":"#b4d445"}},{"type":"Feature","geometry":{"type":"Point","coordinates":[37.72695,55.69349]},"properties":{"kind":"station","name":"Печатники","mode":"subway","colour":"#b4d445"}},{"type":"Feature","geometry":{"type":"Point","coordinates":[37.7531,55.69083]},"properties":{"kind":"station","name":"Волжская","mode":"subway","colour":"#b4d445"}},{"type":"Feature","geometry":{"type":"Point","coordinates":[37.76196,55.67572]},"properties":{"kind":"station","name":"Люблино","mode":"subway","colour":"#b4d445"}},{"type":"Feature","geometry":{"type":"Point","coordinates":[37.74315,55.65002]},"properties":{"kind":"station","name":"Марьино","mode":"subway","colour":"#b4d445"}},{"type":"Feature","geometry":{"type":"Point","coordinates":[37.60909,55.76483]},"properties":{"kind":"station","name":"Чеховская","mode":"subway","colour":"#a0a2a3"}},{"type":"Feature","geometry":{"type":"Point","coordinates":[37.60706,55.75097]},"properties":{"kind":"station","name":"Боровицкая","mode":"subway","colour":"#a0a2a3"}},{"type":"Feature","geometry":{"type":"Point","coordinates":[37.62483,55.72795]},"properties":{"kind":"station","name":"Серпуховская","mode":"subway","colour":"#a0a2a3"}},{"type":"Feature","geometry":{"type":"Point","coordinates":[37.62282,55.70866]},"properties":{"kind":"station","name":"Тульская","mode":"subway","colour":"#a0a2a3"}},{"type":"Feature","geometry":{"type":"Point","coordinates":[37.62241,55.68297]},"properties":{"kind":"station","name":"Нагатинская","mode":"subway","colour":"#a0a2a3"}},{"type":"Feature","geometry":{"type":"Point","coordinates":[37.61027,55.67194]},"properties":{"kind":"station","name":"Нагорная","mode":"subway","colour":"#a0a2a3"}},{"type":"Feature","geometry":{"type":"Point","coordinates":[37.60562,55.66265]},"properties":{"kind":"station","name":"Нахимовский проспект","mode":"subway","colour":"#a0a2a3"}},{"type":"Feature","geometry":{"type":"Point","coordinates":[37.59843,55.65267]},"properties":{"kind":"station","name":"Севастопольская","mode":"subway","colour":"#a0a2a3"}},{"type":"Feature","geometry":{"type":"Point","coordinates":[37.60669,55.64046]},"properties":{"kind":"station","name":"Чертановская","mode":"subway","colour":"#a0a2a3"}},{"type":"Feature","geometry":{"type":"Point","coordinates":[37.60922,55.62226]},"properties":{"kind":"station","name":"Южная","mode":"subway","colour":"#a0a2a3"}},{"type":"Feature","geometry":{"type":"Point","coordinates":[37.60452,55.61237]},"properties":{"kind":"station","name":"Пражская","mode":"subway","colour":"#a0a2a3"}},{"type":"Feature","geometry":{"type":"Point","coordinates":[37.60044,55.59499]},"properties":{"kind":"station","name":"Улица Академика Янгеля","mode":"subway","colour":"#a0a2a3"}},{"type":"Feature","geometry":{"type":"Point","coordinates":[37.59653,55.58253]},"properties":{"kind":"station","name":"Аннино","mode":"subway","colour":"#a0a2a3"}},{"type":"Feature","geometry":{"type":"Point","coordinates":[37.57639,55.81713]},"properties":{"kind":"station","name":"Тимирязевская","mode":"subway","colour":"#a0a2a3"}},{"type":"Feature","geometry":{"type":"Point","coordinates":[37.58191,55.80656]},"properties":{"kind":"station","name":"Дмитровская","mode":"subway","colour":"#a0a2a3"}},{"type":"Feature","geometry":{"type":"Point","coordinates":[37.58882,55.79249]},"properties":{"kind":"station","name":"Савёловская","mode":"subway","colour":"#a0a2a3"}},{"type":"Feature","geometry":{"type":"Point","coordinates":[37.60198,55.78096]},"properties":{"kind":"station","name":"Менделеевская","mode":"subway","colour":"#a0a2a3"}},{"type":"Feature","geometry":{"type":"Point","coordinates":[37.58736,55.89792]},"properties":{"kind":"station","name":"Алтуфьево","mode":"subway","colour":"#a0a2a3"}},{"type":"Feature","geometry":{"type":"Point","coordinates":[37.60355,55.88387]},"properties":{"kind":"station","name":"Бибирево","mode":"subway","colour":"#a0a2a3"}},{"type":"Feature","geometry":{"type":"Point","coordinates":[37.60465,55.86318]},"properties":{"kind":"station","name":"Отрадное","mode":"subway","colour":"#a0a2a3"}},{"type":"Feature","geometry":{"type":"Point","coordinates":[37.43653,55.86065]},"properties":{"kind":"station","name":"Планерная","mode":"subway","colour":"violet"}},{"type":"Feature","geometry":{"type":"Point","coordinates":[37.43698,55.82653]},"properties":{"kind":"station","name":"Тушинская","mode":"subway","colour":"violet"}},{"type":"Feature","geometry":{"type":"Point","coordinates":[37.4647,55.80846]},"properties":{"kind":"station","name":"Щукинская","mode":"subway","colour":"violet"}},{"type":"Feature","geometry":{"type":"Point","coordinates":[37.51929,55.77751]},"properties":{"kind":"station","name":"Полежаевская","mode":"subway","colour":"violet"}},{"type":"Feature","geometry":{"type":"Point","coordinates":[37.54666,55.77372]},"properties":{"kind":"station","name":"Беговая","mode":"subway","colour":"violet"}},{"type":"Feature","geometry":{"type":"Point","coordinates":[37.56134,55.76486]},"properties":{"kind":"station","name":"Улица 1905 года","mode":"subway","colour":"violet"}},{"type":"Feature","geometry":{"type":"Point","coordinates":[37.57931,55.76113]},"properties":{"kind":"station","name":"Баррикадная","mode":"subway","colour":"violet"}},{"type":"Feature","geometry":{"type":"Point","coordinates":[37.65449,55.77458]},"properties":{"kind":"station","name":"Комсомольская","mode":"subway","colour":"brown"}},{"type":"Feature","geometry":{"type":"Point","coordinates":[37.58991,55.84718]},"properties":{"kind":"station","name":"Владыкино","mode":"subway","colour":"#a0a2a3"}},{"type":"Feature","geometry":{"type":"Point","coordinates":[37.55929,55.71033]},"properties":{"kind":"station","name":"Воробьёвы горы","mode":"subway","colour":"red"}},{"type":"Feature","geometry":{"type":"Point","coordinates":[37.60347,55.77985]},"properties":{"kind":"station","name":"Новослободская","mode":"subway","colour":"brown"}},{"type":"Feature","geometry":{"type":"Point","coordinates":[37.66748,55.73317]},"properties":{"kind":"station","name":"Крестьянская Застава","mode":"subway","colour":"#b4d445"}},{"type":"Feature","geometry":{"type":"Point","coordinates":[37.74444,55.61369]},"properties":{"kind":"station","name":"Красногвардейская","mode":"subway","colour":"green"}},{"type":"Feature","geometry":{"type":"Point","coordinates":[37.71874,55.61085]},"properties":{"kind":"station","name":"Домодедовская","mode":"subway","colour":"green"}},{"type":"Feature","geometry":{"type":"Point","coordinates":[37.69497,55.61314]},"properties":{"kind":"station","name":"Орехово","mode":"subway","colour":"green"}},{"type":"Feature","geometry":{"type":"Point","coordinates":[37.66924,55.62148]},"properties":{"kind":"station","name":"Царицыно","mode":"subway","colour":"green"}},{"type":"Feature","geometry":{"type":"Point","coordinates":[37.65654,55.63574]},"properties":{"kind":"station","name":"Кантемировская","mode":"subway","colour":"green"}},{"type":"Feature","geometry":{"type":"Point","coordinates":[37.57687,55.56925]},"properties":{"kind":"station","name":"Бульвар Дмитрия Донского","mode":"subway","colour":"#a0a2a3"}},{"type":"Feature","geometry":{"type":"Point","coordinates":[37.57665,55.56896]},"properties":{"kind":"station","name":"Улица Старокачаловская","mode":"subway","colour":"#bac8e8"}},{"type":"Feature","geometry":{"type":"Point","coordinates":[37.57733,55.76118]},"properties":{"kind":"station","name":"Краснопресненская","mode":"subway","colour":"brown"}},{"type":"Feature","geometry":{"type":"Point","coordinates":[37.56551,55.74473]},"properties":{"kind":"station","name":"Киевская","mode":"subway","colour":"brown"}},{"type":"Feature","geometry":{"type":"Point","coordinates":[37.49381,55.79337]},"properties":{"kind":"station","name":"Октябрьское Поле","mode":"subway","colour":"violet"}},{"type":"Feature","geometry":{"type":"Point","coordinates":[37.43977,55.85048]},"properties":{"kind":"station","name":"Сходненская","mode":"subway","colour":"violet"}},{"type":"Feature","geometry":{"type":"Point","coordinates":[37.48322,55.66365]},"properties":{"kind":"station","name":"Юго-Западная","mode":"subway","colour":"red"}},{"type":"Feature","geometry":{"type":"Point","coordinates":[37.53328,55.69266]},"properties":{"kind":"station","name":"Университет","mode":"subway","colour":"red"}},{"type":"Feature","geometry":{"type":"Point","coordinates":[37.6172,55.73817]},"properties":{"kind":"station","name":"Полянка","mode":"subway","colour":"#a0a2a3"}},{"type":"Feature","geometry":{"type":"Point","coordinates":[37.59843,55.6529]},"properties":{"kind":"station","name":"Каховская","mode":"subway","colour":"#82C0C0"}},{"type":"Feature","geometry":{"type":"Point","coordinates":[37.75067,55.65974]},"properties":{"kind":"station","name":"Братиславская","mode":"subway","colour":"#b4d445"}},{"type":"Feature","geometry":{"type":"Point","coordinates":[37.50606,55.67723]},"properties":{"kind":"station","name":"Проспект Вернадского","mode":"subway","colour":"red"}},{"type":"Feature","geometry":{"type":"Point","coordinates":[37.60742,55.76543]},"properties":{"kind":"station","name":"Пушкинская","mode":"subway","colour":"violet"}},{"type":"Feature","geometry":{"type":"Point","coordinates":[37.36223,55.84575]},"properties":{"kind":"station","name":"Митино","mode":"subway","colour":"blue"}},{"type":"Feature","geometry":{"type":"Point","coordinates":[37.64009,55.76699]},"properties":{"kind":"station","name":"Сретенский бульвар","mode":"subway","colour":"#b4d445"}},{"type":"Feature","geometry":{"type":"Point","coordinates":[37.61631,55.79552]},"properties":{"kind":"station","name":"Марьина Роща","mode":"subway","colour":"#b4d445"}},{"type":"Feature","geometry":{"type":"Point","coordinates":[37.61507,55.78146]},"properties":{"kind":"station","name":"Достоевская","mode":"subway","colour":"#b4d445"}},{"type":"Feature","geometry":{"type":"Point","coordinates":[37.65933,55.7572]},"properties":{"kind":"station","name":"Курская","mode":"subway","colour":"brown"}},{"type":"Feature","geometry":{"type":"Point","coordinates":[37.58358,55.7767]},"properties":{"kind":"station","name":"Белорусская","mode":"subway","colour":"green"}},{"type":"Feature","geometry":{"type":"Point","coordinates":[37.58407,55.77614]},"properties":{"kind":"station","name":"Белорусская","mode":"subway","colour":"brown"}},{"type":"Feature","geometry":{"type":"Point","coordinates":[37.51898,55.63315]},"properties":{"kind":"station","name":"Коньково","mode":"subway","colour":"orange"}},{"type":"Feature","geometry":{"type":"Point","coordinates":[37.74375,55.6333]},"properties":{"kind":"station","name":"Борисово","mode":"subway","colour":"#b4d445"}},{"type":"Feature","geometry":{"type":"Point","coordinates":[37.74518,55.61224]},"properties":{"kind":"station","name":"Зябликово","mode":"subway","colour":"#b4d445"}},{"type":"Feature","geometry":{"type":"Point","coordinates":[37.74364,55.62103]},"properties":{"kind":"station","name":"Шипиловская","mode":"subway","colour":"#b4d445"}},{"type":"Feature","geometry":{"type":"Point","coordinates":[37.86377,55.74509]},"properties":{"kind":"station","name":"Новокосино","mode":"subway","colour":"yellow"}},{"type":"Feature","geometry":{"type":"Point","coordinates":[37.76593,55.6328]},"properties":{"kind":"station","name":"Алма-Атинская","mode":"subway","colour":"green"}},{"type":"Feature","geometry":{"type":"Point","coordinates":[37.3542,55.85614]},"properties":{"kind":"station","name":"Пятницкое шоссе","mode":"subway","colour":"blue"}},{"type":"Feature","geometry":{"type":"Point","coordinates":[37.85629,55.68544]},"properties":{"kind":"station","name":"Жулебино","mode":"subway","colour":"violet"}},{"type":"Feature","geometry":{"type":"Point","coordinates":[37.85197,55.70163]},"properties":{"kind":"station","name":"Лермонтовский проспект","mode":"subway","colour":"violet"}},{"type":"Feature","geometry":{"type":"Point","coordinates":[37.57689,55.5821]},"properties":{"kind":"station","name":"Лесопарковая","mode":"subway","colour":"#bac8e8"}},{"type":"Feature","geometry":{"type":"Point","coordinates":[37.55638,55.60024]},"properties":{"kind":"station","name":"Битцевский парк","mode":"subway","colour":"#bac8e8"}},{"type":"Feature","geometry":{"type":"Point","coordinates":[37.7816,55.78773]},"properties":{"kind":"station","name":"Измайловская","mode":"subway","colour":"blue"}},{"type":"Feature","geometry":{"type":"Point","coordinates":[37.7994,55.79473]},"properties":{"kind":"station","name":"Первомайская","mode":"subway","colour":"blue"}},{"type":"Feature","geometry":{"type":"Point","coordinates":[37.79857,55.80934]},"properties":{"kind":"station","name":"Щёлковская","mode":"subway","colour":"blue"}},{"type":"Feature","geometry":{"type":"Point","coordinates":[37.51822,55.73652]},"properties":{"kind":"station","name":"Парк Победы","mode":"subway","colour":"yellow"}},{"type":"Feature","geometry":{"type":"Point","coordinates":[37.47253,55.64586]},"properties":{"kind":"station","name":"Тропарёво","mode":"subway","colour":"red"}},{"type":"Feature","geometry":{"type":"Point","coordinates":[37.53918,55.74911]},"properties":{"kind":"station","name":"Деловой центр","mode":"subway","colour":"yellow"}},{"type":"Feature","geometry":{"type":"Point","coordinates":[37.85851,55.67422]},"properties":{"kind":"station","name":"Котельники","mode":"subway","colour":"violet"}},{"type":"Feature","geometry":{"type":"Point","coordinates":[37.44159,55.63295]},"properties":{"kind":"station","name":"Румянцево","mode":"subway","colour":"red"}},{"type":"Feature","geometry":{"type":"Point","coordinates":[37.42419,55.62192]},"properties":{"kind":"station","name":"Саларьево","mode":"subway","colour":"red"}},{"type":"Feature","geometry":{"type":"Point","coordinates":[37.58764,55.82292]},"properties":{"kind":"station","name":"Фонвизинская","mode":"subway","colour":"#b4d445"}},{"type":"Feature","geometry":{"type":"Point","coordinates":[37.49684,55.72479]},"properties":{"kind":"station","name":"Минская","mode":"subway","colour":"yellow"}},{"type":"Feature","geometry":{"type":"Point","coordinates":[37.51624,55.70714]},"properties":{"kind":"station","name":"Ломоносовский проспект","mode":"subway","colour":"yellow"}},{"type":"Feature","geometry":{"type":"Point","coordinates":[37.49854,55.69756]},"properties":{"kind":"station","name":"Раменки","mode":"subway","colour":"yellow"}},{"type":"Feature","geometry":{"type":"Point","coordinates":[37.60253,55.81337]},"properties":{"kind":"station","name":"Бутырская","mode":"subway","colour":"#b4d445"}},{"type":"Feature","geometry":{"type":"Point","coordinates":[37.56538,55.7443]},"properties":{"kind":"station","name":"Киевская","mode":"subway","colour":"blue"}},{"type":"Feature","geometry":{"type":"Point","coordinates":[37.64881,55.65499]},"properties":{"kind":"station","name":"Каширская","mode":"subway","colour":"green;#82C0C0"}},{"type":"Feature","geometry":{"type":"Point","coordinates":[37.44602,55.73068]},"properties":{"kind":"station","name":"Кунцевская","mode":"subway","colour":"blue"}},{"type":"Feature","geometry":{"type":"Point","coordinates":[37.63356,55.75565]},"properties":{"kind":"station","name":"Китай-город","mode":"subway","colour":"violet;orange"}},{"type":"Feature","geometry":{"type":"Point","coordinates":[37.63306,55.75559]},"properties":{"kind":"station","name":"Китай-город","mode":"subway","colour":"orange;violet"}},{"type":"Feature","geometry":{"type":"Point","coordinates":[37.59427,55.73549]},"properties":{"kind":"station","name":"Парк Культуры","mode":"subway","colour":"red"}},{"type":"Feature","geometry":{"type":"Point","coordinates":[37.57482,55.83469]},"properties":{"kind":"station","name":"Петровско-Разумовская","mode":"subway","colour":"#b4d445"}},{"type":"Feature","geometry":{"type":"Point","coordinates":[37.57442,55.83499]},"properties":{"kind":"station","name":"Петровско-Разумовская","mode":"subway","colour":"#a0a2a3"}},{"type":"Feature","geometry":{"type":"Point","coordinates":[37.43575,55.8183]},"properties":{"kind":"station","name":"Спартак","mode":"subway","colour":"violet"}},{"type":"Feature","geometry":{"type":"Point","coordinates":[37.63901,55.80909]},"properties":{"kind":"station","name":"Алексеевская","mode":"subway","colour":"orange"}},{"type":"Feature","geometry":{"type":"Point","coordinates":[37.40308,55.8037]},"properties":{"kind":"station","name":"Строгино","mode":"subway","colour":"blue"}},{"type":"Feature","geometry":{"type":"Point","coordinates":[37.38529,55.8252]},"properties":{"kind":"station","name":"Мякинино","mode":"subway","colour":"blue"}},{"type":"Feature","geometry":{"type":"Point","coordinates":[37.38224,55.83551]},"properties":{"kind":"station","name":"Волоколамская","mode":"subway","colour":"blue"}},{"type":"Feature","geometry":{"type":"Point","coordinates":[37.65842,55.75802]},"properties":{"kind":"station","name":"Курская","mode":"subway","colour":"blue"}},{"type":"Feature","geometry":{"type":"Point","coordinates":[37.657,55.7567]},"properties":{"kind":"station","name":"Чкаловская","mode":"subway","colour":"#b4d445"}},{"type":"Feature","geometry":{"type":"Point","coordinates":[37.6412,55.82096]},"properties":{"kind":"station","name":"ВДНХ","mode":"subway","colour":"orange"}},{"type":"Feature","geometry":{"type":"Point","coordinates":[37.51505,55.80527]},"properties":{"kind":"station","name":"Сокол","mode":"subway","colour":"green"}},{"type":"Feature","geometry":{"type":"Point","coordinates":[37.48085,55.87815]},"properties":{"kind":"station","name":"Ховрино","mode":"subway","colour":"green"}},{"type":"Feature","geometry":{"type":"Point","coordinates":[37.51914,55.77669]},"properties":{"kind":"station","name":"Хорошёвская","mode":"subway","colour":"#82C0C0"}},{"type":"Feature","geometry":{"type":"Point","coordinates":[37.55709,55.79192]},"properties":{"kind":"station","name":"Петровский парк","mode":"subway","colour":"#82C0C0"}},{"type":"Feature","geometry":{"type":"Point","coordinates":[37.5332,55.78656]},"properties":{"kind":"station","name":"ЦСКА","mode":"subway","colour":"#82C0C0"}},{"type":"Feature","geometry":{"type":"Point","coordinates":[37.54718,55.86661]},"properties":{"kind":"station","name":"Селигерская","mode":"subway","colour":"#b4d445"}},{"type":"Feature","geometry":{"type":"Point","coordinates":[37.56134,55.85611]},"properties":{"kind":"station","name":"Верхние Лихоборы","mode":"subway","colour":"#b4d445"}},{"type":"Feature","geometry":{"type":"Point","coordinates":[37.57383,55.84603]},"properties":{"kind":"station","name":"Окружная","mode":"subway","colour":"#b4d445"}},{"type":"Feature","geometry":{"type":"Point","coordinates":[37.48284,55.68933]},"properties":{"kind":"station","name":"Мичуринский проспект","mode":"subway","colour":"yellow"}},{"type":"Feature","geometry":{"type":"Point","coordinates":[37.44873,55.67051]},"properties":{"kind":"station","name":"Озёрная","mode":"subway","colour":"yellow"}},{"type":"Feature","geometry":{"type":"Point","coordinates":[37.3551,55.63963]},"properties":{"kind":"station","name":"Новопеределкино","mode":"subway","colour":"yellow"}},{"type":"Feature","geometry":{"type":"Point","coordinates":[37.33509,55.63403]},"properties":{"kind":"station","name":"Рассказовка","mode":"subway","colour":"yellow"}},{"type":"Feature","geometry":{"type":"Point","coordinates":[37.37042,55.64775]},"properties":{"kind":"station","name":"Боровское шоссе","mode":"subway","colour":"yellow"}},{"type":"Feature","geometry":{"type":"Point","coordinates":[37.3911,55.64957]},"properties":{"kind":"station","name":"Солнцево","mode":"subway","colour":"yellow"}},{"type":"Feature","geometry":{"type":"Point","coordinates":[37.41724,55.65955]},"properties":{"kind":"station","name":"Говорово","mode":"subway","colour":"yellow"}},{"type":"Feature","geometry":{"type":"Point","coordinates":[37.47488,55.86496]},"properties":{"kind":"station","name":"Беломорская","mode":"subway","colour":"green"}},{"type":"Feature","geometry":{"type":"Point","coordinates":[37.58612,55.79233]},"properties":{"kind":"station","name":"Савёловская","mode":"subway","colour":"#82C0C0"}},{"type":"Feature","geometry":{"type":"Point","coordinates":[37.85103,55.70342]},"properties":{"kind":"station","name":"Косино","mode":"subway","colour":"#FFCBDB"}},{"type":"Feature","geometry":{"type":"Point","coordinates":[37.8802,55.7101]},"properties":{"kind":"station","name":"Улица Дмитриевского","mode":"subway","colour":"#FFCBDB"}},{"type":"Feature","geometry":{"type":"Point","coordinates":[37.90102,55.70851]},"properties":{"kind":"station","name":"Лухмановская","mode":"subway","colour":"#FFCBDB"}},{"type":"Feature","geometry":{"type":"Point","coordinates":[37.92818,55.70289]},"properties":{"kind":"station","name":"Некрасовка","mode":"subway","colour":"#FFCBDB"}},{"type":"Feature","geometry":{"type":"Point","coordinates":[37.46801,55.56057]},"properties":{"kind":"station","name":"Новомосковская","mode":"subway","colour":"red"}},{"type":"Feature","geometry":{"type":"Point","coordinates":[37.45936,55.56862]},"properties":{"kind":"station","name":"Ольховая","mode":"subway","colour":"red"}},{"type":"Feature","geometry":{"type":"Point","coordinates":[37.43386,55.58622]},"properties":{"kind":"station","name":"Прокшино","mode":"subway","colour":"red"}},{"type":"Feature","geometry":{"type":"Point","coordinates":[37.40743,55.60153]},"properties":{"kind":"station","name":"Филатов Луг","mode":"subway","colour":"red"}},{"type":"Feature","geometry":{"type":"Point","coordinates":[37.64899,55.76902]},"properties":{"kind":"station","name":"Красные Ворота","mode":"subway","colour":"red"}},{"type":"Feature","geometry":{"type":"Point","coordinates":[37.40814,55.75659]},"properties":{"kind":"station","name":"Крылатское","mode":"subway","colour":"blue"}},{"type":"Feature","geometry":{"type":"Point","coordinates":[37.78176,55.71834]},"properties":{"kind":"station","name":"Окская","mode":"subway","colour":"#FFCBDB"}},{"type":"Feature","geometry":{"type":"Point","coordinates":[37.75325,55.72702]},"properties":{"kind":"station","name":"Стахановская","mode":"subway","colour":"#FFCBDB"}},{"type":"Feature","geometry":{"type":"Point","coordinates":[37.81898,55.70504]},"properties":{"kind":"station","name":"Юго-Восточная","mode":"subway","colour":"#FFCBDB"}},{"type":"Feature","geometry":{"type":"Point","coordinates":[37.70674,55.76473]},"properties":{"kind":"station","name":"Лефортово","mode":"subway","colour":"#82C0C0"}},{"type":"Feature","geometry":{"type":"Point","coordinates":[37.71899,55.75393]},"properties":{"kind":"station","name":"Авиамоторная","mode":"subway","colour":"#82C0C0"}},{"type":"Feature","geometry":{"type":"Point","coordinates":[37.72999,55.73192]},"properties":{"kind":"station","name":"Нижегородская","mode":"subway","colour":"#FFCBDB"}},{"type":"Feature","geometry":{"type":"Point","coordinates":[37.70299,55.78028]},"properties":{"kind":"station","name":"Электрозаводская","mode":"subway","colour":"#82C0C0"}},{"type":"Feature","geometry":{"type":"Point","coordinates":[37.48573,55.77574]},"properties":{"kind":"station","name":"Народное Ополчение","mode":"subway","colour":"#82C0C0"}},{"type":"Feature","geometry":{"type":"Point","coordinates":[37.4714,55.76118]},"properties":{"kind":"station","name":"Мнёвники","mode":"subway","colour":"#82C0C0"}},{"type":"Feature","geometry":{"type":"Point","coordinates":[37.57355,55.65578]},"properties":{"kind":"station","name":"Зюзино","mode":"subway","colour":"#82C0C0"}},{"type":"Feature","geometry":{"type":"Point","coordinates":[37.53948,55.65884]},"properties":{"kind":"station","name":"Воронцовская","mode":"subway","colour":"#82C0C0"}},{"type":"Feature","geometry":{"type":"Point","coordinates":[37.52177,55.67007]},"properties":{"kind":"station","name":"Новаторская","mode":"subway","colour":"#82C0C0"}},{"type":"Feature","geometry":{"type":"Point","coordinates":[37.50393,55.67843]},"properties":{"kind":"station","name":"Проспект Вернадского","mode":"subway","colour":"#82C0C0"}},{"type":"Feature","geometry":{"type":"Point","coordinates":[37.48519,55.6883]},"properties":{"kind":"station","name":"Мичуринский проспект","mode":"subway","colour":"#82C0C0"}},{"type":"Feature","geometry":{"type":"Point","coordinates":[37.46497,55.69717]},"properties":{"kind":"station","name":"Аминьевская","mode":"subway","colour":"#82C0C0"}},{"type":"Feature","geometry":{"type":"Point","coordinates":[37.45174,55.71514]},"properties":{"kind":"station","name":"Давыдково","mode":"subway","colour":"#82C0C0"}},{"type":"Feature","geometry":{"type":"Point","coordinates":[37.44598,55.72887]},"properties":{"kind":"station","name":"Кунцевская","mode":"subway","colour":"#82C0C0"}},{"type":"Feature","geometry":{"type":"Point","coordinates":[37.45964,55.74803]},"properties":{"kind":"station","name":"Терехово","mode":"subway","colour":"#82C0C0"}},{"type":"Feature","geometry":{"type":"Point","coordinates":[37.6195,55.65333]},"properties":{"kind":"station","name":"Варшавская","mode":"subway","colour":"#82C0C0"}},{"type":"Feature","geometry":{"type":"Point","coordinates":[37.68073,55.67449]},"properties":{"kind":"station","name":"Кленовый бульвар","mode":"subway","colour":"#82C0C0"}},{"type":"Feature","geometry":{"type":"Point","coordinates":[37.7043,55.68433]},"properties":{"kind":"station","name":"Нагатинский Затон","mode":"subway","colour":"#82C0C0"}},{"type":"Feature","geometry":{"type":"Point","coordinates":[37.72736,55.69461]},"properties":{"kind":"station","name":"Печатники","mode":"subway","colour":"#82C0C0"}},{"type":"Feature","geometry":{"type":"Point","coordinates":[37.72847,55.70705]},"properties":{"kind":"station","name":"Текстильщики","mode":"subway","colour":"#82C0C0"}},{"type":"Feature","geometry":{"type":"Point","coordinates":[37.61642,55.79653]},"properties":{"kind":"station","name":"Марьина Роща","mode":"subway","colour":"#82C0C0"}},{"type":"Feature","geometry":{"type":"Point","coordinates":[37.63433,55.79388]},"properties":{"kind":"station","name":"Рижская","mode":"subway","colour":"#82C0C0"}},{"type":"Feature","geometry":{"type":"Point","coordinates":[37.67926,55.79018]},"properties":{"kind":"station","name":"Сокольники","mode":"subway","colour":"#82C0C0"}},{"type":"Feature","geometry":{"type":"Point","coordinates":[37.51797,55.73617]},"properties":{"kind":"station","name":"Парк Победы","mode":"subway","colour":"blue"}},{"type":"Feature","geometry":{"type":"Point","coordinates":[37.29567,55.6245]},"properties":{"kind":"station","name":"Пыхтино","mode":"subway","colour":"yellow"}},{"type":"Feature","geometry":{"type":"Point","coordinates":[37.28728,55.60731]},"properties":{"kind":"station","name":"Аэропорт Внуково","mode":"subway","colour":"yellow"}},{"type":"Feature","geometry":{"type":"Point","coordinates":[37.54658,55.92166]},"properties":{"kind":"station","name":"Физтех","mode":"subway","colour":"#b4d445"}},{"type":"Feature","geometry":{"type":"Point","coordinates":[37.54544,55.87988]},"properties":{"kind":"station","name":"Яхромская","mode":"subway","colour":"#b4d445"}},{"type":"Feature","geometry":{"type":"Point","coordinates":[37.54466,55.89811]},"properties":{"kind":"station","name":"Лианозово","mode":"subway","colour":"#b4d445"}},{"type":"Feature","geometry":{"type":"Point","coordinates":[37.49262,55.55264]},"properties":{"kind":"station","name":"Потапово","mode":"subway","colour":"red"}},{"type":"Feature","geometry":{"type":"Point","coordinates":[37.48109,55.61905]},"properties":{"kind":"station","name":"Тютчевская","mode":"subway","colour":"#03795F"}},{"type":"Feature","geometry":{"type":"Point","coordinates":[37.48577,55.6262]},"properties":{"kind":"station","name":"Генерала Тюленева","mode":"subway","colour":"#03795F"}},{"type":"Feature","geometry":{"type":"Point","coordinates":[37.50714,55.64794]},"properties":{"kind":"station","name":"Университет дружбы народов","mode":"subway","colour":"#03795F"}},{"type":"Feature","geometry":{"type":"Point","coordinates":[37.52139,55.67159]},"properties":{"kind":"station","name":"Новаторская","mode":"subway","colour":"#03795F"}},{"type":"Feature","geometry":{"type":"Point","coordinates":[37.47899,55.5984]},"properties":{"kind":"station","name":"Корниловская","mode":"subway","colour":"#03795f"}},{"type":"Feature","geometry":{"type":"Point","coordinates":[37.46799,55.57463]},"properties":{"kind":"station","name":"Коммунарка","mode":"subway","colour":"#03795F"}},{"type":"Feature","geometry":{"type":"Point","coordinates":[37.46528,55.5606]},"properties":{"kind":"station","name":"Новомосковская","mode":"subway","colour":"#03795F"}},{"type":"Feature","geometry":{"type":"Point","coordinates":[37.64523,55.69693]},"properties":{"kind":"station","name":"ЗИЛ","mode":"subway","colour":"#03795F"}},{"type":"Feature","geometry":{"type":"Point","coordinates":[37.60939,55.68973]},"properties":{"kind":"station","name":"Крымская","mode":"subway","colour":"#03795F"}},{"type":"Feature","geometry":{"type":"Point","coordinates":[37.57598,55.68694]},"properties":{"kind":"station","name":"Академическая","mode":"subway","colour":"#03795F"}},{"type":"Feature","geometry":{"type":"Point","coordinates":[37.54089,55.68489]},"properties":{"kind":"station","name":"Вавиловская","mode":"subway","colour":"#03795F"}},{"type":"Feature","geometry":{"type":"Point","coordinates":[37.7171,55.72412]},"properties":{"kind":"station","name":"Новохохловская","mode":"train","colour":null}},{"type":"Feature","geometry":{"type":"Point","coordinates":[37.53413,55.73994]},"properties":{"kind":"station","name":"Кутузовская","mode":"train","colour":null}},{"type":"Feature","geometry":{"type":"Point","coordinates":[37.69758,55.71855]},"properties":{"kind":"station","name":"Угрешская","mode":"train","colour":null}},{"type":"Feature","geometry":{"type":"Point","coordinates":[37.48693,55.8137]},"properties":{"kind":"station","name":"Стрешнево","mode":"train","colour":null}},{"type":"Feature","geometry":{"type":"Point","coordinates":[37.7433,55.78998]},"properties":{"kind":"station","name":"Измайлово","mode":"train","colour":null}},{"type":"Feature","geometry":{"type":"Point","coordinates":[37.60578,55.68991]},"properties":{"kind":"station","name":"Крымская","mode":"train","colour":null}},{"type":"Feature","geometry":{"type":"Point","coordinates":[37.61885,55.69016]},"properties":{"kind":"station","name":"Верхние Котлы","mode":"train","colour":null}},{"type":"Feature","geometry":{"type":"Point","coordinates":[37.73778,55.74704]},"properties":{"kind":"station","name":"Андроновка","mode":"train","colour":null}},{"type":"Feature","geometry":{"type":"Point","coordinates":[37.55148,55.84713]},"properties":{"kind":"station","name":"Лихоборы","mode":"train","colour":null}},{"type":"Feature","geometry":{"type":"Point","coordinates":[37.73733,55.81703]},"properties":{"kind":"station","name":"Бульвар Рокоссовского","mode":"train","colour":null}},{"type":"Feature","geometry":{"type":"Point","coordinates":[37.66439,55.70696]},"properties":{"kind":"station","name":"Автозаводская","mode":"train","colour":null}},{"type":"Feature","geometry":{"type":"Point","coordinates":[37.50734,55.77714]},"properties":{"kind":"station","name":"Хорошёво","mode":"train","colour":null}},{"type":"Feature","geometry":{"type":"Point","coordinates":[37.57112,55.8489]},"properties":{"kind":"station","name":"Окружная","mode":"train","colour":null}},{"type":"Feature","geometry":{"type":"Point","coordinates":[37.52019,55.83958]},"properties":{"kind":"station","name":"Коптево","mode":"train","colour":null}},{"type":"Feature","geometry":{"type":"Point","coordinates":[37.59269,55.84736]},"properties":{"kind":"station","name":"Владыкино","mode":"train","colour":null}},{"type":"Feature","geometry":{"type":"Point","coordinates":[37.66678,55.83961]},"properties":{"kind":"station","name":"Ростокино","mode":"train","colour":null}},{"type":"Feature","geometry":{"type":"Point","coordinates":[37.63967,55.84553]},"properties":{"kind":"station","name":"Ботанический сад","mode":"train","colour":null}},{"type":"Feature","geometry":{"type":"Point","coordinates":[37.74596,55.80362]},"properties":{"kind":"station","name":"Локомотив","mode":"train","colour":null}},{"type":"Feature","geometry":{"type":"Point","coordinates":[37.74497,55.77132]},"properties":{"kind":"station","name":"Соколиная Гора","mode":"train","colour":null}},{"type":"Feature","geometry":{"type":"Point","coordinates":[37.728,55.7317]},"properties":{"kind":"station","name":"Нижегородская","mode":"train","colour":null}},{"type":"Feature","geometry":{"type":"Point","coordinates":[37.67784,55.71263]},"properties":{"kind":"station","name":"Дубровка","mode":"train","colour":null}},{"type":"Feature","geometry":{"type":"Point","coordinates":[37.64762,55.69784]},"properties":{"kind":"station","name":"ЗИЛ","mode":"train","colour":null}},{"type":"Feature","geometry":{"type":"Point","coordinates":[37.58637,55.70695]},"properties":{"kind":"station","name":"Площадь Гагарина","mode":"train","colour":null}},{"type":"Feature","geometry":{"type":"Point","coordinates":[37.53191,55.74755]},"properties":{"kind":"station","name":"Москва-Сити","mode":"train","colour":null}},{"type":"Feature","geometry":{"type":"Point","coordinates":[37.52563,55.7573]},"properties":{"kind":"station","name":"Шелепиха","mode":"train","colour":null}},{"type":"Feature","geometry":{"type":"Point","coordinates":[37.49899,55.799]},"properties":{"kind":"station","name":"Панфиловская","mode":"train","colour":null}},{"type":"Feature","geometry":{"type":"Point","coordinates":[37.50432,55.78849]},"properties":{"kind":"station","name":"Зорге","mode":"train","colour":null}},{"type":"Feature","geometry":{"type":"Point","coordinates":[37.49648,55.82584]},"properties":{"kind":"station","name":"Балтийская","mode":"train","colour":null}},{"type":"Feature","geometry":{"type":"Point","coordinates":[37.56202,55.72037]},"properties":{"kind":"station","name":"Лужники","mode":"train","colour":null}},{"type":"Feature","geometry":{"type":"Point","coordinates":[37.70242,55.82925]},"properties":{"kind":"station","name":"Белокаменная","mode":"train","colour":null}},{"type":"Feature","geometry":{"type":"Point","coordinates":[37.74591,55.7589]},"properties":{"kind":"station","name":"Шоссе Энтузиастов","mode":"train","colour":null}}],"attribution":"© OpenStreetMap contributors, ODbL 1.0"}