route;date;hour;prediction
1;2025-11-01;0;0
1;2025-11-01;1;0
1;2025-11-01;2;0
1;2025-11-01;3;0
1;2025-11-01;4;0
1;2025-11-01;5;0
1;2025-11-01;6;0
1;2025-11-01;7;0
1;2025-11-01;8;0
1;2025-11-01;9;0
1;2025-11-01;10;0
1;2025-11-01;11;0
1;2025-11-01;12;0
1;2025-11-01;13;0
1;2025-11-01;14;0
1;2025-11-01;15;0
1;2025-11-01;16;0
1;2025-11-01;17;0
1;2025-11-01;18;0
1;2025-11-01;19;0
1;2025-11-01;20;0
1;2025-11-01;21;0
1;2025-11-01;22;0
1;2025-11-01;23;0
1;2025-11-02;0;0
1;2025-11-02;1;0
1;2025-11-02;2;0
1;2025-11-02;3;0
1;2025-11-02;4;0
1;2025-11-02;5;0
1;2025-11-02;6;0
1;2025-11-02;7;0
1;2025-11-02;8;0
1;2025-11-02;9;0
1;2025-11-02;10;0
1;2025-11-02;11;0
1;2025-11-02;12;0
1;2025-11-02;13;0
1;2025-11-02;14;0
1;2025-11-02;15;0
1;2025-11-02;16;0
1;2025-11-02;17;0
1;2025-11-02;18;0
1;2025-11-02;19;0
1;2025-11-02;20;0
1;2025-11-02;21;0
1;2025-11-02;22;0
1;2025-11-02;23;0
1;2025-11-03;0;0
1;2025-11-03;1;0
1;2025-11-03;2;0
1;2025-11-03;3;0
1;2025-11-03;4;0
1;2025-11-03;5;0
1;2025-11-03;6;0
1;2025-11-03;7;0
1;2025-11-03;8;0
1;2025-11-03;9;0
1;2025-11-03;10;0
1;2025-11-03;11;0
1;2025-11-03;12;0
1;2025-11-03;13;0
1;2025-11-03;14;0
1;2025-11-03;15;0
1;2025-11-03;16;0
1;2025-11-03;17;0
1;2025-11-03;18;0
1;2025-11-03;19;0
1;2025-11-03;20;0
1;2025-11-03;21;0
1;2025-11-03;22;0
1;2025-11-03;23;0
1;2025-11-04;0;0
1;2025-11-04;1;0
1;2025-11-04;2;0
1;2025-11-04;3;0
1;2025-11-04;4;0
1;2025-11-04;5;0
1;2025-11-04;6;0
1;2025-11-04;7;0
1;2025-11-04;8;0
1;2025-11-04;9;0
1;2025-11-04;10;0
1;2025-11-04;11;0
1;2025-11-04;12;0
1;2025-11-04;13;0
1;2025-11-04;14;0
1;2025-11-04;15;0
1;2025-11-04;16;0
1;2025-11-04;17;0
1;2025-11-04;18;0
1;2025-11-04;19;0
1;2025-11-04;20;0
1;2025-11-04;21;0
1;2025-11-04;22;0
1;2025-11-04;23;0
1;2025-11-05;0;0
1;2025-11-05;1;0
1;2025-11-05;2;0
1;2025-11-05;3;0
1;2025-11-05;4;0
1;2025-11-05;5;0
1;2025-11-05;6;0
1;2025-11-05;7;0
1;2025-11-05;8;0
1;2025-11-05;9;0
1;2025-11-05;10;0
1;2025-11-05;11;0
1;2025-11-05;12;0
1;2025-11-05;13;0
1;2025-11-05;14;0
1;2025-11-05;15;0
1;2025-11-05;16;0
1;2025-11-05;17;0
1;2025-11-05;18;0
1;2025-11-05;19;0
1;2025-11-05;20;0
1;2025-11-05;21;0
1;2025-11-05;22;0
1;2025-11-05;23;0
1;2025-11-06;0;0
1;2025-11-06;1;0
1;2025-11-06;2;0
1;2025-11-06;3;0
1;2025-11-06;4;0
1;2025-11-06;5;0
1;2025-11-06;6;0
1;2025-11-06;7;0
1;2025-11-06;8;0
1;2025-11-06;9;0
1;2025-11-06;10;0
1;2025-11-06;11;0
1;2025-11-06;12;0
1;2025-11-06;13;0
1;2025-11-06;14;0
1;2025-11-06;15;0
1;2025-11-06;16;0
1;2025-11-06;17;0
1;2025-11-06;18;0
1;2025-11-06;19;0
1;2025-11-06;20;0
1;2025-11-06;21;0
1;2025-11-06;22;0
1;2025-11-06;23;0
1;2025-11-07;0;0
1;2025-11-07;1;0
1;2025-11-07;2;0
1;2025-11-07;3;0
1;2025-11-07;4;0
1;2025-11-07;5;0
1;2025-11-07;6;0
1;2025-11-07;7;0
1;2025-11-07;8;0
1;2025-11-07;9;0
1;2025-11-07;10;0
1;2025-11-07;11;0
1;2025-11-07;12;0
1;2025-11-07;13;0
1;2025-11-07;14;0
1;2025-11-07;15;0
1;2025-11-07;16;0
1;2025-11-07;17;0
1;2025-11-07;18;0
1;2025-11-07;19;0
1;2025-11-07;20;0
1;2025-11-07;21;0
1;2025-11-07;22;0
1;2025-11-07;23;0
1;2025-11-08;0;0
1;2025-11-08;1;0
1;2025-11-08;2;0
1;2025-11-08;3;0
1;2025-11-08;4;0
1;2025-11-08;5;0
1;2025-11-08;6;0
1;2025-11-08;7;0
1;2025-11-08;8;0
1;2025-11-08;9;0
1;2025-11-08;10;0
1;2025-11-08;11;0
1;2025-11-08;12;0
1;2025-11-08;13;0
1;2025-11-08;14;0
1;2025-11-08;15;0
1;2025-11-08;16;0
1;2025-11-08;17;0
1;2025-11-08;18;0
1;2025-11-08;19;0
1;2025-11-08;20;0
1;2025-11-08;21;0
1;2025-11-08;22;0
1;2025-11-08;23;0
1;2025-11-09;0;0
1;2025-11-09;1;0
1;2025-11-09;2;0
1;2025-11-09;3;0
1;2025-11-09;4;0
1;2025-11-09;5;0
1;2025-11-09;6;0
1;2025-11-09;7;0
1;2025-11-09;8;0
1;2025-11-09;9;0
1;2025-11-09;10;0
1;2025-11-09;11;0
1;2025-11-09;12;0
1;2025-11-09;13;0
1;2025-11-09;14;0
1;2025-11-09;15;0
1;2025-11-09;16;0
1;2025-11-09;17;0
1;2025-11-09;18;0
1;2025-11-09;19;0
1;2025-11-09;20;0
1;2025-11-09;21;0
1;2025-11-09;22;0
1;2025-11-09;23;0
1;2025-11-10;0;0
1;2025-11-10;1;0
1;2025-11-10;2;0
1;2025-11-10;3;0
1;2025-11-10;4;0
1;2025-11-10;5;0
1;2025-11-10;6;0
1;2025-11-10;7;0
1;2025-11-10;8;0
1;2025-11-10;9;0
1;2025-11-10;10;0
1;2025-11-10;11;0
1;2025-11-10;12;0
1;2025-11-10;13;0
1;2025-11-10;14;0
1;2025-11-10;15;0
1;2025-11-10;16;0
1;2025-11-10;17;0
1;2025-11-10;18;0
1;2025-11-10;19;0
1;2025-11-10;20;0
1;2025-11-10;21;0
1;2025-11-10;22;0
1;2025-11-10;23;0
1;2025-11-11;0;0
1;2025-11-11;1;0
1;2025-11-11;2;0
1;2025-11-11;3;0
1;2025-11-11;4;0
1;2025-11-11;5;0
1;2025-11-11;6;0
1;2025-11-11;7;0
1;2025-11-11;8;0
1;2025-11-11;9;0
1;2025-11-11;10;0
1;2025-11-11;11;0
1;2025-11-11;12;0
1;2025-11-11;13;0
1;2025-11-11;14;0
1;2025-11-11;15;0
1;2025-11-11;16;0
1;2025-11-11;17;0
1;2025-11-11;18;0
1;2025-11-11;19;0
1;2025-11-11;20;0
1;2025-11-11;21;0
1;2025-11-11;22;0
1;2025-11-11;23;0
1;2025-11-12;0;0
1;2025-11-12;1;0
1;2025-11-12;2;0
1;2025-11-12;3;0
1;2025-11-12;4;0
1;2025-11-12;5;0
1;2025-11-12;6;0
1;2025-11-12;7;0
1;2025-11-12;8;0
1;2025-11-12;9;0
1;2025-11-12;10;0
1;2025-11-12;11;0
1;2025-11-12;12;0
1;2025-11-12;13;0
1;2025-11-12;14;0
1;2025-11-12;15;0
1;2025-11-12;16;0
1;2025-11-12;17;0
1;2025-11-12;18;0
1;2025-11-12;19;0
1;2025-11-12;20;0
1;2025-11-12;21;0
1;2025-11-12;22;0
1;2025-11-12;23;0
1;2025-11-13;0;0
1;2025-11-13;1;0
1;2025-11-13;2;0
1;2025-11-13;3;0
1;2025-11-13;4;0
1;2025-11-13;5;0
1;2025-11-13;6;0
1;2025-11-13;7;0
1;2025-11-13;8;0
1;2025-11-13;9;0
1;2025-11-13;10;0
1;2025-11-13;11;0
1;2025-11-13;12;0
1;2025-11-13;13;0
1;2025-11-13;14;0
1;2025-11-13;15;0
1;2025-11-13;16;0
1;2025-11-13;17;0
1;2025-11-13;18;0
1;2025-11-13;19;0
1;2025-11-13;20;0
1;2025-11-13;21;0
1;2025-11-13;22;0
1;2025-11-13;23;0
1;2025-11-14;0;0
1;2025-11-14;1;0
1;2025-11-14;2;0
1;2025-11-14;3;0
1;2025-11-14;4;0
1;2025-11-14;5;0
1;2025-11-14;6;0
1;2025-11-14;7;0
1;2025-11-14;8;0
1;2025-11-14;9;0
1;2025-11-14;10;0
1;2025-11-14;11;0
1;2025-11-14;12;0
1;2025-11-14;13;0
1;2025-11-14;14;0
1;2025-11-14;15;0
1;2025-11-14;16;0
1;2025-11-14;17;0
1;2025-11-14;18;0
1;2025-11-14;19;0
1;2025-11-14;20;0
1;2025-11-14;21;0
1;2025-11-14;22;0
1;2025-11-14;23;0
1;2025-11-15;0;0
1;2025-11-15;1;0
1;2025-11-15;2;0
1;2025-11-15;3;0
1;2025-11-15;4;0
1;2025-11-15;5;0
1;2025-11-15;6;0
1;2025-11-15;7;0
1;2025-11-15;8;0
1;2025-11-15;9;0
1;2025-11-15;10;0
1;2025-11-15;11;0
1;2025-11-15;12;0
1;2025-11-15;13;0
1;2025-11-15;14;0
1;2025-11-15;15;0
1;2025-11-15;16;0
1;2025-11-15;17;0
1;2025-11-15;18;0
1;2025-11-15;19;0
1;2025-11-15;20;0
1;2025-11-15;21;0
1;2025-11-15;22;0
1;2025-11-15;23;0
1;2025-11-16;0;0
1;2025-11-16;1;0
1;2025-11-16;2;0
1;2025-11-16;3;0
1;2025-11-16;4;0
1;2025-11-16;5;0
1;2025-11-16;6;0
1;2025-11-16;7;0
1;2025-11-16;8;0
1;2025-11-16;9;0
1;2025-11-16;10;0
1;2025-11-16;11;0
1;2025-11-16;12;0
1;2025-11-16;13;0
1;2025-11-16;14;0
1;2025-11-16;15;0
1;2025-11-16;16;0
1;2025-11-16;17;0
1;2025-11-16;18;0
1;2025-11-16;19;0
1;2025-11-16;20;0
1;2025-11-16;21;0
1;2025-11-16;22;0
1;2025-11-16;23;0
1;2025-11-17;0;0
1;2025-11-17;1;0
1;2025-11-17;2;0
1;2025-11-17;3;0
1;2025-11-17;4;0
1;2025-11-17;5;0
1;2025-11-17;6;0
1;2025-11-17;7;0
1;2025-11-17;8;0
1;2025-11-17;9;0
1;2025-11-17;10;0
1;2025-11-17;11;0
1;2025-11-17;12;0
1;2025-11-17;13;0
1;2025-11-17;14;0
1;2025-11-17;15;0
1;2025-11-17;16;0
1;2025-11-17;17;0
1;2025-11-17;18;0
1;2025-11-17;19;0
1;2025-11-17;20;0
1;2025-11-17;21;0
1;2025-11-17;22;0
1;2025-11-17;23;0
1;2025-11-18;0;0
1;2025-11-18;1;0
1;2025-11-18;2;0
1;2025-11-18;3;0
1;2025-11-18;4;0
1;2025-11-18;5;0
1;2025-11-18;6;0
1;2025-11-18;7;0
1;2025-11-18;8;0
1;2025-11-18;9;0
1;2025-11-18;10;0
1;2025-11-18;11;0
1;2025-11-18;12;0
1;2025-11-18;13;0
1;2025-11-18;14;0
1;2025-11-18;15;0
1;2025-11-18;16;0
1;2025-11-18;17;0
1;2025-11-18;18;0
1;2025-11-18;19;0
1;2025-11-18;20;0
1;2025-11-18;21;0
1;2025-11-18;22;0
1;2025-11-18;23;0
1;2025-11-19;0;0
1;2025-11-19;1;0
1;2025-11-19;2;0
1;2025-11-19;3;0
1;2025-11-19;4;0
1;2025-11-19;5;0
1;2025-11-19;6;0
1;2025-11-19;7;0
1;2025-11-19;8;0
1;2025-11-19;9;0
1;2025-11-19;10;0
1;2025-11-19;11;0
1;2025-11-19;12;0
1;2025-11-19;13;0
1;2025-11-19;14;0
1;2025-11-19;15;0
1;2025-11-19;16;0
1;2025-11-19;17;0
1;2025-11-19;18;0
1;2025-11-19;19;0
1;2025-11-19;20;0
1;2025-11-19;21;0
1;2025-11-19;22;0
1;2025-11-19;23;0
1;2025-11-20;0;0
1;2025-11-20;1;0
1;2025-11-20;2;0
1;2025-11-20;3;0
1;2025-11-20;4;0
1;2025-11-20;5;0
1;2025-11-20;6;0
1;2025-11-20;7;0
1;2025-11-20;8;0
1;2025-11-20;9;0
1;2025-11-20;10;0
1;2025-11-20;11;0
1;2025-11-20;12;0
1;2025-11-20;13;0
1;2025-11-20;14;0
1;2025-11-20;15;0
1;2025-11-20;16;0
1;2025-11-20;17;0
1;2025-11-20;18;0
1;2025-11-20;19;0
1;2025-11-20;20;0
1;2025-11-20;21;0
1;2025-11-20;22;0
1;2025-11-20;23;0
1;2025-11-21;0;0
1;2025-11-21;1;0
1;2025-11-21;2;0
1;2025-11-21;3;0
1;2025-11-21;4;0
1;2025-11-21;5;0
1;2025-11-21;6;0
1;2025-11-21;7;0
1;2025-11-21;8;0
1;2025-11-21;9;0
1;2025-11-21;10;0
1;2025-11-21;11;0
1;2025-11-21;12;0
1;2025-11-21;13;0
1;2025-11-21;14;0
1;2025-11-21;15;0
1;2025-11-21;16;0
1;2025-11-21;17;0
1;2025-11-21;18;0
1;2025-11-21;19;0
1;2025-11-21;20;0
1;2025-11-21;21;0
1;2025-11-21;22;0
1;2025-11-21;23;0
1;2025-11-22;0;0
1;2025-11-22;1;0
1;2025-11-22;2;0
1;2025-11-22;3;0
1;2025-11-22;4;0
1;2025-11-22;5;0
1;2025-11-22;6;0
1;2025-11-22;7;0
1;2025-11-22;8;0
1;2025-11-22;9;0
1;2025-11-22;10;0
1;2025-11-22;11;0
1;2025-11-22;12;0
1;2025-11-22;13;0
1;2025-11-22;14;0
1;2025-11-22;15;0
1;2025-11-22;16;0
1;2025-11-22;17;0
1;2025-11-22;18;0
1;2025-11-22;19;0
1;2025-11-22;20;0
1;2025-11-22;21;0
1;2025-11-22;22;0
1;2025-11-22;23;0
1;2025-11-23;0;0
1;2025-11-23;1;0
1;2025-11-23;2;0
1;2025-11-23;3;0
1;2025-11-23;4;0
1;2025-11-23;5;0
1;2025-11-23;6;0
1;2025-11-23;7;0
1;2025-11-23;8;0
1;2025-11-23;9;0
1;2025-11-23;10;0
1;2025-11-23;11;0
1;2025-11-23;12;0
1;2025-11-23;13;0
1;2025-11-23;14;0
1;2025-11-23;15;0
1;2025-11-23;16;0
1;2025-11-23;17;0
1;2025-11-23;18;0
1;2025-11-23;19;0
1;2025-11-23;20;0
1;2025-11-23;21;0
1;2025-11-23;22;0
1;2025-11-23;23;0
1;2025-11-24;0;0
1;2025-11-24;1;0
1;2025-11-24;2;0
1;2025-11-24;3;0
1;2025-11-24;4;0
1;2025-11-24;5;0
1;2025-11-24;6;0
1;2025-11-24;7;0
1;2025-11-24;8;0
1;2025-11-24;9;0
1;2025-11-24;10;0
1;2025-11-24;11;0
1;2025-11-24;12;0
1;2025-11-24;13;0
1;2025-11-24;14;0
1;2025-11-24;15;0
1;2025-11-24;16;0
1;2025-11-24;17;0
1;2025-11-24;18;0
1;2025-11-24;19;0
1;2025-11-24;20;0
1;2025-11-24;21;0
1;2025-11-24;22;0
1;2025-11-24;23;0
1;2025-11-25;0;0
1;2025-11-25;1;0
1;2025-11-25;2;0
1;2025-11-25;3;0
1;2025-11-25;4;0
1;2025-11-25;5;0
1;2025-11-25;6;0
1;2025-11-25;7;0
1;2025-11-25;8;0
1;2025-11-25;9;0
1;2025-11-25;10;0
1;2025-11-25;11;0
1;2025-11-25;12;0
1;2025-11-25;13;0
1;2025-11-25;14;0
1;2025-11-25;15;0
1;2025-11-25;16;0
1;2025-11-25;17;0
1;2025-11-25;18;0
1;2025-11-25;19;0
1;2025-11-25;20;0
1;2025-11-25;21;0
1;2025-11-25;22;0
1;2025-11-25;23;0
1;2025-11-26;0;0
1;2025-11-26;1;0
1;2025-11-26;2;0
1;2025-11-26;3;0
1;2025-11-26;4;0
1;2025-11-26;5;0
1;2025-11-26;6;0
1;2025-11-26;7;0
1;2025-11-26;8;0
1;2025-11-26;9;0
1;2025-11-26;10;0
1;2025-11-26;11;0
1;2025-11-26;12;0
1;2025-11-26;13;0
1;2025-11-26;14;0
1;2025-11-26;15;0
1;2025-11-26;16;0
1;2025-11-26;17;0
1;2025-11-26;18;0
1;2025-11-26;19;0
1;2025-11-26;20;0
1;2025-11-26;21;0
1;2025-11-26;22;0
1;2025-11-26;23;0
1;2025-11-27;0;0
1;2025-11-27;1;0
1;2025-11-27;2;0
1;2025-11-27;3;0
1;2025-11-27;4;0
1;2025-11-27;5;0
1;2025-11-27;6;0
1;2025-11-27;7;0
1;2025-11-27;8;0
1;2025-11-27;9;0
1;2025-11-27;10;0
1;2025-11-27;11;0
1;2025-11-27;12;0
1;2025-11-27;13;0
1;2025-11-27;14;0
1;2025-11-27;15;0
1;2025-11-27;16;0
1;2025-11-27;17;0
1;2025-11-27;18;0
1;2025-11-27;19;0
1;2025-11-27;20;0
1;2025-11-27;21;0
1;2025-11-27;22;0
1;2025-11-27;23;0
1;2025-11-28;0;0
1;2025-11-28;1;0
1;2025-11-28;2;0
1;2025-11-28;3;0
1;2025-11-28;4;0
1;2025-11-28;5;0
1;2025-11-28;6;0
1;2025-11-28;7;0
1;2025-11-28;8;0
1;2025-11-28;9;0
1;2025-11-28;10;0
1;2025-11-28;11;0
1;2025-11-28;12;0
1;2025-11-28;13;0
1;2025-11-28;14;0
1;2025-11-28;15;0
1;2025-11-28;16;0
1;2025-11-28;17;0
1;2025-11-28;18;0
1;2025-11-28;19;0
1;2025-11-28;20;0
1;2025-11-28;21;0
1;2025-11-28;22;0
1;2025-11-28;23;0
1;2025-11-29;0;0
1;2025-11-29;1;0
1;2025-11-29;2;0
1;2025-11-29;3;0
1;2025-11-29;4;0
1;2025-11-29;5;0
1;2025-11-29;6;0
1;2025-11-29;7;0
1;2025-11-29;8;0
1;2025-11-29;9;0
1;2025-11-29;10;0
1;2025-11-29;11;0
1;2025-11-29;12;0
1;2025-11-29;13;0
1;2025-11-29;14;0
1;2025-11-29;15;0
1;2025-11-29;16;0
1;2025-11-29;17;0
1;2025-11-29;18;0
1;2025-11-29;19;0
1;2025-11-29;20;0
1;2025-11-29;21;0
1;2025-11-29;22;0
1;2025-11-29;23;0
1;2025-11-30;0;0
1;2025-11-30;1;0
1;2025-11-30;2;0
1;2025-11-30;3;0
1;2025-11-30;4;0
1;2025-11-30;5;0
1;2025-11-30;6;0
1;2025-11-30;7;0
1;2025-11-30;8;0
1;2025-11-30;9;0
1;2025-11-30;10;0
1;2025-11-30;11;0
1;2025-11-30;12;0
1;2025-11-30;13;0
1;2025-11-30;14;0
1;2025-11-30;15;0
1;2025-11-30;16;0
1;2025-11-30;17;0
1;2025-11-30;18;0
1;2025-11-30;19;0
1;2025-11-30;20;0
1;2025-11-30;21;0
1;2025-11-30;22;0
1;2025-11-30;23;0
1;2025-12-01;0;0
1;2025-12-01;1;0
1;2025-12-01;2;0
1;2025-12-01;3;0
1;2025-12-01;4;0
1;2025-12-01;5;0
1;2025-12-01;6;0
1;2025-12-01;7;0
1;2025-12-01;8;0
1;2025-12-01;9;0
1;2025-12-01;10;0
1;2025-12-01;11;0
1;2025-12-01;12;0
1;2025-12-01;13;0
1;2025-12-01;14;0
1;2025-12-01;15;0
1;2025-12-01;16;0
1;2025-12-01;17;0
1;2025-12-01;18;0
1;2025-12-01;19;0
1;2025-12-01;20;0
1;2025-12-01;21;0
1;2025-12-01;22;0
1;2025-12-01;23;0
1;2025-12-02;0;0
1;2025-12-02;1;0
1;2025-12-02;2;0
1;2025-12-02;3;0
1;2025-12-02;4;0
1;2025-12-02;5;0
1;2025-12-02;6;0
1;2025-12-02;7;0
1;2025-12-02;8;0
1;2025-12-02;9;0
1;2025-12-02;10;0
1;2025-12-02;11;0
1;2025-12-02;12;0
1;2025-12-02;13;0
1;2025-12-02;14;0
1;2025-12-02;15;0
1;2025-12-02;16;0
1;2025-12-02;17;0
1;2025-12-02;18;0
1;2025-12-02;19;0
1;2025-12-02;20;0
1;2025-12-02;21;0
1;2025-12-02;22;0
1;2025-12-02;23;0
1;2025-12-03;0;0
1;2025-12-03;1;0
1;2025-12-03;2;0
1;2025-12-03;3;0
1;2025-12-03;4;0
1;2025-12-03;5;0
1;2025-12-03;6;0
1;2025-12-03;7;0
1;2025-12-03;8;0
1;2025-12-03;9;0
1;2025-12-03;10;0
1;2025-12-03;11;0
1;2025-12-03;12;0
1;2025-12-03;13;0
1;2025-12-03;14;0
1;2025-12-03;15;0
1;2025-12-03;16;0
1;2025-12-03;17;0
1;2025-12-03;18;0
1;2025-12-03;19;0
1;2025-12-03;20;0
1;2025-12-03;21;0
1;2025-12-03;22;0
1;2025-12-03;23;0
1;2025-12-04;0;0
1;2025-12-04;1;0
1;2025-12-04;2;0
1;2025-12-04;3;0
1;2025-12-04;4;0
1;2025-12-04;5;0
1;2025-12-04;6;0
1;2025-12-04;7;0
1;2025-12-04;8;0
1;2025-12-04;9;0
1;2025-12-04;10;0
1;2025-12-04;11;0
1;2025-12-04;12;0
1;2025-12-04;13;0
1;2025-12-04;14;0
1;2025-12-04;15;0
1;2025-12-04;16;0
1;2025-12-04;17;0
1;2025-12-04;18;0
1;2025-12-04;19;0
1;2025-12-04;20;0
1;2025-12-04;21;0
1;2025-12-04;22;0
1;2025-12-04;23;0
1;2025-12-05;0;0
1;2025-12-05;1;0
1;2025-12-05;2;0
1;2025-12-05;3;0
1;2025-12-05;4;0
1;2025-12-05;5;0
1;2025-12-05;6;0
1;2025-12-05;7;0
1;2025-12-05;8;0
1;2025-12-05;9;0
1;2025-12-05;10;0
1;2025-12-05;11;0
1;2025-12-05;12;0
1;2025-12-05;13;0
1;2025-12-05;14;0
1;2025-12-05;15;0
1;2025-12-05;16;0
1;2025-12-05;17;0
1;2025-12-05;18;0
1;2025-12-05;19;0
1;2025-12-05;20;0
1;2025-12-05;21;0
1;2025-12-05;22;0
1;2025-12-05;23;0
1;2025-12-06;0;0
1;2025-12-06;1;0
1;2025-12-06;2;0
1;2025-12-06;3;0
1;2025-12-06;4;0
1;2025-12-06;5;0
1;2025-12-06;6;0
1;2025-12-06;7;0
1;2025-12-06;8;0
1;2025-12-06;9;0
1;2025-12-06;10;0
1;2025-12-06;11;0
1;2025-12-06;12;0
1;2025-12-06;13;0
1;2025-12-06;14;0
1;2025-12-06;15;0
1;2025-12-06;16;0
1;2025-12-06;17;0
1;2025-12-06;18;0
1;2025-12-06;19;0
1;2025-12-06;20;0
1;2025-12-06;21;0
1;2025-12-06;22;0
1;2025-12-06;23;0
1;2025-12-07;0;0
1;2025-12-07;1;0
1;2025-12-07;2;0
1;2025-12-07;3;0
1;2025-12-07;4;0
1;2025-12-07;5;0
1;2025-12-07;6;0
1;2025-12-07;7;0
1;2025-12-07;8;0
1;2025-12-07;9;0
1;2025-12-07;10;0
1;2025-12-07;11;0
1;2025-12-07;12;0
1;2025-12-07;13;0
1;2025-12-07;14;0
1;2025-12-07;15;0
1;2025-12-07;16;0
1;2025-12-07;17;0
1;2025-12-07;18;0
1;2025-12-07;19;0
1;2025-12-07;20;0
1;2025-12-07;21;0
1;2025-12-07;22;0
1;2025-12-07;23;0
1;2025-12-08;0;0
1;2025-12-08;1;0
1;2025-12-08;2;0
1;2025-12-08;3;0
1;2025-12-08;4;0
1;2025-12-08;5;0
1;2025-12-08;6;0
1;2025-12-08;7;0
1;2025-12-08;8;0
1;2025-12-08;9;0
1;2025-12-08;10;0
1;2025-12-08;11;0
1;2025-12-08;12;0
1;2025-12-08;13;0
1;2025-12-08;14;0
1;2025-12-08;15;0
1;2025-12-08;16;0
1;2025-12-08;17;0
1;2025-12-08;18;0
1;2025-12-08;19;0
1;2025-12-08;20;0
1;2025-12-08;21;0
1;2025-12-08;22;0
1;2025-12-08;23;0
1;2025-12-09;0;0
1;2025-12-09;1;0
1;2025-12-09;2;0
1;2025-12-09;3;0
1;2025-12-09;4;0
1;2025-12-09;5;0
1;2025-12-09;6;0
1;2025-12-09;7;0
1;2025-12-09;8;0
1;2025-12-09;9;0
1;2025-12-09;10;0
1;2025-12-09;11;0
1;2025-12-09;12;0
1;2025-12-09;13;0
1;2025-12-09;14;0
1;2025-12-09;15;0
1;2025-12-09;16;0
1;2025-12-09;17;0
1;2025-12-09;18;0
1;2025-12-09;19;0
1;2025-12-09;20;0
1;2025-12-09;21;0
1;2025-12-09;22;0
1;2025-12-09;23;0
1;2025-12-10;0;0
1;2025-12-10;1;0
1;2025-12-10;2;0
1;2025-12-10;3;0
1;2025-12-10;4;0
1;2025-12-10;5;0
1;2025-12-10;6;0
1;2025-12-10;7;0
1;2025-12-10;8;0
1;2025-12-10;9;0
1;2025-12-10;10;0
1;2025-12-10;11;0
1;2025-12-10;12;0
1;2025-12-10;13;0
1;2025-12-10;14;0
1;2025-12-10;15;0
1;2025-12-10;16;0
1;2025-12-10;17;0
1;2025-12-10;18;0
1;2025-12-10;19;0
1;2025-12-10;20;0
1;2025-12-10;21;0
1;2025-12-10;22;0
1;2025-12-10;23;0
1;2025-12-11;0;0
1;2025-12-11;1;0
1;2025-12-11;2;0
1;2025-12-11;3;0
1;2025-12-11;4;0
1;2025-12-11;5;0
1;2025-12-11;6;0
1;2025-12-11;7;0
1;2025-12-11;8;0
1;2025-12-11;9;0
1;2025-12-11;10;0
1;2025-12-11;11;0
1;2025-12-11;12;0
1;2025-12-11;13;0
1;2025-12-11;14;0
1;2025-12-11;15;0
1;2025-12-11;16;0
1;2025-12-11;17;0
1;2025-12-11;18;0
1;2025-12-11;19;0
1;2025-12-11;20;0
1;2025-12-11;21;0
1;2025-12-11;22;0
1;2025-12-11;23;0
1;2025-12-12;0;0
1;2025-12-12;1;0
1;2025-12-12;2;0
1;2025-12-12;3;0
1;2025-12-12;4;0
1;2025-12-12;5;0
1;2025-12-12;6;0
1;2025-12-12;7;0
1;2025-12-12;8;0
1;2025-12-12;9;0
1;2025-12-12;10;0
1;2025-12-12;11;0
1;2025-12-12;12;0
1;2025-12-12;13;0
1;2025-12-12;14;0
1;2025-12-12;15;0
1;2025-12-12;16;0
1;2025-12-12;17;0
1;2025-12-12;18;0
1;2025-12-12;19;0
1;2025-12-12;20;0
1;2025-12-12;21;0
1;2025-12-12;22;0
1;2025-12-12;23;0
1;2025-12-13;0;0
1;2025-12-13;1;0
1;2025-12-13;2;0
1;2025-12-13;3;0
1;2025-12-13;4;0
1;2025-12-13;5;0
1;2025-12-13;6;0
1;2025-12-13;7;0
1;2025-12-13;8;0
1;2025-12-13;9;0
1;2025-12-13;10;0
1;2025-12-13;11;0
1;2025-12-13;12;0
1;2025-12-13;13;0
1;2025-12-13;14;0
1;2025-12-13;15;0
1;2025-12-13;16;0
1;2025-12-13;17;0
1;2025-12-13;18;0
1;2025-12-13;19;0
1;2025-12-13;20;0
1;2025-12-13;21;0
1;2025-12-13;22;0
1;2025-12-13;23;0
1;2025-12-14;0;0
1;2025-12-14;1;0
1;2025-12-14;2;0
1;2025-12-14;3;0
1;2025-12-14;4;0
1;2025-12-14;5;0
1;2025-12-14;6;0
1;2025-12-14;7;0
1;2025-12-14;8;0
1;2025-12-14;9;0
1;2025-12-14;10;0
1;2025-12-14;11;0
1;2025-12-14;12;0
1;2025-12-14;13;0
1;2025-12-14;14;0
1;2025-12-14;15;0
1;2025-12-14;16;0
1;2025-12-14;17;0
1;2025-12-14;18;0
1;2025-12-14;19;0
1;2025-12-14;20;0
1;2025-12-14;21;0
1;2025-12-14;22;0
1;2025-12-14;23;0
1;2025-12-15;0;0
1;2025-12-15;1;0
1;2025-12-15;2;0
1;2025-12-15;3;0
1;2025-12-15;4;0
1;2025-12-15;5;0
1;2025-12-15;6;0
1;2025-12-15;7;0
1;2025-12-15;8;0
1;2025-12-15;9;0
1;2025-12-15;10;0
1;2025-12-15;11;0
1;2025-12-15;12;0
1;2025-12-15;13;0
1;2025-12-15;14;0
1;2025-12-15;15;0
1;2025-12-15;16;0
1;2025-12-15;17;0
1;2025-12-15;18;0
1;2025-12-15;19;0
1;2025-12-15;20;0
1;2025-12-15;21;0
1;2025-12-15;22;0
1;2025-12-15;23;0
1;2025-12-16;0;0
1;2025-12-16;1;0
1;2025-12-16;2;0
1;2025-12-16;3;0
1;2025-12-16;4;0
1;2025-12-16;5;0
1;2025-12-16;6;0
1;2025-12-16;7;0
1;2025-12-16;8;0
1;2025-12-16;9;0
1;2025-12-16;10;0
1;2025-12-16;11;0
1;2025-12-16;12;0
1;2025-12-16;13;0
1;2025-12-16;14;0
1;2025-12-16;15;0
1;2025-12-16;16;0
1;2025-12-16;17;0
1;2025-12-16;18;0
1;2025-12-16;19;0
1;2025-12-16;20;0
1;2025-12-16;21;0
1;2025-12-16;22;0
1;2025-12-16;23;0
1;2025-12-17;0;0
1;2025-12-17;1;0
1;2025-12-17;2;0
1;2025-12-17;3;0
1;2025-12-17;4;0
1;2025-12-17;5;0
1;2025-12-17;6;0
1;2025-12-17;7;0
1;2025-12-17;8;0
1;2025-12-17;9;0
1;2025-12-17;10;0
1;2025-12-17;11;0
1;2025-12-17;12;0
1;2025-12-17;13;0
1;2025-12-17;14;0
1;2025-12-17;15;0
1;2025-12-17;16;0
1;2025-12-17;17;0
1;2025-12-17;18;0
1;2025-12-17;19;0
1;2025-12-17;20;0
1;2025-12-17;21;0
1;2025-12-17;22;0
1;2025-12-17;23;0
1;2025-12-18;0;0
1;2025-12-18;1;0
1;2025-12-18;2;0
1;2025-12-18;3;0
1;2025-12-18;4;0
1;2025-12-18;5;0
1;2025-12-18;6;0
1;2025-12-18;7;0
1;2025-12-18;8;0
1;2025-12-18;9;0
1;2025-12-18;10;0
1;2025-12-18;11;0
1;2025-12-18;12;0
1;2025-12-18;13;0
1;2025-12-18;14;0
1;2025-12-18;15;0
1;2025-12-18;16;0
1;2025-12-18;17;0
1;2025-12-18;18;0
1;2025-12-18;19;0
1;2025-12-18;20;0
1;2025-12-18;21;0
1;2025-12-18;22;0
1;2025-12-18;23;0
1;2025-12-19;0;0
1;2025-12-19;1;0
1;2025-12-19;2;0
1;2025-12-19;3;0
1;2025-12-19;4;0
1;2025-12-19;5;0
1;2025-12-19;6;0
1;2025-12-19;7;0
1;2025-12-19;8;0
1;2025-12-19;9;0
1;2025-12-19;10;0
1;2025-12-19;11;0
1;2025-12-19;12;0
1;2025-12-19;13;0
1;2025-12-19;14;0
1;2025-12-19;15;0
1;2025-12-19;16;0
1;2025-12-19;17;0
1;2025-12-19;18;0
1;2025-12-19;19;0
1;2025-12-19;20;0
1;2025-12-19;21;0
1;2025-12-19;22;0
1;2025-12-19;23;0
1;2025-12-20;0;0
1;2025-12-20;1;0
1;2025-12-20;2;0
1;2025-12-20;3;0
1;2025-12-20;4;0
1;2025-12-20;5;0
1;2025-12-20;6;0
1;2025-12-20;7;0
1;2025-12-20;8;0
1;2025-12-20;9;0
1;2025-12-20;10;0
1;2025-12-20;11;0
1;2025-12-20;12;0
1;2025-12-20;13;0
1;2025-12-20;14;0
1;2025-12-20;15;0
1;2025-12-20;16;0
1;2025-12-20;17;0
1;2025-12-20;18;0
1;2025-12-20;19;0
1;2025-12-20;20;0
1;2025-12-20;21;0
1;2025-12-20;22;0
1;2025-12-20;23;0
1;2025-12-21;0;0
1;2025-12-21;1;0
1;2025-12-21;2;0
1;2025-12-21;3;0
1;2025-12-21;4;0
1;2025-12-21;5;0
1;2025-12-21;6;0
1;2025-12-21;7;0
1;2025-12-21;8;0
1;2025-12-21;9;0
1;2025-12-21;10;0
1;2025-12-21;11;0
1;2025-12-21;12;0
1;2025-12-21;13;0
1;2025-12-21;14;0
1;2025-12-21;15;0
1;2025-12-21;16;0
1;2025-12-21;17;0
1;2025-12-21;18;0
1;2025-12-21;19;0
1;2025-12-21;20;0
1;2025-12-21;21;0
1;2025-12-21;22;0
1;2025-12-21;23;0
1;2025-12-22;0;0
1;2025-12-22;1;0
1;2025-12-22;2;0
1;2025-12-22;3;0
1;2025-12-22;4;0
1;2025-12-22;5;0
1;2025-12-22;6;0
1;2025-12-22;7;0
1;2025-12-22;8;0
1;2025-12-22;9;0
1;2025-12-22;10;0
1;2025-12-22;11;0
1;2025-12-22;12;0
1;2025-12-22;13;0
1;2025-12-22;14;0
1;2025-12-22;15;0
1;2025-12-22;16;0
1;2025-12-22;17;0
1;2025-12-22;18;0
1;2025-12-22;19;0
1;2025-12-22;20;0
1;2025-12-22;21;0
1;2025-12-22;22;0
1;2025-12-22;23;0
1;2025-12-23;0;0
1;2025-12-23;1;0
1;2025-12-23;2;0
1;2025-12-23;3;0
1;2025-12-23;4;0
1;2025-12-23;5;0
1;2025-12-23;6;0
1;2025-12-23;7;0
1;2025-12-23;8;0
1;2025-12-23;9;0
1;2025-12-23;10;0
1;2025-12-23;11;0
1;2025-12-23;12;0
1;2025-12-23;13;0
1;2025-12-23;14;0
1;2025-12-23;15;0
1;2025-12-23;16;0
1;2025-12-23;17;0
1;2025-12-23;18;0
1;2025-12-23;19;0
1;2025-12-23;20;0
1;2025-12-23;21;0
1;2025-12-23;22;0
1;2025-12-23;23;0
1;2025-12-24;0;0
1;2025-12-24;1;0
1;2025-12-24;2;0
1;2025-12-24;3;0
1;2025-12-24;4;0
1;2025-12-24;5;0
1;2025-12-24;6;0
1;2025-12-24;7;0
1;2025-12-24;8;0
1;2025-12-24;9;0
1;2025-12-24;10;0
1;2025-12-24;11;0
1;2025-12-24;12;0
1;2025-12-24;13;0
1;2025-12-24;14;0
1;2025-12-24;15;0
1;2025-12-24;16;0
1;2025-12-24;17;0
1;2025-12-24;18;0
1;2025-12-24;19;0
1;2025-12-24;20;0
1;2025-12-24;21;0
1;2025-12-24;22;0
1;2025-12-24;23;0
1;2025-12-25;0;0
1;2025-12-25;1;0
1;2025-12-25;2;0
1;2025-12-25;3;0
1;2025-12-25;4;0
1;2025-12-25;5;0
1;2025-12-25;6;0
1;2025-12-25;7;0
1;2025-12-25;8;0
1;2025-12-25;9;0
1;2025-12-25;10;0
1;2025-12-25;11;0
1;2025-12-25;12;0
1;2025-12-25;13;0
1;2025-12-25;14;0
1;2025-12-25;15;0
1;2025-12-25;16;0
1;2025-12-25;17;0
1;2025-12-25;18;0
1;2025-12-25;19;0
1;2025-12-25;20;0
1;2025-12-25;21;0
1;2025-12-25;22;0
1;2025-12-25;23;0
1;2025-12-26;0;0
1;2025-12-26;1;0
1;2025-12-26;2;0
1;2025-12-26;3;0
1;2025-12-26;4;0
1;2025-12-26;5;0
1;2025-12-26;6;0
1;2025-12-26;7;0
1;2025-12-26;8;0
1;2025-12-26;9;0
1;2025-12-26;10;0
1;2025-12-26;11;0
1;2025-12-26;12;0
1;2025-12-26;13;0
1;2025-12-26;14;0
1;2025-12-26;15;0
1;2025-12-26;16;0
1;2025-12-26;17;0
1;2025-12-26;18;0
1;2025-12-26;19;0
1;2025-12-26;20;0
1;2025-12-26;21;0
1;2025-12-26;22;0
1;2025-12-26;23;0
1;2025-12-27;0;0
1;2025-12-27;1;0
1;2025-12-27;2;0
1;2025-12-27;3;0
1;2025-12-27;4;0
1;2025-12-27;5;0
1;2025-12-27;6;0
1;2025-12-27;7;0
1;2025-12-27;8;0
1;2025-12-27;9;0
1;2025-12-27;10;0
1;2025-12-27;11;0
1;2025-12-27;12;0
1;2025-12-27;13;0
1;2025-12-27;14;0
1;2025-12-27;15;0
1;2025-12-27;16;0
1;2025-12-27;17;0
1;2025-12-27;18;0
1;2025-12-27;19;0
1;2025-12-27;20;0
1;2025-12-27;21;0
1;2025-12-27;22;0
1;2025-12-27;23;0
1;2025-12-28;0;0
1;2025-12-28;1;0
1;2025-12-28;2;0
1;2025-12-28;3;0
1;2025-12-28;4;0
1;2025-12-28;5;0
1;2025-12-28;6;0
1;2025-12-28;7;0
1;2025-12-28;8;0
1;2025-12-28;9;0
1;2025-12-28;10;0
1;2025-12-28;11;0
1;2025-12-28;12;0
1;2025-12-28;13;0
1;2025-12-28;14;0
1;2025-12-28;15;0
1;2025-12-28;16;0
1;2025-12-28;17;0
1;2025-12-28;18;0
1;2025-12-28;19;0
1;2025-12-28;20;0
1;2025-12-28;21;0
1;2025-12-28;22;0
1;2025-12-28;23;0
1;2025-12-29;0;0
1;2025-12-29;1;0
1;2025-12-29;2;0
1;2025-12-29;3;0
1;2025-12-29;4;0
1;2025-12-29;5;0
1;2025-12-29;6;0
1;2025-12-29;7;0
1;2025-12-29;8;0
1;2025-12-29;9;0
1;2025-12-29;10;0
1;2025-12-29;11;0
1;2025-12-29;12;0
1;2025-12-29;13;0
1;2025-12-29;14;0
1;2025-12-29;15;0
1;2025-12-29;16;0
1;2025-12-29;17;0
1;2025-12-29;18;0
1;2025-12-29;19;0
1;2025-12-29;20;0
1;2025-12-29;21;0
1;2025-12-29;22;0
1;2025-12-29;23;0
1;2025-12-30;0;0
1;2025-12-30;1;0
1;2025-12-30;2;0
1;2025-12-30;3;0
1;2025-12-30;4;0
1;2025-12-30;5;0
1;2025-12-30;6;0
1;2025-12-30;7;0
1;2025-12-30;8;0
1;2025-12-30;9;0
1;2025-12-30;10;0
1;2025-12-30;11;0
1;2025-12-30;12;0
1;2025-12-30;13;0
1;2025-12-30;14;0
1;2025-12-30;15;0
1;2025-12-30;16;0
1;2025-12-30;17;0
1;2025-12-30;18;0
1;2025-12-30;19;0
1;2025-12-30;20;0
1;2025-12-30;21;0
1;2025-12-30;22;0
1;2025-12-30;23;0
1;2025-12-31;0;0
1;2025-12-31;1;0
1;2025-12-31;2;0
1;2025-12-31;3;0
1;2025-12-31;4;0
1;2025-12-31;5;0
1;2025-12-31;6;0
1;2025-12-31;7;0
1;2025-12-31;8;0
1;2025-12-31;9;0
1;2025-12-31;10;0
1;2025-12-31;11;0
1;2025-12-31;12;0
1;2025-12-31;13;0
1;2025-12-31;14;0
1;2025-12-31;15;0
1;2025-12-31;16;0
1;2025-12-31;17;0
1;2025-12-31;18;0
1;2025-12-31;19;0
1;2025-12-31;20;0
1;2025-12-31;21;0
1;2025-12-31;22;0
1;2025-12-31;23;0
5;2025-11-01;0;0
5;2025-11-01;1;0
5;2025-11-01;2;0
5;2025-11-01;3;0
5;2025-11-01;4;0
5;2025-11-01;5;0
5;2025-11-01;6;0
5;2025-11-01;7;0
5;2025-11-01;8;0
5;2025-11-01;9;0
5;2025-11-01;10;0
5;2025-11-01;11;0
5;2025-11-01;12;0
5;2025-11-01;13;0
5;2025-11-01;14;0
5;2025-11-01;15;0
5;2025-11-01;16;0
5;2025-11-01;17;0
5;2025-11-01;18;0
5;2025-11-01;19;0
5;2025-11-01;20;0
5;2025-11-01;21;0
5;2025-11-01;22;0
5;2025-11-01;23;0
5;2025-11-02;0;0
5;2025-11-02;1;0
5;2025-11-02;2;0
5;2025-11-02;3;0
5;2025-11-02;4;0
5;2025-11-02;5;0
5;2025-11-02;6;0
5;2025-11-02;7;0
5;2025-11-02;8;0
5;2025-11-02;9;0
5;2025-11-02;10;0
5;2025-11-02;11;0
5;2025-11-02;12;0
5;2025-11-02;13;0
5;2025-11-02;14;0
5;2025-11-02;15;0
5;2025-11-02;16;0
5;2025-11-02;17;0
5;2025-11-02;18;0
5;2025-11-02;19;0
5;2025-11-02;20;0
5;2025-11-02;21;0
5;2025-11-02;22;0
5;2025-11-02;23;0
5;2025-11-03;0;0
5;2025-11-03;1;0
5;2025-11-03;2;0
5;2025-11-03;3;0
5;2025-11-03;4;0
5;2025-11-03;5;0
5;2025-11-03;6;0
5;2025-11-03;7;0
5;2025-11-03;8;0
5;2025-11-03;9;0
5;2025-11-03;10;0
5;2025-11-03;11;0
5;2025-11-03;12;0
5;2025-11-03;13;0
5;2025-11-03;14;0
5;2025-11-03;15;0
5;2025-11-03;16;0
5;2025-11-03;17;0
5;2025-11-03;18;0
5;2025-11-03;19;0
5;2025-11-03;20;0
5;2025-11-03;21;0
5;2025-11-03;22;0
5;2025-11-03;23;0
5;2025-11-04;0;0
5;2025-11-04;1;0
5;2025-11-04;2;0
5;2025-11-04;3;0
5;2025-11-04;4;0
5;2025-11-04;5;0
5;2025-11-04;6;0
5;2025-11-04;7;0
5;2025-11-04;8;0
5;2025-11-04;9;0
5;2025-11-04;10;0
5;2025-11-04;11;0
5;2025-11-04;12;0
5;2025-11-04;13;0
5;2025-11-04;14;0
5;2025-11-04;15;0
5;2025-11-04;16;0
5;2025-11-04;17;0
5;2025-11-04;18;0
5;2025-11-04;19;0
5;2025-11-04;20;0
5;2025-11-04;21;0
5;2025-11-04;22;0
5;2025-11-04;23;0
5;2025-11-05;0;0
5;2025-11-05;1;0
5;2025-11-05;2;0
5;2025-11-05;3;0
5;2025-11-05;4;0
5;2025-11-05;5;0
5;2025-11-05;6;0
5;2025-11-05;7;0
5;2025-11-05;8;0
5;2025-11-05;9;0
5;2025-11-05;10;0
5;2025-11-05;11;0
5;2025-11-05;12;0
5;2025-11-05;13;0
5;2025-11-05;14;0
5;2025-11-05;15;0
5;2025-11-05;16;0
5;2025-11-05;17;0
5;2025-11-05;18;0
5;2025-11-05;19;0
5;2025-11-05;20;0
5;2025-11-05;21;0
5;2025-11-05;22;0
5;2025-11-05;23;0
5;2025-11-06;0;0
5;2025-11-06;1;0
5;2025-11-06;2;0
5;2025-11-06;3;0
5;2025-11-06;4;0
5;2025-11-06;5;0
5;2025-11-06;6;0
5;2025-11-06;7;0
5;2025-11-06;8;0
5;2025-11-06;9;0
5;2025-11-06;10;0
5;2025-11-06;11;0
5;2025-11-06;12;0
5;2025-11-06;13;0
5;2025-11-06;14;0
5;2025-11-06;15;0
5;2025-11-06;16;0
5;2025-11-06;17;0
5;2025-11-06;18;0
5;2025-11-06;19;0
5;2025-11-06;20;0
5;2025-11-06;21;0
5;2025-11-06;22;0
5;2025-11-06;23;0
5;2025-11-07;0;0
5;2025-11-07;1;0
5;2025-11-07;2;0
5;2025-11-07;3;0
5;2025-11-07;4;0
5;2025-11-07;5;0
5;2025-11-07;6;0
5;2025-11-07;7;0
5;2025-11-07;8;0
5;2025-11-07;9;0
5;2025-11-07;10;0
5;2025-11-07;11;0
5;2025-11-07;12;0
5;2025-11-07;13;0
5;2025-11-07;14;0
5;2025-11-07;15;0
5;2025-11-07;16;0
5;2025-11-07;17;0
5;2025-11-07;18;0
5;2025-11-07;19;0
5;2025-11-07;20;0
5;2025-11-07;21;0
5;2025-11-07;22;0
5;2025-11-07;23;0
5;2025-11-08;0;0
5;2025-11-08;1;0
5;2025-11-08;2;0
5;2025-11-08;3;0
5;2025-11-08;4;0
5;2025-11-08;5;0
5;2025-11-08;6;0
5;2025-11-08;7;0
5;2025-11-08;8;0
5;2025-11-08;9;0
5;2025-11-08;10;0
5;2025-11-08;11;0
5;2025-11-08;12;0
5;2025-11-08;13;0
5;2025-11-08;14;0
5;2025-11-08;15;0
5;2025-11-08;16;0
5;2025-11-08;17;0
5;2025-11-08;18;0
5;2025-11-08;19;0
5;2025-11-08;20;0
5;2025-11-08;21;0
5;2025-11-08;22;0
5;2025-11-08;23;0
5;2025-11-09;0;0
5;2025-11-09;1;0
5;2025-11-09;2;0
5;2025-11-09;3;0
5;2025-11-09;4;0
5;2025-11-09;5;0
5;2025-11-09;6;0
5;2025-11-09;7;0
5;2025-11-09;8;0
5;2025-11-09;9;0
5;2025-11-09;10;0
5;2025-11-09;11;0
5;2025-11-09;12;0
5;2025-11-09;13;0
5;2025-11-09;14;0
5;2025-11-09;15;0
5;2025-11-09;16;0
5;2025-11-09;17;0
5;2025-11-09;18;0
5;2025-11-09;19;0
5;2025-11-09;20;0
5;2025-11-09;21;0
5;2025-11-09;22;0
5;2025-11-09;23;0
5;2025-11-10;0;0
5;2025-11-10;1;0
5;2025-11-10;2;0
5;2025-11-10;3;0
5;2025-11-10;4;0
5;2025-11-10;5;0
5;2025-11-10;6;0
5;2025-11-10;7;0
5;2025-11-10;8;0
5;2025-11-10;9;0
5;2025-11-10;10;0
5;2025-11-10;11;0
5;2025-11-10;12;0
5;2025-11-10;13;0
5;2025-11-10;14;0
5;2025-11-10;15;0
5;2025-11-10;16;0
5;2025-11-10;17;0
5;2025-11-10;18;0
5;2025-11-10;19;0
5;2025-11-10;20;0
5;2025-11-10;21;0
5;2025-11-10;22;0
5;2025-11-10;23;0
5;2025-11-11;0;0
5;2025-11-11;1;0
5;2025-11-11;2;0
5;2025-11-11;3;0
5;2025-11-11;4;0
5;2025-11-11;5;0
5;2025-11-11;6;0
5;2025-11-11;7;0
5;2025-11-11;8;0
5;2025-11-11;9;0
5;2025-11-11;10;0
5;2025-11-11;11;0
5;2025-11-11;12;0
5;2025-11-11;13;0
5;2025-11-11;14;0
5;2025-11-11;15;0
5;2025-11-11;16;0
5;2025-11-11;17;0
5;2025-11-11;18;0
5;2025-11-11;19;0
5;2025-11-11;20;0
5;2025-11-11;21;0
5;2025-11-11;22;0
5;2025-11-11;23;0
5;2025-11-12;0;0
5;2025-11-12;1;0
5;2025-11-12;2;0
5;2025-11-12;3;0
5;2025-11-12;4;0
5;2025-11-12;5;0
5;2025-11-12;6;0
5;2025-11-12;7;0
5;2025-11-12;8;0
5;2025-11-12;9;0
5;2025-11-12;10;0
5;2025-11-12;11;0
5;2025-11-12;12;0
5;2025-11-12;13;0
5;2025-11-12;14;0
5;2025-11-12;15;0
5;2025-11-12;16;0
5;2025-11-12;17;0
5;2025-11-12;18;0
5;2025-11-12;19;0
5;2025-11-12;20;0
5;2025-11-12;21;0
5;2025-11-12;22;0
5;2025-11-12;23;0
5;2025-11-13;0;0
5;2025-11-13;1;0
5;2025-11-13;2;0
5;2025-11-13;3;0
5;2025-11-13;4;0
5;2025-11-13;5;0
5;2025-11-13;6;0
5;2025-11-13;7;0
5;2025-11-13;8;0
5;2025-11-13;9;0
5;2025-11-13;10;0
5;2025-11-13;11;0
5;2025-11-13;12;0
5;2025-11-13;13;0
5;2025-11-13;14;0
5;2025-11-13;15;0
5;2025-11-13;16;0
5;2025-11-13;17;0
5;2025-11-13;18;0
5;2025-11-13;19;0
5;2025-11-13;20;0
5;2025-11-13;21;0
5;2025-11-13;22;0
5;2025-11-13;23;0
5;2025-11-14;0;0
5;2025-11-14;1;0
5;2025-11-14;2;0
5;2025-11-14;3;0
5;2025-11-14;4;0
5;2025-11-14;5;0
5;2025-11-14;6;0
5;2025-11-14;7;0
5;2025-11-14;8;0
5;2025-11-14;9;0
5;2025-11-14;10;0
5;2025-11-14;11;0
5;2025-11-14;12;0
5;2025-11-14;13;0
5;2025-11-14;14;0
5;2025-11-14;15;0
5;2025-11-14;16;0
5;2025-11-14;17;0
5;2025-11-14;18;0
5;2025-11-14;19;0
5;2025-11-14;20;0
5;2025-11-14;21;0
5;2025-11-14;22;0
5;2025-11-14;23;0
5;2025-11-15;0;0
5;2025-11-15;1;0
5;2025-11-15;2;0
5;2025-11-15;3;0
5;2025-11-15;4;0
5;2025-11-15;5;0
5;2025-11-15;6;0
5;2025-11-15;7;0
5;2025-11-15;8;0
5;2025-11-15;9;0
5;2025-11-15;10;0
5;2025-11-15;11;0
5;2025-11-15;12;0
5;2025-11-15;13;0
5;2025-11-15;14;0
5;2025-11-15;15;0
5;2025-11-15;16;0
5;2025-11-15;17;0
5;2025-11-15;18;0
5;2025-11-15;19;0
5;2025-11-15;20;0
5;2025-11-15;21;0
5;2025-11-15;22;0
5;2025-11-15;23;0
5;2025-11-16;0;0
5;2025-11-16;1;0
5;2025-11-16;2;0
5;2025-11-16;3;0
5;2025-11-16;4;0
5;2025-11-16;5;0
5;2025-11-16;6;0
5;2025-11-16;7;0
5;2025-11-16;8;0
5;2025-11-16;9;0
5;2025-11-16;10;0
5;2025-11-16;11;0
5;2025-11-16;12;0
5;2025-11-16;13;0
5;2025-11-16;14;0
5;2025-11-16;15;0
5;2025-11-16;16;0
5;2025-11-16;17;0
5;2025-11-16;18;0
5;2025-11-16;19;0
5;2025-11-16;20;0
5;2025-11-16;21;0
5;2025-11-16;22;0
5;2025-11-16;23;0
5;2025-11-17;0;0
5;2025-11-17;1;0
5;2025-11-17;2;0
5;2025-11-17;3;0
5;2025-11-17;4;0
5;2025-11-17;5;0
5;2025-11-17;6;0
5;2025-11-17;7;0
5;2025-11-17;8;0
5;2025-11-17;9;0
5;2025-11-17;10;0
5;2025-11-17;11;0
5;2025-11-17;12;0
5;2025-11-17;13;0
5;2025-11-17;14;0
5;2025-11-17;15;0
5;2025-11-17;16;0
5;2025-11-17;17;0
5;2025-11-17;18;0
5;2025-11-17;19;0
5;2025-11-17;20;0
5;2025-11-17;21;0
5;2025-11-17;22;0
5;2025-11-17;23;0
5;2025-11-18;0;0
5;2025-11-18;1;0
5;2025-11-18;2;0
5;2025-11-18;3;0
5;2025-11-18;4;0
5;2025-11-18;5;0
5;2025-11-18;6;0
5;2025-11-18;7;0
5;2025-11-18;8;0
5;2025-11-18;9;0
5;2025-11-18;10;0
5;2025-11-18;11;0
5;2025-11-18;12;0
5;2025-11-18;13;0
5;2025-11-18;14;0
5;2025-11-18;15;0
5;2025-11-18;16;0
5;2025-11-18;17;0
5;2025-11-18;18;0
5;2025-11-18;19;0
5;2025-11-18;20;0
5;2025-11-18;21;0
5;2025-11-18;22;0
5;2025-11-18;23;0
5;2025-11-19;0;0
5;2025-11-19;1;0
5;2025-11-19;2;0
5;2025-11-19;3;0
5;2025-11-19;4;0
5;2025-11-19;5;0
5;2025-11-19;6;0
5;2025-11-19;7;0
5;2025-11-19;8;0
5;2025-11-19;9;0
5;2025-11-19;10;0
5;2025-11-19;11;0
5;2025-11-19;12;0
5;2025-11-19;13;0
5;2025-11-19;14;0
5;2025-11-19;15;0
5;2025-11-19;16;0
5;2025-11-19;17;0
5;2025-11-19;18;0
5;2025-11-19;19;0
5;2025-11-19;20;0
5;2025-11-19;21;0
5;2025-11-19;22;0
5;2025-11-19;23;0
5;2025-11-20;0;0
5;2025-11-20;1;0
5;2025-11-20;2;0
5;2025-11-20;3;0
5;2025-11-20;4;0
5;2025-11-20;5;0
5;2025-11-20;6;0
5;2025-11-20;7;0
5;2025-11-20;8;0
5;2025-11-20;9;0
5;2025-11-20;10;0
5;2025-11-20;11;0
5;2025-11-20;12;0
5;2025-11-20;13;0
5;2025-11-20;14;0
5;2025-11-20;15;0
5;2025-11-20;16;0
5;2025-11-20;17;0
5;2025-11-20;18;0
5;2025-11-20;19;0
5;2025-11-20;20;0
5;2025-11-20;21;0
5;2025-11-20;22;0
5;2025-11-20;23;0
5;2025-11-21;0;0
5;2025-11-21;1;0
5;2025-11-21;2;0
5;2025-11-21;3;0
5;2025-11-21;4;0
5;2025-11-21;5;0
5;2025-11-21;6;0
5;2025-11-21;7;0
5;2025-11-21;8;0
5;2025-11-21;9;0
5;2025-11-21;10;0
5;2025-11-21;11;0
5;2025-11-21;12;0
5;2025-11-21;13;0
5;2025-11-21;14;0
5;2025-11-21;15;0
5;2025-11-21;16;0
5;2025-11-21;17;0
5;2025-11-21;18;0
5;2025-11-21;19;0
5;2025-11-21;20;0
5;2025-11-21;21;0
5;2025-11-21;22;0
5;2025-11-21;23;0
5;2025-11-22;0;0
5;2025-11-22;1;0
5;2025-11-22;2;0
5;2025-11-22;3;0
5;2025-11-22;4;0
5;2025-11-22;5;0
5;2025-11-22;6;0
5;2025-11-22;7;0
5;2025-11-22;8;0
5;2025-11-22;9;0
5;2025-11-22;10;0
5;2025-11-22;11;0
5;2025-11-22;12;0
5;2025-11-22;13;0
5;2025-11-22;14;0
5;2025-11-22;15;0
5;2025-11-22;16;0
5;2025-11-22;17;0
5;2025-11-22;18;0
5;2025-11-22;19;0
5;2025-11-22;20;0
5;2025-11-22;21;0
5;2025-11-22;22;0
5;2025-11-22;23;0
5;2025-11-23;0;0
5;2025-11-23;1;0
5;2025-11-23;2;0
5;2025-11-23;3;0
5;2025-11-23;4;0
5;2025-11-23;5;0
5;2025-11-23;6;0
5;2025-11-23;7;0
5;2025-11-23;8;0
5;2025-11-23;9;0
5;2025-11-23;10;0
5;2025-11-23;11;0
5;2025-11-23;12;0
5;2025-11-23;13;0
5;2025-11-23;14;0
5;2025-11-23;15;0
5;2025-11-23;16;0
5;2025-11-23;17;0
5;2025-11-23;18;0
5;2025-11-23;19;0
5;2025-11-23;20;0
5;2025-11-23;21;0
5;2025-11-23;22;0
5;2025-11-23;23;0
5;2025-11-24;0;0
5;2025-11-24;1;0
5;2025-11-24;2;0
5;2025-11-24;3;0
5;2025-11-24;4;0
5;2025-11-24;5;0
5;2025-11-24;6;0
5;2025-11-24;7;0
5;2025-11-24;8;0
5;2025-11-24;9;0
5;2025-11-24;10;0
5;2025-11-24;11;0
5;2025-11-24;12;0
5;2025-11-24;13;0
5;2025-11-24;14;0
5;2025-11-24;15;0
5;2025-11-24;16;0
5;2025-11-24;17;0
5;2025-11-24;18;0
5;2025-11-24;19;0
5;2025-11-24;20;0
5;2025-11-24;21;0
5;2025-11-24;22;0
5;2025-11-24;23;0
5;2025-11-25;0;0
5;2025-11-25;1;0
5;2025-11-25;2;0
5;2025-11-25;3;0
5;2025-11-25;4;0
5;2025-11-25;5;0
5;2025-11-25;6;0
5;2025-11-25;7;0
5;2025-11-25;8;0
5;2025-11-25;9;0
5;2025-11-25;10;0
5;2025-11-25;11;0
5;2025-11-25;12;0
5;2025-11-25;13;0
5;2025-11-25;14;0
5;2025-11-25;15;0
5;2025-11-25;16;0
5;2025-11-25;17;0
5;2025-11-25;18;0
5;2025-11-25;19;0
5;2025-11-25;20;0
5;2025-11-25;21;0
5;2025-11-25;22;0
5;2025-11-25;23;0
5;2025-11-26;0;0
5;2025-11-26;1;0
5;2025-11-26;2;0
5;2025-11-26;3;0
5;2025-11-26;4;0
5;2025-11-26;5;0
5;2025-11-26;6;0
5;2025-11-26;7;0
5;2025-11-26;8;0
5;2025-11-26;9;0
5;2025-11-26;10;0
5;2025-11-26;11;0
5;2025-11-26;12;0
5;2025-11-26;13;0
5;2025-11-26;14;0
5;2025-11-26;15;0
5;2025-11-26;16;0
5;2025-11-26;17;0
5;2025-11-26;18;0
5;2025-11-26;19;0
5;2025-11-26;20;0
5;2025-11-26;21;0
5;2025-11-26;22;0
5;2025-11-26;23;0
5;2025-11-27;0;0
5;2025-11-27;1;0
5;2025-11-27;2;0
5;2025-11-27;3;0
5;2025-11-27;4;0
5;2025-11-27;5;0
5;2025-11-27;6;0
5;2025-11-27;7;0
5;2025-11-27;8;0
5;2025-11-27;9;0
5;2025-11-27;10;0
5;2025-11-27;11;0
5;2025-11-27;12;0
5;2025-11-27;13;0
5;2025-11-27;14;0
5;2025-11-27;15;0
5;2025-11-27;16;0
5;2025-11-27;17;0
5;2025-11-27;18;0
5;2025-11-27;19;0
5;2025-11-27;20;0
5;2025-11-27;21;0
5;2025-11-27;22;0
5;2025-11-27;23;0
5;2025-11-28;0;0
5;2025-11-28;1;0
5;2025-11-28;2;0
5;2025-11-28;3;0
5;2025-11-28;4;0
5;2025-11-28;5;0
5;2025-11-28;6;0
5;2025-11-28;7;0
5;2025-11-28;8;0
5;2025-11-28;9;0
5;2025-11-28;10;0
5;2025-11-28;11;0
5;2025-11-28;12;0
5;2025-11-28;13;0
5;2025-11-28;14;0
5;2025-11-28;15;0
5;2025-11-28;16;0
5;2025-11-28;17;0
5;2025-11-28;18;0
5;2025-11-28;19;0
5;2025-11-28;20;0
5;2025-11-28;21;0
5;2025-11-28;22;0
5;2025-11-28;23;0
5;2025-11-29;0;0
5;2025-11-29;1;0
5;2025-11-29;2;0
5;2025-11-29;3;0
5;2025-11-29;4;0
5;2025-11-29;5;0
5;2025-11-29;6;0
5;2025-11-29;7;0
5;2025-11-29;8;0
5;2025-11-29;9;0
5;2025-11-29;10;0
5;2025-11-29;11;0
5;2025-11-29;12;0
5;2025-11-29;13;0
5;2025-11-29;14;0
5;2025-11-29;15;0
5;2025-11-29;16;0
5;2025-11-29;17;0
5;2025-11-29;18;0
5;2025-11-29;19;0
5;2025-11-29;20;0
5;2025-11-29;21;0
5;2025-11-29;22;0
5;2025-11-29;23;0
5;2025-11-30;0;0
5;2025-11-30;1;0
5;2025-11-30;2;0
5;2025-11-30;3;0
5;2025-11-30;4;0
5;2025-11-30;5;0
5;2025-11-30;6;0
5;2025-11-30;7;0
5;2025-11-30;8;0
5;2025-11-30;9;0
5;2025-11-30;10;0
5;2025-11-30;11;0
5;2025-11-30;12;0
5;2025-11-30;13;0
5;2025-11-30;14;0
5;2025-11-30;15;0
5;2025-11-30;16;0
5;2025-11-30;17;0
5;2025-11-30;18;0
5;2025-11-30;19;0
5;2025-11-30;20;0
5;2025-11-30;21;0
5;2025-11-30;22;0
5;2025-11-30;23;0
5;2025-12-01;0;0
5;2025-12-01;1;0
5;2025-12-01;2;0
5;2025-12-01;3;0
5;2025-12-01;4;0
5;2025-12-01;5;0
5;2025-12-01;6;0
5;2025-12-01;7;0
5;2025-12-01;8;0
5;2025-12-01;9;0
5;2025-12-01;10;0
5;2025-12-01;11;0
5;2025-12-01;12;0
5;2025-12-01;13;0
5;2025-12-01;14;0
5;2025-12-01;15;0
5;2025-12-01;16;0
5;2025-12-01;17;0
5;2025-12-01;18;0
5;2025-12-01;19;0
5;2025-12-01;20;0
5;2025-12-01;21;0
5;2025-12-01;22;0
5;2025-12-01;23;0
5;2025-12-02;0;0
5;2025-12-02;1;0
5;2025-12-02;2;0
5;2025-12-02;3;0
5;2025-12-02;4;0
5;2025-12-02;5;0
5;2025-12-02;6;0
5;2025-12-02;7;0
5;2025-12-02;8;0
5;2025-12-02;9;0
5;2025-12-02;10;0
5;2025-12-02;11;0
5;2025-12-02;12;0
5;2025-12-02;13;0
5;2025-12-02;14;0
5;2025-12-02;15;0
5;2025-12-02;16;0
5;2025-12-02;17;0
5;2025-12-02;18;0
5;2025-12-02;19;0
5;2025-12-02;20;0
5;2025-12-02;21;0
5;2025-12-02;22;0
5;2025-12-02;23;0
5;2025-12-03;0;0
5;2025-12-03;1;0
5;2025-12-03;2;0
5;2025-12-03;3;0
5;2025-12-03;4;0
5;2025-12-03;5;0
5;2025-12-03;6;0
5;2025-12-03;7;0
5;2025-12-03;8;0
5;2025-12-03;9;0
5;2025-12-03;10;0
5;2025-12-03;11;0
5;2025-12-03;12;0
5;2025-12-03;13;0
5;2025-12-03;14;0
5;2025-12-03;15;0
5;2025-12-03;16;0
5;2025-12-03;17;0
5;2025-12-03;18;0
5;2025-12-03;19;0
5;2025-12-03;20;0
5;2025-12-03;21;0
5;2025-12-03;22;0
5;2025-12-03;23;0
5;2025-12-04;0;0
5;2025-12-04;1;0
5;2025-12-04;2;0
5;2025-12-04;3;0
5;2025-12-04;4;0
5;2025-12-04;5;0
5;2025-12-04;6;0
5;2025-12-04;7;0
5;2025-12-04;8;0
5;2025-12-04;9;0
5;2025-12-04;10;0
5;2025-12-04;11;0
5;2025-12-04;12;0
5;2025-12-04;13;0
5;2025-12-04;14;0
5;2025-12-04;15;0
5;2025-12-04;16;0
5;2025-12-04;17;0
5;2025-12-04;18;0
5;2025-12-04;19;0
5;2025-12-04;20;0
5;2025-12-04;21;0
5;2025-12-04;22;0
5;2025-12-04;23;0
5;2025-12-05;0;0
5;2025-12-05;1;0
5;2025-12-05;2;0
5;2025-12-05;3;0
5;2025-12-05;4;0
5;2025-12-05;5;0
5;2025-12-05;6;0
5;2025-12-05;7;0
5;2025-12-05;8;0
5;2025-12-05;9;0
5;2025-12-05;10;0
5;2025-12-05;11;0
5;2025-12-05;12;0
5;2025-12-05;13;0
5;2025-12-05;14;0
5;2025-12-05;15;0
5;2025-12-05;16;0
5;2025-12-05;17;0
5;2025-12-05;18;0
5;2025-12-05;19;0
5;2025-12-05;20;0
5;2025-12-05;21;0
5;2025-12-05;22;0
5;2025-12-05;23;0
5;2025-12-06;0;0
5;2025-12-06;1;0
5;2025-12-06;2;0
5;2025-12-06;3;0
5;2025-12-06;4;0
5;2025-12-06;5;0
5;2025-12-06;6;0
5;2025-12-06;7;0
5;2025-12-06;8;0
5;2025-12-06;9;0
5;2025-12-06;10;0
5;2025-12-06;11;0
5;2025-12-06;12;0
5;2025-12-06;13;0
5;2025-12-06;14;0
5;2025-12-06;15;0
5;2025-12-06;16;0
5;2025-12-06;17;0
5;2025-12-06;18;0
5;2025-12-06;19;0
5;2025-12-06;20;0
5;2025-12-06;21;0
5;2025-12-06;22;0
5;2025-12-06;23;0
5;2025-12-07;0;0
5;2025-12-07;1;0
5;2025-12-07;2;0
5;2025-12-07;3;0
5;2025-12-07;4;0
5;2025-12-07;5;0
5;2025-12-07;6;0
5;2025-12-07;7;0
5;2025-12-07;8;0
5;2025-12-07;9;0
5;2025-12-07;10;0
5;2025-12-07;11;0
5;2025-12-07;12;0
5;2025-12-07;13;0
5;2025-12-07;14;0
5;2025-12-07;15;0
5;2025-12-07;16;0
5;2025-12-07;17;0
5;2025-12-07;18;0
5;2025-12-07;19;0
5;2025-12-07;20;0
5;2025-12-07;21;0
5;2025-12-07;22;0
5;2025-12-07;23;0
5;2025-12-08;0;0
5;2025-12-08;1;0
5;2025-12-08;2;0
5;2025-12-08;3;0
5;2025-12-08;4;0
5;2025-12-08;5;0
5;2025-12-08;6;0
5;2025-12-08;7;0
5;2025-12-08;8;0
5;2025-12-08;9;0
5;2025-12-08;10;0
5;2025-12-08;11;0
5;2025-12-08;12;0
5;2025-12-08;13;0
5;2025-12-08;14;0
5;2025-12-08;15;0
5;2025-12-08;16;0
5;2025-12-08;17;0
5;2025-12-08;18;0
5;2025-12-08;19;0
5;2025-12-08;20;0
5;2025-12-08;21;0
5;2025-12-08;22;0
5;2025-12-08;23;0
5;2025-12-09;0;0
5;2025-12-09;1;0
5;2025-12-09;2;0
5;2025-12-09;3;0
5;2025-12-09;4;0
5;2025-12-09;5;0
5;2025-12-09;6;0
5;2025-12-09;7;0
5;2025-12-09;8;0
5;2025-12-09;9;0
5;2025-12-09;10;0
5;2025-12-09;11;0
5;2025-12-09;12;0
5;2025-12-09;13;0
5;2025-12-09;14;0
5;2025-12-09;15;0
5;2025-12-09;16;0
5;2025-12-09;17;0
5;2025-12-09;18;0
5;2025-12-09;19;0
5;2025-12-09;20;0
5;2025-12-09;21;0
5;2025-12-09;22;0
5;2025-12-09;23;0
5;2025-12-10;0;0
5;2025-12-10;1;0
5;2025-12-10;2;0
5;2025-12-10;3;0
5;2025-12-10;4;0
5;2025-12-10;5;0
5;2025-12-10;6;0
5;2025-12-10;7;0
5;2025-12-10;8;0
5;2025-12-10;9;0
5;2025-12-10;10;0
5;2025-12-10;11;0
5;2025-12-10;12;0
5;2025-12-10;13;0
5;2025-12-10;14;0
5;2025-12-10;15;0
5;2025-12-10;16;0
5;2025-12-10;17;0
5;2025-12-10;18;0
5;2025-12-10;19;0
5;2025-12-10;20;0
5;2025-12-10;21;0
5;2025-12-10;22;0
5;2025-12-10;23;0
5;2025-12-11;0;0
5;2025-12-11;1;0
5;2025-12-11;2;0
5;2025-12-11;3;0
5;2025-12-11;4;0
5;2025-12-11;5;0
5;2025-12-11;6;0
5;2025-12-11;7;0
5;2025-12-11;8;0
5;2025-12-11;9;0
5;2025-12-11;10;0
5;2025-12-11;11;0
5;2025-12-11;12;0
5;2025-12-11;13;0
5;2025-12-11;14;0
5;2025-12-11;15;0
5;2025-12-11;16;0
5;2025-12-11;17;0
5;2025-12-11;18;0
5;2025-12-11;19;0
5;2025-12-11;20;0
5;2025-12-11;21;0
5;2025-12-11;22;0
5;2025-12-11;23;0
5;2025-12-12;0;0
5;2025-12-12;1;0
5;2025-12-12;2;0
5;2025-12-12;3;0
5;2025-12-12;4;0
5;2025-12-12;5;0
5;2025-12-12;6;0
5;2025-12-12;7;0
5;2025-12-12;8;0
5;2025-12-12;9;0
5;2025-12-12;10;0
5;2025-12-12;11;0
5;2025-12-12;12;0
5;2025-12-12;13;0
5;2025-12-12;14;0
5;2025-12-12;15;0
5;2025-12-12;16;0
5;2025-12-12;17;0
5;2025-12-12;18;0
5;2025-12-12;19;0
5;2025-12-12;20;0
5;2025-12-12;21;0
5;2025-12-12;22;0
5;2025-12-12;23;0
5;2025-12-13;0;0
5;2025-12-13;1;0
5;2025-12-13;2;0
5;2025-12-13;3;0
5;2025-12-13;4;0
5;2025-12-13;5;0
5;2025-12-13;6;0
5;2025-12-13;7;0
5;2025-12-13;8;0
5;2025-12-13;9;0
5;2025-12-13;10;0
5;2025-12-13;11;0
5;2025-12-13;12;0
5;2025-12-13;13;0
5;2025-12-13;14;0
5;2025-12-13;15;0
5;2025-12-13;16;0
5;2025-12-13;17;0
5;2025-12-13;18;0
5;2025-12-13;19;0
5;2025-12-13;20;0
5;2025-12-13;21;0
5;2025-12-13;22;0
5;2025-12-13;23;0
5;2025-12-14;0;0
5;2025-12-14;1;0
5;2025-12-14;2;0
5;2025-12-14;3;0
5;2025-12-14;4;0
5;2025-12-14;5;0
5;2025-12-14;6;0
5;2025-12-14;7;0
5;2025-12-14;8;0
5;2025-12-14;9;0
5;2025-12-14;10;0
5;2025-12-14;11;0
5;2025-12-14;12;0
5;2025-12-14;13;0
5;2025-12-14;14;0
5;2025-12-14;15;0
5;2025-12-14;16;0
5;2025-12-14;17;0
5;2025-12-14;18;0
5;2025-12-14;19;0
5;2025-12-14;20;0
5;2025-12-14;21;0
5;2025-12-14;22;0
5;2025-12-14;23;0
5;2025-12-15;0;0
5;2025-12-15;1;0
5;2025-12-15;2;0
5;2025-12-15;3;0
5;2025-12-15;4;0
5;2025-12-15;5;0
5;2025-12-15;6;0
5;2025-12-15;7;0
5;2025-12-15;8;0
5;2025-12-15;9;0
5;2025-12-15;10;0
5;2025-12-15;11;0
5;2025-12-15;12;0
5;2025-12-15;13;0
5;2025-12-15;14;0
5;2025-12-15;15;0
5;2025-12-15;16;0
5;2025-12-15;17;0
5;2025-12-15;18;0
5;2025-12-15;19;0
5;2025-12-15;20;0
5;2025-12-15;21;0
5;2025-12-15;22;0
5;2025-12-15;23;0
5;2025-12-16;0;0
5;2025-12-16;1;0
5;2025-12-16;2;0
5;2025-12-16;3;0
5;2025-12-16;4;0
5;2025-12-16;5;0
5;2025-12-16;6;0
5;2025-12-16;7;0
5;2025-12-16;8;0
5;2025-12-16;9;0
5;2025-12-16;10;0
5;2025-12-16;11;0
5;2025-12-16;12;0
5;2025-12-16;13;0
5;2025-12-16;14;0
5;2025-12-16;15;0
5;2025-12-16;16;0
5;2025-12-16;17;0
5;2025-12-16;18;0
5;2025-12-16;19;0
5;2025-12-16;20;0
5;2025-12-16;21;0
5;2025-12-16;22;0
5;2025-12-16;23;0
5;2025-12-17;0;0
5;2025-12-17;1;0
5;2025-12-17;2;0
5;2025-12-17;3;0
5;2025-12-17;4;0
5;2025-12-17;5;0
5;2025-12-17;6;0
5;2025-12-17;7;0
5;2025-12-17;8;0
5;2025-12-17;9;0
5;2025-12-17;10;0
5;2025-12-17;11;0
5;2025-12-17;12;0
5;2025-12-17;13;0
5;2025-12-17;14;0
5;2025-12-17;15;0
5;2025-12-17;16;0
5;2025-12-17;17;0
5;2025-12-17;18;0
5;2025-12-17;19;0
5;2025-12-17;20;0
5;2025-12-17;21;0
5;2025-12-17;22;0
5;2025-12-17;23;0
5;2025-12-18;0;0
5;2025-12-18;1;0
5;2025-12-18;2;0
5;2025-12-18;3;0
5;2025-12-18;4;0
5;2025-12-18;5;0
5;2025-12-18;6;0
5;2025-12-18;7;0
5;2025-12-18;8;0
5;2025-12-18;9;0
5;2025-12-18;10;0
5;2025-12-18;11;0
5;2025-12-18;12;0
5;2025-12-18;13;0
5;2025-12-18;14;0
5;2025-12-18;15;0
5;2025-12-18;16;0
5;2025-12-18;17;0
5;2025-12-18;18;0
5;2025-12-18;19;0
5;2025-12-18;20;0
5;2025-12-18;21;0
5;2025-12-18;22;0
5;2025-12-18;23;0
5;2025-12-19;0;0
5;2025-12-19;1;0
5;2025-12-19;2;0
5;2025-12-19;3;0
5;2025-12-19;4;0
5;2025-12-19;5;0
5;2025-12-19;6;0
5;2025-12-19;7;0
5;2025-12-19;8;0
5;2025-12-19;9;0
5;2025-12-19;10;0
5;2025-12-19;11;0
5;2025-12-19;12;0
5;2025-12-19;13;0
5;2025-12-19;14;0
5;2025-12-19;15;0
5;2025-12-19;16;0
5;2025-12-19;17;0
5;2025-12-19;18;0
5;2025-12-19;19;0
5;2025-12-19;20;0
5;2025-12-19;21;0
5;2025-12-19;22;0
5;2025-12-19;23;0
5;2025-12-20;0;0
5;2025-12-20;1;0
5;2025-12-20;2;0
5;2025-12-20;3;0
5;2025-12-20;4;0
5;2025-12-20;5;0
5;2025-12-20;6;0
5;2025-12-20;7;0
5;2025-12-20;8;0
5;2025-12-20;9;0
5;2025-12-20;10;0
5;2025-12-20;11;0
5;2025-12-20;12;0
5;2025-12-20;13;0
5;2025-12-20;14;0
5;2025-12-20;15;0
5;2025-12-20;16;0
5;2025-12-20;17;0
5;2025-12-20;18;0
5;2025-12-20;19;0
5;2025-12-20;20;0
5;2025-12-20;21;0
5;2025-12-20;22;0
5;2025-12-20;23;0
5;2025-12-21;0;0
5;2025-12-21;1;0
5;2025-12-21;2;0
5;2025-12-21;3;0
5;2025-12-21;4;0
5;2025-12-21;5;0
5;2025-12-21;6;0
5;2025-12-21;7;0
5;2025-12-21;8;0
5;2025-12-21;9;0
5;2025-12-21;10;0
5;2025-12-21;11;0
5;2025-12-21;12;0
5;2025-12-21;13;0
5;2025-12-21;14;0
5;2025-12-21;15;0
5;2025-12-21;16;0
5;2025-12-21;17;0
5;2025-12-21;18;0
5;2025-12-21;19;0
5;2025-12-21;20;0
5;2025-12-21;21;0
5;2025-12-21;22;0
5;2025-12-21;23;0
5;2025-12-22;0;0
5;2025-12-22;1;0
5;2025-12-22;2;0
5;2025-12-22;3;0
5;2025-12-22;4;0
5;2025-12-22;5;0
5;2025-12-22;6;0
5;2025-12-22;7;0
5;2025-12-22;8;0
5;2025-12-22;9;0
5;2025-12-22;10;0
5;2025-12-22;11;0
5;2025-12-22;12;0
5;2025-12-22;13;0
5;2025-12-22;14;0
5;2025-12-22;15;0
5;2025-12-22;16;0
5;2025-12-22;17;0
5;2025-12-22;18;0
5;2025-12-22;19;0
5;2025-12-22;20;0
5;2025-12-22;21;0
5;2025-12-22;22;0
5;2025-12-22;23;0
5;2025-12-23;0;0
5;2025-12-23;1;0
5;2025-12-23;2;0
5;2025-12-23;3;0
5;2025-12-23;4;0
5;2025-12-23;5;0
5;2025-12-23;6;0
5;2025-12-23;7;0
5;2025-12-23;8;0
5;2025-12-23;9;0
5;2025-12-23;10;0
5;2025-12-23;11;0
5;2025-12-23;12;0
5;2025-12-23;13;0
5;2025-12-23;14;0
5;2025-12-23;15;0
5;2025-12-23;16;0
5;2025-12-23;17;0
5;2025-12-23;18;0
5;2025-12-23;19;0
5;2025-12-23;20;0
5;2025-12-23;21;0
5;2025-12-23;22;0
5;2025-12-23;23;0
5;2025-12-24;0;0
5;2025-12-24;1;0
5;2025-12-24;2;0
5;2025-12-24;3;0
5;2025-12-24;4;0
5;2025-12-24;5;0
5;2025-12-24;6;0
5;2025-12-24;7;0
5;2025-12-24;8;0
5;2025-12-24;9;0
5;2025-12-24;10;0
5;2025-12-24;11;0
5;2025-12-24;12;0
5;2025-12-24;13;0
5;2025-12-24;14;0
5;2025-12-24;15;0
5;2025-12-24;16;0
5;2025-12-24;17;0
5;2025-12-24;18;0
5;2025-12-24;19;0
5;2025-12-24;20;0
5;2025-12-24;21;0
5;2025-12-24;22;0
5;2025-12-24;23;0
5;2025-12-25;0;0
5;2025-12-25;1;0
5;2025-12-25;2;0
5;2025-12-25;3;0
5;2025-12-25;4;0
5;2025-12-25;5;0
5;2025-12-25;6;0
5;2025-12-25;7;0
5;2025-12-25;8;0
5;2025-12-25;9;0
5;2025-12-25;10;0
5;2025-12-25;11;0
5;2025-12-25;12;0
5;2025-12-25;13;0
5;2025-12-25;14;0
5;2025-12-25;15;0
5;2025-12-25;16;0
5;2025-12-25;17;0
5;2025-12-25;18;0
5;2025-12-25;19;0
5;2025-12-25;20;0
5;2025-12-25;21;0
5;2025-12-25;22;0
5;2025-12-25;23;0
5;2025-12-26;0;0
5;2025-12-26;1;0
5;2025-12-26;2;0
5;2025-12-26;3;0
5;2025-12-26;4;0
5;2025-12-26;5;0
5;2025-12-26;6;0
5;2025-12-26;7;0
5;2025-12-26;8;0
5;2025-12-26;9;0
5;2025-12-26;10;0
5;2025-12-26;11;0
5;2025-12-26;12;0
5;2025-12-26;13;0
5;2025-12-26;14;0
5;2025-12-26;15;0
5;2025-12-26;16;0
5;2025-12-26;17;0
5;2025-12-26;18;0
5;2025-12-26;19;0
5;2025-12-26;20;0
5;2025-12-26;21;0
5;2025-12-26;22;0
5;2025-12-26;23;0
5;2025-12-27;0;0
5;2025-12-27;1;0
5;2025-12-27;2;0
5;2025-12-27;3;0
5;2025-12-27;4;0
5;2025-12-27;5;0
5;2025-12-27;6;0
5;2025-12-27;7;0
5;2025-12-27;8;0
5;2025-12-27;9;0
5;2025-12-27;10;0
5;2025-12-27;11;0
5;2025-12-27;12;0
5;2025-12-27;13;0
5;2025-12-27;14;0
5;2025-12-27;15;0
5;2025-12-27;16;0
5;2025-12-27;17;0
5;2025-12-27;18;0
5;2025-12-27;19;0
5;2025-12-27;20;0
5;2025-12-27;21;0
5;2025-12-27;22;0
5;2025-12-27;23;0
5;2025-12-28;0;0
5;2025-12-28;1;0
5;2025-12-28;2;0
5;2025-12-28;3;0
5;2025-12-28;4;0
5;2025-12-28;5;0
5;2025-12-28;6;0
5;2025-12-28;7;0
5;2025-12-28;8;0
5;2025-12-28;9;0
5;2025-12-28;10;0
5;2025-12-28;11;0
5;2025-12-28;12;0
5;2025-12-28;13;0
5;2025-12-28;14;0
5;2025-12-28;15;0
5;2025-12-28;16;0
5;2025-12-28;17;0
5;2025-12-28;18;0
5;2025-12-28;19;0
5;2025-12-28;20;0
5;2025-12-28;21;0
5;2025-12-28;22;0
5;2025-12-28;23;0
5;2025-12-29;0;0
5;2025-12-29;1;0
5;2025-12-29;2;0
5;2025-12-29;3;0
5;2025-12-29;4;0
5;2025-12-29;5;0
5;2025-12-29;6;0
5;2025-12-29;7;0
5;2025-12-29;8;0
5;2025-12-29;9;0
5;2025-12-29;10;0
5;2025-12-29;11;0
5;2025-12-29;12;0
5;2025-12-29;13;0
5;2025-12-29;14;0
5;2025-12-29;15;0
5;2025-12-29;16;0
5;2025-12-29;17;0
5;2025-12-29;18;0
5;2025-12-29;19;0
5;2025-12-29;20;0
5;2025-12-29;21;0
5;2025-12-29;22;0
5;2025-12-29;23;0
5;2025-12-30;0;0
5;2025-12-30;1;0
5;2025-12-30;2;0
5;2025-12-30;3;0
5;2025-12-30;4;0
5;2025-12-30;5;0
5;2025-12-30;6;0
5;2025-12-30;7;0
5;2025-12-30;8;0
5;2025-12-30;9;0
5;2025-12-30;10;0
5;2025-12-30;11;0
5;2025-12-30;12;0
5;2025-12-30;13;0
5;2025-12-30;14;0
5;2025-12-30;15;0
5;2025-12-30;16;0
5;2025-12-30;17;0
5;2025-12-30;18;0
5;2025-12-30;19;0
5;2025-12-30;20;0
5;2025-12-30;21;0
5;2025-12-30;22;0
5;2025-12-30;23;0
5;2025-12-31;0;0
5;2025-12-31;1;0
5;2025-12-31;2;0
5;2025-12-31;3;0
5;2025-12-31;4;0
5;2025-12-31;5;0
5;2025-12-31;6;0
5;2025-12-31;7;0
5;2025-12-31;8;0
5;2025-12-31;9;0
5;2025-12-31;10;0
5;2025-12-31;11;0
5;2025-12-31;12;0
5;2025-12-31;13;0
5;2025-12-31;14;0
5;2025-12-31;15;0
5;2025-12-31;16;0
5;2025-12-31;17;0
5;2025-12-31;18;0
5;2025-12-31;19;0
5;2025-12-31;20;0
5;2025-12-31;21;0
5;2025-12-31;22;0
5;2025-12-31;23;0
7;2025-11-01;0;0
7;2025-11-01;1;0
7;2025-11-01;2;0
7;2025-11-01;3;0
7;2025-11-01;4;0
7;2025-11-01;5;0
7;2025-11-01;6;0
7;2025-11-01;7;0
7;2025-11-01;8;0
7;2025-11-01;9;0
7;2025-11-01;10;0
7;2025-11-01;11;0
7;2025-11-01;12;0
7;2025-11-01;13;0
7;2025-11-01;14;0
7;2025-11-01;15;0
7;2025-11-01;16;0
7;2025-11-01;17;0
7;2025-11-01;18;0
7;2025-11-01;19;0
7;2025-11-01;20;0
7;2025-11-01;21;0
7;2025-11-01;22;0
7;2025-11-01;23;0
7;2025-11-02;0;0
7;2025-11-02;1;0
7;2025-11-02;2;0
7;2025-11-02;3;0
7;2025-11-02;4;0
7;2025-11-02;5;0
7;2025-11-02;6;0
7;2025-11-02;7;0
7;2025-11-02;8;0
7;2025-11-02;9;0
7;2025-11-02;10;0
7;2025-11-02;11;0
7;2025-11-02;12;0
7;2025-11-02;13;0
7;2025-11-02;14;0
7;2025-11-02;15;0
7;2025-11-02;16;0
7;2025-11-02;17;0
7;2025-11-02;18;0
7;2025-11-02;19;0
7;2025-11-02;20;0
7;2025-11-02;21;0
7;2025-11-02;22;0
7;2025-11-02;23;0
7;2025-11-03;0;0
7;2025-11-03;1;0
7;2025-11-03;2;0
7;2025-11-03;3;0
7;2025-11-03;4;0
7;2025-11-03;5;0
7;2025-11-03;6;0
7;2025-11-03;7;0
7;2025-11-03;8;0
7;2025-11-03;9;0
7;2025-11-03;10;0
7;2025-11-03;11;0
7;2025-11-03;12;0
7;2025-11-03;13;0
7;2025-11-03;14;0
7;2025-11-03;15;0
7;2025-11-03;16;0
7;2025-11-03;17;0
7;2025-11-03;18;0
7;2025-11-03;19;0
7;2025-11-03;20;0
7;2025-11-03;21;0
7;2025-11-03;22;0
7;2025-11-03;23;0
7;2025-11-04;0;0
7;2025-11-04;1;0
7;2025-11-04;2;0
7;2025-11-04;3;0
7;2025-11-04;4;0
7;2025-11-04;5;0
7;2025-11-04;6;0
7;2025-11-04;7;0
7;2025-11-04;8;0
7;2025-11-04;9;0
7;2025-11-04;10;0
7;2025-11-04;11;0
7;2025-11-04;12;0
7;2025-11-04;13;0
7;2025-11-04;14;0
7;2025-11-04;15;0
7;2025-11-04;16;0
7;2025-11-04;17;0
7;2025-11-04;18;0
7;2025-11-04;19;0
7;2025-11-04;20;0
7;2025-11-04;21;0
7;2025-11-04;22;0
7;2025-11-04;23;0
7;2025-11-05;0;0
7;2025-11-05;1;0
7;2025-11-05;2;0
7;2025-11-05;3;0
7;2025-11-05;4;0
7;2025-11-05;5;0
7;2025-11-05;6;0
7;2025-11-05;7;0
7;2025-11-05;8;0
7;2025-11-05;9;0
7;2025-11-05;10;0
7;2025-11-05;11;0
7;2025-11-05;12;0
7;2025-11-05;13;0
7;2025-11-05;14;0
7;2025-11-05;15;0
7;2025-11-05;16;0
7;2025-11-05;17;0
7;2025-11-05;18;0
7;2025-11-05;19;0
7;2025-11-05;20;0
7;2025-11-05;21;0
7;2025-11-05;22;0
7;2025-11-05;23;0
7;2025-11-06;0;0
7;2025-11-06;1;0
7;2025-11-06;2;0
7;2025-11-06;3;0
7;2025-11-06;4;0
7;2025-11-06;5;0
7;2025-11-06;6;0
7;2025-11-06;7;0
7;2025-11-06;8;0
7;2025-11-06;9;0
7;2025-11-06;10;0
7;2025-11-06;11;0
7;2025-11-06;12;0
7;2025-11-06;13;0
7;2025-11-06;14;0
7;2025-11-06;15;0
7;2025-11-06;16;0
7;2025-11-06;17;0
7;2025-11-06;18;0
7;2025-11-06;19;0
7;2025-11-06;20;0
7;2025-11-06;21;0
7;2025-11-06;22;0
7;2025-11-06;23;0
7;2025-11-07;0;0
7;2025-11-07;1;0
7;2025-11-07;2;0
7;2025-11-07;3;0
7;2025-11-07;4;0
7;2025-11-07;5;0
7;2025-11-07;6;0
7;2025-11-07;7;0
7;2025-11-07;8;0
7;2025-11-07;9;0
7;2025-11-07;10;0
7;2025-11-07;11;0
7;2025-11-07;12;0
7;2025-11-07;13;0
7;2025-11-07;14;0
7;2025-11-07;15;0
7;2025-11-07;16;0
7;2025-11-07;17;0
7;2025-11-07;18;0
7;2025-11-07;19;0
7;2025-11-07;20;0
7;2025-11-07;21;0
7;2025-11-07;22;0
7;2025-11-07;23;0
7;2025-11-08;0;0
7;2025-11-08;1;0
7;2025-11-08;2;0
7;2025-11-08;3;0
7;2025-11-08;4;0
7;2025-11-08;5;0
7;2025-11-08;6;0
7;2025-11-08;7;0
7;2025-11-08;8;0
7;2025-11-08;9;0
7;2025-11-08;10;0
7;2025-11-08;11;0
7;2025-11-08;12;0
7;2025-11-08;13;0
7;2025-11-08;14;0
7;2025-11-08;15;0
7;2025-11-08;16;0
7;2025-11-08;17;0
7;2025-11-08;18;0
7;2025-11-08;19;0
7;2025-11-08;20;0
7;2025-11-08;21;0
7;2025-11-08;22;0
7;2025-11-08;23;0
7;2025-11-09;0;0
7;2025-11-09;1;0
7;2025-11-09;2;0
7;2025-11-09;3;0
7;2025-11-09;4;0
7;2025-11-09;5;0
7;2025-11-09;6;0
7;2025-11-09;7;0
7;2025-11-09;8;0
7;2025-11-09;9;0
7;2025-11-09;10;0
7;2025-11-09;11;0
7;2025-11-09;12;0
7;2025-11-09;13;0
7;2025-11-09;14;0
7;2025-11-09;15;0
7;2025-11-09;16;0
7;2025-11-09;17;0
7;2025-11-09;18;0
7;2025-11-09;19;0
7;2025-11-09;20;0
7;2025-11-09;21;0
7;2025-11-09;22;0
7;2025-11-09;23;0
7;2025-11-10;0;0
7;2025-11-10;1;0
7;2025-11-10;2;0
7;2025-11-10;3;0
7;2025-11-10;4;0
7;2025-11-10;5;0
7;2025-11-10;6;0
7;2025-11-10;7;0
7;2025-11-10;8;0
7;2025-11-10;9;0
7;2025-11-10;10;0
7;2025-11-10;11;0
7;2025-11-10;12;0
7;2025-11-10;13;0
7;2025-11-10;14;0
7;2025-11-10;15;0
7;2025-11-10;16;0
7;2025-11-10;17;0
7;2025-11-10;18;0
7;2025-11-10;19;0
7;2025-11-10;20;0
7;2025-11-10;21;0
7;2025-11-10;22;0
7;2025-11-10;23;0
7;2025-11-11;0;0
7;2025-11-11;1;0
7;2025-11-11;2;0
7;2025-11-11;3;0
7;2025-11-11;4;0
7;2025-11-11;5;0
7;2025-11-11;6;0
7;2025-11-11;7;0
7;2025-11-11;8;0
7;2025-11-11;9;0
7;2025-11-11;10;0
7;2025-11-11;11;0
7;2025-11-11;12;0
7;2025-11-11;13;0
7;2025-11-11;14;0
7;2025-11-11;15;0
7;2025-11-11;16;0
7;2025-11-11;17;0
7;2025-11-11;18;0
7;2025-11-11;19;0
7;2025-11-11;20;0
7;2025-11-11;21;0
7;2025-11-11;22;0
7;2025-11-11;23;0
7;2025-11-12;0;0
7;2025-11-12;1;0
7;2025-11-12;2;0
7;2025-11-12;3;0
7;2025-11-12;4;0
7;2025-11-12;5;0
7;2025-11-12;6;0
7;2025-11-12;7;0
7;2025-11-12;8;0
7;2025-11-12;9;0
7;2025-11-12;10;0
7;2025-11-12;11;0
7;2025-11-12;12;0
7;2025-11-12;13;0
7;2025-11-12;14;0
7;2025-11-12;15;0
7;2025-11-12;16;0
7;2025-11-12;17;0
7;2025-11-12;18;0
7;2025-11-12;19;0
7;2025-11-12;20;0
7;2025-11-12;21;0
7;2025-11-12;22;0
7;2025-11-12;23;0
7;2025-11-13;0;0
7;2025-11-13;1;0
7;2025-11-13;2;0
7;2025-11-13;3;0
7;2025-11-13;4;0
7;2025-11-13;5;0
7;2025-11-13;6;0
7;2025-11-13;7;0
7;2025-11-13;8;0
7;2025-11-13;9;0
7;2025-11-13;10;0
7;2025-11-13;11;0
7;2025-11-13;12;0
7;2025-11-13;13;0
7;2025-11-13;14;0
7;2025-11-13;15;0
7;2025-11-13;16;0
7;2025-11-13;17;0
7;2025-11-13;18;0
7;2025-11-13;19;0
7;2025-11-13;20;0
7;2025-11-13;21;0
7;2025-11-13;22;0
7;2025-11-13;23;0
7;2025-11-14;0;0
7;2025-11-14;1;0
7;2025-11-14;2;0
7;2025-11-14;3;0
7;2025-11-14;4;0
7;2025-11-14;5;0
7;2025-11-14;6;0
7;2025-11-14;7;0
7;2025-11-14;8;0
7;2025-11-14;9;0
7;2025-11-14;10;0
7;2025-11-14;11;0
7;2025-11-14;12;0
7;2025-11-14;13;0
7;2025-11-14;14;0
7;2025-11-14;15;0
7;2025-11-14;16;0
7;2025-11-14;17;0
7;2025-11-14;18;0
7;2025-11-14;19;0
7;2025-11-14;20;0
7;2025-11-14;21;0
7;2025-11-14;22;0
7;2025-11-14;23;0
7;2025-11-15;0;0
7;2025-11-15;1;0
7;2025-11-15;2;0
7;2025-11-15;3;0
7;2025-11-15;4;0
7;2025-11-15;5;0
7;2025-11-15;6;0
7;2025-11-15;7;0
7;2025-11-15;8;0
7;2025-11-15;9;0
7;2025-11-15;10;0
7;2025-11-15;11;0
7;2025-11-15;12;0
7;2025-11-15;13;0
7;2025-11-15;14;0
7;2025-11-15;15;0
7;2025-11-15;16;0
7;2025-11-15;17;0
7;2025-11-15;18;0
7;2025-11-15;19;0
7;2025-11-15;20;0
7;2025-11-15;21;0
7;2025-11-15;22;0
7;2025-11-15;23;0
7;2025-11-16;0;0
7;2025-11-16;1;0
7;2025-11-16;2;0
7;2025-11-16;3;0
7;2025-11-16;4;0
7;2025-11-16;5;0
7;2025-11-16;6;0
7;2025-11-16;7;0
7;2025-11-16;8;0
7;2025-11-16;9;0
7;2025-11-16;10;0
7;2025-11-16;11;0
7;2025-11-16;12;0
7;2025-11-16;13;0
7;2025-11-16;14;0
7;2025-11-16;15;0
7;2025-11-16;16;0
7;2025-11-16;17;0
7;2025-11-16;18;0
7;2025-11-16;19;0
7;2025-11-16;20;0
7;2025-11-16;21;0
7;2025-11-16;22;0
7;2025-11-16;23;0
7;2025-11-17;0;0
7;2025-11-17;1;0
7;2025-11-17;2;0
7;2025-11-17;3;0
7;2025-11-17;4;0
7;2025-11-17;5;0
7;2025-11-17;6;0
7;2025-11-17;7;0
7;2025-11-17;8;0
7;2025-11-17;9;0
7;2025-11-17;10;0
7;2025-11-17;11;0
7;2025-11-17;12;0
7;2025-11-17;13;0
7;2025-11-17;14;0
7;2025-11-17;15;0
7;2025-11-17;16;0
7;2025-11-17;17;0
7;2025-11-17;18;0
7;2025-11-17;19;0
7;2025-11-17;20;0
7;2025-11-17;21;0
7;2025-11-17;22;0
7;2025-11-17;23;0
7;2025-11-18;0;0
7;2025-11-18;1;0
7;2025-11-18;2;0
7;2025-11-18;3;0
7;2025-11-18;4;0
7;2025-11-18;5;0
7;2025-11-18;6;0
7;2025-11-18;7;0
7;2025-11-18;8;0
7;2025-11-18;9;0
7;2025-11-18;10;0
7;2025-11-18;11;0
7;2025-11-18;12;0
7;2025-11-18;13;0
7;2025-11-18;14;0
7;2025-11-18;15;0
7;2025-11-18;16;0
7;2025-11-18;17;0
7;2025-11-18;18;0
7;2025-11-18;19;0
7;2025-11-18;20;0
7;2025-11-18;21;0
7;2025-11-18;22;0
7;2025-11-18;23;0
7;2025-11-19;0;0
7;2025-11-19;1;0
7;2025-11-19;2;0
7;2025-11-19;3;0
7;2025-11-19;4;0
7;2025-11-19;5;0
7;2025-11-19;6;0
7;2025-11-19;7;0
7;2025-11-19;8;0
7;2025-11-19;9;0
7;2025-11-19;10;0
7;2025-11-19;11;0
7;2025-11-19;12;0
7;2025-11-19;13;0
7;2025-11-19;14;0
7;2025-11-19;15;0
7;2025-11-19;16;0
7;2025-11-19;17;0
7;2025-11-19;18;0
7;2025-11-19;19;0
7;2025-11-19;20;0
7;2025-11-19;21;0
7;2025-11-19;22;0
7;2025-11-19;23;0
7;2025-11-20;0;0
7;2025-11-20;1;0
7;2025-11-20;2;0
7;2025-11-20;3;0
7;2025-11-20;4;0
7;2025-11-20;5;0
7;2025-11-20;6;0
7;2025-11-20;7;0
7;2025-11-20;8;0
7;2025-11-20;9;0
7;2025-11-20;10;0
7;2025-11-20;11;0
7;2025-11-20;12;0
7;2025-11-20;13;0
7;2025-11-20;14;0
7;2025-11-20;15;0
7;2025-11-20;16;0
7;2025-11-20;17;0
7;2025-11-20;18;0
7;2025-11-20;19;0
7;2025-11-20;20;0
7;2025-11-20;21;0
7;2025-11-20;22;0
7;2025-11-20;23;0
7;2025-11-21;0;0
7;2025-11-21;1;0
7;2025-11-21;2;0
7;2025-11-21;3;0
7;2025-11-21;4;0
7;2025-11-21;5;0
7;2025-11-21;6;0
7;2025-11-21;7;0
7;2025-11-21;8;0
7;2025-11-21;9;0
7;2025-11-21;10;0
7;2025-11-21;11;0
7;2025-11-21;12;0
7;2025-11-21;13;0
7;2025-11-21;14;0
7;2025-11-21;15;0
7;2025-11-21;16;0
7;2025-11-21;17;0
7;2025-11-21;18;0
7;2025-11-21;19;0
7;2025-11-21;20;0
7;2025-11-21;21;0
7;2025-11-21;22;0
7;2025-11-21;23;0
7;2025-11-22;0;0
7;2025-11-22;1;0
7;2025-11-22;2;0
7;2025-11-22;3;0
7;2025-11-22;4;0
7;2025-11-22;5;0
7;2025-11-22;6;0
7;2025-11-22;7;0
7;2025-11-22;8;0
7;2025-11-22;9;0
7;2025-11-22;10;0
7;2025-11-22;11;0
7;2025-11-22;12;0
7;2025-11-22;13;0
7;2025-11-22;14;0
7;2025-11-22;15;0
7;2025-11-22;16;0
7;2025-11-22;17;0
7;2025-11-22;18;0
7;2025-11-22;19;0
7;2025-11-22;20;0
7;2025-11-22;21;0
7;2025-11-22;22;0
7;2025-11-22;23;0
7;2025-11-23;0;0
7;2025-11-23;1;0
7;2025-11-23;2;0
7;2025-11-23;3;0
7;2025-11-23;4;0
7;2025-11-23;5;0
7;2025-11-23;6;0
7;2025-11-23;7;0
7;2025-11-23;8;0
7;2025-11-23;9;0
7;2025-11-23;10;0
7;2025-11-23;11;0
7;2025-11-23;12;0
7;2025-11-23;13;0
7;2025-11-23;14;0
7;2025-11-23;15;0
7;2025-11-23;16;0
7;2025-11-23;17;0
7;2025-11-23;18;0
7;2025-11-23;19;0
7;2025-11-23;20;0
7;2025-11-23;21;0
7;2025-11-23;22;0
7;2025-11-23;23;0
7;2025-11-24;0;0
7;2025-11-24;1;0
7;2025-11-24;2;0
7;2025-11-24;3;0
7;2025-11-24;4;0
7;2025-11-24;5;0
7;2025-11-24;6;0
7;2025-11-24;7;0
7;2025-11-24;8;0
7;2025-11-24;9;0
7;2025-11-24;10;0
7;2025-11-24;11;0
7;2025-11-24;12;0
7;2025-11-24;13;0
7;2025-11-24;14;0
7;2025-11-24;15;0
7;2025-11-24;16;0
7;2025-11-24;17;0
7;2025-11-24;18;0
7;2025-11-24;19;0
7;2025-11-24;20;0
7;2025-11-24;21;0
7;2025-11-24;22;0
7;2025-11-24;23;0
7;2025-11-25;0;0
7;2025-11-25;1;0
7;2025-11-25;2;0
7;2025-11-25;3;0
7;2025-11-25;4;0
7;2025-11-25;5;0
7;2025-11-25;6;0
7;2025-11-25;7;0
7;2025-11-25;8;0
7;2025-11-25;9;0
7;2025-11-25;10;0
7;2025-11-25;11;0
7;2025-11-25;12;0
7;2025-11-25;13;0
7;2025-11-25;14;0
7;2025-11-25;15;0
7;2025-11-25;16;0
7;2025-11-25;17;0
7;2025-11-25;18;0
7;2025-11-25;19;0
7;2025-11-25;20;0
7;2025-11-25;21;0
7;2025-11-25;22;0
7;2025-11-25;23;0
7;2025-11-26;0;0
7;2025-11-26;1;0
7;2025-11-26;2;0
7;2025-11-26;3;0
7;2025-11-26;4;0
7;2025-11-26;5;0
7;2025-11-26;6;0
7;2025-11-26;7;0
7;2025-11-26;8;0
7;2025-11-26;9;0
7;2025-11-26;10;0
7;2025-11-26;11;0
7;2025-11-26;12;0
7;2025-11-26;13;0
7;2025-11-26;14;0
7;2025-11-26;15;0
7;2025-11-26;16;0
7;2025-11-26;17;0
7;2025-11-26;18;0
7;2025-11-26;19;0
7;2025-11-26;20;0
7;2025-11-26;21;0
7;2025-11-26;22;0
7;2025-11-26;23;0
7;2025-11-27;0;0
7;2025-11-27;1;0
7;2025-11-27;2;0
7;2025-11-27;3;0
7;2025-11-27;4;0
7;2025-11-27;5;0
7;2025-11-27;6;0
7;2025-11-27;7;0
7;2025-11-27;8;0
7;2025-11-27;9;0
7;2025-11-27;10;0
7;2025-11-27;11;0
7;2025-11-27;12;0
7;2025-11-27;13;0
7;2025-11-27;14;0
7;2025-11-27;15;0
7;2025-11-27;16;0
7;2025-11-27;17;0
7;2025-11-27;18;0
7;2025-11-27;19;0
7;2025-11-27;20;0
7;2025-11-27;21;0
7;2025-11-27;22;0
7;2025-11-27;23;0
7;2025-11-28;0;0
7;2025-11-28;1;0
7;2025-11-28;2;0
7;2025-11-28;3;0
7;2025-11-28;4;0
7;2025-11-28;5;0
7;2025-11-28;6;0
7;2025-11-28;7;0
7;2025-11-28;8;0
7;2025-11-28;9;0
7;2025-11-28;10;0
7;2025-11-28;11;0
7;2025-11-28;12;0
7;2025-11-28;13;0
7;2025-11-28;14;0
7;2025-11-28;15;0
7;2025-11-28;16;0
7;2025-11-28;17;0
7;2025-11-28;18;0
7;2025-11-28;19;0
7;2025-11-28;20;0
7;2025-11-28;21;0
7;2025-11-28;22;0
7;2025-11-28;23;0
7;2025-11-29;0;0
7;2025-11-29;1;0
7;2025-11-29;2;0
7;2025-11-29;3;0
7;2025-11-29;4;0
7;2025-11-29;5;0
7;2025-11-29;6;0
7;2025-11-29;7;0
7;2025-11-29;8;0
7;2025-11-29;9;0
7;2025-11-29;10;0
7;2025-11-29;11;0
7;2025-11-29;12;0
7;2025-11-29;13;0
7;2025-11-29;14;0
7;2025-11-29;15;0
7;2025-11-29;16;0
7;2025-11-29;17;0
7;2025-11-29;18;0
7;2025-11-29;19;0
7;2025-11-29;20;0
7;2025-11-29;21;0
7;2025-11-29;22;0
7;2025-11-29;23;0
7;2025-11-30;0;0
7;2025-11-30;1;0
7;2025-11-30;2;0
7;2025-11-30;3;0
7;2025-11-30;4;0
7;2025-11-30;5;0
7;2025-11-30;6;0
7;2025-11-30;7;0
7;2025-11-30;8;0
7;2025-11-30;9;0
7;2025-11-30;10;0
7;2025-11-30;11;0
7;2025-11-30;12;0
7;2025-11-30;13;0
7;2025-11-30;14;0
7;2025-11-30;15;0
7;2025-11-30;16;0
7;2025-11-30;17;0
7;2025-11-30;18;0
7;2025-11-30;19;0
7;2025-11-30;20;0
7;2025-11-30;21;0
7;2025-11-30;22;0
7;2025-11-30;23;0
7;2025-12-01;0;0
7;2025-12-01;1;0
7;2025-12-01;2;0
7;2025-12-01;3;0
7;2025-12-01;4;0
7;2025-12-01;5;0
7;2025-12-01;6;0
7;2025-12-01;7;0
7;2025-12-01;8;0
7;2025-12-01;9;0
7;2025-12-01;10;0
7;2025-12-01;11;0
7;2025-12-01;12;0
7;2025-12-01;13;0
7;2025-12-01;14;0
7;2025-12-01;15;0
7;2025-12-01;16;0
7;2025-12-01;17;0
7;2025-12-01;18;0
7;2025-12-01;19;0
7;2025-12-01;20;0
7;2025-12-01;21;0
7;2025-12-01;22;0
7;2025-12-01;23;0
7;2025-12-02;0;0
7;2025-12-02;1;0
7;2025-12-02;2;0
7;2025-12-02;3;0
7;2025-12-02;4;0
7;2025-12-02;5;0
7;2025-12-02;6;0
7;2025-12-02;7;0
7;2025-12-02;8;0
7;2025-12-02;9;0
7;2025-12-02;10;0
7;2025-12-02;11;0
7;2025-12-02;12;0
7;2025-12-02;13;0
7;2025-12-02;14;0
7;2025-12-02;15;0
7;2025-12-02;16;0
7;2025-12-02;17;0
7;2025-12-02;18;0
7;2025-12-02;19;0
7;2025-12-02;20;0
7;2025-12-02;21;0
7;2025-12-02;22;0
7;2025-12-02;23;0
7;2025-12-03;0;0
7;2025-12-03;1;0
7;2025-12-03;2;0
7;2025-12-03;3;0
7;2025-12-03;4;0
7;2025-12-03;5;0
7;2025-12-03;6;0
7;2025-12-03;7;0
7;2025-12-03;8;0
7;2025-12-03;9;0
7;2025-12-03;10;0
7;2025-12-03;11;0
7;2025-12-03;12;0
7;2025-12-03;13;0
7;2025-12-03;14;0
7;2025-12-03;15;0
7;2025-12-03;16;0
7;2025-12-03;17;0
7;2025-12-03;18;0
7;2025-12-03;19;0
7;2025-12-03;20;0
7;2025-12-03;21;0
7;2025-12-03;22;0
7;2025-12-03;23;0
7;2025-12-04;0;0
7;2025-12-04;1;0
7;2025-12-04;2;0
7;2025-12-04;3;0
7;2025-12-04;4;0
7;2025-12-04;5;0
7;2025-12-04;6;0
7;2025-12-04;7;0
7;2025-12-04;8;0
7;2025-12-04;9;0
7;2025-12-04;10;0
7;2025-12-04;11;0
7;2025-12-04;12;0
7;2025-12-04;13;0
7;2025-12-04;14;0
7;2025-12-04;15;0
7;2025-12-04;16;0
7;2025-12-04;17;0
7;2025-12-04;18;0
7;2025-12-04;19;0
7;2025-12-04;20;0
7;2025-12-04;21;0
7;2025-12-04;22;0
7;2025-12-04;23;0
7;2025-12-05;0;0
7;2025-12-05;1;0
7;2025-12-05;2;0
7;2025-12-05;3;0
7;2025-12-05;4;0
7;2025-12-05;5;0
7;2025-12-05;6;0
7;2025-12-05;7;0
7;2025-12-05;8;0
7;2025-12-05;9;0
7;2025-12-05;10;0
7;2025-12-05;11;0
7;2025-12-05;12;0
7;2025-12-05;13;0
7;2025-12-05;14;0
7;2025-12-05;15;0
7;2025-12-05;16;0
7;2025-12-05;17;0
7;2025-12-05;18;0
7;2025-12-05;19;0
7;2025-12-05;20;0
7;2025-12-05;21;0
7;2025-12-05;22;0
7;2025-12-05;23;0
7;2025-12-06;0;0
7;2025-12-06;1;0
7;2025-12-06;2;0
7;2025-12-06;3;0
7;2025-12-06;4;0
7;2025-12-06;5;0
7;2025-12-06;6;0
7;2025-12-06;7;0
7;2025-12-06;8;0
7;2025-12-06;9;0
7;2025-12-06;10;0
7;2025-12-06;11;0
7;2025-12-06;12;0
7;2025-12-06;13;0
7;2025-12-06;14;0
7;2025-12-06;15;0
7;2025-12-06;16;0
7;2025-12-06;17;0
7;2025-12-06;18;0
7;2025-12-06;19;0
7;2025-12-06;20;0
7;2025-12-06;21;0
7;2025-12-06;22;0
7;2025-12-06;23;0
7;2025-12-07;0;0
7;2025-12-07;1;0
7;2025-12-07;2;0
7;2025-12-07;3;0
7;2025-12-07;4;0
7;2025-12-07;5;0
7;2025-12-07;6;0
7;2025-12-07;7;0
7;2025-12-07;8;0
7;2025-12-07;9;0
7;2025-12-07;10;0
7;2025-12-07;11;0
7;2025-12-07;12;0
7;2025-12-07;13;0
7;2025-12-07;14;0
7;2025-12-07;15;0
7;2025-12-07;16;0
7;2025-12-07;17;0
7;2025-12-07;18;0
7;2025-12-07;19;0
7;2025-12-07;20;0
7;2025-12-07;21;0
7;2025-12-07;22;0
7;2025-12-07;23;0
7;2025-12-08;0;0
7;2025-12-08;1;0
7;2025-12-08;2;0
7;2025-12-08;3;0
7;2025-12-08;4;0
7;2025-12-08;5;0
7;2025-12-08;6;0
7;2025-12-08;7;0
7;2025-12-08;8;0
7;2025-12-08;9;0
7;2025-12-08;10;0
7;2025-12-08;11;0
7;2025-12-08;12;0
7;2025-12-08;13;0
7;2025-12-08;14;0
7;2025-12-08;15;0
7;2025-12-08;16;0
7;2025-12-08;17;0
7;2025-12-08;18;0
7;2025-12-08;19;0
7;2025-12-08;20;0
7;2025-12-08;21;0
7;2025-12-08;22;0
7;2025-12-08;23;0
7;2025-12-09;0;0
7;2025-12-09;1;0
7;2025-12-09;2;0
7;2025-12-09;3;0
7;2025-12-09;4;0
7;2025-12-09;5;0
7;2025-12-09;6;0
7;2025-12-09;7;0
7;2025-12-09;8;0
7;2025-12-09;9;0
7;2025-12-09;10;0
7;2025-12-09;11;0
7;2025-12-09;12;0
7;2025-12-09;13;0
7;2025-12-09;14;0
7;2025-12-09;15;0
7;2025-12-09;16;0
7;2025-12-09;17;0
7;2025-12-09;18;0
7;2025-12-09;19;0
7;2025-12-09;20;0
7;2025-12-09;21;0
7;2025-12-09;22;0
7;2025-12-09;23;0
7;2025-12-10;0;0
7;2025-12-10;1;0
7;2025-12-10;2;0
7;2025-12-10;3;0
7;2025-12-10;4;0
7;2025-12-10;5;0
7;2025-12-10;6;0
7;2025-12-10;7;0
7;2025-12-10;8;0
7;2025-12-10;9;0
7;2025-12-10;10;0
7;2025-12-10;11;0
7;2025-12-10;12;0
7;2025-12-10;13;0
7;2025-12-10;14;0
7;2025-12-10;15;0
7;2025-12-10;16;0
7;2025-12-10;17;0
7;2025-12-10;18;0
7;2025-12-10;19;0
7;2025-12-10;20;0
7;2025-12-10;21;0
7;2025-12-10;22;0
7;2025-12-10;23;0
7;2025-12-11;0;0
7;2025-12-11;1;0
7;2025-12-11;2;0
7;2025-12-11;3;0
7;2025-12-11;4;0
7;2025-12-11;5;0
7;2025-12-11;6;0
7;2025-12-11;7;0
7;2025-12-11;8;0
7;2025-12-11;9;0
7;2025-12-11;10;0
7;2025-12-11;11;0
7;2025-12-11;12;0
7;2025-12-11;13;0
7;2025-12-11;14;0
7;2025-12-11;15;0
7;2025-12-11;16;0
7;2025-12-11;17;0
7;2025-12-11;18;0
7;2025-12-11;19;0
7;2025-12-11;20;0
7;2025-12-11;21;0
7;2025-12-11;22;0
7;2025-12-11;23;0
7;2025-12-12;0;0
7;2025-12-12;1;0
7;2025-12-12;2;0
7;2025-12-12;3;0
7;2025-12-12;4;0
7;2025-12-12;5;0
7;2025-12-12;6;0
7;2025-12-12;7;0
7;2025-12-12;8;0
7;2025-12-12;9;0
7;2025-12-12;10;0
7;2025-12-12;11;0
7;2025-12-12;12;0
7;2025-12-12;13;0
7;2025-12-12;14;0
7;2025-12-12;15;0
7;2025-12-12;16;0
7;2025-12-12;17;0
7;2025-12-12;18;0
7;2025-12-12;19;0
7;2025-12-12;20;0
7;2025-12-12;21;0
7;2025-12-12;22;0
7;2025-12-12;23;0
7;2025-12-13;0;0
7;2025-12-13;1;0
7;2025-12-13;2;0
7;2025-12-13;3;0
7;2025-12-13;4;0
7;2025-12-13;5;0
7;2025-12-13;6;0
7;2025-12-13;7;0
7;2025-12-13;8;0
7;2025-12-13;9;0
7;2025-12-13;10;0
7;2025-12-13;11;0
7;2025-12-13;12;0
7;2025-12-13;13;0
7;2025-12-13;14;0
7;2025-12-13;15;0
7;2025-12-13;16;0
7;2025-12-13;17;0
7;2025-12-13;18;0
7;2025-12-13;19;0
7;2025-12-13;20;0
7;2025-12-13;21;0
7;2025-12-13;22;0
7;2025-12-13;23;0
7;2025-12-14;0;0
7;2025-12-14;1;0
7;2025-12-14;2;0
7;2025-12-14;3;0
7;2025-12-14;4;0
7;2025-12-14;5;0
7;2025-12-14;6;0
7;2025-12-14;7;0
7;2025-12-14;8;0
7;2025-12-14;9;0
7;2025-12-14;10;0
7;2025-12-14;11;0
7;2025-12-14;12;0
7;2025-12-14;13;0
7;2025-12-14;14;0
7;2025-12-14;15;0
7;2025-12-14;16;0
7;2025-12-14;17;0
7;2025-12-14;18;0
7;2025-12-14;19;0
7;2025-12-14;20;0
7;2025-12-14;21;0
7;2025-12-14;22;0
7;2025-12-14;23;0
7;2025-12-15;0;0
7;2025-12-15;1;0
7;2025-12-15;2;0
7;2025-12-15;3;0
7;2025-12-15;4;0
7;2025-12-15;5;0
7;2025-12-15;6;0
7;2025-12-15;7;0
7;2025-12-15;8;0
7;2025-12-15;9;0
7;2025-12-15;10;0
7;2025-12-15;11;0
7;2025-12-15;12;0
7;2025-12-15;13;0
7;2025-12-15;14;0
7;2025-12-15;15;0
7;2025-12-15;16;0
7;2025-12-15;17;0
7;2025-12-15;18;0
7;2025-12-15;19;0
7;2025-12-15;20;0
7;2025-12-15;21;0
7;2025-12-15;22;0
7;2025-12-15;23;0
7;2025-12-16;0;0
7;2025-12-16;1;0
7;2025-12-16;2;0
7;2025-12-16;3;0
7;2025-12-16;4;0
7;2025-12-16;5;0
7;2025-12-16;6;0
7;2025-12-16;7;0
7;2025-12-16;8;0
7;2025-12-16;9;0
7;2025-12-16;10;0
7;2025-12-16;11;0
7;2025-12-16;12;0
7;2025-12-16;13;0
7;2025-12-16;14;0
7;2025-12-16;15;0
7;2025-12-16;16;0
7;2025-12-16;17;0
7;2025-12-16;18;0
7;2025-12-16;19;0
7;2025-12-16;20;0
7;2025-12-16;21;0
7;2025-12-16;22;0
7;2025-12-16;23;0
7;2025-12-17;0;0
7;2025-12-17;1;0
7;2025-12-17;2;0
7;2025-12-17;3;0
7;2025-12-17;4;0
7;2025-12-17;5;0
7;2025-12-17;6;0
7;2025-12-17;7;0
7;2025-12-17;8;0
7;2025-12-17;9;0
7;2025-12-17;10;0
7;2025-12-17;11;0
7;2025-12-17;12;0
7;2025-12-17;13;0
7;2025-12-17;14;0
7;2025-12-17;15;0
7;2025-12-17;16;0
7;2025-12-17;17;0
7;2025-12-17;18;0
7;2025-12-17;19;0
7;2025-12-17;20;0
7;2025-12-17;21;0
7;2025-12-17;22;0
7;2025-12-17;23;0
7;2025-12-18;0;0
7;2025-12-18;1;0
7;2025-12-18;2;0
7;2025-12-18;3;0
7;2025-12-18;4;0
7;2025-12-18;5;0
7;2025-12-18;6;0
7;2025-12-18;7;0
7;2025-12-18;8;0
7;2025-12-18;9;0
7;2025-12-18;10;0
7;2025-12-18;11;0
7;2025-12-18;12;0
7;2025-12-18;13;0
7;2025-12-18;14;0
7;2025-12-18;15;0
7;2025-12-18;16;0
7;2025-12-18;17;0
7;2025-12-18;18;0
7;2025-12-18;19;0
7;2025-12-18;20;0
7;2025-12-18;21;0
7;2025-12-18;22;0
7;2025-12-18;23;0
7;2025-12-19;0;0
7;2025-12-19;1;0
7;2025-12-19;2;0
7;2025-12-19;3;0
7;2025-12-19;4;0
7;2025-12-19;5;0
7;2025-12-19;6;0
7;2025-12-19;7;0
7;2025-12-19;8;0
7;2025-12-19;9;0
7;2025-12-19;10;0
7;2025-12-19;11;0
7;2025-12-19;12;0
7;2025-12-19;13;0
7;2025-12-19;14;0
7;2025-12-19;15;0
7;2025-12-19;16;0
7;2025-12-19;17;0
7;2025-12-19;18;0
7;2025-12-19;19;0
7;2025-12-19;20;0
7;2025-12-19;21;0
7;2025-12-19;22;0
7;2025-12-19;23;0
7;2025-12-20;0;0
7;2025-12-20;1;0
7;2025-12-20;2;0
7;2025-12-20;3;0
7;2025-12-20;4;0
7;2025-12-20;5;0
7;2025-12-20;6;0
7;2025-12-20;7;0
7;2025-12-20;8;0
7;2025-12-20;9;0
7;2025-12-20;10;0
7;2025-12-20;11;0
7;2025-12-20;12;0
7;2025-12-20;13;0
7;2025-12-20;14;0
7;2025-12-20;15;0
7;2025-12-20;16;0
7;2025-12-20;17;0
7;2025-12-20;18;0
7;2025-12-20;19;0
7;2025-12-20;20;0
7;2025-12-20;21;0
7;2025-12-20;22;0
7;2025-12-20;23;0
7;2025-12-21;0;0
7;2025-12-21;1;0
7;2025-12-21;2;0
7;2025-12-21;3;0
7;2025-12-21;4;0
7;2025-12-21;5;0
7;2025-12-21;6;0
7;2025-12-21;7;0
7;2025-12-21;8;0
7;2025-12-21;9;0
7;2025-12-21;10;0
7;2025-12-21;11;0
7;2025-12-21;12;0
7;2025-12-21;13;0
7;2025-12-21;14;0
7;2025-12-21;15;0
7;2025-12-21;16;0
7;2025-12-21;17;0
7;2025-12-21;18;0
7;2025-12-21;19;0
7;2025-12-21;20;0
7;2025-12-21;21;0
7;2025-12-21;22;0
7;2025-12-21;23;0
7;2025-12-22;0;0
7;2025-12-22;1;0
7;2025-12-22;2;0
7;2025-12-22;3;0
7;2025-12-22;4;0
7;2025-12-22;5;0
7;2025-12-22;6;0
7;2025-12-22;7;0
7;2025-12-22;8;0
7;2025-12-22;9;0
7;2025-12-22;10;0
7;2025-12-22;11;0
7;2025-12-22;12;0
7;2025-12-22;13;0
7;2025-12-22;14;0
7;2025-12-22;15;0
7;2025-12-22;16;0
7;2025-12-22;17;0
7;2025-12-22;18;0
7;2025-12-22;19;0
7;2025-12-22;20;0
7;2025-12-22;21;0
7;2025-12-22;22;0
7;2025-12-22;23;0
7;2025-12-23;0;0
7;2025-12-23;1;0
7;2025-12-23;2;0
7;2025-12-23;3;0
7;2025-12-23;4;0
7;2025-12-23;5;0
7;2025-12-23;6;0
7;2025-12-23;7;0
7;2025-12-23;8;0
7;2025-12-23;9;0
7;2025-12-23;10;0
7;2025-12-23;11;0
7;2025-12-23;12;0
7;2025-12-23;13;0
7;2025-12-23;14;0
7;2025-12-23;15;0
7;2025-12-23;16;0
7;2025-12-23;17;0
7;2025-12-23;18;0
7;2025-12-23;19;0
7;2025-12-23;20;0
7;2025-12-23;21;0
7;2025-12-23;22;0
7;2025-12-23;23;0
7;2025-12-24;0;0
7;2025-12-24;1;0
7;2025-12-24;2;0
7;2025-12-24;3;0
7;2025-12-24;4;0
7;2025-12-24;5;0
7;2025-12-24;6;0
7;2025-12-24;7;0
7;2025-12-24;8;0
7;2025-12-24;9;0
7;2025-12-24;10;0
7;2025-12-24;11;0
7;2025-12-24;12;0
7;2025-12-24;13;0
7;2025-12-24;14;0
7;2025-12-24;15;0
7;2025-12-24;16;0
7;2025-12-24;17;0
7;2025-12-24;18;0
7;2025-12-24;19;0
7;2025-12-24;20;0
7;2025-12-24;21;0
7;2025-12-24;22;0
7;2025-12-24;23;0
7;2025-12-25;0;0
7;2025-12-25;1;0
7;2025-12-25;2;0
7;2025-12-25;3;0
7;2025-12-25;4;0
7;2025-12-25;5;0
7;2025-12-25;6;0
7;2025-12-25;7;0
7;2025-12-25;8;0
7;2025-12-25;9;0
7;2025-12-25;10;0
7;2025-12-25;11;0
7;2025-12-25;12;0
7;2025-12-25;13;0
7;2025-12-25;14;0
7;2025-12-25;15;0
7;2025-12-25;16;0
7;2025-12-25;17;0
7;2025-12-25;18;0
7;2025-12-25;19;0
7;2025-12-25;20;0
7;2025-12-25;21;0
7;2025-12-25;22;0
7;2025-12-25;23;0
7;2025-12-26;0;0
7;2025-12-26;1;0
7;2025-12-26;2;0
7;2025-12-26;3;0
7;2025-12-26;4;0
7;2025-12-26;5;0
7;2025-12-26;6;0
7;2025-12-26;7;0
7;2025-12-26;8;0
7;2025-12-26;9;0
7;2025-12-26;10;0
7;2025-12-26;11;0
7;2025-12-26;12;0
7;2025-12-26;13;0
7;2025-12-26;14;0
7;2025-12-26;15;0
7;2025-12-26;16;0
7;2025-12-26;17;0
7;2025-12-26;18;0
7;2025-12-26;19;0
7;2025-12-26;20;0
7;2025-12-26;21;0
7;2025-12-26;22;0
7;2025-12-26;23;0
7;2025-12-27;0;0
7;2025-12-27;1;0
7;2025-12-27;2;0
7;2025-12-27;3;0
7;2025-12-27;4;0
7;2025-12-27;5;0
7;2025-12-27;6;0
7;2025-12-27;7;0
7;2025-12-27;8;0
7;2025-12-27;9;0
7;2025-12-27;10;0
7;2025-12-27;11;0
7;2025-12-27;12;0
7;2025-12-27;13;0
7;2025-12-27;14;0
7;2025-12-27;15;0
7;2025-12-27;16;0
7;2025-12-27;17;0
7;2025-12-27;18;0
7;2025-12-27;19;0
7;2025-12-27;20;0
7;2025-12-27;21;0
7;2025-12-27;22;0
7;2025-12-27;23;0
7;2025-12-28;0;0
7;2025-12-28;1;0
7;2025-12-28;2;0
7;2025-12-28;3;0
7;2025-12-28;4;0
7;2025-12-28;5;0
7;2025-12-28;6;0
7;2025-12-28;7;0
7;2025-12-28;8;0
7;2025-12-28;9;0
7;2025-12-28;10;0
7;2025-12-28;11;0
7;2025-12-28;12;0
7;2025-12-28;13;0
7;2025-12-28;14;0
7;2025-12-28;15;0
7;2025-12-28;16;0
7;2025-12-28;17;0
7;2025-12-28;18;0
7;2025-12-28;19;0
7;2025-12-28;20;0
7;2025-12-28;21;0
7;2025-12-28;22;0
7;2025-12-28;23;0
7;2025-12-29;0;0
7;2025-12-29;1;0
7;2025-12-29;2;0
7;2025-12-29;3;0
7;2025-12-29;4;0
7;2025-12-29;5;0
7;2025-12-29;6;0
7;2025-12-29;7;0
7;2025-12-29;8;0
7;2025-12-29;9;0
7;2025-12-29;10;0
7;2025-12-29;11;0
7;2025-12-29;12;0
7;2025-12-29;13;0
7;2025-12-29;14;0
7;2025-12-29;15;0
7;2025-12-29;16;0
7;2025-12-29;17;0
7;2025-12-29;18;0
7;2025-12-29;19;0
7;2025-12-29;20;0
7;2025-12-29;21;0
7;2025-12-29;22;0
7;2025-12-29;23;0
7;2025-12-30;0;0
7;2025-12-30;1;0
7;2025-12-30;2;0
7;2025-12-30;3;0
7;2025-12-30;4;0
7;2025-12-30;5;0
7;2025-12-30;6;0
7;2025-12-30;7;0
7;2025-12-30;8;0
7;2025-12-30;9;0
7;2025-12-30;10;0
7;2025-12-30;11;0
7;2025-12-30;12;0
7;2025-12-30;13;0
7;2025-12-30;14;0
7;2025-12-30;15;0
7;2025-12-30;16;0
7;2025-12-30;17;0
7;2025-12-30;18;0
7;2025-12-30;19;0
7;2025-12-30;20;0
7;2025-12-30;21;0
7;2025-12-30;22;0
7;2025-12-30;23;0
7;2025-12-31;0;0
7;2025-12-31;1;0
7;2025-12-31;2;0
7;2025-12-31;3;0
7;2025-12-31;4;0
7;2025-12-31;5;0
7;2025-12-31;6;0
7;2025-12-31;7;0
7;2025-12-31;8;0
7;2025-12-31;9;0
7;2025-12-31;10;0
7;2025-12-31;11;0
7;2025-12-31;12;0
7;2025-12-31;13;0
7;2025-12-31;14;0
7;2025-12-31;15;0
7;2025-12-31;16;0
7;2025-12-31;17;0
7;2025-12-31;18;0
7;2025-12-31;19;0
7;2025-12-31;20;0
7;2025-12-31;21;0
7;2025-12-31;22;0
7;2025-12-31;23;0
11;2025-11-01;0;0
11;2025-11-01;1;0
11;2025-11-01;2;0
11;2025-11-01;3;0
11;2025-11-01;4;0
11;2025-11-01;5;0
11;2025-11-01;6;0
11;2025-11-01;7;0
11;2025-11-01;8;0
11;2025-11-01;9;0
11;2025-11-01;10;0
11;2025-11-01;11;0
11;2025-11-01;12;0
11;2025-11-01;13;0
11;2025-11-01;14;0
11;2025-11-01;15;0
11;2025-11-01;16;0
11;2025-11-01;17;0
11;2025-11-01;18;0
11;2025-11-01;19;0
11;2025-11-01;20;0
11;2025-11-01;21;0
11;2025-11-01;22;0
11;2025-11-01;23;0
11;2025-11-02;0;0
11;2025-11-02;1;0
11;2025-11-02;2;0
11;2025-11-02;3;0
11;2025-11-02;4;0
11;2025-11-02;5;0
11;2025-11-02;6;0
11;2025-11-02;7;0
11;2025-11-02;8;0
11;2025-11-02;9;0
11;2025-11-02;10;0
11;2025-11-02;11;0
11;2025-11-02;12;0
11;2025-11-02;13;0
11;2025-11-02;14;0
11;2025-11-02;15;0
11;2025-11-02;16;0
11;2025-11-02;17;0
11;2025-11-02;18;0
11;2025-11-02;19;0
11;2025-11-02;20;0
11;2025-11-02;21;0
11;2025-11-02;22;0
11;2025-11-02;23;0
11;2025-11-03;0;0
11;2025-11-03;1;0
11;2025-11-03;2;0
11;2025-11-03;3;0
11;2025-11-03;4;0
11;2025-11-03;5;0
11;2025-11-03;6;0
11;2025-11-03;7;0
11;2025-11-03;8;0
11;2025-11-03;9;0
11;2025-11-03;10;0
11;2025-11-03;11;0
11;2025-11-03;12;0
11;2025-11-03;13;0
11;2025-11-03;14;0
11;2025-11-03;15;0
11;2025-11-03;16;0
11;2025-11-03;17;0
11;2025-11-03;18;0
11;2025-11-03;19;0
11;2025-11-03;20;0
11;2025-11-03;21;0
11;2025-11-03;22;0
11;2025-11-03;23;0
11;2025-11-04;0;0
11;2025-11-04;1;0
11;2025-11-04;2;0
11;2025-11-04;3;0
11;2025-11-04;4;0
11;2025-11-04;5;0
11;2025-11-04;6;0
11;2025-11-04;7;0
11;2025-11-04;8;0
11;2025-11-04;9;0
11;2025-11-04;10;0
11;2025-11-04;11;0
11;2025-11-04;12;0
11;2025-11-04;13;0
11;2025-11-04;14;0
11;2025-11-04;15;0
11;2025-11-04;16;0
11;2025-11-04;17;0
11;2025-11-04;18;0
11;2025-11-04;19;0
11;2025-11-04;20;0
11;2025-11-04;21;0
11;2025-11-04;22;0
11;2025-11-04;23;0
11;2025-11-05;0;0
11;2025-11-05;1;0
11;2025-11-05;2;0
11;2025-11-05;3;0
11;2025-11-05;4;0
11;2025-11-05;5;0
11;2025-11-05;6;0
11;2025-11-05;7;0
11;2025-11-05;8;0
11;2025-11-05;9;0
11;2025-11-05;10;0
11;2025-11-05;11;0
11;2025-11-05;12;0
11;2025-11-05;13;0
11;2025-11-05;14;0
11;2025-11-05;15;0
11;2025-11-05;16;0
11;2025-11-05;17;0
11;2025-11-05;18;0
11;2025-11-05;19;0
11;2025-11-05;20;0
11;2025-11-05;21;0
11;2025-11-05;22;0
11;2025-11-05;23;0
11;2025-11-06;0;0
11;2025-11-06;1;0
11;2025-11-06;2;0
11;2025-11-06;3;0
11;2025-11-06;4;0
11;2025-11-06;5;0
11;2025-11-06;6;0
11;2025-11-06;7;0
11;2025-11-06;8;0
11;2025-11-06;9;0
11;2025-11-06;10;0
11;2025-11-06;11;0
11;2025-11-06;12;0
11;2025-11-06;13;0
11;2025-11-06;14;0
11;2025-11-06;15;0
11;2025-11-06;16;0
11;2025-11-06;17;0
11;2025-11-06;18;0
11;2025-11-06;19;0
11;2025-11-06;20;0
11;2025-11-06;21;0
11;2025-11-06;22;0
11;2025-11-06;23;0
11;2025-11-07;0;0
11;2025-11-07;1;0
11;2025-11-07;2;0
11;2025-11-07;3;0
11;2025-11-07;4;0
11;2025-11-07;5;0
11;2025-11-07;6;0
11;2025-11-07;7;0
11;2025-11-07;8;0
11;2025-11-07;9;0
11;2025-11-07;10;0
11;2025-11-07;11;0
11;2025-11-07;12;0
11;2025-11-07;13;0
11;2025-11-07;14;0
11;2025-11-07;15;0
11;2025-11-07;16;0
11;2025-11-07;17;0
11;2025-11-07;18;0
11;2025-11-07;19;0
11;2025-11-07;20;0
11;2025-11-07;21;0
11;2025-11-07;22;0
11;2025-11-07;23;0
11;2025-11-08;0;0
11;2025-11-08;1;0
11;2025-11-08;2;0
11;2025-11-08;3;0
11;2025-11-08;4;0
11;2025-11-08;5;0
11;2025-11-08;6;0
11;2025-11-08;7;0
11;2025-11-08;8;0
11;2025-11-08;9;0
11;2025-11-08;10;0
11;2025-11-08;11;0
11;2025-11-08;12;0
11;2025-11-08;13;0
11;2025-11-08;14;0
11;2025-11-08;15;0
11;2025-11-08;16;0
11;2025-11-08;17;0
11;2025-11-08;18;0
11;2025-11-08;19;0
11;2025-11-08;20;0
11;2025-11-08;21;0
11;2025-11-08;22;0
11;2025-11-08;23;0
11;2025-11-09;0;0
11;2025-11-09;1;0
11;2025-11-09;2;0
11;2025-11-09;3;0
11;2025-11-09;4;0
11;2025-11-09;5;0
11;2025-11-09;6;0
11;2025-11-09;7;0
11;2025-11-09;8;0
11;2025-11-09;9;0
11;2025-11-09;10;0
11;2025-11-09;11;0
11;2025-11-09;12;0
11;2025-11-09;13;0
11;2025-11-09;14;0
11;2025-11-09;15;0
11;2025-11-09;16;0
11;2025-11-09;17;0
11;2025-11-09;18;0
11;2025-11-09;19;0
11;2025-11-09;20;0
11;2025-11-09;21;0
11;2025-11-09;22;0
11;2025-11-09;23;0
11;2025-11-10;0;0
11;2025-11-10;1;0
11;2025-11-10;2;0
11;2025-11-10;3;0
11;2025-11-10;4;0
11;2025-11-10;5;0
11;2025-11-10;6;0
11;2025-11-10;7;0
11;2025-11-10;8;0
11;2025-11-10;9;0
11;2025-11-10;10;0
11;2025-11-10;11;0
11;2025-11-10;12;0
11;2025-11-10;13;0
11;2025-11-10;14;0
11;2025-11-10;15;0
11;2025-11-10;16;0
11;2025-11-10;17;0
11;2025-11-10;18;0
11;2025-11-10;19;0
11;2025-11-10;20;0
11;2025-11-10;21;0
11;2025-11-10;22;0
11;2025-11-10;23;0
11;2025-11-11;0;0
11;2025-11-11;1;0
11;2025-11-11;2;0
11;2025-11-11;3;0
11;2025-11-11;4;0
11;2025-11-11;5;0
11;2025-11-11;6;0
11;2025-11-11;7;0
11;2025-11-11;8;0
11;2025-11-11;9;0
11;2025-11-11;10;0
11;2025-11-11;11;0
11;2025-11-11;12;0
11;2025-11-11;13;0
11;2025-11-11;14;0
11;2025-11-11;15;0
11;2025-11-11;16;0
11;2025-11-11;17;0
11;2025-11-11;18;0
11;2025-11-11;19;0
11;2025-11-11;20;0
11;2025-11-11;21;0
11;2025-11-11;22;0
11;2025-11-11;23;0
11;2025-11-12;0;0
11;2025-11-12;1;0
11;2025-11-12;2;0
11;2025-11-12;3;0
11;2025-11-12;4;0
11;2025-11-12;5;0
11;2025-11-12;6;0
11;2025-11-12;7;0
11;2025-11-12;8;0
11;2025-11-12;9;0
11;2025-11-12;10;0
11;2025-11-12;11;0
11;2025-11-12;12;0
11;2025-11-12;13;0
11;2025-11-12;14;0
11;2025-11-12;15;0
11;2025-11-12;16;0
11;2025-11-12;17;0
11;2025-11-12;18;0
11;2025-11-12;19;0
11;2025-11-12;20;0
11;2025-11-12;21;0
11;2025-11-12;22;0
11;2025-11-12;23;0
11;2025-11-13;0;0
11;2025-11-13;1;0
11;2025-11-13;2;0
11;2025-11-13;3;0
11;2025-11-13;4;0
11;2025-11-13;5;0
11;2025-11-13;6;0
11;2025-11-13;7;0
11;2025-11-13;8;0
11;2025-11-13;9;0
11;2025-11-13;10;0
11;2025-11-13;11;0
11;2025-11-13;12;0
11;2025-11-13;13;0
11;2025-11-13;14;0
11;2025-11-13;15;0
11;2025-11-13;16;0
11;2025-11-13;17;0
11;2025-11-13;18;0
11;2025-11-13;19;0
11;2025-11-13;20;0
11;2025-11-13;21;0
11;2025-11-13;22;0
11;2025-11-13;23;0
11;2025-11-14;0;0
11;2025-11-14;1;0
11;2025-11-14;2;0
11;2025-11-14;3;0
11;2025-11-14;4;0
11;2025-11-14;5;0
11;2025-11-14;6;0
11;2025-11-14;7;0
11;2025-11-14;8;0
11;2025-11-14;9;0
11;2025-11-14;10;0
11;2025-11-14;11;0
11;2025-11-14;12;0
11;2025-11-14;13;0
11;2025-11-14;14;0
11;2025-11-14;15;0
11;2025-11-14;16;0
11;2025-11-14;17;0
11;2025-11-14;18;0
11;2025-11-14;19;0
11;2025-11-14;20;0
11;2025-11-14;21;0
11;2025-11-14;22;0
11;2025-11-14;23;0
11;2025-11-15;0;0
11;2025-11-15;1;0
11;2025-11-15;2;0
11;2025-11-15;3;0
11;2025-11-15;4;0
11;2025-11-15;5;0
11;2025-11-15;6;0
11;2025-11-15;7;0
11;2025-11-15;8;0
11;2025-11-15;9;0
11;2025-11-15;10;0
11;2025-11-15;11;0
11;2025-11-15;12;0
11;2025-11-15;13;0
11;2025-11-15;14;0
11;2025-11-15;15;0
11;2025-11-15;16;0
11;2025-11-15;17;0
11;2025-11-15;18;0
11;2025-11-15;19;0
11;2025-11-15;20;0
11;2025-11-15;21;0
11;2025-11-15;22;0
11;2025-11-15;23;0
11;2025-11-16;0;0
11;2025-11-16;1;0
11;2025-11-16;2;0
11;2025-11-16;3;0
11;2025-11-16;4;0
11;2025-11-16;5;0
11;2025-11-16;6;0
11;2025-11-16;7;0
11;2025-11-16;8;0
11;2025-11-16;9;0
11;2025-11-16;10;0
11;2025-11-16;11;0
11;2025-11-16;12;0
11;2025-11-16;13;0
11;2025-11-16;14;0
11;2025-11-16;15;0
11;2025-11-16;16;0
11;2025-11-16;17;0
11;2025-11-16;18;0
11;2025-11-16;19;0
11;2025-11-16;20;0
11;2025-11-16;21;0
11;2025-11-16;22;0
11;2025-11-16;23;0
11;2025-11-17;0;0
11;2025-11-17;1;0
11;2025-11-17;2;0
11;2025-11-17;3;0
11;2025-11-17;4;0
11;2025-11-17;5;0
11;2025-11-17;6;0
11;2025-11-17;7;0
11;2025-11-17;8;0
11;2025-11-17;9;0
11;2025-11-17;10;0
11;2025-11-17;11;0
11;2025-11-17;12;0
11;2025-11-17;13;0
11;2025-11-17;14;0
11;2025-11-17;15;0
11;2025-11-17;16;0
11;2025-11-17;17;0
11;2025-11-17;18;0
11;2025-11-17;19;0
11;2025-11-17;20;0
11;2025-11-17;21;0
11;2025-11-17;22;0
11;2025-11-17;23;0
11;2025-11-18;0;0
11;2025-11-18;1;0
11;2025-11-18;2;0
11;2025-11-18;3;0
11;2025-11-18;4;0
11;2025-11-18;5;0
11;2025-11-18;6;0
11;2025-11-18;7;0
11;2025-11-18;8;0
11;2025-11-18;9;0
11;2025-11-18;10;0
11;2025-11-18;11;0
11;2025-11-18;12;0
11;2025-11-18;13;0
11;2025-11-18;14;0
11;2025-11-18;15;0
11;2025-11-18;16;0
11;2025-11-18;17;0
11;2025-11-18;18;0
11;2025-11-18;19;0
11;2025-11-18;20;0
11;2025-11-18;21;0
11;2025-11-18;22;0
11;2025-11-18;23;0
11;2025-11-19;0;0
11;2025-11-19;1;0
11;2025-11-19;2;0
11;2025-11-19;3;0
11;2025-11-19;4;0
11;2025-11-19;5;0
11;2025-11-19;6;0
11;2025-11-19;7;0
11;2025-11-19;8;0
11;2025-11-19;9;0
11;2025-11-19;10;0
11;2025-11-19;11;0
11;2025-11-19;12;0
11;2025-11-19;13;0
11;2025-11-19;14;0
11;2025-11-19;15;0
11;2025-11-19;16;0
11;2025-11-19;17;0
11;2025-11-19;18;0
11;2025-11-19;19;0
11;2025-11-19;20;0
11;2025-11-19;21;0
11;2025-11-19;22;0
11;2025-11-19;23;0
11;2025-11-20;0;0
11;2025-11-20;1;0
11;2025-11-20;2;0
11;2025-11-20;3;0
11;2025-11-20;4;0
11;2025-11-20;5;0
11;2025-11-20;6;0
11;2025-11-20;7;0
11;2025-11-20;8;0
11;2025-11-20;9;0
11;2025-11-20;10;0
11;2025-11-20;11;0
11;2025-11-20;12;0
11;2025-11-20;13;0
11;2025-11-20;14;0
11;2025-11-20;15;0
11;2025-11-20;16;0
11;2025-11-20;17;0
11;2025-11-20;18;0
11;2025-11-20;19;0
11;2025-11-20;20;0
11;2025-11-20;21;0
11;2025-11-20;22;0
11;2025-11-20;23;0
11;2025-11-21;0;0
11;2025-11-21;1;0
11;2025-11-21;2;0
11;2025-11-21;3;0
11;2025-11-21;4;0
11;2025-11-21;5;0
11;2025-11-21;6;0
11;2025-11-21;7;0
11;2025-11-21;8;0
11;2025-11-21;9;0
11;2025-11-21;10;0
11;2025-11-21;11;0
11;2025-11-21;12;0
11;2025-11-21;13;0
11;2025-11-21;14;0
11;2025-11-21;15;0
11;2025-11-21;16;0
11;2025-11-21;17;0
11;2025-11-21;18;0
11;2025-11-21;19;0
11;2025-11-21;20;0
11;2025-11-21;21;0
11;2025-11-21;22;0
11;2025-11-21;23;0
11;2025-11-22;0;0
11;2025-11-22;1;0
11;2025-11-22;2;0
11;2025-11-22;3;0
11;2025-11-22;4;0
11;2025-11-22;5;0
11;2025-11-22;6;0
11;2025-11-22;7;0
11;2025-11-22;8;0
11;2025-11-22;9;0
11;2025-11-22;10;0
11;2025-11-22;11;0
11;2025-11-22;12;0
11;2025-11-22;13;0
11;2025-11-22;14;0
11;2025-11-22;15;0
11;2025-11-22;16;0
11;2025-11-22;17;0
11;2025-11-22;18;0
11;2025-11-22;19;0
11;2025-11-22;20;0
11;2025-11-22;21;0
11;2025-11-22;22;0
11;2025-11-22;23;0
11;2025-11-23;0;0
11;2025-11-23;1;0
11;2025-11-23;2;0
11;2025-11-23;3;0
11;2025-11-23;4;0
11;2025-11-23;5;0
11;2025-11-23;6;0
11;2025-11-23;7;0
11;2025-11-23;8;0
11;2025-11-23;9;0
11;2025-11-23;10;0
11;2025-11-23;11;0
11;2025-11-23;12;0
11;2025-11-23;13;0
11;2025-11-23;14;0
11;2025-11-23;15;0
11;2025-11-23;16;0
11;2025-11-23;17;0
11;2025-11-23;18;0
11;2025-11-23;19;0
11;2025-11-23;20;0
11;2025-11-23;21;0
11;2025-11-23;22;0
11;2025-11-23;23;0
11;2025-11-24;0;0
11;2025-11-24;1;0
11;2025-11-24;2;0
11;2025-11-24;3;0
11;2025-11-24;4;0
11;2025-11-24;5;0
11;2025-11-24;6;0
11;2025-11-24;7;0
11;2025-11-24;8;0
11;2025-11-24;9;0
11;2025-11-24;10;0
11;2025-11-24;11;0
11;2025-11-24;12;0
11;2025-11-24;13;0
11;2025-11-24;14;0
11;2025-11-24;15;0
11;2025-11-24;16;0
11;2025-11-24;17;0
11;2025-11-24;18;0
11;2025-11-24;19;0
11;2025-11-24;20;0
11;2025-11-24;21;0
11;2025-11-24;22;0
11;2025-11-24;23;0
11;2025-11-25;0;0
11;2025-11-25;1;0
11;2025-11-25;2;0
11;2025-11-25;3;0
11;2025-11-25;4;0
11;2025-11-25;5;0
11;2025-11-25;6;0
11;2025-11-25;7;0
11;2025-11-25;8;0
11;2025-11-25;9;0
11;2025-11-25;10;0
11;2025-11-25;11;0
11;2025-11-25;12;0
11;2025-11-25;13;0
11;2025-11-25;14;0
11;2025-11-25;15;0
11;2025-11-25;16;0
11;2025-11-25;17;0
11;2025-11-25;18;0
11;2025-11-25;19;0
11;2025-11-25;20;0
11;2025-11-25;21;0
11;2025-11-25;22;0
11;2025-11-25;23;0
11;2025-11-26;0;0
11;2025-11-26;1;0
11;2025-11-26;2;0
11;2025-11-26;3;0
11;2025-11-26;4;0
11;2025-11-26;5;0
11;2025-11-26;6;0
11;2025-11-26;7;0
11;2025-11-26;8;0
11;2025-11-26;9;0
11;2025-11-26;10;0
11;2025-11-26;11;0
11;2025-11-26;12;0
11;2025-11-26;13;0
11;2025-11-26;14;0
11;2025-11-26;15;0
11;2025-11-26;16;0
11;2025-11-26;17;0
11;2025-11-26;18;0
11;2025-11-26;19;0
11;2025-11-26;20;0
11;2025-11-26;21;0
11;2025-11-26;22;0
11;2025-11-26;23;0
11;2025-11-27;0;0
11;2025-11-27;1;0
11;2025-11-27;2;0
11;2025-11-27;3;0
11;2025-11-27;4;0
11;2025-11-27;5;0
11;2025-11-27;6;0
11;2025-11-27;7;0
11;2025-11-27;8;0
11;2025-11-27;9;0
11;2025-11-27;10;0
11;2025-11-27;11;0
11;2025-11-27;12;0
11;2025-11-27;13;0
11;2025-11-27;14;0
11;2025-11-27;15;0
11;2025-11-27;16;0
11;2025-11-27;17;0
11;2025-11-27;18;0
11;2025-11-27;19;0
11;2025-11-27;20;0
11;2025-11-27;21;0
11;2025-11-27;22;0
11;2025-11-27;23;0
11;2025-11-28;0;0
11;2025-11-28;1;0
11;2025-11-28;2;0
11;2025-11-28;3;0
11;2025-11-28;4;0
11;2025-11-28;5;0
11;2025-11-28;6;0
11;2025-11-28;7;0
11;2025-11-28;8;0
11;2025-11-28;9;0
11;2025-11-28;10;0
11;2025-11-28;11;0
11;2025-11-28;12;0
11;2025-11-28;13;0
11;2025-11-28;14;0
11;2025-11-28;15;0
11;2025-11-28;16;0
11;2025-11-28;17;0
11;2025-11-28;18;0
11;2025-11-28;19;0
11;2025-11-28;20;0
11;2025-11-28;21;0
11;2025-11-28;22;0
11;2025-11-28;23;0
11;2025-11-29;0;0
11;2025-11-29;1;0
11;2025-11-29;2;0
11;2025-11-29;3;0
11;2025-11-29;4;0
11;2025-11-29;5;0
11;2025-11-29;6;0
11;2025-11-29;7;0
11;2025-11-29;8;0
11;2025-11-29;9;0
11;2025-11-29;10;0
11;2025-11-29;11;0
11;2025-11-29;12;0
11;2025-11-29;13;0
11;2025-11-29;14;0
11;2025-11-29;15;0
11;2025-11-29;16;0
11;2025-11-29;17;0
11;2025-11-29;18;0
11;2025-11-29;19;0
11;2025-11-29;20;0
11;2025-11-29;21;0
11;2025-11-29;22;0
11;2025-11-29;23;0
11;2025-11-30;0;0
11;2025-11-30;1;0
11;2025-11-30;2;0
11;2025-11-30;3;0
11;2025-11-30;4;0
11;2025-11-30;5;0
11;2025-11-30;6;0
11;2025-11-30;7;0
11;2025-11-30;8;0
11;2025-11-30;9;0
11;2025-11-30;10;0
11;2025-11-30;11;0
11;2025-11-30;12;0
11;2025-11-30;13;0
11;2025-11-30;14;0
11;2025-11-30;15;0
11;2025-11-30;16;0
11;2025-11-30;17;0
11;2025-11-30;18;0
11;2025-11-30;19;0
11;2025-11-30;20;0
11;2025-11-30;21;0
11;2025-11-30;22;0
11;2025-11-30;23;0
11;2025-12-01;0;0
11;2025-12-01;1;0
11;2025-12-01;2;0
11;2025-12-01;3;0
11;2025-12-01;4;0
11;2025-12-01;5;0
11;2025-12-01;6;0
11;2025-12-01;7;0
11;2025-12-01;8;0
11;2025-12-01;9;0
11;2025-12-01;10;0
11;2025-12-01;11;0
11;2025-12-01;12;0
11;2025-12-01;13;0
11;2025-12-01;14;0
11;2025-12-01;15;0
11;2025-12-01;16;0
11;2025-12-01;17;0
11;2025-12-01;18;0
11;2025-12-01;19;0
11;2025-12-01;20;0
11;2025-12-01;21;0
11;2025-12-01;22;0
11;2025-12-01;23;0
11;2025-12-02;0;0
11;2025-12-02;1;0
11;2025-12-02;2;0
11;2025-12-02;3;0
11;2025-12-02;4;0
11;2025-12-02;5;0
11;2025-12-02;6;0
11;2025-12-02;7;0
11;2025-12-02;8;0
11;2025-12-02;9;0
11;2025-12-02;10;0
11;2025-12-02;11;0
11;2025-12-02;12;0
11;2025-12-02;13;0
11;2025-12-02;14;0
11;2025-12-02;15;0
11;2025-12-02;16;0
11;2025-12-02;17;0
11;2025-12-02;18;0
11;2025-12-02;19;0
11;2025-12-02;20;0
11;2025-12-02;21;0
11;2025-12-02;22;0
11;2025-12-02;23;0
11;2025-12-03;0;0
11;2025-12-03;1;0
11;2025-12-03;2;0
11;2025-12-03;3;0
11;2025-12-03;4;0
11;2025-12-03;5;0
11;2025-12-03;6;0
11;2025-12-03;7;0
11;2025-12-03;8;0
11;2025-12-03;9;0
11;2025-12-03;10;0
11;2025-12-03;11;0
11;2025-12-03;12;0
11;2025-12-03;13;0
11;2025-12-03;14;0
11;2025-12-03;15;0
11;2025-12-03;16;0
11;2025-12-03;17;0
11;2025-12-03;18;0
11;2025-12-03;19;0
11;2025-12-03;20;0
11;2025-12-03;21;0
11;2025-12-03;22;0
11;2025-12-03;23;0
11;2025-12-04;0;0
11;2025-12-04;1;0
11;2025-12-04;2;0
11;2025-12-04;3;0
11;2025-12-04;4;0
11;2025-12-04;5;0
11;2025-12-04;6;0
11;2025-12-04;7;0
11;2025-12-04;8;0
11;2025-12-04;9;0
11;2025-12-04;10;0
11;2025-12-04;11;0
11;2025-12-04;12;0
11;2025-12-04;13;0
11;2025-12-04;14;0
11;2025-12-04;15;0
11;2025-12-04;16;0
11;2025-12-04;17;0
11;2025-12-04;18;0
11;2025-12-04;19;0
11;2025-12-04;20;0
11;2025-12-04;21;0
11;2025-12-04;22;0
11;2025-12-04;23;0
11;2025-12-05;0;0
11;2025-12-05;1;0
11;2025-12-05;2;0
11;2025-12-05;3;0
11;2025-12-05;4;0
11;2025-12-05;5;0
11;2025-12-05;6;0
11;2025-12-05;7;0
11;2025-12-05;8;0
11;2025-12-05;9;0
11;2025-12-05;10;0
11;2025-12-05;11;0
11;2025-12-05;12;0
11;2025-12-05;13;0
11;2025-12-05;14;0
11;2025-12-05;15;0
11;2025-12-05;16;0
11;2025-12-05;17;0
11;2025-12-05;18;0
11;2025-12-05;19;0
11;2025-12-05;20;0
11;2025-12-05;21;0
11;2025-12-05;22;0
11;2025-12-05;23;0
11;2025-12-06;0;0
11;2025-12-06;1;0
11;2025-12-06;2;0
11;2025-12-06;3;0
11;2025-12-06;4;0
11;2025-12-06;5;0
11;2025-12-06;6;0
11;2025-12-06;7;0
11;2025-12-06;8;0
11;2025-12-06;9;0
11;2025-12-06;10;0
11;2025-12-06;11;0
11;2025-12-06;12;0
11;2025-12-06;13;0
11;2025-12-06;14;0
11;2025-12-06;15;0
11;2025-12-06;16;0
11;2025-12-06;17;0
11;2025-12-06;18;0
11;2025-12-06;19;0
11;2025-12-06;20;0
11;2025-12-06;21;0
11;2025-12-06;22;0
11;2025-12-06;23;0
11;2025-12-07;0;0
11;2025-12-07;1;0
11;2025-12-07;2;0
11;2025-12-07;3;0
11;2025-12-07;4;0
11;2025-12-07;5;0
11;2025-12-07;6;0
11;2025-12-07;7;0
11;2025-12-07;8;0
11;2025-12-07;9;0
11;2025-12-07;10;0
11;2025-12-07;11;0
11;2025-12-07;12;0
11;2025-12-07;13;0
11;2025-12-07;14;0
11;2025-12-07;15;0
11;2025-12-07;16;0
11;2025-12-07;17;0
11;2025-12-07;18;0
11;2025-12-07;19;0
11;2025-12-07;20;0
11;2025-12-07;21;0
11;2025-12-07;22;0
11;2025-12-07;23;0
11;2025-12-08;0;0
11;2025-12-08;1;0
11;2025-12-08;2;0
11;2025-12-08;3;0
11;2025-12-08;4;0
11;2025-12-08;5;0
11;2025-12-08;6;0
11;2025-12-08;7;0
11;2025-12-08;8;0
11;2025-12-08;9;0
11;2025-12-08;10;0
11;2025-12-08;11;0
11;2025-12-08;12;0
11;2025-12-08;13;0
11;2025-12-08;14;0
11;2025-12-08;15;0
11;2025-12-08;16;0
11;2025-12-08;17;0
11;2025-12-08;18;0
11;2025-12-08;19;0
11;2025-12-08;20;0
11;2025-12-08;21;0
11;2025-12-08;22;0
11;2025-12-08;23;0
11;2025-12-09;0;0
11;2025-12-09;1;0
11;2025-12-09;2;0
11;2025-12-09;3;0
11;2025-12-09;4;0
11;2025-12-09;5;0
11;2025-12-09;6;0
11;2025-12-09;7;0
11;2025-12-09;8;0
11;2025-12-09;9;0
11;2025-12-09;10;0
11;2025-12-09;11;0
11;2025-12-09;12;0
11;2025-12-09;13;0
11;2025-12-09;14;0
11;2025-12-09;15;0
11;2025-12-09;16;0
11;2025-12-09;17;0
11;2025-12-09;18;0
11;2025-12-09;19;0
11;2025-12-09;20;0
11;2025-12-09;21;0
11;2025-12-09;22;0
11;2025-12-09;23;0
11;2025-12-10;0;0
11;2025-12-10;1;0
11;2025-12-10;2;0
11;2025-12-10;3;0
11;2025-12-10;4;0
11;2025-12-10;5;0
11;2025-12-10;6;0
11;2025-12-10;7;0
11;2025-12-10;8;0
11;2025-12-10;9;0
11;2025-12-10;10;0
11;2025-12-10;11;0
11;2025-12-10;12;0
11;2025-12-10;13;0
11;2025-12-10;14;0
11;2025-12-10;15;0
11;2025-12-10;16;0
11;2025-12-10;17;0
11;2025-12-10;18;0
11;2025-12-10;19;0
11;2025-12-10;20;0
11;2025-12-10;21;0
11;2025-12-10;22;0
11;2025-12-10;23;0
11;2025-12-11;0;0
11;2025-12-11;1;0
11;2025-12-11;2;0
11;2025-12-11;3;0
11;2025-12-11;4;0
11;2025-12-11;5;0
11;2025-12-11;6;0
11;2025-12-11;7;0
11;2025-12-11;8;0
11;2025-12-11;9;0
11;2025-12-11;10;0
11;2025-12-11;11;0
11;2025-12-11;12;0
11;2025-12-11;13;0
11;2025-12-11;14;0
11;2025-12-11;15;0
11;2025-12-11;16;0
11;2025-12-11;17;0
11;2025-12-11;18;0
11;2025-12-11;19;0
11;2025-12-11;20;0
11;2025-12-11;21;0
11;2025-12-11;22;0
11;2025-12-11;23;0
11;2025-12-12;0;0
11;2025-12-12;1;0
11;2025-12-12;2;0
11;2025-12-12;3;0
11;2025-12-12;4;0
11;2025-12-12;5;0
11;2025-12-12;6;0
11;2025-12-12;7;0
11;2025-12-12;8;0
11;2025-12-12;9;0
11;2025-12-12;10;0
11;2025-12-12;11;0
11;2025-12-12;12;0
11;2025-12-12;13;0
11;2025-12-12;14;0
11;2025-12-12;15;0
11;2025-12-12;16;0
11;2025-12-12;17;0
11;2025-12-12;18;0
11;2025-12-12;19;0
11;2025-12-12;20;0
11;2025-12-12;21;0
11;2025-12-12;22;0
11;2025-12-12;23;0
11;2025-12-13;0;0
11;2025-12-13;1;0
11;2025-12-13;2;0
11;2025-12-13;3;0
11;2025-12-13;4;0
11;2025-12-13;5;0
11;2025-12-13;6;0
11;2025-12-13;7;0
11;2025-12-13;8;0
11;2025-12-13;9;0
11;2025-12-13;10;0
11;2025-12-13;11;0
11;2025-12-13;12;0
11;2025-12-13;13;0
11;2025-12-13;14;0
11;2025-12-13;15;0
11;2025-12-13;16;0
11;2025-12-13;17;0
11;2025-12-13;18;0
11;2025-12-13;19;0
11;2025-12-13;20;0
11;2025-12-13;21;0
11;2025-12-13;22;0
11;2025-12-13;23;0
11;2025-12-14;0;0
11;2025-12-14;1;0
11;2025-12-14;2;0
11;2025-12-14;3;0
11;2025-12-14;4;0
11;2025-12-14;5;0
11;2025-12-14;6;0
11;2025-12-14;7;0
11;2025-12-14;8;0
11;2025-12-14;9;0
11;2025-12-14;10;0
11;2025-12-14;11;0
11;2025-12-14;12;0
11;2025-12-14;13;0
11;2025-12-14;14;0
11;2025-12-14;15;0
11;2025-12-14;16;0
11;2025-12-14;17;0
11;2025-12-14;18;0
11;2025-12-14;19;0
11;2025-12-14;20;0
11;2025-12-14;21;0
11;2025-12-14;22;0
11;2025-12-14;23;0
11;2025-12-15;0;0
11;2025-12-15;1;0
11;2025-12-15;2;0
11;2025-12-15;3;0
11;2025-12-15;4;0
11;2025-12-15;5;0
11;2025-12-15;6;0
11;2025-12-15;7;0
11;2025-12-15;8;0
11;2025-12-15;9;0
11;2025-12-15;10;0
11;2025-12-15;11;0
11;2025-12-15;12;0
11;2025-12-15;13;0
11;2025-12-15;14;0
11;2025-12-15;15;0
11;2025-12-15;16;0
11;2025-12-15;17;0
11;2025-12-15;18;0
11;2025-12-15;19;0
11;2025-12-15;20;0
11;2025-12-15;21;0
11;2025-12-15;22;0
11;2025-12-15;23;0
11;2025-12-16;0;0
11;2025-12-16;1;0
11;2025-12-16;2;0
11;2025-12-16;3;0
11;2025-12-16;4;0
11;2025-12-16;5;0
11;2025-12-16;6;0
11;2025-12-16;7;0
11;2025-12-16;8;0
11;2025-12-16;9;0
11;2025-12-16;10;0
11;2025-12-16;11;0
11;2025-12-16;12;0
11;2025-12-16;13;0
11;2025-12-16;14;0
11;2025-12-16;15;0
11;2025-12-16;16;0
11;2025-12-16;17;0
11;2025-12-16;18;0
11;2025-12-16;19;0
11;2025-12-16;20;0
11;2025-12-16;21;0
11;2025-12-16;22;0
11;2025-12-16;23;0
11;2025-12-17;0;0
11;2025-12-17;1;0
11;2025-12-17;2;0
11;2025-12-17;3;0
11;2025-12-17;4;0
11;2025-12-17;5;0
11;2025-12-17;6;0
11;2025-12-17;7;0
11;2025-12-17;8;0
11;2025-12-17;9;0
11;2025-12-17;10;0
11;2025-12-17;11;0
11;2025-12-17;12;0
11;2025-12-17;13;0
11;2025-12-17;14;0
11;2025-12-17;15;0
11;2025-12-17;16;0
11;2025-12-17;17;0
11;2025-12-17;18;0
11;2025-12-17;19;0
11;2025-12-17;20;0
11;2025-12-17;21;0
11;2025-12-17;22;0
11;2025-12-17;23;0
11;2025-12-18;0;0
11;2025-12-18;1;0
11;2025-12-18;2;0
11;2025-12-18;3;0
11;2025-12-18;4;0
11;2025-12-18;5;0
11;2025-12-18;6;0
11;2025-12-18;7;0
11;2025-12-18;8;0
11;2025-12-18;9;0
11;2025-12-18;10;0
11;2025-12-18;11;0
11;2025-12-18;12;0
11;2025-12-18;13;0
11;2025-12-18;14;0
11;2025-12-18;15;0
11;2025-12-18;16;0
11;2025-12-18;17;0
11;2025-12-18;18;0
11;2025-12-18;19;0
11;2025-12-18;20;0
11;2025-12-18;21;0
11;2025-12-18;22;0
11;2025-12-18;23;0
11;2025-12-19;0;0
11;2025-12-19;1;0
11;2025-12-19;2;0
11;2025-12-19;3;0
11;2025-12-19;4;0
11;2025-12-19;5;0
11;2025-12-19;6;0
11;2025-12-19;7;0
11;2025-12-19;8;0
11;2025-12-19;9;0
11;2025-12-19;10;0
11;2025-12-19;11;0
11;2025-12-19;12;0
11;2025-12-19;13;0
11;2025-12-19;14;0
11;2025-12-19;15;0
11;2025-12-19;16;0
11;2025-12-19;17;0
11;2025-12-19;18;0
11;2025-12-19;19;0
11;2025-12-19;20;0
11;2025-12-19;21;0
11;2025-12-19;22;0
11;2025-12-19;23;0
11;2025-12-20;0;0
11;2025-12-20;1;0
11;2025-12-20;2;0
11;2025-12-20;3;0
11;2025-12-20;4;0
11;2025-12-20;5;0
11;2025-12-20;6;0
11;2025-12-20;7;0
11;2025-12-20;8;0
11;2025-12-20;9;0
11;2025-12-20;10;0
11;2025-12-20;11;0
11;2025-12-20;12;0
11;2025-12-20;13;0
11;2025-12-20;14;0
11;2025-12-20;15;0
11;2025-12-20;16;0
11;2025-12-20;17;0
11;2025-12-20;18;0
11;2025-12-20;19;0
11;2025-12-20;20;0
11;2025-12-20;21;0
11;2025-12-20;22;0
11;2025-12-20;23;0
11;2025-12-21;0;0
11;2025-12-21;1;0
11;2025-12-21;2;0
11;2025-12-21;3;0
11;2025-12-21;4;0
11;2025-12-21;5;0
11;2025-12-21;6;0
11;2025-12-21;7;0
11;2025-12-21;8;0
11;2025-12-21;9;0
11;2025-12-21;10;0
11;2025-12-21;11;0
11;2025-12-21;12;0
11;2025-12-21;13;0
11;2025-12-21;14;0
11;2025-12-21;15;0
11;2025-12-21;16;0
11;2025-12-21;17;0
11;2025-12-21;18;0
11;2025-12-21;19;0
11;2025-12-21;20;0
11;2025-12-21;21;0
11;2025-12-21;22;0
11;2025-12-21;23;0
11;2025-12-22;0;0
11;2025-12-22;1;0
11;2025-12-22;2;0
11;2025-12-22;3;0
11;2025-12-22;4;0
11;2025-12-22;5;0
11;2025-12-22;6;0
11;2025-12-22;7;0
11;2025-12-22;8;0
11;2025-12-22;9;0
11;2025-12-22;10;0
11;2025-12-22;11;0
11;2025-12-22;12;0
11;2025-12-22;13;0
11;2025-12-22;14;0
11;2025-12-22;15;0
11;2025-12-22;16;0
11;2025-12-22;17;0
11;2025-12-22;18;0
11;2025-12-22;19;0
11;2025-12-22;20;0
11;2025-12-22;21;0
11;2025-12-22;22;0
11;2025-12-22;23;0
11;2025-12-23;0;0
11;2025-12-23;1;0
11;2025-12-23;2;0
11;2025-12-23;3;0
11;2025-12-23;4;0
11;2025-12-23;5;0
11;2025-12-23;6;0
11;2025-12-23;7;0
11;2025-12-23;8;0
11;2025-12-23;9;0
11;2025-12-23;10;0
11;2025-12-23;11;0
11;2025-12-23;12;0
11;2025-12-23;13;0
11;2025-12-23;14;0
11;2025-12-23;15;0
11;2025-12-23;16;0
11;2025-12-23;17;0
11;2025-12-23;18;0
11;2025-12-23;19;0
11;2025-12-23;20;0
11;2025-12-23;21;0
11;2025-12-23;22;0
11;2025-12-23;23;0
11;2025-12-24;0;0
11;2025-12-24;1;0
11;2025-12-24;2;0
11;2025-12-24;3;0
11;2025-12-24;4;0
11;2025-12-24;5;0
11;2025-12-24;6;0
11;2025-12-24;7;0
11;2025-12-24;8;0
11;2025-12-24;9;0
11;2025-12-24;10;0
11;2025-12-24;11;0
11;2025-12-24;12;0
11;2025-12-24;13;0
11;2025-12-24;14;0
11;2025-12-24;15;0
11;2025-12-24;16;0
11;2025-12-24;17;0
11;2025-12-24;18;0
11;2025-12-24;19;0
11;2025-12-24;20;0
11;2025-12-24;21;0
11;2025-12-24;22;0
11;2025-12-24;23;0
11;2025-12-25;0;0
11;2025-12-25;1;0
11;2025-12-25;2;0
11;2025-12-25;3;0
11;2025-12-25;4;0
11;2025-12-25;5;0
11;2025-12-25;6;0
11;2025-12-25;7;0
11;2025-12-25;8;0
11;2025-12-25;9;0
11;2025-12-25;10;0
11;2025-12-25;11;0
11;2025-12-25;12;0
11;2025-12-25;13;0
11;2025-12-25;14;0
11;2025-12-25;15;0
11;2025-12-25;16;0
11;2025-12-25;17;0
11;2025-12-25;18;0
11;2025-12-25;19;0
11;2025-12-25;20;0
11;2025-12-25;21;0
11;2025-12-25;22;0
11;2025-12-25;23;0
11;2025-12-26;0;0
11;2025-12-26;1;0
11;2025-12-26;2;0
11;2025-12-26;3;0
11;2025-12-26;4;0
11;2025-12-26;5;0
11;2025-12-26;6;0
11;2025-12-26;7;0
11;2025-12-26;8;0
11;2025-12-26;9;0
11;2025-12-26;10;0
11;2025-12-26;11;0
11;2025-12-26;12;0
11;2025-12-26;13;0
11;2025-12-26;14;0
11;2025-12-26;15;0
11;2025-12-26;16;0
11;2025-12-26;17;0
11;2025-12-26;18;0
11;2025-12-26;19;0
11;2025-12-26;20;0
11;2025-12-26;21;0
11;2025-12-26;22;0
11;2025-12-26;23;0
11;2025-12-27;0;0
11;2025-12-27;1;0
11;2025-12-27;2;0
11;2025-12-27;3;0
11;2025-12-27;4;0
11;2025-12-27;5;0
11;2025-12-27;6;0
11;2025-12-27;7;0
11;2025-12-27;8;0
11;2025-12-27;9;0
11;2025-12-27;10;0
11;2025-12-27;11;0
11;2025-12-27;12;0
11;2025-12-27;13;0
11;2025-12-27;14;0
11;2025-12-27;15;0
11;2025-12-27;16;0
11;2025-12-27;17;0
11;2025-12-27;18;0
11;2025-12-27;19;0
11;2025-12-27;20;0
11;2025-12-27;21;0
11;2025-12-27;22;0
11;2025-12-27;23;0
11;2025-12-28;0;0
11;2025-12-28;1;0
11;2025-12-28;2;0
11;2025-12-28;3;0
11;2025-12-28;4;0
11;2025-12-28;5;0
11;2025-12-28;6;0
11;2025-12-28;7;0
11;2025-12-28;8;0
11;2025-12-28;9;0
11;2025-12-28;10;0
11;2025-12-28;11;0
11;2025-12-28;12;0
11;2025-12-28;13;0
11;2025-12-28;14;0
11;2025-12-28;15;0
11;2025-12-28;16;0
11;2025-12-28;17;0
11;2025-12-28;18;0
11;2025-12-28;19;0
11;2025-12-28;20;0
11;2025-12-28;21;0
11;2025-12-28;22;0
11;2025-12-28;23;0
11;2025-12-29;0;0
11;2025-12-29;1;0
11;2025-12-29;2;0
11;2025-12-29;3;0
11;2025-12-29;4;0
11;2025-12-29;5;0
11;2025-12-29;6;0
11;2025-12-29;7;0
11;2025-12-29;8;0
11;2025-12-29;9;0
11;2025-12-29;10;0
11;2025-12-29;11;0
11;2025-12-29;12;0
11;2025-12-29;13;0
11;2025-12-29;14;0
11;2025-12-29;15;0
11;2025-12-29;16;0
11;2025-12-29;17;0
11;2025-12-29;18;0
11;2025-12-29;19;0
11;2025-12-29;20;0
11;2025-12-29;21;0
11;2025-12-29;22;0
11;2025-12-29;23;0
11;2025-12-30;0;0
11;2025-12-30;1;0
11;2025-12-30;2;0
11;2025-12-30;3;0
11;2025-12-30;4;0
11;2025-12-30;5;0
11;2025-12-30;6;0
11;2025-12-30;7;0
11;2025-12-30;8;0
11;2025-12-30;9;0
11;2025-12-30;10;0
11;2025-12-30;11;0
11;2025-12-30;12;0
11;2025-12-30;13;0
11;2025-12-30;14;0
11;2025-12-30;15;0
11;2025-12-30;16;0
11;2025-12-30;17;0
11;2025-12-30;18;0
11;2025-12-30;19;0
11;2025-12-30;20;0
11;2025-12-30;21;0
11;2025-12-30;22;0
11;2025-12-30;23;0
11;2025-12-31;0;0
11;2025-12-31;1;0
11;2025-12-31;2;0
11;2025-12-31;3;0
11;2025-12-31;4;0
11;2025-12-31;5;0
11;2025-12-31;6;0
11;2025-12-31;7;0
11;2025-12-31;8;0
11;2025-12-31;9;0
11;2025-12-31;10;0
11;2025-12-31;11;0
11;2025-12-31;12;0
11;2025-12-31;13;0
11;2025-12-31;14;0
11;2025-12-31;15;0
11;2025-12-31;16;0
11;2025-12-31;17;0
11;2025-12-31;18;0
11;2025-12-31;19;0
11;2025-12-31;20;0
11;2025-12-31;21;0
11;2025-12-31;22;0
11;2025-12-31;23;0
12;2025-11-01;0;115
12;2025-11-01;1;21
12;2025-11-01;2;15
12;2025-11-01;3;15
12;2025-11-01;4;25
12;2025-11-01;5;579
12;2025-11-01;6;2593
12;2025-11-01;7;4951
12;2025-11-01;8;6527
12;2025-11-01;9;4663
12;2025-11-01;10;3755
12;2025-11-01;11;3607
12;2025-11-01;12;3743
12;2025-11-01;13;3797
12;2025-11-01;14;3661
12;2025-11-01;15;4145
12;2025-11-01;16;5071
12;2025-11-01;17;5535
12;2025-11-01;18;5607
12;2025-11-01;19;4233
12;2025-11-01;20;2739
12;2025-11-01;21;1735
12;2025-11-01;22;849
12;2025-11-01;23;487
12;2025-11-02;0;177
12;2025-11-02;1;23
12;2025-11-02;2;15
12;2025-11-02;3;15
12;2025-11-02;4;19
12;2025-11-02;5;271
12;2025-11-02;6;1027
12;2025-11-02;7;1465
12;2025-11-02;8;1527
12;2025-11-02;9;1959
12;2025-11-02;10;2399
12;2025-11-02;11;2627
12;2025-11-02;12;2839
12;2025-11-02;13;3257
12;2025-11-02;14;2979
12;2025-11-02;15;3085
12;2025-11-02;16;3189
12;2025-11-02;17;3205
12;2025-11-02;18;2837
12;2025-11-02;19;2069
12;2025-11-02;20;1603
12;2025-11-02;21;1227
12;2025-11-02;22;809
12;2025-11-02;23;441
12;2025-11-03;0;171
12;2025-11-03;1;23
12;2025-11-03;2;15
12;2025-11-03;3;15
12;2025-11-03;4;21
12;2025-11-03;5;253
12;2025-11-03;6;965
12;2025-11-03;7;1369
12;2025-11-03;8;1433
12;2025-11-03;9;1823
12;2025-11-03;10;2205
12;2025-11-03;11;2401
12;2025-11-03;12;2611
12;2025-11-03;13;2989
12;2025-11-03;14;2713
12;2025-11-03;15;2817
12;2025-11-03;16;2891
12;2025-11-03;17;2941
12;2025-11-03;18;2681
12;2025-11-03;19;1953
12;2025-11-03;20;1527
12;2025-11-03;21;1161
12;2025-11-03;22;759
12;2025-11-03;23;407
12;2025-11-04;0;159
12;2025-11-04;1;23
12;2025-11-04;2;15
12;2025-11-04;3;15
12;2025-11-04;4;21
12;2025-11-04;5;253
12;2025-11-04;6;947
12;2025-11-04;7;1355
12;2025-11-04;8;1407
12;2025-11-04;9;1779
12;2025-11-04;10;2165
12;2025-11-04;11;2355
12;2025-11-04;12;2547
12;2025-11-04;13;2947
12;2025-11-04;14;2689
12;2025-11-04;15;2765
12;2025-11-04;16;2865
12;2025-11-04;17;2911
12;2025-11-04;18;2641
12;2025-11-04;19;1901
12;2025-11-04;20;1473
12;2025-11-04;21;1133
12;2025-11-04;22;753
12;2025-11-04;23;401
12;2025-11-05;0;125
12;2025-11-05;1;17
12;2025-11-05;2;15
12;2025-11-05;3;15
12;2025-11-05;4;29
12;2025-11-05;5;635
12;2025-11-05;6;2863
12;2025-11-05;7;5405
12;2025-11-05;8;7209
12;2025-11-05;9;5115
12;2025-11-05;10;4139
12;2025-11-05;11;3933
12;2025-11-05;12;4091
12;2025-11-05;13;4109
12;2025-11-05;14;3963
12;2025-11-05;15;4449
12;2025-11-05;16;5501
12;2025-11-05;17;6053
12;2025-11-05;18;6305
12;2025-11-05;19;4727
12;2025-11-05;20;3031
12;2025-11-05;21;1953
12;2025-11-05;22;953
12;2025-11-05;23;531
12;2025-11-06;0;111
12;2025-11-06;1;19
12;2025-11-06;2;15
12;2025-11-06;3;15
12;2025-11-06;4;29
12;2025-11-06;5;633
12;2025-11-06;6;2841
12;2025-11-06;7;5457
12;2025-11-06;8;7237
12;2025-11-06;9;5085
12;2025-11-06;10;4089
12;2025-11-06;11;3921
12;2025-11-06;12;4071
12;2025-11-06;13;4137
12;2025-11-06;14;3985
12;2025-11-06;15;4469
12;2025-11-06;16;5489
12;2025-11-06;17;6075
12;2025-11-06;18;6333
12;2025-11-06;19;4755
12;2025-11-06;20;3059
12;2025-11-06;21;1907
12;2025-11-06;22;959
12;2025-11-06;23;541
12;2025-11-07;0;121
12;2025-11-07;1;17
12;2025-11-07;2;15
12;2025-11-07;3;15
12;2025-11-07;4;25
12;2025-11-07;5;639
12;2025-11-07;6;2841
12;2025-11-07;7;5327
12;2025-11-07;8;6965
12;2025-11-07;9;5037
12;2025-11-07;10;3999
12;2025-11-07;11;3927
12;2025-11-07;12;4031
12;2025-11-07;13;4137
12;2025-11-07;14;4025
12;2025-11-07;15;4677
12;2025-11-07;16;5731
12;2025-11-07;17;6005
12;2025-11-07;18;5667
12;2025-11-07;19;4433
12;2025-11-07;20;2903
12;2025-11-07;21;1955
12;2025-11-07;22;983
12;2025-11-07;23;605
12;2025-11-08;0;163
12;2025-11-08;1;19
12;2025-11-08;2;15
12;2025-11-08;3;15
12;2025-11-08;4;21
12;2025-11-08;5;461
12;2025-11-08;6;1655
12;2025-11-08;7;1865
12;2025-11-08;8;2113
12;2025-11-08;9;2545
12;2025-11-08;10;2631
12;2025-11-08;11;2951
12;2025-11-08;12;3175
12;2025-11-08;13;3591
12;2025-11-08;14;3225
12;2025-11-08;15;3189
12;2025-11-08;16;3509
12;2025-11-08;17;3295
12;2025-11-08;18;3073
12;2025-11-08;19;2845
12;2025-11-08;20;1981
12;2025-11-08;21;1653
12;2025-11-08;22;837
12;2025-11-08;23;621
12;2025-11-09;0;181
12;2025-11-09;1;29
12;2025-11-09;2;15
12;2025-11-09;3;15
12;2025-11-09;4;21
12;2025-11-09;5;267
12;2025-11-09;6;1025
12;2025-11-09;7;1463
12;2025-11-09;8;1519
12;2025-11-09;9;1957
12;2025-11-09;10;2387
12;2025-11-09;11;2615
12;2025-11-09;12;2839
12;2025-11-09;13;3267
12;2025-11-09;14;2981
12;2025-11-09;15;3087
12;2025-11-09;16;3181
12;2025-11-09;17;3203
12;2025-11-09;18;2853
12;2025-11-09;19;2059
12;2025-11-09;20;1599
12;2025-11-09;21;1235
12;2025-11-09;22;819
12;2025-11-09;23;441
12;2025-11-10;0;125
12;2025-11-10;1;19
12;2025-11-10;2;15
12;2025-11-10;3;15
12;2025-11-10;4;27
12;2025-11-10;5;625
12;2025-11-10;6;2833
12;2025-11-10;7;5443
12;2025-11-10;8;7265
12;2025-11-10;9;5125
12;2025-11-10;10;4083
12;2025-11-10;11;3915
12;2025-11-10;12;4127
12;2025-11-10;13;4115
12;2025-11-10;14;3975
12;2025-11-10;15;4499
12;2025-11-10;16;5521
12;2025-11-10;17;6079
12;2025-11-10;18;6373
12;2025-11-10;19;4747
12;2025-11-10;20;3063
12;2025-11-10;21;1901
12;2025-11-10;22;909
12;2025-11-10;23;499
12;2025-11-11;0;105
12;2025-11-11;1;17
12;2025-11-11;2;15
12;2025-11-11;3;15
12;2025-11-11;4;27
12;2025-11-11;5;641
12;2025-11-11;6;2875
12;2025-11-11;7;5575
12;2025-11-11;8;7437
12;2025-11-11;9;5209
12;2025-11-11;10;4185
12;2025-11-11;11;3999
12;2025-11-11;12;4159
12;2025-11-11;13;4211
12;2025-11-11;14;4077
12;2025-11-11;15;4551
12;2025-11-11;16;5627
12;2025-11-11;17;6189
12;2025-11-11;18;6449
12;2025-11-11;19;4791
12;2025-11-11;20;3051
12;2025-11-11;21;1925
12;2025-11-11;22;945
12;2025-11-11;23;525
12;2025-11-12;0;121
12;2025-11-12;1;17
12;2025-11-12;2;15
12;2025-11-12;3;15
12;2025-11-12;4;29
12;2025-11-12;5;635
12;2025-11-12;6;2865
12;2025-11-12;7;5451
12;2025-11-12;8;7271
12;2025-11-12;9;5163
12;2025-11-12;10;4195
12;2025-11-12;11;3969
12;2025-11-12;12;4133
12;2025-11-12;13;4147
12;2025-11-12;14;4001
12;2025-11-12;15;4499
12;2025-11-12;16;5579
12;2025-11-12;17;6117
12;2025-11-12;18;6363
12;2025-11-12;19;4749
12;2025-11-12;20;3045
12;2025-11-12;21;1953
12;2025-11-12;22;955
12;2025-11-12;23;535
12;2025-11-13;0;111
12;2025-11-13;1;21
12;2025-11-13;2;15
12;2025-11-13;3;15
12;2025-11-13;4;27
12;2025-11-13;5;631
12;2025-11-13;6;2843
12;2025-11-13;7;5505
12;2025-11-13;8;7313
12;2025-11-13;9;5141
12;2025-11-13;10;4145
12;2025-11-13;11;3979
12;2025-11-13;12;4135
12;2025-11-13;13;4201
12;2025-11-13;14;4045
12;2025-11-13;15;4549
12;2025-11-13;16;5585
12;2025-11-13;17;6155
12;2025-11-13;18;6413
12;2025-11-13;19;4789
12;2025-11-13;20;3097
12;2025-11-13;21;1923
12;2025-11-13;22;969
12;2025-11-13;23;545
12;2025-11-14;0;119
12;2025-11-14;1;17
12;2025-11-14;2;15
12;2025-11-14;3;15
12;2025-11-14;4;27
12;2025-11-14;5;641
12;2025-11-14;6;2837
12;2025-11-14;7;5359
12;2025-11-14;8;7019
12;2025-11-14;9;5075
12;2025-11-14;10;4043
12;2025-11-14;11;3971
12;2025-11-14;12;4075
12;2025-11-14;13;4177
12;2025-11-14;14;4073
12;2025-11-14;15;4731
12;2025-11-14;16;5803
12;2025-11-14;17;6063
12;2025-11-14;18;5711
12;2025-11-14;19;4447
12;2025-11-14;20;2915
12;2025-11-14;21;1951
12;2025-11-14;22;979
12;2025-11-14;23;601
12;2025-11-15;0;159
12;2025-11-15;1;21
12;2025-11-15;2;15
12;2025-11-15;3;15
12;2025-11-15;4;19
12;2025-11-15;5;441
12;2025-11-15;6;1573
12;2025-11-15;7;1795
12;2025-11-15;8;2039
12;2025-11-15;9;2453
12;2025-11-15;10;2913
12;2025-11-15;11;2943
12;2025-11-15;12;3061
12;2025-11-15;13;3461
12;2025-11-15;14;3121
12;2025-11-15;15;3083
12;2025-11-15;16;3393
12;2025-11-15;17;3183
12;2025-11-15;18;2971
12;2025-11-15;19;2735
12;2025-11-15;20;1909
12;2025-11-15;21;1587
12;2025-11-15;22;807
12;2025-11-15;23;599
12;2025-11-16;0;179
12;2025-11-16;1;23
12;2025-11-16;2;15
12;2025-11-16;3;15
12;2025-11-16;4;21
12;2025-11-16;5;263
12;2025-11-16;6;941
12;2025-11-16;7;1309
12;2025-11-16;8;1521
12;2025-11-16;9;1953
12;2025-11-16;10;2393
12;2025-11-16;11;2619
12;2025-11-16;12;2851
12;2025-11-16;13;3271
12;2025-11-16;14;3001
12;2025-11-16;15;3095
12;2025-11-16;16;3191
12;2025-11-16;17;3205
12;2025-11-16;18;2863
12;2025-11-16;19;2059
12;2025-11-16;20;1601
12;2025-11-16;21;1231
12;2025-11-16;22;825
12;2025-11-16;23;443
12;2025-11-17;0;127
12;2025-11-17;1;17
12;2025-11-17;2;15
12;2025-11-17;3;15
12;2025-11-17;4;29
12;2025-11-17;5;613
12;2025-11-17;6;2783
12;2025-11-17;7;5383
12;2025-11-17;8;7183
12;2025-11-17;9;5075
12;2025-11-17;10;4053
12;2025-11-17;11;3893
12;2025-11-17;12;4083
12;2025-11-17;13;4067
12;2025-11-17;14;3947
12;2025-11-17;15;4449
12;2025-11-17;16;5471
12;2025-11-17;17;6015
12;2025-11-17;18;6317
12;2025-11-17;19;4685
12;2025-11-17;20;3029
12;2025-11-17;21;1879
12;2025-11-17;22;901
12;2025-11-17;23;497
12;2025-11-18;0;109
12;2025-11-18;1;19
12;2025-11-18;2;15
12;2025-11-18;3;15
12;2025-11-18;4;25
12;2025-11-18;5;621
12;2025-11-18;6;2807
12;2025-11-18;7;5403
12;2025-11-18;8;7195
12;2025-11-18;9;5049
12;2025-11-18;10;4055
12;2025-11-18;11;3875
12;2025-11-18;12;4025
12;2025-11-18;13;4063
12;2025-11-18;14;3939
12;2025-11-18;15;4405
12;2025-11-18;16;5465
12;2025-11-18;17;6009
12;2025-11-18;18;6253
12;2025-11-18;19;4635
12;2025-11-18;20;2957
12;2025-11-18;21;1867
12;2025-11-18;22;917
12;2025-11-18;23;509
12;2025-11-19;0;121
12;2025-11-19;1;17
12;2025-11-19;2;15
12;2025-11-19;3;15
12;2025-11-19;4;27
12;2025-11-19;5;633
12;2025-11-19;6;2855
12;2025-11-19;7;5473
12;2025-11-19;8;7319
12;2025-11-19;9;5197
12;2025-11-19;10;4237
12;2025-11-19;11;4015
12;2025-11-19;12;4183
12;2025-11-19;13;4201
12;2025-11-19;14;4051
12;2025-11-19;15;4551
12;2025-11-19;16;5645
12;2025-11-19;17;6171
12;2025-11-19;18;6413
12;2025-11-19;19;4765
12;2025-11-19;20;3055
12;2025-11-19;21;1951
12;2025-11-19;22;957
12;2025-11-19;23;537
12;2025-11-20;0;109
12;2025-11-20;1;19
12;2025-11-20;2;15
12;2025-11-20;3;15
12;2025-11-20;4;27
12;2025-11-20;5;627
12;2025-11-20;6;2817
12;2025-11-20;7;5515
12;2025-11-20;8;7331
12;2025-11-20;9;5155
12;2025-11-20;10;4163
12;2025-11-20;11;4001
12;2025-11-20;12;4159
12;2025-11-20;13;4221
12;2025-11-20;14;4077
12;2025-11-20;15;4575
12;2025-11-20;16;5625
12;2025-11-20;17;6185
12;2025-11-20;18;6435
12;2025-11-20;19;4785
12;2025-11-20;20;3091
12;2025-11-20;21;1911
12;2025-11-20;22;963
12;2025-11-20;23;547
12;2025-11-21;0;119
12;2025-11-21;1;17
12;2025-11-21;2;15
12;2025-11-21;3;15
12;2025-11-21;4;27
12;2025-11-21;5;631
12;2025-11-21;6;2817
12;2025-11-21;7;5375
12;2025-11-21;8;7045
12;2025-11-21;9;5091
12;2025-11-21;10;4065
12;2025-11-21;11;3987
12;2025-11-21;12;4093
12;2025-11-21;13;4189
12;2025-11-21;14;4095
12;2025-11-21;15;4755
12;2025-11-21;16;5835
12;2025-11-21;17;6089
12;2025-11-21;18;5737
12;2025-11-21;19;4445
12;2025-11-21;20;2907
12;2025-11-21;21;1943
12;2025-11-21;22;977
12;2025-11-21;23;605
12;2025-11-22;0;161
12;2025-11-22;1;19
12;2025-11-22;2;15
12;2025-11-22;3;15
12;2025-11-22;4;19
12;2025-11-22;5;441
12;2025-11-22;6;1585
12;2025-11-22;7;1813
12;2025-11-22;8;2061
12;2025-11-22;9;2489
12;2025-11-22;10;2963
12;2025-11-22;11;3001
12;2025-11-22;12;3127
12;2025-11-22;13;3535
12;2025-11-22;14;3189
12;2025-11-22;15;3143
12;2025-11-22;16;3459
12;2025-11-22;17;3235
12;2025-11-22;18;3017
12;2025-11-22;19;2771
12;2025-11-22;20;1931
12;2025-11-22;21;1601
12;2025-11-22;22;819
12;2025-11-22;23;603
12;2025-11-23;0;181
12;2025-11-23;1;23
12;2025-11-23;2;15
12;2025-11-23;3;15
12;2025-11-23;4;21
12;2025-11-23;5;257
12;2025-11-23;6;987
12;2025-11-23;7;1441
12;2025-11-23;8;1511
12;2025-11-23;9;1945
12;2025-11-23;10;2385
12;2025-11-23;11;2619
12;2025-11-23;12;2851
12;2025-11-23;13;3273
12;2025-11-23;14;2997
12;2025-11-23;15;3089
12;2025-11-23;16;3181
12;2025-11-23;17;3189
12;2025-11-23;18;2839
12;2025-11-23;19;2035
12;2025-11-23;20;1583
12;2025-11-23;21;1221
12;2025-11-23;22;823
12;2025-11-23;23;441
12;2025-11-24;0;127
12;2025-11-24;1;17
12;2025-11-24;2;15
12;2025-11-24;3;15
12;2025-11-24;4;29
12;2025-11-24;5;597
12;2025-11-24;6;2721
12;2025-11-24;7;5275
12;2025-11-24;8;7057
12;2025-11-24;9;4979
12;2025-11-24;10;3987
12;2025-11-24;11;3813
12;2025-11-24;12;4011
12;2025-11-24;13;4005
12;2025-11-24;14;3887
12;2025-11-24;15;4383
12;2025-11-24;16;5399
12;2025-11-24;17;5923
12;2025-11-24;18;6211
12;2025-11-24;19;4605
12;2025-11-24;20;2969
12;2025-11-24;21;1845
12;2025-11-24;22;883
12;2025-11-24;23;485
12;2025-11-25;0;105
12;2025-11-25;1;17
12;2025-11-25;2;15
12;2025-11-25;3;15
12;2025-11-25;4;27
12;2025-11-25;5;627
12;2025-11-25;6;2827
12;2025-11-25;7;5559
12;2025-11-25;8;7431
12;2025-11-25;9;5207
12;2025-11-25;10;4205
12;2025-11-25;11;4013
12;2025-11-25;12;4177
12;2025-11-25;13;4225
12;2025-11-25;14;4105
12;2025-11-25;15;4579
12;2025-11-25;16;5679
12;2025-11-25;17;6211
12;2025-11-25;18;6459
12;2025-11-25;19;4765
12;2025-11-25;20;3035
12;2025-11-25;21;1903
12;2025-11-25;22;935
12;2025-11-25;23;519
12;2025-11-26;0;121
12;2025-11-26;1;17
12;2025-11-26;2;15
12;2025-11-26;3;15
12;2025-11-26;4;29
12;2025-11-26;5;617
12;2025-11-26;6;2785
12;2025-11-26;7;5363
12;2025-11-26;8;7181
12;2025-11-26;9;5093
12;2025-11-26;10;4157
12;2025-11-26;11;3919
12;2025-11-26;12;4093
12;2025-11-26;13;4101
12;2025-11-26;14;3977
12;2025-11-26;15;4461
12;2025-11-26;16;5539
12;2025-11-26;17;6035
12;2025-11-26;18;6275
12;2025-11-26;19;4649
12;2025-11-26;20;2977
12;2025-11-26;21;1891
12;2025-11-26;22;927
12;2025-11-26;23;519
12;2025-11-27;0;111
12;2025-11-27;1;19
12;2025-11-27;2;15
12;2025-11-27;3;15
12;2025-11-27;4;27
12;2025-11-27;5;615
12;2025-11-27;6;2789
12;2025-11-27;7;5421
12;2025-11-27;8;7223
12;2025-11-27;9;5075
12;2025-11-27;10;4113
12;2025-11-27;11;3937
12;2025-11-27;12;4089
12;2025-11-27;13;4147
12;2025-11-27;14;4001
12;2025-11-27;15;4501
12;2025-11-27;16;5547
12;2025-11-27;17;6081
12;2025-11-27;18;6325
12;2025-11-27;19;4687
12;2025-11-27;20;3027
12;2025-11-27;21;1867
12;2025-11-27;22;941
12;2025-11-27;23;533
12;2025-11-28;0;115
12;2025-11-28;1;19
12;2025-11-28;2;15
12;2025-11-28;3;15
12;2025-11-28;4;25
12;2025-11-28;5;627
12;2025-11-28;6;2767
12;2025-11-28;7;5279
12;2025-11-28;8;6943
12;2025-11-28;9;5007
12;2025-11-28;10;4009
12;2025-11-28;11;3931
12;2025-11-28;12;4035
12;2025-11-28;13;4133
12;2025-11-28;14;4043
12;2025-11-28;15;4689
12;2025-11-28;16;5767
12;2025-11-28;17;6005
12;2025-11-28;18;5657
12;2025-11-28;19;4379
12;2025-11-28;20;2863
12;2025-11-28;21;1915
12;2025-11-28;22;965
12;2025-11-28;23;597
12;2025-11-29;0;167
12;2025-11-29;1;19
12;2025-11-29;2;15
12;2025-11-29;3;15
12;2025-11-29;4;19
12;2025-11-29;5;451
12;2025-11-29;6;1607
12;2025-11-29;7;1843
12;2025-11-29;8;2107
12;2025-11-29;9;2537
12;2025-11-29;10;3029
12;2025-11-29;11;3081
12;2025-11-29;12;3207
12;2025-11-29;13;3621
12;2025-11-29;14;3267
12;2025-11-29;15;3211
12;2025-11-29;16;3531
12;2025-11-29;17;3295
12;2025-11-29;18;3071
12;2025-11-29;19;2819
12;2025-11-29;20;1969
12;2025-11-29;21;1631
12;2025-11-29;22;841
12;2025-11-29;23;619
12;2025-11-30;0;181
12;2025-11-30;1;23
12;2025-11-30;2;15
12;2025-11-30;3;15
12;2025-11-30;4;21
12;2025-11-30;5;257
12;2025-11-30;6;983
12;2025-11-30;7;1429
12;2025-11-30;8;1499
12;2025-11-30;9;1935
12;2025-11-30;10;2377
12;2025-11-30;11;2617
12;2025-11-30;12;2845
12;2025-11-30;13;3269
12;2025-11-30;14;2997
12;2025-11-30;15;3087
12;2025-11-30;16;3183
12;2025-11-30;17;3183
12;2025-11-30;18;2831
12;2025-11-30;19;2033
12;2025-11-30;20;1581
12;2025-11-30;21;1221
12;2025-11-30;22;823
12;2025-11-30;23;449
12;2025-12-01;0;0
12;2025-12-01;1;0
12;2025-12-01;2;0
12;2025-12-01;3;0
12;2025-12-01;4;0
12;2025-12-01;5;0
12;2025-12-01;6;0
12;2025-12-01;7;0
12;2025-12-01;8;0
12;2025-12-01;9;0
12;2025-12-01;10;0
12;2025-12-01;11;0
12;2025-12-01;12;0
12;2025-12-01;13;0
12;2025-12-01;14;0
12;2025-12-01;15;0
12;2025-12-01;16;0
12;2025-12-01;17;0
12;2025-12-01;18;0
12;2025-12-01;19;0
12;2025-12-01;20;0
12;2025-12-01;21;0
12;2025-12-01;22;0
12;2025-12-01;23;0
12;2025-12-02;0;0
12;2025-12-02;1;0
12;2025-12-02;2;0
12;2025-12-02;3;0
12;2025-12-02;4;0
12;2025-12-02;5;0
12;2025-12-02;6;0
12;2025-12-02;7;0
12;2025-12-02;8;0
12;2025-12-02;9;0
12;2025-12-02;10;0
12;2025-12-02;11;0
12;2025-12-02;12;0
12;2025-12-02;13;0
12;2025-12-02;14;0
12;2025-12-02;15;0
12;2025-12-02;16;0
12;2025-12-02;17;0
12;2025-12-02;18;0
12;2025-12-02;19;0
12;2025-12-02;20;0
12;2025-12-02;21;0
12;2025-12-02;22;0
12;2025-12-02;23;0
12;2025-12-03;0;0
12;2025-12-03;1;0
12;2025-12-03;2;0
12;2025-12-03;3;0
12;2025-12-03;4;0
12;2025-12-03;5;0
12;2025-12-03;6;0
12;2025-12-03;7;0
12;2025-12-03;8;0
12;2025-12-03;9;0
12;2025-12-03;10;0
12;2025-12-03;11;0
12;2025-12-03;12;0
12;2025-12-03;13;0
12;2025-12-03;14;0
12;2025-12-03;15;0
12;2025-12-03;16;0
12;2025-12-03;17;0
12;2025-12-03;18;0
12;2025-12-03;19;0
12;2025-12-03;20;0
12;2025-12-03;21;0
12;2025-12-03;22;0
12;2025-12-03;23;0
12;2025-12-04;0;0
12;2025-12-04;1;0
12;2025-12-04;2;0
12;2025-12-04;3;0
12;2025-12-04;4;0
12;2025-12-04;5;0
12;2025-12-04;6;0
12;2025-12-04;7;0
12;2025-12-04;8;0
12;2025-12-04;9;0
12;2025-12-04;10;0
12;2025-12-04;11;0
12;2025-12-04;12;0
12;2025-12-04;13;0
12;2025-12-04;14;0
12;2025-12-04;15;0
12;2025-12-04;16;0
12;2025-12-04;17;0
12;2025-12-04;18;0
12;2025-12-04;19;0
12;2025-12-04;20;0
12;2025-12-04;21;0
12;2025-12-04;22;0
12;2025-12-04;23;0
12;2025-12-05;0;0
12;2025-12-05;1;0
12;2025-12-05;2;0
12;2025-12-05;3;0
12;2025-12-05;4;0
12;2025-12-05;5;0
12;2025-12-05;6;0
12;2025-12-05;7;0
12;2025-12-05;8;0
12;2025-12-05;9;0
12;2025-12-05;10;0
12;2025-12-05;11;0
12;2025-12-05;12;0
12;2025-12-05;13;0
12;2025-12-05;14;0
12;2025-12-05;15;0
12;2025-12-05;16;0
12;2025-12-05;17;0
12;2025-12-05;18;0
12;2025-12-05;19;0
12;2025-12-05;20;0
12;2025-12-05;21;0
12;2025-12-05;22;0
12;2025-12-05;23;0
12;2025-12-06;0;0
12;2025-12-06;1;0
12;2025-12-06;2;0
12;2025-12-06;3;0
12;2025-12-06;4;0
12;2025-12-06;5;0
12;2025-12-06;6;0
12;2025-12-06;7;0
12;2025-12-06;8;0
12;2025-12-06;9;0
12;2025-12-06;10;0
12;2025-12-06;11;0
12;2025-12-06;12;0
12;2025-12-06;13;0
12;2025-12-06;14;0
12;2025-12-06;15;0
12;2025-12-06;16;0
12;2025-12-06;17;0
12;2025-12-06;18;0
12;2025-12-06;19;0
12;2025-12-06;20;0
12;2025-12-06;21;0
12;2025-12-06;22;0
12;2025-12-06;23;0
12;2025-12-07;0;0
12;2025-12-07;1;0
12;2025-12-07;2;0
12;2025-12-07;3;0
12;2025-12-07;4;0
12;2025-12-07;5;0
12;2025-12-07;6;0
12;2025-12-07;7;0
12;2025-12-07;8;0
12;2025-12-07;9;0
12;2025-12-07;10;0
12;2025-12-07;11;0
12;2025-12-07;12;0
12;2025-12-07;13;0
12;2025-12-07;14;0
12;2025-12-07;15;0
12;2025-12-07;16;0
12;2025-12-07;17;0
12;2025-12-07;18;0
12;2025-12-07;19;0
12;2025-12-07;20;0
12;2025-12-07;21;0
12;2025-12-07;22;0
12;2025-12-07;23;0
12;2025-12-08;0;0
12;2025-12-08;1;0
12;2025-12-08;2;0
12;2025-12-08;3;0
12;2025-12-08;4;0
12;2025-12-08;5;0
12;2025-12-08;6;0
12;2025-12-08;7;0
12;2025-12-08;8;0
12;2025-12-08;9;0
12;2025-12-08;10;0
12;2025-12-08;11;0
12;2025-12-08;12;0
12;2025-12-08;13;0
12;2025-12-08;14;0
12;2025-12-08;15;0
12;2025-12-08;16;0
12;2025-12-08;17;0
12;2025-12-08;18;0
12;2025-12-08;19;0
12;2025-12-08;20;0
12;2025-12-08;21;0
12;2025-12-08;22;0
12;2025-12-08;23;0
12;2025-12-09;0;0
12;2025-12-09;1;0
12;2025-12-09;2;0
12;2025-12-09;3;0
12;2025-12-09;4;0
12;2025-12-09;5;0
12;2025-12-09;6;0
12;2025-12-09;7;0
12;2025-12-09;8;0
12;2025-12-09;9;0
12;2025-12-09;10;0
12;2025-12-09;11;0
12;2025-12-09;12;0
12;2025-12-09;13;0
12;2025-12-09;14;0
12;2025-12-09;15;0
12;2025-12-09;16;0
12;2025-12-09;17;0
12;2025-12-09;18;0
12;2025-12-09;19;0
12;2025-12-09;20;0
12;2025-12-09;21;0
12;2025-12-09;22;0
12;2025-12-09;23;0
12;2025-12-10;0;0
12;2025-12-10;1;0
12;2025-12-10;2;0
12;2025-12-10;3;0
12;2025-12-10;4;0
12;2025-12-10;5;0
12;2025-12-10;6;0
12;2025-12-10;7;0
12;2025-12-10;8;0
12;2025-12-10;9;0
12;2025-12-10;10;0
12;2025-12-10;11;0
12;2025-12-10;12;0
12;2025-12-10;13;0
12;2025-12-10;14;0
12;2025-12-10;15;0
12;2025-12-10;16;0
12;2025-12-10;17;0
12;2025-12-10;18;0
12;2025-12-10;19;0
12;2025-12-10;20;0
12;2025-12-10;21;0
12;2025-12-10;22;0
12;2025-12-10;23;0
12;2025-12-11;0;0
12;2025-12-11;1;0
12;2025-12-11;2;0
12;2025-12-11;3;0
12;2025-12-11;4;0
12;2025-12-11;5;0
12;2025-12-11;6;0
12;2025-12-11;7;0
12;2025-12-11;8;0
12;2025-12-11;9;0
12;2025-12-11;10;0
12;2025-12-11;11;0
12;2025-12-11;12;0
12;2025-12-11;13;0
12;2025-12-11;14;0
12;2025-12-11;15;0
12;2025-12-11;16;0
12;2025-12-11;17;0
12;2025-12-11;18;0
12;2025-12-11;19;0
12;2025-12-11;20;0
12;2025-12-11;21;0
12;2025-12-11;22;0
12;2025-12-11;23;0
12;2025-12-12;0;0
12;2025-12-12;1;0
12;2025-12-12;2;0
12;2025-12-12;3;0
12;2025-12-12;4;0
12;2025-12-12;5;0
12;2025-12-12;6;0
12;2025-12-12;7;0
12;2025-12-12;8;0
12;2025-12-12;9;0
12;2025-12-12;10;0
12;2025-12-12;11;0
12;2025-12-12;12;0
12;2025-12-12;13;0
12;2025-12-12;14;0
12;2025-12-12;15;0
12;2025-12-12;16;0
12;2025-12-12;17;0
12;2025-12-12;18;0
12;2025-12-12;19;0
12;2025-12-12;20;0
12;2025-12-12;21;0
12;2025-12-12;22;0
12;2025-12-12;23;0
12;2025-12-13;0;0
12;2025-12-13;1;0
12;2025-12-13;2;0
12;2025-12-13;3;0
12;2025-12-13;4;0
12;2025-12-13;5;0
12;2025-12-13;6;0
12;2025-12-13;7;0
12;2025-12-13;8;0
12;2025-12-13;9;0
12;2025-12-13;10;0
12;2025-12-13;11;0
12;2025-12-13;12;0
12;2025-12-13;13;0
12;2025-12-13;14;0
12;2025-12-13;15;0
12;2025-12-13;16;0
12;2025-12-13;17;0
12;2025-12-13;18;0
12;2025-12-13;19;0
12;2025-12-13;20;0
12;2025-12-13;21;0
12;2025-12-13;22;0
12;2025-12-13;23;0
12;2025-12-14;0;0
12;2025-12-14;1;0
12;2025-12-14;2;0
12;2025-12-14;3;0
12;2025-12-14;4;0
12;2025-12-14;5;0
12;2025-12-14;6;0
12;2025-12-14;7;0
12;2025-12-14;8;0
12;2025-12-14;9;0
12;2025-12-14;10;0
12;2025-12-14;11;0
12;2025-12-14;12;0
12;2025-12-14;13;0
12;2025-12-14;14;0
12;2025-12-14;15;0
12;2025-12-14;16;0
12;2025-12-14;17;0
12;2025-12-14;18;0
12;2025-12-14;19;0
12;2025-12-14;20;0
12;2025-12-14;21;0
12;2025-12-14;22;0
12;2025-12-14;23;0
12;2025-12-15;0;0
12;2025-12-15;1;0
12;2025-12-15;2;0
12;2025-12-15;3;0
12;2025-12-15;4;0
12;2025-12-15;5;0
12;2025-12-15;6;0
12;2025-12-15;7;0
12;2025-12-15;8;0
12;2025-12-15;9;0
12;2025-12-15;10;0
12;2025-12-15;11;0
12;2025-12-15;12;0
12;2025-12-15;13;0
12;2025-12-15;14;0
12;2025-12-15;15;0
12;2025-12-15;16;0
12;2025-12-15;17;0
12;2025-12-15;18;0
12;2025-12-15;19;0
12;2025-12-15;20;0
12;2025-12-15;21;0
12;2025-12-15;22;0
12;2025-12-15;23;0
12;2025-12-16;0;0
12;2025-12-16;1;0
12;2025-12-16;2;0
12;2025-12-16;3;0
12;2025-12-16;4;0
12;2025-12-16;5;0
12;2025-12-16;6;0
12;2025-12-16;7;0
12;2025-12-16;8;0
12;2025-12-16;9;0
12;2025-12-16;10;0
12;2025-12-16;11;0
12;2025-12-16;12;0
12;2025-12-16;13;0
12;2025-12-16;14;0
12;2025-12-16;15;0
12;2025-12-16;16;0
12;2025-12-16;17;0
12;2025-12-16;18;0
12;2025-12-16;19;0
12;2025-12-16;20;0
12;2025-12-16;21;0
12;2025-12-16;22;0
12;2025-12-16;23;0
12;2025-12-17;0;0
12;2025-12-17;1;0
12;2025-12-17;2;0
12;2025-12-17;3;0
12;2025-12-17;4;0
12;2025-12-17;5;0
12;2025-12-17;6;0
12;2025-12-17;7;0
12;2025-12-17;8;0
12;2025-12-17;9;0
12;2025-12-17;10;0
12;2025-12-17;11;0
12;2025-12-17;12;0
12;2025-12-17;13;0
12;2025-12-17;14;0
12;2025-12-17;15;0
12;2025-12-17;16;0
12;2025-12-17;17;0
12;2025-12-17;18;0
12;2025-12-17;19;0
12;2025-12-17;20;0
12;2025-12-17;21;0
12;2025-12-17;22;0
12;2025-12-17;23;0
12;2025-12-18;0;0
12;2025-12-18;1;0
12;2025-12-18;2;0
12;2025-12-18;3;0
12;2025-12-18;4;0
12;2025-12-18;5;0
12;2025-12-18;6;0
12;2025-12-18;7;0
12;2025-12-18;8;0
12;2025-12-18;9;0
12;2025-12-18;10;0
12;2025-12-18;11;0
12;2025-12-18;12;0
12;2025-12-18;13;0
12;2025-12-18;14;0
12;2025-12-18;15;0
12;2025-12-18;16;0
12;2025-12-18;17;0
12;2025-12-18;18;0
12;2025-12-18;19;0
12;2025-12-18;20;0
12;2025-12-18;21;0
12;2025-12-18;22;0
12;2025-12-18;23;0
12;2025-12-19;0;0
12;2025-12-19;1;0
12;2025-12-19;2;0
12;2025-12-19;3;0
12;2025-12-19;4;0
12;2025-12-19;5;0
12;2025-12-19;6;0
12;2025-12-19;7;0
12;2025-12-19;8;0
12;2025-12-19;9;0
12;2025-12-19;10;0
12;2025-12-19;11;0
12;2025-12-19;12;0
12;2025-12-19;13;0
12;2025-12-19;14;0
12;2025-12-19;15;0
12;2025-12-19;16;0
12;2025-12-19;17;0
12;2025-12-19;18;0
12;2025-12-19;19;0
12;2025-12-19;20;0
12;2025-12-19;21;0
12;2025-12-19;22;0
12;2025-12-19;23;0
12;2025-12-20;0;0
12;2025-12-20;1;0
12;2025-12-20;2;0
12;2025-12-20;3;0
12;2025-12-20;4;0
12;2025-12-20;5;0
12;2025-12-20;6;0
12;2025-12-20;7;0
12;2025-12-20;8;0
12;2025-12-20;9;0
12;2025-12-20;10;0
12;2025-12-20;11;0
12;2025-12-20;12;0
12;2025-12-20;13;0
12;2025-12-20;14;0
12;2025-12-20;15;0
12;2025-12-20;16;0
12;2025-12-20;17;0
12;2025-12-20;18;0
12;2025-12-20;19;0
12;2025-12-20;20;0
12;2025-12-20;21;0
12;2025-12-20;22;0
12;2025-12-20;23;0
12;2025-12-21;0;0
12;2025-12-21;1;0
12;2025-12-21;2;0
12;2025-12-21;3;0
12;2025-12-21;4;0
12;2025-12-21;5;0
12;2025-12-21;6;0
12;2025-12-21;7;0
12;2025-12-21;8;0
12;2025-12-21;9;0
12;2025-12-21;10;0
12;2025-12-21;11;0
12;2025-12-21;12;0
12;2025-12-21;13;0
12;2025-12-21;14;0
12;2025-12-21;15;0
12;2025-12-21;16;0
12;2025-12-21;17;0
12;2025-12-21;18;0
12;2025-12-21;19;0
12;2025-12-21;20;0
12;2025-12-21;21;0
12;2025-12-21;22;0
12;2025-12-21;23;0
12;2025-12-22;0;0
12;2025-12-22;1;0
12;2025-12-22;2;0
12;2025-12-22;3;0
12;2025-12-22;4;0
12;2025-12-22;5;0
12;2025-12-22;6;0
12;2025-12-22;7;0
12;2025-12-22;8;0
12;2025-12-22;9;0
12;2025-12-22;10;0
12;2025-12-22;11;0
12;2025-12-22;12;0
12;2025-12-22;13;0
12;2025-12-22;14;0
12;2025-12-22;15;0
12;2025-12-22;16;0
12;2025-12-22;17;0
12;2025-12-22;18;0
12;2025-12-22;19;0
12;2025-12-22;20;0
12;2025-12-22;21;0
12;2025-12-22;22;0
12;2025-12-22;23;0
12;2025-12-23;0;0
12;2025-12-23;1;0
12;2025-12-23;2;0
12;2025-12-23;3;0
12;2025-12-23;4;0
12;2025-12-23;5;0
12;2025-12-23;6;0
12;2025-12-23;7;0
12;2025-12-23;8;0
12;2025-12-23;9;0
12;2025-12-23;10;0
12;2025-12-23;11;0
12;2025-12-23;12;0
12;2025-12-23;13;0
12;2025-12-23;14;0
12;2025-12-23;15;0
12;2025-12-23;16;0
12;2025-12-23;17;0
12;2025-12-23;18;0
12;2025-12-23;19;0
12;2025-12-23;20;0
12;2025-12-23;21;0
12;2025-12-23;22;0
12;2025-12-23;23;0
12;2025-12-24;0;0
12;2025-12-24;1;0
12;2025-12-24;2;0
12;2025-12-24;3;0
12;2025-12-24;4;0
12;2025-12-24;5;0
12;2025-12-24;6;0
12;2025-12-24;7;0
12;2025-12-24;8;0
12;2025-12-24;9;0
12;2025-12-24;10;0
12;2025-12-24;11;0
12;2025-12-24;12;0
12;2025-12-24;13;0
12;2025-12-24;14;0
12;2025-12-24;15;0
12;2025-12-24;16;0
12;2025-12-24;17;0
12;2025-12-24;18;0
12;2025-12-24;19;0
12;2025-12-24;20;0
12;2025-12-24;21;0
12;2025-12-24;22;0
12;2025-12-24;23;0
12;2025-12-25;0;0
12;2025-12-25;1;0
12;2025-12-25;2;0
12;2025-12-25;3;0
12;2025-12-25;4;0
12;2025-12-25;5;0
12;2025-12-25;6;0
12;2025-12-25;7;0
12;2025-12-25;8;0
12;2025-12-25;9;0
12;2025-12-25;10;0
12;2025-12-25;11;0
12;2025-12-25;12;0
12;2025-12-25;13;0
12;2025-12-25;14;0
12;2025-12-25;15;0
12;2025-12-25;16;0
12;2025-12-25;17;0
12;2025-12-25;18;0
12;2025-12-25;19;0
12;2025-12-25;20;0
12;2025-12-25;21;0
12;2025-12-25;22;0
12;2025-12-25;23;0
12;2025-12-26;0;0
12;2025-12-26;1;0
12;2025-12-26;2;0
12;2025-12-26;3;0
12;2025-12-26;4;0
12;2025-12-26;5;0
12;2025-12-26;6;0
12;2025-12-26;7;0
12;2025-12-26;8;0
12;2025-12-26;9;0
12;2025-12-26;10;0
12;2025-12-26;11;0
12;2025-12-26;12;0
12;2025-12-26;13;0
12;2025-12-26;14;0
12;2025-12-26;15;0
12;2025-12-26;16;0
12;2025-12-26;17;0
12;2025-12-26;18;0
12;2025-12-26;19;0
12;2025-12-26;20;0
12;2025-12-26;21;0
12;2025-12-26;22;0
12;2025-12-26;23;0
12;2025-12-27;0;0
12;2025-12-27;1;0
12;2025-12-27;2;0
12;2025-12-27;3;0
12;2025-12-27;4;0
12;2025-12-27;5;0
12;2025-12-27;6;0
12;2025-12-27;7;0
12;2025-12-27;8;0
12;2025-12-27;9;0
12;2025-12-27;10;0
12;2025-12-27;11;0
12;2025-12-27;12;0
12;2025-12-27;13;0
12;2025-12-27;14;0
12;2025-12-27;15;0
12;2025-12-27;16;0
12;2025-12-27;17;0
12;2025-12-27;18;0
12;2025-12-27;19;0
12;2025-12-27;20;0
12;2025-12-27;21;0
12;2025-12-27;22;0
12;2025-12-27;23;0
12;2025-12-28;0;0
12;2025-12-28;1;0
12;2025-12-28;2;0
12;2025-12-28;3;0
12;2025-12-28;4;0
12;2025-12-28;5;0
12;2025-12-28;6;0
12;2025-12-28;7;0
12;2025-12-28;8;0
12;2025-12-28;9;0
12;2025-12-28;10;0
12;2025-12-28;11;0
12;2025-12-28;12;0
12;2025-12-28;13;0
12;2025-12-28;14;0
12;2025-12-28;15;0
12;2025-12-28;16;0
12;2025-12-28;17;0
12;2025-12-28;18;0
12;2025-12-28;19;0
12;2025-12-28;20;0
12;2025-12-28;21;0
12;2025-12-28;22;0
12;2025-12-28;23;0
12;2025-12-29;0;0
12;2025-12-29;1;0
12;2025-12-29;2;0
12;2025-12-29;3;0
12;2025-12-29;4;0
12;2025-12-29;5;0
12;2025-12-29;6;0
12;2025-12-29;7;0
12;2025-12-29;8;0
12;2025-12-29;9;0
12;2025-12-29;10;0
12;2025-12-29;11;0
12;2025-12-29;12;0
12;2025-12-29;13;0
12;2025-12-29;14;0
12;2025-12-29;15;0
12;2025-12-29;16;0
12;2025-12-29;17;0
12;2025-12-29;18;0
12;2025-12-29;19;0
12;2025-12-29;20;0
12;2025-12-29;21;0
12;2025-12-29;22;0
12;2025-12-29;23;0
12;2025-12-30;0;0
12;2025-12-30;1;0
12;2025-12-30;2;0
12;2025-12-30;3;0
12;2025-12-30;4;0
12;2025-12-30;5;0
12;2025-12-30;6;0
12;2025-12-30;7;0
12;2025-12-30;8;0
12;2025-12-30;9;0
12;2025-12-30;10;0
12;2025-12-30;11;0
12;2025-12-30;12;0
12;2025-12-30;13;0
12;2025-12-30;14;0
12;2025-12-30;15;0
12;2025-12-30;16;0
12;2025-12-30;17;0
12;2025-12-30;18;0
12;2025-12-30;19;0
12;2025-12-30;20;0
12;2025-12-30;21;0
12;2025-12-30;22;0
12;2025-12-30;23;0
12;2025-12-31;0;0
12;2025-12-31;1;0
12;2025-12-31;2;0
12;2025-12-31;3;0
12;2025-12-31;4;0
12;2025-12-31;5;0
12;2025-12-31;6;0
12;2025-12-31;7;0
12;2025-12-31;8;0
12;2025-12-31;9;0
12;2025-12-31;10;0
12;2025-12-31;11;0
12;2025-12-31;12;0
12;2025-12-31;13;0
12;2025-12-31;14;0
12;2025-12-31;15;0
12;2025-12-31;16;0
12;2025-12-31;17;0
12;2025-12-31;18;0
12;2025-12-31;19;0
12;2025-12-31;20;0
12;2025-12-31;21;0
12;2025-12-31;22;0
12;2025-12-31;23;0
17;2025-11-01;0;176
17;2025-11-01;1;21
17;2025-11-01;2;3
17;2025-11-01;3;3
17;2025-11-01;4;37
17;2025-11-01;5;434
17;2025-11-01;6;2135
17;2025-11-01;7;5997
17;2025-11-01;8;7480
17;2025-11-01;9;5474
17;2025-11-01;10;4362
17;2025-11-01;11;4347
17;2025-11-01;12;4351
17;2025-11-01;13;4443
17;2025-11-01;14;4579
17;2025-11-01;15;4691
17;2025-11-01;16;5256
17;2025-11-01;17;6365
17;2025-11-01;18;6432
17;2025-11-01;19;4627
17;2025-11-01;20;3275
17;2025-11-01;21;2042
17;2025-11-01;22;981
17;2025-11-01;23;555
17;2025-11-02;0;0
17;2025-11-02;1;0
17;2025-11-02;2;0
17;2025-11-02;3;0
17;2025-11-02;4;0
17;2025-11-02;5;0
17;2025-11-02;6;0
17;2025-11-02;7;0
17;2025-11-02;8;0
17;2025-11-02;9;0
17;2025-11-02;10;0
17;2025-11-02;11;0
17;2025-11-02;12;0
17;2025-11-02;13;0
17;2025-11-02;14;0
17;2025-11-02;15;0
17;2025-11-02;16;0
17;2025-11-02;17;0
17;2025-11-02;18;0
17;2025-11-02;19;0
17;2025-11-02;20;0
17;2025-11-02;21;0
17;2025-11-02;22;0
17;2025-11-02;23;0
17;2025-11-03;0;0
17;2025-11-03;1;0
17;2025-11-03;2;0
17;2025-11-03;3;0
17;2025-11-03;4;0
17;2025-11-03;5;0
17;2025-11-03;6;0
17;2025-11-03;7;0
17;2025-11-03;8;0
17;2025-11-03;9;0
17;2025-11-03;10;0
17;2025-11-03;11;0
17;2025-11-03;12;0
17;2025-11-03;13;0
17;2025-11-03;14;0
17;2025-11-03;15;0
17;2025-11-03;16;0
17;2025-11-03;17;0
17;2025-11-03;18;0
17;2025-11-03;19;0
17;2025-11-03;20;0
17;2025-11-03;21;0
17;2025-11-03;22;0
17;2025-11-03;23;0
17;2025-11-04;0;0
17;2025-11-04;1;0
17;2025-11-04;2;0
17;2025-11-04;3;0
17;2025-11-04;4;0
17;2025-11-04;5;0
17;2025-11-04;6;0
17;2025-11-04;7;0
17;2025-11-04;8;0
17;2025-11-04;9;0
17;2025-11-04;10;0
17;2025-11-04;11;0
17;2025-11-04;12;0
17;2025-11-04;13;0
17;2025-11-04;14;0
17;2025-11-04;15;0
17;2025-11-04;16;0
17;2025-11-04;17;0
17;2025-11-04;18;0
17;2025-11-04;19;0
17;2025-11-04;20;0
17;2025-11-04;21;0
17;2025-11-04;22;0
17;2025-11-04;23;0
17;2025-11-05;0;197
17;2025-11-05;1;21
17;2025-11-05;2;3
17;2025-11-05;3;3
17;2025-11-05;4;43
17;2025-11-05;5;487
17;2025-11-05;6;2432
17;2025-11-05;7;6775
17;2025-11-05;8;8488
17;2025-11-05;9;6146
17;2025-11-05;10;4845
17;2025-11-05;11;4816
17;2025-11-05;12;4816
17;2025-11-05;13;4912
17;2025-11-05;14;5067
17;2025-11-05;15;5194
17;2025-11-05;16;5816
17;2025-11-05;17;7157
17;2025-11-05;18;7490
17;2025-11-05;19;5344
17;2025-11-05;20;3765
17;2025-11-05;21;2352
17;2025-11-05;22;1139
17;2025-11-05;23;624
17;2025-11-06;0;203
17;2025-11-06;1;21
17;2025-11-06;2;3
17;2025-11-06;3;3
17;2025-11-06;4;43
17;2025-11-06;5;503
17;2025-11-06;6;2482
17;2025-11-06;7;6883
17;2025-11-06;8;8626
17;2025-11-06;9;6251
17;2025-11-06;10;4935
17;2025-11-06;11;4888
17;2025-11-06;12;4891
17;2025-11-06;13;4991
17;2025-11-06;14;5146
17;2025-11-06;15;5213
17;2025-11-06;16;5888
17;2025-11-06;17;7223
17;2025-11-06;18;7538
17;2025-11-06;19;5429
17;2025-11-06;20;3811
17;2025-11-06;21;2381
17;2025-11-06;22;1152
17;2025-11-06;23;645
17;2025-11-07;0;211
17;2025-11-07;1;24
17;2025-11-07;2;3
17;2025-11-07;3;3
17;2025-11-07;4;40
17;2025-11-07;5;496
17;2025-11-07;6;2463
17;2025-11-07;7;6840
17;2025-11-07;8;8495
17;2025-11-07;9;6197
17;2025-11-07;10;4880
17;2025-11-07;11;4883
17;2025-11-07;12;4903
17;2025-11-07;13;5015
17;2025-11-07;14;5157
17;2025-11-07;15;5347
17;2025-11-07;16;6063
17;2025-11-07;17;7263
17;2025-11-07;18;7160
17;2025-11-07;19;5282
17;2025-11-07;20;3802
17;2025-11-07;21;2410
17;2025-11-07;22;1187
17;2025-11-07;23;683
17;2025-11-08;0;0
17;2025-11-08;1;0
17;2025-11-08;2;0
17;2025-11-08;3;0
17;2025-11-08;4;0
17;2025-11-08;5;0
17;2025-11-08;6;0
17;2025-11-08;7;0
17;2025-11-08;8;0
17;2025-11-08;9;0
17;2025-11-08;10;0
17;2025-11-08;11;0
17;2025-11-08;12;0
17;2025-11-08;13;0
17;2025-11-08;14;0
17;2025-11-08;15;0
17;2025-11-08;16;0
17;2025-11-08;17;0
17;2025-11-08;18;0
17;2025-11-08;19;0
17;2025-11-08;20;0
17;2025-11-08;21;0
17;2025-11-08;22;0
17;2025-11-08;23;0
17;2025-11-09;0;0
17;2025-11-09;1;0
17;2025-11-09;2;0
17;2025-11-09;3;0
17;2025-11-09;4;0
17;2025-11-09;5;0
17;2025-11-09;6;0
17;2025-11-09;7;0
17;2025-11-09;8;0
17;2025-11-09;9;0
17;2025-11-09;10;0
17;2025-11-09;11;0
17;2025-11-09;12;0
17;2025-11-09;13;0
17;2025-11-09;14;0
17;2025-11-09;15;0
17;2025-11-09;16;0
17;2025-11-09;17;0
17;2025-11-09;18;0
17;2025-11-09;19;0
17;2025-11-09;20;0
17;2025-11-09;21;0
17;2025-11-09;22;0
17;2025-11-09;23;0
17;2025-11-10;0;199
17;2025-11-10;1;21
17;2025-11-10;2;3
17;2025-11-10;3;3
17;2025-11-10;4;43
17;2025-11-10;5;495
17;2025-11-10;6;2466
17;2025-11-10;7;6879
17;2025-11-10;8;8651
17;2025-11-10;9;6243
17;2025-11-10;10;4909
17;2025-11-10;11;4888
17;2025-11-10;12;4877
17;2025-11-10;13;4954
17;2025-11-10;14;5085
17;2025-11-10;15;5231
17;2025-11-10;16;5879
17;2025-11-10;17;7243
17;2025-11-10;18;7565
17;2025-11-10;19;5399
17;2025-11-10;20;3808
17;2025-11-10;21;2344
17;2025-11-10;22;1111
17;2025-11-10;23;599
17;2025-11-11;0;195
17;2025-11-11;1;19
17;2025-11-11;2;3
17;2025-11-11;3;3
17;2025-11-11;4;42
17;2025-11-11;5;507
17;2025-11-11;6;2485
17;2025-11-11;7;6917
17;2025-11-11;8;8699
17;2025-11-11;9;6277
17;2025-11-11;10;4946
17;2025-11-11;11;4925
17;2025-11-11;12;4923
17;2025-11-11;13;5023
17;2025-11-11;14;5159
17;2025-11-11;15;5274
17;2025-11-11;16;5923
17;2025-11-11;17;7314
17;2025-11-11;18;7635
17;2025-11-11;19;5453
17;2025-11-11;20;3837
17;2025-11-11;21;2392
17;2025-11-11;22;1152
17;2025-11-11;23;613
17;2025-11-12;0;202
17;2025-11-12;1;21
17;2025-11-12;2;3
17;2025-11-12;3;3
17;2025-11-12;4;45
17;2025-11-12;5;499
17;2025-11-12;6;2479
17;2025-11-12;7;6895
17;2025-11-12;8;8634
17;2025-11-12;9;6256
17;2025-11-12;10;4935
17;2025-11-12;11;4903
17;2025-11-12;12;4887
17;2025-11-12;13;4971
17;2025-11-12;14;5120
17;2025-11-12;15;5250
17;2025-11-12;16;5907
17;2025-11-12;17;7264
17;2025-11-12;18;7592
17;2025-11-12;19;5419
17;2025-11-12;20;3826
17;2025-11-12;21;2386
17;2025-11-12;22;1160
17;2025-11-12;23;637
17;2025-11-13;0;202
17;2025-11-13;1;21
17;2025-11-13;2;3
17;2025-11-13;3;3
17;2025-11-13;4;43
17;2025-11-13;5;506
17;2025-11-13;6;2480
17;2025-11-13;7;6898
17;2025-11-13;8;8632
17;2025-11-13;9;6267
17;2025-11-13;10;4951
17;2025-11-13;11;4927
17;2025-11-13;12;4935
17;2025-11-13;13;5026
17;2025-11-13;14;5173
17;2025-11-13;15;5275
17;2025-11-13;16;5941
17;2025-11-13;17;7283
17;2025-11-13;18;7594
17;2025-11-13;19;5455
17;2025-11-13;20;3856
17;2025-11-13;21;2413
17;2025-11-13;22;1170
17;2025-11-13;23;650
17;2025-11-14;0;215
17;2025-11-14;1;26
17;2025-11-14;2;3
17;2025-11-14;3;3
17;2025-11-14;4;42
17;2025-11-14;5;504
17;2025-11-14;6;2479
17;2025-11-14;7;6872
17;2025-11-14;8;8552
17;2025-11-14;9;6234
17;2025-11-14;10;4920
17;2025-11-14;11;4927
17;2025-11-14;12;4939
17;2025-11-14;13;5043
17;2025-11-14;14;5186
17;2025-11-14;15;5389
17;2025-11-14;16;6101
17;2025-11-14;17;7319
17;2025-11-14;18;7194
17;2025-11-14;19;5319
17;2025-11-14;20;3827
17;2025-11-14;21;2411
17;2025-11-14;22;1183
17;2025-11-14;23;677
17;2025-11-15;0;0
17;2025-11-15;1;0
17;2025-11-15;2;0
17;2025-11-15;3;0
17;2025-11-15;4;0
17;2025-11-15;5;0
17;2025-11-15;6;0
17;2025-11-15;7;0
17;2025-11-15;8;0
17;2025-11-15;9;0
17;2025-11-15;10;0
17;2025-11-15;11;0
17;2025-11-15;12;0
17;2025-11-15;13;0
17;2025-11-15;14;0
17;2025-11-15;15;0
17;2025-11-15;16;0
17;2025-11-15;17;0
17;2025-11-15;18;0
17;2025-11-15;19;0
17;2025-11-15;20;0
17;2025-11-15;21;0
17;2025-11-15;22;0
17;2025-11-15;23;0
17;2025-11-16;0;0
17;2025-11-16;1;0
17;2025-11-16;2;0
17;2025-11-16;3;0
17;2025-11-16;4;0
17;2025-11-16;5;0
17;2025-11-16;6;0
17;2025-11-16;7;0
17;2025-11-16;8;0
17;2025-11-16;9;0
17;2025-11-16;10;0
17;2025-11-16;11;0
17;2025-11-16;12;0
17;2025-11-16;13;0
17;2025-11-16;14;0
17;2025-11-16;15;0
17;2025-11-16;16;0
17;2025-11-16;17;0
17;2025-11-16;18;0
17;2025-11-16;19;0
17;2025-11-16;20;0
17;2025-11-16;21;0
17;2025-11-16;22;0
17;2025-11-16;23;0
17;2025-11-17;0;200
17;2025-11-17;1;23
17;2025-11-17;2;3
17;2025-11-17;3;3
17;2025-11-17;4;43
17;2025-11-17;5;495
17;2025-11-17;6;2467
17;2025-11-17;7;6871
17;2025-11-17;8;8607
17;2025-11-17;9;6226
17;2025-11-17;10;4896
17;2025-11-17;11;4875
17;2025-11-17;12;4840
17;2025-11-17;13;4901
17;2025-11-17;14;5026
17;2025-11-17;15;5162
17;2025-11-17;16;5818
17;2025-11-17;17;7197
17;2025-11-17;18;7539
17;2025-11-17;19;5389
17;2025-11-17;20;3810
17;2025-11-17;21;2354
17;2025-11-17;22;1125
17;2025-11-17;23;607
17;2025-11-18;0;199
17;2025-11-18;1;23
17;2025-11-18;2;3
17;2025-11-18;3;3
17;2025-11-18;4;40
17;2025-11-18;5;495
17;2025-11-18;6;2469
17;2025-11-18;7;6805
17;2025-11-18;8;8507
17;2025-11-18;9;6157
17;2025-11-18;10;4826
17;2025-11-18;11;4792
17;2025-11-18;12;4787
17;2025-11-18;13;4874
17;2025-11-18;14;5013
17;2025-11-18;15;5133
17;2025-11-18;16;5783
17;2025-11-18;17;7179
17;2025-11-18;18;7499
17;2025-11-18;19;5355
17;2025-11-18;20;3775
17;2025-11-18;21;2357
17;2025-11-18;22;1141
17;2025-11-18;23;603
17;2025-11-19;0;200
17;2025-11-19;1;19
17;2025-11-19;2;3
17;2025-11-19;3;3
17;2025-11-19;4;43
17;2025-11-19;5;498
17;2025-11-19;6;2475
17;2025-11-19;7;6890
17;2025-11-19;8;8618
17;2025-11-19;9;6256
17;2025-11-19;10;4938
17;2025-11-19;11;4919
17;2025-11-19;12;4919
17;2025-11-19;13;5010
17;2025-11-19;14;5159
17;2025-11-19;15;5272
17;2025-11-19;16;5923
17;2025-11-19;17;7283
17;2025-11-19;18;7611
17;2025-11-19;19;5432
17;2025-11-19;20;3834
17;2025-11-19;21;2397
17;2025-11-19;22;1165
17;2025-11-19;23;639
17;2025-11-20;0;203
17;2025-11-20;1;21
17;2025-11-20;2;3
17;2025-11-20;3;3
17;2025-11-20;4;43
17;2025-11-20;5;507
17;2025-11-20;6;2355
17;2025-11-20;7;6829
17;2025-11-20;8;8653
17;2025-11-20;9;6275
17;2025-11-20;10;4959
17;2025-11-20;11;4938
17;2025-11-20;12;4943
17;2025-11-20;13;5037
17;2025-11-20;14;5179
17;2025-11-20;15;5277
17;2025-11-20;16;5947
17;2025-11-20;17;7291
17;2025-11-20;18;7597
17;2025-11-20;19;5451
17;2025-11-20;20;3855
17;2025-11-20;21;2413
17;2025-11-20;22;1168
17;2025-11-20;23;648
17;2025-11-21;0;215
17;2025-11-21;1;26
17;2025-11-21;2;3
17;2025-11-21;3;3
17;2025-11-21;4;40
17;2025-11-21;5;503
17;2025-11-21;6;2480
17;2025-11-21;7;6880
17;2025-11-21;8;8562
17;2025-11-21;9;6239
17;2025-11-21;10;4923
17;2025-11-21;11;4933
17;2025-11-21;12;4939
17;2025-11-21;13;5037
17;2025-11-21;14;5181
17;2025-11-21;15;5379
17;2025-11-21;16;6095
17;2025-11-21;17;7311
17;2025-11-21;18;7199
17;2025-11-21;19;5322
17;2025-11-21;20;3824
17;2025-11-21;21;2419
17;2025-11-21;22;1139
17;2025-11-21;23;539
17;2025-11-22;0;0
17;2025-11-22;1;0
17;2025-11-22;2;0
17;2025-11-22;3;0
17;2025-11-22;4;0
17;2025-11-22;5;0
17;2025-11-22;6;0
17;2025-11-22;7;0
17;2025-11-22;8;0
17;2025-11-22;9;0
17;2025-11-22;10;0
17;2025-11-22;11;0
17;2025-11-22;12;0
17;2025-11-22;13;0
17;2025-11-22;14;0
17;2025-11-22;15;0
17;2025-11-22;16;0
17;2025-11-22;17;0
17;2025-11-22;18;0
17;2025-11-22;19;0
17;2025-11-22;20;0
17;2025-11-22;21;0
17;2025-11-22;22;0
17;2025-11-22;23;0
17;2025-11-23;0;0
17;2025-11-23;1;0
17;2025-11-23;2;0
17;2025-11-23;3;0
17;2025-11-23;4;0
17;2025-11-23;5;0
17;2025-11-23;6;0
17;2025-11-23;7;0
17;2025-11-23;8;0
17;2025-11-23;9;0
17;2025-11-23;10;0
17;2025-11-23;11;0
17;2025-11-23;12;0
17;2025-11-23;13;0
17;2025-11-23;14;0
17;2025-11-23;15;0
17;2025-11-23;16;0
17;2025-11-23;17;0
17;2025-11-23;18;0
17;2025-11-23;19;0
17;2025-11-23;20;0
17;2025-11-23;21;0
17;2025-11-23;22;0
17;2025-11-23;23;0
17;2025-11-24;0;203
17;2025-11-24;1;21
17;2025-11-24;2;3
17;2025-11-24;3;3
17;2025-11-24;4;40
17;2025-11-24;5;483
17;2025-11-24;6;2419
17;2025-11-24;7;6760
17;2025-11-24;8;8464
17;2025-11-24;9;6127
17;2025-11-24;10;4808
17;2025-11-24;11;4751
17;2025-11-24;12;4747
17;2025-11-24;13;4835
17;2025-11-24;14;4959
17;2025-11-24;15;5099
17;2025-11-24;16;5736
17;2025-11-24;17;7101
17;2025-11-24;18;7443
17;2025-11-24;19;5319
17;2025-11-24;20;3755
17;2025-11-24;21;2320
17;2025-11-24;22;1096
17;2025-11-24;23;592
17;2025-11-25;0;192
17;2025-11-25;1;19
17;2025-11-25;2;3
17;2025-11-25;3;3
17;2025-11-25;4;42
17;2025-11-25;5;504
17;2025-11-25;6;2480
17;2025-11-25;7;6904
17;2025-11-25;8;8667
17;2025-11-25;9;6267
17;2025-11-25;10;4941
17;2025-11-25;11;4919
17;2025-11-25;12;4912
17;2025-11-25;13;5011
17;2025-11-25;14;5151
17;2025-11-25;15;5272
17;2025-11-25;16;5923
17;2025-11-25;17;7312
17;2025-11-25;18;7631
17;2025-11-25;19;5450
17;2025-11-25;20;3837
17;2025-11-25;21;2391
17;2025-11-25;22;1152
17;2025-11-25;23;613
17;2025-11-26;0;202
17;2025-11-26;1;21
17;2025-11-26;2;3
17;2025-11-26;3;3
17;2025-11-26;4;43
17;2025-11-26;5;496
17;2025-11-26;6;2469
17;2025-11-26;7;6861
17;2025-11-26;8;8600
17;2025-11-26;9;6229
17;2025-11-26;10;4907
17;2025-11-26;11;4856
17;2025-11-26;12;4856
17;2025-11-26;13;4943
17;2025-11-26;14;5109
17;2025-11-26;15;5229
17;2025-11-26;16;5856
17;2025-11-26;17;7218
17;2025-11-26;18;7552
17;2025-11-26;19;5379
17;2025-11-26;20;3794
17;2025-11-26;21;2355
17;2025-11-26;22;1139
17;2025-11-26;23;621
17;2025-11-27;0;202
17;2025-11-27;1;23
17;2025-11-27;2;3
17;2025-11-27;3;3
17;2025-11-27;4;43
17;2025-11-27;5;506
17;2025-11-27;6;2496
17;2025-11-27;7;6920
17;2025-11-27;8;8672
17;2025-11-27;9;6291
17;2025-11-27;10;4973
17;2025-11-27;11;4925
17;2025-11-27;12;4914
17;2025-11-27;13;5003
17;2025-11-27;14;5144
17;2025-11-27;15;5250
17;2025-11-27;16;5931
17;2025-11-27;17;7280
17;2025-11-27;18;7591
17;2025-11-27;19;5421
17;2025-11-27;20;3834
17;2025-11-27;21;2386
17;2025-11-27;22;1152
17;2025-11-27;23;635
17;2025-11-28;0;211
17;2025-11-28;1;29
17;2025-11-28;2;3
17;2025-11-28;3;3
17;2025-11-28;4;42
17;2025-11-28;5;501
17;2025-11-28;6;2459
17;2025-11-28;7;6808
17;2025-11-28;8;8498
17;2025-11-28;9;6181
17;2025-11-28;10;4874
17;2025-11-28;11;4584
17;2025-11-28;12;4627
17;2025-11-28;13;4984
17;2025-11-28;14;5131
17;2025-11-28;15;5323
17;2025-11-28;16;6042
17;2025-11-28;17;7251
17;2025-11-28;18;7160
17;2025-11-28;19;5280
17;2025-11-28;20;3795
17;2025-11-28;21;2397
17;2025-11-28;22;1178
17;2025-11-28;23;677
17;2025-11-29;0;0
17;2025-11-29;1;0
17;2025-11-29;2;0
17;2025-11-29;3;0
17;2025-11-29;4;0
17;2025-11-29;5;0
17;2025-11-29;6;0
17;2025-11-29;7;0
17;2025-11-29;8;0
17;2025-11-29;9;0
17;2025-11-29;10;0
17;2025-11-29;11;0
17;2025-11-29;12;0
17;2025-11-29;13;0
17;2025-11-29;14;0
17;2025-11-29;15;0
17;2025-11-29;16;0
17;2025-11-29;17;0
17;2025-11-29;18;0
17;2025-11-29;19;0
17;2025-11-29;20;0
17;2025-11-29;21;0
17;2025-11-29;22;0
17;2025-11-29;23;0
17;2025-11-30;0;0
17;2025-11-30;1;0
17;2025-11-30;2;0
17;2025-11-30;3;0
17;2025-11-30;4;0
17;2025-11-30;5;0
17;2025-11-30;6;0
17;2025-11-30;7;0
17;2025-11-30;8;0
17;2025-11-30;9;0
17;2025-11-30;10;0
17;2025-11-30;11;0
17;2025-11-30;12;0
17;2025-11-30;13;0
17;2025-11-30;14;0
17;2025-11-30;15;0
17;2025-11-30;16;0
17;2025-11-30;17;0
17;2025-11-30;18;0
17;2025-11-30;19;0
17;2025-11-30;20;0
17;2025-11-30;21;0
17;2025-11-30;22;0
17;2025-11-30;23;0
17;2025-12-01;0;202
17;2025-12-01;1;24
17;2025-12-01;2;3
17;2025-12-01;3;3
17;2025-12-01;4;42
17;2025-12-01;5;498
17;2025-12-01;6;2488
17;2025-12-01;7;6909
17;2025-12-01;8;8709
17;2025-12-01;9;6290
17;2025-12-01;10;4954
17;2025-12-01;11;4933
17;2025-12-01;12;4914
17;2025-12-01;13;4992
17;2025-12-01;14;5130
17;2025-12-01;15;5271
17;2025-12-01;16;5922
17;2025-12-01;17;7301
17;2025-12-01;18;7586
17;2025-12-01;19;5415
17;2025-12-01;20;3819
17;2025-12-01;21;2354
17;2025-12-01;22;1111
17;2025-12-01;23;605
17;2025-12-02;0;199
17;2025-12-02;1;21
17;2025-12-02;2;3
17;2025-12-02;3;3
17;2025-12-02;4;43
17;2025-12-02;5;512
17;2025-12-02;6;2507
17;2025-12-02;7;6955
17;2025-12-02;8;8770
17;2025-12-02;9;6335
17;2025-12-02;10;5005
17;2025-12-02;11;4978
17;2025-12-02;12;4965
17;2025-12-02;13;5063
17;2025-12-02;14;5211
17;2025-12-02;15;5323
17;2025-12-02;16;5975
17;2025-12-02;17;7379
17;2025-12-02;18;7659
17;2025-12-02;19;5474
17;2025-12-02;20;3859
17;2025-12-02;21;2407
17;2025-12-02;22;1159
17;2025-12-02;23;623
17;2025-12-03;0;203
17;2025-12-03;1;21
17;2025-12-03;2;3
17;2025-12-03;3;3
17;2025-12-03;4;45
17;2025-12-03;5;507
17;2025-12-03;6;2507
17;2025-12-03;7;6949
17;2025-12-03;8;8743
17;2025-12-03;9;6330
17;2025-12-03;10;5011
17;2025-12-03;11;4984
17;2025-12-03;12;4981
17;2025-12-03;13;5072
17;2025-12-03;14;5229
17;2025-12-03;15;5338
17;2025-12-03;16;5989
17;2025-12-03;17;7365
17;2025-12-03;18;7650
17;2025-12-03;19;5459
17;2025-12-03;20;3858
17;2025-12-03;21;2415
17;2025-12-03;22;1171
17;2025-12-03;23;650
17;2025-12-04;0;205
17;2025-12-04;1;21
17;2025-12-04;2;3
17;2025-12-04;3;3
17;2025-12-04;4;43
17;2025-12-04;5;515
17;2025-12-04;6;2515
17;2025-12-04;7;6963
17;2025-12-04;8;8773
17;2025-12-04;9;6351
17;2025-12-04;10;5031
17;2025-12-04;11;5000
17;2025-12-04;12;5008
17;2025-12-04;13;5104
17;2025-12-04;14;5253
17;2025-12-04;15;5341
17;2025-12-04;16;6021
17;2025-12-04;17;7378
17;2025-12-04;18;7642
17;2025-12-04;19;5490
17;2025-12-04;20;3893
17;2025-12-04;21;2435
17;2025-12-04;22;1183
17;2025-12-04;23;664
17;2025-12-05;0;219
17;2025-12-05;1;26
17;2025-12-05;2;3
17;2025-12-05;3;3
17;2025-12-05;4;40
17;2025-12-05;5;512
17;2025-12-05;6;2511
17;2025-12-05;7;6933
17;2025-12-05;8;8663
17;2025-12-05;9;6307
17;2025-12-05;10;4987
17;2025-12-05;11;4992
17;2025-12-05;12;5002
17;2025-12-05;13;5107
17;2025-12-05;14;5263
17;2025-12-05;15;5450
17;2025-12-05;16;6184
17;2025-12-05;17;7402
17;2025-12-05;18;7197
17;2025-12-05;19;5341
17;2025-12-05;20;3848
17;2025-12-05;21;2440
17;2025-12-05;22;1200
17;2025-12-05;23;698
17;2025-12-06;0;0
17;2025-12-06;1;0
17;2025-12-06;2;0
17;2025-12-06;3;0
17;2025-12-06;4;0
17;2025-12-06;5;0
17;2025-12-06;6;0
17;2025-12-06;7;0
17;2025-12-06;8;0
17;2025-12-06;9;0
17;2025-12-06;10;0
17;2025-12-06;11;0
17;2025-12-06;12;0
17;2025-12-06;13;0
17;2025-12-06;14;0
17;2025-12-06;15;0
17;2025-12-06;16;0
17;2025-12-06;17;0
17;2025-12-06;18;0
17;2025-12-06;19;0
17;2025-12-06;20;0
17;2025-12-06;21;0
17;2025-12-06;22;0
17;2025-12-06;23;0
17;2025-12-07;0;0
17;2025-12-07;1;0
17;2025-12-07;2;0
17;2025-12-07;3;0
17;2025-12-07;4;0
17;2025-12-07;5;0
17;2025-12-07;6;0
17;2025-12-07;7;0
17;2025-12-07;8;0
17;2025-12-07;9;0
17;2025-12-07;10;0
17;2025-12-07;11;0
17;2025-12-07;12;0
17;2025-12-07;13;0
17;2025-12-07;14;0
17;2025-12-07;15;0
17;2025-12-07;16;0
17;2025-12-07;17;0
17;2025-12-07;18;0
17;2025-12-07;19;0
17;2025-12-07;20;0
17;2025-12-07;21;0
17;2025-12-07;22;0
17;2025-12-07;23;0
17;2025-12-08;0;202
17;2025-12-08;1;21
17;2025-12-08;2;3
17;2025-12-08;3;3
17;2025-12-08;4;43
17;2025-12-08;5;499
17;2025-12-08;6;2485
17;2025-12-08;7;6907
17;2025-12-08;8;8706
17;2025-12-08;9;6293
17;2025-12-08;10;4963
17;2025-12-08;11;4935
17;2025-12-08;12;4917
17;2025-12-08;13;4994
17;2025-12-08;14;5131
17;2025-12-08;15;5271
17;2025-12-08;16;5922
17;2025-12-08;17;7299
17;2025-12-08;18;7584
17;2025-12-08;19;5415
17;2025-12-08;20;3819
17;2025-12-08;21;2357
17;2025-12-08;22;1112
17;2025-12-08;23;607
17;2025-12-09;0;195
17;2025-12-09;1;19
17;2025-12-09;2;3
17;2025-12-09;3;3
17;2025-12-09;4;43
17;2025-12-09;5;512
17;2025-12-09;6;2499
17;2025-12-09;7;6922
17;2025-12-09;8;8744
17;2025-12-09;9;6320
17;2025-12-09;10;4994
17;2025-12-09;11;4957
17;2025-12-09;12;4946
17;2025-12-09;13;5043
17;2025-12-09;14;5192
17;2025-12-09;15;5314
17;2025-12-09;16;5965
17;2025-12-09;17;7349
17;2025-12-09;18;7631
17;2025-12-09;19;5458
17;2025-12-09;20;3840
17;2025-12-09;21;2400
17;2025-12-09;22;1155
17;2025-12-09;23;618
17;2025-12-10;0;203
17;2025-12-10;1;21
17;2025-12-10;2;3
17;2025-12-10;3;3
17;2025-12-10;4;43
17;2025-12-10;5;504
17;2025-12-10;6;2496
17;2025-12-10;7;6923
17;2025-12-10;8;8691
17;2025-12-10;9;6306
17;2025-12-10;10;4999
17;2025-12-10;11;4963
17;2025-12-10;12;4965
17;2025-12-10;13;5051
17;2025-12-10;14;5208
17;2025-12-10;15;5317
17;2025-12-10;16;5962
17;2025-12-10;17;7330
17;2025-12-10;18;7616
17;2025-12-10;19;5434
17;2025-12-10;20;3843
17;2025-12-10;21;2407
17;2025-12-10;22;1171
17;2025-12-10;23;653
17;2025-12-11;0;205
17;2025-12-11;1;23
17;2025-12-11;2;3
17;2025-12-11;3;3
17;2025-12-11;4;45
17;2025-12-11;5;512
17;2025-12-11;6;2506
17;2025-12-11;7;6907
17;2025-12-11;8;8664
17;2025-12-11;9;6293
17;2025-12-11;10;4971
17;2025-12-11;11;4931
17;2025-12-11;12;4939
17;2025-12-11;13;5037
17;2025-12-11;14;5208
17;2025-12-11;15;5303
17;2025-12-11;16;5975
17;2025-12-11;17;7312
17;2025-12-11;18;7552
17;2025-12-11;19;5407
17;2025-12-11;20;3840
17;2025-12-11;21;2397
17;2025-12-11;22;1165
17;2025-12-11;23;650
17;2025-12-12;0;223
17;2025-12-12;1;31
17;2025-12-12;2;3
17;2025-12-12;3;3
17;2025-12-12;4;43
17;2025-12-12;5;512
17;2025-12-12;6;2496
17;2025-12-12;7;6875
17;2025-12-12;8;8554
17;2025-12-12;9;6263
17;2025-12-12;10;4957
17;2025-12-12;11;4963
17;2025-12-12;12;4949
17;2025-12-12;13;5040
17;2025-12-12;14;5184
17;2025-12-12;15;5347
17;2025-12-12;16;6075
17;2025-12-12;17;7239
17;2025-12-12;18;7059
17;2025-12-12;19;5239
17;2025-12-12;20;3784
17;2025-12-12;21;2413
17;2025-12-12;22;1184
17;2025-12-12;23;685
17;2025-12-13;0;0
17;2025-12-13;1;0
17;2025-12-13;2;0
17;2025-12-13;3;0
17;2025-12-13;4;0
17;2025-12-13;5;0
17;2025-12-13;6;0
17;2025-12-13;7;0
17;2025-12-13;8;0
17;2025-12-13;9;0
17;2025-12-13;10;0
17;2025-12-13;11;0
17;2025-12-13;12;0
17;2025-12-13;13;0
17;2025-12-13;14;0
17;2025-12-13;15;0
17;2025-12-13;16;0
17;2025-12-13;17;0
17;2025-12-13;18;0
17;2025-12-13;19;0
17;2025-12-13;20;0
17;2025-12-13;21;0
17;2025-12-13;22;0
17;2025-12-13;23;0
17;2025-12-14;0;0
17;2025-12-14;1;0
17;2025-12-14;2;0
17;2025-12-14;3;0
17;2025-12-14;4;0
17;2025-12-14;5;0
17;2025-12-14;6;0
17;2025-12-14;7;0
17;2025-12-14;8;0
17;2025-12-14;9;0
17;2025-12-14;10;0
17;2025-12-14;11;0
17;2025-12-14;12;0
17;2025-12-14;13;0
17;2025-12-14;14;0
17;2025-12-14;15;0
17;2025-12-14;16;0
17;2025-12-14;17;0
17;2025-12-14;18;0
17;2025-12-14;19;0
17;2025-12-14;20;0
17;2025-12-14;21;0
17;2025-12-14;22;0
17;2025-12-14;23;0
17;2025-12-15;0;200
17;2025-12-15;1;21
17;2025-12-15;2;3
17;2025-12-15;3;3
17;2025-12-15;4;42
17;2025-12-15;5;498
17;2025-12-15;6;2475
17;2025-12-15;7;6879
17;2025-12-15;8;8661
17;2025-12-15;9;6271
17;2025-12-15;10;4947
17;2025-12-15;11;4915
17;2025-12-15;12;4899
17;2025-12-15;13;4976
17;2025-12-15;14;5114
17;2025-12-15;15;5250
17;2025-12-15;16;5891
17;2025-12-15;17;7259
17;2025-12-15;18;7543
17;2025-12-15;19;5391
17;2025-12-15;20;3811
17;2025-12-15;21;2349
17;2025-12-15;22;1109
17;2025-12-15;23;607
17;2025-12-16;0;200
17;2025-12-16;1;21
17;2025-12-16;2;3
17;2025-12-16;3;3
17;2025-12-16;4;45
17;2025-12-16;5;519
17;2025-12-16;6;2538
17;2025-12-16;7;7023
17;2025-12-16;8;8835
17;2025-12-16;9;6403
17;2025-12-16;10;5058
17;2025-12-16;11;5023
17;2025-12-16;12;5002
17;2025-12-16;13;5091
17;2025-12-16;14;5234
17;2025-12-16;15;5355
17;2025-12-16;16;6015
17;2025-12-16;17;7439
17;2025-12-16;18;7723
17;2025-12-16;19;5527
17;2025-12-16;20;3903
17;2025-12-16;21;2391
17;2025-12-16;22;890
17;2025-12-16;23;475
17;2025-12-17;0;152
17;2025-12-17;1;16
17;2025-12-17;2;3
17;2025-12-17;3;3
17;2025-12-17;4;35
17;2025-12-17;5;503
17;2025-12-17;6;2499
17;2025-12-17;7;6922
17;2025-12-17;8;8698
17;2025-12-17;9;6312
17;2025-12-17;10;5002
17;2025-12-17;11;4973
17;2025-12-17;12;4967
17;2025-12-17;13;5055
17;2025-12-17;14;5218
17;2025-12-17;15;5330
17;2025-12-17;16;5983
17;2025-12-17;17;7349
17;2025-12-17;18;7637
17;2025-12-17;19;5450
17;2025-12-17;20;3845
17;2025-12-17;21;2410
17;2025-12-17;22;1173
17;2025-12-17;23;651
17;2025-12-18;0;205
17;2025-12-18;1;21
17;2025-12-18;2;3
17;2025-12-18;3;3
17;2025-12-18;4;43
17;2025-12-18;5;512
17;2025-12-18;6;2504
17;2025-12-18;7;6928
17;2025-12-18;8;8730
17;2025-12-18;9;6319
17;2025-12-18;10;5003
17;2025-12-18;11;4965
17;2025-12-18;12;4978
17;2025-12-18;13;5075
17;2025-12-18;14;5229
17;2025-12-18;15;5317
17;2025-12-18;16;5992
17;2025-12-18;17;7344
17;2025-12-18;18;7605
17;2025-12-18;19;5464
17;2025-12-18;20;3877
17;2025-12-18;21;2429
17;2025-12-18;22;1184
17;2025-12-18;23;664
17;2025-12-19;0;224
17;2025-12-19;1;31
17;2025-12-19;2;3
17;2025-12-19;3;3
17;2025-12-19;4;42
17;2025-12-19;5;514
17;2025-12-19;6;2503
17;2025-12-19;7;6903
17;2025-12-19;8;8627
17;2025-12-19;9;6280
17;2025-12-19;10;4965
17;2025-12-19;11;4970
17;2025-12-19;12;4973
17;2025-12-19;13;5080
17;2025-12-19;14;5232
17;2025-12-19;15;5424
17;2025-12-19;16;6159
17;2025-12-19;17;7370
17;2025-12-19;18;7165
17;2025-12-19;19;5312
17;2025-12-19;20;3827
17;2025-12-19;21;2427
17;2025-12-19;22;1195
17;2025-12-19;23;693
17;2025-12-20;0;0
17;2025-12-20;1;0
17;2025-12-20;2;0
17;2025-12-20;3;0
17;2025-12-20;4;0
17;2025-12-20;5;0
17;2025-12-20;6;0
17;2025-12-20;7;0
17;2025-12-20;8;0
17;2025-12-20;9;0
17;2025-12-20;10;0
17;2025-12-20;11;0
17;2025-12-20;12;0
17;2025-12-20;13;0
17;2025-12-20;14;0
17;2025-12-20;15;0
17;2025-12-20;16;0
17;2025-12-20;17;0
17;2025-12-20;18;0
17;2025-12-20;19;0
17;2025-12-20;20;0
17;2025-12-20;21;0
17;2025-12-20;22;0
17;2025-12-20;23;0
17;2025-12-21;0;0
17;2025-12-21;1;0
17;2025-12-21;2;0
17;2025-12-21;3;0
17;2025-12-21;4;0
17;2025-12-21;5;0
17;2025-12-21;6;0
17;2025-12-21;7;0
17;2025-12-21;8;0
17;2025-12-21;9;0
17;2025-12-21;10;0
17;2025-12-21;11;0
17;2025-12-21;12;0
17;2025-12-21;13;0
17;2025-12-21;14;0
17;2025-12-21;15;0
17;2025-12-21;16;0
17;2025-12-21;17;0
17;2025-12-21;18;0
17;2025-12-21;19;0
17;2025-12-21;20;0
17;2025-12-21;21;0
17;2025-12-21;22;0
17;2025-12-21;23;0
17;2025-12-22;0;200
17;2025-12-22;1;24
17;2025-12-22;2;3
17;2025-12-22;3;3
17;2025-12-22;4;43
17;2025-12-22;5;498
17;2025-12-22;6;2471
17;2025-12-22;7;6843
17;2025-12-22;8;8597
17;2025-12-22;9;6232
17;2025-12-22;10;4915
17;2025-12-22;11;4877
17;2025-12-22;12;4855
17;2025-12-22;13;4941
17;2025-12-22;14;5075
17;2025-12-22;15;5210
17;2025-12-22;16;5848
17;2025-12-22;17;7202
17;2025-12-22;18;7464
17;2025-12-22;19;5323
17;2025-12-22;20;3768
17;2025-12-22;21;2327
17;2025-12-22;22;1099
17;2025-12-22;23;594
17;2025-12-23;0;184
17;2025-12-23;1;15
17;2025-12-23;2;3
17;2025-12-23;3;3
17;2025-12-23;4;43
17;2025-12-23;5;512
17;2025-12-23;6;2491
17;2025-12-23;7;6883
17;2025-12-23;8;8664
17;2025-12-23;9;6279
17;2025-12-23;10;4960
17;2025-12-23;11;4931
17;2025-12-23;12;4922
17;2025-12-23;13;5024
17;2025-12-23;14;5178
17;2025-12-23;15;5296
17;2025-12-23;16;5939
17;2025-12-23;17;7330
17;2025-12-23;18;7589
17;2025-12-23;19;5423
17;2025-12-23;20;3827
17;2025-12-23;21;2391
17;2025-12-23;22;1107
17;2025-12-23;23;498
17;2025-12-24;0;205
17;2025-12-24;1;21
17;2025-12-24;2;3
17;2025-12-24;3;3
17;2025-12-24;4;47
17;2025-12-24;5;509
17;2025-12-24;6;2519
17;2025-12-24;7;6960
17;2025-12-24;8;8768
17;2025-12-24;9;6362
17;2025-12-24;10;5047
17;2025-12-24;11;5013
17;2025-12-24;12;5018
17;2025-12-24;13;5093
17;2025-12-24;14;5256
17;2025-12-24;15;5370
17;2025-12-24;16;6011
17;2025-12-24;17;7391
17;2025-12-24;18;7661
17;2025-12-24;19;5467
17;2025-12-24;20;3944
17;2025-12-24;21;2456
17;2025-12-24;22;1194
17;2025-12-24;23;655
17;2025-12-25;0;210
17;2025-12-25;1;27
17;2025-12-25;2;3
17;2025-12-25;3;3
17;2025-12-25;4;50
17;2025-12-25;5;512
17;2025-12-25;6;2511
17;2025-12-25;7;6911
17;2025-12-25;8;8695
17;2025-12-25;9;6325
17;2025-12-25;10;5024
17;2025-12-25;11;4991
17;2025-12-25;12;4992
17;2025-12-25;13;5085
17;2025-12-25;14;5239
17;2025-12-25;15;5327
17;2025-12-25;16;5992
17;2025-12-25;17;7307
17;2025-12-25;18;7535
17;2025-12-25;19;5411
17;2025-12-25;20;3840
17;2025-12-25;21;2395
17;2025-12-25;22;1175
17;2025-12-25;23;640
17;2025-12-26;0;218
17;2025-12-26;1;26
17;2025-12-26;2;3
17;2025-12-26;3;3
17;2025-12-26;4;43
17;2025-12-26;5;503
17;2025-12-26;6;2439
17;2025-12-26;7;6720
17;2025-12-26;8;8399
17;2025-12-26;9;6144
17;2025-12-26;10;4855
17;2025-12-26;11;4831
17;2025-12-26;12;4829
17;2025-12-26;13;4938
17;2025-12-26;14;5103
17;2025-12-26;15;5312
17;2025-12-26;16;6019
17;2025-12-26;17;7176
17;2025-12-26;18;6983
17;2025-12-26;19;5176
17;2025-12-26;20;3722
17;2025-12-26;21;2354
17;2025-12-26;22;1170
17;2025-12-26;23;685
17;2025-12-27;0;0
17;2025-12-27;1;0
17;2025-12-27;2;0
17;2025-12-27;3;0
17;2025-12-27;4;0
17;2025-12-27;5;0
17;2025-12-27;6;0
17;2025-12-27;7;0
17;2025-12-27;8;0
17;2025-12-27;9;0
17;2025-12-27;10;0
17;2025-12-27;11;0
17;2025-12-27;12;0
17;2025-12-27;13;0
17;2025-12-27;14;0
17;2025-12-27;15;0
17;2025-12-27;16;0
17;2025-12-27;17;0
17;2025-12-27;18;0
17;2025-12-27;19;0
17;2025-12-27;20;0
17;2025-12-27;21;0
17;2025-12-27;22;0
17;2025-12-27;23;0
17;2025-12-28;0;0
17;2025-12-28;1;0
17;2025-12-28;2;0
17;2025-12-28;3;0
17;2025-12-28;4;0
17;2025-12-28;5;0
17;2025-12-28;6;0
17;2025-12-28;7;0
17;2025-12-28;8;0
17;2025-12-28;9;0
17;2025-12-28;10;0
17;2025-12-28;11;0
17;2025-12-28;12;0
17;2025-12-28;13;0
17;2025-12-28;14;0
17;2025-12-28;15;0
17;2025-12-28;16;0
17;2025-12-28;17;0
17;2025-12-28;18;0
17;2025-12-28;19;0
17;2025-12-28;20;0
17;2025-12-28;21;0
17;2025-12-28;22;0
17;2025-12-28;23;0
17;2025-12-29;0;171
17;2025-12-29;1;19
17;2025-12-29;2;3
17;2025-12-29;3;3
17;2025-12-29;4;37
17;2025-12-29;5;423
17;2025-12-29;6;2091
17;2025-12-29;7;5783
17;2025-12-29;8;7272
17;2025-12-29;9;5280
17;2025-12-29;10;4181
17;2025-12-29;11;4152
17;2025-12-29;12;4141
17;2025-12-29;13;4213
17;2025-12-29;14;4327
17;2025-12-29;15;4442
17;2025-12-29;16;4986
17;2025-12-29;17;6112
17;2025-12-29;18;6315
17;2025-12-29;19;4512
17;2025-12-29;20;3187
17;2025-12-29;21;1960
17;2025-12-29;22;928
17;2025-12-29;23;507
17;2025-12-30;0;168
17;2025-12-30;1;18
17;2025-12-30;2;3
17;2025-12-30;3;3
17;2025-12-30;4;37
17;2025-12-30;5;432
17;2025-12-30;6;2098
17;2025-12-30;7;5807
17;2025-12-30;8;7274
17;2025-12-30;9;5309
17;2025-12-30;10;4208
17;2025-12-30;11;4181
17;2025-12-30;12;4179
17;2025-12-30;13;4266
17;2025-12-30;14;4405
17;2025-12-30;15;4509
17;2025-12-30;16;5061
17;2025-12-30;17;6186
17;2025-12-30;18;6296
17;2025-12-30;19;4507
17;2025-12-30;20;3208
17;2025-12-30;21;1992
17;2025-12-30;22;978
17;2025-12-30;23;522
17;2025-12-31;0;0
17;2025-12-31;1;0
17;2025-12-31;2;0
17;2025-12-31;3;0
17;2025-12-31;4;0
17;2025-12-31;5;0
17;2025-12-31;6;0
17;2025-12-31;7;0
17;2025-12-31;8;0
17;2025-12-31;9;0
17;2025-12-31;10;0
17;2025-12-31;11;0
17;2025-12-31;12;0
17;2025-12-31;13;0
17;2025-12-31;14;0
17;2025-12-31;15;0
17;2025-12-31;16;0
17;2025-12-31;17;0
17;2025-12-31;18;0
17;2025-12-31;19;0
17;2025-12-31;20;0
17;2025-12-31;21;0
17;2025-12-31;22;0
17;2025-12-31;23;0
25;2025-11-01;0;0
25;2025-11-01;1;0
25;2025-11-01;2;0
25;2025-11-01;3;0
25;2025-11-01;4;0
25;2025-11-01;5;0
25;2025-11-01;6;0
25;2025-11-01;7;0
25;2025-11-01;8;0
25;2025-11-01;9;0
25;2025-11-01;10;0
25;2025-11-01;11;0
25;2025-11-01;12;0
25;2025-11-01;13;0
25;2025-11-01;14;0
25;2025-11-01;15;0
25;2025-11-01;16;0
25;2025-11-01;17;0
25;2025-11-01;18;0
25;2025-11-01;19;0
25;2025-11-01;20;0
25;2025-11-01;21;0
25;2025-11-01;22;0
25;2025-11-01;23;0
25;2025-11-02;0;0
25;2025-11-02;1;0
25;2025-11-02;2;0
25;2025-11-02;3;0
25;2025-11-02;4;0
25;2025-11-02;5;0
25;2025-11-02;6;0
25;2025-11-02;7;0
25;2025-11-02;8;0
25;2025-11-02;9;0
25;2025-11-02;10;0
25;2025-11-02;11;0
25;2025-11-02;12;0
25;2025-11-02;13;0
25;2025-11-02;14;0
25;2025-11-02;15;0
25;2025-11-02;16;0
25;2025-11-02;17;0
25;2025-11-02;18;0
25;2025-11-02;19;0
25;2025-11-02;20;0
25;2025-11-02;21;0
25;2025-11-02;22;0
25;2025-11-02;23;0
25;2025-11-03;0;0
25;2025-11-03;1;0
25;2025-11-03;2;0
25;2025-11-03;3;0
25;2025-11-03;4;0
25;2025-11-03;5;0
25;2025-11-03;6;0
25;2025-11-03;7;0
25;2025-11-03;8;0
25;2025-11-03;9;0
25;2025-11-03;10;0
25;2025-11-03;11;0
25;2025-11-03;12;0
25;2025-11-03;13;0
25;2025-11-03;14;0
25;2025-11-03;15;0
25;2025-11-03;16;0
25;2025-11-03;17;0
25;2025-11-03;18;0
25;2025-11-03;19;0
25;2025-11-03;20;0
25;2025-11-03;21;0
25;2025-11-03;22;0
25;2025-11-03;23;0
25;2025-11-04;0;0
25;2025-11-04;1;0
25;2025-11-04;2;0
25;2025-11-04;3;0
25;2025-11-04;4;0
25;2025-11-04;5;0
25;2025-11-04;6;0
25;2025-11-04;7;0
25;2025-11-04;8;0
25;2025-11-04;9;0
25;2025-11-04;10;0
25;2025-11-04;11;0
25;2025-11-04;12;0
25;2025-11-04;13;0
25;2025-11-04;14;0
25;2025-11-04;15;0
25;2025-11-04;16;0
25;2025-11-04;17;0
25;2025-11-04;18;0
25;2025-11-04;19;0
25;2025-11-04;20;0
25;2025-11-04;21;0
25;2025-11-04;22;0
25;2025-11-04;23;0
25;2025-11-05;0;0
25;2025-11-05;1;0
25;2025-11-05;2;0
25;2025-11-05;3;0
25;2025-11-05;4;0
25;2025-11-05;5;0
25;2025-11-05;6;0
25;2025-11-05;7;0
25;2025-11-05;8;0
25;2025-11-05;9;0
25;2025-11-05;10;0
25;2025-11-05;11;0
25;2025-11-05;12;0
25;2025-11-05;13;0
25;2025-11-05;14;0
25;2025-11-05;15;0
25;2025-11-05;16;0
25;2025-11-05;17;0
25;2025-11-05;18;0
25;2025-11-05;19;0
25;2025-11-05;20;0
25;2025-11-05;21;0
25;2025-11-05;22;0
25;2025-11-05;23;0
25;2025-11-06;0;0
25;2025-11-06;1;0
25;2025-11-06;2;0
25;2025-11-06;3;0
25;2025-11-06;4;0
25;2025-11-06;5;0
25;2025-11-06;6;0
25;2025-11-06;7;0
25;2025-11-06;8;0
25;2025-11-06;9;0
25;2025-11-06;10;0
25;2025-11-06;11;0
25;2025-11-06;12;0
25;2025-11-06;13;0
25;2025-11-06;14;0
25;2025-11-06;15;0
25;2025-11-06;16;0
25;2025-11-06;17;0
25;2025-11-06;18;0
25;2025-11-06;19;0
25;2025-11-06;20;0
25;2025-11-06;21;0
25;2025-11-06;22;0
25;2025-11-06;23;0
25;2025-11-07;0;0
25;2025-11-07;1;0
25;2025-11-07;2;0
25;2025-11-07;3;0
25;2025-11-07;4;0
25;2025-11-07;5;0
25;2025-11-07;6;0
25;2025-11-07;7;0
25;2025-11-07;8;0
25;2025-11-07;9;0
25;2025-11-07;10;0
25;2025-11-07;11;0
25;2025-11-07;12;0
25;2025-11-07;13;0
25;2025-11-07;14;0
25;2025-11-07;15;0
25;2025-11-07;16;0
25;2025-11-07;17;0
25;2025-11-07;18;0
25;2025-11-07;19;0
25;2025-11-07;20;0
25;2025-11-07;21;0
25;2025-11-07;22;0
25;2025-11-07;23;0
25;2025-11-08;0;0
25;2025-11-08;1;0
25;2025-11-08;2;0
25;2025-11-08;3;0
25;2025-11-08;4;0
25;2025-11-08;5;0
25;2025-11-08;6;0
25;2025-11-08;7;0
25;2025-11-08;8;0
25;2025-11-08;9;0
25;2025-11-08;10;0
25;2025-11-08;11;0
25;2025-11-08;12;0
25;2025-11-08;13;0
25;2025-11-08;14;0
25;2025-11-08;15;0
25;2025-11-08;16;0
25;2025-11-08;17;0
25;2025-11-08;18;0
25;2025-11-08;19;0
25;2025-11-08;20;0
25;2025-11-08;21;0
25;2025-11-08;22;0
25;2025-11-08;23;0
25;2025-11-09;0;0
25;2025-11-09;1;0
25;2025-11-09;2;0
25;2025-11-09;3;0
25;2025-11-09;4;0
25;2025-11-09;5;0
25;2025-11-09;6;0
25;2025-11-09;7;0
25;2025-11-09;8;0
25;2025-11-09;9;0
25;2025-11-09;10;0
25;2025-11-09;11;0
25;2025-11-09;12;0
25;2025-11-09;13;0
25;2025-11-09;14;0
25;2025-11-09;15;0
25;2025-11-09;16;0
25;2025-11-09;17;0
25;2025-11-09;18;0
25;2025-11-09;19;0
25;2025-11-09;20;0
25;2025-11-09;21;0
25;2025-11-09;22;0
25;2025-11-09;23;0
25;2025-11-10;0;0
25;2025-11-10;1;0
25;2025-11-10;2;0
25;2025-11-10;3;0
25;2025-11-10;4;0
25;2025-11-10;5;0
25;2025-11-10;6;0
25;2025-11-10;7;0
25;2025-11-10;8;0
25;2025-11-10;9;0
25;2025-11-10;10;0
25;2025-11-10;11;0
25;2025-11-10;12;0
25;2025-11-10;13;0
25;2025-11-10;14;0
25;2025-11-10;15;0
25;2025-11-10;16;0
25;2025-11-10;17;0
25;2025-11-10;18;0
25;2025-11-10;19;0
25;2025-11-10;20;0
25;2025-11-10;21;0
25;2025-11-10;22;0
25;2025-11-10;23;0
25;2025-11-11;0;0
25;2025-11-11;1;0
25;2025-11-11;2;0
25;2025-11-11;3;0
25;2025-11-11;4;0
25;2025-11-11;5;0
25;2025-11-11;6;0
25;2025-11-11;7;0
25;2025-11-11;8;0
25;2025-11-11;9;0
25;2025-11-11;10;0
25;2025-11-11;11;0
25;2025-11-11;12;0
25;2025-11-11;13;0
25;2025-11-11;14;0
25;2025-11-11;15;0
25;2025-11-11;16;0
25;2025-11-11;17;0
25;2025-11-11;18;0
25;2025-11-11;19;0
25;2025-11-11;20;0
25;2025-11-11;21;0
25;2025-11-11;22;0
25;2025-11-11;23;0
25;2025-11-12;0;0
25;2025-11-12;1;0
25;2025-11-12;2;0
25;2025-11-12;3;0
25;2025-11-12;4;0
25;2025-11-12;5;0
25;2025-11-12;6;0
25;2025-11-12;7;0
25;2025-11-12;8;0
25;2025-11-12;9;0
25;2025-11-12;10;0
25;2025-11-12;11;0
25;2025-11-12;12;0
25;2025-11-12;13;0
25;2025-11-12;14;0
25;2025-11-12;15;0
25;2025-11-12;16;0
25;2025-11-12;17;0
25;2025-11-12;18;0
25;2025-11-12;19;0
25;2025-11-12;20;0
25;2025-11-12;21;0
25;2025-11-12;22;0
25;2025-11-12;23;0
25;2025-11-13;0;0
25;2025-11-13;1;0
25;2025-11-13;2;0
25;2025-11-13;3;0
25;2025-11-13;4;0
25;2025-11-13;5;0
25;2025-11-13;6;0
25;2025-11-13;7;0
25;2025-11-13;8;0
25;2025-11-13;9;0
25;2025-11-13;10;0
25;2025-11-13;11;0
25;2025-11-13;12;0
25;2025-11-13;13;0
25;2025-11-13;14;0
25;2025-11-13;15;0
25;2025-11-13;16;0
25;2025-11-13;17;0
25;2025-11-13;18;0
25;2025-11-13;19;0
25;2025-11-13;20;0
25;2025-11-13;21;0
25;2025-11-13;22;0
25;2025-11-13;23;0
25;2025-11-14;0;0
25;2025-11-14;1;0
25;2025-11-14;2;0
25;2025-11-14;3;0
25;2025-11-14;4;0
25;2025-11-14;5;0
25;2025-11-14;6;0
25;2025-11-14;7;0
25;2025-11-14;8;0
25;2025-11-14;9;0
25;2025-11-14;10;0
25;2025-11-14;11;0
25;2025-11-14;12;0
25;2025-11-14;13;0
25;2025-11-14;14;0
25;2025-11-14;15;0
25;2025-11-14;16;0
25;2025-11-14;17;0
25;2025-11-14;18;0
25;2025-11-14;19;0
25;2025-11-14;20;0
25;2025-11-14;21;0
25;2025-11-14;22;0
25;2025-11-14;23;0
25;2025-11-15;0;0
25;2025-11-15;1;0
25;2025-11-15;2;0
25;2025-11-15;3;0
25;2025-11-15;4;0
25;2025-11-15;5;0
25;2025-11-15;6;0
25;2025-11-15;7;0
25;2025-11-15;8;0
25;2025-11-15;9;0
25;2025-11-15;10;0
25;2025-11-15;11;0
25;2025-11-15;12;0
25;2025-11-15;13;0
25;2025-11-15;14;0
25;2025-11-15;15;0
25;2025-11-15;16;0
25;2025-11-15;17;0
25;2025-11-15;18;0
25;2025-11-15;19;0
25;2025-11-15;20;0
25;2025-11-15;21;0
25;2025-11-15;22;0
25;2025-11-15;23;0
25;2025-11-16;0;0
25;2025-11-16;1;0
25;2025-11-16;2;0
25;2025-11-16;3;0
25;2025-11-16;4;0
25;2025-11-16;5;0
25;2025-11-16;6;0
25;2025-11-16;7;0
25;2025-11-16;8;0
25;2025-11-16;9;0
25;2025-11-16;10;0
25;2025-11-16;11;0
25;2025-11-16;12;0
25;2025-11-16;13;0
25;2025-11-16;14;0
25;2025-11-16;15;0
25;2025-11-16;16;0
25;2025-11-16;17;0
25;2025-11-16;18;0
25;2025-11-16;19;0
25;2025-11-16;20;0
25;2025-11-16;21;0
25;2025-11-16;22;0
25;2025-11-16;23;0
25;2025-11-17;0;0
25;2025-11-17;1;0
25;2025-11-17;2;0
25;2025-11-17;3;0
25;2025-11-17;4;0
25;2025-11-17;5;0
25;2025-11-17;6;0
25;2025-11-17;7;0
25;2025-11-17;8;0
25;2025-11-17;9;0
25;2025-11-17;10;0
25;2025-11-17;11;0
25;2025-11-17;12;0
25;2025-11-17;13;0
25;2025-11-17;14;0
25;2025-11-17;15;0
25;2025-11-17;16;0
25;2025-11-17;17;0
25;2025-11-17;18;0
25;2025-11-17;19;0
25;2025-11-17;20;0
25;2025-11-17;21;0
25;2025-11-17;22;0
25;2025-11-17;23;0
25;2025-11-18;0;0
25;2025-11-18;1;0
25;2025-11-18;2;0
25;2025-11-18;3;0
25;2025-11-18;4;0
25;2025-11-18;5;0
25;2025-11-18;6;0
25;2025-11-18;7;0
25;2025-11-18;8;0
25;2025-11-18;9;0
25;2025-11-18;10;0
25;2025-11-18;11;0
25;2025-11-18;12;0
25;2025-11-18;13;0
25;2025-11-18;14;0
25;2025-11-18;15;0
25;2025-11-18;16;0
25;2025-11-18;17;0
25;2025-11-18;18;0
25;2025-11-18;19;0
25;2025-11-18;20;0
25;2025-11-18;21;0
25;2025-11-18;22;0
25;2025-11-18;23;0
25;2025-11-19;0;0
25;2025-11-19;1;0
25;2025-11-19;2;0
25;2025-11-19;3;0
25;2025-11-19;4;0
25;2025-11-19;5;0
25;2025-11-19;6;0
25;2025-11-19;7;0
25;2025-11-19;8;0
25;2025-11-19;9;0
25;2025-11-19;10;0
25;2025-11-19;11;0
25;2025-11-19;12;0
25;2025-11-19;13;0
25;2025-11-19;14;0
25;2025-11-19;15;0
25;2025-11-19;16;0
25;2025-11-19;17;0
25;2025-11-19;18;0
25;2025-11-19;19;0
25;2025-11-19;20;0
25;2025-11-19;21;0
25;2025-11-19;22;0
25;2025-11-19;23;0
25;2025-11-20;0;0
25;2025-11-20;1;0
25;2025-11-20;2;0
25;2025-11-20;3;0
25;2025-11-20;4;0
25;2025-11-20;5;0
25;2025-11-20;6;0
25;2025-11-20;7;0
25;2025-11-20;8;0
25;2025-11-20;9;0
25;2025-11-20;10;0
25;2025-11-20;11;0
25;2025-11-20;12;0
25;2025-11-20;13;0
25;2025-11-20;14;0
25;2025-11-20;15;0
25;2025-11-20;16;0
25;2025-11-20;17;0
25;2025-11-20;18;0
25;2025-11-20;19;0
25;2025-11-20;20;0
25;2025-11-20;21;0
25;2025-11-20;22;0
25;2025-11-20;23;0
25;2025-11-21;0;0
25;2025-11-21;1;0
25;2025-11-21;2;0
25;2025-11-21;3;0
25;2025-11-21;4;0
25;2025-11-21;5;0
25;2025-11-21;6;0
25;2025-11-21;7;0
25;2025-11-21;8;0
25;2025-11-21;9;0
25;2025-11-21;10;0
25;2025-11-21;11;0
25;2025-11-21;12;0
25;2025-11-21;13;0
25;2025-11-21;14;0
25;2025-11-21;15;0
25;2025-11-21;16;0
25;2025-11-21;17;0
25;2025-11-21;18;0
25;2025-11-21;19;0
25;2025-11-21;20;0
25;2025-11-21;21;0
25;2025-11-21;22;0
25;2025-11-21;23;0
25;2025-11-22;0;0
25;2025-11-22;1;0
25;2025-11-22;2;0
25;2025-11-22;3;0
25;2025-11-22;4;0
25;2025-11-22;5;0
25;2025-11-22;6;0
25;2025-11-22;7;0
25;2025-11-22;8;0
25;2025-11-22;9;0
25;2025-11-22;10;0
25;2025-11-22;11;0
25;2025-11-22;12;0
25;2025-11-22;13;0
25;2025-11-22;14;0
25;2025-11-22;15;0
25;2025-11-22;16;0
25;2025-11-22;17;0
25;2025-11-22;18;0
25;2025-11-22;19;0
25;2025-11-22;20;0
25;2025-11-22;21;0
25;2025-11-22;22;0
25;2025-11-22;23;0
25;2025-11-23;0;0
25;2025-11-23;1;0
25;2025-11-23;2;0
25;2025-11-23;3;0
25;2025-11-23;4;0
25;2025-11-23;5;0
25;2025-11-23;6;0
25;2025-11-23;7;0
25;2025-11-23;8;0
25;2025-11-23;9;0
25;2025-11-23;10;0
25;2025-11-23;11;0
25;2025-11-23;12;0
25;2025-11-23;13;0
25;2025-11-23;14;0
25;2025-11-23;15;0
25;2025-11-23;16;0
25;2025-11-23;17;0
25;2025-11-23;18;0
25;2025-11-23;19;0
25;2025-11-23;20;0
25;2025-11-23;21;0
25;2025-11-23;22;0
25;2025-11-23;23;0
25;2025-11-24;0;0
25;2025-11-24;1;0
25;2025-11-24;2;0
25;2025-11-24;3;0
25;2025-11-24;4;0
25;2025-11-24;5;0
25;2025-11-24;6;0
25;2025-11-24;7;0
25;2025-11-24;8;0
25;2025-11-24;9;0
25;2025-11-24;10;0
25;2025-11-24;11;0
25;2025-11-24;12;0
25;2025-11-24;13;0
25;2025-11-24;14;0
25;2025-11-24;15;0
25;2025-11-24;16;0
25;2025-11-24;17;0
25;2025-11-24;18;0
25;2025-11-24;19;0
25;2025-11-24;20;0
25;2025-11-24;21;0
25;2025-11-24;22;0
25;2025-11-24;23;0
25;2025-11-25;0;0
25;2025-11-25;1;0
25;2025-11-25;2;0
25;2025-11-25;3;0
25;2025-11-25;4;0
25;2025-11-25;5;0
25;2025-11-25;6;0
25;2025-11-25;7;0
25;2025-11-25;8;0
25;2025-11-25;9;0
25;2025-11-25;10;0
25;2025-11-25;11;0
25;2025-11-25;12;0
25;2025-11-25;13;0
25;2025-11-25;14;0
25;2025-11-25;15;0
25;2025-11-25;16;0
25;2025-11-25;17;0
25;2025-11-25;18;0
25;2025-11-25;19;0
25;2025-11-25;20;0
25;2025-11-25;21;0
25;2025-11-25;22;0
25;2025-11-25;23;0
25;2025-11-26;0;0
25;2025-11-26;1;0
25;2025-11-26;2;0
25;2025-11-26;3;0
25;2025-11-26;4;0
25;2025-11-26;5;0
25;2025-11-26;6;0
25;2025-11-26;7;0
25;2025-11-26;8;0
25;2025-11-26;9;0
25;2025-11-26;10;0
25;2025-11-26;11;0
25;2025-11-26;12;0
25;2025-11-26;13;0
25;2025-11-26;14;0
25;2025-11-26;15;0
25;2025-11-26;16;0
25;2025-11-26;17;0
25;2025-11-26;18;0
25;2025-11-26;19;0
25;2025-11-26;20;0
25;2025-11-26;21;0
25;2025-11-26;22;0
25;2025-11-26;23;0
25;2025-11-27;0;0
25;2025-11-27;1;0
25;2025-11-27;2;0
25;2025-11-27;3;0
25;2025-11-27;4;0
25;2025-11-27;5;0
25;2025-11-27;6;0
25;2025-11-27;7;0
25;2025-11-27;8;0
25;2025-11-27;9;0
25;2025-11-27;10;0
25;2025-11-27;11;0
25;2025-11-27;12;0
25;2025-11-27;13;0
25;2025-11-27;14;0
25;2025-11-27;15;0
25;2025-11-27;16;0
25;2025-11-27;17;0
25;2025-11-27;18;0
25;2025-11-27;19;0
25;2025-11-27;20;0
25;2025-11-27;21;0
25;2025-11-27;22;0
25;2025-11-27;23;0
25;2025-11-28;0;0
25;2025-11-28;1;0
25;2025-11-28;2;0
25;2025-11-28;3;0
25;2025-11-28;4;0
25;2025-11-28;5;0
25;2025-11-28;6;0
25;2025-11-28;7;0
25;2025-11-28;8;0
25;2025-11-28;9;0
25;2025-11-28;10;0
25;2025-11-28;11;0
25;2025-11-28;12;0
25;2025-11-28;13;0
25;2025-11-28;14;0
25;2025-11-28;15;0
25;2025-11-28;16;0
25;2025-11-28;17;0
25;2025-11-28;18;0
25;2025-11-28;19;0
25;2025-11-28;20;0
25;2025-11-28;21;0
25;2025-11-28;22;0
25;2025-11-28;23;0
25;2025-11-29;0;0
25;2025-11-29;1;0
25;2025-11-29;2;0
25;2025-11-29;3;0
25;2025-11-29;4;0
25;2025-11-29;5;0
25;2025-11-29;6;0
25;2025-11-29;7;0
25;2025-11-29;8;0
25;2025-11-29;9;0
25;2025-11-29;10;0
25;2025-11-29;11;0
25;2025-11-29;12;0
25;2025-11-29;13;0
25;2025-11-29;14;0
25;2025-11-29;15;0
25;2025-11-29;16;0
25;2025-11-29;17;0
25;2025-11-29;18;0
25;2025-11-29;19;0
25;2025-11-29;20;0
25;2025-11-29;21;0
25;2025-11-29;22;0
25;2025-11-29;23;0
25;2025-11-30;0;0
25;2025-11-30;1;0
25;2025-11-30;2;0
25;2025-11-30;3;0
25;2025-11-30;4;0
25;2025-11-30;5;0
25;2025-11-30;6;0
25;2025-11-30;7;0
25;2025-11-30;8;0
25;2025-11-30;9;0
25;2025-11-30;10;0
25;2025-11-30;11;0
25;2025-11-30;12;0
25;2025-11-30;13;0
25;2025-11-30;14;0
25;2025-11-30;15;0
25;2025-11-30;16;0
25;2025-11-30;17;0
25;2025-11-30;18;0
25;2025-11-30;19;0
25;2025-11-30;20;0
25;2025-11-30;21;0
25;2025-11-30;22;0
25;2025-11-30;23;0
25;2025-12-01;0;0
25;2025-12-01;1;0
25;2025-12-01;2;0
25;2025-12-01;3;0
25;2025-12-01;4;0
25;2025-12-01;5;0
25;2025-12-01;6;0
25;2025-12-01;7;0
25;2025-12-01;8;0
25;2025-12-01;9;0
25;2025-12-01;10;0
25;2025-12-01;11;0
25;2025-12-01;12;0
25;2025-12-01;13;0
25;2025-12-01;14;0
25;2025-12-01;15;0
25;2025-12-01;16;0
25;2025-12-01;17;0
25;2025-12-01;18;0
25;2025-12-01;19;0
25;2025-12-01;20;0
25;2025-12-01;21;0
25;2025-12-01;22;0
25;2025-12-01;23;0
25;2025-12-02;0;0
25;2025-12-02;1;0
25;2025-12-02;2;0
25;2025-12-02;3;0
25;2025-12-02;4;0
25;2025-12-02;5;0
25;2025-12-02;6;0
25;2025-12-02;7;0
25;2025-12-02;8;0
25;2025-12-02;9;0
25;2025-12-02;10;0
25;2025-12-02;11;0
25;2025-12-02;12;0
25;2025-12-02;13;0
25;2025-12-02;14;0
25;2025-12-02;15;0
25;2025-12-02;16;0
25;2025-12-02;17;0
25;2025-12-02;18;0
25;2025-12-02;19;0
25;2025-12-02;20;0
25;2025-12-02;21;0
25;2025-12-02;22;0
25;2025-12-02;23;0
25;2025-12-03;0;0
25;2025-12-03;1;0
25;2025-12-03;2;0
25;2025-12-03;3;0
25;2025-12-03;4;0
25;2025-12-03;5;0
25;2025-12-03;6;0
25;2025-12-03;7;0
25;2025-12-03;8;0
25;2025-12-03;9;0
25;2025-12-03;10;0
25;2025-12-03;11;0
25;2025-12-03;12;0
25;2025-12-03;13;0
25;2025-12-03;14;0
25;2025-12-03;15;0
25;2025-12-03;16;0
25;2025-12-03;17;0
25;2025-12-03;18;0
25;2025-12-03;19;0
25;2025-12-03;20;0
25;2025-12-03;21;0
25;2025-12-03;22;0
25;2025-12-03;23;0
25;2025-12-04;0;0
25;2025-12-04;1;0
25;2025-12-04;2;0
25;2025-12-04;3;0
25;2025-12-04;4;0
25;2025-12-04;5;0
25;2025-12-04;6;0
25;2025-12-04;7;0
25;2025-12-04;8;0
25;2025-12-04;9;0
25;2025-12-04;10;0
25;2025-12-04;11;0
25;2025-12-04;12;0
25;2025-12-04;13;0
25;2025-12-04;14;0
25;2025-12-04;15;0
25;2025-12-04;16;0
25;2025-12-04;17;0
25;2025-12-04;18;0
25;2025-12-04;19;0
25;2025-12-04;20;0
25;2025-12-04;21;0
25;2025-12-04;22;0
25;2025-12-04;23;0
25;2025-12-05;0;0
25;2025-12-05;1;0
25;2025-12-05;2;0
25;2025-12-05;3;0
25;2025-12-05;4;0
25;2025-12-05;5;0
25;2025-12-05;6;0
25;2025-12-05;7;0
25;2025-12-05;8;0
25;2025-12-05;9;0
25;2025-12-05;10;0
25;2025-12-05;11;0
25;2025-12-05;12;0
25;2025-12-05;13;0
25;2025-12-05;14;0
25;2025-12-05;15;0
25;2025-12-05;16;0
25;2025-12-05;17;0
25;2025-12-05;18;0
25;2025-12-05;19;0
25;2025-12-05;20;0
25;2025-12-05;21;0
25;2025-12-05;22;0
25;2025-12-05;23;0
25;2025-12-06;0;0
25;2025-12-06;1;0
25;2025-12-06;2;0
25;2025-12-06;3;0
25;2025-12-06;4;0
25;2025-12-06;5;0
25;2025-12-06;6;0
25;2025-12-06;7;0
25;2025-12-06;8;0
25;2025-12-06;9;0
25;2025-12-06;10;0
25;2025-12-06;11;0
25;2025-12-06;12;0
25;2025-12-06;13;0
25;2025-12-06;14;0
25;2025-12-06;15;0
25;2025-12-06;16;0
25;2025-12-06;17;0
25;2025-12-06;18;0
25;2025-12-06;19;0
25;2025-12-06;20;0
25;2025-12-06;21;0
25;2025-12-06;22;0
25;2025-12-06;23;0
25;2025-12-07;0;0
25;2025-12-07;1;0
25;2025-12-07;2;0
25;2025-12-07;3;0
25;2025-12-07;4;0
25;2025-12-07;5;0
25;2025-12-07;6;0
25;2025-12-07;7;0
25;2025-12-07;8;0
25;2025-12-07;9;0
25;2025-12-07;10;0
25;2025-12-07;11;0
25;2025-12-07;12;0
25;2025-12-07;13;0
25;2025-12-07;14;0
25;2025-12-07;15;0
25;2025-12-07;16;0
25;2025-12-07;17;0
25;2025-12-07;18;0
25;2025-12-07;19;0
25;2025-12-07;20;0
25;2025-12-07;21;0
25;2025-12-07;22;0
25;2025-12-07;23;0
25;2025-12-08;0;0
25;2025-12-08;1;0
25;2025-12-08;2;0
25;2025-12-08;3;0
25;2025-12-08;4;0
25;2025-12-08;5;0
25;2025-12-08;6;0
25;2025-12-08;7;0
25;2025-12-08;8;0
25;2025-12-08;9;0
25;2025-12-08;10;0
25;2025-12-08;11;0
25;2025-12-08;12;0
25;2025-12-08;13;0
25;2025-12-08;14;0
25;2025-12-08;15;0
25;2025-12-08;16;0
25;2025-12-08;17;0
25;2025-12-08;18;0
25;2025-12-08;19;0
25;2025-12-08;20;0
25;2025-12-08;21;0
25;2025-12-08;22;0
25;2025-12-08;23;0
25;2025-12-09;0;0
25;2025-12-09;1;0
25;2025-12-09;2;0
25;2025-12-09;3;0
25;2025-12-09;4;0
25;2025-12-09;5;0
25;2025-12-09;6;0
25;2025-12-09;7;0
25;2025-12-09;8;0
25;2025-12-09;9;0
25;2025-12-09;10;0
25;2025-12-09;11;0
25;2025-12-09;12;0
25;2025-12-09;13;0
25;2025-12-09;14;0
25;2025-12-09;15;0
25;2025-12-09;16;0
25;2025-12-09;17;0
25;2025-12-09;18;0
25;2025-12-09;19;0
25;2025-12-09;20;0
25;2025-12-09;21;0
25;2025-12-09;22;0
25;2025-12-09;23;0
25;2025-12-10;0;0
25;2025-12-10;1;0
25;2025-12-10;2;0
25;2025-12-10;3;0
25;2025-12-10;4;0
25;2025-12-10;5;0
25;2025-12-10;6;0
25;2025-12-10;7;0
25;2025-12-10;8;0
25;2025-12-10;9;0
25;2025-12-10;10;0
25;2025-12-10;11;0
25;2025-12-10;12;0
25;2025-12-10;13;0
25;2025-12-10;14;0
25;2025-12-10;15;0
25;2025-12-10;16;0
25;2025-12-10;17;0
25;2025-12-10;18;0
25;2025-12-10;19;0
25;2025-12-10;20;0
25;2025-12-10;21;0
25;2025-12-10;22;0
25;2025-12-10;23;0
25;2025-12-11;0;0
25;2025-12-11;1;0
25;2025-12-11;2;0
25;2025-12-11;3;0
25;2025-12-11;4;0
25;2025-12-11;5;0
25;2025-12-11;6;0
25;2025-12-11;7;0
25;2025-12-11;8;0
25;2025-12-11;9;0
25;2025-12-11;10;0
25;2025-12-11;11;0
25;2025-12-11;12;0
25;2025-12-11;13;0
25;2025-12-11;14;0
25;2025-12-11;15;0
25;2025-12-11;16;0
25;2025-12-11;17;0
25;2025-12-11;18;0
25;2025-12-11;19;0
25;2025-12-11;20;0
25;2025-12-11;21;0
25;2025-12-11;22;0
25;2025-12-11;23;0
25;2025-12-12;0;0
25;2025-12-12;1;0
25;2025-12-12;2;0
25;2025-12-12;3;0
25;2025-12-12;4;0
25;2025-12-12;5;0
25;2025-12-12;6;0
25;2025-12-12;7;0
25;2025-12-12;8;0
25;2025-12-12;9;0
25;2025-12-12;10;0
25;2025-12-12;11;0
25;2025-12-12;12;0
25;2025-12-12;13;0
25;2025-12-12;14;0
25;2025-12-12;15;0
25;2025-12-12;16;0
25;2025-12-12;17;0
25;2025-12-12;18;0
25;2025-12-12;19;0
25;2025-12-12;20;0
25;2025-12-12;21;0
25;2025-12-12;22;0
25;2025-12-12;23;0
25;2025-12-13;0;0
25;2025-12-13;1;0
25;2025-12-13;2;0
25;2025-12-13;3;0
25;2025-12-13;4;0
25;2025-12-13;5;0
25;2025-12-13;6;0
25;2025-12-13;7;0
25;2025-12-13;8;0
25;2025-12-13;9;0
25;2025-12-13;10;0
25;2025-12-13;11;0
25;2025-12-13;12;0
25;2025-12-13;13;0
25;2025-12-13;14;0
25;2025-12-13;15;0
25;2025-12-13;16;0
25;2025-12-13;17;0
25;2025-12-13;18;0
25;2025-12-13;19;0
25;2025-12-13;20;0
25;2025-12-13;21;0
25;2025-12-13;22;0
25;2025-12-13;23;0
25;2025-12-14;0;0
25;2025-12-14;1;0
25;2025-12-14;2;0
25;2025-12-14;3;0
25;2025-12-14;4;0
25;2025-12-14;5;0
25;2025-12-14;6;0
25;2025-12-14;7;0
25;2025-12-14;8;0
25;2025-12-14;9;0
25;2025-12-14;10;0
25;2025-12-14;11;0
25;2025-12-14;12;0
25;2025-12-14;13;0
25;2025-12-14;14;0
25;2025-12-14;15;0
25;2025-12-14;16;0
25;2025-12-14;17;0
25;2025-12-14;18;0
25;2025-12-14;19;0
25;2025-12-14;20;0
25;2025-12-14;21;0
25;2025-12-14;22;0
25;2025-12-14;23;0
25;2025-12-15;0;0
25;2025-12-15;1;0
25;2025-12-15;2;0
25;2025-12-15;3;0
25;2025-12-15;4;0
25;2025-12-15;5;0
25;2025-12-15;6;0
25;2025-12-15;7;0
25;2025-12-15;8;0
25;2025-12-15;9;0
25;2025-12-15;10;0
25;2025-12-15;11;0
25;2025-12-15;12;0
25;2025-12-15;13;0
25;2025-12-15;14;0
25;2025-12-15;15;0
25;2025-12-15;16;0
25;2025-12-15;17;0
25;2025-12-15;18;0
25;2025-12-15;19;0
25;2025-12-15;20;0
25;2025-12-15;21;0
25;2025-12-15;22;0
25;2025-12-15;23;0
25;2025-12-16;0;0
25;2025-12-16;1;0
25;2025-12-16;2;0
25;2025-12-16;3;0
25;2025-12-16;4;0
25;2025-12-16;5;0
25;2025-12-16;6;0
25;2025-12-16;7;0
25;2025-12-16;8;0
25;2025-12-16;9;0
25;2025-12-16;10;0
25;2025-12-16;11;0
25;2025-12-16;12;0
25;2025-12-16;13;0
25;2025-12-16;14;0
25;2025-12-16;15;0
25;2025-12-16;16;0
25;2025-12-16;17;0
25;2025-12-16;18;0
25;2025-12-16;19;0
25;2025-12-16;20;0
25;2025-12-16;21;0
25;2025-12-16;22;0
25;2025-12-16;23;0
25;2025-12-17;0;0
25;2025-12-17;1;0
25;2025-12-17;2;0
25;2025-12-17;3;0
25;2025-12-17;4;0
25;2025-12-17;5;0
25;2025-12-17;6;0
25;2025-12-17;7;0
25;2025-12-17;8;0
25;2025-12-17;9;0
25;2025-12-17;10;0
25;2025-12-17;11;0
25;2025-12-17;12;0
25;2025-12-17;13;0
25;2025-12-17;14;0
25;2025-12-17;15;0
25;2025-12-17;16;0
25;2025-12-17;17;0
25;2025-12-17;18;0
25;2025-12-17;19;0
25;2025-12-17;20;0
25;2025-12-17;21;0
25;2025-12-17;22;0
25;2025-12-17;23;0
25;2025-12-18;0;0
25;2025-12-18;1;0
25;2025-12-18;2;0
25;2025-12-18;3;0
25;2025-12-18;4;0
25;2025-12-18;5;0
25;2025-12-18;6;0
25;2025-12-18;7;0
25;2025-12-18;8;0
25;2025-12-18;9;0
25;2025-12-18;10;0
25;2025-12-18;11;0
25;2025-12-18;12;0
25;2025-12-18;13;0
25;2025-12-18;14;0
25;2025-12-18;15;0
25;2025-12-18;16;0
25;2025-12-18;17;0
25;2025-12-18;18;0
25;2025-12-18;19;0
25;2025-12-18;20;0
25;2025-12-18;21;0
25;2025-12-18;22;0
25;2025-12-18;23;0
25;2025-12-19;0;0
25;2025-12-19;1;0
25;2025-12-19;2;0
25;2025-12-19;3;0
25;2025-12-19;4;0
25;2025-12-19;5;0
25;2025-12-19;6;0
25;2025-12-19;7;0
25;2025-12-19;8;0
25;2025-12-19;9;0
25;2025-12-19;10;0
25;2025-12-19;11;0
25;2025-12-19;12;0
25;2025-12-19;13;0
25;2025-12-19;14;0
25;2025-12-19;15;0
25;2025-12-19;16;0
25;2025-12-19;17;0
25;2025-12-19;18;0
25;2025-12-19;19;0
25;2025-12-19;20;0
25;2025-12-19;21;0
25;2025-12-19;22;0
25;2025-12-19;23;0
25;2025-12-20;0;0
25;2025-12-20;1;0
25;2025-12-20;2;0
25;2025-12-20;3;0
25;2025-12-20;4;0
25;2025-12-20;5;0
25;2025-12-20;6;0
25;2025-12-20;7;0
25;2025-12-20;8;0
25;2025-12-20;9;0
25;2025-12-20;10;0
25;2025-12-20;11;0
25;2025-12-20;12;0
25;2025-12-20;13;0
25;2025-12-20;14;0
25;2025-12-20;15;0
25;2025-12-20;16;0
25;2025-12-20;17;0
25;2025-12-20;18;0
25;2025-12-20;19;0
25;2025-12-20;20;0
25;2025-12-20;21;0
25;2025-12-20;22;0
25;2025-12-20;23;0
25;2025-12-21;0;0
25;2025-12-21;1;0
25;2025-12-21;2;0
25;2025-12-21;3;0
25;2025-12-21;4;0
25;2025-12-21;5;0
25;2025-12-21;6;0
25;2025-12-21;7;0
25;2025-12-21;8;0
25;2025-12-21;9;0
25;2025-12-21;10;0
25;2025-12-21;11;0
25;2025-12-21;12;0
25;2025-12-21;13;0
25;2025-12-21;14;0
25;2025-12-21;15;0
25;2025-12-21;16;0
25;2025-12-21;17;0
25;2025-12-21;18;0
25;2025-12-21;19;0
25;2025-12-21;20;0
25;2025-12-21;21;0
25;2025-12-21;22;0
25;2025-12-21;23;0
25;2025-12-22;0;0
25;2025-12-22;1;0
25;2025-12-22;2;0
25;2025-12-22;3;0
25;2025-12-22;4;0
25;2025-12-22;5;0
25;2025-12-22;6;0
25;2025-12-22;7;0
25;2025-12-22;8;0
25;2025-12-22;9;0
25;2025-12-22;10;0
25;2025-12-22;11;0
25;2025-12-22;12;0
25;2025-12-22;13;0
25;2025-12-22;14;0
25;2025-12-22;15;0
25;2025-12-22;16;0
25;2025-12-22;17;0
25;2025-12-22;18;0
25;2025-12-22;19;0
25;2025-12-22;20;0
25;2025-12-22;21;0
25;2025-12-22;22;0
25;2025-12-22;23;0
25;2025-12-23;0;0
25;2025-12-23;1;0
25;2025-12-23;2;0
25;2025-12-23;3;0
25;2025-12-23;4;0
25;2025-12-23;5;0
25;2025-12-23;6;0
25;2025-12-23;7;0
25;2025-12-23;8;0
25;2025-12-23;9;0
25;2025-12-23;10;0
25;2025-12-23;11;0
25;2025-12-23;12;0
25;2025-12-23;13;0
25;2025-12-23;14;0
25;2025-12-23;15;0
25;2025-12-23;16;0
25;2025-12-23;17;0
25;2025-12-23;18;0
25;2025-12-23;19;0
25;2025-12-23;20;0
25;2025-12-23;21;0
25;2025-12-23;22;0
25;2025-12-23;23;0
25;2025-12-24;0;0
25;2025-12-24;1;0
25;2025-12-24;2;0
25;2025-12-24;3;0
25;2025-12-24;4;0
25;2025-12-24;5;0
25;2025-12-24;6;0
25;2025-12-24;7;0
25;2025-12-24;8;0
25;2025-12-24;9;0
25;2025-12-24;10;0
25;2025-12-24;11;0
25;2025-12-24;12;0
25;2025-12-24;13;0
25;2025-12-24;14;0
25;2025-12-24;15;0
25;2025-12-24;16;0
25;2025-12-24;17;0
25;2025-12-24;18;0
25;2025-12-24;19;0
25;2025-12-24;20;0
25;2025-12-24;21;0
25;2025-12-24;22;0
25;2025-12-24;23;0
25;2025-12-25;0;0
25;2025-12-25;1;0
25;2025-12-25;2;0
25;2025-12-25;3;0
25;2025-12-25;4;0
25;2025-12-25;5;0
25;2025-12-25;6;0
25;2025-12-25;7;0
25;2025-12-25;8;0
25;2025-12-25;9;0
25;2025-12-25;10;0
25;2025-12-25;11;0
25;2025-12-25;12;0
25;2025-12-25;13;0
25;2025-12-25;14;0
25;2025-12-25;15;0
25;2025-12-25;16;0
25;2025-12-25;17;0
25;2025-12-25;18;0
25;2025-12-25;19;0
25;2025-12-25;20;0
25;2025-12-25;21;0
25;2025-12-25;22;0
25;2025-12-25;23;0
25;2025-12-26;0;0
25;2025-12-26;1;0
25;2025-12-26;2;0
25;2025-12-26;3;0
25;2025-12-26;4;0
25;2025-12-26;5;0
25;2025-12-26;6;0
25;2025-12-26;7;0
25;2025-12-26;8;0
25;2025-12-26;9;0
25;2025-12-26;10;0
25;2025-12-26;11;0
25;2025-12-26;12;0
25;2025-12-26;13;0
25;2025-12-26;14;0
25;2025-12-26;15;0
25;2025-12-26;16;0
25;2025-12-26;17;0
25;2025-12-26;18;0
25;2025-12-26;19;0
25;2025-12-26;20;0
25;2025-12-26;21;0
25;2025-12-26;22;0
25;2025-12-26;23;0
25;2025-12-27;0;0
25;2025-12-27;1;0
25;2025-12-27;2;0
25;2025-12-27;3;0
25;2025-12-27;4;0
25;2025-12-27;5;0
25;2025-12-27;6;0
25;2025-12-27;7;0
25;2025-12-27;8;0
25;2025-12-27;9;0
25;2025-12-27;10;0
25;2025-12-27;11;0
25;2025-12-27;12;0
25;2025-12-27;13;0
25;2025-12-27;14;0
25;2025-12-27;15;0
25;2025-12-27;16;0
25;2025-12-27;17;0
25;2025-12-27;18;0
25;2025-12-27;19;0
25;2025-12-27;20;0
25;2025-12-27;21;0
25;2025-12-27;22;0
25;2025-12-27;23;0
25;2025-12-28;0;0
25;2025-12-28;1;0
25;2025-12-28;2;0
25;2025-12-28;3;0
25;2025-12-28;4;0
25;2025-12-28;5;0
25;2025-12-28;6;0
25;2025-12-28;7;0
25;2025-12-28;8;0
25;2025-12-28;9;0
25;2025-12-28;10;0
25;2025-12-28;11;0
25;2025-12-28;12;0
25;2025-12-28;13;0
25;2025-12-28;14;0
25;2025-12-28;15;0
25;2025-12-28;16;0
25;2025-12-28;17;0
25;2025-12-28;18;0
25;2025-12-28;19;0
25;2025-12-28;20;0
25;2025-12-28;21;0
25;2025-12-28;22;0
25;2025-12-28;23;0
25;2025-12-29;0;0
25;2025-12-29;1;0
25;2025-12-29;2;0
25;2025-12-29;3;0
25;2025-12-29;4;0
25;2025-12-29;5;0
25;2025-12-29;6;0
25;2025-12-29;7;0
25;2025-12-29;8;0
25;2025-12-29;9;0
25;2025-12-29;10;0
25;2025-12-29;11;0
25;2025-12-29;12;0
25;2025-12-29;13;0
25;2025-12-29;14;0
25;2025-12-29;15;0
25;2025-12-29;16;0
25;2025-12-29;17;0
25;2025-12-29;18;0
25;2025-12-29;19;0
25;2025-12-29;20;0
25;2025-12-29;21;0
25;2025-12-29;22;0
25;2025-12-29;23;0
25;2025-12-30;0;0
25;2025-12-30;1;0
25;2025-12-30;2;0
25;2025-12-30;3;0
25;2025-12-30;4;0
25;2025-12-30;5;0
25;2025-12-30;6;0
25;2025-12-30;7;0
25;2025-12-30;8;0
25;2025-12-30;9;0
25;2025-12-30;10;0
25;2025-12-30;11;0
25;2025-12-30;12;0
25;2025-12-30;13;0
25;2025-12-30;14;0
25;2025-12-30;15;0
25;2025-12-30;16;0
25;2025-12-30;17;0
25;2025-12-30;18;0
25;2025-12-30;19;0
25;2025-12-30;20;0
25;2025-12-30;21;0
25;2025-12-30;22;0
25;2025-12-30;23;0
25;2025-12-31;0;0
25;2025-12-31;1;0
25;2025-12-31;2;0
25;2025-12-31;3;0
25;2025-12-31;4;0
25;2025-12-31;5;0
25;2025-12-31;6;0
25;2025-12-31;7;0
25;2025-12-31;8;0
25;2025-12-31;9;0
25;2025-12-31;10;0
25;2025-12-31;11;0
25;2025-12-31;12;0
25;2025-12-31;13;0
25;2025-12-31;14;0
25;2025-12-31;15;0
25;2025-12-31;16;0
25;2025-12-31;17;0
25;2025-12-31;18;0
25;2025-12-31;19;0
25;2025-12-31;20;0
25;2025-12-31;21;0
25;2025-12-31;22;0
25;2025-12-31;23;0
26;2025-11-01;0;0
26;2025-11-01;1;0
26;2025-11-01;2;0
26;2025-11-01;3;0
26;2025-11-01;4;0
26;2025-11-01;5;0
26;2025-11-01;6;0
26;2025-11-01;7;0
26;2025-11-01;8;0
26;2025-11-01;9;0
26;2025-11-01;10;0
26;2025-11-01;11;0
26;2025-11-01;12;0
26;2025-11-01;13;0
26;2025-11-01;14;0
26;2025-11-01;15;0
26;2025-11-01;16;0
26;2025-11-01;17;0
26;2025-11-01;18;0
26;2025-11-01;19;0
26;2025-11-01;20;0
26;2025-11-01;21;0
26;2025-11-01;22;0
26;2025-11-01;23;0
26;2025-11-02;0;0
26;2025-11-02;1;0
26;2025-11-02;2;0
26;2025-11-02;3;0
26;2025-11-02;4;0
26;2025-11-02;5;0
26;2025-11-02;6;0
26;2025-11-02;7;0
26;2025-11-02;8;0
26;2025-11-02;9;0
26;2025-11-02;10;0
26;2025-11-02;11;0
26;2025-11-02;12;0
26;2025-11-02;13;0
26;2025-11-02;14;0
26;2025-11-02;15;0
26;2025-11-02;16;0
26;2025-11-02;17;0
26;2025-11-02;18;0
26;2025-11-02;19;0
26;2025-11-02;20;0
26;2025-11-02;21;0
26;2025-11-02;22;0
26;2025-11-02;23;0
26;2025-11-03;0;0
26;2025-11-03;1;0
26;2025-11-03;2;0
26;2025-11-03;3;0
26;2025-11-03;4;0
26;2025-11-03;5;0
26;2025-11-03;6;0
26;2025-11-03;7;0
26;2025-11-03;8;0
26;2025-11-03;9;0
26;2025-11-03;10;0
26;2025-11-03;11;0
26;2025-11-03;12;0
26;2025-11-03;13;0
26;2025-11-03;14;0
26;2025-11-03;15;0
26;2025-11-03;16;0
26;2025-11-03;17;0
26;2025-11-03;18;0
26;2025-11-03;19;0
26;2025-11-03;20;0
26;2025-11-03;21;0
26;2025-11-03;22;0
26;2025-11-03;23;0
26;2025-11-04;0;0
26;2025-11-04;1;0
26;2025-11-04;2;0
26;2025-11-04;3;0
26;2025-11-04;4;0
26;2025-11-04;5;0
26;2025-11-04;6;0
26;2025-11-04;7;0
26;2025-11-04;8;0
26;2025-11-04;9;0
26;2025-11-04;10;0
26;2025-11-04;11;0
26;2025-11-04;12;0
26;2025-11-04;13;0
26;2025-11-04;14;0
26;2025-11-04;15;0
26;2025-11-04;16;0
26;2025-11-04;17;0
26;2025-11-04;18;0
26;2025-11-04;19;0
26;2025-11-04;20;0
26;2025-11-04;21;0
26;2025-11-04;22;0
26;2025-11-04;23;0
26;2025-11-05;0;0
26;2025-11-05;1;0
26;2025-11-05;2;0
26;2025-11-05;3;0
26;2025-11-05;4;0
26;2025-11-05;5;0
26;2025-11-05;6;0
26;2025-11-05;7;0
26;2025-11-05;8;0
26;2025-11-05;9;0
26;2025-11-05;10;0
26;2025-11-05;11;0
26;2025-11-05;12;0
26;2025-11-05;13;0
26;2025-11-05;14;0
26;2025-11-05;15;0
26;2025-11-05;16;0
26;2025-11-05;17;0
26;2025-11-05;18;0
26;2025-11-05;19;0
26;2025-11-05;20;0
26;2025-11-05;21;0
26;2025-11-05;22;0
26;2025-11-05;23;0
26;2025-11-06;0;0
26;2025-11-06;1;0
26;2025-11-06;2;0
26;2025-11-06;3;0
26;2025-11-06;4;0
26;2025-11-06;5;0
26;2025-11-06;6;0
26;2025-11-06;7;0
26;2025-11-06;8;0
26;2025-11-06;9;0
26;2025-11-06;10;0
26;2025-11-06;11;0
26;2025-11-06;12;0
26;2025-11-06;13;0
26;2025-11-06;14;0
26;2025-11-06;15;0
26;2025-11-06;16;0
26;2025-11-06;17;0
26;2025-11-06;18;0
26;2025-11-06;19;0
26;2025-11-06;20;0
26;2025-11-06;21;0
26;2025-11-06;22;0
26;2025-11-06;23;0
26;2025-11-07;0;0
26;2025-11-07;1;0
26;2025-11-07;2;0
26;2025-11-07;3;0
26;2025-11-07;4;0
26;2025-11-07;5;0
26;2025-11-07;6;0
26;2025-11-07;7;0
26;2025-11-07;8;0
26;2025-11-07;9;0
26;2025-11-07;10;0
26;2025-11-07;11;0
26;2025-11-07;12;0
26;2025-11-07;13;0
26;2025-11-07;14;0
26;2025-11-07;15;0
26;2025-11-07;16;0
26;2025-11-07;17;0
26;2025-11-07;18;0
26;2025-11-07;19;0
26;2025-11-07;20;0
26;2025-11-07;21;0
26;2025-11-07;22;0
26;2025-11-07;23;0
26;2025-11-08;0;0
26;2025-11-08;1;0
26;2025-11-08;2;0
26;2025-11-08;3;0
26;2025-11-08;4;0
26;2025-11-08;5;0
26;2025-11-08;6;0
26;2025-11-08;7;0
26;2025-11-08;8;0
26;2025-11-08;9;0
26;2025-11-08;10;0
26;2025-11-08;11;0
26;2025-11-08;12;0
26;2025-11-08;13;0
26;2025-11-08;14;0
26;2025-11-08;15;0
26;2025-11-08;16;0
26;2025-11-08;17;0
26;2025-11-08;18;0
26;2025-11-08;19;0
26;2025-11-08;20;0
26;2025-11-08;21;0
26;2025-11-08;22;0
26;2025-11-08;23;0
26;2025-11-09;0;0
26;2025-11-09;1;0
26;2025-11-09;2;0
26;2025-11-09;3;0
26;2025-11-09;4;0
26;2025-11-09;5;0
26;2025-11-09;6;0
26;2025-11-09;7;0
26;2025-11-09;8;0
26;2025-11-09;9;0
26;2025-11-09;10;0
26;2025-11-09;11;0
26;2025-11-09;12;0
26;2025-11-09;13;0
26;2025-11-09;14;0
26;2025-11-09;15;0
26;2025-11-09;16;0
26;2025-11-09;17;0
26;2025-11-09;18;0
26;2025-11-09;19;0
26;2025-11-09;20;0
26;2025-11-09;21;0
26;2025-11-09;22;0
26;2025-11-09;23;0
26;2025-11-10;0;0
26;2025-11-10;1;0
26;2025-11-10;2;0
26;2025-11-10;3;0
26;2025-11-10;4;0
26;2025-11-10;5;0
26;2025-11-10;6;0
26;2025-11-10;7;0
26;2025-11-10;8;0
26;2025-11-10;9;0
26;2025-11-10;10;0
26;2025-11-10;11;0
26;2025-11-10;12;0
26;2025-11-10;13;0
26;2025-11-10;14;0
26;2025-11-10;15;0
26;2025-11-10;16;0
26;2025-11-10;17;0
26;2025-11-10;18;0
26;2025-11-10;19;0
26;2025-11-10;20;0
26;2025-11-10;21;0
26;2025-11-10;22;0
26;2025-11-10;23;0
26;2025-11-11;0;0
26;2025-11-11;1;0
26;2025-11-11;2;0
26;2025-11-11;3;0
26;2025-11-11;4;0
26;2025-11-11;5;0
26;2025-11-11;6;0
26;2025-11-11;7;0
26;2025-11-11;8;0
26;2025-11-11;9;0
26;2025-11-11;10;0
26;2025-11-11;11;0
26;2025-11-11;12;0
26;2025-11-11;13;0
26;2025-11-11;14;0
26;2025-11-11;15;0
26;2025-11-11;16;0
26;2025-11-11;17;0
26;2025-11-11;18;0
26;2025-11-11;19;0
26;2025-11-11;20;0
26;2025-11-11;21;0
26;2025-11-11;22;0
26;2025-11-11;23;0
26;2025-11-12;0;0
26;2025-11-12;1;0
26;2025-11-12;2;0
26;2025-11-12;3;0
26;2025-11-12;4;0
26;2025-11-12;5;0
26;2025-11-12;6;0
26;2025-11-12;7;0
26;2025-11-12;8;0
26;2025-11-12;9;0
26;2025-11-12;10;0
26;2025-11-12;11;0
26;2025-11-12;12;0
26;2025-11-12;13;0
26;2025-11-12;14;0
26;2025-11-12;15;0
26;2025-11-12;16;0
26;2025-11-12;17;0
26;2025-11-12;18;0
26;2025-11-12;19;0
26;2025-11-12;20;0
26;2025-11-12;21;0
26;2025-11-12;22;0
26;2025-11-12;23;0
26;2025-11-13;0;0
26;2025-11-13;1;0
26;2025-11-13;2;0
26;2025-11-13;3;0
26;2025-11-13;4;0
26;2025-11-13;5;0
26;2025-11-13;6;0
26;2025-11-13;7;0
26;2025-11-13;8;0
26;2025-11-13;9;0
26;2025-11-13;10;0
26;2025-11-13;11;0
26;2025-11-13;12;0
26;2025-11-13;13;0
26;2025-11-13;14;0
26;2025-11-13;15;0
26;2025-11-13;16;0
26;2025-11-13;17;0
26;2025-11-13;18;0
26;2025-11-13;19;0
26;2025-11-13;20;0
26;2025-11-13;21;0
26;2025-11-13;22;0
26;2025-11-13;23;0
26;2025-11-14;0;0
26;2025-11-14;1;0
26;2025-11-14;2;0
26;2025-11-14;3;0
26;2025-11-14;4;0
26;2025-11-14;5;0
26;2025-11-14;6;0
26;2025-11-14;7;0
26;2025-11-14;8;0
26;2025-11-14;9;0
26;2025-11-14;10;0
26;2025-11-14;11;0
26;2025-11-14;12;0
26;2025-11-14;13;0
26;2025-11-14;14;0
26;2025-11-14;15;0
26;2025-11-14;16;0
26;2025-11-14;17;0
26;2025-11-14;18;0
26;2025-11-14;19;0
26;2025-11-14;20;0
26;2025-11-14;21;0
26;2025-11-14;22;0
26;2025-11-14;23;0
26;2025-11-15;0;0
26;2025-11-15;1;0
26;2025-11-15;2;0
26;2025-11-15;3;0
26;2025-11-15;4;0
26;2025-11-15;5;0
26;2025-11-15;6;0
26;2025-11-15;7;0
26;2025-11-15;8;0
26;2025-11-15;9;0
26;2025-11-15;10;0
26;2025-11-15;11;0
26;2025-11-15;12;0
26;2025-11-15;13;0
26;2025-11-15;14;0
26;2025-11-15;15;0
26;2025-11-15;16;0
26;2025-11-15;17;0
26;2025-11-15;18;0
26;2025-11-15;19;0
26;2025-11-15;20;0
26;2025-11-15;21;0
26;2025-11-15;22;0
26;2025-11-15;23;0
26;2025-11-16;0;0
26;2025-11-16;1;0
26;2025-11-16;2;0
26;2025-11-16;3;0
26;2025-11-16;4;0
26;2025-11-16;5;0
26;2025-11-16;6;0
26;2025-11-16;7;0
26;2025-11-16;8;0
26;2025-11-16;9;0
26;2025-11-16;10;0
26;2025-11-16;11;0
26;2025-11-16;12;0
26;2025-11-16;13;0
26;2025-11-16;14;0
26;2025-11-16;15;0
26;2025-11-16;16;0
26;2025-11-16;17;0
26;2025-11-16;18;0
26;2025-11-16;19;0
26;2025-11-16;20;0
26;2025-11-16;21;0
26;2025-11-16;22;0
26;2025-11-16;23;0
26;2025-11-17;0;0
26;2025-11-17;1;0
26;2025-11-17;2;0
26;2025-11-17;3;0
26;2025-11-17;4;0
26;2025-11-17;5;0
26;2025-11-17;6;0
26;2025-11-17;7;0
26;2025-11-17;8;0
26;2025-11-17;9;0
26;2025-11-17;10;0
26;2025-11-17;11;0
26;2025-11-17;12;0
26;2025-11-17;13;0
26;2025-11-17;14;0
26;2025-11-17;15;0
26;2025-11-17;16;0
26;2025-11-17;17;0
26;2025-11-17;18;0
26;2025-11-17;19;0
26;2025-11-17;20;0
26;2025-11-17;21;0
26;2025-11-17;22;0
26;2025-11-17;23;0
26;2025-11-18;0;0
26;2025-11-18;1;0
26;2025-11-18;2;0
26;2025-11-18;3;0
26;2025-11-18;4;0
26;2025-11-18;5;0
26;2025-11-18;6;0
26;2025-11-18;7;0
26;2025-11-18;8;0
26;2025-11-18;9;0
26;2025-11-18;10;0
26;2025-11-18;11;0
26;2025-11-18;12;0
26;2025-11-18;13;0
26;2025-11-18;14;0
26;2025-11-18;15;0
26;2025-11-18;16;0
26;2025-11-18;17;0
26;2025-11-18;18;0
26;2025-11-18;19;0
26;2025-11-18;20;0
26;2025-11-18;21;0
26;2025-11-18;22;0
26;2025-11-18;23;0
26;2025-11-19;0;0
26;2025-11-19;1;0
26;2025-11-19;2;0
26;2025-11-19;3;0
26;2025-11-19;4;0
26;2025-11-19;5;0
26;2025-11-19;6;0
26;2025-11-19;7;0
26;2025-11-19;8;0
26;2025-11-19;9;0
26;2025-11-19;10;0
26;2025-11-19;11;0
26;2025-11-19;12;0
26;2025-11-19;13;0
26;2025-11-19;14;0
26;2025-11-19;15;0
26;2025-11-19;16;0
26;2025-11-19;17;0
26;2025-11-19;18;0
26;2025-11-19;19;0
26;2025-11-19;20;0
26;2025-11-19;21;0
26;2025-11-19;22;0
26;2025-11-19;23;0
26;2025-11-20;0;0
26;2025-11-20;1;0
26;2025-11-20;2;0
26;2025-11-20;3;0
26;2025-11-20;4;0
26;2025-11-20;5;0
26;2025-11-20;6;0
26;2025-11-20;7;0
26;2025-11-20;8;0
26;2025-11-20;9;0
26;2025-11-20;10;0
26;2025-11-20;11;0
26;2025-11-20;12;0
26;2025-11-20;13;0
26;2025-11-20;14;0
26;2025-11-20;15;0
26;2025-11-20;16;0
26;2025-11-20;17;0
26;2025-11-20;18;0
26;2025-11-20;19;0
26;2025-11-20;20;0
26;2025-11-20;21;0
26;2025-11-20;22;0
26;2025-11-20;23;0
26;2025-11-21;0;0
26;2025-11-21;1;0
26;2025-11-21;2;0
26;2025-11-21;3;0
26;2025-11-21;4;0
26;2025-11-21;5;0
26;2025-11-21;6;0
26;2025-11-21;7;0
26;2025-11-21;8;0
26;2025-11-21;9;0
26;2025-11-21;10;0
26;2025-11-21;11;0
26;2025-11-21;12;0
26;2025-11-21;13;0
26;2025-11-21;14;0
26;2025-11-21;15;0
26;2025-11-21;16;0
26;2025-11-21;17;0
26;2025-11-21;18;0
26;2025-11-21;19;0
26;2025-11-21;20;0
26;2025-11-21;21;0
26;2025-11-21;22;0
26;2025-11-21;23;0
26;2025-11-22;0;0
26;2025-11-22;1;0
26;2025-11-22;2;0
26;2025-11-22;3;0
26;2025-11-22;4;0
26;2025-11-22;5;0
26;2025-11-22;6;0
26;2025-11-22;7;0
26;2025-11-22;8;0
26;2025-11-22;9;0
26;2025-11-22;10;0
26;2025-11-22;11;0
26;2025-11-22;12;0
26;2025-11-22;13;0
26;2025-11-22;14;0
26;2025-11-22;15;0
26;2025-11-22;16;0
26;2025-11-22;17;0
26;2025-11-22;18;0
26;2025-11-22;19;0
26;2025-11-22;20;0
26;2025-11-22;21;0
26;2025-11-22;22;0
26;2025-11-22;23;0
26;2025-11-23;0;0
26;2025-11-23;1;0
26;2025-11-23;2;0
26;2025-11-23;3;0
26;2025-11-23;4;0
26;2025-11-23;5;0
26;2025-11-23;6;0
26;2025-11-23;7;0
26;2025-11-23;8;0
26;2025-11-23;9;0
26;2025-11-23;10;0
26;2025-11-23;11;0
26;2025-11-23;12;0
26;2025-11-23;13;0
26;2025-11-23;14;0
26;2025-11-23;15;0
26;2025-11-23;16;0
26;2025-11-23;17;0
26;2025-11-23;18;0
26;2025-11-23;19;0
26;2025-11-23;20;0
26;2025-11-23;21;0
26;2025-11-23;22;0
26;2025-11-23;23;0
26;2025-11-24;0;0
26;2025-11-24;1;0
26;2025-11-24;2;0
26;2025-11-24;3;0
26;2025-11-24;4;0
26;2025-11-24;5;0
26;2025-11-24;6;0
26;2025-11-24;7;0
26;2025-11-24;8;0
26;2025-11-24;9;0
26;2025-11-24;10;0
26;2025-11-24;11;0
26;2025-11-24;12;0
26;2025-11-24;13;0
26;2025-11-24;14;0
26;2025-11-24;15;0
26;2025-11-24;16;0
26;2025-11-24;17;0
26;2025-11-24;18;0
26;2025-11-24;19;0
26;2025-11-24;20;0
26;2025-11-24;21;0
26;2025-11-24;22;0
26;2025-11-24;23;0
26;2025-11-25;0;0
26;2025-11-25;1;0
26;2025-11-25;2;0
26;2025-11-25;3;0
26;2025-11-25;4;0
26;2025-11-25;5;0
26;2025-11-25;6;0
26;2025-11-25;7;0
26;2025-11-25;8;0
26;2025-11-25;9;0
26;2025-11-25;10;0
26;2025-11-25;11;0
26;2025-11-25;12;0
26;2025-11-25;13;0
26;2025-11-25;14;0
26;2025-11-25;15;0
26;2025-11-25;16;0
26;2025-11-25;17;0
26;2025-11-25;18;0
26;2025-11-25;19;0
26;2025-11-25;20;0
26;2025-11-25;21;0
26;2025-11-25;22;0
26;2025-11-25;23;0
26;2025-11-26;0;0
26;2025-11-26;1;0
26;2025-11-26;2;0
26;2025-11-26;3;0
26;2025-11-26;4;0
26;2025-11-26;5;0
26;2025-11-26;6;0
26;2025-11-26;7;0
26;2025-11-26;8;0
26;2025-11-26;9;0
26;2025-11-26;10;0
26;2025-11-26;11;0
26;2025-11-26;12;0
26;2025-11-26;13;0
26;2025-11-26;14;0
26;2025-11-26;15;0
26;2025-11-26;16;0
26;2025-11-26;17;0
26;2025-11-26;18;0
26;2025-11-26;19;0
26;2025-11-26;20;0
26;2025-11-26;21;0
26;2025-11-26;22;0
26;2025-11-26;23;0
26;2025-11-27;0;0
26;2025-11-27;1;0
26;2025-11-27;2;0
26;2025-11-27;3;0
26;2025-11-27;4;0
26;2025-11-27;5;0
26;2025-11-27;6;0
26;2025-11-27;7;0
26;2025-11-27;8;0
26;2025-11-27;9;0
26;2025-11-27;10;0
26;2025-11-27;11;0
26;2025-11-27;12;0
26;2025-11-27;13;0
26;2025-11-27;14;0
26;2025-11-27;15;0
26;2025-11-27;16;0
26;2025-11-27;17;0
26;2025-11-27;18;0
26;2025-11-27;19;0
26;2025-11-27;20;0
26;2025-11-27;21;0
26;2025-11-27;22;0
26;2025-11-27;23;0
26;2025-11-28;0;0
26;2025-11-28;1;0
26;2025-11-28;2;0
26;2025-11-28;3;0
26;2025-11-28;4;0
26;2025-11-28;5;0
26;2025-11-28;6;0
26;2025-11-28;7;0
26;2025-11-28;8;0
26;2025-11-28;9;0
26;2025-11-28;10;0
26;2025-11-28;11;0
26;2025-11-28;12;0
26;2025-11-28;13;0
26;2025-11-28;14;0
26;2025-11-28;15;0
26;2025-11-28;16;0
26;2025-11-28;17;0
26;2025-11-28;18;0
26;2025-11-28;19;0
26;2025-11-28;20;0
26;2025-11-28;21;0
26;2025-11-28;22;0
26;2025-11-28;23;0
26;2025-11-29;0;0
26;2025-11-29;1;0
26;2025-11-29;2;0
26;2025-11-29;3;0
26;2025-11-29;4;0
26;2025-11-29;5;0
26;2025-11-29;6;0
26;2025-11-29;7;0
26;2025-11-29;8;0
26;2025-11-29;9;0
26;2025-11-29;10;0
26;2025-11-29;11;0
26;2025-11-29;12;0
26;2025-11-29;13;0
26;2025-11-29;14;0
26;2025-11-29;15;0
26;2025-11-29;16;0
26;2025-11-29;17;0
26;2025-11-29;18;0
26;2025-11-29;19;0
26;2025-11-29;20;0
26;2025-11-29;21;0
26;2025-11-29;22;0
26;2025-11-29;23;0
26;2025-11-30;0;0
26;2025-11-30;1;0
26;2025-11-30;2;0
26;2025-11-30;3;0
26;2025-11-30;4;0
26;2025-11-30;5;0
26;2025-11-30;6;0
26;2025-11-30;7;0
26;2025-11-30;8;0
26;2025-11-30;9;0
26;2025-11-30;10;0
26;2025-11-30;11;0
26;2025-11-30;12;0
26;2025-11-30;13;0
26;2025-11-30;14;0
26;2025-11-30;15;0
26;2025-11-30;16;0
26;2025-11-30;17;0
26;2025-11-30;18;0
26;2025-11-30;19;0
26;2025-11-30;20;0
26;2025-11-30;21;0
26;2025-11-30;22;0
26;2025-11-30;23;0
26;2025-12-01;0;0
26;2025-12-01;1;0
26;2025-12-01;2;0
26;2025-12-01;3;0
26;2025-12-01;4;0
26;2025-12-01;5;0
26;2025-12-01;6;0
26;2025-12-01;7;0
26;2025-12-01;8;0
26;2025-12-01;9;0
26;2025-12-01;10;0
26;2025-12-01;11;0
26;2025-12-01;12;0
26;2025-12-01;13;0
26;2025-12-01;14;0
26;2025-12-01;15;0
26;2025-12-01;16;0
26;2025-12-01;17;0
26;2025-12-01;18;0
26;2025-12-01;19;0
26;2025-12-01;20;0
26;2025-12-01;21;0
26;2025-12-01;22;0
26;2025-12-01;23;0
26;2025-12-02;0;0
26;2025-12-02;1;0
26;2025-12-02;2;0
26;2025-12-02;3;0
26;2025-12-02;4;0
26;2025-12-02;5;0
26;2025-12-02;6;0
26;2025-12-02;7;0
26;2025-12-02;8;0
26;2025-12-02;9;0
26;2025-12-02;10;0
26;2025-12-02;11;0
26;2025-12-02;12;0
26;2025-12-02;13;0
26;2025-12-02;14;0
26;2025-12-02;15;0
26;2025-12-02;16;0
26;2025-12-02;17;0
26;2025-12-02;18;0
26;2025-12-02;19;0
26;2025-12-02;20;0
26;2025-12-02;21;0
26;2025-12-02;22;0
26;2025-12-02;23;0
26;2025-12-03;0;0
26;2025-12-03;1;0
26;2025-12-03;2;0
26;2025-12-03;3;0
26;2025-12-03;4;0
26;2025-12-03;5;0
26;2025-12-03;6;0
26;2025-12-03;7;0
26;2025-12-03;8;0
26;2025-12-03;9;0
26;2025-12-03;10;0
26;2025-12-03;11;0
26;2025-12-03;12;0
26;2025-12-03;13;0
26;2025-12-03;14;0
26;2025-12-03;15;0
26;2025-12-03;16;0
26;2025-12-03;17;0
26;2025-12-03;18;0
26;2025-12-03;19;0
26;2025-12-03;20;0
26;2025-12-03;21;0
26;2025-12-03;22;0
26;2025-12-03;23;0
26;2025-12-04;0;0
26;2025-12-04;1;0
26;2025-12-04;2;0
26;2025-12-04;3;0
26;2025-12-04;4;0
26;2025-12-04;5;0
26;2025-12-04;6;0
26;2025-12-04;7;0
26;2025-12-04;8;0
26;2025-12-04;9;0
26;2025-12-04;10;0
26;2025-12-04;11;0
26;2025-12-04;12;0
26;2025-12-04;13;0
26;2025-12-04;14;0
26;2025-12-04;15;0
26;2025-12-04;16;0
26;2025-12-04;17;0
26;2025-12-04;18;0
26;2025-12-04;19;0
26;2025-12-04;20;0
26;2025-12-04;21;0
26;2025-12-04;22;0
26;2025-12-04;23;0
26;2025-12-05;0;0
26;2025-12-05;1;0
26;2025-12-05;2;0
26;2025-12-05;3;0
26;2025-12-05;4;0
26;2025-12-05;5;0
26;2025-12-05;6;0
26;2025-12-05;7;0
26;2025-12-05;8;0
26;2025-12-05;9;0
26;2025-12-05;10;0
26;2025-12-05;11;0
26;2025-12-05;12;0
26;2025-12-05;13;0
26;2025-12-05;14;0
26;2025-12-05;15;0
26;2025-12-05;16;0
26;2025-12-05;17;0
26;2025-12-05;18;0
26;2025-12-05;19;0
26;2025-12-05;20;0
26;2025-12-05;21;0
26;2025-12-05;22;0
26;2025-12-05;23;0
26;2025-12-06;0;0
26;2025-12-06;1;0
26;2025-12-06;2;0
26;2025-12-06;3;0
26;2025-12-06;4;0
26;2025-12-06;5;0
26;2025-12-06;6;0
26;2025-12-06;7;0
26;2025-12-06;8;0
26;2025-12-06;9;0
26;2025-12-06;10;0
26;2025-12-06;11;0
26;2025-12-06;12;0
26;2025-12-06;13;0
26;2025-12-06;14;0
26;2025-12-06;15;0
26;2025-12-06;16;0
26;2025-12-06;17;0
26;2025-12-06;18;0
26;2025-12-06;19;0
26;2025-12-06;20;0
26;2025-12-06;21;0
26;2025-12-06;22;0
26;2025-12-06;23;0
26;2025-12-07;0;0
26;2025-12-07;1;0
26;2025-12-07;2;0
26;2025-12-07;3;0
26;2025-12-07;4;0
26;2025-12-07;5;0
26;2025-12-07;6;0
26;2025-12-07;7;0
26;2025-12-07;8;0
26;2025-12-07;9;0
26;2025-12-07;10;0
26;2025-12-07;11;0
26;2025-12-07;12;0
26;2025-12-07;13;0
26;2025-12-07;14;0
26;2025-12-07;15;0
26;2025-12-07;16;0
26;2025-12-07;17;0
26;2025-12-07;18;0
26;2025-12-07;19;0
26;2025-12-07;20;0
26;2025-12-07;21;0
26;2025-12-07;22;0
26;2025-12-07;23;0
26;2025-12-08;0;0
26;2025-12-08;1;0
26;2025-12-08;2;0
26;2025-12-08;3;0
26;2025-12-08;4;0
26;2025-12-08;5;0
26;2025-12-08;6;0
26;2025-12-08;7;0
26;2025-12-08;8;0
26;2025-12-08;9;0
26;2025-12-08;10;0
26;2025-12-08;11;0
26;2025-12-08;12;0
26;2025-12-08;13;0
26;2025-12-08;14;0
26;2025-12-08;15;0
26;2025-12-08;16;0
26;2025-12-08;17;0
26;2025-12-08;18;0
26;2025-12-08;19;0
26;2025-12-08;20;0
26;2025-12-08;21;0
26;2025-12-08;22;0
26;2025-12-08;23;0
26;2025-12-09;0;0
26;2025-12-09;1;0
26;2025-12-09;2;0
26;2025-12-09;3;0
26;2025-12-09;4;0
26;2025-12-09;5;0
26;2025-12-09;6;0
26;2025-12-09;7;0
26;2025-12-09;8;0
26;2025-12-09;9;0
26;2025-12-09;10;0
26;2025-12-09;11;0
26;2025-12-09;12;0
26;2025-12-09;13;0
26;2025-12-09;14;0
26;2025-12-09;15;0
26;2025-12-09;16;0
26;2025-12-09;17;0
26;2025-12-09;18;0
26;2025-12-09;19;0
26;2025-12-09;20;0
26;2025-12-09;21;0
26;2025-12-09;22;0
26;2025-12-09;23;0
26;2025-12-10;0;0
26;2025-12-10;1;0
26;2025-12-10;2;0
26;2025-12-10;3;0
26;2025-12-10;4;0
26;2025-12-10;5;0
26;2025-12-10;6;0
26;2025-12-10;7;0
26;2025-12-10;8;0
26;2025-12-10;9;0
26;2025-12-10;10;0
26;2025-12-10;11;0
26;2025-12-10;12;0
26;2025-12-10;13;0
26;2025-12-10;14;0
26;2025-12-10;15;0
26;2025-12-10;16;0
26;2025-12-10;17;0
26;2025-12-10;18;0
26;2025-12-10;19;0
26;2025-12-10;20;0
26;2025-12-10;21;0
26;2025-12-10;22;0
26;2025-12-10;23;0
26;2025-12-11;0;0
26;2025-12-11;1;0
26;2025-12-11;2;0
26;2025-12-11;3;0
26;2025-12-11;4;0
26;2025-12-11;5;0
26;2025-12-11;6;0
26;2025-12-11;7;0
26;2025-12-11;8;0
26;2025-12-11;9;0
26;2025-12-11;10;0
26;2025-12-11;11;0
26;2025-12-11;12;0
26;2025-12-11;13;0
26;2025-12-11;14;0
26;2025-12-11;15;0
26;2025-12-11;16;0
26;2025-12-11;17;0
26;2025-12-11;18;0
26;2025-12-11;19;0
26;2025-12-11;20;0
26;2025-12-11;21;0
26;2025-12-11;22;0
26;2025-12-11;23;0
26;2025-12-12;0;0
26;2025-12-12;1;0
26;2025-12-12;2;0
26;2025-12-12;3;0
26;2025-12-12;4;0
26;2025-12-12;5;0
26;2025-12-12;6;0
26;2025-12-12;7;0
26;2025-12-12;8;0
26;2025-12-12;9;0
26;2025-12-12;10;0
26;2025-12-12;11;0
26;2025-12-12;12;0
26;2025-12-12;13;0
26;2025-12-12;14;0
26;2025-12-12;15;0
26;2025-12-12;16;0
26;2025-12-12;17;0
26;2025-12-12;18;0
26;2025-12-12;19;0
26;2025-12-12;20;0
26;2025-12-12;21;0
26;2025-12-12;22;0
26;2025-12-12;23;0
26;2025-12-13;0;0
26;2025-12-13;1;0
26;2025-12-13;2;0
26;2025-12-13;3;0
26;2025-12-13;4;0
26;2025-12-13;5;0
26;2025-12-13;6;0
26;2025-12-13;7;0
26;2025-12-13;8;0
26;2025-12-13;9;0
26;2025-12-13;10;0
26;2025-12-13;11;0
26;2025-12-13;12;0
26;2025-12-13;13;0
26;2025-12-13;14;0
26;2025-12-13;15;0
26;2025-12-13;16;0
26;2025-12-13;17;0
26;2025-12-13;18;0
26;2025-12-13;19;0
26;2025-12-13;20;0
26;2025-12-13;21;0
26;2025-12-13;22;0
26;2025-12-13;23;0
26;2025-12-14;0;0
26;2025-12-14;1;0
26;2025-12-14;2;0
26;2025-12-14;3;0
26;2025-12-14;4;0
26;2025-12-14;5;0
26;2025-12-14;6;0
26;2025-12-14;7;0
26;2025-12-14;8;0
26;2025-12-14;9;0
26;2025-12-14;10;0
26;2025-12-14;11;0
26;2025-12-14;12;0
26;2025-12-14;13;0
26;2025-12-14;14;0
26;2025-12-14;15;0
26;2025-12-14;16;0
26;2025-12-14;17;0
26;2025-12-14;18;0
26;2025-12-14;19;0
26;2025-12-14;20;0
26;2025-12-14;21;0
26;2025-12-14;22;0
26;2025-12-14;23;0
26;2025-12-15;0;0
26;2025-12-15;1;0
26;2025-12-15;2;0
26;2025-12-15;3;0
26;2025-12-15;4;0
26;2025-12-15;5;0
26;2025-12-15;6;0
26;2025-12-15;7;0
26;2025-12-15;8;0
26;2025-12-15;9;0
26;2025-12-15;10;0
26;2025-12-15;11;0
26;2025-12-15;12;0
26;2025-12-15;13;0
26;2025-12-15;14;0
26;2025-12-15;15;0
26;2025-12-15;16;0
26;2025-12-15;17;0
26;2025-12-15;18;0
26;2025-12-15;19;0
26;2025-12-15;20;0
26;2025-12-15;21;0
26;2025-12-15;22;0
26;2025-12-15;23;0
26;2025-12-16;0;0
26;2025-12-16;1;0
26;2025-12-16;2;0
26;2025-12-16;3;0
26;2025-12-16;4;0
26;2025-12-16;5;0
26;2025-12-16;6;0
26;2025-12-16;7;0
26;2025-12-16;8;0
26;2025-12-16;9;0
26;2025-12-16;10;0
26;2025-12-16;11;0
26;2025-12-16;12;0
26;2025-12-16;13;0
26;2025-12-16;14;0
26;2025-12-16;15;0
26;2025-12-16;16;0
26;2025-12-16;17;0
26;2025-12-16;18;0
26;2025-12-16;19;0
26;2025-12-16;20;0
26;2025-12-16;21;0
26;2025-12-16;22;0
26;2025-12-16;23;0
26;2025-12-17;0;0
26;2025-12-17;1;0
26;2025-12-17;2;0
26;2025-12-17;3;0
26;2025-12-17;4;0
26;2025-12-17;5;0
26;2025-12-17;6;0
26;2025-12-17;7;0
26;2025-12-17;8;0
26;2025-12-17;9;0
26;2025-12-17;10;0
26;2025-12-17;11;0
26;2025-12-17;12;0
26;2025-12-17;13;0
26;2025-12-17;14;0
26;2025-12-17;15;0
26;2025-12-17;16;0
26;2025-12-17;17;0
26;2025-12-17;18;0
26;2025-12-17;19;0
26;2025-12-17;20;0
26;2025-12-17;21;0
26;2025-12-17;22;0
26;2025-12-17;23;0
26;2025-12-18;0;0
26;2025-12-18;1;0
26;2025-12-18;2;0
26;2025-12-18;3;0
26;2025-12-18;4;0
26;2025-12-18;5;0
26;2025-12-18;6;0
26;2025-12-18;7;0
26;2025-12-18;8;0
26;2025-12-18;9;0
26;2025-12-18;10;0
26;2025-12-18;11;0
26;2025-12-18;12;0
26;2025-12-18;13;0
26;2025-12-18;14;0
26;2025-12-18;15;0
26;2025-12-18;16;0
26;2025-12-18;17;0
26;2025-12-18;18;0
26;2025-12-18;19;0
26;2025-12-18;20;0
26;2025-12-18;21;0
26;2025-12-18;22;0
26;2025-12-18;23;0
26;2025-12-19;0;0
26;2025-12-19;1;0
26;2025-12-19;2;0
26;2025-12-19;3;0
26;2025-12-19;4;0
26;2025-12-19;5;0
26;2025-12-19;6;0
26;2025-12-19;7;0
26;2025-12-19;8;0
26;2025-12-19;9;0
26;2025-12-19;10;0
26;2025-12-19;11;0
26;2025-12-19;12;0
26;2025-12-19;13;0
26;2025-12-19;14;0
26;2025-12-19;15;0
26;2025-12-19;16;0
26;2025-12-19;17;0
26;2025-12-19;18;0
26;2025-12-19;19;0
26;2025-12-19;20;0
26;2025-12-19;21;0
26;2025-12-19;22;0
26;2025-12-19;23;0
26;2025-12-20;0;0
26;2025-12-20;1;0
26;2025-12-20;2;0
26;2025-12-20;3;0
26;2025-12-20;4;0
26;2025-12-20;5;0
26;2025-12-20;6;0
26;2025-12-20;7;0
26;2025-12-20;8;0
26;2025-12-20;9;0
26;2025-12-20;10;0
26;2025-12-20;11;0
26;2025-12-20;12;0
26;2025-12-20;13;0
26;2025-12-20;14;0
26;2025-12-20;15;0
26;2025-12-20;16;0
26;2025-12-20;17;0
26;2025-12-20;18;0
26;2025-12-20;19;0
26;2025-12-20;20;0
26;2025-12-20;21;0
26;2025-12-20;22;0
26;2025-12-20;23;0
26;2025-12-21;0;0
26;2025-12-21;1;0
26;2025-12-21;2;0
26;2025-12-21;3;0
26;2025-12-21;4;0
26;2025-12-21;5;0
26;2025-12-21;6;0
26;2025-12-21;7;0
26;2025-12-21;8;0
26;2025-12-21;9;0
26;2025-12-21;10;0
26;2025-12-21;11;0
26;2025-12-21;12;0
26;2025-12-21;13;0
26;2025-12-21;14;0
26;2025-12-21;15;0
26;2025-12-21;16;0
26;2025-12-21;17;0
26;2025-12-21;18;0
26;2025-12-21;19;0
26;2025-12-21;20;0
26;2025-12-21;21;0
26;2025-12-21;22;0
26;2025-12-21;23;0
26;2025-12-22;0;0
26;2025-12-22;1;0
26;2025-12-22;2;0
26;2025-12-22;3;0
26;2025-12-22;4;0
26;2025-12-22;5;0
26;2025-12-22;6;0
26;2025-12-22;7;0
26;2025-12-22;8;0
26;2025-12-22;9;0
26;2025-12-22;10;0
26;2025-12-22;11;0
26;2025-12-22;12;0
26;2025-12-22;13;0
26;2025-12-22;14;0
26;2025-12-22;15;0
26;2025-12-22;16;0
26;2025-12-22;17;0
26;2025-12-22;18;0
26;2025-12-22;19;0
26;2025-12-22;20;0
26;2025-12-22;21;0
26;2025-12-22;22;0
26;2025-12-22;23;0
26;2025-12-23;0;0
26;2025-12-23;1;0
26;2025-12-23;2;0
26;2025-12-23;3;0
26;2025-12-23;4;0
26;2025-12-23;5;0
26;2025-12-23;6;0
26;2025-12-23;7;0
26;2025-12-23;8;0
26;2025-12-23;9;0
26;2025-12-23;10;0
26;2025-12-23;11;0
26;2025-12-23;12;0
26;2025-12-23;13;0
26;2025-12-23;14;0
26;2025-12-23;15;0
26;2025-12-23;16;0
26;2025-12-23;17;0
26;2025-12-23;18;0
26;2025-12-23;19;0
26;2025-12-23;20;0
26;2025-12-23;21;0
26;2025-12-23;22;0
26;2025-12-23;23;0
26;2025-12-24;0;0
26;2025-12-24;1;0
26;2025-12-24;2;0
26;2025-12-24;3;0
26;2025-12-24;4;0
26;2025-12-24;5;0
26;2025-12-24;6;0
26;2025-12-24;7;0
26;2025-12-24;8;0
26;2025-12-24;9;0
26;2025-12-24;10;0
26;2025-12-24;11;0
26;2025-12-24;12;0
26;2025-12-24;13;0
26;2025-12-24;14;0
26;2025-12-24;15;0
26;2025-12-24;16;0
26;2025-12-24;17;0
26;2025-12-24;18;0
26;2025-12-24;19;0
26;2025-12-24;20;0
26;2025-12-24;21;0
26;2025-12-24;22;0
26;2025-12-24;23;0
26;2025-12-25;0;0
26;2025-12-25;1;0
26;2025-12-25;2;0
26;2025-12-25;3;0
26;2025-12-25;4;0
26;2025-12-25;5;0
26;2025-12-25;6;0
26;2025-12-25;7;0
26;2025-12-25;8;0
26;2025-12-25;9;0
26;2025-12-25;10;0
26;2025-12-25;11;0
26;2025-12-25;12;0
26;2025-12-25;13;0
26;2025-12-25;14;0
26;2025-12-25;15;0
26;2025-12-25;16;0
26;2025-12-25;17;0
26;2025-12-25;18;0
26;2025-12-25;19;0
26;2025-12-25;20;0
26;2025-12-25;21;0
26;2025-12-25;22;0
26;2025-12-25;23;0
26;2025-12-26;0;0
26;2025-12-26;1;0
26;2025-12-26;2;0
26;2025-12-26;3;0
26;2025-12-26;4;0
26;2025-12-26;5;0
26;2025-12-26;6;0
26;2025-12-26;7;0
26;2025-12-26;8;0
26;2025-12-26;9;0
26;2025-12-26;10;0
26;2025-12-26;11;0
26;2025-12-26;12;0
26;2025-12-26;13;0
26;2025-12-26;14;0
26;2025-12-26;15;0
26;2025-12-26;16;0
26;2025-12-26;17;0
26;2025-12-26;18;0
26;2025-12-26;19;0
26;2025-12-26;20;0
26;2025-12-26;21;0
26;2025-12-26;22;0
26;2025-12-26;23;0
26;2025-12-27;0;0
26;2025-12-27;1;0
26;2025-12-27;2;0
26;2025-12-27;3;0
26;2025-12-27;4;0
26;2025-12-27;5;0
26;2025-12-27;6;0
26;2025-12-27;7;0
26;2025-12-27;8;0
26;2025-12-27;9;0
26;2025-12-27;10;0
26;2025-12-27;11;0
26;2025-12-27;12;0
26;2025-12-27;13;0
26;2025-12-27;14;0
26;2025-12-27;15;0
26;2025-12-27;16;0
26;2025-12-27;17;0
26;2025-12-27;18;0
26;2025-12-27;19;0
26;2025-12-27;20;0
26;2025-12-27;21;0
26;2025-12-27;22;0
26;2025-12-27;23;0
26;2025-12-28;0;0
26;2025-12-28;1;0
26;2025-12-28;2;0
26;2025-12-28;3;0
26;2025-12-28;4;0
26;2025-12-28;5;0
26;2025-12-28;6;0
26;2025-12-28;7;0
26;2025-12-28;8;0
26;2025-12-28;9;0
26;2025-12-28;10;0
26;2025-12-28;11;0
26;2025-12-28;12;0
26;2025-12-28;13;0
26;2025-12-28;14;0
26;2025-12-28;15;0
26;2025-12-28;16;0
26;2025-12-28;17;0
26;2025-12-28;18;0
26;2025-12-28;19;0
26;2025-12-28;20;0
26;2025-12-28;21;0
26;2025-12-28;22;0
26;2025-12-28;23;0
26;2025-12-29;0;0
26;2025-12-29;1;0
26;2025-12-29;2;0
26;2025-12-29;3;0
26;2025-12-29;4;0
26;2025-12-29;5;0
26;2025-12-29;6;0
26;2025-12-29;7;0
26;2025-12-29;8;0
26;2025-12-29;9;0
26;2025-12-29;10;0
26;2025-12-29;11;0
26;2025-12-29;12;0
26;2025-12-29;13;0
26;2025-12-29;14;0
26;2025-12-29;15;0
26;2025-12-29;16;0
26;2025-12-29;17;0
26;2025-12-29;18;0
26;2025-12-29;19;0
26;2025-12-29;20;0
26;2025-12-29;21;0
26;2025-12-29;22;0
26;2025-12-29;23;0
26;2025-12-30;0;0
26;2025-12-30;1;0
26;2025-12-30;2;0
26;2025-12-30;3;0
26;2025-12-30;4;0
26;2025-12-30;5;0
26;2025-12-30;6;0
26;2025-12-30;7;0
26;2025-12-30;8;0
26;2025-12-30;9;0
26;2025-12-30;10;0
26;2025-12-30;11;0
26;2025-12-30;12;0
26;2025-12-30;13;0
26;2025-12-30;14;0
26;2025-12-30;15;0
26;2025-12-30;16;0
26;2025-12-30;17;0
26;2025-12-30;18;0
26;2025-12-30;19;0
26;2025-12-30;20;0
26;2025-12-30;21;0
26;2025-12-30;22;0
26;2025-12-30;23;0
26;2025-12-31;0;0
26;2025-12-31;1;0
26;2025-12-31;2;0
26;2025-12-31;3;0
26;2025-12-31;4;0
26;2025-12-31;5;0
26;2025-12-31;6;0
26;2025-12-31;7;0
26;2025-12-31;8;0
26;2025-12-31;9;0
26;2025-12-31;10;0
26;2025-12-31;11;0
26;2025-12-31;12;0
26;2025-12-31;13;0
26;2025-12-31;14;0
26;2025-12-31;15;0
26;2025-12-31;16;0
26;2025-12-31;17;0
26;2025-12-31;18;0
26;2025-12-31;19;0
26;2025-12-31;20;0
26;2025-12-31;21;0
26;2025-12-31;22;0
26;2025-12-31;23;0
28;2025-11-01;0;0
28;2025-11-01;1;0
28;2025-11-01;2;0
28;2025-11-01;3;0
28;2025-11-01;4;0
28;2025-11-01;5;0
28;2025-11-01;6;0
28;2025-11-01;7;0
28;2025-11-01;8;0
28;2025-11-01;9;0
28;2025-11-01;10;0
28;2025-11-01;11;0
28;2025-11-01;12;0
28;2025-11-01;13;0
28;2025-11-01;14;0
28;2025-11-01;15;0
28;2025-11-01;16;0
28;2025-11-01;17;0
28;2025-11-01;18;0
28;2025-11-01;19;0
28;2025-11-01;20;0
28;2025-11-01;21;0
28;2025-11-01;22;0
28;2025-11-01;23;0
28;2025-11-02;0;0
28;2025-11-02;1;0
28;2025-11-02;2;0
28;2025-11-02;3;0
28;2025-11-02;4;0
28;2025-11-02;5;0
28;2025-11-02;6;0
28;2025-11-02;7;0
28;2025-11-02;8;0
28;2025-11-02;9;0
28;2025-11-02;10;0
28;2025-11-02;11;0
28;2025-11-02;12;0
28;2025-11-02;13;0
28;2025-11-02;14;0
28;2025-11-02;15;0
28;2025-11-02;16;0
28;2025-11-02;17;0
28;2025-11-02;18;0
28;2025-11-02;19;0
28;2025-11-02;20;0
28;2025-11-02;21;0
28;2025-11-02;22;0
28;2025-11-02;23;0
28;2025-11-03;0;0
28;2025-11-03;1;0
28;2025-11-03;2;0
28;2025-11-03;3;0
28;2025-11-03;4;0
28;2025-11-03;5;0
28;2025-11-03;6;0
28;2025-11-03;7;0
28;2025-11-03;8;0
28;2025-11-03;9;0
28;2025-11-03;10;0
28;2025-11-03;11;0
28;2025-11-03;12;0
28;2025-11-03;13;0
28;2025-11-03;14;0
28;2025-11-03;15;0
28;2025-11-03;16;0
28;2025-11-03;17;0
28;2025-11-03;18;0
28;2025-11-03;19;0
28;2025-11-03;20;0
28;2025-11-03;21;0
28;2025-11-03;22;0
28;2025-11-03;23;0
28;2025-11-04;0;0
28;2025-11-04;1;0
28;2025-11-04;2;0
28;2025-11-04;3;0
28;2025-11-04;4;0
28;2025-11-04;5;0
28;2025-11-04;6;0
28;2025-11-04;7;0
28;2025-11-04;8;0
28;2025-11-04;9;0
28;2025-11-04;10;0
28;2025-11-04;11;0
28;2025-11-04;12;0
28;2025-11-04;13;0
28;2025-11-04;14;0
28;2025-11-04;15;0
28;2025-11-04;16;0
28;2025-11-04;17;0
28;2025-11-04;18;0
28;2025-11-04;19;0
28;2025-11-04;20;0
28;2025-11-04;21;0
28;2025-11-04;22;0
28;2025-11-04;23;0
28;2025-11-05;0;0
28;2025-11-05;1;0
28;2025-11-05;2;0
28;2025-11-05;3;0
28;2025-11-05;4;0
28;2025-11-05;5;0
28;2025-11-05;6;0
28;2025-11-05;7;0
28;2025-11-05;8;0
28;2025-11-05;9;0
28;2025-11-05;10;0
28;2025-11-05;11;0
28;2025-11-05;12;0
28;2025-11-05;13;0
28;2025-11-05;14;0
28;2025-11-05;15;0
28;2025-11-05;16;0
28;2025-11-05;17;0
28;2025-11-05;18;0
28;2025-11-05;19;0
28;2025-11-05;20;0
28;2025-11-05;21;0
28;2025-11-05;22;0
28;2025-11-05;23;0
28;2025-11-06;0;0
28;2025-11-06;1;0
28;2025-11-06;2;0
28;2025-11-06;3;0
28;2025-11-06;4;0
28;2025-11-06;5;0
28;2025-11-06;6;0
28;2025-11-06;7;0
28;2025-11-06;8;0
28;2025-11-06;9;0
28;2025-11-06;10;0
28;2025-11-06;11;0
28;2025-11-06;12;0
28;2025-11-06;13;0
28;2025-11-06;14;0
28;2025-11-06;15;0
28;2025-11-06;16;0
28;2025-11-06;17;0
28;2025-11-06;18;0
28;2025-11-06;19;0
28;2025-11-06;20;0
28;2025-11-06;21;0
28;2025-11-06;22;0
28;2025-11-06;23;0
28;2025-11-07;0;0
28;2025-11-07;1;0
28;2025-11-07;2;0
28;2025-11-07;3;0
28;2025-11-07;4;0
28;2025-11-07;5;0
28;2025-11-07;6;0
28;2025-11-07;7;0
28;2025-11-07;8;0
28;2025-11-07;9;0
28;2025-11-07;10;0
28;2025-11-07;11;0
28;2025-11-07;12;0
28;2025-11-07;13;0
28;2025-11-07;14;0
28;2025-11-07;15;0
28;2025-11-07;16;0
28;2025-11-07;17;0
28;2025-11-07;18;0
28;2025-11-07;19;0
28;2025-11-07;20;0
28;2025-11-07;21;0
28;2025-11-07;22;0
28;2025-11-07;23;0
28;2025-11-08;0;0
28;2025-11-08;1;0
28;2025-11-08;2;0
28;2025-11-08;3;0
28;2025-11-08;4;0
28;2025-11-08;5;0
28;2025-11-08;6;0
28;2025-11-08;7;0
28;2025-11-08;8;0
28;2025-11-08;9;0
28;2025-11-08;10;0
28;2025-11-08;11;0
28;2025-11-08;12;0
28;2025-11-08;13;0
28;2025-11-08;14;0
28;2025-11-08;15;0
28;2025-11-08;16;0
28;2025-11-08;17;0
28;2025-11-08;18;0
28;2025-11-08;19;0
28;2025-11-08;20;0
28;2025-11-08;21;0
28;2025-11-08;22;0
28;2025-11-08;23;0
28;2025-11-09;0;0
28;2025-11-09;1;0
28;2025-11-09;2;0
28;2025-11-09;3;0
28;2025-11-09;4;0
28;2025-11-09;5;0
28;2025-11-09;6;0
28;2025-11-09;7;0
28;2025-11-09;8;0
28;2025-11-09;9;0
28;2025-11-09;10;0
28;2025-11-09;11;0
28;2025-11-09;12;0
28;2025-11-09;13;0
28;2025-11-09;14;0
28;2025-11-09;15;0
28;2025-11-09;16;0
28;2025-11-09;17;0
28;2025-11-09;18;0
28;2025-11-09;19;0
28;2025-11-09;20;0
28;2025-11-09;21;0
28;2025-11-09;22;0
28;2025-11-09;23;0
28;2025-11-10;0;0
28;2025-11-10;1;0
28;2025-11-10;2;0
28;2025-11-10;3;0
28;2025-11-10;4;0
28;2025-11-10;5;0
28;2025-11-10;6;0
28;2025-11-10;7;0
28;2025-11-10;8;0
28;2025-11-10;9;0
28;2025-11-10;10;0
28;2025-11-10;11;0
28;2025-11-10;12;0
28;2025-11-10;13;0
28;2025-11-10;14;0
28;2025-11-10;15;0
28;2025-11-10;16;0
28;2025-11-10;17;0
28;2025-11-10;18;0
28;2025-11-10;19;0
28;2025-11-10;20;0
28;2025-11-10;21;0
28;2025-11-10;22;0
28;2025-11-10;23;0
28;2025-11-11;0;0
28;2025-11-11;1;0
28;2025-11-11;2;0
28;2025-11-11;3;0
28;2025-11-11;4;0
28;2025-11-11;5;0
28;2025-11-11;6;0
28;2025-11-11;7;0
28;2025-11-11;8;0
28;2025-11-11;9;0
28;2025-11-11;10;0
28;2025-11-11;11;0
28;2025-11-11;12;0
28;2025-11-11;13;0
28;2025-11-11;14;0
28;2025-11-11;15;0
28;2025-11-11;16;0
28;2025-11-11;17;0
28;2025-11-11;18;0
28;2025-11-11;19;0
28;2025-11-11;20;0
28;2025-11-11;21;0
28;2025-11-11;22;0
28;2025-11-11;23;0
28;2025-11-12;0;0
28;2025-11-12;1;0
28;2025-11-12;2;0
28;2025-11-12;3;0
28;2025-11-12;4;0
28;2025-11-12;5;0
28;2025-11-12;6;0
28;2025-11-12;7;0
28;2025-11-12;8;0
28;2025-11-12;9;0
28;2025-11-12;10;0
28;2025-11-12;11;0
28;2025-11-12;12;0
28;2025-11-12;13;0
28;2025-11-12;14;0
28;2025-11-12;15;0
28;2025-11-12;16;0
28;2025-11-12;17;0
28;2025-11-12;18;0
28;2025-11-12;19;0
28;2025-11-12;20;0
28;2025-11-12;21;0
28;2025-11-12;22;0
28;2025-11-12;23;0
28;2025-11-13;0;0
28;2025-11-13;1;0
28;2025-11-13;2;0
28;2025-11-13;3;0
28;2025-11-13;4;0
28;2025-11-13;5;0
28;2025-11-13;6;0
28;2025-11-13;7;0
28;2025-11-13;8;0
28;2025-11-13;9;0
28;2025-11-13;10;0
28;2025-11-13;11;0
28;2025-11-13;12;0
28;2025-11-13;13;0
28;2025-11-13;14;0
28;2025-11-13;15;0
28;2025-11-13;16;0
28;2025-11-13;17;0
28;2025-11-13;18;0
28;2025-11-13;19;0
28;2025-11-13;20;0
28;2025-11-13;21;0
28;2025-11-13;22;0
28;2025-11-13;23;0
28;2025-11-14;0;0
28;2025-11-14;1;0
28;2025-11-14;2;0
28;2025-11-14;3;0
28;2025-11-14;4;0
28;2025-11-14;5;0
28;2025-11-14;6;0
28;2025-11-14;7;0
28;2025-11-14;8;0
28;2025-11-14;9;0
28;2025-11-14;10;0
28;2025-11-14;11;0
28;2025-11-14;12;0
28;2025-11-14;13;0
28;2025-11-14;14;0
28;2025-11-14;15;0
28;2025-11-14;16;0
28;2025-11-14;17;0
28;2025-11-14;18;0
28;2025-11-14;19;0
28;2025-11-14;20;0
28;2025-11-14;21;0
28;2025-11-14;22;0
28;2025-11-14;23;0
28;2025-11-15;0;0
28;2025-11-15;1;0
28;2025-11-15;2;0
28;2025-11-15;3;0
28;2025-11-15;4;0
28;2025-11-15;5;0
28;2025-11-15;6;0
28;2025-11-15;7;0
28;2025-11-15;8;0
28;2025-11-15;9;0
28;2025-11-15;10;0
28;2025-11-15;11;0
28;2025-11-15;12;0
28;2025-11-15;13;0
28;2025-11-15;14;0
28;2025-11-15;15;0
28;2025-11-15;16;0
28;2025-11-15;17;0
28;2025-11-15;18;0
28;2025-11-15;19;0
28;2025-11-15;20;0
28;2025-11-15;21;0
28;2025-11-15;22;0
28;2025-11-15;23;0
28;2025-11-16;0;0
28;2025-11-16;1;0
28;2025-11-16;2;0
28;2025-11-16;3;0
28;2025-11-16;4;0
28;2025-11-16;5;0
28;2025-11-16;6;0
28;2025-11-16;7;0
28;2025-11-16;8;0
28;2025-11-16;9;0
28;2025-11-16;10;0
28;2025-11-16;11;0
28;2025-11-16;12;0
28;2025-11-16;13;0
28;2025-11-16;14;0
28;2025-11-16;15;0
28;2025-11-16;16;0
28;2025-11-16;17;0
28;2025-11-16;18;0
28;2025-11-16;19;0
28;2025-11-16;20;0
28;2025-11-16;21;0
28;2025-11-16;22;0
28;2025-11-16;23;0
28;2025-11-17;0;0
28;2025-11-17;1;0
28;2025-11-17;2;0
28;2025-11-17;3;0
28;2025-11-17;4;0
28;2025-11-17;5;0
28;2025-11-17;6;0
28;2025-11-17;7;0
28;2025-11-17;8;0
28;2025-11-17;9;0
28;2025-11-17;10;0
28;2025-11-17;11;0
28;2025-11-17;12;0
28;2025-11-17;13;0
28;2025-11-17;14;0
28;2025-11-17;15;0
28;2025-11-17;16;0
28;2025-11-17;17;0
28;2025-11-17;18;0
28;2025-11-17;19;0
28;2025-11-17;20;0
28;2025-11-17;21;0
28;2025-11-17;22;0
28;2025-11-17;23;0
28;2025-11-18;0;0
28;2025-11-18;1;0
28;2025-11-18;2;0
28;2025-11-18;3;0
28;2025-11-18;4;0
28;2025-11-18;5;0
28;2025-11-18;6;0
28;2025-11-18;7;0
28;2025-11-18;8;0
28;2025-11-18;9;0
28;2025-11-18;10;0
28;2025-11-18;11;0
28;2025-11-18;12;0
28;2025-11-18;13;0
28;2025-11-18;14;0
28;2025-11-18;15;0
28;2025-11-18;16;0
28;2025-11-18;17;0
28;2025-11-18;18;0
28;2025-11-18;19;0
28;2025-11-18;20;0
28;2025-11-18;21;0
28;2025-11-18;22;0
28;2025-11-18;23;0
28;2025-11-19;0;0
28;2025-11-19;1;0
28;2025-11-19;2;0
28;2025-11-19;3;0
28;2025-11-19;4;0
28;2025-11-19;5;0
28;2025-11-19;6;0
28;2025-11-19;7;0
28;2025-11-19;8;0
28;2025-11-19;9;0
28;2025-11-19;10;0
28;2025-11-19;11;0
28;2025-11-19;12;0
28;2025-11-19;13;0
28;2025-11-19;14;0
28;2025-11-19;15;0
28;2025-11-19;16;0
28;2025-11-19;17;0
28;2025-11-19;18;0
28;2025-11-19;19;0
28;2025-11-19;20;0
28;2025-11-19;21;0
28;2025-11-19;22;0
28;2025-11-19;23;0
28;2025-11-20;0;0
28;2025-11-20;1;0
28;2025-11-20;2;0
28;2025-11-20;3;0
28;2025-11-20;4;0
28;2025-11-20;5;0
28;2025-11-20;6;0
28;2025-11-20;7;0
28;2025-11-20;8;0
28;2025-11-20;9;0
28;2025-11-20;10;0
28;2025-11-20;11;0
28;2025-11-20;12;0
28;2025-11-20;13;0
28;2025-11-20;14;0
28;2025-11-20;15;0
28;2025-11-20;16;0
28;2025-11-20;17;0
28;2025-11-20;18;0
28;2025-11-20;19;0
28;2025-11-20;20;0
28;2025-11-20;21;0
28;2025-11-20;22;0
28;2025-11-20;23;0
28;2025-11-21;0;0
28;2025-11-21;1;0
28;2025-11-21;2;0
28;2025-11-21;3;0
28;2025-11-21;4;0
28;2025-11-21;5;0
28;2025-11-21;6;0
28;2025-11-21;7;0
28;2025-11-21;8;0
28;2025-11-21;9;0
28;2025-11-21;10;0
28;2025-11-21;11;0
28;2025-11-21;12;0
28;2025-11-21;13;0
28;2025-11-21;14;0
28;2025-11-21;15;0
28;2025-11-21;16;0
28;2025-11-21;17;0
28;2025-11-21;18;0
28;2025-11-21;19;0
28;2025-11-21;20;0
28;2025-11-21;21;0
28;2025-11-21;22;0
28;2025-11-21;23;0
28;2025-11-22;0;0
28;2025-11-22;1;0
28;2025-11-22;2;0
28;2025-11-22;3;0
28;2025-11-22;4;0
28;2025-11-22;5;0
28;2025-11-22;6;0
28;2025-11-22;7;0
28;2025-11-22;8;0
28;2025-11-22;9;0
28;2025-11-22;10;0
28;2025-11-22;11;0
28;2025-11-22;12;0
28;2025-11-22;13;0
28;2025-11-22;14;0
28;2025-11-22;15;0
28;2025-11-22;16;0
28;2025-11-22;17;0
28;2025-11-22;18;0
28;2025-11-22;19;0
28;2025-11-22;20;0
28;2025-11-22;21;0
28;2025-11-22;22;0
28;2025-11-22;23;0
28;2025-11-23;0;0
28;2025-11-23;1;0
28;2025-11-23;2;0
28;2025-11-23;3;0
28;2025-11-23;4;0
28;2025-11-23;5;0
28;2025-11-23;6;0
28;2025-11-23;7;0
28;2025-11-23;8;0
28;2025-11-23;9;0
28;2025-11-23;10;0
28;2025-11-23;11;0
28;2025-11-23;12;0
28;2025-11-23;13;0
28;2025-11-23;14;0
28;2025-11-23;15;0
28;2025-11-23;16;0
28;2025-11-23;17;0
28;2025-11-23;18;0
28;2025-11-23;19;0
28;2025-11-23;20;0
28;2025-11-23;21;0
28;2025-11-23;22;0
28;2025-11-23;23;0
28;2025-11-24;0;0
28;2025-11-24;1;0
28;2025-11-24;2;0
28;2025-11-24;3;0
28;2025-11-24;4;0
28;2025-11-24;5;0
28;2025-11-24;6;0
28;2025-11-24;7;0
28;2025-11-24;8;0
28;2025-11-24;9;0
28;2025-11-24;10;0
28;2025-11-24;11;0
28;2025-11-24;12;0
28;2025-11-24;13;0
28;2025-11-24;14;0
28;2025-11-24;15;0
28;2025-11-24;16;0
28;2025-11-24;17;0
28;2025-11-24;18;0
28;2025-11-24;19;0
28;2025-11-24;20;0
28;2025-11-24;21;0
28;2025-11-24;22;0
28;2025-11-24;23;0
28;2025-11-25;0;0
28;2025-11-25;1;0
28;2025-11-25;2;0
28;2025-11-25;3;0
28;2025-11-25;4;0
28;2025-11-25;5;0
28;2025-11-25;6;0
28;2025-11-25;7;0
28;2025-11-25;8;0
28;2025-11-25;9;0
28;2025-11-25;10;0
28;2025-11-25;11;0
28;2025-11-25;12;0
28;2025-11-25;13;0
28;2025-11-25;14;0
28;2025-11-25;15;0
28;2025-11-25;16;0
28;2025-11-25;17;0
28;2025-11-25;18;0
28;2025-11-25;19;0
28;2025-11-25;20;0
28;2025-11-25;21;0
28;2025-11-25;22;0
28;2025-11-25;23;0
28;2025-11-26;0;0
28;2025-11-26;1;0
28;2025-11-26;2;0
28;2025-11-26;3;0
28;2025-11-26;4;0
28;2025-11-26;5;0
28;2025-11-26;6;0
28;2025-11-26;7;0
28;2025-11-26;8;0
28;2025-11-26;9;0
28;2025-11-26;10;0
28;2025-11-26;11;0
28;2025-11-26;12;0
28;2025-11-26;13;0
28;2025-11-26;14;0
28;2025-11-26;15;0
28;2025-11-26;16;0
28;2025-11-26;17;0
28;2025-11-26;18;0
28;2025-11-26;19;0
28;2025-11-26;20;0
28;2025-11-26;21;0
28;2025-11-26;22;0
28;2025-11-26;23;0
28;2025-11-27;0;0
28;2025-11-27;1;0
28;2025-11-27;2;0
28;2025-11-27;3;0
28;2025-11-27;4;0
28;2025-11-27;5;0
28;2025-11-27;6;0
28;2025-11-27;7;0
28;2025-11-27;8;0
28;2025-11-27;9;0
28;2025-11-27;10;0
28;2025-11-27;11;0
28;2025-11-27;12;0
28;2025-11-27;13;0
28;2025-11-27;14;0
28;2025-11-27;15;0
28;2025-11-27;16;0
28;2025-11-27;17;0
28;2025-11-27;18;0
28;2025-11-27;19;0
28;2025-11-27;20;0
28;2025-11-27;21;0
28;2025-11-27;22;0
28;2025-11-27;23;0
28;2025-11-28;0;0
28;2025-11-28;1;0
28;2025-11-28;2;0
28;2025-11-28;3;0
28;2025-11-28;4;0
28;2025-11-28;5;0
28;2025-11-28;6;0
28;2025-11-28;7;0
28;2025-11-28;8;0
28;2025-11-28;9;0
28;2025-11-28;10;0
28;2025-11-28;11;0
28;2025-11-28;12;0
28;2025-11-28;13;0
28;2025-11-28;14;0
28;2025-11-28;15;0
28;2025-11-28;16;0
28;2025-11-28;17;0
28;2025-11-28;18;0
28;2025-11-28;19;0
28;2025-11-28;20;0
28;2025-11-28;21;0
28;2025-11-28;22;0
28;2025-11-28;23;0
28;2025-11-29;0;0
28;2025-11-29;1;0
28;2025-11-29;2;0
28;2025-11-29;3;0
28;2025-11-29;4;0
28;2025-11-29;5;0
28;2025-11-29;6;0
28;2025-11-29;7;0
28;2025-11-29;8;0
28;2025-11-29;9;0
28;2025-11-29;10;0
28;2025-11-29;11;0
28;2025-11-29;12;0
28;2025-11-29;13;0
28;2025-11-29;14;0
28;2025-11-29;15;0
28;2025-11-29;16;0
28;2025-11-29;17;0
28;2025-11-29;18;0
28;2025-11-29;19;0
28;2025-11-29;20;0
28;2025-11-29;21;0
28;2025-11-29;22;0
28;2025-11-29;23;0
28;2025-11-30;0;0
28;2025-11-30;1;0
28;2025-11-30;2;0
28;2025-11-30;3;0
28;2025-11-30;4;0
28;2025-11-30;5;0
28;2025-11-30;6;0
28;2025-11-30;7;0
28;2025-11-30;8;0
28;2025-11-30;9;0
28;2025-11-30;10;0
28;2025-11-30;11;0
28;2025-11-30;12;0
28;2025-11-30;13;0
28;2025-11-30;14;0
28;2025-11-30;15;0
28;2025-11-30;16;0
28;2025-11-30;17;0
28;2025-11-30;18;0
28;2025-11-30;19;0
28;2025-11-30;20;0
28;2025-11-30;21;0
28;2025-11-30;22;0
28;2025-11-30;23;0
28;2025-12-01;0;0
28;2025-12-01;1;0
28;2025-12-01;2;0
28;2025-12-01;3;0
28;2025-12-01;4;0
28;2025-12-01;5;0
28;2025-12-01;6;0
28;2025-12-01;7;0
28;2025-12-01;8;0
28;2025-12-01;9;0
28;2025-12-01;10;0
28;2025-12-01;11;0
28;2025-12-01;12;0
28;2025-12-01;13;0
28;2025-12-01;14;0
28;2025-12-01;15;0
28;2025-12-01;16;0
28;2025-12-01;17;0
28;2025-12-01;18;0
28;2025-12-01;19;0
28;2025-12-01;20;0
28;2025-12-01;21;0
28;2025-12-01;22;0
28;2025-12-01;23;0
28;2025-12-02;0;0
28;2025-12-02;1;0
28;2025-12-02;2;0
28;2025-12-02;3;0
28;2025-12-02;4;0
28;2025-12-02;5;0
28;2025-12-02;6;0
28;2025-12-02;7;0
28;2025-12-02;8;0
28;2025-12-02;9;0
28;2025-12-02;10;0
28;2025-12-02;11;0
28;2025-12-02;12;0
28;2025-12-02;13;0
28;2025-12-02;14;0
28;2025-12-02;15;0
28;2025-12-02;16;0
28;2025-12-02;17;0
28;2025-12-02;18;0
28;2025-12-02;19;0
28;2025-12-02;20;0
28;2025-12-02;21;0
28;2025-12-02;22;0
28;2025-12-02;23;0
28;2025-12-03;0;0
28;2025-12-03;1;0
28;2025-12-03;2;0
28;2025-12-03;3;0
28;2025-12-03;4;0
28;2025-12-03;5;0
28;2025-12-03;6;0
28;2025-12-03;7;0
28;2025-12-03;8;0
28;2025-12-03;9;0
28;2025-12-03;10;0
28;2025-12-03;11;0
28;2025-12-03;12;0
28;2025-12-03;13;0
28;2025-12-03;14;0
28;2025-12-03;15;0
28;2025-12-03;16;0
28;2025-12-03;17;0
28;2025-12-03;18;0
28;2025-12-03;19;0
28;2025-12-03;20;0
28;2025-12-03;21;0
28;2025-12-03;22;0
28;2025-12-03;23;0
28;2025-12-04;0;0
28;2025-12-04;1;0
28;2025-12-04;2;0
28;2025-12-04;3;0
28;2025-12-04;4;0
28;2025-12-04;5;0
28;2025-12-04;6;0
28;2025-12-04;7;0
28;2025-12-04;8;0
28;2025-12-04;9;0
28;2025-12-04;10;0
28;2025-12-04;11;0
28;2025-12-04;12;0
28;2025-12-04;13;0
28;2025-12-04;14;0
28;2025-12-04;15;0
28;2025-12-04;16;0
28;2025-12-04;17;0
28;2025-12-04;18;0
28;2025-12-04;19;0
28;2025-12-04;20;0
28;2025-12-04;21;0
28;2025-12-04;22;0
28;2025-12-04;23;0
28;2025-12-05;0;0
28;2025-12-05;1;0
28;2025-12-05;2;0
28;2025-12-05;3;0
28;2025-12-05;4;0
28;2025-12-05;5;0
28;2025-12-05;6;0
28;2025-12-05;7;0
28;2025-12-05;8;0
28;2025-12-05;9;0
28;2025-12-05;10;0
28;2025-12-05;11;0
28;2025-12-05;12;0
28;2025-12-05;13;0
28;2025-12-05;14;0
28;2025-12-05;15;0
28;2025-12-05;16;0
28;2025-12-05;17;0
28;2025-12-05;18;0
28;2025-12-05;19;0
28;2025-12-05;20;0
28;2025-12-05;21;0
28;2025-12-05;22;0
28;2025-12-05;23;0
28;2025-12-06;0;0
28;2025-12-06;1;0
28;2025-12-06;2;0
28;2025-12-06;3;0
28;2025-12-06;4;0
28;2025-12-06;5;0
28;2025-12-06;6;0
28;2025-12-06;7;0
28;2025-12-06;8;0
28;2025-12-06;9;0
28;2025-12-06;10;0
28;2025-12-06;11;0
28;2025-12-06;12;0
28;2025-12-06;13;0
28;2025-12-06;14;0
28;2025-12-06;15;0
28;2025-12-06;16;0
28;2025-12-06;17;0
28;2025-12-06;18;0
28;2025-12-06;19;0
28;2025-12-06;20;0
28;2025-12-06;21;0
28;2025-12-06;22;0
28;2025-12-06;23;0
28;2025-12-07;0;0
28;2025-12-07;1;0
28;2025-12-07;2;0
28;2025-12-07;3;0
28;2025-12-07;4;0
28;2025-12-07;5;0
28;2025-12-07;6;0
28;2025-12-07;7;0
28;2025-12-07;8;0
28;2025-12-07;9;0
28;2025-12-07;10;0
28;2025-12-07;11;0
28;2025-12-07;12;0
28;2025-12-07;13;0
28;2025-12-07;14;0
28;2025-12-07;15;0
28;2025-12-07;16;0
28;2025-12-07;17;0
28;2025-12-07;18;0
28;2025-12-07;19;0
28;2025-12-07;20;0
28;2025-12-07;21;0
28;2025-12-07;22;0
28;2025-12-07;23;0
28;2025-12-08;0;0
28;2025-12-08;1;0
28;2025-12-08;2;0
28;2025-12-08;3;0
28;2025-12-08;4;0
28;2025-12-08;5;0
28;2025-12-08;6;0
28;2025-12-08;7;0
28;2025-12-08;8;0
28;2025-12-08;9;0
28;2025-12-08;10;0
28;2025-12-08;11;0
28;2025-12-08;12;0
28;2025-12-08;13;0
28;2025-12-08;14;0
28;2025-12-08;15;0
28;2025-12-08;16;0
28;2025-12-08;17;0
28;2025-12-08;18;0
28;2025-12-08;19;0
28;2025-12-08;20;0
28;2025-12-08;21;0
28;2025-12-08;22;0
28;2025-12-08;23;0
28;2025-12-09;0;0
28;2025-12-09;1;0
28;2025-12-09;2;0
28;2025-12-09;3;0
28;2025-12-09;4;0
28;2025-12-09;5;0
28;2025-12-09;6;0
28;2025-12-09;7;0
28;2025-12-09;8;0
28;2025-12-09;9;0
28;2025-12-09;10;0
28;2025-12-09;11;0
28;2025-12-09;12;0
28;2025-12-09;13;0
28;2025-12-09;14;0
28;2025-12-09;15;0
28;2025-12-09;16;0
28;2025-12-09;17;0
28;2025-12-09;18;0
28;2025-12-09;19;0
28;2025-12-09;20;0
28;2025-12-09;21;0
28;2025-12-09;22;0
28;2025-12-09;23;0
28;2025-12-10;0;0
28;2025-12-10;1;0
28;2025-12-10;2;0
28;2025-12-10;3;0
28;2025-12-10;4;0
28;2025-12-10;5;0
28;2025-12-10;6;0
28;2025-12-10;7;0
28;2025-12-10;8;0
28;2025-12-10;9;0
28;2025-12-10;10;0
28;2025-12-10;11;0
28;2025-12-10;12;0
28;2025-12-10;13;0
28;2025-12-10;14;0
28;2025-12-10;15;0
28;2025-12-10;16;0
28;2025-12-10;17;0
28;2025-12-10;18;0
28;2025-12-10;19;0
28;2025-12-10;20;0
28;2025-12-10;21;0
28;2025-12-10;22;0
28;2025-12-10;23;0
28;2025-12-11;0;0
28;2025-12-11;1;0
28;2025-12-11;2;0
28;2025-12-11;3;0
28;2025-12-11;4;0
28;2025-12-11;5;0
28;2025-12-11;6;0
28;2025-12-11;7;0
28;2025-12-11;8;0
28;2025-12-11;9;0
28;2025-12-11;10;0
28;2025-12-11;11;0
28;2025-12-11;12;0
28;2025-12-11;13;0
28;2025-12-11;14;0
28;2025-12-11;15;0
28;2025-12-11;16;0
28;2025-12-11;17;0
28;2025-12-11;18;0
28;2025-12-11;19;0
28;2025-12-11;20;0
28;2025-12-11;21;0
28;2025-12-11;22;0
28;2025-12-11;23;0
28;2025-12-12;0;0
28;2025-12-12;1;0
28;2025-12-12;2;0
28;2025-12-12;3;0
28;2025-12-12;4;0
28;2025-12-12;5;0
28;2025-12-12;6;0
28;2025-12-12;7;0
28;2025-12-12;8;0
28;2025-12-12;9;0
28;2025-12-12;10;0
28;2025-12-12;11;0
28;2025-12-12;12;0
28;2025-12-12;13;0
28;2025-12-12;14;0
28;2025-12-12;15;0
28;2025-12-12;16;0
28;2025-12-12;17;0
28;2025-12-12;18;0
28;2025-12-12;19;0
28;2025-12-12;20;0
28;2025-12-12;21;0
28;2025-12-12;22;0
28;2025-12-12;23;0
28;2025-12-13;0;0
28;2025-12-13;1;0
28;2025-12-13;2;0
28;2025-12-13;3;0
28;2025-12-13;4;0
28;2025-12-13;5;0
28;2025-12-13;6;0
28;2025-12-13;7;0
28;2025-12-13;8;0
28;2025-12-13;9;0
28;2025-12-13;10;0
28;2025-12-13;11;0
28;2025-12-13;12;0
28;2025-12-13;13;0
28;2025-12-13;14;0
28;2025-12-13;15;0
28;2025-12-13;16;0
28;2025-12-13;17;0
28;2025-12-13;18;0
28;2025-12-13;19;0
28;2025-12-13;20;0
28;2025-12-13;21;0
28;2025-12-13;22;0
28;2025-12-13;23;0
28;2025-12-14;0;0
28;2025-12-14;1;0
28;2025-12-14;2;0
28;2025-12-14;3;0
28;2025-12-14;4;0
28;2025-12-14;5;0
28;2025-12-14;6;0
28;2025-12-14;7;0
28;2025-12-14;8;0
28;2025-12-14;9;0
28;2025-12-14;10;0
28;2025-12-14;11;0
28;2025-12-14;12;0
28;2025-12-14;13;0
28;2025-12-14;14;0
28;2025-12-14;15;0
28;2025-12-14;16;0
28;2025-12-14;17;0
28;2025-12-14;18;0
28;2025-12-14;19;0
28;2025-12-14;20;0
28;2025-12-14;21;0
28;2025-12-14;22;0
28;2025-12-14;23;0
28;2025-12-15;0;0
28;2025-12-15;1;0
28;2025-12-15;2;0
28;2025-12-15;3;0
28;2025-12-15;4;0
28;2025-12-15;5;0
28;2025-12-15;6;0
28;2025-12-15;7;0
28;2025-12-15;8;0
28;2025-12-15;9;0
28;2025-12-15;10;0
28;2025-12-15;11;0
28;2025-12-15;12;0
28;2025-12-15;13;0
28;2025-12-15;14;0
28;2025-12-15;15;0
28;2025-12-15;16;0
28;2025-12-15;17;0
28;2025-12-15;18;0
28;2025-12-15;19;0
28;2025-12-15;20;0
28;2025-12-15;21;0
28;2025-12-15;22;0
28;2025-12-15;23;0
28;2025-12-16;0;0
28;2025-12-16;1;0
28;2025-12-16;2;0
28;2025-12-16;3;0
28;2025-12-16;4;0
28;2025-12-16;5;0
28;2025-12-16;6;0
28;2025-12-16;7;0
28;2025-12-16;8;0
28;2025-12-16;9;0
28;2025-12-16;10;0
28;2025-12-16;11;0
28;2025-12-16;12;0
28;2025-12-16;13;0
28;2025-12-16;14;0
28;2025-12-16;15;0
28;2025-12-16;16;0
28;2025-12-16;17;0
28;2025-12-16;18;0
28;2025-12-16;19;0
28;2025-12-16;20;0
28;2025-12-16;21;0
28;2025-12-16;22;0
28;2025-12-16;23;0
28;2025-12-17;0;0
28;2025-12-17;1;0
28;2025-12-17;2;0
28;2025-12-17;3;0
28;2025-12-17;4;0
28;2025-12-17;5;0
28;2025-12-17;6;0
28;2025-12-17;7;0
28;2025-12-17;8;0
28;2025-12-17;9;0
28;2025-12-17;10;0
28;2025-12-17;11;0
28;2025-12-17;12;0
28;2025-12-17;13;0
28;2025-12-17;14;0
28;2025-12-17;15;0
28;2025-12-17;16;0
28;2025-12-17;17;0
28;2025-12-17;18;0
28;2025-12-17;19;0
28;2025-12-17;20;0
28;2025-12-17;21;0
28;2025-12-17;22;0
28;2025-12-17;23;0
28;2025-12-18;0;0
28;2025-12-18;1;0
28;2025-12-18;2;0
28;2025-12-18;3;0
28;2025-12-18;4;0
28;2025-12-18;5;0
28;2025-12-18;6;0
28;2025-12-18;7;0
28;2025-12-18;8;0
28;2025-12-18;9;0
28;2025-12-18;10;0
28;2025-12-18;11;0
28;2025-12-18;12;0
28;2025-12-18;13;0
28;2025-12-18;14;0
28;2025-12-18;15;0
28;2025-12-18;16;0
28;2025-12-18;17;0
28;2025-12-18;18;0
28;2025-12-18;19;0
28;2025-12-18;20;0
28;2025-12-18;21;0
28;2025-12-18;22;0
28;2025-12-18;23;0
28;2025-12-19;0;0
28;2025-12-19;1;0
28;2025-12-19;2;0
28;2025-12-19;3;0
28;2025-12-19;4;0
28;2025-12-19;5;0
28;2025-12-19;6;0
28;2025-12-19;7;0
28;2025-12-19;8;0
28;2025-12-19;9;0
28;2025-12-19;10;0
28;2025-12-19;11;0
28;2025-12-19;12;0
28;2025-12-19;13;0
28;2025-12-19;14;0
28;2025-12-19;15;0
28;2025-12-19;16;0
28;2025-12-19;17;0
28;2025-12-19;18;0
28;2025-12-19;19;0
28;2025-12-19;20;0
28;2025-12-19;21;0
28;2025-12-19;22;0
28;2025-12-19;23;0
28;2025-12-20;0;0
28;2025-12-20;1;0
28;2025-12-20;2;0
28;2025-12-20;3;0
28;2025-12-20;4;0
28;2025-12-20;5;0
28;2025-12-20;6;0
28;2025-12-20;7;0
28;2025-12-20;8;0
28;2025-12-20;9;0
28;2025-12-20;10;0
28;2025-12-20;11;0
28;2025-12-20;12;0
28;2025-12-20;13;0
28;2025-12-20;14;0
28;2025-12-20;15;0
28;2025-12-20;16;0
28;2025-12-20;17;0
28;2025-12-20;18;0
28;2025-12-20;19;0
28;2025-12-20;20;0
28;2025-12-20;21;0
28;2025-12-20;22;0
28;2025-12-20;23;0
28;2025-12-21;0;0
28;2025-12-21;1;0
28;2025-12-21;2;0
28;2025-12-21;3;0
28;2025-12-21;4;0
28;2025-12-21;5;0
28;2025-12-21;6;0
28;2025-12-21;7;0
28;2025-12-21;8;0
28;2025-12-21;9;0
28;2025-12-21;10;0
28;2025-12-21;11;0
28;2025-12-21;12;0
28;2025-12-21;13;0
28;2025-12-21;14;0
28;2025-12-21;15;0
28;2025-12-21;16;0
28;2025-12-21;17;0
28;2025-12-21;18;0
28;2025-12-21;19;0
28;2025-12-21;20;0
28;2025-12-21;21;0
28;2025-12-21;22;0
28;2025-12-21;23;0
28;2025-12-22;0;0
28;2025-12-22;1;0
28;2025-12-22;2;0
28;2025-12-22;3;0
28;2025-12-22;4;0
28;2025-12-22;5;0
28;2025-12-22;6;0
28;2025-12-22;7;0
28;2025-12-22;8;0
28;2025-12-22;9;0
28;2025-12-22;10;0
28;2025-12-22;11;0
28;2025-12-22;12;0
28;2025-12-22;13;0
28;2025-12-22;14;0
28;2025-12-22;15;0
28;2025-12-22;16;0
28;2025-12-22;17;0
28;2025-12-22;18;0
28;2025-12-22;19;0
28;2025-12-22;20;0
28;2025-12-22;21;0
28;2025-12-22;22;0
28;2025-12-22;23;0
28;2025-12-23;0;0
28;2025-12-23;1;0
28;2025-12-23;2;0
28;2025-12-23;3;0
28;2025-12-23;4;0
28;2025-12-23;5;0
28;2025-12-23;6;0
28;2025-12-23;7;0
28;2025-12-23;8;0
28;2025-12-23;9;0
28;2025-12-23;10;0
28;2025-12-23;11;0
28;2025-12-23;12;0
28;2025-12-23;13;0
28;2025-12-23;14;0
28;2025-12-23;15;0
28;2025-12-23;16;0
28;2025-12-23;17;0
28;2025-12-23;18;0
28;2025-12-23;19;0
28;2025-12-23;20;0
28;2025-12-23;21;0
28;2025-12-23;22;0
28;2025-12-23;23;0
28;2025-12-24;0;0
28;2025-12-24;1;0
28;2025-12-24;2;0
28;2025-12-24;3;0
28;2025-12-24;4;0
28;2025-12-24;5;0
28;2025-12-24;6;0
28;2025-12-24;7;0
28;2025-12-24;8;0
28;2025-12-24;9;0
28;2025-12-24;10;0
28;2025-12-24;11;0
28;2025-12-24;12;0
28;2025-12-24;13;0
28;2025-12-24;14;0
28;2025-12-24;15;0
28;2025-12-24;16;0
28;2025-12-24;17;0
28;2025-12-24;18;0
28;2025-12-24;19;0
28;2025-12-24;20;0
28;2025-12-24;21;0
28;2025-12-24;22;0
28;2025-12-24;23;0
28;2025-12-25;0;0
28;2025-12-25;1;0
28;2025-12-25;2;0
28;2025-12-25;3;0
28;2025-12-25;4;0
28;2025-12-25;5;0
28;2025-12-25;6;0
28;2025-12-25;7;0
28;2025-12-25;8;0
28;2025-12-25;9;0
28;2025-12-25;10;0
28;2025-12-25;11;0
28;2025-12-25;12;0
28;2025-12-25;13;0
28;2025-12-25;14;0
28;2025-12-25;15;0
28;2025-12-25;16;0
28;2025-12-25;17;0
28;2025-12-25;18;0
28;2025-12-25;19;0
28;2025-12-25;20;0
28;2025-12-25;21;0
28;2025-12-25;22;0
28;2025-12-25;23;0
28;2025-12-26;0;0
28;2025-12-26;1;0
28;2025-12-26;2;0
28;2025-12-26;3;0
28;2025-12-26;4;0
28;2025-12-26;5;0
28;2025-12-26;6;0
28;2025-12-26;7;0
28;2025-12-26;8;0
28;2025-12-26;9;0
28;2025-12-26;10;0
28;2025-12-26;11;0
28;2025-12-26;12;0
28;2025-12-26;13;0
28;2025-12-26;14;0
28;2025-12-26;15;0
28;2025-12-26;16;0
28;2025-12-26;17;0
28;2025-12-26;18;0
28;2025-12-26;19;0
28;2025-12-26;20;0
28;2025-12-26;21;0
28;2025-12-26;22;0
28;2025-12-26;23;0
28;2025-12-27;0;0
28;2025-12-27;1;0
28;2025-12-27;2;0
28;2025-12-27;3;0
28;2025-12-27;4;0
28;2025-12-27;5;0
28;2025-12-27;6;0
28;2025-12-27;7;0
28;2025-12-27;8;0
28;2025-12-27;9;0
28;2025-12-27;10;0
28;2025-12-27;11;0
28;2025-12-27;12;0
28;2025-12-27;13;0
28;2025-12-27;14;0
28;2025-12-27;15;0
28;2025-12-27;16;0
28;2025-12-27;17;0
28;2025-12-27;18;0
28;2025-12-27;19;0
28;2025-12-27;20;0
28;2025-12-27;21;0
28;2025-12-27;22;0
28;2025-12-27;23;0
28;2025-12-28;0;0
28;2025-12-28;1;0
28;2025-12-28;2;0
28;2025-12-28;3;0
28;2025-12-28;4;0
28;2025-12-28;5;0
28;2025-12-28;6;0
28;2025-12-28;7;0
28;2025-12-28;8;0
28;2025-12-28;9;0
28;2025-12-28;10;0
28;2025-12-28;11;0
28;2025-12-28;12;0
28;2025-12-28;13;0
28;2025-12-28;14;0
28;2025-12-28;15;0
28;2025-12-28;16;0
28;2025-12-28;17;0
28;2025-12-28;18;0
28;2025-12-28;19;0
28;2025-12-28;20;0
28;2025-12-28;21;0
28;2025-12-28;22;0
28;2025-12-28;23;0
28;2025-12-29;0;0
28;2025-12-29;1;0
28;2025-12-29;2;0
28;2025-12-29;3;0
28;2025-12-29;4;0
28;2025-12-29;5;0
28;2025-12-29;6;0
28;2025-12-29;7;0
28;2025-12-29;8;0
28;2025-12-29;9;0
28;2025-12-29;10;0
28;2025-12-29;11;0
28;2025-12-29;12;0
28;2025-12-29;13;0
28;2025-12-29;14;0
28;2025-12-29;15;0
28;2025-12-29;16;0
28;2025-12-29;17;0
28;2025-12-29;18;0
28;2025-12-29;19;0
28;2025-12-29;20;0
28;2025-12-29;21;0
28;2025-12-29;22;0
28;2025-12-29;23;0
28;2025-12-30;0;0
28;2025-12-30;1;0
28;2025-12-30;2;0
28;2025-12-30;3;0
28;2025-12-30;4;0
28;2025-12-30;5;0
28;2025-12-30;6;0
28;2025-12-30;7;0
28;2025-12-30;8;0
28;2025-12-30;9;0
28;2025-12-30;10;0
28;2025-12-30;11;0
28;2025-12-30;12;0
28;2025-12-30;13;0
28;2025-12-30;14;0
28;2025-12-30;15;0
28;2025-12-30;16;0
28;2025-12-30;17;0
28;2025-12-30;18;0
28;2025-12-30;19;0
28;2025-12-30;20;0
28;2025-12-30;21;0
28;2025-12-30;22;0
28;2025-12-30;23;0
28;2025-12-31;0;0
28;2025-12-31;1;0
28;2025-12-31;2;0
28;2025-12-31;3;0
28;2025-12-31;4;0
28;2025-12-31;5;0
28;2025-12-31;6;0
28;2025-12-31;7;0
28;2025-12-31;8;0
28;2025-12-31;9;0
28;2025-12-31;10;0
28;2025-12-31;11;0
28;2025-12-31;12;0
28;2025-12-31;13;0
28;2025-12-31;14;0
28;2025-12-31;15;0
28;2025-12-31;16;0
28;2025-12-31;17;0
28;2025-12-31;18;0
28;2025-12-31;19;0
28;2025-12-31;20;0
28;2025-12-31;21;0
28;2025-12-31;22;0
28;2025-12-31;23;0
50;2025-11-01;0;0
50;2025-11-01;1;0
50;2025-11-01;2;0
50;2025-11-01;3;0
50;2025-11-01;4;0
50;2025-11-01;5;0
50;2025-11-01;6;0
50;2025-11-01;7;0
50;2025-11-01;8;0
50;2025-11-01;9;0
50;2025-11-01;10;0
50;2025-11-01;11;0
50;2025-11-01;12;0
50;2025-11-01;13;0
50;2025-11-01;14;0
50;2025-11-01;15;0
50;2025-11-01;16;0
50;2025-11-01;17;0
50;2025-11-01;18;0
50;2025-11-01;19;0
50;2025-11-01;20;0
50;2025-11-01;21;0
50;2025-11-01;22;0
50;2025-11-01;23;0
50;2025-11-02;0;0
50;2025-11-02;1;0
50;2025-11-02;2;0
50;2025-11-02;3;0
50;2025-11-02;4;0
50;2025-11-02;5;0
50;2025-11-02;6;0
50;2025-11-02;7;0
50;2025-11-02;8;0
50;2025-11-02;9;0
50;2025-11-02;10;0
50;2025-11-02;11;0
50;2025-11-02;12;0
50;2025-11-02;13;0
50;2025-11-02;14;0
50;2025-11-02;15;0
50;2025-11-02;16;0
50;2025-11-02;17;0
50;2025-11-02;18;0
50;2025-11-02;19;0
50;2025-11-02;20;0
50;2025-11-02;21;0
50;2025-11-02;22;0
50;2025-11-02;23;0
50;2025-11-03;0;0
50;2025-11-03;1;0
50;2025-11-03;2;0
50;2025-11-03;3;0
50;2025-11-03;4;0
50;2025-11-03;5;0
50;2025-11-03;6;0
50;2025-11-03;7;0
50;2025-11-03;8;0
50;2025-11-03;9;0
50;2025-11-03;10;0
50;2025-11-03;11;0
50;2025-11-03;12;0
50;2025-11-03;13;0
50;2025-11-03;14;0
50;2025-11-03;15;0
50;2025-11-03;16;0
50;2025-11-03;17;0
50;2025-11-03;18;0
50;2025-11-03;19;0
50;2025-11-03;20;0
50;2025-11-03;21;0
50;2025-11-03;22;0
50;2025-11-03;23;0
50;2025-11-04;0;0
50;2025-11-04;1;0
50;2025-11-04;2;0
50;2025-11-04;3;0
50;2025-11-04;4;0
50;2025-11-04;5;0
50;2025-11-04;6;0
50;2025-11-04;7;0
50;2025-11-04;8;0
50;2025-11-04;9;0
50;2025-11-04;10;0
50;2025-11-04;11;0
50;2025-11-04;12;0
50;2025-11-04;13;0
50;2025-11-04;14;0
50;2025-11-04;15;0
50;2025-11-04;16;0
50;2025-11-04;17;0
50;2025-11-04;18;0
50;2025-11-04;19;0
50;2025-11-04;20;0
50;2025-11-04;21;0
50;2025-11-04;22;0
50;2025-11-04;23;0
50;2025-11-05;0;0
50;2025-11-05;1;0
50;2025-11-05;2;0
50;2025-11-05;3;0
50;2025-11-05;4;0
50;2025-11-05;5;0
50;2025-11-05;6;0
50;2025-11-05;7;0
50;2025-11-05;8;0
50;2025-11-05;9;0
50;2025-11-05;10;0
50;2025-11-05;11;0
50;2025-11-05;12;0
50;2025-11-05;13;0
50;2025-11-05;14;0
50;2025-11-05;15;0
50;2025-11-05;16;0
50;2025-11-05;17;0
50;2025-11-05;18;0
50;2025-11-05;19;0
50;2025-11-05;20;0
50;2025-11-05;21;0
50;2025-11-05;22;0
50;2025-11-05;23;0
50;2025-11-06;0;0
50;2025-11-06;1;0
50;2025-11-06;2;0
50;2025-11-06;3;0
50;2025-11-06;4;0
50;2025-11-06;5;0
50;2025-11-06;6;0
50;2025-11-06;7;0
50;2025-11-06;8;0
50;2025-11-06;9;0
50;2025-11-06;10;0
50;2025-11-06;11;0
50;2025-11-06;12;0
50;2025-11-06;13;0
50;2025-11-06;14;0
50;2025-11-06;15;0
50;2025-11-06;16;0
50;2025-11-06;17;0
50;2025-11-06;18;0
50;2025-11-06;19;0
50;2025-11-06;20;0
50;2025-11-06;21;0
50;2025-11-06;22;0
50;2025-11-06;23;0
50;2025-11-07;0;0
50;2025-11-07;1;0
50;2025-11-07;2;0
50;2025-11-07;3;0
50;2025-11-07;4;0
50;2025-11-07;5;0
50;2025-11-07;6;0
50;2025-11-07;7;0
50;2025-11-07;8;0
50;2025-11-07;9;0
50;2025-11-07;10;0
50;2025-11-07;11;0
50;2025-11-07;12;0
50;2025-11-07;13;0
50;2025-11-07;14;0
50;2025-11-07;15;0
50;2025-11-07;16;0
50;2025-11-07;17;0
50;2025-11-07;18;0
50;2025-11-07;19;0
50;2025-11-07;20;0
50;2025-11-07;21;0
50;2025-11-07;22;0
50;2025-11-07;23;0
50;2025-11-08;0;0
50;2025-11-08;1;0
50;2025-11-08;2;0
50;2025-11-08;3;0
50;2025-11-08;4;0
50;2025-11-08;5;0
50;2025-11-08;6;0
50;2025-11-08;7;0
50;2025-11-08;8;0
50;2025-11-08;9;0
50;2025-11-08;10;0
50;2025-11-08;11;0
50;2025-11-08;12;0
50;2025-11-08;13;0
50;2025-11-08;14;0
50;2025-11-08;15;0
50;2025-11-08;16;0
50;2025-11-08;17;0
50;2025-11-08;18;0
50;2025-11-08;19;0
50;2025-11-08;20;0
50;2025-11-08;21;0
50;2025-11-08;22;0
50;2025-11-08;23;0
50;2025-11-09;0;0
50;2025-11-09;1;0
50;2025-11-09;2;0
50;2025-11-09;3;0
50;2025-11-09;4;0
50;2025-11-09;5;0
50;2025-11-09;6;0
50;2025-11-09;7;0
50;2025-11-09;8;0
50;2025-11-09;9;0
50;2025-11-09;10;0
50;2025-11-09;11;0
50;2025-11-09;12;0
50;2025-11-09;13;0
50;2025-11-09;14;0
50;2025-11-09;15;0
50;2025-11-09;16;0
50;2025-11-09;17;0
50;2025-11-09;18;0
50;2025-11-09;19;0
50;2025-11-09;20;0
50;2025-11-09;21;0
50;2025-11-09;22;0
50;2025-11-09;23;0
50;2025-11-10;0;0
50;2025-11-10;1;0
50;2025-11-10;2;0
50;2025-11-10;3;0
50;2025-11-10;4;0
50;2025-11-10;5;0
50;2025-11-10;6;0
50;2025-11-10;7;0
50;2025-11-10;8;0
50;2025-11-10;9;0
50;2025-11-10;10;0
50;2025-11-10;11;0
50;2025-11-10;12;0
50;2025-11-10;13;0
50;2025-11-10;14;0
50;2025-11-10;15;0
50;2025-11-10;16;0
50;2025-11-10;17;0
50;2025-11-10;18;0
50;2025-11-10;19;0
50;2025-11-10;20;0
50;2025-11-10;21;0
50;2025-11-10;22;0
50;2025-11-10;23;0
50;2025-11-11;0;0
50;2025-11-11;1;0
50;2025-11-11;2;0
50;2025-11-11;3;0
50;2025-11-11;4;0
50;2025-11-11;5;0
50;2025-11-11;6;0
50;2025-11-11;7;0
50;2025-11-11;8;0
50;2025-11-11;9;0
50;2025-11-11;10;0
50;2025-11-11;11;0
50;2025-11-11;12;0
50;2025-11-11;13;0
50;2025-11-11;14;0
50;2025-11-11;15;0
50;2025-11-11;16;0
50;2025-11-11;17;0
50;2025-11-11;18;0
50;2025-11-11;19;0
50;2025-11-11;20;0
50;2025-11-11;21;0
50;2025-11-11;22;0
50;2025-11-11;23;0
50;2025-11-12;0;0
50;2025-11-12;1;0
50;2025-11-12;2;0
50;2025-11-12;3;0
50;2025-11-12;4;0
50;2025-11-12;5;0
50;2025-11-12;6;0
50;2025-11-12;7;0
50;2025-11-12;8;0
50;2025-11-12;9;0
50;2025-11-12;10;0
50;2025-11-12;11;0
50;2025-11-12;12;0
50;2025-11-12;13;0
50;2025-11-12;14;0
50;2025-11-12;15;0
50;2025-11-12;16;0
50;2025-11-12;17;0
50;2025-11-12;18;0
50;2025-11-12;19;0
50;2025-11-12;20;0
50;2025-11-12;21;0
50;2025-11-12;22;0
50;2025-11-12;23;0
50;2025-11-13;0;0
50;2025-11-13;1;0
50;2025-11-13;2;0
50;2025-11-13;3;0
50;2025-11-13;4;0
50;2025-11-13;5;0
50;2025-11-13;6;0
50;2025-11-13;7;0
50;2025-11-13;8;0
50;2025-11-13;9;0
50;2025-11-13;10;0
50;2025-11-13;11;0
50;2025-11-13;12;0
50;2025-11-13;13;0
50;2025-11-13;14;0
50;2025-11-13;15;0
50;2025-11-13;16;0
50;2025-11-13;17;0
50;2025-11-13;18;0
50;2025-11-13;19;0
50;2025-11-13;20;0
50;2025-11-13;21;0
50;2025-11-13;22;0
50;2025-11-13;23;0
50;2025-11-14;0;0
50;2025-11-14;1;0
50;2025-11-14;2;0
50;2025-11-14;3;0
50;2025-11-14;4;0
50;2025-11-14;5;0
50;2025-11-14;6;0
50;2025-11-14;7;0
50;2025-11-14;8;0
50;2025-11-14;9;0
50;2025-11-14;10;0
50;2025-11-14;11;0
50;2025-11-14;12;0
50;2025-11-14;13;0
50;2025-11-14;14;0
50;2025-11-14;15;0
50;2025-11-14;16;0
50;2025-11-14;17;0
50;2025-11-14;18;0
50;2025-11-14;19;0
50;2025-11-14;20;0
50;2025-11-14;21;0
50;2025-11-14;22;0
50;2025-11-14;23;0
50;2025-11-15;0;0
50;2025-11-15;1;0
50;2025-11-15;2;0
50;2025-11-15;3;0
50;2025-11-15;4;0
50;2025-11-15;5;0
50;2025-11-15;6;0
50;2025-11-15;7;0
50;2025-11-15;8;0
50;2025-11-15;9;0
50;2025-11-15;10;0
50;2025-11-15;11;0
50;2025-11-15;12;0
50;2025-11-15;13;0
50;2025-11-15;14;0
50;2025-11-15;15;0
50;2025-11-15;16;0
50;2025-11-15;17;0
50;2025-11-15;18;0
50;2025-11-15;19;0
50;2025-11-15;20;0
50;2025-11-15;21;0
50;2025-11-15;22;0
50;2025-11-15;23;0
50;2025-11-16;0;0
50;2025-11-16;1;0
50;2025-11-16;2;0
50;2025-11-16;3;0
50;2025-11-16;4;0
50;2025-11-16;5;0
50;2025-11-16;6;0
50;2025-11-16;7;0
50;2025-11-16;8;0
50;2025-11-16;9;0
50;2025-11-16;10;0
50;2025-11-16;11;0
50;2025-11-16;12;0
50;2025-11-16;13;0
50;2025-11-16;14;0
50;2025-11-16;15;0
50;2025-11-16;16;0
50;2025-11-16;17;0
50;2025-11-16;18;0
50;2025-11-16;19;0
50;2025-11-16;20;0
50;2025-11-16;21;0
50;2025-11-16;22;0
50;2025-11-16;23;0
50;2025-11-17;0;0
50;2025-11-17;1;0
50;2025-11-17;2;0
50;2025-11-17;3;0
50;2025-11-17;4;0
50;2025-11-17;5;0
50;2025-11-17;6;0
50;2025-11-17;7;0
50;2025-11-17;8;0
50;2025-11-17;9;0
50;2025-11-17;10;0
50;2025-11-17;11;0
50;2025-11-17;12;0
50;2025-11-17;13;0
50;2025-11-17;14;0
50;2025-11-17;15;0
50;2025-11-17;16;0
50;2025-11-17;17;0
50;2025-11-17;18;0
50;2025-11-17;19;0
50;2025-11-17;20;0
50;2025-11-17;21;0
50;2025-11-17;22;0
50;2025-11-17;23;0
50;2025-11-18;0;0
50;2025-11-18;1;0
50;2025-11-18;2;0
50;2025-11-18;3;0
50;2025-11-18;4;0
50;2025-11-18;5;0
50;2025-11-18;6;0
50;2025-11-18;7;0
50;2025-11-18;8;0
50;2025-11-18;9;0
50;2025-11-18;10;0
50;2025-11-18;11;0
50;2025-11-18;12;0
50;2025-11-18;13;0
50;2025-11-18;14;0
50;2025-11-18;15;0
50;2025-11-18;16;0
50;2025-11-18;17;0
50;2025-11-18;18;0
50;2025-11-18;19;0
50;2025-11-18;20;0
50;2025-11-18;21;0
50;2025-11-18;22;0
50;2025-11-18;23;0
50;2025-11-19;0;0
50;2025-11-19;1;0
50;2025-11-19;2;0
50;2025-11-19;3;0
50;2025-11-19;4;0
50;2025-11-19;5;0
50;2025-11-19;6;0
50;2025-11-19;7;0
50;2025-11-19;8;0
50;2025-11-19;9;0
50;2025-11-19;10;0
50;2025-11-19;11;0
50;2025-11-19;12;0
50;2025-11-19;13;0
50;2025-11-19;14;0
50;2025-11-19;15;0
50;2025-11-19;16;0
50;2025-11-19;17;0
50;2025-11-19;18;0
50;2025-11-19;19;0
50;2025-11-19;20;0
50;2025-11-19;21;0
50;2025-11-19;22;0
50;2025-11-19;23;0
50;2025-11-20;0;0
50;2025-11-20;1;0
50;2025-11-20;2;0
50;2025-11-20;3;0
50;2025-11-20;4;0
50;2025-11-20;5;0
50;2025-11-20;6;0
50;2025-11-20;7;0
50;2025-11-20;8;0
50;2025-11-20;9;0
50;2025-11-20;10;0
50;2025-11-20;11;0
50;2025-11-20;12;0
50;2025-11-20;13;0
50;2025-11-20;14;0
50;2025-11-20;15;0
50;2025-11-20;16;0
50;2025-11-20;17;0
50;2025-11-20;18;0
50;2025-11-20;19;0
50;2025-11-20;20;0
50;2025-11-20;21;0
50;2025-11-20;22;0
50;2025-11-20;23;0
50;2025-11-21;0;0
50;2025-11-21;1;0
50;2025-11-21;2;0
50;2025-11-21;3;0
50;2025-11-21;4;0
50;2025-11-21;5;0
50;2025-11-21;6;0
50;2025-11-21;7;0
50;2025-11-21;8;0
50;2025-11-21;9;0
50;2025-11-21;10;0
50;2025-11-21;11;0
50;2025-11-21;12;0
50;2025-11-21;13;0
50;2025-11-21;14;0
50;2025-11-21;15;0
50;2025-11-21;16;0
50;2025-11-21;17;0
50;2025-11-21;18;0
50;2025-11-21;19;0
50;2025-11-21;20;0
50;2025-11-21;21;0
50;2025-11-21;22;0
50;2025-11-21;23;0
50;2025-11-22;0;0
50;2025-11-22;1;0
50;2025-11-22;2;0
50;2025-11-22;3;0
50;2025-11-22;4;0
50;2025-11-22;5;0
50;2025-11-22;6;0
50;2025-11-22;7;0
50;2025-11-22;8;0
50;2025-11-22;9;0
50;2025-11-22;10;0
50;2025-11-22;11;0
50;2025-11-22;12;0
50;2025-11-22;13;0
50;2025-11-22;14;0
50;2025-11-22;15;0
50;2025-11-22;16;0
50;2025-11-22;17;0
50;2025-11-22;18;0
50;2025-11-22;19;0
50;2025-11-22;20;0
50;2025-11-22;21;0
50;2025-11-22;22;0
50;2025-11-22;23;0
50;2025-11-23;0;0
50;2025-11-23;1;0
50;2025-11-23;2;0
50;2025-11-23;3;0
50;2025-11-23;4;0
50;2025-11-23;5;0
50;2025-11-23;6;0
50;2025-11-23;7;0
50;2025-11-23;8;0
50;2025-11-23;9;0
50;2025-11-23;10;0
50;2025-11-23;11;0
50;2025-11-23;12;0
50;2025-11-23;13;0
50;2025-11-23;14;0
50;2025-11-23;15;0
50;2025-11-23;16;0
50;2025-11-23;17;0
50;2025-11-23;18;0
50;2025-11-23;19;0
50;2025-11-23;20;0
50;2025-11-23;21;0
50;2025-11-23;22;0
50;2025-11-23;23;0
50;2025-11-24;0;0
50;2025-11-24;1;0
50;2025-11-24;2;0
50;2025-11-24;3;0
50;2025-11-24;4;0
50;2025-11-24;5;0
50;2025-11-24;6;0
50;2025-11-24;7;0
50;2025-11-24;8;0
50;2025-11-24;9;0
50;2025-11-24;10;0
50;2025-11-24;11;0
50;2025-11-24;12;0
50;2025-11-24;13;0
50;2025-11-24;14;0
50;2025-11-24;15;0
50;2025-11-24;16;0
50;2025-11-24;17;0
50;2025-11-24;18;0
50;2025-11-24;19;0
50;2025-11-24;20;0
50;2025-11-24;21;0
50;2025-11-24;22;0
50;2025-11-24;23;0
50;2025-11-25;0;0
50;2025-11-25;1;0
50;2025-11-25;2;0
50;2025-11-25;3;0
50;2025-11-25;4;0
50;2025-11-25;5;0
50;2025-11-25;6;0
50;2025-11-25;7;0
50;2025-11-25;8;0
50;2025-11-25;9;0
50;2025-11-25;10;0
50;2025-11-25;11;0
50;2025-11-25;12;0
50;2025-11-25;13;0
50;2025-11-25;14;0
50;2025-11-25;15;0
50;2025-11-25;16;0
50;2025-11-25;17;0
50;2025-11-25;18;0
50;2025-11-25;19;0
50;2025-11-25;20;0
50;2025-11-25;21;0
50;2025-11-25;22;0
50;2025-11-25;23;0
50;2025-11-26;0;0
50;2025-11-26;1;0
50;2025-11-26;2;0
50;2025-11-26;3;0
50;2025-11-26;4;0
50;2025-11-26;5;0
50;2025-11-26;6;0
50;2025-11-26;7;0
50;2025-11-26;8;0
50;2025-11-26;9;0
50;2025-11-26;10;0
50;2025-11-26;11;0
50;2025-11-26;12;0
50;2025-11-26;13;0
50;2025-11-26;14;0
50;2025-11-26;15;0
50;2025-11-26;16;0
50;2025-11-26;17;0
50;2025-11-26;18;0
50;2025-11-26;19;0
50;2025-11-26;20;0
50;2025-11-26;21;0
50;2025-11-26;22;0
50;2025-11-26;23;0
50;2025-11-27;0;0
50;2025-11-27;1;0
50;2025-11-27;2;0
50;2025-11-27;3;0
50;2025-11-27;4;0
50;2025-11-27;5;0
50;2025-11-27;6;0
50;2025-11-27;7;0
50;2025-11-27;8;0
50;2025-11-27;9;0
50;2025-11-27;10;0
50;2025-11-27;11;0
50;2025-11-27;12;0
50;2025-11-27;13;0
50;2025-11-27;14;0
50;2025-11-27;15;0
50;2025-11-27;16;0
50;2025-11-27;17;0
50;2025-11-27;18;0
50;2025-11-27;19;0
50;2025-11-27;20;0
50;2025-11-27;21;0
50;2025-11-27;22;0
50;2025-11-27;23;0
50;2025-11-28;0;0
50;2025-11-28;1;0
50;2025-11-28;2;0
50;2025-11-28;3;0
50;2025-11-28;4;0
50;2025-11-28;5;0
50;2025-11-28;6;0
50;2025-11-28;7;0
50;2025-11-28;8;0
50;2025-11-28;9;0
50;2025-11-28;10;0
50;2025-11-28;11;0
50;2025-11-28;12;0
50;2025-11-28;13;0
50;2025-11-28;14;0
50;2025-11-28;15;0
50;2025-11-28;16;0
50;2025-11-28;17;0
50;2025-11-28;18;0
50;2025-11-28;19;0
50;2025-11-28;20;0
50;2025-11-28;21;0
50;2025-11-28;22;0
50;2025-11-28;23;0
50;2025-11-29;0;0
50;2025-11-29;1;0
50;2025-11-29;2;0
50;2025-11-29;3;0
50;2025-11-29;4;0
50;2025-11-29;5;0
50;2025-11-29;6;0
50;2025-11-29;7;0
50;2025-11-29;8;0
50;2025-11-29;9;0
50;2025-11-29;10;0
50;2025-11-29;11;0
50;2025-11-29;12;0
50;2025-11-29;13;0
50;2025-11-29;14;0
50;2025-11-29;15;0
50;2025-11-29;16;0
50;2025-11-29;17;0
50;2025-11-29;18;0
50;2025-11-29;19;0
50;2025-11-29;20;0
50;2025-11-29;21;0
50;2025-11-29;22;0
50;2025-11-29;23;0
50;2025-11-30;0;0
50;2025-11-30;1;0
50;2025-11-30;2;0
50;2025-11-30;3;0
50;2025-11-30;4;0
50;2025-11-30;5;0
50;2025-11-30;6;0
50;2025-11-30;7;0
50;2025-11-30;8;0
50;2025-11-30;9;0
50;2025-11-30;10;0
50;2025-11-30;11;0
50;2025-11-30;12;0
50;2025-11-30;13;0
50;2025-11-30;14;0
50;2025-11-30;15;0
50;2025-11-30;16;0
50;2025-11-30;17;0
50;2025-11-30;18;0
50;2025-11-30;19;0
50;2025-11-30;20;0
50;2025-11-30;21;0
50;2025-11-30;22;0
50;2025-11-30;23;0
50;2025-12-01;0;0
50;2025-12-01;1;0
50;2025-12-01;2;0
50;2025-12-01;3;0
50;2025-12-01;4;0
50;2025-12-01;5;0
50;2025-12-01;6;0
50;2025-12-01;7;0
50;2025-12-01;8;0
50;2025-12-01;9;0
50;2025-12-01;10;0
50;2025-12-01;11;0
50;2025-12-01;12;0
50;2025-12-01;13;0
50;2025-12-01;14;0
50;2025-12-01;15;0
50;2025-12-01;16;0
50;2025-12-01;17;0
50;2025-12-01;18;0
50;2025-12-01;19;0
50;2025-12-01;20;0
50;2025-12-01;21;0
50;2025-12-01;22;0
50;2025-12-01;23;0
50;2025-12-02;0;0
50;2025-12-02;1;0
50;2025-12-02;2;0
50;2025-12-02;3;0
50;2025-12-02;4;0
50;2025-12-02;5;0
50;2025-12-02;6;0
50;2025-12-02;7;0
50;2025-12-02;8;0
50;2025-12-02;9;0
50;2025-12-02;10;0
50;2025-12-02;11;0
50;2025-12-02;12;0
50;2025-12-02;13;0
50;2025-12-02;14;0
50;2025-12-02;15;0
50;2025-12-02;16;0
50;2025-12-02;17;0
50;2025-12-02;18;0
50;2025-12-02;19;0
50;2025-12-02;20;0
50;2025-12-02;21;0
50;2025-12-02;22;0
50;2025-12-02;23;0
50;2025-12-03;0;0
50;2025-12-03;1;0
50;2025-12-03;2;0
50;2025-12-03;3;0
50;2025-12-03;4;0
50;2025-12-03;5;0
50;2025-12-03;6;0
50;2025-12-03;7;0
50;2025-12-03;8;0
50;2025-12-03;9;0
50;2025-12-03;10;0
50;2025-12-03;11;0
50;2025-12-03;12;0
50;2025-12-03;13;0
50;2025-12-03;14;0
50;2025-12-03;15;0
50;2025-12-03;16;0
50;2025-12-03;17;0
50;2025-12-03;18;0
50;2025-12-03;19;0
50;2025-12-03;20;0
50;2025-12-03;21;0
50;2025-12-03;22;0
50;2025-12-03;23;0
50;2025-12-04;0;0
50;2025-12-04;1;0
50;2025-12-04;2;0
50;2025-12-04;3;0
50;2025-12-04;4;0
50;2025-12-04;5;0
50;2025-12-04;6;0
50;2025-12-04;7;0
50;2025-12-04;8;0
50;2025-12-04;9;0
50;2025-12-04;10;0
50;2025-12-04;11;0
50;2025-12-04;12;0
50;2025-12-04;13;0
50;2025-12-04;14;0
50;2025-12-04;15;0
50;2025-12-04;16;0
50;2025-12-04;17;0
50;2025-12-04;18;0
50;2025-12-04;19;0
50;2025-12-04;20;0
50;2025-12-04;21;0
50;2025-12-04;22;0
50;2025-12-04;23;0
50;2025-12-05;0;0
50;2025-12-05;1;0
50;2025-12-05;2;0
50;2025-12-05;3;0
50;2025-12-05;4;0
50;2025-12-05;5;0
50;2025-12-05;6;0
50;2025-12-05;7;0
50;2025-12-05;8;0
50;2025-12-05;9;0
50;2025-12-05;10;0
50;2025-12-05;11;0
50;2025-12-05;12;0
50;2025-12-05;13;0
50;2025-12-05;14;0
50;2025-12-05;15;0
50;2025-12-05;16;0
50;2025-12-05;17;0
50;2025-12-05;18;0
50;2025-12-05;19;0
50;2025-12-05;20;0
50;2025-12-05;21;0
50;2025-12-05;22;0
50;2025-12-05;23;0
50;2025-12-06;0;0
50;2025-12-06;1;0
50;2025-12-06;2;0
50;2025-12-06;3;0
50;2025-12-06;4;0
50;2025-12-06;5;0
50;2025-12-06;6;0
50;2025-12-06;7;0
50;2025-12-06;8;0
50;2025-12-06;9;0
50;2025-12-06;10;0
50;2025-12-06;11;0
50;2025-12-06;12;0
50;2025-12-06;13;0
50;2025-12-06;14;0
50;2025-12-06;15;0
50;2025-12-06;16;0
50;2025-12-06;17;0
50;2025-12-06;18;0
50;2025-12-06;19;0
50;2025-12-06;20;0
50;2025-12-06;21;0
50;2025-12-06;22;0
50;2025-12-06;23;0
50;2025-12-07;0;0
50;2025-12-07;1;0
50;2025-12-07;2;0
50;2025-12-07;3;0
50;2025-12-07;4;0
50;2025-12-07;5;0
50;2025-12-07;6;0
50;2025-12-07;7;0
50;2025-12-07;8;0
50;2025-12-07;9;0
50;2025-12-07;10;0
50;2025-12-07;11;0
50;2025-12-07;12;0
50;2025-12-07;13;0
50;2025-12-07;14;0
50;2025-12-07;15;0
50;2025-12-07;16;0
50;2025-12-07;17;0
50;2025-12-07;18;0
50;2025-12-07;19;0
50;2025-12-07;20;0
50;2025-12-07;21;0
50;2025-12-07;22;0
50;2025-12-07;23;0
50;2025-12-08;0;0
50;2025-12-08;1;0
50;2025-12-08;2;0
50;2025-12-08;3;0
50;2025-12-08;4;0
50;2025-12-08;5;0
50;2025-12-08;6;0
50;2025-12-08;7;0
50;2025-12-08;8;0
50;2025-12-08;9;0
50;2025-12-08;10;0
50;2025-12-08;11;0
50;2025-12-08;12;0
50;2025-12-08;13;0
50;2025-12-08;14;0
50;2025-12-08;15;0
50;2025-12-08;16;0
50;2025-12-08;17;0
50;2025-12-08;18;0
50;2025-12-08;19;0
50;2025-12-08;20;0
50;2025-12-08;21;0
50;2025-12-08;22;0
50;2025-12-08;23;0
50;2025-12-09;0;0
50;2025-12-09;1;0
50;2025-12-09;2;0
50;2025-12-09;3;0
50;2025-12-09;4;0
50;2025-12-09;5;0
50;2025-12-09;6;0
50;2025-12-09;7;0
50;2025-12-09;8;0
50;2025-12-09;9;0
50;2025-12-09;10;0
50;2025-12-09;11;0
50;2025-12-09;12;0
50;2025-12-09;13;0
50;2025-12-09;14;0
50;2025-12-09;15;0
50;2025-12-09;16;0
50;2025-12-09;17;0
50;2025-12-09;18;0
50;2025-12-09;19;0
50;2025-12-09;20;0
50;2025-12-09;21;0
50;2025-12-09;22;0
50;2025-12-09;23;0
50;2025-12-10;0;0
50;2025-12-10;1;0
50;2025-12-10;2;0
50;2025-12-10;3;0
50;2025-12-10;4;0
50;2025-12-10;5;0
50;2025-12-10;6;0
50;2025-12-10;7;0
50;2025-12-10;8;0
50;2025-12-10;9;0
50;2025-12-10;10;0
50;2025-12-10;11;0
50;2025-12-10;12;0
50;2025-12-10;13;0
50;2025-12-10;14;0
50;2025-12-10;15;0
50;2025-12-10;16;0
50;2025-12-10;17;0
50;2025-12-10;18;0
50;2025-12-10;19;0
50;2025-12-10;20;0
50;2025-12-10;21;0
50;2025-12-10;22;0
50;2025-12-10;23;0
50;2025-12-11;0;0
50;2025-12-11;1;0
50;2025-12-11;2;0
50;2025-12-11;3;0
50;2025-12-11;4;0
50;2025-12-11;5;0
50;2025-12-11;6;0
50;2025-12-11;7;0
50;2025-12-11;8;0
50;2025-12-11;9;0
50;2025-12-11;10;0
50;2025-12-11;11;0
50;2025-12-11;12;0
50;2025-12-11;13;0
50;2025-12-11;14;0
50;2025-12-11;15;0
50;2025-12-11;16;0
50;2025-12-11;17;0
50;2025-12-11;18;0
50;2025-12-11;19;0
50;2025-12-11;20;0
50;2025-12-11;21;0
50;2025-12-11;22;0
50;2025-12-11;23;0
50;2025-12-12;0;0
50;2025-12-12;1;0
50;2025-12-12;2;0
50;2025-12-12;3;0
50;2025-12-12;4;0
50;2025-12-12;5;0
50;2025-12-12;6;0
50;2025-12-12;7;0
50;2025-12-12;8;0
50;2025-12-12;9;0
50;2025-12-12;10;0
50;2025-12-12;11;0
50;2025-12-12;12;0
50;2025-12-12;13;0
50;2025-12-12;14;0
50;2025-12-12;15;0
50;2025-12-12;16;0
50;2025-12-12;17;0
50;2025-12-12;18;0
50;2025-12-12;19;0
50;2025-12-12;20;0
50;2025-12-12;21;0
50;2025-12-12;22;0
50;2025-12-12;23;0
50;2025-12-13;0;0
50;2025-12-13;1;0
50;2025-12-13;2;0
50;2025-12-13;3;0
50;2025-12-13;4;0
50;2025-12-13;5;0
50;2025-12-13;6;0
50;2025-12-13;7;0
50;2025-12-13;8;0
50;2025-12-13;9;0
50;2025-12-13;10;0
50;2025-12-13;11;0
50;2025-12-13;12;0
50;2025-12-13;13;0
50;2025-12-13;14;0
50;2025-12-13;15;0
50;2025-12-13;16;0
50;2025-12-13;17;0
50;2025-12-13;18;0
50;2025-12-13;19;0
50;2025-12-13;20;0
50;2025-12-13;21;0
50;2025-12-13;22;0
50;2025-12-13;23;0
50;2025-12-14;0;0
50;2025-12-14;1;0
50;2025-12-14;2;0
50;2025-12-14;3;0
50;2025-12-14;4;0
50;2025-12-14;5;0
50;2025-12-14;6;0
50;2025-12-14;7;0
50;2025-12-14;8;0
50;2025-12-14;9;0
50;2025-12-14;10;0
50;2025-12-14;11;0
50;2025-12-14;12;0
50;2025-12-14;13;0
50;2025-12-14;14;0
50;2025-12-14;15;0
50;2025-12-14;16;0
50;2025-12-14;17;0
50;2025-12-14;18;0
50;2025-12-14;19;0
50;2025-12-14;20;0
50;2025-12-14;21;0
50;2025-12-14;22;0
50;2025-12-14;23;0
50;2025-12-15;0;0
50;2025-12-15;1;0
50;2025-12-15;2;0
50;2025-12-15;3;0
50;2025-12-15;4;0
50;2025-12-15;5;0
50;2025-12-15;6;0
50;2025-12-15;7;0
50;2025-12-15;8;0
50;2025-12-15;9;0
50;2025-12-15;10;0
50;2025-12-15;11;0
50;2025-12-15;12;0
50;2025-12-15;13;0
50;2025-12-15;14;0
50;2025-12-15;15;0
50;2025-12-15;16;0
50;2025-12-15;17;0
50;2025-12-15;18;0
50;2025-12-15;19;0
50;2025-12-15;20;0
50;2025-12-15;21;0
50;2025-12-15;22;0
50;2025-12-15;23;0
50;2025-12-16;0;0
50;2025-12-16;1;0
50;2025-12-16;2;0
50;2025-12-16;3;0
50;2025-12-16;4;0
50;2025-12-16;5;0
50;2025-12-16;6;0
50;2025-12-16;7;0
50;2025-12-16;8;0
50;2025-12-16;9;0
50;2025-12-16;10;0
50;2025-12-16;11;0
50;2025-12-16;12;0
50;2025-12-16;13;0
50;2025-12-16;14;0
50;2025-12-16;15;0
50;2025-12-16;16;0
50;2025-12-16;17;0
50;2025-12-16;18;0
50;2025-12-16;19;0
50;2025-12-16;20;0
50;2025-12-16;21;0
50;2025-12-16;22;0
50;2025-12-16;23;0
50;2025-12-17;0;0
50;2025-12-17;1;0
50;2025-12-17;2;0
50;2025-12-17;3;0
50;2025-12-17;4;0
50;2025-12-17;5;0
50;2025-12-17;6;0
50;2025-12-17;7;0
50;2025-12-17;8;0
50;2025-12-17;9;0
50;2025-12-17;10;0
50;2025-12-17;11;0
50;2025-12-17;12;0
50;2025-12-17;13;0
50;2025-12-17;14;0
50;2025-12-17;15;0
50;2025-12-17;16;0
50;2025-12-17;17;0
50;2025-12-17;18;0
50;2025-12-17;19;0
50;2025-12-17;20;0
50;2025-12-17;21;0
50;2025-12-17;22;0
50;2025-12-17;23;0
50;2025-12-18;0;0
50;2025-12-18;1;0
50;2025-12-18;2;0
50;2025-12-18;3;0
50;2025-12-18;4;0
50;2025-12-18;5;0
50;2025-12-18;6;0
50;2025-12-18;7;0
50;2025-12-18;8;0
50;2025-12-18;9;0
50;2025-12-18;10;0
50;2025-12-18;11;0
50;2025-12-18;12;0
50;2025-12-18;13;0
50;2025-12-18;14;0
50;2025-12-18;15;0
50;2025-12-18;16;0
50;2025-12-18;17;0
50;2025-12-18;18;0
50;2025-12-18;19;0
50;2025-12-18;20;0
50;2025-12-18;21;0
50;2025-12-18;22;0
50;2025-12-18;23;0
50;2025-12-19;0;0
50;2025-12-19;1;0
50;2025-12-19;2;0
50;2025-12-19;3;0
50;2025-12-19;4;0
50;2025-12-19;5;0
50;2025-12-19;6;0
50;2025-12-19;7;0
50;2025-12-19;8;0
50;2025-12-19;9;0
50;2025-12-19;10;0
50;2025-12-19;11;0
50;2025-12-19;12;0
50;2025-12-19;13;0
50;2025-12-19;14;0
50;2025-12-19;15;0
50;2025-12-19;16;0
50;2025-12-19;17;0
50;2025-12-19;18;0
50;2025-12-19;19;0
50;2025-12-19;20;0
50;2025-12-19;21;0
50;2025-12-19;22;0
50;2025-12-19;23;0
50;2025-12-20;0;0
50;2025-12-20;1;0
50;2025-12-20;2;0
50;2025-12-20;3;0
50;2025-12-20;4;0
50;2025-12-20;5;0
50;2025-12-20;6;0
50;2025-12-20;7;0
50;2025-12-20;8;0
50;2025-12-20;9;0
50;2025-12-20;10;0
50;2025-12-20;11;0
50;2025-12-20;12;0
50;2025-12-20;13;0
50;2025-12-20;14;0
50;2025-12-20;15;0
50;2025-12-20;16;0
50;2025-12-20;17;0
50;2025-12-20;18;0
50;2025-12-20;19;0
50;2025-12-20;20;0
50;2025-12-20;21;0
50;2025-12-20;22;0
50;2025-12-20;23;0
50;2025-12-21;0;0
50;2025-12-21;1;0
50;2025-12-21;2;0
50;2025-12-21;3;0
50;2025-12-21;4;0
50;2025-12-21;5;0
50;2025-12-21;6;0
50;2025-12-21;7;0
50;2025-12-21;8;0
50;2025-12-21;9;0
50;2025-12-21;10;0
50;2025-12-21;11;0
50;2025-12-21;12;0
50;2025-12-21;13;0
50;2025-12-21;14;0
50;2025-12-21;15;0
50;2025-12-21;16;0
50;2025-12-21;17;0
50;2025-12-21;18;0
50;2025-12-21;19;0
50;2025-12-21;20;0
50;2025-12-21;21;0
50;2025-12-21;22;0
50;2025-12-21;23;0
50;2025-12-22;0;0
50;2025-12-22;1;0
50;2025-12-22;2;0
50;2025-12-22;3;0
50;2025-12-22;4;0
50;2025-12-22;5;0
50;2025-12-22;6;0
50;2025-12-22;7;0
50;2025-12-22;8;0
50;2025-12-22;9;0
50;2025-12-22;10;0
50;2025-12-22;11;0
50;2025-12-22;12;0
50;2025-12-22;13;0
50;2025-12-22;14;0
50;2025-12-22;15;0
50;2025-12-22;16;0
50;2025-12-22;17;0
50;2025-12-22;18;0
50;2025-12-22;19;0
50;2025-12-22;20;0
50;2025-12-22;21;0
50;2025-12-22;22;0
50;2025-12-22;23;0
50;2025-12-23;0;0
50;2025-12-23;1;0
50;2025-12-23;2;0
50;2025-12-23;3;0
50;2025-12-23;4;0
50;2025-12-23;5;0
50;2025-12-23;6;0
50;2025-12-23;7;0
50;2025-12-23;8;0
50;2025-12-23;9;0
50;2025-12-23;10;0
50;2025-12-23;11;0
50;2025-12-23;12;0
50;2025-12-23;13;0
50;2025-12-23;14;0
50;2025-12-23;15;0
50;2025-12-23;16;0
50;2025-12-23;17;0
50;2025-12-23;18;0
50;2025-12-23;19;0
50;2025-12-23;20;0
50;2025-12-23;21;0
50;2025-12-23;22;0
50;2025-12-23;23;0
50;2025-12-24;0;0
50;2025-12-24;1;0
50;2025-12-24;2;0
50;2025-12-24;3;0
50;2025-12-24;4;0
50;2025-12-24;5;0
50;2025-12-24;6;0
50;2025-12-24;7;0
50;2025-12-24;8;0
50;2025-12-24;9;0
50;2025-12-24;10;0
50;2025-12-24;11;0
50;2025-12-24;12;0
50;2025-12-24;13;0
50;2025-12-24;14;0
50;2025-12-24;15;0
50;2025-12-24;16;0
50;2025-12-24;17;0
50;2025-12-24;18;0
50;2025-12-24;19;0
50;2025-12-24;20;0
50;2025-12-24;21;0
50;2025-12-24;22;0
50;2025-12-24;23;0
50;2025-12-25;0;0
50;2025-12-25;1;0
50;2025-12-25;2;0
50;2025-12-25;3;0
50;2025-12-25;4;0
50;2025-12-25;5;0
50;2025-12-25;6;0
50;2025-12-25;7;0
50;2025-12-25;8;0
50;2025-12-25;9;0
50;2025-12-25;10;0
50;2025-12-25;11;0
50;2025-12-25;12;0
50;2025-12-25;13;0
50;2025-12-25;14;0
50;2025-12-25;15;0
50;2025-12-25;16;0
50;2025-12-25;17;0
50;2025-12-25;18;0
50;2025-12-25;19;0
50;2025-12-25;20;0
50;2025-12-25;21;0
50;2025-12-25;22;0
50;2025-12-25;23;0
50;2025-12-26;0;0
50;2025-12-26;1;0
50;2025-12-26;2;0
50;2025-12-26;3;0
50;2025-12-26;4;0
50;2025-12-26;5;0
50;2025-12-26;6;0
50;2025-12-26;7;0
50;2025-12-26;8;0
50;2025-12-26;9;0
50;2025-12-26;10;0
50;2025-12-26;11;0
50;2025-12-26;12;0
50;2025-12-26;13;0
50;2025-12-26;14;0
50;2025-12-26;15;0
50;2025-12-26;16;0
50;2025-12-26;17;0
50;2025-12-26;18;0
50;2025-12-26;19;0
50;2025-12-26;20;0
50;2025-12-26;21;0
50;2025-12-26;22;0
50;2025-12-26;23;0
50;2025-12-27;0;0
50;2025-12-27;1;0
50;2025-12-27;2;0
50;2025-12-27;3;0
50;2025-12-27;4;0
50;2025-12-27;5;0
50;2025-12-27;6;0
50;2025-12-27;7;0
50;2025-12-27;8;0
50;2025-12-27;9;0
50;2025-12-27;10;0
50;2025-12-27;11;0
50;2025-12-27;12;0
50;2025-12-27;13;0
50;2025-12-27;14;0
50;2025-12-27;15;0
50;2025-12-27;16;0
50;2025-12-27;17;0
50;2025-12-27;18;0
50;2025-12-27;19;0
50;2025-12-27;20;0
50;2025-12-27;21;0
50;2025-12-27;22;0
50;2025-12-27;23;0
50;2025-12-28;0;0
50;2025-12-28;1;0
50;2025-12-28;2;0
50;2025-12-28;3;0
50;2025-12-28;4;0
50;2025-12-28;5;0
50;2025-12-28;6;0
50;2025-12-28;7;0
50;2025-12-28;8;0
50;2025-12-28;9;0
50;2025-12-28;10;0
50;2025-12-28;11;0
50;2025-12-28;12;0
50;2025-12-28;13;0
50;2025-12-28;14;0
50;2025-12-28;15;0
50;2025-12-28;16;0
50;2025-12-28;17;0
50;2025-12-28;18;0
50;2025-12-28;19;0
50;2025-12-28;20;0
50;2025-12-28;21;0
50;2025-12-28;22;0
50;2025-12-28;23;0
50;2025-12-29;0;0
50;2025-12-29;1;0
50;2025-12-29;2;0
50;2025-12-29;3;0
50;2025-12-29;4;0
50;2025-12-29;5;0
50;2025-12-29;6;0
50;2025-12-29;7;0
50;2025-12-29;8;0
50;2025-12-29;9;0
50;2025-12-29;10;0
50;2025-12-29;11;0
50;2025-12-29;12;0
50;2025-12-29;13;0
50;2025-12-29;14;0
50;2025-12-29;15;0
50;2025-12-29;16;0
50;2025-12-29;17;0
50;2025-12-29;18;0
50;2025-12-29;19;0
50;2025-12-29;20;0
50;2025-12-29;21;0
50;2025-12-29;22;0
50;2025-12-29;23;0
50;2025-12-30;0;0
50;2025-12-30;1;0
50;2025-12-30;2;0
50;2025-12-30;3;0
50;2025-12-30;4;0
50;2025-12-30;5;0
50;2025-12-30;6;0
50;2025-12-30;7;0
50;2025-12-30;8;0
50;2025-12-30;9;0
50;2025-12-30;10;0
50;2025-12-30;11;0
50;2025-12-30;12;0
50;2025-12-30;13;0
50;2025-12-30;14;0
50;2025-12-30;15;0
50;2025-12-30;16;0
50;2025-12-30;17;0
50;2025-12-30;18;0
50;2025-12-30;19;0
50;2025-12-30;20;0
50;2025-12-30;21;0
50;2025-12-30;22;0
50;2025-12-30;23;0
50;2025-12-31;0;0
50;2025-12-31;1;0
50;2025-12-31;2;0
50;2025-12-31;3;0
50;2025-12-31;4;0
50;2025-12-31;5;0
50;2025-12-31;6;0
50;2025-12-31;7;0
50;2025-12-31;8;0
50;2025-12-31;9;0
50;2025-12-31;10;0
50;2025-12-31;11;0
50;2025-12-31;12;0
50;2025-12-31;13;0
50;2025-12-31;14;0
50;2025-12-31;15;0
50;2025-12-31;16;0
50;2025-12-31;17;0
50;2025-12-31;18;0
50;2025-12-31;19;0
50;2025-12-31;20;0
50;2025-12-31;21;0
50;2025-12-31;22;0
50;2025-12-31;23;0
