route;date;hour;prediction
1;2025-11-01;0;0
1;2025-11-01;1;0
1;2025-11-01;2;0
1;2025-11-01;3;0
1;2025-11-01;4;0
1;2025-11-01;5;0
1;2025-11-01;6;0
1;2025-11-01;7;0
1;2025-11-01;8;0
1;2025-11-01;9;0
1;2025-11-01;10;0
1;2025-11-01;11;0
1;2025-11-01;12;0
1;2025-11-01;13;0
1;2025-11-01;14;0
1;2025-11-01;15;0
1;2025-11-01;16;0
1;2025-11-01;17;0
1;2025-11-01;18;0
1;2025-11-01;19;0
1;2025-11-01;20;0
1;2025-11-01;21;0
1;2025-11-01;22;0
1;2025-11-01;23;0
1;2025-11-02;0;0
1;2025-11-02;1;0
1;2025-11-02;2;0
1;2025-11-02;3;0
1;2025-11-02;4;0
1;2025-11-02;5;0
1;2025-11-02;6;0
1;2025-11-02;7;0
1;2025-11-02;8;0
1;2025-11-02;9;0
1;2025-11-02;10;0
1;2025-11-02;11;0
1;2025-11-02;12;0
1;2025-11-02;13;0
1;2025-11-02;14;0
1;2025-11-02;15;0
1;2025-11-02;16;0
1;2025-11-02;17;0
1;2025-11-02;18;0
1;2025-11-02;19;0
1;2025-11-02;20;0
1;2025-11-02;21;0
1;2025-11-02;22;0
1;2025-11-02;23;0
1;2025-11-03;0;0
1;2025-11-03;1;0
1;2025-11-03;2;0
1;2025-11-03;3;0
1;2025-11-03;4;0
1;2025-11-03;5;0
1;2025-11-03;6;0
1;2025-11-03;7;0
1;2025-11-03;8;0
1;2025-11-03;9;0
1;2025-11-03;10;0
1;2025-11-03;11;0
1;2025-11-03;12;0
1;2025-11-03;13;0
1;2025-11-03;14;0
1;2025-11-03;15;0
1;2025-11-03;16;0
1;2025-11-03;17;0
1;2025-11-03;18;0
1;2025-11-03;19;0
1;2025-11-03;20;0
1;2025-11-03;21;0
1;2025-11-03;22;0
1;2025-11-03;23;0
1;2025-11-04;0;0
1;2025-11-04;1;0
1;2025-11-04;2;0
1;2025-11-04;3;0
1;2025-11-04;4;0
1;2025-11-04;5;0
1;2025-11-04;6;0
1;2025-11-04;7;0
1;2025-11-04;8;0
1;2025-11-04;9;0
1;2025-11-04;10;0
1;2025-11-04;11;0
1;2025-11-04;12;0
1;2025-11-04;13;0
1;2025-11-04;14;0
1;2025-11-04;15;0
1;2025-11-04;16;0
1;2025-11-04;17;0
1;2025-11-04;18;0
1;2025-11-04;19;0
1;2025-11-04;20;0
1;2025-11-04;21;0
1;2025-11-04;22;0
1;2025-11-04;23;0
1;2025-11-05;0;0
1;2025-11-05;1;0
1;2025-11-05;2;0
1;2025-11-05;3;0
1;2025-11-05;4;0
1;2025-11-05;5;0
1;2025-11-05;6;0
1;2025-11-05;7;0
1;2025-11-05;8;0
1;2025-11-05;9;0
1;2025-11-05;10;0
1;2025-11-05;11;0
1;2025-11-05;12;0
1;2025-11-05;13;0
1;2025-11-05;14;0
1;2025-11-05;15;0
1;2025-11-05;16;0
1;2025-11-05;17;0
1;2025-11-05;18;0
1;2025-11-05;19;0
1;2025-11-05;20;0
1;2025-11-05;21;0
1;2025-11-05;22;0
1;2025-11-05;23;0
1;2025-11-06;0;0
1;2025-11-06;1;0
1;2025-11-06;2;0
1;2025-11-06;3;0
1;2025-11-06;4;0
1;2025-11-06;5;0
1;2025-11-06;6;0
1;2025-11-06;7;0
1;2025-11-06;8;0
1;2025-11-06;9;0
1;2025-11-06;10;0
1;2025-11-06;11;0
1;2025-11-06;12;0
1;2025-11-06;13;0
1;2025-11-06;14;0
1;2025-11-06;15;0
1;2025-11-06;16;0
1;2025-11-06;17;0
1;2025-11-06;18;0
1;2025-11-06;19;0
1;2025-11-06;20;0
1;2025-11-06;21;0
1;2025-11-06;22;0
1;2025-11-06;23;0
1;2025-11-07;0;0
1;2025-11-07;1;0
1;2025-11-07;2;0
1;2025-11-07;3;0
1;2025-11-07;4;0
1;2025-11-07;5;0
1;2025-11-07;6;0
1;2025-11-07;7;0
1;2025-11-07;8;0
1;2025-11-07;9;0
1;2025-11-07;10;0
1;2025-11-07;11;0
1;2025-11-07;12;0
1;2025-11-07;13;0
1;2025-11-07;14;0
1;2025-11-07;15;0
1;2025-11-07;16;0
1;2025-11-07;17;0
1;2025-11-07;18;0
1;2025-11-07;19;0
1;2025-11-07;20;0
1;2025-11-07;21;0
1;2025-11-07;22;0
1;2025-11-07;23;0
1;2025-11-08;0;0
1;2025-11-08;1;0
1;2025-11-08;2;0
1;2025-11-08;3;0
1;2025-11-08;4;0
1;2025-11-08;5;0
1;2025-11-08;6;0
1;2025-11-08;7;0
1;2025-11-08;8;0
1;2025-11-08;9;0
1;2025-11-08;10;0
1;2025-11-08;11;0
1;2025-11-08;12;0
1;2025-11-08;13;0
1;2025-11-08;14;0
1;2025-11-08;15;0
1;2025-11-08;16;0
1;2025-11-08;17;0
1;2025-11-08;18;0
1;2025-11-08;19;0
1;2025-11-08;20;0
1;2025-11-08;21;0
1;2025-11-08;22;0
1;2025-11-08;23;0
1;2025-11-09;0;0
1;2025-11-09;1;0
1;2025-11-09;2;0
1;2025-11-09;3;0
1;2025-11-09;4;0
1;2025-11-09;5;0
1;2025-11-09;6;0
1;2025-11-09;7;0
1;2025-11-09;8;0
1;2025-11-09;9;0
1;2025-11-09;10;0
1;2025-11-09;11;0
1;2025-11-09;12;0
1;2025-11-09;13;0
1;2025-11-09;14;0
1;2025-11-09;15;0
1;2025-11-09;16;0
1;2025-11-09;17;0
1;2025-11-09;18;0
1;2025-11-09;19;0
1;2025-11-09;20;0
1;2025-11-09;21;0
1;2025-11-09;22;0
1;2025-11-09;23;0
1;2025-11-10;0;0
1;2025-11-10;1;0
1;2025-11-10;2;0
1;2025-11-10;3;0
1;2025-11-10;4;0
1;2025-11-10;5;0
1;2025-11-10;6;0
1;2025-11-10;7;0
1;2025-11-10;8;0
1;2025-11-10;9;0
1;2025-11-10;10;0
1;2025-11-10;11;0
1;2025-11-10;12;0
1;2025-11-10;13;0
1;2025-11-10;14;0
1;2025-11-10;15;0
1;2025-11-10;16;0
1;2025-11-10;17;0
1;2025-11-10;18;0
1;2025-11-10;19;0
1;2025-11-10;20;0
1;2025-11-10;21;0
1;2025-11-10;22;0
1;2025-11-10;23;0
1;2025-11-11;0;0
1;2025-11-11;1;0
1;2025-11-11;2;0
1;2025-11-11;3;0
1;2025-11-11;4;0
1;2025-11-11;5;0
1;2025-11-11;6;0
1;2025-11-11;7;0
1;2025-11-11;8;0
1;2025-11-11;9;0
1;2025-11-11;10;0
1;2025-11-11;11;0
1;2025-11-11;12;0
1;2025-11-11;13;0
1;2025-11-11;14;0
1;2025-11-11;15;0
1;2025-11-11;16;0
1;2025-11-11;17;0
1;2025-11-11;18;0
1;2025-11-11;19;0
1;2025-11-11;20;0
1;2025-11-11;21;0
1;2025-11-11;22;0
1;2025-11-11;23;0
1;2025-11-12;0;0
1;2025-11-12;1;0
1;2025-11-12;2;0
1;2025-11-12;3;0
1;2025-11-12;4;0
1;2025-11-12;5;0
1;2025-11-12;6;0
1;2025-11-12;7;0
1;2025-11-12;8;0
1;2025-11-12;9;0
1;2025-11-12;10;0
1;2025-11-12;11;0
1;2025-11-12;12;0
1;2025-11-12;13;0
1;2025-11-12;14;0
1;2025-11-12;15;0
1;2025-11-12;16;0
1;2025-11-12;17;0
1;2025-11-12;18;0
1;2025-11-12;19;0
1;2025-11-12;20;0
1;2025-11-12;21;0
1;2025-11-12;22;0
1;2025-11-12;23;0
1;2025-11-13;0;0
1;2025-11-13;1;0
1;2025-11-13;2;0
1;2025-11-13;3;0
1;2025-11-13;4;0
1;2025-11-13;5;0
1;2025-11-13;6;0
1;2025-11-13;7;0
1;2025-11-13;8;0
1;2025-11-13;9;0
1;2025-11-13;10;0
1;2025-11-13;11;0
1;2025-11-13;12;0
1;2025-11-13;13;0
1;2025-11-13;14;0
1;2025-11-13;15;0
1;2025-11-13;16;0
1;2025-11-13;17;0
1;2025-11-13;18;0
1;2025-11-13;19;0
1;2025-11-13;20;0
1;2025-11-13;21;0
1;2025-11-13;22;0
1;2025-11-13;23;0
1;2025-11-14;0;0
1;2025-11-14;1;0
1;2025-11-14;2;0
1;2025-11-14;3;0
1;2025-11-14;4;0
1;2025-11-14;5;0
1;2025-11-14;6;0
1;2025-11-14;7;0
1;2025-11-14;8;0
1;2025-11-14;9;0
1;2025-11-14;10;0
1;2025-11-14;11;0
1;2025-11-14;12;0
1;2025-11-14;13;0
1;2025-11-14;14;0
1;2025-11-14;15;0
1;2025-11-14;16;0
1;2025-11-14;17;0
1;2025-11-14;18;0
1;2025-11-14;19;0
1;2025-11-14;20;0
1;2025-11-14;21;0
1;2025-11-14;22;0
1;2025-11-14;23;0
1;2025-11-15;0;0
1;2025-11-15;1;0
1;2025-11-15;2;0
1;2025-11-15;3;0
1;2025-11-15;4;0
1;2025-11-15;5;0
1;2025-11-15;6;0
1;2025-11-15;7;0
1;2025-11-15;8;0
1;2025-11-15;9;0
1;2025-11-15;10;0
1;2025-11-15;11;0
1;2025-11-15;12;0
1;2025-11-15;13;0
1;2025-11-15;14;0
1;2025-11-15;15;0
1;2025-11-15;16;0
1;2025-11-15;17;0
1;2025-11-15;18;0
1;2025-11-15;19;0
1;2025-11-15;20;0
1;2025-11-15;21;0
1;2025-11-15;22;0
1;2025-11-15;23;0
1;2025-11-16;0;0
1;2025-11-16;1;0
1;2025-11-16;2;0
1;2025-11-16;3;0
1;2025-11-16;4;0
1;2025-11-16;5;0
1;2025-11-16;6;0
1;2025-11-16;7;0
1;2025-11-16;8;0
1;2025-11-16;9;0
1;2025-11-16;10;0
1;2025-11-16;11;0
1;2025-11-16;12;0
1;2025-11-16;13;0
1;2025-11-16;14;0
1;2025-11-16;15;0
1;2025-11-16;16;0
1;2025-11-16;17;0
1;2025-11-16;18;0
1;2025-11-16;19;0
1;2025-11-16;20;0
1;2025-11-16;21;0
1;2025-11-16;22;0
1;2025-11-16;23;0
1;2025-11-17;0;0
1;2025-11-17;1;0
1;2025-11-17;2;0
1;2025-11-17;3;0
1;2025-11-17;4;0
1;2025-11-17;5;0
1;2025-11-17;6;0
1;2025-11-17;7;0
1;2025-11-17;8;0
1;2025-11-17;9;0
1;2025-11-17;10;0
1;2025-11-17;11;0
1;2025-11-17;12;0
1;2025-11-17;13;0
1;2025-11-17;14;0
1;2025-11-17;15;0
1;2025-11-17;16;0
1;2025-11-17;17;0
1;2025-11-17;18;0
1;2025-11-17;19;0
1;2025-11-17;20;0
1;2025-11-17;21;0
1;2025-11-17;22;0
1;2025-11-17;23;0
1;2025-11-18;0;0
1;2025-11-18;1;0
1;2025-11-18;2;0
1;2025-11-18;3;0
1;2025-11-18;4;0
1;2025-11-18;5;0
1;2025-11-18;6;0
1;2025-11-18;7;0
1;2025-11-18;8;0
1;2025-11-18;9;0
1;2025-11-18;10;0
1;2025-11-18;11;0
1;2025-11-18;12;0
1;2025-11-18;13;0
1;2025-11-18;14;0
1;2025-11-18;15;0
1;2025-11-18;16;0
1;2025-11-18;17;0
1;2025-11-18;18;0
1;2025-11-18;19;0
1;2025-11-18;20;0
1;2025-11-18;21;0
1;2025-11-18;22;0
1;2025-11-18;23;0
1;2025-11-19;0;0
1;2025-11-19;1;0
1;2025-11-19;2;0
1;2025-11-19;3;0
1;2025-11-19;4;0
1;2025-11-19;5;0
1;2025-11-19;6;0
1;2025-11-19;7;0
1;2025-11-19;8;0
1;2025-11-19;9;0
1;2025-11-19;10;0
1;2025-11-19;11;0
1;2025-11-19;12;0
1;2025-11-19;13;0
1;2025-11-19;14;0
1;2025-11-19;15;0
1;2025-11-19;16;0
1;2025-11-19;17;0
1;2025-11-19;18;0
1;2025-11-19;19;0
1;2025-11-19;20;0
1;2025-11-19;21;0
1;2025-11-19;22;0
1;2025-11-19;23;0
1;2025-11-20;0;0
1;2025-11-20;1;0
1;2025-11-20;2;0
1;2025-11-20;3;0
1;2025-11-20;4;0
1;2025-11-20;5;0
1;2025-11-20;6;0
1;2025-11-20;7;0
1;2025-11-20;8;0
1;2025-11-20;9;0
1;2025-11-20;10;0
1;2025-11-20;11;0
1;2025-11-20;12;0
1;2025-11-20;13;0
1;2025-11-20;14;0
1;2025-11-20;15;0
1;2025-11-20;16;0
1;2025-11-20;17;0
1;2025-11-20;18;0
1;2025-11-20;19;0
1;2025-11-20;20;0
1;2025-11-20;21;0
1;2025-11-20;22;0
1;2025-11-20;23;0
1;2025-11-21;0;0
1;2025-11-21;1;0
1;2025-11-21;2;0
1;2025-11-21;3;0
1;2025-11-21;4;0
1;2025-11-21;5;0
1;2025-11-21;6;0
1;2025-11-21;7;0
1;2025-11-21;8;0
1;2025-11-21;9;0
1;2025-11-21;10;0
1;2025-11-21;11;0
1;2025-11-21;12;0
1;2025-11-21;13;0
1;2025-11-21;14;0
1;2025-11-21;15;0
1;2025-11-21;16;0
1;2025-11-21;17;0
1;2025-11-21;18;0
1;2025-11-21;19;0
1;2025-11-21;20;0
1;2025-11-21;21;0
1;2025-11-21;22;0
1;2025-11-21;23;0
1;2025-11-22;0;0
1;2025-11-22;1;0
1;2025-11-22;2;0
1;2025-11-22;3;0
1;2025-11-22;4;0
1;2025-11-22;5;0
1;2025-11-22;6;0
1;2025-11-22;7;0
1;2025-11-22;8;0
1;2025-11-22;9;0
1;2025-11-22;10;0
1;2025-11-22;11;0
1;2025-11-22;12;0
1;2025-11-22;13;0
1;2025-11-22;14;0
1;2025-11-22;15;0
1;2025-11-22;16;0
1;2025-11-22;17;0
1;2025-11-22;18;0
1;2025-11-22;19;0
1;2025-11-22;20;0
1;2025-11-22;21;0
1;2025-11-22;22;0
1;2025-11-22;23;0
1;2025-11-23;0;0
1;2025-11-23;1;0
1;2025-11-23;2;0
1;2025-11-23;3;0
1;2025-11-23;4;0
1;2025-11-23;5;0
1;2025-11-23;6;0
1;2025-11-23;7;0
1;2025-11-23;8;0
1;2025-11-23;9;0
1;2025-11-23;10;0
1;2025-11-23;11;0
1;2025-11-23;12;0
1;2025-11-23;13;0
1;2025-11-23;14;0
1;2025-11-23;15;0
1;2025-11-23;16;0
1;2025-11-23;17;0
1;2025-11-23;18;0
1;2025-11-23;19;0
1;2025-11-23;20;0
1;2025-11-23;21;0
1;2025-11-23;22;0
1;2025-11-23;23;0
1;2025-11-24;0;0
1;2025-11-24;1;0
1;2025-11-24;2;0
1;2025-11-24;3;0
1;2025-11-24;4;0
1;2025-11-24;5;0
1;2025-11-24;6;0
1;2025-11-24;7;0
1;2025-11-24;8;0
1;2025-11-24;9;0
1;2025-11-24;10;0
1;2025-11-24;11;0
1;2025-11-24;12;0
1;2025-11-24;13;0
1;2025-11-24;14;0
1;2025-11-24;15;0
1;2025-11-24;16;0
1;2025-11-24;17;0
1;2025-11-24;18;0
1;2025-11-24;19;0
1;2025-11-24;20;0
1;2025-11-24;21;0
1;2025-11-24;22;0
1;2025-11-24;23;0
1;2025-11-25;0;0
1;2025-11-25;1;0
1;2025-11-25;2;0
1;2025-11-25;3;0
1;2025-11-25;4;0
1;2025-11-25;5;0
1;2025-11-25;6;0
1;2025-11-25;7;0
1;2025-11-25;8;0
1;2025-11-25;9;0
1;2025-11-25;10;0
1;2025-11-25;11;0
1;2025-11-25;12;0
1;2025-11-25;13;0
1;2025-11-25;14;0
1;2025-11-25;15;0
1;2025-11-25;16;0
1;2025-11-25;17;0
1;2025-11-25;18;0
1;2025-11-25;19;0
1;2025-11-25;20;0
1;2025-11-25;21;0
1;2025-11-25;22;0
1;2025-11-25;23;0
1;2025-11-26;0;0
1;2025-11-26;1;0
1;2025-11-26;2;0
1;2025-11-26;3;0
1;2025-11-26;4;0
1;2025-11-26;5;0
1;2025-11-26;6;0
1;2025-11-26;7;0
1;2025-11-26;8;0
1;2025-11-26;9;0
1;2025-11-26;10;0
1;2025-11-26;11;0
1;2025-11-26;12;0
1;2025-11-26;13;0
1;2025-11-26;14;0
1;2025-11-26;15;0
1;2025-11-26;16;0
1;2025-11-26;17;0
1;2025-11-26;18;0
1;2025-11-26;19;0
1;2025-11-26;20;0
1;2025-11-26;21;0
1;2025-11-26;22;0
1;2025-11-26;23;0
1;2025-11-27;0;0
1;2025-11-27;1;0
1;2025-11-27;2;0
1;2025-11-27;3;0
1;2025-11-27;4;0
1;2025-11-27;5;0
1;2025-11-27;6;0
1;2025-11-27;7;0
1;2025-11-27;8;0
1;2025-11-27;9;0
1;2025-11-27;10;0
1;2025-11-27;11;0
1;2025-11-27;12;0
1;2025-11-27;13;0
1;2025-11-27;14;0
1;2025-11-27;15;0
1;2025-11-27;16;0
1;2025-11-27;17;0
1;2025-11-27;18;0
1;2025-11-27;19;0
1;2025-11-27;20;0
1;2025-11-27;21;0
1;2025-11-27;22;0
1;2025-11-27;23;0
1;2025-11-28;0;0
1;2025-11-28;1;0
1;2025-11-28;2;0
1;2025-11-28;3;0
1;2025-11-28;4;0
1;2025-11-28;5;0
1;2025-11-28;6;0
1;2025-11-28;7;0
1;2025-11-28;8;0
1;2025-11-28;9;0
1;2025-11-28;10;0
1;2025-11-28;11;0
1;2025-11-28;12;0
1;2025-11-28;13;0
1;2025-11-28;14;0
1;2025-11-28;15;0
1;2025-11-28;16;0
1;2025-11-28;17;0
1;2025-11-28;18;0
1;2025-11-28;19;0
1;2025-11-28;20;0
1;2025-11-28;21;0
1;2025-11-28;22;0
1;2025-11-28;23;0
1;2025-11-29;0;0
1;2025-11-29;1;0
1;2025-11-29;2;0
1;2025-11-29;3;0
1;2025-11-29;4;0
1;2025-11-29;5;0
1;2025-11-29;6;0
1;2025-11-29;7;0
1;2025-11-29;8;0
1;2025-11-29;9;0
1;2025-11-29;10;0
1;2025-11-29;11;0
1;2025-11-29;12;0
1;2025-11-29;13;0
1;2025-11-29;14;0
1;2025-11-29;15;0
1;2025-11-29;16;0
1;2025-11-29;17;0
1;2025-11-29;18;0
1;2025-11-29;19;0
1;2025-11-29;20;0
1;2025-11-29;21;0
1;2025-11-29;22;0
1;2025-11-29;23;0
1;2025-11-30;0;0
1;2025-11-30;1;0
1;2025-11-30;2;0
1;2025-11-30;3;0
1;2025-11-30;4;0
1;2025-11-30;5;0
1;2025-11-30;6;0
1;2025-11-30;7;0
1;2025-11-30;8;0
1;2025-11-30;9;0
1;2025-11-30;10;0
1;2025-11-30;11;0
1;2025-11-30;12;0
1;2025-11-30;13;0
1;2025-11-30;14;0
1;2025-11-30;15;0
1;2025-11-30;16;0
1;2025-11-30;17;0
1;2025-11-30;18;0
1;2025-11-30;19;0
1;2025-11-30;20;0
1;2025-11-30;21;0
1;2025-11-30;22;0
1;2025-11-30;23;0
1;2025-12-01;0;0
1;2025-12-01;1;0
1;2025-12-01;2;0
1;2025-12-01;3;0
1;2025-12-01;4;0
1;2025-12-01;5;0
1;2025-12-01;6;0
1;2025-12-01;7;0
1;2025-12-01;8;0
1;2025-12-01;9;0
1;2025-12-01;10;0
1;2025-12-01;11;0
1;2025-12-01;12;0
1;2025-12-01;13;0
1;2025-12-01;14;0
1;2025-12-01;15;0
1;2025-12-01;16;0
1;2025-12-01;17;0
1;2025-12-01;18;0
1;2025-12-01;19;0
1;2025-12-01;20;0
1;2025-12-01;21;0
1;2025-12-01;22;0
1;2025-12-01;23;0
1;2025-12-02;0;0
1;2025-12-02;1;0
1;2025-12-02;2;0
1;2025-12-02;3;0
1;2025-12-02;4;0
1;2025-12-02;5;0
1;2025-12-02;6;0
1;2025-12-02;7;0
1;2025-12-02;8;0
1;2025-12-02;9;0
1;2025-12-02;10;0
1;2025-12-02;11;0
1;2025-12-02;12;0
1;2025-12-02;13;0
1;2025-12-02;14;0
1;2025-12-02;15;0
1;2025-12-02;16;0
1;2025-12-02;17;0
1;2025-12-02;18;0
1;2025-12-02;19;0
1;2025-12-02;20;0
1;2025-12-02;21;0
1;2025-12-02;22;0
1;2025-12-02;23;0
1;2025-12-03;0;0
1;2025-12-03;1;0
1;2025-12-03;2;0
1;2025-12-03;3;0
1;2025-12-03;4;0
1;2025-12-03;5;0
1;2025-12-03;6;0
1;2025-12-03;7;0
1;2025-12-03;8;0
1;2025-12-03;9;0
1;2025-12-03;10;0
1;2025-12-03;11;0
1;2025-12-03;12;0
1;2025-12-03;13;0
1;2025-12-03;14;0
1;2025-12-03;15;0
1;2025-12-03;16;0
1;2025-12-03;17;0
1;2025-12-03;18;0
1;2025-12-03;19;0
1;2025-12-03;20;0
1;2025-12-03;21;0
1;2025-12-03;22;0
1;2025-12-03;23;0
1;2025-12-04;0;0
1;2025-12-04;1;0
1;2025-12-04;2;0
1;2025-12-04;3;0
1;2025-12-04;4;0
1;2025-12-04;5;0
1;2025-12-04;6;0
1;2025-12-04;7;0
1;2025-12-04;8;0
1;2025-12-04;9;0
1;2025-12-04;10;0
1;2025-12-04;11;0
1;2025-12-04;12;0
1;2025-12-04;13;0
1;2025-12-04;14;0
1;2025-12-04;15;0
1;2025-12-04;16;0
1;2025-12-04;17;0
1;2025-12-04;18;0
1;2025-12-04;19;0
1;2025-12-04;20;0
1;2025-12-04;21;0
1;2025-12-04;22;0
1;2025-12-04;23;0
1;2025-12-05;0;0
1;2025-12-05;1;0
1;2025-12-05;2;0
1;2025-12-05;3;0
1;2025-12-05;4;0
1;2025-12-05;5;0
1;2025-12-05;6;0
1;2025-12-05;7;0
1;2025-12-05;8;0
1;2025-12-05;9;0
1;2025-12-05;10;0
1;2025-12-05;11;0
1;2025-12-05;12;0
1;2025-12-05;13;0
1;2025-12-05;14;0
1;2025-12-05;15;0
1;2025-12-05;16;0
1;2025-12-05;17;0
1;2025-12-05;18;0
1;2025-12-05;19;0
1;2025-12-05;20;0
1;2025-12-05;21;0
1;2025-12-05;22;0
1;2025-12-05;23;0
1;2025-12-06;0;0
1;2025-12-06;1;0
1;2025-12-06;2;0
1;2025-12-06;3;0
1;2025-12-06;4;0
1;2025-12-06;5;0
1;2025-12-06;6;0
1;2025-12-06;7;0
1;2025-12-06;8;0
1;2025-12-06;9;0
1;2025-12-06;10;0
1;2025-12-06;11;0
1;2025-12-06;12;0
1;2025-12-06;13;0
1;2025-12-06;14;0
1;2025-12-06;15;0
1;2025-12-06;16;0
1;2025-12-06;17;0
1;2025-12-06;18;0
1;2025-12-06;19;0
1;2025-12-06;20;0
1;2025-12-06;21;0
1;2025-12-06;22;0
1;2025-12-06;23;0
1;2025-12-07;0;0
1;2025-12-07;1;0
1;2025-12-07;2;0
1;2025-12-07;3;0
1;2025-12-07;4;0
1;2025-12-07;5;0
1;2025-12-07;6;0
1;2025-12-07;7;0
1;2025-12-07;8;0
1;2025-12-07;9;0
1;2025-12-07;10;0
1;2025-12-07;11;0
1;2025-12-07;12;0
1;2025-12-07;13;0
1;2025-12-07;14;0
1;2025-12-07;15;0
1;2025-12-07;16;0
1;2025-12-07;17;0
1;2025-12-07;18;0
1;2025-12-07;19;0
1;2025-12-07;20;0
1;2025-12-07;21;0
1;2025-12-07;22;0
1;2025-12-07;23;0
1;2025-12-08;0;0
1;2025-12-08;1;0
1;2025-12-08;2;0
1;2025-12-08;3;0
1;2025-12-08;4;0
1;2025-12-08;5;0
1;2025-12-08;6;0
1;2025-12-08;7;0
1;2025-12-08;8;0
1;2025-12-08;9;0
1;2025-12-08;10;0
1;2025-12-08;11;0
1;2025-12-08;12;0
1;2025-12-08;13;0
1;2025-12-08;14;0
1;2025-12-08;15;0
1;2025-12-08;16;0
1;2025-12-08;17;0
1;2025-12-08;18;0
1;2025-12-08;19;0
1;2025-12-08;20;0
1;2025-12-08;21;0
1;2025-12-08;22;0
1;2025-12-08;23;0
1;2025-12-09;0;0
1;2025-12-09;1;0
1;2025-12-09;2;0
1;2025-12-09;3;0
1;2025-12-09;4;0
1;2025-12-09;5;0
1;2025-12-09;6;0
1;2025-12-09;7;0
1;2025-12-09;8;0
1;2025-12-09;9;0
1;2025-12-09;10;0
1;2025-12-09;11;0
1;2025-12-09;12;0
1;2025-12-09;13;0
1;2025-12-09;14;0
1;2025-12-09;15;0
1;2025-12-09;16;0
1;2025-12-09;17;0
1;2025-12-09;18;0
1;2025-12-09;19;0
1;2025-12-09;20;0
1;2025-12-09;21;0
1;2025-12-09;22;0
1;2025-12-09;23;0
1;2025-12-10;0;0
1;2025-12-10;1;0
1;2025-12-10;2;0
1;2025-12-10;3;0
1;2025-12-10;4;0
1;2025-12-10;5;0
1;2025-12-10;6;0
1;2025-12-10;7;0
1;2025-12-10;8;0
1;2025-12-10;9;0
1;2025-12-10;10;0
1;2025-12-10;11;0
1;2025-12-10;12;0
1;2025-12-10;13;0
1;2025-12-10;14;0
1;2025-12-10;15;0
1;2025-12-10;16;0
1;2025-12-10;17;0
1;2025-12-10;18;0
1;2025-12-10;19;0
1;2025-12-10;20;0
1;2025-12-10;21;0
1;2025-12-10;22;0
1;2025-12-10;23;0
1;2025-12-11;0;0
1;2025-12-11;1;0
1;2025-12-11;2;0
1;2025-12-11;3;0
1;2025-12-11;4;0
1;2025-12-11;5;0
1;2025-12-11;6;0
1;2025-12-11;7;0
1;2025-12-11;8;0
1;2025-12-11;9;0
1;2025-12-11;10;0
1;2025-12-11;11;0
1;2025-12-11;12;0
1;2025-12-11;13;0
1;2025-12-11;14;0
1;2025-12-11;15;0
1;2025-12-11;16;0
1;2025-12-11;17;0
1;2025-12-11;18;0
1;2025-12-11;19;0
1;2025-12-11;20;0
1;2025-12-11;21;0
1;2025-12-11;22;0
1;2025-12-11;23;0
1;2025-12-12;0;0
1;2025-12-12;1;0
1;2025-12-12;2;0
1;2025-12-12;3;0
1;2025-12-12;4;0
1;2025-12-12;5;0
1;2025-12-12;6;0
1;2025-12-12;7;0
1;2025-12-12;8;0
1;2025-12-12;9;0
1;2025-12-12;10;0
1;2025-12-12;11;0
1;2025-12-12;12;0
1;2025-12-12;13;0
1;2025-12-12;14;0
1;2025-12-12;15;0
1;2025-12-12;16;0
1;2025-12-12;17;0
1;2025-12-12;18;0
1;2025-12-12;19;0
1;2025-12-12;20;0
1;2025-12-12;21;0
1;2025-12-12;22;0
1;2025-12-12;23;0
1;2025-12-13;0;0
1;2025-12-13;1;0
1;2025-12-13;2;0
1;2025-12-13;3;0
1;2025-12-13;4;0
1;2025-12-13;5;0
1;2025-12-13;6;0
1;2025-12-13;7;0
1;2025-12-13;8;0
1;2025-12-13;9;0
1;2025-12-13;10;0
1;2025-12-13;11;0
1;2025-12-13;12;0
1;2025-12-13;13;0
1;2025-12-13;14;0
1;2025-12-13;15;0
1;2025-12-13;16;0
1;2025-12-13;17;0
1;2025-12-13;18;0
1;2025-12-13;19;0
1;2025-12-13;20;0
1;2025-12-13;21;0
1;2025-12-13;22;0
1;2025-12-13;23;0
1;2025-12-14;0;0
1;2025-12-14;1;0
1;2025-12-14;2;0
1;2025-12-14;3;0
1;2025-12-14;4;0
1;2025-12-14;5;0
1;2025-12-14;6;0
1;2025-12-14;7;0
1;2025-12-14;8;0
1;2025-12-14;9;0
1;2025-12-14;10;0
1;2025-12-14;11;0
1;2025-12-14;12;0
1;2025-12-14;13;0
1;2025-12-14;14;0
1;2025-12-14;15;0
1;2025-12-14;16;0
1;2025-12-14;17;0
1;2025-12-14;18;0
1;2025-12-14;19;0
1;2025-12-14;20;0
1;2025-12-14;21;0
1;2025-12-14;22;0
1;2025-12-14;23;0
1;2025-12-15;0;0
1;2025-12-15;1;0
1;2025-12-15;2;0
1;2025-12-15;3;0
1;2025-12-15;4;0
1;2025-12-15;5;0
1;2025-12-15;6;0
1;2025-12-15;7;0
1;2025-12-15;8;0
1;2025-12-15;9;0
1;2025-12-15;10;0
1;2025-12-15;11;0
1;2025-12-15;12;0
1;2025-12-15;13;0
1;2025-12-15;14;0
1;2025-12-15;15;0
1;2025-12-15;16;0
1;2025-12-15;17;0
1;2025-12-15;18;0
1;2025-12-15;19;0
1;2025-12-15;20;0
1;2025-12-15;21;0
1;2025-12-15;22;0
1;2025-12-15;23;0
1;2025-12-16;0;0
1;2025-12-16;1;0
1;2025-12-16;2;0
1;2025-12-16;3;0
1;2025-12-16;4;0
1;2025-12-16;5;0
1;2025-12-16;6;0
1;2025-12-16;7;0
1;2025-12-16;8;0
1;2025-12-16;9;0
1;2025-12-16;10;0
1;2025-12-16;11;0
1;2025-12-16;12;0
1;2025-12-16;13;0
1;2025-12-16;14;0
1;2025-12-16;15;0
1;2025-12-16;16;0
1;2025-12-16;17;0
1;2025-12-16;18;0
1;2025-12-16;19;0
1;2025-12-16;20;0
1;2025-12-16;21;0
1;2025-12-16;22;0
1;2025-12-16;23;0
1;2025-12-17;0;0
1;2025-12-17;1;0
1;2025-12-17;2;0
1;2025-12-17;3;0
1;2025-12-17;4;0
1;2025-12-17;5;0
1;2025-12-17;6;0
1;2025-12-17;7;0
1;2025-12-17;8;0
1;2025-12-17;9;0
1;2025-12-17;10;0
1;2025-12-17;11;0
1;2025-12-17;12;0
1;2025-12-17;13;0
1;2025-12-17;14;0
1;2025-12-17;15;0
1;2025-12-17;16;0
1;2025-12-17;17;0
1;2025-12-17;18;0
1;2025-12-17;19;0
1;2025-12-17;20;0
1;2025-12-17;21;0
1;2025-12-17;22;0
1;2025-12-17;23;0
1;2025-12-18;0;0
1;2025-12-18;1;0
1;2025-12-18;2;0
1;2025-12-18;3;0
1;2025-12-18;4;0
1;2025-12-18;5;0
1;2025-12-18;6;0
1;2025-12-18;7;0
1;2025-12-18;8;0
1;2025-12-18;9;0
1;2025-12-18;10;0
1;2025-12-18;11;0
1;2025-12-18;12;0
1;2025-12-18;13;0
1;2025-12-18;14;0
1;2025-12-18;15;0
1;2025-12-18;16;0
1;2025-12-18;17;0
1;2025-12-18;18;0
1;2025-12-18;19;0
1;2025-12-18;20;0
1;2025-12-18;21;0
1;2025-12-18;22;0
1;2025-12-18;23;0
1;2025-12-19;0;0
1;2025-12-19;1;0
1;2025-12-19;2;0
1;2025-12-19;3;0
1;2025-12-19;4;0
1;2025-12-19;5;0
1;2025-12-19;6;0
1;2025-12-19;7;0
1;2025-12-19;8;0
1;2025-12-19;9;0
1;2025-12-19;10;0
1;2025-12-19;11;0
1;2025-12-19;12;0
1;2025-12-19;13;0
1;2025-12-19;14;0
1;2025-12-19;15;0
1;2025-12-19;16;0
1;2025-12-19;17;0
1;2025-12-19;18;0
1;2025-12-19;19;0
1;2025-12-19;20;0
1;2025-12-19;21;0
1;2025-12-19;22;0
1;2025-12-19;23;0
1;2025-12-20;0;0
1;2025-12-20;1;0
1;2025-12-20;2;0
1;2025-12-20;3;0
1;2025-12-20;4;0
1;2025-12-20;5;0
1;2025-12-20;6;0
1;2025-12-20;7;0
1;2025-12-20;8;0
1;2025-12-20;9;0
1;2025-12-20;10;0
1;2025-12-20;11;0
1;2025-12-20;12;0
1;2025-12-20;13;0
1;2025-12-20;14;0
1;2025-12-20;15;0
1;2025-12-20;16;0
1;2025-12-20;17;0
1;2025-12-20;18;0
1;2025-12-20;19;0
1;2025-12-20;20;0
1;2025-12-20;21;0
1;2025-12-20;22;0
1;2025-12-20;23;0
1;2025-12-21;0;0
1;2025-12-21;1;0
1;2025-12-21;2;0
1;2025-12-21;3;0
1;2025-12-21;4;0
1;2025-12-21;5;0
1;2025-12-21;6;0
1;2025-12-21;7;0
1;2025-12-21;8;0
1;2025-12-21;9;0
1;2025-12-21;10;0
1;2025-12-21;11;0
1;2025-12-21;12;0
1;2025-12-21;13;0
1;2025-12-21;14;0
1;2025-12-21;15;0
1;2025-12-21;16;0
1;2025-12-21;17;0
1;2025-12-21;18;0
1;2025-12-21;19;0
1;2025-12-21;20;0
1;2025-12-21;21;0
1;2025-12-21;22;0
1;2025-12-21;23;0
1;2025-12-22;0;0
1;2025-12-22;1;0
1;2025-12-22;2;0
1;2025-12-22;3;0
1;2025-12-22;4;0
1;2025-12-22;5;0
1;2025-12-22;6;0
1;2025-12-22;7;0
1;2025-12-22;8;0
1;2025-12-22;9;0
1;2025-12-22;10;0
1;2025-12-22;11;0
1;2025-12-22;12;0
1;2025-12-22;13;0
1;2025-12-22;14;0
1;2025-12-22;15;0
1;2025-12-22;16;0
1;2025-12-22;17;0
1;2025-12-22;18;0
1;2025-12-22;19;0
1;2025-12-22;20;0
1;2025-12-22;21;0
1;2025-12-22;22;0
1;2025-12-22;23;0
1;2025-12-23;0;0
1;2025-12-23;1;0
1;2025-12-23;2;0
1;2025-12-23;3;0
1;2025-12-23;4;0
1;2025-12-23;5;0
1;2025-12-23;6;0
1;2025-12-23;7;0
1;2025-12-23;8;0
1;2025-12-23;9;0
1;2025-12-23;10;0
1;2025-12-23;11;0
1;2025-12-23;12;0
1;2025-12-23;13;0
1;2025-12-23;14;0
1;2025-12-23;15;0
1;2025-12-23;16;0
1;2025-12-23;17;0
1;2025-12-23;18;0
1;2025-12-23;19;0
1;2025-12-23;20;0
1;2025-12-23;21;0
1;2025-12-23;22;0
1;2025-12-23;23;0
1;2025-12-24;0;0
1;2025-12-24;1;0
1;2025-12-24;2;0
1;2025-12-24;3;0
1;2025-12-24;4;0
1;2025-12-24;5;0
1;2025-12-24;6;0
1;2025-12-24;7;0
1;2025-12-24;8;0
1;2025-12-24;9;0
1;2025-12-24;10;0
1;2025-12-24;11;0
1;2025-12-24;12;0
1;2025-12-24;13;0
1;2025-12-24;14;0
1;2025-12-24;15;0
1;2025-12-24;16;0
1;2025-12-24;17;0
1;2025-12-24;18;0
1;2025-12-24;19;0
1;2025-12-24;20;0
1;2025-12-24;21;0
1;2025-12-24;22;0
1;2025-12-24;23;0
1;2025-12-25;0;0
1;2025-12-25;1;0
1;2025-12-25;2;0
1;2025-12-25;3;0
1;2025-12-25;4;0
1;2025-12-25;5;0
1;2025-12-25;6;0
1;2025-12-25;7;0
1;2025-12-25;8;0
1;2025-12-25;9;0
1;2025-12-25;10;0
1;2025-12-25;11;0
1;2025-12-25;12;0
1;2025-12-25;13;0
1;2025-12-25;14;0
1;2025-12-25;15;0
1;2025-12-25;16;0
1;2025-12-25;17;0
1;2025-12-25;18;0
1;2025-12-25;19;0
1;2025-12-25;20;0
1;2025-12-25;21;0
1;2025-12-25;22;0
1;2025-12-25;23;0
1;2025-12-26;0;0
1;2025-12-26;1;0
1;2025-12-26;2;0
1;2025-12-26;3;0
1;2025-12-26;4;0
1;2025-12-26;5;0
1;2025-12-26;6;0
1;2025-12-26;7;0
1;2025-12-26;8;0
1;2025-12-26;9;0
1;2025-12-26;10;0
1;2025-12-26;11;0
1;2025-12-26;12;0
1;2025-12-26;13;0
1;2025-12-26;14;0
1;2025-12-26;15;0
1;2025-12-26;16;0
1;2025-12-26;17;0
1;2025-12-26;18;0
1;2025-12-26;19;0
1;2025-12-26;20;0
1;2025-12-26;21;0
1;2025-12-26;22;0
1;2025-12-26;23;0
1;2025-12-27;0;0
1;2025-12-27;1;0
1;2025-12-27;2;0
1;2025-12-27;3;0
1;2025-12-27;4;0
1;2025-12-27;5;0
1;2025-12-27;6;0
1;2025-12-27;7;0
1;2025-12-27;8;0
1;2025-12-27;9;0
1;2025-12-27;10;0
1;2025-12-27;11;0
1;2025-12-27;12;0
1;2025-12-27;13;0
1;2025-12-27;14;0
1;2025-12-27;15;0
1;2025-12-27;16;0
1;2025-12-27;17;0
1;2025-12-27;18;0
1;2025-12-27;19;0
1;2025-12-27;20;0
1;2025-12-27;21;0
1;2025-12-27;22;0
1;2025-12-27;23;0
1;2025-12-28;0;0
1;2025-12-28;1;0
1;2025-12-28;2;0
1;2025-12-28;3;0
1;2025-12-28;4;0
1;2025-12-28;5;0
1;2025-12-28;6;0
1;2025-12-28;7;0
1;2025-12-28;8;0
1;2025-12-28;9;0
1;2025-12-28;10;0
1;2025-12-28;11;0
1;2025-12-28;12;0
1;2025-12-28;13;0
1;2025-12-28;14;0
1;2025-12-28;15;0
1;2025-12-28;16;0
1;2025-12-28;17;0
1;2025-12-28;18;0
1;2025-12-28;19;0
1;2025-12-28;20;0
1;2025-12-28;21;0
1;2025-12-28;22;0
1;2025-12-28;23;0
1;2025-12-29;0;0
1;2025-12-29;1;0
1;2025-12-29;2;0
1;2025-12-29;3;0
1;2025-12-29;4;0
1;2025-12-29;5;0
1;2025-12-29;6;0
1;2025-12-29;7;0
1;2025-12-29;8;0
1;2025-12-29;9;0
1;2025-12-29;10;0
1;2025-12-29;11;0
1;2025-12-29;12;0
1;2025-12-29;13;0
1;2025-12-29;14;0
1;2025-12-29;15;0
1;2025-12-29;16;0
1;2025-12-29;17;0
1;2025-12-29;18;0
1;2025-12-29;19;0
1;2025-12-29;20;0
1;2025-12-29;21;0
1;2025-12-29;22;0
1;2025-12-29;23;0
1;2025-12-30;0;0
1;2025-12-30;1;0
1;2025-12-30;2;0
1;2025-12-30;3;0
1;2025-12-30;4;0
1;2025-12-30;5;0
1;2025-12-30;6;0
1;2025-12-30;7;0
1;2025-12-30;8;0
1;2025-12-30;9;0
1;2025-12-30;10;0
1;2025-12-30;11;0
1;2025-12-30;12;0
1;2025-12-30;13;0
1;2025-12-30;14;0
1;2025-12-30;15;0
1;2025-12-30;16;0
1;2025-12-30;17;0
1;2025-12-30;18;0
1;2025-12-30;19;0
1;2025-12-30;20;0
1;2025-12-30;21;0
1;2025-12-30;22;0
1;2025-12-30;23;0
1;2025-12-31;0;0
1;2025-12-31;1;0
1;2025-12-31;2;0
1;2025-12-31;3;0
1;2025-12-31;4;0
1;2025-12-31;5;0
1;2025-12-31;6;0
1;2025-12-31;7;0
1;2025-12-31;8;0
1;2025-12-31;9;0
1;2025-12-31;10;0
1;2025-12-31;11;0
1;2025-12-31;12;0
1;2025-12-31;13;0
1;2025-12-31;14;0
1;2025-12-31;15;0
1;2025-12-31;16;0
1;2025-12-31;17;0
1;2025-12-31;18;0
1;2025-12-31;19;0
1;2025-12-31;20;0
1;2025-12-31;21;0
1;2025-12-31;22;0
1;2025-12-31;23;0
5;2025-11-01;0;0
5;2025-11-01;1;0
5;2025-11-01;2;0
5;2025-11-01;3;0
5;2025-11-01;4;0
5;2025-11-01;5;0
5;2025-11-01;6;0
5;2025-11-01;7;0
5;2025-11-01;8;0
5;2025-11-01;9;0
5;2025-11-01;10;0
5;2025-11-01;11;0
5;2025-11-01;12;0
5;2025-11-01;13;0
5;2025-11-01;14;0
5;2025-11-01;15;0
5;2025-11-01;16;0
5;2025-11-01;17;0
5;2025-11-01;18;0
5;2025-11-01;19;0
5;2025-11-01;20;0
5;2025-11-01;21;0
5;2025-11-01;22;0
5;2025-11-01;23;0
5;2025-11-02;0;0
5;2025-11-02;1;0
5;2025-11-02;2;0
5;2025-11-02;3;0
5;2025-11-02;4;0
5;2025-11-02;5;0
5;2025-11-02;6;0
5;2025-11-02;7;0
5;2025-11-02;8;0
5;2025-11-02;9;0
5;2025-11-02;10;0
5;2025-11-02;11;0
5;2025-11-02;12;0
5;2025-11-02;13;0
5;2025-11-02;14;0
5;2025-11-02;15;0
5;2025-11-02;16;0
5;2025-11-02;17;0
5;2025-11-02;18;0
5;2025-11-02;19;0
5;2025-11-02;20;0
5;2025-11-02;21;0
5;2025-11-02;22;0
5;2025-11-02;23;0
5;2025-11-03;0;0
5;2025-11-03;1;0
5;2025-11-03;2;0
5;2025-11-03;3;0
5;2025-11-03;4;0
5;2025-11-03;5;0
5;2025-11-03;6;0
5;2025-11-03;7;0
5;2025-11-03;8;0
5;2025-11-03;9;0
5;2025-11-03;10;0
5;2025-11-03;11;0
5;2025-11-03;12;0
5;2025-11-03;13;0
5;2025-11-03;14;0
5;2025-11-03;15;0
5;2025-11-03;16;0
5;2025-11-03;17;0
5;2025-11-03;18;0
5;2025-11-03;19;0
5;2025-11-03;20;0
5;2025-11-03;21;0
5;2025-11-03;22;0
5;2025-11-03;23;0
5;2025-11-04;0;0
5;2025-11-04;1;0
5;2025-11-04;2;0
5;2025-11-04;3;0
5;2025-11-04;4;0
5;2025-11-04;5;0
5;2025-11-04;6;0
5;2025-11-04;7;0
5;2025-11-04;8;0
5;2025-11-04;9;0
5;2025-11-04;10;0
5;2025-11-04;11;0
5;2025-11-04;12;0
5;2025-11-04;13;0
5;2025-11-04;14;0
5;2025-11-04;15;0
5;2025-11-04;16;0
5;2025-11-04;17;0
5;2025-11-04;18;0
5;2025-11-04;19;0
5;2025-11-04;20;0
5;2025-11-04;21;0
5;2025-11-04;22;0
5;2025-11-04;23;0
5;2025-11-05;0;0
5;2025-11-05;1;0
5;2025-11-05;2;0
5;2025-11-05;3;0
5;2025-11-05;4;0
5;2025-11-05;5;0
5;2025-11-05;6;0
5;2025-11-05;7;0
5;2025-11-05;8;0
5;2025-11-05;9;0
5;2025-11-05;10;0
5;2025-11-05;11;0
5;2025-11-05;12;0
5;2025-11-05;13;0
5;2025-11-05;14;0
5;2025-11-05;15;0
5;2025-11-05;16;0
5;2025-11-05;17;0
5;2025-11-05;18;0
5;2025-11-05;19;0
5;2025-11-05;20;0
5;2025-11-05;21;0
5;2025-11-05;22;0
5;2025-11-05;23;0
5;2025-11-06;0;0
5;2025-11-06;1;0
5;2025-11-06;2;0
5;2025-11-06;3;0
5;2025-11-06;4;0
5;2025-11-06;5;0
5;2025-11-06;6;0
5;2025-11-06;7;0
5;2025-11-06;8;0
5;2025-11-06;9;0
5;2025-11-06;10;0
5;2025-11-06;11;0
5;2025-11-06;12;0
5;2025-11-06;13;0
5;2025-11-06;14;0
5;2025-11-06;15;0
5;2025-11-06;16;0
5;2025-11-06;17;0
5;2025-11-06;18;0
5;2025-11-06;19;0
5;2025-11-06;20;0
5;2025-11-06;21;0
5;2025-11-06;22;0
5;2025-11-06;23;0
5;2025-11-07;0;0
5;2025-11-07;1;0
5;2025-11-07;2;0
5;2025-11-07;3;0
5;2025-11-07;4;0
5;2025-11-07;5;0
5;2025-11-07;6;0
5;2025-11-07;7;0
5;2025-11-07;8;0
5;2025-11-07;9;0
5;2025-11-07;10;0
5;2025-11-07;11;0
5;2025-11-07;12;0
5;2025-11-07;13;0
5;2025-11-07;14;0
5;2025-11-07;15;0
5;2025-11-07;16;0
5;2025-11-07;17;0
5;2025-11-07;18;0
5;2025-11-07;19;0
5;2025-11-07;20;0
5;2025-11-07;21;0
5;2025-11-07;22;0
5;2025-11-07;23;0
5;2025-11-08;0;0
5;2025-11-08;1;0
5;2025-11-08;2;0
5;2025-11-08;3;0
5;2025-11-08;4;0
5;2025-11-08;5;0
5;2025-11-08;6;0
5;2025-11-08;7;0
5;2025-11-08;8;0
5;2025-11-08;9;0
5;2025-11-08;10;0
5;2025-11-08;11;0
5;2025-11-08;12;0
5;2025-11-08;13;0
5;2025-11-08;14;0
5;2025-11-08;15;0
5;2025-11-08;16;0
5;2025-11-08;17;0
5;2025-11-08;18;0
5;2025-11-08;19;0
5;2025-11-08;20;0
5;2025-11-08;21;0
5;2025-11-08;22;0
5;2025-11-08;23;0
5;2025-11-09;0;0
5;2025-11-09;1;0
5;2025-11-09;2;0
5;2025-11-09;3;0
5;2025-11-09;4;0
5;2025-11-09;5;0
5;2025-11-09;6;0
5;2025-11-09;7;0
5;2025-11-09;8;0
5;2025-11-09;9;0
5;2025-11-09;10;0
5;2025-11-09;11;0
5;2025-11-09;12;0
5;2025-11-09;13;0
5;2025-11-09;14;0
5;2025-11-09;15;0
5;2025-11-09;16;0
5;2025-11-09;17;0
5;2025-11-09;18;0
5;2025-11-09;19;0
5;2025-11-09;20;0
5;2025-11-09;21;0
5;2025-11-09;22;0
5;2025-11-09;23;0
5;2025-11-10;0;0
5;2025-11-10;1;0
5;2025-11-10;2;0
5;2025-11-10;3;0
5;2025-11-10;4;0
5;2025-11-10;5;0
5;2025-11-10;6;0
5;2025-11-10;7;0
5;2025-11-10;8;0
5;2025-11-10;9;0
5;2025-11-10;10;0
5;2025-11-10;11;0
5;2025-11-10;12;0
5;2025-11-10;13;0
5;2025-11-10;14;0
5;2025-11-10;15;0
5;2025-11-10;16;0
5;2025-11-10;17;0
5;2025-11-10;18;0
5;2025-11-10;19;0
5;2025-11-10;20;0
5;2025-11-10;21;0
5;2025-11-10;22;0
5;2025-11-10;23;0
5;2025-11-11;0;0
5;2025-11-11;1;0
5;2025-11-11;2;0
5;2025-11-11;3;0
5;2025-11-11;4;0
5;2025-11-11;5;0
5;2025-11-11;6;0
5;2025-11-11;7;0
5;2025-11-11;8;0
5;2025-11-11;9;0
5;2025-11-11;10;0
5;2025-11-11;11;0
5;2025-11-11;12;0
5;2025-11-11;13;0
5;2025-11-11;14;0
5;2025-11-11;15;0
5;2025-11-11;16;0
5;2025-11-11;17;0
5;2025-11-11;18;0
5;2025-11-11;19;0
5;2025-11-11;20;0
5;2025-11-11;21;0
5;2025-11-11;22;0
5;2025-11-11;23;0
5;2025-11-12;0;0
5;2025-11-12;1;0
5;2025-11-12;2;0
5;2025-11-12;3;0
5;2025-11-12;4;0
5;2025-11-12;5;0
5;2025-11-12;6;0
5;2025-11-12;7;0
5;2025-11-12;8;0
5;2025-11-12;9;0
5;2025-11-12;10;0
5;2025-11-12;11;0
5;2025-11-12;12;0
5;2025-11-12;13;0
5;2025-11-12;14;0
5;2025-11-12;15;0
5;2025-11-12;16;0
5;2025-11-12;17;0
5;2025-11-12;18;0
5;2025-11-12;19;0
5;2025-11-12;20;0
5;2025-11-12;21;0
5;2025-11-12;22;0
5;2025-11-12;23;0
5;2025-11-13;0;0
5;2025-11-13;1;0
5;2025-11-13;2;0
5;2025-11-13;3;0
5;2025-11-13;4;0
5;2025-11-13;5;0
5;2025-11-13;6;0
5;2025-11-13;7;0
5;2025-11-13;8;0
5;2025-11-13;9;0
5;2025-11-13;10;0
5;2025-11-13;11;0
5;2025-11-13;12;0
5;2025-11-13;13;0
5;2025-11-13;14;0
5;2025-11-13;15;0
5;2025-11-13;16;0
5;2025-11-13;17;0
5;2025-11-13;18;0
5;2025-11-13;19;0
5;2025-11-13;20;0
5;2025-11-13;21;0
5;2025-11-13;22;0
5;2025-11-13;23;0
5;2025-11-14;0;0
5;2025-11-14;1;0
5;2025-11-14;2;0
5;2025-11-14;3;0
5;2025-11-14;4;0
5;2025-11-14;5;0
5;2025-11-14;6;0
5;2025-11-14;7;0
5;2025-11-14;8;0
5;2025-11-14;9;0
5;2025-11-14;10;0
5;2025-11-14;11;0
5;2025-11-14;12;0
5;2025-11-14;13;0
5;2025-11-14;14;0
5;2025-11-14;15;0
5;2025-11-14;16;0
5;2025-11-14;17;0
5;2025-11-14;18;0
5;2025-11-14;19;0
5;2025-11-14;20;0
5;2025-11-14;21;0
5;2025-11-14;22;0
5;2025-11-14;23;0
5;2025-11-15;0;0
5;2025-11-15;1;0
5;2025-11-15;2;0
5;2025-11-15;3;0
5;2025-11-15;4;0
5;2025-11-15;5;0
5;2025-11-15;6;0
5;2025-11-15;7;0
5;2025-11-15;8;0
5;2025-11-15;9;0
5;2025-11-15;10;0
5;2025-11-15;11;0
5;2025-11-15;12;0
5;2025-11-15;13;0
5;2025-11-15;14;0
5;2025-11-15;15;0
5;2025-11-15;16;0
5;2025-11-15;17;0
5;2025-11-15;18;0
5;2025-11-15;19;0
5;2025-11-15;20;0
5;2025-11-15;21;0
5;2025-11-15;22;0
5;2025-11-15;23;0
5;2025-11-16;0;0
5;2025-11-16;1;0
5;2025-11-16;2;0
5;2025-11-16;3;0
5;2025-11-16;4;0
5;2025-11-16;5;0
5;2025-11-16;6;0
5;2025-11-16;7;0
5;2025-11-16;8;0
5;2025-11-16;9;0
5;2025-11-16;10;0
5;2025-11-16;11;0
5;2025-11-16;12;0
5;2025-11-16;13;0
5;2025-11-16;14;0
5;2025-11-16;15;0
5;2025-11-16;16;0
5;2025-11-16;17;0
5;2025-11-16;18;0
5;2025-11-16;19;0
5;2025-11-16;20;0
5;2025-11-16;21;0
5;2025-11-16;22;0
5;2025-11-16;23;0
5;2025-11-17;0;0
5;2025-11-17;1;0
5;2025-11-17;2;0
5;2025-11-17;3;0
5;2025-11-17;4;0
5;2025-11-17;5;0
5;2025-11-17;6;0
5;2025-11-17;7;0
5;2025-11-17;8;0
5;2025-11-17;9;0
5;2025-11-17;10;0
5;2025-11-17;11;0
5;2025-11-17;12;0
5;2025-11-17;13;0
5;2025-11-17;14;0
5;2025-11-17;15;0
5;2025-11-17;16;0
5;2025-11-17;17;0
5;2025-11-17;18;0
5;2025-11-17;19;0
5;2025-11-17;20;0
5;2025-11-17;21;0
5;2025-11-17;22;0
5;2025-11-17;23;0
5;2025-11-18;0;0
5;2025-11-18;1;0
5;2025-11-18;2;0
5;2025-11-18;3;0
5;2025-11-18;4;0
5;2025-11-18;5;0
5;2025-11-18;6;0
5;2025-11-18;7;0
5;2025-11-18;8;0
5;2025-11-18;9;0
5;2025-11-18;10;0
5;2025-11-18;11;0
5;2025-11-18;12;0
5;2025-11-18;13;0
5;2025-11-18;14;0
5;2025-11-18;15;0
5;2025-11-18;16;0
5;2025-11-18;17;0
5;2025-11-18;18;0
5;2025-11-18;19;0
5;2025-11-18;20;0
5;2025-11-18;21;0
5;2025-11-18;22;0
5;2025-11-18;23;0
5;2025-11-19;0;0
5;2025-11-19;1;0
5;2025-11-19;2;0
5;2025-11-19;3;0
5;2025-11-19;4;0
5;2025-11-19;5;0
5;2025-11-19;6;0
5;2025-11-19;7;0
5;2025-11-19;8;0
5;2025-11-19;9;0
5;2025-11-19;10;0
5;2025-11-19;11;0
5;2025-11-19;12;0
5;2025-11-19;13;0
5;2025-11-19;14;0
5;2025-11-19;15;0
5;2025-11-19;16;0
5;2025-11-19;17;0
5;2025-11-19;18;0
5;2025-11-19;19;0
5;2025-11-19;20;0
5;2025-11-19;21;0
5;2025-11-19;22;0
5;2025-11-19;23;0
5;2025-11-20;0;0
5;2025-11-20;1;0
5;2025-11-20;2;0
5;2025-11-20;3;0
5;2025-11-20;4;0
5;2025-11-20;5;0
5;2025-11-20;6;0
5;2025-11-20;7;0
5;2025-11-20;8;0
5;2025-11-20;9;0
5;2025-11-20;10;0
5;2025-11-20;11;0
5;2025-11-20;12;0
5;2025-11-20;13;0
5;2025-11-20;14;0
5;2025-11-20;15;0
5;2025-11-20;16;0
5;2025-11-20;17;0
5;2025-11-20;18;0
5;2025-11-20;19;0
5;2025-11-20;20;0
5;2025-11-20;21;0
5;2025-11-20;22;0
5;2025-11-20;23;0
5;2025-11-21;0;0
5;2025-11-21;1;0
5;2025-11-21;2;0
5;2025-11-21;3;0
5;2025-11-21;4;0
5;2025-11-21;5;0
5;2025-11-21;6;0
5;2025-11-21;7;0
5;2025-11-21;8;0
5;2025-11-21;9;0
5;2025-11-21;10;0
5;2025-11-21;11;0
5;2025-11-21;12;0
5;2025-11-21;13;0
5;2025-11-21;14;0
5;2025-11-21;15;0
5;2025-11-21;16;0
5;2025-11-21;17;0
5;2025-11-21;18;0
5;2025-11-21;19;0
5;2025-11-21;20;0
5;2025-11-21;21;0
5;2025-11-21;22;0
5;2025-11-21;23;0
5;2025-11-22;0;0
5;2025-11-22;1;0
5;2025-11-22;2;0
5;2025-11-22;3;0
5;2025-11-22;4;0
5;2025-11-22;5;0
5;2025-11-22;6;0
5;2025-11-22;7;0
5;2025-11-22;8;0
5;2025-11-22;9;0
5;2025-11-22;10;0
5;2025-11-22;11;0
5;2025-11-22;12;0
5;2025-11-22;13;0
5;2025-11-22;14;0
5;2025-11-22;15;0
5;2025-11-22;16;0
5;2025-11-22;17;0
5;2025-11-22;18;0
5;2025-11-22;19;0
5;2025-11-22;20;0
5;2025-11-22;21;0
5;2025-11-22;22;0
5;2025-11-22;23;0
5;2025-11-23;0;0
5;2025-11-23;1;0
5;2025-11-23;2;0
5;2025-11-23;3;0
5;2025-11-23;4;0
5;2025-11-23;5;0
5;2025-11-23;6;0
5;2025-11-23;7;0
5;2025-11-23;8;0
5;2025-11-23;9;0
5;2025-11-23;10;0
5;2025-11-23;11;0
5;2025-11-23;12;0
5;2025-11-23;13;0
5;2025-11-23;14;0
5;2025-11-23;15;0
5;2025-11-23;16;0
5;2025-11-23;17;0
5;2025-11-23;18;0
5;2025-11-23;19;0
5;2025-11-23;20;0
5;2025-11-23;21;0
5;2025-11-23;22;0
5;2025-11-23;23;0
5;2025-11-24;0;0
5;2025-11-24;1;0
5;2025-11-24;2;0
5;2025-11-24;3;0
5;2025-11-24;4;0
5;2025-11-24;5;0
5;2025-11-24;6;0
5;2025-11-24;7;0
5;2025-11-24;8;0
5;2025-11-24;9;0
5;2025-11-24;10;0
5;2025-11-24;11;0
5;2025-11-24;12;0
5;2025-11-24;13;0
5;2025-11-24;14;0
5;2025-11-24;15;0
5;2025-11-24;16;0
5;2025-11-24;17;0
5;2025-11-24;18;0
5;2025-11-24;19;0
5;2025-11-24;20;0
5;2025-11-24;21;0
5;2025-11-24;22;0
5;2025-11-24;23;0
5;2025-11-25;0;0
5;2025-11-25;1;0
5;2025-11-25;2;0
5;2025-11-25;3;0
5;2025-11-25;4;0
5;2025-11-25;5;0
5;2025-11-25;6;0
5;2025-11-25;7;0
5;2025-11-25;8;0
5;2025-11-25;9;0
5;2025-11-25;10;0
5;2025-11-25;11;0
5;2025-11-25;12;0
5;2025-11-25;13;0
5;2025-11-25;14;0
5;2025-11-25;15;0
5;2025-11-25;16;0
5;2025-11-25;17;0
5;2025-11-25;18;0
5;2025-11-25;19;0
5;2025-11-25;20;0
5;2025-11-25;21;0
5;2025-11-25;22;0
5;2025-11-25;23;0
5;2025-11-26;0;0
5;2025-11-26;1;0
5;2025-11-26;2;0
5;2025-11-26;3;0
5;2025-11-26;4;0
5;2025-11-26;5;0
5;2025-11-26;6;0
5;2025-11-26;7;0
5;2025-11-26;8;0
5;2025-11-26;9;0
5;2025-11-26;10;0
5;2025-11-26;11;0
5;2025-11-26;12;0
5;2025-11-26;13;0
5;2025-11-26;14;0
5;2025-11-26;15;0
5;2025-11-26;16;0
5;2025-11-26;17;0
5;2025-11-26;18;0
5;2025-11-26;19;0
5;2025-11-26;20;0
5;2025-11-26;21;0
5;2025-11-26;22;0
5;2025-11-26;23;0
5;2025-11-27;0;0
5;2025-11-27;1;0
5;2025-11-27;2;0
5;2025-11-27;3;0
5;2025-11-27;4;0
5;2025-11-27;5;0
5;2025-11-27;6;0
5;2025-11-27;7;0
5;2025-11-27;8;0
5;2025-11-27;9;0
5;2025-11-27;10;0
5;2025-11-27;11;0
5;2025-11-27;12;0
5;2025-11-27;13;0
5;2025-11-27;14;0
5;2025-11-27;15;0
5;2025-11-27;16;0
5;2025-11-27;17;0
5;2025-11-27;18;0
5;2025-11-27;19;0
5;2025-11-27;20;0
5;2025-11-27;21;0
5;2025-11-27;22;0
5;2025-11-27;23;0
5;2025-11-28;0;0
5;2025-11-28;1;0
5;2025-11-28;2;0
5;2025-11-28;3;0
5;2025-11-28;4;0
5;2025-11-28;5;0
5;2025-11-28;6;0
5;2025-11-28;7;0
5;2025-11-28;8;0
5;2025-11-28;9;0
5;2025-11-28;10;0
5;2025-11-28;11;0
5;2025-11-28;12;0
5;2025-11-28;13;0
5;2025-11-28;14;0
5;2025-11-28;15;0
5;2025-11-28;16;0
5;2025-11-28;17;0
5;2025-11-28;18;0
5;2025-11-28;19;0
5;2025-11-28;20;0
5;2025-11-28;21;0
5;2025-11-28;22;0
5;2025-11-28;23;0
5;2025-11-29;0;0
5;2025-11-29;1;0
5;2025-11-29;2;0
5;2025-11-29;3;0
5;2025-11-29;4;0
5;2025-11-29;5;0
5;2025-11-29;6;0
5;2025-11-29;7;0
5;2025-11-29;8;0
5;2025-11-29;9;0
5;2025-11-29;10;0
5;2025-11-29;11;0
5;2025-11-29;12;0
5;2025-11-29;13;0
5;2025-11-29;14;0
5;2025-11-29;15;0
5;2025-11-29;16;0
5;2025-11-29;17;0
5;2025-11-29;18;0
5;2025-11-29;19;0
5;2025-11-29;20;0
5;2025-11-29;21;0
5;2025-11-29;22;0
5;2025-11-29;23;0
5;2025-11-30;0;0
5;2025-11-30;1;0
5;2025-11-30;2;0
5;2025-11-30;3;0
5;2025-11-30;4;0
5;2025-11-30;5;0
5;2025-11-30;6;0
5;2025-11-30;7;0
5;2025-11-30;8;0
5;2025-11-30;9;0
5;2025-11-30;10;0
5;2025-11-30;11;0
5;2025-11-30;12;0
5;2025-11-30;13;0
5;2025-11-30;14;0
5;2025-11-30;15;0
5;2025-11-30;16;0
5;2025-11-30;17;0
5;2025-11-30;18;0
5;2025-11-30;19;0
5;2025-11-30;20;0
5;2025-11-30;21;0
5;2025-11-30;22;0
5;2025-11-30;23;0
5;2025-12-01;0;0
5;2025-12-01;1;0
5;2025-12-01;2;0
5;2025-12-01;3;0
5;2025-12-01;4;0
5;2025-12-01;5;0
5;2025-12-01;6;0
5;2025-12-01;7;0
5;2025-12-01;8;0
5;2025-12-01;9;0
5;2025-12-01;10;0
5;2025-12-01;11;0
5;2025-12-01;12;0
5;2025-12-01;13;0
5;2025-12-01;14;0
5;2025-12-01;15;0
5;2025-12-01;16;0
5;2025-12-01;17;0
5;2025-12-01;18;0
5;2025-12-01;19;0
5;2025-12-01;20;0
5;2025-12-01;21;0
5;2025-12-01;22;0
5;2025-12-01;23;0
5;2025-12-02;0;0
5;2025-12-02;1;0
5;2025-12-02;2;0
5;2025-12-02;3;0
5;2025-12-02;4;0
5;2025-12-02;5;0
5;2025-12-02;6;0
5;2025-12-02;7;0
5;2025-12-02;8;0
5;2025-12-02;9;0
5;2025-12-02;10;0
5;2025-12-02;11;0
5;2025-12-02;12;0
5;2025-12-02;13;0
5;2025-12-02;14;0
5;2025-12-02;15;0
5;2025-12-02;16;0
5;2025-12-02;17;0
5;2025-12-02;18;0
5;2025-12-02;19;0
5;2025-12-02;20;0
5;2025-12-02;21;0
5;2025-12-02;22;0
5;2025-12-02;23;0
5;2025-12-03;0;0
5;2025-12-03;1;0
5;2025-12-03;2;0
5;2025-12-03;3;0
5;2025-12-03;4;0
5;2025-12-03;5;0
5;2025-12-03;6;0
5;2025-12-03;7;0
5;2025-12-03;8;0
5;2025-12-03;9;0
5;2025-12-03;10;0
5;2025-12-03;11;0
5;2025-12-03;12;0
5;2025-12-03;13;0
5;2025-12-03;14;0
5;2025-12-03;15;0
5;2025-12-03;16;0
5;2025-12-03;17;0
5;2025-12-03;18;0
5;2025-12-03;19;0
5;2025-12-03;20;0
5;2025-12-03;21;0
5;2025-12-03;22;0
5;2025-12-03;23;0
5;2025-12-04;0;0
5;2025-12-04;1;0
5;2025-12-04;2;0
5;2025-12-04;3;0
5;2025-12-04;4;0
5;2025-12-04;5;0
5;2025-12-04;6;0
5;2025-12-04;7;0
5;2025-12-04;8;0
5;2025-12-04;9;0
5;2025-12-04;10;0
5;2025-12-04;11;0
5;2025-12-04;12;0
5;2025-12-04;13;0
5;2025-12-04;14;0
5;2025-12-04;15;0
5;2025-12-04;16;0
5;2025-12-04;17;0
5;2025-12-04;18;0
5;2025-12-04;19;0
5;2025-12-04;20;0
5;2025-12-04;21;0
5;2025-12-04;22;0
5;2025-12-04;23;0
5;2025-12-05;0;0
5;2025-12-05;1;0
5;2025-12-05;2;0
5;2025-12-05;3;0
5;2025-12-05;4;0
5;2025-12-05;5;0
5;2025-12-05;6;0
5;2025-12-05;7;0
5;2025-12-05;8;0
5;2025-12-05;9;0
5;2025-12-05;10;0
5;2025-12-05;11;0
5;2025-12-05;12;0
5;2025-12-05;13;0
5;2025-12-05;14;0
5;2025-12-05;15;0
5;2025-12-05;16;0
5;2025-12-05;17;0
5;2025-12-05;18;0
5;2025-12-05;19;0
5;2025-12-05;20;0
5;2025-12-05;21;0
5;2025-12-05;22;0
5;2025-12-05;23;0
5;2025-12-06;0;0
5;2025-12-06;1;0
5;2025-12-06;2;0
5;2025-12-06;3;0
5;2025-12-06;4;0
5;2025-12-06;5;0
5;2025-12-06;6;0
5;2025-12-06;7;0
5;2025-12-06;8;0
5;2025-12-06;9;0
5;2025-12-06;10;0
5;2025-12-06;11;0
5;2025-12-06;12;0
5;2025-12-06;13;0
5;2025-12-06;14;0
5;2025-12-06;15;0
5;2025-12-06;16;0
5;2025-12-06;17;0
5;2025-12-06;18;0
5;2025-12-06;19;0
5;2025-12-06;20;0
5;2025-12-06;21;0
5;2025-12-06;22;0
5;2025-12-06;23;0
5;2025-12-07;0;0
5;2025-12-07;1;0
5;2025-12-07;2;0
5;2025-12-07;3;0
5;2025-12-07;4;0
5;2025-12-07;5;0
5;2025-12-07;6;0
5;2025-12-07;7;0
5;2025-12-07;8;0
5;2025-12-07;9;0
5;2025-12-07;10;0
5;2025-12-07;11;0
5;2025-12-07;12;0
5;2025-12-07;13;0
5;2025-12-07;14;0
5;2025-12-07;15;0
5;2025-12-07;16;0
5;2025-12-07;17;0
5;2025-12-07;18;0
5;2025-12-07;19;0
5;2025-12-07;20;0
5;2025-12-07;21;0
5;2025-12-07;22;0
5;2025-12-07;23;0
5;2025-12-08;0;0
5;2025-12-08;1;0
5;2025-12-08;2;0
5;2025-12-08;3;0
5;2025-12-08;4;0
5;2025-12-08;5;0
5;2025-12-08;6;0
5;2025-12-08;7;0
5;2025-12-08;8;0
5;2025-12-08;9;0
5;2025-12-08;10;0
5;2025-12-08;11;0
5;2025-12-08;12;0
5;2025-12-08;13;0
5;2025-12-08;14;0
5;2025-12-08;15;0
5;2025-12-08;16;0
5;2025-12-08;17;0
5;2025-12-08;18;0
5;2025-12-08;19;0
5;2025-12-08;20;0
5;2025-12-08;21;0
5;2025-12-08;22;0
5;2025-12-08;23;0
5;2025-12-09;0;0
5;2025-12-09;1;0
5;2025-12-09;2;0
5;2025-12-09;3;0
5;2025-12-09;4;0
5;2025-12-09;5;0
5;2025-12-09;6;0
5;2025-12-09;7;0
5;2025-12-09;8;0
5;2025-12-09;9;0
5;2025-12-09;10;0
5;2025-12-09;11;0
5;2025-12-09;12;0
5;2025-12-09;13;0
5;2025-12-09;14;0
5;2025-12-09;15;0
5;2025-12-09;16;0
5;2025-12-09;17;0
5;2025-12-09;18;0
5;2025-12-09;19;0
5;2025-12-09;20;0
5;2025-12-09;21;0
5;2025-12-09;22;0
5;2025-12-09;23;0
5;2025-12-10;0;0
5;2025-12-10;1;0
5;2025-12-10;2;0
5;2025-12-10;3;0
5;2025-12-10;4;0
5;2025-12-10;5;0
5;2025-12-10;6;0
5;2025-12-10;7;0
5;2025-12-10;8;0
5;2025-12-10;9;0
5;2025-12-10;10;0
5;2025-12-10;11;0
5;2025-12-10;12;0
5;2025-12-10;13;0
5;2025-12-10;14;0
5;2025-12-10;15;0
5;2025-12-10;16;0
5;2025-12-10;17;0
5;2025-12-10;18;0
5;2025-12-10;19;0
5;2025-12-10;20;0
5;2025-12-10;21;0
5;2025-12-10;22;0
5;2025-12-10;23;0
5;2025-12-11;0;0
5;2025-12-11;1;0
5;2025-12-11;2;0
5;2025-12-11;3;0
5;2025-12-11;4;0
5;2025-12-11;5;0
5;2025-12-11;6;0
5;2025-12-11;7;0
5;2025-12-11;8;0
5;2025-12-11;9;0
5;2025-12-11;10;0
5;2025-12-11;11;0
5;2025-12-11;12;0
5;2025-12-11;13;0
5;2025-12-11;14;0
5;2025-12-11;15;0
5;2025-12-11;16;0
5;2025-12-11;17;0
5;2025-12-11;18;0
5;2025-12-11;19;0
5;2025-12-11;20;0
5;2025-12-11;21;0
5;2025-12-11;22;0
5;2025-12-11;23;0
5;2025-12-12;0;0
5;2025-12-12;1;0
5;2025-12-12;2;0
5;2025-12-12;3;0
5;2025-12-12;4;0
5;2025-12-12;5;0
5;2025-12-12;6;0
5;2025-12-12;7;0
5;2025-12-12;8;0
5;2025-12-12;9;0
5;2025-12-12;10;0
5;2025-12-12;11;0
5;2025-12-12;12;0
5;2025-12-12;13;0
5;2025-12-12;14;0
5;2025-12-12;15;0
5;2025-12-12;16;0
5;2025-12-12;17;0
5;2025-12-12;18;0
5;2025-12-12;19;0
5;2025-12-12;20;0
5;2025-12-12;21;0
5;2025-12-12;22;0
5;2025-12-12;23;0
5;2025-12-13;0;0
5;2025-12-13;1;0
5;2025-12-13;2;0
5;2025-12-13;3;0
5;2025-12-13;4;0
5;2025-12-13;5;0
5;2025-12-13;6;0
5;2025-12-13;7;0
5;2025-12-13;8;0
5;2025-12-13;9;0
5;2025-12-13;10;0
5;2025-12-13;11;0
5;2025-12-13;12;0
5;2025-12-13;13;0
5;2025-12-13;14;0
5;2025-12-13;15;0
5;2025-12-13;16;0
5;2025-12-13;17;0
5;2025-12-13;18;0
5;2025-12-13;19;0
5;2025-12-13;20;0
5;2025-12-13;21;0
5;2025-12-13;22;0
5;2025-12-13;23;0
5;2025-12-14;0;0
5;2025-12-14;1;0
5;2025-12-14;2;0
5;2025-12-14;3;0
5;2025-12-14;4;0
5;2025-12-14;5;0
5;2025-12-14;6;0
5;2025-12-14;7;0
5;2025-12-14;8;0
5;2025-12-14;9;0
5;2025-12-14;10;0
5;2025-12-14;11;0
5;2025-12-14;12;0
5;2025-12-14;13;0
5;2025-12-14;14;0
5;2025-12-14;15;0
5;2025-12-14;16;0
5;2025-12-14;17;0
5;2025-12-14;18;0
5;2025-12-14;19;0
5;2025-12-14;20;0
5;2025-12-14;21;0
5;2025-12-14;22;0
5;2025-12-14;23;0
5;2025-12-15;0;0
5;2025-12-15;1;0
5;2025-12-15;2;0
5;2025-12-15;3;0
5;2025-12-15;4;0
5;2025-12-15;5;0
5;2025-12-15;6;0
5;2025-12-15;7;0
5;2025-12-15;8;0
5;2025-12-15;9;0
5;2025-12-15;10;0
5;2025-12-15;11;0
5;2025-12-15;12;0
5;2025-12-15;13;0
5;2025-12-15;14;0
5;2025-12-15;15;0
5;2025-12-15;16;0
5;2025-12-15;17;0
5;2025-12-15;18;0
5;2025-12-15;19;0
5;2025-12-15;20;0
5;2025-12-15;21;0
5;2025-12-15;22;0
5;2025-12-15;23;0
5;2025-12-16;0;0
5;2025-12-16;1;0
5;2025-12-16;2;0
5;2025-12-16;3;0
5;2025-12-16;4;0
5;2025-12-16;5;0
5;2025-12-16;6;0
5;2025-12-16;7;0
5;2025-12-16;8;0
5;2025-12-16;9;0
5;2025-12-16;10;0
5;2025-12-16;11;0
5;2025-12-16;12;0
5;2025-12-16;13;0
5;2025-12-16;14;0
5;2025-12-16;15;0
5;2025-12-16;16;0
5;2025-12-16;17;0
5;2025-12-16;18;0
5;2025-12-16;19;0
5;2025-12-16;20;0
5;2025-12-16;21;0
5;2025-12-16;22;0
5;2025-12-16;23;0
5;2025-12-17;0;0
5;2025-12-17;1;0
5;2025-12-17;2;0
5;2025-12-17;3;0
5;2025-12-17;4;0
5;2025-12-17;5;0
5;2025-12-17;6;0
5;2025-12-17;7;0
5;2025-12-17;8;0
5;2025-12-17;9;0
5;2025-12-17;10;0
5;2025-12-17;11;0
5;2025-12-17;12;0
5;2025-12-17;13;0
5;2025-12-17;14;0
5;2025-12-17;15;0
5;2025-12-17;16;0
5;2025-12-17;17;0
5;2025-12-17;18;0
5;2025-12-17;19;0
5;2025-12-17;20;0
5;2025-12-17;21;0
5;2025-12-17;22;0
5;2025-12-17;23;0
5;2025-12-18;0;0
5;2025-12-18;1;0
5;2025-12-18;2;0
5;2025-12-18;3;0
5;2025-12-18;4;0
5;2025-12-18;5;0
5;2025-12-18;6;0
5;2025-12-18;7;0
5;2025-12-18;8;0
5;2025-12-18;9;0
5;2025-12-18;10;0
5;2025-12-18;11;0
5;2025-12-18;12;0
5;2025-12-18;13;0
5;2025-12-18;14;0
5;2025-12-18;15;0
5;2025-12-18;16;0
5;2025-12-18;17;0
5;2025-12-18;18;0
5;2025-12-18;19;0
5;2025-12-18;20;0
5;2025-12-18;21;0
5;2025-12-18;22;0
5;2025-12-18;23;0
5;2025-12-19;0;0
5;2025-12-19;1;0
5;2025-12-19;2;0
5;2025-12-19;3;0
5;2025-12-19;4;0
5;2025-12-19;5;0
5;2025-12-19;6;0
5;2025-12-19;7;0
5;2025-12-19;8;0
5;2025-12-19;9;0
5;2025-12-19;10;0
5;2025-12-19;11;0
5;2025-12-19;12;0
5;2025-12-19;13;0
5;2025-12-19;14;0
5;2025-12-19;15;0
5;2025-12-19;16;0
5;2025-12-19;17;0
5;2025-12-19;18;0
5;2025-12-19;19;0
5;2025-12-19;20;0
5;2025-12-19;21;0
5;2025-12-19;22;0
5;2025-12-19;23;0
5;2025-12-20;0;0
5;2025-12-20;1;0
5;2025-12-20;2;0
5;2025-12-20;3;0
5;2025-12-20;4;0
5;2025-12-20;5;0
5;2025-12-20;6;0
5;2025-12-20;7;0
5;2025-12-20;8;0
5;2025-12-20;9;0
5;2025-12-20;10;0
5;2025-12-20;11;0
5;2025-12-20;12;0
5;2025-12-20;13;0
5;2025-12-20;14;0
5;2025-12-20;15;0
5;2025-12-20;16;0
5;2025-12-20;17;0
5;2025-12-20;18;0
5;2025-12-20;19;0
5;2025-12-20;20;0
5;2025-12-20;21;0
5;2025-12-20;22;0
5;2025-12-20;23;0
5;2025-12-21;0;0
5;2025-12-21;1;0
5;2025-12-21;2;0
5;2025-12-21;3;0
5;2025-12-21;4;0
5;2025-12-21;5;0
5;2025-12-21;6;0
5;2025-12-21;7;0
5;2025-12-21;8;0
5;2025-12-21;9;0
5;2025-12-21;10;0
5;2025-12-21;11;0
5;2025-12-21;12;0
5;2025-12-21;13;0
5;2025-12-21;14;0
5;2025-12-21;15;0
5;2025-12-21;16;0
5;2025-12-21;17;0
5;2025-12-21;18;0
5;2025-12-21;19;0
5;2025-12-21;20;0
5;2025-12-21;21;0
5;2025-12-21;22;0
5;2025-12-21;23;0
5;2025-12-22;0;0
5;2025-12-22;1;0
5;2025-12-22;2;0
5;2025-12-22;3;0
5;2025-12-22;4;0
5;2025-12-22;5;0
5;2025-12-22;6;0
5;2025-12-22;7;0
5;2025-12-22;8;0
5;2025-12-22;9;0
5;2025-12-22;10;0
5;2025-12-22;11;0
5;2025-12-22;12;0
5;2025-12-22;13;0
5;2025-12-22;14;0
5;2025-12-22;15;0
5;2025-12-22;16;0
5;2025-12-22;17;0
5;2025-12-22;18;0
5;2025-12-22;19;0
5;2025-12-22;20;0
5;2025-12-22;21;0
5;2025-12-22;22;0
5;2025-12-22;23;0
5;2025-12-23;0;0
5;2025-12-23;1;0
5;2025-12-23;2;0
5;2025-12-23;3;0
5;2025-12-23;4;0
5;2025-12-23;5;0
5;2025-12-23;6;0
5;2025-12-23;7;0
5;2025-12-23;8;0
5;2025-12-23;9;0
5;2025-12-23;10;0
5;2025-12-23;11;0
5;2025-12-23;12;0
5;2025-12-23;13;0
5;2025-12-23;14;0
5;2025-12-23;15;0
5;2025-12-23;16;0
5;2025-12-23;17;0
5;2025-12-23;18;0
5;2025-12-23;19;0
5;2025-12-23;20;0
5;2025-12-23;21;0
5;2025-12-23;22;0
5;2025-12-23;23;0
5;2025-12-24;0;0
5;2025-12-24;1;0
5;2025-12-24;2;0
5;2025-12-24;3;0
5;2025-12-24;4;0
5;2025-12-24;5;0
5;2025-12-24;6;0
5;2025-12-24;7;0
5;2025-12-24;8;0
5;2025-12-24;9;0
5;2025-12-24;10;0
5;2025-12-24;11;0
5;2025-12-24;12;0
5;2025-12-24;13;0
5;2025-12-24;14;0
5;2025-12-24;15;0
5;2025-12-24;16;0
5;2025-12-24;17;0
5;2025-12-24;18;0
5;2025-12-24;19;0
5;2025-12-24;20;0
5;2025-12-24;21;0
5;2025-12-24;22;0
5;2025-12-24;23;0
5;2025-12-25;0;0
5;2025-12-25;1;0
5;2025-12-25;2;0
5;2025-12-25;3;0
5;2025-12-25;4;0
5;2025-12-25;5;0
5;2025-12-25;6;0
5;2025-12-25;7;0
5;2025-12-25;8;0
5;2025-12-25;9;0
5;2025-12-25;10;0
5;2025-12-25;11;0
5;2025-12-25;12;0
5;2025-12-25;13;0
5;2025-12-25;14;0
5;2025-12-25;15;0
5;2025-12-25;16;0
5;2025-12-25;17;0
5;2025-12-25;18;0
5;2025-12-25;19;0
5;2025-12-25;20;0
5;2025-12-25;21;0
5;2025-12-25;22;0
5;2025-12-25;23;0
5;2025-12-26;0;0
5;2025-12-26;1;0
5;2025-12-26;2;0
5;2025-12-26;3;0
5;2025-12-26;4;0
5;2025-12-26;5;0
5;2025-12-26;6;0
5;2025-12-26;7;0
5;2025-12-26;8;0
5;2025-12-26;9;0
5;2025-12-26;10;0
5;2025-12-26;11;0
5;2025-12-26;12;0
5;2025-12-26;13;0
5;2025-12-26;14;0
5;2025-12-26;15;0
5;2025-12-26;16;0
5;2025-12-26;17;0
5;2025-12-26;18;0
5;2025-12-26;19;0
5;2025-12-26;20;0
5;2025-12-26;21;0
5;2025-12-26;22;0
5;2025-12-26;23;0
5;2025-12-27;0;0
5;2025-12-27;1;0
5;2025-12-27;2;0
5;2025-12-27;3;0
5;2025-12-27;4;0
5;2025-12-27;5;0
5;2025-12-27;6;0
5;2025-12-27;7;0
5;2025-12-27;8;0
5;2025-12-27;9;0
5;2025-12-27;10;0
5;2025-12-27;11;0
5;2025-12-27;12;0
5;2025-12-27;13;0
5;2025-12-27;14;0
5;2025-12-27;15;0
5;2025-12-27;16;0
5;2025-12-27;17;0
5;2025-12-27;18;0
5;2025-12-27;19;0
5;2025-12-27;20;0
5;2025-12-27;21;0
5;2025-12-27;22;0
5;2025-12-27;23;0
5;2025-12-28;0;0
5;2025-12-28;1;0
5;2025-12-28;2;0
5;2025-12-28;3;0
5;2025-12-28;4;0
5;2025-12-28;5;0
5;2025-12-28;6;0
5;2025-12-28;7;0
5;2025-12-28;8;0
5;2025-12-28;9;0
5;2025-12-28;10;0
5;2025-12-28;11;0
5;2025-12-28;12;0
5;2025-12-28;13;0
5;2025-12-28;14;0
5;2025-12-28;15;0
5;2025-12-28;16;0
5;2025-12-28;17;0
5;2025-12-28;18;0
5;2025-12-28;19;0
5;2025-12-28;20;0
5;2025-12-28;21;0
5;2025-12-28;22;0
5;2025-12-28;23;0
5;2025-12-29;0;0
5;2025-12-29;1;0
5;2025-12-29;2;0
5;2025-12-29;3;0
5;2025-12-29;4;0
5;2025-12-29;5;0
5;2025-12-29;6;0
5;2025-12-29;7;0
5;2025-12-29;8;0
5;2025-12-29;9;0
5;2025-12-29;10;0
5;2025-12-29;11;0
5;2025-12-29;12;0
5;2025-12-29;13;0
5;2025-12-29;14;0
5;2025-12-29;15;0
5;2025-12-29;16;0
5;2025-12-29;17;0
5;2025-12-29;18;0
5;2025-12-29;19;0
5;2025-12-29;20;0
5;2025-12-29;21;0
5;2025-12-29;22;0
5;2025-12-29;23;0
5;2025-12-30;0;0
5;2025-12-30;1;0
5;2025-12-30;2;0
5;2025-12-30;3;0
5;2025-12-30;4;0
5;2025-12-30;5;0
5;2025-12-30;6;0
5;2025-12-30;7;0
5;2025-12-30;8;0
5;2025-12-30;9;0
5;2025-12-30;10;0
5;2025-12-30;11;0
5;2025-12-30;12;0
5;2025-12-30;13;0
5;2025-12-30;14;0
5;2025-12-30;15;0
5;2025-12-30;16;0
5;2025-12-30;17;0
5;2025-12-30;18;0
5;2025-12-30;19;0
5;2025-12-30;20;0
5;2025-12-30;21;0
5;2025-12-30;22;0
5;2025-12-30;23;0
5;2025-12-31;0;0
5;2025-12-31;1;0
5;2025-12-31;2;0
5;2025-12-31;3;0
5;2025-12-31;4;0
5;2025-12-31;5;0
5;2025-12-31;6;0
5;2025-12-31;7;0
5;2025-12-31;8;0
5;2025-12-31;9;0
5;2025-12-31;10;0
5;2025-12-31;11;0
5;2025-12-31;12;0
5;2025-12-31;13;0
5;2025-12-31;14;0
5;2025-12-31;15;0
5;2025-12-31;16;0
5;2025-12-31;17;0
5;2025-12-31;18;0
5;2025-12-31;19;0
5;2025-12-31;20;0
5;2025-12-31;21;0
5;2025-12-31;22;0
5;2025-12-31;23;0
7;2025-11-01;0;0
7;2025-11-01;1;0
7;2025-11-01;2;0
7;2025-11-01;3;0
7;2025-11-01;4;0
7;2025-11-01;5;0
7;2025-11-01;6;0
7;2025-11-01;7;0
7;2025-11-01;8;0
7;2025-11-01;9;0
7;2025-11-01;10;0
7;2025-11-01;11;0
7;2025-11-01;12;0
7;2025-11-01;13;0
7;2025-11-01;14;0
7;2025-11-01;15;0
7;2025-11-01;16;0
7;2025-11-01;17;0
7;2025-11-01;18;0
7;2025-11-01;19;0
7;2025-11-01;20;0
7;2025-11-01;21;0
7;2025-11-01;22;0
7;2025-11-01;23;0
7;2025-11-02;0;0
7;2025-11-02;1;0
7;2025-11-02;2;0
7;2025-11-02;3;0
7;2025-11-02;4;0
7;2025-11-02;5;0
7;2025-11-02;6;0
7;2025-11-02;7;0
7;2025-11-02;8;0
7;2025-11-02;9;0
7;2025-11-02;10;0
7;2025-11-02;11;0
7;2025-11-02;12;0
7;2025-11-02;13;0
7;2025-11-02;14;0
7;2025-11-02;15;0
7;2025-11-02;16;0
7;2025-11-02;17;0
7;2025-11-02;18;0
7;2025-11-02;19;0
7;2025-11-02;20;0
7;2025-11-02;21;0
7;2025-11-02;22;0
7;2025-11-02;23;0
7;2025-11-03;0;0
7;2025-11-03;1;0
7;2025-11-03;2;0
7;2025-11-03;3;0
7;2025-11-03;4;0
7;2025-11-03;5;0
7;2025-11-03;6;0
7;2025-11-03;7;0
7;2025-11-03;8;0
7;2025-11-03;9;0
7;2025-11-03;10;0
7;2025-11-03;11;0
7;2025-11-03;12;0
7;2025-11-03;13;0
7;2025-11-03;14;0
7;2025-11-03;15;0
7;2025-11-03;16;0
7;2025-11-03;17;0
7;2025-11-03;18;0
7;2025-11-03;19;0
7;2025-11-03;20;0
7;2025-11-03;21;0
7;2025-11-03;22;0
7;2025-11-03;23;0
7;2025-11-04;0;0
7;2025-11-04;1;0
7;2025-11-04;2;0
7;2025-11-04;3;0
7;2025-11-04;4;0
7;2025-11-04;5;0
7;2025-11-04;6;0
7;2025-11-04;7;0
7;2025-11-04;8;0
7;2025-11-04;9;0
7;2025-11-04;10;0
7;2025-11-04;11;0
7;2025-11-04;12;0
7;2025-11-04;13;0
7;2025-11-04;14;0
7;2025-11-04;15;0
7;2025-11-04;16;0
7;2025-11-04;17;0
7;2025-11-04;18;0
7;2025-11-04;19;0
7;2025-11-04;20;0
7;2025-11-04;21;0
7;2025-11-04;22;0
7;2025-11-04;23;0
7;2025-11-05;0;0
7;2025-11-05;1;0
7;2025-11-05;2;0
7;2025-11-05;3;0
7;2025-11-05;4;0
7;2025-11-05;5;0
7;2025-11-05;6;0
7;2025-11-05;7;0
7;2025-11-05;8;0
7;2025-11-05;9;0
7;2025-11-05;10;0
7;2025-11-05;11;0
7;2025-11-05;12;0
7;2025-11-05;13;0
7;2025-11-05;14;0
7;2025-11-05;15;0
7;2025-11-05;16;0
7;2025-11-05;17;0
7;2025-11-05;18;0
7;2025-11-05;19;0
7;2025-11-05;20;0
7;2025-11-05;21;0
7;2025-11-05;22;0
7;2025-11-05;23;0
7;2025-11-06;0;0
7;2025-11-06;1;0
7;2025-11-06;2;0
7;2025-11-06;3;0
7;2025-11-06;4;0
7;2025-11-06;5;0
7;2025-11-06;6;0
7;2025-11-06;7;0
7;2025-11-06;8;0
7;2025-11-06;9;0
7;2025-11-06;10;0
7;2025-11-06;11;0
7;2025-11-06;12;0
7;2025-11-06;13;0
7;2025-11-06;14;0
7;2025-11-06;15;0
7;2025-11-06;16;0
7;2025-11-06;17;0
7;2025-11-06;18;0
7;2025-11-06;19;0
7;2025-11-06;20;0
7;2025-11-06;21;0
7;2025-11-06;22;0
7;2025-11-06;23;0
7;2025-11-07;0;0
7;2025-11-07;1;0
7;2025-11-07;2;0
7;2025-11-07;3;0
7;2025-11-07;4;0
7;2025-11-07;5;0
7;2025-11-07;6;0
7;2025-11-07;7;0
7;2025-11-07;8;0
7;2025-11-07;9;0
7;2025-11-07;10;0
7;2025-11-07;11;0
7;2025-11-07;12;0
7;2025-11-07;13;0
7;2025-11-07;14;0
7;2025-11-07;15;0
7;2025-11-07;16;0
7;2025-11-07;17;0
7;2025-11-07;18;0
7;2025-11-07;19;0
7;2025-11-07;20;0
7;2025-11-07;21;0
7;2025-11-07;22;0
7;2025-11-07;23;0
7;2025-11-08;0;0
7;2025-11-08;1;0
7;2025-11-08;2;0
7;2025-11-08;3;0
7;2025-11-08;4;0
7;2025-11-08;5;0
7;2025-11-08;6;0
7;2025-11-08;7;0
7;2025-11-08;8;0
7;2025-11-08;9;0
7;2025-11-08;10;0
7;2025-11-08;11;0
7;2025-11-08;12;0
7;2025-11-08;13;0
7;2025-11-08;14;0
7;2025-11-08;15;0
7;2025-11-08;16;0
7;2025-11-08;17;0
7;2025-11-08;18;0
7;2025-11-08;19;0
7;2025-11-08;20;0
7;2025-11-08;21;0
7;2025-11-08;22;0
7;2025-11-08;23;0
7;2025-11-09;0;0
7;2025-11-09;1;0
7;2025-11-09;2;0
7;2025-11-09;3;0
7;2025-11-09;4;0
7;2025-11-09;5;0
7;2025-11-09;6;0
7;2025-11-09;7;0
7;2025-11-09;8;0
7;2025-11-09;9;0
7;2025-11-09;10;0
7;2025-11-09;11;0
7;2025-11-09;12;0
7;2025-11-09;13;0
7;2025-11-09;14;0
7;2025-11-09;15;0
7;2025-11-09;16;0
7;2025-11-09;17;0
7;2025-11-09;18;0
7;2025-11-09;19;0
7;2025-11-09;20;0
7;2025-11-09;21;0
7;2025-11-09;22;0
7;2025-11-09;23;0
7;2025-11-10;0;0
7;2025-11-10;1;0
7;2025-11-10;2;0
7;2025-11-10;3;0
7;2025-11-10;4;0
7;2025-11-10;5;0
7;2025-11-10;6;0
7;2025-11-10;7;0
7;2025-11-10;8;0
7;2025-11-10;9;0
7;2025-11-10;10;0
7;2025-11-10;11;0
7;2025-11-10;12;0
7;2025-11-10;13;0
7;2025-11-10;14;0
7;2025-11-10;15;0
7;2025-11-10;16;0
7;2025-11-10;17;0
7;2025-11-10;18;0
7;2025-11-10;19;0
7;2025-11-10;20;0
7;2025-11-10;21;0
7;2025-11-10;22;0
7;2025-11-10;23;0
7;2025-11-11;0;0
7;2025-11-11;1;0
7;2025-11-11;2;0
7;2025-11-11;3;0
7;2025-11-11;4;0
7;2025-11-11;5;0
7;2025-11-11;6;0
7;2025-11-11;7;0
7;2025-11-11;8;0
7;2025-11-11;9;0
7;2025-11-11;10;0
7;2025-11-11;11;0
7;2025-11-11;12;0
7;2025-11-11;13;0
7;2025-11-11;14;0
7;2025-11-11;15;0
7;2025-11-11;16;0
7;2025-11-11;17;0
7;2025-11-11;18;0
7;2025-11-11;19;0
7;2025-11-11;20;0
7;2025-11-11;21;0
7;2025-11-11;22;0
7;2025-11-11;23;0
7;2025-11-12;0;0
7;2025-11-12;1;0
7;2025-11-12;2;0
7;2025-11-12;3;0
7;2025-11-12;4;0
7;2025-11-12;5;0
7;2025-11-12;6;0
7;2025-11-12;7;0
7;2025-11-12;8;0
7;2025-11-12;9;0
7;2025-11-12;10;0
7;2025-11-12;11;0
7;2025-11-12;12;0
7;2025-11-12;13;0
7;2025-11-12;14;0
7;2025-11-12;15;0
7;2025-11-12;16;0
7;2025-11-12;17;0
7;2025-11-12;18;0
7;2025-11-12;19;0
7;2025-11-12;20;0
7;2025-11-12;21;0
7;2025-11-12;22;0
7;2025-11-12;23;0
7;2025-11-13;0;0
7;2025-11-13;1;0
7;2025-11-13;2;0
7;2025-11-13;3;0
7;2025-11-13;4;0
7;2025-11-13;5;0
7;2025-11-13;6;0
7;2025-11-13;7;0
7;2025-11-13;8;0
7;2025-11-13;9;0
7;2025-11-13;10;0
7;2025-11-13;11;0
7;2025-11-13;12;0
7;2025-11-13;13;0
7;2025-11-13;14;0
7;2025-11-13;15;0
7;2025-11-13;16;0
7;2025-11-13;17;0
7;2025-11-13;18;0
7;2025-11-13;19;0
7;2025-11-13;20;0
7;2025-11-13;21;0
7;2025-11-13;22;0
7;2025-11-13;23;0
7;2025-11-14;0;0
7;2025-11-14;1;0
7;2025-11-14;2;0
7;2025-11-14;3;0
7;2025-11-14;4;0
7;2025-11-14;5;0
7;2025-11-14;6;0
7;2025-11-14;7;0
7;2025-11-14;8;0
7;2025-11-14;9;0
7;2025-11-14;10;0
7;2025-11-14;11;0
7;2025-11-14;12;0
7;2025-11-14;13;0
7;2025-11-14;14;0
7;2025-11-14;15;0
7;2025-11-14;16;0
7;2025-11-14;17;0
7;2025-11-14;18;0
7;2025-11-14;19;0
7;2025-11-14;20;0
7;2025-11-14;21;0
7;2025-11-14;22;0
7;2025-11-14;23;0
7;2025-11-15;0;0
7;2025-11-15;1;0
7;2025-11-15;2;0
7;2025-11-15;3;0
7;2025-11-15;4;0
7;2025-11-15;5;0
7;2025-11-15;6;0
7;2025-11-15;7;0
7;2025-11-15;8;0
7;2025-11-15;9;0
7;2025-11-15;10;0
7;2025-11-15;11;0
7;2025-11-15;12;0
7;2025-11-15;13;0
7;2025-11-15;14;0
7;2025-11-15;15;0
7;2025-11-15;16;0
7;2025-11-15;17;0
7;2025-11-15;18;0
7;2025-11-15;19;0
7;2025-11-15;20;0
7;2025-11-15;21;0
7;2025-11-15;22;0
7;2025-11-15;23;0
7;2025-11-16;0;0
7;2025-11-16;1;0
7;2025-11-16;2;0
7;2025-11-16;3;0
7;2025-11-16;4;0
7;2025-11-16;5;0
7;2025-11-16;6;0
7;2025-11-16;7;0
7;2025-11-16;8;0
7;2025-11-16;9;0
7;2025-11-16;10;0
7;2025-11-16;11;0
7;2025-11-16;12;0
7;2025-11-16;13;0
7;2025-11-16;14;0
7;2025-11-16;15;0
7;2025-11-16;16;0
7;2025-11-16;17;0
7;2025-11-16;18;0
7;2025-11-16;19;0
7;2025-11-16;20;0
7;2025-11-16;21;0
7;2025-11-16;22;0
7;2025-11-16;23;0
7;2025-11-17;0;0
7;2025-11-17;1;0
7;2025-11-17;2;0
7;2025-11-17;3;0
7;2025-11-17;4;0
7;2025-11-17;5;0
7;2025-11-17;6;0
7;2025-11-17;7;0
7;2025-11-17;8;0
7;2025-11-17;9;0
7;2025-11-17;10;0
7;2025-11-17;11;0
7;2025-11-17;12;0
7;2025-11-17;13;0
7;2025-11-17;14;0
7;2025-11-17;15;0
7;2025-11-17;16;0
7;2025-11-17;17;0
7;2025-11-17;18;0
7;2025-11-17;19;0
7;2025-11-17;20;0
7;2025-11-17;21;0
7;2025-11-17;22;0
7;2025-11-17;23;0
7;2025-11-18;0;0
7;2025-11-18;1;0
7;2025-11-18;2;0
7;2025-11-18;3;0
7;2025-11-18;4;0
7;2025-11-18;5;0
7;2025-11-18;6;0
7;2025-11-18;7;0
7;2025-11-18;8;0
7;2025-11-18;9;0
7;2025-11-18;10;0
7;2025-11-18;11;0
7;2025-11-18;12;0
7;2025-11-18;13;0
7;2025-11-18;14;0
7;2025-11-18;15;0
7;2025-11-18;16;0
7;2025-11-18;17;0
7;2025-11-18;18;0
7;2025-11-18;19;0
7;2025-11-18;20;0
7;2025-11-18;21;0
7;2025-11-18;22;0
7;2025-11-18;23;0
7;2025-11-19;0;0
7;2025-11-19;1;0
7;2025-11-19;2;0
7;2025-11-19;3;0
7;2025-11-19;4;0
7;2025-11-19;5;0
7;2025-11-19;6;0
7;2025-11-19;7;0
7;2025-11-19;8;0
7;2025-11-19;9;0
7;2025-11-19;10;0
7;2025-11-19;11;0
7;2025-11-19;12;0
7;2025-11-19;13;0
7;2025-11-19;14;0
7;2025-11-19;15;0
7;2025-11-19;16;0
7;2025-11-19;17;0
7;2025-11-19;18;0
7;2025-11-19;19;0
7;2025-11-19;20;0
7;2025-11-19;21;0
7;2025-11-19;22;0
7;2025-11-19;23;0
7;2025-11-20;0;0
7;2025-11-20;1;0
7;2025-11-20;2;0
7;2025-11-20;3;0
7;2025-11-20;4;0
7;2025-11-20;5;0
7;2025-11-20;6;0
7;2025-11-20;7;0
7;2025-11-20;8;0
7;2025-11-20;9;0
7;2025-11-20;10;0
7;2025-11-20;11;0
7;2025-11-20;12;0
7;2025-11-20;13;0
7;2025-11-20;14;0
7;2025-11-20;15;0
7;2025-11-20;16;0
7;2025-11-20;17;0
7;2025-11-20;18;0
7;2025-11-20;19;0
7;2025-11-20;20;0
7;2025-11-20;21;0
7;2025-11-20;22;0
7;2025-11-20;23;0
7;2025-11-21;0;0
7;2025-11-21;1;0
7;2025-11-21;2;0
7;2025-11-21;3;0
7;2025-11-21;4;0
7;2025-11-21;5;0
7;2025-11-21;6;0
7;2025-11-21;7;0
7;2025-11-21;8;0
7;2025-11-21;9;0
7;2025-11-21;10;0
7;2025-11-21;11;0
7;2025-11-21;12;0
7;2025-11-21;13;0
7;2025-11-21;14;0
7;2025-11-21;15;0
7;2025-11-21;16;0
7;2025-11-21;17;0
7;2025-11-21;18;0
7;2025-11-21;19;0
7;2025-11-21;20;0
7;2025-11-21;21;0
7;2025-11-21;22;0
7;2025-11-21;23;0
7;2025-11-22;0;0
7;2025-11-22;1;0
7;2025-11-22;2;0
7;2025-11-22;3;0
7;2025-11-22;4;0
7;2025-11-22;5;0
7;2025-11-22;6;0
7;2025-11-22;7;0
7;2025-11-22;8;0
7;2025-11-22;9;0
7;2025-11-22;10;0
7;2025-11-22;11;0
7;2025-11-22;12;0
7;2025-11-22;13;0
7;2025-11-22;14;0
7;2025-11-22;15;0
7;2025-11-22;16;0
7;2025-11-22;17;0
7;2025-11-22;18;0
7;2025-11-22;19;0
7;2025-11-22;20;0
7;2025-11-22;21;0
7;2025-11-22;22;0
7;2025-11-22;23;0
7;2025-11-23;0;0
7;2025-11-23;1;0
7;2025-11-23;2;0
7;2025-11-23;3;0
7;2025-11-23;4;0
7;2025-11-23;5;0
7;2025-11-23;6;0
7;2025-11-23;7;0
7;2025-11-23;8;0
7;2025-11-23;9;0
7;2025-11-23;10;0
7;2025-11-23;11;0
7;2025-11-23;12;0
7;2025-11-23;13;0
7;2025-11-23;14;0
7;2025-11-23;15;0
7;2025-11-23;16;0
7;2025-11-23;17;0
7;2025-11-23;18;0
7;2025-11-23;19;0
7;2025-11-23;20;0
7;2025-11-23;21;0
7;2025-11-23;22;0
7;2025-11-23;23;0
7;2025-11-24;0;0
7;2025-11-24;1;0
7;2025-11-24;2;0
7;2025-11-24;3;0
7;2025-11-24;4;0
7;2025-11-24;5;0
7;2025-11-24;6;0
7;2025-11-24;7;0
7;2025-11-24;8;0
7;2025-11-24;9;0
7;2025-11-24;10;0
7;2025-11-24;11;0
7;2025-11-24;12;0
7;2025-11-24;13;0
7;2025-11-24;14;0
7;2025-11-24;15;0
7;2025-11-24;16;0
7;2025-11-24;17;0
7;2025-11-24;18;0
7;2025-11-24;19;0
7;2025-11-24;20;0
7;2025-11-24;21;0
7;2025-11-24;22;0
7;2025-11-24;23;0
7;2025-11-25;0;0
7;2025-11-25;1;0
7;2025-11-25;2;0
7;2025-11-25;3;0
7;2025-11-25;4;0
7;2025-11-25;5;0
7;2025-11-25;6;0
7;2025-11-25;7;0
7;2025-11-25;8;0
7;2025-11-25;9;0
7;2025-11-25;10;0
7;2025-11-25;11;0
7;2025-11-25;12;0
7;2025-11-25;13;0
7;2025-11-25;14;0
7;2025-11-25;15;0
7;2025-11-25;16;0
7;2025-11-25;17;0
7;2025-11-25;18;0
7;2025-11-25;19;0
7;2025-11-25;20;0
7;2025-11-25;21;0
7;2025-11-25;22;0
7;2025-11-25;23;0
7;2025-11-26;0;0
7;2025-11-26;1;0
7;2025-11-26;2;0
7;2025-11-26;3;0
7;2025-11-26;4;0
7;2025-11-26;5;0
7;2025-11-26;6;0
7;2025-11-26;7;0
7;2025-11-26;8;0
7;2025-11-26;9;0
7;2025-11-26;10;0
7;2025-11-26;11;0
7;2025-11-26;12;0
7;2025-11-26;13;0
7;2025-11-26;14;0
7;2025-11-26;15;0
7;2025-11-26;16;0
7;2025-11-26;17;0
7;2025-11-26;18;0
7;2025-11-26;19;0
7;2025-11-26;20;0
7;2025-11-26;21;0
7;2025-11-26;22;0
7;2025-11-26;23;0
7;2025-11-27;0;0
7;2025-11-27;1;0
7;2025-11-27;2;0
7;2025-11-27;3;0
7;2025-11-27;4;0
7;2025-11-27;5;0
7;2025-11-27;6;0
7;2025-11-27;7;0
7;2025-11-27;8;0
7;2025-11-27;9;0
7;2025-11-27;10;0
7;2025-11-27;11;0
7;2025-11-27;12;0
7;2025-11-27;13;0
7;2025-11-27;14;0
7;2025-11-27;15;0
7;2025-11-27;16;0
7;2025-11-27;17;0
7;2025-11-27;18;0
7;2025-11-27;19;0
7;2025-11-27;20;0
7;2025-11-27;21;0
7;2025-11-27;22;0
7;2025-11-27;23;0
7;2025-11-28;0;0
7;2025-11-28;1;0
7;2025-11-28;2;0
7;2025-11-28;3;0
7;2025-11-28;4;0
7;2025-11-28;5;0
7;2025-11-28;6;0
7;2025-11-28;7;0
7;2025-11-28;8;0
7;2025-11-28;9;0
7;2025-11-28;10;0
7;2025-11-28;11;0
7;2025-11-28;12;0
7;2025-11-28;13;0
7;2025-11-28;14;0
7;2025-11-28;15;0
7;2025-11-28;16;0
7;2025-11-28;17;0
7;2025-11-28;18;0
7;2025-11-28;19;0
7;2025-11-28;20;0
7;2025-11-28;21;0
7;2025-11-28;22;0
7;2025-11-28;23;0
7;2025-11-29;0;0
7;2025-11-29;1;0
7;2025-11-29;2;0
7;2025-11-29;3;0
7;2025-11-29;4;0
7;2025-11-29;5;0
7;2025-11-29;6;0
7;2025-11-29;7;0
7;2025-11-29;8;0
7;2025-11-29;9;0
7;2025-11-29;10;0
7;2025-11-29;11;0
7;2025-11-29;12;0
7;2025-11-29;13;0
7;2025-11-29;14;0
7;2025-11-29;15;0
7;2025-11-29;16;0
7;2025-11-29;17;0
7;2025-11-29;18;0
7;2025-11-29;19;0
7;2025-11-29;20;0
7;2025-11-29;21;0
7;2025-11-29;22;0
7;2025-11-29;23;0
7;2025-11-30;0;0
7;2025-11-30;1;0
7;2025-11-30;2;0
7;2025-11-30;3;0
7;2025-11-30;4;0
7;2025-11-30;5;0
7;2025-11-30;6;0
7;2025-11-30;7;0
7;2025-11-30;8;0
7;2025-11-30;9;0
7;2025-11-30;10;0
7;2025-11-30;11;0
7;2025-11-30;12;0
7;2025-11-30;13;0
7;2025-11-30;14;0
7;2025-11-30;15;0
7;2025-11-30;16;0
7;2025-11-30;17;0
7;2025-11-30;18;0
7;2025-11-30;19;0
7;2025-11-30;20;0
7;2025-11-30;21;0
7;2025-11-30;22;0
7;2025-11-30;23;0
7;2025-12-01;0;0
7;2025-12-01;1;0
7;2025-12-01;2;0
7;2025-12-01;3;0
7;2025-12-01;4;0
7;2025-12-01;5;0
7;2025-12-01;6;0
7;2025-12-01;7;0
7;2025-12-01;8;0
7;2025-12-01;9;0
7;2025-12-01;10;0
7;2025-12-01;11;0
7;2025-12-01;12;0
7;2025-12-01;13;0
7;2025-12-01;14;0
7;2025-12-01;15;0
7;2025-12-01;16;0
7;2025-12-01;17;0
7;2025-12-01;18;0
7;2025-12-01;19;0
7;2025-12-01;20;0
7;2025-12-01;21;0
7;2025-12-01;22;0
7;2025-12-01;23;0
7;2025-12-02;0;0
7;2025-12-02;1;0
7;2025-12-02;2;0
7;2025-12-02;3;0
7;2025-12-02;4;0
7;2025-12-02;5;0
7;2025-12-02;6;0
7;2025-12-02;7;0
7;2025-12-02;8;0
7;2025-12-02;9;0
7;2025-12-02;10;0
7;2025-12-02;11;0
7;2025-12-02;12;0
7;2025-12-02;13;0
7;2025-12-02;14;0
7;2025-12-02;15;0
7;2025-12-02;16;0
7;2025-12-02;17;0
7;2025-12-02;18;0
7;2025-12-02;19;0
7;2025-12-02;20;0
7;2025-12-02;21;0
7;2025-12-02;22;0
7;2025-12-02;23;0
7;2025-12-03;0;0
7;2025-12-03;1;0
7;2025-12-03;2;0
7;2025-12-03;3;0
7;2025-12-03;4;0
7;2025-12-03;5;0
7;2025-12-03;6;0
7;2025-12-03;7;0
7;2025-12-03;8;0
7;2025-12-03;9;0
7;2025-12-03;10;0
7;2025-12-03;11;0
7;2025-12-03;12;0
7;2025-12-03;13;0
7;2025-12-03;14;0
7;2025-12-03;15;0
7;2025-12-03;16;0
7;2025-12-03;17;0
7;2025-12-03;18;0
7;2025-12-03;19;0
7;2025-12-03;20;0
7;2025-12-03;21;0
7;2025-12-03;22;0
7;2025-12-03;23;0
7;2025-12-04;0;0
7;2025-12-04;1;0
7;2025-12-04;2;0
7;2025-12-04;3;0
7;2025-12-04;4;0
7;2025-12-04;5;0
7;2025-12-04;6;0
7;2025-12-04;7;0
7;2025-12-04;8;0
7;2025-12-04;9;0
7;2025-12-04;10;0
7;2025-12-04;11;0
7;2025-12-04;12;0
7;2025-12-04;13;0
7;2025-12-04;14;0
7;2025-12-04;15;0
7;2025-12-04;16;0
7;2025-12-04;17;0
7;2025-12-04;18;0
7;2025-12-04;19;0
7;2025-12-04;20;0
7;2025-12-04;21;0
7;2025-12-04;22;0
7;2025-12-04;23;0
7;2025-12-05;0;0
7;2025-12-05;1;0
7;2025-12-05;2;0
7;2025-12-05;3;0
7;2025-12-05;4;0
7;2025-12-05;5;0
7;2025-12-05;6;0
7;2025-12-05;7;0
7;2025-12-05;8;0
7;2025-12-05;9;0
7;2025-12-05;10;0
7;2025-12-05;11;0
7;2025-12-05;12;0
7;2025-12-05;13;0
7;2025-12-05;14;0
7;2025-12-05;15;0
7;2025-12-05;16;0
7;2025-12-05;17;0
7;2025-12-05;18;0
7;2025-12-05;19;0
7;2025-12-05;20;0
7;2025-12-05;21;0
7;2025-12-05;22;0
7;2025-12-05;23;0
7;2025-12-06;0;0
7;2025-12-06;1;0
7;2025-12-06;2;0
7;2025-12-06;3;0
7;2025-12-06;4;0
7;2025-12-06;5;0
7;2025-12-06;6;0
7;2025-12-06;7;0
7;2025-12-06;8;0
7;2025-12-06;9;0
7;2025-12-06;10;0
7;2025-12-06;11;0
7;2025-12-06;12;0
7;2025-12-06;13;0
7;2025-12-06;14;0
7;2025-12-06;15;0
7;2025-12-06;16;0
7;2025-12-06;17;0
7;2025-12-06;18;0
7;2025-12-06;19;0
7;2025-12-06;20;0
7;2025-12-06;21;0
7;2025-12-06;22;0
7;2025-12-06;23;0
7;2025-12-07;0;0
7;2025-12-07;1;0
7;2025-12-07;2;0
7;2025-12-07;3;0
7;2025-12-07;4;0
7;2025-12-07;5;0
7;2025-12-07;6;0
7;2025-12-07;7;0
7;2025-12-07;8;0
7;2025-12-07;9;0
7;2025-12-07;10;0
7;2025-12-07;11;0
7;2025-12-07;12;0
7;2025-12-07;13;0
7;2025-12-07;14;0
7;2025-12-07;15;0
7;2025-12-07;16;0
7;2025-12-07;17;0
7;2025-12-07;18;0
7;2025-12-07;19;0
7;2025-12-07;20;0
7;2025-12-07;21;0
7;2025-12-07;22;0
7;2025-12-07;23;0
7;2025-12-08;0;0
7;2025-12-08;1;0
7;2025-12-08;2;0
7;2025-12-08;3;0
7;2025-12-08;4;0
7;2025-12-08;5;0
7;2025-12-08;6;0
7;2025-12-08;7;0
7;2025-12-08;8;0
7;2025-12-08;9;0
7;2025-12-08;10;0
7;2025-12-08;11;0
7;2025-12-08;12;0
7;2025-12-08;13;0
7;2025-12-08;14;0
7;2025-12-08;15;0
7;2025-12-08;16;0
7;2025-12-08;17;0
7;2025-12-08;18;0
7;2025-12-08;19;0
7;2025-12-08;20;0
7;2025-12-08;21;0
7;2025-12-08;22;0
7;2025-12-08;23;0
7;2025-12-09;0;0
7;2025-12-09;1;0
7;2025-12-09;2;0
7;2025-12-09;3;0
7;2025-12-09;4;0
7;2025-12-09;5;0
7;2025-12-09;6;0
7;2025-12-09;7;0
7;2025-12-09;8;0
7;2025-12-09;9;0
7;2025-12-09;10;0
7;2025-12-09;11;0
7;2025-12-09;12;0
7;2025-12-09;13;0
7;2025-12-09;14;0
7;2025-12-09;15;0
7;2025-12-09;16;0
7;2025-12-09;17;0
7;2025-12-09;18;0
7;2025-12-09;19;0
7;2025-12-09;20;0
7;2025-12-09;21;0
7;2025-12-09;22;0
7;2025-12-09;23;0
7;2025-12-10;0;0
7;2025-12-10;1;0
7;2025-12-10;2;0
7;2025-12-10;3;0
7;2025-12-10;4;0
7;2025-12-10;5;0
7;2025-12-10;6;0
7;2025-12-10;7;0
7;2025-12-10;8;0
7;2025-12-10;9;0
7;2025-12-10;10;0
7;2025-12-10;11;0
7;2025-12-10;12;0
7;2025-12-10;13;0
7;2025-12-10;14;0
7;2025-12-10;15;0
7;2025-12-10;16;0
7;2025-12-10;17;0
7;2025-12-10;18;0
7;2025-12-10;19;0
7;2025-12-10;20;0
7;2025-12-10;21;0
7;2025-12-10;22;0
7;2025-12-10;23;0
7;2025-12-11;0;0
7;2025-12-11;1;0
7;2025-12-11;2;0
7;2025-12-11;3;0
7;2025-12-11;4;0
7;2025-12-11;5;0
7;2025-12-11;6;0
7;2025-12-11;7;0
7;2025-12-11;8;0
7;2025-12-11;9;0
7;2025-12-11;10;0
7;2025-12-11;11;0
7;2025-12-11;12;0
7;2025-12-11;13;0
7;2025-12-11;14;0
7;2025-12-11;15;0
7;2025-12-11;16;0
7;2025-12-11;17;0
7;2025-12-11;18;0
7;2025-12-11;19;0
7;2025-12-11;20;0
7;2025-12-11;21;0
7;2025-12-11;22;0
7;2025-12-11;23;0
7;2025-12-12;0;0
7;2025-12-12;1;0
7;2025-12-12;2;0
7;2025-12-12;3;0
7;2025-12-12;4;0
7;2025-12-12;5;0
7;2025-12-12;6;0
7;2025-12-12;7;0
7;2025-12-12;8;0
7;2025-12-12;9;0
7;2025-12-12;10;0
7;2025-12-12;11;0
7;2025-12-12;12;0
7;2025-12-12;13;0
7;2025-12-12;14;0
7;2025-12-12;15;0
7;2025-12-12;16;0
7;2025-12-12;17;0
7;2025-12-12;18;0
7;2025-12-12;19;0
7;2025-12-12;20;0
7;2025-12-12;21;0
7;2025-12-12;22;0
7;2025-12-12;23;0
7;2025-12-13;0;0
7;2025-12-13;1;0
7;2025-12-13;2;0
7;2025-12-13;3;0
7;2025-12-13;4;0
7;2025-12-13;5;0
7;2025-12-13;6;0
7;2025-12-13;7;0
7;2025-12-13;8;0
7;2025-12-13;9;0
7;2025-12-13;10;0
7;2025-12-13;11;0
7;2025-12-13;12;0
7;2025-12-13;13;0
7;2025-12-13;14;0
7;2025-12-13;15;0
7;2025-12-13;16;0
7;2025-12-13;17;0
7;2025-12-13;18;0
7;2025-12-13;19;0
7;2025-12-13;20;0
7;2025-12-13;21;0
7;2025-12-13;22;0
7;2025-12-13;23;0
7;2025-12-14;0;0
7;2025-12-14;1;0
7;2025-12-14;2;0
7;2025-12-14;3;0
7;2025-12-14;4;0
7;2025-12-14;5;0
7;2025-12-14;6;0
7;2025-12-14;7;0
7;2025-12-14;8;0
7;2025-12-14;9;0
7;2025-12-14;10;0
7;2025-12-14;11;0
7;2025-12-14;12;0
7;2025-12-14;13;0
7;2025-12-14;14;0
7;2025-12-14;15;0
7;2025-12-14;16;0
7;2025-12-14;17;0
7;2025-12-14;18;0
7;2025-12-14;19;0
7;2025-12-14;20;0
7;2025-12-14;21;0
7;2025-12-14;22;0
7;2025-12-14;23;0
7;2025-12-15;0;0
7;2025-12-15;1;0
7;2025-12-15;2;0
7;2025-12-15;3;0
7;2025-12-15;4;0
7;2025-12-15;5;0
7;2025-12-15;6;0
7;2025-12-15;7;0
7;2025-12-15;8;0
7;2025-12-15;9;0
7;2025-12-15;10;0
7;2025-12-15;11;0
7;2025-12-15;12;0
7;2025-12-15;13;0
7;2025-12-15;14;0
7;2025-12-15;15;0
7;2025-12-15;16;0
7;2025-12-15;17;0
7;2025-12-15;18;0
7;2025-12-15;19;0
7;2025-12-15;20;0
7;2025-12-15;21;0
7;2025-12-15;22;0
7;2025-12-15;23;0
7;2025-12-16;0;0
7;2025-12-16;1;0
7;2025-12-16;2;0
7;2025-12-16;3;0
7;2025-12-16;4;0
7;2025-12-16;5;0
7;2025-12-16;6;0
7;2025-12-16;7;0
7;2025-12-16;8;0
7;2025-12-16;9;0
7;2025-12-16;10;0
7;2025-12-16;11;0
7;2025-12-16;12;0
7;2025-12-16;13;0
7;2025-12-16;14;0
7;2025-12-16;15;0
7;2025-12-16;16;0
7;2025-12-16;17;0
7;2025-12-16;18;0
7;2025-12-16;19;0
7;2025-12-16;20;0
7;2025-12-16;21;0
7;2025-12-16;22;0
7;2025-12-16;23;0
7;2025-12-17;0;0
7;2025-12-17;1;0
7;2025-12-17;2;0
7;2025-12-17;3;0
7;2025-12-17;4;0
7;2025-12-17;5;0
7;2025-12-17;6;0
7;2025-12-17;7;0
7;2025-12-17;8;0
7;2025-12-17;9;0
7;2025-12-17;10;0
7;2025-12-17;11;0
7;2025-12-17;12;0
7;2025-12-17;13;0
7;2025-12-17;14;0
7;2025-12-17;15;0
7;2025-12-17;16;0
7;2025-12-17;17;0
7;2025-12-17;18;0
7;2025-12-17;19;0
7;2025-12-17;20;0
7;2025-12-17;21;0
7;2025-12-17;22;0
7;2025-12-17;23;0
7;2025-12-18;0;0
7;2025-12-18;1;0
7;2025-12-18;2;0
7;2025-12-18;3;0
7;2025-12-18;4;0
7;2025-12-18;5;0
7;2025-12-18;6;0
7;2025-12-18;7;0
7;2025-12-18;8;0
7;2025-12-18;9;0
7;2025-12-18;10;0
7;2025-12-18;11;0
7;2025-12-18;12;0
7;2025-12-18;13;0
7;2025-12-18;14;0
7;2025-12-18;15;0
7;2025-12-18;16;0
7;2025-12-18;17;0
7;2025-12-18;18;0
7;2025-12-18;19;0
7;2025-12-18;20;0
7;2025-12-18;21;0
7;2025-12-18;22;0
7;2025-12-18;23;0
7;2025-12-19;0;0
7;2025-12-19;1;0
7;2025-12-19;2;0
7;2025-12-19;3;0
7;2025-12-19;4;0
7;2025-12-19;5;0
7;2025-12-19;6;0
7;2025-12-19;7;0
7;2025-12-19;8;0
7;2025-12-19;9;0
7;2025-12-19;10;0
7;2025-12-19;11;0
7;2025-12-19;12;0
7;2025-12-19;13;0
7;2025-12-19;14;0
7;2025-12-19;15;0
7;2025-12-19;16;0
7;2025-12-19;17;0
7;2025-12-19;18;0
7;2025-12-19;19;0
7;2025-12-19;20;0
7;2025-12-19;21;0
7;2025-12-19;22;0
7;2025-12-19;23;0
7;2025-12-20;0;0
7;2025-12-20;1;0
7;2025-12-20;2;0
7;2025-12-20;3;0
7;2025-12-20;4;0
7;2025-12-20;5;0
7;2025-12-20;6;0
7;2025-12-20;7;0
7;2025-12-20;8;0
7;2025-12-20;9;0
7;2025-12-20;10;0
7;2025-12-20;11;0
7;2025-12-20;12;0
7;2025-12-20;13;0
7;2025-12-20;14;0
7;2025-12-20;15;0
7;2025-12-20;16;0
7;2025-12-20;17;0
7;2025-12-20;18;0
7;2025-12-20;19;0
7;2025-12-20;20;0
7;2025-12-20;21;0
7;2025-12-20;22;0
7;2025-12-20;23;0
7;2025-12-21;0;0
7;2025-12-21;1;0
7;2025-12-21;2;0
7;2025-12-21;3;0
7;2025-12-21;4;0
7;2025-12-21;5;0
7;2025-12-21;6;0
7;2025-12-21;7;0
7;2025-12-21;8;0
7;2025-12-21;9;0
7;2025-12-21;10;0
7;2025-12-21;11;0
7;2025-12-21;12;0
7;2025-12-21;13;0
7;2025-12-21;14;0
7;2025-12-21;15;0
7;2025-12-21;16;0
7;2025-12-21;17;0
7;2025-12-21;18;0
7;2025-12-21;19;0
7;2025-12-21;20;0
7;2025-12-21;21;0
7;2025-12-21;22;0
7;2025-12-21;23;0
7;2025-12-22;0;0
7;2025-12-22;1;0
7;2025-12-22;2;0
7;2025-12-22;3;0
7;2025-12-22;4;0
7;2025-12-22;5;0
7;2025-12-22;6;0
7;2025-12-22;7;0
7;2025-12-22;8;0
7;2025-12-22;9;0
7;2025-12-22;10;0
7;2025-12-22;11;0
7;2025-12-22;12;0
7;2025-12-22;13;0
7;2025-12-22;14;0
7;2025-12-22;15;0
7;2025-12-22;16;0
7;2025-12-22;17;0
7;2025-12-22;18;0
7;2025-12-22;19;0
7;2025-12-22;20;0
7;2025-12-22;21;0
7;2025-12-22;22;0
7;2025-12-22;23;0
7;2025-12-23;0;0
7;2025-12-23;1;0
7;2025-12-23;2;0
7;2025-12-23;3;0
7;2025-12-23;4;0
7;2025-12-23;5;0
7;2025-12-23;6;0
7;2025-12-23;7;0
7;2025-12-23;8;0
7;2025-12-23;9;0
7;2025-12-23;10;0
7;2025-12-23;11;0
7;2025-12-23;12;0
7;2025-12-23;13;0
7;2025-12-23;14;0
7;2025-12-23;15;0
7;2025-12-23;16;0
7;2025-12-23;17;0
7;2025-12-23;18;0
7;2025-12-23;19;0
7;2025-12-23;20;0
7;2025-12-23;21;0
7;2025-12-23;22;0
7;2025-12-23;23;0
7;2025-12-24;0;0
7;2025-12-24;1;0
7;2025-12-24;2;0
7;2025-12-24;3;0
7;2025-12-24;4;0
7;2025-12-24;5;0
7;2025-12-24;6;0
7;2025-12-24;7;0
7;2025-12-24;8;0
7;2025-12-24;9;0
7;2025-12-24;10;0
7;2025-12-24;11;0
7;2025-12-24;12;0
7;2025-12-24;13;0
7;2025-12-24;14;0
7;2025-12-24;15;0
7;2025-12-24;16;0
7;2025-12-24;17;0
7;2025-12-24;18;0
7;2025-12-24;19;0
7;2025-12-24;20;0
7;2025-12-24;21;0
7;2025-12-24;22;0
7;2025-12-24;23;0
7;2025-12-25;0;0
7;2025-12-25;1;0
7;2025-12-25;2;0
7;2025-12-25;3;0
7;2025-12-25;4;0
7;2025-12-25;5;0
7;2025-12-25;6;0
7;2025-12-25;7;0
7;2025-12-25;8;0
7;2025-12-25;9;0
7;2025-12-25;10;0
7;2025-12-25;11;0
7;2025-12-25;12;0
7;2025-12-25;13;0
7;2025-12-25;14;0
7;2025-12-25;15;0
7;2025-12-25;16;0
7;2025-12-25;17;0
7;2025-12-25;18;0
7;2025-12-25;19;0
7;2025-12-25;20;0
7;2025-12-25;21;0
7;2025-12-25;22;0
7;2025-12-25;23;0
7;2025-12-26;0;0
7;2025-12-26;1;0
7;2025-12-26;2;0
7;2025-12-26;3;0
7;2025-12-26;4;0
7;2025-12-26;5;0
7;2025-12-26;6;0
7;2025-12-26;7;0
7;2025-12-26;8;0
7;2025-12-26;9;0
7;2025-12-26;10;0
7;2025-12-26;11;0
7;2025-12-26;12;0
7;2025-12-26;13;0
7;2025-12-26;14;0
7;2025-12-26;15;0
7;2025-12-26;16;0
7;2025-12-26;17;0
7;2025-12-26;18;0
7;2025-12-26;19;0
7;2025-12-26;20;0
7;2025-12-26;21;0
7;2025-12-26;22;0
7;2025-12-26;23;0
7;2025-12-27;0;0
7;2025-12-27;1;0
7;2025-12-27;2;0
7;2025-12-27;3;0
7;2025-12-27;4;0
7;2025-12-27;5;0
7;2025-12-27;6;0
7;2025-12-27;7;0
7;2025-12-27;8;0
7;2025-12-27;9;0
7;2025-12-27;10;0
7;2025-12-27;11;0
7;2025-12-27;12;0
7;2025-12-27;13;0
7;2025-12-27;14;0
7;2025-12-27;15;0
7;2025-12-27;16;0
7;2025-12-27;17;0
7;2025-12-27;18;0
7;2025-12-27;19;0
7;2025-12-27;20;0
7;2025-12-27;21;0
7;2025-12-27;22;0
7;2025-12-27;23;0
7;2025-12-28;0;0
7;2025-12-28;1;0
7;2025-12-28;2;0
7;2025-12-28;3;0
7;2025-12-28;4;0
7;2025-12-28;5;0
7;2025-12-28;6;0
7;2025-12-28;7;0
7;2025-12-28;8;0
7;2025-12-28;9;0
7;2025-12-28;10;0
7;2025-12-28;11;0
7;2025-12-28;12;0
7;2025-12-28;13;0
7;2025-12-28;14;0
7;2025-12-28;15;0
7;2025-12-28;16;0
7;2025-12-28;17;0
7;2025-12-28;18;0
7;2025-12-28;19;0
7;2025-12-28;20;0
7;2025-12-28;21;0
7;2025-12-28;22;0
7;2025-12-28;23;0
7;2025-12-29;0;0
7;2025-12-29;1;0
7;2025-12-29;2;0
7;2025-12-29;3;0
7;2025-12-29;4;0
7;2025-12-29;5;0
7;2025-12-29;6;0
7;2025-12-29;7;0
7;2025-12-29;8;0
7;2025-12-29;9;0
7;2025-12-29;10;0
7;2025-12-29;11;0
7;2025-12-29;12;0
7;2025-12-29;13;0
7;2025-12-29;14;0
7;2025-12-29;15;0
7;2025-12-29;16;0
7;2025-12-29;17;0
7;2025-12-29;18;0
7;2025-12-29;19;0
7;2025-12-29;20;0
7;2025-12-29;21;0
7;2025-12-29;22;0
7;2025-12-29;23;0
7;2025-12-30;0;0
7;2025-12-30;1;0
7;2025-12-30;2;0
7;2025-12-30;3;0
7;2025-12-30;4;0
7;2025-12-30;5;0
7;2025-12-30;6;0
7;2025-12-30;7;0
7;2025-12-30;8;0
7;2025-12-30;9;0
7;2025-12-30;10;0
7;2025-12-30;11;0
7;2025-12-30;12;0
7;2025-12-30;13;0
7;2025-12-30;14;0
7;2025-12-30;15;0
7;2025-12-30;16;0
7;2025-12-30;17;0
7;2025-12-30;18;0
7;2025-12-30;19;0
7;2025-12-30;20;0
7;2025-12-30;21;0
7;2025-12-30;22;0
7;2025-12-30;23;0
7;2025-12-31;0;0
7;2025-12-31;1;0
7;2025-12-31;2;0
7;2025-12-31;3;0
7;2025-12-31;4;0
7;2025-12-31;5;0
7;2025-12-31;6;0
7;2025-12-31;7;0
7;2025-12-31;8;0
7;2025-12-31;9;0
7;2025-12-31;10;0
7;2025-12-31;11;0
7;2025-12-31;12;0
7;2025-12-31;13;0
7;2025-12-31;14;0
7;2025-12-31;15;0
7;2025-12-31;16;0
7;2025-12-31;17;0
7;2025-12-31;18;0
7;2025-12-31;19;0
7;2025-12-31;20;0
7;2025-12-31;21;0
7;2025-12-31;22;0
7;2025-12-31;23;0
11;2025-11-01;0;0
11;2025-11-01;1;0
11;2025-11-01;2;0
11;2025-11-01;3;0
11;2025-11-01;4;0
11;2025-11-01;5;0
11;2025-11-01;6;0
11;2025-11-01;7;0
11;2025-11-01;8;0
11;2025-11-01;9;0
11;2025-11-01;10;0
11;2025-11-01;11;0
11;2025-11-01;12;0
11;2025-11-01;13;0
11;2025-11-01;14;0
11;2025-11-01;15;0
11;2025-11-01;16;0
11;2025-11-01;17;0
11;2025-11-01;18;0
11;2025-11-01;19;0
11;2025-11-01;20;0
11;2025-11-01;21;0
11;2025-11-01;22;0
11;2025-11-01;23;0
11;2025-11-02;0;0
11;2025-11-02;1;0
11;2025-11-02;2;0
11;2025-11-02;3;0
11;2025-11-02;4;0
11;2025-11-02;5;0
11;2025-11-02;6;0
11;2025-11-02;7;0
11;2025-11-02;8;0
11;2025-11-02;9;0
11;2025-11-02;10;0
11;2025-11-02;11;0
11;2025-11-02;12;0
11;2025-11-02;13;0
11;2025-11-02;14;0
11;2025-11-02;15;0
11;2025-11-02;16;0
11;2025-11-02;17;0
11;2025-11-02;18;0
11;2025-11-02;19;0
11;2025-11-02;20;0
11;2025-11-02;21;0
11;2025-11-02;22;0
11;2025-11-02;23;0
11;2025-11-03;0;0
11;2025-11-03;1;0
11;2025-11-03;2;0
11;2025-11-03;3;0
11;2025-11-03;4;0
11;2025-11-03;5;0
11;2025-11-03;6;0
11;2025-11-03;7;0
11;2025-11-03;8;0
11;2025-11-03;9;0
11;2025-11-03;10;0
11;2025-11-03;11;0
11;2025-11-03;12;0
11;2025-11-03;13;0
11;2025-11-03;14;0
11;2025-11-03;15;0
11;2025-11-03;16;0
11;2025-11-03;17;0
11;2025-11-03;18;0
11;2025-11-03;19;0
11;2025-11-03;20;0
11;2025-11-03;21;0
11;2025-11-03;22;0
11;2025-11-03;23;0
11;2025-11-04;0;0
11;2025-11-04;1;0
11;2025-11-04;2;0
11;2025-11-04;3;0
11;2025-11-04;4;0
11;2025-11-04;5;0
11;2025-11-04;6;0
11;2025-11-04;7;0
11;2025-11-04;8;0
11;2025-11-04;9;0
11;2025-11-04;10;0
11;2025-11-04;11;0
11;2025-11-04;12;0
11;2025-11-04;13;0
11;2025-11-04;14;0
11;2025-11-04;15;0
11;2025-11-04;16;0
11;2025-11-04;17;0
11;2025-11-04;18;0
11;2025-11-04;19;0
11;2025-11-04;20;0
11;2025-11-04;21;0
11;2025-11-04;22;0
11;2025-11-04;23;0
11;2025-11-05;0;0
11;2025-11-05;1;0
11;2025-11-05;2;0
11;2025-11-05;3;0
11;2025-11-05;4;0
11;2025-11-05;5;0
11;2025-11-05;6;0
11;2025-11-05;7;0
11;2025-11-05;8;0
11;2025-11-05;9;0
11;2025-11-05;10;0
11;2025-11-05;11;0
11;2025-11-05;12;0
11;2025-11-05;13;0
11;2025-11-05;14;0
11;2025-11-05;15;0
11;2025-11-05;16;0
11;2025-11-05;17;0
11;2025-11-05;18;0
11;2025-11-05;19;0
11;2025-11-05;20;0
11;2025-11-05;21;0
11;2025-11-05;22;0
11;2025-11-05;23;0
11;2025-11-06;0;0
11;2025-11-06;1;0
11;2025-11-06;2;0
11;2025-11-06;3;0
11;2025-11-06;4;0
11;2025-11-06;5;0
11;2025-11-06;6;0
11;2025-11-06;7;0
11;2025-11-06;8;0
11;2025-11-06;9;0
11;2025-11-06;10;0
11;2025-11-06;11;0
11;2025-11-06;12;0
11;2025-11-06;13;0
11;2025-11-06;14;0
11;2025-11-06;15;0
11;2025-11-06;16;0
11;2025-11-06;17;0
11;2025-11-06;18;0
11;2025-11-06;19;0
11;2025-11-06;20;0
11;2025-11-06;21;0
11;2025-11-06;22;0
11;2025-11-06;23;0
11;2025-11-07;0;0
11;2025-11-07;1;0
11;2025-11-07;2;0
11;2025-11-07;3;0
11;2025-11-07;4;0
11;2025-11-07;5;0
11;2025-11-07;6;0
11;2025-11-07;7;0
11;2025-11-07;8;0
11;2025-11-07;9;0
11;2025-11-07;10;0
11;2025-11-07;11;0
11;2025-11-07;12;0
11;2025-11-07;13;0
11;2025-11-07;14;0
11;2025-11-07;15;0
11;2025-11-07;16;0
11;2025-11-07;17;0
11;2025-11-07;18;0
11;2025-11-07;19;0
11;2025-11-07;20;0
11;2025-11-07;21;0
11;2025-11-07;22;0
11;2025-11-07;23;0
11;2025-11-08;0;0
11;2025-11-08;1;0
11;2025-11-08;2;0
11;2025-11-08;3;0
11;2025-11-08;4;0
11;2025-11-08;5;0
11;2025-11-08;6;0
11;2025-11-08;7;0
11;2025-11-08;8;0
11;2025-11-08;9;0
11;2025-11-08;10;0
11;2025-11-08;11;0
11;2025-11-08;12;0
11;2025-11-08;13;0
11;2025-11-08;14;0
11;2025-11-08;15;0
11;2025-11-08;16;0
11;2025-11-08;17;0
11;2025-11-08;18;0
11;2025-11-08;19;0
11;2025-11-08;20;0
11;2025-11-08;21;0
11;2025-11-08;22;0
11;2025-11-08;23;0
11;2025-11-09;0;0
11;2025-11-09;1;0
11;2025-11-09;2;0
11;2025-11-09;3;0
11;2025-11-09;4;0
11;2025-11-09;5;0
11;2025-11-09;6;0
11;2025-11-09;7;0
11;2025-11-09;8;0
11;2025-11-09;9;0
11;2025-11-09;10;0
11;2025-11-09;11;0
11;2025-11-09;12;0
11;2025-11-09;13;0
11;2025-11-09;14;0
11;2025-11-09;15;0
11;2025-11-09;16;0
11;2025-11-09;17;0
11;2025-11-09;18;0
11;2025-11-09;19;0
11;2025-11-09;20;0
11;2025-11-09;21;0
11;2025-11-09;22;0
11;2025-11-09;23;0
11;2025-11-10;0;0
11;2025-11-10;1;0
11;2025-11-10;2;0
11;2025-11-10;3;0
11;2025-11-10;4;0
11;2025-11-10;5;0
11;2025-11-10;6;0
11;2025-11-10;7;0
11;2025-11-10;8;0
11;2025-11-10;9;0
11;2025-11-10;10;0
11;2025-11-10;11;0
11;2025-11-10;12;0
11;2025-11-10;13;0
11;2025-11-10;14;0
11;2025-11-10;15;0
11;2025-11-10;16;0
11;2025-11-10;17;0
11;2025-11-10;18;0
11;2025-11-10;19;0
11;2025-11-10;20;0
11;2025-11-10;21;0
11;2025-11-10;22;0
11;2025-11-10;23;0
11;2025-11-11;0;0
11;2025-11-11;1;0
11;2025-11-11;2;0
11;2025-11-11;3;0
11;2025-11-11;4;0
11;2025-11-11;5;0
11;2025-11-11;6;0
11;2025-11-11;7;0
11;2025-11-11;8;0
11;2025-11-11;9;0
11;2025-11-11;10;0
11;2025-11-11;11;0
11;2025-11-11;12;0
11;2025-11-11;13;0
11;2025-11-11;14;0
11;2025-11-11;15;0
11;2025-11-11;16;0
11;2025-11-11;17;0
11;2025-11-11;18;0
11;2025-11-11;19;0
11;2025-11-11;20;0
11;2025-11-11;21;0
11;2025-11-11;22;0
11;2025-11-11;23;0
11;2025-11-12;0;0
11;2025-11-12;1;0
11;2025-11-12;2;0
11;2025-11-12;3;0
11;2025-11-12;4;0
11;2025-11-12;5;0
11;2025-11-12;6;0
11;2025-11-12;7;0
11;2025-11-12;8;0
11;2025-11-12;9;0
11;2025-11-12;10;0
11;2025-11-12;11;0
11;2025-11-12;12;0
11;2025-11-12;13;0
11;2025-11-12;14;0
11;2025-11-12;15;0
11;2025-11-12;16;0
11;2025-11-12;17;0
11;2025-11-12;18;0
11;2025-11-12;19;0
11;2025-11-12;20;0
11;2025-11-12;21;0
11;2025-11-12;22;0
11;2025-11-12;23;0
11;2025-11-13;0;0
11;2025-11-13;1;0
11;2025-11-13;2;0
11;2025-11-13;3;0
11;2025-11-13;4;0
11;2025-11-13;5;0
11;2025-11-13;6;0
11;2025-11-13;7;0
11;2025-11-13;8;0
11;2025-11-13;9;0
11;2025-11-13;10;0
11;2025-11-13;11;0
11;2025-11-13;12;0
11;2025-11-13;13;0
11;2025-11-13;14;0
11;2025-11-13;15;0
11;2025-11-13;16;0
11;2025-11-13;17;0
11;2025-11-13;18;0
11;2025-11-13;19;0
11;2025-11-13;20;0
11;2025-11-13;21;0
11;2025-11-13;22;0
11;2025-11-13;23;0
11;2025-11-14;0;0
11;2025-11-14;1;0
11;2025-11-14;2;0
11;2025-11-14;3;0
11;2025-11-14;4;0
11;2025-11-14;5;0
11;2025-11-14;6;0
11;2025-11-14;7;0
11;2025-11-14;8;0
11;2025-11-14;9;0
11;2025-11-14;10;0
11;2025-11-14;11;0
11;2025-11-14;12;0
11;2025-11-14;13;0
11;2025-11-14;14;0
11;2025-11-14;15;0
11;2025-11-14;16;0
11;2025-11-14;17;0
11;2025-11-14;18;0
11;2025-11-14;19;0
11;2025-11-14;20;0
11;2025-11-14;21;0
11;2025-11-14;22;0
11;2025-11-14;23;0
11;2025-11-15;0;0
11;2025-11-15;1;0
11;2025-11-15;2;0
11;2025-11-15;3;0
11;2025-11-15;4;0
11;2025-11-15;5;0
11;2025-11-15;6;0
11;2025-11-15;7;0
11;2025-11-15;8;0
11;2025-11-15;9;0
11;2025-11-15;10;0
11;2025-11-15;11;0
11;2025-11-15;12;0
11;2025-11-15;13;0
11;2025-11-15;14;0
11;2025-11-15;15;0
11;2025-11-15;16;0
11;2025-11-15;17;0
11;2025-11-15;18;0
11;2025-11-15;19;0
11;2025-11-15;20;0
11;2025-11-15;21;0
11;2025-11-15;22;0
11;2025-11-15;23;0
11;2025-11-16;0;0
11;2025-11-16;1;0
11;2025-11-16;2;0
11;2025-11-16;3;0
11;2025-11-16;4;0
11;2025-11-16;5;0
11;2025-11-16;6;0
11;2025-11-16;7;0
11;2025-11-16;8;0
11;2025-11-16;9;0
11;2025-11-16;10;0
11;2025-11-16;11;0
11;2025-11-16;12;0
11;2025-11-16;13;0
11;2025-11-16;14;0
11;2025-11-16;15;0
11;2025-11-16;16;0
11;2025-11-16;17;0
11;2025-11-16;18;0
11;2025-11-16;19;0
11;2025-11-16;20;0
11;2025-11-16;21;0
11;2025-11-16;22;0
11;2025-11-16;23;0
11;2025-11-17;0;0
11;2025-11-17;1;0
11;2025-11-17;2;0
11;2025-11-17;3;0
11;2025-11-17;4;0
11;2025-11-17;5;0
11;2025-11-17;6;0
11;2025-11-17;7;0
11;2025-11-17;8;0
11;2025-11-17;9;0
11;2025-11-17;10;0
11;2025-11-17;11;0
11;2025-11-17;12;0
11;2025-11-17;13;0
11;2025-11-17;14;0
11;2025-11-17;15;0
11;2025-11-17;16;0
11;2025-11-17;17;0
11;2025-11-17;18;0
11;2025-11-17;19;0
11;2025-11-17;20;0
11;2025-11-17;21;0
11;2025-11-17;22;0
11;2025-11-17;23;0
11;2025-11-18;0;0
11;2025-11-18;1;0
11;2025-11-18;2;0
11;2025-11-18;3;0
11;2025-11-18;4;0
11;2025-11-18;5;0
11;2025-11-18;6;0
11;2025-11-18;7;0
11;2025-11-18;8;0
11;2025-11-18;9;0
11;2025-11-18;10;0
11;2025-11-18;11;0
11;2025-11-18;12;0
11;2025-11-18;13;0
11;2025-11-18;14;0
11;2025-11-18;15;0
11;2025-11-18;16;0
11;2025-11-18;17;0
11;2025-11-18;18;0
11;2025-11-18;19;0
11;2025-11-18;20;0
11;2025-11-18;21;0
11;2025-11-18;22;0
11;2025-11-18;23;0
11;2025-11-19;0;0
11;2025-11-19;1;0
11;2025-11-19;2;0
11;2025-11-19;3;0
11;2025-11-19;4;0
11;2025-11-19;5;0
11;2025-11-19;6;0
11;2025-11-19;7;0
11;2025-11-19;8;0
11;2025-11-19;9;0
11;2025-11-19;10;0
11;2025-11-19;11;0
11;2025-11-19;12;0
11;2025-11-19;13;0
11;2025-11-19;14;0
11;2025-11-19;15;0
11;2025-11-19;16;0
11;2025-11-19;17;0
11;2025-11-19;18;0
11;2025-11-19;19;0
11;2025-11-19;20;0
11;2025-11-19;21;0
11;2025-11-19;22;0
11;2025-11-19;23;0
11;2025-11-20;0;0
11;2025-11-20;1;0
11;2025-11-20;2;0
11;2025-11-20;3;0
11;2025-11-20;4;0
11;2025-11-20;5;0
11;2025-11-20;6;0
11;2025-11-20;7;0
11;2025-11-20;8;0
11;2025-11-20;9;0
11;2025-11-20;10;0
11;2025-11-20;11;0
11;2025-11-20;12;0
11;2025-11-20;13;0
11;2025-11-20;14;0
11;2025-11-20;15;0
11;2025-11-20;16;0
11;2025-11-20;17;0
11;2025-11-20;18;0
11;2025-11-20;19;0
11;2025-11-20;20;0
11;2025-11-20;21;0
11;2025-11-20;22;0
11;2025-11-20;23;0
11;2025-11-21;0;0
11;2025-11-21;1;0
11;2025-11-21;2;0
11;2025-11-21;3;0
11;2025-11-21;4;0
11;2025-11-21;5;0
11;2025-11-21;6;0
11;2025-11-21;7;0
11;2025-11-21;8;0
11;2025-11-21;9;0
11;2025-11-21;10;0
11;2025-11-21;11;0
11;2025-11-21;12;0
11;2025-11-21;13;0
11;2025-11-21;14;0
11;2025-11-21;15;0
11;2025-11-21;16;0
11;2025-11-21;17;0
11;2025-11-21;18;0
11;2025-11-21;19;0
11;2025-11-21;20;0
11;2025-11-21;21;0
11;2025-11-21;22;0
11;2025-11-21;23;0
11;2025-11-22;0;0
11;2025-11-22;1;0
11;2025-11-22;2;0
11;2025-11-22;3;0
11;2025-11-22;4;0
11;2025-11-22;5;0
11;2025-11-22;6;0
11;2025-11-22;7;0
11;2025-11-22;8;0
11;2025-11-22;9;0
11;2025-11-22;10;0
11;2025-11-22;11;0
11;2025-11-22;12;0
11;2025-11-22;13;0
11;2025-11-22;14;0
11;2025-11-22;15;0
11;2025-11-22;16;0
11;2025-11-22;17;0
11;2025-11-22;18;0
11;2025-11-22;19;0
11;2025-11-22;20;0
11;2025-11-22;21;0
11;2025-11-22;22;0
11;2025-11-22;23;0
11;2025-11-23;0;0
11;2025-11-23;1;0
11;2025-11-23;2;0
11;2025-11-23;3;0
11;2025-11-23;4;0
11;2025-11-23;5;0
11;2025-11-23;6;0
11;2025-11-23;7;0
11;2025-11-23;8;0
11;2025-11-23;9;0
11;2025-11-23;10;0
11;2025-11-23;11;0
11;2025-11-23;12;0
11;2025-11-23;13;0
11;2025-11-23;14;0
11;2025-11-23;15;0
11;2025-11-23;16;0
11;2025-11-23;17;0
11;2025-11-23;18;0
11;2025-11-23;19;0
11;2025-11-23;20;0
11;2025-11-23;21;0
11;2025-11-23;22;0
11;2025-11-23;23;0
11;2025-11-24;0;0
11;2025-11-24;1;0
11;2025-11-24;2;0
11;2025-11-24;3;0
11;2025-11-24;4;0
11;2025-11-24;5;0
11;2025-11-24;6;0
11;2025-11-24;7;0
11;2025-11-24;8;0
11;2025-11-24;9;0
11;2025-11-24;10;0
11;2025-11-24;11;0
11;2025-11-24;12;0
11;2025-11-24;13;0
11;2025-11-24;14;0
11;2025-11-24;15;0
11;2025-11-24;16;0
11;2025-11-24;17;0
11;2025-11-24;18;0
11;2025-11-24;19;0
11;2025-11-24;20;0
11;2025-11-24;21;0
11;2025-11-24;22;0
11;2025-11-24;23;0
11;2025-11-25;0;0
11;2025-11-25;1;0
11;2025-11-25;2;0
11;2025-11-25;3;0
11;2025-11-25;4;0
11;2025-11-25;5;0
11;2025-11-25;6;0
11;2025-11-25;7;0
11;2025-11-25;8;0
11;2025-11-25;9;0
11;2025-11-25;10;0
11;2025-11-25;11;0
11;2025-11-25;12;0
11;2025-11-25;13;0
11;2025-11-25;14;0
11;2025-11-25;15;0
11;2025-11-25;16;0
11;2025-11-25;17;0
11;2025-11-25;18;0
11;2025-11-25;19;0
11;2025-11-25;20;0
11;2025-11-25;21;0
11;2025-11-25;22;0
11;2025-11-25;23;0
11;2025-11-26;0;0
11;2025-11-26;1;0
11;2025-11-26;2;0
11;2025-11-26;3;0
11;2025-11-26;4;0
11;2025-11-26;5;0
11;2025-11-26;6;0
11;2025-11-26;7;0
11;2025-11-26;8;0
11;2025-11-26;9;0
11;2025-11-26;10;0
11;2025-11-26;11;0
11;2025-11-26;12;0
11;2025-11-26;13;0
11;2025-11-26;14;0
11;2025-11-26;15;0
11;2025-11-26;16;0
11;2025-11-26;17;0
11;2025-11-26;18;0
11;2025-11-26;19;0
11;2025-11-26;20;0
11;2025-11-26;21;0
11;2025-11-26;22;0
11;2025-11-26;23;0
11;2025-11-27;0;0
11;2025-11-27;1;0
11;2025-11-27;2;0
11;2025-11-27;3;0
11;2025-11-27;4;0
11;2025-11-27;5;0
11;2025-11-27;6;0
11;2025-11-27;7;0
11;2025-11-27;8;0
11;2025-11-27;9;0
11;2025-11-27;10;0
11;2025-11-27;11;0
11;2025-11-27;12;0
11;2025-11-27;13;0
11;2025-11-27;14;0
11;2025-11-27;15;0
11;2025-11-27;16;0
11;2025-11-27;17;0
11;2025-11-27;18;0
11;2025-11-27;19;0
11;2025-11-27;20;0
11;2025-11-27;21;0
11;2025-11-27;22;0
11;2025-11-27;23;0
11;2025-11-28;0;0
11;2025-11-28;1;0
11;2025-11-28;2;0
11;2025-11-28;3;0
11;2025-11-28;4;0
11;2025-11-28;5;0
11;2025-11-28;6;0
11;2025-11-28;7;0
11;2025-11-28;8;0
11;2025-11-28;9;0
11;2025-11-28;10;0
11;2025-11-28;11;0
11;2025-11-28;12;0
11;2025-11-28;13;0
11;2025-11-28;14;0
11;2025-11-28;15;0
11;2025-11-28;16;0
11;2025-11-28;17;0
11;2025-11-28;18;0
11;2025-11-28;19;0
11;2025-11-28;20;0
11;2025-11-28;21;0
11;2025-11-28;22;0
11;2025-11-28;23;0
11;2025-11-29;0;0
11;2025-11-29;1;0
11;2025-11-29;2;0
11;2025-11-29;3;0
11;2025-11-29;4;0
11;2025-11-29;5;0
11;2025-11-29;6;0
11;2025-11-29;7;0
11;2025-11-29;8;0
11;2025-11-29;9;0
11;2025-11-29;10;0
11;2025-11-29;11;0
11;2025-11-29;12;0
11;2025-11-29;13;0
11;2025-11-29;14;0
11;2025-11-29;15;0
11;2025-11-29;16;0
11;2025-11-29;17;0
11;2025-11-29;18;0
11;2025-11-29;19;0
11;2025-11-29;20;0
11;2025-11-29;21;0
11;2025-11-29;22;0
11;2025-11-29;23;0
11;2025-11-30;0;0
11;2025-11-30;1;0
11;2025-11-30;2;0
11;2025-11-30;3;0
11;2025-11-30;4;0
11;2025-11-30;5;0
11;2025-11-30;6;0
11;2025-11-30;7;0
11;2025-11-30;8;0
11;2025-11-30;9;0
11;2025-11-30;10;0
11;2025-11-30;11;0
11;2025-11-30;12;0
11;2025-11-30;13;0
11;2025-11-30;14;0
11;2025-11-30;15;0
11;2025-11-30;16;0
11;2025-11-30;17;0
11;2025-11-30;18;0
11;2025-11-30;19;0
11;2025-11-30;20;0
11;2025-11-30;21;0
11;2025-11-30;22;0
11;2025-11-30;23;0
11;2025-12-01;0;0
11;2025-12-01;1;0
11;2025-12-01;2;0
11;2025-12-01;3;0
11;2025-12-01;4;0
11;2025-12-01;5;0
11;2025-12-01;6;0
11;2025-12-01;7;0
11;2025-12-01;8;0
11;2025-12-01;9;0
11;2025-12-01;10;0
11;2025-12-01;11;0
11;2025-12-01;12;0
11;2025-12-01;13;0
11;2025-12-01;14;0
11;2025-12-01;15;0
11;2025-12-01;16;0
11;2025-12-01;17;0
11;2025-12-01;18;0
11;2025-12-01;19;0
11;2025-12-01;20;0
11;2025-12-01;21;0
11;2025-12-01;22;0
11;2025-12-01;23;0
11;2025-12-02;0;0
11;2025-12-02;1;0
11;2025-12-02;2;0
11;2025-12-02;3;0
11;2025-12-02;4;0
11;2025-12-02;5;0
11;2025-12-02;6;0
11;2025-12-02;7;0
11;2025-12-02;8;0
11;2025-12-02;9;0
11;2025-12-02;10;0
11;2025-12-02;11;0
11;2025-12-02;12;0
11;2025-12-02;13;0
11;2025-12-02;14;0
11;2025-12-02;15;0
11;2025-12-02;16;0
11;2025-12-02;17;0
11;2025-12-02;18;0
11;2025-12-02;19;0
11;2025-12-02;20;0
11;2025-12-02;21;0
11;2025-12-02;22;0
11;2025-12-02;23;0
11;2025-12-03;0;0
11;2025-12-03;1;0
11;2025-12-03;2;0
11;2025-12-03;3;0
11;2025-12-03;4;0
11;2025-12-03;5;0
11;2025-12-03;6;0
11;2025-12-03;7;0
11;2025-12-03;8;0
11;2025-12-03;9;0
11;2025-12-03;10;0
11;2025-12-03;11;0
11;2025-12-03;12;0
11;2025-12-03;13;0
11;2025-12-03;14;0
11;2025-12-03;15;0
11;2025-12-03;16;0
11;2025-12-03;17;0
11;2025-12-03;18;0
11;2025-12-03;19;0
11;2025-12-03;20;0
11;2025-12-03;21;0
11;2025-12-03;22;0
11;2025-12-03;23;0
11;2025-12-04;0;0
11;2025-12-04;1;0
11;2025-12-04;2;0
11;2025-12-04;3;0
11;2025-12-04;4;0
11;2025-12-04;5;0
11;2025-12-04;6;0
11;2025-12-04;7;0
11;2025-12-04;8;0
11;2025-12-04;9;0
11;2025-12-04;10;0
11;2025-12-04;11;0
11;2025-12-04;12;0
11;2025-12-04;13;0
11;2025-12-04;14;0
11;2025-12-04;15;0
11;2025-12-04;16;0
11;2025-12-04;17;0
11;2025-12-04;18;0
11;2025-12-04;19;0
11;2025-12-04;20;0
11;2025-12-04;21;0
11;2025-12-04;22;0
11;2025-12-04;23;0
11;2025-12-05;0;0
11;2025-12-05;1;0
11;2025-12-05;2;0
11;2025-12-05;3;0
11;2025-12-05;4;0
11;2025-12-05;5;0
11;2025-12-05;6;0
11;2025-12-05;7;0
11;2025-12-05;8;0
11;2025-12-05;9;0
11;2025-12-05;10;0
11;2025-12-05;11;0
11;2025-12-05;12;0
11;2025-12-05;13;0
11;2025-12-05;14;0
11;2025-12-05;15;0
11;2025-12-05;16;0
11;2025-12-05;17;0
11;2025-12-05;18;0
11;2025-12-05;19;0
11;2025-12-05;20;0
11;2025-12-05;21;0
11;2025-12-05;22;0
11;2025-12-05;23;0
11;2025-12-06;0;0
11;2025-12-06;1;0
11;2025-12-06;2;0
11;2025-12-06;3;0
11;2025-12-06;4;0
11;2025-12-06;5;0
11;2025-12-06;6;0
11;2025-12-06;7;0
11;2025-12-06;8;0
11;2025-12-06;9;0
11;2025-12-06;10;0
11;2025-12-06;11;0
11;2025-12-06;12;0
11;2025-12-06;13;0
11;2025-12-06;14;0
11;2025-12-06;15;0
11;2025-12-06;16;0
11;2025-12-06;17;0
11;2025-12-06;18;0
11;2025-12-06;19;0
11;2025-12-06;20;0
11;2025-12-06;21;0
11;2025-12-06;22;0
11;2025-12-06;23;0
11;2025-12-07;0;0
11;2025-12-07;1;0
11;2025-12-07;2;0
11;2025-12-07;3;0
11;2025-12-07;4;0
11;2025-12-07;5;0
11;2025-12-07;6;0
11;2025-12-07;7;0
11;2025-12-07;8;0
11;2025-12-07;9;0
11;2025-12-07;10;0
11;2025-12-07;11;0
11;2025-12-07;12;0
11;2025-12-07;13;0
11;2025-12-07;14;0
11;2025-12-07;15;0
11;2025-12-07;16;0
11;2025-12-07;17;0
11;2025-12-07;18;0
11;2025-12-07;19;0
11;2025-12-07;20;0
11;2025-12-07;21;0
11;2025-12-07;22;0
11;2025-12-07;23;0
11;2025-12-08;0;0
11;2025-12-08;1;0
11;2025-12-08;2;0
11;2025-12-08;3;0
11;2025-12-08;4;0
11;2025-12-08;5;0
11;2025-12-08;6;0
11;2025-12-08;7;0
11;2025-12-08;8;0
11;2025-12-08;9;0
11;2025-12-08;10;0
11;2025-12-08;11;0
11;2025-12-08;12;0
11;2025-12-08;13;0
11;2025-12-08;14;0
11;2025-12-08;15;0
11;2025-12-08;16;0
11;2025-12-08;17;0
11;2025-12-08;18;0
11;2025-12-08;19;0
11;2025-12-08;20;0
11;2025-12-08;21;0
11;2025-12-08;22;0
11;2025-12-08;23;0
11;2025-12-09;0;0
11;2025-12-09;1;0
11;2025-12-09;2;0
11;2025-12-09;3;0
11;2025-12-09;4;0
11;2025-12-09;5;0
11;2025-12-09;6;0
11;2025-12-09;7;0
11;2025-12-09;8;0
11;2025-12-09;9;0
11;2025-12-09;10;0
11;2025-12-09;11;0
11;2025-12-09;12;0
11;2025-12-09;13;0
11;2025-12-09;14;0
11;2025-12-09;15;0
11;2025-12-09;16;0
11;2025-12-09;17;0
11;2025-12-09;18;0
11;2025-12-09;19;0
11;2025-12-09;20;0
11;2025-12-09;21;0
11;2025-12-09;22;0
11;2025-12-09;23;0
11;2025-12-10;0;0
11;2025-12-10;1;0
11;2025-12-10;2;0
11;2025-12-10;3;0
11;2025-12-10;4;0
11;2025-12-10;5;0
11;2025-12-10;6;0
11;2025-12-10;7;0
11;2025-12-10;8;0
11;2025-12-10;9;0
11;2025-12-10;10;0
11;2025-12-10;11;0
11;2025-12-10;12;0
11;2025-12-10;13;0
11;2025-12-10;14;0
11;2025-12-10;15;0
11;2025-12-10;16;0
11;2025-12-10;17;0
11;2025-12-10;18;0
11;2025-12-10;19;0
11;2025-12-10;20;0
11;2025-12-10;21;0
11;2025-12-10;22;0
11;2025-12-10;23;0
11;2025-12-11;0;0
11;2025-12-11;1;0
11;2025-12-11;2;0
11;2025-12-11;3;0
11;2025-12-11;4;0
11;2025-12-11;5;0
11;2025-12-11;6;0
11;2025-12-11;7;0
11;2025-12-11;8;0
11;2025-12-11;9;0
11;2025-12-11;10;0
11;2025-12-11;11;0
11;2025-12-11;12;0
11;2025-12-11;13;0
11;2025-12-11;14;0
11;2025-12-11;15;0
11;2025-12-11;16;0
11;2025-12-11;17;0
11;2025-12-11;18;0
11;2025-12-11;19;0
11;2025-12-11;20;0
11;2025-12-11;21;0
11;2025-12-11;22;0
11;2025-12-11;23;0
11;2025-12-12;0;0
11;2025-12-12;1;0
11;2025-12-12;2;0
11;2025-12-12;3;0
11;2025-12-12;4;0
11;2025-12-12;5;0
11;2025-12-12;6;0
11;2025-12-12;7;0
11;2025-12-12;8;0
11;2025-12-12;9;0
11;2025-12-12;10;0
11;2025-12-12;11;0
11;2025-12-12;12;0
11;2025-12-12;13;0
11;2025-12-12;14;0
11;2025-12-12;15;0
11;2025-12-12;16;0
11;2025-12-12;17;0
11;2025-12-12;18;0
11;2025-12-12;19;0
11;2025-12-12;20;0
11;2025-12-12;21;0
11;2025-12-12;22;0
11;2025-12-12;23;0
11;2025-12-13;0;0
11;2025-12-13;1;0
11;2025-12-13;2;0
11;2025-12-13;3;0
11;2025-12-13;4;0
11;2025-12-13;5;0
11;2025-12-13;6;0
11;2025-12-13;7;0
11;2025-12-13;8;0
11;2025-12-13;9;0
11;2025-12-13;10;0
11;2025-12-13;11;0
11;2025-12-13;12;0
11;2025-12-13;13;0
11;2025-12-13;14;0
11;2025-12-13;15;0
11;2025-12-13;16;0
11;2025-12-13;17;0
11;2025-12-13;18;0
11;2025-12-13;19;0
11;2025-12-13;20;0
11;2025-12-13;21;0
11;2025-12-13;22;0
11;2025-12-13;23;0
11;2025-12-14;0;0
11;2025-12-14;1;0
11;2025-12-14;2;0
11;2025-12-14;3;0
11;2025-12-14;4;0
11;2025-12-14;5;0
11;2025-12-14;6;0
11;2025-12-14;7;0
11;2025-12-14;8;0
11;2025-12-14;9;0
11;2025-12-14;10;0
11;2025-12-14;11;0
11;2025-12-14;12;0
11;2025-12-14;13;0
11;2025-12-14;14;0
11;2025-12-14;15;0
11;2025-12-14;16;0
11;2025-12-14;17;0
11;2025-12-14;18;0
11;2025-12-14;19;0
11;2025-12-14;20;0
11;2025-12-14;21;0
11;2025-12-14;22;0
11;2025-12-14;23;0
11;2025-12-15;0;0
11;2025-12-15;1;0
11;2025-12-15;2;0
11;2025-12-15;3;0
11;2025-12-15;4;0
11;2025-12-15;5;0
11;2025-12-15;6;0
11;2025-12-15;7;0
11;2025-12-15;8;0
11;2025-12-15;9;0
11;2025-12-15;10;0
11;2025-12-15;11;0
11;2025-12-15;12;0
11;2025-12-15;13;0
11;2025-12-15;14;0
11;2025-12-15;15;0
11;2025-12-15;16;0
11;2025-12-15;17;0
11;2025-12-15;18;0
11;2025-12-15;19;0
11;2025-12-15;20;0
11;2025-12-15;21;0
11;2025-12-15;22;0
11;2025-12-15;23;0
11;2025-12-16;0;0
11;2025-12-16;1;0
11;2025-12-16;2;0
11;2025-12-16;3;0
11;2025-12-16;4;0
11;2025-12-16;5;0
11;2025-12-16;6;0
11;2025-12-16;7;0
11;2025-12-16;8;0
11;2025-12-16;9;0
11;2025-12-16;10;0
11;2025-12-16;11;0
11;2025-12-16;12;0
11;2025-12-16;13;0
11;2025-12-16;14;0
11;2025-12-16;15;0
11;2025-12-16;16;0
11;2025-12-16;17;0
11;2025-12-16;18;0
11;2025-12-16;19;0
11;2025-12-16;20;0
11;2025-12-16;21;0
11;2025-12-16;22;0
11;2025-12-16;23;0
11;2025-12-17;0;0
11;2025-12-17;1;0
11;2025-12-17;2;0
11;2025-12-17;3;0
11;2025-12-17;4;0
11;2025-12-17;5;0
11;2025-12-17;6;0
11;2025-12-17;7;0
11;2025-12-17;8;0
11;2025-12-17;9;0
11;2025-12-17;10;0
11;2025-12-17;11;0
11;2025-12-17;12;0
11;2025-12-17;13;0
11;2025-12-17;14;0
11;2025-12-17;15;0
11;2025-12-17;16;0
11;2025-12-17;17;0
11;2025-12-17;18;0
11;2025-12-17;19;0
11;2025-12-17;20;0
11;2025-12-17;21;0
11;2025-12-17;22;0
11;2025-12-17;23;0
11;2025-12-18;0;0
11;2025-12-18;1;0
11;2025-12-18;2;0
11;2025-12-18;3;0
11;2025-12-18;4;0
11;2025-12-18;5;0
11;2025-12-18;6;0
11;2025-12-18;7;0
11;2025-12-18;8;0
11;2025-12-18;9;0
11;2025-12-18;10;0
11;2025-12-18;11;0
11;2025-12-18;12;0
11;2025-12-18;13;0
11;2025-12-18;14;0
11;2025-12-18;15;0
11;2025-12-18;16;0
11;2025-12-18;17;0
11;2025-12-18;18;0
11;2025-12-18;19;0
11;2025-12-18;20;0
11;2025-12-18;21;0
11;2025-12-18;22;0
11;2025-12-18;23;0
11;2025-12-19;0;0
11;2025-12-19;1;0
11;2025-12-19;2;0
11;2025-12-19;3;0
11;2025-12-19;4;0
11;2025-12-19;5;0
11;2025-12-19;6;0
11;2025-12-19;7;0
11;2025-12-19;8;0
11;2025-12-19;9;0
11;2025-12-19;10;0
11;2025-12-19;11;0
11;2025-12-19;12;0
11;2025-12-19;13;0
11;2025-12-19;14;0
11;2025-12-19;15;0
11;2025-12-19;16;0
11;2025-12-19;17;0
11;2025-12-19;18;0
11;2025-12-19;19;0
11;2025-12-19;20;0
11;2025-12-19;21;0
11;2025-12-19;22;0
11;2025-12-19;23;0
11;2025-12-20;0;0
11;2025-12-20;1;0
11;2025-12-20;2;0
11;2025-12-20;3;0
11;2025-12-20;4;0
11;2025-12-20;5;0
11;2025-12-20;6;0
11;2025-12-20;7;0
11;2025-12-20;8;0
11;2025-12-20;9;0
11;2025-12-20;10;0
11;2025-12-20;11;0
11;2025-12-20;12;0
11;2025-12-20;13;0
11;2025-12-20;14;0
11;2025-12-20;15;0
11;2025-12-20;16;0
11;2025-12-20;17;0
11;2025-12-20;18;0
11;2025-12-20;19;0
11;2025-12-20;20;0
11;2025-12-20;21;0
11;2025-12-20;22;0
11;2025-12-20;23;0
11;2025-12-21;0;0
11;2025-12-21;1;0
11;2025-12-21;2;0
11;2025-12-21;3;0
11;2025-12-21;4;0
11;2025-12-21;5;0
11;2025-12-21;6;0
11;2025-12-21;7;0
11;2025-12-21;8;0
11;2025-12-21;9;0
11;2025-12-21;10;0
11;2025-12-21;11;0
11;2025-12-21;12;0
11;2025-12-21;13;0
11;2025-12-21;14;0
11;2025-12-21;15;0
11;2025-12-21;16;0
11;2025-12-21;17;0
11;2025-12-21;18;0
11;2025-12-21;19;0
11;2025-12-21;20;0
11;2025-12-21;21;0
11;2025-12-21;22;0
11;2025-12-21;23;0
11;2025-12-22;0;0
11;2025-12-22;1;0
11;2025-12-22;2;0
11;2025-12-22;3;0
11;2025-12-22;4;0
11;2025-12-22;5;0
11;2025-12-22;6;0
11;2025-12-22;7;0
11;2025-12-22;8;0
11;2025-12-22;9;0
11;2025-12-22;10;0
11;2025-12-22;11;0
11;2025-12-22;12;0
11;2025-12-22;13;0
11;2025-12-22;14;0
11;2025-12-22;15;0
11;2025-12-22;16;0
11;2025-12-22;17;0
11;2025-12-22;18;0
11;2025-12-22;19;0
11;2025-12-22;20;0
11;2025-12-22;21;0
11;2025-12-22;22;0
11;2025-12-22;23;0
11;2025-12-23;0;0
11;2025-12-23;1;0
11;2025-12-23;2;0
11;2025-12-23;3;0
11;2025-12-23;4;0
11;2025-12-23;5;0
11;2025-12-23;6;0
11;2025-12-23;7;0
11;2025-12-23;8;0
11;2025-12-23;9;0
11;2025-12-23;10;0
11;2025-12-23;11;0
11;2025-12-23;12;0
11;2025-12-23;13;0
11;2025-12-23;14;0
11;2025-12-23;15;0
11;2025-12-23;16;0
11;2025-12-23;17;0
11;2025-12-23;18;0
11;2025-12-23;19;0
11;2025-12-23;20;0
11;2025-12-23;21;0
11;2025-12-23;22;0
11;2025-12-23;23;0
11;2025-12-24;0;0
11;2025-12-24;1;0
11;2025-12-24;2;0
11;2025-12-24;3;0
11;2025-12-24;4;0
11;2025-12-24;5;0
11;2025-12-24;6;0
11;2025-12-24;7;0
11;2025-12-24;8;0
11;2025-12-24;9;0
11;2025-12-24;10;0
11;2025-12-24;11;0
11;2025-12-24;12;0
11;2025-12-24;13;0
11;2025-12-24;14;0
11;2025-12-24;15;0
11;2025-12-24;16;0
11;2025-12-24;17;0
11;2025-12-24;18;0
11;2025-12-24;19;0
11;2025-12-24;20;0
11;2025-12-24;21;0
11;2025-12-24;22;0
11;2025-12-24;23;0
11;2025-12-25;0;0
11;2025-12-25;1;0
11;2025-12-25;2;0
11;2025-12-25;3;0
11;2025-12-25;4;0
11;2025-12-25;5;0
11;2025-12-25;6;0
11;2025-12-25;7;0
11;2025-12-25;8;0
11;2025-12-25;9;0
11;2025-12-25;10;0
11;2025-12-25;11;0
11;2025-12-25;12;0
11;2025-12-25;13;0
11;2025-12-25;14;0
11;2025-12-25;15;0
11;2025-12-25;16;0
11;2025-12-25;17;0
11;2025-12-25;18;0
11;2025-12-25;19;0
11;2025-12-25;20;0
11;2025-12-25;21;0
11;2025-12-25;22;0
11;2025-12-25;23;0
11;2025-12-26;0;0
11;2025-12-26;1;0
11;2025-12-26;2;0
11;2025-12-26;3;0
11;2025-12-26;4;0
11;2025-12-26;5;0
11;2025-12-26;6;0
11;2025-12-26;7;0
11;2025-12-26;8;0
11;2025-12-26;9;0
11;2025-12-26;10;0
11;2025-12-26;11;0
11;2025-12-26;12;0
11;2025-12-26;13;0
11;2025-12-26;14;0
11;2025-12-26;15;0
11;2025-12-26;16;0
11;2025-12-26;17;0
11;2025-12-26;18;0
11;2025-12-26;19;0
11;2025-12-26;20;0
11;2025-12-26;21;0
11;2025-12-26;22;0
11;2025-12-26;23;0
11;2025-12-27;0;0
11;2025-12-27;1;0
11;2025-12-27;2;0
11;2025-12-27;3;0
11;2025-12-27;4;0
11;2025-12-27;5;0
11;2025-12-27;6;0
11;2025-12-27;7;0
11;2025-12-27;8;0
11;2025-12-27;9;0
11;2025-12-27;10;0
11;2025-12-27;11;0
11;2025-12-27;12;0
11;2025-12-27;13;0
11;2025-12-27;14;0
11;2025-12-27;15;0
11;2025-12-27;16;0
11;2025-12-27;17;0
11;2025-12-27;18;0
11;2025-12-27;19;0
11;2025-12-27;20;0
11;2025-12-27;21;0
11;2025-12-27;22;0
11;2025-12-27;23;0
11;2025-12-28;0;0
11;2025-12-28;1;0
11;2025-12-28;2;0
11;2025-12-28;3;0
11;2025-12-28;4;0
11;2025-12-28;5;0
11;2025-12-28;6;0
11;2025-12-28;7;0
11;2025-12-28;8;0
11;2025-12-28;9;0
11;2025-12-28;10;0
11;2025-12-28;11;0
11;2025-12-28;12;0
11;2025-12-28;13;0
11;2025-12-28;14;0
11;2025-12-28;15;0
11;2025-12-28;16;0
11;2025-12-28;17;0
11;2025-12-28;18;0
11;2025-12-28;19;0
11;2025-12-28;20;0
11;2025-12-28;21;0
11;2025-12-28;22;0
11;2025-12-28;23;0
11;2025-12-29;0;0
11;2025-12-29;1;0
11;2025-12-29;2;0
11;2025-12-29;3;0
11;2025-12-29;4;0
11;2025-12-29;5;0
11;2025-12-29;6;0
11;2025-12-29;7;0
11;2025-12-29;8;0
11;2025-12-29;9;0
11;2025-12-29;10;0
11;2025-12-29;11;0
11;2025-12-29;12;0
11;2025-12-29;13;0
11;2025-12-29;14;0
11;2025-12-29;15;0
11;2025-12-29;16;0
11;2025-12-29;17;0
11;2025-12-29;18;0
11;2025-12-29;19;0
11;2025-12-29;20;0
11;2025-12-29;21;0
11;2025-12-29;22;0
11;2025-12-29;23;0
11;2025-12-30;0;0
11;2025-12-30;1;0
11;2025-12-30;2;0
11;2025-12-30;3;0
11;2025-12-30;4;0
11;2025-12-30;5;0
11;2025-12-30;6;0
11;2025-12-30;7;0
11;2025-12-30;8;0
11;2025-12-30;9;0
11;2025-12-30;10;0
11;2025-12-30;11;0
11;2025-12-30;12;0
11;2025-12-30;13;0
11;2025-12-30;14;0
11;2025-12-30;15;0
11;2025-12-30;16;0
11;2025-12-30;17;0
11;2025-12-30;18;0
11;2025-12-30;19;0
11;2025-12-30;20;0
11;2025-12-30;21;0
11;2025-12-30;22;0
11;2025-12-30;23;0
11;2025-12-31;0;0
11;2025-12-31;1;0
11;2025-12-31;2;0
11;2025-12-31;3;0
11;2025-12-31;4;0
11;2025-12-31;5;0
11;2025-12-31;6;0
11;2025-12-31;7;0
11;2025-12-31;8;0
11;2025-12-31;9;0
11;2025-12-31;10;0
11;2025-12-31;11;0
11;2025-12-31;12;0
11;2025-12-31;13;0
11;2025-12-31;14;0
11;2025-12-31;15;0
11;2025-12-31;16;0
11;2025-12-31;17;0
11;2025-12-31;18;0
11;2025-12-31;19;0
11;2025-12-31;20;0
11;2025-12-31;21;0
11;2025-12-31;22;0
11;2025-12-31;23;0
12;2025-11-01;0;0
12;2025-11-01;1;0
12;2025-11-01;2;0
12;2025-11-01;3;0
12;2025-11-01;4;0
12;2025-11-01;5;0
12;2025-11-01;6;0
12;2025-11-01;7;0
12;2025-11-01;8;0
12;2025-11-01;9;0
12;2025-11-01;10;0
12;2025-11-01;11;0
12;2025-11-01;12;0
12;2025-11-01;13;0
12;2025-11-01;14;0
12;2025-11-01;15;0
12;2025-11-01;16;0
12;2025-11-01;17;0
12;2025-11-01;18;0
12;2025-11-01;19;0
12;2025-11-01;20;0
12;2025-11-01;21;0
12;2025-11-01;22;0
12;2025-11-01;23;0
12;2025-11-02;0;0
12;2025-11-02;1;0
12;2025-11-02;2;0
12;2025-11-02;3;0
12;2025-11-02;4;0
12;2025-11-02;5;0
12;2025-11-02;6;0
12;2025-11-02;7;0
12;2025-11-02;8;0
12;2025-11-02;9;0
12;2025-11-02;10;0
12;2025-11-02;11;0
12;2025-11-02;12;0
12;2025-11-02;13;0
12;2025-11-02;14;0
12;2025-11-02;15;0
12;2025-11-02;16;0
12;2025-11-02;17;0
12;2025-11-02;18;0
12;2025-11-02;19;0
12;2025-11-02;20;0
12;2025-11-02;21;0
12;2025-11-02;22;0
12;2025-11-02;23;0
12;2025-11-03;0;0
12;2025-11-03;1;0
12;2025-11-03;2;0
12;2025-11-03;3;0
12;2025-11-03;4;0
12;2025-11-03;5;0
12;2025-11-03;6;0
12;2025-11-03;7;0
12;2025-11-03;8;0
12;2025-11-03;9;0
12;2025-11-03;10;0
12;2025-11-03;11;0
12;2025-11-03;12;0
12;2025-11-03;13;0
12;2025-11-03;14;0
12;2025-11-03;15;0
12;2025-11-03;16;0
12;2025-11-03;17;0
12;2025-11-03;18;0
12;2025-11-03;19;0
12;2025-11-03;20;0
12;2025-11-03;21;0
12;2025-11-03;22;0
12;2025-11-03;23;0
12;2025-11-04;0;0
12;2025-11-04;1;0
12;2025-11-04;2;0
12;2025-11-04;3;0
12;2025-11-04;4;0
12;2025-11-04;5;0
12;2025-11-04;6;0
12;2025-11-04;7;0
12;2025-11-04;8;0
12;2025-11-04;9;0
12;2025-11-04;10;0
12;2025-11-04;11;0
12;2025-11-04;12;0
12;2025-11-04;13;0
12;2025-11-04;14;0
12;2025-11-04;15;0
12;2025-11-04;16;0
12;2025-11-04;17;0
12;2025-11-04;18;0
12;2025-11-04;19;0
12;2025-11-04;20;0
12;2025-11-04;21;0
12;2025-11-04;22;0
12;2025-11-04;23;0
12;2025-11-05;0;0
12;2025-11-05;1;0
12;2025-11-05;2;0
12;2025-11-05;3;0
12;2025-11-05;4;0
12;2025-11-05;5;0
12;2025-11-05;6;0
12;2025-11-05;7;0
12;2025-11-05;8;0
12;2025-11-05;9;0
12;2025-11-05;10;0
12;2025-11-05;11;0
12;2025-11-05;12;0
12;2025-11-05;13;0
12;2025-11-05;14;0
12;2025-11-05;15;0
12;2025-11-05;16;0
12;2025-11-05;17;0
12;2025-11-05;18;0
12;2025-11-05;19;0
12;2025-11-05;20;0
12;2025-11-05;21;0
12;2025-11-05;22;0
12;2025-11-05;23;0
12;2025-11-06;0;0
12;2025-11-06;1;0
12;2025-11-06;2;0
12;2025-11-06;3;0
12;2025-11-06;4;0
12;2025-11-06;5;0
12;2025-11-06;6;0
12;2025-11-06;7;0
12;2025-11-06;8;0
12;2025-11-06;9;0
12;2025-11-06;10;0
12;2025-11-06;11;0
12;2025-11-06;12;0
12;2025-11-06;13;0
12;2025-11-06;14;0
12;2025-11-06;15;0
12;2025-11-06;16;0
12;2025-11-06;17;0
12;2025-11-06;18;0
12;2025-11-06;19;0
12;2025-11-06;20;0
12;2025-11-06;21;0
12;2025-11-06;22;0
12;2025-11-06;23;0
12;2025-11-07;0;0
12;2025-11-07;1;0
12;2025-11-07;2;0
12;2025-11-07;3;0
12;2025-11-07;4;0
12;2025-11-07;5;0
12;2025-11-07;6;0
12;2025-11-07;7;0
12;2025-11-07;8;0
12;2025-11-07;9;0
12;2025-11-07;10;0
12;2025-11-07;11;0
12;2025-11-07;12;0
12;2025-11-07;13;0
12;2025-11-07;14;0
12;2025-11-07;15;0
12;2025-11-07;16;0
12;2025-11-07;17;0
12;2025-11-07;18;0
12;2025-11-07;19;0
12;2025-11-07;20;0
12;2025-11-07;21;0
12;2025-11-07;22;0
12;2025-11-07;23;0
12;2025-11-08;0;0
12;2025-11-08;1;0
12;2025-11-08;2;0
12;2025-11-08;3;0
12;2025-11-08;4;0
12;2025-11-08;5;0
12;2025-11-08;6;0
12;2025-11-08;7;0
12;2025-11-08;8;0
12;2025-11-08;9;0
12;2025-11-08;10;0
12;2025-11-08;11;0
12;2025-11-08;12;0
12;2025-11-08;13;0
12;2025-11-08;14;0
12;2025-11-08;15;0
12;2025-11-08;16;0
12;2025-11-08;17;0
12;2025-11-08;18;0
12;2025-11-08;19;0
12;2025-11-08;20;0
12;2025-11-08;21;0
12;2025-11-08;22;0
12;2025-11-08;23;0
12;2025-11-09;0;0
12;2025-11-09;1;0
12;2025-11-09;2;0
12;2025-11-09;3;0
12;2025-11-09;4;0
12;2025-11-09;5;0
12;2025-11-09;6;0
12;2025-11-09;7;0
12;2025-11-09;8;0
12;2025-11-09;9;0
12;2025-11-09;10;0
12;2025-11-09;11;0
12;2025-11-09;12;0
12;2025-11-09;13;0
12;2025-11-09;14;0
12;2025-11-09;15;0
12;2025-11-09;16;0
12;2025-11-09;17;0
12;2025-11-09;18;0
12;2025-11-09;19;0
12;2025-11-09;20;0
12;2025-11-09;21;0
12;2025-11-09;22;0
12;2025-11-09;23;0
12;2025-11-10;0;0
12;2025-11-10;1;0
12;2025-11-10;2;0
12;2025-11-10;3;0
12;2025-11-10;4;0
12;2025-11-10;5;0
12;2025-11-10;6;0
12;2025-11-10;7;0
12;2025-11-10;8;0
12;2025-11-10;9;0
12;2025-11-10;10;0
12;2025-11-10;11;0
12;2025-11-10;12;0
12;2025-11-10;13;0
12;2025-11-10;14;0
12;2025-11-10;15;0
12;2025-11-10;16;0
12;2025-11-10;17;0
12;2025-11-10;18;0
12;2025-11-10;19;0
12;2025-11-10;20;0
12;2025-11-10;21;0
12;2025-11-10;22;0
12;2025-11-10;23;0
12;2025-11-11;0;0
12;2025-11-11;1;0
12;2025-11-11;2;0
12;2025-11-11;3;0
12;2025-11-11;4;0
12;2025-11-11;5;0
12;2025-11-11;6;0
12;2025-11-11;7;0
12;2025-11-11;8;0
12;2025-11-11;9;0
12;2025-11-11;10;0
12;2025-11-11;11;0
12;2025-11-11;12;0
12;2025-11-11;13;0
12;2025-11-11;14;0
12;2025-11-11;15;0
12;2025-11-11;16;0
12;2025-11-11;17;0
12;2025-11-11;18;0
12;2025-11-11;19;0
12;2025-11-11;20;0
12;2025-11-11;21;0
12;2025-11-11;22;0
12;2025-11-11;23;0
12;2025-11-12;0;0
12;2025-11-12;1;0
12;2025-11-12;2;0
12;2025-11-12;3;0
12;2025-11-12;4;0
12;2025-11-12;5;0
12;2025-11-12;6;0
12;2025-11-12;7;0
12;2025-11-12;8;0
12;2025-11-12;9;0
12;2025-11-12;10;0
12;2025-11-12;11;0
12;2025-11-12;12;0
12;2025-11-12;13;0
12;2025-11-12;14;0
12;2025-11-12;15;0
12;2025-11-12;16;0
12;2025-11-12;17;0
12;2025-11-12;18;0
12;2025-11-12;19;0
12;2025-11-12;20;0
12;2025-11-12;21;0
12;2025-11-12;22;0
12;2025-11-12;23;0
12;2025-11-13;0;0
12;2025-11-13;1;0
12;2025-11-13;2;0
12;2025-11-13;3;0
12;2025-11-13;4;0
12;2025-11-13;5;0
12;2025-11-13;6;0
12;2025-11-13;7;0
12;2025-11-13;8;0
12;2025-11-13;9;0
12;2025-11-13;10;0
12;2025-11-13;11;0
12;2025-11-13;12;0
12;2025-11-13;13;0
12;2025-11-13;14;0
12;2025-11-13;15;0
12;2025-11-13;16;0
12;2025-11-13;17;0
12;2025-11-13;18;0
12;2025-11-13;19;0
12;2025-11-13;20;0
12;2025-11-13;21;0
12;2025-11-13;22;0
12;2025-11-13;23;0
12;2025-11-14;0;0
12;2025-11-14;1;0
12;2025-11-14;2;0
12;2025-11-14;3;0
12;2025-11-14;4;0
12;2025-11-14;5;0
12;2025-11-14;6;0
12;2025-11-14;7;0
12;2025-11-14;8;0
12;2025-11-14;9;0
12;2025-11-14;10;0
12;2025-11-14;11;0
12;2025-11-14;12;0
12;2025-11-14;13;0
12;2025-11-14;14;0
12;2025-11-14;15;0
12;2025-11-14;16;0
12;2025-11-14;17;0
12;2025-11-14;18;0
12;2025-11-14;19;0
12;2025-11-14;20;0
12;2025-11-14;21;0
12;2025-11-14;22;0
12;2025-11-14;23;0
12;2025-11-15;0;0
12;2025-11-15;1;0
12;2025-11-15;2;0
12;2025-11-15;3;0
12;2025-11-15;4;0
12;2025-11-15;5;0
12;2025-11-15;6;0
12;2025-11-15;7;0
12;2025-11-15;8;0
12;2025-11-15;9;0
12;2025-11-15;10;0
12;2025-11-15;11;0
12;2025-11-15;12;0
12;2025-11-15;13;0
12;2025-11-15;14;0
12;2025-11-15;15;0
12;2025-11-15;16;0
12;2025-11-15;17;0
12;2025-11-15;18;0
12;2025-11-15;19;0
12;2025-11-15;20;0
12;2025-11-15;21;0
12;2025-11-15;22;0
12;2025-11-15;23;0
12;2025-11-16;0;0
12;2025-11-16;1;0
12;2025-11-16;2;0
12;2025-11-16;3;0
12;2025-11-16;4;0
12;2025-11-16;5;0
12;2025-11-16;6;0
12;2025-11-16;7;0
12;2025-11-16;8;0
12;2025-11-16;9;0
12;2025-11-16;10;0
12;2025-11-16;11;0
12;2025-11-16;12;0
12;2025-11-16;13;0
12;2025-11-16;14;0
12;2025-11-16;15;0
12;2025-11-16;16;0
12;2025-11-16;17;0
12;2025-11-16;18;0
12;2025-11-16;19;0
12;2025-11-16;20;0
12;2025-11-16;21;0
12;2025-11-16;22;0
12;2025-11-16;23;0
12;2025-11-17;0;0
12;2025-11-17;1;0
12;2025-11-17;2;0
12;2025-11-17;3;0
12;2025-11-17;4;0
12;2025-11-17;5;0
12;2025-11-17;6;0
12;2025-11-17;7;0
12;2025-11-17;8;0
12;2025-11-17;9;0
12;2025-11-17;10;0
12;2025-11-17;11;0
12;2025-11-17;12;0
12;2025-11-17;13;0
12;2025-11-17;14;0
12;2025-11-17;15;0
12;2025-11-17;16;0
12;2025-11-17;17;0
12;2025-11-17;18;0
12;2025-11-17;19;0
12;2025-11-17;20;0
12;2025-11-17;21;0
12;2025-11-17;22;0
12;2025-11-17;23;0
12;2025-11-18;0;0
12;2025-11-18;1;0
12;2025-11-18;2;0
12;2025-11-18;3;0
12;2025-11-18;4;0
12;2025-11-18;5;0
12;2025-11-18;6;0
12;2025-11-18;7;0
12;2025-11-18;8;0
12;2025-11-18;9;0
12;2025-11-18;10;0
12;2025-11-18;11;0
12;2025-11-18;12;0
12;2025-11-18;13;0
12;2025-11-18;14;0
12;2025-11-18;15;0
12;2025-11-18;16;0
12;2025-11-18;17;0
12;2025-11-18;18;0
12;2025-11-18;19;0
12;2025-11-18;20;0
12;2025-11-18;21;0
12;2025-11-18;22;0
12;2025-11-18;23;0
12;2025-11-19;0;0
12;2025-11-19;1;0
12;2025-11-19;2;0
12;2025-11-19;3;0
12;2025-11-19;4;0
12;2025-11-19;5;0
12;2025-11-19;6;0
12;2025-11-19;7;0
12;2025-11-19;8;0
12;2025-11-19;9;0
12;2025-11-19;10;0
12;2025-11-19;11;0
12;2025-11-19;12;0
12;2025-11-19;13;0
12;2025-11-19;14;0
12;2025-11-19;15;0
12;2025-11-19;16;0
12;2025-11-19;17;0
12;2025-11-19;18;0
12;2025-11-19;19;0
12;2025-11-19;20;0
12;2025-11-19;21;0
12;2025-11-19;22;0
12;2025-11-19;23;0
12;2025-11-20;0;0
12;2025-11-20;1;0
12;2025-11-20;2;0
12;2025-11-20;3;0
12;2025-11-20;4;0
12;2025-11-20;5;0
12;2025-11-20;6;0
12;2025-11-20;7;0
12;2025-11-20;8;0
12;2025-11-20;9;0
12;2025-11-20;10;0
12;2025-11-20;11;0
12;2025-11-20;12;0
12;2025-11-20;13;0
12;2025-11-20;14;0
12;2025-11-20;15;0
12;2025-11-20;16;0
12;2025-11-20;17;0
12;2025-11-20;18;0
12;2025-11-20;19;0
12;2025-11-20;20;0
12;2025-11-20;21;0
12;2025-11-20;22;0
12;2025-11-20;23;0
12;2025-11-21;0;0
12;2025-11-21;1;0
12;2025-11-21;2;0
12;2025-11-21;3;0
12;2025-11-21;4;0
12;2025-11-21;5;0
12;2025-11-21;6;0
12;2025-11-21;7;0
12;2025-11-21;8;0
12;2025-11-21;9;0
12;2025-11-21;10;0
12;2025-11-21;11;0
12;2025-11-21;12;0
12;2025-11-21;13;0
12;2025-11-21;14;0
12;2025-11-21;15;0
12;2025-11-21;16;0
12;2025-11-21;17;0
12;2025-11-21;18;0
12;2025-11-21;19;0
12;2025-11-21;20;0
12;2025-11-21;21;0
12;2025-11-21;22;0
12;2025-11-21;23;0
12;2025-11-22;0;0
12;2025-11-22;1;0
12;2025-11-22;2;0
12;2025-11-22;3;0
12;2025-11-22;4;0
12;2025-11-22;5;0
12;2025-11-22;6;0
12;2025-11-22;7;0
12;2025-11-22;8;0
12;2025-11-22;9;0
12;2025-11-22;10;0
12;2025-11-22;11;0
12;2025-11-22;12;0
12;2025-11-22;13;0
12;2025-11-22;14;0
12;2025-11-22;15;0
12;2025-11-22;16;0
12;2025-11-22;17;0
12;2025-11-22;18;0
12;2025-11-22;19;0
12;2025-11-22;20;0
12;2025-11-22;21;0
12;2025-11-22;22;0
12;2025-11-22;23;0
12;2025-11-23;0;0
12;2025-11-23;1;0
12;2025-11-23;2;0
12;2025-11-23;3;0
12;2025-11-23;4;0
12;2025-11-23;5;0
12;2025-11-23;6;0
12;2025-11-23;7;0
12;2025-11-23;8;0
12;2025-11-23;9;0
12;2025-11-23;10;0
12;2025-11-23;11;0
12;2025-11-23;12;0
12;2025-11-23;13;0
12;2025-11-23;14;0
12;2025-11-23;15;0
12;2025-11-23;16;0
12;2025-11-23;17;0
12;2025-11-23;18;0
12;2025-11-23;19;0
12;2025-11-23;20;0
12;2025-11-23;21;0
12;2025-11-23;22;0
12;2025-11-23;23;0
12;2025-11-24;0;0
12;2025-11-24;1;0
12;2025-11-24;2;0
12;2025-11-24;3;0
12;2025-11-24;4;0
12;2025-11-24;5;0
12;2025-11-24;6;0
12;2025-11-24;7;0
12;2025-11-24;8;0
12;2025-11-24;9;0
12;2025-11-24;10;0
12;2025-11-24;11;0
12;2025-11-24;12;0
12;2025-11-24;13;0
12;2025-11-24;14;0
12;2025-11-24;15;0
12;2025-11-24;16;0
12;2025-11-24;17;0
12;2025-11-24;18;0
12;2025-11-24;19;0
12;2025-11-24;20;0
12;2025-11-24;21;0
12;2025-11-24;22;0
12;2025-11-24;23;0
12;2025-11-25;0;0
12;2025-11-25;1;0
12;2025-11-25;2;0
12;2025-11-25;3;0
12;2025-11-25;4;0
12;2025-11-25;5;0
12;2025-11-25;6;0
12;2025-11-25;7;0
12;2025-11-25;8;0
12;2025-11-25;9;0
12;2025-11-25;10;0
12;2025-11-25;11;0
12;2025-11-25;12;0
12;2025-11-25;13;0
12;2025-11-25;14;0
12;2025-11-25;15;0
12;2025-11-25;16;0
12;2025-11-25;17;0
12;2025-11-25;18;0
12;2025-11-25;19;0
12;2025-11-25;20;0
12;2025-11-25;21;0
12;2025-11-25;22;0
12;2025-11-25;23;0
12;2025-11-26;0;0
12;2025-11-26;1;0
12;2025-11-26;2;0
12;2025-11-26;3;0
12;2025-11-26;4;0
12;2025-11-26;5;0
12;2025-11-26;6;0
12;2025-11-26;7;0
12;2025-11-26;8;0
12;2025-11-26;9;0
12;2025-11-26;10;0
12;2025-11-26;11;0
12;2025-11-26;12;0
12;2025-11-26;13;0
12;2025-11-26;14;0
12;2025-11-26;15;0
12;2025-11-26;16;0
12;2025-11-26;17;0
12;2025-11-26;18;0
12;2025-11-26;19;0
12;2025-11-26;20;0
12;2025-11-26;21;0
12;2025-11-26;22;0
12;2025-11-26;23;0
12;2025-11-27;0;0
12;2025-11-27;1;0
12;2025-11-27;2;0
12;2025-11-27;3;0
12;2025-11-27;4;0
12;2025-11-27;5;0
12;2025-11-27;6;0
12;2025-11-27;7;0
12;2025-11-27;8;0
12;2025-11-27;9;0
12;2025-11-27;10;0
12;2025-11-27;11;0
12;2025-11-27;12;0
12;2025-11-27;13;0
12;2025-11-27;14;0
12;2025-11-27;15;0
12;2025-11-27;16;0
12;2025-11-27;17;0
12;2025-11-27;18;0
12;2025-11-27;19;0
12;2025-11-27;20;0
12;2025-11-27;21;0
12;2025-11-27;22;0
12;2025-11-27;23;0
12;2025-11-28;0;0
12;2025-11-28;1;0
12;2025-11-28;2;0
12;2025-11-28;3;0
12;2025-11-28;4;0
12;2025-11-28;5;0
12;2025-11-28;6;0
12;2025-11-28;7;0
12;2025-11-28;8;0
12;2025-11-28;9;0
12;2025-11-28;10;0
12;2025-11-28;11;0
12;2025-11-28;12;0
12;2025-11-28;13;0
12;2025-11-28;14;0
12;2025-11-28;15;0
12;2025-11-28;16;0
12;2025-11-28;17;0
12;2025-11-28;18;0
12;2025-11-28;19;0
12;2025-11-28;20;0
12;2025-11-28;21;0
12;2025-11-28;22;0
12;2025-11-28;23;0
12;2025-11-29;0;0
12;2025-11-29;1;0
12;2025-11-29;2;0
12;2025-11-29;3;0
12;2025-11-29;4;0
12;2025-11-29;5;0
12;2025-11-29;6;0
12;2025-11-29;7;0
12;2025-11-29;8;0
12;2025-11-29;9;0
12;2025-11-29;10;0
12;2025-11-29;11;0
12;2025-11-29;12;0
12;2025-11-29;13;0
12;2025-11-29;14;0
12;2025-11-29;15;0
12;2025-11-29;16;0
12;2025-11-29;17;0
12;2025-11-29;18;0
12;2025-11-29;19;0
12;2025-11-29;20;0
12;2025-11-29;21;0
12;2025-11-29;22;0
12;2025-11-29;23;0
12;2025-11-30;0;0
12;2025-11-30;1;0
12;2025-11-30;2;0
12;2025-11-30;3;0
12;2025-11-30;4;0
12;2025-11-30;5;0
12;2025-11-30;6;0
12;2025-11-30;7;0
12;2025-11-30;8;0
12;2025-11-30;9;0
12;2025-11-30;10;0
12;2025-11-30;11;0
12;2025-11-30;12;0
12;2025-11-30;13;0
12;2025-11-30;14;0
12;2025-11-30;15;0
12;2025-11-30;16;0
12;2025-11-30;17;0
12;2025-11-30;18;0
12;2025-11-30;19;0
12;2025-11-30;20;0
12;2025-11-30;21;0
12;2025-11-30;22;0
12;2025-11-30;23;0
12;2025-12-01;0;0
12;2025-12-01;1;0
12;2025-12-01;2;0
12;2025-12-01;3;0
12;2025-12-01;4;0
12;2025-12-01;5;0
12;2025-12-01;6;0
12;2025-12-01;7;0
12;2025-12-01;8;0
12;2025-12-01;9;0
12;2025-12-01;10;0
12;2025-12-01;11;0
12;2025-12-01;12;0
12;2025-12-01;13;0
12;2025-12-01;14;0
12;2025-12-01;15;0
12;2025-12-01;16;0
12;2025-12-01;17;0
12;2025-12-01;18;0
12;2025-12-01;19;0
12;2025-12-01;20;0
12;2025-12-01;21;0
12;2025-12-01;22;0
12;2025-12-01;23;0
12;2025-12-02;0;0
12;2025-12-02;1;0
12;2025-12-02;2;0
12;2025-12-02;3;0
12;2025-12-02;4;0
12;2025-12-02;5;0
12;2025-12-02;6;0
12;2025-12-02;7;0
12;2025-12-02;8;0
12;2025-12-02;9;0
12;2025-12-02;10;0
12;2025-12-02;11;0
12;2025-12-02;12;0
12;2025-12-02;13;0
12;2025-12-02;14;0
12;2025-12-02;15;0
12;2025-12-02;16;0
12;2025-12-02;17;0
12;2025-12-02;18;0
12;2025-12-02;19;0
12;2025-12-02;20;0
12;2025-12-02;21;0
12;2025-12-02;22;0
12;2025-12-02;23;0
12;2025-12-03;0;0
12;2025-12-03;1;0
12;2025-12-03;2;0
12;2025-12-03;3;0
12;2025-12-03;4;0
12;2025-12-03;5;0
12;2025-12-03;6;0
12;2025-12-03;7;0
12;2025-12-03;8;0
12;2025-12-03;9;0
12;2025-12-03;10;0
12;2025-12-03;11;0
12;2025-12-03;12;0
12;2025-12-03;13;0
12;2025-12-03;14;0
12;2025-12-03;15;0
12;2025-12-03;16;0
12;2025-12-03;17;0
12;2025-12-03;18;0
12;2025-12-03;19;0
12;2025-12-03;20;0
12;2025-12-03;21;0
12;2025-12-03;22;0
12;2025-12-03;23;0
12;2025-12-04;0;0
12;2025-12-04;1;0
12;2025-12-04;2;0
12;2025-12-04;3;0
12;2025-12-04;4;0
12;2025-12-04;5;0
12;2025-12-04;6;0
12;2025-12-04;7;0
12;2025-12-04;8;0
12;2025-12-04;9;0
12;2025-12-04;10;0
12;2025-12-04;11;0
12;2025-12-04;12;0
12;2025-12-04;13;0
12;2025-12-04;14;0
12;2025-12-04;15;0
12;2025-12-04;16;0
12;2025-12-04;17;0
12;2025-12-04;18;0
12;2025-12-04;19;0
12;2025-12-04;20;0
12;2025-12-04;21;0
12;2025-12-04;22;0
12;2025-12-04;23;0
12;2025-12-05;0;0
12;2025-12-05;1;0
12;2025-12-05;2;0
12;2025-12-05;3;0
12;2025-12-05;4;0
12;2025-12-05;5;0
12;2025-12-05;6;0
12;2025-12-05;7;0
12;2025-12-05;8;0
12;2025-12-05;9;0
12;2025-12-05;10;0
12;2025-12-05;11;0
12;2025-12-05;12;0
12;2025-12-05;13;0
12;2025-12-05;14;0
12;2025-12-05;15;0
12;2025-12-05;16;0
12;2025-12-05;17;0
12;2025-12-05;18;0
12;2025-12-05;19;0
12;2025-12-05;20;0
12;2025-12-05;21;0
12;2025-12-05;22;0
12;2025-12-05;23;0
12;2025-12-06;0;0
12;2025-12-06;1;0
12;2025-12-06;2;0
12;2025-12-06;3;0
12;2025-12-06;4;0
12;2025-12-06;5;0
12;2025-12-06;6;0
12;2025-12-06;7;0
12;2025-12-06;8;0
12;2025-12-06;9;0
12;2025-12-06;10;0
12;2025-12-06;11;0
12;2025-12-06;12;0
12;2025-12-06;13;0
12;2025-12-06;14;0
12;2025-12-06;15;0
12;2025-12-06;16;0
12;2025-12-06;17;0
12;2025-12-06;18;0
12;2025-12-06;19;0
12;2025-12-06;20;0
12;2025-12-06;21;0
12;2025-12-06;22;0
12;2025-12-06;23;0
12;2025-12-07;0;0
12;2025-12-07;1;0
12;2025-12-07;2;0
12;2025-12-07;3;0
12;2025-12-07;4;0
12;2025-12-07;5;0
12;2025-12-07;6;0
12;2025-12-07;7;0
12;2025-12-07;8;0
12;2025-12-07;9;0
12;2025-12-07;10;0
12;2025-12-07;11;0
12;2025-12-07;12;0
12;2025-12-07;13;0
12;2025-12-07;14;0
12;2025-12-07;15;0
12;2025-12-07;16;0
12;2025-12-07;17;0
12;2025-12-07;18;0
12;2025-12-07;19;0
12;2025-12-07;20;0
12;2025-12-07;21;0
12;2025-12-07;22;0
12;2025-12-07;23;0
12;2025-12-08;0;0
12;2025-12-08;1;0
12;2025-12-08;2;0
12;2025-12-08;3;0
12;2025-12-08;4;0
12;2025-12-08;5;0
12;2025-12-08;6;0
12;2025-12-08;7;0
12;2025-12-08;8;0
12;2025-12-08;9;0
12;2025-12-08;10;0
12;2025-12-08;11;0
12;2025-12-08;12;0
12;2025-12-08;13;0
12;2025-12-08;14;0
12;2025-12-08;15;0
12;2025-12-08;16;0
12;2025-12-08;17;0
12;2025-12-08;18;0
12;2025-12-08;19;0
12;2025-12-08;20;0
12;2025-12-08;21;0
12;2025-12-08;22;0
12;2025-12-08;23;0
12;2025-12-09;0;0
12;2025-12-09;1;0
12;2025-12-09;2;0
12;2025-12-09;3;0
12;2025-12-09;4;0
12;2025-12-09;5;0
12;2025-12-09;6;0
12;2025-12-09;7;0
12;2025-12-09;8;0
12;2025-12-09;9;0
12;2025-12-09;10;0
12;2025-12-09;11;0
12;2025-12-09;12;0
12;2025-12-09;13;0
12;2025-12-09;14;0
12;2025-12-09;15;0
12;2025-12-09;16;0
12;2025-12-09;17;0
12;2025-12-09;18;0
12;2025-12-09;19;0
12;2025-12-09;20;0
12;2025-12-09;21;0
12;2025-12-09;22;0
12;2025-12-09;23;0
12;2025-12-10;0;0
12;2025-12-10;1;0
12;2025-12-10;2;0
12;2025-12-10;3;0
12;2025-12-10;4;0
12;2025-12-10;5;0
12;2025-12-10;6;0
12;2025-12-10;7;0
12;2025-12-10;8;0
12;2025-12-10;9;0
12;2025-12-10;10;0
12;2025-12-10;11;0
12;2025-12-10;12;0
12;2025-12-10;13;0
12;2025-12-10;14;0
12;2025-12-10;15;0
12;2025-12-10;16;0
12;2025-12-10;17;0
12;2025-12-10;18;0
12;2025-12-10;19;0
12;2025-12-10;20;0
12;2025-12-10;21;0
12;2025-12-10;22;0
12;2025-12-10;23;0
12;2025-12-11;0;0
12;2025-12-11;1;0
12;2025-12-11;2;0
12;2025-12-11;3;0
12;2025-12-11;4;0
12;2025-12-11;5;0
12;2025-12-11;6;0
12;2025-12-11;7;0
12;2025-12-11;8;0
12;2025-12-11;9;0
12;2025-12-11;10;0
12;2025-12-11;11;0
12;2025-12-11;12;0
12;2025-12-11;13;0
12;2025-12-11;14;0
12;2025-12-11;15;0
12;2025-12-11;16;0
12;2025-12-11;17;0
12;2025-12-11;18;0
12;2025-12-11;19;0
12;2025-12-11;20;0
12;2025-12-11;21;0
12;2025-12-11;22;0
12;2025-12-11;23;0
12;2025-12-12;0;0
12;2025-12-12;1;0
12;2025-12-12;2;0
12;2025-12-12;3;0
12;2025-12-12;4;0
12;2025-12-12;5;0
12;2025-12-12;6;0
12;2025-12-12;7;0
12;2025-12-12;8;0
12;2025-12-12;9;0
12;2025-12-12;10;0
12;2025-12-12;11;0
12;2025-12-12;12;0
12;2025-12-12;13;0
12;2025-12-12;14;0
12;2025-12-12;15;0
12;2025-12-12;16;0
12;2025-12-12;17;0
12;2025-12-12;18;0
12;2025-12-12;19;0
12;2025-12-12;20;0
12;2025-12-12;21;0
12;2025-12-12;22;0
12;2025-12-12;23;0
12;2025-12-13;0;0
12;2025-12-13;1;0
12;2025-12-13;2;0
12;2025-12-13;3;0
12;2025-12-13;4;0
12;2025-12-13;5;0
12;2025-12-13;6;0
12;2025-12-13;7;0
12;2025-12-13;8;0
12;2025-12-13;9;0
12;2025-12-13;10;0
12;2025-12-13;11;0
12;2025-12-13;12;0
12;2025-12-13;13;0
12;2025-12-13;14;0
12;2025-12-13;15;0
12;2025-12-13;16;0
12;2025-12-13;17;0
12;2025-12-13;18;0
12;2025-12-13;19;0
12;2025-12-13;20;0
12;2025-12-13;21;0
12;2025-12-13;22;0
12;2025-12-13;23;0
12;2025-12-14;0;0
12;2025-12-14;1;0
12;2025-12-14;2;0
12;2025-12-14;3;0
12;2025-12-14;4;0
12;2025-12-14;5;0
12;2025-12-14;6;0
12;2025-12-14;7;0
12;2025-12-14;8;0
12;2025-12-14;9;0
12;2025-12-14;10;0
12;2025-12-14;11;0
12;2025-12-14;12;0
12;2025-12-14;13;0
12;2025-12-14;14;0
12;2025-12-14;15;0
12;2025-12-14;16;0
12;2025-12-14;17;0
12;2025-12-14;18;0
12;2025-12-14;19;0
12;2025-12-14;20;0
12;2025-12-14;21;0
12;2025-12-14;22;0
12;2025-12-14;23;0
12;2025-12-15;0;0
12;2025-12-15;1;0
12;2025-12-15;2;0
12;2025-12-15;3;0
12;2025-12-15;4;0
12;2025-12-15;5;0
12;2025-12-15;6;0
12;2025-12-15;7;0
12;2025-12-15;8;0
12;2025-12-15;9;0
12;2025-12-15;10;0
12;2025-12-15;11;0
12;2025-12-15;12;0
12;2025-12-15;13;0
12;2025-12-15;14;0
12;2025-12-15;15;0
12;2025-12-15;16;0
12;2025-12-15;17;0
12;2025-12-15;18;0
12;2025-12-15;19;0
12;2025-12-15;20;0
12;2025-12-15;21;0
12;2025-12-15;22;0
12;2025-12-15;23;0
12;2025-12-16;0;0
12;2025-12-16;1;0
12;2025-12-16;2;0
12;2025-12-16;3;0
12;2025-12-16;4;0
12;2025-12-16;5;0
12;2025-12-16;6;0
12;2025-12-16;7;0
12;2025-12-16;8;0
12;2025-12-16;9;0
12;2025-12-16;10;0
12;2025-12-16;11;0
12;2025-12-16;12;0
12;2025-12-16;13;0
12;2025-12-16;14;0
12;2025-12-16;15;0
12;2025-12-16;16;0
12;2025-12-16;17;0
12;2025-12-16;18;0
12;2025-12-16;19;0
12;2025-12-16;20;0
12;2025-12-16;21;0
12;2025-12-16;22;0
12;2025-12-16;23;0
12;2025-12-17;0;0
12;2025-12-17;1;0
12;2025-12-17;2;0
12;2025-12-17;3;0
12;2025-12-17;4;0
12;2025-12-17;5;0
12;2025-12-17;6;0
12;2025-12-17;7;0
12;2025-12-17;8;0
12;2025-12-17;9;0
12;2025-12-17;10;0
12;2025-12-17;11;0
12;2025-12-17;12;0
12;2025-12-17;13;0
12;2025-12-17;14;0
12;2025-12-17;15;0
12;2025-12-17;16;0
12;2025-12-17;17;0
12;2025-12-17;18;0
12;2025-12-17;19;0
12;2025-12-17;20;0
12;2025-12-17;21;0
12;2025-12-17;22;0
12;2025-12-17;23;0
12;2025-12-18;0;0
12;2025-12-18;1;0
12;2025-12-18;2;0
12;2025-12-18;3;0
12;2025-12-18;4;0
12;2025-12-18;5;0
12;2025-12-18;6;0
12;2025-12-18;7;0
12;2025-12-18;8;0
12;2025-12-18;9;0
12;2025-12-18;10;0
12;2025-12-18;11;0
12;2025-12-18;12;0
12;2025-12-18;13;0
12;2025-12-18;14;0
12;2025-12-18;15;0
12;2025-12-18;16;0
12;2025-12-18;17;0
12;2025-12-18;18;0
12;2025-12-18;19;0
12;2025-12-18;20;0
12;2025-12-18;21;0
12;2025-12-18;22;0
12;2025-12-18;23;0
12;2025-12-19;0;0
12;2025-12-19;1;0
12;2025-12-19;2;0
12;2025-12-19;3;0
12;2025-12-19;4;0
12;2025-12-19;5;0
12;2025-12-19;6;0
12;2025-12-19;7;0
12;2025-12-19;8;0
12;2025-12-19;9;0
12;2025-12-19;10;0
12;2025-12-19;11;0
12;2025-12-19;12;0
12;2025-12-19;13;0
12;2025-12-19;14;0
12;2025-12-19;15;0
12;2025-12-19;16;0
12;2025-12-19;17;0
12;2025-12-19;18;0
12;2025-12-19;19;0
12;2025-12-19;20;0
12;2025-12-19;21;0
12;2025-12-19;22;0
12;2025-12-19;23;0
12;2025-12-20;0;0
12;2025-12-20;1;0
12;2025-12-20;2;0
12;2025-12-20;3;0
12;2025-12-20;4;0
12;2025-12-20;5;0
12;2025-12-20;6;0
12;2025-12-20;7;0
12;2025-12-20;8;0
12;2025-12-20;9;0
12;2025-12-20;10;0
12;2025-12-20;11;0
12;2025-12-20;12;0
12;2025-12-20;13;0
12;2025-12-20;14;0
12;2025-12-20;15;0
12;2025-12-20;16;0
12;2025-12-20;17;0
12;2025-12-20;18;0
12;2025-12-20;19;0
12;2025-12-20;20;0
12;2025-12-20;21;0
12;2025-12-20;22;0
12;2025-12-20;23;0
12;2025-12-21;0;0
12;2025-12-21;1;0
12;2025-12-21;2;0
12;2025-12-21;3;0
12;2025-12-21;4;0
12;2025-12-21;5;0
12;2025-12-21;6;0
12;2025-12-21;7;0
12;2025-12-21;8;0
12;2025-12-21;9;0
12;2025-12-21;10;0
12;2025-12-21;11;0
12;2025-12-21;12;0
12;2025-12-21;13;0
12;2025-12-21;14;0
12;2025-12-21;15;0
12;2025-12-21;16;0
12;2025-12-21;17;0
12;2025-12-21;18;0
12;2025-12-21;19;0
12;2025-12-21;20;0
12;2025-12-21;21;0
12;2025-12-21;22;0
12;2025-12-21;23;0
12;2025-12-22;0;0
12;2025-12-22;1;0
12;2025-12-22;2;0
12;2025-12-22;3;0
12;2025-12-22;4;0
12;2025-12-22;5;0
12;2025-12-22;6;0
12;2025-12-22;7;0
12;2025-12-22;8;0
12;2025-12-22;9;0
12;2025-12-22;10;0
12;2025-12-22;11;0
12;2025-12-22;12;0
12;2025-12-22;13;0
12;2025-12-22;14;0
12;2025-12-22;15;0
12;2025-12-22;16;0
12;2025-12-22;17;0
12;2025-12-22;18;0
12;2025-12-22;19;0
12;2025-12-22;20;0
12;2025-12-22;21;0
12;2025-12-22;22;0
12;2025-12-22;23;0
12;2025-12-23;0;0
12;2025-12-23;1;0
12;2025-12-23;2;0
12;2025-12-23;3;0
12;2025-12-23;4;0
12;2025-12-23;5;0
12;2025-12-23;6;0
12;2025-12-23;7;0
12;2025-12-23;8;0
12;2025-12-23;9;0
12;2025-12-23;10;0
12;2025-12-23;11;0
12;2025-12-23;12;0
12;2025-12-23;13;0
12;2025-12-23;14;0
12;2025-12-23;15;0
12;2025-12-23;16;0
12;2025-12-23;17;0
12;2025-12-23;18;0
12;2025-12-23;19;0
12;2025-12-23;20;0
12;2025-12-23;21;0
12;2025-12-23;22;0
12;2025-12-23;23;0
12;2025-12-24;0;0
12;2025-12-24;1;0
12;2025-12-24;2;0
12;2025-12-24;3;0
12;2025-12-24;4;0
12;2025-12-24;5;0
12;2025-12-24;6;0
12;2025-12-24;7;0
12;2025-12-24;8;0
12;2025-12-24;9;0
12;2025-12-24;10;0
12;2025-12-24;11;0
12;2025-12-24;12;0
12;2025-12-24;13;0
12;2025-12-24;14;0
12;2025-12-24;15;0
12;2025-12-24;16;0
12;2025-12-24;17;0
12;2025-12-24;18;0
12;2025-12-24;19;0
12;2025-12-24;20;0
12;2025-12-24;21;0
12;2025-12-24;22;0
12;2025-12-24;23;0
12;2025-12-25;0;0
12;2025-12-25;1;0
12;2025-12-25;2;0
12;2025-12-25;3;0
12;2025-12-25;4;0
12;2025-12-25;5;0
12;2025-12-25;6;0
12;2025-12-25;7;0
12;2025-12-25;8;0
12;2025-12-25;9;0
12;2025-12-25;10;0
12;2025-12-25;11;0
12;2025-12-25;12;0
12;2025-12-25;13;0
12;2025-12-25;14;0
12;2025-12-25;15;0
12;2025-12-25;16;0
12;2025-12-25;17;0
12;2025-12-25;18;0
12;2025-12-25;19;0
12;2025-12-25;20;0
12;2025-12-25;21;0
12;2025-12-25;22;0
12;2025-12-25;23;0
12;2025-12-26;0;0
12;2025-12-26;1;0
12;2025-12-26;2;0
12;2025-12-26;3;0
12;2025-12-26;4;0
12;2025-12-26;5;0
12;2025-12-26;6;0
12;2025-12-26;7;0
12;2025-12-26;8;0
12;2025-12-26;9;0
12;2025-12-26;10;0
12;2025-12-26;11;0
12;2025-12-26;12;0
12;2025-12-26;13;0
12;2025-12-26;14;0
12;2025-12-26;15;0
12;2025-12-26;16;0
12;2025-12-26;17;0
12;2025-12-26;18;0
12;2025-12-26;19;0
12;2025-12-26;20;0
12;2025-12-26;21;0
12;2025-12-26;22;0
12;2025-12-26;23;0
12;2025-12-27;0;0
12;2025-12-27;1;0
12;2025-12-27;2;0
12;2025-12-27;3;0
12;2025-12-27;4;0
12;2025-12-27;5;0
12;2025-12-27;6;0
12;2025-12-27;7;0
12;2025-12-27;8;0
12;2025-12-27;9;0
12;2025-12-27;10;0
12;2025-12-27;11;0
12;2025-12-27;12;0
12;2025-12-27;13;0
12;2025-12-27;14;0
12;2025-12-27;15;0
12;2025-12-27;16;0
12;2025-12-27;17;0
12;2025-12-27;18;0
12;2025-12-27;19;0
12;2025-12-27;20;0
12;2025-12-27;21;0
12;2025-12-27;22;0
12;2025-12-27;23;0
12;2025-12-28;0;0
12;2025-12-28;1;0
12;2025-12-28;2;0
12;2025-12-28;3;0
12;2025-12-28;4;0
12;2025-12-28;5;0
12;2025-12-28;6;0
12;2025-12-28;7;0
12;2025-12-28;8;0
12;2025-12-28;9;0
12;2025-12-28;10;0
12;2025-12-28;11;0
12;2025-12-28;12;0
12;2025-12-28;13;0
12;2025-12-28;14;0
12;2025-12-28;15;0
12;2025-12-28;16;0
12;2025-12-28;17;0
12;2025-12-28;18;0
12;2025-12-28;19;0
12;2025-12-28;20;0
12;2025-12-28;21;0
12;2025-12-28;22;0
12;2025-12-28;23;0
12;2025-12-29;0;0
12;2025-12-29;1;0
12;2025-12-29;2;0
12;2025-12-29;3;0
12;2025-12-29;4;0
12;2025-12-29;5;0
12;2025-12-29;6;0
12;2025-12-29;7;0
12;2025-12-29;8;0
12;2025-12-29;9;0
12;2025-12-29;10;0
12;2025-12-29;11;0
12;2025-12-29;12;0
12;2025-12-29;13;0
12;2025-12-29;14;0
12;2025-12-29;15;0
12;2025-12-29;16;0
12;2025-12-29;17;0
12;2025-12-29;18;0
12;2025-12-29;19;0
12;2025-12-29;20;0
12;2025-12-29;21;0
12;2025-12-29;22;0
12;2025-12-29;23;0
12;2025-12-30;0;0
12;2025-12-30;1;0
12;2025-12-30;2;0
12;2025-12-30;3;0
12;2025-12-30;4;0
12;2025-12-30;5;0
12;2025-12-30;6;0
12;2025-12-30;7;0
12;2025-12-30;8;0
12;2025-12-30;9;0
12;2025-12-30;10;0
12;2025-12-30;11;0
12;2025-12-30;12;0
12;2025-12-30;13;0
12;2025-12-30;14;0
12;2025-12-30;15;0
12;2025-12-30;16;0
12;2025-12-30;17;0
12;2025-12-30;18;0
12;2025-12-30;19;0
12;2025-12-30;20;0
12;2025-12-30;21;0
12;2025-12-30;22;0
12;2025-12-30;23;0
12;2025-12-31;0;0
12;2025-12-31;1;0
12;2025-12-31;2;0
12;2025-12-31;3;0
12;2025-12-31;4;0
12;2025-12-31;5;0
12;2025-12-31;6;0
12;2025-12-31;7;0
12;2025-12-31;8;0
12;2025-12-31;9;0
12;2025-12-31;10;0
12;2025-12-31;11;0
12;2025-12-31;12;0
12;2025-12-31;13;0
12;2025-12-31;14;0
12;2025-12-31;15;0
12;2025-12-31;16;0
12;2025-12-31;17;0
12;2025-12-31;18;0
12;2025-12-31;19;0
12;2025-12-31;20;0
12;2025-12-31;21;0
12;2025-12-31;22;0
12;2025-12-31;23;0
17;2025-11-01;0;176
17;2025-11-01;1;21
17;2025-11-01;2;3
17;2025-11-01;3;3
17;2025-11-01;4;37
17;2025-11-01;5;434
17;2025-11-01;6;2135
17;2025-11-01;7;5997
17;2025-11-01;8;7480
17;2025-11-01;9;5474
17;2025-11-01;10;4362
17;2025-11-01;11;4347
17;2025-11-01;12;4351
17;2025-11-01;13;4443
17;2025-11-01;14;4579
17;2025-11-01;15;4691
17;2025-11-01;16;5256
17;2025-11-01;17;6365
17;2025-11-01;18;6432
17;2025-11-01;19;4627
17;2025-11-01;20;3275
17;2025-11-01;21;2042
17;2025-11-01;22;981
17;2025-11-01;23;555
17;2025-11-02;0;0
17;2025-11-02;1;0
17;2025-11-02;2;0
17;2025-11-02;3;0
17;2025-11-02;4;0
17;2025-11-02;5;0
17;2025-11-02;6;0
17;2025-11-02;7;0
17;2025-11-02;8;0
17;2025-11-02;9;0
17;2025-11-02;10;0
17;2025-11-02;11;0
17;2025-11-02;12;0
17;2025-11-02;13;0
17;2025-11-02;14;0
17;2025-11-02;15;0
17;2025-11-02;16;0
17;2025-11-02;17;0
17;2025-11-02;18;0
17;2025-11-02;19;0
17;2025-11-02;20;0
17;2025-11-02;21;0
17;2025-11-02;22;0
17;2025-11-02;23;0
17;2025-11-03;0;0
17;2025-11-03;1;0
17;2025-11-03;2;0
17;2025-11-03;3;0
17;2025-11-03;4;0
17;2025-11-03;5;0
17;2025-11-03;6;0
17;2025-11-03;7;0
17;2025-11-03;8;0
17;2025-11-03;9;0
17;2025-11-03;10;0
17;2025-11-03;11;0
17;2025-11-03;12;0
17;2025-11-03;13;0
17;2025-11-03;14;0
17;2025-11-03;15;0
17;2025-11-03;16;0
17;2025-11-03;17;0
17;2025-11-03;18;0
17;2025-11-03;19;0
17;2025-11-03;20;0
17;2025-11-03;21;0
17;2025-11-03;22;0
17;2025-11-03;23;0
17;2025-11-04;0;0
17;2025-11-04;1;0
17;2025-11-04;2;0
17;2025-11-04;3;0
17;2025-11-04;4;0
17;2025-11-04;5;0
17;2025-11-04;6;0
17;2025-11-04;7;0
17;2025-11-04;8;0
17;2025-11-04;9;0
17;2025-11-04;10;0
17;2025-11-04;11;0
17;2025-11-04;12;0
17;2025-11-04;13;0
17;2025-11-04;14;0
17;2025-11-04;15;0
17;2025-11-04;16;0
17;2025-11-04;17;0
17;2025-11-04;18;0
17;2025-11-04;19;0
17;2025-11-04;20;0
17;2025-11-04;21;0
17;2025-11-04;22;0
17;2025-11-04;23;0
17;2025-11-05;0;197
17;2025-11-05;1;21
17;2025-11-05;2;3
17;2025-11-05;3;3
17;2025-11-05;4;43
17;2025-11-05;5;487
17;2025-11-05;6;2432
17;2025-11-05;7;6775
17;2025-11-05;8;8488
17;2025-11-05;9;6146
17;2025-11-05;10;4845
17;2025-11-05;11;4816
17;2025-11-05;12;4816
17;2025-11-05;13;4912
17;2025-11-05;14;5067
17;2025-11-05;15;5194
17;2025-11-05;16;5816
17;2025-11-05;17;7157
17;2025-11-05;18;7490
17;2025-11-05;19;5344
17;2025-11-05;20;3765
17;2025-11-05;21;2352
17;2025-11-05;22;1139
17;2025-11-05;23;624
17;2025-11-06;0;203
17;2025-11-06;1;21
17;2025-11-06;2;3
17;2025-11-06;3;3
17;2025-11-06;4;43
17;2025-11-06;5;503
17;2025-11-06;6;2482
17;2025-11-06;7;6883
17;2025-11-06;8;8626
17;2025-11-06;9;6251
17;2025-11-06;10;4935
17;2025-11-06;11;4888
17;2025-11-06;12;4891
17;2025-11-06;13;4991
17;2025-11-06;14;5146
17;2025-11-06;15;5213
17;2025-11-06;16;5888
17;2025-11-06;17;7223
17;2025-11-06;18;7538
17;2025-11-06;19;5429
17;2025-11-06;20;3811
17;2025-11-06;21;2381
17;2025-11-06;22;1152
17;2025-11-06;23;645
17;2025-11-07;0;211
17;2025-11-07;1;24
17;2025-11-07;2;3
17;2025-11-07;3;3
17;2025-11-07;4;40
17;2025-11-07;5;496
17;2025-11-07;6;2463
17;2025-11-07;7;6840
17;2025-11-07;8;8495
17;2025-11-07;9;6197
17;2025-11-07;10;4880
17;2025-11-07;11;4883
17;2025-11-07;12;4903
17;2025-11-07;13;5015
17;2025-11-07;14;5157
17;2025-11-07;15;5347
17;2025-11-07;16;6063
17;2025-11-07;17;7263
17;2025-11-07;18;7160
17;2025-11-07;19;5282
17;2025-11-07;20;3802
17;2025-11-07;21;2410
17;2025-11-07;22;1187
17;2025-11-07;23;683
17;2025-11-08;0;0
17;2025-11-08;1;0
17;2025-11-08;2;0
17;2025-11-08;3;0
17;2025-11-08;4;0
17;2025-11-08;5;0
17;2025-11-08;6;0
17;2025-11-08;7;0
17;2025-11-08;8;0
17;2025-11-08;9;0
17;2025-11-08;10;0
17;2025-11-08;11;0
17;2025-11-08;12;0
17;2025-11-08;13;0
17;2025-11-08;14;0
17;2025-11-08;15;0
17;2025-11-08;16;0
17;2025-11-08;17;0
17;2025-11-08;18;0
17;2025-11-08;19;0
17;2025-11-08;20;0
17;2025-11-08;21;0
17;2025-11-08;22;0
17;2025-11-08;23;0
17;2025-11-09;0;0
17;2025-11-09;1;0
17;2025-11-09;2;0
17;2025-11-09;3;0
17;2025-11-09;4;0
17;2025-11-09;5;0
17;2025-11-09;6;0
17;2025-11-09;7;0
17;2025-11-09;8;0
17;2025-11-09;9;0
17;2025-11-09;10;0
17;2025-11-09;11;0
17;2025-11-09;12;0
17;2025-11-09;13;0
17;2025-11-09;14;0
17;2025-11-09;15;0
17;2025-11-09;16;0
17;2025-11-09;17;0
17;2025-11-09;18;0
17;2025-11-09;19;0
17;2025-11-09;20;0
17;2025-11-09;21;0
17;2025-11-09;22;0
17;2025-11-09;23;0
17;2025-11-10;0;199
17;2025-11-10;1;21
17;2025-11-10;2;3
17;2025-11-10;3;3
17;2025-11-10;4;43
17;2025-11-10;5;495
17;2025-11-10;6;2466
17;2025-11-10;7;6879
17;2025-11-10;8;8651
17;2025-11-10;9;6243
17;2025-11-10;10;4909
17;2025-11-10;11;4888
17;2025-11-10;12;4877
17;2025-11-10;13;4954
17;2025-11-10;14;5085
17;2025-11-10;15;5231
17;2025-11-10;16;5879
17;2025-11-10;17;7243
17;2025-11-10;18;7565
17;2025-11-10;19;5399
17;2025-11-10;20;3808
17;2025-11-10;21;2344
17;2025-11-10;22;1111
17;2025-11-10;23;599
17;2025-11-11;0;195
17;2025-11-11;1;19
17;2025-11-11;2;3
17;2025-11-11;3;3
17;2025-11-11;4;42
17;2025-11-11;5;507
17;2025-11-11;6;2485
17;2025-11-11;7;6917
17;2025-11-11;8;8699
17;2025-11-11;9;6277
17;2025-11-11;10;4946
17;2025-11-11;11;4925
17;2025-11-11;12;4923
17;2025-11-11;13;5023
17;2025-11-11;14;5159
17;2025-11-11;15;5274
17;2025-11-11;16;5923
17;2025-11-11;17;7314
17;2025-11-11;18;7635
17;2025-11-11;19;5453
17;2025-11-11;20;3837
17;2025-11-11;21;2392
17;2025-11-11;22;1152
17;2025-11-11;23;613
17;2025-11-12;0;202
17;2025-11-12;1;21
17;2025-11-12;2;3
17;2025-11-12;3;3
17;2025-11-12;4;45
17;2025-11-12;5;499
17;2025-11-12;6;2479
17;2025-11-12;7;6895
17;2025-11-12;8;8634
17;2025-11-12;9;6256
17;2025-11-12;10;4935
17;2025-11-12;11;4903
17;2025-11-12;12;4887
17;2025-11-12;13;4971
17;2025-11-12;14;5120
17;2025-11-12;15;5250
17;2025-11-12;16;5907
17;2025-11-12;17;7264
17;2025-11-12;18;7592
17;2025-11-12;19;5419
17;2025-11-12;20;3826
17;2025-11-12;21;2386
17;2025-11-12;22;1160
17;2025-11-12;23;637
17;2025-11-13;0;202
17;2025-11-13;1;21
17;2025-11-13;2;3
17;2025-11-13;3;3
17;2025-11-13;4;43
17;2025-11-13;5;506
17;2025-11-13;6;2480
17;2025-11-13;7;6898
17;2025-11-13;8;8632
17;2025-11-13;9;6267
17;2025-11-13;10;4951
17;2025-11-13;11;4927
17;2025-11-13;12;4935
17;2025-11-13;13;5026
17;2025-11-13;14;5173
17;2025-11-13;15;5275
17;2025-11-13;16;5941
17;2025-11-13;17;7283
17;2025-11-13;18;7594
17;2025-11-13;19;5455
17;2025-11-13;20;3856
17;2025-11-13;21;2413
17;2025-11-13;22;1170
17;2025-11-13;23;650
17;2025-11-14;0;215
17;2025-11-14;1;26
17;2025-11-14;2;3
17;2025-11-14;3;3
17;2025-11-14;4;42
17;2025-11-14;5;504
17;2025-11-14;6;2479
17;2025-11-14;7;6872
17;2025-11-14;8;8552
17;2025-11-14;9;6234
17;2025-11-14;10;4920
17;2025-11-14;11;4927
17;2025-11-14;12;4939
17;2025-11-14;13;5043
17;2025-11-14;14;5186
17;2025-11-14;15;5389
17;2025-11-14;16;6101
17;2025-11-14;17;7319
17;2025-11-14;18;7194
17;2025-11-14;19;5319
17;2025-11-14;20;3827
17;2025-11-14;21;2411
17;2025-11-14;22;1183
17;2025-11-14;23;677
17;2025-11-15;0;0
17;2025-11-15;1;0
17;2025-11-15;2;0
17;2025-11-15;3;0
17;2025-11-15;4;0
17;2025-11-15;5;0
17;2025-11-15;6;0
17;2025-11-15;7;0
17;2025-11-15;8;0
17;2025-11-15;9;0
17;2025-11-15;10;0
17;2025-11-15;11;0
17;2025-11-15;12;0
17;2025-11-15;13;0
17;2025-11-15;14;0
17;2025-11-15;15;0
17;2025-11-15;16;0
17;2025-11-15;17;0
17;2025-11-15;18;0
17;2025-11-15;19;0
17;2025-11-15;20;0
17;2025-11-15;21;0
17;2025-11-15;22;0
17;2025-11-15;23;0
17;2025-11-16;0;0
17;2025-11-16;1;0
17;2025-11-16;2;0
17;2025-11-16;3;0
17;2025-11-16;4;0
17;2025-11-16;5;0
17;2025-11-16;6;0
17;2025-11-16;7;0
17;2025-11-16;8;0
17;2025-11-16;9;0
17;2025-11-16;10;0
17;2025-11-16;11;0
17;2025-11-16;12;0
17;2025-11-16;13;0
17;2025-11-16;14;0
17;2025-11-16;15;0
17;2025-11-16;16;0
17;2025-11-16;17;0
17;2025-11-16;18;0
17;2025-11-16;19;0
17;2025-11-16;20;0
17;2025-11-16;21;0
17;2025-11-16;22;0
17;2025-11-16;23;0
17;2025-11-17;0;200
17;2025-11-17;1;23
17;2025-11-17;2;3
17;2025-11-17;3;3
17;2025-11-17;4;43
17;2025-11-17;5;495
17;2025-11-17;6;2467
17;2025-11-17;7;6871
17;2025-11-17;8;8607
17;2025-11-17;9;6226
17;2025-11-17;10;4896
17;2025-11-17;11;4875
17;2025-11-17;12;4840
17;2025-11-17;13;4901
17;2025-11-17;14;5026
17;2025-11-17;15;5162
17;2025-11-17;16;5818
17;2025-11-17;17;7197
17;2025-11-17;18;7539
17;2025-11-17;19;5389
17;2025-11-17;20;3810
17;2025-11-17;21;2354
17;2025-11-17;22;1125
17;2025-11-17;23;607
17;2025-11-18;0;199
17;2025-11-18;1;23
17;2025-11-18;2;3
17;2025-11-18;3;3
17;2025-11-18;4;40
17;2025-11-18;5;495
17;2025-11-18;6;2469
17;2025-11-18;7;6805
17;2025-11-18;8;8507
17;2025-11-18;9;6157
17;2025-11-18;10;4826
17;2025-11-18;11;4792
17;2025-11-18;12;4787
17;2025-11-18;13;4874
17;2025-11-18;14;5013
17;2025-11-18;15;5133
17;2025-11-18;16;5783
17;2025-11-18;17;7179
17;2025-11-18;18;7499
17;2025-11-18;19;5355
17;2025-11-18;20;3775
17;2025-11-18;21;2357
17;2025-11-18;22;1141
17;2025-11-18;23;603
17;2025-11-19;0;200
17;2025-11-19;1;19
17;2025-11-19;2;3
17;2025-11-19;3;3
17;2025-11-19;4;43
17;2025-11-19;5;498
17;2025-11-19;6;2475
17;2025-11-19;7;6890
17;2025-11-19;8;8618
17;2025-11-19;9;6256
17;2025-11-19;10;4938
17;2025-11-19;11;4919
17;2025-11-19;12;4919
17;2025-11-19;13;5010
17;2025-11-19;14;5159
17;2025-11-19;15;5272
17;2025-11-19;16;5923
17;2025-11-19;17;7283
17;2025-11-19;18;7611
17;2025-11-19;19;5432
17;2025-11-19;20;3834
17;2025-11-19;21;2397
17;2025-11-19;22;1165
17;2025-11-19;23;639
17;2025-11-20;0;203
17;2025-11-20;1;21
17;2025-11-20;2;3
17;2025-11-20;3;3
17;2025-11-20;4;43
17;2025-11-20;5;507
17;2025-11-20;6;2355
17;2025-11-20;7;6829
17;2025-11-20;8;8653
17;2025-11-20;9;6275
17;2025-11-20;10;4959
17;2025-11-20;11;4938
17;2025-11-20;12;4943
17;2025-11-20;13;5037
17;2025-11-20;14;5179
17;2025-11-20;15;5277
17;2025-11-20;16;5947
17;2025-11-20;17;7291
17;2025-11-20;18;7597
17;2025-11-20;19;5451
17;2025-11-20;20;3855
17;2025-11-20;21;2413
17;2025-11-20;22;1168
17;2025-11-20;23;648
17;2025-11-21;0;215
17;2025-11-21;1;26
17;2025-11-21;2;3
17;2025-11-21;3;3
17;2025-11-21;4;40
17;2025-11-21;5;503
17;2025-11-21;6;2480
17;2025-11-21;7;6880
17;2025-11-21;8;8562
17;2025-11-21;9;6239
17;2025-11-21;10;4923
17;2025-11-21;11;4933
17;2025-11-21;12;4939
17;2025-11-21;13;5037
17;2025-11-21;14;5181
17;2025-11-21;15;5379
17;2025-11-21;16;6095
17;2025-11-21;17;7311
17;2025-11-21;18;7199
17;2025-11-21;19;5322
17;2025-11-21;20;3824
17;2025-11-21;21;2419
17;2025-11-21;22;1139
17;2025-11-21;23;539
17;2025-11-22;0;0
17;2025-11-22;1;0
17;2025-11-22;2;0
17;2025-11-22;3;0
17;2025-11-22;4;0
17;2025-11-22;5;0
17;2025-11-22;6;0
17;2025-11-22;7;0
17;2025-11-22;8;0
17;2025-11-22;9;0
17;2025-11-22;10;0
17;2025-11-22;11;0
17;2025-11-22;12;0
17;2025-11-22;13;0
17;2025-11-22;14;0
17;2025-11-22;15;0
17;2025-11-22;16;0
17;2025-11-22;17;0
17;2025-11-22;18;0
17;2025-11-22;19;0
17;2025-11-22;20;0
17;2025-11-22;21;0
17;2025-11-22;22;0
17;2025-11-22;23;0
17;2025-11-23;0;0
17;2025-11-23;1;0
17;2025-11-23;2;0
17;2025-11-23;3;0
17;2025-11-23;4;0
17;2025-11-23;5;0
17;2025-11-23;6;0
17;2025-11-23;7;0
17;2025-11-23;8;0
17;2025-11-23;9;0
17;2025-11-23;10;0
17;2025-11-23;11;0
17;2025-11-23;12;0
17;2025-11-23;13;0
17;2025-11-23;14;0
17;2025-11-23;15;0
17;2025-11-23;16;0
17;2025-11-23;17;0
17;2025-11-23;18;0
17;2025-11-23;19;0
17;2025-11-23;20;0
17;2025-11-23;21;0
17;2025-11-23;22;0
17;2025-11-23;23;0
17;2025-11-24;0;203
17;2025-11-24;1;21
17;2025-11-24;2;3
17;2025-11-24;3;3
17;2025-11-24;4;40
17;2025-11-24;5;483
17;2025-11-24;6;2419
17;2025-11-24;7;6760
17;2025-11-24;8;8464
17;2025-11-24;9;6127
17;2025-11-24;10;4808
17;2025-11-24;11;4751
17;2025-11-24;12;4747
17;2025-11-24;13;4835
17;2025-11-24;14;4959
17;2025-11-24;15;5099
17;2025-11-24;16;5736
17;2025-11-24;17;7101
17;2025-11-24;18;7443
17;2025-11-24;19;5319
17;2025-11-24;20;3755
17;2025-11-24;21;2320
17;2025-11-24;22;1096
17;2025-11-24;23;592
17;2025-11-25;0;192
17;2025-11-25;1;19
17;2025-11-25;2;3
17;2025-11-25;3;3
17;2025-11-25;4;42
17;2025-11-25;5;504
17;2025-11-25;6;2480
17;2025-11-25;7;6904
17;2025-11-25;8;8667
17;2025-11-25;9;6267
17;2025-11-25;10;4941
17;2025-11-25;11;4919
17;2025-11-25;12;4912
17;2025-11-25;13;5011
17;2025-11-25;14;5151
17;2025-11-25;15;5272
17;2025-11-25;16;5923
17;2025-11-25;17;7312
17;2025-11-25;18;7631
17;2025-11-25;19;5450
17;2025-11-25;20;3837
17;2025-11-25;21;2391
17;2025-11-25;22;1152
17;2025-11-25;23;613
17;2025-11-26;0;202
17;2025-11-26;1;21
17;2025-11-26;2;3
17;2025-11-26;3;3
17;2025-11-26;4;43
17;2025-11-26;5;496
17;2025-11-26;6;2469
17;2025-11-26;7;6861
17;2025-11-26;8;8600
17;2025-11-26;9;6229
17;2025-11-26;10;4907
17;2025-11-26;11;4856
17;2025-11-26;12;4856
17;2025-11-26;13;4943
17;2025-11-26;14;5109
17;2025-11-26;15;5229
17;2025-11-26;16;5856
17;2025-11-26;17;7218
17;2025-11-26;18;7552
17;2025-11-26;19;5379
17;2025-11-26;20;3794
17;2025-11-26;21;2355
17;2025-11-26;22;1139
17;2025-11-26;23;621
17;2025-11-27;0;202
17;2025-11-27;1;23
17;2025-11-27;2;3
17;2025-11-27;3;3
17;2025-11-27;4;43
17;2025-11-27;5;506
17;2025-11-27;6;2496
17;2025-11-27;7;6920
17;2025-11-27;8;8672
17;2025-11-27;9;6291
17;2025-11-27;10;4973
17;2025-11-27;11;4925
17;2025-11-27;12;4914
17;2025-11-27;13;5003
17;2025-11-27;14;5144
17;2025-11-27;15;5250
17;2025-11-27;16;5931
17;2025-11-27;17;7280
17;2025-11-27;18;7591
17;2025-11-27;19;5421
17;2025-11-27;20;3834
17;2025-11-27;21;2386
17;2025-11-27;22;1152
17;2025-11-27;23;635
17;2025-11-28;0;211
17;2025-11-28;1;29
17;2025-11-28;2;3
17;2025-11-28;3;3
17;2025-11-28;4;42
17;2025-11-28;5;501
17;2025-11-28;6;2459
17;2025-11-28;7;6808
17;2025-11-28;8;8498
17;2025-11-28;9;6181
17;2025-11-28;10;4874
17;2025-11-28;11;4584
17;2025-11-28;12;4627
17;2025-11-28;13;4984
17;2025-11-28;14;5131
17;2025-11-28;15;5323
17;2025-11-28;16;6042
17;2025-11-28;17;7251
17;2025-11-28;18;7160
17;2025-11-28;19;5280
17;2025-11-28;20;3795
17;2025-11-28;21;2397
17;2025-11-28;22;1178
17;2025-11-28;23;677
17;2025-11-29;0;0
17;2025-11-29;1;0
17;2025-11-29;2;0
17;2025-11-29;3;0
17;2025-11-29;4;0
17;2025-11-29;5;0
17;2025-11-29;6;0
17;2025-11-29;7;0
17;2025-11-29;8;0
17;2025-11-29;9;0
17;2025-11-29;10;0
17;2025-11-29;11;0
17;2025-11-29;12;0
17;2025-11-29;13;0
17;2025-11-29;14;0
17;2025-11-29;15;0
17;2025-11-29;16;0
17;2025-11-29;17;0
17;2025-11-29;18;0
17;2025-11-29;19;0
17;2025-11-29;20;0
17;2025-11-29;21;0
17;2025-11-29;22;0
17;2025-11-29;23;0
17;2025-11-30;0;0
17;2025-11-30;1;0
17;2025-11-30;2;0
17;2025-11-30;3;0
17;2025-11-30;4;0
17;2025-11-30;5;0
17;2025-11-30;6;0
17;2025-11-30;7;0
17;2025-11-30;8;0
17;2025-11-30;9;0
17;2025-11-30;10;0
17;2025-11-30;11;0
17;2025-11-30;12;0
17;2025-11-30;13;0
17;2025-11-30;14;0
17;2025-11-30;15;0
17;2025-11-30;16;0
17;2025-11-30;17;0
17;2025-11-30;18;0
17;2025-11-30;19;0
17;2025-11-30;20;0
17;2025-11-30;21;0
17;2025-11-30;22;0
17;2025-11-30;23;0
17;2025-12-01;0;202
17;2025-12-01;1;24
17;2025-12-01;2;3
17;2025-12-01;3;3
17;2025-12-01;4;42
17;2025-12-01;5;498
17;2025-12-01;6;2488
17;2025-12-01;7;6909
17;2025-12-01;8;8709
17;2025-12-01;9;6290
17;2025-12-01;10;4954
17;2025-12-01;11;4933
17;2025-12-01;12;4914
17;2025-12-01;13;4992
17;2025-12-01;14;5130
17;2025-12-01;15;5271
17;2025-12-01;16;5922
17;2025-12-01;17;7301
17;2025-12-01;18;7586
17;2025-12-01;19;5415
17;2025-12-01;20;3819
17;2025-12-01;21;2354
17;2025-12-01;22;1111
17;2025-12-01;23;605
17;2025-12-02;0;199
17;2025-12-02;1;21
17;2025-12-02;2;3
17;2025-12-02;3;3
17;2025-12-02;4;43
17;2025-12-02;5;512
17;2025-12-02;6;2507
17;2025-12-02;7;6955
17;2025-12-02;8;8770
17;2025-12-02;9;6335
17;2025-12-02;10;5005
17;2025-12-02;11;4978
17;2025-12-02;12;4965
17;2025-12-02;13;5063
17;2025-12-02;14;5211
17;2025-12-02;15;5323
17;2025-12-02;16;5975
17;2025-12-02;17;7379
17;2025-12-02;18;7659
17;2025-12-02;19;5474
17;2025-12-02;20;3859
17;2025-12-02;21;2407
17;2025-12-02;22;1159
17;2025-12-02;23;623
17;2025-12-03;0;203
17;2025-12-03;1;21
17;2025-12-03;2;3
17;2025-12-03;3;3
17;2025-12-03;4;45
17;2025-12-03;5;507
17;2025-12-03;6;2507
17;2025-12-03;7;6949
17;2025-12-03;8;8743
17;2025-12-03;9;6330
17;2025-12-03;10;5011
17;2025-12-03;11;4984
17;2025-12-03;12;4981
17;2025-12-03;13;5072
17;2025-12-03;14;5229
17;2025-12-03;15;5338
17;2025-12-03;16;5989
17;2025-12-03;17;7365
17;2025-12-03;18;7650
17;2025-12-03;19;5459
17;2025-12-03;20;3858
17;2025-12-03;21;2415
17;2025-12-03;22;1171
17;2025-12-03;23;650
17;2025-12-04;0;205
17;2025-12-04;1;21
17;2025-12-04;2;3
17;2025-12-04;3;3
17;2025-12-04;4;43
17;2025-12-04;5;515
17;2025-12-04;6;2515
17;2025-12-04;7;6963
17;2025-12-04;8;8773
17;2025-12-04;9;6351
17;2025-12-04;10;5031
17;2025-12-04;11;5000
17;2025-12-04;12;5008
17;2025-12-04;13;5104
17;2025-12-04;14;5253
17;2025-12-04;15;5341
17;2025-12-04;16;6021
17;2025-12-04;17;7378
17;2025-12-04;18;7642
17;2025-12-04;19;5490
17;2025-12-04;20;3893
17;2025-12-04;21;2435
17;2025-12-04;22;1183
17;2025-12-04;23;664
17;2025-12-05;0;219
17;2025-12-05;1;26
17;2025-12-05;2;3
17;2025-12-05;3;3
17;2025-12-05;4;40
17;2025-12-05;5;512
17;2025-12-05;6;2511
17;2025-12-05;7;6933
17;2025-12-05;8;8663
17;2025-12-05;9;6307
17;2025-12-05;10;4987
17;2025-12-05;11;4992
17;2025-12-05;12;5002
17;2025-12-05;13;5107
17;2025-12-05;14;5263
17;2025-12-05;15;5450
17;2025-12-05;16;6184
17;2025-12-05;17;7402
17;2025-12-05;18;7197
17;2025-12-05;19;5341
17;2025-12-05;20;3848
17;2025-12-05;21;2440
17;2025-12-05;22;1200
17;2025-12-05;23;698
17;2025-12-06;0;0
17;2025-12-06;1;0
17;2025-12-06;2;0
17;2025-12-06;3;0
17;2025-12-06;4;0
17;2025-12-06;5;0
17;2025-12-06;6;0
17;2025-12-06;7;0
17;2025-12-06;8;0
17;2025-12-06;9;0
17;2025-12-06;10;0
17;2025-12-06;11;0
17;2025-12-06;12;0
17;2025-12-06;13;0
17;2025-12-06;14;0
17;2025-12-06;15;0
17;2025-12-06;16;0
17;2025-12-06;17;0
17;2025-12-06;18;0
17;2025-12-06;19;0
17;2025-12-06;20;0
17;2025-12-06;21;0
17;2025-12-06;22;0
17;2025-12-06;23;0
17;2025-12-07;0;0
17;2025-12-07;1;0
17;2025-12-07;2;0
17;2025-12-07;3;0
17;2025-12-07;4;0
17;2025-12-07;5;0
17;2025-12-07;6;0
17;2025-12-07;7;0
17;2025-12-07;8;0
17;2025-12-07;9;0
17;2025-12-07;10;0
17;2025-12-07;11;0
17;2025-12-07;12;0
17;2025-12-07;13;0
17;2025-12-07;14;0
17;2025-12-07;15;0
17;2025-12-07;16;0
17;2025-12-07;17;0
17;2025-12-07;18;0
17;2025-12-07;19;0
17;2025-12-07;20;0
17;2025-12-07;21;0
17;2025-12-07;22;0
17;2025-12-07;23;0
17;2025-12-08;0;202
17;2025-12-08;1;21
17;2025-12-08;2;3
17;2025-12-08;3;3
17;2025-12-08;4;43
17;2025-12-08;5;499
17;2025-12-08;6;2485
17;2025-12-08;7;6907
17;2025-12-08;8;8706
17;2025-12-08;9;6293
17;2025-12-08;10;4963
17;2025-12-08;11;4935
17;2025-12-08;12;4917
17;2025-12-08;13;4994
17;2025-12-08;14;5131
17;2025-12-08;15;5271
17;2025-12-08;16;5922
17;2025-12-08;17;7299
17;2025-12-08;18;7584
17;2025-12-08;19;5415
17;2025-12-08;20;3819
17;2025-12-08;21;2357
17;2025-12-08;22;1112
17;2025-12-08;23;607
17;2025-12-09;0;195
17;2025-12-09;1;19
17;2025-12-09;2;3
17;2025-12-09;3;3
17;2025-12-09;4;43
17;2025-12-09;5;512
17;2025-12-09;6;2499
17;2025-12-09;7;6922
17;2025-12-09;8;8744
17;2025-12-09;9;6320
17;2025-12-09;10;4994
17;2025-12-09;11;4957
17;2025-12-09;12;4946
17;2025-12-09;13;5043
17;2025-12-09;14;5192
17;2025-12-09;15;5314
17;2025-12-09;16;5965
17;2025-12-09;17;7349
17;2025-12-09;18;7631
17;2025-12-09;19;5458
17;2025-12-09;20;3840
17;2025-12-09;21;2400
17;2025-12-09;22;1155
17;2025-12-09;23;618
17;2025-12-10;0;203
17;2025-12-10;1;21
17;2025-12-10;2;3
17;2025-12-10;3;3
17;2025-12-10;4;43
17;2025-12-10;5;504
17;2025-12-10;6;2496
17;2025-12-10;7;6923
17;2025-12-10;8;8691
17;2025-12-10;9;6306
17;2025-12-10;10;4999
17;2025-12-10;11;4963
17;2025-12-10;12;4965
17;2025-12-10;13;5051
17;2025-12-10;14;5208
17;2025-12-10;15;5317
17;2025-12-10;16;5962
17;2025-12-10;17;7330
17;2025-12-10;18;7616
17;2025-12-10;19;5434
17;2025-12-10;20;3843
17;2025-12-10;21;2407
17;2025-12-10;22;1171
17;2025-12-10;23;653
17;2025-12-11;0;205
17;2025-12-11;1;23
17;2025-12-11;2;3
17;2025-12-11;3;3
17;2025-12-11;4;45
17;2025-12-11;5;512
17;2025-12-11;6;2506
17;2025-12-11;7;6907
17;2025-12-11;8;8664
17;2025-12-11;9;6293
17;2025-12-11;10;4971
17;2025-12-11;11;4931
17;2025-12-11;12;4939
17;2025-12-11;13;5037
17;2025-12-11;14;5208
17;2025-12-11;15;5303
17;2025-12-11;16;5975
17;2025-12-11;17;7312
17;2025-12-11;18;7552
17;2025-12-11;19;5407
17;2025-12-11;20;3840
17;2025-12-11;21;2397
17;2025-12-11;22;1165
17;2025-12-11;23;650
17;2025-12-12;0;223
17;2025-12-12;1;31
17;2025-12-12;2;3
17;2025-12-12;3;3
17;2025-12-12;4;43
17;2025-12-12;5;512
17;2025-12-12;6;2496
17;2025-12-12;7;6875
17;2025-12-12;8;8554
17;2025-12-12;9;6263
17;2025-12-12;10;4957
17;2025-12-12;11;4963
17;2025-12-12;12;4949
17;2025-12-12;13;5040
17;2025-12-12;14;5184
17;2025-12-12;15;5347
17;2025-12-12;16;6075
17;2025-12-12;17;7239
17;2025-12-12;18;7059
17;2025-12-12;19;5239
17;2025-12-12;20;3784
17;2025-12-12;21;2413
17;2025-12-12;22;1184
17;2025-12-12;23;685
17;2025-12-13;0;0
17;2025-12-13;1;0
17;2025-12-13;2;0
17;2025-12-13;3;0
17;2025-12-13;4;0
17;2025-12-13;5;0
17;2025-12-13;6;0
17;2025-12-13;7;0
17;2025-12-13;8;0
17;2025-12-13;9;0
17;2025-12-13;10;0
17;2025-12-13;11;0
17;2025-12-13;12;0
17;2025-12-13;13;0
17;2025-12-13;14;0
17;2025-12-13;15;0
17;2025-12-13;16;0
17;2025-12-13;17;0
17;2025-12-13;18;0
17;2025-12-13;19;0
17;2025-12-13;20;0
17;2025-12-13;21;0
17;2025-12-13;22;0
17;2025-12-13;23;0
17;2025-12-14;0;0
17;2025-12-14;1;0
17;2025-12-14;2;0
17;2025-12-14;3;0
17;2025-12-14;4;0
17;2025-12-14;5;0
17;2025-12-14;6;0
17;2025-12-14;7;0
17;2025-12-14;8;0
17;2025-12-14;9;0
17;2025-12-14;10;0
17;2025-12-14;11;0
17;2025-12-14;12;0
17;2025-12-14;13;0
17;2025-12-14;14;0
17;2025-12-14;15;0
17;2025-12-14;16;0
17;2025-12-14;17;0
17;2025-12-14;18;0
17;2025-12-14;19;0
17;2025-12-14;20;0
17;2025-12-14;21;0
17;2025-12-14;22;0
17;2025-12-14;23;0
17;2025-12-15;0;200
17;2025-12-15;1;21
17;2025-12-15;2;3
17;2025-12-15;3;3
17;2025-12-15;4;42
17;2025-12-15;5;498
17;2025-12-15;6;2475
17;2025-12-15;7;6879
17;2025-12-15;8;8661
17;2025-12-15;9;6271
17;2025-12-15;10;4947
17;2025-12-15;11;4915
17;2025-12-15;12;4899
17;2025-12-15;13;4976
17;2025-12-15;14;5114
17;2025-12-15;15;5250
17;2025-12-15;16;5891
17;2025-12-15;17;7259
17;2025-12-15;18;7543
17;2025-12-15;19;5391
17;2025-12-15;20;3811
17;2025-12-15;21;2349
17;2025-12-15;22;1109
17;2025-12-15;23;607
17;2025-12-16;0;200
17;2025-12-16;1;21
17;2025-12-16;2;3
17;2025-12-16;3;3
17;2025-12-16;4;45
17;2025-12-16;5;519
17;2025-12-16;6;2538
17;2025-12-16;7;7023
17;2025-12-16;8;8835
17;2025-12-16;9;6403
17;2025-12-16;10;5058
17;2025-12-16;11;5023
17;2025-12-16;12;5002
17;2025-12-16;13;5091
17;2025-12-16;14;5234
17;2025-12-16;15;5355
17;2025-12-16;16;6015
17;2025-12-16;17;7439
17;2025-12-16;18;7723
17;2025-12-16;19;5527
17;2025-12-16;20;3903
17;2025-12-16;21;2391
17;2025-12-16;22;890
17;2025-12-16;23;475
17;2025-12-17;0;152
17;2025-12-17;1;16
17;2025-12-17;2;3
17;2025-12-17;3;3
17;2025-12-17;4;35
17;2025-12-17;5;503
17;2025-12-17;6;2499
17;2025-12-17;7;6922
17;2025-12-17;8;8698
17;2025-12-17;9;6312
17;2025-12-17;10;5002
17;2025-12-17;11;4973
17;2025-12-17;12;4967
17;2025-12-17;13;5055
17;2025-12-17;14;5218
17;2025-12-17;15;5330
17;2025-12-17;16;5983
17;2025-12-17;17;7349
17;2025-12-17;18;7637
17;2025-12-17;19;5450
17;2025-12-17;20;3845
17;2025-12-17;21;2410
17;2025-12-17;22;1173
17;2025-12-17;23;651
17;2025-12-18;0;205
17;2025-12-18;1;21
17;2025-12-18;2;3
17;2025-12-18;3;3
17;2025-12-18;4;43
17;2025-12-18;5;512
17;2025-12-18;6;2504
17;2025-12-18;7;6928
17;2025-12-18;8;8730
17;2025-12-18;9;6319
17;2025-12-18;10;5003
17;2025-12-18;11;4965
17;2025-12-18;12;4978
17;2025-12-18;13;5075
17;2025-12-18;14;5229
17;2025-12-18;15;5317
17;2025-12-18;16;5992
17;2025-12-18;17;7344
17;2025-12-18;18;7605
17;2025-12-18;19;5464
17;2025-12-18;20;3877
17;2025-12-18;21;2429
17;2025-12-18;22;1184
17;2025-12-18;23;664
17;2025-12-19;0;224
17;2025-12-19;1;31
17;2025-12-19;2;3
17;2025-12-19;3;3
17;2025-12-19;4;42
17;2025-12-19;5;514
17;2025-12-19;6;2503
17;2025-12-19;7;6903
17;2025-12-19;8;8627
17;2025-12-19;9;6280
17;2025-12-19;10;4965
17;2025-12-19;11;4970
17;2025-12-19;12;4973
17;2025-12-19;13;5080
17;2025-12-19;14;5232
17;2025-12-19;15;5424
17;2025-12-19;16;6159
17;2025-12-19;17;7370
17;2025-12-19;18;7165
17;2025-12-19;19;5312
17;2025-12-19;20;3827
17;2025-12-19;21;2427
17;2025-12-19;22;1195
17;2025-12-19;23;693
17;2025-12-20;0;0
17;2025-12-20;1;0
17;2025-12-20;2;0
17;2025-12-20;3;0
17;2025-12-20;4;0
17;2025-12-20;5;0
17;2025-12-20;6;0
17;2025-12-20;7;0
17;2025-12-20;8;0
17;2025-12-20;9;0
17;2025-12-20;10;0
17;2025-12-20;11;0
17;2025-12-20;12;0
17;2025-12-20;13;0
17;2025-12-20;14;0
17;2025-12-20;15;0
17;2025-12-20;16;0
17;2025-12-20;17;0
17;2025-12-20;18;0
17;2025-12-20;19;0
17;2025-12-20;20;0
17;2025-12-20;21;0
17;2025-12-20;22;0
17;2025-12-20;23;0
17;2025-12-21;0;0
17;2025-12-21;1;0
17;2025-12-21;2;0
17;2025-12-21;3;0
17;2025-12-21;4;0
17;2025-12-21;5;0
17;2025-12-21;6;0
17;2025-12-21;7;0
17;2025-12-21;8;0
17;2025-12-21;9;0
17;2025-12-21;10;0
17;2025-12-21;11;0
17;2025-12-21;12;0
17;2025-12-21;13;0
17;2025-12-21;14;0
17;2025-12-21;15;0
17;2025-12-21;16;0
17;2025-12-21;17;0
17;2025-12-21;18;0
17;2025-12-21;19;0
17;2025-12-21;20;0
17;2025-12-21;21;0
17;2025-12-21;22;0
17;2025-12-21;23;0
17;2025-12-22;0;200
17;2025-12-22;1;24
17;2025-12-22;2;3
17;2025-12-22;3;3
17;2025-12-22;4;43
17;2025-12-22;5;498
17;2025-12-22;6;2471
17;2025-12-22;7;6843
17;2025-12-22;8;8597
17;2025-12-22;9;6232
17;2025-12-22;10;4915
17;2025-12-22;11;4877
17;2025-12-22;12;4855
17;2025-12-22;13;4941
17;2025-12-22;14;5075
17;2025-12-22;15;5210
17;2025-12-22;16;5848
17;2025-12-22;17;7202
17;2025-12-22;18;7464
17;2025-12-22;19;5323
17;2025-12-22;20;3768
17;2025-12-22;21;2327
17;2025-12-22;22;1099
17;2025-12-22;23;594
17;2025-12-23;0;184
17;2025-12-23;1;15
17;2025-12-23;2;3
17;2025-12-23;3;3
17;2025-12-23;4;43
17;2025-12-23;5;512
17;2025-12-23;6;2491
17;2025-12-23;7;6883
17;2025-12-23;8;8664
17;2025-12-23;9;6279
17;2025-12-23;10;4960
17;2025-12-23;11;4931
17;2025-12-23;12;4922
17;2025-12-23;13;5024
17;2025-12-23;14;5178
17;2025-12-23;15;5296
17;2025-12-23;16;5939
17;2025-12-23;17;7330
17;2025-12-23;18;7589
17;2025-12-23;19;5423
17;2025-12-23;20;3827
17;2025-12-23;21;2391
17;2025-12-23;22;1107
17;2025-12-23;23;498
17;2025-12-24;0;205
17;2025-12-24;1;21
17;2025-12-24;2;3
17;2025-12-24;3;3
17;2025-12-24;4;47
17;2025-12-24;5;509
17;2025-12-24;6;2519
17;2025-12-24;7;6960
17;2025-12-24;8;8768
17;2025-12-24;9;6362
17;2025-12-24;10;5047
17;2025-12-24;11;5013
17;2025-12-24;12;5018
17;2025-12-24;13;5093
17;2025-12-24;14;5256
17;2025-12-24;15;5370
17;2025-12-24;16;6011
17;2025-12-24;17;7391
17;2025-12-24;18;7661
17;2025-12-24;19;5467
17;2025-12-24;20;3944
17;2025-12-24;21;2456
17;2025-12-24;22;1194
17;2025-12-24;23;655
17;2025-12-25;0;210
17;2025-12-25;1;27
17;2025-12-25;2;3
17;2025-12-25;3;3
17;2025-12-25;4;50
17;2025-12-25;5;512
17;2025-12-25;6;2511
17;2025-12-25;7;6911
17;2025-12-25;8;8695
17;2025-12-25;9;6325
17;2025-12-25;10;5024
17;2025-12-25;11;4991
17;2025-12-25;12;4992
17;2025-12-25;13;5085
17;2025-12-25;14;5239
17;2025-12-25;15;5327
17;2025-12-25;16;5992
17;2025-12-25;17;7307
17;2025-12-25;18;7535
17;2025-12-25;19;5411
17;2025-12-25;20;3840
17;2025-12-25;21;2395
17;2025-12-25;22;1175
17;2025-12-25;23;640
17;2025-12-26;0;218
17;2025-12-26;1;26
17;2025-12-26;2;3
17;2025-12-26;3;3
17;2025-12-26;4;43
17;2025-12-26;5;503
17;2025-12-26;6;2439
17;2025-12-26;7;6720
17;2025-12-26;8;8399
17;2025-12-26;9;6144
17;2025-12-26;10;4855
17;2025-12-26;11;4831
17;2025-12-26;12;4829
17;2025-12-26;13;4938
17;2025-12-26;14;5103
17;2025-12-26;15;5312
17;2025-12-26;16;6019
17;2025-12-26;17;7176
17;2025-12-26;18;6983
17;2025-12-26;19;5176
17;2025-12-26;20;3722
17;2025-12-26;21;2354
17;2025-12-26;22;1170
17;2025-12-26;23;685
17;2025-12-27;0;0
17;2025-12-27;1;0
17;2025-12-27;2;0
17;2025-12-27;3;0
17;2025-12-27;4;0
17;2025-12-27;5;0
17;2025-12-27;6;0
17;2025-12-27;7;0
17;2025-12-27;8;0
17;2025-12-27;9;0
17;2025-12-27;10;0
17;2025-12-27;11;0
17;2025-12-27;12;0
17;2025-12-27;13;0
17;2025-12-27;14;0
17;2025-12-27;15;0
17;2025-12-27;16;0
17;2025-12-27;17;0
17;2025-12-27;18;0
17;2025-12-27;19;0
17;2025-12-27;20;0
17;2025-12-27;21;0
17;2025-12-27;22;0
17;2025-12-27;23;0
17;2025-12-28;0;0
17;2025-12-28;1;0
17;2025-12-28;2;0
17;2025-12-28;3;0
17;2025-12-28;4;0
17;2025-12-28;5;0
17;2025-12-28;6;0
17;2025-12-28;7;0
17;2025-12-28;8;0
17;2025-12-28;9;0
17;2025-12-28;10;0
17;2025-12-28;11;0
17;2025-12-28;12;0
17;2025-12-28;13;0
17;2025-12-28;14;0
17;2025-12-28;15;0
17;2025-12-28;16;0
17;2025-12-28;17;0
17;2025-12-28;18;0
17;2025-12-28;19;0
17;2025-12-28;20;0
17;2025-12-28;21;0
17;2025-12-28;22;0
17;2025-12-28;23;0
17;2025-12-29;0;171
17;2025-12-29;1;19
17;2025-12-29;2;3
17;2025-12-29;3;3
17;2025-12-29;4;37
17;2025-12-29;5;423
17;2025-12-29;6;2091
17;2025-12-29;7;5783
17;2025-12-29;8;7272
17;2025-12-29;9;5280
17;2025-12-29;10;4181
17;2025-12-29;11;4152
17;2025-12-29;12;4141
17;2025-12-29;13;4213
17;2025-12-29;14;4327
17;2025-12-29;15;4442
17;2025-12-29;16;4986
17;2025-12-29;17;6112
17;2025-12-29;18;6315
17;2025-12-29;19;4512
17;2025-12-29;20;3187
17;2025-12-29;21;1960
17;2025-12-29;22;928
17;2025-12-29;23;507
17;2025-12-30;0;168
17;2025-12-30;1;18
17;2025-12-30;2;3
17;2025-12-30;3;3
17;2025-12-30;4;37
17;2025-12-30;5;432
17;2025-12-30;6;2098
17;2025-12-30;7;5807
17;2025-12-30;8;7274
17;2025-12-30;9;5309
17;2025-12-30;10;4208
17;2025-12-30;11;4181
17;2025-12-30;12;4179
17;2025-12-30;13;4266
17;2025-12-30;14;4405
17;2025-12-30;15;4509
17;2025-12-30;16;5061
17;2025-12-30;17;6186
17;2025-12-30;18;6296
17;2025-12-30;19;4507
17;2025-12-30;20;3208
17;2025-12-30;21;1992
17;2025-12-30;22;978
17;2025-12-30;23;522
17;2025-12-31;0;0
17;2025-12-31;1;0
17;2025-12-31;2;0
17;2025-12-31;3;0
17;2025-12-31;4;0
17;2025-12-31;5;0
17;2025-12-31;6;0
17;2025-12-31;7;0
17;2025-12-31;8;0
17;2025-12-31;9;0
17;2025-12-31;10;0
17;2025-12-31;11;0
17;2025-12-31;12;0
17;2025-12-31;13;0
17;2025-12-31;14;0
17;2025-12-31;15;0
17;2025-12-31;16;0
17;2025-12-31;17;0
17;2025-12-31;18;0
17;2025-12-31;19;0
17;2025-12-31;20;0
17;2025-12-31;21;0
17;2025-12-31;22;0
17;2025-12-31;23;0
25;2025-11-01;0;0
25;2025-11-01;1;0
25;2025-11-01;2;0
25;2025-11-01;3;0
25;2025-11-01;4;0
25;2025-11-01;5;0
25;2025-11-01;6;0
25;2025-11-01;7;0
25;2025-11-01;8;0
25;2025-11-01;9;0
25;2025-11-01;10;0
25;2025-11-01;11;0
25;2025-11-01;12;0
25;2025-11-01;13;0
25;2025-11-01;14;0
25;2025-11-01;15;0
25;2025-11-01;16;0
25;2025-11-01;17;0
25;2025-11-01;18;0
25;2025-11-01;19;0
25;2025-11-01;20;0
25;2025-11-01;21;0
25;2025-11-01;22;0
25;2025-11-01;23;0
25;2025-11-02;0;0
25;2025-11-02;1;0
25;2025-11-02;2;0
25;2025-11-02;3;0
25;2025-11-02;4;0
25;2025-11-02;5;0
25;2025-11-02;6;0
25;2025-11-02;7;0
25;2025-11-02;8;0
25;2025-11-02;9;0
25;2025-11-02;10;0
25;2025-11-02;11;0
25;2025-11-02;12;0
25;2025-11-02;13;0
25;2025-11-02;14;0
25;2025-11-02;15;0
25;2025-11-02;16;0
25;2025-11-02;17;0
25;2025-11-02;18;0
25;2025-11-02;19;0
25;2025-11-02;20;0
25;2025-11-02;21;0
25;2025-11-02;22;0
25;2025-11-02;23;0
25;2025-11-03;0;0
25;2025-11-03;1;0
25;2025-11-03;2;0
25;2025-11-03;3;0
25;2025-11-03;4;0
25;2025-11-03;5;0
25;2025-11-03;6;0
25;2025-11-03;7;0
25;2025-11-03;8;0
25;2025-11-03;9;0
25;2025-11-03;10;0
25;2025-11-03;11;0
25;2025-11-03;12;0
25;2025-11-03;13;0
25;2025-11-03;14;0
25;2025-11-03;15;0
25;2025-11-03;16;0
25;2025-11-03;17;0
25;2025-11-03;18;0
25;2025-11-03;19;0
25;2025-11-03;20;0
25;2025-11-03;21;0
25;2025-11-03;22;0
25;2025-11-03;23;0
25;2025-11-04;0;0
25;2025-11-04;1;0
25;2025-11-04;2;0
25;2025-11-04;3;0
25;2025-11-04;4;0
25;2025-11-04;5;0
25;2025-11-04;6;0
25;2025-11-04;7;0
25;2025-11-04;8;0
25;2025-11-04;9;0
25;2025-11-04;10;0
25;2025-11-04;11;0
25;2025-11-04;12;0
25;2025-11-04;13;0
25;2025-11-04;14;0
25;2025-11-04;15;0
25;2025-11-04;16;0
25;2025-11-04;17;0
25;2025-11-04;18;0
25;2025-11-04;19;0
25;2025-11-04;20;0
25;2025-11-04;21;0
25;2025-11-04;22;0
25;2025-11-04;23;0
25;2025-11-05;0;0
25;2025-11-05;1;0
25;2025-11-05;2;0
25;2025-11-05;3;0
25;2025-11-05;4;0
25;2025-11-05;5;0
25;2025-11-05;6;0
25;2025-11-05;7;0
25;2025-11-05;8;0
25;2025-11-05;9;0
25;2025-11-05;10;0
25;2025-11-05;11;0
25;2025-11-05;12;0
25;2025-11-05;13;0
25;2025-11-05;14;0
25;2025-11-05;15;0
25;2025-11-05;16;0
25;2025-11-05;17;0
25;2025-11-05;18;0
25;2025-11-05;19;0
25;2025-11-05;20;0
25;2025-11-05;21;0
25;2025-11-05;22;0
25;2025-11-05;23;0
25;2025-11-06;0;0
25;2025-11-06;1;0
25;2025-11-06;2;0
25;2025-11-06;3;0
25;2025-11-06;4;0
25;2025-11-06;5;0
25;2025-11-06;6;0
25;2025-11-06;7;0
25;2025-11-06;8;0
25;2025-11-06;9;0
25;2025-11-06;10;0
25;2025-11-06;11;0
25;2025-11-06;12;0
25;2025-11-06;13;0
25;2025-11-06;14;0
25;2025-11-06;15;0
25;2025-11-06;16;0
25;2025-11-06;17;0
25;2025-11-06;18;0
25;2025-11-06;19;0
25;2025-11-06;20;0
25;2025-11-06;21;0
25;2025-11-06;22;0
25;2025-11-06;23;0
25;2025-11-07;0;0
25;2025-11-07;1;0
25;2025-11-07;2;0
25;2025-11-07;3;0
25;2025-11-07;4;0
25;2025-11-07;5;0
25;2025-11-07;6;0
25;2025-11-07;7;0
25;2025-11-07;8;0
25;2025-11-07;9;0
25;2025-11-07;10;0
25;2025-11-07;11;0
25;2025-11-07;12;0
25;2025-11-07;13;0
25;2025-11-07;14;0
25;2025-11-07;15;0
25;2025-11-07;16;0
25;2025-11-07;17;0
25;2025-11-07;18;0
25;2025-11-07;19;0
25;2025-11-07;20;0
25;2025-11-07;21;0
25;2025-11-07;22;0
25;2025-11-07;23;0
25;2025-11-08;0;0
25;2025-11-08;1;0
25;2025-11-08;2;0
25;2025-11-08;3;0
25;2025-11-08;4;0
25;2025-11-08;5;0
25;2025-11-08;6;0
25;2025-11-08;7;0
25;2025-11-08;8;0
25;2025-11-08;9;0
25;2025-11-08;10;0
25;2025-11-08;11;0
25;2025-11-08;12;0
25;2025-11-08;13;0
25;2025-11-08;14;0
25;2025-11-08;15;0
25;2025-11-08;16;0
25;2025-11-08;17;0
25;2025-11-08;18;0
25;2025-11-08;19;0
25;2025-11-08;20;0
25;2025-11-08;21;0
25;2025-11-08;22;0
25;2025-11-08;23;0
25;2025-11-09;0;0
25;2025-11-09;1;0
25;2025-11-09;2;0
25;2025-11-09;3;0
25;2025-11-09;4;0
25;2025-11-09;5;0
25;2025-11-09;6;0
25;2025-11-09;7;0
25;2025-11-09;8;0
25;2025-11-09;9;0
25;2025-11-09;10;0
25;2025-11-09;11;0
25;2025-11-09;12;0
25;2025-11-09;13;0
25;2025-11-09;14;0
25;2025-11-09;15;0
25;2025-11-09;16;0
25;2025-11-09;17;0
25;2025-11-09;18;0
25;2025-11-09;19;0
25;2025-11-09;20;0
25;2025-11-09;21;0
25;2025-11-09;22;0
25;2025-11-09;23;0
25;2025-11-10;0;0
25;2025-11-10;1;0
25;2025-11-10;2;0
25;2025-11-10;3;0
25;2025-11-10;4;0
25;2025-11-10;5;0
25;2025-11-10;6;0
25;2025-11-10;7;0
25;2025-11-10;8;0
25;2025-11-10;9;0
25;2025-11-10;10;0
25;2025-11-10;11;0
25;2025-11-10;12;0
25;2025-11-10;13;0
25;2025-11-10;14;0
25;2025-11-10;15;0
25;2025-11-10;16;0
25;2025-11-10;17;0
25;2025-11-10;18;0
25;2025-11-10;19;0
25;2025-11-10;20;0
25;2025-11-10;21;0
25;2025-11-10;22;0
25;2025-11-10;23;0
25;2025-11-11;0;0
25;2025-11-11;1;0
25;2025-11-11;2;0
25;2025-11-11;3;0
25;2025-11-11;4;0
25;2025-11-11;5;0
25;2025-11-11;6;0
25;2025-11-11;7;0
25;2025-11-11;8;0
25;2025-11-11;9;0
25;2025-11-11;10;0
25;2025-11-11;11;0
25;2025-11-11;12;0
25;2025-11-11;13;0
25;2025-11-11;14;0
25;2025-11-11;15;0
25;2025-11-11;16;0
25;2025-11-11;17;0
25;2025-11-11;18;0
25;2025-11-11;19;0
25;2025-11-11;20;0
25;2025-11-11;21;0
25;2025-11-11;22;0
25;2025-11-11;23;0
25;2025-11-12;0;0
25;2025-11-12;1;0
25;2025-11-12;2;0
25;2025-11-12;3;0
25;2025-11-12;4;0
25;2025-11-12;5;0
25;2025-11-12;6;0
25;2025-11-12;7;0
25;2025-11-12;8;0
25;2025-11-12;9;0
25;2025-11-12;10;0
25;2025-11-12;11;0
25;2025-11-12;12;0
25;2025-11-12;13;0
25;2025-11-12;14;0
25;2025-11-12;15;0
25;2025-11-12;16;0
25;2025-11-12;17;0
25;2025-11-12;18;0
25;2025-11-12;19;0
25;2025-11-12;20;0
25;2025-11-12;21;0
25;2025-11-12;22;0
25;2025-11-12;23;0
25;2025-11-13;0;0
25;2025-11-13;1;0
25;2025-11-13;2;0
25;2025-11-13;3;0
25;2025-11-13;4;0
25;2025-11-13;5;0
25;2025-11-13;6;0
25;2025-11-13;7;0
25;2025-11-13;8;0
25;2025-11-13;9;0
25;2025-11-13;10;0
25;2025-11-13;11;0
25;2025-11-13;12;0
25;2025-11-13;13;0
25;2025-11-13;14;0
25;2025-11-13;15;0
25;2025-11-13;16;0
25;2025-11-13;17;0
25;2025-11-13;18;0
25;2025-11-13;19;0
25;2025-11-13;20;0
25;2025-11-13;21;0
25;2025-11-13;22;0
25;2025-11-13;23;0
25;2025-11-14;0;0
25;2025-11-14;1;0
25;2025-11-14;2;0
25;2025-11-14;3;0
25;2025-11-14;4;0
25;2025-11-14;5;0
25;2025-11-14;6;0
25;2025-11-14;7;0
25;2025-11-14;8;0
25;2025-11-14;9;0
25;2025-11-14;10;0
25;2025-11-14;11;0
25;2025-11-14;12;0
25;2025-11-14;13;0
25;2025-11-14;14;0
25;2025-11-14;15;0
25;2025-11-14;16;0
25;2025-11-14;17;0
25;2025-11-14;18;0
25;2025-11-14;19;0
25;2025-11-14;20;0
25;2025-11-14;21;0
25;2025-11-14;22;0
25;2025-11-14;23;0
25;2025-11-15;0;0
25;2025-11-15;1;0
25;2025-11-15;2;0
25;2025-11-15;3;0
25;2025-11-15;4;0
25;2025-11-15;5;0
25;2025-11-15;6;0
25;2025-11-15;7;0
25;2025-11-15;8;0
25;2025-11-15;9;0
25;2025-11-15;10;0
25;2025-11-15;11;0
25;2025-11-15;12;0
25;2025-11-15;13;0
25;2025-11-15;14;0
25;2025-11-15;15;0
25;2025-11-15;16;0
25;2025-11-15;17;0
25;2025-11-15;18;0
25;2025-11-15;19;0
25;2025-11-15;20;0
25;2025-11-15;21;0
25;2025-11-15;22;0
25;2025-11-15;23;0
25;2025-11-16;0;0
25;2025-11-16;1;0
25;2025-11-16;2;0
25;2025-11-16;3;0
25;2025-11-16;4;0
25;2025-11-16;5;0
25;2025-11-16;6;0
25;2025-11-16;7;0
25;2025-11-16;8;0
25;2025-11-16;9;0
25;2025-11-16;10;0
25;2025-11-16;11;0
25;2025-11-16;12;0
25;2025-11-16;13;0
25;2025-11-16;14;0
25;2025-11-16;15;0
25;2025-11-16;16;0
25;2025-11-16;17;0
25;2025-11-16;18;0
25;2025-11-16;19;0
25;2025-11-16;20;0
25;2025-11-16;21;0
25;2025-11-16;22;0
25;2025-11-16;23;0
25;2025-11-17;0;0
25;2025-11-17;1;0
25;2025-11-17;2;0
25;2025-11-17;3;0
25;2025-11-17;4;0
25;2025-11-17;5;0
25;2025-11-17;6;0
25;2025-11-17;7;0
25;2025-11-17;8;0
25;2025-11-17;9;0
25;2025-11-17;10;0
25;2025-11-17;11;0
25;2025-11-17;12;0
25;2025-11-17;13;0
25;2025-11-17;14;0
25;2025-11-17;15;0
25;2025-11-17;16;0
25;2025-11-17;17;0
25;2025-11-17;18;0
25;2025-11-17;19;0
25;2025-11-17;20;0
25;2025-11-17;21;0
25;2025-11-17;22;0
25;2025-11-17;23;0
25;2025-11-18;0;0
25;2025-11-18;1;0
25;2025-11-18;2;0
25;2025-11-18;3;0
25;2025-11-18;4;0
25;2025-11-18;5;0
25;2025-11-18;6;0
25;2025-11-18;7;0
25;2025-11-18;8;0
25;2025-11-18;9;0
25;2025-11-18;10;0
25;2025-11-18;11;0
25;2025-11-18;12;0
25;2025-11-18;13;0
25;2025-11-18;14;0
25;2025-11-18;15;0
25;2025-11-18;16;0
25;2025-11-18;17;0
25;2025-11-18;18;0
25;2025-11-18;19;0
25;2025-11-18;20;0
25;2025-11-18;21;0
25;2025-11-18;22;0
25;2025-11-18;23;0
25;2025-11-19;0;0
25;2025-11-19;1;0
25;2025-11-19;2;0
25;2025-11-19;3;0
25;2025-11-19;4;0
25;2025-11-19;5;0
25;2025-11-19;6;0
25;2025-11-19;7;0
25;2025-11-19;8;0
25;2025-11-19;9;0
25;2025-11-19;10;0
25;2025-11-19;11;0
25;2025-11-19;12;0
25;2025-11-19;13;0
25;2025-11-19;14;0
25;2025-11-19;15;0
25;2025-11-19;16;0
25;2025-11-19;17;0
25;2025-11-19;18;0
25;2025-11-19;19;0
25;2025-11-19;20;0
25;2025-11-19;21;0
25;2025-11-19;22;0
25;2025-11-19;23;0
25;2025-11-20;0;0
25;2025-11-20;1;0
25;2025-11-20;2;0
25;2025-11-20;3;0
25;2025-11-20;4;0
25;2025-11-20;5;0
25;2025-11-20;6;0
25;2025-11-20;7;0
25;2025-11-20;8;0
25;2025-11-20;9;0
25;2025-11-20;10;0
25;2025-11-20;11;0
25;2025-11-20;12;0
25;2025-11-20;13;0
25;2025-11-20;14;0
25;2025-11-20;15;0
25;2025-11-20;16;0
25;2025-11-20;17;0
25;2025-11-20;18;0
25;2025-11-20;19;0
25;2025-11-20;20;0
25;2025-11-20;21;0
25;2025-11-20;22;0
25;2025-11-20;23;0
25;2025-11-21;0;0
25;2025-11-21;1;0
25;2025-11-21;2;0
25;2025-11-21;3;0
25;2025-11-21;4;0
25;2025-11-21;5;0
25;2025-11-21;6;0
25;2025-11-21;7;0
25;2025-11-21;8;0
25;2025-11-21;9;0
25;2025-11-21;10;0
25;2025-11-21;11;0
25;2025-11-21;12;0
25;2025-11-21;13;0
25;2025-11-21;14;0
25;2025-11-21;15;0
25;2025-11-21;16;0
25;2025-11-21;17;0
25;2025-11-21;18;0
25;2025-11-21;19;0
25;2025-11-21;20;0
25;2025-11-21;21;0
25;2025-11-21;22;0
25;2025-11-21;23;0
25;2025-11-22;0;0
25;2025-11-22;1;0
25;2025-11-22;2;0
25;2025-11-22;3;0
25;2025-11-22;4;0
25;2025-11-22;5;0
25;2025-11-22;6;0
25;2025-11-22;7;0
25;2025-11-22;8;0
25;2025-11-22;9;0
25;2025-11-22;10;0
25;2025-11-22;11;0
25;2025-11-22;12;0
25;2025-11-22;13;0
25;2025-11-22;14;0
25;2025-11-22;15;0
25;2025-11-22;16;0
25;2025-11-22;17;0
25;2025-11-22;18;0
25;2025-11-22;19;0
25;2025-11-22;20;0
25;2025-11-22;21;0
25;2025-11-22;22;0
25;2025-11-22;23;0
25;2025-11-23;0;0
25;2025-11-23;1;0
25;2025-11-23;2;0
25;2025-11-23;3;0
25;2025-11-23;4;0
25;2025-11-23;5;0
25;2025-11-23;6;0
25;2025-11-23;7;0
25;2025-11-23;8;0
25;2025-11-23;9;0
25;2025-11-23;10;0
25;2025-11-23;11;0
25;2025-11-23;12;0
25;2025-11-23;13;0
25;2025-11-23;14;0
25;2025-11-23;15;0
25;2025-11-23;16;0
25;2025-11-23;17;0
25;2025-11-23;18;0
25;2025-11-23;19;0
25;2025-11-23;20;0
25;2025-11-23;21;0
25;2025-11-23;22;0
25;2025-11-23;23;0
25;2025-11-24;0;0
25;2025-11-24;1;0
25;2025-11-24;2;0
25;2025-11-24;3;0
25;2025-11-24;4;0
25;2025-11-24;5;0
25;2025-11-24;6;0
25;2025-11-24;7;0
25;2025-11-24;8;0
25;2025-11-24;9;0
25;2025-11-24;10;0
25;2025-11-24;11;0
25;2025-11-24;12;0
25;2025-11-24;13;0
25;2025-11-24;14;0
25;2025-11-24;15;0
25;2025-11-24;16;0
25;2025-11-24;17;0
25;2025-11-24;18;0
25;2025-11-24;19;0
25;2025-11-24;20;0
25;2025-11-24;21;0
25;2025-11-24;22;0
25;2025-11-24;23;0
25;2025-11-25;0;0
25;2025-11-25;1;0
25;2025-11-25;2;0
25;2025-11-25;3;0
25;2025-11-25;4;0
25;2025-11-25;5;0
25;2025-11-25;6;0
25;2025-11-25;7;0
25;2025-11-25;8;0
25;2025-11-25;9;0
25;2025-11-25;10;0
25;2025-11-25;11;0
25;2025-11-25;12;0
25;2025-11-25;13;0
25;2025-11-25;14;0
25;2025-11-25;15;0
25;2025-11-25;16;0
25;2025-11-25;17;0
25;2025-11-25;18;0
25;2025-11-25;19;0
25;2025-11-25;20;0
25;2025-11-25;21;0
25;2025-11-25;22;0
25;2025-11-25;23;0
25;2025-11-26;0;0
25;2025-11-26;1;0
25;2025-11-26;2;0
25;2025-11-26;3;0
25;2025-11-26;4;0
25;2025-11-26;5;0
25;2025-11-26;6;0
25;2025-11-26;7;0
25;2025-11-26;8;0
25;2025-11-26;9;0
25;2025-11-26;10;0
25;2025-11-26;11;0
25;2025-11-26;12;0
25;2025-11-26;13;0
25;2025-11-26;14;0
25;2025-11-26;15;0
25;2025-11-26;16;0
25;2025-11-26;17;0
25;2025-11-26;18;0
25;2025-11-26;19;0
25;2025-11-26;20;0
25;2025-11-26;21;0
25;2025-11-26;22;0
25;2025-11-26;23;0
25;2025-11-27;0;0
25;2025-11-27;1;0
25;2025-11-27;2;0
25;2025-11-27;3;0
25;2025-11-27;4;0
25;2025-11-27;5;0
25;2025-11-27;6;0
25;2025-11-27;7;0
25;2025-11-27;8;0
25;2025-11-27;9;0
25;2025-11-27;10;0
25;2025-11-27;11;0
25;2025-11-27;12;0
25;2025-11-27;13;0
25;2025-11-27;14;0
25;2025-11-27;15;0
25;2025-11-27;16;0
25;2025-11-27;17;0
25;2025-11-27;18;0
25;2025-11-27;19;0
25;2025-11-27;20;0
25;2025-11-27;21;0
25;2025-11-27;22;0
25;2025-11-27;23;0
25;2025-11-28;0;0
25;2025-11-28;1;0
25;2025-11-28;2;0
25;2025-11-28;3;0
25;2025-11-28;4;0
25;2025-11-28;5;0
25;2025-11-28;6;0
25;2025-11-28;7;0
25;2025-11-28;8;0
25;2025-11-28;9;0
25;2025-11-28;10;0
25;2025-11-28;11;0
25;2025-11-28;12;0
25;2025-11-28;13;0
25;2025-11-28;14;0
25;2025-11-28;15;0
25;2025-11-28;16;0
25;2025-11-28;17;0
25;2025-11-28;18;0
25;2025-11-28;19;0
25;2025-11-28;20;0
25;2025-11-28;21;0
25;2025-11-28;22;0
25;2025-11-28;23;0
25;2025-11-29;0;0
25;2025-11-29;1;0
25;2025-11-29;2;0
25;2025-11-29;3;0
25;2025-11-29;4;0
25;2025-11-29;5;0
25;2025-11-29;6;0
25;2025-11-29;7;0
25;2025-11-29;8;0
25;2025-11-29;9;0
25;2025-11-29;10;0
25;2025-11-29;11;0
25;2025-11-29;12;0
25;2025-11-29;13;0
25;2025-11-29;14;0
25;2025-11-29;15;0
25;2025-11-29;16;0
25;2025-11-29;17;0
25;2025-11-29;18;0
25;2025-11-29;19;0
25;2025-11-29;20;0
25;2025-11-29;21;0
25;2025-11-29;22;0
25;2025-11-29;23;0
25;2025-11-30;0;0
25;2025-11-30;1;0
25;2025-11-30;2;0
25;2025-11-30;3;0
25;2025-11-30;4;0
25;2025-11-30;5;0
25;2025-11-30;6;0
25;2025-11-30;7;0
25;2025-11-30;8;0
25;2025-11-30;9;0
25;2025-11-30;10;0
25;2025-11-30;11;0
25;2025-11-30;12;0
25;2025-11-30;13;0
25;2025-11-30;14;0
25;2025-11-30;15;0
25;2025-11-30;16;0
25;2025-11-30;17;0
25;2025-11-30;18;0
25;2025-11-30;19;0
25;2025-11-30;20;0
25;2025-11-30;21;0
25;2025-11-30;22;0
25;2025-11-30;23;0
25;2025-12-01;0;0
25;2025-12-01;1;0
25;2025-12-01;2;0
25;2025-12-01;3;0
25;2025-12-01;4;0
25;2025-12-01;5;0
25;2025-12-01;6;0
25;2025-12-01;7;0
25;2025-12-01;8;0
25;2025-12-01;9;0
25;2025-12-01;10;0
25;2025-12-01;11;0
25;2025-12-01;12;0
25;2025-12-01;13;0
25;2025-12-01;14;0
25;2025-12-01;15;0
25;2025-12-01;16;0
25;2025-12-01;17;0
25;2025-12-01;18;0
25;2025-12-01;19;0
25;2025-12-01;20;0
25;2025-12-01;21;0
25;2025-12-01;22;0
25;2025-12-01;23;0
25;2025-12-02;0;0
25;2025-12-02;1;0
25;2025-12-02;2;0
25;2025-12-02;3;0
25;2025-12-02;4;0
25;2025-12-02;5;0
25;2025-12-02;6;0
25;2025-12-02;7;0
25;2025-12-02;8;0
25;2025-12-02;9;0
25;2025-12-02;10;0
25;2025-12-02;11;0
25;2025-12-02;12;0
25;2025-12-02;13;0
25;2025-12-02;14;0
25;2025-12-02;15;0
25;2025-12-02;16;0
25;2025-12-02;17;0
25;2025-12-02;18;0
25;2025-12-02;19;0
25;2025-12-02;20;0
25;2025-12-02;21;0
25;2025-12-02;22;0
25;2025-12-02;23;0
25;2025-12-03;0;0
25;2025-12-03;1;0
25;2025-12-03;2;0
25;2025-12-03;3;0
25;2025-12-03;4;0
25;2025-12-03;5;0
25;2025-12-03;6;0
25;2025-12-03;7;0
25;2025-12-03;8;0
25;2025-12-03;9;0
25;2025-12-03;10;0
25;2025-12-03;11;0
25;2025-12-03;12;0
25;2025-12-03;13;0
25;2025-12-03;14;0
25;2025-12-03;15;0
25;2025-12-03;16;0
25;2025-12-03;17;0
25;2025-12-03;18;0
25;2025-12-03;19;0
25;2025-12-03;20;0
25;2025-12-03;21;0
25;2025-12-03;22;0
25;2025-12-03;23;0
25;2025-12-04;0;0
25;2025-12-04;1;0
25;2025-12-04;2;0
25;2025-12-04;3;0
25;2025-12-04;4;0
25;2025-12-04;5;0
25;2025-12-04;6;0
25;2025-12-04;7;0
25;2025-12-04;8;0
25;2025-12-04;9;0
25;2025-12-04;10;0
25;2025-12-04;11;0
25;2025-12-04;12;0
25;2025-12-04;13;0
25;2025-12-04;14;0
25;2025-12-04;15;0
25;2025-12-04;16;0
25;2025-12-04;17;0
25;2025-12-04;18;0
25;2025-12-04;19;0
25;2025-12-04;20;0
25;2025-12-04;21;0
25;2025-12-04;22;0
25;2025-12-04;23;0
25;2025-12-05;0;0
25;2025-12-05;1;0
25;2025-12-05;2;0
25;2025-12-05;3;0
25;2025-12-05;4;0
25;2025-12-05;5;0
25;2025-12-05;6;0
25;2025-12-05;7;0
25;2025-12-05;8;0
25;2025-12-05;9;0
25;2025-12-05;10;0
25;2025-12-05;11;0
25;2025-12-05;12;0
25;2025-12-05;13;0
25;2025-12-05;14;0
25;2025-12-05;15;0
25;2025-12-05;16;0
25;2025-12-05;17;0
25;2025-12-05;18;0
25;2025-12-05;19;0
25;2025-12-05;20;0
25;2025-12-05;21;0
25;2025-12-05;22;0
25;2025-12-05;23;0
25;2025-12-06;0;0
25;2025-12-06;1;0
25;2025-12-06;2;0
25;2025-12-06;3;0
25;2025-12-06;4;0
25;2025-12-06;5;0
25;2025-12-06;6;0
25;2025-12-06;7;0
25;2025-12-06;8;0
25;2025-12-06;9;0
25;2025-12-06;10;0
25;2025-12-06;11;0
25;2025-12-06;12;0
25;2025-12-06;13;0
25;2025-12-06;14;0
25;2025-12-06;15;0
25;2025-12-06;16;0
25;2025-12-06;17;0
25;2025-12-06;18;0
25;2025-12-06;19;0
25;2025-12-06;20;0
25;2025-12-06;21;0
25;2025-12-06;22;0
25;2025-12-06;23;0
25;2025-12-07;0;0
25;2025-12-07;1;0
25;2025-12-07;2;0
25;2025-12-07;3;0
25;2025-12-07;4;0
25;2025-12-07;5;0
25;2025-12-07;6;0
25;2025-12-07;7;0
25;2025-12-07;8;0
25;2025-12-07;9;0
25;2025-12-07;10;0
25;2025-12-07;11;0
25;2025-12-07;12;0
25;2025-12-07;13;0
25;2025-12-07;14;0
25;2025-12-07;15;0
25;2025-12-07;16;0
25;2025-12-07;17;0
25;2025-12-07;18;0
25;2025-12-07;19;0
25;2025-12-07;20;0
25;2025-12-07;21;0
25;2025-12-07;22;0
25;2025-12-07;23;0
25;2025-12-08;0;0
25;2025-12-08;1;0
25;2025-12-08;2;0
25;2025-12-08;3;0
25;2025-12-08;4;0
25;2025-12-08;5;0
25;2025-12-08;6;0
25;2025-12-08;7;0
25;2025-12-08;8;0
25;2025-12-08;9;0
25;2025-12-08;10;0
25;2025-12-08;11;0
25;2025-12-08;12;0
25;2025-12-08;13;0
25;2025-12-08;14;0
25;2025-12-08;15;0
25;2025-12-08;16;0
25;2025-12-08;17;0
25;2025-12-08;18;0
25;2025-12-08;19;0
25;2025-12-08;20;0
25;2025-12-08;21;0
25;2025-12-08;22;0
25;2025-12-08;23;0
25;2025-12-09;0;0
25;2025-12-09;1;0
25;2025-12-09;2;0
25;2025-12-09;3;0
25;2025-12-09;4;0
25;2025-12-09;5;0
25;2025-12-09;6;0
25;2025-12-09;7;0
25;2025-12-09;8;0
25;2025-12-09;9;0
25;2025-12-09;10;0
25;2025-12-09;11;0
25;2025-12-09;12;0
25;2025-12-09;13;0
25;2025-12-09;14;0
25;2025-12-09;15;0
25;2025-12-09;16;0
25;2025-12-09;17;0
25;2025-12-09;18;0
25;2025-12-09;19;0
25;2025-12-09;20;0
25;2025-12-09;21;0
25;2025-12-09;22;0
25;2025-12-09;23;0
25;2025-12-10;0;0
25;2025-12-10;1;0
25;2025-12-10;2;0
25;2025-12-10;3;0
25;2025-12-10;4;0
25;2025-12-10;5;0
25;2025-12-10;6;0
25;2025-12-10;7;0
25;2025-12-10;8;0
25;2025-12-10;9;0
25;2025-12-10;10;0
25;2025-12-10;11;0
25;2025-12-10;12;0
25;2025-12-10;13;0
25;2025-12-10;14;0
25;2025-12-10;15;0
25;2025-12-10;16;0
25;2025-12-10;17;0
25;2025-12-10;18;0
25;2025-12-10;19;0
25;2025-12-10;20;0
25;2025-12-10;21;0
25;2025-12-10;22;0
25;2025-12-10;23;0
25;2025-12-11;0;0
25;2025-12-11;1;0
25;2025-12-11;2;0
25;2025-12-11;3;0
25;2025-12-11;4;0
25;2025-12-11;5;0
25;2025-12-11;6;0
25;2025-12-11;7;0
25;2025-12-11;8;0
25;2025-12-11;9;0
25;2025-12-11;10;0
25;2025-12-11;11;0
25;2025-12-11;12;0
25;2025-12-11;13;0
25;2025-12-11;14;0
25;2025-12-11;15;0
25;2025-12-11;16;0
25;2025-12-11;17;0
25;2025-12-11;18;0
25;2025-12-11;19;0
25;2025-12-11;20;0
25;2025-12-11;21;0
25;2025-12-11;22;0
25;2025-12-11;23;0
25;2025-12-12;0;0
25;2025-12-12;1;0
25;2025-12-12;2;0
25;2025-12-12;3;0
25;2025-12-12;4;0
25;2025-12-12;5;0
25;2025-12-12;6;0
25;2025-12-12;7;0
25;2025-12-12;8;0
25;2025-12-12;9;0
25;2025-12-12;10;0
25;2025-12-12;11;0
25;2025-12-12;12;0
25;2025-12-12;13;0
25;2025-12-12;14;0
25;2025-12-12;15;0
25;2025-12-12;16;0
25;2025-12-12;17;0
25;2025-12-12;18;0
25;2025-12-12;19;0
25;2025-12-12;20;0
25;2025-12-12;21;0
25;2025-12-12;22;0
25;2025-12-12;23;0
25;2025-12-13;0;0
25;2025-12-13;1;0
25;2025-12-13;2;0
25;2025-12-13;3;0
25;2025-12-13;4;0
25;2025-12-13;5;0
25;2025-12-13;6;0
25;2025-12-13;7;0
25;2025-12-13;8;0
25;2025-12-13;9;0
25;2025-12-13;10;0
25;2025-12-13;11;0
25;2025-12-13;12;0
25;2025-12-13;13;0
25;2025-12-13;14;0
25;2025-12-13;15;0
25;2025-12-13;16;0
25;2025-12-13;17;0
25;2025-12-13;18;0
25;2025-12-13;19;0
25;2025-12-13;20;0
25;2025-12-13;21;0
25;2025-12-13;22;0
25;2025-12-13;23;0
25;2025-12-14;0;0
25;2025-12-14;1;0
25;2025-12-14;2;0
25;2025-12-14;3;0
25;2025-12-14;4;0
25;2025-12-14;5;0
25;2025-12-14;6;0
25;2025-12-14;7;0
25;2025-12-14;8;0
25;2025-12-14;9;0
25;2025-12-14;10;0
25;2025-12-14;11;0
25;2025-12-14;12;0
25;2025-12-14;13;0
25;2025-12-14;14;0
25;2025-12-14;15;0
25;2025-12-14;16;0
25;2025-12-14;17;0
25;2025-12-14;18;0
25;2025-12-14;19;0
25;2025-12-14;20;0
25;2025-12-14;21;0
25;2025-12-14;22;0
25;2025-12-14;23;0
25;2025-12-15;0;0
25;2025-12-15;1;0
25;2025-12-15;2;0
25;2025-12-15;3;0
25;2025-12-15;4;0
25;2025-12-15;5;0
25;2025-12-15;6;0
25;2025-12-15;7;0
25;2025-12-15;8;0
25;2025-12-15;9;0
25;2025-12-15;10;0
25;2025-12-15;11;0
25;2025-12-15;12;0
25;2025-12-15;13;0
25;2025-12-15;14;0
25;2025-12-15;15;0
25;2025-12-15;16;0
25;2025-12-15;17;0
25;2025-12-15;18;0
25;2025-12-15;19;0
25;2025-12-15;20;0
25;2025-12-15;21;0
25;2025-12-15;22;0
25;2025-12-15;23;0
25;2025-12-16;0;0
25;2025-12-16;1;0
25;2025-12-16;2;0
25;2025-12-16;3;0
25;2025-12-16;4;0
25;2025-12-16;5;0
25;2025-12-16;6;0
25;2025-12-16;7;0
25;2025-12-16;8;0
25;2025-12-16;9;0
25;2025-12-16;10;0
25;2025-12-16;11;0
25;2025-12-16;12;0
25;2025-12-16;13;0
25;2025-12-16;14;0
25;2025-12-16;15;0
25;2025-12-16;16;0
25;2025-12-16;17;0
25;2025-12-16;18;0
25;2025-12-16;19;0
25;2025-12-16;20;0
25;2025-12-16;21;0
25;2025-12-16;22;0
25;2025-12-16;23;0
25;2025-12-17;0;0
25;2025-12-17;1;0
25;2025-12-17;2;0
25;2025-12-17;3;0
25;2025-12-17;4;0
25;2025-12-17;5;0
25;2025-12-17;6;0
25;2025-12-17;7;0
25;2025-12-17;8;0
25;2025-12-17;9;0
25;2025-12-17;10;0
25;2025-12-17;11;0
25;2025-12-17;12;0
25;2025-12-17;13;0
25;2025-12-17;14;0
25;2025-12-17;15;0
25;2025-12-17;16;0
25;2025-12-17;17;0
25;2025-12-17;18;0
25;2025-12-17;19;0
25;2025-12-17;20;0
25;2025-12-17;21;0
25;2025-12-17;22;0
25;2025-12-17;23;0
25;2025-12-18;0;0
25;2025-12-18;1;0
25;2025-12-18;2;0
25;2025-12-18;3;0
25;2025-12-18;4;0
25;2025-12-18;5;0
25;2025-12-18;6;0
25;2025-12-18;7;0
25;2025-12-18;8;0
25;2025-12-18;9;0
25;2025-12-18;10;0
25;2025-12-18;11;0
25;2025-12-18;12;0
25;2025-12-18;13;0
25;2025-12-18;14;0
25;2025-12-18;15;0
25;2025-12-18;16;0
25;2025-12-18;17;0
25;2025-12-18;18;0
25;2025-12-18;19;0
25;2025-12-18;20;0
25;2025-12-18;21;0
25;2025-12-18;22;0
25;2025-12-18;23;0
25;2025-12-19;0;0
25;2025-12-19;1;0
25;2025-12-19;2;0
25;2025-12-19;3;0
25;2025-12-19;4;0
25;2025-12-19;5;0
25;2025-12-19;6;0
25;2025-12-19;7;0
25;2025-12-19;8;0
25;2025-12-19;9;0
25;2025-12-19;10;0
25;2025-12-19;11;0
25;2025-12-19;12;0
25;2025-12-19;13;0
25;2025-12-19;14;0
25;2025-12-19;15;0
25;2025-12-19;16;0
25;2025-12-19;17;0
25;2025-12-19;18;0
25;2025-12-19;19;0
25;2025-12-19;20;0
25;2025-12-19;21;0
25;2025-12-19;22;0
25;2025-12-19;23;0
25;2025-12-20;0;0
25;2025-12-20;1;0
25;2025-12-20;2;0
25;2025-12-20;3;0
25;2025-12-20;4;0
25;2025-12-20;5;0
25;2025-12-20;6;0
25;2025-12-20;7;0
25;2025-12-20;8;0
25;2025-12-20;9;0
25;2025-12-20;10;0
25;2025-12-20;11;0
25;2025-12-20;12;0
25;2025-12-20;13;0
25;2025-12-20;14;0
25;2025-12-20;15;0
25;2025-12-20;16;0
25;2025-12-20;17;0
25;2025-12-20;18;0
25;2025-12-20;19;0
25;2025-12-20;20;0
25;2025-12-20;21;0
25;2025-12-20;22;0
25;2025-12-20;23;0
25;2025-12-21;0;0
25;2025-12-21;1;0
25;2025-12-21;2;0
25;2025-12-21;3;0
25;2025-12-21;4;0
25;2025-12-21;5;0
25;2025-12-21;6;0
25;2025-12-21;7;0
25;2025-12-21;8;0
25;2025-12-21;9;0
25;2025-12-21;10;0
25;2025-12-21;11;0
25;2025-12-21;12;0
25;2025-12-21;13;0
25;2025-12-21;14;0
25;2025-12-21;15;0
25;2025-12-21;16;0
25;2025-12-21;17;0
25;2025-12-21;18;0
25;2025-12-21;19;0
25;2025-12-21;20;0
25;2025-12-21;21;0
25;2025-12-21;22;0
25;2025-12-21;23;0
25;2025-12-22;0;0
25;2025-12-22;1;0
25;2025-12-22;2;0
25;2025-12-22;3;0
25;2025-12-22;4;0
25;2025-12-22;5;0
25;2025-12-22;6;0
25;2025-12-22;7;0
25;2025-12-22;8;0
25;2025-12-22;9;0
25;2025-12-22;10;0
25;2025-12-22;11;0
25;2025-12-22;12;0
25;2025-12-22;13;0
25;2025-12-22;14;0
25;2025-12-22;15;0
25;2025-12-22;16;0
25;2025-12-22;17;0
25;2025-12-22;18;0
25;2025-12-22;19;0
25;2025-12-22;20;0
25;2025-12-22;21;0
25;2025-12-22;22;0
25;2025-12-22;23;0
25;2025-12-23;0;0
25;2025-12-23;1;0
25;2025-12-23;2;0
25;2025-12-23;3;0
25;2025-12-23;4;0
25;2025-12-23;5;0
25;2025-12-23;6;0
25;2025-12-23;7;0
25;2025-12-23;8;0
25;2025-12-23;9;0
25;2025-12-23;10;0
25;2025-12-23;11;0
25;2025-12-23;12;0
25;2025-12-23;13;0
25;2025-12-23;14;0
25;2025-12-23;15;0
25;2025-12-23;16;0
25;2025-12-23;17;0
25;2025-12-23;18;0
25;2025-12-23;19;0
25;2025-12-23;20;0
25;2025-12-23;21;0
25;2025-12-23;22;0
25;2025-12-23;23;0
25;2025-12-24;0;0
25;2025-12-24;1;0
25;2025-12-24;2;0
25;2025-12-24;3;0
25;2025-12-24;4;0
25;2025-12-24;5;0
25;2025-12-24;6;0
25;2025-12-24;7;0
25;2025-12-24;8;0
25;2025-12-24;9;0
25;2025-12-24;10;0
25;2025-12-24;11;0
25;2025-12-24;12;0
25;2025-12-24;13;0
25;2025-12-24;14;0
25;2025-12-24;15;0
25;2025-12-24;16;0
25;2025-12-24;17;0
25;2025-12-24;18;0
25;2025-12-24;19;0
25;2025-12-24;20;0
25;2025-12-24;21;0
25;2025-12-24;22;0
25;2025-12-24;23;0
25;2025-12-25;0;0
25;2025-12-25;1;0
25;2025-12-25;2;0
25;2025-12-25;3;0
25;2025-12-25;4;0
25;2025-12-25;5;0
25;2025-12-25;6;0
25;2025-12-25;7;0
25;2025-12-25;8;0
25;2025-12-25;9;0
25;2025-12-25;10;0
25;2025-12-25;11;0
25;2025-12-25;12;0
25;2025-12-25;13;0
25;2025-12-25;14;0
25;2025-12-25;15;0
25;2025-12-25;16;0
25;2025-12-25;17;0
25;2025-12-25;18;0
25;2025-12-25;19;0
25;2025-12-25;20;0
25;2025-12-25;21;0
25;2025-12-25;22;0
25;2025-12-25;23;0
25;2025-12-26;0;0
25;2025-12-26;1;0
25;2025-12-26;2;0
25;2025-12-26;3;0
25;2025-12-26;4;0
25;2025-12-26;5;0
25;2025-12-26;6;0
25;2025-12-26;7;0
25;2025-12-26;8;0
25;2025-12-26;9;0
25;2025-12-26;10;0
25;2025-12-26;11;0
25;2025-12-26;12;0
25;2025-12-26;13;0
25;2025-12-26;14;0
25;2025-12-26;15;0
25;2025-12-26;16;0
25;2025-12-26;17;0
25;2025-12-26;18;0
25;2025-12-26;19;0
25;2025-12-26;20;0
25;2025-12-26;21;0
25;2025-12-26;22;0
25;2025-12-26;23;0
25;2025-12-27;0;0
25;2025-12-27;1;0
25;2025-12-27;2;0
25;2025-12-27;3;0
25;2025-12-27;4;0
25;2025-12-27;5;0
25;2025-12-27;6;0
25;2025-12-27;7;0
25;2025-12-27;8;0
25;2025-12-27;9;0
25;2025-12-27;10;0
25;2025-12-27;11;0
25;2025-12-27;12;0
25;2025-12-27;13;0
25;2025-12-27;14;0
25;2025-12-27;15;0
25;2025-12-27;16;0
25;2025-12-27;17;0
25;2025-12-27;18;0
25;2025-12-27;19;0
25;2025-12-27;20;0
25;2025-12-27;21;0
25;2025-12-27;22;0
25;2025-12-27;23;0
25;2025-12-28;0;0
25;2025-12-28;1;0
25;2025-12-28;2;0
25;2025-12-28;3;0
25;2025-12-28;4;0
25;2025-12-28;5;0
25;2025-12-28;6;0
25;2025-12-28;7;0
25;2025-12-28;8;0
25;2025-12-28;9;0
25;2025-12-28;10;0
25;2025-12-28;11;0
25;2025-12-28;12;0
25;2025-12-28;13;0
25;2025-12-28;14;0
25;2025-12-28;15;0
25;2025-12-28;16;0
25;2025-12-28;17;0
25;2025-12-28;18;0
25;2025-12-28;19;0
25;2025-12-28;20;0
25;2025-12-28;21;0
25;2025-12-28;22;0
25;2025-12-28;23;0
25;2025-12-29;0;0
25;2025-12-29;1;0
25;2025-12-29;2;0
25;2025-12-29;3;0
25;2025-12-29;4;0
25;2025-12-29;5;0
25;2025-12-29;6;0
25;2025-12-29;7;0
25;2025-12-29;8;0
25;2025-12-29;9;0
25;2025-12-29;10;0
25;2025-12-29;11;0
25;2025-12-29;12;0
25;2025-12-29;13;0
25;2025-12-29;14;0
25;2025-12-29;15;0
25;2025-12-29;16;0
25;2025-12-29;17;0
25;2025-12-29;18;0
25;2025-12-29;19;0
25;2025-12-29;20;0
25;2025-12-29;21;0
25;2025-12-29;22;0
25;2025-12-29;23;0
25;2025-12-30;0;0
25;2025-12-30;1;0
25;2025-12-30;2;0
25;2025-12-30;3;0
25;2025-12-30;4;0
25;2025-12-30;5;0
25;2025-12-30;6;0
25;2025-12-30;7;0
25;2025-12-30;8;0
25;2025-12-30;9;0
25;2025-12-30;10;0
25;2025-12-30;11;0
25;2025-12-30;12;0
25;2025-12-30;13;0
25;2025-12-30;14;0
25;2025-12-30;15;0
25;2025-12-30;16;0
25;2025-12-30;17;0
25;2025-12-30;18;0
25;2025-12-30;19;0
25;2025-12-30;20;0
25;2025-12-30;21;0
25;2025-12-30;22;0
25;2025-12-30;23;0
25;2025-12-31;0;0
25;2025-12-31;1;0
25;2025-12-31;2;0
25;2025-12-31;3;0
25;2025-12-31;4;0
25;2025-12-31;5;0
25;2025-12-31;6;0
25;2025-12-31;7;0
25;2025-12-31;8;0
25;2025-12-31;9;0
25;2025-12-31;10;0
25;2025-12-31;11;0
25;2025-12-31;12;0
25;2025-12-31;13;0
25;2025-12-31;14;0
25;2025-12-31;15;0
25;2025-12-31;16;0
25;2025-12-31;17;0
25;2025-12-31;18;0
25;2025-12-31;19;0
25;2025-12-31;20;0
25;2025-12-31;21;0
25;2025-12-31;22;0
25;2025-12-31;23;0
26;2025-11-01;0;0
26;2025-11-01;1;0
26;2025-11-01;2;0
26;2025-11-01;3;0
26;2025-11-01;4;0
26;2025-11-01;5;0
26;2025-11-01;6;0
26;2025-11-01;7;0
26;2025-11-01;8;0
26;2025-11-01;9;0
26;2025-11-01;10;0
26;2025-11-01;11;0
26;2025-11-01;12;0
26;2025-11-01;13;0
26;2025-11-01;14;0
26;2025-11-01;15;0
26;2025-11-01;16;0
26;2025-11-01;17;0
26;2025-11-01;18;0
26;2025-11-01;19;0
26;2025-11-01;20;0
26;2025-11-01;21;0
26;2025-11-01;22;0
26;2025-11-01;23;0
26;2025-11-02;0;0
26;2025-11-02;1;0
26;2025-11-02;2;0
26;2025-11-02;3;0
26;2025-11-02;4;0
26;2025-11-02;5;0
26;2025-11-02;6;0
26;2025-11-02;7;0
26;2025-11-02;8;0
26;2025-11-02;9;0
26;2025-11-02;10;0
26;2025-11-02;11;0
26;2025-11-02;12;0
26;2025-11-02;13;0
26;2025-11-02;14;0
26;2025-11-02;15;0
26;2025-11-02;16;0
26;2025-11-02;17;0
26;2025-11-02;18;0
26;2025-11-02;19;0
26;2025-11-02;20;0
26;2025-11-02;21;0
26;2025-11-02;22;0
26;2025-11-02;23;0
26;2025-11-03;0;0
26;2025-11-03;1;0
26;2025-11-03;2;0
26;2025-11-03;3;0
26;2025-11-03;4;0
26;2025-11-03;5;0
26;2025-11-03;6;0
26;2025-11-03;7;0
26;2025-11-03;8;0
26;2025-11-03;9;0
26;2025-11-03;10;0
26;2025-11-03;11;0
26;2025-11-03;12;0
26;2025-11-03;13;0
26;2025-11-03;14;0
26;2025-11-03;15;0
26;2025-11-03;16;0
26;2025-11-03;17;0
26;2025-11-03;18;0
26;2025-11-03;19;0
26;2025-11-03;20;0
26;2025-11-03;21;0
26;2025-11-03;22;0
26;2025-11-03;23;0
26;2025-11-04;0;0
26;2025-11-04;1;0
26;2025-11-04;2;0
26;2025-11-04;3;0
26;2025-11-04;4;0
26;2025-11-04;5;0
26;2025-11-04;6;0
26;2025-11-04;7;0
26;2025-11-04;8;0
26;2025-11-04;9;0
26;2025-11-04;10;0
26;2025-11-04;11;0
26;2025-11-04;12;0
26;2025-11-04;13;0
26;2025-11-04;14;0
26;2025-11-04;15;0
26;2025-11-04;16;0
26;2025-11-04;17;0
26;2025-11-04;18;0
26;2025-11-04;19;0
26;2025-11-04;20;0
26;2025-11-04;21;0
26;2025-11-04;22;0
26;2025-11-04;23;0
26;2025-11-05;0;0
26;2025-11-05;1;0
26;2025-11-05;2;0
26;2025-11-05;3;0
26;2025-11-05;4;0
26;2025-11-05;5;0
26;2025-11-05;6;0
26;2025-11-05;7;0
26;2025-11-05;8;0
26;2025-11-05;9;0
26;2025-11-05;10;0
26;2025-11-05;11;0
26;2025-11-05;12;0
26;2025-11-05;13;0
26;2025-11-05;14;0
26;2025-11-05;15;0
26;2025-11-05;16;0
26;2025-11-05;17;0
26;2025-11-05;18;0
26;2025-11-05;19;0
26;2025-11-05;20;0
26;2025-11-05;21;0
26;2025-11-05;22;0
26;2025-11-05;23;0
26;2025-11-06;0;0
26;2025-11-06;1;0
26;2025-11-06;2;0
26;2025-11-06;3;0
26;2025-11-06;4;0
26;2025-11-06;5;0
26;2025-11-06;6;0
26;2025-11-06;7;0
26;2025-11-06;8;0
26;2025-11-06;9;0
26;2025-11-06;10;0
26;2025-11-06;11;0
26;2025-11-06;12;0
26;2025-11-06;13;0
26;2025-11-06;14;0
26;2025-11-06;15;0
26;2025-11-06;16;0
26;2025-11-06;17;0
26;2025-11-06;18;0
26;2025-11-06;19;0
26;2025-11-06;20;0
26;2025-11-06;21;0
26;2025-11-06;22;0
26;2025-11-06;23;0
26;2025-11-07;0;0
26;2025-11-07;1;0
26;2025-11-07;2;0
26;2025-11-07;3;0
26;2025-11-07;4;0
26;2025-11-07;5;0
26;2025-11-07;6;0
26;2025-11-07;7;0
26;2025-11-07;8;0
26;2025-11-07;9;0
26;2025-11-07;10;0
26;2025-11-07;11;0
26;2025-11-07;12;0
26;2025-11-07;13;0
26;2025-11-07;14;0
26;2025-11-07;15;0
26;2025-11-07;16;0
26;2025-11-07;17;0
26;2025-11-07;18;0
26;2025-11-07;19;0
26;2025-11-07;20;0
26;2025-11-07;21;0
26;2025-11-07;22;0
26;2025-11-07;23;0
26;2025-11-08;0;0
26;2025-11-08;1;0
26;2025-11-08;2;0
26;2025-11-08;3;0
26;2025-11-08;4;0
26;2025-11-08;5;0
26;2025-11-08;6;0
26;2025-11-08;7;0
26;2025-11-08;8;0
26;2025-11-08;9;0
26;2025-11-08;10;0
26;2025-11-08;11;0
26;2025-11-08;12;0
26;2025-11-08;13;0
26;2025-11-08;14;0
26;2025-11-08;15;0
26;2025-11-08;16;0
26;2025-11-08;17;0
26;2025-11-08;18;0
26;2025-11-08;19;0
26;2025-11-08;20;0
26;2025-11-08;21;0
26;2025-11-08;22;0
26;2025-11-08;23;0
26;2025-11-09;0;0
26;2025-11-09;1;0
26;2025-11-09;2;0
26;2025-11-09;3;0
26;2025-11-09;4;0
26;2025-11-09;5;0
26;2025-11-09;6;0
26;2025-11-09;7;0
26;2025-11-09;8;0
26;2025-11-09;9;0
26;2025-11-09;10;0
26;2025-11-09;11;0
26;2025-11-09;12;0
26;2025-11-09;13;0
26;2025-11-09;14;0
26;2025-11-09;15;0
26;2025-11-09;16;0
26;2025-11-09;17;0
26;2025-11-09;18;0
26;2025-11-09;19;0
26;2025-11-09;20;0
26;2025-11-09;21;0
26;2025-11-09;22;0
26;2025-11-09;23;0
26;2025-11-10;0;0
26;2025-11-10;1;0
26;2025-11-10;2;0
26;2025-11-10;3;0
26;2025-11-10;4;0
26;2025-11-10;5;0
26;2025-11-10;6;0
26;2025-11-10;7;0
26;2025-11-10;8;0
26;2025-11-10;9;0
26;2025-11-10;10;0
26;2025-11-10;11;0
26;2025-11-10;12;0
26;2025-11-10;13;0
26;2025-11-10;14;0
26;2025-11-10;15;0
26;2025-11-10;16;0
26;2025-11-10;17;0
26;2025-11-10;18;0
26;2025-11-10;19;0
26;2025-11-10;20;0
26;2025-11-10;21;0
26;2025-11-10;22;0
26;2025-11-10;23;0
26;2025-11-11;0;0
26;2025-11-11;1;0
26;2025-11-11;2;0
26;2025-11-11;3;0
26;2025-11-11;4;0
26;2025-11-11;5;0
26;2025-11-11;6;0
26;2025-11-11;7;0
26;2025-11-11;8;0
26;2025-11-11;9;0
26;2025-11-11;10;0
26;2025-11-11;11;0
26;2025-11-11;12;0
26;2025-11-11;13;0
26;2025-11-11;14;0
26;2025-11-11;15;0
26;2025-11-11;16;0
26;2025-11-11;17;0
26;2025-11-11;18;0
26;2025-11-11;19;0
26;2025-11-11;20;0
26;2025-11-11;21;0
26;2025-11-11;22;0
26;2025-11-11;23;0
26;2025-11-12;0;0
26;2025-11-12;1;0
26;2025-11-12;2;0
26;2025-11-12;3;0
26;2025-11-12;4;0
26;2025-11-12;5;0
26;2025-11-12;6;0
26;2025-11-12;7;0
26;2025-11-12;8;0
26;2025-11-12;9;0
26;2025-11-12;10;0
26;2025-11-12;11;0
26;2025-11-12;12;0
26;2025-11-12;13;0
26;2025-11-12;14;0
26;2025-11-12;15;0
26;2025-11-12;16;0
26;2025-11-12;17;0
26;2025-11-12;18;0
26;2025-11-12;19;0
26;2025-11-12;20;0
26;2025-11-12;21;0
26;2025-11-12;22;0
26;2025-11-12;23;0
26;2025-11-13;0;0
26;2025-11-13;1;0
26;2025-11-13;2;0
26;2025-11-13;3;0
26;2025-11-13;4;0
26;2025-11-13;5;0
26;2025-11-13;6;0
26;2025-11-13;7;0
26;2025-11-13;8;0
26;2025-11-13;9;0
26;2025-11-13;10;0
26;2025-11-13;11;0
26;2025-11-13;12;0
26;2025-11-13;13;0
26;2025-11-13;14;0
26;2025-11-13;15;0
26;2025-11-13;16;0
26;2025-11-13;17;0
26;2025-11-13;18;0
26;2025-11-13;19;0
26;2025-11-13;20;0
26;2025-11-13;21;0
26;2025-11-13;22;0
26;2025-11-13;23;0
26;2025-11-14;0;0
26;2025-11-14;1;0
26;2025-11-14;2;0
26;2025-11-14;3;0
26;2025-11-14;4;0
26;2025-11-14;5;0
26;2025-11-14;6;0
26;2025-11-14;7;0
26;2025-11-14;8;0
26;2025-11-14;9;0
26;2025-11-14;10;0
26;2025-11-14;11;0
26;2025-11-14;12;0
26;2025-11-14;13;0
26;2025-11-14;14;0
26;2025-11-14;15;0
26;2025-11-14;16;0
26;2025-11-14;17;0
26;2025-11-14;18;0
26;2025-11-14;19;0
26;2025-11-14;20;0
26;2025-11-14;21;0
26;2025-11-14;22;0
26;2025-11-14;23;0
26;2025-11-15;0;0
26;2025-11-15;1;0
26;2025-11-15;2;0
26;2025-11-15;3;0
26;2025-11-15;4;0
26;2025-11-15;5;0
26;2025-11-15;6;0
26;2025-11-15;7;0
26;2025-11-15;8;0
26;2025-11-15;9;0
26;2025-11-15;10;0
26;2025-11-15;11;0
26;2025-11-15;12;0
26;2025-11-15;13;0
26;2025-11-15;14;0
26;2025-11-15;15;0
26;2025-11-15;16;0
26;2025-11-15;17;0
26;2025-11-15;18;0
26;2025-11-15;19;0
26;2025-11-15;20;0
26;2025-11-15;21;0
26;2025-11-15;22;0
26;2025-11-15;23;0
26;2025-11-16;0;0
26;2025-11-16;1;0
26;2025-11-16;2;0
26;2025-11-16;3;0
26;2025-11-16;4;0
26;2025-11-16;5;0
26;2025-11-16;6;0
26;2025-11-16;7;0
26;2025-11-16;8;0
26;2025-11-16;9;0
26;2025-11-16;10;0
26;2025-11-16;11;0
26;2025-11-16;12;0
26;2025-11-16;13;0
26;2025-11-16;14;0
26;2025-11-16;15;0
26;2025-11-16;16;0
26;2025-11-16;17;0
26;2025-11-16;18;0
26;2025-11-16;19;0
26;2025-11-16;20;0
26;2025-11-16;21;0
26;2025-11-16;22;0
26;2025-11-16;23;0
26;2025-11-17;0;0
26;2025-11-17;1;0
26;2025-11-17;2;0
26;2025-11-17;3;0
26;2025-11-17;4;0
26;2025-11-17;5;0
26;2025-11-17;6;0
26;2025-11-17;7;0
26;2025-11-17;8;0
26;2025-11-17;9;0
26;2025-11-17;10;0
26;2025-11-17;11;0
26;2025-11-17;12;0
26;2025-11-17;13;0
26;2025-11-17;14;0
26;2025-11-17;15;0
26;2025-11-17;16;0
26;2025-11-17;17;0
26;2025-11-17;18;0
26;2025-11-17;19;0
26;2025-11-17;20;0
26;2025-11-17;21;0
26;2025-11-17;22;0
26;2025-11-17;23;0
26;2025-11-18;0;0
26;2025-11-18;1;0
26;2025-11-18;2;0
26;2025-11-18;3;0
26;2025-11-18;4;0
26;2025-11-18;5;0
26;2025-11-18;6;0
26;2025-11-18;7;0
26;2025-11-18;8;0
26;2025-11-18;9;0
26;2025-11-18;10;0
26;2025-11-18;11;0
26;2025-11-18;12;0
26;2025-11-18;13;0
26;2025-11-18;14;0
26;2025-11-18;15;0
26;2025-11-18;16;0
26;2025-11-18;17;0
26;2025-11-18;18;0
26;2025-11-18;19;0
26;2025-11-18;20;0
26;2025-11-18;21;0
26;2025-11-18;22;0
26;2025-11-18;23;0
26;2025-11-19;0;0
26;2025-11-19;1;0
26;2025-11-19;2;0
26;2025-11-19;3;0
26;2025-11-19;4;0
26;2025-11-19;5;0
26;2025-11-19;6;0
26;2025-11-19;7;0
26;2025-11-19;8;0
26;2025-11-19;9;0
26;2025-11-19;10;0
26;2025-11-19;11;0
26;2025-11-19;12;0
26;2025-11-19;13;0
26;2025-11-19;14;0
26;2025-11-19;15;0
26;2025-11-19;16;0
26;2025-11-19;17;0
26;2025-11-19;18;0
26;2025-11-19;19;0
26;2025-11-19;20;0
26;2025-11-19;21;0
26;2025-11-19;22;0
26;2025-11-19;23;0
26;2025-11-20;0;0
26;2025-11-20;1;0
26;2025-11-20;2;0
26;2025-11-20;3;0
26;2025-11-20;4;0
26;2025-11-20;5;0
26;2025-11-20;6;0
26;2025-11-20;7;0
26;2025-11-20;8;0
26;2025-11-20;9;0
26;2025-11-20;10;0
26;2025-11-20;11;0
26;2025-11-20;12;0
26;2025-11-20;13;0
26;2025-11-20;14;0
26;2025-11-20;15;0
26;2025-11-20;16;0
26;2025-11-20;17;0
26;2025-11-20;18;0
26;2025-11-20;19;0
26;2025-11-20;20;0
26;2025-11-20;21;0
26;2025-11-20;22;0
26;2025-11-20;23;0
26;2025-11-21;0;0
26;2025-11-21;1;0
26;2025-11-21;2;0
26;2025-11-21;3;0
26;2025-11-21;4;0
26;2025-11-21;5;0
26;2025-11-21;6;0
26;2025-11-21;7;0
26;2025-11-21;8;0
26;2025-11-21;9;0
26;2025-11-21;10;0
26;2025-11-21;11;0
26;2025-11-21;12;0
26;2025-11-21;13;0
26;2025-11-21;14;0
26;2025-11-21;15;0
26;2025-11-21;16;0
26;2025-11-21;17;0
26;2025-11-21;18;0
26;2025-11-21;19;0
26;2025-11-21;20;0
26;2025-11-21;21;0
26;2025-11-21;22;0
26;2025-11-21;23;0
26;2025-11-22;0;0
26;2025-11-22;1;0
26;2025-11-22;2;0
26;2025-11-22;3;0
26;2025-11-22;4;0
26;2025-11-22;5;0
26;2025-11-22;6;0
26;2025-11-22;7;0
26;2025-11-22;8;0
26;2025-11-22;9;0
26;2025-11-22;10;0
26;2025-11-22;11;0
26;2025-11-22;12;0
26;2025-11-22;13;0
26;2025-11-22;14;0
26;2025-11-22;15;0
26;2025-11-22;16;0
26;2025-11-22;17;0
26;2025-11-22;18;0
26;2025-11-22;19;0
26;2025-11-22;20;0
26;2025-11-22;21;0
26;2025-11-22;22;0
26;2025-11-22;23;0
26;2025-11-23;0;0
26;2025-11-23;1;0
26;2025-11-23;2;0
26;2025-11-23;3;0
26;2025-11-23;4;0
26;2025-11-23;5;0
26;2025-11-23;6;0
26;2025-11-23;7;0
26;2025-11-23;8;0
26;2025-11-23;9;0
26;2025-11-23;10;0
26;2025-11-23;11;0
26;2025-11-23;12;0
26;2025-11-23;13;0
26;2025-11-23;14;0
26;2025-11-23;15;0
26;2025-11-23;16;0
26;2025-11-23;17;0
26;2025-11-23;18;0
26;2025-11-23;19;0
26;2025-11-23;20;0
26;2025-11-23;21;0
26;2025-11-23;22;0
26;2025-11-23;23;0
26;2025-11-24;0;0
26;2025-11-24;1;0
26;2025-11-24;2;0
26;2025-11-24;3;0
26;2025-11-24;4;0
26;2025-11-24;5;0
26;2025-11-24;6;0
26;2025-11-24;7;0
26;2025-11-24;8;0
26;2025-11-24;9;0
26;2025-11-24;10;0
26;2025-11-24;11;0
26;2025-11-24;12;0
26;2025-11-24;13;0
26;2025-11-24;14;0
26;2025-11-24;15;0
26;2025-11-24;16;0
26;2025-11-24;17;0
26;2025-11-24;18;0
26;2025-11-24;19;0
26;2025-11-24;20;0
26;2025-11-24;21;0
26;2025-11-24;22;0
26;2025-11-24;23;0
26;2025-11-25;0;0
26;2025-11-25;1;0
26;2025-11-25;2;0
26;2025-11-25;3;0
26;2025-11-25;4;0
26;2025-11-25;5;0
26;2025-11-25;6;0
26;2025-11-25;7;0
26;2025-11-25;8;0
26;2025-11-25;9;0
26;2025-11-25;10;0
26;2025-11-25;11;0
26;2025-11-25;12;0
26;2025-11-25;13;0
26;2025-11-25;14;0
26;2025-11-25;15;0
26;2025-11-25;16;0
26;2025-11-25;17;0
26;2025-11-25;18;0
26;2025-11-25;19;0
26;2025-11-25;20;0
26;2025-11-25;21;0
26;2025-11-25;22;0
26;2025-11-25;23;0
26;2025-11-26;0;0
26;2025-11-26;1;0
26;2025-11-26;2;0
26;2025-11-26;3;0
26;2025-11-26;4;0
26;2025-11-26;5;0
26;2025-11-26;6;0
26;2025-11-26;7;0
26;2025-11-26;8;0
26;2025-11-26;9;0
26;2025-11-26;10;0
26;2025-11-26;11;0
26;2025-11-26;12;0
26;2025-11-26;13;0
26;2025-11-26;14;0
26;2025-11-26;15;0
26;2025-11-26;16;0
26;2025-11-26;17;0
26;2025-11-26;18;0
26;2025-11-26;19;0
26;2025-11-26;20;0
26;2025-11-26;21;0
26;2025-11-26;22;0
26;2025-11-26;23;0
26;2025-11-27;0;0
26;2025-11-27;1;0
26;2025-11-27;2;0
26;2025-11-27;3;0
26;2025-11-27;4;0
26;2025-11-27;5;0
26;2025-11-27;6;0
26;2025-11-27;7;0
26;2025-11-27;8;0
26;2025-11-27;9;0
26;2025-11-27;10;0
26;2025-11-27;11;0
26;2025-11-27;12;0
26;2025-11-27;13;0
26;2025-11-27;14;0
26;2025-11-27;15;0
26;2025-11-27;16;0
26;2025-11-27;17;0
26;2025-11-27;18;0
26;2025-11-27;19;0
26;2025-11-27;20;0
26;2025-11-27;21;0
26;2025-11-27;22;0
26;2025-11-27;23;0
26;2025-11-28;0;0
26;2025-11-28;1;0
26;2025-11-28;2;0
26;2025-11-28;3;0
26;2025-11-28;4;0
26;2025-11-28;5;0
26;2025-11-28;6;0
26;2025-11-28;7;0
26;2025-11-28;8;0
26;2025-11-28;9;0
26;2025-11-28;10;0
26;2025-11-28;11;0
26;2025-11-28;12;0
26;2025-11-28;13;0
26;2025-11-28;14;0
26;2025-11-28;15;0
26;2025-11-28;16;0
26;2025-11-28;17;0
26;2025-11-28;18;0
26;2025-11-28;19;0
26;2025-11-28;20;0
26;2025-11-28;21;0
26;2025-11-28;22;0
26;2025-11-28;23;0
26;2025-11-29;0;0
26;2025-11-29;1;0
26;2025-11-29;2;0
26;2025-11-29;3;0
26;2025-11-29;4;0
26;2025-11-29;5;0
26;2025-11-29;6;0
26;2025-11-29;7;0
26;2025-11-29;8;0
26;2025-11-29;9;0
26;2025-11-29;10;0
26;2025-11-29;11;0
26;2025-11-29;12;0
26;2025-11-29;13;0
26;2025-11-29;14;0
26;2025-11-29;15;0
26;2025-11-29;16;0
26;2025-11-29;17;0
26;2025-11-29;18;0
26;2025-11-29;19;0
26;2025-11-29;20;0
26;2025-11-29;21;0
26;2025-11-29;22;0
26;2025-11-29;23;0
26;2025-11-30;0;0
26;2025-11-30;1;0
26;2025-11-30;2;0
26;2025-11-30;3;0
26;2025-11-30;4;0
26;2025-11-30;5;0
26;2025-11-30;6;0
26;2025-11-30;7;0
26;2025-11-30;8;0
26;2025-11-30;9;0
26;2025-11-30;10;0
26;2025-11-30;11;0
26;2025-11-30;12;0
26;2025-11-30;13;0
26;2025-11-30;14;0
26;2025-11-30;15;0
26;2025-11-30;16;0
26;2025-11-30;17;0
26;2025-11-30;18;0
26;2025-11-30;19;0
26;2025-11-30;20;0
26;2025-11-30;21;0
26;2025-11-30;22;0
26;2025-11-30;23;0
26;2025-12-01;0;0
26;2025-12-01;1;0
26;2025-12-01;2;0
26;2025-12-01;3;0
26;2025-12-01;4;0
26;2025-12-01;5;0
26;2025-12-01;6;0
26;2025-12-01;7;0
26;2025-12-01;8;0
26;2025-12-01;9;0
26;2025-12-01;10;0
26;2025-12-01;11;0
26;2025-12-01;12;0
26;2025-12-01;13;0
26;2025-12-01;14;0
26;2025-12-01;15;0
26;2025-12-01;16;0
26;2025-12-01;17;0
26;2025-12-01;18;0
26;2025-12-01;19;0
26;2025-12-01;20;0
26;2025-12-01;21;0
26;2025-12-01;22;0
26;2025-12-01;23;0
26;2025-12-02;0;0
26;2025-12-02;1;0
26;2025-12-02;2;0
26;2025-12-02;3;0
26;2025-12-02;4;0
26;2025-12-02;5;0
26;2025-12-02;6;0
26;2025-12-02;7;0
26;2025-12-02;8;0
26;2025-12-02;9;0
26;2025-12-02;10;0
26;2025-12-02;11;0
26;2025-12-02;12;0
26;2025-12-02;13;0
26;2025-12-02;14;0
26;2025-12-02;15;0
26;2025-12-02;16;0
26;2025-12-02;17;0
26;2025-12-02;18;0
26;2025-12-02;19;0
26;2025-12-02;20;0
26;2025-12-02;21;0
26;2025-12-02;22;0
26;2025-12-02;23;0
26;2025-12-03;0;0
26;2025-12-03;1;0
26;2025-12-03;2;0
26;2025-12-03;3;0
26;2025-12-03;4;0
26;2025-12-03;5;0
26;2025-12-03;6;0
26;2025-12-03;7;0
26;2025-12-03;8;0
26;2025-12-03;9;0
26;2025-12-03;10;0
26;2025-12-03;11;0
26;2025-12-03;12;0
26;2025-12-03;13;0
26;2025-12-03;14;0
26;2025-12-03;15;0
26;2025-12-03;16;0
26;2025-12-03;17;0
26;2025-12-03;18;0
26;2025-12-03;19;0
26;2025-12-03;20;0
26;2025-12-03;21;0
26;2025-12-03;22;0
26;2025-12-03;23;0
26;2025-12-04;0;0
26;2025-12-04;1;0
26;2025-12-04;2;0
26;2025-12-04;3;0
26;2025-12-04;4;0
26;2025-12-04;5;0
26;2025-12-04;6;0
26;2025-12-04;7;0
26;2025-12-04;8;0
26;2025-12-04;9;0
26;2025-12-04;10;0
26;2025-12-04;11;0
26;2025-12-04;12;0
26;2025-12-04;13;0
26;2025-12-04;14;0
26;2025-12-04;15;0
26;2025-12-04;16;0
26;2025-12-04;17;0
26;2025-12-04;18;0
26;2025-12-04;19;0
26;2025-12-04;20;0
26;2025-12-04;21;0
26;2025-12-04;22;0
26;2025-12-04;23;0
26;2025-12-05;0;0
26;2025-12-05;1;0
26;2025-12-05;2;0
26;2025-12-05;3;0
26;2025-12-05;4;0
26;2025-12-05;5;0
26;2025-12-05;6;0
26;2025-12-05;7;0
26;2025-12-05;8;0
26;2025-12-05;9;0
26;2025-12-05;10;0
26;2025-12-05;11;0
26;2025-12-05;12;0
26;2025-12-05;13;0
26;2025-12-05;14;0
26;2025-12-05;15;0
26;2025-12-05;16;0
26;2025-12-05;17;0
26;2025-12-05;18;0
26;2025-12-05;19;0
26;2025-12-05;20;0
26;2025-12-05;21;0
26;2025-12-05;22;0
26;2025-12-05;23;0
26;2025-12-06;0;0
26;2025-12-06;1;0
26;2025-12-06;2;0
26;2025-12-06;3;0
26;2025-12-06;4;0
26;2025-12-06;5;0
26;2025-12-06;6;0
26;2025-12-06;7;0
26;2025-12-06;8;0
26;2025-12-06;9;0
26;2025-12-06;10;0
26;2025-12-06;11;0
26;2025-12-06;12;0
26;2025-12-06;13;0
26;2025-12-06;14;0
26;2025-12-06;15;0
26;2025-12-06;16;0
26;2025-12-06;17;0
26;2025-12-06;18;0
26;2025-12-06;19;0
26;2025-12-06;20;0
26;2025-12-06;21;0
26;2025-12-06;22;0
26;2025-12-06;23;0
26;2025-12-07;0;0
26;2025-12-07;1;0
26;2025-12-07;2;0
26;2025-12-07;3;0
26;2025-12-07;4;0
26;2025-12-07;5;0
26;2025-12-07;6;0
26;2025-12-07;7;0
26;2025-12-07;8;0
26;2025-12-07;9;0
26;2025-12-07;10;0
26;2025-12-07;11;0
26;2025-12-07;12;0
26;2025-12-07;13;0
26;2025-12-07;14;0
26;2025-12-07;15;0
26;2025-12-07;16;0
26;2025-12-07;17;0
26;2025-12-07;18;0
26;2025-12-07;19;0
26;2025-12-07;20;0
26;2025-12-07;21;0
26;2025-12-07;22;0
26;2025-12-07;23;0
26;2025-12-08;0;0
26;2025-12-08;1;0
26;2025-12-08;2;0
26;2025-12-08;3;0
26;2025-12-08;4;0
26;2025-12-08;5;0
26;2025-12-08;6;0
26;2025-12-08;7;0
26;2025-12-08;8;0
26;2025-12-08;9;0
26;2025-12-08;10;0
26;2025-12-08;11;0
26;2025-12-08;12;0
26;2025-12-08;13;0
26;2025-12-08;14;0
26;2025-12-08;15;0
26;2025-12-08;16;0
26;2025-12-08;17;0
26;2025-12-08;18;0
26;2025-12-08;19;0
26;2025-12-08;20;0
26;2025-12-08;21;0
26;2025-12-08;22;0
26;2025-12-08;23;0
26;2025-12-09;0;0
26;2025-12-09;1;0
26;2025-12-09;2;0
26;2025-12-09;3;0
26;2025-12-09;4;0
26;2025-12-09;5;0
26;2025-12-09;6;0
26;2025-12-09;7;0
26;2025-12-09;8;0
26;2025-12-09;9;0
26;2025-12-09;10;0
26;2025-12-09;11;0
26;2025-12-09;12;0
26;2025-12-09;13;0
26;2025-12-09;14;0
26;2025-12-09;15;0
26;2025-12-09;16;0
26;2025-12-09;17;0
26;2025-12-09;18;0
26;2025-12-09;19;0
26;2025-12-09;20;0
26;2025-12-09;21;0
26;2025-12-09;22;0
26;2025-12-09;23;0
26;2025-12-10;0;0
26;2025-12-10;1;0
26;2025-12-10;2;0
26;2025-12-10;3;0
26;2025-12-10;4;0
26;2025-12-10;5;0
26;2025-12-10;6;0
26;2025-12-10;7;0
26;2025-12-10;8;0
26;2025-12-10;9;0
26;2025-12-10;10;0
26;2025-12-10;11;0
26;2025-12-10;12;0
26;2025-12-10;13;0
26;2025-12-10;14;0
26;2025-12-10;15;0
26;2025-12-10;16;0
26;2025-12-10;17;0
26;2025-12-10;18;0
26;2025-12-10;19;0
26;2025-12-10;20;0
26;2025-12-10;21;0
26;2025-12-10;22;0
26;2025-12-10;23;0
26;2025-12-11;0;0
26;2025-12-11;1;0
26;2025-12-11;2;0
26;2025-12-11;3;0
26;2025-12-11;4;0
26;2025-12-11;5;0
26;2025-12-11;6;0
26;2025-12-11;7;0
26;2025-12-11;8;0
26;2025-12-11;9;0
26;2025-12-11;10;0
26;2025-12-11;11;0
26;2025-12-11;12;0
26;2025-12-11;13;0
26;2025-12-11;14;0
26;2025-12-11;15;0
26;2025-12-11;16;0
26;2025-12-11;17;0
26;2025-12-11;18;0
26;2025-12-11;19;0
26;2025-12-11;20;0
26;2025-12-11;21;0
26;2025-12-11;22;0
26;2025-12-11;23;0
26;2025-12-12;0;0
26;2025-12-12;1;0
26;2025-12-12;2;0
26;2025-12-12;3;0
26;2025-12-12;4;0
26;2025-12-12;5;0
26;2025-12-12;6;0
26;2025-12-12;7;0
26;2025-12-12;8;0
26;2025-12-12;9;0
26;2025-12-12;10;0
26;2025-12-12;11;0
26;2025-12-12;12;0
26;2025-12-12;13;0
26;2025-12-12;14;0
26;2025-12-12;15;0
26;2025-12-12;16;0
26;2025-12-12;17;0
26;2025-12-12;18;0
26;2025-12-12;19;0
26;2025-12-12;20;0
26;2025-12-12;21;0
26;2025-12-12;22;0
26;2025-12-12;23;0
26;2025-12-13;0;0
26;2025-12-13;1;0
26;2025-12-13;2;0
26;2025-12-13;3;0
26;2025-12-13;4;0
26;2025-12-13;5;0
26;2025-12-13;6;0
26;2025-12-13;7;0
26;2025-12-13;8;0
26;2025-12-13;9;0
26;2025-12-13;10;0
26;2025-12-13;11;0
26;2025-12-13;12;0
26;2025-12-13;13;0
26;2025-12-13;14;0
26;2025-12-13;15;0
26;2025-12-13;16;0
26;2025-12-13;17;0
26;2025-12-13;18;0
26;2025-12-13;19;0
26;2025-12-13;20;0
26;2025-12-13;21;0
26;2025-12-13;22;0
26;2025-12-13;23;0
26;2025-12-14;0;0
26;2025-12-14;1;0
26;2025-12-14;2;0
26;2025-12-14;3;0
26;2025-12-14;4;0
26;2025-12-14;5;0
26;2025-12-14;6;0
26;2025-12-14;7;0
26;2025-12-14;8;0
26;2025-12-14;9;0
26;2025-12-14;10;0
26;2025-12-14;11;0
26;2025-12-14;12;0
26;2025-12-14;13;0
26;2025-12-14;14;0
26;2025-12-14;15;0
26;2025-12-14;16;0
26;2025-12-14;17;0
26;2025-12-14;18;0
26;2025-12-14;19;0
26;2025-12-14;20;0
26;2025-12-14;21;0
26;2025-12-14;22;0
26;2025-12-14;23;0
26;2025-12-15;0;0
26;2025-12-15;1;0
26;2025-12-15;2;0
26;2025-12-15;3;0
26;2025-12-15;4;0
26;2025-12-15;5;0
26;2025-12-15;6;0
26;2025-12-15;7;0
26;2025-12-15;8;0
26;2025-12-15;9;0
26;2025-12-15;10;0
26;2025-12-15;11;0
26;2025-12-15;12;0
26;2025-12-15;13;0
26;2025-12-15;14;0
26;2025-12-15;15;0
26;2025-12-15;16;0
26;2025-12-15;17;0
26;2025-12-15;18;0
26;2025-12-15;19;0
26;2025-12-15;20;0
26;2025-12-15;21;0
26;2025-12-15;22;0
26;2025-12-15;23;0
26;2025-12-16;0;0
26;2025-12-16;1;0
26;2025-12-16;2;0
26;2025-12-16;3;0
26;2025-12-16;4;0
26;2025-12-16;5;0
26;2025-12-16;6;0
26;2025-12-16;7;0
26;2025-12-16;8;0
26;2025-12-16;9;0
26;2025-12-16;10;0
26;2025-12-16;11;0
26;2025-12-16;12;0
26;2025-12-16;13;0
26;2025-12-16;14;0
26;2025-12-16;15;0
26;2025-12-16;16;0
26;2025-12-16;17;0
26;2025-12-16;18;0
26;2025-12-16;19;0
26;2025-12-16;20;0
26;2025-12-16;21;0
26;2025-12-16;22;0
26;2025-12-16;23;0
26;2025-12-17;0;0
26;2025-12-17;1;0
26;2025-12-17;2;0
26;2025-12-17;3;0
26;2025-12-17;4;0
26;2025-12-17;5;0
26;2025-12-17;6;0
26;2025-12-17;7;0
26;2025-12-17;8;0
26;2025-12-17;9;0
26;2025-12-17;10;0
26;2025-12-17;11;0
26;2025-12-17;12;0
26;2025-12-17;13;0
26;2025-12-17;14;0
26;2025-12-17;15;0
26;2025-12-17;16;0
26;2025-12-17;17;0
26;2025-12-17;18;0
26;2025-12-17;19;0
26;2025-12-17;20;0
26;2025-12-17;21;0
26;2025-12-17;22;0
26;2025-12-17;23;0
26;2025-12-18;0;0
26;2025-12-18;1;0
26;2025-12-18;2;0
26;2025-12-18;3;0
26;2025-12-18;4;0
26;2025-12-18;5;0
26;2025-12-18;6;0
26;2025-12-18;7;0
26;2025-12-18;8;0
26;2025-12-18;9;0
26;2025-12-18;10;0
26;2025-12-18;11;0
26;2025-12-18;12;0
26;2025-12-18;13;0
26;2025-12-18;14;0
26;2025-12-18;15;0
26;2025-12-18;16;0
26;2025-12-18;17;0
26;2025-12-18;18;0
26;2025-12-18;19;0
26;2025-12-18;20;0
26;2025-12-18;21;0
26;2025-12-18;22;0
26;2025-12-18;23;0
26;2025-12-19;0;0
26;2025-12-19;1;0
26;2025-12-19;2;0
26;2025-12-19;3;0
26;2025-12-19;4;0
26;2025-12-19;5;0
26;2025-12-19;6;0
26;2025-12-19;7;0
26;2025-12-19;8;0
26;2025-12-19;9;0
26;2025-12-19;10;0
26;2025-12-19;11;0
26;2025-12-19;12;0
26;2025-12-19;13;0
26;2025-12-19;14;0
26;2025-12-19;15;0
26;2025-12-19;16;0
26;2025-12-19;17;0
26;2025-12-19;18;0
26;2025-12-19;19;0
26;2025-12-19;20;0
26;2025-12-19;21;0
26;2025-12-19;22;0
26;2025-12-19;23;0
26;2025-12-20;0;0
26;2025-12-20;1;0
26;2025-12-20;2;0
26;2025-12-20;3;0
26;2025-12-20;4;0
26;2025-12-20;5;0
26;2025-12-20;6;0
26;2025-12-20;7;0
26;2025-12-20;8;0
26;2025-12-20;9;0
26;2025-12-20;10;0
26;2025-12-20;11;0
26;2025-12-20;12;0
26;2025-12-20;13;0
26;2025-12-20;14;0
26;2025-12-20;15;0
26;2025-12-20;16;0
26;2025-12-20;17;0
26;2025-12-20;18;0
26;2025-12-20;19;0
26;2025-12-20;20;0
26;2025-12-20;21;0
26;2025-12-20;22;0
26;2025-12-20;23;0
26;2025-12-21;0;0
26;2025-12-21;1;0
26;2025-12-21;2;0
26;2025-12-21;3;0
26;2025-12-21;4;0
26;2025-12-21;5;0
26;2025-12-21;6;0
26;2025-12-21;7;0
26;2025-12-21;8;0
26;2025-12-21;9;0
26;2025-12-21;10;0
26;2025-12-21;11;0
26;2025-12-21;12;0
26;2025-12-21;13;0
26;2025-12-21;14;0
26;2025-12-21;15;0
26;2025-12-21;16;0
26;2025-12-21;17;0
26;2025-12-21;18;0
26;2025-12-21;19;0
26;2025-12-21;20;0
26;2025-12-21;21;0
26;2025-12-21;22;0
26;2025-12-21;23;0
26;2025-12-22;0;0
26;2025-12-22;1;0
26;2025-12-22;2;0
26;2025-12-22;3;0
26;2025-12-22;4;0
26;2025-12-22;5;0
26;2025-12-22;6;0
26;2025-12-22;7;0
26;2025-12-22;8;0
26;2025-12-22;9;0
26;2025-12-22;10;0
26;2025-12-22;11;0
26;2025-12-22;12;0
26;2025-12-22;13;0
26;2025-12-22;14;0
26;2025-12-22;15;0
26;2025-12-22;16;0
26;2025-12-22;17;0
26;2025-12-22;18;0
26;2025-12-22;19;0
26;2025-12-22;20;0
26;2025-12-22;21;0
26;2025-12-22;22;0
26;2025-12-22;23;0
26;2025-12-23;0;0
26;2025-12-23;1;0
26;2025-12-23;2;0
26;2025-12-23;3;0
26;2025-12-23;4;0
26;2025-12-23;5;0
26;2025-12-23;6;0
26;2025-12-23;7;0
26;2025-12-23;8;0
26;2025-12-23;9;0
26;2025-12-23;10;0
26;2025-12-23;11;0
26;2025-12-23;12;0
26;2025-12-23;13;0
26;2025-12-23;14;0
26;2025-12-23;15;0
26;2025-12-23;16;0
26;2025-12-23;17;0
26;2025-12-23;18;0
26;2025-12-23;19;0
26;2025-12-23;20;0
26;2025-12-23;21;0
26;2025-12-23;22;0
26;2025-12-23;23;0
26;2025-12-24;0;0
26;2025-12-24;1;0
26;2025-12-24;2;0
26;2025-12-24;3;0
26;2025-12-24;4;0
26;2025-12-24;5;0
26;2025-12-24;6;0
26;2025-12-24;7;0
26;2025-12-24;8;0
26;2025-12-24;9;0
26;2025-12-24;10;0
26;2025-12-24;11;0
26;2025-12-24;12;0
26;2025-12-24;13;0
26;2025-12-24;14;0
26;2025-12-24;15;0
26;2025-12-24;16;0
26;2025-12-24;17;0
26;2025-12-24;18;0
26;2025-12-24;19;0
26;2025-12-24;20;0
26;2025-12-24;21;0
26;2025-12-24;22;0
26;2025-12-24;23;0
26;2025-12-25;0;0
26;2025-12-25;1;0
26;2025-12-25;2;0
26;2025-12-25;3;0
26;2025-12-25;4;0
26;2025-12-25;5;0
26;2025-12-25;6;0
26;2025-12-25;7;0
26;2025-12-25;8;0
26;2025-12-25;9;0
26;2025-12-25;10;0
26;2025-12-25;11;0
26;2025-12-25;12;0
26;2025-12-25;13;0
26;2025-12-25;14;0
26;2025-12-25;15;0
26;2025-12-25;16;0
26;2025-12-25;17;0
26;2025-12-25;18;0
26;2025-12-25;19;0
26;2025-12-25;20;0
26;2025-12-25;21;0
26;2025-12-25;22;0
26;2025-12-25;23;0
26;2025-12-26;0;0
26;2025-12-26;1;0
26;2025-12-26;2;0
26;2025-12-26;3;0
26;2025-12-26;4;0
26;2025-12-26;5;0
26;2025-12-26;6;0
26;2025-12-26;7;0
26;2025-12-26;8;0
26;2025-12-26;9;0
26;2025-12-26;10;0
26;2025-12-26;11;0
26;2025-12-26;12;0
26;2025-12-26;13;0
26;2025-12-26;14;0
26;2025-12-26;15;0
26;2025-12-26;16;0
26;2025-12-26;17;0
26;2025-12-26;18;0
26;2025-12-26;19;0
26;2025-12-26;20;0
26;2025-12-26;21;0
26;2025-12-26;22;0
26;2025-12-26;23;0
26;2025-12-27;0;0
26;2025-12-27;1;0
26;2025-12-27;2;0
26;2025-12-27;3;0
26;2025-12-27;4;0
26;2025-12-27;5;0
26;2025-12-27;6;0
26;2025-12-27;7;0
26;2025-12-27;8;0
26;2025-12-27;9;0
26;2025-12-27;10;0
26;2025-12-27;11;0
26;2025-12-27;12;0
26;2025-12-27;13;0
26;2025-12-27;14;0
26;2025-12-27;15;0
26;2025-12-27;16;0
26;2025-12-27;17;0
26;2025-12-27;18;0
26;2025-12-27;19;0
26;2025-12-27;20;0
26;2025-12-27;21;0
26;2025-12-27;22;0
26;2025-12-27;23;0
26;2025-12-28;0;0
26;2025-12-28;1;0
26;2025-12-28;2;0
26;2025-12-28;3;0
26;2025-12-28;4;0
26;2025-12-28;5;0
26;2025-12-28;6;0
26;2025-12-28;7;0
26;2025-12-28;8;0
26;2025-12-28;9;0
26;2025-12-28;10;0
26;2025-12-28;11;0
26;2025-12-28;12;0
26;2025-12-28;13;0
26;2025-12-28;14;0
26;2025-12-28;15;0
26;2025-12-28;16;0
26;2025-12-28;17;0
26;2025-12-28;18;0
26;2025-12-28;19;0
26;2025-12-28;20;0
26;2025-12-28;21;0
26;2025-12-28;22;0
26;2025-12-28;23;0
26;2025-12-29;0;0
26;2025-12-29;1;0
26;2025-12-29;2;0
26;2025-12-29;3;0
26;2025-12-29;4;0
26;2025-12-29;5;0
26;2025-12-29;6;0
26;2025-12-29;7;0
26;2025-12-29;8;0
26;2025-12-29;9;0
26;2025-12-29;10;0
26;2025-12-29;11;0
26;2025-12-29;12;0
26;2025-12-29;13;0
26;2025-12-29;14;0
26;2025-12-29;15;0
26;2025-12-29;16;0
26;2025-12-29;17;0
26;2025-12-29;18;0
26;2025-12-29;19;0
26;2025-12-29;20;0
26;2025-12-29;21;0
26;2025-12-29;22;0
26;2025-12-29;23;0
26;2025-12-30;0;0
26;2025-12-30;1;0
26;2025-12-30;2;0
26;2025-12-30;3;0
26;2025-12-30;4;0
26;2025-12-30;5;0
26;2025-12-30;6;0
26;2025-12-30;7;0
26;2025-12-30;8;0
26;2025-12-30;9;0
26;2025-12-30;10;0
26;2025-12-30;11;0
26;2025-12-30;12;0
26;2025-12-30;13;0
26;2025-12-30;14;0
26;2025-12-30;15;0
26;2025-12-30;16;0
26;2025-12-30;17;0
26;2025-12-30;18;0
26;2025-12-30;19;0
26;2025-12-30;20;0
26;2025-12-30;21;0
26;2025-12-30;22;0
26;2025-12-30;23;0
26;2025-12-31;0;0
26;2025-12-31;1;0
26;2025-12-31;2;0
26;2025-12-31;3;0
26;2025-12-31;4;0
26;2025-12-31;5;0
26;2025-12-31;6;0
26;2025-12-31;7;0
26;2025-12-31;8;0
26;2025-12-31;9;0
26;2025-12-31;10;0
26;2025-12-31;11;0
26;2025-12-31;12;0
26;2025-12-31;13;0
26;2025-12-31;14;0
26;2025-12-31;15;0
26;2025-12-31;16;0
26;2025-12-31;17;0
26;2025-12-31;18;0
26;2025-12-31;19;0
26;2025-12-31;20;0
26;2025-12-31;21;0
26;2025-12-31;22;0
26;2025-12-31;23;0
28;2025-11-01;0;0
28;2025-11-01;1;0
28;2025-11-01;2;0
28;2025-11-01;3;0
28;2025-11-01;4;0
28;2025-11-01;5;0
28;2025-11-01;6;0
28;2025-11-01;7;0
28;2025-11-01;8;0
28;2025-11-01;9;0
28;2025-11-01;10;0
28;2025-11-01;11;0
28;2025-11-01;12;0
28;2025-11-01;13;0
28;2025-11-01;14;0
28;2025-11-01;15;0
28;2025-11-01;16;0
28;2025-11-01;17;0
28;2025-11-01;18;0
28;2025-11-01;19;0
28;2025-11-01;20;0
28;2025-11-01;21;0
28;2025-11-01;22;0
28;2025-11-01;23;0
28;2025-11-02;0;0
28;2025-11-02;1;0
28;2025-11-02;2;0
28;2025-11-02;3;0
28;2025-11-02;4;0
28;2025-11-02;5;0
28;2025-11-02;6;0
28;2025-11-02;7;0
28;2025-11-02;8;0
28;2025-11-02;9;0
28;2025-11-02;10;0
28;2025-11-02;11;0
28;2025-11-02;12;0
28;2025-11-02;13;0
28;2025-11-02;14;0
28;2025-11-02;15;0
28;2025-11-02;16;0
28;2025-11-02;17;0
28;2025-11-02;18;0
28;2025-11-02;19;0
28;2025-11-02;20;0
28;2025-11-02;21;0
28;2025-11-02;22;0
28;2025-11-02;23;0
28;2025-11-03;0;0
28;2025-11-03;1;0
28;2025-11-03;2;0
28;2025-11-03;3;0
28;2025-11-03;4;0
28;2025-11-03;5;0
28;2025-11-03;6;0
28;2025-11-03;7;0
28;2025-11-03;8;0
28;2025-11-03;9;0
28;2025-11-03;10;0
28;2025-11-03;11;0
28;2025-11-03;12;0
28;2025-11-03;13;0
28;2025-11-03;14;0
28;2025-11-03;15;0
28;2025-11-03;16;0
28;2025-11-03;17;0
28;2025-11-03;18;0
28;2025-11-03;19;0
28;2025-11-03;20;0
28;2025-11-03;21;0
28;2025-11-03;22;0
28;2025-11-03;23;0
28;2025-11-04;0;0
28;2025-11-04;1;0
28;2025-11-04;2;0
28;2025-11-04;3;0
28;2025-11-04;4;0
28;2025-11-04;5;0
28;2025-11-04;6;0
28;2025-11-04;7;0
28;2025-11-04;8;0
28;2025-11-04;9;0
28;2025-11-04;10;0
28;2025-11-04;11;0
28;2025-11-04;12;0
28;2025-11-04;13;0
28;2025-11-04;14;0
28;2025-11-04;15;0
28;2025-11-04;16;0
28;2025-11-04;17;0
28;2025-11-04;18;0
28;2025-11-04;19;0
28;2025-11-04;20;0
28;2025-11-04;21;0
28;2025-11-04;22;0
28;2025-11-04;23;0
28;2025-11-05;0;0
28;2025-11-05;1;0
28;2025-11-05;2;0
28;2025-11-05;3;0
28;2025-11-05;4;0
28;2025-11-05;5;0
28;2025-11-05;6;0
28;2025-11-05;7;0
28;2025-11-05;8;0
28;2025-11-05;9;0
28;2025-11-05;10;0
28;2025-11-05;11;0
28;2025-11-05;12;0
28;2025-11-05;13;0
28;2025-11-05;14;0
28;2025-11-05;15;0
28;2025-11-05;16;0
28;2025-11-05;17;0
28;2025-11-05;18;0
28;2025-11-05;19;0
28;2025-11-05;20;0
28;2025-11-05;21;0
28;2025-11-05;22;0
28;2025-11-05;23;0
28;2025-11-06;0;0
28;2025-11-06;1;0
28;2025-11-06;2;0
28;2025-11-06;3;0
28;2025-11-06;4;0
28;2025-11-06;5;0
28;2025-11-06;6;0
28;2025-11-06;7;0
28;2025-11-06;8;0
28;2025-11-06;9;0
28;2025-11-06;10;0
28;2025-11-06;11;0
28;2025-11-06;12;0
28;2025-11-06;13;0
28;2025-11-06;14;0
28;2025-11-06;15;0
28;2025-11-06;16;0
28;2025-11-06;17;0
28;2025-11-06;18;0
28;2025-11-06;19;0
28;2025-11-06;20;0
28;2025-11-06;21;0
28;2025-11-06;22;0
28;2025-11-06;23;0
28;2025-11-07;0;0
28;2025-11-07;1;0
28;2025-11-07;2;0
28;2025-11-07;3;0
28;2025-11-07;4;0
28;2025-11-07;5;0
28;2025-11-07;6;0
28;2025-11-07;7;0
28;2025-11-07;8;0
28;2025-11-07;9;0
28;2025-11-07;10;0
28;2025-11-07;11;0
28;2025-11-07;12;0
28;2025-11-07;13;0
28;2025-11-07;14;0
28;2025-11-07;15;0
28;2025-11-07;16;0
28;2025-11-07;17;0
28;2025-11-07;18;0
28;2025-11-07;19;0
28;2025-11-07;20;0
28;2025-11-07;21;0
28;2025-11-07;22;0
28;2025-11-07;23;0
28;2025-11-08;0;0
28;2025-11-08;1;0
28;2025-11-08;2;0
28;2025-11-08;3;0
28;2025-11-08;4;0
28;2025-11-08;5;0
28;2025-11-08;6;0
28;2025-11-08;7;0
28;2025-11-08;8;0
28;2025-11-08;9;0
28;2025-11-08;10;0
28;2025-11-08;11;0
28;2025-11-08;12;0
28;2025-11-08;13;0
28;2025-11-08;14;0
28;2025-11-08;15;0
28;2025-11-08;16;0
28;2025-11-08;17;0
28;2025-11-08;18;0
28;2025-11-08;19;0
28;2025-11-08;20;0
28;2025-11-08;21;0
28;2025-11-08;22;0
28;2025-11-08;23;0
28;2025-11-09;0;0
28;2025-11-09;1;0
28;2025-11-09;2;0
28;2025-11-09;3;0
28;2025-11-09;4;0
28;2025-11-09;5;0
28;2025-11-09;6;0
28;2025-11-09;7;0
28;2025-11-09;8;0
28;2025-11-09;9;0
28;2025-11-09;10;0
28;2025-11-09;11;0
28;2025-11-09;12;0
28;2025-11-09;13;0
28;2025-11-09;14;0
28;2025-11-09;15;0
28;2025-11-09;16;0
28;2025-11-09;17;0
28;2025-11-09;18;0
28;2025-11-09;19;0
28;2025-11-09;20;0
28;2025-11-09;21;0
28;2025-11-09;22;0
28;2025-11-09;23;0
28;2025-11-10;0;0
28;2025-11-10;1;0
28;2025-11-10;2;0
28;2025-11-10;3;0
28;2025-11-10;4;0
28;2025-11-10;5;0
28;2025-11-10;6;0
28;2025-11-10;7;0
28;2025-11-10;8;0
28;2025-11-10;9;0
28;2025-11-10;10;0
28;2025-11-10;11;0
28;2025-11-10;12;0
28;2025-11-10;13;0
28;2025-11-10;14;0
28;2025-11-10;15;0
28;2025-11-10;16;0
28;2025-11-10;17;0
28;2025-11-10;18;0
28;2025-11-10;19;0
28;2025-11-10;20;0
28;2025-11-10;21;0
28;2025-11-10;22;0
28;2025-11-10;23;0
28;2025-11-11;0;0
28;2025-11-11;1;0
28;2025-11-11;2;0
28;2025-11-11;3;0
28;2025-11-11;4;0
28;2025-11-11;5;0
28;2025-11-11;6;0
28;2025-11-11;7;0
28;2025-11-11;8;0
28;2025-11-11;9;0
28;2025-11-11;10;0
28;2025-11-11;11;0
28;2025-11-11;12;0
28;2025-11-11;13;0
28;2025-11-11;14;0
28;2025-11-11;15;0
28;2025-11-11;16;0
28;2025-11-11;17;0
28;2025-11-11;18;0
28;2025-11-11;19;0
28;2025-11-11;20;0
28;2025-11-11;21;0
28;2025-11-11;22;0
28;2025-11-11;23;0
28;2025-11-12;0;0
28;2025-11-12;1;0
28;2025-11-12;2;0
28;2025-11-12;3;0
28;2025-11-12;4;0
28;2025-11-12;5;0
28;2025-11-12;6;0
28;2025-11-12;7;0
28;2025-11-12;8;0
28;2025-11-12;9;0
28;2025-11-12;10;0
28;2025-11-12;11;0
28;2025-11-12;12;0
28;2025-11-12;13;0
28;2025-11-12;14;0
28;2025-11-12;15;0
28;2025-11-12;16;0
28;2025-11-12;17;0
28;2025-11-12;18;0
28;2025-11-12;19;0
28;2025-11-12;20;0
28;2025-11-12;21;0
28;2025-11-12;22;0
28;2025-11-12;23;0
28;2025-11-13;0;0
28;2025-11-13;1;0
28;2025-11-13;2;0
28;2025-11-13;3;0
28;2025-11-13;4;0
28;2025-11-13;5;0
28;2025-11-13;6;0
28;2025-11-13;7;0
28;2025-11-13;8;0
28;2025-11-13;9;0
28;2025-11-13;10;0
28;2025-11-13;11;0
28;2025-11-13;12;0
28;2025-11-13;13;0
28;2025-11-13;14;0
28;2025-11-13;15;0
28;2025-11-13;16;0
28;2025-11-13;17;0
28;2025-11-13;18;0
28;2025-11-13;19;0
28;2025-11-13;20;0
28;2025-11-13;21;0
28;2025-11-13;22;0
28;2025-11-13;23;0
28;2025-11-14;0;0
28;2025-11-14;1;0
28;2025-11-14;2;0
28;2025-11-14;3;0
28;2025-11-14;4;0
28;2025-11-14;5;0
28;2025-11-14;6;0
28;2025-11-14;7;0
28;2025-11-14;8;0
28;2025-11-14;9;0
28;2025-11-14;10;0
28;2025-11-14;11;0
28;2025-11-14;12;0
28;2025-11-14;13;0
28;2025-11-14;14;0
28;2025-11-14;15;0
28;2025-11-14;16;0
28;2025-11-14;17;0
28;2025-11-14;18;0
28;2025-11-14;19;0
28;2025-11-14;20;0
28;2025-11-14;21;0
28;2025-11-14;22;0
28;2025-11-14;23;0
28;2025-11-15;0;0
28;2025-11-15;1;0
28;2025-11-15;2;0
28;2025-11-15;3;0
28;2025-11-15;4;0
28;2025-11-15;5;0
28;2025-11-15;6;0
28;2025-11-15;7;0
28;2025-11-15;8;0
28;2025-11-15;9;0
28;2025-11-15;10;0
28;2025-11-15;11;0
28;2025-11-15;12;0
28;2025-11-15;13;0
28;2025-11-15;14;0
28;2025-11-15;15;0
28;2025-11-15;16;0
28;2025-11-15;17;0
28;2025-11-15;18;0
28;2025-11-15;19;0
28;2025-11-15;20;0
28;2025-11-15;21;0
28;2025-11-15;22;0
28;2025-11-15;23;0
28;2025-11-16;0;0
28;2025-11-16;1;0
28;2025-11-16;2;0
28;2025-11-16;3;0
28;2025-11-16;4;0
28;2025-11-16;5;0
28;2025-11-16;6;0
28;2025-11-16;7;0
28;2025-11-16;8;0
28;2025-11-16;9;0
28;2025-11-16;10;0
28;2025-11-16;11;0
28;2025-11-16;12;0
28;2025-11-16;13;0
28;2025-11-16;14;0
28;2025-11-16;15;0
28;2025-11-16;16;0
28;2025-11-16;17;0
28;2025-11-16;18;0
28;2025-11-16;19;0
28;2025-11-16;20;0
28;2025-11-16;21;0
28;2025-11-16;22;0
28;2025-11-16;23;0
28;2025-11-17;0;0
28;2025-11-17;1;0
28;2025-11-17;2;0
28;2025-11-17;3;0
28;2025-11-17;4;0
28;2025-11-17;5;0
28;2025-11-17;6;0
28;2025-11-17;7;0
28;2025-11-17;8;0
28;2025-11-17;9;0
28;2025-11-17;10;0
28;2025-11-17;11;0
28;2025-11-17;12;0
28;2025-11-17;13;0
28;2025-11-17;14;0
28;2025-11-17;15;0
28;2025-11-17;16;0
28;2025-11-17;17;0
28;2025-11-17;18;0
28;2025-11-17;19;0
28;2025-11-17;20;0
28;2025-11-17;21;0
28;2025-11-17;22;0
28;2025-11-17;23;0
28;2025-11-18;0;0
28;2025-11-18;1;0
28;2025-11-18;2;0
28;2025-11-18;3;0
28;2025-11-18;4;0
28;2025-11-18;5;0
28;2025-11-18;6;0
28;2025-11-18;7;0
28;2025-11-18;8;0
28;2025-11-18;9;0
28;2025-11-18;10;0
28;2025-11-18;11;0
28;2025-11-18;12;0
28;2025-11-18;13;0
28;2025-11-18;14;0
28;2025-11-18;15;0
28;2025-11-18;16;0
28;2025-11-18;17;0
28;2025-11-18;18;0
28;2025-11-18;19;0
28;2025-11-18;20;0
28;2025-11-18;21;0
28;2025-11-18;22;0
28;2025-11-18;23;0
28;2025-11-19;0;0
28;2025-11-19;1;0
28;2025-11-19;2;0
28;2025-11-19;3;0
28;2025-11-19;4;0
28;2025-11-19;5;0
28;2025-11-19;6;0
28;2025-11-19;7;0
28;2025-11-19;8;0
28;2025-11-19;9;0
28;2025-11-19;10;0
28;2025-11-19;11;0
28;2025-11-19;12;0
28;2025-11-19;13;0
28;2025-11-19;14;0
28;2025-11-19;15;0
28;2025-11-19;16;0
28;2025-11-19;17;0
28;2025-11-19;18;0
28;2025-11-19;19;0
28;2025-11-19;20;0
28;2025-11-19;21;0
28;2025-11-19;22;0
28;2025-11-19;23;0
28;2025-11-20;0;0
28;2025-11-20;1;0
28;2025-11-20;2;0
28;2025-11-20;3;0
28;2025-11-20;4;0
28;2025-11-20;5;0
28;2025-11-20;6;0
28;2025-11-20;7;0
28;2025-11-20;8;0
28;2025-11-20;9;0
28;2025-11-20;10;0
28;2025-11-20;11;0
28;2025-11-20;12;0
28;2025-11-20;13;0
28;2025-11-20;14;0
28;2025-11-20;15;0
28;2025-11-20;16;0
28;2025-11-20;17;0
28;2025-11-20;18;0
28;2025-11-20;19;0
28;2025-11-20;20;0
28;2025-11-20;21;0
28;2025-11-20;22;0
28;2025-11-20;23;0
28;2025-11-21;0;0
28;2025-11-21;1;0
28;2025-11-21;2;0
28;2025-11-21;3;0
28;2025-11-21;4;0
28;2025-11-21;5;0
28;2025-11-21;6;0
28;2025-11-21;7;0
28;2025-11-21;8;0
28;2025-11-21;9;0
28;2025-11-21;10;0
28;2025-11-21;11;0
28;2025-11-21;12;0
28;2025-11-21;13;0
28;2025-11-21;14;0
28;2025-11-21;15;0
28;2025-11-21;16;0
28;2025-11-21;17;0
28;2025-11-21;18;0
28;2025-11-21;19;0
28;2025-11-21;20;0
28;2025-11-21;21;0
28;2025-11-21;22;0
28;2025-11-21;23;0
28;2025-11-22;0;0
28;2025-11-22;1;0
28;2025-11-22;2;0
28;2025-11-22;3;0
28;2025-11-22;4;0
28;2025-11-22;5;0
28;2025-11-22;6;0
28;2025-11-22;7;0
28;2025-11-22;8;0
28;2025-11-22;9;0
28;2025-11-22;10;0
28;2025-11-22;11;0
28;2025-11-22;12;0
28;2025-11-22;13;0
28;2025-11-22;14;0
28;2025-11-22;15;0
28;2025-11-22;16;0
28;2025-11-22;17;0
28;2025-11-22;18;0
28;2025-11-22;19;0
28;2025-11-22;20;0
28;2025-11-22;21;0
28;2025-11-22;22;0
28;2025-11-22;23;0
28;2025-11-23;0;0
28;2025-11-23;1;0
28;2025-11-23;2;0
28;2025-11-23;3;0
28;2025-11-23;4;0
28;2025-11-23;5;0
28;2025-11-23;6;0
28;2025-11-23;7;0
28;2025-11-23;8;0
28;2025-11-23;9;0
28;2025-11-23;10;0
28;2025-11-23;11;0
28;2025-11-23;12;0
28;2025-11-23;13;0
28;2025-11-23;14;0
28;2025-11-23;15;0
28;2025-11-23;16;0
28;2025-11-23;17;0
28;2025-11-23;18;0
28;2025-11-23;19;0
28;2025-11-23;20;0
28;2025-11-23;21;0
28;2025-11-23;22;0
28;2025-11-23;23;0
28;2025-11-24;0;0
28;2025-11-24;1;0
28;2025-11-24;2;0
28;2025-11-24;3;0
28;2025-11-24;4;0
28;2025-11-24;5;0
28;2025-11-24;6;0
28;2025-11-24;7;0
28;2025-11-24;8;0
28;2025-11-24;9;0
28;2025-11-24;10;0
28;2025-11-24;11;0
28;2025-11-24;12;0
28;2025-11-24;13;0
28;2025-11-24;14;0
28;2025-11-24;15;0
28;2025-11-24;16;0
28;2025-11-24;17;0
28;2025-11-24;18;0
28;2025-11-24;19;0
28;2025-11-24;20;0
28;2025-11-24;21;0
28;2025-11-24;22;0
28;2025-11-24;23;0
28;2025-11-25;0;0
28;2025-11-25;1;0
28;2025-11-25;2;0
28;2025-11-25;3;0
28;2025-11-25;4;0
28;2025-11-25;5;0
28;2025-11-25;6;0
28;2025-11-25;7;0
28;2025-11-25;8;0
28;2025-11-25;9;0
28;2025-11-25;10;0
28;2025-11-25;11;0
28;2025-11-25;12;0
28;2025-11-25;13;0
28;2025-11-25;14;0
28;2025-11-25;15;0
28;2025-11-25;16;0
28;2025-11-25;17;0
28;2025-11-25;18;0
28;2025-11-25;19;0
28;2025-11-25;20;0
28;2025-11-25;21;0
28;2025-11-25;22;0
28;2025-11-25;23;0
28;2025-11-26;0;0
28;2025-11-26;1;0
28;2025-11-26;2;0
28;2025-11-26;3;0
28;2025-11-26;4;0
28;2025-11-26;5;0
28;2025-11-26;6;0
28;2025-11-26;7;0
28;2025-11-26;8;0
28;2025-11-26;9;0
28;2025-11-26;10;0
28;2025-11-26;11;0
28;2025-11-26;12;0
28;2025-11-26;13;0
28;2025-11-26;14;0
28;2025-11-26;15;0
28;2025-11-26;16;0
28;2025-11-26;17;0
28;2025-11-26;18;0
28;2025-11-26;19;0
28;2025-11-26;20;0
28;2025-11-26;21;0
28;2025-11-26;22;0
28;2025-11-26;23;0
28;2025-11-27;0;0
28;2025-11-27;1;0
28;2025-11-27;2;0
28;2025-11-27;3;0
28;2025-11-27;4;0
28;2025-11-27;5;0
28;2025-11-27;6;0
28;2025-11-27;7;0
28;2025-11-27;8;0
28;2025-11-27;9;0
28;2025-11-27;10;0
28;2025-11-27;11;0
28;2025-11-27;12;0
28;2025-11-27;13;0
28;2025-11-27;14;0
28;2025-11-27;15;0
28;2025-11-27;16;0
28;2025-11-27;17;0
28;2025-11-27;18;0
28;2025-11-27;19;0
28;2025-11-27;20;0
28;2025-11-27;21;0
28;2025-11-27;22;0
28;2025-11-27;23;0
28;2025-11-28;0;0
28;2025-11-28;1;0
28;2025-11-28;2;0
28;2025-11-28;3;0
28;2025-11-28;4;0
28;2025-11-28;5;0
28;2025-11-28;6;0
28;2025-11-28;7;0
28;2025-11-28;8;0
28;2025-11-28;9;0
28;2025-11-28;10;0
28;2025-11-28;11;0
28;2025-11-28;12;0
28;2025-11-28;13;0
28;2025-11-28;14;0
28;2025-11-28;15;0
28;2025-11-28;16;0
28;2025-11-28;17;0
28;2025-11-28;18;0
28;2025-11-28;19;0
28;2025-11-28;20;0
28;2025-11-28;21;0
28;2025-11-28;22;0
28;2025-11-28;23;0
28;2025-11-29;0;0
28;2025-11-29;1;0
28;2025-11-29;2;0
28;2025-11-29;3;0
28;2025-11-29;4;0
28;2025-11-29;5;0
28;2025-11-29;6;0
28;2025-11-29;7;0
28;2025-11-29;8;0
28;2025-11-29;9;0
28;2025-11-29;10;0
28;2025-11-29;11;0
28;2025-11-29;12;0
28;2025-11-29;13;0
28;2025-11-29;14;0
28;2025-11-29;15;0
28;2025-11-29;16;0
28;2025-11-29;17;0
28;2025-11-29;18;0
28;2025-11-29;19;0
28;2025-11-29;20;0
28;2025-11-29;21;0
28;2025-11-29;22;0
28;2025-11-29;23;0
28;2025-11-30;0;0
28;2025-11-30;1;0
28;2025-11-30;2;0
28;2025-11-30;3;0
28;2025-11-30;4;0
28;2025-11-30;5;0
28;2025-11-30;6;0
28;2025-11-30;7;0
28;2025-11-30;8;0
28;2025-11-30;9;0
28;2025-11-30;10;0
28;2025-11-30;11;0
28;2025-11-30;12;0
28;2025-11-30;13;0
28;2025-11-30;14;0
28;2025-11-30;15;0
28;2025-11-30;16;0
28;2025-11-30;17;0
28;2025-11-30;18;0
28;2025-11-30;19;0
28;2025-11-30;20;0
28;2025-11-30;21;0
28;2025-11-30;22;0
28;2025-11-30;23;0
28;2025-12-01;0;15
28;2025-12-01;1;15
28;2025-12-01;2;15
28;2025-12-01;3;15
28;2025-12-01;4;19
28;2025-12-01;5;173
28;2025-12-01;6;539
28;2025-12-01;7;1663
28;2025-12-01;8;2645
28;2025-12-01;9;1761
28;2025-12-01;10;1317
28;2025-12-01;11;1169
28;2025-12-01;12;1481
28;2025-12-01;13;1453
28;2025-12-01;14;1383
28;2025-12-01;15;1405
28;2025-12-01;16;1831
28;2025-12-01;17;2153
28;2025-12-01;18;2029
28;2025-12-01;19;1479
28;2025-12-01;20;1003
28;2025-12-01;21;649
28;2025-12-01;22;237
28;2025-12-01;23;39
28;2025-12-02;0;15
28;2025-12-02;1;15
28;2025-12-02;2;15
28;2025-12-02;3;15
28;2025-12-02;4;17
28;2025-12-02;5;167
28;2025-12-02;6;537
28;2025-12-02;7;1695
28;2025-12-02;8;2675
28;2025-12-02;9;1767
28;2025-12-02;10;1353
28;2025-12-02;11;1201
28;2025-12-02;12;1499
28;2025-12-02;13;1487
28;2025-12-02;14;1421
28;2025-12-02;15;1453
28;2025-12-02;16;1815
28;2025-12-02;17;2173
28;2025-12-02;18;2059
28;2025-12-02;19;1499
28;2025-12-02;20;1023
28;2025-12-02;21;673
28;2025-12-02;22;265
28;2025-12-02;23;43
28;2025-12-03;0;15
28;2025-12-03;1;15
28;2025-12-03;2;15
28;2025-12-03;3;15
28;2025-12-03;4;17
28;2025-12-03;5;177
28;2025-12-03;6;545
28;2025-12-03;7;1659
28;2025-12-03;8;2641
28;2025-12-03;9;1767
28;2025-12-03;10;1323
28;2025-12-03;11;1199
28;2025-12-03;12;1517
28;2025-12-03;13;1509
28;2025-12-03;14;1413
28;2025-12-03;15;1455
28;2025-12-03;16;1873
28;2025-12-03;17;2173
28;2025-12-03;18;2071
28;2025-12-03;19;1513
28;2025-12-03;20;1037
28;2025-12-03;21;671
28;2025-12-03;22;263
28;2025-12-03;23;45
28;2025-12-04;0;15
28;2025-12-04;1;15
28;2025-12-04;2;15
28;2025-12-04;3;15
28;2025-12-04;4;17
28;2025-12-04;5;175
28;2025-12-04;6;551
28;2025-12-04;7;1699
28;2025-12-04;8;2667
28;2025-12-04;9;1783
28;2025-12-04;10;1335
28;2025-12-04;11;1191
28;2025-12-04;12;1505
28;2025-12-04;13;1495
28;2025-12-04;14;1419
28;2025-12-04;15;1471
28;2025-12-04;16;1857
28;2025-12-04;17;2195
28;2025-12-04;18;2103
28;2025-12-04;19;1475
28;2025-12-04;20;1051
28;2025-12-04;21;685
28;2025-12-04;22;267
28;2025-12-04;23;41
28;2025-12-05;0;15
28;2025-12-05;1;15
28;2025-12-05;2;15
28;2025-12-05;3;15
28;2025-12-05;4;17
28;2025-12-05;5;173
28;2025-12-05;6;545
28;2025-12-05;7;1667
28;2025-12-05;8;2621
28;2025-12-05;9;1743
28;2025-12-05;10;1323
28;2025-12-05;11;1197
28;2025-12-05;12;1511
28;2025-12-05;13;1491
28;2025-12-05;14;1441
28;2025-12-05;15;1499
28;2025-12-05;16;1885
28;2025-12-05;17;2105
28;2025-12-05;18;1883
28;2025-12-05;19;1411
28;2025-12-05;20;985
28;2025-12-05;21;685
28;2025-12-05;22;263
28;2025-12-05;23;49
28;2025-12-06;0;25
28;2025-12-06;1;15
28;2025-12-06;2;15
28;2025-12-06;3;15
28;2025-12-06;4;17
28;2025-12-06;5;89
28;2025-12-06;6;219
28;2025-12-06;7;483
28;2025-12-06;8;843
28;2025-12-06;9;971
28;2025-12-06;10;1021
28;2025-12-06;11;1033
28;2025-12-06;12;1219
28;2025-12-06;13;1239
28;2025-12-06;14;1151
28;2025-12-06;15;1221
28;2025-12-06;16;1179
28;2025-12-06;17;1189
28;2025-12-06;18;1033
28;2025-12-06;19;817
28;2025-12-06;20;621
28;2025-12-06;21;549
28;2025-12-06;22;257
28;2025-12-06;23;51
28;2025-12-07;0;15
28;2025-12-07;1;15
28;2025-12-07;2;15
28;2025-12-07;3;15
28;2025-12-07;4;15
28;2025-12-07;5;71
28;2025-12-07;6;161
28;2025-12-07;7;333
28;2025-12-07;8;543
28;2025-12-07;9;691
28;2025-12-07;10;799
28;2025-12-07;11;889
28;2025-12-07;12;937
28;2025-12-07;13;1083
28;2025-12-07;14;1067
28;2025-12-07;15;1051
28;2025-12-07;16;981
28;2025-12-07;17;1023
28;2025-12-07;18;901
28;2025-12-07;19;759
28;2025-12-07;20;593
28;2025-12-07;21;501
28;2025-12-07;22;229
28;2025-12-07;23;37
28;2025-12-08;0;15
28;2025-12-08;1;15
28;2025-12-08;2;15
28;2025-12-08;3;15
28;2025-12-08;4;17
28;2025-12-08;5;173
28;2025-12-08;6;541
28;2025-12-08;7;1663
28;2025-12-08;8;2639
28;2025-12-08;9;1765
28;2025-12-08;10;1321
28;2025-12-08;11;1171
28;2025-12-08;12;1477
28;2025-12-08;13;1453
28;2025-12-08;14;1381
28;2025-12-08;15;1405
28;2025-12-08;16;1823
28;2025-12-08;17;2151
28;2025-12-08;18;2027
28;2025-12-08;19;1483
28;2025-12-08;20;1003
28;2025-12-08;21;651
28;2025-12-08;22;241
28;2025-12-08;23;39
28;2025-12-09;0;15
28;2025-12-09;1;15
28;2025-12-09;2;15
28;2025-12-09;3;15
28;2025-12-09;4;17
28;2025-12-09;5;169
28;2025-12-09;6;535
28;2025-12-09;7;1687
28;2025-12-09;8;2655
28;2025-12-09;9;1763
28;2025-12-09;10;1351
28;2025-12-09;11;1193
28;2025-12-09;12;1489
28;2025-12-09;13;1481
28;2025-12-09;14;1415
28;2025-12-09;15;1443
28;2025-12-09;16;1805
28;2025-12-09;17;2161
28;2025-12-09;18;2045
28;2025-12-09;19;1493
28;2025-12-09;20;1019
28;2025-12-09;21;671
28;2025-12-09;22;265
28;2025-12-09;23;45
28;2025-12-10;0;15
28;2025-12-10;1;15
28;2025-12-10;2;15
28;2025-12-10;3;15
28;2025-12-10;4;17
28;2025-12-10;5;171
28;2025-12-10;6;539
28;2025-12-10;7;1641
28;2025-12-10;8;2605
28;2025-12-10;9;1753
28;2025-12-10;10;1313
28;2025-12-10;11;1187
28;2025-12-10;12;1499
28;2025-12-10;13;1495
28;2025-12-10;14;1397
28;2025-12-10;15;1435
28;2025-12-10;16;1849
28;2025-12-10;17;2143
28;2025-12-10;18;2045
28;2025-12-10;19;1499
28;2025-12-10;20;1027
28;2025-12-10;21;667
28;2025-12-10;22;267
28;2025-12-10;23;45
28;2025-12-11;0;15
28;2025-12-11;1;15
28;2025-12-11;2;15
28;2025-12-11;3;15
28;2025-12-11;4;17
28;2025-12-11;5;173
28;2025-12-11;6;541
28;2025-12-11;7;1663
28;2025-12-11;8;2599
28;2025-12-11;9;1751
28;2025-12-11;10;1311
28;2025-12-11;11;1169
28;2025-12-11;12;1469
28;2025-12-11;13;1461
28;2025-12-11;14;1387
28;2025-12-11;15;1441
28;2025-12-11;16;1813
28;2025-12-11;17;2149
28;2025-12-11;18;2055
28;2025-12-11;19;1477
28;2025-12-11;20;1031
28;2025-12-11;21;669
28;2025-12-11;22;267
28;2025-12-11;23;39
28;2025-12-12;0;15
28;2025-12-12;1;15
28;2025-12-12;2;15
28;2025-12-12;3;15
28;2025-12-12;4;19
28;2025-12-12;5;175
28;2025-12-12;6;539
28;2025-12-12;7;1631
28;2025-12-12;8;2555
28;2025-12-12;9;1713
28;2025-12-12;10;1305
28;2025-12-12;11;1175
28;2025-12-12;12;1477
28;2025-12-12;13;1455
28;2025-12-12;14;1407
28;2025-12-12;15;1457
28;2025-12-12;16;1831
28;2025-12-12;17;2047
28;2025-12-12;18;1831
28;2025-12-12;19;1377
28;2025-12-12;20;963
28;2025-12-12;21;671
28;2025-12-12;22;263
28;2025-12-12;23;49
28;2025-12-13;0;21
28;2025-12-13;1;15
28;2025-12-13;2;15
28;2025-12-13;3;15
28;2025-12-13;4;17
28;2025-12-13;5;87
28;2025-12-13;6;213
28;2025-12-13;7;475
28;2025-12-13;8;829
28;2025-12-13;9;961
28;2025-12-13;10;1019
28;2025-12-13;11;1023
28;2025-12-13;12;1213
28;2025-12-13;13;1233
28;2025-12-13;14;1141
28;2025-12-13;15;1209
28;2025-12-13;16;1171
28;2025-12-13;17;1183
28;2025-12-13;18;1027
28;2025-12-13;19;809
28;2025-12-13;20;611
28;2025-12-13;21;545
28;2025-12-13;22;259
28;2025-12-13;23;53
28;2025-12-14;0;15
28;2025-12-14;1;15
28;2025-12-14;2;15
28;2025-12-14;3;15
28;2025-12-14;4;15
28;2025-12-14;5;71
28;2025-12-14;6;163
28;2025-12-14;7;329
28;2025-12-14;8;533
28;2025-12-14;9;685
28;2025-12-14;10;793
28;2025-12-14;11;881
28;2025-12-14;12;929
28;2025-12-14;13;1079
28;2025-12-14;14;1055
28;2025-12-14;15;1041
28;2025-12-14;16;975
28;2025-12-14;17;1017
28;2025-12-14;18;895
28;2025-12-14;19;755
28;2025-12-14;20;587
28;2025-12-14;21;499
28;2025-12-14;22;227
28;2025-12-14;23;39
28;2025-12-15;0;15
28;2025-12-15;1;15
28;2025-12-15;2;15
28;2025-12-15;3;15
28;2025-12-15;4;17
28;2025-12-15;5;171
28;2025-12-15;6;541
28;2025-12-15;7;1659
28;2025-12-15;8;2623
28;2025-12-15;9;1763
28;2025-12-15;10;1325
28;2025-12-15;11;1167
28;2025-12-15;12;1475
28;2025-12-15;13;1449
28;2025-12-15;14;1369
28;2025-12-15;15;1399
28;2025-12-15;16;1815
28;2025-12-15;17;2147
28;2025-12-15;18;2023
28;2025-12-15;19;1481
28;2025-12-15;20;1005
28;2025-12-15;21;653
28;2025-12-15;22;247
28;2025-12-15;23;39
28;2025-12-16;0;15
28;2025-12-16;1;15
28;2025-12-16;2;15
28;2025-12-16;3;15
28;2025-12-16;4;17
28;2025-12-16;5;169
28;2025-12-16;6;537
28;2025-12-16;7;1687
28;2025-12-16;8;2649
28;2025-12-16;9;1769
28;2025-12-16;10;1359
28;2025-12-16;11;1205
28;2025-12-16;12;1485
28;2025-12-16;13;1477
28;2025-12-16;14;1407
28;2025-12-16;15;1437
28;2025-12-16;16;1803
28;2025-12-16;17;2163
28;2025-12-16;18;2047
28;2025-12-16;19;1497
28;2025-12-16;20;1023
28;2025-12-16;21;675
28;2025-12-16;22;267
28;2025-12-16;23;45
28;2025-12-17;0;15
28;2025-12-17;1;15
28;2025-12-17;2;15
28;2025-12-17;3;15
28;2025-12-17;4;17
28;2025-12-17;5;177
28;2025-12-17;6;547
28;2025-12-17;7;1653
28;2025-12-17;8;2621
28;2025-12-17;9;1767
28;2025-12-17;10;1327
28;2025-12-17;11;1197
28;2025-12-17;12;1503
28;2025-12-17;13;1503
28;2025-12-17;14;1409
28;2025-12-17;15;1449
28;2025-12-17;16;1857
28;2025-12-17;17;2163
28;2025-12-17;18;2061
28;2025-12-17;19;1511
28;2025-12-17;20;1041
28;2025-12-17;21;671
28;2025-12-17;22;269
28;2025-12-17;23;45
28;2025-12-18;0;15
28;2025-12-18;1;15
28;2025-12-18;2;15
28;2025-12-18;3;15
28;2025-12-18;4;17
28;2025-12-18;5;177
28;2025-12-18;6;553
28;2025-12-18;7;1687
28;2025-12-18;8;2639
28;2025-12-18;9;1781
28;2025-12-18;10;1333
28;2025-12-18;11;1189
28;2025-12-18;12;1489
28;2025-12-18;13;1489
28;2025-12-18;14;1409
28;2025-12-18;15;1461
28;2025-12-18;16;1839
28;2025-12-18;17;2185
28;2025-12-18;18;2085
28;2025-12-18;19;1509
28;2025-12-18;20;1049
28;2025-12-18;21;683
28;2025-12-18;22;273
28;2025-12-18;23;43
28;2025-12-19;0;15
28;2025-12-19;1;15
28;2025-12-19;2;15
28;2025-12-19;3;15
28;2025-12-19;4;17
28;2025-12-19;5;177
28;2025-12-19;6;547
28;2025-12-19;7;1657
28;2025-12-19;8;2601
28;2025-12-19;9;1741
28;2025-12-19;10;1323
28;2025-12-19;11;1191
28;2025-12-19;12;1499
28;2025-12-19;13;1483
28;2025-12-19;14;1429
28;2025-12-19;15;1493
28;2025-12-19;16;1873
28;2025-12-19;17;2093
28;2025-12-19;18;1873
28;2025-12-19;19;1405
28;2025-12-19;20;983
28;2025-12-19;21;683
28;2025-12-19;22;271
28;2025-12-19;23;47
28;2025-12-20;0;25
28;2025-12-20;1;15
28;2025-12-20;2;15
28;2025-12-20;3;15
28;2025-12-20;4;17
28;2025-12-20;5;85
28;2025-12-20;6;217
28;2025-12-20;7;477
28;2025-12-20;8;835
28;2025-12-20;9;971
28;2025-12-20;10;1021
28;2025-12-20;11;1029
28;2025-12-20;12;1217
28;2025-12-20;13;1239
28;2025-12-20;14;1145
28;2025-12-20;15;1217
28;2025-12-20;16;1177
28;2025-12-20;17;1187
28;2025-12-20;18;1033
28;2025-12-20;19;815
28;2025-12-20;20;617
28;2025-12-20;21;551
28;2025-12-20;22;257
28;2025-12-20;23;51
28;2025-12-21;0;15
28;2025-12-21;1;15
28;2025-12-21;2;15
28;2025-12-21;3;15
28;2025-12-21;4;15
28;2025-12-21;5;71
28;2025-12-21;6;161
28;2025-12-21;7;327
28;2025-12-21;8;529
28;2025-12-21;9;683
28;2025-12-21;10;789
28;2025-12-21;11;879
28;2025-12-21;12;925
28;2025-12-21;13;1071
28;2025-12-21;14;1053
28;2025-12-21;15;1039
28;2025-12-21;16;973
28;2025-12-21;17;1013
28;2025-12-21;18;893
28;2025-12-21;19;751
28;2025-12-21;20;587
28;2025-12-21;21;497
28;2025-12-21;22;227
28;2025-12-21;23;37
28;2025-12-22;0;15
28;2025-12-22;1;15
28;2025-12-22;2;15
28;2025-12-22;3;15
28;2025-12-22;4;19
28;2025-12-22;5;173
28;2025-12-22;6;533
28;2025-12-22;7;1635
28;2025-12-22;8;2575
28;2025-12-22;9;1739
28;2025-12-22;10;1301
28;2025-12-22;11;1151
28;2025-12-22;12;1443
28;2025-12-22;13;1425
28;2025-12-22;14;1351
28;2025-12-22;15;1375
28;2025-12-22;16;1785
28;2025-12-22;17;2109
28;2025-12-22;18;1981
28;2025-12-22;19;1453
28;2025-12-22;20;989
28;2025-12-22;21;639
28;2025-12-22;22;241
28;2025-12-22;23;37
28;2025-12-23;0;15
28;2025-12-23;1;15
28;2025-12-23;2;15
28;2025-12-23;3;15
28;2025-12-23;4;17
28;2025-12-23;5;169
28;2025-12-23;6;541
28;2025-12-23;7;1685
28;2025-12-23;8;2631
28;2025-12-23;9;1767
28;2025-12-23;10;1361
28;2025-12-23;11;1187
28;2025-12-23;12;1483
28;2025-12-23;13;1487
28;2025-12-23;14;1405
28;2025-12-23;15;1439
28;2025-12-23;16;1797
28;2025-12-23;17;2165
28;2025-12-23;18;2043
28;2025-12-23;19;1495
28;2025-12-23;20;1021
28;2025-12-23;21;669
28;2025-12-23;22;271
28;2025-12-23;23;45
28;2025-12-24;0;15
28;2025-12-24;1;15
28;2025-12-24;2;15
28;2025-12-24;3;15
28;2025-12-24;4;17
28;2025-12-24;5;177
28;2025-12-24;6;547
28;2025-12-24;7;1645
28;2025-12-24;8;2605
28;2025-12-24;9;1769
28;2025-12-24;10;1335
28;2025-12-24;11;1193
28;2025-12-24;12;1503
28;2025-12-24;13;1507
28;2025-12-24;14;1395
28;2025-12-24;15;1439
28;2025-12-24;16;1851
28;2025-12-24;17;2159
28;2025-12-24;18;2051
28;2025-12-24;19;1515
28;2025-12-24;20;1051
28;2025-12-24;21;681
28;2025-12-24;22;277
28;2025-12-24;23;49
28;2025-12-25;0;15
28;2025-12-25;1;15
28;2025-12-25;2;15
28;2025-12-25;3;15
28;2025-12-25;4;19
28;2025-12-25;5;175
28;2025-12-25;6;545
28;2025-12-25;7;1657
28;2025-12-25;8;2577
28;2025-12-25;9;1755
28;2025-12-25;10;1319
28;2025-12-25;11;1173
28;2025-12-25;12;1463
28;2025-12-25;13;1465
28;2025-12-25;14;1383
28;2025-12-25;15;1433
28;2025-12-25;16;1801
28;2025-12-25;17;2143
28;2025-12-25;18;2037
28;2025-12-25;19;1473
28;2025-12-25;20;1025
28;2025-12-25;21;665
28;2025-12-25;22;273
28;2025-12-25;23;43
28;2025-12-26;0;15
28;2025-12-26;1;15
28;2025-12-26;2;15
28;2025-12-26;3;15
28;2025-12-26;4;17
28;2025-12-26;5;171
28;2025-12-26;6;527
28;2025-12-26;7;1589
28;2025-12-26;8;2483
28;2025-12-26;9;1671
28;2025-12-26;10;1273
28;2025-12-26;11;1139
28;2025-12-26;12;1435
28;2025-12-26;13;1421
28;2025-12-26;14;1369
28;2025-12-26;15;1425
28;2025-12-26;16;1787
28;2025-12-26;17;2003
28;2025-12-26;18;1787
28;2025-12-26;19;1347
28;2025-12-26;20;943
28;2025-12-26;21;655
28;2025-12-26;22;263
28;2025-12-26;23;53
28;2025-12-27;0;21
28;2025-12-27;1;15
28;2025-12-27;2;15
28;2025-12-27;3;15
28;2025-12-27;4;17
28;2025-12-27;5;83
28;2025-12-27;6;215
28;2025-12-27;7;471
28;2025-12-27;8;821
28;2025-12-27;9;957
28;2025-12-27;10;1003
28;2025-12-27;11;1011
28;2025-12-27;12;1197
28;2025-12-27;13;1229
28;2025-12-27;14;1129
28;2025-12-27;15;1199
28;2025-12-27;16;1163
28;2025-12-27;17;1175
28;2025-12-27;18;1019
28;2025-12-27;19;807
28;2025-12-27;20;611
28;2025-12-27;21;541
28;2025-12-27;22;255
28;2025-12-27;23;51
28;2025-12-28;0;15
28;2025-12-28;1;15
28;2025-12-28;2;15
28;2025-12-28;3;15
28;2025-12-28;4;15
28;2025-12-28;5;69
28;2025-12-28;6;157
28;2025-12-28;7;321
28;2025-12-28;8;521
28;2025-12-28;9;671
28;2025-12-28;10;779
28;2025-12-28;11;859
28;2025-12-28;12;907
28;2025-12-28;13;1055
28;2025-12-28;14;1031
28;2025-12-28;15;1019
28;2025-12-28;16;953
28;2025-12-28;17;995
28;2025-12-28;18;877
28;2025-12-28;19;741
28;2025-12-28;20;575
28;2025-12-28;21;487
28;2025-12-28;22;225
28;2025-12-28;23;39
28;2025-12-29;0;15
28;2025-12-29;1;15
28;2025-12-29;2;15
28;2025-12-29;3;15
28;2025-12-29;4;17
28;2025-12-29;5;147
28;2025-12-29;6;455
28;2025-12-29;7;1377
28;2025-12-29;8;2163
28;2025-12-29;9;1469
28;2025-12-29;10;1101
28;2025-12-29;11;969
28;2025-12-29;12;1219
28;2025-12-29;13;1207
28;2025-12-29;14;1139
28;2025-12-29;15;1161
28;2025-12-29;16;1499
28;2025-12-29;17;1773
28;2025-12-29;18;1665
28;2025-12-29;19;1227
28;2025-12-29;20;833
28;2025-12-29;21;537
28;2025-12-29;22;209
28;2025-12-29;23;37
28;2025-12-30;0;15
28;2025-12-30;1;15
28;2025-12-30;2;15
28;2025-12-30;3;15
28;2025-12-30;4;17
28;2025-12-30;5;141
28;2025-12-30;6;449
28;2025-12-30;7;1397
28;2025-12-30;8;2171
28;2025-12-30;9;1463
28;2025-12-30;10;1129
28;2025-12-30;11;991
28;2025-12-30;12;1225
28;2025-12-30;13;1231
28;2025-12-30;14;1169
28;2025-12-30;15;1197
28;2025-12-30;16;1481
28;2025-12-30;17;1773
28;2025-12-30;18;1657
28;2025-12-30;19;1225
28;2025-12-30;20;847
28;2025-12-30;21;555
28;2025-12-30;22;229
28;2025-12-30;23;41
28;2025-12-31;0;15
28;2025-12-31;1;15
28;2025-12-31;2;15
28;2025-12-31;3;15
28;2025-12-31;4;15
28;2025-12-31;5;65
28;2025-12-31;6;143
28;2025-12-31;7;275
28;2025-12-31;8;445
28;2025-12-31;9;587
28;2025-12-31;10;677
28;2025-12-31;11;751
28;2025-12-31;12;793
28;2025-12-31;13;929
28;2025-12-31;14;899
28;2025-12-31;15;885
28;2025-12-31;16;839
28;2025-12-31;17;869
28;2025-12-31;18;773
28;2025-12-31;19;655
28;2025-12-31;20;15
28;2025-12-31;21;15
28;2025-12-31;22;15
28;2025-12-31;23;15
50;2025-11-01;0;0
50;2025-11-01;1;0
50;2025-11-01;2;0
50;2025-11-01;3;0
50;2025-11-01;4;0
50;2025-11-01;5;0
50;2025-11-01;6;0
50;2025-11-01;7;0
50;2025-11-01;8;0
50;2025-11-01;9;0
50;2025-11-01;10;0
50;2025-11-01;11;0
50;2025-11-01;12;0
50;2025-11-01;13;0
50;2025-11-01;14;0
50;2025-11-01;15;0
50;2025-11-01;16;0
50;2025-11-01;17;0
50;2025-11-01;18;0
50;2025-11-01;19;0
50;2025-11-01;20;0
50;2025-11-01;21;0
50;2025-11-01;22;0
50;2025-11-01;23;0
50;2025-11-02;0;0
50;2025-11-02;1;0
50;2025-11-02;2;0
50;2025-11-02;3;0
50;2025-11-02;4;0
50;2025-11-02;5;0
50;2025-11-02;6;0
50;2025-11-02;7;0
50;2025-11-02;8;0
50;2025-11-02;9;0
50;2025-11-02;10;0
50;2025-11-02;11;0
50;2025-11-02;12;0
50;2025-11-02;13;0
50;2025-11-02;14;0
50;2025-11-02;15;0
50;2025-11-02;16;0
50;2025-11-02;17;0
50;2025-11-02;18;0
50;2025-11-02;19;0
50;2025-11-02;20;0
50;2025-11-02;21;0
50;2025-11-02;22;0
50;2025-11-02;23;0
50;2025-11-03;0;0
50;2025-11-03;1;0
50;2025-11-03;2;0
50;2025-11-03;3;0
50;2025-11-03;4;0
50;2025-11-03;5;0
50;2025-11-03;6;0
50;2025-11-03;7;0
50;2025-11-03;8;0
50;2025-11-03;9;0
50;2025-11-03;10;0
50;2025-11-03;11;0
50;2025-11-03;12;0
50;2025-11-03;13;0
50;2025-11-03;14;0
50;2025-11-03;15;0
50;2025-11-03;16;0
50;2025-11-03;17;0
50;2025-11-03;18;0
50;2025-11-03;19;0
50;2025-11-03;20;0
50;2025-11-03;21;0
50;2025-11-03;22;0
50;2025-11-03;23;0
50;2025-11-04;0;0
50;2025-11-04;1;0
50;2025-11-04;2;0
50;2025-11-04;3;0
50;2025-11-04;4;0
50;2025-11-04;5;0
50;2025-11-04;6;0
50;2025-11-04;7;0
50;2025-11-04;8;0
50;2025-11-04;9;0
50;2025-11-04;10;0
50;2025-11-04;11;0
50;2025-11-04;12;0
50;2025-11-04;13;0
50;2025-11-04;14;0
50;2025-11-04;15;0
50;2025-11-04;16;0
50;2025-11-04;17;0
50;2025-11-04;18;0
50;2025-11-04;19;0
50;2025-11-04;20;0
50;2025-11-04;21;0
50;2025-11-04;22;0
50;2025-11-04;23;0
50;2025-11-05;0;0
50;2025-11-05;1;0
50;2025-11-05;2;0
50;2025-11-05;3;0
50;2025-11-05;4;0
50;2025-11-05;5;0
50;2025-11-05;6;0
50;2025-11-05;7;0
50;2025-11-05;8;0
50;2025-11-05;9;0
50;2025-11-05;10;0
50;2025-11-05;11;0
50;2025-11-05;12;0
50;2025-11-05;13;0
50;2025-11-05;14;0
50;2025-11-05;15;0
50;2025-11-05;16;0
50;2025-11-05;17;0
50;2025-11-05;18;0
50;2025-11-05;19;0
50;2025-11-05;20;0
50;2025-11-05;21;0
50;2025-11-05;22;0
50;2025-11-05;23;0
50;2025-11-06;0;0
50;2025-11-06;1;0
50;2025-11-06;2;0
50;2025-11-06;3;0
50;2025-11-06;4;0
50;2025-11-06;5;0
50;2025-11-06;6;0
50;2025-11-06;7;0
50;2025-11-06;8;0
50;2025-11-06;9;0
50;2025-11-06;10;0
50;2025-11-06;11;0
50;2025-11-06;12;0
50;2025-11-06;13;0
50;2025-11-06;14;0
50;2025-11-06;15;0
50;2025-11-06;16;0
50;2025-11-06;17;0
50;2025-11-06;18;0
50;2025-11-06;19;0
50;2025-11-06;20;0
50;2025-11-06;21;0
50;2025-11-06;22;0
50;2025-11-06;23;0
50;2025-11-07;0;0
50;2025-11-07;1;0
50;2025-11-07;2;0
50;2025-11-07;3;0
50;2025-11-07;4;0
50;2025-11-07;5;0
50;2025-11-07;6;0
50;2025-11-07;7;0
50;2025-11-07;8;0
50;2025-11-07;9;0
50;2025-11-07;10;0
50;2025-11-07;11;0
50;2025-11-07;12;0
50;2025-11-07;13;0
50;2025-11-07;14;0
50;2025-11-07;15;0
50;2025-11-07;16;0
50;2025-11-07;17;0
50;2025-11-07;18;0
50;2025-11-07;19;0
50;2025-11-07;20;0
50;2025-11-07;21;0
50;2025-11-07;22;0
50;2025-11-07;23;0
50;2025-11-08;0;0
50;2025-11-08;1;0
50;2025-11-08;2;0
50;2025-11-08;3;0
50;2025-11-08;4;0
50;2025-11-08;5;0
50;2025-11-08;6;0
50;2025-11-08;7;0
50;2025-11-08;8;0
50;2025-11-08;9;0
50;2025-11-08;10;0
50;2025-11-08;11;0
50;2025-11-08;12;0
50;2025-11-08;13;0
50;2025-11-08;14;0
50;2025-11-08;15;0
50;2025-11-08;16;0
50;2025-11-08;17;0
50;2025-11-08;18;0
50;2025-11-08;19;0
50;2025-11-08;20;0
50;2025-11-08;21;0
50;2025-11-08;22;0
50;2025-11-08;23;0
50;2025-11-09;0;0
50;2025-11-09;1;0
50;2025-11-09;2;0
50;2025-11-09;3;0
50;2025-11-09;4;0
50;2025-11-09;5;0
50;2025-11-09;6;0
50;2025-11-09;7;0
50;2025-11-09;8;0
50;2025-11-09;9;0
50;2025-11-09;10;0
50;2025-11-09;11;0
50;2025-11-09;12;0
50;2025-11-09;13;0
50;2025-11-09;14;0
50;2025-11-09;15;0
50;2025-11-09;16;0
50;2025-11-09;17;0
50;2025-11-09;18;0
50;2025-11-09;19;0
50;2025-11-09;20;0
50;2025-11-09;21;0
50;2025-11-09;22;0
50;2025-11-09;23;0
50;2025-11-10;0;0
50;2025-11-10;1;0
50;2025-11-10;2;0
50;2025-11-10;3;0
50;2025-11-10;4;0
50;2025-11-10;5;0
50;2025-11-10;6;0
50;2025-11-10;7;0
50;2025-11-10;8;0
50;2025-11-10;9;0
50;2025-11-10;10;0
50;2025-11-10;11;0
50;2025-11-10;12;0
50;2025-11-10;13;0
50;2025-11-10;14;0
50;2025-11-10;15;0
50;2025-11-10;16;0
50;2025-11-10;17;0
50;2025-11-10;18;0
50;2025-11-10;19;0
50;2025-11-10;20;0
50;2025-11-10;21;0
50;2025-11-10;22;0
50;2025-11-10;23;0
50;2025-11-11;0;0
50;2025-11-11;1;0
50;2025-11-11;2;0
50;2025-11-11;3;0
50;2025-11-11;4;0
50;2025-11-11;5;0
50;2025-11-11;6;0
50;2025-11-11;7;0
50;2025-11-11;8;0
50;2025-11-11;9;0
50;2025-11-11;10;0
50;2025-11-11;11;0
50;2025-11-11;12;0
50;2025-11-11;13;0
50;2025-11-11;14;0
50;2025-11-11;15;0
50;2025-11-11;16;0
50;2025-11-11;17;0
50;2025-11-11;18;0
50;2025-11-11;19;0
50;2025-11-11;20;0
50;2025-11-11;21;0
50;2025-11-11;22;0
50;2025-11-11;23;0
50;2025-11-12;0;0
50;2025-11-12;1;0
50;2025-11-12;2;0
50;2025-11-12;3;0
50;2025-11-12;4;0
50;2025-11-12;5;0
50;2025-11-12;6;0
50;2025-11-12;7;0
50;2025-11-12;8;0
50;2025-11-12;9;0
50;2025-11-12;10;0
50;2025-11-12;11;0
50;2025-11-12;12;0
50;2025-11-12;13;0
50;2025-11-12;14;0
50;2025-11-12;15;0
50;2025-11-12;16;0
50;2025-11-12;17;0
50;2025-11-12;18;0
50;2025-11-12;19;0
50;2025-11-12;20;0
50;2025-11-12;21;0
50;2025-11-12;22;0
50;2025-11-12;23;0
50;2025-11-13;0;0
50;2025-11-13;1;0
50;2025-11-13;2;0
50;2025-11-13;3;0
50;2025-11-13;4;0
50;2025-11-13;5;0
50;2025-11-13;6;0
50;2025-11-13;7;0
50;2025-11-13;8;0
50;2025-11-13;9;0
50;2025-11-13;10;0
50;2025-11-13;11;0
50;2025-11-13;12;0
50;2025-11-13;13;0
50;2025-11-13;14;0
50;2025-11-13;15;0
50;2025-11-13;16;0
50;2025-11-13;17;0
50;2025-11-13;18;0
50;2025-11-13;19;0
50;2025-11-13;20;0
50;2025-11-13;21;0
50;2025-11-13;22;0
50;2025-11-13;23;0
50;2025-11-14;0;0
50;2025-11-14;1;0
50;2025-11-14;2;0
50;2025-11-14;3;0
50;2025-11-14;4;0
50;2025-11-14;5;0
50;2025-11-14;6;0
50;2025-11-14;7;0
50;2025-11-14;8;0
50;2025-11-14;9;0
50;2025-11-14;10;0
50;2025-11-14;11;0
50;2025-11-14;12;0
50;2025-11-14;13;0
50;2025-11-14;14;0
50;2025-11-14;15;0
50;2025-11-14;16;0
50;2025-11-14;17;0
50;2025-11-14;18;0
50;2025-11-14;19;0
50;2025-11-14;20;0
50;2025-11-14;21;0
50;2025-11-14;22;0
50;2025-11-14;23;0
50;2025-11-15;0;0
50;2025-11-15;1;0
50;2025-11-15;2;0
50;2025-11-15;3;0
50;2025-11-15;4;0
50;2025-11-15;5;0
50;2025-11-15;6;0
50;2025-11-15;7;0
50;2025-11-15;8;0
50;2025-11-15;9;0
50;2025-11-15;10;0
50;2025-11-15;11;0
50;2025-11-15;12;0
50;2025-11-15;13;0
50;2025-11-15;14;0
50;2025-11-15;15;0
50;2025-11-15;16;0
50;2025-11-15;17;0
50;2025-11-15;18;0
50;2025-11-15;19;0
50;2025-11-15;20;0
50;2025-11-15;21;0
50;2025-11-15;22;0
50;2025-11-15;23;0
50;2025-11-16;0;0
50;2025-11-16;1;0
50;2025-11-16;2;0
50;2025-11-16;3;0
50;2025-11-16;4;0
50;2025-11-16;5;0
50;2025-11-16;6;0
50;2025-11-16;7;0
50;2025-11-16;8;0
50;2025-11-16;9;0
50;2025-11-16;10;0
50;2025-11-16;11;0
50;2025-11-16;12;0
50;2025-11-16;13;0
50;2025-11-16;14;0
50;2025-11-16;15;0
50;2025-11-16;16;0
50;2025-11-16;17;0
50;2025-11-16;18;0
50;2025-11-16;19;0
50;2025-11-16;20;0
50;2025-11-16;21;0
50;2025-11-16;22;0
50;2025-11-16;23;0
50;2025-11-17;0;0
50;2025-11-17;1;0
50;2025-11-17;2;0
50;2025-11-17;3;0
50;2025-11-17;4;0
50;2025-11-17;5;0
50;2025-11-17;6;0
50;2025-11-17;7;0
50;2025-11-17;8;0
50;2025-11-17;9;0
50;2025-11-17;10;0
50;2025-11-17;11;0
50;2025-11-17;12;0
50;2025-11-17;13;0
50;2025-11-17;14;0
50;2025-11-17;15;0
50;2025-11-17;16;0
50;2025-11-17;17;0
50;2025-11-17;18;0
50;2025-11-17;19;0
50;2025-11-17;20;0
50;2025-11-17;21;0
50;2025-11-17;22;0
50;2025-11-17;23;0
50;2025-11-18;0;0
50;2025-11-18;1;0
50;2025-11-18;2;0
50;2025-11-18;3;0
50;2025-11-18;4;0
50;2025-11-18;5;0
50;2025-11-18;6;0
50;2025-11-18;7;0
50;2025-11-18;8;0
50;2025-11-18;9;0
50;2025-11-18;10;0
50;2025-11-18;11;0
50;2025-11-18;12;0
50;2025-11-18;13;0
50;2025-11-18;14;0
50;2025-11-18;15;0
50;2025-11-18;16;0
50;2025-11-18;17;0
50;2025-11-18;18;0
50;2025-11-18;19;0
50;2025-11-18;20;0
50;2025-11-18;21;0
50;2025-11-18;22;0
50;2025-11-18;23;0
50;2025-11-19;0;0
50;2025-11-19;1;0
50;2025-11-19;2;0
50;2025-11-19;3;0
50;2025-11-19;4;0
50;2025-11-19;5;0
50;2025-11-19;6;0
50;2025-11-19;7;0
50;2025-11-19;8;0
50;2025-11-19;9;0
50;2025-11-19;10;0
50;2025-11-19;11;0
50;2025-11-19;12;0
50;2025-11-19;13;0
50;2025-11-19;14;0
50;2025-11-19;15;0
50;2025-11-19;16;0
50;2025-11-19;17;0
50;2025-11-19;18;0
50;2025-11-19;19;0
50;2025-11-19;20;0
50;2025-11-19;21;0
50;2025-11-19;22;0
50;2025-11-19;23;0
50;2025-11-20;0;0
50;2025-11-20;1;0
50;2025-11-20;2;0
50;2025-11-20;3;0
50;2025-11-20;4;0
50;2025-11-20;5;0
50;2025-11-20;6;0
50;2025-11-20;7;0
50;2025-11-20;8;0
50;2025-11-20;9;0
50;2025-11-20;10;0
50;2025-11-20;11;0
50;2025-11-20;12;0
50;2025-11-20;13;0
50;2025-11-20;14;0
50;2025-11-20;15;0
50;2025-11-20;16;0
50;2025-11-20;17;0
50;2025-11-20;18;0
50;2025-11-20;19;0
50;2025-11-20;20;0
50;2025-11-20;21;0
50;2025-11-20;22;0
50;2025-11-20;23;0
50;2025-11-21;0;0
50;2025-11-21;1;0
50;2025-11-21;2;0
50;2025-11-21;3;0
50;2025-11-21;4;0
50;2025-11-21;5;0
50;2025-11-21;6;0
50;2025-11-21;7;0
50;2025-11-21;8;0
50;2025-11-21;9;0
50;2025-11-21;10;0
50;2025-11-21;11;0
50;2025-11-21;12;0
50;2025-11-21;13;0
50;2025-11-21;14;0
50;2025-11-21;15;0
50;2025-11-21;16;0
50;2025-11-21;17;0
50;2025-11-21;18;0
50;2025-11-21;19;0
50;2025-11-21;20;0
50;2025-11-21;21;0
50;2025-11-21;22;0
50;2025-11-21;23;0
50;2025-11-22;0;0
50;2025-11-22;1;0
50;2025-11-22;2;0
50;2025-11-22;3;0
50;2025-11-22;4;0
50;2025-11-22;5;0
50;2025-11-22;6;0
50;2025-11-22;7;0
50;2025-11-22;8;0
50;2025-11-22;9;0
50;2025-11-22;10;0
50;2025-11-22;11;0
50;2025-11-22;12;0
50;2025-11-22;13;0
50;2025-11-22;14;0
50;2025-11-22;15;0
50;2025-11-22;16;0
50;2025-11-22;17;0
50;2025-11-22;18;0
50;2025-11-22;19;0
50;2025-11-22;20;0
50;2025-11-22;21;0
50;2025-11-22;22;0
50;2025-11-22;23;0
50;2025-11-23;0;0
50;2025-11-23;1;0
50;2025-11-23;2;0
50;2025-11-23;3;0
50;2025-11-23;4;0
50;2025-11-23;5;0
50;2025-11-23;6;0
50;2025-11-23;7;0
50;2025-11-23;8;0
50;2025-11-23;9;0
50;2025-11-23;10;0
50;2025-11-23;11;0
50;2025-11-23;12;0
50;2025-11-23;13;0
50;2025-11-23;14;0
50;2025-11-23;15;0
50;2025-11-23;16;0
50;2025-11-23;17;0
50;2025-11-23;18;0
50;2025-11-23;19;0
50;2025-11-23;20;0
50;2025-11-23;21;0
50;2025-11-23;22;0
50;2025-11-23;23;0
50;2025-11-24;0;0
50;2025-11-24;1;0
50;2025-11-24;2;0
50;2025-11-24;3;0
50;2025-11-24;4;0
50;2025-11-24;5;0
50;2025-11-24;6;0
50;2025-11-24;7;0
50;2025-11-24;8;0
50;2025-11-24;9;0
50;2025-11-24;10;0
50;2025-11-24;11;0
50;2025-11-24;12;0
50;2025-11-24;13;0
50;2025-11-24;14;0
50;2025-11-24;15;0
50;2025-11-24;16;0
50;2025-11-24;17;0
50;2025-11-24;18;0
50;2025-11-24;19;0
50;2025-11-24;20;0
50;2025-11-24;21;0
50;2025-11-24;22;0
50;2025-11-24;23;0
50;2025-11-25;0;0
50;2025-11-25;1;0
50;2025-11-25;2;0
50;2025-11-25;3;0
50;2025-11-25;4;0
50;2025-11-25;5;0
50;2025-11-25;6;0
50;2025-11-25;7;0
50;2025-11-25;8;0
50;2025-11-25;9;0
50;2025-11-25;10;0
50;2025-11-25;11;0
50;2025-11-25;12;0
50;2025-11-25;13;0
50;2025-11-25;14;0
50;2025-11-25;15;0
50;2025-11-25;16;0
50;2025-11-25;17;0
50;2025-11-25;18;0
50;2025-11-25;19;0
50;2025-11-25;20;0
50;2025-11-25;21;0
50;2025-11-25;22;0
50;2025-11-25;23;0
50;2025-11-26;0;0
50;2025-11-26;1;0
50;2025-11-26;2;0
50;2025-11-26;3;0
50;2025-11-26;4;0
50;2025-11-26;5;0
50;2025-11-26;6;0
50;2025-11-26;7;0
50;2025-11-26;8;0
50;2025-11-26;9;0
50;2025-11-26;10;0
50;2025-11-26;11;0
50;2025-11-26;12;0
50;2025-11-26;13;0
50;2025-11-26;14;0
50;2025-11-26;15;0
50;2025-11-26;16;0
50;2025-11-26;17;0
50;2025-11-26;18;0
50;2025-11-26;19;0
50;2025-11-26;20;0
50;2025-11-26;21;0
50;2025-11-26;22;0
50;2025-11-26;23;0
50;2025-11-27;0;0
50;2025-11-27;1;0
50;2025-11-27;2;0
50;2025-11-27;3;0
50;2025-11-27;4;0
50;2025-11-27;5;0
50;2025-11-27;6;0
50;2025-11-27;7;0
50;2025-11-27;8;0
50;2025-11-27;9;0
50;2025-11-27;10;0
50;2025-11-27;11;0
50;2025-11-27;12;0
50;2025-11-27;13;0
50;2025-11-27;14;0
50;2025-11-27;15;0
50;2025-11-27;16;0
50;2025-11-27;17;0
50;2025-11-27;18;0
50;2025-11-27;19;0
50;2025-11-27;20;0
50;2025-11-27;21;0
50;2025-11-27;22;0
50;2025-11-27;23;0
50;2025-11-28;0;0
50;2025-11-28;1;0
50;2025-11-28;2;0
50;2025-11-28;3;0
50;2025-11-28;4;0
50;2025-11-28;5;0
50;2025-11-28;6;0
50;2025-11-28;7;0
50;2025-11-28;8;0
50;2025-11-28;9;0
50;2025-11-28;10;0
50;2025-11-28;11;0
50;2025-11-28;12;0
50;2025-11-28;13;0
50;2025-11-28;14;0
50;2025-11-28;15;0
50;2025-11-28;16;0
50;2025-11-28;17;0
50;2025-11-28;18;0
50;2025-11-28;19;0
50;2025-11-28;20;0
50;2025-11-28;21;0
50;2025-11-28;22;0
50;2025-11-28;23;0
50;2025-11-29;0;0
50;2025-11-29;1;0
50;2025-11-29;2;0
50;2025-11-29;3;0
50;2025-11-29;4;0
50;2025-11-29;5;0
50;2025-11-29;6;0
50;2025-11-29;7;0
50;2025-11-29;8;0
50;2025-11-29;9;0
50;2025-11-29;10;0
50;2025-11-29;11;0
50;2025-11-29;12;0
50;2025-11-29;13;0
50;2025-11-29;14;0
50;2025-11-29;15;0
50;2025-11-29;16;0
50;2025-11-29;17;0
50;2025-11-29;18;0
50;2025-11-29;19;0
50;2025-11-29;20;0
50;2025-11-29;21;0
50;2025-11-29;22;0
50;2025-11-29;23;0
50;2025-11-30;0;0
50;2025-11-30;1;0
50;2025-11-30;2;0
50;2025-11-30;3;0
50;2025-11-30;4;0
50;2025-11-30;5;0
50;2025-11-30;6;0
50;2025-11-30;7;0
50;2025-11-30;8;0
50;2025-11-30;9;0
50;2025-11-30;10;0
50;2025-11-30;11;0
50;2025-11-30;12;0
50;2025-11-30;13;0
50;2025-11-30;14;0
50;2025-11-30;15;0
50;2025-11-30;16;0
50;2025-11-30;17;0
50;2025-11-30;18;0
50;2025-11-30;19;0
50;2025-11-30;20;0
50;2025-11-30;21;0
50;2025-11-30;22;0
50;2025-11-30;23;0
50;2025-12-01;0;0
50;2025-12-01;1;0
50;2025-12-01;2;0
50;2025-12-01;3;0
50;2025-12-01;4;0
50;2025-12-01;5;0
50;2025-12-01;6;0
50;2025-12-01;7;0
50;2025-12-01;8;0
50;2025-12-01;9;0
50;2025-12-01;10;0
50;2025-12-01;11;0
50;2025-12-01;12;0
50;2025-12-01;13;0
50;2025-12-01;14;0
50;2025-12-01;15;0
50;2025-12-01;16;0
50;2025-12-01;17;0
50;2025-12-01;18;0
50;2025-12-01;19;0
50;2025-12-01;20;0
50;2025-12-01;21;0
50;2025-12-01;22;0
50;2025-12-01;23;0
50;2025-12-02;0;0
50;2025-12-02;1;0
50;2025-12-02;2;0
50;2025-12-02;3;0
50;2025-12-02;4;0
50;2025-12-02;5;0
50;2025-12-02;6;0
50;2025-12-02;7;0
50;2025-12-02;8;0
50;2025-12-02;9;0
50;2025-12-02;10;0
50;2025-12-02;11;0
50;2025-12-02;12;0
50;2025-12-02;13;0
50;2025-12-02;14;0
50;2025-12-02;15;0
50;2025-12-02;16;0
50;2025-12-02;17;0
50;2025-12-02;18;0
50;2025-12-02;19;0
50;2025-12-02;20;0
50;2025-12-02;21;0
50;2025-12-02;22;0
50;2025-12-02;23;0
50;2025-12-03;0;0
50;2025-12-03;1;0
50;2025-12-03;2;0
50;2025-12-03;3;0
50;2025-12-03;4;0
50;2025-12-03;5;0
50;2025-12-03;6;0
50;2025-12-03;7;0
50;2025-12-03;8;0
50;2025-12-03;9;0
50;2025-12-03;10;0
50;2025-12-03;11;0
50;2025-12-03;12;0
50;2025-12-03;13;0
50;2025-12-03;14;0
50;2025-12-03;15;0
50;2025-12-03;16;0
50;2025-12-03;17;0
50;2025-12-03;18;0
50;2025-12-03;19;0
50;2025-12-03;20;0
50;2025-12-03;21;0
50;2025-12-03;22;0
50;2025-12-03;23;0
50;2025-12-04;0;0
50;2025-12-04;1;0
50;2025-12-04;2;0
50;2025-12-04;3;0
50;2025-12-04;4;0
50;2025-12-04;5;0
50;2025-12-04;6;0
50;2025-12-04;7;0
50;2025-12-04;8;0
50;2025-12-04;9;0
50;2025-12-04;10;0
50;2025-12-04;11;0
50;2025-12-04;12;0
50;2025-12-04;13;0
50;2025-12-04;14;0
50;2025-12-04;15;0
50;2025-12-04;16;0
50;2025-12-04;17;0
50;2025-12-04;18;0
50;2025-12-04;19;0
50;2025-12-04;20;0
50;2025-12-04;21;0
50;2025-12-04;22;0
50;2025-12-04;23;0
50;2025-12-05;0;0
50;2025-12-05;1;0
50;2025-12-05;2;0
50;2025-12-05;3;0
50;2025-12-05;4;0
50;2025-12-05;5;0
50;2025-12-05;6;0
50;2025-12-05;7;0
50;2025-12-05;8;0
50;2025-12-05;9;0
50;2025-12-05;10;0
50;2025-12-05;11;0
50;2025-12-05;12;0
50;2025-12-05;13;0
50;2025-12-05;14;0
50;2025-12-05;15;0
50;2025-12-05;16;0
50;2025-12-05;17;0
50;2025-12-05;18;0
50;2025-12-05;19;0
50;2025-12-05;20;0
50;2025-12-05;21;0
50;2025-12-05;22;0
50;2025-12-05;23;0
50;2025-12-06;0;0
50;2025-12-06;1;0
50;2025-12-06;2;0
50;2025-12-06;3;0
50;2025-12-06;4;0
50;2025-12-06;5;0
50;2025-12-06;6;0
50;2025-12-06;7;0
50;2025-12-06;8;0
50;2025-12-06;9;0
50;2025-12-06;10;0
50;2025-12-06;11;0
50;2025-12-06;12;0
50;2025-12-06;13;0
50;2025-12-06;14;0
50;2025-12-06;15;0
50;2025-12-06;16;0
50;2025-12-06;17;0
50;2025-12-06;18;0
50;2025-12-06;19;0
50;2025-12-06;20;0
50;2025-12-06;21;0
50;2025-12-06;22;0
50;2025-12-06;23;0
50;2025-12-07;0;0
50;2025-12-07;1;0
50;2025-12-07;2;0
50;2025-12-07;3;0
50;2025-12-07;4;0
50;2025-12-07;5;0
50;2025-12-07;6;0
50;2025-12-07;7;0
50;2025-12-07;8;0
50;2025-12-07;9;0
50;2025-12-07;10;0
50;2025-12-07;11;0
50;2025-12-07;12;0
50;2025-12-07;13;0
50;2025-12-07;14;0
50;2025-12-07;15;0
50;2025-12-07;16;0
50;2025-12-07;17;0
50;2025-12-07;18;0
50;2025-12-07;19;0
50;2025-12-07;20;0
50;2025-12-07;21;0
50;2025-12-07;22;0
50;2025-12-07;23;0
50;2025-12-08;0;0
50;2025-12-08;1;0
50;2025-12-08;2;0
50;2025-12-08;3;0
50;2025-12-08;4;0
50;2025-12-08;5;0
50;2025-12-08;6;0
50;2025-12-08;7;0
50;2025-12-08;8;0
50;2025-12-08;9;0
50;2025-12-08;10;0
50;2025-12-08;11;0
50;2025-12-08;12;0
50;2025-12-08;13;0
50;2025-12-08;14;0
50;2025-12-08;15;0
50;2025-12-08;16;0
50;2025-12-08;17;0
50;2025-12-08;18;0
50;2025-12-08;19;0
50;2025-12-08;20;0
50;2025-12-08;21;0
50;2025-12-08;22;0
50;2025-12-08;23;0
50;2025-12-09;0;0
50;2025-12-09;1;0
50;2025-12-09;2;0
50;2025-12-09;3;0
50;2025-12-09;4;0
50;2025-12-09;5;0
50;2025-12-09;6;0
50;2025-12-09;7;0
50;2025-12-09;8;0
50;2025-12-09;9;0
50;2025-12-09;10;0
50;2025-12-09;11;0
50;2025-12-09;12;0
50;2025-12-09;13;0
50;2025-12-09;14;0
50;2025-12-09;15;0
50;2025-12-09;16;0
50;2025-12-09;17;0
50;2025-12-09;18;0
50;2025-12-09;19;0
50;2025-12-09;20;0
50;2025-12-09;21;0
50;2025-12-09;22;0
50;2025-12-09;23;0
50;2025-12-10;0;0
50;2025-12-10;1;0
50;2025-12-10;2;0
50;2025-12-10;3;0
50;2025-12-10;4;0
50;2025-12-10;5;0
50;2025-12-10;6;0
50;2025-12-10;7;0
50;2025-12-10;8;0
50;2025-12-10;9;0
50;2025-12-10;10;0
50;2025-12-10;11;0
50;2025-12-10;12;0
50;2025-12-10;13;0
50;2025-12-10;14;0
50;2025-12-10;15;0
50;2025-12-10;16;0
50;2025-12-10;17;0
50;2025-12-10;18;0
50;2025-12-10;19;0
50;2025-12-10;20;0
50;2025-12-10;21;0
50;2025-12-10;22;0
50;2025-12-10;23;0
50;2025-12-11;0;0
50;2025-12-11;1;0
50;2025-12-11;2;0
50;2025-12-11;3;0
50;2025-12-11;4;0
50;2025-12-11;5;0
50;2025-12-11;6;0
50;2025-12-11;7;0
50;2025-12-11;8;0
50;2025-12-11;9;0
50;2025-12-11;10;0
50;2025-12-11;11;0
50;2025-12-11;12;0
50;2025-12-11;13;0
50;2025-12-11;14;0
50;2025-12-11;15;0
50;2025-12-11;16;0
50;2025-12-11;17;0
50;2025-12-11;18;0
50;2025-12-11;19;0
50;2025-12-11;20;0
50;2025-12-11;21;0
50;2025-12-11;22;0
50;2025-12-11;23;0
50;2025-12-12;0;0
50;2025-12-12;1;0
50;2025-12-12;2;0
50;2025-12-12;3;0
50;2025-12-12;4;0
50;2025-12-12;5;0
50;2025-12-12;6;0
50;2025-12-12;7;0
50;2025-12-12;8;0
50;2025-12-12;9;0
50;2025-12-12;10;0
50;2025-12-12;11;0
50;2025-12-12;12;0
50;2025-12-12;13;0
50;2025-12-12;14;0
50;2025-12-12;15;0
50;2025-12-12;16;0
50;2025-12-12;17;0
50;2025-12-12;18;0
50;2025-12-12;19;0
50;2025-12-12;20;0
50;2025-12-12;21;0
50;2025-12-12;22;0
50;2025-12-12;23;0
50;2025-12-13;0;0
50;2025-12-13;1;0
50;2025-12-13;2;0
50;2025-12-13;3;0
50;2025-12-13;4;0
50;2025-12-13;5;0
50;2025-12-13;6;0
50;2025-12-13;7;0
50;2025-12-13;8;0
50;2025-12-13;9;0
50;2025-12-13;10;0
50;2025-12-13;11;0
50;2025-12-13;12;0
50;2025-12-13;13;0
50;2025-12-13;14;0
50;2025-12-13;15;0
50;2025-12-13;16;0
50;2025-12-13;17;0
50;2025-12-13;18;0
50;2025-12-13;19;0
50;2025-12-13;20;0
50;2025-12-13;21;0
50;2025-12-13;22;0
50;2025-12-13;23;0
50;2025-12-14;0;0
50;2025-12-14;1;0
50;2025-12-14;2;0
50;2025-12-14;3;0
50;2025-12-14;4;0
50;2025-12-14;5;0
50;2025-12-14;6;0
50;2025-12-14;7;0
50;2025-12-14;8;0
50;2025-12-14;9;0
50;2025-12-14;10;0
50;2025-12-14;11;0
50;2025-12-14;12;0
50;2025-12-14;13;0
50;2025-12-14;14;0
50;2025-12-14;15;0
50;2025-12-14;16;0
50;2025-12-14;17;0
50;2025-12-14;18;0
50;2025-12-14;19;0
50;2025-12-14;20;0
50;2025-12-14;21;0
50;2025-12-14;22;0
50;2025-12-14;23;0
50;2025-12-15;0;0
50;2025-12-15;1;0
50;2025-12-15;2;0
50;2025-12-15;3;0
50;2025-12-15;4;0
50;2025-12-15;5;0
50;2025-12-15;6;0
50;2025-12-15;7;0
50;2025-12-15;8;0
50;2025-12-15;9;0
50;2025-12-15;10;0
50;2025-12-15;11;0
50;2025-12-15;12;0
50;2025-12-15;13;0
50;2025-12-15;14;0
50;2025-12-15;15;0
50;2025-12-15;16;0
50;2025-12-15;17;0
50;2025-12-15;18;0
50;2025-12-15;19;0
50;2025-12-15;20;0
50;2025-12-15;21;0
50;2025-12-15;22;0
50;2025-12-15;23;0
50;2025-12-16;0;0
50;2025-12-16;1;0
50;2025-12-16;2;0
50;2025-12-16;3;0
50;2025-12-16;4;0
50;2025-12-16;5;0
50;2025-12-16;6;0
50;2025-12-16;7;0
50;2025-12-16;8;0
50;2025-12-16;9;0
50;2025-12-16;10;0
50;2025-12-16;11;0
50;2025-12-16;12;0
50;2025-12-16;13;0
50;2025-12-16;14;0
50;2025-12-16;15;0
50;2025-12-16;16;0
50;2025-12-16;17;0
50;2025-12-16;18;0
50;2025-12-16;19;0
50;2025-12-16;20;0
50;2025-12-16;21;0
50;2025-12-16;22;0
50;2025-12-16;23;0
50;2025-12-17;0;0
50;2025-12-17;1;0
50;2025-12-17;2;0
50;2025-12-17;3;0
50;2025-12-17;4;0
50;2025-12-17;5;0
50;2025-12-17;6;0
50;2025-12-17;7;0
50;2025-12-17;8;0
50;2025-12-17;9;0
50;2025-12-17;10;0
50;2025-12-17;11;0
50;2025-12-17;12;0
50;2025-12-17;13;0
50;2025-12-17;14;0
50;2025-12-17;15;0
50;2025-12-17;16;0
50;2025-12-17;17;0
50;2025-12-17;18;0
50;2025-12-17;19;0
50;2025-12-17;20;0
50;2025-12-17;21;0
50;2025-12-17;22;0
50;2025-12-17;23;0
50;2025-12-18;0;0
50;2025-12-18;1;0
50;2025-12-18;2;0
50;2025-12-18;3;0
50;2025-12-18;4;0
50;2025-12-18;5;0
50;2025-12-18;6;0
50;2025-12-18;7;0
50;2025-12-18;8;0
50;2025-12-18;9;0
50;2025-12-18;10;0
50;2025-12-18;11;0
50;2025-12-18;12;0
50;2025-12-18;13;0
50;2025-12-18;14;0
50;2025-12-18;15;0
50;2025-12-18;16;0
50;2025-12-18;17;0
50;2025-12-18;18;0
50;2025-12-18;19;0
50;2025-12-18;20;0
50;2025-12-18;21;0
50;2025-12-18;22;0
50;2025-12-18;23;0
50;2025-12-19;0;0
50;2025-12-19;1;0
50;2025-12-19;2;0
50;2025-12-19;3;0
50;2025-12-19;4;0
50;2025-12-19;5;0
50;2025-12-19;6;0
50;2025-12-19;7;0
50;2025-12-19;8;0
50;2025-12-19;9;0
50;2025-12-19;10;0
50;2025-12-19;11;0
50;2025-12-19;12;0
50;2025-12-19;13;0
50;2025-12-19;14;0
50;2025-12-19;15;0
50;2025-12-19;16;0
50;2025-12-19;17;0
50;2025-12-19;18;0
50;2025-12-19;19;0
50;2025-12-19;20;0
50;2025-12-19;21;0
50;2025-12-19;22;0
50;2025-12-19;23;0
50;2025-12-20;0;0
50;2025-12-20;1;0
50;2025-12-20;2;0
50;2025-12-20;3;0
50;2025-12-20;4;0
50;2025-12-20;5;0
50;2025-12-20;6;0
50;2025-12-20;7;0
50;2025-12-20;8;0
50;2025-12-20;9;0
50;2025-12-20;10;0
50;2025-12-20;11;0
50;2025-12-20;12;0
50;2025-12-20;13;0
50;2025-12-20;14;0
50;2025-12-20;15;0
50;2025-12-20;16;0
50;2025-12-20;17;0
50;2025-12-20;18;0
50;2025-12-20;19;0
50;2025-12-20;20;0
50;2025-12-20;21;0
50;2025-12-20;22;0
50;2025-12-20;23;0
50;2025-12-21;0;0
50;2025-12-21;1;0
50;2025-12-21;2;0
50;2025-12-21;3;0
50;2025-12-21;4;0
50;2025-12-21;5;0
50;2025-12-21;6;0
50;2025-12-21;7;0
50;2025-12-21;8;0
50;2025-12-21;9;0
50;2025-12-21;10;0
50;2025-12-21;11;0
50;2025-12-21;12;0
50;2025-12-21;13;0
50;2025-12-21;14;0
50;2025-12-21;15;0
50;2025-12-21;16;0
50;2025-12-21;17;0
50;2025-12-21;18;0
50;2025-12-21;19;0
50;2025-12-21;20;0
50;2025-12-21;21;0
50;2025-12-21;22;0
50;2025-12-21;23;0
50;2025-12-22;0;0
50;2025-12-22;1;0
50;2025-12-22;2;0
50;2025-12-22;3;0
50;2025-12-22;4;0
50;2025-12-22;5;0
50;2025-12-22;6;0
50;2025-12-22;7;0
50;2025-12-22;8;0
50;2025-12-22;9;0
50;2025-12-22;10;0
50;2025-12-22;11;0
50;2025-12-22;12;0
50;2025-12-22;13;0
50;2025-12-22;14;0
50;2025-12-22;15;0
50;2025-12-22;16;0
50;2025-12-22;17;0
50;2025-12-22;18;0
50;2025-12-22;19;0
50;2025-12-22;20;0
50;2025-12-22;21;0
50;2025-12-22;22;0
50;2025-12-22;23;0
50;2025-12-23;0;0
50;2025-12-23;1;0
50;2025-12-23;2;0
50;2025-12-23;3;0
50;2025-12-23;4;0
50;2025-12-23;5;0
50;2025-12-23;6;0
50;2025-12-23;7;0
50;2025-12-23;8;0
50;2025-12-23;9;0
50;2025-12-23;10;0
50;2025-12-23;11;0
50;2025-12-23;12;0
50;2025-12-23;13;0
50;2025-12-23;14;0
50;2025-12-23;15;0
50;2025-12-23;16;0
50;2025-12-23;17;0
50;2025-12-23;18;0
50;2025-12-23;19;0
50;2025-12-23;20;0
50;2025-12-23;21;0
50;2025-12-23;22;0
50;2025-12-23;23;0
50;2025-12-24;0;0
50;2025-12-24;1;0
50;2025-12-24;2;0
50;2025-12-24;3;0
50;2025-12-24;4;0
50;2025-12-24;5;0
50;2025-12-24;6;0
50;2025-12-24;7;0
50;2025-12-24;8;0
50;2025-12-24;9;0
50;2025-12-24;10;0
50;2025-12-24;11;0
50;2025-12-24;12;0
50;2025-12-24;13;0
50;2025-12-24;14;0
50;2025-12-24;15;0
50;2025-12-24;16;0
50;2025-12-24;17;0
50;2025-12-24;18;0
50;2025-12-24;19;0
50;2025-12-24;20;0
50;2025-12-24;21;0
50;2025-12-24;22;0
50;2025-12-24;23;0
50;2025-12-25;0;0
50;2025-12-25;1;0
50;2025-12-25;2;0
50;2025-12-25;3;0
50;2025-12-25;4;0
50;2025-12-25;5;0
50;2025-12-25;6;0
50;2025-12-25;7;0
50;2025-12-25;8;0
50;2025-12-25;9;0
50;2025-12-25;10;0
50;2025-12-25;11;0
50;2025-12-25;12;0
50;2025-12-25;13;0
50;2025-12-25;14;0
50;2025-12-25;15;0
50;2025-12-25;16;0
50;2025-12-25;17;0
50;2025-12-25;18;0
50;2025-12-25;19;0
50;2025-12-25;20;0
50;2025-12-25;21;0
50;2025-12-25;22;0
50;2025-12-25;23;0
50;2025-12-26;0;0
50;2025-12-26;1;0
50;2025-12-26;2;0
50;2025-12-26;3;0
50;2025-12-26;4;0
50;2025-12-26;5;0
50;2025-12-26;6;0
50;2025-12-26;7;0
50;2025-12-26;8;0
50;2025-12-26;9;0
50;2025-12-26;10;0
50;2025-12-26;11;0
50;2025-12-26;12;0
50;2025-12-26;13;0
50;2025-12-26;14;0
50;2025-12-26;15;0
50;2025-12-26;16;0
50;2025-12-26;17;0
50;2025-12-26;18;0
50;2025-12-26;19;0
50;2025-12-26;20;0
50;2025-12-26;21;0
50;2025-12-26;22;0
50;2025-12-26;23;0
50;2025-12-27;0;0
50;2025-12-27;1;0
50;2025-12-27;2;0
50;2025-12-27;3;0
50;2025-12-27;4;0
50;2025-12-27;5;0
50;2025-12-27;6;0
50;2025-12-27;7;0
50;2025-12-27;8;0
50;2025-12-27;9;0
50;2025-12-27;10;0
50;2025-12-27;11;0
50;2025-12-27;12;0
50;2025-12-27;13;0
50;2025-12-27;14;0
50;2025-12-27;15;0
50;2025-12-27;16;0
50;2025-12-27;17;0
50;2025-12-27;18;0
50;2025-12-27;19;0
50;2025-12-27;20;0
50;2025-12-27;21;0
50;2025-12-27;22;0
50;2025-12-27;23;0
50;2025-12-28;0;0
50;2025-12-28;1;0
50;2025-12-28;2;0
50;2025-12-28;3;0
50;2025-12-28;4;0
50;2025-12-28;5;0
50;2025-12-28;6;0
50;2025-12-28;7;0
50;2025-12-28;8;0
50;2025-12-28;9;0
50;2025-12-28;10;0
50;2025-12-28;11;0
50;2025-12-28;12;0
50;2025-12-28;13;0
50;2025-12-28;14;0
50;2025-12-28;15;0
50;2025-12-28;16;0
50;2025-12-28;17;0
50;2025-12-28;18;0
50;2025-12-28;19;0
50;2025-12-28;20;0
50;2025-12-28;21;0
50;2025-12-28;22;0
50;2025-12-28;23;0
50;2025-12-29;0;0
50;2025-12-29;1;0
50;2025-12-29;2;0
50;2025-12-29;3;0
50;2025-12-29;4;0
50;2025-12-29;5;0
50;2025-12-29;6;0
50;2025-12-29;7;0
50;2025-12-29;8;0
50;2025-12-29;9;0
50;2025-12-29;10;0
50;2025-12-29;11;0
50;2025-12-29;12;0
50;2025-12-29;13;0
50;2025-12-29;14;0
50;2025-12-29;15;0
50;2025-12-29;16;0
50;2025-12-29;17;0
50;2025-12-29;18;0
50;2025-12-29;19;0
50;2025-12-29;20;0
50;2025-12-29;21;0
50;2025-12-29;22;0
50;2025-12-29;23;0
50;2025-12-30;0;0
50;2025-12-30;1;0
50;2025-12-30;2;0
50;2025-12-30;3;0
50;2025-12-30;4;0
50;2025-12-30;5;0
50;2025-12-30;6;0
50;2025-12-30;7;0
50;2025-12-30;8;0
50;2025-12-30;9;0
50;2025-12-30;10;0
50;2025-12-30;11;0
50;2025-12-30;12;0
50;2025-12-30;13;0
50;2025-12-30;14;0
50;2025-12-30;15;0
50;2025-12-30;16;0
50;2025-12-30;17;0
50;2025-12-30;18;0
50;2025-12-30;19;0
50;2025-12-30;20;0
50;2025-12-30;21;0
50;2025-12-30;22;0
50;2025-12-30;23;0
50;2025-12-31;0;0
50;2025-12-31;1;0
50;2025-12-31;2;0
50;2025-12-31;3;0
50;2025-12-31;4;0
50;2025-12-31;5;0
50;2025-12-31;6;0
50;2025-12-31;7;0
50;2025-12-31;8;0
50;2025-12-31;9;0
50;2025-12-31;10;0
50;2025-12-31;11;0
50;2025-12-31;12;0
50;2025-12-31;13;0
50;2025-12-31;14;0
50;2025-12-31;15;0
50;2025-12-31;16;0
50;2025-12-31;17;0
50;2025-12-31;18;0
50;2025-12-31;19;0
50;2025-12-31;20;0
50;2025-12-31;21;0
50;2025-12-31;22;0
50;2025-12-31;23;0
