tree
version=v4
num_class=1
num_tree_per_iteration=1
label_index=0
max_feature_idx=17
feature_names=route hour dow temperature_2m apparent_temperature precipitation snowfall snow_depth cloud_cover wind_speed_10m network_regime holiday kind annual_sin annual_cos prior_share prior_neighbor_-1 prior_neighbor_1
feature_infos=[1:50] [0:23] [0:6] [-6.4000000000000004:35.100000000000001] [-10.4:33.700000000000003] [0:8.6999999999999993] [0:1.96] [0:0.20000000000000001] [0:100] [0.20000000000000001:28.699999999999999] [0:4] [0:1] [0:2] [-0.6420547132365636:0.99999073973619013] [-0.99996295911626554:1] [3.6856350551993096e-10:0.12679190043424382] [3.6856350551993096e-10:0.12679190043424382] [3.6856350551993096e-10:0.12679190043424382]
tree_sizes=1487 1486 1477 1487 1488 1467 1490 1481 1482 1478 1476 1490 1484 1481 1486 1479 1484 1487 1488 1476 1483 1474 1485 1468 1484 1480 1488 1482 1474 1484 1472 1486 1471 1482 1483 1472 1485 1468 1487 1488 1477 1474 1482 1494 1486 1490 1484 1495 1484 1489 1486 1482 1485 1491 1493 1478 1482 1484 1494 1491 1479 1482 1487 1497 1488 1472 1478 1494 1500 1480 1484 1485 1495 1493 1485 1482 1483 1481 1487 1492 1495 1483 1479 1491 1489 1488 1483 1489 1488 1464 1481 1492 1503 1492 1490 1497 1482 1486 1493 1494 1492 1496 1497 1480 1496 1485 1490 1484 1492 1478 1483 1468 1485 1481 1488 1480 1489 1490 1480 1483 1486 1479 1498 1491 1486 1482 1487 1500 1488 1491 1500 1485 1498 1484 1483 1497 1495 1475 1483 1503 1489 1485 1488 1491 1488 1480 1495 1494 1489 1494 1490 1491 1488 1487 1492 1482 1484 1479 1495 1486 1478 1490 1459 1488 1483 1490 1489 1489 1461 1496 1491 1499 1484 1498 1465 1491 1499 1488 1491 1487 1494 1494 1482 1502 1471 1498 1502 1484 1490 1490 1503 1476 1482 1493 1493 1500 1488 1476 1490 1499 1502 1468 1498 1489 1484 1474 1477 1479 1498 1488 1485 1483 1495 1508 1477 1482 1497 1498 1465 1490 1494 1504 1476 1501 1477 1511 1485 1482 1484 1489 1479 1497 1495 1492 1506 1498 1490 1486 1480 1499 1482 1486 1481 1489 1492 1488 1493 1496 1483 1475

Tree=0
num_leaves=12
num_cat=0
split_feature=1 13 14 1 14 14 17 17 13 15 3
split_gain=7.10463 84.0423 16.5654 11.922 11.2002 9.87374 13.285 9.16515 6.70745 6.12653 6.00259
threshold=18.500000000000004 0.26781182513105634 0.93834263341299773 19.500000000000004 -0.73829900574246976 -0.76107606668641947 0.024420930083715497 0.07735439169667975 0.34156760613242348 0.051752879240949894 14.050000000000002
decision_type=2 2 2 2 2 2 2 2 2 2 2
left_child=5 2 3 10 -3 6 -1 8 -8 -7 -2
right_child=1 4 -4 -5 -6 9 7 -9 -10 -11 -12
leaf_value=-0.0022426618103016413 -0.0043494102232845937 -0.00038059115394861758 -1.0528171688524496e-05 -0.0065524884336225983 0.0023429408093694889 0.0012923133639734634 0.00094723698095403844 -0.00028949127801024461 -5.878708226694661e-05 -0.00031531107133923143 -0.00098474791872506912
leaf_weight=1134.5466131490684 862.21667891042125 1355.270308587038 582.59410389708864 1161.9739390755567 3050.1910525695694 1541.1968263827039 18651.802531394525 7251.4137888776604 5320.0297670492437 29196.319030452545 554.0336682125926
leaf_count=20378 1360 4540 4075 7696 20720 40990 19727 5767 6872 54295 564
internal_value=6.28056e-14 -0.000722852 -0.00382091 -0.00467522 0.00150716 8.68847e-05 0.000391578 0.000488672 0.000724109 -0.000233916 -0.0030652
internal_weight=70661.6 7566.28 3160.82 2578.22 4405.46 63095.3 32357.8 31223.2 23971.8 30737.5 1416.25
internal_count=186984 38955 13695 9620 25260 148029 52744 32366 26599 95285 1924
is_linear=0
shrinkage=0.025


Tree=1
num_leaves=12
num_cat=0
split_feature=1 13 14 14 1 14 17 17 13 15 3
split_gain=6.46967 77.4808 14.6633 10.4833 10.1502 9.28498 12.535 8.68519 6.3252 5.8121 5.25239
threshold=18.500000000000004 0.26781182513105634 0.93834263341299773 -0.73829900574246976 19.500000000000004 -0.76107606668641947 0.024420930083715497 0.07735439169667975 0.34156760613242348 0.051752879240949894 14.050000000000002
decision_type=2 2 2 2 2 2 2 2 2 2 2
left_child=5 2 4 -3 10 6 -1 8 -8 -7 -2
right_child=1 3 -4 -5 -6 9 7 -9 -10 -11 -12
leaf_value=-0.0021783803340504298 -0.004084147538303582 -0.00037241675785555282 -1.5546646544201881e-05 0.0022569924232283866 -0.0060815222318712121 0.0012553244412543774 0.00091356557381341787 -0.00028666549373899166 -6.2197880623081239e-05 -0.00030762289599519657 -0.00095877030599796683
leaf_weight=1137.4575373000043 892.31052251695655 1355.3476997351245 582.80009526738286 3091.8374157697435 1212.4848734349471 1547.24750049656 18844.324302409077 7256.5406453175237 5320.7369363196194 29202.551509415811 556.36489691748284
leaf_count=20378 1360 4540 4075 20720 7696 40990 19727 5767 6872 54295 564
internal_value=-1.40096e-13 -0.000683709 -0.00361014 0.00145756 -0.00439138 8.32508e-05 0.000377368 0.000471213 0.000698845 -0.000228215 -0.00291325
internal_weight=71000 7691.15 3243.96 4447.19 2661.16 63308.9 32559.1 31421.6 24165.1 30749.8 1448.68
internal_count=186984 38955 13695 25260 9620 148029 52744 32366 26599 95285 1924
is_linear=0
shrinkage=0.025


Tree=2
num_leaves=12
num_cat=0
split_feature=1 13 14 1 14 17 17 13 3 2 13
split_gain=5.90913 71.8319 15.6612 10.9396 8.73979 11.833 8.23256 6.68678 6.06849 6.48383 5.97646
threshold=18.500000000000004 0.33346569090932193 0.93834263341299773 19.500000000000004 -0.76107606668641947 0.024420930083715497 0.07735439169667975 0.68391308835034159 14.050000000000002 3.5000000000000004 0.34156760613242348
decision_type=2 2 2 2 2 2 2 2 2 2 2
left_child=4 2 3 8 5 -1 10 -3 9 -2 -7
right_child=1 7 -4 -5 -6 6 -8 -9 -10 -11 -12
leaf_value=-0.0021164809531669378 -0.0027240848505298721 0.00036413698807738373 0.00021081139469973279 -0.0055902289305133279 -0.00022265876145626058 0.00088194178619655026 -0.0002834589336068568 0.0024356313057376597 -0.00078095104024532606 -0.0081024242035949278 -6.5489695936411251e-05
leaf_weight=1140.0892760139795 754.83370644249771 1602.9539454136848 698.42661739667528 1363.7355217827462 30760.738985862739 19024.617694954155 7260.925263223704 2494.0790564435047 728.97483935323544 166.17429688572884 5321.3834917377681
leaf_count=20378 828 7920 4795 8272 95285 19727 5767 15900 708 532 6872
internal_value=-4.29462e-14 -0.000648049 -0.00315851 -0.0039356 7.98657e-05 0.000364003 0.000454758 0.00163087 -0.00251744 -0.00384606 0.000674975
internal_weight=71316.9 7809.18 3712.14 3013.72 63507.8 32747 31606.9 4097.03 1649.98 921.008 24346
internal_count=186984 38955 15135 10340 148029 52744 32366 23820 2068 1360 26599
is_linear=0
shrinkage=0.025


Tree=3
num_leaves=12
num_cat=0
split_feature=1 13 14 1 14 15 17 13 4 15 3
split_gain=5.38938 66.6017 14.2107 9.64417 8.24568 11.2909 7.77446 6.09314 5.65851 5.31704 5.30722
threshold=18.500000000000004 0.34156760613242348 0.93834263341299773 19.500000000000004 -0.76107606668641947 0.045415469676416055 0.07735439169667975 0.68391308835034159 29.050000000000004 0.051752879240949894 14.050000000000002
decision_type=2 2 2 2 2 2 2 2 2 2 2
left_child=4 2 3 10 5 -1 -7 -3 9 -6 -2
right_child=1 7 -4 -5 8 6 -8 -9 -10 -11 -12
leaf_value=-0.0021156116477311711 -0.003604778276293707 0.0003660334589053718 0.00017466359650433291 -0.0052416654732858397 0.0012555479745133792 0.00065037773429727018 -0.00027989810802373221 0.0023450384789252196 -0.0023715737006284212 -0.00024191528152761965 -0.00076086688622242467
leaf_weight=1100.6345099671453 954.84088888042425 1584.8548953752816 720.31453824826167 1409.8128511284594 1543.4762185430955 24563.827880981262 7264.0464518161025 2531.487773696299 723.97613125474891 28493.668425773183 730.82353573548608
leaf_count=20655 1360 7740 4975 8272 40924 26322 5767 15900 2232 52129 708
internal_value=-1.37464e-14 -0.000613658 -0.00298521 -0.00371691 7.65958e-05 0.000351432 0.000438019 0.00158855 -0.000217642 -0.000164183 -0.00239517
internal_weight=71621.8 7932.13 3815.79 3095.48 63689.6 32928.5 31827.9 4116.34 30761.1 30037.1 1685.66
internal_count=186984 38955 15315 10340 148029 52744 32089 23640 95285 93053 2068
is_linear=0
shrinkage=0.025


Tree=4
num_leaves=12
num_cat=0
split_feature=1 13 14 1 14 17 17 13 4 13 15
split_gain=4.93932 62.1649 12.9145 8.50594 7.7866 10.7061 7.42682 5.6204 5.40481 5.38546 5.04533
threshold=18.500000000000004 0.34156760613242348 0.93834263341299773 19.500000000000004 -0.76107606668641947 0.024420930083715497 0.07735439169667975 0.68391308835034159 29.050000000000004 0.34156760613242348 0.051752879240949894
decision_type=2 2 2 2 2 2 2 2 2 2 2
left_child=4 2 3 -2 5 -1 9 -3 10 -7 -6
right_child=1 7 -4 -5 8 6 -8 -9 -10 -11 -12
leaf_value=-0.0020177364020825396 -0.0022975458866042061 0.00036201925435736302 0.00016704344337068475 -0.0049425996889534826 0.0012199604938325358 0.0008254845213832001 -0.00027665254929227638 0.0022571321814284237 -0.0023068004393675813 -7.2037665136849232e-05 -0.00023593693054784856
leaf_weight=1142.3527844142955 1711.7478896412031 1586.1605200316917 720.79654043194023 1450.8870596764973 1549.8220235479639 19354.193084540893 7266.8271273556165 2568.9044761064324 731.5319128439296 5323.4948848189088 28497.532813470902
leaf_count=20378 2068 7740 4975 8272 40924 19727 5767 15900 2232 6872 52129
internal_value=1.67514e-13 -0.000583244 -0.00285006 -0.00353442 7.35699e-05 0.000339716 0.000425229 0.00153889 -0.000212568 0.000631969 -0.000160081
internal_weight=71904.3 8038.5 3883.43 3162.63 63865.8 33086.9 31944.5 4155.06 30778.9 24677.7 30047.4
internal_count=186984 38955 15315 10340 148029 52744 32366 23640 95285 26599 93053
is_linear=0
shrinkage=0.025


Tree=5
num_leaves=12
num_cat=0
split_feature=1 13 14 1 14 15 1 2 2 1 3
split_gain=4.54564 58.0081 11.7303 8.0626 7.361 10.2147 7.17724 10.5763 27.9111 7.63968 6.65372
threshold=18.500000000000004 0.36571913681022045 0.93225468035816139 20.500000000000004 -0.76107606668641947 0.045415469676416055 17.500000000000004 3.5000000000000004 4.5000000000000009 12.500000000000002 14.050000000000002
decision_type=2 2 2 2 2 2 2 2 2 2 2
left_child=4 2 3 10 5 -1 9 -8 -9 -7 -2
right_child=1 -3 -4 -5 -6 6 7 8 -10 -11 -12
leaf_value=-0.0020156062357820732 -0.003744063182959053 0.0015348158429168287 0.0001797398997578032 -0.0058377671830610401 -0.00020761662595232056 0.00017902498744723017 -6.0658753494951303e-05 -0.013664114788378251 -0.00060590562031551522 0.0010054259297504475 -0.0012006986336763319
leaf_weight=1103.0352619397891 1528.0450608353131 4101.6644060567596 733.83074015419334 631.13466557698121 30795.418531038697 15667.781048976351 3306.0834176000208 115.35655036848038 427.30150646751281 12621.220797098707 1145.1200492668431
leaf_count=20655 2748 23220 5115 6372 95285 15436 1728 432 616 13877 1500
internal_value=8.39977e-14 -0.000555727 -0.00267626 -0.0033078 7.07913e-05 0.000328688 0.000410352 -0.000600274 -0.00376881 0.000548176 -0.00267155
internal_weight=72176 8139.79 4038.13 3304.3 64036.2 33240.8 32137.7 3848.74 542.658 28289 2673.17
internal_count=186984 38955 15735 10620 148029 52744 32089 2776 1048 29313 4248
is_linear=0
shrinkage=0.025


Tree=6
num_leaves=12
num_cat=0
split_feature=1 13 14 1 14 17 17 4 13 13 15
split_gain=4.18709 54.3999 10.8039 7.06744 6.98517 9.68285 6.7834 5.15076 5.11045 4.8879 4.78086
threshold=18.500000000000004 0.34156760613242348 -1.0000000180025095e-35 19.500000000000004 -0.76107606668641947 0.025060632274579078 0.07735439169667975 29.050000000000004 0.68391308835034159 0.34156760613242348 0.051752879240949894
decision_type=2 2 2 2 2 2 2 2 2 2 2
left_child=4 2 3 -2 5 -1 9 10 -3 -7 -6
right_child=1 8 -4 -5 7 6 -8 -9 -10 -11 -12
leaf_value=-0.0018546282245640287 -0.0021057970381468754 0.00032183960895785775 0.00015126695937875111 -0.0044742409200524543 0.0011890717154638892 0.00077927560628711487 -0.00026811327241228045 -0.0022361737334214661 0.0021172132353393411 -7.4894855416208467e-05 -0.0002260537789712695
leaf_weight=1215.4327301058074 1760.303193905158 1595.7357759604547 721.76499960172623 1514.7656999309438 1554.7214115399183 19618.031333314022 7310.8379506968195 740.11711043812102 2630.2388651960864 5317.5635972045129 28500.14499136652
leaf_count=20491 2068 7740 4975 8272 40924 19651 5767 2232 15900 6835 52129
internal_value=-5.09026e-14 -0.000530467 -0.00261491 -0.00322174 6.80266e-05 0.000317991 0.00040098 -0.000203615 0.00144399 0.000597208 -0.000152108
internal_weight=72479.7 8222.81 3996.83 3275.07 64256.8 33461.9 32246.4 30795 4225.97 24935.6 30054.9
internal_count=186984 38955 15315 10340 148029 52744 32253 95285 23640 26486 93053
is_linear=0
shrinkage=0.025


Tree=7
num_leaves=12
num_cat=0
split_feature=1 13 14 14 14 15 1 2 15 1 1
split_gain=3.86577 50.948 7.90598 7.42222 6.60987 9.25408 6.50721 9.15461 18.8569 7.05272 5.16041
threshold=18.500000000000004 0.26781182513105634 0.93834263341299773 -0.73829900574246976 -0.76107606668641947 0.045415469676416055 17.500000000000004 3.5000000000000004 0.082282658731194377 12.500000000000002 20.500000000000004
decision_type=2 2 2 2 2 2 2 2 2 2 2
left_child=4 2 10 -3 5 -1 9 -8 -9 -7 -2
right_child=1 3 -4 -5 -6 6 7 8 -10 -11 -12
leaf_value=-0.0019222130811768355 -0.0026847488214326019 -0.00032593227586121118 -5.9380437247326905e-05 0.00185037150566741 -0.00019887780285749365 0.00016052864792288413 -5.7849561847765437e-05 -0.00091989469458357467 -0.011442958152276035 0.00094950262583226315 -0.0053215381576181406
leaf_weight=1104.5724519209034 2440.803100565794 1379.7746843153946 584.40529930281627 3311.0638396424074 30809.991904520852 15768.180251853541 3302.4768550812732 457.81494287145324 120.33241874934174 12848.468290370423 597.75658605887293
leaf_count=20655 3848 4540 4075 20720 95285 15436 1728 611 437 13877 5772
internal_value=2.59918e-13 -0.000506668 -0.00272579 0.00121156 6.55339e-05 0.000307951 0.000384889 -0.000573642 -0.00341949 0.000515182 -0.00323487
internal_weight=72725.6 8313.8 3622.96 4690.84 64411.8 33601.8 32497.3 3880.62 578.147 28616.6 3038.56
internal_count=186984 38955 13695 25260 148029 52744 32089 2776 1048 29313 9620
is_linear=0
shrinkage=0.025


Tree=8
num_leaves=12
num_cat=0
split_feature=1 13 14 1 14 17 17 3 2 4 15
split_gain=3.57614 47.9953 9.14021 6.42415 6.24023 8.76099 6.16573 5.49937 5.81442 4.9073 4.54559
threshold=18.500000000000004 0.36571913681022045 0.93225468035816139 20.500000000000004 -0.76107606668641947 0.025060632274579078 0.07735439169667975 14.050000000000002 3.5000000000000004 29.050000000000004 0.052457211996178352
decision_type=2 2 2 2 2 2 2 2 2 2 2
left_child=4 2 3 7 5 -1 -7 8 -2 10 -6
right_child=1 -3 -4 -5 9 6 -8 -9 -10 -11 -12
leaf_value=-0.0017677030446884006 -0.0024039358315229675 0.0013999510516052569 0.00015313888151449186 -0.0051102700809847485 0.0010073734527532756 0.000561406359546924 -0.00026089065184905748 -0.0010278780736427959 -0.0059921852152200333 -0.0021667640905226634 -0.00022553630629730721
leaf_weight=1217.307276441541 1240.5822261334379 4201.2897626450776 736.23657830433149 664.13474031168153 1982.4829074661611 25225.800365520059 7347.731312903692 1176.2038733126828 371.79786371206865 748.65321066445904 28078.384479124848
leaf_count=20491 1656 23220 5115 6372 41867 26486 5767 1500 1092 2232 51186
internal_value=-3.12649e-15 -0.000484925 -0.00237302 -0.00290946 6.31123e-05 0.00029765 0.000375872 -0.00235266 -0.00329463 -0.000194147 -0.000143611
internal_weight=72990.6 8390.25 4188.96 3452.72 64600.4 33790.8 32573.5 2788.58 1612.38 30809.5 30060.9
internal_count=186984 38955 15735 10620 148029 52744 32253 4248 2748 95285 93053
is_linear=0
shrinkage=0.025


Tree=9
num_leaves=12
num_cat=0
split_feature=4 1 1 14 13 14 15 1 2 2 1
split_gain=3.44128 4.83391 4.18497 43.6171 12.3161 4.61943 8.40578 5.927 8.14293 13.8987 6.52437
threshold=28.650000000000002 16.500000000000004 18.500000000000004 -0.76107606668641947 0.073094453017891456 -0.76107606668641947 0.045415469676416055 17.500000000000004 3.5000000000000004 4.5000000000000009 12.500000000000002
decision_type=2 2 2 2 2 2 2 2 2 2 2
left_child=2 -2 5 4 -4 6 -1 10 -9 -10 -8
right_child=1 -3 3 -5 -6 -7 7 8 9 -11 -12
leaf_value=-0.0018363835880434304 -0.0028085679412219958 0.00072758695663703522 -0.0034307390564385157 0.0014133888706447583 -0.00078996745753153591 -0.00013710604280510035 0.0001438577832426716 -5.4084828479231954e-05 -0.0086125500506795231 -0.00058909608047450987 0.0008984183619199865
leaf_weight=1105.1780291068426 604.89283085777788 382.76728932610058 2350.7600459488494 3920.8632865070686 2094.2010522261371 29941.965725889793 15856.237114293035 3297.3404654080514 179.54894495336339 426.8965760570718 13055.484524408006
leaf_count=20655 2012 1000 7620 24547 6260 92801 15436 1728 432 616 13877
internal_value=1.08091e-13 -0.00145089 2.02358e-05 -0.000504856 -0.00219568 8.91579e-05 0.000288845 0.000361495 -0.000550822 -0.00316371 0.000484975
internal_weight=73216.1 987.66 72228.5 8365.82 4444.96 63862.7 33920.7 32815.5 3903.79 606.446 28911.7
internal_count=186984 3012 183972 38427 13880 145545 52744 32089 2776 1048 29313
is_linear=0
shrinkage=0.025


Tree=10
num_leaves=12
num_cat=0
split_feature=4 1 1 13 14 1 3 2 13 17 1
split_gain=3.31039 4.51785 3.88972 41.4304 7.67944 5.8722 4.49963 4.53995 4.36322 9.73465 7.19098
threshold=28.650000000000002 16.500000000000004 18.500000000000004 0.36571913681022045 0.93225468035816139 20.500000000000004 14.050000000000002 3.5000000000000004 0.36571913681022045 0.025060632274579078 17.500000000000004
decision_type=2 2 2 2 2 2 2 2 2 2 2
left_child=2 -2 8 4 5 6 7 -4 9 -1 -11
right_child=1 -3 3 -5 -6 -7 -8 -9 -10 10 -12
leaf_value=-0.0018838179273513171 -0.002715935075211626 0.0006931816948702609 -0.0021947220193963123 0.0012930351347510184 0.00011294956812874184 -0.0047629771305360427 -0.00096072814776432226 -0.0052632350165377016 -0.00012862240141224546 0.00050621199120449523 -0.00064431142504209815
leaf_weight=1226.4520294333342 613.14753855939853 383.23459515455397 1271.3526785231625 4149.5889547183397 738.61406568771417 680.39860182315897 1186.9310098954011 405.63991920766421 30700.560246053064 28268.605293304194 3841.0358002292924
leaf_count=23409 2012 1000 1656 22692 5115 6372 1500 1092 85752 33237 3147
internal_value=3.4816e-14 -0.00141686 1.9866e-05 -0.000484211 -0.00220413 -0.00268492 -0.00216162 -0.00299023 8.63748e-05 0.000284333 0.000368268
internal_weight=73465.6 996.382 72469.2 8432.53 4282.94 3544.32 2863.92 1676.99 64036.7 33336.1 32109.6
internal_count=186984 3012 183972 38427 15735 10620 4248 2748 145545 59793 36384
is_linear=0
shrinkage=0.025


Tree=11
num_leaves=12
num_cat=0
split_feature=4 1 1 13 14 1 14 15 17 15 1
split_gain=3.18676 4.22721 3.61068 38.8939 7.15087 5.40459 4.13994 7.65051 5.39444 4.41542 4.27045
threshold=28.650000000000002 16.500000000000004 18.500000000000004 0.36571913681022045 0.93225468035816139 20.500000000000004 -0.76107606668641947 0.045415469676416055 0.07735439169667975 0.052633956298864942 17.500000000000004
decision_type=2 2 2 2 2 2 2 2 2 2 2
left_child=2 -2 6 4 5 -4 7 -1 -9 -8 -11
right_child=1 -3 3 -5 -6 -7 9 8 -10 10 -12
leaf_value=-0.0017547867539424154 -0.0026291431644927038 0.00066001410787249425 -0.0020798922323381898 0.0012535069408667792 0.00011767395436634884 -0.0045587984775448736 0.00095709885112101815 0.00051129763489640332 -0.00025410967760386644 -0.00031601227800056865 0.00073697199161247258
leaf_weight=1106.8200846079562 620.90453635744052 383.70299054309726 2897.5856029915158 4178.2653177685643 738.42270647847181 690.30125093086099 2143.5709787499982 25715.58219862706 7399.0809039511951 25155.864789199426 2642.7072494679196
leaf_count=20655 2012 1000 4248 22692 5115 6372 42114 26322 5767 45836 4851
internal_value=-2.13203e-13 -0.00138451 1.9516e-05 -0.000463904 -0.00212068 -0.00257946 8.37155e-05 0.000271482 0.000340226 -0.000130925 -0.000215451
internal_weight=73672.8 1004.61 72668.2 8504.57 4326.31 3587.89 64163.6 34221.5 33114.7 29942.1 27798.6
internal_count=186984 3012 183972 38427 15735 10620 145545 52744 32089 92801 50687
is_linear=0
shrinkage=0.025


Tree=12
num_leaves=12
num_cat=0
split_feature=4 1 1 14 13 14 15 1 2 15 1
split_gain=3.06885 3.95742 3.36878 36.8622 9.67138 3.93546 7.24845 5.14656 7.22904 10.7089 6.01341
threshold=28.650000000000002 16.500000000000004 18.500000000000004 -0.76107606668641947 0.073094453017891456 -0.76107606668641947 0.045415469676416055 17.500000000000004 3.5000000000000004 0.082711498669741521 12.500000000000002
decision_type=2 2 2 2 2 2 2 2 2 2 2
left_child=2 -2 5 4 -4 6 -1 10 -9 -10 -8
right_child=1 -3 3 -5 -6 -7 7 8 9 -11 -12
leaf_value=-0.0017081159642753467 -0.0025466198009120042 0.00062775382232959124 -0.0030385559782674832 0.0013036955882489978 -0.0007265679333129185 -0.00012801630864667793 0.0001174729177673908 -3.8605955939539292e-05 -0.00095873428490954402 -0.0082478031653854499 0.00083675791047776961
leaf_weight=1107.2190152179974 628.43952170469129 384.28118560155417 2453.5017415343355 3997.1644070576585 2113.178118544758 29973.207079691681 15982.500582298147 3291.9526736601256 484.50235301372595 153.4368386878632 13309.244055321324
leaf_count=20655 2012 1000 7620 24547 6260 92801 15436 1728 641 407 13877
internal_value=1.07027e-13 -0.00135326 1.91743e-05 -0.000446025 -0.00197654 8.12498e-05 0.000263932 0.000330645 -0.000516981 -0.00290932 0.000444641
internal_weight=73878.6 1012.72 72865.9 8563.84 4566.68 64302.1 34328.9 33221.6 3929.89 637.939 29291.7
internal_count=186984 3012 183972 38427 13880 145545 52744 32089 2776 1048 29313
is_linear=0
shrinkage=0.025


Tree=13
num_leaves=12
num_cat=0
split_feature=4 1 1 13 14 1 13 17 1 2 15
split_gain=2.95696 3.77273 3.13947 34.9739 6.07061 5.06049 3.70966 8.64012 6.45041 7.64566 15.2533
threshold=28.650000000000002 17.500000000000004 18.500000000000004 0.34156760613242348 -1.0000000180025095e-35 19.500000000000004 0.36571913681022045 0.025060632274579078 17.500000000000004 3.5000000000000004 0.082711498669741521
decision_type=2 2 2 2 2 2 2 2 2 2 2
left_child=2 -2 6 4 5 -4 7 -1 -9 -10 -11
right_child=1 -3 3 -5 -6 -7 -8 8 9 10 -12
leaf_value=-0.0017793110969469346 -0.0020178679946509415 0.0018387223744406997 -0.0015394862322597827 0.0011583427460265313 6.1709302508552809e-05 -0.0034496178822311049 -0.00011977711801856774 0.00046747105882040505 -0.00012991799877809591 -0.0011022268268087085 -0.010755435678389743
leaf_weight=1231.0274679534486 842.43137505714549 177.7238997311506 1915.1377785785589 4318.0286086482647 727.53117158084751 1660.1541473741127 30740.519609277369 28627.33880304714 3243.7960724672303 498.39077283837833 110.66424005269073
leaf_count=23409 2320 692 2068 23112 4975 8272 85752 33237 1924 801 422
internal_value=-1.8192e-13 -0.00132357 1.88352e-05 -0.000428656 -0.00201925 -0.00244069 7.88046e-05 0.000259851 0.000338184 -0.000619895 -0.00314239
internal_weight=74092.7 1020.16 73072.6 8620.85 4302.82 3575.29 64451.7 33711.2 32480.2 3852.85 609.055
internal_count=186984 3012 183972 38427 15315 10340 145545 59793 36384 3147 1223
is_linear=0
shrinkage=0.025


Tree=14
num_leaves=12
num_cat=0
split_feature=4 1 1 14 13 14 15 17 15 1 2
split_gain=2.84318 3.57315 2.92895 33.0656 8.37582 3.53717 6.59978 4.77125 4.20961 4.05512 6.7256
threshold=28.650000000000002 16.500000000000004 18.500000000000004 -0.76107606668641947 0.073094453017891456 -0.76107606668641947 0.045415469676416055 0.07735439169667975 0.052457211996178352 17.500000000000004 3.5000000000000004
decision_type=2 2 2 2 2 2 2 2 2 2 2
left_child=2 -2 5 4 -4 6 -1 -8 -7 -10 -11
right_child=1 -3 3 -5 -6 8 7 -9 9 10 -12
leaf_value=-0.0016322957344580306 -0.0024124997260358944 0.00058621013532656461 -0.0028243304072519612 0.0012359581793945735 -0.0006859957585093415 0.0009860449962261137 0.00047131685869159423 -0.00024517234507456548 -0.00029885925363647018 0.0014117059640637039 -0.0015362902535902736
leaf_weight=1108.5415056732963 640.66323971846941 387.38812010057518 2507.4537720950029 4044.6618263633027 2123.3058707260025 1979.6372374066996 26045.061127755092 7460.9659831013996 25342.023463819038 2043.426187334815 613.81586865149438
leaf_count=20655 2012 1000 7620 24547 6260 41827 26322 5767 46123 2980 1871
internal_value=-1.53942e-13 -0.00129291 1.8489e-05 -0.000412276 -0.00185102 7.64538e-05 0.000248557 0.000311721 -0.000122295 -0.000201306 0.000724337
internal_weight=74296.9 1028.05 73268.9 8675.42 4630.76 64593.5 34614.6 33506 29978.9 27999.3 2657.24
internal_count=186984 3012 183972 38427 13880 145545 52744 32089 92801 50974 4851
is_linear=0
shrinkage=0.025


Tree=15
num_leaves=12
num_cat=0
split_feature=4 1 13 14 1 13 17 1 2 2 1
split_gain=2.75903 2.36804 32.2508 5.23828 4.836 3.70925 7.94731 5.97087 6.74971 11.1239 4.94734
threshold=30.750000000000004 18.500000000000004 0.36571913681022045 -1.0000000180025095e-35 21.500000000000004 0.36571913681022045 0.025060632274579078 17.500000000000004 3.5000000000000004 4.5000000000000009 17.500000000000004
decision_type=2 2 2 2 2 2 2 2 2 2 2
left_child=1 5 3 4 -3 6 -1 -8 -9 -10 -7
right_child=-2 2 -4 -5 -6 10 7 8 9 -11 -12
leaf_value=-0.0017082134266410852 -0.0018524323330921682 -0.001992117099267447 0.0011598794591885383 5.7123483521898744e-05 -0.0057167108110004845 -0.00023129148297315467 0.00044398967086366892 -0.0001294123526449326 -0.0076573043218514207 -0.00064975395977225233 0.00086136739342164382
leaf_weight=1234.0347338874126 479.15394501655828 3495.1643502278021 4337.3145399944169 740.8539738540876 220.4865968343438 28445.184402211326 28834.320902128064 3247.7509877057746 190.02901839453261 447.51435521431267 2829.4740071271844
leaf_count=23409 1352 6372 23084 5115 4248 82440 33237 1924 481 742 4580
internal_value=2.13358e-13 1.24881e-05 -0.000372142 -0.00186171 -0.00224256 6.44406e-05 0.000245306 0.000319983 -0.000597884 -0.00290783 -0.000131949
internal_weight=74501.3 74022.1 8793.82 4456.5 3715.65 65228.3 33953.6 32719.6 3885.29 637.543 31274.7
internal_count=186984 185632 38819 15735 10620 146813 59793 36384 3147 1223 87020
is_linear=0
shrinkage=0.025


Tree=16
num_leaves=12
num_cat=0
split_feature=4 1 1 13 14 15 14 1 14 15 17
split_gain=2.68207 3.3691 2.56612 29.7436 4.64075 4.00655 3.67593 3.6953 3.17578 6.10871 4.36922
threshold=28.650000000000002 17.500000000000004 18.500000000000004 0.26781182513105634 -0.73829900574246976 0.04188734074645889 0.93834263341299773 21.500000000000004 -0.74979862697202038 0.045415469676416055 0.07735439169667975
decision_type=2 2 2 2 2 2 2 2 2 2 2
left_child=2 -2 8 6 -5 -6 7 -4 9 -1 -11
right_child=1 -3 3 4 5 -7 -8 -9 -10 10 -12
leaf_value=-0.0015649201237203604 -0.0019008925534797099 0.0017020634522465527 -0.0020680180149252256 -0.00028094330632277614 0.0028356323376938978 0.00089991576116992011 -0.00015293002155838291 -0.0054940072643477984 -0.00011691324540029382 0.0004462704158885201 -0.00023545453954617151
leaf_weight=1122.0380194827594 857.68917510285974 182.54281383601483 3163.7619649108965 1393.589844565744 906.36505902476347 2523.7605224539875 586.04633264875156 199.96911824928975 29901.017335520715 26326.063417989761 7548.5338404999347
leaf_count=20913 2320 692 5772 4540 13508 6684 4075 3848 92269 26521 5842
internal_value=-3.95299e-15 -0.00124846 1.79622e-05 -0.00038283 0.000932933 0.00142488 -0.00198633 -0.00230296 7.22463e-05 0.000233838 0.000294307
internal_weight=74711.4 1040.23 73671.1 8773.49 4823.72 3430.13 3949.78 3363.73 64897.7 34996.6 33874.6
internal_count=186984 3012 183972 38427 24732 20192 13695 9620 145545 53276 32363
is_linear=0
shrinkage=0.025


Tree=17
num_leaves=12
num_cat=0
split_feature=4 1 13 14 1 10 14 15 15 17 1
split_gain=2.58491 2.06387 28.8969 4.54315 4.06813 3.54401 3.34678 5.78914 4.18035 4.15776 4.07792
threshold=30.750000000000004 18.500000000000004 0.38168568572378603 -1.0000000180025095e-35 20.500000000000004 1.5000000000000002 -0.74979862697202038 0.045415469676416055 0.051752879240949894 0.07735439169667975 17.500000000000004
decision_type=2 2 2 2 2 2 2 2 2 2 2
left_child=1 6 3 4 -3 -4 7 -1 -8 -9 -10
right_child=-2 2 5 -5 -6 -7 8 9 10 -11 -12
leaf_value=-0.0015241053864258162 -0.0017831517283925899 -0.0016513708999483193 0.0010343492593558317 5.182347956494574e-05 -0.003723606910195998 0.0072704027436800035 0.0011231526956839593 0.00043349263846016207 -0.00029646235720015649 -0.0002312568891315747 0.00071129246880233374
leaf_weight=1122.1473690948187 484.6764108648058 3089.0979493230116 4266.699794001539 753.11533506780324 741.92070552771474 38.388589106267318 1554.751025739155 26412.396663050866 26083.091198506492 7549.3982518238481 2757.5354397047886
leaf_count=20913 1352 4320 22216 5255 6480 548 40700 26521 47914 5842 4923
internal_value=2.48224e-13 1.20975e-05 -0.000344906 -0.00172265 -0.00206994 0.00112332 6.06535e-05 0.000226955 -0.000131324 0.000285676 -0.000199682
internal_weight=74853.2 74368.5 8889.22 4584.13 3831.02 4305.09 65479.3 35083.9 30395.4 33961.8 28840.6
internal_count=186984 185632 38819 16055 10800 22764 146813 53276 93537 32363 52837
is_linear=0
shrinkage=0.025


Tree=18
num_leaves=12
num_cat=0
split_feature=4 1 1 13 14 15 14 1 14 17 16
split_gain=2.52459 3.13623 2.24625 26.7507 4.17119 3.72446 3.19352 3.35632 2.85076 5.56476 4.03777
threshold=28.650000000000002 16.500000000000004 18.500000000000004 0.26781182513105634 -0.73829900574246976 0.04188734074645889 -1.0000000180025095e-35 19.500000000000004 -0.74979862697202038 0.025060632274579078 0.06799817920075775
decision_type=2 2 2 2 2 2 2 2 2 2 2
left_child=2 -2 8 6 -5 -6 7 -4 9 -1 -10
right_child=1 -3 3 4 5 -7 -8 -9 10 -11 -12
leaf_value=-0.0014199842893379809 -0.0022389122792933315 0.0005390848185379166 -0.0013972072719558686 -0.00026486843430641887 0.0026947330338813569 0.0008441078115547819 -0.00015623292085177772 -0.0029943188966626631 0.0001660258653657195 0.00028099275098319613 -0.00041505813828717993
leaf_weight=1226.5415914206533 657.18979872914497 395.96269856626168 1811.2764863665216 1394.9005413338455 923.79676975687835 2549.3560330991313 586.17468333875877 1596.8749246964035 15663.636654050995 33940.921475457377 14260.356387317468
leaf_count=20712 2012 1000 1924 4540 13508 6684 4075 7696 66091 32564 26178
internal_value=5.49282e-13 -0.00120386 1.74647e-05 -0.000355477 0.000887333 0.00134895 -0.00186702 -0.00215863 6.83354e-05 0.000220894 -0.000110983
internal_weight=75007 1053.15 73953.8 8862.38 4868.05 3473.15 3994.33 3408.15 65091.5 35167.5 29924
internal_count=186984 3012 183972 38427 24732 20192 13695 9620 145545 53276 92269
is_linear=0
shrinkage=0.025


Tree=19
num_leaves=12
num_cat=0
split_feature=4 1 1 13 14 1 10 13 17 1 2
split_gain=2.43415 3.01308 2.09946 25.3257 4.03087 3.88922 3.06556 2.69653 6.97734 6.68061 6.2726
threshold=28.650000000000002 17.500000000000004 18.500000000000004 0.34156760613242348 0.9441525352944613 21.500000000000004 1.5000000000000002 0.26781182513105634 0.025060632274579078 17.500000000000004 3.5000000000000004
decision_type=2 2 2 2 2 2 2 2 2 2 2
left_child=2 -2 7 4 5 -4 -5 8 -1 -10 -11
right_child=1 -3 3 6 -6 -7 -8 -9 9 10 -12
leaf_value=-0.0016722994473320199 -0.0017926482746332129 0.0015768149655409969 -0.0017740848629454323 0.00090870366878114176 6.5496018187323742e-05 -0.0051277736348069244 0.0066446161074499134 -8.7007853951571689e-05 0.00044497070477122309 -0.00021736925943693404 -0.0029576207720502902
leaf_weight=1134.8705437097015 872.15790030447897 187.38907611024842 3534.0927574014058 4410.9761249454968 702.51809124328065 218.11326951531009 39.618837413028814 34117.835330219299 26391.081356314477 2913.1908709427807 617.12331686157268
leaf_count=20397 2320 692 6354 22584 4725 4236 528 93504 28905 1636 1103
internal_value=2.03504e-13 -0.00117856 1.71703e-05 -0.000342435 -0.00167137 -0.00199519 0.000989262 6.63964e-05 0.000234871 0.000308276 -0.000710347
internal_weight=75139 1059.55 74079.4 8905.32 4454.72 3752.21 4450.59 65174.1 31056.3 29921.4 3530.31
internal_count=186984 3012 183972 38427 15315 10590 23112 145545 52041 31644 2739
is_linear=0
shrinkage=0.025


Tree=20
num_leaves=12
num_cat=0
split_feature=4 1 14 13 10 1 14 15 15 17 1
split_gain=2.36007 1.6787 24.7711 6.04993 3.17356 3.03549 2.88328 5.07378 3.93971 3.86656 3.82105
threshold=30.750000000000004 18.500000000000004 -0.74979862697202038 0.073094453017891456 1.5000000000000002 20.500000000000004 -0.74979862697202038 0.045415469676416055 0.051752879240949894 0.07735439169667975 17.500000000000004
decision_type=2 2 2 2 2 2 2 2 2 2 2
left_child=1 6 3 -3 -4 -5 7 -1 -8 -9 -10
right_child=-2 2 4 5 -6 -7 8 9 10 -11 -12
leaf_value=-0.0014304202975898104 -0.0016918433009110929 -0.00233507492635858 0.0010017897586973436 -8.4211455345254772e-05 0.0067884277473661565 -0.0024071709733103162 0.0010927548081838044 0.00040525659042087506 -0.0002830459195848224 -0.00023437129862104554 0.00068960500698040132
leaf_weight=1122.2032977272902 491.82756166788749 2627.2057741020399 4167.5133644883135 1758.5771740558557 40.810900892829522 419.93010090031385 1560.4356005643313 26639.025440129451 26111.794674232751 7573.6242903246311 2775.19847771684
leaf_count=20913 1352 7620 24251 2560 548 3840 40700 26521 47914 5842 4923
internal_value=1.18682e-13 1.15741e-05 -0.000307987 -0.00153142 0.00108975 -0.000549811 5.54434e-05 0.000209029 -0.000122816 0.000263609 -0.00018919
internal_weight=75288.1 74796.3 9014.04 4805.71 4208.32 2178.51 65782.3 35334.9 30447.4 34212.6 28887
internal_count=186984 185632 38819 14020 24799 6400 146813 53276 93537 32363 52837
is_linear=0
shrinkage=0.025


Tree=21
num_leaves=12
num_cat=0
split_feature=4 1 1 13 14 1 10 3 13 17 1
split_gain=2.29349 2.80535 1.84031 22.9256 3.46396 3.54033 2.74829 2.66819 2.44065 6.43644 6.23684
threshold=28.650000000000002 16.500000000000004 18.500000000000004 0.38168568572378603 0.92589048012183106 21.500000000000004 1.5000000000000002 13.850000000000003 0.26781182513105634 0.025060632274579078 17.500000000000004
decision_type=2 2 2 2 2 2 2 2 2 2 2
left_child=2 -2 8 4 5 7 -5 -4 9 -1 -11
right_child=1 -3 3 6 -6 -7 -8 -9 -10 10 -12
leaf_value=-0.0016074716825614035 -0.0021068298545891097 0.00049898976330574579 -0.0021640476750863242 0.00091245981903090182 2.0215191032712105e-05 -0.004715969233659279 0.0062624440232257441 -0.00077506333530204328 -8.3254818097079975e-05 0.00042423309481715623 -0.00068956536056775757
leaf_weight=1137.3022774387282 669.57850721874638 402.42405614805102 2216.725647423882 4274.6648270990554 755.59874831489287 233.97935259414226 41.567478158976883 1462.0517908748006 34139.232569078435 26549.679985977069 3545.3966456155758
leaf_count=20397 2012 1000 4172 21844 5255 4320 528 2308 93504 28905 2739
internal_value=7.01116e-14 -0.0011374 1.66994e-05 -0.000318379 -0.00152957 -0.00182743 0.000992629 -0.0016192 6.28355e-05 0.000222474 0.00029265
internal_weight=75428.2 1072 74356.2 8984.59 4668.36 3912.76 4316.23 3678.78 65371.6 31232.4 30095.1
internal_count=186984 3012 183972 38427 16055 10800 22372 6480 145545 52041 31644
is_linear=0
shrinkage=0.025


Tree=22
num_leaves=12
num_cat=0
split_feature=4 1 14 13 10 1 14 15 15 1 2
split_gain=2.21627 1.46043 22.3439 5.25282 2.92207 2.81058 2.60495 4.62915 3.75394 3.64881 6.50044
threshold=30.750000000000004 18.500000000000004 -0.74979862697202038 0.073094453017891456 1.5000000000000002 20.500000000000004 -0.74979862697202038 0.045415469676416055 0.051752879240949894 17.500000000000004 3.5000000000000004
decision_type=2 2 2 2 2 2 2 2 2 2 2
left_child=1 6 3 -3 -4 -5 7 -1 -8 -10 -11
right_child=-2 2 4 5 -6 -7 8 -9 9 10 -12
leaf_value=-0.0013683122135565698 -0.0016322377201579117 -0.0021835233146641118 0.00095153771254841656 -7.7854234065740128e-05 0.0064230042637364974 -0.0023077476425749466 0.0010673429314091562 0.00024959750432579055 -0.00027401512272338572 0.0013283708665098601 -0.001519387805872764
leaf_weight=1122.2979979326192 496.36680380417965 2664.5771216589674 4202.4986860778408 1761.456153519568 42.634260030114092 422.37256267218618 1565.2829200562046 34373.11303755478 26119.59597472649 2152.1987678001169 633.03602258854153
leaf_count=20913 1352 7620 24251 2560 548 3840 40700 32363 47914 3052 1871
internal_value=-5.98051e-14 1.12259e-05 -0.000285427 -0.00144224 0.00103635 -0.000526165 5.21945e-05 0.000197701 -0.000117328 -0.000182175 0.000674906
internal_weight=75555.4 75059.1 9093.54 4848.41 4245.13 2183.83 65965.5 35495.4 30470.1 28904.8 2785.23
internal_count=186984 185632 38819 14020 24799 6400 146813 53276 93537 52837 4923
is_linear=0
shrinkage=0.025


Tree=23
num_leaves=12
num_cat=0
split_feature=4 1 1 13 1 10 2 13 17 1 2
split_gain=2.1644 2.63914 1.61351 20.7594 3.12209 2.57562 2.48267 2.2071 5.93329 5.95515 5.71996
threshold=28.650000000000002 17.500000000000004 18.500000000000004 0.34156760613242348 21.500000000000004 1.5000000000000002 3.5000000000000004 0.26781182513105634 0.025060632274579078 17.500000000000004 3.5000000000000004
decision_type=2 2 2 2 2 2 2 2 2 2 2
left_child=2 -2 7 4 6 -5 -4 8 -1 -10 -11
right_child=1 -3 3 5 -6 -7 -8 -9 9 10 -12
leaf_value=-0.0015447612251470433 -0.0016733944562040512 0.0014278168477263684 -0.00093570159367418007 0.00082508369993854365 -0.0040679219923469541 0.005932221302753303 -0.0022968036131783723 -7.9469425634875036e-05 0.00040595631205640872 -0.00020641844561588085 -0.0027965971671532288
leaf_weight=1139.2303563572859 888.42483441968216 195.1836351602542 3114.865497697605 4482.3154322519313 260.18023878514941 43.210517883067951 1157.7297573906835 34181.218218208734 26687.94831034448 2915.1509597522672 633.11418252030853
leaf_count=20397 2320 692 5772 22584 6126 528 3417 93504 28905 1636 1103
internal_value=-1.56123e-13 -0.00109904 1.62512e-05 -0.000296123 -0.00148878 0.000899734 -0.0013135 5.94908e-05 0.000210832 0.000277956 -0.000681666
internal_weight=75698.6 1083.61 74615 9058.3 4532.78 4525.53 4272.6 65556.7 31375.4 30236.2 3548.27
internal_count=186984 3012 183972 38427 15315 23112 9189 145545 52041 31644 2739
is_linear=0
shrinkage=0.025


Tree=24
num_leaves=12
num_cat=0
split_feature=4 1 1 14 13 10 17 15 14 17 16
split_gain=2.08426 2.51619 1.51351 19.8092 4.67847 3.52365 2.62906 2.42349 2.12858 4.44746 4.2447
threshold=28.650000000000002 16.500000000000004 18.500000000000004 -0.74979862697202038 0.073094453017891456 3.0000000000000004 0.06222954227053281 0.052457211996178352 -0.8038981836306559 0.023355272045231603 0.064553788458361863
decision_type=2 2 2 2 2 2 2 2 2 2 2
left_child=2 -2 8 4 -4 7 -6 -5 9 -1 -10
right_child=1 -3 3 5 6 -7 -8 -9 10 -11 -12
leaf_value=-0.0014998996890803315 -0.0019864459844259048 0.00046064907659389007 -0.0020601432385034674 0.0015008771335916218 -0.0020988598029486093 0.0073125013043176994 -3.5201210092373183e-05 0.00029471169478438055 0.00024313261256317232 0.00025674757660135861 -0.00032099431446584996
leaf_weight=908.26343027943949 680.71707289043115 409.82567585611832 2695.5687907146857 2016.9046145914181 478.44407022088853 34.411341675557196 1711.0214970607776 2154.752344019842 14562.19859775517 30728.180980889825 19444.773743592774
leaf_count=18163 2012 1000 7620 19148 4072 408 2328 4851 64345 29109 33928
internal_value=3.04977e-14 -0.00107509 1.59714e-05 -0.000285982 -0.00136626 0.000969211 -0.000501071 0.000882245 5.7864e-05 0.0002054 -7.94274e-05
internal_weight=75825.1 1090.54 74734.5 9091.1 4885.03 4206.07 2189.47 4171.66 65643.4 31636.4 34007
internal_count=186984 3012 183972 38427 14020 24407 6400 23999 145545 47272 98273
is_linear=0
shrinkage=0.025


Tree=25
num_leaves=12
num_cat=0
split_feature=4 17 15 14 16 3 13 1 15 1 2
split_gain=2.02641 1.3224 1.38023 17.3263 2.55102 2.43512 2.23208 2.72544 2.43213 2.15045 1.96104
threshold=30.750000000000004 0.055443903142373858 0.034767893089061905 -0.73829900574246976 0.065629378765613103 17.450000000000003 0.68391308835034159 13.500000000000002 0.043117959760413806 13.500000000000002 3.5000000000000004
decision_type=2 2 2 2 2 2 2 2 2 2 2
left_child=1 2 3 4 -1 -5 7 -4 -8 -10 -11
right_child=-2 -3 6 5 -6 -7 8 -9 9 10 -12
leaf_value=-0.002704915017057755 -0.0015515102101190548 -5.8139231253887276e-05 0.00020412677043852722 0.00085248405851287784 7.7206006806667066e-05 0.0030565879303871045 0.0018972487081309782 0.0009907270322653879 -6.4034915233136962e-05 -0.0018817259797895153 0.00089992690404356755
leaf_weight=1207.0211229141346 502.51784579595551 52634.386944116071 10509.507070020343 920.47550845651949 246.23292183398735 474.59333425210161 314.22277238714742 3717.6267162341974 4425.2454581536585 792.24204054055735 183.95444478542777
leaf_count=26796 1352 75543 15161 35113 810 14417 1717 5445 8681 1578 371
internal_value=1.054e-13 1.07454e-05 0.000169741 -0.00034338 -0.00223888 0.00163491 0.000243298 0.000410772 -0.000173549 -0.00030057 -0.00135001
internal_weight=75928 75425.5 22791.1 2848.32 1453.25 1395.07 19942.8 14227.1 5715.66 5401.44 976.196
internal_count=186984 185632 110089 77136 27606 49530 32953 20606 12347 10630 1949
is_linear=0
shrinkage=0.025


Tree=26
num_leaves=12
num_cat=0
split_feature=4 1 17 10 17 17 13 16 4 15 11
split_gain=1.95863 2.3756 1.40262 1.53155 6.47579 2.1574 4.63556 2.4712 1.99184 1.61861 1.5328
threshold=28.650000000000002 17.500000000000004 0.055443903142373858 1.0000000180025095e-35 0.043117959760413806 0.039139751823454472 -0.19244979981841018 0.06773503978809263 17.950000000000003 0.043651291965644774 1.0000000180025095e-35
decision_type=2 2 2 2 2 2 2 2 2 2 2
left_child=2 -2 3 5 -5 6 7 -1 10 -10 -8
right_child=1 -3 -4 4 -6 -7 8 -9 9 -11 -12
leaf_value=-0.0029647154400288052 -0.0015799109201185214 0.0013349858643225002 -5.5711546844136199e-05 0.008074100949069055 -0.0013614882714361246 0.00031833806905120739 -0.00012518661919905141 -0.00074960025879671171 0.0026329722499708825 0.00034181017733599534 0.0040764796729110091
leaf_weight=440.36855034741711 901.33189713547108 199.45001136763676 52246.935384544326 55.535773343828623 102.42185121019429 15929.76876295713 4229.1086337987881 1062.3521471880376 308.99073439175481 482.35250996070681 34.973273122818682
leaf_count=11202 2320 692 74536 2429 567 28652 51803 1343 10792 820 1828
internal_value=1.95024e-13 -0.00103736 1.55202e-05 0.000179765 0.00249052 0.000161335 -0.000219833 -0.00142915 0.00014385 0.00127928 -7.18553e-05
internal_weight=75993.6 1100.78 74892.8 22645.9 157.958 22487.9 6558.15 1502.72 5055.43 791.343 4264.08
internal_count=186984 3012 183972 109436 2996 106440 77788 12545 65243 11612 53631
is_linear=0
shrinkage=0.025


Tree=27
num_leaves=12
num_cat=0
split_feature=4 17 15 14 16 3 13 1 15 1 2
split_gain=1.89295 1.21694 1.27225 16.1439 2.4265 2.21223 2.13661 2.5353 2.27574 2.00463 1.84791
threshold=30.750000000000004 0.055443903142373858 0.034767893089061905 -0.74979862697202038 0.065629378765613103 19.650000000000002 0.68391308835034159 13.500000000000002 0.043117959760413806 13.500000000000002 3.5000000000000004
decision_type=2 2 2 2 2 2 2 2 2 2 2
left_child=1 2 3 4 -1 -5 7 -4 -8 -10 -11
right_child=-2 -3 6 5 -6 -7 8 -9 9 10 -12
leaf_value=-0.0026267465323896169 -0.0014928385526824818 -5.5751099259391547e-05 0.00019696095164810527 0.00099698808780244964 8.7948477455932882e-05 0.0033576758530411937 0.0018144155046246413 0.00095281940017528238 -6.8225672723037464e-05 -0.0018163638641930224 0.00087554178915022192
leaf_weight=1201.9278503584392 507.19752634299221 52642.96773664678 10530.637881322415 1104.9214224594743 245.93527079815976 312.57149603475227 318.99963414721424 3752.7290164356236 4432.7712508171098 801.59948368230835 184.88159282220295
leaf_count=26525 1352 75543 15161 41506 810 8295 1717 5445 8681 1578 371
internal_value=2.33292e-14 1.04172e-05 0.000162529 -0.000328592 -0.00217071 0.00155702 0.000233072 0.000396605 -0.00017395 -0.000297235 -0.00130449
internal_weight=76037.1 75529.9 22887 2865.36 1447.86 1417.49 20021.6 14283.4 5738.25 5419.25 986.481
internal_count=186984 185632 110089 77136 27335 49801 32953 20606 12347 10630 1949
is_linear=0
shrinkage=0.025


Tree=28
num_leaves=12
num_cat=0
split_feature=4 1 5 1 17 2 2 1 14 16 16
split_gain=1.82807 2.21625 1.36808 1.65783 1.41202 1.81828 3.70707 4.2422 4.07638 2.59982 1.95164
threshold=28.650000000000002 17.500000000000004 1.5500000000000003 9.5000000000000018 0.058228560496323349 3.5000000000000004 4.5000000000000009 13.500000000000002 -0.58427653070765262 0.07735439169667975 0.03154147693768429
decision_type=2 2 2 2 2 2 2 2 2 2 2
left_child=2 -2 4 -4 5 -1 7 -7 10 -9 -8
right_child=1 -3 3 -5 -6 6 8 9 -10 -11 -12
leaf_value=4.5250214898302971e-05 -0.0015195115174144655 0.0012788186917453879 0.00029266063196616108 -0.0020948296407299937 -5.4716229363397113e-05 0.00042770489911886231 -0.0027750040037331034 0.0016528532898215506 0.0010320932423292534 0.0048584199501689827 -0.00051977341982458673
leaf_weight=18991.755097588168 909.97936741466037 202.25501111767153 314.41444252460497 397.17744581217994 48122.70595667512 2791.1280659847471 264.82849279156835 1198.1457899918314 1111.7536013128029 173.22031507780775 1621.7392238884931
leaf_count=71031 2320 692 859 1388 66545 12165 6760 5009 15935 404 3876
internal_value=1.24539e-13 -0.000997047 1.50505e-05 -0.00106076 2.56401e-05 0.000173431 0.000512315 0.000993306 -0.00015759 0.00212177 -0.000862142
internal_weight=76099.1 1112.23 74986.9 711.592 74275.3 26152.6 7160.82 4162.49 2998.32 1371.37 1886.57
internal_count=186984 3012 183972 2247 181725 115180 44149 17578 26571 5413 10636
is_linear=0
shrinkage=0.025


Tree=29
num_leaves=12
num_cat=0
split_feature=4 17 15 14 16 3 13 1 15 1 16
split_gain=1.77286 1.12933 1.19153 15.181 2.27964 2.05669 2.05224 2.36324 2.1498 1.86832 1.78706
threshold=30.750000000000004 0.055443903142373858 0.034767893089061905 -0.74979862697202038 0.065629378765613103 17.450000000000003 0.68391308835034159 13.500000000000002 0.04421352089126062 13.500000000000002 0.1028218340128584
decision_type=2 2 2 2 2 2 2 2 2 2 2
left_child=1 2 3 4 -1 -5 7 10 -8 -10 -4
right_child=-2 -3 6 5 -6 -7 8 -9 9 -11 -12
leaf_value=-0.0025444981144868029 -0.0014392629764085638 -5.3673140189804236e-05 0.0002531988952865864 0.00078431316309672495 8.5447988222468968e-05 0.0027809290384249643 0.0016545755504697838 0.00091833345163915285 -7.6578616934805567e-05 -0.0012658243348429789 -0.0015046896233974231
leaf_weight=1205.7527061929941 511.17239102098392 52681.958988030201 10184.184183847654 934.83920383714326 246.07282779936213 492.78432373591454 356.2747638738947 3789.6228870536434 4402.718125988089 997.05698465008754 354.96737253549509
leaf_count=26525 1352 75543 14336 35384 810 14417 1913 5445 8507 1927 825
internal_value=1.41989e-13 1.01035e-05 0.000156332 -0.000317743 -0.00210364 0.0015024 0.000224546 0.000384561 -0.000173739 -0.000300031 0.000191254
internal_weight=76157.4 75646.2 22964.3 2879.45 1451.83 1427.62 20084.8 14328.8 5756.05 5399.78 10539.2
internal_count=186984 185632 110089 77136 27335 49801 32953 20606 12347 10434 15161
is_linear=0
shrinkage=0.025


Tree=30
num_leaves=12
num_cat=0
split_feature=4 1 5 1 1 13 13 15 1 14 14
split_gain=1.7179 2.11186 1.3028 1.57968 1.32548 18.2084 2.87756 2.53883 2.23579 2.25045 1.64003
threshold=28.650000000000002 16.500000000000004 1.5500000000000003 12.500000000000002 18.500000000000004 0.26781182513105634 0.68391308835034159 0.041040659806070134 19.500000000000004 -0.86955717898714324 -0.8038981836306559
decision_type=2 2 2 2 2 2 2 2 2 2 2
left_child=2 -2 4 -4 10 8 -7 -8 -6 -10 -1
right_child=1 -3 3 -5 5 6 7 -9 9 -11 -12
leaf_value=0.0001934749949569553 -0.0017845425177976022 0.00042680557606477806 -7.1453638832399979e-05 -0.0024372226412258226 -0.0009198055592793006 5.3617881195288828e-05 0.0025765781029892677 0.00083976756765959603 -0.0027069503679925831 -0.00088069615364276196 -5.7202619588992809e-05
leaf_weight=31660.086505098247 701.3493027341392 420.88595014668681 435.8136821888038 277.79772344388766 2189.4651411536634 2097.4933024270285 688.39927469591021 2193.3156399101717 1276.9692876028384 664.03173070327102 33610.418986069846
leaf_count=47020 2012 1000 1139 1108 2735 9260 9718 5462 6176 4780 96574
internal_value=3.18653e-13 -0.000962241 1.46325e-05 -0.00103375 2.4966e-05 -0.000257192 0.000759611 0.00126957 -0.00148069 -0.00209753 6.4413e-05
internal_weight=76216 1122.24 75093.8 713.611 74380.2 9109.67 4979.21 2881.71 4130.47 1941 65270.5
internal_count=186984 3012 183972 2247 181725 38131 24440 15180 13691 10956 143594
is_linear=0
shrinkage=0.025


Tree=31
num_leaves=12
num_cat=0
split_feature=4 17 17 10 13 16 13 1 15 1 2
split_gain=1.66295 1.07751 1.16103 7.11921 4.2505 2.77114 1.821 5.97243 2.44338 2.20887 3.13069
threshold=30.750000000000004 0.055443903142373858 0.039139751823454472 1.0000000180025095e-35 -0.14153898451656957 0.067145367008347515 0.4900241286343337 20.500000000000004 0.046046165924334283 13.500000000000002 3.5000000000000004
decision_type=2 2 2 2 2 2 2 2 2 2 2
left_child=1 2 3 4 5 -1 7 9 -8 -4 -11
right_child=-2 -3 6 -5 -6 -7 8 -9 -10 10 -12
leaf_value=-0.0028661883709174994 -0.0013892829384399587 -5.2526155732672748e-05 0.00035578907181666347 0.0074065374165830982 0.00016190830543084522 -0.00063430008475293044 0.0014450606761005249 -0.0017639056890292944 -0.00024989883693559903 0.00083017604917863432 0.0030505152934461027
leaf_weight=474.06782964635931 514.71664619422518 52727.46613628565 6509.6261462060502 57.527308028572406 4891.3333292018769 1231.2001242168481 569.60570178552007 682.94050934602274 5384.4316301341969 2795.5824301796965 449.32883424888132
leaf_count=12795 1352 75543 7976 2389 63439 1656 4259 3344 10264 3123 844
internal_value=-8.33353e-16 9.80132e-06 0.000152326 -0.000125909 -0.000213787 -0.0012808 0.000265291 0.00046401 -8.3452e-05 0.000623282 0.00115443
internal_weight=76287.8 75773.1 23045.6 6654.13 6596.6 1705.27 16391.5 10437.5 5954.04 9754.54 3244.91
internal_count=186984 185632 110089 80279 77890 14451 29810 15287 14523 11943 3967
is_linear=0
shrinkage=0.025


Tree=32
num_leaves=12
num_cat=0
split_feature=4 1 5 1 17 2 2 14 1 16 16
split_gain=1.62481 1.97669 1.23812 1.52463 1.24762 1.75095 3.51333 3.7996 3.78967 2.16926 1.68565
threshold=28.650000000000002 17.500000000000004 1.5500000000000003 9.5000000000000018 0.058228560496323349 3.5000000000000004 4.5000000000000009 -0.58427653070765262 13.500000000000002 0.07735439169667975 0.03154147693768429
decision_type=2 2 2 2 2 2 2 2 2 2 2
left_child=2 -2 4 -4 5 -1 8 10 -7 -10 -8
right_child=1 -3 3 -5 -6 6 7 -9 9 -11 -12
leaf_value=3.702894863610348e-05 -0.0014248192019473119 0.0011901115419490288 0.00029259441758459665 -0.0019936526698852886 -5.1298033863318436e-05 0.00041819571471136106 -0.0026060317008779052 0.0009858490088877651 0.00156822416624029 0.0043987855923402546 -0.00051835503087369094
leaf_weight=19092.188065993847 922.62458207260352 207.35641212022165 314.12236987175129 399.99743439408485 48182.955314965649 2797.3511989297831 267.7172046604062 1119.7732755556528 1229.0081891030222 189.05450041941367 1626.1492896284908
leaf_count=71031 2320 692 859 1388 66545 12165 6760 15935 5009 404 3876
internal_value=-5.18601e-14 -0.000932616 1.42546e-05 -0.00100742 2.4315e-05 0.000162664 0.000493453 -0.000158043 0.000957761 0.00200152 -0.000837618
internal_weight=76348.3 1129.98 75218.3 714.12 74504.2 26321.2 7229.05 3013.64 4215.41 1418.06 1893.87
internal_count=186984 3012 183972 2247 181725 115180 44149 26571 17578 5413 10636
is_linear=0
shrinkage=0.025


Tree=33
num_leaves=12
num_cat=0
split_feature=4 1 5 1 1 13 13 15 1 14 14
split_gain=1.56771 1.9097 1.18316 1.46438 1.20191 17.0188 2.66419 2.26313 2.00402 2.04935 1.55152
threshold=28.650000000000002 16.500000000000004 1.5500000000000003 12.500000000000002 18.500000000000004 0.26781182513105634 0.68391308835034159 0.041040659806070134 19.500000000000004 -0.86955717898714324 -0.8038981836306559
decision_type=2 2 2 2 2 2 2 2 2 2 2
left_child=2 -2 4 -4 10 8 -7 -8 -6 -10 -1
right_child=1 -3 3 -5 5 6 7 -9 9 -11 -12
leaf_value=0.00018667328553575229 -0.0016917219354549676 0.0003989635976548501 -5.8466325494285759e-05 -0.0023330803974251253 -0.00089317934876272272 5.6538710817717451e-05 0.0024460486653441428 0.00081710921717821302 -0.0025830528781551646 -0.0008431609563510613 -5.6891551921483391e-05
leaf_weight=31765.305378841083 709.42455516673726 426.13356813749488 436.56275520005147 278.62647073910921 2193.7894115496892 2099.7095648077557 700.8714500965325 2201.9474250021158 1290.0129809524296 664.14926860490232 33636.597864679257
leaf_count=47020 2012 1000 1139 1108 2735 9260 9718 5462 6176 4780 96574
internal_value=2.00637e-14 -0.000913838 1.40261e-05 -0.000983982 2.38615e-05 -0.000244184 0.000736423 0.00122446 -0.00142468 -0.00200626 6.14273e-05
internal_weight=76403.1 1135.56 75267.6 715.189 74552.4 9150.48 5002.53 2902.82 4147.95 1954.16 65401.9
internal_count=186984 3012 183972 2247 181725 38131 24440 15180 13691 10956 143594
is_linear=0
shrinkage=0.025


Tree=34
num_leaves=12
num_cat=0
split_feature=4 5 4 8 17 4 13 15 14 10 17
split_gain=1.52275 1.02297 1.37006 1.27803 1.18783 1.42055 1.76349 1.32499 3.52421 1.20296 4.60625
threshold=30.750000000000004 0.25000000000000006 20.750000000000004 96.500000000000014 0.055443903142373858 3.3500000000000001 -0.58077876009839879 0.045415469676416055 0.60503365783732044 1.0000000180025095e-35 0.043117959760413806
decision_type=2 2 2 2 2 2 2 2 2 2 2
left_child=1 4 -3 -4 5 7 -7 8 -1 -8 -11
right_child=-2 2 3 -5 -6 6 9 -9 -10 10 -12
leaf_value=-0.0023184141905634704 -0.0013242943104873528 -0.00017072351992399745 -4.0735999427588888e-05 -0.0022951214391844703 -3.1542301513283088e-05 0.0018619123212438732 0.00022823436046400387 1.8031043506620125e-05 0.00078879618693610909 0.0065432398627479644 -0.0013064268518567413
leaf_weight=537.91883753148704 518.85201243771007 5418.510667696959 264.92502087110188 369.05482893901353 48717.364604571609 416.10960679595883 16595.021766704642 3102.9658278060742 372.50083883082061 64.672015455253131 92.267133687855676
leaf_count=6682 1352 13696 444 1076 68804 478 73859 4604 13407 2095 487
internal_value=1.81995e-14 9.393e-06 -0.000301856 -0.00138312 3.64225e-05 0.000192624 0.000291567 -0.000229974 -0.00105746 0.000250387 0.00230226
internal_weight=76470.2 75951.3 6052.49 633.98 69898.8 21181.5 17168.1 4013.39 910.42 16752 156.939
internal_count=186984 185632 15216 1520 170416 101612 76919 24693 20089 76441 2582
is_linear=0
shrinkage=0.025


Tree=35
num_leaves=12
num_cat=0
split_feature=4 1 5 1 17 2 2 14 1 16 16
split_gain=1.48667 1.79427 1.10904 1.39297 1.13438 1.69236 3.38463 3.60067 3.52684 1.8294 1.51516
threshold=28.650000000000002 17.500000000000004 1.5500000000000003 9.5000000000000018 0.058228560496323349 3.5000000000000004 4.5000000000000009 -0.58427653070765262 13.500000000000002 0.07735439169667975 0.03154147693768429
decision_type=2 2 2 2 2 2 2 2 2 2 2
left_child=2 -2 4 -4 5 -1 8 10 -7 -10 -8
right_child=1 -3 3 -5 -6 6 7 -9 9 -11 -12
leaf_value=3.1359797243947667e-05 -0.0013560742567744781 0.0011148167888503896 0.00029074241586229233 -0.0018916254336024515 -4.8912563208359685e-05 0.00040953282893268616 -0.0024915897830212067 0.00095016459016023099 0.0015215027672708858 0.0040578860418711404 -0.00051769163041871184
leaf_weight=19139.97886154904 930.92595118284225 211.56019962360733 314.30237015495368 401.83441711706109 48236.815693713434 2801.1980155698111 269.82490185958522 1125.6810273783412 1242.0065922329559 202.46301140624564 1627.8201860219706
leaf_count=71031 2320 692 859 1388 66545 12165 6760 15935 5009 404 3876
internal_value=3.8183e-14 -0.000887218 1.3682e-05 -0.000951938 2.31985e-05 0.000154849 0.00047903 -0.000159891 0.000932621 0.00192758 -0.000821418
internal_weight=76504.4 1142.49 75361.9 716.137 74645.8 26409 7268.99 3023.33 4245.67 1444.47 1897.65
internal_count=186984 3012 183972 2247 181725 115180 44149 26571 17578 5413 10636
is_linear=0
shrinkage=0.025


Tree=36
num_leaves=12
num_cat=0
split_feature=4 1 5 4 17 2 1 12 13 15 2
split_gain=1.43516 1.73427 1.08337 1.7114 1.27053 2.87853 7.56517 9.54744 3.38663 2.82729 2.47169
threshold=28.650000000000002 16.500000000000004 0.25000000000000006 20.750000000000004 0.067424689769864002 3.5000000000000004 17.500000000000004 1.0000000180025095e-35 -0.10738035228456462 0.083711911372444062 3.5000000000000004
decision_type=2 2 2 2 2 2 2 2 2 2 2
left_child=2 -2 4 -4 10 -6 -7 9 -9 -8 -1
right_child=1 -3 3 -5 5 6 7 8 -10 -11 -12
leaf_value=1.3240473814619679e-05 -0.0016078211774288066 0.00037401559768757814 -0.00016690613345355233 -0.0015714934371016988 9.2532386151844659e-05 -3.7966907683613807e-05 -0.0023957707774605506 -0.0023170728644064721 0.00055795777761705331 -0.0052509941628005518 0.00045976771276247077
leaf_weight=28088.139245279184 716.57854594901073 431.07841251291757 5419.9510918811575 583.368137181169 20418.84624428465 7771.1492519489038 807.32190116401762 322.66962102008983 994.37673688573705 323.77170228178147 10679.620296874709
leaf_count=80739 2012 1000 13696 1428 21547 12261 1472 646 2387 679 49117
internal_value=-2.45317e-13 -0.000869756 1.3464e-05 -0.000308161 4.13639e-05 -7.89278e-05 -0.000421029 -0.00162682 -0.000170533 -0.0032901 0.000136422
internal_weight=76556.9 1147.66 75409.2 6003.32 69405.9 30638.1 10219.3 2448.14 1317.05 1131.09 38767.8
internal_count=186984 3012 183972 15124 168848 38992 17445 5184 3033 2151 129856
is_linear=0
shrinkage=0.025


Tree=37
num_leaves=12
num_cat=0
split_feature=4 5 4 8 17 2 1 15 14 1 2
split_gain=1.39325 0.941846 1.2553 1.19592 1.087 4.91109 4.25171 3.76288 2.03503 0.896669 0.958947
threshold=30.750000000000004 0.25000000000000006 20.750000000000004 96.500000000000014 0.082282658731194377 3.5000000000000004 17.500000000000004 0.084388912018616605 -0.8520459593969173 12.500000000000002 3.5000000000000004
decision_type=2 2 2 2 2 2 2 2 2 2 2
left_child=1 4 -3 -4 -1 8 -7 -8 -6 -5 -11
right_child=-2 2 3 9 5 6 7 -9 -10 10 -12
leaf_value=7.7955713216065439e-05 -0.001262707493023215 -0.00016370865478309269 -2.9612883807479513e-05 -0.00057563288023266613 -0.00034052026567299578 -0.00055183062041995804 -0.0019633324712277672 -0.0072709717012441263 0.00043325641647165938 -0.0044074146961209197 -0.00093069707737357746
leaf_weight=58820.162815936827 522.27657163341064 5420.510912232523 267.15184306970332 147.49123557261191 3719.504817279987 2000.4446143318273 548.56803512774786 85.802210515830666 4900.0015232885489 129.34031095018145 94.042242856623488
leaf_count=155092 1352 13696 444 216 2853 3812 1116 423 7120 540 320
internal_value=1.46073e-13 8.99159e-06 -0.00028953 -0.00132101 3.48766e-05 -0.000190013 -0.00113022 -0.00288151 9.93396e-05 -0.00220214 -0.0031405
internal_weight=76655.3 76133 6058.54 638.026 70074.5 11254.3 2634.81 634.37 8619.51 370.874 223.383
internal_count=186984 185632 15216 1520 170416 15324 5351 1539 9973 1076 860
is_linear=0
shrinkage=0.025


Tree=38
num_leaves=12
num_cat=0
split_feature=4 1 1 13 14 1 10 14 16 17 17
split_gain=1.36408 1.63133 1.03428 15.7436 2.38712 2.60793 2.05966 1.71689 3.90784 3.58969 3.50487
threshold=28.650000000000002 17.500000000000004 18.500000000000004 0.37371625404731906 -1.0000000180025095e-35 19.500000000000004 1.5000000000000002 -0.8038981836306559 0.064553788458361863 0.023355272045231603 0.07735439169667975
decision_type=2 2 2 2 2 2 2 2 2 2 2
left_child=2 -2 7 4 5 -4 -5 9 -9 -1 -11
right_child=1 -3 3 6 -6 -7 -8 8 -10 10 -12
leaf_value=-0.0013488339972160506 -0.0012933122501923718 0.0010439575836529503 -0.00086655895053779758 0.00074706493399423089 4.0347330184810894e-05 -0.0021616628764961681 0.0051113310889127012 0.00023310350353571323 -0.00030655054029637567 0.00036498922765791208 -0.00027531457777690702
leaf_weight=913.56330508324754 937.82727440172675 215.79498634385891 2090.4243331467733 4482.598677684271 761.31721260263839 1873.3168666173879 49.33437365537975 14649.899537389971 19562.647560730289 24343.645085164695 6827.7986271198606
leaf_count=18163 2320 692 2124 22024 5255 8496 528 64345 33928 23944 5165
internal_value=4.2893e-14 -0.000845766 1.31342e-05 -0.000234114 -0.00124129 -0.00148642 0.000816823 4.77171e-05 -7.54681e-05 0.000179036 0.00022465
internal_weight=76708.2 1153.62 75554.5 9256.99 4725.06 3963.74 4531.93 66297.6 34212.5 32085 31171.4
internal_count=186984 3012 183972 38427 15875 10620 22552 145545 98273 47272 29109
is_linear=0
shrinkage=0.025


Tree=39
num_leaves=12
num_cat=0
split_feature=4 1 5 1 1 17 17 10 13 16 4
split_gain=1.31665 1.57612 1.02736 1.31039 1.05023 1.01164 1.30178 5.10833 3.82149 1.77636 1.62554
threshold=28.650000000000002 16.500000000000004 1.5500000000000003 12.500000000000002 16.500000000000004 0.055443903142373858 0.039139751823454472 1.0000000180025095e-35 -0.19244979981841018 0.06773503978809263 17.950000000000003
decision_type=2 2 2 2 2 2 2 2 2 2 2
left_child=2 -2 5 -4 -5 6 7 8 9 -1 -10
right_child=1 -3 3 4 -6 -7 -8 -9 10 -11 -12
leaf_value=-0.0026144424481918376 -0.0015302912864737007 0.00034986735450515284 -4.0837472672348936e-05 -0.0034701818411719946 -0.00040923334846383966 -3.8619240613719715e-05 0.00028145141801192683 0.0058717991751616174 -7.9265758117262551e-05 -0.0007308643670345512 0.0011484787913835764
leaf_weight=443.20631883662918 722.8329980500821 435.83629404791645 437.56939933735703 151.73237785953097 128.4861081102863 52173.850392970708 16184.438538790091 67.326351001110197 4235.4955539325838 1042.9520479419734 781.09414823989755
leaf_count=11114 2012 1000 1139 656 452 73504 28831 2307 53251 1295 11423
internal_value=4.5566e-14 -0.000829129 1.29155e-05 -0.000915431 -0.00218743 2.20507e-05 0.000161073 -0.000135418 -0.000215427 -0.00131985 0.000115698
internal_weight=76804.8 1158.67 75646.2 717.788 280.218 74928.4 22754.5 6570.07 6502.75 1486.16 5016.59
internal_count=186984 3012 183972 2247 1108 181725 108221 79390 77083 12409 64674
is_linear=0
shrinkage=0.025


Tree=40
num_leaves=12
num_cat=0
split_feature=4 5 4 8 17 2 1 15 14 16 13
split_gain=1.27224 0.895533 1.18709 1.11202 1.00619 4.65456 3.8399 2.87436 1.8593 0.85481 0.903629
threshold=30.750000000000004 0.25000000000000006 20.750000000000004 96.500000000000014 0.082282658731194377 3.5000000000000004 17.500000000000004 0.084388912018616605 -0.8520459593969173 0.1028218340128584 0.15855791680139919
decision_type=2 2 2 2 2 2 2 2 2 2 2
left_child=1 4 -3 -4 9 8 -7 -8 -6 -1 -11
right_child=-2 2 3 -5 5 6 7 -9 -10 10 -12
leaf_value=8.3614080614627742e-05 -0.0012031494657214774 -0.00015959525671913595 -3.8518910289791901e-05 -0.0021265416565863196 -0.00032053548432353776 -0.00053809964940657658 -0.0018916742958536123 -0.0063448902000039376 0.00041848945053943402 -0.0021651502559844379 5.4662936804651776e-05
leaf_weight=58512.15103456127 525.4046570318169 5424.1920106922335 268.87372000783216 374.26766240852885 3720.8527806827333 2007.3911938500496 555.54099150774346 97.930797183536924 4916.0716353344033 198.1629902580753 239.45543268934125
leaf_count=153833 1352 13696 444 1076 2853 3812 1116 423 7120 451 808
internal_value=-2.13609e-13 8.59637e-06 -0.000282295 -0.0012811 3.3794e-05 -0.000182131 -0.00109216 -0.00272765 0.000100107 7.52239e-05 -0.00100121
internal_weight=76840.3 76314.9 6067.33 643.141 70247.6 11297.8 2660.86 653.472 8636.92 58949.8 437.618
internal_count=186984 185632 15216 1520 170416 15324 5351 1539 9973 155092 1259
is_linear=0
shrinkage=0.025


Tree=41
num_leaves=12
num_cat=0
split_feature=4 1 5 1 1 13 13 15 1 2 14
split_gain=1.24425 1.47879 0.961772 1.24594 0.985035 15.0774 2.37053 2.02105 1.87619 1.62262 1.40912
threshold=28.650000000000002 17.500000000000004 1.5500000000000003 9.5000000000000018 18.500000000000004 0.26781182513105634 0.68391308835034159 0.041040659806070134 21.500000000000004 3.5000000000000004 -0.8038981836306559
decision_type=2 2 2 2 2 2 2 2 2 2 2
left_child=2 -2 4 -4 10 8 -7 -8 9 -6 -1
right_child=1 -3 3 -5 5 6 7 -9 -10 -11 -12
leaf_value=0.00017424432358254151 -0.0012300049010764383 0.00097983957022755044 0.00029218433319035472 -0.0017670306694701457 -0.00083712494106593207 5.657515331343279e-05 0.0022945355073720219 0.0007695576349039052 -0.0033899899714900255 -0.0019479069214204392 -5.7219287436496136e-05
leaf_weight=31991.85279753201 945.03035945282318 219.47802589154162 314.31609953987936 405.58604043498053 2743.2053423341185 2112.0406666973049 715.81158632851657 2230.644071949122 244.38756529858074 1196.1847522874596 33775.119260524407
leaf_count=47020 2320 692 859 1388 4904 9260 9718 5462 5478 3309 96574
internal_value=-3.06811e-13 -0.000803998 1.25723e-05 -0.000884362 2.14141e-05 -0.000219975 0.000697247 0.00115301 -0.00132701 -0.00118255 5.53932e-05
internal_weight=76893.7 1164.51 75729.1 719.902 75009.2 9242.27 5058.5 2946.46 4183.78 3939.39 65767
internal_count=186984 3012 183972 2247 181725 38131 24440 15180 13691 8213 143594
is_linear=0
shrinkage=0.025


Tree=42
num_leaves=12
num_cat=0
split_feature=4 1 5 4 3 1 13 15 2 13 17
split_gain=1.19941 1.6363 0.937571 1.48771 1.0727 5.9034 7.92836 5.2008 4.07038 3.2573 4.38407
threshold=29.050000000000004 16.500000000000004 0.25000000000000006 20.750000000000004 17.350000000000005 17.500000000000004 0.25534383660447135 0.047523034418156279 3.5000000000000004 0.030120025924939415 0.027039222659767225
decision_type=2 2 2 2 2 2 2 2 2 2 2
left_child=2 -2 4 -4 5 9 8 -6 -7 10 -1
right_child=1 -3 3 -5 7 6 -8 -9 -10 -11 -12
leaf_value=-0.0013172048091430373 -0.0016047654878236202 0.000395133222534636 -0.00015513503233704036 -0.001458877310355257 0.001634910936511954 -0.00072271392155949478 0.00040040469651447298 8.0231911847859587e-05 -0.0021736875599424844 -0.00014132030345515085 0.00041594825693781751
leaf_weight=940.17419939599495 638.27392986545237 407.28948800809667 5426.9733702635713 589.30003672886232 1410.3515172211919 4406.5355865269503 3252.0101616068623 22542.991521250457 1664.8898312719866 17148.111829438843 18528.085128355364
leaf_count=13187 1796 964 13696 1428 18490 8109 13184 35126 5794 56712 18498
internal_value=-7.95555e-14 -0.000832929 1.1689e-05 -0.000287248 3.74958e-05 -3.32316e-05 -0.000594151 0.000173058 -0.00112643 0.000109839 0.000330984
internal_weight=76955 1045.56 75909.4 6016.27 69893.1 45939.8 9323.44 23953.3 6071.43 36616.4 19468.3
internal_count=186984 2760 184224 15124 169100 115484 27087 53616 13903 88397 31685
is_linear=0
shrinkage=0.025


Tree=43
num_leaves=12
num_cat=0
split_feature=4 5 4 8 17 4 13 13 15 14 10
split_gain=1.15687 0.822575 1.08 1.03778 0.962149 1.23083 1.62479 1.1448 1.05013 3.16022 1.01033
threshold=30.750000000000004 0.25000000000000006 20.750000000000004 96.500000000000014 0.055443903142373858 3.3500000000000001 -0.58077876009839879 -0.58077876009839879 0.045415469676416055 -0.8238924869212918 1.0000000180025095e-35
decision_type=2 2 2 2 2 2 2 2 2 2 2
left_child=1 4 -3 -4 5 7 -7 -1 9 -9 -8
right_child=-2 2 3 -5 -6 6 10 8 -10 -11 -12
leaf_value=-0.0015468414922666842 -0.0011445421931852153 -0.00015318698689105055 -2.4255369131814088e-05 -0.0020346356880024973 -2.8680714178767747e-05 0.0017449010869965938 0.00020305359662556351 -0.0023705319678135302 0.00013572952789436159 0.00071622208146047126 0.0020307850995817394
leaf_weight=349.45144027396691 528.02689263253706 5427.6459077109466 270.42737437563483 376.49212551655364 49081.589271802157 431.32841632978307 16725.848390730589 406.28782279422353 2895.7015660664183 389.56735715822947 171.48949148950123
leaf_count=1477 1352 13696 444 1076 68804 478 73859 5120 4426 13670 2582
internal_value=-1.97404e-13 8.19431e-06 -0.000270449 -0.00122018 3.22899e-05 0.000172222 0.000263807 -0.000219877 -8.66054e-05 -0.000879063 0.000223982
internal_weight=77053.9 76525.8 6074.57 646.919 70451.3 21369.7 17328.7 4041.01 3691.56 795.855 16897.3
internal_count=186984 185632 15216 1520 170416 101612 76919 24693 23216 18790 76441
is_linear=0
shrinkage=0.025


Tree=44
num_leaves=12
num_cat=0
split_feature=4 1 5 1 1 2 17 17 10 13 16
split_gain=1.13989 1.34698 0.88498 1.16862 0.928643 0.94368 0.899558 1.15074 4.50772 3.44264 1.47243
threshold=28.650000000000002 16.500000000000004 1.5500000000000003 12.500000000000002 16.500000000000004 3.5000000000000004 0.055443903142373858 0.039139751823454472 1.0000000180025095e-35 -0.20931270765420754 0.06773503978809263
decision_type=2 2 2 2 2 2 2 2 2 2 2
left_child=2 -2 6 -4 5 -5 7 8 9 10 -1
right_child=1 -3 3 4 -6 -7 -8 -9 -10 -11 -12
leaf_value=-0.0024656362913156411 -0.0014104526042145347 0.00031611910445308069 -2.0480991794971651e-05 -0.004811083459157886 -0.00036046047347832767 -0.00082283623889579331 -3.6643722183195184e-05 0.00026416690815732455 0.005292472019855719 0.00010069336874351739 -0.0007237980526624407
leaf_weight=434.33424437589383 732.5380061844553 442.04977343639621 438.40233216629713 81.525360429892316 128.11288245129981 73.998725780635141 52319.323789125781 16263.838511773516 74.587978301427938 5097.5704475676303 996.17281265277416
leaf_count=10569 2012 1000 1139 472 452 184 73504 28831 2307 65308 1206
internal_value=2.65426e-13 -0.000766253 1.20556e-05 -0.000847084 -0.00203922 -0.00322345 2.05293e-05 0.000151261 -0.00012681 -0.000204705 -0.00127936
internal_weight=77082.5 1174.59 75907.9 722.039 283.637 155.524 75185.8 22866.5 6602.67 6528.08 1430.51
internal_count=186984 3012 183972 2247 1108 656 181725 108221 79390 77083 11775
is_linear=0
shrinkage=0.025


Tree=45
num_leaves=12
num_cat=0
split_feature=4 1 5 4 3 1 13 15 2 13 17
split_gain=1.10343 1.29699 0.865874 1.34827 1.05198 5.53379 7.48328 4.85523 3.80109 3.10599 3.97847
threshold=28.650000000000002 17.500000000000004 0.25000000000000006 20.750000000000004 17.350000000000005 17.500000000000004 0.25534383660447135 0.047523034418156279 3.5000000000000004 0.030120025924939415 0.027039222659767225
decision_type=2 2 2 2 2 2 2 2 2 2 2
left_child=2 -2 4 -4 5 9 8 -6 -7 10 -1
right_child=1 -3 3 -5 7 6 -8 -9 -10 -11 -12
leaf_value=-0.0012458334724723367 -0.0011513695745755061 0.00090216244672071356 -0.000149299275816447 -0.0013879066465202741 0.0015769897244772653 -0.00069969618715170784 0.00039062393719618247 8.0853985334055728e-05 -0.0020960187481339162 -0.00014020951622652252 0.00040125481931705721
leaf_weight=944.82765812224534 954.07879181025783 223.60716463573044 5429.6276478377404 592.06064384541241 1423.0613282047852 4408.5653731160892 3255.6777518487579 22432.450954576198 1684.2423533762521 17154.164152912912 18609.081871852628
leaf_count=13187 2320 692 13696 1428 18485 8109 13184 34879 5794 56712 18498
internal_value=4.25465e-13 -0.000752911 1.18724e-05 -0.000275272 3.66764e-05 -3.31232e-05 -0.000575463 0.00017135 -0.00109128 0.000105233 0.000320477
internal_weight=77111.4 1177.69 75933.8 6021.69 69912.1 46056.6 9348.49 23855.5 6092.81 36708.1 19553.9
internal_count=186984 3012 183972 15124 168848 115484 27087 53364 13903 88397 31685
is_linear=0
shrinkage=0.025


Tree=46
num_leaves=12
num_cat=0
split_feature=4 1 5 4 3 1 13 15 2 13 17
split_gain=1.05991 1.42069 0.83266 1.28716 0.992506 5.23636 7.08345 4.58659 3.54065 2.96776 3.77246
threshold=29.050000000000004 16.500000000000004 0.25000000000000006 20.750000000000004 17.350000000000005 17.500000000000004 0.25534383660447135 0.047523034418156279 3.5000000000000004 0.030120025924939415 0.027039222659767225
decision_type=2 2 2 2 2 2 2 2 2 2 2
left_child=2 -2 4 -4 5 9 8 -6 -7 10 -1
right_child=1 -3 3 -5 7 6 -8 -9 -10 -11 -12
leaf_value=-0.0012124849374874306 -0.0014925890262702576 0.00036023459341580458 -0.00014741564482740436 -0.0013569520486319054 0.0015257156908350721 -0.00068067566288180354 0.00038023053174822093 7.7775484496384344e-05 -0.0020229420228660804 -0.00013801941375535568 0.00039055556245606876
leaf_weight=945.76767077254408 646.60284288192997 411.96723431119972 5430.2565794478287 592.82557217977592 1435.7496704929945 4410.6552985621656 3260.4953797399994 22558.80806671927 1703.2135769394554 17155.328963577278 18653.932434853865
leaf_count=13187 1796 964 13696 1428 18490 8109 13184 35126 5794 56712 18498
internal_value=1.03431e-13 -0.00077821 1.10199e-05 -0.000270562 3.52758e-05 -3.25628e-05 -0.00055932 0.000165614 -0.00105998 0.000102018 0.000312045
internal_weight=77205.6 1058.57 76147 6023.08 70124 46129.4 9374.36 23994.6 6113.87 36755 19599.7
internal_count=186984 2760 184224 15124 169100 115484 27087 53616 13903 88397 31685
is_linear=0
shrinkage=0.025


Tree=47
num_leaves=12
num_cat=0
split_feature=4 17 10 17 17 13 4 11 16 15 2
split_gain=1.02563 0.743684 1.00875 3.8488 1.48356 3.21229 1.36885 1.42176 1.32061 1.1457 0.961001
threshold=30.750000000000004 0.054478887215561912 1.0000000180025095e-35 0.043651291965644774 0.039139751823454472 -0.21772121422198068 17.950000000000003 1.0000000180025095e-35 0.067424689769864002 0.043651291965644774 1.5000000000000002
decision_type=2 2 2 2 2 2 2 2 2 2 2
left_child=1 2 4 -4 5 8 7 -7 -1 -8 -6
right_child=-2 -3 3 -5 10 6 9 -9 -10 -11 -12
leaf_value=-0.0023737938519959043 -0.001075523886027755 -3.9733466211345727e-05 0.005056551103217964 -0.0014724404349816325 -9.1215643466230708e-06 -0.00013112536351555146 0.0020885342905031736 0.0038673841756041516 -0.00070928383819845759 0.00022550205173573688 0.00042143742453247963
leaf_weight=427.45692008673814 530.21082846133504 55965.61953149976 92.368381951389892 99.451970148074906 5106.6596137554734 4382.1081647080346 338.72853551833668 36.298079548164424 977.43521050072741 498.62566680862801 8839.4151332458132
leaf_count=10330 1352 79125 2492 467 8231 52791 10894 1828 1227 820 17427
internal_value=-8.838e-14 7.70686e-06 0.000135277 0.00185209 0.000117515 -0.000189049 9.60366e-05 -8.09979e-05 -0.00124194 0.00101028 0.000263992
internal_weight=77294.4 76764.2 20798.5 191.82 20606.7 6660.65 5255.76 4418.41 1404.89 837.354 13946.1
internal_count=186984 185632 106507 2959 103548 77890 66333 54619 11557 11714 25658
is_linear=0
shrinkage=0.025


Tree=48
num_leaves=12
num_cat=0
split_feature=4 1 5 1 17 17 10 13 0 17 16
split_gain=0.99885 1.17474 0.815157 1.10933 0.812367 0.971843 3.79161 2.99772 1.37934 1.69381 1.28566
threshold=28.650000000000002 17.500000000000004 1.5500000000000003 9.5000000000000018 0.055443903142373858 0.039139751823454472 1.0000000180025095e-35 -0.20931270765420754 9.0000000000000018 0.048169823930211096 0.067424689769864002
decision_type=2 2 2 2 2 2 2 2 2 2 2
left_child=2 -2 4 -4 5 6 7 10 9 -7 -1
right_child=1 -3 3 -5 -6 8 -8 -9 -10 -11 -12
leaf_value=-0.002297071069008492 -0.0010922313190296037 0.00085196614317440723 0.0003004909475538778 -0.0016364312420241553 -3.4865759876186949e-05 -0.00063407976241512687 0.0046061900281268884 9.8274815254791154e-05 0.00019151659146359682 0.0018352170822875471 -0.00067109740280043488
leaf_weight=433.93278378922059 960.69629459606585 226.34942595000393 314.22546913748374 410.8868479289813 52446.13094709799 223.0580561273382 84.824945737928829 5111.5137724368233 15458.464470932697 648.72995760070626 1003.29883421259
leaf_count=10550 2320 692 859 1388 73504 1551 2307 65308 25635 1645 1225
internal_value=5.71954e-14 -0.000713532 1.13094e-05 -0.000811535 1.94346e-05 0.000143371 -0.000111565 -0.000186512 0.00024694 0.00120336 -0.0011868
internal_weight=77322.1 1187.05 76135.1 725.112 75410 22963.8 6633.57 6548.75 16330.3 871.788 1437.23
internal_count=186984 3012 183972 2247 181725 108221 79390 77083 28831 3196 11775
is_linear=0
shrinkage=0.025


Tree=49
num_leaves=12
num_cat=0
split_feature=4 1 1 5 4 3 1 13 15 2 13
split_gain=0.965037 1.12203 0.816956 0.789158 1.21726 0.971175 4.9194 6.70034 4.21938 3.31465 2.82762
threshold=28.650000000000002 16.500000000000004 11.500000000000002 0.25000000000000006 20.750000000000004 17.350000000000005 17.500000000000004 0.25534383660447135 0.047523034418156279 3.5000000000000004 0.030120025924939415
decision_type=2 2 2 2 2 2 2 2 2 2 2
left_child=3 2 -2 5 -5 6 10 9 -7 -8 -1
right_child=1 -3 -4 4 -6 8 7 -9 -10 -11 -12
leaf_value=0.00030261172331269245 0.00045243867767057124 0.00028041051992292202 -0.0016591237668613116 -0.00014309478561675898 -0.0013182288475197708 0.001461865446080594 -0.00065983249196825613 0.00037144657821187957 7.904575481725575e-05 -0.0019539716422131716 -0.00013625172693731885
leaf_weight=19672.739981591229 130.81200097763212 448.57472268024867 611.33226029691286 5434.0752778397582 594.05366713735566 1449.6004140430741 4411.6617453840845 3264.1043703472133 22450.516672773403 1720.2061272954888 17164.865708601348
leaf_count=31685 364 1000 1648 13696 1428 18485 8109 13184 34879 5794 56712
internal_value=-2.84862e-13 -0.000700271 -0.00128483 1.11291e-05 -0.000262877 3.47486e-05 -3.21448e-05 -0.000542121 0.000164069 -0.00102806 9.81558e-05
internal_weight=77352.5 1190.72 742.144 76161.8 6028.13 70133.7 46233.6 9395.97 23900.1 6131.87 36837.6
internal_count=186984 3012 2012 183972 15124 168848 115484 27087 53364 13903 88397
is_linear=0
shrinkage=0.025


Tree=50
num_leaves=12
num_cat=0
split_feature=4 5 4 8 17 2 1 15 13 14 16
split_gain=0.928548 0.689419 0.879316 0.933299 0.816413 4.34563 2.79606 2.08149 1.7244 0.846833 0.739464
threshold=30.750000000000004 0.25000000000000006 20.750000000000004 96.500000000000014 0.082282658731194377 3.5000000000000004 17.500000000000004 0.084388912018616605 0.80392051724781077 -0.94695267581281539 0.1028218340128584
decision_type=2 2 2 2 2 2 2 2 2 2 2
left_child=1 4 -3 -4 10 8 -7 -8 9 -6 -1
right_child=-2 2 3 -5 5 6 7 -9 -10 -11 -12
leaf_value=7.4355875755005869e-05 -0.0010212502757002361 -0.0001412493783527048 2.6414634576832889e-05 -0.0018660247284111864 -0.00044494978430735738 -0.00054898781102696436 -0.0016482416346640034 -0.0051949638009845108 0.00078088048758989366 0.00013402209753062211 -0.00091629592899387978
leaf_weight=58972.205093795259 532.47385111404583 5434.5104614887678 273.12316455086693 381.49474375080899 2450.7520400695503 2016.0741779034142 582.79725441482151 117.74417122907471 1855.361844654195 4356.9214160579722 454.80959352088394
leaf_count=153833 1352 13696 444 1076 1843 3812 1116 423 2877 5253 1259
internal_value=-4.74575e-13 7.33548e-06 -0.000247483 -0.00109908 2.93126e-05 -0.000164499 -0.001033 -0.00237201 0.000109602 -7.50997e-05 6.64685e-05
internal_weight=77428.3 76895.8 6089.13 654.618 70806.7 11379.7 2716.62 700.541 8663.04 6807.67 59427
internal_count=186984 185632 15216 1520 170416 15324 5351 1539 9973 7096 155092
is_linear=0
shrinkage=0.025


Tree=51
num_leaves=12
num_cat=0
split_feature=4 1 5 1 3 1 13 15 2 13 17
split_gain=0.909728 1.06243 0.750807 1.03983 0.775436 4.71927 7.16917 4.11985 3.924 2.99311 4.17573
threshold=28.650000000000002 17.500000000000004 1.5500000000000003 9.5000000000000018 17.350000000000005 17.500000000000004 0.25534383660447135 0.046726043831232099 3.5000000000000004 0.030120025924939415 0.027039222659767225
decision_type=2 2 2 2 2 2 2 2 2 2 2
left_child=2 -2 4 -4 5 9 8 -6 -7 10 -1
right_child=1 -3 3 -5 7 6 -8 -9 -10 -11 -12
leaf_value=-0.0011982651772645568 -0.0010381327115844179 0.00080056430075419859 0.00029923569950537709 -0.0015735459252405439 0.0014464394493086943 -0.00062778238703222974 0.00036275161547155732 5.4081586750611022e-05 -0.001995053114783932 -0.00014842431448723885 0.00036269109642596075
leaf_weight=1110.2254327476621 967.1252415033523 229.38050570589257 314.35676016312209 412.93330748786684 1387.9719653038337 4647.5995802765938 3666.597419090911 23475.887607827899 1826.2538299726039 18739.594305589999 20697.496576536447
leaf_count=15093 2320 692 859 1388 18594 8912 14944 36670 6066 61212 20234
internal_value=-5.32442e-14 -0.000678272 1.08143e-05 -0.000777729 1.8609e-05 -3.7488e-05 -0.000519297 0.000132907 -0.00101844 8.3204e-05 0.000282198
internal_weight=77475.4 1196.51 76278.9 727.29 75551.6 50687.8 10140.5 24863.9 6473.85 40547.3 21807.7
internal_count=186984 3012 183972 2247 181725 126461 29922 55264 14978 96539 35327
is_linear=0
shrinkage=0.025


Tree=52
num_leaves=12
num_cat=0
split_feature=4 1 5 4 3 1 13 15 14 2 13
split_gain=0.875462 1.17543 0.72092 1.10383 0.884993 4.36145 5.97054 3.77731 2.91486 2.80992 2.58096
threshold=29.050000000000004 16.500000000000004 0.25000000000000006 20.750000000000004 17.350000000000005 17.500000000000004 0.25534383660447135 0.046726043831232099 -0.73829900574246976 3.5000000000000004 0.030120025924939415
decision_type=2 2 2 2 2 2 2 2 2 2 2
left_child=2 -2 4 -4 5 10 9 8 -6 -7 -1
right_child=1 -3 3 -5 7 6 -8 -9 -10 -11 -12
leaf_value=0.00028617058312744719 -0.0013466003640236668 0.00032501683715083766 -0.00013747792060624122 -0.0012540255518445321 -0.0012351922964262995 -0.00062453830281237229 0.00035144509547714868 7.7671531655820763e-05 0.0018946770693559285 -0.0018061156549720936 -0.00013264171883262645
leaf_weight=19753.848890581536 657.03429425373542 419.13568490921534 5439.380415698135 597.06311498495052 205.99850756801766 4413.5443617458859 3276.0149817823822 22685.823840428726 1173.1456772407239 1762.2891055701439 17175.710342455637
leaf_count=31685 1796 964 13696 1428 1649 8109 13184 35357 16610 5794 56712
internal_value=4.2064e-14 -0.000701504 1.00515e-05 -0.000251692 3.2545e-05 -3.12867e-05 -0.000509887 0.000155494 0.0014162 -0.000966446 9.14172e-05
internal_weight=77559 1076.17 76482.8 6036.44 70446.4 46381.4 9451.85 24065 1379.14 6175.83 36929.6
internal_count=186984 2760 184224 15124 169100 115484 27087 53616 18259 13903 88397
is_linear=0
shrinkage=0.025


Tree=53
num_leaves=12
num_cat=0
split_feature=4 16 16 14 17 16 13 15 15 13 3
split_gain=0.841887 0.999957 0.721721 6.15201 0.912505 0.937534 0.928439 0.719288 0.599343 0.644559 0.582697
threshold=28.650000000000002 0.046726043831232099 0.01031387356977906 -0.63872576220844934 0.054478887215561912 0.1028218340128584 0.15855791680139919 0.070008767168778394 0.023840450726049057 0.80900950266415306 27.250000000000004
decision_type=2 2 2 2 2 2 2 2 2 2 2
left_child=2 -2 3 -1 5 10 7 -7 9 -5 -4
right_child=1 -3 4 8 -6 6 -8 -9 -10 -11 -12
leaf_value=-0.0031711043194769181 0.0015401059992137395 -0.00087412052756079099 0.00019917345523369343 0.00058247160175891319 -3.5175105927365012e-05 -0.00059074884419184955 0.00014678186695400684 -0.0033954403718569775 -0.0023203079971978471 0.0032879325143039193 -0.0014417182362917434
leaf_weight=300.94682097152423 100.3053044200351 1102.2743449932896 19576.938640591754 101.62565830008703 55710.521960475329 128.92346662050113 254.03022083477117 100.07484524813481 3.448057424335274 134.01155247209925 116.46404481842183
leaf_count=20894 464 2548 51481 15512 78027 254 822 219 108 16423 232
internal_value=-1.78003e-13 -0.000650853 1.04088e-05 -0.00088377 1.70032e-05 0.000160968 -0.000905437 -0.00199071 0.00201793 0.00225798 0.000188017
internal_weight=77629.6 1202.58 76427 540.032 75887 20176.4 483.029 228.998 239.085 235.637 19693.4
internal_count=186984 3012 183972 52937 131035 53008 1295 473 32043 31935 51713
is_linear=0
shrinkage=0.025


Tree=54
num_leaves=12
num_cat=0
split_feature=4 5 4 8 3 1 13 15 14 2 13
split_gain=0.821564 0.630233 0.793525 0.871539 0.741437 4.09165 5.64623 3.89926 2.65436 2.63409 2.46819
threshold=30.750000000000004 0.25000000000000006 20.750000000000004 96.500000000000014 17.350000000000005 17.500000000000004 0.25534383660447135 0.047523034418156279 -0.73829900574246976 3.5000000000000004 0.030120025924939415
decision_type=2 2 2 2 2 2 2 2 2 2 2
left_child=1 4 -3 -4 5 10 9 8 -6 -7 -1
right_child=-2 2 3 -5 7 6 -8 -9 -10 -11 -12
leaf_value=0.0002780989214199512 -0.00095894988857681137 -0.00013549749625410283 4.3009790492654747e-05 -0.0017803930678566796 -0.00089381207915422561 -0.00060515740570813304 0.00034333722397536352 5.7731948002322253e-05 0.001832590401912741 -0.0017456899056168336 -0.00013124963713545803
leaf_weight=19793.289584325961 534.39518824737752 5441.0409338957397 273.79468799673487 384.52945703745354 257.95522835624365 4414.4935447352673 3280.2916953618242 23062.938430743467 1251.8003581017044 1777.5183703317271 17179.160457678256
leaf_count=31685 1352 13696 444 1076 1727 8109 13184 36171 17034 5794 56712
internal_value=2.46776e-13 6.89213e-06 -0.000236551 -0.00104314 2.78611e-05 -3.08985e-05 -0.000493912 0.000138857 0.00136116 -0.000937132 8.7928e-05
internal_weight=77651.2 77116.8 6099.37 658.324 71017.4 46444.8 9472.3 24572.7 1509.76 6192.01 36972.5
internal_count=186984 185632 15216 1520 170416 115484 27087 54932 18761 13903 88397
is_linear=0
shrinkage=0.025


Tree=55
num_leaves=12
num_cat=0
split_feature=4 16 5 1 1 2 3 1 13 15 2
split_gain=0.798592 0.941336 0.690196 0.976052 0.782041 0.836957 0.711823 3.98839 6.13199 3.47163 3.28238
threshold=28.650000000000002 0.046726043831232099 1.5500000000000003 12.500000000000002 16.500000000000004 3.5000000000000004 17.350000000000005 17.500000000000004 0.25534383660447135 0.047523034418156279 3.5000000000000004
decision_type=2 2 2 2 2 2 2 2 2 2 2
left_child=2 -2 6 -4 5 -5 7 -1 10 -8 -9
right_child=1 -3 3 4 -6 -7 9 8 -10 -11 -12
leaf_value=7.4914674651055624e-05 0.0014824629771938607 -0.00085039128285179909 1.3569468635978593e-05 -0.0043174511999435582 -0.0002729414556724579 -0.00067288135628939443 0.0012793229427300653 -0.00057630209554590582 0.0003374100802377939 5.1461929766577606e-05 -0.0018154443278124406
leaf_weight=40664.202615667717 101.38746965250175 1103.9706790263299 438.93377678320394 86.379101137281395 127.95529424925917 76.318227491574362 1513.649285876978 4649.2371351915954 3679.8707996288049 23400.819928164768 1874.0400495070426
leaf_count=96539 464 2548 1139 472 452 184 18827 8912 14944 36437 6066
internal_value=2.69618e-14 -0.000633172 1.01378e-05 -0.000744748 -0.00181708 -0.00286866 1.76e-05 -3.60246e-05 -0.00047745 0.000127025 -0.00093675
internal_weight=77716.8 1205.36 76511.4 729.586 290.653 162.697 75781.8 50867.4 10203.1 24914.5 6523.28
internal_count=186984 3012 183972 2247 1108 656 181725 126461 29922 55264 14978
is_linear=0
shrinkage=0.025


Tree=56
num_leaves=12
num_cat=0
split_feature=4 1 16 14 17 15 17 4 13 1 14
split_gain=0.771832 1.05985 0.67363 5.72816 0.822977 0.897792 1.09683 0.704177 1.13286 1.08461 1.425
threshold=29.050000000000004 16.500000000000004 0.01031387356977906 -0.63872576220844934 0.054478887215561912 0.070722717784098665 0.053631140618693819 3.3500000000000001 -0.58077876009839879 6.5000000000000009 -0.7721279831368929
decision_type=2 2 2 2 2 2 2 2 2 2 2
left_child=2 -2 3 -1 5 7 -7 9 -9 10 -4
right_child=1 -3 4 -5 -6 6 -8 8 -10 -11 -12
leaf_value=-0.0030644851538185816 -0.0012662244843938426 0.00031629818632256725 -0.0022322767061913381 0.001926402914470546 -3.3698637425326533e-05 -0.00061574462343127849 0.001248252146085422 0.0015574049889650905 0.00024250197238012304 6.4293138591391973e-05 0.00045736009999580615
leaf_weight=301.24469088818341 662.22775438683675 421.06503333684304 291.42289269573666 241.94553337374191 55874.002680488426 1550.7246976227034 206.74878016859293 402.41817188745699 14433.159374032037 3190.0625815328895 193.96922629287837
leaf_count=20894 1796 964 1808 32043 78191 1442 298 459 38279 7665 3145
internal_value=1.23877e-13 -0.000656531 9.44318e-06 -0.000851998 1.58107e-05 0.000152191 -0.000384887 0.000203543 0.000280218 -0.000105788 -0.0011819
internal_weight=77769 1083.29 76685.7 543.19 76142.5 20268.5 1757.47 18511 14835.6 3675.45 485.392
internal_count=186984 2760 184224 52937 131287 53096 1740 51356 38738 12618 4953
is_linear=0
shrinkage=0.025


Tree=57
num_leaves=12
num_cat=0
split_feature=4 1 13 15 17 16 13 1 14 3 15
split_gain=0.749591 0.627175 1.13964 0.680225 0.627825 0.836436 0.870717 0.849222 6.11653 0.784202 0.622858
threshold=30.350000000000005 5.5000000000000009 0.4749466738948262 0.015198223985045728 0.054478887215561912 0.1028218340128584 0.15855791680139919 21.500000000000004 -0.63872576220844934 27.350000000000005 0.070008767168778394
decision_type=2 2 2 2 2 2 2 2 2 2 2
left_child=1 2 -1 -4 5 7 10 9 -9 -3 -7
right_child=-2 4 3 -5 -6 6 -8 8 -10 -11 -12
leaf_value=-0.0031795357495501258 -0.00086162610248897054 0.00019898735818868775 0.001636472958862596 -0.0034623554628094842 -3.308416121710203e-05 -0.00058715891222343097 0.000148444517843817 -0.0028760939149905735 0.0019293383506905515 -0.0012407726433911548 -0.0031800530048834447
leaf_weight=83.169960046577302 605.97914699610556 19473.131076855301 67.063107609969762 0.75251844455487926 56227.6751423143 128.85743809235282 254.1764060134301 349.06362392349547 281.70971212863515 219.6729585287394 105.0817606758792
leaf_count=21714 1600 42371 24985 47 78945 254 822 6208 9338 481 219
internal_value=-1.37998e-13 6.98559e-06 -0.00150544 0.000804228 1.03397e-05 0.000127578 -0.000874741 0.000152488 -0.000736603 0.000181684 -0.00191057
internal_weight=77796.3 77190.4 150.986 67.8156 77039.4 20811.7 488.116 20323.6 630.773 19692.8 233.939
internal_count=186984 185384 46746 25032 138638 59693 1295 58398 15546 42852 473
is_linear=0
shrinkage=0.025


Tree=58
num_leaves=12
num_cat=0
split_feature=4 16 5 4 3 1 13 15 14 2 13
split_gain=0.728228 0.87162 0.66135 0.984991 0.83334 3.60718 5.09704 3.12312 2.39063 2.30813 2.29242
threshold=28.650000000000002 0.046726043831232099 0.25000000000000006 20.750000000000004 17.350000000000005 17.500000000000004 0.25534383660447135 0.047523034418156279 -0.73829900574246976 3.5000000000000004 0.030120025924939415
decision_type=2 2 2 2 2 2 2 2 2 2 2
left_child=2 -2 4 -4 5 10 9 8 -6 -7 -1
right_child=1 -3 3 -5 7 6 -8 -9 -10 -11 -12
leaf_value=0.00026378511806585841 0.0014226286620477812 -0.00081243194516408877 -0.00013268582406877186 -0.0011842604655547245 -0.00088910467839975959 -0.00057181064034971646 0.00033062010747492631 7.6550628237396056e-05 0.0016958438520861202 -0.0016338584170082901 -0.00013030579408907034
leaf_weight=19871.394531728307 102.47564209118718 1108.4588195475517 5447.0883498943003 601.12724213486945 258.37749027412269 4415.0662566314077 3287.1062745332038 22491.55557138141 1245.8794143301473 1804.6194130694603 17187.388765334341
leaf_count=31685 464 2548 13696 1428 1727 8109 13184 34879 16758 5794 56712
internal_value=-1.58567e-13 -0.000603248 9.69023e-06 -0.00024076 3.12198e-05 -3.04592e-05 -0.000464353 0.000150838 0.001246 -0.000884209 8.10391e-05
internal_weight=77820.5 1210.93 76609.6 6048.22 70561.4 46565.6 9506.79 23995.8 1504.26 6219.69 37058.8
internal_count=186984 3012 183972 15124 168848 115484 27087 53364 18485 13903 88397
is_linear=0
shrinkage=0.025


Tree=59
num_leaves=12
num_cat=0
split_feature=4 1 13 15 17 16 13 1 14 3 1
split_gain=0.707352 0.603525 1.07863 0.666843 0.604968 0.795329 0.818568 0.755021 5.85693 0.610628 0.584801
threshold=30.750000000000004 5.5000000000000009 0.4749466738948262 0.015198223985045728 0.054478887215561912 0.1028218340128584 0.15855791680139919 21.500000000000004 -0.58427653070765262 27.350000000000005 12.500000000000002
decision_type=2 2 2 2 2 2 2 2 2 2 2
left_child=1 2 -1 -4 5 7 -7 9 -9 10 -3
right_child=-2 4 3 -5 -6 6 -8 8 -10 -11 -12
leaf_value=-0.0031088300618067068 -0.00088779656991498841 9.1087455502869382e-05 0.0015918883829501127 -0.0034510892555335289 -3.2925378662535613e-05 -0.0018407879726384118 0.00014711071111900376 -0.0026958036141714447 0.0020126923407306147 -0.0010281737094478838 0.0003776262945437519
leaf_weight=83.006582192168509 536.89575253031217 12627.327700697548 67.390673662585385 0.74376615765504439 56326.656857812952 238.13140503736213 254.24116901238449 364.03674353010501 270.91935495528378 240.02957543055527 6871.119700157411
leaf_count=21714 1352 27510 24985 47 79117 473 822 6496 9086 521 14861
internal_value=-4.40465e-13 6.39073e-06 -0.00147657 0.000766189 9.67606e-06 0.000124599 -0.000848643 0.000148929 -0.000686697 0.000176477 0.000192345
internal_weight=77880.5 77343.6 151.141 68.1344 77192.5 20865.8 492.373 20373.4 634.956 19738.5 19498.4
internal_count=186984 185632 46746 25032 138886 59769 1295 58474 15582 42892 42371
is_linear=0
shrinkage=0.025


Tree=60
num_leaves=12
num_cat=0
split_feature=4 1 14 13 17 1 14 2 10 17 16
split_gain=0.687537 0.583461 8.92463 1.0889 0.731582 1.2143 5.10583 2.57717 1.8604 1.42739 1.28457
threshold=30.350000000000005 20.500000000000004 -0.73829900574246976 0.80900950266415306 0.054478887215561912 13.500000000000002 -0.72658061058371981 3.5000000000000004 1.0000000180025095e-35 0.024420930083715497 0.068256481072674152
decision_type=2 2 2 2 2 2 2 2 2 2 2
left_child=1 4 -3 -4 5 8 7 10 -1 -10 -7
right_child=-2 2 3 -5 -6 6 -8 -9 9 -11 -12
leaf_value=3.2309975520618581e-05 -0.00082408637585480509 -0.0020346815308266652 0.00037813981286845093 0.002072015896621252 -2.7573196846250365e-05 0.001231158347125299 -0.0011282696134374607 0.0030379973439183697 0.0068096039123856505 0.00099383704571911753 -3.9528821019585195e-06
leaf_weight=15547.351473428016 607.65284567367053 1011.4328749306515 450.55520827040345 507.62657039354781 56224.168138983317 1441.2894019740634 819.15828653320204 355.60949647147208 22.695948786613371 92.439620516881405 822.32615335262381
leaf_count=76465 1600 8496 7569 7236 78697 1667 1863 585 1682 377 747
internal_value=-1.09139e-13 6.69007e-06 -0.000415885 0.00129954 1.78471e-05 0.000151433 0.000575429 0.00111277 5.77376e-05 0.00297841 0.000786362
internal_weight=77902.3 77294.7 1969.61 958.182 75325 19100.9 3438.38 2619.23 15662.5 115.136 2263.62
internal_count=186984 185384 23301 14805 162083 83386 4862 2999 78524 2059 2414
is_linear=0
shrinkage=0.025


Tree=61
num_leaves=12
num_cat=0
split_feature=4 1 5 1 3 1 14 2 1 13 2
split_gain=0.668854 0.946388 0.64262 0.930438 0.64782 3.44077 5.53209 3.59474 3.10489 3.84262 3.16394
threshold=29.050000000000004 16.500000000000004 1.5500000000000003 9.5000000000000018 17.350000000000005 17.500000000000004 -0.73829900574246976 3.5000000000000004 17.500000000000004 0.61188073503922691 3.5000000000000004
decision_type=2 2 2 2 2 2 2 2 2 2 2
left_child=2 -2 4 -4 5 -1 7 -7 -6 -10 -11
right_child=1 -3 3 -5 8 6 -8 -9 9 10 -12
leaf_value=6.776050091308605e-05 -0.0011830902063679431 0.00030609928611337957 0.00030385305203170314 -0.0014628730472157226 -3.8635801437540307e-05 -0.00049370874393649437 0.00042022851001705293 -0.0017744758850754311 -0.00016783989478990732 0.0015553511017322658 -7.1481136424895458e-05
leaf_weight=40786.144708055952 667.21518737729275 424.72815528842693 313.67551286853268 418.71719002907048 18946.761864428147 5213.8113639386829 3177.1180117924196 1850.6304440002205 2421.3598616642394 2699.3644801694409 1027.8990127759898
leaf_count=96539 1796 964 859 1388 39736 8928 15946 5048 3604 7844 4332
internal_value=-2.49083e-13 -0.00060876 8.80523e-06 -0.000718241 1.59871e-05 -3.51593e-05 -0.000444362 -0.000833286 0.000119931 0.000607089 0.00110872
internal_weight=77947.4 1091.94 76855.5 732.393 76123.1 51027.7 10241.6 7064.44 25095.4 6148.62 3727.26
internal_count=186984 2760 184224 2247 181977 126461 29922 13976 55516 15780 12176
is_linear=0
shrinkage=0.025


Tree=62
num_leaves=12
num_cat=0
split_feature=4 1 13 15 5 4 8 4 17 2 1
split_gain=0.645688 0.58171 1.02675 0.652941 0.555235 0.741337 0.81684 0.769437 0.682036 4.01295 1.96126
threshold=30.350000000000005 5.5000000000000009 0.38168568572378603 0.012304462925596057 0.25000000000000006 0.25000000000000006 88.500000000000014 20.750000000000004 0.082282658731194377 3.5000000000000004 17.500000000000004
decision_type=2 2 2 2 2 2 2 2 2 2 2
left_child=1 2 -1 -4 8 -6 -7 -8 -3 -10 -11
right_child=-2 4 3 -5 5 6 7 -9 9 10 -12
leaf_value=-0.0031946992893997802 -0.00079838100775565888 6.3217434298423208e-05 0.0014213012202373744 -0.0032861039957858642 0.00049507160737654069 0.00039826469321660376 -0.00034254991033362379 -0.0014130207868722948 0.00011732194918845677 -0.00055789961925642613 -0.0020529731240246231
leaf_weight=74.989914527883258 608.02156030456536 59726.435727892815 72.91567721291355 3.3531655201222739 774.30958233986166 812.00857050257036 4054.1227681013843 452.3489466739411 8684.1049096285133 2019.5772865737927 745.88705545314224
leaf_count=19266 1600 111632 27353 127 1778 1384 7346 1184 9973 3802 1539
internal_value=2.99881e-13 6.47469e-06 -0.00144894 0.000574643 9.69797e-06 -0.000218956 -0.000324375 -0.00045577 2.93271e-05 -0.000147263 -0.000972989
internal_weight=78028.1 77420.1 151.259 76.2688 77268.8 6092.79 5318.48 4506.47 71176 11449.6 2765.46
internal_count=186984 185384 46746 27480 138638 11692 9914 8530 126946 15314 5341
is_linear=0
shrinkage=0.025


Tree=63
num_leaves=12
num_cat=0
split_feature=4 16 5 4 3 1 13 15 14 13 17
split_gain=0.630983 0.788386 0.606981 0.894951 0.772084 3.13362 4.64893 2.79481 2.14612 2.1313 2.96912
threshold=28.650000000000002 0.046726043831232099 0.25000000000000006 20.750000000000004 17.350000000000005 17.500000000000004 0.25534383660447135 0.047523034418156279 -0.73829900574246976 0.030120025924939415 0.027039222659767225
decision_type=2 2 2 2 2 2 2 2 2 2 2
left_child=2 -2 4 -4 5 9 -7 8 -6 10 -1
right_child=1 -3 3 -5 7 6 -8 -9 -10 -11 -12
leaf_value=-0.0010915440360797911 0.0013559261335847025 -0.00075867016733809989 -0.00012762374076182365 -0.0011278889925702496 -0.00084948899519982383 -0.00083269128890365793 0.00032529302482620391 7.3979587750556427e-05 0.0015933135337222891 -0.00012965829118774611 0.00031894417019526596
leaf_weight=961.5912321046635 103.7369467242097 1115.1237367318827 5456.6030292517826 603.91796074438025 259.06975858243118 6253.293996505301 3296.7346966488622 22557.745673273224 1266.723242492553 17199.818117799601 18985.30365292338
leaf_count=13187 464 2548 13696 1428 1727 13903 13184 34879 16758 56712 18498
internal_value=2.32582e-13 -0.000559713 9.02159e-06 -0.00023068 2.96053e-05 -2.96964e-05 -0.000433103 0.000144517 0.00117292 7.41924e-05 0.000249923
internal_weight=78059.7 1218.86 76840.8 6060.52 70780.3 46696.7 9550.03 24083.5 1525.79 37146.7 19946.9
internal_count=186984 3012 183972 15124 168848 115484 27087 53364 18485 88397 31685
is_linear=0
shrinkage=0.025


Tree=64
num_leaves=12
num_cat=0
split_feature=4 1 14 17 15 17 1 14 4 1 14
split_gain=0.609482 0.553752 0.97996 0.545854 0.753083 1.03211 0.754369 7.72373 0.825443 1.06015 3.77258
threshold=30.750000000000004 5.5000000000000009 -0.8140159405215136 0.054478887215561912 0.070722717784098665 0.053631140618693819 20.500000000000004 -0.63872576220844934 26.050000000000004 13.500000000000002 -0.72658061058371981
decision_type=2 2 2 2 2 2 2 2 2 2 2
left_child=1 2 -1 4 6 -6 8 -8 9 -3 -11
right_child=-2 3 -4 -5 5 -7 7 -9 -10 10 -12
leaf_value=-0.0032545592736812259 -0.00082302087629455584 0.00014490054912815579 0.00043765329397253602 -3.1377840451554178e-05 -0.00059614732401980794 0.0011919435874174602 -0.0017156397275051322 0.001431159569878116 -0.00083834142187598276 0.0010680058225019955 -0.00098690283846332937
leaf_weight=68.290951147183691 538.34823313483503 13470.454161791909 83.06281224717965 56472.161596270882 1564.8988749028649 212.3094317629002 1063.8363831403185 866.61222045818431 432.8119271362666 2655.2871423098259 688.76897904137149
leaf_count=14496 1352 29438 32250 79117 1443 300 9118 13963 895 2999 1613
internal_value=3.86746e-13 5.92192e-06 -0.0014137 9.06134e-06 0.000117968 -0.000371651 0.000163681 -0.000302797 0.000216183 0.00024429 0.000641409
internal_weight=78116.8 77578.5 151.354 77427.1 20955 1777.21 19177.8 1930.45 17247.3 16814.5 3344.06
internal_count=186984 185632 46746 138886 59769 1743 58026 23081 34945 34050 4612
is_linear=0
shrinkage=0.025


Tree=65
num_leaves=12
num_cat=0
split_feature=4 1 1 14 13 10 15 13 1 8 13
split_gain=0.595663 1.23029 0.613191 12.0285 1.03695 0.958152 0.924837 2.14173 1.02599 0.808792 0.776548
threshold=28.350000000000005 17.500000000000004 19.500000000000004 -0.73829900574246976 0.35769492645306972 3.0000000000000004 0.049371669029301332 1.0000000180025095e-35 21.500000000000004 86.500000000000014 0.8140385552266387
decision_type=2 2 2 2 2 2 2 2 2 2 2
left_child=2 -2 -1 4 6 9 8 -8 -4 10 -5
right_child=1 -3 3 5 -6 -7 7 -9 -10 -11 -12
leaf_value=2.7616873574095865e-05 -0.00091925811610764113 0.0007521289506802766 -0.0012066335422685212 0.00072971304500004568 -0.00053181897344452094 0.0046002942188942764 -0.005719928786951621 -0.0010555235919799634 -0.0029911878435386102 0.0004869046290502531 0.0020952382256895084
leaf_weight=71996.470528399732 1074.0056901462813 350.98445104486018 1397.7618305431679 535.51658247007617 599.73851646326511 28.05738527176436 97.273806144250557 153.81428562081419 233.7561305575764 1132.6237086591864 554.5002702494985
leaf_count=152828 2592 828 3537 4803 2944 328 376 279 4192 9697 4580
internal_value=2.51843e-13 -0.000502872 9.46775e-06 -0.000265561 -0.00146007 0.00105315 -0.00174708 -0.00315124 -0.00149544 0.000967743 0.0014496
internal_weight=78154.5 1424.99 76729.5 4733.04 2482.34 2250.7 1882.61 251.088 1631.52 2222.64 1090.02
internal_count=186984 3420 183564 30736 11328 19408 8384 655 7729 19080 9383
is_linear=0
shrinkage=0.025


Tree=66
num_leaves=12
num_cat=0
split_feature=4 1 1 5 1 1 2 3 1 13 1
split_gain=0.575241 1.17061 0.711518 0.592781 0.872408 0.691471 0.739723 0.634923 2.95332 4.97774 2.66843
threshold=28.350000000000005 16.500000000000004 11.500000000000002 1.5500000000000003 12.500000000000002 16.500000000000004 3.5000000000000004 17.350000000000005 17.500000000000004 0.25534383660447135 17.500000000000004
decision_type=2 2 2 2 2 2 2 2 2 2 2
left_child=3 2 -2 7 -5 6 -6 8 -1 -10 -9
right_child=1 -3 -4 4 5 -7 -8 10 9 -11 -12
leaf_value=6.1163816667770204e-05 0.00028556292971850336 0.00036865596845496261 -0.0014415130522771882 3.1839702532007386e-05 -0.0039872778816298039 -0.00023622578997936801 -0.00060797602893704924 -2.790033423968095e-05 -0.00082394936296809713 0.00031998905599205432 0.00057354341831841347
leaf_weight=40891.036095487179 182.72675905604046 577.18737550140577 668.8998032292584 438.55785900230694 90.210999433766119 128.19023097853642 77.293560487683862 18765.321639221045 6582.5568898689107 3701.5115763722479 6091.4490108956961
leaf_count=96539 528 1136 1756 1139 472 452 184 39212 14978 14944 15644
internal_value=-1.75219e-13 -0.000493514 -0.0010729 9.31171e-06 -0.000688098 -0.00169024 -0.0026591 1.62259e-05 -3.41254e-05 -0.000412393 0.000119833
internal_weight=78194.9 1428.81 851.627 76766.1 734.253 295.695 167.505 76031.9 51175.1 10284.1 24856.8
internal_count=186984 3420 2284 183564 2247 1108 656 181317 126461 29922 54856
is_linear=0
shrinkage=0.025


Tree=67
num_leaves=12
num_cat=0
split_feature=4 1 5 4 3 1 13 15 14 13 17
split_gain=0.55593 1.12553 0.58698 0.832139 0.741225 2.70154 4.12401 2.4723 2.05088 1.94651 3.01473
threshold=28.350000000000005 17.500000000000004 0.25000000000000006 20.750000000000004 17.350000000000005 17.500000000000004 0.25534383660447135 0.04252486214052096 -0.73829900574246976 -0.090250774277322879 0.027039222659767225
decision_type=2 2 2 2 2 2 2 2 2 2 2
left_child=2 -2 4 -4 5 9 -7 8 -6 10 -1
right_child=1 -3 3 -5 7 6 -8 -9 -10 -11 -12
leaf_value=-0.0012255061489601692 -0.0008824105425546243 0.00071071269291082253 -0.00012694573808140741 -0.0010899778545661728 -0.0016964415728605014 -0.00077854325670362475 0.00031053530663953339 9.0795131490787999e-05 0.0018067089955553289 -9.8109240485026023e-05 0.0003383359233717618
leaf_weight=789.37183331472988 1078.811489538195 353.93166148906312 5462.4930323603476 606.04526505338436 103.14749588530208 6267.7208038567314 3307.1909333444219 23001.511711639585 828.43026397679682 20191.449389519217 16250.446925067983
leaf_count=10211 2592 828 13696 1428 1355 13903 13184 36351 15250 63418 14768
internal_value=-2.66413e-13 -0.000484494 9.16133e-06 -0.000226385 2.94265e-05 -2.84455e-05 -0.00040251 0.000142537 0.00139133 6.79187e-05 0.000264539
internal_weight=78240.6 1432.74 76807.8 6068.54 70739.3 46806.2 9574.91 23933.1 931.578 37231.3 17039.8
internal_count=186984 3420 183564 15124 168440 115484 27087 52956 16605 88397 24979
is_linear=0
shrinkage=0.025


Tree=68
num_leaves=12
num_cat=0
split_feature=4 1 15 13 17 4 13 15 17 14 10
split_gain=0.536778 0.526638 0.932254 0.844398 0.520496 0.731326 0.991147 0.734714 0.68095 1.29816 0.665828
threshold=30.750000000000004 5.5000000000000009 0.011148330828478133 0.45972848220565493 0.054478887215561912 3.3500000000000001 -0.58077876009839879 0.09960891350226718 0.027039222659767225 0.61864848712698539 1.0000000180025095e-35
decision_type=2 2 2 2 2 2 2 2 2 2 2
left_child=1 2 3 -1 5 8 -7 10 9 -3 -8
right_child=-2 4 -4 -5 -6 6 7 -9 -10 -11 -12
leaf_value=-0.0019625353902338878 -0.00077258944572073567 -0.0013712186952367187 -0.0047452473119021605 0.0015532712666597589 -3.0877343123809689e-05 0.0013569764307561078 0.00015407867437879566 -0.0018459692392660744 5.0770101528945729e-06 0.00040502765805708747 0.0015102733176443678
leaf_weight=69.501376748665976 538.0489318278851 667.63989936221878 19.669514813611386 62.165586435930194 56577.619857052603 424.65945594781078 15746.933194056495 93.489752721972764 3486.7028229306597 398.88549407810387 209.88660694620921
leaf_count=21114 1352 2311 490 25142 79117 531 43459 196 7167 4661 1444
internal_value=-3.38475e-14 5.54331e-06 -0.00137896 -0.000316642 8.59777e-06 0.000114736 0.000192206 0.000159738 -0.000165188 -0.000711667 0.000173786
internal_weight=78295.2 77757.2 151.336 131.667 77605.8 21028.2 16475 16050.3 4553.23 1066.53 15956.8
internal_count=186984 185632 46746 46256 138886 59769 45630 45099 14139 6972 44903
is_linear=0
shrinkage=0.025


Tree=69
num_leaves=12
num_cat=0
split_feature=4 1 1 5 4 3 1 14 1 13 2
split_gain=0.52669 1.0669 0.663319 0.563995 0.795051 0.718225 2.63085 5.45308 2.33454 3.61979 3.05044
threshold=28.350000000000005 16.500000000000004 11.500000000000002 0.25000000000000006 20.750000000000004 17.350000000000005 19.500000000000004 -0.8038981836306559 17.500000000000004 0.61188073503922691 3.5000000000000004
decision_type=2 2 2 2 2 2 2 2 2 2 2
left_child=3 2 -2 5 -5 6 -1 -8 -7 -10 -11
right_child=1 -3 -4 4 -6 8 7 -9 9 10 -12
leaf_value=2.0416763991829462e-05 0.00028958406979062354 0.00034960138943749181 -0.0013764681005755913 -0.00012473023233476444 -0.0010657570421326748 -1.8305345981272718e-06 -0.0016390382074660819 0.00054057082170418894 -0.00017266228378198472 0.0015356755772105242 -0.00010342031208132584
leaf_weight=43919.89909620196 182.48271631896932 580.69986386603705 673.55407978105359 5463.7838200741098 606.48160907156125 18008.566889785416 1735.0127116774602 1200.1696392670783 2427.915053010569 2530.4014648289776 979.86039839794103
leaf_count=95945 528 1136 1756 13696 1428 37856 8196 11343 3604 7448 4048
internal_value=7.66626e-14 -0.000470925 -0.00102281 8.92177e-06 -0.00022194 2.8772e-05 -2.81564e-05 -0.000750189 0.000140091 0.000569053 0.00108014
internal_weight=78308.8 1436.74 856.037 76872.1 6070.27 70801.8 46855.1 2935.18 23946.7 5938.18 3510.26
internal_count=186984 3420 2284 183564 15124 168440 115484 19539 52956 15100 11496
is_linear=0
shrinkage=0.025


Tree=70
num_leaves=12
num_cat=0
split_feature=4 1 5 1 3 1 14 2 1 15 13
split_gain=0.503771 1.02287 0.544829 0.826069 0.591389 2.6024 4.64082 3.19324 2.69076 2.3898 2.09731
threshold=28.350000000000005 17.500000000000004 1.5500000000000003 9.5000000000000018 17.350000000000005 17.500000000000004 -0.73829900574246976 3.5000000000000004 20.500000000000004 0.04252486214052096 0.047320950113892181
decision_type=2 2 2 2 2 2 2 2 2 2 2
left_child=2 -2 4 -4 5 10 7 8 -7 -6 -1
right_child=1 -3 3 -5 9 6 -8 -9 -10 -11 -12
leaf_value=0.00021630119033911899 -0.00083883349339502046 0.00067491105107763988 0.00030800135768256978 -0.0013528840397805631 0.0013299316829874469 -0.00021131085158338349 0.00040344066770281993 -0.0016186501028237798 -0.0019556979963801188 6.5847431461385427e-05 -0.00014347404419063099
leaf_weight=22729.490324575956 1083.8711263183177 356.62582916215251 312.6670330659108 424.26957284484524 952.81170814172947 4621.7731145239668 3185.3550289366976 1887.4375050377967 608.86829910028973 23971.496645974752 18233.462495249005
leaf_count=36515 2592 828 859 1388 16907 3924 15946 5048 5004 37949 60024
internal_value=-3.70153e-14 -0.000459963 8.73029e-06 -0.000658686 1.53569e-05 -3.32095e-05 -0.000387956 -0.000742246 -0.000421041 0.000115199 5.61659e-05
internal_weight=78368.1 1440.5 76927.6 736.937 76190.7 51266.4 10303.4 7118.08 5230.64 24924.3 40963
internal_count=186984 3420 183564 2247 181317 126461 29922 13976 8928 54856 96539
is_linear=0
shrinkage=0.025


Tree=71
num_leaves=12
num_cat=0
split_feature=1 15 13 17 16 13 15 1 14 3 0
split_gain=0.503804 0.903025 0.806886 0.52127 0.696248 0.726114 0.615246 0.573357 4.56734 0.540726 0.528338
threshold=5.5000000000000009 0.011148330828478133 0.45972848220565493 0.054478887215561912 0.1028218340128584 0.15855791680139919 0.070388532358218361 21.500000000000004 -0.58427653070765262 27.250000000000004 39.000000000000007
decision_type=2 2 2 2 2 2 2 2 2 2 2
left_child=1 2 -1 4 7 6 -6 9 -9 10 -2
right_child=3 -3 -4 -5 5 -7 -8 8 -10 -11 -12
leaf_value=-0.0019216490808966838 0.00014368855407388023 -0.0046673090806970451 0.001513672826209746 -3.6339492317203977e-05 -0.00050137059605097128 0.00014275608928744995 -0.0030119429231166089 -0.0023724915302019106 0.0017458411360796904 -0.00072130422969454017 0.00072673485224515741
leaf_weight=69.362789761374913 18622.282103202797 19.664765361467289 62.420884269273486 57087.701120100013 139.84730819845572 255.57432916626567 103.6080625357572 366.23603652348538 279.54660456695638 411.19031716353493 1006.7558608092368
leaf_count=21114 39173 490 25142 80188 274 822 199 6496 9086 877 3123
internal_value=-2.94491e-13 -0.00135372 -0.000309425 2.96443e-06 0.000108812 -0.000795914 -0.00171734 0.000131385 -0.000590855 0.000155225 0.000174302
internal_weight=78424.2 151.448 131.784 78272.7 21185 499.03 243.455 20686 645.783 20040.2 19629
internal_count=186984 46746 46256 140238 60050 1295 473 58755 15582 43173 42296
is_linear=0
shrinkage=0.025


Tree=72
num_leaves=12
num_cat=0
split_feature=1 15 13 17 15 17 2 1 14 17 2
split_gain=0.483507 0.874979 0.774802 0.49742 0.67818 0.981228 0.645926 1.48004 1.92779 1.10168 0.923206
threshold=5.5000000000000009 0.011148330828478133 0.45972848220565493 0.054478887215561912 0.070722717784098665 0.053631140618693819 1.5000000000000002 20.500000000000004 -0.70250145193066571 0.050904836551922718 4.5000000000000009
decision_type=2 2 2 2 2 2 2 2 2 2 2
left_child=1 2 -1 4 6 -6 7 9 -9 -2 -8
right_child=3 -3 -4 -5 5 -7 10 8 -10 -11 -12
leaf_value=-0.0018828579875843528 0.00050681723561538268 -0.0045881359142237723 0.0014823957105156824 -3.5500665141964275e-05 -0.00057509645458531772 0.0011586389945535806 0.00036612169038721724 -0.0026161080448721193 0.00013784655633238265 -0.00018298364194016919 -0.0001556256078798471
leaf_weight=69.209716630451567 2266.815780170682 19.655202415819076 62.640032974687074 57088.113158403787 1576.8051584865898 215.01299063768238 9926.7558510570525 287.94218697965334 324.23994044962092 3922.2136444555363 2681.3365384008448
leaf_count=21114 5743 490 25142 80188 1445 300 26122 2592 4614 4680 14554
internal_value=-3.65061e-14 -0.00132595 -0.000299401 2.90397e-06 0.000106252 -0.00035656 0.000149301 -4.69888e-05 -0.00119927 7.0484e-05 0.000255092
internal_weight=78440.7 151.505 131.85 78289.2 21201.1 1791.82 19409.3 6801.21 612.182 6189.03 12608.1
internal_count=186984 46746 46256 140238 60050 1745 58305 17629 7206 10423 40676
is_linear=0
shrinkage=0.025


Tree=73
num_leaves=12
num_cat=0
split_feature=4 5 17 2 14 1 4 4 13 4 4
split_gain=0.480359 0.484046 0.812945 2.29502 2.04661 1.02353 0.841884 0.761893 0.744283 0.935172 0.720385
threshold=30.750000000000004 1.0000000180025095e-35 0.085070056951265058 3.5000000000000004 -0.91583036384466876 17.500000000000004 3.3500000000000001 9.6500000000000004 -0.6084543315941251 2.9500000000000006 14.350000000000003
decision_type=2 2 2 2 2 2 2 2 2 2 2
left_child=1 2 6 4 -4 -5 8 -6 9 -1 -3
right_child=-2 10 3 5 7 -7 -8 -9 -10 -11 -12
leaf_value=-0.0015914386619995348 -0.00073103802148487642 -5.1056596521870527e-06 -0.00062391051577997546 -0.00062095063077277418 -2.6951357922035509e-05 -0.0020036926251570334 0.00011601051199894972 0.00066722532033298976 -9.3448511378090728e-05 0.00093699772063034485 -0.00036171371942946739
leaf_weight=403.41977089840458 537.78735123376828 11575.767848828034 1964.9487952424679 1294.284964493625 1779.2338220895072 447.45797826509079 44830.688573487561 2198.3826908319024 8244.3755453977428 102.21118773491816 5080.8450966110122
leaf_count=930 1352 24099 1531 2640 2108 906 111475 3293 27380 226 11044
internal_value=5.60107e-14 5.23166e-06 3.77256e-05 -0.00020242 3.24087e-05 -0.000994894 7.2229e-05 0.000358131 -0.000151839 -0.00106412 -0.000114187
internal_weight=78459.4 77921.6 61265 7684.31 5942.57 1741.74 53580.7 3977.62 8750.01 505.631 16656.6
internal_count=186984 185632 150489 10478 6932 3546 140011 5401 28536 1156 35143
is_linear=0
shrinkage=0.025


Tree=74
num_leaves=12
num_cat=0
split_feature=5 4 8 9 4 1 2 4 16 17 2
split_gain=0.469424 0.695252 0.801402 0.67754 0.771164 0.587387 0.835912 0.569814 0.705748 0.632197 2.80332
threshold=0.25000000000000006 0.25000000000000006 88.500000000000014 15.350000000000003 20.750000000000004 12.500000000000002 1.5000000000000002 29.050000000000004 0.049371669029301332 0.084388912018616605 3.5000000000000004
decision_type=2 2 2 2 2 2 2 2 2 2 2
left_child=7 -2 -3 4 -4 -6 -7 9 -9 -1 -11
right_child=1 2 3 -5 5 6 -8 8 -10 10 -12
leaf_value=5.5409608917155167e-05 0.0004812724048440651 0.00039901933602040814 -0.00043977926884698147 0.00030463991108580727 -0.00024121364628708686 -0.0039179225121195758 -0.00094705310050513145 0.0010964744149928951 -0.00080747495865738945 7.6334462309756251e-05 -0.00093473830062934006
leaf_weight=61883.04705514745 777.85541275733613 826.73888698051087 3523.1815476401412 643.40522057974385 141.51133651682176 94.932595452526584 159.06796273955842 122.52001147592091 899.42679205798777 7198.0550669264048 2228.4963852881992
leaf_count=156532 2895 1468 8403 1438 216 396 464 494 2110 8343 4225
internal_value=1.72911e-13 -0.000209015 -0.000310066 -0.000439746 -0.000562892 -0.00158562 -0.00226235 1.78726e-05 -0.000562547 2.63461e-05 -0.000164162
internal_weight=78498.2 6166.69 5388.84 4562.1 3918.69 395.512 254.001 72331.5 1021.95 71309.6 9426.55
internal_count=186984 15280 12385 10917 9479 1076 860 171704 2604 169100 12568
is_linear=0
shrinkage=0.025


Tree=75
num_leaves=12
num_cat=0
split_feature=16 13 17 15 14 16 14 15 1 13 0
split_gain=0.467028 0.58301 0.532137 0.620051 7.06036 1.36921 1.33962 2.80971 3.43324 2.41157 2.20975
threshold=0.1028218340128584 0.15855791680139919 0.054478887215561912 0.034767893089061905 -0.73829900574246976 0.066403448280027408 -0.94128245028753155 0.067424689769864002 13.500000000000002 -0.081675638985454838 25.500000000000004
decision_type=2 2 2 2 2 2 2 2 2 2 2
left_child=2 -2 3 4 5 -1 7 8 -5 -9 -10
right_child=1 -3 -4 6 -6 -7 -8 9 10 -11 -12
leaf_value=-0.0017682353908093408 -0.0015193778424628561 8.8375605451515658e-05 -3.432756087602781e-05 -0.00015825393227595383 0.00096549299497245716 0.00027816768838379415 2.496721690484585e-05 0.00078198169196190071 0.00085655908378002253 0.0039271816190711399 0.0035546819657574051
leaf_weight=1241.6712162073063 262.37793485098518 277.34835744457087 57104.88321878924 3363.1236195671372 1532.7081455596081 237.88403257273603 12392.605794657371 408.24276604969054 1256.6499676476233 236.36263926653191 209.01734352600761
leaf_count=26834 530 938 80023 3779 49504 768 22255 242 1146 349 616
internal_value=5.65473e-14 -0.000719567 5.16339e-06 0.000113106 -0.000217682 -0.00143989 0.000169059 0.000494026 0.000283002 0.00201873 0.00128401
internal_weight=78522.9 539.726 77983.1 20878.3 3012.26 1479.56 17866 5473.4 4828.79 644.605 1465.67
internal_count=186984 1468 185516 105493 77106 27602 28387 6132 5541 591 1762
is_linear=0
shrinkage=0.025


Tree=76
num_leaves=12
num_cat=0
split_feature=1 15 13 4 1 1 5 1 17 2 1
split_gain=0.456649 0.842286 0.726946 0.461383 0.941466 0.608832 0.501137 0.786043 0.526006 1.26521 2.96297
threshold=5.5000000000000009 0.011148330828478133 0.45972848220565493 28.350000000000005 16.500000000000004 11.500000000000002 1.5500000000000003 9.5000000000000018 0.058228560496323349 3.5000000000000004 12.500000000000002
decision_type=2 2 2 2 2 2 2 2 2 2 2
left_child=1 2 -1 6 5 -5 8 -8 9 -2 -11
right_child=3 -3 -4 4 -6 -7 7 -9 -10 10 -12
leaf_value=-0.0018222035320499298 -1.1008995445115522e-07 -0.0044875248758413878 0.0014360399342953796 0.0003051238906131868 0.00033171077372908366 -0.0012893320756071104 0.00031791987904363118 -0.001302000389493261 -3.1214522023679163e-05 1.7192454919830139e-05 0.0010559178718061253
leaf_weight=68.979494667021925 19561.146543762217 19.678156803413003 62.954072406821808 181.87724485132276 584.40907889425216 679.59769089566544 311.09607597900322 426.67002197745023 49144.307962970473 4901.59348898594 2621.7599679729919
leaf_count=21114 42527 490 25142 500 1136 1756 432 1388 66307 14095 12097
internal_value=-2.00418e-13 -0.0012882 -0.000283107 2.8186e-06 -0.000436547 -0.00095342 1.11837e-05 -0.000628561 1.75386e-05 0.000105958 0.00038101
internal_weight=78564.1 151.612 131.934 78412.5 1445.88 861.475 76966.6 737.766 76228.8 27084.5 7523.35
internal_count=186984 46746 46256 140238 3392 2256 136846 1820 135026 68719 26192
is_linear=0
shrinkage=0.025


Tree=77
num_leaves=12
num_cat=0
split_feature=5 4 8 9 4 1 2 4 1 3 1
split_gain=0.445234 0.665366 0.76133 0.647202 0.728982 0.550768 0.785997 0.535014 0.769234 0.653372 2.29717
threshold=0.25000000000000006 0.25000000000000006 88.500000000000014 15.350000000000003 20.750000000000004 12.500000000000002 1.5000000000000002 28.350000000000005 16.500000000000004 17.350000000000005 19.500000000000004
decision_type=2 2 2 2 2 2 2 2 2 2 2
left_child=7 -2 -3 4 -4 -6 -7 9 -9 10 -1
right_child=1 2 3 -5 5 6 -8 8 -10 -11 -12
leaf_value=1.7976673979465427e-05 0.00047126857667731116 0.00038831496127396072 -0.00042926786114084965 0.00029840645141519399 -0.00023875091287927451 -0.0037900097038378352 -0.00091626395199314388 -0.00093069968812896906 0.00027810186817627658 0.00013281551055319894 -0.00070058644212939007
leaf_weight=44064.297520072905 779.08711071898415 827.91784819373152 3525.2375493888781 644.13430959389871 141.47022329410538 96.01957743789535 158.84931424020033 838.86274096901616 521.22597752992442 24040.053395870302 2947.8559049059768
leaf_count=95945 2895 1468 8403 1438 216 396 464 2220 1044 52956 19539
internal_value=-4.0497e-13 -0.00020346 -0.000302303 -0.000428683 -0.000549018 -0.00154235 -0.00219591 1.73951e-05 -0.000470135 2.68572e-05 -2.7359e-05
internal_weight=78585 6172.72 5393.63 4565.71 3921.58 396.339 254.869 72412.3 1360.09 71052.2 47012.2
internal_count=186984 15280 12385 10917 9479 1076 860 171704 3264 168440 115484
is_linear=0
shrinkage=0.025


Tree=78
num_leaves=12
num_cat=0
split_feature=16 13 17 11 15 15 14 14 15 1 0
split_gain=0.443562 0.550602 0.506345 0.578775 0.90671 0.785168 6.01044 1.28534 2.59962 3.64524 2.04818
threshold=0.1028218340128584 0.15855791680139919 0.054478887215561912 1.0000000180025095e-35 0.043651291965644774 0.034767893089061905 -0.8038981836306559 -0.94128245028753155 0.06304953718083238 13.500000000000002 25.500000000000004
decision_type=2 2 2 2 2 2 2 2 2 2 2
left_child=2 -2 3 5 -5 6 -1 8 9 -7 -11
right_child=1 -3 -4 4 -6 7 -8 -9 -10 10 -12
leaf_value=-0.0015361582866532007 -0.0014721746443593078 8.6357103900445566e-05 -3.3499396518250877e-05 0.003882206394606698 -0.00023471866710547522 -0.00028071975901597216 0.00070863135095569684 2.048734028599221e-05 0.0015958900190181911 0.00082815972513561775 0.0034673382392888656
leaf_weight=1304.3407032813068 264.75498570338823 277.78931873146212 57135.094667394071 44.415083863084874 65.091781305731274 3019.6328185204184 1687.0786436581927 12320.099391776974 1035.139025544282 1252.7130401891191 200.72699915454723
leaf_count=24247 530 938 80023 2297 403 3416 50850 21564 1005 1118 593
internal_value=4.51766e-14 -0.000699488 5.03933e-06 0.000110178 0.00177674 9.9716e-05 -0.00027386 0.000162635 0.00047935 0.000215011 0.00123476
internal_weight=78606.9 542.544 78064.3 20929.2 109.507 20819.7 2991.42 17828.3 5508.21 4473.07 1453.44
internal_count=186984 1468 185516 105493 2700 102793 75097 27696 6132 5127 1711
is_linear=0
shrinkage=0.025


Tree=79
num_leaves=12
num_cat=0
split_feature=1 15 13 4 1 5 17 2 14 1 4
split_gain=0.432191 0.812609 0.683999 0.432413 0.863943 0.473904 0.839551 2.13909 1.7285 0.922794 0.785626
threshold=5.5000000000000009 0.011148330828478133 0.45972848220565493 28.350000000000005 17.500000000000004 1.0000000180025095e-35 0.084388912018616605 3.5000000000000004 -0.91583036384466876 17.500000000000004 9.6500000000000004
decision_type=2 2 2 2 2 2 2 2 2 2 2
left_child=1 2 -1 5 -5 6 -2 8 -8 -9 -10
right_child=3 -3 -4 4 -6 -7 7 9 10 -11 -12
leaf_value=-0.0017655746716516701 7.9787806107123205e-05 -0.0043944376300550855 0.001393593958746395 -0.00076975995060021829 0.00061463839578853121 -0.00010803012653754347 -0.00054676974319437216 -0.00057655910993628147 -4.9635116988913316e-05 -0.0018223192475729144 0.00064301176430167813
leaf_weight=68.76789730922053 52463.536406754734 19.692819362321643 63.253276660966662 1090.2835350487148 360.83411845233059 16459.579727759432 2107.9616680569015 1397.2860350690135 1861.5247892098305 503.85550651231461 2246.1016129369382
leaf_count=21114 97993 490 25142 2564 828 27848 1635 2825 2182 987 3376
internal_value=1.99711e-15 -0.00125285 -0.000267759 2.74016e-06 -0.00042184 1.08449e-05 4.31681e-05 -0.000193142 3.21117e-05 -0.000922254 0.000330393
internal_weight=78642.7 151.714 132.021 78491 1451.12 77039.8 60580.3 8116.73 6215.59 1901.14 4107.63
internal_count=186984 46746 46256 140238 3392 136846 108998 11005 7193 3812 5558
is_linear=0
shrinkage=0.025


Tree=80
num_leaves=12
num_cat=0
split_feature=16 13 17 11 15 15 14 16 14 15 1
split_gain=0.42335 0.521934 0.482109 0.560434 0.865821 0.742925 5.6933 1.21953 1.21516 2.45149 2.74167
threshold=0.1028218340128584 0.15855791680139919 0.054478887215561912 1.0000000180025095e-35 0.043651291965644774 0.034767893089061905 -0.8038981836306559 0.066143488048251681 -0.94128245028753155 0.068577474760113485 13.500000000000002
decision_type=2 2 2 2 2 2 2 2 2 2 2
left_child=2 -2 3 5 -5 6 7 -1 9 10 -7
right_child=1 -3 -4 4 -6 8 -8 -9 -10 -11 -12
leaf_value=-0.0018228077456032496 -0.0014306983455233588 8.4066964194478075e-05 -3.2686641119284762e-05 0.0037837315424342419 -0.00022700609097350374 -9.5622032444494913e-05 0.00068849512818663417 0.00024487387044377939 1.9761355355978475e-05 0.0020900736783533939 0.0011629946740219297
leaf_weight=1096.5206313420936 266.67749710765202 277.88198643701617 57162.853384191774 45.120224895039428 65.211791795911267 3487.517720700358 1690.1730354529532 206.92262830852997 12323.809252471459 505.91217015311122 1546.3254284765571
leaf_count=23562 530 938 80023 2297 403 3898 50850 685 21564 423 1811
internal_value=-3.37589e-13 -0.000682137 4.92777e-06 0.000107408 0.00174212 9.70997e-05 -0.000266188 -0.00149582 0.00015821 0.000465025 0.00029408
internal_weight=78674.9 544.559 78130.4 20967.5 110.332 20857.2 2993.62 1303.44 17863.6 5539.76 5033.84
internal_count=186984 1468 185516 105493 2700 102793 75097 24247 27696 6132 5709
is_linear=0
shrinkage=0.025


Tree=81
num_leaves=12
num_cat=0
split_feature=5 4 8 9 4 1 2 4 1 3 1
split_gain=0.417828 0.637911 0.72466 0.621536 0.694774 0.521626 0.739265 0.49512 0.706683 0.624917 2.21175
threshold=0.25000000000000006 0.25000000000000006 88.500000000000014 15.350000000000003 20.750000000000004 12.500000000000002 1.5000000000000002 28.350000000000005 16.500000000000004 17.350000000000005 17.500000000000004
decision_type=2 2 2 2 2 2 2 2 2 2 2
left_child=7 -2 -3 4 -4 -6 -7 9 -9 -1 -11
right_child=1 2 3 -5 5 6 -8 8 -10 10 -12
leaf_value=-2.7042719035927194e-05 0.00046296211943421526 0.00037923505815745954 -0.00041804676751746407 0.00029514801103715617 -0.00023463154883371072 -0.0036760397117380945 -0.00089338688189113361 -0.0008918365477567523 0.00026533667201982376 -8.686393756937686e-06 0.00054464592068220166
leaf_weight=47088.614197126255 780.62246127268008 829.62162481531141 3527.1497660607383 644.52937716267388 141.58016692567617 96.905727996840142 158.76174486153468 842.02688162001868 522.19645121320355 18079.278693913366 5997.3516723985667
leaf_count=115484 2895 1468 8403 1438 216 396 464 2220 1044 37856 15100
internal_value=-8.94551e-14 -0.000197001 -0.000293787 -0.000417114 -0.000534997 -0.00150358 -0.00213828 1.68332e-05 -0.000451461 2.59346e-05 0.000129483
internal_weight=78708.6 6179.17 5398.55 4568.93 3924.4 397.248 255.667 72529.5 1364.22 71165.2 24076.6
internal_count=186984 15280 12385 10917 9479 1076 860 171704 3264 168440 52956
is_linear=0
shrinkage=0.025


Tree=82
num_leaves=12
num_cat=0
split_feature=5 4 17 3 10 17 13 2 1 16 14
split_gain=0.40805 0.714482 0.76349 1.41436 1.00947 1.4711 0.775246 0.783644 2.56155 2.26055 1.07588
threshold=1.0000000180025095e-35 3.3500000000000001 0.05881154980749561 27.850000000000005 1.0000000180025095e-35 0.04252486214052096 -0.58077876009839879 3.5000000000000004 12.500000000000002 0.059946828939083978 -0.8238924869212918
decision_type=2 2 2 2 2 2 2 2 2 2 2
left_child=1 -1 3 4 6 -6 -3 -8 -9 -10 -11
right_child=-2 2 -4 -5 5 -7 7 8 9 10 -12
leaf_value=-0.00015766300537457323 -0.00010945346812715721 0.0012619667357322993 -3.4336477185309009e-06 -0.0010436220068864969 0.0039529111941843135 -0.00028089992809736874 7.4771920124726418e-05 1.4192264819149019e-05 0.00048139581751447514 0.0032211581798660101 0.00124195847969291
leaf_weight=10548.29587742866 16738.853769815731 412.65180980272271 33187.778733419895 536.8333053591341 89.715785824741033 91.676587891532108 11751.643429908703 3354.912888737299 1269.3362619578111 343.30978158209473 405.39815145020839
leaf_count=30688 35279 392 45208 1511 1876 483 42346 20897 7082 519 703
internal_value=-2.23347e-13 2.95802e-05 6.80203e-05 0.000197782 0.000236528 0.00199773 0.000216057 0.000189411 0.00043894 0.001138 0.00220969
internal_weight=78730.4 61991.6 51443.3 18255.5 17718.6 181.392 17537.3 17124.6 5372.96 2018.04 748.708
internal_count=186984 151705 121017 75809 74298 2359 71939 71547 29201 8304 1222
is_linear=0
shrinkage=0.025


Tree=83
num_leaves=12
num_cat=0
split_feature=1 15 13 16 17 15 1 13 15 14 14
split_gain=0.407358 0.783173 0.641837 0.407865 0.533769 0.526518 1.1955 3.70112 1.45528 1.00934 1.00887
threshold=5.5000000000000009 0.011148330828478133 0.45972848220565493 0.1028218340128584 0.054478887215561912 0.04477422707108545 19.500000000000004 0.055916472294523401 0.049901525898641025 -0.6775896895960708 -0.91583036384466876
decision_type=2 2 2 2 2 2 2 2 2 2 2
left_child=1 2 -1 4 -2 10 -7 8 -8 -9 -6
right_child=3 -3 -4 -5 5 6 7 9 -10 -11 -12
leaf_value=-0.0017070887449452483 0.00011570707564245505 -0.0042990801591459944 0.0013522052315848114 -0.00066457593434311626 -0.0010071037005023203 -2.4098939969274293e-05 -0.0016786031813056908 -0.00049888571966189889 -0.005130519650104701 0.001047033236745427 0.00076655473043626195
leaf_weight=68.532232158708808 20859.817231945468 19.710992534660363 63.533258445624909 548.45157506933901 225.74876322364435 54328.109971326157 368.90666481014341 684.3498818539083 91.771140541182831 402.32239201183256 1106.3781467715889
leaf_count=21114 58755 490 25142 1468 537 72010 649 1153 360 1212 4094
internal_value=1.29686e-14 -0.00121611 -0.000251065 2.65654e-06 7.5131e-06 -3.19647e-05 -4.3746e-05 -0.000724451 -0.00255111 8.20437e-05 0.000455531
internal_weight=78767.6 151.776 132.065 78615.9 78067.4 57207.6 55875.5 1547.35 460.678 1086.67 1332.13
internal_count=186984 46746 46256 140238 138770 80015 75384 3374 1009 2365 4631
is_linear=0
shrinkage=0.025


Tree=84
num_leaves=12
num_cat=0
split_feature=5 4 8 9 4 1 2 4 17 13 10
split_gain=0.399414 0.608693 0.694381 0.596641 0.663946 0.4945 0.695407 0.473139 0.687834 0.947623 0.754798
threshold=0.25000000000000006 0.25000000000000006 88.500000000000014 15.350000000000003 20.750000000000004 12.500000000000002 1.5000000000000002 3.4500000000000006 0.054478887215561912 -0.58077876009839879 1.0000000180025095e-35
decision_type=2 2 2 2 2 2 2 2 2 2 2
left_child=7 -2 -3 4 -4 -6 -7 -1 9 -9 -11
right_child=1 2 3 -5 5 6 -8 8 -10 10 -12
leaf_value=-0.00011772350360807226 0.00045147272336108042 0.00037135441107553793 -0.00040889317617414847 0.00028961044471801864 -0.00023263531677684924 -0.0035708078705433202 -0.0008753939786176198 0.0013786268075858582 -4.8695563752656513e-06 0.00013477784560552003 0.0016116786867718955
leaf_weight=13378.270780323386 782.14065145600944 830.45787475839552 3527.9124388954533 645.2451303036969 141.68695435998961 97.666792206815444 158.93590379774105 386.94583379476717 43317.917264344171 15322.951186542747 199.59699730988359
leaf_count=37051 2895 1468 8403 1438 216 396 464 358 60709 71075 2511
internal_value=-3.08255e-13 -0.000192537 -0.000287104 -0.000407818 -0.000523322 -0.00146888 -0.00208532 1.64475e-05 4.67835e-05 0.000187252 0.000155818
internal_weight=78789.7 6184.05 5401.91 4571.45 3926.2 398.29 256.603 72605.7 59227.4 15909.5 15522.5
internal_count=186984 15280 12385 10917 9479 1076 860 171704 134653 73944 73586
is_linear=0
shrinkage=0.025


Tree=85
num_leaves=12
num_cat=0
split_feature=5 4 17 3 10 17 13 2 1 16 14
split_gain=0.393778 0.681705 0.687745 1.34819 0.932272 1.33049 0.712502 0.753484 2.42978 2.07723 0.932134
threshold=1.0000000180025095e-35 3.3500000000000001 0.05881154980749561 27.850000000000005 1.0000000180025095e-35 0.043651291965644774 -0.58077876009839879 3.5000000000000004 12.500000000000002 0.059946828939083978 -0.8238924869212918
decision_type=2 2 2 2 2 2 2 2 2 2 2
left_child=1 -1 3 4 6 -6 -3 -8 -9 -10 -11
right_child=-2 2 -4 -5 5 -7 7 8 9 10 -12
leaf_value=-0.00015384928656816922 -0.00010749625411032106 0.0012015704448870984 -1.2986546921776954e-06 -0.0010203527671978671 0.0036128770671950403 -0.00037173850963596753 6.9229197583283824e-05 1.0950659422194209e-05 0.00046815051593537057 0.0030297618240076765 0.0012055054660707182
leaf_weight=10551.055341090272 16748.492541326297 419.96526005443957 33201.536078911857 538.78244257176993 99.603081857992947 87.124913982814178 11760.23394138215 3356.6166082130003 1270.9106197835099 358.38663593027741 409.68344985751901
leaf_count=30688 35279 392 45208 1511 1919 440 42346 20897 7082 519 703
internal_value=-2.28611e-13 2.90388e-05 6.65511e-05 0.000189508 0.000227313 0.00189761 0.000207431 0.000181724 0.000425756 0.00110188 0.002112
internal_weight=78802.4 62053.9 51502.8 18301.3 17762.5 186.728 17575.8 17155.8 5395.6 2038.98 768.07
internal_count=186984 151705 121017 75809 74298 2359 71939 71547 29201 8304 1222
is_linear=0
shrinkage=0.025


Tree=86
num_leaves=12
num_cat=0
split_feature=1 15 13 16 13 17 15 1 13 15 14
split_gain=0.393457 0.759043 0.61592 0.39344 0.478977 0.4754 0.50008 1.1246 3.4621 1.27515 0.963149
threshold=5.5000000000000009 0.011148330828478133 0.45972848220565493 0.1028218340128584 0.15855791680139919 0.054478887215561912 0.04477422707108545 19.500000000000004 0.055916472294523401 0.049901525898641025 -0.91583036384466876
decision_type=2 2 2 2 2 2 2 2 2 2 2
left_child=1 2 -1 5 -5 -2 10 -8 9 -9 -7
right_child=3 -3 -4 4 -6 6 7 8 -10 -11 -12
leaf_value=-0.0016749414758848915 0.00010941088713444403 -0.0042308561843983142 0.0013211633182802533 -0.0013647741110767728 7.7757885976122525e-05 -0.00098483389238446478 -2.2254988321845093e-05 -0.0016245724412709773 8.2588356478688883e-05 -0.0048183588595389617 0.00074774798701226315
leaf_weight=68.38132267565291 20889.613984383846 19.697511014366683 63.752878157169988 269.75886394910049 281.66754221037263 225.73743058345281 54353.404988879578 371.4785666691605 1089.2805572599973 95.935235593700781 1109.6252335885656
leaf_count=21114 58755 490 25142 530 938 537 72010 649 2365 360 4094
internal_value=3.3491e-13 -0.00119499 -0.000245719 2.60889e-06 -0.000651 7.38705e-06 -2.9868e-05 -4.13564e-05 -0.000699558 -0.0024509 0.000444652
internal_weight=78838.3 151.832 132.134 78686.5 551.426 78135.1 57245.5 55910.1 1556.69 467.414 1335.36
internal_count=186984 46746 46256 140238 1468 138770 80015 75384 3374 1009 4631
is_linear=0
shrinkage=0.025


Tree=87
num_leaves=12
num_cat=0
split_feature=5 4 17 1 4 17 2 14 3 1 1
split_gain=0.383637 0.67491 0.865894 0.819538 0.662948 0.65496 1.5858 2.00746 0.79871 1.19022 0.679327
threshold=1.0000000180025095e-35 14.350000000000003 0.060692738716499127 14.500000000000002 3.3500000000000001 0.085070056951265058 3.5000000000000004 -0.90878397393106225 27.850000000000005 17.500000000000004 17.500000000000004
decision_type=2 2 2 2 2 2 2 2 2 2 2
left_child=4 -2 3 -3 -1 8 7 -7 -6 -10 -8
right_child=1 2 -4 -5 5 6 10 -9 9 -11 -12
leaf_value=-0.00015169251788889283 -4.0542902251102027e-07 -0.00041293829635939325 -5.9409146473419846e-05 -0.0014916657809305924 0.00011621166286324304 -0.0005875381661531987 -0.00051265730158324278 0.00048541894849609053 -0.00090902318374387549 0.00081906396289348985 -0.001673986837757162
leaf_weight=10554.453540668081 11613.514383424837 1627.0437764492308 2914.3909992645495 596.97375460027251 44221.477005433502 1797.8975295133423 1049.927304739831 2701.5824938423466 1022.4254316482838 310.1791314409129 449.05042393237818
leaf_count=30688 24099 4428 4979 1773 109594 1428 2043 4100 2309 743 800
internal_value=4.86131e-14 -0.000106099 -0.000344055 -0.000713206 2.86428e-05 6.56077e-05 -0.000179559 5.59851e-05 9.79553e-05 -0.000500628 -0.000878018
internal_weight=78858.9 16751.9 5138.41 2224.02 62107 51552.5 5998.46 4499.48 45554.1 1332.6 1498.98
internal_count=186984 35279 11180 6201 151705 121017 8371 5528 112646 3052 2843
is_linear=0
shrinkage=0.025


Tree=88
num_leaves=12
num_cat=0
split_feature=1 15 13 16 13 17 11 15 1 14 4
split_gain=0.37871 0.736198 0.592087 0.375638 0.454371 0.451294 0.493899 0.791123 0.560482 3.7253 0.529271
threshold=5.5000000000000009 0.011148330828478133 0.45972848220565493 0.1028218340128584 0.15855791680139919 0.054478887215561912 1.0000000180025095e-35 0.04421352089126062 21.500000000000004 -0.58427653070765262 11.050000000000002
decision_type=2 2 2 2 2 2 2 2 2 2 2
left_child=1 2 -1 5 -5 6 8 -8 -2 -10 -11
right_child=3 -3 -4 4 -6 -7 7 -9 9 10 -12
leaf_value=-0.0016426962012338734 0.00012029531052209508 -0.0041634040046045345 0.001294212604859804 -0.0013279395415940743 7.5357403835566892e-05 -2.9053762646056426e-05 0.0035092663234419829 -0.00030449548403973359 -0.0022143798347270573 -0.00011064512463757296 0.002201372252284541
leaf_weight=68.237223081005268 20150.613691806509 19.670341540498157 63.946935661197912 271.17801885528024 281.68562731076963 57287.97735300575 48.038215020278585 62.121991195366718 367.40067569618259 85.321091871581302 188.83663895902646
leaf_count=21114 41985 490 25142 530 938 80015 1186 380 6496 3664 5044
internal_value=-9.24342e-14 -0.0011723 -0.000238538 2.55786e-06 -0.000635287 7.2292e-06 0.000106604 0.00164227 9.68977e-05 -0.000619414 0.00152324
internal_weight=78895 151.855 132.184 78743.2 552.864 78190.3 20902.3 110.16 20792.2 641.558 274.158
internal_count=186984 46746 46256 140238 1468 138770 58755 1566 57189 15204 8708
is_linear=0
shrinkage=0.025


Tree=89
num_leaves=12
num_cat=0
split_feature=5 4 8 9 4 1 2 9 9 13 17
split_gain=0.373875 0.573933 0.669169 0.571552 0.625291 0.459497 0.651967 0.45134 0.638124 0.607689 0.563269
threshold=0.25000000000000006 0.25000000000000006 88.500000000000014 15.350000000000003 20.750000000000004 12.500000000000002 1.5000000000000002 11.950000000000001 11.65 -0.55241485047541339 0.067145367008347515
decision_type=2 2 2 2 2 2 2 2 2 2 2
left_child=-1 -2 -3 4 7 -6 -7 8 9 10 -4
right_child=1 2 3 -5 5 6 -8 -9 -10 -11 -12
leaf_value=1.5900615482740769e-05 0.00043838205610539623 0.00036769304076802247 -0.00040751856489962349 0.00028570628296443974 -0.0002320447923733178 -0.0034476889872565434 -0.00084541380696625916 -0.0009950726943178743 0.0011846375858026979 -0.00022123315183233668 -0.0026138935950864133
leaf_weight=72714.415107395078 784.11184853728082 832.16025646279923 174.2769690893092 646.01701733304708 141.74256882839836 98.671943222987466 159.17573487907066 630.27703105734145 159.7978462712199 2451.0929032525064 115.64398458134383
leaf_count=171704 2895 1468 357 1438 216 396 464 2256 244 5399 147
internal_value=-1.80921e-13 -0.000186146 -0.000277965 -0.000396451 -0.000509444 -0.00142556 -0.00201773 -0.000398327 -0.000262743 -0.000355094 -0.00139949
internal_weight=78907.4 6192.97 5408.86 4576.7 3930.68 399.59 257.848 3531.09 2900.81 2741.01 289.921
internal_count=186984 15280 12385 10917 9479 1076 860 8403 6147 5903 504
is_linear=0
shrinkage=0.025


Tree=90
num_leaves=12
num_cat=0
split_feature=4 9 1 14 17 1 13 8 15 14 1
split_gain=0.367344 0.428273 0.387654 5.66098 0.80989 1.24211 0.675894 0.669456 0.483007 3.45914 2.31303
threshold=30.750000000000004 14.950000000000001 20.500000000000004 -0.6775896895960708 0.048814967258183128 21.500000000000004 0.81900730237416519 83.500000000000014 0.053768366236379317 -0.8140159405215136 11.500000000000002
decision_type=2 2 2 2 2 2 2 2 2 2 2
left_child=2 -2 8 4 5 -4 -5 -8 9 10 -1
right_child=1 -3 3 6 -6 -7 7 -9 -10 -11 -12
leaf_value=-0.00072652517340557375 -0.00025135075198445974 -0.0019220940268985674 -0.00030367224348924965 0.00029598332965102028 -0.002775207337743613 -0.0022487772475591437 0.0024589551513135837 0.00063329785776232829 -1.5192697202151668e-05 0.00059049397687136276 0.0001742857975627327
leaf_weight=3140.5095474398986 430.11680029809941 106.46153611363843 493.23278664518148 418.71612940583327 249.99459635466337 340.65229771886879 276.69964020512452 249.6181483424225 63096.181631168976 6050.4950515657256 4069.3291584057733
leaf_count=20733 1064 288 1960 7221 1096 5980 3748 3332 82707 53516 5339
internal_value=-4.6842e-13 -0.000639996 4.54316e-06 -0.000334812 -0.00155467 -0.00113233 0.0010675 0.00164798 1.36457e-05 0.000150682 -0.00021902
internal_weight=78922 536.578 78385.4 2028.91 1083.88 833.885 945.034 526.318 76356.5 13260.3 7209.84
internal_count=186984 1352 185632 23337 9036 7940 14301 7080 162295 79588 26072
is_linear=0
shrinkage=0.025


Tree=91
num_leaves=12
num_cat=0
split_feature=5 14 4 4 17 3 10 17 13 2 1
split_gain=0.365859 0.660994 0.702238 0.638264 0.622301 1.23552 0.874772 1.22236 0.66808 0.728823 2.31836
threshold=1.0000000180025095e-35 -0.9993703818063705 9.6500000000000004 3.3500000000000001 0.05881154980749561 27.850000000000005 1.0000000180025095e-35 0.04252486214052096 -0.58077876009839879 3.5000000000000004 12.500000000000002
decision_type=2 2 2 2 2 2 2 2 2 2 2
left_child=3 -2 -3 -1 5 6 8 -8 -5 -10 -11
right_child=1 2 -4 4 -6 -7 7 -9 9 10 -12
leaf_value=-0.00014896413299869348 0.001224497821888388 3.4558081325363046e-05 -0.00029097956315049143 0.0011530323221448488 -3.5754413821894794e-07 -0.00097287345602966972 0.003493506729657403 -0.00028526834442226575 6.2050325119619219e-05 5.5233780032441194e-06 0.0010666437842025767
leaf_weight=10559.103623033705 211.17949465706624 8609.4832032865033 7953.7807276922085 426.5554474959863 33248.709442952066 543.03848912509056 99.017877605696413 92.112589125521481 11785.568405327936 3360.7471174839447 2065.573789284721
leaf_count=30688 524 17975 16780 392 45208 1511 1876 483 42346 20897 8304
internal_value=-3.24173e-13 -0.000103541 -0.000121929 2.79566e-05 6.41892e-05 0.000180872 0.000217063 0.00181787 0.000197677 0.00017269 0.000411881
internal_weight=78954.9 16774.4 16563.3 62180.4 51621.3 18372.6 17829.6 191.13 17638.4 17211.9 5426.32
internal_count=186984 35279 34755 151705 121017 75809 74298 2359 71939 71547 29201
is_linear=0
shrinkage=0.025


Tree=92
num_leaves=12
num_cat=0
split_feature=1 15 13 16 13 17 11 15 15 14 14
split_gain=0.364025 0.71204 0.559443 0.360987 0.426213 0.418295 0.4739 0.756495 0.535073 4.25272 1.11186
threshold=5.5000000000000009 0.011148330828478133 0.4749466738948262 0.1028218340128584 0.15855791680139919 0.054478887215561912 1.0000000180025095e-35 0.043651291965644774 0.034767893089061905 -0.74979862697202038 -0.94128245028753155
decision_type=2 2 2 2 2 2 2 2 2 2 2
left_child=1 2 -1 5 -5 6 8 -8 9 -2 -10
right_child=3 -3 -4 4 -6 -7 7 -9 10 -11 -12
leaf_value=-0.0015911815617381205 -0.0012026862474007903 -0.0040913499710202193 0.0012631365331339079 -0.0012902321567306325 6.5751384091233659e-05 -2.7842377237152224e-05 0.0035120579223671075 -0.00022325419076524007 0.00043553281753817375 0.00071284979663211628 1.1341369184630439e-05
leaf_weight=68.609065370005709 1395.2333312610681 19.659016464513115 63.668119632703593 272.69345417385921 283.22048159805126 57331.610569967728 45.244527495211514 65.877177253481932 5593.6888587507419 1465.0434904267422 12379.839804392017
leaf_count=21442 10507 490 24814 530 938 80015 1163 403 6132 19002 21548
internal_value=8.82339e-14 -0.00114908 -0.000231872 2.50554e-06 -0.000621109 7.09192e-06 0.000102651 0.00160134 9.31297e-05 -0.000223405 0.000143695
internal_weight=78984.4 151.936 132.277 78832.5 555.914 78276.5 20944.9 111.122 20833.8 2860.28 17973.5
internal_count=186984 46746 46256 140238 1468 138770 58755 1566 57189 29509 27680
is_linear=0
shrinkage=0.025


Tree=93
num_leaves=12
num_cat=0
split_feature=5 14 4 4 17 2 14 3 1 1 14
split_gain=0.354606 0.639024 0.681983 0.615279 0.603534 1.49641 1.9217 0.733238 1.10695 0.631773 0.610949
threshold=1.0000000180025095e-35 -0.9993703818063705 9.6500000000000004 3.3500000000000001 0.085070056951265058 3.5000000000000004 -0.91583036384466876 27.850000000000005 17.500000000000004 17.500000000000004 0.53435276464917691
decision_type=2 2 2 2 2 2 2 2 2 2 2
left_child=3 -2 -3 -1 7 6 -6 -5 -9 -7 -8
right_child=1 2 -4 4 5 9 10 8 -10 -11 -12
leaf_value=-0.00014618824390695383 0.001198894719086325 3.4102354708313862e-05 -0.0002866788488464074 0.00011160316514494204 -0.00059250939926469267 -0.00049530508829746258 0.00068170468778877558 -0.00087104258612833926 0.00079055557999971717 -0.0016101665547274401 -0.00015898249851601658
leaf_weight=10560.924291634277 212.92328215115413 8612.5587423699708 7953.7511698168219 44303.194264476224 1731.664102308685 1053.7108443249017 2054.2225619362434 1027.5126918694914 312.2025483766738 454.57148913107812 721.65348491305485
leaf_count=30688 524 17975 16780 109594 1370 2043 2853 2309 743 800 1305
internal_value=-7.43656e-16 -0.000101925 -0.00012007 2.75108e-05 6.30641e-05 -0.000171929 5.70331e-05 9.40984e-05 -0.000477897 -0.00084798 0.000463575
internal_weight=78998.9 16779.2 16566.3 62219.7 51658.7 6015.82 4507.54 45642.9 1339.72 1508.28 2775.88
internal_count=186984 35279 34755 151705 121017 8371 5528 112646 3052 2843 4158
is_linear=0
shrinkage=0.025


Tree=94
num_leaves=12
num_cat=0
split_feature=1 15 13 16 13 15 17 2 1 14 1
split_gain=0.350565 0.690513 0.537136 0.345453 0.404822 0.410954 0.397427 0.462691 1.27653 1.39519 1.06576
threshold=5.5000000000000009 0.011148330828478133 0.38168568572378603 0.1028218340128584 0.15855791680139919 0.071093420062627435 0.054478887215561912 1.5000000000000002 20.500000000000004 -0.70250145193066571 10.500000000000002
decision_type=2 2 2 2 2 2 2 2 2 2 2
left_child=1 2 -1 6 5 -5 7 8 -2 -10 -9
right_child=3 -3 -4 4 -6 -7 -8 10 9 -11 -12
leaf_value=-0.0016606275170635524 4.1986583315277517e-05 -0.0040264656922895945 0.0011374153186404033 -0.00028610834322245125 6.3122136731606014e-05 -0.0022014735617379884 -2.7099952470715867e-05 -7.5842658765042092e-05 -0.0023210924077626525 1.1138097424892688e-05 0.00037407555250236409
leaf_weight=62.318561597904846 6822.2960837885967 19.627662812906237 70.003402037665836 147.85350267705508 283.22696922562318 125.98543689912185 57361.798511126166 5621.913461986167 292.3807530451013 328.93017969963694 7895.4891372238417
leaf_count=19022 10537 490 27234 299 938 231 80015 15815 2592 4614 25197
internal_value=2.91151e-13 -0.00112759 -0.000225373 2.4574e-06 -0.000606979 -0.00125718 6.94583e-06 0.000100052 -5.81346e-05 -0.00112454 0.000187118
internal_weight=79031.8 151.95 132.322 78879.9 557.066 273.839 78322.8 20961 7443.61 621.311 13517.4
internal_count=186984 46746 46256 140238 1468 530 138770 58755 17743 7206 41012
is_linear=0
shrinkage=0.025


Tree=95
num_leaves=12
num_cat=0
split_feature=5 14 4 4 9 17 2 14 3 1 14
split_gain=0.344762 0.614929 0.656378 0.592023 0.570718 0.570195 1.42344 1.83633 0.705115 1.05707 0.610871
threshold=1.0000000180025095e-35 -0.9993703818063705 9.6500000000000004 3.3500000000000001 18.150000000000002 0.085070056951265058 3.5000000000000004 -0.90878397393106225 27.850000000000005 17.500000000000004 0.53435276464917691
decision_type=2 2 2 2 2 2 2 2 2 2 2
left_child=3 -2 -3 -1 -4 8 7 -7 -5 -10 -9
right_child=1 2 4 5 -6 6 -8 10 9 -11 -12
leaf_value=-0.00014327533306034287 0.0011710018473384595 3.2856884354735403e-05 -0.00025237251440064806 0.00010932719432627243 -0.0018413669895044754 -0.00055769034596511626 -0.00082376514413021987 0.00069046695553155312 -0.00085222935127206615 0.00076926469498353196 -0.00015396168533619623
leaf_weight=10561.551811021505 214.58177791311755 8616.9155052564074 7829.8605921445587 44323.991572028615 124.51189470889858 1802.955855531618 1515.2584697034908 1993.2300507629989 1029.3156964139889 313.24305047056623 720.73081032373011
leaf_count=30688 524 17975 16308 109594 472 1428 2843 2795 2309 743 1305
internal_value=9.07825e-14 -0.000100483 -0.00011834 2.71147e-05 -0.000281801 6.19657e-05 -0.000166108 5.71709e-05 9.21518e-05 -0.000468167 0.000466731
internal_weight=79046.1 16785.9 16571.3 62260.3 7954.37 51698.7 6032.18 4516.92 45666.6 1342.56 2713.96
internal_count=186984 35279 34755 151705 16780 121017 8371 5528 112646 3052 4100
is_linear=0
shrinkage=0.025


Tree=96
num_leaves=12
num_cat=0
split_feature=5 1 13 1 14 8 8 5 15 13 15
split_gain=0.339091 0.555584 1.05907 0.591307 0.685739 0.62324 0.467813 0.444836 0.477388 0.421433 0.397862
threshold=0.25000000000000006 10.500000000000002 0.66484924122790601 16.500000000000004 -0.35768498937424864 99.500000000000014 83.500000000000014 0.45000000000000007 0.080668033425115332 0.98664879617890844 0.089430462964697796
decision_type=2 2 2 2 2 2 2 2 2 2 2
left_child=10 9 6 4 5 -4 -3 -5 -9 -2 -1
right_child=1 2 3 7 -6 -7 -8 8 -10 -11 -12
leaf_value=3.5122269024648336e-05 5.1711874621419146e-05 0.00073484064736140803 -0.00093530388870805166 -0.0014879398330425238 -0.00071656862022745566 -0.0031841042825859044 -0.00017495436979677247 -0.00030053854855261142 0.0014358307876900329 0.0014839811506642145 -0.00015541954659230734
leaf_weight=65239.189862421772 2094.8327452596359 410.61998857458821 181.30119976447941 106.99242490853067 735.41188702627505 154.16566298319958 1945.7547849142829 345.94792726123706 116.01834542723373 116.9124894294464 7632.3509363494668
leaf_count=164382 6099 504 380 516 1644 568 3585 1304 184 496 7322
internal_value=1.32464e-13 -0.000177061 -0.000352388 -0.000836096 -0.00117716 -0.00208976 -1.1564e-05 -0.00017597 0.00017702 0.000140042 1.51283e-05
internal_weight=79079.5 6207.96 3996.21 1639.84 1070.88 335.467 2356.37 568.959 461.966 2211.75 72871.5
internal_count=186984 15280 8685 4596 2592 948 4089 2004 1488 6595 171704
is_linear=0
shrinkage=0.025


Tree=97
num_leaves=12
num_cat=0
split_feature=1 15 13 1 14 17 1 13 8 15 13
split_gain=0.338755 0.669532 0.517008 0.336704 5.24369 0.773354 1.06845 0.675541 0.67547 0.586388 3.06306
threshold=5.5000000000000009 0.011148330828478133 0.45972848220565493 20.500000000000004 -0.6775896895960708 0.049371669029301332 21.500000000000004 0.81900730237416519 83.500000000000014 0.052457211996178352 0.36571913681022045
decision_type=2 2 2 2 2 2 2 2 2 2 2
left_child=1 2 -1 9 5 6 -5 -6 -9 10 -2
right_child=3 -3 -4 4 7 -7 -8 8 -10 -11 -12
leaf_value=-0.001540469103551334 -0.000207949452674093 -0.0039643907075102205 0.0012018963255700905 -0.00039294908638851442 0.00025717038025048527 -0.0028160918649431797 -0.0021699050054641701 0.002398253822760002 0.00058485266333199043 -1.322477932089921e-05 0.00075771938244702502
leaf_weight=67.817834821712012 4747.1691374203674 19.595108463163342 64.566368981827992 537.20257945900084 420.61043342458288 208.76168261759449 341.37590732226454 284.44017071014969 251.10167707888832 68567.218001781483 3588.6161452766082
leaf_count=21114 11681 490 25142 2060 7221 974 6002 3784 3332 89760 15424
internal_value=-3.2447e-13 -0.00110834 -0.000220762 2.41382e-06 -0.000312735 -0.00148763 -0.00111632 0.00102647 0.00159966 1.08672e-05 0.000208597
internal_weight=79098.5 151.979 132.384 78946.5 2043.49 1087.34 878.578 956.152 535.542 76903 8335.79
internal_count=186984 46746 46256 140238 23373 9036 8062 14337 7116 116865 27105
is_linear=0
shrinkage=0.025


Tree=98
num_leaves=12
num_cat=0
split_feature=16 13 15 5 4 17 1 1 14 14 17
split_gain=0.328405 0.385065 0.384637 0.340589 0.615316 0.851315 0.71494 0.588128 1.302 0.610359 0.553327
threshold=0.1028218340128584 0.15855791680139919 0.071093420062627435 1.0000000180025095e-35 14.350000000000003 0.060692738716499127 14.500000000000002 18.500000000000004 -0.090248267031646914 -0.9993703818063705 0.085070056951265058
decision_type=2 2 2 2 2 2 2 2 2 2 2
left_child=3 2 -2 10 7 6 -6 9 -9 -5 -1
right_child=1 -3 -4 4 5 -7 -8 8 -10 -11 -12
leaf_value=5.9837431164614811e-05 -0.00028118592450251961 6.139342538517473e-05 -0.002128903348820536 0.0013490367995924013 -0.00040537954970998736 -4.0451244709585111e-05 -0.0014089702204488257 -0.0013798806458092696 0.00045677306991124574 3.1461244505396936e-05 -0.00016502863169029424
leaf_weight=54063.337725487669 147.89207857253496 283.26574226736557 127.91803544783033 204.52061139480793 1622.1392606263798 2914.261946029379 605.51189179361245 533.40554714533209 413.92549545088696 10396.129634034365 7809.9467883363759
leaf_count=140038 299 938 231 416 4405 4971 1773 1596 2466 19369 10482
internal_value=2.65285e-13 -0.000593175 -0.00122414 4.37108e-06 -9.57845e-05 -0.000322693 -0.000688282 5.63304e-06 -0.000584524 5.9374e-05 3.14096e-05
internal_weight=79122.3 559.076 275.81 78563.2 16689.9 5141.91 2227.65 11548 947.331 10600.7 61873.3
internal_count=186984 1468 530 185516 34996 11149 6178 23847 4062 19785 150520
is_linear=0
shrinkage=0.025


Tree=99
num_leaves=12
num_cat=0
split_feature=1 15 13 4 1 1 1 14 10 14 15
split_gain=0.326648 0.650022 0.496421 0.32502 0.658954 0.502762 0.433861 8.14912 0.828403 0.764706 0.685349
threshold=5.5000000000000009 0.011148330828478133 0.38168568572378603 28.350000000000005 16.500000000000004 11.500000000000002 19.500000000000004 -0.73829900574246976 3.0000000000000004 -0.92910699518418138 0.052633956298864942
decision_type=2 2 2 2 2 2 2 2 2 2 2
left_child=1 2 -1 6 5 -5 10 9 -9 -8 -2
right_child=3 -3 -4 4 -6 -7 7 8 -10 -11 -12
leaf_value=-0.0015991171365145264 0.00027417357075690052 -0.0039043389847947169 0.0010903735034988107 0.0003545556785915728 0.0002746190785538116 -0.0010912755966582721 -0.0016142600360574391 0.00076532480344516278 0.0039822563571496319 -0.00072380818017733805 1.0711985761573196e-06
leaf_weight=62.077208550393223 6266.7267424438614 19.553072707669344 70.343642784448932 179.85987383813699 593.00592062535361 694.98226778209209 1320.8563962684057 2294.8168501579676 32.562536946148612 1199.958017062545 66407.832631016034
leaf_count=19022 20309 490 27234 500 1136 1756 5888 19080 328 5440 85801
internal_value=-8.50345e-14 -0.00108837 -0.000214818 2.36894e-06 -0.000363638 -0.000792745 9.39107e-06 -0.000219096 0.000843879 -0.00119942 2.46898e-05
internal_weight=79142.6 151.974 132.421 78990.6 1467.85 874.842 77522.8 4848.19 2327.38 2520.81 72674.6
internal_count=186984 46746 46256 140238 3392 2256 136846 30736 19408 11328 106110
is_linear=0
shrinkage=0.025


Tree=100
num_leaves=12
num_cat=0
split_feature=5 2 3 15 8 8 4 1 1 14 16
split_gain=0.319212 0.538048 0.552791 0.828459 0.690158 0.476101 0.390216 0.612845 0.754201 0.876154 0.77968
threshold=0.25000000000000006 5.5000000000000009 15.750000000000002 0.066906075242924273 98.500000000000014 77.500000000000014 3.4500000000000006 13.500000000000002 6.5000000000000009 -0.7721279831368929 0.066906075242924273
decision_type=2 2 2 2 2 2 2 2 2 2 2
left_child=6 2 5 4 -4 -2 7 8 9 10 -1
right_child=1 -3 3 -5 -6 -7 -8 -9 -10 -11 -12
leaf_value=-0.0038424474426103057 0.0010253283036989933 -0.0013803489728163947 -0.00027795108661663338 2.5946018892266547e-05 -0.0017469828038920911 -4.4864896879192993e-05 4.2123988092226837e-05 -0.00032780731079235751 7.6542984642967611e-05 0.00026912479084657685 -0.00078254628754588149
leaf_weight=70.834920498857883 257.37451026965482 202.16554616567373 379.1802067926626 876.05996528000105 424.84283482179967 4084.9702554783771 59537.721117863352 4938.2694530406152 8054.3106750964325 186.58316564509116 154.78908782452345
leaf_count=3970 416 1260 780 1197 1775 9852 134653 11747 11169 9867 298
internal_value=1.03886e-13 -0.000171552 -0.000126539 -0.000508702 -0.00107774 2.29764e-05 1.46825e-05 -0.000107081 2.21315e-05 -0.000995384 -0.00197786
internal_weight=79167.1 6224.59 6022.43 1680.08 804.023 4342.34 72942.5 13404.8 8466.52 412.207 225.624
internal_count=186984 15280 14020 3752 2555 10268 171704 37051 25304 14135 4268
is_linear=0
shrinkage=0.025


Tree=101
num_leaves=12
num_cat=0
split_feature=5 14 4 4 9 17 3 10 17 2 2
split_gain=0.314564 0.572053 0.598734 0.556791 0.537174 0.536621 1.05677 0.805037 1.14231 0.639851 2.14811
threshold=1.0000000180025095e-35 -0.9993703818063705 9.6500000000000004 3.3500000000000001 18.150000000000002 0.05881154980749561 27.850000000000005 1.0000000180025095e-35 0.026238465129866002 4.5000000000000009 3.5000000000000004
decision_type=2 2 2 2 2 2 2 2 2 2 2
left_child=3 -2 -3 -1 -4 6 7 9 -9 10 -5
right_child=1 2 4 5 -6 -7 -8 8 -10 -11 -12
leaf_value=-0.00013929534193166712 0.0011200262887252708 3.1119005511613482e-05 -0.00024040116544356825 8.8726019170466013e-05 -0.0017703344436035126 -2.6335655153872363e-07 -0.00089247838223211493 0.0041019289616820338 0.00028758859678811266 -0.00020976748306230291 0.00081437535946883913
leaf_weight=10570.863340629847 218.5856586503869 8631.6087828978543 7848.0550724910599 12258.079336199409 126.73697925355282 33331.554306840524 550.19433009152272 59.611333852088137 136.65624025429133 2252.3524647113536 3201.3730507297114
leaf_count=30688 524 17975 16308 42738 472 45208 1511 1620 739 17431 11770
internal_value=6.79327e-14 -9.5863e-05 -0.000113195 2.58864e-05 -0.000269083 5.96425e-05 0.000167703 0.000201234 0.0017183 0.000182504 0.000239853
internal_weight=79185.7 16825 16606.4 62360.7 7974.79 51789.8 18458.3 17908.1 196.268 17711.8 15459.5
internal_count=186984 35279 34755 151705 16780 121017 75809 74298 2359 71939 54508
is_linear=0
shrinkage=0.025


Tree=102
num_leaves=12
num_cat=0
split_feature=16 13 15 5 4 17 10 1 14 14 17
split_gain=0.317968 0.362205 0.359766 0.318233 0.570888 0.805269 0.783047 0.547658 1.21046 0.572346 0.52176
threshold=0.1028218340128584 0.15855791680139919 0.071093420062627435 1.0000000180025095e-35 14.350000000000003 0.065103918962869614 3.0000000000000004 18.500000000000004 -0.090248267031646914 -0.9993703818063705 0.085070056951265058
decision_type=2 2 2 2 2 2 2 2 2 2 2
left_child=3 2 -2 10 7 6 -6 9 -9 -5 -1
right_child=1 -3 -4 4 5 -7 -8 8 -10 -11 -12
leaf_value=5.801378103063428e-05 -0.00027662894055918832 5.2004949398772983e-05 -0.0020590233399521312 0.0012968822137630802 -0.00050603493420115452 4.0872940486779314e-05 -0.0027824272294806529 -0.0013283191069318229 0.00043991462207763665 2.9850093064131417e-05 -0.00016028970002722887
leaf_weight=54125.244458323803 147.92883013049141 284.6366260079667 129.73833724297583 207.7329178609798 2794.8446175253189 2273.3665062484797 79.139916437150987 535.63035696084262 414.89959203193575 10406.652586145439 7813.0994641534999
leaf_count=140038 299 938 231 416 7071 3711 367 1596 2466 19369 10482
internal_value=1.1189e-13 -0.000582043 -0.00119183 4.30817e-06 -9.24369e-05 -0.000310899 -0.000587515 5.16565e-06 -0.000563337 5.70394e-05 3.04334e-05
internal_weight=79212.9 562.304 277.667 78650.6 16712.3 5147.35 2873.98 11564.9 950.53 10614.4 61938.3
internal_count=186984 1468 530 185516 34996 11149 7438 23847 4062 19785 150520
is_linear=0
shrinkage=0.025


Tree=103
num_leaves=12
num_cat=0
split_feature=1 15 13 15 2 1 13 14 1 4 17
split_gain=0.31012 0.630482 0.47047 0.306781 2.60446 2.97269 1.08486 0.621767 0.8937 0.638496 0.549344
threshold=5.5000000000000009 0.011148330828478133 0.4749466738948262 0.089430462964697796 3.5000000000000004 17.500000000000004 -0.53798524335129183 -0.32533003375364639 17.500000000000004 12.050000000000002 0.075134374221428851
decision_type=2 2 2 2 2 2 2 2 2 2 2
left_child=1 2 -1 -2 6 -6 -5 10 9 -9 -8
right_child=3 -3 -4 4 5 -7 7 8 -10 -11 -12
leaf_value=-0.0014583901944497232 1.9257867287532155e-05 -0.0038342073857746406 0.0011570552193592677 -0.0011946256673014896 -0.00059989482211917993 -0.0037025081676560464 0.00065773008797919254 -6.6394262222787268e-05 0.0007064480472894029 -0.0010154081496440374 7.7103327046630199e-05
leaf_weight=68.056975499748319 70710.779810170192 19.53702762175817 64.384431609280341 384.0419405233115 1246.0077791789081 211.14560775016434 1752.9236825430999 1122.555655517499 528.47748962859623 715.33733393275179 2407.5556438863277
leaf_count=21442 132161 490 24814 192 1947 402 1278 1370 878 805 1205
internal_value=-4.48196e-14 -0.00106047 -0.00020194 2.30569e-06 -0.000140646 -0.00109352 6.28409e-05 0.000140254 -0.000182309 -0.00044272 0.000323714
internal_weight=79230.8 151.978 132.441 79078.8 8368.05 1457.15 6910.89 6526.85 2366.37 1837.89 4160.48
internal_count=186984 46746 46256 140238 8077 2349 5728 5536 3053 2175 2483
is_linear=0
shrinkage=0.025


Tree=104
num_leaves=12
num_cat=0
split_feature=16 13 15 5 4 17 1 1 14 14 17
split_gain=0.304295 0.343814 0.336503 0.310514 0.553122 0.77462 0.664828 0.519585 1.15204 0.548103 0.499596
threshold=0.1028218340128584 0.15855791680139919 0.071093420062627435 1.0000000180025095e-35 14.350000000000003 0.060692738716499127 14.500000000000002 18.500000000000004 -0.090248267031646914 -0.9993703818063705 0.085070056951265058
decision_type=2 2 2 2 2 2 2 2 2 2 2
left_child=3 2 -2 10 7 6 -6 9 -9 -5 -1
right_child=1 -3 -4 4 5 -7 -8 8 -10 -11 -12
leaf_value=5.6990712563184972e-05 -0.00027185217060778219 4.9563374445655878e-05 -0.0019920371990577025 0.0012631226819821233 -0.00038092645199780894 -3.7072745308186194e-05 -0.0013452376408141736 -0.001293001889558515 0.00043000259101877561 2.856376975144487e-05 -0.00015657579485982322
leaf_weight=54164.665940021288 147.85800540691707 285.04679448902607 131.40993009775411 209.75169338699197 1621.8870749155249 2916.556898046867 611.29328111016366 537.45001294017129 415.58519811308724 10410.333366130606 7816.4872072002909
leaf_count=140038 299 938 231 416 4405 4971 1773 1596 2466 19369 10482
internal_value=1.55076e-13 -0.000568405 -0.00116032 4.21889e-06 -9.1316e-05 -0.00030631 -0.000654487 4.71427e-06 -0.000548265 5.52753e-05 3.00159e-05
internal_weight=79268.3 564.315 279.268 78704 16722.9 5149.74 2233.18 11573.1 953.035 10620.1 61981.2
internal_count=186984 1468 530 185516 34996 11149 6178 23847 4062 19785 150520
is_linear=0
shrinkage=0.025


Tree=105
num_leaves=12
num_cat=0
split_feature=4 9 3 1 13 2 15 10 17 1 13
split_gain=0.304305 0.406202 0.347666 2.57841 2.79087 2.86672 3.35644 2.23273 1.97364 1.95004 3.95391
threshold=30.750000000000004 14.950000000000001 17.150000000000002 17.500000000000004 0.45972848220565493 3.5000000000000004 0.079313168250697549 3.0000000000000004 0.023355272045231603 17.500000000000004 -0.090250774277322879
decision_type=2 2 2 2 2 2 2 2 2 2 2
left_child=2 -2 9 8 -5 7 -7 -6 -4 -1 -11
right_child=1 -3 3 4 5 6 -8 -9 -10 10 -12
leaf_value=4.3023038468130141e-05 -0.00020257319339644811 -0.0018181115165066331 0.0019775421576117133 -0.00030056598869829964 0.0010860398402523738 0.00037725417664035798 -0.0030208426513990759 0.0048228416572388168 -9.1479387672462216e-05 -0.00085126148482512023 0.00012689798834453444
leaf_weight=41084.317908872144 428.00653749064077 108.37545681116171 272.29871192395512 1922.9654706821038 3343.8844387755798 1153.6437379380077 194.99806309735868 85.196856532013044 20371.448237270641 4929.8184963040112 5391.5810317760261
leaf_count=95994 1064 288 10621 2420 8560 5011 381 400 32471 9504 20270
internal_value=1.99141e-13 -0.000582612 4.1152e-06 7.61058e-05 0.00050143 0.00082413 -0.000151035 0.00120631 -6.23006e-05 -3.41938e-05 -0.000341044
internal_weight=79286.5 536.382 78750.2 27344.4 6700.69 4777.72 1348.64 3429.08 20643.7 51405.7 10321.4
internal_count=186984 1352 185632 59864 16772 14352 5392 8960 43092 125768 29774
is_linear=0
shrinkage=0.025


Tree=106
num_leaves=12
num_cat=0
split_feature=1 15 13 1 14 2 17 1 16 1 13
split_gain=0.303879 0.610512 0.449061 0.299712 4.68907 0.705205 0.621447 1.11093 0.54587 0.916845 2.7992
threshold=5.5000000000000009 0.011148330828478133 0.38168568572378603 20.500000000000004 -0.63872576220844934 1.5000000000000002 0.048814967258183128 21.500000000000004 0.028138512133153545 19.500000000000004 0.34156760613242348
decision_type=2 2 2 2 2 2 2 2 2 2 2
left_child=1 2 -1 8 6 -6 7 -5 -2 -10 -11
right_child=3 -3 -4 4 5 -7 -8 -9 9 10 -12
leaf_value=-0.0015262446124160054 0.00051030352867320074 -0.0037807451367565612 0.0010311271976552673 -0.0002175252741986379 2.2445702290853285e-05 0.0014760955276131884 -0.0023934671122711054 -0.0020318660935085843 1.4194946001810033e-05 -0.0015774060925771334 0.00050265840848702102
leaf_weight=61.793304604085677 1320.6946183760156 19.505423447447356 70.783379750534152 498.97390364774037 309.61358267722608 623.17768807786342 271.50468693656148 352.46640461533025 74238.62426742453 828.42250310815507 758.35039244364089
leaf_count=19022 4755 490 27234 2003 4398 9663 1153 6156 108127 1679 2304
internal_value=2.63617e-13 -0.00104943 -0.000204667 2.27951e-06 -0.000294165 0.0010042 -0.00137137 -0.000997994 1.02532e-05 1.41122e-06 -0.000589419
internal_weight=79353.9 152.082 132.577 79201.8 2055.74 932.791 1122.94 851.44 77146.1 75825.4 1586.77
internal_count=186984 46746 46256 140238 23373 14061 9312 8159 116865 112110 3983
is_linear=0
shrinkage=0.025


Tree=107
num_leaves=12
num_cat=0
split_feature=5 2 3 15 8 8 3 1 13 2 15
split_gain=0.300466 0.509748 0.502534 0.756647 0.664385 0.448319 0.373005 1.97175 3.18018 2.9621 4.13781
threshold=0.25000000000000006 5.5000000000000009 15.750000000000002 0.066906075242924273 98.500000000000014 77.500000000000014 15.950000000000001 17.500000000000004 0.45972848220565493 3.5000000000000004 0.079313168250697549
decision_type=2 2 2 2 2 2 2 2 2 2 2
left_child=6 2 5 4 -4 -2 -1 -8 -9 -10 -11
right_child=1 -3 3 -5 -6 -7 7 8 9 10 -12
leaf_value=-3.3656557658989086e-05 0.00098890168975976074 -0.0013357198518229047 -0.00024740977339418163 2.3984083972123952e-05 -0.0016839248655866994 -4.567173174557386e-05 -3.4338614377951985e-05 -0.00029710863372770473 0.0011740879595735767 0.00041709048089265784 -0.0031600126576970151
leaf_weight=42533.863131944039 259.59477552005637 204.77401091241973 380.94359774596569 880.18853359413333 426.43472899219478 4091.5483920567535 23035.050677005711 2502.9471104444983 3596.3509135001568 1247.122427472772 220.51794941152912
leaf_count=104052 416 1260 780 1197 1775 9852 48592 3388 9644 5574 454
internal_value=-1.84082e-13 -0.000166185 -0.000122247 -0.000485703 -0.0010285 2.02945e-05 1.42285e-05 8.07626e-05 0.000430317 0.000789612 -0.000155639
internal_weight=79379.3 6243.48 6038.71 1687.57 807.378 4351.14 73135.9 30602 7566.94 5063.99 1467.64
internal_count=186984 15280 14020 3752 2555 10268 171704 67652 19060 15672 6028
is_linear=0
shrinkage=0.025


Tree=108
num_leaves=12
num_cat=0
split_feature=1 15 14 16 17 0 15 10 14 17 15
split_gain=0.292314 0.593278 0.434081 0.294465 0.341675 0.834682 0.834989 1.20591 1.05933 0.639892 0.607544
threshold=5.5000000000000009 0.011148330828478133 -0.8140159405215136 0.1028218340128584 0.053177297757293469 39.000000000000007 0.036287205241287146 3.0000000000000004 -0.8140159405215136 0.050904836551922718 0.070722717784098665
decision_type=2 2 2 2 2 2 2 2 2 2 2
left_child=1 2 -1 4 5 10 7 -7 9 -8 -2
right_child=3 -3 -4 -5 -6 6 8 -9 -10 -11 -12
leaf_value=-0.0016395752614666373 0.00011765713066373782 -0.0037237334013319984 0.00090113610581537553 -0.00055625258673608965 -1.9294247596239649e-05 -0.0012981473209232573 0.0031560436120687731 0.0028867700391237354 0.0001802692553985582 0.00092146107483564261 -0.00043975805728342247
leaf_weight=53.084456379101567 13181.685305747596 19.458272910929736 79.499393801914238 565.69466079730773 63326.154093094825 185.15670536609832 182.18197810696438 34.801385149126872 303.6935133470688 170.90041989833117 1327.0921375364996
leaf_count=14204 47200 490 32052 1468 86641 2294 435 352 598 235 1015
internal_value=-1.82761e-13 -0.00102938 -0.000197694 2.23333e-06 6.38741e-06 0.00011198 0.000852237 -0.000450598 0.00128899 0.00218183 6.61362e-05
internal_weight=79429.4 152.042 132.584 79277.4 78711.7 15385.5 876.734 219.958 656.776 353.082 14508.8
internal_count=186984 46746 46256 140238 138770 52129 3914 2646 1268 670 48215
is_linear=0
shrinkage=0.025


Tree=109
num_leaves=12
num_cat=0
split_feature=4 1 1 3 1 13 2 15 10 17 1
split_gain=0.290415 0.582631 0.463861 0.397878 1.97528 2.50878 2.44838 3.02996 1.911 1.83417 1.82051
threshold=28.350000000000005 16.500000000000004 11.500000000000002 17.150000000000002 17.500000000000004 0.61188073503922691 3.5000000000000004 0.079313168250697549 3.0000000000000004 0.023355272045231603 17.500000000000004
decision_type=2 2 2 2 2 2 2 2 2 2 2
left_child=3 2 -2 10 9 -6 8 -8 -7 -5 -1
right_child=1 -3 -4 4 5 6 7 -9 -10 -11 -12
leaf_value=4.0682214468517775e-05 0.00035421333442435147 0.00025186636309120901 -0.0010330545444702988 0.0019203456656557334 -0.00015132731098458491 0.0011185071392781744 0.00045097826459839473 -0.0029360545717496914 0.0047653700173856343 -6.6725919568752656e-05 -0.00033017333063190018
leaf_weight=41122.116789114698 179.72635232901666 599.13288668055611 699.46140306594316 274.66615897809243 2523.4086742758645 2739.2368683466066 960.96049210627098 178.5086392168887 75.317465145606548 19748.338687749463 10335.518136462546
leaf_count=95994 528 1136 1756 10593 3768 7504 4158 338 376 31059 29774
internal_value=2.13293e-13 -0.000344758 -0.000747894 6.62441e-06 8.52898e-05 0.000464048 0.000855558 -0.000121125 0.00124903 -3.75792e-05 -3.39053e-05
internal_weight=79436.4 1478.32 879.188 77958.1 26500.4 6477.43 3954.02 1139.47 2814.55 20023 51457.6
internal_count=186984 3420 2284 183564 57796 16144 12376 4496 7880 41652 125768
is_linear=0
shrinkage=0.025


Tree=110
num_leaves=12
num_cat=0
split_feature=1 14 2 17 1 13 8 2 15 13 1
split_gain=0.289409 4.38263 0.701197 0.605994 1.06184 0.420176 0.480671 0.409943 0.409215 3.03072 1.88519
threshold=20.500000000000004 -0.62538740722492581 1.5000000000000002 0.048814967258183128 21.500000000000004 0.63209755774300602 83.500000000000014 2.5000000000000004 0.052457211996178352 0.36571913681022045 8.5000000000000018
decision_type=2 2 2 2 2 2 2 2 2 2 2
left_child=8 3 -3 4 -2 -4 -7 -6 9 10 -1
right_child=1 2 5 -5 7 6 -8 -9 -10 -11 -12
leaf_value=-0.0011114607344980924 -0.00019956720649476684 9.4443627256925673e-07 0.00033484540986871558 -0.0023218802085364339 -0.0029500141554344916 0.0025001318187390237 0.00074665877392723261 -0.0010991619261564037 -1.2442509791596487e-05 0.0007068700203225059 3.7307400416313341e-05
leaf_weight=1157.9170937309955 506.85145703575108 310.66140771027676 168.46466861801491 274.80871153023327 143.52384943290235 262.31208728857746 185.04468659606209 213.1482429268508 68867.584142050619 3706.4806920471619 3684.064411808271
leaf_count=23512 2032 4398 3303 1160 2808 3664 2588 3420 89768 43280 7051
internal_value=-7.28011e-14 -0.000290665 0.000974486 -0.00131941 -0.000955048 0.00145013 0.00183782 -0.00196103 7.8256e-06 0.000170756 -0.000240852
internal_weight=79480.9 2064.82 926.483 1138.33 863.524 615.821 447.357 356.672 77416 8548.46 4841.98
internal_count=186984 23373 13953 9420 8260 9555 6252 6228 163611 73843 30563
is_linear=0
shrinkage=0.025


Tree=111
num_leaves=12
num_cat=0
split_feature=5 4 8 9 4 15 9 9 13 17 1
split_gain=0.286996 0.506686 0.58934 0.525509 0.496772 0.432249 0.39608 0.58773 0.572076 0.517192 0.395176
threshold=0.25000000000000006 0.25000000000000006 88.500000000000014 15.350000000000003 20.750000000000004 0.076784428385960016 11.950000000000001 11.65 -0.55241485047541339 0.067145367008347515 12.500000000000002
decision_type=2 2 2 2 2 2 2 2 2 2 2
left_child=-1 5 -3 4 6 -2 7 8 9 -4 -6
right_child=1 2 3 -5 10 -7 -8 -9 -10 -11 -12
leaf_value=1.3892727737193147e-05 -0.00015827203387818668 0.00035213846433511614 -0.00039120139007772347 0.00029041272249468825 -0.00017866680548753839 0.00099106516554002869 -0.00092268311876890865 0.0011287758833476876 -0.00020165437563642036 -0.0024997617508184401 -0.0018276365560557688
leaf_weight=73253.680079816157 397.01069908608497 846.96229202151972 174.73729485096555 654.0557669222294 141.42968071927316 391.64101156662218 641.06129108335153 164.40112275520369 2463.7408994851335 116.68800615426153 259.92849417118123
leaf_count=171704 2505 1468 357 1438 216 390 2256 244 5399 147 860
internal_value=-4.31443e-13 -0.000162313 -0.000248027 -0.000359191 -0.000467349 0.000422879 -0.000368798 -0.000241729 -0.000331053 -0.0013418 -0.00128264
internal_weight=79505.3 6251.66 5463 4616.04 3961.99 788.652 3560.63 2919.57 2755.17 291.425 401.358
internal_count=186984 15280 12385 10917 9479 2895 8403 6147 5903 504 1076
is_linear=0
shrinkage=0.025


Tree=112
num_leaves=12
num_cat=0
split_feature=1 15 13 15 2 1 13 14 1 4 17
split_gain=0.283953 0.573633 0.476809 0.282982 2.4206 2.31885 1.0224 0.594862 0.804223 0.578153 0.523348
threshold=5.5000000000000009 0.01182913439291145 0.38168568572378603 0.089430462964697796 3.5000000000000004 17.500000000000004 -0.53798524335129183 -0.32533003375364639 17.500000000000004 12.050000000000002 0.075134374221428851
decision_type=2 2 2 2 2 2 2 2 2 2 2
left_child=1 2 -1 -2 6 -6 -5 10 9 -9 -8
right_child=3 -3 -4 4 5 -7 7 8 -10 -11 -12
leaf_value=-0.0015854272394346038 1.8496549687240353e-05 -0.0039869989297200399 0.0010012684211572797 -0.001151479744134569 -0.00059075426597395909 -0.0032261607231576853 0.00064153288886225485 -6.5779825334174655e-05 0.00065720515209787391 -0.00096628923199235908 7.6316482533605188e-05
leaf_weight=66.077330969708015 70926.802193969721 12.95623055892065 73.136590088938505 388.71860016230494 1250.9459942778594 234.10111767065246 1761.4767471067607 1122.3161735573121 538.31919831316918 722.52157971332781 2422.2612602377776
leaf_count=19099 132161 349 27298 192 1947 402 1278 1370 878 805 1205
internal_value=-3.05062e-13 -0.00101418 -0.000271425 2.19948e-06 -0.000134465 -0.00104355 6.2063e-05 0.000137175 -0.000177143 -0.000425041 0.000316209
internal_weight=79519.6 152.17 139.214 79367.5 8440.66 1485.05 6955.61 6566.89 2383.16 1844.84 4183.74
internal_count=186984 46746 46397 140238 8077 2349 5728 5536 3053 2175 2483
is_linear=0
shrinkage=0.025


Tree=113
num_leaves=12
num_cat=0
split_feature=5 1 13 1 14 8 8 14 4 5 15
split_gain=0.278262 0.490117 0.904019 0.499288 0.587508 0.535518 0.420911 0.40814 0.463517 0.403096 0.409926
threshold=0.25000000000000006 10.500000000000002 0.66484924122790601 16.500000000000004 -0.35768498937424864 99.500000000000014 83.500000000000014 -0.7721279831368929 0.25000000000000006 0.45000000000000007 0.080668033425115332
decision_type=2 2 2 2 2 2 2 2 2 2 2
left_child=-1 7 6 4 5 -4 -3 8 -2 -5 -11
right_child=1 2 3 9 -6 -7 -8 -9 -10 10 -12
leaf_value=1.3683154226994278e-05 0.00057286272357329063 0.00069424851986402505 -0.00084704415212748609 -0.001404133954357291 -0.00065574100973429209 -0.002917518361253897 -0.00016386894667697077 0.00045535359610430017 -0.00055094567753320061 -0.00028545875707755726 0.0012871569381112937
leaf_weight=73292.287699024819 308.97792116298558 416.05430303247704 181.04299748432663 109.83888714613568 741.65415369114066 157.86079420277383 1956.9689764590694 1170.2643076881216 745.75226432880743 349.16667398737627 124.40612203977071
leaf_count=171704 396 504 380 516 1644 568 3585 3911 2288 1304 184
internal_value=-1.18298e-13 -0.000159686 -0.00032332 -0.000766327 -0.00108005 -0.0019203 -8.8732e-06 0.000137445 -0.000217198 -0.00016874 0.000163079
internal_weight=79554.3 6261.99 4036.99 1663.97 1080.56 338.904 2373.02 2224.99 1054.73 583.412 473.573
internal_count=186984 15280 8685 4596 2592 948 4089 6595 2684 2004 1488
is_linear=0
shrinkage=0.025


Tree=114
num_leaves=12
num_cat=0
split_feature=16 13 15 1 14 10 14 8 13 14 16
split_gain=0.277868 0.330921 0.313483 0.289362 7.21715 0.895895 0.697293 0.695357 0.664584 0.547898 3.15962
threshold=0.1028218340128584 0.15855791680139919 0.071093420062627435 19.500000000000004 -0.73829900574246976 3.0000000000000004 -0.92910699518418138 83.500000000000014 0.8140385552266387 -0.73829900574246976 0.06799817920075775
decision_type=2 2 2 2 2 2 2 2 2 2 2
left_child=3 2 -2 9 6 7 -5 8 -6 -1 -11
right_child=1 -3 -4 4 5 -7 -8 -9 -10 10 -12
leaf_value=7.8720669326557075e-05 -0.00026027659328901415 6.4011480788803024e-05 -0.0019160058539896025 -0.0015037363100494847 0.0004715478858435803 0.0039241617535959693 -0.00065674206596328354 0.00028082977749442785 0.0016747634555169409 0.00015635431271716882 -0.00033044627371456352
leaf_weight=40252.378484873021 147.66019476437941 284.71382603276288 133.2344830018701 1331.5004396699551 547.98956716252906 36.637526809470728 1201.4100151817875 1213.8793152290382 635.98760066061914 18927.634957525577 14856.408135643189
leaf_count=56174 299 938 231 5888 4704 352 5440 9952 4828 72135 26043
internal_value=-2.71067e-13 -0.000542566 -0.00112078 4.0207e-06 -0.0001803 0.000788441 -0.00111028 0.000708466 0.00113495 1.64329e-05 -5.77833e-05
internal_weight=79569.4 565.609 280.895 79003.8 4967.4 2434.49 2532.91 2397.86 1183.98 74036.4 33784
internal_count=186984 1468 530 185516 31164 19836 11328 19484 9532 154352 98178
is_linear=0
shrinkage=0.025


Tree=115
num_leaves=12
num_cat=0
split_feature=4 1 1 3 1 13 2 15 10 17 1
split_gain=0.276322 0.545798 0.436206 0.386066 1.80953 2.31275 2.4008 2.5702 1.76735 1.70561 1.68459
threshold=28.350000000000005 16.500000000000004 11.500000000000002 17.150000000000002 17.500000000000004 0.45972848220565493 3.5000000000000004 0.079313168250697549 3.0000000000000004 0.023355272045231603 17.500000000000004
decision_type=2 2 2 2 2 2 2 2 2 2 2
left_child=3 2 -2 10 9 -6 8 -8 -7 -5 -1
right_child=1 -3 -4 4 5 6 7 -9 -10 -11 -12
leaf_value=3.8244835590602016e-05 0.0003430471860482897 0.00023981563607345437 -0.0010020393754154428 0.0018431561127182933 -0.00028062733852357921 0.0010022123261962483 0.00035735373939126667 -0.0024804446415357118 0.0043953562388107711 -6.2304567626593412e-05 -0.00031818719748859204
leaf_weight=41190.409570021009 179.70509691781626 602.38958281468513 700.95511134737171 278.03175334269326 1927.6187758636934 3176.6838011884847 1127.3697086629836 221.51795507199131 81.182884790701792 19766.503524924687 10353.883939769614
leaf_count=95994 528 1136 1756 10593 2420 8224 4744 380 376 31059 29774
internal_value=-6.57497e-14 -0.000335756 -0.000726042 6.45812e-06 8.38158e-05 0.000444418 0.000747702 -0.000138109 0.00111307 -3.40636e-05 -3.34486e-05
internal_weight=79606.3 1483.05 880.66 78123.2 26578.9 6534.37 4606.75 1348.89 3257.87 20044.5 51544.3
internal_count=186984 3420 2284 183564 57796 16144 13724 5124 8600 41652 125768
is_linear=0
shrinkage=0.025


Tree=116
num_leaves=12
num_cat=0
split_feature=1 15 13 5 14 1 13 1 10 3 14
split_gain=0.28024 0.557575 0.452842 0.268916 0.514861 0.57606 1.07085 1.55029 1.00466 0.777577 0.91139
threshold=5.5000000000000009 0.01182913439291145 0.4749466738948262 1.0000000180025095e-35 -0.9993703818063705 10.500000000000002 0.67125374152323958 16.500000000000004 1.0000000180025095e-35 20.350000000000005 -0.19244445339415753
decision_type=2 2 2 2 2 2 2 2 2 2 2
left_child=1 2 -1 -2 -5 -6 -7 8 9 10 -8
right_child=3 -3 -4 4 5 6 7 -9 -10 -11 -12
leaf_value=-0.0014683508070345679 2.605946530432765e-05 -0.0039394353293065775 0.0010508664397612638 0.0010531007937122838 0.00010744855569567758 -2.1359308347056469e-05 -0.0032119292778652331 0.00012826847992678593 -0.0029389603486267802 -0.00022127400340998969 -0.00092541167459864182
leaf_weight=72.193141625117448 62617.947109612192 12.942431289935483 67.175437966099537 224.43556307119434 5456.8397664349613 7157.3301770887992 103.8399466018891 1438.5008729484543 124.19804097805172 1000.2609916448127 1375.1960209399695
leaf_count=21522 111882 349 24875 324 7664 10576 392 3688 528 2136 3048
internal_value=-6.99347e-14 -0.00100711 -0.000274597 2.18234e-06 -8.6315e-05 -0.000102913 -0.00020542 -0.000529633 -0.000891347 -0.000766077 -0.00112665
internal_weight=79650.9 152.311 139.369 79498.5 16880.6 16656.2 11199.3 4042 2603.5 2479.3 1479.04
internal_count=186984 46746 46397 140238 28356 28032 20368 9792 6104 5576 3440
is_linear=0
shrinkage=0.025


Tree=117
num_leaves=12
num_cat=0
split_feature=1 15 14 16 17 2 14 2 1 16 15
split_gain=0.270518 0.544052 0.437136 0.26943 0.32297 0.446835 2.47003 1.28861 2.00216 0.744769 0.647551
threshold=5.5000000000000009 0.01182913439291145 -0.8140159405215136 0.1028218340128584 0.054478887215561912 4.5000000000000009 -0.58427653070765262 3.5000000000000004 14.500000000000002 0.023840450726049057 0.034767893089061905
decision_type=2 2 2 2 2 2 2 2 2 2 2
left_child=1 2 -1 4 5 7 -7 10 -9 -10 -2
right_child=3 -3 -4 -5 -6 6 -8 8 9 -11 -12
leaf_value=-0.0016602335304817977 -0.00039250888874097954 -0.003886905624051409 0.00083802672629041102 -0.0005315453734170382 -2.4441388581324848e-05 -0.00079553789151352687 0.00071726169257486016 0.000283384065187377 0.00092138687518887998 0.0027364388580346467 9.7825014178833542e-05
leaf_weight=57.200984459793204 1912.926936939497 12.92219751793891 82.188552061036802 566.86100173718296 57841.244732042411 1701.4956976912363 1090.1621491264887 2777.4386916260701 315.99597514195193 290.76918125653174 13022.159321991639
leaf_count=14283 18139 349 32114 1468 80015 5722 9017 4650 3526 530 17171
internal_value=2.28109e-13 -0.000989488 -0.000266861 2.14361e-06 6.10903e-06 8.97571e-05 -0.000203879 0.000134678 0.000573624 0.00185075 3.45808e-05
internal_weight=79671.4 152.312 139.39 79519.1 78952.2 21110.9 2791.66 18319.3 3384.2 606.765 14935.1
internal_count=186984 46746 46397 140238 138770 58755 14739 44016 8706 4056 35310
is_linear=0
shrinkage=0.025


Tree=118
num_leaves=12
num_cat=0
split_feature=5 2 9 13 4 15 13 17 17 3 2
split_gain=0.263014 0.467561 0.462011 0.614446 0.612044 0.517519 0.490411 0.4632 0.367534 0.367384 0.534158
threshold=0.25000000000000006 5.5000000000000009 11.550000000000002 0.26781182513105634 23.350000000000005 0.059946828939083978 -0.55241485047541339 0.07735439169667975 0.065873414702268221 18.350000000000005 1.0000000180025095e-35
decision_type=2 2 2 2 2 2 2 2 2 2 2
left_child=-1 2 4 5 6 -4 8 9 -2 -8 -11
right_child=1 -3 3 -5 -6 -7 7 -9 -10 10 -12
leaf_value=1.3301278312753621e-05 -0.00029633666241828002 -0.0012657338712195073 -0.00010659017848134386 -0.00016738086968656469 -0.0017962601968972312 0.0011117279235476043 -0.00016019311460208278 0.00045354668984545505 -0.0019824519988390758 -0.0027473472856402933 -0.00040450712222391948
leaf_weight=73413.24661645983 177.65143109485689 208.4731657243301 340.37761301556066 1366.5997794553964 140.0333727899706 570.0026488234289 2357.3019575096764 678.61538679234218 142.27827725932002 66.867125012126252 233.692794807301
leaf_count=171704 307 1260 1738 3904 444 630 4708 1155 161 324 649
internal_value=6.55129e-14 -0.000154994 -0.000112838 0.000167794 -0.000281149 0.000663718 -0.000213667 -0.000120736 -0.0011187 -0.000269656 -0.00106462
internal_weight=79695.1 6281.89 6073.42 2276.98 3796.44 910.38 3656.41 3336.48 319.93 2657.86 300.56
internal_count=186984 15280 14020 6272 7748 2368 7304 6836 468 5681 973
is_linear=0
shrinkage=0.025


Tree=119
num_leaves=12
num_cat=0
split_feature=1 15 13 15 2 1 13 14 1 4 17
split_gain=0.26197 0.530712 0.424402 0.266619 2.256 1.96541 0.967667 0.563293 0.742358 0.535822 0.49575
threshold=5.5000000000000009 0.01182913439291145 0.38168568572378603 0.089430462964697796 3.5000000000000004 17.500000000000004 -0.53798524335129183 -0.32533003375364639 17.500000000000004 12.050000000000002 0.075134374221428851
decision_type=2 2 2 2 2 2 2 2 2 2 2
left_child=1 2 -1 -2 6 -6 -5 10 9 -9 -8
right_child=3 -3 -4 4 5 -7 7 8 -10 -11 -12
leaf_value=-0.0015051480417422258 1.7942033397338018e-05 -0.0038364939462085554 0.00093462625445616624 -0.0011161147388778268 -0.000574475983402013 -0.002940237559379234 0.00062306716323043041 -6.3924096085366111e-05 0.00062449020254964774 -0.00092896702477994583 7.3951067520031718e-05
leaf_weight=65.761061826494469 71063.212053437237 12.899394157342611 73.642334401732015 391.73279930464923 1257.5459370817407 250.16817930736579 1768.344050213811 1122.395664477488 544.56535807368346 727.8962223676499 2430.2172050706577
leaf_count=19099 132161 349 27298 192 1947 402 1278 1370 878 805 1205
internal_value=3.00063e-13 -0.000973756 -0.000260738 2.10843e-06 -0.000130109 -0.00100037 6.00532e-05 0.000133096 -0.000171949 -0.000410523 0.000307084
internal_weight=79708.4 152.303 139.403 79556.1 8492.87 1507.71 6985.15 6593.42 2394.86 1850.29 4198.56
internal_count=186984 46746 46397 140238 8077 2349 5728 5536 3053 2175 2483
is_linear=0
shrinkage=0.025


Tree=120
num_leaves=12
num_cat=0
split_feature=4 1 1 3 1 13 2 15 17 1 13
split_gain=0.262563 0.51689 0.412347 0.376579 1.71291 2.19832 2.1683 2.50448 1.61054 1.59085 3.65755
threshold=28.350000000000005 16.500000000000004 11.500000000000002 17.150000000000002 17.500000000000004 0.61188073503922691 3.5000000000000004 0.079313168250697549 0.023355272045231603 17.500000000000004 -0.090250774277322879
decision_type=2 2 2 2 2 2 2 2 2 2 2
left_child=3 2 -2 9 8 -6 -7 -8 -5 -1 -11
right_child=1 -3 -4 4 5 6 7 -9 -10 10 -12
leaf_value=3.6512879612805098e-05 0.00033322859713453006 0.0002327312440349254 -0.00097443608189750621 0.0017820810737856946 -0.00014423078918901388 0.0011574518833194663 0.00041501661596470615 -0.0025686233471789266 -5.9874243205247387e-05 -0.00079877563336865672 0.00013984938896241799
leaf_weight=41238.207720539416 179.66521244394244 603.180502150135 702.31263521243818 281.20184547893587 2538.6230401197827 2884.0117941281715 965.39618668012554 194.07264481252059 19787.115191885212 4957.2230083885879 5409.9320416355622
leaf_count=95994 528 1136 1756 10593 3768 7880 4158 338 31059 9504 20270
internal_value=7.26042e-16 -0.000327062 -0.000706573 6.28904e-06 8.25685e-05 0.000431878 0.000792507 -0.000119474 -3.23158e-05 -3.31205e-05 -0.000309643
internal_weight=79740.9 1485.16 881.978 78255.8 26650.4 6582.1 4043.48 1159.47 20068.3 51605.4 10367.2
internal_count=186984 3420 2284 183564 57796 16144 12376 4496 41652 125768 29774
is_linear=0
shrinkage=0.025


Tree=121
num_leaves=12
num_cat=0
split_feature=1 14 2 17 1 13 8 15 13 1 17
split_gain=0.260813 3.90086 0.603943 0.574582 1.18699 0.402295 0.511174 0.379083 2.71894 1.7848 2.24805
threshold=20.500000000000004 -0.57022117041332276 1.5000000000000002 0.048169823930211096 21.500000000000004 0.63209755774300602 83.500000000000014 0.052457211996178352 0.36571913681022045 8.5000000000000018 0.066403448280027408
decision_type=2 2 2 2 2 2 2 2 2 2 2
left_child=7 3 -3 4 -2 -4 -7 8 9 -1 -11
right_child=1 2 5 -5 -6 6 -8 -9 -10 10 -12
leaf_value=-0.0010740283656581703 3.0632433641358466e-05 1.644518669942483e-05 0.00031886060785786519 -0.0020411349740645161 -0.0018332243422426885 0.0025062238248110464 0.00069592296236254661 -1.2048155604823369e-05 0.00066931861931918265 0.00035586109587079987 -0.001161324765531971
leaf_weight=1156.9120899997106 469.2102809639764 287.49618775127965 168.7415118250301 348.82738921866985 370.94191408913684 246.8486813067484 186.08408619727561 69134.025928363946 3733.0042419735801 2944.7002367488458 748.67118732468225
leaf_count=23512 1975 4182 3303 1377 6476 3472 2588 89768 43280 5694 1357
internal_value=-8.51835e-14 -0.000275045 0.0009651 -0.0012031 -0.000815784 0.00140328 0.0017932 7.42352e-06 0.000163921 -0.000226207 4.37189e-05
internal_weight=79795.5 2078.15 889.17 1188.98 840.152 601.674 432.933 77717.3 8583.29 4850.28 3693.37
internal_count=186984 23373 13545 9828 8451 9363 6060 163611 73843 30563 7051
is_linear=0
shrinkage=0.025


Tree=122
num_leaves=12
num_cat=0
split_feature=16 4 17 14 15 2 13 17 15 0 17
split_gain=0.259225 0.519034 0.384897 0.713748 3.98952 2.53421 1.58219 1.52182 1.41102 1.24031 0.880667
threshold=0.093147962817220584 18.950000000000003 0.052457211996178352 -0.65187484896379932 0.045415469676416055 4.5000000000000009 0.37371625404731906 0.012304462925596057 0.057934372086895801 39.000000000000007 0.005195281471321922
decision_type=2 2 2 2 2 2 2 2 2 2 2
left_child=2 -2 3 4 6 9 10 -8 -5 -6 -1
right_child=1 -3 -4 8 5 -7 7 -9 -10 -11 -12
leaf_value=-0.0031779240177311854 -0.00032926827771110234 0.00057327700467304924 -1.3835762687423561e-05 0.00070187101525038859 0.00050281112246483572 -0.00089067346436264906 0.0021279015371088975 -0.00061196807252071692 -0.00030144096363048074 0.0020862074857691463 -0.0010709218191213023
leaf_weight=123.01170631842729 3007.1727299387567 440.00526193738915 65050.430763442164 2920.9005697242237 3841.7981030477677 795.91768093931023 167.49514926059123 372.73780379225082 1234.3310441191134 319.87772878957912 1549.6082347169777
leaf_count=11965 4245 893 87856 53363 4210 1485 6464 3219 2704 661 9919
internal_value=1.27191e-13 -0.000211423 9.59527e-06 0.000143961 -7.32716e-06 0.000386551 -0.000885316 0.000283147 0.000403816 0.000633911 -0.0012616
internal_weight=79823.3 3447.18 76376.1 11325.7 7170.45 4957.59 2212.85 540.233 4155.23 4161.68 1672.62
internal_count=186984 5138 181846 93990 37923 6356 31567 9683 56067 4871 21884
is_linear=0
shrinkage=0.025


Tree=123
num_leaves=12
num_cat=0
split_feature=5 4 17 2 14 3 1 1 14 14 1
split_gain=0.256959 0.492284 0.490184 1.2655 1.66413 0.562886 0.783827 0.54144 0.511732 0.479033 0.534946
threshold=1.0000000180025095e-35 3.3500000000000001 0.085070056951265058 3.5000000000000004 -0.91583036384466876 27.850000000000005 17.500000000000004 17.500000000000004 0.53435276464917691 -0.9993703818063705 10.500000000000002
decision_type=2 2 2 2 2 2 2 2 2 2 2
left_child=1 -1 5 4 -4 -3 -7 -5 -6 -2 -11
right_child=9 2 3 7 8 6 -8 -9 -10 10 -12
leaf_value=-0.00013179026574000377 0.0010062052410032896 9.7916320147628963e-05 -0.00055175722330170205 -0.00044546090623687456 0.00062518074765284591 -0.00074246508466609487 0.00063145912814666582 -0.0014646851499082944 -0.00014266175832391477 9.9530700139039915e-05 -0.00020117076609596713
leaf_weight=10614.218044741159 227.34029993278091 44835.919325312367 1730.4287685591262 1066.2563680674648 2092.083441687515 1048.3268737769395 325.89977107230516 468.72231115156319 721.21167644765228 5493.6225668704137 11227.592110215242
leaf_count=30688 524 109594 1370 2043 2853 2309 743 800 1305 14387 20368
internal_value=-3.92638e-13 2.3283e-05 5.48e-05 -0.000155907 5.45343e-05 8.25728e-05 -0.000412253 -0.000771528 0.00042872 -8.63383e-05 -0.000102377
internal_weight=79851.6 62903.1 52288.8 6078.7 4543.72 46210.1 1374.23 1534.98 2813.3 16948.6 16721.2
internal_count=186984 151705 121017 8371 5528 112646 3052 2843 4158 35279 34755
is_linear=0
shrinkage=0.025


Tree=124
num_leaves=12
num_cat=0
split_feature=3 1 2 15 13 10 17 2 15 1 14
split_gain=0.253652 1.94561 2.15966 3.11297 2.30659 1.57108 1.51422 1.61524 1.63952 1.48573 2.86051
threshold=17.150000000000002 17.500000000000004 3.5000000000000004 0.079313168250697549 0.51236666743397874 3.0000000000000004 0.023355272045231603 3.5000000000000004 0.082282658731194377 19.500000000000004 -0.8038981836306559
decision_type=2 2 2 2 2 2 2 2 2 2 2
left_child=9 6 4 -4 -3 -6 -2 -8 -9 -1 -11
right_child=1 2 3 -5 5 -7 7 8 -10 10 -12
leaf_value=1.7384677613455594e-06 0.0016864837723928596 -0.00010518473637211478 0.00017371830548636061 -0.0024261768890198841 0.00094775160089919123 0.0038436339006319691 -0.00024391960418051158 0.0003630239473713099 -0.00075122414655327428 -0.0011889800259881655 0.00031094817236075584
leaf_weight=48467.416377095797 286.17056287935702 1537.5251800854603 1682.7255851032314 326.69661494728643 3341.9541253022981 104.16036232165061 13695.546002487325 6288.1363911751905 930.58905401325319 1845.7677786607019 1372.395285775805
leaf_count=104452 10621 1512 6283 541 8236 400 20324 11412 1887 8664 12652
internal_value=1.15074e-13 6.0294e-05 0.000421263 -0.000268723 0.00069943 0.00105695 -5.90581e-05 -8.45308e-05 0.000217704 -3.28998e-05 -0.000551361
internal_weight=79879.1 28193.5 6993.06 2009.42 4983.64 3446.11 21200.4 20914.3 7218.73 51685.6 3218.16
internal_count=186984 61216 16972 6824 10148 8636 44244 33623 13299 125768 21316
is_linear=0
shrinkage=0.025


Tree=125
num_leaves=12
num_cat=0
split_feature=3 1 2 15 13 10 17 2 15 1 13
split_gain=0.252351 1.84236 2.03365 2.86474 2.19671 1.45226 1.43851 1.54926 1.57804 1.43027 3.47161
threshold=17.150000000000002 17.500000000000004 3.5000000000000004 0.079313168250697549 0.51236666743397874 3.0000000000000004 0.023355272045231603 3.5000000000000004 0.081088772591529565 17.500000000000004 -0.090250774277322879
decision_type=2 2 2 2 2 2 2 2 2 2 2
left_child=9 6 4 -4 -3 -6 -2 -8 -9 -1 -11
right_child=1 2 3 -5 5 -7 7 8 -10 10 -12
leaf_value=3.310927438886704e-05 0.0016384387382142964 -0.000106811760377665 0.0001724730420980316 -0.0022886083470874405 0.00091984980577695637 0.0036606269465391753 -0.00023737728071509287 0.00037665201632215348 -0.00062051189575008253 -0.00077139841092419047 0.00014259335140344291
leaf_weight=41317.08229918476 288.53846227621398 1537.9094703807477 1682.4271125229861 338.03707166970707 3366.4732281767083 108.29961253073998 13693.79838243443 6063.3496582013722 1166.4439519392909 4960.2757694101092 5417.4107573480796
leaf_count=95994 10621 1512 6283 541 8236 400 20324 11070 2229 9504 20270
internal_value=-3.27205e-14 6.00665e-05 0.000410103 -0.000257679 0.00067922 0.00102573 -5.62694e-05 -8.11819e-05 0.000214503 -3.283e-05 -0.000294915
internal_weight=79940 28245.3 7033.15 2020.46 5012.68 3474.77 21212.1 20923.6 7229.79 51694.8 10377.7
internal_count=186984 61216 16972 6824 10148 8636 44244 33623 13299 125768 29774
is_linear=0
shrinkage=0.025


Tree=126
num_leaves=12
num_cat=0
split_feature=3 1 2 15 13 1 14 17 2 15 10
split_gain=0.254809 1.74479 1.91691 2.64375 2.08893 1.38041 2.70152 1.36624 1.48596 1.51158 1.34985
threshold=17.150000000000002 17.500000000000004 3.5000000000000004 0.079313168250697549 0.51236666743397874 19.500000000000004 -0.8038981836306559 0.023355272045231603 3.5000000000000004 0.081088772591529565 3.0000000000000004
decision_type=2 2 2 2 2 2 2 2 2 2 2
left_child=5 7 4 -4 -3 -1 -7 -2 -9 -10 -6
right_child=1 2 3 -5 10 6 -8 8 9 -11 -12
leaf_value=3.8642271639465176e-07 0.0015922766243939611 -0.00010698798815827782 0.00017151564978492797 -0.0021637974711919386 0.00089327351031271156 -0.0011518844150265395 0.00030517786675255781 -0.00023053423032607704 0.00037051574503391675 -0.00060439969233688968 0.0034988106434861981
leaf_weight=48495.91761102208 290.83646080308608 1537.953313225953 1682.0118273702465 348.91909748059697 3389.7952644625511 1847.416366640864 1373.3408211680071 13690.664401556733 6070.4360927282069 1169.1829233343597 112.10477596754208
leaf_count=104452 10621 1512 6283 541 8236 8664 12652 20324 11070 2229 400
internal_value=9.02336e-14 6.02956e-05 0.000399824 -0.000246885 0.000660376 -3.29956e-05 -0.000532539 -5.31036e-05 -7.74651e-05 0.000211838 0.000996079
internal_weight=80008.6 28291.9 7070.78 2030.93 5039.85 51716.7 3220.76 21221.1 20930.3 7239.62 3501.9
internal_count=186984 61216 16972 6824 10148 125768 21316 44244 33623 13299 8636
is_linear=0
shrinkage=0.025


Tree=127
num_leaves=12
num_cat=0
split_feature=1 15 13 15 1 14 2 17 15 17 13
split_gain=0.255675 0.511388 0.452782 0.26634 0.651241 1.75611 0.578976 0.276178 0.548141 0.833346 0.42018
threshold=5.5000000000000009 0.012304462925596057 0.38168568572378603 0.012846567062331213 21.500000000000004 -0.57022117041332276 1.5000000000000002 0.054478887215561912 0.070722717784098665 0.053631140618693819 0.87379901192678244
decision_type=2 2 2 2 2 2 2 2 2 2 2
left_child=1 2 -1 6 7 -6 -2 8 -5 10 -10
right_child=3 -3 -4 4 5 -7 -8 -9 9 -11 -12
leaf_value=-0.0015837789187862659 -0.00081702691776910051 -0.0041953022083832002 0.00088975040838527105 0.00012279408943931863 -0.0020608931835929809 0.00089714472584706681 0.0018336319894198335 -2.2611264594003795e-05 -0.00033634677246311903 0.0010303252592739679 -0.0013987229031292691
leaf_weight=69.881322895059895 66.84404999187791 6.1379138659685841 76.711949583361672 19194.602012920361 293.09926683845697 194.20906217343872 119.99471780953354 58184.563454264258 1363.3616453929571 228.7496425230056 266.73495533270761
leaf_count=19172 3185 221 27353 42256 3372 3236 6256 80188 1127 300 318
internal_value=-5.08705e-14 -0.000960794 -0.000337965 2.07625e-06 -2.48112e-07 -0.000893121 0.000898018 5.46698e-06 8.30135e-05 -0.000324699 -0.000525031
internal_weight=80064.9 152.731 146.593 79912.2 79725.3 487.308 186.839 79238 21053.4 1858.85 1630.1
internal_count=186984 46746 46525 140238 130797 6608 9441 124189 44001 1745 1445
is_linear=0
shrinkage=0.025


Tree=128
num_leaves=12
num_cat=0
split_feature=3 1 13 2 15 1 13 2 13 1 3
split_gain=0.252508 1.65782 1.82069 1.93588 2.00144 1.31144 3.31308 2.42957 1.69934 2.52071 1.61941
threshold=17.150000000000002 17.500000000000004 0.45972848220565493 3.5000000000000004 0.079313168250697549 17.500000000000004 -0.090250774277322879 3.5000000000000004 0.030120025924939415 6.5000000000000009 9.6500000000000004
decision_type=2 2 2 2 2 2 2 2 2 2 2
left_child=5 -2 -3 -4 -5 8 7 -7 9 -1 -11
right_child=1 2 3 4 -6 6 -8 -9 -10 10 -12
leaf_value=-0.0014563251409652721 -5.0731748132810625e-05 -0.00026059400211916607 0.0009410050951576802 0.00031445549550830854 -0.0019929475681838235 -0.00040073726854987062 0.00014360168991601875 -0.0016312446070129473 -0.00014728195418756081 8.7504765182729009e-05 0.00056859806092685505
leaf_weight=557.49666774971774 21236.250175404311 1942.7344757698302 3677.6092597012685 1217.1351812493886 270.11961764388252 3581.5335262883527 5420.6465734773519 1384.0886509007469 18554.525205739166 16269.05165798415 5965.3949798499816
leaf_count=13933 44244 2420 8960 5175 417 5616 20270 3888 60460 15934 5667
internal_value=-1.37171e-13 5.99515e-05 0.000389868 0.000634597 -0.000125506 -3.28573e-05 -0.000283713 -0.00074889 3.02646e-05 0.000174805 0.000216975
internal_weight=80076.6 28343.8 7107.6 5164.86 1487.25 51732.7 10386.3 4965.62 41346.5 22791.9 22234.4
internal_count=186984 61216 16972 14552 5592 125768 29774 9504 95994 35534 21601
is_linear=0
shrinkage=0.025


Tree=129
num_leaves=12
num_cat=0
split_feature=5 1 13 13 8 8 9 15 3 1 14
split_gain=0.252662 0.449863 0.766311 0.518804 0.411959 0.405593 0.343219 0.653259 0.522089 1.30496 3.02317
threshold=0.25000000000000006 9.5000000000000018 0.66484924122790601 0.98664879617890844 94.500000000000014 83.500000000000014 16.250000000000004 0.053902171716088305 17.950000000000003 19.500000000000004 -0.86955717898714324
decision_type=2 2 2 2 2 2 2 2 2 2 2
left_child=6 3 5 -2 -4 -3 8 -8 9 -1 -11
right_child=1 2 4 -5 -6 -7 7 -9 -10 10 -12
leaf_value=1.5080153966455572e-05 7.1069311355095467e-05 0.00068280655976567922 -9.0099905650748669e-05 0.0019193985196222262 -0.00091694811797798318 -0.00015085198576537359 0.00054742201887564529 -0.00032240333006667573 0.00012715764928730003 -0.0012872287647464555 0.00024985712039529668
leaf_weight=44242.299251996876 1827.926503851653 418.06162838138698 534.67508327051291 80.233050454197155 1292.8476096173272 2159.6122074626328 609.75593488879167 3803.1632530259922 22013.916837621568 1556.5799704272795 1612.0238929329571
leaf_count=93602 5648 504 1056 368 3884 3820 2815 6910 48272 7100 13005
internal_value=-2.2308e-15 -0.00015154 -0.000290038 0.00016789 -0.000678633 -1.14285e-05 1.29947e-05 -0.000200287 2.66055e-05 -2.01169e-05 -0.000508576
internal_weight=80151.1 6313.36 4405.2 1908.16 1827.52 2577.67 73837.7 4412.92 69424.8 47410.9 3168.6
internal_count=186984 15280 9264 6016 4940 4324 171704 9725 161979 113707 20105
is_linear=0
shrinkage=0.025


Tree=130
num_leaves=12
num_cat=0
split_feature=16 13 15 5 17 2 14 16 3 1 4
split_gain=0.251168 0.319268 0.289891 0.247824 0.495036 1.46062 1.47796 0.569301 0.464713 0.658999 0.506138
threshold=0.1028218340128584 0.15855791680139919 0.071093420062627435 1.0000000180025095e-35 0.085070056951265058 3.5000000000000004 -0.91583036384466876 0.045415469676416055 27.850000000000005 17.500000000000004 3.3500000000000001
decision_type=2 2 2 2 2 2 2 2 2 2 2
left_child=3 2 -2 4 8 6 -6 -7 10 -10 -1
right_child=1 -3 -4 -5 5 7 -8 -9 9 -11 -12
leaf_value=-0.00010937802951280836 -0.00025043647332793087 8.1080616901732527e-05 -0.0018379928911094264 -8.1190934762252168e-05 -0.00052797732849914835 -0.0020122915927409243 0.00030211444013255218 -0.00060599943916820524 -0.00069867211514371618 0.00054896532508185228 9.8993595807127816e-05
leaf_weight=8683.7516977772029 147.66574363957625 284.19526707282057 135.12324484705459 16875.333290682771 1973.8854182700161 189.07144242874347 4071.6576182815479 1653.6066819164334 1055.0128271613139 334.47365030887158 44772.49754013442
leaf_count=28151 299 938 231 34996 1531 456 5399 3096 2305 743 108839
internal_value=-2.59178e-13 -0.000515245 -0.00108031 3.79811e-06 2.66786e-05 -0.000158252 3.02401e-05 -0.000770352 5.33244e-05 -0.000394816 6.51162e-05
internal_weight=80176.3 566.984 282.789 79609.3 62734 7888.22 6045.54 1842.68 54845.7 1389.49 53456.2
internal_count=186984 1468 530 185516 150520 10482 6930 3552 140038 3048 136990
is_linear=0
shrinkage=0.025


Tree=131
num_leaves=12
num_cat=0
split_feature=3 1 13 2 15 17 2 15 10 1 13
split_gain=0.241997 1.56723 1.72355 1.83095 1.8841 1.28901 1.39691 1.4449 1.28146 1.21179 3.13362
threshold=17.150000000000002 17.500000000000004 0.45972848220565493 3.5000000000000004 0.079313168250697549 0.023355272045231603 3.5000000000000004 0.082282658731194377 3.0000000000000004 17.500000000000004 -0.090250774277322879
decision_type=2 2 2 2 2 2 2 2 2 2 2
left_child=9 5 -3 8 -5 -2 -7 -8 -4 -1 -11
right_child=1 2 3 4 -6 6 7 -9 -10 10 -12
leaf_value=2.8502744580635679e-05 0.001542828061348268 -0.00025494113230673838 0.000816009700001681 0.00030675113885119889 -0.0019158018353524068 -0.00022131140612604165 0.00034364459509696633 -0.00069747631779482674 0.0033061833994298337 -0.00072471709669901364 0.0001424161232805794
leaf_weight=41403.411557571606 293.25011793227168 1942.9397165776154 3588.0266379782643 1219.5536435139948 275.2394178888062 13698.245877436733 6317.3166004961022 940.28861334448447 116.82629525451921 4978.5201619835061 5427.4275437623801
leaf_count=95994 10621 2420 8560 5175 417 20324 11412 1887 400 9504 20270
internal_value=-1.18455e-13 5.86389e-05 0.000378458 0.000615209 -0.000122384 -4.91185e-05 -7.28456e-05 0.000207212 0.000911864 -3.21445e-05 -0.000273041
internal_weight=80201 28391.7 7142.59 5199.65 1494.79 21249.1 20955.9 7257.61 3704.85 51809.4 10405.9
internal_count=186984 61216 16972 14552 5592 44244 33623 13299 8960 125768 29774
is_linear=0
shrinkage=0.025


Tree=132
num_leaves=12
num_cat=0
split_feature=1 15 13 15 1 14 2 17 15 0 14
split_gain=0.244846 0.503885 0.424176 0.256625 0.604904 1.62235 0.557027 0.263893 1.15373 0.697186 0.535647
threshold=5.5000000000000009 0.012304462925596057 0.38168568572378603 0.012846567062331213 21.500000000000004 -0.57022117041332276 1.5000000000000002 0.053177297757293469 0.073247267507619215 39.000000000000007 -0.1073773691641859
decision_type=2 2 2 2 2 2 2 2 2 2 2
left_child=1 2 -1 6 7 -6 -2 8 9 -5 -11
right_child=3 -3 -4 4 5 -7 -8 -9 -10 10 -12
leaf_value=-0.0015325239538459847 -0.00080321045221315446 -0.004149936533687463 0.00086165847894520908 9.8021520163326978e-05 -0.0019834218614646474 0.00085573815975533134 0.0017947064742596585 -1.7097647340234567e-05 -0.00088366536524016001 0.0011108244723820112 -0.00016420510188594104
leaf_weight=69.676391500748792 66.827402864273608 6.1392679973505428 76.910004906077887 13677.369173890133 293.24079188337782 195.17551662198093 120.59125932552342 64039.820834231847 693.84076103544794 744.2322476466652 275.46393809560686
leaf_count=19172 3185 221 27353 33985 3372 3236 6256 86814 596 1820 974
internal_value=2.2242e-14 -0.000940244 -0.000323723 2.02685e-06 -2.52382e-07 -0.000859836 0.000880246 5.24828e-06 9.81287e-05 0.000145617 0.000769851
internal_weight=80259.3 152.726 146.586 80106.6 79919.1 488.416 187.419 79430.7 15390.9 14697.1 1019.7
internal_count=186984 46746 46525 140238 130797 6608 9441 124189 37375 36779 2794
is_linear=0
shrinkage=0.025


Tree=133
num_leaves=12
num_cat=0
split_feature=3 1 13 2 15 2 15 1 13 1 10
split_gain=0.243873 1.48844 1.64596 1.72672 1.76315 1.22639 1.41292 1.33871 3.83923 3.08436 1.20736
threshold=17.150000000000002 17.500000000000004 0.45972848220565493 3.5000000000000004 0.079313168250697549 3.5000000000000004 0.080213177750083062 13.500000000000002 0.41327478071396911 16.500000000000004 3.0000000000000004
decision_type=2 2 2 2 2 2 2 2 2 2 2
left_child=-1 5 -3 10 -5 7 -7 -2 -9 -10 -4
right_child=1 2 3 4 -6 6 -8 8 9 -11 -12
leaf_value=-3.2271389069194203e-05 5.7391631136962123e-05 -0.0002498155124494426 0.00079345808222535449 0.00030321574457637377 -0.0018294699315988339 0.00038103148613762488 -0.00050127867997970738 0.00048504701414034423 -0.0013399279832901859 -6.1346374360213515e-05 0.0031858444863097132
leaf_weight=51833.898917597704 7056.6339316517751 1942.533656072279 3608.5275866346856 1219.8203276768545 281.21197780908551 5973.0197250706351 1381.0057802863303 2001.5941522161011 2837.5299855965422 2011.1116132130846 119.75962449400686
leaf_count=125768 16996 2420 8560 5175 417 15058 2502 1800 5880 2008 400
internal_value=-1.18349e-13 5.88132e-05 0.000369716 0.000599928 -0.000115136 -4.63112e-05 0.000214433 -0.000184304 -0.000432724 -0.000812031 0.000886895
internal_weight=80266.6 28432.7 7171.85 5229.32 1501.03 21260.9 7354.03 13906.9 6850.24 4848.64 3728.29
internal_count=186984 61216 16972 14552 5592 44244 17560 26684 9688 7888 8960
is_linear=0
shrinkage=0.025


Tree=134
num_leaves=12
num_cat=0
split_feature=3 1 13 2 17 17 14 1 2 1 1
split_gain=0.242026 1.41149 1.55357 1.61921 1.66632 1.20899 1.30591 2.12496 2.03027 2.94118 1.69449
threshold=17.150000000000002 17.500000000000004 0.45972848220565493 3.5000000000000004 0.076784428385960016 0.023355272045231603 -0.8038981836306559 13.500000000000002 3.5000000000000004 16.500000000000004 12.500000000000002
decision_type=2 2 2 2 2 2 2 2 2 2 2
left_child=-1 5 -3 -4 -5 -2 10 -8 9 -9 -7
right_child=1 2 3 4 -6 6 7 8 -10 -11 -12
leaf_value=-3.2172835076320549e-05 0.0014910548094888101 -0.0002421374909004629 0.00085941370756472497 0.00063267456802155108 -0.0010176225095707859 -0.0004962959897540141 8.5262406523454017e-05 -0.0013459580463094842 7.5170739008379258e-05 -6.3476097918042517e-05 0.00049787404564787441
leaf_weight=51833.457487244123 295.9929703773123 1941.4003819586214 3755.6301552279219 833.00918781843211 673.39550558920018 1403.3029607394656 8218.2637900410391 2680.6899039120181 2449.2097105972935 1910.1991454644594 4336.5991838794434
leaf_count=125768 10621 2420 8960 4420 1172 1695 15148 5592 4624 1936 4628
internal_value=-2.65869e-14 5.84996e-05 0.000360488 0.000582899 -0.000108711 -4.38997e-05 -6.69347e-05 -0.000187815 -0.000505931 -0.000814927 0.000253938
internal_weight=80331.2 28497.7 7203.44 5262.03 1506.4 21294.3 20998.3 15258.4 7040.1 4590.89 5739.9
internal_count=186984 61216 16972 14552 5592 44244 33623 27300 12152 7528 6323
is_linear=0
shrinkage=0.025


Tree=135
num_leaves=12
num_cat=0
split_feature=16 4 13 17 0 17 2 14 2 1 0
split_gain=0.240428 0.502063 0.382969 0.331139 0.652055 2.07636 0.843926 2.02925 0.758146 0.762327 0.725742
threshold=0.093147962817220584 18.950000000000003 -0.58077876009839879 0.052457211996178352 9.0000000000000018 0.048169823930211096 4.5000000000000009 -0.14153505243942421 3.5000000000000004 12.500000000000002 4.0000000000000009
decision_type=2 2 2 2 2 2 2 2 2 2 2
left_child=3 2 -2 4 5 10 8 -8 -6 -10 -1
right_child=1 -3 -4 -5 6 -7 7 -9 9 -11 -12
leaf_value=-0.00022583632149317454 -0.0014719060355323325 0.00056765086021807771 -0.00024848520839226764 -1.2449472532560604e-05 0.00021297960438525329 0.0017060498499201289 -0.00071300054284731808 0.00092168713424133899 0.00035201279786819866 0.0015338628542757656 -0.0014137326247963759
leaf_weight=762.98146797897073 150.80438392981887 441.02401018334785 2867.8236923408112 65536.392419193813 6225.7208761121883 240.7362750202883 1549.1111407909307 661.17451032285635 829.10505246436423 579.45395156836457 547.44250553662994
leaf_count=10776 139 893 4106 87856 43269 667 10936 10574 7498 3274 6996
internal_value=-2.23812e-13 -0.000203264 -0.00031889 9.19128e-06 0.00013345 -0.000340009 0.000208589 -0.000220128 0.000332962 0.000852871 -0.000735884
internal_weight=80391.8 3459.65 3018.63 76932.1 11395.7 1551.16 9844.57 2210.29 7634.28 1408.56 1310.42
internal_count=186984 5138 4245 181846 93990 18439 75551 21510 54041 10772 17772
is_linear=0
shrinkage=0.025


Tree=136
num_leaves=12
num_cat=0
split_feature=1 15 13 1 14 15 13 1 14 8 14
split_gain=0.239827 0.492656 0.403209 0.241279 5.19796 0.690218 1.55227 0.666838 0.667861 0.628074 0.512827
threshold=5.5000000000000009 0.012304462925596057 0.38168568572378603 19.500000000000004 -0.6775896895960708 0.049371669029301332 1.0000000180025095e-35 21.500000000000004 -0.92910699518418138 83.500000000000014 0.89771014032557062
decision_type=2 2 2 2 2 2 2 2 2 2 2
left_child=1 2 -1 -2 5 7 -7 8 -5 10 -6
right_child=3 -3 -4 4 9 6 -8 -9 -10 -11 -12
leaf_value=-0.0015009897585499888 1.3244528906362403e-05 -0.0041042779826512736 0.00083310712645897245 -0.0010086849211536038 0.0013023168609090094 -0.0039695128204282103 -0.00077248335248733622 -0.0017114159727385167 -7.5824162216781848e-05 0.00028626382749652148 -0.00027164953980914514
leaf_weight=69.552097488032274 75217.817363395225 6.138839380349963 77.131938930021164 914.36182170221582 1000.8688084454188 124.06859271135181 318.01447615923826 342.9630870580695 992.88859264244093 1209.6000073163159 141.03821655776483
leaf_count=19172 109074 221 27353 2384 7604 376 598 6024 2666 9748 1764
internal_value=8.26347e-14 -0.000930297 -0.000320939 2.00266e-06 -0.000165037 -0.00091194 -0.00180269 -0.000722601 -0.000528877 0.00069059 0.00110658
internal_weight=80414.4 152.823 146.684 80261.6 5043.8 2692.3 442.083 2250.21 1907.25 2351.51 1141.91
internal_count=186984 46746 46525 140238 31164 12048 974 11074 5050 19116 9368
is_linear=0
shrinkage=0.025


Tree=137
num_leaves=12
num_cat=0
split_feature=5 4 8 9 15 4 9 9 13 17 17
split_gain=0.238642 0.437865 0.496494 0.476312 0.385382 0.372495 0.351069 0.528016 0.494 0.446861 0.331004
threshold=0.25000000000000006 0.25000000000000006 88.500000000000014 15.350000000000003 0.076784428385960016 20.750000000000004 11.950000000000001 11.65 -0.55241485047541339 0.067145367008347515 0.084388912018616605
decision_type=2 2 2 2 2 2 2 2 2 2 2
left_child=10 4 -3 5 -2 6 7 8 9 -4 -1
right_child=1 2 3 -5 -6 -7 -8 -9 -10 -11 -12
leaf_value=3.3121477095414157e-05 -0.0001561042446713999 0.00031712563160188659 -0.00035993511942392542 0.00028394603258203308 0.00092265706086717058 -0.0011366917152812576 -0.00086354711760813557 0.0010513739515996823 -0.00019291252055624722 -0.0023180639109959111 -0.00012335601938754832
leaf_weight=64401.65401312874 398.34538868439267 869.01902270008304 173.04522844735311 666.22816083570251 399.96568318083882 402.9623224005918 651.2222316692978 170.12695931007329 2482.9422072239549 118.15886051207781 9704.6384640984979
leaf_count=159016 2505 1468 357 1438 390 1076 2256 244 5399 147 12688
internal_value=-4.08149e-13 -0.000147063 -0.000226214 -0.000328359 0.000393712 -0.000431287 -0.000346379 -0.000226936 -0.000312293 -0.00125238 1.26021e-05
internal_weight=80438.3 6332.02 5533.7 4664.69 798.311 3998.46 3595.5 2944.27 2774.15 291.204 74106.3
internal_count=186984 15280 12385 10917 2895 9479 8403 6147 5903 504 171704
is_linear=0
shrinkage=0.025


Tree=138
num_leaves=12
num_cat=0
split_feature=16 13 15 15 2 1 13 14 1 17 13
split_gain=0.233996 0.30336 0.268809 0.239368 1.94509 1.35227 0.891899 0.538832 0.578115 0.490155 1.97111
threshold=0.1028218340128584 0.15855791680139919 0.071093420062627435 0.089430462964697796 3.5000000000000004 17.500000000000004 -0.53798524335129183 -0.32533003375364639 17.500000000000004 0.075134374221428851 0.32533907195844747
decision_type=2 2 2 2 2 2 2 2 2 2 2
left_child=3 2 -2 -1 6 -6 -5 9 -9 10 -8
right_child=1 -3 -4 4 5 -7 7 8 -10 -11 -12
leaf_value=1.8707166107433403e-05 -0.00024435815974476101 8.4965642051326924e-05 -0.001768752692584437 -0.0010642651697815233 -0.00055083026186951965 -0.0024350458061400725 0.0012957127358352151 -0.00038474604934010562 0.00051444824709684063 6.4162471656770945e-05 -0.00037553136770214404
leaf_weight=71279.120624115138 148.02902210643515 284.58567564224359 136.80114647332812 398.85531317209825 1253.4157781126669 279.97407908039168 1046.3677151869051 1855.7427323899501 567.88120198366232 2462.1305138478056 739.82498758216389
leaf_count=177557 299 938 231 192 1842 402 670 2162 878 1205 608
internal_value=-4.31236e-14 -0.000496292 -0.00104452 3.66095e-06 -0.00012074 -0.000921782 5.50861e-05 0.000124983 -0.000171569 0.000294174 0.000607005
internal_weight=80452.7 569.416 284.83 79883.3 8604.19 1533.39 7070.8 6671.95 2423.62 4248.32 1786.19
internal_count=186984 1468 530 185516 7959 2244 5715 5523 3040 2483 1278
is_linear=0
shrinkage=0.025


Tree=139
num_leaves=12
num_cat=0
split_feature=1 15 13 15 1 14 2 17 15 14 13
split_gain=0.23299 0.484387 0.386202 0.245215 0.628626 1.38475 0.528436 0.238729 0.468213 0.804941 0.49898
threshold=5.5000000000000009 0.012304462925596057 0.38168568572378603 0.013434385699316194 21.500000000000004 -0.57022117041332276 1.5000000000000002 0.054478887215561912 0.070722717784098665 -0.97502841500522164 0.87379901192678244
decision_type=2 2 2 2 2 2 2 2 2 2 2
left_child=1 2 -1 6 7 -6 -2 8 -5 -10 -11
right_child=3 -3 -4 4 5 -7 -8 -9 9 10 -12
leaf_value=-0.0014701018026072982 -0.00079344928151318472 -0.0040643341940924142 0.00081426713305887222 0.00011380767998403809 -0.0019396086448013835 0.00075074967684985643 0.0016097877361109251 -2.0943066650177753e-05 0.00090916027704904939 -0.00029646718778452764 -0.0014227197034502067
leaf_weight=69.427087598134364 72.717161669355846 6.1315520354546598 77.269501383762275 19263.01119246694 283.50460045604268 183.17673019350332 144.18068921171289 58521.264724404253 274.46046243794262 1310.3076067854417 287.82863579317927
leaf_count=19172 3306 221 27353 42135 3181 2862 6821 80188 216 1176 353
internal_value=-2.43093e-13 -0.000916928 -0.000313525 1.972e-06 -4.02513e-07 -0.000896162 0.000805114 5.06906e-06 7.70444e-05 -0.000298339 -0.000514386
internal_weight=80493.3 152.828 146.697 80340.5 80123.6 466.681 216.898 79656.9 21135.6 1872.6 1598.14
internal_count=186984 46746 46525 140238 130111 6043 10127 124068 43880 1745 1529
is_linear=0
shrinkage=0.025


Tree=140
num_leaves=12
num_cat=0
split_feature=3 1 2 15 13 17 2 15 1 14 10
split_gain=0.232196 1.33032 1.45373 1.98765 1.55677 1.1341 1.24352 1.30974 1.12145 2.21799 1.10852
threshold=17.150000000000002 17.500000000000004 3.5000000000000004 0.079313168250697549 0.51236666743397874 0.023355272045231603 3.5000000000000004 0.082282658731194377 19.500000000000004 -0.86955717898714324 3.0000000000000004
decision_type=2 2 2 2 2 2 2 2 2 2 2
left_child=8 5 4 -4 -3 -2 -7 -8 -1 -10 -6
right_child=1 2 3 -5 10 6 7 -9 9 -11 -12
leaf_value=-1.4589190242758815e-06 0.0014368474314514332 -9.2230540074550419e-05 0.00016578496189437707 -0.0017864096882563832 0.00076097335357457952 -0.00020446060426734764 0.00032887748903299502 -0.00065793683359285818 -0.0011695600745778767 0.00013593239573452884 0.0030210818628853102
leaf_weight=48681.859009066124 299.19940032295563 1540.4248221663292 1691.6259581617269 382.99160272919107 3505.7658629559373 13751.273317010624 6343.4382346857874 949.630221575615 1519.9966707545791 1716.0119031148097 124.1362816945184
leaf_count=104452 10621 1512 6283 541 8236 20324 11412 1887 7032 14284 400
internal_value=-1.47051e-13 5.71925e-05 0.000349403 -0.000208222 0.000573093 -4.22311e-05 -6.46043e-05 0.000198936 -3.15028e-05 -0.000480692 0.000854396
internal_weight=80506.4 28588.5 7244.94 2074.62 5170.33 21343.5 21044.3 7293.07 51917.9 3236.01 3629.9
internal_count=186984 61216 16972 6824 10148 44244 33623 13299 125768 21316 8636
is_linear=0
shrinkage=0.025


Tree=141
num_leaves=12
num_cat=0
split_feature=3 1 13 2 17 2 15 1 13 1 1
split_gain=0.230689 1.26107 1.39629 1.38345 1.76798 1.08615 1.28796 1.20446 3.42624 2.72609 1.07185
threshold=17.150000000000002 17.500000000000004 0.61188073503922691 3.5000000000000004 0.07735439169667975 3.5000000000000004 0.080213177750083062 13.500000000000002 0.41327478071396911 16.500000000000004 17.500000000000004
decision_type=2 2 2 2 2 2 2 2 2 2 2
left_child=10 5 -3 -4 -5 7 -7 -2 -9 -10 -1
right_child=1 2 3 4 -6 6 -8 8 9 -11 -12
leaf_value=2.5566194941797397e-05 5.9920556530211288e-05 -0.00012541547549146654 0.00086312221067894035 0.00072115760559930111 -0.0010981705351630481 0.00036358409886552511 -0.00047642343625995564 0.00046049075120393183 -0.001252064585751598 -5.33496726814579e-05 -0.00025770971346017485
leaf_weight=41495.821053697131 7062.8459536118535 2583.4275780659518 3379.0669964352746 728.75922880972939 582.60152399039362 6000.5073649524238 1389.3391508168424 2014.0823192482349 2874.5076702557271 2011.6622280455194 10429.817561400792
leaf_count=95994 16996 3768 8240 3954 1010 15058 2502 1800 5880 2008 29774
internal_value=2.5302e-13 5.69564e-05 0.000340768 0.000596979 -9.14747e-05 -3.99522e-05 0.000204798 -0.000169592 -0.000404006 -0.000760777 -3.14101e-05
internal_weight=80552.4 28626.8 7273.86 4690.43 1311.36 21352.9 7389.85 13963.1 6900.25 4886.17 51925.6
internal_count=186984 61216 16972 13204 4964 44244 17560 26684 9688 7888 125768
is_linear=0
shrinkage=0.025


Tree=142
num_leaves=12
num_cat=0
split_feature=3 1 13 2 17 17 2 15 1 14 10
split_gain=0.229413 1.19591 1.32009 1.29831 1.68259 1.07129 1.15115 1.21349 1.03487 2.12316 1.01914
threshold=17.150000000000002 17.500000000000004 0.61188073503922691 3.5000000000000004 0.07735439169667975 0.023355272045231603 3.5000000000000004 0.081088772591529565 19.500000000000004 -0.8038981836306559 3.0000000000000004
decision_type=2 2 2 2 2 2 2 2 2 2 2
left_child=8 5 -3 10 -5 -2 -7 -8 -1 -10 -4
right_child=1 2 3 4 -6 6 7 -9 9 -11 -12
leaf_value=-2.4803992967944695e-06 0.0013948715301190342 -0.00012132434578206132 0.00074020698073179166 0.00070764987248945674 -0.0010628139200265531 -0.00019397788243392787 0.00033573242804836237 -0.00053145395701934179 -0.0010098929698472974 0.00027864686062377121 0.0028859464872538431
leaf_weight=48691.317815965864 301.40112166247854 2583.0194029236718 3273.648750141323 730.38744518748717 586.93381497135852 13769.774199571366 6122.9362736466937 1188.0692463961313 1858.5331930707944 1378.823542313261 127.71076316153631
leaf_count=104452 10621 3768 7840 3954 1010 20324 11070 2229 8664 12652 400
internal_value=1.4393e-13 5.67228e-05 0.000332493 0.000580377 -8.52795e-05 -3.76713e-05 -5.94557e-05 0.000193746 -3.13418e-05 -0.000462749 0.000837172
internal_weight=80612.6 28683.9 7301.7 4718.68 1317.32 21382.2 21080.8 7311.01 51928.7 3237.36 3401.36
internal_count=186984 61216 16972 13204 4964 44244 33623 13299 125768 21316 8240
is_linear=0
shrinkage=0.025


Tree=143
num_leaves=12
num_cat=0
split_feature=1 15 13 15 1 14 2 17 2 1 0
split_gain=0.231142 0.473874 0.364684 0.236531 0.517172 1.34359 0.510157 0.239657 2.63973 1.25184 1.2362
threshold=5.5000000000000009 0.012304462925596057 0.38168568572378603 0.012846567062331213 21.500000000000004 -0.57022117041332276 1.5000000000000002 0.082282658731194377 3.5000000000000004 17.500000000000004 25.500000000000004
decision_type=2 2 2 2 2 2 2 2 2 2 2
left_child=1 2 -1 6 7 -6 -2 -5 -9 -10 -11
right_child=3 -3 -4 4 5 -7 -8 8 9 10 -12
leaf_value=-0.0014407338109966952 -0.00077126985008943384 -0.0040270272342295028 0.0007789706688022146 2.3727281180262693e-05 -0.0018180684341495695 0.00075728147799567782 0.0017107010956244754 0.00011335998694271346 -0.00038802453465869248 -0.0010055664927660717 -0.0033444539589658632
leaf_weight=69.313061840349292 66.805473756096035 6.1258157654665402 77.535651885659718 67089.914242790517 293.53074031253345 197.55770982167451 121.92693733615306 9553.3372418557956 2236.1949410487068 777.49566896968099 163.24162348383106
leaf_count=19172 3185 221 27353 107289 3372 3236 6256 11038 4143 1185 534
internal_value=-1.55941e-14 -0.000912899 -0.000315849 1.96111e-06 -2.23273e-07 -0.000792951 0.000842438 4.85134e-06 -9.45081e-05 -0.000716386 -0.0014726
internal_weight=80653 152.975 146.849 80500 80311.3 491.088 188.732 79820.2 12730.3 3176.93 940.737
internal_count=186984 46746 46525 140238 130797 6608 9441 124189 16900 5862 1719
is_linear=0
shrinkage=0.025


Tree=144
num_leaves=12
num_cat=0
split_feature=16 13 15 5 4 8 9 17 2 14 1
split_gain=0.229423 0.291804 0.256324 0.232672 0.500597 0.474221 0.440675 0.340214 1.79725 1.27366 0.523381
threshold=0.1028218340128584 0.15855791680139919 0.071093420062627435 0.25000000000000006 0.25000000000000006 88.500000000000014 15.350000000000003 0.084388912018616605 3.5000000000000004 -0.92260537345622995 17.500000000000004
decision_type=2 2 2 2 2 2 2 2 2 2 2
left_child=3 2 -2 7 -5 -6 -7 -1 9 -9 -10
right_child=1 -3 -4 4 5 6 -8 8 10 -11 -12
leaf_value=3.699214871157373e-05 -0.00024445145852104955 7.9998223469063379e-05 -0.0017324485455073549 0.00044047553565994263 0.00030261438407006816 -0.00042660920821399731 0.00026180779030392644 -0.00044167313602715646 -0.00048985555814590176 0.00028053814110192956 -0.0013431024270517894
leaf_weight=64081.351469218338 147.99921820708551 284.13675618200796 137.57309681666084 787.11995838024268 874.23153731216917 3972.053846405182 666.34219157319285 2131.13385357894 1744.6929736597449 5235.49200146773 608.47937214384365
leaf_count=157733 299 938 231 2836 1468 9423 1423 1642 3166 6754 1071
internal_value=4.74361e-14 -0.000491301 -0.00102776 3.61609e-06 -0.000141973 -0.000226429 -0.000327013 1.60788e-05 -0.000121593 7.09753e-05 -0.000719946
internal_weight=80670.6 569.709 285.572 80100.9 6299.75 5512.63 4638.4 73801.1 9719.8 7366.63 2353.17
internal_count=186984 1468 530 185516 15150 12314 10846 170366 12633 8396 4237
is_linear=0
shrinkage=0.025


Tree=145
num_leaves=12
num_cat=0
split_feature=3 1 13 2 15 17 14 1 1 2 1
split_gain=0.227727 1.14903 1.2711 1.23601 1.38265 1.0169 1.10808 1.93737 1.59272 1.50391 1.76286
threshold=17.150000000000002 17.500000000000004 0.45972848220565493 3.5000000000000004 0.079313168250697549 0.023355272045231603 -0.8038981836306559 12.500000000000002 12.500000000000002 3.5000000000000004 16.500000000000004
decision_type=2 2 2 2 2 2 2 2 2 2 2
left_child=-1 5 -3 -4 -5 -2 8 -8 -7 10 -9
right_child=1 2 3 4 -6 6 7 9 -10 -11 -12
leaf_value=-3.12249714076445e-05 0.0013549478683422325 -0.00021967820014777794 0.00076188504679700606 0.0003001470988571041 -0.0015380913050863025 -0.00048989020798406149 0.00014435650544048829 -0.00098636269388949595 0.00047243201807771121 3.4449807470715348e-05 -4.788042046714207e-05
leaf_weight=51963.97676790884 303.50602879849612 1946.7913874959031 3847.5627462941138 1235.2764364872492 301.21608078142162 1405.8568737797905 6837.0588707128773 3616.3838272881912 4367.6084556775168 2958.2129403968938 1910.2364564584568
leaf_count=125768 10621 2420 8960 5175 417 1695 12224 7420 4628 5720 1936
internal_value=2.32382e-14 5.64596e-05 0.000326124 0.00052356 -7.53567e-05 -3.61404e-05 -5.74189e-05 -0.000168607 0.000237221 -0.000420539 -0.000663325
internal_weight=80693.7 28729.7 7330.85 5384.06 1536.49 21398.9 21095.4 15321.9 5773.47 8484.83 5526.62
internal_count=186984 61216 16972 14552 5592 44244 33623 27300 6323 15076 9356
is_linear=0
shrinkage=0.025


Tree=146
num_leaves=12
num_cat=0
split_feature=16 4 13 17 17 0 17 2 14 2 1
split_gain=0.227068 0.475552 0.358734 0.307844 0.298768 0.622225 1.97187 0.802158 1.88993 0.687989 0.723818
threshold=0.093147962817220584 18.950000000000003 -0.58077876009839879 0.027039222659767225 0.052457211996178352 9.0000000000000018 0.048169823930211096 4.5000000000000009 -0.14153505243942421 3.5000000000000004 12.500000000000002
decision_type=2 2 2 2 2 2 2 2 2 2 2
left_child=4 2 -2 -3 5 6 -1 9 -9 -7 -11
right_child=1 3 -4 -5 -6 7 -8 8 -10 10 -12
leaf_value=-0.00072247828266046191 -0.001419375838786673 0.0016239811826365233 -0.00024134711619428945 0.00015399258436875568 -1.1597692467211951e-05 0.00020645408794330578 0.0016434828893366828 -0.00069406298351005406 0.00087954946896736492 0.0003267458847907761 0.0014717508769490038
leaf_weight=1312.3001844617429 152.65054938662797 103.07353176490869 2875.5524113476858 340.25253256165888 65828.241820709372 6246.7747883464199 244.31515504897106 1550.1679653096007 665.94459070861467 834.54832813790017 587.33371407566665
leaf_count=17772 139 314 4106 579 87856 43269 667 10936 10574 7498 3274
internal_value=-1.25081e-13 -0.000197204 -0.000309654 0.000551114 8.90862e-06 0.000126706 -0.000334996 0.000199943 -0.000217553 0.000320845 0.000813565
internal_weight=80741.2 3471.53 3028.2 443.326 77269.6 11441.4 1556.62 9884.77 2216.11 7668.66 1421.88
internal_count=186984 5138 4245 893 181846 93990 18439 75551 21510 54041 10772
is_linear=0
shrinkage=0.025


Tree=147
num_leaves=12
num_cat=0
split_feature=1 15 13 15 1 13 2 15 2 1 13
split_gain=0.226654 0.464026 0.347216 0.223847 0.558224 1.20256 0.484248 0.232609 1.75111 1.15274 0.843475
threshold=5.5000000000000009 0.012304462925596057 0.38168568572378603 0.013434385699316194 21.500000000000004 0.80900950266415306 1.5000000000000002 0.089430462964697796 3.5000000000000004 17.500000000000004 -0.53798524335129183
decision_type=2 2 2 2 2 2 2 2 2 2 2
left_child=1 2 -1 6 7 -6 -2 -5 10 -10 -9
right_child=3 -3 -4 4 5 -7 -8 8 9 -11 -12
leaf_value=-0.0014121215806463232 -0.00076518543969419006 -0.0039857311604956256 0.00075375818945443455 1.9727146507120735e-05 -0.0016399197552695037 0.0010034433014335961 0.0015320962994369047 -0.0010347587606211158 -0.0005260463749584347 -0.0022385821822501718 0.00011778785557286789
leaf_weight=69.19186886392157 72.652732135395127 6.1233756542205802 77.734859061913141 71232.802796692267 328.74024020547222 139.65906924128649 145.55289391831138 401.72626999765635 1276.5116938044666 290.84710655186791 6720.9778055388015
leaf_count=19172 3306 221 27353 115991 4170 1873 6821 192 1947 402 5536
internal_value=-2.38691e-13 -0.000903796 -0.000313199 1.93976e-06 -3.27621e-07 -0.000842952 0.000767179 4.82035e-06 -0.000117136 -0.000868034 5.00679e-05
internal_weight=80762.5 153.05 146.927 80609.5 80391.3 468.399 218.206 79922.9 8690.06 1567.36 7122.7
internal_count=186984 46746 46525 140238 130111 6043 10127 124068 8077 2349 5728
is_linear=0
shrinkage=0.025


Tree=148
num_leaves=12
num_cat=0
split_feature=3 1 10 13 1 14 17 10 15 2 17
split_gain=0.221962 1.09321 1.22501 0.985186 0.976822 1.99541 0.957457 1.09602 4.02074 0.934758 1.10351
threshold=17.150000000000002 17.500000000000004 3.0000000000000004 0.45972848220565493 19.500000000000004 -0.86955717898714324 0.023355272045231603 3.0000000000000004 0.066906075242924273 3.5000000000000004 0.076219171913291417
decision_type=2 2 2 2 2 2 2 2 2 2 2
left_child=4 6 3 -3 -1 -6 -2 -8 -9 -5 -11
right_child=1 2 -4 9 5 -7 7 8 -10 10 -12
leaf_value=-2.8204104896729837e-06 0.0013079527621849447 -0.0002126107295731122 0.0023324253155075181 0.00065470520272441213 -0.0011026226478568835 0.00013491741518921742 -2.6387694813479304e-05 -0.0039061430479949361 0.00052077166753313538 0.00054150560540164338 -0.00079710117526782275
leaf_weight=48753.465339115552 306.94493388238698 1948.7043604574283 164.32878992939368 3737.2810156242376 1522.299030534381 1717.0462805544848 20612.102615070995 186.73119387822226 327.24011591263115 808.99983915464691 698.74666533176787
leaf_count=104452 10621 2420 512 8560 7032 14284 32733 591 299 4295 1185
internal_value=4.36043e-14 5.56653e-05 0.000318142 0.00026579 -3.08343e-05 -0.00044985 -3.46568e-05 -5.53825e-05 -0.00117364 0.000443664 -8.11691e-05
internal_weight=80783.9 28791.1 7358.06 7193.73 51992.8 3239.35 21433 21126.1 513.971 5245.03 1507.75
internal_count=186984 61216 16972 16460 125768 21316 44244 33623 890 14040 5480
is_linear=0
shrinkage=0.025


Tree=149
num_leaves=12
num_cat=0
split_feature=1 15 13 16 4 17 0 17 2 14 0
split_gain=0.222095 0.455791 0.331205 0.221305 0.454309 0.353818 0.550816 1.82575 0.68338 1.15538 0.611197
threshold=5.5000000000000009 0.012304462925596057 0.38168568572378603 0.093147962817220584 18.950000000000003 0.052457211996178352 9.0000000000000018 0.048169823930211096 5.5000000000000009 -0.14153505243942421 4.0000000000000009
decision_type=2 2 2 2 2 2 2 2 2 2 2
left_child=1 2 -1 5 -5 6 7 10 -8 -10 -2
right_child=3 -3 -4 4 -6 -7 8 -9 9 -11 -12
leaf_value=-0.0013841411022449336 -0.00021018834546578419 -0.003949412209672043 0.00073125467766523065 -0.00030275012861679512 0.00053604030056670358 -1.1458170946525647e-05 0.00028000846249707118 0.0015906134948222433 -0.00092880680111942352 0.00090023147160383718 -0.0013112541986002224
leaf_weight=69.073590304986368 754.05926504119088 6.117564011598005 77.908788282314987 3030.7547315675765 446.49492915050359 65880.103317301575 8764.4492754394614 247.13433275790885 721.78279840342293 286.33439086192084 533.08434923342429
leaf_count=19172 5214 221 27353 4245 893 87848 32048 667 3066 3107 3150
internal_value=1.40968e-13 -0.000894531 -0.000309579 1.91913e-06 -0.000192596 1.07296e-05 0.0001398 -0.000297904 0.000208987 -0.000401901 -0.000679292
internal_weight=80817.3 153.1 146.982 80664.2 3477.25 77186.9 11306.8 1534.28 9772.57 1008.12 1287.14
internal_count=186984 46746 46525 140238 5138 135100 47252 9031 38221 6173 8364
is_linear=0
shrinkage=0.025


Tree=150
num_leaves=12
num_cat=0
split_feature=3 1 13 2 17 1 13 2 13 1 3
split_gain=0.217489 1.04307 1.16013 1.09105 1.44285 0.948183 2.93609 2.09906 1.49969 2.34463 1.50492
threshold=17.150000000000002 17.500000000000004 0.61188073503922691 3.5000000000000004 0.07735439169667975 17.500000000000004 -0.090250774277322879 3.5000000000000004 0.030120025924939415 6.5000000000000009 9.6500000000000004
decision_type=2 2 2 2 2 2 2 2 2 2 2
left_child=5 -2 -3 -4 -5 8 7 -7 9 -1 -11
right_child=1 2 3 4 -6 6 -8 -9 -10 10 -12
leaf_value=-0.0014154980855419603 -3.3205143942221997e-05 -0.00011465438642727896 0.00077433352892165917 0.0006683705707955746 -0.00095994661878143249 -0.00035338730934401799 0.00015864268842427374 -0.0014873298206709215 -0.00014357912169688888 7.4014175143349977e-05 0.00053577368636551284
leaf_weight=557.11944289340681 21446.090805149324 2590.3210273777968 3453.2080435396911 735.35704284175881 598.7920756302774 3586.6868891759077 5440.3801203395196 1416.7039484290799 18622.754367770696 16361.490399946633 6023.8144742526347
leaf_count=13933 44244 3768 8240 3954 1010 5616 20270 3888 60460 15934 5667
internal_value=-2.03571e-13 5.50623e-05 0.000311042 0.000540894 -6.58339e-05 -3.05254e-05 -0.000243236 -0.000679105 2.3012e-05 0.000158244 0.00019864
internal_weight=80832.7 28823.8 7377.68 4787.36 1334.15 52008.9 10443.8 5003.39 41565.2 22942.4 22385.3
internal_count=186984 61216 16972 13204 4964 125768 29774 9504 95994 35534 21601
is_linear=0
shrinkage=0.025


Tree=151
num_leaves=12
num_cat=0
split_feature=5 1 13 13 8 8 17 2 14 16 4
split_gain=0.216653 0.436158 0.696101 0.476193 0.378511 0.331334 0.310998 1.53419 1.29756 0.467745 0.371549
threshold=0.25000000000000006 9.5000000000000018 0.66484924122790601 0.98664879617890844 83.500000000000014 94.500000000000014 0.085070056951265058 3.5000000000000004 -0.92260537345622995 0.045415469676416055 3.3500000000000001
decision_type=2 2 2 2 2 2 2 2 2 2 2
left_child=6 3 4 -2 -3 -4 10 8 -8 -9 -1
right_child=1 2 5 -5 -6 -7 7 9 -10 -11 -12
leaf_value=-0.00010083887699955986 7.9949685345598811e-05 0.0006575605793398973 -0.00012046879463509873 0.0018248873247843863 -0.00014470464310717331 -0.00085695277767118723 -0.00048056273688757301 -0.0017618211445897623 0.00026947991460292019 -0.0005641409155238917 5.8140286432001268e-05
leaf_weight=11042.652152722476 1838.2208282741144 421.63993543646939 546.73135528319017 83.392680819948055 2171.2115970393097 1304.1262015500552 1992.3851789913606 215.10019879427273 5063.5637536842842 1990.7963527850225 54222.901124928518
leaf_count=33666 5648 504 1056 368 3820 3884 1537 486 6494 3497 126024
internal_value=2.53199e-14 -0.000139761 -0.00027548 0.000173693 -1.02086e-05 -0.000643014 1.19711e-05 -0.000123438 5.6931e-05 -0.000695709 3.1219e-05
internal_weight=80892.7 6365.32 4443.71 1921.61 2592.85 1850.86 74527.4 9261.85 7055.95 2205.9 65265.6
internal_count=186984 15280 9264 6016 4324 4940 171704 12014 8031 3983 159690
is_linear=0
shrinkage=0.025


Tree=152
num_leaves=12
num_cat=0
split_feature=16 13 15 1 14 15 13 8 1 17 1
split_gain=0.213263 0.272593 0.244563 0.219576 4.18874 0.654731 1.27382 0.562434 0.546833 0.641622 0.645039
threshold=0.1028218340128584 0.15855791680139919 0.071874702022530948 19.500000000000004 -0.6775896895960708 0.049371669029301332 1.0000000180025095e-35 83.500000000000014 20.500000000000004 0.049371669029301332 21.500000000000004
decision_type=2 2 2 2 2 2 2 2 2 2 2
left_child=3 2 -2 -1 5 8 -7 -6 -5 10 -10
right_child=1 -3 -4 4 7 6 -8 -9 9 -11 -12
leaf_value=1.4246357090739399e-05 -0.00027998352090631421 7.7165283344485269e-05 -0.0017360299334678751 -0.00025364258496160546 0.00099500328015673196 -0.0035777874720369037 -0.00073028057030900958 0.00022511654509661767 -0.00014464769744065015 -0.0021871999421853544 -0.0015159767550221785
leaf_weight=75259.505853243085 161.08328096475452 286.5428599769366 125.8338095144718 1151.5077433799161 1163.7977921336824 132.15044232318178 317.71583507116884 1218.9004001113499 536.25183213013224 222.68801607372006 342.55133919883883
leaf_count=154352 318 938 212 2060 9368 376 598 9748 2060 952 6002
internal_value=-1.98972e-13 -0.000472176 -0.000990079 3.48681e-06 -0.000155172 -0.000825976 -0.00168343 0.00060631 -0.000641457 -0.00103513 -0.000701021
internal_weight=80918.5 573.46 286.917 80345.1 5085.56 2702.87 449.866 2382.7 2253 1101.49 878.803
internal_count=186984 1468 530 185516 31164 12048 974 19116 11074 9014 8062
is_linear=0
shrinkage=0.025


Tree=153
num_leaves=12
num_cat=0
split_feature=3 1 10 2 15 1 13 1 13 13 1
split_gain=0.210878 0.986859 1.13919 0.917717 1.17019 1.10485 3.0013 2.4196 1.05795 0.896905 0.874323
threshold=17.150000000000002 17.500000000000004 3.0000000000000004 3.5000000000000004 0.080213177750083062 13.500000000000002 0.41327478071396911 16.500000000000004 0.98370018436603734 0.45972848220565493 17.500000000000004
decision_type=2 2 2 2 2 2 2 2 2 2 2
left_child=10 3 9 5 -5 8 -7 -8 -2 -3 -1
right_child=1 2 -4 4 -6 6 7 -9 -10 -11 -12
leaf_value=2.135395286994048e-05 -1.4304384271972263e-05 -0.00020485033516149921 0.0022260549788654591 0.00034330772822955999 -0.00045475236035792227 0.00043203607682862783 -0.001165098317613315 -3.8394537540519927e-05 0.0011850295467399291 0.00042056736621841074 -0.00023408796116791515
leaf_weight=41619.964230413803 6593.7565860141349 1949.419324395174 167.91649969760329 6038.3655489501452 1398.6577187540825 2028.4790649008937 2910.7918455190957 2009.3914961670525 474.10442775976844 5286.8502763420547 10463.449045920817
leaf_count=95994 15984 2420 512 15058 2502 1800 5880 2008 1012 14040 29774
internal_value=-3.07995e-13 5.41896e-05 0.000302628 -3.1755e-05 0.000192402 -0.000150795 -0.000374184 -0.000706973 6.92625e-05 0.000251982 -3.0034e-05
internal_weight=80941.1 28857.7 7404.19 21453.5 7437.02 14016.5 6948.66 4920.18 7067.86 7236.27 52083.4
internal_count=186984 61216 16972 44244 17560 26684 9688 7888 16996 16460 125768
is_linear=0
shrinkage=0.025


Tree=154
num_leaves=12
num_cat=0
split_feature=1 15 14 15 1 13 2 2 17 13 15
split_gain=0.210076 0.450467 0.313725 0.220156 0.503999 1.0769 0.46405 0.226514 0.223575 1.29138 0.487054
threshold=5.5000000000000009 0.012304462925596057 -0.8140159405215136 0.013434385699316194 21.500000000000004 0.80900950266415306 1.5000000000000002 1.5000000000000002 0.005195281471321922 0.38168568572378603 0.022857130274530627
decision_type=2 2 2 2 2 2 2 2 2 2 2
left_child=1 2 -1 6 8 7 -2 -6 9 10 -5
right_child=3 -3 -4 4 5 -7 -8 -9 -10 -11 -12
leaf_value=-0.0014248918746063654 -0.00074255271317548986 -0.0039061436834749771 0.00064769359365609896 -0.00031734658373527787 -0.0026361971504393652 0.0009388753024209078 0.0015059776611815207 -0.0010353926877772564 6.6827137387035168e-06 0.00091396075834619661 -0.0040738674283037164
leaf_weight=61.82442715698744 72.628223708308724 6.1133599812164894 85.055787627088648 36.877239911089418 80.564920975473797 140.83507396047935 146.15014161719409 248.05874561012388 79948.193813891179 113.74932151584653 48.1988287064014
leaf_count=14371 3306 221 32154 631 1059 1873 6821 3111 121461 1538 438
internal_value=-3.02366e-13 -0.000870261 -0.000290909 1.86196e-06 -3.83047e-07 -0.000800172 0.000759856 -0.00155656 4.50015e-06 -0.000793515 -0.00281589
internal_weight=80988.2 152.994 146.88 80835.3 80616.5 469.459 218.778 328.624 80147 198.825 85.0761
internal_count=186984 46746 46525 140238 130111 6043 10127 4170 124068 2607 1069
is_linear=0
shrinkage=0.025


Tree=155
num_leaves=12
num_cat=0
split_feature=3 17 1 2 15 10 10 15 2 16 13
split_gain=0.208658 0.959443 0.994306 1.07693 1.5431 1.08378 1.06636 3.62567 0.876475 1.28965 1.32276
threshold=17.150000000000002 0.023840450726049057 17.500000000000004 3.5000000000000004 0.079313168250697549 3.0000000000000004 3.0000000000000004 0.066906075242924273 3.5000000000000004 0.064245138064814092 0.84293373149377093
decision_type=2 2 2 2 2 2 2 2 2 2 2
left_child=-1 -2 6 5 -5 -4 8 -8 9 -3 -11
right_child=1 2 3 4 -6 -7 7 -9 -10 10 -12
leaf_value=-2.9887304572848503e-05 0.0012971080951641096 0.00011206682596724021 0.00041328858574593254 0.00014616080941229389 -0.0015340032608227841 0.002543883935570145 -0.0036946388311189376 0.000478496573137614 0.00020033020240766385 -3.3141035283812093e-05 -0.00072339409142455806
leaf_weight=52090.471824269691 362.83165501167969 6497.9271169088515 5134.0693132851738 1697.8906889212376 406.84597213251982 134.72570449346676 192.2125745518133 326.29643995780498 7225.9509876696775 3479.3347028119024 3445.4242525700247
leaf_count=125768 12749 10803 8398 5633 541 333 591 294 13076 3662 5136
internal_value=-2.88705e-14 5.38469e-05 3.71443e-05 0.000286741 -0.000189998 0.000477183 -4.99907e-05 -0.00114826 -2.13276e-05 -0.000140775 -0.000377672
internal_weight=80994 28903.5 28540.7 7373.53 2104.74 5268.8 21167.1 518.509 20648.6 13422.7 6924.76
internal_count=186984 61216 48467 14905 6174 8731 33562 885 32677 19601 8798
is_linear=0
shrinkage=0.025


Tree=156
num_leaves=12
num_cat=0
split_feature=3 1 2 15 1 14 13 2 1 13 1
split_gain=0.208338 0.974553 1.19997 1.44815 0.930975 2.21254 0.810855 0.810425 1.14298 1.92668 1.21027
threshold=18.950000000000003 17.500000000000004 3.5000000000000004 0.079313168250697549 19.500000000000004 -0.86955717898714324 0.61188073503922691 3.5000000000000004 12.500000000000002 0.6254047815183511 16.500000000000004
decision_type=2 2 2 2 2 2 2 2 2 2 2
left_child=4 7 6 -4 -1 -6 -3 8 -2 -10 -11
right_child=1 2 3 -5 5 -7 -8 -9 9 10 -12
leaf_value=1.8442019695373906e-06 0.00018147550835481842 -1.5346143343486263e-05 0.0002123335647481795 -0.0014820395309535941 -0.0010434694436992898 0.00015521658087501244 0.00081325860193306597 0.00019709478876172529 0.00015909159130139073 -0.0010253665756870761 -8.9052718348716056e-05
leaf_weight=55383.813763827857 3731.2316146912999 996.9003228192305 1274.4487833720777 397.26695556775667 1770.1514789023495 2071.7730906582874 2815.4874077145723 6086.7972428148933 2606.8381522793752 2604.6299247510069 1291.4455556550529
leaf_count=117672 9568 972 4854 502 7660 16208 6672 13232 2736 5548 1360
internal_value=-1.8211e-14 6.60303e-05 0.000353705 -0.000203079 -2.43244e-05 -0.000399617 0.000597638 -3.09476e-05 -0.000166697 -0.000366414 -0.000717043
internal_weight=81030.8 21805 5484.1 1671.72 59225.7 3841.92 3812.39 16320.9 10234.1 6502.91 3896.08
internal_count=186984 45444 13000 5356 141540 23868 7644 32444 19212 9644 6908
is_linear=0
shrinkage=0.025


Tree=157
num_leaves=12
num_cat=0
split_feature=17 2 1 0 14 0 16 16 17 2 15
split_gain=0.213958 2.27108 1.03793 1.11734 0.951928 0.560328 0.438171 0.4071 0.383583 0.34313 2.91362
threshold=0.082282658731194377 3.5000000000000004 17.500000000000004 25.500000000000004 -0.8520459593969173 9.0000000000000018 0.04421352089126062 0.066403448280027408 0.085070056951265058 3.5000000000000004 0.082282658731194377
decision_type=2 2 2 2 2 2 2 2 2 2 2
left_child=9 4 -3 5 8 -4 -5 -6 -2 -1 -11
right_child=1 2 3 6 7 -7 -8 -9 -10 10 -12
leaf_value=-2.033317646644569e-05 0.00023349279826135493 -0.00036793905746600994 -0.0022808111518518395 -0.0013924232566805295 0.00034327812934926261 -0.00056734615921941189 -0.004311697477331399 -0.00090893793752643958 -0.00033637854761848747 0.00021342485722672017 -0.00064910228890502407
leaf_weight=46826.697106567975 961.49243678059429 2249.8670715966146 133.01725255465135 89.00787845486775 5490.3004679194382 654.90756623717971 80.957625396782532 148.46092739712913 2997.6548808350926 18642.7247346816 2797.6192112961653
leaf_count=103682 659 4143 230 211 7513 955 323 489 2377 63132 3270
internal_value=1.91737e-13 -9.3689e-05 -0.000667388 -0.00134882 9.90384e-05 -0.000905913 -0.00309048 0.000307213 -0.000197505 1.75967e-05 0.000100379
internal_weight=81072.7 12805.7 3207.76 957.89 9597.91 787.925 169.966 5638.76 3959.15 68267 21440.3
internal_count=186984 16900 5862 1719 11038 1185 534 8002 3036 170084 66402
is_linear=0
shrinkage=0.025


Tree=158
num_leaves=12
num_cat=0
split_feature=16 4 13 17 2 14 15 14 0 12 13
split_gain=0.208819 0.435231 0.34039 0.279896 0.571898 1.92345 0.849365 1.85978 1.04864 1.00719 0.944826
threshold=0.093147962817220584 18.950000000000003 -0.58077876009839879 0.052457211996178352 4.5000000000000009 0.11593030527547614 0.034767893089061905 -0.83352489619613901 39.000000000000007 1.0000000180025095e-35 0.30901413279605805
decision_type=2 2 2 2 2 2 2 2 2 2 2
left_child=3 2 -2 4 6 -6 7 -1 -8 -9 -10
right_child=1 -3 -4 -5 5 -7 8 9 10 -11 -12
leaf_value=-0.0010005276283942138 -0.0013717228337569109 0.00052328466116298726 -0.00022995509652638625 -1.1285490144550167e-05 -0.00062656548900152996 0.0010069526671801566 0.00028059430529005539 0.00026210763790625942 0.0023293676478282248 0.0041127854944281884 -0.00040924661742709561
leaf_weight=1005.2536480882395 154.43188159912825 447.77908765827306 2879.7664689447847 66132.051228909666 1792.9195065830809 580.14592984373485 6232.6913695352268 1485.0533165875693 274.0742233209312 23.88533029549194 100.22004923806526
leaf_count=17446 139 893 4106 87856 14596 10381 9952 39083 474 1788 270
internal_value=2.04071e-13 -0.000188838 -0.00029667 8.51691e-06 0.000122272 -0.000222139 0.000212167 -0.000177894 0.000360688 0.000376063 0.00161252
internal_weight=81108.3 3481.98 3034.2 77626.3 11494.2 2373.07 9121.18 2514.19 6606.99 1508.94 374.294
internal_count=186984 5138 4245 181846 93990 24977 69013 58317 10696 40871 744
is_linear=0
shrinkage=0.025


Tree=159
num_leaves=12
num_cat=0
split_feature=5 1 13 14 4 8 14 17 2 15 14
split_gain=0.207708 0.415869 0.70399 0.391248 0.373677 0.365367 0.330838 0.61917 0.726408 0.325083 0.512334
threshold=0.25000000000000006 10.500000000000002 0.66484924122790601 -0.7721279831368929 0.25000000000000006 83.500000000000014 0.95989713290459411 0.074636875489654933 2.5000000000000004 0.069142290583742314 -0.38961601727460732
decision_type=2 2 2 2 2 2 2 2 2 2 2
left_child=-1 3 5 4 -2 -3 7 -7 -9 10 -4
right_child=1 2 9 -5 -6 6 -8 8 -10 -11 -12
leaf_value=1.1700681196232461e-05 0.00048271285846280816 0.00064088604824499721 -0.0016665733792121142 0.00044178819576195112 -0.0005140130907013579 -5.0520959582441234e-05 0.00074319766683818029 -0.00013852837230657493 -0.0025691448640967102 -0.00015912433470886193 -0.00053007365064154687
leaf_weight=74746.035349373356 320.80028845951495 423.33140047702182 359.50535975139155 1196.4108323188093 747.09912351346736 1472.9084923680457 209.65045285188535 168.10135023260955 125.43238918401767 547.86022038501687 808.693227890034
leaf_count=171704 396 504 1247 3911 2288 2385 649 227 324 1053 2296
internal_value=-3.00453e-14 -0.000136694 -0.00028592 0.00013466 -0.000211224 -8.39738e-06 -0.000152519 -0.000265957 -0.0012748 -0.000669391 -0.000901989
internal_weight=81125.8 6379.79 4115.48 2264.31 1067.9 2399.42 1976.09 1766.44 293.534 1716.06 1168.2
internal_count=186984 15280 8685 6595 2684 4089 3585 2936 551 4596 3543
is_linear=0
shrinkage=0.025


Tree=160
num_leaves=12
num_cat=0
split_feature=3 1 2 15 1 14 10 2 1 13 1
split_gain=0.20581 0.93294 1.1114 1.32528 0.873745 2.0756 0.770063 0.766411 1.08237 2.07968 1.71889
threshold=18.950000000000003 17.500000000000004 3.5000000000000004 0.079313168250697549 19.500000000000004 -0.86955717898714324 1.5000000000000002 3.5000000000000004 13.500000000000002 0.6254047815183511 16.500000000000004
decision_type=2 2 2 2 2 2 2 2 2 2 2
left_child=4 7 6 -4 -1 -6 -3 8 -2 -10 -11
right_child=1 2 3 -5 5 -7 -8 -9 9 10 -12
leaf_value=1.1565692665648172e-06 0.00011518984318965864 0.0005045905739244702 0.00021205828557815769 -0.0013959540220925127 -0.0010110773014619151 0.00014959078060459714 0.0023065903262002498 0.00019211660730965579 0.00018935047898361438 -0.0012562401725747024 -8.5345586574101876e-05
leaf_weight=55437.948657334215 4744.103537441666 3693.0857047152349 1275.7113092287182 406.02445859753061 1771.1951484881938 2072.9617323324273 136.62041901331395 6099.1245546063492 2227.2449099638034 1985.2384591782466 1291.2864636606537
leaf_count=117672 11360 7276 4854 502 7660 16208 368 13232 2268 4224 1360
internal_value=2.37537e-14 6.55352e-05 0.000346185 -0.000188011 -2.4178e-05 -0.000387652 0.000580524 -2.93942e-05 -0.000161346 -0.000399267 -0.000798105
internal_weight=81140.5 21858.4 5511.44 1681.74 59282.1 3844.16 3829.71 16347 10247.9 5503.77 3276.52
internal_count=186984 45444 13000 5356 141540 23868 7644 32444 19212 7852 5584
is_linear=0
shrinkage=0.025


Tree=161
num_leaves=12
num_cat=0
split_feature=17 2 1 0 14 0 16 3 16 5 10
split_gain=0.212625 2.15568 0.96562 1.02265 0.918279 0.526534 0.487679 0.394679 0.366293 0.326819 0.433904
threshold=0.082282658731194377 3.5000000000000004 17.500000000000004 25.500000000000004 -0.94695267581281539 9.0000000000000018 0.066906075242924273 16.350000000000005 0.04421352089126062 1.0000000180025095e-35 3.0000000000000004
decision_type=2 2 2 2 2 2 2 2 2 2 2
left_child=9 4 -3 5 7 -4 -6 -2 -5 -1 -11
right_child=1 2 3 8 6 -7 -8 -9 -10 10 -12
leaf_value=4.6138038183148176e-05 -0.00050435224781476557 -0.00036175910372780349 -0.0022033065336229791 -0.0013605723961482795 0.00027615473787245256 -0.00055035801559208224 -0.00091109284170928719 0.00019601306602905953 -0.0040485503654455425 -7.2039872959386072e-05 -0.0013382496131519636
leaf_weight=53662.649085855664 1831.0024942776654 2253.2227146572695 134.77072170260362 89.463246977888048 6899.5419632559606 656.83371438696122 204.07852595747681 678.07992719183676 84.778559530153871 14536.448372678717 151.23093000145855
leaf_count=138172 1393 4143 230 211 8646 955 516 483 323 31474 438
internal_value=1.03248e-13 -9.32959e-05 -0.000651113 -0.00130511 9.44681e-05 -0.000879133 0.000239584 -0.000315025 -0.00295062 1.75371e-05 -8.68794e-05
internal_weight=81182.1 12831.8 3219.07 965.846 9612.7 791.604 7103.62 2509.08 174.242 68350.3 14687.7
internal_count=186984 16900 5862 1719 11038 1185 9162 1876 534 170084 31912
is_linear=0
shrinkage=0.025


Tree=162
num_leaves=12
num_cat=0
split_feature=15 2 1 13 14 17 13 13 13 3 1
split_gain=0.205315 1.53543 0.897117 0.787289 0.512494 0.497133 1.76653 1.05901 0.945772 0.641508 0.434693
threshold=0.089430462964697796 3.5000000000000004 17.500000000000004 -0.53798524335129183 -0.32533003375364639 0.075134374221428851 0.32533907195844747 0.42109697129093554 -0.16705007855999701 15.65 17.500000000000004
decision_type=2 2 2 2 2 2 2 2 2 2 2
left_child=-1 3 -3 -2 5 6 8 -7 -5 -8 -6
right_child=1 2 -4 4 10 7 9 -9 -10 -11 -12
leaf_value=1.3824775980998081e-05 -0.0010010819531372792 -0.00050585143338448388 -0.0019908944010772638 0.00063047812002885195 -0.000366238189362622 -0.00020362929198853644 -0.0013301507832456042 0.0011147398428998962 0.0021777324242739362 0.00018067496163008434 0.00040099311324942361
leaf_weight=72453.74607676873 405.17382503394037 1286.8801924000654 304.79356503370218 681.16505001392215 1862.727977890514 2034.0302490796894 249.37639934150502 447.50319372513331 391.24780013831332 493.48784804984462 593.3286934713833
leaf_count=178907 192 1947 402 326 2175 775 212 430 344 396 878
internal_value=2.46925e-13 -0.000114249 -0.000811403 4.25999e-05 0.000107992 0.000272193 0.000584173 4.11283e-05 0.0012245 -0.000348079 -0.00017915
internal_weight=81203.5 8749.71 1591.67 7158.04 6752.87 4296.81 1815.28 2481.53 1072.41 742.864 2456.06
internal_count=186984 8077 2349 5728 5536 2483 1278 1205 670 608 3053
is_linear=0
shrinkage=0.025


Tree=163
num_leaves=12
num_cat=0
split_feature=17 2 14 1 0 15 13 3 5 10 15
split_gain=0.204612 1.44716 1.15249 0.598788 0.854468 0.388663 0.564471 0.378485 0.338986 0.547114 1.39902
threshold=0.084388912018616605 3.5000000000000004 -0.91583036384466876 17.500000000000004 25.500000000000004 0.066660956585937084 0.86958133671945947 15.750000000000002 1.0000000180025095e-35 3.0000000000000004 0.066403448280027408
decision_type=2 2 2 2 2 2 2 2 2 2 2
left_child=8 2 7 -3 -5 -4 -7 -2 -1 -10 -11
right_child=1 3 5 4 -6 6 -8 -9 9 10 -12
leaf_value=4.3851454742201845e-05 -0.0006041090400285404 -0.00038077528969636333 0.00055757962764344047 -0.00075184890842707993 -0.0029259699593894885 -6.7074913242635731e-05 0.00062148924828022822 7.6030966766664257e-05 -7.3414247137965446e-05 -0.0035382303407074608 0.00081037886489397344
leaf_weight=55613.537089711193 1646.2079730790574 1888.2083161370974 1813.4476742119332 545.20722652058976 131.32265930483118 2824.0450967849465 988.76847864035517 731.87331995740533 14918.258561345676 75.291030757980479 78.081985659897327
leaf_count=140570 1292 3478 2959 809 356 3243 1276 545 31998 382 76
internal_value=3.34104e-13 -0.000102488 6.34397e-05 -0.000616819 -0.00124577 0.000258307 0.0001138 -0.000395902 1.5349e-05 -8.97424e-05 -0.00148626
internal_weight=81254.2 10569.1 8004.34 2564.74 676.53 5626.26 3812.81 2378.08 70685.2 15071.6 153.373
internal_count=186984 13958 9315 4643 1165 7478 4519 1837 173026 32456 458
is_linear=0
shrinkage=0.025


Tree=164
num_leaves=12
num_cat=0
split_feature=16 13 15 17 2 1 0 14 0 16 3
split_gain=0.205404 0.257891 0.23424 0.213012 2.02755 0.856442 0.876135 0.832053 0.487006 0.459061 0.365175
threshold=0.1028218340128584 0.15855791680139919 0.071093420062627435 0.082282658731194377 3.5000000000000004 17.500000000000004 25.500000000000004 -0.94695267581281539 9.0000000000000018 0.067145367008347515 16.350000000000005
decision_type=2 2 2 2 2 2 2 2 2 2 2
left_child=3 2 -2 -1 7 -6 8 10 -7 -9 -5
right_child=1 -3 -4 4 5 6 -8 9 -10 -11 -12
leaf_value=2.1099332923090865e-05 -0.00021785012122071493 7.0071768974004495e-05 -0.0016332877173252502 -0.00047945458313666058 -0.00035629928935758393 -0.0021094484538285558 -0.0027345376906174252 0.00026344330248440155 -0.00052623114346438983 -0.00094564092738889818 0.0001938476398817546
leaf_weight=67845.802988018841 148.00019840837922 288.23520568414824 139.51708501775283 1834.5770028599072 2244.9108644385706 136.21543559757993 181.43358764983714 6938.9409787298609 658.06891023449498 182.72178069851361 678.37685864325613
leaf_count=168695 299 938 231 1393 4074 230 534 8671 955 481 483
internal_value=-1.89138e-13 -0.000462503 -0.000966242 3.41345e-06 -8.98146e-05 -0.000630792 -0.0012425 9.19537e-05 -0.000842887 0.00022986 -0.0002976
internal_weight=81276.8 575.752 287.517 80701 12855.2 3220.63 975.718 9634.62 794.284 7121.66 2512.95
internal_count=186984 1468 530 185516 16821 5793 1719 11028 1185 9152 1876
is_linear=0
shrinkage=0.025


Tree=165
num_leaves=12
num_cat=0
split_feature=3 1 2 15 1 14 13 2 1 13 1
split_gain=0.204387 0.88366 0.993635 1.20648 0.840967 1.98341 0.736496 0.712725 1.01912 1.70726 1.06761
threshold=18.950000000000003 17.500000000000004 3.5000000000000004 0.079313168250697549 19.500000000000004 -0.86955717898714324 0.61188073503922691 3.5000000000000004 12.500000000000002 0.6254047815183511 16.500000000000004
decision_type=2 2 2 2 2 2 2 2 2 2 2
left_child=4 7 6 -4 -1 -6 -3 8 -2 -10 -11
right_child=1 2 3 -5 5 -7 -8 -9 9 10 -12
leaf_value=7.3495775436857571e-07 0.00017408372324112653 -2.5454654454818345e-05 0.00021736046188532582 -0.0013056349675413146 -0.00098982616051535889 0.00014453777472196895 0.00076214109792947847 0.00018620110007632314 0.00015210431134206763 -0.00095923066414573552 -8.0806085208731034e-05
leaf_weight=55534.366376528153 3739.6595213125001 999.16765019269951 1279.2838003068682 413.98735405108891 1772.2034346130349 2073.5655167410332 2849.7844368420738 6109.2061870640973 2610.3549671553747 2624.2123815093682 1290.8016246615443
leaf_count=117672 9568 972 4854 502 7660 16208 6672 13232 2736 5548 1360
internal_value=-2.64798e-13 6.52129e-05 0.000337459 -0.000165891 -2.40831e-05 -0.000380615 0.000558611 -2.72341e-05 -0.000154375 -0.000342569 -0.000671492
internal_weight=81296.6 21916.5 5542.22 1693.27 59380.1 3845.77 3848.95 16374.2 10265 6525.37 3915.01
internal_count=186984 45444 13000 5356 141540 23868 7644 32444 19212 9644 6908
is_linear=0
shrinkage=0.025


Tree=166
num_leaves=12
num_cat=0
split_feature=1 15 13 15 2 1 13 2 17 13 15
split_gain=0.203851 0.442234 0.295917 0.211153 0.445541 0.407833 1.0312 0.237982 0.214777 1.21044 0.456084
threshold=5.5000000000000009 0.012304462925596057 0.37371625404731906 0.012846567062331213 1.5000000000000002 21.500000000000004 0.80900950266415306 1.5000000000000002 0.005195281471321922 0.38168568572378603 0.022857130274530627
decision_type=2 2 2 2 2 2 2 2 2 2 2
left_child=1 2 -1 4 -2 8 7 -7 9 10 -5
right_child=3 -3 -4 5 -6 6 -8 -9 -10 -11 -12
leaf_value=-0.0013137572204536376 -0.00072022257387224461 -0.0038654106923447945 0.00068685028366452397 -0.00034616800655276972 0.0015943912552472046 -0.002498504740244439 0.00094555729961377398 -0.00092926490481536202 6.4171011809125691e-06 0.00086340581451233337 -0.0039224991488134246
leaf_weight=67.882286102442819 66.752767900916297 6.1063443557359269 79.061755261990541 39.10601619812951 123.8582635006951 84.664170059026219 149.72454307740554 259.74397235177457 80290.292986710425 117.64514416598831 49.171281238086522
leaf_count=18958 3185 221 27567 676 6256 1141 2066 3401 121465 1610 438
internal_value=1.18816e-13 -0.000857133 -0.00028402 1.82667e-06 0.000792385 -2.29081e-07 -0.000702106 -0.00143098 4.25278e-06 -0.00076549 -0.00269479
internal_weight=81334 153.05 146.944 81181 190.611 80990.3 494.133 344.408 80496.2 205.922 88.2773
internal_count=186984 46746 46525 140238 9441 130797 6608 4542 124189 2724 1114
is_linear=0
shrinkage=0.025


Tree=167
num_leaves=12
num_cat=0
split_feature=3 15 1 14 14 1 2 2 2 1 13
split_gain=0.202054 0.860048 0.789354 1.87941 0.744632 0.574125 1.28335 1.40858 0.735778 0.806445 1.23751
threshold=18.950000000000003 0.053490813342386659 19.500000000000004 -0.86955717898714324 -0.57022117041332276 17.500000000000004 3.5000000000000004 4.5000000000000009 3.5000000000000004 12.500000000000002 0.6254047815183511
decision_type=2 2 2 2 2 2 2 2 2 2 2
left_child=2 4 -1 -4 -2 8 -7 -8 9 -3 -11
right_child=1 5 3 -5 -6 6 7 -9 -10 10 -12
leaf_value=9.2167809636256968e-08 2.3388036414212032e-05 0.00012566569212049051 -0.00096210767555545166 0.00014182059636997683 0.00080075575666154082 0.00053104904287999655 -0.0011620376635021763 0.0004654743025453204 0.00014897437902884435 7.5170110852848548e-05 -0.00066349421150344891
leaf_weight=55543.189059979297 1405.7255098194355 2898.5152486731531 1773.2661444916266 2074.455580568083 1686.6321783402973 3056.4117369110463 688.53697522368748 610.29386019869708 5624.717888692976 2287.9303511191392 3690.2220538423862
leaf_count=117672 5324 4530 7660 16208 11456 3371 930 1507 9572 2312 6442
internal_value=-3.22038e-13 6.47803e-05 -2.39545e-05 -0.000369282 0.000449801 1.22991e-06 0.000252275 -0.000401842 -7.44108e-05 -0.000215976 -0.000381488
internal_weight=81339.9 21949 59390.9 3847.72 3092.36 18856.6 4355.24 1298.83 14501.4 8876.67 5978.15
internal_count=186984 45444 141540 23868 16780 28664 5808 2437 22856 13284 8754
is_linear=0
shrinkage=0.025


Tree=168
num_leaves=12
num_cat=0
split_feature=15 2 16 13 14 17 13 13 13 3 1
split_gain=0.202251 1.4414 0.792317 0.74513 0.481702 0.471659 1.64446 0.985668 0.812845 0.590391 0.393721
threshold=0.089430462964697796 3.5000000000000004 0.067145367008347515 -0.53798524335129183 -0.32533003375364639 0.075134374221428851 0.32533907195844747 0.42109697129093554 -0.16705007855999701 15.65 17.500000000000004
decision_type=2 2 2 2 2 2 2 2 2 2 2
left_child=-1 3 -3 -2 5 6 8 -7 -5 -8 -6
right_child=1 2 -4 4 10 7 9 -9 -10 -11 -12
leaf_value=1.3738351138057592e-05 -0.00097382360590137136 -0.0018020993909341342 -0.00047531988270212887 0.00061096917853109859 -0.00035510884589843509 -0.00020295210205819862 -0.0012604399291768769 0.0010628488079023571 0.0020240301919935443 0.00017548773513721778 0.00037240122887263923
leaf_weight=72569.805701517951 407.83567288471386 353.23463230126072 1246.0960816172919 683.69709726655856 1863.6336621768969 2034.0070074980613 257.23542611021549 453.05327873094939 412.55306394468062 493.45618921378627 599.35972201661207
leaf_count=178907 192 485 1864 326 2175 775 212 430 344 396 878
internal_value=-2.20941e-14 -0.000113015 -0.000786996 3.83597e-05 0.000101772 0.000259996 0.00056033 3.42708e-05 0.00116948 -0.000336494 -0.000176499
internal_weight=81374 8804.16 1599.33 7204.83 6797 4334 1846.94 2487.06 1096.25 750.692 2462.99
internal_count=186984 8077 2349 5728 5536 2483 1278 1205 670 608 3053
is_linear=0
shrinkage=0.025


Tree=169
num_leaves=12
num_cat=0
split_feature=16 4 13 17 0 17 2 14 1 15 17
split_gain=0.202395 0.414679 0.322122 0.267365 0.573839 1.75643 0.730201 1.647 0.663096 0.796345 0.686092
threshold=0.093147962817220584 18.950000000000003 -0.58077876009839879 0.052457211996178352 9.0000000000000018 0.048169823930211096 4.5000000000000009 -0.58427653070765262 6.5000000000000009 0.027039222659767225 0.026610169375962302
decision_type=2 2 2 2 2 2 2 2 2 2 2
left_child=3 2 -2 4 5 8 -6 -8 9 -1 -10
right_child=1 -3 -4 -5 6 -7 7 -9 10 -11 -12
leaf_value=-0.00083583994633700052 -0.0013331566105980479 0.00050778206360903224 -0.00022605999068504618 -1.0941250592890606e-05 0.00030424582300953435 0.0015157663049261548 -0.0007712375837133367 0.00059802660217772412 0.00023377353746216478 -0.0042988589771910937 -0.00099236167890419933
leaf_weight=150.4078769075677 155.66313482169062 449.6574089130736 2880.9532440209878 66413.741597689776 7728.9881686517883 251.6063493603142 1311.5188336647739 915.59041089711764 511.1965600928088 45.664868965628557 607.7762203073944
leaf_count=10518 139 893 4106 87856 54041 667 8358 13152 3649 458 3147
internal_value=-5.29291e-14 -0.000185808 -0.000291164 8.35713e-06 0.000119414 -0.000322583 0.000189472 -0.000208005 -0.000691751 -0.00196562 -0.00043794
internal_weight=81422.8 3486.27 3036.62 77936.5 11522.7 1566.65 9956.1 2227.11 1315.05 196.073 1118.97
internal_count=186984 5138 4245 181846 93990 18439 75551 21510 17772 10976 6796
is_linear=0
shrinkage=0.025


Tree=170
num_leaves=12
num_cat=0
split_feature=17 2 14 1 0 15 13 3 5 10 15
split_gain=0.200187 1.30883 1.0509 0.515166 0.707847 0.360239 0.527263 0.348288 0.317601 0.51648 1.32863
threshold=0.084388912018616605 3.5000000000000004 -0.91583036384466876 17.500000000000004 25.500000000000004 0.066660956585937084 0.86958133671945947 15.750000000000002 1.0000000180025095e-35 3.0000000000000004 0.066403448280027408
decision_type=2 2 2 2 2 2 2 2 2 2 2
left_child=8 2 7 -3 -5 -4 -7 -2 -1 -10 -11
right_child=1 3 5 4 -6 6 -8 -9 9 10 -12
leaf_value=4.2724514644240729e-05 -0.00058144848177137532 -0.00036944525233670143 0.00052896878450937358 -0.00071022044365025945 -0.0026550344429032932 -7.2131017877860912e-05 0.00059160893358503239 7.0512435537875044e-05 -7.0535109995009332e-05 -0.0034301789867582943 0.00078193079371934255
leaf_weight=55740.275970014249 1649.3710227215197 1891.0945674753639 1825.6929771094547 545.68358425510814 138.79710234282538 2826.7867020831909 995.49527474446222 733.00702292355709 14939.687864424193 76.121127202191929 79.484844712540507
leaf_count=140570 1292 3478 2959 809 356 3243 1276 545 31998 382 76
internal_value=-1.06983e-13 -0.000101189 5.64188e-05 -0.00058924 -0.00116876 0.000242017 0.000102917 -0.000381937 1.51749e-05 -8.64757e-05 -0.00143459
internal_weight=81441.5 10605.9 8030.35 2575.58 684.481 5647.97 3822.28 2382.38 70835.6 15095.3 155.606
internal_count=186984 13958 9315 4643 1165 7478 4519 1837 173026 32456 458
is_linear=0
shrinkage=0.025


Tree=171
num_leaves=12
num_cat=0
split_feature=1 15 13 15 1 13 2 2 17 2 14
split_gain=0.199159 0.433401 0.282831 0.200961 0.436579 0.91101 0.424286 0.209982 0.207939 1.25536 1.00422
threshold=5.5000000000000009 0.012304462925596057 0.38168568572378603 0.013434385699316194 21.500000000000004 0.80900950266415306 1.5000000000000002 1.5000000000000002 0.084388912018616605 3.5000000000000004 -0.91583036384466876
decision_type=2 2 2 2 2 2 2 2 2 2 2
left_child=1 2 -1 6 8 7 -2 -6 -5 10 -10
right_child=3 -3 -4 4 5 -7 -8 -9 9 -11 -12
leaf_value=-0.0012779419483222964 -0.00071411932745278454 -0.0038257740982101346 0.00067699324403010111 1.9837815201958289e-05 -0.0024710281547369387 0.00084591022123889402 0.0014323374388638141 -0.00094571593669321374 -0.00037289574253574756 -0.00057630197458652898 0.00023674819170957248
leaf_weight=68.676211736208273 72.633203831846913 6.0978273418731979 78.298721107960233 69996.860688745335 80.939185022958554 142.51360938398284 147.57450197459912 247.7323011016997 2384.1479666931555 2580.2033333325962 5656.5605167447939
leaf_count=19172 3306 221 27353 110110 1059 1873 6821 3111 1837 4643 7478
internal_value=-3.10169e-13 -0.000847157 -0.000280135 1.8028e-06 -3.35995e-07 -0.000743407 0.000723841 -0.00144154 4.19032e-06 -9.87776e-05 5.55062e-05
internal_weight=81462.2 153.073 146.975 81309.2 81089 471.185 220.208 328.671 80617.8 10620.9 8040.71
internal_count=186984 46746 46525 140238 130111 6043 10127 4170 124068 13958 9315
is_linear=0
shrinkage=0.025


Tree=172
num_leaves=12
num_cat=0
split_feature=3 15 1 14 13 15 13 1 2 2 2
split_gain=0.198481 0.813756 0.753972 1.77962 0.701921 0.573116 0.651657 0.543233 1.18033 1.30938 0.697167
threshold=18.950000000000003 0.053490813342386659 19.500000000000004 -0.86955717898714324 0.823915376013162 0.049901525898641025 0.055916472294523401 17.500000000000004 3.5000000000000004 4.5000000000000009 3.5000000000000004
decision_type=2 2 2 2 2 2 2 2 2 2 2
left_child=2 4 -1 5 -2 -4 -7 10 -9 -10 -3
right_child=1 7 3 -5 -6 6 -8 8 9 -11 -12
leaf_value=-2.5793236021755185e-07 4.8668524580983038e-05 -0.00020903119298872329 -0.00073957260206055622 0.00013605684561384765 0.00079987291441335089 -0.0033700000245977741 -0.00074009297841980549 0.00051279964635913135 -0.00110580361191212 0.00045839997987077996 0.00014596805606383948
leaf_weight=55629.234290172288 1503.1314690249044 8885.4764748061425 1529.6119311914663 2075.6556573865382 1596.3396046961946 103.99372894526459 140.50661704561207 3070.1627428998472 696.90548196726013 611.07494891458191 5633.9066272743512
leaf_count=117672 5699 13284 7092 16208 11081 296 272 3371 930 1507 9572
internal_value=-5.2938e-14 6.41288e-05 -2.37302e-05 -0.000361151 0.000438214 -0.000937901 -0.00202891 2.37504e-06 0.000245822 -0.000379126 -7.12707e-05
internal_weight=81476 21997 59479 3849.77 3099.47 1774.11 244.5 18897.5 4378.14 1307.98 14519.4
internal_count=186984 45444 141540 23868 16780 7660 568 28664 5808 2437 22856
is_linear=0
shrinkage=0.025


Tree=173
num_leaves=12
num_cat=0
split_feature=3 15 1 14 15 13 13 1 14 1 2
split_gain=0.196587 0.778434 0.715646 1.69752 0.723078 0.899641 0.60902 0.605051 0.894618 1.42745 1.30852
threshold=18.950000000000003 0.054478887215561912 19.500000000000004 -0.8038981836306559 0.049371669029301332 1.0000000180025095e-35 0.823915376013162 16.500000000000004 -0.79354221435844496 12.500000000000002 3.5000000000000004
decision_type=2 2 2 2 2 2 2 2 2 2 2
left_child=2 6 -1 4 -4 -6 -2 8 -3 -10 -11
right_child=1 7 3 -5 5 -7 -8 -9 9 10 -12
leaf_value=-7.4560120422879274e-07 4.9128511406954255e-05 0.00033059596369882385 -0.00059855728676463547 0.00023709181041325642 -0.0033228588451916022 -0.00073732145371158153 0.00064342449547848775 0.00015911549559273114 0.00011616874774206513 -0.00091577472746501081 -5.3282378778564858e-05
leaf_weight=55634.107987695454 2038.4901730086049 2033.9106550407532 1797.8380390741586 1700.0455391827345 131.70645917160437 223.88647143461276 2275.1449821923461 7571.7894762883661 3610.8242935774679 2576.7913987938041 1911.0740135962883
leaf_count=117672 6383 2462 8690 14412 354 412 12117 8930 6276 5325 3951
internal_value=-5.5445e-14 6.37847e-05 -2.3622e-05 -0.000352188 -0.000815302 -0.00182091 0.000364101 -9.71508e-06 -0.000135942 -0.000253635 -0.000550364
internal_weight=81505.6 22018 59487.6 3853.48 2153.43 355.593 4313.64 17704.4 10132.6 8098.69 4487.87
internal_count=186984 45444 141540 23868 9456 766 18500 26944 18014 15552 9276
is_linear=0
shrinkage=0.025


Tree=174
num_leaves=12
num_cat=0
split_feature=15 2 1 13 2 14 1 4 0 8 14
split_gain=0.197238 1.36472 0.748073 0.70926 0.460905 0.344867 0.413043 0.341791 0.332011 0.278905 0.275986
threshold=0.089430462964697796 3.5000000000000004 17.500000000000004 -0.53798524335129183 1.5000000000000002 -0.9523422988233432 17.500000000000004 19.550000000000004 25.500000000000004 30.500000000000004 -0.9668120007078248
decision_type=2 2 2 2 2 2 2 2 2 2 2
left_child=-1 3 8 -2 9 6 -6 -7 10 -5 -3
right_child=1 2 -4 4 5 7 -8 -9 -10 -11 -12
leaf_value=1.3580643086678768e-05 -0.00094951890908144857 0.00011605633799312976 -0.001830098167704988 -5.6959523386769866e-05 0.00080477362210559615 -0.00040759974864378002 -0.0001622043954604713 0.00036910429806057653 0.00027478586698977857 0.00044774202831752822 -0.00089185155152144303
leaf_weight=72682.37044958488 409.94619396654889 207.71985938469879 311.75315113679972 947.50218306179886 469.75146146584302 1978.356060098391 620.41729995701462 413.94111298792996 272.35863914282527 2405.4999423377449 815.92035869992833
leaf_count=178907 192 126 402 710 243 1837 232 407 403 2107 1418
internal_value=1.85618e-13 -0.000111273 -0.000765407 3.55862e-05 9.7264e-05 -0.000103955 0.000261456 -0.00027126 -0.000485375 0.00030563 -0.00068902
internal_weight=81535.5 8853.17 1607.75 7245.41 6835.47 3482.47 1090.17 2392.3 1296 3353 1023.64
internal_count=186984 8077 2349 5728 5536 2719 475 2244 1947 2817 1544
is_linear=0
shrinkage=0.025


Tree=175
num_leaves=12
num_cat=0
split_feature=16 13 15 17 2 1 15 14 15 16 15
split_gain=0.195903 0.246459 0.22555 0.202698 1.77116 0.7382 0.737626 0.727277 0.319989 0.462101 0.443751
threshold=0.1028218340128584 0.15855791680139919 0.071874702022530948 0.082282658731194377 3.5000000000000004 17.500000000000004 0.085070056951265058 -0.8038981836306559 0.067424689769864002 0.054649702480208111 0.078820975836781937
decision_type=2 2 2 2 2 2 2 2 2 2 2
left_child=3 2 -2 -1 7 -6 -7 8 9 -5 -10
right_child=1 -3 -4 4 5 6 -8 -9 10 -11 -12
leaf_value=2.0556217634273756e-05 -0.00026144906092802643 6.890474380129397e-05 -0.0016553773117243124 0.00044028897937800783 -0.00033632694398120404 -0.00078166154711315188 -0.0024831529873604015 0.00028095536084766977 -0.00049208057449859116 -0.0005867062169180922 0.0001551744845279697
leaf_weight=68075.464095459247 161.21623553941026 288.80230054445565 126.95476934674662 996.66261285124347 2252.1461322870782 794.66228690915887 192.10331453906838 5244.8376516710305 2131.7454333365895 355.73023586347699 944.75986403110437
leaf_count=168695 318 938 212 939 4074 1284 435 7658 1524 257 650
internal_value=2.04921e-13 -0.00045122 -0.000943127 3.32518e-06 -8.74081e-05 -0.000591504 -0.00115566 8.22428e-05 -0.000153284 0.000165537 -0.000293597
internal_weight=81565.1 576.973 288.171 80988.1 12912.6 3238.91 986.766 9673.74 4428.9 1352.39 3076.51
internal_count=186984 1468 530 185516 16821 5793 1719 11028 3370 1196 2174
is_linear=0
shrinkage=0.025


Tree=176
num_leaves=12
num_cat=0
split_feature=15 3 1 15 14 16 4 13 17 2 14
split_gain=0.195751 0.266619 0.195467 0.42612 0.273171 0.19868 0.396747 0.305155 0.288207 0.514844 0.980854
threshold=0.10540300011323181 6.4500000000000011 5.5000000000000009 0.012304462925596057 -0.8140159405215136 0.093147962817220584 18.950000000000003 -0.58077876009839879 0.052457211996178352 5.5000000000000009 -0.14153505243942421
decision_type=2 2 2 2 2 2 2 2 2 2 2
left_child=2 -2 3 4 -1 8 7 -7 9 -4 -11
right_child=1 -3 5 -5 -6 6 -8 -9 -10 10 -12
leaf_value=-0.0013362688777133276 3.9128433986311957e-05 -0.0012643392955381803 0.00018335494779585977 -0.0037907219029548094 0.00059823014462873016 -0.0012923132431087523 0.00049861768273967309 -0.00021902738755785137 -7.2062783071770885e-06 -0.00086132356125886056 0.0007613661040213179
leaf_weight=61.551867050865383 212.68773077055812 160.18558900570497 10313.624837437692 6.0850883156526825 85.429302505096587 157.14153656177223 449.90532067418098 2879.7963906105142 66179.271818188601 766.99342284676095 312.86975257757513
leaf_count=14371 252 481 40113 221 32154 139 889 4096 87129 3543 3596
internal_value=-1.09884e-13 -0.000556696 2.6924e-06 -0.00083659 -0.000274907 4.48321e-06 -0.000179579 -0.000282654 1.28008e-05 0.000128821 -0.000385885
internal_weight=81585.5 372.873 81212.7 153.066 146.981 81059.6 3486.84 3036.94 77572.8 11393.5 1079.86
internal_count=186984 733 186251 46746 46525 139505 5124 4235 134381 47252 7139
is_linear=0
shrinkage=0.025


Tree=177
num_leaves=12
num_cat=0
split_feature=3 17 1 14 1 10 15 2 2 16 2
split_gain=0.19396 0.742657 0.689747 1.61694 0.59742 1.25782 2.91166 0.968725 1.22399 0.868375 1.13165
threshold=18.950000000000003 0.047523034418156279 19.500000000000004 -0.86955717898714324 17.500000000000004 1.0000000180025095e-35 0.066906075242924273 3.5000000000000004 4.5000000000000009 0.064245138064814092 3.5000000000000004
decision_type=2 2 2 2 2 2 2 2 2 2 2
left_child=2 -2 -1 -4 5 9 -7 -6 -9 -3 -11
right_child=1 4 3 -5 7 6 -8 8 -10 10 -12
leaf_value=-1.0066000061422726e-06 0.00064232035178457894 0.00023531272843440389 -0.00089422639336391233 0.00012831419627845866 0.00048274195560712096 -0.0028481656832316741 0.00048212878030691589 -0.00090832986775125912 0.00046215921651227281 -0.000416933738182608 0.0001395047430548658
leaf_weight=55687.886204764247 1282.8116617475171 5781.4000691589899 1780.638911162343 2077.1031742918858 3627.1360873978119 296.1083718535956 330.9646163135767 829.93861383001786 764.54886301036458 4841.2280538465075 4294.8494693123557
leaf_count=117672 12447 9649 7660 16208 4722 1169 525 1288 2334 6249 7061
internal_value=9.89192e-14 6.3309e-05 -2.34559e-05 -0.000345843 2.69575e-05 -5.08106e-05 -0.00112989 0.00025778 -0.000253603 -3.99831e-06 -0.00015562
internal_weight=81594.6 22049 59545.6 3857.74 20766.2 15544.6 627.073 5221.62 1594.49 14917.5 9136.08
internal_count=186984 45444 141540 23868 32997 24653 1694 8344 3622 22959 13310
is_linear=0
shrinkage=0.025


Tree=178
num_leaves=12
num_cat=0
split_feature=3 15 1 14 15 13 14 11 1 2 2
split_gain=0.192291 0.72031 0.65422 1.54765 0.670884 0.887023 0.611258 0.480963 0.46118 1.01535 1.16414
threshold=18.950000000000003 0.052993893891644904 19.500000000000004 -0.8038981836306559 0.049901525898641025 1.0000000180025095e-35 -0.57022117041332276 1.0000000180025095e-35 17.500000000000004 3.5000000000000004 4.5000000000000009
decision_type=2 2 2 2 2 2 2 2 2 2 2
left_child=2 6 -1 4 -4 -6 -2 -5 -3 -10 -11
right_child=1 8 3 7 5 -7 -8 -9 9 10 -12
leaf_value=-1.4993111038933078e-06 2.9814515555215865e-05 -5.598823802827616e-05 -0.00059564346654667822 0.00014552077173805506 -0.0035754492083326581 -0.00069466851640134742 0.0007918091666613685 0.0024669337735618068 0.00048127783818229262 -0.0010171793719199749 0.00044630787476455133
leaf_weight=55692.143941996241 1199.1406156560447 15014.224769719352 1877.3375929304639 1663.5864618219621 99.27548542781733 180.8699654287193 1442.2906295394964 37.891691158472895 3094.1740256068297 711.54739130660892 617.95606945990585
leaf_count=117672 5036 23557 8810 13684 299 347 11018 728 3371 936 1526
internal_value=1.51737e-13 6.29818e-05 -2.33646e-05 -0.000337288 -0.000778944 -0.00188576 0.000448707 0.000225278 1.0158e-05 0.000233904 -0.000340414
internal_weight=81630.4 22079.3 59551.1 3858.96 2157.48 280.145 2641.43 1701.48 19437.9 4423.68 1329.5
internal_count=186984 45444 141540 23868 9456 646 16054 14412 29390 5833 2462
is_linear=0
shrinkage=0.025


Tree=179
num_leaves=12
num_cat=0
split_feature=15 2 16 13 2 0 14 1 4 8 5
split_gain=0.190803 1.27804 0.688933 0.677033 0.439474 0.350144 0.324416 0.396179 0.325553 0.270104 0.255121
threshold=0.089430462964697796 3.5000000000000004 0.067145367008347515 -0.53798524335129183 1.5000000000000002 21.000000000000004 -0.9523422988233432 17.500000000000004 19.550000000000004 30.500000000000004 1.0000000180025095e-35
decision_type=2 2 2 2 2 2 2 2 2 2 2
left_child=10 3 -3 -2 9 -4 7 -6 -8 -5 -1
right_child=1 2 5 4 6 -7 8 -9 -10 -11 -12
leaf_value=3.7599182160678282e-05 -0.00092724217996953688 -0.0016776150858875648 -0.0007403752346871724 -6.0703499949817227e-05 0.00077890099816518919 0.00013428082089421959 -0.0003983155404574397 -0.00016546611156759286 0.00035823586650096271 0.00043559841416218343 -7.6992743616909813e-05
leaf_weight=57388.160591215885 412.02407211530954 359.88488593674265 836.47724436979843 947.51374939200832 474.54051567288116 421.36101725895423 1982.4341524669435 620.28715301025659 415.82884776243009 2415.5639578470727 15380.64090492278
leaf_count=145267 192 485 777 710 243 1087 1837 232 407 2107 33640
internal_value=-2.91601e-14 -0.000109227 -0.000740143 3.28458e-05 9.30718e-05 -0.00044986 -0.000103105 0.000250489 -0.000265261 0.000296238 1.33642e-05
internal_weight=81654.7 8885.92 1617.72 7268.19 6856.17 1257.84 3493.09 1094.83 2398.26 3363.08 72768.8
internal_count=186984 8077 2349 5728 5536 1864 2719 475 2244 2817 178907
is_linear=0
shrinkage=0.025


Tree=180
num_leaves=12
num_cat=0
split_feature=1 15 13 17 2 14 1 0 15 13 3
split_gain=0.190014 0.418722 0.262608 0.191019 1.12296 0.934958 0.433543 0.622296 0.326458 0.49403 0.320681
threshold=5.5000000000000009 0.012304462925596057 0.37371625404731906 0.084388912018616605 3.5000000000000004 -0.91583036384466876 17.500000000000004 25.500000000000004 0.066660956585937084 0.86958133671945947 15.750000000000002
decision_type=2 2 2 2 2 2 2 2 2 2 2
left_child=1 2 -1 -2 5 10 -6 -8 -7 -10 -5
right_child=3 -3 -4 4 6 8 7 -9 9 -11 -12
leaf_value=-0.0012437782115362591 1.6596762249889562e-05 -0.0037565442745388939 0.00064121004765230021 -0.00055496239159817846 -0.00034590020267868471 0.00049541991475062755 -0.00064205070645311022 -0.0024364452613247216 -7.8501296600077912e-05 0.00056237240061055493 6.9743885614505937e-05
leaf_weight=67.61808860722283 70881.162069571088 6.0735567784868172 79.367153892688862 1655.4131006482057 1897.0010421632614 1839.8885645584705 546.16020724232294 145.04986985400319 2830.0288585833623 1001.8696832361165 734.67037827847525
leaf_count=18958 126280 221 27567 1292 3478 2959 809 356 3243 1276 545
internal_value=-1.49393e-13 -0.000827515 -0.000271055 1.75606e-06 -9.68616e-05 4.89006e-05 -0.000547781 -0.00107653 0.000223544 9.11084e-05 -0.000363953
internal_weight=81684.3 153.059 146.985 81531.2 10650.1 8061.87 2588.21 691.21 5671.79 3831.9 2390.08
internal_count=186984 46746 46525 140238 13958 9315 4643 1165 7478 4519 1837
is_linear=0
shrinkage=0.025


Tree=181
num_leaves=12
num_cat=0
split_feature=3 15 1 14 1 2 17 14 1 14 15
split_gain=0.189419 0.697679 0.637436 0.828066 1.52255 1.39546 1.30443 0.928028 0.624497 1.47772 0.624762
threshold=18.950000000000003 0.055443903142373858 16.500000000000004 -0.79354221435844496 12.500000000000002 3.5000000000000004 0.071874702022530948 0.064506059999340642 19.500000000000004 -0.8038981836306559 0.049371669029301332
decision_type=2 2 2 2 2 2 2 2 2 2 2
left_child=8 -2 3 -3 -5 7 -7 -6 -1 10 -10
right_child=1 2 -4 4 5 6 -8 -9 9 -11 -12
leaf_value=-1.8265540780659632e-06 0.00031440320421093028 0.0003134754814748207 0.00015450797379439285 0.00012436422077839127 -0.001531377386320344 0.00064257071580224112 -0.00068102286184015706 -0.00051105694985943988 -0.00055733183828427543 0.00021995524129591497 -0.0016828500800718411
leaf_weight=55735.198505855325 5222.3714700454657 1873.137642216172 7565.0263859902043 3334.9980999658565 1078.7489090840058 834.8106660706726 1001.7766154807759 1192.3313270594231 1795.9026115131746 1702.2089216195782 364.479596476187
leaf_count=117672 19883 2282 8798 5803 2620 1698 2142 2218 8690 14412 766
internal_value=2.63107e-13 6.24735e-05 -1.57451e-05 -0.000154036 -0.000272222 -0.000593252 -7.89497e-05 -0.00100484 -2.31829e-05 -0.000329747 -0.000760913
internal_weight=81701 22103.2 16880.8 9315.8 7442.67 4107.67 1836.59 2271.08 59597.8 3862.59 2160.38
internal_count=186984 45444 25561 16763 14481 8678 3840 4838 141540 23868 9456
is_linear=0
shrinkage=0.025


Tree=182
num_leaves=12
num_cat=0
split_feature=15 3 16 4 13 5 9 9 17 17 2
split_gain=0.18715 0.257036 0.188518 0.376997 0.290636 0.246658 0.351852 0.385128 0.242615 0.228077 2.01148
threshold=0.10540300011323181 6.4500000000000011 0.093147962817220584 18.950000000000003 -0.58077876009839879 1.5500000000000003 11.950000000000001 9.6500000000000004 0.027039222659767225 0.070388532358218361 3.5000000000000004
decision_type=2 2 2 2 2 2 2 2 2 2 2
left_child=2 -2 5 4 -4 9 7 -7 -5 -1 -11
right_child=1 -3 3 8 -6 6 -8 -9 -10 10 -12
leaf_value=4.7487509462870533e-05 4.0730353962320688e-05 -0.0012383960842239281 -0.0012587910470150719 0.0013829531810245154 -0.0002149572680417409 -0.00096227577038588991 -0.001638296266850159 0.00024977277942934007 0.00011857352680129041 0.00011510828923803584 -0.00032976533292669645
leaf_weight=49325.585831837387 212.75010363059118 160.40138146665413 158.45879857800901 114.13301549799507 2880.048385580827 237.02459289973126 106.4452987998186 435.73874829887563 338.89624280226417 17963.761869893526 9801.6050828420484
leaf_count=144652 252 481 139 314 4096 749 703 753 575 18824 15446
internal_value=-1.32915e-13 -0.000544137 2.6287e-06 -0.000176553 -0.000277269 1.07061e-05 -0.000426237 -0.000192703 0.000482117 1.5232e-05 -4.20633e-05
internal_weight=81734.8 373.151 81361.7 3491.54 3038.51 77870.2 779.209 672.763 453.029 77091 27765.4
internal_count=186984 733 186251 5124 4235 181127 2205 1502 889 178922 34270
is_linear=0
shrinkage=0.025


Tree=183
num_leaves=12
num_cat=0
split_feature=3 17 1 13 15 13 11 1 10 15 2
split_gain=0.186866 0.672154 0.596451 1.41688 0.709036 0.675829 0.528236 0.521719 1.21764 2.71676 0.846077
threshold=18.950000000000003 0.047523034418156279 19.500000000000004 0.33346569090932193 0.049901525898641025 -1.0000000180025095e-35 1.0000000180025095e-35 17.500000000000004 1.0000000180025095e-35 0.066906075242924273 3.5000000000000004
decision_type=2 2 2 2 2 2 2 2 2 2 2
left_child=2 -2 -1 4 -4 -6 -5 8 -3 -10 -9
right_child=1 7 3 6 5 -7 -8 10 9 -11 -12
leaf_value=-2.1605278087414727e-06 0.00061113043770473594 8.7417139053794619e-07 -0.00055966000855908705 0.00016151668358355351 -0.0032346481078805501 -0.00053934374395017627 0.0027069399490574457 0.00045174974810115415 -0.0027475357445383192 0.00045446930867290694 -0.00023362172793655575
leaf_weight=55751.89286188491 1290.7570436804672 14949.750864151632 2036.9964414336264 1562.2592831982856 111.06228785426356 121.8900060566375 32.849070270123775 3653.6384186613141 300.32340556429699 332.8837451543659 1608.3031303584576
leaf_count=117672 12447 22959 11417 11260 320 227 644 4722 1169 525 3622
internal_value=1.19249e-13 6.1996e-05 -2.30321e-05 -0.000322535 -0.000721277 -0.00197851 0.000246807 2.74393e-05 -4.52888e-05 -0.00110183 0.000242176
internal_weight=81752.6 22135.7 59616.9 3865.06 2269.95 232.952 1595.11 20844.9 15583 633.207 5261.94
internal_count=186984 45444 141540 23868 11964 547 11904 32997 24653 1694 8344
is_linear=0
shrinkage=0.025


Tree=184
num_leaves=12
num_cat=0
split_feature=15 2 13 16 14 17 13 13 13 3 0
split_gain=0.186475 1.19818 0.647493 0.633116 0.420668 0.462416 1.47493 0.907596 0.660466 0.544492 0.330784
threshold=0.089430462964697796 3.5000000000000004 -0.53798524335129183 0.067145367008347515 -0.32533003375364639 0.075134374221428851 0.32533907195844747 0.42109697129093554 -0.16705007855999701 15.65 21.000000000000004
decision_type=2 2 2 2 2 2 2 2 2 2 2
left_child=-1 2 -2 -3 5 6 8 -7 -4 -8 -5
right_child=1 3 4 10 -6 7 9 -9 -10 -11 -12
leaf_value=1.3217903665213748e-05 -0.00090710750385552749 -0.0016063457450140673 0.00058069153255584517 -0.00071817493973786925 -0.00017051761844008906 -0.00021805731608520222 -0.0011886006628625291 0.00098697665703865469 0.0018282944347547488 0.0001753028349879056 0.00013048006903523704
leaf_weight=72859.078679149156 413.74633439583704 366.14172372105531 688.72507935576141 842.14710248706615 2482.2690676597449 2034.5792273364495 265.54306807462126 462.34862423548475 443.64328053011559 497.38285214174539 422.18652986950474
leaf_count=178907 192 485 326 777 3053 775 212 430 344 396 1087
internal_value=-2.62667e-13 -0.000107768 2.98902e-05 -0.000716008 8.87519e-05 0.000235387 0.00052761 1.11449e-05 0.00109273 -0.000317652 -0.000437173
internal_weight=81777.8 8918.71 7288.24 1630.48 6874.49 4392.22 1895.29 2496.93 1132.37 762.926 1264.33
internal_count=186984 8077 5728 2349 5536 2483 1278 1205 670 608 1864
is_linear=0
shrinkage=0.025


Tree=185
num_leaves=12
num_cat=0
split_feature=1 15 14 15 1 13 2 17 13 15 15
split_gain=0.18588 0.412095 0.2535 0.190479 0.407927 0.801529 0.402195 0.213907 1.15547 0.427162 0.259276
threshold=5.5000000000000009 0.012304462925596057 -0.8140159405215136 0.013434385699316194 21.500000000000004 0.80900950266415306 1.5000000000000002 0.005195281471321922 0.38168568572378603 0.022857130274530627 0.052457211996178352
decision_type=2 2 2 2 2 2 2 2 2 2 2
left_child=1 2 -1 6 7 -6 -2 8 9 -5 -9
right_child=3 -3 -4 4 5 -7 -8 10 -10 -11 -12
leaf_value=-0.001290993103848704 -0.00069721970530714971 -0.0037248371086457443 0.00057301330298365307 -0.00031110602225909085 -0.0013737564459386986 0.0007670284668318078 0.0013905354127336346 0.00012604484595574015 0.00083772947113360452 -0.0038255521820804122 -1.0578111819871287e-05
leaf_weight=61.393915925445015 72.650469951227933 6.0620580276008686 85.604471333505955 36.867391555657377 328.7840318455128 143.82425437663915 148.40097433593655 9872.4740635666094 115.31933169308468 49.739104222273454 70901.371145244295
leaf_count=14371 3306 221 32154 631 4170 1873 6821 31701 1538 438 89760
internal_value=-1.827e-14 -0.00081846 -0.000266866 1.73392e-06 -3.42791e-07 -0.000717581 0.000703459 4.01947e-06 -0.000771075 -0.00266853 6.14751e-06
internal_weight=81822.5 153.06 146.998 81669.4 81448.4 472.608 221.051 80975.8 201.926 86.6065 80773.8
internal_count=186984 46746 46525 140238 130111 6043 10127 124068 2607 1069 121461
is_linear=0
shrinkage=0.025


Tree=186
num_leaves=12
num_cat=0
split_feature=3 15 1 14 1 2 12 14 1 14 13
split_gain=0.185401 0.655468 0.589522 0.784954 1.4267 1.31303 1.24517 0.853898 0.56913 1.36411 0.548682
threshold=18.950000000000003 0.055443903142373858 16.500000000000004 -0.79354221435844496 12.500000000000002 3.5000000000000004 1.0000000180025095e-35 0.064506059999340642 19.500000000000004 -0.86955717898714324 0.93228057993045244
decision_type=2 2 2 2 2 2 2 2 2 2 2
left_child=8 10 3 -3 -5 7 -7 -6 -1 -10 -2
right_child=1 2 -4 4 5 6 -8 -9 9 -11 -12
leaf_value=-2.5498607559687596e-06 0.00015080051488803334 0.00030814328584408796 0.00014965902063081537 0.00012214151641412824 -0.0014709214122745346 0.00079451225636657059 -0.00054946029017958488 -0.00049486342604267511 -0.00081743026543898509 0.00012026866962127215 0.00072993880710055475
leaf_weight=55804.709801606761 3851.5160262914355 1876.240899135586 7578.1281291174237 3342.0664091307026 1089.6024654681055 648.1786628661248 1193.4965128932381 1194.0668596217879 1789.2456063781865 2079.8547289075213 1379.6256947612642
leaf_count=117672 14052 2282 8798 5803 2620 1264 2576 2218 7660 16208 5831
internal_value=-1.59077e-13 6.17298e-05 -1.39736e-05 -0.000146723 -0.00026153 -0.000571443 -7.29945e-05 -0.000969295 -2.29292e-05 -0.000315339 0.000305737
internal_weight=81826.7 22152.9 16921.8 9343.65 7467.41 4125.34 1841.68 2283.67 59673.8 3869.1 5231.14
internal_count=186984 45444 25561 16763 14481 8678 3840 4838 141540 23868 19883
is_linear=0
shrinkage=0.025


Tree=187
num_leaves=12
num_cat=0
split_feature=16 14 17 2 14 1 0 15 13 0 3
split_gain=0.183963 0.235761 0.196098 1.04963 0.88758 0.40314 0.579731 0.307703 0.38213 0.355475 0.30549
threshold=0.1028218340128584 -0.90146829171281539 0.084388912018616605 3.5000000000000004 -0.91583036384466876 17.500000000000004 25.500000000000004 0.069142290583742314 0.84753307444029569 39.000000000000007 15.750000000000002
decision_type=2 2 2 2 2 2 2 2 2 2 2
left_child=2 -2 -1 4 10 -5 -7 -6 9 -9 -4
right_child=1 -3 3 5 7 6 -8 8 -10 -11 -12
leaf_value=1.8313468586015353e-05 -0.0011026912495292903 -6.4219801343620559e-05 -0.0005445653868136344 -0.00033751671232028305 0.00037579101544874406 -0.00062011916131781428 -0.0023426175072800656 -0.00041649147862824636 0.0004579981344456452 0.0003874234100438677 6.5033298576625554e-05
leaf_weight=70619.736732591002 193.67152956663631 386.45699131936999 1656.4530264243949 1890.5090577770061 3189.4787945642529 546.27212308062371 147.45043877745047 1263.7072134430637 778.90402033482678 451.84878440899774 735.17071945499629
leaf_count=171615 273 1195 1292 3427 3941 809 356 1884 1114 533 545
internal_value=-3.08652e-13 -0.0004361 3.21916e-06 -9.66257e-05 4.40136e-05 -0.000533077 -0.00104162 0.000213912 5.58716e-06 -0.000202729 -0.000358193
internal_weight=81859.7 580.129 81279.5 10659.8 8075.56 2584.23 693.723 5683.94 2494.46 1715.56 2391.62
internal_count=186984 1468 185516 13901 9309 4592 1165 7472 3531 2417 1837
is_linear=0
shrinkage=0.025


Tree=188
num_leaves=12
num_cat=0
split_feature=3 17 1 10 15 2 2 16 2 1 14
split_gain=0.182486 0.62987 0.567238 1.12987 2.70248 0.842189 1.04555 0.671772 0.996146 0.841581 0.824179
threshold=18.950000000000003 0.050904836551922718 17.500000000000004 1.0000000180025095e-35 0.066906075242924273 3.5000000000000004 4.5000000000000009 0.064245138064814092 3.5000000000000004 16.500000000000004 -0.86092912513210462
decision_type=2 2 2 2 2 2 2 2 2 2 2
left_child=-1 -2 3 7 -5 -4 -7 -3 9 10 -9
right_child=1 2 5 4 -6 6 -8 8 -10 -11 -12
leaf_value=-2.275434465166408e-05 0.0005224988955212864 0.00020397636326609749 0.00045654699202380024 -0.0028299663783696236 0.00042595864724509226 -0.00082898375967781408 0.00044284209409804992 0.0003007702379621378 0.00013452281547894507 -8.149562726983708e-06 -0.00086816230600046175
leaf_weight=59691.073347179234 1687.6699540553818 5644.112104668864 3629.3259796698112 276.46934463107027 334.74747651210055 837.39923655462917 746.29036530386657 440.65364483022131 4257.3474035559939 2055.12342075794 2275.3410067989007
leaf_count=141540 13630 9061 4600 1102 525 1264 2185 467 6945 1797 3868
internal_value=8.03286e-14 6.11897e-05 2.27341e-05 -5.41195e-05 -0.00108978 0.000247403 -0.000231606 -9.55198e-06 -0.000143194 -0.000390533 -0.000677698
internal_weight=81875.6 22184.5 20496.8 15283.8 611.217 5213.02 1583.69 14672.6 9028.47 4771.12 2715.99
internal_count=186984 45444 31814 23765 1627 8049 3449 22138 13077 6132 4335
is_linear=0
shrinkage=0.025


Tree=189
num_leaves=12
num_cat=0
split_feature=1 15 13 15 2 13 1 2 14 17 4
split_gain=0.181427 0.405501 0.243942 0.18319 1.1355 0.615825 0.607583 0.417806 0.294525 0.349261 0.299433
threshold=5.5000000000000009 0.012304462925596057 0.37371625404731906 0.089430462964697796 3.5000000000000004 -0.53798524335129183 17.500000000000004 1.5000000000000002 -0.9523422988233432 0.075643987788489672 19.550000000000004
decision_type=2 2 2 2 2 2 2 2 2 2 2
left_child=1 2 -1 -2 5 -5 -6 -7 9 -9 -10
right_child=3 -3 -4 4 6 7 -8 8 10 -11 -12
leaf_value=-0.0012011543506741679 1.4854021705497653e-05 -0.0036922384738103096 0.00061579889546124712 -0.00088254247766046494 -0.00044391112020161278 0.00028332502610937488 -0.0016405618468058266 0.00073073624709893903 -0.00038675185725003442 -0.00015238864418006112 0.00033673563426008072
leaf_weight=67.454676999302251 72790.54463441165 6.0499776918441048 79.542645386420986 415.93842541100457 1319.7253327935869 3393.1734123313836 321.05827741755638 471.98923226678744 1988.7021291661076 636.44686074927449 418.72550953947939
leaf_count=18958 132161 221 27567 192 1947 2817 402 240 1837 235 407
internal_value=1.82228e-13 -0.000808629 -0.00026197 1.71114e-06 -0.000104788 2.89515e-05 -0.000695001 8.62143e-05 -0.000104545 0.000229946 -0.000259178
internal_weight=81909.4 153.047 146.997 81756.3 8965.76 7324.98 1640.78 6909.04 3515.86 1108.44 2407.43
internal_count=186984 46746 46525 140238 8077 5728 2349 5536 2719 475 2244
is_linear=0
shrinkage=0.025


Tree=190
num_leaves=12
num_cat=0
split_feature=3 15 13 1 13 15 13 11 5 1 14
split_gain=0.179925 0.606804 0.585168 0.543094 1.31147 0.657922 0.704782 0.51071 0.412923 0.401952 0.609647
threshold=18.950000000000003 0.053490813342386659 0.823915376013162 19.500000000000004 0.33346569090932193 0.050391939129604622 1.0000000180025095e-35 1.0000000180025095e-35 0.55000000000000016 16.500000000000004 -0.79354221435844496
decision_type=2 2 2 2 2 2 2 2 2 2 2
left_child=3 2 -2 -1 5 -5 -7 8 -6 10 -3
right_child=1 9 -4 4 7 6 -8 -9 -10 -11 -12
leaf_value=-2.7037855859164291e-06 2.6464379437593886e-05 0.00027677354649682242 0.00070879565605941309 -0.00054899870291627161 0.00026858903723077913 -0.0034709306030381751 -0.00049762252942260339 0.002650199955332565 -0.0012462015251705181 0.00014739590127469429 -0.00017781714114557945
leaf_weight=55841.541787011964 1509.4449240401113 2290.2621707924409 1621.6237913618429 2078.369610521122 1461.4993852271873 86.582852513762191 108.45859126537107 33.191169950672702 101.95500242206617 7670.4653472464997 9129.905126405356
leaf_count=117672 5699 2704 11081 11508 10644 268 188 644 616 9004 16956
internal_value=-3.32818e-14 6.0697e-05 0.000382109 -2.26012e-05 -0.000308213 -0.000691489 -0.00201759 0.000239323 0.000155315 7.63724e-06 -8.63266e-05
internal_weight=81933.3 22221.7 3131.07 59711.6 3870.06 2273.41 195.041 1596.65 1563.45 19090.6 11420.2
internal_count=186984 45444 16780 141540 23868 11964 456 11904 11260 28664 19660
is_linear=0
shrinkage=0.025


Tree=191
num_leaves=12
num_cat=0
split_feature=15 3 17 2 1 0 14 15 0 3 1
split_gain=0.179332 0.246652 0.186206 1.91245 0.797344 0.907731 0.760002 0.731403 0.419996 0.341736 0.655569
threshold=0.10540300011323181 6.4500000000000011 0.08147166175580553 3.5000000000000004 17.500000000000004 25.500000000000004 -0.8038981836306559 0.085070056951265058 9.0000000000000018 13.750000000000002 17.500000000000004
decision_type=2 2 2 2 2 2 2 2 2 2 2
left_child=2 -2 -1 6 -5 8 9 -7 -6 -4 -11
right_child=1 -3 3 4 5 7 -8 -9 -10 10 -12
leaf_value=2.0033716811013936e-05 4.2713082845345089e-05 -0.0012092215128313094 -0.00029606275831820509 -0.000304910118523033 -0.001820722638907998 -0.0012097130427141509 0.00027874063937409764 -0.0042811718585093195 -0.00048040162247176113 -0.00060463925735447467 0.0004681111461167365
leaf_weight=67211.643447411523 211.95171202090569 161.42266962479334 3148.2930938217323 2427.4953844329393 165.00975485844538 153.91903405380435 5915.0521700349091 72.347360050771385 831.81691610117559 490.41569092636928 1161.2208887340967
leaf_count=167950 252 481 2211 4365 260 430 8340 197 1101 385 1012
internal_value=-1.54655e-14 -0.000532502 2.56716e-06 -7.90672e-05 -0.000571592 -0.00108746 8.9488e-05 -0.00245972 -0.00073372 -0.000143921 0.000146159
internal_weight=81950.6 373.374 81577.2 14365.6 3650.59 1223.09 10715 226.266 996.827 4799.93 1651.64
internal_count=186984 733 186251 18301 6353 1988 11948 627 1361 3608 1397
is_linear=0
shrinkage=0.025


Tree=192
num_leaves=12
num_cat=0
split_feature=16 13 15 14 17 2 14 0 1 5 3
split_gain=0.179005 0.227373 0.215397 0.187087 0.184653 0.961609 0.82177 0.378165 0.45976 0.297401 0.376816
threshold=0.1028218340128584 0.15855791680139919 0.072353054517496684 -0.038720846584669975 0.084388912018616605 3.5000000000000004 -0.91583036384466876 25.500000000000004 17.500000000000004 0.25000000000000006 4.3500000000000005
decision_type=2 2 2 2 2 2 2 2 2 2 2
left_child=4 2 -2 -3 9 6 -6 -7 -9 -1 -11
right_child=1 3 -4 -5 5 7 -8 8 -10 10 -12
leaf_value=3.2912586537959917e-05 -0.00029102609879631591 0.00060483560559421233 -0.0016653824780932724 -0.00058845035326507769 -0.00034579881433545332 -0.00035934710737255165 0.00020409136713784188 -0.00054900195230535678 -0.0021933424724922515 0.00029767204910245313 -0.00024753165216475129
leaf_weight=65075.486947387253 176.0828264632728 160.87829484883696 113.33172127074795 130.5930111828493 2396.3899839951191 2105.9605743307184 5698.911265270086 333.2218147108797 151.27095594583079 934.81354198690315 4692.190455115142
leaf_count=157733 329 381 201 557 1837 3494 7472 742 356 3178 10704
internal_value=-3.8e-13 -0.000429913 -0.00090207 6.67321e-05 3.17325e-06 -9.35887e-05 4.08605e-05 -0.000510843 -0.00112901 1.78199e-05 -0.000156224
internal_weight=81969.1 580.886 289.415 291.471 81388.2 10685.8 8095.3 2590.45 484.493 70702.5 5627
internal_count=186984 1468 530 938 185516 13901 9309 4592 1098 171615 13882
is_linear=0
shrinkage=0.025


Tree=193
num_leaves=12
num_cat=0
split_feature=1 15 14 15 2 1 14 0 17 13 15
split_gain=0.177128 0.398786 0.236107 0.182832 0.386855 0.342371 0.789059 0.234616 0.208225 1.09631 0.403444
threshold=5.5000000000000009 0.012304462925596057 -0.8140159405215136 0.012846567062331213 1.5000000000000002 21.500000000000004 -0.57022117041332276 14.500000000000002 0.005195281471321922 0.38168568572378603 0.022857130274530627
decision_type=2 2 2 2 2 2 2 2 2 2 2
left_child=1 2 -1 4 -2 8 7 -7 9 10 -5
right_child=3 -3 -4 5 -6 6 -8 -9 -10 -11 -12
leaf_value=-0.0012475282261449469 -0.000678031357404851 -0.0036592753500680857 0.00055180991301142786 -0.00034614747246160341 0.0014735971692263006 -0.000558252691617661 0.00052562296966844971 -0.0020519615317655462 5.9946105131137359e-06 0.00079588607257966004 -0.0037123808994062521
leaf_weight=61.232172117702248 66.692396554964944 6.0376174747943869 85.762447985293875 39.11113073809247 125.71984497157973 137.09710089792497 203.66860873070254 156.1799912051647 80932.56056674241 118.97418973845197 50.432199540082365
leaf_count=14371 3185 221 32154 676 6256 1537 3236 1835 121465 1610 438
internal_value=2.19014e-14 -0.000799027 -0.000257366 1.68915e-06 0.000734196 -2.16693e-07 -0.000641555 -0.00143392 3.86829e-06 -0.000749722 -0.00257371
internal_weight=81983.5 153.032 146.995 81830.4 192.412 81638 496.946 293.277 81141.1 208.518 89.5433
internal_count=186984 46746 46525 140238 9441 130797 6608 3372 124189 2724 1114
is_linear=0
shrinkage=0.025


Tree=194
num_leaves=12
num_cat=0
split_feature=16 4 13 5 9 9 15 17 2 14 0
split_gain=0.176965 0.346049 0.277995 0.233965 0.324537 0.341786 0.220781 0.213021 0.558817 1.67875 0.724395
threshold=0.093147962817220584 18.950000000000003 -0.58077876009839879 1.5500000000000003 11.950000000000001 9.6500000000000004 0.070008767168778394 0.052457211996178352 4.5000000000000009 0.11593030527547614 9.0000000000000018
decision_type=2 2 2 2 2 2 2 2 2 2 2
left_child=3 2 -2 7 5 -5 -3 8 10 -10 -1
right_child=1 6 -4 4 -6 -7 -8 -9 9 -11 -12
leaf_value=-0.00031970097472024226 -0.0012274586962613288 0.0012106870098539345 -0.00020933611764628203 -0.00090941369270377583 -0.0015721450365544327 0.00022500514228026197 6.9008526878457476e-05 -5.0373625165748197e-06 -0.00060753346552482881 0.00090851337957041525 0.00029659465221756659
leaf_weight=1393.8193630498108 159.4671824760735 140.08497071999591 2882.8213129324722 241.40968204286861 108.04228174381092 438.96276543444782 320.38552599423565 66254.030274291028 1793.8877517999363 590.82316227405227 7664.9512259628018
leaf_count=14802 139 374 4106 751 703 760 519 86561 14548 10297 53424
internal_value=-4.54248e-14 -0.000173345 -0.000270371 7.77841e-06 -0.000415333 -0.000191984 0.00045227 1.21776e-05 0.000111682 -0.000227494 0.000201274
internal_weight=81988.7 3502.76 3042.29 78485.9 788.415 680.372 460.47 77697.5 11443.5 2384.71 9058.77
internal_count=186984 5138 4245 181846 2214 1511 893 179632 93071 24845 68226
is_linear=0
shrinkage=0.025


Tree=195
num_leaves=12
num_cat=0
split_feature=3 15 1 14 15 13 13 1 14 1 2
split_gain=0.174709 0.586636 0.519537 1.25607 0.57862 0.625411 0.516785 0.514839 0.700224 1.29854 1.17691
threshold=18.950000000000003 0.055443903142373858 19.500000000000004 -0.51235243343851777 0.049371669029301332 1.0000000180025095e-35 0.93228057993045244 16.500000000000004 -0.79354221435844496 12.500000000000002 3.5000000000000004
decision_type=2 2 2 2 2 2 2 2 2 2 2
left_child=2 6 -1 4 -4 -6 -2 8 -3 -10 -11
right_child=1 7 3 -5 5 -7 -8 -9 9 10 -12
leaf_value=-2.8093496142632351e-06 0.00013994226430613619 0.00029323773164870002 -0.00044887213842201767 0.00031754205305114326 -0.0026199731153686723 -0.00063077467553098419 0.00070058478013263772 0.00014105261686333506 0.00012227157810902121 -0.00091221016209557231 -6.6398111602652314e-05
leaf_weight=55886.623269002914 3860.2241499324718 1885.5861210003604 2120.8637117460021 1331.2476559371717 156.3162214520853 265.47116063232534 1387.6466041832773 7605.2477251659147 3352.7917114521733 2304.9374467049456 1849.4796248626699
leaf_count=117672 14052 2282 10381 12632 368 487 5831 8798 5803 4838 3840
internal_value=1.7365e-13 5.97761e-05 -2.22643e-05 -0.000301474 -0.000625519 -0.00145321 0.000290285 -1.16473e-05 -0.000135324 -0.000243459 -0.00053779
internal_weight=82006.4 22245.9 59760.5 3873.9 2542.65 421.787 5247.87 16998 9392.79 7507.21 4154.42
internal_count=186984 45444 141540 23868 11236 855 19883 25561 16763 14481 8678
is_linear=0
shrinkage=0.025


Tree=196
num_leaves=12
num_cat=0
split_feature=15 3 4 1 14 15 1 0 15 16 4
split_gain=0.173577 0.23621 0.177978 0.609871 0.884535 0.649298 0.537913 0.635999 0.781631 0.646136 0.548839
threshold=0.10540300011323181 6.4500000000000011 3.4500000000000006 6.5000000000000009 0.61864848712698539 0.028850696357902859 11.500000000000002 9.0000000000000018 0.05881154980749561 0.094980515962371156 0.45000000000000007
decision_type=2 2 2 2 2 2 2 2 2 2 2
left_child=2 -2 3 4 5 -1 7 8 -5 10 -9
right_child=1 -3 -4 6 -6 -7 -8 9 -10 -11 -12
leaf_value=-0.0005277834029626823 3.7451684552147062e-05 -0.0011865054019583651 2.0586800065493296e-05 0.0010768923016979365 0.00050506513603752561 -0.0027739025455060257 -0.00019726417219539623 0.00059507394157838199 -0.00060146321896221956 -0.00049387135081917135 9.5415339511054558e-05
leaf_weight=177.28262578437898 213.28297507716343 161.32480325631332 65889.119875459815 182.31977880781051 169.99093861621805 147.68267447315156 7389.4869542492761 2259.5774902009543 1244.3618211869616 716.30169983301312 3482.437043605285
leaf_count=5541 252 481 144269 510 10364 311 15766 3641 1540 922 3387
internal_value=-1.20336e-14 -0.000523066 2.52705e-06 -7.28621e-05 -0.000919107 -0.00165019 -4.42742e-05 9.92378e-05 -0.000375059 0.000204847 0.000293422
internal_weight=82033.2 374.608 81658.6 15769.4 494.956 324.965 15274.5 7885 1426.68 6458.32 5742.01
internal_count=186984 733 186251 41982 16216 5852 25766 10000 2050 7950 7028
is_linear=0
shrinkage=0.025


Tree=197
num_leaves=12
num_cat=0
split_feature=4 17 1 10 15 10 0 2 15 1 16
split_gain=0.172936 1.00564 0.664592 0.782309 2.47495 0.693274 0.601975 0.453368 0.60975 0.622727 0.442262
threshold=18.950000000000003 0.023840450726049057 17.500000000000004 3.0000000000000004 0.066906075242924273 3.0000000000000004 39.000000000000007 3.5000000000000004 0.075134374221428851 15.500000000000002 0.069394288028604922
decision_type=2 2 2 2 2 2 2 2 2 2 2
left_child=-1 -2 3 7 -5 6 -4 -3 9 -9 -11
right_child=1 2 5 4 -6 -7 -8 8 -10 10 -12
leaf_value=-2.0084812825653027e-05 0.0014962430586173618 -0.0001179263819371242 0.00029511673011314453 -0.0030408695503444799 0.00036982612499090057 0.0017388139941670426 -0.0011394105407210226 0.0002338609877119525 -0.00013651391366151686 -0.00019351746432933245 0.0015088714354580047
leaf_weight=62817.39016793367 282.26396384900727 8492.4512236726005 4315.2863759312604 197.64353313902393 332.23031913302839 181.11330754170194 171.46182750957087 2485.3310344926431 2227.0262525848811 115.57748173945583 431.56151832279284
leaf_count=145312 8859 12842 9171 559 287 407 383 4940 3170 363 691
internal_value=2.04341e-14 6.55558e-05 4.26901e-05 -4.20327e-05 -0.000966697 0.000300982 0.000235483 -5.05245e-06 0.00017696 0.00040656 0.00115512
internal_weight=82049.3 19231.9 18949.7 14281.8 529.874 4667.86 4486.75 13751.9 5259.5 3032.47 547.139
internal_count=186984 41672 32813 22852 846 9961 9554 22006 9164 5994 1054
is_linear=0
shrinkage=0.025


Tree=198
num_leaves=12
num_cat=0
split_feature=1 15 13 15 2 13 16 2 0 14 1
split_gain=0.17441 0.390503 0.224686 0.179119 1.06125 0.592011 0.555795 0.400018 0.30577 0.278645 0.330838
threshold=5.5000000000000009 0.012304462925596057 0.37371625404731906 0.089430462964697796 3.5000000000000004 -0.53798524335129183 0.067145367008347515 1.5000000000000002 21.000000000000004 -0.9523422988233432 17.500000000000004
decision_type=2 2 2 2 2 2 2 2 2 2 2
left_child=1 2 -1 -2 5 -5 -6 -7 -8 10 -9
right_child=3 -3 -4 4 6 7 8 9 -10 -11 -12
leaf_value=-0.0011594174962280114 1.4667561429471408e-05 -0.0036241331633114849 0.00058455956944140767 -0.00086573809851650356 -0.001496773911936795 0.00027470707492972639 -0.00067861550339934937 0.00069209277264355943 0.00013438729306191119 -0.00025453873272011403 -0.00016280899482015308
leaf_weight=67.298976597559701 72920.69318479982 6.0253755126614115 79.766664319182567 417.91473948070779 374.13502815703396 3400.4568598972437 853.60920134043772 491.20992055628449 423.50248627417022 2414.0479441212956 620.14297527307644
leaf_count=18958 132161 221 27567 192 485 2817 777 243 1087 2244 232
internal_value=-6.52349e-14 -0.000792738 -0.000256764 1.67468e-06 -0.000103455 2.58737e-05 -0.000672058 8.20126e-05 -0.000411101 -0.000104354 0.000220606
internal_weight=82068.8 153.091 147.066 81915.7 8995.02 7343.77 1651.25 6925.86 1277.11 3525.4 1111.35
internal_count=186984 46746 46525 140238 8077 5728 2349 5536 1864 2719 475
is_linear=0
shrinkage=0.025


Tree=199
num_leaves=12
num_cat=0
split_feature=3 17 10 1 10 15 10 15 2 16 14
split_gain=0.172089 0.712478 0.614616 0.574505 0.856508 2.49512 0.835681 0.596788 0.906547 0.941718 1.20181
threshold=17.150000000000002 0.023355272045231603 1.0000000180025095e-35 17.500000000000004 3.0000000000000004 0.066906075242924273 3.0000000000000004 0.082282658731194377 3.5000000000000004 0.064245138064814092 -0.073092422389869308
decision_type=2 2 2 2 2 2 2 2 2 2 2
left_child=-1 2 -2 4 7 -6 -5 8 9 10 -3
right_child=1 3 -4 6 5 -7 -8 -9 -10 -11 -12
leaf_value=-2.708449799739765e-05 0.00062117094490455726 -0.00011669957197162596 0.0033450976405314144 0.00017629983511681637 -0.0029886227439410726 0.00035407978483670922 0.0017978525905264246 -0.00035319331871370529 0.00028457920319411542 -0.00032882441389667835 0.00060917492040083615
leaf_weight=52623.101756448588 322.62286369755316 4389.6345874683448 45.438445005184576 7452.3222764309612 211.85676335217431 341.41428528167307 184.44850338157266 2676.2055495408131 6397.2264425541834 5360.4495955014136 2087.785951026859
leaf_count=125768 11192 6806 1388 14582 591 299 431 3738 11255 7077 3857
internal_value=1.42653e-13 4.835e-05 0.00111252 3.4136e-05 -3.21557e-05 -0.000985507 0.000220058 -6.01434e-06 4.52692e-05 -8.43166e-05 0.000118417
internal_weight=82092.5 29469.4 368.061 29101.3 21464.6 553.271 7636.77 20911.3 18235.1 11837.9 6477.42
internal_count=186984 61216 12580 48636 33623 890 15013 32733 28995 17740 10663
is_linear=0
shrinkage=0.025


Tree=200
num_leaves=12
num_cat=0
split_feature=3 17 1 13 15 13 11 1 10 15 2
split_gain=0.172319 0.547943 0.493098 1.20952 0.582291 0.599232 0.490657 0.463806 1.0201 2.27729 0.735509
threshold=18.950000000000003 0.050904836551922718 19.500000000000004 0.33346569090932193 0.050391939129604622 1.0000000180025095e-35 1.0000000180025095e-35 17.500000000000004 1.0000000180025095e-35 0.066906075242924273 3.5000000000000004
decision_type=2 2 2 2 2 2 2 2 2 2 2
left_child=2 -2 -1 4 -4 -6 -5 8 -3 -10 -9
right_child=1 7 3 6 5 -7 -8 10 9 -11 -12
leaf_value=-3.1695163688793722e-06 0.00048769184102643426 -3.3250269945142327e-06 -0.00052630825818802919 0.00014897980354609242 -0.003194743555863229 -0.00047545052390942153 0.0025859135459377403 0.00042052819395342074 -0.0025749369309045508 0.00037985254455962024 -0.00022079987367804943
leaf_weight=55939.251426802868 1702.0262031509919 14727.320491439546 2078.58849827833 1565.5573523750336 91.130117748863995 108.33222977083642 33.566869773971121 3654.9848793906858 287.92657198337838 337.01422082819045 1591.2243215263588
leaf_count=117672 13630 22138 11508 11260 268 188 644 4600 1102 525 3449
internal_value=2.32724e-13 5.9281e-05 -2.21133e-05 -0.000294012 -0.00066167 -0.00189576 0.000231443 2.34432e-05 -4.59473e-05 -0.00101913 0.000225908
internal_weight=82116.9 22300.5 59816.4 3877.18 2278.05 199.462 1599.12 20598.5 15352.3 624.941 5246.21
internal_count=186984 45444 141540 23868 11964 456 11904 31814 23765 1627 8049
is_linear=0
shrinkage=0.025


Tree=201
num_leaves=12
num_cat=0
split_feature=17 2 14 16 5 9 9 14 9 17 4
split_gain=0.175061 0.70598 0.750323 0.28822 0.282978 0.343743 0.597026 0.462775 0.434713 0.40723 0.316623
threshold=0.086394934603782572 3.5000000000000004 -0.91583036384466876 0.045415469676416055 0.25000000000000006 11.550000000000002 12.15 -0.69014782361074134 12.750000000000002 0.06222954227053281 3.4500000000000006
decision_type=2 2 2 2 2 2 2 2 2 2 2
left_child=4 2 -2 -3 10 -6 7 9 -8 -7 -1
right_child=1 3 -4 -5 5 6 8 -9 -10 -11 -12
leaf_value=-9.1613362496245252e-05 -0.00038512890722876823 -0.0013130058145550457 0.00017877215714788615 -0.0003934322904471186 -0.00030988899653171638 0.0027851469840961111 -0.0011756499873486802 3.0523040943211887e-05 1.864466806898876e-05 0.00063799046742977616 5.2183275501848709e-05
leaf_weight=11540.162375718275 2054.3506538178772 228.14653775701299 5082.3378605642938 1846.4397367924394 3493.5307483675424 88.0733095433215 195.41980732047546 219.38095989776485 1640.6043091041847 146.3189911050722 55603.608606505346
leaf_count=34606 1541 477 6546 3188 7530 439 705 685 4721 113 126433
internal_value=7.51554e-14 -0.000102572 1.58263e-05 -0.000506131 1.29803e-05 -0.000154512 8.3176e-05 0.000874715 -0.00011977 0.00160032 2.74487e-05
internal_weight=82138.4 9211.27 7136.69 2074.59 72927.1 5783.33 2289.8 453.773 1836.02 234.392 67143.8
internal_count=186984 11752 8087 3665 175232 14193 6663 1237 5426 552 161039
is_linear=0
shrinkage=0.025


Tree=202
num_leaves=12
num_cat=0
split_feature=1 15 14 17 2 1 15 14 15 16 15
split_gain=0.171137 0.383323 0.216282 0.175397 1.7209 0.754841 0.824849 0.681126 0.329636 0.44234 0.356055
threshold=5.5000000000000009 0.012304462925596057 -0.8140159405215136 0.08147166175580553 3.5000000000000004 17.500000000000004 0.079313168250697549 -0.8038981836306559 0.067424689769864002 0.054649702480208111 0.078820975836781937
decision_type=2 2 2 2 2 2 2 2 2 2 2
left_child=1 2 -1 -2 7 -6 -7 8 9 -5 -10
right_child=3 -3 -4 4 5 6 -8 -9 10 -11 -12
leaf_value=-0.0012033962879386113 1.8557451381843045e-05 -0.0035911667372221841 0.00051924762786892669 0.00045009138426817296 -0.00028440604857000188 -0.00059808965849035361 -0.0020127267263492302 0.00026155007635183587 -0.00046492330209294604 -0.00052404179190814392 6.4149817457272905e-05
leaf_weight=61.070543088277574 67574.997867270489 6.0147961787879458 86.024945273067331 1027.722959075938 2456.1152735736541 867.09105303118122 364.62789136136416 5933.9540638224571 2147.1841720044613 384.8652673996985 1248.6692442684434
leaf_count=14371 121867 221 32154 983 4431 1349 639 8344 1526 282 817
internal_value=2.42385e-13 -0.000785223 -0.000254386 1.65718e-06 -7.74009e-05 -0.000541808 -0.00104234 8.27392e-05 -0.000138095 0.000181074 -0.000271144
internal_weight=82158.3 153.11 147.095 82005.2 14430.2 3687.83 1231.72 10742.4 4808.44 1412.59 3395.85
internal_count=186984 46746 46525 140238 18371 6419 1988 11952 3608 1265 2343
is_linear=0
shrinkage=0.025


Tree=203
num_leaves=12
num_cat=0
split_feature=15 14 4 4 1 14 15 1 0 15 16
split_gain=0.17036 0.25463 0.46439 0.191032 0.566954 0.834231 0.602451 0.494211 0.609593 0.745149 0.617138
threshold=0.1028218340128584 -0.30900554811238667 11.750000000000002 3.4500000000000006 6.5000000000000009 0.61864848712698539 0.028850696357902859 11.500000000000002 9.0000000000000018 0.05881154980749561 0.094980515962371156
decision_type=2 2 2 2 2 2 2 2 2 2 2
left_child=3 -2 -3 4 5 6 -1 8 9 -6 -10
right_child=1 2 -4 -5 7 -7 -8 -9 10 -11 -12
leaf_value=-0.00050855051096376064 -6.5607082618632026e-05 -0.00026721431613231699 -0.0024610276815560115 2.2721922076001712e-05 0.0010431036654425685 0.00049472661143376291 -0.0026655186451146505 -0.00019226923170739151 0.00028964113158827905 -0.0005897340851446671 -0.00048180780337510933
leaf_weight=176.92016932457909 720.38324126973748 208.76677644799929 68.336444693384692 65601.189177305045 183.94837484881282 170.15847115467704 150.13221321348101 7396.614691001836 5541.0072286200848 1247.5902991869953 715.32784327270929
leaf_count=5541 614 562 292 143773 510 10364 311 15736 6819 1540 922
internal_value=3.64062e-14 -0.000321481 -0.00093748 4.02821e-06 -7.46032e-05 -0.000888531 -0.00159525 -4.66338e-05 9.36196e-05 -0.000368438 0.000200182
internal_weight=82180.4 997.486 277.103 81182.9 15581.7 497.211 327.052 15084.5 7687.87 1431.54 6256.34
internal_count=186984 1468 854 185516 41743 16216 5852 25527 9791 2050 7741
is_linear=0
shrinkage=0.025


Tree=204
num_leaves=12
num_cat=0
split_feature=4 17 1 10 15 10 0 2 15 1 14
split_gain=0.169672 0.895991 0.587782 0.703048 2.03867 0.615412 0.578716 0.41977 0.567183 0.412198 1.4343
threshold=18.950000000000003 0.023840450726049057 17.500000000000004 3.0000000000000004 0.066906075242924273 3.0000000000000004 39.000000000000007 3.5000000000000004 0.082282658731194377 19.500000000000004 -0.8038981836306559
decision_type=2 2 2 2 2 2 2 2 2 2 2
left_child=9 -2 3 7 -5 6 -4 -3 -9 -1 -11
right_child=1 2 5 4 -6 -7 -8 8 -10 10 -12
leaf_value=-3.2125821473903768e-06 0.0013988140664995723 -0.00010991354819151246 0.00028241623259122131 -0.0027309758420198602 0.00032108655871599745 0.0016380596333802112 -0.0011197481243186876 0.00027372405651214879 -0.00048988483443886198 -0.00069917621824004271 0.00024893558308101889
leaf_weight=58934.132499082436 289.6665819098198 8494.7019480355102 4328.0923849020328 207.43118552397937 334.05858671013266 181.76671804394573 172.65159454196692 4593.0005675191042 681.58795465307776 2156.4591968640052 1825.9225995548804
leaf_count=120844 8859 12842 9171 559 287 407 383 7937 1227 9484 14984
internal_value=1.96116e-13 6.48402e-05 4.30458e-05 -3.65866e-05 -0.000903713 0.00028554 0.000223912 -1.2248e-06 0.000173572 -1.98868e-05 -0.000265395
internal_weight=82199.5 19283 18993.3 14310.8 541.49 4682.51 4500.74 13769.3 5274.59 62916.5 3982.38
internal_count=186984 41672 32813 22852 846 9961 9554 22006 9164 145312 24468
is_linear=0
shrinkage=0.025


Tree=205
num_leaves=12
num_cat=0
split_feature=4 17 1 10 15 10 0 2 15 1 16
split_gain=0.168272 0.847186 0.559021 0.674294 1.90646 0.585922 0.557244 0.411296 0.554105 0.577387 0.408423
threshold=18.950000000000003 0.023840450726049057 17.500000000000004 3.0000000000000004 0.066906075242924273 3.0000000000000004 39.000000000000007 3.5000000000000004 0.075134374221428851 15.500000000000002 0.069394288028604922
decision_type=2 2 2 2 2 2 2 2 2 2 2
left_child=-1 -2 3 7 -5 6 -4 -3 9 -9 -11
right_child=1 2 5 4 -6 -7 -8 8 -10 10 -12
leaf_value=-1.9807540770022462e-05 0.0013552807032642465 -0.00010727914030396956 0.00027700098671867108 -0.0026304095183665214 0.00030739111269295361 0.0016002163356514032 -0.0010979865259946125 0.00022421923279341695 -0.00012543659160759542 -0.0001934608376980212 0.0014377840862709913
leaf_weight=62922.274393744781 292.70071584499965 8492.8542413611449 4331.3815803049947 210.7272490193136 334.70228002499789 181.53107909392565 172.91359200654551 2488.8322131882869 2231.4268488943344 115.54467742354609 441.92792265105527
leaf_count=145312 8859 12842 9171 559 287 407 383 4940 3170 363 691
internal_value=2.02422e-13 6.45489e-05 4.32626e-05 -3.43944e-05 -0.000880525 0.000279656 0.000219597 3.47735e-07 0.000173291 0.0003915 0.00110469
internal_weight=82216.8 19294.5 19001.8 14316 545.43 4685.83 4504.3 13770.6 5277.73 3046.3 557.473
internal_count=186984 41672 32813 22852 846 9961 9554 22006 9164 5994 1054
is_linear=0
shrinkage=0.025


Tree=206
num_leaves=12
num_cat=0
split_feature=17 2 14 15 0 13 16 5 9 9 14
split_gain=0.169388 0.648759 0.696638 0.279731 0.320022 0.33033 0.269434 0.268002 0.329496 0.566871 0.427945
threshold=0.086394934603782572 3.5000000000000004 -0.91583036384466876 0.069142290583742314 39.000000000000007 0.86958133671945947 0.045415469676416055 0.25000000000000006 11.550000000000002 12.15 -0.69014782361074134
decision_type=2 2 2 2 2 2 2 2 2 2 2
left_child=7 2 -2 -4 5 -5 -3 -1 -9 10 -10
right_child=1 6 3 4 -6 -7 -8 8 9 -11 -12
leaf_value=2.6847944729334844e-05 -0.00037314607771095576 -0.0012622948871724474 0.00032450575134050858 -0.00046727971434076283 0.00040242011945892421 0.00039410714553871746 -0.00037777149077367024 -0.00030241051031374387 0.0015314529695088991 -0.00011660835000789682 3.0872811054218881e-05
leaf_weight=67207.94747299797 2059.6735940014478 230.93159088655375 2983.9245709721035 1103.6531421619002 651.12181635713205 352.91379358340055 1849.8825290885106 3493.5881600374496 240.85651888151233 1839.9452265292473 219.63040594753033
leaf_count=161039 1541 477 3580 1669 735 562 3188 7530 552 5426 685
internal_value=1.67155e-13 -0.000100776 1.26545e-05 0.000169569 -5.07684e-05 -0.000256062 -0.00048702 1.27686e-05 -0.000150076 8.18823e-05 0.000846823
internal_weight=82234.1 9232.1 7151.29 5091.61 2107.69 1456.57 2080.81 73002 5794.02 2300.43 460.487
internal_count=186984 11752 8087 6546 2966 2231 3665 175232 14193 6663 1237
is_linear=0
shrinkage=0.025


Tree=207
num_leaves=12
num_cat=0
split_feature=15 2 13 1 2 8 14 1 4 16 14
split_gain=0.169419 0.983837 0.560873 0.519378 0.382695 0.263534 0.259517 0.316879 0.270529 0.250216 0.39356
threshold=0.089430462964697796 3.5000000000000004 -0.53798524335129183 17.500000000000004 1.5000000000000002 30.500000000000004 -0.9523422988233432 17.500000000000004 19.550000000000004 0.06773503978809263 -0.34155811708470757
decision_type=2 2 2 2 2 2 2 2 2 2 2
left_child=-1 2 -2 9 5 -4 7 -6 -8 -3 -11
right_child=1 3 4 -5 6 -7 8 -9 -10 10 -12
leaf_value=1.2610963595724847e-05 -0.00084356576363522168 -0.001157090251123328 -8.7437497959948825e-05 -0.0015100607612801968 0.00066571957372871769 0.00040061607536807752 -0.00037051569101123502 -0.00016863755310919272 0.00031706333061883767 0.00015703652041698543 -0.00077429164387590624
leaf_weight=73219.713624577475 419.65174656827003 216.5022744697053 949.46996141132331 329.23957915348001 496.66004644520581 2464.4432042748667 1999.8017496657558 619.17674388270825 418.47103852988221 633.10589369712397 485.8022234268974
leaf_count=178907 192 242 710 402 243 2107 1837 232 407 557 1148
internal_value=-1.11241e-13 -0.000102032 2.2535e-05 -0.000647081 7.71175e-05 0.000265161 -0.000105001 0.000207919 -0.000249909 -0.000415174 -0.000253819
internal_weight=82252 9032.32 7367.67 1664.65 6948.02 3413.91 3534.11 1115.84 2418.27 1335.41 1118.91
internal_count=186984 8077 5728 2349 5536 2817 2719 475 2244 1947 1705
is_linear=0
shrinkage=0.025


Tree=208
num_leaves=12
num_cat=0
split_feature=1 15 13 16 14 17 2 1 0 15 14
split_gain=0.169485 0.375461 0.206345 0.170253 0.225499 0.183933 1.62939 0.696326 0.808981 0.654739 0.633921
threshold=5.5000000000000009 0.012304462925596057 0.37371625404731906 0.1028218340128584 -0.90146829171281539 0.08147166175580553 3.5000000000000004 17.500000000000004 25.500000000000004 0.085070056951265058 -0.8038981836306559
decision_type=2 2 2 2 2 2 2 2 2 2 2
left_child=1 2 -1 5 -5 -2 10 -8 -9 -10 -7
right_child=3 -3 -4 4 -6 6 7 8 9 -11 -12
leaf_value=-0.0011216889473232249 2.217854174220233e-05 -0.0035594226574076054 0.00054990940562631781 -0.0010684972139279579 -5.5998293472219299e-05 -0.00013328415868060433 -0.00027950653667298297 -0.00067262496933082451 -0.0011101874857758151 -0.0039593939494251898 0.00025188923408681649
leaf_weight=67.146408017815986 67086.470796747744 6.0025344048626712 80.028200096897933 194.10684002493508 390.81189129006816 4818.2895850571804 2450.6269230158796 1007.5879122309598 156.72201205906458 76.20857803337276 5944.8425935415398
leaf_count=18958 120481 221 27567 273 1195 3608 4359 1361 430 197 8334
internal_value=-3.59151e-14 -0.000781274 -0.000255689 1.64706e-06 -0.000416217 4.74586e-06 -7.60831e-05 -0.000527832 -0.00100618 -0.00228174 7.95328e-05
internal_weight=82278.8 153.177 147.175 82125.7 584.919 81540.7 14454.3 3691.15 1240.52 232.931 10763.1
internal_count=186984 46746 46525 140238 1468 138770 18289 6347 1988 627 11942
is_linear=0
shrinkage=0.025


Tree=209
num_leaves=12
num_cat=0
split_feature=15 14 4 4 1 14 16 1 0 15 16
split_gain=0.16685 0.233864 0.414122 0.188402 0.533833 0.789204 0.58867 0.472651 0.587767 0.710224 0.583529
threshold=0.1028218340128584 -0.30900554811238667 11.750000000000002 3.4500000000000006 6.5000000000000009 0.61864848712698539 0.066906075242924273 11.500000000000002 9.0000000000000018 0.05881154980749561 0.094980515962371156
decision_type=2 2 2 2 2 2 2 2 2 2 2
left_child=3 -2 -3 4 5 6 -1 8 9 -6 -10
right_child=1 2 -4 -5 7 -7 -8 -9 10 -11 -12
leaf_value=-0.0029053041181534142 -7.144095927030671e-05 -0.00025962469547220139 -0.002303131479329115 2.2550783378616837e-05 0.0010092723135758719 0.00048353000202272837 -0.00068670233912778789 -0.00018924373528942198 0.00028131120000137155 -0.00057926527261974203 -0.00046914973858935388
leaf_weight=109.07965694315624 722.17851008183789 208.26549172226805 72.150237162597477 65678.835730065955 185.56824753491674 170.3384752552671 220.00716335629113 7405.9514967262421 5557.324864516464 1250.3154572257772 714.34952339658048
leaf_count=5383 614 562 292 143773 510 10364 469 15736 6819 1540 922
internal_value=-4.21085e-14 -0.000317349 -0.000903739 3.99105e-06 -7.4013e-05 -0.000862097 -0.0015464 -4.68659e-05 9.00762e-05 -0.000362924 0.000194613
internal_weight=82294.4 1002.59 280.416 81291.8 15612.9 499.425 329.087 15113.5 7707.56 1435.88 6271.67
internal_count=186984 1468 854 185516 41743 16216 5852 25527 9791 2050 7741
is_linear=0
shrinkage=0.025


Tree=210
num_leaves=12
num_cat=0
split_feature=4 17 1 10 15 10 0 2 15 1 14
split_gain=0.166201 0.800037 0.534935 0.647632 1.78377 0.561211 0.531434 0.397352 0.52544 0.392506 1.37124
threshold=18.950000000000003 0.023840450726049057 17.500000000000004 3.0000000000000004 0.066906075242924273 3.0000000000000004 39.000000000000007 3.5000000000000004 0.082282658731194377 19.500000000000004 -0.8038981836306559
decision_type=2 2 2 2 2 2 2 2 2 2 2
left_child=9 -2 3 7 -5 6 -4 -3 -9 -1 -11
right_child=1 2 5 4 -6 -7 -8 8 -10 10 -12
leaf_value=-3.4244844937500637e-06 0.0013123595165025681 -0.00010431544958611189 0.00027182799846703728 -0.0025358283555683417 0.00029214587234552541 0.0015662130744880474 -0.0010656540519342291 0.00026762836579754905 -0.00046603757464500447 -0.00068344189819394589 0.00024352636412201101
leaf_weight=59008.639089056189 295.69581195053615 8492.2221758709093 4338.8735938967729 213.9608343928121 336.01868834998459 181.71158646605909 174.500909157563 4603.8875717748269 684.28840104700066 2156.3089385297535 1826.5073303425488
leaf_count=120844 8859 12842 9171 559 287 407 383 7937 1227 9484 14984
internal_value=-2.39452e-13 6.41042e-05 4.3346e-05 -3.26105e-05 -0.000858408 0.000274336 0.000215644 1.5436e-06 0.000171294 -1.96766e-05 -0.000259244
internal_weight=82312.6 19321.2 19025.5 14330.4 549.98 4695.09 4513.37 13780.4 5288.18 62991.5 3982.82
internal_count=186984 41672 32813 22852 846 9961 9554 22006 9164 145312 24468
is_linear=0
shrinkage=0.025


Tree=211
num_leaves=12
num_cat=0
split_feature=9 9 14 1 14 16 1 16 9 13 14
split_gain=0.16703 0.64598 0.514316 0.462755 0.351592 0.98525 0.744215 0.479941 0.346043 0.319632 0.268528
threshold=8.1500000000000004 9.0500000000000025 -0.98798606843101155 8.5000000000000018 -0.92910699518418138 0.056381711218528918 16.500000000000004 0.066906075242924273 8.7500000000000018 0.98801351631316348 -0.98208922706762081
decision_type=2 2 2 2 2 2 2 2 2 2 2
left_child=2 4 3 -1 5 -2 8 9 10 -6 -7
right_child=1 -3 -4 -5 7 6 -8 -9 -10 -11 -12
leaf_value=0.00034866904024863295 -0.00024776723434948136 -7.3555052863544012e-06 -1.7884365637041176e-05 -0.00059647176790834683 0.00026670836910085166 0.0022133607101470815 0.00020911067071562227 -0.00018744362493080361 0.00059594378255035214 0.0014446046704564876 0.0010739141790184917
leaf_weight=384.34726095102087 802.06631255882985 43040.146072948708 30299.977132376982 1708.9630549940921 2255.0761486638644 258.60299523198046 790.4895224776119 1868.8602575595723 390.75405314238742 135.65354708426139 393.86540387850255
leaf_count=1612 2407 94515 72409 2336 8889 313 434 2674 312 665 418
internal_value=-8.9636e-14 2.86765e-05 -4.41963e-05 -0.000421279 0.000252955 0.00047884 0.000795902 0.000111596 0.00122824 0.000344974 0.00157793
internal_weight=82328.8 49935.5 32393.3 2093.31 6895.37 2635.78 1833.71 4259.59 1043.22 2390.73 652.468
internal_count=186984 110627 76357 3948 16112 3884 1477 12228 1043 9554 731
is_linear=0
shrinkage=0.025


Tree=212
num_leaves=12
num_cat=0
split_feature=3 15 13 1 14 1 2 17 14 14 8
split_gain=0.164602 0.536406 0.483596 0.424768 0.613619 1.20192 1.04074 1.09348 0.735619 0.435581 0.531271
threshold=18.950000000000003 0.055443903142373858 0.93228057993045244 16.500000000000004 -0.79354221435844496 12.500000000000002 3.5000000000000004 0.072353054517496684 0.064506059999340642 0.064506059999340642 99.500000000000014
decision_type=2 2 2 2 2 2 2 2 2 2 2
left_child=-1 2 -2 4 -3 -6 8 -8 -7 10 -5
right_child=1 3 -4 9 5 6 7 -9 -10 -11 -12
leaf_value=-2.1589532422040554e-05 0.00013261582055955272 0.00027783986158551555 0.00067342433547926226 0.00013190992844429303 0.00012786366489527049 -0.0013126811972437999 0.00057461939527639057 -0.00062505534390743618 -0.00041633863715597944 -0.00014654040794959011 0.00076786997698209908
leaf_weight=59974.699555433355 3879.9222200642907 1898.7815691095329 1395.7216483955344 4189.279554648092 3377.7722265186003 1118.8726591011482 873.77776641270884 993.37927204743028 1205.5270920183975 2437.433121065842 1004.9569627596065
leaf_count=141540 14052 2282 5831 4245 5803 2620 1727 2113 2218 3165 1388
internal_value=-3.82243e-14 5.78358e-05 0.000277695 -1.02405e-05 -0.000121993 -0.00022276 -0.000504575 -6.35009e-05 -0.00085532 0.00012836 0.000257426
internal_weight=82350.1 22375.4 5275.64 17099.8 9468.11 7569.33 4191.56 1867.16 2324.4 7631.67 5194.24
internal_count=186984 45444 19883 25561 16763 14481 8678 3840 4838 8798 5633
is_linear=0
shrinkage=0.025


Tree=213
num_leaves=12
num_cat=0
split_feature=17 15 10 0 0 16 14 16 16 15 14
split_gain=0.163751 0.442191 0.280525 0.313503 0.427488 0.24067 0.207528 0.394689 0.2206 0.189051 2.25031
threshold=0.0080030463962496839 0.028850696357902859 1.0000000180025095e-35 39.000000000000007 11.500000000000002 0.070722717784098665 -0.61186373645567593 0.066403448280027408 0.061688416762412115 0.052457211996178352 -0.57022117041332276
decision_type=2 2 2 2 2 2 2 2 2 2 2
left_child=1 2 3 4 -1 -5 8 -8 -6 10 -2
right_child=9 -3 -4 5 6 -7 7 -9 -10 -11 -12
leaf_value=-0.0010609478163466236 -0.00017524072871449346 -0.0017352427609850453 0.002016405878638525 -0.00022771007860170379 -0.00029679007765779356 -0.0029231192328755275 0.00097942370005129026 -0.00088818246319016412 0.0011543523197945255 -1.0549996603015574e-05 0.00060151476301510448
leaf_weight=170.09063338986357 6445.8448501693765 101.73352811066434 17.045842887333947 45.965936366595542 82.296394531681131 24.20841923635453 93.922086947508092 167.95371199923102 206.49945183476666 71393.101269445979 3626.1424804229773
leaf_count=14675 21498 507 1354 3755 10709 177 16715 859 612 89768 26355
internal_value=6.31961e-14 -0.000329908 -0.000115321 -0.00020986 -3.50124e-05 -0.00159965 0.000307954 -0.000196396 0.00074839 3.76414e-06 0.000105047
internal_weight=82374.8 909.716 807.982 790.937 720.762 70.1744 550.672 261.876 288.796 81465.1 10072
internal_count=186984 49363 48856 47502 43570 3932 28895 17574 11321 137621 47853
is_linear=0
shrinkage=0.025


Tree=214
num_leaves=12
num_cat=0
split_feature=4 17 1 10 1 10 0 2 15 1 1
split_gain=0.16294 0.748478 0.490486 0.619681 1.69809 0.534669 0.512312 0.3843 0.501184 0.530478 0.380778
threshold=18.950000000000003 0.023840450726049057 17.500000000000004 3.0000000000000004 9.5000000000000018 3.0000000000000004 39.000000000000007 3.5000000000000004 0.075134374221428851 15.500000000000002 19.500000000000004
decision_type=2 2 2 2 2 2 2 2 2 2 2
left_child=10 -2 3 7 -5 6 -4 -3 9 -9 -1
right_child=1 2 5 4 -6 -7 -8 8 -10 -11 -12
leaf_value=-3.4819437324588558e-06 0.0012641073807774959 -0.00010000945811348196 0.00026216677062010097 0.00075744181624170896 -0.0019634995183307308 0.0015256774851080538 -0.0010512446611465869 0.00021644235010389017 -0.00011313540431525141 0.0010542275074607254 -0.0002553723814392713
leaf_weight=59044.435236381578 299.16324965121021 8502.4136899228924 4346.8876268655877 232.60575721971691 321.32109457207844 181.56613949593157 174.39479531580582 2491.6224109646846 2235.991278632544 567.92986867285799 3985.3196131438308
leaf_count=120844 8859 12842 9171 186 660 407 383 4940 3170 1054 24468
internal_value=2.89747e-13 6.34104e-05 4.32536e-05 -2.94304e-05 -0.000834339 0.000264252 0.000207099 4.04393e-06 0.000170858 0.000377793 -1.94847e-05
internal_weight=82383.7 19353.9 19054.7 14351.9 553.927 4702.85 4521.28 13798 5295.54 3059.55 63029.8
internal_count=186984 41672 32813 22852 846 9961 9554 22006 9164 5994 145312
is_linear=0
shrinkage=0.025


Tree=215
num_leaves=12
num_cat=0
split_feature=15 2 13 16 2 0 8 9 14 17 4
split_gain=0.164869 0.916665 0.534321 0.476492 0.365808 0.288156 0.250894 0.248152 0.244669 0.293522 0.251975
threshold=0.089430462964697796 3.5000000000000004 -0.53798524335129183 0.067145367008347515 1.5000000000000002 21.000000000000004 30.500000000000004 6.7500000000000009 -0.9523422988233432 0.075643987788489672 18.650000000000002
decision_type=2 2 2 2 2 2 2 2 2 2 2
left_child=-1 2 -2 -3 6 -5 7 -4 9 -6 -10
right_child=1 3 4 5 8 -7 -8 -9 10 -11 -12
leaf_value=1.2449639876573496e-05 -0.00082381412471950292 -0.0013770595799494859 0.00041610860925549598 -0.00064104454720289423 0.00064655628132827953 0.00014267152737104574 0.00038785071518234262 -0.00039883584397172947 -0.00037405205256514531 -0.00015566769483064862 0.00025017221380518813
leaf_weight=73326.659580340609 421.43153024604544 384.29794101766311 359.19907879922175 865.22600979065828 487.8623092523776 429.05103663098998 2479.9530686161015 589.46448361128569 1928.1383022756781 635.99028908181936 494.85606214241125
leaf_count=178907 192 485 293 777 240 1087 2107 417 1765 235 479
internal_value=3.80995e-13 -0.000100395 1.98203e-05 -0.000624138 7.29992e-05 -0.000383026 0.000256428 -8.80474e-05 -0.000104758 0.000197792 -0.00024556
internal_weight=82402.1 9075.47 7396.9 1678.57 6975.46 1294.28 3428.62 948.664 3546.85 1123.85 2422.99
internal_count=186984 8077 5728 2349 5536 1864 2817 710 2719 475 2244
is_linear=0
shrinkage=0.025


Tree=216
num_leaves=12
num_cat=0
split_feature=15 14 4 4 1 14 15 13 16 16 14
split_gain=0.163862 0.215367 0.369451 0.185085 0.497371 0.746909 0.546293 0.465043 0.724462 0.458482 2.58378
threshold=0.1028218340128584 -0.30900554811238667 11.750000000000002 3.4500000000000006 6.5000000000000009 0.61864848712698539 0.028850696357902859 -0.6084543315941251 0.061423949932261544 0.059423404918982702 -0.92910699518418138
decision_type=2 2 2 2 2 2 2 2 2 2 2
left_child=3 -2 -3 4 5 6 -1 8 -5 10 -9
right_child=1 2 -4 7 -6 -7 -8 9 -10 -11 -12
leaf_value=-0.00045890056379280502 -7.7242595566640049e-05 -0.00025370712064244047 -0.0021586123869581021 0.0016827656020019289 -4.7058480467912359e-05 0.00047628497018547839 -0.0024958689164337367 -0.00041880578994972723 -1.946109622265549e-05 6.8727951964077792e-05 0.00011341089383371253
leaf_weight=177.18297166355399 726.26664291240741 207.91172693518456 76.042994420742616 248.38490393611573 15135.491646841811 170.66961071500452 154.15449735708535 8608.9576171438348 372.9755587708205 39764.768685310148 16785.017824587336
leaf_count=5541 614 562 292 294 25527 10364 311 20754 246 52703 69776
internal_value=-9.36113e-14 -0.000313317 -0.000872309 3.9636e-06 -7.32898e-05 -0.00083206 -0.00149473 2.23453e-05 0.000692249 1.57465e-05 -6.72065e-05
internal_weight=82427.8 1010.22 283.955 81417.6 15637.5 502.007 331.337 65780.1 621.36 65158.7 25394
internal_count=186984 1468 854 185516 41743 16216 5852 143773 540 143233 90530
is_linear=0
shrinkage=0.025


Tree=217
num_leaves=12
num_cat=0
split_feature=16 15 17 2 14 15 0 13 5 3 8
split_gain=0.163845 0.223246 0.171988 0.592994 0.631223 0.266611 0.298486 0.316928 0.258488 0.351462 0.384053
threshold=0.1028218340128584 0.074204777919865114 0.086394934603782572 3.5000000000000004 -0.91583036384466876 0.069142290583742314 39.000000000000007 0.86958133671945947 0.25000000000000006 4.3500000000000005 81.500000000000014
decision_type=2 2 2 2 2 2 2 2 2 2 2
left_child=2 -2 8 4 -4 -6 7 -7 -1 -10 -11
right_child=1 -3 3 -5 5 6 -8 -9 9 10 -12
leaf_value=2.9824781174779808e-05 -8.7802272768422633e-05 -0.0011351393319392288 -0.00035719590010968794 -0.00046716540177675045 0.00031001249418674239 -0.00046127181737375881 0.00038153805772926316 0.0003816171942954724 0.00028810231151462452 0.00027881367151706796 -0.00032874457465172698
leaf_weight=66862.363923274344 421.76782513107173 164.52913484536111 2061.0427626937162 2085.9754817015128 2994.0750204647265 1103.4760254952125 651.79094793973491 354.01178962830454 959.46824170321543 758.50797586733006 4037.1940582670013
leaf_count=159721 1139 329 1541 3648 3580 1665 735 562 3196 1211 9657
internal_value=-3.36394e-13 -0.00040946 3.03164e-06 -9.83739e-05 1.00045e-05 0.000159118 -5.59742e-05 -0.000254147 1.59727e-05 -0.000144504 -0.000231892
internal_weight=82454.2 586.297 81867.9 9250.37 7164.4 5103.35 2109.28 1457.49 72617.5 5755.17 4795.7
internal_count=186984 1468 185516 11731 8083 6542 2962 2227 173785 14064 10868
is_linear=0
shrinkage=0.025


Tree=218
num_leaves=12
num_cat=0
split_feature=16 13 15 4 5 9 9 9 2 9 17
split_gain=0.161431 0.314256 0.289331 0.35481 0.204221 0.307588 0.303067 0.206043 0.240789 0.20173 0.201144
threshold=0.093147962817220584 -0.56668076515725019 0.068577474760113485 17.250000000000004 1.5500000000000003 11.950000000000001 9.6500000000000004 7.1500000000000012 3.5000000000000004 13.15 0.070008767168778394
decision_type=2 2 2 2 2 2 2 2 2 2 2
left_child=4 -2 3 -3 10 6 7 -6 -9 -7 -1
right_child=1 2 -4 -5 5 9 -8 8 -10 -11 -12
leaf_value=4.2132675410037993e-05 -0.0011595337156518159 8.9073259071764088e-05 -0.00023243385879153408 0.0015908137099403992 -0.00024968077518707784 -0.0026640813041457346 0.00022147483524097237 -0.0026037594523717796 -5.086110994476402e-05 -0.00049483006643246438 -4.100093872596932e-05
leaf_weight=49375.167970500479 168.30010782461613 645.9443106574472 2609.2979239588021 96.591994290938601 162.68478175524373 35.852348030522421 444.10544818943572 47.081194306815313 36.450031829917755 74.417630509113451 28774.240889364301
leaf_count=144453 152 1459 3146 381 243 293 760 388 120 410 35179
internal_value=-2.93872e-13 -0.000165159 -0.000108648 0.000321026 7.40388e-06 -0.000384936 -0.000169444 -0.000838219 -0.00171479 -0.00150085 1.15206e-05
internal_weight=82470.1 3520.13 3351.83 742.536 78950 800.591 690.321 246.216 83.5312 110.27 78149.4
internal_count=186984 5138 4986 1840 181846 2214 1511 751 508 703 179632
is_linear=0
shrinkage=0.025


Tree=219
num_leaves=12
num_cat=0
split_feature=9 9 14 1 14 16 1 16 9 13 1
split_gain=0.160784 0.61242 0.490366 0.437758 0.330252 0.898762 0.688904 0.445636 0.303597 0.299443 0.264265
threshold=8.1500000000000004 9.0500000000000025 -0.98798606843101155 8.5000000000000018 -0.92910699518418138 0.056381711218528918 16.500000000000004 0.066906075242924273 8.7500000000000018 0.98801351631316348 20.500000000000004
decision_type=2 2 2 2 2 2 2 2 2 2 2
left_child=2 4 3 -1 5 -2 8 9 -7 -6 -3
right_child=1 10 -4 -5 7 6 -8 -9 -10 -11 -12
leaf_value=0.00033470480289524992 -0.00023225803580613223 2.5519141934397403e-06 -1.7640043690661607e-05 -0.0005816251700034176 0.00025712392750568033 0.0014945014382106525 0.00019776400145379042 -0.00017901471551812914 0.00057824328028658418 0.0013873608339243376 -0.00040782831056730402
leaf_weight=387.41177625737691 800.88019058804821 42118.255872768263 30348.135329645924 1712.0702301425772 2259.8298991380593 671.21748851332814 792.73431831179187 1873.1607991663041 392.23015475342982 138.53930620531582 984.0986199173276
leaf_count=1612 2407 83468 72409 2336 8889 731 434 2674 312 665 11047
internal_value=-1.29177e-13 2.81063e-05 -4.33277e-05 -0.000410974 0.000245908 0.000463743 0.000763319 0.000108876 0.00117347 0.000333344 -7.00255e-06
internal_weight=82478.6 50030.9 32447.6 2099.48 6928.59 2657.06 1856.18 4271.53 1063.45 2398.37 43102.4
internal_count=186984 110627 76357 3948 16112 3884 1477 12228 1043 9554 94515
is_linear=0
shrinkage=0.025


Tree=220
num_leaves=12
num_cat=0
split_feature=1 17 13 15 15 2 13 1 2 8 9
split_gain=0.160745 0.376309 0.271329 0.167703 0.163865 0.875087 0.505079 0.454819 0.349196 0.23989 0.239739
threshold=5.5000000000000009 0.0083763867650405287 0.41327478071396911 0.0086821675631753685 0.089430462964697796 3.5000000000000004 -0.53798524335129183 17.500000000000004 1.5000000000000002 30.500000000000004 6.7500000000000009
decision_type=2 2 2 2 2 2 2 2 2 2 2
left_child=1 2 3 -1 -2 6 -6 -7 9 10 -8
right_child=4 -3 -4 -5 5 7 8 -9 -10 -11 -12
leaf_value=0.00016339658942617703 1.4047313525557637e-05 -0.0030683125687528735 0.00082153054896561505 -0.0020066180575852191 -0.00079913658767535747 -0.0003914908560540712 0.00040825053472521607 -0.0014051495749917908 -0.00010262451079457811 0.00037787131723483627 -0.00039187816164321977
leaf_weight=33.393740951197827 73234.98723469468 15.256926952933496 71.105534644640073 33.396349623333663 423.56919422093779 1350.0068926774438 359.97495856834212 337.91283281205688 3559.7064573222306 2489.1229285574518 590.97335016075522
leaf_count=18217 132161 2569 25196 764 192 1947 293 402 2719 2107 417
internal_value=-2.77686e-13 -0.000760919 -0.000149312 -0.00113402 1.59962e-06 -9.82647e-05 1.90755e-05 -0.000608498 7.07227e-05 0.000249655 -8.68245e-05
internal_weight=82499.4 153.153 137.896 66.7901 82346.3 9111.27 7423.35 1687.92 6999.78 3440.07 950.948
internal_count=186984 46746 44177 18981 140238 8077 5728 2349 5536 2817 710
is_linear=0
shrinkage=0.025


Tree=221
num_leaves=12
num_cat=0
split_feature=3 15 13 1 13 15 11 13 1 1 2
split_gain=0.157866 0.496314 0.454568 0.404959 1.04786 0.533687 0.470776 0.428046 0.404336 0.401601 0.58028
threshold=18.950000000000003 0.055443903142373858 0.93228057993045244 19.500000000000004 0.33346569090932193 0.049371669029301332 1.0000000180025095e-35 -1.0000000180025095e-35 14.500000000000002 16.500000000000004 3.5000000000000004
decision_type=2 2 2 2 2 2 2 2 2 2 2
left_child=3 2 8 -1 5 -5 -6 -7 -2 10 -3
right_child=1 9 -4 4 6 7 -8 -9 -10 -11 -12
leaf_value=-4.030355848456131e-06 -4.4747836843310905e-05 -0.0002926027009751096 0.00065048277904117963 -0.00044738770008110273 0.00014035103092506639 -0.0023515118016983832 0.0025171167510846118 -0.00046736697934103501 0.00050279394304709611 0.00012584495525900735 9.9659672847114521e-05
leaf_weight=56200.684974510827 2678.8056128191251 5249.8373558873936 1401.9046174411546 1968.1730343671315 1567.1290382469597 164.63621423579752 34.036516917125482 148.06772528681904 1208.0383556995002 7646.7631662959466 4250.1507401000781
leaf_count=117672 8627 9110 5831 11314 11260 378 644 272 5425 8798 7653
internal_value=-7.91654e-15 5.65574e-05 0.000267786 -2.11309e-05 -0.000267408 -0.000609423 0.000221305 -0.00154108 0.000127132 -8.83005e-06 -0.00011727
internal_weight=82518.2 22435.5 5288.75 60082.7 3882.04 2280.88 1601.17 312.704 3886.84 17146.8 9499.99
internal_count=186984 45444 19883 141540 23868 11964 11904 650 14052 25561 16763
is_linear=0
shrinkage=0.025


Tree=222
num_leaves=12
num_cat=0
split_feature=15 3 16 13 4 1 14 16 1 0 15
split_gain=0.157408 0.204677 0.336847 0.209841 0.176688 0.472121 0.707893 0.543927 0.447701 0.571861 0.675204
threshold=0.1028218340128584 6.4500000000000011 0.080213177750083062 0.7775899462189082 3.4500000000000006 6.5000000000000009 0.61864848712698539 0.065873414702268221 11.500000000000002 9.0000000000000018 0.05881154980749561
decision_type=2 2 2 2 2 2 2 2 2 2 2
left_child=4 -2 3 -3 5 6 7 -1 9 10 -7
right_child=1 2 -4 -5 -6 8 -8 -9 -10 -11 -12
leaf_value=-0.0029005921528603689 0.0001168845323845437 -0.00062163988510080634 1.4110629409360425e-05 -0.0020664532430650345 2.183618793515277e-05 0.00097225052739182923 0.00046446194837489684 -0.0007073485349299879 -0.0001845504427583417 0.00018984302327990253 -0.00057055022241631244
leaf_weight=93.447622225278565 416.55747100815643 212.91254800953902 295.3602528803749 90.232392609817907 65864.659329484202 187.43093245511409 170.89579886595607 239.79858808545396 7414.2812269278766 6296.5908672647711 1252.8674054096919
leaf_count=5315 478 348 297 345 143773 510 10364 537 15736 7741 1540
internal_value=5.31245e-14 -0.000306359 -0.00059519 -0.00115297 3.8889e-06 -7.155e-05 -0.000809265 -0.00145177 -4.59687e-05 8.6968e-05 -0.000359214
internal_weight=82535 1015.06 598.505 303.145 81520 15655.3 504.142 333.246 15151.2 7736.89 1440.3
internal_count=186984 1468 990 693 185516 41743 16216 5852 25527 9791 2050
is_linear=0
shrinkage=0.025


Tree=223
num_leaves=12
num_cat=0
split_feature=16 14 9 15 14 16 14 14 1 11 1
split_gain=0.157006 0.214753 0.165684 0.388106 0.41331 0.260935 2.95844 2.05551 1.92489 1.60485 1.17851
threshold=0.1028218340128584 -0.90146829171281539 16.250000000000004 0.053768366236379317 -0.92260537345622995 0.059423404918982702 -0.92260537345622995 -0.92260537345622995 16.500000000000004 1.0000000180025095e-35 12.500000000000002
decision_type=2 2 2 2 2 2 2 2 2 2 2
left_child=2 -2 5 4 -4 6 -1 8 10 -8 -7
right_child=1 -3 3 -5 -6 7 9 -9 -10 -11 -12
leaf_value=-0.0004108199996222451 -0.0010355715312182518 -4.9771883513953718e-05 -0.00085964649611517264 -0.00022599341511636906 0.00065748731085965822 0.00026614882623277861 0.00010362806084482865 -6.1181708011312998e-05 -9.0046234347860004e-05 0.0027695634559537561 0.00083825041003060367
leaf_weight=9470.2141715186699 195.03625033167191 392.16927289549494 118.70056031784043 4306.4898133374991 605.69788644615255 5231.5365465112263 20626.955972492895 32394.38243306856 5120.0495161279105 122.14237805859739 3967.6099299760535
leaf_count=24142 273 1195 185 7348 3933 5135 88270 46869 2930 2573 4131
internal_value=3.24734e-13 -0.000400523 2.96644e-06 -0.000135739 0.000392471 1.20698e-05 -4.51562e-05 4.90931e-05 0.000298306 0.000121973 0.000514181
internal_weight=82551 587.206 81963.8 5030.89 724.398 76932.9 30219.3 46713.6 14319.2 20749.1 9199.15
internal_count=186984 1468 185516 11466 4118 174050 114985 59065 12196 90843 9266
is_linear=0
shrinkage=0.025


Tree=224
num_leaves=12
num_cat=0
split_feature=4 17 1 10 1 15 10 0 2 15 1
split_gain=0.154469 0.69985 0.455193 0.586787 1.60961 0.541166 0.504872 0.49394 0.367307 0.468387 0.384508
threshold=18.950000000000003 0.023840450726049057 17.500000000000004 3.0000000000000004 8.5000000000000018 0.066403448280027408 3.0000000000000004 39.000000000000007 3.5000000000000004 0.082282658731194377 10.500000000000002
decision_type=2 2 2 2 2 2 2 2 2 2 2
left_child=-1 -2 3 8 -5 -6 7 -4 10 -10 -3
right_child=1 2 6 4 5 -7 -8 -9 9 -11 -12
leaf_value=-1.8946818614539993e-05 0.0012161990800137685 0.00018296996078163714 0.00025340315390968776 0.0014059734341948737 -0.0023762679137709544 -0.00055124115421576023 0.0014804846560346604 -0.0010338894902852187 0.00025849635224436338 -0.00043189378558383955 -0.00019724067620437199
leaf_weight=63188.173759898564 302.72362811889616 2241.989804777204 4357.6854458148591 137.22758023254573 217.80392252700403 204.50632990617305 181.58825628925115 175.0954173351638 4622.1541154446277 689.38984130183235 6270.0451448578387
leaf_count=145312 8859 2946 9171 106 555 185 407 383 7937 1227 9896
internal_value=6.13941e-14 6.16674e-05 4.21132e-05 -2.78386e-05 -0.000807169 -0.00155738 0.000254746 0.000199353 4.82695e-06 0.000167606 -9.69026e-05
internal_weight=82588.4 19400.2 19097.5 14383.1 559.538 422.31 4714.37 4532.78 13823.6 5311.54 8512.03
internal_count=186984 41672 32813 22852 846 740 9961 9554 22006 9164 12842
is_linear=0
shrinkage=0.025


Tree=225
num_leaves=12
num_cat=0
split_feature=17 15 10 0 0 16 14 16 16 15 14
split_gain=0.155346 0.40995 0.266435 0.304056 0.406324 0.230322 0.208759 0.373557 0.196903 0.194405 2.02391
threshold=0.0080030463962496839 0.028850696357902859 1.0000000180025095e-35 39.000000000000007 11.500000000000002 0.070722717784098665 -0.61186373645567593 0.066403448280027408 0.061688416762412115 0.052457211996178352 -0.57022117041332276
decision_type=2 2 2 2 2 2 2 2 2 2 2
left_child=1 2 3 4 -1 -5 8 -8 -6 10 -2
right_child=9 -3 -4 5 6 -7 7 -9 -10 -11 -12
leaf_value=-0.001036082429134458 -0.00015968588120154019 -0.0016733823428719799 0.0019512963358506242 -0.0002278028438063037 -0.00025546950889942155 -0.0028644894309132625 0.00093444379044460004 -0.00087957007260952612 0.0011178633398536931 -1.0827287082047433e-05 0.00057585222371557803
leaf_weight=170.07969172296873 6452.7379130715271 101.87325157457963 17.451780936846262 45.95120002250485 82.314811078063485 24.423202250152826 94.502121428056853 168.23029910866171 208.51759421202587 71596.314767915625 3641.2535528414155
leaf_count=14675 21498 507 1354 3755 10709 177 16715 859 612 89768 26355
internal_value=1.27483e-13 -0.000320702 -0.000114719 -0.000206954 -3.52198e-05 -0.00157427 0.000297695 -0.000207143 0.000737739 3.66326e-06 0.000106262
internal_weight=82603.7 913.344 811.471 794.019 723.645 70.3744 553.565 262.732 290.832 81690.3 10094
internal_count=186984 49363 48856 47502 43570 3932 28895 17574 11321 137621 47853
is_linear=0
shrinkage=0.025


Tree=226
num_leaves=12
num_cat=0
split_feature=15 3 16 13 4 13 16 1 14 16 1
split_gain=0.155439 0.197645 0.314778 0.189875 0.175146 0.442384 0.670647 0.44072 0.674576 0.522909 0.428673
threshold=0.1028218340128584 6.4500000000000011 0.080213177750083062 0.7775899462189082 3.4500000000000006 -0.6084543315941251 0.061423949932261544 6.5000000000000009 -0.7721279831368929 0.065873414702268221 10.500000000000002
decision_type=2 2 2 2 2 2 2 2 2 2 2
left_child=4 -2 3 -3 7 6 -6 8 9 -1 -9
right_child=1 2 -4 -5 5 -7 -8 10 -10 -11 -12
leaf_value=-0.0029483822127457679 0.00011296253668445563 -0.00061247075176316219 1.4312374547800825e-06 -0.0019832199372674022 0.0016133098989223268 1.5287285939054736e-05 -1.6256759404247932e-05 9.9580414811295764e-05 0.00033493699107045279 -0.00071349435577429225 -0.00016711620468253007
leaf_weight=86.223212573065325 416.47550788102672 213.15182746236678 297.834140825551 92.335211251862347 253.33255615175585 65293.987814317385 372.64822327811271 6863.0927340423696 199.01345022888097 221.00062120438088 8302.7978399738222
leaf_count=4710 478 348 297 345 294 143233 246 8268 11048 458 17259
internal_value=5.35297e-13 -0.000303736 -0.00058578 -0.00112319 3.86982e-06 2.17328e-05 0.000672755 -7.11973e-05 -0.000782505 -0.00148259 -4.64545e-05
internal_weight=82611.9 1019.8 603.321 305.487 81592.1 65920 625.981 15672.1 506.237 307.224 15165.9
internal_count=186984 1468 990 693 185516 143773 540 41743 16216 5168 25527
is_linear=0
shrinkage=0.025


Tree=227
num_leaves=12
num_cat=0
split_feature=16 13 15 4 5 9 9 9 2 17 2
split_gain=0.155208 0.300577 0.272659 0.327155 0.195178 0.291475 0.28811 0.19662 0.226267 0.195234 0.566134
threshold=0.093147962817220584 -0.58077876009839879 0.068577474760113485 17.250000000000004 1.5500000000000003 11.950000000000001 9.6500000000000004 7.1500000000000012 3.5000000000000004 0.052457211996178352 4.5000000000000009
decision_type=2 2 2 2 2 2 2 2 2 2 2
left_child=4 -2 3 -3 9 6 7 -6 -9 10 -1
right_child=1 2 -4 -5 5 -7 -8 8 -10 -11 -12
leaf_value=0.0001960450970357183 -0.0011498270212287659 8.3963368088493383e-05 -0.00022742296202812157 0.0015113494268322075 -0.00024226735080755992 -0.0014563244234867614 0.00021390556571331822 -0.0025270781441263622 -5.4410011193232839e-05 -5.1230213399016542e-06 -0.00023438994821496184
leaf_weight=9121.3508220225667 162.74396892171353 646.22632536455058 2619.1540878093219 99.422898283228278 163.00891871753981 111.43234612130345 447.13431554274069 47.597969323449107 36.525429076332372 66774.359039778239 2396.0793775876773
leaf_count=68226 139 1459 3159 381 243 703 760 388 120 86561 24845
internal_value=1.45906e-13 -0.000161774 -0.000107473 0.000308795 7.25377e-06 -0.000375105 -0.000165646 -0.000816966 -0.00167014 1.12834e-05 0.000106247
internal_weight=82625 3527.55 3364.8 745.649 79097.5 805.699 694.267 247.132 84.1234 78291.8 11517.4
internal_count=186984 5138 4999 1840 181846 2214 1511 751 508 179632 93071
is_linear=0
shrinkage=0.025


Tree=228
num_leaves=12
num_cat=0
split_feature=9 9 14 1 14 16 1 16 0 13 1
split_gain=0.153862 0.579867 0.471771 0.4114 0.310859 0.809675 0.61797 0.414307 0.284148 0.282427 0.259636
threshold=8.1500000000000004 9.0500000000000025 -0.98798606843101155 8.5000000000000018 -0.92910699518418138 0.056381711218528918 16.500000000000004 0.066906075242924273 11.500000000000002 0.98801351631316348 20.500000000000004
decision_type=2 2 2 2 2 2 2 2 2 2 2
left_child=2 4 3 -1 5 -2 8 9 -7 -6 -3
right_child=1 10 -4 -5 7 6 -8 -9 -10 -11 -12
leaf_value=0.00031708994440567785 -0.0002128150643809456 2.7404428316319328e-06 -1.715493756744798e-05 -0.00056802779847484508 0.00024751770252489047 0.0017542786824989781 0.00019322302056702588 -0.00017149612210527005 0.00082175439246269858 0.0013368596808043974 -0.00040384014135730708
leaf_weight=390.97510972105738 800.68857430115622 42188.432544913245 30392.458067684263 1715.7486337181472 2265.3304006144417 307.91353363543749 793.55934358667582 1877.1218981648562 775.9779238156043 141.0896120258476 985.01901704144257
leaf_count=1612 2407 83468 72409 2336 8889 355 434 2674 688 665 11047
internal_value=2.72152e-13 2.7462e-05 -4.23553e-05 -0.000402327 0.000238848 0.000449159 0.000730743 0.000105881 0.00111365 0.000321879 -6.71855e-06
internal_weight=82634.3 50135.1 32499.2 2106.72 6961.68 2678.14 1877.45 4283.54 1083.89 2406.42 43173.5
internal_count=186984 110627 76357 3948 16112 3884 1477 12228 1043 9554 94515
is_linear=0
shrinkage=0.025


Tree=229
num_leaves=12
num_cat=0
split_feature=3 15 13 1 2 1 13 15 1 14 14
split_gain=0.152955 0.458724 0.437308 0.399851 0.556346 1.10932 1.04443 0.673713 0.578262 0.453233 0.395171
threshold=18.950000000000003 0.055876494363603223 0.93228057993045244 16.500000000000004 3.5000000000000004 12.500000000000002 0.52707282776374187 0.075134374221428851 15.500000000000002 0.064506059999340642 0.064506059999340642
decision_type=2 2 2 2 2 2 2 2 2 2 2
left_child=-1 2 -2 4 5 -3 -7 8 -6 -8 -5
right_child=1 3 -4 10 7 6 9 -9 -10 -11 -12
leaf_value=-2.0782601430390806e-05 0.00011706622695837723 0.00013125720543703958 0.00061503040897641602 0.0002469612572011294 0.00014837034494502964 0.00012026155123957606 -0.00126085801034472 -0.0002901315756743495 0.0010625844086236574 -0.00049702796436520275 -0.00013820165379032178
leaf_weight=60180.691634579809 4133.0239754144686 2157.4841374134394 1489.8315936730096 5192.2048376157181 1955.9855353484181 845.75056447344718 1106.6715212550487 1695.4850539177423 538.41024170676246 926.30763218121183 2430.6869576128665
leaf_count=141540 14411 3342 6008 5603 3699 1113 2567 2963 866 1735 3137
internal_value=-1.34238e-13 5.56258e-05 0.000250719 -9.70089e-06 -0.000120285 -0.00029686 -0.000616407 9.23587e-05 0.000352584 -0.000921059 0.000124105
internal_weight=82652.5 22471.8 5622.86 16849 9226.09 5036.21 2878.73 4189.88 2494.4 2032.98 7622.89
internal_count=186984 45444 20419 25025 16285 8757 5415 7528 4565 4302 8740
is_linear=0
shrinkage=0.025


Tree=230
num_leaves=12
num_cat=0
split_feature=15 2 13 16 2 0 4 14 3 14 17
split_gain=0.151783 0.824739 0.480056 0.432379 0.332803 0.276178 0.230137 0.353947 0.232382 0.215996 0.268169
threshold=0.089430462964697796 3.5000000000000004 -0.53798524335129183 0.067145367008347515 1.5000000000000002 21.000000000000004 1.6500000000000001 0.708600430106059 8.7500000000000018 -0.9523422988233432 0.075643987788489672
decision_type=2 2 2 2 2 2 2 2 2 2 2
left_child=-1 2 -2 -3 6 -5 7 -4 -8 10 -6
right_child=1 3 4 5 9 -7 8 -9 -10 -11 -12
leaf_value=1.1956645364298288e-05 -0.00077748458765606828 -0.0012988321668020849 0.0011029305443664874 -0.0006108687229159287 0.00060450614781003655 0.00015365291101527822 -0.00046261636965722134 5.8656828544467819e-05 0.00021876355528424964 -0.00023344878409428381 -0.00015783410123695036
leaf_weight=73526.710741476942 426.08016387559474 392.38641433930025 410.46212820313667 874.91781045545213 498.16313584474847 430.58412535279058 342.07261557201855 388.13709208602086 2318.6259206399554 2430.1369374858914 636.09133468195796
leaf_count=178907 192 485 223 777 240 1087 215 476 1903 2244 235
internal_value=-8.38315e-14 -9.59211e-05 1.78978e-05 -0.000589715 6.82189e-05 -0.000360198 0.000242237 0.000609223 0.000128364 -0.000101078 0.000181658
internal_weight=82674.4 9147.66 7449.77 1697.89 7023.69 1305.5 3459.3 798.599 2660.7 3564.39 1134.25
internal_count=186984 8077 5728 2349 5536 1864 2817 699 2118 2719 475
is_linear=0
shrinkage=0.025


Tree=231
num_leaves=12
num_cat=0
split_feature=4 17 1 3 13 13 0 16 1 14 15
split_gain=0.151463 0.645975 0.423683 0.535843 0.540238 0.472127 0.409077 0.395464 0.337226 1.13077 0.478785
threshold=18.950000000000003 0.023840450726049057 16.500000000000004 26.150000000000002 0.96460524310950191 0.97505550290239451 9.0000000000000018 0.066143488048251681 19.500000000000004 -0.73829900574246976 0.049371669029301332
decision_type=2 2 2 2 2 2 2 2 2 2 2
left_child=8 -2 3 4 6 -6 -3 -7 -1 10 -10
right_child=1 2 -4 -5 5 7 -8 -9 9 -11 -12
leaf_value=-3.743941832991408e-06 0.0011625382320925922 0.00037935722990183968 0.00019083371650433477 -0.00042429925554758325 0.0016702365797492834 0.00072708208001321306 -0.00011264896472249946 -0.00026667397282281551 -0.00040526522437131317 0.00028903269280614123 -0.0013241336198869212
leaf_weight=59268.748146057464 307.16532889612427 1210.5088498743908 7348.2283553214802 1974.8824143096572 170.64078828098718 559.63947648648173 7443.429756603301 426.06463072332554 2034.8291363913886 1536.132240232022 419.55669701937586
leaf_count=120844 8859 2852 12613 4074 557 960 10968 789 9994 13636 838
internal_value=2.09374e-13 6.09943e-05 4.21148e-05 -5.07799e-05 2.51225e-05 0.000527827 -4.31114e-05 0.000300776 -1.87579e-05 -0.00024062 -0.000571771
internal_weight=82699.8 19440.6 19133.4 11785.2 9810.28 1156.34 8653.94 985.704 63259.3 3990.52 2454.39
internal_count=186984 41672 32813 20200 16126 2306 13820 1749 145312 24468 10832
is_linear=0
shrinkage=0.025


Tree=232
num_leaves=12
num_cat=0
split_feature=16 15 17 2 14 16 15 0 13 16 17
split_gain=0.151328 0.206416 0.160226 0.559291 0.576625 0.253164 0.24814 0.285524 0.306955 0.246968 0.496717
threshold=0.1028218340128584 0.074204777919865114 0.086394934603782572 3.5000000000000004 -0.91583036384466876 0.046046165924334283 0.069142290583742314 39.000000000000007 0.86529924138975423 0.055651964616557942 0.094980515962371156
decision_type=2 2 2 2 2 2 2 2 2 2 2
left_child=2 -2 -1 4 9 -5 -6 8 -8 -4 -11
right_child=1 -3 3 5 6 -7 7 -9 -10 10 -12
leaf_value=1.5373602219991733e-05 -8.42372281296691e-05 -0.0010888608589288522 -0.00016868817814982932 -0.0011527096557981179 0.00029789748329252133 -0.0003402568322507253 -0.00045628711918747981 0.00037270230431625122 0.0003649352553478867 -0.0014002650160677534 7.5099557411345861e-05
leaf_weight=72858.043630413114 424.26814244757406 165.33896242745686 1500.8590831926558 263.62694630341139 3002.0470804404467 1826.4290587153228 1094.0235090148635 652.85328025138006 365.28416317026131 317.46406475035474 243.65665178745985
leaf_count=173785 1139 329 1073 516 3580 3132 1645 735 582 323 145
internal_value=-2.07172e-13 -0.000392437 2.91234e-06 -9.48894e-05 1.02879e-05 -0.000452689 0.000152569 -5.48443e-05 -0.00024857 -0.00034068 -0.000779078
internal_weight=82713.9 589.607 82124.3 9266.24 7176.19 2090.06 5114.21 2112.16 1459.31 2061.98 561.121
internal_count=186984 1468 185516 11731 8083 3648 6542 2962 2227 1541 468
is_linear=0
shrinkage=0.025


Tree=233
num_leaves=12
num_cat=0
split_feature=15 3 16 13 4 13 16 16 14 13 1
split_gain=0.150945 0.189121 0.297413 0.172675 0.169848 0.42425 0.65906 0.424573 2.25497 1.72389 2.78384
threshold=0.1028218340128584 6.4500000000000011 0.080213177750083062 0.7775899462189082 3.4500000000000006 -0.6084543315941251 0.059423404918982702 0.059423404918982702 -0.92910699518418138 0.36571913681022045 16.500000000000004
decision_type=2 2 2 2 2 2 2 2 2 2 2
left_child=4 -2 3 -3 -1 6 -6 8 -7 10 -9
right_child=1 2 -4 -5 5 7 -8 9 -10 -11 -12
leaf_value=-7.0059061030522461e-05 0.00010937339961034722 -0.00060197345529894666 -2.2588378743481541e-06 -0.0019044240093603405 0.0016463716030818516 -0.00039303675051475693 1.5703652102587557e-05 0.00051160105500699146 0.00010374619836133467 -7.2874813747717207e-05 -0.00015491120077572795
leaf_weight=15692.646403003586 416.71437165257521 214.18758196453564 298.86467998812441 94.443362632999197 235.42341570835561 8619.7408693534344 394.63345776498318 10356.577972756175 16827.46790858098 23298.71423678397 6279.0117675173096
leaf_count=41743 478 348 297 345 261 20754 279 11457 69776 37363 3883
internal_value=2.03492e-13 -0.000298674 -0.000573141 -0.00109218 3.81623e-06 2.13942e-05 0.000656917 1.50709e-05 -6.47058e-05 6.59136e-05 0.000260146
internal_weight=82728.4 1024.21 607.496 308.631 81704.2 66011.6 630.057 65381.5 25447.2 39934.3 16635.6
internal_count=186984 1468 990 693 185516 143773 540 143233 90530 52703 15340
is_linear=0
shrinkage=0.025


Tree=234
num_leaves=12
num_cat=0
split_feature=17 15 10 0 0 16 14 16 15 14 0
split_gain=0.149843 0.390381 0.25694 0.294169 0.38574 0.221513 0.203487 0.355963 0.189507 1.84873 0.964081
threshold=0.0080030463962496839 0.028850696357902859 1.0000000180025095e-35 39.000000000000007 11.500000000000002 0.070722717784098665 -0.61186373645567593 0.066403448280027408 0.052457211996178352 -0.57022117041332276 39.000000000000007
decision_type=2 2 2 2 2 2 2 2 2 2 2
left_child=1 2 3 4 -1 -5 -6 -8 9 10 -2
right_child=8 -3 -4 5 6 -7 7 -9 -10 -11 -12
leaf_value=-0.0010118216196298199 -0.00024447762860707985 -0.001634067955685839 0.0019079186527487105 -0.00022516131191754933 0.00071949109143168649 -0.0028093266989335022 0.0009017035475463724 -0.00086696049315722443 -1.0691463739673167e-05 0.00055274469397120654 0.00082357887463480473
leaf_weight=170.06844846826118 5895.5671327492819 101.98832871299237 17.706670159858049 45.935688026485195 293.0034296161698 24.621566519141197 94.90695951543637 168.48059102735715 71740.882713392537 3652.3933123386596 560.4676024732762
leaf_count=14675 19591 507 1354 3755 11321 177 16715 859 89768 26355 1907
internal_value=-1.28326e-13 -0.000314402 -0.00011401 -0.000204535 -3.6044e-05 -0.00154822 0.000286975 -0.000210994 3.59725e-06 0.000104827 -0.000149499
internal_weight=82766 916.712 814.723 797.017 726.459 70.5573 556.391 263.388 81849.3 10108.4 6456.03
internal_count=186984 49363 48856 47502 43570 3932 28895 17574 137621 47853 21498
is_linear=0
shrinkage=0.025


Tree=235
num_leaves=12
num_cat=0
split_feature=1 17 13 15 15 2 1 13 2 17 14
split_gain=0.149595 0.373832 0.242394 0.161839 0.153822 0.368303 0.318364 0.645738 0.234109 0.19107 0.919586
threshold=5.5000000000000009 0.0083763867650405287 0.41327478071396911 0.0083763867650405287 0.012846567062331213 1.5000000000000002 21.500000000000004 0.80900950266415306 1.5000000000000002 0.005195281471321922 -0.88603780069526494
decision_type=2 2 2 2 2 2 2 2 2 2 2
left_child=1 2 3 -1 5 -2 9 8 -8 10 -6
right_child=4 -3 -4 -5 6 -7 7 -9 -10 -11 -12
leaf_value=0.0002776113157370148 -0.00069888351840913883 -0.0030360750455281781 0.00078487273172536123 -0.0018457291657007686 -0.0028278399908462093 0.001389345119070516 -0.0022304991986862779 0.00066685104502076185 -0.00072382192373801613 5.7527123582341023e-06 0.00040241018255033538
leaf_weight=29.327925925029035 67.00201331048811 15.186486221443941 71.403876243824698 37.281828458886594 63.140956125571392 127.14200457030893 85.284865061283199 154.63671894840081 259.22730665569907 81712.325574837247 151.25102570667514
leaf_count=18077 3185 2569 25196 904 651 6256 1141 2066 3401 121465 2073
internal_value=2.33828e-13 -0.000733955 -0.000128421 -0.00106261 1.53825e-06 0.000670702 -2.00199e-07 -0.000617341 -0.00119872 3.70956e-06 -0.000709052
internal_weight=82773.2 153.2 138.014 66.6098 82620 194.144 82425.9 499.149 344.512 81926.7 214.392
internal_count=186984 46746 44177 18981 140238 9441 130797 6608 4542 124189 2724
is_linear=0
shrinkage=0.025


Tree=236
num_leaves=12
num_cat=0
split_feature=3 13 16 1 17 1 5 13 17 14 1
split_gain=0.148665 0.793955 0.5511 0.521101 0.702938 0.462939 0.457362 0.418514 0.799168 0.839864 0.432842
threshold=8.9500000000000011 -0.35366302170025027 0.073247267507619215 6.5000000000000009 0.011148330828478133 15.500000000000002 0.8500000000000002 -0.38564912093021547 0.043651291965644774 -0.8238924869212918 8.5000000000000018
decision_type=2 2 2 2 2 2 2 2 2 2 2
left_child=3 2 -2 4 -1 7 -7 8 9 -5 -9
right_child=1 -3 -4 5 -6 6 -8 10 -10 -11 -12
leaf_value=-0.00044728357721351134 0.00028322465944746348 1.1365356432156956e-05 0.0016919078283363137 8.8795651375300424e-06 -0.0031408929875484971 -0.00020774172970264285 0.0011804775473217375 0.00014760752770663239 0.00028468507384991058 -0.0017056440549242707 -0.00020851774499495266
leaf_weight=631.26478972188215 464.2845583987073 57120.440292802261 267.30269057978876 548.87229996128008 48.468721742988237 8155.9326947326335 131.42822990211425 3519.5443258426458 6293.4938849960454 244.52882667350787 5352.5638765886724
leaf_count=19858 513 127805 287 483 470 16467 658 4772 4387 262 11022
internal_value=-3.12199e-14 2.19912e-05 0.000829246 -5.10169e-05 -0.000723637 -3.15795e-05 -0.000182937 4.71497e-05 0.000190128 -0.000548488 -6.72294e-05
internal_weight=82778.1 57852 731.587 24926.1 679.734 24246.4 8287.36 15959 7086.9 793.401 8872.11
internal_count=186984 128605 800 58379 20328 38051 17125 20926 5132 745 15794
is_linear=0
shrinkage=0.025


Tree=237
num_leaves=12
num_cat=0
split_feature=3 17 10 17 2 3 3 1 13 16 14
split_gain=0.148407 0.458004 0.472659 0.45123 1.19336 0.852332 0.83483 0.62127 1.05017 1.03983 0.740263
threshold=17.150000000000002 0.023355272045231603 1.0000000180025095e-35 0.070008767168778394 1.5000000000000002 14.15 14.050000000000002 6.5000000000000009 0.20088869483109786 0.066660956585937084 -0.94128245028753155
decision_type=2 2 2 2 2 2 2 2 2 2 2
left_child=3 2 -2 5 -5 6 7 8 9 -1 -9
right_child=1 -3 -4 4 -6 -7 -8 10 -10 -11 -12
leaf_value=-0.0022788965502094079 0.00044081100504111698 3.3035082535516275e-05 0.0026652551929268672 0.00015919443403619629 -0.00026623182498744405 -0.00021270478510650704 0.001895507263077442 0.00030300991354301448 0.00037502849211478806 -0.00030866267897533073 1.6419907549127727e-05
leaf_weight=260.26341366581005 336.39599767058246 29353.714903327666 55.98713176691524 6163.6941194904502 12349.811474292845 7228.7508095990597 139.55833025017273 8241.0789747159833 520.8636907649659 434.57143992691999 17715.105050967555
leaf_count=16255 11192 48636 1388 6146 15361 22424 876 9609 18989 1174 34934
internal_value=5.99221e-14 4.46814e-05 0.000872073 -2.50593e-05 -0.000124576 2.83227e-05 9.22264e-05 8.15772e-05 -0.000466264 -0.00108976 0.000107575
internal_weight=82799.8 29746.1 392.383 53053.7 18513.5 34540.2 27311.4 27171.9 1215.7 694.835 25956.2
internal_count=186984 61216 12580 125768 21507 104261 81837 80961 36418 17429 44543
is_linear=0
shrinkage=0.025


Tree=238
num_leaves=12
num_cat=0
split_feature=16 4 13 17 5 9 9 9 2 17 2
split_gain=0.14731 0.284186 0.216551 0.191723 0.186713 0.276105 0.273997 0.188445 0.213513 0.186069 0.543892
threshold=0.093147962817220584 18.950000000000003 -0.56668076515725019 0.026610169375962302 1.5500000000000003 11.950000000000001 9.6500000000000004 7.1500000000000012 3.5000000000000004 0.052457211996178352 4.5000000000000009
decision_type=2 2 2 2 2 2 2 2 2 2 2
left_child=4 2 -2 -3 9 6 7 -6 -9 10 -1
right_child=1 3 -4 -5 5 -7 -8 8 -10 -11 -12
leaf_value=0.00019139534079741521 -0.0010574864953545667 0.0012345108648985667 -0.00019068083405418567 0.00010475351326889511 -0.00023464967883334668 -0.0014147375375058312 0.00020709806015179559 -0.0024570392446206135 -5.5513866968134824e-05 -5.001511894154833e-06 -0.00023021713178565954
leaf_weight=9148.9634455455343 173.88640405423939 107.47584747360088 2881.5623190267361 372.9859662768431 163.32159586592917 112.31572607039004 448.73009340194659 48.078112390233933 36.481620492997457 66933.873198590503 2398.2270119151253
leaf_count=68226 152 296 4093 597 243 703 760 388 120 86561 24845
internal_value=1.68362e-13 -0.000157419 -0.000246567 0.000396708 7.05797e-06 -0.000366186 -0.00016236 -0.000796705 -0.00162975 1.09974e-05 0.000103584
internal_weight=82825.9 3535.91 3055.45 480.462 79290 808.927 696.611 247.881 84.5597 78481.1 11547.2
internal_count=186984 5138 4245 893 181846 2214 1511 751 508 179632 93071
is_linear=0
shrinkage=0.025


Tree=239
num_leaves=12
num_cat=0
split_feature=3 17 14 1 13 11 16 13 4 13 16
split_gain=0.146865 0.5407 0.386866 0.336198 1.54877 0.838796 0.542253 0.602026 0.48602 0.472285 0.340306
threshold=21.050000000000004 0.047523034418156279 -0.65187484896379932 18.500000000000004 0.047320950113892181 1.0000000180025095e-35 0.048814967258183128 -0.16705007855999701 7.6500000000000012 0.98930504265984687 0.046046165924334283
decision_type=2 2 2 2 2 2 2 2 2 2 2
left_child=3 -2 -3 -1 6 10 8 -8 -5 -7 -6
right_child=1 2 -4 4 5 9 7 -9 -10 -11 -12
leaf_value=5.1662479665509529e-06 0.00080186569519415422 0.00028445315989838359 -2.9137817496533787e-05 -0.0002635976424445604 -3.6681218256218325e-05 0.0035645222108827753 -0.0021427678650438272 -0.0002924068399105846 -0.0010303543006091413 -0.00035778297032043865 0.00047641964751873612
leaf_weight=59684.663926039022 587.11535356978129 3133.8442931366135 11142.683484759067 2157.3212055016029 3947.1005774887617 47.205207806371618 251.68885700497776 196.66405221982859 669.29717034038913 22.125523648734088 995.01658098759071
leaf_count=125449 6137 4016 19343 7868 19725 700 297 190 1952 140 1167
internal_value=-1.0045e-13 7.11311e-05 4.00003e-05 -1.5571e-05 -0.000164588 0.000111804 -0.000585643 -0.00137828 -0.000451117 0.00251294 6.81273e-05
internal_weight=82834.7 14863.6 14276.5 67971.1 8286.42 5011.45 3274.97 448.353 2826.62 69.3307 4942.12
internal_count=186984 29496 23359 157488 32039 21732 10307 487 9820 840 20892
is_linear=0
shrinkage=0.025


Tree=240
num_leaves=12
num_cat=0
split_feature=9 9 14 1 14 16 1 16 13 0 1
split_gain=0.146769 0.546446 0.448247 0.385498 0.291896 0.712508 0.550967 0.382475 0.264268 0.257484 0.248263
threshold=8.1500000000000004 9.0500000000000025 -0.98798606843101155 8.5000000000000018 -0.92910699518418138 0.056381711218528918 16.500000000000004 0.066906075242924273 0.98801351631316348 11.500000000000002 20.500000000000004
decision_type=2 2 2 2 2 2 2 2 2 2 2
left_child=2 4 3 -1 5 -2 9 8 -6 -7 -3
right_child=1 10 -4 -5 7 6 -8 -9 -10 -11 -12
leaf_value=0.00029938962682287231 -0.00018876339635894392 2.8340991538860235e-06 -1.6765206690080283e-05 -0.00055253407242648975 0.000237381074261397 0.0016510925521635437 0.00018632010313492117 -0.00016360081097028433 0.0012821444068039647 0.00077522839513732226 -0.00039445706917126108
leaf_weight=396.71951340717351 799.2073019597583 42296.54547169798 30458.487584177194 1718.7641163850712 2272.2948278652179 317.65357553586364 794.4818536862731 1882.2729511655634 144.01101439744662 787.72684317384847 986.43174516210274
leaf_count=1612 2407 83468 72409 2336 8889 355 434 2674 665 688 11047
internal_value=1.36809e-14 2.67779e-05 -4.13249e-05 -0.000391464 0.000231418 0.000434262 0.000695583 0.000102631 0.000309663 0.0010518 -6.39829e-06
internal_weight=82854.6 50280.6 32574 2115.48 6997.65 2699.07 1899.86 4298.58 2416.31 1105.38 43283
internal_count=186984 110627 76357 3948 16112 3884 1477 12228 9554 1043 94515
is_linear=0
shrinkage=0.025


Tree=241
num_leaves=12
num_cat=0
split_feature=15 3 16 15 16 4 13 16 5 8 1
split_gain=0.145578 0.177433 0.283606 0.162438 0.201089 0.165323 0.410506 0.607466 0.391581 0.47887 0.60218
threshold=0.1028218340128584 6.4500000000000011 0.080213177750083062 0.09960891350226718 0.079741578025650559 3.4500000000000006 -0.6084543315941251 0.059423404918982702 1.0000000180025095e-35 88.500000000000014 9.5000000000000018
decision_type=2 2 2 2 2 2 2 2 2 2 2
left_child=3 -2 -3 5 -5 -1 7 -7 -8 -10 -11
right_child=1 2 -4 4 -6 6 8 -9 9 10 -12
leaf_value=-7.2096920940058556e-05 0.00010273349388896378 -0.0010606567972271438 6.4111229585503478e-07 2.7060395794770229e-08 0.0010271003963395063 0.0015769202357757532 4.1276665269317841e-05 1.9525154274018921e-05 0.0001479011036601092 0.00013087881415649341 -0.00033423476245914425
leaf_weight=15593.051304209337 417.26627379225101 311.88686957361642 299.23046381154563 265.1251746492926 196.38010224013124 240.88512736653502 53144.391619690155 392.6097264084965 3141.5650055121205 2359.2008429470025 6510.120888797217
leaf_count=41558 478 693 297 436 298 261 118875 278 5144 6175 12491
internal_value=7.36696e-14 -0.000292728 -0.000557445 3.74883e-06 0.000461577 1.03978e-06 1.83911e-05 0.000641859 1.21341e-05 -0.000116667 -0.0002105
internal_weight=82871.7 1028.38 611.117 81843.3 461.505 81381.8 65788.8 633.495 65155.3 12010.9 8869.32
internal_count=186984 1468 990 185516 734 184782 143224 539 142685 23810 18666
is_linear=0
shrinkage=0.025


Tree=242
num_leaves=12
num_cat=0
split_feature=15 2 13 16 2 0 8 16 0 9 14
split_gain=0.144775 0.785636 0.457606 0.400447 0.31141 0.266304 0.224577 0.243612 0.312469 0.236257 0.227436
threshold=0.089430462964697796 3.5000000000000004 -0.53798524335129183 0.067145367008347515 1.5000000000000002 21.000000000000004 30.500000000000004 0.065373288437318683 14.500000000000002 6.7500000000000009 -0.038720846584669975
decision_type=2 2 2 2 2 2 2 2 2 2 2
left_child=-1 2 -2 -3 6 -5 9 10 -9 -4 -8
right_child=1 3 4 5 -6 -7 7 8 -10 -11 -12
leaf_value=1.1680304927006215e-05 -0.0007562907428816754 -0.0012509467495554099 0.00039806897653371089 -0.00059760868563824053 -9.7019462457038525e-05 0.00015180095469600129 0.0014115169695148389 -0.00028765841758790511 0.00041268035243256936 -0.00039325327056490461 0.00033414884892415595
leaf_weight=73689.172865046028 429.23620383208618 397.91671993827913 363.8150030886718 880.17379704860286 3577.1933360885596 431.57448250980815 219.52255805511959 524.15003446303308 1494.2889177869074 593.22409637621604 284.91967738850508
leaf_count=178907 192 485 293 777 2719 1087 307 341 1023 417 436
internal_value=-1.30323e-13 -9.34184e-05 1.7485e-05 -0.000573634 6.65527e-05 -0.000352471 0.000234291 0.000357219 0.000229778 -9.04442e-05 0.000838946
internal_weight=82885.2 9196.01 7486.35 1709.66 7057.11 1311.75 3479.92 2522.88 2018.44 957.039 504.442
internal_count=186984 8077 5728 2349 5536 1864 2817 2107 1364 710 743
is_linear=0
shrinkage=0.025


Tree=243
num_leaves=12
num_cat=0
split_feature=16 14 9 15 14 4 13 1 1 13 2
split_gain=0.144498 0.209472 0.152823 0.354625 0.384845 0.240472 0.335765 0.560827 0.768444 0.285099 0.290924
threshold=0.1028218340128584 -0.90146829171281539 16.250000000000004 0.053768366236379317 -0.92260537345622995 2.1500000000000008 -0.064507852084056308 16.500000000000004 13.500000000000002 0.93836870211866363 3.5000000000000004
decision_type=2 2 2 2 2 2 2 2 2 2 2
left_child=2 -2 -1 4 -4 -5 -7 8 -8 -10 -11
right_child=1 -3 3 5 -6 6 7 -9 9 10 -12
leaf_value=1.156278463350511e-05 -0.0010097543041499139 -3.8917976140366746e-05 -0.00083281504039988427 -0.00077177065689613142 0.00062721417313378277 0.00036952817857594336 -1.1852133458256437e-05 0.00018182024101185475 -0.00055431569662006751 -0.0018394057845142156 -0.00050492023925756977
leaf_weight=77268.73542327137 195.7095199173782 394.88086942589143 119.30875502666458 419.36755848317262 610.67913689751731 625.76303218235353 1040.7556842473559 1171.533674012986 572.31929348222934 314.8879450934466 175.17577832983858
leaf_count=174050 273 1195 185 1155 3933 833 1768 1443 1055 698 396
internal_value=-8.32771e-14 -0.00038317 2.84144e-06 -0.000130126 0.000372743 -0.00021643 -0.000153089 -0.000254594 -0.000497116 -0.000963499 -0.00140089
internal_weight=82909.1 590.59 82318.5 5049.79 729.988 4319.8 3900.44 3274.67 2103.14 1062.38 490.064
internal_count=186984 1468 185516 11466 4118 7348 6193 5360 3917 2149 1094
is_linear=0
shrinkage=0.025


Tree=244
num_leaves=12
num_cat=0
split_feature=3 15 13 8 1 2 1 13 15 1 14
split_gain=0.144746 0.413542 0.405204 0.380319 0.366863 0.526285 1.03089 0.941532 0.631215 0.540587 0.418918
threshold=18.950000000000003 0.055876494363603223 0.93228057993045244 98.500000000000014 16.500000000000004 3.5000000000000004 12.500000000000002 0.52707282776374187 0.075134374221428851 15.500000000000002 -1.0000000180025095e-35
decision_type=2 2 2 2 2 2 2 2 2 2 2
left_child=-1 2 3 -2 5 6 -3 -8 9 -7 -9
right_child=1 4 -4 -5 -6 8 7 10 -10 -11 -12
leaf_value=-2.0176009046916382e-05 0.00023644223405367578 0.00012756789582404196 0.00058852754296772735 -0.000339562403262507 0.00012021624311219265 0.00014612205232853969 0.00010671983181219813 -0.0012145472359418523 -0.00027729620130607875 0.0010260275983272507 -0.0004841622694747928
leaf_weight=60391.719971300801 3241.5956363459914 2162.7719383778713 1498.328650908993 899.30168259820084 7634.7965655493317 1959.200829002777 848.9342390582874 1086.0967991885216 1696.9775711095426 544.82865440589376 959.75628970319644
leaf_count=141540 10459 3342 6008 3952 8740 3699 1113 2531 2963 866 1771
internal_value=-7.74328e-14 5.40456e-05 0.000239007 0.000110317 -7.90674e-06 -0.000113591 -0.000284897 -0.000591822 9.30165e-05 0.000344186 -0.000879911
internal_weight=82924.3 22532.6 5639.23 4140.9 16893.4 9258.57 5057.56 2894.79 4201.01 2504.03 2045.85
internal_count=186984 45444 20419 14411 25025 16285 8757 5415 7528 4565 4302
is_linear=0
shrinkage=0.025


Tree=245
num_leaves=12
num_cat=0
split_feature=3 13 14 1 17 1 5 13 17 14 1
split_gain=0.143149 0.76023 0.516205 0.473735 0.663895 0.426627 0.432434 0.403741 0.747277 0.776707 0.414371
threshold=8.9500000000000011 -0.35366302170025027 -0.83352489619613901 6.5000000000000009 0.011148330828478133 15.500000000000002 0.8500000000000002 -0.38564912093021547 0.043651291965644774 -0.8238924869212918 8.5000000000000018
decision_type=2 2 2 2 2 2 2 2 2 2 2
left_child=3 2 -2 4 -1 7 -7 8 9 -5 -9
right_child=1 -3 -4 5 -6 6 -8 10 -10 -11 -12
leaf_value=-0.0004217487801700901 0.0014637808993434582 1.1127944238228422e-05 0.00015149582255697362 1.1637113905896749e-05 -0.0030266271774642651 -0.00020097310024075159 0.001138547235924016 0.00014138033088132067 0.0002754542015003127 -0.001626308260403071 -0.00020665259730676708
leaf_weight=632.0750267816054 357.29170465446077 57222.111661918614 382.3968731354762 548.83939124224707 49.147689082639999 8167.2330448993835 133.80970849523146 3532.0811687840596 6315.652975037694 249.72715370448714 5356.015425459871
leaf_count=19858 344 127805 456 483 470 16467 658 4772 4387 262 11022
internal_value=-7.72736e-14 2.15623e-05 0.000807217 -4.99997e-05 -0.000690645 -3.14893e-05 -0.000176696 4.39618e-05 0.000184063 -0.000527801 -6.83393e-05
internal_weight=82946.4 57961.8 739.689 24984.6 681.223 24303.4 8301.04 16002.3 7114.22 798.567 8888.1
internal_count=186984 128605 800 58379 20328 38051 17125 20926 5132 745 15794
is_linear=0
shrinkage=0.025


Tree=246
num_leaves=12
num_cat=0
split_feature=3 15 14 8 1 2 1 13 15 1 14
split_gain=0.142706 0.394348 0.390982 0.413845 0.348913 0.505961 0.976556 0.899122 0.605243 0.509532 0.485221
threshold=18.950000000000003 0.055876494363603223 -0.38961601727460732 98.500000000000014 16.500000000000004 3.5000000000000004 12.500000000000002 0.51236666743397874 0.075134374221428851 15.500000000000002 0.064506059999340642
decision_type=2 2 2 2 2 2 2 2 2 2 2
left_child=-1 2 3 -2 5 6 -3 -8 9 -7 -9
right_child=1 4 -4 -5 -6 8 7 10 -10 -11 -12
leaf_value=-2.0034675929065139e-05 0.0001902793831025417 0.00012383121062831969 0.00046757227238100358 -0.00052216016878491945 0.00011809775905749812 0.00014518720895790276 0.00016935767003079471 -0.0011786759754950113 -0.00027026626534188455 0.00099652354535385802 -0.00041679536842358767
leaf_weight=60411.533809764558 2544.3276834203625 2164.1131461143923 2483.5944283336071 616.12075346226766 7639.4902574985754 1959.6726679907915 745.31635010987338 1156.9275125587606 1695.9287349648075 549.91354231582955 998.94286620884714
leaf_count=141540 7667 3342 10376 2376 8740 3699 921 2646 2963 866 1848
internal_value=2.97864e-13 5.36328e-05 0.000234178 4.89811e-05 -6.83194e-06 -0.000109811 -0.00027763 -0.000575894 9.26746e-05 0.00033814 -0.000832727
internal_weight=82965.9 22554.3 5644.04 3160.45 16910.3 9270.81 5065.3 2901.19 4205.51 2509.59 2155.87
internal_count=186984 45444 20419 10043 25025 16285 8757 5415 7528 4565 4494
is_linear=0
shrinkage=0.025


Tree=247
num_leaves=12
num_cat=0
split_feature=3 17 14 1 13 11 16 13 4 13 1
split_gain=0.142217 0.50349 0.367341 0.311951 1.45988 0.797748 0.504704 0.550714 0.465742 0.444276 0.338053
threshold=21.050000000000004 0.047523034418156279 -0.65187484896379932 18.500000000000004 0.047320950113892181 1.0000000180025095e-35 0.048814967258183128 -0.16705007855999701 7.2500000000000009 0.98930504265984687 12.500000000000002
decision_type=2 2 2 2 2 2 2 2 2 2 2
left_child=3 -2 -3 10 6 -6 8 -8 -5 -7 -1
right_child=1 2 -4 4 5 9 7 -9 -10 -11 -12
leaf_value=-5.1289566981231973e-05 0.00077314216476564242 0.00027763232168303919 -2.7479356501630688e-05 -0.00024987363119371818 6.657859422308488e-05 0.0034321164696872334 -0.0020460575578040811 -0.00028418780130452635 -0.00099347054638705798 -0.00035236669410565621 6.778238244704274e-05
leaf_weight=31706.032920574969 590.34070232581871 3144.314443570911 11165.782427818631 2138.9396320470587 4946.0776808292649 48.714422518998617 257.34434511442669 197.03477355581708 688.23209502300961 22.209173746799934 28081.847433615843
leaf_count=92251 6137 4016 19343 7806 20892 700 297 190 2014 140 33198
internal_value=-1.66414e-14 6.99053e-05 3.98558e-05 -1.53145e-05 -0.000158755 0.000109509 -0.00056707 -0.00132624 -0.000436598 0.0024302 4.64146e-06
internal_weight=82986.9 14900.4 14310.1 68086.4 8298.55 5017 3281.55 454.379 2827.17 70.9236 59787.9
internal_count=186984 29496 23359 157488 32039 21732 10307 487 9820 840 125449
is_linear=0
shrinkage=0.025


Tree=248
num_leaves=12
num_cat=0
split_feature=15 2 13 1 2 8 16 0 9 14 3
split_gain=0.141318 0.735205 0.440095 0.393558 0.298243 0.211894 0.228636 0.299486 0.226747 0.208287 0.205121
threshold=0.089430462964697796 3.5000000000000004 -0.53798524335129183 17.500000000000004 1.5000000000000002 30.500000000000004 0.065373288437318683 14.500000000000002 6.7500000000000009 -0.038720846584669975 -1.0499999999999998
decision_type=2 2 2 2 2 2 2 2 2 2 2
left_child=10 2 -2 -3 5 8 9 -8 -4 -7 -1
right_child=1 3 4 -5 -6 6 7 -9 -10 -11 -12
leaf_value=0.00041425032826002172 -0.00074237103002538834 -0.00035370836129295779 0.00038994802238676241 -0.0012827916391083037 -9.6943544539283941e-05 0.0013473501675972947 -0.00028440715323892261 0.00040058550134600189 -0.00038506133251080146 0.00032374495935260793 7.2254243273784316e-06
leaf_weight=762.13691839056264 430.69685524841771 1370.5431821116508 363.9721039487049 349.64116887038108 3577.2039598455885 225.63855872955173 524.65994228515774 1500.3277035679203 593.73911404120736 286.09822420158889 73020.961887622616
leaf_count=5196 192 1947 293 402 2719 307 341 1023 417 436 173711
internal_value=-4.59814e-15 -9.21559e-05 1.51904e-05 -0.000555125 6.3293e-05 0.000226943 0.000345823 0.000222063 -8.85722e-05 0.000808782 1.15409e-05
internal_weight=83005.6 9222.52 7502.34 1720.18 7071.64 3494.44 2536.72 2024.99 957.711 511.737 73783.1
internal_count=186984 8077 5728 2349 5536 2817 2107 1364 710 743 178907
is_linear=0
shrinkage=0.025


Tree=249
num_leaves=12
num_cat=0
split_feature=3 17 14 1 1 4 0 8 15 3 4
split_gain=0.138891 0.478522 0.357726 0.305548 0.608334 0.759876 0.416968 0.345567 0.31728 0.316486 0.384127
threshold=21.050000000000004 0.047523034418156279 -0.65187484896379932 16.500000000000004 12.500000000000002 23.350000000000005 4.0000000000000009 99.500000000000014 0.083711911372444062 25.150000000000002 25.450000000000003
decision_type=2 2 2 2 2 2 2 2 2 2 2
left_child=-1 -2 -3 4 6 -6 -4 -5 -9 10 -7
right_child=1 2 3 7 5 9 -8 8 -10 -11 -12
leaf_value=-1.5130196141308601e-05 0.00075349821841448714 0.0002742181022095484 0.0010104019017431161 2.3262548236727617e-05 8.5537774049446465e-05 -0.00081054590494017149 2.5879611755606185e-05 0.0003077495159793265 0.0014541461410223638 -0.00047642998687434424 -0.0025774927679288648
leaf_weight=68120.669798715113 592.3202364386234 3147.9378778283717 277.99293640372343 3750.9878510225099 1420.17207653285 420.55609651387203 2762.6485865332652 692.14124253718182 179.33287800883409 1576.4184555503307 86.488180526997894
leaf_count=157488 6137 4016 645 5364 2578 916 4691 1346 235 3288 280
internal_value=-5.9441e-14 6.90683e-05 3.97358e-05 -2.67376e-05 -0.000136473 -0.000360127 0.000121905 0.00012854 0.000570987 -0.000661835 -0.00119831
internal_weight=83027.7 14907 14314.7 11166.7 6544.28 3503.63 3040.64 4622.46 871.474 2083.46 507.044
internal_count=186984 29496 23359 19343 12398 7062 5336 6945 1581 4484 1196
is_linear=0
shrinkage=0.025


end of trees

feature_importances:
hour=520
annual_sin=333
prior_share=319
annual_cos=297
prior_neighbor_1=240
dow=238
apparent_temperature=194
prior_neighbor_-1=149
temperature_2m=121
precipitation=82
network_regime=71
route=65
wind_speed_10m=55
cloud_cover=49
holiday=14
kind=3

parameters:
[boosting: gbdt]
[objective: custom]
[metric: custom]
[tree_learner: serial]
[device_type: cpu]
[data_sample_strategy: bagging]
[data: ]
[valid: ]
[num_iterations: 250]
[learning_rate: 0.025]
[num_leaves: 12]
[num_threads: 2]
[seed: 42]
[deterministic: 1]
[force_col_wise: 1]
[force_row_wise: 0]
[histogram_pool_size: -1]
[max_depth: -1]
[min_data_in_leaf: 200]
[min_sum_hessian_in_leaf: 0.001]
[bagging_fraction: 1]
[pos_bagging_fraction: 1]
[neg_bagging_fraction: 1]
[bagging_freq: 0]
[bagging_seed: 400]
[bagging_by_query: 0]
[feature_fraction: 1]
[feature_fraction_bynode: 1]
[feature_fraction_seed: 30056]
[extra_trees: 0]
[extra_seed: 12879]
[early_stopping_round: 0]
[early_stopping_min_delta: 0]
[first_metric_only: 0]
[max_delta_step: 0]
[lambda_l1: 0]
[lambda_l2: 20]
[linear_lambda: 0]
[min_gain_to_split: 0]
[drop_rate: 0.1]
[max_drop: 50]
[skip_drop: 0.5]
[xgboost_dart_mode: 0]
[uniform_drop: 0]
[drop_seed: 17869]
[top_rate: 0.2]
[other_rate: 0.1]
[min_data_per_group: 100]
[max_cat_threshold: 32]
[cat_l2: 10]
[cat_smooth: 10]
[max_cat_to_onehot: 4]
[top_k: 20]
[monotone_constraints: ]
[monotone_constraints_method: basic]
[monotone_penalty: 0]
[feature_contri: ]
[forcedsplits_filename: ]
[refit_decay_rate: 0.9]
[cegb_tradeoff: 1]
[cegb_penalty_split: 0]
[cegb_penalty_feature_lazy: ]
[cegb_penalty_feature_coupled: ]
[path_smooth: 0]
[interaction_constraints: ]
[verbosity: -1]
[saved_feature_importance_type: 0]
[use_quantized_grad: 0]
[num_grad_quant_bins: 4]
[quant_train_renew_leaf: 0]
[stochastic_rounding: 1]
[linear_tree: 0]
[max_bin: 255]
[max_bin_by_feature: ]
[min_data_in_bin: 3]
[bin_construct_sample_cnt: 200000]
[data_random_seed: 175]
[is_enable_sparse: 1]
[enable_bundle: 1]
[use_missing: 1]
[zero_as_missing: 0]
[feature_pre_filter: 1]
[pre_partition: 0]
[two_round: 0]
[header: 0]
[label_column: ]
[weight_column: ]
[group_column: ]
[ignore_column: ]
[categorical_feature: ]
[forcedbins_filename: ]
[precise_float_parser: 0]
[parser_config_file: ]
[objective_seed: 16083]
[num_class: 1]
[is_unbalance: 0]
[scale_pos_weight: 1]
[sigmoid: 1]
[boost_from_average: 1]
[reg_sqrt: 0]
[alpha: 0.9]
[fair_c: 1]
[poisson_max_delta_step: 0.7]
[tweedie_variance_power: 1.5]
[lambdarank_truncation_level: 30]
[lambdarank_norm: 1]
[label_gain: ]
[lambdarank_position_bias_regularization: 0]
[eval_at: ]
[multi_error_top_k: 1]
[auc_mu_weights: ]
[num_machines: 1]
[local_listen_port: 12400]
[time_out: 120]
[machine_list_filename: ]
[machines: ]
[gpu_platform_id: -1]
[gpu_device_id: -1]
[gpu_use_dp: 0]
[num_gpu: 1]

end of parameters

pandas_categorical:[]
