route;date;hour;prediction
1;2025-11-01;0;0
1;2025-11-01;1;0
1;2025-11-01;2;0
1;2025-11-01;3;0
1;2025-11-01;4;0
1;2025-11-01;5;0
1;2025-11-01;6;0
1;2025-11-01;7;0
1;2025-11-01;8;0
1;2025-11-01;9;0
1;2025-11-01;10;0
1;2025-11-01;11;0
1;2025-11-01;12;0
1;2025-11-01;13;0
1;2025-11-01;14;0
1;2025-11-01;15;0
1;2025-11-01;16;0
1;2025-11-01;17;0
1;2025-11-01;18;0
1;2025-11-01;19;0
1;2025-11-01;20;0
1;2025-11-01;21;0
1;2025-11-01;22;0
1;2025-11-01;23;0
1;2025-11-02;0;0
1;2025-11-02;1;0
1;2025-11-02;2;0
1;2025-11-02;3;0
1;2025-11-02;4;0
1;2025-11-02;5;0
1;2025-11-02;6;0
1;2025-11-02;7;0
1;2025-11-02;8;0
1;2025-11-02;9;0
1;2025-11-02;10;0
1;2025-11-02;11;0
1;2025-11-02;12;0
1;2025-11-02;13;0
1;2025-11-02;14;0
1;2025-11-02;15;0
1;2025-11-02;16;0
1;2025-11-02;17;0
1;2025-11-02;18;0
1;2025-11-02;19;0
1;2025-11-02;20;0
1;2025-11-02;21;0
1;2025-11-02;22;0
1;2025-11-02;23;0
1;2025-11-03;0;0
1;2025-11-03;1;0
1;2025-11-03;2;0
1;2025-11-03;3;0
1;2025-11-03;4;0
1;2025-11-03;5;0
1;2025-11-03;6;0
1;2025-11-03;7;0
1;2025-11-03;8;0
1;2025-11-03;9;0
1;2025-11-03;10;0
1;2025-11-03;11;0
1;2025-11-03;12;0
1;2025-11-03;13;0
1;2025-11-03;14;0
1;2025-11-03;15;0
1;2025-11-03;16;0
1;2025-11-03;17;0
1;2025-11-03;18;0
1;2025-11-03;19;0
1;2025-11-03;20;0
1;2025-11-03;21;0
1;2025-11-03;22;0
1;2025-11-03;23;0
1;2025-11-04;0;0
1;2025-11-04;1;0
1;2025-11-04;2;0
1;2025-11-04;3;0
1;2025-11-04;4;0
1;2025-11-04;5;0
1;2025-11-04;6;0
1;2025-11-04;7;0
1;2025-11-04;8;0
1;2025-11-04;9;0
1;2025-11-04;10;0
1;2025-11-04;11;0
1;2025-11-04;12;0
1;2025-11-04;13;0
1;2025-11-04;14;0
1;2025-11-04;15;0
1;2025-11-04;16;0
1;2025-11-04;17;0
1;2025-11-04;18;0
1;2025-11-04;19;0
1;2025-11-04;20;0
1;2025-11-04;21;0
1;2025-11-04;22;0
1;2025-11-04;23;0
1;2025-11-05;0;0
1;2025-11-05;1;0
1;2025-11-05;2;0
1;2025-11-05;3;0
1;2025-11-05;4;0
1;2025-11-05;5;0
1;2025-11-05;6;0
1;2025-11-05;7;0
1;2025-11-05;8;0
1;2025-11-05;9;0
1;2025-11-05;10;0
1;2025-11-05;11;0
1;2025-11-05;12;0
1;2025-11-05;13;0
1;2025-11-05;14;0
1;2025-11-05;15;0
1;2025-11-05;16;0
1;2025-11-05;17;0
1;2025-11-05;18;0
1;2025-11-05;19;0
1;2025-11-05;20;0
1;2025-11-05;21;0
1;2025-11-05;22;0
1;2025-11-05;23;0
1;2025-11-06;0;0
1;2025-11-06;1;0
1;2025-11-06;2;0
1;2025-11-06;3;0
1;2025-11-06;4;0
1;2025-11-06;5;0
1;2025-11-06;6;0
1;2025-11-06;7;0
1;2025-11-06;8;0
1;2025-11-06;9;0
1;2025-11-06;10;0
1;2025-11-06;11;0
1;2025-11-06;12;0
1;2025-11-06;13;0
1;2025-11-06;14;0
1;2025-11-06;15;0
1;2025-11-06;16;0
1;2025-11-06;17;0
1;2025-11-06;18;0
1;2025-11-06;19;0
1;2025-11-06;20;0
1;2025-11-06;21;0
1;2025-11-06;22;0
1;2025-11-06;23;0
1;2025-11-07;0;0
1;2025-11-07;1;0
1;2025-11-07;2;0
1;2025-11-07;3;0
1;2025-11-07;4;0
1;2025-11-07;5;0
1;2025-11-07;6;0
1;2025-11-07;7;0
1;2025-11-07;8;0
1;2025-11-07;9;0
1;2025-11-07;10;0
1;2025-11-07;11;0
1;2025-11-07;12;0
1;2025-11-07;13;0
1;2025-11-07;14;0
1;2025-11-07;15;0
1;2025-11-07;16;0
1;2025-11-07;17;0
1;2025-11-07;18;0
1;2025-11-07;19;0
1;2025-11-07;20;0
1;2025-11-07;21;0
1;2025-11-07;22;0
1;2025-11-07;23;0
1;2025-11-08;0;0
1;2025-11-08;1;0
1;2025-11-08;2;0
1;2025-11-08;3;0
1;2025-11-08;4;0
1;2025-11-08;5;0
1;2025-11-08;6;0
1;2025-11-08;7;0
1;2025-11-08;8;0
1;2025-11-08;9;0
1;2025-11-08;10;0
1;2025-11-08;11;0
1;2025-11-08;12;0
1;2025-11-08;13;0
1;2025-11-08;14;0
1;2025-11-08;15;0
1;2025-11-08;16;0
1;2025-11-08;17;0
1;2025-11-08;18;0
1;2025-11-08;19;0
1;2025-11-08;20;0
1;2025-11-08;21;0
1;2025-11-08;22;0
1;2025-11-08;23;0
1;2025-11-09;0;0
1;2025-11-09;1;0
1;2025-11-09;2;0
1;2025-11-09;3;0
1;2025-11-09;4;0
1;2025-11-09;5;0
1;2025-11-09;6;0
1;2025-11-09;7;0
1;2025-11-09;8;0
1;2025-11-09;9;0
1;2025-11-09;10;0
1;2025-11-09;11;0
1;2025-11-09;12;0
1;2025-11-09;13;0
1;2025-11-09;14;0
1;2025-11-09;15;0
1;2025-11-09;16;0
1;2025-11-09;17;0
1;2025-11-09;18;0
1;2025-11-09;19;0
1;2025-11-09;20;0
1;2025-11-09;21;0
1;2025-11-09;22;0
1;2025-11-09;23;0
1;2025-11-10;0;0
1;2025-11-10;1;0
1;2025-11-10;2;0
1;2025-11-10;3;0
1;2025-11-10;4;0
1;2025-11-10;5;0
1;2025-11-10;6;0
1;2025-11-10;7;0
1;2025-11-10;8;0
1;2025-11-10;9;0
1;2025-11-10;10;0
1;2025-11-10;11;0
1;2025-11-10;12;0
1;2025-11-10;13;0
1;2025-11-10;14;0
1;2025-11-10;15;0
1;2025-11-10;16;0
1;2025-11-10;17;0
1;2025-11-10;18;0
1;2025-11-10;19;0
1;2025-11-10;20;0
1;2025-11-10;21;0
1;2025-11-10;22;0
1;2025-11-10;23;0
1;2025-11-11;0;0
1;2025-11-11;1;0
1;2025-11-11;2;0
1;2025-11-11;3;0
1;2025-11-11;4;0
1;2025-11-11;5;0
1;2025-11-11;6;0
1;2025-11-11;7;0
1;2025-11-11;8;0
1;2025-11-11;9;0
1;2025-11-11;10;0
1;2025-11-11;11;0
1;2025-11-11;12;0
1;2025-11-11;13;0
1;2025-11-11;14;0
1;2025-11-11;15;0
1;2025-11-11;16;0
1;2025-11-11;17;0
1;2025-11-11;18;0
1;2025-11-11;19;0
1;2025-11-11;20;0
1;2025-11-11;21;0
1;2025-11-11;22;0
1;2025-11-11;23;0
1;2025-11-12;0;0
1;2025-11-12;1;0
1;2025-11-12;2;0
1;2025-11-12;3;0
1;2025-11-12;4;0
1;2025-11-12;5;0
1;2025-11-12;6;0
1;2025-11-12;7;0
1;2025-11-12;8;0
1;2025-11-12;9;0
1;2025-11-12;10;0
1;2025-11-12;11;0
1;2025-11-12;12;0
1;2025-11-12;13;0
1;2025-11-12;14;0
1;2025-11-12;15;0
1;2025-11-12;16;0
1;2025-11-12;17;0
1;2025-11-12;18;0
1;2025-11-12;19;0
1;2025-11-12;20;0
1;2025-11-12;21;0
1;2025-11-12;22;0
1;2025-11-12;23;0
1;2025-11-13;0;0
1;2025-11-13;1;0
1;2025-11-13;2;0
1;2025-11-13;3;0
1;2025-11-13;4;0
1;2025-11-13;5;0
1;2025-11-13;6;0
1;2025-11-13;7;0
1;2025-11-13;8;0
1;2025-11-13;9;0
1;2025-11-13;10;0
1;2025-11-13;11;0
1;2025-11-13;12;0
1;2025-11-13;13;0
1;2025-11-13;14;0
1;2025-11-13;15;0
1;2025-11-13;16;0
1;2025-11-13;17;0
1;2025-11-13;18;0
1;2025-11-13;19;0
1;2025-11-13;20;0
1;2025-11-13;21;0
1;2025-11-13;22;0
1;2025-11-13;23;0
1;2025-11-14;0;0
1;2025-11-14;1;0
1;2025-11-14;2;0
1;2025-11-14;3;0
1;2025-11-14;4;0
1;2025-11-14;5;0
1;2025-11-14;6;0
1;2025-11-14;7;0
1;2025-11-14;8;0
1;2025-11-14;9;0
1;2025-11-14;10;0
1;2025-11-14;11;0
1;2025-11-14;12;0
1;2025-11-14;13;0
1;2025-11-14;14;0
1;2025-11-14;15;0
1;2025-11-14;16;0
1;2025-11-14;17;0
1;2025-11-14;18;0
1;2025-11-14;19;0
1;2025-11-14;20;0
1;2025-11-14;21;0
1;2025-11-14;22;0
1;2025-11-14;23;0
1;2025-11-15;0;0
1;2025-11-15;1;0
1;2025-11-15;2;0
1;2025-11-15;3;0
1;2025-11-15;4;0
1;2025-11-15;5;0
1;2025-11-15;6;0
1;2025-11-15;7;0
1;2025-11-15;8;0
1;2025-11-15;9;0
1;2025-11-15;10;0
1;2025-11-15;11;0
1;2025-11-15;12;0
1;2025-11-15;13;0
1;2025-11-15;14;0
1;2025-11-15;15;0
1;2025-11-15;16;0
1;2025-11-15;17;0
1;2025-11-15;18;0
1;2025-11-15;19;0
1;2025-11-15;20;0
1;2025-11-15;21;0
1;2025-11-15;22;0
1;2025-11-15;23;0
1;2025-11-16;0;0
1;2025-11-16;1;0
1;2025-11-16;2;0
1;2025-11-16;3;0
1;2025-11-16;4;0
1;2025-11-16;5;0
1;2025-11-16;6;0
1;2025-11-16;7;0
1;2025-11-16;8;0
1;2025-11-16;9;0
1;2025-11-16;10;0
1;2025-11-16;11;0
1;2025-11-16;12;0
1;2025-11-16;13;0
1;2025-11-16;14;0
1;2025-11-16;15;0
1;2025-11-16;16;0
1;2025-11-16;17;0
1;2025-11-16;18;0
1;2025-11-16;19;0
1;2025-11-16;20;0
1;2025-11-16;21;0
1;2025-11-16;22;0
1;2025-11-16;23;0
1;2025-11-17;0;0
1;2025-11-17;1;0
1;2025-11-17;2;0
1;2025-11-17;3;0
1;2025-11-17;4;0
1;2025-11-17;5;0
1;2025-11-17;6;0
1;2025-11-17;7;0
1;2025-11-17;8;0
1;2025-11-17;9;0
1;2025-11-17;10;0
1;2025-11-17;11;0
1;2025-11-17;12;0
1;2025-11-17;13;0
1;2025-11-17;14;0
1;2025-11-17;15;0
1;2025-11-17;16;0
1;2025-11-17;17;0
1;2025-11-17;18;0
1;2025-11-17;19;0
1;2025-11-17;20;0
1;2025-11-17;21;0
1;2025-11-17;22;0
1;2025-11-17;23;0
1;2025-11-18;0;0
1;2025-11-18;1;0
1;2025-11-18;2;0
1;2025-11-18;3;0
1;2025-11-18;4;0
1;2025-11-18;5;0
1;2025-11-18;6;0
1;2025-11-18;7;0
1;2025-11-18;8;0
1;2025-11-18;9;0
1;2025-11-18;10;0
1;2025-11-18;11;0
1;2025-11-18;12;0
1;2025-11-18;13;0
1;2025-11-18;14;0
1;2025-11-18;15;0
1;2025-11-18;16;0
1;2025-11-18;17;0
1;2025-11-18;18;0
1;2025-11-18;19;0
1;2025-11-18;20;0
1;2025-11-18;21;0
1;2025-11-18;22;0
1;2025-11-18;23;0
1;2025-11-19;0;0
1;2025-11-19;1;0
1;2025-11-19;2;0
1;2025-11-19;3;0
1;2025-11-19;4;0
1;2025-11-19;5;0
1;2025-11-19;6;0
1;2025-11-19;7;0
1;2025-11-19;8;0
1;2025-11-19;9;0
1;2025-11-19;10;0
1;2025-11-19;11;0
1;2025-11-19;12;0
1;2025-11-19;13;0
1;2025-11-19;14;0
1;2025-11-19;15;0
1;2025-11-19;16;0
1;2025-11-19;17;0
1;2025-11-19;18;0
1;2025-11-19;19;0
1;2025-11-19;20;0
1;2025-11-19;21;0
1;2025-11-19;22;0
1;2025-11-19;23;0
1;2025-11-20;0;0
1;2025-11-20;1;0
1;2025-11-20;2;0
1;2025-11-20;3;0
1;2025-11-20;4;0
1;2025-11-20;5;0
1;2025-11-20;6;0
1;2025-11-20;7;0
1;2025-11-20;8;0
1;2025-11-20;9;0
1;2025-11-20;10;0
1;2025-11-20;11;0
1;2025-11-20;12;0
1;2025-11-20;13;0
1;2025-11-20;14;0
1;2025-11-20;15;0
1;2025-11-20;16;0
1;2025-11-20;17;0
1;2025-11-20;18;0
1;2025-11-20;19;0
1;2025-11-20;20;0
1;2025-11-20;21;0
1;2025-11-20;22;0
1;2025-11-20;23;0
1;2025-11-21;0;0
1;2025-11-21;1;0
1;2025-11-21;2;0
1;2025-11-21;3;0
1;2025-11-21;4;0
1;2025-11-21;5;0
1;2025-11-21;6;0
1;2025-11-21;7;0
1;2025-11-21;8;0
1;2025-11-21;9;0
1;2025-11-21;10;0
1;2025-11-21;11;0
1;2025-11-21;12;0
1;2025-11-21;13;0
1;2025-11-21;14;0
1;2025-11-21;15;0
1;2025-11-21;16;0
1;2025-11-21;17;0
1;2025-11-21;18;0
1;2025-11-21;19;0
1;2025-11-21;20;0
1;2025-11-21;21;0
1;2025-11-21;22;0
1;2025-11-21;23;0
1;2025-11-22;0;0
1;2025-11-22;1;0
1;2025-11-22;2;0
1;2025-11-22;3;0
1;2025-11-22;4;0
1;2025-11-22;5;0
1;2025-11-22;6;0
1;2025-11-22;7;0
1;2025-11-22;8;0
1;2025-11-22;9;0
1;2025-11-22;10;0
1;2025-11-22;11;0
1;2025-11-22;12;0
1;2025-11-22;13;0
1;2025-11-22;14;0
1;2025-11-22;15;0
1;2025-11-22;16;0
1;2025-11-22;17;0
1;2025-11-22;18;0
1;2025-11-22;19;0
1;2025-11-22;20;0
1;2025-11-22;21;0
1;2025-11-22;22;0
1;2025-11-22;23;0
1;2025-11-23;0;0
1;2025-11-23;1;0
1;2025-11-23;2;0
1;2025-11-23;3;0
1;2025-11-23;4;0
1;2025-11-23;5;0
1;2025-11-23;6;0
1;2025-11-23;7;0
1;2025-11-23;8;0
1;2025-11-23;9;0
1;2025-11-23;10;0
1;2025-11-23;11;0
1;2025-11-23;12;0
1;2025-11-23;13;0
1;2025-11-23;14;0
1;2025-11-23;15;0
1;2025-11-23;16;0
1;2025-11-23;17;0
1;2025-11-23;18;0
1;2025-11-23;19;0
1;2025-11-23;20;0
1;2025-11-23;21;0
1;2025-11-23;22;0
1;2025-11-23;23;0
1;2025-11-24;0;0
1;2025-11-24;1;0
1;2025-11-24;2;0
1;2025-11-24;3;0
1;2025-11-24;4;0
1;2025-11-24;5;0
1;2025-11-24;6;0
1;2025-11-24;7;0
1;2025-11-24;8;0
1;2025-11-24;9;0
1;2025-11-24;10;0
1;2025-11-24;11;0
1;2025-11-24;12;0
1;2025-11-24;13;0
1;2025-11-24;14;0
1;2025-11-24;15;0
1;2025-11-24;16;0
1;2025-11-24;17;0
1;2025-11-24;18;0
1;2025-11-24;19;0
1;2025-11-24;20;0
1;2025-11-24;21;0
1;2025-11-24;22;0
1;2025-11-24;23;0
1;2025-11-25;0;0
1;2025-11-25;1;0
1;2025-11-25;2;0
1;2025-11-25;3;0
1;2025-11-25;4;0
1;2025-11-25;5;0
1;2025-11-25;6;0
1;2025-11-25;7;0
1;2025-11-25;8;0
1;2025-11-25;9;0
1;2025-11-25;10;0
1;2025-11-25;11;0
1;2025-11-25;12;0
1;2025-11-25;13;0
1;2025-11-25;14;0
1;2025-11-25;15;0
1;2025-11-25;16;0
1;2025-11-25;17;0
1;2025-11-25;18;0
1;2025-11-25;19;0
1;2025-11-25;20;0
1;2025-11-25;21;0
1;2025-11-25;22;0
1;2025-11-25;23;0
1;2025-11-26;0;0
1;2025-11-26;1;0
1;2025-11-26;2;0
1;2025-11-26;3;0
1;2025-11-26;4;0
1;2025-11-26;5;0
1;2025-11-26;6;0
1;2025-11-26;7;0
1;2025-11-26;8;0
1;2025-11-26;9;0
1;2025-11-26;10;0
1;2025-11-26;11;0
1;2025-11-26;12;0
1;2025-11-26;13;0
1;2025-11-26;14;0
1;2025-11-26;15;0
1;2025-11-26;16;0
1;2025-11-26;17;0
1;2025-11-26;18;0
1;2025-11-26;19;0
1;2025-11-26;20;0
1;2025-11-26;21;0
1;2025-11-26;22;0
1;2025-11-26;23;0
1;2025-11-27;0;0
1;2025-11-27;1;0
1;2025-11-27;2;0
1;2025-11-27;3;0
1;2025-11-27;4;0
1;2025-11-27;5;0
1;2025-11-27;6;0
1;2025-11-27;7;0
1;2025-11-27;8;0
1;2025-11-27;9;0
1;2025-11-27;10;0
1;2025-11-27;11;0
1;2025-11-27;12;0
1;2025-11-27;13;0
1;2025-11-27;14;0
1;2025-11-27;15;0
1;2025-11-27;16;0
1;2025-11-27;17;0
1;2025-11-27;18;0
1;2025-11-27;19;0
1;2025-11-27;20;0
1;2025-11-27;21;0
1;2025-11-27;22;0
1;2025-11-27;23;0
1;2025-11-28;0;0
1;2025-11-28;1;0
1;2025-11-28;2;0
1;2025-11-28;3;0
1;2025-11-28;4;0
1;2025-11-28;5;0
1;2025-11-28;6;0
1;2025-11-28;7;0
1;2025-11-28;8;0
1;2025-11-28;9;0
1;2025-11-28;10;0
1;2025-11-28;11;0
1;2025-11-28;12;0
1;2025-11-28;13;0
1;2025-11-28;14;0
1;2025-11-28;15;0
1;2025-11-28;16;0
1;2025-11-28;17;0
1;2025-11-28;18;0
1;2025-11-28;19;0
1;2025-11-28;20;0
1;2025-11-28;21;0
1;2025-11-28;22;0
1;2025-11-28;23;0
1;2025-11-29;0;0
1;2025-11-29;1;0
1;2025-11-29;2;0
1;2025-11-29;3;0
1;2025-11-29;4;0
1;2025-11-29;5;0
1;2025-11-29;6;0
1;2025-11-29;7;0
1;2025-11-29;8;0
1;2025-11-29;9;0
1;2025-11-29;10;0
1;2025-11-29;11;0
1;2025-11-29;12;0
1;2025-11-29;13;0
1;2025-11-29;14;0
1;2025-11-29;15;0
1;2025-11-29;16;0
1;2025-11-29;17;0
1;2025-11-29;18;0
1;2025-11-29;19;0
1;2025-11-29;20;0
1;2025-11-29;21;0
1;2025-11-29;22;0
1;2025-11-29;23;0
1;2025-11-30;0;0
1;2025-11-30;1;0
1;2025-11-30;2;0
1;2025-11-30;3;0
1;2025-11-30;4;0
1;2025-11-30;5;0
1;2025-11-30;6;0
1;2025-11-30;7;0
1;2025-11-30;8;0
1;2025-11-30;9;0
1;2025-11-30;10;0
1;2025-11-30;11;0
1;2025-11-30;12;0
1;2025-11-30;13;0
1;2025-11-30;14;0
1;2025-11-30;15;0
1;2025-11-30;16;0
1;2025-11-30;17;0
1;2025-11-30;18;0
1;2025-11-30;19;0
1;2025-11-30;20;0
1;2025-11-30;21;0
1;2025-11-30;22;0
1;2025-11-30;23;0
1;2025-12-01;0;0
1;2025-12-01;1;0
1;2025-12-01;2;0
1;2025-12-01;3;0
1;2025-12-01;4;0
1;2025-12-01;5;0
1;2025-12-01;6;0
1;2025-12-01;7;0
1;2025-12-01;8;0
1;2025-12-01;9;0
1;2025-12-01;10;0
1;2025-12-01;11;0
1;2025-12-01;12;0
1;2025-12-01;13;0
1;2025-12-01;14;0
1;2025-12-01;15;0
1;2025-12-01;16;0
1;2025-12-01;17;0
1;2025-12-01;18;0
1;2025-12-01;19;0
1;2025-12-01;20;0
1;2025-12-01;21;0
1;2025-12-01;22;0
1;2025-12-01;23;0
1;2025-12-02;0;0
1;2025-12-02;1;0
1;2025-12-02;2;0
1;2025-12-02;3;0
1;2025-12-02;4;0
1;2025-12-02;5;0
1;2025-12-02;6;0
1;2025-12-02;7;0
1;2025-12-02;8;0
1;2025-12-02;9;0
1;2025-12-02;10;0
1;2025-12-02;11;0
1;2025-12-02;12;0
1;2025-12-02;13;0
1;2025-12-02;14;0
1;2025-12-02;15;0
1;2025-12-02;16;0
1;2025-12-02;17;0
1;2025-12-02;18;0
1;2025-12-02;19;0
1;2025-12-02;20;0
1;2025-12-02;21;0
1;2025-12-02;22;0
1;2025-12-02;23;0
1;2025-12-03;0;0
1;2025-12-03;1;0
1;2025-12-03;2;0
1;2025-12-03;3;0
1;2025-12-03;4;0
1;2025-12-03;5;0
1;2025-12-03;6;0
1;2025-12-03;7;0
1;2025-12-03;8;0
1;2025-12-03;9;0
1;2025-12-03;10;0
1;2025-12-03;11;0
1;2025-12-03;12;0
1;2025-12-03;13;0
1;2025-12-03;14;0
1;2025-12-03;15;0
1;2025-12-03;16;0
1;2025-12-03;17;0
1;2025-12-03;18;0
1;2025-12-03;19;0
1;2025-12-03;20;0
1;2025-12-03;21;0
1;2025-12-03;22;0
1;2025-12-03;23;0
1;2025-12-04;0;0
1;2025-12-04;1;0
1;2025-12-04;2;0
1;2025-12-04;3;0
1;2025-12-04;4;0
1;2025-12-04;5;0
1;2025-12-04;6;0
1;2025-12-04;7;0
1;2025-12-04;8;0
1;2025-12-04;9;0
1;2025-12-04;10;0
1;2025-12-04;11;0
1;2025-12-04;12;0
1;2025-12-04;13;0
1;2025-12-04;14;0
1;2025-12-04;15;0
1;2025-12-04;16;0
1;2025-12-04;17;0
1;2025-12-04;18;0
1;2025-12-04;19;0
1;2025-12-04;20;0
1;2025-12-04;21;0
1;2025-12-04;22;0
1;2025-12-04;23;0
1;2025-12-05;0;0
1;2025-12-05;1;0
1;2025-12-05;2;0
1;2025-12-05;3;0
1;2025-12-05;4;0
1;2025-12-05;5;0
1;2025-12-05;6;0
1;2025-12-05;7;0
1;2025-12-05;8;0
1;2025-12-05;9;0
1;2025-12-05;10;0
1;2025-12-05;11;0
1;2025-12-05;12;0
1;2025-12-05;13;0
1;2025-12-05;14;0
1;2025-12-05;15;0
1;2025-12-05;16;0
1;2025-12-05;17;0
1;2025-12-05;18;0
1;2025-12-05;19;0
1;2025-12-05;20;0
1;2025-12-05;21;0
1;2025-12-05;22;0
1;2025-12-05;23;0
1;2025-12-06;0;0
1;2025-12-06;1;0
1;2025-12-06;2;0
1;2025-12-06;3;0
1;2025-12-06;4;0
1;2025-12-06;5;0
1;2025-12-06;6;0
1;2025-12-06;7;0
1;2025-12-06;8;0
1;2025-12-06;9;0
1;2025-12-06;10;0
1;2025-12-06;11;0
1;2025-12-06;12;0
1;2025-12-06;13;0
1;2025-12-06;14;0
1;2025-12-06;15;0
1;2025-12-06;16;0
1;2025-12-06;17;0
1;2025-12-06;18;0
1;2025-12-06;19;0
1;2025-12-06;20;0
1;2025-12-06;21;0
1;2025-12-06;22;0
1;2025-12-06;23;0
1;2025-12-07;0;0
1;2025-12-07;1;0
1;2025-12-07;2;0
1;2025-12-07;3;0
1;2025-12-07;4;0
1;2025-12-07;5;0
1;2025-12-07;6;0
1;2025-12-07;7;0
1;2025-12-07;8;0
1;2025-12-07;9;0
1;2025-12-07;10;0
1;2025-12-07;11;0
1;2025-12-07;12;0
1;2025-12-07;13;0
1;2025-12-07;14;0
1;2025-12-07;15;0
1;2025-12-07;16;0
1;2025-12-07;17;0
1;2025-12-07;18;0
1;2025-12-07;19;0
1;2025-12-07;20;0
1;2025-12-07;21;0
1;2025-12-07;22;0
1;2025-12-07;23;0
1;2025-12-08;0;0
1;2025-12-08;1;0
1;2025-12-08;2;0
1;2025-12-08;3;0
1;2025-12-08;4;0
1;2025-12-08;5;0
1;2025-12-08;6;0
1;2025-12-08;7;0
1;2025-12-08;8;0
1;2025-12-08;9;0
1;2025-12-08;10;0
1;2025-12-08;11;0
1;2025-12-08;12;0
1;2025-12-08;13;0
1;2025-12-08;14;0
1;2025-12-08;15;0
1;2025-12-08;16;0
1;2025-12-08;17;0
1;2025-12-08;18;0
1;2025-12-08;19;0
1;2025-12-08;20;0
1;2025-12-08;21;0
1;2025-12-08;22;0
1;2025-12-08;23;0
1;2025-12-09;0;0
1;2025-12-09;1;0
1;2025-12-09;2;0
1;2025-12-09;3;0
1;2025-12-09;4;0
1;2025-12-09;5;0
1;2025-12-09;6;0
1;2025-12-09;7;0
1;2025-12-09;8;0
1;2025-12-09;9;0
1;2025-12-09;10;0
1;2025-12-09;11;0
1;2025-12-09;12;0
1;2025-12-09;13;0
1;2025-12-09;14;0
1;2025-12-09;15;0
1;2025-12-09;16;0
1;2025-12-09;17;0
1;2025-12-09;18;0
1;2025-12-09;19;0
1;2025-12-09;20;0
1;2025-12-09;21;0
1;2025-12-09;22;0
1;2025-12-09;23;0
1;2025-12-10;0;0
1;2025-12-10;1;0
1;2025-12-10;2;0
1;2025-12-10;3;0
1;2025-12-10;4;0
1;2025-12-10;5;0
1;2025-12-10;6;0
1;2025-12-10;7;0
1;2025-12-10;8;0
1;2025-12-10;9;0
1;2025-12-10;10;0
1;2025-12-10;11;0
1;2025-12-10;12;0
1;2025-12-10;13;0
1;2025-12-10;14;0
1;2025-12-10;15;0
1;2025-12-10;16;0
1;2025-12-10;17;0
1;2025-12-10;18;0
1;2025-12-10;19;0
1;2025-12-10;20;0
1;2025-12-10;21;0
1;2025-12-10;22;0
1;2025-12-10;23;0
1;2025-12-11;0;0
1;2025-12-11;1;0
1;2025-12-11;2;0
1;2025-12-11;3;0
1;2025-12-11;4;0
1;2025-12-11;5;0
1;2025-12-11;6;0
1;2025-12-11;7;0
1;2025-12-11;8;0
1;2025-12-11;9;0
1;2025-12-11;10;0
1;2025-12-11;11;0
1;2025-12-11;12;0
1;2025-12-11;13;0
1;2025-12-11;14;0
1;2025-12-11;15;0
1;2025-12-11;16;0
1;2025-12-11;17;0
1;2025-12-11;18;0
1;2025-12-11;19;0
1;2025-12-11;20;0
1;2025-12-11;21;0
1;2025-12-11;22;0
1;2025-12-11;23;0
1;2025-12-12;0;0
1;2025-12-12;1;0
1;2025-12-12;2;0
1;2025-12-12;3;0
1;2025-12-12;4;0
1;2025-12-12;5;0
1;2025-12-12;6;0
1;2025-12-12;7;0
1;2025-12-12;8;0
1;2025-12-12;9;0
1;2025-12-12;10;0
1;2025-12-12;11;0
1;2025-12-12;12;0
1;2025-12-12;13;0
1;2025-12-12;14;0
1;2025-12-12;15;0
1;2025-12-12;16;0
1;2025-12-12;17;0
1;2025-12-12;18;0
1;2025-12-12;19;0
1;2025-12-12;20;0
1;2025-12-12;21;0
1;2025-12-12;22;0
1;2025-12-12;23;0
1;2025-12-13;0;0
1;2025-12-13;1;0
1;2025-12-13;2;0
1;2025-12-13;3;0
1;2025-12-13;4;0
1;2025-12-13;5;0
1;2025-12-13;6;0
1;2025-12-13;7;0
1;2025-12-13;8;0
1;2025-12-13;9;0
1;2025-12-13;10;0
1;2025-12-13;11;0
1;2025-12-13;12;0
1;2025-12-13;13;0
1;2025-12-13;14;0
1;2025-12-13;15;0
1;2025-12-13;16;0
1;2025-12-13;17;0
1;2025-12-13;18;0
1;2025-12-13;19;0
1;2025-12-13;20;0
1;2025-12-13;21;0
1;2025-12-13;22;0
1;2025-12-13;23;0
1;2025-12-14;0;0
1;2025-12-14;1;0
1;2025-12-14;2;0
1;2025-12-14;3;0
1;2025-12-14;4;0
1;2025-12-14;5;0
1;2025-12-14;6;0
1;2025-12-14;7;0
1;2025-12-14;8;0
1;2025-12-14;9;0
1;2025-12-14;10;0
1;2025-12-14;11;0
1;2025-12-14;12;0
1;2025-12-14;13;0
1;2025-12-14;14;0
1;2025-12-14;15;0
1;2025-12-14;16;0
1;2025-12-14;17;0
1;2025-12-14;18;0
1;2025-12-14;19;0
1;2025-12-14;20;0
1;2025-12-14;21;0
1;2025-12-14;22;0
1;2025-12-14;23;0
1;2025-12-15;0;0
1;2025-12-15;1;0
1;2025-12-15;2;0
1;2025-12-15;3;0
1;2025-12-15;4;0
1;2025-12-15;5;0
1;2025-12-15;6;0
1;2025-12-15;7;0
1;2025-12-15;8;0
1;2025-12-15;9;0
1;2025-12-15;10;0
1;2025-12-15;11;0
1;2025-12-15;12;0
1;2025-12-15;13;0
1;2025-12-15;14;0
1;2025-12-15;15;0
1;2025-12-15;16;0
1;2025-12-15;17;0
1;2025-12-15;18;0
1;2025-12-15;19;0
1;2025-12-15;20;0
1;2025-12-15;21;0
1;2025-12-15;22;0
1;2025-12-15;23;0
1;2025-12-16;0;0
1;2025-12-16;1;0
1;2025-12-16;2;0
1;2025-12-16;3;0
1;2025-12-16;4;0
1;2025-12-16;5;0
1;2025-12-16;6;0
1;2025-12-16;7;0
1;2025-12-16;8;0
1;2025-12-16;9;0
1;2025-12-16;10;0
1;2025-12-16;11;0
1;2025-12-16;12;0
1;2025-12-16;13;0
1;2025-12-16;14;0
1;2025-12-16;15;0
1;2025-12-16;16;0
1;2025-12-16;17;0
1;2025-12-16;18;0
1;2025-12-16;19;0
1;2025-12-16;20;0
1;2025-12-16;21;0
1;2025-12-16;22;0
1;2025-12-16;23;0
1;2025-12-17;0;0
1;2025-12-17;1;0
1;2025-12-17;2;0
1;2025-12-17;3;0
1;2025-12-17;4;0
1;2025-12-17;5;0
1;2025-12-17;6;0
1;2025-12-17;7;0
1;2025-12-17;8;0
1;2025-12-17;9;0
1;2025-12-17;10;0
1;2025-12-17;11;0
1;2025-12-17;12;0
1;2025-12-17;13;0
1;2025-12-17;14;0
1;2025-12-17;15;0
1;2025-12-17;16;0
1;2025-12-17;17;0
1;2025-12-17;18;0
1;2025-12-17;19;0
1;2025-12-17;20;0
1;2025-12-17;21;0
1;2025-12-17;22;0
1;2025-12-17;23;0
1;2025-12-18;0;0
1;2025-12-18;1;0
1;2025-12-18;2;0
1;2025-12-18;3;0
1;2025-12-18;4;0
1;2025-12-18;5;0
1;2025-12-18;6;0
1;2025-12-18;7;0
1;2025-12-18;8;0
1;2025-12-18;9;0
1;2025-12-18;10;0
1;2025-12-18;11;0
1;2025-12-18;12;0
1;2025-12-18;13;0
1;2025-12-18;14;0
1;2025-12-18;15;0
1;2025-12-18;16;0
1;2025-12-18;17;0
1;2025-12-18;18;0
1;2025-12-18;19;0
1;2025-12-18;20;0
1;2025-12-18;21;0
1;2025-12-18;22;0
1;2025-12-18;23;0
1;2025-12-19;0;0
1;2025-12-19;1;0
1;2025-12-19;2;0
1;2025-12-19;3;0
1;2025-12-19;4;0
1;2025-12-19;5;0
1;2025-12-19;6;0
1;2025-12-19;7;0
1;2025-12-19;8;0
1;2025-12-19;9;0
1;2025-12-19;10;0
1;2025-12-19;11;0
1;2025-12-19;12;0
1;2025-12-19;13;0
1;2025-12-19;14;0
1;2025-12-19;15;0
1;2025-12-19;16;0
1;2025-12-19;17;0
1;2025-12-19;18;0
1;2025-12-19;19;0
1;2025-12-19;20;0
1;2025-12-19;21;0
1;2025-12-19;22;0
1;2025-12-19;23;0
1;2025-12-20;0;0
1;2025-12-20;1;0
1;2025-12-20;2;0
1;2025-12-20;3;0
1;2025-12-20;4;0
1;2025-12-20;5;0
1;2025-12-20;6;0
1;2025-12-20;7;0
1;2025-12-20;8;0
1;2025-12-20;9;0
1;2025-12-20;10;0
1;2025-12-20;11;0
1;2025-12-20;12;0
1;2025-12-20;13;0
1;2025-12-20;14;0
1;2025-12-20;15;0
1;2025-12-20;16;0
1;2025-12-20;17;0
1;2025-12-20;18;0
1;2025-12-20;19;0
1;2025-12-20;20;0
1;2025-12-20;21;0
1;2025-12-20;22;0
1;2025-12-20;23;0
1;2025-12-21;0;0
1;2025-12-21;1;0
1;2025-12-21;2;0
1;2025-12-21;3;0
1;2025-12-21;4;0
1;2025-12-21;5;0
1;2025-12-21;6;0
1;2025-12-21;7;0
1;2025-12-21;8;0
1;2025-12-21;9;0
1;2025-12-21;10;0
1;2025-12-21;11;0
1;2025-12-21;12;0
1;2025-12-21;13;0
1;2025-12-21;14;0
1;2025-12-21;15;0
1;2025-12-21;16;0
1;2025-12-21;17;0
1;2025-12-21;18;0
1;2025-12-21;19;0
1;2025-12-21;20;0
1;2025-12-21;21;0
1;2025-12-21;22;0
1;2025-12-21;23;0
1;2025-12-22;0;0
1;2025-12-22;1;0
1;2025-12-22;2;0
1;2025-12-22;3;0
1;2025-12-22;4;0
1;2025-12-22;5;0
1;2025-12-22;6;0
1;2025-12-22;7;0
1;2025-12-22;8;0
1;2025-12-22;9;0
1;2025-12-22;10;0
1;2025-12-22;11;0
1;2025-12-22;12;0
1;2025-12-22;13;0
1;2025-12-22;14;0
1;2025-12-22;15;0
1;2025-12-22;16;0
1;2025-12-22;17;0
1;2025-12-22;18;0
1;2025-12-22;19;0
1;2025-12-22;20;0
1;2025-12-22;21;0
1;2025-12-22;22;0
1;2025-12-22;23;0
1;2025-12-23;0;0
1;2025-12-23;1;0
1;2025-12-23;2;0
1;2025-12-23;3;0
1;2025-12-23;4;0
1;2025-12-23;5;0
1;2025-12-23;6;0
1;2025-12-23;7;0
1;2025-12-23;8;0
1;2025-12-23;9;0
1;2025-12-23;10;0
1;2025-12-23;11;0
1;2025-12-23;12;0
1;2025-12-23;13;0
1;2025-12-23;14;0
1;2025-12-23;15;0
1;2025-12-23;16;0
1;2025-12-23;17;0
1;2025-12-23;18;0
1;2025-12-23;19;0
1;2025-12-23;20;0
1;2025-12-23;21;0
1;2025-12-23;22;0
1;2025-12-23;23;0
1;2025-12-24;0;0
1;2025-12-24;1;0
1;2025-12-24;2;0
1;2025-12-24;3;0
1;2025-12-24;4;0
1;2025-12-24;5;0
1;2025-12-24;6;0
1;2025-12-24;7;0
1;2025-12-24;8;0
1;2025-12-24;9;0
1;2025-12-24;10;0
1;2025-12-24;11;0
1;2025-12-24;12;0
1;2025-12-24;13;0
1;2025-12-24;14;0
1;2025-12-24;15;0
1;2025-12-24;16;0
1;2025-12-24;17;0
1;2025-12-24;18;0
1;2025-12-24;19;0
1;2025-12-24;20;0
1;2025-12-24;21;0
1;2025-12-24;22;0
1;2025-12-24;23;0
1;2025-12-25;0;0
1;2025-12-25;1;0
1;2025-12-25;2;0
1;2025-12-25;3;0
1;2025-12-25;4;0
1;2025-12-25;5;0
1;2025-12-25;6;0
1;2025-12-25;7;0
1;2025-12-25;8;0
1;2025-12-25;9;0
1;2025-12-25;10;0
1;2025-12-25;11;0
1;2025-12-25;12;0
1;2025-12-25;13;0
1;2025-12-25;14;0
1;2025-12-25;15;0
1;2025-12-25;16;0
1;2025-12-25;17;0
1;2025-12-25;18;0
1;2025-12-25;19;0
1;2025-12-25;20;0
1;2025-12-25;21;0
1;2025-12-25;22;0
1;2025-12-25;23;0
1;2025-12-26;0;0
1;2025-12-26;1;0
1;2025-12-26;2;0
1;2025-12-26;3;0
1;2025-12-26;4;0
1;2025-12-26;5;0
1;2025-12-26;6;0
1;2025-12-26;7;0
1;2025-12-26;8;0
1;2025-12-26;9;0
1;2025-12-26;10;0
1;2025-12-26;11;0
1;2025-12-26;12;0
1;2025-12-26;13;0
1;2025-12-26;14;0
1;2025-12-26;15;0
1;2025-12-26;16;0
1;2025-12-26;17;0
1;2025-12-26;18;0
1;2025-12-26;19;0
1;2025-12-26;20;0
1;2025-12-26;21;0
1;2025-12-26;22;0
1;2025-12-26;23;0
1;2025-12-27;0;0
1;2025-12-27;1;0
1;2025-12-27;2;0
1;2025-12-27;3;0
1;2025-12-27;4;0
1;2025-12-27;5;0
1;2025-12-27;6;0
1;2025-12-27;7;0
1;2025-12-27;8;0
1;2025-12-27;9;0
1;2025-12-27;10;0
1;2025-12-27;11;0
1;2025-12-27;12;0
1;2025-12-27;13;0
1;2025-12-27;14;0
1;2025-12-27;15;0
1;2025-12-27;16;0
1;2025-12-27;17;0
1;2025-12-27;18;0
1;2025-12-27;19;0
1;2025-12-27;20;0
1;2025-12-27;21;0
1;2025-12-27;22;0
1;2025-12-27;23;0
1;2025-12-28;0;0
1;2025-12-28;1;0
1;2025-12-28;2;0
1;2025-12-28;3;0
1;2025-12-28;4;0
1;2025-12-28;5;0
1;2025-12-28;6;0
1;2025-12-28;7;0
1;2025-12-28;8;0
1;2025-12-28;9;0
1;2025-12-28;10;0
1;2025-12-28;11;0
1;2025-12-28;12;0
1;2025-12-28;13;0
1;2025-12-28;14;0
1;2025-12-28;15;0
1;2025-12-28;16;0
1;2025-12-28;17;0
1;2025-12-28;18;0
1;2025-12-28;19;0
1;2025-12-28;20;0
1;2025-12-28;21;0
1;2025-12-28;22;0
1;2025-12-28;23;0
1;2025-12-29;0;0
1;2025-12-29;1;0
1;2025-12-29;2;0
1;2025-12-29;3;0
1;2025-12-29;4;0
1;2025-12-29;5;0
1;2025-12-29;6;0
1;2025-12-29;7;0
1;2025-12-29;8;0
1;2025-12-29;9;0
1;2025-12-29;10;0
1;2025-12-29;11;0
1;2025-12-29;12;0
1;2025-12-29;13;0
1;2025-12-29;14;0
1;2025-12-29;15;0
1;2025-12-29;16;0
1;2025-12-29;17;0
1;2025-12-29;18;0
1;2025-12-29;19;0
1;2025-12-29;20;0
1;2025-12-29;21;0
1;2025-12-29;22;0
1;2025-12-29;23;0
1;2025-12-30;0;0
1;2025-12-30;1;0
1;2025-12-30;2;0
1;2025-12-30;3;0
1;2025-12-30;4;0
1;2025-12-30;5;0
1;2025-12-30;6;0
1;2025-12-30;7;0
1;2025-12-30;8;0
1;2025-12-30;9;0
1;2025-12-30;10;0
1;2025-12-30;11;0
1;2025-12-30;12;0
1;2025-12-30;13;0
1;2025-12-30;14;0
1;2025-12-30;15;0
1;2025-12-30;16;0
1;2025-12-30;17;0
1;2025-12-30;18;0
1;2025-12-30;19;0
1;2025-12-30;20;0
1;2025-12-30;21;0
1;2025-12-30;22;0
1;2025-12-30;23;0
1;2025-12-31;0;0
1;2025-12-31;1;0
1;2025-12-31;2;0
1;2025-12-31;3;0
1;2025-12-31;4;0
1;2025-12-31;5;0
1;2025-12-31;6;0
1;2025-12-31;7;0
1;2025-12-31;8;0
1;2025-12-31;9;0
1;2025-12-31;10;0
1;2025-12-31;11;0
1;2025-12-31;12;0
1;2025-12-31;13;0
1;2025-12-31;14;0
1;2025-12-31;15;0
1;2025-12-31;16;0
1;2025-12-31;17;0
1;2025-12-31;18;0
1;2025-12-31;19;0
1;2025-12-31;20;0
1;2025-12-31;21;0
1;2025-12-31;22;0
1;2025-12-31;23;0
5;2025-11-01;0;0
5;2025-11-01;1;0
5;2025-11-01;2;0
5;2025-11-01;3;0
5;2025-11-01;4;0
5;2025-11-01;5;0
5;2025-11-01;6;0
5;2025-11-01;7;0
5;2025-11-01;8;0
5;2025-11-01;9;0
5;2025-11-01;10;0
5;2025-11-01;11;0
5;2025-11-01;12;0
5;2025-11-01;13;0
5;2025-11-01;14;0
5;2025-11-01;15;0
5;2025-11-01;16;0
5;2025-11-01;17;0
5;2025-11-01;18;0
5;2025-11-01;19;0
5;2025-11-01;20;0
5;2025-11-01;21;0
5;2025-11-01;22;0
5;2025-11-01;23;0
5;2025-11-02;0;0
5;2025-11-02;1;0
5;2025-11-02;2;0
5;2025-11-02;3;0
5;2025-11-02;4;0
5;2025-11-02;5;0
5;2025-11-02;6;0
5;2025-11-02;7;0
5;2025-11-02;8;0
5;2025-11-02;9;0
5;2025-11-02;10;0
5;2025-11-02;11;0
5;2025-11-02;12;0
5;2025-11-02;13;0
5;2025-11-02;14;0
5;2025-11-02;15;0
5;2025-11-02;16;0
5;2025-11-02;17;0
5;2025-11-02;18;0
5;2025-11-02;19;0
5;2025-11-02;20;0
5;2025-11-02;21;0
5;2025-11-02;22;0
5;2025-11-02;23;0
5;2025-11-03;0;0
5;2025-11-03;1;0
5;2025-11-03;2;0
5;2025-11-03;3;0
5;2025-11-03;4;0
5;2025-11-03;5;0
5;2025-11-03;6;0
5;2025-11-03;7;0
5;2025-11-03;8;0
5;2025-11-03;9;0
5;2025-11-03;10;0
5;2025-11-03;11;0
5;2025-11-03;12;0
5;2025-11-03;13;0
5;2025-11-03;14;0
5;2025-11-03;15;0
5;2025-11-03;16;0
5;2025-11-03;17;0
5;2025-11-03;18;0
5;2025-11-03;19;0
5;2025-11-03;20;0
5;2025-11-03;21;0
5;2025-11-03;22;0
5;2025-11-03;23;0
5;2025-11-04;0;0
5;2025-11-04;1;0
5;2025-11-04;2;0
5;2025-11-04;3;0
5;2025-11-04;4;0
5;2025-11-04;5;0
5;2025-11-04;6;0
5;2025-11-04;7;0
5;2025-11-04;8;0
5;2025-11-04;9;0
5;2025-11-04;10;0
5;2025-11-04;11;0
5;2025-11-04;12;0
5;2025-11-04;13;0
5;2025-11-04;14;0
5;2025-11-04;15;0
5;2025-11-04;16;0
5;2025-11-04;17;0
5;2025-11-04;18;0
5;2025-11-04;19;0
5;2025-11-04;20;0
5;2025-11-04;21;0
5;2025-11-04;22;0
5;2025-11-04;23;0
5;2025-11-05;0;0
5;2025-11-05;1;0
5;2025-11-05;2;0
5;2025-11-05;3;0
5;2025-11-05;4;0
5;2025-11-05;5;0
5;2025-11-05;6;0
5;2025-11-05;7;0
5;2025-11-05;8;0
5;2025-11-05;9;0
5;2025-11-05;10;0
5;2025-11-05;11;0
5;2025-11-05;12;0
5;2025-11-05;13;0
5;2025-11-05;14;0
5;2025-11-05;15;0
5;2025-11-05;16;0
5;2025-11-05;17;0
5;2025-11-05;18;0
5;2025-11-05;19;0
5;2025-11-05;20;0
5;2025-11-05;21;0
5;2025-11-05;22;0
5;2025-11-05;23;0
5;2025-11-06;0;0
5;2025-11-06;1;0
5;2025-11-06;2;0
5;2025-11-06;3;0
5;2025-11-06;4;0
5;2025-11-06;5;0
5;2025-11-06;6;0
5;2025-11-06;7;0
5;2025-11-06;8;0
5;2025-11-06;9;0
5;2025-11-06;10;0
5;2025-11-06;11;0
5;2025-11-06;12;0
5;2025-11-06;13;0
5;2025-11-06;14;0
5;2025-11-06;15;0
5;2025-11-06;16;0
5;2025-11-06;17;0
5;2025-11-06;18;0
5;2025-11-06;19;0
5;2025-11-06;20;0
5;2025-11-06;21;0
5;2025-11-06;22;0
5;2025-11-06;23;0
5;2025-11-07;0;0
5;2025-11-07;1;0
5;2025-11-07;2;0
5;2025-11-07;3;0
5;2025-11-07;4;0
5;2025-11-07;5;0
5;2025-11-07;6;0
5;2025-11-07;7;0
5;2025-11-07;8;0
5;2025-11-07;9;0
5;2025-11-07;10;0
5;2025-11-07;11;0
5;2025-11-07;12;0
5;2025-11-07;13;0
5;2025-11-07;14;0
5;2025-11-07;15;0
5;2025-11-07;16;0
5;2025-11-07;17;0
5;2025-11-07;18;0
5;2025-11-07;19;0
5;2025-11-07;20;0
5;2025-11-07;21;0
5;2025-11-07;22;0
5;2025-11-07;23;0
5;2025-11-08;0;0
5;2025-11-08;1;0
5;2025-11-08;2;0
5;2025-11-08;3;0
5;2025-11-08;4;0
5;2025-11-08;5;0
5;2025-11-08;6;0
5;2025-11-08;7;0
5;2025-11-08;8;0
5;2025-11-08;9;0
5;2025-11-08;10;0
5;2025-11-08;11;0
5;2025-11-08;12;0
5;2025-11-08;13;0
5;2025-11-08;14;0
5;2025-11-08;15;0
5;2025-11-08;16;0
5;2025-11-08;17;0
5;2025-11-08;18;0
5;2025-11-08;19;0
5;2025-11-08;20;0
5;2025-11-08;21;0
5;2025-11-08;22;0
5;2025-11-08;23;0
5;2025-11-09;0;0
5;2025-11-09;1;0
5;2025-11-09;2;0
5;2025-11-09;3;0
5;2025-11-09;4;0
5;2025-11-09;5;0
5;2025-11-09;6;0
5;2025-11-09;7;0
5;2025-11-09;8;0
5;2025-11-09;9;0
5;2025-11-09;10;0
5;2025-11-09;11;0
5;2025-11-09;12;0
5;2025-11-09;13;0
5;2025-11-09;14;0
5;2025-11-09;15;0
5;2025-11-09;16;0
5;2025-11-09;17;0
5;2025-11-09;18;0
5;2025-11-09;19;0
5;2025-11-09;20;0
5;2025-11-09;21;0
5;2025-11-09;22;0
5;2025-11-09;23;0
5;2025-11-10;0;0
5;2025-11-10;1;0
5;2025-11-10;2;0
5;2025-11-10;3;0
5;2025-11-10;4;0
5;2025-11-10;5;0
5;2025-11-10;6;0
5;2025-11-10;7;0
5;2025-11-10;8;0
5;2025-11-10;9;0
5;2025-11-10;10;0
5;2025-11-10;11;0
5;2025-11-10;12;0
5;2025-11-10;13;0
5;2025-11-10;14;0
5;2025-11-10;15;0
5;2025-11-10;16;0
5;2025-11-10;17;0
5;2025-11-10;18;0
5;2025-11-10;19;0
5;2025-11-10;20;0
5;2025-11-10;21;0
5;2025-11-10;22;0
5;2025-11-10;23;0
5;2025-11-11;0;0
5;2025-11-11;1;0
5;2025-11-11;2;0
5;2025-11-11;3;0
5;2025-11-11;4;0
5;2025-11-11;5;0
5;2025-11-11;6;0
5;2025-11-11;7;0
5;2025-11-11;8;0
5;2025-11-11;9;0
5;2025-11-11;10;0
5;2025-11-11;11;0
5;2025-11-11;12;0
5;2025-11-11;13;0
5;2025-11-11;14;0
5;2025-11-11;15;0
5;2025-11-11;16;0
5;2025-11-11;17;0
5;2025-11-11;18;0
5;2025-11-11;19;0
5;2025-11-11;20;0
5;2025-11-11;21;0
5;2025-11-11;22;0
5;2025-11-11;23;0
5;2025-11-12;0;0
5;2025-11-12;1;0
5;2025-11-12;2;0
5;2025-11-12;3;0
5;2025-11-12;4;0
5;2025-11-12;5;0
5;2025-11-12;6;0
5;2025-11-12;7;0
5;2025-11-12;8;0
5;2025-11-12;9;0
5;2025-11-12;10;0
5;2025-11-12;11;0
5;2025-11-12;12;0
5;2025-11-12;13;0
5;2025-11-12;14;0
5;2025-11-12;15;0
5;2025-11-12;16;0
5;2025-11-12;17;0
5;2025-11-12;18;0
5;2025-11-12;19;0
5;2025-11-12;20;0
5;2025-11-12;21;0
5;2025-11-12;22;0
5;2025-11-12;23;0
5;2025-11-13;0;0
5;2025-11-13;1;0
5;2025-11-13;2;0
5;2025-11-13;3;0
5;2025-11-13;4;0
5;2025-11-13;5;0
5;2025-11-13;6;0
5;2025-11-13;7;0
5;2025-11-13;8;0
5;2025-11-13;9;0
5;2025-11-13;10;0
5;2025-11-13;11;0
5;2025-11-13;12;0
5;2025-11-13;13;0
5;2025-11-13;14;0
5;2025-11-13;15;0
5;2025-11-13;16;0
5;2025-11-13;17;0
5;2025-11-13;18;0
5;2025-11-13;19;0
5;2025-11-13;20;0
5;2025-11-13;21;0
5;2025-11-13;22;0
5;2025-11-13;23;0
5;2025-11-14;0;0
5;2025-11-14;1;0
5;2025-11-14;2;0
5;2025-11-14;3;0
5;2025-11-14;4;0
5;2025-11-14;5;0
5;2025-11-14;6;0
5;2025-11-14;7;0
5;2025-11-14;8;0
5;2025-11-14;9;0
5;2025-11-14;10;0
5;2025-11-14;11;0
5;2025-11-14;12;0
5;2025-11-14;13;0
5;2025-11-14;14;0
5;2025-11-14;15;0
5;2025-11-14;16;0
5;2025-11-14;17;0
5;2025-11-14;18;0
5;2025-11-14;19;0
5;2025-11-14;20;0
5;2025-11-14;21;0
5;2025-11-14;22;0
5;2025-11-14;23;0
5;2025-11-15;0;0
5;2025-11-15;1;0
5;2025-11-15;2;0
5;2025-11-15;3;0
5;2025-11-15;4;0
5;2025-11-15;5;0
5;2025-11-15;6;0
5;2025-11-15;7;0
5;2025-11-15;8;0
5;2025-11-15;9;0
5;2025-11-15;10;0
5;2025-11-15;11;0
5;2025-11-15;12;0
5;2025-11-15;13;0
5;2025-11-15;14;0
5;2025-11-15;15;0
5;2025-11-15;16;0
5;2025-11-15;17;0
5;2025-11-15;18;0
5;2025-11-15;19;0
5;2025-11-15;20;0
5;2025-11-15;21;0
5;2025-11-15;22;0
5;2025-11-15;23;0
5;2025-11-16;0;0
5;2025-11-16;1;0
5;2025-11-16;2;0
5;2025-11-16;3;0
5;2025-11-16;4;0
5;2025-11-16;5;0
5;2025-11-16;6;0
5;2025-11-16;7;0
5;2025-11-16;8;0
5;2025-11-16;9;0
5;2025-11-16;10;0
5;2025-11-16;11;0
5;2025-11-16;12;0
5;2025-11-16;13;0
5;2025-11-16;14;0
5;2025-11-16;15;0
5;2025-11-16;16;0
5;2025-11-16;17;0
5;2025-11-16;18;0
5;2025-11-16;19;0
5;2025-11-16;20;0
5;2025-11-16;21;0
5;2025-11-16;22;0
5;2025-11-16;23;0
5;2025-11-17;0;0
5;2025-11-17;1;0
5;2025-11-17;2;0
5;2025-11-17;3;0
5;2025-11-17;4;0
5;2025-11-17;5;0
5;2025-11-17;6;0
5;2025-11-17;7;0
5;2025-11-17;8;0
5;2025-11-17;9;0
5;2025-11-17;10;0
5;2025-11-17;11;0
5;2025-11-17;12;0
5;2025-11-17;13;0
5;2025-11-17;14;0
5;2025-11-17;15;0
5;2025-11-17;16;0
5;2025-11-17;17;0
5;2025-11-17;18;0
5;2025-11-17;19;0
5;2025-11-17;20;0
5;2025-11-17;21;0
5;2025-11-17;22;0
5;2025-11-17;23;0
5;2025-11-18;0;0
5;2025-11-18;1;0
5;2025-11-18;2;0
5;2025-11-18;3;0
5;2025-11-18;4;0
5;2025-11-18;5;0
5;2025-11-18;6;0
5;2025-11-18;7;0
5;2025-11-18;8;0
5;2025-11-18;9;0
5;2025-11-18;10;0
5;2025-11-18;11;0
5;2025-11-18;12;0
5;2025-11-18;13;0
5;2025-11-18;14;0
5;2025-11-18;15;0
5;2025-11-18;16;0
5;2025-11-18;17;0
5;2025-11-18;18;0
5;2025-11-18;19;0
5;2025-11-18;20;0
5;2025-11-18;21;0
5;2025-11-18;22;0
5;2025-11-18;23;0
5;2025-11-19;0;0
5;2025-11-19;1;0
5;2025-11-19;2;0
5;2025-11-19;3;0
5;2025-11-19;4;0
5;2025-11-19;5;0
5;2025-11-19;6;0
5;2025-11-19;7;0
5;2025-11-19;8;0
5;2025-11-19;9;0
5;2025-11-19;10;0
5;2025-11-19;11;0
5;2025-11-19;12;0
5;2025-11-19;13;0
5;2025-11-19;14;0
5;2025-11-19;15;0
5;2025-11-19;16;0
5;2025-11-19;17;0
5;2025-11-19;18;0
5;2025-11-19;19;0
5;2025-11-19;20;0
5;2025-11-19;21;0
5;2025-11-19;22;0
5;2025-11-19;23;0
5;2025-11-20;0;0
5;2025-11-20;1;0
5;2025-11-20;2;0
5;2025-11-20;3;0
5;2025-11-20;4;0
5;2025-11-20;5;0
5;2025-11-20;6;0
5;2025-11-20;7;0
5;2025-11-20;8;0
5;2025-11-20;9;0
5;2025-11-20;10;0
5;2025-11-20;11;0
5;2025-11-20;12;0
5;2025-11-20;13;0
5;2025-11-20;14;0
5;2025-11-20;15;0
5;2025-11-20;16;0
5;2025-11-20;17;0
5;2025-11-20;18;0
5;2025-11-20;19;0
5;2025-11-20;20;0
5;2025-11-20;21;0
5;2025-11-20;22;0
5;2025-11-20;23;0
5;2025-11-21;0;0
5;2025-11-21;1;0
5;2025-11-21;2;0
5;2025-11-21;3;0
5;2025-11-21;4;0
5;2025-11-21;5;0
5;2025-11-21;6;0
5;2025-11-21;7;0
5;2025-11-21;8;0
5;2025-11-21;9;0
5;2025-11-21;10;0
5;2025-11-21;11;0
5;2025-11-21;12;0
5;2025-11-21;13;0
5;2025-11-21;14;0
5;2025-11-21;15;0
5;2025-11-21;16;0
5;2025-11-21;17;0
5;2025-11-21;18;0
5;2025-11-21;19;0
5;2025-11-21;20;0
5;2025-11-21;21;0
5;2025-11-21;22;0
5;2025-11-21;23;0
5;2025-11-22;0;0
5;2025-11-22;1;0
5;2025-11-22;2;0
5;2025-11-22;3;0
5;2025-11-22;4;0
5;2025-11-22;5;0
5;2025-11-22;6;0
5;2025-11-22;7;0
5;2025-11-22;8;0
5;2025-11-22;9;0
5;2025-11-22;10;0
5;2025-11-22;11;0
5;2025-11-22;12;0
5;2025-11-22;13;0
5;2025-11-22;14;0
5;2025-11-22;15;0
5;2025-11-22;16;0
5;2025-11-22;17;0
5;2025-11-22;18;0
5;2025-11-22;19;0
5;2025-11-22;20;0
5;2025-11-22;21;0
5;2025-11-22;22;0
5;2025-11-22;23;0
5;2025-11-23;0;0
5;2025-11-23;1;0
5;2025-11-23;2;0
5;2025-11-23;3;0
5;2025-11-23;4;0
5;2025-11-23;5;0
5;2025-11-23;6;0
5;2025-11-23;7;0
5;2025-11-23;8;0
5;2025-11-23;9;0
5;2025-11-23;10;0
5;2025-11-23;11;0
5;2025-11-23;12;0
5;2025-11-23;13;0
5;2025-11-23;14;0
5;2025-11-23;15;0
5;2025-11-23;16;0
5;2025-11-23;17;0
5;2025-11-23;18;0
5;2025-11-23;19;0
5;2025-11-23;20;0
5;2025-11-23;21;0
5;2025-11-23;22;0
5;2025-11-23;23;0
5;2025-11-24;0;0
5;2025-11-24;1;0
5;2025-11-24;2;0
5;2025-11-24;3;0
5;2025-11-24;4;0
5;2025-11-24;5;0
5;2025-11-24;6;0
5;2025-11-24;7;0
5;2025-11-24;8;0
5;2025-11-24;9;0
5;2025-11-24;10;0
5;2025-11-24;11;0
5;2025-11-24;12;0
5;2025-11-24;13;0
5;2025-11-24;14;0
5;2025-11-24;15;0
5;2025-11-24;16;0
5;2025-11-24;17;0
5;2025-11-24;18;0
5;2025-11-24;19;0
5;2025-11-24;20;0
5;2025-11-24;21;0
5;2025-11-24;22;0
5;2025-11-24;23;0
5;2025-11-25;0;0
5;2025-11-25;1;0
5;2025-11-25;2;0
5;2025-11-25;3;0
5;2025-11-25;4;0
5;2025-11-25;5;0
5;2025-11-25;6;0
5;2025-11-25;7;0
5;2025-11-25;8;0
5;2025-11-25;9;0
5;2025-11-25;10;0
5;2025-11-25;11;0
5;2025-11-25;12;0
5;2025-11-25;13;0
5;2025-11-25;14;0
5;2025-11-25;15;0
5;2025-11-25;16;0
5;2025-11-25;17;0
5;2025-11-25;18;0
5;2025-11-25;19;0
5;2025-11-25;20;0
5;2025-11-25;21;0
5;2025-11-25;22;0
5;2025-11-25;23;0
5;2025-11-26;0;0
5;2025-11-26;1;0
5;2025-11-26;2;0
5;2025-11-26;3;0
5;2025-11-26;4;0
5;2025-11-26;5;0
5;2025-11-26;6;0
5;2025-11-26;7;0
5;2025-11-26;8;0
5;2025-11-26;9;0
5;2025-11-26;10;0
5;2025-11-26;11;0
5;2025-11-26;12;0
5;2025-11-26;13;0
5;2025-11-26;14;0
5;2025-11-26;15;0
5;2025-11-26;16;0
5;2025-11-26;17;0
5;2025-11-26;18;0
5;2025-11-26;19;0
5;2025-11-26;20;0
5;2025-11-26;21;0
5;2025-11-26;22;0
5;2025-11-26;23;0
5;2025-11-27;0;0
5;2025-11-27;1;0
5;2025-11-27;2;0
5;2025-11-27;3;0
5;2025-11-27;4;0
5;2025-11-27;5;0
5;2025-11-27;6;0
5;2025-11-27;7;0
5;2025-11-27;8;0
5;2025-11-27;9;0
5;2025-11-27;10;0
5;2025-11-27;11;0
5;2025-11-27;12;0
5;2025-11-27;13;0
5;2025-11-27;14;0
5;2025-11-27;15;0
5;2025-11-27;16;0
5;2025-11-27;17;0
5;2025-11-27;18;0
5;2025-11-27;19;0
5;2025-11-27;20;0
5;2025-11-27;21;0
5;2025-11-27;22;0
5;2025-11-27;23;0
5;2025-11-28;0;0
5;2025-11-28;1;0
5;2025-11-28;2;0
5;2025-11-28;3;0
5;2025-11-28;4;0
5;2025-11-28;5;0
5;2025-11-28;6;0
5;2025-11-28;7;0
5;2025-11-28;8;0
5;2025-11-28;9;0
5;2025-11-28;10;0
5;2025-11-28;11;0
5;2025-11-28;12;0
5;2025-11-28;13;0
5;2025-11-28;14;0
5;2025-11-28;15;0
5;2025-11-28;16;0
5;2025-11-28;17;0
5;2025-11-28;18;0
5;2025-11-28;19;0
5;2025-11-28;20;0
5;2025-11-28;21;0
5;2025-11-28;22;0
5;2025-11-28;23;0
5;2025-11-29;0;0
5;2025-11-29;1;0
5;2025-11-29;2;0
5;2025-11-29;3;0
5;2025-11-29;4;0
5;2025-11-29;5;0
5;2025-11-29;6;0
5;2025-11-29;7;0
5;2025-11-29;8;0
5;2025-11-29;9;0
5;2025-11-29;10;0
5;2025-11-29;11;0
5;2025-11-29;12;0
5;2025-11-29;13;0
5;2025-11-29;14;0
5;2025-11-29;15;0
5;2025-11-29;16;0
5;2025-11-29;17;0
5;2025-11-29;18;0
5;2025-11-29;19;0
5;2025-11-29;20;0
5;2025-11-29;21;0
5;2025-11-29;22;0
5;2025-11-29;23;0
5;2025-11-30;0;0
5;2025-11-30;1;0
5;2025-11-30;2;0
5;2025-11-30;3;0
5;2025-11-30;4;0
5;2025-11-30;5;0
5;2025-11-30;6;0
5;2025-11-30;7;0
5;2025-11-30;8;0
5;2025-11-30;9;0
5;2025-11-30;10;0
5;2025-11-30;11;0
5;2025-11-30;12;0
5;2025-11-30;13;0
5;2025-11-30;14;0
5;2025-11-30;15;0
5;2025-11-30;16;0
5;2025-11-30;17;0
5;2025-11-30;18;0
5;2025-11-30;19;0
5;2025-11-30;20;0
5;2025-11-30;21;0
5;2025-11-30;22;0
5;2025-11-30;23;0
5;2025-12-01;0;0
5;2025-12-01;1;0
5;2025-12-01;2;0
5;2025-12-01;3;0
5;2025-12-01;4;0
5;2025-12-01;5;0
5;2025-12-01;6;0
5;2025-12-01;7;0
5;2025-12-01;8;0
5;2025-12-01;9;0
5;2025-12-01;10;0
5;2025-12-01;11;0
5;2025-12-01;12;0
5;2025-12-01;13;0
5;2025-12-01;14;0
5;2025-12-01;15;0
5;2025-12-01;16;0
5;2025-12-01;17;0
5;2025-12-01;18;0
5;2025-12-01;19;0
5;2025-12-01;20;0
5;2025-12-01;21;0
5;2025-12-01;22;0
5;2025-12-01;23;0
5;2025-12-02;0;0
5;2025-12-02;1;0
5;2025-12-02;2;0
5;2025-12-02;3;0
5;2025-12-02;4;0
5;2025-12-02;5;0
5;2025-12-02;6;0
5;2025-12-02;7;0
5;2025-12-02;8;0
5;2025-12-02;9;0
5;2025-12-02;10;0
5;2025-12-02;11;0
5;2025-12-02;12;0
5;2025-12-02;13;0
5;2025-12-02;14;0
5;2025-12-02;15;0
5;2025-12-02;16;0
5;2025-12-02;17;0
5;2025-12-02;18;0
5;2025-12-02;19;0
5;2025-12-02;20;0
5;2025-12-02;21;0
5;2025-12-02;22;0
5;2025-12-02;23;0
5;2025-12-03;0;0
5;2025-12-03;1;0
5;2025-12-03;2;0
5;2025-12-03;3;0
5;2025-12-03;4;0
5;2025-12-03;5;0
5;2025-12-03;6;0
5;2025-12-03;7;0
5;2025-12-03;8;0
5;2025-12-03;9;0
5;2025-12-03;10;0
5;2025-12-03;11;0
5;2025-12-03;12;0
5;2025-12-03;13;0
5;2025-12-03;14;0
5;2025-12-03;15;0
5;2025-12-03;16;0
5;2025-12-03;17;0
5;2025-12-03;18;0
5;2025-12-03;19;0
5;2025-12-03;20;0
5;2025-12-03;21;0
5;2025-12-03;22;0
5;2025-12-03;23;0
5;2025-12-04;0;0
5;2025-12-04;1;0
5;2025-12-04;2;0
5;2025-12-04;3;0
5;2025-12-04;4;0
5;2025-12-04;5;0
5;2025-12-04;6;0
5;2025-12-04;7;0
5;2025-12-04;8;0
5;2025-12-04;9;0
5;2025-12-04;10;0
5;2025-12-04;11;0
5;2025-12-04;12;0
5;2025-12-04;13;0
5;2025-12-04;14;0
5;2025-12-04;15;0
5;2025-12-04;16;0
5;2025-12-04;17;0
5;2025-12-04;18;0
5;2025-12-04;19;0
5;2025-12-04;20;0
5;2025-12-04;21;0
5;2025-12-04;22;0
5;2025-12-04;23;0
5;2025-12-05;0;0
5;2025-12-05;1;0
5;2025-12-05;2;0
5;2025-12-05;3;0
5;2025-12-05;4;0
5;2025-12-05;5;0
5;2025-12-05;6;0
5;2025-12-05;7;0
5;2025-12-05;8;0
5;2025-12-05;9;0
5;2025-12-05;10;0
5;2025-12-05;11;0
5;2025-12-05;12;0
5;2025-12-05;13;0
5;2025-12-05;14;0
5;2025-12-05;15;0
5;2025-12-05;16;0
5;2025-12-05;17;0
5;2025-12-05;18;0
5;2025-12-05;19;0
5;2025-12-05;20;0
5;2025-12-05;21;0
5;2025-12-05;22;0
5;2025-12-05;23;0
5;2025-12-06;0;0
5;2025-12-06;1;0
5;2025-12-06;2;0
5;2025-12-06;3;0
5;2025-12-06;4;0
5;2025-12-06;5;0
5;2025-12-06;6;0
5;2025-12-06;7;0
5;2025-12-06;8;0
5;2025-12-06;9;0
5;2025-12-06;10;0
5;2025-12-06;11;0
5;2025-12-06;12;0
5;2025-12-06;13;0
5;2025-12-06;14;0
5;2025-12-06;15;0
5;2025-12-06;16;0
5;2025-12-06;17;0
5;2025-12-06;18;0
5;2025-12-06;19;0
5;2025-12-06;20;0
5;2025-12-06;21;0
5;2025-12-06;22;0
5;2025-12-06;23;0
5;2025-12-07;0;0
5;2025-12-07;1;0
5;2025-12-07;2;0
5;2025-12-07;3;0
5;2025-12-07;4;0
5;2025-12-07;5;0
5;2025-12-07;6;0
5;2025-12-07;7;0
5;2025-12-07;8;0
5;2025-12-07;9;0
5;2025-12-07;10;0
5;2025-12-07;11;0
5;2025-12-07;12;0
5;2025-12-07;13;0
5;2025-12-07;14;0
5;2025-12-07;15;0
5;2025-12-07;16;0
5;2025-12-07;17;0
5;2025-12-07;18;0
5;2025-12-07;19;0
5;2025-12-07;20;0
5;2025-12-07;21;0
5;2025-12-07;22;0
5;2025-12-07;23;0
5;2025-12-08;0;0
5;2025-12-08;1;0
5;2025-12-08;2;0
5;2025-12-08;3;0
5;2025-12-08;4;0
5;2025-12-08;5;0
5;2025-12-08;6;0
5;2025-12-08;7;0
5;2025-12-08;8;0
5;2025-12-08;9;0
5;2025-12-08;10;0
5;2025-12-08;11;0
5;2025-12-08;12;0
5;2025-12-08;13;0
5;2025-12-08;14;0
5;2025-12-08;15;0
5;2025-12-08;16;0
5;2025-12-08;17;0
5;2025-12-08;18;0
5;2025-12-08;19;0
5;2025-12-08;20;0
5;2025-12-08;21;0
5;2025-12-08;22;0
5;2025-12-08;23;0
5;2025-12-09;0;0
5;2025-12-09;1;0
5;2025-12-09;2;0
5;2025-12-09;3;0
5;2025-12-09;4;0
5;2025-12-09;5;0
5;2025-12-09;6;0
5;2025-12-09;7;0
5;2025-12-09;8;0
5;2025-12-09;9;0
5;2025-12-09;10;0
5;2025-12-09;11;0
5;2025-12-09;12;0
5;2025-12-09;13;0
5;2025-12-09;14;0
5;2025-12-09;15;0
5;2025-12-09;16;0
5;2025-12-09;17;0
5;2025-12-09;18;0
5;2025-12-09;19;0
5;2025-12-09;20;0
5;2025-12-09;21;0
5;2025-12-09;22;0
5;2025-12-09;23;0
5;2025-12-10;0;0
5;2025-12-10;1;0
5;2025-12-10;2;0
5;2025-12-10;3;0
5;2025-12-10;4;0
5;2025-12-10;5;0
5;2025-12-10;6;0
5;2025-12-10;7;0
5;2025-12-10;8;0
5;2025-12-10;9;0
5;2025-12-10;10;0
5;2025-12-10;11;0
5;2025-12-10;12;0
5;2025-12-10;13;0
5;2025-12-10;14;0
5;2025-12-10;15;0
5;2025-12-10;16;0
5;2025-12-10;17;0
5;2025-12-10;18;0
5;2025-12-10;19;0
5;2025-12-10;20;0
5;2025-12-10;21;0
5;2025-12-10;22;0
5;2025-12-10;23;0
5;2025-12-11;0;0
5;2025-12-11;1;0
5;2025-12-11;2;0
5;2025-12-11;3;0
5;2025-12-11;4;0
5;2025-12-11;5;0
5;2025-12-11;6;0
5;2025-12-11;7;0
5;2025-12-11;8;0
5;2025-12-11;9;0
5;2025-12-11;10;0
5;2025-12-11;11;0
5;2025-12-11;12;0
5;2025-12-11;13;0
5;2025-12-11;14;0
5;2025-12-11;15;0
5;2025-12-11;16;0
5;2025-12-11;17;0
5;2025-12-11;18;0
5;2025-12-11;19;0
5;2025-12-11;20;0
5;2025-12-11;21;0
5;2025-12-11;22;0
5;2025-12-11;23;0
5;2025-12-12;0;0
5;2025-12-12;1;0
5;2025-12-12;2;0
5;2025-12-12;3;0
5;2025-12-12;4;0
5;2025-12-12;5;0
5;2025-12-12;6;0
5;2025-12-12;7;0
5;2025-12-12;8;0
5;2025-12-12;9;0
5;2025-12-12;10;0
5;2025-12-12;11;0
5;2025-12-12;12;0
5;2025-12-12;13;0
5;2025-12-12;14;0
5;2025-12-12;15;0
5;2025-12-12;16;0
5;2025-12-12;17;0
5;2025-12-12;18;0
5;2025-12-12;19;0
5;2025-12-12;20;0
5;2025-12-12;21;0
5;2025-12-12;22;0
5;2025-12-12;23;0
5;2025-12-13;0;0
5;2025-12-13;1;0
5;2025-12-13;2;0
5;2025-12-13;3;0
5;2025-12-13;4;0
5;2025-12-13;5;0
5;2025-12-13;6;0
5;2025-12-13;7;0
5;2025-12-13;8;0
5;2025-12-13;9;0
5;2025-12-13;10;0
5;2025-12-13;11;0
5;2025-12-13;12;0
5;2025-12-13;13;0
5;2025-12-13;14;0
5;2025-12-13;15;0
5;2025-12-13;16;0
5;2025-12-13;17;0
5;2025-12-13;18;0
5;2025-12-13;19;0
5;2025-12-13;20;0
5;2025-12-13;21;0
5;2025-12-13;22;0
5;2025-12-13;23;0
5;2025-12-14;0;0
5;2025-12-14;1;0
5;2025-12-14;2;0
5;2025-12-14;3;0
5;2025-12-14;4;0
5;2025-12-14;5;0
5;2025-12-14;6;0
5;2025-12-14;7;0
5;2025-12-14;8;0
5;2025-12-14;9;0
5;2025-12-14;10;0
5;2025-12-14;11;0
5;2025-12-14;12;0
5;2025-12-14;13;0
5;2025-12-14;14;0
5;2025-12-14;15;0
5;2025-12-14;16;0
5;2025-12-14;17;0
5;2025-12-14;18;0
5;2025-12-14;19;0
5;2025-12-14;20;0
5;2025-12-14;21;0
5;2025-12-14;22;0
5;2025-12-14;23;0
5;2025-12-15;0;0
5;2025-12-15;1;0
5;2025-12-15;2;0
5;2025-12-15;3;0
5;2025-12-15;4;0
5;2025-12-15;5;0
5;2025-12-15;6;0
5;2025-12-15;7;0
5;2025-12-15;8;0
5;2025-12-15;9;0
5;2025-12-15;10;0
5;2025-12-15;11;0
5;2025-12-15;12;0
5;2025-12-15;13;0
5;2025-12-15;14;0
5;2025-12-15;15;0
5;2025-12-15;16;0
5;2025-12-15;17;0
5;2025-12-15;18;0
5;2025-12-15;19;0
5;2025-12-15;20;0
5;2025-12-15;21;0
5;2025-12-15;22;0
5;2025-12-15;23;0
5;2025-12-16;0;0
5;2025-12-16;1;0
5;2025-12-16;2;0
5;2025-12-16;3;0
5;2025-12-16;4;0
5;2025-12-16;5;0
5;2025-12-16;6;0
5;2025-12-16;7;0
5;2025-12-16;8;0
5;2025-12-16;9;0
5;2025-12-16;10;0
5;2025-12-16;11;0
5;2025-12-16;12;0
5;2025-12-16;13;0
5;2025-12-16;14;0
5;2025-12-16;15;0
5;2025-12-16;16;0
5;2025-12-16;17;0
5;2025-12-16;18;0
5;2025-12-16;19;0
5;2025-12-16;20;0
5;2025-12-16;21;0
5;2025-12-16;22;0
5;2025-12-16;23;0
5;2025-12-17;0;0
5;2025-12-17;1;0
5;2025-12-17;2;0
5;2025-12-17;3;0
5;2025-12-17;4;0
5;2025-12-17;5;0
5;2025-12-17;6;0
5;2025-12-17;7;0
5;2025-12-17;8;0
5;2025-12-17;9;0
5;2025-12-17;10;0
5;2025-12-17;11;0
5;2025-12-17;12;0
5;2025-12-17;13;0
5;2025-12-17;14;0
5;2025-12-17;15;0
5;2025-12-17;16;0
5;2025-12-17;17;0
5;2025-12-17;18;0
5;2025-12-17;19;0
5;2025-12-17;20;0
5;2025-12-17;21;0
5;2025-12-17;22;0
5;2025-12-17;23;0
5;2025-12-18;0;0
5;2025-12-18;1;0
5;2025-12-18;2;0
5;2025-12-18;3;0
5;2025-12-18;4;0
5;2025-12-18;5;0
5;2025-12-18;6;0
5;2025-12-18;7;0
5;2025-12-18;8;0
5;2025-12-18;9;0
5;2025-12-18;10;0
5;2025-12-18;11;0
5;2025-12-18;12;0
5;2025-12-18;13;0
5;2025-12-18;14;0
5;2025-12-18;15;0
5;2025-12-18;16;0
5;2025-12-18;17;0
5;2025-12-18;18;0
5;2025-12-18;19;0
5;2025-12-18;20;0
5;2025-12-18;21;0
5;2025-12-18;22;0
5;2025-12-18;23;0
5;2025-12-19;0;0
5;2025-12-19;1;0
5;2025-12-19;2;0
5;2025-12-19;3;0
5;2025-12-19;4;0
5;2025-12-19;5;0
5;2025-12-19;6;0
5;2025-12-19;7;0
5;2025-12-19;8;0
5;2025-12-19;9;0
5;2025-12-19;10;0
5;2025-12-19;11;0
5;2025-12-19;12;0
5;2025-12-19;13;0
5;2025-12-19;14;0
5;2025-12-19;15;0
5;2025-12-19;16;0
5;2025-12-19;17;0
5;2025-12-19;18;0
5;2025-12-19;19;0
5;2025-12-19;20;0
5;2025-12-19;21;0
5;2025-12-19;22;0
5;2025-12-19;23;0
5;2025-12-20;0;0
5;2025-12-20;1;0
5;2025-12-20;2;0
5;2025-12-20;3;0
5;2025-12-20;4;0
5;2025-12-20;5;0
5;2025-12-20;6;0
5;2025-12-20;7;0
5;2025-12-20;8;0
5;2025-12-20;9;0
5;2025-12-20;10;0
5;2025-12-20;11;0
5;2025-12-20;12;0
5;2025-12-20;13;0
5;2025-12-20;14;0
5;2025-12-20;15;0
5;2025-12-20;16;0
5;2025-12-20;17;0
5;2025-12-20;18;0
5;2025-12-20;19;0
5;2025-12-20;20;0
5;2025-12-20;21;0
5;2025-12-20;22;0
5;2025-12-20;23;0
5;2025-12-21;0;0
5;2025-12-21;1;0
5;2025-12-21;2;0
5;2025-12-21;3;0
5;2025-12-21;4;0
5;2025-12-21;5;0
5;2025-12-21;6;0
5;2025-12-21;7;0
5;2025-12-21;8;0
5;2025-12-21;9;0
5;2025-12-21;10;0
5;2025-12-21;11;0
5;2025-12-21;12;0
5;2025-12-21;13;0
5;2025-12-21;14;0
5;2025-12-21;15;0
5;2025-12-21;16;0
5;2025-12-21;17;0
5;2025-12-21;18;0
5;2025-12-21;19;0
5;2025-12-21;20;0
5;2025-12-21;21;0
5;2025-12-21;22;0
5;2025-12-21;23;0
5;2025-12-22;0;0
5;2025-12-22;1;0
5;2025-12-22;2;0
5;2025-12-22;3;0
5;2025-12-22;4;0
5;2025-12-22;5;0
5;2025-12-22;6;0
5;2025-12-22;7;0
5;2025-12-22;8;0
5;2025-12-22;9;0
5;2025-12-22;10;0
5;2025-12-22;11;0
5;2025-12-22;12;0
5;2025-12-22;13;0
5;2025-12-22;14;0
5;2025-12-22;15;0
5;2025-12-22;16;0
5;2025-12-22;17;0
5;2025-12-22;18;0
5;2025-12-22;19;0
5;2025-12-22;20;0
5;2025-12-22;21;0
5;2025-12-22;22;0
5;2025-12-22;23;0
5;2025-12-23;0;0
5;2025-12-23;1;0
5;2025-12-23;2;0
5;2025-12-23;3;0
5;2025-12-23;4;0
5;2025-12-23;5;0
5;2025-12-23;6;0
5;2025-12-23;7;0
5;2025-12-23;8;0
5;2025-12-23;9;0
5;2025-12-23;10;0
5;2025-12-23;11;0
5;2025-12-23;12;0
5;2025-12-23;13;0
5;2025-12-23;14;0
5;2025-12-23;15;0
5;2025-12-23;16;0
5;2025-12-23;17;0
5;2025-12-23;18;0
5;2025-12-23;19;0
5;2025-12-23;20;0
5;2025-12-23;21;0
5;2025-12-23;22;0
5;2025-12-23;23;0
5;2025-12-24;0;0
5;2025-12-24;1;0
5;2025-12-24;2;0
5;2025-12-24;3;0
5;2025-12-24;4;0
5;2025-12-24;5;0
5;2025-12-24;6;0
5;2025-12-24;7;0
5;2025-12-24;8;0
5;2025-12-24;9;0
5;2025-12-24;10;0
5;2025-12-24;11;0
5;2025-12-24;12;0
5;2025-12-24;13;0
5;2025-12-24;14;0
5;2025-12-24;15;0
5;2025-12-24;16;0
5;2025-12-24;17;0
5;2025-12-24;18;0
5;2025-12-24;19;0
5;2025-12-24;20;0
5;2025-12-24;21;0
5;2025-12-24;22;0
5;2025-12-24;23;0
5;2025-12-25;0;0
5;2025-12-25;1;0
5;2025-12-25;2;0
5;2025-12-25;3;0
5;2025-12-25;4;0
5;2025-12-25;5;0
5;2025-12-25;6;0
5;2025-12-25;7;0
5;2025-12-25;8;0
5;2025-12-25;9;0
5;2025-12-25;10;0
5;2025-12-25;11;0
5;2025-12-25;12;0
5;2025-12-25;13;0
5;2025-12-25;14;0
5;2025-12-25;15;0
5;2025-12-25;16;0
5;2025-12-25;17;0
5;2025-12-25;18;0
5;2025-12-25;19;0
5;2025-12-25;20;0
5;2025-12-25;21;0
5;2025-12-25;22;0
5;2025-12-25;23;0
5;2025-12-26;0;0
5;2025-12-26;1;0
5;2025-12-26;2;0
5;2025-12-26;3;0
5;2025-12-26;4;0
5;2025-12-26;5;0
5;2025-12-26;6;0
5;2025-12-26;7;0
5;2025-12-26;8;0
5;2025-12-26;9;0
5;2025-12-26;10;0
5;2025-12-26;11;0
5;2025-12-26;12;0
5;2025-12-26;13;0
5;2025-12-26;14;0
5;2025-12-26;15;0
5;2025-12-26;16;0
5;2025-12-26;17;0
5;2025-12-26;18;0
5;2025-12-26;19;0
5;2025-12-26;20;0
5;2025-12-26;21;0
5;2025-12-26;22;0
5;2025-12-26;23;0
5;2025-12-27;0;0
5;2025-12-27;1;0
5;2025-12-27;2;0
5;2025-12-27;3;0
5;2025-12-27;4;0
5;2025-12-27;5;0
5;2025-12-27;6;0
5;2025-12-27;7;0
5;2025-12-27;8;0
5;2025-12-27;9;0
5;2025-12-27;10;0
5;2025-12-27;11;0
5;2025-12-27;12;0
5;2025-12-27;13;0
5;2025-12-27;14;0
5;2025-12-27;15;0
5;2025-12-27;16;0
5;2025-12-27;17;0
5;2025-12-27;18;0
5;2025-12-27;19;0
5;2025-12-27;20;0
5;2025-12-27;21;0
5;2025-12-27;22;0
5;2025-12-27;23;0
5;2025-12-28;0;0
5;2025-12-28;1;0
5;2025-12-28;2;0
5;2025-12-28;3;0
5;2025-12-28;4;0
5;2025-12-28;5;0
5;2025-12-28;6;0
5;2025-12-28;7;0
5;2025-12-28;8;0
5;2025-12-28;9;0
5;2025-12-28;10;0
5;2025-12-28;11;0
5;2025-12-28;12;0
5;2025-12-28;13;0
5;2025-12-28;14;0
5;2025-12-28;15;0
5;2025-12-28;16;0
5;2025-12-28;17;0
5;2025-12-28;18;0
5;2025-12-28;19;0
5;2025-12-28;20;0
5;2025-12-28;21;0
5;2025-12-28;22;0
5;2025-12-28;23;0
5;2025-12-29;0;0
5;2025-12-29;1;0
5;2025-12-29;2;0
5;2025-12-29;3;0
5;2025-12-29;4;0
5;2025-12-29;5;0
5;2025-12-29;6;0
5;2025-12-29;7;0
5;2025-12-29;8;0
5;2025-12-29;9;0
5;2025-12-29;10;0
5;2025-12-29;11;0
5;2025-12-29;12;0
5;2025-12-29;13;0
5;2025-12-29;14;0
5;2025-12-29;15;0
5;2025-12-29;16;0
5;2025-12-29;17;0
5;2025-12-29;18;0
5;2025-12-29;19;0
5;2025-12-29;20;0
5;2025-12-29;21;0
5;2025-12-29;22;0
5;2025-12-29;23;0
5;2025-12-30;0;0
5;2025-12-30;1;0
5;2025-12-30;2;0
5;2025-12-30;3;0
5;2025-12-30;4;0
5;2025-12-30;5;0
5;2025-12-30;6;0
5;2025-12-30;7;0
5;2025-12-30;8;0
5;2025-12-30;9;0
5;2025-12-30;10;0
5;2025-12-30;11;0
5;2025-12-30;12;0
5;2025-12-30;13;0
5;2025-12-30;14;0
5;2025-12-30;15;0
5;2025-12-30;16;0
5;2025-12-30;17;0
5;2025-12-30;18;0
5;2025-12-30;19;0
5;2025-12-30;20;0
5;2025-12-30;21;0
5;2025-12-30;22;0
5;2025-12-30;23;0
5;2025-12-31;0;0
5;2025-12-31;1;0
5;2025-12-31;2;0
5;2025-12-31;3;0
5;2025-12-31;4;0
5;2025-12-31;5;0
5;2025-12-31;6;0
5;2025-12-31;7;0
5;2025-12-31;8;0
5;2025-12-31;9;0
5;2025-12-31;10;0
5;2025-12-31;11;0
5;2025-12-31;12;0
5;2025-12-31;13;0
5;2025-12-31;14;0
5;2025-12-31;15;0
5;2025-12-31;16;0
5;2025-12-31;17;0
5;2025-12-31;18;0
5;2025-12-31;19;0
5;2025-12-31;20;0
5;2025-12-31;21;0
5;2025-12-31;22;0
5;2025-12-31;23;0
7;2025-11-01;0;0
7;2025-11-01;1;0
7;2025-11-01;2;0
7;2025-11-01;3;0
7;2025-11-01;4;0
7;2025-11-01;5;0
7;2025-11-01;6;0
7;2025-11-01;7;0
7;2025-11-01;8;0
7;2025-11-01;9;0
7;2025-11-01;10;0
7;2025-11-01;11;0
7;2025-11-01;12;0
7;2025-11-01;13;0
7;2025-11-01;14;0
7;2025-11-01;15;0
7;2025-11-01;16;0
7;2025-11-01;17;0
7;2025-11-01;18;0
7;2025-11-01;19;0
7;2025-11-01;20;0
7;2025-11-01;21;0
7;2025-11-01;22;0
7;2025-11-01;23;0
7;2025-11-02;0;0
7;2025-11-02;1;0
7;2025-11-02;2;0
7;2025-11-02;3;0
7;2025-11-02;4;0
7;2025-11-02;5;0
7;2025-11-02;6;0
7;2025-11-02;7;0
7;2025-11-02;8;0
7;2025-11-02;9;0
7;2025-11-02;10;0
7;2025-11-02;11;0
7;2025-11-02;12;0
7;2025-11-02;13;0
7;2025-11-02;14;0
7;2025-11-02;15;0
7;2025-11-02;16;0
7;2025-11-02;17;0
7;2025-11-02;18;0
7;2025-11-02;19;0
7;2025-11-02;20;0
7;2025-11-02;21;0
7;2025-11-02;22;0
7;2025-11-02;23;0
7;2025-11-03;0;0
7;2025-11-03;1;0
7;2025-11-03;2;0
7;2025-11-03;3;0
7;2025-11-03;4;0
7;2025-11-03;5;0
7;2025-11-03;6;0
7;2025-11-03;7;0
7;2025-11-03;8;0
7;2025-11-03;9;0
7;2025-11-03;10;0
7;2025-11-03;11;0
7;2025-11-03;12;0
7;2025-11-03;13;0
7;2025-11-03;14;0
7;2025-11-03;15;0
7;2025-11-03;16;0
7;2025-11-03;17;0
7;2025-11-03;18;0
7;2025-11-03;19;0
7;2025-11-03;20;0
7;2025-11-03;21;0
7;2025-11-03;22;0
7;2025-11-03;23;0
7;2025-11-04;0;0
7;2025-11-04;1;0
7;2025-11-04;2;0
7;2025-11-04;3;0
7;2025-11-04;4;0
7;2025-11-04;5;0
7;2025-11-04;6;0
7;2025-11-04;7;0
7;2025-11-04;8;0
7;2025-11-04;9;0
7;2025-11-04;10;0
7;2025-11-04;11;0
7;2025-11-04;12;0
7;2025-11-04;13;0
7;2025-11-04;14;0
7;2025-11-04;15;0
7;2025-11-04;16;0
7;2025-11-04;17;0
7;2025-11-04;18;0
7;2025-11-04;19;0
7;2025-11-04;20;0
7;2025-11-04;21;0
7;2025-11-04;22;0
7;2025-11-04;23;0
7;2025-11-05;0;0
7;2025-11-05;1;0
7;2025-11-05;2;0
7;2025-11-05;3;0
7;2025-11-05;4;0
7;2025-11-05;5;0
7;2025-11-05;6;0
7;2025-11-05;7;0
7;2025-11-05;8;0
7;2025-11-05;9;0
7;2025-11-05;10;0
7;2025-11-05;11;0
7;2025-11-05;12;0
7;2025-11-05;13;0
7;2025-11-05;14;0
7;2025-11-05;15;0
7;2025-11-05;16;0
7;2025-11-05;17;0
7;2025-11-05;18;0
7;2025-11-05;19;0
7;2025-11-05;20;0
7;2025-11-05;21;0
7;2025-11-05;22;0
7;2025-11-05;23;0
7;2025-11-06;0;0
7;2025-11-06;1;0
7;2025-11-06;2;0
7;2025-11-06;3;0
7;2025-11-06;4;0
7;2025-11-06;5;0
7;2025-11-06;6;0
7;2025-11-06;7;0
7;2025-11-06;8;0
7;2025-11-06;9;0
7;2025-11-06;10;0
7;2025-11-06;11;0
7;2025-11-06;12;0
7;2025-11-06;13;0
7;2025-11-06;14;0
7;2025-11-06;15;0
7;2025-11-06;16;0
7;2025-11-06;17;0
7;2025-11-06;18;0
7;2025-11-06;19;0
7;2025-11-06;20;0
7;2025-11-06;21;0
7;2025-11-06;22;0
7;2025-11-06;23;0
7;2025-11-07;0;0
7;2025-11-07;1;0
7;2025-11-07;2;0
7;2025-11-07;3;0
7;2025-11-07;4;0
7;2025-11-07;5;0
7;2025-11-07;6;0
7;2025-11-07;7;0
7;2025-11-07;8;0
7;2025-11-07;9;0
7;2025-11-07;10;0
7;2025-11-07;11;0
7;2025-11-07;12;0
7;2025-11-07;13;0
7;2025-11-07;14;0
7;2025-11-07;15;0
7;2025-11-07;16;0
7;2025-11-07;17;0
7;2025-11-07;18;0
7;2025-11-07;19;0
7;2025-11-07;20;0
7;2025-11-07;21;0
7;2025-11-07;22;0
7;2025-11-07;23;0
7;2025-11-08;0;0
7;2025-11-08;1;0
7;2025-11-08;2;0
7;2025-11-08;3;0
7;2025-11-08;4;0
7;2025-11-08;5;0
7;2025-11-08;6;0
7;2025-11-08;7;0
7;2025-11-08;8;0
7;2025-11-08;9;0
7;2025-11-08;10;0
7;2025-11-08;11;0
7;2025-11-08;12;0
7;2025-11-08;13;0
7;2025-11-08;14;0
7;2025-11-08;15;0
7;2025-11-08;16;0
7;2025-11-08;17;0
7;2025-11-08;18;0
7;2025-11-08;19;0
7;2025-11-08;20;0
7;2025-11-08;21;0
7;2025-11-08;22;0
7;2025-11-08;23;0
7;2025-11-09;0;0
7;2025-11-09;1;0
7;2025-11-09;2;0
7;2025-11-09;3;0
7;2025-11-09;4;0
7;2025-11-09;5;0
7;2025-11-09;6;0
7;2025-11-09;7;0
7;2025-11-09;8;0
7;2025-11-09;9;0
7;2025-11-09;10;0
7;2025-11-09;11;0
7;2025-11-09;12;0
7;2025-11-09;13;0
7;2025-11-09;14;0
7;2025-11-09;15;0
7;2025-11-09;16;0
7;2025-11-09;17;0
7;2025-11-09;18;0
7;2025-11-09;19;0
7;2025-11-09;20;0
7;2025-11-09;21;0
7;2025-11-09;22;0
7;2025-11-09;23;0
7;2025-11-10;0;0
7;2025-11-10;1;0
7;2025-11-10;2;0
7;2025-11-10;3;0
7;2025-11-10;4;0
7;2025-11-10;5;0
7;2025-11-10;6;0
7;2025-11-10;7;0
7;2025-11-10;8;0
7;2025-11-10;9;0
7;2025-11-10;10;0
7;2025-11-10;11;0
7;2025-11-10;12;0
7;2025-11-10;13;0
7;2025-11-10;14;0
7;2025-11-10;15;0
7;2025-11-10;16;0
7;2025-11-10;17;0
7;2025-11-10;18;0
7;2025-11-10;19;0
7;2025-11-10;20;0
7;2025-11-10;21;0
7;2025-11-10;22;0
7;2025-11-10;23;0
7;2025-11-11;0;0
7;2025-11-11;1;0
7;2025-11-11;2;0
7;2025-11-11;3;0
7;2025-11-11;4;0
7;2025-11-11;5;0
7;2025-11-11;6;0
7;2025-11-11;7;0
7;2025-11-11;8;0
7;2025-11-11;9;0
7;2025-11-11;10;0
7;2025-11-11;11;0
7;2025-11-11;12;0
7;2025-11-11;13;0
7;2025-11-11;14;0
7;2025-11-11;15;0
7;2025-11-11;16;0
7;2025-11-11;17;0
7;2025-11-11;18;0
7;2025-11-11;19;0
7;2025-11-11;20;0
7;2025-11-11;21;0
7;2025-11-11;22;0
7;2025-11-11;23;0
7;2025-11-12;0;0
7;2025-11-12;1;0
7;2025-11-12;2;0
7;2025-11-12;3;0
7;2025-11-12;4;0
7;2025-11-12;5;0
7;2025-11-12;6;0
7;2025-11-12;7;0
7;2025-11-12;8;0
7;2025-11-12;9;0
7;2025-11-12;10;0
7;2025-11-12;11;0
7;2025-11-12;12;0
7;2025-11-12;13;0
7;2025-11-12;14;0
7;2025-11-12;15;0
7;2025-11-12;16;0
7;2025-11-12;17;0
7;2025-11-12;18;0
7;2025-11-12;19;0
7;2025-11-12;20;0
7;2025-11-12;21;0
7;2025-11-12;22;0
7;2025-11-12;23;0
7;2025-11-13;0;0
7;2025-11-13;1;0
7;2025-11-13;2;0
7;2025-11-13;3;0
7;2025-11-13;4;0
7;2025-11-13;5;0
7;2025-11-13;6;0
7;2025-11-13;7;0
7;2025-11-13;8;0
7;2025-11-13;9;0
7;2025-11-13;10;0
7;2025-11-13;11;0
7;2025-11-13;12;0
7;2025-11-13;13;0
7;2025-11-13;14;0
7;2025-11-13;15;0
7;2025-11-13;16;0
7;2025-11-13;17;0
7;2025-11-13;18;0
7;2025-11-13;19;0
7;2025-11-13;20;0
7;2025-11-13;21;0
7;2025-11-13;22;0
7;2025-11-13;23;0
7;2025-11-14;0;0
7;2025-11-14;1;0
7;2025-11-14;2;0
7;2025-11-14;3;0
7;2025-11-14;4;0
7;2025-11-14;5;0
7;2025-11-14;6;0
7;2025-11-14;7;0
7;2025-11-14;8;0
7;2025-11-14;9;0
7;2025-11-14;10;0
7;2025-11-14;11;0
7;2025-11-14;12;0
7;2025-11-14;13;0
7;2025-11-14;14;0
7;2025-11-14;15;0
7;2025-11-14;16;0
7;2025-11-14;17;0
7;2025-11-14;18;0
7;2025-11-14;19;0
7;2025-11-14;20;0
7;2025-11-14;21;0
7;2025-11-14;22;0
7;2025-11-14;23;0
7;2025-11-15;0;0
7;2025-11-15;1;0
7;2025-11-15;2;0
7;2025-11-15;3;0
7;2025-11-15;4;0
7;2025-11-15;5;0
7;2025-11-15;6;0
7;2025-11-15;7;0
7;2025-11-15;8;0
7;2025-11-15;9;0
7;2025-11-15;10;0
7;2025-11-15;11;0
7;2025-11-15;12;0
7;2025-11-15;13;0
7;2025-11-15;14;0
7;2025-11-15;15;0
7;2025-11-15;16;0
7;2025-11-15;17;0
7;2025-11-15;18;0
7;2025-11-15;19;0
7;2025-11-15;20;0
7;2025-11-15;21;0
7;2025-11-15;22;0
7;2025-11-15;23;0
7;2025-11-16;0;0
7;2025-11-16;1;0
7;2025-11-16;2;0
7;2025-11-16;3;0
7;2025-11-16;4;0
7;2025-11-16;5;0
7;2025-11-16;6;0
7;2025-11-16;7;0
7;2025-11-16;8;0
7;2025-11-16;9;0
7;2025-11-16;10;0
7;2025-11-16;11;0
7;2025-11-16;12;0
7;2025-11-16;13;0
7;2025-11-16;14;0
7;2025-11-16;15;0
7;2025-11-16;16;0
7;2025-11-16;17;0
7;2025-11-16;18;0
7;2025-11-16;19;0
7;2025-11-16;20;0
7;2025-11-16;21;0
7;2025-11-16;22;0
7;2025-11-16;23;0
7;2025-11-17;0;0
7;2025-11-17;1;0
7;2025-11-17;2;0
7;2025-11-17;3;0
7;2025-11-17;4;0
7;2025-11-17;5;0
7;2025-11-17;6;0
7;2025-11-17;7;0
7;2025-11-17;8;0
7;2025-11-17;9;0
7;2025-11-17;10;0
7;2025-11-17;11;0
7;2025-11-17;12;0
7;2025-11-17;13;0
7;2025-11-17;14;0
7;2025-11-17;15;0
7;2025-11-17;16;0
7;2025-11-17;17;0
7;2025-11-17;18;0
7;2025-11-17;19;0
7;2025-11-17;20;0
7;2025-11-17;21;0
7;2025-11-17;22;0
7;2025-11-17;23;0
7;2025-11-18;0;0
7;2025-11-18;1;0
7;2025-11-18;2;0
7;2025-11-18;3;0
7;2025-11-18;4;0
7;2025-11-18;5;0
7;2025-11-18;6;0
7;2025-11-18;7;0
7;2025-11-18;8;0
7;2025-11-18;9;0
7;2025-11-18;10;0
7;2025-11-18;11;0
7;2025-11-18;12;0
7;2025-11-18;13;0
7;2025-11-18;14;0
7;2025-11-18;15;0
7;2025-11-18;16;0
7;2025-11-18;17;0
7;2025-11-18;18;0
7;2025-11-18;19;0
7;2025-11-18;20;0
7;2025-11-18;21;0
7;2025-11-18;22;0
7;2025-11-18;23;0
7;2025-11-19;0;0
7;2025-11-19;1;0
7;2025-11-19;2;0
7;2025-11-19;3;0
7;2025-11-19;4;0
7;2025-11-19;5;0
7;2025-11-19;6;0
7;2025-11-19;7;0
7;2025-11-19;8;0
7;2025-11-19;9;0
7;2025-11-19;10;0
7;2025-11-19;11;0
7;2025-11-19;12;0
7;2025-11-19;13;0
7;2025-11-19;14;0
7;2025-11-19;15;0
7;2025-11-19;16;0
7;2025-11-19;17;0
7;2025-11-19;18;0
7;2025-11-19;19;0
7;2025-11-19;20;0
7;2025-11-19;21;0
7;2025-11-19;22;0
7;2025-11-19;23;0
7;2025-11-20;0;0
7;2025-11-20;1;0
7;2025-11-20;2;0
7;2025-11-20;3;0
7;2025-11-20;4;0
7;2025-11-20;5;0
7;2025-11-20;6;0
7;2025-11-20;7;0
7;2025-11-20;8;0
7;2025-11-20;9;0
7;2025-11-20;10;0
7;2025-11-20;11;0
7;2025-11-20;12;0
7;2025-11-20;13;0
7;2025-11-20;14;0
7;2025-11-20;15;0
7;2025-11-20;16;0
7;2025-11-20;17;0
7;2025-11-20;18;0
7;2025-11-20;19;0
7;2025-11-20;20;0
7;2025-11-20;21;0
7;2025-11-20;22;0
7;2025-11-20;23;0
7;2025-11-21;0;0
7;2025-11-21;1;0
7;2025-11-21;2;0
7;2025-11-21;3;0
7;2025-11-21;4;0
7;2025-11-21;5;0
7;2025-11-21;6;0
7;2025-11-21;7;0
7;2025-11-21;8;0
7;2025-11-21;9;0
7;2025-11-21;10;0
7;2025-11-21;11;0
7;2025-11-21;12;0
7;2025-11-21;13;0
7;2025-11-21;14;0
7;2025-11-21;15;0
7;2025-11-21;16;0
7;2025-11-21;17;0
7;2025-11-21;18;0
7;2025-11-21;19;0
7;2025-11-21;20;0
7;2025-11-21;21;0
7;2025-11-21;22;0
7;2025-11-21;23;0
7;2025-11-22;0;0
7;2025-11-22;1;0
7;2025-11-22;2;0
7;2025-11-22;3;0
7;2025-11-22;4;0
7;2025-11-22;5;0
7;2025-11-22;6;0
7;2025-11-22;7;0
7;2025-11-22;8;0
7;2025-11-22;9;0
7;2025-11-22;10;0
7;2025-11-22;11;0
7;2025-11-22;12;0
7;2025-11-22;13;0
7;2025-11-22;14;0
7;2025-11-22;15;0
7;2025-11-22;16;0
7;2025-11-22;17;0
7;2025-11-22;18;0
7;2025-11-22;19;0
7;2025-11-22;20;0
7;2025-11-22;21;0
7;2025-11-22;22;0
7;2025-11-22;23;0
7;2025-11-23;0;0
7;2025-11-23;1;0
7;2025-11-23;2;0
7;2025-11-23;3;0
7;2025-11-23;4;0
7;2025-11-23;5;0
7;2025-11-23;6;0
7;2025-11-23;7;0
7;2025-11-23;8;0
7;2025-11-23;9;0
7;2025-11-23;10;0
7;2025-11-23;11;0
7;2025-11-23;12;0
7;2025-11-23;13;0
7;2025-11-23;14;0
7;2025-11-23;15;0
7;2025-11-23;16;0
7;2025-11-23;17;0
7;2025-11-23;18;0
7;2025-11-23;19;0
7;2025-11-23;20;0
7;2025-11-23;21;0
7;2025-11-23;22;0
7;2025-11-23;23;0
7;2025-11-24;0;0
7;2025-11-24;1;0
7;2025-11-24;2;0
7;2025-11-24;3;0
7;2025-11-24;4;0
7;2025-11-24;5;0
7;2025-11-24;6;0
7;2025-11-24;7;0
7;2025-11-24;8;0
7;2025-11-24;9;0
7;2025-11-24;10;0
7;2025-11-24;11;0
7;2025-11-24;12;0
7;2025-11-24;13;0
7;2025-11-24;14;0
7;2025-11-24;15;0
7;2025-11-24;16;0
7;2025-11-24;17;0
7;2025-11-24;18;0
7;2025-11-24;19;0
7;2025-11-24;20;0
7;2025-11-24;21;0
7;2025-11-24;22;0
7;2025-11-24;23;0
7;2025-11-25;0;0
7;2025-11-25;1;0
7;2025-11-25;2;0
7;2025-11-25;3;0
7;2025-11-25;4;0
7;2025-11-25;5;0
7;2025-11-25;6;0
7;2025-11-25;7;0
7;2025-11-25;8;0
7;2025-11-25;9;0
7;2025-11-25;10;0
7;2025-11-25;11;0
7;2025-11-25;12;0
7;2025-11-25;13;0
7;2025-11-25;14;0
7;2025-11-25;15;0
7;2025-11-25;16;0
7;2025-11-25;17;0
7;2025-11-25;18;0
7;2025-11-25;19;0
7;2025-11-25;20;0
7;2025-11-25;21;0
7;2025-11-25;22;0
7;2025-11-25;23;0
7;2025-11-26;0;0
7;2025-11-26;1;0
7;2025-11-26;2;0
7;2025-11-26;3;0
7;2025-11-26;4;0
7;2025-11-26;5;0
7;2025-11-26;6;0
7;2025-11-26;7;0
7;2025-11-26;8;0
7;2025-11-26;9;0
7;2025-11-26;10;0
7;2025-11-26;11;0
7;2025-11-26;12;0
7;2025-11-26;13;0
7;2025-11-26;14;0
7;2025-11-26;15;0
7;2025-11-26;16;0
7;2025-11-26;17;0
7;2025-11-26;18;0
7;2025-11-26;19;0
7;2025-11-26;20;0
7;2025-11-26;21;0
7;2025-11-26;22;0
7;2025-11-26;23;0
7;2025-11-27;0;0
7;2025-11-27;1;0
7;2025-11-27;2;0
7;2025-11-27;3;0
7;2025-11-27;4;0
7;2025-11-27;5;0
7;2025-11-27;6;0
7;2025-11-27;7;0
7;2025-11-27;8;0
7;2025-11-27;9;0
7;2025-11-27;10;0
7;2025-11-27;11;0
7;2025-11-27;12;0
7;2025-11-27;13;0
7;2025-11-27;14;0
7;2025-11-27;15;0
7;2025-11-27;16;0
7;2025-11-27;17;0
7;2025-11-27;18;0
7;2025-11-27;19;0
7;2025-11-27;20;0
7;2025-11-27;21;0
7;2025-11-27;22;0
7;2025-11-27;23;0
7;2025-11-28;0;0
7;2025-11-28;1;0
7;2025-11-28;2;0
7;2025-11-28;3;0
7;2025-11-28;4;0
7;2025-11-28;5;0
7;2025-11-28;6;0
7;2025-11-28;7;0
7;2025-11-28;8;0
7;2025-11-28;9;0
7;2025-11-28;10;0
7;2025-11-28;11;0
7;2025-11-28;12;0
7;2025-11-28;13;0
7;2025-11-28;14;0
7;2025-11-28;15;0
7;2025-11-28;16;0
7;2025-11-28;17;0
7;2025-11-28;18;0
7;2025-11-28;19;0
7;2025-11-28;20;0
7;2025-11-28;21;0
7;2025-11-28;22;0
7;2025-11-28;23;0
7;2025-11-29;0;0
7;2025-11-29;1;0
7;2025-11-29;2;0
7;2025-11-29;3;0
7;2025-11-29;4;0
7;2025-11-29;5;0
7;2025-11-29;6;0
7;2025-11-29;7;0
7;2025-11-29;8;0
7;2025-11-29;9;0
7;2025-11-29;10;0
7;2025-11-29;11;0
7;2025-11-29;12;0
7;2025-11-29;13;0
7;2025-11-29;14;0
7;2025-11-29;15;0
7;2025-11-29;16;0
7;2025-11-29;17;0
7;2025-11-29;18;0
7;2025-11-29;19;0
7;2025-11-29;20;0
7;2025-11-29;21;0
7;2025-11-29;22;0
7;2025-11-29;23;0
7;2025-11-30;0;0
7;2025-11-30;1;0
7;2025-11-30;2;0
7;2025-11-30;3;0
7;2025-11-30;4;0
7;2025-11-30;5;0
7;2025-11-30;6;0
7;2025-11-30;7;0
7;2025-11-30;8;0
7;2025-11-30;9;0
7;2025-11-30;10;0
7;2025-11-30;11;0
7;2025-11-30;12;0
7;2025-11-30;13;0
7;2025-11-30;14;0
7;2025-11-30;15;0
7;2025-11-30;16;0
7;2025-11-30;17;0
7;2025-11-30;18;0
7;2025-11-30;19;0
7;2025-11-30;20;0
7;2025-11-30;21;0
7;2025-11-30;22;0
7;2025-11-30;23;0
7;2025-12-01;0;0
7;2025-12-01;1;0
7;2025-12-01;2;0
7;2025-12-01;3;0
7;2025-12-01;4;0
7;2025-12-01;5;0
7;2025-12-01;6;0
7;2025-12-01;7;0
7;2025-12-01;8;0
7;2025-12-01;9;0
7;2025-12-01;10;0
7;2025-12-01;11;0
7;2025-12-01;12;0
7;2025-12-01;13;0
7;2025-12-01;14;0
7;2025-12-01;15;0
7;2025-12-01;16;0
7;2025-12-01;17;0
7;2025-12-01;18;0
7;2025-12-01;19;0
7;2025-12-01;20;0
7;2025-12-01;21;0
7;2025-12-01;22;0
7;2025-12-01;23;0
7;2025-12-02;0;0
7;2025-12-02;1;0
7;2025-12-02;2;0
7;2025-12-02;3;0
7;2025-12-02;4;0
7;2025-12-02;5;0
7;2025-12-02;6;0
7;2025-12-02;7;0
7;2025-12-02;8;0
7;2025-12-02;9;0
7;2025-12-02;10;0
7;2025-12-02;11;0
7;2025-12-02;12;0
7;2025-12-02;13;0
7;2025-12-02;14;0
7;2025-12-02;15;0
7;2025-12-02;16;0
7;2025-12-02;17;0
7;2025-12-02;18;0
7;2025-12-02;19;0
7;2025-12-02;20;0
7;2025-12-02;21;0
7;2025-12-02;22;0
7;2025-12-02;23;0
7;2025-12-03;0;0
7;2025-12-03;1;0
7;2025-12-03;2;0
7;2025-12-03;3;0
7;2025-12-03;4;0
7;2025-12-03;5;0
7;2025-12-03;6;0
7;2025-12-03;7;0
7;2025-12-03;8;0
7;2025-12-03;9;0
7;2025-12-03;10;0
7;2025-12-03;11;0
7;2025-12-03;12;0
7;2025-12-03;13;0
7;2025-12-03;14;0
7;2025-12-03;15;0
7;2025-12-03;16;0
7;2025-12-03;17;0
7;2025-12-03;18;0
7;2025-12-03;19;0
7;2025-12-03;20;0
7;2025-12-03;21;0
7;2025-12-03;22;0
7;2025-12-03;23;0
7;2025-12-04;0;0
7;2025-12-04;1;0
7;2025-12-04;2;0
7;2025-12-04;3;0
7;2025-12-04;4;0
7;2025-12-04;5;0
7;2025-12-04;6;0
7;2025-12-04;7;0
7;2025-12-04;8;0
7;2025-12-04;9;0
7;2025-12-04;10;0
7;2025-12-04;11;0
7;2025-12-04;12;0
7;2025-12-04;13;0
7;2025-12-04;14;0
7;2025-12-04;15;0
7;2025-12-04;16;0
7;2025-12-04;17;0
7;2025-12-04;18;0
7;2025-12-04;19;0
7;2025-12-04;20;0
7;2025-12-04;21;0
7;2025-12-04;22;0
7;2025-12-04;23;0
7;2025-12-05;0;0
7;2025-12-05;1;0
7;2025-12-05;2;0
7;2025-12-05;3;0
7;2025-12-05;4;0
7;2025-12-05;5;0
7;2025-12-05;6;0
7;2025-12-05;7;0
7;2025-12-05;8;0
7;2025-12-05;9;0
7;2025-12-05;10;0
7;2025-12-05;11;0
7;2025-12-05;12;0
7;2025-12-05;13;0
7;2025-12-05;14;0
7;2025-12-05;15;0
7;2025-12-05;16;0
7;2025-12-05;17;0
7;2025-12-05;18;0
7;2025-12-05;19;0
7;2025-12-05;20;0
7;2025-12-05;21;0
7;2025-12-05;22;0
7;2025-12-05;23;0
7;2025-12-06;0;0
7;2025-12-06;1;0
7;2025-12-06;2;0
7;2025-12-06;3;0
7;2025-12-06;4;0
7;2025-12-06;5;0
7;2025-12-06;6;0
7;2025-12-06;7;0
7;2025-12-06;8;0
7;2025-12-06;9;0
7;2025-12-06;10;0
7;2025-12-06;11;0
7;2025-12-06;12;0
7;2025-12-06;13;0
7;2025-12-06;14;0
7;2025-12-06;15;0
7;2025-12-06;16;0
7;2025-12-06;17;0
7;2025-12-06;18;0
7;2025-12-06;19;0
7;2025-12-06;20;0
7;2025-12-06;21;0
7;2025-12-06;22;0
7;2025-12-06;23;0
7;2025-12-07;0;0
7;2025-12-07;1;0
7;2025-12-07;2;0
7;2025-12-07;3;0
7;2025-12-07;4;0
7;2025-12-07;5;0
7;2025-12-07;6;0
7;2025-12-07;7;0
7;2025-12-07;8;0
7;2025-12-07;9;0
7;2025-12-07;10;0
7;2025-12-07;11;0
7;2025-12-07;12;0
7;2025-12-07;13;0
7;2025-12-07;14;0
7;2025-12-07;15;0
7;2025-12-07;16;0
7;2025-12-07;17;0
7;2025-12-07;18;0
7;2025-12-07;19;0
7;2025-12-07;20;0
7;2025-12-07;21;0
7;2025-12-07;22;0
7;2025-12-07;23;0
7;2025-12-08;0;0
7;2025-12-08;1;0
7;2025-12-08;2;0
7;2025-12-08;3;0
7;2025-12-08;4;0
7;2025-12-08;5;0
7;2025-12-08;6;0
7;2025-12-08;7;0
7;2025-12-08;8;0
7;2025-12-08;9;0
7;2025-12-08;10;0
7;2025-12-08;11;0
7;2025-12-08;12;0
7;2025-12-08;13;0
7;2025-12-08;14;0
7;2025-12-08;15;0
7;2025-12-08;16;0
7;2025-12-08;17;0
7;2025-12-08;18;0
7;2025-12-08;19;0
7;2025-12-08;20;0
7;2025-12-08;21;0
7;2025-12-08;22;0
7;2025-12-08;23;0
7;2025-12-09;0;0
7;2025-12-09;1;0
7;2025-12-09;2;0
7;2025-12-09;3;0
7;2025-12-09;4;0
7;2025-12-09;5;0
7;2025-12-09;6;0
7;2025-12-09;7;0
7;2025-12-09;8;0
7;2025-12-09;9;0
7;2025-12-09;10;0
7;2025-12-09;11;0
7;2025-12-09;12;0
7;2025-12-09;13;0
7;2025-12-09;14;0
7;2025-12-09;15;0
7;2025-12-09;16;0
7;2025-12-09;17;0
7;2025-12-09;18;0
7;2025-12-09;19;0
7;2025-12-09;20;0
7;2025-12-09;21;0
7;2025-12-09;22;0
7;2025-12-09;23;0
7;2025-12-10;0;0
7;2025-12-10;1;0
7;2025-12-10;2;0
7;2025-12-10;3;0
7;2025-12-10;4;0
7;2025-12-10;5;0
7;2025-12-10;6;0
7;2025-12-10;7;0
7;2025-12-10;8;0
7;2025-12-10;9;0
7;2025-12-10;10;0
7;2025-12-10;11;0
7;2025-12-10;12;0
7;2025-12-10;13;0
7;2025-12-10;14;0
7;2025-12-10;15;0
7;2025-12-10;16;0
7;2025-12-10;17;0
7;2025-12-10;18;0
7;2025-12-10;19;0
7;2025-12-10;20;0
7;2025-12-10;21;0
7;2025-12-10;22;0
7;2025-12-10;23;0
7;2025-12-11;0;0
7;2025-12-11;1;0
7;2025-12-11;2;0
7;2025-12-11;3;0
7;2025-12-11;4;0
7;2025-12-11;5;0
7;2025-12-11;6;0
7;2025-12-11;7;0
7;2025-12-11;8;0
7;2025-12-11;9;0
7;2025-12-11;10;0
7;2025-12-11;11;0
7;2025-12-11;12;0
7;2025-12-11;13;0
7;2025-12-11;14;0
7;2025-12-11;15;0
7;2025-12-11;16;0
7;2025-12-11;17;0
7;2025-12-11;18;0
7;2025-12-11;19;0
7;2025-12-11;20;0
7;2025-12-11;21;0
7;2025-12-11;22;0
7;2025-12-11;23;0
7;2025-12-12;0;0
7;2025-12-12;1;0
7;2025-12-12;2;0
7;2025-12-12;3;0
7;2025-12-12;4;0
7;2025-12-12;5;0
7;2025-12-12;6;0
7;2025-12-12;7;0
7;2025-12-12;8;0
7;2025-12-12;9;0
7;2025-12-12;10;0
7;2025-12-12;11;0
7;2025-12-12;12;0
7;2025-12-12;13;0
7;2025-12-12;14;0
7;2025-12-12;15;0
7;2025-12-12;16;0
7;2025-12-12;17;0
7;2025-12-12;18;0
7;2025-12-12;19;0
7;2025-12-12;20;0
7;2025-12-12;21;0
7;2025-12-12;22;0
7;2025-12-12;23;0
7;2025-12-13;0;0
7;2025-12-13;1;0
7;2025-12-13;2;0
7;2025-12-13;3;0
7;2025-12-13;4;0
7;2025-12-13;5;0
7;2025-12-13;6;0
7;2025-12-13;7;0
7;2025-12-13;8;0
7;2025-12-13;9;0
7;2025-12-13;10;0
7;2025-12-13;11;0
7;2025-12-13;12;0
7;2025-12-13;13;0
7;2025-12-13;14;0
7;2025-12-13;15;0
7;2025-12-13;16;0
7;2025-12-13;17;0
7;2025-12-13;18;0
7;2025-12-13;19;0
7;2025-12-13;20;0
7;2025-12-13;21;0
7;2025-12-13;22;0
7;2025-12-13;23;0
7;2025-12-14;0;0
7;2025-12-14;1;0
7;2025-12-14;2;0
7;2025-12-14;3;0
7;2025-12-14;4;0
7;2025-12-14;5;0
7;2025-12-14;6;0
7;2025-12-14;7;0
7;2025-12-14;8;0
7;2025-12-14;9;0
7;2025-12-14;10;0
7;2025-12-14;11;0
7;2025-12-14;12;0
7;2025-12-14;13;0
7;2025-12-14;14;0
7;2025-12-14;15;0
7;2025-12-14;16;0
7;2025-12-14;17;0
7;2025-12-14;18;0
7;2025-12-14;19;0
7;2025-12-14;20;0
7;2025-12-14;21;0
7;2025-12-14;22;0
7;2025-12-14;23;0
7;2025-12-15;0;0
7;2025-12-15;1;0
7;2025-12-15;2;0
7;2025-12-15;3;0
7;2025-12-15;4;0
7;2025-12-15;5;0
7;2025-12-15;6;0
7;2025-12-15;7;0
7;2025-12-15;8;0
7;2025-12-15;9;0
7;2025-12-15;10;0
7;2025-12-15;11;0
7;2025-12-15;12;0
7;2025-12-15;13;0
7;2025-12-15;14;0
7;2025-12-15;15;0
7;2025-12-15;16;0
7;2025-12-15;17;0
7;2025-12-15;18;0
7;2025-12-15;19;0
7;2025-12-15;20;0
7;2025-12-15;21;0
7;2025-12-15;22;0
7;2025-12-15;23;0
7;2025-12-16;0;0
7;2025-12-16;1;0
7;2025-12-16;2;0
7;2025-12-16;3;0
7;2025-12-16;4;0
7;2025-12-16;5;0
7;2025-12-16;6;0
7;2025-12-16;7;0
7;2025-12-16;8;0
7;2025-12-16;9;0
7;2025-12-16;10;0
7;2025-12-16;11;0
7;2025-12-16;12;0
7;2025-12-16;13;0
7;2025-12-16;14;0
7;2025-12-16;15;0
7;2025-12-16;16;0
7;2025-12-16;17;0
7;2025-12-16;18;0
7;2025-12-16;19;0
7;2025-12-16;20;0
7;2025-12-16;21;0
7;2025-12-16;22;0
7;2025-12-16;23;0
7;2025-12-17;0;0
7;2025-12-17;1;0
7;2025-12-17;2;0
7;2025-12-17;3;0
7;2025-12-17;4;0
7;2025-12-17;5;0
7;2025-12-17;6;0
7;2025-12-17;7;0
7;2025-12-17;8;0
7;2025-12-17;9;0
7;2025-12-17;10;0
7;2025-12-17;11;0
7;2025-12-17;12;0
7;2025-12-17;13;0
7;2025-12-17;14;0
7;2025-12-17;15;0
7;2025-12-17;16;0
7;2025-12-17;17;0
7;2025-12-17;18;0
7;2025-12-17;19;0
7;2025-12-17;20;0
7;2025-12-17;21;0
7;2025-12-17;22;0
7;2025-12-17;23;0
7;2025-12-18;0;0
7;2025-12-18;1;0
7;2025-12-18;2;0
7;2025-12-18;3;0
7;2025-12-18;4;0
7;2025-12-18;5;0
7;2025-12-18;6;0
7;2025-12-18;7;0
7;2025-12-18;8;0
7;2025-12-18;9;0
7;2025-12-18;10;0
7;2025-12-18;11;0
7;2025-12-18;12;0
7;2025-12-18;13;0
7;2025-12-18;14;0
7;2025-12-18;15;0
7;2025-12-18;16;0
7;2025-12-18;17;0
7;2025-12-18;18;0
7;2025-12-18;19;0
7;2025-12-18;20;0
7;2025-12-18;21;0
7;2025-12-18;22;0
7;2025-12-18;23;0
7;2025-12-19;0;0
7;2025-12-19;1;0
7;2025-12-19;2;0
7;2025-12-19;3;0
7;2025-12-19;4;0
7;2025-12-19;5;0
7;2025-12-19;6;0
7;2025-12-19;7;0
7;2025-12-19;8;0
7;2025-12-19;9;0
7;2025-12-19;10;0
7;2025-12-19;11;0
7;2025-12-19;12;0
7;2025-12-19;13;0
7;2025-12-19;14;0
7;2025-12-19;15;0
7;2025-12-19;16;0
7;2025-12-19;17;0
7;2025-12-19;18;0
7;2025-12-19;19;0
7;2025-12-19;20;0
7;2025-12-19;21;0
7;2025-12-19;22;0
7;2025-12-19;23;0
7;2025-12-20;0;0
7;2025-12-20;1;0
7;2025-12-20;2;0
7;2025-12-20;3;0
7;2025-12-20;4;0
7;2025-12-20;5;0
7;2025-12-20;6;0
7;2025-12-20;7;0
7;2025-12-20;8;0
7;2025-12-20;9;0
7;2025-12-20;10;0
7;2025-12-20;11;0
7;2025-12-20;12;0
7;2025-12-20;13;0
7;2025-12-20;14;0
7;2025-12-20;15;0
7;2025-12-20;16;0
7;2025-12-20;17;0
7;2025-12-20;18;0
7;2025-12-20;19;0
7;2025-12-20;20;0
7;2025-12-20;21;0
7;2025-12-20;22;0
7;2025-12-20;23;0
7;2025-12-21;0;0
7;2025-12-21;1;0
7;2025-12-21;2;0
7;2025-12-21;3;0
7;2025-12-21;4;0
7;2025-12-21;5;0
7;2025-12-21;6;0
7;2025-12-21;7;0
7;2025-12-21;8;0
7;2025-12-21;9;0
7;2025-12-21;10;0
7;2025-12-21;11;0
7;2025-12-21;12;0
7;2025-12-21;13;0
7;2025-12-21;14;0
7;2025-12-21;15;0
7;2025-12-21;16;0
7;2025-12-21;17;0
7;2025-12-21;18;0
7;2025-12-21;19;0
7;2025-12-21;20;0
7;2025-12-21;21;0
7;2025-12-21;22;0
7;2025-12-21;23;0
7;2025-12-22;0;0
7;2025-12-22;1;0
7;2025-12-22;2;0
7;2025-12-22;3;0
7;2025-12-22;4;0
7;2025-12-22;5;0
7;2025-12-22;6;0
7;2025-12-22;7;0
7;2025-12-22;8;0
7;2025-12-22;9;0
7;2025-12-22;10;0
7;2025-12-22;11;0
7;2025-12-22;12;0
7;2025-12-22;13;0
7;2025-12-22;14;0
7;2025-12-22;15;0
7;2025-12-22;16;0
7;2025-12-22;17;0
7;2025-12-22;18;0
7;2025-12-22;19;0
7;2025-12-22;20;0
7;2025-12-22;21;0
7;2025-12-22;22;0
7;2025-12-22;23;0
7;2025-12-23;0;0
7;2025-12-23;1;0
7;2025-12-23;2;0
7;2025-12-23;3;0
7;2025-12-23;4;0
7;2025-12-23;5;0
7;2025-12-23;6;0
7;2025-12-23;7;0
7;2025-12-23;8;0
7;2025-12-23;9;0
7;2025-12-23;10;0
7;2025-12-23;11;0
7;2025-12-23;12;0
7;2025-12-23;13;0
7;2025-12-23;14;0
7;2025-12-23;15;0
7;2025-12-23;16;0
7;2025-12-23;17;0
7;2025-12-23;18;0
7;2025-12-23;19;0
7;2025-12-23;20;0
7;2025-12-23;21;0
7;2025-12-23;22;0
7;2025-12-23;23;0
7;2025-12-24;0;0
7;2025-12-24;1;0
7;2025-12-24;2;0
7;2025-12-24;3;0
7;2025-12-24;4;0
7;2025-12-24;5;0
7;2025-12-24;6;0
7;2025-12-24;7;0
7;2025-12-24;8;0
7;2025-12-24;9;0
7;2025-12-24;10;0
7;2025-12-24;11;0
7;2025-12-24;12;0
7;2025-12-24;13;0
7;2025-12-24;14;0
7;2025-12-24;15;0
7;2025-12-24;16;0
7;2025-12-24;17;0
7;2025-12-24;18;0
7;2025-12-24;19;0
7;2025-12-24;20;0
7;2025-12-24;21;0
7;2025-12-24;22;0
7;2025-12-24;23;0
7;2025-12-25;0;0
7;2025-12-25;1;0
7;2025-12-25;2;0
7;2025-12-25;3;0
7;2025-12-25;4;0
7;2025-12-25;5;0
7;2025-12-25;6;0
7;2025-12-25;7;0
7;2025-12-25;8;0
7;2025-12-25;9;0
7;2025-12-25;10;0
7;2025-12-25;11;0
7;2025-12-25;12;0
7;2025-12-25;13;0
7;2025-12-25;14;0
7;2025-12-25;15;0
7;2025-12-25;16;0
7;2025-12-25;17;0
7;2025-12-25;18;0
7;2025-12-25;19;0
7;2025-12-25;20;0
7;2025-12-25;21;0
7;2025-12-25;22;0
7;2025-12-25;23;0
7;2025-12-26;0;0
7;2025-12-26;1;0
7;2025-12-26;2;0
7;2025-12-26;3;0
7;2025-12-26;4;0
7;2025-12-26;5;0
7;2025-12-26;6;0
7;2025-12-26;7;0
7;2025-12-26;8;0
7;2025-12-26;9;0
7;2025-12-26;10;0
7;2025-12-26;11;0
7;2025-12-26;12;0
7;2025-12-26;13;0
7;2025-12-26;14;0
7;2025-12-26;15;0
7;2025-12-26;16;0
7;2025-12-26;17;0
7;2025-12-26;18;0
7;2025-12-26;19;0
7;2025-12-26;20;0
7;2025-12-26;21;0
7;2025-12-26;22;0
7;2025-12-26;23;0
7;2025-12-27;0;0
7;2025-12-27;1;0
7;2025-12-27;2;0
7;2025-12-27;3;0
7;2025-12-27;4;0
7;2025-12-27;5;0
7;2025-12-27;6;0
7;2025-12-27;7;0
7;2025-12-27;8;0
7;2025-12-27;9;0
7;2025-12-27;10;0
7;2025-12-27;11;0
7;2025-12-27;12;0
7;2025-12-27;13;0
7;2025-12-27;14;0
7;2025-12-27;15;0
7;2025-12-27;16;0
7;2025-12-27;17;0
7;2025-12-27;18;0
7;2025-12-27;19;0
7;2025-12-27;20;0
7;2025-12-27;21;0
7;2025-12-27;22;0
7;2025-12-27;23;0
7;2025-12-28;0;0
7;2025-12-28;1;0
7;2025-12-28;2;0
7;2025-12-28;3;0
7;2025-12-28;4;0
7;2025-12-28;5;0
7;2025-12-28;6;0
7;2025-12-28;7;0
7;2025-12-28;8;0
7;2025-12-28;9;0
7;2025-12-28;10;0
7;2025-12-28;11;0
7;2025-12-28;12;0
7;2025-12-28;13;0
7;2025-12-28;14;0
7;2025-12-28;15;0
7;2025-12-28;16;0
7;2025-12-28;17;0
7;2025-12-28;18;0
7;2025-12-28;19;0
7;2025-12-28;20;0
7;2025-12-28;21;0
7;2025-12-28;22;0
7;2025-12-28;23;0
7;2025-12-29;0;0
7;2025-12-29;1;0
7;2025-12-29;2;0
7;2025-12-29;3;0
7;2025-12-29;4;0
7;2025-12-29;5;0
7;2025-12-29;6;0
7;2025-12-29;7;0
7;2025-12-29;8;0
7;2025-12-29;9;0
7;2025-12-29;10;0
7;2025-12-29;11;0
7;2025-12-29;12;0
7;2025-12-29;13;0
7;2025-12-29;14;0
7;2025-12-29;15;0
7;2025-12-29;16;0
7;2025-12-29;17;0
7;2025-12-29;18;0
7;2025-12-29;19;0
7;2025-12-29;20;0
7;2025-12-29;21;0
7;2025-12-29;22;0
7;2025-12-29;23;0
7;2025-12-30;0;0
7;2025-12-30;1;0
7;2025-12-30;2;0
7;2025-12-30;3;0
7;2025-12-30;4;0
7;2025-12-30;5;0
7;2025-12-30;6;0
7;2025-12-30;7;0
7;2025-12-30;8;0
7;2025-12-30;9;0
7;2025-12-30;10;0
7;2025-12-30;11;0
7;2025-12-30;12;0
7;2025-12-30;13;0
7;2025-12-30;14;0
7;2025-12-30;15;0
7;2025-12-30;16;0
7;2025-12-30;17;0
7;2025-12-30;18;0
7;2025-12-30;19;0
7;2025-12-30;20;0
7;2025-12-30;21;0
7;2025-12-30;22;0
7;2025-12-30;23;0
7;2025-12-31;0;0
7;2025-12-31;1;0
7;2025-12-31;2;0
7;2025-12-31;3;0
7;2025-12-31;4;0
7;2025-12-31;5;0
7;2025-12-31;6;0
7;2025-12-31;7;0
7;2025-12-31;8;0
7;2025-12-31;9;0
7;2025-12-31;10;0
7;2025-12-31;11;0
7;2025-12-31;12;0
7;2025-12-31;13;0
7;2025-12-31;14;0
7;2025-12-31;15;0
7;2025-12-31;16;0
7;2025-12-31;17;0
7;2025-12-31;18;0
7;2025-12-31;19;0
7;2025-12-31;20;0
7;2025-12-31;21;0
7;2025-12-31;22;0
7;2025-12-31;23;0
11;2025-11-01;0;0
11;2025-11-01;1;0
11;2025-11-01;2;0
11;2025-11-01;3;0
11;2025-11-01;4;0
11;2025-11-01;5;0
11;2025-11-01;6;0
11;2025-11-01;7;0
11;2025-11-01;8;0
11;2025-11-01;9;0
11;2025-11-01;10;0
11;2025-11-01;11;0
11;2025-11-01;12;0
11;2025-11-01;13;0
11;2025-11-01;14;0
11;2025-11-01;15;0
11;2025-11-01;16;0
11;2025-11-01;17;0
11;2025-11-01;18;0
11;2025-11-01;19;0
11;2025-11-01;20;0
11;2025-11-01;21;0
11;2025-11-01;22;0
11;2025-11-01;23;0
11;2025-11-02;0;0
11;2025-11-02;1;0
11;2025-11-02;2;0
11;2025-11-02;3;0
11;2025-11-02;4;0
11;2025-11-02;5;0
11;2025-11-02;6;0
11;2025-11-02;7;0
11;2025-11-02;8;0
11;2025-11-02;9;0
11;2025-11-02;10;0
11;2025-11-02;11;0
11;2025-11-02;12;0
11;2025-11-02;13;0
11;2025-11-02;14;0
11;2025-11-02;15;0
11;2025-11-02;16;0
11;2025-11-02;17;0
11;2025-11-02;18;0
11;2025-11-02;19;0
11;2025-11-02;20;0
11;2025-11-02;21;0
11;2025-11-02;22;0
11;2025-11-02;23;0
11;2025-11-03;0;0
11;2025-11-03;1;0
11;2025-11-03;2;0
11;2025-11-03;3;0
11;2025-11-03;4;0
11;2025-11-03;5;0
11;2025-11-03;6;0
11;2025-11-03;7;0
11;2025-11-03;8;0
11;2025-11-03;9;0
11;2025-11-03;10;0
11;2025-11-03;11;0
11;2025-11-03;12;0
11;2025-11-03;13;0
11;2025-11-03;14;0
11;2025-11-03;15;0
11;2025-11-03;16;0
11;2025-11-03;17;0
11;2025-11-03;18;0
11;2025-11-03;19;0
11;2025-11-03;20;0
11;2025-11-03;21;0
11;2025-11-03;22;0
11;2025-11-03;23;0
11;2025-11-04;0;0
11;2025-11-04;1;0
11;2025-11-04;2;0
11;2025-11-04;3;0
11;2025-11-04;4;0
11;2025-11-04;5;0
11;2025-11-04;6;0
11;2025-11-04;7;0
11;2025-11-04;8;0
11;2025-11-04;9;0
11;2025-11-04;10;0
11;2025-11-04;11;0
11;2025-11-04;12;0
11;2025-11-04;13;0
11;2025-11-04;14;0
11;2025-11-04;15;0
11;2025-11-04;16;0
11;2025-11-04;17;0
11;2025-11-04;18;0
11;2025-11-04;19;0
11;2025-11-04;20;0
11;2025-11-04;21;0
11;2025-11-04;22;0
11;2025-11-04;23;0
11;2025-11-05;0;0
11;2025-11-05;1;0
11;2025-11-05;2;0
11;2025-11-05;3;0
11;2025-11-05;4;0
11;2025-11-05;5;0
11;2025-11-05;6;0
11;2025-11-05;7;0
11;2025-11-05;8;0
11;2025-11-05;9;0
11;2025-11-05;10;0
11;2025-11-05;11;0
11;2025-11-05;12;0
11;2025-11-05;13;0
11;2025-11-05;14;0
11;2025-11-05;15;0
11;2025-11-05;16;0
11;2025-11-05;17;0
11;2025-11-05;18;0
11;2025-11-05;19;0
11;2025-11-05;20;0
11;2025-11-05;21;0
11;2025-11-05;22;0
11;2025-11-05;23;0
11;2025-11-06;0;0
11;2025-11-06;1;0
11;2025-11-06;2;0
11;2025-11-06;3;0
11;2025-11-06;4;0
11;2025-11-06;5;0
11;2025-11-06;6;0
11;2025-11-06;7;0
11;2025-11-06;8;0
11;2025-11-06;9;0
11;2025-11-06;10;0
11;2025-11-06;11;0
11;2025-11-06;12;0
11;2025-11-06;13;0
11;2025-11-06;14;0
11;2025-11-06;15;0
11;2025-11-06;16;0
11;2025-11-06;17;0
11;2025-11-06;18;0
11;2025-11-06;19;0
11;2025-11-06;20;0
11;2025-11-06;21;0
11;2025-11-06;22;0
11;2025-11-06;23;0
11;2025-11-07;0;0
11;2025-11-07;1;0
11;2025-11-07;2;0
11;2025-11-07;3;0
11;2025-11-07;4;0
11;2025-11-07;5;0
11;2025-11-07;6;0
11;2025-11-07;7;0
11;2025-11-07;8;0
11;2025-11-07;9;0
11;2025-11-07;10;0
11;2025-11-07;11;0
11;2025-11-07;12;0
11;2025-11-07;13;0
11;2025-11-07;14;0
11;2025-11-07;15;0
11;2025-11-07;16;0
11;2025-11-07;17;0
11;2025-11-07;18;0
11;2025-11-07;19;0
11;2025-11-07;20;0
11;2025-11-07;21;0
11;2025-11-07;22;0
11;2025-11-07;23;0
11;2025-11-08;0;0
11;2025-11-08;1;0
11;2025-11-08;2;0
11;2025-11-08;3;0
11;2025-11-08;4;0
11;2025-11-08;5;0
11;2025-11-08;6;0
11;2025-11-08;7;0
11;2025-11-08;8;0
11;2025-11-08;9;0
11;2025-11-08;10;0
11;2025-11-08;11;0
11;2025-11-08;12;0
11;2025-11-08;13;0
11;2025-11-08;14;0
11;2025-11-08;15;0
11;2025-11-08;16;0
11;2025-11-08;17;0
11;2025-11-08;18;0
11;2025-11-08;19;0
11;2025-11-08;20;0
11;2025-11-08;21;0
11;2025-11-08;22;0
11;2025-11-08;23;0
11;2025-11-09;0;0
11;2025-11-09;1;0
11;2025-11-09;2;0
11;2025-11-09;3;0
11;2025-11-09;4;0
11;2025-11-09;5;0
11;2025-11-09;6;0
11;2025-11-09;7;0
11;2025-11-09;8;0
11;2025-11-09;9;0
11;2025-11-09;10;0
11;2025-11-09;11;0
11;2025-11-09;12;0
11;2025-11-09;13;0
11;2025-11-09;14;0
11;2025-11-09;15;0
11;2025-11-09;16;0
11;2025-11-09;17;0
11;2025-11-09;18;0
11;2025-11-09;19;0
11;2025-11-09;20;0
11;2025-11-09;21;0
11;2025-11-09;22;0
11;2025-11-09;23;0
11;2025-11-10;0;0
11;2025-11-10;1;0
11;2025-11-10;2;0
11;2025-11-10;3;0
11;2025-11-10;4;0
11;2025-11-10;5;0
11;2025-11-10;6;0
11;2025-11-10;7;0
11;2025-11-10;8;0
11;2025-11-10;9;0
11;2025-11-10;10;0
11;2025-11-10;11;0
11;2025-11-10;12;0
11;2025-11-10;13;0
11;2025-11-10;14;0
11;2025-11-10;15;0
11;2025-11-10;16;0
11;2025-11-10;17;0
11;2025-11-10;18;0
11;2025-11-10;19;0
11;2025-11-10;20;0
11;2025-11-10;21;0
11;2025-11-10;22;0
11;2025-11-10;23;0
11;2025-11-11;0;0
11;2025-11-11;1;0
11;2025-11-11;2;0
11;2025-11-11;3;0
11;2025-11-11;4;0
11;2025-11-11;5;0
11;2025-11-11;6;0
11;2025-11-11;7;0
11;2025-11-11;8;0
11;2025-11-11;9;0
11;2025-11-11;10;0
11;2025-11-11;11;0
11;2025-11-11;12;0
11;2025-11-11;13;0
11;2025-11-11;14;0
11;2025-11-11;15;0
11;2025-11-11;16;0
11;2025-11-11;17;0
11;2025-11-11;18;0
11;2025-11-11;19;0
11;2025-11-11;20;0
11;2025-11-11;21;0
11;2025-11-11;22;0
11;2025-11-11;23;0
11;2025-11-12;0;0
11;2025-11-12;1;0
11;2025-11-12;2;0
11;2025-11-12;3;0
11;2025-11-12;4;0
11;2025-11-12;5;0
11;2025-11-12;6;0
11;2025-11-12;7;0
11;2025-11-12;8;0
11;2025-11-12;9;0
11;2025-11-12;10;0
11;2025-11-12;11;0
11;2025-11-12;12;0
11;2025-11-12;13;0
11;2025-11-12;14;0
11;2025-11-12;15;0
11;2025-11-12;16;0
11;2025-11-12;17;0
11;2025-11-12;18;0
11;2025-11-12;19;0
11;2025-11-12;20;0
11;2025-11-12;21;0
11;2025-11-12;22;0
11;2025-11-12;23;0
11;2025-11-13;0;0
11;2025-11-13;1;0
11;2025-11-13;2;0
11;2025-11-13;3;0
11;2025-11-13;4;0
11;2025-11-13;5;0
11;2025-11-13;6;0
11;2025-11-13;7;0
11;2025-11-13;8;0
11;2025-11-13;9;0
11;2025-11-13;10;0
11;2025-11-13;11;0
11;2025-11-13;12;0
11;2025-11-13;13;0
11;2025-11-13;14;0
11;2025-11-13;15;0
11;2025-11-13;16;0
11;2025-11-13;17;0
11;2025-11-13;18;0
11;2025-11-13;19;0
11;2025-11-13;20;0
11;2025-11-13;21;0
11;2025-11-13;22;0
11;2025-11-13;23;0
11;2025-11-14;0;0
11;2025-11-14;1;0
11;2025-11-14;2;0
11;2025-11-14;3;0
11;2025-11-14;4;0
11;2025-11-14;5;0
11;2025-11-14;6;0
11;2025-11-14;7;0
11;2025-11-14;8;0
11;2025-11-14;9;0
11;2025-11-14;10;0
11;2025-11-14;11;0
11;2025-11-14;12;0
11;2025-11-14;13;0
11;2025-11-14;14;0
11;2025-11-14;15;0
11;2025-11-14;16;0
11;2025-11-14;17;0
11;2025-11-14;18;0
11;2025-11-14;19;0
11;2025-11-14;20;0
11;2025-11-14;21;0
11;2025-11-14;22;0
11;2025-11-14;23;0
11;2025-11-15;0;0
11;2025-11-15;1;0
11;2025-11-15;2;0
11;2025-11-15;3;0
11;2025-11-15;4;0
11;2025-11-15;5;0
11;2025-11-15;6;0
11;2025-11-15;7;0
11;2025-11-15;8;0
11;2025-11-15;9;0
11;2025-11-15;10;0
11;2025-11-15;11;0
11;2025-11-15;12;0
11;2025-11-15;13;0
11;2025-11-15;14;0
11;2025-11-15;15;0
11;2025-11-15;16;0
11;2025-11-15;17;0
11;2025-11-15;18;0
11;2025-11-15;19;0
11;2025-11-15;20;0
11;2025-11-15;21;0
11;2025-11-15;22;0
11;2025-11-15;23;0
11;2025-11-16;0;0
11;2025-11-16;1;0
11;2025-11-16;2;0
11;2025-11-16;3;0
11;2025-11-16;4;0
11;2025-11-16;5;0
11;2025-11-16;6;0
11;2025-11-16;7;0
11;2025-11-16;8;0
11;2025-11-16;9;0
11;2025-11-16;10;0
11;2025-11-16;11;0
11;2025-11-16;12;0
11;2025-11-16;13;0
11;2025-11-16;14;0
11;2025-11-16;15;0
11;2025-11-16;16;0
11;2025-11-16;17;0
11;2025-11-16;18;0
11;2025-11-16;19;0
11;2025-11-16;20;0
11;2025-11-16;21;0
11;2025-11-16;22;0
11;2025-11-16;23;0
11;2025-11-17;0;0
11;2025-11-17;1;0
11;2025-11-17;2;0
11;2025-11-17;3;0
11;2025-11-17;4;0
11;2025-11-17;5;0
11;2025-11-17;6;0
11;2025-11-17;7;0
11;2025-11-17;8;0
11;2025-11-17;9;0
11;2025-11-17;10;0
11;2025-11-17;11;0
11;2025-11-17;12;0
11;2025-11-17;13;0
11;2025-11-17;14;0
11;2025-11-17;15;0
11;2025-11-17;16;0
11;2025-11-17;17;0
11;2025-11-17;18;0
11;2025-11-17;19;0
11;2025-11-17;20;0
11;2025-11-17;21;0
11;2025-11-17;22;0
11;2025-11-17;23;0
11;2025-11-18;0;0
11;2025-11-18;1;0
11;2025-11-18;2;0
11;2025-11-18;3;0
11;2025-11-18;4;0
11;2025-11-18;5;0
11;2025-11-18;6;0
11;2025-11-18;7;0
11;2025-11-18;8;0
11;2025-11-18;9;0
11;2025-11-18;10;0
11;2025-11-18;11;0
11;2025-11-18;12;0
11;2025-11-18;13;0
11;2025-11-18;14;0
11;2025-11-18;15;0
11;2025-11-18;16;0
11;2025-11-18;17;0
11;2025-11-18;18;0
11;2025-11-18;19;0
11;2025-11-18;20;0
11;2025-11-18;21;0
11;2025-11-18;22;0
11;2025-11-18;23;0
11;2025-11-19;0;0
11;2025-11-19;1;0
11;2025-11-19;2;0
11;2025-11-19;3;0
11;2025-11-19;4;0
11;2025-11-19;5;0
11;2025-11-19;6;0
11;2025-11-19;7;0
11;2025-11-19;8;0
11;2025-11-19;9;0
11;2025-11-19;10;0
11;2025-11-19;11;0
11;2025-11-19;12;0
11;2025-11-19;13;0
11;2025-11-19;14;0
11;2025-11-19;15;0
11;2025-11-19;16;0
11;2025-11-19;17;0
11;2025-11-19;18;0
11;2025-11-19;19;0
11;2025-11-19;20;0
11;2025-11-19;21;0
11;2025-11-19;22;0
11;2025-11-19;23;0
11;2025-11-20;0;0
11;2025-11-20;1;0
11;2025-11-20;2;0
11;2025-11-20;3;0
11;2025-11-20;4;0
11;2025-11-20;5;0
11;2025-11-20;6;0
11;2025-11-20;7;0
11;2025-11-20;8;0
11;2025-11-20;9;0
11;2025-11-20;10;0
11;2025-11-20;11;0
11;2025-11-20;12;0
11;2025-11-20;13;0
11;2025-11-20;14;0
11;2025-11-20;15;0
11;2025-11-20;16;0
11;2025-11-20;17;0
11;2025-11-20;18;0
11;2025-11-20;19;0
11;2025-11-20;20;0
11;2025-11-20;21;0
11;2025-11-20;22;0
11;2025-11-20;23;0
11;2025-11-21;0;0
11;2025-11-21;1;0
11;2025-11-21;2;0
11;2025-11-21;3;0
11;2025-11-21;4;0
11;2025-11-21;5;0
11;2025-11-21;6;0
11;2025-11-21;7;0
11;2025-11-21;8;0
11;2025-11-21;9;0
11;2025-11-21;10;0
11;2025-11-21;11;0
11;2025-11-21;12;0
11;2025-11-21;13;0
11;2025-11-21;14;0
11;2025-11-21;15;0
11;2025-11-21;16;0
11;2025-11-21;17;0
11;2025-11-21;18;0
11;2025-11-21;19;0
11;2025-11-21;20;0
11;2025-11-21;21;0
11;2025-11-21;22;0
11;2025-11-21;23;0
11;2025-11-22;0;0
11;2025-11-22;1;0
11;2025-11-22;2;0
11;2025-11-22;3;0
11;2025-11-22;4;0
11;2025-11-22;5;0
11;2025-11-22;6;0
11;2025-11-22;7;0
11;2025-11-22;8;0
11;2025-11-22;9;0
11;2025-11-22;10;0
11;2025-11-22;11;0
11;2025-11-22;12;0
11;2025-11-22;13;0
11;2025-11-22;14;0
11;2025-11-22;15;0
11;2025-11-22;16;0
11;2025-11-22;17;0
11;2025-11-22;18;0
11;2025-11-22;19;0
11;2025-11-22;20;0
11;2025-11-22;21;0
11;2025-11-22;22;0
11;2025-11-22;23;0
11;2025-11-23;0;0
11;2025-11-23;1;0
11;2025-11-23;2;0
11;2025-11-23;3;0
11;2025-11-23;4;0
11;2025-11-23;5;0
11;2025-11-23;6;0
11;2025-11-23;7;0
11;2025-11-23;8;0
11;2025-11-23;9;0
11;2025-11-23;10;0
11;2025-11-23;11;0
11;2025-11-23;12;0
11;2025-11-23;13;0
11;2025-11-23;14;0
11;2025-11-23;15;0
11;2025-11-23;16;0
11;2025-11-23;17;0
11;2025-11-23;18;0
11;2025-11-23;19;0
11;2025-11-23;20;0
11;2025-11-23;21;0
11;2025-11-23;22;0
11;2025-11-23;23;0
11;2025-11-24;0;0
11;2025-11-24;1;0
11;2025-11-24;2;0
11;2025-11-24;3;0
11;2025-11-24;4;0
11;2025-11-24;5;0
11;2025-11-24;6;0
11;2025-11-24;7;0
11;2025-11-24;8;0
11;2025-11-24;9;0
11;2025-11-24;10;0
11;2025-11-24;11;0
11;2025-11-24;12;0
11;2025-11-24;13;0
11;2025-11-24;14;0
11;2025-11-24;15;0
11;2025-11-24;16;0
11;2025-11-24;17;0
11;2025-11-24;18;0
11;2025-11-24;19;0
11;2025-11-24;20;0
11;2025-11-24;21;0
11;2025-11-24;22;0
11;2025-11-24;23;0
11;2025-11-25;0;0
11;2025-11-25;1;0
11;2025-11-25;2;0
11;2025-11-25;3;0
11;2025-11-25;4;0
11;2025-11-25;5;0
11;2025-11-25;6;0
11;2025-11-25;7;0
11;2025-11-25;8;0
11;2025-11-25;9;0
11;2025-11-25;10;0
11;2025-11-25;11;0
11;2025-11-25;12;0
11;2025-11-25;13;0
11;2025-11-25;14;0
11;2025-11-25;15;0
11;2025-11-25;16;0
11;2025-11-25;17;0
11;2025-11-25;18;0
11;2025-11-25;19;0
11;2025-11-25;20;0
11;2025-11-25;21;0
11;2025-11-25;22;0
11;2025-11-25;23;0
11;2025-11-26;0;0
11;2025-11-26;1;0
11;2025-11-26;2;0
11;2025-11-26;3;0
11;2025-11-26;4;0
11;2025-11-26;5;0
11;2025-11-26;6;0
11;2025-11-26;7;0
11;2025-11-26;8;0
11;2025-11-26;9;0
11;2025-11-26;10;0
11;2025-11-26;11;0
11;2025-11-26;12;0
11;2025-11-26;13;0
11;2025-11-26;14;0
11;2025-11-26;15;0
11;2025-11-26;16;0
11;2025-11-26;17;0
11;2025-11-26;18;0
11;2025-11-26;19;0
11;2025-11-26;20;0
11;2025-11-26;21;0
11;2025-11-26;22;0
11;2025-11-26;23;0
11;2025-11-27;0;0
11;2025-11-27;1;0
11;2025-11-27;2;0
11;2025-11-27;3;0
11;2025-11-27;4;0
11;2025-11-27;5;0
11;2025-11-27;6;0
11;2025-11-27;7;0
11;2025-11-27;8;0
11;2025-11-27;9;0
11;2025-11-27;10;0
11;2025-11-27;11;0
11;2025-11-27;12;0
11;2025-11-27;13;0
11;2025-11-27;14;0
11;2025-11-27;15;0
11;2025-11-27;16;0
11;2025-11-27;17;0
11;2025-11-27;18;0
11;2025-11-27;19;0
11;2025-11-27;20;0
11;2025-11-27;21;0
11;2025-11-27;22;0
11;2025-11-27;23;0
11;2025-11-28;0;0
11;2025-11-28;1;0
11;2025-11-28;2;0
11;2025-11-28;3;0
11;2025-11-28;4;0
11;2025-11-28;5;0
11;2025-11-28;6;0
11;2025-11-28;7;0
11;2025-11-28;8;0
11;2025-11-28;9;0
11;2025-11-28;10;0
11;2025-11-28;11;0
11;2025-11-28;12;0
11;2025-11-28;13;0
11;2025-11-28;14;0
11;2025-11-28;15;0
11;2025-11-28;16;0
11;2025-11-28;17;0
11;2025-11-28;18;0
11;2025-11-28;19;0
11;2025-11-28;20;0
11;2025-11-28;21;0
11;2025-11-28;22;0
11;2025-11-28;23;0
11;2025-11-29;0;0
11;2025-11-29;1;0
11;2025-11-29;2;0
11;2025-11-29;3;0
11;2025-11-29;4;0
11;2025-11-29;5;0
11;2025-11-29;6;0
11;2025-11-29;7;0
11;2025-11-29;8;0
11;2025-11-29;9;0
11;2025-11-29;10;0
11;2025-11-29;11;0
11;2025-11-29;12;0
11;2025-11-29;13;0
11;2025-11-29;14;0
11;2025-11-29;15;0
11;2025-11-29;16;0
11;2025-11-29;17;0
11;2025-11-29;18;0
11;2025-11-29;19;0
11;2025-11-29;20;0
11;2025-11-29;21;0
11;2025-11-29;22;0
11;2025-11-29;23;0
11;2025-11-30;0;0
11;2025-11-30;1;0
11;2025-11-30;2;0
11;2025-11-30;3;0
11;2025-11-30;4;0
11;2025-11-30;5;0
11;2025-11-30;6;0
11;2025-11-30;7;0
11;2025-11-30;8;0
11;2025-11-30;9;0
11;2025-11-30;10;0
11;2025-11-30;11;0
11;2025-11-30;12;0
11;2025-11-30;13;0
11;2025-11-30;14;0
11;2025-11-30;15;0
11;2025-11-30;16;0
11;2025-11-30;17;0
11;2025-11-30;18;0
11;2025-11-30;19;0
11;2025-11-30;20;0
11;2025-11-30;21;0
11;2025-11-30;22;0
11;2025-11-30;23;0
11;2025-12-01;0;0
11;2025-12-01;1;0
11;2025-12-01;2;0
11;2025-12-01;3;0
11;2025-12-01;4;0
11;2025-12-01;5;0
11;2025-12-01;6;0
11;2025-12-01;7;0
11;2025-12-01;8;0
11;2025-12-01;9;0
11;2025-12-01;10;0
11;2025-12-01;11;0
11;2025-12-01;12;0
11;2025-12-01;13;0
11;2025-12-01;14;0
11;2025-12-01;15;0
11;2025-12-01;16;0
11;2025-12-01;17;0
11;2025-12-01;18;0
11;2025-12-01;19;0
11;2025-12-01;20;0
11;2025-12-01;21;0
11;2025-12-01;22;0
11;2025-12-01;23;0
11;2025-12-02;0;0
11;2025-12-02;1;0
11;2025-12-02;2;0
11;2025-12-02;3;0
11;2025-12-02;4;0
11;2025-12-02;5;0
11;2025-12-02;6;0
11;2025-12-02;7;0
11;2025-12-02;8;0
11;2025-12-02;9;0
11;2025-12-02;10;0
11;2025-12-02;11;0
11;2025-12-02;12;0
11;2025-12-02;13;0
11;2025-12-02;14;0
11;2025-12-02;15;0
11;2025-12-02;16;0
11;2025-12-02;17;0
11;2025-12-02;18;0
11;2025-12-02;19;0
11;2025-12-02;20;0
11;2025-12-02;21;0
11;2025-12-02;22;0
11;2025-12-02;23;0
11;2025-12-03;0;0
11;2025-12-03;1;0
11;2025-12-03;2;0
11;2025-12-03;3;0
11;2025-12-03;4;0
11;2025-12-03;5;0
11;2025-12-03;6;0
11;2025-12-03;7;0
11;2025-12-03;8;0
11;2025-12-03;9;0
11;2025-12-03;10;0
11;2025-12-03;11;0
11;2025-12-03;12;0
11;2025-12-03;13;0
11;2025-12-03;14;0
11;2025-12-03;15;0
11;2025-12-03;16;0
11;2025-12-03;17;0
11;2025-12-03;18;0
11;2025-12-03;19;0
11;2025-12-03;20;0
11;2025-12-03;21;0
11;2025-12-03;22;0
11;2025-12-03;23;0
11;2025-12-04;0;0
11;2025-12-04;1;0
11;2025-12-04;2;0
11;2025-12-04;3;0
11;2025-12-04;4;0
11;2025-12-04;5;0
11;2025-12-04;6;0
11;2025-12-04;7;0
11;2025-12-04;8;0
11;2025-12-04;9;0
11;2025-12-04;10;0
11;2025-12-04;11;0
11;2025-12-04;12;0
11;2025-12-04;13;0
11;2025-12-04;14;0
11;2025-12-04;15;0
11;2025-12-04;16;0
11;2025-12-04;17;0
11;2025-12-04;18;0
11;2025-12-04;19;0
11;2025-12-04;20;0
11;2025-12-04;21;0
11;2025-12-04;22;0
11;2025-12-04;23;0
11;2025-12-05;0;0
11;2025-12-05;1;0
11;2025-12-05;2;0
11;2025-12-05;3;0
11;2025-12-05;4;0
11;2025-12-05;5;0
11;2025-12-05;6;0
11;2025-12-05;7;0
11;2025-12-05;8;0
11;2025-12-05;9;0
11;2025-12-05;10;0
11;2025-12-05;11;0
11;2025-12-05;12;0
11;2025-12-05;13;0
11;2025-12-05;14;0
11;2025-12-05;15;0
11;2025-12-05;16;0
11;2025-12-05;17;0
11;2025-12-05;18;0
11;2025-12-05;19;0
11;2025-12-05;20;0
11;2025-12-05;21;0
11;2025-12-05;22;0
11;2025-12-05;23;0
11;2025-12-06;0;0
11;2025-12-06;1;0
11;2025-12-06;2;0
11;2025-12-06;3;0
11;2025-12-06;4;0
11;2025-12-06;5;0
11;2025-12-06;6;0
11;2025-12-06;7;0
11;2025-12-06;8;0
11;2025-12-06;9;0
11;2025-12-06;10;0
11;2025-12-06;11;0
11;2025-12-06;12;0
11;2025-12-06;13;0
11;2025-12-06;14;0
11;2025-12-06;15;0
11;2025-12-06;16;0
11;2025-12-06;17;0
11;2025-12-06;18;0
11;2025-12-06;19;0
11;2025-12-06;20;0
11;2025-12-06;21;0
11;2025-12-06;22;0
11;2025-12-06;23;0
11;2025-12-07;0;0
11;2025-12-07;1;0
11;2025-12-07;2;0
11;2025-12-07;3;0
11;2025-12-07;4;0
11;2025-12-07;5;0
11;2025-12-07;6;0
11;2025-12-07;7;0
11;2025-12-07;8;0
11;2025-12-07;9;0
11;2025-12-07;10;0
11;2025-12-07;11;0
11;2025-12-07;12;0
11;2025-12-07;13;0
11;2025-12-07;14;0
11;2025-12-07;15;0
11;2025-12-07;16;0
11;2025-12-07;17;0
11;2025-12-07;18;0
11;2025-12-07;19;0
11;2025-12-07;20;0
11;2025-12-07;21;0
11;2025-12-07;22;0
11;2025-12-07;23;0
11;2025-12-08;0;0
11;2025-12-08;1;0
11;2025-12-08;2;0
11;2025-12-08;3;0
11;2025-12-08;4;0
11;2025-12-08;5;0
11;2025-12-08;6;0
11;2025-12-08;7;0
11;2025-12-08;8;0
11;2025-12-08;9;0
11;2025-12-08;10;0
11;2025-12-08;11;0
11;2025-12-08;12;0
11;2025-12-08;13;0
11;2025-12-08;14;0
11;2025-12-08;15;0
11;2025-12-08;16;0
11;2025-12-08;17;0
11;2025-12-08;18;0
11;2025-12-08;19;0
11;2025-12-08;20;0
11;2025-12-08;21;0
11;2025-12-08;22;0
11;2025-12-08;23;0
11;2025-12-09;0;0
11;2025-12-09;1;0
11;2025-12-09;2;0
11;2025-12-09;3;0
11;2025-12-09;4;0
11;2025-12-09;5;0
11;2025-12-09;6;0
11;2025-12-09;7;0
11;2025-12-09;8;0
11;2025-12-09;9;0
11;2025-12-09;10;0
11;2025-12-09;11;0
11;2025-12-09;12;0
11;2025-12-09;13;0
11;2025-12-09;14;0
11;2025-12-09;15;0
11;2025-12-09;16;0
11;2025-12-09;17;0
11;2025-12-09;18;0
11;2025-12-09;19;0
11;2025-12-09;20;0
11;2025-12-09;21;0
11;2025-12-09;22;0
11;2025-12-09;23;0
11;2025-12-10;0;0
11;2025-12-10;1;0
11;2025-12-10;2;0
11;2025-12-10;3;0
11;2025-12-10;4;0
11;2025-12-10;5;0
11;2025-12-10;6;0
11;2025-12-10;7;0
11;2025-12-10;8;0
11;2025-12-10;9;0
11;2025-12-10;10;0
11;2025-12-10;11;0
11;2025-12-10;12;0
11;2025-12-10;13;0
11;2025-12-10;14;0
11;2025-12-10;15;0
11;2025-12-10;16;0
11;2025-12-10;17;0
11;2025-12-10;18;0
11;2025-12-10;19;0
11;2025-12-10;20;0
11;2025-12-10;21;0
11;2025-12-10;22;0
11;2025-12-10;23;0
11;2025-12-11;0;0
11;2025-12-11;1;0
11;2025-12-11;2;0
11;2025-12-11;3;0
11;2025-12-11;4;0
11;2025-12-11;5;0
11;2025-12-11;6;0
11;2025-12-11;7;0
11;2025-12-11;8;0
11;2025-12-11;9;0
11;2025-12-11;10;0
11;2025-12-11;11;0
11;2025-12-11;12;0
11;2025-12-11;13;0
11;2025-12-11;14;0
11;2025-12-11;15;0
11;2025-12-11;16;0
11;2025-12-11;17;0
11;2025-12-11;18;0
11;2025-12-11;19;0
11;2025-12-11;20;0
11;2025-12-11;21;0
11;2025-12-11;22;0
11;2025-12-11;23;0
11;2025-12-12;0;0
11;2025-12-12;1;0
11;2025-12-12;2;0
11;2025-12-12;3;0
11;2025-12-12;4;0
11;2025-12-12;5;0
11;2025-12-12;6;0
11;2025-12-12;7;0
11;2025-12-12;8;0
11;2025-12-12;9;0
11;2025-12-12;10;0
11;2025-12-12;11;0
11;2025-12-12;12;0
11;2025-12-12;13;0
11;2025-12-12;14;0
11;2025-12-12;15;0
11;2025-12-12;16;0
11;2025-12-12;17;0
11;2025-12-12;18;0
11;2025-12-12;19;0
11;2025-12-12;20;0
11;2025-12-12;21;0
11;2025-12-12;22;0
11;2025-12-12;23;0
11;2025-12-13;0;0
11;2025-12-13;1;0
11;2025-12-13;2;0
11;2025-12-13;3;0
11;2025-12-13;4;0
11;2025-12-13;5;0
11;2025-12-13;6;0
11;2025-12-13;7;0
11;2025-12-13;8;0
11;2025-12-13;9;0
11;2025-12-13;10;0
11;2025-12-13;11;0
11;2025-12-13;12;0
11;2025-12-13;13;0
11;2025-12-13;14;0
11;2025-12-13;15;0
11;2025-12-13;16;0
11;2025-12-13;17;0
11;2025-12-13;18;0
11;2025-12-13;19;0
11;2025-12-13;20;0
11;2025-12-13;21;0
11;2025-12-13;22;0
11;2025-12-13;23;0
11;2025-12-14;0;0
11;2025-12-14;1;0
11;2025-12-14;2;0
11;2025-12-14;3;0
11;2025-12-14;4;0
11;2025-12-14;5;0
11;2025-12-14;6;0
11;2025-12-14;7;0
11;2025-12-14;8;0
11;2025-12-14;9;0
11;2025-12-14;10;0
11;2025-12-14;11;0
11;2025-12-14;12;0
11;2025-12-14;13;0
11;2025-12-14;14;0
11;2025-12-14;15;0
11;2025-12-14;16;0
11;2025-12-14;17;0
11;2025-12-14;18;0
11;2025-12-14;19;0
11;2025-12-14;20;0
11;2025-12-14;21;0
11;2025-12-14;22;0
11;2025-12-14;23;0
11;2025-12-15;0;0
11;2025-12-15;1;0
11;2025-12-15;2;0
11;2025-12-15;3;0
11;2025-12-15;4;0
11;2025-12-15;5;0
11;2025-12-15;6;0
11;2025-12-15;7;0
11;2025-12-15;8;0
11;2025-12-15;9;0
11;2025-12-15;10;0
11;2025-12-15;11;0
11;2025-12-15;12;0
11;2025-12-15;13;0
11;2025-12-15;14;0
11;2025-12-15;15;0
11;2025-12-15;16;0
11;2025-12-15;17;0
11;2025-12-15;18;0
11;2025-12-15;19;0
11;2025-12-15;20;0
11;2025-12-15;21;0
11;2025-12-15;22;0
11;2025-12-15;23;0
11;2025-12-16;0;0
11;2025-12-16;1;0
11;2025-12-16;2;0
11;2025-12-16;3;0
11;2025-12-16;4;0
11;2025-12-16;5;0
11;2025-12-16;6;0
11;2025-12-16;7;0
11;2025-12-16;8;0
11;2025-12-16;9;0
11;2025-12-16;10;0
11;2025-12-16;11;0
11;2025-12-16;12;0
11;2025-12-16;13;0
11;2025-12-16;14;0
11;2025-12-16;15;0
11;2025-12-16;16;0
11;2025-12-16;17;0
11;2025-12-16;18;0
11;2025-12-16;19;0
11;2025-12-16;20;0
11;2025-12-16;21;0
11;2025-12-16;22;0
11;2025-12-16;23;0
11;2025-12-17;0;0
11;2025-12-17;1;0
11;2025-12-17;2;0
11;2025-12-17;3;0
11;2025-12-17;4;0
11;2025-12-17;5;0
11;2025-12-17;6;0
11;2025-12-17;7;0
11;2025-12-17;8;0
11;2025-12-17;9;0
11;2025-12-17;10;0
11;2025-12-17;11;0
11;2025-12-17;12;0
11;2025-12-17;13;0
11;2025-12-17;14;0
11;2025-12-17;15;0
11;2025-12-17;16;0
11;2025-12-17;17;0
11;2025-12-17;18;0
11;2025-12-17;19;0
11;2025-12-17;20;0
11;2025-12-17;21;0
11;2025-12-17;22;0
11;2025-12-17;23;0
11;2025-12-18;0;0
11;2025-12-18;1;0
11;2025-12-18;2;0
11;2025-12-18;3;0
11;2025-12-18;4;0
11;2025-12-18;5;0
11;2025-12-18;6;0
11;2025-12-18;7;0
11;2025-12-18;8;0
11;2025-12-18;9;0
11;2025-12-18;10;0
11;2025-12-18;11;0
11;2025-12-18;12;0
11;2025-12-18;13;0
11;2025-12-18;14;0
11;2025-12-18;15;0
11;2025-12-18;16;0
11;2025-12-18;17;0
11;2025-12-18;18;0
11;2025-12-18;19;0
11;2025-12-18;20;0
11;2025-12-18;21;0
11;2025-12-18;22;0
11;2025-12-18;23;0
11;2025-12-19;0;0
11;2025-12-19;1;0
11;2025-12-19;2;0
11;2025-12-19;3;0
11;2025-12-19;4;0
11;2025-12-19;5;0
11;2025-12-19;6;0
11;2025-12-19;7;0
11;2025-12-19;8;0
11;2025-12-19;9;0
11;2025-12-19;10;0
11;2025-12-19;11;0
11;2025-12-19;12;0
11;2025-12-19;13;0
11;2025-12-19;14;0
11;2025-12-19;15;0
11;2025-12-19;16;0
11;2025-12-19;17;0
11;2025-12-19;18;0
11;2025-12-19;19;0
11;2025-12-19;20;0
11;2025-12-19;21;0
11;2025-12-19;22;0
11;2025-12-19;23;0
11;2025-12-20;0;0
11;2025-12-20;1;0
11;2025-12-20;2;0
11;2025-12-20;3;0
11;2025-12-20;4;0
11;2025-12-20;5;0
11;2025-12-20;6;0
11;2025-12-20;7;0
11;2025-12-20;8;0
11;2025-12-20;9;0
11;2025-12-20;10;0
11;2025-12-20;11;0
11;2025-12-20;12;0
11;2025-12-20;13;0
11;2025-12-20;14;0
11;2025-12-20;15;0
11;2025-12-20;16;0
11;2025-12-20;17;0
11;2025-12-20;18;0
11;2025-12-20;19;0
11;2025-12-20;20;0
11;2025-12-20;21;0
11;2025-12-20;22;0
11;2025-12-20;23;0
11;2025-12-21;0;0
11;2025-12-21;1;0
11;2025-12-21;2;0
11;2025-12-21;3;0
11;2025-12-21;4;0
11;2025-12-21;5;0
11;2025-12-21;6;0
11;2025-12-21;7;0
11;2025-12-21;8;0
11;2025-12-21;9;0
11;2025-12-21;10;0
11;2025-12-21;11;0
11;2025-12-21;12;0
11;2025-12-21;13;0
11;2025-12-21;14;0
11;2025-12-21;15;0
11;2025-12-21;16;0
11;2025-12-21;17;0
11;2025-12-21;18;0
11;2025-12-21;19;0
11;2025-12-21;20;0
11;2025-12-21;21;0
11;2025-12-21;22;0
11;2025-12-21;23;0
11;2025-12-22;0;0
11;2025-12-22;1;0
11;2025-12-22;2;0
11;2025-12-22;3;0
11;2025-12-22;4;0
11;2025-12-22;5;0
11;2025-12-22;6;0
11;2025-12-22;7;0
11;2025-12-22;8;0
11;2025-12-22;9;0
11;2025-12-22;10;0
11;2025-12-22;11;0
11;2025-12-22;12;0
11;2025-12-22;13;0
11;2025-12-22;14;0
11;2025-12-22;15;0
11;2025-12-22;16;0
11;2025-12-22;17;0
11;2025-12-22;18;0
11;2025-12-22;19;0
11;2025-12-22;20;0
11;2025-12-22;21;0
11;2025-12-22;22;0
11;2025-12-22;23;0
11;2025-12-23;0;0
11;2025-12-23;1;0
11;2025-12-23;2;0
11;2025-12-23;3;0
11;2025-12-23;4;0
11;2025-12-23;5;0
11;2025-12-23;6;0
11;2025-12-23;7;0
11;2025-12-23;8;0
11;2025-12-23;9;0
11;2025-12-23;10;0
11;2025-12-23;11;0
11;2025-12-23;12;0
11;2025-12-23;13;0
11;2025-12-23;14;0
11;2025-12-23;15;0
11;2025-12-23;16;0
11;2025-12-23;17;0
11;2025-12-23;18;0
11;2025-12-23;19;0
11;2025-12-23;20;0
11;2025-12-23;21;0
11;2025-12-23;22;0
11;2025-12-23;23;0
11;2025-12-24;0;0
11;2025-12-24;1;0
11;2025-12-24;2;0
11;2025-12-24;3;0
11;2025-12-24;4;0
11;2025-12-24;5;0
11;2025-12-24;6;0
11;2025-12-24;7;0
11;2025-12-24;8;0
11;2025-12-24;9;0
11;2025-12-24;10;0
11;2025-12-24;11;0
11;2025-12-24;12;0
11;2025-12-24;13;0
11;2025-12-24;14;0
11;2025-12-24;15;0
11;2025-12-24;16;0
11;2025-12-24;17;0
11;2025-12-24;18;0
11;2025-12-24;19;0
11;2025-12-24;20;0
11;2025-12-24;21;0
11;2025-12-24;22;0
11;2025-12-24;23;0
11;2025-12-25;0;0
11;2025-12-25;1;0
11;2025-12-25;2;0
11;2025-12-25;3;0
11;2025-12-25;4;0
11;2025-12-25;5;0
11;2025-12-25;6;0
11;2025-12-25;7;0
11;2025-12-25;8;0
11;2025-12-25;9;0
11;2025-12-25;10;0
11;2025-12-25;11;0
11;2025-12-25;12;0
11;2025-12-25;13;0
11;2025-12-25;14;0
11;2025-12-25;15;0
11;2025-12-25;16;0
11;2025-12-25;17;0
11;2025-12-25;18;0
11;2025-12-25;19;0
11;2025-12-25;20;0
11;2025-12-25;21;0
11;2025-12-25;22;0
11;2025-12-25;23;0
11;2025-12-26;0;0
11;2025-12-26;1;0
11;2025-12-26;2;0
11;2025-12-26;3;0
11;2025-12-26;4;0
11;2025-12-26;5;0
11;2025-12-26;6;0
11;2025-12-26;7;0
11;2025-12-26;8;0
11;2025-12-26;9;0
11;2025-12-26;10;0
11;2025-12-26;11;0
11;2025-12-26;12;0
11;2025-12-26;13;0
11;2025-12-26;14;0
11;2025-12-26;15;0
11;2025-12-26;16;0
11;2025-12-26;17;0
11;2025-12-26;18;0
11;2025-12-26;19;0
11;2025-12-26;20;0
11;2025-12-26;21;0
11;2025-12-26;22;0
11;2025-12-26;23;0
11;2025-12-27;0;0
11;2025-12-27;1;0
11;2025-12-27;2;0
11;2025-12-27;3;0
11;2025-12-27;4;0
11;2025-12-27;5;0
11;2025-12-27;6;0
11;2025-12-27;7;0
11;2025-12-27;8;0
11;2025-12-27;9;0
11;2025-12-27;10;0
11;2025-12-27;11;0
11;2025-12-27;12;0
11;2025-12-27;13;0
11;2025-12-27;14;0
11;2025-12-27;15;0
11;2025-12-27;16;0
11;2025-12-27;17;0
11;2025-12-27;18;0
11;2025-12-27;19;0
11;2025-12-27;20;0
11;2025-12-27;21;0
11;2025-12-27;22;0
11;2025-12-27;23;0
11;2025-12-28;0;0
11;2025-12-28;1;0
11;2025-12-28;2;0
11;2025-12-28;3;0
11;2025-12-28;4;0
11;2025-12-28;5;0
11;2025-12-28;6;0
11;2025-12-28;7;0
11;2025-12-28;8;0
11;2025-12-28;9;0
11;2025-12-28;10;0
11;2025-12-28;11;0
11;2025-12-28;12;0
11;2025-12-28;13;0
11;2025-12-28;14;0
11;2025-12-28;15;0
11;2025-12-28;16;0
11;2025-12-28;17;0
11;2025-12-28;18;0
11;2025-12-28;19;0
11;2025-12-28;20;0
11;2025-12-28;21;0
11;2025-12-28;22;0
11;2025-12-28;23;0
11;2025-12-29;0;0
11;2025-12-29;1;0
11;2025-12-29;2;0
11;2025-12-29;3;0
11;2025-12-29;4;0
11;2025-12-29;5;0
11;2025-12-29;6;0
11;2025-12-29;7;0
11;2025-12-29;8;0
11;2025-12-29;9;0
11;2025-12-29;10;0
11;2025-12-29;11;0
11;2025-12-29;12;0
11;2025-12-29;13;0
11;2025-12-29;14;0
11;2025-12-29;15;0
11;2025-12-29;16;0
11;2025-12-29;17;0
11;2025-12-29;18;0
11;2025-12-29;19;0
11;2025-12-29;20;0
11;2025-12-29;21;0
11;2025-12-29;22;0
11;2025-12-29;23;0
11;2025-12-30;0;0
11;2025-12-30;1;0
11;2025-12-30;2;0
11;2025-12-30;3;0
11;2025-12-30;4;0
11;2025-12-30;5;0
11;2025-12-30;6;0
11;2025-12-30;7;0
11;2025-12-30;8;0
11;2025-12-30;9;0
11;2025-12-30;10;0
11;2025-12-30;11;0
11;2025-12-30;12;0
11;2025-12-30;13;0
11;2025-12-30;14;0
11;2025-12-30;15;0
11;2025-12-30;16;0
11;2025-12-30;17;0
11;2025-12-30;18;0
11;2025-12-30;19;0
11;2025-12-30;20;0
11;2025-12-30;21;0
11;2025-12-30;22;0
11;2025-12-30;23;0
11;2025-12-31;0;0
11;2025-12-31;1;0
11;2025-12-31;2;0
11;2025-12-31;3;0
11;2025-12-31;4;0
11;2025-12-31;5;0
11;2025-12-31;6;0
11;2025-12-31;7;0
11;2025-12-31;8;0
11;2025-12-31;9;0
11;2025-12-31;10;0
11;2025-12-31;11;0
11;2025-12-31;12;0
11;2025-12-31;13;0
11;2025-12-31;14;0
11;2025-12-31;15;0
11;2025-12-31;16;0
11;2025-12-31;17;0
11;2025-12-31;18;0
11;2025-12-31;19;0
11;2025-12-31;20;0
11;2025-12-31;21;0
11;2025-12-31;22;0
11;2025-12-31;23;0
12;2025-11-01;0;0
12;2025-11-01;1;0
12;2025-11-01;2;0
12;2025-11-01;3;0
12;2025-11-01;4;0
12;2025-11-01;5;0
12;2025-11-01;6;0
12;2025-11-01;7;0
12;2025-11-01;8;0
12;2025-11-01;9;0
12;2025-11-01;10;0
12;2025-11-01;11;0
12;2025-11-01;12;0
12;2025-11-01;13;0
12;2025-11-01;14;0
12;2025-11-01;15;0
12;2025-11-01;16;0
12;2025-11-01;17;0
12;2025-11-01;18;0
12;2025-11-01;19;0
12;2025-11-01;20;0
12;2025-11-01;21;0
12;2025-11-01;22;0
12;2025-11-01;23;0
12;2025-11-02;0;0
12;2025-11-02;1;0
12;2025-11-02;2;0
12;2025-11-02;3;0
12;2025-11-02;4;0
12;2025-11-02;5;0
12;2025-11-02;6;0
12;2025-11-02;7;0
12;2025-11-02;8;0
12;2025-11-02;9;0
12;2025-11-02;10;0
12;2025-11-02;11;0
12;2025-11-02;12;0
12;2025-11-02;13;0
12;2025-11-02;14;0
12;2025-11-02;15;0
12;2025-11-02;16;0
12;2025-11-02;17;0
12;2025-11-02;18;0
12;2025-11-02;19;0
12;2025-11-02;20;0
12;2025-11-02;21;0
12;2025-11-02;22;0
12;2025-11-02;23;0
12;2025-11-03;0;0
12;2025-11-03;1;0
12;2025-11-03;2;0
12;2025-11-03;3;0
12;2025-11-03;4;0
12;2025-11-03;5;0
12;2025-11-03;6;0
12;2025-11-03;7;0
12;2025-11-03;8;0
12;2025-11-03;9;0
12;2025-11-03;10;0
12;2025-11-03;11;0
12;2025-11-03;12;0
12;2025-11-03;13;0
12;2025-11-03;14;0
12;2025-11-03;15;0
12;2025-11-03;16;0
12;2025-11-03;17;0
12;2025-11-03;18;0
12;2025-11-03;19;0
12;2025-11-03;20;0
12;2025-11-03;21;0
12;2025-11-03;22;0
12;2025-11-03;23;0
12;2025-11-04;0;0
12;2025-11-04;1;0
12;2025-11-04;2;0
12;2025-11-04;3;0
12;2025-11-04;4;0
12;2025-11-04;5;0
12;2025-11-04;6;0
12;2025-11-04;7;0
12;2025-11-04;8;0
12;2025-11-04;9;0
12;2025-11-04;10;0
12;2025-11-04;11;0
12;2025-11-04;12;0
12;2025-11-04;13;0
12;2025-11-04;14;0
12;2025-11-04;15;0
12;2025-11-04;16;0
12;2025-11-04;17;0
12;2025-11-04;18;0
12;2025-11-04;19;0
12;2025-11-04;20;0
12;2025-11-04;21;0
12;2025-11-04;22;0
12;2025-11-04;23;0
12;2025-11-05;0;0
12;2025-11-05;1;0
12;2025-11-05;2;0
12;2025-11-05;3;0
12;2025-11-05;4;0
12;2025-11-05;5;0
12;2025-11-05;6;0
12;2025-11-05;7;0
12;2025-11-05;8;0
12;2025-11-05;9;0
12;2025-11-05;10;0
12;2025-11-05;11;0
12;2025-11-05;12;0
12;2025-11-05;13;0
12;2025-11-05;14;0
12;2025-11-05;15;0
12;2025-11-05;16;0
12;2025-11-05;17;0
12;2025-11-05;18;0
12;2025-11-05;19;0
12;2025-11-05;20;0
12;2025-11-05;21;0
12;2025-11-05;22;0
12;2025-11-05;23;0
12;2025-11-06;0;0
12;2025-11-06;1;0
12;2025-11-06;2;0
12;2025-11-06;3;0
12;2025-11-06;4;0
12;2025-11-06;5;0
12;2025-11-06;6;0
12;2025-11-06;7;0
12;2025-11-06;8;0
12;2025-11-06;9;0
12;2025-11-06;10;0
12;2025-11-06;11;0
12;2025-11-06;12;0
12;2025-11-06;13;0
12;2025-11-06;14;0
12;2025-11-06;15;0
12;2025-11-06;16;0
12;2025-11-06;17;0
12;2025-11-06;18;0
12;2025-11-06;19;0
12;2025-11-06;20;0
12;2025-11-06;21;0
12;2025-11-06;22;0
12;2025-11-06;23;0
12;2025-11-07;0;0
12;2025-11-07;1;0
12;2025-11-07;2;0
12;2025-11-07;3;0
12;2025-11-07;4;0
12;2025-11-07;5;0
12;2025-11-07;6;0
12;2025-11-07;7;0
12;2025-11-07;8;0
12;2025-11-07;9;0
12;2025-11-07;10;0
12;2025-11-07;11;0
12;2025-11-07;12;0
12;2025-11-07;13;0
12;2025-11-07;14;0
12;2025-11-07;15;0
12;2025-11-07;16;0
12;2025-11-07;17;0
12;2025-11-07;18;0
12;2025-11-07;19;0
12;2025-11-07;20;0
12;2025-11-07;21;0
12;2025-11-07;22;0
12;2025-11-07;23;0
12;2025-11-08;0;0
12;2025-11-08;1;0
12;2025-11-08;2;0
12;2025-11-08;3;0
12;2025-11-08;4;0
12;2025-11-08;5;0
12;2025-11-08;6;0
12;2025-11-08;7;0
12;2025-11-08;8;0
12;2025-11-08;9;0
12;2025-11-08;10;0
12;2025-11-08;11;0
12;2025-11-08;12;0
12;2025-11-08;13;0
12;2025-11-08;14;0
12;2025-11-08;15;0
12;2025-11-08;16;0
12;2025-11-08;17;0
12;2025-11-08;18;0
12;2025-11-08;19;0
12;2025-11-08;20;0
12;2025-11-08;21;0
12;2025-11-08;22;0
12;2025-11-08;23;0
12;2025-11-09;0;0
12;2025-11-09;1;0
12;2025-11-09;2;0
12;2025-11-09;3;0
12;2025-11-09;4;0
12;2025-11-09;5;0
12;2025-11-09;6;0
12;2025-11-09;7;0
12;2025-11-09;8;0
12;2025-11-09;9;0
12;2025-11-09;10;0
12;2025-11-09;11;0
12;2025-11-09;12;0
12;2025-11-09;13;0
12;2025-11-09;14;0
12;2025-11-09;15;0
12;2025-11-09;16;0
12;2025-11-09;17;0
12;2025-11-09;18;0
12;2025-11-09;19;0
12;2025-11-09;20;0
12;2025-11-09;21;0
12;2025-11-09;22;0
12;2025-11-09;23;0
12;2025-11-10;0;0
12;2025-11-10;1;0
12;2025-11-10;2;0
12;2025-11-10;3;0
12;2025-11-10;4;0
12;2025-11-10;5;0
12;2025-11-10;6;0
12;2025-11-10;7;0
12;2025-11-10;8;0
12;2025-11-10;9;0
12;2025-11-10;10;0
12;2025-11-10;11;0
12;2025-11-10;12;0
12;2025-11-10;13;0
12;2025-11-10;14;0
12;2025-11-10;15;0
12;2025-11-10;16;0
12;2025-11-10;17;0
12;2025-11-10;18;0
12;2025-11-10;19;0
12;2025-11-10;20;0
12;2025-11-10;21;0
12;2025-11-10;22;0
12;2025-11-10;23;0
12;2025-11-11;0;0
12;2025-11-11;1;0
12;2025-11-11;2;0
12;2025-11-11;3;0
12;2025-11-11;4;0
12;2025-11-11;5;0
12;2025-11-11;6;0
12;2025-11-11;7;0
12;2025-11-11;8;0
12;2025-11-11;9;0
12;2025-11-11;10;0
12;2025-11-11;11;0
12;2025-11-11;12;0
12;2025-11-11;13;0
12;2025-11-11;14;0
12;2025-11-11;15;0
12;2025-11-11;16;0
12;2025-11-11;17;0
12;2025-11-11;18;0
12;2025-11-11;19;0
12;2025-11-11;20;0
12;2025-11-11;21;0
12;2025-11-11;22;0
12;2025-11-11;23;0
12;2025-11-12;0;0
12;2025-11-12;1;0
12;2025-11-12;2;0
12;2025-11-12;3;0
12;2025-11-12;4;0
12;2025-11-12;5;0
12;2025-11-12;6;0
12;2025-11-12;7;0
12;2025-11-12;8;0
12;2025-11-12;9;0
12;2025-11-12;10;0
12;2025-11-12;11;0
12;2025-11-12;12;0
12;2025-11-12;13;0
12;2025-11-12;14;0
12;2025-11-12;15;0
12;2025-11-12;16;0
12;2025-11-12;17;0
12;2025-11-12;18;0
12;2025-11-12;19;0
12;2025-11-12;20;0
12;2025-11-12;21;0
12;2025-11-12;22;0
12;2025-11-12;23;0
12;2025-11-13;0;0
12;2025-11-13;1;0
12;2025-11-13;2;0
12;2025-11-13;3;0
12;2025-11-13;4;0
12;2025-11-13;5;0
12;2025-11-13;6;0
12;2025-11-13;7;0
12;2025-11-13;8;0
12;2025-11-13;9;0
12;2025-11-13;10;0
12;2025-11-13;11;0
12;2025-11-13;12;0
12;2025-11-13;13;0
12;2025-11-13;14;0
12;2025-11-13;15;0
12;2025-11-13;16;0
12;2025-11-13;17;0
12;2025-11-13;18;0
12;2025-11-13;19;0
12;2025-11-13;20;0
12;2025-11-13;21;0
12;2025-11-13;22;0
12;2025-11-13;23;0
12;2025-11-14;0;0
12;2025-11-14;1;0
12;2025-11-14;2;0
12;2025-11-14;3;0
12;2025-11-14;4;0
12;2025-11-14;5;0
12;2025-11-14;6;0
12;2025-11-14;7;0
12;2025-11-14;8;0
12;2025-11-14;9;0
12;2025-11-14;10;0
12;2025-11-14;11;0
12;2025-11-14;12;0
12;2025-11-14;13;0
12;2025-11-14;14;0
12;2025-11-14;15;0
12;2025-11-14;16;0
12;2025-11-14;17;0
12;2025-11-14;18;0
12;2025-11-14;19;0
12;2025-11-14;20;0
12;2025-11-14;21;0
12;2025-11-14;22;0
12;2025-11-14;23;0
12;2025-11-15;0;0
12;2025-11-15;1;0
12;2025-11-15;2;0
12;2025-11-15;3;0
12;2025-11-15;4;0
12;2025-11-15;5;0
12;2025-11-15;6;0
12;2025-11-15;7;0
12;2025-11-15;8;0
12;2025-11-15;9;0
12;2025-11-15;10;0
12;2025-11-15;11;0
12;2025-11-15;12;0
12;2025-11-15;13;0
12;2025-11-15;14;0
12;2025-11-15;15;0
12;2025-11-15;16;0
12;2025-11-15;17;0
12;2025-11-15;18;0
12;2025-11-15;19;0
12;2025-11-15;20;0
12;2025-11-15;21;0
12;2025-11-15;22;0
12;2025-11-15;23;0
12;2025-11-16;0;0
12;2025-11-16;1;0
12;2025-11-16;2;0
12;2025-11-16;3;0
12;2025-11-16;4;0
12;2025-11-16;5;0
12;2025-11-16;6;0
12;2025-11-16;7;0
12;2025-11-16;8;0
12;2025-11-16;9;0
12;2025-11-16;10;0
12;2025-11-16;11;0
12;2025-11-16;12;0
12;2025-11-16;13;0
12;2025-11-16;14;0
12;2025-11-16;15;0
12;2025-11-16;16;0
12;2025-11-16;17;0
12;2025-11-16;18;0
12;2025-11-16;19;0
12;2025-11-16;20;0
12;2025-11-16;21;0
12;2025-11-16;22;0
12;2025-11-16;23;0
12;2025-11-17;0;0
12;2025-11-17;1;0
12;2025-11-17;2;0
12;2025-11-17;3;0
12;2025-11-17;4;0
12;2025-11-17;5;0
12;2025-11-17;6;0
12;2025-11-17;7;0
12;2025-11-17;8;0
12;2025-11-17;9;0
12;2025-11-17;10;0
12;2025-11-17;11;0
12;2025-11-17;12;0
12;2025-11-17;13;0
12;2025-11-17;14;0
12;2025-11-17;15;0
12;2025-11-17;16;0
12;2025-11-17;17;0
12;2025-11-17;18;0
12;2025-11-17;19;0
12;2025-11-17;20;0
12;2025-11-17;21;0
12;2025-11-17;22;0
12;2025-11-17;23;0
12;2025-11-18;0;0
12;2025-11-18;1;0
12;2025-11-18;2;0
12;2025-11-18;3;0
12;2025-11-18;4;0
12;2025-11-18;5;0
12;2025-11-18;6;0
12;2025-11-18;7;0
12;2025-11-18;8;0
12;2025-11-18;9;0
12;2025-11-18;10;0
12;2025-11-18;11;0
12;2025-11-18;12;0
12;2025-11-18;13;0
12;2025-11-18;14;0
12;2025-11-18;15;0
12;2025-11-18;16;0
12;2025-11-18;17;0
12;2025-11-18;18;0
12;2025-11-18;19;0
12;2025-11-18;20;0
12;2025-11-18;21;0
12;2025-11-18;22;0
12;2025-11-18;23;0
12;2025-11-19;0;0
12;2025-11-19;1;0
12;2025-11-19;2;0
12;2025-11-19;3;0
12;2025-11-19;4;0
12;2025-11-19;5;0
12;2025-11-19;6;0
12;2025-11-19;7;0
12;2025-11-19;8;0
12;2025-11-19;9;0
12;2025-11-19;10;0
12;2025-11-19;11;0
12;2025-11-19;12;0
12;2025-11-19;13;0
12;2025-11-19;14;0
12;2025-11-19;15;0
12;2025-11-19;16;0
12;2025-11-19;17;0
12;2025-11-19;18;0
12;2025-11-19;19;0
12;2025-11-19;20;0
12;2025-11-19;21;0
12;2025-11-19;22;0
12;2025-11-19;23;0
12;2025-11-20;0;0
12;2025-11-20;1;0
12;2025-11-20;2;0
12;2025-11-20;3;0
12;2025-11-20;4;0
12;2025-11-20;5;0
12;2025-11-20;6;0
12;2025-11-20;7;0
12;2025-11-20;8;0
12;2025-11-20;9;0
12;2025-11-20;10;0
12;2025-11-20;11;0
12;2025-11-20;12;0
12;2025-11-20;13;0
12;2025-11-20;14;0
12;2025-11-20;15;0
12;2025-11-20;16;0
12;2025-11-20;17;0
12;2025-11-20;18;0
12;2025-11-20;19;0
12;2025-11-20;20;0
12;2025-11-20;21;0
12;2025-11-20;22;0
12;2025-11-20;23;0
12;2025-11-21;0;0
12;2025-11-21;1;0
12;2025-11-21;2;0
12;2025-11-21;3;0
12;2025-11-21;4;0
12;2025-11-21;5;0
12;2025-11-21;6;0
12;2025-11-21;7;0
12;2025-11-21;8;0
12;2025-11-21;9;0
12;2025-11-21;10;0
12;2025-11-21;11;0
12;2025-11-21;12;0
12;2025-11-21;13;0
12;2025-11-21;14;0
12;2025-11-21;15;0
12;2025-11-21;16;0
12;2025-11-21;17;0
12;2025-11-21;18;0
12;2025-11-21;19;0
12;2025-11-21;20;0
12;2025-11-21;21;0
12;2025-11-21;22;0
12;2025-11-21;23;0
12;2025-11-22;0;0
12;2025-11-22;1;0
12;2025-11-22;2;0
12;2025-11-22;3;0
12;2025-11-22;4;0
12;2025-11-22;5;0
12;2025-11-22;6;0
12;2025-11-22;7;0
12;2025-11-22;8;0
12;2025-11-22;9;0
12;2025-11-22;10;0
12;2025-11-22;11;0
12;2025-11-22;12;0
12;2025-11-22;13;0
12;2025-11-22;14;0
12;2025-11-22;15;0
12;2025-11-22;16;0
12;2025-11-22;17;0
12;2025-11-22;18;0
12;2025-11-22;19;0
12;2025-11-22;20;0
12;2025-11-22;21;0
12;2025-11-22;22;0
12;2025-11-22;23;0
12;2025-11-23;0;0
12;2025-11-23;1;0
12;2025-11-23;2;0
12;2025-11-23;3;0
12;2025-11-23;4;0
12;2025-11-23;5;0
12;2025-11-23;6;0
12;2025-11-23;7;0
12;2025-11-23;8;0
12;2025-11-23;9;0
12;2025-11-23;10;0
12;2025-11-23;11;0
12;2025-11-23;12;0
12;2025-11-23;13;0
12;2025-11-23;14;0
12;2025-11-23;15;0
12;2025-11-23;16;0
12;2025-11-23;17;0
12;2025-11-23;18;0
12;2025-11-23;19;0
12;2025-11-23;20;0
12;2025-11-23;21;0
12;2025-11-23;22;0
12;2025-11-23;23;0
12;2025-11-24;0;0
12;2025-11-24;1;0
12;2025-11-24;2;0
12;2025-11-24;3;0
12;2025-11-24;4;0
12;2025-11-24;5;0
12;2025-11-24;6;0
12;2025-11-24;7;0
12;2025-11-24;8;0
12;2025-11-24;9;0
12;2025-11-24;10;0
12;2025-11-24;11;0
12;2025-11-24;12;0
12;2025-11-24;13;0
12;2025-11-24;14;0
12;2025-11-24;15;0
12;2025-11-24;16;0
12;2025-11-24;17;0
12;2025-11-24;18;0
12;2025-11-24;19;0
12;2025-11-24;20;0
12;2025-11-24;21;0
12;2025-11-24;22;0
12;2025-11-24;23;0
12;2025-11-25;0;0
12;2025-11-25;1;0
12;2025-11-25;2;0
12;2025-11-25;3;0
12;2025-11-25;4;0
12;2025-11-25;5;0
12;2025-11-25;6;0
12;2025-11-25;7;0
12;2025-11-25;8;0
12;2025-11-25;9;0
12;2025-11-25;10;0
12;2025-11-25;11;0
12;2025-11-25;12;0
12;2025-11-25;13;0
12;2025-11-25;14;0
12;2025-11-25;15;0
12;2025-11-25;16;0
12;2025-11-25;17;0
12;2025-11-25;18;0
12;2025-11-25;19;0
12;2025-11-25;20;0
12;2025-11-25;21;0
12;2025-11-25;22;0
12;2025-11-25;23;0
12;2025-11-26;0;0
12;2025-11-26;1;0
12;2025-11-26;2;0
12;2025-11-26;3;0
12;2025-11-26;4;0
12;2025-11-26;5;0
12;2025-11-26;6;0
12;2025-11-26;7;0
12;2025-11-26;8;0
12;2025-11-26;9;0
12;2025-11-26;10;0
12;2025-11-26;11;0
12;2025-11-26;12;0
12;2025-11-26;13;0
12;2025-11-26;14;0
12;2025-11-26;15;0
12;2025-11-26;16;0
12;2025-11-26;17;0
12;2025-11-26;18;0
12;2025-11-26;19;0
12;2025-11-26;20;0
12;2025-11-26;21;0
12;2025-11-26;22;0
12;2025-11-26;23;0
12;2025-11-27;0;0
12;2025-11-27;1;0
12;2025-11-27;2;0
12;2025-11-27;3;0
12;2025-11-27;4;0
12;2025-11-27;5;0
12;2025-11-27;6;0
12;2025-11-27;7;0
12;2025-11-27;8;0
12;2025-11-27;9;0
12;2025-11-27;10;0
12;2025-11-27;11;0
12;2025-11-27;12;0
12;2025-11-27;13;0
12;2025-11-27;14;0
12;2025-11-27;15;0
12;2025-11-27;16;0
12;2025-11-27;17;0
12;2025-11-27;18;0
12;2025-11-27;19;0
12;2025-11-27;20;0
12;2025-11-27;21;0
12;2025-11-27;22;0
12;2025-11-27;23;0
12;2025-11-28;0;0
12;2025-11-28;1;0
12;2025-11-28;2;0
12;2025-11-28;3;0
12;2025-11-28;4;0
12;2025-11-28;5;0
12;2025-11-28;6;0
12;2025-11-28;7;0
12;2025-11-28;8;0
12;2025-11-28;9;0
12;2025-11-28;10;0
12;2025-11-28;11;0
12;2025-11-28;12;0
12;2025-11-28;13;0
12;2025-11-28;14;0
12;2025-11-28;15;0
12;2025-11-28;16;0
12;2025-11-28;17;0
12;2025-11-28;18;0
12;2025-11-28;19;0
12;2025-11-28;20;0
12;2025-11-28;21;0
12;2025-11-28;22;0
12;2025-11-28;23;0
12;2025-11-29;0;0
12;2025-11-29;1;0
12;2025-11-29;2;0
12;2025-11-29;3;0
12;2025-11-29;4;0
12;2025-11-29;5;0
12;2025-11-29;6;0
12;2025-11-29;7;0
12;2025-11-29;8;0
12;2025-11-29;9;0
12;2025-11-29;10;0
12;2025-11-29;11;0
12;2025-11-29;12;0
12;2025-11-29;13;0
12;2025-11-29;14;0
12;2025-11-29;15;0
12;2025-11-29;16;0
12;2025-11-29;17;0
12;2025-11-29;18;0
12;2025-11-29;19;0
12;2025-11-29;20;0
12;2025-11-29;21;0
12;2025-11-29;22;0
12;2025-11-29;23;0
12;2025-11-30;0;0
12;2025-11-30;1;0
12;2025-11-30;2;0
12;2025-11-30;3;0
12;2025-11-30;4;0
12;2025-11-30;5;0
12;2025-11-30;6;0
12;2025-11-30;7;0
12;2025-11-30;8;0
12;2025-11-30;9;0
12;2025-11-30;10;0
12;2025-11-30;11;0
12;2025-11-30;12;0
12;2025-11-30;13;0
12;2025-11-30;14;0
12;2025-11-30;15;0
12;2025-11-30;16;0
12;2025-11-30;17;0
12;2025-11-30;18;0
12;2025-11-30;19;0
12;2025-11-30;20;0
12;2025-11-30;21;0
12;2025-11-30;22;0
12;2025-11-30;23;0
12;2025-12-01;0;0
12;2025-12-01;1;0
12;2025-12-01;2;0
12;2025-12-01;3;0
12;2025-12-01;4;0
12;2025-12-01;5;0
12;2025-12-01;6;0
12;2025-12-01;7;0
12;2025-12-01;8;0
12;2025-12-01;9;0
12;2025-12-01;10;0
12;2025-12-01;11;0
12;2025-12-01;12;0
12;2025-12-01;13;0
12;2025-12-01;14;0
12;2025-12-01;15;0
12;2025-12-01;16;0
12;2025-12-01;17;0
12;2025-12-01;18;0
12;2025-12-01;19;0
12;2025-12-01;20;0
12;2025-12-01;21;0
12;2025-12-01;22;0
12;2025-12-01;23;0
12;2025-12-02;0;0
12;2025-12-02;1;0
12;2025-12-02;2;0
12;2025-12-02;3;0
12;2025-12-02;4;0
12;2025-12-02;5;0
12;2025-12-02;6;0
12;2025-12-02;7;0
12;2025-12-02;8;0
12;2025-12-02;9;0
12;2025-12-02;10;0
12;2025-12-02;11;0
12;2025-12-02;12;0
12;2025-12-02;13;0
12;2025-12-02;14;0
12;2025-12-02;15;0
12;2025-12-02;16;0
12;2025-12-02;17;0
12;2025-12-02;18;0
12;2025-12-02;19;0
12;2025-12-02;20;0
12;2025-12-02;21;0
12;2025-12-02;22;0
12;2025-12-02;23;0
12;2025-12-03;0;0
12;2025-12-03;1;0
12;2025-12-03;2;0
12;2025-12-03;3;0
12;2025-12-03;4;0
12;2025-12-03;5;0
12;2025-12-03;6;0
12;2025-12-03;7;0
12;2025-12-03;8;0
12;2025-12-03;9;0
12;2025-12-03;10;0
12;2025-12-03;11;0
12;2025-12-03;12;0
12;2025-12-03;13;0
12;2025-12-03;14;0
12;2025-12-03;15;0
12;2025-12-03;16;0
12;2025-12-03;17;0
12;2025-12-03;18;0
12;2025-12-03;19;0
12;2025-12-03;20;0
12;2025-12-03;21;0
12;2025-12-03;22;0
12;2025-12-03;23;0
12;2025-12-04;0;0
12;2025-12-04;1;0
12;2025-12-04;2;0
12;2025-12-04;3;0
12;2025-12-04;4;0
12;2025-12-04;5;0
12;2025-12-04;6;0
12;2025-12-04;7;0
12;2025-12-04;8;0
12;2025-12-04;9;0
12;2025-12-04;10;0
12;2025-12-04;11;0
12;2025-12-04;12;0
12;2025-12-04;13;0
12;2025-12-04;14;0
12;2025-12-04;15;0
12;2025-12-04;16;0
12;2025-12-04;17;0
12;2025-12-04;18;0
12;2025-12-04;19;0
12;2025-12-04;20;0
12;2025-12-04;21;0
12;2025-12-04;22;0
12;2025-12-04;23;0
12;2025-12-05;0;0
12;2025-12-05;1;0
12;2025-12-05;2;0
12;2025-12-05;3;0
12;2025-12-05;4;0
12;2025-12-05;5;0
12;2025-12-05;6;0
12;2025-12-05;7;0
12;2025-12-05;8;0
12;2025-12-05;9;0
12;2025-12-05;10;0
12;2025-12-05;11;0
12;2025-12-05;12;0
12;2025-12-05;13;0
12;2025-12-05;14;0
12;2025-12-05;15;0
12;2025-12-05;16;0
12;2025-12-05;17;0
12;2025-12-05;18;0
12;2025-12-05;19;0
12;2025-12-05;20;0
12;2025-12-05;21;0
12;2025-12-05;22;0
12;2025-12-05;23;0
12;2025-12-06;0;0
12;2025-12-06;1;0
12;2025-12-06;2;0
12;2025-12-06;3;0
12;2025-12-06;4;0
12;2025-12-06;5;0
12;2025-12-06;6;0
12;2025-12-06;7;0
12;2025-12-06;8;0
12;2025-12-06;9;0
12;2025-12-06;10;0
12;2025-12-06;11;0
12;2025-12-06;12;0
12;2025-12-06;13;0
12;2025-12-06;14;0
12;2025-12-06;15;0
12;2025-12-06;16;0
12;2025-12-06;17;0
12;2025-12-06;18;0
12;2025-12-06;19;0
12;2025-12-06;20;0
12;2025-12-06;21;0
12;2025-12-06;22;0
12;2025-12-06;23;0
12;2025-12-07;0;0
12;2025-12-07;1;0
12;2025-12-07;2;0
12;2025-12-07;3;0
12;2025-12-07;4;0
12;2025-12-07;5;0
12;2025-12-07;6;0
12;2025-12-07;7;0
12;2025-12-07;8;0
12;2025-12-07;9;0
12;2025-12-07;10;0
12;2025-12-07;11;0
12;2025-12-07;12;0
12;2025-12-07;13;0
12;2025-12-07;14;0
12;2025-12-07;15;0
12;2025-12-07;16;0
12;2025-12-07;17;0
12;2025-12-07;18;0
12;2025-12-07;19;0
12;2025-12-07;20;0
12;2025-12-07;21;0
12;2025-12-07;22;0
12;2025-12-07;23;0
12;2025-12-08;0;0
12;2025-12-08;1;0
12;2025-12-08;2;0
12;2025-12-08;3;0
12;2025-12-08;4;0
12;2025-12-08;5;0
12;2025-12-08;6;0
12;2025-12-08;7;0
12;2025-12-08;8;0
12;2025-12-08;9;0
12;2025-12-08;10;0
12;2025-12-08;11;0
12;2025-12-08;12;0
12;2025-12-08;13;0
12;2025-12-08;14;0
12;2025-12-08;15;0
12;2025-12-08;16;0
12;2025-12-08;17;0
12;2025-12-08;18;0
12;2025-12-08;19;0
12;2025-12-08;20;0
12;2025-12-08;21;0
12;2025-12-08;22;0
12;2025-12-08;23;0
12;2025-12-09;0;0
12;2025-12-09;1;0
12;2025-12-09;2;0
12;2025-12-09;3;0
12;2025-12-09;4;0
12;2025-12-09;5;0
12;2025-12-09;6;0
12;2025-12-09;7;0
12;2025-12-09;8;0
12;2025-12-09;9;0
12;2025-12-09;10;0
12;2025-12-09;11;0
12;2025-12-09;12;0
12;2025-12-09;13;0
12;2025-12-09;14;0
12;2025-12-09;15;0
12;2025-12-09;16;0
12;2025-12-09;17;0
12;2025-12-09;18;0
12;2025-12-09;19;0
12;2025-12-09;20;0
12;2025-12-09;21;0
12;2025-12-09;22;0
12;2025-12-09;23;0
12;2025-12-10;0;0
12;2025-12-10;1;0
12;2025-12-10;2;0
12;2025-12-10;3;0
12;2025-12-10;4;0
12;2025-12-10;5;0
12;2025-12-10;6;0
12;2025-12-10;7;0
12;2025-12-10;8;0
12;2025-12-10;9;0
12;2025-12-10;10;0
12;2025-12-10;11;0
12;2025-12-10;12;0
12;2025-12-10;13;0
12;2025-12-10;14;0
12;2025-12-10;15;0
12;2025-12-10;16;0
12;2025-12-10;17;0
12;2025-12-10;18;0
12;2025-12-10;19;0
12;2025-12-10;20;0
12;2025-12-10;21;0
12;2025-12-10;22;0
12;2025-12-10;23;0
12;2025-12-11;0;0
12;2025-12-11;1;0
12;2025-12-11;2;0
12;2025-12-11;3;0
12;2025-12-11;4;0
12;2025-12-11;5;0
12;2025-12-11;6;0
12;2025-12-11;7;0
12;2025-12-11;8;0
12;2025-12-11;9;0
12;2025-12-11;10;0
12;2025-12-11;11;0
12;2025-12-11;12;0
12;2025-12-11;13;0
12;2025-12-11;14;0
12;2025-12-11;15;0
12;2025-12-11;16;0
12;2025-12-11;17;0
12;2025-12-11;18;0
12;2025-12-11;19;0
12;2025-12-11;20;0
12;2025-12-11;21;0
12;2025-12-11;22;0
12;2025-12-11;23;0
12;2025-12-12;0;0
12;2025-12-12;1;0
12;2025-12-12;2;0
12;2025-12-12;3;0
12;2025-12-12;4;0
12;2025-12-12;5;0
12;2025-12-12;6;0
12;2025-12-12;7;0
12;2025-12-12;8;0
12;2025-12-12;9;0
12;2025-12-12;10;0
12;2025-12-12;11;0
12;2025-12-12;12;0
12;2025-12-12;13;0
12;2025-12-12;14;0
12;2025-12-12;15;0
12;2025-12-12;16;0
12;2025-12-12;17;0
12;2025-12-12;18;0
12;2025-12-12;19;0
12;2025-12-12;20;0
12;2025-12-12;21;0
12;2025-12-12;22;0
12;2025-12-12;23;0
12;2025-12-13;0;0
12;2025-12-13;1;0
12;2025-12-13;2;0
12;2025-12-13;3;0
12;2025-12-13;4;0
12;2025-12-13;5;0
12;2025-12-13;6;0
12;2025-12-13;7;0
12;2025-12-13;8;0
12;2025-12-13;9;0
12;2025-12-13;10;0
12;2025-12-13;11;0
12;2025-12-13;12;0
12;2025-12-13;13;0
12;2025-12-13;14;0
12;2025-12-13;15;0
12;2025-12-13;16;0
12;2025-12-13;17;0
12;2025-12-13;18;0
12;2025-12-13;19;0
12;2025-12-13;20;0
12;2025-12-13;21;0
12;2025-12-13;22;0
12;2025-12-13;23;0
12;2025-12-14;0;0
12;2025-12-14;1;0
12;2025-12-14;2;0
12;2025-12-14;3;0
12;2025-12-14;4;0
12;2025-12-14;5;0
12;2025-12-14;6;0
12;2025-12-14;7;0
12;2025-12-14;8;0
12;2025-12-14;9;0
12;2025-12-14;10;0
12;2025-12-14;11;0
12;2025-12-14;12;0
12;2025-12-14;13;0
12;2025-12-14;14;0
12;2025-12-14;15;0
12;2025-12-14;16;0
12;2025-12-14;17;0
12;2025-12-14;18;0
12;2025-12-14;19;0
12;2025-12-14;20;0
12;2025-12-14;21;0
12;2025-12-14;22;0
12;2025-12-14;23;0
12;2025-12-15;0;0
12;2025-12-15;1;0
12;2025-12-15;2;0
12;2025-12-15;3;0
12;2025-12-15;4;0
12;2025-12-15;5;0
12;2025-12-15;6;0
12;2025-12-15;7;0
12;2025-12-15;8;0
12;2025-12-15;9;0
12;2025-12-15;10;0
12;2025-12-15;11;0
12;2025-12-15;12;0
12;2025-12-15;13;0
12;2025-12-15;14;0
12;2025-12-15;15;0
12;2025-12-15;16;0
12;2025-12-15;17;0
12;2025-12-15;18;0
12;2025-12-15;19;0
12;2025-12-15;20;0
12;2025-12-15;21;0
12;2025-12-15;22;0
12;2025-12-15;23;0
12;2025-12-16;0;0
12;2025-12-16;1;0
12;2025-12-16;2;0
12;2025-12-16;3;0
12;2025-12-16;4;0
12;2025-12-16;5;0
12;2025-12-16;6;0
12;2025-12-16;7;0
12;2025-12-16;8;0
12;2025-12-16;9;0
12;2025-12-16;10;0
12;2025-12-16;11;0
12;2025-12-16;12;0
12;2025-12-16;13;0
12;2025-12-16;14;0
12;2025-12-16;15;0
12;2025-12-16;16;0
12;2025-12-16;17;0
12;2025-12-16;18;0
12;2025-12-16;19;0
12;2025-12-16;20;0
12;2025-12-16;21;0
12;2025-12-16;22;0
12;2025-12-16;23;0
12;2025-12-17;0;0
12;2025-12-17;1;0
12;2025-12-17;2;0
12;2025-12-17;3;0
12;2025-12-17;4;0
12;2025-12-17;5;0
12;2025-12-17;6;0
12;2025-12-17;7;0
12;2025-12-17;8;0
12;2025-12-17;9;0
12;2025-12-17;10;0
12;2025-12-17;11;0
12;2025-12-17;12;0
12;2025-12-17;13;0
12;2025-12-17;14;0
12;2025-12-17;15;0
12;2025-12-17;16;0
12;2025-12-17;17;0
12;2025-12-17;18;0
12;2025-12-17;19;0
12;2025-12-17;20;0
12;2025-12-17;21;0
12;2025-12-17;22;0
12;2025-12-17;23;0
12;2025-12-18;0;0
12;2025-12-18;1;0
12;2025-12-18;2;0
12;2025-12-18;3;0
12;2025-12-18;4;0
12;2025-12-18;5;0
12;2025-12-18;6;0
12;2025-12-18;7;0
12;2025-12-18;8;0
12;2025-12-18;9;0
12;2025-12-18;10;0
12;2025-12-18;11;0
12;2025-12-18;12;0
12;2025-12-18;13;0
12;2025-12-18;14;0
12;2025-12-18;15;0
12;2025-12-18;16;0
12;2025-12-18;17;0
12;2025-12-18;18;0
12;2025-12-18;19;0
12;2025-12-18;20;0
12;2025-12-18;21;0
12;2025-12-18;22;0
12;2025-12-18;23;0
12;2025-12-19;0;0
12;2025-12-19;1;0
12;2025-12-19;2;0
12;2025-12-19;3;0
12;2025-12-19;4;0
12;2025-12-19;5;0
12;2025-12-19;6;0
12;2025-12-19;7;0
12;2025-12-19;8;0
12;2025-12-19;9;0
12;2025-12-19;10;0
12;2025-12-19;11;0
12;2025-12-19;12;0
12;2025-12-19;13;0
12;2025-12-19;14;0
12;2025-12-19;15;0
12;2025-12-19;16;0
12;2025-12-19;17;0
12;2025-12-19;18;0
12;2025-12-19;19;0
12;2025-12-19;20;0
12;2025-12-19;21;0
12;2025-12-19;22;0
12;2025-12-19;23;0
12;2025-12-20;0;0
12;2025-12-20;1;0
12;2025-12-20;2;0
12;2025-12-20;3;0
12;2025-12-20;4;0
12;2025-12-20;5;0
12;2025-12-20;6;0
12;2025-12-20;7;0
12;2025-12-20;8;0
12;2025-12-20;9;0
12;2025-12-20;10;0
12;2025-12-20;11;0
12;2025-12-20;12;0
12;2025-12-20;13;0
12;2025-12-20;14;0
12;2025-12-20;15;0
12;2025-12-20;16;0
12;2025-12-20;17;0
12;2025-12-20;18;0
12;2025-12-20;19;0
12;2025-12-20;20;0
12;2025-12-20;21;0
12;2025-12-20;22;0
12;2025-12-20;23;0
12;2025-12-21;0;0
12;2025-12-21;1;0
12;2025-12-21;2;0
12;2025-12-21;3;0
12;2025-12-21;4;0
12;2025-12-21;5;0
12;2025-12-21;6;0
12;2025-12-21;7;0
12;2025-12-21;8;0
12;2025-12-21;9;0
12;2025-12-21;10;0
12;2025-12-21;11;0
12;2025-12-21;12;0
12;2025-12-21;13;0
12;2025-12-21;14;0
12;2025-12-21;15;0
12;2025-12-21;16;0
12;2025-12-21;17;0
12;2025-12-21;18;0
12;2025-12-21;19;0
12;2025-12-21;20;0
12;2025-12-21;21;0
12;2025-12-21;22;0
12;2025-12-21;23;0
12;2025-12-22;0;0
12;2025-12-22;1;0
12;2025-12-22;2;0
12;2025-12-22;3;0
12;2025-12-22;4;0
12;2025-12-22;5;0
12;2025-12-22;6;0
12;2025-12-22;7;0
12;2025-12-22;8;0
12;2025-12-22;9;0
12;2025-12-22;10;0
12;2025-12-22;11;0
12;2025-12-22;12;0
12;2025-12-22;13;0
12;2025-12-22;14;0
12;2025-12-22;15;0
12;2025-12-22;16;0
12;2025-12-22;17;0
12;2025-12-22;18;0
12;2025-12-22;19;0
12;2025-12-22;20;0
12;2025-12-22;21;0
12;2025-12-22;22;0
12;2025-12-22;23;0
12;2025-12-23;0;0
12;2025-12-23;1;0
12;2025-12-23;2;0
12;2025-12-23;3;0
12;2025-12-23;4;0
12;2025-12-23;5;0
12;2025-12-23;6;0
12;2025-12-23;7;0
12;2025-12-23;8;0
12;2025-12-23;9;0
12;2025-12-23;10;0
12;2025-12-23;11;0
12;2025-12-23;12;0
12;2025-12-23;13;0
12;2025-12-23;14;0
12;2025-12-23;15;0
12;2025-12-23;16;0
12;2025-12-23;17;0
12;2025-12-23;18;0
12;2025-12-23;19;0
12;2025-12-23;20;0
12;2025-12-23;21;0
12;2025-12-23;22;0
12;2025-12-23;23;0
12;2025-12-24;0;0
12;2025-12-24;1;0
12;2025-12-24;2;0
12;2025-12-24;3;0
12;2025-12-24;4;0
12;2025-12-24;5;0
12;2025-12-24;6;0
12;2025-12-24;7;0
12;2025-12-24;8;0
12;2025-12-24;9;0
12;2025-12-24;10;0
12;2025-12-24;11;0
12;2025-12-24;12;0
12;2025-12-24;13;0
12;2025-12-24;14;0
12;2025-12-24;15;0
12;2025-12-24;16;0
12;2025-12-24;17;0
12;2025-12-24;18;0
12;2025-12-24;19;0
12;2025-12-24;20;0
12;2025-12-24;21;0
12;2025-12-24;22;0
12;2025-12-24;23;0
12;2025-12-25;0;0
12;2025-12-25;1;0
12;2025-12-25;2;0
12;2025-12-25;3;0
12;2025-12-25;4;0
12;2025-12-25;5;0
12;2025-12-25;6;0
12;2025-12-25;7;0
12;2025-12-25;8;0
12;2025-12-25;9;0
12;2025-12-25;10;0
12;2025-12-25;11;0
12;2025-12-25;12;0
12;2025-12-25;13;0
12;2025-12-25;14;0
12;2025-12-25;15;0
12;2025-12-25;16;0
12;2025-12-25;17;0
12;2025-12-25;18;0
12;2025-12-25;19;0
12;2025-12-25;20;0
12;2025-12-25;21;0
12;2025-12-25;22;0
12;2025-12-25;23;0
12;2025-12-26;0;0
12;2025-12-26;1;0
12;2025-12-26;2;0
12;2025-12-26;3;0
12;2025-12-26;4;0
12;2025-12-26;5;0
12;2025-12-26;6;0
12;2025-12-26;7;0
12;2025-12-26;8;0
12;2025-12-26;9;0
12;2025-12-26;10;0
12;2025-12-26;11;0
12;2025-12-26;12;0
12;2025-12-26;13;0
12;2025-12-26;14;0
12;2025-12-26;15;0
12;2025-12-26;16;0
12;2025-12-26;17;0
12;2025-12-26;18;0
12;2025-12-26;19;0
12;2025-12-26;20;0
12;2025-12-26;21;0
12;2025-12-26;22;0
12;2025-12-26;23;0
12;2025-12-27;0;0
12;2025-12-27;1;0
12;2025-12-27;2;0
12;2025-12-27;3;0
12;2025-12-27;4;0
12;2025-12-27;5;0
12;2025-12-27;6;0
12;2025-12-27;7;0
12;2025-12-27;8;0
12;2025-12-27;9;0
12;2025-12-27;10;0
12;2025-12-27;11;0
12;2025-12-27;12;0
12;2025-12-27;13;0
12;2025-12-27;14;0
12;2025-12-27;15;0
12;2025-12-27;16;0
12;2025-12-27;17;0
12;2025-12-27;18;0
12;2025-12-27;19;0
12;2025-12-27;20;0
12;2025-12-27;21;0
12;2025-12-27;22;0
12;2025-12-27;23;0
12;2025-12-28;0;0
12;2025-12-28;1;0
12;2025-12-28;2;0
12;2025-12-28;3;0
12;2025-12-28;4;0
12;2025-12-28;5;0
12;2025-12-28;6;0
12;2025-12-28;7;0
12;2025-12-28;8;0
12;2025-12-28;9;0
12;2025-12-28;10;0
12;2025-12-28;11;0
12;2025-12-28;12;0
12;2025-12-28;13;0
12;2025-12-28;14;0
12;2025-12-28;15;0
12;2025-12-28;16;0
12;2025-12-28;17;0
12;2025-12-28;18;0
12;2025-12-28;19;0
12;2025-12-28;20;0
12;2025-12-28;21;0
12;2025-12-28;22;0
12;2025-12-28;23;0
12;2025-12-29;0;0
12;2025-12-29;1;0
12;2025-12-29;2;0
12;2025-12-29;3;0
12;2025-12-29;4;0
12;2025-12-29;5;0
12;2025-12-29;6;0
12;2025-12-29;7;0
12;2025-12-29;8;0
12;2025-12-29;9;0
12;2025-12-29;10;0
12;2025-12-29;11;0
12;2025-12-29;12;0
12;2025-12-29;13;0
12;2025-12-29;14;0
12;2025-12-29;15;0
12;2025-12-29;16;0
12;2025-12-29;17;0
12;2025-12-29;18;0
12;2025-12-29;19;0
12;2025-12-29;20;0
12;2025-12-29;21;0
12;2025-12-29;22;0
12;2025-12-29;23;0
12;2025-12-30;0;0
12;2025-12-30;1;0
12;2025-12-30;2;0
12;2025-12-30;3;0
12;2025-12-30;4;0
12;2025-12-30;5;0
12;2025-12-30;6;0
12;2025-12-30;7;0
12;2025-12-30;8;0
12;2025-12-30;9;0
12;2025-12-30;10;0
12;2025-12-30;11;0
12;2025-12-30;12;0
12;2025-12-30;13;0
12;2025-12-30;14;0
12;2025-12-30;15;0
12;2025-12-30;16;0
12;2025-12-30;17;0
12;2025-12-30;18;0
12;2025-12-30;19;0
12;2025-12-30;20;0
12;2025-12-30;21;0
12;2025-12-30;22;0
12;2025-12-30;23;0
12;2025-12-31;0;0
12;2025-12-31;1;0
12;2025-12-31;2;0
12;2025-12-31;3;0
12;2025-12-31;4;0
12;2025-12-31;5;0
12;2025-12-31;6;0
12;2025-12-31;7;0
12;2025-12-31;8;0
12;2025-12-31;9;0
12;2025-12-31;10;0
12;2025-12-31;11;0
12;2025-12-31;12;0
12;2025-12-31;13;0
12;2025-12-31;14;0
12;2025-12-31;15;0
12;2025-12-31;16;0
12;2025-12-31;17;0
12;2025-12-31;18;0
12;2025-12-31;19;0
12;2025-12-31;20;0
12;2025-12-31;21;0
12;2025-12-31;22;0
12;2025-12-31;23;0
17;2025-11-01;0;0
17;2025-11-01;1;0
17;2025-11-01;2;0
17;2025-11-01;3;0
17;2025-11-01;4;0
17;2025-11-01;5;0
17;2025-11-01;6;0
17;2025-11-01;7;0
17;2025-11-01;8;0
17;2025-11-01;9;0
17;2025-11-01;10;0
17;2025-11-01;11;0
17;2025-11-01;12;0
17;2025-11-01;13;0
17;2025-11-01;14;0
17;2025-11-01;15;0
17;2025-11-01;16;6991
17;2025-11-01;17;8427
17;2025-11-01;18;8505
17;2025-11-01;19;6039
17;2025-11-01;20;0
17;2025-11-01;21;0
17;2025-11-01;22;0
17;2025-11-01;23;0
17;2025-11-02;0;0
17;2025-11-02;1;0
17;2025-11-02;2;0
17;2025-11-02;3;0
17;2025-11-02;4;0
17;2025-11-02;5;0
17;2025-11-02;6;0
17;2025-11-02;7;0
17;2025-11-02;8;0
17;2025-11-02;9;0
17;2025-11-02;10;0
17;2025-11-02;11;0
17;2025-11-02;12;0
17;2025-11-02;13;0
17;2025-11-02;14;0
17;2025-11-02;15;0
17;2025-11-02;16;0
17;2025-11-02;17;0
17;2025-11-02;18;0
17;2025-11-02;19;0
17;2025-11-02;20;0
17;2025-11-02;21;0
17;2025-11-02;22;0
17;2025-11-02;23;0
17;2025-11-03;0;0
17;2025-11-03;1;0
17;2025-11-03;2;0
17;2025-11-03;3;0
17;2025-11-03;4;0
17;2025-11-03;5;0
17;2025-11-03;6;0
17;2025-11-03;7;0
17;2025-11-03;8;0
17;2025-11-03;9;0
17;2025-11-03;10;0
17;2025-11-03;11;0
17;2025-11-03;12;0
17;2025-11-03;13;0
17;2025-11-03;14;0
17;2025-11-03;15;0
17;2025-11-03;16;0
17;2025-11-03;17;0
17;2025-11-03;18;0
17;2025-11-03;19;0
17;2025-11-03;20;0
17;2025-11-03;21;0
17;2025-11-03;22;0
17;2025-11-03;23;0
17;2025-11-04;0;0
17;2025-11-04;1;0
17;2025-11-04;2;0
17;2025-11-04;3;0
17;2025-11-04;4;0
17;2025-11-04;5;0
17;2025-11-04;6;0
17;2025-11-04;7;0
17;2025-11-04;8;0
17;2025-11-04;9;0
17;2025-11-04;10;0
17;2025-11-04;11;0
17;2025-11-04;12;0
17;2025-11-04;13;0
17;2025-11-04;14;0
17;2025-11-04;15;0
17;2025-11-04;16;0
17;2025-11-04;17;0
17;2025-11-04;18;0
17;2025-11-04;19;0
17;2025-11-04;20;0
17;2025-11-04;21;0
17;2025-11-04;22;0
17;2025-11-04;23;0
17;2025-11-05;0;0
17;2025-11-05;1;0
17;2025-11-05;2;0
17;2025-11-05;3;0
17;2025-11-05;4;0
17;2025-11-05;5;0
17;2025-11-05;6;0
17;2025-11-05;7;0
17;2025-11-05;8;0
17;2025-11-05;9;0
17;2025-11-05;10;0
17;2025-11-05;11;0
17;2025-11-05;12;0
17;2025-11-05;13;0
17;2025-11-05;14;0
17;2025-11-05;15;0
17;2025-11-05;16;7429
17;2025-11-05;17;9115
17;2025-11-05;18;9473
17;2025-11-05;19;6655
17;2025-11-05;20;0
17;2025-11-05;21;0
17;2025-11-05;22;0
17;2025-11-05;23;0
17;2025-11-06;0;0
17;2025-11-06;1;0
17;2025-11-06;2;0
17;2025-11-06;3;0
17;2025-11-06;4;0
17;2025-11-06;5;0
17;2025-11-06;6;0
17;2025-11-06;7;0
17;2025-11-06;8;0
17;2025-11-06;9;0
17;2025-11-06;10;0
17;2025-11-06;11;0
17;2025-11-06;12;0
17;2025-11-06;13;0
17;2025-11-06;14;0
17;2025-11-06;15;0
17;2025-11-06;16;7523
17;2025-11-06;17;9163
17;2025-11-06;18;9507
17;2025-11-06;19;6729
17;2025-11-06;20;0
17;2025-11-06;21;0
17;2025-11-06;22;0
17;2025-11-06;23;0
17;2025-11-07;0;0
17;2025-11-07;1;0
17;2025-11-07;2;0
17;2025-11-07;3;0
17;2025-11-07;4;0
17;2025-11-07;5;0
17;2025-11-07;6;0
17;2025-11-07;7;0
17;2025-11-07;8;0
17;2025-11-07;9;0
17;2025-11-07;10;0
17;2025-11-07;11;0
17;2025-11-07;12;0
17;2025-11-07;13;0
17;2025-11-07;14;0
17;2025-11-07;15;0
17;2025-11-07;16;7985
17;2025-11-07;17;9241
17;2025-11-07;18;8769
17;2025-11-07;19;6391
17;2025-11-07;20;0
17;2025-11-07;21;0
17;2025-11-07;22;0
17;2025-11-07;23;0
17;2025-11-08;0;0
17;2025-11-08;1;0
17;2025-11-08;2;0
17;2025-11-08;3;0
17;2025-11-08;4;0
17;2025-11-08;5;0
17;2025-11-08;6;0
17;2025-11-08;7;0
17;2025-11-08;8;0
17;2025-11-08;9;0
17;2025-11-08;10;0
17;2025-11-08;11;0
17;2025-11-08;12;0
17;2025-11-08;13;0
17;2025-11-08;14;0
17;2025-11-08;15;0
17;2025-11-08;16;0
17;2025-11-08;17;0
17;2025-11-08;18;0
17;2025-11-08;19;0
17;2025-11-08;20;0
17;2025-11-08;21;0
17;2025-11-08;22;0
17;2025-11-08;23;0
17;2025-11-09;0;0
17;2025-11-09;1;0
17;2025-11-09;2;0
17;2025-11-09;3;0
17;2025-11-09;4;0
17;2025-11-09;5;0
17;2025-11-09;6;0
17;2025-11-09;7;0
17;2025-11-09;8;0
17;2025-11-09;9;0
17;2025-11-09;10;0
17;2025-11-09;11;0
17;2025-11-09;12;0
17;2025-11-09;13;0
17;2025-11-09;14;0
17;2025-11-09;15;0
17;2025-11-09;16;0
17;2025-11-09;17;0
17;2025-11-09;18;0
17;2025-11-09;19;0
17;2025-11-09;20;0
17;2025-11-09;21;0
17;2025-11-09;22;0
17;2025-11-09;23;0
17;2025-11-10;0;0
17;2025-11-10;1;0
17;2025-11-10;2;0
17;2025-11-10;3;0
17;2025-11-10;4;0
17;2025-11-10;5;0
17;2025-11-10;6;0
17;2025-11-10;7;0
17;2025-11-10;8;0
17;2025-11-10;9;0
17;2025-11-10;10;0
17;2025-11-10;11;0
17;2025-11-10;12;0
17;2025-11-10;13;0
17;2025-11-10;14;0
17;2025-11-10;15;0
17;2025-11-10;16;7487
17;2025-11-10;17;9173
17;2025-11-10;18;9603
17;2025-11-10;19;6705
17;2025-11-10;20;0
17;2025-11-10;21;0
17;2025-11-10;22;0
17;2025-11-10;23;0
17;2025-11-11;0;0
17;2025-11-11;1;0
17;2025-11-11;2;0
17;2025-11-11;3;0
17;2025-11-11;4;0
17;2025-11-11;5;0
17;2025-11-11;6;0
17;2025-11-11;7;0
17;2025-11-11;8;0
17;2025-11-11;9;0
17;2025-11-11;10;0
17;2025-11-11;11;0
17;2025-11-11;12;0
17;2025-11-11;13;0
17;2025-11-11;14;0
17;2025-11-11;15;0
17;2025-11-11;16;7561
17;2025-11-11;17;9363
17;2025-11-11;18;9723
17;2025-11-11;19;6817
17;2025-11-11;20;0
17;2025-11-11;21;0
17;2025-11-11;22;0
17;2025-11-11;23;0
17;2025-11-12;0;0
17;2025-11-12;1;0
17;2025-11-12;2;0
17;2025-11-12;3;0
17;2025-11-12;4;0
17;2025-11-12;5;0
17;2025-11-12;6;0
17;2025-11-12;7;0
17;2025-11-12;8;0
17;2025-11-12;9;0
17;2025-11-12;10;0
17;2025-11-12;11;0
17;2025-11-12;12;0
17;2025-11-12;13;0
17;2025-11-12;14;0
17;2025-11-12;15;0
17;2025-11-12;16;7503
17;2025-11-12;17;9183
17;2025-11-12;18;9519
17;2025-11-12;19;6679
17;2025-11-12;20;0
17;2025-11-12;21;0
17;2025-11-12;22;0
17;2025-11-12;23;0
17;2025-11-13;0;0
17;2025-11-13;1;0
17;2025-11-13;2;0
17;2025-11-13;3;0
17;2025-11-13;4;0
17;2025-11-13;5;0
17;2025-11-13;6;0
17;2025-11-13;7;0
17;2025-11-13;8;0
17;2025-11-13;9;0
17;2025-11-13;10;0
17;2025-11-13;11;0
17;2025-11-13;12;0
17;2025-11-13;13;0
17;2025-11-13;14;0
17;2025-11-13;15;0
17;2025-11-13;16;7643
17;2025-11-13;17;9291
17;2025-11-13;18;9615
17;2025-11-13;19;6793
17;2025-11-13;20;0
17;2025-11-13;21;0
17;2025-11-13;22;0
17;2025-11-13;23;0
17;2025-11-14;0;0
17;2025-11-14;1;0
17;2025-11-14;2;0
17;2025-11-14;3;0
17;2025-11-14;4;0
17;2025-11-14;5;0
17;2025-11-14;6;0
17;2025-11-14;7;0
17;2025-11-14;8;0
17;2025-11-14;9;0
17;2025-11-14;10;0
17;2025-11-14;11;0
17;2025-11-14;12;0
17;2025-11-14;13;0
17;2025-11-14;14;0
17;2025-11-14;15;0
17;2025-11-14;16;8083
17;2025-11-14;17;9345
17;2025-11-14;18;8837
17;2025-11-14;19;6445
17;2025-11-14;20;0
17;2025-11-14;21;0
17;2025-11-14;22;0
17;2025-11-14;23;0
17;2025-11-15;0;0
17;2025-11-15;1;0
17;2025-11-15;2;0
17;2025-11-15;3;0
17;2025-11-15;4;0
17;2025-11-15;5;0
17;2025-11-15;6;0
17;2025-11-15;7;0
17;2025-11-15;8;0
17;2025-11-15;9;0
17;2025-11-15;10;0
17;2025-11-15;11;0
17;2025-11-15;12;0
17;2025-11-15;13;0
17;2025-11-15;14;0
17;2025-11-15;15;0
17;2025-11-15;16;0
17;2025-11-15;17;0
17;2025-11-15;18;0
17;2025-11-15;19;0
17;2025-11-15;20;0
17;2025-11-15;21;0
17;2025-11-15;22;0
17;2025-11-15;23;0
17;2025-11-16;0;0
17;2025-11-16;1;0
17;2025-11-16;2;0
17;2025-11-16;3;0
17;2025-11-16;4;0
17;2025-11-16;5;0
17;2025-11-16;6;0
17;2025-11-16;7;0
17;2025-11-16;8;0
17;2025-11-16;9;0
17;2025-11-16;10;0
17;2025-11-16;11;0
17;2025-11-16;12;0
17;2025-11-16;13;0
17;2025-11-16;14;0
17;2025-11-16;15;0
17;2025-11-16;16;0
17;2025-11-16;17;0
17;2025-11-16;18;0
17;2025-11-16;19;0
17;2025-11-16;20;0
17;2025-11-16;21;0
17;2025-11-16;22;0
17;2025-11-16;23;0
17;2025-11-17;0;0
17;2025-11-17;1;0
17;2025-11-17;2;0
17;2025-11-17;3;0
17;2025-11-17;4;0
17;2025-11-17;5;0
17;2025-11-17;6;0
17;2025-11-17;7;0
17;2025-11-17;8;0
17;2025-11-17;9;0
17;2025-11-17;10;0
17;2025-11-17;11;0
17;2025-11-17;12;0
17;2025-11-17;13;0
17;2025-11-17;14;0
17;2025-11-17;15;0
17;2025-11-17;16;7385
17;2025-11-17;17;9055
17;2025-11-17;18;9479
17;2025-11-17;19;6619
17;2025-11-17;20;0
17;2025-11-17;21;0
17;2025-11-17;22;0
17;2025-11-17;23;0
17;2025-11-18;0;0
17;2025-11-18;1;0
17;2025-11-18;2;0
17;2025-11-18;3;0
17;2025-11-18;4;0
17;2025-11-18;5;0
17;2025-11-18;6;0
17;2025-11-18;7;0
17;2025-11-18;8;0
17;2025-11-18;9;0
17;2025-11-18;10;0
17;2025-11-18;11;0
17;2025-11-18;12;0
17;2025-11-18;13;0
17;2025-11-18;14;0
17;2025-11-18;15;0
17;2025-11-18;16;7311
17;2025-11-18;17;9073
17;2025-11-18;18;9419
17;2025-11-18;19;6597
17;2025-11-18;20;0
17;2025-11-18;21;0
17;2025-11-18;22;0
17;2025-11-18;23;0
17;2025-11-19;0;0
17;2025-11-19;1;0
17;2025-11-19;2;0
17;2025-11-19;3;0
17;2025-11-19;4;0
17;2025-11-19;5;0
17;2025-11-19;6;0
17;2025-11-19;7;0
17;2025-11-19;8;0
17;2025-11-19;9;0
17;2025-11-19;10;0
17;2025-11-19;11;0
17;2025-11-19;12;0
17;2025-11-19;13;0
17;2025-11-19;14;0
17;2025-11-19;15;0
17;2025-11-19;16;7577
17;2025-11-19;17;9259
17;2025-11-19;18;9593
17;2025-11-19;19;6719
17;2025-11-19;20;0
17;2025-11-19;21;0
17;2025-11-19;22;0
17;2025-11-19;23;0
17;2025-11-20;0;0
17;2025-11-20;1;0
17;2025-11-20;2;0
17;2025-11-20;3;0
17;2025-11-20;4;0
17;2025-11-20;5;0
17;2025-11-20;6;0
17;2025-11-20;7;0
17;2025-11-20;8;0
17;2025-11-20;9;0
17;2025-11-20;10;0
17;2025-11-20;11;0
17;2025-11-20;12;0
17;2025-11-20;13;0
17;2025-11-20;14;0
17;2025-11-20;15;0
17;2025-11-20;16;7681
17;2025-11-20;17;9317
17;2025-11-20;18;9635
17;2025-11-20;19;6789
17;2025-11-20;20;0
17;2025-11-20;21;0
17;2025-11-20;22;0
17;2025-11-20;23;0
17;2025-11-21;0;0
17;2025-11-21;1;0
17;2025-11-21;2;0
17;2025-11-21;3;0
17;2025-11-21;4;0
17;2025-11-21;5;0
17;2025-11-21;6;0
17;2025-11-21;7;0
17;2025-11-21;8;0
17;2025-11-21;9;0
17;2025-11-21;10;0
17;2025-11-21;11;0
17;2025-11-21;12;0
17;2025-11-21;13;0
17;2025-11-21;14;0
17;2025-11-21;15;0
17;2025-11-21;16;8103
17;2025-11-21;17;9347
17;2025-11-21;18;8843
17;2025-11-21;19;6431
17;2025-11-21;20;0
17;2025-11-21;21;0
17;2025-11-21;22;0
17;2025-11-21;23;0
17;2025-11-22;0;0
17;2025-11-22;1;0
17;2025-11-22;2;0
17;2025-11-22;3;0
17;2025-11-22;4;0
17;2025-11-22;5;0
17;2025-11-22;6;0
17;2025-11-22;7;0
17;2025-11-22;8;0
17;2025-11-22;9;0
17;2025-11-22;10;0
17;2025-11-22;11;0
17;2025-11-22;12;0
17;2025-11-22;13;0
17;2025-11-22;14;0
17;2025-11-22;15;0
17;2025-11-22;16;0
17;2025-11-22;17;0
17;2025-11-22;18;0
17;2025-11-22;19;0
17;2025-11-22;20;0
17;2025-11-22;21;0
17;2025-11-22;22;0
17;2025-11-22;23;0
17;2025-11-23;0;0
17;2025-11-23;1;0
17;2025-11-23;2;0
17;2025-11-23;3;0
17;2025-11-23;4;0
17;2025-11-23;5;0
17;2025-11-23;6;0
17;2025-11-23;7;0
17;2025-11-23;8;0
17;2025-11-23;9;0
17;2025-11-23;10;0
17;2025-11-23;11;0
17;2025-11-23;12;0
17;2025-11-23;13;0
17;2025-11-23;14;0
17;2025-11-23;15;0
17;2025-11-23;16;0
17;2025-11-23;17;0
17;2025-11-23;18;0
17;2025-11-23;19;0
17;2025-11-23;20;0
17;2025-11-23;21;0
17;2025-11-23;22;0
17;2025-11-23;23;0
17;2025-11-24;0;0
17;2025-11-24;1;0
17;2025-11-24;2;0
17;2025-11-24;3;0
17;2025-11-24;4;0
17;2025-11-24;5;0
17;2025-11-24;6;0
17;2025-11-24;7;0
17;2025-11-24;8;0
17;2025-11-24;9;0
17;2025-11-24;10;0
17;2025-11-24;11;0
17;2025-11-24;12;0
17;2025-11-24;13;0
17;2025-11-24;14;0
17;2025-11-24;15;0
17;2025-11-24;16;7253
17;2025-11-24;17;8891
17;2025-11-24;18;9311
17;2025-11-24;19;6499
17;2025-11-24;20;0
17;2025-11-24;21;0
17;2025-11-24;22;0
17;2025-11-24;23;0
17;2025-11-25;0;0
17;2025-11-25;1;0
17;2025-11-25;2;0
17;2025-11-25;3;0
17;2025-11-25;4;0
17;2025-11-25;5;0
17;2025-11-25;6;0
17;2025-11-25;7;0
17;2025-11-25;8;0
17;2025-11-25;9;0
17;2025-11-25;10;0
17;2025-11-25;11;0
17;2025-11-25;12;0
17;2025-11-25;13;0
17;2025-11-25;14;0
17;2025-11-25;15;0
17;2025-11-25;16;7595
17;2025-11-25;17;9375
17;2025-11-25;18;9721
17;2025-11-25;19;6799
17;2025-11-25;20;0
17;2025-11-25;21;0
17;2025-11-25;22;0
17;2025-11-25;23;0
17;2025-11-26;0;0
17;2025-11-26;1;0
17;2025-11-26;2;0
17;2025-11-26;3;0
17;2025-11-26;4;0
17;2025-11-26;5;0
17;2025-11-26;6;0
17;2025-11-26;7;0
17;2025-11-26;8;0
17;2025-11-26;9;0
17;2025-11-26;10;0
17;2025-11-26;11;0
17;2025-11-26;12;0
17;2025-11-26;13;0
17;2025-11-26;14;0
17;2025-11-26;15;0
17;2025-11-26;16;7405
17;2025-11-26;17;9055
17;2025-11-26;18;9383
17;2025-11-26;19;6561
17;2025-11-26;20;0
17;2025-11-26;21;0
17;2025-11-26;22;0
17;2025-11-26;23;0
17;2025-11-27;0;0
17;2025-11-27;1;0
17;2025-11-27;2;0
17;2025-11-27;3;0
17;2025-11-27;4;0
17;2025-11-27;5;0
17;2025-11-27;6;0
17;2025-11-27;7;0
17;2025-11-27;8;0
17;2025-11-27;9;0
17;2025-11-27;10;0
17;2025-11-27;11;0
17;2025-11-27;12;0
17;2025-11-27;13;0
17;2025-11-27;14;0
17;2025-11-27;15;0
17;2025-11-27;16;7551
17;2025-11-27;17;9159
17;2025-11-27;18;9479
17;2025-11-27;19;6661
17;2025-11-27;20;0
17;2025-11-27;21;0
17;2025-11-27;22;0
17;2025-11-27;23;0
17;2025-11-28;0;0
17;2025-11-28;1;0
17;2025-11-28;2;0
17;2025-11-28;3;0
17;2025-11-28;4;0
17;2025-11-28;5;0
17;2025-11-28;6;0
17;2025-11-28;7;0
17;2025-11-28;8;0
17;2025-11-28;9;0
17;2025-11-28;10;0
17;2025-11-28;11;0
17;2025-11-28;12;0
17;2025-11-28;13;0
17;2025-11-28;14;0
17;2025-11-28;15;0
17;2025-11-28;16;7981
17;2025-11-28;17;9211
17;2025-11-28;18;8729
17;2025-11-28;19;6341
17;2025-11-28;20;0
17;2025-11-28;21;0
17;2025-11-28;22;0
17;2025-11-28;23;0
17;2025-11-29;0;0
17;2025-11-29;1;0
17;2025-11-29;2;0
17;2025-11-29;3;0
17;2025-11-29;4;0
17;2025-11-29;5;0
17;2025-11-29;6;0
17;2025-11-29;7;0
17;2025-11-29;8;0
17;2025-11-29;9;0
17;2025-11-29;10;0
17;2025-11-29;11;0
17;2025-11-29;12;0
17;2025-11-29;13;0
17;2025-11-29;14;0
17;2025-11-29;15;0
17;2025-11-29;16;0
17;2025-11-29;17;0
17;2025-11-29;18;0
17;2025-11-29;19;0
17;2025-11-29;20;0
17;2025-11-29;21;0
17;2025-11-29;22;0
17;2025-11-29;23;0
17;2025-11-30;0;0
17;2025-11-30;1;0
17;2025-11-30;2;0
17;2025-11-30;3;0
17;2025-11-30;4;0
17;2025-11-30;5;0
17;2025-11-30;6;0
17;2025-11-30;7;0
17;2025-11-30;8;0
17;2025-11-30;9;0
17;2025-11-30;10;0
17;2025-11-30;11;0
17;2025-11-30;12;0
17;2025-11-30;13;0
17;2025-11-30;14;0
17;2025-11-30;15;0
17;2025-11-30;16;0
17;2025-11-30;17;0
17;2025-11-30;18;0
17;2025-11-30;19;0
17;2025-11-30;20;0
17;2025-11-30;21;0
17;2025-11-30;22;0
17;2025-11-30;23;0
17;2025-12-01;0;202
17;2025-12-01;1;24
17;2025-12-01;2;3
17;2025-12-01;3;3
17;2025-12-01;4;42
17;2025-12-01;5;498
17;2025-12-01;6;2488
17;2025-12-01;7;6909
17;2025-12-01;8;8709
17;2025-12-01;9;6290
17;2025-12-01;10;4954
17;2025-12-01;11;4933
17;2025-12-01;12;4914
17;2025-12-01;13;4992
17;2025-12-01;14;5130
17;2025-12-01;15;5271
17;2025-12-01;16;5922
17;2025-12-01;17;7301
17;2025-12-01;18;7586
17;2025-12-01;19;5415
17;2025-12-01;20;3819
17;2025-12-01;21;2354
17;2025-12-01;22;1111
17;2025-12-01;23;605
17;2025-12-02;0;199
17;2025-12-02;1;21
17;2025-12-02;2;3
17;2025-12-02;3;3
17;2025-12-02;4;43
17;2025-12-02;5;512
17;2025-12-02;6;2507
17;2025-12-02;7;6955
17;2025-12-02;8;8770
17;2025-12-02;9;6335
17;2025-12-02;10;5005
17;2025-12-02;11;4978
17;2025-12-02;12;4965
17;2025-12-02;13;5063
17;2025-12-02;14;5211
17;2025-12-02;15;5323
17;2025-12-02;16;5975
17;2025-12-02;17;7379
17;2025-12-02;18;7659
17;2025-12-02;19;5474
17;2025-12-02;20;3859
17;2025-12-02;21;2407
17;2025-12-02;22;1159
17;2025-12-02;23;623
17;2025-12-03;0;203
17;2025-12-03;1;21
17;2025-12-03;2;3
17;2025-12-03;3;3
17;2025-12-03;4;45
17;2025-12-03;5;507
17;2025-12-03;6;2507
17;2025-12-03;7;6949
17;2025-12-03;8;8743
17;2025-12-03;9;6330
17;2025-12-03;10;5011
17;2025-12-03;11;4984
17;2025-12-03;12;4981
17;2025-12-03;13;5072
17;2025-12-03;14;5229
17;2025-12-03;15;5338
17;2025-12-03;16;5989
17;2025-12-03;17;7365
17;2025-12-03;18;7650
17;2025-12-03;19;5459
17;2025-12-03;20;3858
17;2025-12-03;21;2415
17;2025-12-03;22;1171
17;2025-12-03;23;650
17;2025-12-04;0;205
17;2025-12-04;1;21
17;2025-12-04;2;3
17;2025-12-04;3;3
17;2025-12-04;4;43
17;2025-12-04;5;515
17;2025-12-04;6;2515
17;2025-12-04;7;6963
17;2025-12-04;8;8773
17;2025-12-04;9;6351
17;2025-12-04;10;5031
17;2025-12-04;11;5000
17;2025-12-04;12;5008
17;2025-12-04;13;5104
17;2025-12-04;14;5253
17;2025-12-04;15;5341
17;2025-12-04;16;6021
17;2025-12-04;17;7378
17;2025-12-04;18;7642
17;2025-12-04;19;5490
17;2025-12-04;20;3893
17;2025-12-04;21;2435
17;2025-12-04;22;1183
17;2025-12-04;23;664
17;2025-12-05;0;219
17;2025-12-05;1;26
17;2025-12-05;2;3
17;2025-12-05;3;3
17;2025-12-05;4;40
17;2025-12-05;5;512
17;2025-12-05;6;2511
17;2025-12-05;7;6933
17;2025-12-05;8;8663
17;2025-12-05;9;6307
17;2025-12-05;10;4987
17;2025-12-05;11;4992
17;2025-12-05;12;5002
17;2025-12-05;13;5107
17;2025-12-05;14;5263
17;2025-12-05;15;5450
17;2025-12-05;16;6184
17;2025-12-05;17;7402
17;2025-12-05;18;7197
17;2025-12-05;19;5341
17;2025-12-05;20;3848
17;2025-12-05;21;2440
17;2025-12-05;22;1200
17;2025-12-05;23;698
17;2025-12-06;0;0
17;2025-12-06;1;0
17;2025-12-06;2;0
17;2025-12-06;3;0
17;2025-12-06;4;0
17;2025-12-06;5;0
17;2025-12-06;6;0
17;2025-12-06;7;0
17;2025-12-06;8;0
17;2025-12-06;9;0
17;2025-12-06;10;0
17;2025-12-06;11;0
17;2025-12-06;12;0
17;2025-12-06;13;0
17;2025-12-06;14;0
17;2025-12-06;15;0
17;2025-12-06;16;0
17;2025-12-06;17;0
17;2025-12-06;18;0
17;2025-12-06;19;0
17;2025-12-06;20;0
17;2025-12-06;21;0
17;2025-12-06;22;0
17;2025-12-06;23;0
17;2025-12-07;0;0
17;2025-12-07;1;0
17;2025-12-07;2;0
17;2025-12-07;3;0
17;2025-12-07;4;0
17;2025-12-07;5;0
17;2025-12-07;6;0
17;2025-12-07;7;0
17;2025-12-07;8;0
17;2025-12-07;9;0
17;2025-12-07;10;0
17;2025-12-07;11;0
17;2025-12-07;12;0
17;2025-12-07;13;0
17;2025-12-07;14;0
17;2025-12-07;15;0
17;2025-12-07;16;0
17;2025-12-07;17;0
17;2025-12-07;18;0
17;2025-12-07;19;0
17;2025-12-07;20;0
17;2025-12-07;21;0
17;2025-12-07;22;0
17;2025-12-07;23;0
17;2025-12-08;0;202
17;2025-12-08;1;21
17;2025-12-08;2;3
17;2025-12-08;3;3
17;2025-12-08;4;43
17;2025-12-08;5;499
17;2025-12-08;6;2485
17;2025-12-08;7;6907
17;2025-12-08;8;8706
17;2025-12-08;9;6293
17;2025-12-08;10;4963
17;2025-12-08;11;4935
17;2025-12-08;12;4917
17;2025-12-08;13;4994
17;2025-12-08;14;5131
17;2025-12-08;15;5271
17;2025-12-08;16;5922
17;2025-12-08;17;7299
17;2025-12-08;18;7584
17;2025-12-08;19;5415
17;2025-12-08;20;3819
17;2025-12-08;21;2357
17;2025-12-08;22;1112
17;2025-12-08;23;607
17;2025-12-09;0;195
17;2025-12-09;1;19
17;2025-12-09;2;3
17;2025-12-09;3;3
17;2025-12-09;4;43
17;2025-12-09;5;512
17;2025-12-09;6;2499
17;2025-12-09;7;6922
17;2025-12-09;8;8744
17;2025-12-09;9;6320
17;2025-12-09;10;4994
17;2025-12-09;11;4957
17;2025-12-09;12;4946
17;2025-12-09;13;5043
17;2025-12-09;14;5192
17;2025-12-09;15;5314
17;2025-12-09;16;5965
17;2025-12-09;17;7349
17;2025-12-09;18;7631
17;2025-12-09;19;5458
17;2025-12-09;20;3840
17;2025-12-09;21;2400
17;2025-12-09;22;1155
17;2025-12-09;23;618
17;2025-12-10;0;203
17;2025-12-10;1;21
17;2025-12-10;2;3
17;2025-12-10;3;3
17;2025-12-10;4;43
17;2025-12-10;5;504
17;2025-12-10;6;2496
17;2025-12-10;7;6923
17;2025-12-10;8;8691
17;2025-12-10;9;6306
17;2025-12-10;10;4999
17;2025-12-10;11;4963
17;2025-12-10;12;4965
17;2025-12-10;13;5051
17;2025-12-10;14;5208
17;2025-12-10;15;5317
17;2025-12-10;16;5962
17;2025-12-10;17;7330
17;2025-12-10;18;7616
17;2025-12-10;19;5434
17;2025-12-10;20;3843
17;2025-12-10;21;2407
17;2025-12-10;22;1171
17;2025-12-10;23;653
17;2025-12-11;0;205
17;2025-12-11;1;23
17;2025-12-11;2;3
17;2025-12-11;3;3
17;2025-12-11;4;45
17;2025-12-11;5;512
17;2025-12-11;6;2506
17;2025-12-11;7;6907
17;2025-12-11;8;8664
17;2025-12-11;9;6293
17;2025-12-11;10;4971
17;2025-12-11;11;4931
17;2025-12-11;12;4939
17;2025-12-11;13;5037
17;2025-12-11;14;5208
17;2025-12-11;15;5303
17;2025-12-11;16;5975
17;2025-12-11;17;7312
17;2025-12-11;18;7552
17;2025-12-11;19;5407
17;2025-12-11;20;3840
17;2025-12-11;21;2397
17;2025-12-11;22;1165
17;2025-12-11;23;650
17;2025-12-12;0;223
17;2025-12-12;1;31
17;2025-12-12;2;3
17;2025-12-12;3;3
17;2025-12-12;4;43
17;2025-12-12;5;512
17;2025-12-12;6;2496
17;2025-12-12;7;6875
17;2025-12-12;8;8554
17;2025-12-12;9;6263
17;2025-12-12;10;4957
17;2025-12-12;11;4963
17;2025-12-12;12;4949
17;2025-12-12;13;5040
17;2025-12-12;14;5184
17;2025-12-12;15;5347
17;2025-12-12;16;6075
17;2025-12-12;17;7239
17;2025-12-12;18;7059
17;2025-12-12;19;5239
17;2025-12-12;20;3784
17;2025-12-12;21;2413
17;2025-12-12;22;1184
17;2025-12-12;23;685
17;2025-12-13;0;0
17;2025-12-13;1;0
17;2025-12-13;2;0
17;2025-12-13;3;0
17;2025-12-13;4;0
17;2025-12-13;5;0
17;2025-12-13;6;0
17;2025-12-13;7;0
17;2025-12-13;8;0
17;2025-12-13;9;0
17;2025-12-13;10;0
17;2025-12-13;11;0
17;2025-12-13;12;0
17;2025-12-13;13;0
17;2025-12-13;14;0
17;2025-12-13;15;0
17;2025-12-13;16;0
17;2025-12-13;17;0
17;2025-12-13;18;0
17;2025-12-13;19;0
17;2025-12-13;20;0
17;2025-12-13;21;0
17;2025-12-13;22;0
17;2025-12-13;23;0
17;2025-12-14;0;0
17;2025-12-14;1;0
17;2025-12-14;2;0
17;2025-12-14;3;0
17;2025-12-14;4;0
17;2025-12-14;5;0
17;2025-12-14;6;0
17;2025-12-14;7;0
17;2025-12-14;8;0
17;2025-12-14;9;0
17;2025-12-14;10;0
17;2025-12-14;11;0
17;2025-12-14;12;0
17;2025-12-14;13;0
17;2025-12-14;14;0
17;2025-12-14;15;0
17;2025-12-14;16;0
17;2025-12-14;17;0
17;2025-12-14;18;0
17;2025-12-14;19;0
17;2025-12-14;20;0
17;2025-12-14;21;0
17;2025-12-14;22;0
17;2025-12-14;23;0
17;2025-12-15;0;200
17;2025-12-15;1;21
17;2025-12-15;2;3
17;2025-12-15;3;3
17;2025-12-15;4;42
17;2025-12-15;5;498
17;2025-12-15;6;2475
17;2025-12-15;7;6879
17;2025-12-15;8;8661
17;2025-12-15;9;6271
17;2025-12-15;10;4947
17;2025-12-15;11;4915
17;2025-12-15;12;4899
17;2025-12-15;13;4976
17;2025-12-15;14;5114
17;2025-12-15;15;5250
17;2025-12-15;16;5891
17;2025-12-15;17;7259
17;2025-12-15;18;7543
17;2025-12-15;19;5391
17;2025-12-15;20;3811
17;2025-12-15;21;2349
17;2025-12-15;22;1109
17;2025-12-15;23;607
17;2025-12-16;0;200
17;2025-12-16;1;21
17;2025-12-16;2;3
17;2025-12-16;3;3
17;2025-12-16;4;45
17;2025-12-16;5;519
17;2025-12-16;6;2538
17;2025-12-16;7;7023
17;2025-12-16;8;8835
17;2025-12-16;9;6403
17;2025-12-16;10;5058
17;2025-12-16;11;5023
17;2025-12-16;12;5002
17;2025-12-16;13;5091
17;2025-12-16;14;5234
17;2025-12-16;15;5355
17;2025-12-16;16;6015
17;2025-12-16;17;7439
17;2025-12-16;18;7723
17;2025-12-16;19;5527
17;2025-12-16;20;3903
17;2025-12-16;21;2391
17;2025-12-16;22;890
17;2025-12-16;23;475
17;2025-12-17;0;152
17;2025-12-17;1;16
17;2025-12-17;2;3
17;2025-12-17;3;3
17;2025-12-17;4;35
17;2025-12-17;5;503
17;2025-12-17;6;2499
17;2025-12-17;7;6922
17;2025-12-17;8;8698
17;2025-12-17;9;6312
17;2025-12-17;10;5002
17;2025-12-17;11;4973
17;2025-12-17;12;4967
17;2025-12-17;13;5055
17;2025-12-17;14;5218
17;2025-12-17;15;5330
17;2025-12-17;16;5983
17;2025-12-17;17;7349
17;2025-12-17;18;7637
17;2025-12-17;19;5450
17;2025-12-17;20;3845
17;2025-12-17;21;2410
17;2025-12-17;22;1173
17;2025-12-17;23;651
17;2025-12-18;0;205
17;2025-12-18;1;21
17;2025-12-18;2;3
17;2025-12-18;3;3
17;2025-12-18;4;43
17;2025-12-18;5;512
17;2025-12-18;6;2504
17;2025-12-18;7;6928
17;2025-12-18;8;8730
17;2025-12-18;9;6319
17;2025-12-18;10;5003
17;2025-12-18;11;4965
17;2025-12-18;12;4978
17;2025-12-18;13;5075
17;2025-12-18;14;5229
17;2025-12-18;15;5317
17;2025-12-18;16;5992
17;2025-12-18;17;7344
17;2025-12-18;18;7605
17;2025-12-18;19;5464
17;2025-12-18;20;3877
17;2025-12-18;21;2429
17;2025-12-18;22;1184
17;2025-12-18;23;664
17;2025-12-19;0;224
17;2025-12-19;1;31
17;2025-12-19;2;3
17;2025-12-19;3;3
17;2025-12-19;4;42
17;2025-12-19;5;514
17;2025-12-19;6;2503
17;2025-12-19;7;6903
17;2025-12-19;8;8627
17;2025-12-19;9;6280
17;2025-12-19;10;4965
17;2025-12-19;11;4970
17;2025-12-19;12;4973
17;2025-12-19;13;5080
17;2025-12-19;14;5232
17;2025-12-19;15;5424
17;2025-12-19;16;6159
17;2025-12-19;17;7370
17;2025-12-19;18;7165
17;2025-12-19;19;5312
17;2025-12-19;20;3827
17;2025-12-19;21;2427
17;2025-12-19;22;1195
17;2025-12-19;23;693
17;2025-12-20;0;0
17;2025-12-20;1;0
17;2025-12-20;2;0
17;2025-12-20;3;0
17;2025-12-20;4;0
17;2025-12-20;5;0
17;2025-12-20;6;0
17;2025-12-20;7;0
17;2025-12-20;8;0
17;2025-12-20;9;0
17;2025-12-20;10;0
17;2025-12-20;11;0
17;2025-12-20;12;0
17;2025-12-20;13;0
17;2025-12-20;14;0
17;2025-12-20;15;0
17;2025-12-20;16;0
17;2025-12-20;17;0
17;2025-12-20;18;0
17;2025-12-20;19;0
17;2025-12-20;20;0
17;2025-12-20;21;0
17;2025-12-20;22;0
17;2025-12-20;23;0
17;2025-12-21;0;0
17;2025-12-21;1;0
17;2025-12-21;2;0
17;2025-12-21;3;0
17;2025-12-21;4;0
17;2025-12-21;5;0
17;2025-12-21;6;0
17;2025-12-21;7;0
17;2025-12-21;8;0
17;2025-12-21;9;0
17;2025-12-21;10;0
17;2025-12-21;11;0
17;2025-12-21;12;0
17;2025-12-21;13;0
17;2025-12-21;14;0
17;2025-12-21;15;0
17;2025-12-21;16;0
17;2025-12-21;17;0
17;2025-12-21;18;0
17;2025-12-21;19;0
17;2025-12-21;20;0
17;2025-12-21;21;0
17;2025-12-21;22;0
17;2025-12-21;23;0
17;2025-12-22;0;200
17;2025-12-22;1;24
17;2025-12-22;2;3
17;2025-12-22;3;3
17;2025-12-22;4;43
17;2025-12-22;5;498
17;2025-12-22;6;2471
17;2025-12-22;7;6843
17;2025-12-22;8;8597
17;2025-12-22;9;6232
17;2025-12-22;10;4915
17;2025-12-22;11;4877
17;2025-12-22;12;4855
17;2025-12-22;13;4941
17;2025-12-22;14;5075
17;2025-12-22;15;5210
17;2025-12-22;16;5848
17;2025-12-22;17;7202
17;2025-12-22;18;7464
17;2025-12-22;19;5323
17;2025-12-22;20;3768
17;2025-12-22;21;2327
17;2025-12-22;22;1099
17;2025-12-22;23;594
17;2025-12-23;0;184
17;2025-12-23;1;15
17;2025-12-23;2;3
17;2025-12-23;3;3
17;2025-12-23;4;43
17;2025-12-23;5;512
17;2025-12-23;6;2491
17;2025-12-23;7;6883
17;2025-12-23;8;8664
17;2025-12-23;9;6279
17;2025-12-23;10;4960
17;2025-12-23;11;4931
17;2025-12-23;12;4922
17;2025-12-23;13;5024
17;2025-12-23;14;5178
17;2025-12-23;15;5296
17;2025-12-23;16;5939
17;2025-12-23;17;7330
17;2025-12-23;18;7589
17;2025-12-23;19;5423
17;2025-12-23;20;3827
17;2025-12-23;21;2391
17;2025-12-23;22;1107
17;2025-12-23;23;498
17;2025-12-24;0;205
17;2025-12-24;1;21
17;2025-12-24;2;3
17;2025-12-24;3;3
17;2025-12-24;4;47
17;2025-12-24;5;509
17;2025-12-24;6;2519
17;2025-12-24;7;6960
17;2025-12-24;8;8768
17;2025-12-24;9;6362
17;2025-12-24;10;5047
17;2025-12-24;11;5013
17;2025-12-24;12;5018
17;2025-12-24;13;5093
17;2025-12-24;14;5256
17;2025-12-24;15;5370
17;2025-12-24;16;6011
17;2025-12-24;17;7391
17;2025-12-24;18;7661
17;2025-12-24;19;5467
17;2025-12-24;20;3944
17;2025-12-24;21;2456
17;2025-12-24;22;1194
17;2025-12-24;23;655
17;2025-12-25;0;210
17;2025-12-25;1;27
17;2025-12-25;2;3
17;2025-12-25;3;3
17;2025-12-25;4;50
17;2025-12-25;5;512
17;2025-12-25;6;2511
17;2025-12-25;7;6911
17;2025-12-25;8;8695
17;2025-12-25;9;6325
17;2025-12-25;10;5024
17;2025-12-25;11;4991
17;2025-12-25;12;4992
17;2025-12-25;13;5085
17;2025-12-25;14;5239
17;2025-12-25;15;5327
17;2025-12-25;16;5992
17;2025-12-25;17;7307
17;2025-12-25;18;7535
17;2025-12-25;19;5411
17;2025-12-25;20;3840
17;2025-12-25;21;2395
17;2025-12-25;22;1175
17;2025-12-25;23;640
17;2025-12-26;0;218
17;2025-12-26;1;26
17;2025-12-26;2;3
17;2025-12-26;3;3
17;2025-12-26;4;43
17;2025-12-26;5;503
17;2025-12-26;6;2439
17;2025-12-26;7;6720
17;2025-12-26;8;8399
17;2025-12-26;9;6144
17;2025-12-26;10;4855
17;2025-12-26;11;4831
17;2025-12-26;12;4829
17;2025-12-26;13;4938
17;2025-12-26;14;5103
17;2025-12-26;15;5312
17;2025-12-26;16;6019
17;2025-12-26;17;7176
17;2025-12-26;18;6983
17;2025-12-26;19;5176
17;2025-12-26;20;3722
17;2025-12-26;21;2354
17;2025-12-26;22;1170
17;2025-12-26;23;685
17;2025-12-27;0;0
17;2025-12-27;1;0
17;2025-12-27;2;0
17;2025-12-27;3;0
17;2025-12-27;4;0
17;2025-12-27;5;0
17;2025-12-27;6;0
17;2025-12-27;7;0
17;2025-12-27;8;0
17;2025-12-27;9;0
17;2025-12-27;10;0
17;2025-12-27;11;0
17;2025-12-27;12;0
17;2025-12-27;13;0
17;2025-12-27;14;0
17;2025-12-27;15;0
17;2025-12-27;16;0
17;2025-12-27;17;0
17;2025-12-27;18;0
17;2025-12-27;19;0
17;2025-12-27;20;0
17;2025-12-27;21;0
17;2025-12-27;22;0
17;2025-12-27;23;0
17;2025-12-28;0;0
17;2025-12-28;1;0
17;2025-12-28;2;0
17;2025-12-28;3;0
17;2025-12-28;4;0
17;2025-12-28;5;0
17;2025-12-28;6;0
17;2025-12-28;7;0
17;2025-12-28;8;0
17;2025-12-28;9;0
17;2025-12-28;10;0
17;2025-12-28;11;0
17;2025-12-28;12;0
17;2025-12-28;13;0
17;2025-12-28;14;0
17;2025-12-28;15;0
17;2025-12-28;16;0
17;2025-12-28;17;0
17;2025-12-28;18;0
17;2025-12-28;19;0
17;2025-12-28;20;0
17;2025-12-28;21;0
17;2025-12-28;22;0
17;2025-12-28;23;0
17;2025-12-29;0;171
17;2025-12-29;1;19
17;2025-12-29;2;3
17;2025-12-29;3;3
17;2025-12-29;4;37
17;2025-12-29;5;423
17;2025-12-29;6;2091
17;2025-12-29;7;5783
17;2025-12-29;8;7272
17;2025-12-29;9;5280
17;2025-12-29;10;4181
17;2025-12-29;11;4152
17;2025-12-29;12;4141
17;2025-12-29;13;4213
17;2025-12-29;14;4327
17;2025-12-29;15;4442
17;2025-12-29;16;4986
17;2025-12-29;17;6112
17;2025-12-29;18;6315
17;2025-12-29;19;4512
17;2025-12-29;20;3187
17;2025-12-29;21;1960
17;2025-12-29;22;928
17;2025-12-29;23;507
17;2025-12-30;0;168
17;2025-12-30;1;18
17;2025-12-30;2;3
17;2025-12-30;3;3
17;2025-12-30;4;37
17;2025-12-30;5;432
17;2025-12-30;6;2098
17;2025-12-30;7;5807
17;2025-12-30;8;7274
17;2025-12-30;9;5309
17;2025-12-30;10;4208
17;2025-12-30;11;4181
17;2025-12-30;12;4179
17;2025-12-30;13;4266
17;2025-12-30;14;4405
17;2025-12-30;15;4509
17;2025-12-30;16;5061
17;2025-12-30;17;6186
17;2025-12-30;18;6296
17;2025-12-30;19;4507
17;2025-12-30;20;3208
17;2025-12-30;21;1992
17;2025-12-30;22;978
17;2025-12-30;23;522
17;2025-12-31;0;0
17;2025-12-31;1;0
17;2025-12-31;2;0
17;2025-12-31;3;0
17;2025-12-31;4;0
17;2025-12-31;5;0
17;2025-12-31;6;0
17;2025-12-31;7;0
17;2025-12-31;8;0
17;2025-12-31;9;0
17;2025-12-31;10;0
17;2025-12-31;11;0
17;2025-12-31;12;0
17;2025-12-31;13;0
17;2025-12-31;14;0
17;2025-12-31;15;0
17;2025-12-31;16;0
17;2025-12-31;17;0
17;2025-12-31;18;0
17;2025-12-31;19;0
17;2025-12-31;20;0
17;2025-12-31;21;0
17;2025-12-31;22;0
17;2025-12-31;23;0
25;2025-11-01;0;0
25;2025-11-01;1;0
25;2025-11-01;2;0
25;2025-11-01;3;0
25;2025-11-01;4;0
25;2025-11-01;5;0
25;2025-11-01;6;0
25;2025-11-01;7;0
25;2025-11-01;8;0
25;2025-11-01;9;0
25;2025-11-01;10;0
25;2025-11-01;11;0
25;2025-11-01;12;0
25;2025-11-01;13;0
25;2025-11-01;14;0
25;2025-11-01;15;0
25;2025-11-01;16;0
25;2025-11-01;17;0
25;2025-11-01;18;0
25;2025-11-01;19;0
25;2025-11-01;20;0
25;2025-11-01;21;0
25;2025-11-01;22;0
25;2025-11-01;23;0
25;2025-11-02;0;0
25;2025-11-02;1;0
25;2025-11-02;2;0
25;2025-11-02;3;0
25;2025-11-02;4;0
25;2025-11-02;5;0
25;2025-11-02;6;0
25;2025-11-02;7;0
25;2025-11-02;8;0
25;2025-11-02;9;0
25;2025-11-02;10;0
25;2025-11-02;11;0
25;2025-11-02;12;0
25;2025-11-02;13;0
25;2025-11-02;14;0
25;2025-11-02;15;0
25;2025-11-02;16;0
25;2025-11-02;17;0
25;2025-11-02;18;0
25;2025-11-02;19;0
25;2025-11-02;20;0
25;2025-11-02;21;0
25;2025-11-02;22;0
25;2025-11-02;23;0
25;2025-11-03;0;0
25;2025-11-03;1;0
25;2025-11-03;2;0
25;2025-11-03;3;0
25;2025-11-03;4;0
25;2025-11-03;5;0
25;2025-11-03;6;0
25;2025-11-03;7;0
25;2025-11-03;8;0
25;2025-11-03;9;0
25;2025-11-03;10;0
25;2025-11-03;11;0
25;2025-11-03;12;0
25;2025-11-03;13;0
25;2025-11-03;14;0
25;2025-11-03;15;0
25;2025-11-03;16;0
25;2025-11-03;17;0
25;2025-11-03;18;0
25;2025-11-03;19;0
25;2025-11-03;20;0
25;2025-11-03;21;0
25;2025-11-03;22;0
25;2025-11-03;23;0
25;2025-11-04;0;0
25;2025-11-04;1;0
25;2025-11-04;2;0
25;2025-11-04;3;0
25;2025-11-04;4;0
25;2025-11-04;5;0
25;2025-11-04;6;0
25;2025-11-04;7;0
25;2025-11-04;8;0
25;2025-11-04;9;0
25;2025-11-04;10;0
25;2025-11-04;11;0
25;2025-11-04;12;0
25;2025-11-04;13;0
25;2025-11-04;14;0
25;2025-11-04;15;0
25;2025-11-04;16;0
25;2025-11-04;17;0
25;2025-11-04;18;0
25;2025-11-04;19;0
25;2025-11-04;20;0
25;2025-11-04;21;0
25;2025-11-04;22;0
25;2025-11-04;23;0
25;2025-11-05;0;0
25;2025-11-05;1;0
25;2025-11-05;2;0
25;2025-11-05;3;0
25;2025-11-05;4;0
25;2025-11-05;5;0
25;2025-11-05;6;0
25;2025-11-05;7;0
25;2025-11-05;8;0
25;2025-11-05;9;0
25;2025-11-05;10;0
25;2025-11-05;11;0
25;2025-11-05;12;0
25;2025-11-05;13;0
25;2025-11-05;14;0
25;2025-11-05;15;0
25;2025-11-05;16;0
25;2025-11-05;17;0
25;2025-11-05;18;0
25;2025-11-05;19;0
25;2025-11-05;20;0
25;2025-11-05;21;0
25;2025-11-05;22;0
25;2025-11-05;23;0
25;2025-11-06;0;0
25;2025-11-06;1;0
25;2025-11-06;2;0
25;2025-11-06;3;0
25;2025-11-06;4;0
25;2025-11-06;5;0
25;2025-11-06;6;0
25;2025-11-06;7;0
25;2025-11-06;8;0
25;2025-11-06;9;0
25;2025-11-06;10;0
25;2025-11-06;11;0
25;2025-11-06;12;0
25;2025-11-06;13;0
25;2025-11-06;14;0
25;2025-11-06;15;0
25;2025-11-06;16;0
25;2025-11-06;17;0
25;2025-11-06;18;0
25;2025-11-06;19;0
25;2025-11-06;20;0
25;2025-11-06;21;0
25;2025-11-06;22;0
25;2025-11-06;23;0
25;2025-11-07;0;0
25;2025-11-07;1;0
25;2025-11-07;2;0
25;2025-11-07;3;0
25;2025-11-07;4;0
25;2025-11-07;5;0
25;2025-11-07;6;0
25;2025-11-07;7;0
25;2025-11-07;8;0
25;2025-11-07;9;0
25;2025-11-07;10;0
25;2025-11-07;11;0
25;2025-11-07;12;0
25;2025-11-07;13;0
25;2025-11-07;14;0
25;2025-11-07;15;0
25;2025-11-07;16;0
25;2025-11-07;17;0
25;2025-11-07;18;0
25;2025-11-07;19;0
25;2025-11-07;20;0
25;2025-11-07;21;0
25;2025-11-07;22;0
25;2025-11-07;23;0
25;2025-11-08;0;0
25;2025-11-08;1;0
25;2025-11-08;2;0
25;2025-11-08;3;0
25;2025-11-08;4;0
25;2025-11-08;5;0
25;2025-11-08;6;0
25;2025-11-08;7;0
25;2025-11-08;8;0
25;2025-11-08;9;0
25;2025-11-08;10;0
25;2025-11-08;11;0
25;2025-11-08;12;0
25;2025-11-08;13;0
25;2025-11-08;14;0
25;2025-11-08;15;0
25;2025-11-08;16;0
25;2025-11-08;17;0
25;2025-11-08;18;0
25;2025-11-08;19;0
25;2025-11-08;20;0
25;2025-11-08;21;0
25;2025-11-08;22;0
25;2025-11-08;23;0
25;2025-11-09;0;0
25;2025-11-09;1;0
25;2025-11-09;2;0
25;2025-11-09;3;0
25;2025-11-09;4;0
25;2025-11-09;5;0
25;2025-11-09;6;0
25;2025-11-09;7;0
25;2025-11-09;8;0
25;2025-11-09;9;0
25;2025-11-09;10;0
25;2025-11-09;11;0
25;2025-11-09;12;0
25;2025-11-09;13;0
25;2025-11-09;14;0
25;2025-11-09;15;0
25;2025-11-09;16;0
25;2025-11-09;17;0
25;2025-11-09;18;0
25;2025-11-09;19;0
25;2025-11-09;20;0
25;2025-11-09;21;0
25;2025-11-09;22;0
25;2025-11-09;23;0
25;2025-11-10;0;0
25;2025-11-10;1;0
25;2025-11-10;2;0
25;2025-11-10;3;0
25;2025-11-10;4;0
25;2025-11-10;5;0
25;2025-11-10;6;0
25;2025-11-10;7;0
25;2025-11-10;8;0
25;2025-11-10;9;0
25;2025-11-10;10;0
25;2025-11-10;11;0
25;2025-11-10;12;0
25;2025-11-10;13;0
25;2025-11-10;14;0
25;2025-11-10;15;0
25;2025-11-10;16;0
25;2025-11-10;17;0
25;2025-11-10;18;0
25;2025-11-10;19;0
25;2025-11-10;20;0
25;2025-11-10;21;0
25;2025-11-10;22;0
25;2025-11-10;23;0
25;2025-11-11;0;0
25;2025-11-11;1;0
25;2025-11-11;2;0
25;2025-11-11;3;0
25;2025-11-11;4;0
25;2025-11-11;5;0
25;2025-11-11;6;0
25;2025-11-11;7;0
25;2025-11-11;8;0
25;2025-11-11;9;0
25;2025-11-11;10;0
25;2025-11-11;11;0
25;2025-11-11;12;0
25;2025-11-11;13;0
25;2025-11-11;14;0
25;2025-11-11;15;0
25;2025-11-11;16;0
25;2025-11-11;17;0
25;2025-11-11;18;0
25;2025-11-11;19;0
25;2025-11-11;20;0
25;2025-11-11;21;0
25;2025-11-11;22;0
25;2025-11-11;23;0
25;2025-11-12;0;0
25;2025-11-12;1;0
25;2025-11-12;2;0
25;2025-11-12;3;0
25;2025-11-12;4;0
25;2025-11-12;5;0
25;2025-11-12;6;0
25;2025-11-12;7;0
25;2025-11-12;8;0
25;2025-11-12;9;0
25;2025-11-12;10;0
25;2025-11-12;11;0
25;2025-11-12;12;0
25;2025-11-12;13;0
25;2025-11-12;14;0
25;2025-11-12;15;0
25;2025-11-12;16;0
25;2025-11-12;17;0
25;2025-11-12;18;0
25;2025-11-12;19;0
25;2025-11-12;20;0
25;2025-11-12;21;0
25;2025-11-12;22;0
25;2025-11-12;23;0
25;2025-11-13;0;0
25;2025-11-13;1;0
25;2025-11-13;2;0
25;2025-11-13;3;0
25;2025-11-13;4;0
25;2025-11-13;5;0
25;2025-11-13;6;0
25;2025-11-13;7;0
25;2025-11-13;8;0
25;2025-11-13;9;0
25;2025-11-13;10;0
25;2025-11-13;11;0
25;2025-11-13;12;0
25;2025-11-13;13;0
25;2025-11-13;14;0
25;2025-11-13;15;0
25;2025-11-13;16;0
25;2025-11-13;17;0
25;2025-11-13;18;0
25;2025-11-13;19;0
25;2025-11-13;20;0
25;2025-11-13;21;0
25;2025-11-13;22;0
25;2025-11-13;23;0
25;2025-11-14;0;0
25;2025-11-14;1;0
25;2025-11-14;2;0
25;2025-11-14;3;0
25;2025-11-14;4;0
25;2025-11-14;5;0
25;2025-11-14;6;0
25;2025-11-14;7;0
25;2025-11-14;8;0
25;2025-11-14;9;0
25;2025-11-14;10;0
25;2025-11-14;11;0
25;2025-11-14;12;0
25;2025-11-14;13;0
25;2025-11-14;14;0
25;2025-11-14;15;0
25;2025-11-14;16;0
25;2025-11-14;17;0
25;2025-11-14;18;0
25;2025-11-14;19;0
25;2025-11-14;20;0
25;2025-11-14;21;0
25;2025-11-14;22;0
25;2025-11-14;23;0
25;2025-11-15;0;0
25;2025-11-15;1;0
25;2025-11-15;2;0
25;2025-11-15;3;0
25;2025-11-15;4;0
25;2025-11-15;5;0
25;2025-11-15;6;0
25;2025-11-15;7;0
25;2025-11-15;8;0
25;2025-11-15;9;0
25;2025-11-15;10;0
25;2025-11-15;11;0
25;2025-11-15;12;0
25;2025-11-15;13;0
25;2025-11-15;14;0
25;2025-11-15;15;0
25;2025-11-15;16;0
25;2025-11-15;17;0
25;2025-11-15;18;0
25;2025-11-15;19;0
25;2025-11-15;20;0
25;2025-11-15;21;0
25;2025-11-15;22;0
25;2025-11-15;23;0
25;2025-11-16;0;0
25;2025-11-16;1;0
25;2025-11-16;2;0
25;2025-11-16;3;0
25;2025-11-16;4;0
25;2025-11-16;5;0
25;2025-11-16;6;0
25;2025-11-16;7;0
25;2025-11-16;8;0
25;2025-11-16;9;0
25;2025-11-16;10;0
25;2025-11-16;11;0
25;2025-11-16;12;0
25;2025-11-16;13;0
25;2025-11-16;14;0
25;2025-11-16;15;0
25;2025-11-16;16;0
25;2025-11-16;17;0
25;2025-11-16;18;0
25;2025-11-16;19;0
25;2025-11-16;20;0
25;2025-11-16;21;0
25;2025-11-16;22;0
25;2025-11-16;23;0
25;2025-11-17;0;0
25;2025-11-17;1;0
25;2025-11-17;2;0
25;2025-11-17;3;0
25;2025-11-17;4;0
25;2025-11-17;5;0
25;2025-11-17;6;0
25;2025-11-17;7;0
25;2025-11-17;8;0
25;2025-11-17;9;0
25;2025-11-17;10;0
25;2025-11-17;11;0
25;2025-11-17;12;0
25;2025-11-17;13;0
25;2025-11-17;14;0
25;2025-11-17;15;0
25;2025-11-17;16;0
25;2025-11-17;17;0
25;2025-11-17;18;0
25;2025-11-17;19;0
25;2025-11-17;20;0
25;2025-11-17;21;0
25;2025-11-17;22;0
25;2025-11-17;23;0
25;2025-11-18;0;0
25;2025-11-18;1;0
25;2025-11-18;2;0
25;2025-11-18;3;0
25;2025-11-18;4;0
25;2025-11-18;5;0
25;2025-11-18;6;0
25;2025-11-18;7;0
25;2025-11-18;8;0
25;2025-11-18;9;0
25;2025-11-18;10;0
25;2025-11-18;11;0
25;2025-11-18;12;0
25;2025-11-18;13;0
25;2025-11-18;14;0
25;2025-11-18;15;0
25;2025-11-18;16;0
25;2025-11-18;17;0
25;2025-11-18;18;0
25;2025-11-18;19;0
25;2025-11-18;20;0
25;2025-11-18;21;0
25;2025-11-18;22;0
25;2025-11-18;23;0
25;2025-11-19;0;0
25;2025-11-19;1;0
25;2025-11-19;2;0
25;2025-11-19;3;0
25;2025-11-19;4;0
25;2025-11-19;5;0
25;2025-11-19;6;0
25;2025-11-19;7;0
25;2025-11-19;8;0
25;2025-11-19;9;0
25;2025-11-19;10;0
25;2025-11-19;11;0
25;2025-11-19;12;0
25;2025-11-19;13;0
25;2025-11-19;14;0
25;2025-11-19;15;0
25;2025-11-19;16;0
25;2025-11-19;17;0
25;2025-11-19;18;0
25;2025-11-19;19;0
25;2025-11-19;20;0
25;2025-11-19;21;0
25;2025-11-19;22;0
25;2025-11-19;23;0
25;2025-11-20;0;0
25;2025-11-20;1;0
25;2025-11-20;2;0
25;2025-11-20;3;0
25;2025-11-20;4;0
25;2025-11-20;5;0
25;2025-11-20;6;0
25;2025-11-20;7;0
25;2025-11-20;8;0
25;2025-11-20;9;0
25;2025-11-20;10;0
25;2025-11-20;11;0
25;2025-11-20;12;0
25;2025-11-20;13;0
25;2025-11-20;14;0
25;2025-11-20;15;0
25;2025-11-20;16;0
25;2025-11-20;17;0
25;2025-11-20;18;0
25;2025-11-20;19;0
25;2025-11-20;20;0
25;2025-11-20;21;0
25;2025-11-20;22;0
25;2025-11-20;23;0
25;2025-11-21;0;0
25;2025-11-21;1;0
25;2025-11-21;2;0
25;2025-11-21;3;0
25;2025-11-21;4;0
25;2025-11-21;5;0
25;2025-11-21;6;0
25;2025-11-21;7;0
25;2025-11-21;8;0
25;2025-11-21;9;0
25;2025-11-21;10;0
25;2025-11-21;11;0
25;2025-11-21;12;0
25;2025-11-21;13;0
25;2025-11-21;14;0
25;2025-11-21;15;0
25;2025-11-21;16;0
25;2025-11-21;17;0
25;2025-11-21;18;0
25;2025-11-21;19;0
25;2025-11-21;20;0
25;2025-11-21;21;0
25;2025-11-21;22;0
25;2025-11-21;23;0
25;2025-11-22;0;0
25;2025-11-22;1;0
25;2025-11-22;2;0
25;2025-11-22;3;0
25;2025-11-22;4;0
25;2025-11-22;5;0
25;2025-11-22;6;0
25;2025-11-22;7;0
25;2025-11-22;8;0
25;2025-11-22;9;0
25;2025-11-22;10;0
25;2025-11-22;11;0
25;2025-11-22;12;0
25;2025-11-22;13;0
25;2025-11-22;14;0
25;2025-11-22;15;0
25;2025-11-22;16;0
25;2025-11-22;17;0
25;2025-11-22;18;0
25;2025-11-22;19;0
25;2025-11-22;20;0
25;2025-11-22;21;0
25;2025-11-22;22;0
25;2025-11-22;23;0
25;2025-11-23;0;0
25;2025-11-23;1;0
25;2025-11-23;2;0
25;2025-11-23;3;0
25;2025-11-23;4;0
25;2025-11-23;5;0
25;2025-11-23;6;0
25;2025-11-23;7;0
25;2025-11-23;8;0
25;2025-11-23;9;0
25;2025-11-23;10;0
25;2025-11-23;11;0
25;2025-11-23;12;0
25;2025-11-23;13;0
25;2025-11-23;14;0
25;2025-11-23;15;0
25;2025-11-23;16;0
25;2025-11-23;17;0
25;2025-11-23;18;0
25;2025-11-23;19;0
25;2025-11-23;20;0
25;2025-11-23;21;0
25;2025-11-23;22;0
25;2025-11-23;23;0
25;2025-11-24;0;0
25;2025-11-24;1;0
25;2025-11-24;2;0
25;2025-11-24;3;0
25;2025-11-24;4;0
25;2025-11-24;5;0
25;2025-11-24;6;0
25;2025-11-24;7;0
25;2025-11-24;8;0
25;2025-11-24;9;0
25;2025-11-24;10;0
25;2025-11-24;11;0
25;2025-11-24;12;0
25;2025-11-24;13;0
25;2025-11-24;14;0
25;2025-11-24;15;0
25;2025-11-24;16;0
25;2025-11-24;17;0
25;2025-11-24;18;0
25;2025-11-24;19;0
25;2025-11-24;20;0
25;2025-11-24;21;0
25;2025-11-24;22;0
25;2025-11-24;23;0
25;2025-11-25;0;0
25;2025-11-25;1;0
25;2025-11-25;2;0
25;2025-11-25;3;0
25;2025-11-25;4;0
25;2025-11-25;5;0
25;2025-11-25;6;0
25;2025-11-25;7;0
25;2025-11-25;8;0
25;2025-11-25;9;0
25;2025-11-25;10;0
25;2025-11-25;11;0
25;2025-11-25;12;0
25;2025-11-25;13;0
25;2025-11-25;14;0
25;2025-11-25;15;0
25;2025-11-25;16;0
25;2025-11-25;17;0
25;2025-11-25;18;0
25;2025-11-25;19;0
25;2025-11-25;20;0
25;2025-11-25;21;0
25;2025-11-25;22;0
25;2025-11-25;23;0
25;2025-11-26;0;0
25;2025-11-26;1;0
25;2025-11-26;2;0
25;2025-11-26;3;0
25;2025-11-26;4;0
25;2025-11-26;5;0
25;2025-11-26;6;0
25;2025-11-26;7;0
25;2025-11-26;8;0
25;2025-11-26;9;0
25;2025-11-26;10;0
25;2025-11-26;11;0
25;2025-11-26;12;0
25;2025-11-26;13;0
25;2025-11-26;14;0
25;2025-11-26;15;0
25;2025-11-26;16;0
25;2025-11-26;17;0
25;2025-11-26;18;0
25;2025-11-26;19;0
25;2025-11-26;20;0
25;2025-11-26;21;0
25;2025-11-26;22;0
25;2025-11-26;23;0
25;2025-11-27;0;0
25;2025-11-27;1;0
25;2025-11-27;2;0
25;2025-11-27;3;0
25;2025-11-27;4;0
25;2025-11-27;5;0
25;2025-11-27;6;0
25;2025-11-27;7;0
25;2025-11-27;8;0
25;2025-11-27;9;0
25;2025-11-27;10;0
25;2025-11-27;11;0
25;2025-11-27;12;0
25;2025-11-27;13;0
25;2025-11-27;14;0
25;2025-11-27;15;0
25;2025-11-27;16;0
25;2025-11-27;17;0
25;2025-11-27;18;0
25;2025-11-27;19;0
25;2025-11-27;20;0
25;2025-11-27;21;0
25;2025-11-27;22;0
25;2025-11-27;23;0
25;2025-11-28;0;0
25;2025-11-28;1;0
25;2025-11-28;2;0
25;2025-11-28;3;0
25;2025-11-28;4;0
25;2025-11-28;5;0
25;2025-11-28;6;0
25;2025-11-28;7;0
25;2025-11-28;8;0
25;2025-11-28;9;0
25;2025-11-28;10;0
25;2025-11-28;11;0
25;2025-11-28;12;0
25;2025-11-28;13;0
25;2025-11-28;14;0
25;2025-11-28;15;0
25;2025-11-28;16;0
25;2025-11-28;17;0
25;2025-11-28;18;0
25;2025-11-28;19;0
25;2025-11-28;20;0
25;2025-11-28;21;0
25;2025-11-28;22;0
25;2025-11-28;23;0
25;2025-11-29;0;0
25;2025-11-29;1;0
25;2025-11-29;2;0
25;2025-11-29;3;0
25;2025-11-29;4;0
25;2025-11-29;5;0
25;2025-11-29;6;0
25;2025-11-29;7;0
25;2025-11-29;8;0
25;2025-11-29;9;0
25;2025-11-29;10;0
25;2025-11-29;11;0
25;2025-11-29;12;0
25;2025-11-29;13;0
25;2025-11-29;14;0
25;2025-11-29;15;0
25;2025-11-29;16;0
25;2025-11-29;17;0
25;2025-11-29;18;0
25;2025-11-29;19;0
25;2025-11-29;20;0
25;2025-11-29;21;0
25;2025-11-29;22;0
25;2025-11-29;23;0
25;2025-11-30;0;0
25;2025-11-30;1;0
25;2025-11-30;2;0
25;2025-11-30;3;0
25;2025-11-30;4;0
25;2025-11-30;5;0
25;2025-11-30;6;0
25;2025-11-30;7;0
25;2025-11-30;8;0
25;2025-11-30;9;0
25;2025-11-30;10;0
25;2025-11-30;11;0
25;2025-11-30;12;0
25;2025-11-30;13;0
25;2025-11-30;14;0
25;2025-11-30;15;0
25;2025-11-30;16;0
25;2025-11-30;17;0
25;2025-11-30;18;0
25;2025-11-30;19;0
25;2025-11-30;20;0
25;2025-11-30;21;0
25;2025-11-30;22;0
25;2025-11-30;23;0
25;2025-12-01;0;0
25;2025-12-01;1;0
25;2025-12-01;2;0
25;2025-12-01;3;0
25;2025-12-01;4;0
25;2025-12-01;5;0
25;2025-12-01;6;0
25;2025-12-01;7;0
25;2025-12-01;8;0
25;2025-12-01;9;0
25;2025-12-01;10;0
25;2025-12-01;11;0
25;2025-12-01;12;0
25;2025-12-01;13;0
25;2025-12-01;14;0
25;2025-12-01;15;0
25;2025-12-01;16;0
25;2025-12-01;17;0
25;2025-12-01;18;0
25;2025-12-01;19;0
25;2025-12-01;20;0
25;2025-12-01;21;0
25;2025-12-01;22;0
25;2025-12-01;23;0
25;2025-12-02;0;0
25;2025-12-02;1;0
25;2025-12-02;2;0
25;2025-12-02;3;0
25;2025-12-02;4;0
25;2025-12-02;5;0
25;2025-12-02;6;0
25;2025-12-02;7;0
25;2025-12-02;8;0
25;2025-12-02;9;0
25;2025-12-02;10;0
25;2025-12-02;11;0
25;2025-12-02;12;0
25;2025-12-02;13;0
25;2025-12-02;14;0
25;2025-12-02;15;0
25;2025-12-02;16;0
25;2025-12-02;17;0
25;2025-12-02;18;0
25;2025-12-02;19;0
25;2025-12-02;20;0
25;2025-12-02;21;0
25;2025-12-02;22;0
25;2025-12-02;23;0
25;2025-12-03;0;0
25;2025-12-03;1;0
25;2025-12-03;2;0
25;2025-12-03;3;0
25;2025-12-03;4;0
25;2025-12-03;5;0
25;2025-12-03;6;0
25;2025-12-03;7;0
25;2025-12-03;8;0
25;2025-12-03;9;0
25;2025-12-03;10;0
25;2025-12-03;11;0
25;2025-12-03;12;0
25;2025-12-03;13;0
25;2025-12-03;14;0
25;2025-12-03;15;0
25;2025-12-03;16;0
25;2025-12-03;17;0
25;2025-12-03;18;0
25;2025-12-03;19;0
25;2025-12-03;20;0
25;2025-12-03;21;0
25;2025-12-03;22;0
25;2025-12-03;23;0
25;2025-12-04;0;0
25;2025-12-04;1;0
25;2025-12-04;2;0
25;2025-12-04;3;0
25;2025-12-04;4;0
25;2025-12-04;5;0
25;2025-12-04;6;0
25;2025-12-04;7;0
25;2025-12-04;8;0
25;2025-12-04;9;0
25;2025-12-04;10;0
25;2025-12-04;11;0
25;2025-12-04;12;0
25;2025-12-04;13;0
25;2025-12-04;14;0
25;2025-12-04;15;0
25;2025-12-04;16;0
25;2025-12-04;17;0
25;2025-12-04;18;0
25;2025-12-04;19;0
25;2025-12-04;20;0
25;2025-12-04;21;0
25;2025-12-04;22;0
25;2025-12-04;23;0
25;2025-12-05;0;0
25;2025-12-05;1;0
25;2025-12-05;2;0
25;2025-12-05;3;0
25;2025-12-05;4;0
25;2025-12-05;5;0
25;2025-12-05;6;0
25;2025-12-05;7;0
25;2025-12-05;8;0
25;2025-12-05;9;0
25;2025-12-05;10;0
25;2025-12-05;11;0
25;2025-12-05;12;0
25;2025-12-05;13;0
25;2025-12-05;14;0
25;2025-12-05;15;0
25;2025-12-05;16;0
25;2025-12-05;17;0
25;2025-12-05;18;0
25;2025-12-05;19;0
25;2025-12-05;20;0
25;2025-12-05;21;0
25;2025-12-05;22;0
25;2025-12-05;23;0
25;2025-12-06;0;0
25;2025-12-06;1;0
25;2025-12-06;2;0
25;2025-12-06;3;0
25;2025-12-06;4;0
25;2025-12-06;5;0
25;2025-12-06;6;0
25;2025-12-06;7;0
25;2025-12-06;8;0
25;2025-12-06;9;0
25;2025-12-06;10;0
25;2025-12-06;11;0
25;2025-12-06;12;0
25;2025-12-06;13;0
25;2025-12-06;14;0
25;2025-12-06;15;0
25;2025-12-06;16;0
25;2025-12-06;17;0
25;2025-12-06;18;0
25;2025-12-06;19;0
25;2025-12-06;20;0
25;2025-12-06;21;0
25;2025-12-06;22;0
25;2025-12-06;23;0
25;2025-12-07;0;0
25;2025-12-07;1;0
25;2025-12-07;2;0
25;2025-12-07;3;0
25;2025-12-07;4;0
25;2025-12-07;5;0
25;2025-12-07;6;0
25;2025-12-07;7;0
25;2025-12-07;8;0
25;2025-12-07;9;0
25;2025-12-07;10;0
25;2025-12-07;11;0
25;2025-12-07;12;0
25;2025-12-07;13;0
25;2025-12-07;14;0
25;2025-12-07;15;0
25;2025-12-07;16;0
25;2025-12-07;17;0
25;2025-12-07;18;0
25;2025-12-07;19;0
25;2025-12-07;20;0
25;2025-12-07;21;0
25;2025-12-07;22;0
25;2025-12-07;23;0
25;2025-12-08;0;0
25;2025-12-08;1;0
25;2025-12-08;2;0
25;2025-12-08;3;0
25;2025-12-08;4;0
25;2025-12-08;5;0
25;2025-12-08;6;0
25;2025-12-08;7;0
25;2025-12-08;8;0
25;2025-12-08;9;0
25;2025-12-08;10;0
25;2025-12-08;11;0
25;2025-12-08;12;0
25;2025-12-08;13;0
25;2025-12-08;14;0
25;2025-12-08;15;0
25;2025-12-08;16;0
25;2025-12-08;17;0
25;2025-12-08;18;0
25;2025-12-08;19;0
25;2025-12-08;20;0
25;2025-12-08;21;0
25;2025-12-08;22;0
25;2025-12-08;23;0
25;2025-12-09;0;0
25;2025-12-09;1;0
25;2025-12-09;2;0
25;2025-12-09;3;0
25;2025-12-09;4;0
25;2025-12-09;5;0
25;2025-12-09;6;0
25;2025-12-09;7;0
25;2025-12-09;8;0
25;2025-12-09;9;0
25;2025-12-09;10;0
25;2025-12-09;11;0
25;2025-12-09;12;0
25;2025-12-09;13;0
25;2025-12-09;14;0
25;2025-12-09;15;0
25;2025-12-09;16;0
25;2025-12-09;17;0
25;2025-12-09;18;0
25;2025-12-09;19;0
25;2025-12-09;20;0
25;2025-12-09;21;0
25;2025-12-09;22;0
25;2025-12-09;23;0
25;2025-12-10;0;0
25;2025-12-10;1;0
25;2025-12-10;2;0
25;2025-12-10;3;0
25;2025-12-10;4;0
25;2025-12-10;5;0
25;2025-12-10;6;0
25;2025-12-10;7;0
25;2025-12-10;8;0
25;2025-12-10;9;0
25;2025-12-10;10;0
25;2025-12-10;11;0
25;2025-12-10;12;0
25;2025-12-10;13;0
25;2025-12-10;14;0
25;2025-12-10;15;0
25;2025-12-10;16;0
25;2025-12-10;17;0
25;2025-12-10;18;0
25;2025-12-10;19;0
25;2025-12-10;20;0
25;2025-12-10;21;0
25;2025-12-10;22;0
25;2025-12-10;23;0
25;2025-12-11;0;0
25;2025-12-11;1;0
25;2025-12-11;2;0
25;2025-12-11;3;0
25;2025-12-11;4;0
25;2025-12-11;5;0
25;2025-12-11;6;0
25;2025-12-11;7;0
25;2025-12-11;8;0
25;2025-12-11;9;0
25;2025-12-11;10;0
25;2025-12-11;11;0
25;2025-12-11;12;0
25;2025-12-11;13;0
25;2025-12-11;14;0
25;2025-12-11;15;0
25;2025-12-11;16;0
25;2025-12-11;17;0
25;2025-12-11;18;0
25;2025-12-11;19;0
25;2025-12-11;20;0
25;2025-12-11;21;0
25;2025-12-11;22;0
25;2025-12-11;23;0
25;2025-12-12;0;0
25;2025-12-12;1;0
25;2025-12-12;2;0
25;2025-12-12;3;0
25;2025-12-12;4;0
25;2025-12-12;5;0
25;2025-12-12;6;0
25;2025-12-12;7;0
25;2025-12-12;8;0
25;2025-12-12;9;0
25;2025-12-12;10;0
25;2025-12-12;11;0
25;2025-12-12;12;0
25;2025-12-12;13;0
25;2025-12-12;14;0
25;2025-12-12;15;0
25;2025-12-12;16;0
25;2025-12-12;17;0
25;2025-12-12;18;0
25;2025-12-12;19;0
25;2025-12-12;20;0
25;2025-12-12;21;0
25;2025-12-12;22;0
25;2025-12-12;23;0
25;2025-12-13;0;0
25;2025-12-13;1;0
25;2025-12-13;2;0
25;2025-12-13;3;0
25;2025-12-13;4;0
25;2025-12-13;5;0
25;2025-12-13;6;0
25;2025-12-13;7;0
25;2025-12-13;8;0
25;2025-12-13;9;0
25;2025-12-13;10;0
25;2025-12-13;11;0
25;2025-12-13;12;0
25;2025-12-13;13;0
25;2025-12-13;14;0
25;2025-12-13;15;0
25;2025-12-13;16;0
25;2025-12-13;17;0
25;2025-12-13;18;0
25;2025-12-13;19;0
25;2025-12-13;20;0
25;2025-12-13;21;0
25;2025-12-13;22;0
25;2025-12-13;23;0
25;2025-12-14;0;0
25;2025-12-14;1;0
25;2025-12-14;2;0
25;2025-12-14;3;0
25;2025-12-14;4;0
25;2025-12-14;5;0
25;2025-12-14;6;0
25;2025-12-14;7;0
25;2025-12-14;8;0
25;2025-12-14;9;0
25;2025-12-14;10;0
25;2025-12-14;11;0
25;2025-12-14;12;0
25;2025-12-14;13;0
25;2025-12-14;14;0
25;2025-12-14;15;0
25;2025-12-14;16;0
25;2025-12-14;17;0
25;2025-12-14;18;0
25;2025-12-14;19;0
25;2025-12-14;20;0
25;2025-12-14;21;0
25;2025-12-14;22;0
25;2025-12-14;23;0
25;2025-12-15;0;0
25;2025-12-15;1;0
25;2025-12-15;2;0
25;2025-12-15;3;0
25;2025-12-15;4;0
25;2025-12-15;5;0
25;2025-12-15;6;0
25;2025-12-15;7;0
25;2025-12-15;8;0
25;2025-12-15;9;0
25;2025-12-15;10;0
25;2025-12-15;11;0
25;2025-12-15;12;0
25;2025-12-15;13;0
25;2025-12-15;14;0
25;2025-12-15;15;0
25;2025-12-15;16;0
25;2025-12-15;17;0
25;2025-12-15;18;0
25;2025-12-15;19;0
25;2025-12-15;20;0
25;2025-12-15;21;0
25;2025-12-15;22;0
25;2025-12-15;23;0
25;2025-12-16;0;0
25;2025-12-16;1;0
25;2025-12-16;2;0
25;2025-12-16;3;0
25;2025-12-16;4;0
25;2025-12-16;5;0
25;2025-12-16;6;0
25;2025-12-16;7;0
25;2025-12-16;8;0
25;2025-12-16;9;0
25;2025-12-16;10;0
25;2025-12-16;11;0
25;2025-12-16;12;0
25;2025-12-16;13;0
25;2025-12-16;14;0
25;2025-12-16;15;0
25;2025-12-16;16;0
25;2025-12-16;17;0
25;2025-12-16;18;0
25;2025-12-16;19;0
25;2025-12-16;20;0
25;2025-12-16;21;0
25;2025-12-16;22;0
25;2025-12-16;23;0
25;2025-12-17;0;0
25;2025-12-17;1;0
25;2025-12-17;2;0
25;2025-12-17;3;0
25;2025-12-17;4;0
25;2025-12-17;5;0
25;2025-12-17;6;0
25;2025-12-17;7;0
25;2025-12-17;8;0
25;2025-12-17;9;0
25;2025-12-17;10;0
25;2025-12-17;11;0
25;2025-12-17;12;0
25;2025-12-17;13;0
25;2025-12-17;14;0
25;2025-12-17;15;0
25;2025-12-17;16;0
25;2025-12-17;17;0
25;2025-12-17;18;0
25;2025-12-17;19;0
25;2025-12-17;20;0
25;2025-12-17;21;0
25;2025-12-17;22;0
25;2025-12-17;23;0
25;2025-12-18;0;0
25;2025-12-18;1;0
25;2025-12-18;2;0
25;2025-12-18;3;0
25;2025-12-18;4;0
25;2025-12-18;5;0
25;2025-12-18;6;0
25;2025-12-18;7;0
25;2025-12-18;8;0
25;2025-12-18;9;0
25;2025-12-18;10;0
25;2025-12-18;11;0
25;2025-12-18;12;0
25;2025-12-18;13;0
25;2025-12-18;14;0
25;2025-12-18;15;0
25;2025-12-18;16;0
25;2025-12-18;17;0
25;2025-12-18;18;0
25;2025-12-18;19;0
25;2025-12-18;20;0
25;2025-12-18;21;0
25;2025-12-18;22;0
25;2025-12-18;23;0
25;2025-12-19;0;0
25;2025-12-19;1;0
25;2025-12-19;2;0
25;2025-12-19;3;0
25;2025-12-19;4;0
25;2025-12-19;5;0
25;2025-12-19;6;0
25;2025-12-19;7;0
25;2025-12-19;8;0
25;2025-12-19;9;0
25;2025-12-19;10;0
25;2025-12-19;11;0
25;2025-12-19;12;0
25;2025-12-19;13;0
25;2025-12-19;14;0
25;2025-12-19;15;0
25;2025-12-19;16;0
25;2025-12-19;17;0
25;2025-12-19;18;0
25;2025-12-19;19;0
25;2025-12-19;20;0
25;2025-12-19;21;0
25;2025-12-19;22;0
25;2025-12-19;23;0
25;2025-12-20;0;0
25;2025-12-20;1;0
25;2025-12-20;2;0
25;2025-12-20;3;0
25;2025-12-20;4;0
25;2025-12-20;5;0
25;2025-12-20;6;0
25;2025-12-20;7;0
25;2025-12-20;8;0
25;2025-12-20;9;0
25;2025-12-20;10;0
25;2025-12-20;11;0
25;2025-12-20;12;0
25;2025-12-20;13;0
25;2025-12-20;14;0
25;2025-12-20;15;0
25;2025-12-20;16;0
25;2025-12-20;17;0
25;2025-12-20;18;0
25;2025-12-20;19;0
25;2025-12-20;20;0
25;2025-12-20;21;0
25;2025-12-20;22;0
25;2025-12-20;23;0
25;2025-12-21;0;0
25;2025-12-21;1;0
25;2025-12-21;2;0
25;2025-12-21;3;0
25;2025-12-21;4;0
25;2025-12-21;5;0
25;2025-12-21;6;0
25;2025-12-21;7;0
25;2025-12-21;8;0
25;2025-12-21;9;0
25;2025-12-21;10;0
25;2025-12-21;11;0
25;2025-12-21;12;0
25;2025-12-21;13;0
25;2025-12-21;14;0
25;2025-12-21;15;0
25;2025-12-21;16;0
25;2025-12-21;17;0
25;2025-12-21;18;0
25;2025-12-21;19;0
25;2025-12-21;20;0
25;2025-12-21;21;0
25;2025-12-21;22;0
25;2025-12-21;23;0
25;2025-12-22;0;0
25;2025-12-22;1;0
25;2025-12-22;2;0
25;2025-12-22;3;0
25;2025-12-22;4;0
25;2025-12-22;5;0
25;2025-12-22;6;0
25;2025-12-22;7;0
25;2025-12-22;8;0
25;2025-12-22;9;0
25;2025-12-22;10;0
25;2025-12-22;11;0
25;2025-12-22;12;0
25;2025-12-22;13;0
25;2025-12-22;14;0
25;2025-12-22;15;0
25;2025-12-22;16;0
25;2025-12-22;17;0
25;2025-12-22;18;0
25;2025-12-22;19;0
25;2025-12-22;20;0
25;2025-12-22;21;0
25;2025-12-22;22;0
25;2025-12-22;23;0
25;2025-12-23;0;0
25;2025-12-23;1;0
25;2025-12-23;2;0
25;2025-12-23;3;0
25;2025-12-23;4;0
25;2025-12-23;5;0
25;2025-12-23;6;0
25;2025-12-23;7;0
25;2025-12-23;8;0
25;2025-12-23;9;0
25;2025-12-23;10;0
25;2025-12-23;11;0
25;2025-12-23;12;0
25;2025-12-23;13;0
25;2025-12-23;14;0
25;2025-12-23;15;0
25;2025-12-23;16;0
25;2025-12-23;17;0
25;2025-12-23;18;0
25;2025-12-23;19;0
25;2025-12-23;20;0
25;2025-12-23;21;0
25;2025-12-23;22;0
25;2025-12-23;23;0
25;2025-12-24;0;0
25;2025-12-24;1;0
25;2025-12-24;2;0
25;2025-12-24;3;0
25;2025-12-24;4;0
25;2025-12-24;5;0
25;2025-12-24;6;0
25;2025-12-24;7;0
25;2025-12-24;8;0
25;2025-12-24;9;0
25;2025-12-24;10;0
25;2025-12-24;11;0
25;2025-12-24;12;0
25;2025-12-24;13;0
25;2025-12-24;14;0
25;2025-12-24;15;0
25;2025-12-24;16;0
25;2025-12-24;17;0
25;2025-12-24;18;0
25;2025-12-24;19;0
25;2025-12-24;20;0
25;2025-12-24;21;0
25;2025-12-24;22;0
25;2025-12-24;23;0
25;2025-12-25;0;0
25;2025-12-25;1;0
25;2025-12-25;2;0
25;2025-12-25;3;0
25;2025-12-25;4;0
25;2025-12-25;5;0
25;2025-12-25;6;0
25;2025-12-25;7;0
25;2025-12-25;8;0
25;2025-12-25;9;0
25;2025-12-25;10;0
25;2025-12-25;11;0
25;2025-12-25;12;0
25;2025-12-25;13;0
25;2025-12-25;14;0
25;2025-12-25;15;0
25;2025-12-25;16;0
25;2025-12-25;17;0
25;2025-12-25;18;0
25;2025-12-25;19;0
25;2025-12-25;20;0
25;2025-12-25;21;0
25;2025-12-25;22;0
25;2025-12-25;23;0
25;2025-12-26;0;0
25;2025-12-26;1;0
25;2025-12-26;2;0
25;2025-12-26;3;0
25;2025-12-26;4;0
25;2025-12-26;5;0
25;2025-12-26;6;0
25;2025-12-26;7;0
25;2025-12-26;8;0
25;2025-12-26;9;0
25;2025-12-26;10;0
25;2025-12-26;11;0
25;2025-12-26;12;0
25;2025-12-26;13;0
25;2025-12-26;14;0
25;2025-12-26;15;0
25;2025-12-26;16;0
25;2025-12-26;17;0
25;2025-12-26;18;0
25;2025-12-26;19;0
25;2025-12-26;20;0
25;2025-12-26;21;0
25;2025-12-26;22;0
25;2025-12-26;23;0
25;2025-12-27;0;0
25;2025-12-27;1;0
25;2025-12-27;2;0
25;2025-12-27;3;0
25;2025-12-27;4;0
25;2025-12-27;5;0
25;2025-12-27;6;0
25;2025-12-27;7;0
25;2025-12-27;8;0
25;2025-12-27;9;0
25;2025-12-27;10;0
25;2025-12-27;11;0
25;2025-12-27;12;0
25;2025-12-27;13;0
25;2025-12-27;14;0
25;2025-12-27;15;0
25;2025-12-27;16;0
25;2025-12-27;17;0
25;2025-12-27;18;0
25;2025-12-27;19;0
25;2025-12-27;20;0
25;2025-12-27;21;0
25;2025-12-27;22;0
25;2025-12-27;23;0
25;2025-12-28;0;0
25;2025-12-28;1;0
25;2025-12-28;2;0
25;2025-12-28;3;0
25;2025-12-28;4;0
25;2025-12-28;5;0
25;2025-12-28;6;0
25;2025-12-28;7;0
25;2025-12-28;8;0
25;2025-12-28;9;0
25;2025-12-28;10;0
25;2025-12-28;11;0
25;2025-12-28;12;0
25;2025-12-28;13;0
25;2025-12-28;14;0
25;2025-12-28;15;0
25;2025-12-28;16;0
25;2025-12-28;17;0
25;2025-12-28;18;0
25;2025-12-28;19;0
25;2025-12-28;20;0
25;2025-12-28;21;0
25;2025-12-28;22;0
25;2025-12-28;23;0
25;2025-12-29;0;0
25;2025-12-29;1;0
25;2025-12-29;2;0
25;2025-12-29;3;0
25;2025-12-29;4;0
25;2025-12-29;5;0
25;2025-12-29;6;0
25;2025-12-29;7;0
25;2025-12-29;8;0
25;2025-12-29;9;0
25;2025-12-29;10;0
25;2025-12-29;11;0
25;2025-12-29;12;0
25;2025-12-29;13;0
25;2025-12-29;14;0
25;2025-12-29;15;0
25;2025-12-29;16;0
25;2025-12-29;17;0
25;2025-12-29;18;0
25;2025-12-29;19;0
25;2025-12-29;20;0
25;2025-12-29;21;0
25;2025-12-29;22;0
25;2025-12-29;23;0
25;2025-12-30;0;0
25;2025-12-30;1;0
25;2025-12-30;2;0
25;2025-12-30;3;0
25;2025-12-30;4;0
25;2025-12-30;5;0
25;2025-12-30;6;0
25;2025-12-30;7;0
25;2025-12-30;8;0
25;2025-12-30;9;0
25;2025-12-30;10;0
25;2025-12-30;11;0
25;2025-12-30;12;0
25;2025-12-30;13;0
25;2025-12-30;14;0
25;2025-12-30;15;0
25;2025-12-30;16;0
25;2025-12-30;17;0
25;2025-12-30;18;0
25;2025-12-30;19;0
25;2025-12-30;20;0
25;2025-12-30;21;0
25;2025-12-30;22;0
25;2025-12-30;23;0
25;2025-12-31;0;0
25;2025-12-31;1;0
25;2025-12-31;2;0
25;2025-12-31;3;0
25;2025-12-31;4;0
25;2025-12-31;5;0
25;2025-12-31;6;0
25;2025-12-31;7;0
25;2025-12-31;8;0
25;2025-12-31;9;0
25;2025-12-31;10;0
25;2025-12-31;11;0
25;2025-12-31;12;0
25;2025-12-31;13;0
25;2025-12-31;14;0
25;2025-12-31;15;0
25;2025-12-31;16;0
25;2025-12-31;17;0
25;2025-12-31;18;0
25;2025-12-31;19;0
25;2025-12-31;20;0
25;2025-12-31;21;0
25;2025-12-31;22;0
25;2025-12-31;23;0
26;2025-11-01;0;0
26;2025-11-01;1;0
26;2025-11-01;2;0
26;2025-11-01;3;0
26;2025-11-01;4;0
26;2025-11-01;5;0
26;2025-11-01;6;0
26;2025-11-01;7;0
26;2025-11-01;8;0
26;2025-11-01;9;0
26;2025-11-01;10;0
26;2025-11-01;11;0
26;2025-11-01;12;0
26;2025-11-01;13;0
26;2025-11-01;14;0
26;2025-11-01;15;0
26;2025-11-01;16;0
26;2025-11-01;17;0
26;2025-11-01;18;0
26;2025-11-01;19;0
26;2025-11-01;20;0
26;2025-11-01;21;0
26;2025-11-01;22;0
26;2025-11-01;23;0
26;2025-11-02;0;0
26;2025-11-02;1;0
26;2025-11-02;2;0
26;2025-11-02;3;0
26;2025-11-02;4;0
26;2025-11-02;5;0
26;2025-11-02;6;0
26;2025-11-02;7;0
26;2025-11-02;8;0
26;2025-11-02;9;0
26;2025-11-02;10;0
26;2025-11-02;11;0
26;2025-11-02;12;0
26;2025-11-02;13;0
26;2025-11-02;14;0
26;2025-11-02;15;0
26;2025-11-02;16;0
26;2025-11-02;17;0
26;2025-11-02;18;0
26;2025-11-02;19;0
26;2025-11-02;20;0
26;2025-11-02;21;0
26;2025-11-02;22;0
26;2025-11-02;23;0
26;2025-11-03;0;0
26;2025-11-03;1;0
26;2025-11-03;2;0
26;2025-11-03;3;0
26;2025-11-03;4;0
26;2025-11-03;5;0
26;2025-11-03;6;0
26;2025-11-03;7;0
26;2025-11-03;8;0
26;2025-11-03;9;0
26;2025-11-03;10;0
26;2025-11-03;11;0
26;2025-11-03;12;0
26;2025-11-03;13;0
26;2025-11-03;14;0
26;2025-11-03;15;0
26;2025-11-03;16;0
26;2025-11-03;17;0
26;2025-11-03;18;0
26;2025-11-03;19;0
26;2025-11-03;20;0
26;2025-11-03;21;0
26;2025-11-03;22;0
26;2025-11-03;23;0
26;2025-11-04;0;0
26;2025-11-04;1;0
26;2025-11-04;2;0
26;2025-11-04;3;0
26;2025-11-04;4;0
26;2025-11-04;5;0
26;2025-11-04;6;0
26;2025-11-04;7;0
26;2025-11-04;8;0
26;2025-11-04;9;0
26;2025-11-04;10;0
26;2025-11-04;11;0
26;2025-11-04;12;0
26;2025-11-04;13;0
26;2025-11-04;14;0
26;2025-11-04;15;0
26;2025-11-04;16;0
26;2025-11-04;17;0
26;2025-11-04;18;0
26;2025-11-04;19;0
26;2025-11-04;20;0
26;2025-11-04;21;0
26;2025-11-04;22;0
26;2025-11-04;23;0
26;2025-11-05;0;0
26;2025-11-05;1;0
26;2025-11-05;2;0
26;2025-11-05;3;0
26;2025-11-05;4;0
26;2025-11-05;5;0
26;2025-11-05;6;0
26;2025-11-05;7;0
26;2025-11-05;8;0
26;2025-11-05;9;0
26;2025-11-05;10;0
26;2025-11-05;11;0
26;2025-11-05;12;0
26;2025-11-05;13;0
26;2025-11-05;14;0
26;2025-11-05;15;0
26;2025-11-05;16;0
26;2025-11-05;17;0
26;2025-11-05;18;0
26;2025-11-05;19;0
26;2025-11-05;20;0
26;2025-11-05;21;0
26;2025-11-05;22;0
26;2025-11-05;23;0
26;2025-11-06;0;0
26;2025-11-06;1;0
26;2025-11-06;2;0
26;2025-11-06;3;0
26;2025-11-06;4;0
26;2025-11-06;5;0
26;2025-11-06;6;0
26;2025-11-06;7;0
26;2025-11-06;8;0
26;2025-11-06;9;0
26;2025-11-06;10;0
26;2025-11-06;11;0
26;2025-11-06;12;0
26;2025-11-06;13;0
26;2025-11-06;14;0
26;2025-11-06;15;0
26;2025-11-06;16;0
26;2025-11-06;17;0
26;2025-11-06;18;0
26;2025-11-06;19;0
26;2025-11-06;20;0
26;2025-11-06;21;0
26;2025-11-06;22;0
26;2025-11-06;23;0
26;2025-11-07;0;0
26;2025-11-07;1;0
26;2025-11-07;2;0
26;2025-11-07;3;0
26;2025-11-07;4;0
26;2025-11-07;5;0
26;2025-11-07;6;0
26;2025-11-07;7;0
26;2025-11-07;8;0
26;2025-11-07;9;0
26;2025-11-07;10;0
26;2025-11-07;11;0
26;2025-11-07;12;0
26;2025-11-07;13;0
26;2025-11-07;14;0
26;2025-11-07;15;0
26;2025-11-07;16;0
26;2025-11-07;17;0
26;2025-11-07;18;0
26;2025-11-07;19;0
26;2025-11-07;20;0
26;2025-11-07;21;0
26;2025-11-07;22;0
26;2025-11-07;23;0
26;2025-11-08;0;0
26;2025-11-08;1;0
26;2025-11-08;2;0
26;2025-11-08;3;0
26;2025-11-08;4;0
26;2025-11-08;5;0
26;2025-11-08;6;0
26;2025-11-08;7;0
26;2025-11-08;8;0
26;2025-11-08;9;0
26;2025-11-08;10;0
26;2025-11-08;11;0
26;2025-11-08;12;0
26;2025-11-08;13;0
26;2025-11-08;14;0
26;2025-11-08;15;0
26;2025-11-08;16;0
26;2025-11-08;17;0
26;2025-11-08;18;0
26;2025-11-08;19;0
26;2025-11-08;20;0
26;2025-11-08;21;0
26;2025-11-08;22;0
26;2025-11-08;23;0
26;2025-11-09;0;0
26;2025-11-09;1;0
26;2025-11-09;2;0
26;2025-11-09;3;0
26;2025-11-09;4;0
26;2025-11-09;5;0
26;2025-11-09;6;0
26;2025-11-09;7;0
26;2025-11-09;8;0
26;2025-11-09;9;0
26;2025-11-09;10;0
26;2025-11-09;11;0
26;2025-11-09;12;0
26;2025-11-09;13;0
26;2025-11-09;14;0
26;2025-11-09;15;0
26;2025-11-09;16;0
26;2025-11-09;17;0
26;2025-11-09;18;0
26;2025-11-09;19;0
26;2025-11-09;20;0
26;2025-11-09;21;0
26;2025-11-09;22;0
26;2025-11-09;23;0
26;2025-11-10;0;0
26;2025-11-10;1;0
26;2025-11-10;2;0
26;2025-11-10;3;0
26;2025-11-10;4;0
26;2025-11-10;5;0
26;2025-11-10;6;0
26;2025-11-10;7;0
26;2025-11-10;8;0
26;2025-11-10;9;0
26;2025-11-10;10;0
26;2025-11-10;11;0
26;2025-11-10;12;0
26;2025-11-10;13;0
26;2025-11-10;14;0
26;2025-11-10;15;0
26;2025-11-10;16;0
26;2025-11-10;17;0
26;2025-11-10;18;0
26;2025-11-10;19;0
26;2025-11-10;20;0
26;2025-11-10;21;0
26;2025-11-10;22;0
26;2025-11-10;23;0
26;2025-11-11;0;0
26;2025-11-11;1;0
26;2025-11-11;2;0
26;2025-11-11;3;0
26;2025-11-11;4;0
26;2025-11-11;5;0
26;2025-11-11;6;0
26;2025-11-11;7;0
26;2025-11-11;8;0
26;2025-11-11;9;0
26;2025-11-11;10;0
26;2025-11-11;11;0
26;2025-11-11;12;0
26;2025-11-11;13;0
26;2025-11-11;14;0
26;2025-11-11;15;0
26;2025-11-11;16;0
26;2025-11-11;17;0
26;2025-11-11;18;0
26;2025-11-11;19;0
26;2025-11-11;20;0
26;2025-11-11;21;0
26;2025-11-11;22;0
26;2025-11-11;23;0
26;2025-11-12;0;0
26;2025-11-12;1;0
26;2025-11-12;2;0
26;2025-11-12;3;0
26;2025-11-12;4;0
26;2025-11-12;5;0
26;2025-11-12;6;0
26;2025-11-12;7;0
26;2025-11-12;8;0
26;2025-11-12;9;0
26;2025-11-12;10;0
26;2025-11-12;11;0
26;2025-11-12;12;0
26;2025-11-12;13;0
26;2025-11-12;14;0
26;2025-11-12;15;0
26;2025-11-12;16;0
26;2025-11-12;17;0
26;2025-11-12;18;0
26;2025-11-12;19;0
26;2025-11-12;20;0
26;2025-11-12;21;0
26;2025-11-12;22;0
26;2025-11-12;23;0
26;2025-11-13;0;0
26;2025-11-13;1;0
26;2025-11-13;2;0
26;2025-11-13;3;0
26;2025-11-13;4;0
26;2025-11-13;5;0
26;2025-11-13;6;0
26;2025-11-13;7;0
26;2025-11-13;8;0
26;2025-11-13;9;0
26;2025-11-13;10;0
26;2025-11-13;11;0
26;2025-11-13;12;0
26;2025-11-13;13;0
26;2025-11-13;14;0
26;2025-11-13;15;0
26;2025-11-13;16;0
26;2025-11-13;17;0
26;2025-11-13;18;0
26;2025-11-13;19;0
26;2025-11-13;20;0
26;2025-11-13;21;0
26;2025-11-13;22;0
26;2025-11-13;23;0
26;2025-11-14;0;0
26;2025-11-14;1;0
26;2025-11-14;2;0
26;2025-11-14;3;0
26;2025-11-14;4;0
26;2025-11-14;5;0
26;2025-11-14;6;0
26;2025-11-14;7;0
26;2025-11-14;8;0
26;2025-11-14;9;0
26;2025-11-14;10;0
26;2025-11-14;11;0
26;2025-11-14;12;0
26;2025-11-14;13;0
26;2025-11-14;14;0
26;2025-11-14;15;0
26;2025-11-14;16;0
26;2025-11-14;17;0
26;2025-11-14;18;0
26;2025-11-14;19;0
26;2025-11-14;20;0
26;2025-11-14;21;0
26;2025-11-14;22;0
26;2025-11-14;23;0
26;2025-11-15;0;0
26;2025-11-15;1;0
26;2025-11-15;2;0
26;2025-11-15;3;0
26;2025-11-15;4;0
26;2025-11-15;5;0
26;2025-11-15;6;0
26;2025-11-15;7;0
26;2025-11-15;8;0
26;2025-11-15;9;0
26;2025-11-15;10;0
26;2025-11-15;11;0
26;2025-11-15;12;0
26;2025-11-15;13;0
26;2025-11-15;14;0
26;2025-11-15;15;0
26;2025-11-15;16;0
26;2025-11-15;17;0
26;2025-11-15;18;0
26;2025-11-15;19;0
26;2025-11-15;20;0
26;2025-11-15;21;0
26;2025-11-15;22;0
26;2025-11-15;23;0
26;2025-11-16;0;0
26;2025-11-16;1;0
26;2025-11-16;2;0
26;2025-11-16;3;0
26;2025-11-16;4;0
26;2025-11-16;5;0
26;2025-11-16;6;0
26;2025-11-16;7;0
26;2025-11-16;8;0
26;2025-11-16;9;0
26;2025-11-16;10;0
26;2025-11-16;11;0
26;2025-11-16;12;0
26;2025-11-16;13;0
26;2025-11-16;14;0
26;2025-11-16;15;0
26;2025-11-16;16;0
26;2025-11-16;17;0
26;2025-11-16;18;0
26;2025-11-16;19;0
26;2025-11-16;20;0
26;2025-11-16;21;0
26;2025-11-16;22;0
26;2025-11-16;23;0
26;2025-11-17;0;0
26;2025-11-17;1;0
26;2025-11-17;2;0
26;2025-11-17;3;0
26;2025-11-17;4;0
26;2025-11-17;5;0
26;2025-11-17;6;0
26;2025-11-17;7;0
26;2025-11-17;8;0
26;2025-11-17;9;0
26;2025-11-17;10;0
26;2025-11-17;11;0
26;2025-11-17;12;0
26;2025-11-17;13;0
26;2025-11-17;14;0
26;2025-11-17;15;0
26;2025-11-17;16;0
26;2025-11-17;17;0
26;2025-11-17;18;0
26;2025-11-17;19;0
26;2025-11-17;20;0
26;2025-11-17;21;0
26;2025-11-17;22;0
26;2025-11-17;23;0
26;2025-11-18;0;0
26;2025-11-18;1;0
26;2025-11-18;2;0
26;2025-11-18;3;0
26;2025-11-18;4;0
26;2025-11-18;5;0
26;2025-11-18;6;0
26;2025-11-18;7;0
26;2025-11-18;8;0
26;2025-11-18;9;0
26;2025-11-18;10;0
26;2025-11-18;11;0
26;2025-11-18;12;0
26;2025-11-18;13;0
26;2025-11-18;14;0
26;2025-11-18;15;0
26;2025-11-18;16;0
26;2025-11-18;17;0
26;2025-11-18;18;0
26;2025-11-18;19;0
26;2025-11-18;20;0
26;2025-11-18;21;0
26;2025-11-18;22;0
26;2025-11-18;23;0
26;2025-11-19;0;0
26;2025-11-19;1;0
26;2025-11-19;2;0
26;2025-11-19;3;0
26;2025-11-19;4;0
26;2025-11-19;5;0
26;2025-11-19;6;0
26;2025-11-19;7;0
26;2025-11-19;8;0
26;2025-11-19;9;0
26;2025-11-19;10;0
26;2025-11-19;11;0
26;2025-11-19;12;0
26;2025-11-19;13;0
26;2025-11-19;14;0
26;2025-11-19;15;0
26;2025-11-19;16;0
26;2025-11-19;17;0
26;2025-11-19;18;0
26;2025-11-19;19;0
26;2025-11-19;20;0
26;2025-11-19;21;0
26;2025-11-19;22;0
26;2025-11-19;23;0
26;2025-11-20;0;0
26;2025-11-20;1;0
26;2025-11-20;2;0
26;2025-11-20;3;0
26;2025-11-20;4;0
26;2025-11-20;5;0
26;2025-11-20;6;0
26;2025-11-20;7;0
26;2025-11-20;8;0
26;2025-11-20;9;0
26;2025-11-20;10;0
26;2025-11-20;11;0
26;2025-11-20;12;0
26;2025-11-20;13;0
26;2025-11-20;14;0
26;2025-11-20;15;0
26;2025-11-20;16;0
26;2025-11-20;17;0
26;2025-11-20;18;0
26;2025-11-20;19;0
26;2025-11-20;20;0
26;2025-11-20;21;0
26;2025-11-20;22;0
26;2025-11-20;23;0
26;2025-11-21;0;0
26;2025-11-21;1;0
26;2025-11-21;2;0
26;2025-11-21;3;0
26;2025-11-21;4;0
26;2025-11-21;5;0
26;2025-11-21;6;0
26;2025-11-21;7;0
26;2025-11-21;8;0
26;2025-11-21;9;0
26;2025-11-21;10;0
26;2025-11-21;11;0
26;2025-11-21;12;0
26;2025-11-21;13;0
26;2025-11-21;14;0
26;2025-11-21;15;0
26;2025-11-21;16;0
26;2025-11-21;17;0
26;2025-11-21;18;0
26;2025-11-21;19;0
26;2025-11-21;20;0
26;2025-11-21;21;0
26;2025-11-21;22;0
26;2025-11-21;23;0
26;2025-11-22;0;0
26;2025-11-22;1;0
26;2025-11-22;2;0
26;2025-11-22;3;0
26;2025-11-22;4;0
26;2025-11-22;5;0
26;2025-11-22;6;0
26;2025-11-22;7;0
26;2025-11-22;8;0
26;2025-11-22;9;0
26;2025-11-22;10;0
26;2025-11-22;11;0
26;2025-11-22;12;0
26;2025-11-22;13;0
26;2025-11-22;14;0
26;2025-11-22;15;0
26;2025-11-22;16;0
26;2025-11-22;17;0
26;2025-11-22;18;0
26;2025-11-22;19;0
26;2025-11-22;20;0
26;2025-11-22;21;0
26;2025-11-22;22;0
26;2025-11-22;23;0
26;2025-11-23;0;0
26;2025-11-23;1;0
26;2025-11-23;2;0
26;2025-11-23;3;0
26;2025-11-23;4;0
26;2025-11-23;5;0
26;2025-11-23;6;0
26;2025-11-23;7;0
26;2025-11-23;8;0
26;2025-11-23;9;0
26;2025-11-23;10;0
26;2025-11-23;11;0
26;2025-11-23;12;0
26;2025-11-23;13;0
26;2025-11-23;14;0
26;2025-11-23;15;0
26;2025-11-23;16;0
26;2025-11-23;17;0
26;2025-11-23;18;0
26;2025-11-23;19;0
26;2025-11-23;20;0
26;2025-11-23;21;0
26;2025-11-23;22;0
26;2025-11-23;23;0
26;2025-11-24;0;0
26;2025-11-24;1;0
26;2025-11-24;2;0
26;2025-11-24;3;0
26;2025-11-24;4;0
26;2025-11-24;5;0
26;2025-11-24;6;0
26;2025-11-24;7;0
26;2025-11-24;8;0
26;2025-11-24;9;0
26;2025-11-24;10;0
26;2025-11-24;11;0
26;2025-11-24;12;0
26;2025-11-24;13;0
26;2025-11-24;14;0
26;2025-11-24;15;0
26;2025-11-24;16;0
26;2025-11-24;17;0
26;2025-11-24;18;0
26;2025-11-24;19;0
26;2025-11-24;20;0
26;2025-11-24;21;0
26;2025-11-24;22;0
26;2025-11-24;23;0
26;2025-11-25;0;0
26;2025-11-25;1;0
26;2025-11-25;2;0
26;2025-11-25;3;0
26;2025-11-25;4;0
26;2025-11-25;5;0
26;2025-11-25;6;0
26;2025-11-25;7;0
26;2025-11-25;8;0
26;2025-11-25;9;0
26;2025-11-25;10;0
26;2025-11-25;11;0
26;2025-11-25;12;0
26;2025-11-25;13;0
26;2025-11-25;14;0
26;2025-11-25;15;0
26;2025-11-25;16;0
26;2025-11-25;17;0
26;2025-11-25;18;0
26;2025-11-25;19;0
26;2025-11-25;20;0
26;2025-11-25;21;0
26;2025-11-25;22;0
26;2025-11-25;23;0
26;2025-11-26;0;0
26;2025-11-26;1;0
26;2025-11-26;2;0
26;2025-11-26;3;0
26;2025-11-26;4;0
26;2025-11-26;5;0
26;2025-11-26;6;0
26;2025-11-26;7;0
26;2025-11-26;8;0
26;2025-11-26;9;0
26;2025-11-26;10;0
26;2025-11-26;11;0
26;2025-11-26;12;0
26;2025-11-26;13;0
26;2025-11-26;14;0
26;2025-11-26;15;0
26;2025-11-26;16;0
26;2025-11-26;17;0
26;2025-11-26;18;0
26;2025-11-26;19;0
26;2025-11-26;20;0
26;2025-11-26;21;0
26;2025-11-26;22;0
26;2025-11-26;23;0
26;2025-11-27;0;0
26;2025-11-27;1;0
26;2025-11-27;2;0
26;2025-11-27;3;0
26;2025-11-27;4;0
26;2025-11-27;5;0
26;2025-11-27;6;0
26;2025-11-27;7;0
26;2025-11-27;8;0
26;2025-11-27;9;0
26;2025-11-27;10;0
26;2025-11-27;11;0
26;2025-11-27;12;0
26;2025-11-27;13;0
26;2025-11-27;14;0
26;2025-11-27;15;0
26;2025-11-27;16;0
26;2025-11-27;17;0
26;2025-11-27;18;0
26;2025-11-27;19;0
26;2025-11-27;20;0
26;2025-11-27;21;0
26;2025-11-27;22;0
26;2025-11-27;23;0
26;2025-11-28;0;0
26;2025-11-28;1;0
26;2025-11-28;2;0
26;2025-11-28;3;0
26;2025-11-28;4;0
26;2025-11-28;5;0
26;2025-11-28;6;0
26;2025-11-28;7;0
26;2025-11-28;8;0
26;2025-11-28;9;0
26;2025-11-28;10;0
26;2025-11-28;11;0
26;2025-11-28;12;0
26;2025-11-28;13;0
26;2025-11-28;14;0
26;2025-11-28;15;0
26;2025-11-28;16;0
26;2025-11-28;17;0
26;2025-11-28;18;0
26;2025-11-28;19;0
26;2025-11-28;20;0
26;2025-11-28;21;0
26;2025-11-28;22;0
26;2025-11-28;23;0
26;2025-11-29;0;0
26;2025-11-29;1;0
26;2025-11-29;2;0
26;2025-11-29;3;0
26;2025-11-29;4;0
26;2025-11-29;5;0
26;2025-11-29;6;0
26;2025-11-29;7;0
26;2025-11-29;8;0
26;2025-11-29;9;0
26;2025-11-29;10;0
26;2025-11-29;11;0
26;2025-11-29;12;0
26;2025-11-29;13;0
26;2025-11-29;14;0
26;2025-11-29;15;0
26;2025-11-29;16;0
26;2025-11-29;17;0
26;2025-11-29;18;0
26;2025-11-29;19;0
26;2025-11-29;20;0
26;2025-11-29;21;0
26;2025-11-29;22;0
26;2025-11-29;23;0
26;2025-11-30;0;0
26;2025-11-30;1;0
26;2025-11-30;2;0
26;2025-11-30;3;0
26;2025-11-30;4;0
26;2025-11-30;5;0
26;2025-11-30;6;0
26;2025-11-30;7;0
26;2025-11-30;8;0
26;2025-11-30;9;0
26;2025-11-30;10;0
26;2025-11-30;11;0
26;2025-11-30;12;0
26;2025-11-30;13;0
26;2025-11-30;14;0
26;2025-11-30;15;0
26;2025-11-30;16;0
26;2025-11-30;17;0
26;2025-11-30;18;0
26;2025-11-30;19;0
26;2025-11-30;20;0
26;2025-11-30;21;0
26;2025-11-30;22;0
26;2025-11-30;23;0
26;2025-12-01;0;0
26;2025-12-01;1;0
26;2025-12-01;2;0
26;2025-12-01;3;0
26;2025-12-01;4;0
26;2025-12-01;5;0
26;2025-12-01;6;0
26;2025-12-01;7;0
26;2025-12-01;8;0
26;2025-12-01;9;0
26;2025-12-01;10;0
26;2025-12-01;11;0
26;2025-12-01;12;0
26;2025-12-01;13;0
26;2025-12-01;14;0
26;2025-12-01;15;0
26;2025-12-01;16;0
26;2025-12-01;17;0
26;2025-12-01;18;0
26;2025-12-01;19;0
26;2025-12-01;20;0
26;2025-12-01;21;0
26;2025-12-01;22;0
26;2025-12-01;23;0
26;2025-12-02;0;0
26;2025-12-02;1;0
26;2025-12-02;2;0
26;2025-12-02;3;0
26;2025-12-02;4;0
26;2025-12-02;5;0
26;2025-12-02;6;0
26;2025-12-02;7;0
26;2025-12-02;8;0
26;2025-12-02;9;0
26;2025-12-02;10;0
26;2025-12-02;11;0
26;2025-12-02;12;0
26;2025-12-02;13;0
26;2025-12-02;14;0
26;2025-12-02;15;0
26;2025-12-02;16;0
26;2025-12-02;17;0
26;2025-12-02;18;0
26;2025-12-02;19;0
26;2025-12-02;20;0
26;2025-12-02;21;0
26;2025-12-02;22;0
26;2025-12-02;23;0
26;2025-12-03;0;0
26;2025-12-03;1;0
26;2025-12-03;2;0
26;2025-12-03;3;0
26;2025-12-03;4;0
26;2025-12-03;5;0
26;2025-12-03;6;0
26;2025-12-03;7;0
26;2025-12-03;8;0
26;2025-12-03;9;0
26;2025-12-03;10;0
26;2025-12-03;11;0
26;2025-12-03;12;0
26;2025-12-03;13;0
26;2025-12-03;14;0
26;2025-12-03;15;0
26;2025-12-03;16;0
26;2025-12-03;17;0
26;2025-12-03;18;0
26;2025-12-03;19;0
26;2025-12-03;20;0
26;2025-12-03;21;0
26;2025-12-03;22;0
26;2025-12-03;23;0
26;2025-12-04;0;0
26;2025-12-04;1;0
26;2025-12-04;2;0
26;2025-12-04;3;0
26;2025-12-04;4;0
26;2025-12-04;5;0
26;2025-12-04;6;0
26;2025-12-04;7;0
26;2025-12-04;8;0
26;2025-12-04;9;0
26;2025-12-04;10;0
26;2025-12-04;11;0
26;2025-12-04;12;0
26;2025-12-04;13;0
26;2025-12-04;14;0
26;2025-12-04;15;0
26;2025-12-04;16;0
26;2025-12-04;17;0
26;2025-12-04;18;0
26;2025-12-04;19;0
26;2025-12-04;20;0
26;2025-12-04;21;0
26;2025-12-04;22;0
26;2025-12-04;23;0
26;2025-12-05;0;0
26;2025-12-05;1;0
26;2025-12-05;2;0
26;2025-12-05;3;0
26;2025-12-05;4;0
26;2025-12-05;5;0
26;2025-12-05;6;0
26;2025-12-05;7;0
26;2025-12-05;8;0
26;2025-12-05;9;0
26;2025-12-05;10;0
26;2025-12-05;11;0
26;2025-12-05;12;0
26;2025-12-05;13;0
26;2025-12-05;14;0
26;2025-12-05;15;0
26;2025-12-05;16;0
26;2025-12-05;17;0
26;2025-12-05;18;0
26;2025-12-05;19;0
26;2025-12-05;20;0
26;2025-12-05;21;0
26;2025-12-05;22;0
26;2025-12-05;23;0
26;2025-12-06;0;0
26;2025-12-06;1;0
26;2025-12-06;2;0
26;2025-12-06;3;0
26;2025-12-06;4;0
26;2025-12-06;5;0
26;2025-12-06;6;0
26;2025-12-06;7;0
26;2025-12-06;8;0
26;2025-12-06;9;0
26;2025-12-06;10;0
26;2025-12-06;11;0
26;2025-12-06;12;0
26;2025-12-06;13;0
26;2025-12-06;14;0
26;2025-12-06;15;0
26;2025-12-06;16;0
26;2025-12-06;17;0
26;2025-12-06;18;0
26;2025-12-06;19;0
26;2025-12-06;20;0
26;2025-12-06;21;0
26;2025-12-06;22;0
26;2025-12-06;23;0
26;2025-12-07;0;0
26;2025-12-07;1;0
26;2025-12-07;2;0
26;2025-12-07;3;0
26;2025-12-07;4;0
26;2025-12-07;5;0
26;2025-12-07;6;0
26;2025-12-07;7;0
26;2025-12-07;8;0
26;2025-12-07;9;0
26;2025-12-07;10;0
26;2025-12-07;11;0
26;2025-12-07;12;0
26;2025-12-07;13;0
26;2025-12-07;14;0
26;2025-12-07;15;0
26;2025-12-07;16;0
26;2025-12-07;17;0
26;2025-12-07;18;0
26;2025-12-07;19;0
26;2025-12-07;20;0
26;2025-12-07;21;0
26;2025-12-07;22;0
26;2025-12-07;23;0
26;2025-12-08;0;0
26;2025-12-08;1;0
26;2025-12-08;2;0
26;2025-12-08;3;0
26;2025-12-08;4;0
26;2025-12-08;5;0
26;2025-12-08;6;0
26;2025-12-08;7;0
26;2025-12-08;8;0
26;2025-12-08;9;0
26;2025-12-08;10;0
26;2025-12-08;11;0
26;2025-12-08;12;0
26;2025-12-08;13;0
26;2025-12-08;14;0
26;2025-12-08;15;0
26;2025-12-08;16;0
26;2025-12-08;17;0
26;2025-12-08;18;0
26;2025-12-08;19;0
26;2025-12-08;20;0
26;2025-12-08;21;0
26;2025-12-08;22;0
26;2025-12-08;23;0
26;2025-12-09;0;0
26;2025-12-09;1;0
26;2025-12-09;2;0
26;2025-12-09;3;0
26;2025-12-09;4;0
26;2025-12-09;5;0
26;2025-12-09;6;0
26;2025-12-09;7;0
26;2025-12-09;8;0
26;2025-12-09;9;0
26;2025-12-09;10;0
26;2025-12-09;11;0
26;2025-12-09;12;0
26;2025-12-09;13;0
26;2025-12-09;14;0
26;2025-12-09;15;0
26;2025-12-09;16;0
26;2025-12-09;17;0
26;2025-12-09;18;0
26;2025-12-09;19;0
26;2025-12-09;20;0
26;2025-12-09;21;0
26;2025-12-09;22;0
26;2025-12-09;23;0
26;2025-12-10;0;0
26;2025-12-10;1;0
26;2025-12-10;2;0
26;2025-12-10;3;0
26;2025-12-10;4;0
26;2025-12-10;5;0
26;2025-12-10;6;0
26;2025-12-10;7;0
26;2025-12-10;8;0
26;2025-12-10;9;0
26;2025-12-10;10;0
26;2025-12-10;11;0
26;2025-12-10;12;0
26;2025-12-10;13;0
26;2025-12-10;14;0
26;2025-12-10;15;0
26;2025-12-10;16;0
26;2025-12-10;17;0
26;2025-12-10;18;0
26;2025-12-10;19;0
26;2025-12-10;20;0
26;2025-12-10;21;0
26;2025-12-10;22;0
26;2025-12-10;23;0
26;2025-12-11;0;0
26;2025-12-11;1;0
26;2025-12-11;2;0
26;2025-12-11;3;0
26;2025-12-11;4;0
26;2025-12-11;5;0
26;2025-12-11;6;0
26;2025-12-11;7;0
26;2025-12-11;8;0
26;2025-12-11;9;0
26;2025-12-11;10;0
26;2025-12-11;11;0
26;2025-12-11;12;0
26;2025-12-11;13;0
26;2025-12-11;14;0
26;2025-12-11;15;0
26;2025-12-11;16;0
26;2025-12-11;17;0
26;2025-12-11;18;0
26;2025-12-11;19;0
26;2025-12-11;20;0
26;2025-12-11;21;0
26;2025-12-11;22;0
26;2025-12-11;23;0
26;2025-12-12;0;0
26;2025-12-12;1;0
26;2025-12-12;2;0
26;2025-12-12;3;0
26;2025-12-12;4;0
26;2025-12-12;5;0
26;2025-12-12;6;0
26;2025-12-12;7;0
26;2025-12-12;8;0
26;2025-12-12;9;0
26;2025-12-12;10;0
26;2025-12-12;11;0
26;2025-12-12;12;0
26;2025-12-12;13;0
26;2025-12-12;14;0
26;2025-12-12;15;0
26;2025-12-12;16;0
26;2025-12-12;17;0
26;2025-12-12;18;0
26;2025-12-12;19;0
26;2025-12-12;20;0
26;2025-12-12;21;0
26;2025-12-12;22;0
26;2025-12-12;23;0
26;2025-12-13;0;0
26;2025-12-13;1;0
26;2025-12-13;2;0
26;2025-12-13;3;0
26;2025-12-13;4;0
26;2025-12-13;5;0
26;2025-12-13;6;0
26;2025-12-13;7;0
26;2025-12-13;8;0
26;2025-12-13;9;0
26;2025-12-13;10;0
26;2025-12-13;11;0
26;2025-12-13;12;0
26;2025-12-13;13;0
26;2025-12-13;14;0
26;2025-12-13;15;0
26;2025-12-13;16;0
26;2025-12-13;17;0
26;2025-12-13;18;0
26;2025-12-13;19;0
26;2025-12-13;20;0
26;2025-12-13;21;0
26;2025-12-13;22;0
26;2025-12-13;23;0
26;2025-12-14;0;0
26;2025-12-14;1;0
26;2025-12-14;2;0
26;2025-12-14;3;0
26;2025-12-14;4;0
26;2025-12-14;5;0
26;2025-12-14;6;0
26;2025-12-14;7;0
26;2025-12-14;8;0
26;2025-12-14;9;0
26;2025-12-14;10;0
26;2025-12-14;11;0
26;2025-12-14;12;0
26;2025-12-14;13;0
26;2025-12-14;14;0
26;2025-12-14;15;0
26;2025-12-14;16;0
26;2025-12-14;17;0
26;2025-12-14;18;0
26;2025-12-14;19;0
26;2025-12-14;20;0
26;2025-12-14;21;0
26;2025-12-14;22;0
26;2025-12-14;23;0
26;2025-12-15;0;0
26;2025-12-15;1;0
26;2025-12-15;2;0
26;2025-12-15;3;0
26;2025-12-15;4;0
26;2025-12-15;5;0
26;2025-12-15;6;0
26;2025-12-15;7;0
26;2025-12-15;8;0
26;2025-12-15;9;0
26;2025-12-15;10;0
26;2025-12-15;11;0
26;2025-12-15;12;0
26;2025-12-15;13;0
26;2025-12-15;14;0
26;2025-12-15;15;0
26;2025-12-15;16;0
26;2025-12-15;17;0
26;2025-12-15;18;0
26;2025-12-15;19;0
26;2025-12-15;20;0
26;2025-12-15;21;0
26;2025-12-15;22;0
26;2025-12-15;23;0
26;2025-12-16;0;0
26;2025-12-16;1;0
26;2025-12-16;2;0
26;2025-12-16;3;0
26;2025-12-16;4;0
26;2025-12-16;5;0
26;2025-12-16;6;0
26;2025-12-16;7;0
26;2025-12-16;8;0
26;2025-12-16;9;0
26;2025-12-16;10;0
26;2025-12-16;11;0
26;2025-12-16;12;0
26;2025-12-16;13;0
26;2025-12-16;14;0
26;2025-12-16;15;0
26;2025-12-16;16;0
26;2025-12-16;17;0
26;2025-12-16;18;0
26;2025-12-16;19;0
26;2025-12-16;20;0
26;2025-12-16;21;0
26;2025-12-16;22;0
26;2025-12-16;23;0
26;2025-12-17;0;0
26;2025-12-17;1;0
26;2025-12-17;2;0
26;2025-12-17;3;0
26;2025-12-17;4;0
26;2025-12-17;5;0
26;2025-12-17;6;0
26;2025-12-17;7;0
26;2025-12-17;8;0
26;2025-12-17;9;0
26;2025-12-17;10;0
26;2025-12-17;11;0
26;2025-12-17;12;0
26;2025-12-17;13;0
26;2025-12-17;14;0
26;2025-12-17;15;0
26;2025-12-17;16;0
26;2025-12-17;17;0
26;2025-12-17;18;0
26;2025-12-17;19;0
26;2025-12-17;20;0
26;2025-12-17;21;0
26;2025-12-17;22;0
26;2025-12-17;23;0
26;2025-12-18;0;0
26;2025-12-18;1;0
26;2025-12-18;2;0
26;2025-12-18;3;0
26;2025-12-18;4;0
26;2025-12-18;5;0
26;2025-12-18;6;0
26;2025-12-18;7;0
26;2025-12-18;8;0
26;2025-12-18;9;0
26;2025-12-18;10;0
26;2025-12-18;11;0
26;2025-12-18;12;0
26;2025-12-18;13;0
26;2025-12-18;14;0
26;2025-12-18;15;0
26;2025-12-18;16;0
26;2025-12-18;17;0
26;2025-12-18;18;0
26;2025-12-18;19;0
26;2025-12-18;20;0
26;2025-12-18;21;0
26;2025-12-18;22;0
26;2025-12-18;23;0
26;2025-12-19;0;0
26;2025-12-19;1;0
26;2025-12-19;2;0
26;2025-12-19;3;0
26;2025-12-19;4;0
26;2025-12-19;5;0
26;2025-12-19;6;0
26;2025-12-19;7;0
26;2025-12-19;8;0
26;2025-12-19;9;0
26;2025-12-19;10;0
26;2025-12-19;11;0
26;2025-12-19;12;0
26;2025-12-19;13;0
26;2025-12-19;14;0
26;2025-12-19;15;0
26;2025-12-19;16;0
26;2025-12-19;17;0
26;2025-12-19;18;0
26;2025-12-19;19;0
26;2025-12-19;20;0
26;2025-12-19;21;0
26;2025-12-19;22;0
26;2025-12-19;23;0
26;2025-12-20;0;0
26;2025-12-20;1;0
26;2025-12-20;2;0
26;2025-12-20;3;0
26;2025-12-20;4;0
26;2025-12-20;5;0
26;2025-12-20;6;0
26;2025-12-20;7;0
26;2025-12-20;8;0
26;2025-12-20;9;0
26;2025-12-20;10;0
26;2025-12-20;11;0
26;2025-12-20;12;0
26;2025-12-20;13;0
26;2025-12-20;14;0
26;2025-12-20;15;0
26;2025-12-20;16;0
26;2025-12-20;17;0
26;2025-12-20;18;0
26;2025-12-20;19;0
26;2025-12-20;20;0
26;2025-12-20;21;0
26;2025-12-20;22;0
26;2025-12-20;23;0
26;2025-12-21;0;0
26;2025-12-21;1;0
26;2025-12-21;2;0
26;2025-12-21;3;0
26;2025-12-21;4;0
26;2025-12-21;5;0
26;2025-12-21;6;0
26;2025-12-21;7;0
26;2025-12-21;8;0
26;2025-12-21;9;0
26;2025-12-21;10;0
26;2025-12-21;11;0
26;2025-12-21;12;0
26;2025-12-21;13;0
26;2025-12-21;14;0
26;2025-12-21;15;0
26;2025-12-21;16;0
26;2025-12-21;17;0
26;2025-12-21;18;0
26;2025-12-21;19;0
26;2025-12-21;20;0
26;2025-12-21;21;0
26;2025-12-21;22;0
26;2025-12-21;23;0
26;2025-12-22;0;0
26;2025-12-22;1;0
26;2025-12-22;2;0
26;2025-12-22;3;0
26;2025-12-22;4;0
26;2025-12-22;5;0
26;2025-12-22;6;0
26;2025-12-22;7;0
26;2025-12-22;8;0
26;2025-12-22;9;0
26;2025-12-22;10;0
26;2025-12-22;11;0
26;2025-12-22;12;0
26;2025-12-22;13;0
26;2025-12-22;14;0
26;2025-12-22;15;0
26;2025-12-22;16;0
26;2025-12-22;17;0
26;2025-12-22;18;0
26;2025-12-22;19;0
26;2025-12-22;20;0
26;2025-12-22;21;0
26;2025-12-22;22;0
26;2025-12-22;23;0
26;2025-12-23;0;0
26;2025-12-23;1;0
26;2025-12-23;2;0
26;2025-12-23;3;0
26;2025-12-23;4;0
26;2025-12-23;5;0
26;2025-12-23;6;0
26;2025-12-23;7;0
26;2025-12-23;8;0
26;2025-12-23;9;0
26;2025-12-23;10;0
26;2025-12-23;11;0
26;2025-12-23;12;0
26;2025-12-23;13;0
26;2025-12-23;14;0
26;2025-12-23;15;0
26;2025-12-23;16;0
26;2025-12-23;17;0
26;2025-12-23;18;0
26;2025-12-23;19;0
26;2025-12-23;20;0
26;2025-12-23;21;0
26;2025-12-23;22;0
26;2025-12-23;23;0
26;2025-12-24;0;0
26;2025-12-24;1;0
26;2025-12-24;2;0
26;2025-12-24;3;0
26;2025-12-24;4;0
26;2025-12-24;5;0
26;2025-12-24;6;0
26;2025-12-24;7;0
26;2025-12-24;8;0
26;2025-12-24;9;0
26;2025-12-24;10;0
26;2025-12-24;11;0
26;2025-12-24;12;0
26;2025-12-24;13;0
26;2025-12-24;14;0
26;2025-12-24;15;0
26;2025-12-24;16;0
26;2025-12-24;17;0
26;2025-12-24;18;0
26;2025-12-24;19;0
26;2025-12-24;20;0
26;2025-12-24;21;0
26;2025-12-24;22;0
26;2025-12-24;23;0
26;2025-12-25;0;0
26;2025-12-25;1;0
26;2025-12-25;2;0
26;2025-12-25;3;0
26;2025-12-25;4;0
26;2025-12-25;5;0
26;2025-12-25;6;0
26;2025-12-25;7;0
26;2025-12-25;8;0
26;2025-12-25;9;0
26;2025-12-25;10;0
26;2025-12-25;11;0
26;2025-12-25;12;0
26;2025-12-25;13;0
26;2025-12-25;14;0
26;2025-12-25;15;0
26;2025-12-25;16;0
26;2025-12-25;17;0
26;2025-12-25;18;0
26;2025-12-25;19;0
26;2025-12-25;20;0
26;2025-12-25;21;0
26;2025-12-25;22;0
26;2025-12-25;23;0
26;2025-12-26;0;0
26;2025-12-26;1;0
26;2025-12-26;2;0
26;2025-12-26;3;0
26;2025-12-26;4;0
26;2025-12-26;5;0
26;2025-12-26;6;0
26;2025-12-26;7;0
26;2025-12-26;8;0
26;2025-12-26;9;0
26;2025-12-26;10;0
26;2025-12-26;11;0
26;2025-12-26;12;0
26;2025-12-26;13;0
26;2025-12-26;14;0
26;2025-12-26;15;0
26;2025-12-26;16;0
26;2025-12-26;17;0
26;2025-12-26;18;0
26;2025-12-26;19;0
26;2025-12-26;20;0
26;2025-12-26;21;0
26;2025-12-26;22;0
26;2025-12-26;23;0
26;2025-12-27;0;0
26;2025-12-27;1;0
26;2025-12-27;2;0
26;2025-12-27;3;0
26;2025-12-27;4;0
26;2025-12-27;5;0
26;2025-12-27;6;0
26;2025-12-27;7;0
26;2025-12-27;8;0
26;2025-12-27;9;0
26;2025-12-27;10;0
26;2025-12-27;11;0
26;2025-12-27;12;0
26;2025-12-27;13;0
26;2025-12-27;14;0
26;2025-12-27;15;0
26;2025-12-27;16;0
26;2025-12-27;17;0
26;2025-12-27;18;0
26;2025-12-27;19;0
26;2025-12-27;20;0
26;2025-12-27;21;0
26;2025-12-27;22;0
26;2025-12-27;23;0
26;2025-12-28;0;0
26;2025-12-28;1;0
26;2025-12-28;2;0
26;2025-12-28;3;0
26;2025-12-28;4;0
26;2025-12-28;5;0
26;2025-12-28;6;0
26;2025-12-28;7;0
26;2025-12-28;8;0
26;2025-12-28;9;0
26;2025-12-28;10;0
26;2025-12-28;11;0
26;2025-12-28;12;0
26;2025-12-28;13;0
26;2025-12-28;14;0
26;2025-12-28;15;0
26;2025-12-28;16;0
26;2025-12-28;17;0
26;2025-12-28;18;0
26;2025-12-28;19;0
26;2025-12-28;20;0
26;2025-12-28;21;0
26;2025-12-28;22;0
26;2025-12-28;23;0
26;2025-12-29;0;0
26;2025-12-29;1;0
26;2025-12-29;2;0
26;2025-12-29;3;0
26;2025-12-29;4;0
26;2025-12-29;5;0
26;2025-12-29;6;0
26;2025-12-29;7;0
26;2025-12-29;8;0
26;2025-12-29;9;0
26;2025-12-29;10;0
26;2025-12-29;11;0
26;2025-12-29;12;0
26;2025-12-29;13;0
26;2025-12-29;14;0
26;2025-12-29;15;0
26;2025-12-29;16;0
26;2025-12-29;17;0
26;2025-12-29;18;0
26;2025-12-29;19;0
26;2025-12-29;20;0
26;2025-12-29;21;0
26;2025-12-29;22;0
26;2025-12-29;23;0
26;2025-12-30;0;0
26;2025-12-30;1;0
26;2025-12-30;2;0
26;2025-12-30;3;0
26;2025-12-30;4;0
26;2025-12-30;5;0
26;2025-12-30;6;0
26;2025-12-30;7;0
26;2025-12-30;8;0
26;2025-12-30;9;0
26;2025-12-30;10;0
26;2025-12-30;11;0
26;2025-12-30;12;0
26;2025-12-30;13;0
26;2025-12-30;14;0
26;2025-12-30;15;0
26;2025-12-30;16;0
26;2025-12-30;17;0
26;2025-12-30;18;0
26;2025-12-30;19;0
26;2025-12-30;20;0
26;2025-12-30;21;0
26;2025-12-30;22;0
26;2025-12-30;23;0
26;2025-12-31;0;0
26;2025-12-31;1;0
26;2025-12-31;2;0
26;2025-12-31;3;0
26;2025-12-31;4;0
26;2025-12-31;5;0
26;2025-12-31;6;0
26;2025-12-31;7;0
26;2025-12-31;8;0
26;2025-12-31;9;0
26;2025-12-31;10;0
26;2025-12-31;11;0
26;2025-12-31;12;0
26;2025-12-31;13;0
26;2025-12-31;14;0
26;2025-12-31;15;0
26;2025-12-31;16;0
26;2025-12-31;17;0
26;2025-12-31;18;0
26;2025-12-31;19;0
26;2025-12-31;20;0
26;2025-12-31;21;0
26;2025-12-31;22;0
26;2025-12-31;23;0
28;2025-11-01;0;0
28;2025-11-01;1;0
28;2025-11-01;2;0
28;2025-11-01;3;0
28;2025-11-01;4;0
28;2025-11-01;5;0
28;2025-11-01;6;0
28;2025-11-01;7;0
28;2025-11-01;8;0
28;2025-11-01;9;0
28;2025-11-01;10;0
28;2025-11-01;11;0
28;2025-11-01;12;0
28;2025-11-01;13;0
28;2025-11-01;14;0
28;2025-11-01;15;0
28;2025-11-01;16;0
28;2025-11-01;17;0
28;2025-11-01;18;0
28;2025-11-01;19;0
28;2025-11-01;20;0
28;2025-11-01;21;0
28;2025-11-01;22;0
28;2025-11-01;23;0
28;2025-11-02;0;0
28;2025-11-02;1;0
28;2025-11-02;2;0
28;2025-11-02;3;0
28;2025-11-02;4;0
28;2025-11-02;5;0
28;2025-11-02;6;0
28;2025-11-02;7;0
28;2025-11-02;8;0
28;2025-11-02;9;0
28;2025-11-02;10;0
28;2025-11-02;11;0
28;2025-11-02;12;0
28;2025-11-02;13;0
28;2025-11-02;14;0
28;2025-11-02;15;0
28;2025-11-02;16;0
28;2025-11-02;17;0
28;2025-11-02;18;0
28;2025-11-02;19;0
28;2025-11-02;20;0
28;2025-11-02;21;0
28;2025-11-02;22;0
28;2025-11-02;23;0
28;2025-11-03;0;0
28;2025-11-03;1;0
28;2025-11-03;2;0
28;2025-11-03;3;0
28;2025-11-03;4;0
28;2025-11-03;5;0
28;2025-11-03;6;0
28;2025-11-03;7;0
28;2025-11-03;8;0
28;2025-11-03;9;0
28;2025-11-03;10;0
28;2025-11-03;11;0
28;2025-11-03;12;0
28;2025-11-03;13;0
28;2025-11-03;14;0
28;2025-11-03;15;0
28;2025-11-03;16;0
28;2025-11-03;17;0
28;2025-11-03;18;0
28;2025-11-03;19;0
28;2025-11-03;20;0
28;2025-11-03;21;0
28;2025-11-03;22;0
28;2025-11-03;23;0
28;2025-11-04;0;0
28;2025-11-04;1;0
28;2025-11-04;2;0
28;2025-11-04;3;0
28;2025-11-04;4;0
28;2025-11-04;5;0
28;2025-11-04;6;0
28;2025-11-04;7;0
28;2025-11-04;8;0
28;2025-11-04;9;0
28;2025-11-04;10;0
28;2025-11-04;11;0
28;2025-11-04;12;0
28;2025-11-04;13;0
28;2025-11-04;14;0
28;2025-11-04;15;0
28;2025-11-04;16;0
28;2025-11-04;17;0
28;2025-11-04;18;0
28;2025-11-04;19;0
28;2025-11-04;20;0
28;2025-11-04;21;0
28;2025-11-04;22;0
28;2025-11-04;23;0
28;2025-11-05;0;0
28;2025-11-05;1;0
28;2025-11-05;2;0
28;2025-11-05;3;0
28;2025-11-05;4;0
28;2025-11-05;5;0
28;2025-11-05;6;0
28;2025-11-05;7;0
28;2025-11-05;8;0
28;2025-11-05;9;0
28;2025-11-05;10;0
28;2025-11-05;11;0
28;2025-11-05;12;0
28;2025-11-05;13;0
28;2025-11-05;14;0
28;2025-11-05;15;0
28;2025-11-05;16;0
28;2025-11-05;17;0
28;2025-11-05;18;0
28;2025-11-05;19;0
28;2025-11-05;20;0
28;2025-11-05;21;0
28;2025-11-05;22;0
28;2025-11-05;23;0
28;2025-11-06;0;0
28;2025-11-06;1;0
28;2025-11-06;2;0
28;2025-11-06;3;0
28;2025-11-06;4;0
28;2025-11-06;5;0
28;2025-11-06;6;0
28;2025-11-06;7;0
28;2025-11-06;8;0
28;2025-11-06;9;0
28;2025-11-06;10;0
28;2025-11-06;11;0
28;2025-11-06;12;0
28;2025-11-06;13;0
28;2025-11-06;14;0
28;2025-11-06;15;0
28;2025-11-06;16;0
28;2025-11-06;17;0
28;2025-11-06;18;0
28;2025-11-06;19;0
28;2025-11-06;20;0
28;2025-11-06;21;0
28;2025-11-06;22;0
28;2025-11-06;23;0
28;2025-11-07;0;0
28;2025-11-07;1;0
28;2025-11-07;2;0
28;2025-11-07;3;0
28;2025-11-07;4;0
28;2025-11-07;5;0
28;2025-11-07;6;0
28;2025-11-07;7;0
28;2025-11-07;8;0
28;2025-11-07;9;0
28;2025-11-07;10;0
28;2025-11-07;11;0
28;2025-11-07;12;0
28;2025-11-07;13;0
28;2025-11-07;14;0
28;2025-11-07;15;0
28;2025-11-07;16;0
28;2025-11-07;17;0
28;2025-11-07;18;0
28;2025-11-07;19;0
28;2025-11-07;20;0
28;2025-11-07;21;0
28;2025-11-07;22;0
28;2025-11-07;23;0
28;2025-11-08;0;0
28;2025-11-08;1;0
28;2025-11-08;2;0
28;2025-11-08;3;0
28;2025-11-08;4;0
28;2025-11-08;5;0
28;2025-11-08;6;0
28;2025-11-08;7;0
28;2025-11-08;8;0
28;2025-11-08;9;0
28;2025-11-08;10;0
28;2025-11-08;11;0
28;2025-11-08;12;0
28;2025-11-08;13;0
28;2025-11-08;14;0
28;2025-11-08;15;0
28;2025-11-08;16;0
28;2025-11-08;17;0
28;2025-11-08;18;0
28;2025-11-08;19;0
28;2025-11-08;20;0
28;2025-11-08;21;0
28;2025-11-08;22;0
28;2025-11-08;23;0
28;2025-11-09;0;0
28;2025-11-09;1;0
28;2025-11-09;2;0
28;2025-11-09;3;0
28;2025-11-09;4;0
28;2025-11-09;5;0
28;2025-11-09;6;0
28;2025-11-09;7;0
28;2025-11-09;8;0
28;2025-11-09;9;0
28;2025-11-09;10;0
28;2025-11-09;11;0
28;2025-11-09;12;0
28;2025-11-09;13;0
28;2025-11-09;14;0
28;2025-11-09;15;0
28;2025-11-09;16;0
28;2025-11-09;17;0
28;2025-11-09;18;0
28;2025-11-09;19;0
28;2025-11-09;20;0
28;2025-11-09;21;0
28;2025-11-09;22;0
28;2025-11-09;23;0
28;2025-11-10;0;0
28;2025-11-10;1;0
28;2025-11-10;2;0
28;2025-11-10;3;0
28;2025-11-10;4;0
28;2025-11-10;5;0
28;2025-11-10;6;0
28;2025-11-10;7;0
28;2025-11-10;8;0
28;2025-11-10;9;0
28;2025-11-10;10;0
28;2025-11-10;11;0
28;2025-11-10;12;0
28;2025-11-10;13;0
28;2025-11-10;14;0
28;2025-11-10;15;0
28;2025-11-10;16;0
28;2025-11-10;17;0
28;2025-11-10;18;0
28;2025-11-10;19;0
28;2025-11-10;20;0
28;2025-11-10;21;0
28;2025-11-10;22;0
28;2025-11-10;23;0
28;2025-11-11;0;0
28;2025-11-11;1;0
28;2025-11-11;2;0
28;2025-11-11;3;0
28;2025-11-11;4;0
28;2025-11-11;5;0
28;2025-11-11;6;0
28;2025-11-11;7;0
28;2025-11-11;8;0
28;2025-11-11;9;0
28;2025-11-11;10;0
28;2025-11-11;11;0
28;2025-11-11;12;0
28;2025-11-11;13;0
28;2025-11-11;14;0
28;2025-11-11;15;0
28;2025-11-11;16;0
28;2025-11-11;17;0
28;2025-11-11;18;0
28;2025-11-11;19;0
28;2025-11-11;20;0
28;2025-11-11;21;0
28;2025-11-11;22;0
28;2025-11-11;23;0
28;2025-11-12;0;0
28;2025-11-12;1;0
28;2025-11-12;2;0
28;2025-11-12;3;0
28;2025-11-12;4;0
28;2025-11-12;5;0
28;2025-11-12;6;0
28;2025-11-12;7;0
28;2025-11-12;8;0
28;2025-11-12;9;0
28;2025-11-12;10;0
28;2025-11-12;11;0
28;2025-11-12;12;0
28;2025-11-12;13;0
28;2025-11-12;14;0
28;2025-11-12;15;0
28;2025-11-12;16;0
28;2025-11-12;17;0
28;2025-11-12;18;0
28;2025-11-12;19;0
28;2025-11-12;20;0
28;2025-11-12;21;0
28;2025-11-12;22;0
28;2025-11-12;23;0
28;2025-11-13;0;0
28;2025-11-13;1;0
28;2025-11-13;2;0
28;2025-11-13;3;0
28;2025-11-13;4;0
28;2025-11-13;5;0
28;2025-11-13;6;0
28;2025-11-13;7;0
28;2025-11-13;8;0
28;2025-11-13;9;0
28;2025-11-13;10;0
28;2025-11-13;11;0
28;2025-11-13;12;0
28;2025-11-13;13;0
28;2025-11-13;14;0
28;2025-11-13;15;0
28;2025-11-13;16;0
28;2025-11-13;17;0
28;2025-11-13;18;0
28;2025-11-13;19;0
28;2025-11-13;20;0
28;2025-11-13;21;0
28;2025-11-13;22;0
28;2025-11-13;23;0
28;2025-11-14;0;0
28;2025-11-14;1;0
28;2025-11-14;2;0
28;2025-11-14;3;0
28;2025-11-14;4;0
28;2025-11-14;5;0
28;2025-11-14;6;0
28;2025-11-14;7;0
28;2025-11-14;8;0
28;2025-11-14;9;0
28;2025-11-14;10;0
28;2025-11-14;11;0
28;2025-11-14;12;0
28;2025-11-14;13;0
28;2025-11-14;14;0
28;2025-11-14;15;0
28;2025-11-14;16;0
28;2025-11-14;17;0
28;2025-11-14;18;0
28;2025-11-14;19;0
28;2025-11-14;20;0
28;2025-11-14;21;0
28;2025-11-14;22;0
28;2025-11-14;23;0
28;2025-11-15;0;0
28;2025-11-15;1;0
28;2025-11-15;2;0
28;2025-11-15;3;0
28;2025-11-15;4;0
28;2025-11-15;5;0
28;2025-11-15;6;0
28;2025-11-15;7;0
28;2025-11-15;8;0
28;2025-11-15;9;0
28;2025-11-15;10;0
28;2025-11-15;11;0
28;2025-11-15;12;0
28;2025-11-15;13;0
28;2025-11-15;14;0
28;2025-11-15;15;0
28;2025-11-15;16;0
28;2025-11-15;17;0
28;2025-11-15;18;0
28;2025-11-15;19;0
28;2025-11-15;20;0
28;2025-11-15;21;0
28;2025-11-15;22;0
28;2025-11-15;23;0
28;2025-11-16;0;0
28;2025-11-16;1;0
28;2025-11-16;2;0
28;2025-11-16;3;0
28;2025-11-16;4;0
28;2025-11-16;5;0
28;2025-11-16;6;0
28;2025-11-16;7;0
28;2025-11-16;8;0
28;2025-11-16;9;0
28;2025-11-16;10;0
28;2025-11-16;11;0
28;2025-11-16;12;0
28;2025-11-16;13;0
28;2025-11-16;14;0
28;2025-11-16;15;0
28;2025-11-16;16;0
28;2025-11-16;17;0
28;2025-11-16;18;0
28;2025-11-16;19;0
28;2025-11-16;20;0
28;2025-11-16;21;0
28;2025-11-16;22;0
28;2025-11-16;23;0
28;2025-11-17;0;0
28;2025-11-17;1;0
28;2025-11-17;2;0
28;2025-11-17;3;0
28;2025-11-17;4;0
28;2025-11-17;5;0
28;2025-11-17;6;0
28;2025-11-17;7;0
28;2025-11-17;8;0
28;2025-11-17;9;0
28;2025-11-17;10;0
28;2025-11-17;11;0
28;2025-11-17;12;0
28;2025-11-17;13;0
28;2025-11-17;14;0
28;2025-11-17;15;0
28;2025-11-17;16;0
28;2025-11-17;17;0
28;2025-11-17;18;0
28;2025-11-17;19;0
28;2025-11-17;20;0
28;2025-11-17;21;0
28;2025-11-17;22;0
28;2025-11-17;23;0
28;2025-11-18;0;0
28;2025-11-18;1;0
28;2025-11-18;2;0
28;2025-11-18;3;0
28;2025-11-18;4;0
28;2025-11-18;5;0
28;2025-11-18;6;0
28;2025-11-18;7;0
28;2025-11-18;8;0
28;2025-11-18;9;0
28;2025-11-18;10;0
28;2025-11-18;11;0
28;2025-11-18;12;0
28;2025-11-18;13;0
28;2025-11-18;14;0
28;2025-11-18;15;0
28;2025-11-18;16;0
28;2025-11-18;17;0
28;2025-11-18;18;0
28;2025-11-18;19;0
28;2025-11-18;20;0
28;2025-11-18;21;0
28;2025-11-18;22;0
28;2025-11-18;23;0
28;2025-11-19;0;0
28;2025-11-19;1;0
28;2025-11-19;2;0
28;2025-11-19;3;0
28;2025-11-19;4;0
28;2025-11-19;5;0
28;2025-11-19;6;0
28;2025-11-19;7;0
28;2025-11-19;8;0
28;2025-11-19;9;0
28;2025-11-19;10;0
28;2025-11-19;11;0
28;2025-11-19;12;0
28;2025-11-19;13;0
28;2025-11-19;14;0
28;2025-11-19;15;0
28;2025-11-19;16;0
28;2025-11-19;17;0
28;2025-11-19;18;0
28;2025-11-19;19;0
28;2025-11-19;20;0
28;2025-11-19;21;0
28;2025-11-19;22;0
28;2025-11-19;23;0
28;2025-11-20;0;0
28;2025-11-20;1;0
28;2025-11-20;2;0
28;2025-11-20;3;0
28;2025-11-20;4;0
28;2025-11-20;5;0
28;2025-11-20;6;0
28;2025-11-20;7;0
28;2025-11-20;8;0
28;2025-11-20;9;0
28;2025-11-20;10;0
28;2025-11-20;11;0
28;2025-11-20;12;0
28;2025-11-20;13;0
28;2025-11-20;14;0
28;2025-11-20;15;0
28;2025-11-20;16;0
28;2025-11-20;17;0
28;2025-11-20;18;0
28;2025-11-20;19;0
28;2025-11-20;20;0
28;2025-11-20;21;0
28;2025-11-20;22;0
28;2025-11-20;23;0
28;2025-11-21;0;0
28;2025-11-21;1;0
28;2025-11-21;2;0
28;2025-11-21;3;0
28;2025-11-21;4;0
28;2025-11-21;5;0
28;2025-11-21;6;0
28;2025-11-21;7;0
28;2025-11-21;8;0
28;2025-11-21;9;0
28;2025-11-21;10;0
28;2025-11-21;11;0
28;2025-11-21;12;0
28;2025-11-21;13;0
28;2025-11-21;14;0
28;2025-11-21;15;0
28;2025-11-21;16;0
28;2025-11-21;17;0
28;2025-11-21;18;0
28;2025-11-21;19;0
28;2025-11-21;20;0
28;2025-11-21;21;0
28;2025-11-21;22;0
28;2025-11-21;23;0
28;2025-11-22;0;0
28;2025-11-22;1;0
28;2025-11-22;2;0
28;2025-11-22;3;0
28;2025-11-22;4;0
28;2025-11-22;5;0
28;2025-11-22;6;0
28;2025-11-22;7;0
28;2025-11-22;8;0
28;2025-11-22;9;0
28;2025-11-22;10;0
28;2025-11-22;11;0
28;2025-11-22;12;0
28;2025-11-22;13;0
28;2025-11-22;14;0
28;2025-11-22;15;0
28;2025-11-22;16;0
28;2025-11-22;17;0
28;2025-11-22;18;0
28;2025-11-22;19;0
28;2025-11-22;20;0
28;2025-11-22;21;0
28;2025-11-22;22;0
28;2025-11-22;23;0
28;2025-11-23;0;0
28;2025-11-23;1;0
28;2025-11-23;2;0
28;2025-11-23;3;0
28;2025-11-23;4;0
28;2025-11-23;5;0
28;2025-11-23;6;0
28;2025-11-23;7;0
28;2025-11-23;8;0
28;2025-11-23;9;0
28;2025-11-23;10;0
28;2025-11-23;11;0
28;2025-11-23;12;0
28;2025-11-23;13;0
28;2025-11-23;14;0
28;2025-11-23;15;0
28;2025-11-23;16;0
28;2025-11-23;17;0
28;2025-11-23;18;0
28;2025-11-23;19;0
28;2025-11-23;20;0
28;2025-11-23;21;0
28;2025-11-23;22;0
28;2025-11-23;23;0
28;2025-11-24;0;0
28;2025-11-24;1;0
28;2025-11-24;2;0
28;2025-11-24;3;0
28;2025-11-24;4;0
28;2025-11-24;5;0
28;2025-11-24;6;0
28;2025-11-24;7;0
28;2025-11-24;8;0
28;2025-11-24;9;0
28;2025-11-24;10;0
28;2025-11-24;11;0
28;2025-11-24;12;0
28;2025-11-24;13;0
28;2025-11-24;14;0
28;2025-11-24;15;0
28;2025-11-24;16;0
28;2025-11-24;17;0
28;2025-11-24;18;0
28;2025-11-24;19;0
28;2025-11-24;20;0
28;2025-11-24;21;0
28;2025-11-24;22;0
28;2025-11-24;23;0
28;2025-11-25;0;0
28;2025-11-25;1;0
28;2025-11-25;2;0
28;2025-11-25;3;0
28;2025-11-25;4;0
28;2025-11-25;5;0
28;2025-11-25;6;0
28;2025-11-25;7;0
28;2025-11-25;8;0
28;2025-11-25;9;0
28;2025-11-25;10;0
28;2025-11-25;11;0
28;2025-11-25;12;0
28;2025-11-25;13;0
28;2025-11-25;14;0
28;2025-11-25;15;0
28;2025-11-25;16;0
28;2025-11-25;17;0
28;2025-11-25;18;0
28;2025-11-25;19;0
28;2025-11-25;20;0
28;2025-11-25;21;0
28;2025-11-25;22;0
28;2025-11-25;23;0
28;2025-11-26;0;0
28;2025-11-26;1;0
28;2025-11-26;2;0
28;2025-11-26;3;0
28;2025-11-26;4;0
28;2025-11-26;5;0
28;2025-11-26;6;0
28;2025-11-26;7;0
28;2025-11-26;8;0
28;2025-11-26;9;0
28;2025-11-26;10;0
28;2025-11-26;11;0
28;2025-11-26;12;0
28;2025-11-26;13;0
28;2025-11-26;14;0
28;2025-11-26;15;0
28;2025-11-26;16;0
28;2025-11-26;17;0
28;2025-11-26;18;0
28;2025-11-26;19;0
28;2025-11-26;20;0
28;2025-11-26;21;0
28;2025-11-26;22;0
28;2025-11-26;23;0
28;2025-11-27;0;0
28;2025-11-27;1;0
28;2025-11-27;2;0
28;2025-11-27;3;0
28;2025-11-27;4;0
28;2025-11-27;5;0
28;2025-11-27;6;0
28;2025-11-27;7;0
28;2025-11-27;8;0
28;2025-11-27;9;0
28;2025-11-27;10;0
28;2025-11-27;11;0
28;2025-11-27;12;0
28;2025-11-27;13;0
28;2025-11-27;14;0
28;2025-11-27;15;0
28;2025-11-27;16;0
28;2025-11-27;17;0
28;2025-11-27;18;0
28;2025-11-27;19;0
28;2025-11-27;20;0
28;2025-11-27;21;0
28;2025-11-27;22;0
28;2025-11-27;23;0
28;2025-11-28;0;0
28;2025-11-28;1;0
28;2025-11-28;2;0
28;2025-11-28;3;0
28;2025-11-28;4;0
28;2025-11-28;5;0
28;2025-11-28;6;0
28;2025-11-28;7;0
28;2025-11-28;8;0
28;2025-11-28;9;0
28;2025-11-28;10;0
28;2025-11-28;11;0
28;2025-11-28;12;0
28;2025-11-28;13;0
28;2025-11-28;14;0
28;2025-11-28;15;0
28;2025-11-28;16;0
28;2025-11-28;17;0
28;2025-11-28;18;0
28;2025-11-28;19;0
28;2025-11-28;20;0
28;2025-11-28;21;0
28;2025-11-28;22;0
28;2025-11-28;23;0
28;2025-11-29;0;0
28;2025-11-29;1;0
28;2025-11-29;2;0
28;2025-11-29;3;0
28;2025-11-29;4;0
28;2025-11-29;5;0
28;2025-11-29;6;0
28;2025-11-29;7;0
28;2025-11-29;8;0
28;2025-11-29;9;0
28;2025-11-29;10;0
28;2025-11-29;11;0
28;2025-11-29;12;0
28;2025-11-29;13;0
28;2025-11-29;14;0
28;2025-11-29;15;0
28;2025-11-29;16;0
28;2025-11-29;17;0
28;2025-11-29;18;0
28;2025-11-29;19;0
28;2025-11-29;20;0
28;2025-11-29;21;0
28;2025-11-29;22;0
28;2025-11-29;23;0
28;2025-11-30;0;0
28;2025-11-30;1;0
28;2025-11-30;2;0
28;2025-11-30;3;0
28;2025-11-30;4;0
28;2025-11-30;5;0
28;2025-11-30;6;0
28;2025-11-30;7;0
28;2025-11-30;8;0
28;2025-11-30;9;0
28;2025-11-30;10;0
28;2025-11-30;11;0
28;2025-11-30;12;0
28;2025-11-30;13;0
28;2025-11-30;14;0
28;2025-11-30;15;0
28;2025-11-30;16;0
28;2025-11-30;17;0
28;2025-11-30;18;0
28;2025-11-30;19;0
28;2025-11-30;20;0
28;2025-11-30;21;0
28;2025-11-30;22;0
28;2025-11-30;23;0
28;2025-12-01;0;0
28;2025-12-01;1;0
28;2025-12-01;2;0
28;2025-12-01;3;0
28;2025-12-01;4;0
28;2025-12-01;5;0
28;2025-12-01;6;0
28;2025-12-01;7;0
28;2025-12-01;8;0
28;2025-12-01;9;0
28;2025-12-01;10;0
28;2025-12-01;11;0
28;2025-12-01;12;0
28;2025-12-01;13;0
28;2025-12-01;14;0
28;2025-12-01;15;0
28;2025-12-01;16;0
28;2025-12-01;17;0
28;2025-12-01;18;0
28;2025-12-01;19;0
28;2025-12-01;20;0
28;2025-12-01;21;0
28;2025-12-01;22;0
28;2025-12-01;23;0
28;2025-12-02;0;0
28;2025-12-02;1;0
28;2025-12-02;2;0
28;2025-12-02;3;0
28;2025-12-02;4;0
28;2025-12-02;5;0
28;2025-12-02;6;0
28;2025-12-02;7;0
28;2025-12-02;8;0
28;2025-12-02;9;0
28;2025-12-02;10;0
28;2025-12-02;11;0
28;2025-12-02;12;0
28;2025-12-02;13;0
28;2025-12-02;14;0
28;2025-12-02;15;0
28;2025-12-02;16;0
28;2025-12-02;17;0
28;2025-12-02;18;0
28;2025-12-02;19;0
28;2025-12-02;20;0
28;2025-12-02;21;0
28;2025-12-02;22;0
28;2025-12-02;23;0
28;2025-12-03;0;0
28;2025-12-03;1;0
28;2025-12-03;2;0
28;2025-12-03;3;0
28;2025-12-03;4;0
28;2025-12-03;5;0
28;2025-12-03;6;0
28;2025-12-03;7;0
28;2025-12-03;8;0
28;2025-12-03;9;0
28;2025-12-03;10;0
28;2025-12-03;11;0
28;2025-12-03;12;0
28;2025-12-03;13;0
28;2025-12-03;14;0
28;2025-12-03;15;0
28;2025-12-03;16;0
28;2025-12-03;17;0
28;2025-12-03;18;0
28;2025-12-03;19;0
28;2025-12-03;20;0
28;2025-12-03;21;0
28;2025-12-03;22;0
28;2025-12-03;23;0
28;2025-12-04;0;0
28;2025-12-04;1;0
28;2025-12-04;2;0
28;2025-12-04;3;0
28;2025-12-04;4;0
28;2025-12-04;5;0
28;2025-12-04;6;0
28;2025-12-04;7;0
28;2025-12-04;8;0
28;2025-12-04;9;0
28;2025-12-04;10;0
28;2025-12-04;11;0
28;2025-12-04;12;0
28;2025-12-04;13;0
28;2025-12-04;14;0
28;2025-12-04;15;0
28;2025-12-04;16;0
28;2025-12-04;17;0
28;2025-12-04;18;0
28;2025-12-04;19;0
28;2025-12-04;20;0
28;2025-12-04;21;0
28;2025-12-04;22;0
28;2025-12-04;23;0
28;2025-12-05;0;0
28;2025-12-05;1;0
28;2025-12-05;2;0
28;2025-12-05;3;0
28;2025-12-05;4;0
28;2025-12-05;5;0
28;2025-12-05;6;0
28;2025-12-05;7;0
28;2025-12-05;8;0
28;2025-12-05;9;0
28;2025-12-05;10;0
28;2025-12-05;11;0
28;2025-12-05;12;0
28;2025-12-05;13;0
28;2025-12-05;14;0
28;2025-12-05;15;0
28;2025-12-05;16;0
28;2025-12-05;17;0
28;2025-12-05;18;0
28;2025-12-05;19;0
28;2025-12-05;20;0
28;2025-12-05;21;0
28;2025-12-05;22;0
28;2025-12-05;23;0
28;2025-12-06;0;0
28;2025-12-06;1;0
28;2025-12-06;2;0
28;2025-12-06;3;0
28;2025-12-06;4;0
28;2025-12-06;5;0
28;2025-12-06;6;0
28;2025-12-06;7;0
28;2025-12-06;8;0
28;2025-12-06;9;0
28;2025-12-06;10;0
28;2025-12-06;11;0
28;2025-12-06;12;0
28;2025-12-06;13;0
28;2025-12-06;14;0
28;2025-12-06;15;0
28;2025-12-06;16;0
28;2025-12-06;17;0
28;2025-12-06;18;0
28;2025-12-06;19;0
28;2025-12-06;20;0
28;2025-12-06;21;0
28;2025-12-06;22;0
28;2025-12-06;23;0
28;2025-12-07;0;0
28;2025-12-07;1;0
28;2025-12-07;2;0
28;2025-12-07;3;0
28;2025-12-07;4;0
28;2025-12-07;5;0
28;2025-12-07;6;0
28;2025-12-07;7;0
28;2025-12-07;8;0
28;2025-12-07;9;0
28;2025-12-07;10;0
28;2025-12-07;11;0
28;2025-12-07;12;0
28;2025-12-07;13;0
28;2025-12-07;14;0
28;2025-12-07;15;0
28;2025-12-07;16;0
28;2025-12-07;17;0
28;2025-12-07;18;0
28;2025-12-07;19;0
28;2025-12-07;20;0
28;2025-12-07;21;0
28;2025-12-07;22;0
28;2025-12-07;23;0
28;2025-12-08;0;0
28;2025-12-08;1;0
28;2025-12-08;2;0
28;2025-12-08;3;0
28;2025-12-08;4;0
28;2025-12-08;5;0
28;2025-12-08;6;0
28;2025-12-08;7;0
28;2025-12-08;8;0
28;2025-12-08;9;0
28;2025-12-08;10;0
28;2025-12-08;11;0
28;2025-12-08;12;0
28;2025-12-08;13;0
28;2025-12-08;14;0
28;2025-12-08;15;0
28;2025-12-08;16;0
28;2025-12-08;17;0
28;2025-12-08;18;0
28;2025-12-08;19;0
28;2025-12-08;20;0
28;2025-12-08;21;0
28;2025-12-08;22;0
28;2025-12-08;23;0
28;2025-12-09;0;0
28;2025-12-09;1;0
28;2025-12-09;2;0
28;2025-12-09;3;0
28;2025-12-09;4;0
28;2025-12-09;5;0
28;2025-12-09;6;0
28;2025-12-09;7;0
28;2025-12-09;8;0
28;2025-12-09;9;0
28;2025-12-09;10;0
28;2025-12-09;11;0
28;2025-12-09;12;0
28;2025-12-09;13;0
28;2025-12-09;14;0
28;2025-12-09;15;0
28;2025-12-09;16;0
28;2025-12-09;17;0
28;2025-12-09;18;0
28;2025-12-09;19;0
28;2025-12-09;20;0
28;2025-12-09;21;0
28;2025-12-09;22;0
28;2025-12-09;23;0
28;2025-12-10;0;0
28;2025-12-10;1;0
28;2025-12-10;2;0
28;2025-12-10;3;0
28;2025-12-10;4;0
28;2025-12-10;5;0
28;2025-12-10;6;0
28;2025-12-10;7;0
28;2025-12-10;8;0
28;2025-12-10;9;0
28;2025-12-10;10;0
28;2025-12-10;11;0
28;2025-12-10;12;0
28;2025-12-10;13;0
28;2025-12-10;14;0
28;2025-12-10;15;0
28;2025-12-10;16;0
28;2025-12-10;17;0
28;2025-12-10;18;0
28;2025-12-10;19;0
28;2025-12-10;20;0
28;2025-12-10;21;0
28;2025-12-10;22;0
28;2025-12-10;23;0
28;2025-12-11;0;0
28;2025-12-11;1;0
28;2025-12-11;2;0
28;2025-12-11;3;0
28;2025-12-11;4;0
28;2025-12-11;5;0
28;2025-12-11;6;0
28;2025-12-11;7;0
28;2025-12-11;8;0
28;2025-12-11;9;0
28;2025-12-11;10;0
28;2025-12-11;11;0
28;2025-12-11;12;0
28;2025-12-11;13;0
28;2025-12-11;14;0
28;2025-12-11;15;0
28;2025-12-11;16;0
28;2025-12-11;17;0
28;2025-12-11;18;0
28;2025-12-11;19;0
28;2025-12-11;20;0
28;2025-12-11;21;0
28;2025-12-11;22;0
28;2025-12-11;23;0
28;2025-12-12;0;0
28;2025-12-12;1;0
28;2025-12-12;2;0
28;2025-12-12;3;0
28;2025-12-12;4;0
28;2025-12-12;5;0
28;2025-12-12;6;0
28;2025-12-12;7;0
28;2025-12-12;8;0
28;2025-12-12;9;0
28;2025-12-12;10;0
28;2025-12-12;11;0
28;2025-12-12;12;0
28;2025-12-12;13;0
28;2025-12-12;14;0
28;2025-12-12;15;0
28;2025-12-12;16;0
28;2025-12-12;17;0
28;2025-12-12;18;0
28;2025-12-12;19;0
28;2025-12-12;20;0
28;2025-12-12;21;0
28;2025-12-12;22;0
28;2025-12-12;23;0
28;2025-12-13;0;0
28;2025-12-13;1;0
28;2025-12-13;2;0
28;2025-12-13;3;0
28;2025-12-13;4;0
28;2025-12-13;5;0
28;2025-12-13;6;0
28;2025-12-13;7;0
28;2025-12-13;8;0
28;2025-12-13;9;0
28;2025-12-13;10;0
28;2025-12-13;11;0
28;2025-12-13;12;0
28;2025-12-13;13;0
28;2025-12-13;14;0
28;2025-12-13;15;0
28;2025-12-13;16;0
28;2025-12-13;17;0
28;2025-12-13;18;0
28;2025-12-13;19;0
28;2025-12-13;20;0
28;2025-12-13;21;0
28;2025-12-13;22;0
28;2025-12-13;23;0
28;2025-12-14;0;0
28;2025-12-14;1;0
28;2025-12-14;2;0
28;2025-12-14;3;0
28;2025-12-14;4;0
28;2025-12-14;5;0
28;2025-12-14;6;0
28;2025-12-14;7;0
28;2025-12-14;8;0
28;2025-12-14;9;0
28;2025-12-14;10;0
28;2025-12-14;11;0
28;2025-12-14;12;0
28;2025-12-14;13;0
28;2025-12-14;14;0
28;2025-12-14;15;0
28;2025-12-14;16;0
28;2025-12-14;17;0
28;2025-12-14;18;0
28;2025-12-14;19;0
28;2025-12-14;20;0
28;2025-12-14;21;0
28;2025-12-14;22;0
28;2025-12-14;23;0
28;2025-12-15;0;0
28;2025-12-15;1;0
28;2025-12-15;2;0
28;2025-12-15;3;0
28;2025-12-15;4;0
28;2025-12-15;5;0
28;2025-12-15;6;0
28;2025-12-15;7;0
28;2025-12-15;8;0
28;2025-12-15;9;0
28;2025-12-15;10;0
28;2025-12-15;11;0
28;2025-12-15;12;0
28;2025-12-15;13;0
28;2025-12-15;14;0
28;2025-12-15;15;0
28;2025-12-15;16;0
28;2025-12-15;17;0
28;2025-12-15;18;0
28;2025-12-15;19;0
28;2025-12-15;20;0
28;2025-12-15;21;0
28;2025-12-15;22;0
28;2025-12-15;23;0
28;2025-12-16;0;0
28;2025-12-16;1;0
28;2025-12-16;2;0
28;2025-12-16;3;0
28;2025-12-16;4;0
28;2025-12-16;5;0
28;2025-12-16;6;0
28;2025-12-16;7;0
28;2025-12-16;8;0
28;2025-12-16;9;0
28;2025-12-16;10;0
28;2025-12-16;11;0
28;2025-12-16;12;0
28;2025-12-16;13;0
28;2025-12-16;14;0
28;2025-12-16;15;0
28;2025-12-16;16;0
28;2025-12-16;17;0
28;2025-12-16;18;0
28;2025-12-16;19;0
28;2025-12-16;20;0
28;2025-12-16;21;0
28;2025-12-16;22;0
28;2025-12-16;23;0
28;2025-12-17;0;0
28;2025-12-17;1;0
28;2025-12-17;2;0
28;2025-12-17;3;0
28;2025-12-17;4;0
28;2025-12-17;5;0
28;2025-12-17;6;0
28;2025-12-17;7;0
28;2025-12-17;8;0
28;2025-12-17;9;0
28;2025-12-17;10;0
28;2025-12-17;11;0
28;2025-12-17;12;0
28;2025-12-17;13;0
28;2025-12-17;14;0
28;2025-12-17;15;0
28;2025-12-17;16;0
28;2025-12-17;17;0
28;2025-12-17;18;0
28;2025-12-17;19;0
28;2025-12-17;20;0
28;2025-12-17;21;0
28;2025-12-17;22;0
28;2025-12-17;23;0
28;2025-12-18;0;0
28;2025-12-18;1;0
28;2025-12-18;2;0
28;2025-12-18;3;0
28;2025-12-18;4;0
28;2025-12-18;5;0
28;2025-12-18;6;0
28;2025-12-18;7;0
28;2025-12-18;8;0
28;2025-12-18;9;0
28;2025-12-18;10;0
28;2025-12-18;11;0
28;2025-12-18;12;0
28;2025-12-18;13;0
28;2025-12-18;14;0
28;2025-12-18;15;0
28;2025-12-18;16;0
28;2025-12-18;17;0
28;2025-12-18;18;0
28;2025-12-18;19;0
28;2025-12-18;20;0
28;2025-12-18;21;0
28;2025-12-18;22;0
28;2025-12-18;23;0
28;2025-12-19;0;0
28;2025-12-19;1;0
28;2025-12-19;2;0
28;2025-12-19;3;0
28;2025-12-19;4;0
28;2025-12-19;5;0
28;2025-12-19;6;0
28;2025-12-19;7;0
28;2025-12-19;8;0
28;2025-12-19;9;0
28;2025-12-19;10;0
28;2025-12-19;11;0
28;2025-12-19;12;0
28;2025-12-19;13;0
28;2025-12-19;14;0
28;2025-12-19;15;0
28;2025-12-19;16;0
28;2025-12-19;17;0
28;2025-12-19;18;0
28;2025-12-19;19;0
28;2025-12-19;20;0
28;2025-12-19;21;0
28;2025-12-19;22;0
28;2025-12-19;23;0
28;2025-12-20;0;0
28;2025-12-20;1;0
28;2025-12-20;2;0
28;2025-12-20;3;0
28;2025-12-20;4;0
28;2025-12-20;5;0
28;2025-12-20;6;0
28;2025-12-20;7;0
28;2025-12-20;8;0
28;2025-12-20;9;0
28;2025-12-20;10;0
28;2025-12-20;11;0
28;2025-12-20;12;0
28;2025-12-20;13;0
28;2025-12-20;14;0
28;2025-12-20;15;0
28;2025-12-20;16;0
28;2025-12-20;17;0
28;2025-12-20;18;0
28;2025-12-20;19;0
28;2025-12-20;20;0
28;2025-12-20;21;0
28;2025-12-20;22;0
28;2025-12-20;23;0
28;2025-12-21;0;0
28;2025-12-21;1;0
28;2025-12-21;2;0
28;2025-12-21;3;0
28;2025-12-21;4;0
28;2025-12-21;5;0
28;2025-12-21;6;0
28;2025-12-21;7;0
28;2025-12-21;8;0
28;2025-12-21;9;0
28;2025-12-21;10;0
28;2025-12-21;11;0
28;2025-12-21;12;0
28;2025-12-21;13;0
28;2025-12-21;14;0
28;2025-12-21;15;0
28;2025-12-21;16;0
28;2025-12-21;17;0
28;2025-12-21;18;0
28;2025-12-21;19;0
28;2025-12-21;20;0
28;2025-12-21;21;0
28;2025-12-21;22;0
28;2025-12-21;23;0
28;2025-12-22;0;0
28;2025-12-22;1;0
28;2025-12-22;2;0
28;2025-12-22;3;0
28;2025-12-22;4;0
28;2025-12-22;5;0
28;2025-12-22;6;0
28;2025-12-22;7;0
28;2025-12-22;8;0
28;2025-12-22;9;0
28;2025-12-22;10;0
28;2025-12-22;11;0
28;2025-12-22;12;0
28;2025-12-22;13;0
28;2025-12-22;14;0
28;2025-12-22;15;0
28;2025-12-22;16;0
28;2025-12-22;17;0
28;2025-12-22;18;0
28;2025-12-22;19;0
28;2025-12-22;20;0
28;2025-12-22;21;0
28;2025-12-22;22;0
28;2025-12-22;23;0
28;2025-12-23;0;0
28;2025-12-23;1;0
28;2025-12-23;2;0
28;2025-12-23;3;0
28;2025-12-23;4;0
28;2025-12-23;5;0
28;2025-12-23;6;0
28;2025-12-23;7;0
28;2025-12-23;8;0
28;2025-12-23;9;0
28;2025-12-23;10;0
28;2025-12-23;11;0
28;2025-12-23;12;0
28;2025-12-23;13;0
28;2025-12-23;14;0
28;2025-12-23;15;0
28;2025-12-23;16;0
28;2025-12-23;17;0
28;2025-12-23;18;0
28;2025-12-23;19;0
28;2025-12-23;20;0
28;2025-12-23;21;0
28;2025-12-23;22;0
28;2025-12-23;23;0
28;2025-12-24;0;0
28;2025-12-24;1;0
28;2025-12-24;2;0
28;2025-12-24;3;0
28;2025-12-24;4;0
28;2025-12-24;5;0
28;2025-12-24;6;0
28;2025-12-24;7;0
28;2025-12-24;8;0
28;2025-12-24;9;0
28;2025-12-24;10;0
28;2025-12-24;11;0
28;2025-12-24;12;0
28;2025-12-24;13;0
28;2025-12-24;14;0
28;2025-12-24;15;0
28;2025-12-24;16;0
28;2025-12-24;17;0
28;2025-12-24;18;0
28;2025-12-24;19;0
28;2025-12-24;20;0
28;2025-12-24;21;0
28;2025-12-24;22;0
28;2025-12-24;23;0
28;2025-12-25;0;0
28;2025-12-25;1;0
28;2025-12-25;2;0
28;2025-12-25;3;0
28;2025-12-25;4;0
28;2025-12-25;5;0
28;2025-12-25;6;0
28;2025-12-25;7;0
28;2025-12-25;8;0
28;2025-12-25;9;0
28;2025-12-25;10;0
28;2025-12-25;11;0
28;2025-12-25;12;0
28;2025-12-25;13;0
28;2025-12-25;14;0
28;2025-12-25;15;0
28;2025-12-25;16;0
28;2025-12-25;17;0
28;2025-12-25;18;0
28;2025-12-25;19;0
28;2025-12-25;20;0
28;2025-12-25;21;0
28;2025-12-25;22;0
28;2025-12-25;23;0
28;2025-12-26;0;0
28;2025-12-26;1;0
28;2025-12-26;2;0
28;2025-12-26;3;0
28;2025-12-26;4;0
28;2025-12-26;5;0
28;2025-12-26;6;0
28;2025-12-26;7;0
28;2025-12-26;8;0
28;2025-12-26;9;0
28;2025-12-26;10;0
28;2025-12-26;11;0
28;2025-12-26;12;0
28;2025-12-26;13;0
28;2025-12-26;14;0
28;2025-12-26;15;0
28;2025-12-26;16;0
28;2025-12-26;17;0
28;2025-12-26;18;0
28;2025-12-26;19;0
28;2025-12-26;20;0
28;2025-12-26;21;0
28;2025-12-26;22;0
28;2025-12-26;23;0
28;2025-12-27;0;0
28;2025-12-27;1;0
28;2025-12-27;2;0
28;2025-12-27;3;0
28;2025-12-27;4;0
28;2025-12-27;5;0
28;2025-12-27;6;0
28;2025-12-27;7;0
28;2025-12-27;8;0
28;2025-12-27;9;0
28;2025-12-27;10;0
28;2025-12-27;11;0
28;2025-12-27;12;0
28;2025-12-27;13;0
28;2025-12-27;14;0
28;2025-12-27;15;0
28;2025-12-27;16;0
28;2025-12-27;17;0
28;2025-12-27;18;0
28;2025-12-27;19;0
28;2025-12-27;20;0
28;2025-12-27;21;0
28;2025-12-27;22;0
28;2025-12-27;23;0
28;2025-12-28;0;0
28;2025-12-28;1;0
28;2025-12-28;2;0
28;2025-12-28;3;0
28;2025-12-28;4;0
28;2025-12-28;5;0
28;2025-12-28;6;0
28;2025-12-28;7;0
28;2025-12-28;8;0
28;2025-12-28;9;0
28;2025-12-28;10;0
28;2025-12-28;11;0
28;2025-12-28;12;0
28;2025-12-28;13;0
28;2025-12-28;14;0
28;2025-12-28;15;0
28;2025-12-28;16;0
28;2025-12-28;17;0
28;2025-12-28;18;0
28;2025-12-28;19;0
28;2025-12-28;20;0
28;2025-12-28;21;0
28;2025-12-28;22;0
28;2025-12-28;23;0
28;2025-12-29;0;0
28;2025-12-29;1;0
28;2025-12-29;2;0
28;2025-12-29;3;0
28;2025-12-29;4;0
28;2025-12-29;5;0
28;2025-12-29;6;0
28;2025-12-29;7;0
28;2025-12-29;8;0
28;2025-12-29;9;0
28;2025-12-29;10;0
28;2025-12-29;11;0
28;2025-12-29;12;0
28;2025-12-29;13;0
28;2025-12-29;14;0
28;2025-12-29;15;0
28;2025-12-29;16;0
28;2025-12-29;17;0
28;2025-12-29;18;0
28;2025-12-29;19;0
28;2025-12-29;20;0
28;2025-12-29;21;0
28;2025-12-29;22;0
28;2025-12-29;23;0
28;2025-12-30;0;0
28;2025-12-30;1;0
28;2025-12-30;2;0
28;2025-12-30;3;0
28;2025-12-30;4;0
28;2025-12-30;5;0
28;2025-12-30;6;0
28;2025-12-30;7;0
28;2025-12-30;8;0
28;2025-12-30;9;0
28;2025-12-30;10;0
28;2025-12-30;11;0
28;2025-12-30;12;0
28;2025-12-30;13;0
28;2025-12-30;14;0
28;2025-12-30;15;0
28;2025-12-30;16;0
28;2025-12-30;17;0
28;2025-12-30;18;0
28;2025-12-30;19;0
28;2025-12-30;20;0
28;2025-12-30;21;0
28;2025-12-30;22;0
28;2025-12-30;23;0
28;2025-12-31;0;0
28;2025-12-31;1;0
28;2025-12-31;2;0
28;2025-12-31;3;0
28;2025-12-31;4;0
28;2025-12-31;5;0
28;2025-12-31;6;0
28;2025-12-31;7;0
28;2025-12-31;8;0
28;2025-12-31;9;0
28;2025-12-31;10;0
28;2025-12-31;11;0
28;2025-12-31;12;0
28;2025-12-31;13;0
28;2025-12-31;14;0
28;2025-12-31;15;0
28;2025-12-31;16;0
28;2025-12-31;17;0
28;2025-12-31;18;0
28;2025-12-31;19;0
28;2025-12-31;20;0
28;2025-12-31;21;0
28;2025-12-31;22;0
28;2025-12-31;23;0
50;2025-11-01;0;0
50;2025-11-01;1;0
50;2025-11-01;2;0
50;2025-11-01;3;0
50;2025-11-01;4;0
50;2025-11-01;5;0
50;2025-11-01;6;0
50;2025-11-01;7;0
50;2025-11-01;8;0
50;2025-11-01;9;0
50;2025-11-01;10;0
50;2025-11-01;11;0
50;2025-11-01;12;0
50;2025-11-01;13;0
50;2025-11-01;14;0
50;2025-11-01;15;0
50;2025-11-01;16;0
50;2025-11-01;17;0
50;2025-11-01;18;0
50;2025-11-01;19;0
50;2025-11-01;20;0
50;2025-11-01;21;0
50;2025-11-01;22;0
50;2025-11-01;23;0
50;2025-11-02;0;0
50;2025-11-02;1;0
50;2025-11-02;2;0
50;2025-11-02;3;0
50;2025-11-02;4;0
50;2025-11-02;5;0
50;2025-11-02;6;0
50;2025-11-02;7;0
50;2025-11-02;8;0
50;2025-11-02;9;0
50;2025-11-02;10;0
50;2025-11-02;11;0
50;2025-11-02;12;0
50;2025-11-02;13;0
50;2025-11-02;14;0
50;2025-11-02;15;0
50;2025-11-02;16;0
50;2025-11-02;17;0
50;2025-11-02;18;0
50;2025-11-02;19;0
50;2025-11-02;20;0
50;2025-11-02;21;0
50;2025-11-02;22;0
50;2025-11-02;23;0
50;2025-11-03;0;0
50;2025-11-03;1;0
50;2025-11-03;2;0
50;2025-11-03;3;0
50;2025-11-03;4;0
50;2025-11-03;5;0
50;2025-11-03;6;0
50;2025-11-03;7;0
50;2025-11-03;8;0
50;2025-11-03;9;0
50;2025-11-03;10;0
50;2025-11-03;11;0
50;2025-11-03;12;0
50;2025-11-03;13;0
50;2025-11-03;14;0
50;2025-11-03;15;0
50;2025-11-03;16;0
50;2025-11-03;17;0
50;2025-11-03;18;0
50;2025-11-03;19;0
50;2025-11-03;20;0
50;2025-11-03;21;0
50;2025-11-03;22;0
50;2025-11-03;23;0
50;2025-11-04;0;0
50;2025-11-04;1;0
50;2025-11-04;2;0
50;2025-11-04;3;0
50;2025-11-04;4;0
50;2025-11-04;5;0
50;2025-11-04;6;0
50;2025-11-04;7;0
50;2025-11-04;8;0
50;2025-11-04;9;0
50;2025-11-04;10;0
50;2025-11-04;11;0
50;2025-11-04;12;0
50;2025-11-04;13;0
50;2025-11-04;14;0
50;2025-11-04;15;0
50;2025-11-04;16;0
50;2025-11-04;17;0
50;2025-11-04;18;0
50;2025-11-04;19;0
50;2025-11-04;20;0
50;2025-11-04;21;0
50;2025-11-04;22;0
50;2025-11-04;23;0
50;2025-11-05;0;0
50;2025-11-05;1;0
50;2025-11-05;2;0
50;2025-11-05;3;0
50;2025-11-05;4;0
50;2025-11-05;5;0
50;2025-11-05;6;0
50;2025-11-05;7;0
50;2025-11-05;8;0
50;2025-11-05;9;0
50;2025-11-05;10;0
50;2025-11-05;11;0
50;2025-11-05;12;0
50;2025-11-05;13;0
50;2025-11-05;14;0
50;2025-11-05;15;0
50;2025-11-05;16;0
50;2025-11-05;17;0
50;2025-11-05;18;0
50;2025-11-05;19;0
50;2025-11-05;20;0
50;2025-11-05;21;0
50;2025-11-05;22;0
50;2025-11-05;23;0
50;2025-11-06;0;0
50;2025-11-06;1;0
50;2025-11-06;2;0
50;2025-11-06;3;0
50;2025-11-06;4;0
50;2025-11-06;5;0
50;2025-11-06;6;0
50;2025-11-06;7;0
50;2025-11-06;8;0
50;2025-11-06;9;0
50;2025-11-06;10;0
50;2025-11-06;11;0
50;2025-11-06;12;0
50;2025-11-06;13;0
50;2025-11-06;14;0
50;2025-11-06;15;0
50;2025-11-06;16;0
50;2025-11-06;17;0
50;2025-11-06;18;0
50;2025-11-06;19;0
50;2025-11-06;20;0
50;2025-11-06;21;0
50;2025-11-06;22;0
50;2025-11-06;23;0
50;2025-11-07;0;0
50;2025-11-07;1;0
50;2025-11-07;2;0
50;2025-11-07;3;0
50;2025-11-07;4;0
50;2025-11-07;5;0
50;2025-11-07;6;0
50;2025-11-07;7;0
50;2025-11-07;8;0
50;2025-11-07;9;0
50;2025-11-07;10;0
50;2025-11-07;11;0
50;2025-11-07;12;0
50;2025-11-07;13;0
50;2025-11-07;14;0
50;2025-11-07;15;0
50;2025-11-07;16;0
50;2025-11-07;17;0
50;2025-11-07;18;0
50;2025-11-07;19;0
50;2025-11-07;20;0
50;2025-11-07;21;0
50;2025-11-07;22;0
50;2025-11-07;23;0
50;2025-11-08;0;0
50;2025-11-08;1;0
50;2025-11-08;2;0
50;2025-11-08;3;0
50;2025-11-08;4;0
50;2025-11-08;5;0
50;2025-11-08;6;0
50;2025-11-08;7;0
50;2025-11-08;8;0
50;2025-11-08;9;0
50;2025-11-08;10;0
50;2025-11-08;11;0
50;2025-11-08;12;0
50;2025-11-08;13;0
50;2025-11-08;14;0
50;2025-11-08;15;0
50;2025-11-08;16;0
50;2025-11-08;17;0
50;2025-11-08;18;0
50;2025-11-08;19;0
50;2025-11-08;20;0
50;2025-11-08;21;0
50;2025-11-08;22;0
50;2025-11-08;23;0
50;2025-11-09;0;0
50;2025-11-09;1;0
50;2025-11-09;2;0
50;2025-11-09;3;0
50;2025-11-09;4;0
50;2025-11-09;5;0
50;2025-11-09;6;0
50;2025-11-09;7;0
50;2025-11-09;8;0
50;2025-11-09;9;0
50;2025-11-09;10;0
50;2025-11-09;11;0
50;2025-11-09;12;0
50;2025-11-09;13;0
50;2025-11-09;14;0
50;2025-11-09;15;0
50;2025-11-09;16;0
50;2025-11-09;17;0
50;2025-11-09;18;0
50;2025-11-09;19;0
50;2025-11-09;20;0
50;2025-11-09;21;0
50;2025-11-09;22;0
50;2025-11-09;23;0
50;2025-11-10;0;0
50;2025-11-10;1;0
50;2025-11-10;2;0
50;2025-11-10;3;0
50;2025-11-10;4;0
50;2025-11-10;5;0
50;2025-11-10;6;0
50;2025-11-10;7;0
50;2025-11-10;8;0
50;2025-11-10;9;0
50;2025-11-10;10;0
50;2025-11-10;11;0
50;2025-11-10;12;0
50;2025-11-10;13;0
50;2025-11-10;14;0
50;2025-11-10;15;0
50;2025-11-10;16;0
50;2025-11-10;17;0
50;2025-11-10;18;0
50;2025-11-10;19;0
50;2025-11-10;20;0
50;2025-11-10;21;0
50;2025-11-10;22;0
50;2025-11-10;23;0
50;2025-11-11;0;0
50;2025-11-11;1;0
50;2025-11-11;2;0
50;2025-11-11;3;0
50;2025-11-11;4;0
50;2025-11-11;5;0
50;2025-11-11;6;0
50;2025-11-11;7;0
50;2025-11-11;8;0
50;2025-11-11;9;0
50;2025-11-11;10;0
50;2025-11-11;11;0
50;2025-11-11;12;0
50;2025-11-11;13;0
50;2025-11-11;14;0
50;2025-11-11;15;0
50;2025-11-11;16;0
50;2025-11-11;17;0
50;2025-11-11;18;0
50;2025-11-11;19;0
50;2025-11-11;20;0
50;2025-11-11;21;0
50;2025-11-11;22;0
50;2025-11-11;23;0
50;2025-11-12;0;0
50;2025-11-12;1;0
50;2025-11-12;2;0
50;2025-11-12;3;0
50;2025-11-12;4;0
50;2025-11-12;5;0
50;2025-11-12;6;0
50;2025-11-12;7;0
50;2025-11-12;8;0
50;2025-11-12;9;0
50;2025-11-12;10;0
50;2025-11-12;11;0
50;2025-11-12;12;0
50;2025-11-12;13;0
50;2025-11-12;14;0
50;2025-11-12;15;0
50;2025-11-12;16;0
50;2025-11-12;17;0
50;2025-11-12;18;0
50;2025-11-12;19;0
50;2025-11-12;20;0
50;2025-11-12;21;0
50;2025-11-12;22;0
50;2025-11-12;23;0
50;2025-11-13;0;0
50;2025-11-13;1;0
50;2025-11-13;2;0
50;2025-11-13;3;0
50;2025-11-13;4;0
50;2025-11-13;5;0
50;2025-11-13;6;0
50;2025-11-13;7;0
50;2025-11-13;8;0
50;2025-11-13;9;0
50;2025-11-13;10;0
50;2025-11-13;11;0
50;2025-11-13;12;0
50;2025-11-13;13;0
50;2025-11-13;14;0
50;2025-11-13;15;0
50;2025-11-13;16;0
50;2025-11-13;17;0
50;2025-11-13;18;0
50;2025-11-13;19;0
50;2025-11-13;20;0
50;2025-11-13;21;0
50;2025-11-13;22;0
50;2025-11-13;23;0
50;2025-11-14;0;0
50;2025-11-14;1;0
50;2025-11-14;2;0
50;2025-11-14;3;0
50;2025-11-14;4;0
50;2025-11-14;5;0
50;2025-11-14;6;0
50;2025-11-14;7;0
50;2025-11-14;8;0
50;2025-11-14;9;0
50;2025-11-14;10;0
50;2025-11-14;11;0
50;2025-11-14;12;0
50;2025-11-14;13;0
50;2025-11-14;14;0
50;2025-11-14;15;0
50;2025-11-14;16;0
50;2025-11-14;17;0
50;2025-11-14;18;0
50;2025-11-14;19;0
50;2025-11-14;20;0
50;2025-11-14;21;0
50;2025-11-14;22;0
50;2025-11-14;23;0
50;2025-11-15;0;0
50;2025-11-15;1;0
50;2025-11-15;2;0
50;2025-11-15;3;0
50;2025-11-15;4;0
50;2025-11-15;5;0
50;2025-11-15;6;0
50;2025-11-15;7;0
50;2025-11-15;8;0
50;2025-11-15;9;0
50;2025-11-15;10;0
50;2025-11-15;11;0
50;2025-11-15;12;0
50;2025-11-15;13;0
50;2025-11-15;14;0
50;2025-11-15;15;0
50;2025-11-15;16;0
50;2025-11-15;17;0
50;2025-11-15;18;0
50;2025-11-15;19;0
50;2025-11-15;20;0
50;2025-11-15;21;0
50;2025-11-15;22;0
50;2025-11-15;23;0
50;2025-11-16;0;0
50;2025-11-16;1;0
50;2025-11-16;2;0
50;2025-11-16;3;0
50;2025-11-16;4;0
50;2025-11-16;5;0
50;2025-11-16;6;0
50;2025-11-16;7;0
50;2025-11-16;8;0
50;2025-11-16;9;0
50;2025-11-16;10;0
50;2025-11-16;11;0
50;2025-11-16;12;0
50;2025-11-16;13;0
50;2025-11-16;14;0
50;2025-11-16;15;0
50;2025-11-16;16;0
50;2025-11-16;17;0
50;2025-11-16;18;0
50;2025-11-16;19;0
50;2025-11-16;20;0
50;2025-11-16;21;0
50;2025-11-16;22;0
50;2025-11-16;23;0
50;2025-11-17;0;0
50;2025-11-17;1;0
50;2025-11-17;2;0
50;2025-11-17;3;0
50;2025-11-17;4;0
50;2025-11-17;5;0
50;2025-11-17;6;0
50;2025-11-17;7;0
50;2025-11-17;8;0
50;2025-11-17;9;0
50;2025-11-17;10;0
50;2025-11-17;11;0
50;2025-11-17;12;0
50;2025-11-17;13;0
50;2025-11-17;14;0
50;2025-11-17;15;0
50;2025-11-17;16;0
50;2025-11-17;17;0
50;2025-11-17;18;0
50;2025-11-17;19;0
50;2025-11-17;20;0
50;2025-11-17;21;0
50;2025-11-17;22;0
50;2025-11-17;23;0
50;2025-11-18;0;0
50;2025-11-18;1;0
50;2025-11-18;2;0
50;2025-11-18;3;0
50;2025-11-18;4;0
50;2025-11-18;5;0
50;2025-11-18;6;0
50;2025-11-18;7;0
50;2025-11-18;8;0
50;2025-11-18;9;0
50;2025-11-18;10;0
50;2025-11-18;11;0
50;2025-11-18;12;0
50;2025-11-18;13;0
50;2025-11-18;14;0
50;2025-11-18;15;0
50;2025-11-18;16;0
50;2025-11-18;17;0
50;2025-11-18;18;0
50;2025-11-18;19;0
50;2025-11-18;20;0
50;2025-11-18;21;0
50;2025-11-18;22;0
50;2025-11-18;23;0
50;2025-11-19;0;0
50;2025-11-19;1;0
50;2025-11-19;2;0
50;2025-11-19;3;0
50;2025-11-19;4;0
50;2025-11-19;5;0
50;2025-11-19;6;0
50;2025-11-19;7;0
50;2025-11-19;8;0
50;2025-11-19;9;0
50;2025-11-19;10;0
50;2025-11-19;11;0
50;2025-11-19;12;0
50;2025-11-19;13;0
50;2025-11-19;14;0
50;2025-11-19;15;0
50;2025-11-19;16;0
50;2025-11-19;17;0
50;2025-11-19;18;0
50;2025-11-19;19;0
50;2025-11-19;20;0
50;2025-11-19;21;0
50;2025-11-19;22;0
50;2025-11-19;23;0
50;2025-11-20;0;0
50;2025-11-20;1;0
50;2025-11-20;2;0
50;2025-11-20;3;0
50;2025-11-20;4;0
50;2025-11-20;5;0
50;2025-11-20;6;0
50;2025-11-20;7;0
50;2025-11-20;8;0
50;2025-11-20;9;0
50;2025-11-20;10;0
50;2025-11-20;11;0
50;2025-11-20;12;0
50;2025-11-20;13;0
50;2025-11-20;14;0
50;2025-11-20;15;0
50;2025-11-20;16;0
50;2025-11-20;17;0
50;2025-11-20;18;0
50;2025-11-20;19;0
50;2025-11-20;20;0
50;2025-11-20;21;0
50;2025-11-20;22;0
50;2025-11-20;23;0
50;2025-11-21;0;0
50;2025-11-21;1;0
50;2025-11-21;2;0
50;2025-11-21;3;0
50;2025-11-21;4;0
50;2025-11-21;5;0
50;2025-11-21;6;0
50;2025-11-21;7;0
50;2025-11-21;8;0
50;2025-11-21;9;0
50;2025-11-21;10;0
50;2025-11-21;11;0
50;2025-11-21;12;0
50;2025-11-21;13;0
50;2025-11-21;14;0
50;2025-11-21;15;0
50;2025-11-21;16;0
50;2025-11-21;17;0
50;2025-11-21;18;0
50;2025-11-21;19;0
50;2025-11-21;20;0
50;2025-11-21;21;0
50;2025-11-21;22;0
50;2025-11-21;23;0
50;2025-11-22;0;0
50;2025-11-22;1;0
50;2025-11-22;2;0
50;2025-11-22;3;0
50;2025-11-22;4;0
50;2025-11-22;5;0
50;2025-11-22;6;0
50;2025-11-22;7;0
50;2025-11-22;8;0
50;2025-11-22;9;0
50;2025-11-22;10;0
50;2025-11-22;11;0
50;2025-11-22;12;0
50;2025-11-22;13;0
50;2025-11-22;14;0
50;2025-11-22;15;0
50;2025-11-22;16;0
50;2025-11-22;17;0
50;2025-11-22;18;0
50;2025-11-22;19;0
50;2025-11-22;20;0
50;2025-11-22;21;0
50;2025-11-22;22;0
50;2025-11-22;23;0
50;2025-11-23;0;0
50;2025-11-23;1;0
50;2025-11-23;2;0
50;2025-11-23;3;0
50;2025-11-23;4;0
50;2025-11-23;5;0
50;2025-11-23;6;0
50;2025-11-23;7;0
50;2025-11-23;8;0
50;2025-11-23;9;0
50;2025-11-23;10;0
50;2025-11-23;11;0
50;2025-11-23;12;0
50;2025-11-23;13;0
50;2025-11-23;14;0
50;2025-11-23;15;0
50;2025-11-23;16;0
50;2025-11-23;17;0
50;2025-11-23;18;0
50;2025-11-23;19;0
50;2025-11-23;20;0
50;2025-11-23;21;0
50;2025-11-23;22;0
50;2025-11-23;23;0
50;2025-11-24;0;0
50;2025-11-24;1;0
50;2025-11-24;2;0
50;2025-11-24;3;0
50;2025-11-24;4;0
50;2025-11-24;5;0
50;2025-11-24;6;0
50;2025-11-24;7;0
50;2025-11-24;8;0
50;2025-11-24;9;0
50;2025-11-24;10;0
50;2025-11-24;11;0
50;2025-11-24;12;0
50;2025-11-24;13;0
50;2025-11-24;14;0
50;2025-11-24;15;0
50;2025-11-24;16;0
50;2025-11-24;17;0
50;2025-11-24;18;0
50;2025-11-24;19;0
50;2025-11-24;20;0
50;2025-11-24;21;0
50;2025-11-24;22;0
50;2025-11-24;23;0
50;2025-11-25;0;0
50;2025-11-25;1;0
50;2025-11-25;2;0
50;2025-11-25;3;0
50;2025-11-25;4;0
50;2025-11-25;5;0
50;2025-11-25;6;0
50;2025-11-25;7;0
50;2025-11-25;8;0
50;2025-11-25;9;0
50;2025-11-25;10;0
50;2025-11-25;11;0
50;2025-11-25;12;0
50;2025-11-25;13;0
50;2025-11-25;14;0
50;2025-11-25;15;0
50;2025-11-25;16;0
50;2025-11-25;17;0
50;2025-11-25;18;0
50;2025-11-25;19;0
50;2025-11-25;20;0
50;2025-11-25;21;0
50;2025-11-25;22;0
50;2025-11-25;23;0
50;2025-11-26;0;0
50;2025-11-26;1;0
50;2025-11-26;2;0
50;2025-11-26;3;0
50;2025-11-26;4;0
50;2025-11-26;5;0
50;2025-11-26;6;0
50;2025-11-26;7;0
50;2025-11-26;8;0
50;2025-11-26;9;0
50;2025-11-26;10;0
50;2025-11-26;11;0
50;2025-11-26;12;0
50;2025-11-26;13;0
50;2025-11-26;14;0
50;2025-11-26;15;0
50;2025-11-26;16;0
50;2025-11-26;17;0
50;2025-11-26;18;0
50;2025-11-26;19;0
50;2025-11-26;20;0
50;2025-11-26;21;0
50;2025-11-26;22;0
50;2025-11-26;23;0
50;2025-11-27;0;0
50;2025-11-27;1;0
50;2025-11-27;2;0
50;2025-11-27;3;0
50;2025-11-27;4;0
50;2025-11-27;5;0
50;2025-11-27;6;0
50;2025-11-27;7;0
50;2025-11-27;8;0
50;2025-11-27;9;0
50;2025-11-27;10;0
50;2025-11-27;11;0
50;2025-11-27;12;0
50;2025-11-27;13;0
50;2025-11-27;14;0
50;2025-11-27;15;0
50;2025-11-27;16;0
50;2025-11-27;17;0
50;2025-11-27;18;0
50;2025-11-27;19;0
50;2025-11-27;20;0
50;2025-11-27;21;0
50;2025-11-27;22;0
50;2025-11-27;23;0
50;2025-11-28;0;0
50;2025-11-28;1;0
50;2025-11-28;2;0
50;2025-11-28;3;0
50;2025-11-28;4;0
50;2025-11-28;5;0
50;2025-11-28;6;0
50;2025-11-28;7;0
50;2025-11-28;8;0
50;2025-11-28;9;0
50;2025-11-28;10;0
50;2025-11-28;11;0
50;2025-11-28;12;0
50;2025-11-28;13;0
50;2025-11-28;14;0
50;2025-11-28;15;0
50;2025-11-28;16;0
50;2025-11-28;17;0
50;2025-11-28;18;0
50;2025-11-28;19;0
50;2025-11-28;20;0
50;2025-11-28;21;0
50;2025-11-28;22;0
50;2025-11-28;23;0
50;2025-11-29;0;0
50;2025-11-29;1;0
50;2025-11-29;2;0
50;2025-11-29;3;0
50;2025-11-29;4;0
50;2025-11-29;5;0
50;2025-11-29;6;0
50;2025-11-29;7;0
50;2025-11-29;8;0
50;2025-11-29;9;0
50;2025-11-29;10;0
50;2025-11-29;11;0
50;2025-11-29;12;0
50;2025-11-29;13;0
50;2025-11-29;14;0
50;2025-11-29;15;0
50;2025-11-29;16;0
50;2025-11-29;17;0
50;2025-11-29;18;0
50;2025-11-29;19;0
50;2025-11-29;20;0
50;2025-11-29;21;0
50;2025-11-29;22;0
50;2025-11-29;23;0
50;2025-11-30;0;0
50;2025-11-30;1;0
50;2025-11-30;2;0
50;2025-11-30;3;0
50;2025-11-30;4;0
50;2025-11-30;5;0
50;2025-11-30;6;0
50;2025-11-30;7;0
50;2025-11-30;8;0
50;2025-11-30;9;0
50;2025-11-30;10;0
50;2025-11-30;11;0
50;2025-11-30;12;0
50;2025-11-30;13;0
50;2025-11-30;14;0
50;2025-11-30;15;0
50;2025-11-30;16;0
50;2025-11-30;17;0
50;2025-11-30;18;0
50;2025-11-30;19;0
50;2025-11-30;20;0
50;2025-11-30;21;0
50;2025-11-30;22;0
50;2025-11-30;23;0
50;2025-12-01;0;0
50;2025-12-01;1;0
50;2025-12-01;2;0
50;2025-12-01;3;0
50;2025-12-01;4;0
50;2025-12-01;5;0
50;2025-12-01;6;0
50;2025-12-01;7;0
50;2025-12-01;8;0
50;2025-12-01;9;0
50;2025-12-01;10;0
50;2025-12-01;11;0
50;2025-12-01;12;0
50;2025-12-01;13;0
50;2025-12-01;14;0
50;2025-12-01;15;0
50;2025-12-01;16;0
50;2025-12-01;17;0
50;2025-12-01;18;0
50;2025-12-01;19;0
50;2025-12-01;20;0
50;2025-12-01;21;0
50;2025-12-01;22;0
50;2025-12-01;23;0
50;2025-12-02;0;0
50;2025-12-02;1;0
50;2025-12-02;2;0
50;2025-12-02;3;0
50;2025-12-02;4;0
50;2025-12-02;5;0
50;2025-12-02;6;0
50;2025-12-02;7;0
50;2025-12-02;8;0
50;2025-12-02;9;0
50;2025-12-02;10;0
50;2025-12-02;11;0
50;2025-12-02;12;0
50;2025-12-02;13;0
50;2025-12-02;14;0
50;2025-12-02;15;0
50;2025-12-02;16;0
50;2025-12-02;17;0
50;2025-12-02;18;0
50;2025-12-02;19;0
50;2025-12-02;20;0
50;2025-12-02;21;0
50;2025-12-02;22;0
50;2025-12-02;23;0
50;2025-12-03;0;0
50;2025-12-03;1;0
50;2025-12-03;2;0
50;2025-12-03;3;0
50;2025-12-03;4;0
50;2025-12-03;5;0
50;2025-12-03;6;0
50;2025-12-03;7;0
50;2025-12-03;8;0
50;2025-12-03;9;0
50;2025-12-03;10;0
50;2025-12-03;11;0
50;2025-12-03;12;0
50;2025-12-03;13;0
50;2025-12-03;14;0
50;2025-12-03;15;0
50;2025-12-03;16;0
50;2025-12-03;17;0
50;2025-12-03;18;0
50;2025-12-03;19;0
50;2025-12-03;20;0
50;2025-12-03;21;0
50;2025-12-03;22;0
50;2025-12-03;23;0
50;2025-12-04;0;0
50;2025-12-04;1;0
50;2025-12-04;2;0
50;2025-12-04;3;0
50;2025-12-04;4;0
50;2025-12-04;5;0
50;2025-12-04;6;0
50;2025-12-04;7;0
50;2025-12-04;8;0
50;2025-12-04;9;0
50;2025-12-04;10;0
50;2025-12-04;11;0
50;2025-12-04;12;0
50;2025-12-04;13;0
50;2025-12-04;14;0
50;2025-12-04;15;0
50;2025-12-04;16;0
50;2025-12-04;17;0
50;2025-12-04;18;0
50;2025-12-04;19;0
50;2025-12-04;20;0
50;2025-12-04;21;0
50;2025-12-04;22;0
50;2025-12-04;23;0
50;2025-12-05;0;0
50;2025-12-05;1;0
50;2025-12-05;2;0
50;2025-12-05;3;0
50;2025-12-05;4;0
50;2025-12-05;5;0
50;2025-12-05;6;0
50;2025-12-05;7;0
50;2025-12-05;8;0
50;2025-12-05;9;0
50;2025-12-05;10;0
50;2025-12-05;11;0
50;2025-12-05;12;0
50;2025-12-05;13;0
50;2025-12-05;14;0
50;2025-12-05;15;0
50;2025-12-05;16;0
50;2025-12-05;17;0
50;2025-12-05;18;0
50;2025-12-05;19;0
50;2025-12-05;20;0
50;2025-12-05;21;0
50;2025-12-05;22;0
50;2025-12-05;23;0
50;2025-12-06;0;0
50;2025-12-06;1;0
50;2025-12-06;2;0
50;2025-12-06;3;0
50;2025-12-06;4;0
50;2025-12-06;5;0
50;2025-12-06;6;0
50;2025-12-06;7;0
50;2025-12-06;8;0
50;2025-12-06;9;0
50;2025-12-06;10;0
50;2025-12-06;11;0
50;2025-12-06;12;0
50;2025-12-06;13;0
50;2025-12-06;14;0
50;2025-12-06;15;0
50;2025-12-06;16;0
50;2025-12-06;17;0
50;2025-12-06;18;0
50;2025-12-06;19;0
50;2025-12-06;20;0
50;2025-12-06;21;0
50;2025-12-06;22;0
50;2025-12-06;23;0
50;2025-12-07;0;0
50;2025-12-07;1;0
50;2025-12-07;2;0
50;2025-12-07;3;0
50;2025-12-07;4;0
50;2025-12-07;5;0
50;2025-12-07;6;0
50;2025-12-07;7;0
50;2025-12-07;8;0
50;2025-12-07;9;0
50;2025-12-07;10;0
50;2025-12-07;11;0
50;2025-12-07;12;0
50;2025-12-07;13;0
50;2025-12-07;14;0
50;2025-12-07;15;0
50;2025-12-07;16;0
50;2025-12-07;17;0
50;2025-12-07;18;0
50;2025-12-07;19;0
50;2025-12-07;20;0
50;2025-12-07;21;0
50;2025-12-07;22;0
50;2025-12-07;23;0
50;2025-12-08;0;0
50;2025-12-08;1;0
50;2025-12-08;2;0
50;2025-12-08;3;0
50;2025-12-08;4;0
50;2025-12-08;5;0
50;2025-12-08;6;0
50;2025-12-08;7;0
50;2025-12-08;8;0
50;2025-12-08;9;0
50;2025-12-08;10;0
50;2025-12-08;11;0
50;2025-12-08;12;0
50;2025-12-08;13;0
50;2025-12-08;14;0
50;2025-12-08;15;0
50;2025-12-08;16;0
50;2025-12-08;17;0
50;2025-12-08;18;0
50;2025-12-08;19;0
50;2025-12-08;20;0
50;2025-12-08;21;0
50;2025-12-08;22;0
50;2025-12-08;23;0
50;2025-12-09;0;0
50;2025-12-09;1;0
50;2025-12-09;2;0
50;2025-12-09;3;0
50;2025-12-09;4;0
50;2025-12-09;5;0
50;2025-12-09;6;0
50;2025-12-09;7;0
50;2025-12-09;8;0
50;2025-12-09;9;0
50;2025-12-09;10;0
50;2025-12-09;11;0
50;2025-12-09;12;0
50;2025-12-09;13;0
50;2025-12-09;14;0
50;2025-12-09;15;0
50;2025-12-09;16;0
50;2025-12-09;17;0
50;2025-12-09;18;0
50;2025-12-09;19;0
50;2025-12-09;20;0
50;2025-12-09;21;0
50;2025-12-09;22;0
50;2025-12-09;23;0
50;2025-12-10;0;0
50;2025-12-10;1;0
50;2025-12-10;2;0
50;2025-12-10;3;0
50;2025-12-10;4;0
50;2025-12-10;5;0
50;2025-12-10;6;0
50;2025-12-10;7;0
50;2025-12-10;8;0
50;2025-12-10;9;0
50;2025-12-10;10;0
50;2025-12-10;11;0
50;2025-12-10;12;0
50;2025-12-10;13;0
50;2025-12-10;14;0
50;2025-12-10;15;0
50;2025-12-10;16;0
50;2025-12-10;17;0
50;2025-12-10;18;0
50;2025-12-10;19;0
50;2025-12-10;20;0
50;2025-12-10;21;0
50;2025-12-10;22;0
50;2025-12-10;23;0
50;2025-12-11;0;0
50;2025-12-11;1;0
50;2025-12-11;2;0
50;2025-12-11;3;0
50;2025-12-11;4;0
50;2025-12-11;5;0
50;2025-12-11;6;0
50;2025-12-11;7;0
50;2025-12-11;8;0
50;2025-12-11;9;0
50;2025-12-11;10;0
50;2025-12-11;11;0
50;2025-12-11;12;0
50;2025-12-11;13;0
50;2025-12-11;14;0
50;2025-12-11;15;0
50;2025-12-11;16;0
50;2025-12-11;17;0
50;2025-12-11;18;0
50;2025-12-11;19;0
50;2025-12-11;20;0
50;2025-12-11;21;0
50;2025-12-11;22;0
50;2025-12-11;23;0
50;2025-12-12;0;0
50;2025-12-12;1;0
50;2025-12-12;2;0
50;2025-12-12;3;0
50;2025-12-12;4;0
50;2025-12-12;5;0
50;2025-12-12;6;0
50;2025-12-12;7;0
50;2025-12-12;8;0
50;2025-12-12;9;0
50;2025-12-12;10;0
50;2025-12-12;11;0
50;2025-12-12;12;0
50;2025-12-12;13;0
50;2025-12-12;14;0
50;2025-12-12;15;0
50;2025-12-12;16;0
50;2025-12-12;17;0
50;2025-12-12;18;0
50;2025-12-12;19;0
50;2025-12-12;20;0
50;2025-12-12;21;0
50;2025-12-12;22;0
50;2025-12-12;23;0
50;2025-12-13;0;0
50;2025-12-13;1;0
50;2025-12-13;2;0
50;2025-12-13;3;0
50;2025-12-13;4;0
50;2025-12-13;5;0
50;2025-12-13;6;0
50;2025-12-13;7;0
50;2025-12-13;8;0
50;2025-12-13;9;0
50;2025-12-13;10;0
50;2025-12-13;11;0
50;2025-12-13;12;0
50;2025-12-13;13;0
50;2025-12-13;14;0
50;2025-12-13;15;0
50;2025-12-13;16;0
50;2025-12-13;17;0
50;2025-12-13;18;0
50;2025-12-13;19;0
50;2025-12-13;20;0
50;2025-12-13;21;0
50;2025-12-13;22;0
50;2025-12-13;23;0
50;2025-12-14;0;0
50;2025-12-14;1;0
50;2025-12-14;2;0
50;2025-12-14;3;0
50;2025-12-14;4;0
50;2025-12-14;5;0
50;2025-12-14;6;0
50;2025-12-14;7;0
50;2025-12-14;8;0
50;2025-12-14;9;0
50;2025-12-14;10;0
50;2025-12-14;11;0
50;2025-12-14;12;0
50;2025-12-14;13;0
50;2025-12-14;14;0
50;2025-12-14;15;0
50;2025-12-14;16;0
50;2025-12-14;17;0
50;2025-12-14;18;0
50;2025-12-14;19;0
50;2025-12-14;20;0
50;2025-12-14;21;0
50;2025-12-14;22;0
50;2025-12-14;23;0
50;2025-12-15;0;0
50;2025-12-15;1;0
50;2025-12-15;2;0
50;2025-12-15;3;0
50;2025-12-15;4;0
50;2025-12-15;5;0
50;2025-12-15;6;0
50;2025-12-15;7;0
50;2025-12-15;8;0
50;2025-12-15;9;0
50;2025-12-15;10;0
50;2025-12-15;11;0
50;2025-12-15;12;0
50;2025-12-15;13;0
50;2025-12-15;14;0
50;2025-12-15;15;0
50;2025-12-15;16;0
50;2025-12-15;17;0
50;2025-12-15;18;0
50;2025-12-15;19;0
50;2025-12-15;20;0
50;2025-12-15;21;0
50;2025-12-15;22;0
50;2025-12-15;23;0
50;2025-12-16;0;0
50;2025-12-16;1;0
50;2025-12-16;2;0
50;2025-12-16;3;0
50;2025-12-16;4;0
50;2025-12-16;5;0
50;2025-12-16;6;0
50;2025-12-16;7;0
50;2025-12-16;8;0
50;2025-12-16;9;0
50;2025-12-16;10;0
50;2025-12-16;11;0
50;2025-12-16;12;0
50;2025-12-16;13;0
50;2025-12-16;14;0
50;2025-12-16;15;0
50;2025-12-16;16;0
50;2025-12-16;17;0
50;2025-12-16;18;0
50;2025-12-16;19;0
50;2025-12-16;20;0
50;2025-12-16;21;0
50;2025-12-16;22;0
50;2025-12-16;23;0
50;2025-12-17;0;0
50;2025-12-17;1;0
50;2025-12-17;2;0
50;2025-12-17;3;0
50;2025-12-17;4;0
50;2025-12-17;5;0
50;2025-12-17;6;0
50;2025-12-17;7;0
50;2025-12-17;8;0
50;2025-12-17;9;0
50;2025-12-17;10;0
50;2025-12-17;11;0
50;2025-12-17;12;0
50;2025-12-17;13;0
50;2025-12-17;14;0
50;2025-12-17;15;0
50;2025-12-17;16;0
50;2025-12-17;17;0
50;2025-12-17;18;0
50;2025-12-17;19;0
50;2025-12-17;20;0
50;2025-12-17;21;0
50;2025-12-17;22;0
50;2025-12-17;23;0
50;2025-12-18;0;0
50;2025-12-18;1;0
50;2025-12-18;2;0
50;2025-12-18;3;0
50;2025-12-18;4;0
50;2025-12-18;5;0
50;2025-12-18;6;0
50;2025-12-18;7;0
50;2025-12-18;8;0
50;2025-12-18;9;0
50;2025-12-18;10;0
50;2025-12-18;11;0
50;2025-12-18;12;0
50;2025-12-18;13;0
50;2025-12-18;14;0
50;2025-12-18;15;0
50;2025-12-18;16;0
50;2025-12-18;17;0
50;2025-12-18;18;0
50;2025-12-18;19;0
50;2025-12-18;20;0
50;2025-12-18;21;0
50;2025-12-18;22;0
50;2025-12-18;23;0
50;2025-12-19;0;0
50;2025-12-19;1;0
50;2025-12-19;2;0
50;2025-12-19;3;0
50;2025-12-19;4;0
50;2025-12-19;5;0
50;2025-12-19;6;0
50;2025-12-19;7;0
50;2025-12-19;8;0
50;2025-12-19;9;0
50;2025-12-19;10;0
50;2025-12-19;11;0
50;2025-12-19;12;0
50;2025-12-19;13;0
50;2025-12-19;14;0
50;2025-12-19;15;0
50;2025-12-19;16;0
50;2025-12-19;17;0
50;2025-12-19;18;0
50;2025-12-19;19;0
50;2025-12-19;20;0
50;2025-12-19;21;0
50;2025-12-19;22;0
50;2025-12-19;23;0
50;2025-12-20;0;0
50;2025-12-20;1;0
50;2025-12-20;2;0
50;2025-12-20;3;0
50;2025-12-20;4;0
50;2025-12-20;5;0
50;2025-12-20;6;0
50;2025-12-20;7;0
50;2025-12-20;8;0
50;2025-12-20;9;0
50;2025-12-20;10;0
50;2025-12-20;11;0
50;2025-12-20;12;0
50;2025-12-20;13;0
50;2025-12-20;14;0
50;2025-12-20;15;0
50;2025-12-20;16;0
50;2025-12-20;17;0
50;2025-12-20;18;0
50;2025-12-20;19;0
50;2025-12-20;20;0
50;2025-12-20;21;0
50;2025-12-20;22;0
50;2025-12-20;23;0
50;2025-12-21;0;0
50;2025-12-21;1;0
50;2025-12-21;2;0
50;2025-12-21;3;0
50;2025-12-21;4;0
50;2025-12-21;5;0
50;2025-12-21;6;0
50;2025-12-21;7;0
50;2025-12-21;8;0
50;2025-12-21;9;0
50;2025-12-21;10;0
50;2025-12-21;11;0
50;2025-12-21;12;0
50;2025-12-21;13;0
50;2025-12-21;14;0
50;2025-12-21;15;0
50;2025-12-21;16;0
50;2025-12-21;17;0
50;2025-12-21;18;0
50;2025-12-21;19;0
50;2025-12-21;20;0
50;2025-12-21;21;0
50;2025-12-21;22;0
50;2025-12-21;23;0
50;2025-12-22;0;0
50;2025-12-22;1;0
50;2025-12-22;2;0
50;2025-12-22;3;0
50;2025-12-22;4;0
50;2025-12-22;5;0
50;2025-12-22;6;0
50;2025-12-22;7;0
50;2025-12-22;8;0
50;2025-12-22;9;0
50;2025-12-22;10;0
50;2025-12-22;11;0
50;2025-12-22;12;0
50;2025-12-22;13;0
50;2025-12-22;14;0
50;2025-12-22;15;0
50;2025-12-22;16;0
50;2025-12-22;17;0
50;2025-12-22;18;0
50;2025-12-22;19;0
50;2025-12-22;20;0
50;2025-12-22;21;0
50;2025-12-22;22;0
50;2025-12-22;23;0
50;2025-12-23;0;0
50;2025-12-23;1;0
50;2025-12-23;2;0
50;2025-12-23;3;0
50;2025-12-23;4;0
50;2025-12-23;5;0
50;2025-12-23;6;0
50;2025-12-23;7;0
50;2025-12-23;8;0
50;2025-12-23;9;0
50;2025-12-23;10;0
50;2025-12-23;11;0
50;2025-12-23;12;0
50;2025-12-23;13;0
50;2025-12-23;14;0
50;2025-12-23;15;0
50;2025-12-23;16;0
50;2025-12-23;17;0
50;2025-12-23;18;0
50;2025-12-23;19;0
50;2025-12-23;20;0
50;2025-12-23;21;0
50;2025-12-23;22;0
50;2025-12-23;23;0
50;2025-12-24;0;0
50;2025-12-24;1;0
50;2025-12-24;2;0
50;2025-12-24;3;0
50;2025-12-24;4;0
50;2025-12-24;5;0
50;2025-12-24;6;0
50;2025-12-24;7;0
50;2025-12-24;8;0
50;2025-12-24;9;0
50;2025-12-24;10;0
50;2025-12-24;11;0
50;2025-12-24;12;0
50;2025-12-24;13;0
50;2025-12-24;14;0
50;2025-12-24;15;0
50;2025-12-24;16;0
50;2025-12-24;17;0
50;2025-12-24;18;0
50;2025-12-24;19;0
50;2025-12-24;20;0
50;2025-12-24;21;0
50;2025-12-24;22;0
50;2025-12-24;23;0
50;2025-12-25;0;0
50;2025-12-25;1;0
50;2025-12-25;2;0
50;2025-12-25;3;0
50;2025-12-25;4;0
50;2025-12-25;5;0
50;2025-12-25;6;0
50;2025-12-25;7;0
50;2025-12-25;8;0
50;2025-12-25;9;0
50;2025-12-25;10;0
50;2025-12-25;11;0
50;2025-12-25;12;0
50;2025-12-25;13;0
50;2025-12-25;14;0
50;2025-12-25;15;0
50;2025-12-25;16;0
50;2025-12-25;17;0
50;2025-12-25;18;0
50;2025-12-25;19;0
50;2025-12-25;20;0
50;2025-12-25;21;0
50;2025-12-25;22;0
50;2025-12-25;23;0
50;2025-12-26;0;0
50;2025-12-26;1;0
50;2025-12-26;2;0
50;2025-12-26;3;0
50;2025-12-26;4;0
50;2025-12-26;5;0
50;2025-12-26;6;0
50;2025-12-26;7;0
50;2025-12-26;8;0
50;2025-12-26;9;0
50;2025-12-26;10;0
50;2025-12-26;11;0
50;2025-12-26;12;0
50;2025-12-26;13;0
50;2025-12-26;14;0
50;2025-12-26;15;0
50;2025-12-26;16;0
50;2025-12-26;17;0
50;2025-12-26;18;0
50;2025-12-26;19;0
50;2025-12-26;20;0
50;2025-12-26;21;0
50;2025-12-26;22;0
50;2025-12-26;23;0
50;2025-12-27;0;0
50;2025-12-27;1;0
50;2025-12-27;2;0
50;2025-12-27;3;0
50;2025-12-27;4;0
50;2025-12-27;5;0
50;2025-12-27;6;0
50;2025-12-27;7;0
50;2025-12-27;8;0
50;2025-12-27;9;0
50;2025-12-27;10;0
50;2025-12-27;11;0
50;2025-12-27;12;0
50;2025-12-27;13;0
50;2025-12-27;14;0
50;2025-12-27;15;0
50;2025-12-27;16;0
50;2025-12-27;17;0
50;2025-12-27;18;0
50;2025-12-27;19;0
50;2025-12-27;20;0
50;2025-12-27;21;0
50;2025-12-27;22;0
50;2025-12-27;23;0
50;2025-12-28;0;0
50;2025-12-28;1;0
50;2025-12-28;2;0
50;2025-12-28;3;0
50;2025-12-28;4;0
50;2025-12-28;5;0
50;2025-12-28;6;0
50;2025-12-28;7;0
50;2025-12-28;8;0
50;2025-12-28;9;0
50;2025-12-28;10;0
50;2025-12-28;11;0
50;2025-12-28;12;0
50;2025-12-28;13;0
50;2025-12-28;14;0
50;2025-12-28;15;0
50;2025-12-28;16;0
50;2025-12-28;17;0
50;2025-12-28;18;0
50;2025-12-28;19;0
50;2025-12-28;20;0
50;2025-12-28;21;0
50;2025-12-28;22;0
50;2025-12-28;23;0
50;2025-12-29;0;0
50;2025-12-29;1;0
50;2025-12-29;2;0
50;2025-12-29;3;0
50;2025-12-29;4;0
50;2025-12-29;5;0
50;2025-12-29;6;0
50;2025-12-29;7;0
50;2025-12-29;8;0
50;2025-12-29;9;0
50;2025-12-29;10;0
50;2025-12-29;11;0
50;2025-12-29;12;0
50;2025-12-29;13;0
50;2025-12-29;14;0
50;2025-12-29;15;0
50;2025-12-29;16;0
50;2025-12-29;17;0
50;2025-12-29;18;0
50;2025-12-29;19;0
50;2025-12-29;20;0
50;2025-12-29;21;0
50;2025-12-29;22;0
50;2025-12-29;23;0
50;2025-12-30;0;0
50;2025-12-30;1;0
50;2025-12-30;2;0
50;2025-12-30;3;0
50;2025-12-30;4;0
50;2025-12-30;5;0
50;2025-12-30;6;0
50;2025-12-30;7;0
50;2025-12-30;8;0
50;2025-12-30;9;0
50;2025-12-30;10;0
50;2025-12-30;11;0
50;2025-12-30;12;0
50;2025-12-30;13;0
50;2025-12-30;14;0
50;2025-12-30;15;0
50;2025-12-30;16;0
50;2025-12-30;17;0
50;2025-12-30;18;0
50;2025-12-30;19;0
50;2025-12-30;20;0
50;2025-12-30;21;0
50;2025-12-30;22;0
50;2025-12-30;23;0
50;2025-12-31;0;0
50;2025-12-31;1;0
50;2025-12-31;2;0
50;2025-12-31;3;0
50;2025-12-31;4;0
50;2025-12-31;5;0
50;2025-12-31;6;0
50;2025-12-31;7;0
50;2025-12-31;8;0
50;2025-12-31;9;0
50;2025-12-31;10;0
50;2025-12-31;11;0
50;2025-12-31;12;0
50;2025-12-31;13;0
50;2025-12-31;14;0
50;2025-12-31;15;0
50;2025-12-31;16;0
50;2025-12-31;17;0
50;2025-12-31;18;0
50;2025-12-31;19;0
50;2025-12-31;20;0
50;2025-12-31;21;0
50;2025-12-31;22;0
50;2025-12-31;23;0
