tree
version=v4
num_class=1
num_tree_per_iteration=1
label_index=0
max_feature_idx=64
objective=regression_l1
feature_names=route hour dow kind holiday horizon log_base ratio_median_14d ratio_median_28d ratio_median_56d ratio_ew_median_14d ratio_ew_mean_7d ratio_ew_median_28d ratio_adaptive_dow_25 season off_-3 holiday_-3 off_-2 holiday_-2 off_-1 holiday_-1 off_1 holiday_1 off_2 holiday_2 off_3 holiday_3 days_to_holiday days_since_holiday event_closure event_detour event_merge event_night_limit event_restore event_network event_age temperature_2m precipitation snowfall wind_speed_10m precipitation_3h precipitation_12h precipitation_24h snowfall_3h snowfall_12h snowfall_24h temperature_change_6h iqr_28d tail_width_28d zero_rate_28d count_28d iqr_56d tail_width_56d zero_rate_56d count_56d off_block_length off_block_position base_share log_daily_base annual_sin annual_cos temperature_2m_day_mean temperature_2m_hour_anomaly precipitation_day_mean precipitation_hour_anomaly
feature_infos=-1:28:7:26:1:12:25:50:11:17 [0:23] [0:6] -1:0:2:1 [0:1] [1:61] [0:8.7731972799004669] [0.055683354954125089:4.7704918032786887] [0.20617283950617285:1.3506632671262662] [0.37480921136483825:5] [0.055683354954125089:1.8545619584070134] [0.54207244962998691:5] [0.39647423869377957:5] [0.40980209684632818:1.5341012240043834] [0.87730535302650725:1.2571740357972216] [0:1] [0:1] [0:1] [0:1] [0:1] [0:1] [0:1] [0:1] [0:1] [0:1] [0:1] [0:1] [0:60] [0:60] [0:1] [0:1] [0:1] none none none [0:90] [-16:35.100000000000001] [0:8.6999999999999993] [0:1.96] [0.20000000000000001:28.699999999999999] [0:18.400000000000002] [0:30.400000000000002] [0:31.300000000000001] [0:3.29] [0:6.9299999999999997] [0:10.43] [-9.5999999999999996:13.1] [0:9.2375000000000007] [0:25.865000000000009] [0:1] [3:20] [0:21.166666666666668] [0:31.055] [0:1] [3:40] [0:4] [0:4] [0:8.9142857142857146] [2.917770732084279:11.094309110049588] [-0.74697208769655521:0.99999073973619013] [-0.99996295911626554:1] [-12.245833333333332:29.025000000000002] [-7.2999999999999998:7.7208333333333314] [0:1.2999999999999998] [-1.2999999999999998:7.9374999999999991]
tree_sizes=1716 1804 1784 1808 1794 1805 1812 1812 1819 1818 1815 1813 1809 1810 1801 1801 1819 1811 1820 1816 1801 1801 1792 1822 1794 1780 1795 1795 1828 1801 1780 1787 1794 1784 1794 1811 1801 1804 1827 1805 1791 1824 1808 1806 1802 1794 1806 1814 1806 1809 1807 1806 1837 1808 1811 1837 1812 1820 1814 1814 1806 1802 1804 1823 1831 1830 1812 1807 1812 1801 1804 1816 1815 1802 1813 1828 1822 1811 1811 1809 1823 1821 1834 1818 1833 1833 1816 1835 1818 1816 1836 1833 1832 1814 1816 1818 1807 1830 1821 1827 1835 1834 1819 1832 1831 1832 1821 1828 1822 1822 1818 1821 1827 1823 1824 1812 1816 1813 1829 1837 1821 1822 1825 1851 1838 1852 1857 1855 1867 1865 1858 1868 1854 1840 1842 1854 1853 1862 1862 1828 1856 1846 1834 1827 1841 1846 1844 1829 1833 1824 1827 1818 1828 1823 1824 1820 1811 1818 1835 1852 1851 1857 1842 1852 1833 1829 1857 1821 1855 1848 1841 1830 1822 1830 1845 1851 1848 1848 1862 1823 1849 1857 1845 1837 1860 1847 1856 1846 1829 1849 1822 1854 1852 1855 1848 1842 1832 1822 1855 1820 1827 1848 1845 1836 1822 1841 1827 1843 1845 1845 1847 1839 1848 1838 1855 1822 1838 1842 1839 1837 1853 1846 1847 1850 1844 1848 1859 1866 1855 1850 1851 1835 1857 1834 1836 1835 1820 1840 1848 1838 1842 1841 1844 1838 1852 1845 1862 1841 1848 1836 1844 1839 1833 1849 1856 1851 1838 1853 1840 1845 1854 1842 1839 1838 1844 1843 1842 1836 1835 1846 1844 1848 1838 1830 1849 1835 1844 1849 1852 1842 1837 1856 1831 1839 1842 1816 1813 1825 1817 1817 1827 1825 1850 1848 1851 1822 1831 1831 1815 1834 1849 1821 1827 1849 1860 1849 1788 1851 1845 1797 1836 1850 1809 1820 1857 1858 1853 1863 1823 1827 1820 1831 1819 1830 1809 1806 1829 1808 1796 1804 1844 1835 1826 1817 1825 1813 1821 1816 1828 1802 1809 1841 1809 1804 1833 1833 1819 1806 1842 1813 1816 1781 1853 1840 1812 1774 1838 1841 1802 1813 1825 1858 1855 1809 1827 1825 1809 1848 1795 1817 1832 1815 1847 1782 1804 1816 1828 1818 1808 1819 1803 1831 1823 1798 1806 1837 1821 1838 1844 1833 1825 1824 1796 1825 1826 1825 1837 1843 1800 1813

Tree=0
num_leaves=15
num_cat=1
split_feature=57 57 57 1 59 36 6 46 36 31 57 57 40 0
split_gain=104709 1915.64 996.724 888.528 340.764 327.86 313.62 225.614 140.312 129.274 117.966 111.691 108.699 91.3274
threshold=1.1565122431033688 1.3689852550485722 1.0701666665111358 19.500000000000004 0.40542197401079721 27.850000000000005 7.6589493311703949 2.5499999999999998 22.750000000000004 1.0000000180025095e-35 1.2684949987555731 0.97588847153639346 1.3500000000000014 0
decision_type=2 2 2 2 2 2 2 2 2 2 2 2 2 1
left_child=2 3 11 5 -5 6 9 8 -4 10 13 -1 -8 -2
right_child=1 -3 7 4 -6 -7 12 -9 -10 -11 -12 -13 -14 -15
leaf_value=1.161103628538549 1.2030981725454331 1.2171362566947936 1.1955861681699753 1.1941284704208375 1.2019568830728531 1.1992616027593612 1.2035908907651902 1.201221802830696 1.2006476241350175 1.1981588906049729 1.2039346903562547 1.1943732649087906 1.2007856488227844 1.2017759835720063
leaf_weight=55152.400391408242 2931.4156409390271 47547.422223598463 1676.4193803896196 610.60103364894167 509.20512588974088 510.43743467703462 5799.2907612351701 593.11945897107944 242.3737737685442 204.66973276436329 6669.2343287796248 2395.984282863792 291.06064599752426 1743.5873808367178
leaf_count=197314 9026 173602 7043 2329 2629 1688 8659 3003 929 710 24588 9373 521 8034
internal_value=1.19971 1.22985 1.16617 1.22052 1.19034 1.22239 1.22319 1.18781 1.182 1.21976 1.22026 1.16523 1.22964 1.21592
internal_weight=126877 66816.9 60060.3 19269.5 1119.81 18149.7 17639.3 2511.91 1918.79 11548.9 11344.2 57548.4 6090.35 4675
internal_count=449448 231786 217662 58184 4958 53226 51538 10975 7972 42358 41648 206687 9180 17060
cat_boundaries=0 2
cat_threshold=67111042 262144
is_linear=0
shrinkage=1


Tree=1
num_leaves=15
num_cat=1
split_feature=57 57 57 1 0 59 27 46 36 57 14 35 1 57
split_gain=103261 1970.1 1024.44 925.653 350.136 328.512 249.578 213.265 205.721 165.48 139.047 113.576 113.052 95.6041
threshold=1.1565122431033688 1.3915407368908459 1.0701666665111358 19.500000000000004 0 0.55601228778889811 55.500000000000007 2.5499999999999998 28.250000000000004 0.84183857128152284 0.94592306406186222 28.500000000000004 15.500000000000002 1.2046680262528162
decision_type=2 2 2 2 1 2 2 2 2 2 2 2 2 2
left_child=2 3 9 4 8 -5 -6 10 13 -1 -4 12 -8 -2
right_child=1 -3 7 5 6 -7 11 -9 -10 -11 -12 -13 -14 -15
leaf_value=-0.038244751280732459 0.0018482426704879925 0.017287495386600498 6.6737613081930826e-05 -0.0047780325889587435 0.0037516538947820637 0.0029923702031373982 -0.0042057089716196101 0.001460719242691997 -0.0004081263095140442 -0.0062309928597882409 -0.0042366611152887361 0.0022521911710500688 0.016695945987105366 0.0040231522440910368
leaf_weight=52403.354556562379 410.51285326108336 45877.764024223899 412.25085983797908 726.75321601028554 7053.7441157847643 411.1914616888389 229.31615540385246 593.11945897107944 177.0370724722743 5145.0301177096553 1506.5422943201847 2999.4972171112895 59.052378118038177 8872.0558142922819
leaf_count=186308 1160 167459 1934 2882 21903 2242 792 3003 508 20379 6038 12575 200 22065
internal_value=-8.65147e-05 0.0298474 -0.0333874 0.0209331 0.0226971 -0.00969206 0.0181364 -0.011451 0.0276104 -0.0343427 -0.0171002 0.0101438 -0.0105599 0.0283529
internal_weight=126877 66816.9 60060.3 20939.2 19801.2 1137.94 10341.6 2511.91 9459.61 57548.4 1918.79 3287.87 288.369 9282.57
internal_count=449448 231786 217662 64327 59203 5124 35470 10975 23733 206687 7972 13567 992 23225
cat_boundaries=0 1
cat_threshold=67240066
is_linear=0
shrinkage=0.035


Tree=2
num_leaves=15
num_cat=0
split_feature=57 57 1 57 59 6 46 36 61 57 35 57 62 57
split_gain=102037 2177.13 926.949 820.014 356.603 333.709 203.151 197.93 186.037 168.997 192.889 163.71 121.851 133.955
threshold=1.143561007776553 1.3689852550485722 19.500000000000004 1.0557707004963233 0.34156760613242348 7.6446888744146175 1.8000000000000005 28.050000000000004 18.802083333333336 1.4832783480684848 29.500000000000004 0.84183857128152284 1.2874999999999972 1.2132367771513464
decision_type=2 2 2 2 2 2 2 2 2 2 2 2 2 2
left_child=3 2 5 11 -4 8 -5 -7 12 10 -3 -1 13 -2
right_child=1 9 4 6 -6 7 -8 -9 -10 -11 -12 -13 -14 -15
leaf_value=-0.036906184985906823 0.00061834441739320848 -0.00023197277468442581 -0.0056673051018714914 -0.00367503824217618 0.0015600910071283593 0.0035235460074543937 0.00073334778375923619 -0.00093315663553773863 0.0018228605466335947 0.018910188654331323 0.0068921263607144394 -0.0061520614114114998 0.0044586036788672153 0.0031278510363697992
leaf_weight=52403.354556562379 776.21927786176093 256.88746172841638 623.93882260704413 1893.7861638586037 645.98388894554228 6383.6188231511042 612.18379408773035 138.32026427984238 2288.9783537723124 39212.366688351845 8078.1680735182017 4831.4750723689795 4521.2192785502411 4210.7210761238821
leaf_count=186308 3398 1681 2269 7939 3173 9710 3060 255 9747 142483 29438 18827 16254 14906
internal_value=-0.000222072 0.029384 0.0195473 -0.0334926 -0.00930805 0.0215516 -0.0138219 0.0279234 0.0180083 0.0334317 0.0287815 -0.0343513 0.0201666 0.0163254
internal_weight=126877 67136.4 19589 59740.8 1269.92 18319.1 2505.97 6521.94 11797.1 47547.4 8335.06 57234.8 9508.16 4986.94
internal_count=449448 233314 59712 216134 5442 54270 10999 9965 44305 173602 31119 205135 34558 18304
is_linear=0
shrinkage=0.035


Tree=3
num_leaves=15
num_cat=1
split_feature=57 57 1 57 0 59 27 36 46 57 14 35 1 57
split_gain=100961 2282.19 979.666 852.03 384.173 353.154 255.922 217.563 199.02 185.42 116.212 112.74 106.471 105.409
threshold=1.143561007776553 1.4085412607394889 19.500000000000004 1.0557707004963233 0 0.34156760613242348 57.500000000000007 28.250000000000004 1.1999999999999997 0.84183857128152284 0.94592306406186222 28.500000000000004 15.500000000000002 1.2046680262528162
decision_type=2 2 2 2 1 2 2 2 2 2 2 2 2 2
left_child=3 2 4 9 7 -4 -6 13 10 -1 -5 12 -8 -2
right_child=1 -3 5 8 6 -7 11 -9 -10 -11 -12 -13 -14 -15
leaf_value=-0.035614468511400078 0.0019611260996994307 0.016442744819229471 -0.0054689494233059917 -0.00062873633404649583 0.0035424452396568599 0.0016398364406544697 -0.0040771647187922136 -0.00058576388532548653 0.00034244361372329338 -0.0059367392620120994 -0.0045870941003171399 0.0020637355416562434 0.016047787758424505 0.0039237569103923453
leaf_weight=52403.354556562379 466.70618281140924 44592.033765298314 641.9182893151883 439.93051252514124 7576.0758415099699 660.31741815339774 247.06399297714233 199.44610453397036 696.33412352856249 4831.4750723689795 1369.7053218926303 3100.4865086972713 59.924911454319954 9592.4489941392094
leaf_count=186308 1433 162714 2389 1981 24046 3295 854 617 3467 18827 5551 13186 205 24575
internal_value=-0.00032152 0.0291281 0.0200368 -0.0334162 0.0218431 -0.00936992 0.0171989 0.0267511 -0.0133699 -0.0342915 -0.0194602 0.00920884 -0.0107632 0.0274953
internal_weight=126877 67136.4 22544.4 59740.8 21242.2 1302.24 10983.6 10258.6 2505.97 57234.8 1809.64 3407.48 306.989 10059.2
internal_count=449448 233314 70600 216134 64916 5684 38291 26625 10999 205135 7532 14245 1059 26008
cat_boundaries=0 1
cat_threshold=67240066
is_linear=0
shrinkage=0.035


Tree=4
num_leaves=15
num_cat=1
split_feature=57 57 1 57 36 0 59 46 27 59 41 57 1 40
split_gain=99478.9 2383.83 983.591 907.72 376.732 363.131 330.419 280.822 183.494 159.028 120.737 114.509 107.559 110.976
threshold=1.143561007776553 1.4200635270340836 19.500000000000004 0.99277790367660568 28.250000000000004 0 0.55601228778889811 1.7 57.500000000000007 0.63209755774300602 2.5000000000000009 1.2647650279341953 9.5000000000000018 1.3500000000000014
decision_type=2 2 2 2 2 1 2 2 2 2 2 2 2 2
left_child=3 2 4 -1 5 12 -4 9 11 -5 -10 -7 -2 -14
right_child=1 -3 6 7 -6 8 -8 -9 10 -11 -12 -13 13 -15
leaf_value=-0.033182024850429537 0.0021770826348391204 0.016138099408973188 -0.0043997874656918198 -0.0053537004642860058 -0.00094859628939507172 0.0024926029044096878 0.0024901108871160584 0.00033045808724297521 0.0025101465914261546 -0.001926156228102839 -0.0005406086206631933 0.0039711794553255282 0.0039460544058409338 0.0017815609195557282
leaf_weight=55607.342517773621 842.75941226165742 43788.660130907781 815.65551919140853 2073.2121970192529 486.39878363907337 2554.8879056461155 488.90564383845776 723.36126569937915 2568.5206434354186 1336.8836063854396 641.35538494586945 5281.7761246685404 9168.7372310860083 498.76522926986217
leaf_count=198947 3790 159631 3157 7376 1727 8604 2536 3801 11092 6010 2636 16359 22263 1519
internal_value=-0.000460274 0.0287724 0.0197256 -0.0333111 0.0214731 0.0221607 -0.00974147 -0.0174232 0.0176302 -0.021614 0.0105462 0.0205371 0.0268588 0.0279372
internal_weight=126877 67136.4 23347.8 59740.8 22043.2 21556.8 1304.56 4133.46 11046.5 3410.1 3209.88 7836.66 10510.3 9667.5
internal_count=449448 233314 73683 216134 67990 66263 5693 17187 38691 13386 13728 24963 27572 23782
cat_boundaries=0 1
cat_threshold=67240066
is_linear=0
shrinkage=0.035


Tree=5
num_leaves=15
num_cat=1
split_feature=57 57 57 1 0 59 46 59 27 36 35 57 1 40
split_gain=97778 2478.38 1016.72 921.128 379.325 348.811 317.745 240.291 239.081 173.992 112.45 111.575 105.406 115.357
threshold=1.143561007776553 1.4264564600871423 0.88442603758024807 19.500000000000004 0 0.34156760613242348 2.8000000000000003 0.40542197401079721 57.500000000000007 28.250000000000004 28.500000000000004 1.2684949987555731 9.5000000000000018 1.3000000000000016
decision_type=2 2 2 2 1 2 2 2 2 2 2 2 2 2
left_child=2 3 -1 4 9 -5 7 -4 11 12 -10 -6 -2 -14
right_child=1 -3 6 5 8 -7 -8 -9 10 -11 -12 -13 13 -15
leaf_value=-0.033011162142149698 0.0021008847426197534 0.015705887456377264 -0.0057141896190402381 -0.0051235436321910681 0.0024511690833911061 0.0015276991750095992 0.00094382291280153193 -0.0024685497564390082 -0.0021326876081317137 -0.00053206127921026419 0.001966351369116283 0.0038744468740893683 0.0038265886226615856 0.0017935779828897715
leaf_weight=53084.729773347732 856.04738863836974 43395.021190871485 3129.4429157995619 646.13712263875641 2740.3378465920687 666.59730707388371 586.6692241220735 2939.9576736083254 311.9294211268425 217.60199896246195 3207.413676649332 5224.743428130867 9339.2638612044975 531.32876700162888
leaf_count=189399 3841 158113 10586 2410 9111 3319 3022 13127 1080 704 13919 16303 22878 1636
internal_value=-0.000534778 0.0284469 -0.0331036 0.0193412 0.021009 -0.00909667 -0.0201574 -0.0225318 0.0164786 0.025705 0.00885895 0.0198506 0.0263569 0.0273858
internal_weight=126877 67136.4 59740.8 23741.4 22428.7 1312.73 6656.07 6069.4 11484.4 10944.2 3519.34 7965.08 10726.6 9870.59
internal_count=449448 233314 216134 75201 69472 5729 26735 23713 40413 29059 14999 25414 28355 24514
cat_boundaries=0 1
cat_threshold=67240066
is_linear=0
shrinkage=0.035


Tree=6
num_leaves=15
num_cat=1
split_feature=57 57 57 1 46 0 59 59 27 61 36 35 42 1
split_gain=96184.3 2435.2 1222.73 840.371 379.162 374.643 323.787 290.382 247.008 173.44 114.826 110.784 108.494 107.033
threshold=1.1565122431033688 1.4491694541619502 0.79467717542165772 19.500000000000004 2.3000000000000003 0 0.40542197401079721 0.32533907195844747 57.500000000000007 24.966666666666672 22.750000000000004 28.500000000000004 23.550000000000001 15.500000000000002
decision_type=2 2 2 2 2 1 2 2 2 2 2 2 2 2
left_child=2 3 -1 5 6 9 -4 -5 -7 12 -8 13 -2 -10
right_child=1 -3 4 7 -6 8 10 -9 11 -11 -12 -13 -14 -15
leaf_value=-0.032267845030958815 0.0036591220884724576 0.01564423912798615 -0.0056851018506866649 -0.004944219605064382 0.00077946100492696244 0.0034015094462437347 -0.0029538480331931342 0.0014742297038842667 -0.0034667193413749366 4.9460500288368577e-05 -0.00032690623307564116 0.0019836901567820433 -0.0012477888572868913 0.015179139054410149
leaf_weight=51396.477954767877 11442.013753847219 41719.024611976231 4208.5286512437742 579.23706949478947 754.79741577757522 8398.8318330491893 3065.3110322710127 596.59929715376347 266.36446815729141 344.47385729849339 635.18223334103823 3330.5138250812888 76.252980850636959 63.612611457705498
leaf_count=183140 30403 151903 13746 2250 4092 26817 13951 3076 927 1288 2733 14589 307 226
internal_value=-0.000639304 0.0282508 -0.0327788 0.0196223 -0.0205744 0.0210422 -0.0228338 -0.00919925 0.016613 0.0254916 -0.0152143 0.00900303 0.0262444 -0.0101123
internal_weight=126877 66816.9 60060.3 25097.9 8663.82 23922.1 7909.02 1175.84 12059.3 11862.7 3700.49 3660.49 11518.3 329.977
internal_count=449448 231786 217662 79883 34522 74557 30430 5326 42559 31998 16684 15742 30710 1153
cat_boundaries=0 1
cat_threshold=67240066
is_linear=0
shrinkage=0.035


Tree=7
num_leaves=15
num_cat=1
split_feature=57 57 57 1 0 59 46 59 27 36 57 57 35 1
split_gain=94572.5 2656.93 1129.24 890.583 382.339 315.882 312.306 300.357 236.672 187.877 133.762 113.626 110.329 105.206
threshold=1.143561007776553 1.4547464418958134 0.79467717542165772 19.500000000000004 0 0.34156760613242348 2.3000000000000003 0.40542197401079721 57.500000000000007 28.250000000000004 1.2684949987555731 1.5999690615933397 28.500000000000004 15.500000000000002
decision_type=2 2 2 2 1 2 2 2 2 2 2 2 2 2
left_child=2 3 -1 4 9 -5 7 -4 10 -2 -6 -3 13 -10
right_child=1 11 6 5 8 -7 -8 -9 12 -11 -12 -13 -14 -15
leaf_value=-0.03113847045487526 0.0035392816552840805 0.0077304549062651206 -0.005542530609641461 -0.0047711719188871272 0.002246325334853885 0.0014553490143736304 0.00061262811098834367 -0.0025625353668400266 -0.0033453841644268158 -0.00029058777305973507 0.0037516297047957329 0.019408183797637802 0.0019142610012946727 0.012952148634107666
leaf_weight=51396.477954767877 12025.551563870162 10741.438082936686 4089.739236960886 654.36558932019398 2740.3378465920687 672.67820712830871 662.59269220335409 3591.9897029455751 279.19975849986076 240.52667536586523 5843.9526613901835 30489.137777733384 3380.6199332028627 68.613912850618362
leaf_count=183140 32561 39146 13323 2457 9111 3368 3480 16191 974 819 18554 111129 14951 244
internal_value=-0.000795288 0.0277074 -0.0328258 0.0189109 0.0204188 -0.00896048 -0.0208393 -0.0228256 0.0159827 0.0248218 0.0191946 0.0332285 0.00859896 -0.00995844
internal_weight=126877 67136.4 59740.8 25905.8 24578.8 1327.04 8344.32 7681.73 12312.7 12266.1 8584.29 41230.6 3728.43 347.814
internal_count=449448 233314 216134 83039 77214 5825 32994 29514 43834 33380 27665 150275 16169 1218
cat_boundaries=0 1
cat_threshold=67240066
is_linear=0
shrinkage=0.035


Tree=8
num_leaves=15
num_cat=1
split_feature=57 57 57 57 1 61 0 60 14 46 28 59 1 57
split_gain=93047.9 2227.24 1951.77 511.826 472.21 359.524 276.334 244.283 229.275 220.881 276.568 165.478 139.219 136.205
threshold=1.1945966958805496 1.4547464418958134 1.0701666665111358 0.70685354671678924 19.500000000000004 18.802083333333336 0 -0.22610730998347078 0.98774795522931602 1.6500000000000006 57.500000000000007 0.34156760613242348 10.500000000000002 1.5999690615933397
decision_type=2 2 2 2 2 2 1 2 2 2 2 2 2 2
left_child=2 4 3 -1 5 6 -2 12 -5 10 -4 -6 -7 -3
right_child=1 13 9 8 11 7 -8 -9 -10 -11 -12 -13 -14 -15
leaf_value=-0.030375634925989711 0.0036489254310127874 0.0074598889845458411 -0.00026300586819998811 -0.0024030512757710512 -0.0041539911920626844 0.0028716546370979924 0.0030660348202315672 0.0031605313408579463 -0.0054938265221103023 0.0009223834759007533 -0.0048935661238778258 0.0019006075704062744 0.00014800025998822354 0.018728897364720477
leaf_weight=49702.469004030572 9848.1911834180355 10741.438082936686 1276.115918956697 2022.3228012882173 404.63184714992531 570.10794846341014 9509.106703363359 1621.8837038651109 5823.5928689532448 1173.3983683167025 1193.6262097787112 367.13467847835273 2134.0644990354776 30489.137777733384
leaf_count=176913 25316 39146 5354 9402 1735 2684 31513 5268 20372 5677 4616 2008 8315 111129
internal_value=-0.000911909 0.0280155 -0.0319633 -0.033536 0.0196328 0.0205108 0.0225514 0.0113488 -0.0251543 -0.00709746 -0.0130208 -0.00722805 0.00487472 0.0329815
internal_weight=126877 65685.7 61191.5 57548.4 24455.1 23683.4 19357.3 4326.06 7845.92 3643.14 2469.74 771.767 2704.17 41230.6
internal_count=449448 227114 222334 206687 76839 73096 56829 16267 29774 15647 9970 3743 10999 150275
cat_boundaries=0 1
cat_threshold=67240066
is_linear=0
shrinkage=0.035


Tree=9
num_leaves=15
num_cat=1
split_feature=57 57 57 1 0 46 59 59 27 36 57 62 57 31
split_gain=91675.3 2813.53 1240.04 824.112 388.825 297.204 333.725 286.537 209.447 177.244 159.637 139.124 115.41 112.023
threshold=1.143561007776553 1.4547464418958134 0.77066501298801326 19.500000000000004 0 2.3000000000000003 0.40542197401079721 0.32533907195844747 57.500000000000007 28.050000000000004 1.5999690615933397 1.3770833333333343 1.2684949987555731 1.0000000180025095e-35
decision_type=2 2 2 2 1 2 2 2 2 2 2 2 2 2
left_child=2 3 -1 4 9 6 -4 -5 12 11 13 -2 -6 -3
right_child=1 10 5 7 8 -7 -8 -9 -10 -11 -12 -13 -14 -15
leaf_value=-0.029081401259470389 0.0026877513905170384 0.0072722007584992117 -0.0052997447973219787 -0.0044587912100038799 0.0020748357012754072 0.00059002825094893528 -0.0023721410650990229 0.0012760670250084017 0.0015480535974942524 -0.00014065063493744147 0.018073385956955262 0.0040250433214888918 0.0035130114464197774 0.00028574245695502158
leaf_weight=50961.092588898027 6163.6587627232075 10563.253155726474 4375.9171861654613 639.50520043773577 2740.3378465920687 663.51080053206533 3740.2790112821385 687.53859601076692 3728.4336045533419 269.17640722543001 30489.137777733384 5833.2430692873895 5843.9526613901835 178.18492721021175
leaf_count=181538 17088 38493 14238 2409 9111 3486 16872 3416 16169 911 111129 15381 18554 653
internal_value=-0.00102983 0.0270329 -0.0325658 0.0179822 0.0194327 -0.0203772 -0.0222163 -0.00882783 0.0149669 0.023868 0.0327139 0.0245173 0.0179883 0.0289398
internal_weight=126877 67136.4 59740.8 25905.8 24578.8 8779.71 8116.2 1327.04 12312.7 12266.1 41230.6 11996.9 8584.29 10741.4
internal_count=449448 233314 216134 83039 77214 34596 31110 5825 43834 33380 150275 32469 27665 39146
cat_boundaries=0 1
cat_threshold=67240066
is_linear=0
shrinkage=0.035


Tree=10
num_leaves=15
num_cat=1
split_feature=57 57 57 1 0 46 14 59 27 57 36 62 57 57
split_gain=90127.9 2894.31 1311.47 776.375 395.015 311.168 394.625 271.987 189.683 182.109 171.458 130.876 112.392 106.854
threshold=1.143561007776553 1.4547464418958134 0.70685354671678924 19.500000000000004 0 1.7500000000000002 0.98774795522931602 0.32533907195844747 57.500000000000007 1.618384297366755 28.050000000000004 1.3770833333333343 1.2778149440562661 1.243331318502668
decision_type=2 2 2 2 1 2 2 2 2 2 2 2 2 2
left_child=2 3 -1 4 10 6 -4 -5 12 -3 11 13 -6 -2
right_child=1 9 5 7 8 -7 -8 -9 -10 -11 -12 -13 -14 -15
leaf_value=-0.028294638659498605 0.0012435152348228241 0.0071155856858778292 -0.0017311057535192478 -0.0043027335176537467 0.0020401561913004941 3.1122285893137036e-05 -0.0049028624273566041 0.0012314046791331047 0.001493871721581951 0.017924110385740575 -0.00013572786271462856 0.0038841668052367845 0.0035361416657215409 0.0027970747514068873
leaf_weight=49702.469004030572 908.32415555231273 12107.161961875157 2412.0062610246241 639.50520043773577 3171.2310966067016 807.48125867079943 6818.8430631516967 687.53859601076692 3728.4336045533419 29123.413898794912 269.17640722543001 5833.2430692873895 5413.0594113755506 5255.3346071708947
leaf_count=176913 2269 43843 10898 2409 10164 4308 24015 3416 16169 106432 911 15381 17501 14819
internal_value=-0.00111524 0.0267096 -0.0323839 0.0175305 0.0189384 -0.0208084 -0.0226291 -0.00849181 0.0144414 0.0324714 0.0234062 0.0240449 0.017317 0.0204079
internal_weight=126877 67136.4 59740.8 25905.8 24578.8 10038.3 9230.85 1327.04 12312.7 41230.6 12266.1 11996.9 8584.29 6163.66
internal_count=449448 233314 216134 83039 77214 39221 34913 5825 43834 150275 33380 32469 27665 17088
cat_boundaries=0 1
cat_threshold=67240066
is_linear=0
shrinkage=0.035


Tree=11
num_leaves=15
num_cat=1
split_feature=57 57 57 1 46 61 59 0 57 60 14 59 57 57
split_gain=88440.1 2461.76 2079.51 433.876 422.868 381.885 332.625 286.088 224.191 217.968 163.231 150.558 138.3 130.941
threshold=1.1945966958805496 1.4895787902721505 0.88442603758024807 19.500000000000004 1.6500000000000006 18.802083333333336 0.39753913293121995 0 0.67160957901673302 -0.29258949745833535 0.98774795522931602 0.22611359161738889 1.6591989981469972 1.3028943127967711
decision_type=2 2 2 2 2 2 2 1 2 2 2 2 2 2
left_child=2 3 8 5 6 7 -4 -2 -1 -7 -10 -5 -3 -9
right_child=1 12 4 11 -6 9 -8 13 10 -11 -12 -13 -14 -15
leaf_value=-0.027481656383110644 0.0034020470272280116 0.0076281939678093024 -0.0045030400213879433 -0.004152137844535865 0.00056828798215946227 0.00074136794862710747 -0.0016308315018140054 0.0020815116580771521 -0.0021822149225906107 0.0026744466779048096 -0.0058617099281176597 0.0012886457625176828 0.018770531895469636 0.0037663155092676785
leaf_weight=48630.100186324446 10917.727054147981 13317.797223130707 3518.6804637783207 342.88861120212823 1354.8461044323631 2692.1310512945056 3233.2688297657296 4555.344514652621 1035.8817114420235 2023.9734304919839 3418.7478755812626 431.99846998136491 25583.171533758054 5820.6645357843954
leaf_count=173756 28775 45507 11579 1467 6951 11535 14405 14297 4602 6953 11041 2297 95453 20830
internal_value=-0.00121308 0.026989 -0.0314859 0.0188111 -0.0149494 0.01958 -0.0185256 0.0215774 -0.0340079 0.010535 -0.026339 -0.00691971 0.0326135 0.0173078
internal_weight=126877 65685.7 61191.5 26784.7 8106.8 26009.8 6751.95 21293.7 53084.7 4716.1 4454.63 774.887 38901 10376
internal_count=449448 227114 222334 86154 32935 82390 25984 63902 189399 18488 15643 3764 140960 35127
cat_boundaries=0 1
cat_threshold=67240066
is_linear=0
shrinkage=0.035


Tree=12
num_leaves=15
num_cat=1
split_feature=57 57 57 1 0 59 14 46 57 61 57 62 59 57
split_gain=87014.2 3185 1265.92 752.336 443.857 290.417 285.525 303.398 213.235 187.135 182.22 135.031 128.856 115.566
threshold=1.1313422850242556 1.4765724853137288 0.70685354671678924 19.500000000000004 0 0.34156760613242348 0.94592306406186222 1.7500000000000002 1.2828418053398616 18.718750000000004 1.6591989981469972 1.3770833333333343 0.36571913681022045 1.2132367771513464
decision_type=2 2 2 2 1 2 2 2 2 2 2 2 2 2
left_child=2 3 -1 4 9 -5 -4 -8 -6 11 -3 13 -10 -2
right_child=1 10 6 5 8 -7 7 -9 12 -11 -12 -13 -14 -15
leaf_value=-0.026342468333007282 0.00041693646936850074 0.0072528560675239268 -0.0013930121451421387 -0.0041110669081072951 0.0015045696147719335 0.0011723090724479492 -0.0044647483273279921 0.00025035620146705129 0.0038609449201546134 0.0016650431977586523 0.018113563279128199 0.0040357254345845788 0.0021811117274406766 0.002604513591190192
leaf_weight=49702.469004030572 452.97367985546589 14096.115677118767 1928.2642460614443 674.61885851528496 5035.6290090486873 751.61355568747967 7164.733493842883 565.34490135591477 3829.1629328811541 2329.1376476287842 25583.171533758054 5105.8587291762233 4316.638911485672 5341.4894153214991
leaf_count=176913 1221 48663 8996 2562 18157 3656 25616 3049 11376 8143 95453 13029 18425 14189
internal_value=-0.00131345 0.0258627 -0.0322225 0.0167771 0.0181142 -0.00793646 -0.0205905 -0.0235957 0.0135106 0.02266 0.0322309 0.0246075 0.0170216 0.0208649
internal_weight=126877 67516.4 59360.8 27837.1 26410.9 1426.23 9658.34 7730.08 13181.4 13229.5 39679.3 10900.3 8145.8 5794.46
internal_count=449448 234874 214574 90758 84540 6218 37661 28665 47958 36582 144116 28439 29801 15410
cat_boundaries=0 1
cat_threshold=67240066
is_linear=0
shrinkage=0.035


Tree=13
num_leaves=15
num_cat=1
split_feature=57 57 57 1 0 36 46 28 55 27 36 57 62 57
split_gain=85252.9 3114.08 1493.51 728.735 369.25 347.451 276.094 260.782 245.406 206.491 180.307 171.453 154.544 141.114
threshold=1.143561007776553 1.4895787902721505 0.67160957901673302 19.500000000000004 0 18.850000000000005 1.6500000000000006 58.500000000000007 3.0000000000000004 57.500000000000007 27.850000000000005 1.6724751185525988 1.5416666666666672 1.3028943127967711
decision_type=2 2 2 2 1 2 2 2 2 2 2 2 2 2
left_child=2 3 -1 4 10 6 8 -5 -4 13 12 -3 -2 -6
right_child=1 11 5 7 9 -7 -8 -9 -10 -11 -12 -13 -14 -15
leaf_value=-0.025597812018046517 0.0023757022646684538 0.0071471987492798487 -0.0043943909144146471 0.0024258797959153446 0.0019525556617969633 -0.00085110774666846028 -0.0002339407529542992 -0.0030708800649123071 0.00068006006865612095 0.0013775287821970019 -0.00010096120270085108 0.017902858432255742 0.0037969043436878783 0.0037657619528074417
leaf_weight=48630.100186324446 7169.297992493026 14341.342068191851 8186.2035962555092 475.22341259103268 4187.171294307569 1910.499324593693 640.44707373809069 854.94093941268511 373.54940596595407 3951.7076224312186 354.3867509290576 24559.62668869691 6040.2173524051905 5202.5078874316532
leaf_count=173756 20209 48639 28030 2417 13190 8547 3327 3429 2474 17918 1253 92321 16450 17488
internal_value=-0.00138911 0.0256728 -0.0318004 0.0168153 0.0180656 -0.0201915 -0.0230106 -0.00842018 -0.0246672 0.0138698 0.0221526 0.0320959 0.0228295 0.0167053
internal_weight=126877 67136.4 59740.8 28235.5 26905.3 11110.7 9200.2 1330.16 8559.75 13341.4 13563.9 38901 13209.5 9389.68
internal_count=449448 233314 216134 92354 86508 42378 33831 5846 30504 48596 37912 140960 36659 30678
cat_boundaries=0 1
cat_threshold=67240066
is_linear=0
shrinkage=0.035


Tree=14
num_leaves=15
num_cat=0
split_feature=57 57 57 57 36 46 27 55 46 57 60 36 40 46
split_gain=83537.7 3302.61 1401.37 713.538 463.676 370.396 267.961 257.606 232.767 215.562 174.985 167.214 206.132 165.099
threshold=1.1313422850242556 1.4765724853137288 0.59125773532286308 1.2731570032891582 17.450000000000003 1.6500000000000006 59.500000000000007 3.0000000000000004 2.5499999999999998 1.6984467519093798 -0.8038981836306559 27.250000000000004 1.1500000000000012 -0.65000000000000024
decision_type=2 2 2 2 2 2 2 2 2 2 2 2 2 2
left_child=2 3 -1 5 7 10 -5 8 -4 -3 13 12 -8 -2
right_child=1 9 4 6 -6 -7 11 -9 -10 -11 -12 -13 -14 -15
leaf_value=-0.025293824252517021 -0.0034798294222013262 0.0069458208882882799 -0.0042197415386469473 0.0032177085303510713 -0.0013519118156591994 0.0019947522678479168 0.0026600135776222436 -9.6298548237476757e-05 0.0009316480681635154 0.017965359606304035 0.00067602376626469405 -0.00044293991160234916 -0.00033394060086374468 0.0003385459725346407
leaf_weight=45312.04191489704 727.35497145494446 16815.557483243058 10190.132336631417 13775.992436323315 3098.2452733069658 5229.6359300853219 4266.1614620164037 472.70706597343087 287.68505448196083 22863.729727633763 1906.5708517534658 622.13598204031587 738.5879274494946 570.68317847698927
leaf_count=162778 2876 57938 33529 39564 13593 16697 17533 3163 1511 86178 6473 2520 2910 2185
internal_value=-0.00148892 0.0251388 -0.0317742 0.0158879 -0.0220866 0.00737668 0.0195819 -0.0254691 -0.0266083 0.0316233 -0.00199064 0.0131053 0.0152294 -0.0118546
internal_weight=126877 67516.4 59360.8 27837.1 14048.8 8434.24 19402.9 10950.5 10477.8 39679.3 3204.61 5626.89 5004.75 1298.04
internal_count=449448 234874 214574 90758 51796 28231 62527 38203 35040 144116 11534 22963 20443 5061
is_linear=0
shrinkage=0.035


Tree=15
num_leaves=15
num_cat=2
split_feature=57 57 57 1 36 0 57 59 55 57 61 0 57 62
split_gain=81820.4 3317.59 1480.84 637.503 466.779 376.845 304.553 274.36 266.831 237.197 190.592 172.36 172.27 149.041
threshold=1.1313422850242556 1.4547464418958134 0.56920355648871912 19.500000000000004 17.450000000000003 0 1.7527216668572974 0.34156760613242348 3.0000000000000004 1.0557707004963233 18.718750000000004 1 1.243331318502668 1.3333333333333346
decision_type=2 2 2 2 2 1 2 2 2 2 2 1 2 2
left_child=2 3 -1 5 8 10 11 -5 9 -4 13 -3 -7 -2
right_child=1 6 4 7 -6 12 -8 -9 -10 -11 -12 -13 -14 -15
leaf_value=-0.02459181930331877 0.0021893414800205659 0.0072508919334195463 -0.0042098207607281441 -0.0038482277755886754 -0.0013784066992490664 0.0005605616928591906 0.018368191926508869 0.0011456585819674238 1.3018358290285971e-05 -0.0023050596425461026 0.0013322143114370623 0.0058203325126439604 0.0023243159941012119 0.0035886821491889122
leaf_weight=44570.924200935522 5399.1435927636921 10741.041899331845 9654.6972905767616 674.58812518161722 3292.3517407700419 2184.215565522667 20504.776272948133 750.67442235630006 484.82099237293005 1358.0174206355587 2172.2347658351064 9984.7576883900911 10363.143254333176 4741.8343638144433
leaf_count=159645 14329 23583 31417 2560 14478 9339 76772 3648 3260 5774 7426 49920 35434 11863
internal_value=-0.00162432 0.0247283 -0.0315967 0.0150027 -0.0219722 0.0163078 0.0309236 -0.00771656 -0.0253001 -0.0264178 0.0206719 0.0278868 0.0119861 0.0227076
internal_weight=126877 67516.4 59360.8 26285.8 14789.9 24860.6 41230.6 1425.26 11497.5 11012.7 12313.2 20725.8 12547.4 10141
internal_count=449448 234874 214574 84599 54929 78391 150275 6208 40451 37191 33618 73503 44773 26192
cat_boundaries=0 1 2
cat_threshold=67240066 137216
is_linear=0
shrinkage=0.035


Tree=16
num_leaves=15
num_cat=1
split_feature=57 57 57 57 36 46 55 57 61 57 61 60 1 0
split_gain=80262.6 3385.61 1547.66 683.345 454.647 342.703 269.175 266.283 248.943 242.961 170.07 138.838 177.289 136.534
threshold=1.1313422850242556 1.4895787902721505 0.56920355648871912 1.2869651534557804 18.450000000000003 1.6500000000000006 3.0000000000000004 1.7987097269884027 18.518750000000008 1.0557707004963233 20.356250000000003 -0.8038981836306559 19.500000000000004 0
decision_type=2 2 2 2 2 2 2 2 2 2 2 2 2 1
left_child=2 3 -1 5 6 11 9 13 -5 -4 -7 12 -2 -3
right_child=1 7 4 8 -6 10 -8 -9 -10 -11 -12 -13 -14 -15
leaf_value=-0.023731105627702614 0.00033498567771509064 0.0073262386141240759 -0.0040277684951209747 0.0031420021048952644 -0.0010803170150724829 0.0020387262722487711 0.00013186340310977152 0.018574561128537542 0.0016537832567542878 -0.00217104504119792 -0.00012855216460054165 0.00076606686779855939 -0.0034607961751954202 0.0061093232542760237
leaf_weight=44570.924200935522 784.83170330664143 10878.974535965361 10077.459453727817 14832.745528998319 2751.3708872944117 5422.3970130661037 497.96875503659248 18726.731851188932 3813.5127676725388 1463.0883482964709 926.15306894853711 2167.2008087886497 668.60030280752108 9295.2623697344679
leaf_count=159645 3040 24547 33291 45770 12032 16532 3347 69086 15116 6259 3503 7383 2570 47327
internal_value=-0.00174779 0.0243528 -0.0314335 0.0152062 -0.0215958 0.00779806 -0.0245293 0.0310754 0.0191607 -0.0256155 0.0126924 -0.000795216 -0.00912994 0.0282372
internal_weight=126877 67516.4 59360.8 28615.4 14789.9 9969.18 12038.5 38901 18646.3 11540.5 6348.55 3620.63 1453.43 20174.2
internal_count=449448 234874 214574 93914 54929 33028 42897 140960 60886 39550 20035 12993 5610 71874
cat_boundaries=0 1
cat_threshold=137216
is_linear=0
shrinkage=0.035


Tree=17
num_leaves=15
num_cat=1
split_feature=57 57 57 57 36 1 57 55 28 61 57 1 0 36
split_gain=78619.4 3434.21 1616.8 649.925 448.589 341.285 312.125 264.633 235.317 234.554 231.718 152.285 140.299 139.466
threshold=1.1313422850242556 1.4895787902721505 0.55701190368246045 1.3028943127967711 17.450000000000003 19.500000000000004 1.7987097269884027 3.0000000000000004 58.500000000000007 18.518750000000008 1.0557707004963233 9.5000000000000018 0 27.850000000000005
decision_type=2 2 2 2 2 2 2 2 2 2 2 2 1 2
left_child=2 3 -1 5 7 11 12 10 -7 -5 -4 -2 -3 -13
right_child=1 6 4 9 -6 8 -8 -9 -10 -11 -12 13 -14 -15
leaf_value=-0.023040362968806322 -0.00030723163212059815 0.0070698202626297297 -0.003931232095418671 0.0032654740324128853 -0.001289627647747691 0.0020151673203039292 0.017924451489038727 2.5078176637532982e-05 -0.0030444065148974189 0.0016775814780002297 -0.0021483959786150609 0.0016987762041765265 0.0058954969403763663 -0.0017360078994890773
leaf_weight=44140.717358685564 1007.546996893594 10878.974535965361 9998.6029533729888 13050.859183221823 3361.4136298894882 476.43241076450795 18726.731851188932 502.06028270721436 769.99306018603966 3276.5214436799288 1358.0174206355587 9785.4166006294545 9295.2623697344679 248.67149821296334
leaf_count=158081 4983 24547 32607 41013 14781 2325 69086 3331 2953 13589 5774 28213 47327 838
internal_value=-0.00187322 0.0239588 -0.0312534 0.0147472 -0.0213908 0.00865634 0.0307293 -0.0245905 -0.00865146 0.0193231 -0.0256889 0.0106162 0.0276646 0.0119176
internal_weight=126877 67516.4 59360.8 28615.4 15220.1 12288.1 38901 11858.7 1246.43 16327.4 11356.6 11041.6 20174.2 10034.1
internal_count=449448 234874 214574 93914 56493 39312 140960 41712 5278 54602 38381 34034 71874 29051
cat_boundaries=0 1
cat_threshold=137216
is_linear=0
shrinkage=0.035


Tree=18
num_leaves=15
num_cat=1
split_feature=57 57 57 57 14 57 46 46 61 61 0 57 62 11
split_gain=77014.7 3451.21 1745.33 632.217 520.84 355.355 327.545 296.749 230.466 161.389 149.756 142.291 135.066 128.058
threshold=1.1313422850242556 1.4895787902721505 0.51826326166050007 1.2869651534557804 0.98774795522931602 1.8259023086721693 2.5499999999999998 1.6500000000000006 18.518750000000008 20.356250000000003 0 0.93886198547215516 -1.3500000000000003 0.9953765851692965
decision_type=2 2 2 2 2 2 2 2 2 2 1 2 2 2
left_child=2 3 -1 7 12 10 11 -2 13 -9 -3 -6 -4 -5
right_child=1 5 4 8 6 -7 -8 9 -10 -11 -12 -13 -14 -15
leaf_value=-0.022470164203231197 -0.00011901968478323257 0.0069571030613266036 -0.0028367541936756748 0.0021892753799169552 -0.0041815022539396967 0.017779508263597789 0.0010989064273706597 0.0019085795105564486 0.0015406831018220535 -0.00014066569951281973 0.0055393054902656219 -0.0028445770228685279 -0.00083124550614272386 0.003330798329888435
leaf_weight=42869.342055636225 3620.6328149028122 12836.284465313889 1634.5096364766359 5246.2248623536434 8313.6661813862156 17815.559677875834 411.29319401318207 5422.3970130661037 3813.5127676725388 926.15306894853711 8249.1246136990376 3322.3757979767397 2809.6247798018157 9586.5206666446757
leaf_count=153412 12993 33544 7024 17139 27399 64453 2116 16532 15116 3503 42963 11913 12710 28631
internal_value=-0.001954 0.0236131 -0.0310328 0.014379 -0.0213332 0.0304002 -0.0251119 0.00725374 0.0181825 0.0118082 0.0272857 -0.0261964 -0.0110563 0.0201582
internal_weight=126877 67516.4 59360.8 28615.4 16491.5 38901 12047.3 9969.18 18646.3 6348.55 21085.4 11636 4444.13 14832.7
internal_count=449448 234874 214574 93914 61162 140960 41428 33028 60886 20035 76507 39312 19734 45770
cat_boundaries=0 1
cat_threshold=67246080
is_linear=0
shrinkage=0.035


Tree=19
num_leaves=15
num_cat=1
split_feature=57 57 57 57 14 57 46 1 59 61 57 0 1 59
split_gain=75644.8 3476.42 1846.87 604.827 544.12 394.397 326.377 296.065 219.803 218.342 153.622 150.38 137.414 139.22
threshold=1.1313422850242556 1.4895787902721505 0.45144947034115807 1.3028943127967711 0.98774795522931602 1.8259023086721693 2.5499999999999998 19.500000000000004 0.35769492645306972 18.518750000000008 0.93886198547215516 0 9.5000000000000018 0.69016699705532247
decision_type=2 2 2 2 2 2 2 2 2 2 2 1 2 2
left_child=2 3 -1 7 -4 11 10 12 -9 -5 -6 -3 -2 -14
right_child=1 5 4 9 6 -7 -8 8 -10 -11 -12 -13 13 -15
leaf_value=-0.021767938084673578 -0.00031062410625046005 0.0067136044541801689 -0.0016110213201616876 0.003056020494838432 -0.004126261534421403 0.017157225474371866 0.0010604447024126829 -0.0035955014968307632 0.00080599737417936146 0.0015649422177064522 -0.0027450168270681322 0.005345429798106322 0.0017571809798994388 0.00060756972446285979
leaf_weight=41795.479571246775 1007.546996893594 12836.284465313889 4727.7906295284629 13050.859183221823 9103.8724525256548 17815.559677875834 411.29319401318207 606.88835573149845 639.53711521904916 3276.5214436799288 3322.3757979767397 8249.1246136990376 7214.6916451153811 2819.3964537270367
leaf_count=148733 4983 33544 21240 41013 30572 64453 2116 2220 3058 13589 11913 42963 19652 9399
internal_value=-0.0020771 0.0232616 -0.0308961 0.0139941 -0.0213511 0.0300734 -0.0250904 0.00811868 -0.00800199 0.0184083 -0.0261052 0.0267968 0.00994405 0.0111803
internal_weight=126877 67516.4 59360.8 28615.4 17565.3 38901 12837.5 12288.1 1246.43 16327.4 12426.2 21085.4 11041.6 10034.1
internal_count=449448 234874 214574 93914 65841 140960 44601 39312 5278 54602 42485 76507 34034 29051
cat_boundaries=0 1
cat_threshold=67246080
is_linear=0
shrinkage=0.035


Tree=20
num_leaves=15
num_cat=0
split_feature=57 57 57 57 14 57 46 1 35 28 36 57 59 11
split_gain=74035.9 3542.06 1957.05 642.101 539.138 347.491 308.156 283.033 232.168 203.829 186.836 146.877 137.265 133.251
threshold=1.1313422850242556 1.5211062817007821 0.45144947034115807 1.3114014201657833 0.98774795522931602 1.8570749485026146 2.5499999999999998 19.500000000000004 28.500000000000004 58.500000000000007 27.850000000000005 0.93886198547215516 0.60505046667002438 0.98969534975046791
decision_type=2 2 2 2 2 2 2 2 2 2 2 2 2 2
left_child=2 3 -1 7 -4 -3 11 12 -5 -9 13 -6 -2 -10
right_child=1 5 4 8 6 -7 -8 9 10 -11 -12 -13 -14 -15
leaf_value=-0.021006060251710004 0.0016203829783904746 0.0064282244813586896 -0.0015546355739560294 -0.0016876752646284067 -0.0039818423807166537 0.016998187960576464 0.0010233291378282372 0.0019205922449644288 0.0023531547766956562 -0.0028075754870179317 -0.00029636364096346184 -0.0026489412381207459 0.00058638913993542044 0.0035355668671449873
leaf_weight=41795.479571246775 8240.5672841174528 19932.708191594807 4727.7906295284629 438.18303889525123 9103.8724525256548 16705.380694938358 411.29319401318207 483.4462107969448 4968.748812308535 777.34516017651185 461.23263347521424 3322.3757979767397 4110.7011977247894 11398.096726449206
leaf_count=148733 22645 73361 21240 2698 30572 59750 2116 2351 18479 2982 1875 11913 14557 36176
internal_value=-0.00224842 0.0228194 -0.0307593 0.0140799 -0.0209352 0.030179 -0.0246571 0.00838615 0.0185612 -0.00736489 0.0192162 -0.0256432 0.00999864 0.0198351
internal_weight=126877 67516.4 59360.8 30878.3 17565.3 36638.1 12837.5 13612.1 17266.3 1260.79 16828.1 12426.2 12351.3 16366.8
internal_count=449448 234874 214574 101763 65841 133111 44601 42535 59228 5333 56530 42485 37202 54655
is_linear=0
shrinkage=0.035


Tree=21
num_leaves=15
num_cat=0
split_feature=57 57 57 57 14 57 46 46 35 36 57 57 36 36
split_gain=72520.5 3582.92 2056.82 713.9 554.202 303.817 299.27 295.402 220.977 206.36 158.191 152.326 146.869 138.462
threshold=1.1313422850242556 1.5480431917276245 0.42610336992466463 1.3329247926096357 0.98774795522931602 1.8570749485026146 2.5499999999999998 1.7500000000000002 28.500000000000004 27.850000000000005 0.81747493238989788 1.2352061784186319 28.750000000000004 22.150000000000002
decision_type=2 2 2 2 2 2 2 2 2 2 2 2 2 2
left_child=2 3 -1 7 13 -3 10 11 -5 -9 -6 -2 -10 -4
right_child=1 5 4 8 6 -7 -8 9 12 -11 -12 -13 -14 -15
leaf_value=-0.020287622421965582 -0.00083509394108640896 0.0063846614289532373 -0.0018827901275369769 -0.0014297049874064439 -0.0039146989897924549 0.016403251381956287 0.00098751261800424594 0.0016477789331537753 0.0035105479577226765 -0.0017081378920573711 -0.0030065383307308615 0.00096952331229816294 -0.00072370999895599367 0.00027293656358650498
leaf_weight=41489.903187646996 2064.5232676265296 17765.380381489871 3884.5544761493802 435.01168599771336 7604.6309950237628 16705.380694938358 411.29319401318207 10522.857042092597 15890.540833283216 367.84202797710896 5043.5193504740018 3487.6032375029754 277.27077956870198 926.91044198349118
leaf_count=147204 7697 65569 17787 2718 25108 59750 2116 30629 55266 1192 18363 10822 1231 3996
internal_value=-0.00240273 0.0224072 -0.0306203 0.0141657 -0.0206731 0.0303016 -0.0244148 0.00898775 0.0192852 0.012335 -0.0253698 0.00241157 0.0199475 -0.0104876
internal_weight=126877 67516.4 59360.8 33045.6 17870.9 34470.8 13059.4 16442.8 16602.8 10890.7 12648.2 5552.13 16167.8 4811.46
internal_count=449448 234874 214574 109555 67370 125319 45587 50340 59215 31821 43471 18519 56497 21783
is_linear=0
shrinkage=0.035


Tree=22
num_leaves=15
num_cat=0
split_feature=57 57 57 57 59 57 1 46 59 35 36 28 62 36
split_gain=71044.2 3715.44 2073.64 724.29 583.044 329.173 315.183 296.958 231.346 209.544 185.806 212.996 179.007 184.547
threshold=1.1174130525593486 1.5480431917276245 0.42610336992466463 1.3275366942410052 0.41327478071396911 1.8570749485026146 19.500000000000004 2.4000000000000017 0.35769492645306972 28.500000000000004 18.850000000000005 1.5000000000000002 -0.12291666666666677 27.850000000000005
decision_type=2 2 2 2 2 2 2 2 2 2 2 2 2 2
left_child=2 3 -1 6 7 -3 12 -4 -8 -5 11 -6 -2 -14
right_child=1 5 4 9 10 -7 8 -9 -10 -11 -12 -13 13 -15
leaf_value=-0.019577555637196788 0.00025542743849036876 0.0061611982789398709 -0.0038484327625912377 -0.0013773863176922642 0.0011330605390918586 0.015829137583587817 -0.0033439369279057709 0.0025099510284929674 0.00082088051350730391 0.0032879313139363678 -0.00069841494185917459 -0.002571567602207094 0.0015765920383977907 -0.0016529102049459457
leaf_weight=41489.903187646996 2835.9834256526083 17765.380381489871 9122.3518354168627 440.2214318071492 489.12003135308623 16705.380694938358 701.77468666899949 221.97133801411837 765.64388584252447 16656.855580106378 2581.8140776157379 5099.7837505936623 11642.364003718365 358.67328490316868
leaf_count=147204 9898 65569 28124 2762 3109 59750 2589 1092 3558 57998 11412 22011 33225 1147
internal_value=-0.00252612 0.021892 -0.0306128 0.0135667 -0.0204939 0.0299528 0.00828111 -0.0264681 -0.0071546 0.0185995 -0.0136376 -0.0172222 0.00981153 0.0116791
internal_weight=126877 67872.3 59004.9 33401.5 17515 34470.8 16304.4 9344.32 1467.42 17097.1 8170.72 5588.9 14837 12001
internal_count=449448 236496 212952 111177 65748 125319 50417 29216 6147 60760 36532 25120 44270 34372
is_linear=0
shrinkage=0.035


Tree=23
num_leaves=15
num_cat=1
split_feature=57 57 57 57 59 57 46 36 46 36 28 11 60 0
split_gain=69704 3834.82 2041.66 743.726 560.856 358.664 310.088 213.424 208.353 174.724 204.25 164.785 144.517 143.495
threshold=1.1056752588414884 1.5480431917276245 0.42610336992466463 1.3114014201657833 0.41327478071396911 1.8570749485026146 1.7500000000000002 27.250000000000004 2.5499999999999998 18.850000000000005 1.5000000000000002 0.99008769215259795 -0.92260537345622995 0
decision_type=2 2 2 2 2 2 2 2 2 2 2 2 2 1
left_child=2 3 -1 6 8 13 12 11 -4 10 -6 -5 -2 -3
right_child=1 5 4 7 9 -7 -8 -9 -10 -11 -12 -13 -14 -15
leaf_value=-0.018892341189894902 -0.0016142577865033848 0.0063034981470112958 -0.0037218348570019991 0.002138769059912368 0.0010917810382340555 0.015275117768162245 0.0013834499790441647 -0.00012476832300480135 0.0023544579342670339 -0.00072484172351957763 -0.0025128704128287585 0.0032878321399281265 0.00053441080491149599 0.0051003622783233745
leaf_weight=41489.903187646996 1243.50081106578 11511.364831459709 8965.4349194322713 5783.1849659348372 483.59708273038268 16705.380694938358 9082.6726368099917 746.45390987768769 163.41239841748029 2500.1929682381451 5017.8427699478343 12903.950145420618 4026.3147238176316 6254.0155500301626
leaf_count=147204 4656 31102 27570 22521 3071 59750 27514 3193 837 11056 21631 41306 13570 34467
internal_value=-0.00264693 0.0213929 -0.0306375 0.0130073 -0.0204513 0.0296057 0.00695767 0.0174693 -0.0263835 -0.013659 -0.0171431 0.018202 0.000201999 0.0261018
internal_weight=126877 68256.8 58620.4 33786.1 17130.5 34470.8 14352.5 19433.6 9128.85 8001.63 5501.44 18687.1 5269.82 17765.4
internal_count=449448 238079 211369 112760 64165 125319 45740 67020 28407 35758 24702 63827 18226 65569
cat_boundaries=0 1
cat_threshold=67246080
is_linear=0
shrinkage=0.035


Tree=24
num_leaves=15
num_cat=0
split_feature=57 57 57 57 59 57 57 46 35 36 28 40 36 36
split_gain=68266.5 3833.58 2120.49 722.289 555.62 373.726 318.353 201.463 197.075 172.936 200.057 138.392 152.655 138.18
threshold=1.1056752588414884 1.554525095392483 0.42610336992466463 1.3329247926096357 0.41327478071396911 1.8570749485026146 1.1945966958805496 2.5499999999999998 29.500000000000004 20.550000000000004 1.5000000000000002 0.30000000000000043 27.850000000000005 28.750000000000004
decision_type=2 2 2 2 2 2 2 2 2 2 2 2 2 2
left_child=2 3 -1 6 7 -3 -2 -4 -5 10 -6 12 -8 -10
right_child=1 5 4 8 9 -7 11 -9 13 -11 -12 -13 -14 -15
leaf_value=-0.018231109248248577 -0.0006323288381440607 0.0057569655081584695 -0.0035915706370069269 -0.0013007524742483846 0.0011075847412881207 0.014740488646276566 0.001446665478213618 0.002272051906567684 0.0032110522848923799 -0.0004586422522942591 -0.0023091239315085094 0.00027762277821058668 -0.0012481920904957257 -0.0008237520008705047
leaf_weight=41489.903187646996 2571.1418449110352 17310.988721473608 8965.4349194322713 462.12544854986481 502.43350791558623 16705.380694938358 11800.683514693519 163.41239841748029 16313.740539101884 1759.7136968187988 5739.4856161819771 2441.0500578898937 370.37847658246756 281.34897121414542
leaf_count=147204 10965 63987 27570 2887 3186 59750 33513 837 56658 7662 24910 7854 1213 1252
internal_value=-0.00281569 0.020975 -0.0305161 0.0127018 -0.0201362 0.0292965 0.00763022 -0.0260404 0.0178034 -0.0133761 -0.0161051 0.00962768 0.0111521 0.0184311
internal_weight=126877 68256.8 58620.4 34240.5 17130.5 34016.4 17183.3 9128.85 17057.2 8001.63 6241.92 14612.1 12171.1 16595.1
internal_count=449448 238079 211369 114342 64165 123737 53545 28407 60797 35758 28096 42580 34726 57910
is_linear=0
shrinkage=0.035


Tree=25
num_leaves=15
num_cat=0
split_feature=57 57 57 57 59 57 46 35 36 60 1 59 36 28
split_gain=66571.7 3901.37 2131 724.649 529.314 400.898 335.836 185.057 162.379 160.027 155.862 228.418 154.499 186.897
threshold=1.0949261058531128 1.554525095392483 0.42610336992466463 1.3275366942410052 0.41327478071396911 1.8666427559018484 1.7 28.500000000000004 28.250000000000004 -0.94695267581281539 18.500000000000004 0.030120025924939415 18.850000000000005 1.5000000000000002
decision_type=2 2 2 2 2 2 2 2 2 2 2 2 2 2
left_child=2 3 -1 6 -4 10 9 -5 -8 -2 -3 -12 13 -6
right_child=1 5 4 7 12 -7 8 -9 -10 -11 11 -13 -14 -15
leaf_value=-0.017593020424559878 -0.0017444421147626956 0.0057960955968842679 -0.0034335355183106411 -0.0013115209023761877 0.00099846579036660943 0.014374842005693021 0.0013993230930762657 0.0029998676097437861 -0.0018575266520987012 0.00044720164992272717 -9.5685792365531887e-05 0.0055215936479201923 -0.00073059141233601033 -0.0024046351637836646
leaf_weight=41489.903187646996 1100.2017603463028 15357.183763938956 8951.2048198881093 452.58018601941876 474.61314109712839 16392.775687197223 10679.357476198347 17098.888485910371 270.59866822138429 5019.2190569965169 676.98621787875891 1589.4237473970279 2409.1888769753277 4915.0965200560167
leaf_count=147204 4089 57738 27756 2841 3013 58257 31564 59501 841 17097 2177 5565 10647 21158
internal_value=-0.00293047 0.0204217 -0.0304504 0.0121451 -0.0198933 0.0288394 0.00700418 0.0171379 0.0106715 0.000435276 0.0251365 0.016435 -0.0132001 -0.0164914
internal_weight=126877 68637.2 58240 34620.8 16750.1 34016.4 17069.4 17551.5 10950 6119.42 17623.6 2266.41 7798.9 5389.71
internal_count=449448 239670 209778 115933 62574 123737 53591 62342 32405 21186 65480 7742 34818 24171
is_linear=0
shrinkage=0.035


Tree=26
num_leaves=15
num_cat=0
split_feature=57 57 57 57 14 57 57 57 1 59 35 6 36 28
split_gain=65087 3921.73 2247.17 723.98 524.722 377.703 340.618 213.198 196.466 245.485 185.686 162.318 157.187 147.199
threshold=1.0949261058531128 1.5670083854119952 0.37450808872536351 1.3329247926096357 0.98774795522931602 1.8967799569578108 1.1945966958805496 0.86569472499373434 18.500000000000004 0.030120025924939415 29.500000000000004 7.6747299711719998 27.850000000000005 58.500000000000007
decision_type=2 2 2 2 2 2 2 2 2 2 2 2 2 2
left_child=2 3 -1 6 -4 8 -2 13 11 -10 -5 -3 -12 -6
right_child=1 5 4 10 7 -7 -8 -9 9 -11 12 -13 -14 -15
leaf_value=-0.017021801998768384 -0.00064557628056988181 0.0056802771081488406 -0.0013987911391184489 -0.0011049891257164015 -0.0024781723337834135 0.014563811139467153 0.0011406498352503371 -0.0022591904513935249 -0.00040978217763097625 0.0052049834078292303 0.0030923188186214772 0.0059768731988913068 -0.00035958332953928032 -0.0056387248720820805
leaf_weight=40502.882725821109 2951.5186256605666 8988.0235912897624 4774.9291714690626 501.02146398834884 5294.8414704035968 15164.669357398758 14612.11204916588 4008.9219338905532 638.66063616797328 1468.8030605157837 17054.60711905919 6798.7041104072705 459.09503645077348 3658.4312440792564
leaf_count=142593 12556 46464 21792 3058 16067 53573 42580 14849 2166 5270 58925 13089 1989 14477
internal_value=-0.00302661 0.0200637 -0.0302379 0.011994 -0.0198298 0.0287422 0.00693156 -0.0234839 0.0252598 0.0151027 0.0169231 0.0266054 0.017524 -0.0265007
internal_weight=126877 68637.2 58240 35578.4 17737.1 33058.9 17563.6 12962.2 17894.2 2107.46 18014.7 15786.7 17513.7 8953.27
internal_count=449448 239670 209778 119108 67185 120562 55136 45393 66989 7436 63972 59553 60914 30544
is_linear=0
shrinkage=0.035


Tree=27
num_leaves=15
num_cat=0
split_feature=57 57 57 57 59 57 46 61 1 59 35 57 60 6
split_gain=63499.2 3892.7 2347.96 719.799 521.074 379.48 349.492 209.973 192.207 227.79 169.939 167.269 201.598 165.947
threshold=1.0949261058531128 1.5731983101329898 0.37450808872536351 1.3523803171943671 0.41327478071396911 1.8967799569578108 1.5000000000000004 20.356250000000003 18.500000000000004 0.030120025924939415 29.500000000000004 1.2352061784186319 -0.8038981836306559 7.6747299711719998
decision_type=2 2 2 2 2 2 2 2 2 2 2 2 2 2
left_child=2 3 -1 6 -4 8 11 -8 13 -10 -5 12 -2 -3
right_child=1 5 4 10 -6 -7 7 -9 9 -11 -12 -13 -14 -15
leaf_value=-0.01642603892881149 -0.0026192672473767434 0.0055249770592923483 -0.0033488699186463048 -0.0010514712783309056 -0.0017738601539412499 0.014054077749585798 0.0014392357826067083 5.1655595407787973e-05 -0.0004638426971833543 0.0050537095602846503 0.0031530793448833641 0.00081766076164144783 0.00031380913302915596 0.0057622669589058153
leaf_weight=40502.882725821109 1210.3682300928049 8690.8450350475032 9425.1095429942943 458.13003738131374 8312.0142768481746 15164.669357398758 11174.379158833995 2146.8316531553864 620.68766246363521 1427.6968298917636 15914.560216415673 3536.4607047347818 1577.9041314842179 6714.6820332044736
leaf_count=142593 4762 45217 29767 2828 37418 53573 31953 7276 2099 5144 56537 11472 5922 12887
internal_value=-0.00312528 0.0196817 -0.0300026 0.0117446 -0.0193648 0.0284398 0.00722205 0.0104366 0.0248827 0.0146917 0.0171637 0.000445641 -0.00595277 0.0262273
internal_weight=126877 68637.2 58240 36018.6 17737.1 32618.6 19645.9 13321.2 17453.9 2048.38 16372.7 6324.73 2788.27 15405.5
internal_count=449448 239670 209778 120750 67185 118920 61385 39229 65347 7243 59365 22156 10684 58104
is_linear=0
shrinkage=0.035


Tree=28
num_leaves=15
num_cat=1
split_feature=57 57 57 57 57 59 59 41 1 0 36 46 60 57
split_gain=61798.1 3926.57 2344.02 642.206 521.617 518.727 264.327 240.568 219.984 213.862 205.755 184.109 231.704 180.791
threshold=1.0839818773144347 1.5305761950595727 0.37450808872536351 1.2286814225350955 1.7987097269884027 0.63209755774300602 0.60505046667002438 2.9000000000000008 19.500000000000004 0 27.850000000000005 -0.65000000000000024 -0.63872576220844934 0.81747493238989788
decision_type=2 2 2 2 2 2 2 2 2 1 2 2 2 2
left_child=2 3 -1 11 9 13 8 10 -5 -3 -8 12 -2 -4
right_child=1 4 5 6 -6 -7 7 -9 -10 -11 -12 -13 -14 -15
leaf_value=-0.015851127566303087 -0.0030847079360328046 0.0050267053872761905 -0.0034696625192392199 0.0021627695710676512 0.012213811404537507 -0.0015130372786922412 0.0016830687263344858 -0.00055023388604583557 -0.0017467584677869354 0.0037963374165078836 -0.00078900312335405845 0.00054514043649634303 0.0010191135229298477 -0.0023742479512244064
leaf_weight=40502.882725821109 1078.4144790349528 10712.520696250722 7326.7636921787634 17157.885773550253 18726.731851188932 6237.8087964504957 8162.0269863568246 1658.483534373343 351.5962387942709 6227.238033345202 805.89383975416422 3486.9863079909701 618.55169988423586 3823.4369407936465
leaf_count=142593 4112 28009 23849 47315 69086 28480 31761 6848 1685 32877 3186 13746 2603 13298
internal_value=-0.00326066 0.0191144 -0.0299229 0.0104705 0.0271844 -0.0191557 0.0125556 0.00818825 0.0151999 0.0227022 0.0104512 -0.000848385 -0.0102696 -0.0236783
internal_weight=126877 68986.3 57890.9 33319.8 35666.5 17388 28135.9 10626.4 17509.5 16939.8 8967.92 5183.95 1696.97 11150.2
internal_count=449448 241228 208220 111256 129972 65627 90795 41795 49000 60886 34947 20461 6715 37147
cat_boundaries=0 1
cat_threshold=67246080
is_linear=0
shrinkage=0.035


Tree=29
num_leaves=15
num_cat=0
split_feature=57 57 57 57 59 57 46 1 1 59 61 6 57 60
split_gain=60324.3 3870.16 2487.32 715.283 560.899 436.255 343.354 218.091 198.827 221.044 191.278 187.535 172.259 161.21
threshold=1.0839818773144347 1.5731983101329898 0.34918012052730624 1.3523803171943671 0.63209755774300602 1.9457091221088376 1.7500000000000002 20.500000000000004 18.500000000000004 0.064507852084056461 20.356250000000003 7.7202751296905596 1.2352061784186319 -0.8038981836306559
decision_type=2 2 2 2 2 2 2 2 2 2 2 2 2 2
left_child=2 3 -1 6 7 8 12 -4 11 -10 -8 -3 13 -2
right_child=1 5 4 -5 -6 -7 10 -9 9 -11 -12 -13 -14 -15
leaf_value=-0.015341703955648928 -0.0024926860648839034 0.005308052427378673 -0.0022993173907197521 0.0029004154022152476 -0.0014361450263597959 0.014416131158381541 0.0013562936944691651 -0.0041756531117544456 -0.00047779572994930525 0.0048708438419249635 1.2701106946705344e-05 0.0057793656039493643 0.00072906861668514016 0.00018688165593344744
leaf_weight=39521.722425899701 1356.6877771683503 10006.994868559763 6500.8636324731633 16372.690253796987 6635.2243783436716 13046.902014118154 10770.905098583549 5233.0817185274791 672.55038404092193 1377.0256305364892 2093.6370320245624 7515.1080207508057 3969.074454218382 1804.7539067259058
leaf_count=139365 5360 51430 21677 59365 30090 45808 31146 17088 2263 4998 7098 14421 12527 6812
internal_value=-0.00336754 0.0187391 -0.0297099 0.0108835 -0.0190513 0.0274916 0.00643681 -0.0236511 0.0241557 0.0137338 0.00984924 0.0253663 0.000275087 -0.00581021
internal_weight=126877 68986.3 57890.9 36367.7 18369.2 32618.6 19995.1 11733.9 19571.7 2049.58 12864.5 17522.1 7130.52 3161.44
internal_count=449448 241228 208220 122308 68855 118920 62943 38765 73112 7261 38244 65851 24699 12172
is_linear=0
shrinkage=0.035


Tree=30
num_leaves=15
num_cat=0
split_feature=57 57 57 57 28 57 46 36 1 36 55 61 6 35
split_gain=58653.6 3869.65 2660.21 795.291 622.816 359.727 319.515 314.29 234.672 216.337 178.539 178.526 176.309 167.88
threshold=1.0839818773144347 1.6064099041117688 0.32200001504318715 1.3523803171943671 57.500000000000007 1.9457091221088376 1.5000000000000004 15.65 18.500000000000004 13.750000000000002 3.0000000000000004 20.356250000000003 7.8259005705471338 29.500000000000004
decision_type=2 2 2 2 2 2 2 2 2 2 2 2 2 2
left_child=2 3 -1 6 7 8 -2 10 12 -10 -4 -8 -3 -5
right_child=1 5 4 13 -6 -7 11 -9 9 -11 -12 -13 -14 -15
leaf_value=-0.014843870687303383 -1.6420116887885251e-05 0.0054270444207288344 -0.0021245146502335368 -0.00075344373794098644 -0.0048334465768558529 0.013911566567838188 0.0012852887968687555 -0.00086506746178667082 -0.0011974731396382223 0.0042879658614249257 -0.00016791726051296752 2.9849666230241658e-06 0.0057654559703609184 0.0029878793516699325
leaf_weight=38672.026810954791 6587.1256941636093 9854.608978633536 8334.8283559987321 546.09872366930358 5730.3877599001862 13046.902014118154 11254.839822815731 4514.3017942272127 498.72285525361076 999.834681160748 639.34743416309357 2153.0927517414093 5698.6951578613371 18346.408761106431
leaf_count=136112 23256 48084 24366 3397 23748 45808 32371 19695 1705 3856 4299 7316 10141 65294
internal_value=-0.00346644 0.018332 -0.0294414 0.0110348 -0.0187827 0.0277532 0.00616477 -0.0146568 0.0243687 0.0110387 -0.018445 0.00926397 0.0256451 0.016183
internal_weight=126877 68986.3 57890.9 38887.6 19218.9 30098.8 19995.1 13488.5 17051.9 1498.56 8974.18 13407.9 15553.3 18892.5
internal_count=449448 241228 208220 131634 72108 109594 62943 48360 63786 5561 28665 39687 58225 68691
is_linear=0
shrinkage=0.035


Tree=31
num_leaves=15
num_cat=0
split_feature=57 57 57 57 28 57 57 36 1 59 6 55 46 60
split_gain=57343.7 3924.62 2657.92 671.25 635.365 483.538 311.126 300.973 173.436 205.683 195.199 168.807 162.403 238.674
threshold=1.0701666665111358 1.5731983101329898 0.32200001504318715 1.2286814225350955 57.500000000000007 1.8967799569578108 1.3689852550485722 15.65 18.500000000000004 -0.19244979981841018 7.8403350177845565 3.0000000000000004 -0.65000000000000024 -0.63872576220844934
decision_type=2 2 2 2 2 2 2 2 2 2 2 2 2 2
left_child=2 3 -1 12 7 8 -5 11 10 -10 -3 -4 13 -2
right_child=1 5 4 6 -6 -7 -8 -9 9 -11 -12 -13 -14 -15
leaf_value=-0.014324335213247765 -0.0029333260693992749 0.0047891557967928008 -0.0020652058153957918 0.0010545213462021831 -0.0047150922808590111 0.012247824055239852 0.0028352098333645683 -0.00084242087731406024 -0.001470890178793507 0.0039319552620580827 0.0049805841716885893 -0.00018749695093857045 0.00046390388168170762 0.00094681819260488136
leaf_weight=38672.026810954791 1182.7536554322578 10557.93685539742 8270.3237662110478 16254.954730015248 5539.6839545862749 15164.669357398758 14928.84130559233 4440.1519694775343 382.60144303971902 1665.7830493156798 4847.5902128545567 626.19817304238677 3652.0443509474862 691.66196150239557
leaf_count=136112 4527 49734 24143 47165 22898 53573 54682 19318 1278 5965 8370 4216 14582 2885
internal_value=-0.00359332 0.0178433 -0.0294168 0.00998954 -0.0186345 0.0266765 0.0119814 -0.014477 0.0226735 0.0130035 0.02395 -0.0181905 -0.00125093 -0.00959792
internal_weight=126877 69328.8 57548.4 36710.3 18876.4 32618.6 31183.8 13336.7 17453.9 2048.38 15405.5 8896.52 5526.46 1874.42
internal_count=449448 242761 206687 123841 70575 118920 101847 47677 65347 7243 58104 28359 21994 7412
is_linear=0
shrinkage=0.035


Tree=32
num_leaves=15
num_cat=0
split_feature=57 57 57 57 60 57 1 59 36 1 62 36 6 55
split_gain=55781.6 3897.98 2775.93 732.52 622.487 411.677 296.191 314.009 288.252 230.495 216.194 192.301 185.549 176.45
threshold=1.0701666665111358 1.6064099041117688 0.32200001504318715 1.3329247926096357 -0.78295110140207613 1.9457091221088376 19.500000000000004 0.32533907195844747 17.450000000000003 18.500000000000004 -0.55624999999999913 13.750000000000002 7.8403350177845565 3.0000000000000004
decision_type=2 2 2 2 2 2 2 2 2 2 2 2 2 2
left_child=2 3 -1 6 -4 9 10 -8 13 12 -2 -11 -3 -6
right_child=1 5 4 -5 8 -7 7 -9 -10 11 -12 -13 -14 -15
leaf_value=-0.013822983480784094 -0.00041267913345179432 0.0050360403262242111 -0.0046300682378812253 0.0025552518733637066 -0.0019728746936009257 0.012995987896030453 -0.0030947102499514303 0.00068523189276232805 -0.00067326457394635282 -0.0011689254691773043 0.0010483688896853283 0.0040002686221030197 0.0053785849214833051 2.8064916551142075e-05
leaf_weight=38672.026810954791 2288.2732622069307 10038.446877983166 5217.6922403955832 20974.820688250475 9426.2707516606897 13046.902014118154 971.25531777995639 1261.9763025892898 3568.4242493659258 498.72285525361076 13733.747663641814 999.834681160748 5514.8572585117072 663.97062189504504
leaf_count=136112 9028 48527 21529 74940 29007 45808 3451 5752 15574 1705 39996 3856 9698 4465
internal_value=-0.00368557 0.0174571 -0.0291549 0.0101837 -0.0181369 0.0269306 0.0050531 -0.00686571 -0.0141902 0.0233164 0.00671765 0.0101151 0.024581 -0.0172127
internal_weight=126877 69328.8 57548.4 39230.1 18876.4 30098.8 18255.3 2233.23 13658.7 17051.9 16022 1498.56 15553.3 10090.2
internal_count=449448 242761 206687 133167 70575 109594 58227 9203 49046 63786 49024 5561 58225 33472
is_linear=0
shrinkage=0.035


Tree=33
num_leaves=15
num_cat=0
split_feature=57 57 57 57 28 57 36 57 1 6 36 57 40 36
split_gain=54309.4 3793.65 2920.04 697.721 636.665 403.851 339.918 320.279 220.861 194.808 185.749 170.074 164.782 162.648
threshold=1.0701666665111358 1.6064099041117688 0.28850495030436185 1.3689852550485722 57.500000000000007 1.9457091221088376 15.65 1.1945966958805496 18.500000000000004 7.8403350177845565 13.750000000000002 0.68908135228378453 0.30000000000000043 27.850000000000005
decision_type=2 2 2 2 2 2 2 2 2 2 2 2 2 2
left_child=2 3 -1 7 6 8 11 -2 9 -3 -10 -4 13 -9
right_child=1 5 4 -5 -6 -7 -8 12 10 -11 -12 -13 -14 -15
leaf_value=-0.013392905828940418 -0.00065971669017130593 0.0048597789148063647 -0.0022004580902941469 0.0027748636427264175 -0.0044101905008365281 0.012541128319669389 -0.00077733571465244517 0.0011450389363882819 -0.0011280130777560971 0.0051903344492313878 0.0038602592203294144 -0.001329305754799669 2.872303606342164e-05 -0.0011930627088780777
leaf_weight=37378.219111780636 3643.1404970521107 10038.446877983166 5633.7054358329624 17448.658536571078 5901.0677062314935 13046.902014118154 4703.7702180631459 14550.424405595055 498.72285525361076 5514.8572585117072 999.834681160748 3931.6222023637965 3077.7182522397488 510.13154301047325
leaf_count=131437 15647 48527 18211 64008 24261 45808 20474 41741 1705 9698 3856 12304 10067 1704
internal_value=-0.00383766 0.0170242 -0.0289686 0.00984883 -0.0182216 0.02637 -0.0142052 0.00566708 0.022791 0.0240289 0.00986888 -0.017992 0.00756855 0.00907569
internal_weight=126877 69328.8 57548.4 39230.1 20170.2 30098.8 14269.1 21781.4 17051.9 15553.3 1498.56 9565.33 18138.3 15060.6
internal_count=449448 242761 206687 133167 75250 109594 50989 69159 63786 58225 5561 30515 53512 43445
is_linear=0
shrinkage=0.035


Tree=34
num_leaves=15
num_cat=0
split_feature=57 57 57 57 60 57 36 46 1 6 59 57 36 1
split_gain=52981.4 3730 3075.22 652.215 621.453 418.258 329.208 309.868 221.436 212.715 207.705 187.46 177.623 162.756
threshold=1.0701666665111358 1.6064099041117688 0.28850495030436185 1.3689852550485722 -0.78295110140207613 1.9823210275045355 17.450000000000003 1.6500000000000006 18.500000000000004 7.8403350177845565 0.4900241286343337 0.68908135228378453 13.750000000000002 12.500000000000002
decision_type=2 2 2 2 2 2 2 2 2 2 2 2 2 2
left_child=2 3 -1 7 -4 8 11 -2 9 -3 13 -6 -10 -9
right_child=1 5 4 -5 6 -7 -8 10 12 -11 -12 -13 -14 -15
leaf_value=-0.012924154124927503 -3.9161909968854493e-05 0.0048259796207687118 -0.0043357627525756962 0.00267774341523099 -0.0020885317756262583 0.013003961804402589 -0.00060782171085865789 0.00079287367381246094 -0.0010885326200346368 0.005238869359127778 0.00047379505239323553 -0.0012695316829655779 0.0037226415038432064 0.0023630609207620059
leaf_weight=37378.219111780636 7443.2814913175534 10878.686015294399 5557.021147408057 17448.658536571078 6427.3681907560676 11440.876742169959 3777.7697121948004 4081.025005700998 499.33725525299087 6279.6401709290221 6521.249103449285 4408.0065121324733 1000.2235033810139 3735.8590974295512
leaf_count=131437 26391 53093 22816 64008 21592 39700 16496 11192 1714 11225 21783 14346 3862 9793
internal_value=-0.00394875 0.0166565 -0.0287705 0.00954164 -0.0177426 0.0259235 -0.0139373 0.00549855 0.0226635 0.023792 0.00850461 -0.0170377 0.00967841 0.0123496
internal_weight=126877 69328.8 57548.4 39230.1 20170.2 30098.8 14613.1 21781.4 18657.9 17158.3 14338.1 10835.4 1499.56 7816.88
internal_count=449448 242761 206687 133167 75250 109594 52434 69159 69894 64318 42768 35938 5576 20985
is_linear=0
shrinkage=0.035


Tree=35
num_leaves=15
num_cat=0
split_feature=57 57 57 60 57 57 36 57 13 52 57 13 40 36
split_gain=51525.9 3652.69 3206.9 609.964 604.143 435.693 335.814 292.151 210.542 192.995 191.318 163.395 148.408 152.371
threshold=1.0701666665111358 1.6064099041117688 0.27691161016551036 -0.78295110140207613 1.3689852550485722 1.8967799569578108 17.450000000000003 1.1945966958805496 0.97376645432205367 0.21165367925388431 0.60220739330002881 0.99067902566367172 0.30000000000000043 27.350000000000005
decision_type=2 2 2 2 2 2 2 2 2 2 2 2 2 2
left_child=2 4 -1 -4 7 9 10 -2 -7 -3 -5 -6 13 -9
right_child=1 5 3 6 11 8 -8 12 -10 -11 -12 -13 -14 -15
leaf_value=-0.012488532648352249 -0.00065234364750988327 0.0042273648919568486 -0.0041799215601354576 -0.0023529658656245432 0.0014457626015984216 0.0043218575929594265 -0.00056446681893131741 0.0010852685987613176 0.011060704969556601 0.0040470464187610756 -0.0012729133146006462 0.002918151333885496 1.2939832518890083e-05 -0.00086915423986321687
leaf_weight=36905.831352739129 3643.1404970521107 5915.4018632108346 5641.2103100623935 4766.2323272274807 4308.1801083255559 1286.8927169311792 3844.4602373838425 14456.864674960962 13877.776640467579 9018.6924664177932 6390.6504468591884 13140.478428245522 3077.7182522397488 603.69127364456654
leaf_count=129934 15647 14932 23120 17229 17067 5693 16775 41443 47880 41089 19629 46941 10067 2002
internal_value=-0.00408767 0.0162325 -0.0285661 -0.0175054 0.00919196 0.025403 -0.0137997 0.00530071 0.0295972 0.0211271 -0.0168721 0.0140437 0.00711678 0.00854709
internal_weight=126877 69328.8 57548.4 20642.6 39230.1 30098.8 15001.3 21781.4 15164.7 14934.1 11156.9 17448.7 18138.3 15060.6
internal_count=449448 242761 206687 76753 133167 109594 53633 69159 53573 56021 36858 64008 53512 43445
is_linear=0
shrinkage=0.035


Tree=36
num_leaves=15
num_cat=0
split_feature=57 57 57 60 57 57 36 1 59 62 1 6 59 13
split_gain=50229.7 3545.16 3320.39 597.741 590.283 449.13 326.475 282.472 302.159 213.767 201.223 211.79 197.565 180.04
threshold=1.0701666665111358 1.6118649334610256 0.27691161016551036 -0.78295110140207613 1.3750804559891814 1.9823210275045355 16.150000000000002 19.500000000000004 0.32533907195844747 -0.55624999999999913 18.500000000000004 7.8403350177845565 0.71466676797886841 0.9731913320609159
decision_type=2 2 2 2 2 2 2 2 2 2 2 2 2 2
left_child=2 4 -1 -4 7 10 -5 9 -9 -2 11 -3 -11 -7
right_child=1 5 3 6 -6 13 -8 8 -10 12 -12 -13 -14 -15
leaf_value=-0.01205143400565992 -0.00037388411160828696 0.0045358462862229781 -0.0040336243055307166 -0.0017768965403321679 0.0025191515652589593 0.0043583762969960776 -0.00067930044572436516 -0.0029724843090328992 0.00071497380967738844 0.0012207058207365574 0.0017613177886580645 0.0049538967384112811 0.00027193364087364281 0.012798495418607961
leaf_weight=36905.831352739129 2542.2408038596623 10649.55580647639 5641.2103100623935 10366.105814566836 17566.667660195846 971.09733986505307 4635.2371969036758 987.10571781313047 1285.5400081751868 12187.870374814607 1421.2235656292178 6097.9710693927482 5149.7851729691029 10469.779402304906
leaf_count=129934 10247 52009 23120 33427 64055 4084 20206 3551 5879 33746 5292 11045 17237 35616
internal_value=-0.00418916 0.0158739 -0.0283577 -0.0171037 0.00903674 0.0250392 -0.0134356 0.00523352 -0.00643471 0.00656998 0.0215913 0.0226654 0.00795923 0.030491
internal_weight=126877 69328.8 57548.4 20642.6 39719.2 29609.6 15001.3 22152.5 2272.65 19879.9 18168.8 16747.5 17337.7 11440.9
internal_count=449448 242761 206687 76753 134715 108046 53633 70660 9430 61230 68346 63054 50983 39700
is_linear=0
shrinkage=0.035


Tree=37
num_leaves=15
num_cat=0
split_feature=57 57 57 14 57 57 57 57 6 60 13 13 11 31
split_gain=48902.5 3490.78 3474.93 616.394 556.169 473.009 331.315 271.101 199.808 195.41 184.33 168.174 156.22 150.624
threshold=1.0701666665111358 1.6118649334610256 0.2633016398601587 0.98774795522931602 1.3750804559891814 1.9823210275045355 0.60220739330002881 1.1945966958805496 7.9121949554648507 -0.78295110140207613 0.9731913320609159 0.98853855161918502 1.0107204889184975 1.0000000180025095e-35
decision_type=2 2 2 2 2 2 2 2 2 2 2 2 2 2
left_child=2 4 -1 13 7 8 -5 -2 -3 -8 -7 -6 -9 -4
right_child=1 5 3 6 11 10 9 12 -10 -11 -12 -13 -14 -15
leaf_value=-0.011647799213991606 -0.00062795528863521916 0.004235022171317231 -0.00098083250250029968 -0.0029501569973920056 0.0011746285679401515 0.0042058331266012147 -0.0034474224973201008 0.00047912913630818068 0.0046159932548113826 -0.0010758332999959899 0.012350548078956681 0.0027201167158813814 0.0014101990753056072 0.0030882363606142492
leaf_weight=36401.276081540622 3643.1404970521107 12826.035436505685 5570.2459077723324 6699.1289977414999 3727.505852374481 971.09733986505307 3139.9238051234279 11785.742021491285 5342.7150049926713 5553.4074837313965 10469.779402304906 13839.161807821365 6723.6595590882935 184.40239836275578
leaf_count=128390 15647 59051 25234 23682 14986 4084 12653 33622 9295 16023 35616 49069 21391 705
internal_value=-0.00429706 0.0154991 -0.0281442 -0.016848 0.00871475 0.0245939 -0.0205008 0.0050231 0.0210575 -0.0159588 0.0301864 0.0133646 0.00674037 -0.00705893
internal_weight=126877 69328.8 57548.4 21147.1 39719.2 29609.6 15392.5 22152.5 18168.8 8693.33 11440.9 17566.7 18509.4 5754.65
internal_count=449448 242761 206687 78297 134715 108046 52358 70660 68346 28676 39700 64055 55013 25939
is_linear=0
shrinkage=0.035


Tree=38
num_leaves=15
num_cat=1
split_feature=57 57 57 14 57 57 57 21 1 59 11 0 1 60
split_gain=47598.8 3641.58 3396.26 614.413 532.392 485.934 332.317 242.501 207.051 260.006 198.557 194.379 194.348 177.489
threshold=1.0701666665111358 0.24696342784683112 1.6118649334610256 0.98774795522931602 1.3114014201657833 1.9457091221088376 0.60220739330002881 1.0000000180025095e-35 19.500000000000004 0.32533907195844747 1.0088802539620849 0 14.500000000000002 -0.78295110140207613
decision_type=2 2 2 2 2 2 2 2 2 2 2 1 2 2
left_child=1 -1 4 -3 8 11 -5 -7 12 -10 -6 -4 -2 -8
right_child=2 3 5 6 10 7 13 -9 9 -11 -12 -13 -14 -15
leaf_value=-0.011257941279923037 0.00047911605524579185 -0.0008598909638369241 0.0042717870434946185 -0.0028045230805134867 0.0013970623786011627 0.011793808959279029 -0.0033267627099138972 0.0058602505558535325 -0.0028643893119348089 0.00062446604576698716 0.0025977718322766144 0.0038821618576484478 0.0038589883804014107 -0.0010381791344961277
leaf_weight=35857.093337863684 12331.543892114656 5887.7268350720406 4281.2395370621234 7110.2332124814857 14873.69823979307 9884.0860080055427 3139.9238051234279 3162.8160061126109 942.1604483674746 1220.8098748130724 9421.0246741999872 12281.485632488038 929.97260853927583 5553.4074837313965
leaf_count=126749 38313 26429 7720 24833 51099 33808 12653 12000 3334 5583 33194 54518 3192 16023
internal_value=-0.00440623 -0.0279333 0.0151243 -0.0166017 0.0084325 0.0240951 -0.0201963 0.0291612 0.00334398 -0.00667545 0.0116604 0.0200891 0.00498196 -0.015573
internal_weight=126877 57548.4 69328.8 21691.3 39719.2 29609.6 15803.6 13046.9 15424.5 2162.97 24294.7 16562.7 13261.5 8693.33
internal_count=449448 206687 242761 79938 134715 108046 53509 45808 50422 8917 84293 62238 41505 28676
cat_boundaries=0 1
cat_threshold=131072
is_linear=0
shrinkage=0.035


Tree=39
num_leaves=15
num_cat=0
split_feature=57 57 57 57 14 57 57 21 36 40 1 55 59 52
split_gain=46403.5 3609.26 3478 630.017 573.005 528.779 313.808 271.797 249.851 250.54 245.771 214.767 195.767 188.282
threshold=1.043152073761666 0.24696342784683112 1.5731983101329898 1.7987097269884027 0.98774795522931602 1.2132367771513464 0.49863363449312798 1.0000000180025095e-35 27.850000000000005 0.30000000000000043 17.500000000000004 3.0000000000000004 0.61866567420209762 0.21165367925388431
decision_type=2 2 2 2 2 2 2 2 2 2 2 2 2 2
left_child=1 -1 5 13 -3 -2 -6 -5 9 -7 11 -9 -11 -4
right_child=2 4 3 7 6 8 -8 10 -10 12 -12 -13 -14 -15
leaf_value=-0.010863913335125732 -0.00045777229143689204 -0.00088013757820719915 0.0032148535842491436 0.0095619108120538511 -0.0028716762645452252 0.0015005886313128982 -0.0018085091792717268 0.0072359314716479856 -0.0012156942027323483 0.0015447015395688747 0.00082527582153273723 0.00071853994484538111 -0.00043849354270429359 0.0028330574697875812
leaf_weight=35857.093337863684 5247.16403486114 5618.6634603813291 5500.9613512158394 13593.609375597909 4730.7070539752021 25787.883188376436 10624.320804585004 3676.1828558347188 916.77250756323338 2459.0327091310173 927.40165597852319 529.53796377778053 3017.0035810247064 8390.8877156013623
leaf_count=126749 21878 25226 13239 48738 16473 81229 35183 13950 3661 7809 3007 3391 12320 36595
internal_value=-0.00450035 -0.027997 0.0145644 0.0229173 -0.0164522 0.00728073 -0.0199508 0.0271131 0.00896022 0.00948886 0.0201694 0.0237589 0.0026837 0.0172458
internal_weight=126877 56830.8 70046.4 32618.6 20973.7 37427.9 15355 18726.7 32180.7 31263.9 5133.12 4205.72 5476.04 13891.8
internal_count=449448 203631 245817 118920 76882 126897 51656 69086 105019 101358 20348 17341 20129 49834
is_linear=0
shrinkage=0.035


Tree=40
num_leaves=15
num_cat=0
split_feature=57 57 57 57 28 57 57 36 13 55 55 1 11 13
split_gain=45252.9 3559.81 3486.9 841.77 570.871 369.585 345.72 335.299 229.142 178.914 170.713 162.709 157.091 145.598
threshold=1.0136014344931097 1.6724751185525988 0.24696342784683112 1.3783278524332532 57.500000000000007 2.0746951444541026 1.1945966958805496 17.450000000000003 0.9871299501393469 3.0000000000000004 3.0000000000000004 18.500000000000004 1.0107204889184975 0.96254272107183836
decision_type=2 2 2 2 2 2 2 2 2 2 2 2 2 2
left_child=2 3 -1 6 7 9 -2 10 -5 11 -4 -3 -8 -7
right_child=1 5 4 8 -6 13 12 -9 -10 -11 -12 -13 -14 -15
leaf_value=-0.010483676368396332 -0.00060177517227910323 0.0050839296268706188 -0.0016381578282193788 0.00098702648920572693 -0.0036392930688950984 0.0029993496324015869 0.00040919073523309259 -0.00041687547113984262 0.0025659123751363023 0.0013280625243789746 7.1963013048509947e-05 0.0011806045597518423 0.0012853515798448456 0.013150296573001471
leaf_weight=35857.093337863684 5259.9128354105633 15107.611073440174 10093.070248616859 4047.398471534485 5759.9415647636633 440.76652984274551 12065.08631773293 3496.0259635671973 18154.975374547066 768.53739109262824 725.4812211021781 648.2059920404572 6858.6095719323494 7594.5057022809051
leaf_count=126749 21872 56969 30440 16376 23411 1858 34662 15098 61894 5009 4764 2834 21861 25651
internal_value=-0.00457214 0.0139866 -0.028111 0.00827886 -0.016419 0.0247591 0.00375884 -0.0126596 0.0131983 0.0217351 -0.0157026 0.0225394 0.00596451 0.0309431
internal_weight=126877 70945.6 55931.6 46386 20074.5 24559.6 24183.6 14314.6 22202.4 16524.4 10818.6 15755.8 18923.7 8035.27
internal_count=449448 248986 200462 156665 73713 92321 78395 50302 78270 64812 35204 59803 56523 27509
is_linear=0
shrinkage=0.035


Tree=41
num_leaves=15
num_cat=1
split_feature=57 57 57 57 57 60 36 13 11 50 59 0 55 40
split_gain=44062.2 3673.92 3243.42 780.402 664.878 539.29 308.792 291.629 231.191 224.756 226.106 208.408 165.333 147.937
threshold=0.95635335543418587 1.5363087513400666 0.24696342784683112 1.8666427559018484 1.1945966958805496 -0.7721279831368929 17.450000000000003 0.97376645432205367 1.0061784460713457 10.000000000000002 0.56314550935064711 0 3.0000000000000004 0.30000000000000043
decision_type=2 2 2 2 2 2 2 2 2 2 2 1 2 2
left_child=2 4 -1 11 -2 -4 12 -5 13 10 -9 -3 -7 -6
right_child=1 3 5 7 8 6 -8 9 -10 -11 -12 -13 -14 -15
leaf_value=-0.01011674769550246 -0.00063372887483584836 0.0033622441284673755 -0.0036018937495597069 0.0031264516241893128 0.00085604611125055365 -0.0016261498085957267 -0.00045395876017594489 0.0068220560574419695 0.0015802701494427908 0.0096402670360829137 0.0017122277233093987 0.0024358009936011138 6.9444307591813871e-05 -0.00022591228484319272
leaf_weight=35857.093337863684 6444.401966876816 12044.442435716279 5256.088771472685 1385.8540216847323 13969.397815763019 9651.762884424068 3300.7866341099143 1821.5830525686033 13375.25274889241 12013.524816606194 1171.8137963376939 6770.9399871674832 681.39157657697797 3132.8877497073263
leaf_count=126749 26502 32801 21149 6192 43158 29363 14142 7992 44415 35933 8140 37316 4429 11167
internal_value=-0.00469636 0.0132723 -0.0283685 0.0213599 0.00555647 -0.016618 -0.0129295 0.0269479 0.00771583 0.0283683 0.0196608 0.0164797 -0.0159045 0.00501534
internal_weight=126877 72130.1 54747.1 35208.2 36921.9 18890 13633.9 16392.8 30477.5 15006.9 2993.4 18815.4 10333.2 17102.3
internal_count=449448 253616 195832 128374 125242 69083 47934 58257 98740 52065 16132 70117 33792 54325
cat_boundaries=0 1
cat_threshold=67246080
is_linear=0
shrinkage=0.035


Tree=42
num_leaves=15
num_cat=0
split_feature=57 57 57 57 57 14 57 13 52 11 57 60 40 36
split_gain=42925.1 3670.49 3231.07 794.51 680.449 550.351 273.25 232.586 220.913 220.035 154.943 148.397 138.083 170.376
threshold=0.93886198547215516 1.5363087513400666 0.23109167196932104 1.9823210275045355 1.2132367771513464 0.98774795522931602 0.49863363449312798 0.9731913320609159 0.21018962016244616 1.0061784460713457 1.7233123439232461 -0.8038981836306559 0.30000000000000043 26.550000000000004
decision_type=2 2 2 2 2 2 2 2 2 2 2 2 2 2
left_child=2 4 -1 8 -2 -4 -7 -5 -3 12 -10 -8 13 -6
right_child=1 3 5 7 9 6 11 -9 10 -11 -12 -13 -14 -15
leaf_value=-0.0097762265374823718 -0.00056604302931923868 0.00356500311542914 -0.00080967958138463119 0.0033148472566876521 0.00095550949460698981 -0.0026458554651082886 -0.0033427011087636092 0.010454233890466435 0.0022694355021503224 0.0015694309084555392 0.0046574522013556009 -0.0012310884858344668 -0.0002171047325866016 -0.00091327580353520741
leaf_weight=35406.440132489428 7820.4297595333774 8665.0269307401031 5062.1526723206043 971.09733986505307 12684.588174803881 5090.2412802120671 2854.593706259504 10469.779402304906 8475.6419580844231 12881.682301607216 6626.6124790864997 5844.0911408513784 3079.5368480142206 945.30746959522367
leaf_count=125154 31264 22348 22638 4084 38337 17678 11573 35616 34679 42667 31647 17202 10966 3595
internal_value=-0.00477128 0.012825 -0.0283206 0.0209347 0.00518934 -0.0166018 -0.0202242 0.0285199 0.0172729 0.00761544 0.0146961 -0.0164188 0.00496072 0.0064722
internal_weight=126877 72619.7 54257.5 35208.2 37411.5 18851.1 13788.9 11440.9 23767.3 29591.1 15102.3 8698.68 16709.4 13629.9
internal_count=449448 255203 194245 128374 126829 69091 46453 39700 88674 95565 66326 28775 52898 41932
is_linear=0
shrinkage=0.035


Tree=43
num_leaves=15
num_cat=0
split_feature=57 57 57 57 28 46 57 36 13 6 61 1 55 60
split_gain=41781.8 3562.07 3354.63 972.797 559.948 403.368 356.268 276.24 229.313 184.615 174.25 189.599 161.774 160.566
threshold=0.93886198547215516 1.7066017120737698 0.23109167196932104 1.3689852550485722 57.500000000000007 1.6500000000000006 2.0996725240697329 17.550000000000004 0.98853855161918502 7.3483843362098931 20.356250000000003 14.500000000000002 3.0000000000000004 -0.92910699518418138
decision_type=2 2 2 2 2 2 2 2 2 2 2 2 2 2
left_child=2 3 -1 5 7 13 9 12 -5 -3 11 -7 -4 -2
right_child=1 6 4 8 -6 10 -8 -9 -10 -11 -12 -13 -14 -15
leaf_value=-0.0094340586086704894 -0.0018142167094393571 0.0038920416099879102 -0.0015045825135898685 0.00098992930754568951 -0.0033774910850298693 0.00071918096976371858 0.012143182508402321 -0.00041970498318689601 0.0023312926299583281 0.0049981257838539808 -0.00027073476743370465 0.0040159056699726964 0.0001364455050480973 -7.9398922542974767e-05
leaf_weight=35406.440132489428 1926.6425577753689 4862.4763048528694 9390.7198146767914 5092.6746927262284 5575.6612916151062 11226.621907905675 7232.2806518869475 3206.4258570820093 20042.978470688453 10317.012103443965 2351.7715946696699 918.95495069446042 678.27183626964688 8648.2894289912656
leaf_count=125154 7786 34135 28572 20366 22355 32727 24558 13773 68554 25989 8187 2986 4391 29915
internal_value=-0.00483947 0.0125209 -0.0280731 0.00733934 -0.0161331 0.00245976 0.0241204 -0.0122079 0.0122037 0.0210437 0.00624953 0.00793699 -0.0150549 -0.00273669
internal_weight=126877 72619.7 54257.5 50207.9 18851.1 25072.3 22411.8 13275.4 25135.7 15179.5 14497.3 12145.6 10069 10574.9
internal_count=449448 255203 194245 170521 69091 81601 84682 46736 88920 60124 43900 35713 32963 37701
is_linear=0
shrinkage=0.035


Tree=44
num_leaves=15
num_cat=0
split_feature=57 57 57 57 28 57 57 36 2 28 6 41 62 52
split_gain=40582.7 3509.25 3472.6 949.785 549.529 350.901 339.542 251.506 206.418 207.656 203.199 178.961 176.116 175.768
threshold=0.93886198547215516 0.23109167196932104 1.7233123439232461 1.243331318502668 57.500000000000007 1.4601924463265725 2.0996725240697329 17.550000000000004 3.5000000000000004 59.500000000000007 7.3483843362098931 2.8500000000000019 1.2562500000000016 0.1725996462604433
decision_type=2 2 2 2 2 2 2 2 2 2 2 2 2 2
left_child=1 -1 3 12 7 8 10 -3 9 11 -4 -5 -2 -7
right_child=2 4 6 5 -6 13 -8 -9 -10 -11 -12 -13 -14 -15
leaf_value=-0.0091038665573670227 -0.00088199500916949286 -0.001389195572182596 0.0037955129769060431 0.00041568563536473983 -0.0032592788970538253 0.0026345291982942079 0.011718171120608238 -0.000405015308775355 0.0018203542794781415 0.0013765714080446146 0.0049711102244183805 -0.0012119416736452106 0.00044304416510488448 0.0021299941044498117
leaf_weight=35406.440132489428 6090.3426113645546 10068.991650946438 4555.5518703174312 10040.148771047592 5575.6612916151062 3857.4567094035447 7232.2806518869475 3206.4258570820093 5693.7046280200593 4952.6307157315314 9784.7322556450963 1386.9613099507987 3685.6168416687287 15340.276298598619
leaf_count=125154 24328 32963 32114 27355 22355 7574 24558 13773 21008 15730 24810 4921 13126 59679
internal_value=-0.00491351 -0.0278113 0.0121959 0.00721794 -0.0156001 0.00954105 0.0239666 -0.0117122 0.00652646 0.00452609 0.0208161 0.00192799 -0.00258923 0.013002
internal_weight=126877 54257.5 72619.7 51047.1 18851.1 41271.2 21572.6 13275.4 22073.4 16379.7 14340.3 11427.1 9775.96 19197.7
internal_count=449448 194245 255203 173721 69091 136267 81482 46736 69014 48006 56924 32276 37454 67253
is_linear=0
shrinkage=0.035


Tree=45
num_leaves=15
num_cat=0
split_feature=57 57 57 57 28 57 46 13 36 6 13 2 1 1
split_gain=39314.8 3646.4 3361.29 875.639 534.33 362.57 272.808 245.436 230.188 192.026 169.442 166.635 279.391 290.187
threshold=0.93886198547215516 0.23109167196932104 1.7066017120737698 1.3114014201657833 57.500000000000007 2.0996725240697329 1.7500000000000002 0.99162398253515427 21.550000000000004 7.3483843362098931 0.96254272107183836 3.5000000000000004 9.5000000000000018 15.500000000000002
decision_type=2 2 2 2 2 2 2 2 2 2 2 2 2 2
left_child=1 -1 3 6 8 9 -2 -5 -3 -4 -7 12 -9 -14
right_child=2 4 5 7 -6 10 -8 11 -10 -11 -12 -13 13 -15
leaf_value=-0.008785231227859177 -0.0004617508081244393 -0.0012736732830889127 0.0036232199978322782 0.00081666412211558689 -0.0031452041356569422 0.0021586847671642108 0.00061313490656086716 0.0027854795628600264 0.00025264307495143361 0.0046537523795773519 0.011610887523583604 0.0029796453777280909 0.00047329223123336546 0.0024829547203372494
leaf_weight=35406.440132489428 9259.1311456102412 11851.934289541095 4862.4763048528694 8069.8524744759779 5575.6612916151062 397.35577776981518 9456.2214203632902 4160.7337312288582 1423.4832184873521 10317.012103443965 6834.9248741171323 6637.008487569401 8086.0241274945438 4538.9622167088091
leaf_count=125154 33134 40708 34135 29933 22355 1684 29730 12179 6028 25989 22874 26914 25763 12868
internal_value=-0.00494955 -0.0274868 0.0118905 0.0068572 -0.0150401 0.0231583 0.000860528 0.0104195 -0.0112068 0.020057 0.0296309 0.0122332 0.0103649 0.00776187
internal_weight=126877 54257.5 72619.7 50207.9 18851.1 22411.8 18715.4 31492.6 13275.4 15179.5 7232.28 23422.7 16785.7 12625
internal_count=449448 194245 255203 170521 69091 84682 62864 107657 46736 60124 24558 77724 50810 38631
is_linear=0
shrinkage=0.035


Tree=46
num_leaves=15
num_cat=0
split_feature=57 57 57 57 28 57 46 35 13 57 6 59 52 59
split_gain=38027.3 3882.27 3228.29 858.664 603.607 323.831 252.846 240.774 235.529 226.064 204.409 192.672 187.53 176.68
threshold=0.93886198547215516 0.18963369556468537 1.7320281644775868 1.3114014201657833 57.500000000000007 2.0996725240697329 1.7500000000000002 70.000000000000014 0.99119102741983511 0.60220739330002881 7.3483843362098931 0.098819223632317002 0.22767515551980158 0.61188073503922691
decision_type=2 2 2 2 2 2 2 2 2 2 2 2 2 2
left_child=1 -1 3 6 7 10 -2 -3 -5 11 -4 -9 -6 -10
right_child=2 4 5 8 12 -7 -8 9 13 -11 -12 -13 -14 -15
leaf_value=-0.0085282735661725128 -0.00044558952984008585 0.0022772141785501127 0.0035109661175989661 0.00081942056732068561 -0.001114089424907049 0.010901654068061522 0.00059167518483123967 -0.0017190558237610918 0.0021123210443314 -0.00077238280808699105 0.0046963534375525197 -0.0010311013260487002 -0.0031177055582254699 0.0013081654859508319
leaf_weight=33272.100418435177 9259.1311456102412 487.66822154354304 4393.6153049448039 8071.8754233506043 1177.3395105302334 7232.2806518869475 9456.2214203632902 2798.7409512326121 15278.273968955036 5799.1050854623318 9551.1551270633936 5486.1798042692244 5236.3849406598601 9377.1496214605868
leaf_count=118668 33134 2829 31088 30449 4076 24558 29730 5576 44367 18753 24260 23321 21022 37617
internal_value=-0.00497522 -0.0271403 0.0115868 0.00684966 -0.0153408 0.0230855 0.000869215 -0.0113893 0.0102683 -0.0122282 0.0199373 -0.0159377 -0.0242868 0.0119674
internal_weight=126877 54257.5 72619.7 51442.7 20985.4 21177.1 18715.4 14571.7 32727.3 14084 13944.8 8284.92 6413.72 24655.4
internal_count=449448 194245 255203 175297 75577 79906 62864 50479 112433 47650 55348 28897 25098 81984
is_linear=0
shrinkage=0.035


Tree=47
num_leaves=15
num_cat=0
split_feature=57 57 57 57 60 21 57 1 57 55 14 57 13 52
split_gain=37079.3 3958.63 3123.71 819.099 585.321 394.62 319.193 318.096 292.78 276.103 247.534 233.247 192.331 164.57
threshold=0.93886198547215516 0.18963369556468537 1.7320281644775868 1.3689852550485722 -0.8140159405215136 1.0000000180025095e-35 1.1945966958805496 17.500000000000004 2.0485708552705435 3.0000000000000004 0.94592306406186222 0.53141131364073613 0.98853855161918502 0.22767515551980158
decision_type=2 2 2 2 2 2 2 2 2 2 2 2 2 2
left_child=1 -1 3 6 13 8 -2 9 -4 -7 -6 -12 -5 -3
right_child=2 4 5 12 10 7 -8 -9 -10 -11 11 -13 -14 -15
leaf_value=-0.0082297839913564753 -0.00057896839199683366 -0.0012233941800817794 0.0043420823602238557 0.00088796999771744724 -0.00051925103563204894 0.0051902972487370006 0.00051405953074864065 -0.00053498113271019832 0.010797288768300217 -0.00068601360577087657 -0.0015012041051997293 -0.00092976779635063243 0.0020618120004455799 -0.0031345313157347542
leaf_weight=33272.100418435177 6934.0062391911633 1034.2151879556477 8196.6498113800772 5326.7892106208019 4275.0067934580147 4419.1473292210139 18138.274200845277 1086.9075691760518 6863.0193670440931 611.32700707390904 5102.4840911980718 6023.9794524097815 21043.581929082517 4549.7329886762891
leaf_count=118668 28089 3623 31825 21568 18722 17272 53512 3704 23156 3949 16452 18476 72128 18304
internal_value=-0.00506568 -0.0269528 0.0112886 0.00662886 -0.0150382 0.0225995 0.00209815 0.0150603 0.02565 0.0187636 -0.0115055 -0.0142546 0.0109341 -0.0247438
internal_weight=126877 54257.5 72619.7 51442.7 20985.4 21177.1 25072.3 6117.38 15059.7 5030.47 15401.5 11126.5 26370.4 5583.95
internal_count=449448 194245 255203 175297 75577 79906 81601 24925 54981 21221 53650 34928 93696 21927
is_linear=0
shrinkage=0.035


Tree=48
num_leaves=15
num_cat=0
split_feature=57 57 57 57 57 59 2 1 13 36 11 22 6 57
split_gain=36088.4 4438.85 1950.2 1160.45 969.994 526.265 302.402 263.309 220.154 217.031 197.071 193.709 183.142 157.048
threshold=0.61826198445017033 1.4765724853137288 0.17030564934515588 1.1945966958805496 1.9823210275045355 0.54883787585413535 3.5000000000000004 17.500000000000004 0.99119102741983511 18.850000000000005 1.0061784460713457 1.0000000180025095e-35 7.6909189469034516 0.49863363449312798
decision_type=2 2 2 2 2 2 2 2 2 2 2 2 2 2
left_child=2 3 -1 9 8 13 11 -8 -3 -2 -5 -6 -10 -4
right_child=1 4 5 10 6 -7 7 -9 12 -11 -12 -13 -14 -15
leaf_value=-0.0079587818001535925 -0.0010482163740940624 0.0016539691710581563 -0.0021652183704882338 0.00033631682819487257 0.0097915564976042181 -0.00088163295323147632 0.0058324795773474396 -0.00045981564382246878 0.0026821691655186078 0.00029939569254202052 0.0011514139280396607 0.0001560902365545347 0.0030057991442128187 -0.0017475611077457823
leaf_weight=32374.251058162889 12545.20203124336 6873.9309038214851 5895.0183736423496 14685.189249947201 7659.4243370145559 5578.3758985595778 2815.660791692324 701.87026731274091 11696.18189542531 2594.7326957918704 11321.219963619718 263.92134615033865 9668.2976694600657 2203.9451139240991
leaf_count=115595 44880 28764 18250 45708 23615 24827 12759 2136 57337 11582 37290 1190 18315 7200
internal_value=-0.00511011 0.00897978 -0.029836 0.000924414 0.0173306 -0.0187325 0.02593 0.0173044 0.0138386 -0.0067765 0.00540847 0.0297327 0.0155931 -0.0244296
internal_weight=126877 80825.6 46051.6 41146.3 39679.3 13677.3 11440.9 3517.53 28238.4 15139.9 26006.4 7923.35 21364.5 8098.96
internal_count=449448 283576 165872 139460 144116 50277 39700 14895 104416 56462 82998 24805 75652 25450
is_linear=0
shrinkage=0.035


Tree=49
num_leaves=15
num_cat=0
split_feature=57 57 57 57 57 59 57 2 1 36 2 62 28 60
split_gain=35286.8 4223.04 2074.74 1085.6 991.992 558.411 257.523 238.405 207.797 205.127 198.073 214.618 212.192 186.077
threshold=0.61826198445017033 1.4765724853137288 0.16342589704537608 1.1945966958805496 2.0349876333700423 0.54883787585413535 1.7617708916676647 3.5000000000000004 17.500000000000004 18.550000000000004 3.5000000000000004 0.65000000000000135 59.500000000000007 -0.073092422389869308
decision_type=2 2 2 2 2 2 2 2 2 2 2 2 2 2
left_child=2 3 -1 9 6 -4 -3 -6 -9 -2 12 -12 13 -5
right_child=1 4 5 10 7 -7 -8 8 -10 -11 11 -13 -14 -15
leaf_value=-0.0076887903673321942 -0.0010256749580908821 0.0019417591799244774 -0.0020316772079310911 -0.00087909182781588998 0.010401077642793256 -0.00084940309038751723 0.0038158496202057826 0.0068726923952791511 6.1579856073378243e-05 0.00023288341106535995 0.000316187485376771 0.0023024049446816212 0.0011400474603636536 0.00036603072022338813
leaf_weight=31870.388872073032 12285.703538074857 19532.33554310957 8410.6687724019866 2916.9030560404062 6503.1543861478567 5770.5327998138964 10926.515602994943 2098.2640512308571 619.01762739359401 2854.2311889603734 2660.1210582966451 4170.8950808993541 6296.9624429754913 9961.5275753550231
leaf_count=114009 43866 68865 26298 11485 20637 25565 43056 9705 1853 12596 10978 14746 20310 25479
internal_value=-0.0051678 0.00876473 -0.0296175 0.000907626 0.0169101 -0.0184596 0.013857 0.0269695 0.0181451 -0.00654081 0.00524467 0.0103588 0.00341836 0.000841791
internal_weight=126877 80825.6 46051.6 41146.3 39679.3 14181.2 30458.9 9220.44 2717.28 15139.9 26006.4 6831.02 19175.4 12878.4
internal_count=449448 283576 165872 139460 144116 51863 111921 32195 11558 56462 82998 25724 57274 36964
is_linear=0
shrinkage=0.035


Tree=50
num_leaves=15
num_cat=0
split_feature=57 57 57 57 57 59 57 2 1 36 2 57 2 62
split_gain=34421.7 3981.18 2158.26 1024.03 966.207 601.75 286.803 225.106 194.848 191.242 186.534 182.906 180.974 188.563
threshold=0.61826198445017033 1.4601924463265725 0.15062123699030633 2.0485708552705435 1.1945966958805496 0.63209755774300602 1.7617708916676647 3.5000000000000004 17.500000000000004 18.850000000000005 1.5000000000000002 0.49863363449312798 3.5000000000000004 0.65000000000000135
decision_type=2 2 2 2 2 2 2 2 2 2 2 2 2 2
left_child=2 4 -1 6 9 11 -3 -5 -9 -2 -7 -4 -6 -14
right_child=1 3 5 7 12 10 -8 8 -10 -11 -12 -13 13 -15
leaf_value=-0.0074386345135093188 -0.0009751135210629248 0.0018538043429702456 -0.0020112278421883759 0.010173549879429143 0.00037847083282531614 -0.0012649497513673453 0.0037020179408294943 0.0068218324949652206 0.00011527665703569335 0.00028076592391575677 -0.00045887333979350355 -0.0016152877666970929 0.00030173659280149706 0.0021740480993873105
leaf_weight=30632.455939606996 12545.20203124336 20623.346118084388 7432.4904416759964 6305.1067939698696 18341.668791968375 1793.812370069325 11275.810996532673 1956.1031629873905 609.93071427731775 2594.7326957918704 3853.1498640291393 2339.6818289074581 2577.6636791543569 3996.0661674693692
leaf_count=110818 44880 73484 22688 19816 53908 6847 44576 9044 1815 11582 17644 7875 10527 13944
internal_value=-0.00525173 0.00850897 -0.0293999 0.016207 0.000671478 -0.0187004 0.0132743 0.0267256 0.0178638 -0.00629947 -0.00958042 -0.0239553 0.00490823 0.00988713
internal_weight=126877 80825.6 46051.6 40770.3 40055.3 15419.1 31899.2 8871.14 2566.03 15139.9 5646.96 9772.17 24915.4 6573.73
internal_count=449448 283576 165872 148735 134841 55054 118060 30675 10859 56462 24491 30563 78379 24471
is_linear=0
shrinkage=0.035


Tree=51
num_leaves=15
num_cat=0
split_feature=57 57 57 57 57 59 2 57 31 11 62 57 1 2
split_gain=33630 3771.81 2280.21 1023.18 913.859 575.802 234.635 231.683 185.926 184.524 184.232 183.451 179.974 176.592
threshold=0.61826198445017033 1.5089502730761495 0.15062123699030633 1.1945966958805496 2.0485708552705435 0.63209755774300602 3.5000000000000004 1.7617708916676647 1.0000000180025095e-35 1.0098822440397444 0.99166666666666681 0.49863363449312798 17.500000000000004 1.5000000000000002
decision_type=2 2 2 2 2 2 2 2 2 2 2 2 2 2
left_child=2 3 -1 10 7 11 -6 -3 13 -5 -2 -4 -8 -7
right_child=1 4 5 9 6 8 12 -9 -10 -11 -12 -13 -14 -15
leaf_value=-0.007178282305536493 -0.0010207069517310131 0.0018545427780109636 -0.0019408348677117824 0.00036547346883836765 0.0098174756336491236 -0.0012844970054222494 0.00658306835764144 0.0035724473129004589 0.0021480841552397991 0.001177548951409141 3.0137874406133694e-05 -0.0015587526948626959 0.00011124197403944771 -0.00052864007430939114
leaf_weight=30632.455939606996 11032.351545219077 17357.265429069754 7432.4904416759964 17272.867738927482 6305.1067939698696 1722.0146037116647 1956.1031629873905 11275.810996532673 254.10570950806141 10908.611588679254 4107.5831818161532 2339.6818289074581 609.93071427731775 3670.8419208787382
leaf_count=110818 40928 61052 22688 54349 19816 6599 9044 44576 957 36462 15534 7875 1815 16935
internal_value=-0.00533493 0.00826661 -0.0292038 0.00123093 0.0163911 -0.0182076 0.0262075 0.0133417 -0.0092866 0.00517287 -0.00610519 -0.0233479 0.0171702 -0.0106745
internal_weight=126877 80825.6 46051.6 43321.4 37504.2 15419.1 8871.14 28633.1 5646.96 28181.5 15139.9 9772.17 2566.03 5392.86
internal_count=449448 283576 165872 147273 136303 55054 30675 105628 24491 90811 56462 30563 10859 23534
is_linear=0
shrinkage=0.035


Tree=52
num_leaves=15
num_cat=1
split_feature=57 57 57 57 57 59 57 0 57 2 6 36 17 27
split_gain=32921.4 3596.58 2369.95 994.284 879.488 553.465 286.001 197.471 185.541 185.25 183.264 176.89 170.909 171.694
threshold=0.61826198445017033 1.4765724853137288 0.15062123699030633 2.0867522202553883 1.1945966958805496 0.54883787585413535 1.7617708916676647 0 0.49863363449312798 3.5000000000000004 7.3483843362098931 18.450000000000003 1.0000000180025095e-35 6.5000000000000009
decision_type=2 2 2 2 2 2 2 1 2 2 2 2 2 2
left_child=2 4 -1 6 11 8 -3 -6 -4 -5 -8 -2 13 -9
right_child=1 3 5 9 7 -7 10 12 -10 -11 -12 -13 -14 -15
leaf_value=-0.0069270424248427161 -0.00093573805674493924 0.0017472560690350194 -0.0019098173770102837 0.0098260416064054872 0.0016116019483687139 -0.00079139153561362324 0.0027073021398587296 0.002263594611419977 -0.0015041963505425006 0.0047669249863242251 0.0038195079570740669 0.00022445226149410359 -0.00014041815702366846 0.00045506609463725426
leaf_weight=30632.455939606996 12216.690711304313 19532.33554310957 6938.3410854551475 5545.7111608311534 6283.6284067481756 6276.8483053026721 3849.3028122198302 1648.9698852254078 2203.9451139240991 2088.4120540441945 8663.5256406720728 2923.2440157309175 7407.9445289745927 10665.866392618744
leaf_count=110818 43605 68865 20607 17175 25591 27247 27111 4296 7200 8908 22057 12857 21322 31789
internal_value=-0.00541526 0.00804225 -0.0290313 0.0155592 0.000791308 -0.0178218 0.0128477 0.00469498 -0.0233154 0.0269093 0.0169827 -0.00591284 0.00296521 0.00549211
internal_weight=126877 80825.6 46051.6 39679.3 41146.3 15419.1 32045.2 26006.4 9142.29 7634.12 12512.8 15139.9 19722.8 12314.8
internal_count=449448 283576 165872 144116 139460 55054 118033 82998 27807 26083 49168 56462 57407 36085
cat_boundaries=0 1
cat_threshold=67108994
is_linear=0
shrinkage=0.035


Tree=53
num_leaves=15
num_cat=0
split_feature=57 57 57 57 59 57 13 62 1 14 1 57 2 40
split_gain=32279.4 3474.37 2463.1 1388.85 545.938 492.126 239.483 213.049 202.139 194.218 193.386 193.183 185.914 180.143
threshold=0.61826198445017033 1.7066017120737698 0.15062123699030633 1.2286814225350955 0.63209755774300602 2.1140978933591543 1.0095139018333017 0.99166666666666681 9.5000000000000018 0.98774795522931602 18.500000000000004 0.49863363449312798 3.5000000000000004 0.4500000000000009
decision_type=2 2 2 2 2 2 2 2 2 2 2 2 2 2
left_child=2 3 -1 7 11 9 8 -2 -5 -3 -11 -4 -8 -10
right_child=1 5 4 6 -6 -7 12 -9 13 10 -12 -13 -14 -15
leaf_value=-0.0066845959399732206 -0.00091673755582117548 0.0019238259994523866 -0.0018073075362807552 0.0016573564054232972 -0.00070119035827438875 0.0088829091590466504 0.0012157623773615147 0.00011964303698623336 0.00066126301118780496 0.0038992221636869589 -0.00089705980335690668 -0.0014515494782735112 0.0031470041507950467 -0.00043711688696749021
leaf_weight=30632.455939606996 11965.261824030429 4225.2921586856246 7432.4904416759964 5393.9275022663642 5646.9622340984643 6821.603529705666 7174.1911734081805 5057.9923738348298 21377.675821042154 10899.30608531856 465.56728647393174 2339.6818289074581 3921.6925769005902 3523.1208198126405
leaf_count=110818 44082 20778 22688 17267 24491 22974 23091 18727 67396 38895 2035 7875 15464 12867
internal_value=-0.00547177 0.00785388 -0.0288564 0.0033577 -0.0174297 0.0195659 0.0068183 -0.00505551 0.0052041 0.0161157 0.0185006 -0.0224347 0.0112169 0.0038705
internal_weight=126877 80825.6 46051.6 58413.9 15419.1 22411.8 41390.6 17023.3 30294.7 15590.2 11364.9 9772.17 11095.9 24900.8
internal_count=449448 283576 165872 198894 55054 84682 136085 62809 97530 61708 40930 30563 38555 80263
is_linear=0
shrinkage=0.035


Tree=54
num_leaves=15
num_cat=0
split_feature=57 57 57 57 59 57 55 13 57 62 1 13 13 31
split_gain=31556.9 3320.5 2556.75 1280.43 532.9 488.812 219.339 217.584 197.457 193.79 191.82 189.195 178.897 178.643
threshold=0.61826198445017033 1.7066017120737698 0.14307512925434676 1.2286814225350955 0.63209755774300602 2.1462153266154864 3.0000000000000004 1.0095139018333017 0.49863363449312798 0.99166666666666681 9.5000000000000018 0.98564003258599686 0.95305253658693034 1.0000000180025095e-35
decision_type=2 2 2 2 2 2 2 2 2 2 2 2 2 2
left_child=2 3 -1 9 8 6 11 10 -4 -2 -5 -3 -7 -6
right_child=1 5 4 7 13 12 -8 -9 -10 -11 -12 -13 -14 -15
leaf_value=-0.0064605741635753739 -0.00088465174136743269 0.0016628699540999893 -0.0017273966830546926 0.0015993489312334853 -0.00076808412150906316 -0.0011812759146887597 -0.00043855063079104701 0.0017521395022805321 -0.0014007452465339377 0.00011545553069171267 0.00048832380884219161 0.0037367388187257047 0.0096155475778141267 0.0021181625108281912
leaf_weight=30112.742804821348 11965.261824030429 2559.0991190832574 7806.2578079525847 5393.9275022663642 5537.9071597680449 196.19513425184414 816.77048844844103 11095.883750308771 2339.6818289074581 5057.9923738348298 24900.796640854795 13353.151390113169 5486.5529282870702 255.00084283947945
leaf_count=109303 44082 11834 23642 17267 24090 879 5239 38555 7875 18727 80263 47724 19006 962
internal_value=-0.00551904 0.00765665 -0.0286405 0.00326117 -0.0172882 0.0191064 0.0160757 0.00658394 -0.0221229 -0.00481698 0.00504526 0.0169832 0.0279844 -0.00879688
internal_weight=126877 80825.6 46051.6 58413.9 15938.8 22411.8 16729 41390.6 10145.9 17023.3 30294.7 15912.3 5682.75 5792.91
internal_count=449448 283576 165872 198894 56569 84682 64797 136085 31517 62809 97530 59558 19885 25052
is_linear=0
shrinkage=0.035


Tree=55
num_leaves=15
num_cat=1
split_feature=57 57 57 57 46 59 60 57 2 1 62 28 1 0
split_gain=30904.7 3801.58 1789.46 1139.51 727.566 561.179 386.803 300.437 275.123 226.097 193.489 192.147 257.431 179.652
threshold=0.49863363449312798 1.3750804559891814 0.14307512925434676 2.0485708552705435 1.0000000180025095e-35 0.44437406304545285 -0.8038981836306559 1.7320281644775868 3.5000000000000004 17.500000000000004 -0.4937500000000003 59.500000000000007 12.500000000000002 0
decision_type=2 2 2 2 2 2 2 2 2 2 2 2 2 1
left_child=2 4 -1 7 6 -4 -2 -3 -5 -10 -8 -6 -13 -9
right_child=1 3 5 8 11 -7 10 13 9 -11 -12 12 -14 -15
leaf_value=-0.0062344540678502354 -0.0021850242084342671 0.0014478725604216371 -0.0017575084435029976 0.0085588016818624827 3.857280929875473e-05 -0.00075962046456428127 -0.00088918275103274942 0.0034176514112848723 0.005600938704259823 -0.00050693545733631717 5.3605430919267953e-05 0.00016955020366483999 0.002007594208346274 0.0027093581663801981
leaf_weight=30112.742804821348 5215.9246044461615 25999.243759969017 6621.9804046193603 6305.1067939698696 13034.043924318627 5708.7967929365113 5509.3794378666207 3971.7279693866149 1956.1031629873905 609.93071427731775 6797.3844030434266 3654.2717864923179 3046.4025933593512 8334.1824432739522
leaf_count=109303 21429 92195 18973 19816 39125 23528 19168 11269 9044 1815 23522 12746 9553 37962
internal_value=-0.00558819 0.00665924 -0.0299481 0.0132581 -0.00169768 -0.0186928 -0.00688629 0.0106353 0.0245584 0.0148052 -0.00349536 0.00291051 0.00772243 0.0151428
internal_weight=126877 84433.7 42443.5 47176.3 37257.4 12330.8 17522.7 38305.2 8871.14 2566.03 12306.8 19734.7 6700.67 12305.9
internal_count=449448 297644 151804 172101 125543 42501 64119 141426 30675 10859 42690 61424 22299 49231
cat_boundaries=0 1
cat_threshold=131074
is_linear=0
shrinkage=0.035


Tree=56
num_leaves=15
num_cat=0
split_feature=57 57 57 57 46 59 57 60 6 2 62 1 28 1
split_gain=30240.1 3591.73 1845.31 1102.73 686.866 551.884 361.101 359.895 196.119 189.746 184.937 183.952 179.866 243.556
threshold=0.49863363449312798 1.3750804559891814 0.14307512925434676 2.1140978933591543 1.0000000180025095e-35 0.44437406304545285 1.7617708916676647 -0.8038981836306559 7.3405597374369878 3.5000000000000004 -0.4937500000000003 16.500000000000004 59.500000000000007 12.500000000000002
decision_type=2 2 2 2 2 2 2 2 2 2 2 2 2 2
left_child=2 4 -1 6 7 -4 -3 -2 -8 -5 -9 -11 -6 -14
right_child=1 3 5 9 12 -7 8 10 -10 11 -12 -13 13 -15
leaf_value=-0.006016248175475478 -0.0021085483611390683 0.0014097838901302963 -0.0016959956479803925 0.0089884742653160207 3.7222760973294473e-05 -0.00073303374830453109 0.0022520880206314633 -0.00085806135474660213 0.0034148142137759466 0.0071056123315443196 5.1729240837093966e-05 -6.3571843992215056e-05 0.00016361594653656721 0.001937328411054158
leaf_weight=30112.742804821348 5215.9246044461615 27029.343176096911 6621.9804046193603 5003.4840830154717 13034.043924318627 5708.7967929365113 3926.0255649790633 5509.3794378666207 9399.3225730825216 1238.8919814166147 6797.3844030434266 579.22746527357958 3654.2717864923179 3046.4025933593512
leaf_count=109303 21429 96850 18973 15314 39125 23528 28061 19168 24216 5825 23522 1835 12746 9553
internal_value=-0.00565137 0.00646366 -0.0297479 0.0128778 -0.00165932 -0.0183195 0.0106727 -0.00670072 0.0153894 0.0258873 -0.00342981 0.016059 0.00281812 0.00747372
internal_weight=126877 84433.7 42443.5 47176.3 37257.4 12330.8 40354.7 17522.7 13325.3 6821.6 12306.8 1818.12 19734.7 6700.67
internal_count=449448 297644 151804 172101 125543 42501 149127 64119 52277 22974 42690 7660 61424 22299
is_linear=0
shrinkage=0.035


Tree=57
num_leaves=15
num_cat=1
split_feature=57 57 57 57 57 59 13 57 60 1 58 1 0 2
split_gain=29688 3403 1912.13 950.993 860.014 534.42 263.628 266.043 196.649 271.593 202.42 196.48 192.49 186.05
threshold=0.49863363449312798 1.4601924463265725 0.14307512925434676 2.1140978933591543 1.1313422850242556 0.44437406304545285 0.9868611173648858 1.7987097269884027 -0.8038981836306559 19.500000000000004 10.772291988718584 7.5000000000000009 0 3.5000000000000004
decision_type=2 2 2 2 2 2 2 2 2 2 2 2 1 2
left_child=2 4 -1 6 8 -4 -3 -8 9 10 11 -2 -6 -5
right_child=1 3 5 13 12 -7 7 -9 -10 -11 -12 -13 -14 -15
leaf_value=-0.0058056794893338358 -0.0021198975136077092 0.00092285596531962901 -0.0016366358003010787 0.0086738776660299638 0.0014010052295783837 -0.00070737756711387271 0.0016742975713495603 0.003492853841690458 -0.00044977921236392942 -0.0029481207630457011 0.0011660243920761822 0.0011024436978253594 0.00021331530563750592 0.0041795014826734233
leaf_weight=30112.742804821348 1223.0317907785065 5997.6064161339309 6621.9804046193603 5003.4840830154717 6268.2487403005362 5708.7967929365113 18183.740704131545 9767.3471358804964 12350.627035829239 2427.1888359955046 250.89116036891937 665.5528199414257 20477.863424324896 1818.1194466901943
leaf_count=109303 5421 26451 18973 15314 25399 23528 62935 36375 43847 9536 401 3565 60740 7660
internal_value=-0.00569211 0.00631182 -0.0295676 0.0135821 -0.000478261 -0.0179354 0.0111799 0.0126086 -0.00665235 -0.0128519 -0.00373251 -0.00768858 0.00342797 0.0255031
internal_weight=126877 84433.7 42443.5 40770.3 43663.4 12330.8 33948.7 27951.1 16917.3 4566.66 2139.48 1888.58 26746.1 6821.6
internal_count=449448 297644 151804 148735 148909 42501 125761 99310 62770 18923 9387 8986 86139 22974
cat_boundaries=0 1
cat_threshold=67108994
is_linear=0
shrinkage=0.035


Tree=58
num_leaves=15
num_cat=0
split_feature=57 57 57 57 46 59 60 57 2 2 1 1 1 62
split_gain=28939 3220.16 2056.61 1060.84 606.979 535.293 333.458 303.741 218.338 191.709 265.835 190.179 188.545 175.492
threshold=0.49863363449312798 1.3689852550485722 0.1189477697293176 2.0867522202553883 1.0000000180025095e-35 0.44437406304545285 -0.86955717898714324 1.7617708916676647 3.5000000000000004 1.5000000000000002 6.5000000000000009 16.500000000000004 19.500000000000004 -0.4937500000000003
decision_type=2 2 2 2 2 2 2 2 2 2 2 2 2 2
left_child=2 4 -1 7 6 -4 12 -3 -5 -7 -11 -10 -2 -8
right_child=1 3 5 8 -6 9 13 -9 11 10 -12 -13 -14 -15
leaf_value=-0.0056301410633431909 -0.00089700457548844766 0.0013032674346389495 -0.0014166578477675614 0.008055323123332318 0.00028640016475884212 -0.00099927612864412541 -0.00083006403464542589 0.0028464627730704485 0.0061803391681303213 -0.00089778256498238929 1.5041428387454621e-05 -0.00013792015839224182 -0.0029066317543173983 9.9707810081650427e-06
leaf_weight=28277.673892770894 1739.2826141736005 27400.470555831213 7768.8738177744672 5545.7111608311534 19409.96149280807 2043.1602276191115 5906.7702386910096 12512.828452891903 1420.421638840111 1692.5703169526532 2661.2417472600937 667.99041520408355 2588.6789035000838 7241.5861206194386
leaf_count=104554 7486 98351 21491 17175 60159 7058 20973 49168 6738 8032 10669 2170 10102 25322
internal_value=-0.00573185 0.00611972 -0.0293043 0.012139 -0.00164054 -0.0183981 -0.00637038 0.00984808 0.0240883 -0.0108743 -0.00669739 0.0143346 -0.0147863 -0.00359104
internal_weight=126877 84433.7 42443.5 47547.4 36886.3 14165.8 17476.3 39913.3 7634.12 6396.97 4353.81 2088.41 4327.96 13148.4
internal_count=449448 297644 151804 173602 124042 47250 63883 147519 26083 25759 18701 8908 17588 46295
is_linear=0
shrinkage=0.035


Tree=59
num_leaves=15
num_cat=0
split_feature=57 57 57 57 57 59 57 55 21 1 2 14 1 13
split_gain=28390.1 3075.19 2171.87 899.189 768.374 526.452 285.439 215.369 214.219 206.76 219.918 201.737 200.794 181.858
threshold=0.49863363449312798 1.4601924463265725 0.1189477697293176 2.1462153266154864 1.0949261058531128 0.63209755774300602 1.7908501620324959 3.0000000000000004 1.0000000180025095e-35 6.5000000000000009 1.5000000000000002 1.1694833628063137 19.500000000000004 0.98148119052529537
decision_type=2 2 2 2 2 2 2 2 2 2 2 2 2 2
left_child=2 4 -1 6 11 -4 -3 13 -6 -7 -11 -2 -13 -8
right_child=1 3 5 -5 8 9 7 -9 -10 10 -12 12 -14 -15
leaf_value=-0.0054330861261261791 -0.00052784360637929742 0.0013960879387108272 -0.0013066083797074965 0.0079130205032699307 0.00015966909667148977 -0.00083234410004193638 0.0010990389318494454 -0.0012298683363137731 0.0011673948576059834 -0.00096316696997297401 0.00024626739353074412 -0.00081404520646488187 -0.0038425682078976342 0.003426648689275657
leaf_weight=28277.673892770894 13750.076848969562 21729.016425577225 9100.7695797942579 5682.7480625389144 21107.536782420706 1844.2069063484669 1580.6597311028745 661.63988372683525 6759.3804818319622 1120.1087464466691 2100.7608770169318 902.12019927753136 1144.2894950392656 11116.233682905789
leaf_count=104554 50148 78117 26631 19885 67213 8252 7188 4243 23722 3861 8506 3773 4053 39302
internal_value=-0.00577248 0.00596614 -0.0291203 0.0128773 -0.000488602 -0.0179141 0.0107798 0.0148078 0.00300687 -0.00884511 -0.00347294 -0.00665304 -0.0168829 0.0158219
internal_weight=126877 84433.7 42443.5 40770.3 43663.4 14165.8 35087.5 13358.5 27866.9 5065.08 3220.87 15796.5 2046.41 12696.9
internal_count=449448 297644 151804 148735 148909 47250 128850 50733 90935 20619 12367 57974 7826 46490
is_linear=0
shrinkage=0.035


Tree=60
num_leaves=15
num_cat=0
split_feature=57 57 57 57 57 59 14 1 1 60 1 2 2 60
split_gain=27796.1 2930.4 2266.87 1009.78 548.415 506.459 283.949 470.282 304.804 325.482 280.263 262.467 231.395 202.84
threshold=0.49863363449312798 1.3750804559891814 0.1189477697293176 2.0867522202553883 1.0949261058531128 0.63209755774300602 0.98774795522931602 16.500000000000004 18.500000000000004 -0.79354221435844496 10.500000000000002 3.5000000000000004 3.5000000000000004 -0.88603780069526494
decision_type=2 2 2 2 2 2 2 2 2 2 2 2 2 2
left_child=2 4 -1 6 13 -4 7 10 9 -8 -3 -10 -5 -2
right_child=1 3 5 12 -6 -7 8 -9 11 -11 -12 -13 -14 -15
leaf_value=-0.0052429281117117631 -0.002164573125228701 0.0013850074720721652 -0.001260877086417734 0.0075466492017173996 0.00024934959719162932 -0.00055716227917285339 0.0035511604861605045 0.003143755265134576 0.001506518083034102 0.0014533214485861748 -0.0010262134150777935 -0.0020025797361131773 0.0034094885123428721 -0.00045086239069377145
leaf_weight=28277.673892770894 3082.1617856861558 2836.5641005337238 9100.7695797942579 5545.7111608311534 21460.920206240145 5065.0765298120677 9154.621479348978 3276.5945130698383 2328.2211317978799 15916.918070462532 4856.1006097868085 1173.1517239890527 2088.4120540441945 12714.324757600203
leaf_count=104554 12587 11392 26631 17175 67569 20619 36979 14280 6613 47987 24021 4746 8908 45387
internal_value=-0.00582936 0.00578583 -0.0289316 0.0115794 -0.0015513 -0.0174841 0.00932511 0.00453252 0.0111628 0.0125132 -0.000201953 0.00148476 0.0232285 -0.00649872
internal_weight=126877 84433.7 42443.5 47176.3 37257.4 14165.8 39542.2 10969.3 28572.9 25071.5 7692.66 3501.37 7634.12 15796.5
internal_count=449448 297644 151804 172101 125543 47250 146018 49693 96325 84966 35413 11359 26083 57974
is_linear=0
shrinkage=0.035


Tree=61
num_leaves=15
num_cat=0
split_feature=57 57 57 57 57 59 13 57 55 36 36 14 1 14
split_gain=27227 2785.85 2356 808.738 766.665 504.677 284.996 268.527 197.993 185.239 172.371 169.487 172.656 216.883
threshold=0.49863363449312798 1.5089502730761495 0.1189477697293176 2.1811143364214236 1.1945966958805496 0.41327478071396911 0.9868611173648858 1.7987097269884027 3.0000000000000004 19.950000000000003 27.850000000000005 0.94592306406186222 20.500000000000004 1.1694833628063137
decision_type=2 2 2 2 2 2 2 2 2 2 2 2 2 2
left_child=2 4 -1 6 11 -4 -3 -8 -9 -7 -6 -2 -13 -14
right_child=1 3 5 -5 10 9 7 8 -10 -11 -12 12 13 -15
leaf_value=-0.0050594256278018515 0.00017373688607918772 0.00076285452860444752 -0.0012977462474739127 0.0082098073961001643 0.00049238344902155181 -0.00075004079008556413 0.0015159727571803106 0.0033921388447809143 -0.0013417747721640139 8.6665501467072807e-05 -0.001619322912181862 -0.00052387664175175379 -0.00089489414183675179 -0.0039798610172015634
leaf_weight=28277.673892770894 3687.9556399174035 5863.5483557595871 7530.3060308424756 4704.2843282374088 27393.849278191803 5289.2107826368883 15450.161265548086 10982.225821241969 503.9973260499537 1346.3292961269617 787.63004941493273 10250.571059375536 3882.1577600885648 927.32070956542157
leaf_count=104554 16872 25282 20740 16769 87733 21263 53010 37956 3286 5247 3078 36824 13449 3385
internal_value=-0.00588605 0.00560965 -0.0287506 0.01272 -7.4126e-05 -0.0170813 0.0107673 0.0122892 0.0163449 -0.0100207 0.00357418 -0.00555715 -0.007203 -0.0126693
internal_weight=126877 84433.7 42443.5 37504.2 46929.5 14165.8 32799.9 26936.4 11486.2 6635.54 28181.5 18748 15060 4809.48
internal_count=449448 297644 151804 136303 161341 47250 119534 94252 41242 26510 90811 70530 53658 16834
is_linear=0
shrinkage=0.035


Tree=62
num_leaves=15
num_cat=0
split_feature=57 57 57 57 28 57 57 36 27 13 60 1 58 57
split_gain=26675 2636.95 2445.1 889.629 521.227 507.43 352.795 307.648 218.791 195.11 185.664 208.478 231.285 176.569
threshold=0.49863363449312798 1.3915407368908459 0.10803771127657769 2.1811143364214236 57.500000000000007 1.0949261058531128 1.7908501620324959 13.250000000000002 1.5000000000000002 0.9827004830976741 -0.88603780069526494 17.500000000000004 10.775813521159064 0.18963369556468537
decision_type=2 2 2 2 2 2 2 2 2 2 2 2 2 2
left_child=2 5 -1 6 7 10 -3 13 -8 -10 11 12 -2 -4
right_child=1 3 4 -5 -6 -7 8 -9 9 -11 -12 -13 -14 -15
leaf_value=-0.0048893486790882561 -0.0014308286541187755 0.0011719053995184016 -0.00090555985376722316 0.0079224641372366601 -0.0017107911669201976 0.00024909881756607469 -0.00079891680218098461 -0.00031740695021336058 0.00098667532533852631 0.0032172226541780985 -0.00042136916891192372 -0.0029400198924484518 0.001558927508809327 -0.00071779779818636666
leaf_weight=27893.649935203604 1166.0550659792498 26836.482663949486 2690.7697395570576 4704.2843282374088 4481.563504002057 22759.451025880408 808.3076233714819 4033.2456423081458 1864.3106360489037 11664.378772616619 12714.324757600203 1714.3975975259673 201.70912218093872 3344.2911813063547
leaf_count=102988 5705 96841 6216 16769 16376 72211 3470 16204 8547 41832 45387 6561 321 10020
internal_value=-0.00594908 0.00542949 -0.0285806 0.0110989 -0.0169313 -0.00131761 0.00944687 -0.0124904 0.0138799 0.0149363 -0.00613522 -0.0138301 -0.003597 -0.017487
internal_weight=126877 84433.7 42443.5 45877.8 14549.9 38555.9 41173.5 10068.3 14337 13528.7 15796.5 3082.16 1367.76 6035.06
internal_count=449448 297644 151804 167459 48816 130185 150690 32440 53849 50379 57974 12587 6026 16236
is_linear=0
shrinkage=0.035


Tree=63
num_leaves=15
num_cat=1
split_feature=57 57 57 57 28 57 36 13 27 57 0 2 1 1
split_gain=26238.8 2507.19 2500.81 1056.24 516.413 463.336 305.131 234.5 232.522 196.163 194.92 178.057 167.037 156.293
threshold=0.49863363449312798 0.10803771127657769 1.7147389292795769 1.1945966958805496 57.500000000000007 2.2172500651780487 15.350000000000003 1.0117930993752664 5.5000000000000009 0.18079912731214931 0 3.5000000000000004 21.500000000000004 13.500000000000002
decision_type=2 2 2 2 2 2 2 2 2 2 1 2 2 2
left_child=1 -1 3 12 6 8 9 -5 -4 -3 -10 -9 -2 -13
right_child=2 4 5 7 -6 -7 -8 11 10 -11 -12 13 -14 -15
leaf_value=-0.0047182214753201676 -0.00051488625793414853 -0.0008575154340102135 0.0007751240124408555 0.00042980820876058369 -0.001650913476077991 0.0083419964774374324 -0.00021025969680941615 0.0008216791891705389 0.0033094108877848951 -0.00067845986685806056 0.0025760634853587809 0.00096853538308447123 -0.0028634161472444884 0.0044121561181031371
leaf_weight=27893.649935203604 18018.105207198765 2791.2867388874292 2621.3575795060024 33442.515630402835 4481.563504002057 3683.8477336543147 3219.8008487746119 6553.3763557672501 5061.3309796303511 4057.2189755095169 10584.867313299561 1604.5518368983176 729.89996174816042 2133.8489952851087
leaf_count=102988 66815 6772 10064 107926 16376 13623 12787 21230 13615 12881 45765 6734 3715 8157
internal_value=-0.00600362 -0.0284494 0.00528154 0.00171035 -0.0166537 0.0154411 -0.0122337 0.00468956 0.0131444 -0.016407 0.0147601 0.00930754 -0.00523815 0.0153964
internal_weight=126877 42443.5 84433.7 62482.3 14549.9 21951.4 10068.3 43734.3 18267.6 6848.51 15646.2 10291.8 18748 3738.4
internal_count=449448 151804 297644 214577 48816 83067 32440 144047 69444 19653 59380 36121 70530 14891
cat_boundaries=0 1
cat_threshold=131074
is_linear=0
shrinkage=0.035


Tree=64
num_leaves=15
num_cat=1
split_feature=57 57 57 57 28 46 60 57 36 14 3 57 1 58
split_gain=25745 2604.64 2379.83 862.313 520.417 441.195 312.174 311.703 305.631 215.745 255.441 206.401 188.241 186.616
threshold=0.49863363449312798 0.097176272242086664 1.3915407368908459 2.1811143364214236 57.500000000000007 0.09999999999999977 -0.86955717898714324 1.7908501620324959 15.350000000000003 0.98774795522931602 0 0.18079912731214931 19.500000000000004 10.588470930498199
decision_type=2 2 2 2 2 2 2 2 2 2 1 2 2 2
left_child=1 -1 5 7 8 6 12 -4 11 10 -9 -3 13 -2
right_child=2 4 3 -5 -6 -7 -8 9 -10 -11 -12 -13 -14 -15
leaf_value=-0.0045583393987437045 -0.0014333152246543903 -0.0008438522186950127 0.0011013431727871538 0.0073580631665077561 -0.0015878570843724602 0.00024577431111057814 -0.00027677872365231671 0.0025297592544212301 -0.00020290060742108695 0.0030313170629570176 -0.0012860001774882136 -0.00065471377151802884 -0.0025715574283409711 0.0010592950643525919
leaf_weight=27591.759170043748 1492.1529709564056 2933.9234959073365 26836.482663949486 4704.2843282374088 4590.4454845623113 20700.567089050775 13484.609062471427 2581.3090142421424 3270.1728763543069 10320.652588149533 1435.0354296453297 4057.2189755095169 2600.308681339724 278.29976534843445
leaf_count=101411 7188 7481 96841 16769 16921 64837 47490 9678 13110 35131 9040 12881 10196 474
internal_value=-0.00605482 -0.0282883 0.00512365 0.0105095 -0.0164537 -0.00128606 -0.00531589 0.00888326 -0.0120516 0.0130501 0.00614645 -0.0161784 -0.0134338 -0.00459426
internal_weight=126877 42443.5 84433.7 45877.8 14851.8 38555.9 17855.4 41173.5 10261.3 14337 4016.34 6991.14 4370.76 1770.45
internal_count=449448 151804 297644 167459 50393 130185 65348 150690 33472 53849 18718 20362 17858 7662
cat_boundaries=0 1
cat_threshold=1
is_linear=0
shrinkage=0.035


Tree=65
num_leaves=15
num_cat=1
split_feature=57 57 57 57 57 28 36 13 57 57 0 6 50 1
split_gain=25254.1 2707.19 2251.86 749.479 545.142 528.338 291.718 279.112 241.612 190 184.295 172.114 164.194 156.024
threshold=0.49863363449312798 0.097176272242086664 1.4765724853137288 2.1811143364214236 1.143561007776553 57.500000000000007 15.350000000000003 0.98745562856688196 1.7987097269884027 0.18079912731214931 0 7.943259310970511 10.000000000000002 21.500000000000004
decision_type=2 2 2 2 2 2 2 2 2 2 1 2 2 2
left_child=1 -1 4 7 13 6 9 -4 -9 -3 -6 12 -10 -2
right_child=2 5 3 -5 10 -7 -8 8 11 -11 -12 -13 -14 -15
leaf_value=-0.004398797519787675 -0.00050148793066227501 -0.00081431739104068719 0.00053277524781625513 0.0071005309556799916 0.0012361877187278803 -0.0015322820864194235 -0.00019579908616134875 0.001318192828324254 0.0010085288734414078 -0.00063179878951489718 0.00012946541090606112 0.0032277371594453389 0.0034127030162313093 -0.0026824851828430698
leaf_weight=27591.759170043748 16567.379622752313 2933.9234959073365 6530.5944452639669 4704.2843282374088 6641.8455161377788 4590.4454845623113 3270.1728763543069 17056.799916010583 2685.5732964335475 4057.2189755095169 20815.289281875594 4278.7040634695441 4423.3311614617705 729.89996174816042
leaf_count=101411 60615 7481 27917 16769 26887 16921 13110 58524 15642 12881 62311 7755 17509 3715
internal_value=-0.00609313 -0.0281137 0.00497826 0.0110475 -0.000404023 -0.0160492 -0.0116146 0.00927826 0.0107761 -0.0156464 0.00266167 0.0147259 0.0113591 -0.00526914
internal_weight=126877 42443.5 84433.7 39679.3 44754.4 14851.8 10261.3 34975 28444.4 6991.14 27457.1 11387.6 7108.9 17297.3
internal_count=449448 151804 297644 144116 153528 50393 33472 127347 99430 20362 89198 40906 33151 64330
cat_boundaries=0 1
cat_threshold=67108994
is_linear=0
shrinkage=0.035


Tree=66
num_leaves=15
num_cat=0
split_feature=57 57 57 57 57 28 57 13 13 52 2 55 28 1
split_gain=24816.4 3719.72 1170.69 712.323 465.785 499.827 416.697 225.901 223.46 223.094 193.661 190.552 177.516 307.348
threshold=0.18079912731214931 1.243331318502668 1.7908501620324959 0.084027131293982052 0.61826198445017033 57.500000000000007 2.2392209024604219 1.0130674108117226 0.98745562856688196 0.39304861390750967 3.5000000000000004 3.0000000000000004 56.500000000000007 16.500000000000004
decision_type=2 2 2 2 2 2 2 2 2 2 2 2 2 2
left_child=3 4 7 -1 5 -2 8 12 -4 -5 -9 -10 13 -3
right_child=1 2 6 9 -6 -7 -8 10 11 -11 -12 -13 -14 -15
leaf_value=-0.0042494912968463004 -0.00053005677674598187 2.7320919295232839e-05 0.00081782364093792705 -0.00083508984421934505 -0.00037025613314924934 -0.0017274269808995062 0.0081002232843737296 0.00083343692187206502 0.0030940782482399213 -0.00066700659944710485 0.0030464686417345692 -0.0014703025798306359 0.0010971016612096862 0.0021484182066900471
leaf_weight=27295.413114791038 9174.7403860287741 20775.565697207116 3013.5854349413421 3437.7896968731657 17981.88794087735 4071.2984816341195 3205.7569162885193 5566.6242878325284 12291.720681444043 2072.3487649618182 3608.7006521180738 530.21832760050893 10146.052940595429 3705.5182725740597
leaf_count=99833 32793 62318 12855 9965 65827 15952 12022 18601 42256 7329 15088 3485 37235 13889
internal_value=-0.00612877 0.00301288 0.00791856 -0.0323359 -0.00685879 -0.0118369 0.015162 0.00476703 0.0128176 -0.0207905 0.00964775 0.0148324 0.00347135 0.00185661
internal_weight=126877 94071.7 62843.7 32805.6 31227.9 13246 19041.3 43802.5 15835.5 5510.14 9175.32 12821.9 34627.1 24481.1
internal_count=449448 332321 217749 117127 114572 48745 70618 147131 58596 17294 33689 45741 113442 76207
is_linear=0
shrinkage=0.035


Tree=67
num_leaves=15
num_cat=0
split_feature=57 57 57 57 57 28 57 13 52 13 50 59 2 59
split_gain=24539.7 3501.91 1135.98 760.546 437.278 474.636 421.192 230.39 224.956 214.095 194.281 207.196 169.301 167.229
threshold=0.18079912731214931 1.243331318502668 1.7987097269884027 0.084027131293982052 0.61826198445017033 57.500000000000007 2.2665545039772081 0.98745562856688196 0.39304861390750967 1.0142182243805491 16.500000000000004 0.45972848220565493 3.5000000000000004 0.25118773779856129
decision_type=2 2 2 2 2 2 2 2 2 2 2 2 2 2
left_child=3 4 9 -1 5 -2 7 -4 -5 13 11 -9 -11 -3
right_child=1 2 6 8 -6 -7 -8 10 -10 12 -12 -13 -14 -15
leaf_value=-0.0041007591014566797 -0.00051150478955987178 0.00078441234112956899 0.00079347289348349014 -0.00080586169967166799 -0.00035729716848902641 -0.0016669670365680235 0.0087218665930294415 0.0030654545468141361 -0.00064366136846645636 0.00083561482269729596 0.0033377086860998063 0.00031484805707693964 0.0029987472753843494 0.00018208149617459203
leaf_weight=27295.413114791038 9174.7403860287741 15404.826013827696 3027.4829610381275 3437.7896968731657 17981.88794087735 4071.2984816341195 2735.182534355903 1952.8829653908033 2072.3487649618182 5071.6540948450565 8735.133182041347 2276.0502083627507 3468.7367271459661 20171.79452359397
leaf_count=99833 32793 39668 12779 9965 65827 15952 10559 7994 7329 17207 25345 12409 14607 77181
internal_value=-0.00615442 0.00293612 0.007696 -0.032215 -0.00664217 -0.0114656 0.0149167 0.0127311 -0.0202906 0.0046283 0.0147604 0.00857155 0.00960231 0.0034319
internal_weight=126877 94071.7 62843.7 32805.6 31227.9 13246 18726.7 15991.5 5510.14 44117 12964.1 4228.93 8540.39 35576.6
internal_count=449448 332321 217749 117127 114572 48745 69086 58527 17294 148663 45748 20403 31814 116849
is_linear=0
shrinkage=0.035


Tree=68
num_leaves=15
num_cat=0
split_feature=57 57 57 57 57 28 57 21 1 52 14 13 2 23
split_gain=24279.5 3297.08 1087.06 798.201 417.808 462.302 401.489 307.345 316.07 224.346 197.712 197.317 170.991 158.643
threshold=0.18079912731214931 1.243331318502668 1.7987097269884027 0.084027131293982052 0.61826198445017033 57.500000000000007 2.2665545039772081 1.0000000180025095e-35 17.500000000000004 0.38665317447597397 0.98774795522931602 1.0117930993752664 3.5000000000000004 1.0000000180025095e-35
decision_type=2 2 2 2 2 2 2 2 2 2 2 2 2 2
left_child=3 4 11 -1 5 -2 7 -4 10 -5 -9 -3 -13 -11
right_child=1 2 6 9 -6 -7 -8 8 -10 13 -12 12 -14 -15
leaf_value=-0.0039572325329056959 -0.00049360212192527684 0.00042709472650693029 0.0030156259398487566 -0.00077769817132697339 -0.00034479176759191212 -0.001608623190288142 0.0084166012622734158 -0.00049560949718150066 -0.0027021119164302278 -0.00096891894675974377 0.0026465095679693786 0.00077872064804553563 0.0027805912249108835 6.2828420342614938e-05
leaf_weight=27295.413114791038 9174.7403860287741 34004.740352552617 11440.465700319735 3395.5343192750588 17981.88794087735 4071.2984816341195 2735.182534355903 1216.5648262090981 793.38767063524574 1386.1744288860355 2541.1311196689494 6223.8010182455182 3888.4699886145536 728.42971367388964
leaf_count=99833 32793 111897 40577 9831 65827 15952 10559 6362 2468 5362 9120 20525 16241 2101
internal_value=-0.00619647 0.00284576 0.00746434 -0.0321185 -0.00644819 -0.011163 0.0145278 0.012394 0.00468741 -0.0199063 0.00892822 0.00446343 0.00875406 -0.0108812
internal_weight=126877 94071.7 62843.7 32805.6 31227.9 13246 18726.7 15991.5 4551.08 5510.14 3757.7 44117 10112.3 2114.6
internal_count=449448 332321 217749 117127 114572 48745 69086 58527 17950 17294 15482 148663 36766 7463
is_linear=0
shrinkage=0.035


Tree=69
num_leaves=15
num_cat=0
split_feature=57 57 57 57 28 1 2 57 1 59 1 1 1 21
split_gain=23981.1 3112.8 1110.24 847.6 466.242 434.812 321.995 309.009 278.643 216.772 515.593 274.488 205.908 228.586
threshold=0.18079912731214931 1.1945966958805496 2.0349876333700423 0.076256829880883642 57.500000000000007 20.500000000000004 3.5000000000000004 1.5305761950595727 17.500000000000004 0.2595093939220971 18.500000000000004 16.500000000000004 5.5000000000000009 1.0000000180025095e-35
decision_type=2 2 2 2 2 2 2 2 2 2 2 2 2 2
left_child=3 4 7 -1 -2 -6 -4 -3 -8 10 -9 -11 -5 -14
right_child=1 2 6 12 5 -7 8 9 -10 11 -12 -13 13 -15
leaf_value=-0.0038407223780743791 -0.0003178533873026196 0.00032423758961880214 0.0054704964923145962 -0.00080026235771680837 -0.00081962942423985505 -0.0018574677047262398 0.0032983523153082752 0.0022295011476742522 -0.0020503632357721235 0.00027472119265570033 -0.0017671465474190385 0.0020545907007804066 -0.00089778994090356217 0.00032819405623843949
leaf_weight=26903.824298093561 19041.260995170102 30019.205843658885 6503.1543861478567 3627.137694387231 4952.8823692537844 4391.8302302742377 2098.2640512308571 10476.42721052235 619.01762739359401 9645.8713002381846 1184.639072188409 5139.1169330636039 1783.3122915104032 491.27729263482615
leaf_count=98275 68077 97142 20637 13249 20806 16324 9705 30987 1853 42327 3687 20776 4193 1410
internal_value=-0.00624032 0.00274618 0.00693125 -0.0320026 -0.00693717 -0.0133365 0.0181858 0.00509055 0.00802731 0.0078486 0.0114161 0.00502903 -0.0199336 -0.0116006
internal_weight=126877 94071.7 65685.7 32805.6 28386 9344.71 9220.44 56465.3 2717.28 26446.1 11661.1 14785 5901.73 2274.59
internal_count=449448 332321 227114 117127 105207 37130 32195 194919 11558 97777 34674 63103 18852 5603
is_linear=0
shrinkage=0.035


Tree=70
num_leaves=15
num_cat=0
split_feature=57 57 57 57 28 1 2 57 1 48 27 59 1 1
split_gain=23676.3 2929.22 1050.13 891.003 438.417 413.795 309.136 289.896 252.31 212.492 200.951 190.472 497.188 292.392
threshold=0.18079912731214931 1.1945966958805496 2.0349876333700423 0.084027131293982052 57.500000000000007 20.500000000000004 3.5000000000000004 1.5089502730761495 17.500000000000004 0.39448470209339775 1.5000000000000002 0.2595093939220971 18.500000000000004 16.500000000000004
decision_type=2 2 2 2 2 2 2 2 2 2 2 2 2 2
left_child=3 4 7 -1 -2 -6 10 -3 -8 -5 -4 12 -9 -13
right_child=1 2 6 9 5 -7 8 11 -10 -11 -12 13 -14 -15
leaf_value=-0.0036843041110213928 -0.00030672851874702812 0.00029175254046201585 -0.0030781878880867999 -0.00072693390112884182 -0.00079094239439146013 -0.0017924563350608209 0.0031829099842724932 0.0020930444897236168 -0.0019786005225200954 -0.00051502140104012673 0.0054311957058600299 0.00023744032247413507 -0.0013386996690139964 0.0020381549602729288
leaf_weight=27295.413114791038 19041.260995170102 28181.479327606736 208.34936095774174 3810.0325923587661 4952.8823692537844 4391.8302302742377 2098.2640512308571 11152.832076638937 619.01762739359401 1700.1058694762178 6294.805025190115 10227.320594648831 1458.509605144849 5445.1187556320801
leaf_count=99833 68077 90811 933 11463 20806 16324 9705 32939 1853 5831 19704 44880 4265 22024
internal_value=-0.00628316 0.00264605 0.00670583 -0.0318812 -0.00674741 -0.0129528 0.0176515 0.00491567 0.0076988 -0.0189871 0.0217919 0.0074185 0.0106201 0.00483707
internal_weight=126877 94071.7 65685.7 32805.6 28386 9344.71 9220.44 56465.3 2717.28 5510.14 6503.15 28283.8 12611.3 15672.4
internal_count=449448 332321 227114 117127 105207 37130 32195 194919 11558 17294 20637 104108 37204 66904
is_linear=0
shrinkage=0.035


Tree=71
num_leaves=15
num_cat=0
split_feature=57 57 57 57 57 60 60 1 1 21 36 62 1 13
split_gain=23357.3 2773.35 941.431 786.384 645.814 403.211 311.596 619.599 448.69 274.441 249.355 230.787 213.765 194.527
threshold=0.18079912731214931 1.3275366942410052 0.076256829880883642 2.1462153266154864 0.61826198445017033 -0.8238924869212918 -0.79354221435844496 18.500000000000004 16.500000000000004 1.0000000180025095e-35 26.150000000000002 0.90208333333333279 13.500000000000002 1.0240384426328131
decision_type=2 2 2 2 2 2 2 2 2 2 2 2 2 2
left_child=2 4 -1 6 5 -2 7 12 10 -10 -8 -6 -3 -4
right_child=1 3 13 -5 11 -7 8 -9 9 -11 -12 -13 -14 -15
leaf_value=-0.0035773464509560263 -0.0014963675387306135 0.0017503548601670318 -0.00075674222667399254 0.0053491198326739544 -0.00044660989303997481 -0.00049287154509796598 0.00045567247168861076 -0.0016810610485104606 0.0025664189094868218 0.00040413778925976756 -0.002015414124169156 0.0002694216650758086 0.0034497415451609061 -0.00025900859575082218
leaf_weight=26903.824298093561 3456.5762557371054 5301.107882610755 4827.2575685507618 5682.7480625389144 16707.803610937437 9789.4626119257882 22729.547515762039 1555.4597165468149 6796.8598464429379 2771.9931450868025 1407.4301036410034 12549.989452199778 5322.6918157124892 1074.4697099816985
leaf_count=98275 13386 21136 15349 19885 57329 35359 77569 6137 22192 10640 6870 40168 21650 3503
internal_value=-0.00629888 0.00256999 -0.0317239 0.00802519 -0.00404888 -0.0104576 0.00650122 0.0112983 0.00476501 0.0111746 0.00222043 -0.00114482 0.014318 -0.0190122
internal_weight=126877 94071.7 32805.6 51567.8 42503.8 13246 45885.1 12179.3 33705.8 9568.85 24137 29257.8 10623.8 5901.73
internal_count=449448 332321 117127 186079 146242 48745 166194 48923 117271 32832 84439 97497 42786 18852
is_linear=0
shrinkage=0.035


Tree=72
num_leaves=15
num_cat=0
split_feature=57 57 57 57 57 14 60 1 1 1 2 62 59 23
split_gain=23059.6 2618.24 983.828 731.083 655.172 386.674 279.245 589.504 403.717 250.852 618.199 238.438 217.439 210.846
threshold=0.18079912731214931 1.3474743265223166 0.067929886174935075 2.1811143364214236 0.61826198445017033 1.1694833628063137 -0.79354221435844496 18.500000000000004 16.500000000000004 10.500000000000002 3.5000000000000004 0.90208333333333279 0.34964421742355262 1.0000000180025095e-35
decision_type=2 2 2 2 2 2 2 2 2 2 2 2 2 2
left_child=2 4 -1 6 5 -2 7 -3 9 -8 -11 -6 -12 -10
right_child=1 3 -4 -5 11 -7 8 -9 13 10 12 -13 -14 -15
leaf_value=-0.0034521393251725654 -0.00053677541314769821 0.002719180842693663 -0.00069449761483158839 0.0057146616124197228 -0.00042731251468669854 -0.0018686245364827815 0.0010939873593059446 -0.0016246160722039062 0.0025822698439789782 -0.00088991033133149387 0.0025366972624745422 0.00027915656126967225 0.00056813248521092716 0.00070904546748344578
leaf_weight=26429.485218301415 11356.45220342325 10423.005402231589 6376.066358324606 4704.2843282374088 17324.187445582822 1889.5866642396431 8506.2843536874279 1522.04365408374 6508.0972323277965 8552.3878388740122 2249.6476161777973 13905.915636821184 3734.6912273932248 3395.0864160619676
leaf_count=96654 42088 42053 20473 16769 59411 6657 27252 5980 23714 27353 5984 44267 21088 9705
internal_value=-0.00633293 0.00247925 -0.0315954 0.00800801 -0.00368631 -0.0102058 0.00662926 0.0112129 0.00496449 0.00242246 -0.000371789 -0.000918715 0.00824887 0.010871
internal_weight=126877 94071.7 32805.6 49595.5 44476.1 13246 44891.2 11945 32946.2 23043 14536.7 31230.1 5984.34 9903.18
internal_count=449448 332321 117127 179898 152423 48745 163129 48033 115096 81677 54425 103678 27072 33419
is_linear=0
shrinkage=0.035


Tree=73
num_leaves=15
num_cat=0
split_feature=57 57 57 57 28 1 2 28 1 1 1 1 36 41
split_gain=22727.3 2547.18 929.94 922.614 428.411 373.65 303.344 268.742 579.854 529.28 457.097 250.958 249.617 236.82
threshold=0.17030564934515588 1.1945966958805496 0.067929886174935075 2.0349876333700423 57.500000000000007 20.500000000000004 3.5000000000000004 59.500000000000007 18.500000000000004 13.500000000000002 16.500000000000004 17.500000000000004 26.550000000000004 2.8500000000000019
decision_type=2 2 2 2 2 2 2 2 2 2 2 2 2 2
left_child=2 4 -1 7 -2 -6 -5 10 9 -9 12 -8 13 -3
right_child=1 3 -4 6 5 -7 11 8 -10 -11 -12 -13 -14 -15
leaf_value=-0.0033313144487915258 -0.00026828616095863679 0.00034889054207583596 -0.00066718089845367405 0.0048253808608663424 -0.00074231294342729578 -0.0016336750507931362 0.0028452485881509705 0.00067753824389695915 -0.0015488464939812253 0.0030140158798809351 0.0017290996221780443 -0.0021291327326655092 -0.0016608458589457565 -0.0010614698893666298
leaf_weight=26429.485218301415 19300.979667620733 25464.081552118994 5944.7658398614731 6503.1543861478567 5029.9091319132131 4486.3853136273101 2098.2640512308571 9109.0157488924451 2164.1601970957126 6407.9353970859665 8376.9531128704548 619.01762739359401 1686.8699510730803 3256.2444005347788
leaf_count=96654 69045 78369 18941 20637 21135 16559 9705 32940 8739 24715 30264 1853 7262 12630
internal_value=-0.00634195 0.00232897 -0.0316459 0.0061347 -0.00634488 -0.0124188 0.0163942 0.00445677 0.00803204 0.010399 0.00282521 0.00654128 0.000829651 0.00159981
internal_weight=126877 94503 32374.3 65685.7 28817.3 9516.29 9220.44 56465.3 17681.1 15517 38784.1 2717.28 30407.2 28720.3
internal_count=449448 333853 115595 227114 106739 37694 32195 194919 66394 57655 128525 11558 98261 90999
is_linear=0
shrinkage=0.035


Tree=74
num_leaves=15
num_cat=0
split_feature=57 57 57 57 28 1 21 1 28 1 1 1 21 1
split_gain=22383.4 2388.32 988.252 862.294 416.202 355.676 270.954 269.99 260.564 546.221 481.873 424.353 261.929 637.212
threshold=0.17030564934515588 1.1945966958805496 0.06335131078084548 2.061876873652198 57.500000000000007 20.500000000000004 1.0000000180025095e-35 12.500000000000002 59.500000000000007 18.500000000000004 13.500000000000002 16.500000000000004 1.0000000180025095e-35 10.500000000000002
decision_type=2 2 2 2 2 2 2 2 2 2 2 2 2 2
left_child=2 4 -1 8 -2 -6 -5 -8 11 10 -10 12 13 -3
right_child=1 3 -4 6 5 -7 7 -9 9 -11 -12 -13 -14 -15
leaf_value=-0.0032147184430838223 -0.00025889614532508432 0.00097190414322215104 -0.00066806869518619882 0.0045891221339991531 -0.00071633199040734398 -0.0015764964240153761 0.0049982247172799229 -0.0011621808094052623 0.00068390486917207951 -0.001494636866691882 0.0029085253240850985 0.0016659319809761821 0.00087586356923224256 -0.0006797974270510743
leaf_weight=25932.279834385263 19300.979667620733 7458.7396071739495 6441.9712237776257 6546.1362952676136 5029.9091319132131 4486.3853136273101 789.10782341263257 1069.9893416734412 9184.7338225138374 2164.1601970957126 6584.0361389305908 8663.6677728630602 8444.9266703976318 14780.198755115271
leaf_count=95094 69045 22500 20501 22059 21135 16559 2535 4494 33178 8739 25503 31160 30408 46538
internal_value=-0.00635798 0.00224709 -0.0314698 0.00593223 -0.00615193 -0.0121387 0.0163948 0.00457258 0.00439438 0.00789021 0.010153 0.00279953 0.000866983 -0.00112612
internal_weight=126877 94503 32374.3 65685.7 28817.3 9516.29 8405.23 1859.1 57280.5 17932.9 15768.8 39347.5 30683.9 22238.9
internal_count=449448 333853 115595 227114 106739 37694 29088 7029 198026 67420 58681 130606 99446 69038
is_linear=0
shrinkage=0.035


Tree=75
num_leaves=15
num_cat=0
split_feature=57 57 57 57 57 14 13 57 62 31 23 1 23 27
split_gain=22088.5 2262.12 1043.02 703.428 580.287 388.836 278.808 244.341 211.079 197.761 179.948 175.017 208.551 174.747
threshold=0.17030564934515588 1.3474743265223166 0.06335131078084548 2.2665545039772081 0.61826198445017033 1.1694833628063137 0.98745562856688196 1.7908501620324959 0.90208333333333279 1.0000000180025095e-35 1.0000000180025095e-35 5.5000000000000009 1.0000000180025095e-35 5.5000000000000009
decision_type=2 2 2 2 2 2 2 2 2 2 2 2 2 2
left_child=2 4 -1 6 5 10 -3 -8 -6 11 -2 -4 -13 -9
right_child=1 3 9 -5 8 -7 7 13 -10 -11 -12 12 -14 -15
leaf_value=-0.0031022032975758884 -0.00067717467037073657 0.00013967096867671726 -0.00071474896337774224 0.0070502083913831599 -0.00039791455438735414 -0.0017301059810749457 0.00085617098123267352 0.00037906899941348994 0.00025602063325502413 0.0013284050493996265 -6.9838816666722438e-05 -0.00095646803560410509 4.5898945009884148e-05 0.0023754312113722868
leaf_weight=25932.279834385263 7852.6718082060106 8829.3488423498347 4148.4587177783251 2735.182534355903 17324.187445582822 1920.7680350034498 24826.628055026988 1869.3358140131459 13905.915636821184 133.00747014582157 3903.8995429165661 1301.0001987912692 859.50483706220984 11335.032823329093
leaf_count=95094 31156 36799 14652 10559 59411 6798 85646 6937 44267 501 12323 3540 1808 39957
internal_value=-0.00636528 0.00218292 -0.0313111 0.00733501 -0.00350739 -0.00951652 0.00632465 0.00762516 -0.000873465 -0.01866 -0.00711854 -0.0195588 -0.0114003 0.011472
internal_weight=126877 94503 32374.3 49595.5 44907.4 13677.3 46860.3 38031 31230.1 6441.97 11756.6 6308.96 2160.51 13204.4
internal_count=449448 333853 115595 179898 153955 50277 169339 132540 103678 20501 43479 20000 5348 46894
is_linear=0
shrinkage=0.035


Tree=76
num_leaves=15
num_cat=0
split_feature=57 57 57 57 57 14 13 59 1 1 62 1 23 23
split_gain=21818.2 2124.97 1073.37 685.09 543.629 368.745 262.884 223.33 582.945 236.91 195.585 188.855 205.511 171.502
threshold=0.17030564934515588 1.3474743265223166 0.067929886174935075 2.2665545039772081 0.61826198445017033 1.1694833628063137 0.98853855161918502 0.30081702196488996 17.500000000000004 18.500000000000004 0.90208333333333279 5.5000000000000009 1.0000000180025095e-35 1.0000000180025095e-35
decision_type=2 2 2 2 2 2 2 2 2 2 2 2 2 2
left_child=2 4 -1 6 5 13 -3 9 -9 -8 -6 -4 -13 -2
right_child=1 3 11 -5 10 -7 7 8 -10 -11 -12 12 -14 -15
leaf_value=-0.0029936261821607323 -0.00065347355690775993 0.00017934307249823923 -0.00063254159159770239 0.006803451097684746 -0.00038398754498379818 -0.0016695522717373225 0.001876599739775824 0.0003261964283148067 0.0035329478005134978 -0.00029462646777221325 0.00024705991109110208 -0.00085934698442346981 0.00015317767513120834 -6.7394458083387126e-05
leaf_weight=26429.485218301415 7852.6718082060106 9590.4269830852281 3855.4329828864429 2735.182534355903 17324.187445582822 1920.7680350034498 15919.223052389687 15793.21521409601 3755.213531922549 1802.2667532255873 13905.915636821184 1253.700079198461 835.63277777656913 3903.8995429165661
leaf_count=96654 31156 39381 13780 10559 59411 6798 43756 66061 15186 4955 44267 3397 1764 12323
internal_value=-0.00636343 0.00213232 -0.0311562 0.00712578 -0.0033828 -0.00919903 0.00612871 0.00745821 0.00487459 0.0103038 -0.000833434 -0.0176725 -0.00913534 -0.0068639
internal_weight=126877 94503 32374.3 49595.5 44907.4 13677.3 46860.3 37269.9 19548.4 17721.5 31230.1 5944.77 2089.33 11756.6
internal_count=449448 333853 115595 179898 153955 50277 169339 129958 81247 48711 103678 18941 5161 43479
is_linear=0
shrinkage=0.035


Tree=77
num_leaves=15
num_cat=0
split_feature=57 57 57 14 57 57 36 57 2 57 52 11 59 1
split_gain=21603.9 2611.73 837.204 516.615 328.545 293.285 272.528 255.623 221.349 218.929 217.484 197.786 166.217 374.64
threshold=0.1313701521895769 1.0136014344931097 2.0349876333700423 1.1694833628063137 0.057082574837178227 2.3297221445190859 18.450000000000003 1.5305761950595727 3.5000000000000004 0.18079912731214931 0.14091911851449881 1.044975438592026 0.2595093939220971 18.500000000000004
decision_type=2 2 2 2 2 2 2 2 2 2 2 2 2 2
left_child=4 3 7 6 -1 8 9 11 -4 -2 -5 -3 13 -9
right_child=1 2 5 10 -6 -7 -8 12 -10 -11 -12 -13 -14 -15
leaf_value=-0.0028888492657851068 -0.00047501860709869923 7.1843426325356456e-05 0.0033211830866454965 0.00055050828570514911 -0.00085228058229871019 0.0086460257191391682 0.00017991265614139497 0.0017890929659054114 0.00056862093405689827 -0.00046646269298826595 -0.0017821253649349096 0.0015868220000917433 0.00064458817457362821 -0.0015333551475202657
leaf_weight=25500.756352796452 3313.2517378556076 31592.463379027089 5162.2702823504806 297.34612905979156 3171.0228057296481 1742.4477118558716 4092.0566356740892 10476.42721052235 2315.7180705659557 16200.440802953672 3356.7378718443215 3686.6553000423592 14784.988233301789 1184.639072188409
leaf_count=93543 8416 102128 15194 688 12574 7559 16932 30987 9442 56279 12030 16886 63103 3687
internal_value=-0.00636995 0.00143469 0.00497264 -0.00777152 -0.0330933 0.0148045 -0.00587057 0.0035018 0.0117628 -0.00759203 -0.0200023 0.00155097 0.00610265 0.00922613
internal_weight=126877 98205.4 70945.6 27259.8 28671.8 9220.44 23605.7 61725.2 7477.99 19513.7 3654.08 35279.1 26446.1 11661.1
internal_count=449448 343331 248986 94345 106117 32195 81627 216791 24636 64695 12718 119014 97777 34674
is_linear=0
shrinkage=0.035


Tree=78
num_leaves=15
num_cat=0
split_feature=57 57 57 14 57 57 36 13 2 57 52 57 22 59
split_gain=21413.1 2439.7 805.187 497.979 352.128 283.871 254.155 242.919 211.117 209.03 208.674 173.012 163.388 156.393
threshold=0.1313701521895769 1.0136014344931097 2.0349876333700423 1.1694833628063137 0.057082574837178227 2.3297221445190859 18.450000000000003 1.0100514562934193 3.5000000000000004 0.18079912731214931 0.14091911851449881 1.5305761950595727 1.0000000180025095e-35 0.63209755774300602
decision_type=2 2 2 2 2 2 2 2 2 2 2 2 2 2
left_child=4 3 7 6 -1 8 9 11 12 -2 -5 -3 -4 -6
right_child=1 2 5 10 13 -7 -8 -9 -10 -11 -12 -13 -14 -15
leaf_value=-0.0027877395414826283 -0.00045839295585024478 2.0359198101517208e-05 0.0033813868462557722 0.0005312404957054695 -0.0010343369480709521 0.0083434148189693042 0.00017361571317644711 0.0011323244865667627 0.00054871920136490449 -0.00045013649873367818 -0.0017197509771621877 0.00071229137365488642 -0.0041781937412082209 -0.00034584104470932787
leaf_weight=25500.756352796452 3313.2517378556076 25667.319475951139 4977.2494570538402 297.34612905979156 2023.7812611365225 1742.4477118558716 4092.0566356740892 15974.649562275503 2315.7180705659557 16200.440802953672 3356.7378718443215 20083.204156855354 185.0208252966404 1147.2415445931256
leaf_count=93543 8416 84640 14427 688 6990 7559 16932 59498 9442 56279 12030 72653 767 5584
internal_value=-0.00637821 0.00139188 0.00481132 -0.00750596 -0.0329832 0.0144533 -0.00563969 0.0033689 0.0114611 -0.00730212 -0.019514 0.00207062 0.015394 -0.0218538
internal_weight=126877 98205.4 70945.6 27259.8 28671.8 9220.44 23605.7 61725.2 7477.99 19513.7 3654.08 45750.5 5162.27 3171.02
internal_count=449448 343331 248986 94345 106117 32195 81627 216791 24636 64695 12718 157293 15194 12574
is_linear=0
shrinkage=0.035


Tree=79
num_leaves=15
num_cat=0
split_feature=57 57 57 14 57 57 36 57 57 52 2 11 28 1
split_gain=21167 2316.4 769.255 489.184 374.12 274.25 243.629 235.083 221.384 202.928 199.685 173.768 171.569 374.619
threshold=0.1313701521895769 1.0136014344931097 2.0349876333700423 1.1694833628063137 0.057082574837178227 2.3297221445190859 20.450000000000003 1.4601924463265725 0.18079912731214931 0.14091911851449881 3.5000000000000004 1.0473996760164617 57.500000000000007 18.500000000000004
decision_type=2 2 2 2 2 2 2 2 2 2 2 2 2 2
left_child=4 3 7 6 -1 10 8 11 -2 -5 -4 -3 -9 -14
right_child=1 2 5 9 -6 -7 -8 12 -10 -11 -12 -13 13 -15
leaf_value=-0.0026901686575307362 -0.00043899381504402206 1.5891182392927527e-05 0.0030895432517642242 0.00051264707835577638 -0.00079436762394075099 0.0080513953003053754 0.00037243452394504527 0.00055228068479705743 -0.00040832469960164376 -0.0016595596929615116 0.00052951402931713306 0.0015778160441367319 0.0022926488934854263 -0.0012563177384848879
leaf_weight=25500.756352796452 3518.3731049413327 27225.625704650301 5162.2702823504806 297.34612905979156 3171.0228057296481 1742.4477118558716 2491.7927887775004 21905.180959260091 17595.583282764535 3356.7378718443215 2315.7180705659557 2949.6857693523634 8174.8277571832296 1469.8530046360102
leaf_count=93543 9165 86699 15194 688 12574 7559 10318 77181 62144 12030 9442 13552 33799 5560
internal_value=-0.00639195 0.00133337 0.00466529 -0.00733671 -0.0328436 0.0140897 -0.00548705 0.00325543 -0.00670849 -0.0192381 0.0111489 0.00104625 0.00536736 0.00925568
internal_weight=126877 98205.4 70945.6 27259.8 28671.8 9220.44 23605.7 61725.2 21114 3654.08 7477.99 30175.3 31549.9 9644.68
internal_count=449448 343331 248986 94345 106117 32195 81627 216791 71309 12718 24636 100251 116540 39359
is_linear=0
shrinkage=0.035


Tree=80
num_leaves=15
num_cat=0
split_feature=57 57 57 14 57 57 57 36 59 52 2 21 57 28
split_gain=20898.7 2155.86 735.505 457.275 427.405 233.537 231.502 225.812 222.277 200.928 184.772 173.734 222.139 171.784
threshold=0.1313701521895769 1.0136014344931097 2.061876873652198 1.1694833628063137 0.048058731638336925 1.4601924463265725 2.3297221445190859 17.450000000000003 0.63209755774300602 0.22005543436315098 3.5000000000000004 1.0000000180025095e-35 0.49863363449312798 57.500000000000007
decision_type=2 2 2 2 2 2 2 2 2 2 2 2 2 2
left_child=4 3 5 7 -1 -3 10 11 -6 -5 -4 12 -2 -7
right_child=1 2 6 9 8 13 -8 -9 -10 -11 -12 -13 -14 -15
leaf_value=-0.0025960127545171605 -0.00056236844766202902 0.00011693563357166871 0.0030402925845280861 -0.00012272331997705167 -0.00094981677411011458 0.00054728898102180074 0.0077695964647946864 8.9441047144888104e-05 -0.00033104780145224171 -0.0017543168666198613 0.00044876218141708617 -0.00012542457607523483 -0.0004067936191770888 0.0017728033281042834
leaf_weight=24147.382234103279 6879.6799578857608 30175.311474002665 4688.0772235020995 760.62316018715501 2963.8066251294222 22465.956348210573 1742.4477118558716 4828.3864292502403 1560.5902992933989 2893.460840716958 1974.7085249957163 5225.142582410248 6672.5402069371194 9899.1079772873782
leaf_count=90354 20765 100251 13493 2140 8901 79247 7559 20100 6862 10578 8036 19258 21504 40400
internal_value=-0.00635794 0.00131826 0.00453264 -0.00704597 -0.0326414 0.00322492 0.0142476 -0.00525769 -0.0226704 -0.0185526 0.0112469 -0.00699279 -0.00908202 0.00528963
internal_weight=126877 98205.4 70945.6 27259.8 28671.8 62540.4 8405.23 23605.7 4524.4 3654.08 6662.79 18777.4 13552.2 32365.1
internal_count=449448 343331 248986 94345 106117 219898 29088 81627 15763 12718 21529 61527 42269 119647
is_linear=0
shrinkage=0.035


Tree=81
num_leaves=15
num_cat=0
split_feature=57 57 57 57 14 57 59 13 31 2 52 27 1 59
split_gain=20696.5 2030.41 706.471 465.476 453.268 339.659 237.022 222.756 222.042 214.309 199.616 193.326 183.665 201.424
threshold=0.1313701521895769 1.0136014344931097 1.7908501620324959 0.036313070560869166 1.1694833628063137 2.3297221445190859 0.63209755774300602 1.0256352925099914 1.0000000180025095e-35 1.5000000000000002 0.22005543436315098 5.5000000000000009 6.5000000000000009 0.79877197597864635
decision_type=2 2 2 2 2 2 2 2 2 2 2 2 2 2
left_child=3 4 7 -1 8 11 -5 -3 9 -2 -6 -4 -11 -14
right_child=1 2 5 6 10 -7 -8 -9 -10 12 -12 -13 13 -15
leaf_value=-0.0025051523081090596 -0.00060532617175131705 0.00020215476818258641 -0.00012968757833552559 -0.00094339937782551299 -0.00011842800377785444 0.0074976605885268763 -0.00037700949707069979 0.0016341863139919467 0.0026724457435495898 -0.00045290285894950325 -0.001692915776288166 0.0018475766492589798 -0.00027407824465010278 0.00057649368707832032
leaf_weight=23179.497892992338 7220.0005398057401 46942.047110390151 2439.7427854957059 3585.868774271803 760.62316018715501 1742.4477118558716 1906.4124912619591 4962.2807891897392 372.39793357253075 5130.8613190161996 2893.460840716958 14859.090862922836 7692.0329946877901 3190.456389401108
leaf_count=87178 21484 157617 9165 10817 2140 7559 8122 20751 1421 17864 10578 53894 26613 14245
internal_value=-0.00637063 0.00126837 0.00438782 -0.0325267 -0.00684887 0.0101525 -0.023279 0.00227149 -0.00506853 -0.0055018 -0.0183048 0.0086587 -0.0032411 -0.000664984
internal_weight=126877 98205.4 70945.6 28671.8 27259.8 19041.3 5492.28 51904.3 23605.7 23233.4 3654.08 17298.8 16013.4 10882.5
internal_count=449448 343331 248986 106117 94345 70618 18939 178368 81627 80206 12718 63059 58722 40858
is_linear=0
shrinkage=0.035


Tree=82
num_leaves=15
num_cat=1
split_feature=57 57 57 57 28 46 59 28 1 21 1 3 1 21
split_gain=20525.5 1914.69 624.928 495.081 357.637 282.069 241.936 241.748 488.676 497.968 473.527 365.448 356.386 233.677
threshold=0.1313701521895769 1.1945966958805496 2.1811143364214236 0.036313070560869166 57.500000000000007 2.5499999999999998 0.63209755774300602 57.500000000000007 17.500000000000004 1.0000000180025095e-35 18.500000000000004 0 13.500000000000002 1.0000000180025095e-35
decision_type=2 2 2 2 2 2 2 2 2 2 2 1 2 2
left_child=3 4 7 -1 -2 -6 -5 8 13 -10 12 -11 -9 -3
right_child=1 2 -4 6 5 -7 -8 10 9 11 -12 -13 -14 -15
leaf_value=-0.0024174719773252425 -0.00021653576255369221 -0.00014291589732176482 0.004150257190098235 -0.00091038039960161983 -0.00098535118585481394 0.0020102840042860049 -0.00036381416467322526 0.00063901565350845356 0.0029989219378673219 -0.0028873363196650161 -0.0014603047286600437 0.0020203311058818643 0.0024623291479139889 0.00073897035289758337
leaf_weight=23179.497892992338 22216.55276985839 25385.915992051363 4704.2843282374088 3585.868774271803 9645.2480691946112 657.94517374504358 1906.4124912619591 9748.1658676892985 4536.9204133078456 1021.9245036169887 2207.5801975966897 1012.9059885377064 7211.9450570561457 9856.0540763502941
leaf_count=87178 76099 79040 16769 10817 37283 2835 8122 35318 14812 2757 8985 5194 28202 36037
internal_value=-0.00639049 0.00121688 0.00465533 -0.0324383 -0.00572765 -0.0111146 -0.022907 0.00370551 0.00221256 0.010967 0.00695947 -0.0034087 0.00894426 0.000577433
internal_weight=126877 98205.4 65685.7 28671.8 32519.7 10303.2 5492.28 60981.4 41813.7 6571.75 19167.7 2034.83 16960.1 35242
internal_count=449448 343331 227114 106117 116217 40118 18939 210345 137840 22763 72505 7951 63520 115077
cat_boundaries=0 1
cat_threshold=1
is_linear=0
shrinkage=0.035


Tree=83
num_leaves=15
num_cat=0
split_feature=57 57 57 57 14 59 13 31 2 1 13 52 22 31
split_gain=20346.4 1856.82 657.681 449.738 440.918 234.811 217.109 216.967 216.958 224.53 198.742 194.653 159.296 149.946
threshold=0.1189477697293176 1.0136014344931097 2.0485708552705435 0.036313070560869166 1.1694833628063137 0.63209755774300602 1.0070374640473458 1.0000000180025095e-35 3.5000000000000004 17.500000000000004 0.99989997312451562 0.15835013440860221 1.0000000180025095e-35 1.0000000180025095e-35
decision_type=2 2 2 2 2 2 2 2 2 2 2 2 2 2
left_child=3 4 6 -1 7 -5 -3 10 12 -10 -2 -6 -4 -7
right_child=1 2 8 5 11 13 -8 -9 9 -11 -12 -13 -14 -15
leaf_value=-0.0023328604581188592 -0.00058147084054662444 0.00019058902982645678 0.003707820173841019 -0.00088679458752648817 0.00020409426105296892 -0.00042427863721381968 0.00091359211549382215 0.0025708454927936769 0.0022534707794940514 -0.0023416275403583212 -0.00013828853688065026 -0.0014924314462553038 -0.00395691720177442 0.0010654356428224168
leaf_weight=23179.497892992338 10548.212630977621 42526.095680217026 6106.8121108524501 3281.1387556039263 421.03250400722027 1703.5902450419962 19548.3729084027 373.77282249927521 1956.1031629873905 609.93071427731775 12996.477445582626 3314.4430400759447 198.29468311741948 113.44699913263321
leaf_count=87178 37353 146847 18933 9774 1021 7199 71464 1429 9044 1815 44078 12027 883 403
internal_value=-0.00638189 0.00112496 0.00412358 -0.0325482 -0.00656662 -0.0230455 0.00284849 -0.00481569 0.0130325 0.00443022 -0.00523918 -0.0177352 0.0165209 -0.0128466
internal_weight=126877 98599.5 70945.6 28277.7 27653.9 5098.18 62074.5 23918.5 8871.14 2566.03 23544.7 3735.48 6305.11 1817.04
internal_count=449448 344894 248986 104554 95908 17376 218311 82860 30675 10859 81431 13048 19816 7602
is_linear=0
shrinkage=0.035


Tree=84
num_leaves=15
num_cat=1
split_feature=57 57 57 57 59 57 28 1 21 1 3 1 59 36
split_gain=20188.3 1760.17 582.957 475.358 317.255 308.603 262.808 478.642 490.186 401.861 350.083 288.214 231.9 222.822
threshold=0.1189477697293176 1.2286814225350955 2.195558549645483 0.036313070560869166 0.36571913681022045 0.53141131364073613 57.500000000000007 17.500000000000004 1.0000000180025095e-35 18.500000000000004 0 13.500000000000002 0.63209755774300602 12.550000000000002
decision_type=2 2 2 2 2 2 2 2 2 2 1 2 2 2
left_child=3 4 6 -1 5 -2 7 -3 -9 11 -10 13 -5 -8
right_child=1 2 -4 12 -6 -7 9 8 10 -11 -12 -13 -14 -15
leaf_value=-0.0022512103420846991 -0.00062975882503038029 6.2392052748051486e-05 0.0041045943226351205 -0.00085575677696306132 -0.00012954563729632886 -0.00052153535095648853 0.001501934458886365 0.0029197724450854869 -0.0027906754594132889 -0.0013935678668892271 0.0019480258393606122 0.0023485208915861567 -0.00034494560336675444 -0.00029422361345165295
leaf_weight=23179.497892992338 7714.3288406275678 34664.209566000849 4229.9734972047154 3281.1387556039263 16606.140299911611 10476.701608844101 5467.8960602318402 4577.654842402786 1037.7831485718489 2016.0697599812411 974.23794071469456 7140.1597989920992 1817.0372441746294 3694.3923395136371
leaf_count=87178 21178 113566 15189 9774 70644 32305 18645 14874 2805 8183 5021 27859 7602 14625
internal_value=-0.00639243 0.0010852 0.00453849 -0.0324568 -0.00524608 -0.00843792 0.00364533 0.00209533 0.0107344 0.00713292 -0.00365247 0.00895594 -0.0226931 0.00483948
internal_weight=126877 98599.5 63802.4 28277.7 34797.2 18191 59572.4 41253.9 6589.68 18318.5 2012.02 16302.4 5098.18 9162.29
internal_count=449448 344894 220767 104554 124127 53483 205578 136266 22700 69312 7826 61129 17376 33270
cat_boundaries=0 1
cat_threshold=1
is_linear=0
shrinkage=0.035


Tree=85
num_leaves=15
num_cat=0
split_feature=57 57 57 14 57 31 57 11 31 57 52 13 21 27
split_gain=19990.9 1749.85 610.969 438.946 366.445 223.778 222.37 207.182 206.276 203.856 197.363 186.556 172.423 149.77
threshold=0.097176272242086664 1.0136014344931097 2.0349876333700423 1.1694833628063137 0.036313070560869166 1.0000000180025095e-35 2.3297221445190859 1.0284586399017548 1.0000000180025095e-35 1.4765724853137288 0.22005543436315098 0.99382215785938344 1.0000000180025095e-35 7.5000000000000009
decision_type=2 2 2 2 2 2 2 2 2 2 2 2 2 2
left_child=4 3 7 8 -1 -6 12 9 11 13 -5 -2 -4 -3
right_child=1 2 6 10 5 -7 -8 -9 -10 -11 -12 -13 -14 -15
leaf_value=-0.0021724179801117347 -0.00063904599973795191 0.00078359883059193512 0.0023786574610610337 -9.251565925384023e-05 -0.00072727358571333381 0.0010193721842180197 0.0068628377510227528 0.0011430028949761107 0.0024592172189693475 0.00060688798428721214 -0.0015056274191245389 -0.00017471807024941848 -9.9886444254804211e-06 -0.00018437275444521231
leaf_weight=23179.497892992338 7540.7021160642616 3727.6350629543886 5735.5598159711808 785.02918918058276 4302.5115126536693 109.74976439774036 1742.4477118558716 11001.872001378099 377.47005723416805 25578.502161148703 3050.5086919062305 16586.143111484591 1742.4285369452555 21417.163969600806
leaf_count=87178 28341 10209 18364 2234 13844 389 7559 44795 1443 91425 11250 55783 6272 70362
internal_value=-0.00639613 0.000928662 0.0038653 -0.00642165 -0.0327443 -0.0233897 0.0122642 0.00260889 -0.00469412 0.00166379 -0.0174175 -0.00509908 0.00961709 -0.000574105
internal_weight=126877 99285.5 70945.6 28339.9 27591.8 4412.26 9220.44 61725.2 24504.3 50723.3 3835.54 24126.8 7477.99 25144.8
internal_count=449448 348037 248986 99051 101411 14233 32195 216791 85567 171996 13484 84124 24636 80571
is_linear=0
shrinkage=0.035


Tree=86
num_leaves=15
num_cat=0
split_feature=57 57 57 14 57 59 36 13 57 57 52 58 1 57
split_gain=19796.4 1647.11 581.219 414.76 410.254 234.318 203.028 202.409 198.876 187.152 186.641 161.156 149.09 138.207
threshold=0.097176272242086664 1.0136014344931097 2.061876873652198 1.1694833628063137 0.036313070560869166 0.63209755774300602 20.450000000000003 1.0100514562934193 2.3297221445190859 0.18079912731214931 0.22005543436315098 10.565221406153354 14.500000000000002 1.6304150257497732
decision_type=2 2 2 2 2 2 2 2 2 2 2 2 2 2
left_child=4 3 7 6 -1 -6 9 13 11 -2 -5 -4 -9 -3
right_child=1 2 8 10 5 -7 -8 12 -10 -11 -12 -13 -14 -15
leaf_value=-0.002096383350807824 -0.00035560631469864384 7.5231405373565882e-06 0.0012992167608626361 -8.927761117995607e-05 -0.00082292328681374933 -0.00033562910814436726 0.00038570469404374007 0.00041409888644049268 0.006622638429736958 -0.00031517855028846247 -0.0014529304594551808 0.0024818823494752932 0.001789181193120595 0.00063980026920661744
leaf_weight=23179.497892992338 4373.982274542097 31266.649465782568 4600.2343665959779 785.02918918058276 2814.0979128198233 1598.1633642315865 2534.7497274763882 9141.085685986327 1742.4477118558716 17595.583282764535 3050.5086919062305 2062.5513819018379 7058.3525798351038 15074.288067896618
leaf_count=87178 12830 104324 18406 2234 8003 6230 10593 33891 7559 62144 11250 3123 26494 55189
internal_value=-0.00639871 0.000890359 0.00373949 -0.00624092 -0.0326183 -0.0227342 -0.00456165 0.00257704 0.0123755 -0.00564383 -0.0169296 0.00959642 0.00594359 0.00139917
internal_weight=126877 99285.5 70945.6 28339.9 27591.8 4412.26 24504.3 62540.4 8405.23 21969.6 3835.54 6662.79 16199.4 46340.9
internal_count=449448 348037 248986 99051 101411 14233 85567 219898 29088 74974 13484 21529 60385 159513
is_linear=0
shrinkage=0.035


Tree=87
num_leaves=15
num_cat=1
split_feature=57 57 57 57 57 60 31 28 1 21 1 3 1 57
split_gain=19611.9 1548.73 492.77 452.088 285.058 302.071 255.71 243.496 466.339 530.033 362.391 342.233 231.89 257.958
threshold=0.097176272242086664 1.243331318502668 2.2665545039772081 0.020448105090618496 0.61826198445017033 -0.65187484896379932 1.0000000180025095e-35 57.500000000000007 17.500000000000004 1.0000000180025095e-35 18.500000000000004 0 13.500000000000002 1.9553982714560736
decision_type=2 2 2 2 2 2 2 2 2 2 2 1 2 2
left_child=3 4 7 -1 5 -2 -5 8 -3 -10 12 -11 13 -9
right_child=1 2 -4 6 -6 -7 -8 10 9 11 -12 -13 -14 -15
leaf_value=-0.0020230099335295502 -0.00076966575753907769 5.0175224324991999e-05 0.0047154884692730799 -0.00071774078160350937 -0.00019935755750679631 -0.00023973982887103926 0.00099544117655544205 0.00035394363196673888 0.0028683549986590774 -0.0027465442188659376 -0.0013609000673729644 0.0018832656422077246 0.0021701471968005983 0.0061071748132875085
leaf_weight=22038.913247642806 5801.3589138046373 34766.351083745249 2735.182534355903 5426.7165897840168 17981.88794087735 12658.47236044053 126.12933261692524 8113.1922972390894 4894.2485693879426 1121.5824620351195 1952.1586794047616 951.37939763255417 7304.8678578634281 1004.7803289375734
leaf_count=82371 22622 114103 10559 18596 65827 41839 444 29644 15717 3024 7939 4891 28345 3527
internal_value=-0.00640261 0.000852432 0.00418097 -0.0324998 -0.0048872 -0.00794128 -0.0234873 0.00351803 0.00203902 0.0102968 0.00687425 -0.00452152 0.00856895 0.00483813
internal_weight=126877 99285.5 62843.7 27591.8 36441.7 18459.8 5552.85 60108.6 41733.6 6967.21 18375 2072.96 16422.8 9117.97
internal_count=449448 348037 217749 101411 130288 64461 19040 207190 137735 23632 69455 7915 61516 33171
cat_boundaries=0 1
cat_threshold=1
is_linear=0
shrinkage=0.035


Tree=88
num_leaves=15
num_cat=0
split_feature=57 57 57 57 57 28 59 13 60 1 1 2 50 14
split_gain=19461.9 1458.95 491.804 439.987 415.146 280.074 245.994 214.485 210.074 383.205 295.894 392.721 261.907 216.268
threshold=0.097176272242086664 1.3474743265223166 0.020448105090618496 0.61826198445017033 2.2665545039772081 56.500000000000007 0.63209755774300602 1.0235416847075658 -0.8140159405215136 18.500000000000004 17.500000000000004 3.5000000000000004 10.000000000000002 0.98774795522931602
decision_type=2 2 2 2 2 2 2 2 2 2 2 2 2 2
left_child=2 3 -1 5 8 7 -4 -2 9 -3 13 -12 -13 -10
right_child=1 4 6 -5 -6 -7 -8 -9 10 -11 11 12 -14 -15
leaf_value=-0.0019522045858560157 -0.0003408496737898856 0.0020139466580213375 -0.00078989858436190449 -9.5620152153247381e-05 0.0045504463728485225 -0.00074548274956871613 -0.00037547327115169363 0.0002872210413021248 -0.00047006117873946824 -0.0015399831955978951 0.0026976850094260875 0.00139183959340628 -0.0023534564270219749 0.00050418425880898409
leaf_weight=22038.913247642806 10785.496502787806 10409.820634661242 3522.506215343019 31230.103082404006 2735.182534355903 5427.2906082302798 2030.3397070579231 2247.0441632270813 10310.444889415056 1441.0832744012587 4587.1312930472195 1302.3425974268466 1019.2235709950328 17790.299274772406
leaf_count=82371 36032 41731 10426 103678 10559 20874 8614 7555 45754 5696 13342 7079 2709 53028
internal_value=-0.00639311 0.000834131 -0.0323903 -0.00340423 0.00508039 -0.00768644 -0.0229984 -0.00489783 0.00430435 0.0083307 0.00293942 0.00942336 -0.0023015 0.00134253
internal_weight=126877 99285.5 27591.8 49689.9 49595.5 18459.8 5552.85 13032.5 46860.3 11850.9 35009.4 6908.7 2321.57 28100.7
internal_count=449448 348037 101411 168139 179898 64461 19040 43587 169339 47427 121912 23130 9788 98782
is_linear=0
shrinkage=0.035


Tree=89
num_leaves=15
num_cat=0
split_feature=57 57 57 57 14 57 59 13 57 27 52 13 31 13
split_gain=19325.3 1365.44 519.805 505.056 379.767 280.428 245.906 187.3 194.826 185.237 184.375 176.351 156.119 128.478
threshold=0.097176272242086664 1.0136014344931097 0.020448105090618496 1.7617708916676647 1.1694833628063137 2.3297221445190859 0.63209755774300602 1.0235416847075658 0.18079912731214931 5.5000000000000009 0.22005543436315098 1.0256352925099914 1.0000000180025095e-35 0.98774028118005519
decision_type=2 2 2 2 2 2 2 2 2 2 2 2 2 2
left_child=2 4 -1 11 7 9 -4 8 -2 -5 -6 -3 -8 -11
right_child=1 3 6 5 10 -7 12 -9 -10 13 -12 -13 -14 -15
leaf_value=-0.0018838774253510553 -0.00035680665442873422 0.00010500215774701172 -0.00076225213390923791 -0.00033967011683650573 -4.213700914326116e-05 0.0060665383652219159 -0.00040048187002877505 0.00023119495032108419 -0.00029880828118953597 0.00032542993060498794 -0.001355940285378929 0.001371758300730709 0.00097374229986631124 0.0017013704448849999
leaf_weight=22038.913247642806 3809.4467840690631 45967.9434466362 3522.506215343019 2611.7471850384027 785.02918918058276 1742.4477118558716 1904.2103744409978 3629.3592971174512 17065.509203596506 3114.2399127711542 3050.5086919062305 4830.7141454508528 126.12933261692524 12678.516858101822
leaf_count=82371 11319 153675 10426 9810 2234 7559 8170 13742 60506 13167 11250 20060 444 44715
internal_value=-0.00639857 0.000803268 -0.0323044 0.00339737 -0.00568968 0.00808514 -0.022654 -0.00408297 -0.0053586 0.00680671 -0.0159172 0.00153696 -0.0128575 0.0082339
internal_weight=126877 99285.5 27591.8 70945.6 28339.9 20147 5552.85 24504.3 20875 18404.5 3835.54 50798.7 2030.34 15792.8
internal_count=449448 348037 101411 248986 99051 75251 19040 85567 71825 67692 13484 173735 8614 57882
is_linear=0
shrinkage=0.035


Tree=90
num_leaves=15
num_cat=1
split_feature=57 57 57 57 57 60 59 28 1 1 21 3 2 1
split_gain=19185.7 1293.85 551.62 395.684 352.445 252.537 245.102 203.323 332.305 328.959 477.087 284.375 200.049 201.624
threshold=0.097176272242086664 1.3275366942410052 0.020448105090618496 2.2890212251930317 0.61826198445017033 -0.65187484896379932 0.63209755774300602 57.500000000000007 18.500000000000004 17.500000000000004 1.0000000180025095e-35 0 1.5000000000000002 6.5000000000000009
decision_type=2 2 2 2 2 2 2 2 2 2 2 1 2 2
left_child=2 4 -1 7 5 -2 -4 9 -9 -3 -11 -12 -7 -14
right_child=1 3 6 -5 -6 12 -8 8 -10 10 11 -13 13 -15
leaf_value=-0.0018179417154637685 -0.00069494425660722588 0.00012606590823312393 -0.0007355733092224146 0.0048299124408789675 -0.00010497520810701046 -0.0005134658902093503 -0.00034848734077764712 0.0016778923796919856 -0.001284479911550659 0.0026597378619400117 -0.0025682564219361792 0.0016982065866569065 -0.00029846344861431633 0.00016357683376835188
leaf_weight=22038.913247642806 5801.3589138046373 28227.769747331738 3522.506215343019 2267.8400110232178 29257.793063137215 4036.5314582437277 2030.3397070579231 12740.634836203419 1690.7073448668234 4692.8466629385948 1099.3427364975214 848.69674948044121 3171.3436296647415 5450.5972725320607
leaf_count=82371 22622 97405 10426 9036 97497 11626 8614 50565 6672 15058 3008 4335 12223 17990
internal_value=-0.00639274 0.000783023 -0.0322048 0.004626 -0.00337014 -0.00715563 -0.022269 0.00396615 0.00745886 0.00251887 0.0095215 -0.00502081 -0.00437833 -0.00136354
internal_weight=126877 99285.5 27591.8 51567.8 47717.6 18459.8 5552.85 49300 14431.3 34868.7 6640.89 1948.04 12658.5 8621.94
internal_count=449448 348037 101411 186079 161958 64461 19040 177043 57237 119806 22401 7343 41839 30213
cat_boundaries=0 1
cat_threshold=1
is_linear=0
shrinkage=0.035


Tree=91
num_leaves=15
num_cat=0
split_feature=57 57 57 57 57 14 59 13 13 31 62 60 1 25
split_gain=19046.3 1216.1 585.136 369.216 352.199 245.553 243.91 191.826 169.531 147.24 141.65 133.398 159.098 121.842
threshold=0.097176272242086664 1.3474743265223166 0.020448105090618496 2.3297221445190859 0.61826198445017033 0.98774795522931602 0.63209755774300602 1.0037810565908185 0.99287768130384146 1.0000000180025095e-35 1.5729166666666663 -0.92910699518418138 19.500000000000004 1.0000000180025095e-35
decision_type=2 2 2 2 2 2 2 2 2 2 2 2 2 2
left_child=2 4 -1 7 5 -2 -4 -3 -7 -8 11 12 -6 -9
right_child=1 3 6 -5 10 8 9 13 -10 -11 -12 -13 -14 -15
leaf_value=-0.0017543137554225366 -2.1378532447423467e-05 0.00036216623718621335 -0.00070982824339963012 0.0056851625870083921 -0.00046502754924490858 -0.00080206803854118995 -0.00037426794765055 0.0016374101725258662 -0.00031359756395268358 0.00095185837629820807 0.00028030332002404126 -0.00011196891339631034 -0.0023156926743236146 0.00052370597993510524
leaf_weight=22038.913247642806 4991.8476776666939 29805.439513852354 3522.506215343019 1742.4477118558716 2776.4161091684364 4062.7200898751616 1904.2103744409978 10883.013679110911 9405.2635067033116 126.12933261692524 9803.04441679921 17332.839463633485 1317.8030928028747 7164.6271642558277
leaf_count=82371 21417 106797 10426 7559 10307 13923 8170 43069 29121 444 31076 57203 5092 22473
internal_value=-0.00640313 0.000746528 -0.0321212 0.00462332 -0.00312305 -0.00695432 -0.0218932 0.00404452 -0.00941032 -0.0121425 -0.000856913 -0.00245097 -0.00812506 0.00689152
internal_weight=126877 99285.5 27591.8 49595.5 49689.9 18459.8 5552.85 47853.1 13468 2030.34 31230.1 21427.1 4094.22 18047.6
internal_count=449448 348037 101411 179898 168139 64461 19040 172339 43044 8614 103678 72602 15399 65542
is_linear=0
shrinkage=0.035


Tree=92
num_leaves=15
num_cat=1
split_feature=57 57 57 62 57 14 59 28 1 21 1 3 27 1
split_gain=18833.4 1138.88 639.832 359.064 330.833 237.352 225.985 179.786 271.774 403.925 252.991 229.855 220.356 193.664
threshold=0.097176272242086664 1.3689852550485722 0.020448105090618496 0.81666666666666743 2.3297221445190859 1.1694833628063137 0.63209755774300602 47.500000000000007 17.500000000000004 1.0000000180025095e-35 18.500000000000004 0 59.500000000000007 10.500000000000002
decision_type=2 2 2 2 2 2 2 2 2 2 2 1 2 2
left_child=2 3 -1 5 7 -2 -4 8 13 -10 -9 -11 -12 -3
right_child=1 4 6 -5 -6 -7 -8 10 9 11 12 -13 -14 -15
leaf_value=-0.0016929127739827479 -0.00024872320244808733 0.00075351454964542547 -0.00068498425488064309 0.00010044309097541172 0.0054861818964630962 -0.00091959373173921004 -0.00032319090568266 0.0015691229197422076 0.0024747982506843715 -0.0024644543909941156 -0.0022661822402377397 0.0015600613173037381 0.0024587871829973252 -0.0002320308615363165
leaf_weight=22038.913247642806 28454.194481229642 8285.5565458722413 3522.506215343019 18204.267626740038 1742.4477118558716 5079.5780941559933 2030.3397070579231 14168.354538685875 4361.6019355244935 940.59382346272469 1257.094211865915 729.77397227287292 623.03081700578332 15438.968667052686
leaf_count=82371 98753 24288 10426 57609 7559 18073 8614 57782 13483 2456 4701 3584 2756 56993
internal_value=-0.00640305 0.000706551 -0.031977 -0.00288674 0.00461633 -0.00503454 -0.0212894 0.00404434 0.00243264 0.00905971 0.00702931 -0.00555172 -0.00501285 0.000744599
internal_weight=126877 99285.5 27591.8 51738 47547.4 33533.8 5552.85 45805 29756.5 6031.97 16048.5 1670.37 1880.13 23724.5
internal_count=449448 348037 101411 174435 173602 116826 19040 166043 100804 19523 65239 6040 7457 81281
cat_boundaries=0 1
cat_threshold=1
is_linear=0
shrinkage=0.035


Tree=93
num_leaves=15
num_cat=0
split_feature=57 57 57 57 14 1 61 2 1 1 59 52 21 1
split_gain=18681.2 1096.94 619.378 431.167 355.962 237.126 211.935 196.867 195.124 185.84 182.488 182.414 166.666 267.637
threshold=0.084027131293982052 0.95635335543418587 0.020448105090618496 1.7617708916676647 1.1694833628063137 8.5000000000000018 18.270833333333339 1.5000000000000002 6.5000000000000009 7.5000000000000009 0.79877197597864635 0.15835013440860221 1.0000000180025095e-35 17.500000000000004
decision_type=2 2 2 2 2 2 2 2 2 2 2 2 2 2
left_child=2 4 -1 -3 7 9 -4 -2 -9 -5 -10 -6 -7 -14
right_child=1 3 6 5 11 12 -8 8 10 -11 -12 -13 13 -15
leaf_value=-0.0016336608268933514 -0.00045017220107522688 0.00015290325195515655 -0.00063780379819089309 -0.0012009680803511291 0.0003197588762990289 0.0013302684597805428 -0.00016142420266990228 -0.00030041549816844763 -0.00012700518352681711 0.0036880797916437149 0.00070574113793762483 -0.001174291854546317 0.00069355293141383338 -0.0031448623566216506
leaf_weight=22038.913247642806 7215.621932014823 51983.146723553305 4202.1528602088802 428.82834085891955 405.19165233150125 10719.256310761208 1054.3470069393516 5923.8048237152398 7352.7311015136074 4243.5387890825514 3166.8235353939235 3387.5370446871966 3772.4923403433058 982.83588672126643
leaf_count=82371 21692 178365 13187 896 957 41245 4275 21844 25299 12850 13892 12315 16952 3308
internal_value=-0.0064178 0.000614411 -0.0320642 0.00288057 -0.00533887 0.00722595 -0.0211958 -0.00373948 -0.00162242 0.0141302 0.00123912 -0.0152798 0.0051335 -0.000320098
internal_weight=126877 99581.8 27295.4 72130.1 27451.7 20147 5256.5 23659 16443.4 4672.37 10519.6 3792.73 15474.6 4755.33
internal_count=449448 349615 99833 253616 95999 75251 17462 82727 61035 13746 39191 13272 61505 20260
is_linear=0
shrinkage=0.035


Tree=94
num_leaves=15
num_cat=0
split_feature=57 57 57 57 28 61 5 11 28 1 52 46 14 46
split_gain=18498.1 1033.87 675.972 368.902 307.473 209.603 197.135 181.398 198.56 252.157 166.395 173.267 268.546 165.598
threshold=0.084027131293982052 1.143561007776553 0.020448105090618496 2.0349876333700423 56.500000000000007 18.270833333333339 33.500000000000007 0.99856191522207427 55.500000000000007 18.500000000000004 0.15835013440860221 0.49999999999999983 1.1694833628063137 1.0000000180025095e-35
decision_type=2 2 2 2 2 2 2 2 2 2 2 2 2 2
left_child=2 4 -1 7 6 -4 -2 -3 -9 -10 -6 12 -12 -5
right_child=1 3 5 13 10 -7 -8 8 9 -11 11 -13 -14 -15
leaf_value=-0.0015764826979520841 -0.00026561876310300219 -1.4159039895037529e-05 -0.00061548066525421181 0.0035879244400297996 0.00026255418231119714 -0.00015577435557645572 0.00015127143783232795 0.00022949379975270692 0.0014936902838471535 -0.0013587476485693052 -0.00052013386625318571 0.00064936712975871341 -0.001451559501554049 0.0012012308506647775
leaf_weight=22038.913247642806 14478.696093949489 26400.656246749451 4202.1528602088802 3299.1477483445778 983.29507323354483 1054.3470069393516 7851.2264892309904 20902.308404138312 9465.4755165963434 1147.5457766337786 5149.2825604847167 716.26191400177777 3266.624341186136 5921.28831642773
leaf_count=82371 44937 95866 13187 9652 2529 4275 31500 65144 35145 4964 21470 3339 12526 22543
internal_value=-0.00641225 0.00058542 -0.0319327 0.00306449 -0.00454367 -0.0205861 -0.00224852 0.00202842 0.00382078 0.00771739 -0.00960301 -0.0110751 -0.0124809 0.0095631
internal_weight=126877 99581.8 27295.4 67136.4 32445.4 5256.5 22329.9 57916 31515.3 10613 10115.5 9132.17 8415.91 9220.44
internal_count=449448 349615 99833 233314 116301 17462 76437 201119 105253 40109 39864 37335 33996 32195
is_linear=0
shrinkage=0.035


Tree=95
num_leaves=15
num_cat=0
split_feature=57 57 60 57 57 48 58 31 2 57 1 14 27 11
split_gain=18366.9 1189.99 416.196 387.417 361.662 234.851 257.783 233.944 210.507 208.521 195.079 169.503 167.819 161.111
threshold=0.057082574837178227 0.95635335543418587 -0.8140159405215136 1.7617708916676647 0.020448105090618496 0.14966791957888065 10.658518789298208 1.0000000180025095e-35 1.5000000000000002 2.3297221445190859 6.5000000000000009 1.1694833628063137 5.5000000000000009 1.044975438592026
decision_type=2 2 2 2 2 2 2 2 2 2 2 2 2 2
left_child=4 2 5 13 -1 6 -2 8 -4 12 -10 -7 -5 -3
right_child=1 3 7 9 -6 11 -8 -9 10 -11 -12 -13 -14 -15
leaf_value=-0.0015213058035237611 -0.0009137334956176575 5.3103673060698189e-05 -0.0004335035739679229 -0.00054169819923428843 -0.00056868023753320145 -0.00054700249668007358 0.0006549398164062937 0.0020464764495595712 -0.0002555227413907313 0.0050939546192352615 0.00012444863414055597 -0.0011626438172031963 0.0012618044966283505 0.0011883010041127196
leaf_weight=22038.913247642806 663.35959779680707 46784.527744108113 6562.7082249745727 2611.7471850384027 3461.8431051536463 3471.1112085320055 450.90455043315887 442.67796871066093 5629.7673362726346 1742.4477118558716 8969.6986111989245 3056.1393537321128 15792.756770872977 5198.618979445193
leaf_count=82371 2951 154591 19076 9810 11172 14372 723 1675 20033 7559 32334 11125 57882 23774
internal_value=-0.00640687 0.000273006 -0.00568098 0.0026876 -0.0329519 -0.0126964 0.00213793 -0.00319495 -0.00372587 0.00680661 -0.00138318 -0.0152281 0.00570434 0.00109021
internal_weight=126877 101376 29246.4 72130.1 25500.8 7641.51 1114.26 21604.9 21162.2 20147 14599.5 6527.25 18404.5 51983.1
internal_count=449448 355905 102289 253616 93543 29171 3674 73118 71443 75251 52367 25497 67692 178365
is_linear=0
shrinkage=0.035


Tree=96
num_leaves=15
num_cat=0
split_feature=57 57 14 57 57 31 1 2 1 1 52 21 1 13
split_gain=18279.7 1201.78 379.805 366.063 256.409 234.536 219.583 206.432 212.766 194.25 185.25 172.08 254.514 161.415
threshold=0.052305983248172809 0.95635335543418587 1.1694833628063137 1.7806198913340887 0.016741381171786123 1.0000000180025095e-35 8.5000000000000018 1.5000000000000002 6.5000000000000009 7.5000000000000009 0.22005543436315098 1.0000000180025095e-35 17.500000000000004 1.0256352925099914
decision_type=2 2 2 2 2 2 2 2 2 2 2 2 2 2
left_child=4 2 5 13 -1 7 9 -2 -9 -5 -4 -8 -13 -3
right_child=1 3 10 6 -6 -7 11 8 -10 -11 -12 12 -14 -15
leaf_value=-0.0014680601004004295 -0.00044799289245133481 5.5274860811668216e-05 3.9767104950283468e-06 -0.0036832514209407443 -0.0006222606498635946 0.0019514213145846 0.0012354969142097884 -0.00027459495785223863 5.151319955720921e-05 0.003422656102967441 -0.0010466126537942112 0.00052449836790257058 -0.0032206298762361531 0.0012225688704797467
leaf_weight=21754.677063150331 7748.1698527038097 47710.88341441704 770.60779515653849 201.7167896933388 3039.489778713556 447.28777426481247 10392.646599934902 7057.4651661184616 10489.661897519836 4243.5387890825514 3439.7638768199831 3569.374696347164 947.70405797823332 5064.2340438673273
leaf_count=80850 23032 160184 2162 579 11111 1690 39717 25389 39277 12850 12321 15962 3129 21195
internal_value=-0.00639125 0.000157042 -0.0057349 0.0026042 -0.0333412 -0.00413747 0.00672015 -0.00458492 -0.00248127 0.0135409 -0.0154688 0.00467886 -0.00102323 0.00109372
internal_weight=126877 102083 29953 72130.1 24794.2 25742.6 19355 25295.3 17547.1 4445.26 4210.37 14909.7 4517.08 52775.1
internal_count=449448 357487 103871 253616 91961 89388 72237 87698 64666 13429 14483 58808 19091 181379
is_linear=0
shrinkage=0.035


Tree=97
num_leaves=15
num_cat=0
split_feature=57 57 57 60 57 57 57 31 2 11 27 1 13 21
split_gain=18192.9 1124 419.772 327.309 283.218 216.211 181.527 176.686 169.729 161.448 151.643 142.419 124.611 151.565
threshold=0.052305983248172809 0.61826198445017033 1.7147389292795769 -0.7721279831368929 0.016741381171786123 2.3297221445190859 0.097176272242086664 1.0000000180025095e-35 1.5000000000000002 1.0462596892163949 5.5000000000000009 6.5000000000000009 0.99847247142803874 1.0000000180025095e-35
decision_type=2 2 2 2 2 2 2 2 2 2 2 2 2 2
left_child=4 3 9 6 -1 10 -2 8 -5 12 -4 -10 -3 -14
right_child=1 2 5 7 -6 -7 -8 -9 11 -11 -12 -13 13 -15
leaf_value=-0.0014166779968864144 -0.00069437132776186707 -0.00026018616095295266 -0.00045842222677652372 -0.0004337349039770124 -0.00060048152711836885 0.004806107033775227 -0.00053833742698770014 0.0016359601397186692 -0.00022062240692262322 0.0010158496056732482 0.0011247044182748846 7.6577585475956787e-05 -1.6578672256452599e-05 0.00068868303286888203
leaf_weight=21754.677063150331 928.60828450904228 22083.152028219542 2868.7109288116917 4653.726217918098 3039.489778713556 1742.4477118558716 5206.3861851908732 344.70019745826721 4394.0535022551194 5711.4741493228357 17340.244965422666 5729.9492150936276 22866.756594873266 8212.8447729730979
leaf_count=80850 3096 76372 10797 13493 11111 7559 19793 1299 16805 26295 64711 19425 69824 28018
internal_value=-0.00637777 0.000154968 0.00203855 -0.00700443 -0.0332637 0.00616814 -0.0138174 -0.00423318 -0.00481616 0.000498035 0.00514243 -0.00226861 -0.000103168 0.00132503
internal_weight=126877 102083 80825.6 21257.4 24794.2 21951.4 6134.99 15122.4 14777.7 58874.2 20209 10124 53162.8 31079.6
internal_count=449448 357487 283576 73911 91961 83067 22889 51022 49723 200509 75508 36230 174214 97842
is_linear=0
shrinkage=0.035


Tree=98
num_leaves=15
num_cat=0
split_feature=57 57 14 57 57 36 57 52 57 13 23 11 27 40
split_gain=18098.6 1062.58 366.307 327.512 312.32 221.085 211.473 186.356 174.18 143.796 157.272 135.949 129.177 111.876
threshold=0.052305983248172809 0.95635335543418587 1.1694833628063137 2.3297221445190859 0.016741381171786123 19.650000000000002 1.5305761950595727 0.22005543436315098 0.18079912731214931 1.0039624384260495 1.0000000180025095e-35 1.044975438592026 7.5000000000000009 1.8000000000000014
decision_type=2 2 2 2 2 2 2 2 2 2 2 2 2 2
left_child=4 2 5 6 -1 8 11 -4 -2 10 -8 12 -3 -14
right_child=1 3 7 -5 -6 -7 9 -9 -10 -11 -12 -13 13 -15
leaf_value=-0.0013670942669953901 -0.0002725512364071939 0.0006220949299953893 1.5191477494217317e-05 0.0046378932875931001 -0.00057946467366922589 0.00030012678104743068 0.0007062570294913362 -0.00099120175447777402 -0.00022536856516187201 0.0012966836191442201 -0.00030138717016578112 0.0011031309469998619 -0.0001190051175674234 -0.0018554898724849667
leaf_weight=21754.677063150331 6372.7339996050578 5180.4020479535684 770.60779515653849 1742.4477118558716 3039.489778713556 3225.1766441129148 14834.562426139368 3439.7638768199831 16144.674046888947 12315.43792939675 6774.0425133928657 3809.3577737063169 26501.948866633931 971.89912224188447
leaf_count=80850 19554 14603 2162 7559 11111 13261 57651 12321 56573 44796 19966 17664 87521 3856
internal_value=-0.00637086 0.000144911 -0.0053953 0.00244598 -0.033187 -0.00382664 0.00207356 -0.0149545 -0.00505418 0.00406208 0.00234 0.000222937 -0.000507702 -0.00146391
internal_weight=126877 102083 29953 72130.1 24794.2 25742.6 70387.7 4210.37 22517.4 33924 21608.6 36463.6 32654.3 27473.8
internal_count=449448 357487 103871 253616 91961 89388 246057 14483 76127 122413 77617 123644 105980 91377
is_linear=0
shrinkage=0.035


Tree=99
num_leaves=15
num_cat=0
split_feature=57 57 57 60 57 57 57 13 27 13 21 62 59 1
split_gain=17994.2 1084.51 375.442 299.479 211.868 202.646 194.644 190.364 162.183 140.573 171.438 183.215 138.171 246.717
threshold=0.048058731638336925 0.61826198445017033 1.6724751185525988 -0.7721279831368929 0.016741381171786123 0.097176272242086664 2.4262840894793141 1.0168092863139864 2.5000000000000004 0.9986146034811213 1.0000000180025095e-35 1.4958333333333311 0.8140385552266387 17.500000000000004
decision_type=2 2 2 2 2 2 2 2 2 2 2 2 2 2
left_child=4 3 9 5 -1 -2 8 -5 -4 -3 -11 -12 -10 -14
right_child=1 2 6 7 -6 -7 -8 -9 12 10 11 -13 13 -15
leaf_value=-0.0013192459676505514 -0.00065393099111556499 -0.00022266177226986874 -0.00093501917178765229 -0.00026301194313294252 -0.00060784752182316986 -0.00050368110227472012 0.007896215483115282 0.0001104286332398169 0.0012431867489384409 2.4670067815545374e-05 0.00020011753688468304 0.0018007722024417662 -0.00046330711335669798 0.0030217612927082808
leaf_weight=21754.677063150331 1049.2876247598324 22661.348273282871 1683.3550997078419 11903.422607111745 2392.7051709529478 5206.3861851908732 829.41698880190961 3745.1117931231856 16524.588557775831 24525.197547735414 5157.5927502682898 3921.8658914954867 4361.2915484942496 1160.9744939170778
leaf_count=80850 3446 79769 6211 39829 9504 19793 4515 12450 56867 78810 18972 13704 20142 4586
internal_value=-0.00636741 2.40768e-05 0.00189629 -0.00688204 -0.0335474 -0.0133497 0.00550592 -0.00428963 0.00491764 0.000320025 0.00175643 0.00586221 0.00571744 0.000922267
internal_weight=126877 102730 80825.6 21904.2 24147.4 6255.67 24559.6 15648.5 23730.2 56266 33604.7 9079.46 22046.9 5522.27
internal_count=449448 359094 283576 75518 90354 23239 92321 52279 87806 191255 111486 32676 81595 24728
is_linear=0
shrinkage=0.035


Tree=100
num_leaves=15
num_cat=1
split_feature=57 57 57 14 1 57 13 1 1 60 0 21 1 59
split_gain=17919.9 1018.84 354.987 290.536 281.318 234.681 176.848 174.947 162.402 156.966 144.124 143.576 234.154 156.507
threshold=0.048058731638336925 0.61826198445017033 1.7617708916676647 0.98774795522931602 4.5000000000000009 0.016741381171786123 0.99119102741983511 8.5000000000000018 7.5000000000000009 -0.92260537345622995 0 1.0000000180025095e-35 17.500000000000004 0.45972848220565493
decision_type=2 2 2 2 2 2 2 2 2 2 1 2 2 2
left_child=5 3 -3 -2 -5 -1 -6 8 -4 -10 -11 -9 13 -13
right_child=1 2 7 4 6 -7 -8 11 9 10 -12 12 -14 -15
leaf_value=-0.001273072358782782 -2.1560507575404955e-06 5.9629328336479053e-05 -0.0012495529179850418 -0.00053127221124881418 -0.00063805437273263684 -0.00058657285855935886 -0.00020500249586715273 0.001066783432530344 0.0081809590145827081 0.00033625457542025395 0.0033169009870519608 0.001805485803349475 -0.0031427578451991116 -0.00076457567000472691
leaf_weight=21754.677063150331 5916.8254391252995 60678.67948371172 428.82834085891955 2169.669210417429 3843.0583872515708 2392.7051709529478 9974.6551733913366 10719.256310761208 754.35382064827718 1441.4776025041938 2047.7073659300804 1866.1188876286615 982.83588672126643 1906.3734527146444
leaf_count=80850 25135 208325 896 6171 13313 9504 30899 41245 2480 3441 6929 6451 3308 10501
internal_value=-0.00635823 2.00408e-05 0.00183468 -0.00667369 -0.00912459 -0.033482 -0.00727451 0.00585889 0.0117889 0.0138624 0.0106756 0.00406195 -0.000998474 0.00297439
internal_weight=126877 102730 80825.6 21904.2 15987.4 24147.4 13817.7 20147 4672.37 4243.54 3489.18 15474.6 4755.33 3772.49
internal_count=449448 359094 283576 75518 50383 90354 44212 75251 13746 12850 10370 61505 20260 16952
cat_boundaries=0 1
cat_threshold=6272
is_linear=0
shrinkage=0.035


Tree=101
num_leaves=15
num_cat=0
split_feature=57 57 14 57 57 13 52 11 36 57 14 27 14 57
split_gain=17856.5 965.276 368.198 281.922 247.658 212.777 185.499 170.327 168.187 162.799 121.96 117.995 112.373 109.427
threshold=0.048058731638336925 0.95635335543418587 1.1694833628063137 2.2392209024604219 0.016741381171786123 0.99188919465039149 0.22005543436315098 1.0462596892163949 19.650000000000002 1.5363087513400666 0.98774795522931602 7.5000000000000009 1.2258450786159667 0.19945775721661926
decision_type=2 2 2 2 2 2 2 2 2 2 2 2 2 2
left_child=4 2 5 7 -1 10 -4 9 -7 11 -2 -3 -8 -12
right_child=1 3 6 -5 -6 8 12 -9 -10 -11 13 -13 -14 -15
leaf_value=-0.0012285148262253845 -0.00011014394148229025 0.00059561263473884799 3.7848612960414563e-05 0.0028630383404435957 -0.00056604280850978148 -0.00012760576060134659 -0.0010224577488266791 0.0013364881038820289 0.00047493897588225673 0.00051154900811528625 -0.00050743233405678033 -0.00016136201759595848 -1.0670346787108876e-05 -0.00061087114754237505
leaf_weight=21754.677063150331 2579.4023515731096 5279.053304715082 770.60779515653849 3205.7569162885193 2392.7051709529478 16373.67432935629 3142.9652053657919 6473.8418956808746 2231.7204091623425 29261.902380482294 1820.8154595829546 27909.543894153787 382.58804609626532 3297.9673740507569
leaf_count=80850 11378 14898 2162 12022 9504 53093 11530 29794 8878 103843 5296 93059 1018 12123
internal_value=-0.00634975 1.72368e-05 -0.00519065 0.00222699 -0.0334255 -0.00363588 -0.0146793 0.00175411 -0.00160911 0.00119332 -0.00852585 -0.000484665 -0.0180708 -0.0116486
internal_weight=126877 102730 30599.7 72130.1 24147.4 26303.6 4296.16 68924.3 18605.4 62450.5 7698.19 33188.6 3525.55 5118.78
internal_count=449448 359094 105478 253616 90354 90768 14710 241594 61971 211800 28797 107957 12548 17419
is_linear=0
shrinkage=0.035


Tree=102
num_leaves=15
num_cat=0
split_feature=57 57 57 60 57 36 1 57 27 13 11 6 2 13
split_gain=17761.8 912.972 314.77 268.572 266.498 208.182 185.62 167.716 142.01 141.042 133.769 111.585 111.061 109.255
threshold=0.048058731638336925 0.61826198445017033 1.7233123439232461 -0.65187484896379932 0.016741381171786123 13.250000000000002 4.5000000000000009 2.4262840894793141 2.5000000000000004 0.99726125827652357 1.0579331283479541 6.8337660417311907 1.5000000000000002 0.99831618867264715
decision_type=2 2 2 2 2 2 2 2 2 2 2 2 2 2
left_child=4 3 10 6 -1 9 -2 8 -4 -5 13 -8 -10 -3
right_child=1 2 7 5 -6 -7 11 -9 12 -11 -12 -13 -14 -15
leaf_value=-0.001185516807307496 -0.00064191333828173621 -0.00024523854815303506 -0.0010874062325740221 -0.00047114567809862176 -0.00054623131021193903 6.4555163022085449e-05 -0.00038133611638406268 0.00739333466363976 0.0016700957058941269 -0.00012214586795845266 0.0011343542159612087 -0.0031439227812035272 0.00068066076715274989 0.0001490289148478319
leaf_weight=21754.677063150331 1158.2317850210238 22415.884330071975 1496.2755247280002 3413.2855666996911 2392.7051709529478 5614.3996870629489 5571.1838682650123 829.41698880190961 5832.1740884371102 5897.9048744682223 4081.4867556667887 249.20242866873741 13414.698175882455 32755.695287890732
leaf_count=80850 3865 78071 5652 9818 9504 22897 22299 4515 18430 16218 19672 421 52885 104351
internal_value=-0.00636523 -1.51394e-05 0.00170264 -0.00635157 -0.0333691 -0.0036972 -0.0120152 0.00532147 0.00469821 -0.00690433 0.000384442 -0.0094385 0.005506 -6.83766e-05
internal_weight=126877 102730 80825.6 21904.2 24147.4 14925.6 6978.62 21572.6 20743.1 9311.19 59253.1 5820.39 19246.9 55171.6
internal_count=449448 359094 283576 75518 90354 48933 26585 81482 76967 26036 202094 22720 71315 182422
is_linear=0
shrinkage=0.035


Tree=103
num_leaves=15
num_cat=0
split_feature=57 57 57 60 57 57 2 57 13 23 11 36 27 62
split_gain=17645.3 935.991 293.4 270.703 217.743 195.815 193.236 181.804 128.544 135.164 128.099 108.674 103.056 119.944
threshold=0.043415270743748381 0.61826198445017033 1.5305761950595727 -0.7721279831368929 0.097176272242086664 0.013088771449383139 1.5000000000000002 2.3297221445190859 1.0039624384260495 1.0000000180025095e-35 1.0611796071181969 19.650000000000002 7.5000000000000009 -0.94583333333333297
decision_type=2 2 2 2 2 2 2 2 2 2 2 2 2 2
left_child=5 3 10 4 -2 -1 -5 8 9 -4 12 -8 13 -3
right_child=1 2 7 6 -6 -7 11 -9 -10 -11 -12 -13 -14 -15
leaf_value=-0.0011440237190517336 -0.0005926127364183258 -0.00083351618566611895 0.00060273101131034124 -0.00036427965886697705 -0.00044614481366164727 -0.00058068832093690888 -0.00010214097823091795 0.0040572529055190598 0.0011590746989599489 -0.0003341525884889918 0.0010946518184025667 0.00037200787097985968 -0.00016724146482139491 0.00069472540831342266
leaf_weight=21478.689524451504 1192.7090065998491 1133.4414752544835 14834.562426139368 5119.8433645665646 5206.3861851908732 2133.875251296442 9278.8276146380231 1742.4477118558716 12315.43792939675 6774.0425133928657 3030.0888254030142 1641.2594975456595 35282.878131465288 5712.7321385713294
leaf_count=79350 3883 3656 57651 14796 19793 9377 31888 7559 44796 19966 14689 6785 118868 16391
internal_value=-0.00636206 -0.000119506 0.00163634 -0.00644199 -0.0125237 -0.0336509 -0.00400943 0.00400869 0.00343966 0.00181174 -0.000237806 -0.00137589 -0.000738334 0.00318849
internal_weight=126877 103265 80825.6 22439 6399.1 23612.6 16039.9 35666.5 33924 21608.6 45159.1 10920.1 42129.1 6846.17
internal_count=449448 360721 283576 77145 23676 88727 53469 129972 122413 77617 153604 38673 138915 20047
is_linear=0
shrinkage=0.035


Tree=104
num_leaves=15
num_cat=1
split_feature=57 57 57 1 23 57 59 1 1 60 0 21 1 14
split_gain=17591.7 874.408 276.661 270.514 223.649 212.271 185.85 157.336 146.498 171.068 132.575 131.54 217.358 139.515
threshold=0.043415270743748381 0.61826198445017033 1.7617708916676647 4.5000000000000009 1.0000000180025095e-35 0.013088771449383139 0.79877197597864635 8.5000000000000018 7.5000000000000009 -0.92260537345622995 0 1.0000000180025095e-35 17.500000000000004 0.98774795522931602
decision_type=2 2 2 2 2 2 2 2 2 2 1 2 2 2
left_child=5 3 -3 6 -5 -1 -2 8 -4 -10 -11 -9 13 -13
right_child=1 2 7 4 -6 -7 -8 11 9 10 -12 12 -14 -15
leaf_value=-0.001103982888884923 -0.00046997327826914779 5.0390782532313556e-05 -0.0013110731188590661 -0.00033443765642697179 2.9366731581535331e-05 -0.00056036422970411699 -2.3191444551549576e-05 0.00094028139164978547 0.007752992614750741 0.00023863016500699888 0.0029347761320460998 -0.0014087067027252376 -0.003062793322154415 0.0012451412582933732
leaf_weight=21478.689524451504 2482.776438905159 60678.67948371172 428.82834085891955 12612.994342613732 6479.8798975124955 2133.875251296442 863.37498950958252 10719.256310761208 754.35382064827718 1441.4776025041938 2047.7073659300804 1249.8760216981173 982.83588672126643 2522.6163186451886
leaf_count=79350 7033 208325 896 47898 19195 9377 3019 41245 2480 3441 6929 7066 3308 9886
internal_value=-0.00634612 -0.000113064 0.00158404 -0.00622402 -0.00461026 -0.0335935 -0.0153908 0.00513665 0.0107598 0.0127296 0.00941049 0.00343295 -0.00140993 0.00241881
internal_weight=126877 103265 80825.6 22439 19092.9 23612.6 3346.15 20147 4672.37 4243.54 3489.18 15474.6 4755.33 3772.49
internal_count=449448 360721 283576 77145 67093 88727 10052 75251 13746 12850 10370 61505 20260 16952
cat_boundaries=0 1
cat_threshold=6272
is_linear=0
shrinkage=0.035


Tree=105
num_leaves=15
num_cat=0
split_feature=57 57 14 57 57 31 13 52 13 1 57 23 6 60
split_gain=17518 822.568 337.546 234.302 225.891 212.002 197.739 189.691 151.811 124.882 123.13 121.497 110.309 109.754
threshold=0.043415270743748381 0.95635335543418587 1.1694833628063137 2.3297221445190859 0.013088771449383139 1.0000000180025095e-35 0.99188919465039149 0.22005543436315098 1.0186388448831989 14.500000000000002 1.5305761950595727 1.0000000180025095e-35 5.1103753289317284 -0.8140159405215136
decision_type=2 2 2 2 2 2 2 2 2 2 2 2 2 2
left_child=4 2 5 8 -1 6 -2 -4 10 -10 -3 13 -8 -12
right_child=1 3 7 -5 -6 -7 12 -9 9 -11 11 -13 -14 -15
leaf_value=-0.0010653434877739506 -0.00041106986641495965 -7.1558862368662491e-05 7.2447675325593304e-05 0.0038125318892042806 -0.00054075148166447286 0.0018162504132288369 -0.00021241729402655704 -0.00082371416586185639 0.0002866391677510394 0.0018724449283074275 0.0016360432834445684 -0.00010262129503025853 -2.2764105942781472e-05 0.00040462072927024978
leaf_weight=21478.689524451504 7704.5679895931389 30717.321759545244 770.60779515653849 1742.4477118558716 2133.875251296442 453.49227705597878 4175.164468749892 3579.4280500207096 5337.0362500441261 4743.8787473228294 5182.4014957998879 9349.3037011697888 14451.297848123126 15057.708725582808
leaf_count=79350 28706 101480 2162 7559 9377 1710 20476 12697 21563 18878 21983 27318 41354 54835
internal_value=-0.00633933 -0.00011934 -0.00487305 0.00193296 -0.0335296 -0.00340147 -0.00381319 -0.0139054 0.00161799 0.00559145 0.000952961 0.00256393 -0.00186046 0.00408761
internal_weight=126877 103265 31134.6 72130.1 23612.6 26784.5 26331 4350.04 70387.7 10080.9 60306.7 29589.4 18626.5 20240.1
internal_count=449448 360721 107105 253616 88727 92246 90536 14859 246057 40441 205616 104136 61830 76818
is_linear=0
shrinkage=0.035


Tree=106
num_leaves=15
num_cat=0
split_feature=57 57 14 57 57 31 2 52 11 1 46 28 1 1
split_gain=17450.8 767.355 324.96 249.161 205.071 192.861 183.562 181.047 165.579 147.228 146.285 141.508 299.169 128.225
threshold=0.043415270743748381 0.95635335543418587 1.1694833628063137 0.013088771449383139 2.0349876333700423 1.0000000180025095e-35 1.5000000000000002 0.22005543436315098 0.99856191522207427 6.5000000000000009 0.09999999999999977 48.500000000000007 18.500000000000004 13.500000000000002
decision_type=2 2 2 2 2 2 2 2 2 2 2 2 2 2
left_child=3 2 5 -1 8 6 -2 -4 -3 -8 -6 -10 13 -13
right_child=1 4 7 -5 10 -7 9 -9 11 -11 -12 12 -14 -15
leaf_value=-0.0010280564657018623 -0.00035164528930825079 -0.0001180873714616082 6.9912006689197147e-05 -0.00052182517980621632 0.0027324468554063633 0.0017526816487658278 -0.00018831403088273303 -0.00079488417005669143 0.00012727889197919009 7.5917285115539236e-05 0.00069754885497544947 0.00063394168633891361 -0.0013604035810328675 0.0019640428073107266
leaf_weight=21478.689524451504 8160.7378510162234 28641.868971046759 770.60779515653849 2133.875251296442 3389.7272636303678 453.49227705597878 7594.4979769643396 3579.4280500207096 21558.219912085682 10575.794478485594 5830.7088011419401 6344.9166932997759 1658.774880454177 4705.8818696618546
leaf_count=79350 24140 104984 2162 9377 9970 1710 26647 12697 66688 39749 22225 24711 7336 17702
internal_value=-0.0063335 -0.000125458 -0.00471685 -0.0334716 0.00185677 -0.003273 -0.00366568 -0.0135792 0.00114177 -0.00170535 0.00672859 0.00278304 0.0057108 0.00779138
internal_weight=126877 103265 31134.6 23612.6 72130.1 26784.5 26331 4350.04 62909.7 18170.3 9220.44 34267.8 12709.6 11050.8
internal_count=449448 360721 107105 88727 253616 92246 90536 14859 221421 66396 32195 116437 49749 42413
is_linear=0
shrinkage=0.035


Tree=107
num_leaves=15
num_cat=0
split_feature=57 57 60 57 52 57 36 58 57 13 13 14 1 21
split_gain=17374.8 716.329 316.825 270.297 224.005 202.488 181.149 174.076 155.073 142.171 131.739 119.936 101.186 120.529
threshold=0.043415270743748381 0.95635335543418587 -0.8238924869212918 0.013088771449383139 0.22292167893197476 2.3297221445190859 19.650000000000002 10.772291988718584 0.097176272242086664 1.0070374640473458 0.99989997312451562 1.1694833628063137 14.500000000000002 1.0000000180025095e-35
decision_type=2 2 2 2 2 2 2 2 2 2 2 2 2 2
left_child=3 2 4 -1 7 9 10 -2 -6 -3 -4 -10 -11 -14
right_child=1 5 6 -5 8 -7 -8 -9 11 12 -12 -13 13 -15
leaf_value=-0.00099207448940229724 -0.00056346274367869212 5.7449618187536139e-05 -0.00032455281157588595 -0.00050356129851299885 -0.00055404875436258977 0.0036444041874537426 0.0002782943509289395 0.00044483468980893455 -0.000380129630298232 0.00022935735398520787 -5.111994634482524e-05 -0.0010448660132223932 0.00064249739200458408 0.0025037246636112746
leaf_weight=21478.689524451504 769.91958948969841 48476.110090494156 8678.1176646063104 2133.875251296442 999.78412110335194 1742.4477118558716 3269.5134974941611 535.74408197402954 2890.6444360394962 12063.605540009681 11363.081181182526 2627.7538568098098 6936.3441176665947 2911.5909312942531
leaf_count=79350 3071 166446 28539 9377 3242 7559 13227 854 12142 43695 36105 9925 24827 11089
internal_value=-0.00632285 -0.000128335 -0.00456445 -0.0334017 -0.0106544 0.00178686 -0.00251677 0.00256156 -0.0133016 0.00149404 -0.00376313 -0.0109668 0.00383302 0.00646381
internal_weight=126877 103265 31134.6 23612.6 7823.85 72130.1 23310.7 1305.66 6518.18 70387.7 20041.2 5518.4 21911.5 9847.94
internal_count=449448 360721 107105 88727 29234 253616 77871 3925 25309 246057 64644 22067 79611 35916
is_linear=0
shrinkage=0.035


Tree=108
num_leaves=15
num_cat=0
split_feature=57 57 60 57 52 57 5 58 13 57 47 1 13 57
split_gain=17318.4 673.699 307.189 284.41 218.483 194.102 176.406 154.04 140.319 136.287 134.093 121.49 120.053 107.186
threshold=0.043415270743748381 1.0136014344931097 -0.8238924869212918 0.013088771449383139 0.25679012345679025 2.3297221445190859 33.500000000000007 10.772291988718584 1.0186388448831989 0.097176272242086664 0.094733690513709432 14.500000000000002 0.99119102741983511 1.6304150257497732
decision_type=2 2 2 2 2 2 2 2 2 2 2 2 2 2
left_child=3 2 4 -1 7 8 12 -2 13 -6 -9 -10 -4 -3
right_child=1 5 6 -5 9 -7 -8 10 11 -11 -12 -13 -14 -15
leaf_value=-0.00095735188227321678 -0.00042626622183300304 -4.2232742567297478e-05 -0.00043397842058937779 -0.00048593665306504385 -0.00053648722050754212 0.0035168500408928626 8.0805989686690574e-05 0.0006091400702849881 0.00026029887160419101 -0.00068826054206770301 -0.00074196671135682126 0.0018370239576923299 -0.00011502210784015283 0.00045956515288379411
leaf_weight=21478.689524451504 1511.7056827936321 36201.78061446338 4308.4303394351155 2133.875251296442 981.02125453180633 1742.4477118558716 8652.67170885019 483.63423645496368 5302.7349852316547 4982.1251842624042 126.39509588479996 4589.6142150640953 11273.064057952724 23109.031733239302
leaf_count=79350 6181 120423 14586 9377 3182 7559 33886 770 21328 20060 203 18221 32867 81455
internal_value=-0.00630328 -0.000118832 -0.00430656 -0.0333382 -0.0102101 0.00178921 -0.00233364 -0.000559667 0.00149768 -0.0136372 0.0141479 0.00535458 -0.00455788 0.000853597
internal_weight=126877 103265 32319 23612.6 8084.88 70945.6 24234.2 2121.74 69203.2 5963.15 610.029 9892.35 15581.5 59310.8
internal_count=449448 360721 111735 88727 30396 248986 81339 7154 241427 23242 973 39549 47453 201878
is_linear=0
shrinkage=0.035


Tree=109
num_leaves=15
num_cat=0
split_feature=57 57 57 14 1 57 57 2 1 13 59 1 1 21
split_gain=17267.1 632.152 303.065 234.59 241.721 211.763 154.037 136.024 166.207 130.122 122.284 346.037 163.675 129.035
threshold=0.043415270743748381 0.61826198445017033 0.013088771449383139 0.98774795522931602 4.5000000000000009 1.5305761950595727 2.4262840894793141 1.5000000000000002 21.500000000000004 0.98656494423661478 0.30081702196488996 17.500000000000004 18.500000000000004 1.0000000180025095e-35
decision_type=2 2 2 2 2 2 2 2 2 2 2 2 2 2
left_child=2 3 -1 -2 -5 -3 9 8 -6 -7 12 -12 -11 -13
right_child=1 5 -4 4 7 6 -8 -9 -10 10 11 13 -14 -15
leaf_value=-0.00092384456639365404 1.8112271408400466e-05 -3.1517675911586497e-05 -0.00046892887020776725 -0.00038826067108985743 -0.00010619554530952995 -0.00027262467223904352 0.0064436498979313431 -0.00013549151968123674 -0.0006919998362727121 0.0012263426944613576 -0.00015126268051632088 0.0028218908753055243 -0.0012775201435985984 -0.00070514767062312533
leaf_weight=21478.689524451504 6058.5041212290525 45159.140570694115 2133.875251296442 2495.606695877621 2048.3633101582527 6144.2024376709014 829.41698880190961 9402.6799464297947 2433.8715948462486 12798.706151233055 11795.805364955217 2615.3033049106598 977.38470815867186 505.67162505444139
leaf_count=79350 25611 153604 9377 6980 6166 26228 4515 31710 6678 35511 48856 9515 2949 2398
internal_value=-0.00629087 -0.00011559 -0.0332857 -0.00531151 -0.00748678 0.00132739 0.00334285 -0.00567615 -0.0106878 0.00298492 0.00397454 0.00177691 0.00635112 0.0121206
internal_weight=126877 103265 23612.6 22439 16380.5 80825.6 35666.5 13884.9 4482.23 34837.1 28692.9 14916.8 13776.1 3120.97
internal_count=449448 360721 88727 77145 51534 283576 129972 44554 12844 125457 99229 60769 38460 11913
is_linear=0
shrinkage=0.035


Tree=110
num_leaves=15
num_cat=0
split_feature=57 57 57 1 59 36 1 60 57 13 51 13 1 31
split_gain=17224.7 596.928 320.27 284.005 179.968 179.912 172.465 299.768 176.929 154.348 138.931 134.113 121.218 119.979
threshold=0.043415270743748381 1.2286814225350955 0.013088771449383139 4.5000000000000009 0.79877197597864635 18.850000000000005 8.5000000000000018 -0.94128245028753155 2.2665545039772081 0.99427083135847882 0.20332154522652754 1.0256352925099914 14.500000000000002 1.0000000180025095e-35
decision_type=2 2 2 2 2 2 2 2 2 2 2 2 2 2
left_child=2 3 -1 4 -2 9 7 10 -9 -5 -3 13 -13 -8
right_child=1 6 -4 5 -6 -7 11 8 -10 -11 -12 12 -14 -15
leaf_value=-0.00089151000656987613 -0.0003932628523745999 0.0065663076695040732 -0.00045251635975049543 -0.00046016199200904533 5.54018338722831e-06 0.00025379557437264902 0.00012549258848057687 0.00010248236722947946 0.0027135350071773438 -0.00011181831286783504 0.0013740903476016164 0.00013451981841719474 0.0024133468707351162 -0.0031280178281441508
leaf_weight=21478.689524451504 2482.776438905159 1012.3629960343242 2133.875251296442 9405.4847599049099 863.37498950958252 5370.1197303570807 49753.477176148677 5386.4513366147876 1696.7987702917308 21340.523947729496 417.6467670716811 2200.4779259460047 2670.7535518540535 664.40842965245247
leaf_count=79350 7033 3191 9377 35628 3019 23016 171094 16077 5255 71258 1559 9775 11322 2494
internal_value=-0.0062769 -0.000109199 -0.0332386 -0.00349231 -0.0132323 -0.00258649 0.0019835 0.00661797 0.00365273 -0.00361883 0.0211783 0.00126883 0.00680844 0.000732366
internal_weight=126877 103265 23612.6 39462.3 3346.15 36116.1 63802.4 8513.26 7083.25 30746 1430.01 55289.1 4871.23 50417.9
internal_count=449448 360721 88727 139954 10052 129902 220767 26082 21332 106886 4750 194685 21097 173588
is_linear=0
shrinkage=0.035


Tree=111
num_leaves=15
num_cat=0
split_feature=57 57 57 1 59 57 13 28 1 21 50 1 27 1
split_gain=17154.3 559.259 340.271 277.917 172.493 169.879 162.834 152.703 314.413 388.986 269.36 260.644 258.426 242.378
threshold=0.043415270743748381 1.243331318502668 0.013088771449383139 4.5000000000000009 0.79877197597864635 2.4262840894793141 0.99989997312451562 57.500000000000007 17.500000000000004 1.0000000180025095e-35 10.000000000000002 17.500000000000004 59.500000000000007 10.500000000000002
decision_type=2 2 2 2 2 2 2 2 2 2 2 2 2 2
left_child=2 3 -1 4 -2 7 -5 8 13 -10 -11 -9 -13 -3
right_child=1 5 -4 6 -6 -7 -8 11 9 10 -12 12 -14 -15
leaf_value=-0.00086030715633993052 -0.00037949865254148887 0.00050516751876455328 -0.00043667828715922811 -0.00033590553446213525 5.3462769686751101e-06 0.0061231873669768573 -2.2244745959057456e-05 0.00099544936938059103 0.0021672803827719757 0.0015140959157114245 -0.0025580648830228437 -0.0017924473590730107 0.0019284578207711723 -0.00034802338613586063
leaf_weight=21478.689524451504 2482.776438905159 11630.254293311387 2133.875251296442 16219.460849636933 863.37498950958252 829.41698880190961 20855.301331366645 15301.31267464906 5180.9757163822651 951.37939763255417 1195.511339969933 2515.970798938768 1055.0962693728507 24183.825731542893
leaf_count=79350 7033 34767 9377 59860 3019 4515 73060 57303 16844 4891 3310 9432 4663 82024
internal_value=-0.00626282 -0.000107735 -0.0331693 -0.00331891 -0.0129644 0.00195788 -0.0024451 0.00174589 0.000596819 0.00719711 -0.00531241 0.00437093 -0.00413451 -0.000755289
internal_weight=126877 103265 23612.6 40420.9 3346.15 62843.7 37074.8 62014.3 43141.9 7327.87 2146.89 18872.4 3571.07 35814.1
internal_count=449448 360721 88727 142972 10052 217749 132920 213234 141836 25045 8201 71398 14095 116791
is_linear=0
shrinkage=0.035


Tree=112
num_leaves=15
num_cat=1
split_feature=57 1 57 59 2 1 60 1 1 2 1 2 3 50
split_gain=17125.9 699.593 390.022 249.543 175.58 255.54 151.967 329.163 183.405 294.93 226.745 428.901 231.364 180.658
threshold=0.025513901728264912 4.5000000000000009 1.3587203150168972 0.79877197597864635 1.5000000000000002 20.500000000000004 -0.8140159405215136 17.500000000000004 17.500000000000004 3.5000000000000004 10.500000000000002 3.5000000000000004 0 10.000000000000002
decision_type=2 2 2 2 2 2 2 2 2 2 2 2 1 2
left_child=-1 3 4 -2 5 -3 7 -4 10 -10 -8 -12 -13 -11
right_child=1 2 6 -5 -6 -7 8 -9 9 13 11 12 -14 -15
leaf_value=-0.00083019640586803293 -0.00037518254943755318 -0.00013056458984991417 0.0017431148915660378 -4.614822177095822e-06 -2.549502989414171e-05 -0.00059918308552839924 0.00067389624388203512 -0.00082882594565784732 0.001991092428578878 0.00091674285259327421 -0.00092191151186665223 0.002053026204333537 8.4047707445546585e-06 -0.0021631492202613713
leaf_weight=22249.622161896667 3325.9611744782887 11943.063801273704 9405.5805863647256 1221.3920250013471 34528.230525739025 5138.0877479203045 10785.015184879303 2845.4579625120386 4878.6167907714844 1278.4704351900145 10726.85197288543 2350.1119757965207 5112.8244669446722 1087.9347841143608
leaf_count=83929 9266 36122 38445 4343 123298 15822 33644 11130 14544 6934 34524 6876 27600 2971
internal_value=-0.0062283 -0.000297366 0.000313305 -0.0137085 -0.00180399 -0.00470535 0.0025676 0.00593574 0.00142703 0.00640363 0.000180878 -0.0022029 0.00423714 -0.00372536
internal_weight=126877 104628 100080 4547.35 51609.4 17081.2 48470.9 12251 36219.8 7245.02 28974.8 18189.8 7462.94 2366.41
internal_count=449448 365519 351910 13609 175242 51944 176668 49575 127093 24449 102644 69000 34476 9905
cat_boundaries=0 1
cat_threshold=1
is_linear=0
shrinkage=0.035


Tree=113
num_leaves=15
num_cat=0
split_feature=57 1 57 59 62 60 57 2 60 1 1 2 14 1
split_gain=17079.1 660.335 366.436 235.027 170.786 212.281 148.007 139.672 133.332 285.047 184.4 273.464 163.861 160.833
threshold=0.025513901728264912 4.5000000000000009 1.3689852550485722 0.79877197597864635 1.5729166666666663 -0.92260537345622995 2.4262840894793141 1.5000000000000002 -0.8140159405215136 17.500000000000004 17.500000000000004 3.5000000000000004 0.98774795522931602 10.500000000000002
decision_type=2 2 2 2 2 2 2 2 2 2 2 2 2 2
left_child=-1 3 4 -2 5 -3 8 -7 9 -4 12 -12 13 -10
right_child=1 2 6 -5 -6 7 -8 -9 10 -11 11 -13 -14 -15
leaf_value=-0.00080113953166265181 -0.00036205116020723881 -0.00059468480816375245 0.0016066548899356205 -4.4533034008974185e-06 0.00018737724311568285 -0.00029966460201824086 0.0058947084102886965 -1.1222517904141418e-06 0.00039525515883656609 -0.00080029528590442993 0.0019181496569098113 -0.00062694711746561394 0.000272105544987199 -0.0012909130334623022
leaf_weight=22249.622161896667 3325.9611744782887 7381.6310068930034 9100.8118323474191 1221.3920250013471 11977.551164228469 10801.990638125688 829.25778879737481 22371.810401550494 3554.2976849153638 2803.4408000656404 4827.8210699819028 2334.5578020280227 17665.294332218356 6431.7817132398486
leaf_count=83929 9266 27799 36856 4343 37488 31984 4504 81048 13469 10837 14270 9693 52616 31346
internal_value=-0.00620234 -0.000279512 0.000313776 -0.0133089 -0.00170091 -0.0027853 0.00253961 -0.00158962 0.00227738 0.00547339 0.00118328 0.00618406 -0.000113809 -0.00369522
internal_weight=126877 104628 100080 4547.35 52533 40555.4 47547.3 33173.8 46718 11904.3 34813.8 7162.38 27651.4 9986.08
internal_count=449448 365519 351910 13609 178319 140831 173591 113032 169087 47693 121394 23963 97431 44815
is_linear=0
shrinkage=0.035


Tree=114
num_leaves=15
num_cat=0
split_feature=57 57 57 61 62 60 57 2 40 13 25 28 59 1
split_gain=17019.4 610.235 312.873 203.064 149.123 177.504 141.514 132.708 131.062 124.486 123.111 104.654 92.5997 185.862
threshold=0.025513901728264912 0.1313701521895769 1.3689852550485722 17.356249999999999 1.5729166666666663 -0.92260537345622995 2.4262840894793141 3.5000000000000004 0.4500000000000009 0.98745562856688196 1.0000000180025095e-35 1.5000000000000002 0.36571913681022045 17.500000000000004
decision_type=2 2 2 2 2 2 2 2 2 2 2 2 2 2
left_child=-1 3 4 7 5 -3 9 -2 -7 -4 12 -10 -11 -14
right_child=1 2 6 -5 -6 8 -8 -9 11 10 -12 -13 13 -15
leaf_value=-0.00077309964805445902 -0.00035629948254441943 -0.00060604057422419377 -0.0002702227796966739 7.8691685693107338e-06 0.0001838193214461259 -3.1055474846423548e-05 0.0056683576688534593 -0.000175027280495349 0.0021674392868733343 0.0011044247282517351 6.3962168370693684e-05 -0.00067661945756513579 9.3986742804841329e-06 0.0022621126048345533
leaf_weight=22249.622161896667 3154.3356921561062 7118.8803934289608 8760.4876693242695 1498.4087117016315 11944.513994766399 26990.03376981616 829.41698880190961 1769.4125927716959 257.08901501819491 12763.888531495119 14302.164658661932 4347.5030406136066 8855.0898241633549 2036.3745511518791
leaf_count=83929 8634 26539 36758 6247 37362 88856 4515 7307 1725 38760 43240 15247 41012 9317
internal_value=-0.00617555 -0.000263077 0.000420924 -0.010707 -0.00149286 -0.00254752 0.00245979 -0.0141341 -0.00142141 0.00220337 0.00307119 -0.00687232 0.00462057 0.00224696
internal_weight=126877 104628 98205.4 6422.16 50658 38713.5 47547.4 4923.75 31594.6 46718 37957.5 4604.59 23655.4 10891.5
internal_count=449448 365519 343331 22188 169729 132367 173602 15941 105828 169087 132329 16972 89089 50329
is_linear=0
shrinkage=0.035


Tree=115
num_leaves=15
num_cat=0
split_feature=57 1 57 59 2 1 57 62 27 60 1 1 1 51
split_gain=16947.2 581.406 318.778 215.607 152.829 235.055 135.401 133.71 131.122 123.053 311.438 128.981 335.163 195.204
threshold=0.025513901728264912 4.5000000000000009 1.3689852550485722 0.79877197597864635 1.5000000000000002 20.500000000000004 2.4262840894793141 -0.34374999999999906 26.500000000000004 -0.92910699518418138 17.500000000000004 8.5000000000000018 11.500000000000002 0.17302465946795509
decision_type=2 2 2 2 2 2 2 2 2 2 2 2 2 2
left_child=-1 3 4 -2 5 -3 9 -6 -9 10 11 13 -13 -4
right_child=1 2 6 -5 7 -7 -8 8 -10 -11 -12 12 -14 -15
leaf_value=-0.00074604116037255293 -0.00033931672751135117 -0.0001122055608971373 0.0065434535514768749 3.1959236991959546e-06 -0.00015707917494567792 -0.00055961162517337477 0.0054900010975187132 0.00038241601599065206 -0.00010977974339878572 0.00021559899423817866 -0.00115097976123553 -0.0010569200878822783 0.0025365544244401617 -0.00016898485418319955
leaf_weight=22249.622161896667 3325.9611744782887 12291.4173752442 891.66402281820774 1221.3920250013471 15141.723360227421 5138.0877479203045 829.25778879737481 9358.5948163373396 10603.159911068389 39413.635969853029 1750.2291800477542 1302.1267989536282 2983.6525639230385 376.69669920089655
leaf_count=83929 9266 37228 2659 4343 60090 15822 4504 26455 38724 140297 6636 5161 13054 1280
internal_value=-0.00615366 -0.000253743 0.000302959 -0.0124797 -0.00157615 -0.00425423 0.00237901 -0.000245611 0.0016354 0.00212821 0.00629774 0.0103506 0.00741786 0.0201247
internal_weight=126877 104628 100080 4547.35 52533 17429.5 47547.3 35103.5 19961.8 46718 7304.37 5554.14 4285.78 1268.36
internal_count=449448 365519 351910 13609 178319 53050 173591 125269 65179 169087 28790 22154 18215 3939
is_linear=0
shrinkage=0.035


Tree=116
num_leaves=15
num_cat=0
split_feature=57 1 57 59 23 1 59 57 13 60 1 1 1 51
split_gain=16919.4 549.047 295.178 203.266 145.241 236.69 256.056 131.168 129.956 119.244 291.604 129.603 313.019 190.731
threshold=0.025513901728264912 4.5000000000000009 1.3689852550485722 0.79877197597864635 1.0000000180025095e-35 20.500000000000004 0.78297285307474518 2.4262840894793141 1.0261548557288525 -0.92910699518418138 17.500000000000004 8.5000000000000018 11.500000000000002 0.17302465946795509
decision_type=2 2 2 2 2 2 2 2 2 2 2 2 2 2
left_child=-1 3 4 -2 5 -3 -7 9 -6 10 11 13 -13 -4
right_child=1 2 7 -5 8 6 -8 -9 -10 -11 -12 12 -14 -15
leaf_value=-0.00071992971975951361 -0.00032744064204845398 -7.2960970173404645e-05 0.0063144326771751875 3.0840663697240257e-06 -2.2887520330997503e-05 -0.00062990051300038802 9.9551443801028109e-05 0.0052978510591055652 0.00053522369382060344 0.00020805302943983862 -0.001110695469592289 -0.0010199278848063986 0.0024477750195847536 -0.00016307038428678536
leaf_weight=22249.622161896667 3325.9611744782887 24102.751451879973 891.66402281820774 1221.3920250013471 14956.684917896986 7475.2038005543873 2855.7038172967732 829.25778879737481 3142.6392231695354 39413.635969853029 1750.2291800477542 1302.1267989536282 2983.6525639230385 376.69669920089655
leaf_count=83929 9266 87662 2659 4343 42241 26044 12819 4504 9553 140297 6636 5161 13054 1280
internal_value=-0.00612854 -0.00023348 0.000307507 -0.0121143 -0.00150072 -0.00283468 -0.00726428 0.00230523 0.0010373 0.00205839 0.00616288 0.0100845 0.00714577 0.0198808
internal_weight=126877 104628 100080 4547.35 52533 34433.7 10330.9 47547.3 18099.3 46718 7304.37 5554.14 4285.78 1268.36
internal_count=449448 365519 351910 13609 178319 126525 38863 173591 51794 169087 28790 22154 18215 3939
is_linear=0
shrinkage=0.035


Tree=117
num_leaves=15
num_cat=0
split_feature=57 1 57 59 62 60 28 1 27 14 1 2 1 2
split_gain=16867.9 530.909 277.351 196.744 138.038 179.314 123.595 186.471 284.592 180.213 176.033 237.787 207.533 403.133
threshold=0.025513901728264912 4.5000000000000009 1.3689852550485722 0.79877197597864635 1.5729166666666663 -0.92260537345622995 47.500000000000007 17.500000000000004 59.500000000000007 1.0239625556666898 17.500000000000004 3.5000000000000004 10.500000000000002 3.5000000000000004
decision_type=2 2 2 2 2 2 2 2 2 2 2 2 2 2
left_child=-1 3 4 -2 5 -3 10 9 -9 -8 12 -12 -4 -14
right_child=1 2 6 -5 -6 -7 7 8 -10 -11 11 -13 13 -15
leaf_value=-0.00069473217956793072 -0.00031598021957675808 -0.00054295550614913196 0.00060405963239601684 2.9761240467834906e-06 0.00017939897631965353 -8.4576452361996153e-05 0.00042339615142147126 -0.001602947212550029 0.0023710125374535509 0.0022426164657549231 0.0018154475463206966 -0.0006095279613679939 -0.0010410506730884883 0.00064415249732698748
leaf_weight=22249.622161896667 3325.9611744782887 7381.6310068930034 9183.7163628414273 1221.3920250013471 11977.551164228469 33173.801039676182 6518.5103639396839 2556.5823233977426 1263.975385017693 6291.1579292181414 4186.0589508004487 2010.259777829051 9028.3717113807797 6508.630219168961
leaf_count=83929 9266 27799 27482 4343 37488 113032 28989 9548 5547 24183 11915 8108 28374 29445
internal_value=-0.00611988 -0.000233785 0.000298192 -0.0119167 -0.00145458 -0.00242948 0.00223465 0.0046668 -0.00211519 0.00668964 0.000925313 0.00619531 -0.000397599 -0.0028625
internal_weight=126877 104628 100080 4547.35 52533 40555.4 47547.3 16630.2 3820.56 12809.7 30917 6196.32 24720.7 15537
internal_count=449448 365519 351910 13609 178319 140831 173591 68267 15095 53172 105324 20023 85301 57819
is_linear=0
shrinkage=0.035


Tree=118
num_leaves=15
num_cat=0
split_feature=57 1 57 59 21 62 1 59 11 57 52 13 23 13
split_gain=16749.9 509.53 259.038 186.994 183.997 169.873 164.102 243.208 117.431 112.069 111.91 105.102 118.118 103.615
threshold=0.025513901728264912 4.5000000000000009 1.5305761950595727 0.79877197597864635 1.0000000180025095e-35 3.3333333333333339 21.500000000000004 0.84293373149377093 1.0056491425192302 2.4262840894793141 0.51079261079261074 1.0020893518454776 1.0000000180025095e-35 1.0267752203222928
decision_type=2 2 2 2 2 2 2 2 2 2 2 2 2 2
left_child=10 3 4 -2 6 13 8 -8 -3 11 -1 12 -4 -6
right_child=1 2 9 -5 5 -7 7 -9 -10 -11 -12 -13 -14 -15
leaf_value=-0.00067041655328305312 -0.00030492091189157145 -0.00027151633874679783 0.00042511863793687882 2.8719597051458938e-06 -3.3122500624490904e-05 0.0017549167731502604 -0.00046131991430947629 0.00018998984736548279 5.8871476832674805e-05 0.0050339346957354566 -0.00048277693825023123 0.00084762068180687994 -0.0004892830161000606 0.00057528678094496142
leaf_weight=21271.778649866115 3325.9611744782887 21489.55149432295 13903.030139882118 1221.3920250013471 12651.756003414979 1730.8065814524889 5760.4181390721351 1782.6545661911368 18438.465914327884 829.25778879737481 977.84351203055121 14410.191960839555 6523.8514912612736 2560.2621548296884
leaf_count=77577 9266 70766 54405 4343 48347 5563 17808 6956 62392 4504 6352 51773 19279 10117
internal_value=-0.00610801 -0.00024254 0.000278617 -0.0116878 -0.00104636 0.00208396 -0.0021638 -0.00689487 -0.00126852 0.00267117 -0.0336775 0.00236595 0.000750542 0.000898142
internal_weight=126877 104628 100080 4547.35 64413.9 16942.8 47471.1 7543.07 39928 35666.3 22249.6 34837.1 20426.9 15212
internal_count=449448 365519 351910 13609 221949 64027 157922 24764 133158 129961 83929 125457 73684 58464
is_linear=0
shrinkage=0.035


Tree=119
num_leaves=15
num_cat=0
split_feature=57 1 57 13 21 62 59 60 1 2 52 52 40 21
split_gain=16658.1 482.285 241.187 180.173 188.661 190.631 176.998 128.341 215.669 116.542 115.245 105.309 107.418 97.0331
threshold=0.025513901728264912 4.5000000000000009 1.6801055620422358 0.9871299501393469 1.0000000180025095e-35 1.4958333333333311 0.79877197597864635 -0.8140159405215136 17.500000000000004 1.5000000000000002 0.51079261079261074 0.16800682982356294 0.4500000000000009 1.0000000180025095e-35
decision_type=2 2 2 2 2 2 2 2 2 2 2 2 2 2
left_child=10 6 3 -3 11 -6 -2 8 -4 -9 -1 -5 -13 -10
right_child=1 2 7 4 5 -7 -8 9 13 -11 -12 12 -14 -15
leaf_value=-0.00064695197391814632 -0.00029424867997536653 -0.00038154109298123648 0.0024369687184788639 0.00014950681606457671 7.0791888591489053e-05 0.0012741403879585912 2.7714411154656369e-06 0.0010130724406768655 0.00040380994052726217 -4.9316344005434502e-06 -0.0004658797454114731 -9.2082718729940435e-05 -0.00065422538137519198 -0.0029423109488346745
leaf_weight=21271.778649866115 3325.9611744782887 14788.209431584692 4389.7630581601989 7383.5329320095479 11151.617640055949 5024.2215300356038 1221.3920250013471 5367.5880336724222 1385.0591011210345 12620.482903759927 977.84351203055121 32490.143992093857 5019.9727614913136 459.65485040703788
leaf_count=77577 9266 58522 18797 13548 40718 17740 4343 16516 5242 48446 6352 111554 19002 1825
internal_value=-0.00608465 -0.000235277 0.000271755 -0.000699227 0.000140358 0.00337999 -0.0113704 0.00331161 0.00763516 0.00180971 -0.0335786 -0.00102742 -0.00177955 -0.00239827
internal_weight=126877 104628 100080 75857.7 61069.5 16175.8 4547.35 24222.5 6234.48 17988.1 22249.6 44893.6 37510.1 1844.71
internal_count=449448 365519 351910 261084 202562 58458 13609 90826 25864 64962 83929 144104 130556 7067
is_linear=0
shrinkage=0.035


Tree=120
num_leaves=15
num_cat=0
split_feature=57 1 57 61 21 62 1 59 52 2 57 11 6 13
split_gain=16593 460.958 226.869 172.132 155.943 145.367 142.22 223.119 125.319 116.015 109.779 109.462 108.286 96.4242
threshold=0.025513901728264912 4.5000000000000009 1.5305761950595727 17.825000000000006 1.0000000180025095e-35 2.6166666666666649 21.500000000000004 0.84293373149377093 0.49414428207615829 3.5000000000000004 2.4262840894793141 1.0056491425192302 6.8081669460310907 1.0009456354541981
decision_type=2 2 2 2 2 2 2 2 2 2 2 2 2 2
left_child=8 3 4 9 6 -6 11 12 -1 -2 13 -3 -8 -4
right_child=1 2 10 -5 5 -7 7 -9 -10 -11 -12 -13 -14 -15
leaf_value=-0.00062430865483101121 -0.00031351505819117534 -0.00025580782356992128 7.6751916069196517e-05 2.4296689826543499e-05 4.2801353981637987e-05 0.0012130075457144319 -0.00038103428695180632 0.00018964800841348773 -0.00044512575048643509 -0.00016031140476595497 0.0047911571739472116 6.0344045168608813e-05 -0.0027626657140062765 0.00076782772837971863
leaf_weight=21147.084554520203 2244.0208446979523 21489.55149432295 19217.534783496289 1056.3955602496862 14218.398995110765 2724.4257445863914 5464.1170055288821 1782.6545661911368 1102.5376073764637 1246.9367945319973 829.25778879737481 18438.465914327884 296.30113354325294 15619.538808486657
leaf_count=76953 5277 70766 69910 3757 55007 9020 17352 6956 6976 4575 4504 62392 456 55547
internal_value=-0.00606743 -0.000229492 0.000266202 -0.0111156 -0.000973776 0.00190804 -0.00200251 -0.00640687 -0.0335075 -0.0148522 0.00250527 -0.00116905 -0.00975158 0.00220323
internal_weight=126877 104628 100080 4547.35 64413.9 16942.8 47471.1 7543.07 22249.6 3490.96 35666.3 39928 5760.42 34837.1
internal_count=449448 365519 351910 13609 221949 64027 157922 24764 83929 9852 129961 133158 17808 125457
is_linear=0
shrinkage=0.035


Tree=121
num_leaves=15
num_cat=0
split_feature=57 1 13 57 59 52 11 21 64 27 46 1 59 28
split_gain=16451 442.363 220.441 200.316 167.195 134.287 133.57 119.583 104.27 95.2375 101.826 87.2351 247.078 96.6956
threshold=0.025513901728264912 4.5000000000000009 0.9871299501393469 2.0349876333700423 0.79877197597864635 0.49414428207615829 1.0066987894081303 1.0000000180025095e-35 -0.29374999999999996 8.5000000000000018 0.09999999999999977 17.500000000000004 0.34156760613242348 58.500000000000007
decision_type=2 2 2 2 2 2 2 2 2 2 2 2 2 2
left_child=5 4 11 6 -2 -1 8 -8 -4 -5 -11 13 -13 -3
right_child=1 2 3 9 -6 -7 7 -9 -10 10 -12 12 -14 -15
leaf_value=-0.0006024578519119257 -0.00027434658472709505 -0.00036650262164188878 0.001159606168745141 -0.00032985085334791059 4.5402234021422322e-06 -0.0004295463492194099 5.6187388505627994e-05 0.0005364863583446856 -0.0001241265759084409 0.0027906665669463963 0.00082492699671737012 -0.00098505665993025128 -9.8778086454498486e-06 0.00042555411957382607
leaf_weight=21147.084554520203 3325.9611744782887 7859.4507693899795 1371.2427925020456 1558.1549817817286 1221.3920250013471 1102.5376073764637 25231.21392141562 10122.114965456072 36633.455047866562 2282.8271421508398 3632.0410936851986 3573.7418089765124 4108.4307086607441 3707.5730025062803
leaf_count=76953 9266 32199 5968 5059 4343 6976 85157 38949 118286 6659 13483 11380 18414 16356
internal_value=-0.00604083 -0.000227926 0.000257668 0.00105932 -0.0108922 -0.0333633 0.000502801 0.00205099 -0.00093754 0.00651436 0.00853936 -0.00310743 -0.00599618 -0.00118536
internal_weight=126877 104628 100080 80831 4547.35 22249.6 73358 35353.3 38004.7 7473.02 5914.87 19249.2 7682.17 11567
internal_count=449448 365519 351910 273561 13609 83929 248360 124106 124254 25201 20142 78349 29794 48555
is_linear=0
shrinkage=0.035


Tree=122
num_leaves=15
num_cat=0
split_feature=57 1 57 59 13 21 2 52 1 6 59 2 27 64
split_gain=16354.9 414.212 215.416 156.676 149.218 160.039 148.724 145.609 136.009 169.445 135.321 106.472 107.931 100.354
threshold=0.025513901728264912 4.5000000000000009 1.7233123439232461 0.79877197597864635 1.0267752203222928 1.0000000180025095e-35 4.5000000000000009 0.49414428207615829 21.500000000000004 6.8337660417311907 0.81900730237416519 1.5000000000000002 5.5000000000000009 -0.29374999999999996
decision_type=2 2 2 2 2 2 2 2 2 2 2 2 2 2
left_child=7 3 4 -2 8 -6 -7 -1 13 10 -10 -4 -13 -3
right_child=1 2 11 -5 5 6 -8 -9 9 -11 -12 12 -14 -15
leaf_value=-0.00058137182709500827 -0.00026474445426164672 0.00090935510517445534 0.0012774596798124462 4.3813155830672859e-06 -3.6700207690467673e-05 0.0012571130588116288 -0.00021888624507865442 -0.00041451222699673057 -0.00034293230964144134 -0.0022048837177557415 0.00020039535206399286 -0.0012926339204810124 0.00049849558686737246 -7.4379314659973059e-05
leaf_weight=21147.084554520203 3325.9611744782887 1991.6931078135967 6401.3773875273764 1221.3920250013471 4641.4425074995961 2524.5027059353888 997.22511688037775 1102.5376073764637 5931.9813152013812 448.50571289192885 1892.8375159613788 2275.5739140771329 12895.454276240431 60079.652674362995
leaf_count=76953 9266 9043 20956 4343 19299 7542 6126 6976 19751 739 8100 9264 51251 199839
internal_value=-0.00601456 -0.000218661 0.000251228 -0.010538 -0.000600045 0.00387637 0.00949099 -0.0332571 -0.00111999 -0.00533261 -0.0041151 0.00334808 0.00174864 -0.00055773
internal_weight=126877 104628 100080 4547.35 78507.8 8163.17 3521.73 22249.6 70344.7 8273.32 7824.82 21572.4 15171 62071.3
internal_count=449448 365519 351910 13609 270439 32967 13668 83929 237472 28590 27851 81471 60515 208882
is_linear=0
shrinkage=0.035


Tree=123
num_leaves=15
num_cat=2
split_feature=57 57 13 57 57 60 11 0 21 31 64 1 3 13
split_gain=16209.5 396.404 201.143 179.667 176.376 166.614 128.874 108.006 99.3476 99.2856 97.0557 85.2187 96.7111 93.9342
threshold=0.025513901728264912 0.10803771127657769 0.9871299501393469 2.1462153266154864 0.0087363007793397254 -0.86092912513210462 1.0066987894081303 0 1.0000000180025095e-35 1.0000000180025095e-35 -0.29374999999999996 11.500000000000002 1 1.0267752203222928
decision_type=2 2 2 2 2 2 2 1 2 2 2 2 1 2
left_child=4 5 -3 6 -1 -2 10 -6 -8 -7 -4 -10 13 -13
right_child=1 2 3 -5 7 9 8 -9 11 -11 -12 12 -14 -15
leaf_value=-0.00056102381314668303 -0.00039674741244992087 -0.00033200576968985267 0.0011680202688513208 0.0015722029839049269 -0.00022611984744253991 -0.00014830044731694935 8.1673213000457159e-05 -0.00017494471504870293 3.5415299389061074e-05 0.00098083644466861759 -0.00010568320762805339 0.00070462814058685488 0.00038797195523851804 0.0014408161587878541
leaf_weight=19770.016121066641 1224.9893683933187 18963.565537609626 1468.7160566411912 4565.7702589831315 823.6973117061425 4290.1885709036142 25352.553866599454 1655.9087291238829 3478.3219256619923 128.849834010005 38443.226074562408 2336.3699172735214 2708.6950805352535 1666.3529426977038
leaf_count=74524 4264 76710 6397 15452 5151 14343 85274 4254 13718 452 123675 6684 13996 4554
internal_value=-0.00598104 -0.000210976 0.000303856 0.00107197 -0.0331022 -0.00922454 0.0006635 -0.0240878 0.00219601 -0.00603181 -0.000701437 0.00511309 0.00741455 0.0108647
internal_weight=126877 104628 98983.6 80020 22249.6 5644.03 75454.2 2479.61 35542.3 4419.04 39911.9 10189.7 6711.42 4002.72
internal_count=449448 365519 346460 269750 83929 19059 254298 9405 124226 14795 130072 38952 25234 11238
cat_boundaries=0 2 3
cat_threshold=301992064 262144 1
is_linear=0
shrinkage=0.035


Tree=124
num_leaves=15
num_cat=2
split_feature=57 1 57 57 61 1 60 57 51 1 0 0 12 48
split_gain=16094.1 372.696 199.71 183.842 153.799 116.143 270.52 145.393 140.72 121.437 114.043 110.331 107.95 130.817
threshold=0.025513901728264912 4.5000000000000009 1.3689852550485722 0.0087363007793397254 17.825000000000006 8.5000000000000018 -0.93533330245768853 2.2665545039772081 0.17478193067423994 7.5000000000000009 0 1 0.90137809800127566 0.48995114006514667
decision_type=2 2 2 2 2 2 2 2 2 2 1 1 2 2
left_child=3 4 10 -1 -2 6 8 -8 -4 -10 -3 -5 -12 -14
right_child=1 2 5 11 -6 -7 7 -9 9 -11 12 -13 13 -15
leaf_value=-0.00054138797968654906 -0.00024095540026886295 -0.00047582855077806636 0.0058655358051959523 -0.000218205652782051 3.7410830140545554e-05 0.00017663063283780757 -3.8056524685680106e-05 0.0021185345481767271 -0.0032987679345597137 0.0054419241823251375 -0.0013989833948041793 -0.00016882165002199829 -7.6101944167501502e-05 0.00040885808909073165
leaf_weight=19770.016121066641 3490.9576392299496 4639.8322112075984 924.63765173405409 823.6973117061425 1056.3955602496862 39423.16644073627 5064.0665604956448 1696.627948064357 210.03400363423862 228.73041892936453 697.41484188917093 1655.9087291238829 43315.784798295004 3879.9513594058808
leaf_count=74524 9852 33555 2840 5151 3757 149361 14559 5244 725 862 3216 4254 126731 14817
internal_value=-0.00595812 -0.000208617 0.000237102 -0.0329826 -0.00999719 0.00188032 0.00568831 0.00280697 0.0198515 0.00341665 -0.00125024 -0.0237903 -0.000741068 -0.000537691
internal_weight=126877 104628 100080 22249.6 4547.35 47547.3 8124.1 6760.69 1363.4 438.764 52533 2479.61 47893.2 47195.7
internal_count=449448 365519 351910 83929 13609 173591 24230 19803 4427 1587 178319 9405 144764 141548
cat_boundaries=0 1 3
cat_threshold=33554434 301992064 262144
is_linear=0
shrinkage=0.035


Tree=125
num_leaves=15
num_cat=1
split_feature=57 1 57 57 61 13 21 1 1 1 57 28 0 2
split_gain=16040.9 353.549 190.512 187.811 145.889 135.09 138.576 187.185 192.917 204.609 195.15 141.371 108.319 105.334
threshold=0.025513901728264912 4.5000000000000009 1.7233123439232461 0.0087363007793397254 17.825000000000006 0.9871299501393469 1.0000000180025095e-35 10.500000000000002 17.500000000000004 14.500000000000002 0.32200001504318715 4.5000000000000009 0 3.5000000000000004
decision_type=2 2 2 2 2 2 2 2 2 2 2 2 1 2
left_child=3 4 5 -1 13 -3 -7 -8 9 -9 -10 -12 -5 -2
right_child=1 2 -4 12 -6 6 7 8 10 -11 11 -13 -14 -15
leaf_value=-0.0005224394003975198 -0.00027004989012437489 -0.00032639271995458635 0.00054772360324920836 -0.00021056845493467921 3.610145108562637e-05 -7.0787344943421549e-05 -0.00015049664960259127 0.00063308186708061387 0.00062168602663096348 0.0036729249826599956 0.0032202118983287844 -0.00053577326139740374 -0.00016291289227122837 -0.00012405378147318805
leaf_weight=19770.016121066641 2244.0208446979523 15223.537563957507 21572.40557784494 823.6973117061425 1056.3955602496862 46391.84559030016 5898.0561510154512 3544.4663973201532 1388.153517476283 1860.2689325078391 438.25195141136646 3763.2605525578838 1655.9087291238829 1246.9367945319973
leaf_count=74524 5277 60498 81471 5151 3757 148772 22181 11373 4466 6510 2667 13972 4254 4575
internal_value=-0.00593311 -0.000193121 0.000240997 -0.0329129 -0.00972695 -0.000559558 0.000152695 0.00286592 0.00556269 0.0102712 0.000999745 -0.00276345 -0.0236275 -0.0131671
internal_weight=126877 104628 100080 22249.6 4547.35 78507.8 63284.3 16892.5 10994.4 5404.74 5589.67 4201.51 2479.61 3490.96
internal_count=449448 365519 351910 83929 13609 270439 209941 61169 38988 17883 21105 16639 9405 9852
cat_boundaries=0 2
cat_threshold=301992064 262144
is_linear=0
shrinkage=0.035


Tree=126
num_leaves=15
num_cat=2
split_feature=57 1 57 13 57 59 0 11 15 21 62 57 0 1
split_gain=15943.7 328.641 199.695 180.464 164.546 142.472 110.031 103.235 80.2184 79.6415 114.988 90.4022 77.9394 75.1556
threshold=0.025513901728264912 4.5000000000000009 0.0087363007793397254 0.9871299501393469 2.1462153266154864 0.79877197597864635 0 0.99126992204566122 1.0000000180025095e-35 1.0000000180025095e-35 -0.31458333333333316 1.6642885166666461 1 17.500000000000004
decision_type=2 2 2 2 2 2 1 2 2 2 2 2 1 2
left_child=2 5 -1 13 7 8 -4 -5 -2 11 -11 -9 -6 -3
right_child=1 3 6 4 12 -7 -8 9 -10 10 -12 -13 -14 -15
leaf_value=-0.00050415402138360662 -0.00018011709755089191 -0.00011100652763403331 -0.00020319855901196541 -0.00016675699416894953 -0.0014005142898453895 1.0950230063283691e-05 -0.00015721094104173536 -1.8968012975976168e-05 -0.00031810484999009566 -3.6198279495234941e-05 0.0007137509253995933 0.00061756936349967382 0.0016427050594245987 -0.0004757836094107188
leaf_weight=19770.016121066641 2158.7881847559474 11567.02377189626 823.6973117061425 21238.34149135137 386.42565885186195 1221.3920250013471 1655.9087291238829 32623.631118546007 1167.1729897223413 5299.2248214699794 9959.3004855769686 7144.9012467123102 4179.2251223495696 7682.1725176372565
leaf_count=74524 6406 48555 5151 77146 741 4343 4254 101422 2860 19438 35546 24566 14702 29794
internal_value=-0.00591067 -0.000188105 -0.0328085 0.000230441 0.000955771 -0.00937995 -0.0232485 0.000568918 -0.0131245 0.00136887 0.00351763 0.000543745 0.00740246 -0.00281428
internal_weight=126877 104628 22249.6 100080 80831 4547.35 2479.61 76265.4 3325.96 55027.1 15258.5 39768.5 4565.65 19249.2
internal_count=449448 365519 83929 351910 273561 13609 9405 258118 9266 180972 54984 125988 15443 78349
cat_boundaries=0 2 3
cat_threshold=301992064 262144 2048
is_linear=0
shrinkage=0.035


Tree=127
num_leaves=15
num_cat=1
split_feature=57 1 57 57 59 0 11 57 59 1 21 1 61 1
split_gain=15823.6 304.37 213.065 165.893 129.75 115.563 114.351 102.007 89.6589 233.252 241.508 200.778 159.036 121.833
threshold=0.025513901728264912 4.5000000000000009 0.0087363007793397254 1.5305761950595727 0.79877197597864635 0 1.0066987894081303 2.4907850561621352 0.2595093939220971 17.500000000000004 1.0000000180025095e-35 17.500000000000004 4.3104166666666677 9.5000000000000018
decision_type=2 2 2 2 2 1 2 2 2 2 2 2 2 2
left_child=2 4 -1 6 -2 -4 -3 8 11 13 -11 -5 -13 -10
right_child=1 3 5 7 -6 -7 -8 -9 9 10 -12 12 -14 -15
leaf_value=-0.00048650863063518039 -0.00022535678463690462 -0.00019035739159335764 -0.00019608660944654663 0.00094903286289376397 1.0566972011068766e-05 -0.00015170855810527463 4.7377062855106235e-05 0.0062069577950736336 0.00030917456290429528 0.0023165050919906152 -0.00093074908602107777 0.00097204907104394287 -0.0014984256565217402 -0.00076978938220440224
leaf_weight=19770.016121066641 3325.9611744782887 33817.528589567635 823.6973117061425 12329.116740494967 1221.3920250013471 1655.9087291238829 30596.386264043627 504.97701551159844 5966.9721903428435 3149.1319765001535 1203.918391039595 1331.5635058134794 2197.7065804591402 8982.9449806185439
leaf_count=74524 9266 115093 5151 35694 4343 4254 106856 2986 19340 11765 4991 2502 7597 45086
internal_value=-0.0058819 -0.00018093 -0.0326782 0.000221865 -0.00902686 -0.0228185 -0.000838465 0.00213653 0.00190947 0.000307071 0.00742747 0.00385849 -0.00349481 -0.00176979
internal_weight=126877 104628 22249.6 100080 4547.35 2479.61 64413.9 35666.3 35161.4 19303 4353.05 15858.4 3529.27 14949.9
internal_count=449448 365519 83929 351910 13609 9405 221949 129961 126975 81182 16756 45793 10099 64426
cat_boundaries=0 2
cat_threshold=301992064 262144
is_linear=0
shrinkage=0.035


Tree=128
num_leaves=15
num_cat=1
split_feature=57 57 57 13 60 57 0 13 23 2 31 11 27 46
split_gain=15721.1 292.312 229.343 160.429 148.873 138.953 131.641 123.07 104.028 99.9399 90.681 87.4026 80.8929 94.8072
threshold=0.025513901728264912 0.10803771127657769 0.0073029981075023679 0.9871299501393469 -0.86092912513210462 2.0349876333700423 0 1.0344308455895741 1.0000000180025095e-35 3.5000000000000004 1.0000000180025095e-35 0.99856191522207427 8.5000000000000018 1.0000000180025095e-35
decision_type=2 2 2 2 2 2 1 2 2 2 2 2 2 2
left_child=2 4 -1 -3 -2 7 -4 11 -9 -10 -6 -5 -7 -14
right_child=1 3 6 5 10 12 -8 8 9 -11 -12 -13 13 -15
leaf_value=-0.00046948082856294914 -0.00035124171366069485 -0.00030041212120952154 -0.00019009483807487344 -0.00015539725905969209 -0.00012027089410580628 -0.00042155138788007923 -0.00015869143890216453 0.00011582743854024581 0.00013177565757774846 0.0013680508034657204 0.00096282151361675122 9.2744879743245366e-05 0.0025263436866594094 0.00069602258891015688
leaf_weight=19331.228495724034 1224.9893683933187 18963.565537609626 898.57650005002506 27317.896581714274 4290.1885709036142 1558.1662595598027 2019.8171661226079 2979.6707623796538 1065.5750057175756 1808.6748474985361 128.849834010005 39375.046230245149 2209.9286240441725 3705.0478117954917
leaf_count=72954 4264 76710 5552 92761 14343 5060 5423 15867 3784 5267 452 126861 6403 13747
internal_value=-0.00586154 -0.000179055 -0.032571 0.000263043 -0.00791923 0.000949031 -0.0232576 0.000480571 0.00534186 0.0100802 -0.00490378 5.3138e-05 0.00548997 0.00735636
internal_weight=126877 104628 22249.6 98983.6 5644.03 80020 2918.39 72546.9 5853.92 2874.25 4419.04 66692.9 7473.14 5914.98
internal_count=449448 365519 83929 346460 19059 269750 10975 244540 24918 9051 14795 219622 25210 20150
cat_boundaries=0 2
cat_threshold=301992064 262144
is_linear=0
shrinkage=0.035


Tree=129
num_leaves=15
num_cat=1
split_feature=57 6 57 14 13 0 2 1 60 57 31 21 57 62
split_gain=15643.6 270.446 235.964 188.436 137.36 130.437 115.381 113.032 96.2814 83.8333 81.2886 76.5133 103.814 89.3841
threshold=0.025513901728264912 5.654798917993797 0.0073029981075023679 0.98774795522931602 1.0032402889823031 0 3.5000000000000004 20.500000000000004 -0.57022117041332276 2.4262840894793141 1.0000000180025095e-35 1.0000000180025095e-35 1.7617708916676647 0.78333333333333421
decision_type=2 2 2 2 2 1 2 2 2 2 2 2 2 2
left_child=2 3 -1 10 7 -4 -5 9 -9 -3 -2 12 -6 -13
right_child=1 4 5 6 11 -7 -8 8 -10 -11 -12 13 -14 -15
leaf_value=-0.00045304899956324592 1.5775310486507988e-05 -2.1803999471644578e-05 -0.0001834415187422528 -0.00025079314009274542 2.8652180130872564e-06 -0.00015313723854058875 -0.00011440155131169292 -0.00087214527738202886 -0.00013644356182897777 0.0043332511539417931 0.0014269216092336993 7.0273417562022322e-05 0.00097375622099372234 0.0011594043501587815
leaf_weight=19331.228495724034 3962.1088946945965 47526.388149968814 898.57650005002506 5966.2635090462863 20628.188073475845 2019.8171661226079 4118.0728232711554 2225.8994257883169 3685.8628197712824 541.2614608258009 191.1304733902216 4081.6515334681608 5954.8025699483696 5745.9697002223693
leaf_count=72954 22341 159474 5552 20345 64155 5423 23335 6894 9592 2921 741 13393 21390 20938
internal_value=-0.00584214 -0.000173689 -0.0324856 -0.00465553 0.000532694 -0.0230447 -0.00723754 -0.000587866 -0.00515051 -2.57599e-05 0.00161609 0.00219365 0.00121722 0.00483092
internal_weight=126877 104628 22249.6 14237.6 90390 2918.39 10084.3 53979.4 5911.76 48067.6 4153.24 36410.6 26583 9827.62
internal_count=449448 365519 83929 66762 298757 10975 43680 178881 16486 162395 23082 119876 85545 34331
cat_boundaries=0 2
cat_threshold=301992064 262144
is_linear=0
shrinkage=0.035


Tree=130
num_leaves=15
num_cat=1
split_feature=57 6 57 14 11 0 57 57 62 14 1 2 57 31
split_gain=15532.7 249.434 240.161 173.626 136.614 129.929 124.858 141.978 107.706 111.768 105.426 105.185 85.434 77.4333
threshold=0.025513901728264912 5.654798917993797 0.0073029981075023679 0.98774795522931602 1.0462596892163949 0 0.23109167196932104 1.3750804559891814 0.81666666666666743 1.1694833628063137 19.500000000000004 3.5000000000000004 2.4262840894793141 1.0000000180025095e-35
decision_type=2 2 2 2 2 1 2 2 2 2 2 2 2 2
left_child=2 3 -1 13 6 -4 -3 8 9 -8 -11 -5 -9 -2
right_child=1 4 5 11 -6 -7 7 12 -10 10 -12 -13 -14 -15
leaf_value=-0.00043719228457853233 1.5223174619479752e-05 0.00014367319787036775 -0.00017702106558627404 -0.00024201538018949945 0.00057407152633241591 -0.00014777743519166811 -0.0002227103642879136 0.00016064593065608258 4.7221677386709578e-05 -0.00044049885752918909 -0.0015954684070172526 -0.00011039749701578375 0.0041538170250210033 0.0013769793529105202
leaf_weight=19331.228495724034 3962.1088946945965 2187.4913914343342 898.57650005002506 5966.2635090462863 9032.696318033617 2019.8171661226079 17426.90885288734 42129.960103139281 15554.12372301938 1979.5930940224789 1332.6899425641168 4118.0728232711554 746.56030836841092 191.1304733902216
leaf_count=72954 22341 3694 5552 20345 36821 5423 50589 148151 45250 6309 3974 23335 3969 741
internal_value=-0.00580769 -0.000159369 -0.0323566 -0.00446358 0.000519017 -0.0228365 6.53997e-05 -0.000163 -0.00177374 -0.00342434 -0.00930874 -0.00694205 0.00120052 0.00155654
internal_weight=126877 104628 22249.6 14237.6 90390 2918.39 81357.3 79169.8 36293.3 20739.2 3312.28 10084.3 42876.5 4153.24
internal_count=449448 365519 83929 66762 298757 10975 261936 258242 106122 60872 10283 43680 152120 23082
cat_boundaries=0 2
cat_threshold=301992064 262144
is_linear=0
shrinkage=0.035


Tree=131
num_leaves=15
num_cat=1
split_feature=57 57 1 13 0 57 61 21 62 40 1 60 1 64
split_gain=15413.3 249.067 235.374 145.481 131.583 123.86 114.425 114.237 191.544 109.637 170.657 94.3144 127.234 89.3841
threshold=0.025513901728264912 0.0073029981075023679 4.5000000000000009 0.9871299501393469 0 1.7806198913340887 17.825000000000006 1.0000000180025095e-35 0.81666666666666743 0.50000000000000044 10.500000000000002 -0.92260537345622995 17.500000000000004 -0.28958333333333325
decision_type=2 2 2 2 1 2 2 2 2 2 2 2 2 2
left_child=1 -1 6 -4 -3 7 -2 9 -9 13 -11 12 -7 -5
right_child=2 4 3 5 -6 11 -8 8 -10 10 -12 -13 -14 -15
leaf_value=-0.00042189055461828371 -0.00019338271556772581 -0.00017082532829075454 -0.00026511100561584622 0.00096523160499033213 -0.00014260522495995975 0.0028084684596571211 4.1805154831511887e-05 -4.5696353819233153e-05 0.00095167119773777458 0.00027234384303609696 -0.0010416871289306052 0.00040379292201918164 -0.00039338265852383318 -3.1628768172685119e-05
leaf_weight=19331.228495724034 3490.9576392299496 898.57650005002506 19249.196289533516 1124.5157184973359 2019.8171661226079 1894.4551311088726 1056.3955602496862 10020.39650078374 7544.8684438078199 1829.9304105006158 3907.9557546433061 13126.980556031689 679.17464457871392 40702.772784905974
leaf_count=72954 9852 5552 78349 4715 5423 7317 3757 36274 27725 6623 14033 46579 2493 127802
internal_value=-0.00578298 -0.0322297 -0.000156398 0.000197812 -0.0225422 0.000849058 -0.00793535 0.000176175 0.00258746 -0.000714639 -0.00524708 0.00363847 0.00975266 -9.1772e-05
internal_weight=126877 22249.6 104628 100080 2918.39 80831 4547.35 65130.4 17565.3 47565.2 5737.89 15700.6 2573.63 41827.3
internal_count=449448 83929 365519 351910 10975 273561 13609 217172 63999 153173 20656 56389 9810 132517
cat_boundaries=0 2
cat_threshold=301992064 262144
is_linear=0
shrinkage=0.035


Tree=132
num_leaves=15
num_cat=1
split_feature=57 57 1 13 0 57 28 61 64 40 1 11 2 62
split_gain=15243.2 276.663 223.517 136.315 124.201 122.249 115.275 109.246 89.9778 99.5112 93.9758 93.8425 72.6925 124.602
threshold=0.025513901728264912 0.0073029981075023679 4.5000000000000009 0.9871299501393469 0 2.1604406293746465 55.500000000000007 12.954166666666667 -0.29374999999999996 3.4500000000000015 9.5000000000000018 1.0066987894081303 3.5000000000000004 0.65000000000000135
decision_type=2 2 2 2 1 2 2 2 2 2 2 2 2 2
left_child=1 -1 6 -4 -3 8 7 -2 -5 11 -11 -10 -13 -14
right_child=2 4 3 5 -6 -7 -8 -9 9 10 -12 12 13 -15
leaf_value=-0.00040712438520664379 -0.00016728717495918783 -0.0001648464418005781 -0.00025583212041929042 0.00088333677673451804 -0.00013761404208636118 0.0013353659690813547 -0.00031035259079241305 6.1880124762943477e-05 -7.3646370575599089e-05 0.00043249429035174152 -0.0027549165626914686 3.4844609365460022e-05 4.1798375197432126e-05 0.001154010818536414
leaf_weight=19331.228495724034 1638.2249259492382 898.57650005002506 19249.196289533516 2498.8435422107577 2019.8171661226079 4116.2323785631452 1434.591765190009 1474.5365083403885 38255.46907731914 298.43434752523899 620.28084694966674 22293.959566369653 6803.4056326658465 5944.4245532546192
leaf_count=72954 3724 5552 78349 11388 5423 14170 4678 5207 122506 1167 2894 67425 28153 25858
internal_value=-0.00573608 -0.0320364 -0.000140644 0.000204528 -0.0218457 0.000834922 -0.00772114 -0.0039144 0.000519197 0.000298784 -0.0110862 0.000442977 0.00175125 0.00385827
internal_weight=126877 22249.6 104628 100080 2918.39 80831 4547.35 3112.76 76714.8 74216 918.715 73297.3 35041.8 12747.8
internal_count=449448 83929 365519 351910 10975 273561 13609 8931 259391 248003 4061 243942 121436 54011
cat_boundaries=0 2
cat_threshold=301992064 262144
is_linear=0
shrinkage=0.035


Tree=133
num_leaves=15
num_cat=2
split_feature=57 57 1 0 13 57 28 61 11 3 21 62 1 1
split_gain=15069.7 308.839 214.926 155.119 127.598 115.609 106.453 104.567 92.9532 88.1625 80.1455 89.726 76.7675 122.231
threshold=0.025513901728264912 0.0055234012931861991 4.5000000000000009 0 0.98624563810827681 2.0025478082034289 55.500000000000007 12.954166666666667 0.99856191522207427 1 1.0000000180025095e-35 -0.31458333333333316 17.500000000000004 14.500000000000002
decision_type=2 2 2 1 2 2 2 2 2 1 2 2 2 2
left_child=1 -1 6 -3 -4 8 7 -2 -6 -7 -10 -12 13 -13
right_child=2 3 4 -5 5 9 -8 -9 10 -11 11 12 -14 -15
leaf_value=-0.00039287503172441123 -0.00016143212383561625 -8.0723914013146154e-05 -0.00025894034182883389 -0.00015434989167218883 -0.00013073097713618199 0.0011506962857212378 -0.00029949025011467856 5.9714320396240461e-05 2.7582246211929481e-05 -0.00068684964397030981 -2.2681835522969417e-05 0.00051103947398076341 8.025979879419666e-05 0.0026848713978100658
leaf_weight=18370.09323259769 1638.2249259492382 654.23954885825515 18108.895221996121 3225.2893804407213 28145.016838214127 7225.571952521801 1434.591765190009 1474.5365083403885 32546.054818200646 1288.2811197100673 4476.6406456110999 3418.9178574045654 2768.0141429158393 2102.8536378173158
leaf_count=69824 3724 4027 74476 10078 96709 22056 4678 5207 104702 7079 16886 11665 11108 7229
internal_value=-0.00570681 -0.0318571 -0.000143298 -0.0227636 0.000195176 0.000782621 -0.00757669 -0.00391784 0.000334853 0.00464104 0.00131598 0.00366507 0.00581917 0.0082004
internal_weight=126877 22249.6 104628 3879.53 100080 81971.4 4547.35 3112.76 73457.5 8513.85 45312.5 12766.4 8289.79 5521.77
internal_count=449448 83929 365519 14105 351910 277434 13609 8931 248299 29135 151590 46888 30002 18894
cat_boundaries=0 1 2
cat_threshold=33554560 1
is_linear=0
shrinkage=0.035


Tree=134
num_leaves=15
num_cat=1
split_feature=57 57 1 0 57 27 61 60 1 14 62 51 59 11
split_gain=14981.4 318.826 204.078 153.997 119.619 109.175 101.248 93.5677 112.589 169.135 140.348 108.861 103.736 100.841
threshold=0.025513901728264912 0.0055234012931861991 4.5000000000000009 0 1.5305761950595727 7.5000000000000009 17.825000000000006 -0.1073773691641859 8.5000000000000018 1.1694833628063137 0.72291666666666698 0.29046536796536804 0.26781182513105634 1.078081370126676
decision_type=2 2 2 1 2 2 2 2 2 2 2 2 2 2
left_child=1 -1 6 -3 5 -4 -2 8 9 13 -10 -11 -9 -6
right_child=2 3 4 -5 7 -7 -8 12 10 11 -12 -13 -14 -15
leaf_value=-0.00037912440561405688 -0.00017302889534028478 -7.789857702268604e-05 0.00019485636871033996 -0.0001489476454636622 0.00029525773560617813 -0.00010582910031387672 3.8114532851168918e-05 0.0004597808629006051 -0.00054963663443307503 0.0059723184136141914 0.00083747527069222738 -0.0019522568528308917 -0.00033614915674290874 0.0057906859159497798
leaf_weight=18370.09323259769 3490.9576392299496 654.23954885825515 10861.52323605679 3225.2893804407213 2172.0795675297268 53552.391617554473 1056.3955602496862 8411.9587548598647 3543.9732362376526 822.28653556108475 8996.2569741038606 171.18422704935074 11278.196865948848 270.39521948993206
leaf_count=69824 9852 4027 34246 10078 7541 187703 3757 17363 14160 2571 41538 569 45345 874
internal_value=-0.00568658 -0.0317601 -0.000139397 -0.0225255 0.000190424 -0.000709957 -0.00738276 0.00181627 0.00380554 0.00940985 0.00226372 0.021513 0.000201105 0.00441927
internal_weight=126877 22249.6 104628 3879.53 100080 64413.9 4547.35 35666.3 15976.2 3435.95 12540.2 993.471 19690.2 2442.47
internal_count=449448 83929 365519 14105 351910 221949 13609 129961 67253 11555 55698 3140 62708 8415
cat_boundaries=0 1
cat_threshold=33554560
is_linear=0
shrinkage=0.035


Tree=135
num_leaves=15
num_cat=1
split_feature=57 57 6 14 0 11 57 57 64 40 2 6 57 13
split_gain=14870.8 333.089 192.621 154.254 148.551 122.115 128.347 117.506 100.043 113.173 93.6619 91.4522 87.6908 77.7621
threshold=0.025513901728264912 0.0055234012931861991 5.654798917993797 0.98774795522931602 0 1.0462596892163949 0.23109167196932104 0.61826198445017033 -0.29374999999999996 3.4500000000000015 3.5000000000000004 6.8337660417311907 2.4262840894793141 1.0713777299768681
decision_type=2 2 2 2 1 2 2 2 2 2 2 2 2 2
left_child=1 13 3 -2 -3 6 -4 11 -9 12 -5 -8 -10 -1
right_child=2 4 5 10 -6 -7 7 8 9 -11 -12 -13 -14 -15
leaf_value=-0.00036585505141756487 5.5009921064324638e-05 -7.5172126826892011e-05 0.00014068574064637104 -0.00021418238297379877 -0.00014373447787243405 0.00053612534567959338 -0.00024044146787293943 0.0012528082336188352 6.8518391816541073e-07 -0.0020193523081814325 -9.0755616730560414e-05 -0.0012089729254653398 0.0037492787768028473 -7.6549025465464063e-05
leaf_weight=18256.085328761023 4153.2393680848181 654.23954885825515 2187.4913914343342 5966.2635090462863 3225.2893804407213 9032.696318033617 5788.260829705745 2416.7843549624085 68696.380092087435 871.35389303043485 4118.0728232711554 687.76349308621138 709.29336112877354 114.00790383666754
leaf_count=69273 23082 4027 3694 20345 10078 36821 16132 10630 222823 3867 23335 1058 3732 551
internal_value=-0.00564909 -0.0316262 -0.000122419 -0.00390483 -0.0221937 0.000473724 4.4855e-05 -0.000186712 0.000216005 -2.52549e-05 -0.006241 -0.00470059 0.000132989 -0.0336051
internal_weight=126877 22249.6 104628 14237.6 3879.53 90390 81357.3 79169.8 72693.8 70277 10084.3 6476.02 69405.7 18370.1
internal_count=449448 83929 365519 66762 14105 298757 261936 258242 241052 230422 43680 17190 226555 69824
cat_boundaries=0 1
cat_threshold=33554560
is_linear=0
shrinkage=0.035


Tree=136
num_leaves=15
num_cat=1
split_feature=57 57 1 0 13 57 28 61 13 64 11 50 1 59
split_gain=14713.8 340.163 184.751 145.343 115.041 109.503 96.0293 95.7984 88.3203 80.5685 86.7485 63.1995 101.518 120.01
threshold=0.025513901728264912 0.0055234012931861991 4.5000000000000009 0 0.9871299501393469 2.1604406293746465 55.500000000000007 12.954166666666667 1.0713777299768681 -0.29374999999999996 0.99126992204566122 16.500000000000004 17.500000000000004 0.26781182513105634
decision_type=2 2 2 1 2 2 2 2 2 2 2 2 2 2
left_child=1 8 6 -3 11 9 7 -2 -1 -6 -11 -4 -13 -14
right_child=2 3 4 -5 5 -7 -8 -9 -10 10 -12 12 13 -15
leaf_value=-0.00035305012461795006 -0.00014502661836792002 -7.2541102387950761e-05 0.0001147751925364915 -0.00013870377114689886 0.00082545041105004885 0.0012349723379516009 -0.0002754556966196718 6.2181665515398046e-05 -7.3869809574172844e-05 -0.00017931481247929733 8.1131836496891604e-05 -0.00011021602174689922 -0.00092255847975140372 -0.00020844736649990983
leaf_weight=18256.085328761023 1638.2249259492382 654.23954885825515 5383.5211624146905 3225.2893804407213 2498.8435422107577 4116.2323785631452 1434.591765190009 1474.5365083403885 114.00790383666754 20566.279515138362 53649.694508945802 8170.0957566276193 2700.1322829127312 2995.4470875784755
leaf_count=69273 3724 4027 32433 10078 11388 14170 4678 5207 551 73618 174385 27598 7102 11216
internal_value=-0.00562084 -0.0314604 -0.000123437 -0.021932 0.000190378 0.000769495 -0.00701528 -0.00354096 -0.0334596 0.000470686 0.000262119 -0.00224058 -0.00348952 -0.00707207
internal_weight=126877 22249.6 104628 3879.53 100080 80831 4547.35 3112.76 18370.1 76714.8 74216 19249.2 13865.7 5695.58
internal_count=449448 83929 365519 14105 351910 273561 13609 8931 69824 259391 248003 78349 45916 18318
cat_boundaries=0 1
cat_threshold=33554560
is_linear=0
shrinkage=0.035


Tree=137
num_leaves=15
num_cat=1
split_feature=57 57 57 14 11 12 1 0 1 13 36 46 40 31
split_gain=14571.9 275.883 226.161 136.281 131.732 109.021 143.523 108.323 91.352 87.7004 80.2792 90.7793 83.042 77.2753
threshold=0.013088771449383139 0.10803771127657769 0.0055234012931861991 1.1694833628063137 1.0483170365733503 0.99749142536323798 7.5000000000000009 0 10.500000000000002 1.0713777299768681 29.050000000000004 2.5499999999999998 1.7000000000000013 1.0000000180025095e-35
decision_type=2 2 2 2 2 2 2 1 2 2 2 2 2 2
left_child=2 3 9 13 5 6 -3 -4 -8 -1 12 -12 -7 -2
right_child=1 4 7 -5 -6 10 8 -9 -10 -11 11 -13 -14 -15
leaf_value=-0.00034069337025632184 -0.00010869336842713044 -0.00050548685075706211 -5.7033970745654021e-05 -0.00037740022841737032 0.00039432624554881811 0.00010546249624699411 0.0004969002871121498 -0.00012283997034561497 -0.00020864555079503857 -7.1284366239076803e-05 0.0024762815432901354 -0.0026061600545509412 -0.00069482975823097713 0.00079250543160125798
leaf_weight=18256.085328761023 5365.0224333305378 5062.2277528417762 431.05706339678727 911.82279894081876 10326.278756370768 53913.34458442824 4870.4587260398548 2677.5392284570262 21814.079823449254 114.00790383666754 194.57541460543871 681.56734969839454 2121.0392531305552 138.11517848074436
leaf_count=69273 19843 17905 2081 3287 45025 174019 17825 7445 79186 551 938 2889 8673 508
internal_value=-0.00559291 -0.00023734 -0.031861 -0.00726546 0.000218829 -0.000217096 -0.00186006 -0.0229731 -0.000833883 -0.0333517 0.000699572 -0.00975309 0.000864719 -0.00516814
internal_weight=126877 105399 21478.7 6414.96 98983.6 88657.3 31746.8 3108.6 26684.5 18370.1 56910.5 876.143 56034.4 5503.14
internal_count=449448 370098 79350 23638 346460 301435 114916 9526 97011 69824 186519 3827 182692 20351
cat_boundaries=0 2
cat_threshold=33554560 262144
is_linear=0
shrinkage=0.035


Tree=138
num_leaves=15
num_cat=1
split_feature=57 57 57 60 13 57 0 23 2 2 13 27 59 40
split_gain=14494.7 261.031 229.809 129.794 116.798 114.158 108.489 106.827 99.4378 97.5197 91.3443 86.8203 88.4208 85.4983
threshold=0.013088771449383139 0.097176272242086664 0.0055234012931861991 -0.86092912513210462 1.0256352925099914 1.6801055620422358 0 1.0000000180025095e-35 3.5000000000000004 1.5000000000000002 1.0713777299768681 22.500000000000004 -0.27609441636666071 0.4500000000000009
decision_type=2 2 2 2 2 2 1 2 2 2 2 2 2 2
left_child=2 3 10 -2 5 13 -4 -6 -9 -7 -1 12 -11 -3
right_child=1 4 6 -5 7 9 -8 8 -10 11 -12 -13 -14 -15
leaf_value=-0.00032876910229735057 -0.00029161365312536242 -4.0238465296794648e-05 -5.5037781769556136e-05 -8.0607783350095357e-05 4.3399249696406966e-05 0.00088306960182501181 -0.00011854057138351848 0.00017985494330316379 0.00116662288000084 0.00029269222191424365 -6.878941342070912e-05 0.00048856964144727399 -0.001061498213598362 -0.00041728901576318703
leaf_weight=18256.085328761023 1421.4223710664082 58432.461041323375 431.05706339678727 4691.6472745258361 5408.3887761060614 6882.0481215342879 2677.5392284570262 2048.7964808754623 2657.3149530999362 3407.246129501611 114.00790383666754 8271.460016328143 3898.7078035874292 8279.0391033678316
leaf_count=69273 5497 193649 2081 16564 26879 21969 7445 7029 7775 7588 551 36140 16478 30530
internal_value=-0.00557258 -0.000231195 -0.0317711 -0.00724469 0.000201317 -0.000203141 -0.0228153 0.00376376 0.00761381 0.00195462 -0.0332734 0.000420625 -0.00235791 -0.000929769
internal_weight=126877 105399 21478.7 6113.07 99285.5 89171 3108.6 10114.5 4706.11 22459.5 18370.1 15577.4 7305.95 66711.5
internal_count=449448 370098 79350 22061 348037 306354 9526 41683 14804 82175 69824 60206 24066 224179
cat_boundaries=0 2
cat_threshold=33554560 262144
is_linear=0
shrinkage=0.035


Tree=139
num_leaves=15
num_cat=2
split_feature=57 1 57 61 57 0 28 1 21 3 1 2 1 27
split_gain=14341.5 249.2 238.91 112.651 109.195 122.991 109.193 177.453 235.669 186.83 174.314 335.922 163.615 263.513
threshold=0.013088771449383139 4.5000000000000009 0.0055234012931861991 17.825000000000006 1.3275366942410052 0 47.500000000000007 17.500000000000004 1.0000000180025095e-35 1 11.500000000000002 3.5000000000000004 17.500000000000004 59.500000000000007
decision_type=2 2 2 2 2 1 2 2 2 1 2 2 2 2
left_child=2 3 -1 -2 5 -3 7 10 -9 -10 -6 -12 -8 -14
right_child=1 4 -4 -5 6 -7 12 8 9 -11 11 -13 13 -15
leaf_value=-0.00031726218371694326 -0.00016724561970863806 -0.00039679341150814445 -0.00011209580097786073 3.3217294778885923e-05 0.00033714535571629736 -2.1743354085165673e-05 0.00089957669013903568 0.0016092346880822762 -0.0021842849661667008 0.0012457330572744586 -0.00092618180789379341 0.00053678699105552566 -0.0015928704852259347 0.002057765769062019
leaf_weight=18370.09323259769 3923.113943436183 6668.3932260274887 3108.5962918538135 1172.4828668050468 10992.112224947661 42066.863146710442 13901.973983433563 4603.8234286047518 990.36221328377724 774.5304600931704 10270.016788452864 6129.290560528636 2616.0504371160641 1289.5187918767333
leaf_count=69824 11497 51316 9526 4365 34982 116852 57193 14489 2633 3845 30810 26576 9846 5694
internal_value=-0.00554049 -0.000227419 -0.0316001 -0.00777032 0.000156512 -0.00103128 0.00127905 0.000109093 0.0053668 -0.0054852 -0.00111488 -0.00339994 0.00349578 -0.00282831
internal_weight=126877 105399 21478.7 5095.6 100303 48735.3 51567.7 33760.1 6368.72 1764.89 27391.4 16399.3 17807.5 3905.57
internal_count=449448 370098 79350 15862 354236 168168 186068 113335 20967 6478 92368 57386 72733 15540
cat_boundaries=0 1 2
cat_threshold=301989890 1
is_linear=0
shrinkage=0.035


Tree=140
num_leaves=15
num_cat=1
split_feature=57 57 1 28 61 57 12 0 13 13 1 59 57 2
split_gain=14183.3 256.041 237.298 109.357 107.399 104.759 101.901 101.452 97.078 93.0569 89.1984 139.4 101.894 98.1698
threshold=0.013088771449383139 0.0055234012931861991 4.5000000000000009 55.500000000000007 12.954166666666667 2.3297221445190859 0.88573591735431179 0 1.0047392056899513 1.0713777299768681 20.500000000000004 0.81900730237416519 0.79467717542165772 1.0000000180025095e-35
decision_type=2 2 2 2 2 2 2 1 2 2 2 2 2 2
left_child=1 9 3 4 -2 6 -4 -3 10 -1 -8 12 13 -12
right_child=2 7 5 -5 -6 -7 8 -9 -10 -11 11 -13 -14 -15
leaf_value=-0.00030615800728685027 -0.00013733007985273696 -4.9188106373396573e-05 -0.001398304505622503 -0.00026442008117224034 4.9615501752740063e-05 0.0018655827946230199 -1.6476014127952968e-05 -0.00011046829835087021 0.00013945704127138692 -5.52776075208913e-05 -0.00062771562921348724 0.00024611889294375955 -0.0032368154815453089 -0.00016140694600720674
leaf_weight=18256.085328761023 1788.6653092643246 431.05706339678727 1036.5060038678348 1683.4780970495194 1623.4534039273858 1742.2885118513368 52244.335014222888 2677.5392284570262 36225.756764304359 114.00790383666754 1655.0813757069409 2139.5210436396301 467.51883913436905 4791.9277083477937
leaf_count=69273 4167 2081 5773 5683 6012 7548 180447 7445 127792 551 4851 9170 2441 16214
internal_value=-0.00550523 -0.0314207 -0.000221545 -0.00758211 -0.00395973 0.000153105 2.29286e-06 -0.0219886 0.000118854 -0.033004 -0.00073002 -0.00393515 -0.0063489 -0.00518413
internal_weight=126877 21478.7 105399 5095.6 3412.12 100303 98560.6 3108.6 97524.1 18370.1 61298.4 9054.05 6914.53 6447.01
internal_count=449448 79350 370098 15862 10179 354236 346688 9526 340915 69824 213123 32676 23506 21065
cat_boundaries=0 2
cat_threshold=33554560 262144
is_linear=0
shrinkage=0.035


Tree=141
num_leaves=15
num_cat=1
split_feature=57 57 1 0 61 57 13 13 64 40 1 1 2 11
split_gain=14085.8 254.193 223.61 108.987 103.455 101.799 103.285 92.5071 86.2124 86.2267 88.4531 81.2855 88.4266 76.9
threshold=0.013088771449383139 0.0048043531591724737 4.5000000000000009 0 17.825000000000006 2.4907850561621352 0.9871299501393469 1.0713777299768681 -0.29374999999999996 3.4500000000000015 9.5000000000000018 1.0000000180025095e-35 2.5000000000000004 1.0064175192271365
decision_type=2 2 2 1 2 2 2 2 2 2 2 2 2 2
left_child=1 7 4 -3 11 6 -4 -1 -8 13 -11 12 -2 -10
right_child=2 3 5 -5 -6 -7 8 -9 9 10 -12 -13 -14 -15
leaf_value=-0.00029544247703181052 -0.00018392426643298507 -4.0993699910647857e-05 -0.00023211897883968993 -0.00011470834448900927 3.0501939398259391e-05 0.0052805916604200627 0.00085812868366016753 -1.0267707139857827e-05 -5.0091906169033031e-05 0.00041174946982492695 -0.0026120858790211368 -0.00033842841838351701 -4.3814181536374032e-05 0.00013344864392736316
leaf_weight=17719.920199144166 1676.6044664904475 402.74351852759719 19178.795307716588 3246.7651029850822 1172.4828668050468 504.97701551159844 2644.1238501444459 109.26070379465818 40448.749657705426 326.41500478237867 626.88625110313296 482.66781249782071 1763.8416644479148 36572.988174111582
leaf_count=67673 3994 1941 78166 9194 4365 2986 12077 542 129524 1282 2966 1898 5605 127235
internal_value=-0.00547559 -0.0313018 -0.0002101 -0.0227534 -0.00735522 0.000153584 7.34836e-05 -0.0330379 0.000622714 0.000411511 -0.00999524 -0.0100758 -0.00814173 0.000541596
internal_weight=126877 21478.7 105399 3649.51 5095.6 100303 99798 17829.2 80619.2 77975 953.301 3923.11 3440.45 77021.7
internal_count=449448 79350 370098 11135 15862 354236 351250 68215 273084 261007 4248 11497 9599 256759
cat_boundaries=0 1
cat_threshold=33554560
is_linear=0
shrinkage=0.035


Tree=142
num_leaves=15
num_cat=2
split_feature=57 57 1 51 57 0 60 1 1 21 3 36 59 27
split_gain=13921.4 278.741 203.332 103.28 101.501 118.68 108.2 227.991 162.988 262.59 190.802 154.033 147.139 132.603
threshold=0.013088771449383139 0.0019989410301314127 4.5000000000000009 0.28727777419740935 1.3114014201657833 0 -0.8140159405215136 17.500000000000004 17.500000000000004 1.0000000180025095e-35 1 26.550000000000004 0.61188073503922691 59.500000000000007
decision_type=2 2 2 2 2 1 2 2 2 2 1 2 2 2
left_child=1 -1 -2 -3 5 -4 7 -6 11 12 -11 -8 -10 -9
right_child=2 3 4 -5 6 -7 8 13 9 10 -12 -13 -14 -15
leaf_value=-0.00028510199033569714 -0.00012433783257358123 -0.00014457592916978655 -0.00038825889699940666 -6.0551213481056804e-05 0.0010983071998559646 -2.3140027458117691e-05 -3.1903708317153617e-05 -0.0014955866664643281 0.00050218014342759746 -0.0022447047498581176 0.001211918057037117 -0.0017660198176855336 0.002659227177614412 0.0014621255778671728
leaf_weight=15093.567346969619 5095.5968102412298 5992.8766405289061 6557.100703112781 392.245536952978 10496.231672460446 39841.643660305534 31317.418406578712 2173.1971131740138 2774.9785322397947 1211.2338739782572 871.67292030341923 1649.0389339141548 2642.9232193790376 767.49622562900186
leaf_count=58793 15862 19195 50506 1362 42130 111402 105387 8288 6766 3385 4443 7733 10898 3298
internal_value=-0.00543933 -0.0311145 -0.000204651 -0.0248893 0.000142151 -0.00105779 0.00117502 0.00389505 0.000271115 0.00492419 -0.00561843 -0.000788765 0.00898018 -0.00470655
internal_weight=126877 21478.7 105399 6385.12 100303 46398.7 53904.2 13436.9 40467.3 7500.81 2082.91 32966.5 5417.9 2940.69
internal_count=449448 79350 370098 20557 354236 161908 192328 53716 138612 25492 7828 113120 17664 11586
cat_boundaries=0 1 2
cat_threshold=301989890 1
is_linear=0
shrinkage=0.035


Tree=143
num_leaves=15
num_cat=0
split_feature=57 57 1 59 13 57 12 28 61 7 12 1 40 1
split_gain=13731.5 317.015 192.081 111.184 99.183 99.0182 97.4459 97.4206 95.0316 91.4206 89.3542 101.085 74.9428 131.969
threshold=0.013088771449383139 0.0019989410301314127 4.5000000000000009 0.63209755774300602 1.0578927712047959 2.3297221445190859 0.88573591735431179 55.500000000000007 12.954166666666667 1.0986177400626478 0.99749142536323798 7.5000000000000009 0.50000000000000044 9.5000000000000018
decision_type=2 2 2 2 2 2 2 2 2 2 2 2 2 2
left_child=1 4 7 -3 -1 6 -4 8 -2 10 11 -8 -12 -14
right_child=2 3 5 -5 -6 -7 9 -9 -10 -11 12 -13 13 -15
leaf_value=-0.00027512342067394777 -0.0001236681194536903 -0.00015153379563893866 -0.0013478991352866134 -0.00010286001542259563 2.7830145626898676e-05 0.0017736888574305066 -0.00034014091420872712 -0.00024483259879471629 5.3104208722422543e-05 0.00063657443177778778 9.6053269207201368e-05 -8.2165288032985399e-05 0.00047921643811073186 -0.00063649803074193329
leaf_weight=14994.523868056014 1788.6653092643246 4013.6652325394098 1036.5060038678348 2371.4569449424744 99.043478913605213 1742.2885118513368 5265.9968181932345 1683.4780970495194 1623.4534039273858 4294.8626563739963 53893.09631523909 27368.284893187927 1562.1110946685076 5139.7889676932245
leaf_count=58283 4167 11202 5773 9355 510 7548 18998 5683 6012 20876 176732 98683 5714 19912
internal_value=-0.00539235 -0.0308918 -0.0001935 -0.0242661 -0.0336768 0.00014357 -3.05101e-06 -0.00681576 -0.00339813 0.000110934 -0.000119312 -0.00159553 0.000675857 -0.00281194
internal_weight=126877 21478.7 105399 6385.12 15093.6 100303 98560.6 5095.6 3412.12 97524.1 93229.3 32634.3 60595 6701.9
internal_count=449448 79350 370098 20557 58793 354236 346688 15862 10179 340915 320039 117681 202358 25626
is_linear=0
shrinkage=0.035


Tree=144
num_leaves=15
num_cat=1
split_feature=57 57 57 59 57 12 28 1 21 3 1 2 57 1
split_gain=13506.1 367.427 186.089 114.831 113.421 140.747 101.518 167.419 219.679 169.527 164.185 305.81 146.352 134.667
threshold=0.013088771449383139 0.0048043531591724737 0.043415270743748381 0.7266007961912001 1.3114014201657833 0.90719188918350258 47.500000000000007 17.500000000000004 1.0000000180025095e-35 0 11.500000000000002 3.5000000000000004 1.8570749485026146 17.500000000000004
decision_type=2 2 2 2 2 2 2 2 2 1 2 2 2 2
left_child=1 -1 -2 -3 5 -4 7 10 -9 -10 -6 -12 -13 -8
right_child=2 3 4 -5 6 -7 13 8 9 -11 11 12 -14 -15
leaf_value=-0.00026549410095035963 -0.00016423969755334852 -0.00011090379625752665 -0.0011341868837825906 -6.2210537127050427e-05 0.00029345912390447483 -5.4346871856150315e-05 0.00079599747429743304 0.0015164663550309033 -0.0020557854646385213 0.0011685489761536407 -0.00083633935419939254 0.0014208832486915025 -0.00045274390796308246 -0.0004879175867455799
leaf_weight=17829.180902938824 2133.875251296442 2530.5520915712696 986.76409121928737 1118.9565299414098 11539.988993380219 48373.54263113928 14668.472434901167 4687.3107730820775 1006.3948530852795 793.10346423089504 10971.536791525781 3266.3137460686266 3016.5362470820546 3954.6927943052724
leaf_count=68215 9377 6795 5138 4340 36480 163244 59524 14709 2663 3931 32366 13067 13824 15775
internal_value=-0.00535373 -0.030643 -0.000197729 -0.0204216 1.41618e-05 -0.00119788 0.00112405 2.0322e-05 0.00509553 -0.00527881 -0.0011244 -0.00328503 0.00286953 0.0032139
internal_weight=126877 21478.7 105399 3649.51 103265 49360.3 53904.4 35281.2 6486.81 1799.5 28794.4 17254.4 6282.85 18623.2
internal_count=449448 79350 370098 11135 360721 168382 192339 117040 21303 6594 95737 59257 26891 75299
cat_boundaries=0 1
cat_threshold=1
is_linear=0
shrinkage=0.035


Tree=145
num_leaves=15
num_cat=1
split_feature=57 57 57 59 13 13 57 12 13 27 23 2 0 57
split_gain=13339.9 406.388 178.928 121.651 108.883 99.9937 91.6478 83.158 89.57 78.8387 78.2643 79.1008 74.8207 74.2862
threshold=0.013088771449383139 0.0019989410301314127 0.043415270743748381 0.63209755774300602 0.9871299501393469 1.0578927712047959 2.0025478082034289 0.88573591735431179 1.0344308455895741 2.5000000000000004 1.0000000180025095e-35 3.5000000000000004 0 0.0087363007793397254
decision_type=2 2 2 2 2 2 2 2 2 2 2 2 1 2
left_child=1 5 -2 12 -4 -1 7 -6 -9 -8 -10 -12 -3 -5
right_child=2 3 4 13 6 -7 9 8 10 -11 11 -13 -14 -15
leaf_value=-0.000256201807417097 -0.00015849130813898121 -0.00013730872283570968 -0.00019337355060513152 -0.00012298302318443588 -0.0013627462520776565 3.6148384063219778e-05 -0.0016053410609611963 -5.4082085623191617e-06 3.1700270163879317e-05 0.00087074377571636505 4.8843954207783568e-05 0.00087040190064084514 -0.00014021277099445417 -3.0178161021862315e-05
leaf_weight=14994.523868056014 2133.875251296442 407.13818138465285 20214.4566036209 1719.522364962846 636.62996429321356 99.043478913605213 616.06641272455454 67752.593595470302 3114.997503321385 7768.5247502042912 1146.5236626677215 2014.8643277175725 3606.5270511547569 651.93457997962832
leaf_count=58283 9377 1793 81001 7062 3252 510 2242 222003 16119 26470 3946 5688 9409 2293
internal_value=-0.00531914 -0.0304523 -0.000194956 -0.0229745 1.28179e-05 -0.0335984 0.000573571 0.000183718 0.000292838 0.00404089 0.00428936 0.00815976 -0.0267145 -0.016559
internal_weight=126877 21478.7 105399 6385.12 103265 15093.6 83050.2 74665.6 74029 8384.59 6276.39 3161.39 4013.67 2371.46
internal_count=449448 79350 370098 20557 360721 58793 279720 251008 247756 28712 25753 9634 11202 9355
cat_boundaries=0 1
cat_threshold=33554560
is_linear=0
shrinkage=0.035


Tree=146
num_leaves=15
num_cat=1
split_feature=57 57 53 61 57 12 0 60 1 62 51 1 57 1
split_gain=13209.2 435.077 207.107 123.177 104.666 128.209 93.0236 91.5309 265.702 170.49 144.568 115.465 102.829 96.3748
threshold=0.0087363007793397254 0.043415270743748381 0.76393188854489169 18.270833333333339 1.3275366942410052 0.90719188918350258 0 -0.92910699518418138 8.5000000000000018 1.4124999999999992 0.17478193067423994 17.500000000000004 2.0139845582108147 17.500000000000004
decision_type=2 2 2 2 2 2 1 2 2 2 2 2 2 2
left_child=2 3 -1 -2 5 -3 -7 8 10 -10 -6 -11 -12 -9
right_child=1 4 -4 -5 7 6 -8 13 9 11 12 -13 -14 -15
leaf_value=-0.00017037501456015363 -9.4443364440492084e-05 -0.0010624240611910747 -0.00024723474415749863 3.3521123991749062e-07 0.0051607069474124282 -0.00043294590685152878 -2.2967783434692434e-05 -4.4207653188074184e-05 -0.00089318226324751511 0.0017992567050692234 -0.0032103262705139826 -0.00043968311725933523 0.004532722938258682 0.00066856176215262413
leaf_weight=7620.8379132151604 3060.3351617364679 1008.8442551302724 12149.178207851481 782.21349294483662 930.13415727764368 4297.2697607316077 46390.704715816304 35216.672308692709 2605.3237212598324 2821.0609746281989 218.0347591759637 1097.0024166500662 225.49441893491894 8454.1153317224234
leaf_count=26925 10599 5213 47599 3604 2865 30701 138728 125296 10620 12018 805 4152 836 29487
internal_value=-0.00527949 -0.000426559 -0.0315575 -0.011975 4.28438e-06 -0.0011085 -0.000861236 0.00111985 0.00458493 0.00162746 0.0185164 0.00623514 0.00199837 0.000492351
internal_weight=126877 107107 19770 3842.55 103265 51696.8 50688 51567.8 7897.05 6523.39 1373.66 3918.06 443.529 43670.8
internal_count=449448 374924 74524 14203 360721 174642 169429 186079 31296 26790 4506 16170 1641 154783
cat_boundaries=0 1
cat_threshold=33554434
is_linear=0
shrinkage=0.035


Tree=147
num_leaves=15
num_cat=0
split_feature=57 57 53 61 13 23 2 1 1 12 64 41 40 57
split_gain=13113.6 424.636 224.145 120.338 101.507 90.7199 96.9778 101.946 100.212 86.7027 80.0887 81.2844 74.4869 74.9319
threshold=0.0087363007793397254 0.043415270743748381 0.76393188854489169 18.270833333333339 1.0178958112179817 1.0000000180025095e-35 3.5000000000000004 14.500000000000002 16.500000000000004 0.88573591735431179 -0.29374999999999996 0.10000000000000085 1.8500000000000012 1.2554939055094037
decision_type=2 2 2 2 2 2 2 2 2 2 2 2 2 2
left_child=2 3 -1 -2 9 -6 -7 -8 -9 -3 11 -11 13 -12
right_child=1 4 -4 -5 5 6 7 8 -10 10 12 -13 -14 -15
leaf_value=-0.00016441188905054824 -9.1137846685074894e-05 -0.0012854639221013264 -0.00023858152811198616 3.2347884652040273e-07 8.515661766800298e-06 8.6938207784893756e-05 0.00013510627598992369 0.0039425062072215074 0.00039952652105676673 0.0017344872324941553 -9.456365405120974e-05 0.00021082133107563187 -0.0005154854968078378 6.5030005648406553e-05
leaf_weight=7620.8379132151604 3060.3351617364679 920.49709230801091 12149.178207851481 782.21349294483662 9447.6989877729211 3831.8106774613261 1571.0090914070606 1062.5418417863548 1490.7750821858644 706.675567176193 30589.803228874458 2322.1792978160083 2690.5110789202154 48631.154874311527
leaf_count=26925 10599 4899 47599 3604 43233 12221 4760 2864 4053 3304 102837 10328 10914 161308
internal_value=-0.00525757 -0.000422226 -0.0314404 -0.0118313 3.41642e-06 0.00243995 0.00519108 0.00890905 0.0132123 -0.000490692 -0.000374244 0.00520527 -0.000581169 -0.000386264
internal_weight=126877 107107 19770 3842.55 103265 17403.8 7956.14 4124.33 2553.32 85860.8 84940.3 3028.85 81911.5 79221
internal_count=449448 374924 74524 14203 360721 67131 23898 11677 6917 293590 288691 13632 275059 264145
is_linear=0
shrinkage=0.035


Tree=148
num_leaves=15
num_cat=0
split_feature=57 57 53 61 13 57 21 62 52 40 1 50 2 28
split_gain=12988.2 401.928 245.773 114.034 100.672 88.0845 88.9257 161.47 104.825 104.11 85.7816 84.0479 79.3661 77.8698
threshold=0.0087363007793397254 0.043415270743748381 0.76393188854489169 18.270833333333339 0.98148119052529537 1.7806198913340887 1.0000000180025095e-35 3.2854166666666651 0.16800682982356294 0.50000000000000044 10.500000000000002 16.500000000000004 1.0000000180025095e-35 44.500000000000007
decision_type=2 2 2 2 2 2 2 2 2 2 2 2 2 2
left_child=2 3 -1 -2 11 6 8 -8 -6 -10 -11 -3 -7 -14
right_child=1 4 -4 -5 5 12 7 -9 9 10 -12 -13 13 -15
leaf_value=-0.00015865747293377903 -8.7948022051097282e-05 0.00012809658689953541 -0.00023023117462806666 3.121570868922126e-07 0.00015268339329986504 0.0014804555938299948 5.6057313125955641e-05 0.0016242993826518061 -6.9596060811225605e-05 6.7657360010800894e-05 -0.00095722831532098521 -0.00033046933942432178 -4.8527468092649519e-05 0.00085488115524336335
leaf_weight=7620.8379132151604 3060.3351617364679 4249.3994998189155 12149.178207851481 782.21349294483662 8711.6401508189738 2605.6748627014458 16981.009464752162 2584.5879400684498 38960.637706489768 1524.6862212400883 3995.4309794474393 9447.2200598120689 8894.7338665649295 5309.6360683056992
leaf_count=26925 10599 26244 47599 3604 15998 8563 62002 9337 133298 6218 14833 32102 31019 21107
internal_value=-0.00521838 -0.000406208 -0.0312757 -0.011506 7.89674e-06 0.000435329 -9.23623e-05 0.00192458 -0.000834469 -0.00152212 -0.00601618 -0.00278554 0.002718 0.00168497
internal_weight=126877 107107 19770 3842.55 103265 89568 72758 19565.6 53192.4 44480.8 5520.12 13696.6 16810 14204.4
internal_count=449448 374924 74524 14203 360721 302375 241686 71339 170347 154349 21051 58346 60689 52126
is_linear=0
shrinkage=0.035


Tree=149
num_leaves=15
num_cat=0
split_feature=57 57 57 13 61 57 12 13 59 40 64 14 23 2
split_gain=12840.4 360.325 277.031 105.499 102.274 96.5648 106.441 95.195 82.228 80.3754 79.6414 79.2927 78.022 76.3307
threshold=0.0087363007793397254 0.043415270743748381 0.0019989410301314127 1.0523084943384819 18.270833333333339 2.4907850561621352 0.88573591735431179 1.0235416847075658 0.4749466738948262 1.8500000000000012 -0.29374999999999996 1.1694833628063137 1.0000000180025095e-35 3.5000000000000004
decision_type=2 2 2 2 2 2 2 2 2 2 2 2 2 2
left_child=2 4 3 -1 -2 6 11 9 -4 10 -8 -3 -9 -14
right_child=1 5 8 -5 -6 -7 7 12 -10 -11 -12 -13 13 -15
leaf_value=-0.00022217308351608434 -8.4869841279308861e-05 -0.0007431340548211331 -0.00014180632933248364 1.5324858013828553e-05 3.0123158885096879e-07 0.0049431616377623991 0.00056478904935298622 2.4555021819022695e-05 -0.0001042792758121088 -0.00050272102214324104 -3.0168676975539381e-05 -0.001848953624403932 9.5988535940404337e-05 0.00069616075128659449
leaf_weight=14984.246737124398 3060.3351617364679 966.5299742333591 2562.4121256680228 109.32060984522104 782.21349294483662 505.13621551613323 2956.5373911745846 6351.4983011460863 2114.0366484289989 3031.8796772994101 83484.28918745718 200.3561189325992 2547.1063422486186 3221.3236120119691
leaf_count=58244 10599 5367 7157 549 3604 2997 13387 30508 8574 12322 277852 935 8346 9007
internal_value=-0.00517641 -0.000391696 -0.031085 -0.0334086 -0.0109013 3.92075e-07 -7.53764e-05 4.58537e-05 -0.0235302 -0.000348573 -0.000151779 -0.0105407 0.00295551 0.00589845
internal_weight=126877 107107 19770 15093.6 3842.55 103265 102760 101593 4676.45 89472.7 86440.8 1166.89 12119.9 5768.43
internal_count=449448 374924 74524 58793 14203 360721 357724 351422 15731 303561 291239 6302 47861 17353
is_linear=0
shrinkage=0.035


Tree=150
num_leaves=15
num_cat=0
split_feature=57 57 57 13 61 13 57 12 50 59 64 40 1 11
split_gain=12723.5 337.803 306.487 105.271 96.0622 95.499 85.8372 84.4797 79.8706 74.0941 72.1424 80.7105 76.021 67.7442
threshold=0.0087363007793397254 0.043415270743748381 0.0019989410301314127 1.0523084943384819 18.270833333333339 0.98148119052529537 2.1604406293746465 0.88573591735431179 16.500000000000004 0.86958133671945947 -0.29999999999999993 3.4500000000000015 9.5000000000000018 0.99126992204566122
decision_type=2 2 2 2 2 2 2 2 2 2 2 2 2 2
left_child=2 4 3 -1 -2 8 7 -7 -3 -4 -9 13 -13 -12
right_child=1 5 9 -5 -6 6 -8 10 -10 -11 11 12 -14 -15
leaf_value=-0.00021439702559302137 -8.1899396834533017e-05 0.0001246691100521985 -0.00013126847151821735 1.4788487983344538e-05 2.9068848324115967e-07 -0.001277668084809464 0.0010240236317451525 0.00064743616242294081 -0.00031763901524834261 -8.3256001674900795e-05 -0.0001336894749162268 0.00034591105566275665 -0.0023316480879356275 6.1334387584728315e-05
leaf_weight=14984.246737124398 3060.3351617364679 4249.3994998189155 3666.319526260253 109.32060984522104 782.21349294483662 728.23542005079798 4439.3952649566345 2706.9474805705249 9447.2200598120689 1010.1292478367686 22959.33788789832 324.8785198405385 668.43748459219933 57740.80520247994
leaf_count=58244 10599 26244 11590 549 3604 3757 15352 12347 32102 4141 81563 1253 3100 185003
internal_value=-0.00513985 -0.000376973 -0.0309302 -0.0333715 -0.0105528 2.66316e-06 0.00041897 0.000171254 -0.00271806 -0.0229963 0.000274333 8.77223e-05 -0.00977807 0.000210354
internal_weight=126877 107107 19770 15093.6 3842.55 103265 89568 85128.6 13696.6 4676.45 84400.4 81693.5 993.316 80700.1
internal_count=449448 374924 74524 58793 14203 360721 302375 287023 58346 15731 283266 270919 4353 266566
is_linear=0
shrinkage=0.035


Tree=151
num_leaves=15
num_cat=0
split_feature=57 57 57 13 12 14 46 61 59 36 46 62 60 57
split_gain=12646 327.963 304.237 105.092 92.256 198.312 133.255 86.8703 79.3228 72.9235 85.0626 79.2834 153.126 88.9674
threshold=0.0087363007793397254 0.0019989410301314127 0.043415270743748381 1.0523084943384819 0.99749142536323798 1.1694833628063137 0.49999999999999983 18.270833333333339 0.4749466738948262 29.050000000000004 2.5499999999999998 3.1854166666666672 -0.79354221435844496 1.8758755093681185
decision_type=2 2 2 2 2 2 2 2 2 2 2 2 2 2
left_child=1 3 7 -1 5 -4 -7 -2 -3 11 -11 -6 13 -13
right_child=2 8 4 -5 9 6 -8 -9 -10 10 -12 12 -14 -15
leaf_value=-0.00020689312969726561 -7.9032917945324338e-05 -0.0001322487113027091 -7.1338950749987311e-05 1.4270890903927476e-05 2.9234991659463087e-05 -0.0013932526071107219 0.00035671911173707388 2.8051438632772757e-07 -9.629078995518231e-05 0.0023125648856376583 -0.0024377787191910819 0.0022089149049724401 0.00014839975801526851 -0.0002805383717065091
leaf_weight=14984.246737124398 3060.3351617364679 2562.4121256680228 36372.727968310937 109.32060984522104 53848.712191696744 1311.9617632015143 486.00253679975867 782.21349294483662 2114.0366484289989 205.19078561291099 694.65986361727118 2233.0174205321819 7575.3531291969121 537.0311610517092
leaf_count=58244 10599 7157 135156 549 177296 5198 2136 3604 8574 1000 2984 8613 26198 2140
internal_value=-0.00510707 -0.0308188 -0.000358726 -0.0333425 1.55547e-06 -0.00136438 -0.0126785 -0.0100158 -0.0226196 0.000802616 -0.00903709 0.000941932 0.00374663 0.0107725
internal_weight=126877 19770 107107 15093.6 103265 38170.7 1797.96 3842.55 4676.45 65094 899.851 64194.1 10345.4 2770.05
internal_count=449448 74524 374924 58793 360721 142490 7334 14203 15731 218231 3984 214247 36951 10753
is_linear=0
shrinkage=0.035


Tree=152
num_leaves=15
num_cat=0
split_feature=57 57 57 13 57 12 13 61 14 59 23 7 52 58
split_gain=12507 363.831 293.395 102.219 89.0014 97.8604 86.1793 83.8476 79.5776 75.3154 73.3776 73.011 81.1326 85.3781
threshold=0.0087363007793397254 0.0019989410301314127 0.043415270743748381 1.0523084943384819 2.4907850561621352 0.88573591735431179 1.0235416847075658 18.270833333333339 1.1694833628063137 0.4749466738948262 1.0000000180025095e-35 1.1176521193660351 0.16800682982356294 10.891091086816976
decision_type=2 2 2 2 2 2 2 2 2 2 2 2 2 2
left_child=1 3 7 -1 5 8 11 -2 -4 -3 -8 12 -7 -14
right_child=2 9 4 -5 -6 6 10 -9 -10 -11 -12 -13 13 -15
leaf_value=-0.00019965187015786131 -7.6266765817238012e-05 -0.00012762000640711429 -0.00070208266730300238 1.377140972229002e-05 0.0047420661246388935 0.00012329097964265735 2.0520597500195137e-05 2.7069638280628231e-07 -0.0017385845022931158 -9.2920612306750927e-05 0.00040773930728571896 0.0007676706884329024 -6.6020254080800055e-05 -0.00023689250377141537
leaf_weight=14984.246737124398 3060.3351617364679 2562.4121256680228 966.5299742333591 109.32060984522104 505.13621551613323 15839.695442537777 6351.4983011460863 782.21349294483662 200.3561189325992 2114.0366484289989 5768.4299542605877 1990.9683208272327 67422.971204099711 4219.0712884664536
leaf_count=58244 10599 7157 5367 549 2997 31814 30508 3604 935 8574 17353 9706 255938 6103
internal_value=-0.00507178 -0.0306418 -0.000349596 -0.0332975 4.20754e-06 -6.85336e-05 4.77071e-05 -0.00983305 -0.0101032 -0.0220177 0.00281615 -0.000327578 -0.000478725 -0.000979925
internal_weight=126877 19770 107107 15093.6 103265 102760 101593 3842.55 1166.89 4676.45 12119.9 89472.7 87481.7 71642
internal_count=449448 74524 374924 58793 360721 357724 351422 14203 6302 15731 47861 303561 293855 262041
is_linear=0
shrinkage=0.035


Tree=153
num_leaves=15
num_cat=0
split_feature=57 57 57 13 57 12 59 1 1 21 2 54 2 57
split_gain=12383.6 396.736 289.873 101.986 86.7272 110.508 92.6615 303.551 210.385 198.466 183.768 144.317 127.455 111.675
threshold=0.0087363007793397254 0.0019989410301314127 0.043415270743748381 1.0523084943384819 1.3114014201657833 0.90719188918350258 0.2595093939220971 17.500000000000004 17.500000000000004 1.0000000180025095e-35 3.5000000000000004 35.000000000000007 3.5000000000000004 2.0025478082034289
decision_type=2 2 2 2 2 2 2 2 2 2 2 2 2 2
left_child=1 3 -2 -1 5 -4 8 -8 12 -9 -10 -11 13 -6
right_child=2 -3 4 -5 6 -7 7 9 10 11 -12 -13 -14 -15
leaf_value=-0.00019266405470233616 -5.9723893375927269e-05 -0.00011174978513933263 -0.00090970132773296735 1.328941038200987e-05 7.8496376618228956e-05 -4.6724084626205981e-05 -0.00029515643666621407 0.0019900986439178362 0.00017455490735967752 0.0014690412052843439 -0.0020743577443453243 -0.0020698587932873737 0.0013433972206272605 0.0017794399809592035
leaf_weight=14984.246737124398 3842.5486546813045 4676.4487740970217 986.76409121928737 109.32060984522104 10784.988510161638 48373.54263113928 23942.471731900238 4030.9490139558911 3090.013300806284 804.69735879637301 1667.1962627349421 848.64594841003418 6760.7323331250809 1974.6556377708912
leaf_count=58244 14203 15731 5138 549 25722 163244 100628 16106 7575 4620 5943 2834 23615 5296
internal_value=-0.0050443 -0.0304879 -0.000345465 -0.0332592 6.20802e-06 -0.00105365 0.000976736 -0.000336915 0.00257931 0.00692679 -0.00401461 -0.003271 0.00418751 0.00212591
internal_weight=126877 19770 107107 15093.6 103265 49360.3 53904.4 29626.8 24277.6 5684.29 4757.21 1653.34 19520.4 12759.6
internal_count=449448 74524 374924 58793 360721 168382 192339 124188 68151 23560 13518 7454 54633 31018
is_linear=0
shrinkage=0.035


Tree=154
num_leaves=15
num_cat=0
split_feature=57 57 57 13 12 14 46 60 59 64 40 41 36 46
split_gain=12232.4 422.431 252.358 101.249 86.479 181.709 118.335 85.3133 82.62 66.5204 82.0975 67.1241 64.6061 79.7519
threshold=0.0087363007793397254 0.0019989410301314127 0.043415270743748381 1.0523084943384819 0.99749142536323798 1.1694833628063137 0.49999999999999983 -0.86092912513210462 0.51973899919070166 -0.29374999999999996 3.8500000000000019 0.10000000000000085 29.050000000000004 2.5499999999999998
decision_type=2 2 2 2 2 2 2 2 2 2 2 2 2 2
left_child=1 3 7 -1 5 -4 -7 -2 -3 11 12 -6 -11 -14
right_child=2 8 4 -5 9 6 -8 -9 -10 10 -12 -13 13 -15
leaf_value=-0.00018592081278775443 -0.00011450476124274164 -0.00011872718900253177 -6.9335626238054427e-05 1.2824281018639544e-05 0.0023925314004695662 -0.0013223364831045927 0.00033310261304559497 -4.2367567708824845e-05 -8.551627529312525e-05 6.8007874841353739e-05 -0.0016295412437160241 0.00037232553731590071 0.0022150871158285027 -0.0023417181766428531
leaf_weight=14984.246737124398 899.48480643634684 2671.9062611744739 36372.727968310937 109.32060984522104 562.97541572153568 1311.9617632015143 486.00253679975867 2943.0638482449576 2004.5425129225478 61243.17947213538 710.60846035927534 1677.3505542613566 205.19078561291099 694.65986361727118
leaf_count=58244 3753 7553 135156 549 2656 5198 2136 10450 8178 200825 3210 7556 1000 2984
internal_value=-0.00499109 -0.0302789 -0.000321036 -0.0331372 7.09326e-06 -0.00131538 -0.0121455 -0.0091163 -0.0210027 0.000782667 0.000570883 0.00669546 0.000706975 -0.00855145
internal_weight=126877 19770 107107 15093.6 103265 38170.7 1797.96 3842.55 4676.45 65094 62853.6 2240.33 62143 899.851
internal_count=449448 74524 374924 58793 360721 142490 7334 14203 15731 218231 208019 10212 204809 3984
is_linear=0
shrinkage=0.035


Tree=155
num_leaves=15
num_cat=0
split_feature=57 57 6 13 13 59 60 64 11 51 50 57 28 1
split_gain=12129.1 455.864 245.781 101.105 90.4984 86.1003 81.076 69.4551 71.239 66.7445 59.6127 58.9209 88.3468 96.5979
threshold=0.0087363007793397254 0.0019989410301314127 3.9327992798645268 1.0523084943384819 0.9871299501393469 0.4749466738948262 -0.8520459593969173 -0.29374999999999996 0.99126992204566122 0.34534397335932426 16.500000000000004 1.3379589980851085 50.500000000000007 18.500000000000004
decision_type=2 2 2 2 2 2 2 2 2 2 2 2 2 2
left_child=1 3 6 -1 10 -3 -2 -6 9 -9 -4 -10 -13 -14
right_child=2 5 4 -5 7 -7 -8 8 11 -11 -12 12 13 -15
leaf_value=-0.000179413584340183 -0.00011240785410426038 -0.00011508661208790003 0.00011758116453706781 1.2375431182987189e-05 0.00070944672201142252 -8.276407876087862e-05 -4.2797584130280607e-05 -9.4895736752722014e-05 -3.0870756717449324e-06 -0.0011905490483723842 -0.00022271988195230965 0.00010510138691466221 0.0011263065710360755 -0.0011774748348027564
leaf_weight=14984.246737124398 1118.5136401650961 2562.4121256680228 5498.6193776943255 109.32060984522104 2721.5989687405527 2114.0366484289989 3275.606414319016 22174.08834816888 29971.233514647 661.16977495630272 14610.30837090686 18375.589103021659 7877.1942542111501 823.2837078704033
leaf_count=58244 5757 7157 31759 549 12061 8574 15599 77797 91653 2935 47156 56217 30733 3257
internal_value=-0.00496486 -0.0301457 -0.00031457 -0.0331134 3.25862e-05 -0.0205169 -0.00841104 0.000545218 0.000357511 -0.00129414 -0.00207245 0.00101876 0.00220187 0.00510525
internal_weight=126877 19770 107107 15093.6 102713 4676.45 4394.12 82604.2 79882.6 22835.3 20108.9 57047.3 27076.1 8700.48
internal_count=449448 74524 374924 58793 353568 15731 21356 274653 262592 80732 78915 181860 90207 33990
is_linear=0
shrinkage=0.035


Tree=156
num_leaves=15
num_cat=0
split_feature=57 57 6 13 13 59 12 14 46 23 1 2 1 59
split_gain=12044.7 480.254 214.833 100.825 88.2703 86.7652 75.3504 142.225 95.0968 73.7811 82.7118 108.307 94.0036 69.5162
threshold=0.0087363007793397254 0.0019989410301314127 3.9327992798645268 1.0523084943384819 1.0168092863139864 0.4749466738948262 0.99749142536323798 1.1694833628063137 0.90000000000000135 1.0000000180025095e-35 14.500000000000002 3.5000000000000004 16.500000000000004 0.76109721063455271
decision_type=2 2 2 2 2 2 2 2 2 2 2 2 2 2
left_child=1 3 13 -1 6 -3 7 -4 -9 -6 -11 -12 -13 -2
right_child=2 5 4 -5 9 -7 -8 8 -10 10 11 12 -14 -15
leaf_value=-0.0001731341088882766 -8.0823451803247668e-05 -0.00011105858066482354 -0.00010820201846684503 1.1942291091582638e-05 1.8004801374282081e-05 -7.9867336004247862e-05 2.8950730205374867e-05 -0.001404406391133486 0.00036012003132801512 4.2536461723371445e-05 0.00015785884247816018 0.0036777880976991799 0.00038294984097969099 -1.28110168918456e-05
leaf_weight=14984.246737124398 2992.727691662265 2562.4121256680228 30925.890811629593 109.32060984522104 9986.644277747022 2114.0366484289989 51880.308119677706 1172.6511434977874 398.5470851182472 3491.948752719909 2237.4711264446378 1088.8292519450188 1530.794851437211 1401.3923628218472
leaf_count=58244 13641 7157 111682 549 44096 8574 166699 4577 1710 10955 6798 2964 4087 7715
internal_value=-0.00492876 -0.0300218 -0.00029467 -0.033067 2.98955e-05 -0.0201439 -0.00044846 -0.00176972 -0.0120086 0.00223024 0.00465633 0.00760536 0.0124221 -0.00786426
internal_weight=126877 19770 107107 15093.6 102713 4676.45 84377.4 32497.1 1571.2 18335.7 8349.04 4857.1 2619.62 4394.12
internal_count=449448 74524 374924 58793 353568 15731 284668 117969 6287 68900 24804 13849 7051 21356
is_linear=0
shrinkage=0.035


Tree=157
num_leaves=15
num_cat=0
split_feature=57 57 6 13 11 12 59 6 58 57 12 14 46 60
split_gain=11913.6 518.029 199.375 100.497 86.023 88.4053 79.665 73.7098 76.3848 71.2027 70.5045 91.8082 81.4349 65.4663
threshold=0.0087363007793397254 0.0019989410301314127 3.9327992798645268 1.0523084943384819 1.0530003736180267 0.88573591735431179 0.63209755774300602 7.9926030198461087 10.885935232485975 2.4262840894793141 0.99749142536323798 1.1694833628063137 0.90000000000000135 -0.8520459593969173
decision_type=2 2 2 2 2 2 2 2 2 2 2 2 2 2
left_child=1 3 13 -1 5 -4 -3 8 -6 10 11 -7 -13 -2
right_child=2 6 4 -5 7 9 -8 -9 -10 -11 -12 12 -14 -15
leaf_value=-0.00016707441507718692 -0.0001056447583974976 -0.00010621043590535233 -0.0010778495165839166 1.1524310903377259e-05 0.00030666678064768531 -9.9950057859953269e-05 -7.4975287193066752e-05 0.0042479098872424239 -0.00021041901162169885 0.0031261640818999428 3.4925643215664442e-05 -0.0013479052186286631 0.00036449454324337442 -4.0593426192300881e-05
leaf_weight=14984.246737124398 1118.5136401650961 2956.9264091341756 957.1563355801627 109.32060984522104 9134.5297433105297 30845.308441649191 1719.522364962846 155.32245410233736 407.00385081768036 721.03345689736307 59050.335592912277 1026.7084693557117 415.68707559187897 3275.606414319016
leaf_count=58244 5757 8669 4901 549 40120 107710 7062 263 418 3742 190809 3943 1662 15599
internal_value=-0.00489494 -0.029851 -0.000286142 -0.0330123 2.6528e-05 -0.000300632 -0.0195991 0.00316186 0.00275733 -0.00019002 -0.000277067 -0.00159186 -0.0101919 -0.00757832
internal_weight=126877 19770 107107 15093.6 102713 93016.2 4676.45 9696.86 9541.53 92059.1 91338 32287.7 1442.4 4394.12
internal_count=449448 74524 374924 58793 353568 312767 15731 40801 40538 307866 304124 113315 5605 21356
is_linear=0
shrinkage=0.035


Tree=158
num_leaves=15
num_cat=1
split_feature=57 53 6 59 13 53 0 12 14 23 2 1 1 61
split_gain=11799.8 529.895 193.75 112.426 81.4591 78.3107 101.5 70.5286 89.3912 69.3687 78.5825 99.6807 88.5703 64.1553
threshold=0.0087363007793397254 0.76393188854489169 3.9327992798645268 0.4749466738948262 1.0168092863139864 0.040625000000000008 0 0.90719188918350258 1.1694833628063137 1.0000000180025095e-35 3.5000000000000004 14.500000000000002 16.500000000000004 18.270833333333339
decision_type=2 2 2 2 2 2 1 2 2 2 2 2 2 2
left_child=1 3 13 -1 7 -5 -7 8 -4 -6 -11 -12 -13 -2
right_child=2 -3 4 5 9 6 -8 -9 -10 10 11 12 -14 -15
leaf_value=-0.00011267800123870239 -6.8462532172347689e-05 -0.00016122681054948538 -0.00050145917370306159 -4.298443363700788e-05 1.6293215957972064e-05 -8.2291456885592038e-05 -0.00012788681087523565 -2.5414383255835119e-05 -0.0022758651260159669 7.581239707317737e-05 9.1619585382068873e-05 0.0035478431167671556 0.0003683241990328533 4.5912487429524904e-06
leaf_weight=4287.3738900730386 3439.6099742359947 12149.178207851481 1308.943550568074 1146.8166518416256 9986.644277747022 713.01353273913264 1473.6338385613635 82860.102405632613 208.35120372264646 4057.027599234134 1672.3922799304128 1088.8292519450188 1530.794851437211 954.51008024811745
leaf_count=12796 15934 47599 6781 3290 44096 5622 5217 276957 930 12801 4952 2964 4087 5422
internal_value=-0.00487099 -0.0297076 -0.00028427 -0.0224141 2.39588e-05 -0.0174847 -0.0213751 -0.00043557 -0.00788847 0.00213771 0.00449013 0.0077858 0.0120347 -0.00747284
internal_weight=126877 19770 107107 7620.84 102713 3333.46 2186.65 84377.4 1517.29 18335.7 8349.04 4292.02 2619.62 4394.12
internal_count=449448 74524 374924 26925 353568 14129 10839 284668 7711 68900 24804 12003 7051 21356
cat_boundaries=0 1
cat_threshold=369098754
is_linear=0
shrinkage=0.035


Tree=159
num_leaves=15
num_cat=1
split_feature=57 57 6 13 11 51 0 13 59 6 58 53 64 40
split_gain=11692.5 561.625 181.405 102.126 79.755 81.3401 123.092 80.997 75.7515 71.0477 72.1226 68.6876 62.834 68.4609
threshold=0.0087363007793397254 0.0019989410301314127 3.9327992798645268 1.0523084943384819 1.0530003736180267 0.35449389929541164 0 1.0302243374822744 0.51973899919070166 7.9926030198461087 10.885935232485975 0.85912698412698429 -0.29374999999999996 3.8500000000000019
decision_type=2 2 2 2 2 2 1 2 2 2 2 2 2 2
left_child=1 3 -2 11 5 7 -7 12 -3 10 -6 -1 -4 -14
right_child=2 8 4 -5 9 6 -8 -9 -10 -11 -12 -13 13 -15
leaf_value=-0.00012704621097967345 -5.0365795022078752e-05 -9.8995560341055941e-05 0.00053085603495319725 1.5064690065113634e-05 0.00029399961157910049 -0.0016681846848469746 -0.0002276773100058638 0.00034792703565166342 -7.1915441100334554e-05 0.0041001225446028978 -0.0002064836928212094 -0.00015558387218025338 -3.693269935777455e-05 -0.0014722303803785188
leaf_weight=3179.9404865303077 4394.1200544841122 2671.9062611744739 2943.6061759181321 109.32060984522104 9134.5297433105297 742.64877958735451 2341.0070310346782 5049.1150446319953 2004.5425129225478 155.32245410233736 407.00385081768036 11804.306250594091 81112.47025855328 827.38208226114511
leaf_count=13079 21356 7553 13070 549 40120 3675 10093 19786 8178 263 418 45165 262416 3727
internal_value=-0.00484284 -0.0295662 -0.000277018 -0.0328565 2.12294e-05 -0.000293786 -0.00587387 -0.000101821 -0.0188994 0.00304017 0.0026431 -0.0331022 -0.000358197 -0.000538917
internal_weight=126877 19770 107107 15093.6 102713 93016.2 3083.66 89932.6 4676.45 9696.86 9541.53 14984.2 84883.5 81939.9
internal_count=449448 74524 374924 58793 353568 312767 13768 298999 15731 40801 40538 58244 279213 266143
cat_boundaries=0 2
cat_threshold=0 262144
is_linear=0
shrinkage=0.035


Tree=160
num_leaves=15
num_cat=1
split_feature=57 57 53 14 57 12 14 51 59 0 36 57 40 1
split_gain=11598.7 435.263 326.272 111.293 76.8701 80.563 154.526 102.077 73.6369 86.3343 69.931 59.9678 57.1811 105.621
threshold=0.0048043531591724737 0.043415270743748381 0.76393188854489169 1.1694833628063137 2.4907850561621352 0.99749142536323798 1.1694833628063137 0.29046536796536804 0.4749466738948262 0 19.150000000000002 1.5089502730761495 0.50000000000000044 9.5000000000000018
decision_type=2 2 2 2 2 2 2 2 2 1 2 2 2 2
left_child=2 3 8 10 5 6 -3 11 -1 -10 -2 -8 -7 -14
right_child=1 4 -4 -5 -6 12 7 -9 9 -11 -12 -13 13 -15
leaf_value=-0.00011032817012049936 -4.8539039057488096e-05 -7.2135962762411867e-05 -0.00015013843665394452 -0.00013381637819491585 0.0044742379366011021 8.480345824178376e-05 -0.00070391993389139803 -0.0021024220571706389 -7.2292611486427706e-06 -0.00010420331750284809 3.142852071086158e-05 0.00094238909105187846 0.00030126683262308095 -0.00058339460721620222
leaf_weight=3156.1808356018737 4374.0972790536471 36092.779241161421 12149.178207851481 864.46583528234623 505.13621551613323 57808.343085181201 955.63014704617672 424.1313453563489 282.30468188598752 2241.5171775994822 544.82075847312808 403.62464545015246 1803.584644944407 5271.4274953640997
leaf_count=9862 14828 133504 47599 3163 2997 189814 3289 2046 2290 8464 2521 1930 6571 20570
internal_value=-0.00481155 -0.000531523 -0.0309744 -0.00986675 -7.79477e-06 -7.53957e-05 -0.00135784 -0.0113857 -0.0239571 -0.0193291 -0.00780095 -0.00660976 0.000673337 -0.00229459
internal_weight=126877 109048 17829.2 5783.38 103265 102760 37876.2 1783.39 5680 2523.82 4918.92 1359.25 64883.4 7075.01
internal_count=449448 381233 68215 20512 360721 357724 140769 7265 20616 10754 17349 5219 216955 27141
cat_boundaries=0 1
cat_threshold=100663296
is_linear=0
shrinkage=0.035


Tree=161
num_leaves=15
num_cat=1
split_feature=57 6 53 60 59 13 57 50 12 53 58 13 64 0
split_gain=11498.5 410.476 357.561 114.531 83.3046 76.9604 70.9913 68.6551 67.4949 66.9903 63.6707 63.1236 55.5432 55.5146
threshold=0.0048043531591724737 3.9327992798645268 0.76393188854489169 -0.8520459593969173 0.80392051724781077 0.98148119052529537 2.2665545039772081 16.500000000000004 0.88573591735431179 0.040625000000000008 10.178695943434553 1.0344308455895741 -0.29999999999999993 0
decision_type=2 2 2 2 2 2 2 2 2 2 2 2 2 1
left_child=2 3 4 -2 13 7 8 -3 -7 -6 -11 12 -10 -1
right_child=1 5 -4 -5 9 6 -8 -9 11 10 -12 -13 -14 -15
leaf_value=-0.00012421840194908705 -0.00010236242729918786 0.00014011881128981566 -0.00014488359137105648 -4.0385825175112065e-05 -5.6157002823394902e-06 -0.0010187563092496632 0.0011860145895085628 -0.00026407199491838455 0.00061188915572307442 -7.9098666740791762e-05 -0.00014307870154294804 0.00028573650513749941 -1.056420589243292e-05 -0.00010236443111968959
leaf_weight=584.70729751884937 1678.314669634914 4114.4777461122721 12149.178207851481 4656.6406029770151 331.75322633236647 731.17190207424574 2367.0195060353726 9501.7401040941477 2516.6750155091286 697.51705907657743 512.53654026985168 6441.0184771728236 77040.982669219142 3553.4885718896985
leaf_count=4249 7529 24619 47599 20136 842 3739 8778 31972 11163 4281 1370 25794 247503 9874
internal_value=-0.00477511 -0.000513608 -0.0308247 -0.00915297 -0.0234878 2.00741e-05 0.000394681 -0.00242964 0.000231106 -0.0163445 -0.0201378 0.000321706 5.16984e-05 -0.0261035
internal_weight=126877 109048 17829.2 6334.96 5680 102713 89096.9 13616.2 86729.8 1541.81 1210.05 85998.7 79557.7 4138.2
internal_count=449448 381233 68215 27665 20616 353568 296977 56591 288199 6493 5651 284460 258666 14123
cat_boundaries=0 1
cat_threshold=301989890
is_linear=0
shrinkage=0.035


Tree=162
num_leaves=15
num_cat=1
split_feature=57 6 53 14 59 11 51 0 9 6 58 1 53 58
split_gain=11426.5 395.911 376.212 112.115 83.1423 74.0999 87.5133 118.223 74.9552 73.4093 79.4236 64.3819 64.3813 62.6303
threshold=0.0048043531591724737 3.9327992798645268 0.76393188854489169 1.1694833628063137 0.80392051724781077 1.0483170365733503 0.35449389929541164 0 1.0727240215409906 8.0481575277846371 10.885935232485975 14.500000000000002 0.040625000000000008 10.151749522978557
decision_type=2 2 2 2 2 2 2 1 2 2 2 2 2 2
left_child=2 3 4 -2 -1 6 8 -8 -3 10 -7 -10 -6 -14
right_child=1 5 -4 -5 12 9 7 -9 11 -11 -12 -13 13 -15
leaf_value=-0.00010127943130887439 -4.301056382481655e-05 -3.010267937184175e-05 -0.00013981266567306949 -0.00013208665405868968 -5.4191507724576065e-06 0.00026707647060960672 -0.0015995066097737199 -0.00024900305427549184 4.0612282239254066e-05 0.004073370233452926 -0.00021689860982801085 0.0011087568253364145 -7.7520560994982296e-05 -0.00012796038862906113
leaf_weight=4138.1958694085479 5340.4309645695612 83871.888574412093 12149.178207851481 994.52430804236792 331.75322633236647 10359.442486083135 727.8765004882589 2217.0346780186519 2681.6080698245205 156.98687761556357 491.82637047767639 2206.4218632972334 654.55335498973727 555.50024435669184
leaf_count=14123 23604 269920 47599 4061 842 45311 3597 9605 13646 267 553 10669 4115 1536
internal_value=-0.00475516 -0.000507027 -0.030723 -0.00899173 -0.0232022 1.71021e-05 -0.000308705 -0.00623416 -0.000111428 0.00272907 0.00237238 0.00409716 -0.0160703 -0.0197891
internal_weight=126877 109048 17829.2 6334.96 5680 102713 91704.8 2944.91 88759.9 11008.3 10851.3 4888.03 1541.81 1210.05
internal_count=449448 381233 68215 27665 20616 353568 307437 13202 294235 46131 45864 24315 6493 5651
cat_boundaries=0 2
cat_threshold=0 262144
is_linear=0
shrinkage=0.035


Tree=163
num_leaves=15
num_cat=1
split_feature=57 53 6 60 59 0 57 12 40 39 11 6 12 14
split_gain=11313.3 403.884 375.015 103.528 80.311 82.1888 72.3788 77.4518 69.3846 69.7065 68.1947 65.1777 64.7558 81.9358
threshold=0.0048043531591724737 0.76393188854489169 3.9327992798645268 -0.8520459593969173 0.4749466738948262 0 2.4907850561621352 0.87608905534728398 1.6500000000000015 7.8500000000000005 1.0530003736180267 7.9926030198461087 0.99749142536323798 1.1694833628063137
decision_type=2 2 2 2 2 1 2 2 2 2 2 2 2 2
left_child=1 4 3 -2 -1 -6 7 -4 10 -10 12 -12 13 -9
right_child=2 -3 6 -5 5 -7 -8 8 9 -11 11 -13 -14 -15
leaf_value=-9.9339148981282178e-05 -9.6126149734454877e-05 -0.00013491922237451206 -0.00087691213186223975 -3.7331992250906344e-05 -3.475928670786935e-05 -9.3023999985031704e-05 0.0042814903796040762 -7.7280063880398332e-05 -0.0012802195556688991 -0.00016139684906020621 0.00020348402139525778 0.0037097833928189774 5.1802050868540177e-05 -0.00078860235796340556
leaf_weight=3156.1808356018737 1678.314669634914 12149.178207851481 912.61061873659492 4656.6406029770151 401.34632751345634 2122.4755319720134 504.59640439227223 29790.990165918134 909.38840759545565 3110.7427855804563 8954.9265600640792 147.52059984952211 56921.626493030926 1460.6833850496914
leaf_count=9862 7529 47599 4851 20136 3572 7182 2963 103715 3811 12419 37483 249 182377 5700
internal_value=-0.00472716 -0.0305661 -0.000500123 -0.00875788 -0.0227804 -0.0179756 9.98697e-06 -5.59294e-05 3.60129e-05 -0.00446413 0.000222431 0.00310494 -7.5459e-05 -0.0013553
internal_weight=126877 17829.2 109048 6334.96 5680 2523.82 102713 102208 101296 4020.13 97275.7 9102.45 88173.3 31251.7
internal_count=449448 68215 381233 27665 20616 10754 353568 350605 345754 16230 329524 37732 291792 109415
cat_boundaries=0 1
cat_threshold=369098752
is_linear=0
shrinkage=0.035


Tree=164
num_leaves=15
num_cat=0
split_feature=57 53 57 14 59 57 36 27 12 59 1 1 21 2
split_gain=11179.4 447.749 346.161 105.166 83.2475 70.9629 94.3084 98.0859 105.622 85.2402 285.374 194.597 189.345 170.078
threshold=0.0048043531591724737 0.76393188854489169 0.048058731638336925 1.1694833628063137 0.80392051724781077 1.3114014201657833 18.850000000000005 29.500000000000004 0.99797640378156172 0.2595093939220971 17.500000000000004 17.500000000000004 1.0000000180025095e-35 3.5000000000000004
decision_type=2 2 2 2 2 2 2 2 2 2 2 2 2 2
left_child=1 4 3 -2 -1 6 7 -4 -9 11 -11 -7 -12 -13
right_child=2 -3 5 -5 -6 9 -8 8 -10 10 12 13 -14 -15
leaf_value=-9.4346693541855287e-05 -3.829302527354314e-05 -0.00013019704959140414 3.7465583962975617e-07 -0.0001229321789861786 -8.3669158330008583e-05 0.0005828420744314356 0.00018361735109528212 -0.00036375037980564687 -8.3408489639435481e-05 -0.00029335198015093325 0.0019184842558280903 0.00017153576434675191 -0.00060925537365306374 -0.001982697944763061
leaf_weight=4138.1958694085479 5399.8606973234564 12149.178207851481 20768.406484575011 918.34063384099863 1541.8068256787956 19520.37648105761 8586.1512852013111 7017.6777158891782 12453.253778337734 23942.471731900238 4030.9490139558911 3090.013300806284 1653.3433072064072 1667.1962627349421
leaf_count=14123 18827 47599 60124 3312 6493 54633 33702 26676 46253 100628 16106 7575 7454 5943
internal_value=-0.00468632 -0.030372 -0.000484355 -0.00842921 -0.0221836 5.05152e-06 -0.000961395 -0.00167195 -0.00345593 0.000880455 -0.000379476 0.00241752 0.00666341 -0.00392408
internal_weight=126877 17829.2 109048 6318.2 5680 102730 48825.5 40239.3 19470.9 53904.4 29626.8 24277.6 5684.29 4757.21
internal_count=449448 68215 381233 22139 20616 359094 166755 133053 72929 192339 124188 68151 23560 13518
is_linear=0
shrinkage=0.035


Tree=165
num_leaves=15
num_cat=0
split_feature=57 53 57 14 59 53 58 57 12 14 7 40 1 64
split_gain=11071.7 486.139 316.966 93.7689 84.1969 77.2056 76.8399 67.6539 70.7341 81.8228 63.6151 59.8556 137.785 90.6333
threshold=0.0048043531591724737 0.76393188854489169 0.048058731638336925 1.1694833628063137 0.80900950266415306 0.040625000000000008 10.178695943434553 2.4907850561621352 0.90137809800127566 1.1694833628063137 1.1176521193660351 0.4500000000000009 10.500000000000002 -0.76041666666666652
decision_type=2 2 2 2 2 2 2 2 2 2 2 2 2 2
left_child=1 4 3 -2 -1 -6 -7 8 9 -4 11 13 -13 -10
right_child=2 -3 7 -5 5 6 -8 -9 10 -11 -12 12 -14 -15
leaf_value=-9.1002789753330977e-05 -3.6952769388969108e-05 -0.00012564015285570501 -0.00046698715495982148 -0.00011862955272166238 9.5478004560481316e-07 -6.6475908506404834e-05 -0.00012794981921262312 0.0041255247616629248 0.0025749946410413825 -0.0013050365222325667 0.00061291767819779853 0.00023728469207196681 -0.00059507831226955253 1.1707362696261188e-05
leaf_weight=4152.8054471574724 5399.8606973234564 12149.178207851481 1455.4314887151122 918.34063384099863 330.72910413891077 689.69210362434387 506.77604016661644 505.13621551613323 400.27501891553402 236.34450197708793 3239.225353888236 3631.9250621749088 7882.2799063455313 85379.221814132063
leaf_count=14191 18827 47599 7816 3312 838 4235 1352 2997 1788 1108 15957 13074 30433 285921
internal_value=-0.00465205 -0.0302136 -0.000470395 -0.00807284 -0.0216885 -0.0144927 -0.0185996 -2.08053e-06 -6.58311e-05 -0.00714181 5.39424e-05 -0.000106933 -0.00247527 0.000211221
internal_weight=126877 17829.2 109048 6318.2 5680 1527.2 1196.47 102730 102225 1691.78 100533 97293.7 11514.2 85779.5
internal_count=449448 68215 381233 22139 20616 6425 5587 359094 356097 8924 347173 331216 43507 287709
is_linear=0
shrinkage=0.035


Tree=166
num_leaves=15
num_cat=1
split_feature=57 53 6 57 36 52 14 46 57 57 0 59 1 1
split_gain=10996.9 444.173 378.092 82.2006 121.648 102.553 90.3122 189.164 122.125 115.822 104.397 89.1479 286.793 180.602
threshold=0.0041866128198448449 0.76393188854489169 3.118284163566734 1.2731570032891582 18.850000000000005 0.16800682982356294 1.1694833628063137 0.49999999999999983 0.28850495030436185 0.1313701521895769 0 0.2595093939220971 17.500000000000004 17.500000000000004
decision_type=2 2 2 2 2 2 2 2 2 2 1 2 2 2
left_child=1 -1 -2 4 5 -4 -7 8 9 -8 -9 13 -13 -5
right_child=2 -3 3 11 -6 6 7 10 -10 -11 -12 12 -14 -15
leaf_value=-8.7877208873064717e-05 -6.1563543092824205e-05 -0.00012124274750575532 5.0495574482345785e-05 0.00051870842022760716 0.00018170935880442823 -6.5757974452380848e-05 -0.0001284730800257615 0.0021710366407462801 -0.0015250597773089518 0.00016712304272652024 -0.00059403691862410575 -0.0002759153003514392 0.0012304661165444487 -0.00062118991513913544
leaf_weight=5209.1074868179858 4024.5381502003875 12149.178207851481 5702.5379284024239 21488.702375367284 7341.180678203702 27129.67212508712 962.77039839630015 775.39968651812524 2820.87900628848 946.11646857229061 735.28030742332339 26839.482906802557 5855.4885182958096 4896.8873515406158
leaf_count=19072 18077 47599 11634 59161 29787 95007 2822 2342 11046 2965 2554 108995 24411 13976
internal_value=-0.00462281 -0.0304967 -0.000519508 -0.00011735 -0.00121948 -0.0019962 -0.0027374 -0.00653083 -0.00996964 -0.00310945 0.00423045 0.000748548 -0.000472809 0.00226157
internal_weight=126877 17358.3 109519 105494 46413.8 39072.7 33370.1 6240.45 4729.77 1908.89 1510.68 59080.6 32695 26385.6
internal_count=449448 66671 382777 364700 158157 128370 116736 21729 16833 5787 4896 206543 133406 73137
cat_boundaries=0 2
cat_threshold=67111042 262144
is_linear=0
shrinkage=0.035


Tree=167
num_leaves=15
num_cat=0
split_feature=57 53 6 14 57 36 52 14 46 1 1 50 28 1
split_gain=10894 484.609 350.176 81.8969 75.8486 100.48 99.6055 84.8759 174.201 131.525 110.9 93.7425 82.9623 136.136
threshold=0.0041866128198448449 0.76393188854489169 3.118284163566734 1.1228774058946247 1.3114014201657833 18.850000000000005 0.16800682982356294 1.1694833628063137 0.49999999999999983 12.500000000000002 22.500000000000004 19.000000000000004 47.500000000000007 17.500000000000004
decision_type=2 2 2 2 2 2 2 2 2 2 2 2 2 2
left_child=1 -1 3 -2 5 6 -4 -8 10 -10 11 -9 13 -6
right_child=2 -3 4 -5 12 -7 7 8 9 -11 -12 -13 -14 -15
leaf_value=-8.4801506562507453e-05 -4.5806002665558951e-05 -0.00011699925134305388 5.1840222509995053e-05 -0.000106776517570564 -0.0001690091290450191 0.00015724079666585512 -6.3344404054203434e-05 -0.00011918432315110299 -0.00059126919871774783 0.0017162109341303513 0.00011256152338415941 -0.00074706750002520486 0.00046012868379226692 0.00073085373318596447
leaf_weight=5209.1074868179858 3158.4578948915005 12149.178207851481 6574.2898039333522 866.08025530888699 28794.375778056681 8860.3680255971849 29312.236140259309 1089.3325645604637 1137.1558593553491 880.80911348760128 689.42016614624299 3047.9491243734956 18621.6520847301 6486.809090398252
leaf_count=19072 15031 47599 12974 3046 95737 34441 101420 5259 3747 2642 2151 9822 75204 21303
internal_value=-0.00458251 -0.030335 -0.000498454 -0.0106181 -0.000111428 -0.0010706 -0.00177395 -0.00249446 -0.00600113 0.00262535 -0.00960569 -0.0117674 0.000806644 -0.000191042
internal_weight=126877 17358.3 109519 4024.54 105494 51591.6 42731.2 36156.9 6844.67 2017.96 4826.7 4137.28 53902.8 35281.2
internal_count=449448 66671 382777 18077 364700 172456 138015 125041 23621 6389 17232 15081 192244 117040
is_linear=0
shrinkage=0.035


Tree=168
num_leaves=15
num_cat=1
split_feature=57 53 6 14 13 59 0 57 22 21 62 52 40 1
split_gain=10827.1 512.438 338.953 84.463 72.821 71.9856 81.0823 64.2815 72.1371 67.45 142.277 95.7007 79.5925 65.9397
threshold=0.0041866128198448449 0.71825396825396837 3.118284163566734 1.1228774058946247 0.98148119052529537 0.4749466738948262 0 1.7806198913340887 1.0000000180025095e-35 1.0000000180025095e-35 3.2854166666666651 0.16800682982356294 0.50000000000000044 10.500000000000002
decision_type=2 2 2 2 2 2 1 2 2 2 2 2 2 2
left_child=1 5 3 -2 -4 -1 -7 9 -9 11 -11 -6 -13 -14
right_child=2 -3 4 -5 7 6 -8 8 -10 10 -12 12 13 -15
leaf_value=-8.4598707125567972e-05 -4.4202792572264371e-05 -0.00011290427754604699 -0.00015182713587036712 -0.00010303933945559425 9.2903560093715657e-05 6.5431042501336136e-07 -7.7207705659949671e-05 0.00042174707700671116 -0.0025203822608057471 2.9006393096291524e-05 0.0014782345855972258 -5.1898876382416483e-05 1.9363688667615231e-05 -0.00087183543973139881
leaf_weight=2858.62989613018 3158.4578948915005 12285.27499334584 14119.438470856985 866.08025530888699 8944.0314810611308 335.55494013428688 1878.8258650591597 16275.630262683146 533.83401265367866 17399.690529484535 2584.5777178462595 40001.294978268212 1638.7646463960409 3997.1356516480446
leaf_count=8636 15031 48906 59066 3046 16235 2826 6303 58530 2121 62669 9332 135438 6478 14831
internal_value=-0.00454918 -0.0302225 -0.000477686 -0.0104338 -9.69127e-05 -0.0207899 -0.0159095 0.000264644 0.00221915 -0.000176203 0.00156299 -0.000813157 -0.001462 -0.00535233
internal_weight=126877 17358.3 109519 4024.54 105494 5073.01 2214.38 91375 16809.5 74565.5 19984.3 54581.2 45637.2 5635.9
internal_count=449448 66671 382777 18077 364700 17765 9129 305634 60651 244983 72001 172982 156747 21309
cat_boundaries=0 1
cat_threshold=369098752
is_linear=0
shrinkage=0.035


Tree=169
num_leaves=15
num_cat=1
split_feature=57 53 6 14 59 0 11 64 51 14 12 57 60 1
split_gain=10763.7 537.824 312.795 80.6156 73.0941 79.311 70.0292 65.6045 67.2192 67.1312 62.9124 62.3413 96.0064 125.306
threshold=0.0041866128198448449 0.70185185185185195 3.118284163566734 1.1694833628063137 0.4749466738948262 0 0.99126992204566122 -0.21458333333333329 0.34534397335932426 1.0429066411824164 1.0710640273973844 1.6642885166666461 -0.8140159405215136 16.500000000000004
decision_type=2 2 2 2 2 1 2 2 2 2 2 2 2 2
left_child=1 4 3 -2 -1 -6 7 -4 10 -10 -9 -8 13 -13
right_child=2 -3 6 -5 5 -7 11 8 9 -11 -12 12 -14 -15
leaf_value=-8.1436657713402456e-05 -4.3140864564460215e-05 -0.00010895262783193535 0.0004066329865758356 -0.00012044096800120353 7.7989263020395419e-06 -7.4054421176808252e-05 7.5071935680348654e-07 -0.00012065752716869828 -0.00042992399251545651 -0.0018983821452518779 0.00065981259438087304 0.0027535891982259988 0.00012061019897958049 0.00010437008904845336
leaf_weight=2833.4394827743527 3369.1391771882772 12343.541105434997 2585.3689759001136 655.39897301211022 323.53114152699709 1857.7739649331197 55790.797426372999 29226.923997278558 1207.6261406382546 402.96531165600754 1762.694143419154 2082.8585886617657 10566.09746215865 1869.0657048125286
leaf_count=8558 15219 49284 11177 2858 2661 6168 179472 105501 5566 1899 9125 9252 35519 7189
internal_value=-0.00451559 -0.0301136 -0.000456036 -0.0100203 -0.0203757 -0.0154215 -9.0251e-05 -0.00136475 -0.00179065 -0.0087403 -0.00142676 0.000547669 0.00258987 0.00723644
internal_weight=126877 17358.3 109519 4024.54 5014.74 2181.31 105494 35185.6 32600.2 1610.59 30989.6 70308.8 14518 3951.92
internal_count=449448 66671 382777 18077 17387 8829 364700 133268 122091 7465 114626 231432 51960 16441
cat_boundaries=0 1
cat_threshold=369098752
is_linear=0
shrinkage=0.035


Tree=170
num_leaves=15
num_cat=1
split_feature=57 53 6 59 0 14 12 53 13 21 1 1 57 1
split_gain=10698 562.19 292.597 74.1701 74.2195 69.282 67.2704 62.27 61.3115 52.6273 85.8829 154.744 97.3105 86.7899
threshold=0.0041866128198448449 0.70185185185185195 3.118284163566734 0.45206801762443477 0 1.1694833628063137 0.88573591735431179 0.040625000000000008 1.0039624384260495 1.0000000180025095e-35 13.500000000000002 16.500000000000004 0.32200001504318715 15.500000000000002
decision_type=2 2 2 2 1 2 2 2 2 2 2 2 2 2
left_child=1 3 5 -1 -5 -2 -4 -6 -8 -10 -11 13 -13 -12
right_child=2 -3 6 4 7 -7 8 -9 9 10 11 12 -14 -15
leaf_value=-7.8787469356203984e-05 -4.1630934304704098e-05 -0.00010513928585781761 -0.00065057022952709769 5.439952476232516e-06 -2.8381957865270691e-05 -0.00011622553412116141 -4.1902463960989961e-05 -8.5720277201368643e-05 1.5210159597687374e-05 -1.3802105689666445e-05 0.0012199202183552594 0.00046462746482642123 -0.00022070237480847023 0.0038720647008583966
leaf_weight=2801.9934828688856 3369.1391771882772 12343.541105434997 1230.7618071066681 327.07828594744205 446.21552737243474 655.39897301211022 63511.14950266853 1439.457293045707 29184.776147973724 5194.087619402213 1571.4676637530793 1058.3547022407874 2838.4010384494904 905.39926930353977
leaf_count=8392 15219 49284 6592 2702 1192 2858 217932 5101 97962 19632 5402 3032 11141 3007
internal_value=-0.00448206 -0.0300019 -0.000434907 -0.0200497 -0.0151274 -0.00968522 -8.11298e-05 -0.0177364 1.52788e-05 0.00107468 0.00307138 0.00579052 0.00143334 0.0126122
internal_weight=126877 17358.3 109519 5014.74 2212.75 4024.54 105494 1885.67 104264 40752.5 11567.7 6373.62 3896.76 2476.87
internal_count=449448 66671 382777 17387 8995 18077 364700 6293 358108 140176 42214 22582 14173 8409
cat_boundaries=0 1
cat_threshold=369098752
is_linear=0
shrinkage=0.035


Tree=171
num_leaves=15
num_cat=0
split_feature=57 53 6 59 12 14 51 13 1 1 40 50 60 36
split_gain=10612.3 457.958 414.859 84.6177 66.2977 117.02 93.2661 59.4573 57.2088 60.05 67.7172 65.0085 64.9179 56.7607
threshold=0.0031676918979062362 0.70185185185185195 3.118284163566734 0.86958133671945947 0.99749142536323798 1.1694833628063137 0.29046536796536804 1.0479080661549467 7.5000000000000009 10.500000000000002 0.30000000000000043 16.500000000000004 0.5488226286565131 29.050000000000004
decision_type=2 2 2 2 2 2 2 2 2 2 2 2 2 2
left_child=1 7 3 -2 5 8 -7 -1 -4 11 12 -10 -11 -6
right_child=2 -3 4 -5 13 6 -8 -9 9 10 -12 -13 -14 -15
leaf_value=-7.5828813265966201e-05 -6.2902175068448984e-05 -0.000101459410852794 -0.000120881872635873 -1.1820149433594583e-05 3.8386596592023817e-05 -0.0003465977243503041 -0.0017601811921685135 7.7526756121629399e-06 -0.00059042442409336653 0.00019130863770907658 -0.0005821452343712075 0.00082124516125124734 -0.00020442824072407746 -0.0015613643023822689
leaf_weight=4004.9303380225319 3767.1793709949125 12342.270483215107 7136.0138522414491 1109.9674848914146 65963.082239734475 1386.0694878620561 431.27108981693164 158.47616774588823 1382.0522961067036 10954.980974968523 3680.0570030063391 4030.2671533823013 9630.7530045490712 899.85064923018217
leaf_count=13620 15482 49265 25250 5684 217371 5313 2058 697 7899 44508 14944 12520 30853 3984
internal_value=-0.0044517 -0.0306181 -0.000536191 -0.0105053 -7.43525e-05 -0.00122849 -0.00987375 -0.0204924 -0.000799148 -0.000122171 -0.000865947 0.00320795 -8.32628e-05 0.000592558
internal_weight=126877 16505.7 110372 4877.15 105494 38631.5 1817.34 4163.41 36814.1 29678.1 24265.8 5412.32 20585.7 66862.9
internal_count=449448 63582 385866 21166 364700 143345 7371 14317 135974 110724 90305 20419 75361 221355
is_linear=0
shrinkage=0.035


Tree=172
num_leaves=15
num_cat=0
split_feature=57 53 6 59 57 12 64 11 13 51 36 1 14 36
split_gain=10553.7 481.409 392.739 82.0088 64.71 71.9567 58.9813 60.6883 57.4732 55.4412 54.659 109.912 89.7195 71.8884
threshold=0.0031676918979062362 0.70185185185185195 3.118284163566734 0.86958133671945947 2.4907850561621352 0.87608905534728398 -0.90208333333333313 0.99165573711403798 1.0479080661549467 0.91106682255889482 16.750000000000004 17.500000000000004 0.91445908622183281 26.150000000000002
decision_type=2 2 2 2 2 2 2 2 2 2 2 2 2 2
left_child=1 8 3 -2 5 -4 -7 10 -1 -9 -8 13 -13 -12
right_child=2 -3 4 -5 -6 6 7 9 -10 -11 11 12 -14 -15
leaf_value=-7.3174804801657406e-05 -6.070059894105326e-05 -9.7908331472946217e-05 -0.00069429899800190018 -1.140644420341876e-05 0.003927035557683989 0.0020699525956510835 -0.00014077164071935324 2.4589922103889357e-05 7.4813319657372283e-06 0.0017561121882364928 -4.4608644740820009e-05 0.0015020716676953805 9.5316067337813961e-05 -0.0013827663140299441
leaf_weight=4004.9303380225319 3767.1793709949125 12342.270483215107 963.28238239139318 1109.9674848914146 504.74929328775033 291.36767050623894 20197.908052258892 68352.787091357866 158.47616774588823 591.72174950898625 8922.5826888456941 1782.2361026033759 2551.0978331156075 1336.664887022227
leaf_count=13620 15482 49265 5125 5684 2974 1363 69747 223073 697 1983 36981 7112 10245 6097
internal_value=-0.00442102 -0.030515 -0.000516335 -0.010216 -6.6978e-05 -0.00012766 -3.90305e-05 -8.39402e-05 -0.0201386 0.000517418 -0.00127546 0.000356613 0.0050239 -0.00161774
internal_weight=126877 16505.7 110372 4877.15 105494 104990 104026 103735 4163.41 68944.5 34790.5 14592.6 4333.33 10259.2
internal_count=449448 63582 385866 21166 364700 361726 356601 355238 14317 225056 130182 60435 17357 43078
is_linear=0
shrinkage=0.035


Tree=173
num_leaves=15
num_cat=0
split_feature=57 6 53 59 53 12 14 51 13 1 57 6 1 40
split_gain=10493 539.356 330.461 99.8882 78.412 64.265 109.11 87.2702 55.6476 54.4979 56.5906 66.8844 55.2588 63.839
threshold=0.0023921674770373343 3.118284163566734 0.85912698412698429 0.79356426026969662 0.028594771241830068 0.99749142536323798 1.1694833628063137 0.29046536796536804 1.0615602265826165 7.5000000000000009 0.23109167196932104 5.6970121618139808 10.500000000000002 0.30000000000000043
decision_type=2 2 2 2 2 2 2 2 2 2 2 2 2 2
left_child=2 3 8 -2 -5 6 9 -8 -1 10 11 -3 -11 -14
right_child=1 5 -4 4 -6 -7 7 -9 -10 12 -12 -13 13 -15
leaf_value=-8.1981531541458255e-05 -6.0393257505036109e-05 -3.3429265404054007e-05 -9.4481539871393093e-05 1.2526752341469841e-05 -6.9053105789886241e-05 3.1049827196341284e-05 -0.00033591752820560542 -0.0016906894158839471 8.9707190358321594e-05 0.00046628810831617301 -0.0006687879770963099 0.0002418282099042707 -8.7878612034208993e-06 -0.00056332247465133993
leaf_weight=3564.3242459897883 4199.8131887812633 2768.1430891994387 11804.306250594091 996.43510089069605 718.52739351242781 66862.932888964657 1386.0694878620561 431.27108981693164 99.417665101587772 5412.3194494890049 3925.6003974461928 442.27036559581757 20585.733979517594 3680.0570030063391
leaf_count=14653 16176 10132 45165 4355 3880 221355 5313 2058 519 20419 14391 727 75361 14944
internal_value=-0.00440294 -0.000651363 -0.0314059 -0.0109269 -0.00378046 -7.42611e-05 -0.00121057 -0.00955855 -0.0221066 -0.000795982 -0.00353995 -9.11378e-05 -0.000135234 -0.000848716
internal_weight=126877 111409 15468 5914.78 1714.96 105494 38631.5 1817.34 3663.74 36814.1 7136.01 3210.41 29678.1 24265.8
internal_count=449448 389111 60337 24411 8235 364700 143345 7371 15172 135974 25250 10859 110724 90305
is_linear=0
shrinkage=0.035


Tree=174
num_leaves=15
num_cat=1
split_feature=57 6 53 59 53 13 50 57 64 11 51 36 13 0
split_gain=10437 503.216 355.329 91.8632 73.9004 61.4748 59.4633 59.4055 56.4384 54.6303 57.0025 52.8015 51.9258 47.7489
threshold=0.0023921674770373343 3.118284163566734 0.76393188854489169 0.79356426026969662 0.028594771241830068 0.98148119052529537 16.500000000000004 2.3297221445190859 -0.29374999999999996 0.99126992204566122 0.34534397335932426 14.050000000000002 1.0615602265826165 0
decision_type=2 2 2 2 2 2 2 2 2 2 2 2 2 1
left_child=2 3 12 13 -5 6 -3 8 11 10 -10 -7 -1 -2
right_child=1 5 -4 4 -6 7 -8 -9 9 -11 -12 -13 -14 -15
leaf_value=-7.4106050894293647e-05 -3.4699859794254511e-05 0.00010875766381025981 -9.1174685975894325e-05 1.2088316009518419e-05 -6.6636247087240198e-05 -2.9800695208243023e-05 -0.00021188925474554605 0.0013615216394683416 -7.60567283463026e-05 3.1034902952055135e-05 -0.00096458608606875837 0.0010508713873632947 8.6567438695780372e-05 -6.110509845562113e-05
leaf_weight=3220.4176553939469 778.73451464995742 4326.849795618793 12149.178207851481 996.43510089069605 718.52739351242781 1273.66017344594 9792.5886752381921 1522.548151218798 24589.923747611931 61502.543244756525 738.03021382726729 1748.2537491805851 98.452298440039158 3421.0786741313059
leaf_count=12227 4671 26190 47599 4355 3880 5275 32876 6339 86084 196443 3326 8167 511 11505
internal_value=-0.00436882 -0.000627277 -0.0312996 -0.0105526 -0.00369864 -6.98453e-05 -0.00221834 0.000262351 0.000145791 -1.81102e-05 -0.00138582 0.0048398 -0.0210342 -0.0133359
internal_weight=126877 111409 15468 5914.78 1714.96 105494 14119.4 91375 89852.4 86830.5 25328 3021.91 3318.87 4199.81
internal_count=449448 389111 60337 24411 8235 364700 59066 305634 299295 285853 89410 13442 12738 16176
cat_boundaries=0 1
cat_threshold=33554434
is_linear=0
shrinkage=0.035


Tree=175
num_leaves=15
num_cat=1
split_feature=57 6 53 59 53 57 12 0 40 36 64 36 11 57
split_gain=10368.3 469.834 384.83 86.944 75.4573 59.7309 65.6706 57.8833 56.4951 64.3757 57.7118 60.3782 57.8146 68.847
threshold=0.0023921674770373343 3.118284163566734 0.75657894736842113 0.66484924122790601 0.040625000000000008 2.4262840894793141 0.86147590307215849 0 1.6500000000000015 6.8500000000000005 -0.29999999999999993 14.050000000000002 1.010187190631062 1.6642885166666461
decision_type=2 2 2 2 2 2 2 1 2 2 2 2 2 2
left_child=2 3 -1 7 -5 6 -3 -2 10 -10 11 -8 -12 -14
right_child=1 5 -4 4 -6 -7 8 -9 9 -11 12 -13 13 -15
leaf_value=-7.0648836313706091e-05 -2.6699555438689091e-05 -0.00075230160628207861 -8.7983571966738025e-05 1.2530596995333774e-06 -7.4731708730208825e-05 0.0024611932950886197 -4.5603718518828498e-05 -6.0354064046779868e-05 0.00015909951509575243 -0.00062891748389704472 -4.5768400694157223e-05 0.00090911749456561446 1.701409887084296e-05 0.0007262948332975894
leaf_weight=3314.6879343916662 700.47416303306818 709.9690128476359 12153.360227293801 1372.5277279987931 804.73002589866519 829.03006657352671 1346.4087164998055 3037.0437662538607 1275.9354275465012 2847.4688238725066 59056.826865800191 1923.2024461627007 31153.876620875206 6351.6797707199585
leaf_count=12695 4007 3862 47642 5955 4648 4492 5755 9801 4321 12357 194428 9240 104943 25302
internal_value=-0.0043353 -0.000606098 -0.0311773 -0.0101966 -0.00460734 -6.74727e-05 -0.000142022 -0.0134315 -6.90583e-05 -0.00407874 9.69474e-05 0.00466296 -5.81249e-05 0.00101638
internal_weight=126877 111409 15468 5914.78 2177.26 105494 104665 3737.52 103955 4123.4 99832 3269.61 96562.4 37505.6
internal_count=449448 389111 60337 24411 10603 364700 360208 13808 356346 16678 339668 14995 324673 130245
cat_boundaries=0 1
cat_threshold=33554434
is_linear=0
shrinkage=0.035


Tree=176
num_leaves=15
num_cat=1
split_feature=57 6 53 59 53 12 14 51 0 57 57 28 1 59
split_gain=10297.8 443.587 413.99 83.4972 70.2783 58.9997 96.1167 77.6457 57.0178 51.1373 50.6845 67.4414 72.6987 101.373
threshold=0.0023921674770373343 3.118284163566734 0.75657894736842113 0.66484924122790601 0.040625000000000008 0.99749142536323798 1.1694833628063137 0.29046536796536804 0 1.5089502730761495 1.7147389292795769 45.500000000000007 17.500000000000004 0.37371625404731906
decision_type=2 2 2 2 2 2 2 2 1 2 2 2 2 2
left_child=2 3 -1 8 -5 6 -3 9 -2 -8 -7 -12 13 -13
right_child=1 5 -4 4 -6 10 7 -9 -10 -11 11 12 -14 -15
leaf_value=-6.8176127042726375e-05 -2.5765070998334956e-05 -5.5644041434605446e-05 -8.4904146947902196e-05 1.2092026100497161e-06 -7.2116098924651523e-05 3.2738190132390777e-06 -0.00056962884069503927 -0.0016036979718360442 -5.8241671805142583e-05 0.0011145358259437501 0.00010777366328749595 0.0028383174317602191 -0.00013757190567438183 0.00023802907780707264
leaf_weight=3314.6879343916662 700.47416303306818 36814.124284254387 12153.360227293801 1372.5277279987931 804.73002589866519 52802.960986133665 967.86668026330881 431.27108981693164 3037.0437662538607 418.20280759874731 9354.9783083721995 1761.5597185955849 1359.1576176795643 1584.2762581836432
leaf_count=12695 4007 135974 47642 5955 4648 170189 3314 2058 9801 1999 31156 7080 5325 7605
internal_value=-0.00430692 -0.000590408 -0.0310575 -0.00990913 -0.00443241 -6.70438e-05 -0.00115581 -0.00899098 -0.0130792 -0.00487987 0.00056209 0.00242874 0.00584208 0.00860806
internal_weight=126877 111409 15468 5914.78 2177.26 105494 38631.5 1817.34 3737.52 1386.07 66862.9 14060 4704.99 3345.84
internal_count=449448 389111 60337 24411 10603 364700 143345 7371 13808 5313 221355 51166 20010 14685
cat_boundaries=0 1
cat_threshold=33554434
is_linear=0
shrinkage=0.035


Tree=177
num_leaves=15
num_cat=1
split_feature=57 53 6 59 53 57 12 14 46 19 58 0 36 46
split_gain=10234.7 442.766 419.162 79.3355 66.2283 57.872 61.2909 92.0555 69.6074 56.091 58.4167 53.5181 49.4017 70.192
threshold=0.0023921674770373343 0.71825396825396837 3.118284163566734 0.66484924122790601 0.040625000000000008 2.4907850561621352 0.99696287051728083 1.1694833628063137 0.90000000000000135 1.0000000180025095e-35 10.312168135407275 0 29.050000000000004 2.9000000000000017
decision_type=2 2 2 2 2 2 2 2 2 2 2 1 2 2
left_child=1 9 3 11 -5 6 7 -4 -9 10 -1 -2 -8 -14
right_child=2 -3 5 4 -6 -7 12 8 -10 -11 -12 -13 13 -15
leaf_value=-5.4353605334412553e-05 -2.486329351339325e-05 -8.1932501804725621e-05 -6.387330236560463e-05 1.1668805186979774e-06 -6.9592035462288725e-05 0.0036351017178317129 3.2272896932658359e-05 -0.00086988956520004084 0.00042669744108872145 -3.9923101789042937e-05 -8.5658204965316609e-05 -5.62032132919626e-05 0.0017462480593580716 -0.0022382819673184766
leaf_weight=1314.0004182446282 700.47416303306818 12282.431532242103 35550.863658844493 1372.5277279987931 804.73002589866519 504.74929328775033 66746.310040935874 1350.3056024208199 436.08752843132243 778.49085410451517 1093.1253570942208 3037.0437662538607 225.98352333530784 680.09810364246368
leaf_count=5761 4007 48876 131481 5955 4648 2974 219006 5342 1893 3358 2342 9801 1060 2944
internal_value=-0.00427593 -0.0309445 -0.000570821 -0.00962935 -0.00429107 -6.20694e-05 -0.000119455 -0.00125759 -0.00898799 -0.0192161 -0.0218704 -0.0127194 0.00050877 -0.00756405
internal_weight=126877 15468 111409 5914.78 2177.26 105494 104990 37337.3 1786.39 3185.62 2407.13 3737.52 67652.4 906.082
internal_count=449448 60337 389111 24411 10603 364700 361726 138716 7235 11461 8103 13808 223010 4004
cat_boundaries=0 1
cat_threshold=33554434
is_linear=0
shrinkage=0.035


Tree=178
num_leaves=15
num_cat=1
split_feature=57 53 6 59 53 11 9 57 2 40 21 1 0 19
split_gain=10209 456.299 397.614 75.5985 62.4502 56.2968 63.1758 65.9548 66.2785 60.1117 79.7402 68.1041 55.77 55.1091
threshold=0.0023921674770373343 0.71825396825396837 3.118284163566734 0.66484924122790601 0.028594771241830068 1.0862793502980128 0.99188436965287308 1.7147389292795769 1.0000000180025095e-35 0.50000000000000044 1.0000000180025095e-35 10.500000000000002 0 1.0000000180025095e-35
decision_type=2 2 2 2 2 2 2 2 2 2 2 2 1 2
left_child=1 13 3 12 -5 6 -4 9 -9 -8 11 -11 -2 -1
right_child=2 -3 5 4 -6 -7 7 8 -10 10 -12 -13 -14 -15
leaf_value=-6.9594474167617454e-05 -2.3993078240424453e-05 -7.9064864241560221e-05 -0.00011736672493939394 2.4594385728637494e-06 -6.1017805824549675e-05 0.00029866523862402851 7.7015552406950468e-06 0.0013312801993913739 0.00019243139551513246 1.3716648091057771e-05 0.00042228233993460115 -0.00092047500838416155 -5.4236100826743907e-05 -3.8525793226426439e-05
leaf_weight=2407.1257753388491 700.47416303306818 12282.431532242103 28435.301508251112 1283.7124063000083 893.54534759745002 4640.5806354782544 50833.008061858127 2280.2642371207476 13087.572089532157 1589.3454564157873 1205.5656938885804 3422.7600683532655 3037.0437662538607 778.49085410451517
leaf_count=8103 4007 48876 98994 5690 4913 20980 164575 7494 49309 5644 5028 12676 9801 3358
internal_value=-0.00425257 -0.0308876 -0.000552123 -0.00937474 -0.00416387 -5.66219e-05 -0.000230213 0.000318726 0.00235305 -0.00022958 -0.00347514 -0.00541766 -0.0123911 -0.0189851
internal_weight=126877 15468 111409 5914.78 2177.26 105494 100854 72418.5 15367.8 57050.7 6217.67 5012.11 3737.52 3185.62
internal_count=449448 60337 389111 24411 10603 364700 343720 244726 56803 187923 23348 18320 13808 11461
cat_boundaries=0 1
cat_threshold=33554434
is_linear=0
shrinkage=0.035


Tree=179
num_leaves=15
num_cat=0
split_feature=57 53 6 11 13 9 19 58 21 1 1 57 1 57
split_gain=10142.9 491.293 360.06 68.9424 55.7958 56.9034 51.5912 53.1263 51.2554 82.716 151.473 93.1839 86.9078 64.1825
threshold=0.0023921674770373343 0.71825396825396837 3.118284163566734 0.99631872303113211 1.0039624384260495 0.99188436965287308 1.0000000180025095e-35 10.287100381533817 1.0000000180025095e-35 13.500000000000002 16.500000000000004 0.32200001504318715 15.500000000000002 1.9260864644465359
decision_type=2 2 2 2 2 2 2 2 2 2 2 2 2 2
left_child=1 6 3 -2 5 -4 7 -1 13 -10 12 -12 -11 -6
right_child=2 -3 4 -5 8 -7 -8 -9 9 10 11 -13 -14 -15
leaf_value=-4.9764184723892351e-05 -5.2852933355454544e-05 -7.6297593993105616e-05 -0.00016843310627442462 -3.207704441837013e-05 -2.4708452129938382e-05 -5.8807388912830026e-07 -3.7177390463501511e-05 -8.015663194390638e-05 -2.002700369996457e-05 0.0011532450347540447 0.00043539828638820117 -0.00022738976982615401 0.0037449009552381601 0.00076073707265790665
leaf_weight=1273.5290001023095 2116.6782732056454 12282.431532242103 19453.389683363261 3798.0974099787418 25348.106709138723 44882.563663403736 778.49085410451517 1133.5967752365395 5254.5214953150135 1587.4249986016657 1073.7262299573049 2872.0300425649621 911.32714848546311 4111.3077800679021
leaf_count=5643 6990 48876 69852 17421 85438 152488 3358 2460 20000 5493 3099 11378 3039 13913
internal_value=-0.00421165 -0.0307603 -0.000523212 -0.00891886 -5.16911e-05 -0.000695462 -0.0184188 -0.0209643 0.00095453 0.00291341 0.00556765 0.00128889 0.0122921 0.000175887
internal_weight=126877 15468 111409 5914.78 105494 64336 3185.62 2407.13 41158.4 11699 6444.51 3945.76 2498.75 29459.4
internal_count=449448 60337 389111 24411 364700 222340 11461 8103 142360 43009 23009 14477 8532 99351
is_linear=0
shrinkage=0.035


Tree=180
num_leaves=15
num_cat=2
split_feature=57 6 53 59 0 11 9 57 28 1 36 2 1 0
split_gain=10126.6 470.214 335.347 78.7669 72.3994 54.0204 57.3678 49.6773 100.666 138.86 112.24 93.7911 74.959 68.6728
threshold=0.0017302067652570313 3.118284163566734 0.85912698412698429 0.86958133671945947 0 0.99126992204566122 1.0087379172051345 1.3114014201657833 51.500000000000007 17.500000000000004 13.750000000000002 3.5000000000000004 11.500000000000002 1
decision_type=2 2 2 2 1 2 2 2 2 2 2 2 2 1
left_child=2 3 -1 4 -2 6 -3 -7 13 11 -11 -10 -13 -9
right_child=1 5 -4 -5 -6 7 -8 8 9 10 -12 12 -14 -15
leaf_value=-7.4640827383870784e-05 -4.9193666943209673e-05 -0.00018192831412006471 -7.3627178203346927e-05 -1.2520756850937549e-05 -4.0321185519254095e-05 -1.5381609409197002e-05 2.9899912494606442e-05 0.00044037173059734982 0.00057065486811942354 -0.0021632131367220523 0.00088711282870912022 0.00063755403266389072 0.0027500918688186863 -0.00016122075264835779
leaf_weight=2754.4330652789213 2057.5735567577649 19838.970889439341 11804.306250594091 1587.0215267390013 3179.4894455000758 36616.937301828526 15346.607679452747 8552.0389658734202 5920.7925253771245 976.2968150312081 809.29970618034713 1035.2773621936794 1954.3407475769054 14443.835757944733
leaf_count=12055 7189 71142 45165 7480 12859 117811 62126 41680 20712 3765 3616 4330 9441 30077
internal_value=-0.0041867 -0.00062561 -0.0316407 -0.00952265 -0.0115899 -4.9242e-05 -0.00116863 0.000511036 0.00148072 0.00428417 -0.00460493 0.00606867 0.0111135 0.000175461
internal_weight=126877 112318 14558.7 6824.08 5237.06 105494 35185.6 70308.8 33691.9 10696 1785.6 8910.41 2989.62 22995.9
internal_count=449448 392228 57220 27528 20048 364700 133268 231432 113621 41864 7381 34483 13771 71757
cat_boundaries=0 2 4
cat_threshold=67112960 262144 369098754 262144
is_linear=0
shrinkage=0.035


Tree=181
num_leaves=15
num_cat=1
split_feature=57 6 53 59 0 19 57 12 40 1 64 40 42 1
split_gain=10079.3 446.003 359.223 74.9331 65.6539 58.2939 53.2729 56.0765 50.3506 103.051 69.8142 62.0745 54.2908 52.5603
threshold=0.0017302067652570313 3.118284163566734 0.71825396825396837 0.86958133671945947 0 1.0000000180025095e-35 2.4907850561621352 0.87608905534728398 0.4500000000000009 10.500000000000002 -0.76041666666666652 5.900000000000003 21.300000000000004 3.5000000000000004
decision_type=2 2 2 2 1 2 2 2 2 2 2 2 2 2
left_child=2 3 5 4 -2 -1 7 -3 10 13 -9 12 -11 -10
right_child=1 6 -4 -5 -6 -7 -8 8 9 11 -12 -13 -14 -15
leaf_value=-7.1529015111853974e-05 -4.7471888600197344e-05 -0.0005757413690585506 -7.1050226966229793e-05 -1.2082530361154732e-05 -3.8909944026080204e-05 -3.0538193735019405e-05 0.0035001121445133836 0.0019827778846009452 -0.00014115544166759666 -0.00038412363886270606 1.1301687492826786e-05 -0.0043934914632048844 -0.0036407052431979251 0.00026215653651070537
leaf_weight=1733.7283602801617 2057.5735567577649 963.28238239139318 12279.843182236655 1587.0215267390013 3179.4894455000758 545.16777335619554 504.74929328775033 429.02964576333761 369.00974326720461 7806.1075529288501 91343.344496212667 265.3170123770833 154.63712311536074 3658.9205015543848
leaf_count=5944 7189 5125 48838 7480 12859 2438 2974 1879 1139 30151 308200 1376 709 13147
internal_value=-0.00415843 -0.00060567 -0.0315482 -0.00927063 -0.0112869 -0.0186529 -4.43367e-05 -9.93967e-05 -2.11576e-05 -0.00212746 0.000260289 -0.00437167 -0.00380129 0.00245527
internal_weight=126877 112318 14558.7 6824.08 5237.06 2278.9 105494 104990 104026 12254 91772.4 8226.06 7960.74 4027.93
internal_count=449448 392228 57220 27528 20048 8382 364700 361726 356601 46522 310079 32236 30860 14286
cat_boundaries=0 2
cat_threshold=67112960 262144
is_linear=0
shrinkage=0.035


Tree=182
num_leaves=15
num_cat=1
split_feature=57 6 53 59 0 53 13 52 13 50 57 1 2 27
split_gain=10036.1 588.668 186.305 94.5329 85.2477 71.4076 62.0126 52.5874 51.6796 56.1348 52.0158 48.8143 80.9391 75.864
threshold=0.0011090875431332202 3.118284163566734 0.85912698412698429 0.66484924122790601 0 0.028594771241830068 1.0523084943384819 0.29874240095142313 0.98148119052529537 16.500000000000004 2.1604406293746465 17.500000000000004 3.5000000000000004 59.500000000000007
decision_type=2 2 2 2 1 2 2 2 2 2 2 2 2 2
left_child=2 3 6 4 -2 -5 -1 -6 9 -3 -10 -11 -13 -14
right_child=1 8 -4 5 7 -7 -8 -9 10 11 -12 12 13 -15
leaf_value=-6.9964309734661404e-05 -2.7630260070522129e-05 0.00011556502942740078 -6.8563469022411757e-05 5.4469733695785514e-06 -4.8190120036896551e-05 -3.8864757684074816e-05 7.7700841834164313e-05 -4.5866637700601151e-05 3.6931393188824846e-06 -5.7093401277542868e-05 0.00079120794845918276 -0.00017240774169482472 -0.0029043400368487841 -0.00016495013703440867
leaf_weight=1621.5625280584209 1029.252658110112 4326.849795618793 11804.306250594091 1314.3907368481159 2551.7692780001089 1493.838541418314 106.55237231403589 1461.1514795266557 86935.845759534044 5738.7037163116038 4439.1135205070022 2716.1877339966595 928.71634992957115 408.98087500035763
leaf_count=8433 6531 26190 45165 5828 7293 7216 543 3739 290299 19453 15335 9199 2643 1581
internal_value=-0.00413886 -0.000736361 -0.0326159 -0.00997644 -0.0128409 -0.00480592 -0.0216467 -0.0151311 -4.78772e-05 -0.00201778 0.000256704 -0.00348364 -0.00641912 -0.0134345
internal_weight=126877 113345 13532.4 7850.4 5042.17 2808.23 1728.11 4012.92 105494 14119.4 91375 9792.59 4053.88 1337.7
internal_count=449448 395307 54141 30607 17563 13044 8976 11032 364700 59066 305634 32876 13423 4224
cat_boundaries=0 1
cat_threshold=301989890
is_linear=0
shrinkage=0.035


Tree=183
num_leaves=15
num_cat=2
split_feature=57 6 53 59 0 13 11 51 0 9 6 1 58 13
split_gain=10041.3 551.61 189.158 90.1483 79.7187 54.0233 51.5844 64.5655 76.7671 66.6586 62.6701 58.5881 56.4807 50.5527
threshold=0.0011090875431332202 3.118284163566734 0.85912698412698429 0.86958133671945947 0 1.0523084943384819 1.0530003736180267 0.32763699151896813 1 1.0727240215409906 7.9926030198461087 14.500000000000002 10.885935232485975 1.0256352925099914
decision_type=2 2 2 2 1 2 2 2 1 2 2 2 2 2
left_child=2 3 5 4 -2 -1 7 9 -9 13 12 -11 -8 -3
right_child=1 6 -4 -5 -6 -7 10 8 -10 11 -12 -13 -14 -15
leaf_value=-6.7515558893948259e-05 -3.4951465410706615e-05 -3.2131955863074146e-05 -6.6163747606627345e-05 -1.2445315787067958e-05 -4.6773228780915945e-05 7.4981312369968575e-05 0.00018950740720578415 -0.00095158385086389419 -0.0001514974376040651 4.3388195445624554e-05 0.0035179406374869519 0.0010299111924818906 -0.00020363574675735839 0.00018278320591167798
leaf_weight=1621.5625280584209 2868.6757797673345 80470.001781379338 11804.306250594091 1728.8382723629475 3252.8886417730246 106.55237231403589 9670.5754811132792 988.84750909171999 2872.1354529876262 2648.849384267116 155.32245410233736 2181.7401064829901 407.00385081768036 6099.921730655944
leaf_count=8433 12265 257274 45165 8037 10305 543 42830 4926 13408 13637 263 10418 418 21526
internal_value=-0.00411732 -0.000713938 -0.0326017 -0.00965844 -0.0116493 -0.0215529 -4.7477e-05 -0.00030122 -0.00472864 -0.000113698 0.00231269 0.00388332 0.00196 -0.000337153
internal_weight=126877 113345 13532.4 7850.4 6121.56 1728.11 105494 95261.5 3860.98 91400.5 10232.9 4830.59 10077.6 86569.9
internal_count=449448 395307 54141 30607 22570 8976 364700 321189 18334 302855 43511 24055 43248 278800
cat_boundaries=0 1 3
cat_threshold=302121090 2 262144
is_linear=0
shrinkage=0.035


Tree=184
num_leaves=15
num_cat=1
split_feature=57 6 53 59 0 13 57 12 7 14 64 62 60 2
split_gain=10028 524.934 197.896 86.4635 81.5979 51.7422 51.505 51.4517 56.5449 53.5021 46.9711 83.3565 142.678 89.5429
threshold=0.0011090875431332202 3.118284163566734 0.85912698412698429 0.86958133671945947 0 1.0523084943384819 2.4907850561621352 0.92628517360663987 1.1176521193660351 1.1694833628063137 -0.031249999999999983 3.1854166666666672 -0.79354221435844496 3.5000000000000004
decision_type=2 2 2 2 1 2 2 2 2 2 2 2 2 2
left_child=2 3 5 4 -2 -1 7 9 10 -3 -9 -12 -13 -14
right_child=1 6 -4 -5 -6 -7 -8 8 -10 -11 11 12 13 -15
leaf_value=-6.5152514332660069e-05 -4.3418884985550435e-05 -0.00027820061918552993 -6.384801644039538e-05 -1.2009729734520572e-05 -3.6515438763727911e-05 7.2356966437019682e-05 0.0033620101847634913 6.7625629767301558e-05 0.00052777446659593892 -0.0010009202597490892 -6.2219372603424252e-05 0.0012673768456510949 -0.00027735341443293376 0.00066750521076497154
leaf_weight=1621.5625280584209 2622.4074764086399 3127.0165611281991 11804.306250594091 1728.8382723629475 3499.1569451317191 106.55237231403589 504.74929328775033 26743.742990600411 3105.9591669463553 304.90801970474422 59111.485367007786 2866.8118868311867 6207.0713470950723 3522.6531182965264
leaf_count=8433 8872 15460 45165 8037 13698 543 2974 100729 15085 1423 185124 10924 19034 13947
internal_value=-0.0041009 -0.000699789 -0.0325664 -0.00942534 -0.0113751 -0.0212772 -4.96424e-05 -0.000103781 3.8848e-05 -0.0043123 -0.000108058 -0.000574928 0.00200905 -1.56004e-05
internal_weight=126877 113345 13532.4 7850.4 6121.56 1728.11 105494 104990 101558 3431.92 98451.8 71708 12596.5 9729.72
internal_count=449448 395307 54141 30607 22570 8976 364700 361726 344843 16883 329758 229029 43905 32981
cat_boundaries=0 2
cat_threshold=67112960 262144
is_linear=0
shrinkage=0.035


Tree=185
num_leaves=15
num_cat=1
split_feature=57 6 53 53 59 0 59 57 12 14 1 54 13 36
split_gain=9971.93 490.903 214.052 87.8031 76.6721 54.7895 57.5965 49.5776 50.1226 77.3441 64.0205 52.0011 49.386 46.5209
threshold=0.0011090875431332202 3.118284163566734 0.85912698412698429 0.040625000000000008 0.66484924122790601 0 -0.16705007855999701 2.4907850561621352 0.99696287051728083 1.1694833628063137 18.500000000000004 39.000000000000007 1.0523084943384819 29.050000000000004
decision_type=2 2 2 2 2 1 2 2 2 2 2 2 2 2
left_child=2 3 12 4 5 6 -2 8 9 -3 11 -11 -1 -10
right_child=1 7 -4 -5 -6 -7 -8 -9 13 10 -12 -13 -14 -15
leaf_value=-6.2872176331016971e-05 2.0565423276046436e-05 -5.4811614543324175e-05 -6.1613335864981546e-05 -4.9060996783333975e-05 5.6872615946813524e-06 -3.4313460677316093e-05 -3.8870549769358272e-05 0.0032443398282967742 2.9976279324177051e-05 7.6327702075333772e-05 -0.0020361985423700208 -0.00088554988906255807 6.9824472611723981e-05 -0.0014310435941861312
leaf_weight=1621.5625280584209 319.76324201002717 35550.863658844493 11804.306250594091 3502.7848676946014 1403.2060585469007 2255.9169015737716 368.73162407800555 504.74929328775033 66746.310040935874 746.04848648700863 549.56402769428678 490.78061667084694 106.55237231403589 906.08162697777152
leaf_count=8433 848 131481 45165 15855 6093 6096 1715 2974 219006 3535 2187 1513 543 4004
internal_value=-0.00406707 -0.00067548 -0.0324529 -0.00911345 -0.00576996 -0.00896966 -0.000229947 -4.67613e-05 -9.9877e-05 -0.0011291 -0.00821493 -0.0037365 -0.0207332 0.000468235
internal_weight=126877 113345 13532.4 7850.4 4347.62 2944.41 688.495 105494 104990 37337.3 1786.39 1236.83 1728.11 67652.4
internal_count=449448 395307 54141 30607 14752 8659 2563 364700 361726 138716 7235 5048 8976 223010
cat_boundaries=0 1
cat_threshold=33556482
is_linear=0
shrinkage=0.035


Tree=186
num_leaves=15
num_cat=1
split_feature=53 6 53 53 59 58 0 59 13 11 64 59 6 31
split_gain=9953.43 548.685 121.996 103.671 71.5881 60.7432 56.1844 53.4517 52.7685 47.1493 49.8943 47.0987 46.3217 100.131
threshold=0.52638888888888902 3.118284163566734 0.85912698412698429 0.040625000000000008 0.66484924122790601 10.334652197117899 0 -0.16705007855999701 1.0550376913026442 0.99008769215259795 -0.21458333333333329 0.88203985695844977 5.6970121618139808 1.0000000180025095e-35
decision_type=2 2 2 2 2 2 1 2 2 2 2 2 2 2
left_child=1 3 8 4 6 11 7 -1 -2 10 -3 -5 13 -11
right_child=2 9 -4 5 -6 -7 -8 -9 -10 12 -12 -13 -14 -15
leaf_value=1.9845633461384815e-05 -6.0671650159431374e-05 0.00038787428405556105 -5.9456869109707191e-05 -5.1933471908051474e-05 5.4882074388675281e-06 -4.8296016788922743e-05 -3.3076872547024542e-05 -3.7510080527430723e-05 8.5804412025977688e-05 -3.4644359811663722e-05 -0.00010662265970881603 -1.1619278137879825e-05 8.6354207280796714e-05 0.00099523547784033058
leaf_weight=319.76324201002717 1110.4384528063238 2501.0591682754457 11804.306250594091 2194.9396540005691 1404.8651696741581 1148.5979073671624 2263.9243043961469 369.54424629732966 86.621087165549397 11140.335174619919 31246.04531639535 679.82353055849671 60354.341877972707 252.61621363461018
leaf_count=848 7272 10855 45165 10885 6100 2469 6112 1718 512 47809 117821 3667 187254 961
internal_value=-0.00404763 -0.000734034 -0.0330478 -0.00934776 -0.00558781 -0.0133966 -0.00867311 0.000156923 -0.0220435 -4.88589e-05 -0.00112755 -0.0106123 0.000458603 -0.00158737
internal_weight=126877 113876 13001.4 8381.46 4358.1 4023.36 2953.23 689.307 1197.06 105494 33747.1 2874.76 71747.3 11393
internal_count=449448 396499 52949 31799 14778 17021 8678 2566 7784 364700 128676 14552 236024 48770
cat_boundaries=0 1
cat_threshold=33556482
is_linear=0
shrinkage=0.035


Tree=187
num_leaves=15
num_cat=2
split_feature=6 6 53 53 59 58 0 59 13 51 51 0 13 1
split_gain=9905.82 532.396 125.98 97.3472 70.5008 55.9247 52.5872 49.6338 47.9492 46.6535 47.7005 88.9471 74.0063 48.5831
threshold=1.0000000180025095e-35 3.118284163566734 0.85912698412698429 0.040625000000000008 0.66484924122790601 10.258137319911972 0 -0.16705007855999701 1.0615602265826165 1.0270234180041347 0.32763699151896813 1 1.0428920307658192 21.500000000000004
decision_type=2 2 2 2 2 2 1 2 2 2 2 1 2 2
left_child=2 3 8 4 6 -5 7 -2 -1 10 12 -12 13 -3
right_child=1 9 -4 5 -6 -7 -8 -9 -10 -11 11 -13 -14 -15
leaf_value=-5.854814240385128e-05 1.9151036290236339e-05 9.3668183158646126e-06 -5.7375878690867442e-05 -4.5479296931840867e-05 5.2961201785071535e-06 -4.5383725616880027e-05 -3.1919182007878696e-05 -3.6197227708970629e-05 0.00011056117096018054 0.002505938690745735 -0.00052003648957142841 -5.7933308530928564e-05 0.00031962075038137737 -0.0001414035545306644
leaf_weight=1089.465354535263 319.76324201002717 87928.597083975561 11804.306250594091 2785.8682982018217 1404.8651696741581 1268.990311476402 2263.9243043961469 369.54424629732966 76.096667684614658 313.88044072850607 1442.6168325487524 4315.7497400138527 3394.3610383495688 8099.1926152817905
leaf_count=6911 848 296916 45165 14609 6100 2842 6112 1718 443 1137 6912 19430 14224 26081
internal_value=-0.00402284 -0.000721637 -0.0329926 -0.00918948 -0.0055382 -0.0130905 -0.00859999 -4.84938e-05 -0.0216618 -4.55377e-05 -8.63708e-05 -0.00318063 9.31454e-05 -8.66327e-05
internal_weight=126877 113907 12969.9 8412.96 4358.1 4054.86 2953.23 689.307 1165.56 105494 105181 5758.37 99422.2 96027.8
internal_count=449448 396929 52519 32229 14778 17451 8678 2566 7354 364700 363563 26342 337221 322997
cat_boundaries=0 1 3
cat_threshold=33556482 4098 262144
is_linear=0
shrinkage=0.035


Tree=188
num_leaves=15
num_cat=0
split_feature=6 53 53 6 59 58 13 6 40 1 9 57 54 51
split_gain=9914.4 498.166 128.965 99.313 70.9307 51.7725 51.0084 50.3156 49.0293 65.7492 50.5303 53.9939 61.4048 54.3956
threshold=1.0000000180025095e-35 0.040625000000000008 0.85912698412698429 3.9327992798645268 0.78297285307474518 10.324727495650043 1.0344308455895741 7.3911544781171576 3.8500000000000019 9.5000000000000018 0.99188436965287308 1.7147389292795769 7.5000000000000009 0.91106682255889482
decision_type=2 2 2 2 2 2 2 2 2 2 2 2 2 2
left_child=2 3 -1 4 -2 -3 8 -8 10 -10 -5 12 -12 -14
right_child=1 5 -4 6 -6 -7 7 -9 9 -11 11 -13 13 -15
leaf_value=-5.6498957419716485e-05 -2.6560206438948096e-05 -4.3864571536659043e-05 -5.5367722936687084e-05 -0.00011905722229570316 9.3178563235396271e-06 -4.4023527977589344e-05 0.00010274634097679995 0.0013952749980245562 0.00036468946807529436 -0.0024265725709409283 0.0003802408696573179 0.0003388868579747018 -3.7181818840014703e-05 0.0021016951931264152
leaf_weight=1165.5620222198777 5199.6058089563157 2983.9100972421002 11804.306250594091 27749.221102276817 1916.2361882291734 1180.9563029436395 5432.3197217311244 1267.1620213408023 353.53522258996964 640.25580487027764 3711.282677045092 14924.899038961623 48262.688504749211 285.2808320177719
leaf_count=7354 17209 15410 45165 96867 8592 2571 24360 2856 1373 3153 14366 54270 154946 956
internal_value=-0.00399792 -0.000695293 -0.0329802 -0.000243837 -0.00423938 -0.0125619 3.3589e-05 0.00298388 -0.000172747 -0.00786743 -9.13764e-05 0.000427585 -0.000102785 -0.000434828
internal_weight=126877 113907 12969.9 109742 7115.84 4164.87 102627 6699.48 95927.2 993.791 94933.4 67184.2 52259.3 48548
internal_count=449448 396929 52519 378948 25801 17981 353147 27216 325931 4526 321405 224538 170268 155902
is_linear=0
shrinkage=0.035


Tree=189
num_leaves=15
num_cat=1
split_feature=6 6 53 53 59 0 58 13 57 12 7 14 40 1
split_gain=9924.03 468.662 131.424 89.2936 62.3214 50.5791 49.7287 47.0668 45.9709 46.3645 50.8586 46.8049 44.6595 90.8779
threshold=1.0000000180025095e-35 3.118284163566734 0.85912698412698429 0.040625000000000008 0.66484924122790601 0 10.324727495650043 1.0615602265826165 2.4907850561621352 0.92893578774470653 1.1176521193660351 1.1694833628063137 0.4500000000000009 10.500000000000002
decision_type=2 2 2 2 2 1 2 2 2 2 2 2 2 2
left_child=2 3 7 4 5 -2 -5 -1 9 11 12 -3 -11 -14
right_child=1 8 -4 6 -6 -7 -8 -9 -10 10 -12 -13 13 -15
leaf_value=-5.4521493910026405e-05 1.7276463376008505e-05 -0.0002616988460993916 -5.3429852633903036e-05 -4.1895962321140151e-05 5.5025641723104864e-06 -2.9178903972965304e-05 -4.2482704498373712e-05 0.00010866899348626432 0.0031188873458061809 1.0656177912229775e-05 0.00051454518518516423 -0.00092985985412106099 0.00010401715447723102 -0.00050041385813388687
leaf_weight=1089.465354535263 348.26707582175732 3397.9758718945086 11804.306250594091 2901.5835177591071 1404.8651696741581 2604.9647168817464 1153.2750919191167 76.096667684614658 504.74929328775033 86680.7055224746 3073.6806627572514 310.66294194106013 3799.3388441083953 7727.2846144344658
leaf_count=6911 1821 16761 45165 14956 6100 6857 2495 443 2974 285674 14925 1462 13248 29656
internal_value=-0.00397377 -0.000669538 -0.0329702 -0.00861439 -0.00511814 -0.00799687 -0.0123503 -0.0214139 -3.51967e-05 -8.63448e-05 5.4577e-05 -0.00392465 -8.43866e-05 -0.00213014
internal_weight=126877 113907 12969.9 8412.96 4358.1 2953.23 4054.86 1165.56 105494 104990 101281 3708.64 98207.3 11526.6
internal_count=449448 396929 52519 32229 14778 8678 17451 7354 364700 361726 343503 18223 328578 42904
cat_boundaries=0 1
cat_threshold=33554434
is_linear=0
shrinkage=0.035


Tree=190
num_leaves=15
num_cat=0
split_feature=6 53 53 6 59 11 9 27 6 58 57 1 1 60
split_gain=9918.39 438.924 137.835 87.2786 64.2186 48.6144 55.9339 52.2691 51.5234 55.4134 51.0056 98.8675 74.9055 132
threshold=1.0000000180025095e-35 0.040625000000000008 0.85912698412698429 3.9327992798645268 0.78297285307474518 1.0530003736180267 0.99188436965287308 29.500000000000004 7.9926030198461087 10.885935232485975 0.23109167196932104 7.5000000000000009 14.500000000000002 0.28434865436540863
decision_type=2 2 2 2 2 2 2 2 2 2 2 2 2 2
left_child=2 3 -1 4 -2 6 7 10 9 -7 -5 -12 13 -13
right_child=1 -3 -4 5 -6 8 -8 -9 -10 -11 11 12 -14 -15
leaf_value=-5.261324162317548e-05 -2.5054679567861667e-05 -4.0995809840930633e-05 -5.155980779171643e-05 0.00013927071825893718 8.8813853262148699e-06 0.00023152285503336091 2.5193477945282751e-05 -0.00027344965407650193 0.0033963850240972264 -0.0001948844665978536 -0.00083885456620065417 0.001128364808978466 -0.00032094059253805153 -0.00022068588137878989
leaf_weight=1165.5620222198777 5199.6058089563157 4164.8664001857396 11804.306250594091 1360.772687853314 1916.2361882291734 9112.1496321693994 67486.342005904764 10108.449121276848 155.32245410233736 407.00385081768036 1718.4946597861126 2670.0170193631202 6269.510661425069 3338.5828328840435
leaf_count=7354 17209 17981 45165 3309 8592 40059 225933 35628 263 418 5650 9066 21360 11461
internal_value=-0.00394632 -0.000643031 -0.0329345 -0.000219269 -0.00396491 4.08048e-05 -0.000205045 -0.00160238 0.0024007 0.00206199 -0.000315321 -0.000945718 0.000157462 0.00294745
internal_weight=126877 113907 12969.9 109742 7115.84 102627 92952.2 25465.8 9674.48 9519.15 15357.4 13996.6 12278.1 6008.6
internal_count=449448 396929 52519 378948 25801 353147 312407 86474 40740 40477 50846 47537 41887 20527
is_linear=0
shrinkage=0.035


Tree=191
num_leaves=15
num_cat=1
split_feature=6 53 53 6 61 60 40 1 64 0 13 6 12 52
split_gain=9915.67 402.93 141.411 78.3898 59.6733 51.7277 47.6673 59.5916 49.373 45.8788 45.5483 49.1975 46.048 50.067
threshold=1.0000000180025095e-35 0.040625000000000008 0.85912698412698429 3.9327992798645268 22.956250000000008 -0.30900554811238667 3.8500000000000019 9.5000000000000018 -0.20208333333333314 0 1.0344308455895741 7.4147504467901229 1.0963664089891549 0.16800682982356294
decision_type=2 2 2 2 2 2 2 2 2 1 2 2 2 2
left_child=2 3 -1 4 -2 -3 10 -8 -9 -7 12 -12 13 -5
right_child=1 5 -4 6 -6 9 7 8 -10 -11 11 -13 -14 -15
leaf_value=-5.0771778166364339e-05 -1.9613147585989342e-05 -5.7010344272250842e-05 -4.9755214519006359e-05 0.0001013000225893826 4.648420598860896e-05 -3.0579626846857955e-06 0.00031876796873980806 0.0015515198898264472 -0.0030279630584001058 -3.5321639027770013e-05 0.00010242528951359902 0.0013805739490855408 0.00067676156878215159 -4.7068361168944867e-05
leaf_weight=1165.5620222198777 6745.5460382492747 1751.6294897038024 11804.306250594091 15975.452975911088 370.29595893621445 711.72643382567912 366.40109204128385 115.78270053863525 564.25760328024626 1701.5104766562581 5477.2844688247424 1169.5469058472663 2272.1406135808211 76685.778565558605
leaf_count=7354 24168 8817 45165 31972 1633 4103 1427 585 2790 5061 24356 2584 11210 278223
internal_value=-0.00391667 -0.000613835 -0.0329008 -0.00020782 -0.00375761 -0.011286 3.86549e-05 -0.00735756 -0.0134215 -0.00790819 0.000115565 0.00291425 -8.06738e-05 -0.000201619
internal_weight=126877 113907 12969.9 109742 7115.84 4164.87 102627 1046.44 680.04 2413.24 101580 6646.83 94933.4 92661.2
internal_count=449448 396929 52519 378948 25801 17981 353147 4802 3375 9164 348345 26940 321405 310195
cat_boundaries=0 2
cat_threshold=302120960 262144
is_linear=0
shrinkage=0.035


Tree=192
num_leaves=15
num_cat=1
split_feature=6 53 53 6 61 60 13 9 0 13 21 1 1 57
split_gain=9903.77 376.658 144.496 74.4276 56.2057 54.1131 46.2589 45.3045 44.9739 44.8787 41.1283 77.7866 136.145 93.3988
threshold=1.0000000180025095e-35 0.040625000000000008 0.85912698412698429 3.9327992798645268 22.956250000000008 -0.30900554811238667 1.0039624384260495 0.99188436965287308 0 1.0615602265826165 1.0000000180025095e-35 13.500000000000002 16.500000000000004 0.32200001504318715
decision_type=2 2 2 2 2 2 2 2 1 2 2 2 2 2
left_child=2 3 9 4 -2 -3 7 -5 -7 -1 -8 -12 -13 -14
right_child=1 5 -4 6 -6 8 10 -9 -10 -11 11 12 13 -15
leaf_value=-4.8994765930541585e-05 -1.8926687420479716e-05 -5.501498222272206e-05 -4.8013782010841136e-05 -0.00017331310977262274 4.485725877900763e-05 -5.1526760699121133e-05 1.9732986728575045e-05 4.9396659531561869e-06 -1.3732724955092866e-05 0.00010848405440687899 -4.3005690369161136e-05 0.0020103679763238294 0.00048777313741994472 -0.00023338300885230852
leaf_weight=1089.465354535263 6745.5460382492747 1751.6294897038024 11804.306250594091 19000.954132971587 370.29595893621445 868.83377586305141 28674.793029785855 43627.302892158274 1544.4031346188858 76.096667684614658 4945.1608704866376 2498.5474359693471 1008.3774549951777 2871.5091092158109
leaf_count=6911 24168 8817 45165 67907 1633 2527 96385 147721 6637 443 18572 8516 2711 11335
internal_value=-0.00390162 -0.000600768 -0.0328684 -0.000208212 -0.00366713 -0.0109192 3.19532e-05 -0.000561862 -0.00746937 -0.0207891 0.000961639 0.00274661 0.00529777 0.00118613
internal_weight=126877 113907 12969.9 109742 7115.84 4164.87 102627 62628.3 2413.24 1165.56 39998.4 11323.6 6378.43 3879.89
internal_count=449448 396929 52519 378948 25801 17981 353147 215628 9164 7354 137519 41134 22562 14046
cat_boundaries=0 1
cat_threshold=2178
is_linear=0
shrinkage=0.035


Tree=193
num_leaves=15
num_cat=2
split_feature=6 53 53 6 59 60 0 11 9 57 59 1 23 0
split_gain=9908.67 349.869 145.205 70.923 54.4968 47.5756 45.9337 45.5371 58.5594 50.2286 74.7637 64.9219 54.0557 53.0673
threshold=1.0000000180025095e-35 0.040625000000000008 0.85912698412698429 3.9327992798645268 0.78297285307474518 -0.30900554811238667 0 1.0061784460713457 0.99188436965287308 1.6642885166666461 0.56314550935064711 15.500000000000002 1.0000000180025095e-35 1
decision_type=2 2 2 2 2 2 1 2 2 2 2 2 2 1
left_child=2 3 -1 4 -2 -3 -7 8 -5 12 11 -11 13 -9
right_child=1 5 -4 7 -6 6 -8 9 -10 10 -12 -13 -14 -15
leaf_value=-4.7279949122972631e-05 -2.2828871557760088e-05 -5.3089457844926793e-05 -4.6333299640461699e-05 -0.00025307103662642374 9.6801172551132342e-06 -4.9723324074651898e-05 -1.3252079581664605e-05 -0.00015847203718112021 -2.5428676096554696e-06 0.0014104047155675326 -0.00041829855720591617 0.00029741085862327823 0.00013881522622708782 2.3775462716300323e-05
leaf_weight=1165.5620222198777 5199.6058089563157 1751.6294897038024 11804.306250594091 12387.888471512124 1916.2361882291734 868.83377586305141 1544.4031346188858 6183.9459207560867 45269.101134676719 2934.0078683767933 2134.1053926190361 3206.9343513220083 12899.098556756973 17611.563229562948
leaf_count=7354 17209 8817 45165 41804 8592 2527 6637 19177 154879 10161 11589 11394 37585 66558
internal_value=-0.00388105 -0.000579382 -0.032855 -0.000201043 -0.00357754 -0.0105241 -0.00728708 3.33991e-05 -0.000617667 0.000868103 0.00332956 0.00528854 0.00031226 -0.000676792
internal_weight=126877 113907 12969.9 109742 7115.84 4164.87 2413.24 102627 57657 44969.7 8275.05 6140.94 36694.6 23795.5
internal_count=449448 396929 52519 378948 25801 17981 9164 353147 196683 156464 33144 21555 123320 85735
cat_boundaries=0 1 2
cat_threshold=2178 33685504
is_linear=0
shrinkage=0.035


Tree=194
num_leaves=15
num_cat=1
split_feature=6 53 53 6 61 64 40 1 41 11 51 13 60 0
split_gain=9913.93 336.492 146.432 65.666 52.4143 44.8486 56.0544 74.783 53.5543 49.7298 46.1081 44.5181 43.9985 45.9299
threshold=1.0000000180025095e-35 0.040625000000000008 0.85912698412698429 3.9327992798645268 22.956250000000008 -0.29374999999999996 3.8500000000000019 9.5000000000000018 0.10000000000000085 0.99126992204566122 0.91106682255889482 1.0615602265826165 -0.30900554811238667 0
decision_type=2 2 2 2 2 2 2 2 2 2 2 2 2 1
left_child=2 3 11 4 -2 8 9 -8 -5 -7 -11 -1 -3 -14
right_child=1 12 -4 5 -6 6 7 -9 -10 10 -12 -13 13 -15
leaf_value=-4.5625150903668594e-05 -1.7716407248364996e-05 -5.1231326820354347e-05 -4.4711634153045539e-05 0.0013344901807097421 4.2948450617813404e-05 -0.00010624296607756546 0.00030608829410334345 -0.0027981295894490181 0.00017833386783271734 3.4642473000218723e-05 0.0016669212808912738 0.00010634191072194223 -4.7983007732039087e-05 -1.2788256796306357e-05
leaf_weight=1089.465354535263 6745.5460382492747 1751.6294897038024 11804.306250594091 800.01964830607176 370.29595893621445 32360.265544971218 366.40109204128385 583.70470337942243 2780.2344475388527 65163.794755317038 572.22473402880132 76.096667684614658 868.83377586305141 1544.4031346188858
leaf_count=6911 24168 8817 45165 3766 1633 120485 1427 2943 12379 210244 1903 443 2527 6637
internal_value=-0.0038576 -0.000555061 -0.0328392 -0.000184027 -0.00343298 4.1559e-05 -9.77259e-05 -0.00851358 0.00388436 -1.53551e-05 0.000537543 -0.0206847 -0.0103078 -0.00719334
internal_weight=126877 113907 12969.9 109742 7115.84 102627 99046.4 950.106 3580.25 98096.3 65736 1165.56 4164.87 2413.24
internal_count=449448 396929 52519 378948 25801 353147 337002 4370 16145 332632 212147 7354 17981 9164
cat_boundaries=0 1
cat_threshold=2178
is_linear=0
shrinkage=0.035


Tree=195
num_leaves=15
num_cat=1
split_feature=6 53 53 6 61 13 60 0 57 11 6 58 9 57
split_gain=9917.31 325.086 146.96 61.6524 51.5775 44.4402 42.3586 44.9964 42.2708 42.2383 51.3256 54.0181 51.292 47.7981
threshold=1.0000000180025095e-35 0.040625000000000008 0.85912698412698429 3.9327992798645268 22.956250000000008 1.0615602265826165 -0.30900554811238667 0 2.4907850561621352 1.0530003736180267 7.9926030198461087 10.947180865728646 0.99188436965287308 0.06335131078084548
decision_type=2 2 2 2 2 2 2 1 2 2 2 2 2 2
left_child=2 3 5 4 -2 -1 -3 -8 9 12 11 -11 13 -5
right_child=1 6 -4 8 -6 -7 7 -9 -10 10 -12 -13 -14 -15
leaf_value=-4.4028270622040191e-05 -1.7096332994672242e-05 -4.9438230381641942e-05 -4.3146726957688941e-05 0.00015113679447186843 4.1445254846189941e-05 0.00010261994384667427 -4.3726713225182745e-05 -1.4806028825707011e-05 0.003033634049745753 0.00019087209258684016 0.0032278916347593637 -0.00021399575458661143 2.1700244478403131e-05 -0.00016688216972201577
leaf_weight=1089.465354535263 6745.5460382492747 1751.6294897038024 11804.306250594091 548.73367895185947 370.29595893621445 76.096667684614658 586.74604881554842 1826.4908616663888 504.54673772351816 9231.5658518769778 155.32245410233736 238.94206124544144 67219.423869169783 24728.110272512771
leaf_count=6911 24168 8817 45165 1275 1633 443 1503 7661 2959 39977 263 201 224386 84086
internal_value=-0.00385062 -0.000547516 -0.0328372 -0.000182824 -0.00333092 -0.0206621 -0.0101335 -0.00707751 3.57593e-05 -1.46577e-05 0.0021906 0.00185106 -0.000244365 -0.00158809
internal_weight=126877 113907 12969.9 109742 7115.84 1165.56 4164.87 2413.24 102627 102122 9625.83 9470.51 92496.3 25276.8
internal_count=449448 396929 52519 378948 25801 7354 17981 9164 353147 350188 40441 40178 309747 85361
cat_boundaries=0 1
cat_threshold=2176
is_linear=0
shrinkage=0.035


Tree=196
num_leaves=15
num_cat=0
split_feature=6 53 53 6 14 57 57 57 11 1 6 60 64 5
split_gain=9907.93 315.801 147.445 57.9508 123.329 72.1634 86.4296 130.956 81.2636 68.4534 159.309 75.7422 70.7066 68.7897
threshold=1.0000000180025095e-35 0.040625000000000008 0.85912698412698429 5.654798917993797 0.98774795522931602 0.14307512925434676 0.16342589704537608 0.23109167196932104 1.0440675206017773 21.500000000000004 6.8081669460310907 -0.34155811708470757 -0.29374999999999996 31.500000000000004
decision_type=2 2 2 2 2 2 2 2 2 2 2 2 2 2
left_child=2 3 -1 4 -2 -5 -7 -8 9 12 11 -11 -9 -13
right_child=1 -3 -4 5 -6 6 7 8 -10 10 -12 13 -14 -15
leaf_value=-4.2487281150268785e-05 3.254231974509096e-05 -3.3276559307935826e-05 -4.1636591514169832e-05 0.00011536377975697524 -2.998553615442951e-05 -0.00029128090900628446 0.00031985171197140177 0.00096430946802050234 0.00048573556249874642 -0.00051367174659532229 -0.0016640408629457876 -0.0002281762205677154 -3.9842519138938444e-05 0.00076506487610855667
leaf_weight=1165.5620222198777 5384.6902502030134 4164.8664001857396 11804.306250594091 723.69501212239265 13989.948350218823 576.62820690870285 1441.286671503447 2529.6259198561311 9004.039506965084 1190.7158836664166 498.95736872684211 1074.3317529764026 72715.615263060667 612.95273656025529
leaf_count=7354 27362 17981 45165 1012 52991 705 2771 11043 38056 3686 799 2189 236748 1586
internal_value=-0.00383438 -0.000532849 -0.0328072 -0.000173403 -0.00190988 0.000199064 0.000109579 0.00019775 2.50421e-05 -0.000335796 -0.00520323 -0.00200383 -0.000116686 0.00276328
internal_weight=126877 113907 12969.9 109742 19374.6 90367.8 89644.2 89067.5 87626.2 78622.2 3376.96 2878 75245.2 1687.28
internal_count=449448 396929 52519 378948 80353 298595 297583 296878 294107 256051 8260 7461 247791 3775
is_linear=0
shrinkage=0.035


Tree=197
num_leaves=15
num_cat=0
split_feature=6 53 53 6 14 57 51 60 11 1 6 60 64 5
split_gain=9915.12 302.124 148.587 54.1904 114.169 69.3181 88.9845 125.522 76.137 65.1227 147.732 70.7312 65.3798 63.0336
threshold=1.0000000180025095e-35 0.040625000000000008 0.85912698412698429 5.654798917993797 0.98774795522931602 0.23109167196932104 0.17478193067423994 0.72064045540576338 1.0440675206017773 21.500000000000004 6.8081669460310907 -0.34155811708470757 -0.29374999999999996 31.500000000000004
decision_type=2 2 2 2 2 2 2 2 2 2 2 2 2 2
left_child=2 3 -1 4 -2 6 -5 -8 9 12 11 -11 -7 -13
right_child=1 -3 -4 5 -6 8 7 -9 -10 10 -12 13 -14 -15
leaf_value=-4.1000226310009382e-05 3.1403338554012784e-05 -3.211187973215807e-05 -4.0179310811173886e-05 0.000183269937669631 -2.8936042389024472e-05 0.00093055863663978457 0.00016373961071567954 -0.00037796079702619894 0.00046873481781128994 -0.00049569323546448554 -0.0016057994327426846 -0.00022019005284784591 -3.8448030969072679e-05 0.00073828760544475717
leaf_weight=1165.5620222198777 5384.6902502030134 4164.8664001857396 11804.306250594091 1549.6082423469052 13989.948350218823 2529.6259198561311 821.50286173820496 370.49878644943237 9004.039506965084 1190.7158836664166 498.95736872684211 1074.3317529764026 72715.615263060667 612.95273656025529
leaf_count=7354 27362 17981 45165 2550 52991 11043 1509 429 38056 3686 799 2189 236748 1586
internal_value=-0.00381946 -0.000516729 -0.0328028 -0.000165153 -0.00184435 0.000195027 0.00566498 -0.0015225 2.32581e-05 -0.000326013 -0.00507356 -0.00199236 -0.0001123 0.00261461
internal_weight=126877 113907 12969.9 109742 19374.6 90367.8 2741.61 1192 87626.2 78622.2 3376.96 2878 75245.2 1687.28
internal_count=449448 396929 52519 378948 80353 298595 4488 1938 294107 256051 8260 7461 247791 3775
is_linear=0
shrinkage=0.035


Tree=198
num_leaves=15
num_cat=2
split_feature=6 53 53 57 14 1 0 0 28 52 59 1 21 54
split_gain=9917.31 278.447 149.949 51.4865 111.953 113.707 100.237 79.9171 89.6753 75.8392 73.406 222.665 161.735 154.345
threshold=1.0000000180025095e-35 0.040625000000000008 0.85912698412698429 1.2731570032891582 0.98774795522931602 18.500000000000004 0 1 27.500000000000004 0.16800682982356294 0.12447811117596704 17.500000000000004 1.0000000180025095e-35 35.000000000000007
decision_type=2 2 2 2 2 2 1 1 2 2 2 2 2 2
left_child=2 3 -1 4 5 7 -7 -2 -9 -6 -5 -12 -13 -14
right_child=1 -3 -4 10 9 6 -8 8 -10 -11 11 12 13 -15
leaf_value=-3.956521838915905e-05 7.8792004581431982e-05 -3.0987963941532531e-05 -3.8773034932782805e-05 0.00026820723854374733 1.5976507365414795e-05 -0.00021496378536280144 0.00064590914550215033 -0.00010863524783020039 4.0783076660551888e-05 -6.1857989925577099e-05 -0.00025244881756953389 0.001636121258926433 0.0013889803196178454 -0.0021176449174834925
leaf_weight=1165.5620222198777 2522.7772326692939 4164.8664001857396 11804.306250594091 24482.400676074903 5821.7625002982095 1312.0414495244622 4298.8311195522547 3038.9288529828191 1539.8631616905332 32129.258487414336 28341.014423470013 4410.1545280180871 932.47189039923251 912.98260067403316
leaf_count=7354 10960 17981 45165 65189 11711 8081 15944 12310 6392 107124 115186 17700 5308 3043
internal_value=-0.00381102 -0.000507926 -0.0327976 -0.000170407 -0.000988954 0.00185277 0.00557216 -0.00108957 -0.00383861 -0.00194108 0.000531591 -0.000506235 0.00546504 -0.00322251
internal_weight=126877 113907 12969.9 109742 50663.5 12712.4 5610.87 7101.57 4578.79 37951 59079 34596.6 6255.61 1845.45
internal_count=449448 396929 52519 378948 172522 53687 24025 29662 18702 118835 206426 141237 26051 8351
cat_boundaries=0 1 2
cat_threshold=268435586 67113088
is_linear=0
shrinkage=0.035


Tree=199
num_leaves=15
num_cat=0
split_feature=6 53 53 11 6 9 57 28 1 36 2 14 1 1
split_gain=9918.72 265.815 151.277 48.5958 58.3965 45.0685 44.9687 95.1113 128.591 101.728 91.8748 71.206 70.5822 70.0634
threshold=1.0000000180025095e-35 0.040625000000000008 0.85912698412698429 0.99008769215259795 2.8899338351852095 1.0099243658995272 1.3114014201657833 51.500000000000007 17.500000000000004 13.750000000000002 3.5000000000000004 1.0123130853103539 11.500000000000002 8.5000000000000018
decision_type=2 2 2 2 2 2 2 2 2 2 2 2 2 2
left_child=2 3 -1 4 -2 -6 -5 -8 10 -10 11 -9 -12 -13
right_child=1 -3 -4 6 5 -7 7 8 9 -11 12 13 -14 -15
leaf_value=-3.8180435745538485e-05 -2.5946686424455727e-05 -2.9903385203578888e-05 -3.7415978710135403e-05 -1.0486839134951355e-05 -0.00016060259733558543 2.9343209337082652e-05 8.1661281195244412e-07 -0.0001935888466578617 -0.0020738026700547374 0.00082858718248582386 0.00057611020821788153 0.003399703936750056 0.0025933873984580673 0.00055154281509568141
leaf_weight=1165.5620222198777 1096.3197463166434 4164.8664001857396 11804.306250594091 40506.656735969009 19268.660052579828 14517.770775849698 23419.267556834035 2440.9669015854597 1002.8068206391763 822.71843816782348 1060.494278792059 939.63213036209345 1989.4357239033561 2677.7577617689967
leaf_count=7354 3073 17981 45165 131247 69707 59042 73145 8982 3850 3683 4429 3032 9626 9132
internal_value=-0.00380387 -0.000500539 -0.0327925 -0.000170764 -0.00124951 -0.000990105 0.000332006 0.00126332 0.00395696 -0.00450299 0.00565563 0.00315249 0.0106013 0.00626298
internal_weight=126877 113907 12969.9 109742 34882.8 33786.4 74859.7 34353.1 10933.8 1825.53 9108.29 6058.36 3049.93 3617.39
internal_count=449448 396929 52519 378948 131822 128749 247126 115879 42734 7533 35201 21146 14055 12164
is_linear=0
shrinkage=0.035


Tree=200
num_leaves=15
num_cat=0
split_feature=53 53 53 13 64 62 60 57 2 1 60 11 27 62
split_gain=9917.34 250.918 159.673 47.7097 46.6511 83.6796 122.601 85.6818 79.5787 162.439 83.1533 65.595 61.3182 54.3335
threshold=0.52638888888888902 0.040625000000000008 0.85912698412698429 1.0550376913026442 -0.027083333333333338 3.1854166666666672 -0.79354221435844496 1.8758755093681185 3.5000000000000004 17.500000000000004 0.081673369964559484 0.97827158605532338 16.500000000000004 3.8208333333333342
decision_type=2 2 2 2 2 2 2 2 2 2 2 2 2 2
left_child=1 4 3 -2 -1 11 7 -7 9 10 -8 -6 -11 -12
right_child=2 -3 -4 -5 5 6 8 -9 -10 12 13 -13 -14 -15
leaf_value=3.9126554631997723e-05 -3.6844120494444637e-05 -2.8983396858544854e-05 -3.6106419455280666e-05 7.6911493112752789e-05 -0.00014930312773145385 0.0016383469190725131 -0.0019774692025736696 -0.00029902564917958511 0.00061212835155348248 0.00013013526016632417 0.00050147843175141768 -2.0002550299169866e-05 0.0019236604181465135 -0.00059732363862185502
leaf_weight=30612.246499543078 1110.4384528063238 4133.3688824337441 11804.306250594091 86.621087165549397 11978.433171603596 2457.560835368 931.81799975410104 739.97936236765236 3683.3753952039406 884.43990090489388 838.32520133256912 53931.134450152051 717.68220199644566 2967.4919045418501
leaf_count=118439 7272 17551 45165 512 46222 9496 3672 3037 15013 2664 2456 167172 2447 8330
internal_value=-0.00378472 -0.000477161 -0.0327322 -0.0202543 -0.000157928 -0.000606755 0.00193357 0.00788936 2.76047e-05 -0.00234852 -0.0056048 -0.00111653 0.00725565 -0.00329068
internal_weight=126877 113876 13001.4 1197.06 109742 79130.2 13220.7 3197.54 10023.1 6339.76 4737.64 65909.6 1602.12 3805.82
internal_count=449448 396499 52949 7784 378948 260509 47115 12533 34582 19569 14458 213394 5111 10786
is_linear=0
shrinkage=0.035


Tree=201
num_leaves=15
num_cat=1
split_feature=53 53 53 13 0 60 64 62 60 57 2 1 60 11
split_gain=9927.17 237.827 161.238 47.4674 44.9494 56.3028 42.8739 79.4485 117.125 79.3596 75.7285 151.413 80.6883 61.0757
threshold=0.52638888888888902 0.040625000000000008 0.85912698412698429 1.0550376913026442 0 -0.30900554811238667 -0.027083333333333338 3.1854166666666672 -0.79354221435844496 1.8758755093681185 3.5000000000000004 17.500000000000004 0.081673369964559484 0.97827158605532338
decision_type=2 2 2 2 1 2 2 2 2 2 2 2 2 2
left_child=1 6 3 -2 -3 -6 -1 13 9 -9 11 12 -10 -8
right_child=2 4 -4 -5 5 -7 7 8 10 -11 -12 -13 -14 -15
leaf_value=3.7757125219877827e-05 -3.5554576277139078e-05 -5.9367337510822163e-05 -3.4842694774345846e-05 7.4219590853806449e-05 -3.8556364729478656e-05 -1.0130656918070381e-05 -0.00014407751826085298 0.001581004776904972 -0.0019082577804835944 -0.00028855975145830273 0.00059070385924911201 0.0010411613225044538 -0.00030826030520128447 -1.930246103869892e-05
leaf_weight=30612.246499543078 1110.4384528063238 497.26684528589249 11804.306250594091 86.621087165549397 1660.1356209407095 1975.9664162071422 11978.433171603596 2457.560835368 931.81799975410104 739.97936236765236 3683.3753952039406 1602.1221029013395 3805.8171058744192 53931.134450152051
leaf_count=118439 7272 1185 45165 512 8355 8011 46222 9496 3672 3037 15013 5111 10786 167172
internal_value=-0.00376449 -0.000455297 -0.0327263 -0.0201908 -0.00868671 -0.0072304 -0.000144504 -0.000574778 0.00190048 0.00772175 3.756e-05 -0.00228039 -0.00542419 -0.0010715
internal_weight=126877 113876 13001.4 1197.06 4133.37 3636.1 109742 79130.2 13220.7 3197.54 10023.1 6339.76 4737.64 65909.6
internal_count=449448 396499 52949 7784 17551 16366 378948 260509 47115 12533 34582 19569 14458 213394
cat_boundaries=0 1
cat_threshold=2048
is_linear=0
shrinkage=0.035


Tree=202
num_leaves=15
num_cat=1
split_feature=53 53 53 13 0 57 13 9 1 21 1 1 1 57
split_gain=9928.87 220.499 166.325 46.6919 41.7827 41.223 41.8935 41.314 46.8419 40.9478 69.4181 134.168 83.9079 75.5825
threshold=0.52638888888888902 0.040625000000000008 0.85912698412698429 1.0550376913026442 0 2.5717698402061928 1.0039624384260495 0.99188436965287308 3.5000000000000004 1.0000000180025095e-35 13.500000000000002 16.500000000000004 15.500000000000002 0.32200001504318715
decision_type=2 2 2 2 1 2 2 2 2 2 2 2 2 2
left_child=1 5 3 -2 -3 6 7 -1 -9 -8 -11 12 -12 -13
right_child=2 4 -4 -5 -6 -7 9 8 -10 10 11 13 -14 -15
leaf_value=-0.00011290509725288613 -3.4310166107439213e-05 -2.9153534043088977e-05 -3.362320045724374e-05 7.1621905173923199e-05 -2.4182245823201723e-05 0.0046660469888136838 9.125903552022718e-08 -3.5335003258083026e-05 5.1601197875269094e-06 -1.176651012951527e-05 0.00096121145446884115 0.00040249274305174281 0.003434332791024888 -0.00022634940667127097
leaf_weight=19881.64444224257 1110.4384528063238 1719.5683700069785 11804.306250594091 86.621087165549397 2413.8005124267656 206.92530942894518 30484.165422085905 2838.7749187748414 44207.402305433759 5668.2485673984047 1586.6723735998385 1085.8809483265504 911.26352626155131 2871.5091092158109
leaf_count=71346 7272 4887 45165 512 12664 1503 102630 7899 151322 21127 5472 3280 3034 11335
internal_value=-0.00374304 -0.000433563 -0.0327074 -0.0199864 -0.00835944 -0.000134306 -0.000164477 -0.000710578 -0.000145148 0.000693297 0.00241291 0.00489172 0.0112254 0.000875653
internal_weight=126877 113876 13001.4 1197.06 4133.37 109742 109536 66927.8 47046.2 42607.7 12123.6 6455.33 2497.94 3957.39
internal_count=449448 396499 52949 7784 17551 378948 377445 230567 159221 146878 44248 23121 8506 14615
cat_boundaries=0 1
cat_threshold=6272
is_linear=0
shrinkage=0.035


Tree=203
num_leaves=15
num_cat=1
split_feature=53 53 53 13 0 41 57 64 40 11 36 1 14 36
split_gain=9905.22 208.487 168.269 44.3822 42.4366 40.769 58.1007 57.1975 49.869 42.2303 45.2484 97.3773 72.0433 62.6208
threshold=0.52638888888888902 0.040625000000000008 0.85912698412698429 1.0550376913026442 0 16.700000000000006 1.5999690615933397 -0.76041666666666652 6.950000000000002 0.99008769215259795 17.550000000000004 17.500000000000004 0.91445908622183281 26.150000000000002
decision_type=2 2 2 2 1 2 2 2 2 2 2 2 2 2
left_child=1 5 3 -2 -3 7 -7 -1 9 10 -9 13 -13 -12
right_child=2 4 -4 -5 -6 6 -8 8 -10 -11 11 12 -14 -15
leaf_value=0.0010448971155860387 -3.3109310293678838e-05 -2.8133160351580867e-05 -3.2446388441240206e-05 6.9115138492835897e-05 -2.3335867219389676e-05 -0.001565944034697058 0.0030459453947868434 -6.9306771280449925e-05 -0.0024105151825919093 1.3054464754449492e-05 -2.1294883134238292e-05 0.001464635940258313 0.00013216131967726976 -0.0012871280706625223
leaf_weight=472.52249258384109 1110.4384528063238 1719.5683700069785 11804.306250594091 86.621087165549397 2413.8005124267656 363.99037169665098 78.123534582555294 21792.732073214836 303.251301150769 74181.54723100015 7475.0715460181236 1629.3786286264658 2145.3156304545701 1300.5541134402156
leaf_count=2151 7272 4887 45165 512 12664 1693 376 76579 1467 244018 31392 6574 8717 5981
internal_value=-0.00372517 -0.000419631 -0.032655 -0.0198647 -0.0081266 -0.000128639 -0.0106171 -8.52465e-05 -0.000138545 -9.82845e-05 -0.00111282 0.000561011 0.0052541 -0.00146133
internal_weight=126877 113876 13001.4 1197.06 4133.37 109742 442.114 109300 108828 108525 34343.1 12550.3 3774.69 8775.63
internal_count=449448 396499 52949 7784 17551 378948 2069 376879 374728 373261 129243 52664 15291 37373
cat_boundaries=0 1
cat_threshold=6272
is_linear=0
shrinkage=0.035


Tree=204
num_leaves=15
num_cat=0
split_feature=53 53 53 13 41 63 40 36 46 28 61 35 62 27
split_gain=9880.18 194.878 173.957 43.4508 40.5355 53.7522 70.2338 43.8359 163.02 126.85 88.4431 87.5629 72.878 60.847
threshold=0.52638888888888902 0.040625000000000008 0.85912698412698429 1.0550376913026442 29.000000000000004 1.1020833333333335 6.950000000000002 19.150000000000002 1.0000000000000009 54.500000000000007 23.120833333333334 70.000000000000014 3.2854166666666651 29.500000000000004
decision_type=2 2 2 2 2 2 2 2 2 2 2 2 2 2
left_child=1 4 3 -2 5 6 7 12 10 11 -9 -10 13 -1
right_child=2 -3 -4 -5 -6 -7 -8 8 9 -11 -12 -13 -14 -15
leaf_value=4.6884412150100839e-06 -3.1950484433400082e-05 -2.4956371246473331e-05 -3.1310764845796801e-05 6.6696108645586668e-05 -0.0068476583644572755 0.0010392675588694654 -0.0027902835649107481 0.00017967367577851308 -0.00299260842162019 0.00080203473427398317 0.00062750367268119662 -0.00023579597727788174 0.00037720046138150614 -5.9732676114991898e-05
leaf_weight=43586.749828634784 1110.4384528063238 4133.3688824337441 11804.306250594091 86.621087165549397 82.78600137680769 260.8160598129034 304.57360096648335 5828.1290156319737 840.80700089782476 2780.0474960356951 2543.5516701377928 10352.748392924666 6605.275994294323 36557.001862054924
leaf_count=123455 7272 17551 45165 512 405 1241 1458 24038 4448 11853 10764 42541 21227 137518
internal_value=-0.00371003 -0.000408678 -0.0326033 -0.0196105 -0.000127344 -0.000107768 -0.000146308 -9.86801e-05 0.00128334 -0.00103077 0.00514254 -0.00269303 -0.000454774 -0.000746129
internal_weight=126877 113876 13001.4 1197.06 109742 109660 109399 109094 22345.3 13973.6 8371.68 11193.6 86749 80143.8
internal_count=449448 396499 52949 7784 378948 378543 377302 375844 93644 58842 34802 46989 282200 260973
is_linear=0
shrinkage=0.035


Tree=205
num_leaves=15
num_cat=2
split_feature=53 53 53 0 60 12 51 0 13 6 51 9 10 13
split_gain=9845.3 194.7 152.076 53.1542 51.4851 40.3332 42.0538 82.2863 55.7789 52.4818 50.37 44.6379 48.2895 51.6979
threshold=0.57321428571428579 0.040625000000000008 0.85912698412698429 0 -0.30900554811238667 1.8345429119556795 0.34534397335932426 1 1.0414172423841785 8.1221801372648006 0.91106682255889482 1.0727240215409906 1.009310124759079 1.0039624384260495
decision_type=2 2 2 1 2 2 2 1 2 2 2 2 2 2
left_child=1 5 -2 -3 -5 6 8 -8 11 -10 -9 12 13 -1
right_child=2 3 -4 4 -6 -7 7 10 9 -11 -12 -13 -14 -15
leaf_value=-1.6480314609462547e-05 -3.0832217478231081e-05 -5.4410973400503385e-05 -3.0214888076193912e-05 -3.4658171938364688e-05 -6.9521851910679044e-06 0.0020938271246388222 -0.00059820793806623592 -0.00020110316339779334 0.00011199309538085343 0.0043195473224868748 0.0011916593516300034 0.00023022418307592775 -7.3678874226833376e-05 6.4913245461735702e-05
leaf_weight=55635.134733185172 1056.423345034942 576.74531763792038 11804.306250594091 1678.021298676962 2019.2384610557929 292.07176106143743 1162.7390446893405 3307.1898852381855 3952.5785006219521 112.41442483663559 711.95611907169223 4719.7223217780702 20309.27318216674 19539.406950118951
leaf_count=186863 7121 1395 45165 8503 8316 1045 5544 15490 16719 133 2301 22968 72323 55562
internal_value=-0.00368784 -0.000412201 -0.0327051 -0.0077322 -0.00610067 -0.00012644 -0.000161673 -0.00323604 -8.58915e-06 0.00400548 -0.000836287 -0.000171813 -0.000336182 7.29989e-05
internal_weight=126877 114016 12860.7 4274.01 3697.26 109742 109450 5181.89 104269 4064.99 4019.15 100204 95483.8 75174.5
internal_count=449448 397162 52286 18214 16819 378948 377903 23335 354568 16852 17791 337716 314748 242425
cat_boundaries=0 1 3
cat_threshold=2048 2 262144
is_linear=0
shrinkage=0.035


Tree=206
num_leaves=15
num_cat=0
split_feature=53 53 53 13 64 62 60 57 2 1 60 27 11 62
split_gain=9833.14 184.151 162.802 41.8032 38.6114 67.6895 108.073 75.1589 71.6171 136.308 76.2534 60.016 52.8617 51.2733
threshold=0.52638888888888902 0.85912698412698429 0.040625000000000008 1.0550376913026442 -0.027083333333333338 3.1854166666666672 -0.79354221435844496 1.8758755093681185 3.5000000000000004 17.500000000000004 0.081673369964559484 16.500000000000004 0.99008769215259795 3.8208333333333342
decision_type=2 2 2 2 2 2 2 2 2 2 2 2 2 2
left_child=2 3 4 -2 -1 12 7 -7 9 10 -8 -11 -6 -12
right_child=1 -3 -4 -5 5 6 8 -9 -10 11 13 -13 -14 -15
leaf_value=3.6158214771354098e-05 -2.9753089866492992e-05 -2.9157366993527123e-05 -2.3216150640818503e-05 6.6266128912008759e-05 -9.5502271628931107e-05 0.0014896459149640875 -0.0018270762548272604 -0.00030473346694286698 0.00055994897440135203 5.1744457690625638e-05 0.00048758731390919025 0.001786520160588593 -1.1453269381476979e-05 -0.00056581352035715241
leaf_weight=30612.246499543078 1110.4384528063238 11804.306250594091 4133.3688824337441 86.621087165549397 19648.419893924147 2457.560835368 931.81799975410104 739.97936236765236 3683.3753952039406 884.43990090489388 838.32520133256912 717.68220199644566 46261.1477278315 2967.4919045418501
leaf_count=118439 7272 45165 17551 512 70811 9496 3672 3037 15013 2664 2456 2447 142583 8330
internal_value=-0.00367752 -0.0325019 -0.000384036 -0.0191541 -0.000126895 -0.000535221 0.00174953 0.00734132 -3.98786e-05 -0.00229395 -0.00527667 0.00650427 -0.000993711 -0.00306094
internal_weight=126877 13001.4 113876 1197.06 109742 79130.2 13220.7 3197.54 10023.1 6339.76 4737.64 1602.12 65909.6 3805.82
internal_count=449448 52949 396499 7784 378948 260509 47115 12533 34582 19569 14458 5111 213394 10786
is_linear=0
shrinkage=0.035


Tree=207
num_leaves=15
num_cat=2
split_feature=53 53 53 0 60 2 12 7 0 41 64 12 51 51
split_gain=9805.56 175.694 170.109 52.1607 48.9934 41.5885 38.6044 39.8605 38.676 38.5701 51.1623 36.5167 37.5206 59.2032
threshold=0.57321428571428579 0.040625000000000008 0.85912698412698429 0 -0.30900554811238667 1.0000000180025095e-35 0.92893578774470653 1.1176521193660351 1 29.000000000000004 -0.88958333333333317 1.8345429119556795 0.39149443203316564 1.0270234180041347
decision_type=2 2 2 1 2 2 2 2 1 2 2 2 2 2
left_child=1 6 -2 5 -5 -3 8 9 -1 10 -8 12 -12 -14
right_child=2 3 -4 4 -6 -7 7 -9 -10 -11 11 -13 13 -15
leaf_value=-0.00084343408163238987 -2.8711731721165735e-05 2.9627143548003096e-06 -2.8136859148753676e-05 -3.2632570648093268e-05 -5.8962934369518762e-06 -5.3624799550333134e-05 0.0019890329551342906 0.00033189957444874392 -0.00013992824203180637 -0.0066066770986203342 -2.2405791063480971e-06 0.0020238857547834744 -0.00050091654125720747 0.0026365512084951712
leaf_weight=627.44736902858131 1056.423345034942 104.47778832912445 11804.306250594091 1678.021298676962 2019.2384610557929 472.26752930879593 267.65100321173668 3208.7687466354109 3190.2731400728226 82.737312488257885 99689.826249206671 291.61967216897756 2197.7667712804396 186.39665867527947
leaf_count=3264 7121 242 45165 8503 8316 1153 1263 15639 15731 404 331732 1041 9238 636
internal_value=-0.00365501 -0.000385993 -0.0326136 -0.00733954 -0.00572726 -0.0170138 -0.000114538 1.0243e-05 -0.00356763 -0.00010993 -8.95352e-05 -0.000130218 -0.000166135 -0.00449599
internal_weight=126877 114016 12860.7 4274.01 3697.26 576.745 109742 105925 3817.72 102716 102633 102366 102074 2384.16
internal_count=449448 397162 52286 18214 16819 1395 378948 359953 18995 344314 343910 342647 341606 9874
cat_boundaries=0 1 3
cat_threshold=2048 0 262144
is_linear=0
shrinkage=0.035


Tree=208
num_leaves=15
num_cat=1
split_feature=53 53 0 53 2 27 12 14 59 1 1 57 46 57
split_gain=9804.78 246.294 85.386 60.5233 52.9581 45.5463 37.6953 78.8524 57.2491 57.1497 53.7437 72.8783 50.4206 53.5372
threshold=0.70479302832244028 0.040625000000000008 0 0.85912698412698429 1.0000000180025095e-35 27.500000000000004 0.98597127381986993 1.1694833628063137 -0.22611359161738873 17.500000000000004 7.5000000000000009 0.70685354671678924 0.90000000000000135 0.42610336992466463
decision_type=2 2 1 2 2 2 2 2 2 2 2 2 2 2
left_child=1 6 4 -2 -3 -4 7 8 9 10 11 -1 13 -9
right_child=3 2 5 -5 -6 -7 -8 12 -10 -11 -12 -13 -14 -15
leaf_value=7.0937803337443457e-05 -2.7706821110924936e-05 1.7262493765710532e-06 -6.1250967784760681e-06 -2.7152069078547299e-05 -5.3060532953481074e-05 -3.3316402723022605e-05 7.5829159883894503e-06 -3.733944218295427e-05 -8.9565288472331648e-05 -0.00050496071655069979 0.00079349734791187021 -0.0021146729908029711 0.0011761581648207821 -0.0030437797994728941
leaf_weight=612.15599898993969 522.15110328909941 142.34644401073456 1961.2100216532126 11804.306250594091 638.9042908847332 2065.8165625678375 85622.267790114507 550.35909192170948 16525.013651421294 1192.5816768705845 4006.9582699351013 454.33185654878616 197.89643773133866 580.92214923491701
leaf_count=1674 4116 351 8424 45165 1597 10847 280678 1860 71730 4223 13720 1416 1062 2585
internal_value=-0.00364948 -0.000456622 -0.00820157 -0.0332966 -0.0186892 -0.00606437 -0.000116567 -0.00133842 -0.000853041 0.00199351 0.00361397 -0.00334496 -0.00959261 -0.0124306
internal_weight=126877 114551 4808.28 12326.5 781.251 4027.03 109742 24120.2 22791 6266.03 5073.45 1066.49 1329.18 1131.28
internal_count=449448 400167 21219 49281 1948 19271 378948 98270 92763 21033 16810 3090 5507 4445
cat_boundaries=0 1
cat_threshold=2048
is_linear=0
shrinkage=0.035


Tree=209
num_leaves=15
num_cat=1
split_feature=53 53 0 53 2 27 57 1 62 61 2 1 27 28
split_gain=9802.65 236.982 84.4866 62.7299 51.7975 42.5249 37.926 58.1565 41.0752 120.777 89.7081 159.808 246.464 156.398
threshold=0.70479302832244028 0.040625000000000008 0 0.85912698412698429 1.0000000180025095e-35 27.500000000000004 2.3297221445190859 15.500000000000002 0.78333333333333421 24.966666666666672 3.5000000000000004 17.500000000000004 59.500000000000007 40.500000000000007
decision_type=2 2 1 2 2 2 2 2 2 2 2 2 2 2
left_child=1 6 4 -2 -3 -4 8 -8 9 -1 11 -10 13 -13
right_child=3 2 5 -5 -6 -7 7 -9 10 -11 -12 12 -14 -15
leaf_value=-2.4154972578367861e-05 -2.6737082372042562e-05 1.6658306483910641e-06 -5.9107183912294031e-06 -2.6201746660798144e-05 -5.1203414300109238e-05 -3.2150328627716811e-05 0.0014332421484842151 -0.0018950946916073642 -0.00023541954341947061 0.00043878603736811575 0.00037074281051967196 0.00033870243241434399 0.0020166105572366824 -0.00076880020411217674
leaf_weight=60007.25461401348 522.15110328909941 142.34644401073456 1961.2100216532126 11804.306250594091 638.9042908847332 2065.8165625678375 1381.5005701035261 360.39540840685368 21023.107851751149 1433.0778261162341 16131.565698130056 4470.5341628491879 2441.9468394815922 2493.1039519160986
leaf_count=196641 4116 351 8424 45165 1597 10847 5873 1652 66717 6159 72294 12715 9373 7524
internal_value=-0.00364394 -0.000451425 -0.00804856 -0.0332878 -0.0184789 -0.00592385 -0.000117859 0.0049906 -0.000200706 -0.000794841 0.000583309 -0.00053535 0.0032546 -0.000105396
internal_weight=126877 114551 4808.28 12326.5 781.251 4027.03 109742 1741.9 108001 61440.3 46560.3 30428.7 9405.58 6963.64
internal_count=449448 400167 21219 49281 1948 19271 378948 7525 371423 202800 168623 96329 29612 20239
cat_boundaries=0 1
cat_threshold=2048
is_linear=0
shrinkage=0.035


Tree=210
num_leaves=15
num_cat=1
split_feature=53 53 0 53 2 27 57 12 14 59 1 1 61 46
split_gain=9786.16 229.651 85.1995 67.8842 51.4175 42.9673 37.2071 39.1251 76.5293 50.7338 50.1928 48.2236 50.2476 46.8469
threshold=0.70479302832244028 0.040625000000000008 0 0.85912698412698429 1.0000000180025095e-35 27.500000000000004 2.5717698402061928 0.98597127381986993 1.1694833628063137 -0.22611359161738873 17.500000000000004 8.5000000000000018 5.2479166666666677 0.90000000000000135
decision_type=2 2 1 2 2 2 2 2 2 2 2 2 2 2
left_child=1 6 4 -2 -3 -4 7 8 9 10 11 -1 -13 -10
right_child=3 2 5 -5 -6 -7 -8 -9 13 -11 -12 12 -14 -15
leaf_value=-4.6736911001418231e-05 -2.5801284489021071e-05 1.6075265756973762e-06 -5.7038432475363762e-06 -2.5284685527670207e-05 -4.9411294799605414e-05 -3.1025067125746715e-05 0.0044304692244528689 6.9159058199458387e-06 -0.00034358008934640475 -9.0449937972465487e-05 -0.00047307427575778583 1.2240915105889983e-05 0.0013093855994132965 0.0011022734064383866
leaf_weight=1410.3315623737872 522.15110328909941 142.34644401073456 1961.2100216532126 11804.306250594091 638.9042908847332 2065.8165625678375 206.92530942894518 85544.217893972993 1124.8823814806528 16461.719657780603 1188.5258213430643 1357.1125379502773 2251.6119165346026 197.15984190325253
leaf_count=4172 4116 351 8424 45165 1597 10847 1503 280069 4422 71214 4183 4020 8311 1054
internal_value=-0.00364892 -0.000459089 -0.00793778 -0.0332678 -0.0184095 -0.0058057 -0.000130723 -0.000159387 -0.00140814 -0.000928636 0.00176576 0.00329725 0.00543774 -0.00956164
internal_weight=126877 114551 4808.28 12326.5 781.251 4027.03 109742 109536 23991.3 22669.3 6207.58 5019.06 3608.72 1322.04
internal_count=449448 400167 21219 49281 1948 19271 378948 377445 97376 91900 20686 16503 12331 5476
cat_boundaries=0 1
cat_threshold=2048
is_linear=0
shrinkage=0.035


Tree=211
num_leaves=15
num_cat=1
split_feature=53 53 0 53 2 60 41 63 40 9 62 50 57 59
split_gain=9794.03 224.188 86.5946 60.5155 51.1986 37.8433 36.7769 42.7865 61.052 37.8895 57.9262 53.9685 51.4331 47.2287
threshold=0.71825396825396837 0.040625000000000008 0 0.85912698412698429 1.0000000180025095e-35 -0.90146829171281539 29.000000000000004 1.1020833333333335 6.950000000000002 1.0549227400587247 1.8291666666666664 19.000000000000004 1.7806198913340887 0.59125596962661842
decision_type=2 2 1 2 2 2 2 2 2 2 2 2 2 2
left_child=1 6 4 -2 -3 -4 7 8 9 -1 11 -11 -13 -12
right_child=3 2 5 -5 -6 -7 -8 -9 -10 10 13 12 -14 -15
leaf_value=-1.0491089920214859e-05 -2.4898239531905332e-05 1.5512631455479684e-06 -3.2924506867304908e-05 -2.4399721534201749e-05 -4.7681899481619226e-05 -1.127965051201422e-05 -0.0063751054348916755 0.00093377065434520747 -0.002651283710644188 0.00017648028665706502 0.0012571490377367679 -0.00019055027574750043 0.0019591822764262216 0.00024525501882204705
leaf_weight=98956.530559512088 483.42982050892897 142.34644401073456 869.2389852469787 11804.306250594091 638.9042908847332 3196.5088817542419 82.78600137680769 260.8160598129034 304.57360096648335 2745.6470619044267 1912.3667874871753 3014.6676419712603 453.47068413347006 2011.6285256035626
leaf_count=328615 3776 351 4351 45165 1597 15260 405 1241 1458 15928 7997 11156 2030 10118
internal_value=-0.00363403 -0.000448471 -0.00780693 -0.0333165 -0.0183694 -0.00567821 -0.000122788 -0.000104142 -0.000138525 -9.41196e-05 0.00194268 -0.000161131 -0.00305956 0.00526607
internal_weight=126877 114589 4847 12287.7 781.251 4065.75 109742 109660 109399 109094 10137.8 6213.79 3468.14 3924
internal_count=449448 400507 21559 48941 1948 19611 378948 378543 377302 375844 47229 29114 13186 18115
cat_boundaries=0 1
cat_threshold=2048
is_linear=0
shrinkage=0.035


Tree=212
num_leaves=15
num_cat=1
split_feature=53 53 0 53 2 27 41 64 36 11 9 57 59 1
split_gain=9799.62 216.277 86.0851 60.5155 50.2568 38.0105 36.6162 39.9371 49.8683 41.9697 47.1204 44.6257 68.5345 53.8461
threshold=0.71825396825396837 0.040625000000000008 0 0.85912698412698429 1.0000000180025095e-35 27.500000000000004 29.000000000000004 -0.29999999999999993 14.050000000000002 1.0061784460713457 0.99188436965287308 1.6642885166666461 0.56314550935064711 15.500000000000002
decision_type=2 2 1 2 2 2 2 2 2 2 2 2 2 2
left_child=1 6 4 -2 -3 -4 7 8 -1 10 -9 -11 13 -13
right_child=3 2 5 -5 -6 -7 -8 9 -10 11 -12 12 -14 -15
leaf_value=-6.4697430033913109e-05 -2.4026801148288646e-05 1.4969689354537914e-06 -5.5968787387810723e-06 -2.3545731280504686e-05 -4.6013032999762544e-05 -2.9602819765800288e-05 -0.006151976744670465 -0.00017668503027063343 0.00066041344645524093 1.8759399429310598e-06 -1.1411925038812832e-05 0.0012875297746277226 -0.00048437577499118591 0.00024492789290740061
leaf_weight=1533.145895794034 483.42982050892897 142.34644401073456 1989.2022550301626 11804.306250594091 638.9042908847332 2076.545611971058 82.78600137680769 12460.533689645585 2145.2638456076384 39192.073591948953 46277.549347947584 2905.3646403432358 2001.7784282667562 3143.9914818375837
leaf_count=6625 3776 351 8661 45165 1597 10950 405 42099 10437 132242 155195 10057 10754 11134
internal_value=-0.00362555 -0.000439085 -0.00766654 -0.0333165 -0.018196 -0.00554534 -0.0001192 -0.000100595 0.00347963 -0.000225175 -0.000849752 0.000551386 0.00292301 0.0047787
internal_weight=126877 114589 4847 12287.7 781.251 4065.75 109742 109660 3678.41 105981 58738.1 47243.2 8051.13 6049.36
internal_count=449448 400507 21559 48941 1948 19611 378948 378543 17062 361481 197294 164187 31945 21191
cat_boundaries=0 1
cat_threshold=2048
is_linear=0
shrinkage=0.035


Tree=213
num_leaves=15
num_cat=1
split_feature=53 53 0 53 2 27 41 64 62 60 57 2 1 60
split_gain=9776 212.549 87.1686 60.0925 50.2568 37.5113 35.784 37.1361 60.7581 99.4379 69.1534 62.1621 119.064 72.2
threshold=0.71825396825396837 0.040625000000000008 0 0.85912698412698429 1.0000000180025095e-35 27.500000000000004 29.000000000000004 -0.027083333333333338 3.1854166666666672 -0.79354221435844496 1.8758755093681185 3.5000000000000004 17.500000000000004 0.081673369964559484
decision_type=2 2 1 2 2 2 2 2 2 2 2 2 2 2
left_child=1 6 4 -2 -3 -4 7 -1 -9 10 -10 12 13 -11
right_child=3 2 5 -5 -6 -7 -8 8 9 11 -12 -13 -14 -15
leaf_value=3.6967570384453258e-05 -2.3185863108098541e-05 1.4445750227129116e-06 -5.4009879829237355e-06 -2.2721630685687023e-05 -4.4402576844770856e-05 -2.8566721073997269e-05 -0.0059366575586069972 -2.8476343529732628e-05 0.0014245515654955456 -0.001755016410133995 -0.00029864799402117508 0.00052507391042577517 0.00091772119073309851 -0.00028006698171684663
leaf_weight=30546.017698441632 483.42982050892897 142.34644401073456 1989.2022550301626 11804.306250594091 638.9042908847332 2076.545611971058 82.78600137680769 65893.010421480285 2457.560835368 931.81799975410104 739.97936236765236 3683.3753952039406 1602.1221029013395 3805.8171058744192
leaf_count=118115 3776 351 8661 45165 1597 10950 405 213313 9496 3672 3037 15013 5111 10786
internal_value=-0.00362004 -0.00043742 -0.00760231 -0.0332751 -0.018196 -0.00546898 -0.000120304 -0.000101912 -0.000502122 0.00166245 0.0070262 -5.39758e-05 -0.00215397 -0.00494164
internal_weight=126877 114589 4847 12287.7 781.251 4065.75 109742 109660 79113.7 13220.7 3197.54 10023.1 6339.76 4737.64
internal_count=449448 400507 21559 48941 1948 19611 378948 378543 260428 47115 12533 34582 19569 14458
cat_boundaries=0 1
cat_threshold=2048
is_linear=0
shrinkage=0.035


Tree=214
num_leaves=15
num_cat=1
split_feature=53 53 0 53 2 60 12 7 57 41 64 62 60 57
split_gain=9784.35 204.208 85.8432 60.0925 48.9765 35.8773 35.4911 36.5824 35.4203 35.1394 36.3363 53.8942 98.3789 68.6035
threshold=0.71825396825396837 0.040625000000000008 0 0.85912698412698429 1.0000000180025095e-35 -0.86092912513210462 0.92628517360663987 1.1266818792896189 0.10803771127657769 29.000000000000004 -0.027083333333333338 3.1854166666666672 -0.79354221435844496 1.8758755093681185
decision_type=2 2 1 2 2 2 2 2 2 2 2 2 2 2
left_child=1 6 4 -2 -3 -4 -1 9 -9 10 -8 -12 13 -13
right_child=3 2 5 -5 -6 -7 7 8 -10 -11 11 12 -14 -15
leaf_value=-0.00025360429622146911 -2.2374357899315093e-05 1.3940148969179562e-06 -2.9736215197556323e-05 -2.1926373611687977e-05 -4.2848486655203881e-05 -9.030736728846252e-06 3.7165494693106595e-05 -0.00012519126384215873 0.00072478272875204145 -0.0057288745440557502 -2.7049720598689712e-05 0.0014468921494475663 -1.1620304332882194e-05 -0.00032243031842439597
leaf_weight=3536.730953903636 483.42982050892897 142.34644401073456 1017.2573246965185 11804.306250594091 638.9042908847332 3048.4905423047021 28627.344857999356 308.50178313720971 2525.0636042333208 82.737312488257885 61998.898715732852 2235.5533382813446 9754.5100502697751 673.14630672242492
leaf_count=17629 3776 351 5337 45165 1597 14274 108200 1376 12572 404 194544 8421 33151 2651
internal_value=-0.00360737 -0.000423389 -0.0074463 -0.0332751 -0.0179575 -0.00533028 -0.000112558 2.45812e-06 0.0039188 -0.000105262 -8.59192e-05 -0.000492406 0.00158746 0.00722493
internal_weight=126877 114589 4847 12287.7 781.251 4065.75 109742 106206 2833.57 103372 103289 74662.1 12663.2 2908.7
internal_count=449448 400507 21559 48941 1948 19611 378948 361319 13948 347371 346967 238767 44223 11072
cat_boundaries=0 1
cat_threshold=2048
is_linear=0
shrinkage=0.035


Tree=215
num_leaves=15
num_cat=2
split_feature=53 53 0 53 2 60 36 57 9 51 0 51 12 13
split_gain=9785.47 198.278 84.453 60.0925 47.964 36.1914 34.5283 33.978 36.4697 45.1394 36.5311 33.918 62.1802 50.6368
threshold=0.71825396825396837 0.040625000000000008 0 0.85912698412698429 1.0000000180025095e-35 -0.30900554811238667 10.15 2.4907850561621352 0.9263478001552552 0.91106682255889482 1 0.34534397335932426 1.8345429119556795 1.0428920307658192
decision_type=2 2 1 2 2 2 2 2 2 2 1 2 2 2
left_child=1 7 4 -2 -3 -4 -7 8 10 11 -1 13 -13 -10
right_child=3 2 5 -5 -6 6 -8 -9 9 -11 -12 12 -14 -15
leaf_value=-0.00084126515710667251 -2.1591255372839063e-05 1.3452243755258282e-06 -2.7795414816135608e-05 -2.1158950535278898e-05 -4.1348789622271748e-05 -1.2858961024184073e-05 8.0733887240827524e-06 0.0027032369467903353 -2.917462594901133e-06 0.0013843923225486077 -0.00014671738480363035 -0.00032993957931030054 0.0019033666685345687 0.00015520938364940785
leaf_weight=705.48857165779918 483.42982050892897 142.34644401073456 1772.9430165411904 11804.306250594091 638.9042908847332 1167.9917976306751 1124.813052829355 504.62420439347625 96034.523699630983 518.0393504796084 5612.0713906800374 2680.3231678758748 283.5257304944098 3403.8908075559884
leaf_count=3469 3776 351 9594 45165 1597 4465 5552 2965 318043 1708 25156 12871 1005 13731
internal_value=-0.00360567 -0.000421504 -0.00734169 -0.0332751 -0.0177668 -0.00524333 -0.00233582 -0.000115219 -0.000157474 1.0868e-06 -0.00273653 -5.15405e-05 -0.00373474 5.86049e-05
internal_weight=126877 114589 4847 12287.7 781.251 4065.75 2292.8 109742 109238 102920 6317.56 102402 2963.85 99438.4
internal_count=449448 400507 21559 48941 1948 19611 10017 378948 375983 347358 28625 345650 13876 331774
cat_boundaries=0 1 3
cat_threshold=2048 0 262144
is_linear=0
shrinkage=0.035


Tree=216
num_leaves=15
num_cat=1
split_feature=53 53 0 53 2 60 60 57 9 10 62 60 46 1
split_gain=9795.38 182.884 77.0414 60.0925 44.0453 35.262 34.2166 33.4426 34.1811 47.2189 47.0595 73.5288 52.5056 45.8096
threshold=0.71825396825396837 0.040625000000000008 0 0.85912698412698429 1.0000000180025095e-35 -0.86092912513210462 0.7440763776038376 2.5717698402061928 0.986597351708978 1.009310124759079 1.8291666666666664 -0.8038981836306559 1.7500000000000002 16.500000000000004
decision_type=2 2 1 2 2 2 2 2 2 2 2 2 2 2
left_child=1 7 4 -2 -3 -4 -6 8 -1 -10 -11 12 -12 -13
right_child=3 2 5 -5 6 -7 -8 -9 9 10 11 13 -14 -15
leaf_value=-6.0670622061769391e-05 -2.0835561434789697e-05 1.2981415223824254e-06 -2.772260814707711e-05 -2.0418387266544137e-05 -3.9901581985492238e-05 -8.4138402671705716e-06 -1.9695550963531892e-05 0.004162793370859983 2.5010474133001214e-05 -6.7110478398946135e-05 -0.00032468993230904357 -0.00050859526495512515 0.0012323018470837479 0.00045147627696946583
leaf_weight=27572.700534935575 483.42982050892897 142.34644401073456 1017.2573246965185 11804.306250594091 473.11093902587891 3048.4905423047021 165.79335185885429 206.92530942894518 59252.538473081542 15705.91017913213 471.8486726116389 3178.930893513374 1936.4182183756493 1417.2146416893229
leaf_count=101489 3776 351 5337 45165 1309 14274 288 1503 190837 57010 1857 12667 7699 5886
internal_value=-0.00359066 -0.00040489 -0.00705101 -0.0332751 -0.0170088 -0.00504644 -0.0210914 -0.000110736 -0.000137912 0.000220716 -0.0011359 0.00124862 0.00618934 -0.00134801
internal_weight=126877 114589 4847 12287.7 781.251 4065.75 638.904 109742 109536 81962.9 22710.3 7004.41 2408.27 4596.15
internal_count=449448 400507 21559 48941 1948 19611 1597 378948 377445 275956 85119 28109 9556 18553
cat_boundaries=0 1
cat_threshold=2048
is_linear=0
shrinkage=0.035


Tree=217
num_leaves=15
num_cat=1
split_feature=53 53 0 53 2 60 11 51 14 9 1 10 58 1
split_gain=9811.59 168.447 68.7927 60.0925 39.89 42.2319 35.1084 42.3448 49.7629 48.0779 48.7862 42.134 40.9637 121.696
threshold=0.71825396825396837 0.040625000000000008 0 0.85912698412698429 1.0000000180025095e-35 0.7440763776038376 1.010187190631062 0.34534397335932426 1.0429066411824164 1.0727240215409906 14.500000000000002 1.009567679297003 10.908705158582606 10.500000000000002
decision_type=2 2 1 2 2 2 2 2 2 2 2 2 2 2
left_child=1 6 4 -2 -3 -6 7 9 -9 11 -11 -1 -8 -14
right_child=3 2 -4 -5 5 -7 12 8 -10 10 -12 -13 13 -15
leaf_value=-9.765637392626127e-06 -2.0106316784572058e-05 1.2527065690990411e-06 -1.4089049099868717e-05 -1.9703743712215091e-05 -3.8505026616000004e-05 -1.9006206679808278e-05 4.2624239974920412e-05 -0.00019951105094359907 -0.0011685018909588819 1.1509522691590305e-05 0.0010663401315844324 -0.00013344542735655528 5.0581384441575913e-05 -0.00032714057379467162
leaf_weight=52842.547343523242 483.42982050892897 142.34644401073456 4065.7478670012206 11804.306250594091 473.11093902587891 165.79335185885429 39242.975074558053 1634.8815671517514 527.08353312662803 2314.4711066656746 1573.0906370142475 8406.1259006606415 1027.6498427391052 2173.6619173288345
leaf_count=166772 3776 351 19611 45165 1309 288 148581 7510 2471 11411 7669 30748 1157 2629
internal_value=-0.0035661 -0.000377696 -0.00675609 -0.0332751 -0.0161672 -0.0200522 -9.53911e-05 -0.000592517 -0.0054001 -0.000432142 0.00333719 -0.000671894 0.000692788 -0.00310815
internal_weight=126877 114589 4847 12287.7 781.251 638.904 109742 67298.2 2161.97 65136.2 3887.56 61248.7 42444.3 3201.31
internal_count=449448 400507 21559 48941 1948 1597 378948 226581 9981 216600 19080 197520 152367 3786
cat_boundaries=0 1
cat_threshold=2048
is_linear=0
shrinkage=0.035


Tree=218
num_leaves=15
num_cat=1
split_feature=53 53 0 53 60 60 13 41 57 64 57 1 11 1
split_gain=9817.88 155.862 68.9958 60.0925 43.1901 36.9287 35.7035 33.3744 47.6308 38.6173 39.5642 48.4649 39.3258 56.5871
threshold=0.71825396825396837 0.040625000000000008 0 0.85912698412698429 0.63207999751838684 -0.30900554811238667 1.0374812920183509 16.700000000000006 1.5999690615933397 -0.29999999999999993 0.49863363449312798 9.5000000000000018 0.97872776580602372 15.500000000000002
decision_type=2 2 1 2 2 2 2 2 2 2 2 2 2 2
left_child=1 7 4 -2 6 -4 -3 9 -9 10 -1 -12 13 -11
right_child=3 2 5 -5 -6 -7 -8 8 -10 12 11 -13 -14 -15
leaf_value=-3.5096930211692481e-05 -1.9402595697112035e-05 -3.715735068444e-05 -2.5665316110283029e-05 -1.9014112682287561e-05 -1.8340989446014989e-05 -4.1360688340037484e-06 3.3046203351620816e-07 -0.0014674522783546962 0.0027919896627497834 -0.00011423253556789971 0.0019860074106742027 0.00059461097219957852 5.9013177634901855e-06 8.3959735202118193e-05
leaf_weight=1023.6173331104219 483.42982050892897 456.07581503689289 1772.9430165411904 11804.306250594091 246.90541821718216 2292.8048504600301 78.269501641392708 363.99037169665098 78.123534582555294 12795.936022304697 675.75763026252389 1865.9822662174702 84419.653780363267 8519.425984230591
leaf_count=4618 3776 1294 9594 45165 428 10017 226 1693 376 49829 3215 8751 276330 34136
internal_value=-0.00355659 -0.000367159 -0.00650266 -0.0332751 -0.0159235 -0.00460741 -0.0216398 -9.56044e-05 -0.00958536 -5.63455e-05 0.00352115 0.00585431 -0.000177299 -0.00152022
internal_weight=126877 114589 4847 12287.7 781.251 4065.75 534.345 109742 442.114 109300 3565.36 2541.74 105735 21315.4
internal_count=449448 400507 21559 48941 1948 19611 1520 378948 2069 376879 16584 11966 360295 83965
cat_boundaries=0 1
cat_threshold=2048
is_linear=0
shrinkage=0.035


Tree=219
num_leaves=15
num_cat=1
split_feature=53 53 0 53 60 6 13 53 41 63 40 59 57 9
split_gain=9824.15 152.421 70.1819 60.0925 43.1901 36.0575 35.7035 35.3299 33.2443 34.1443 53.729 32.7486 32.0773 33.4739
threshold=0.71825396825396837 0.040625000000000008 0 0.85912698412698429 0.63207999751838684 1.1011472994121114 1.0374812920183509 0.55131578947368431 29.000000000000004 1.1020833333333335 6.950000000000002 0.67125374152323958 2.5717698402061928 0.98723569109534748
decision_type=2 2 1 2 2 2 2 2 2 2 2 2 2 2
left_child=1 8 4 -2 6 7 -3 11 9 10 12 -4 13 -1
right_child=3 2 5 -5 -6 -7 -8 -9 -10 -11 -12 -13 -14 -15
leaf_value=-5.781109319095006e-05 -1.8723504847713114e-05 -3.5856843410484604e-05 -6.5491415373701965e-06 -1.8348618738407496e-05 -1.7699054815404461e-05 -2.5164962975141266e-05 3.1889586234313924e-07 -4.9324243997227131e-05 -0.0054698815373791258 0.0008989401279602755 -0.0025952211712631113 2.8343412077844632e-05 0.0040178601077120396 9.7307696186131322e-06
leaf_weight=27935.47625081474 483.42982050892897 456.07581503689289 1051.1314771459438 11804.306250594091 246.90541821718216 2103.0106211069506 78.269501641392708 379.58564755017869 82.78600137680769 260.8160598129034 304.57360096648335 532.02012119814754 206.65132054872811 80952.183689248515
leaf_count=102217 3776 1294 4576 45165 428 9032 226 2915 405 1241 1458 3088 1496 272131
internal_value=-0.00354709 -0.000356648 -0.00642405 -0.0332751 -0.0159235 -0.00451396 -0.0216398 -0.00110322 -8.81085e-05 -7.03831e-05 -0.000101101 0.00121303 -5.94459e-05 -8.62073e-05
internal_weight=126877 114589 4847 12287.7 781.251 4065.75 534.345 1962.74 109742 109660 109399 1583.15 109094 108888
internal_count=449448 400507 21559 48941 1948 19611 1520 10579 378948 378543 377302 7664 375844 374348
cat_boundaries=0 1
cat_threshold=2048
is_linear=0
shrinkage=0.035


Tree=220
num_leaves=15
num_cat=1
split_feature=53 53 0 53 60 13 60 41 57 64 11 51 17 1
split_gain=9835.2 140.106 71.3183 60.0925 45.7093 35.563 35.0122 31.8426 42.8033 34.4015 37.2512 42.3268 39.1561 67.3409
threshold=0.71825396825396837 0.040625000000000008 0 0.85912698412698429 0.63207999751838684 1.0374812920183509 -0.30900554811238667 16.700000000000006 1.5999690615933397 -0.29999999999999993 1.0061784460713457 0.34534397335932426 1.0000000180025095e-35 9.5000000000000018
decision_type=2 2 1 2 2 2 2 2 2 2 2 2 2 2
left_child=1 7 4 -2 5 -3 -4 9 -9 -1 11 -11 -12 -14
right_child=3 2 6 -5 -6 -7 -8 8 -10 10 12 -13 13 -15
leaf_value=0.00021968242645616033 -1.8068182178043153e-05 -3.4601853891117641e-05 -2.3886256342293182e-05 -1.7706417082563236e-05 -1.7079587896865301e-05 3.0773450716111568e-07 -3.6701430861807573e-06 -0.001392856236583855 0.0026628071200749349 -2.0097174186430763e-05 4.9706858862359489e-05 -0.00050264201174770044 3.6667229800376414e-05 -0.00020219322395115898
leaf_weight=3565.357229590416 483.42982050892897 456.07581503689289 1772.9430165411904 11804.306250594091 246.90541821718216 78.269501641392708 2292.8048504600301 363.99037169665098 78.123534582555294 56646.132197143044 31533.482848119456 1951.1902087323833 4684.3512562438846 10919.859276659787
leaf_count=16584 3776 1294 9594 45165 428 226 10017 1693 376 187587 112640 9023 14733 36312
internal_value=-0.00353039 -0.00033815 -0.00615527 -0.0332751 -0.0157267 -0.0215967 -0.00423303 -8.06877e-05 -0.0093501 -4.23415e-05 -0.000156503 -0.000745662 0.000575889 -0.000857746
internal_weight=126877 114589 4847 12287.7 781.251 534.345 4065.75 109742 442.114 109300 105735 58597.3 47137.7 15604.2
internal_count=449448 400507 21559 48941 1948 1520 19611 378948 2069 376879 360295 196610 163685 51045
cat_boundaries=0 1
cat_threshold=2048
is_linear=0
shrinkage=0.035


Tree=221
num_leaves=15
num_cat=1
split_feature=53 49 0 53 53 6 41 57 64 11 57 59 6 46
split_gain=9838.26 137.147 68.2198 60.7807 45.3054 44.406 33.5668 40.1973 32.7954 31.4331 41.098 55.8017 55.0019 52.0327
threshold=0.71825396825396837 0.42222222222222228 0 0.85912698412698429 0.028594771241830068 1.1011472994121114 16.700000000000006 1.5999690615933397 -0.76041666666666652 1.010187190631062 1.6642885166666461 0.56314550935064711 7.8826878605704671 -0.49999999999999972
decision_type=2 2 1 2 2 2 2 2 2 2 2 2 2 2
left_child=1 4 -3 -2 6 -6 8 -8 -1 -10 12 -12 -11 -14
right_child=3 2 -4 -5 5 -7 7 -9 9 10 11 -13 13 -15
leaf_value=0.0009348450175574053 -1.7435795801811643e-05 -3.4242324395807852e-05 -1.3087827880691137e-05 -1.7086692484673521e-05 2.3375034601889285e-06 -2.1894085625008827e-05 -0.001365357628279613 0.0025696088708723201 -1.9790890086065334e-05 1.7787157867755334e-05 0.00080158671054211708 -0.00043101962930032218 0.0010470723420119088 -0.00042956286861737809
leaf_weight=467.21067307516932 483.42982050892897 543.74459416791797 567.3491642663721 11804.306250594091 1473.1023627109826 2385.4140414164867 362.23188003152609 78.123534582555294 66596.09978163871 32545.381064748624 5236.5608043402899 1795.6006063753739 176.62555006146431 2362.0414672493935
leaf_count=2136 3776 2290 4133 45165 6157 9361 1686 376 223559 118368 19111 9992 251 3087
internal_value=-0.00352309 -0.000330358 -0.012512 -0.0332725 -0.000209993 -0.00393254 -7.8616e-05 -0.00961429 -3.92786e-05 -7.94597e-05 0.000668826 0.00310891 0.000178994 -0.00477253
internal_weight=126877 114589 1111.09 12287.7 113478 3858.52 109620 440.355 109180 108712 42116.2 7032.16 35084 2538.67
internal_count=449448 400507 6423 48941 394084 15518 378566 2062 376504 374368 150809 29103 121706 3338
cat_boundaries=0 1
cat_threshold=268437504
is_linear=0
shrinkage=0.035


Tree=222
num_leaves=15
num_cat=1
split_feature=53 49 0 53 53 13 12 41 52 60 57 57 63 61
split_gain=9838.14 135.05 67.7302 60.7807 43.2817 45.9328 31.5084 31.2657 31.241 69.3858 75.3336 73.1016 72.4896 75.8048
threshold=0.71825396825396837 0.42222222222222228 0 0.85912698412698429 0.040625000000000008 0.98853855161918502 1.8345429119556795 29.000000000000004 0.16998168498168495 -0.9523422988233432 1.6304150257497732 0.70685354671678924 0.14166666666666669 15.268750000000002
decision_type=2 2 1 2 2 2 2 2 2 2 2 2 2 2
left_child=1 4 -3 -2 6 -6 7 8 9 10 11 -1 13 -11
right_child=3 2 -4 -5 5 -7 -8 -9 -10 12 -12 -13 -14 -15
leaf_value=0.00034097604698328569 -1.6825542948748236e-05 -3.3043843041954573e-05 -1.2629753904866949e-05 -1.6488658247709949e-05 -3.6116983311559555e-05 -4.4724099770911363e-06 0.0018524826841680028 -0.0051818981983006319 -1.5415643066407169e-05 1.6340927713130728e-05 0.0043784379546672261 -0.00047282357729808383 0.00038370429125964228 -0.00026112575976886974
leaf_weight=341.83143324404955 483.42982050892897 543.74459416791797 567.3491642663721 11804.306250594091 856.080968123395 2879.8238753390033 292.07176106143743 82.78600137680769 91489.347012547078 11049.317499025725 460.9450980424881 615.67793684080243 2362.3879517689347 3048.1222288608551
leaf_count=816 3776 2290 4133 45165 3606 11530 1045 405 341102 19695 1291 1795 5372 7427
internal_value=-0.00352327 -0.000330559 -0.0124187 -0.0332725 -0.000211117 -0.00391071 -8.48289e-05 -0.000115973 -9.87344e-05 0.00123901 0.0086386 0.00296796 0.000596484 -0.000355813
internal_weight=126877 114589 1111.09 12287.7 113478 3735.9 109742 109450 109368 17878.3 1418.45 957.509 16459.8 14097.4
internal_count=449448 400507 6423 48941 394084 15136 378948 377903 377498 36396 3902 2611 32494 27122
cat_boundaries=0 1
cat_threshold=268437504
is_linear=0
shrinkage=0.035


Tree=223
num_leaves=15
num_cat=1
split_feature=53 49 0 53 53 6 40 1 59 1 46 62 63 62
split_gain=9843.37 132.578 66.6799 60.7807 40.5396 44.7474 31.7805 95.8492 54.2132 65.0312 62.9094 44.7661 43.3563 54.4347
threshold=0.71825396825396837 0.42222222222222228 0 0.85912698412698429 0.040625000000000008 1.1011472994121114 0.4500000000000009 10.500000000000002 0.63209755774300602 16.500000000000004 4.7500000000000018 -2.1999999999999993 0.04791666666666667 3.1854166666666672
decision_type=2 2 1 2 2 2 2 2 2 2 2 2 2 2
left_child=1 4 -3 -2 6 -6 12 -8 11 10 -10 -9 13 -1
right_child=3 2 -4 -5 5 -7 7 8 9 -11 -12 -13 -14 -15
leaf_value=-2.3388351572852797e-05 -1.6236648945542047e-05 -3.1887308535486163e-05 -1.2187712518196603e-05 -1.59115552090401e-05 2.4870111714102393e-06 -2.1019849957533022e-05 5.1460061743689655e-05 -0.0017722513256906492 -0.0016157690003194614 -0.0002042049311572264 0.00233026776220998 -2.2369853350562297e-05 5.4452328286835331e-05 0.00022393207903687376
leaf_weight=58149.759460177971 483.42982050892897 543.74459416791797 567.3491642663721 11804.306250594091 1473.1023627109826 2262.8024807514157 4550.2023692526855 116.41799879819155 2421.9864984303713 1854.2510019764304 102.72110018879175 3825.9314956180751 25475.144691937603 13246.072306388058
leaf_count=185023 3776 2290 4133 45165 6157 8979 16244 369 10422 9313 378 12414 97877 46908
internal_value=-0.00351537 -0.000321811 -0.0122988 -0.0332725 -0.000203468 -0.00378395 -8.12463e-05 -0.00171451 -0.00394624 -0.00662227 -0.0102668 -0.000964606 0.000135924 -0.000306403
internal_weight=126877 114589 1111.09 12287.7 113478 3735.9 109742 12871.5 8321.31 4378.96 2524.71 3942.35 96871 71395.8
internal_count=449448 400507 6423 48941 394084 15136 378948 49140 32896 20113 10800 12783 329808 231931
cat_boundaries=0 1
cat_threshold=268437504
is_linear=0
shrinkage=0.035


Tree=224
num_leaves=15
num_cat=2
split_feature=53 6 53 53 13 0 41 57 51 51 0 13 6 1
split_gain=9845.78 128.49 60.7807 49.0487 40.1736 34.9454 31.6929 38.3501 30.7191 32.5213 61.432 48.4885 48.9872 37.3431
threshold=0.71825396825396837 1.0000000180025095e-35 0.85912698412698429 0.028594771241830068 0.98853855161918502 0 16.700000000000006 1.5999690615933397 1.0270234180041347 0.34534397335932426 1 1.0428920307658192 8.1221801372648006 21.500000000000004
decision_type=2 2 2 2 2 1 2 2 2 2 1 2 2 2
left_child=1 5 -2 6 -5 -1 8 -8 9 11 -11 13 -13 -3
right_child=2 3 -4 4 -6 -7 7 -9 -10 10 -12 12 -14 -15
leaf_value=-3.0771252736744145e-05 -1.5668366232448075e-05 3.6211730737767404e-06 -1.5354650776723694e-05 -3.2295552601129916e-05 -4.8072798891974848e-06 -2.0033481673847583e-05 -0.0012572834068252661 0.002478411005738086 0.0018502947223507839 -0.00053658791975712012 -6.9288573477270938e-05 0.00012541317821723782 0.0041735383908821149 -0.00011248747770976676
leaf_weight=378.97557504475117 483.42982050892897 91752.199748659041 11804.306250594091 1070.0552822758909 3205.4840786233544 315.09522661776282 362.23188003152609 78.123534582555294 321.95098238624632 1146.0176669468638 3988.630652403459 3598.2080170372501 98.718823552131653 8273.7940565040335
leaf_count=1474 3776 309217 45165 5000 13223 2244 1686 376 1111 5471 17707 15343 119 27536
internal_value=-0.00351173 -0.000317781 -0.0332725 -0.000225617 -0.00389888 -0.0152236 -8.20056e-05 -0.00934769 -4.37815e-05 -7.61927e-05 -0.0027924 5.85252e-05 0.0039893 -8.71393e-05
internal_weight=126877 114589 12287.7 113895 4275.54 694.071 109620 440.355 109180 108858 5134.65 103723 3696.93 100026
internal_count=449448 400507 48941 396789 18223 3718 378566 2062 376504 375393 23178 352215 15462 336753
cat_boundaries=0 1 3
cat_threshold=268437504 2 262144
is_linear=0
shrinkage=0.035


Tree=225
num_leaves=15
num_cat=1
split_feature=53 6 53 53 13 0 12 40 1 64 9 59 1 1
split_gain=9848.78 127.237 60.9763 45.4813 40.2721 34.3246 33.3098 30.5284 51.192 39.0329 32.884 45.4207 131.694 58.5062
threshold=0.71825396825396837 1.0000000180025095e-35 0.85912698412698429 0.040625000000000008 0.98853855161918502 0 0.99163033479726403 3.8500000000000019 9.5000000000000018 -0.20208333333333314 0.98723569109534748 -0.24284747324344266 17.500000000000004 7.5000000000000009
decision_type=2 2 2 2 2 1 2 2 2 2 2 2 2 2
left_child=1 5 -2 7 -5 -1 -6 10 -9 -10 11 12 13 -3
right_child=2 3 -4 4 6 -7 -8 8 9 -11 -12 -13 -14 -15
leaf_value=-2.9694258890958104e-05 -1.5119973414312394e-05 -4.8107903411819622e-05 -1.4817237999538365e-05 -3.116520826009037e-05 -3.0836559600597863e-05 -1.9332309815262919e-05 -5.7596477285285988e-07 0.00019934329497195273 0.0014077198946977267 -0.0025949578537868955 1.118125486846311e-05 -9.8060453977125714e-05 -0.00051843221502372863 0.0007408455036133966
leaf_weight=378.97557504475117 483.42982050892897 1332.3383310381323 11804.306250594091 1038.2608627711888 507.85393113247119 315.09522661776282 2606.8130063305143 406.68745980784297 117.85951166599989 566.0383032374084 80676.016394479899 19805.988745926414 1854.1862311158329 4983.3719454966486
leaf_count=1474 3776 3768 45165 4918 2387 2244 10536 1575 604 2817 271371 77471 5473 15869
internal_value=-0.00350644 -0.000311999 -0.0332717 -0.000220286 -0.00381116 -0.015145 -0.00180759 -8.40631e-05 -0.00588395 -0.0116699 -2.5311e-05 -0.0010591 0.00113573 0.0035438
internal_weight=126877 114589 12287.7 113895 4152.93 694.071 3114.67 109742 1090.59 683.898 108652 27975.9 8169.9 6315.71
internal_count=449448 400507 48941 396789 17841 3718 12923 378948 4996 3421 373952 102581 25110 19637
cat_boundaries=0 1
cat_threshold=268437504
is_linear=0
shrinkage=0.035


Tree=226
num_leaves=15
num_cat=1
split_feature=53 6 53 6 60 0 31 57 64 41 11 58 62 9
split_gain=9857.9 122.92 60.9763 41.9218 50.1439 54.5666 39.903 33.6967 35.4721 45.5996 32.9924 43.5438 44.3492 38.859
threshold=0.71825396825396837 1.0000000180025095e-35 0.85912698412698429 3.118284163566734 -0.86092912513210462 0 1.0000000180025095e-35 0.013088771449383139 -0.90208333333333313 16.700000000000006 0.99126992204566122 10.986309930945977 -0.7416666666666657 1.0099243658995272
decision_type=2 2 2 2 2 1 2 2 2 2 2 2 2 2
left_child=1 -1 -2 4 5 -3 -6 -5 -9 10 13 -12 -13 -10
right_child=2 3 -4 7 6 -7 -8 8 9 -11 11 12 -14 -15
leaf_value=-2.865495982977457e-05 -1.4590774344811459e-05 -5.0343543781245614e-05 -1.4298634669554522e-05 1.4649542392265312e-05 -2.4443169600574908e-06 -1.2751439386316104e-05 -6.4677745452912632e-05 0.001753699034878391 -0.00016284400822135146 -0.0010005203839674544 3.7493139336114568e-05 0.00011586631781195036 -0.00029391063968194021 4.2173205249974593e-05
leaf_weight=694.07080166251399 483.42982050892897 531.39408143609762 11804.306250594091 934.64989250898361 6407.2886500451714 1314.8567844110075 147.47745621204376 292.4432038217783 19979.77783676004 350.51500211656094 67676.094314311864 392.42475384473801 1322.7614406943321 14545.731306839734
leaf_count=3718 3776 2317 45165 1362 23603 5611 558 1377 71764 1608 227826 307 929 59527
internal_value=-0.00349266 -0.00029675 -0.0332717 -0.000206607 -0.00258458 -0.00766336 -0.00114457 -1.70113e-05 -7.64578e-05 -0.000111165 -6.80493e-05 0.000371843 -0.00511923 -0.000952021
internal_weight=126877 114589 12287.7 113895 8401.02 1846.25 6554.77 105494 104560 104267 103917 69391.3 1715.19 34525.5
internal_count=449448 400507 48941 396789 32089 7928 24161 364700 363338 361961 360353 229062 1236 131291
cat_boundaries=0 1
cat_threshold=67111040
is_linear=0
shrinkage=0.035


Tree=227
num_leaves=15
num_cat=1
split_feature=53 6 53 53 13 12 41 0 9 51 10 13 12 13
split_gain=9862.86 118.708 60.9763 39.51 36.6186 31.5346 30.7858 30.7783 30.3368 48.3799 34.1419 52.1326 42.4925 43.1847
threshold=0.71825396825396837 1.0000000180025095e-35 0.85912698412698429 0.040625000000000008 0.98853855161918502 0.99163033479726403 29.000000000000004 0 0.89619861225554598 0.91106682255889482 1.009310124759079 1.0133461813763085 1.0146691354105555 0.94802979095913165
decision_type=2 2 2 2 2 2 2 1 2 2 2 2 2 2
left_child=1 7 -2 6 -5 -6 8 -1 -3 10 11 12 13 -10
right_child=2 3 -4 4 5 -7 -8 -9 9 -11 -12 -13 -14 -15
leaf_value=-2.7652036235732458e-05 -1.4080097242743059e-05 -0.00034063430029100119 -1.3798182456120114e-05 -2.9578703504391705e-05 -2.7995255982233337e-05 -2.8711690277701919e-07 -0.0048653480575915776 -1.7652755377686602e-05 -0.00026987397347576707 0.0013630180474926081 -4.254674722866025e-05 0.00010910833430803681 0.0001240301999226924 -7.0059797995480909e-06
leaf_weight=378.97557504475117 483.42982050892897 3346.0050374339335 11804.306250594091 1038.2608627711888 507.85393113247119 2606.8130063305143 82.78600137680769 315.09522661776282 946.13408417906612 579.77046041167341 27263.579760658089 9500.9074729187414 10856.602630335139 57166.701475454727
leaf_count=1474 3776 16080 45165 4918 2387 10536 405 2244 4579 1903 103439 28598 45276 178668
internal_value=-0.00348518 -0.000288461 -0.0332717 -0.000199876 -0.00354673 -0.00163655 -7.29112e-05 -0.0146157 -5.5855e-05 4.75657e-05 -8.19314e-06 0.000362535 2.75461e-05 -0.000348042
internal_weight=126877 114589 12287.7 113895 4152.93 3114.67 109742 694.071 109660 106314 105734 78470.3 68969.4 58112.8
internal_count=449448 400507 48941 396789 17841 12923 378948 3718 378543 362463 360560 257121 228523 183247
cat_boundaries=0 1
cat_threshold=268437504
is_linear=0
shrinkage=0.035


Tree=228
num_leaves=15
num_cat=1
split_feature=53 6 53 6 60 0 31 52 60 57 57 63 61 51
split_gain=9864.13 112.832 60.9763 39.9329 44.7191 53.8881 38.663 33.3997 61.4612 66.9099 73.3201 64.6764 69.3655 62.215
threshold=0.71825396825396837 1.0000000180025095e-35 0.85912698412698429 3.118284163566734 -0.86092912513210462 0 1.0000000180025095e-35 0.16800682982356294 -0.9523422988233432 1.6304150257497732 0.70685354671678924 0.14166666666666669 15.268750000000002 0.062511148769175892
decision_type=2 2 2 2 2 1 2 2 2 2 2 2 2 2
left_child=1 -1 -2 4 5 -3 -6 8 9 10 -5 12 -10 -14
right_child=2 3 -4 7 6 -7 -8 -9 11 -11 -12 -13 13 -15
leaf_value=-2.6684214967481821e-05 -1.3587293839247051e-05 -4.8571470657304823e-05 -1.3315246070155909e-05 0.0005434841614626538 -2.1925632863166112e-06 -1.2490773323403585e-05 -6.2403975270463487e-05 -1.82767896483671e-05 4.0691808205450895e-05 0.0042619652661040272 -0.00047193778526457902 0.00048894657647327068 -0.00089100009892813421 -3.9678525266364511e-05
leaf_weight=694.07080166251399 483.42982050892897 531.39408143609762 11804.306250594091 293.29617656767368 6407.2886500451714 1314.8567844110075 147.47745621204376 89031.873304932145 10056.116498049349 432.46763014048338 572.27001751586795 2215.5843067392707 1033.8602462001145 1858.9295707531273
leaf_count=3718 3776 2317 45165 635 23603 5611 558 331843 17603 1213 1662 4922 2363 4459
internal_value=-0.00348325 -0.000286324 -0.0332717 -0.000199959 -0.00252083 -0.00731711 -0.0011608 -1.49155e-05 0.00143286 0.00871253 0.00301481 0.000804411 -0.000142784 -0.00490931
internal_weight=126877 114589 12287.7 113895 8401.02 1846.25 6554.77 105494 16462.5 1298.03 865.566 15164.5 12948.9 2892.79
internal_count=449448 400507 48941 396789 32089 7928 24161 364700 32857 3510 2297 29347 24425 6822
cat_boundaries=0 1
cat_threshold=67111040
is_linear=0
shrinkage=0.035


Tree=229
num_leaves=15
num_cat=2
split_feature=53 6 53 6 60 0 31 41 57 64 51 51 0 13
split_gain=9866.57 105.979 60.9763 38.2163 43.1396 50.6565 35.8146 33.299 38.4361 35.5985 31.1702 34.8742 60.4987 48.1247
threshold=0.71825396825396837 1.0000000180025095e-35 0.85912698412698429 3.118284163566734 -0.86092912513210462 0 1.0000000180025095e-35 16.700000000000006 1.5999690615933397 -0.76041666666666652 1.0270234180041347 0.3331428369891215 1 1.0428920307658192
decision_type=2 2 2 2 2 1 2 2 2 2 2 2 1 2
left_child=1 -1 -2 4 5 -3 -6 9 -9 -5 11 13 -13 -11
right_child=2 3 -4 7 6 -7 -8 8 -10 10 -12 12 -14 -15
leaf_value=-2.5750267443619956e-05 -1.3111738554873404e-05 -4.6871469184299152e-05 -1.2849212457700452e-05 0.00132614826497062 -2.1158235712955262e-06 -1.2053596257084459e-05 -6.0219836135997266e-05 -0.0012142356463909878 0.0023577655939537112 -2.9008890331672437e-06 0.0019746174029096042 -0.00050967495735335609 -6.9762897757354799e-05 0.00024718380210375868
leaf_weight=694.07080166251399 483.42982050892897 531.39408143609762 11804.306250594091 433.06985492259264 6407.2886500451714 1314.8567844110075 147.47745621204376 355.17746891081333 78.123534582555294 95430.860887640156 311.60170741542242 1272.6906669570599 4205.4374842559919 3407.4361462134402
leaf_count=3718 3776 2317 45165 1949 23603 5611 558 1637 376 320571 1130 6239 18461 14337
internal_value=-0.00347957 -0.000282249 -0.0332717 -0.000198548 -0.00246899 -0.0071798 -0.0011332 -1.75246e-05 -0.00958991 2.28635e-05 -1.90578e-05 -5.25938e-05 -0.00276825 9.81865e-05
internal_weight=126877 114589 12287.7 113895 8401.02 1846.25 6554.77 105494 433.301 105061 104628 104316 5478.13 98838.3
internal_count=449448 400507 48941 396789 32089 7928 24161 364700 2013 362687 360738 359608 24700 334908
cat_boundaries=0 1 3
cat_threshold=67111040 2 262144
is_linear=0
shrinkage=0.035


Tree=230
num_leaves=15
num_cat=2
split_feature=53 6 53 6 60 0 0 36 9 59 1 57 6 10
split_gain=9873.91 97.5506 60.9763 35.3655 39.5524 50.6445 35.9827 51.014 32.3007 49.9488 113.143 49.1912 55.6444 46.6852
threshold=0.71825396825396837 1.0000000180025095e-35 0.85912698412698429 3.118284163566734 -0.8520459593969173 0 1 -7.6499999999999995 0.98723569109534748 -0.32533907195844725 17.500000000000004 0.37450808872536351 6.287868317229667 1.009310124759079
decision_type=2 2 2 2 2 1 1 2 2 2 2 2 2 2
left_child=1 -1 -2 4 5 -3 7 -6 9 10 -5 12 -11 -10
right_child=2 3 -4 8 6 -7 -8 -9 13 11 -12 -13 -14 -15
leaf_value=-2.4849008083093259e-05 -1.2652827705452834e-05 -4.5321569895859604e-05 -1.2399490021680936e-05 0.00043105332715321536 1.3347519023909745e-05 -1.045771520701548e-05 1.8676859425741665e-06 -1.9224808345683014e-05 5.0438878717131713e-05 1.4632894314593472e-05 -0.00063610270152190094 -0.00034984082936002415 0.0016920393435613554 -5.8059480764338653e-05
leaf_weight=694.07080166251399 483.42982050892897 548.79518153518438 11804.306250594091 5048.0740478057414 192.60170748829842 1363.4091726990882 4439.0943466983736 1857.1165636833757 56421.875418226002 4265.0675481981598 1396.7710912693292 16535.597229886102 144.60441341344267 21682.408002099255
leaf_count=3718 3776 2392 45165 15920 277 5810 15700 7910 182373 14485 4215 65458 272 81977
internal_value=-0.0034685 -0.000269993 -0.0332717 -0.000189689 -0.00237381 -0.00678407 -0.0010657 -0.00487613 -1.55488e-05 -0.00104952 0.00164313 -0.00187843 0.00140368 0.000347137
internal_weight=126877 114589 12287.7 113895 8401.02 1912.2 6488.81 2049.72 105494 27390.1 6444.85 20945.3 4409.67 78104.3
internal_count=449448 400507 48941 396789 32089 8202 23887 8187 364700 100350 20135 80215 14757 264350
cat_boundaries=0 1 3
cat_threshold=67111040 268437504 262144
is_linear=0
shrinkage=0.035


Tree=231
num_leaves=15
num_cat=0
split_feature=53 6 53 13 1 46 2 9 58 62 15 47 1 1
split_gain=9877.23 89.8254 60.9763 34.944 53.8608 45.9785 45.5897 39.7506 37.8073 49.745 38.5328 44.379 38.3437 68.1315
threshold=0.71825396825396837 1.0000000180025095e-35 0.85912698412698429 1.0032402889823031 3.5000000000000004 -6.4499999999999993 1.5000000000000002 0.99188436965287308 9.8600728438514693 1.9833333333333341 1.0000000180025095e-35 0.042268662688839768 15.500000000000002 16.500000000000004
decision_type=2 2 2 2 2 2 2 2 2 2 2 2 2 2
left_child=1 -1 -2 4 5 -3 -7 -6 9 -5 12 -12 -10 -14
right_child=2 3 -4 8 7 6 -8 -9 10 -11 11 -13 13 -15
leaf_value=-2.3979292800184992e-05 -1.2209978735761986e-05 5.9973640408416553e-05 -1.1965507870922102e-05 -0.00012140896091979198 -8.7599643349241813e-05 -4.3619526092292455e-05 -1.6925414152130699e-05 5.4312311001462889e-06 1.4670784168208468e-05 0.00055390870835320908 0.00059866656321001419 -1.5404448394636722e-05 0.0018259704511054899 0.00021067219210013034
leaf_weight=694.07080166251399 483.42982050892897 292.99448934197426 11804.306250594091 7409.1903367603663 18867.34266520245 1732.9026348814368 3139.4652017182671 43871.125407897169 12922.486010569613 2771.1478640614077 309.17174130678177 14182.248859830201 1234.3821823741309 7162.957329058554
leaf_count=3718 3776 943 45165 51773 69168 4443 10444 152666 31109 20568 432 35534 2913 16796
internal_value=-0.00346347 -0.000264431 -0.0332717 -0.000187372 -0.000691868 -0.00412371 -0.00493802 -0.000408706 0.000557475 -0.00132375 0.00109249 -0.000300001 0.00203868 0.00387859
internal_weight=126877 114589 12287.7 113895 67903.8 5165.36 4872.37 62738.5 45991.6 10180.3 35811.2 14491.4 21319.8 8397.34
internal_count=449448 400507 48941 396789 237664 15830 14887 221834 159125 72341 86784 35966 50818 19709
is_linear=0
shrinkage=0.035


Tree=232
num_leaves=15
num_cat=1
split_feature=53 6 53 13 10 57 0 46 9 51 25 58 62 60
split_gain=9880.97 83.4797 60.9763 33.3722 52.1524 36.6821 41.9514 50.0163 35.8135 38.508 35.7263 34.7809 75.333 91.0003
threshold=0.71825396825396837 1.0000000180025095e-35 0.85912698412698429 0.98148119052529537 0.98599468180935512 2.1604406293746465 0 -0.10000000000000005 0.90285717972970592 1.0270234180041347 1.0000000180025095e-35 9.8530962726721345 0.81666666666666743 -0.57022117041332276
decision_type=2 2 2 2 2 2 1 2 2 2 2 2 2 2
left_child=1 -1 -2 4 -3 8 -7 -8 -5 11 -6 12 13 -10
right_child=2 3 -4 5 10 6 7 -9 9 -11 -12 -13 -14 -15
leaf_value=-2.314001755217852e-05 -1.1782629480010316e-05 1.1519147235633597e-05 -1.1546715095439829e-05 -0.00038771428079975362 -0.00019325731109365445 -0.0020547559130985782 0.001519660011258266 0.00024322997099056833 -0.00026073940378887951 0.0025099511702378033 7.1947669628368757e-06 6.4447243496612579e-06 0.00023590481805024768 -1.9069731975299156e-05
leaf_weight=694.07080166251399 483.42982050892897 7468.9065775170457 11804.306250594091 2701.6282272329554 5870.7944217920303 307.30701804161072 1539.4321457864717 2592.6561011285521 4352.5843394650146 202.48543795989826 2060.7082163840532 73143.124621535651 7436.6053283803631 6219.1822877787054
leaf_count=3718 3776 38197 45165 12510 19349 568 4598 10186 31586 833 6690 177215 54638 40419
internal_value=-0.00345783 -0.000258183 -0.0332717 -0.000183896 -0.00169846 5.30662e-05 0.0031584 0.00409098 -9.38248e-05 2.38323e-05 -0.00367307 -1.08593e-05 -0.00138828 -0.00328565
internal_weight=126877 114589 12287.7 113895 15400.4 98495 4439.4 4132.09 94055.6 91354 7931.5 91151.5 18008.4 10571.8
internal_count=449448 400507 48941 396789 64236 332553 15352 14784 317201 304691 26039 303858 126643 72005
cat_boundaries=0 1
cat_threshold=2048
is_linear=0
shrinkage=0.035


Tree=233
num_leaves=15
num_cat=0
split_feature=53 6 53 40 1 6 59 1 41 63 62 60 57 58
split_gain=9891.97 81.8019 60.9763 32.3501 63.7985 77.522 57.6867 75.549 51.2504 41.0198 50.8722 78.3287 68.1823 49.7073
threshold=0.71825396825396837 1.0000000180025095e-35 0.85912698412698429 0.30000000000000043 10.500000000000002 6.9470564754865016 0.63209755774300602 16.500000000000004 7.7500000000000027 0.04791666666666667 3.1854166666666672 -0.79354221435844496 1.8666427559018484 9.8530962726721345
decision_type=2 2 2 2 2 2 2 2 2 2 2 2 2 2
left_child=1 -1 -2 9 5 -5 -6 8 -8 10 13 12 -12 -3
right_child=2 3 -4 4 6 -7 7 -9 -10 -11 11 -13 -14 -15
leaf_value=-2.2330116937852272e-05 -1.1370237448209955e-05 -0.00011369055772134037 -1.1142580067099435e-05 -1.6184372844433756e-05 -5.7118287609980453e-05 0.00084183931277103784 -0.0010417517493125784 -0.00011936896676892351 -0.0055202922828589953 3.7434980227289943e-05 0.0013584987658166094 8.7694140528482569e-06 -0.00026658852002821369 -4.5501239490999831e-06
leaf_weight=694.07080166251399 483.42982050892897 12951.461391717894 11804.306250594091 2971.6217524653766 5140.8996987361461 2851.5003536641598 2722.611695304513 2257.193999234587 266.21100213378668 24182.672253375873 2491.9746268978342 9913.8531062407419 819.00887297280133 47326.405970258638
leaf_count=3718 3776 86509 45165 13146 17159 8012 11529 11151 1422 93878 9644 33871 3334 107134
internal_value=-0.00344125 -0.000239822 -0.0332717 -0.000166286 -0.0016138 0.00131733 -0.00325674 -0.00583518 -0.00947589 7.40567e-05 -0.000337353 0.00162767 0.00627986 -0.000768673
internal_weight=126877 114589 12287.7 113895 16210 5823.12 10386.9 5246.02 2988.82 97685.4 73502.7 13224.8 3310.98 60277.9
internal_count=449448 400507 48941 396789 62419 21158 41261 24102 12951 334370 240492 46849 12978 193643
is_linear=0
shrinkage=0.035


Tree=234
num_leaves=15
num_cat=0
split_feature=53 6 53 12 14 1 59 14 58 1 57 17 27 21
split_gain=9892.82 80.6976 60.9763 32.121 54.9375 53.2566 49.3472 42.7537 38.369 37.206 35.3357 70.2664 56.2815 46.3082
threshold=0.71825396825396837 1.0000000180025095e-35 0.85912698412698429 0.98597127381986993 1.1694833628063137 18.500000000000004 -0.10738035228456462 0.88599000440540199 10.756870905622581 17.500000000000004 1.7147389292795769 1.0000000180025095e-35 22.500000000000004 1.0000000180025095e-35
decision_type=2 2 2 2 2 2 2 2 2 2 2 2 2 2
left_child=1 -1 -2 4 6 -6 9 8 -8 -3 13 12 -12 -5
right_child=2 3 -4 10 5 -7 7 -9 -10 -11 11 -13 -14 -15
leaf_value=-2.1548562845027439e-05 -1.0972279137522607e-05 0.00017305403775800033 -1.0752589764750955e-05 -1.4881074977496617e-05 -2.9720611752214363e-05 -0.0019389131691393455 4.43131793661402e-05 -7.7786671640622503e-05 0.00078347261490953172 -0.00035221142017392962 -0.00048345764764560101 0.00079704966215765399 0.00033963316772330111 3.1806896886047404e-05
leaf_weight=694.07080166251399 483.42982050892897 6100.8174216481857 11804.306250594091 52873.039472551085 998.35555598209612 400.79285733122379 1382.5385834984481 14439.223633604124 211.18241786956787 1488.7909163683653 5106.8101547295228 5557.7413148097694 6542.4271054412238 18793.69528916874
leaf_count=3718 3776 20348 45165 165506 4167 1700 7474 63549 379 5262 15149 18498 28107 66650
internal_value=-0.00343997 -0.000238405 -0.0332717 -0.000165367 -0.00127284 -0.00798662 -0.000871976 -0.00197222 0.00345272 0.0014518 0.000146542 0.00157033 2.45087e-05 -0.000195478
internal_weight=126877 114589 12287.7 113895 25021.7 1399.15 23622.6 16032.9 1593.72 7589.61 88873.7 17207 11649.2 71666.7
internal_count=449448 400507 48941 396789 102879 5867 97012 71402 7853 25610 293910 61754 43256 232156
is_linear=0
shrinkage=0.035


Tree=235
num_leaves=15
num_cat=0
split_feature=53 6 53 40 36 1 1 56 57 1 45 63 62 28
split_gain=9895.8 77.938 60.9763 30.6033 49.8417 62.4591 53.9023 53.2815 47.0086 45.2211 43.7988 48.5393 46.8537 77.3367
threshold=0.71825396825396837 1.0000000180025095e-35 0.85912698412698429 0.20000000000000065 15.750000000000002 16.500000000000004 11.500000000000002 3.5000000000000004 0.61826198445017033 10.500000000000002 5.5300000000000002 0.04791666666666667 3.1854166666666672 55.500000000000007
decision_type=2 2 2 2 2 2 2 2 2 2 2 2 2 2
left_child=1 -1 -2 10 7 6 -6 8 -5 -10 11 12 -3 -14
right_child=2 3 -4 4 5 -7 -8 -9 9 -11 -12 -13 13 -15
leaf_value=-2.0794363145451479e-05 -1.0588249367709315e-05 -1.5487662915350583e-05 -1.0376249122984671e-05 -2.2675003761861159e-05 -2.0404592126740397e-05 0.00015460589254982616 -0.0013152410942133053 -0.0022559582314318183 0.000765617219959704 -4.8216588887960436e-05 -0.0017335146061801222 4.2336050583620113e-05 -2.9592571818615191e-06 0.00086246886390101152
leaf_weight=694.07080166251399 483.42982050892897 59212.611828605412 11804.306250594091 3992.7858654577285 1298.3416048437357 1805.6529999896884 2644.6346001699567 231.83088941499591 3170.1805425370112 6773.8812469076365 298.16040234267712 21369.072437034221 9615.7244061334059 3482.537899565883
leaf_count=3718 3776 189470 45165 14180 5680 8424 11655 1681 11139 24014 960 83223 32539 13824
internal_value=-0.00343547 -0.000233423 -0.0332717 -0.000161645 -0.00140751 -0.00415317 -0.00661697 -0.000291367 -8.73508e-06 0.00127935 0.000102519 0.000145837 -0.000287299 0.00160619
internal_weight=126877 114589 12287.7 113895 19917.3 5748.63 3942.98 14168.7 13936.8 9944.06 93978.1 93679.9 72310.9 13098.3
internal_count=449448 400507 48941 396789 76773 25759 17335 51014 49333 35153 320016 319056 235833 46363
is_linear=0
shrinkage=0.035


Tree=236
num_leaves=15
num_cat=0
split_feature=53 6 53 13 23 2 1 1 1 1 46 9 48 58
split_gain=9907.81 75.3546 61.5229 31.8127 52.1661 60.4635 69.9675 93.9634 55.8599 48.4723 44.1147 41.8363 39.3734 72.1059
threshold=0.71825396825396837 1.0000000180025095e-35 0.85912698412698429 1.0133461813763085 1.0000000180025095e-35 3.5000000000000004 14.500000000000002 16.500000000000004 15.500000000000002 3.5000000000000004 -6.4499999999999993 0.99188436965287308 0.078384255872244943 10.891091086816976
decision_type=2 2 2 2 2 2 2 2 2 2 2 2 2 2
left_child=1 -1 -2 9 -5 -6 -7 8 -8 10 -3 -11 13 -13
right_child=2 3 -4 4 5 6 7 -9 -10 11 -12 12 -14 -15
leaf_value=-2.0066560435360677e-05 -1.0217660639839489e-05 5.668303528889099e-05 -1.0013080403680208e-05 -1.2538747803218119e-05 5.4928747161846317e-06 1.6431075543388774e-05 0.0010902093145297288 0.00023590565567436635 0.0036780094048791817 -7.6389824671542632e-05 -2.3506383218831934e-05 2.7596293218809945e-05 3.1664135180891828e-06 0.0013299306461080698
leaf_weight=694.07080166251399 483.42982050892897 349.51945880800486 11804.306250594091 14115.690145622939 5642.5339681021869 2568.0009586513042 521.09773703292012 1831.0165890865028 675.7679601572454 23919.383650682401 5847.8377299150452 1849.9777216389775 56056.844158245716 517.74464505910873
leaf_count=3718 3776 1115 45165 60938 17418 7405 1452 5032 1833 84989 17695 6887 191422 603
internal_value=-0.00341527 -0.000211285 -0.0332696 -0.000140708 0.000952168 0.0027303 0.00530476 0.00890005 0.0164869 -0.000453729 -0.00343624 -0.00022887 0.000275946 0.00468727
internal_weight=126877 114589 12287.7 113895 25354.1 11238.4 5595.88 3027.88 1196.87 88541.3 6197.36 82344 58424.6 2367.72
internal_count=449448 400507 48941 396789 94078 33140 15722 8317 3285 302711 18810 283901 198912 7490
is_linear=0
shrinkage=0.035


Tree=237
num_leaves=15
num_cat=2
split_feature=53 6 53 41 0 12 13 10 63 40 57 0 46 9
split_gain=9907.12 74.5608 61.5229 30.2147 30.1838 29.8608 32.37 45.0438 34.5006 44.7712 32.3421 39.5658 46.8888 33.5944
threshold=0.71825396825396837 1.0000000180025095e-35 0.85912698412698429 29.000000000000004 0 1.8345429119556795 0.98148119052529537 0.9957373633981258 1.1020833333333335 6.950000000000002 2.1604406293746465 1 -0.10000000000000005 0.90285717972970592
decision_type=2 2 2 2 1 2 2 2 2 2 2 1 2 2
left_child=1 4 -2 5 -1 6 7 -3 9 10 13 -12 -13 -8
right_child=2 3 -4 -5 -6 -7 8 -9 -10 -11 11 12 -14 -15
leaf_value=-1.9364230820123055e-05 -9.8600425174451078e-06 -6.0217173331895282e-06 -9.6626225895514008e-06 -0.0044109762199372599 -9.7149247921088099e-06 0.0017865151202511194 -0.00037744916820710815 -0.00010423983381701003 0.0008469523677901526 -0.0026431956886903345 -0.0019715874000453583 0.0014478505060865144 0.00021670984445206767 1.4742867891034573e-06
leaf_weight=378.97557504475117 483.42982050892897 9409.666399696609 11804.306250594091 82.78600137680769 315.09522661776282 293.78209443972446 2692.4988703122362 5835.7739670388401 224.57210373878479 260.73626205697656 306.20619717240334 1530.163990101777 2575.0352857597172 90684.193551308475
leaf_count=1474 3776 44895 45165 405 2244 1192 12471 18734 1058 1207 564 4545 10088 301630
internal_value=-0.00341632 -0.000212445 -0.0332696 -0.00014224 -0.0115672 -0.000125953 -0.000155265 -0.00165527 7.75793e-05 4.55003e-05 8.48425e-05 0.00300984 0.00392004 -5.36512e-05
internal_weight=126877 114589 12287.7 113895 694.071 113813 113519 15245.4 98273.4 98048.8 97788.1 4411.41 4105.2 93376.7
internal_count=449448 400507 48941 396789 3718 396384 395192 63629 331563 330505 329298 15197 14633 314101
cat_boundaries=0 1 2
cat_threshold=268437504 2048
is_linear=0
shrinkage=0.035


Tree=238
num_leaves=15
num_cat=2
split_feature=53 6 53 0 41 13 1 2 0 57 1 6 59 64
split_gain=9911.96 73.2807 61.5229 31.2398 30.1262 29.1644 42.6015 36.8789 38.6044 34.8834 58.3825 92.8503 46.7411 42.3887
threshold=0.71825396825396837 1.0000000180025095e-35 0.85912698412698429 0 29.000000000000004 1.0032402889823031 3.5000000000000004 1.5000000000000002 1 0.27691161016551036 21.500000000000004 6.8337660417311907 0.81900730237416519 -0.86875000000000002
decision_type=2 2 2 1 2 2 2 2 1 2 2 2 2 2
left_child=1 3 -2 -1 5 6 7 8 -3 -8 13 12 -12 -11
right_child=2 4 -4 -5 -6 -7 9 -9 -10 10 11 -13 -14 -15
leaf_value=-1.8686482741418749e-05 -9.5149410293345295e-06 -1.6097692551907395e-05 -9.3244307989171022e-06 -9.3749024243849986e-06 -0.0042565920522394524 1.712603015874132e-05 1.0347253241474766e-05 -1.0761616527340727e-05 -5.8705941265981432e-05 0.0036084995558070326 -0.00044672150500139592 -0.001866431362691584 0.00035969309617597844 -5.7607352154984697e-05
leaf_weight=378.97557504475117 483.42982050892897 1015.2195495963097 11804.306250594091 315.09522661776282 82.78600137680769 45968.196979153669 9002.0294262957759 3295.6260017654859 854.51677457988262 133.97410169988871 1945.7204665008467 293.29973143618554 710.20176504924893 50593.843925548252
leaf_count=1474 3776 2091 45165 2244 405 159016 31125 11007 2732 637 7641 506 3288 178341
internal_value=-0.00340902 -0.000204367 -0.0332696 -0.0114612 -0.000134768 -0.000118505 -0.000579652 -0.00363167 -0.00754459 -0.000327597 -0.000665788 -0.00544453 -0.00333587 -0.000386943
internal_weight=126877 114589 12287.7 694.071 113895 113813 67844.4 5165.36 1869.74 62679.1 53677 2949.22 2655.92 50727.8
internal_count=449448 400507 48941 3718 396789 396384 237368 15830 4823 221538 190413 11435 10929 178978
cat_boundaries=0 1 2
cat_threshold=268437504 133248
is_linear=0
shrinkage=0.035


Tree=239
num_leaves=15
num_cat=2
split_feature=53 6 53 0 41 12 13 50 1 2 27 57 0 53
split_gain=9914.05 71.49 61.5229 32.6757 29.7781 28.942 30.1626 43.5331 36.8038 80.6021 67.534 46.5755 39.4352 37.1389
threshold=0.71825396825396837 1.0000000180025095e-35 0.85912698412698429 0 29.000000000000004 1.8345429119556795 0.98148119052529537 16.500000000000004 17.500000000000004 3.5000000000000004 59.500000000000007 1.3162610204341461 1 0.040625000000000008
decision_type=2 2 2 1 2 2 2 2 2 2 2 2 1 2
left_child=1 3 -2 -1 5 6 7 -3 13 11 -11 12 -10 -9
right_child=2 4 -4 -5 -6 -7 -8 8 9 10 -12 -13 -14 -15
leaf_value=-1.8032455845469091e-05 -9.1819180933078198e-06 5.8398385940823515e-05 -8.9980757209550045e-06 -9.0467808395315267e-06 -0.0041076113304110698 0.0017236249371788781 2.0613066095936441e-06 -1.5136347326159153e-05 -2.8441144303915647e-05 -0.0027162230947184464 -0.00013262623822571707 0.0022048906112813473 -0.00043385280380092348 -3.78228506673404e-05
leaf_weight=378.97557504475117 483.42982050892897 4587.745199871948 11804.306250594091 315.09522661776282 82.78600137680769 293.78209443972446 98273.406260450371 6198.5349752046168 1560.3655426576734 932.61914530396461 411.59368748217821 355.44604276865721 849.04786149784923 350.08791194856167
leaf_count=1474 3776 28081 45165 2244 405 1192 331563 20265 4580 2679 1616 1436 3688 1284
internal_value=-0.00340587 -0.00020088 -0.0332696 -0.0113193 -0.000132137 -0.000115968 -0.000144827 -0.00159278 -0.00281908 -0.0054116 -0.0124087 -0.00197728 -0.00372993 -0.00118657
internal_weight=126877 114589 12287.7 694.071 113895 113813 113519 15245.4 10657.7 4109.07 1344.21 2764.86 2409.41 6548.62
internal_count=449448 400507 48941 3718 396789 396384 395192 63629 35548 13999 4295 9704 8268 21549
cat_boundaries=0 1 3
cat_threshold=268437504 6274 262144
is_linear=0
shrinkage=0.035


Tree=240
num_leaves=15
num_cat=1
split_feature=53 6 53 0 41 12 14 1 59 14 1 36 46 61
split_gain=9916.55 71.2034 61.5229 32.9466 29.3266 28.7787 51.4041 49.0197 44.7234 36.8648 36.5393 34.2036 76.9649 49.7798
threshold=0.71825396825396837 1.0000000180025095e-35 0.85912698412698429 0 29.000000000000004 0.98597127381986993 1.1694833628063137 18.500000000000004 -0.10738035228456462 0.88599000440540199 17.500000000000004 29.050000000000004 2.9000000000000017 28.475000000000005
decision_type=2 2 2 1 2 2 2 2 2 2 2 2 2 2
left_child=1 3 -2 -1 5 6 8 -8 -3 10 -10 13 -13 -7
right_child=2 4 -4 -5 -6 11 7 -9 9 -11 -12 12 -14 -15
leaf_value=-1.7401319890877674e-05 -8.8605509600420445e-06 9.2052285230711736e-05 -8.6831430707215769e-06 -8.730143510147926e-06 -0.0039638449338466834 5.2957265269792944e-06 -2.7360706684763837e-05 -0.0018514020316503623 -2.8904400898313864e-05 -7.3879022308623538e-05 0.00084942278606660044 0.0017420586323454714 -0.0020240269267456823 0.0018597099849871604
leaf_weight=378.97557504475117 483.42982050892897 7589.608338016551 11804.306250594091 315.09522661776282 82.78600137680769 87604.300322936615 998.35555598209612 400.79285733122379 902.18806616961956 14438.70630026795 690.95580185577273 272.22164558619261 712.37195083498955 203.12788264453411
leaf_count=1474 3776 25610 45165 2244 405 288136 4167 1700 4770 63540 3074 1275 3114 998
internal_value=-0.0034021 -0.000196705 -0.0332696 -0.0112929 -0.0001281 -0.000112055 -0.00116025 -0.00765447 -0.00077251 -0.00182001 0.00321843 0.000183413 -0.00627074 0.00025649
internal_weight=126877 114589 12287.7 694.071 113895 113813 25020.6 1399.15 23621.5 16031.9 1593.14 88792 984.594 87807.4
internal_count=449448 400507 48941 3718 396789 396384 102861 5867 96994 71384 7844 293523 4389 289134
cat_boundaries=0 1
cat_threshold=268437504
is_linear=0
shrinkage=0.035


Tree=241
num_leaves=15
num_cat=1
split_feature=53 6 53 0 57 40 1 1 23 57 45 41 41 1
split_gain=9917.37 69.6988 61.5229 34.177 28.7968 29.3006 61.4976 48.9825 46.6302 56.7035 55.9458 53.8762 53.3312 38.2367
threshold=0.71825396825396837 1.0000000180025095e-35 0.85912698412698429 0 2.5717698402061928 0.4500000000000009 10.500000000000002 4.5000000000000009 1.0000000180025095e-35 1.9553982714560736 4.9350000000000014 2.5000000000000009 2.1000000000000019 17.500000000000004
decision_type=2 2 2 1 2 2 2 2 2 2 2 2 2 2
left_child=1 3 -2 -1 5 -3 7 -7 9 10 -8 12 -10 -11
right_child=2 4 -4 -5 -6 6 8 -9 11 13 -12 -13 -14 -15
leaf_value=-1.6792273694696956e-05 -8.5504316764405728e-06 1.3324849909527563e-06 -8.3792330632463218e-06 -8.4245884872927465e-06 0.0038247674837816061 -1.792266904486501e-05 -0.00075091617522873248 0.00030288026579780141 0.00041946564569912085 -0.00074151967521269516 0.00045140639278936539 -0.00043420113420781451 0.0047311402385414505 0.0022524274166479089
leaf_weight=378.97557504475117 483.42982050892897 100458.85201152111 11804.306250594091 315.09522661776282 207.39759832876734 1231.859441853594 5225.0035031978041 3671.3486785143614 781.22754898667336 237.95237781107426 260.78052540123463 1362.2321559414268 140.68240013718605 318.07848130911589
leaf_count=1474 3776 344623 45165 2244 1533 4019 21120 13677 2365 1342 906 5627 414 1163
internal_value=-0.00340087 -0.000195342 -0.0332696 -0.0111736 -0.000127466 -0.000151788 -0.00169951 0.00140834 -0.00352924 -0.00513752 -0.00621748 0.000728706 0.0072202 0.00543885
internal_weight=126877 114589 12287.7 694.071 113895 113688 13229.2 4903.21 8325.96 6041.81 5485.78 2284.14 921.91 556.031
internal_count=449448 400507 48941 3718 396789 395256 50633 17696 32937 24531 22026 8406 2779 2505
cat_boundaries=0 1
cat_threshold=268437504
is_linear=0
shrinkage=0.035


Tree=242
num_leaves=15
num_cat=2
split_feature=53 6 53 0 13 6 12 13 10 9 59 57 1 0
split_gain=9917.44 68.9737 61.5229 34.7755 28.3693 41.0335 34.757 34.8423 37.5934 36.5234 39.6133 60.5908 56.3462 50.7672
threshold=0.71825396825396837 1.0000000180025095e-35 0.85912698412698429 0 1.0344308455895741 7.4147504467901229 1.5498560918691615 0.95079627147310053 1.009310124759079 0.986597351708978 -0.24284747324344266 0.37450808872536351 17.500000000000004 1
decision_type=2 2 2 1 2 2 2 2 2 2 2 2 2 1
left_child=1 3 -2 -1 6 -6 7 -3 9 10 12 13 -9 -12
right_child=2 4 -4 -5 5 -7 -8 8 -10 -11 11 -13 -14 -15
leaf_value=-1.6204544115382561e-05 -8.2511665677651531e-06 -0.00017660961629323494 -8.0859599060327016e-06 -8.1297278902375025e-06 2.2353883548407453e-05 0.0010874310649898278 0.0014600703530264748 0.00022641302535214905 -4.1329120601743236e-05 1.286950044891544e-05 5.342590120352722e-05 -0.00041342281440508226 -0.0003934065941090172 -1.777022027997788e-05
leaf_weight=378.97557504475117 483.42982050892897 2379.9731670804322 11804.306250594091 315.09522661776282 6536.4635090944357 1181.1509699244052 457.52603339916095 4886.2193889468908 23334.932663594373 58542.757178719621 1608.0133325029165 11464.884313309798 1301.0842005610466 2202.4099658692721
leaf_count=1474 3776 12267 45165 2244 29171 2616 1742 14665 86402 187989 5116 44387 3841 8593
internal_value=-0.00340077 -0.000195226 -0.0332696 -0.0111163 -0.000127704 0.00191977 -0.000276693 -0.000318773 -0.000222127 0.000138439 -0.00109631 -0.00205291 0.00126487 0.00176729
internal_weight=126877 114589 12287.7 694.071 113895 7717.61 106178 105720 103340 80005.4 21462.6 15275.3 6187.3 3810.42
internal_count=449448 400507 48941 3718 396789 31787 365002 363260 350993 264591 76602 58096 18506 13709
cat_boundaries=0 1 2
cat_threshold=268437504 67240064
is_linear=0
shrinkage=0.035


Tree=243
num_leaves=15
num_cat=1
split_feature=53 6 53 0 13 23 2 1 1 1 1 7 9 52
split_gain=9913.5 68.4735 61.5229 34.5167 27.9095 47.5194 55.9946 69.237 88.5089 54.6029 43.1536 41.8449 43.6738 41.4112
threshold=0.71825396825396837 1.0000000180025095e-35 0.85912698412698429 0 1.0133461813763085 1.0000000180025095e-35 3.5000000000000004 14.500000000000002 16.500000000000004 15.500000000000002 3.5000000000000004 1.1564766666676174 0.99188436965287308 0.31501939105342552
decision_type=2 2 2 1 2 2 2 2 2 2 2 2 2 2
left_child=1 3 -2 -1 10 -6 -7 13 9 -9 -3 12 -12 -8
right_child=2 4 -4 -5 5 6 7 8 -10 -11 11 -13 -14 -15
leaf_value=-1.5637385071344172e-05 -7.9623757378933739e-06 -1.872289636013132e-05 -7.8029513093215557e-06 -7.8451874140791935e-06 -1.2185194116931809e-05 4.7398840167263424e-06 -7.5694117230987109e-05 0.0010506853259127336 0.00022909085339385752 0.0035102638442061265 -7.9711254349327254e-05 0.00068638673354249789 7.6028167004661031e-06 7.9046244035780924e-05
leaf_weight=378.97557504475117 483.42982050892897 6197.3571887230501 11804.306250594091 315.09522661776282 14115.690145622939 5642.5339681021869 1125.9330897256732 521.09773703292012 1831.0165890865028 675.7679601572454 23342.329133878928 947.61572326347232 58054.005318483803 1442.067868925631
leaf_count=1474 3776 18810 45165 2244 60938 17418 2743 1452 5032 1833 82157 4916 196828 4662
internal_value=-0.0034067 -0.000201796 -0.0332696 -0.0110832 -0.000134518 0.00088912 0.00258622 0.0050637 0.0086401 0.0160035 -0.000427708 -0.000215544 -0.000301082 0.000829689
internal_weight=126877 114589 12287.7 694.071 113895 25354.1 11238.4 5595.88 3027.88 1196.87 88541.3 82344 81396.3 2568
internal_count=449448 400507 48941 3718 396789 94078 33140 15722 8317 3285 302711 283901 278985 7405
cat_boundaries=0 1
cat_threshold=268437504
is_linear=0
shrinkage=0.035


Tree=244
num_leaves=15
num_cat=2
split_feature=53 6 53 0 11 1 14 12 1 31 0 58 35 57
split_gain=9920.16 67.7275 61.5229 35.2556 28.1931 57.2042 197.136 64.8116 54.4556 56.8446 49.0133 48.8835 51.4324 47.2067
threshold=0.71825396825396837 1.0000000180025095e-35 0.85912698412698429 0 0.97872776580602372 16.500000000000004 1.0123130853103539 0.99456893778813404 8.5000000000000018 1.0000000180025095e-35 1 10.565221406153354 42.500000000000007 0.37450808872536351
decision_type=2 2 2 1 2 2 2 2 2 2 1 2 2 2
left_child=1 3 -2 -1 5 8 7 -7 11 10 -10 12 -3 -8
right_child=2 4 -4 -5 -6 6 13 -9 9 -11 -12 -13 -14 -15
leaf_value=-1.5090076593847126e-05 -7.6836925870671046e-06 0.0026774194405282995 -7.5298480134953024e-06 -7.570605854586419e-06 3.8316028165499039e-06 -2.4884699443405437e-05 0.00014180679406366396 0.0010039937012593528 0.00016584471095251632 -0.0041851581937268484 -0.00067352534295610504 3.2074924127850712e-05 -4.8812482301249441e-05 -0.001404997436907033
leaf_weight=378.97557504475117 483.42982050892897 203.11214879341424 11804.306250594091 315.09522661776282 91182.841195271118 2259.6985143003985 407.40421884669922 3672.6763450179715 2019.0214400396217 235.89003995060921 6390.9726516418159 1301.7955234358087 4322.8339870609343 1899.168658643961
leaf_count=1474 3776 1563 45165 2244 306040 9400 1387 14875 11941 900 23874 1991 17598 7220
internal_value=-0.00339668 -0.000190695 -0.0332696 -0.0110126 -0.000123786 -0.00122684 0.00110042 0.0044754 -0.00255145 -0.00431239 -0.00382235 6.39493e-05 -0.00165706 -0.00756168
internal_weight=126877 114589 12287.7 694.071 113895 22712.6 8238.95 5932.37 14473.6 8645.88 8409.99 5827.74 4525.95 2306.57
internal_count=449448 400507 48941 3718 396789 90749 32882 24275 57867 36715 35815 21152 19161 8607
cat_boundaries=0 1 3
cat_threshold=268437504 268435458 262144
is_linear=0
shrinkage=0.035


Tree=245
num_leaves=15
num_cat=1
split_feature=53 6 53 0 41 57 41 40 9 1 54 10 11 13
split_gain=9922.11 67.7682 61.5229 35.2556 27.8712 33.8702 28.6339 46.3854 30.0871 50.6555 60.4379 38.9552 40.2725 38.0269
threshold=0.71825396825396837 1.0000000180025095e-35 0.85912698412698429 0 16.700000000000006 1.5999690615933397 13.300000000000002 5.150000000000003 1.0549227400587247 14.500000000000002 39.000000000000007 1.1544719876419725 0.99407149015462071 0.95079627147310053
decision_type=2 2 2 1 2 2 2 2 2 2 2 2 2 2
left_child=1 3 -2 -1 6 -6 7 8 13 11 -11 12 -10 -3
right_child=2 4 -4 -5 5 -7 -8 -9 9 10 -12 -13 -14 -15
leaf_value=-1.4561923913062476e-05 -7.4147633465197567e-06 -0.00017355214604105622 -7.2663033330229668e-06 -7.3056346496758914e-06 -0.00085716813714185945 0.0021314211433394138 0.001523283263205263 -0.0016438686952422101 -0.000128658616095274 0.00090513725379018036 -0.00012483446034679063 -0.0010458653709487409 5.0924569815873125e-05 -4.3837358767471764e-06
leaf_weight=378.97557504475117 483.42982050892897 1682.1501064714976 11804.306250594091 315.09522661776282 375.16425492241979 78.123534582555294 314.81342507153749 436.66074682027102 2991.1889554406516 3227.02855475666 1195.4712983630598 219.36766677978449 2766.6160528676119 100608.8301269263
leaf_count=1474 3776 8381 45165 2244 1757 376 1378 2188 14160 16605 3891 783 13052 334218
internal_value=-0.00339374 -0.000187446 -0.0332696 -0.0110126 -0.000120517 -0.00868765 -8.5522e-05 -0.000115306 -7.0683e-05 0.00172198 0.00455723 -0.000379923 0.000183239 -0.000253089
internal_weight=126877 114589 12287.7 694.071 113895 453.288 113442 113127 112691 10399.7 4422.5 5977.17 5757.81 102291
internal_count=449448 400507 48941 3718 396789 2133 394656 393278 391090 48491 20496 27995 27212 342599
cat_boundaries=0 1
cat_threshold=268437504
is_linear=0
shrinkage=0.035


Tree=246
num_leaves=15
num_cat=1
split_feature=53 6 53 0 41 57 9 51 59 10 13 15 1 9
split_gain=9924.46 67.8173 61.5229 35.2556 27.6535 26.4933 28.1514 44.6099 28.2188 27.278 46.6932 34.6835 31.739 34.1088
threshold=0.71825396825396837 1.0000000180025095e-35 0.85912698412698429 0 29.000000000000004 2.5717698402061928 0.89619861225554598 0.91106682255889482 -0.13301347478292269 1.009310124759079 1.0133461813763085 1.0000000180025095e-35 3.5000000000000004 0.99188436965287308
decision_type=2 2 2 1 2 2 2 2 2 2 2 2 2 2
left_child=1 3 -2 -1 5 6 8 9 -3 10 12 -12 -8 -14
right_child=2 4 -4 -5 -6 -7 7 -9 -10 -11 11 -13 13 -15
leaf_value=-1.4052256576105289e-05 -7.1552466293915657e-06 -4.8304239446307287e-06 -7.0119827163671629e-06 -7.0499374369372351e-06 -0.0037440736025890625 0.0037008455092404249 -1.6562905352012206e-05 0.0012398370127449233 -0.00046461335672574384 -2.9002439824719533e-05 0.0001177443298788764 -5.4848154389847578e-06 -5.0374851563392835e-05 2.0210254053756776e-05
leaf_weight=378.97557504475117 483.42982050892897 1691.0057810992002 11804.306250594091 315.09522661776282 82.78600137680769 207.39759832876734 4825.800787018612 584.02373830252327 1717.3321266765706 28091.062427303288 6261.6342625012621 3642.2736152745783 18982.759780448861 47809.338604671881
leaf_count=1474 3776 6997 45165 2244 405 1533 14679 2204 9442 106969 17484 12527 64502 160047
internal_value=-0.0033902 -0.000183522 -0.0332696 -0.0110126 -0.00011657 -0.00010099 -0.000124338 -2.73013e-05 -0.00325241 -7.91324e-05 0.000244992 0.00249622 -6.66312e-05 0.000131591
internal_weight=126877 114589 12287.7 694.071 113895 113813 113605 110197 3408.34 109613 81521.8 9903.91 71617.9 66792.1
internal_count=449448 400507 48941 3718 396789 396384 394851 378412 16439 376208 269239 30011 239228 224549
cat_boundaries=0 1
cat_threshold=268437504
is_linear=0
shrinkage=0.035


Tree=247
num_leaves=15
num_cat=1
split_feature=53 6 53 0 42 42 46 64 57 1 64 41 40 1
split_gain=9924.23 67.8125 61.5229 35.2556 26.1973 34.5813 44.7686 30.9562 47.64 42.2163 38.2045 36.5159 31.1902 30.5965
threshold=0.71825396825396837 1.0000000180025095e-35 0.85912698412698429 0 31.250000000000004 14.450000000000001 -0.39999999999999963 -0.29999999999999993 0.49863363449312798 10.500000000000002 -0.42291666666666666 6.0500000000000016 3.8500000000000019 7.5000000000000009
decision_type=2 2 2 1 2 2 2 2 2 2 2 2 2 2
left_child=1 3 -2 -1 5 7 -7 8 -3 -10 11 -11 -9 -14
right_child=2 4 -4 -5 -6 6 -8 12 9 10 -12 -13 13 -15
leaf_value=-1.3560427595941604e-05 -6.9048129973628604e-06 -2.5344432718776643e-05 -6.7665633212943117e-06 -6.8031896266444343e-06 0.0051372663636713315 4.9979417810372315e-05 -0.00067972652318549782 -3.0920845830380475e-06 0.0018884597485998779 -0.0035833743335915019 0.0011007358595224715 0.00017463126765300985 1.896433970291614e-05 -0.0021760554644531327
leaf_weight=378.97557504475117 483.42982050892897 1123.6120132617652 11804.306250594091 315.09522661776282 66.228801101446152 739.10386439785361 1097.2381903529167 108148.70589630771 821.03173137456179 120.90420078486204 923.88583943620324 214.90238952636719 209.24269453436136 430.55910192430019
leaf_count=1474 3776 5252 45165 2244 324 3455 4880 370062 3926 540 4590 926 728 2106
internal_value=-0.00339054 -0.000183905 -0.0332696 -0.0110126 -0.000116954 -0.000130679 -0.00488165 -5.23485e-05 0.00333277 0.0064581 0.00239722 -0.00756565 -0.000152354 -0.00779751
internal_weight=126877 114589 12287.7 694.071 113895 113829 1836.34 111993 3204.34 2080.72 1259.69 335.807 108789 639.802
internal_count=449448 400507 48941 3718 396789 396465 8335 388130 15234 9982 6056 1466 372896 2834
cat_boundaries=0 1
cat_threshold=268437504
is_linear=0
shrinkage=0.035


Tree=248
num_leaves=15
num_cat=2
split_feature=53 6 53 0 11 58 62 6 14 0 48 57 57 57
split_gain=9929.35 67.9193 61.5229 35.2556 26.1484 32.2991 41.0831 33.3487 59.6652 49.1577 51.6117 41.0291 80.237 72.4926
threshold=0.71825396825396837 1.0000000180025095e-35 0.85912698412698429 0 0.99008769215259795 10.986309930945977 -0.4937500000000003 5.6970121618139808 1.0239625556666898 1 0.38745469635189267 0.24696342784683112 0.18963369556468537 0.14307512925434676
decision_type=2 2 2 1 2 2 2 2 2 1 2 2 2 2
left_child=1 3 -2 -1 -3 7 -7 8 9 10 -6 12 13 -9
right_child=2 4 -4 -5 5 6 -8 11 -10 -11 -12 -13 -14 -15
leaf_value=-1.3085812630083649e-05 -6.6631445424551606e-06 -3.1679879217200482e-05 -6.5297336050490103e-06 -6.5650779897118818e-06 3.8209218103505381e-06 3.7242592171323858e-05 -0.00029982232827475812 0.00011645031277440558 -2.0911698406444931e-05 -5.3964895136673911e-06 0.00025299177494344144 7.3767852393241142e-05 0.00035959639209576835 -0.00019839190499519892
leaf_weight=378.97557504475117 483.42982050892897 35447.961454670411 11804.306250594091 315.09522661776282 1665.0296115130186 563.13147711753845 1241.3840026259422 370.39094525575638 5924.4943434719462 9217.2906256935094 1107.750590570271 56748.203061229549 1034.9334807982668 574.84513005614281
leaf_count=1474 3776 134355 45165 2244 8440 426 875 500 20890 40926 4796 182765 1988 828
internal_value=-0.00338284 -0.00017538 -0.0332696 -0.0110126 -0.000108378 0.000248116 -0.00436728 0.000357338 -0.000964181 0.000456102 0.00452414 0.000760551 0.00570024 -0.00167212
internal_weight=126877 114589 12287.7 694.071 113895 78447.5 1804.52 76642.9 17914.6 11990.1 2772.78 58728.4 1980.17 945.236
internal_count=449448 400507 48941 3718 396789 262434 1301 261133 75052 54162 13236 186081 3316 1328
cat_boundaries=0 1 2
cat_threshold=268437504 67108992
is_linear=0
shrinkage=0.035


Tree=249
num_leaves=15
num_cat=2
split_feature=53 6 53 0 57 1 0 59 42 2 9 51 59 47
split_gain=9932.47 67.9845 61.5229 35.2556 25.5682 50.0249 38.9823 54.3019 42.0917 30.2685 29.0631 37.5384 33.2497 37.2652
threshold=0.71825396825396837 1.0000000180025095e-35 0.85912698412698429 0 2.3297221445190859 15.500000000000002 1 0.85654306401281499 0.6999999999999994 2.5000000000000004 0.91555988364375296 1.0270234180041347 -0.14153898451656957 0.1936155758556892
decision_type=2 2 2 1 2 2 1 2 2 2 2 2 2 2
left_child=1 3 -2 -1 10 6 7 -6 9 -8 12 -12 -3 -14
right_child=2 4 -4 -5 5 -7 8 -9 -10 -11 11 -13 13 -15
leaf_value=-1.2627809188030721e-05 -6.4299344834692299e-06 4.4147248816377444e-05 -6.3011929288722945e-06 -6.3353002600719637e-06 0.0040146641827812357 -0.0018641508715762165 0.0012008357847955178 -0.001544553284078809 -0.0025712737095970554 -0.00087085447447279093 -2.2313699879751009e-06 0.0022494074885679063 -0.00095953948843689144 -7.2758159016500309e-05
leaf_weight=378.97557504475117 483.42982050892897 2187.7121637621894 11804.306250594091 315.09522661776282 674.32423286815174 360.60987507691607 170.06700804829597 192.2744050770998 203.99893134832382 141.1732594370842 107139.16011354723 256.88089901721105 1265.3266071600374 1303.8872276598122
leaf_count=1474 3776 9012 45165 2244 3110 1665 426 1154 741 463 365505 1133 6853 6727
internal_value=-0.00337815 -0.000170181 -0.0332696 -0.0110126 -0.000103146 0.00409184 0.00711551 0.0115378 -0.000608606 0.00740262 -0.00016868 -4.99787e-05 -0.00284285 -0.00553501
internal_weight=126877 114589 12287.7 694.071 113895 1742.45 1381.84 866.599 515.239 311.24 112153 107396 4756.93 2569.21
internal_count=449448 400507 48941 3718 396789 7559 5894 4264 1630 889 389230 366638 22592 13580
cat_boundaries=0 1 3
cat_threshold=268437504 100663296 262144
is_linear=0
shrinkage=0.035


Tree=250
num_leaves=15
num_cat=1
split_feature=53 6 53 0 42 41 64 41 40 42 63 1 1 46
split_gain=9936.24 66.6941 61.5229 36.4169 25.3333 29.3874 27.1948 26.1709 40.7072 31.6653 29.2517 31.3176 77.2222 34.1785
threshold=0.71825396825396837 1.0000000180025095e-35 0.85912698412698429 0 31.250000000000004 16.700000000000006 0.98750000000000016 13.300000000000002 6.950000000000002 14.450000000000001 0.36041666666666677 4.5000000000000009 10.500000000000002 2.0499999999999998
decision_type=2 2 2 1 2 2 2 2 2 2 2 2 2 2
left_child=1 3 -2 -1 5 7 -7 8 9 10 -3 -12 -13 -14
right_child=2 4 -4 -5 -6 6 -8 -9 -10 -11 11 12 13 -15
leaf_value=-1.2185835866449645e-05 -6.2048867765478067e-06 -2.9952363189917049e-06 -6.0806511763617644e-06 -6.1135647509694466e-06 0.0049586489346650168 -0.00096804876091220108 0.00028733490355899454 0.0014674784122902496 -0.0035919659839080869 -0.00024171127799548175 -2.5252315777153695e-05 0.0014717607780172371 0.00033811515298558308 -0.0017491523461959637
leaf_weight=378.97557504475117 483.42982050892897 108725.19922411535 11804.306250594091 315.09522661776282 66.228801101446152 356.42258840426803 63.750800549983978 314.81342507153749 212.73294517025352 1141.5136408880353 509.35215199366212 906.70013711601496 1200.4190070442855 398.28200154751539
leaf_count=1474 3776 372857 45165 2244 324 1680 291 1378 1090 5148 2071 4426 5418 2106
internal_value=-0.00337248 -0.000163906 -0.0332696 -0.0109029 -9.75112e-05 -0.000111009 -0.00924174 -7.63683e-05 -0.000104852 -7.53501e-05 -1.58428e-05 0.00337917 0.004986 0.000340134
internal_weight=126877 114589 12287.7 694.071 113895 113829 420.173 113409 113094 112881 111740 3014.75 2505.4 1598.7
internal_count=449448 400507 48941 3718 396789 396465 1971 394494 393116 392026 386878 14021 11950 7524
cat_boundaries=0 1
cat_threshold=268437504
is_linear=0
shrinkage=0.035


Tree=251
num_leaves=15
num_cat=1
split_feature=53 6 53 0 42 41 11 58 1 57 59 58 1 2
split_gain=9939.6 66.3533 61.5229 36.77 25.0041 28.4189 25.3188 37.1201 87.2082 39.4404 42.789 43.79 42.912 43.1017
threshold=0.71825396825396837 1.0000000180025095e-35 0.85912698412698429 0 31.250000000000004 16.700000000000006 1.010187190631062 10.90395333873701 10.500000000000002 1.2647650279341953 0.12447811117596704 10.565221406153354 18.500000000000004 3.5000000000000004
decision_type=2 2 2 1 2 2 2 2 2 2 2 2 2 2
left_child=1 3 -2 -1 5 6 -3 9 -9 -8 12 -12 13 -11
right_child=2 4 -4 -5 -6 -7 7 8 -10 10 11 -13 -14 -15
leaf_value=-1.1759331611123908e-05 -5.9877157393686337e-06 -1.3993129784430141e-05 -5.8678283851891026e-06 -5.8995899846855185e-06 0.0047850962219517451 -0.00063532826331154054 -1.7263272665828405e-06 3.4396589508121599e-05 -0.00029151094181977894 0.00035836627274174585 0.00018989278583241177 -0.00078499614688839266 -0.00082117359902287527 0.0012143459483184051
leaf_weight=378.97557504475117 483.42982050892897 68480.855019086506 11804.306250594091 315.09522661776282 66.228801101446152 420.173388954252 23389.217107258737 1114.1623036265373 2303.7581378221512 5714.2888077646494 7800.5071651125327 726.54334820061922 739.95357597433031 3139.7270681005903
leaf_count=1474 3776 231818 45165 2244 324 1971 87532 1266 2792 16321 39088 1398 2698 11581
internal_value=-0.00336742 -0.000158304 -0.0332696 -0.0108699 -9.20795e-05 -0.00010549 -7.1425e-05 0.000574141 -0.00292662 0.000863027 0.00208822 0.000283411 0.00369036 0.00436756
internal_weight=126877 114589 12287.7 694.071 113895 113829 113409 44928.2 3417.92 41510.2 18121 8527.05 9593.97 8854.02
internal_count=449448 400507 48941 3718 396789 396465 394494 162676 4058 158618 71086 40486 30600 27902
cat_boundaries=0 1
cat_threshold=268437504
is_linear=0
shrinkage=0.035


Tree=252
num_leaves=15
num_cat=2
split_feature=53 6 53 0 42 41 64 57 1 0 59 42 2 9
split_gain=9942.29 66.4088 61.5229 36.77 24.9929 26.0096 27.8174 24.8557 43.9504 36.3776 48.8825 41.7801 30.1057 27.2443
threshold=0.71825396825396837 1.0000000180025095e-35 0.85912698412698429 0 31.250000000000004 16.700000000000006 0.98750000000000016 2.3297221445190859 15.500000000000002 1 0.85654306401281499 0.6999999999999994 2.5000000000000004 0.90285717972970592
decision_type=2 2 2 1 2 2 2 2 2 1 2 2 2 2
left_child=1 3 -2 -1 5 7 -7 13 9 10 -9 12 -11 -3
right_child=2 4 -4 -5 -6 6 -8 8 -10 11 -12 -13 -14 -15
leaf_value=-1.1347755004734572e-05 -5.7781456884907323e-06 -0.00026237674457172191 -5.6624543917074832e-06 -5.6931043352215287e-06 0.0046176178541834324 -0.00091193056506437076 0.00029951467115033368 0.003863081729010787 -0.0018101014570651875 0.0011594011251412884 -0.0015347894265213236 -0.0024823781771227886 -0.00083977997505262807 -8.8870180132982767e-07
leaf_weight=378.97557504475117 483.42982050892897 3788.8974132365547 11804.306250594091 315.09522661776282 66.228801101446152 356.42258840426803 63.750800549983978 674.32423286815174 360.08094173064455 170.06700804829597 189.00087164342403 203.79306467622519 141.1732594370842 107881.67574130627
leaf_count=1474 3776 18107 45165 2244 324 1680 291 3110 1659 426 1134 738 463 368857
internal_value=-0.00336338 -0.000153827 -0.0332696 -0.0108699 -8.75759e-05 -0.000100983 -0.00869094 -6.83947e-05 0.0040724 0.00691043 0.0111947 -0.000550317 0.00742885 -0.000133216
internal_weight=126877 114589 12287.7 694.071 113895 113829 420.173 113409 1738.44 1378.36 863.325 515.033 311.24 111671
internal_count=449448 400507 48941 3718 396789 396465 1971 394494 7530 5871 4244 1627 889 386964
cat_boundaries=0 1 3
cat_threshold=268437504 100663296 262144
is_linear=0
shrinkage=0.035


Tree=253
num_leaves=15
num_cat=1
split_feature=53 6 53 0 36 46 23 61 46 6 62 58 60 57
split_gain=9943.81 65.3558 61.5229 37.7147 24.3921 86.3042 62.3762 59.1976 42.1511 48.3293 31.6849 70.6951 77.6988 89.0673
threshold=0.71825396825396837 1.0000000180025095e-35 0.85912698412698429 0 29.050000000000004 2.5499999999999998 1.0000000180025095e-35 25.620833333333334 6.4000000000000021 2.4482774444962749 0.81666666666666743 9.8530962726721345 -0.57022117041332276 1.8967799569578108
decision_type=2 2 2 1 2 2 2 2 2 2 2 2 2 2
left_child=1 3 -2 -1 7 6 -6 10 9 -9 11 12 13 -3
right_child=2 4 -4 -5 5 -7 -8 8 -10 -11 -12 -13 -14 -15
leaf_value=-1.0950583579568864e-05 -5.5759105893935565e-06 -0.00029332080950614128 -5.4642684879977219e-06 -5.4938456834887783e-06 -0.00082590994767204554 -0.0019569004373831923 0.0030672351404340179 -4.0164475870064705e-05 -0.0017396801576454281 0.00086250119554360529 5.7345505226767961e-05 -5.9899154930098675e-07 -1.8783748258870479e-05 0.0026985443716135006
leaf_weight=378.97557504475117 483.42982050892897 5381.4272388783284 11804.306250594091 315.09522661776282 168.68594515323639 762.00769998505712 168.70290005207062 130.05916279181838 96.435000371187925 1087.242298938334 45039.666648763465 52668.54462154489 7935.7112502418458 456.93195628211834
leaf_count=1474 3776 40053 45165 2244 956 3402 648 677 396 4961 163300 126625 52477 3294
internal_value=-0.00336109 -0.000151297 -0.0332696 -0.010782 -8.5573e-05 -0.00525002 0.00930313 -3.47753e-05 0.00732317 0.00911002 -0.000122132 -0.000607905 -0.00283939 -0.00590044
internal_weight=126877 114589 12287.7 694.071 113895 1099.4 337.389 112796 1313.74 1217.3 111482 66442.6 13774.1 5838.36
internal_count=449448 400507 48941 3718 396789 5006 1604 391783 6034 5638 385749 222449 95824 43347
cat_boundaries=0 1
cat_threshold=268437504
is_linear=0
shrinkage=0.035


Tree=254
num_leaves=15
num_cat=2
split_feature=53 6 53 0 9 62 54 57 58 46 60 13 0 11
split_gain=9948.5 65.0241 61.5229 38.0919 24.4839 51.1681 49.8201 48.2687 36.9947 42.9221 60.3669 36.3017 40.3902 33.0231
threshold=0.71825396825396837 1.0000000180025095e-35 0.85912698412698429 0 1.0549227400587247 1.8291666666666664 37.500000000000007 1.7806198913340887 9.8530962726721345 -1.9999999999999993 -0.57022117041332276 0.95079627147310053 1 1.2229967164455722
decision_type=2 2 2 1 2 2 2 2 2 2 2 2 1 2
left_child=1 3 -2 -1 8 6 -6 -8 9 10 -3 12 -10 -11
right_child=2 4 -4 -5 5 -7 7 -9 11 13 -12 -13 -14 -15
leaf_value=-1.0567313154283953e-05 -5.3807537187647812e-06 -0.00023822774268223972 -5.2730190909178006e-06 -5.3015610845666702e-06 0.00015131048029754987 0.00063112012802981959 -9.0889883104923366e-05 0.0013515971051551246 -4.7586050638359376e-06 -6.0827847424519214e-05 -3.1807215801225585e-05 4.0672898935648072e-06 -0.00064891459801470243 0.0014506486865799853
leaf_weight=378.97557504475117 483.42982050892897 2307.665833959356 11804.306250594091 315.09522661776282 2548.2350505962968 3929.2167283040471 3522.5206955038011 594.96598574519157 698.40144848078489 13678.264872927684 3758.0986875146627 82068.506543020252 407.24353645276278 382.29534049751237
leaf_count=1474 3776 16839 45165 2244 15258 18185 13504 2658 2004 98761 27265 199133 1255 1927
internal_value=-0.00335404 -0.000143487 -0.0332696 -0.0107472 -7.79306e-05 0.00152361 -0.000344831 -0.00272295 -0.000242323 -0.0015884 -0.00404668 8.35505e-05 -0.00618746 -0.000525771
internal_weight=126877 114589 12287.7 694.071 113895 10594.9 6665.72 4117.49 103300 20126.3 6065.76 83174.2 1105.64 14060.6
internal_count=449448 400507 48941 3718 396789 49605 31420 16162 347184 144792 44104 202392 3259 100688
cat_boundaries=0 1 2
cat_threshold=268437504 67242112
is_linear=0
shrinkage=0.035


Tree=255
num_leaves=15
num_cat=2
split_feature=53 6 53 0 11 1 14 12 1 31 58 0 35 57
split_gain=9946.63 64.9861 61.5229 38.0919 24.4832 51.282 183.049 59.5766 55.8361 52.3072 48.4443 45.4622 45.232 43.841
threshold=0.71825396825396837 1.0000000180025095e-35 0.85912698412698429 0 0.97872776580602372 16.500000000000004 1.0123130853103539 0.99456893778813404 8.5000000000000018 1.0000000180025095e-35 10.565221406153354 1 42.500000000000007 0.37450808872536351
decision_type=2 2 2 1 2 2 2 2 2 2 2 1 2 2
left_child=1 3 -2 -1 5 8 7 -7 10 11 12 -10 -3 -8
right_child=2 4 -4 -5 -6 6 13 -9 9 -11 -12 -13 -14 -15
leaf_value=-1.0197457193884013e-05 -5.1924273386080141e-06 0.002519810100782143 -5.0884634227356771e-06 -5.1160064466068361e-06 4.4327427215119266e-06 -1.8318752709656218e-05 0.00014365267535036336 0.00096209864818303859 0.00016128564155018068 -0.0039795592130093494 3.2197797264385163e-05 -0.00064909556092190737 -4.1510143348084549e-05 -0.0013566050885214487
leaf_weight=378.97557504475117 483.42982050892897 203.11214879341424 11804.306250594091 315.09522661776282 91182.841195271118 2259.6985143003985 407.40421884669922 3672.6763450179715 2019.0214400396217 235.89003995060921 1301.7955234358087 6390.9726516418159 4322.8339870609343 1899.168658643961
leaf_count=1474 3776 1563 45165 2244 306040 9400 1387 14875 11941 900 1991 23874 17598 7220
internal_value=-0.00335684 -0.000146586 -0.0332696 -0.0107472 -8.10491e-05 -0.00110897 0.00109448 0.00434661 -0.00236315 -0.00414629 0.000284831 -0.0036762 -0.00142881 -0.00725245
internal_weight=126877 114589 12287.7 694.071 113895 22712.6 8238.95 5932.37 14473.6 8645.88 5827.74 8409.99 4525.95 2306.57
internal_count=449448 400507 48941 3718 396789 90749 32882 24275 57867 36715 21152 35815 19161 8607
cat_boundaries=0 1 3
cat_threshold=268437504 268435458 262144
is_linear=0
shrinkage=0.035


Tree=256
num_leaves=15
num_cat=1
split_feature=53 6 53 0 42 41 64 13 23 2 1 1 1 52
split_gain=9946.39 65.0134 62.2123 38.0919 24.306 24.2584 25.4165 23.7438 45.2721 54.3067 67.0161 80.6749 52.57 38.3415
threshold=0.71825396825396837 1.0000000180025095e-35 0.85912698412698429 0 31.250000000000004 16.700000000000006 0.98750000000000016 1.0133461813763085 1.0000000180025095e-35 3.5000000000000004 14.500000000000002 16.500000000000004 15.500000000000002 0.31501939105342552
decision_type=2 2 2 1 2 2 2 2 2 2 2 2 2 2
left_child=1 3 -2 -1 5 7 -7 -3 -9 -10 13 12 -12 -11
right_child=2 4 -4 -5 -6 6 -8 8 9 10 11 -13 -14 -15
leaf_value=-9.8405461920980728e-06 -5.0106923817567328e-06 -8.1474095740314659e-06 -4.9103672029399294e-06 -4.9369462209755978e-06 0.0044557246928497067 -0.00088028953172442092 0.00028875512122276986 -9.8757189880773604e-06 4.277596726258997e-06 -7.4071111286533133e-05 0.00099645689257772414 0.00023695931086658824 0.003381103706401082 7.7086601956493305e-05
leaf_weight=378.97557504475117 483.42982050892897 88129.239504230209 11804.306250594091 315.09522661776282 66.228801101446152 356.42258840426803 63.750800549983978 14074.444778416306 5636.8704930953681 1125.0283397361636 521.09773703292012 1805.7439638413489 675.7679601572454 1440.819756437093
leaf_count=1474 3776 300778 45165 2244 324 1680 291 60724 17371 2739 1452 4943 1833 4654
internal_value=-0.00335457 -0.000144358 -0.033267 -0.0107472 -7.88071e-05 -9.20298e-05 -0.00838778 -6.05577e-05 0.000884799 0.00254373 0.00499195 0.00853244 0.0155436 0.000831761
internal_weight=126877 114589 12287.7 694.071 113895 113829 420.173 113409 25279.8 11205.3 5568.46 3002.61 1196.87 2565.85
internal_count=449448 400507 48941 3718 396789 396465 1971 394494 93716 32992 15621 8228 3285 7393
cat_boundaries=0 1
cat_threshold=268437504
is_linear=0
shrinkage=0.035


Tree=257
num_leaves=15
num_cat=1
split_feature=53 6 53 0 12 51 51 13 6 9 10 13 12 48
split_gain=9949.27 64.7913 62.2123 38.3411 23.4168 24.4759 46.871 33.2212 47.7873 30.6291 28.0207 32.8802 37.4225 33.1097
threshold=0.71825396825396837 1.0000000180025095e-35 0.85912698412698429 0 1.8345429119556795 0.41281913716529522 0.91106682255889482 1.0428920307658192 7.4147504467901229 0.89619861225554598 1.009310124759079 1.0039624384260495 1.0146691354105555 0.085510983327248283
decision_type=2 2 2 1 2 2 2 2 2 2 2 2 2 2
left_child=1 3 -2 -1 5 7 -7 10 -9 -8 11 12 -3 -13
right_child=2 4 -4 -5 -6 6 9 8 -10 -11 -12 13 -14 -15
leaf_value=-9.4961270753746406e-06 -4.8353181483952479e-06 -1.3320388236111048e-05 -4.7385043508370315e-06 -4.7641531032414525e-06 0.001564058786486683 -0.00033696370814218478 -0.0010200018135070423 4.1135213321550547e-05 0.0020839143211788349 0.0011262744842899109 -3.1939584988554661e-05 0.00078245686338999313 6.5772516173138174e-05 3.0595837947274184e-05
leaf_weight=378.97557504475117 483.42982050892897 51710.144047178561 11804.306250594091 315.09522661776282 293.78209443972446 3066.1518286566716 195.55185029050335 3620.5280303177424 535.78724976163357 574.42856326047331 24336.758986573201 497.31929626129568 8633.7915180991404 20431.171258163406
leaf_count=1474 3776 172526 45165 2244 1192 13612 669 16524 1178 2062 90567 1056 37433 59970
internal_value=-0.00335024 -0.000139568 -0.033267 -0.0107243 -7.41296e-05 -0.000100072 -0.00284447 -3.90884e-06 0.00306157 0.00483142 -0.000124831 0.000187169 -0.000227456 0.00138221
internal_weight=126877 114589 12287.7 694.071 113895 113602 3836.13 109766 4156.32 769.98 105609 81272.4 60343.9 20928.5
internal_count=449448 400507 48941 3718 396789 395597 16343 379254 17702 2731 361552 270985 209959 61026
cat_boundaries=0 1
cat_threshold=268437504
is_linear=0
shrinkage=0.035


Tree=258
num_leaves=15
num_cat=1
split_feature=53 6 53 0 42 40 1 6 59 1 46 63 28 62
split_gain=9947.14 64.3438 62.2123 38.7017 23.2827 23.9571 50.8852 60.5295 43.5019 80.0493 46.6326 46.9106 41.9007 39.1883
threshold=0.71825396825396837 1.0000000180025095e-35 0.85912698412698429 0 31.250000000000004 0.20000000000000065 10.500000000000002 6.9749865533283666 0.59817537509284302 16.500000000000004 2.1500000000000012 0.077083333333333351 33.500000000000007 1.2354166666666659
decision_type=2 2 2 1 2 2 2 2 2 2 2 2 2 2
left_child=1 3 -2 -1 5 -3 7 -7 13 10 -10 -12 -9 -8
right_child=2 4 -4 -5 -6 6 8 12 9 -11 11 -13 -14 -15
leaf_value=-9.1637626277365285e-06 -4.6660820132014134e-06 3.9718124265314952e-06 -4.5726566985577353e-06 -4.5974077446280016e-06 0.0043002405421882373 -1.0592403981570735e-05 -0.000205631966919747 0.0014613000556173898 -0.0016592199950630584 5.8387004599019806e-06 -0.001346761518984031 -9.1731795543686936e-05 0.00022802809909173386 0.00049981112708916814
leaf_weight=378.97557504475117 483.42982050892897 93961.549773406237 11804.306250594091 315.09522661776282 66.228801101446152 3540.6895933719352 4445.5089817531407 1288.4222552627325 1586.8294021822512 2821.0127014778554 779.02779725566506 1525.143499340862 1915.7655119895935 1965.2364058606327
leaf_count=1474 3776 319935 45165 2244 324 15878 14629 3432 6723 13527 3519 6687 5538 6597
internal_value=-0.00335345 -0.000143113 -0.033267 -0.0106912 -7.79002e-05 -9.08416e-05 -0.00119475 0.00127468 -0.002464 -0.00443123 -0.0076792 -0.00446858 0.00475288 -0.00040063
internal_weight=126877 114589 12287.7 694.071 113895 113829 19867.6 6744.88 13122.8 6712.01 3891 2304.17 3204.19 6410.75
internal_count=449448 400507 48941 3718 396789 396465 76530 24848 51682 30456 16929 10206 8970 21226
cat_boundaries=0 1
cat_threshold=268437504
is_linear=0
shrinkage=0.035


Tree=259
num_leaves=15
num_cat=2
split_feature=53 6 53 0 11 1 14 1 1 57 31 58 35 0
split_gain=9947.79 63.695 62.2123 39.298 22.6073 46.0891 129.051 57.887 54.8148 50.2963 50.0106 43.8328 42.0419 41.6829
threshold=0.71825396825396837 1.0000000180025095e-35 0.85912698412698429 0 0.97872776580602372 15.500000000000002 1.0123130853103539 8.5000000000000018 17.500000000000004 0.37450808872536351 1.0000000180025095e-35 10.565221406153354 42.500000000000007 1
decision_type=2 2 2 1 2 2 2 2 2 2 2 2 2 1
left_child=1 3 -2 -1 5 7 -7 11 -8 -10 13 12 -3 -9
right_child=2 4 -4 -5 -6 6 8 10 9 -11 -12 -13 -14 -15
leaf_value=-8.8430309357657491e-06 -4.5027691427393636e-06 0.0024404349160027801 -4.4126137141082147e-06 -4.4364984735660235e-06 4.4593291156038672e-06 0.00043672097176336778 0.0011345864916262106 0.0004203589265994601 0.00014662338752812349 -0.0014830023372762624 -0.0038670299324976192 3.1683233848558066e-05 -3.9837052969899712e-05 -0.00062517414887737998
leaf_weight=378.97557504475117 483.42982050892897 203.11214879341424 11804.306250594091 315.09522661776282 91182.841195271118 6565.3491549084429 343.4991621801164 1200.1462745568715 407.40421884669922 1720.9461305383593 228.92563156783581 1301.7955234358087 4322.8339870609343 6418.5612958427519
leaf_count=1474 3776 1563 45165 2244 306040 27408 1456 7123 1387 6433 863 1991 17598 24927
internal_value=-0.00335246 -0.000142023 -0.033267 -0.0106368 -7.71398e-05 -0.0010649 0.000874037 -0.00234592 -0.00592732 -0.00801965 -0.00430629 0.000296764 -0.00133333 -0.00380623
internal_weight=126877 114589 12287.7 694.071 113895 22712.6 9037.2 13675.4 2471.85 2128.35 7847.63 5827.74 4525.95 7618.71
internal_count=449448 400507 48941 3718 396789 90749 36684 54065 9276 7820 32913 21152 19161 32050
cat_boundaries=0 1 3
cat_threshold=268437504 268435456 262144
is_linear=0
shrinkage=0.035


Tree=260
num_leaves=15
num_cat=1
split_feature=53 6 53 0 9 62 54 57 58 46 60 13 57 59
split_gain=9950.36 63.7469 62.2123 39.298 22.2977 49.2619 45.1894 42.2595 34.0349 38.9525 54.4632 32.8494 37.6681 32.014
threshold=0.71825396825396837 1.0000000180025095e-35 0.85912698412698429 0 1.0549227400587247 1.8291666666666664 37.500000000000007 1.7806198913340887 9.8530962726721345 -1.9999999999999993 -0.57022117041332276 0.95079627147310053 1.9260864644465359 0.59125596962661842
decision_type=2 2 2 1 2 2 2 2 2 2 2 2 2 2
left_child=1 3 -2 -1 8 6 -6 -8 9 10 -3 12 -10 -7
right_child=2 4 -4 -5 5 13 7 -9 11 -11 -12 -13 -14 -15
leaf_value=-8.5335248530139481e-06 -4.3451722227434863e-06 -0.00023080774301143295 -4.2581722341144274e-06 -4.281221026991212e-06 0.0001475615175168094 0.0010563539199452089 -8.2139320164001953e-05 0.0012982840159389221 -4.8305877989051029e-05 -3.5484141141128801e-05 -3.083137915261158e-05 3.8898555487065779e-06 -0.0047907449065877801 0.00022115490395562378
leaf_weight=378.97557504475117 483.42982050892897 2307.665833959356 11804.306250594091 315.09522661776282 2548.2350505962968 1916.1316471402533 3522.5206955038011 594.96598574519157 916.75853355508298 14060.560213425197 3758.0986875146627 82068.506543020252 188.8864513784647 2013.0850811637938
leaf_count=1474 3776 16839 45165 2244 15258 8062 13504 2658 2685 100688 27265 199133 574 10123
internal_value=-0.0033486 -0.000137749 -0.033267 -0.0106368 -7.28401e-05 0.00145553 -0.000377726 -0.00264256 -0.000229722 -0.00152083 -0.00386268 8.28436e-05 -0.00588253 0.00455861
internal_weight=126877 114589 12287.7 694.071 113895 10594.9 6665.72 4117.49 103300 20126.3 6065.76 83174.2 1105.64 3929.22
internal_count=449448 400507 48941 3718 396789 49605 31420 16162 347184 144792 44104 202392 3259 18185
cat_boundaries=0 1
cat_threshold=268437504
is_linear=0
shrinkage=0.035


Tree=261
num_leaves=15
num_cat=2
split_feature=53 6 53 0 13 42 40 36 56 1 1 0 46 63
split_gain=9953.64 63.3229 62.2123 39.8468 34 22.2593 23.1857 47.0176 40.5716 36.9099 48.0511 48.5873 38.424 65.9296
threshold=0.71825396825396837 1.0000000180025095e-35 0.85912698412698429 0 1.0615602265826165 31.250000000000004 0.20000000000000065 15.750000000000002 3.5000000000000004 16.500000000000004 11.500000000000002 1 2.1500000000000012 0.077083333333333351
decision_type=2 2 2 1 2 2 2 2 2 2 2 1 2 2
left_child=1 3 -2 -1 -5 6 -3 8 -8 10 11 -9 -12 -14
right_child=2 5 -4 4 -6 -7 7 9 -10 -11 12 -13 13 -15
leaf_value=6.8365309762489525e-06 -4.1930911949474645e-06 3.9965907371486422e-06 -4.1091362059204225e-06 -8.412358257863012e-06 0.00011734296904931473 0.0041494399017484021 4.5149959472660088e-06 -0.00041170448859855743 -0.0020324616423016066 4.2641651864158139e-05 -0.0021621321277304276 0.00028568157092211501 -0.0015099741770732867 3.3657362768388937e-05
leaf_weight=170.76042179600336 483.42982050892897 93961.549773406237 11804.306250594091 449.84549133107066 73.464888535439968 66.228801101446152 13936.847654902376 539.15296134352684 231.83088941499591 1755.9813991636038 925.67540187761188 759.18864350020885 674.08039767667651 1044.8788006156683
leaf_count=729 3776 319935 45165 2570 419 324 49333 1884 1681 8181 3978 3796 3033 4644
internal_value=-0.00334367 -0.000132286 -0.033267 -0.0105964 -0.0151526 -6.75938e-05 -8.02482e-05 -0.00116624 -8.56688e-05 -0.00384789 -0.0057236 -0.000204217 -0.00842228 -0.00527568
internal_weight=126877 114589 12287.7 694.071 523.31 113895 113829 19867.6 14168.7 5698.96 3942.98 1298.34 2644.63 1718.96
internal_count=449448 400507 48941 3718 2989 396789 396465 76530 51014 25516 17335 5680 11655 7677
cat_boundaries=0 2 4
cat_threshold=67244160 262144 33685504 262144
is_linear=0
shrinkage=0.035


Tree=262
num_leaves=15
num_cat=1
split_feature=53 6 53 0 7 9 48 27 2 57 1 58 11 59
split_gain=9956.64 63.8738 62.2123 39.298 22.1503 25.7081 34.083 53.4917 33.858 32.5538 58.7452 68.9119 78.2565 66.3624
threshold=0.71825396825396837 1.0000000180025095e-35 0.85912698412698429 0 1.1827761478181951 0.986597351708978 0.075067589346208677 59.500000000000007 2.5000000000000004 0.23109167196932104 7.5000000000000009 10.588470930498199 1.0079685787986843 -0.22611359161738873
decision_type=2 2 2 1 2 2 2 2 2 2 2 2 2 2
left_child=1 3 -2 -1 5 9 7 8 -7 -3 11 -11 -13 -12
right_child=2 4 -4 -5 -6 6 -8 -9 -10 10 13 12 -14 -15
leaf_value=-7.9404189441332556e-06 -4.046333003124303e-06 1.044368948894802e-05 -3.9653164387132073e-06 -4.3706568752152343e-06 0.00031032155087955179 0.0013241838215890945 1.8730170586709739e-06 -0.00020151172158594779 0.0001575391424036505 -0.00080861165255077588 0.00028083936827078438 -0.00042746070295150099 0.0025390524764340302 -0.00029051315296821373
leaf_weight=378.97557504475117 483.42982050892897 5018.8181795685086 11804.306250594091 315.09522661776282 1612.6694941511378 344.81743043661118 82439.571443655761 340.27807758003473 1633.5914200039115 2497.0568950544111 6477.162556072697 243.99589415825903 168.52504931949079 13118.928283001529
leaf_count=1474 3776 17171 45165 2244 8422 420 279507 1645 5680 9769 20620 421 281 52853
internal_value=-0.00333917 -0.000127303 -0.033267 -0.0106368 -6.23304e-05 -0.000120994 0.000180825 0.00435656 0.0065628 -0.00105013 -0.00161848 -0.00625041 0.00687691 -0.000927903
internal_weight=126877 114589 12287.7 694.071 113895 112283 84758.3 2318.69 1978.41 27524.5 22505.7 2909.58 412.521 19596.1
internal_count=449448 400507 48941 3718 396789 388367 287252 7745 6100 101115 83944 10471 702 73473
cat_boundaries=0 1
cat_threshold=268437504
is_linear=0
shrinkage=0.035


Tree=263
num_leaves=15
num_cat=2
split_feature=53 6 53 0 57 1 59 0 42 2 58 62 62 61
split_gain=9953.12 63.8028 62.2123 39.298 21.7014 37.9331 33.0757 46.5542 44.4364 31.7624 24.81 44.2159 28.7364 85.8834
threshold=0.71825396825396837 1.0000000180025095e-35 0.85912698412698429 0 2.3297221445190859 15.500000000000002 0.85654306401281499 1 0.6999999999999994 2.5000000000000004 10.986309930945977 -0.76250000000000184 0.84791666666666698 24.966666666666672
decision_type=2 2 2 1 2 2 2 1 2 2 2 2 2 2
left_child=1 3 -2 -1 10 6 7 -6 9 -9 12 -12 13 -3
right_child=2 4 -4 -5 5 -7 -8 8 -10 -11 11 -13 -14 -15
leaf_value=-7.6625042810885908e-06 -3.9047113480149528e-06 -1.1606201607776367e-05 -3.8265303633582448e-06 -4.2176838845827018e-06 0.0037065826759699319 -0.0017340561501679266 -0.0016955149423536554 0.0011288937670272925 -0.0024371505247355431 -0.00061507867026764816 3.7235305354897561e-05 -0.00018028523989626981 6.3397708596152352e-05 0.00023277925709720172
leaf_weight=378.97557504475117 483.42982050892897 63528.541281564161 11804.306250594091 315.09522661776282 674.32423286815174 360.60987507691607 228.27309522032738 159.55057478696108 186.77526336163282 132.91467054188251 500.31385141611099 1504.6513065695763 45060.092481510947 1559.3680900856853
leaf_count=1474 3776 215696 45165 2244 3110 1665 1463 338 586 397 454 1090 165196 6794
internal_value=-0.00334444 -0.000133147 -0.033267 -0.0106368 -6.82097e-05 0.00379656 0.00642872 0.008828 0.000293062 0.00871542 -0.000128587 -0.00397727 -5.81771e-05 -0.000528517
internal_weight=126877 114589 12287.7 694.071 113895 1742.45 1381.84 1153.56 479.241 292.465 112153 2004.97 110148 65087.9
internal_count=449448 400507 48941 3718 396789 7559 5894 4431 1321 735 389230 1544 387686 222490
cat_boundaries=0 1 3
cat_threshold=268437504 100663296 262144
is_linear=0
shrinkage=0.035


Tree=264
num_leaves=15
num_cat=1
split_feature=53 49 53 0 13 10 25 57 13 6 58 57 6 57
split_gain=9957.95 63.4506 62.2123 23.7459 22.1109 28.2794 40.3337 37.5114 41.6581 35.8834 45.127 33.9101 30.7568 28.5044
threshold=0.71825396825396837 0.59411764705882364 0.85912698412698429 0 1.0032402889823031 1.009310124759079 1.0000000180025095e-35 1.3425836480196718 1.03995341825403 8.0481575277846371 10.742199985363566 1.2208304212631058 7.7798773324825872 0.16342589704537608
decision_type=2 2 2 1 2 2 2 2 2 2 2 2 2 2
left_child=1 4 -2 -3 -1 6 7 12 -9 10 -8 13 -6 -12
right_child=2 3 -4 -5 5 -7 9 8 -10 -11 11 -13 -14 -15
leaf_value=-9.8385798877953526e-06 -3.7680464508344294e-06 -7.5718234059550417e-06 -3.6926018006407065e-06 -2.6504180529542628e-05 2.7506621577878849e-05 -9.9430801259476227e-06 -1.2296337779448982e-05 0.00057811744411046418 0.0032691928831812002 -0.00051575094432769865 1.4396054595020859e-05 -5.8382378739028079e-05 -0.0003755691805242954 0.00066419855444674358
leaf_weight=68020.350253270706 483.42982050892897 287.20620315149426 11804.306250594091 235.18586513632908 6082.4401966554578 22044.541104741627 8495.7909413538873 5523.4352305224165 228.72862336784601 1199.6648830473423 559.83066916465759 615.76870477199554 622.02629190683365 674.51655757427216
leaf_count=238069 3776 1233 45165 1927 18900 88533 28921 16884 699 1763 784 893 900 1001
internal_value=-0.00333719 -0.000125118 -0.033267 -0.0121799 -6.88483e-05 0.000523343 0.00135434 0.00273479 0.00480592 -0.000136116 0.000530303 0.00546813 0.000953332 0.00879305
internal_weight=126877 114589 12287.7 522.392 114067 46046.7 24002.2 12456.6 5752.16 11545.6 10345.9 1850.12 6704.47 1234.35
internal_count=449448 400507 48941 3160 397347 159278 70745 37383 17583 33362 31599 2678 19800 1785
cat_boundaries=0 1
cat_threshold=268437504
is_linear=0
shrinkage=0.035


Tree=265
num_leaves=15
num_cat=1
split_feature=53 6 53 0 12 14 1 59 14 1 1 1 57 2
split_gain=9952.95 63.7992 62.2123 39.298 22.018 42.3236 46.4205 33.7765 35.2598 32.4386 30.0084 34.2585 67.6877 38.9741
threshold=0.71825396825396837 1.0000000180025095e-35 0.85912698412698429 0 0.98597127381986993 1.1694833628063137 18.500000000000004 -0.10738035228456462 0.88599000440540199 17.500000000000004 17.500000000000004 7.5000000000000009 0.70685354671678924 3.5000000000000004
decision_type=2 2 2 1 2 2 2 2 2 2 2 2 2 2
left_child=1 3 -2 -1 5 7 -7 10 9 -9 11 12 -3 -13
right_child=2 4 -4 -5 -6 6 -8 8 -10 -11 -12 13 -14 -15
leaf_value=-7.1293028120420638e-06 -3.6361648250552246e-06 4.433525585403324e-05 -3.5633607376182818e-06 -3.806805886300208e-06 5.0777872394578314e-06 -2.2382283093181533e-05 -0.0016851812996595437 -2.4436425938175258e-05 -6.2712150368318402e-05 0.00081441585988111843 -0.00031260433005528916 0.00019209038940653069 -0.0017309923792954891 0.0012738436429859546
leaf_weight=378.97557504475117 483.42982050892897 830.63483469886705 11804.306250594091 315.09522661776282 88873.713336700341 998.35555598209612 400.79285733122379 902.76519951224327 14439.223633604124 690.95580185577273 1488.7909163683653 3000.5346467196941 552.67016143351793 1716.9777787961066
leaf_count=1474 3776 2424 45165 2244 293910 4167 1700 4779 63549 3074 5262 9480 1710 6734
internal_value=-0.00334471 -0.000133441 -0.033267 -0.0106368 -6.85056e-05 -0.000985421 -0.00687814 -0.000633636 -0.00154392 0.00338207 0.00128882 0.00237587 -0.00245451 0.00379447
internal_weight=126877 114589 12287.7 694.071 113895 25021.7 1399.15 23622.6 16032.9 1593.72 7589.61 6100.82 1383.3 4717.51
internal_count=449448 400507 48941 3718 396789 102879 5867 97012 71402 7853 25610 20348 4134 16214
cat_boundaries=0 1
cat_threshold=268437504
is_linear=0
shrinkage=0.035


Tree=266
num_leaves=15
num_cat=1
split_feature=53 6 53 0 13 11 58 1 2 51 11 1 6 35
split_gain=9958.22 63.1042 62.2123 40.2804 34 21.3621 36.9387 87.1385 44.233 42.3004 36.6359 36.1119 49.6797 38.0038
threshold=0.71825396825396837 1.0000000180025095e-35 0.85912698412698429 0 1.0615602265826165 1.010187190631062 10.885935232485975 10.500000000000002 1.5000000000000002 0.097437538986834785 1.0530003736180267 7.5000000000000009 4.2976196645665841 70.000000000000014
decision_type=2 2 2 1 2 2 2 2 2 2 2 2 2 2
left_child=1 3 -2 -1 -5 -3 9 -8 -9 10 -7 13 -13 -11
right_child=2 5 -4 4 -6 6 7 8 -10 11 -12 12 -14 -15
leaf_value=7.4466353419789094e-06 -3.5088990561782919e-06 -1.2336245258510182e-05 -3.4386431118016419e-06 -7.057283988325143e-06 0.00011429660686310144 2.9494000932971479e-05 3.140851574748764e-05 -0.00049917852639835576 -0.00011400923508623874 0.00029432382754002569 0.0003806380384776831 -0.00022354622064911988 0.00014353182708450125 -1.6368366519952135e-05
leaf_weight=170.76042179600336 483.42982050892897 68802.60693901917 11804.306250594091 449.84549133107066 73.464888535439968 5435.2267111837864 1364.9679546356201 1154.591995716095 1706.8294711709023 338.53961446811445 815.58942693565041 717.74595427745953 25401.464663305087 8157.851992290467
leaf_count=729 3776 233330 45165 2570 419 16565 1623 1462 1985 1925 3366 5269 101004 30260
internal_value=-0.00333679 -0.000124668 -0.033267 -0.0105707 -0.0151526 -6.00877e-05 0.000531931 -0.00257927 -0.00604372 0.000854242 0.00350171 0.000375295 0.00102002 -0.00160556
internal_weight=126877 114589 12287.7 694.071 523.31 113895 45092.8 4226.39 2861.42 40866.4 6250.82 34615.6 26119.2 8496.39
internal_count=449448 400507 48941 3718 2989 396789 163459 5070 3447 158389 19931 138458 106273 32185
cat_boundaries=0 2
cat_threshold=67244160 262144
is_linear=0
shrinkage=0.035


Tree=267
num_leaves=15
num_cat=1
split_feature=53 6 53 0 9 6 46 52 54 1 48 1 2 62
split_gain=9954.45 64.2325 62.2123 39.5737 21.197 34.3271 45.6097 58.5301 37.5319 46.8194 41.1749 40.3508 67.6188 39.1382
threshold=0.71825396825396837 1.0000000180025095e-35 0.85912698412698429 0 1.0357255500065057 7.6909189469034516 -0.65000000000000024 0.26260297140478239 37.500000000000007 16.500000000000004 0.72514363635466961 13.500000000000002 3.5000000000000004 1.9833333333333341
decision_type=2 2 2 1 2 2 2 2 2 2 2 2 2 2
left_child=1 3 -2 -1 -3 8 -7 -8 9 10 11 -6 -13 -10
right_child=2 4 -4 -5 5 6 7 -9 13 -11 -12 12 -14 -15
leaf_value=-6.6327722740292119e-06 -3.3860875892120516e-06 -6.1997649019129854e-06 -3.3182906028885846e-06 -3.934199917248965e-06 0.0001425549176808727 0.0026134566654019433 -0.00022629175345997957 0.00078313490900086666 -5.3238012027105732e-05 0.0009631772285785213 -0.00093912825824848283 -0.0024189970304367837 0.00092685344152197984 0.00044085392644251266
leaf_weight=378.97557504475117 483.42982050892897 97139.682307301555 11804.306250594091 315.09522661776282 2781.7893541993108 513.21030700951815 1265.2185475863516 1161.0794568751007 5739.9785237051547 1630.1925596154761 435.599084433401 455.62984731048346 497.04461878328584 2275.9901161827147
leaf_count=1474 3776 322331 45165 2244 16762 1237 2636 2616 23312 10172 1633 2329 3735 10026
internal_value=-0.00334245 -0.00013094 -0.033267 -0.0106699 -6.57847e-05 0.0010835 0.00451119 0.00247875 0.000351494 0.00249372 0.000521997 0.00171767 -0.0044678 -0.00119977
internal_weight=126877 114589 12287.7 694.071 113895 16755.7 2939.51 2426.3 13816.2 5800.26 4170.06 3734.46 952.674 8015.97
internal_count=449448 400507 48941 3718 396789 74458 6489 5252 67969 34631 24459 22826 6064 33338
cat_boundaries=0 1
cat_threshold=268437504
is_linear=0
shrinkage=0.035


Tree=268
num_leaves=15
num_cat=2
split_feature=53 6 53 0 12 51 0 51 9 10 13 6 57 10
split_gain=9953.78 64.2189 62.2123 39.5737 21.7053 21.4728 41.5863 31.2565 31.2303 31.008 30.7929 45.3054 27.1349 25.7751
threshold=0.71825396825396837 1.0000000180025095e-35 0.85912698412698429 0 1.8345429119556795 0.41281913716529522 1 0.91106682255889482 0.89619861225554598 1.00260109555442 1.0428920307658192 7.4147504467901229 1.9553982714560736 1.009310124759079
decision_type=2 2 2 1 2 2 1 2 2 2 2 2 2 2
left_child=1 3 -2 -1 5 10 -7 9 -9 -8 13 -12 -10 -3
right_child=2 4 -4 -5 -6 6 7 8 12 -11 11 -13 -14 -15
leaf_value=-6.4006252444381886e-06 -3.2675745235896292e-06 4.4706998132369645e-06 -3.2021504317874843e-06 -3.796502920145253e-06 0.0014879702157637499 -0.00047800676872051287 0.00015019797742547617 -0.0008957361917051169 0.0020075604546114134 -0.00056358044666689265 4.0385900887714641e-05 0.0019568214333084799 -0.0014102989472362572 -3.0215502437618926e-05
leaf_weight=378.97557504475117 483.42982050892897 81272.426119702403 11804.306250594091 315.09522661776282 293.78209443972446 895.128651418956 1047.9570195395499 191.26582809537649 437.62975338846445 1174.9767188224941 3620.5280303177424 535.78724976163357 89.174270942807198 24336.758986573201
leaf_count=1474 3776 270985 45165 2244 1192 4833 4481 609 1404 4726 16524 1178 290 90567
internal_value=-0.00334346 -0.000132056 -0.033267 -0.0106699 -6.69073e-05 -9.18835e-05 -0.00266241 -0.000622211 0.00567563 -0.00267568 -1.81343e-06 0.0029495 0.0100254 -0.000118233
internal_weight=126877 114589 12287.7 694.071 113895 113602 3836.13 2941 718.07 2222.93 109766 4156.32 526.804 105609
internal_count=449448 400507 48941 3718 396789 395597 16343 11510 2303 9207 379254 17702 1694 361552
cat_boundaries=0 1 3
cat_threshold=268437504 268435458 262144
is_linear=0
shrinkage=0.035


Tree=269
num_leaves=15
num_cat=1
split_feature=53 6 53 0 13 40 1 6 40 28 63 44 57 64
split_gain=9957.78 63.496 62.2123 40.455 33.1899 21.2596 45.823 57.2703 41.0325 38.9629 36.9852 44.6759 45.7381 69.8967
threshold=0.71825396825396837 1.0000000180025095e-35 0.85912698412698429 0 1.0615602265826165 0.20000000000000065 10.500000000000002 6.9749865533283666 5.900000000000003 33.500000000000007 0.04791666666666667 1.1550000000000002 0.53141131364073613 -0.29374999999999996
decision_type=2 2 2 1 2 2 2 2 2 2 2 2 2 2
left_child=1 3 -2 -1 -5 10 7 -7 -8 -9 -3 12 -12 -14
right_child=2 5 -4 4 -6 6 8 9 -10 -11 11 -13 13 -15
leaf_value=7.4565777043184424e-06 -3.1532094152639923e-06 -5.6036350259605806e-06 -3.0900751666749224e-06 -6.3541101355874037e-06 0.00011075239453603924 -9.2237682413829199e-06 -0.00020980961200527394 0.0013978254876428522 -0.002960781651285588 0.00020973181814403998 -5.1765069467756568e-06 -0.00067194695274437784 0.0015795105540198707 0.00026682241755782989
leaf_weight=170.76042179600336 483.42982050892897 72310.8741343047 11804.306250594091 449.84549133107066 73.464888535439968 3540.6895933719352 12903.570887450129 1288.4222552627325 268.85950124636292 1915.7655119895935 6930.7878552007023 851.04989979416132 1391.8182100467384 12493.576874335296
leaf_count=729 3776 235833 45165 2570 419 15878 50521 3432 1404 5538 26693 2786 6581 48123
internal_value=-0.00333744 -0.000125396 -0.033267 -0.0106038 -0.0151955 -6.06163e-05 -0.00109902 0.00124583 -0.00229972 0.00462909 0.000159551 0.00142764 0.00175004 0.00290848
internal_weight=126877 114589 12287.7 694.071 523.31 113895 19917.3 6744.88 13172.4 3204.19 93978.1 21667.2 20816.2 13885.4
internal_count=449448 400507 48941 3718 2989 396789 76773 24848 51925 8970 320016 84183 81397 54704
cat_boundaries=0 2
cat_threshold=67244160 262144
is_linear=0
shrinkage=0.035


Tree=270
num_leaves=15
num_cat=1
split_feature=53 6 53 0 13 23 2 1 1 1 52 1 2 52
split_gain=9954.48 64.2331 62.2123 39.5737 20.9357 42.4773 46.0625 59.9199 80.4313 52.3521 34.6501 32.9899 31.1923 29.7567
threshold=0.71825396825396837 1.0000000180025095e-35 0.85912698412698429 0 1.0133461813763085 1.0000000180025095e-35 3.5000000000000004 14.500000000000002 16.500000000000004 15.500000000000002 0.32290645934416523 20.500000000000004 1.0000000180025095e-35 0.16800682982356294
decision_type=2 2 2 1 2 2 2 2 2 2 2 2 2 2
left_child=1 3 -2 -1 13 11 -7 10 9 -9 -8 12 -6 -3
right_child=2 4 -4 -5 5 6 7 8 -10 -11 -12 -13 -14 -15
leaf_value=-5.9542095061372931e-06 -3.0428470857297527e-06 1.8851273488296184e-05 -2.9819225358413001e-06 -3.9246055375913177e-06 6.0674614739055086e-05 5.9228752454527632e-06 -6.2511323903695638e-05 0.0009331660807022625 0.00019696712729659228 0.0031832196210032386 7.5206313938888447e-05 -0.00028402422765674883 -1.2017171510021228e-05 -1.7435225141048117e-05
leaf_weight=378.97557504475117 483.42982050892897 16392.680516761262 11804.306250594091 315.09522661776282 1946.1893110759556 5642.5339681021869 1202.221113588661 521.09773703292012 1831.0165890865028 675.7679601572454 1365.7798450626433 2059.5648715002462 10109.935963046737 72148.626847587992
leaf_count=1474 3776 35238 45165 2244 6858 17418 2944 1452 5032 1833 4461 9305 44775 267473
internal_value=-0.00334241 -0.00013089 -0.033267 -0.0106699 -6.57348e-05 0.000820832 0.00242537 0.00467242 0.00799947 0.0150182 0.000733742 -0.00045746 0.000243135 -0.00031967
internal_weight=126877 114589 12287.7 694.071 113895 25354.1 11238.4 5595.88 3027.88 1196.87 2568 14115.7 12056.1 88541.3
internal_count=449448 400507 48941 3718 396789 94078 33140 15722 8317 3285 7405 60938 51633 302711
cat_boundaries=0 1
cat_threshold=268437504
is_linear=0
shrinkage=0.035


Tree=271
num_leaves=15
num_cat=2
split_feature=53 6 53 0 12 14 57 46 59 57 0 62 59 40
split_gain=9956.73 64.2787 62.2123 39.5737 20.803 38.2054 44.0332 77.8001 31.629 36.1398 35.5434 35.1129 31.377 30.7021
threshold=0.71825396825396837 1.0000000180025095e-35 0.85912698412698429 0 0.98597127381986993 1.1694833628063137 0.42610336992466463 0.90000000000000135 -0.10738035228456462 0.23109167196932104 1 -2.5729166666666674 0.823915376013162 0.25000000000000089
decision_type=2 2 2 1 2 2 2 2 2 2 1 2 2 2
left_child=1 3 -2 -1 5 8 -7 -8 -3 10 -10 -11 -13 -14
right_child=2 4 -4 -5 -6 6 7 -9 9 11 -12 12 13 -15
leaf_value=-5.7458121734224883e-06 -2.9363474377292113e-06 7.9889717871326206e-05 -2.8775552470868545e-06 -3.7872443437756221e-06 4.7872120124299959e-06 2.207769118240024e-06 -0.0026141433829899694 0.0012188111941061242 2.9436964789890795e-05 -0.00079422631901648205 -2.8157617325943204e-05 -0.00041941069836077931 0.00026025805473816059 -0.00072756667431014507
leaf_weight=378.97557504475117 483.42982050892897 7589.608338016551 11804.306250594091 315.09522661776282 88873.713336700341 626.22410141630098 580.92214923491701 192.00216266210191 2591.7442457498983 1402.5200368436053 1338.0334235727787 6646.1377184838057 3334.4830098971725 720.02620042487979
leaf_count=1474 3776 25610 45165 2244 293910 2236 2585 1046 8551 6037 7341 29468 15928 4077
internal_value=-0.00333903 -0.000127147 -0.033267 -0.0106699 -6.19688e-05 -0.000953226 -0.00655194 -0.0120853 -0.000618986 -0.00149985 0.00141372 -0.00244625 -0.00175971 0.000666003
internal_weight=126877 114589 12287.7 694.071 113895 25021.7 1399.15 772.924 23622.6 16032.9 3929.78 12103.2 10700.6 4054.51
internal_count=449448 400507 48941 3718 396789 102879 5867 3631 97012 71402 15892 55510 49473 20005
cat_boundaries=0 1 2
cat_threshold=268437504 67244160
is_linear=0
shrinkage=0.035


Tree=272
num_leaves=15
num_cat=1
split_feature=53 6 53 0 13 7 9 57 59 1 1 2 58 61
split_gain=9956.56 63.4713 62.2123 40.455 33.1899 20.422 25.1154 32.115 63.0939 68.9156 68.7234 48.7495 41.346 41.2856
threshold=0.71825396825396837 1.0000000180025095e-35 0.85912698412698429 0 1.0615602265826165 1.1827761478181951 0.98503939314066324 0.37450808872536351 -0.25950939392209704 17.500000000000004 7.5000000000000009 3.5000000000000004 10.843544550442299 5.2479166666666677
decision_type=2 2 2 1 2 2 2 2 2 2 2 2 2 2
left_child=1 3 -2 -1 -5 6 7 -3 9 10 12 -11 -9 -12
right_child=2 5 -4 4 -6 -7 -8 8 -10 11 13 -13 -14 -15
leaf_value=7.4655122305151354e-06 -2.833575277408689e-06 1.1386500016471577e-05 -2.7768408134388147e-06 -5.7222155220572529e-06 0.00010728556148606242 0.00030242082445199449 4.2898923052593485e-06 -0.0015403599613360232 -0.00039700517040519139 -0.0001904230938089602 5.1843774078864651e-05 -0.0028467283952052693 0.00063293003346055873 0.0010901102736989544
leaf_weight=170.76042179600336 483.42982050892897 6193.9687736455817 11804.306250594091 449.84549133107066 73.464888535439968 1612.6694941511378 85991.030186616816 557.44895060546696 13684.310338642215 866.6979451701045 1798.3036519140005 365.81802307628095 166.40704888105392 2658.7603102996945
leaf_count=729 3776 21429 45165 2570 419 8422 290564 1951 55842 2574 4890 1418 258 9441
internal_value=-0.00333929 -0.000127435 -0.033267 -0.0106038 -0.0151955 -6.26678e-05 -0.000118996 -0.00106545 -0.00174434 0.00111901 0.00288969 -0.00628745 -0.00704704 0.00451564
internal_weight=126877 114589 12287.7 694.071 523.31 113895 112283 26291.7 20097.7 6413.44 5180.92 1232.52 723.856 4457.06
internal_count=449448 400507 48941 3718 2989 396789 388367 97803 76374 20532 16540 3992 2209 14331
cat_boundaries=0 2
cat_threshold=67244160 262144
is_linear=0
shrinkage=0.035


Tree=273
num_leaves=15
num_cat=2
split_feature=53 6 53 0 36 46 23 61 46 57 61 62 0 62
split_gain=9961.51 64.3758 62.2123 39.5737 20.7479 81.203 61.3605 48.0906 71.8598 57.6042 41.9535 37.5159 31.8863 28.5245
threshold=0.71825396825396837 1.0000000180025095e-35 0.85912698412698429 0 29.050000000000004 2.5499999999999998 1.0000000180025095e-35 24.354166666666675 6.2000000000000028 0.88442603758024807 25.247916666666672 3.4854166666666675 1 0.81666666666666743
decision_type=2 2 2 1 2 2 2 2 2 2 2 2 1 2
left_child=1 3 -2 -1 7 6 -6 13 9 12 -10 -11 -9 -3
right_child=2 4 -4 -5 5 -7 -8 8 10 11 -12 -13 -14 -15
leaf_value=-5.344431204080697e-06 -2.7344001426993844e-06 -9.2895610250594206e-06 -2.6796513849684562e-06 -3.9159837198115086e-06 -0.0008009781544847872 -0.0018652346220094386 0.0029451747565006053 -8.9787947117479794e-05 0.00042317558553839899 0.0021893305181396594 -0.0019812736192454973 -0.0019850746030871903 7.6115740933433679e-05 5.5010307411945688e-05
leaf_weight=378.97557504475117 483.42982050892897 65670.577428633114 11804.306250594091 315.09522661776282 168.68594515323639 762.00769998505712 168.70290005207062 330.38046752661467 153.13959915563464 1089.2157371118665 230.75459962710738 58.033499546349049 858.67649401724339 44405.240352194058
leaf_count=1474 3776 219404 45165 2244 956 3402 648 1602 648 4739 936 243 3512 160699
internal_value=-0.00333184 -0.000119194 -0.033267 -0.0106699 -5.39674e-05 -0.00481703 0.0092951 -7.12001e-06 0.00458149 0.00688982 -0.00928484 0.0124496 0.00146644 -0.00012092
internal_weight=126877 114589 12287.7 694.071 113895 1099.4 337.389 112796 2720.2 2336.31 383.894 1147.25 1189.06 110076
internal_count=449448 400507 48941 3718 396789 5006 1604 391783 11680 10096 1584 4982 5114 380103
cat_boundaries=0 1 2
cat_threshold=268437504 268439554
is_linear=0
shrinkage=0.035


Tree=274
num_leaves=15
num_cat=2
split_feature=53 6 53 0 11 1 14 12 1 58 31 14 57 0
split_gain=9961.32 64.3718 62.2123 39.5737 20.3792 40.9806 155.174 53.2311 53.1975 49.7817 46.864 41.9464 39.6874 38.9473
threshold=0.71825396825396837 1.0000000180025095e-35 0.85912698412698429 0 0.97872776580602372 16.500000000000004 1.0123130853103539 0.99456893778813404 8.5000000000000018 10.565221406153354 1.0000000180025095e-35 0.98774795522931602 0.23109167196932104 1
decision_type=2 2 2 1 2 2 2 2 2 2 2 2 2 1
left_child=1 3 -2 -1 5 8 7 -7 9 -3 13 -9 -8 -10
right_child=2 4 -4 -5 -6 6 12 11 10 -11 -12 -13 -14 -15
leaf_value=-5.1573761119378732e-06 -2.638696137704906e-06 -2.576894113195793e-05 -2.58586358649456e-06 -3.7789242896181056e-06 4.3983295776696455e-06 -2.9860249021940179e-05 0.00024356127158069163 0.001693247340636821 0.0001556335494601091 3.0841638746491834e-05 -0.0036941044052305797 0.00033868582805440198 -0.00096639010099330966 -0.0006073480362065709
leaf_weight=378.97557504475117 483.42982050892897 4525.9461358543485 11804.306250594091 315.09522661776282 91182.841195271118 2259.6985143003985 138.47217762842774 1743.1207976825535 2019.0214400396217 1301.7955234358087 235.89003995060921 1929.5555473354179 2168.1006998622324 6390.9726516418159
leaf_count=1474 3776 19161 45165 2244 306040 9400 440 7087 11941 1991 900 7788 8167 23874
internal_value=-0.00333214 -0.000119519 -0.033267 -0.0106699 -5.42941e-05 -0.000992116 0.000977635 0.00397195 -0.00211327 0.000471081 -0.00385379 0.00656683 -0.00670748 -0.00340893
internal_weight=126877 114589 12287.7 694.071 113895 22712.6 8238.95 5932.37 14473.6 5827.74 8645.88 3672.68 2306.57 8409.99
internal_count=449448 400507 48941 3718 396789 90749 32882 24275 57867 21152 36715 14875 8607 35815
cat_boundaries=0 1 3
cat_threshold=268437504 268435458 262144
is_linear=0
shrinkage=0.035


Tree=275
num_leaves=15
num_cat=1
split_feature=53 6 53 0 13 9 6 46 52 54 1 48 1 2
split_gain=9962.85 63.5983 62.2123 40.455 33.1899 20.7374 34.3403 44.0379 53.5878 34.6847 43.8904 37.4546 37.1423 64.051
threshold=0.71825396825396837 1.0000000180025095e-35 0.85912698412698429 0 1.0615602265826165 1.0357255500065057 7.6909189469034516 -0.65000000000000024 0.26260297140478239 37.500000000000007 16.500000000000004 0.81784833003162716 13.500000000000002 3.5000000000000004
decision_type=2 2 2 1 2 2 2 2 2 2 2 2 2 2
left_child=1 3 -2 -1 -5 -3 9 -8 -9 10 11 12 -7 -14
right_child=2 5 -4 4 -6 6 7 8 -10 -11 -12 -13 13 -15
leaf_value=7.4735410827771403e-06 -2.5463417728852341e-06 -5.8571667875750857e-06 -2.4953583609672506e-06 -5.1543747227245991e-06 0.00010389813009011083 0.00013497824640787735 0.0025224890621748032 -0.00020861110057317279 0.00074449596194740906 -2.7904991657207555e-05 0.00091203768480838229 -0.00097550339938048741 -0.0023297955701831511 0.0008827092537861159
leaf_weight=170.76042179600336 483.42982050892897 97139.682307301555 11804.306250594091 449.84549133107066 73.464888535439968 2794.0902462601662 513.21030700951815 1265.2185475863516 1161.0794568751007 8015.9686398878694 1630.1925596154761 422.0589812528342 455.62984731048346 498.28382990299724
leaf_count=729 3776 322331 45165 2570 419 16925 1237 2636 2616 33338 10172 1450 2329 3755
internal_value=-0.00332983 -0.000116961 -0.033267 -0.0106038 -0.0151955 -5.213e-05 0.00108462 0.00451297 0.00251546 0.000352476 0.00241184 0.000502792 0.00162365 -0.00430921
internal_weight=126877 114589 12287.7 694.071 523.31 113895 16755.7 2939.51 2426.3 13816.2 5800.26 4170.06 3748 953.914
internal_count=449448 400507 48941 3718 2989 396789 74458 6489 5252 67969 34631 24459 23009 6084
cat_boundaries=0 2
cat_threshold=67244160 262144
is_linear=0
shrinkage=0.035


Tree=276
num_leaves=15
num_cat=1
split_feature=53 53 6 0 13 1 57 2 60 5 60 57 1 57
split_gain=9965.49 62.2123 55.041 35.2804 30.0378 20.5338 201.802 121.917 101.328 77.5246 72.8023 70.968 66.4557 69.1655
threshold=0.71825396825396837 0.85912698412698429 1.0000000180025095e-35 0 1.0615602265826165 20.500000000000004 0.79467717542165772 1.5000000000000002 -0.55599684127981874 33.500000000000007 -0.37370587188196386 0.29732692364612895 21.500000000000004 0.70685354671678924
decision_type=2 2 2 1 2 2 2 2 2 2 2 2 2 2
left_child=2 -2 3 -1 -5 -4 7 -7 11 -10 -8 -9 13 -13
right_child=1 -3 5 4 -6 6 10 8 9 -11 -12 12 -14 -15
leaf_value=7.211967144879941e-06 -2.4572198108342512e-06 -2.4080208183333968e-06 3.3472536539473805e-06 -4.9739716074292375e-06 0.00010026169553695696 -0.00022218340608160791 -0.0033072249787343142 0.00015790569291831288 9.4314673897245304e-05 0.00066893906445136993 -0.00049907529690290003 0.00099137920950758351 -0.00076187006702680641 -0.0009005883050429937
leaf_weight=170.76042179600336 483.42982050892897 11804.306250594091 98035.84604575485 449.84549133107066 73.464888535439968 5103.7867808863521 606.36160680814646 1159.7122290339321 4128.3328133430332 2266.6182438693941 354.61768789123744 464.66213878733106 1416.9851393690333 358.49203725904226
leaf_count=729 3776 45165 340614 2570 419 16038 3317 4528 12345 8885 2159 1629 6122 1152
internal_value=-0.00332587 -0.033267 -0.000112576 -0.00986842 -0.0141568 -5.2263e-05 -0.00122026 -0.000212534 0.00207262 0.00466575 -0.0166805 -0.0028043 -0.00643295 0.00146977
internal_weight=126877 12287.7 114589 694.071 523.31 113895 15859.6 14898.6 9794.8 6394.95 960.979 3399.85 2240.14 823.154
internal_count=449448 48941 400507 3718 2989 396789 56175 50699 34661 21230 5476 13431 8903 2781
cat_boundaries=0 2
cat_threshold=67244160 262144
is_linear=0
shrinkage=0.035


Tree=277
num_leaves=15
num_cat=1
split_feature=53 53 6 0 13 42 41 64 41 40 57 36 46 35
split_gain=9964.15 62.2123 55.0158 35.2804 30.0378 20.198 22.4067 22.2356 21.5122 32.4923 43.9426 21.4334 115.838 90.0116
threshold=0.71825396825396837 0.85912698412698429 1.0000000180025095e-35 0 1.0615602265826165 31.250000000000004 16.700000000000006 0.98750000000000016 13.300000000000002 5.150000000000003 0.2633016398601587 19.150000000000002 1.0000000000000009 27.500000000000004
decision_type=2 2 2 1 2 2 2 2 2 2 2 2 2 2
left_child=2 -2 3 -1 -5 6 8 -8 9 11 -11 -4 -13 -14
right_child=1 -3 5 4 -6 -7 7 -9 -10 10 -12 12 13 -15
leaf_value=6.9595482948091427e-06 -2.3712171174550524e-06 -2.3237400896917281e-06 -5.6154443242507708e-06 -4.7998826011692138e-06 9.6752536193163476e-05 0.0039504777851497377 -0.00083669410876512714 0.00029899377626528101 0.0014370833807496144 0.00037664080839085954 -0.0023854417508075466 0.00018549625180460253 -0.0027579824732451466 -3.6671348778691829e-05
leaf_weight=170.76042179600336 483.42982050892897 11804.306250594091 89999.68155392725 449.84549133107066 73.464888535439968 66.228801101446152 356.42258840426803 63.750800549983978 314.81342507153749 65.673222687095404 370.98752413317561 8736.6955175697803 852.04330061376095 13069.117988944054
leaf_count=729 3776 45165 295861 2570 419 324 1680 291 1378 269 1919 36450 4641 53976
internal_value=-0.00332788 -0.033267 -0.000114803 -0.00986842 -0.0141568 -5.45042e-05 -6.65593e-05 -0.00803941 -3.63142e-05 -6.21411e-05 -0.00948343 -2.47857e-05 0.000937126 -0.00104542
internal_weight=126877 12287.7 114589 694.071 523.31 113895 113829 420.173 113409 113094 436.661 112658 22657.9 13921.2
internal_count=449448 48941 400507 3718 2989 396789 396465 1971 394494 393116 2188 390928 95067 58617
cat_boundaries=0 2
cat_threshold=67244160 262144
is_linear=0
shrinkage=0.035


Tree=278
num_leaves=15
num_cat=1
split_feature=53 53 6 0 13 12 10 13 2 57 57 62 60 46
split_gain=9963.86 62.2123 55.0104 35.2804 30.0378 19.9525 20.0914 39.3933 32.0882 51.3667 29.8602 34.5317 52.5346 43.4008
threshold=0.71825396825396837 0.85912698412698429 1.0000000180025095e-35 0 1.0615602265826165 1.8345429119556795 1.009310124759079 1.0133461813763085 3.5000000000000004 1.5421851597108718 0.016741381171786123 1.8291666666666664 -0.8038981836306559 1.7500000000000002
decision_type=2 2 2 1 2 2 2 2 2 2 2 2 2 2
left_child=2 -2 3 -1 -5 6 7 -4 -9 -10 -8 -12 13 -13
right_child=1 -3 5 4 -6 -7 10 8 9 -11 11 12 -14 -15
leaf_value=6.7159641044908225e-06 -2.2882245183441251e-06 -2.2424091865525175e-06 -2.263299758485738e-06 -4.6318867101282915e-06 9.3366197426402768e-05 0.0014256571580968181 1.2564759378355436e-05 2.3006627430909243e-05 7.7212755445777716e-05 0.0019452038084587877 -0.00011774332288832225 -0.00037183259002792403 -0.00016567177112782107 0.00090712597722169229
leaf_weight=170.76042179600336 483.42982050892897 11804.306250594091 74224.496430382831 449.84549133107066 73.464888535439968 293.78209443972446 1933.8044981330168 7272.1439903080463 2415.2531975125894 565.6212719194591 18804.468890458811 552.07420046906918 5357.9086999380961 2475.8614494407084
leaf_count=729 3776 45165 252161 2570 419 1192 6178 23666 6249 1559 71703 2248 21946 9887
internal_value=-0.00332831 -0.033267 -0.000115287 -0.00986842 -0.0141568 -5.49911e-05 -7.89385e-05 0.000194373 0.00222682 0.00527884 -0.000871503 -0.00117072 0.000696494 0.00437382
internal_weight=126877 12287.7 114589 694.071 523.31 113895 113602 84477.5 10253 2980.87 29124.1 27190.3 8385.84 3027.94
internal_count=449448 48941 400507 3718 2989 396789 395597 283635 31474 7808 111962 105784 34081 12135
cat_boundaries=0 2
cat_threshold=67244160 262144
is_linear=0
shrinkage=0.035


Tree=279
num_leaves=15
num_cat=2
split_feature=53 53 6 0 13 9 1 1 47 60 0 35 57 62
split_gain=9970.15 62.2123 55.1285 35.2804 30.0378 19.9645 32.3412 51.6403 83.7226 46.8709 44.4711 58.1715 44.6277 40.6779
threshold=0.71825396825396837 0.85912698412698429 1.0000000180025095e-35 0 1.0615602265826165 1.0357255500065057 14.500000000000002 8.5000000000000018 0.17280139160967678 -0.090248267031646914 1 30.500000000000004 1.1945966958805496 0.45833333333333348
decision_type=2 2 2 1 2 2 2 2 2 2 1 2 2 2
left_child=2 -2 3 -1 -5 -4 7 8 9 -7 13 -12 -13 -9
right_child=1 -3 5 4 -6 6 -8 10 -10 -11 11 12 -14 -15
leaf_value=6.4809053608336439e-06 -2.2081366602020805e-06 -2.1639248650231791e-06 -5.5324214565405685e-06 -4.4697706752738013e-06 9.0098380516478668e-05 0.00026526029879718591 0.00029483513629647629 -0.0013158984183754697 -3.0471463867890185e-05 -4.903945967513715e-05 -0.0029996948313716345 0.002960513814393149 2.1188106973301092e-05 -0.00040137410782482787
leaf_weight=170.76042179600336 483.42982050892897 11804.306250594091 97139.682307301555 449.84549133107066 73.464888535439968 2161.3789003842976 7246.1715239374898 559.11680303514004 1705.7714671189897 595.70667719095945 287.25809257640503 237.85122839175165 2555.7708721682429 1406.7068508975208
leaf_count=729 3776 45165 322331 2570 419 9509 32219 2129 6610 2500 1827 929 13796 4939
internal_value=-0.00331886 -0.033267 -0.000104821 -0.00986842 -0.0141568 -4.44607e-05 0.00107091 -0.000271613 0.00246816 0.00623021 -0.00269452 -5.45399e-05 0.00150641 -0.00677616
internal_weight=126877 12287.7 114589 694.071 523.31 113895 16755.7 9509.56 4462.86 2757.09 5046.7 3080.88 2793.62 1965.82
internal_count=449448 48941 400507 3718 2989 396789 74458 42239 18619 12009 23620 16552 14725 7068
cat_boundaries=0 2 3
cat_threshold=67244160 262144 33689600
is_linear=0
shrinkage=0.035


Tree=280
num_leaves=15
num_cat=2
split_feature=53 53 53 0 13 11 6 9 47 58 59 0 8 58
split_gain=9970.44 62.2123 54.0224 40.0926 32.9765 23.6423 43.6931 24.825 23.6867 36.7652 28.7829 24.1448 21.8126 25.8763
threshold=0.71825396825396837 0.85912698412698429 0.52859477124183019 0 1.0550376913026442 1.0862793502980128 7.8127372463355016 0.93347269184730863 0.13636952883776843 10.621376664517525 -0.012910176522261346 1 1.0523978771436489 10.658518789298208
decision_type=2 2 2 1 2 2 2 2 2 2 2 1 2 2
left_child=2 -2 5 -4 -5 7 -7 8 10 -10 11 -1 -9 -14
right_child=1 -3 3 4 -6 6 -8 12 9 -11 -12 -13 13 -15
leaf_value=0.00016992151848412964 -2.1308518770950079e-06 -2.088187494747368e-06 7.0394200820016243e-06 -1.1425758421197386e-05 8.6944937198401946e-05 4.358054777143572e-05 0.0035164097570618293 -1.8544289545088302e-06 -9.7632578065775711e-05 0.00026853719402643528 -0.00074760099105108729 -0.00099272043576957071 0.0001262431105490637 0.00080956939062779346
leaf_weight=1013.6912609487772 483.42982050892897 11804.306250594091 163.27884246478789 454.64309949427843 80.906530205160379 5220.5157235728111 203.64885939657688 100181.95100643579 3748.6369304801337 295.29301285743713 1187.7449562631082 477.82318568439223 1387.447736748727 173.90438011288643
leaf_count=3233 3776 45165 652 2837 478 25188 466 333368 18068 503 5820 1886 7718 290
internal_value=-0.00331843 -0.033267 -0.000104345 -0.0097368 -0.0141528 -4.43914e-05 0.00220846 -0.000157245 -0.00221545 -0.000521205 -0.0047612 -0.00150526 -2.10347e-05 0.00407069
internal_weight=126877 12287.7 114589 698.828 535.55 113891 5424.16 108466 6723.19 4043.93 2679.26 1491.51 101743 1561.35
internal_count=449448 48941 400507 3967 3315 396540 25654 370886 29510 18571 10939 5119 341376 8008
cat_boundaries=0 2 3
cat_threshold=67108992 262144 335677442
is_linear=0
shrinkage=0.035


Tree=281
num_leaves=15
num_cat=1
split_feature=53 53 53 0 13 1 60 5 57 14 5 59 1 21
split_gain=9971.98 62.2123 56.3081 40.3594 32.0703 20.3885 304.95 162.906 132.248 136.53 84.0168 63.3514 186.085 147.109
threshold=0.71825396825396837 0.85912698412698429 0.52638888888888902 0 1.0550376913026442 19.500000000000004 -0.63872576220844934 31.500000000000004 0.23109167196932104 1.0239625556666898 28.500000000000004 0.15005400879207817 17.500000000000004 1.0000000180025095e-35
decision_type=2 2 2 1 2 2 2 2 2 2 2 2 2 2
left_child=2 -2 5 -4 -5 11 8 -8 -7 -10 -11 -1 -13 -14
right_child=1 -3 3 4 -6 6 7 -9 9 10 -12 12 13 -15
leaf_value=2.5784327033591684e-05 -2.0562720613966824e-06 -2.0151009324312101e-06 6.7930403791315663e-06 -1.0257348618451663e-05 8.267411882202362e-05 7.6885860604738318e-05 -6.1258645597830623e-05 0.00049429578657446676 -0.00027996775593631647 -0.00041232813495248105 -0.0016117886727239658 -3.0231509404235749e-05 0.0015121757188781416 -0.00068039265597609987
leaf_weight=39899.350089880172 483.42982050892897 11804.306250594091 163.27884246478789 466.38139120489359 83.96948579326272 1375.8872526325285 8620.1985580287874 5300.3506356626749 2711.1615502522327 907.23206200404093 2231.3735407143831 46818.111313194036 4330.4188043698668 1681.7719984631985
leaf_count=107520 3776 45165 652 2869 487 5246 25936 20424 11742 3237 8323 189199 17206 7666
internal_value=-0.00331612 -0.033267 -0.00010178 -0.00983418 -0.0141617 -3.99313e-05 -0.00102037 0.00200787 -0.00684912 -0.00914257 -0.0141017 0.000183735 -0.000611246 0.00518022
internal_weight=126877 12287.7 114589 713.63 550.351 113876 21146.2 13920.5 7225.65 5849.77 3138.61 92729.7 52830.3 6012.19
internal_count=449448 48941 400507 4008 3356 396499 74908 46360 28548 23302 11560 321591 214071 24872
cat_boundaries=0 2
cat_threshold=67108992 262144
is_linear=0
shrinkage=0.035


Tree=282
num_leaves=15
num_cat=2
split_feature=53 53 53 0 13 1 57 60 61 0 6 57 21 58
split_gain=9970.11 62.2123 57.2657 38.849 32.0703 20.4711 205.034 107.247 86.9749 104.035 55.1094 78.5419 49.8755 41.9471
threshold=0.71825396825396837 0.85912698412698429 0.52638888888888902 0 1.0550376913026442 21.500000000000004 0.42610336992466463 -0.57022117041332276 6.9958333333333345 1 6.5187981455919246 0.32200001504318715 1.0000000180025095e-35 10.782081758537325
decision_type=2 2 2 1 2 2 2 2 2 1 2 2 2 2
left_child=2 -2 5 -4 -5 -1 8 -8 13 -10 11 12 -11 -7
right_child=1 -3 3 4 -6 6 7 -9 9 10 -12 -13 -14 -15
leaf_value=2.2559840772634516e-06 -1.9843025392477984e-06 -1.9445723997961177e-06 6.5552839658619593e-06 -9.8983414168058553e-06 7.978052466325281e-05 -0.00010628656251546104 -0.0020518679862778781 -0.00050392353422632104 -0.00030100910946220333 0.00016657593301794353 0.0012249304964309677 -0.00019761252733462272 0.00073164503933512506 -0.000266667519346511
leaf_weight=103302.7540055546 483.42982050892897 11804.306250594091 163.27884246478789 466.38139120489359 83.96948579326272 2861.0828881347552 693.8663959952537 700.7486731512472 1012.5429398529232 2252.7382083600387 287.93063431978226 1245.6909864512272 866.69692601938732 651.80414736270905
leaf_count=359045 3776 45165 652 2869 487 8312 3037 3329 7641 6948 457 4488 2519 723
internal_value=-0.00331892 -0.033267 -0.000104883 -0.00991969 -0.0141617 -4.25107e-05 -0.00150858 -0.0139618 0.000396749 0.00307767 0.00528552 0.00429162 0.0072518 -0.00392351
internal_weight=126877 12287.7 114589 713.63 550.351 113876 10573.1 1394.62 9178.49 5665.6 4653.06 4365.13 3119.44 3512.89
internal_count=449448 48941 400507 4008 3356 396499 37454 6366 31088 22053 14412 13955 9467 9035
cat_boundaries=0 2 3
cat_threshold=67108992 262144 301989890
is_linear=0
shrinkage=0.035


Tree=283
num_leaves=15
num_cat=1
split_feature=53 53 53 1 2 7 9 1 57 54 51 48 0 10
split_gain=9977.87 62.2123 36.1428 43.8349 29.8767 20.2576 21.0416 24.99 34.4617 28.7799 22.3495 22.2005 22.1622 20.8517
threshold=0.71825396825396837 0.85912698412698429 0.52638888888888902 3.5000000000000004 1.0000000180025095e-35 1.1827761478181951 0.9263478001552552 18.500000000000004 0.36161147247275599 7.5000000000000009 1.0270234180041347 0.69326378224747021 0 1.009310124759079
decision_type=2 2 2 2 2 2 2 2 2 2 2 2 1 2
left_child=2 -2 5 4 -4 6 7 9 -9 -1 13 12 -11 -8
right_child=1 -3 3 -5 -6 -7 10 8 -10 11 -12 -13 -14 -15
leaf_value=-0.0010062050949267388 -1.9148519503741256e-06 -1.8765123658032534e-06 7.6988206300038944e-05 5.5016197045942397e-06 -1.1801108573185377e-05 0.00030298428676510782 6.0928368371453924e-06 4.4092248245215106e-05 -0.0013199809935803698 0.00028501488121260066 0.0021488637514825693 0.00050419371300884273 -0.00012239850066121717 -2.4434092596123948e-05
leaf_weight=523.25638588424772 483.42982050892897 11804.306250594091 94.954393949359655 175.36296609742567 443.31235941615887 1605.4806163636968 78952.189681675984 542.01775994151831 1009.9360440634191 919.5474378913641 190.56288238521665 142.88048347085714 2857.0632902143989 27132.921223311219
leaf_count=3419 3776 45165 549 783 2676 8324 258094 1842 4984 3588 974 516 12778 101980
internal_value=-0.00330727 -0.033267 -9.19881e-05 -0.00788931 -0.0127847 -4.2436e-05 -9.84218e-05 -0.00211413 -0.0059225 -0.000773461 1.54664e-05 0.000263767 -0.000264844 -6.60095e-06
internal_weight=126877 12287.7 114589 713.63 538.267 113876 112270 5994.7 1551.95 4442.75 106276 3919.49 3776.61 106085
internal_count=449448 48941 400507 4008 3225 396499 388175 27127 6826 20301 361048 16882 16366 360074
cat_boundaries=0 1
cat_threshold=67110912
is_linear=0
shrinkage=0.035


Tree=284
num_leaves=15
num_cat=2
split_feature=53 53 53 0 13 1 57 60 2 61 0 6 57 11
split_gain=9978.42 62.2123 44.4002 33.0319 26.4274 19.7638 197.378 103.683 84.3542 63.9681 101.795 69.9373 77.9658 37.5025
threshold=0.71825396825396837 0.85912698412698429 0.52859477124183019 0 1.0550376913026442 21.500000000000004 0.42610336992466463 -0.57022117041332276 1.0000000180025095e-35 7.9395833333333341 1 6.5187981455919246 0.32200001504318715 1.0757066945062175
decision_type=2 2 2 1 2 2 2 2 2 2 1 2 2 2
left_child=2 -2 5 -4 -5 13 8 -8 -7 -10 -11 12 -12 -1
right_child=1 -3 3 4 -6 6 7 -9 9 10 11 -13 -14 -15
leaf_value=-1.0686180130318785e-06 -1.8478321321110312e-06 -1.8108344330001395e-06 6.1332923373959903e-06 -9.9073689251599766e-06 7.5521364653971797e-05 -0.00026692662878877676 -0.0019802658560474531 -0.00048649945981769975 -8.217424616327324e-05 -0.00030271000146601891 0.00037248164765185112 0.0015937841871483439 -0.00013794846460969931 8.9486671134018101e-05
leaf_weight=98066.584679741878 483.42982050892897 11804.306250594091 163.27884246478789 454.64309949427843 80.906530205160379 1613.9702570587397 693.8663959952537 700.7486731512472 3099.7828264485579 801.75163549184799 2423.6668337204028 213.09028908610344 1026.2248886951711 5250.9705731114373
leaf_count=334394 3776 45165 652 2837 478 5221 3037 3329 8266 6137 7403 339 3722 24692
internal_value=-0.00330645 -0.033267 -9.10801e-05 -0.00882366 -0.0128322 -3.67273e-05 -0.00147726 -0.0136958 0.000392161 0.00194369 0.00462135 0.00708215 0.00585385 0.000110819
internal_weight=126877 12287.7 114589 698.828 535.55 113891 10573.1 1394.62 9178.49 7564.52 4464.73 3662.98 3449.89 103318
internal_count=449448 48941 400507 3967 3315 396540 37454 6366 31088 25867 17601 11464 11125 359086
cat_boundaries=0 2 3
cat_threshold=67108992 262144 301989890
is_linear=0
shrinkage=0.035


Tree=285
num_leaves=15
num_cat=2
split_feature=53 53 53 1 2 42 41 46 63 6 1 62 0 0
split_gain=9976.75 62.2123 35.8279 43.649 29.7342 19.5783 21.1164 42.6738 33.1916 49.0638 52.2068 33.9318 32.2896 31.2519
threshold=0.71825396825396837 0.85912698412698429 0.52638888888888902 3.5000000000000004 1.0000000180025095e-35 31.250000000000004 3.2500000000000027 4.3500000000000014 0.21458333333333338 7.1122126185459953 10.500000000000002 2.2104166666666663 0 1
decision_type=2 2 2 2 2 2 2 2 2 2 2 2 1 1
left_child=2 -2 5 4 -4 6 8 -8 -1 -10 13 -12 -13 -11
right_child=1 -3 3 -5 -6 -7 7 -9 9 10 11 12 -14 -15
leaf_value=-1.6383883787904342e-06 -1.7831580074871449e-06 -1.7474552278451346e-06 7.1650371316648524e-05 5.0943977831245799e-06 -1.1041311860743291e-05 0.0038144380634198096 -2.998506614550797e-05 -0.0023277488803808777 -4.2105961455500554e-06 0.00063245297889253272 -0.00013109191099514917 0.0028112702862732588 0.00033161822722095781 0.0018500167247141415
leaf_weight=97945.616400175029 483.42982050892897 11804.306250594091 94.954393949359655 175.36296609742567 443.31235941615887 66.228801101446152 9603.0498988686595 212.94750092923641 3154.0180488675833 421.63799595832825 1192.4245112910867 209.09688207507133 402.3118846938014 668.52388124167919
leaf_count=333699 3776 45165 549 783 2676 324 38220 891 15587 1344 2851 451 1474 1658
internal_value=-0.00330896 -0.033267 -9.38524e-05 -0.00785713 -0.0127422 -4.45164e-05 -5.6388e-05 -0.00160729 9.01431e-05 0.00260426 0.00588691 0.00220835 0.00884089 0.0118982
internal_weight=126877 12287.7 114589 713.63 538.267 113876 113810 9816 103994 6048.01 2894 1803.83 611.409 1090.16
internal_count=449448 48941 400507 4008 3225 396499 396175 39111 357064 23365 7778 4776 1925 3002
cat_boundaries=0 1 3
cat_threshold=131072 2176 262144
is_linear=0
shrinkage=0.035


Tree=286
num_leaves=15
num_cat=0
split_feature=53 53 53 1 2 57 52 23 6 60 64 58 1 59
split_gain=9978.58 62.2123 35.856 43.649 29.7342 19.3665 19.3407 61.0629 51.6399 39.6422 45.3222 35.0205 54.905 51.3245
threshold=0.71825396825396837 0.85912698412698429 0.52638888888888902 3.5000000000000004 1.0000000180025095e-35 2.5717698402061928 0.16800682982356294 1.0000000180025095e-35 8.0933700261432335 -0.94695267581281539 -0.1645833333333333 10.947180865728646 17.500000000000004 -0.038721922313638031
decision_type=2 2 2 2 2 2 2 2 2 2 2 2 2 2
left_child=2 -2 5 4 -4 6 7 9 -9 -1 -11 -8 -13 -14
right_child=1 -3 3 -5 -6 -7 11 8 -10 10 -12 12 13 -15
leaf_value=0.00055875031288493921 -1.7207474772250948e-06 -1.686294294870555e-06 6.9142608320565819e-05 4.9160938607152206e-06 -1.0654865945617275e-05 0.00320157740298505 -4.4208799728946625e-06 3.6147047763153748e-06 -0.00059981512847234188 0.00053516728886915388 2.0863533885213409e-05 -1.0491867171621637e-06 -0.00058953690728714482 4.1397220572692025e-06
leaf_weight=1094.4491404041182 483.42982050892897 11804.306250594091 94.954393949359655 175.36296609742567 443.31235941615887 207.3863205506932 93654.717245036736 3757.0780800543725 1802.9903248250484 822.02695819362998 10512.481314959936 1223.9054771661758 527.46220457553864 273.35873943567276
leaf_count=3497 3776 45165 549 783 2676 1532 353605 7016 2272 1985 24089 1537 540 426
internal_value=-0.00330621 -0.033267 -9.08079e-05 -0.00785713 -0.0127422 -4.14528e-05 -6.14071e-05 0.000991174 -0.00205518 0.00235451 0.00173601 -0.00025939 -0.00480205 -0.0118658
internal_weight=126877 12287.7 114589 713.63 538.267 113876 113668 17989 5560.07 12429 11334.5 95679.4 2024.73 800.821
internal_count=449448 48941 400507 4008 3225 396499 394967 38859 9288 29571 26074 356108 2503 966
is_linear=0
shrinkage=0.035


Tree=287
num_leaves=15
num_cat=0
split_feature=53 53 49 9 1 54 10 58 62 60 1 1 57 57
split_gain=9976.09 62.2123 39.8133 19.9948 45.1517 47.089 33.4318 28.2154 36.2714 37.7925 59.7447 54.2943 72.7651 33.7576
threshold=0.71825396825396837 0.85912698412698429 0.59411764705882364 1.0727240215409906 14.500000000000002 39.000000000000007 1.1544719876419725 9.8530962726721345 3.1854166666666672 -0.57022117041332276 18.500000000000004 12.500000000000002 2.1462153266154864 0.013088771449383139
decision_type=2 2 2 2 2 2 2 2 2 2 2 2 2 2
left_child=2 -2 3 7 6 -6 -5 8 9 10 11 12 13 -1
right_child=1 -3 -4 4 5 -7 -8 -9 -10 -11 -12 -13 -14 -15
leaf_value=8.3671285849131788e-06 -1.6605213155222167e-06 -1.6272739945500856e-06 -5.3860338555554853e-06 5.9207078939360619e-07 0.00092030839699857605 -0.00011741844597807376 -0.00098993410611928679 2.3262132368475797e-06 0.00048559989197903834 -2.4030995317880864e-05 -0.00074530706439668694 0.0009717300658682416 0.0069045248142904185 -0.00047544567533942139
leaf_weight=549.52406277135015 483.42982050892897 11804.306250594091 522.39206828782335 4014.3955743918195 2441.3703129084315 917.05198412761092 220.66951127606444 85359.473746690433 2954.0941950501874 11094.883468747139 1895.9578703721054 1288.0104364727158 195.7585731241852 3135.9037204449996
leaf_count=3744 3776 45165 3160 19783 13030 2987 774 208512 22597 76887 14595 9912 1399 23127
internal_value=-0.00330995 -0.033267 -9.49524e-05 -5.03797e-05 0.0016836 0.00470798 -0.000720178 -0.00017419 -0.00131946 -0.00190458 -0.00390355 -0.00194631 -0.00401087 -0.00512953
internal_weight=126877 12287.7 114589 114067 7593.49 3358.42 4235.07 106474 21114.1 18160 7065.15 5169.2 3881.19 3685.43
internal_count=449448 48941 400507 397347 36574 16017 20557 360773 152261 129664 52777 38182 28270 26871
is_linear=0
shrinkage=0.035


Tree=288
num_leaves=15
num_cat=0
split_feature=53 53 49 1 13 9 1 54 10 58 62 60 1 1
split_gain=9980.17 62.2123 28.3505 35.1505 21.8163 19.1348 42.3117 44.9948 29.7911 25.8083 33.7473 36.5351 57.4085 51.293
threshold=0.71825396825396837 0.85912698412698429 0.55277777777777792 3.5000000000000004 1.0615602265826165 1.0727240215409906 14.500000000000002 39.000000000000007 1.1544719876419725 9.8530962726721345 3.2333333333333321 -0.57022117041332276 18.500000000000004 12.500000000000002
decision_type=2 2 2 2 2 2 2 2 2 2 2 2 2 2
left_child=2 -2 5 4 -4 9 8 -8 -7 10 11 12 13 -1
right_child=1 -3 3 -5 -6 6 7 -9 -10 -11 -12 -13 -14 -15
leaf_value=-8.4695888256042424e-05 -1.602403069478939e-06 -1.5703194047408325e-06 -2.1927078880440132e-05 1.2278766608915508e-06 0.00010824607829756105 5.7134831176863799e-07 0.0008880976031036237 -0.00011330880036884137 -0.00095528641240511165 2.1842613830396625e-06 0.00050044014187285667 -2.165284394820911e-05 -0.00072424488224420356 0.00095395182821666818
leaf_weight=3881.186356340535 483.42982050892897 11804.306250594091 368.13516532536596 174.4818069296889 62.999010846018791 4014.3955743918195 2441.3703129084315 917.05198412761092 220.66951127606444 85302.756005916279 2866.0185076491907 11137.099245909601 1910.1486357604153 1293.1734072838444
leaf_count=28270 3776 45165 2173 903 369 19783 13030 2987 774 208388 21883 77307 14693 9947
internal_value=-0.00330383 -0.033267 -8.8173e-05 -0.00757891 -0.0128579 -4.77121e-05 0.00164853 0.00457624 -0.000678469 -0.000168923 -0.001265 -0.00182035 -0.00378349 -0.00186148
internal_weight=126877 12287.7 114589 605.616 431.134 113984 7593.49 3358.42 4235.07 106390 21087.6 18221.6 7084.51 5174.36
internal_count=449448 48941 400507 3445 2542 397062 36574 16017 20557 360488 152100 130217 52910 38217
is_linear=0
shrinkage=0.035


Tree=289
num_leaves=15
num_cat=0
split_feature=53 53 53 1 2 12 11 1 14 1 1 57 58 31
split_gain=9983.62 62.2123 28.585 38.4288 25.3362 19.0405 19.1458 36.5794 103.113 54.0929 46.8466 48.8803 45.3638 43.3135
threshold=0.71825396825396837 0.85912698412698429 0.52638888888888902 3.5000000000000004 1.0000000180025095e-35 1.8345429119556795 0.97872776580602372 15.500000000000002 1.0123130853103539 8.5000000000000018 17.500000000000004 0.37450808872536351 10.795223960246757 1.0000000180025095e-35
decision_type=2 2 2 2 2 2 2 2 2 2 2 2 2 2
left_child=2 -2 5 4 -4 6 7 9 -9 12 -10 -12 -1 -11
right_child=1 -3 3 -5 -6 -7 -8 8 10 13 11 -13 -14 -15
leaf_value=-1.0928510819366327e-05 -1.546318962047176e-06 -1.5153582255749034e-06 6.6281401262270777e-05 4.6196374291693159e-06 -1.0439812249216726e-05 0.0013545744729518373 3.6126398963154832e-06 0.00037500606813337339 0.0011316746848850979 -0.00047740887857943508 0.00015142119068944901 -0.0013216437408680804 4.4639316913649251e-05 -0.0035305091950270334
leaf_weight=5124.6937437725719 483.42982050892897 11804.306250594091 94.954393949359655 175.36296609742567 443.31235941615887 294.41226111585274 90970.77452486637 6530.3563520642929 343.38987328880467 7567.00590089662 407.40421884669922 1720.7176749785431 688.17562380433083 228.92563156783581
leaf_count=20087 3776 45165 549 783 2676 1237 304860 27305 1449 31883 1387 6420 1008 863
internal_value=-0.00329864 -0.033267 -8.24271e-05 -0.00701674 -0.0116028 -3.83593e-05 -6.17826e-05 -0.000973022 0.000757405 -0.00211737 -0.0053182 -0.00725276 0.000438062 -0.00402089
internal_weight=126877 12287.7 114589 713.63 538.267 113876 113581 22610.7 9001.87 13608.8 2471.51 2128.12 5812.87 7795.93
internal_count=449448 48941 400507 4008 3225 396499 395262 90402 36561 53841 9256 7807 21095 32746
is_linear=0
shrinkage=0.035


Tree=290
num_leaves=15
num_cat=1
split_feature=53 53 49 42 41 46 63 6 1 59 0 6 1 60
split_gain=9979.36 62.2123 39.8389 18.5282 20.5923 41.0335 28.904 49.1031 49.9254 33.0352 30.7455 27.7417 65.525 237.789
threshold=0.71825396825396837 0.85912698412698429 0.59411764705882364 31.250000000000004 3.2500000000000027 4.3500000000000014 0.21458333333333338 7.1122126185459953 10.500000000000002 0.99373737808068319 0 8.0481575277846371 8.5000000000000018 -0.9523422988233432
decision_type=2 2 2 2 2 2 2 2 2 2 1 2 2 2
left_child=2 -2 3 4 6 -6 11 -8 10 -10 -9 -1 13 -13
right_child=1 -3 -4 -5 5 -7 7 8 9 -11 -12 12 -14 -15
leaf_value=2.7103370123704453e-06 -1.4921977983755248e-06 -1.4623206876797818e-06 -4.600659463777034e-06 0.0036808031529911005 -2.9065167039430973e-05 -0.0022524776534360359 -5.5886915130575275e-06 0.00061094946986734789 0.0001157266840601512 0.001988541912227072 0.0017842516066550981 0.004481590377422782 -0.0003284302059683486 -0.00023646240825460075
leaf_weight=89243.998187057441 483.42982050892897 11804.306250594091 522.39206828782335 66.228801101446152 9619.4781408151612 212.94750092923641 3165.225044965744 421.63799595832825 1683.0084687322378 120.8248093277216 668.52388124167919 391.68606486916542 6434.8395272921771 2038.6950340867043
leaf_count=321552 3776 45165 3160 324 38310 891 15675 1344 4397 379 1658 734 9053 3030
internal_value=-0.00330504 -0.033267 -8.95149e-05 -4.49283e-05 -5.64577e-05 -0.00158672 8.81214e-05 0.00243206 0.00571886 0.00212183 0.0115973 -5.68734e-05 -0.00192307 0.00296465
internal_weight=126877 12287.7 114589 114067 114001 9832.43 104168 6059.22 2894 1803.83 1090.16 98109.2 8865.22 2430.38
internal_count=449448 48941 400507 397347 397023 39201 357822 23453 7778 4776 3002 334369 12817 3764
cat_boundaries=0 2
cat_threshold=2176 262144
is_linear=0
shrinkage=0.035


Tree=291
num_leaves=15
num_cat=0
split_feature=53 53 53 1 2 42 41 64 11 64 6 57 6 62
split_gain=9989.3 62.2123 28.9361 37.8867 25.3362 18.4933 20.5423 18.7987 18.6339 29.2061 45.4513 44.9413 60.6929 45.6342
threshold=0.71825396825396837 0.85912698412698429 0.52638888888888902 3.5000000000000004 1.0000000180025095e-35 31.250000000000004 16.700000000000006 0.98750000000000016 0.99933194753345889 -0.045833333333333358 7.6147842215101331 0.24696342784683112 5.654798917993797 0.78333333333333421
decision_type=2 2 2 2 2 2 2 2 2 2 2 2 2 2
left_child=2 -2 5 4 -4 6 8 -8 9 10 -1 12 -11 -13
right_child=1 -3 3 -5 -6 -7 7 -9 -10 11 -12 13 -14 -15
leaf_value=-1.1341503489987472e-05 -1.4399708754323816e-06 -1.4111394636109895e-06 6.386669042265831e-05 4.3630883237154242e-06 -1.0169280615927105e-05 0.0035519750426364106 -0.00076633402063043597 0.00029350005463613923 8.1491963004662361e-06 2.1599619877059896e-06 0.00048146659798920969 -0.00035837412877772092 0.00024433939084998361 -3.3777203285694226e-05
leaf_weight=8620.5376048246399 483.42982050892897 11804.306250594091 94.954393949359655 175.36296609742567 443.31235941615887 66.228801101446152 356.19250229746103 63.426567226648331 63209.210469824495 5232.0896406655665 3786.190024331212 15235.896941115614 704.6998227359727 16601.383431078866
leaf_count=40267 3776 45165 549 783 2676 324 1676 290 216030 16383 8598 50750 1398 60783
internal_value=-0.00329012 -0.033267 -7.2994e-05 -0.00704976 -0.0116028 -2.86573e-05 -4.01966e-05 -0.00767908 -1.12529e-05 -0.00051476 0.00095805 -0.000998624 0.00179491 -0.00151994
internal_weight=126877 12287.7 114589 713.63 538.267 113876 113810 419.619 113390 50180.8 12406.7 37774.1 5936.79 31837.3
internal_count=449448 48941 400507 4008 3225 396499 396175 1966 394209 178179 48865 129314 17781 111533
is_linear=0
shrinkage=0.035


Tree=292
num_leaves=15
num_cat=1
split_feature=53 53 13 1 0 57 1 6 59 6 9 1 58 48
split_gain=9998.92 62.2123 19.8477 31.6323 45.7998 40.4875 43.9069 82.3985 35.1304 37.4721 34.9431 39.3016 37.5654 51.3023
threshold=0.71825396825396837 0.85912698412698429 1.0032402889823031 3.5000000000000004 0 0.27691161016551036 21.500000000000004 6.8337660417311907 0.81900730237416519 6.5187981455919246 0.99539775037356371 7.5000000000000009 10.588470930498199 0.081663928361269858
decision_type=2 2 2 2 1 2 2 2 2 2 2 2 2 2
left_child=2 -2 3 4 -1 -5 10 8 -8 -10 11 12 -7 -14
right_child=1 -3 -4 5 -6 6 7 -9 9 -11 -12 -13 13 -15
leaf_value=-4.6375631495472039e-05 -1.3895718947922482e-06 -1.3617495823846047e-06 1.3423327507211641e-05 1.1642923990588973e-05 -7.4015111342636425e-06 -0.00083880849974591893 -0.00034266028147121602 -0.0015188954407517224 6.3272193328489109e-05 0.0014633366749427341 3.7825285894986793e-05 -0.00011956578748667514 -0.00063930865550057006 0.0014870078105832948
leaf_weight=447.21786438673735 483.42982050892897 11804.306250594091 46135.222624826944 9158.3964196750894 5112.2099689722527 1880.0156309299637 1945.7204665008467 293.29973143618554 625.20299856737256 84.998766481876373 33964.489310564939 14522.994524881942 204.72604562342167 214.99117181729525
leaf_count=3311 3776 45165 159783 31908 14796 7242 7641 506 3128 160 118851 52480 325 376
internal_value=-0.00327569 -0.033267 -5.70236e-05 -0.000435152 -0.00296332 -0.000211245 -0.000577924 -0.00472224 -0.00273756 0.00388684 -0.000336381 -0.00164035 -0.00588152 0.00351953
internal_weight=126877 12287.7 114589 68454.3 5559.43 62894.8 53736.4 2949.22 2655.92 710.202 50787.2 16822.7 2299.73 419.717
internal_count=449448 48941 400507 240724 18107 222617 190709 11435 10929 3288 179274 60423 7943 701
cat_boundaries=0 1
cat_threshold=301989890
is_linear=0
shrinkage=0.035


Tree=293
num_leaves=15
num_cat=1
split_feature=53 53 57 31 11 52 0 10 57 13 12 2 1 1
split_gain=9997.71 62.2123 21.0383 29.4881 23.2738 27.0354 25.776 22.2168 33.7429 31.9864 40.4766 39.2007 43.1013 70.1013
threshold=0.71825396825396837 0.85912698412698429 0.0041866128198448449 1.0000000180025095e-35 0.99441115417648984 0.55139510013610737 0 1.009310124759079 0.016741381171786123 1.0039624384260495 1.0146691354105555 3.5000000000000004 14.500000000000002 16.500000000000004
decision_type=2 2 2 2 2 2 1 2 2 2 2 2 2 2
left_child=2 -2 3 4 6 -6 -1 9 -9 10 -4 -11 -13 -14
right_child=1 -3 7 -5 5 -7 -8 8 -10 11 -12 12 13 -15
leaf_value=-8.5442237080861669e-05 -1.3409368784745196e-06 -1.3140883470011437e-06 -1.9052744325704329e-05 -5.9034025680621703e-05 -1.3877475722535342e-07 -4.4704148619799231e-05 -8.8020130527558093e-06 2.1522253318284519e-05 -7.7619290623032194e-05 2.4994019877280785e-05 0.00014011192535869391 3.405012637282338e-05 0.002169935189362432 0.00020699604566594589
leaf_weight=82.833500199019909 483.42982050892897 11804.306250594091 50392.238877296681 108.71943533420563 4014.2083945893683 205.28804311505519 661.96132808597758 1157.200529650785 27297.077655654633 16498.120716731995 9127.243731923867 2495.6524495768826 888.0840375572443 1660.8568249491509
leaf_count=294 3776 45165 169760 384 13702 1584 1801 3524 106256 48767 39821 7428 2414 4772
internal_value=-0.0032775 -0.033267 -5.90185e-05 -0.00226023 -0.00184407 -0.000829422 -0.00750522 4.31428e-05 -0.000798092 0.000338493 -7.98403e-05 0.00149379 0.00419065 0.00738268
internal_weight=126877 12287.7 114589 5073.01 4964.29 4219.5 744.795 109516 28454.3 81062.2 59519.5 21542.7 5044.59 2548.94
internal_count=449448 48941 400507 17765 17381 15286 2095 382742 109780 272962 209581 63381 14614 7186
cat_boundaries=0 1
cat_threshold=2176
is_linear=0
shrinkage=0.035


Tree=294
num_leaves=15
num_cat=1
split_feature=53 53 57 31 11 52 0 57 57 57 57 1 57 60
split_gain=9998.2 62.2123 20.6113 27.5142 22.852 27.0354 25.9867 21.9148 81.7553 97.2107 73.0806 71.0601 130.71 97.9577
threshold=0.71825396825396837 0.85912698412698429 0.0041866128198448449 1.0000000180025095e-35 0.99441115417648984 0.55139510013610737 0 0.27691161016551036 0.18963369556468537 0.14307512925434676 0.1313701521895769 21.500000000000004 0.42610336992466463 -0.57022117041332276
decision_type=2 2 2 2 2 2 1 2 2 2 2 2 2 2
left_child=2 -2 3 4 6 -6 -1 8 9 10 -4 -9 -13 -14
right_child=1 -3 7 -5 5 -7 -8 11 -10 -11 -12 12 13 -15
leaf_value=-8.2451758783031511e-05 -1.2940040877279114e-06 -1.2680952548561037e-06 2.9932385140708786e-06 -5.6967834781799945e-05 -1.3391764072246467e-07 -4.3139503418106262e-05 -8.4939425959093506e-06 6.8345490259658088e-06 0.00023693186290210864 -0.00016920072827873267 0.00013560887555787314 -4.8686127452412801e-05 -0.0018447523665120536 -0.00046045879985672227
leaf_weight=82.833500199019909 483.42982050892897 11804.306250594091 11311.032386099454 108.71943533420563 4014.2083945893683 205.28804311505519 661.96132808597758 84715.023017982719 3633.7309343039524 3159.357613613829 1440.9636462952476 3861.7521558995359 693.8663959952537 700.7486731512472
leaf_count=294 3776 45165 39411 384 13702 1584 1801 299554 11266 9365 3186 13594 3037 3329
internal_value=-0.00327676 -0.033267 -5.82078e-05 -0.00223696 -0.00183485 -0.000829422 -0.00744448 4.29113e-05 0.00110486 2.18752e-05 0.00138433 -0.00018788 -0.00413272 -0.0132757
internal_weight=126877 12287.7 114589 5073.01 4964.29 4219.5 744.795 109516 19545.1 15911.4 12752 89971.4 5256.37 1394.62
internal_count=449448 48941 400507 17765 17381 15286 2095 382742 63228 51962 42597 319514 19960 6366
cat_boundaries=0 1
cat_threshold=2176
is_linear=0
shrinkage=0.035


Tree=295
num_leaves=15
num_cat=0
split_feature=53 53 57 52 23 6 1 58 28 62 58 59 27 50
split_gain=9994.44 62.2123 19.7364 21.2271 57.0617 44.4092 43.5846 101.878 52.9956 50.1209 45.0709 43.5117 34.8655 54.7933
threshold=0.71825396825396837 0.85912698412698429 0.0036847963766168971 0.16800682982356294 1.0000000180025095e-35 8.0933700261432335 10.500000000000002 10.891091086816976 1.5000000000000002 -0.34374999999999906 10.986309930945977 0.79877197597864635 59.500000000000007 17.500000000000004
decision_type=2 2 2 2 2 2 2 2 2 2 2 2 2 2
left_child=2 -2 -1 4 6 11 7 8 -4 12 -8 -6 -10 -14
right_child=1 -3 3 -5 5 -7 10 -9 9 -11 -12 -13 13 -15
leaf_value=-3.4174002698280231e-06 -1.2487139446574346e-06 -1.22371192093614e-06 -0.0015475342127492298 -7.1057606100732868e-06 4.6619378132286701e-05 -0.00057782302361477419 0.00010079353274205283 0.00041492470465156914 8.794736476225308e-05 0.00075758061139942305 -0.00066783159188238015 -0.00040851441926771263 -0.00052683590585795388 4.5428058802259448e-05
leaf_weight=4637.7336224578321 483.42982050892897 11804.306250594091 214.34860176965594 93047.883020456182 2878.9562772288918 1802.9903248250484 4819.1694708019495 1778.9904453754425 2630.0590034779161 764.52144512720406 400.77083992958069 559.80708727240562 349.68725445866585 704.56813148409128
leaf_count=16266 3776 45165 646 349234 4922 2272 11480 2250 7198 1791 222 1150 1453 1623
internal_value=-0.00328241 -0.033267 -6.44566e-05 2.99752e-05 0.00117056 -0.00186023 0.00253323 0.00445694 0.00172884 0.0025605 0.000155098 0.000475389 0.000856675 -0.00449415
internal_weight=126877 12287.7 114589 109952 16903.9 5241.75 11662.1 6442.17 4663.18 4448.84 5219.94 3438.76 3684.31 1054.26
internal_count=449448 48941 400507 384241 35007 8344 26663 14961 12711 12065 11702 6072 10274 3076
is_linear=0
shrinkage=0.035


Tree=296
num_leaves=15
num_cat=1
split_feature=53 53 9 6 46 52 54 1 62 0 48 1 2 58
split_gain=9990.58 62.2123 19.1326 31.6769 42.9389 48.6577 31.1249 38.9268 34.8117 32.062 29.3091 34.8815 60.4634 29.0155
threshold=0.71825396825396837 0.85912698412698429 1.0357255500065057 7.6909189469034516 -0.65000000000000024 0.26260297140478239 37.500000000000007 16.500000000000004 3.1854166666666672 0 0.81784833003162716 13.500000000000002 3.5000000000000004 10.859632016820081
decision_type=2 2 2 2 2 2 2 2 2 1 2 2 2 2
left_child=2 -2 -1 6 -5 13 7 10 -8 -10 11 -4 -13 -6
right_child=1 -3 3 4 5 -7 8 -9 9 -11 -12 12 -14 -15
leaf_value=-5.2581925323998643e-06 -1.2050089565944244e-06 -1.1808820037033751e-06 0.00011289363841519913 0.0023810574311458423 2.7146131904628449e-05 0.00067987861959999292 -3.850358232582222e-05 0.00084394820023376627 -0.0006594112275815667 0.0013312926067937637 -0.00089378829778758112 -0.0022681303189903347 0.00082844789003565407 -0.00085106096603394864
leaf_weight=97727.72840278619 483.42982050892897 11804.306250594091 2832.0811635702848 513.21030700951815 1009.3113169111311 1161.0794568751007 6846.4410152621567 1630.4026151741855 375.11968599259853 861.32192749157548 422.96872570342384 455.62984731048346 498.28382990299724 255.90723067522049
leaf_count=325590 3776 45165 17135 1237 2223 2616 28229 10187 1099 4206 1488 2329 3755 413
internal_value=-0.0032882 -0.033267 -7.08693e-05 0.00101756 0.00431248 0.00234077 0.00031928 0.00226423 -0.00108688 0.00429573 0.000480557 0.0014635 -0.00429526 -0.00240128
internal_weight=126877 12287.7 114589 16861.8 2939.51 2426.3 13922.2 5839.37 8082.88 1236.44 4208.96 3785.99 953.914 1265.22
internal_count=449448 48941 400507 74917 6489 5252 68428 34894 33534 5305 24707 23219 6084 2636
cat_boundaries=0 2
cat_threshold=4096 262144
is_linear=0
shrinkage=0.035


Tree=297
num_leaves=15
num_cat=1
split_feature=53 53 46 1 0 58 57 61 27 2 57 1 57 60
split_gain=9988.97 62.2123 19.0961 21.1916 51.3993 54.5269 49.8971 37.7367 56.6158 31.1324 30.297 69.8156 125.424 91.1067
threshold=0.71825396825396837 0.85912698412698429 -8.0499999999999972 3.5000000000000004 0 9.7378907567262107 0.14307512925434676 9.0604166666666668 28.500000000000004 4.5000000000000009 0.27691161016551036 21.500000000000004 0.42610336992466463 -0.57022117041332276
decision_type=2 2 2 2 1 2 2 2 2 2 2 2 2 2
left_child=2 -2 -1 4 5 9 7 -7 -9 -4 -5 -12 -13 -14
right_child=1 -3 3 10 -6 6 -8 8 -10 -11 11 12 13 -15
leaf_value=9.8980041264664528e-05 -1.1628336431136196e-06 -1.139551133573757e-06 -0.00063069994544254074 1.033594651041401e-05 -1.4781838524394391e-05 -3.080957733944236e-06 -0.00097980524318366617 0.00013315763029382455 2.0048405377273082e-05 -2.7285289557946323e-05 5.7500176756236651e-06 -5.377122418064262e-05 -0.0017797532953241456 -0.00045214711615409748
leaf_weight=315.69954194873571 483.42982050892897 11804.306250594091 132.16905562579632 15012.627509660088 5823.7208260945044 1472.7161886803806 105.1887918356806 643.55196367204189 1070.8096022903919 155.84461756795645 84637.715585855767 3835.2005473221652 693.8663959952537 690.3748981161043
leaf_count=1018 3776 45165 518 50948 21188 2455 292 1391 2564 1076 299216 13502 3037 3302
internal_value=-0.00329061 -0.033267 -7.35399e-05 -9.76518e-05 -0.00168838 0.00160883 0.00290303 0.00371023 0.00722443 -0.0127321 4.5141e-05 -0.000198069 -0.00412269 -0.0131128
internal_weight=126877 12287.7 114589 114274 9404 3580.28 3292.27 3187.08 1714.36 288.014 104870 89857.2 5219.44 1384.24
internal_count=449448 48941 400507 399489 29484 8296 6702 6410 3955 1594 370005 319057 19841 6339
cat_boundaries=0 1
cat_threshold=131200
is_linear=0
shrinkage=0.035


Tree=298
num_leaves=15
num_cat=0
split_feature=53 53 42 41 46 63 57 1 58 64 40 62 59 2
split_gain=9997.92 62.2123 18.5577 19.1168 38.4278 28.1958 54.0384 56.7538 43.365 52.0003 40.4157 53.9997 39.1569 37.5658
threshold=0.71825396825396837 0.85912698412698429 31.250000000000004 3.2500000000000027 4.3500000000000014 0.093750000000000014 0.49863363449312798 13.500000000000002 10.588470930498199 -0.1145833333333333 0.20000000000000065 3.537500000000001 0.98664879617890844 2.5000000000000004
decision_type=2 2 2 2 2 2 2 2 2 2 2 2 2 2
left_child=2 -2 3 5 -5 10 -7 8 -8 13 -1 -12 -9 -10
right_child=1 -3 -4 4 -6 6 7 12 9 -11 11 -13 -14 -15
leaf_value=1.262252447805692e-07 -1.1221344656046428e-06 -1.0996668438986754e-06 0.0034269911557146464 -2.6019676262453998e-05 -0.0021949335021922102 -1.2805279624212128e-05 0.00051139089147324355 -9.9985860813959229e-05 0.0015793304132913934 0.00024573496451971269 -7.9330036818492483e-05 -0.0023318206597973171 0.0018870107252867265 0.00010612896466343447
leaf_weight=81630.464955769712 483.42982050892897 11804.306250594091 66.228801101446152 9664.2521891072392 212.94750092923641 4819.6306579336524 5005.9316301420331 5489.6033293586224 612.72319802641869 709.55600166320801 5533.3395118238404 289.42160028219223 374.93769259750843 180.44845592975616
leaf_count=273368 3776 45165 324 38621 891 17996 22287 19502 997 1145 21529 1134 2411 302
internal_value=-0.00327719 -0.033267 -5.86789e-05 -7.01636e-05 -0.00154124 6.88203e-05 0.00136411 0.00258821 0.00483564 0.0100339 -0.000185954 -0.00300057 8.99436e-05 0.0161378
internal_weight=126877 12287.7 114589 114523 9877.2 104646 17192.8 12373.2 6508.66 1502.73 87453.2 5822.76 5864.54 793.172
internal_count=449448 48941 400507 400183 39512 360671 64640 46644 24731 2444 296031 22663 21913 1299
is_linear=0
shrinkage=0.035


Tree=299
num_leaves=15
num_cat=1
split_feature=53 53 36 46 63 61 46 57 0 28 46 59 61 2
split_gain=9998.42 62.2123 18.3341 102.954 55.9053 54.2167 40.1594 58.1793 31.2318 30.1611 28.3598 124.821 93.6191 76.4995
threshold=0.71825396825396837 0.85912698412698429 28.750000000000004 2.5499999999999998 0.022916666666666672 24.354166666666675 6.2000000000000028 0.88442603758024807 0 45.500000000000007 4.2000000000000028 0.98370018436603734 21.902083333333341 3.5000000000000004
decision_type=2 2 2 2 2 2 2 2 1 2 2 2 2 2
left_child=2 -2 5 4 -4 10 7 8 -7 -8 -1 12 13 -12
right_child=1 -3 3 -5 -6 6 9 -9 -10 -11 11 -13 -14 -15
leaf_value=-6.9846187645174532e-06 -1.0828597593084804e-06 -1.0611785043622218e-06 0.0025207586817321175 -0.0017830776071238476 -0.0016196503576226997 6.2537412342624646e-05 0.0003262871152384739 0.0020062261610585986 -8.1450847600274934e-05 -0.0019241066349177818 -8.0263408411525018e-05 0.0014334645629417665 -0.00094236259198746792 0.00066558555267948411
leaf_weight=93586.997818277916 483.42982050892897 11804.306250594091 282.82960030436516 916.20050002634525 123.14873401075602 848.0795745626092 152.478899192065 1027.5833366848528 361.9918691329658 153.46879967302084 8968.5785984173417 1000.6903006024659 1515.6764967925847 5651.7609969875775
leaf_count=320621 3776 45165 1116 4023 798 3145 648 4433 2106 630 27264 4293 6435 24995
internal_value=-0.00327643 -0.033267 -5.78407e-05 -0.00413988 0.0103652 -9.82935e-06 0.00503222 0.0066592 0.00143234 -0.00670137 -0.000126102 0.00118249 0.000434854 0.00129497
internal_weight=126877 12287.7 114589 1322.18 405.978 113267 2543.6 2237.65 1210.07 305.948 110724 17136.7 16136 14620.3
internal_count=449448 48941 400507 5937 1914 394570 10962 9684 5251 1278 383608 62987 58694 52259
cat_boundaries=0 2
cat_threshold=67242112 262144
is_linear=0
shrinkage=0.035


Tree=300
num_leaves=15
num_cat=1
split_feature=53 53 46 59 1 57 0 58 23 59 57 57 57 14
split_gain=9997.71 62.2123 18.1716 44.8615 19.4019 49.0869 48.3022 61.381 39.4796 32.2117 29.7851 64.8597 70.9467 73.6335
threshold=0.71825396825396837 0.85912698412698429 -7.2999999999999989 0.19244979981841034 3.5000000000000004 0.14307512925434676 0 9.7378907567262107 1.0000000180025095e-35 0.88203985695844977 0.27691161016551036 0.18963369556468537 0.14307512925434676 0.98774795522931602
decision_type=2 2 2 2 2 2 1 2 2 2 2 2 2 2
left_child=2 -2 3 -1 5 6 7 -4 9 -9 11 12 -6 -14
right_child=1 -3 4 -5 10 -7 -8 8 -10 -11 -12 -13 13 -15
leaf_value=-0.00033932957807755656 -1.0449596677326836e-06 -1.0240372567095441e-06 -0.00046867807920669729 0.00010197150905379132 7.0961579749493496e-06 -0.00083007454982708445 -1.308960676733996e-05 -1.1871047689372972e-05 4.7306127468556737e-05 7.4753006527985747e-05 -2.2978231770007797e-05 0.0002317674473126816 0.00015347842165468697 -0.00021199935086092762
leaf_weight=203.93629758805037 483.42982050892897 11804.306250594091 205.76117065548897 545.83479849249125 8454.5231995012145 257.55342600052245 5638.4562603572849 1609.6804699711502 1125.1060755550861 398.25758738815784 89764.403967433376 3520.8002606451046 848.43183532729745 2016.7401757496409
leaf_count=414 3776 45165 1032 2012 31451 1349 20209 3215 2058 1015 318825 10830 2958 5139
internal_value=-0.00327749 -0.033267 -5.90173e-05 0.00533584 -9.50145e-05 -0.00163193 -0.00119027 0.00213972 0.00337976 0.00042825 4.08121e-05 0.00149277 0.000200765 -0.00454952
internal_weight=126877 12287.7 114589 749.771 113840 9234.81 8977.26 3338.81 3133.04 2007.94 104605 14840.5 11319.7 2865.17
internal_count=449448 48941 400507 2426 398081 28878 27529 7320 6288 4230 369203 50378 39548 8097
cat_boundaries=0 1
cat_threshold=131200
is_linear=0
shrinkage=0.035


Tree=301
num_leaves=15
num_cat=0
split_feature=53 53 8 58 9 47 11 57 6 2 62 57 1 14
split_gain=10000.3 62.2123 18.1089 25.8871 19.0005 35.6871 32.6436 42.2796 30.5897 26.867 34.2976 66.2756 31.7754 144.195
threshold=0.71825396825396837 0.85912698412698429 1.0523978771436489 10.658518789298208 1.0082176687638922 0.049745030894066858 0.97774360984695641 0.24696342784683112 7.943259310970511 3.5000000000000004 1.8291666666666664 1.8570749485026146 16.500000000000004 1.0239625556666898
decision_type=2 2 2 2 2 2 2 2 2 2 2 2 2 2
left_child=2 -2 4 -4 6 -6 7 -1 -9 12 -11 -12 -7 -14
right_child=1 -3 3 -5 5 9 -8 8 -10 10 11 -13 13 -15
leaf_value=1.5752448860471497e-05 -1.0083860793620398e-06 -9.8819595272471001e-07 0.00010208831895326814 0.00074790343731582446 0.00040432166476074371 -2.5352473307153541e-05 -2.3049691804433171e-06 -0.00052092352345595617 0.00021433729201362332 8.6251389334851537e-06 0.001192947811286106 -0.0007446664936445836 0.00045370831679016679 -0.00037795671482327922
leaf_weight=1848.4335100627504 483.42982050892897 11804.306250594091 1574.1668249794748 173.90438011288643 1147.9003367074765 14253.510348759592 70948.911631454015 7567.2970458576456 1216.0601605661213 5977.1709219913464 2623.3447477130685 769.10165462945588 4430.9960574880242 2058.687904343009
leaf_count=5623 3776 45165 9013 290 4023 51768 224326 32836 2311 29285 12937 4082 17223 6790
internal_value=-0.00327358 -0.033267 -5.46808e-05 0.00347016 -0.000109588 0.000623973 -0.000390722 -0.00219837 -0.0032105 0.000391984 0.00194645 0.00475166 -0.000310761 0.00171772
internal_weight=126877 12287.7 114589 1748.07 112841 31260.7 81580.7 10631.8 8783.36 30112.8 9369.62 3392.45 20743.2 6489.68
internal_count=449448 48941 400507 9303 391204 126108 265096 40770 35147 122085 46304 17019 75781 24013
is_linear=0
shrinkage=0.035


Tree=302
num_leaves=15
num_cat=0
split_feature=53 53 47 41 58 57 58 62 57 60 57 53 6 63
split_gain=9988.86 62.2123 22.625 17.9583 17.9387 17.4655 18.5463 60.4074 53.0105 51.2638 59.8912 39.4086 35.9572 38.0807
threshold=0.71825396825396837 0.85912698412698429 1.0000000180025095e-35 29.000000000000004 10.157999351365289 2.5717698402061928 9.8530962726721345 1.9062499999999993 1.8464033957869528 -0.57022117041332276 1.8570749485026146 0.57697368421052642 1.9475992390351078 0.0062500000000000012
decision_type=2 2 2 2 2 2 2 2 2 2 2 2 2 2
left_child=2 4 -1 5 -2 6 7 9 -9 10 12 -8 -4 -14
right_child=1 -3 3 -5 -6 -7 11 8 -10 -11 -12 -13 13 -15
leaf_value=-1.2517802073212455e-05 -9.7309256658436822e-07 -9.5360909437934521e-07 1.0329313214604776e-05 -0.0029976984118053941 -9.7309256658436822e-07 0.0030939786952335082 2.7737534913399893e-06 0.0007571530510429703 -0.00053815980958561661 -1.1822714696718834e-05 0.0016065521002616935 2.6480558038151705e-06 -0.00068720345432716665 -0.0002766132687207717
leaf_weight=67.67910297960043 405.54353267070837 11804.306250594091 602.67365567665547 82.78600137680769 77.886287838220596 207.39759832876734 89502.779931620229 4657.7994906760287 2122.6992903000209 10229.742109339684 684.36757793789729 231.86848603142425 2742.3788304352202 3457.3134499625303
leaf_count=351 3657 45165 4948 405 119 1533 221157 34858 16651 69138 5054 585 19275 26552
internal_value=-0.00329078 -0.033267 -7.37327e-05 -6.09194e-05 -0.0202104 -4.84358e-05 -6.7292e-05 -0.000920631 0.00188689 -0.00199559 -0.00419428 0.000165741 -0.00518798 -0.00598093
internal_weight=126877 12287.7 114589 114522 483.43 114439 114232 24497 6780.5 17716.5 7486.73 89734.6 6802.37 6199.69
internal_count=449448 48941 400507 400156 3776 399751 398218 176476 51509 124967 55829 221742 50775 45827
is_linear=0
shrinkage=0.035


Tree=303
num_leaves=15
num_cat=1
split_feature=53 53 49 11 58 1 23 47 51 11 0 48 1 6
split_gain=9991.44 62.2123 20.8931 18.6869 35.7185 69.5908 43.0888 36.9988 32.1553 34.8281 35.0416 31.3219 29.6995 41.1627
threshold=0.71825396825396837 0.85912698412698429 0.67708333333333337 1.010187190631062 10.885935232485975 10.500000000000002 1.0000000180025095e-35 0.071364044393667392 0.10190796613351528 1.0530003736180267 0 0.48995114006514667 7.5000000000000009 4.2976196645665841
decision_type=2 2 2 2 2 2 2 2 2 2 1 2 2 2
left_child=2 -2 3 -1 8 -6 -7 -8 9 -5 11 -11 -10 -14
right_child=1 -3 -4 4 5 6 7 -9 12 10 -12 -13 13 -15
leaf_value=-1.1485827708415001e-05 -9.3903432675391547e-07 -9.202327760760681e-07 -1.2614883445409355e-05 2.2398101701134508e-05 2.1967061624073549e-05 -0.00037495263052143813 0.00037751626287661159 -0.0002501484637713732 -1.1482821076834752e-05 0.00058237701094211345 1.8155734245335969e-06 -6.5216362616280746e-06 -0.0001955870001549616 0.00013060698907172349
leaf_weight=68792.405144782504 483.42982050892897 11804.306250594091 258.92755630472675 6232.6633170926943 1364.9679546356201 1700.0488607883453 346.68094420433044 814.69166189432144 8480.1704908914398 588.56029592547566 405.16635830700397 101.66181394830346 717.03095426643267 24786.510171623668
leaf_count=233270 3776 45165 1822 19227 1623 2121 327 999 32691 2008 1826 421 5233 98939
internal_value=-0.0032869 -0.033267 -6.94352e-05 -4.65111e-05 0.000503394 -0.00255752 -0.00565319 -0.000446645 0.000817083 0.00291823 0.00864627 0.0132947 0.000363278 0.000959877
internal_weight=126877 12287.7 114589 114331 45538.2 4226.39 2861.42 1161.37 41311.8 7328.05 1095.39 690.222 33983.7 25503.5
internal_count=449448 48941 400507 398685 165415 5070 3447 1326 160345 23482 4255 2429 136863 104172
cat_boundaries=0 1
cat_threshold=100796416
is_linear=0
shrinkage=0.035


Tree=304
num_leaves=15
num_cat=1
split_feature=53 53 49 11 10 13 12 52 0 23 14 1 1 1
split_gain=9976.94 62.2123 33.7988 18.861 23.3558 30.4548 30.6916 29.4708 41.0209 39.034 33.1228 53.0636 48.9627 31.0353
threshold=0.71825396825396837 0.85912698412698429 0.55277777777777792 1.1121773926293679 1.009310124759079 1.0133461813763085 1.0166551773689199 0.22767515551980158 0 1.0000000180025095e-35 1.1694833628063137 17.500000000000004 14.500000000000002 10.500000000000002
decision_type=2 2 2 2 2 2 2 2 1 2 2 2 2 2
left_child=2 -2 3 4 5 6 7 9 10 13 -9 12 -12 -1
right_child=1 -3 -4 -5 -6 -7 -8 8 -10 -11 11 -13 -14 -15
leaf_value=3.3409981180294732e-05 -9.061681253175284e-07 -8.8802462891340569e-07 -1.5081921305066569e-05 9.3102323616390444e-05 -2.822847454382545e-05 5.4244758908114117e-05 6.1862338245287653e-05 -4.8118829543011305e-05 -8.3865428915617945e-06 -2.1990725891249623e-05 -6.3510468223587079e-05 -0.0013129554211484848 0.0022035155452285109 -8.4603777150948923e-06
leaf_weight=9758.0735665166285 483.42982050892897 11804.306250594091 605.61598310107365 3304.7091172037181 27514.14238005667 9999.5610337881371 10557.332915628795 9582.9178822576068 23223.84865154326 8912.0060184411705 613.8318462674506 619.70875786431134 132.40119175892323 9765.3361802371219
leaf_count=27008 3776 45165 3445 16654 104263 30181 44171 37617 89443 18503 2022 1841 533 24826
internal_value=-0.00330867 -0.033267 -9.3535e-05 -4.93573e-05 -0.000127257 0.000165206 -8.24983e-05 -0.000376928 -0.00106948 0.000455442 -0.00283335 -0.00791677 -0.00158044 0.00133139
internal_weight=126877 12287.7 114589 113984 110679 83165 73165.5 62608.1 34172.7 28435.4 10948.9 1365.94 746.233 19523.4
internal_count=449448 48941 400507 397062 380408 276145 245964 201793 131456 70337 42013 4396 2555 51834
cat_boundaries=0 2
cat_threshold=33685504 262144
is_linear=0
shrinkage=0.035


Tree=305
num_leaves=15
num_cat=1
split_feature=53 53 49 0 11 51 60 7 10 7 40 57 14 1
split_gain=9974.29 62.2123 32.9012 24.2938 21.0343 37.5741 27.2712 22.4091 22.9402 20.364 31.079 30.0517 60.4992 71.1004
threshold=0.71825396825396837 0.85912698412698429 0.42222222222222228 0 1.0926551322291469 0.10839688757231415 -0.8238924869212918 1.1647643069126918 1.0481292960404296 1.00007184940365 0.20000000000000065 1.2869651534557804 1.0239625556666898 19.500000000000004
decision_type=2 2 2 1 2 2 2 2 2 2 2 2 2 2
left_child=2 -2 4 -4 9 6 -6 -7 -9 10 11 12 -1 -14
right_child=1 -3 3 -5 5 7 -8 8 -10 -11 -12 -13 13 -15
leaf_value=1.4024514973906231e-05 -8.7445224093141492e-07 -8.5694376690143644e-07 3.846995546185177e-06 -1.4962979093562438e-05 0.0045539589629693695 -1.986053648745612e-05 0.00019139454015616289 0.00068713680801316579 -5.7032471458288999e-05 -2.5126949240472964e-05 -3.5836350498636117e-05 0.0001918204649271993 -2.8839421994814649e-06 -0.00038739964215419144
leaf_weight=18205.95864703157 483.42982050892897 11804.306250594091 353.53418891900219 757.55956951528788 161.22709882259369 2508.0008641695604 338.42813844978809 963.65051793144085 598.37098783673719 41668.507821386913 12300.612086396432 26856.958730620798 6579.6827080999501 3296.9941654847935
leaf_count=69557 3776 45165 1800 4623 536 11617 1703 4885 3102 125594 49287 97657 19380 10766
internal_value=-0.00331265 -0.033267 -9.79395e-05 -0.00606442 -3.89911e-05 0.00228467 0.0112449 0.0011598 0.00443658 -0.00013669 0.000240061 0.000596134 -0.000204388 -0.00240862
internal_weight=126877 12287.7 114589 1111.09 113478 4569.68 499.655 4070.02 1562.02 108909 67240.2 54939.6 28082.6 9876.68
internal_count=449448 48941 400507 6423 394084 21843 2239 19604 7987 372241 246647 197360 99703 30146
cat_boundaries=0 2
cat_threshold=67244160 262144
is_linear=0
shrinkage=0.035


Tree=306
num_leaves=15
num_cat=0
split_feature=53 53 49 41 58 43 45 39 62 46 45 41 45 46
split_gain=9974.13 62.2123 31.9826 17.9717 17.9387 17.6009 53.6038 34.9173 51.6927 24.1669 23.3202 29.3591 22.4089 58.4268
threshold=0.71825396825396837 0.85912698412698429 0.55277777777777792 29.000000000000004 10.157999351365289 1.0000000180025095e-35 5.5300000000000002 15.250000000000002 1.2562500000000016 -1.0000000000000002 2.8350000000000004 3.050000000000002 0.45500000000000013 1.7
decision_type=2 2 2 2 2 2 2 2 2 2 2 2 2 2
left_child=2 4 3 5 -2 6 10 8 9 -7 -1 -12 -10 -14
right_child=1 -3 -4 -5 -6 7 -8 -9 12 -11 11 -13 13 -15
leaf_value=-3.0070028006335893e-06 -8.4384641249881536e-07 -8.2695073505988607e-07 -1.4047638239216458e-05 -0.0028901346945459198 -8.4384641249881536e-07 2.8703387357262859e-05 -0.0027636880751672681 -5.0275991694382262e-05 9.2476028122102547e-05 0.00068766170071714598 0.0014051138940572917 -0.0011433222096246399 0.00022115196874620603 -0.0022894858449830917
leaf_weight=109137.421071016 405.54353267070837 11804.306250594091 605.61598310107365 82.78600137680769 77.886287838220596 970.11320187523961 175.45810087770224 839.50544857233763 294.78880059346557 1763.0496253371239 305.23999121785164 92.238500162959099 172.5802001953125 150.68860033899546
leaf_count=382933 3657 45165 3445 405 119 2408 567 2693 657 4813 1254 513 432 387
internal_value=-0.00331288 -0.033267 -9.8203e-05 -5.5228e-05 -0.0202104 -4.26813e-05 -0.000127802 0.00218071 0.00377872 0.00584363 -9.59605e-05 0.0082615 -0.0053003 -0.0115214
internal_weight=126877 12287.7 114589 113984 483.43 113901 109710 4190.73 3351.22 2733.16 109535 397.478 618.058 323.269
internal_count=449448 48941 400507 397062 3776 396657 385267 11390 8697 7221 384700 1767 1476 819
is_linear=0
shrinkage=0.035


Tree=307
num_leaves=15
num_cat=1
split_feature=53 53 49 0 11 6 58 62 60 57 57 57 13 6
split_gain=9969.72 62.2123 31.053 21.6012 19.8073 36.8316 20.09 48.3637 63.6508 40.2162 46.1764 36.7662 32.5888 39.9354
threshold=0.71825396825396837 0.85912698412698429 0.42222222222222228 0 1.0926551322291469 7.8959068844352274 9.8530962726721345 1.9062499999999993 -0.57022117041332276 1.8570749485026146 0.013088771449383139 1.8570749485026146 1.0428920307658192 8.1479394626546355
decision_type=2 2 2 1 2 2 2 2 2 2 2 2 2 2
left_child=2 -2 4 -4 6 -6 7 8 9 10 -1 -9 -8 -14
right_child=1 -3 3 -5 5 -7 12 11 -10 -11 -12 -13 13 -15
leaf_value=1.3894144975995872e-05 -8.1431178806135681e-07 -7.9800745933279012e-07 3.4278873736611343e-06 -1.3983395531760739e-05 6.5518812939290149e-05 0.0040325726580880917 -5.3443384403350648e-07 0.0006163994220395975 -8.9191252775744188e-06 0.0010183908527396481 -0.00051353598739991972 -0.00050257524613521519 7.5602390505996801e-05 0.0031966355919013172
leaf_weight=529.56792820733972 483.42982050892897 11804.306250594091 353.53418891900219 757.55956951528788 4459.4215984435286 110.25600876659155 84199.569270963315 4331.5008633804973 9156.3901302926242 601.09749720920809 5473.1560085588135 1927.2730699856766 2598.4820363554172 91.677354067564011
leaf_count=3292 3776 45165 1800 4623 21615 228 206373 32736 61262 4703 41448 15548 6771 108
internal_value=-0.00331951 -0.033267 -0.000105534 -0.00590202 -4.82639e-05 0.0022066 -0.000143069 -0.00108712 -0.00212045 -0.00473676 -0.00560101 0.00151415 9.62627e-05 0.00388115
internal_weight=126877 12287.7 114589 1111.09 113478 4569.68 108909 22019 15760.2 6603.82 6002.72 6258.77 86889.7 2690.16
internal_count=449448 48941 400507 6423 394084 21843 372241 158989 110705 49443 44740 48284 213252 6879
cat_boundaries=0 2
cat_threshold=67244160 262144
is_linear=0
shrinkage=0.035


Tree=308
num_leaves=15
num_cat=1
split_feature=53 53 49 0 11 51 60 7 10 10 9 62 54 57
split_gain=9968.74 62.2123 29.3666 20.6766 18.574 36.739 25.7358 21.2106 21.0381 19.8567 23.7706 30.4399 37.4067 34.4028
threshold=0.71825396825396837 0.85912698412698429 0.42222222222222228 0 1.0926551322291469 0.10839688757231415 -0.8238924869212918 1.1647643069126918 1.0481292960404296 1.1544719876419725 1.0727240215409906 1.9833333333333341 37.500000000000007 1.9260864644465359
decision_type=2 2 2 1 2 2 2 2 2 2 2 2 2 2
left_child=2 -2 4 -4 9 6 -6 -7 -9 10 -1 12 -12 -14
right_child=1 -3 3 -5 5 7 -8 8 -10 -11 11 -13 13 -15
leaf_value=-6.3874575179237455e-06 -7.8581087547920933e-07 -7.7007719825614247e-07 3.3079113155830007e-06 -1.3493976688149113e-05 0.0042857716445757034 -2.1717320258253604e-05 0.00018071688376298468 0.00066089910637785081 -5.7224248312101803e-05 -0.00074263781004872513 0.00026356965169900553 0.00063026576478122053 -7.9285511082821257e-05 0.0021571162129355838
leaf_weight=101812.6030564399 483.42982050892897 11804.306250594091 353.53418891900219 757.55956951528788 161.22709882259369 2508.0008641695604 338.42813844978809 963.65051793144085 598.37098783673719 172.75750677823089 1549.247324175667 2585.6848748086486 2515.2173566482961 273.20404016971588
leaf_count=337608 3776 45165 1800 4623 536 11617 1703 4885 3102 801 9906 12443 10170 1313
internal_value=-0.00332098 -0.033267 -0.000107164 -0.00574405 -5.14708e-05 0.00213207 0.0109919 0.00102012 0.00420819 -0.000143277 -0.000123891 0.00185907 6.4952e-05 -0.00235576
internal_weight=126877 12287.7 114589 1111.09 113478 4569.68 499.655 4070.02 1562.02 108909 108736 6923.35 4337.67 2788.42
internal_count=449448 48941 400507 6423 394084 21843 2239 19604 7987 372241 371440 33832 21389 11483
cat_boundaries=0 2
cat_threshold=67244160 262144
is_linear=0
shrinkage=0.035


Tree=309
num_leaves=15
num_cat=0
split_feature=53 53 49 51 13 11 58 36 46 63 61 46 57 28
split_gain=9970.85 62.2123 27.1265 19.5379 28.5351 25.5221 17.9387 17.3874 95.0729 51.4051 49.0153 37.5608 51.4679 28.3173
threshold=0.71825396825396837 0.85912698412698429 0.42222222222222228 0.23657561647537231 1.0310601874980676 1.0708072692913775 10.157999351365289 28.750000000000004 2.5499999999999998 0.022916666666666672 24.354166666666675 6.2000000000000028 0.88442603758024807 45.500000000000007
decision_type=2 2 2 2 2 2 2 2 2 2 2 2 2 2
left_child=2 6 7 5 -5 -4 -2 10 9 -9 -1 12 -12 -13
right_child=1 -3 3 4 -6 -7 -8 8 -10 -11 11 13 -14 -15
leaf_value=-2.940099976281981e-06 -7.58307494837437e-07 -7.4312449631717737e-07 2.867157013925118e-06 -1.8131427288158828e-05 0.00035290783568366367 -1.5500381426975451e-05 -7.58307494837437e-07 0.002411876361482265 -0.0017405811816097983 -0.0016786003036958787 2.0266215028804521e-05 0.00033185442927716527 0.0019318255700927203 -0.0018403732132000695
leaf_weight=109649.51265717577 405.54353267070837 11804.306250594091 499.17760451650247 209.04664956219494 36.974500394193456 365.8950039613992 77.886287838220596 282.82960030436516 916.20050002634525 122.55011180043221 1173.7678613737226 152.478899192065 1027.5833366848528 153.46879967302084
leaf_count=377433 3657 45165 2812 1718 430 1463 119 1116 4023 788 5013 648 4433 630
internal_value=-0.00331782 -0.033267 -0.000103666 -0.00552129 -0.0140304 -0.00296869 -0.0202104 -5.01386e-05 -0.00402606 0.00992646 -2.93424e-06 0.00482585 0.00642364 -0.00650995
internal_weight=126877 12287.7 114589 1111.09 246.021 865.073 483.43 113478 1321.58 405.38 112157 2507.3 2201.35 305.948
internal_count=449448 48941 400507 6423 2148 4275 3776 394084 5927 1904 388157 10724 9446 1278
is_linear=0
shrinkage=0.035


Tree=310
num_leaves=15
num_cat=1
split_feature=53 53 49 58 12 51 0 57 9 1 1 57 1 14
split_gain=9973.58 62.2123 27.3973 17.9387 17.2118 17.2856 54.8397 31.2609 27.6682 61.9369 27.484 46.1189 30.429 33.6287
threshold=0.71825396825396837 0.85912698412698429 0.55277777777777792 10.157999351365289 1.8345429119556795 0.3331428369891215 0 1.5670083854119952 1.0953575390987298 14.500000000000002 10.500000000000002 0.084027131293982052 19.500000000000004 1.0239625556666898
decision_type=2 2 2 2 2 2 1 2 2 2 2 2 2 2
left_child=2 3 4 -2 5 8 7 10 -1 -10 11 -7 -12 -14
right_child=1 -3 -4 -5 -6 6 -8 -9 9 -11 12 -13 13 -15
leaf_value=-1.7780292233812029e-06 -7.3176673251812672e-07 -7.1711513894607614e-07 -1.2728977771593122e-05 -7.3176673251812672e-07 0.0012682654039396946 9.7921141007545145e-05 -0.00032933529052603253 -0.00087211447690864431 -1.6612584629081867e-05 0.00098040102053583529 0.0020643185543235501 -0.00056694092520832135 0.00050443167887337132 -0.00043595607299308172
leaf_weight=104719.56186510506 405.54353267070837 11804.306250594091 605.61598310107365 77.886287838220596 293.78209443972446 484.94485047459602 1900.3511902103201 1122.7590572116897 1691.3131356844679 1275.5133207652252 643.61353485193104 746.22279450297356 691.1860560933128 414.62164222449064
leaf_count=352062 3657 45165 3445 119 1192 1668 12911 4267 9012 6604 2379 2985 2548 1434
internal_value=-0.00331372 -0.033267 -9.91228e-05 -0.0202104 -5.93468e-05 -8.15707e-05 -0.00190773 0.000378827 2.04087e-05 0.00334774 0.00225443 -0.00174425 0.00506246 0.00150899
internal_weight=126877 12287.7 114589 483.43 113984 113690 6003.7 4103.35 107686 2966.83 2980.59 1231.17 1749.42 1105.81
internal_count=449448 48941 400507 3776 397062 395870 28192 15281 367678 15616 11014 4653 6361 3982
cat_boundaries=0 1
cat_threshold=67246208
is_linear=0
shrinkage=0.035


Tree=311
num_leaves=15
num_cat=1
split_feature=53 53 49 58 64 41 46 11 57 57 58 0 1 51
split_gain=9976.34 62.2123 26.8274 17.9387 16.8766 31.4925 27.2244 17.2772 27.439 48.7344 52.1556 52.06 43.2689 35.2259
threshold=0.71825396825396837 0.85912698412698429 0.55277777777777792 10.157999351365289 -0.90208333333333313 26.550000000000004 -2.4000000000000004 0.99933194753345889 0.24696342784683112 0.18963369556468537 10.756870905622581 0 5.5000000000000009 0.35449389929541164
decision_type=2 2 2 2 2 2 2 2 2 2 2 1 2 2
left_child=2 3 4 -2 6 7 -1 8 9 10 -6 -11 -10 -14
right_child=1 -3 -4 -5 5 -7 -8 -9 12 11 -12 -13 13 -15
leaf_value=-8.0284474913829446e-05 -7.0615489687999225e-07 -6.9201610908296348e-07 -1.2283463549587362e-05 -7.0615489687999225e-07 -8.5544297624825165e-06 -0.0036804694815449281 0.0022383581500370099 7.0218238792903681e-06 -0.0010681205574448844 0.0006776608459234312 2.2777441739462872e-05 0.0001053376635647152 -7.4713411158491288e-05 -0.00091092288523824685
leaf_weight=102.92467872798443 405.54353267070837 11804.306250594091 605.61598310107365 77.886287838220596 5228.2029615070205 66.228801101446152 232.4278030693531 63383.28689651913 188.09063990693539 371.21129824710079 1557.7440693676472 768.4798033060506 40583.745528427418 1501.5270613837056
leaf_count=454 3657 45165 3445 119 18896 324 1134 216854 669 1014 2308 2655 145822 6932
internal_value=-0.00330957 -0.033267 -9.45378e-05 -0.0202104 -5.5178e-05 -7.86469e-05 0.00767023 -6.35483e-05 -0.000548543 0.00134013 0.000210848 0.00800376 -0.000902875 -0.00082586
internal_weight=126877 12287.7 114589 483.43 113984 113649 335.352 113582 50199 7925.64 6785.95 1139.69 42273.4 42085.3
internal_count=449448 48941 400507 3776 397062 395474 1588 395150 178296 24873 21204 3669 153423 152754
cat_boundaries=0 2
cat_threshold=67112960 262144
is_linear=0
shrinkage=0.035


Tree=312
num_leaves=15
num_cat=0
split_feature=53 53 49 58 41 12 9 9 1 57 6 52 13 57
split_gain=9980.21 62.2123 24.3694 17.9387 17.6729 17.1791 29.596 25.3068 31.3305 27.0144 31.83 23.9157 23.4478 33.9246
threshold=0.71825396825396837 0.85912698412698429 0.55277777777777792 10.157999351365289 29.000000000000004 1.5498560918691615 1.2478017098865986 1.0727240215409906 14.500000000000002 1.143561007776553 6.8969188034112117 0.50589975635224504 0.95079627147310053 1.8259023086721693
decision_type=2 2 2 2 2 2 2 2 2 2 2 2 2 2
left_child=2 3 4 -2 5 6 7 12 -9 10 -10 -8 13 -1
right_child=1 -3 -4 -5 -6 -7 11 8 9 -11 -12 -13 -14 -15
leaf_value=-5.0870173262960876e-05 -6.8143947548919244e-07 -6.6779554526505982e-07 -1.1853542325351805e-05 -6.8143947548919244e-07 -0.0026597561476630728 0.00065698111925212473 0.0045858934510955322 -1.6789413176444793e-07 9.5844090565619104e-05 0.0012364061971953844 -0.001338977909638322 -0.00061863022933657448 -2.022669282687711e-06 -0.0034512540192230415
leaf_weight=1452.2105415461119 405.54353267070837 11804.306250594091 605.61598310107365 77.886287838220596 82.78600137680769 716.97286701900885 44.588691556593403 3485.1329121759627 770.25415705703199 1782.9198233867064 66.785143107175827 733.19131872709841 104539.13081673323 309.89726887806319
leaf_count=7292 3657 45165 3445 119 405 2590 293 17301 3853 8861 123 3526 351253 1565
internal_value=-0.00330375 -0.033267 -8.80936e-05 -0.0202104 -5.05804e-05 -3.81389e-05 -7.25795e-05 -2.51989e-05 0.00216428 0.00504822 -0.000141676 -0.00683287 -0.000151137 -0.00414345
internal_weight=126877 12287.7 114589 483.43 113984 113901 113184 112406 6105.09 2619.96 837.039 777.78 106301 1762.11
internal_count=449448 48941 400507 3776 397062 396657 394067 390248 30138 12837 3976 3819 360110 8857
is_linear=0
shrinkage=0.035


Tree=313
num_leaves=15
num_cat=0
split_feature=53 53 49 51 13 11 58 10 57 13 12 52 14 52
split_gain=9981.38 62.2123 23.2655 19.8338 26.1764 24.5755 17.9387 17.3619 31.1674 26.8382 28.024 27.2003 35.119 26.1317
threshold=0.71825396825396837 0.85912698412698429 0.42222222222222228 0.23657561647537231 1.0310601874980676 1.0708072692913775 10.157999351365289 1.009310124759079 0.016741381171786123 1.0133461813763085 1.0146691354105555 0.15835013440860221 1.0429066411824164 0.22767515551980158
decision_type=2 2 2 2 2 2 2 2 2 2 2 2 2 2
left_child=2 6 7 5 -5 -4 -2 9 -9 10 13 12 -12 -1
right_child=1 -3 3 4 -6 -7 -8 8 -10 -11 11 -13 -14 -15
leaf_value=9.2947684143922367e-06 -6.5758909384707074e-07 -6.4442270118078267e-07 4.057115946066369e-06 -1.6206517905444635e-05 0.00034381610234415094 -1.3696898768566279e-05 -6.5758909384707074e-07 1.3665131858966734e-05 -7.626345517007028e-05 5.5189398620317361e-05 0.00023848566479071079 4.3922176869134482e-05 0.0030621168425203219 -2.898058885141789e-05
leaf_weight=28093.464746951126 405.54353267070837 11804.306250594091 499.17760451650247 209.04664956219494 36.974500394193456 365.8950039613992 77.886287838220596 1797.0563573522959 27294.688055617735 10233.783443941735 616.55307099130005 10609.570815159706 181.67243976891041 34651.602836447768
leaf_count=69069 3657 45165 2812 1718 430 1463 119 5407 106155 31393 1373 45627 462 134598
internal_value=-0.003302 -0.033267 -8.61493e-05 -0.00510343 -0.0136722 -0.00253812 -0.0202104 -3.65786e-05 -0.000773757 0.000217621 -1.43563e-05 0.00158058 0.00777109 -0.000304541
internal_weight=126877 12287.7 114589 1111.09 246.021 865.073 483.43 113478 29091.7 84386.6 74152.9 11407.8 798.226 62745.1
internal_count=449448 48941 400507 6423 2148 4275 3776 394084 111562 282522 251129 47462 1835 203667
is_linear=0
shrinkage=0.035


Tree=314
num_leaves=15
num_cat=1
split_feature=53 53 57 31 14 0 28 57 57 57 57 1 6 58
split_gain=9986.54 62.2123 21.94 24.5749 24.6379 22.9827 23.0487 21.9349 70.1897 66.4719 61.3136 58.894 117.207 83.9061
threshold=0.71825396825396837 0.85912698412698429 0.0041866128198448449 1.0000000180025095e-35 1.0429066411824164 0 25.500000000000004 0.27691161016551036 0.19945775721661926 0.14307512925434676 0.1313701521895769 21.500000000000004 6.8337660417311907 10.521519319281952
decision_type=2 2 2 2 2 1 2 2 2 2 2 2 2 2
left_child=2 -2 3 4 5 6 -1 8 9 10 -4 -9 13 -13
right_child=1 -3 7 -5 -6 -7 -8 11 -10 -11 -12 12 -14 -15
leaf_value=1.878679171014523e-05 -6.3457347556242326e-07 -6.2186790663945532e-07 4.1416337327252265e-06 -5.4409093482853105e-05 -1.0657460129110989e-05 -7.1762781353938375e-06 -2.5178511455630374e-06 2.0324478210609342e-06 0.00025790093736546713 -0.00012125313137369019 0.0001294630703411874 -0.00036318650470936359 -0.0010868405442769949 0.00028820003801123734
leaf_weight=843.17971532791853 483.42982050892897 11804.306250594091 11311.032386099454 108.71943533420563 1505.1384006405715 1445.3835907615721 1170.5895592593588 84715.023017982719 3085.4012470627204 3707.687300855061 1440.9636462952476 3570.0561524273362 520.37869947683066 1165.9323731418699
leaf_count=3343 3776 45165 39411 384 4195 5380 4463 299554 9630 11001 3186 17208 844 1908
internal_value=-0.00329426 -0.033267 -7.75784e-05 -0.00232546 -0.00194497 -0.000313815 0.00209676 2.67508e-05 0.00108919 0.000179742 0.00137938 -0.000204144 -0.00379545 -0.00204354
internal_weight=126877 12287.7 114589 5073.01 4964.29 3459.15 2013.77 109516 19545.1 16459.7 12752 89971.4 5256.37 4735.99
internal_count=449448 48941 400507 17765 17381 13186 7806 382742 63228 53598 42597 319514 19960 19116
cat_boundaries=0 2
cat_threshold=335548418 262144
is_linear=0
shrinkage=0.035


Tree=315
num_leaves=15
num_cat=1
split_feature=53 53 57 31 14 10 57 9 57 1 59 1 0 60
split_gain=9988.41 62.2123 21.1042 22.0699 22.4832 21.8466 28.4936 27.1094 43.9943 55.8732 49.4817 68.2077 48.63 58.4449
threshold=0.71825396825396837 0.85912698412698429 0.0041866128198448449 1.0000000180025095e-35 1.0429066411824164 1.009310124759079 0.016741381171786123 0.986597351708978 0.23109167196932104 7.5000000000000009 -0.22611359161738873 17.500000000000004 0 -0.86092912513210462
decision_type=2 2 2 2 2 2 2 2 2 2 2 2 1 2
left_child=2 -2 3 4 -1 7 -7 8 -4 12 11 -11 13 -10
right_child=1 -3 5 -5 -6 6 -8 -9 9 10 -12 -13 -14 -15
leaf_value=-7.5094487489199962e-07 -6.1236340391773846e-07 -6.0010252990707429e-07 3.1541570322985631e-05 -5.2504775210953248e-05 -1.0284449024592109e-05 1.7367292648952094e-05 -7.2921020766833188e-05 2.9589206822987492e-05 0.001357874599668444 0.00059759059582907396 -0.00023551499158388836 -0.00048002937884582492 -0.00090946858312845641 -0.00043717800233714635
leaf_weight=3459.1528653488494 483.42982050892897 11804.306250594091 3468.7313720721286 108.71943533420563 1505.1384006405715 1157.200529650785 27297.077655654633 58763.466982088285 252.78744118660688 4025.9073023763485 11111.183978462126 1263.7237514853477 1738.4069085523952 437.98890181258321
leaf_count=13186 3776 45165 12123 384 4195 3524 106256 192153 805 12613 43538 4039 5945 1746
internal_value=-0.00329145 -0.033267 -7.44702e-05 -0.00227912 -0.00191837 2.78523e-05 -0.000806343 0.000320733 -0.00071809 -0.00138553 -0.000650059 0.00213364 -0.00632811 0.00155103
internal_weight=126877 12287.7 114589 5073.01 4964.29 109516 28454.3 81062.2 22298.7 18830 16400.8 5289.63 2429.18 690.776
internal_count=449448 48941 400507 17765 17381 382742 109780 272962 80809 68686 60190 16652 8496 2551
cat_boundaries=0 1
cat_threshold=335675392
is_linear=0
shrinkage=0.035


Tree=316
num_leaves=15
num_cat=1
split_feature=53 53 57 31 14 0 28 10 13 2 1 1 47 1
split_gain=9987.74 62.2123 20.7205 21.6256 22.0414 21.3134 21.0023 20.5024 26.8604 35.9932 39.8823 61.6299 39.6582 36.9517
threshold=0.71825396825396837 0.85912698412698429 0.0041866128198448449 1.0000000180025095e-35 1.0429066411824164 0 25.500000000000004 1.009310124759079 1.0039624384260495 3.5000000000000004 14.500000000000002 16.500000000000004 0.045466029675226248 15.500000000000002
decision_type=2 2 2 2 2 1 2 2 2 2 2 2 2 2
left_child=2 -2 3 4 5 6 -1 8 -4 12 -11 13 -10 -12
right_child=1 -3 7 -5 -6 -7 -8 -9 9 10 11 -13 -14 -15
leaf_value=1.8155537070911376e-05 -5.9093068478061768e-07 -5.7909894136032672e-07 -3.4176865216132853e-06 -5.0667108078569885e-05 -9.9244933087313819e-06 -6.8988253300338331e-06 -2.4034432848471079e-06 -3.1620341864723181e-05 0.00072809906944937503 2.914321999302526e-05 0.00087916039559976413 0.00019684326324584218 1.0391408462324879e-05 0.0028883498897681339
leaf_weight=843.17971532791853 483.42982050892897 11804.306250594091 59519.482609220548 108.71943533420563 1505.1384006405715 1445.3835907615721 1170.5895592593588 28454.278185305418 448.13892770931125 2495.6524495768826 404.67979036644101 1660.8568249491509 16049.981789022684 483.40424719080329
leaf_count=3343 3776 45165 209581 384 4195 5380 4463 109780 771 7428 1129 4772 47996 1285
internal_value=-0.00329246 -0.033267 -7.55845e-05 -0.00226011 -0.00190299 -0.000359988 0.00196193 2.58038e-05 0.000309532 0.00136822 0.00395237 0.00702284 0.000576152 0.0144138
internal_weight=126877 12287.7 114589 5073.01 4964.29 3459.15 2013.77 109516 81062.2 21542.7 5044.59 2548.94 16498.1 888.084
internal_count=449448 48941 400507 17765 17381 13186 7806 382742 272962 63381 14614 7186 48767 2414
cat_boundaries=0 2
cat_threshold=335548418 262144
is_linear=0
shrinkage=0.035


Tree=317
num_leaves=15
num_cat=1
split_feature=53 53 57 31 14 0 57 57 57 57 1 1 57 60
split_gain=9989.66 62.2123 20.5703 20.8379 21.4593 20.3961 19.8021 68.0354 61.7961 57.6817 56.3014 52.6809 115.91 85.6663
threshold=0.71825396825396837 0.85912698412698429 0.0041866128198448449 1.0000000180025095e-35 1.0429066411824164 0 0.27691161016551036 0.19945775721661926 0.14307512925434676 0.1313701521895769 5.5000000000000009 21.500000000000004 0.42610336992466463 -0.57022117041332276
decision_type=2 2 2 2 2 1 2 2 2 2 2 2 2 2
left_child=2 -2 3 4 5 -1 7 8 9 -4 -8 -12 -13 -14
right_child=1 -3 6 -5 -6 -7 10 -9 -10 -11 11 12 13 -15
leaf_value=4.9403750826699406e-06 -5.7024811081329604e-07 -5.5883047841271529e-07 3.4689230040383866e-06 -4.8893759295819938e-05 -9.5771360429257802e-06 -6.657366443482649e-06 -0.0013080885564464057 0.00025025920193145606 -0.00011714046298010138 0.00012401585966869815 8.1997684402002069e-06 -2.9682356823443614e-05 -0.0016618622842496191 -0.00040534851935028487
leaf_weight=2013.7692745872773 483.42982050892897 11804.306250594091 11311.032386099454 108.71943533420563 1505.1384006405715 1445.3835907615721 210.06629548664205 3085.4012470627204 3707.687300855061 1440.9636462952476 84504.956722496077 3861.7521558995359 693.8663959952537 700.7486731512472
leaf_count=7806 3776 45165 39411 384 4195 5380 753 9630 11001 3186 298801 13594 3037 3329
internal_value=-0.00328958 -0.033267 -7.24013e-05 -0.00224899 -0.00189837 -0.000375812 2.86185e-05 0.00103808 0.000142723 0.00129942 -0.000190764 -0.000147398 -0.00354374 -0.0121535
internal_weight=126877 12287.7 114589 5073.01 4964.29 3459.15 109516 19545.1 16459.7 12752 89971.4 89761.3 5256.37 1394.62
internal_count=449448 48941 400507 17765 17381 13186 382742 63228 53598 42597 319514 318761 19960 6366
cat_boundaries=0 2
cat_threshold=335548418 262144
is_linear=0
shrinkage=0.035


Tree=318
num_leaves=15
num_cat=0
split_feature=53 53 49 58 11 58 1 23 47 51 7 2 1 59
split_gain=9989.88 62.2123 19.4807 17.9387 17.5027 28.6387 60.9589 34.7728 29.2381 28.8961 27.0609 26.6107 31.1768 33.0526
threshold=0.71825396825396837 0.85912698412698429 0.57536764705882371 10.157999351365289 1.010187190631062 10.90395333873701 10.500000000000002 1.0000000180025095e-35 0.071364044393667392 0.097437538986834785 1.00007184940365 3.5000000000000004 17.500000000000004 0.34156760613242348
decision_type=2 2 2 2 2 2 2 2 2 2 2 2 2 2
left_child=2 3 4 -2 10 9 -7 -8 -9 -6 -1 -12 -13 -14
right_child=1 -3 -4 -5 5 6 7 8 -10 -11 11 12 13 -15
leaf_value=8.7813928930039623e-07 -5.5028942693483069e-07 -5.3927141166827026e-07 -1.0312854806501628e-05 -5.5028942693483069e-07 3.6920287461024716e-05 2.4244260447730122e-05 -0.00035756631395087005 0.00034183878961273952 -0.0002036709614094906 8.0758375374800906e-06 -3.2690384632638741e-05 -8.756136215035026e-05 -0.0011498368382626158 -0.00014016939316949362
leaf_weight=50239.165498214774 405.54353267070837 11804.306250594091 564.44880106160417 77.886287838220596 6587.1307413587347 1114.7232147455215 1372.8098712563515 277.62378895282745 657.25085544586182 35224.823247333989 12571.264295957983 4124.908015758032 1128.5415129722096 726.79568160697818
leaf_count=180736 3657 45165 3240 119 20307 1267 1724 257 818 139643 31432 14749 2940 3394
internal_value=-0.00328925 -0.033267 -7.20307e-05 -0.0202104 -3.96377e-05 0.000495049 -0.00257856 -0.00581703 -0.000596501 0.000747187 -0.00039125 -0.00153323 -0.00345314 -0.00720948
internal_weight=126877 12287.7 114589 483.43 114025 45234.4 3422.41 2307.68 934.875 41812 68790.7 18551.5 5980.25 1855.34
internal_count=449448 48941 400507 3776 397267 164016 4066 2799 1075 159950 233251 52515 21083 6334
is_linear=0
shrinkage=0.035


Tree=319
num_leaves=15
num_cat=0
split_feature=53 53 57 64 57 57 57 57 57 59 62 59 1 61
split_gain=9990.51 62.2123 22.2535 19.5922 33.7776 57.8317 74.7335 62.638 46.9755 42.0173 41.851 69.6394 60.7027 92.0434
threshold=0.71825396825396837 0.85912698412698429 0.0041866128198448449 -0.027083333333333338 0.28850495030436185 0.18963369556468537 0.14307512925434676 0.1313701521895769 0.23109167196932104 0.87379901192678244 3.1854166666666672 0.39753913293121995 17.500000000000004 21.902083333333341
decision_type=2 2 2 2 2 2 2 2 2 2 2 2 2 2
left_child=2 -2 -1 -4 5 6 7 -5 -7 -8 -6 -12 -13 -14
right_child=1 -3 3 4 10 8 9 -9 -10 -11 11 12 13 -15
leaf_value=-5.1414679766839729e-06 -5.3102929699211153e-07 -5.2039691225988087e-07 3.2440624211934333e-05 4.3333149242123698e-06 -0.00012315112043182808 0.00034338716870878366 -0.00020585274194962952 0.0001407149880014709 6.5748013582932476e-05 0.00015910127962123988 0.00051466542035129021 -0.00036382219603808835 -0.00012421642483716357 0.0020966536085452584
leaf_weight=5073.0107013236266 483.42982050892897 11804.306250594091 30666.728692512028 7856.1653255103156 51724.899359475588 1416.1646410846151 1773.0514261927456 1045.0042384595145 1392.3600267013535 421.26991193369031 5715.3489894242957 5515.2600086880848 1358.5442042909563 631.67799906805158
leaf_count=17765 3776 45165 120031 25759 173258 4108 4673 2177 4132 1467 18355 21258 4968 2556
internal_value=-0.0032883 -0.033267 -7.09862e-05 3.4085e-05 -0.000257867 0.00130716 0.000169739 0.00159694 0.00578417 -0.00560063 -0.000593069 0.0011637 -0.0010528 0.00417346
internal_weight=126877 12287.7 114589 109516 78849.7 13904 11095.5 8901.17 2808.52 2194.32 64945.7 13220.8 7505.48 1990.22
internal_count=449448 48941 400507 382742 262711 42316 34076 27936 8240 6140 220395 47137 28782 7524
is_linear=0
shrinkage=0.035


Tree=320
num_leaves=15
num_cat=1
split_feature=53 53 57 43 45 62 39 40 1 64 63 45 46 0
split_gain=9993.49 62.2123 20.5632 19.6239 51.8828 37.7078 51.0131 30.3719 31.7495 31.9781 23.5474 22.4142 58.4268 26.7252
threshold=0.71825396825396837 0.85912698412698429 0.0041866128198448449 1.0000000180025095e-35 5.5300000000000002 1.2562500000000016 15.250000000000002 3.8500000000000019 7.5000000000000009 -0.20208333333333314 0.86875000000000024 0.45500000000000013 1.7 0
decision_type=2 2 2 2 2 2 2 2 2 2 2 2 2 1
left_child=2 -2 -1 4 7 6 -5 10 -9 -10 -4 13 -13 -7
right_child=1 -3 3 5 -6 11 -8 8 9 -11 -12 12 -14 -15
leaf_value=-4.9615165975000338e-06 -5.1244327159738768e-07 -5.0218302033078496e-07 -1.6910167743477285e-07 0.00038596305247808331 -0.0026569466107609712 0.00088127654952156916 -0.0001093390445045961 0.00025093892535771464 0.0014599769537575094 -0.0017198160127785724 0.000630784082582647 0.0002288697426780606 -0.0021985727359888222 -0.00052271606260451543
leaf_weight=5073.0107013236266 483.42982050892897 11804.306250594091 103845.46185106458 2619.5784340500832 175.45810087770224 132.17100143432617 678.66222647950053 181.90022845566273 118.3636005744338 657.01560464128852 550.81737589091063 172.5802001953125 150.68860033899546 233.77759933844209
leaf_count=17765 3776 45165 363899 6870 567 333 2132 665 612 3195 3020 432 387 630
internal_value=-0.00328383 -0.033267 -6.60286e-05 3.49732e-05 -5.62031e-05 0.00244208 0.00399782 -2.36418e-05 -0.00619706 -0.0092672 3.35545e-05 -0.00495362 -0.0115214 0.0010003
internal_weight=126877 12287.7 114589 109516 105529 3987.46 3298.24 105354 957.279 775.379 104396 689.217 323.269 365.949
internal_count=449448 48941 400507 382742 371958 10784 9002 371391 4472 3807 366919 1782 819 963
cat_boundaries=0 2
cat_threshold=2050 262144
is_linear=0
shrinkage=0.035


Tree=321
num_leaves=15
num_cat=0
split_feature=53 53 57 58 62 57 60 57 46 60 14 12 13 1
split_gain=9991.91 62.2123 19.0998 19.3102 44.7443 60.6943 53.3824 68.1852 40.6775 35.186 33.2448 33.1243 31.9478 30.9521
threshold=0.71825396825396837 0.85912698412698429 0.0041866128198448449 9.8841183591390234 0.81666666666666743 1.8161337209302331 -0.57022117041332276 1.8967799569578108 -1.3999999999999988 -0.94695267581281539 1.1694833628063137 1.105399762299607 1.0479080661549467 10.500000000000002
decision_type=2 2 2 2 2 2 2 2 2 2 2 2 2 2
left_child=2 -2 -1 4 6 8 7 10 9 -6 -4 -10 13 -5
right_child=1 -3 3 12 5 -7 -8 -9 11 -11 -12 -13 -14 -15
leaf_value=-4.7878635165875323e-06 -4.945077570914791e-07 -4.846066146192075e-07 -0.00017107063047913979 1.9772619427749375e-05 -0.0019579378314652164 -0.00066468697323525459 -1.8720810903073429e-05 0.0023230090604021759 0.00046643608412693998 -4.0712738046750911e-05 -0.00049449439527082903 0.001889172253850533 0.00015604811258096353 -3.3228199437811136e-05
leaf_weight=5073.0107013236266 483.42982050892897 11804.306250594091 3528.0008935278747 30735.546294042841 233.75550768198445 3290.3863148333039 8645.2217510081828 474.89389083744027 5853.0606561673339 974.12092134729028 1868.5529834199697 886.13953724969178 2208.6963510671631 50818.099722158164
leaf_count=17765 3776 45165 27484 73181 1613 24781 55957 3395 42422 6997 12500 5486 5748 123178
internal_value=-0.0032862 -0.033267 -6.86572e-05 2.86847e-05 -0.00080928 0.000848431 -0.00209223 -0.0046646 0.00250287 -0.00339132 -0.00578577 0.00356275 0.000286397 0.000173638
internal_weight=126877 12287.7 114589 109516 25754.1 11237.5 14516.7 5871.45 7947.08 1207.88 5396.55 6739.2 83762.3 81553.6
internal_count=449448 48941 400507 382742 180635 81299 99336 43379 56518 8610 39984 47908 202107 196359
is_linear=0
shrinkage=0.035


Tree=322
num_leaves=15
num_cat=2
split_feature=53 53 49 58 46 57 1 59 0 42 60 40 57 0
split_gain=9993.89 62.2123 18.3494 17.9387 16.908 16.5713 33.8113 30.1622 42.2911 42.2418 32.4288 23.2277 23.0833 22.4233
threshold=0.71825396825396837 0.85912698412698429 0.57536764705882371 10.157999351365289 -8.0499999999999972 2.3297221445190859 15.500000000000002 0.85654306401281499 0 0.6999999999999994 0.86527520261780277 0.20000000000000021 2.4262840894793141 1
decision_type=2 2 2 2 2 2 2 2 1 2 2 2 2 1
left_child=2 3 4 -2 -1 -6 7 8 12 10 -10 -11 -7 -9
right_child=1 -3 -4 -5 5 6 -8 13 9 11 -12 -13 -14 -15
leaf_value=9.606053296744436e-05 -4.7719998559327734e-07 -4.6764538310753524e-07 -9.4307252050970709e-06 -4.7719998559327734e-07 -2.6479289938774466e-06 0.0061688716336567966 -0.0015846934561360394 -0.0050191902757326127 0.0018131037772179505 -0.0033879507416680857 -0.00079172385612982679 0.00032733329070455013 0.0023848279961192656 0.00076497598605004271
leaf_weight=312.1016002446413 405.54353267070837 11804.306250594091 564.44880106160417 77.886287838220596 111970.64630039409 162.54250017926097 360.60987507691607 84.673913866281509 163.43691159039736 104.39016170799732 129.02833373844624 82.385101653635502 511.62284379755147 143.59918135404587
leaf_count=984 3657 45165 3240 119 388732 567 1665 538 382 333 353 253 2535 925
internal_value=-0.00328323 -0.033267 -6.53681e-05 -0.0202104 -3.39301e-05 -5.66074e-05 0.00332072 0.00580697 0.00809957 -1.57713e-05 0.00819591 -0.012638 0.013586 -0.00563072
internal_weight=126877 12287.7 114589 483.43 114025 113713 1742.29 1381.68 1153.41 479.241 292.465 186.775 674.165 228.273
internal_count=449448 48941 400507 3776 397267 396283 7551 5886 4423 1321 735 586 3102 1463
cat_boundaries=0 2 3
cat_threshold=100663296 262144 335544320
is_linear=0
shrinkage=0.035


Tree=323
num_leaves=15
num_cat=1
split_feature=53 53 49 58 41 36 46 64 61 46 57 28 0 46
split_gain=9995.06 62.2123 18.2023 17.9387 16.4144 16.4805 84.8602 48.5187 44.4869 34.5883 50.8012 26.3053 24.6678 23.9284
threshold=0.71825396825396837 0.85912698412698429 0.57536764705882371 10.157999351365289 29.000000000000004 28.750000000000004 2.5499999999999998 -0.0083333333333333436 24.354166666666675 6.2000000000000028 0.88442603758024807 45.500000000000007 0 1.1500000000000006
decision_type=2 2 2 2 2 2 2 2 2 2 2 2 1 2
left_child=2 3 4 -2 5 8 7 -7 -1 10 12 -11 -10 -12
right_child=1 -3 -4 -5 -6 6 -8 -9 9 11 13 -13 -14 -15
leaf_value=-1.9924712161642187e-06 -4.6049798609751263e-07 -4.5127779469877152e-07 -9.1006498229186727e-06 -4.6049798609751263e-07 -0.0025162528547006471 -0.0019051060432880242 -0.0016558625663573236 0.0023119806012602065 -8.7716293453006861e-05 0.00032340287840560534 0.0023878908103657538 -0.0017942525933196676 6.1425587705217258e-05 0.00056238462407457563
leaf_weight=110094.91815884481 405.54353267070837 11804.306250594091 564.44880106160417 77.886287838220596 82.78600137680769 100.20642284303904 916.20050002634525 305.47260036692023 330.69209807366133 152.478899192065 689.56363761052489 153.46879967302084 861.22990652173758 338.01969907432795
leaf_count=380081 3657 45165 3240 119 405 631 4023 1278 1604 648 3029 630 3534 1404
internal_value=-0.00328148 -0.033267 -6.34332e-05 -0.0202104 -3.21216e-05 -2.0137e-05 -0.00389065 0.00928606 2.56345e-05 0.00460929 0.00613088 -0.00627379 0.00119099 0.0117941
internal_weight=126877 12287.7 114589 483.43 114025 113942 1321.88 405.679 112620 2525.45 2219.51 305.948 1191.92 1027.58
internal_count=449448 48941 400507 3776 397267 396862 5932 1909 390930 10849 9571 1278 5138 4433
cat_boundaries=0 1
cat_threshold=268439554
is_linear=0
shrinkage=0.035


Tree=324
num_leaves=15
num_cat=0
split_feature=53 53 58 49 11 58 1 23 51 57 28 11 47 47
split_gain=9995.05 62.2123 17.9387 17.9375 16.4423 27.782 56.0614 32.5651 28.2586 28.2233 32.5928 30.2188 26.3026 26.2641
threshold=0.71825396825396837 0.85912698412698429 10.157999351365289 0.57536764705882371 1.010187190631062 10.90395333873701 10.500000000000002 1.0000000180025095e-35 0.097437538986834785 0.53141131364073613 37.500000000000007 1.0494183009316858 0.071364044393667392 0.048272188516090962
decision_type=2 2 2 2 2 2 2 2 2 2 2 2 2 2
left_child=3 2 -2 4 -1 8 13 -8 9 -6 -11 -12 -9 -7
right_child=1 -3 -4 -5 5 6 7 12 -10 10 11 -13 -14 -15
leaf_value=-1.0690503045976501e-05 -4.443805565840997e-07 -4.3548307188431452e-07 -4.443805565840997e-07 -8.7821270791165168e-06 -2.9071661408678e-06 0.00010641067315157321 -0.0003340877129710174 0.00032907289245073584 7.5551958000835701e-06 0.00019627956679296846 0.0008000425885864316 0.002491710188975981 -0.00019320910053438614 8.5173288673011655e-06
leaf_weight=68790.675004509976 405.54353267070837 11804.306250594091 77.886287838220596 564.44880106160417 1853.0148939797655 241.92328941822052 1372.8098712563515 277.62378895282745 35224.823247333989 2851.8677145242691 1538.4462050730363 343.80192778166384 657.25085544586182 872.79992532730103
leaf_count=233251 3657 45165 119 3240 6665 212 1724 257 139643 7815 4671 1156 818 1055
internal_value=-0.0032815 -0.033267 -0.0202104 -6.34488e-05 -3.23659e-05 0.00048587 -0.00254141 -0.00564695 0.000734209 0.00283651 0.00426738 0.00783043 -0.00059466 0.00388068
internal_weight=126877 12287.7 483.43 114589 114025 45234.4 3422.41 2307.68 41812 6587.13 4734.12 1882.25 934.875 1114.72
internal_count=449448 48941 3776 400507 397267 164016 4066 2799 159950 20307 13642 5827 1075 1267
is_linear=0
shrinkage=0.035


Tree=325
num_leaves=15
num_cat=0
split_feature=53 53 58 49 8 58 9 47 1 1 6 14 36 27
split_gain=9995.19 62.2123 17.9387 17.4524 16.1945 21.7256 16.8195 28.1552 30.2114 41.4798 61.6225 55.6462 46.7945 41.1601
threshold=0.71825396825396837 0.85912698412698429 10.157999351365289 0.57536764705882371 1.0523978771436489 10.756870905622581 1.0357255500065057 0.050666758523647916 14.500000000000002 8.5000000000000018 6.9921463345785382 1.1694833628063137 17.750000000000004 46.500000000000007
decision_type=2 2 2 2 2 2 2 2 2 2 2 2 2 2
left_child=3 2 -2 4 6 -6 -1 -8 9 10 -9 12 -12 -11
right_child=1 -3 -4 -5 5 -7 7 8 -10 13 11 -13 -14 -15
leaf_value=-5.83878651442328e-06 -4.2882723710365618e-07 -4.2024116436836351e-07 -4.2882723710365618e-07 -8.4747526313474414e-06 9.5691824205383158e-05 0.00082685006016024025 0.0015969529026587472 -5.2323383635872075e-06 0.00024810779265293739 0.00038307805167492662 -0.00034878188718360018 0.0046650836544832926 0.0021512298031366528 -0.00061405538676252876
leaf_weight=95495.905190332793 405.54353267070837 11804.306250594091 77.886287838220596 564.44880106160417 1585.9270834454801 162.1441216468811 293.65354728978127 3217.1207043349277 7162.0932079167105 1293.4553755258676 469.55462273024023 285.65802274644375 349.56320021301508 3709.9616474211216
leaf_count=313473 3657 45165 119 3240 9034 269 1175 14393 31813 5658 1607 803 1350 17692
internal_value=-0.00328128 -0.033267 -0.0202104 -6.32051e-05 -3.25452e-05 0.00330065 -8.473e-05 0.000936847 0.00074188 -0.000571087 0.00193812 0.00902976 0.00427321 -0.00273806
internal_weight=126877 12287.7 483.43 114589 114025 1748.07 112277 16781.1 16487.4 9325.31 4321.9 1104.78 819.118 5003.42
internal_count=449448 48941 3776 400507 397267 9303 387964 74491 73316 41503 18153 3760 2957 23350
is_linear=0
shrinkage=0.035


Tree=326
num_leaves=15
num_cat=2
split_feature=53 53 58 49 12 64 46 41 0 57 1 59 0 42
split_gain=9996.61 62.2123 17.9387 17.4659 16.1991 16.2315 28.5728 27.4837 17.2352 16.5767 31.5496 29.3959 39.4897 43.3434
threshold=0.71825396825396837 0.85912698412698429 10.157999351365289 0.57536764705882371 1.8345429119556795 -0.90208333333333313 -1.9999999999999993 26.550000000000004 0 2.3297221445190859 15.500000000000002 0.85654306401281499 1 0.6999999999999994
decision_type=2 2 2 2 2 2 2 2 1 2 2 2 1 2
left_child=3 2 -2 4 5 6 8 9 -1 -7 11 12 -11 -14
right_child=1 -3 -4 -5 -6 7 -8 -9 -10 10 -12 -13 13 -15
leaf_value=-0.00032676772457166726 -4.1381828380502821e-07 -4.0553272361547075e-07 -4.1381828380502821e-07 -8.1781362892502783e-06 0.0011902130148267998 -2.6669532742645832e-06 0.0022890957240448884 -0.0032911549672151345 0.0001419122865239371 0.0032800432124389413 -0.0015285809235441163 -0.0016008477115686806 0.00072335943610522184 -0.0021995893844183947
leaf_weight=52.025522597134113 405.54353267070837 11804.306250594091 77.886287838220596 564.44880106160417 293.78209443972446 111590.65834552818 215.4185139015317 66.228801101446152 68.403534226119518 671.26175506808795 359.99691950716078 228.27309522032738 292.21287865191698 186.77526336163282
leaf_count=235 3657 45165 119 3240 1192 386651 1049 324 304 3078 1653 1463 732 586
internal_value=-0.00327915 -0.033267 -0.0202104 -6.08519e-05 -3.01804e-05 -5.17352e-05 0.00751912 -7.48191e-05 -0.0058324 -6.06826e-05 0.0033208 0.00572534 0.0079943 0.000145673
internal_weight=126877 12287.7 483.43 114589 114025 113731 335.848 113395 120.429 113329 1738.52 1378.52 1150.25 478.988
internal_count=449448 48941 3776 400507 397267 396075 1588 394487 539 394163 7512 5859 4396 1318
cat_boundaries=0 1 3
cat_threshold=268566658 100663296 262144
is_linear=0
shrinkage=0.035


Tree=327
num_leaves=15
num_cat=0
split_feature=53 53 58 49 9 51 57 1 51 12 7 8 9 1
split_gain=9996.36 62.2123 17.9387 17.3703 15.6012 29.047 21.1024 19.0812 17.9996 33.5013 27.9529 20.4347 21.0319 46.6544
threshold=0.71825396825396837 0.85912698412698429 10.157999351365289 0.57536764705882371 0.89619861225554598 0.91106682255889482 1.9168585121959676 9.5000000000000018 0.41281913716529522 1.8345429119556795 0.69818642273906351 1.0523978771436489 1.0727240215409906 14.500000000000002
decision_type=2 2 2 2 2 2 2 2 2 2 2 2 2 2
left_child=3 2 -2 4 -1 8 7 -7 11 10 -10 12 -6 -14
right_child=1 -3 -4 -5 5 6 -8 -9 9 -11 -12 -13 13 -15
leaf_value=-0.00021525228547561117 -3.993346438718522e-07 -3.9133907828892929e-07 -3.993346438718522e-07 -7.8919015191265195e-06 -2.5717644106740163e-06 -0.00022388361341951771 -0.0014672882364101826 0.0019306937735908605 0.00059790285796820916 0.0011485555593078579 -0.00035844757674995445 0.00017982985365633518 -1.1269796804703825e-05 0.00057344766813889592
leaf_weight=3444.5600493452512 405.54353267070837 11804.306250594091 77.886287838220596 564.44880106160417 100128.34912397293 73.038044392131269 94.472501527750865 416.01092571043409 143.33164198719896 283.7954749444034 1756.7388519705273 1579.1148852333426 3523.9309910864104 2581.6942334328778
leaf_count=16734 3657 45165 119 3240 330415 292 339 1552 723 1026 7809 8317 17297 12763
internal_value=-0.00327952 -0.033267 -0.0202104 -6.12631e-05 -3.06756e-05 4.16785e-05 0.00776372 0.0106637 1.18997e-08 -0.00313848 -0.00481866 6.38705e-05 4.93926e-06 0.00199751
internal_weight=126877 12287.7 483.43 114589 114025 110580 583.521 489.049 109997 2183.87 1900.07 107813 106234 6105.63
internal_count=449448 48941 3776 400507 397267 380533 2183 1844 378350 9558 8532 368792 360475 30060
is_linear=0
shrinkage=0.035


Tree=328
num_leaves=15
num_cat=0
split_feature=53 53 58 49 40 1 64 28 40 63 42 46 46 36
split_gain=9995.92 62.2123 17.9387 16.6115 15.4956 34.276 25.6997 25.1752 19.6545 18.3848 20.0523 18.1038 40.48 22.3459
threshold=0.71825396825396837 0.85912698412698429 10.157999351365289 0.57536764705882371 3.8500000000000019 7.5000000000000009 -0.20208333333333314 56.500000000000007 4.2500000000000027 0.86875000000000024 14.450000000000001 1.4000000000000015 -1.9999999999999993 19.850000000000005
decision_type=2 2 2 2 2 2 2 2 2 2 2 2 2 2
left_child=3 2 -2 4 9 8 -7 -8 -6 10 -1 12 -11 -13
right_child=1 -3 -4 -5 5 6 7 -9 -10 11 -12 13 -14 -15
leaf_value=6.3044916056589907e-07 -3.8535793133633737e-07 -3.776422105488168e-07 -3.8535793133633737e-07 -7.615684965957089e-06 -4.5084716074677693e-05 0.0014015691527476872 -0.0020591828906355836 0.00060731403320003405 0.00039913677285666047 -2.712530073142784e-05 -0.00014317558675980835 -0.0053882054723576505 0.0031608656087930669 0.00042784708676270051
leaf_weight=111116.40245944704 405.54353267070837 11804.306250594091 77.886287838220596 564.44880106160417 69.873632907867432 118.3636005744338 556.08420428261161 148.13380013406277 214.32018957287073 168.9734820984304 1223.9360132440925 44.528000347316265 231.58753926306963 132.83380173146725
leaf_count=383793 3657 45165 119 3240 206 612 2727 630 902 859 5242 297 1351 648
internal_value=-0.00328019 -0.033267 -0.0202104 -6.20038e-05 -3.20917e-05 -0.00413463 -0.00773393 -0.0102577 0.00619207 8.48219e-06 -2.38221e-05 0.00618159 0.0102271 -0.00301311
internal_weight=126877 12287.7 483.43 114589 114025 1106.78 822.582 704.218 284.194 112918 112340 577.923 400.561 177.362
internal_count=449448 48941 3776 400507 397267 5077 3969 3357 1108 392190 389035 3155 2210 945
is_linear=0
shrinkage=0.035


Tree=329
num_leaves=15
num_cat=0
split_feature=53 53 58 49 40 1 64 28 25 41 62 40 63 42
split_gain=9995.12 62.2123 17.9387 16.4177 16.3356 27.5168 24.7956 23.3957 17.2309 17.0176 22.8455 16.8542 16.1963 17.968
threshold=0.71825396825396837 0.85912698412698429 10.157999351365289 0.57536764705882371 3.8500000000000019 7.5000000000000009 -0.20208333333333314 56.500000000000007 1.0000000180025095e-35 6.650000000000003 -0.6104166666666665 4.2500000000000027 0.86875000000000024 14.450000000000001
decision_type=2 2 2 2 2 2 2 2 2 2 2 2 2 2
left_child=3 2 -2 4 12 11 -7 9 -9 -8 -11 -6 13 -1
right_child=1 -3 -4 -5 5 6 7 8 -10 10 -12 -13 -14 -15
leaf_value=6.0838343994590322e-07 -3.7187040373956558e-07 -3.6442473317960819e-07 -3.7187040373956558e-07 -7.3491359921485905e-06 -4.3506751012063973e-05 0.0013525142324015216 -0.00030358541662447005 0.0031163982959089469 -0.0014034888240141543 -0.00045465736084616574 -0.0040594643569034118 0.00038516698580667727 0.00040225127458758331 -0.00013816444122321527
leaf_weight=111116.40245944704 405.54353267070837 11804.306250594091 77.886287838220596 564.44880106160417 69.873632907867432 118.3636005744338 153.45450101792812 90.259399853646755 57.874400280416012 152.0356016382575 250.59410162642598 214.32018957287073 577.92282344028354 1223.9360132440925
leaf_count=383793 3657 45165 119 3240 206 612 612 405 225 711 1404 902 3155 5242
internal_value=-0.00328139 -0.033267 -0.0202104 -6.33344e-05 -3.3597e-05 -0.00424586 -0.00746804 -0.00994779 0.00229279 -0.0131914 -0.0169008 0.00501738 8.06205e-06 -2.22586e-05
internal_weight=126877 12287.7 483.43 114589 114025 1106.78 822.582 704.218 148.134 556.084 402.63 284.194 112918 112340
internal_count=449448 48941 3776 400507 397267 5077 3969 3357 630 2727 2115 1108 392190 389035
is_linear=0
shrinkage=0.035


Tree=330
num_leaves=15
num_cat=1
split_feature=53 53 58 46 1 0 59 46 23 57 46 6 15 57
split_gain=9996.15 62.2123 17.9387 16.3962 17.2437 44.3412 49.7047 43.8767 29.9165 31.7622 29.677 28.5532 26.3516 26.3314
threshold=0.71825396825396837 0.85912698412698429 10.157999351365289 -8.0499999999999972 3.5000000000000004 0 0.78829775591774598 -2.5000000000000004 1.0000000180025095e-35 0.043415270743748381 -0.70000000000000184 5.0606825294680986 1.0000000180025095e-35 0.27691161016551036
decision_type=2 2 2 2 2 1 2 2 2 2 2 2 2 2
left_child=3 2 -2 -1 5 6 8 11 -5 -10 12 -8 -7 -6
right_child=1 -3 -4 4 13 10 7 -9 9 -11 -12 -13 -14 -15
leaf_value=9.5252832441757875e-05 -3.5885493960868077e-07 -3.5166986751832193e-07 -3.5885493960868077e-07 -2.2814184293887993e-05 9.5588589876043238e-06 -1.0998845180527431e-05 9.7735508381401618e-05 -5.6984089421657188e-05 -9.8119400362605973e-06 0.00013132044088333601 1.2753213454587261e-05 -0.00038204176081223039 -2.12003353776025e-05 -2.1877418899508286e-05
leaf_weight=315.69954194873571 405.54353267070837 11804.306250594091 77.886287838220596 2130.7203542795032 15012.627509660088 2844.6766145802103 994.04550915956497 161.54024431109428 595.61792592704296 475.7474759966135 530.36126001551747 69.104737021028996 1602.1869244761765 89857.15742728929
leaf_count=1018 3657 45165 119 5981 50948 10759 3377 536 1379 1009 1216 168 5059 319057
internal_value=-0.00327985 -0.033267 -0.0202104 -6.16206e-05 -8.39636e-05 -0.00151889 0.0010299 0.00699883 -0.00126449 0.0034856 -0.00377781 0.00958174 -0.00471882 4.48433e-05
internal_weight=126877 12287.7 483.43 114589 114274 9404 4426.78 1224.69 3202.09 1071.37 4977.22 1063.15 4446.86 104870
internal_count=449448 48941 3776 400507 399489 29484 12450 4081 8369 2388 17034 3545 15818 370005
cat_boundaries=0 1
cat_threshold=67240064
is_linear=0
shrinkage=0.035


Tree=331
num_leaves=15
num_cat=1
split_feature=53 53 58 49 7 6 9 1 57 54 57 0 51 10
split_gain=9997.72 62.2123 17.9387 16.2001 15.4706 21.4827 16.9594 21.6448 29.4545 26.6112 21.7444 20.8006 18.2784 17.8757
threshold=0.71825396825396837 0.85912698412698429 10.157999351365289 0.57536764705882371 1.1827761478181951 4.2298130558934153 0.9263478001552552 18.500000000000004 0.36161147247275599 7.5000000000000009 0.34918012052730624 0 1.0270234180041347 1.009310124759079
decision_type=2 2 2 2 2 2 2 2 2 2 2 1 2 2
left_child=3 2 -2 4 6 -6 7 9 -9 10 -1 -11 13 -8
right_child=1 -3 -4 -5 5 -7 12 8 -10 11 -12 -13 -14 -15
leaf_value=0.00016852748835467031 -3.4629501672237691e-07 -3.3936142215518063e-07 -3.4629501672237691e-07 -6.816245378129885e-06 -0.00012645392309743153 0.00062612345297549676 5.9869910666714803e-06 4.4574567092649516e-05 -0.0012117691348185818 0.00026659476475139225 -0.0021100113231891007 -0.0001134412314703555 0.0018658207960035125 -2.1226908931263334e-05
leaf_weight=107.12782541569322 405.54353267070837 11804.306250594091 77.886287838220596 564.44880106160417 233.6362283648923 1374.2933352161199 79060.9890448472 542.01775994151831 1009.9360440634191 1732.3115924671292 416.1285604685545 2198.1479815917555 189.01120458240621 27161.437146644574
leaf_count=631 3657 45165 119 3240 1591 6818 258565 1842 4984 6565 2788 10465 882 102136
internal_value=-0.00327749 -0.033267 -0.0202104 -5.90104e-05 -2.94712e-05 0.00336866 -7.83708e-05 -0.00188633 -0.00543172 -0.000641497 -0.00797842 0.000353026 2.38351e-05 3.98044e-06
internal_weight=126877 12287.7 483.43 114589 114025 1607.93 112417 6005.67 1551.95 4453.72 523.256 3930.46 106411 106222
internal_count=449448 48941 3776 400507 397267 8409 388858 27275 6826 20449 3419 17030 361583 360701
cat_boundaries=0 1
cat_threshold=67111040
is_linear=0
shrinkage=0.035


Tree=332
num_leaves=15
num_cat=0
split_feature=53 53 58 49 36 46 64 61 57 64 6 62 59 9
split_gain=9998.34 62.2123 17.9387 16.1145 15.3425 79.9781 45.5136 43.6473 60.2565 18.1835 32.7612 31.2422 58.423 49.5319
threshold=0.71825396825396837 0.85912698412698429 10.157999351365289 0.57536764705882371 28.750000000000004 2.5499999999999998 -0.0083333333333333436 27.193750000000005 0.043415270743748381 -0.027083333333333338 7.6147842215101331 3.1854166666666672 0.39753913293121995 0.99957353791143544
decision_type=2 2 2 2 2 2 2 2 2 2 2 2 2 2
left_child=3 2 -2 4 7 6 -6 9 -9 10 -1 -11 13 -13
right_child=1 -3 -4 -5 5 -7 -8 8 -10 11 -12 12 -14 -15
leaf_value=4.5880305623115675e-07 -3.3417469113709372e-07 -3.2748377237974932e-07 -3.3417469113709372e-07 -6.5776767898953394e-06 -0.0018460407759570787 -0.0016176646559058528 0.0021961692005772471 -5.7760577083789225e-05 0.0016525097000857172 -1.2392595329772861e-05 0.00028315859982731676 -2.6531158350129317e-06 -0.00010783982981579789 0.00082435067117169315
leaf_weight=23670.262831155444 405.54353267070837 11804.306250594091 77.886287838220596 564.44880106160417 100.20642284303904 916.20050002634525 305.47260036692023 97.954778078943491 352.48438496515155 68020.974432003219 8083.5265737138689 2269.9354443978518 6762.6052110260352 3445.4135450264439
leaf_count=106281 3657 45165 119 3240 631 4023 1278 420 1520 221459 17452 7120 25848 11235
internal_value=-0.00327656 -0.033267 -0.0202104 -5.79819e-05 -2.85209e-05 -0.00376302 0.00902887 1.56106e-05 0.0107696 -2.84979e-05 0.000680635 -0.000308274 0.00130094 0.00390287
internal_weight=126877 12287.7 483.43 114589 114025 1321.88 405.679 112703 450.439 112253 31753.8 80498.9 12478 5715.35
internal_count=449448 48941 3776 400507 397267 5932 1909 391335 1940 389395 123733 265662 44203 18355
is_linear=0
shrinkage=0.035


Tree=333
num_leaves=15
num_cat=0
split_feature=53 53 58 49 11 57 6 11 47 15 36 59 14 57
split_gain=9999.39 62.2123 17.9387 15.7434 15.3276 26.6759 36.0926 61.9887 30.299 41.6368 38.1011 35.9589 35.1621 33.3541
threshold=0.71825396825396837 0.85912698412698429 10.157999351365289 0.57536764705882371 0.9953765851692965 2.2665545039772081 8.0481575277846371 1.0506581689935952 0.045466029675226248 1.0000000180025095e-35 -4.1499999999999995 -0.14153898451656957 1.1228774058946247 1.6591989981469972
decision_type=2 2 2 2 2 2 2 2 2 2 2 2 2 2
left_child=3 2 -2 4 -1 6 -6 8 12 10 -10 -12 13 -8
right_child=1 -3 -4 -5 5 -7 7 -9 9 -11 11 -13 -14 -15
leaf_value=-1.6431683833174876e-05 -3.2247857694729543e-07 -3.1602184034645807e-07 -3.2247857694729543e-07 -6.3474581022490028e-06 8.6239816768430019e-06 0.00082559132781379952 0.00091827654399910595 0.0024377482682195108 -0.00081783438292611251 -0.00067332287667694172 0.0003169053998589344 -0.00032282678057679706 0.0023545473722779717 -0.00068494525605739551
leaf_weight=43603.273364328779 405.54353267070837 11804.306250594091 77.886287838220596 564.44880106160417 64091.728279342875 1106.2506489797961 259.89523461461067 150.02389435470104 353.6035071015358 1692.7412287890911 1057.9799672365189 1198.2692297883332 140.14952406287193 371.12184500414878
leaf_count=159314 3657 45165 119 3240 226479 4459 400 243 196 2289 1119 2025 148 595
internal_value=-0.00327498 -0.033267 -0.0202104 -5.62283e-05 -2.71086e-05 0.000292189 0.00020572 -0.00258897 -0.00325948 -0.00440358 -0.00161884 7.52388e-05 0.00309847 -0.000515693
internal_weight=126877 12287.7 483.43 114589 114025 70421.8 69315.5 5223.78 5073.76 4302.59 2609.85 2256.25 771.167 631.017
internal_count=449448 48941 3776 400507 397267 237953 233494 7015 6772 5629 3340 3144 1143 995
is_linear=0
shrinkage=0.035


Tree=334
num_leaves=15
num_cat=0
split_feature=53 53 58 46 49 57 9 51 57 1 8 10 13 25
split_gain=9997.93 62.2123 17.9387 15.4075 15.1419 14.9257 15.0449 25.2925 23.3895 19.8542 18.1598 22.3665 38.3293 26.5435
threshold=0.71825396825396837 0.85912698412698429 10.157999351365289 -8.0499999999999972 0.57536764705882371 2.5717698402061928 0.86741724646847995 0.91106682255889482 1.9168585121959676 9.5000000000000018 0.94069805743600854 0.97576360450213639 0.98148119052529537 1.0000000180025095e-35
decision_type=2 2 2 2 2 2 2 2 2 2 2 2 2 2
left_child=3 2 -2 -1 5 6 -5 10 9 -9 -8 -12 13 -13
right_child=1 -3 -4 4 -6 -7 7 8 -10 -11 11 12 -14 -15
leaf_value=9.22684894461523e-05 -3.1119182675414009e-07 -3.0496107593433206e-07 -3.1119182675414009e-07 -0.00026672224063174489 -6.1669511854146665e-06 0.0027691081169363076 -0.00022201455981711343 -0.00021925418190051152 -0.0015160643099177929 0.001845400075866376 4.5057404634552385e-05 -0.00011388536816245664 1.7667636781327537e-06 2.055623592467644e-05
leaf_weight=315.69954194873571 405.54353267070837 11804.306250594091 77.886287838220596 2265.3270832248963 560.85085935750976 207.31815388309769 1410.5223660040647 73.038044392131269 98.006179324351251 414.21798133873381 7500.4971625909675 6554.6858932338655 92744.113770019263 2445.2084893472493
leaf_count=1018 3657 45165 119 10878 3206 1529 7542 292 328 1547 37854 21602 306618 8093
internal_value=-0.00327717 -0.033267 -0.0202104 -5.86624e-05 -8.03214e-05 -5.17723e-05 -6.93111e-05 -1.16831e-05 0.00718355 0.0102997 -5.03848e-05 7.41211e-07 -0.000135305 -0.00231473
internal_weight=126877 12287.7 483.43 114589 114274 113713 113506 111240 585.262 487.256 110655 109245 101744 8999.89
internal_count=449448 48941 3776 400507 399489 396283 394754 383876 2167 1839 381709 374167 336313 29695
is_linear=0
shrinkage=0.035


Tree=335
num_leaves=15
num_cat=0
split_feature=53 53 58 12 9 57 52 13 6 62 6 19 46 64
split_gain=9999.97 62.2123 17.9387 14.5707 26.7256 22.6065 22.3593 20.8298 42.5655 21.0389 19.2275 69.6487 77.3338 54.1357
threshold=0.71825396825396837 0.85912698412698429 10.157999351365289 1.5498560918691615 1.2478017098865986 1.9168585121959676 0.50589975635224504 1.0414172423841785 8.1479394626546355 0.42708333333333309 8.0481575277846371 1.0000000180025095e-35 0.84999999999999976 -0.29374999999999996
decision_type=2 2 2 2 2 2 2 2 2 2 2 2 2 2
left_child=3 2 -2 4 7 -5 -6 10 9 -9 -1 13 -13 -12
right_child=1 -3 -4 5 6 -7 -8 8 -10 -11 11 12 -14 -15
leaf_value=1.0088135839830815e-07 -3.0030011281774519e-07 -2.9428743827663042e-07 -3.0030011281774519e-07 0.00090624001119140381 0.0040760230042407256 -0.001754462278951974 -0.00058169367200201511 -8.1824140639532624e-06 0.0029909880920251388 0.00035953839810425997 0.0020379647172778228 0.0012685528346847487 -0.00022294668622529384 -0.00032855654019308349
leaf_weight=98044.679425359936 405.54353267070837 11804.306250594091 77.886287838220596 597.94378203246742 44.588691556593403 119.69897388550453 735.05708539905027 2799.8277394084726 103.96661785244942 2139.4719859210309 175.53353652358055 1041.9976542368531 1057.6842159628868 7729.0358165260404
leaf_count=357748 3657 45165 119 2237 293 400 3576 11405 120 9856 332 1608 1760 11172
internal_value=-0.00327411 -0.033267 -0.0202104 -5.52662e-05 -8.68063e-05 0.00488178 -0.0065034 -4.19999e-05 0.00215435 0.00166291 -0.000144706 -0.00160554 0.00404763 -0.00311041
internal_weight=126877 12287.7 483.43 114589 113872 717.643 779.646 113092 5043.27 4939.3 108049 10004.3 2099.68 7904.57
internal_count=449448 48941 3776 400507 397870 2637 3869 394001 21381 21261 372620 14872 3368 11504
is_linear=0
shrinkage=0.035


Tree=336
num_leaves=15
num_cat=0
split_feature=53 53 58 57 31 10 57 12 11 57 62 59 36 2
split_gain=10000.9 62.2123 17.9387 14.4906 21.1062 20.6229 27.3881 24.8692 32.591 41.9997 56.4363 71.0038 62.4795 53.116
threshold=0.71825396825396837 0.85912698412698429 10.157999351365289 0.0041866128198448449 1.0000000180025095e-35 1.009310124759079 0.016741381171786123 1.0166551773689199 1.010187190631062 0.24696342784683112 -1.175 0.83827194252655779 19.150000000000002 2.5000000000000004
decision_type=2 2 2 2 2 2 2 2 2 2 2 2 2 2
left_child=3 2 -2 4 -1 7 -7 8 9 -5 11 13 -13 -11
right_child=1 -3 -4 5 -6 6 -8 -9 -10 10 -12 12 -14 -15
leaf_value=-2.9276178952211399e-06 -2.8978960886912411e-07 -2.8398737793694836e-07 -2.8978960886912411e-07 1.7932677817807745e-05 -4.6969052269650756e-05 1.542538684998065e-05 -6.8903634387808006e-05 0.00010934928426740946 4.8063393598353702e-05 0.00017297496059947239 -2.8169225240819442e-05 -0.0011109134204229521 0.00022509144507393888 -0.00052722829086598812
leaf_weight=4964.2912659894209 405.54353267070837 11804.306250594091 77.886287838220596 6579.9900955015328 108.71943533420563 1157.200529650785 27297.077655654633 12083.126993033569 23159.861094273161 2686.2341666929424 31327.13967578602 1634.370804361999 490.50584246963263 3100.9679659169633
leaf_count=17381 3657 45165 119 20295 384 3524 106256 50546 79129 6850 97987 5775 1892 10488
internal_value=-0.00327274 -0.033267 -0.0202104 -5.37583e-05 -0.00188059 3.10281e-05 -0.000779467 0.000315588 5.89099e-05 -0.00048196 -0.000915974 -0.00355519 -0.00901146 -0.00153973
internal_weight=126877 12287.7 483.43 114589 5073.01 109516 28454.3 81062.2 68979.1 45819.2 39239.2 7912.08 2124.88 5787.2
internal_count=449448 48941 3776 400507 17765 382742 109780 272962 222416 143287 122992 25005 7667 17338
is_linear=0
shrinkage=0.035


Tree=337
num_leaves=15
num_cat=0
split_feature=53 53 58 27 57 46 60 1 42 27 57 46 60 62
split_gain=9999.57 62.2123 17.9387 14.5587 72.6526 81.5856 57.0385 52.4878 47.5628 48.9886 45.6859 93.5267 74.5372 46.8022
threshold=0.71825396825396837 0.85912698412698429 10.157999351365289 7.5000000000000009 1.618384297366755 0.19999999999999954 0.18399153619612912 7.5000000000000009 0.09999999999999952 2.5000000000000004 2.0139845582108147 0.15000000000000038 -0.96227343267549392 -1.8166666666666671
decision_type=2 2 2 2 2 2 2 2 2 2 2 2 2 2
left_child=3 2 -2 4 5 -1 -7 -6 -9 -10 -5 12 -12 -14
right_child=1 -3 -4 10 7 6 -8 8 9 -11 11 -13 13 -15
leaf_value=-9.6539115250229158e-07 -2.7964697255870475e-07 -2.7404781970915517e-07 -2.7964697255870475e-07 -9.3685796734024192e-06 -0.0023956838515017866 0.0017476146203378785 0.00027411494790230379 0.00071030808714528946 -0.0018830742252893154 -0.00019954636289918118 0.0034927076711593389 -9.2039643670409633e-05 -0.00030257649148468074 0.0011840671511363632
leaf_weight=8490.0899821175262 405.54353267070837 11804.306250594091 77.886287838220596 87031.579682922224 437.05065654963255 1077.9954414889216 4796.4720583884045 1351.0901266494766 1063.7486346587539 2277.2896515494213 481.46175065892749 5097.9093098810408 694.71347328647971 1790.0847565140575
leaf_count=27993 3657 45165 119 309124 933 3748 13372 4472 4444 7725 1689 19747 1914 5346
internal_value=-0.00327471 -0.033267 -0.0202104 -5.59329e-05 0.000815165 0.00209174 0.00525898 -0.00275708 -0.0016615 -0.00389953 -0.000234567 0.002284 0.00721408 0.00472872
internal_weight=126877 12287.7 483.43 114589 19493.7 14364.6 5874.47 5129.18 4692.13 3341.04 95095.7 8064.17 2966.26 2484.8
internal_count=449448 48941 3776 400507 62687 45113 17120 17574 16641 12169 337820 28696 8949 7260
is_linear=0
shrinkage=0.035


Tree=338
num_leaves=15
num_cat=1
split_feature=53 53 58 42 40 1 6 59 1 41 28 46 59 0
split_gain=10001.3 62.2123 17.9387 14.3121 14.846 45.2178 42.7428 37.7325 55.1707 37.4889 35.9926 34.8838 33.4253 33.3228
threshold=0.71825396825396837 0.85912698412698429 10.157999351365289 31.250000000000004 0.20000000000000065 10.500000000000002 6.9749865533283666 0.54883787585413535 16.500000000000004 7.7500000000000027 33.500000000000007 2.0499999999999998 0.1670500785599974 0
decision_type=2 2 2 2 2 2 2 2 2 2 2 2 2 1
left_child=3 2 -2 4 -1 6 -6 11 9 -9 -8 -7 -13 -14
right_child=1 -3 -4 -5 5 7 10 8 -10 -11 -12 12 13 -15
leaf_value=2.6971580662750442e-06 -2.698593285191501e-07 -2.6445614601933477e-07 -2.698593285191501e-07 0.0029953195485791909 -7.171894523022003e-06 -0.00013942117476966722 0.0013327346256027629 -0.00069763177447614521 -2.5424895539999246e-05 -0.0040572351303104432 0.00016219368866019157 0.0015155619528087285 0.00097666436048229562 -0.00081464399772628547
leaf_weight=94564.480937781045 405.54353267070837 11804.306250594091 77.886287838220596 66.228801101446152 3631.6370084332302 5024.5473051704466 1288.4222552627325 3717.2532959505916 2821.0127014778554 282.76820240914822 1915.7655119895935 694.1339020319283 194.5805000513792 388.65510300546885
leaf_count=323092 3657 45165 119 324 16425 16353 3432 15795 13527 1503 5538 2295 492 1731
internal_value=-0.00327215 -0.033267 -0.0202104 -5.30993e-05 -6.31849e-05 -0.000930341 0.00137656 -0.00213215 -0.00393409 -0.0065723 0.00431667 -0.000178639 0.0049631 -0.00121391
internal_weight=126877 12287.7 483.43 114589 114523 19958.8 6835.82 13123 6821.03 4000.02 3204.19 6301.92 1277.37 583.236
internal_count=449448 48941 3776 400507 400183 77091 25395 51696 30825 17298 8970 20871 4518 2223
cat_boundaries=0 1
cat_threshold=131074
is_linear=0
shrinkage=0.035


Tree=339
num_leaves=15
num_cat=0
split_feature=53 53 58 46 64 6 64 44 40 6 1 27 28 62
split_gain=10002.3 62.2123 17.9387 14.0683 14.731 34.8129 26.5684 39.0611 28.2036 27.3359 28.1078 38.9186 27.5315 27.1411
threshold=0.71825396825396837 0.85912698412698429 10.157999351365289 -8.0499999999999972 -0.027083333333333338 7.6147842215101331 -0.29374999999999996 2.5550000000000006 0.30000000000000043 7.796602252379869 17.500000000000004 59.500000000000007 47.500000000000007 -1.1250000000000007
decision_type=2 2 2 2 2 2 2 2 2 2 2 2 2 2
left_child=3 2 -2 -1 5 -5 7 8 -7 10 -8 12 -12 -11
right_child=1 -3 -4 4 -6 6 9 -9 -10 13 11 -13 -14 -15
leaf_value=9.1011078010258545e-05 -2.6041425202097985e-07 -2.5520018090865806e-07 -2.6041425202097985e-07 -1.8857311597138966e-06 -6.8366973740820056e-06 0.0022835672060529002 0.0003271311043142611 -0.00093802385282106395 0.00026311086681236721 -0.00059527029201785105 0.00097836275410390322 0.0029884052575215826 -0.0016316200227347378 0.00014543542874577599
leaf_weight=315.69954194873571 405.54353267070837 11804.306250594091 77.886287838220596 23975.946895832429 82140.691903931089 520.15320767462254 1391.9436908140779 142.50196847319603 266.61274389922619 737.27241414040327 149.39248510450125 242.47359006851912 126.27715593576431 4580.5199268423021
leaf_count=1018 3657 45165 119 108288 273575 1345 3619 328 660 1440 344 679 322 8889
internal_value=-0.00327058 -0.033267 -0.0202104 -5.13606e-05 -7.20573e-05 0.000563185 0.00253673 0.0080772 0.0111191 0.00181423 0.00539398 0.0122764 0.00306347 0.000520723
internal_weight=126877 12287.7 483.43 114589 114274 32133.1 8157.15 929.268 786.766 7227.88 1910.09 518.143 275.67 5317.79
internal_count=449448 48941 3776 400507 399489 125914 17626 2333 2005 15293 4964 1345 666 10329
is_linear=0
shrinkage=0.035


Tree=340
num_leaves=15
num_cat=0
split_feature=53 53 58 7 57 9 10 58 62 60 57 46 1 6
split_gain=10004.2 62.2123 17.9387 14.0802 21.8318 19.2945 27.9097 16.8996 44.7294 40.1123 45.6877 34.1035 77.335 43.463
threshold=0.71825396825396837 0.85912698412698429 10.157999351365289 1.1827761478181951 0.61826198445017033 0.86119199555458537 1.0944780611862661 9.8530962726721345 3.2333333333333321 -0.90878397393106225 1.8967799569578108 0.7999999999999996 12.500000000000002 1.7982423913394456
decision_type=2 2 2 2 2 2 2 2 2 2 2 2 2 2
left_child=3 2 -2 7 -5 6 -6 8 9 10 11 13 -13 -1
right_child=1 -3 -4 4 5 -7 -8 -9 -10 -11 -12 12 -14 -15
leaf_value=1.4513878940786298e-05 -2.5129975320024551e-07 -2.4626817457685499e-07 -2.5129975320024551e-07 -4.5752601739704389e-05 0.0030074952159008629 0.0017005325055910094 -0.0026441265251736638 2.5234601064757928e-06 0.00060744160735188852 -2.0795812385374259e-05 0.0016271360844717921 -0.0011594636992482788 0.0027752293867074752 -0.00057604921773277975
leaf_weight=296.06490184529684 405.54353267070837 11804.306250594091 77.886287838220596 624.46149794477969 67.965797220589593 807.05942620546557 118.49573893146589 89257.281570491381 3365.927208009176 16136.27419924736 398.75877037155442 687.8542451930698 372.6356251288671 2456.7065440758597
leaf_count=2206 3657 45165 119 3486 312 4082 606 220179 25572 116213 2867 4955 2686 17343
internal_value=-0.00326781 -0.033267 -0.0202104 -4.82911e-05 0.00318349 0.00638301 -0.00361186 -9.48545e-05 -0.000925144 -0.00154353 -0.00458094 -0.00576141 -0.000421889 -0.00780946
internal_weight=126877 12287.7 483.43 114589 1617.98 993.521 186.462 112972 23714.2 20348.3 4212.02 3813.26 1060.49 2752.77
internal_count=449448 48941 3776 400507 8486 5000 918 392021 171842 146270 30057 27190 7641 19549
is_linear=0
shrinkage=0.035


Tree=341
num_leaves=15
num_cat=1
split_feature=53 53 58 42 40 1 6 59 1 41 28 62 59 0
split_gain=10004.9 62.2123 17.9387 13.9966 14.3797 43.9326 39.5978 34.5957 51.8809 35.0807 34.5879 33.5012 33.4521 37.4119
threshold=0.71825396825396837 0.85912698412698429 10.157999351365289 31.250000000000004 0.20000000000000065 10.500000000000002 6.9749865533283666 0.54883787585413535 16.500000000000004 7.7500000000000027 33.500000000000007 -2.3354166666666658 0.42109697129093554 0
decision_type=2 2 2 2 2 2 2 2 2 2 2 2 2 1
left_child=3 2 -2 4 -1 6 -6 11 9 -9 -8 -7 13 -12
right_child=1 -3 -4 -5 5 7 10 8 -10 -11 12 -13 -14 -15
leaf_value=2.6795411962545642e-06 -2.4250426183823694e-07 -2.3764878846666508e-07 -2.4250426183823694e-07 0.0028104701910633438 -6.7699149103500163e-06 -0.0013206068533556949 0.0012867056109012655 -0.00067354460107060148 -2.5996187639684145e-05 -0.0039087778493678829 -0.00023988692785939405 1.3317877987719386e-05 -0.00038463232217239964 0.0013456546358972755
leaf_weight=94564.480937781045 405.54353267070837 11804.306250594091 77.886287838220596 66.228801101446152 3631.6370084332302 139.22469860315323 1288.4222552627325 3717.2532959505916 2821.0127014778554 282.76820240914822 465.18296395242214 6162.6921116560698 913.38989549130201 537.19265254586935
leaf_count=323092 3657 45165 119 324 16425 450 3432 15795 13527 1503 1416 20421 2870 1252
internal_value=-0.00326677 -0.033267 -0.0202104 -4.71479e-05 -5.71222e-05 -0.00091055 0.00136332 -0.00209516 -0.00382057 -0.00637892 0.00419318 -0.000224521 0.00119738 0.00558611
internal_weight=126877 12287.7 483.43 114589 114523 19958.8 6835.82 13123 6821.03 4000.02 3204.19 6301.92 1915.77 1002.38
internal_count=449448 48941 3776 400507 400183 77091 25395 51696 30825 17298 8970 20871 5538 2668
cat_boundaries=0 2
cat_threshold=4226 262144
is_linear=0
shrinkage=0.035


Tree=342
num_leaves=15
num_cat=0
split_feature=53 53 58 42 11 1 14 1 12 59 46 5 7 14
split_gain=10008.8 62.2123 17.9387 13.9011 13.8571 34.1521 114.342 45.4096 42.7487 41.3645 43.6941 39.444 39.249 38.646
threshold=0.71825396825396837 0.85912698412698429 10.157999351365289 31.250000000000004 0.97872776580602372 16.500000000000004 1.0123130853103539 8.5000000000000018 0.99456893778813404 0.090250774277322809 4.2000000000000028 29.500000000000004 0.93086231960079646 0.98774795522931602
decision_type=2 2 2 2 2 2 2 2 2 2 2 2 2 2
left_child=3 2 -2 4 5 7 8 -1 -7 12 11 -11 -9 -10
right_child=1 -3 -4 -5 -6 6 -8 9 13 10 -12 -13 -14 -15
leaf_value=7.880199068461389e-06 -2.3401661267389864e-07 -2.2933108087033181e-07 -2.3401661267389864e-07 0.0027121037343761246 2.7900800430391561e-06 -1.8064597960381068e-05 -0.00056781596611535368 0.002963477810309382 0.0015212165488318575 -0.00049599226216371695 -0.00026692236285199016 -0.0014603719557794693 -0.00010760312840800703 0.00028298340705803745
leaf_weight=5827.7416592901573 405.54353267070837 11804.306250594091 77.886287838220596 66.228801101446152 91841.594574141316 2254.2714031292126 2306.5728774906602 239.99660149216652 1727.4213973619044 1642.463888887316 3955.7812919840217 1714.3371681794524 1093.3051810890902 1919.7706805181224
leaf_count=21152 3657 45165 119 324 309582 9378 8607 1235 7010 7543 16773 7605 3559 7739
internal_value=-0.0032609 -0.033267 -0.0202104 -4.06404e-05 -5.05812e-05 -0.000825093 0.000977615 -0.00184738 0.00355936 -0.00345547 -0.00448839 -0.00742006 0.0022009 0.00589612
internal_weight=126877 12287.7 483.43 114589 114523 22681.7 8208.04 14473.6 5901.46 8645.88 7312.58 3356.8 1333.3 3647.19
internal_count=449448 48941 3776 400507 400183 90601 32734 57867 24127 36715 31921 15148 4794 14749
is_linear=0
shrinkage=0.035


Tree=343
num_leaves=15
num_cat=0
split_feature=53 53 58 9 6 46 52 54 1 48 1 2 14 1
split_gain=10008.6 62.2123 17.9387 14.2628 28.4374 35.7712 42.7816 26.7974 34.4251 28.4642 34.6828 58.1544 28.7528 39.2448
threshold=0.71825396825396837 0.85912698412698429 10.157999351365289 1.0357255500065057 7.6909189469034516 -0.65000000000000024 0.26260297140478239 36.500000000000007 16.500000000000004 0.72514363635466961 12.500000000000002 3.5000000000000004 0.94592306406186222 7.5000000000000009
decision_type=2 2 2 2 2 2 2 2 2 2 2 2 2 2
left_child=3 2 -2 -1 7 -6 -7 8 9 10 12 -12 13 -5
right_child=1 -3 -4 4 5 6 -8 -9 -10 -11 11 -13 -14 -15
leaf_value=-4.3426052890522227e-06 -2.2582603123031218e-07 -2.2130449303987018e-07 -2.2582603123031218e-07 0.00067142147519267965 0.002164536144102606 -0.00018776357130346422 0.00065763326612908071 -2.0962750135959388e-05 0.00079337963986587164 -0.00076824883887222951 -0.0020349386343314372 0.00079070330966333319 1.1875406206465763e-05 1.9629324831498266e-05
leaf_weight=97727.72840278619 405.54353267070837 11804.306250594091 77.886287838220596 579.82206943258643 513.21030700951815 1265.2185475863516 1161.0794568751007 8159.2069910541177 1624.3933021719567 436.55083999573253 539.36419848352671 652.65001809131354 1497.2031139403116 433.05827723816037
leaf_count=325590 3657 45165 119 2841 1237 2636 2616 33729 10149 1674 2741 4894 9506 2894
internal_value=-0.00326121 -0.033267 -0.0202104 -4.09826e-05 0.00089877 0.00402065 0.0022206 0.000237211 0.00206236 0.000363011 0.00136647 -0.00353025 0.00369665 0.00821991
internal_weight=126877 12287.7 483.43 114589 16861.8 2939.51 2426.3 13922.2 5763.04 4138.65 3702.1 1192.01 2510.08 1012.88
internal_count=449448 48941 3776 400507 74917 6489 5252 68428 34699 24550 22876 7635 15241 5735
is_linear=0
shrinkage=0.035


Tree=344
num_leaves=15
num_cat=1
split_feature=53 53 58 12 13 57 1 57 2 64 0 36 60 52
split_gain=10004 62.2123 17.9387 14.1397 15.0735 30.796 25.4485 19.5698 44.2327 21.4373 27.0944 24.4877 22.0922 29.4993
threshold=0.71825396825396837 0.85912698412698429 10.157999351365289 1.8345429119556795 0.95079627147310053 1.8161337209302331 17.500000000000004 2.2392209024604219 1.5000000000000002 -0.1354166666666666 0 7.5500000000000007 0.86527520261780277 0.1222563889944604
decision_type=2 2 2 2 2 2 2 2 2 2 1 2 2 2
left_child=3 2 -2 4 5 -1 -7 -6 -9 -10 11 -11 13 -12
right_child=1 -3 -4 -5 7 6 -8 8 9 10 12 -13 -14 -15
leaf_value=-2.8873572915654181e-05 -2.1792212013725126e-07 -2.1355883578347474e-07 -2.1792212013725126e-07 0.001127929264873131 -1.8229030953587079e-06 -0.00049345897475575279 -0.0045858879594383797 0.0011878022692382608 0.0027926425550982171 0.0014358565059949993 0.00066863856948836233 -0.0007454269670859649 -0.0020838286531854292 -0.0011766947122159911
leaf_weight=2053.9788386248983 405.54353267070837 11804.306250594091 77.886287838220596 294.41226111585274 108737.94218949671 205.85948193306103 226.3050203572493 1224.0254641510546 153.02377878315747 487.24209575401619 153.63799029588699 476.58264983980916 195.85981801152229 380.61593630164862
leaf_count=10476 3657 45165 119 1237 375259 1233 910 4336 675 1613 199 3079 402 1088
internal_value=-0.00326801 -0.033267 -0.0202104 -4.85181e-05 -6.85759e-05 -0.00275854 -0.0111384 -8.52151e-06 0.00274222 -0.00068213 -0.00183865 0.00201918 -0.00682492 -0.00309874
internal_weight=126877 12287.7 483.43 114589 114295 2486.14 432.165 111809 3070.99 1846.96 1693.94 963.825 730.114 534.254
internal_count=449448 48941 3776 400507 399270 12619 2143 386651 11392 7056 6381 4692 1689 1287
cat_boundaries=0 2
cat_threshold=100667394 262144
is_linear=0
shrinkage=0.035


Tree=345
num_leaves=15
num_cat=1
split_feature=53 53 58 36 46 64 61 46 57 0 28 46 46 59
split_gain=10007.1 62.2123 17.9387 13.9164 73.6118 42.4832 40.1755 32.3609 47.5428 23.7968 23.5899 22.8406 21.9977 119.788
threshold=0.71825396825396837 0.85912698412698429 10.157999351365289 28.750000000000004 2.5499999999999998 -0.0083333333333333436 24.354166666666675 6.2000000000000028 0.88442603758024807 0 45.500000000000007 -0.69999999999999973 4.2000000000000028 0.98370018436603734
decision_type=2 2 2 2 2 2 2 2 2 1 2 2 2 2
left_child=3 2 -2 6 5 -5 12 8 9 -8 -9 -10 -1 -14
right_child=1 -3 -4 4 -6 -7 7 10 11 -11 -12 -13 13 -15
leaf_value=-5.7602667865278863e-06 -2.1029484593244747e-07 -2.0608427653105313e-07 -2.1029484593244747e-07 -0.0017717447941287448 -0.0015456541494813958 0.0021176626719568385 5.1092740885174545e-05 0.00029899855194709504 0.002370827640765192 -7.5323192261642395e-05 -0.0016853838832570423 0.0011175200730241231 3.5516017436636462e-05 0.0013755311119035519
leaf_weight=93586.997818277916 405.54353267070837 11804.306250594091 77.886287838220596 100.50573394820094 916.20050002634525 305.47260036692023 848.0795745626092 152.478899192065 420.06957190111279 361.9918691329658 153.46879967302084 607.51376478374004 16136.016092197504 1000.6903006024659
leaf_count=320621 3657 45165 119 636 4023 1278 3145 648 1847 2106 630 2586 58694 4293
internal_value=-0.00326341 -0.033267 -0.0202104 -4.34195e-05 -0.00359983 0.00866648 -1.59109e-06 0.00433872 0.00579962 0.00107666 -0.0061914 0.0112973 -0.000101682 0.00105082
internal_weight=126877 12287.7 483.43 114589 1322.18 405.978 113267 2543.6 2237.65 1210.07 305.948 1027.58 110724 17136.7
internal_count=449448 48941 3776 400507 5937 1914 394570 10962 9684 5251 1278 4433 383608 62987
cat_boundaries=0 2
cat_threshold=67242112 262144
is_linear=0
shrinkage=0.035


Tree=346
num_leaves=15
num_cat=0
split_feature=53 53 58 27 62 57 42 6 57 27 57 46 60 62
split_gain=10006.4 62.2123 17.9387 13.6519 72.3773 70.3385 62.0384 61.8739 58.3053 48.9201 43.8572 88.1925 70.3465 41.8954
threshold=0.71825396825396837 0.85912698412698429 10.157999351365289 7.5000000000000009 -3.2229166666666651 1.6642885166666461 0.099999999999999964 6.2998640249093611 0.048058731638336925 2.5000000000000004 2.0139845582108147 0.15000000000000038 -0.96227343267549392 -1.8166666666666671
decision_type=2 2 2 2 2 2 2 2 2 2 2 2 2 2
left_child=3 2 -2 4 7 8 -7 -1 -6 -8 -5 12 -12 -14
right_child=1 -3 -4 10 5 6 9 -9 -10 -11 11 -13 13 -15
leaf_value=-2.7994347008208519e-06 -2.0293452632481182e-07 -1.9887132685246627e-07 -2.0293452632481182e-07 -8.8616428152338463e-06 -9.1036311560797646e-06 0.00059616366515711681 -0.0023352206296171955 -0.0016903050839960378 0.00027899219718860891 -0.00046017682669246 0.0033622924845566463 -9.5058449890172991e-05 -0.00032846574012957542 0.0011274699685198787
leaf_weight=1119.4848941937089 405.54353267070837 11804.306250594091 77.886287838220596 87031.579682922224 1655.8479889351875 1395.8025863701478 984.67023224756122 696.42467680573463 11729.309302455746 1912.1968703940511 481.46175065892749 5097.9093098810408 694.71347328647971 1790.0847565140575
leaf_count=4333 3657 45165 119 309124 5119 4793 4122 1665 36237 6418 1689 19747 1914 5346
internal_value=-0.00326449 -0.033267 -0.0202104 -4.4623e-05 0.000798908 0.00148338 -0.00241118 -0.00583606 0.00273325 -0.00532597 -0.000217605 0.00225004 0.00703746 0.00462282
internal_weight=126877 12287.7 483.43 114589 19493.7 17677.8 4292.67 1815.91 13385.2 2896.87 95095.7 8064.17 2966.26 2484.8
internal_count=449448 48941 3776 400507 62687 56689 15333 5998 41356 10540 337820 28696 8949 7260
is_linear=0
shrinkage=0.035


Tree=347
num_leaves=15
num_cat=0
split_feature=53 53 58 9 51 57 1 51 12 7 8 6 9 1
split_gain=10004.2 62.2123 17.9387 13.6478 21.8245 18.3853 18.7542 17.7454 28.8721 25.6947 18.6589 18.0916 17.4035 46.466
threshold=0.71825396825396837 0.85912698412698429 10.157999351365289 0.89619861225554598 0.91106682255889482 1.9168585121959676 9.5000000000000018 0.41281913716529522 1.8345429119556795 0.69818642273906351 1.0523978771436489 6.7529710009999109 1.0727240215409906 14.500000000000002
decision_type=2 2 2 2 2 2 2 2 2 2 2 2 2 2
left_child=3 2 -2 -1 7 6 -6 10 9 -9 12 -11 -5 -14
right_child=1 -3 -4 4 5 -7 -8 8 -10 11 -12 -13 13 -15
leaf_value=-0.00020099670818281125 -1.9583181790344338e-07 -1.9191083041262995e-07 -1.9583181790344338e-07 -2.5614185767056727e-06 -0.00020886376390907594 -0.0014147161985232049 0.001732333224121191 0.00059450416257569871 0.0011101445545141609 -9.3615605071084996e-05 0.00017177013815573806 -0.0017535099767772772 -9.3417639330648298e-06 0.00056497442774918426
leaf_weight=3444.5600493452512 405.54353267070837 11804.306250594091 77.886287838220596 100627.44393862388 73.830033296020702 94.710834864759818 416.98714794754051 143.33164198719896 283.7954749444034 1186.5892336291727 1579.1148852333426 597.96202849480323 3559.4660228656139 2581.6942334328778
leaf_count=16734 3657 45165 119 333176 339 351 1610 723 1026 6177 8317 1854 17437 12763
internal_value=-0.00326775 -0.033267 -0.0202104 -4.82272e-05 1.91089e-05 0.00670136 0.00940654 -1.68835e-05 -0.00311333 -0.00465155 4.6605e-05 -0.00580671 -9.42623e-06 0.00179785
internal_weight=126877 12287.7 483.43 114589 111145 585.528 490.817 110559 2211.68 1927.88 108348 1784.55 106769 6141.16
internal_count=449448 48941 3776 400507 383773 2300 1949 381473 9780 8754 371693 8031 363376 30200
is_linear=0
shrinkage=0.035


Tree=348
num_leaves=15
num_cat=1
split_feature=53 53 58 7 12 57 14 10 13 15 1 57 27 0
split_gain=10005.2 62.2123 17.9387 13.8219 15.1371 22.0168 39.2696 17.6472 32.5374 31.4349 46.1445 36.8361 46.743 31.9879
threshold=0.71825396825396837 0.85912698412698429 10.157999351365289 1.2040300550966203 0.92628517360663987 0.36161147247275599 1.1694833628063137 0.97576360450213639 0.98148119052529537 1.0000000180025095e-35 17.500000000000004 0.70685354671678924 59.500000000000007 0
decision_type=2 2 2 2 2 2 2 2 2 2 2 2 2 1
left_child=3 2 -2 4 5 -1 -7 -6 9 10 -9 -12 -13 -14
right_child=1 -3 -4 -5 7 6 -8 8 -10 -11 11 12 13 -15
leaf_value=4.5811699122518814e-05 -1.8897770427682289e-07 -1.8519395134818792e-07 -1.8897770427682289e-07 0.00026432171810390152 3.9963036336350809e-05 -0.00041483158340399509 -0.0027253636764019351 -2.2037689593228016e-05 1.3234916742365212e-06 1.3255442144103474e-05 -8.3473974008176365e-05 -0.0022823706596093478 0.0023497295054951931 -0.0008792652894239406
leaf_weight=883.18318617739715 405.54353267070837 11804.306250594091 77.886287838220596 1163.4519704403356 7368.9117418813985 2400.0862988680601 175.96185833215714 3428.8805379718542 93551.325444541173 3079.8073701560497 1084.7873846665025 979.27975935861468 75.871432811021805 397.9385394603014
leaf_count=3939 3657 45165 119 6322 36897 12441 890 11184 310202 10415 3549 2726 209 1733
internal_value=-0.00326628 -0.033267 -0.0202104 -4.65963e-05 -8.56852e-05 -0.00236198 -0.00399315 -1.38714e-05 -0.000132759 -0.0021359 -0.00361621 -0.00718415 -0.0108099 -0.00173141
internal_weight=126877 12287.7 483.43 114589 113426 3459.23 2576.05 109967 102598 9046.57 5966.76 2537.88 1453.09 473.81
internal_count=449448 48941 3776 400507 394185 17270 13331 376915 340018 29816 19401 8217 4668 1942
cat_boundaries=0 1
cat_threshold=2048
is_linear=0
shrinkage=0.035


Tree=349
num_leaves=15
num_cat=0
split_feature=53 53 58 36 46 64 61 57 57 62 2 57 1 27
split_gain=10002.3 62.2123 17.9387 13.5216 69.6848 39.5501 39.4356 56.0058 16.6418 16.3521 58.6773 113.499 112.715 154.215
threshold=0.71825396825396837 0.85912698412698429 10.157999351365289 28.750000000000004 2.5499999999999998 -0.0083333333333333436 27.193750000000005 0.043415270743748381 2.061876873652198 0.81666666666666743 3.5000000000000004 1.8666427559018484 17.500000000000004 59.500000000000007
decision_type=2 2 2 2 2 2 2 2 2 2 2 2 2 2
left_child=3 2 -2 6 5 -5 9 -8 -7 -1 12 -12 -11 -14
right_child=1 -3 -4 4 -6 8 7 -9 -10 10 11 -13 13 -15
leaf_value=-5.5420645869535761e-06 -1.8236348462713407e-07 -1.7871216305100131e-07 -1.8236348462713407e-07 -0.0017093802413941119 -0.0014903851279650616 0.0023175514244311991 -4.9926131640396991e-05 0.0015567014896138022 -2.2236262150550083e-05 -0.00016663802729166235 0.00050489460994704869 -0.00049838730718450134 1.0479689111582148e-05 0.0015931942707217929
leaf_weight=67628.080793048488 405.54353267070837 11804.306250594091 77.886287838220596 100.50573394820094 916.20050002634525 232.22643945738673 101.71076006069779 352.48438496515155 73.246160909533501 20218.97819409892 11969.351217942545 3804.1809344606008 6884.9403058513999 2307.5800998955965
leaf_count=228441 3657 45165 119 636 4023 1000 444 1520 278 63867 52233 18719 20391 8955
internal_value=-0.00327055 -0.033267 -0.0202104 -5.13254e-05 -0.00355692 0.00837838 -1.00938e-05 0.0101704 0.0145381 -5.19793e-05 0.000463475 0.00218503 -0.000460231 0.00275129
internal_weight=126877 12287.7 483.43 114589 1322.18 405.978 113267 454.195 305.473 112813 45185 15773.5 29411.5 9192.52
internal_count=449448 48941 3776 400507 5937 1914 394570 1964 1278 392606 164165 70952 93213 29346
is_linear=0
shrinkage=0.035


Tree=350
num_leaves=15
num_cat=0
split_feature=53 53 58 58 62 42 57 50 60 1 1 6 1 46
split_gain=10003.1 62.2123 17.9387 13.8421 43.0349 34.2377 54.8812 40.1505 30.9952 34.3433 28.6959 27.9258 26.3816 24.8774
threshold=0.71825396825396837 0.85912698412698429 10.157999351365289 9.8530962726721345 2.8749999999999996 0.09999999999999952 2.0746951444541026 19.000000000000004 -0.86092912513210462 16.500000000000004 12.500000000000002 2.3038335330933397 8.5000000000000018 -1.0000000180025095e-35
decision_type=2 2 2 2 2 2 2 2 2 2 2 2 2 2
left_child=3 2 -2 4 5 6 7 -1 9 10 -6 -9 -8 -13
right_child=1 -3 -4 -5 8 -7 12 11 -10 -11 -12 13 -14 -15
leaf_value=-4.7097946330130625e-05 -1.7598076266518437e-07 -1.7245723734421628e-07 -1.7598076266518437e-07 3.0536978800528917e-06 -0.0010239683666376067 -7.8514572816500779e-06 0.0051785380482180891 7.7897952213784008e-06 0.00012285467003877228 -0.00026557164132738457 0.0027509500114610975 -0.00063464460440413217 -0.00029111799458560021 -0.00065757588832190744
leaf_weight=4653.5477216723375 405.54353267070837 11804.306250594091 77.886287838220596 89935.880827441812 47.029448237270117 12314.476328257238 223.76254844525829 378.38363006711006 3221.4979317337275 381.31250197533518 674.60081783868372 1651.8265506960452 152.745687878225 954.42153042182326
leaf_count=33890 3657 45165 119 222452 315 92316 1356 2475 25017 2592 4831 8901 926 5436
internal_value=-0.00326948 -0.033267 -0.0202104 -5.01457e-05 -0.000784692 -0.00145919 -0.0032381 -0.00388485 0.00238218 0.00741794 0.0118572 -0.00704717 0.00964347 -0.00833315
internal_weight=126877 12287.7 483.43 114589 24653.6 20329.2 8014.69 7638.18 4324.44 1102.94 721.63 2984.63 376.508 2606.25
internal_count=449448 48941 3776 400507 178055 145300 52984 50702 32755 7738 5146 16812 2282 14337
is_linear=0
shrinkage=0.035


Tree=351
num_leaves=15
num_cat=0
split_feature=53 53 58 52 60 57 23 6 46 63 1 57 6 39
split_gain=10004.4 62.2123 17.9387 13.606 54.5342 79.9028 48.6428 51.5738 45.05 49.431 40.8579 40.7933 70.364 40.4713
threshold=0.71825396825396837 0.85912698412698429 10.157999351365289 0.16998168498168495 -0.9523422988233432 1.6304150257497732 1.0000000180025095e-35 8.0933700261432335 -1.3 0.12083333333333336 8.5000000000000018 0.70685354671678924 6.6261020558933046 5.3500000000000005
decision_type=2 2 2 2 2 2 2 2 2 2 2 2 2 2
left_child=3 2 -2 4 5 11 -6 -8 -9 13 -7 12 -1 -10
right_child=1 -3 -4 -5 6 10 7 8 9 -11 -12 -13 -14 -15
leaf_value=1.5510444714355188e-06 -1.6982143597190293e-07 -1.6642123403716869e-07 -1.6982143597190293e-07 -5.0218979434010167e-06 2.6967333961398999e-05 0.0044855418783083896 -1.9947162474620585e-06 -0.0013075269813576586 0.00012711115722768197 0.0010447843526504609 0.00038376249923357533 -0.00041459026796912161 0.0016006285101309171 -0.0009362144810350449
leaf_weight=297.46137016103603 405.54353267070837 11804.306250594091 77.886287838220596 95809.953176824376 11854.919913682155 336.23486842960119 3697.5195609629154 258.46656668186188 327.3306884765625 168.59551560878754 124.71022961288691 615.67793684080243 131.97841042280197 966.63728696107864
leaf_count=1137 3657 45165 119 359219 27785 764 6897 319 372 272 527 1795 228 1192
internal_value=-0.00326746 -0.033267 -0.0202104 -4.79053e-05 0.000813279 0.00717798 0.000254512 -0.00248992 -0.00747583 -0.0050169 0.0191497 0.00176643 0.00992553 -0.00735311
internal_weight=126877 12287.7 483.43 114589 18779.5 1506.06 17273.5 5418.55 1721.03 1462.56 460.945 1045.12 429.44 1293.97
internal_count=449448 48941 3776 400507 41288 4451 36837 9052 2155 1836 1291 3160 1365 1564
is_linear=0
shrinkage=0.035


Tree=352
num_leaves=15
num_cat=1
split_feature=53 53 58 46 59 1 57 0 59 46 23 57 46 15
split_gain=10006.9 62.2123 17.9387 13.5281 39.1108 15.3353 43.2727 42.0788 54.0507 40.4947 35.2629 34.3697 23.7759 23.834
threshold=0.71825396825396837 0.85912698412698429 10.157999351365289 -7.2999999999999989 0.19244979981841034 3.5000000000000004 0.14307512925434676 0 0.88203985695844977 -2.5000000000000004 1.0000000180025095e-35 0.043415270743748381 -0.70000000000000184 1.0000000180025095e-35
decision_type=2 2 2 2 2 2 2 1 2 2 2 2 2 2
left_child=3 2 -2 4 -1 6 7 8 10 -10 -5 -12 13 -9
right_child=1 -3 -4 5 -6 -7 -8 12 9 -11 11 -13 -14 -15
leaf_value=-0.00031338618414173574 -1.6387768571288633e-07 -1.6059649084586777e-07 -1.6387768571288633e-07 -1.8334527064279744e-05 9.7039924120415652e-05 1.5008768879897303e-06 -0.00075991467741794475 -8.3985609448145985e-06 0.00011134745684022087 -5.1243550671183888e-05 -5.2020766061356656e-06 0.00014055300583887956 1.0625522978704636e-05 -1.8608101376539733e-05
leaf_weight=203.93629758805037 405.54353267070837 11804.306250594091 77.886287838220596 2170.9723253957927 545.83479849249125 104604.89943865663 257.55342600052245 2737.4630717041437 684.36888166517019 127.17332205176353 660.64297576248646 515.85312582552433 529.43569337576628 1551.3521681465209
leaf_count=414 3657 45165 119 5977 2012 369203 1349 10155 2248 421 1559 1079 1209 4881
internal_value=-0.00326368 -0.033267 -0.0202104 -4.37205e-05 0.00461108 -7.47803e-05 -0.00144117 -0.0010266 0.00155019 0.00959845 -0.000419147 0.00443807 -0.00324592 -0.00411663
internal_weight=126877 12287.7 483.43 114589 749.771 113840 9234.81 8977.26 4159.01 811.542 3347.47 1176.5 4818.25 4288.82
internal_count=449448 48941 3776 400507 2426 398081 28878 27529 11284 2669 8615 2638 16245 15036
cat_boundaries=0 1
cat_threshold=67240064
is_linear=0
shrinkage=0.035


Tree=353
num_leaves=15
num_cat=1
split_feature=53 53 58 43 40 1 37 59 46 61 0 46 21 58
split_gain=10004.8 62.2123 17.9387 13.3734 16.7769 39.6825 31.8681 30.0775 49.1605 32.8167 32.6341 25.4867 25.0203 24.1772
threshold=0.71825396825396837 0.85912698412698429 10.157999351365289 1.3650000000000004 1.0000000000000016 10.500000000000002 0.75000000000000011 0.67125374152323958 3.6500000000000012 24.354166666666675 0 -0.099999999999999742 1.0000000180025095e-35 10.843544550442299
decision_type=2 2 2 2 2 2 2 2 2 2 1 2 2 2
left_child=3 2 -2 4 6 11 -1 10 9 12 -7 13 -9 -6
right_child=1 -3 -4 -5 5 7 -8 8 -10 -11 -12 -13 -14 -15
leaf_value=4.7476793842291677e-07 -1.5814196671293529e-07 -1.549756136662624e-07 -1.5814196671293529e-07 0.00018966623882438972 -1.7227368544383057e-05 0.00050425286216184036 0.0033923037059175468 -0.0012520595431484806 0.002669326739500686 0.0017704358300766035 -0.00028859323346086644 0.00013621217700233052 -0.00018210132499521417 0.00012490119024557753
leaf_weight=107075.79494375666 405.54353267070837 11804.306250594091 77.886287838220596 378.78495751321316 1632.5961763635278 862.32699684798717 82.850299909710884 1794.876699808985 75.465600181370974 153.49229881167412 1008.3926049098372 653.9228429980576 611.95410189777613 259.02800166606903
leaf_count=370711 3657 45165 119 1449 6546 3874 279 7848 306 729 3056 2240 3060 409
internal_value=-0.00326692 -0.033267 -0.0202104 -4.73114e-05 -6.9365e-05 -0.0017217 3.9525e-05 -0.003692 -0.0060937 -0.00694174 -0.000293661 0.0017672 -0.00794755 -0.000301964
internal_weight=126877 12287.7 483.43 114589 114211 7052.06 107159 4506.51 2635.79 2560.32 1870.72 2545.55 2406.83 1891.62
internal_count=449448 48941 3776 400507 399058 28068 370990 18873 11943 11637 6930 9195 10908 6955
cat_boundaries=0 2
cat_threshold=100665346 262144
is_linear=0
shrinkage=0.035


Tree=354
num_leaves=15
num_cat=0
split_feature=53 53 58 11 1 14 1 14 59 46 57 58 7 35
split_gain=10005.9 62.2123 17.9387 13.2265 31.8778 106.088 43.414 41.0105 38.6969 41.8924 37.9829 36.83 36.5338 34.588
threshold=0.71825396825396837 0.85912698412698429 10.157999351365289 0.97872776580602372 16.500000000000004 1.0123130853103539 8.5000000000000018 0.91445908622183281 0.090250774277322809 2.8000000000000003 0.37450808872536351 10.795223960246757 0.93086231960079646 42.500000000000007
decision_type=2 2 2 2 2 2 2 2 2 2 2 2 2 2
left_child=3 2 -2 4 6 7 11 -6 12 -10 -7 13 -8 -1
right_child=1 -3 -4 -5 5 10 8 -9 9 -11 -12 -13 -14 -15
leaf_value=0.0022686261755629203 -1.5260699787798258e-07 -1.495514671879432e-07 -1.5260699787798258e-07 2.8889384111374134e-06 0.00094061859448523702 0.00018927561324594408 0.0028493447793659791 0.00013618491214914099 -0.0011689730237620867 -0.00037977397118909353 -0.0010292193777854243 4.157410721485353e-05 -0.00010108005355658701 -1.3147491440740171e-05
leaf_weight=204.00127101223916 405.54353267070837 11804.306250594091 77.886287838220596 91876.911996933632 2227.8547553047538 407.40421884669922 239.99660149216652 3704.5201040136162 1834.2368555795401 5478.3454934712499 1899.168658643961 688.17562380433083 1093.3051810890902 4935.5647644735873
leaf_count=1588 3657 45165 119 309758 9045 1387 1235 15230 8141 23780 7220 1008 3559 18556
internal_value=-0.00326518 -0.033267 -0.0202104 -4.53776e-05 -0.000801472 0.000935733 -0.00179032 0.00341143 -0.00336268 -0.00436173 -0.00541886 0.00054415 0.00210837 -0.000479569
internal_weight=126877 12287.7 483.43 114589 22712.6 8238.95 14473.6 5932.37 8645.88 7312.58 2306.57 5827.74 1333.3 5139.57
internal_count=449448 48941 3776 400507 90749 32882 57867 24275 36715 31921 8607 21152 4794 20144
is_linear=0
shrinkage=0.035


Tree=355
num_leaves=15
num_cat=0
split_feature=53 53 58 52 60 57 23 6 57 6 1 2 46 63
split_gain=10007 62.2123 17.9387 13.3385 54.4591 75.9314 45.631 47.6349 40.4373 69.7452 39.3982 38.7631 35.5082 47.9009
threshold=0.71825396825396837 0.85912698412698429 10.157999351365289 0.16998168498168495 -0.9523422988233432 1.6304150257497732 1.0000000180025095e-35 8.0933700261432335 0.70685354671678924 6.6261020558933046 8.5000000000000018 4.5000000000000009 -1.3 0.12083333333333336
decision_type=2 2 2 2 2 2 2 2 2 2 2 2 2 2
left_child=3 2 -2 4 5 8 -6 -8 9 -1 -7 -10 -9 -14
right_child=1 -3 -4 -5 6 10 7 12 11 -11 -12 -13 13 -15
leaf_value=1.3264975016210247e-06 -1.4726575295225317e-07 -1.443171658363652e-07 -1.4726575295225317e-07 -4.7275265210286077e-06 2.5853216859435778e-05 0.0043283776521542841 -2.095161592115813e-06 -0.001261314222646548 -0.00078274720397503497 0.0015444362518630219 0.00037016055134708628 0.001083892402465805 -0.00062195556914287583 0.0010080466398943735
leaf_weight=297.46137016103603 405.54353267070837 11804.306250594091 77.886287838220596 95809.953176824376 11854.919913682155 336.23486842960119 3697.5195609629154 258.46656668186188 360.7650490552187 131.97841042280197 124.71022961288691 254.91288778558373 1293.9679754376411 168.59551560878754
leaf_count=1137 3657 45165 119 359219 27785 764 6897 319 826 228 527 969 1564 272
internal_value=-0.00326358 -0.033267 -0.0202104 -4.36144e-05 0.00080906 0.00716937 0.000250681 -0.00240743 0.00189222 0.0100148 0.0188402 -0.00384283 -0.00719916 -0.005011
internal_weight=126877 12287.7 483.43 114589 18779.5 1506.06 17273.5 5418.55 1045.12 429.44 460.945 615.678 1721.03 1462.56
internal_count=449448 48941 3776 400507 41288 4451 36837 9052 3160 1365 1291 1795 2155 1836
is_linear=0
shrinkage=0.035


Tree=356
num_leaves=15
num_cat=1
split_feature=53 53 58 58 62 57 60 57 6 63 1 59 9 3
split_gain=10006.2 62.2123 17.9387 13.1092 41.0381 39.0858 37.1641 44.1779 46.1667 34.1117 26.7005 39.3943 26.5313 23.0936
threshold=0.71825396825396837 0.85912698412698429 10.157999351365289 9.8530962726721345 1.9062499999999993 1.8161337209302331 -0.57022117041332276 1.8666427559018484 2.3038335330933397 0.0062500000000000012 14.500000000000002 0.34156760613242348 1.0385134696673115 0
decision_type=2 2 2 2 2 2 2 2 2 2 2 2 2 1
left_child=3 2 -2 4 6 13 7 8 -1 -10 11 -9 -8 -6
right_child=1 -3 -4 -5 5 -7 12 10 9 -11 -12 -13 -14 -15
leaf_value=1.4534464500308544e-05 -1.4211145159892433e-07 -1.3926606503209241e-07 -1.4211145159892433e-07 3.2037722076327288e-06 0.0016661224375832085 -0.00043580424510266449 -1.8146057185558001e-05 0.0058937345861700833 -0.00069893928666549363 -0.00027460157152653527 -0.00082236446087158082 -0.0008928169961377664 0.00030517123876419783 0.00041966946595526917
leaf_weight=801.64071621280164 405.54353267070837 11804.306250594091 77.886287838220596 89935.880827441812 951.25788890221156 2349.662751395721 8991.0889552682638 259.46204848983325 2657.7300442326814 3360.9492922171485 305.97207709425129 133.99046901613474 1348.4853307269514 3493.3651236670557
leaf_count=6538 3657 45165 119 222452 7593 18557 60546 1817 18629 25805 2407 1007 9588 25568
internal_value=-0.00326482 -0.033267 -0.0202104 -4.49843e-05 -0.000759819 0.0015538 -0.00164037 -0.0035108 -0.00437055 -0.00542097 0.00481634 0.0107373 -0.000277974 0.00348124
internal_weight=126877 12287.7 483.43 114589 24653.6 6794.29 17859.3 7519.74 6820.32 6018.68 699.425 393.453 10339.6 4444.62
internal_count=449448 48941 3776 400507 178055 51718 126337 56203 50972 44434 5231 2824 70134 33161
cat_boundaries=0 1
cat_threshold=4
is_linear=0
shrinkage=0.035


Tree=357
num_leaves=15
num_cat=1
split_feature=53 53 58 12 0 14 14 57 59 1 61 52 12 52
split_gain=10005.2 62.2123 17.9387 12.8865 33.5125 33.4143 27.9915 43.7219 26.7581 43.4571 38.7935 30.2452 28.7105 26.0545
threshold=0.71825396825396837 0.85912698412698429 10.157999351365289 0.98463972326071203 0 0.88599000440540199 1.1694833628063137 0.42610336992466463 -0.021515898191483532 17.500000000000004 4.3104166666666677 0.40853751339486782 0.97472718162709904 0.27770307883355455
decision_type=2 2 2 2 1 2 2 2 2 2 2 2 2 2
left_child=3 2 -2 4 5 -1 -6 -8 9 12 -11 13 -7 -10
right_child=1 -3 -4 -5 6 8 7 -9 11 10 -12 -13 -14 -15
leaf_value=0.00041905444936916355 -1.3713755079296199e-07 -1.3439175275596918e-07 -1.3713755079296199e-07 3.1381420190006045e-06 -5.0076023698846785e-05 0.00045099020322465495 1.2720663846704299e-05 -0.0024429841932654874 -1.1226469128657993e-05 0.00048141111826694789 -0.0014178300150803644 5.1926675941110569e-05 -1.751094518406347e-05 -0.0002810845599098544
leaf_weight=556.5909258723259 405.54353267070837 11804.306250594091 77.886287838220596 90729.216377620585 12915.069665189367 2399.2518284916878 326.77939539728686 461.48895910964347 2277.2599012926221 218.45273892581463 408.1114584133029 1657.4737221188843 864.39903394132853 1775.3915182920173
leaf_count=2048 3657 45165 119 301847 63442 6308 1481 2583 7562 485 1299 5545 1799 6108
internal_value=-0.00326627 -0.033267 -0.0202104 -4.65946e-05 -0.000770184 0.000753031 -0.00189808 -0.00826195 0.00026604 0.0025012 -0.00587755 -0.00125845 0.00412282 -0.00288567
internal_weight=126877 12287.7 483.43 114589 23860.3 10156.9 13703.3 788.268 9600.34 3890.22 626.564 5710.13 3263.65 4052.65
internal_count=449448 48941 3776 400507 98660 31154 67506 4064 29106 9891 1784 19215 8107 13670
cat_boundaries=0 1
cat_threshold=67241984
is_linear=0
shrinkage=0.035


Tree=358
num_leaves=15
num_cat=0
split_feature=53 53 58 36 46 23 61 57 62 46 27 57 14 62
split_gain=10005.8 62.2123 17.9387 13.0105 47.6293 42.6711 32.4241 49.0753 15.9119 61.9183 152.245 64.0308 110.867 51.1576
threshold=0.71825396825396837 0.85912698412698429 10.157999351365289 29.050000000000004 2.5499999999999998 1.0000000180025095e-35 27.193750000000005 0.052305983248172809 -0.34374999999999906 1.3000000000000007 32.500000000000007 1.9168585121959676 1.1694833628063137 -1.175
decision_type=2 2 2 2 2 2 2 2 2 2 2 2 2 2
left_child=3 2 -2 6 5 -5 8 -8 9 11 -11 -1 13 -13
right_child=1 -3 -4 4 -6 -7 7 -9 -10 10 -12 12 -14 -15
leaf_value=-5.2420108971915379e-06 -1.3233773651520832e-07 -1.2968804140951026e-07 -1.3233773651520832e-07 -0.00095131531426049533 -0.0014959566692973182 0.0022660747505430304 -4.8434049127332916e-05 0.0015417831836830199 1.510158477327689e-05 0.000130580632133408 -0.0016153951034373329 -0.00033364508511900097 0.0031836164537732397 0.0014854297974655863
leaf_weight=38204.348798160674 405.54353267070837 11804.306250594091 77.886287838220596 168.90243403986096 762.00769998505712 168.70290005207062 110.91869472339749 374.20015027374029 67494.526005120482 2005.6998833646066 1809.8935985900462 1868.0180481474381 690.15379649028182 932.11351571721025
leaf_count=134512 3657 45165 119 960 3402 648 478 1639 234570 6239 7335 5825 2212 2687
internal_value=-0.00326534 -0.033267 -0.0202104 -4.55604e-05 -0.00381708 0.00698849 -8.6847e-06 0.00892844 -4.78376e-05 -0.000553549 -0.00481509 -0.000162502 0.0043684 0.001249
internal_weight=126877 12287.7 483.43 114589 1099.61 337.605 113490 485.119 113005 45510.2 3815.59 41694.6 3490.29 2800.13
internal_count=449448 48941 3776 400507 5010 1608 395497 2117 393380 158810 13574 145236 10724 8512
is_linear=0
shrinkage=0.035


Tree=359
num_leaves=15
num_cat=0
split_feature=53 53 58 57 58 62 57 42 57 50 42 6 46 1
split_gain=10006.9 62.2123 17.9387 12.9194 13.5214 39.397 28.4497 26.6857 40.4793 33.7843 23.8638 23.5583 31.0702 39.9628
threshold=0.71825396825396837 0.85912698412698429 10.157999351365289 2.5717698402061928 9.8530962726721345 3.2333333333333321 1.3915407368908459 0.09999999999999952 2.0746951444541026 19.000000000000004 0.39999999999999936 2.3038335330933397 -1.0000000180025095e-35 12.500000000000002
decision_type=2 2 2 2 2 2 2 2 2 2 2 2 2 2
left_child=3 2 -2 4 5 7 -7 8 9 -1 -8 -11 -13 -14
right_child=1 -3 -4 -5 -6 6 10 -9 -10 11 -12 12 13 -15
leaf_value=-4.2871540820054183e-05 -1.27705915737176e-07 -1.251489599601774e-07 -1.27705915737176e-07 0.0025686203394425138 2.8985576050905973e-06 0.0016974467119303593 0.00060476763155724821 -9.672985819138854e-06 0.0020182233104787018 7.4447257747528875e-06 -0.0013036130112135959 -0.00061427950388735959 -0.0011346659932918591 0.0016718630143334036
leaf_weight=4894.5424660625868 405.54353267070837 11804.306250594091 77.886287838220596 207.39759832876734 89847.420942768455 624.70121174491942 2308.5273085618392 12660.290455906652 373.91959613095969 378.38363006711006 542.11618843302131 1690.6352838389575 706.83058263361454 354.72026018798351
leaf_count=35806 3657 45165 119 1533 222116 4300 17610 94956 2222 2475 4263 9123 4116 1987
internal_value=-0.00326366 -0.033267 -0.0202104 -4.37e-05 -5.98959e-05 -0.00078794 0.00265955 -0.00135786 -0.00288627 -0.00341377 0.00116308 -0.00624787 -0.00737054 -0.00264291
internal_weight=126877 12287.7 483.43 114589 114382 24534.7 3475.34 21059.3 8399.03 8025.11 2850.64 3130.57 2752.19 1061.55
internal_count=449448 48941 3776 400507 398974 176858 26173 150685 55729 53507 21873 17701 15226 6103
is_linear=0
shrinkage=0.035


Tree=360
num_leaves=15
num_cat=2
split_feature=53 53 58 10 13 15 1 57 59 0 0 52 2 57
split_gain=10008.4 62.2123 17.9387 12.5981 31.6075 28.8746 51.9388 39.9369 45.8919 39.3122 27.899 28.6047 22.3709 24.0374
threshold=0.71825396825396837 0.85912698412698429 10.157999351365289 0.97576360450213639 0.98148119052529537 1.0000000180025095e-35 17.500000000000004 0.70685354671678924 0.35769492645306972 0 1 0.32161188036251132 3.5000000000000004 1.3783278524332532
decision_type=2 2 2 2 2 2 2 2 2 1 1 2 2 2
left_child=3 2 -2 -1 5 6 -5 10 12 -10 11 -8 13 -9
right_child=1 -3 -4 4 -6 -7 7 8 9 -11 -12 -13 -14 -15
leaf_value=3.178574911720356e-05 -1.2323620868637485e-07 -1.207687463615712e-07 -1.2323620868637485e-07 -1.4203059806733311e-05 9.5069839034468867e-07 1.1537850195766512e-05 0.00051522505399975715 -0.0016173905192593248 0.00064875728594251394 -0.0021273812843302965 9.1599133409516061e-05 -0.00037716472784491794 -0.002774969616387445 0.002456074159988917
leaf_weight=8902.2744978778064 405.54353267070837 11804.306250594091 77.886287838220596 3550.0419879443944 96308.056329529034 3204.3983782194555 66.518426537513733 122.89512803405523 275.68439444899559 421.72172363102436 742.72372778132558 334.8568932749331 591.62302942946553 68.69100795686245
leaf_count=45652 3657 45165 119 11673 323731 10918 147 393 1137 1538 2461 1111 1508 238
internal_value=-0.00326149 -0.033267 -0.0202104 -4.13017e-05 -0.000147853 -0.00208628 -0.00348344 -0.00720668 -0.0109839 -0.00436066 -0.0022657 -0.00945214 -0.0167521 -0.00595476
internal_weight=126877 12287.7 483.43 114589 105687 9379.15 6174.76 2624.71 1480.62 697.406 1144.1 401.375 783.209 191.586
internal_count=449448 48941 3776 400507 354855 31124 20206 8533 4814 2675 3719 1258 2139 631
cat_boundaries=0 1 2
cat_threshold=302123008 268566530
is_linear=0
shrinkage=0.035


Tree=361
num_leaves=15
num_cat=1
split_feature=53 53 58 12 0 51 6 60 10 57 13 62 15 1
split_gain=10008.9 62.2123 17.9387 12.6392 36.0683 31.1438 41.418 28.9904 25.1574 29.4082 27.2218 31.7783 35.7945 30.7012
threshold=0.71825396825396837 0.85912698412698429 10.157999351365289 0.98097792214827562 0 0.30851372007593508 6.0706879058506189 0.53435276464917691 0.98427292953413259 0.0041866128198448449 0.9871299501393469 -2.010416666666667 1.0000000180025095e-35 17.500000000000004
decision_type=2 2 2 2 1 2 2 2 2 2 2 2 2 2
left_child=3 2 -2 4 7 -6 -7 -1 9 -5 11 -10 13 -13
right_child=1 -3 -4 8 5 6 -8 -9 10 -11 -12 12 -14 -15
leaf_value=4.543558092307981e-05 -1.1892294138235173e-07 -1.1654184023891619e-07 -1.1892294138235173e-07 -1.4990100189974793e-05 -4.7008378198377483e-05 -1.6384381923889061e-05 -0.0023581430259280974 -7.7210593722029102e-05 3.8358021497031038e-05 0.00011841517482168774 4.3630744490497087e-06 -6.4293956545420118e-05 1.1387186167334252e-05 -0.00047590690151285922
leaf_weight=8917.1605124697089 405.54353267070837 11804.306250594091 77.886287838220596 285.58113023382612 7222.3339071422815 475.99332725349814 553.48072471865453 4000.1666884059086 1669.1165679953992 5573.3302665294614 76589.5111783389 3508.0471685677767 3153.1466520428658 2641.6174009665847
leaf_count=32538 3657 45165 119 934 34856 3171 3174 14938 5177 26487 250355 10605 10150 8122
internal_value=-0.0032607 -0.033267 -0.0202104 -4.04238e-05 -0.000812404 -0.00261672 -0.00828663 0.000343114 0.000134576 0.00235295 -1.41115e-05 -0.00164376 -0.00244163 -0.00399419
internal_weight=126877 12287.7 483.43 114589 21169.1 8251.81 1029.47 12917.3 93420.4 5858.91 87561.4 10971.9 9302.81 6149.66
internal_count=449448 48941 3776 400507 88677 41201 6345 47476 311830 27421 284409 34054 28877 18727
cat_boundaries=0 1
cat_threshold=335677568
is_linear=0
shrinkage=0.035


Tree=362
num_leaves=15
num_cat=1
split_feature=53 53 58 57 57 57 57 59 0 11 51 1 59 46
split_gain=10005.5 62.2123 17.9387 12.749 46.14 65.4449 98.3732 44.5616 39.9407 39.67 49.0521 59.4028 36.9748 34.9376
threshold=0.71825396825396837 0.85912698412698429 10.157999351365289 0.048058731638336925 0.14307512925434676 0.18079912731214931 0.23109167196932104 0.87379901192678244 0 1.0757066945062175 0.30851372007593508 7.5000000000000009 0.86529924138975423 -5.3499999999999979
decision_type=2 2 2 2 2 2 2 2 1 2 2 2 2 2
left_child=3 2 -2 -1 13 7 12 8 -6 10 -8 -12 -7 -5
right_child=1 -3 -4 4 5 6 9 -9 -10 -11 11 -13 -14 -15
leaf_value=-3.2836142748278888e-06 -1.147606384339694e-07 -1.1246287583055412e-07 -1.147606384339694e-07 0.00019633762378284175 -2.7720838794410427e-05 0.00030563536749541849 -1.4208637391092128e-05 0.00013708547429198679 -0.0002715076899176357 0.0004979569817070051 -0.0022524478306471065 -0.00034315544238453736 -3.2132039420634945e-05 3.5205205023219335e-05
leaf_weight=11859.64616300026 405.54353267070837 11804.306250594091 77.886287838220596 702.88529542833567 680.52756020310335 2015.7580522238277 83201.752145707374 579.53813187032938 1432.7430797312409 4340.2031555583235 472.34200604748912 3456.4841559652705 585.13050363957882 5262.475275289733
leaf_count=41413 3657 45165 119 2433 2158 6016 283003 2132 3534 21309 2055 17927 2011 16516
internal_value=-0.00326583 -0.033267 -0.0202104 -4.60978e-05 7.93776e-05 -0.000104927 4.93457e-05 -0.00547459 -0.00782457 -0.000141847 -0.00030467 -0.00412121 0.00674821 0.00306417
internal_weight=126877 12287.7 483.43 114589 102730 96764.5 94071.7 2692.81 2113.27 91470.8 87130.6 3928.83 2600.89 5965.36
internal_count=449448 48941 3776 400507 359094 340145 332321 7824 5692 324294 302985 19982 8027 18949
cat_boundaries=0 2
cat_threshold=33556608 262144
is_linear=0
shrinkage=0.035


Tree=363
num_leaves=15
num_cat=0
split_feature=53 53 58 42 40 1 6 28 40 45 40 63 57 64
split_gain=10002.8 62.2123 17.9387 12.4775 12.5297 40.0703 39.1733 32.8325 31.7056 31.5531 39.6121 30.5981 42.5495 43.5963
threshold=0.71825396825396837 0.85912698412698429 10.157999351365289 31.250000000000004 0.20000000000000065 10.500000000000002 6.9749865533283666 33.500000000000007 5.900000000000003 5.5300000000000002 0.099999999999999992 0.04791666666666667 0.53141131364073613 -0.43124999999999997
decision_type=2 2 2 2 2 2 2 2 2 2 2 2 2 2
left_child=3 2 -2 4 9 6 -6 -8 -7 11 -11 -1 -13 -14
right_child=1 -3 -4 -5 5 8 7 -9 -10 10 -12 12 13 -15
leaf_value=-4.004169383631071e-06 -1.1074401608878047e-07 -1.0852667517648473e-07 -1.1074401608878047e-07 0.0026176684012998975 -6.3261979114716002e-06 -0.00018018436571575315 0.0012274056594723827 0.00013604046868047394 -0.0023952330336900721 -0.002269071076649263 9.5246232208609779e-05 -6.6118048483001383e-06 0.0025451790737783366 0.00026983758808508788
leaf_weight=72733.624299094314 405.54353267070837 11804.306250594091 77.886287838220596 66.228801101446152 3631.6370084332302 12854.091508850455 1288.4222552627325 1915.7655119895935 268.85950124636292 201.67960104346275 97.121401324868202 7150.326499347575 202.97367677092552 14178.7554601999
leaf_count=237933 3657 45165 119 324 16425 50292 3432 5538 1404 648 314 27867 982 55348
internal_value=-0.00326985 -0.033267 -0.0202104 -5.05546e-05 -5.99716e-05 -0.000856613 0.00131499 0.00412967 -0.00198796 0.00010824 -0.0110614 0.000144815 0.00130344 0.00239995
internal_weight=126877 12287.7 483.43 114589 114523 19958.8 6835.82 3204.19 13123 94564.5 298.801 94265.7 21532.1 14381.7
internal_count=449448 48941 3776 400507 400183 77091 25395 8970 51696 323092 962 322130 84197 56330
is_linear=0
shrinkage=0.035


Tree=364
num_leaves=15
num_cat=1
split_feature=53 53 58 42 43 42 42 36 0 9 48 14 1 6
split_gain=10002.4 62.2123 17.9387 12.4786 12.4532 19.944 24.1765 16.9281 15.2894 13.4153 25.7883 73.0991 63.4879 81.6141
threshold=0.71825396825396837 0.85912698412698429 10.157999351365289 31.250000000000004 1.3650000000000004 26.750000000000004 30.950000000000006 -2.1499999999999999 0 1.0001004049864812 0.16391934121093918 1.0429066411824164 8.5000000000000018 6.3809484666880296
decision_type=2 2 2 2 2 2 2 2 1 2 2 2 2 2
left_child=3 2 -2 4 5 9 -7 -6 -9 -1 11 -11 13 -13
right_child=1 -3 -4 -5 7 6 -8 8 -10 10 -12 12 -14 -15
leaf_value=-5.9204532169703347e-06 -1.0686797552567315e-07 -1.0472824154530776e-07 -1.0686797552567315e-07 0.0025260500072543991 -0.00013127336218751907 -0.0014251313582830528 9.194606415326483e-05 0.00091294628476238217 -0.00050142451815953079 8.0753740427741317e-06 2.3580296268427629e-06 -8.1873945008057593e-06 0.00026201240891350901 0.0032581656836846488
leaf_weight=77711.360884095076 405.54353267070837 11804.306250594091 77.886287838220596 66.228801101446152 127.1268672645092 169.63100025057793 117.95936815068126 188.16289015114307 63.495200097560883 4786.0743121250998 29648.170296454802 254.6776980580762 856.87555777374655 599.72264914214611
leaf_count=256125 3657 45165 119 324 458 819 561 559 432 15681 120064 1059 2914 1511
internal_value=-0.00327043 -0.033267 -0.0202104 -5.11982e-05 -6.06155e-05 -8.19079e-05 -0.00913087 0.00619279 0.0113047 -5.82514e-05 0.000498726 0.00249394 0.00867963 0.0153737
internal_weight=126877 12287.7 483.43 114589 114523 114144 287.59 378.785 251.658 113857 36145.5 6497.35 1711.28 854.4
internal_count=449448 48941 3776 400507 400183 398734 1380 1449 991 397354 141229 21165 5484 2570
cat_boundaries=0 2
cat_threshold=137344 262144
is_linear=0
shrinkage=0.035


Tree=365
num_leaves=15
num_cat=0
split_feature=53 53 58 64 6 62 62 59 1 21 61 61 15 46
split_gain=10007.5 62.2123 17.9387 12.4597 29.4545 28.7186 22.6007 59.547 52.8671 77.6058 73.003 62.1889 44.54 43.4492
threshold=0.71825396825396837 0.85912698412698429 10.157999351365289 -0.027083333333333338 7.6147842215101331 -2.4354166666666663 3.1854166666666672 0.38168568572378603 17.500000000000004 1.0000000180025095e-35 21.902083333333341 20.722916666666674 1.0000000180025095e-35 7.7000000000000011
decision_type=2 2 2 2 2 2 2 2 2 2 2 2 2 2
left_child=3 2 -2 4 -1 -6 13 -8 9 -9 12 -11 -10 -5
right_child=1 -3 -4 6 5 -7 7 8 10 11 -12 -13 -14 -15
leaf_value=-1.2049933704842871e-06 -1.031275963822746e-07 -1.0106275309122199e-07 -1.031275963822746e-07 -7.1894100855832679e-06 -0.0012635681764757757 0.0002915046046927472 0.00048745198481696232 -0.00064012070834130303 0.00040532486707953847 0.00083043958773453062 0.0019169831497177561 -0.00094383125162270998 -0.0017725716826772133 -0.00099546953712082234
leaf_weight=24030.221194988349 405.54353267070837 11804.306250594091 77.886287838220596 68059.616545447148 283.51412905752659 7878.8210537396371 5429.0738864289597 3965.4502122215927 1115.6782025583088 1275.2167989006266 631.67799906805158 510.54050000756979 293.1936022862792 1116.4813999608159
leaf_count=108471 3657 45165 119 223199 602 17030 17428 14715 4158 5040 2556 2268 972 4068
internal_value=-0.00326275 -0.033267 -0.0202104 -4.26887e-05 0.000541093 0.00235621 -0.000270811 0.00105461 -0.000906113 -0.00262283 0.00392158 0.0034227 -0.000531547 -0.000524239
internal_weight=126877 12287.7 483.43 114589 32192.6 8162.34 82396.9 13220.8 7791.76 5751.21 2040.55 1785.76 1408.87 69176.1
internal_count=449448 48941 3776 400507 126103 17632 274404 47137 29709 22023 7686 7308 5130 227267
is_linear=0
shrinkage=0.035


Tree=366
num_leaves=15
num_cat=0
split_feature=53 53 58 11 57 6 11 47 15 36 13 14 57 57
split_gain=10007.3 62.2123 17.9387 12.598 25.4839 30.2174 54.2367 28.0605 35.2895 32.46 33.1171 32.3424 32.26 25.5036
threshold=0.71825396825396837 0.85912698412698429 10.157999351365289 0.9953765851692965 2.2665545039772081 8.0481575277846371 1.0506581689935952 0.045466029675226248 1.0000000180025095e-35 -4.1499999999999995 0.99162398253515427 1.1228774058946247 1.6591989981469972 1.2869651534557804
decision_type=2 2 2 2 2 2 2 2 2 2 2 2 2 2
left_child=3 2 -2 -1 5 13 7 11 9 -9 -11 12 -7 -5
right_child=1 -3 -4 4 -6 6 -8 8 -10 10 -12 -13 -14 -15
leaf_value=-1.5406873904273146e-05 -9.9518130508894986e-08 -9.7525556733029221e-08 -9.9518130508894986e-08 -2.0206293139896018e-06 0.00073003198340575897 0.00095354561305466723 0.0022022891970166639 -0.00088714666956420389 -0.00063304026833578173 -0.00074127502522005739 0.00016435481800357923 0.0022701390752515841 -0.00067558849000878092 0.00016706163671720067
leaf_weight=43610.594082173891 405.54353267070837 11804.306250594091 77.886287838220596 38419.953095118282 1106.4095378711354 259.89523461461067 150.02389435470104 353.6035071015358 1692.7412287890911 432.33405026048422 1823.9151467643678 140.14952406287193 371.12184500414878 26228.744378549745
leaf_count=159353 3657 45165 119 132210 4467 400 243 196 2289 636 2508 148 595 97462
internal_value=-0.00326314 -0.033267 -0.0202104 -4.31204e-05 0.00024453 0.000160683 -0.00239727 -0.0030245 -0.00412563 -0.00156159 2.3586e-06 0.00309325 -0.00037482 0.000367711
internal_weight=126877 12287.7 483.43 114589 70978.9 69872.5 5223.78 5073.76 4302.59 2609.85 2256.25 771.167 631.017 64648.7
internal_count=449448 48941 3776 400507 241154 236687 7015 6772 5629 3340 3144 1143 995 229672
is_linear=0
shrinkage=0.035


Tree=367
num_leaves=15
num_cat=1
split_feature=53 53 58 12 57 14 7 57 0 6 10 57 62 60
split_gain=10003.7 62.2123 17.9387 12.5224 21.2188 35.2514 16.6111 37.2066 26.9188 16.0537 15.2968 39.2254 23.108 45.5636
threshold=0.71825396825396837 0.85912698412698429 10.157999351365289 0.92628517360663987 0.36161147247275599 1.1694833628063137 1.1266818792896189 0.1313701521895769 0 6.6610883232237637 1.009310124759079 0.016741381171786123 1.8291666666666664 -0.8038981836306559
decision_type=2 2 2 2 2 2 2 2 1 2 2 2 2 2
left_child=3 2 -2 4 -1 9 10 8 -8 -6 -5 -12 -13 -14
right_child=1 -3 -4 6 5 -7 7 -9 -10 -11 11 12 13 -15
leaf_value=4.5422435815720426e-05 -9.6034995941083669e-08 -9.4112162247373188e-08 -9.6034995941083669e-08 4.1928401294883561e-06 -0.0010355201628037603 -0.0024782560543973693 0.00011631601930560745 0.00061679408256500176 -0.00013106121733177074 -8.3560065624916925e-05 1.2183513368774327e-05 -0.00010752486884832027 0.00055778389786326102 -0.00019000902290590706
leaf_weight=1024.2106071449816 405.54353267070837 11804.306250594091 77.886287838220596 80955.56390125188 735.84498228877783 176.91631389199756 133.18609188124537 2487.2089024255984 310.45444893185049 1725.9816889837384 1873.5171054012608 17198.662003498757 2792.9839106651489 5174.9555682996288
leaf_count=4733 3657 45165 119 266250 6679 920 861 12391 1351 6218 5898 63490 10919 20797
internal_value=-0.00326855 -0.033267 -0.0202104 -4.91122e-05 -0.00205973 -0.00371552 1.74611e-05 0.00261282 -0.00662388 -0.00259154 -5.32085e-05 -0.000773798 -0.00113801 0.000419809
internal_weight=126877 12287.7 483.43 114589 3662.95 2638.74 110927 2930.85 443.641 2461.83 107996 27040.1 25166.6 7967.94
internal_count=449448 48941 3776 400507 18550 13817 381957 14603 2212 12897 367354 101104 95206 31716
cat_boundaries=0 1
cat_threshold=100663424
is_linear=0
shrinkage=0.035


Tree=368
num_leaves=15
num_cat=0
split_feature=53 53 58 8 58 9 6 6 62 1 46 1 14 62
split_gain=10008 62.2123 17.9387 13.0025 19.5678 13.9488 24.0689 44.3518 29.7293 33.8276 44.6223 37.5725 84.6171 34.1884
threshold=0.71825396825396837 0.85912698412698429 10.157999351365289 1.0523978771436489 10.756870905622581 1.0082176687638922 7.6909189469034516 7.7798773324825872 -4.0312499999999991 12.500000000000002 1.0000000180025095e-35 8.5000000000000018 1.1694833628063137 -1.8166666666666671
decision_type=2 2 2 2 2 2 2 2 2 2 2 2 2 2
left_child=3 2 -2 5 -5 -1 -7 -8 -9 10 11 12 13 -10
right_child=1 -3 -4 4 -6 6 7 8 9 -11 -12 -13 -14 -15
leaf_value=-6.2602758440732083e-06 -9.2673771083145736e-08 -9.0818236568715122e-08 -9.2673771083145736e-08 8.006713282215077e-05 0.00078516596686349649 1.2168588430357954e-06 0.0011769721078309515 0.0020115854208207621 -0.00077428878303561935 0.00032431056042797949 -0.00053880498481844623 -0.0012506594641105752 0.0044739750974012379 0.0014150134986877084
leaf_weight=81580.702347940532 405.54353267070837 11804.306250594091 77.886287838220596 1585.9270834454801 162.1441216468811 24672.295373476809 1193.274979245849 191.11895751953125 256.75860583782196 3089.7936659771949 1412.8102441728115 105.80084189772606 200.21066746115685 138.64863604307175
leaf_count=265096 3657 45165 119 9034 269 111660 3278 368 542 6484 2808 202 435 331
internal_value=-0.00326203 -0.033267 -0.0202104 -4.18955e-05 0.00294491 -8.84222e-05 0.000540101 0.00241774 0.00106049 0.00054913 -0.0028543 0.00432144 0.00776126 -0.00173528
internal_weight=126877 12287.7 483.43 114589 1748.07 112841 31260.7 6588.42 5395.14 5204.02 2114.23 701.419 595.618 395.407
internal_count=449448 48941 3776 400507 9303 391204 126108 14448 11170 10802 4318 1510 1308 873
is_linear=0
shrinkage=0.035


Tree=369
num_leaves=15
num_cat=1
split_feature=53 53 58 36 46 64 61 46 57 46 28 46 0 36
split_gain=10006.3 62.2123 17.9387 12.2914 58.8669 33.0726 33.038 27.8627 45.7914 23.781 23.4564 22.2594 26.1264 22.0479
threshold=0.71825396825396837 0.85912698412698429 10.157999351365289 28.750000000000004 2.5499999999999998 -0.0083333333333333436 24.354166666666675 6.2000000000000028 0.88442603758024807 -3.5999999999999983 44.500000000000007 1.1500000000000006 0 25.150000000000002
decision_type=2 2 2 2 2 2 2 2 2 2 2 2 1 2
left_child=3 2 -2 6 5 -5 -1 8 9 -8 -9 -10 13 -13
right_child=1 -3 -4 4 -6 -7 7 10 11 -11 -12 12 -14 -15
leaf_value=-1.9544897939029522e-06 -8.9430189095235631e-08 -8.7639598288810104e-08 -8.9430189095235631e-08 -0.0016319049923138608 -0.001386498376275729 0.0018842256980003914 4.1076887125186622e-05 0.000697485739020215 0.0021107714323161933 -0.00010931137029237982 -0.0011651975789637515 -0.00016044673946774671 -0.0014235210732882943 0.002144982977128106
leaf_weight=110723.70421107789 405.54353267070837 11804.306250594091 77.886287838220596 100.50573394820094 916.20050002634525 305.47260036692023 892.60357137396932 60.572899505496025 689.56363761052489 317.46787232160568 245.37479935958982 76.165599495172501 148.99650031328201 112.85759926587343
leaf_count=383608 3657 45165 119 636 4023 1278 3955 243 3029 1296 1035 248 780 376
internal_value=-0.00326467 -0.033267 -0.0202104 -4.48152e-05 -0.00338714 0.00758416 -5.50445e-06 0.00393043 0.00528621 0.000654675 -0.00583903 0.0106814 0.00319767 0.0112539
internal_weight=126877 12287.7 483.43 114589 1322.18 405.978 113267 2543.6 2237.65 1210.07 305.948 1027.58 338.02 189.023
internal_count=449448 48941 3776 400507 5937 1914 394570 10962 9684 5251 1278 4433 1404 624
cat_boundaries=0 1
cat_threshold=67241986
is_linear=0
shrinkage=0.035


Tree=370
num_leaves=15
num_cat=1
split_feature=53 53 58 11 1 14 1 12 57 5 31 58 0 14
split_gain=10007.9 62.2123 17.9387 12.3276 30.0289 96.4953 40.226 37.6689 37.6549 37.5888 37.0774 36.912 33.0657 44.6415
threshold=0.71825396825396837 0.85912698412698429 10.157999351365289 0.97872776580602372 16.500000000000004 1.0123130853103539 8.5000000000000018 0.99456893778813404 0.42610336992466463 35.500000000000007 1.0000000180025095e-35 10.795223960246757 0 1.1694833628063137
decision_type=2 2 2 2 2 2 2 2 2 2 2 2 1 2
left_child=3 2 -2 4 6 7 11 -6 -7 -9 12 -1 13 -8
right_child=1 -3 -4 -5 5 8 10 9 -10 -11 -12 -13 -14 -15
leaf_value=-7.9363074172222935e-06 -8.630013247690238e-08 -8.4572212348701745e-08 -8.630013247690238e-08 2.8497646630090303e-06 -2.4890136203598036e-05 0.00015667007313305712 -0.00021698691109961035 0.00038844030368592747 -0.001028357405259936 0.0014634353629844644 -0.0031879718029382766 4.2315166499927165e-05 -0.00045521654798200253 0.0029281119372392699
leaf_weight=5139.5660354858264 405.54353267070837 11804.306250594091 77.886287838220596 91876.911996933632 2259.6985143003985 459.23276317329146 618.97348382603377 2460.5529266719241 1847.3401143173687 1212.1234183460474 235.89003995060921 688.17562380433083 7521.3735918477178 269.64701600768603
leaf_count=20144 3657 45165 119 309758 9400 1604 2853 9944 7003 4931 900 1008 31911 1051
internal_value=-0.0032622 -0.033267 -0.0202104 -4.20794e-05 -0.000772031 0.000914039 -0.00173178 0.00327513 -0.00514649 0.005458 -0.0032453 0.000515359 -0.00284987 0.0034867
internal_weight=126877 12287.7 483.43 114589 22712.6 8238.95 14473.6 5932.37 2306.57 3672.68 8645.88 5827.74 8409.99 888.62
internal_count=449448 48941 3776 400507 90749 32882 57867 24275 8607 14875 36715 21152 35815 3904
cat_boundaries=0 2
cat_threshold=0 262144
is_linear=0
shrinkage=0.035


Tree=371
num_leaves=15
num_cat=0
split_feature=53 53 58 9 51 57 1 8 10 13 57 1 59 2
split_gain=10007.1 62.2123 17.9387 11.9508 19.9273 16.9962 17.8347 16.8923 18.6746 29.7763 27.1415 39.0676 49.9889 33.6121
threshold=0.71825396825396837 0.85912698412698429 10.157999351365289 0.89619861225554598 0.91106682255889482 1.9168585121959676 9.5000000000000018 0.94069805743600854 0.97520397795420444 0.98148119052529537 0.37450808872536351 17.500000000000004 0.26781182513105634 3.5000000000000004
decision_type=2 2 2 2 2 2 2 2 2 2 2 2 2 2
left_child=3 2 -2 -1 7 6 -6 -5 -9 10 -10 -12 13 -13
right_child=1 -3 -4 4 5 -7 -8 8 9 -11 11 12 -14 -15
leaf_value=-0.00018022174029970529 -8.3279627840210797e-08 -8.1612184916497188e-08 -8.3279627840210797e-08 -0.00019917485185759262 -0.00019966778535550179 -0.0013786973536037174 0.0016993695292012668 4.3364653479431605e-05 7.6862974189612945e-06 2.1405956333857367e-06 -0.00013885055858699704 -0.00052861139102247689 -0.0003412484640466268 -0.0024853517747409305
leaf_weight=3444.5600493452512 405.54353267070837 11804.306250594091 77.886287838220596 1429.8896338418126 73.830033296020702 94.710834864759818 416.98714794754051 6903.310155550018 3131.4045639634132 93167.657508761156 3675.9814812317491 420.80288022011518 1276.7808943465352 553.57034129649401
leaf_count=16734 3657 45165 119 7658 339 351 1610 35048 8932 308894 13282 1289 4991 1379
internal_value=-0.00326338 -0.033267 -0.0202104 -4.33853e-05 1.96255e-05 0.00640482 0.00900613 -1.4767e-05 3.4922e-05 -8.41296e-05 -0.00199868 -0.00338935 -0.00700986 -0.0129395
internal_weight=126877 12287.7 483.43 114589 111145 585.528 490.817 110559 109130 102226 9058.54 5927.14 2251.15 974.373
internal_count=449448 48941 3776 400507 383773 2300 1949 381473 373815 338767 29873 20941 7659 2668
is_linear=0
shrinkage=0.035


Tree=372
num_leaves=15
num_cat=1
split_feature=53 53 58 10 57 51 57 57 57 57 9 1 0 60
split_gain=10009.2 62.2123 17.9387 11.9612 32.8558 20.5803 20.3472 30.4251 46.1962 51.8394 42.762 48.0305 43.6706 54.3721
threshold=0.71825396825396837 0.85912698412698429 10.157999351365289 1.009310124759079 0.016741381171786123 0.31696405039270475 0.048058731638336925 0.14307512925434676 0.17030564934515588 0.23109167196932104 0.986597351708978 7.5000000000000009 0 -0.86092912513210462
decision_type=2 2 2 2 2 2 2 2 2 2 2 2 1 2
left_child=3 2 -2 6 5 -5 -1 -8 -9 -10 11 12 13 -11
right_child=1 -3 -4 4 -6 -7 7 8 9 10 -12 -13 -14 -15
leaf_value=-3.6375516546869682e-06 -8.0364840865803416e-08 -7.8755758444419781e-08 -8.0364840865803416e-08 8.0505373146971698e-06 -6.7436415439741252e-05 0.00012950894789348432 6.0647245818145418e-05 -0.00017074696584549979 0.00019370225350385769 0.0012757445545355612 7.6056769410799428e-05 -6.6872565719688914e-05 -0.00086028586980001871 -0.00040600471008581497
leaf_weight=9074.2115289852954 405.54353267070837 11804.306250594091 77.886287838220596 1795.7442005469929 27297.077655654633 139.45233428478241 4039.76454396802 1357.7122843901161 2253.9794665398076 252.78744118660688 49801.54522641981 16400.815032323822 1738.4069085523952 437.98890181258321
leaf_count=31861 3657 45165 119 5623 106256 577 12529 3996 6954 805 164025 60190 5945 1746
internal_value=-0.00326028 -0.033267 -0.0202104 -3.99553e-05 -0.000650872 0.0037445 0.000169317 0.000355743 0.000190231 0.000313119 0.000141203 -0.00127917 -0.00586175 0.00159996
internal_weight=126877 12287.7 483.43 114589 29232.3 1935.2 85357.2 76283 72243.2 70885.5 68631.5 18830 2429.18 690.776
internal_count=449448 48941 3776 400507 112456 6200 288051 256190 243661 239665 232711 68686 8496 2551
cat_boundaries=0 1
cat_threshold=335675392
is_linear=0
shrinkage=0.035


Tree=373
num_leaves=15
num_cat=0
split_feature=53 53 58 6 1 60 62 36 2 28 57 41 62 60
split_gain=10010 62.2123 17.9387 12.2136 56.4626 197.466 64.8012 48.2509 42.0625 41.0482 65.5252 46.6089 49.5193 37.1199
threshold=0.71825396825396837 0.85912698412698429 10.157999351365289 8.0481575277846371 8.5000000000000018 -0.9523422988233432 -1.175 20.150000000000002 1.0000000180025095e-35 32.500000000000007 2.061876873652198 1.3500000000000016 1.2354166666666659 0.53435276464917691
decision_type=2 2 2 2 2 2 2 2 2 2 2 2 2 2
left_child=3 2 -2 -1 5 -5 7 8 13 10 -6 -11 -13 -7
right_child=1 -3 -4 4 9 6 -8 -9 -10 11 -12 12 -14 -15
leaf_value=1.6635536319264434e-06 -7.7552071435500307e-08 -7.5999306898865093e-08 -7.7552071435500307e-08 0.0037592033666399832 -0.00017938241637901366 -0.001252980572581416 0.00071360108667777543 0.0014592589817140423 -0.00089919568214464685 -0.00057452779275649405 0.0010151220471936397 -0.00065097055667910912 0.0010255706967095613 0.0017732284001824451
leaf_weight=104428.96715375525 405.54353267070837 11804.306250594091 77.886287838220596 391.68606486916542 2835.8239823877811 150.86731255054474 891.45226761698723 124.83642667531967 1128.8487187623978 3127.1346404384822 669.72826963663101 383.8454909324646 310.37996408343315 145.91523295640945
leaf_count=385440 3657 45165 119 734 3631 284 1246 237 1750 4775 949 683 540 238
internal_value=-0.00325907 -0.033267 -0.0202104 -3.86138e-05 -0.00119643 0.00299201 -0.000745709 -0.00505868 -0.00691064 -0.00281813 -8.10102e-05 -0.00532228 0.0028488 0.0046928
internal_weight=126877 12287.7 483.43 114589 10160.5 2833.61 2441.92 1550.47 1425.63 7326.91 3505.55 3821.36 694.225 296.783
internal_count=449448 48941 3776 400507 15067 4489 3755 2509 2272 10578 4580 5998 1223 522
is_linear=0
shrinkage=0.035


Tree=374
num_leaves=15
num_cat=0
split_feature=53 53 58 52 60 57 23 6 46 57 64 57 6 2
split_gain=10015.8 62.2123 17.9387 12.0224 45.3433 63.9712 40.1355 42.1879 39.8877 38.3245 36.906 36.5255 65.9621 35.6249
threshold=0.71825396825396837 0.85912698412698429 10.157999351365289 0.16800682982356294 -0.9523422988233432 1.6304150257497732 1.0000000180025095e-35 8.0933700261432335 -0.79999999999999927 0.66019552387941782 -0.22291666666666665 0.70685354671678924 7.3158833121960223 4.5000000000000009
decision_type=2 2 2 2 2 2 2 2 2 2 2 2 2 2
left_child=3 2 -2 4 5 11 9 -8 -9 -6 -11 12 -1 -13
right_child=1 -3 -4 -5 6 -7 7 8 -10 10 -12 13 -14 -15
leaf_value=4.7288101795159321e-06 -7.4837748935257779e-08 -7.333933115740481e-08 -7.4837748935257779e-08 -4.2037705820108502e-06 -9.748114303836023e-06 0.0033999121659022695 -1.1725214040166935e-06 -0.0012392412595292736 -0.00030759685525055374 0.0015130977928142998 0.00017683455154275608 -0.00075660308465851425 0.0014884679638203469 0.00097244267803286999
leaf_weight=315.30843677953817 405.54353267070837 11804.306250594091 77.886287838220596 96446.156688831747 2669.2360482048243 432.46763014048338 3532.6737210042775 402.93016454577446 1295.2950106859207 393.61828829720616 8415.5059081865475 324.92229636013508 114.02361047267914 247.34772115573287
leaf_count=1181 3657 45165 119 360744 8175 1213 6585 470 1646 925 17723 722 183 940
internal_value=-0.00325044 -0.033267 -0.0202104 -2.90597e-05 0.000797248 0.00674748 0.000282839 -0.00225552 -0.00677136 0.00144057 0.0025533 0.00183193 0.00943571 -0.0039367
internal_weight=126877 12287.7 483.43 114589 18143.3 1434.07 16709.3 5230.9 1698.23 11478.4 8809.12 1001.6 429.332 572.27
internal_count=449448 48941 3776 400507 39763 4239 35524 8701 2116 26823 18648 3026 1364 1662
is_linear=0
shrinkage=0.035


Tree=375
num_leaves=15
num_cat=0
split_feature=53 53 58 11 1 14 1 58 57 31 46 27 5 14
split_gain=10016.7 62.2123 17.9387 11.8672 29.8583 84.9419 36.8227 38.5524 34.6247 34.6005 34.5814 37.0644 36.3962 33.7585
threshold=0.71825396825396837 0.85912698412698429 10.157999351365289 0.97827158605532338 16.500000000000004 1.0123130853103539 8.5000000000000018 10.795223960246757 0.37450808872536351 1.0000000180025095e-35 4.2000000000000028 46.500000000000007 29.500000000000004 0.91445908622183281
decision_type=2 2 2 2 2 2 2 2 2 2 2 2 2 2
left_child=3 2 -2 4 6 13 7 -1 -7 10 11 -8 -13 -6
right_child=1 -3 -4 -5 5 8 9 -9 -10 -11 -12 12 -14 -15
leaf_value=-8.25357040142849e-06 -7.2218427722523768e-08 -7.0772454566895646e-08 -7.2218427722523768e-08 3.0808731959619532e-06 0.00088094774669360114 0.000176705396942769 -0.00019540741104830285 4.0781337163933059e-05 -0.00089188859530090045 -0.003075961289282057 -5.8664030568120754e-05 -0.0003978502493232561 -0.0015346290246228934 0.00011334727522072431
leaf_weight=5073.1908493405208 405.54353267070837 11804.306250594091 77.886287838220596 92382.030502415495 2195.9446526169777 402.56621190323494 1875.8440247480758 618.75246545672417 1850.2936714147218 234.99490661919117 4087.3437286186963 1000.3879786767066 1216.8775982521474 3651.2589346023742
leaf_count=19902 3657 45165 119 311356 8938 1349 7320 893 7068 895 17330 4797 5624 15035
internal_value=-0.00324901 -0.033267 -0.0202104 -2.74818e-05 -0.000753755 0.000939183 -0.00172577 0.000448268 -0.00482146 -0.00319501 -0.00280307 -0.005073 -0.00812653 0.00316314
internal_weight=126877 12287.7 483.43 114589 22207.5 8100.06 14107.4 5691.94 2252.86 8415.45 8180.45 4093.11 2217.27 5847.2
internal_count=449448 48941 3776 400507 89151 32390 56761 20795 8417 35966 35071 17741 10421 23973
is_linear=0
shrinkage=0.035


Tree=376
num_leaves=15
num_cat=1
split_feature=53 53 58 10 13 0 2 1 1 57 2 39 63 58
split_gain=10018.2 62.2123 17.9387 12.0247 29.3507 34.4707 28.4948 33.1058 24.7464 18.429 26.2078 17.7054 22.2008 17.9254
threshold=0.71825396825396837 0.85912698412698429 10.157999351365289 0.97576360450213639 0.96571962788832266 0 3.5000000000000004 17.500000000000004 1.0000000180025095e-35 2.2665545039772081 1.5000000000000002 8.3500000000000032 0.15208333333333338 10.151749522978557
decision_type=2 2 2 2 2 1 2 2 2 2 2 2 2 2
left_child=3 2 -2 -1 5 -5 8 -8 -7 -6 -11 -12 13 -13
right_child=1 -3 -4 4 9 6 7 -9 -10 10 11 12 -14 -15
leaf_value=3.1902589635566407e-05 -6.969078275223543e-08 -6.8295418657054308e-08 -6.969078275223543e-08 1.5421795508614723e-06 -2.2022390171452452e-06 -0.00011695587821325794 0.00022383497707872141 -0.0032643942690155562 -2.6600009465286363e-05 0.0010476390978990714 0.00038358514709432303 -6.9611807931875273e-05 0.0027292480949111567 -0.0016734346423675818
leaf_weight=8902.2744978778064 405.54353267070837 11804.306250594091 77.886287838220596 1486.9911257326603 100481.95872506918 195.54431144893169 80.337455898523331 387.08043191581964 650.94488553330302 990.83349345251918 795.52157417149283 278.98423655377701 66.13888431340456 272.87590269744396
leaf_count=45652 3657 45165 119 4570 336312 530 323 1352 2917 3514 2686 1806 355 490
internal_value=-0.00324678 -0.033267 -0.0202104 -2.501e-05 -0.000129109 -0.00365771 -0.00773617 -0.0146468 -0.00388409 -3.27034e-05 0.00298909 -7.87633e-05 -0.00448355 -0.00682543
internal_weight=126877 12287.7 483.43 114589 105687 2800.9 1313.91 467.418 846.489 102886 2404.35 1413.52 617.999 551.86
internal_count=449448 48941 3776 400507 354855 9692 5122 1675 3447 345163 8851 5337 2651 2296
cat_boundaries=0 1
cat_threshold=268568704
is_linear=0
shrinkage=0.035


Tree=377
num_leaves=15
num_cat=1
split_feature=53 53 58 39 42 22 28 64 0 27 39 1 2 42
split_gain=10020.2 62.2123 17.9387 11.8677 33.4608 65.2517 32.9988 47.0681 25.4986 46.7809 30.3419 24.4503 23.9974 21.8675
threshold=0.71825396825396837 0.85912698412698429 10.157999351365289 16.950000000000003 1.0999999999999996 1.0000000180025095e-35 47.500000000000007 0.33958333333333335 0 15.500000000000002 17.950000000000003 13.500000000000002 3.5000000000000004 5.2500000000000009
decision_type=2 2 2 2 2 2 2 2 1 2 2 2 2 2
left_child=3 2 -2 -1 5 8 7 13 9 10 -5 -10 -8 -6
right_child=1 -3 -4 4 6 -7 12 -9 11 -11 -12 -13 -14 -15
leaf_value=1.3279401607163567e-06 -6.7251605355907199e-08 -6.5905079004057396e-08 -6.7251605355907199e-08 -0.0015173469876085446 -0.00033825917146755818 0.0047702092455774794 -0.00029144919988566558 0.00020559562799838838 0.00045681778251549846 0.0010790237061789421 0.00060060030953797312 -0.0010756414235419355 0.0024311440222724813 -8.3059835404065822e-05
leaf_weight=109211.12356275925 405.54353267070837 11804.306250594091 77.886287838220596 143.95109968539327 1225.2096125818789 131.41800202429295 202.6284990683198 331.38144579902291 433.50288703106344 438.56689415872097 120.9347001388669 766.16270117461681 197.55030093318783 1387.0558193102479
leaf_count=381253 3657 45165 119 394 3205 225 729 1402 1890 952 330 3975 1017 5135
internal_value=-0.00324376 -0.033267 -0.0202104 -2.16676e-05 -0.00162516 0.0019082 -0.00377429 -0.00505717 0.000202676 0.0054055 -0.00599318 -0.0028884 0.00555561 -0.0066351
internal_weight=126877 12287.7 483.43 114589 5378.36 2034.54 3343.83 2943.65 1903.12 703.453 264.886 1199.67 400.179 2612.27
internal_count=449448 48941 3776 400507 19254 7766 11488 9742 7541 1676 724 5865 1746 8340
cat_boundaries=0 1
cat_threshold=133120
is_linear=0
shrinkage=0.035


Tree=378
num_leaves=15
num_cat=1
split_feature=53 53 58 43 45 62 39 57 45 46 0 62 1 46
split_gain=10025.4 62.2123 17.9387 13.5968 47.8824 31.3428 38.2595 30.3126 19.8144 55.728 24.6114 19.7164 29.2052 19.5967
threshold=0.71825396825396837 0.85912698412698429 10.157999351365289 1.0000000180025095e-35 5.5300000000000002 1.2562500000000016 15.250000000000002 0.1189477697293176 0.45500000000000013 1.7 0 -1.2083333333333324 10.500000000000002 0.50000000000000022
decision_type=2 2 2 2 2 2 2 2 2 2 1 2 2 2
left_child=3 2 -2 4 -1 6 7 -5 10 -10 -7 -9 -13 -14
right_child=1 -3 -4 5 -6 8 -8 11 9 -11 -12 12 13 -15
leaf_value=-1.0350941603595755e-06 -6.489779916845045e-08 -6.3598401238915381e-08 -6.489779916845045e-08 -1.830944168106544e-05 -0.0024306920494780019 0.00084638340996926365 -3.9268128220202147e-05 -0.00045802899358645527 0.000217243089366872 -0.0020621803626118566 -0.00045650142733108751 0.0012141269833917845 0.00045830568292104556 -0.00056792413380038378
leaf_weight=110201.19932378759 405.54353267070837 11804.306250594091 77.886287838220596 350.3096281401813 175.45810087770224 132.17100143432617 777.16807153448462 168.98715520277619 172.5802001953125 150.68860033899546 233.77759933844209 878.06570333987474 978.15223786607385 370.92790260910988
leaf_count=388408 3657 45165 119 1170 567 333 2440 640 432 387 630 2432 2096 972
internal_value=-0.00323601 -0.033267 -0.0202104 -1.30815e-05 -8.76428e-05 0.00193602 0.00327183 0.00520826 -0.00484241 -0.0110171 0.000760137 0.00661232 0.00748728 0.00420351
internal_weight=126877 12287.7 483.43 114589 110377 4212.83 3523.61 2746.44 689.217 323.269 365.949 2396.13 2227.15 1349.08
internal_count=449448 48941 3776 400507 388975 11532 9750 7310 1782 819 963 6140 5500 3068
cat_boundaries=0 2
cat_threshold=2050 262144
is_linear=0
shrinkage=0.035


Tree=379
num_leaves=15
num_cat=1
split_feature=53 53 58 9 1 57 14 1 10 58 48 57 52 0
split_gain=10023.5 62.2123 17.9387 11.9165 35.128 33.4421 49.3548 52.1233 25.1161 23.3809 23.7001 51.392 22.9245 30.5683
threshold=0.71825396825396837 0.85912698412698429 10.157999351365289 1.0549227400587247 14.500000000000002 1.0557707004963233 1.0239625556666898 22.500000000000004 1.1544719876419725 9.8782113518469661 0.67129882391818774 1.4491694541619502 0.4217724283506637 0
decision_type=2 2 2 2 2 2 2 2 2 2 2 2 2 1
left_child=3 2 -2 9 8 6 -6 -8 -5 -1 -11 12 -12 -14
right_child=1 -3 -4 4 5 -7 7 -9 -10 10 11 -13 13 -15
leaf_value=-3.2296709650416546e-05 -6.2626376197554681e-08 -6.137245719555335e-08 -6.2626376197554681e-08 -2.5699222587868235e-06 0.00033471772619207951 0.00088786025826338331 -0.0012552242902329398 0.00010359181455135419 -0.0007845596436584745 1.5138986220180154e-06 0.00032794797248112605 -0.001682521657098588 -1.8250730760558036e-05 0.00036949711048814759
leaf_weight=21917.218959899852 405.54353267070837 11804.306250594091 77.886287838220596 5912.1142740503419 842.80419478449039 2999.4928614660166 416.53922993154265 254.15907594608143 220.94756683590822 80856.383334502578 104.54556430876255 197.44660017639399 140.87261587381363 726.96124688908458
leaf_count=154194 3657 45165 119 28028 4326 14182 1669 875 788 192877 259 547 516 2246
internal_value=-0.00323878 -0.033267 -0.0202104 -1.61469e-05 0.00109854 0.00343868 -0.000800183 -0.00782343 -0.000626237 -0.00013041 0.000140964 0.00506577 0.00837257 0.006343
internal_weight=126877 12287.7 483.43 114589 10646.1 4513 1513.5 670.698 6133.06 103943 82026.2 1169.83 972.379 867.834
internal_count=449448 48941 3776 400507 49868 21052 6870 2544 28816 350639 196445 3568 3021 2762
cat_boundaries=0 1
cat_threshold=2050
is_linear=0
shrinkage=0.035


Tree=380
num_leaves=15
num_cat=0
split_feature=53 53 58 52 60 57 23 6 46 57 6 59 57 2
split_gain=10016.7 62.2123 17.9387 12.4574 44.6825 61.9022 36.9501 42.4719 37.8602 35.33 62.1819 34.0621 33.7858 33.7161
threshold=0.71825396825396837 0.85912698412698429 10.157999351365289 0.16800682982356294 -0.9523422988233432 1.6304150257497732 1.0000000180025095e-35 8.0933700261432335 -0.79999999999999927 0.70685354671678924 7.3158833121960223 0.79877197597864635 0.66019552387941782 4.5000000000000009
decision_type=2 2 2 2 2 2 2 2 2 2 2 2 2 2
left_child=3 2 -2 4 5 9 12 11 -9 10 -1 -8 -6 -11
right_child=1 -3 -4 -5 6 -7 7 8 -10 13 -12 -13 -14 -15
leaf_value=4.4693135651911793e-06 -6.0434453030640265e-08 -5.9224421193708984e-08 -6.0434453030640265e-08 -4.1105031853796299e-06 -8.9039140939297921e-06 0.0032808212518376503 1.4158267795882456e-05 -0.0011978764773964857 -0.00029692495357482089 -0.00073021596495350847 0.0014362775968285941 -0.00023744871636179 0.00021533795422882697 0.00093831319604368094
leaf_weight=315.30843677953817 405.54353267070837 11804.306250594091 77.886287838220596 96446.156688831747 2669.2360482048243 432.46763014048338 2922.5160791426897 402.93016454577446 1295.2950106859207 324.92229636013508 114.02361047267914 610.15764186158776 8809.1241964837536 247.34772115573287
leaf_count=1181 3657 45165 119 360744 8175 1213 5231 470 1646 722 183 1354 18648 940
internal_value=-0.00324908 -0.033267 -0.0202104 -2.756e-05 0.000813564 0.00672029 0.000302904 -0.00213267 -0.00666368 0.00188396 0.00936172 5.81423e-05 0.00141373 -0.00379048
internal_weight=126877 12287.7 483.43 114589 18143.3 1434.07 16709.3 5230.9 1698.23 1001.6 429.332 3532.67 11478.4 572.27
internal_count=449448 48941 3776 400507 39763 4239 35524 8701 2116 3026 1364 6585 26823 1662
is_linear=0
shrinkage=0.035


Tree=381
num_leaves=15
num_cat=1
split_feature=53 53 58 10 57 51 13 0 1 1 2 57 48 31
split_gain=10020.3 62.2123 17.9387 12.7189 29.5179 19.1118 19.107 24.0527 30.6109 36.88 77.2577 26.5988 24.0147 23.1733
threshold=0.71825396825396837 0.85912698412698429 10.157999351365289 1.009310124759079 0.016741381171786123 0.31696405039270475 1.0133461813763085 0 15.500000000000002 16.500000000000004 3.5000000000000004 1.1174130525593486 0.42392655159432469 1.0000000180025095e-35
decision_type=2 2 2 2 2 2 2 1 2 2 2 2 2 2
left_child=3 2 -2 6 5 -5 -1 11 12 10 -10 -8 -9 -11
right_child=1 -3 -4 4 -6 -7 7 8 9 13 -12 -13 -14 -15
leaf_value=-6.7658320484359498e-09 -5.8319247174567856e-08 -5.715156645192917e-08 -5.8319247174567856e-08 7.6938395403461957e-06 -6.5148814213211834e-05 0.00012481283384205855 -5.4965718649758835e-05 -6.9696806371111988e-06 -0.0010987729085205091 0.00024242700393599883 0.0028402427174101176 0.00021130724137567115 0.00015215628647425499 0.0028609073856348615
leaf_weight=74986.316189087229 405.54353267070837 11804.306250594091 77.886287838220596 1795.7442005469929 27297.077655654633 139.45233428478241 1234.3743729218841 3335.9110442735255 116.71413289010525 2772.8908640844747 331.40982695668936 1871.9946496002376 637.17420146614313 70.426052898168564
leaf_count=256000 3657 45165 119 5623 106256 577 4343 9188 337 8205 762 6579 2419 218
internal_value=-0.00324363 -0.033267 -0.0202104 -2.15266e-05 -0.0006515 0.00351465 0.000194271 0.00160159 0.00270052 0.00519504 0.0144248 -0.000974314 0.000632902 0.00369491
internal_weight=126877 12287.7 483.43 114589 29232.3 1935.2 85357.2 10370.9 7264.53 3291.44 448.124 3106.37 3973.09 2843.32
internal_count=449448 48941 3776 400507 112456 6200 288051 32051 21129 9522 1099 10922 11607 8423
cat_boundaries=0 1
cat_threshold=268437506
is_linear=0
shrinkage=0.035


Tree=382
num_leaves=15
num_cat=1
split_feature=53 53 58 52 60 57 57 6 1 61 36 0 2 42
split_gain=10020.5 62.2123 17.9387 12.5843 41.9834 60.7617 35.4403 60.5064 35.2468 34.582 51.8391 43.4355 32.5226 28.7248
threshold=0.71825396825396837 0.85912698412698429 10.157999351365289 0.16800682982356294 -0.9523422988233432 1.6304150257497732 0.70685354671678924 7.3158833121960223 8.5000000000000018 19.966666666666669 21.250000000000004 0 4.5000000000000009 8.0500000000000025
decision_type=2 2 2 2 2 2 2 2 2 2 2 1 2 2
left_child=3 2 -2 4 5 6 7 -1 -7 13 11 -11 -8 -6
right_child=1 -3 -4 -5 9 8 12 -9 -10 10 -12 -13 -14 -15
leaf_value=4.0436032064973732e-06 -5.627807352345798e-08 -5.5151261626111643e-08 -5.627807352345798e-08 -4.0267906345265926e-06 7.6136675394308083e-06 0.0037764030609439073 -0.00070465816937601629 0.0013860081177437123 0.00025677026846635312 2.7176150803577432e-05 0.00014525936115285522 -0.0007333699368297159 0.00090775244267961362 0.00021593637599245043
leaf_weight=315.30843677953817 405.54353267070837 11804.306250594091 77.886287838220596 96446.156688831747 14250.990763236769 309.70881159603596 324.92229636013508 114.02361047267914 122.75881854444742 226.99990297853947 846.46868469938636 637.80900305137038 247.34772115573287 746.99078695848584
leaf_count=1181 3657 45165 119 360744 28825 691 722 183 522 1037 2093 1476 940 2093
internal_value=-0.00324329 -0.033267 -0.0202104 -2.11506e-05 0.000824247 0.00654981 0.00175944 0.00924971 0.0173539 0.000329228 -0.00436986 -0.0103461 -0.0039223 0.000867951
internal_weight=126877 12287.7 483.43 114589 18143.3 1434.07 1001.6 429.332 432.468 16709.3 1711.28 864.809 572.27 14998
internal_count=449448 48941 3776 400507 39763 4239 3026 1364 1213 35524 4606 2513 1662 30918
cat_boundaries=0 2
cat_threshold=335550464 262144
is_linear=0
shrinkage=0.035


Tree=383
num_leaves=15
num_cat=0
split_feature=53 53 58 52 60 57 1 57 6 23 6 2 64 59
split_gain=10026.7 62.2123 17.9387 12.9124 40.3672 58.3063 33.8866 33.2898 57.224 32.6314 37.7864 30.8349 30.7598 28.7992
threshold=0.71825396825396837 0.85912698412698429 10.157999351365289 0.16800682982356294 -0.9523422988233432 1.6304150257497732 8.5000000000000018 0.70685354671678924 7.3158833121960223 1.0000000180025095e-35 8.0933700261432335 4.5000000000000009 -0.16874999999999996 0.79877197597864635
decision_type=2 2 2 2 2 2 2 2 2 2 2 2 2 2
left_child=3 2 -2 4 5 7 -7 8 -1 12 13 -9 -6 -11
right_child=1 -3 -4 -5 9 6 -8 11 -10 10 -12 -13 -14 -15
leaf_value=3.9020770942699659e-06 -5.4308340950136949e-08 -5.3220967469197738e-08 -5.4308340950136949e-08 -3.8858529623181589e-06 0.00038546254611579293 0.0036442289538108691 0.00024778330907002989 -0.00067999513344785495 0.001337497833622683 1.2981708357608925e-05 -0.00048503690720770105 0.00087598110718582376 1.487485144154241e-05 -0.0002271242811555474
leaf_weight=315.30843677953817 405.54353267070837 11804.306250594091 77.886287838220596 96446.156688831747 817.1140192002058 309.70881159603596 122.75881854444742 324.92229636013508 114.02361047267914 2922.5160791426897 1698.2251752316952 247.34772115573287 10661.246225488372 610.15764186158776
leaf_count=1181 3657 45165 119 360744 2014 691 522 722 183 5231 2116 940 24809 1354
internal_value=-0.00323407 -0.033267 -0.0202104 -1.09349e-05 0.000845408 0.00645969 0.0170433 0.00176664 0.00902569 0.000359987 -0.00192888 -0.00374077 0.00140384 0.00013732
internal_weight=126877 12287.7 483.43 114589 18143.3 1434.07 432.468 1001.6 429.332 16709.3 5230.9 572.27 11478.4 3532.67
internal_count=449448 48941 3776 400507 39763 4239 1213 3026 1364 35524 8701 1662 26823 6585
is_linear=0
shrinkage=0.035


Tree=384
num_leaves=15
num_cat=0
split_feature=53 53 58 27 57 62 1 42 2 27 17 1 1 55
split_gain=10027.4 62.2123 17.9387 12.3501 68.9507 73.1972 50.5484 47.8349 41.6255 40.4382 39.9408 39.8186 39.987 48.1579
threshold=0.71825396825396837 0.85912698412698429 10.157999351365289 7.5000000000000009 1.6242512783053327 -0.53750000000000064 7.5000000000000009 0.09999999999999952 1.5000000000000002 2.5000000000000004 1.0000000180025095e-35 7.5000000000000009 14.500000000000002 3.0000000000000004
decision_type=2 2 2 2 2 2 2 2 2 2 2 2 2 2
left_child=3 2 -2 4 5 -1 8 -8 -6 -9 11 -7 -13 -14
right_child=1 -3 -4 -5 6 10 7 9 -10 -11 -12 12 13 -15
leaf_value=-8.0414885797244819e-06 -5.2407549016882148e-08 -5.1358233607775819e-08 -5.2407549016882148e-08 -3.9862033785387225e-06 -5.3439332051963278e-05 -1.8738438949156437e-05 0.00066079375313539141 -0.0017660397238246563 -0.0033211273863182457 -0.0002117928879670439 3.7069014696421435e-05 0.0015173302063262884 0.00018953688176920339 0.0041932205198013644
leaf_weight=5638.5378293795511 405.54353267070837 11804.306250594091 77.886287838220596 95095.748973262729 178.48986532539129 588.66068902052939 1341.5794654870406 1049.7622717730701 249.41755629330873 2234.2331587588415 3351.6491088718176 2212.2378011457622 2403.3647554079071 245.80404993891716
leaf_count=19124 3657 45165 119 337820 398 1594 4445 4398 507 7625 9793 6421 6834 1548
internal_value=-0.00323305 -0.033267 -0.0202104 -9.81179e-06 0.00079249 0.00202369 -0.00272268 -0.00164291 -0.0140907 -0.00391489 0.00401647 0.00586285 0.00690264 0.00397862
internal_weight=126877 12287.7 483.43 114589 19493.7 14440.3 5053.48 4625.57 427.907 3284 8801.72 5450.07 4861.41 2649.17
internal_count=449448 48941 3776 400507 62687 45314 17373 16468 905 12023 26190 16397 14803 8382
is_linear=0
shrinkage=0.035


Tree=385
num_leaves=15
num_cat=1
split_feature=53 53 58 10 57 12 6 1 51 60 58 1 59 0
split_gain=10024.7 62.2123 17.9387 12.5029 28.1339 19.6402 22.6772 45.1328 59.5635 65.0176 50.5077 39.0916 72.7765 47.1609
threshold=0.71825396825396837 0.85912698412698429 10.157999351365289 1.009310124759079 0.016741381171786123 1.0146691354105555 5.7390582173364662 7.5000000000000009 0.26459935897435904 -0.29258949745833535 9.9076354062240011 15.500000000000002 0.055916472294523401 0
decision_type=2 2 2 2 2 2 2 2 2 2 2 2 2 1
left_child=3 2 -2 5 -5 -1 -7 8 9 10 -8 12 13 -9
right_child=1 -3 -4 4 -6 6 7 11 -10 -11 -12 -13 -14 -15
leaf_value=-4.471888851580869e-07 -5.0573284801291279e-08 -4.9560695431503665e-08 -5.0573284801291279e-08 1.1301661260013061e-05 -6.3209458079897254e-05 -1.0043494059078784e-05 -7.7815413019732838e-06 0.0031312213782305458 -0.0049322184782597551 -0.00028895790083192393 0.0017974546412868632 0.0004145135896080832 -0.00034643096758197993 4.8212371725604445e-05
leaf_weight=71927.244185623247 405.54353267070837 11804.306250594091 77.886287838220596 1935.1965348317754 27297.077655654633 2509.6614458372351 260.34557574614882 359.93367324699648 94.305052755400538 376.37902890890837 861.85297401249409 4019.5620521993842 4559.6212792014703 388.30606664717197
leaf_count=232705 3657 45165 119 6200 106256 11892 1596 1251 334 1276 2276 16031 19105 1585
internal_value=-0.00323702 -0.033267 -0.0202104 -1.4208e-05 -0.00063881 0.000199749 0.00142788 0.00211708 0.00754312 0.00927178 0.013464 0.00118337 -0.000788451 0.00925546
internal_weight=126877 12287.7 483.43 114589 29232.3 85357.2 13430 10920.3 1592.88 1498.58 1122.2 9327.42 5307.86 748.24
internal_count=449448 48941 3776 400507 112456 288051 55346 43454 5482 5148 3872 37972 21941 2836
cat_boundaries=0 2
cat_threshold=2176 262144
is_linear=0
shrinkage=0.035


Tree=386
num_leaves=15
num_cat=0
split_feature=53 53 58 9 1 57 14 1 10 58 1 11 46 31
split_gain=10026.2 62.2123 17.9387 12.6044 29.3091 28.766 42.0743 35.039 22.8869 18.4485 34.7286 33.7252 27.9229 92.1916
threshold=0.71825396825396837 0.85912698412698429 10.157999351365289 1.0727240215409906 14.500000000000002 1.0557707004963233 1.0239625556666898 22.500000000000004 1.1544719876419725 9.9263736321428233 21.500000000000004 0.97827158605532338 1.3000000000000007 1.0000000180025095e-35
decision_type=2 2 2 2 2 2 2 2 2 2 2 2 2 2
left_child=3 2 -2 9 8 6 -6 -8 -5 10 11 -1 13 -11
right_child=1 -3 -4 4 5 -7 7 -9 -10 12 -12 -13 -14 -15
leaf_value=-0.00027326362979228391 -4.880321983324608e-08 -4.7826071091401036e-08 -4.880321983324608e-08 3.3243744469453612e-07 0.00036881391234264724 0.0010002436669981009 -0.0010913138266121279 0.00011556932281864262 -0.00075204718934454226 6.8343343328188805e-06 -0.00023449096300016563 4.9210046650671234e-06 -6.8673404167327601e-05 0.0010773792732609658
leaf_weight=5140.4787803005893 405.54353267070837 11804.306250594091 77.886287838220596 4051.9754950616043 615.13590666628443 2186.744824876776 353.25083265663125 203.78113284381106 220.94756683590822 52240.178200175054 2492.7395831751637 18780.761157530127 27546.836738650687 756.65530589222908
leaf_count=36510 3657 45165 119 19983 3234 10681 1429 703 788 118646 16837 122949 66305 2442
internal_value=-0.00323474 -0.033267 -0.0202104 -1.16775e-05 0.00136156 0.00380279 -0.000619664 -0.00751857 -0.00056186 -0.000109782 -0.000912275 -0.000501633 0.000153473 0.000623272
internal_weight=126877 12287.7 483.43 114589 7631.84 3358.91 1172.17 557.032 4272.92 106958 26414 23921.2 80543.7 52996.8
internal_count=449448 48941 3776 400507 36818 16047 5366 2132 20771 363689 176296 159459 187393 121088
is_linear=0
shrinkage=0.035


Tree=387
num_leaves=15
num_cat=1
split_feature=53 53 58 12 0 59 1 28 5 14 57 46 59 57
split_gain=10023.3 62.2123 17.9387 12.1926 28.3524 25.7261 49.6757 49.9978 39.5612 23.8434 39.9029 30.6971 22.9925 26.1125
threshold=0.71825396825396837 0.85912698412698429 10.157999351365289 0.98463972326071203 0 0.90518480756366027 16.500000000000004 43.500000000000007 18.500000000000004 1.1694833628063137 0.42610336992466463 0.90000000000000135 -0.10738035228456462 1.618384297366755
decision_type=2 2 2 2 1 2 2 2 2 2 2 2 2 2
left_child=3 2 -2 4 5 6 -1 -8 -7 12 -11 -12 -6 -14
right_child=1 -3 -4 -5 9 8 7 -9 -10 10 11 -13 13 -15
leaf_value=5.1113786050718273e-05 -4.7095107139082469e-08 -4.6152158603201999e-08 -4.7095107139082469e-08 3.3758393094338296e-06 5.7783477132199153e-05 -4.4772343338412155e-05 0.00025066922632145438 -0.00081402633648168228 0.00031361241794491707 9.5109533179252268e-06 -0.0024798742915849961 0.00088770446822646683 -3.0825099194792561e-05 -0.0010926791039405082
leaf_weight=3923.9453989565372 405.54353267070837 11804.306250594091 77.886287838220596 90729.216377620585 4902.3827390964143 461.25038872659206 694.81098467484117 993.72432174254209 950.9650619328022 414.82446042774245 465.74639071663842 101.74534467305057 8702.0146056525409 2248.8594504445791
leaf_count=11584 3657 45165 119 301847 18917 1284 2510 3037 3251 1730 2221 769 41335 12022
internal_value=-0.00323908 -0.033267 -0.0202104 -1.6482e-05 -0.000720321 0.00114567 8.16916e-05 -0.00492072 0.00535192 -0.00149892 -0.00676417 -0.012714 -0.00116956 -0.0020608
internal_weight=126877 12287.7 483.43 114589 23860.3 7024.7 5612.48 1688.54 1412.22 16835.6 982.316 567.492 15853.3 10950.9
internal_count=449448 48941 3776 400507 98660 21666 17131 5547 4535 76994 4720 2990 72274 53357
cat_boundaries=0 1
cat_threshold=67239936
is_linear=0
shrinkage=0.035


Tree=388
num_leaves=15
num_cat=1
split_feature=53 53 58 9 1 57 14 1 0 59 40 58 10 57
split_gain=10021.2 62.2123 17.9387 12.0189 28.6219 29.8879 44.4445 46.7317 22.3022 23.4187 21.7291 19.5312 21.0446 25.2171
threshold=0.71825396825396837 0.85912698412698429 10.157999351365289 1.0549227400587247 14.500000000000002 1.0557707004963233 1.0239625556666898 22.500000000000004 0 0.090250774277322809 1.0000000000000016 9.8782113518469661 0.98427292953413259 0.013088771449383139
decision_type=2 2 2 2 2 2 2 2 1 2 2 2 2 2
left_child=3 2 -2 11 8 6 -6 -8 -5 -10 -7 12 -1 -14
right_child=1 -3 -4 4 5 10 7 -9 9 -11 -12 -13 13 -15
leaf_value=4.3746954607273211e-05 -4.5446778389214583e-08 -4.4536833052089926e-08 -4.5446778389214583e-08 9.2876094022854576e-05 0.00030589343158970929 0.00097117123005073145 -0.0011928911246250997 0.00010085588715345954 4.4470503862045741e-05 -6.8197939658553032e-05 -0.00059818632164196589 2.2683025019420883e-06 1.1981849225967804e-05 -0.00020662538215462616
leaf_weight=4314.1006992408074 405.54353267070837 11804.306250594091 77.886287838220596 2475.3764779344201 842.80419478449039 2650.7101191184483 416.53922993154265 254.15907594608143 818.96815009694546 2838.7172128548846 348.78274234756827 82026.209361750633 1368.3420367401559 16234.776223918889
leaf_count=33893 3657 45165 119 15098 4326 12450 1669 875 3009 10709 1732 196445 9500 110801
internal_value=-0.00324234 -0.033267 -0.0202104 -2.00919e-05 0.00109938 0.00321168 -0.00079538 -0.0074599 -0.000457658 -0.00218853 0.00522952 -0.000134844 -0.00106274 -0.0015995
internal_weight=126877 12287.7 483.43 114589 10646.1 4513 1513.5 670.698 6133.06 3657.69 2999.49 103943 21917.2 17603.1
internal_count=449448 48941 3776 400507 49868 21052 6870 2544 28816 13718 14182 350639 154194 120301
cat_boundaries=0 1
cat_threshold=335544450
is_linear=0
shrinkage=0.035


Tree=389
num_leaves=15
num_cat=1
split_feature=53 53 58 8 58 12 0 14 57 46 14 1 28 59
split_gain=10019.1 62.2123 17.9387 12.0235 16.5417 13.6032 25.309 23.1234 26.5596 28.0015 22.3693 32.3044 64.0903 21.387
threshold=0.71825396825396837 0.85912698412698429 10.157999351365289 1.0523978771436489 10.756870905622581 0.98463972326071203 0 1.1694833628063137 0.42610336992466463 0.90000000000000135 0.88599000440540199 16.500000000000004 43.500000000000007 -0.10738035228456462
decision_type=2 2 2 2 2 2 1 2 2 2 2 2 2 2
left_child=3 2 -2 5 -5 6 10 13 -9 -10 -1 -12 -13 -8
right_child=1 -3 -4 4 -6 -7 7 8 9 -11 11 12 -14 -15
leaf_value=0.0003762092246175095 -4.3856141145592074e-08 -4.2978043895266782e-08 -4.3856141145592074e-08 8.1859660742243041e-05 0.00076455021655212705 2.6498038490656966e-06 4.8835223403757017e-05 8.3525714885117352e-07 -0.002350885298556803 0.00085655542125097524 4.1778010059069597e-05 0.00020866624826936355 -0.00077725074813897346 -6.8124603126190362e-05
leaf_weight=418.97474820166826 405.54353267070837 11804.306250594091 77.886287838220596 1585.9270834454801 162.1441216468811 89588.75768090249 4800.8926408360712 381.21703706379049 427.12044243328273 99.799844659864902 4296.0797002390027 1208.7832494266331 965.91307319421321 10653.875902615488
leaf_count=1534 3657 45165 119 9034 269 295984 18371 1588 2042 740 12757 3834 2941 51413
internal_value=-0.00324547 -0.033267 -0.0202104 -2.35548e-05 0.00284861 -6.8297e-05 -0.000822406 -0.00157085 -0.00696975 -0.0119857 0.000955714 0.00044328 -0.00302403 -0.00125032
internal_weight=126877 12287.7 483.43 114589 1748.07 112841 23252.7 16362.9 908.137 526.92 6889.75 6470.78 2174.7 15454.8
internal_count=449448 48941 3776 400507 9303 391204 95220 74154 4370 2782 21066 19532 6775 69784
cat_boundaries=0 1
cat_threshold=67239936
is_linear=0
shrinkage=0.035


Tree=390
num_leaves=15
num_cat=2
split_feature=53 53 58 36 46 64 61 46 57 28 46 0 46 0
split_gain=10016.1 62.2123 17.9387 11.9587 52.536 29.8753 29.6148 26.4112 46.0707 22.5656 22.0633 21.2654 20.7476 17.5469
threshold=0.71825396825396837 0.85912698412698429 10.157999351365289 28.750000000000004 2.5499999999999998 -0.0083333333333333436 24.354166666666675 6.2000000000000028 0.88442603758024807 45.500000000000007 -3.5999999999999983 0 -0.69999999999999973 1
decision_type=2 2 2 2 2 2 2 2 2 2 2 1 2 1
left_child=3 2 -2 6 5 -5 -1 8 10 -9 13 -12 -10 -8
right_child=1 -3 -4 4 -6 -7 7 9 12 -11 11 -13 -14 -15
leaf_value=-1.4981260160075526e-06 -4.2321176205496356e-08 -4.1473812358932446e-08 -4.2321176205496356e-08 -0.001585745222105941 -0.0013471638282774368 0.0018045483017503441 8.5180791712547566e-05 0.00031392486076323612 0.0020913247631442712 -0.0015016952910997363 8.5211008630277233e-05 -0.00035651021915263651 0.00099678114324946109 -2.9486525690493325e-05
leaf_weight=110723.70421107789 405.54353267070837 11804.306250594091 77.886287838220596 100.50573394820094 916.20050002634525 305.47260036692023 498.00094004720449 152.478899192065 420.06957190111279 153.46879967302084 137.94172422587872 179.52614809572697 607.51376478374004 394.60263132676482
leaf_count=383608 3657 45165 119 636 4023 1278 1889 648 1847 630 595 701 2586 2066
internal_value=-0.00324991 -0.033267 -0.0202104 -2.84712e-05 -0.00332525 0.00704091 1.03025e-05 0.00373675 0.00505696 -0.00577349 0.000413434 -0.00737238 0.0104684 0.00323357
internal_weight=126877 12287.7 483.43 114589 1322.18 405.978 113267 2543.6 2237.65 305.948 1210.07 317.468 1027.58 892.604
internal_count=449448 48941 3776 400507 5937 1914 394570 10962 9684 1278 5251 1296 4433 3955
cat_boundaries=0 2 3
cat_threshold=67111040 262144 67242112
is_linear=0
shrinkage=0.035


Tree=391
num_leaves=15
num_cat=0
split_feature=53 53 58 10 57 51 9 57 59 46 6 1 48 58
split_gain=10017.5 62.2123 17.9387 12.0901 22.5222 20.1677 18.1608 27.8388 46.8268 33.2571 31.6296 27.1212 29.3809 45.7573
threshold=0.71825396825396837 0.85912698412698429 10.157999351365289 1.009310124759079 0.016741381171786123 0.31696405039270475 0.98337108948146412 0.37450808872536351 -0.25950939392209704 -0.60000000000000087 6.287868317229667 4.5000000000000009 0.075067589346208677 10.891091086816976
decision_type=2 2 2 2 2 2 2 2 2 2 2 2 2 2
left_child=3 2 -2 6 5 -5 7 10 9 -9 -1 -8 13 -13
right_child=1 -3 -4 4 -6 -7 11 8 -10 -11 -12 12 -14 -15
leaf_value=1.201684992570475e-05 -4.0839935038303984e-08 -4.0022228926369818e-08 -4.0839935038303984e-08 6.8147422502959515e-06 -6.2706445008934303e-05 0.00011696888915953757 -4.1045592920389845e-06 -0.00049351297289949479 -0.00033357961374511861 0.00037943696255123509 0.0014252350579103984 0.00017139945144806437 4.9936439572881855e-05 0.00089388281465146947
leaf_weight=4737.7925580521114 405.54353267070837 11804.306250594091 77.886287838220596 1795.7442005469929 27297.077655654633 139.45233428478241 8392.0706503477413 1151.610865291208 11092.359216017881 4009.2168304044753 94.480483234860003 1405.0075236484408 54000.689775246428 473.98343193531036
leaf_count=16716 3657 45165 119 5623 106256 577 26073 3746 44232 12829 188 5273 178462 532
internal_value=-0.00324778 -0.033267 -0.0202104 -2.61207e-05 -0.000640322 0.0029989 0.000184275 -0.000706827 -0.00140016 0.00135227 0.00162324 0.000476681 0.000755339 0.00504617
internal_weight=126877 12287.7 483.43 114589 29232.3 1935.2 85357.2 21085.5 16253.2 5160.83 4832.27 64271.8 55879.7 1878.99
internal_count=449448 48941 3776 400507 112456 6200 288051 77711 60807 16575 16904 210340 184267 5805
is_linear=0
shrinkage=0.035


Tree=392
num_leaves=15
num_cat=0
split_feature=53 53 58 27 1 57 57 1 28 60 28 36 39 2
split_gain=10017.8 62.2123 17.9387 12.3298 63.0456 105.787 86.557 55.1254 152.605 75.7685 64.9865 45.671 43.143 43.0671
threshold=0.71825396825396837 0.85912698412698429 10.157999351365289 7.5000000000000009 7.5000000000000009 0.84183857128152284 1.8967799569578108 13.500000000000002 3.5000000000000004 0.708600430106059 1.5000000000000002 10.950000000000001 11.950000000000001 1.5000000000000002
decision_type=2 2 2 2 2 2 2 2 2 2 2 2 2 2
left_child=3 2 -2 4 5 -1 7 8 11 -10 12 -6 -9 -7
right_child=1 -3 -4 -5 6 13 -8 10 9 -11 -12 -13 -14 -15
leaf_value=-1.0242053470778867e-06 -3.9410537311963349e-08 -3.8621450913946873e-08 -3.9410537311963349e-08 -4.07824451208636e-06 -0.0031206056388360629 -0.00070353431515791877 -0.00070991429841777321 0.0026495469536418239 0.0019682365402775917 0.00060185593667798972 1.9361769943059246e-05 0.00038625242550169195 -0.0002575891663480784 -0.0030453850386526664
leaf_weight=4300.5384779479355 405.54353267070837 11804.306250594091 77.886287838220596 95095.748973262729 412.05369554832578 340.92987015843391 2910.5536211542785 586.89049717411399 1389.3168109059334 2295.2111994605511 6325.9591367747635 238.84365705773234 208.97139616683125 484.46818905323744
leaf_count=13744 3657 45165 119 337820 2145 922 9898 3249 4956 5502 18499 1303 1248 1221
internal_value=-0.00324735 -0.033267 -0.0202104 -2.56451e-05 0.000776 -0.00255313 0.00196467 0.00333357 0.0064407 0.00919991 0.00143571 -0.00908118 0.0107965 -0.0139501
internal_weight=126877 12287.7 483.43 114589 19493.7 5125.94 14367.8 11457.2 4335.43 3684.53 7121.82 650.897 795.862 825.398
internal_count=449448 48941 3776 400507 62687 15887 46800 36902 13906 10458 22996 3448 4497 2143
is_linear=0
shrinkage=0.035


Tree=393
num_leaves=15
num_cat=1
split_feature=53 53 58 43 45 62 39 57 62 1 46 2 41 0
split_gain=10018.9 62.2123 17.9387 12.0068 47.2061 30.3594 34.7033 30.8318 22.0305 25.0834 24.4625 20.4381 22.4429 18.2834
threshold=0.71825396825396837 0.85912698412698429 10.157999351365289 1.0000000180025095e-35 5.5300000000000002 1.2562500000000016 15.250000000000002 0.61826198445017033 -1.2083333333333324 10.500000000000002 0.50000000000000022 1.5000000000000002 2.1500000000000021 0
decision_type=2 2 2 2 2 2 2 2 2 2 2 2 2 1
left_child=3 2 -2 4 -1 6 7 -5 -9 -10 -11 12 -12 -7
right_child=1 -3 -4 5 -6 13 -8 8 9 10 11 -13 -14 -15
leaf_value=-1.2421022693065444e-06 -3.8031168506044633e-08 -3.7269700131958726e-08 -3.8031168506044633e-08 -4.2170622965982393e-06 -0.0023445339198961438 4.9817874433525372e-05 -3.7623796787894021e-05 -0.0012622556783397254 0.0016443831756354135 0.0007316111887127175 -0.0025914527220773534 0.00071804131536691573 0.0011035116768364917 -0.0011377379574790748
leaf_weight=110201.19932378759 405.54353267070837 11804.306250594091 77.886287838220596 828.12465842068195 175.45810087770224 390.82460115477443 777.16807153448462 109.56502220034599 752.82522732019424 684.9998166076839 147.19380208849907 126.06810034811497 97.666000172495842 298.39280015230179
leaf_count=388408 3657 45165 119 2701 567 802 2440 336 2020 1281 414 270 288 980
internal_value=-0.0032458 -0.033267 -0.0202104 -2.39272e-05 -9.39922e-05 0.00180766 0.00312252 0.00496675 0.00739268 0.00832085 0.00476908 -0.00243049 -0.00822249 -0.00486303
internal_weight=126877 12287.7 483.43 114589 110377 4212.83 3523.61 2746.44 1918.32 1808.75 1055.93 370.928 244.86 689.217
internal_count=449448 48941 3776 400507 388975 11532 9750 7310 4609 4273 2253 972 702 1782
cat_boundaries=0 2
cat_threshold=133122 262144
is_linear=0
shrinkage=0.035


Tree=394
num_leaves=15
num_cat=0
split_feature=53 53 58 64 57 57 57 57 57 1 46 59 62 60
split_gain=10017.9 62.2123 17.9387 11.992 28.207 56.9599 55.1939 60.0499 39.5753 39.4691 36.2975 32.7587 30.8492 56.7407
threshold=0.71825396825396837 0.85912698412698429 10.157999351365289 -0.027083333333333338 0.28850495030436185 0.18963369556468537 0.14307512925434676 0.1313701521895769 0.23109167196932104 5.5000000000000009 -6.4499999999999993 0.87379901192678244 3.1854166666666672 -0.79354221435844496
decision_type=2 2 2 2 2 2 2 2 2 2 2 2 2 2
left_child=3 2 -2 -1 5 6 7 10 -7 -6 -5 -8 -11 -14
right_child=1 -3 -4 4 9 8 11 -9 -10 12 -12 -13 13 -15
leaf_value=1.2936440556892041e-05 -3.6700077608333073e-08 -3.5965260627340177e-08 -3.6700077608333073e-08 4.6116269161726575e-05 -0.0014476611527899218 0.00031963270898906286 -0.00017522913441182108 0.00012963313682680765 7.1012558239225981e-05 -0.000102626160934719 -5.2217317579059244e-07 0.00013239423306502033 0.00068607394794362956 -3.2363743280900975e-05
leaf_weight=32192.556377785513 405.54353267070837 11804.306250594091 77.886287838220596 618.35074288211763 135.1342942758929 1416.1646410846151 1773.0514261927456 1045.0042384595145 1392.3600267013535 51589.765065199696 10784.997598678339 421.26991193369031 3197.698597737588 10023.1326037338
leaf_count=126103 3657 45165 119 2217 465 4108 4673 2177 4132 172793 35235 1467 12555 34582
internal_value=-0.00324727 -0.033267 -0.0202104 -2.55532e-05 -0.000249355 0.000999536 0.000122417 0.0010256 0.00555587 -0.000585039 0.00028624 -0.00498272 -0.000544127 0.000963768
internal_weight=126877 12287.7 483.43 114589 82396.9 17451.2 14642.7 12448.4 2808.52 64945.7 11403.3 2194.32 64810.6 13220.8
internal_count=449448 48941 3776 400507 274404 54009 45769 39629 8240 220395 37452 6140 219930 47137
is_linear=0
shrinkage=0.035


Tree=395
num_leaves=15
num_cat=1
split_feature=53 53 58 12 51 11 7 0 57 1 6 51 1 1
split_gain=10013.3 62.2123 17.9387 12.4048 12.6712 26.3755 19.9398 22.0716 20.7828 26.6101 22.1 20.0809 20.2177 17.7823
threshold=0.71825396825396837 0.85912698412698429 10.157999351365289 1.8345429119556795 0.41281913716529522 1.2979557473496464 0.69818642273906351 0 1.5999690615933397 10.500000000000002 7.4693274283851325 0.81258276741479063 15.500000000000002 18.500000000000004
decision_type=2 2 2 2 2 2 2 1 2 2 2 2 2 2
left_child=3 2 -2 4 -1 6 -6 -8 9 -9 -10 -12 -13 -11
right_child=1 -3 -4 -5 5 -7 7 8 10 13 11 12 -14 -15
leaf_value=4.6050545824960491e-07 -3.5415574892041414e-08 -3.4706476505383266e-08 -3.5415574892041414e-08 0.0010311227400064283 0.0005955976533642477 0.0011551521705732038 -0.00036283038678575601 -0.0001927804491620875 -0.0023850560568878811 0.0015534508021838645 0.0015845211382962356 -0.0025559207166837698 0.00076216507440500243 -7.3861810608200084e-06
leaf_weight=110427.79609451815 405.54353267070837 11804.306250594091 77.886287838220596 294.41226111585274 143.70045311073773 221.64170987578109 843.95577852195129 637.7937428355217 443.36498907208443 481.93493725731969 171.40227264072746 93.708944469690323 77.000836163759232 752.77350508328527
leaf_count=382638 3657 45165 119 1237 764 980 4198 2707 2065 2041 543 251 214 2869
internal_value=-0.00325413 -0.033267 -0.0202104 -3.3144e-05 -5.19322e-05 -0.00201855 -0.00273954 -0.00327292 -0.00166668 0.000338715 -0.00641246 0.000294711 -0.00797144 0.00333102
internal_weight=126877 12287.7 483.43 114589 114295 3867.28 3645.64 3501.94 2657.98 1872.5 785.477 342.112 170.71 1234.71
internal_count=449448 48941 3776 400507 399270 16632 15652 14888 10690 7617 3073 1008 465 4910
cat_boundaries=0 2
cat_threshold=268435458 262144
is_linear=0
shrinkage=0.035


Tree=396
num_leaves=15
num_cat=1
split_feature=53 53 58 10 13 0 2 1 1 57 59 2 64 1
split_gain=10015.1 62.2123 17.9387 12.2121 27.1365 32.4732 27.0677 31.7392 23.375 19.1412 24.4569 28.7321 25.3152 20.1663
threshold=0.71825396825396837 0.85912698412698429 10.157999351365289 0.97576360450213639 0.96571962788832266 0 3.5000000000000004 17.500000000000004 1.0000000180025095e-35 2.2665545039772081 0.86529924138975423 1.0000000180025095e-35 -0.0083333333333333436 9.5000000000000018
decision_type=2 2 2 2 2 1 2 2 2 2 2 2 2 2
left_child=3 2 -2 -1 5 -5 8 -8 -7 -6 11 -11 -12 -13
right_child=1 -3 -4 4 9 6 7 -9 -10 10 12 13 -14 -15
leaf_value=3.2718741382211096e-05 -3.4176029770819967e-08 -3.349174982769485e-08 -3.4176029770819967e-08 6.1642760176009592e-07 -2.0555027044355525e-06 -0.00011249446817336754 0.00022653022690633935 -0.0031505494953041873 -3.0531926112100653e-05 0.0023146487559752597 0.0016606445782688974 0.00059889483894913563 -0.0016532873837675124 -0.00071683712693990879
leaf_weight=8902.2744978778064 405.54353267070837 11804.306250594091 77.886287838220596 1486.9911257326603 100481.95872506918 195.54431144893169 80.337455898523331 387.08043191581964 650.94488553330302 405.38585995137691 140.39523464441299 1138.072511572158 248.03006175160408 472.47042326908559
leaf_count=45652 3657 45165 119 4570 336312 530 323 1352 2917 1366 758 3268 1114 2345
internal_value=-0.00325147 -0.033267 -0.0202104 -3.01998e-05 -0.000135107 -0.00352799 -0.00748653 -0.0142211 -0.00373259 -4.24074e-05 0.00303722 0.00458603 -0.00491447 0.00245219
internal_weight=126877 12287.7 483.43 114589 105687 2800.9 1313.91 467.418 846.489 102886 2404.35 2015.93 388.425 1610.54
internal_count=449448 48941 3776 400507 354855 9692 5122 1675 3447 345163 8851 6979 1872 5613
cat_boundaries=0 1
cat_threshold=268568704
is_linear=0
shrinkage=0.035


Tree=397
num_leaves=15
num_cat=1
split_feature=53 53 58 9 47 58 6 51 46 58 10 11 0 52
split_gain=10014.3 62.2123 17.9387 11.9767 31.9873 22.6559 21.9584 30.7971 29.6185 31.8907 23.7179 23.3822 23.0042 36.8667
threshold=0.71825396825396837 0.85912698412698429 10.157999351365289 1.0182919642779111 0.058846275124343865 10.900327018341988 7.6909189469034516 0.12917557418254369 -0.34999999999999959 10.891091086816976 1.0016926163968651 0.99856191522207427 0 0.36501633986928123
decision_type=2 2 2 2 2 2 2 2 2 2 2 2 1 2
left_child=3 2 -2 -1 5 -5 10 8 -8 -10 -6 12 -12 -14
right_child=1 -3 -4 4 6 -7 7 -9 9 -11 11 -13 13 -15
leaf_value=-4.2196986316356273e-06 -3.2979868728841264e-08 -3.2319538583725529e-08 -3.2979868728841264e-08 9.1636443473721587e-05 2.5784154841366375e-05 0.0019552939037495876 0.0010176866552949583 0.00060484907076112544 -4.4238198110273526e-05 -0.00089810671222768207 -0.00023585341183245069 1.1664420323637092e-05 -0.00036550607671698046 0.00041675157571204551
leaf_weight=89423.702680499526 405.54353267070837 11804.306250594091 77.886287838220596 1115.6989478564356 6693.0451549806166 126.99409121274948 530.21775057166815 1994.8205533269793 1486.838643681258 204.13734620809555 2151.3758591497317 6919.5829879089724 2596.1117718592286 1346.9597374096047
leaf_count=294525 3657 45165 119 4393 31890 205 1207 4691 3363 327 6937 31888 12525 8556
internal_value=-0.00325265 -0.033267 -0.0202104 -3.15083e-05 0.000642846 0.00609489 0.000357209 0.00264658 -0.000191161 -0.00245781 -0.000133659 -0.00100423 -0.00258318 -0.000978462
internal_weight=126877 12287.7 483.43 114589 25165.8 1242.69 23923.1 4216.01 2221.19 1690.98 19707.1 13014 6094.45 3943.07
internal_count=449448 48941 3776 400507 105982 4598 101384 9588 4897 3690 91796 59906 28018 21081
cat_boundaries=0 1
cat_threshold=135296
is_linear=0
shrinkage=0.035


Tree=398
num_leaves=15
num_cat=0
split_feature=53 53 58 7 57 9 10 7 11 58 51 6 14 40
split_gain=10014.2 62.2123 17.9387 11.2006 19.4523 17.4804 25.6596 13.3472 27.939 41.0164 36.0691 24.8084 23.7807 21.4496
threshold=0.71825396825396837 0.85912698412698429 10.157999351365289 1.1827761478181951 0.61826198445017033 0.86119199555458537 1.0944780611862661 1.00007184940365 1.0316678318886414 10.885935232485975 0.10839688757231415 6.2116065124965614 1.1807223977627761 1.0000000000000016
decision_type=2 2 2 2 2 2 2 2 2 2 2 2 2 2
left_child=3 2 -2 7 -5 6 -6 13 -9 10 11 -10 -11 -1
right_child=1 -3 -4 4 5 -7 -8 8 9 12 -12 -13 -14 -15
leaf_value=8.5872873456191202e-06 -3.1825573323331822e-08 -3.1188354733295138e-08 -3.1825573323331822e-08 -5.6315198502700177e-05 0.0027930910473445707 0.0016093962986018619 -0.0024705798661311942 -4.1900924993015724e-05 -6.100041813981452e-07 -0.0001461991135165109 1.1347409552484884e-05 0.00094809539564086895 5.9462219151797737e-05 -4.1421547700732541e-05
leaf_weight=64110.440911771264 405.54353267070837 11804.306250594091 77.886287838220596 624.46149794477969 67.965797220589593 807.05942620546557 118.49573893146589 30303.826421514386 728.6480283648707 914.49501031637192 10197.547855293378 1653.4786164928228 222.04700154066086 4841.0192190688103
leaf_count=235761 3657 45165 119 3486 312 4082 606 86236 3493 955 40559 4949 311 19757
internal_value=-0.00325275 -0.033267 -0.0202104 -3.16232e-05 0.0028508 0.00587129 -0.00363484 -7.3154e-05 -0.000549217 0.000761036 0.00133768 0.00520574 -0.00557749 0.00023081
internal_weight=126877 12287.7 483.43 114589 1617.98 993.521 186.462 112972 44020 13716.2 12579.7 2382.13 1136.54 68951.5
internal_count=449448 48941 3776 400507 8486 5000 918 392021 136503 50267 49001 8442 1266 255518
is_linear=0
shrinkage=0.035


Tree=399
num_leaves=15
num_cat=0
split_feature=53 53 58 27 57 62 62 17 64 1 1 55 57 36
split_gain=10017.4 62.2123 17.9387 11.5731 59.9457 63.5155 44.6791 38.9483 37.6413 37.3033 47.4571 49.1442 43.4753 44.0164
threshold=0.71825396825396837 0.85912698412698429 10.157999351365289 7.5000000000000009 1.6242512783053327 -0.94583333333333297 4.3166666666666655 1.0000000180025095e-35 0.083333333333333329 7.5000000000000009 17.500000000000004 3.0000000000000004 0.79467717542165772 8.6500000000000004
decision_type=2 2 2 2 2 2 2 2 2 2 2 2 2 2
left_child=3 2 -2 4 5 8 -6 9 -1 -7 -11 12 -12 -14
right_child=1 -3 -4 -5 6 7 -8 -9 -10 10 11 -13 13 -15
leaf_value=-1.768256366266979e-05 -3.0711678257015208e-08 -3.0096762317629803e-08 -3.0711678257015208e-08 -3.8232738174662786e-06 -0.00065992216845745975 -9.161654024724712e-06 0.00162815774036168 1.6150547201144798e-05 6.5960825860019516e-05 0.0013842237157382054 0.00024566190742105756 0.0036152728970723883 9.3777096563924114e-05 -0.0020516379044992696
leaf_weight=4234.880195912905 405.54353267070837 11804.306250594091 77.886287838220596 95095.748973262729 4554.2587679550052 820.38727580942214 499.22354968264699 3744.4102721959352 371.24666711315513 2875.8155495142564 1160.163591994904 275.58134976401925 585.12796067912132 372.64137078076601
leaf_count=14204 3657 45165 119 337820 15330 2401 2043 10917 1501 8209 3205 1730 1698 1449
internal_value=-0.00324799 -0.033267 -0.0202104 -2.63522e-05 0.000750302 0.00189828 -0.00252731 0.00348578 -0.00149124 0.00521074 0.00629006 0.00263315 0.000791556 -0.00470066
internal_weight=126877 12287.7 483.43 114589 19493.7 14440.3 5053.48 9834.13 4606.13 6089.72 5269.33 2393.51 2117.93 957.769
internal_count=449448 48941 3776 400507 62687 45314 17373 29609 15705 18692 16291 8082 6352 3147
is_linear=0
shrinkage=0.035


end of trees

feature_importances:
base_share=1117
hour=576
zero_rate_56d=512
route=255
annual_sin=239
log_base=238
ratio_adaptive_dow_25=219
log_daily_base=174
temperature_change_6h=162
annual_cos=160
dow=154
season=149
temperature_2m=129
temperature_2m_hour_anomaly=124
ratio_ew_mean_7d=112
days_since_holiday=93
ratio_ew_median_28d=87
precipitation_hour_anomaly=78
ratio_median_56d=77
precipitation_3h=77
temperature_2m_day_mean=74
iqr_56d=72
tail_width_56d=72
days_to_holiday=69
off_1=57
precipitation_12h=57
ratio_ew_median_14d=46
event_merge=45
off_2=43
precipitation_24h=39
zero_rate_28d=31
precipitation_day_mean=27
ratio_median_14d=26
event_age=23
count_28d=20
off_block_length=20
tail_width_28d=18
iqr_28d=16
count_56d=16
kind=13
horizon=11
off_-3=11
snowfall_24h=11
wind_speed_10m=10
ratio_median_28d=9
off_3=6
snowfall_3h=6
off_-2=5
off_-1=5
holiday_1=5
snowfall_12h=2
off_block_position=2
precipitation=1

parameters:
[boosting: gbdt]
[objective: regression_l1]
[metric: l1]
[tree_learner: serial]
[device_type: cpu]
[data_sample_strategy: bagging]
[data: ]
[valid: ]
[num_iterations: 400]
[learning_rate: 0.035]
[num_leaves: 15]
[num_threads: 3]
[seed: 2026]
[deterministic: 1]
[force_col_wise: 1]
[force_row_wise: 0]
[histogram_pool_size: -1]
[max_depth: -1]
[min_data_in_leaf: 200]
[min_sum_hessian_in_leaf: 0.001]
[bagging_fraction: 1]
[pos_bagging_fraction: 1]
[neg_bagging_fraction: 1]
[bagging_freq: 0]
[bagging_seed: 26038]
[bagging_by_query: 0]
[feature_fraction: 1]
[feature_fraction_bynode: 1]
[feature_fraction_seed: 28694]
[extra_trees: 0]
[extra_seed: 4728]
[early_stopping_round: 0]
[early_stopping_min_delta: 0]
[first_metric_only: 0]
[max_delta_step: 0]
[lambda_l1: 0]
[lambda_l2: 10]
[linear_lambda: 0]
[min_gain_to_split: 0]
[drop_rate: 0.1]
[max_drop: 50]
[skip_drop: 0.5]
[xgboost_dart_mode: 0]
[uniform_drop: 0]
[drop_seed: 5409]
[top_rate: 0.2]
[other_rate: 0.1]
[min_data_per_group: 100]
[max_cat_threshold: 32]
[cat_l2: 10]
[cat_smooth: 10]
[max_cat_to_onehot: 4]
[top_k: 20]
[monotone_constraints: ]
[monotone_constraints_method: basic]
[monotone_penalty: 0]
[feature_contri: ]
[forcedsplits_filename: ]
[refit_decay_rate: 0.9]
[cegb_tradeoff: 1]
[cegb_penalty_split: 0]
[cegb_penalty_feature_lazy: ]
[cegb_penalty_feature_coupled: ]
[path_smooth: 0]
[interaction_constraints: ]
[verbosity: -1]
[saved_feature_importance_type: 0]
[use_quantized_grad: 0]
[num_grad_quant_bins: 4]
[quant_train_renew_leaf: 0]
[stochastic_rounding: 1]
[linear_tree: 0]
[max_bin: 255]
[max_bin_by_feature: ]
[min_data_in_bin: 3]
[bin_construct_sample_cnt: 200000]
[data_random_seed: 6654]
[is_enable_sparse: 1]
[enable_bundle: 1]
[use_missing: 1]
[zero_as_missing: 0]
[feature_pre_filter: 1]
[pre_partition: 0]
[two_round: 0]
[header: 0]
[label_column: ]
[weight_column: ]
[group_column: ]
[ignore_column: ]
[categorical_feature: 0,3]
[forcedbins_filename: ]
[precise_float_parser: 0]
[parser_config_file: ]
[objective_seed: 199]
[num_class: 1]
[is_unbalance: 0]
[scale_pos_weight: 1]
[sigmoid: 1]
[boost_from_average: 1]
[reg_sqrt: 0]
[alpha: 0.9]
[fair_c: 1]
[poisson_max_delta_step: 0.7]
[tweedie_variance_power: 1.5]
[lambdarank_truncation_level: 30]
[lambdarank_norm: 1]
[label_gain: ]
[lambdarank_position_bias_regularization: 0]
[eval_at: ]
[multi_error_top_k: 1]
[auc_mu_weights: ]
[num_machines: 1]
[local_listen_port: 12400]
[time_out: 120]
[machine_list_filename: ]
[machines: ]
[gpu_platform_id: -1]
[gpu_device_id: -1]
[gpu_use_dp: 0]
[num_gpu: 1]

end of parameters

pandas_categorical:[]
