tree
version=v4
num_class=1
num_tree_per_iteration=1
label_index=0
max_feature_idx=64
objective=regression_l1
feature_names=route hour dow kind holiday horizon log_base ratio_median_14d ratio_median_28d ratio_median_56d ratio_ew_median_14d ratio_ew_mean_7d ratio_ew_median_28d ratio_adaptive_dow_25 season off_-3 holiday_-3 off_-2 holiday_-2 off_-1 holiday_-1 off_1 holiday_1 off_2 holiday_2 off_3 holiday_3 days_to_holiday days_since_holiday event_closure event_detour event_merge event_night_limit event_restore event_network event_age temperature_2m precipitation snowfall wind_speed_10m precipitation_3h precipitation_12h precipitation_24h snowfall_3h snowfall_12h snowfall_24h temperature_change_6h iqr_28d tail_width_28d zero_rate_28d count_28d iqr_56d tail_width_56d zero_rate_56d count_56d off_block_length off_block_position base_share log_daily_base annual_sin annual_cos temperature_2m_day_mean temperature_2m_hour_anomaly precipitation_day_mean precipitation_hour_anomaly
feature_infos=-1:28:7:26:1:12:25:50:11:17 [0:23] [0:6] -1:0:2:1 [0:1] [1:61] [0:8.7731972799004669] [0.055683354954125089:4.7704918032786887] [0.20617283950617285:1.3506632671262662] [0.37480921136483825:5] [0.055683354954125089:1.8545619584070134] [0.54207244962998691:5] [0.39647423869377957:5] [0.40980209684632818:1.5341012240043834] [0.87730535302650725:1.2571740357972216] [0:1] [0:1] [0:1] [0:1] [0:1] [0:1] [0:1] [0:1] [0:1] [0:1] [0:1] [0:1] [0:60] [0:60] [0:1] [0:1] [0:1] none none none [0:90] [-16:35.100000000000001] [0:8.6999999999999993] [0:1.96] [0.20000000000000001:28.699999999999999] [0:18.400000000000002] [0:30.400000000000002] [0:31.300000000000001] [0:3.29] [0:6.9299999999999997] [0:10.43] [-9.5999999999999996:13.1] [0:9.2375000000000007] [0:25.865000000000009] [0:1] [3:20] [0:21.166666666666668] [0:31.055] [0:1] [3:40] [0:4] [0:4] [0:8.9142857142857146] [2.917770732084279:11.094309110049588] [-0.74697208769655521:0.99999073973619013] [-0.99996295911626554:1] [-12.245833333333332:29.025000000000002] [-7.2999999999999998:7.7208333333333314] [0:1.2999999999999998] [-1.2999999999999998:7.9374999999999991]
tree_sizes=1813 1813 1781 1782 1794 1796 1786 1768 1805 1794 1778 1809 1798 1786 1779 1801 1780 1808 1783 1791 1788 1806 1799 1763 1791 1767 1803 1784 1795 1801 1801 1802 1793 1786 1797 1802 1785 1808 1793 1795 1791 1792 1800 1796 1798 1822 1821 1804 1800 1804 1805 1805 1804 1802 1798 1799 1798 1797 1800 1799 1795 1798 1799 1800 1801 1801 1823 1824 1822 1819 1821 1811 1804 1809 1806 1807 1805 1808 1806 1801 1802 1801 1800 1801 1802 1796 1801 1803 1799 1798 1795 1796 1803 1804 1824 1827 1802 1807 1807 1808 1806 1802 1807 1806 1802 1802 1806 1809 1801 1806 1801 1841 1813 1809 1815 1814 1808 1827 1813 1808 1810 1814 1818 1826 1824 1807 1821 1803 1812 1824 1814 1811 1810 1819 1810 1825 1824 1821 1808 1803 1794 1789 1795 1797 1804 1802 1803 1800 1800 1811 1811 1792 1791 1805 1807 1816 1798 1808 1794 1799 1797 1797 1812 1806 1812 1800 1824 1813 1829 1808 1805 1820 1824 1819 1821 1837 1855 1811 1820 1836 1824 1807 1801 1798 1797 1822 1857 1838 1843 1836 1828 1840 1811 1831 1791 1804 1816 1810 1830 1861 1864 1824 1814 1819 1837 1816 1819 1839 1848 1822 1812 1844 1818 1813 1812 1816 1818 1813 1820 1834 1817 1849 1819 1806 1810 1819 1811 1796 1841 1827 1835 1830 1815 1801 1803 1814 1836 1847 1817 1804 1818 1827 1820 1822 1815 1824 1845 1828 1807 1816 1820 1814 1802 1807 1829 1801 1824 1850 1814 1812 1820 1821 1816 1815 1813 1815 1816 1817 1814 1822 1800 1805 1804 1808 1815 1789 1807 1828 1799 1837 1799 1816 1830 1841 1840 1816 1848 1816 1844 1821 1842 1822 1812 1811 1813 1814 1815 1810 1816 1820 1816 1824 1827 1818 1817 1827 1804 1790 1804 1805 1806 1802 1802 1810 1838 1817 1811 1819 1820 1852 1809 1826 1819 1807 1833 1815 1823 1802 1819 1814 1803 1806 1825 1811 1855 1807 1813 1799 1817 1827 1807 1814 1818 1804 1812 1810 1812 1847 1799 1836 1832 1827 1809 1845 1806 1805 1831 1804 1832 1809 1822 1804 1841 1828 1816 1808 1849 1821 1806 1800 1818 1824 1834 1847 1837 1800 1811 1805 1801 1828 1808 1826 1822 1809 1791 1786 1825 1802 1837 1831 1809 1818 1822 1816 1838 1828 1797 1787 1820 1827

Tree=0
num_leaves=15
num_cat=1
split_feature=13 11 60 46 1 57 57 21 3 59 57 1 46 21
split_gain=1009.18 509.69 366.029 1155.94 526.595 316.638 306.245 229.168 246.033 196.24 973.385 454.005 385.391 341.797
threshold=1.0090364476348683 0.99894160622561612 -0.7721279831368929 0.4000000000000013 17.500000000000004 1.2286814225350955 1.2554939055094037 1.0000000180025095e-35 0 0.59125596962661842 1.2132367771513464 17.500000000000004 1.0000000000000009 1.0000000180025095e-35
decision_type=2 2 2 2 2 2 2 2 1 2 2 2 2 2
left_child=1 9 3 5 6 -2 -4 -8 -9 12 -11 -12 -1 -13
right_child=2 -3 4 -5 -6 -7 7 8 -10 10 11 13 -14 -15
leaf_value=-0.00046832957770675426 -0.00046923846006393435 0 0.00011898783501237632 0.0024517557770013811 0.0015610059536993505 0.00056972043588757518 -0.00071959276683628568 0.00202067818492651 -0.0017586546018719675 0.00039602302014827732 -0.0016856192238628865 0.0029226905480027199 -3.859353892039508e-05 -0.0035479147732257847
leaf_weight=14832.363403322408 4491.6368014311884 53001.128532555886 6508.4826734606177 4746.2610440524295 6983.5403113346547 1955.8759107491933 5388.5732582956553 2254.6172609478235 832.70384108088911 5884.5104800276458 10361.08039926365 1573.8454567529261 7299.5441538784653 763.05806861445308
leaf_count=44884 17611 185094 21948 18844 23498 7988 18780 5993 4825 24854 41411 6002 24491 3225
internal_value=0.000126132 -0.00173075 0.00537264 0.00022078 0.00799648 -0.00942348 0.00429189 -9.4506e-05 0.00749465 -0.00467522 -0.00202181 -0.0074735 -0.00690117 0.00644059
internal_weight=126877 93715.5 33161.7 11193.8 21967.9 6447.51 14984.4 8475.89 3087.32 40714.4 18582.5 12698 22131.9 2336.9
internal_count=449448 329961 119487 44443 75044 25599 51546 29598 10818 144867 75492 50638 69375 9227
cat_boundaries=0 1
cat_threshold=1
is_linear=0
shrinkage=0.035


Tree=1
num_leaves=15
num_cat=1
split_feature=13 11 60 46 1 1 57 57 21 3 1 59 57 57
split_gain=932.811 454.561 303.098 1005.63 507.703 333.123 254.596 213.159 211.656 232.22 207.385 202.815 199.62 179.212
threshold=1.0090364476348683 0.99894160622561612 -0.7721279831368929 0.4000000000000013 17.500000000000004 18.500000000000004 1.2554939055094037 1.1945966958805496 1.0000000180025095e-35 0 11.500000000000002 0.77214943412548942 0.0027729239183380099 1.6451804521973155
decision_type=2 2 2 2 2 2 2 2 2 1 2 2 2 2
left_child=1 13 3 5 6 7 -4 12 -8 -10 -5 -6 -2 -1
right_child=2 -3 4 10 11 -7 8 -9 9 -11 -12 -13 -14 -15
leaf_value=-8.1778296106494971e-05 3.8329352834261955e-05 0 0.00011482326078694316 3.7598240701481697e-05 0.00079877830268815166 -0.0018796852476894858 -0.00069440701999701562 0.0018609614268876615 0.0019499544484540823 -0.0016971016908064486 0.0031905827436596161 0.0026104155664332216 -0.00019273726865649224 -0.0015257871924666689
leaf_weight=28399.50654928945 312.00200445274822 53001.128532555886 6508.4826734606177 1245.7434773019049 3911.6376039180905 2655.9236457527149 5388.5732582956553 1427.2681158869527 2254.6172609478235 832.70384108088911 3500.5175667505246 3071.9027074165642 2052.3189460879657 12314.895412570098
leaf_count=99515 1219 185094 21948 5285 10718 10605 18780 5715 5993 4825 13559 12780 8060 45352
internal_value=0.000180351 -0.00160489 0.00522444 0.00053602 0.0076121 -0.00845968 0.00397479 -0.00178892 -2.47298e-05 0.00726861 0.0127482 0.0153997 -0.00822432 -0.00438558
internal_weight=126877 93715.5 33161.7 11193.8 21967.9 6447.51 14984.4 3791.59 8475.89 3087.32 4746.26 6983.54 2364.32 40714.4
internal_count=449448 329961 119487 44443 75044 25599 51546 14994 29598 10818 18844 23498 9279 144867
cat_boundaries=0 1
cat_threshold=1
is_linear=0
shrinkage=0.035


Tree=2
num_leaves=15
num_cat=0
split_feature=11 13 13 58 13 59 60 1 1 57 1 59 57 48
split_gain=880.014 407.265 326.842 193.295 184.886 148.353 143.085 847.326 752.476 440.088 417.726 301.074 187.639 177.269
threshold=1.0098822440397444 0.99572518064923976 1.0235416847075658 10.108616226574608 0.99119102741983511 0.78297285307474518 -0.8429103140553027 18.500000000000004 17.500000000000004 1.3067770989782757 11.500000000000002 0.68391308835034159 2.1811143364214236 0.15289511606932801
decision_type=2 2 2 2 2 2 2 2 2 2 2 2 2 2
left_child=1 -1 4 -4 5 -2 7 10 9 -8 13 -10 -12 -3
right_child=2 6 3 -5 -6 -7 8 -9 11 -11 12 -13 -14 -15
leaf_value=-0.00030460221656702929 -0.00012390790274366737 0 0.00031976576175075033 0.00075449655641848237 4.7113308683037764e-05 0.00013665312551893296 0 -0.0029422276615035953 0.00042426392267504712 -0.00097114255438663548 0.0022871716320514682 0.0025968197297216397 -0.0022839092902760022 -0.00029398832552705433
leaf_weight=27520.152135335142 6191.5254455185495 4701.789620781783 5113.6627999683842 5045.7136055035517 29112.2887801982 2121.2618773765862 17240.875710469671 2209.0530602224171 4437.0049152653664 13801.591734386049 2766.5308033199981 3481.8101287744939 291.26237472146749 2842.6986039262265
leaf_count=100653 22334 17128 29800 10658 103522 9922 57378 7274 11129 45157 9838 13234 971 10450
internal_value=0.000182364 -0.00207563 0.00394464 0.00950913 0.00243198 -0.00216973 -0.000246572 -0.0034538 0.000808653 -0.00164877 0.000661916 0.0104319 0.011553 -0.00376171
internal_weight=126877 79292.8 47584.5 10159.4 37425.1 8312.79 51772.6 12811.3 38961.3 31042.5 10602.3 7918.82 3057.79 7544.49
internal_count=449448 273212 176236 40458 135778 32256 172559 45661 126898 102535 38387 24363 10809 27578
is_linear=0
shrinkage=0.035


Tree=3
num_leaves=15
num_cat=0
split_feature=13 57 60 1 1 1 59 1 49 23 60 46 1 59
split_gain=944.932 304.748 522.936 1250.43 805.29 453.38 590.016 577.626 336.317 299.325 273.119 1082.98 515.807 320.448
threshold=1.0055493626951182 1.6528978323145027 -0.8140159405215136 18.500000000000004 6.5000000000000009 16.500000000000004 0.15005400879207817 13.500000000000002 0.97500000000000009 1.0000000180025095e-35 -0.8429103140553027 -0.099999999999999742 17.500000000000004 0.77214943412548942
decision_type=2 2 2 2 2 2 2 2 2 2 2 2 2 2
left_child=1 2 3 4 8 7 -7 -4 -1 -3 11 -2 -12 -14
right_child=10 9 5 -5 -6 6 -8 -9 -10 -11 12 -13 13 -15
leaf_value=-6.8517997627831644e-05 -0.00054178354109264909 -0.0005749114876756079 0 -0.0026887244833630843 0.0010919703720139941 -0.00023895030003016408 0.0013231976483482869 -0.0017576873794428406 0 -0.0027154668466010928 7.443893343524542e-05 0.001765747168660164 0.00063242150040933157 0.0024761622726363133
leaf_weight=4766.5385020091198 5807.2227122713812 12168.241119595943 33329.204527117312 3926.8996780070011 6529.1785187020432 4389.2735449969769 7758.389877717942 4962.684955585748 2878.2896123758983 5671.1398945599794 20235.908801374957 5608.1612718724646 5241.5660863006487 3604.5224932804704
leaf_count=18488 22288 48116 115177 15199 24136 9457 33246 14096 11852 17035 68966 21619 15098 14675
internal_value=-0.000210879 -0.00227899 -0.00121797 -0.00631954 -0.00147164 0.000613691 0.00650219 -0.00125558 -0.00917591 -0.00635259 0.00419983 -0.000387791 0.00600009 0.0130453
internal_weight=126877 86379.8 68540.5 18100.9 14174 50439.6 12147.7 38291.9 7644.83 17839.4 40497.4 11415.4 29082 8846.09
internal_count=449448 306802 241651 69675 54476 171976 42703 129273 30340 65151 142646 43907 98739 29773
is_linear=0
shrinkage=0.035


Tree=4
num_leaves=15
num_cat=0
split_feature=13 13 60 1 1 1 57 59 57 46 60 36 57 21
split_gain=798.326 377.631 241.44 901.973 498.281 469.56 237.281 320.204 448.363 386.598 276.017 215.186 205.862 197.971
threshold=1.0088026503653855 0.98745562856688196 -0.7721279831368929 18.500000000000004 6.5000000000000009 17.500000000000004 1.8464033957869528 0.64534213713577271 1.2684949987555731 1.0000000180025095e-35 0.69635043120606455 26.150000000000002 0.01189937498537018 1.0000000180025095e-35
decision_type=2 2 2 2 2 2 2 2 2 2 2 2 2 2
left_child=1 6 3 4 12 11 7 9 -9 10 -1 -4 -2 -8
right_child=2 -3 5 -5 -6 -7 13 8 -10 -11 -12 -13 -14 -15
leaf_value=-0.0010357289327445859 2.1762770593778115e-05 0 0.00010655011818526022 -0.0017878196268547326 0.0021141041855145312 0.0013776805308241538 -0.0013901433829086117 0.00028401833518898521 -0.0015609857898808504 1.7422157801468277e-05 -9.5058899372569864e-05 -0.0028924995038680209 -0.00041070258876129578 -0.0075333895163765792
leaf_weight=3958.3743670880795 759.10024317982607 70295.980520413956 14479.573913719505 2716.4479293590412 6315.2072231571656 7042.559886014089 1758.433949873317 4427.5783787295222 3095.8228290192783 4802.9104486550204 3522.5297663873062 702.24785684421659 1529.9890383817255 1470.4652449458372
leaf_count=16458 2785 237448 49000 10845 25606 23701 7587 20740 14721 16597 9211 3266 5693 5790
internal_value=8.81623e-05 -0.0015763 0.00471827 0.000557035 0.00610962 0.00683673 -0.00546433 -0.00402579 0.00165937 -0.00750627 -0.0124761 0.0033675 -0.00785586 -0.0142492
internal_weight=126877 93332.1 33545.1 11320.7 8604.3 22224.4 23036.1 19807.2 7523.4 12283.8 7480.9 15181.8 2289.09 3228.9
internal_count=449448 328552 120896 44929 34084 75967 91104 77727 35461 42266 25669 52266 8478 13377
is_linear=0
shrinkage=0.035


Tree=5
num_leaves=15
num_cat=1
split_feature=13 57 28 1 1 57 57 28 1 1 21 3 49 21
split_gain=739.868 358.604 783.663 1362.73 544.068 712.095 463.632 421.45 645.595 394.317 711.994 456.501 250.446 233.782
threshold=1.0088026503653855 1.2989134797818134 57.500000000000007 19.500000000000004 9.5000000000000018 0.0036847963766168971 0.17030564934515588 57.500000000000007 17.500000000000004 17.500000000000004 1.0000000180025095e-35 0 0.97500000000000009 1.0000000180025095e-35
decision_type=2 2 2 2 2 2 2 2 2 2 2 1 2 2
left_child=1 2 6 4 5 12 -1 9 -9 -3 -11 -12 -4 -2
right_child=13 7 3 -5 -6 -7 -8 8 -10 10 11 -13 -14 -15
leaf_value=0 8.3165647122856543e-05 -0.0012012532002296948 7.4916411306778594e-07 -0.0022989047755907475 0.0020325590156823298 -0.00024626418672406937 0.00070818924165411471 0.00098094140265270213 -0.0033659192879874843 0.0021113497964001132 -0.0060558709347199226 0.0013677455726075123 0 0.00065953767000714327
leaf_weight=17911.24066994898 23233.248096159892 24712.415277750231 1527.3633012257051 4267.556977795437 2826.3302581638563 4982.9996740869246 17386.691434893757 8949.5721815458965 2317.484243194107 3336.6817571260035 1131.7333461120725 663.41084993537515 3318.6155333339702 10311.877994495677
leaf_count=62594 82454 81602 7198 16194 9323 18725 59103 34237 8832 10783 3066 3349 13546 38442
internal_value=0.000119755 -0.00148261 0.000442384 -0.00574782 2.47284e-05 -0.0038686 0.00341094 -0.00392732 0.00183898 -0.00610414 0.00271995 -0.0150025 0.00567912 0.00457711
internal_weight=126877 93332.1 52220.8 16922.9 12655.3 9828.98 35297.9 41111.3 11267.1 29844.2 5131.83 1795.14 4845.98 33545.1
internal_count=449448 328552 186683 64986 48792 39469 121697 141869 43069 98800 17198 6415 20744 120896
cat_boundaries=0 1
cat_threshold=1
is_linear=0
shrinkage=0.035


Tree=6
num_leaves=15
num_cat=1
split_feature=13 57 28 1 1 57 57 28 1 1 21 3 11 59
split_gain=670.042 335.946 635.098 1167 477.996 646.227 414.408 355.543 566.135 291.613 644.902 424.601 241.557 238.404
threshold=1.0055493626951182 1.2953102889197674 57.500000000000007 19.500000000000004 9.5000000000000018 0.01189937498537018 0.17030564934515588 57.500000000000007 17.500000000000004 17.500000000000004 1.0000000180025095e-35 0 1.0305327412878087 0.2843565540399125
decision_type=2 2 2 2 2 2 2 2 2 2 2 1 2 2
left_child=1 2 6 4 5 -4 -1 9 -9 -3 -11 -12 -2 -8
right_child=12 7 3 -5 -6 -7 13 8 -10 10 11 -13 -14 -15
leaf_value=0 7.6738372665845905e-05 -0.001191309692934105 0 -0.0021541941307391173 0.0021544564415174232 -0.00047570905527090189 9.4860362758309661e-05 0.00088017524269994193 -0.0034878695684765499 0.0020180726625056659 -0.0058271171494734828 0.0013366394806830328 0.00039678540726353846 0.0010924790129125069
leaf_weight=17326.134258466773 28045.759219547035 22780.489002650604 5595.7107585242484 3926.9629912509117 2358.6440425992478 3792.1952176110353 5503.4256292283535 8209.0370494062081 2108.7954845861532 2919.666893530637 1120.3582808896899 629.4013542002067 12451.622145552887 10109.019267723896
leaf_count=61024 93497 75656 23335 14985 7949 14615 11522 31309 8081 9538 3032 3206 49149 42550
internal_value=6.12742e-05 -0.00168025 0.000243753 -0.00555357 -2.63159e-05 -0.00356782 0.0030032 -0.00415611 0.00138193 -0.00623749 0.00172748 -0.0150235 0.0037754 0.00713693
internal_weight=126877 86379.8 48612.1 15673.5 11746.6 9387.91 32938.6 37767.7 10317.8 27449.9 4669.43 1749.76 40497.4 15612.4
internal_count=449448 306802 175980 60884 45899 37950 115096 130822 39390 91432 15776 6238 142646 54072
cat_boundaries=0 1
cat_threshold=1
is_linear=0
shrinkage=0.035


Tree=7
num_leaves=15
num_cat=0
split_feature=13 57 21 1 60 60 46 1 1 1 57 59 36 54
split_gain=610.216 324.975 295.019 236.376 239.391 227.581 993.987 612.722 343.891 256.891 238.744 237.559 212.23 203.885
threshold=1.0057365423648577 1.6528978323145027 1.0000000180025095e-35 17.500000000000004 -0.8140159405215136 -0.7721279831368929 0.4000000000000013 17.500000000000004 18.500000000000004 11.500000000000002 1.1945966958805496 0.77214943412548942 26.150000000000002 7.5000000000000009
decision_type=2 2 2 2 2 2 2 2 2 2 2 2 2 2
left_child=1 13 -3 4 -4 6 8 12 10 -8 -2 -9 -7 -1
right_child=5 2 3 -5 -6 7 9 11 -10 -11 -12 -13 -14 -15
leaf_value=0 -9.7008289735770766e-05 -0.00047795715985608761 0.0016613896195495641 -0.0079352802682965719 -0.0023128415179793833 7.2698311157002129e-05 -0.00011538992451462359 0.00066442098865804203 -0.0018749448048277914 0.0027841547586957313 0.0015562287451523766 0.0023246001271759863 -0.0028409533637674027 0
leaf_weight=6107.2378860842437 2754.1300828326494 12299.515976326307 847.38397230184637 1230.4951202881057 3603.52570451051 17639.478197554126 1549.9490821140353 4611.4463081480935 3097.405665679602 4141.700411825208 1782.1044525199104 3577.6188237667084 854.12215369939804 62781.107758117141
leaf_count=28348 10623 43120 3709 4260 14515 58249 6322 12492 12212 15916 6933 14560 3881 214308
internal_value=2.83315e-05 -0.0016189 -0.00580763 -0.012397 -0.00860728 0.00360447 -0.000131083 0.00546935 -0.00838081 0.0109287 -0.00223112 0.0134336 0.0019374 -0.000524889
internal_weight=126877 86869.3 17980.9 5681.4 4450.91 40008 13325.3 26682.7 7633.64 5691.65 4536.23 8189.07 18493.6 68888.3
internal_count=449448 308260 65604 22484 18224 141188 52006 89182 29768 22238 17556 27052 62130 242656
is_linear=0
shrinkage=0.035


Tree=8
num_leaves=15
num_cat=1
split_feature=11 13 28 1 57 1 21 1 36 3 57 14 36 58
split_gain=580.321 353.061 212.884 916.534 770.58 449.128 528.781 401.602 318.926 305.83 247.141 242.828 156.75 136.573
threshold=0.99856191522207427 1.0235416847075658 59.500000000000007 18.500000000000004 1.2647650279341953 17.500000000000004 1.0000000180025095e-35 11.500000000000002 14.050000000000002 0 1.9913732386558902 1.0239625556666898 26.550000000000004 10.108616226574608
decision_type=2 2 2 2 2 2 2 2 2 1 2 2 2 2
left_child=2 -2 4 7 8 12 -7 -4 -1 -8 -9 -5 -6 -3
right_child=1 13 3 11 5 6 9 10 -10 -11 -12 -13 -14 -15
leaf_value=8.0850931263726578e-06 0 0.00025214552811151514 -0.00020785766941054207 -0.0010452515300736005 -0.0011048920880641752 0.0019944524113533475 -0.006190096901085981 0.0017383374180740508 0.00070565065800171404 0.001280055379744398 -0.0019218367036085058 -0.0037837973736013536 -0.0037969265301131152 0.00061001195310300997
leaf_weight=7108.8230512505397 65960.841923712287 5648.3317056561355 6962.6510423680302 1531.0205836771056 15418.974800662138 3327.6274528764188 790.61174590140581 3716.2108218735084 5398.3484111204743 475.94371149409562 1050.8209470172878 2315.3780038689729 1230.1417727842927 5941.4956215051934
leaf_count=20707 227919 32880 25490 6096 54018 10583 2165 14565 22709 2346 3973 7955 5524 12518
internal_value=1.97439e-05 0.00190747 -0.00294791 -0.00633123 -0.00138507 -0.0054421 0.00423887 -0.00146338 0.00550461 -0.0149313 0.00635562 -0.0211336 -0.00811443 0.00753858
internal_weight=126877 77550.7 49326.6 15576.1 33750.5 21243.3 4594.18 11729.7 12507.2 1266.56 4767.03 3846.4 16649.1 11589.8
internal_count=449448 273317 176131 58079 118052 74636 15094 44028 43416 4511 18538 14051 59542 45398
cat_boundaries=0 1
cat_threshold=1
is_linear=0
shrinkage=0.035


Tree=9
num_leaves=15
num_cat=0
split_feature=13 11 53 60 57 59 46 14 23 1 2 57 13 28
split_gain=546.192 408.51 232.357 266.368 225.532 464.841 305.144 310.426 163.303 241.718 143.78 138.587 133.42 126.767
threshold=0.98853855161918502 1.0305327412878087 0.85504201680672276 -0.8140159405215136 1.3198197064749688 0.78297285307474518 0.49999999999999983 1.1694833628063137 1.0000000180025095e-35 17.500000000000004 3.5000000000000004 0.0048043531591724737 1.0235416847075658 57.500000000000007
decision_type=2 2 2 2 2 2 2 2 2 2 2 2 2 2
left_child=4 12 -3 -4 5 6 7 -1 13 -10 -11 -9 -2 -6
right_child=1 2 3 -5 8 -7 -8 11 9 10 -12 -13 -14 -15
leaf_value=-8.6750778145501276e-05 0 0.00020602494830852707 7.2294336911041337e-07 -1.6489658039063218e-06 -0.0014777766698687691 0.00030209384237928392 0.00069658819751220163 2.2838844065146553e-05 -0.0013175423654716097 0.00077322480824625441 -0.0071722986519643884 -0.0016600118937244695 0.00027381559150601551 0.00035354582312331406
leaf_weight=6379.9406496561132 73824.461649029749 20719.541942716343 93.513762585818768 367.49742213636637 4915.058002313599 3985.3414450362325 1912.5849304122385 154.79052488622256 2284.4242499507964 188.70173233747482 1294.6808147579432 1522.7974836155772 7094.7438279730268 2139.1431583603844
leaf_count=22389 241327 82008 504 1999 20695 17894 6380 503 8110 692 3764 5796 26597 10790
internal_value=-5.23154e-06 0.00112612 0.00545216 -0.0188712 -0.00466573 -0.00172304 -0.00576066 -0.00874234 -0.00845536 -0.0143319 -0.0252911 -0.0220962 -6.75307e-06 -0.00530073
internal_weight=126877 102100 21180.6 461.011 24777.5 13955.5 9970.11 8057.53 10822 3767.81 1483.38 1677.59 80919.2 7054.2
internal_count=449448 352435 84511 2503 97013 52962 35068 28688 44051 12566 4456 6299 267924 31485
is_linear=0
shrinkage=0.035


Tree=10
num_leaves=15
num_cat=1
split_feature=13 57 23 21 1 3 54 60 1 13 40 60 1 1
split_gain=532.15 271.869 279.591 220.572 262.486 287.715 210.623 185.068 245.001 165.287 159.442 195.845 1087.89 434.755
threshold=1.0055493626951182 1.6528978323145027 1.0000000180025095e-35 1.0000000180025095e-35 10.500000000000002 0 7.5000000000000009 -0.8140159405215136 17.500000000000004 0.98475647766926622 0.30000000000000043 -0.86092912513210462 18.500000000000004 13.500000000000002
decision_type=2 2 2 2 2 1 2 2 2 2 2 2 2 2
left_child=1 6 7 -2 -5 -6 -1 -3 -9 -4 11 12 13 -8
right_child=3 2 9 4 5 -7 10 8 -10 -11 -12 -13 -14 -15
leaf_value=0 5.0037866354289749e-05 0.0011128121490330183 -0.0060656769310093684 -2.6087134471477821e-06 0.0016660933528415678 0.00011754310097878657 0 -0.001150626756123461 0.0015851351950850552 -0.0015045681475425474 -1.2647931223804954e-05 0 -0.0024754943639443013 0.0032526304332478242
leaf_weight=6096.4271150138229 28689.310903761769 2808.9888303333428 1598.2120992131531 3898.2097035169136 5537.2678300067782 2372.5929278144613 9117.0896162390709 7986.3644595295191 1372.8878297330812 4072.9277953468263 9169.0241767067928 39714.961141441017 3051.53697360144 1391.4201935098972
leaf_count=28295 99081 12536 5494 14906 15179 13480 34997 30620 4960 11541 33483 128241 11705 4930
internal_value=-0.000136126 -0.00168813 -0.00553565 0.00317385 0.00719806 0.0108576 -0.000686049 -0.00254018 -0.00490412 -0.0119471 -0.00129255 -0.000558387 -0.00418843 0.00115945
internal_weight=126877 86379.8 17839.4 40497.4 11808.1 7909.86 68540.5 12168.2 9359.25 5671.14 62444 53275 13560 10508.5
internal_count=449448 306802 65151 142646 43565 28659 241651 48116 35580 17035 213356 179873 51632 39927
cat_boundaries=0 1
cat_threshold=1
is_linear=0
shrinkage=0.035


Tree=11
num_leaves=15
num_cat=1
split_feature=11 13 28 1 57 1 21 1 36 3 14 57 13 6
split_gain=585.191 230.813 182.845 868.919 687.537 398.511 481.116 355.603 295.957 284.72 240.981 211.003 162.737 147.692
threshold=0.99856191522207427 1.0294650055089389 57.500000000000007 18.500000000000004 1.2647650279341953 17.500000000000004 1.0000000180025095e-35 11.500000000000002 14.050000000000002 0 1.0239625556666898 1.9913732386558902 0.99119102741983511 2.0805928915684464
decision_type=2 2 2 2 2 2 2 2 2 1 2 2 2 2
left_child=2 12 4 7 8 -6 -7 -4 -1 -8 -5 -9 -2 -10
right_child=1 -3 3 10 5 6 9 11 13 -11 -12 -13 -14 -15
leaf_value=6.7742552790810252e-06 -4.9632876326913746e-05 0.00048619435326307549 -0.00019433734392378427 -0.0009721368160458706 -0.0012033279672583755 0.0019057987358148485 -0.0056737560781640103 0.0015874159225472888 -6.1710666678852684e-05 0.0012282901574512891 -0.0036065895371020819 -0.0017329963889556523 0 0.00091284484452818708
leaf_weight=7089.7465955195948 12403.808059077011 8609.5756616557483 7129.988566118991 1605.6968731349334 16466.197583415546 3281.2663080021739 790.61174590140581 3835.6702783023939 296.44249255210161 475.94371149409562 2315.3780038689729 1069.1192249578889 56537.285530140856 4970.4909616261721
leaf_count=20571 45260 34853 26342 6502 58589 10345 2165 15181 1411 2346 7955 4081 193204 20643
internal_value=0.000157147 0.00205277 -0.00282294 -0.0059035 -0.00134867 -0.00520018 0.00396443 -0.00123587 0.00520019 -0.0142856 -0.0201901 0.00601077 0.00137743 0.0114762
internal_weight=126877 77550.7 49326.6 15955.9 33370.7 21014 4547.82 12034.8 12356.7 1266.56 3921.07 4904.79 68941.1 5266.93
internal_count=449448 273317 176131 60061 116070 73445 14856 45604 42625 4511 14457 19262 238464 22054
cat_boundaries=0 1
cat_threshold=1
is_linear=0
shrinkage=0.035


Tree=12
num_leaves=15
num_cat=0
split_feature=11 13 62 57 28 1 21 28 1 1 57 1 14 14
split_gain=569.322 212.027 208.924 224.541 171.674 230.865 170.818 164.355 844.929 631.456 418.043 322.147 302.31 233.946
threshold=0.99856191522207427 0.99119102741983511 -0.34374999999999906 1.579612078123185 57.500000000000007 17.500000000000004 1.0000000180025095e-35 57.500000000000007 18.500000000000004 17.500000000000004 1.2731570032891582 11.500000000000002 0.98774795522931602 1.0239625556666898
decision_type=2 2 2 2 2 2 2 2 2 2 2 2 2 2
left_child=7 -2 -3 6 -5 -6 -4 9 11 10 -1 -9 -11 -10
right_child=1 2 3 4 5 -7 -8 8 13 12 -12 -13 -14 -15
leaf_value=2.2838350536327867e-05 -4.7895725655471762e-05 0 9.7344908863306048e-05 -0.00053301713674699144 0.0024067097126965462 -0.0019523850400617448 0.001019964074336587 -0.00018753553688645181 -0.00093811202748426503 0.0021643364261279743 -0.0011766272128557835 0.0010526139154352777 0.00011445205681758896 -0.0034803589033035086
leaf_weight=8195.4086208976805 12403.808059077011 32185.082875148626 17613.147255689371 6206.4476918000728 1997.2572190761566 773.1673867770005 6371.7587633053772 7129.988566118991 1605.6968731349334 3670.9152015335858 16290.193819751963 4904.7895032602828 5214.1817563278601 2315.3780038689729
leaf_count=27393 45260 118090 54404 21895 8909 3173 21586 26342 6502 14812 58043 19262 15822 7955
internal_value=0.000150903 0.00202064 0.00281915 0.0047773 5.50585e-05 0.00728419 0.00654394 -0.0027885 -0.00570917 -0.00139072 -0.00429074 -0.00110652 0.00659701 -0.0197971
internal_weight=126877 77550.7 65146.9 32961.8 8976.87 2770.42 23984.9 49326.6 15955.9 33370.7 24485.6 12034.8 8885.1 3921.07
internal_count=449448 273317 228057 109967 33977 12082 75990 176131 60061 116070 85436 45604 30634 14457
is_linear=0
shrinkage=0.035


Tree=13
num_leaves=15
num_cat=0
split_feature=13 6 21 57 21 1 60 1 1 1 14 1 21 53
split_gain=552.151 216.473 263.906 211.295 277.614 223.972 196.166 985.07 462.483 412.421 518.896 394.412 236.634 226.614
threshold=1.0032402889823031 3.9327992798645268 1.0000000180025095e-35 1.6528978323145027 1.0000000180025095e-35 17.500000000000004 -0.8140159405215136 18.500000000000004 12.500000000000002 16.500000000000004 0.98774795522931602 13.500000000000002 1.0000000180025095e-35 0.13762626262626265
decision_type=2 2 2 2 2 2 2 2 2 2 2 2 2 2
left_child=3 -2 -3 6 -5 -6 7 8 -1 11 -11 13 -13 -8
right_child=1 2 -4 4 5 -7 9 -9 -10 10 -12 12 -14 -15
leaf_value=0 -2.2459219224126668e-05 0.00015841507295200503 0.00083502584880763701 -0.00043002037447806697 -0.001590027691797963 -0.0071948245101488952 2.3627566592767837e-05 -0.0022005569687176072 0.0021304585866451253 0.0017952356999970426 2.0953141309869484e-05 -0.0018518486808855375 0.0022158306279255798 0
leaf_weight=10892.261563932523 4327.7057873278391 30146.612186981831 11686.690651145298 10937.951558558503 4160.4118527274113 1195.6863555808086 21191.392013329081 3649.3371319887228 2444.4520259532146 4024.9647425450385 7404.737672877498 4087.1974941901863 436.50118665024638 10291.319371979684
leaf_count=42966 16731 100799 42472 39179 17157 4112 68949 14264 8611 18047 22433 11345 1540 40843
internal_value=-0.000388387 0.00266441 0.00343547 -0.00213437 -0.00569386 -0.0122149 -0.00123334 -0.00445968 -4.59238e-05 -7.73523e-05 0.00571209 -0.0019162 -0.0115679 -0.00052613
internal_weight=126877 46161 41833.3 80716.2 16294 5356.1 64422.2 16986.1 13336.7 47436.1 11429.7 36006.4 4523.7 31482.7
internal_count=449448 160002 143271 289446 60448 21269 228998 65841 51577 163157 40480 122677 12885 109792
is_linear=0
shrinkage=0.035


Tree=14
num_leaves=15
num_cat=0
split_feature=13 1 59 21 57 57 21 1 60 1 1 59 1 1
split_gain=524.361 211.99 290.42 278.698 217.151 196.945 265.832 213.453 187.497 888.599 504.388 451.755 382.435 350.369
threshold=1.0032402889823031 5.5000000000000009 0.42888796625999276 1.0000000180025095e-35 1.6724751185525988 1.6528978323145027 1.0000000180025095e-35 17.500000000000004 -0.66483077113278999 18.500000000000004 16.500000000000004 0.30081702196488996 12.500000000000002 6.5000000000000009
decision_type=2 2 2 2 2 2 2 2 2 2 2 2 2 2
left_child=5 2 -2 -3 -5 8 -7 -8 9 13 12 -12 -10 -1
right_child=1 3 -4 4 -6 6 7 -9 10 -11 11 -13 -14 -15
leaf_value=0 -5.2222745568092326e-05 0.00021469787538242222 4.1953223166391152e-05 0.001282153472461128 -0.00025735178211648845 -0.00041496966137133466 -0.0015343767225850344 -0.006943005652293683 0 -0.001769400509519836 -0.00015505934390779326 0.0012970874039082471 -0.0013739024219232179 0.00079777125407005066
leaf_weight=9187.8291806844063 4095.4626978614833 27858.916514593875 3434.4265658278018 8575.1823599541094 2197.0204872176982 10937.951558558503 4160.4118527274113 1195.6863555808086 26966.746752127074 4580.3817158718593 3992.7776210680604 6496.8600661577657 5713.267897464335 7484.2999700726941
leaf_count=37009 10595 95884 12920 31133 9470 39179 17157 4112 93355 18046 8650 27970 15893 28075
internal_value=-0.00040508 0.00256991 -0.00279963 0.00361698 0.00839511 -0.00210656 -0.00554307 -0.0119242 -0.00123665 -0.00392692 8.83756e-05 0.00676227 -0.00205523 -0.000172399
internal_weight=126877 46161 7529.89 38631.1 10772.2 80716.2 16294 5356.1 64422.2 21252.5 43169.7 10489.6 32680 16672.1
internal_count=449448 160002 23515 136487 40603 289446 60448 21269 228998 83130 145868 36620 109248 65084
is_linear=0
shrinkage=0.035


Tree=15
num_leaves=15
num_cat=0
split_feature=13 1 21 59 57 13 57 59 57 2 1 28 21 11
split_gain=494.087 221.704 247.935 229.74 195.931 186.269 226.494 187.053 182.899 135.708 128.043 154.226 119.689 119.204
threshold=1.0055493626951182 5.5000000000000009 1.0000000180025095e-35 0.42888796625999276 1.6862985278684297 0.98106157696099472 1.8758755093681185 0.8140385552266387 1.2953102889197674 4.5000000000000009 18.500000000000004 58.500000000000007 1.0000000180025095e-35 1.044975438592026
decision_type=2 2 2 2 2 2 2 2 2 2 2 2 2 2
left_child=5 3 13 -2 9 6 7 10 -9 -4 -1 -12 -8 -3
right_child=1 2 4 -5 -6 -7 12 8 -10 -11 11 -13 -14 -15
leaf_value=-6.5890068385007815e-05 -4.9818141350959776e-05 0.00010590197569719558 0.0014856542645542018 3.3279538479150278e-05 -0.00034857872279746944 0 -0.0014779781567070386 0.00037579375917010734 -0.0012629174671813393 0.00050836462407089324 -0.00030392145985453473 -0.0021455711386678309 -0.0069632379525467348 0.00085619197689893042
leaf_weight=6041.6632834067568 3760.9859012551606 19537.315428021131 5884.8251440823078 3180.0044883741066 1808.2185665406287 71351.693911615061 919.52805031742901 2289.5590668767691 1447.9990059398115 2087.8937392926309 1786.2457220079377 1476.4180756416172 1066.7331148625817 4238.1380975339562
leaf_count=23134 9872 65595 17136 12008 7972 243894 4339 11029 7468 11922 6177 6495 4266 18141
internal_value=-0.000418956 0.00277048 0.00394812 -0.00292037 0.00863589 -0.0019144 -0.00545458 -0.00377076 0.00283729 0.0109925 -0.00642541 -0.0120032 -0.0164363 0.00201681
internal_weight=126877 40497.4 33556.4 6940.99 9780.94 86379.8 15028.1 13041.9 3737.56 7972.72 9304.33 3262.66 1986.26 23775.5
internal_count=449448 142646 120766 21880 37030 306802 62908 54303 18497 29058 35806 12672 8605 83736
is_linear=0
shrinkage=0.035


Tree=16
num_leaves=15
num_cat=0
split_feature=13 11 57 23 57 54 62 60 1 57 2 1 6 50
split_gain=469.201 211.023 192.368 254.107 161.408 158.402 157.774 375.997 295.085 191.147 175.798 176.563 154.001 147.544
threshold=1.0002789576034192 1.0305327412878087 1.6355072939676398 1.0000000180025095e-35 0.10803771127657769 7.5000000000000009 0.78333333333333421 -0.78295110140207613 18.500000000000004 1.2684949987555731 3.5000000000000004 16.500000000000004 7.6909189469034516 16.500000000000004
decision_type=2 2 2 2 2 2 2 2 2 2 2 2 2 2
left_child=2 6 5 -4 -3 -1 7 8 12 -8 11 -11 -2 -12
right_child=1 4 3 -5 -6 -7 9 -9 -10 10 13 -13 -14 -15
leaf_value=0 -0.00017592958184073229 -1.57337906709489e-05 -0.00046441926741844957 -0.0025098200062138244 0.0008630913831343931 0 0.0012083220958519958 5.6843522925950633e-05 -0.0020553114130989229 -0.00080746958960274261 0.00016686427879467264 0.00064434369325008117 0.00093383018824346224 0.0018331711015667641
leaf_weight=5658.9809586722404 4082.1900819647126 2719.8496023914777 9997.791428667726 4760.6007990762591 11989.077528460184 51312.51615332556 4234.9135812355671 15303.047705309466 1790.7174764038064 5094.8574035018682 2340.5648651621304 4181.3989606536925 1255.4047539830208 2155.310296960175
leaf_count=26337 16385 10214 40713 14508 47407 180172 12985 43944 6278 15911 13379 12850 2697 5668
internal_value=-0.000442142 0.00198507 -0.00230824 -0.00586811 0.00557341 -0.0013852 0.000678799 -0.00127978 -0.00791327 0.00311796 0.00111565 -0.00163775 -0.00377212 0.00678771
internal_weight=126877 55147.3 71729.9 14758.4 14708.9 56971.5 40438.4 22431.4 7128.31 18007 13772.1 9276.26 5337.59 4495.88
internal_count=449448 187718 261730 55221 57621 206509 130097 69304 25360 60793 47808 28761 19082 19047
is_linear=0
shrinkage=0.035


Tree=17
num_leaves=15
num_cat=1
split_feature=13 6 60 57 57 1 36 1 14 13 57 59 21 3
split_gain=449.468 203.586 218.941 1018.44 562.712 553.155 238.895 237.696 186.886 172.357 213.439 173.99 165.446 174.333
threshold=1.0047392056899513 3.9327992798645268 -0.7721279831368929 1.0701666665111358 1.2513676389835358 18.500000000000004 14.050000000000002 17.500000000000004 1.1694833628063137 0.98106157696099472 1.8758755093681185 0.8140385552266387 1.0000000180025095e-35 0
decision_type=2 2 2 2 2 2 2 2 2 2 2 2 2 1
left_child=9 -2 3 8 6 -5 -4 12 -3 10 11 -1 -6 -14
right_child=1 2 4 5 7 -7 -8 -9 -10 -11 -12 -13 13 -15
leaf_value=-0.00022690094857691522 -2.2024358681920314e-05 -0.00041932832768618034 0.00032517716924065974 0.0016762851797713133 -0.00064778561937194133 -0.0035660716852545741 0.0014570232388373561 0.0017576339603512356 -0.0018915043008666805 0 -0.0042706822818527985 0.00012204211032206036 0.0013494534029575337 -0.001594457349736203
leaf_weight=9304.3270810563117 4211.5358618951868 2209.9268750534393 6291.7097003357485 7882.340734409634 8209.9377456717193 1111.2847266814206 4412.5894746594131 2691.9435283867642 1558.5162266723346 69431.588635664899 1986.2611651800107 3737.5580728165805 2803.8826203048229 1033.8191469796002
leaf_count=35806 16311 8490 16439 30350 26817 4505 17690 9142 5507 238112 8605 18497 7379 5798
internal_value=-0.000452411 0.00248676 0.00329198 -0.000449004 0.00516781 0.00595139 0.0112716 0.000730467 -0.0156993 -0.00192864 -0.0053259 -0.0036913 -0.00137261 0.0046187
internal_weight=126877 42417.5 38206 12762.1 25443.9 8993.63 10704.3 14739.6 3768.44 84459.7 15028.1 13041.9 12047.6 3837.7
internal_count=449448 148428 132117 48852 83265 34855 34129 49136 13997 301020 62908 54303 39994 13177
cat_boundaries=0 1
cat_threshold=1
is_linear=0
shrinkage=0.035


Tree=18
num_leaves=15
num_cat=0
split_feature=13 1 21 57 59 57 23 60 1 1 1 14 1 21
split_gain=426.526 195.268 222.609 183.531 182.22 158.145 242.944 194.982 879.026 457.18 372.914 503.821 363.332 245.672
threshold=1.0047392056899513 5.5000000000000009 1.0000000180025095e-35 1.6862985278684297 0.4749466738948262 1.6528978323145027 1.0000000180025095e-35 -0.8140159405215136 18.500000000000004 12.500000000000002 16.500000000000004 0.98774795522931602 13.500000000000002 1.0000000180025095e-35
decision_type=2 2 2 2 2 2 2 2 2 2 2 2 2 2
left_child=5 4 -3 -4 -2 7 -7 8 9 -1 12 -12 -9 -14
right_child=1 2 3 -5 -6 6 -8 10 -10 -11 11 -13 13 -15
leaf_value=0 -4.7093879529957909e-05 0.00020557861623760702 0.0011652926326919529 -0.00033489142835092046 3.0340721491009722e-05 -0.000348880154115147 -0.002146645467963245 0 -0.0020206765877346308 0.0020287666439662046 0.0017213868430840252 1.0945962055895302e-05 -0.0017227025767660416 0.0020768182392829852
leaf_weight=11304.883301533526 4020.6089084222913 25188.24322141381 8200.6639203049708 1914.4038184983656 3093.5667724106461 11774.905926409876 5494.8626952655613 32750.5183533011 3821.962830868084 2595.7818592556287 4184.3433841727674 7701.4609605418518 4342.2290741577744 488.78656921163201
leaf_count=44406 10654 87881 29859 8310 11724 46913 16621 113443 14834 9149 18730 23228 12017 1679
internal_value=-0.000443744 0.00241943 0.00348536 0.00786858 -0.00286758 -0.00188181 -0.00486817 -0.00111362 -0.00426248 -0.000170922 1.51573e-05 0.00541614 -0.00169398 -0.0106438
internal_weight=126877 42417.5 35303.3 10115.1 7114.18 84459.7 17269.8 67190 17722.6 13900.7 49467.3 11885.8 37581.5 4831.02
internal_count=449448 148428 126050 38169 22378 301020 63534 237486 68389 53555 169097 41958 127139 13696
is_linear=0
shrinkage=0.035


Tree=19
num_leaves=15
num_cat=0
split_feature=13 11 57 2 1 62 60 1 57 2 1 60 1 57
split_gain=407.612 202.969 179.598 352.158 165.447 161.526 391.473 281.613 198.166 208.561 171.664 210.579 166.017 160.05
threshold=1.0002789576034192 1.044975438592026 2.0025478082034289 3.5000000000000004 17.500000000000004 0.78333333333333421 -0.8140159405215136 18.500000000000004 1.2684949987555731 3.5000000000000004 17.500000000000004 -0.94695267581281539 6.5000000000000009 0.025513901728264912
decision_type=2 2 2 2 2 2 2 2 2 2 2 2 2 2
left_child=2 5 -1 -4 -5 6 7 12 -7 10 -10 -12 -2 -8
right_child=1 -3 3 4 -6 8 13 -9 9 -11 11 -13 -14 -15
leaf_value=0 -0.00015434176091133007 0.00034437046980274091 -9.6225439572243101e-05 -0.0026790916258602987 -0.0086917976484874645 0.0011544524494104202 -2.3977830757065429e-05 -0.0019559111661865765 -0.00063023439945469222 0.0011449689824279791 -0.0025157241776933058 0.001664080413392413 0.00023283377284013458 0.00020493785361811516
leaf_weight=66137.377300056862 2365.3311954790261 9501.5700882282108 3160.3064987286925 1756.9591556875966 675.24638526863419 4869.676615258446 1869.8641527025029 1842.756312853191 7118.5557440184057 5034.1662148078904 503.81477507948875 2519.7192053236067 3150.627895813901 16371.250056461431
leaf_count=241474 8119 39604 10657 7643 1956 15145 5385 6613 21982 21551 1514 7816 11958 48031
internal_value=-0.000438503 0.0018238 -0.00217782 -0.00819506 -0.0181771 0.000854418 -0.000987898 -0.00779652 0.00320648 0.00123285 -0.00165829 0.00531716 -0.00382325 0.00176156
internal_weight=126877 55147.3 71729.9 5592.51 2432.21 45645.8 25599.8 7358.72 20045.9 15176.3 10142.1 3023.53 5515.96 18241.1
internal_count=449448 187718 261730 20256 9599 148114 80106 26690 68008 52863 31312 9330 20077 53416
is_linear=0
shrinkage=0.035


Tree=20
num_leaves=15
num_cat=0
split_feature=11 1 13 57 60 46 28 1 2 14 1 49 60 59
split_gain=390.396 459.863 171.369 165.729 264.45 1064.2 228.723 302.652 175.425 172.446 151.937 138.341 306.32 167.456
threshold=1.0061784460713457 4.5000000000000009 0.98656494423661478 1.5604203553912255 -0.8140159405215136 0.4000000000000013 52.500000000000007 17.500000000000004 1.5000000000000002 1.1694833628063137 13.500000000000002 0.59411764705882364 -0.8238924869212918 0.77214943412548942
decision_type=2 2 2 2 2 2 2 2 2 2 2 2 2 2
left_child=2 11 -1 4 5 9 -5 -8 -6 -3 -7 13 -13 -2
right_child=1 3 -4 6 8 10 7 -9 -10 -11 -12 12 -14 -15
leaf_value=-0.00031284499038253331 -2.203619804720399e-05 -0.00038110431339666225 0 -0.00068507484043767587 0.00017031609972314917 0.0010049533226154357 0.0022464750001755349 -0.0026121198632618084 0.00071716494726329868 -0.0020951136732142821 0.0037569142033870408 7.2294336911041337e-07 -1.6489658039063218e-06 2.806466393403651e-05
leaf_weight=15063.240428207675 5125.1336868111975 2788.7667551063932 57905.890505760908 7533.6035647252575 8135.4992682337761 2403.5115004009567 3248.0566317595076 981.31310885283165 15612.022046516649 1967.8316203092691 1567.831192747457 552.52282077935524 1563.2186696045101 2428.7797959521413
leaf_count=60284 14865 12044 192956 26747 25412 9304 14075 4172 55408 7958 5200 3228 8579 9216
internal_value=-0.00047404 0.00178454 -0.00214265 0.00329591 0.00458485 -0.00062449 -0.000263492 0.00624154 0.0064989 -0.0117806 0.0127335 -0.00512624 -0.0130158 -0.0029022
internal_weight=126877 53908.1 72969.1 44238.4 32475.5 8727.94 11763 4229.37 23747.5 4756.6 3971.34 9669.65 2115.74 7553.91
internal_count=449448 196208 253240 160320 115326 34506 44994 18247 80820 20002 14504 35888 11807 24081
is_linear=0
shrinkage=0.035


Tree=21
num_leaves=15
num_cat=0
split_feature=11 1 11 13 57 13 64 50 57 46 60 51 11 53
split_gain=379.738 376.649 161.256 146.256 154.106 131.775 125.486 106.733 106.987 95.6518 103.77 88.4651 88.3554 203.772
threshold=1.0061784460713457 4.5000000000000009 1.044975438592026 0.98231183849211678 1.8758755093681185 0.99119102741983511 -0.29374999999999996 19.000000000000004 0.013088771449383139 0.4000000000000013 -0.65187484896379932 0.33933692980060098 1.0091728546503844 0.70479302832244028
decision_type=2 2 2 2 2 2 2 2 2 2 2 2 2 2
left_child=3 12 5 4 7 -3 -5 -1 -9 10 -10 -8 -2 -14
right_child=1 2 -4 6 -6 -7 11 8 9 -11 -12 -13 13 -15
leaf_value=-1.6756416579461878e-05 5.7713803136721272e-08 -0.00026187229633655454 0.00064994899270541908 5.8437904896490255e-05 -0.0038295011515563516 0.00027790843491516941 0 3.0686942070580302e-05 -0.0015150404123911131 -0.0004475819225357429 -0.0002350350826989801 -0.0015272078068275391 -7.9523518395302339e-06 -1.5335381976328795e-06
leaf_weight=5168.9590259701945 822.03821176849306 5661.5614341797773 12227.457100800471 2366.1581249125302 1772.7391003717203 26349.41715367185 58044.879655824276 409.45454363524914 1216.1663476862013 1728.5790447443724 1193.4264059588313 1068.7686848652083 7462.8548667852301 1384.761894593481
leaf_count=25852 3086 20446 54132 10475 7527 85742 190004 967 4323 5700 3475 4917 24689 8113
internal_value=-0.000428184 0.00179934 0.00316713 -0.00207386 -0.00569695 0.00186005 -0.00139596 -0.00395665 -0.00786122 -0.00955136 -0.0140456 -0.0017127 -0.00445506 -0.00547574
internal_weight=126877 53908.1 44238.4 72969.1 11489.3 32011 61479.8 9716.59 4547.63 4138.17 2409.59 59113.6 9669.65 8847.62
internal_count=449448 196208 160320 253240 47844 106188 205396 40317 14465 13498 7798 194921 35888 32802
is_linear=0
shrinkage=0.035


Tree=22
num_leaves=15
num_cat=0
split_feature=11 1 13 13 57 23 1 2 50 1 1 28 36 1
split_gain=391.107 358.475 149.036 118.574 140.232 115.912 128.05 128.918 99.3996 106.274 99.0335 855.333 318.141 316.847
threshold=1.0061784460713457 4.5000000000000009 0.99119102741983511 0.98231183849211678 1.8758755093681185 1.0000000180025095e-35 9.5000000000000018 3.5000000000000004 19.000000000000004 18.500000000000004 16.500000000000004 59.500000000000007 26.550000000000004 18.500000000000004
decision_type=2 2 2 2 2 2 2 2 2 2 2 2 2 2
left_child=3 -2 -3 4 8 -4 -7 -8 -1 -10 12 -12 -5 -13
right_child=1 2 5 10 -6 6 7 -9 9 -11 11 13 -14 -15
leaf_value=-1.6169941999180713e-05 -1.5375781638524499e-06 -0.00011633790544910799 0.0002472144651513777 0 -0.0036954686112518793 8.2948952200990554e-06 0.00052744578488669197 0.0013530501203707522 -0.00011040086297985714 -0.001411253844189287 0.00079695232160452943 0.00031809510698277595 -0.0035214321843049976 -0.0020390487184520373
leaf_weight=5168.9590259701945 9669.6549731472041 7736.0868972572498 23394.486524031032 44648.959879733156 1772.7391003717203 2946.6289182640612 5525.5082611404359 4635.7250879593194 3096.3481291867793 1451.2782128378749 10755.565387328155 1537.4556761523709 1132.8376717530191 3404.9878506353125
leaf_count=25852 35888 30513 90407 149758 7527 9085 16589 13726 9619 4846 33809 5440 4687 11702
internal_value=-0.000537158 0.00172348 0.00305787 -0.00220728 -0.00546964 0.0039929 0.00662702 0.00848826 -0.00380947 -0.00757752 -0.00159682 0.000801726 -0.00241925 -0.0112366
internal_weight=126877 53908.1 44238.4 72969.1 11489.3 36502.3 13107.9 10161.2 9716.59 4547.63 61479.8 15698 45781.8 4942.44
internal_count=449448 196208 160320 253240 47844 129807 39400 30315 40317 14465 205396 50951 154445 17142
is_linear=0
shrinkage=0.035


Tree=23
num_leaves=15
num_cat=1
split_feature=11 1 11 13 14 1 57 59 46 60 1 2 3 6
split_gain=368.696 342.673 147.97 114.881 109.022 557.296 330.425 276.416 255.377 251.689 243.908 404.079 342.601 243.47
threshold=1.0061784460713457 4.5000000000000009 1.044975438592026 0.9871299501393469 1.1228774058946247 19.500000000000004 1.2828418053398616 0.081675638985454754 2.8500000000000001 0.69635043120606455 17.500000000000004 3.5000000000000004 0 3.7848725261439058
decision_type=2 2 2 2 2 2 2 2 2 2 2 2 1 2
left_child=4 -2 3 -3 6 8 7 -1 -6 -7 -8 -12 -13 -9
right_child=1 2 -4 -5 5 9 10 13 -10 -11 11 12 -14 -15
leaf_value=0 -1.4837629281176142e-06 -0.00032792622987763448 0.00061841239413141234 0.00023646618097891256 0 -0.0033682726681348932 -0.00083179776357923099 0 0.0014105061382372519 6.7646014242512574e-05 0.0014516430645735605 -0.0047691739117439423 0.00054681207952806039 0.00046197838898369127
leaf_weight=8797.0159063267056 9669.6549731472041 4028.7887665007729 12227.457100800471 27982.189821350854 10168.63171204878 1582.5374381528236 23572.557862322545 7830.9985059751198 2329.7574120468926 428.54472780972719 4157.8110841847956 945.7107862457633 988.04799562273547 12167.517503232695
leaf_count=24393 35888 15114 54132 91074 26827 5326 84849 34274 7805 589 12878 2720 5692 47887
internal_value=-0.000548612 0.00164631 0.00295096 0.00169891 -0.00217018 -0.00488483 -0.00149569 0.0011749 -0.00212563 -0.0219372 -0.0040876 0.00215278 -0.0110296 0.00344881
internal_weight=126877 53908.1 44238.4 32011 72969.1 14509.5 58459.7 28795.5 12498.4 2011.08 29664.1 6091.57 1933.76 19998.5
internal_count=449448 196208 160320 106188 253240 40547 212693 106554 34632 5915 106139 21290 8412 82161
cat_boundaries=0 1
cat_threshold=1
is_linear=0
shrinkage=0.035


Tree=24
num_leaves=15
num_cat=0
split_feature=11 1 13 58 57 28 1 60 46 57 57 40 2 36
split_gain=345.188 329.513 138.711 122.881 118.752 194.994 244.558 155.256 623.373 140.955 143.432 128.38 117.118 112.933
threshold=1.0061784460713457 4.5000000000000009 1.0235416847075658 10.129659716645476 1.5604203553912255 52.500000000000007 17.500000000000004 -0.8140159405215136 0.59999999999999998 1.4385803542299491 0.13859348036520475 0.40000000000000063 3.5000000000000004 5.9500000000000011
decision_type=2 2 2 2 2 2 2 2 2 2 2 2 2 2
left_child=-1 -2 4 -4 7 -6 -7 8 9 10 -3 13 -5 -9
right_child=1 2 3 12 5 6 -8 11 -10 -11 -12 -13 -14 -15
leaf_value=0 -1.4318312256334977e-06 0.00013950910765473773 0.00037354824679289333 0.00053338600726230139 -0.00081761777274798439 0.0020407565675111057 -0.0030121829064051562 0.00016102139333357764 0.0015986989372453783 0.0027914051090999104 -0.0014920388141952945 -0.00022377585681077118 0.0015717305170377678 0.00074100572142172594
leaf_weight=72969.130933968583 9669.6549731472041 379.28117003897205 4763.3978658337146 2314.5987888649106 6430.3923498373479 2466.0713799220975 728.74240582040511 7449.4487206945196 2899.8530969412532 288.99038703297265 3060.4012135742232 2333.7577723041177 1895.7888059960678 9227.7117317914963
leaf_count=253240 35888 2053 27896 5051 21891 10414 2995 16800 10186 1104 11903 9072 3667 37288
internal_value=-0.000588852 0.00153495 0.00281431 0.00669722 0.00182461 -0.00148915 0.00556741 0.00306871 -0.00154201 -0.0109947 -0.0129704 0.00467629 0.0110471 0.00575192
internal_weight=126877 53908.1 44238.4 8973.79 35264.7 9625.21 3194.81 25639.4 6628.53 3728.67 3439.68 19010.9 4210.39 16677.2
internal_count=449448 196208 160320 36614 123706 35300 13409 88406 25246 15060 13956 63160 8718 54088
is_linear=0
shrinkage=0.035


Tree=25
num_leaves=15
num_cat=1
split_feature=11 1 13 14 1 57 59 46 60 1 60 1 2 3
split_gain=331.232 320.836 134.603 109.545 532.382 303.306 266.035 243.491 243.485 232.123 345.597 222.728 386.965 329.572
threshold=1.0061784460713457 4.5000000000000009 0.99119102741983511 1.1228774058946247 19.500000000000004 1.2828418053398616 0.081675638985454754 2.8500000000000001 0.69635043120606455 18.500000000000004 -0.63872576220844934 17.500000000000004 3.5000000000000004 0
decision_type=2 2 2 2 2 2 2 2 2 2 2 2 2 1
left_child=3 -2 -3 5 7 6 -1 -5 -6 -8 -11 -7 -13 -14
right_child=1 2 -4 4 8 11 9 -9 -10 10 -12 12 13 -15
leaf_value=0 -1.3817171327363255e-06 -0.00012352429487604989 0.00034989296441487048 0 -0.0032503831247501719 -0.00080268484185395798 0 0.0013611384233989483 6.527840374402463e-05 -0.00054572101336638904 0.0015120530235134678 0.0014008355573134862 -0.0046022528248329054 0.00052767365674457841
leaf_weight=8797.0159063267056 9669.6549731472041 7736.0868972572498 36502.348791394848 10168.63171204878 1582.5374381528236 23572.557862322545 14992.687902499922 2329.7574120468926 428.54472780972719 1185.229486759752 3820.5986199481413 4157.8110841847956 945.7107862457633 988.04799562273547
leaf_count=24393 35888 30513 129807 26827 5326 84849 61461 7805 589 5300 15400 12878 2720 5692
internal_value=-0.0006209 0.00145953 0.00272194 -0.00215787 -0.00487902 -0.00148177 0.0010769 -0.00218211 -0.0215459 0.00330772 0.00982547 -0.00396503 0.00199832 -0.0109017
internal_weight=126877 53908.1 44238.4 72969.1 14509.5 58459.7 28795.5 12498.4 2011.08 19998.5 5005.83 29664.1 6091.57 1933.76
internal_count=449448 196208 160320 253240 40547 212693 106554 34632 5915 82161 20700 106139 21290 8412
cat_boundaries=0 1
cat_threshold=1
is_linear=0
shrinkage=0.035


Tree=26
num_leaves=15
num_cat=0
split_feature=13 62 60 57 57 57 2 57 59 14 59 1 57 2
split_gain=313.022 183.913 378.836 356.141 230.272 222.949 209.201 206.801 242.57 195.953 186.656 167.843 158.803 331.283
threshold=1.0002789576034192 0.78333333333333421 -0.7721279831368929 1.1945966958805496 0.025513901728264912 1.2684949987555731 3.5000000000000004 1.2513676389835358 0.42888796625999276 1.1694833628063137 0.45972848220565493 18.500000000000004 2.0025478082034289 3.5000000000000004
decision_type=2 2 2 2 2 2 2 2 2 2 2 2 2 2
left_child=12 2 3 9 -4 -3 -7 8 -6 -2 -8 -5 -1 -14
right_child=1 5 4 11 7 6 10 -9 -10 -11 -12 -13 13 -15
leaf_value=0 -0.00012610131815860031 0.0011508382581152741 -2.5710741845475863e-05 0.00067385575039091282 3.7836876821640808e-05 -0.00016877294349470178 0.0022816092544091868 -0.00010500548156292963 0.00059803157014695174 -0.00088400387213404626 0.00014037348741388118 -0.0044854539239364902 -7.2685676752394534e-05 -0.0041371891363741718
leaf_weight=66137.377300056862 3510.4772447061259 6030.0117682656273 2462.5008583916351 4024.9674479633104 4857.267437916249 11360.501860186458 3076.7196310355794 7796.2325591538101 6158.2945751734078 2494.8649120707996 2963.9237040299922 411.57025713310577 3160.3064987286925 2432.2055409562308
leaf_count=241474 13947 19647 7736 14680 9653 36479 11358 22164 25790 8984 15586 1694 10657 9599
internal_value=-0.000637072 0.00134546 -0.000391905 -0.00584873 0.00228791 0.00369631 0.00168425 0.00360611 0.00669115 -0.0113974 0.00694133 0.00167073 -0.00216126 -0.00781949
internal_weight=126877 55147.3 31716.2 10441.9 21274.3 23431.2 17401.1 18811.8 11015.6 6005.34 6040.64 4436.54 71729.9 5592.51
internal_count=449448 187718 104648 39305 65343 83070 63423 57607 35443 22931 26944 16374 261730 20256
is_linear=0
shrinkage=0.035


Tree=27
num_leaves=15
num_cat=0
split_feature=13 1 21 57 59 2 13 57 21 1 57 11 62 52
split_gain=309.199 160.598 189.534 185.827 177.085 146.999 150.121 137.823 321.666 146.439 110.981 97.6062 115.952 313.443
threshold=1.0008120125119946 5.5000000000000009 1.0000000180025095e-35 1.9052195245749095 0.69016699705532247 4.5000000000000009 1.0302243374822744 2.0025478082034289 1.0000000180025095e-35 17.500000000000004 0.016741381171786123 1.000035558356769 -1.1500000000000006 0.030176151761517816
decision_type=2 2 2 2 2 2 2 2 2 2 2 2 2 2
left_child=7 4 -3 5 -2 6 -4 11 -9 -10 -6 12 -1 -14
right_child=1 2 3 -5 10 -7 -8 8 9 -11 -12 -13 13 -15
leaf_value=0 -4.5048104443460133e-05 0.00010472312738023393 0.00078820391620495491 -0.0015544409646019337 -1.5191081068706321e-05 0.00020531905853373274 0.0018633720996746232 -0.00028383783729727437 -0.0025002384891288109 -0.0077717995456979602 0.00028434630779225473 0 -2.9643942173825387e-06 -0.00022168607675912682
leaf_weight=14044.403093164321 5409.7119295482989 32864.785028071608 5389.5920247547328 1046.4756363041233 1218.9729515351355 3459.3906786197331 2202.5183487460017 3846.4728721298743 1227.6313622649759 676.72642320394516 1557.7540328539908 30830.491465111729 2496.5511415984947 20605.744607860921
leaf_count=52263 15062 111216 15758 4262 4487 18605 6700 14047 4876 1912 5779 111244 7750 75487
internal_value=-0.000628882 0.00140596 0.00222693 0.00597039 -0.00310031 0.00730597 0.0100279 -0.00209575 -0.007294 -0.0190176 0.00407511 -0.00165498 -0.00286297 -0.0043871
internal_weight=126877 53149.2 44962.8 12098 8186.44 11051.5 7592.11 73728 5750.83 1904.36 2776.73 67977.2 37146.7 23102.3
internal_count=449448 181869 156541 45325 25328 41063 22458 267579 20835 6788 10266 246744 135500 83237
is_linear=0
shrinkage=0.035


Tree=28
num_leaves=15
num_cat=0
split_feature=11 1 62 53 52 62 64 40 60 57 11 13 49 64
split_gain=265.24 174.024 652.402 845.973 290.975 523.275 409.607 302.633 232.513 284.089 221.608 155.9 150.979 146.276
threshold=0.99008769215259795 6.5000000000000009 -0.34374999999999906 0.7947368421052633 1.0000000180025095e-35 -1.175 -0.28124999999999994 0.30000000000000138 -0.88603780069526494 0.025513901728264912 1.0290717554579716 0.9871299501393469 0.59411764705882364 -0.2854166666666666
decision_type=2 2 2 2 2 2 2 2 2 2 2 2 2 2
left_child=-1 2 4 -4 5 7 -7 13 9 -6 11 -3 -10 -2
right_child=1 10 3 -5 8 6 -8 -9 12 -11 -12 -13 -14 -15
leaf_value=-0.00015221499966891231 -2.0453266713771592e-06 -0.0005495508295580221 -7.484836590964335e-06 -3.3033180126073229e-06 9.3023230095173127e-07 -1.94157287376877e-06 1.0375379760838886e-07 4.4267759283317341e-07 6.4387167672138862e-06 -0.00071622997829490882 0.00055371021359754797 0.00014394283330184654 -1.2756432299538327e-06 0
leaf_weight=35448.988899100106 224.31617533415556 6202.316203384893 2458.6039257391822 1693.6509542339481 1361.5720409241039 165.90192050114274 1581.7485944500659 526.61032565310597 12433.998453754 1974.9866389043164 18421.603975395206 36148.254816351458 1042.7917919494212 7191.8768800927792
leaf_count=134364 1069 21633 6988 5531 5903 779 5398 2111 40952 6765 74580 109019 6941 27415
internal_value=-0.000362417 0.000634076 -0.00151555 -0.0143977 0.000507318 0.00533482 0.0226157 0.00150886 -0.00227655 -0.0105337 0.00171851 0.000324229 -0.00022597 -0.000327257
internal_weight=126877 91428.2 30656.1 4152.25 26503.8 9690.45 1747.65 7942.8 16813.3 3336.56 60772.2 42350.6 13476.8 7416.19
internal_count=449448 315084 109852 12519 97333 36772 6177 30595 60561 12668 205232 130652 47893 28484
is_linear=0
shrinkage=0.035


Tree=29
num_leaves=15
num_cat=0
split_feature=13 6 11 23 2 57 59 57 46 14 14 1 23 13
split_gain=253.292 164.12 152.213 144.492 175.125 121.808 433.52 318.058 369.826 150.532 105.611 95.4541 201.377 148.616
threshold=1.0168092863139864 4.5909283758999786 0.99008769215259795 1.0000000180025095e-35 3.5000000000000004 1.2778149440562661 0.36571913681022045 0.013088771449383139 0.65000000000000047 1.1694833628063137 0.98774795522931602 16.500000000000004 1.0000000180025095e-35 0.98504812251435026
decision_type=2 2 2 2 2 2 2 2 2 2 2 2 2 2
left_child=2 -2 5 -3 -5 6 7 -1 9 -9 -8 -7 -13 -14
right_child=1 3 -4 4 -6 11 10 8 -10 -11 -12 12 13 -15
leaf_value=2.9176382298617845e-05 -2.6476733983503921e-05 0.00019334031173358419 0 0.0002596407450206469 0.0012654341168786701 -0.0010278776942301232 0.00054892837099510927 -0.00037668345285065617 0.001587385243398862 -0.0019140267141969675 1.7456977599656825e-05 0.00059007391719818187 -0.0043754881864620995 -0.00031626058612891706
leaf_weight=953.87099302979186 3330.7352454727516 9463.0132278066594 73719.800516450079 3876.2114602290094 4095.4289900138974 13000.93074688199 3648.9905905388296 2556.9743189828005 765.21678160713054 1634.0499558916781 3450.1683786408976 4115.9062470905483 973.75490479916334 1292.169238332659
leaf_count=2277 13249 41889 248848 12224 11454 50293 15490 8049 2352 6030 14133 16220 3091 3849
internal_value=-0.000408923 0.00312523 -0.00110076 0.00448507 0.00795369 -0.00310016 -0.000479694 -0.00747545 -0.0110364 -0.0151184 0.00534666 -0.0048578 -0.00134929 -0.00970547
internal_weight=126877 20765.4 106112 17434.7 7971.64 32392 13009.3 5910.11 4956.24 4191.02 7099.16 19382.8 6381.83 2265.92
internal_count=449448 78816 370632 65567 23678 121784 48331 18708 16431 14079 29623 73453 23160 6940
is_linear=0
shrinkage=0.035


Tree=30
num_leaves=15
num_cat=0
split_feature=13 62 14 11 59 57 57 64 57 59 57 46 14 57
split_gain=239.733 160.191 253.555 143.564 115.895 109.541 140.339 107.926 101.573 269.61 274.754 331.272 123.521 101.484
threshold=1.0133461813763085 0.78333333333333421 1.1694833628063137 0.99008769215259795 0.78829775591774598 1.1945966958805496 0.0048043531591724737 -0.29374999999999996 1.2989134797818134 0.36571913681022045 0.013088771449383139 0.65000000000000047 1.1694833628063137 1.7320281644775868
decision_type=2 2 2 2 2 2 2 2 2 2 2 2 2 2
left_child=3 2 4 7 -2 6 -4 -1 9 10 -9 12 -12 -3
right_child=1 13 5 -5 -6 -7 -8 8 -10 -11 11 -13 -14 -15
leaf_value=0.00066573745540540242 1.6993980385708825e-06 0.0011913225663260014 5.1199911392064806e-05 0 0.00026982731822691931 -3.2088974715261895e-05 -0.00081471031701580614 2.8196118903332488e-05 -0.00090237581463214307 0.00012085052410260358 -0.00035460754702326105 0.0013150931085319142 -0.0017956509542832396 -8.7460685777054887e-05
leaf_weight=1400.6798136867583 8553.2555104347412 8364.8952621633653 160.15398319181986 70199.474136453588 3708.5074229985476 891.57560458034277 1401.1770013195928 930.19707228662446 17166.314851622796 6814.612058580853 2468.947547307238 856.50487719685771 1560.7076996136457 2400.2187543311156
leaf_count=6495 28258 30043 607 237077 16227 3343 5131 2215 64925 27689 7794 2631 5834 11179
internal_value=-0.000405175 0.00262916 0.000254659 -0.00116785 0.00231135 -0.00999409 -0.0155541 -0.00314295 -0.00358981 -0.00120616 -0.00673519 -0.0100536 -0.0142505 0.00587158
internal_weight=126877 25479.8 14714.7 101397 12261.8 2452.91 1561.33 31198 29797.3 12631 5816.36 4886.16 4029.66 10765.1
internal_count=449448 94788 53566 354660 44485 9081 5738 117583 111088 46163 18474 16259 13628 41222
is_linear=0
shrinkage=0.035


Tree=31
num_leaves=15
num_cat=0
split_feature=13 6 13 57 14 57 46 28 23 2 23 1 2 59
split_gain=223.618 160.355 144.69 187.669 235.911 202.643 273.112 284.63 135.552 160.897 118.754 218.567 111.542 104.023
threshold=1.0168092863139864 4.5909283758999786 0.9868611173648858 1.3198197064749688 0.98774795522931602 0.025513901728264912 0.39999999999999908 57.500000000000007 1.0000000180025095e-35 3.5000000000000004 1.0000000180025095e-35 17.500000000000004 3.5000000000000004 0.064507852084056461
decision_type=2 2 2 2 2 2 2 2 2 2 2 2 2 2
left_child=2 -2 3 4 -1 -6 7 13 -3 -10 -5 -12 -13 -7
right_child=1 8 -4 10 5 6 -8 -9 9 -11 11 12 -14 -15
leaf_value=0.00025482154372797553 -2.7304449541306515e-05 0.00017654875931970201 0 -0.00079605130134075041 3.0444632593204204e-05 -0.00026355187126364532 0.00064049104304667428 -0.0011017303853406877 0.00023052002550325555 0.0011995698351383495 -0.00088129315657387215 0.0011303186910513569 -0.0051583935293140247 0.00011498300770007829
leaf_weight=3473.9973043166101 3330.7352454727516 9463.0132278066594 83947.224905720912 6135.5661375443451 1407.3285007507075 1479.5645497888327 1790.7816742581781 2567.4286020502914 3876.2114602290094 4095.4289900138974 1975.0091551244259 154.62820839881897 1258.772566601634 1921.5310676908121
leaf_count=15903 13249 41889 282557 28273 4692 2921 6106 10831 12224 11454 7133 587 3702 7927
internal_value=-0.000403005 0.00291769 -0.00105306 -0.00356761 -0.000770631 -0.00371388 -0.00593069 -0.00952412 0.00426188 0.00762146 -0.00727519 -0.0125272 -0.0229875 -0.00286684
internal_weight=126877 20765.4 106112 22164.6 12640.6 9166.63 7759.31 5968.52 17434.7 7971.64 9523.98 3388.41 1413.4 3401.1
internal_count=449448 78816 370632 88075 48380 32477 27785 21679 65567 23678 39695 11422 4289 10848
is_linear=0
shrinkage=0.035


Tree=32
num_leaves=15
num_cat=0
split_feature=13 62 14 57 59 46 57 6 62 60 53 28 62 59
split_gain=213.215 143.525 220.026 135.472 364.794 657.214 474.867 461.768 1010.25 534.986 520.001 289.074 259.101 244.256
threshold=1.0107947051971793 0.62291666666666734 1.1694833628063137 1.2953102889197674 0.36571913681022045 0.70000000000000073 0.025513901728264912 3.4006069597218764 -0.34374999999999906 -0.78295110140207613 0.78223684210526334 50.500000000000007 -1.1250000000000007 0.36571913681022045
decision_type=2 2 2 2 2 2 2 2 2 2 2 2 2 2
left_child=3 2 -2 4 5 7 -6 8 12 -9 -10 -8 -1 -5
right_child=1 -3 -4 13 6 -7 11 9 10 -11 -12 -13 -14 -15
leaf_value=0 3.5380060497794583e-05 0.00073543965297136204 -0.00044651068317930659 2.5339410079386165e-06 0 0.00074747686381069697 0.00059688767033341859 -0.001090568727001859 8.5345369042934836e-06 -8.0095903687738693e-05 -3.1877018821660666e-06 -0.0001227329899793036 1.0012241469209526e-07 -0.0008226889911443269
leaf_weight=5405.2598595230374 13794.879445764003 13475.514987335308 2724.0089743547142 21387.984955516178 9556.5709811169654 4058.513552592136 12608.157259128056 6428.6352420190815 771.27667833771557 7580.3036655783653 1349.2398601765744 3717.2995710074902 1922.8860758030787 22096.690487515181
leaf_count=18133 49189 50182 9935 59416 43165 10428 52007 23015 2548 16060 3957 15077 6410 89926
internal_value=-0.000408716 0.00216945 -1.77047e-05 -0.00120704 -2.58979e-05 -0.00283106 0.00295631 -0.00508155 0.000897779 -0.00911221 -0.0203204 0.00658204 0.00705694 -0.00265713
internal_weight=126877 29994.4 16518.9 96882.8 53398.1 27516.1 25882 23457.6 9448.66 14008.9 2120.52 16325.5 7328.15 43484.7
internal_count=449448 109306 59124 340142 190800 80551 110249 70123 31048 39075 6505 67084 24543 149342
is_linear=0
shrinkage=0.035


Tree=33
num_leaves=15
num_cat=0
split_feature=13 36 57 57 14 57 6 57 2 1 14 1 60 11
split_gain=219.168 149.387 428.29 264.609 273.58 222.727 138.978 135.303 304.393 167.082 132.793 132.031 219.093 126.503
threshold=1.0008120125119946 17.150000000000002 1.2554939055094037 0.79467717542165772 1.1694833628063137 0.025513901728264912 3.276352893373033 2.0025478082034289 3.5000000000000004 17.500000000000004 0.98774795522931602 17.500000000000004 -0.8038981836306559 1.0363529377505503
decision_type=2 2 2 2 2 2 2 2 2 2 2 2 2 2
left_child=7 3 6 4 10 -6 -3 -1 -9 -10 -2 12 -4 -5
right_child=1 2 11 13 5 -7 -8 8 9 -11 -12 -13 -14 -15
leaf_value=0 0.00010189174714494656 -1.918495286672859e-05 0.0017581238969441003 0.00015209289764365412 2.7965210427674787e-05 -0.0010022418981957446 0.0013110871774404539 2.6930446657230382e-05 -0.0022406567531671937 -0.0072674491534882573 -3.9987871031603786e-05 0.001520303764235393 -0.00081606967837430312 0.0013805415312559729
leaf_weight=67977.190307735465 2705.7381113283336 598.46045827120543 1450.9828018583357 18811.745565556223 485.51232808479108 2001.44662574213 4641.8925181403756 3284.2751209996641 1791.3091513304971 675.24638526863419 9334.6686316160485 1941.3671762570739 6553.7404774241149 4623.6459361549933
leaf_count=246744 11010 2704 6294 54847 1689 6507 18618 11066 7813 1956 26429 8032 26891 18848
internal_value=-0.000488761 0.0012244 0.00415693 5.04994e-05 -0.00365942 -0.0142032 0.0122441 -0.00172375 -0.00687409 -0.0161389 -0.00147161 -0.000112034 -0.00209971 0.00235082
internal_weight=126877 53149.2 15186.4 37962.8 14527.4 2486.96 5240.35 73728 5750.83 2466.56 12040.4 9946.09 8004.72 23435.4
internal_count=449448 181869 62539 119330 45635 8196 21322 267579 20835 9769 37439 41217 33185 73695
is_linear=0
shrinkage=0.035


Tree=34
num_leaves=15
num_cat=0
split_feature=13 36 57 57 14 57 6 57 21 1 60 14 2 11
split_gain=210.115 132.549 344.468 228.191 226.59 222.631 129.131 120.873 207.125 198.954 164.054 119.44 118.298 113.608
threshold=1.0032402889823031 17.150000000000002 1.2554939055094037 0.79467717542165772 1.1694833628063137 0.013088771449383139 3.276352893373033 1.6862985278684297 1.0000000180025095e-35 17.500000000000004 -0.8140159405215136 0.98774795522931602 1.5000000000000002 1.0272739257965999
decision_type=2 2 2 2 2 2 2 2 2 2 2 2 2 2
left_child=7 3 6 4 11 -6 -3 12 -9 10 -10 -2 -1 -5
right_child=1 2 -4 13 5 -7 -8 8 9 -11 -12 -13 -14 -15
leaf_value=-7.1356674305169444e-09 0.00011022772096648135 -2.1654211734378189e-05 2.4555817290331276e-05 0.00011960732451898923 3.3413258350731352e-05 -0.00091590767022209471 0.0012849867921592554 -0.00026720930322646647 0.001829235645387655 -0.0054645680547863278 -0.001845459170398842 -3.7533805007348116e-05 0 0.0011477222436677892
leaf_weight=24859.584287039936 2445.9930849969387 560.90647923573852 8451.5345583371818 14110.057315115351 417.96693903254345 1805.8718369815033 4120.3523726165295 9914.1775575699285 694.95742588839494 1095.8738909871317 3086.8942938474938 8412.2032041139901 41064.725514980033 5836.1228350251913
leaf_count=78168 10062 2551 35473 41568 1388 6051 16643 36127 3079 3681 12697 24064 155694 22202
internal_value=-0.000507551 0.00137568 0.00434852 0.000192655 -0.0033981 -0.0135501 0.0119539 -0.0015846 -0.00444287 -0.0103397 -0.00650074 -0.00130835 -0.000942689 0.00254824
internal_weight=126877 46161 13132.8 33028.2 13082 2223.84 4681.26 80716.2 14791.9 4877.73 3781.85 10858.2 65924.3 19946.2
internal_count=449448 160002 54667 105335 41565 7439 19194 289446 55584 19457 15776 34126 233862 63770
is_linear=0
shrinkage=0.035


Tree=35
num_leaves=15
num_cat=0
split_feature=11 13 1 64 57 2 36 59 57 57 14 46 14 57
split_gain=272.774 129.01 131.255 101.521 100.691 104.026 98.4586 98.4014 141.822 86.4932 277.277 236.242 241.917 161.954
threshold=0.99008769215259795 0.9871299501393469 1.5000000000000002 -0.29374999999999996 1.5211062817007821 1.5000000000000002 17.950000000000003 0.79877197597864635 0.0087363007793397254 1.2989134797818134 0.98774795522931602 2.5499999999999998 1.1694833628063137 0.025513901728264912
decision_type=2 2 2 2 2 2 2 2 2 2 2 2 2 2
left_child=3 4 7 -1 5 6 -2 -3 -9 10 -5 12 -12 -14
right_child=1 2 -4 9 -6 -7 -8 8 -10 -11 11 -13 13 -15
leaf_value=0.00062689948749919486 -0.00020184585107035951 -6.0632375249947546e-06 0 0.00043438045562871293 -0.00158063069420264 5.6895319606671061e-05 0.00023240281838201828 -1.2887095200421698e-06 0.0002756590564058188 -0.00077755005769234581 -4.2678418166450618e-05 0.0012134693518491464 2.220173019142681e-05 -0.0016349807075984461
leaf_weight=1589.6921107620001 3703.4064098075032 4939.616834665183 73133.472412871197 3910.8186395503581 2704.9218533542007 3982.8095786999911 1046.5515452735126 1070.908191151917 846.54587084427476 19218.753311336972 6819.1258237687871 1634.7075752939563 356.0302308104001 1919.8612075776327
leaf_count=7393 10985 17736 246621 15982 10513 16782 4054 5225 3168 73683 23704 5350 1132 7120
internal_value=-5.83373e-07 0.00100993 0.00150712 -0.0026064 -0.00246549 -0.000634494 -0.00412848 -0.00311991 0.00359638 -0.00301272 -0.000984963 -0.00389265 -0.00609483 -0.0159498
internal_weight=126877 91428.2 79990.5 35449 11437.7 8732.77 4749.96 6857.07 1917.45 33859.3 14640.5 10729.7 9095.02 2275.89
internal_count=449448 315084 272750 134364 42334 31821 15039 26129 8393 126971 53288 37306 31956 8252
is_linear=0
shrinkage=0.035


Tree=36
num_leaves=15
num_cat=0
split_feature=11 36 40 57 62 53 52 46 2 62 64 57 14 46
split_gain=277.81 135.764 153.923 134.8 439.34 622.1 583.668 329.23 211.152 206.793 193.232 113.058 338.822 299.08
threshold=0.99894160622561612 8.2500000000000018 0.40000000000000063 0.75034789659785706 -0.31458333333333316 0.7947368421052633 1.0000000180025095e-35 0.7999999999999996 1.5000000000000002 -1.485416666666669 -0.2854166666666666 1.2828418053398616 0.98774795522931602 2.5499999999999998
decision_type=2 2 2 2 2 2 2 2 2 2 2 2 2 2
left_child=11 3 -3 4 6 -6 7 8 10 -10 -2 12 -1 -14
right_child=1 2 -4 -5 5 -7 -8 -9 9 -11 -12 -13 13 -15
leaf_value=0.00036632557809552027 -1.9734904895188902e-06 2.4974836006809307e-10 -2.2632112313558488e-05 0.00026963569595639245 -4.7123714398023746e-05 -3.076132316290254e-06 -1.4425121874480272e-05 -2.6061318070322234e-05 0 9.6618130177871923e-08 2.4974836006809307e-10 -0.00053819883594860888 -7.8402484802211775e-05 0.0015045087596126405
leaf_weight=5590.6150564737618 100.93631239980459 37682.242272746284 4124.2935562036 17890.925118969753 3635.6610420171637 1181.7426737793721 8337.1266054243315 190.13095338642597 1828.1178670739755 894.54280978348106 1127.1250501871109 28967.884913283167 13541.029728194233 1784.8476358454209
leaf_count=22995 343 155082 17920 47616 9045 3234 25345 437 6379 3044 3179 104142 45050 5637
internal_value=9.64426e-05 0.00141466 0.00276275 -0.00018741 -0.00239003 -0.011356 0.0010778 0.0118029 0.0139914 0.00850306 0.0259922 -0.001938 2.30077e-05 -0.0026677
internal_weight=126877 76992.8 41806.5 35186.3 17295.4 4817.4 12478 4140.85 3950.72 2722.66 1228.06 49884.4 20916.5 15325.9
internal_count=449448 271624 173002 98622 51006 12279 38727 13382 12945 9423 3522 177824 73682 50687
is_linear=0
shrinkage=0.035


Tree=37
num_leaves=15
num_cat=0
split_feature=11 17 57 62 53 61 62 64 62 57 59 53 57 46
split_gain=228.37 316.699 748.215 1546.95 746.649 766.306 687.8 480.565 292.167 269.261 277.849 573.461 253.659 236
threshold=1.0061784460713457 1.0000000180025095e-35 0.0017302067652570313 -0.31458333333333316 0.96966911764705899 12.631250000000001 -0.34374999999999906 -0.2854166666666666 -0.94583333333333297 0.45144947034115807 0.78297285307474518 0.028594771241830068 1.6984467519093798 1.1999999999999997
decision_type=2 2 2 2 2 2 2 2 2 2 2 2 2 2
left_child=1 4 3 7 12 6 8 -3 -6 10 -2 -12 -1 -9
right_child=9 2 -4 -5 5 -7 -8 13 -10 -11 11 -13 -14 -15
leaf_value=-8.7411926023832581e-12 -1.1445665283647367e-05 -1.9044183223857292e-06 -4.8909296225191012e-05 -2.9682179368600273e-06 0 -8.7411926023832581e-12 -5.0137943565972552e-06 2.4100716746570982e-10 9.3236495621646411e-08 0.00045624371872503441 0.00027321346264315937 -1.2756519711464351e-06 -0.0012439262256781214 -2.5149171937860958e-05
leaf_weight=31275.410816918826 13234.888106375933 194.81081296131015 21266.092452220619 683.89216183498502 2173.0708261830732 3063.3220978104509 690.42690471024252 2745.2669583447278 504.08000741060823 34784.735545681557 4007.8647049479187 1880.6023047938943 10297.019355617231 75.738539956510067
leaf_count=109537 43988 871 67709 2014 7126 13368 1881 9822 1874 127045 15489 9686 38883 155
internal_value=-0.000603099 -0.00187929 0.00131768 0.0158221 -0.00354191 -0.0146307 -0.00308795 0.0265954 0.00497337 0.00112436 -0.002211 0.00410916 -0.00182347 0.0302757
internal_weight=126877 72969.1 24965.8 3699.71 48003.3 6430.9 3367.58 3015.82 2677.15 53908.1 19123.4 5888.47 41572.4 2821.01
internal_count=449448 253240 80571 12862 172669 24249 10881 10848 9000 196208 69163 25175 148420 9977
is_linear=0
shrinkage=0.035


Tree=38
num_leaves=15
num_cat=0
split_feature=11 2 47 62 53 36 62 40 64 62 46 57 1 1
split_gain=218.01 290.822 663.141 1324.66 656.933 660.55 611.698 372.4 321.264 257.41 251.213 229.001 224.339 174.354
threshold=1.0010260250303826 1.5000000000000002 0.042268662688839768 -0.31458333333333316 0.96966911764705899 9.1500000000000004 -0.31458333333333316 0.1000000000000001 -0.28958333333333325 -0.94583333333333297 0.84999999999999976 1.6355072939676398 6.5000000000000009 1.5000000000000002
decision_type=2 2 2 2 2 2 2 2 2 2 2 2 2 2
left_child=1 2 3 8 11 6 9 13 -1 -6 -10 -3 -2 -7
right_child=12 4 -4 -5 5 7 -8 -9 10 -11 -12 -13 -14 -15
leaf_value=-1.8377636811022285e-06 -9.0127443017614966e-07 -8.4352508612998451e-12 -5.3867829295311842e-05 -2.8643303090699264e-06 0 2.0857349520766153e-07 -4.8383115541163511e-06 1.0011397944123395e-07 2.3257191660440999e-10 8.9973218274888785e-08 -2.4268950920035821e-05 -0.0011107828595290274 0.00025029914126084498 -8.4352508612998451e-12
leaf_weight=152.35110170394182 17142.157608290436 25228.995293098735 17215.166532658041 646.60114089399576 2103.3483478045091 64.060009777545929 620.80512520880438 291.59133023698814 2452.9392629154027 442.15237813722342 116.81422884017229 11130.605229307665 46580.399763230234 2689.234243664192
leaf_count=575 63335 91627 54064 1752 7282 444 1640 1533 7798 1591 233 43164 163003 11407
internal_value=-0.000592284 -0.00204946 0.00136573 0.0155428 -0.00370071 -0.0142107 -0.0029984 -0.0258222 0.0262326 0.00463054 0.0291684 -0.0019019 0.000852003 -0.0297978
internal_weight=126877 63154.7 20583.9 3368.71 42570.8 6211.19 3166.31 3044.89 2722.1 2545.5 2569.75 36359.6 63722.6 2753.29
internal_count=449448 223110 64422 10358 158688 23897 10513 13384 8606 8873 8031 134791 226338 11851
is_linear=0
shrinkage=0.035


Tree=39
num_leaves=15
num_cat=0
split_feature=11 2 53 36 47 62 62 40 64 62 46 57 1 52
split_gain=254.01 288.041 665.232 660.55 659.232 1324.66 611.698 372.4 321.264 257.41 251.213 212.431 174.354 149.742
threshold=1.0010260250303826 1.5000000000000002 0.96966911764705899 9.1500000000000004 0.042268662688839768 -0.31458333333333316 -0.31458333333333316 0.1000000000000001 -0.28958333333333325 -0.94583333333333297 0.84999999999999976 1.6984467519093798 1.5000000000000002 1.0000000180025095e-35
decision_type=2 2 2 2 2 2 2 2 2 2 2 2 2 2
left_child=1 4 11 6 5 8 9 12 -1 -4 -10 -3 -5 -2
right_child=13 2 3 7 -6 -7 -8 -9 10 -11 -12 -13 -14 -15
leaf_value=-1.7734419522636506e-06 3.1536169805303938e-08 -2.2195288264195442e-06 0 2.0127342287539338e-07 -5.1982455269975919e-05 -2.7640787482524793e-06 -4.6689706497222796e-06 9.6609990160790762e-08 2.2443189952325562e-10 8.6824155635267673e-08 -2.3419537637834569e-05 -0.001219144315999297 -8.1400170811543496e-12 1.4877157039480651e-05
leaf_weight=152.35110170394182 1855.8337719887495 26988.192437770776 2103.3483478045091 64.060009777545929 17215.166532658041 646.60114089399576 620.80512520880438 291.59133023698814 2452.9392629154027 442.15237813722342 116.81422884017229 9371.4080846356228 2689.234243664192 61866.723599531921
leaf_count=575 7369 97869 7282 444 54064 1752 1640 1533 7798 1591 233 36922 11407 218969
internal_value=-0.000418313 -0.00199122 -0.00363456 -0.0142107 0.00140758 0.0155428 -0.0029984 -0.0258222 0.0262326 0.00463054 0.0291684 -0.00182445 -0.0297978 0.00114065
internal_weight=126877 63154.7 42570.8 6211.19 20583.9 3368.71 3166.31 3044.89 2722.1 2545.5 2569.75 36359.6 2753.29 63722.6
internal_count=449448 223110 158688 23897 64422 10358 10513 13384 8606 8873 8031 134791 11851 226338
is_linear=0
shrinkage=0.035


Tree=40
num_leaves=15
num_cat=0
split_feature=11 2 53 62 53 36 62 40 64 62 46 57 1 1
split_gain=211.51 266.431 639.825 1352.56 635.077 640.719 609.005 372.873 331.233 264.083 230.318 192.054 159.218 148.483
threshold=1.0004072257960555 1.5000000000000002 0.19722222222222227 -0.31458333333333316 0.96966911764705899 9.1500000000000004 -0.31458333333333316 0.1000000000000001 -0.2854166666666666 -0.94583333333333297 1.1999999999999997 1.6591989981469972 1.5000000000000002 6.5000000000000009
decision_type=2 2 2 2 2 2 2 2 2 2 2 2 2 2
left_child=1 2 -1 8 11 6 9 12 -4 -6 -10 -3 -7 -2
right_child=13 4 3 -5 5 7 -8 -9 10 -11 -12 -13 -14 -15
leaf_value=-4.7054811522327508e-05 -8.1467405769663868e-07 -2.2744025355231781e-06 -1.7113714839344229e-06 -2.6673359920636422e-06 0 1.30874170509803e-07 -4.5055566769819997e-06 9.3228640505163089e-08 2.1657678303994168e-10 8.3785310188033299e-08 -2.2599853820510362e-05 -0.0010979958150856399 -7.8551164833139472e-12 0.0002322218099323514
leaf_weight=17009.131963185966 17751.046845400706 25204.247908326797 138.40472372621298 588.73042491823435 2075.6191260544583 59.107569504529238 616.42150993854739 282.10686911572702 2200.751956705004 435.49774337839335 70.706426553428173 10258.287536529126 2572.7513382912148 47614.409654139541
leaf_count=53108 65597 91820 534 1659 7178 398 1615 1494 7326 1562 145 40195 10961 165856
internal_value=-0.000447904 -0.00192087 0.00139629 0.0162746 -0.00351991 -0.0139995 -0.00297767 -0.0257786 0.0278837 0.00470639 0.0310961 -0.00173113 -0.0298696 0.000938301
internal_weight=126877 61511.8 20007.7 2998.59 41504 6041.5 3127.54 2913.97 2409.86 2511.12 2271.46 35462.5 2631.86 65365.5
internal_count=449448 217995 62772 9664 155223 23208 10355 12853 8005 8740 7471 132015 11359 231453
is_linear=0
shrinkage=0.035


Tree=41
num_leaves=15
num_cat=0
split_feature=11 52 11 62 60 2 53 36 53 62 62 40 64 62
split_gain=215.916 281.735 616.753 537.106 275.995 267.184 641.22 640.719 634.892 1352.56 609.005 372.873 331.233 264.083
threshold=1.0004072257960555 1.0000000180025095e-35 1.0098822440397444 -0.34374999999999906 -0.8140159405215136 1.5000000000000002 0.96966911764705899 9.1500000000000004 0.19722222222222227 -0.31458333333333316 -0.31458333333333316 0.1000000000000001 -0.2854166666666666 -0.94583333333333297
decision_type=2 2 2 2 2 2 2 2 2 2 2 2 2 2
left_child=5 2 3 -2 -4 8 -7 10 -1 12 13 -9 -10 -8
right_child=1 -3 4 -5 -6 6 7 11 9 -11 -12 -13 -14 -15
leaf_value=-4.5407893119046046e-05 5.9187003048966369e-08 1.2316316723964142e-05 1.4150792937380132e-06 -2.7425761976526484e-06 -1.172049721023948e-06 -6.7073552220851904e-05 0 -7.5801874063979589e-12 -1.6514734819967181e-06 -2.5739792323414147e-06 -4.3478621932876294e-06 8.996563808748238e-08 2.0899659563354371e-10 8.0852824331452131e-08
leaf_weight=17009.131963185966 1480.9467713199556 63077.108718176372 170.14999737590551 205.28307499736547 431.9679376706481 35462.535444855923 2075.6191260544583 2631.858907795744 138.40472372621298 588.73042491823435 616.42150993854739 282.10686911572702 2271.4583832584321 435.49774337839335
leaf_count=53108 5699 222557 734 731 1732 132015 7178 11359 534 1659 1615 1494 7471 1562
internal_value=-0.00037983 0.00102073 0.0130575 0.0238811 -0.0171489 -0.00186806 -0.00346937 -0.0139995 0.00145377 0.0162746 -0.00297767 -0.0257786 0.0278837 0.00470639
internal_weight=126877 65365.5 2288.35 1686.23 602.118 61511.8 41504 6041.5 20007.7 2998.59 3127.54 2913.97 2409.86 2511.12
internal_count=449448 231453 8896 6430 2466 217995 155223 23208 62772 9664 10355 12853 8005 8740
is_linear=0
shrinkage=0.035


Tree=42
num_leaves=15
num_cat=0
split_feature=11 52 11 62 49 60 2 53 36 53 62 62 40 64
split_gain=200.238 293.821 615.484 509.776 297.929 272.593 265.16 648.698 640.719 631.257 1352.56 609.005 372.873 331.233
threshold=1.0004072257960555 1.0000000180025095e-35 1.0098822440397444 -0.34374999999999906 0.59411764705882364 -0.8140159405215136 1.5000000000000002 0.96966911764705899 9.1500000000000004 0.19722222222222227 -0.31458333333333316 -0.31458333333333316 0.1000000000000001 -0.2854166666666666
decision_type=2 2 2 2 2 2 2 2 2 2 2 2 2 2
left_child=6 2 3 -2 -3 -4 9 -8 11 -1 13 -9 -10 -11
right_child=1 4 5 -5 -6 -7 7 8 12 10 -12 -13 -14 -15
leaf_value=-4.3818616859879433e-05 5.7115457942252549e-08 2.6292419868156053e-05 1.3655515184571829e-06 -2.6465860307348059e-06 -1.5676200475773182e-06 -1.1310279807881096e-06 -6.4725977893122043e-05 0 -7.3148808471740313e-12 -1.5936719101268331e-06 -2.4838899592094651e-06 -4.1956870165225624e-06 8.6816840754420487e-08 2.0168171478636968e-10
leaf_weight=17009.131963185966 1480.9467713199556 61598.835131645203 170.14999737590551 205.28307499736547 1478.2735865311697 431.9679376706481 35462.535444855923 2511.1168694328517 2631.858907795744 138.40472372621298 588.73042491823435 616.42150993854739 282.10686911572702 2271.4583832584321
leaf_count=53108 5699 212327 734 731 10230 1732 132015 8740 11359 534 1659 1615 1494 7471
internal_value=-0.000379755 0.000968999 0.0132613 0.0240732 0.000521022 -0.0169161 -0.00181293 -0.00340816 -0.0139995 0.00149627 0.0162746 -0.00297767 -0.0257786 0.0278837
internal_weight=126877 65365.5 2288.35 1686.23 63077.1 602.118 61511.8 41504 6041.5 20007.7 2998.59 3127.54 2913.97 2409.86
internal_count=449448 231453 8896 6430 222557 2466 217995 155223 23208 62772 9664 10355 12853 8005
is_linear=0
shrinkage=0.035


Tree=43
num_leaves=15
num_cat=0
split_feature=11 52 11 62 49 60 2 53 36 53 62 62 40 64
split_gain=189.853 260.311 541.508 469.95 286.627 272.593 253.218 618.522 619.949 612.501 1316.12 606.743 377.816 313.558
threshold=1.0002366391180051 1.0000000180025095e-35 1.0098822440397444 -0.34374999999999906 0.59411764705882364 -0.8140159405215136 1.5000000000000002 0.96966911764705899 9.1500000000000004 0.19722222222222227 -0.31458333333333316 -0.31458333333333316 0.1000000000000001 -0.2854166666666666
decision_type=2 2 2 2 2 2 2 2 2 2 2 2 2 2
left_child=6 2 3 -2 -3 -4 9 -8 11 -1 13 -9 -10 -11
right_child=1 4 5 -5 -6 -7 7 8 12 10 -12 -13 -14 -15
leaf_value=-4.2436402575781425e-05 5.5116416914273714e-08 2.5233439564851396e-05 1.3177572153111815e-06 -2.5539555196590879e-06 -1.4550395427753908e-06 -1.0914420014605259e-06 -6.5354790767504061e-05 0 -7.0588600175229396e-12 -1.5378933932723939e-06 -2.396953810637134e-06 -4.0488379709442727e-06 8.377825132801578e-08 1.9462285476884675e-10
leaf_weight=16945.41612001881 1708.1140868552029 61803.727199837565 170.14999737590551 235.65077969431877 1487.781400379492 431.9679376706481 35273.363721054513 2485.1671163719147 2545.1259287141729 132.4938792064786 573.72659910470247 613.2262907831464 274.30108576570638 2197.0094529353082
leaf_count=52930 6531 212980 734 831 10324 1732 131351 8632 11015 511 1612 1596 1460 7209
internal_value=-0.000368095 0.000935475 0.0118864 0.0208494 0.000493171 -0.0169161 -0.00177404 -0.00333863 -0.0137996 0.00147293 0.0162977 -0.0029731 -0.0256449 0.0279824
internal_weight=126877 65837.4 2545.88 1943.76 63291.5 602.118 61039.8 41191.2 5917.82 19848.6 2903.23 3098.39 2819.43 2329.5
internal_count=449448 233132 9828 7362 223304 2466 216316 154054 22703 62262 9332 10228 12475 7720
is_linear=0
shrinkage=0.035


Tree=44
num_leaves=15
num_cat=0
split_feature=11 52 11 62 1 60 2 53 36 62 48 62 40 48
split_gain=187.572 300.815 619.252 473.608 302.356 272.593 241.33 670.052 633.902 604.249 551.629 908.811 372.873 305.063
threshold=1.0004072257960555 1.0000000180025095e-35 1.0098822440397444 -0.34374999999999906 6.5000000000000009 -0.8140159405215136 1.5000000000000002 0.96966911764705899 9.1500000000000004 -0.31458333333333316 0.10725958040040889 -0.31458333333333316 0.1000000000000001 0.065000000000000127
decision_type=2 2 2 2 2 2 2 2 2 2 2 2 2 2
left_child=6 2 3 -2 -3 -4 10 -8 9 -9 11 -1 -10 -13
right_child=1 4 5 -5 -6 -7 7 8 12 -11 -12 13 -14 -15
leaf_value=1.8781105485193712e-10 5.3187342322274134e-08 -5.8824240784670829e-06 1.2716357127752901e-06 -2.4645670764710199e-06 0.00022185957041922512 -1.0532415314094076e-06 -6.0197886437252851e-05 0 -6.8117999169096369e-12 -3.9071286419612226e-06 -5.7393566338455324e-05 -2.3130604272648342e-06 8.0846012531535222e-08 0.00087201633375389841
leaf_weight=2994.5659134276211 1480.9467713199556 15462.699064036831 170.14999737590551 205.28307499736547 47614.409654139541 431.9679376706481 35462.535444855923 2511.1168694328517 2631.858907795744 616.42150993854739 16125.715634226799 564.83585107326508 282.10686911572702 322.60809636116028
leaf_count=8874 5699 56701 734 731 165856 1732 132015 8740 11359 1615 51806 1557 1494 535
internal_value=-0.000389082 0.00091632 0.013354 0.0241989 0.000463054 -0.0169161 -0.00177619 -0.00329805 -0.0140623 -0.00309873 0.00138082 0.0132075 -0.0257786 -0.0177568
internal_weight=126877 65365.5 2288.35 1686.23 63077.1 602.118 61511.8 41504 6041.5 3127.54 20007.7 3882.01 2913.97 887.444
internal_count=449448 231453 8896 6430 222557 2466 217995 155223 23208 10355 62772 10966 12853 2092
is_linear=0
shrinkage=0.035


Tree=45
num_leaves=15
num_cat=0
split_feature=13 57 59 57 46 14 1 62 2 52 53 64 62 53
split_gain=182.557 150.62 189.413 236.29 249.339 237.732 149.379 709.295 780.5 949.506 658.764 392.789 318.85 602.149
threshold=0.9871299501393469 1.2989134797818134 0.8140385552266387 0.025513901728264912 0.09999999999999977 1.1694833628063137 5.5000000000000009 -0.34374999999999906 1.5000000000000002 1.0000000180025095e-35 0.7947368421052633 -0.2854166666666666 -1.1500000000000006 0.98750000000000016
decision_type=2 2 2 2 2 2 2 2 2 2 2 2 2 2
left_child=1 2 3 -1 5 -5 7 8 9 11 -9 -2 13 -10
right_child=6 -3 -4 4 -6 -7 -8 10 12 -11 -12 -13 -14 -15
leaf_value=3.5928018061775612e-05 -1.4840736978947801e-06 -0.0011367212454346921 0.00024541594501565082 -0.00020606118607420878 0.00066636394312439553 -0.0015748659822967586 0.00012468601394588814 -1.0081276921607846e-05 -1.8572908140011243e-07 -1.2241993116292085e-06 -2.232103312310565e-06 1.8123766793211932e-10 7.802297547985131e-08 -6.5733869198177999e-12
leaf_weight=1460.2936736338306 182.29481288790703 10212.864757275442 3301.5307390764356 4785.4627499936614 1657.5530800002161 1183.3876063209027 76820.82624050905 2187.2127600030508 9166.3642293242738 4118.6338927298784 1693.6509542339481 2924.344545148313 2922.2055679236073 4260.5959867073689
leaf_count=4784 722 41808 15275 17163 6012 4573 261954 6318 34516 13065 5531 10039 10236 17452
internal_value=-0.000373232 -0.00322418 -0.000628688 -0.0032373 -0.00570801 -0.00904017 0.000244942 -0.00197049 0.000314402 0.00988628 -0.0158153 0.0244618 -0.00391921 -0.00619915
internal_weight=126877 22601.1 12388.2 9086.7 7626.4 5968.85 104276 27455.3 23574.4 7225.27 3880.86 3106.64 16349.2 13427
internal_count=449448 89615 47807 32532 27748 21736 359833 97879 86030 23826 11849 10761 62204 51968
is_linear=0
shrinkage=0.035


Tree=46
num_leaves=15
num_cat=0
split_feature=13 57 21 36 46 40 36 1 28 1 46 57 52 62
split_gain=223.608 139.713 158.809 120.575 255.538 120.707 131.077 508.002 217.906 217.756 171.747 226.129 191.843 1848.22
threshold=0.9871299501393469 2.0025478082034289 1.0000000180025095e-35 28.750000000000004 2.5499999999999998 1.6500000000000015 19.650000000000002 17.500000000000004 54.500000000000007 10.500000000000002 4.2000000000000028 1.2828418053398616 1.0000000180025095e-35 -0.34374999999999906
decision_type=2 2 2 2 2 2 2 2 2 2 2 2 2 2
left_child=1 -1 -3 5 -5 6 10 8 9 -8 12 -12 13 -2
right_child=3 2 -4 4 -6 -7 7 -9 -10 -11 11 -13 -14 -15
leaf_value=-7.2712477761817797e-05 2.3006854219362304e-13 -0.00058014175282442623 -0.0051571249326779643 0.0026086762406478041 -0.0043234031316133998 -3.6091201393854918e-05 9.6424275224092858e-08 0.0019026681523619375 0.0017786921387657189 -0.00097982633407778089 0.0020243996381099222 0.00029006389732926852 -3.1520295533492109e-06 -2.2616530686424566e-06
leaf_weight=20607.95666520088 8866.2645833757706 994.44104446400888 998.69489663559943 329.88229754194617 744.17688696831465 3923.4096303265542 3842.6922321245074 4358.5209627337754 1729.4298688955605 5720.5661019124091 1898.323730006814 6732.6753986137919 64729.262112576282 1400.9251843916718
leaf_count=81631 33132 4356 3628 1484 3105 16025 16316 17713 7254 22740 5844 22581 209716 3923
internal_value=5.66656e-05 -0.00309862 -0.0119244 0.000740782 -0.0108714 0.000862675 0.00110082 0.00403947 0.000118723 -0.00195197 0.000550423 0.00522293 1.20608e-05 0.00445438
internal_weight=126877 22601.1 1993.14 104276 1074.06 103202 99278.7 15651.2 11292.7 9563.26 83627.5 8631 74996.5 10267.2
internal_count=449448 89615 7984 359833 4589 355244 339219 64023 46310 39056 275196 28425 246771 37055
is_linear=0
shrinkage=0.035


Tree=47
num_leaves=15
num_cat=0
split_feature=13 57 14 57 46 28 36 46 23 1 6 57 2 40
split_gain=207.171 141.228 159.791 213.621 226.544 208.486 116.05 246.014 106.856 209.322 102.01 101.457 100.983 89.2069
threshold=0.9868611173648858 1.3198197064749688 0.98774795522931602 0.025513901728264912 0.09999999999999977 57.500000000000007 28.750000000000004 2.5499999999999998 1.0000000180025095e-35 17.500000000000004 3.276352893373033 2.2392209024604219 3.5000000000000004 0.40000000000000041
decision_type=2 2 2 2 2 2 2 2 2 2 2 2 2 2
left_child=1 2 10 -4 5 -5 11 -8 -3 -10 -1 13 -11 -2
right_child=6 8 3 4 -6 -7 7 -9 9 12 -12 -13 -14 -15
leaf_value=-4.9513197249139343e-05 1.7488629715551836e-10 -0.00062509199861262828 3.6631471127394084e-05 -0.00010607687765962021 0.00051163097799841566 -0.0010066539451745043 0.0025570269749537714 -0.0041713437358658293 -0.00068000405064803547 0.0013106576925528246 0.00055196088013877468 -0.0011839044915104052 -0.0045284889367792321 -2.9154922708907864e-06
leaf_weight=533.5663237683475 88749.06279002293 6135.5661375443451 1407.3285007507075 3313.9666493861005 1933.6029689048883 2511.7362754971255 332.12741282209754 746.85744670033455 1975.0091551244259 154.62820839881897 2940.4309805482626 2581.7279880668502 1258.772566601634 12302.838191631017
leaf_count=2608 300801 28273 4692 10466 6705 10614 1491 3116 7133 587 13295 9244 3702 46721
internal_value=4.55312e-05 -0.00302773 -0.000601436 -0.00302376 -0.00530045 -0.0087423 0.000696278 -0.01067 -0.006244 -0.0112251 0.00578055 0.000815637 -0.02146 0.000990918
internal_weight=126877 22164.6 12640.6 9166.63 7759.31 5825.7 104713 1078.98 9523.98 3388.41 3474 103634 1413.4 101052
internal_count=449448 88075 48380 32477 27785 21080 361373 4607 39695 11422 15903 356766 4289 347522
is_linear=0
shrinkage=0.035


Tree=48
num_leaves=15
num_cat=0
split_feature=53 2 62 40 62 62 36 52 11 62 60 63 1 62
split_gain=667.156 1706.98 1097.29 770.582 499.445 746.682 433.109 407.29 569.788 441.314 289.755 248.517 233.31 232.499
threshold=0.98750000000000016 1.5000000000000002 -0.31458333333333316 0.19999999999999996 -1.1500000000000006 -0.34374999999999906 19.650000000000002 1.0000000180025095e-35 1.0098822440397444 -0.34374999999999906 -0.8140159405215136 0.11041666666666668 1.5000000000000002 -0.17083333333333314
decision_type=2 2 2 2 2 2 2 2 2 2 2 2 2 2
left_child=7 2 6 4 12 11 -2 8 9 -1 -10 -6 -3 -5
right_child=1 3 -4 13 5 -7 -8 -9 10 -11 -12 -13 -14 -15
leaf_value=5.7579166949733345e-08 1.6876527675507522e-10 1.9327474781943447e-07 -2.0748279599976095e-06 5.2584469402510758e-07 7.5286042265257099e-08 -3.3647234593992478e-05 -3.206076303689198e-09 -1.6495766641484276e-06 1.227365738797046e-06 -2.1753720410000678e-06 -1.0132585306143179e-06 -1.8832406754719061e-06 -1.2472391177044097e-11 -1.0230511724677135e-06
leaf_weight=1780.7840337119997 2024.3598897866905 67.373542424291372 539.19534170627594 604.8238013163209 505.64399188593961 618.65613180305809 165.18324415758252 115577.97560884175 170.14999737590551 242.49377293139696 431.9679376706481 162.89209192991257 3834.9805569669697 150.7416532591451
leaf_count=6512 6473 535 1479 2453 1713 1417 680 407911 734 834 1732 742 15448 785
internal_value=-0.00066141 -0.0100248 0.0128612 -0.0205331 -0.0253364 -0.00636911 0.0238711 2.64703e-05 0.0136316 0.0225043 -0.0160639 0.0191468 -0.0315605 0.0123581
internal_weight=126877 8673.85 2728.74 5945.11 5189.55 1287.19 2189.54 118203 2625.4 2023.28 602.118 668.536 3902.35 755.565
internal_count=449448 31725 8632 23093 19855 3872 7153 417723 9812 7346 2466 2455 15983 3238
is_linear=0
shrinkage=0.035


Tree=49
num_leaves=15
num_cat=0
split_feature=53 2 62 40 62 62 36 52 11 62 60 1 62 63
split_gain=657.746 1701.68 1097.29 765.532 510.404 761.417 433.109 307.492 509.016 382.325 282.953 233.31 231.824 226.479
threshold=0.98750000000000016 1.5000000000000002 -0.31458333333333316 0.19999999999999996 -1.1500000000000006 -0.34374999999999906 19.650000000000002 1.0000000180025095e-35 1.0098822440397444 -0.34374999999999906 -0.8140159405215136 1.5000000000000002 -0.17083333333333314 0.11041666666666668
decision_type=2 2 2 2 2 2 2 2 2 2 2 2 2 2
left_child=7 2 6 4 11 13 -2 8 9 -1 -10 -3 -5 -6
right_child=1 3 -4 12 5 -7 -8 -9 10 -11 -12 -13 -14 -15
leaf_value=5.5563896106492682e-08 1.6285849206864759e-10 1.8651013164575427e-07 -2.0022089813976929e-06 5.074401297342289e-07 7.2651030785973091e-08 -3.246958138320274e-05 -3.0938636330600758e-09 -1.5918414809032326e-06 1.1844079379391496e-06 -2.0992340195650654e-06 -9.7779448204281675e-07 -1.2035857485847553e-11 -9.8724438143134348e-07 -1.8173272518303894e-06
leaf_weight=1780.7840337119997 2024.3598897866905 67.373542424291372 539.19534170627594 604.8238013163209 505.64399188593961 618.65613180305809 165.18324415758252 115577.97560884175 170.14999737590551 242.49377293139696 431.9679376706481 3834.9805569669697 150.7416532591451 162.89209192991257
leaf_count=6512 6473 535 1479 2453 1713 1417 680 407911 734 834 1732 15448 785 742
internal_value=-0.000692073 -0.00998916 0.0128612 -0.0204812 -0.0252687 -0.00609777 0.0238711 -9.05896e-06 0.0118123 0.0202008 -0.0162449 -0.0315605 0.0123022 0.0196656
internal_weight=126877 8673.85 2728.74 5945.11 5189.55 1287.19 2189.54 118203 2625.4 2023.28 602.118 3902.35 755.565 668.536
internal_count=449448 31725 8632 23093 19855 3872 7153 417723 9812 7346 2466 15983 3238 2455
is_linear=0
shrinkage=0.035


Tree=50
num_leaves=15
num_cat=0
split_feature=53 2 62 62 40 62 36 52 11 62 60 64 1 11
split_gain=454.879 1459.76 1131.93 1097.29 777.067 462.748 433.109 313.717 513.613 330.97 282.953 246.539 238.711 224.536
threshold=0.98750000000000016 1.5000000000000002 -1.1500000000000006 -0.31458333333333316 0.40000000000000135 -0.34374999999999906 19.650000000000002 1.0000000180025095e-35 1.0098822440397444 -0.34374999999999906 -0.8140159405215136 -0.11041666666666665 1.5000000000000002 1.0004072257960555
decision_type=2 2 2 2 2 2 2 2 2 2 2 2 2 2
left_child=7 3 4 6 12 11 -2 8 9 -1 -10 -4 -3 -14
right_child=1 2 5 -5 -6 -7 -8 -9 10 -11 -12 -13 13 -15
leaf_value=5.3619159742765434e-08 1.5715844484624494e-10 1.7998227703815285e-07 -1.750216293913241e-06 -1.9321316670487737e-06 8.2041042648456863e-07 -1.2990152279777926e-06 -2.9855784059029733e-09 -1.5361270290716193e-06 1.1429536601112795e-06 -2.0257608288802882e-06 -9.4357167517131814e-07 7.0108244708464041e-08 -1.1614602473842888e-11 2.0647333095856488e-08
leaf_weight=1780.7840337119997 2024.3598897866905 68.976675745099783 179.76200712099671 539.19534170627594 269.78132439777255 769.39778506220318 165.18324415758252 115577.97560884175 170.14999737590551 242.49377293139696 431.9679376706481 735.35599069506861 3852.6214947982226 69.216491766273975
leaf_count=6512 6473 539 844 1479 1163 2202 680 407911 734 834 1732 2595 15370 380
internal_value=-0.000569025 -0.00830056 -0.0180189 0.0128612 -0.0276038 0.00624379 0.0238711 -1.02448e-06 0.0119394 0.0203655 -0.0162449 0.0229515 -0.0314985 -0.0326504
internal_weight=126877 8673.85 5945.11 2728.74 4260.6 1684.52 2189.54 118203 2625.4 2023.28 602.118 915.118 3990.81 3921.84
internal_count=449448 31725 23093 8632 17452 5641 7153 417723 9812 7346 2466 3439 16289 15750
is_linear=0
shrinkage=0.035


Tree=51
num_leaves=15
num_cat=0
split_feature=53 2 62 62 40 62 36 52 11 62 60 64 11 1
split_gain=453.141 1459.76 1131.93 1097.29 777.067 462.748 433.109 266.304 474.75 300.833 280.928 246.539 245.743 238.711
threshold=0.98750000000000016 1.5000000000000002 -1.1500000000000006 -0.31458333333333316 0.40000000000000135 -0.34374999999999906 19.650000000000002 1.0000000180025095e-35 1.0098822440397444 -0.34374999999999906 -0.8140159405215136 -0.11041666666666665 1.0004072257960555 1.5000000000000002
decision_type=2 2 2 2 2 2 2 2 2 2 2 2 2 2
left_child=7 3 4 6 13 11 -2 8 9 12 -10 -4 -1 -3
right_child=1 2 5 -5 -6 -7 -8 -9 10 -11 -12 -13 -14 -15
leaf_value=-1.2713636137597652e-09 1.5165789927662637e-10 1.736828973418175e-07 -1.6889587236262777e-06 -1.8645070587020669e-06 7.9169606155760876e-07 -1.2535496949985699e-06 -2.8810831616963693e-09 -1.4823625830541126e-06 1.1029502820073846e-06 -1.9548591998694781e-06 -9.1054666654032209e-07 6.7654456143667791e-08 5.1751230344371024e-08 -1.1208091387258387e-11
leaf_weight=398.96473458409309 2024.3598897866905 68.976675745099783 179.76200712099671 539.19534170627594 269.78132439777255 769.39778506220318 165.18324415758252 115577.97560884175 170.14999737590551 242.49377293139696 431.9679376706481 735.35599069506861 1381.8192991279066 3921.8379865644965
leaf_count=1373 6473 539 844 1479 1163 2202 680 407911 734 834 1732 2595 5139 15750
internal_value=-0.000583809 -0.00830056 -0.0180189 0.0128612 -0.0276038 0.00624379 0.0238711 -1.68931e-05 0.0109843 0.0190865 -0.0161083 0.0229515 0.0240606 -0.0314985
internal_weight=126877 8673.85 5945.11 2728.74 4260.6 1684.52 2189.54 118203 2625.4 2023.28 602.118 915.118 1780.78 3990.81
internal_count=449448 31725 23093 8632 17452 5641 7153 417723 9812 7346 2466 3439 6512 16289
is_linear=0
shrinkage=0.035


Tree=52
num_leaves=15
num_cat=0
split_feature=53 2 62 62 40 62 36 52 11 62 60 11 64 11
split_gain=467.762 1478.15 1158.15 1096.06 707.869 465.364 433.109 267.601 462.199 290.491 275.163 242.455 239.035 228.412
threshold=0.98750000000000016 1.5000000000000002 -1.1500000000000006 -0.31458333333333316 0.40000000000000135 -0.34374999999999906 19.650000000000002 1.0000000180025095e-35 1.0098822440397444 -0.34374999999999906 -0.8140159405215136 1.0004072257960555 -0.11041666666666665 1.0004072257960555
decision_type=2 2 2 2 2 2 2 2 2 2 2 2 2 2
left_child=7 3 4 6 13 12 -2 8 9 11 -10 -1 -4 -3
right_child=1 2 5 -5 -6 -7 -8 -9 10 -11 -12 -13 -14 -15
leaf_value=-1.2268658872781734e-09 1.4634987280194444e-10 -1.0815808188704345e-11 -1.6298451682993577e-06 -1.7992493116474945e-06 7.6398669940309244e-07 -1.2096754556736199e-06 -2.7802452510369961e-09 -1.4304798926472185e-06 1.0643470221371262e-06 -1.8864391278740463e-06 -8.7867753321141082e-07 4.9939937282318046e-08 6.5286550178639424e-08 2.572747924028046e-08
leaf_weight=398.96473458409309 2024.3598897866905 3918.1846094375942 179.76200712099671 539.19534170627594 269.78132439777255 769.39778506220318 165.18324415758252 115577.97560884175 170.14999737590551 242.49377293139696 431.9679376706481 1381.8192991279066 735.35599069506861 72.630052872002125
leaf_count=1373 6473 15866 844 1479 1163 2202 680 407911 734 834 1732 5139 2595 423
internal_value=-0.000587138 -0.0084274 -0.0182067 0.0128674 -0.027902 0.00633531 0.0238711 -1.11504e-05 0.0110168 0.0190107 -0.0157169 0.023898 0.0230899 -0.0316174
internal_weight=126877 8673.85 5945.11 2728.74 4260.6 1684.52 2189.54 118203 2625.4 2023.28 602.118 1780.78 915.118 3990.81
internal_count=449448 31725 23093 8632 17452 5641 7153 417723 9812 7346 2466 6512 3439 16289
is_linear=0
shrinkage=0.035


Tree=53
num_leaves=15
num_cat=0
split_feature=53 2 62 62 40 62 36 52 11 62 60 11 64 11
split_gain=468.862 1478.8 1156.53 1096.06 707.869 464.254 433.109 267.135 460.892 290.236 274.674 242.095 238.454 228.412
threshold=0.98750000000000016 1.5000000000000002 -1.1500000000000006 -0.31458333333333316 0.40000000000000135 -0.34374999999999906 19.650000000000002 1.0000000180025095e-35 1.0098822440397444 -0.34374999999999906 -0.8140159405215136 1.0004072257960555 -0.11041666666666665 1.0004072257960555
decision_type=2 2 2 2 2 2 2 2 2 2 2 2 2 2
left_child=7 3 4 6 13 12 -2 8 9 11 -10 -1 -4 -3
right_child=1 2 5 -5 -6 -7 -8 -9 10 -11 -12 -13 -14 -15
leaf_value=-1.1839255812234374e-09 1.4122762725387641e-10 -1.0437254902099693e-11 -1.5728005874088801e-06 -1.7362755857398323e-06 7.3724716492398419e-07 -1.1673368147250432e-06 -2.6829366672507011e-09 -1.380413096404566e-06 1.0270948763623267e-06 -1.8204137583984548e-06 -8.4792381954901147e-07 4.8192039477436912e-08 6.300152092238704e-08 2.4827017466870644e-08
leaf_weight=398.96473458409309 2024.3598897866905 3918.1846094375942 179.76200712099671 539.19534170627594 269.78132439777255 769.39778506220318 165.18324415758252 115577.97560884175 170.14999737590551 242.49377293139696 431.9679376706481 1381.8192991279066 735.35599069506861 72.630052872002125
leaf_count=1373 6473 15866 844 1479 1163 2202 680 407911 734 834 1732 5139 2595 423
internal_value=-0.000582604 -0.00843207 -0.0182135 0.0128674 -0.027902 0.00631134 0.0238711 -5.93963e-06 0.0110124 0.018995 -0.0156835 0.0238802 0.023046 -0.0316174
internal_weight=126877 8673.85 5945.11 2728.74 4260.6 1684.52 2189.54 118203 2625.4 2023.28 602.118 1780.78 915.118 3990.81
internal_count=449448 31725 23093 8632 17452 5641 7153 417723 9812 7346 2466 6512 3439 16289
is_linear=0
shrinkage=0.035


Tree=54
num_leaves=15
num_cat=0
split_feature=53 2 62 62 40 62 36 52 11 62 60 40 11 64
split_gain=407.798 1663.79 1151.83 757.494 707.869 459.113 433.109 266.321 449.798 288.509 270.12 259.303 239.662 236.318
threshold=0.98750000000000016 1.5000000000000002 -1.1500000000000006 -0.31458333333333316 0.40000000000000135 -0.34374999999999906 19.650000000000002 1.0000000180025095e-35 1.0098822440397444 -0.34374999999999906 -0.8140159405215136 2.0500000000000016 1.0004072257960555 -0.11041666666666665
decision_type=2 2 2 2 2 2 2 2 2 2 2 2 2 2
left_child=7 3 4 6 -3 13 -2 8 9 12 -10 -5 -1 -4
right_child=1 2 5 11 -6 -7 -8 -9 10 -11 -12 -13 -14 -15
leaf_value=-1.142488185880617e-09 1.3628466029999072e-10 -1.0071950980526203e-11 -1.5177525668495694e-06 -1.6755059402389381e-06 7.1144351415164469e-07 -1.1264800262096668e-06 -2.5890338838969269e-09 -1.3320986380304062e-06 9.9114655568964547e-07 -1.7566992768545088e-06 -8.1824648586479609e-07 5.3254194478249569e-08 4.6505318095726615e-08 6.0796467690103494e-08
leaf_weight=398.96473458409309 2024.3598897866905 3990.8146623095963 179.76200712099671 443.109285838902 269.78132439777255 769.39778506220318 165.18324415758252 115577.97560884175 170.14999737590551 242.49377293139696 431.9679376706481 96.086055867373943 1381.8192991279066 735.35599069506861
leaf_count=1373 6473 16289 844 1155 1163 2202 680 407911 734 834 1732 324 5139 2595
internal_value=-0.000536699 -0.0078572 -0.0182332 0.014733 -0.027902 0.00624211 0.0238711 1.10342e-06 0.0110026 0.0188883 -0.0153712 -0.0221334 0.0237591 0.022884
internal_weight=126877 8673.85 5945.11 2728.74 4260.6 1684.52 2189.54 118203 2625.4 2023.28 602.118 539.195 1780.78 915.118
internal_count=449448 31725 23093 8632 17452 5641 7153 417723 9812 7346 2466 1479 6512 3439
is_linear=0
shrinkage=0.035


Tree=55
num_leaves=15
num_cat=0
split_feature=53 2 62 62 40 62 36 52 11 62 60 40 11 64
split_gain=408.858 1663.79 1151.83 757.494 707.869 459.113 433.109 273.384 450.68 269.775 268.265 259.303 239.662 236.318
threshold=0.98750000000000016 1.5000000000000002 -1.1500000000000006 -0.31458333333333316 0.40000000000000135 -0.34374999999999906 19.650000000000002 1.0000000180025095e-35 1.0098822440397444 -0.34374999999999906 -0.8140159405215136 2.0500000000000016 1.0004072257960555 -0.11041666666666665
decision_type=2 2 2 2 2 2 2 2 2 2 2 2 2 2
left_child=7 3 4 6 -3 13 -2 8 9 12 -10 -5 -1 -4
right_child=1 2 5 11 -6 -7 -8 -9 10 -11 -12 -13 -14 -15
leaf_value=-1.1025010993747954e-09 1.3151469718949104e-10 -9.7194326962077859e-12 -1.4646312270098345e-06 -1.6168632323305753e-06 6.8654299115633709e-07 -1.0870532252923284e-06 -2.4984176979605343e-09 -1.2854751856993418e-06 9.5645642624050779e-07 -1.6952148021646009e-06 -7.8960785885952822e-07 5.1390297671510831e-08 4.4877631962376181e-08 5.8668591320949876e-08
leaf_weight=398.96473458409309 2024.3598897866905 3990.8146623095963 179.76200712099671 443.109285838902 269.78132439777255 769.39778506220318 165.18324415758252 115577.97560884175 170.14999737590551 242.49377293139696 431.9679376706481 96.086055867373943 1381.8192991279066 735.35599069506861
leaf_count=1373 6473 16289 844 1155 1163 2202 680 407911 734 834 1732 324 5139 2595
internal_value=-0.000527195 -0.0078572 -0.0182332 0.014733 -0.027902 0.00624211 0.0238711 1.13053e-05 0.0111577 0.0190509 -0.0152432 -0.0221334 0.0237591 0.022884
internal_weight=126877 8673.85 5945.11 2728.74 4260.6 1684.52 2189.54 118203 2625.4 2023.28 602.118 539.195 1780.78 915.118
internal_count=449448 31725 23093 8632 17452 5641 7153 417723 9812 7346 2466 1479 6512 3439
is_linear=0
shrinkage=0.035


Tree=56
num_leaves=15
num_cat=0
split_feature=53 2 62 62 40 62 36 52 11 60 40 62 64 11
split_gain=410.229 1663.75 1151.94 757.494 707.869 458.78 433.109 267.484 447.038 268.265 259.303 254.24 236.258 234.127
threshold=0.98750000000000016 1.5000000000000002 -1.1500000000000006 -0.31458333333333316 0.40000000000000135 -0.34374999999999906 19.650000000000002 1.0000000180025095e-35 1.0098822440397444 -0.8140159405215136 2.0500000000000016 -0.34374999999999906 -0.11041666666666665 1.0004072257960555
decision_type=2 2 2 2 2 2 2 2 2 2 2 2 2 2
left_child=7 3 4 6 -3 12 -2 8 11 -10 -5 13 -4 -1
right_child=1 2 5 10 -6 -7 -8 -9 9 -11 -12 -13 -14 -15
leaf_value=-1.0639135608966777e-09 1.2691168278785886e-10 -9.3792525518405131e-12 -1.4133691340644903e-06 -1.5602730191990053e-06 6.6251398646586529e-07 -1.049006362407097e-06 -2.4109730785319154e-09 -1.2404835541998649e-06 9.2298045132209001e-07 -7.6197158379944474e-07 4.9591637253007946e-08 -1.6358822840888402e-06 5.6615190624716625e-08 4.3306914843693015e-08
leaf_weight=398.96473458409309 2024.3598897866905 3990.8146623095963 179.76200712099671 443.109285838902 269.78132439777255 769.39778506220318 165.18324415758252 115577.97560884175 170.14999737590551 431.9679376706481 96.086055867373943 242.49377293139696 735.35599069506861 1381.8192991279066
leaf_count=1373 6473 16289 844 1155 1163 2202 680 407911 734 1732 324 834 2595 5139
internal_value=-0.000514621 -0.0078569 -0.0182328 0.014733 -0.027902 0.00624362 0.0238711 2.47796e-05 0.0110503 -0.0152432 -0.0221334 0.0189116 0.0228795 0.0234813
internal_weight=126877 8673.85 5945.11 2728.74 4260.6 1684.52 2189.54 118203 2625.4 602.118 539.195 2023.28 915.118 1780.78
internal_count=449448 31725 23093 8632 17452 5641 7153 417723 9812 2466 1479 7346 3439 6512
is_linear=0
shrinkage=0.035


Tree=57
num_leaves=15
num_cat=0
split_feature=53 2 62 62 40 62 36 52 11 60 40 62 64 11
split_gain=413.715 1664.27 1150.71 757.494 707.869 457.947 433.109 264.91 446.251 268.265 259.303 250.984 235.822 232.945
threshold=0.98750000000000016 1.5000000000000002 -1.1500000000000006 -0.31458333333333316 0.40000000000000135 -0.34374999999999906 19.650000000000002 1.0000000180025095e-35 1.0098822440397444 -0.8140159405215136 2.0500000000000016 -0.34374999999999906 -0.11041666666666665 1.0004072257960555
decision_type=2 2 2 2 2 2 2 2 2 2 2 2 2 2
left_child=7 3 4 6 -3 12 -2 8 11 -10 -5 13 -4 -1
right_child=1 2 5 10 -6 -7 -8 -9 9 -11 -12 -13 -14 -15
leaf_value=-1.0266765862652939e-09 1.224697738902838e-10 -9.0509787125260945e-12 -1.363901214372233e-06 -1.5056634635270402e-06 6.393259969395601e-07 -1.0122911397228486e-06 -2.3265890207832984e-09 -1.1970666298028696e-06 8.9067613552581692e-07 -7.3530257836646415e-07 4.7855929949152671e-08 -1.5786264041457308e-06 5.4633658952851544e-08 4.1791172824163755e-08
leaf_weight=398.96473458409309 2024.3598897866905 3990.8146623095963 179.76200712099671 443.109285838902 269.78132439777255 769.39778506220318 165.18324415758252 115577.97560884175 170.14999737590551 431.9679376706481 96.086055867373943 242.49377293139696 735.35599069506861 1381.8192991279066
leaf_count=1373 6473 16289 844 1155 1163 2202 680 407911 734 1732 324 834 2595 5139
internal_value=-0.000487025 -0.00786044 -0.0182379 0.014733 -0.027902 0.00622551 0.0238711 5.46604e-05 0.011027 -0.0152432 -0.0221334 0.0188814 0.0228463 0.0234216
internal_weight=126877 8673.85 5945.11 2728.74 4260.6 1684.52 2189.54 118203 2625.4 602.118 539.195 2023.28 915.118 1780.78
internal_count=449448 31725 23093 8632 17452 5641 7153 417723 9812 2466 1479 7346 3439 6512
is_linear=0
shrinkage=0.035


Tree=58
num_leaves=15
num_cat=0
split_feature=53 2 62 62 40 62 36 52 11 60 40 62 64 11
split_gain=413.789 1664.27 1150.71 757.494 707.869 457.947 433.109 261.474 443.865 268.265 259.303 248.819 235.822 230.752
threshold=0.98750000000000016 1.5000000000000002 -1.1500000000000006 -0.31458333333333316 0.40000000000000135 -0.34374999999999906 19.650000000000002 1.0000000180025095e-35 1.0098822440397444 -0.8140159405215136 2.0500000000000016 -0.34374999999999906 -0.11041666666666665 1.0004072257960555
decision_type=2 2 2 2 2 2 2 2 2 2 2 2 2 2
left_child=7 3 4 6 -3 12 -2 8 11 -10 -5 13 -4 -1
right_child=1 2 5 10 -6 -7 -8 -9 9 -11 -12 -13 -14 -15
leaf_value=-9.907429057460086e-10 1.1818333180412387e-10 -8.7341944575876806e-12 -1.3161646718692049e-06 -1.4529652423035938e-06 6.169495870466755e-07 -9.7686094983254892e-07 -2.2451584050558826e-09 -1.1551692977597694e-06 8.5950247078241328e-07 -7.0956698812363785e-07 4.6180972400932331e-08 -1.5233744800006303e-06 5.2721480889501737e-08 4.0328481775318023e-08
leaf_weight=398.96473458409309 2024.3598897866905 3990.8146623095963 179.76200712099671 443.109285838902 269.78132439777255 769.39778506220318 165.18324415758252 115577.97560884175 170.14999737590551 431.9679376706481 96.086055867373943 242.49377293139696 735.35599069506861 1381.8192991279066
leaf_count=1373 6473 16289 844 1155 1163 2202 680 407911 734 1732 324 834 2595 5139
internal_value=-0.000486367 -0.00786044 -0.0182379 0.014733 -0.027902 0.00622551 0.0238711 5.53665e-05 0.0109563 -0.0152432 -0.0221334 0.0187898 0.0228463 0.0233103
internal_weight=126877 8673.85 5945.11 2728.74 4260.6 1684.52 2189.54 118203 2625.4 602.118 539.195 2023.28 915.118 1780.78
internal_count=449448 31725 23093 8632 17452 5641 7153 417723 9812 2466 1479 7346 3439 6512
is_linear=0
shrinkage=0.035


Tree=59
num_leaves=15
num_cat=0
split_feature=53 2 62 62 40 62 36 40 52 11 60 64 11 62
split_gain=414.991 1664.27 1150.71 757.494 707.869 457.947 433.109 259.303 257.751 437.055 266.312 235.822 228.412 228.378
threshold=0.98750000000000016 1.5000000000000002 -1.1500000000000006 -0.31458333333333316 0.40000000000000135 -0.34374999999999906 19.650000000000002 2.0500000000000016 1.0000000180025095e-35 1.0098822440397444 -0.8140159405215136 -0.11041666666666665 1.0004072257960555 -0.34374999999999906
decision_type=2 2 2 2 2 2 2 2 2 2 2 2 2 2
left_child=8 3 4 6 12 11 -2 -5 9 13 -11 -4 -3 -1
right_child=1 2 5 7 -6 -7 -8 -9 -10 10 -12 -13 -14 -15
leaf_value=3.8908243720579512e-08 1.1404691519097954e-10 -8.4284976515721122e-12 -1.2700989083537828e-06 -1.402111458822968e-06 5.9535635150004188e-07 -9.4267081658840965e-07 -2.1665778608789267e-09 4.4564638366899699e-08 -1.1147383723381774e-06 8.2941988430502882e-07 -6.8473214353931065e-07 5.0876229058369175e-08 2.3959715308859125e-08 -1.4700563732006083e-06
leaf_weight=1780.7840337119997 2024.3598897866905 3918.1846094375942 179.76200712099671 443.109285838902 269.78132439777255 769.39778506220318 165.18324415758252 96.086055867373943 115577.97560884175 170.14999737590551 431.9679376706481 735.35599069506861 72.630052872002125 242.49377293139696
leaf_count=6512 6473 15866 844 1155 1163 2202 680 324 407911 734 1732 2595 423 834
internal_value=-0.000475662 -0.00786044 -0.0182379 0.014733 -0.027902 0.00622551 0.0238711 -0.0221334 6.68573e-05 0.0108899 -0.015108 0.0228463 -0.0316174 0.018663
internal_weight=126877 8673.85 5945.11 2728.74 4260.6 1684.52 2189.54 539.195 118203 2625.4 602.118 915.118 3990.81 2023.28
internal_count=449448 31725 23093 8632 17452 5641 7153 1479 417723 9812 2466 3439 16289 7346
is_linear=0
shrinkage=0.035


Tree=60
num_leaves=15
num_cat=0
split_feature=53 2 62 62 40 62 36 40 64 11 64 46 13 59
split_gain=410.571 1664.27 1150.71 757.494 707.869 457.947 433.109 259.303 235.822 228.412 219.84 236.06 192.494 192.04
threshold=0.98750000000000016 1.5000000000000002 -1.1500000000000006 -0.31458333333333316 0.40000000000000135 -0.34374999999999906 19.650000000000002 2.0500000000000016 -0.11041666666666665 1.0004072257960555 -0.2854166666666666 1.1999999999999997 0.9868611173648858 -0.45972848220565493
decision_type=2 2 2 2 2 2 2 2 2 2 2 2 2 2
left_child=12 3 4 6 9 8 10 -5 -4 -3 -2 -12 -1 -7
right_child=1 2 5 7 -6 13 -8 -9 -10 -11 11 -13 -14 -15
leaf_value=-0.00011020140955918424 -1.4011544511785265e-06 -8.1335002337670892e-12 -1.2256454465614004e-06 -1.3530375577641641e-06 5.7451887919754041e-07 1.1356493333693463e-06 -2.0907476357481641e-09 4.3004876024058204e-08 4.9095561041326255e-08 2.3121125273049057e-08 1.1005527315929526e-10 -2.180895787811497e-05 2.515680593630546e-07 -3.1156021458195482e-05
leaf_weight=22164.607766524656 102.27719030529261 3918.1846094375942 179.76200712099671 443.109285838902 269.78132439777255 375.69155921600759 165.18324415758252 96.086055867373943 735.35599069506861 72.630052872002125 1853.7735996507108 68.309099830687046 96038.763584007043 393.70622584619559
leaf_count=88075 379 15866 844 1155 1163 548 680 324 2595 423 5958 136 329648 1654
internal_value=-0.000515091 -0.00786044 -0.0182379 0.014733 -0.027902 0.00622551 0.0238711 -0.0221334 0.0228463 -0.0316174 0.0283345 0.0310035 2.45356e-05 -0.0135827
internal_weight=126877 8673.85 5945.11 2728.74 4260.6 1684.52 2189.54 539.195 915.118 3990.81 2024.36 1922.08 118203 769.398
internal_count=449448 31725 23093 8632 17452 5641 7153 1479 3439 16289 6473 6094 417723 2202
is_linear=0
shrinkage=0.035


Tree=61
num_leaves=15
num_cat=0
split_feature=53 2 62 40 62 36 21 62 11 40 64 1 46 64
split_gain=296.781 1390.51 1514.07 715.52 701.242 398.255 381.641 406.256 324.435 288.809 219.604 217.559 210.428 193.899
threshold=0.97434210526315801 1.5000000000000002 -1.1500000000000006 0.40000000000000135 -0.31458333333333316 19.650000000000002 1.0000000180025095e-35 -0.34374999999999906 1.0004072257960555 2.0500000000000016 -0.2854166666666666 1.5000000000000002 1.1999999999999997 -0.077083333333333323
decision_type=2 2 2 2 2 2 2 2 2 2 2 2 2 2
left_child=-1 4 3 8 5 10 -4 13 11 -6 -2 -3 -12 -8
right_child=1 2 6 -5 9 -7 7 -9 -10 -11 12 -13 -14 -15
leaf_value=-1.69868586594931e-09 -1.352114045387278e-06 1.6760696291531701e-07 4.5906763796326953e-07 5.5441071842562639e-07 -1.3056812432424184e-06 -2.0175714684969783e-09 -1.1979615956624079e-06 -3.1195769184863408e-05 1.6501620252428625e-08 4.1499705363216168e-08 1.0620333859871991e-10 -7.8488277255852401e-12 -2.1045644352380947e-05 4.7377216404879834e-08
leaf_weight=117571.96261252952 111.8623903170228 73.217346709221601 945.05478028138168 285.59326590225101 474.80214750766754 172.20843305066228 135.6209853105247 350.75957025866956 269.38159496337175 112.13233368843794 2057.2262415848672 3905.9473273663316 68.986699856817722 342.46586644113995
leaf_count=415548 412 524 2861 1219 1275 701 649 1050 1055 388 6676 15547 138 1405
internal_value=-0.000493873 -0.00650743 -0.0158259 -0.0265348 0.013092 0.0214366 0.0115417 -0.00577246 -0.0301462 -0.0209609 0.0254009 -0.0326581 0.0279263 0.0151192
internal_weight=126877 9305.26 6308.04 4534.14 2997.22 2410.28 1773.9 828.846 4248.55 586.934 2238.08 3979.16 2126.21 478.087
internal_count=449448 33900 24310 18345 9590 7927 5965 3104 17126 1663 7226 16071 6814 2054
is_linear=0
shrinkage=0.035


Tree=62
num_leaves=15
num_cat=0
split_feature=53 2 62 40 62 36 21 62 11 40 64 46 64 53
split_gain=305.216 1403.53 1522.68 719.958 701.242 398.255 370.73 411.746 327.525 288.809 219.604 210.428 184.98 180.339
threshold=0.97434210526315801 1.5000000000000002 -1.1500000000000006 0.40000000000000135 -0.31458333333333316 19.650000000000002 1.0000000180025095e-35 -0.34374999999999906 1.0004072257960555 2.0500000000000016 -0.2854166666666666 1.1999999999999997 -0.077083333333333323 0.98750000000000016
decision_type=2 2 2 2 2 2 2 2 2 2 2 2 2 2
left_child=-1 4 3 8 5 10 -4 12 -3 -6 -2 13 -8 -12
right_child=1 2 6 -5 9 -7 7 -9 -10 -11 11 -13 -14 -15
leaf_value=-1.6392318606410844e-09 -1.3047900537987233e-06 -7.5741187551897575e-12 4.4300027063455511e-07 5.3500634328072948e-07 -1.2599823997289339e-06 -1.9469564670995841e-09 -1.1560329398142235e-06 -3.0103917263393191e-05 1.5924063543593622e-08 4.0047215675503601e-08 -7.9848322506585651e-09 -2.0309046800047614e-05 4.5719013830709042e-08 1.0248622174776472e-10
leaf_weight=117571.96261252952 111.8623903170228 3979.1646740755532 945.05478028138168 285.59326590225101 474.80214750766754 172.20843305066228 135.6209853105247 350.75957025866956 269.38159496337175 112.13233368843794 203.45264193415642 68.986699856817722 342.46586644113995 1853.7735996507108
leaf_count=415548 412 16071 2861 1219 1275 701 649 1050 1055 388 718 138 1405 5958
internal_value=-0.000500597 -0.00659902 -0.015961 -0.0267002 0.013092 0.0214366 0.0114847 -0.0055812 -0.0303227 -0.0209609 0.0254009 0.0279263 0.0154479 0.0299705
internal_weight=126877 9305.26 6308.04 4534.14 2997.22 2410.28 1773.9 828.846 4248.55 586.934 2238.08 2126.21 478.087 2057.23
internal_count=449448 33900 24310 18345 9590 7927 5965 3104 17126 1663 7226 6814 2054 6676
is_linear=0
shrinkage=0.035


Tree=63
num_leaves=15
num_cat=0
split_feature=53 2 62 40 62 36 21 62 11 40 64 46 64 53
split_gain=318.181 1423.29 1465.49 719.958 701.242 398.255 337.848 409.654 327.525 288.809 219.604 210.428 184.98 180.339
threshold=0.97434210526315801 1.5000000000000002 -1.1500000000000006 0.40000000000000135 -0.31458333333333316 19.650000000000002 1.0000000180025095e-35 -0.34374999999999906 1.0004072257960555 2.0500000000000016 -0.2854166666666666 1.1999999999999997 -0.077083333333333323 0.98750000000000016
decision_type=2 2 2 2 2 2 2 2 2 2 2 2 2 2
left_child=-1 4 3 8 5 10 -4 12 -3 -6 -2 13 -8 -12
right_child=1 2 6 -5 9 -7 7 -9 -10 -11 11 -13 -14 -15
leaf_value=-1.5818587455186462e-09 -1.259122401915768e-06 -7.3090245987581153e-12 4.2749526116234561e-07 5.1628112126590392e-07 -1.2158830157384213e-06 -1.8788129907510985e-09 -1.1155717869207258e-06 -2.9050280159174429e-05 1.5366721319567847e-08 3.8645563126860975e-08 -7.705363121885515e-09 -1.9598230162045948e-05 4.4118848346634229e-08 9.8899203986592961e-11
leaf_weight=117571.96261252952 111.8623903170228 3979.1646740755532 945.05478028138168 285.59326590225101 474.80214750766754 172.20843305066228 135.6209853105247 350.75957025866956 269.38159496337175 112.13233368843794 203.45264193415642 68.986699856817722 342.46586644113995 1853.7735996507108
leaf_count=415548 412 16071 2861 1219 1275 701 649 1050 1055 388 718 138 1405 5958
internal_value=-0.000510753 -0.00673735 -0.0161649 -0.0267002 0.013092 0.0214366 0.0107624 -0.00552717 -0.0303227 -0.0209609 0.0254009 0.0279263 0.0154479 0.0299705
internal_weight=126877 9305.26 6308.04 4534.14 2997.22 2410.28 1773.9 828.846 4248.55 586.934 2238.08 2126.21 478.087 2057.23
internal_count=449448 33900 24310 18345 9590 7927 5965 3104 17126 1663 7226 6814 2054 6676
is_linear=0
shrinkage=0.035


Tree=64
num_leaves=15
num_cat=0
split_feature=53 2 62 40 62 36 21 62 11 40 64 46 64 53
split_gain=316.323 1429.22 1465.49 719.958 703.739 399.441 337.848 409.654 327.525 288.809 205.96 210.428 184.98 180.339
threshold=0.97434210526315801 1.5000000000000002 -1.1500000000000006 0.40000000000000135 -0.31458333333333316 19.650000000000002 1.0000000180025095e-35 -0.34374999999999906 1.0004072257960555 2.0500000000000016 -0.2854166666666666 1.1999999999999997 -0.077083333333333323 0.98750000000000016
decision_type=2 2 2 2 2 2 2 2 2 2 2 2 2 2
left_child=-1 4 3 8 5 10 -4 12 -3 -6 -2 13 -8 -12
right_child=1 2 6 -5 9 -7 7 -9 -10 -11 11 -13 -14 -15
leaf_value=-1.5264936894254938e-09 -1.2150531178487161e-06 -7.0532087378015813e-12 4.1253292702166353e-07 4.9821128202159733e-07 -1.1733271101875764e-06 -1.8130545360748101e-09 -1.0765267743785004e-06 -2.8033520353603323e-05 1.4828886073382972e-08 3.7292968417420846e-08 -7.4356754126195215e-09 -1.8912292106374341e-05 4.2574688654502036e-08 9.5437731847062193e-11
leaf_weight=117571.96261252952 111.8623903170228 3979.1646740755532 945.05478028138168 285.59326590225101 474.80214750766754 172.20843305066228 135.6209853105247 350.75957025866956 269.38159496337175 112.13233368843794 203.45264193415642 68.986699856817722 342.46586644113995 1853.7735996507108
leaf_count=415548 412 16071 2861 1219 1275 701 649 1050 1055 388 718 138 1405 5958
internal_value=-0.00050931 -0.00671769 -0.0161649 -0.0267002 0.0131529 0.0215123 0.0107624 -0.00552717 -0.0303227 -0.0209609 0.0254824 0.0279263 0.0154479 0.0299705
internal_weight=126877 9305.26 6308.04 4534.14 2997.22 2410.28 1773.9 828.846 4248.55 586.934 2238.08 2126.21 478.087 2057.23
internal_count=449448 33900 24310 18345 9590 7927 5965 3104 17126 1663 7226 6814 2054 6676
is_linear=0
shrinkage=0.035


Tree=65
num_leaves=15
num_cat=0
split_feature=53 2 40 62 62 36 11 40 64 46 53 13 61 1
split_gain=440.505 1607.83 1066.54 739.117 703.739 399.441 321.113 288.809 205.96 210.428 180.339 171.113 153.876 150.771
threshold=0.97434210526315801 1.5000000000000002 0.30000000000000138 -1.1500000000000006 -0.31458333333333316 19.650000000000002 1.0004072257960555 2.0500000000000016 -0.2854166666666666 1.1999999999999997 0.98750000000000016 0.9868611173648858 8.0520833333333357 1.5000000000000002
decision_type=2 2 2 2 2 2 2 2 2 2 2 2 2 2
left_child=11 4 3 6 5 8 13 -6 -2 10 -10 -1 -5 -3
right_child=1 2 -4 12 7 -7 -8 -9 9 -11 -12 -13 -14 -15
leaf_value=-0.00010634413460515714 -1.1725262587240111e-06 1.6174148698560413e-07 4.8077388715084138e-07 -1.3596146982484355e-08 -1.1322606613310112e-06 -1.7495976273121916e-09 1.4309875060814569e-08 3.5987714522811114e-08 -7.1754267731778374e-09 -1.8250361882651239e-05 9.2097411232415013e-11 5.5395325311811848e-07 3.7573716650451302e-08 -6.8063464319785257e-12
leaf_weight=22164.607766524656 111.8623903170228 73.217346709221601 575.00481931795366 964.10222445242107 474.80214750766754 172.20843305066228 269.09718386083841 112.13233368843794 203.45264193415642 68.986699856817722 1853.7735996507108 95407.354846004862 543.66000915993936 3882.9591537325177
leaf_count=88075 412 524 2441 2518 1275 701 1054 388 718 138 5958 327473 2306 15467
internal_value=-0.000597888 -0.00792426 -0.0179439 -0.0225071 0.0131529 0.0215123 -0.0299989 -0.0209609 0.0254824 0.0279263 0.0299705 -1.74162e-05 -0.00145324 -0.0325107
internal_weight=126877 9305.26 6308.04 5733.04 2997.22 2410.28 4225.27 586.934 2238.08 2126.21 2057.23 117572 1507.76 3956.18
internal_count=449448 33900 24310 21869 9590 7927 17045 1663 7226 6814 6676 415548 4824 15991
is_linear=0
shrinkage=0.035


Tree=66
num_leaves=15
num_cat=0
split_feature=13 57 59 57 46 14 57 36 46 62 57 57 60 1
split_gain=167.004 151.372 151.389 289.275 211.417 193.638 114.55 112.952 234.452 97.7155 229.945 302.892 218.537 697.807
threshold=0.9868611173648858 1.2989134797818134 0.8140385552266387 0.016741381171786123 0.30000000000000021 1.1694833628063137 0.01189937498537018 28.750000000000004 2.5499999999999998 0.78333333333333421 1.2953102889197674 0.16342589704537608 -0.63872576220844934 18.500000000000004
decision_type=2 2 2 2 2 2 2 2 2 2 2 2 2 2
left_child=1 2 3 -1 5 -5 -4 9 -9 12 11 -11 13 -2
right_child=7 -3 6 4 -6 -7 -8 8 -10 10 -12 -13 -14 -15
leaf_value=4.4667875555406617e-05 5.2626129585213212e-15 -0.0010487371106305775 -4.4675321909370133e-05 -0.00016360403181617264 0.00076976792713180934 -0.0013487431024707061 0.00051098587573010761 0.0024680769173387501 -0.0040248008186021646 -2.8165391013193417e-05 7.6354269589805728e-05 0.0011098857623830596 5.2626129585213212e-15 -0.0012827288697343031
leaf_weight=1293.2883866012562 18674.478922057664 10008.594504913548 421.33064949512482 4901.796438321704 1502.5469175132457 1219.0937218468171 2817.9571478329599 332.12741282209754 746.85744670033455 1079.0436034002341 26429.150763244135 9582.1371468992438 43324.23782117106 4544.5807129484601
leaf_count=3937 72487 41101 1765 17865 5383 4775 13249 1491 3116 3585 95449 31176 136576 17493
internal_value=9.64916e-05 -0.00266281 -3.75303e-05 -0.00239206 -0.00499152 -0.00787763 0.00643116 0.000680754 -0.0105328 0.000798509 0.00223778 0.00657416 -3.93486e-06 -0.00274307
internal_weight=126877 22164.6 12156 8916.73 7623.44 6120.89 3239.29 104713 1078.98 103634 37090.3 10661.2 66543.3 23219.1
internal_count=449448 88075 46974 31960 28023 22640 15014 361373 4607 356766 130210 34761 226556 89980
is_linear=0
shrinkage=0.035


Tree=67
num_leaves=15
num_cat=0
split_feature=13 57 59 59 1 57 1 28 28 61 53 62 53 17
split_gain=162.412 141.487 178.007 112.302 351.529 257.434 127.649 197.157 122.316 110.996 656.047 786.169 513.19 798.841
threshold=0.9868611173648858 0.025513901728264912 0.63209755774300602 0.38962684145003695 17.500000000000004 1.2731570032891582 7.5000000000000009 44.500000000000007 50.500000000000007 12.631250000000001 0.94281045751633996 -1.6333333333333344 0.97140522875817004 1.0000000180025095e-35
decision_type=2 2 2 2 2 2 2 2 2 2 2 2 2 2
left_child=1 2 -1 4 6 8 -3 -8 -5 10 -2 -12 -11 -14
right_child=9 3 -4 5 -6 -7 7 -9 -10 12 11 -13 13 -15
leaf_value=5.0949689597367155e-05 3.2721720762485649e-06 -0.0002102729808137066 -3.623909840678648e-05 0.00044210616773202163 -0.0012147546688423077 -0.0010954556471576198 -0.0007183612598416593 0.0015320155406069408 -0.00028170732756156546 7.7867967449628731e-07 5.0784215049730753e-15 5.0784215049730753e-15 -6.5683084983128252e-12 8.8873817647826943e-11
leaf_weight=1206.134916580515 49210.317227475811 1745.0927160517313 697.03020944073796 3838.1794770313427 3703.0416291276924 5396.4759389031678 2096.0496881380677 2385.1459576250054 1097.4572336263955 45058.679200123996 2685.2592284856364 3063.1685348723549 3195.5027583413757 1499.6868799440563
leaf_count=3739 142495 5492 3112 17657 12059 25695 5245 10075 5001 181086 8889 9332 13783 5788
internal_value=0.000105236 -0.00261586 0.00648553 -0.00347354 -0.00612967 -0.000917499 -0.00104492 0.00208464 0.00485422 0.000681409 0.00176549 0.0129432 -0.000516195 -0.0115152
internal_weight=126877 22164.6 1903.17 20261.4 9929.33 10332.1 6226.29 4481.2 4935.64 104713 54958.7 5748.43 49753.9 4695.19
internal_count=449448 88075 6851 81224 32871 48353 20812 15320 22658 361373 160716 18221 200657 19571
is_linear=0
shrinkage=0.035


Tree=68
num_leaves=15
num_cat=0
split_feature=13 57 36 57 59 60 46 61 53 62 53 17 36 40
split_gain=148.768 144.394 130.71 152.446 152.826 139.772 180.272 124.561 658.626 786.169 529.097 785.801 411.428 341.537
threshold=0.9871299501393469 1.3162610204341461 18.650000000000002 0.033196781893504078 0.63209755774300602 -0.92260537345622995 0.30000000000000021 12.631250000000001 0.94281045751633996 -1.6333333333333344 0.9587542087542088 1.0000000180025095e-35 18.750000000000004 0.50000000000000144
decision_type=2 2 2 2 2 2 2 2 2 2 2 2 2 2
left_child=1 2 3 4 -1 6 -5 8 -2 -10 -9 -12 -13 -11
right_child=7 -3 -4 5 -6 -7 -8 10 9 13 11 12 -14 -15
leaf_value=4.8177931623027552e-05 3.7159383875488463e-06 -0.001027530377610591 0.00037961478473000663 -0.0012063279445688063 -3.7863417498934519e-05 -5.5260715403618815e-05 0.0014261266125649705 1.00937422189401e-06 4.9006767522990172e-15 -3.3816296555487655e-09 -6.3384177008718761e-12 8.5763234030152997e-11 -1.6914724781653926e-09 4.8331553866526744e-07
leaf_weight=1291.0275164928753 49021.299776725937 9835.720653432887 2426.9736106917262 1464.230967134703 555.4868475086987 6639.3302465928718 388.32276444672607 44715.268594476162 2685.2592284856364 2453.6933355983347 3255.7628749781288 1168.3203685246408 367.04961140453815 609.47519927402027
leaf_count=4008 141937 40734 10693 5999 2561 24239 1381 179669 8889 7247 14044 4473 1489 2085
internal_value=3.78666e-05 -0.00253578 -7.93759e-05 -0.00179665 0.0072922 -0.00377922 -0.0122525 0.000595876 0.00174581 0.0129432 -0.000676411 -0.0117177 0.00888386 0.000809769
internal_weight=126877 22601.1 12765.4 10338.4 1846.51 8491.88 1852.55 104276 54769.7 5748.43 49506.4 4791.13 1535.37 3063.17
internal_count=449448 89615 48881 38188 6569 31619 7380 359833 160158 18221 199675 20006 5962 9332
is_linear=0
shrinkage=0.035


Tree=69
num_leaves=15
num_cat=0
split_feature=13 61 53 62 49 17 36 60 1 28 11 62 36 11
split_gain=142.773 142.332 791.78 752.62 540.079 640.904 390.475 356.999 319.865 1374.97 317.001 336.474 298.145 262.124
threshold=0.9871299501393469 12.631250000000001 0.94281045751633996 -1.2458333333333322 0.55277777777777792 1.0000000180025095e-35 18.750000000000004 -0.90146829171281539 17.500000000000004 56.500000000000007 1.0004072257960555 -1.1250000000000007 26.150000000000002 1.0098822440397444
decision_type=2 2 2 2 2 2 2 2 2 2 2 2 2 2
left_child=-1 2 -2 -4 8 10 -7 -5 12 -10 11 -6 -3 -12
right_child=1 4 3 7 5 6 -8 -9 9 -11 13 -13 -14 -15
leaf_value=-8.607640196555262e-05 3.5858805439846365e-06 -6.5522096093597376e-06 4.7291530659685518e-15 3.2863752166431991e-07 -6.1165730813413603e-12 8.2761520839097641e-11 -1.2384744214513358e-08 -1.30019251620894e-08 0.0015436504070493039 -0.0013732406288377204 9.5792802603973974e-09 3.6259088118911034e-08 -0.0023601997366946028 -8.0565499311075112e-07
leaf_weight=22601.092606300488 49021.299776725937 30014.042560362257 3168.4690239233896 625.16877728071995 2408.9089235768188 1470.1714791879058 473.52562271058559 1954.7899621538818 7814.4044696241617 3439.6072908700444 759.44117369595915 320.15012574871071 2069.3918994143605 736.75790419266559
leaf_count=89615 141937 116715 10582 2418 10697 6309 2198 5221 31304 13914 3726 1415 8860 4537
internal_value=4.90326e-05 0.000595683 0.00182492 0.0141022 -0.000764331 -0.0104448 0.00616671 5.74334e-05 0.000615749 0.00568999 -0.018083 -0.0251624 -0.00116538 -0.00508879
internal_weight=126877 104276 54769.7 5748.43 49506.4 6168.96 1943.7 2579.96 43337.4 11254 4225.26 2729.06 32083.4 1496.2
internal_count=449448 359833 160158 18221 199675 28882 8507 7639 170793 45218 20375 12112 125575 8263
is_linear=0
shrinkage=0.035


Tree=70
num_leaves=15
num_cat=0
split_feature=57 36 46 46 60 57 6 59 59 57 53 53 46 61
split_gain=136.999 120.703 446.508 119.694 385.358 426.767 409.208 438.165 280.29 271.79 255.234 213.992 306.691 301.361
threshold=2.2172500651780487 27.850000000000005 2.5499999999999998 -2.8499999999999988 -0.63872576220844934 0.057082574837178227 3.9327992798645268 0.081675638985454754 -0.19244979981841018 1.4442743540005756 0.94519519519519524 0.98750000000000016 0.84999999999999976 12.158333333333335
decision_type=2 2 2 2 2 2 2 2 2 2 2 2 2 2
left_child=1 3 -3 4 5 -1 8 -8 10 -7 -6 -5 13 -13
right_child=-2 2 -4 11 6 9 7 -9 -10 -11 -12 12 -14 -15
leaf_value=4.5636327086596526e-15 -0.0014051556467322153 0.0028687216126708761 -0.0035682021587737276 3.4603747249451741e-06 -6.3405896522578172e-07 -0.0010117361896411934 -0.00027465221129469741 0.00048630108411300174 -5.9024930234944133e-12 0.0037049900424285958 8.8873302859030626e-11 8.8873302859030626e-11 -2.4295007756410318e-05 -5.9024930234944133e-12
leaf_weight=3734.4559526965022 3683.8477336543147 605.39945900440216 1218.9803583957255 88354.588500435697 509.88876563310623 4987.1937794906553 2556.3202069848776 8013.4824756765738 7735.1927924305201 426.12453279644251 456.23783321678638 3279.4202000361402 242.21518126875162 1073.8738240473904
leaf_count=16084 13623 2814 5220 303688 1100 18960 5450 29892 35349 1449 948 9469 562 4840
internal_value=4.88049e-05 0.000247928 -0.00866309 0.000382578 -0.00160485 -0.00751619 0.00120363 0.00582863 -0.00441477 -0.0137861 0.0132697 0.000990329 0.00834558 0.0104986
internal_weight=126877 123193 1824.38 121369 28418.9 9147.77 19271.1 10569.8 8701.32 5413.32 966.127 92950.1 4595.51 4353.29
internal_count=449448 435825 8034 427791 109232 36493 72739 35342 37397 20409 2048 318559 14871 14309
is_linear=0
shrinkage=0.035


Tree=71
num_leaves=15
num_cat=0
split_feature=49 2 40 62 53 36 60 40 64 46 27 40 36 57
split_gain=250.651 878.071 744.031 497.477 515.297 433.109 286.185 248.734 219.84 236.06 218.601 194.888 208.538 628.935
threshold=0.55277777777777792 1.5000000000000002 0.30000000000000138 -0.31458333333333316 0.98750000000000016 19.650000000000002 -0.94128245028753155 2.0500000000000016 -0.2854166666666666 1.1999999999999997 38.500000000000007 0.4500000000000009 16.750000000000004 1.2603328884191665
decision_type=2 2 2 2 2 2 2 2 2 2 2 2 2 2
left_child=11 3 6 4 -2 8 10 -5 -6 -10 -3 12 -1 -14
right_child=1 2 -4 7 5 -7 -8 -9 9 -11 -12 -13 13 -15
leaf_value=-1.1617864737065197e-05 -3.0028937714041879e-08 1.083718788396345e-10 4.6315107790232821e-07 -1.092061224693345e-06 -1.1309982830119629e-06 -1.1985983066658139e-09 -5.6959057676721084e-12 1.8264057114365223e-08 8.5762737258964549e-11 -1.6760700521227403e-05 -5.6959057676721084e-12 -0.00018838088293060391 0.00049295805684970685 -0.00016001868349631193
leaf_weight=70013.216369978152 1228.4283916428685 481.86218069517054 795.84919460723177 657.76933135837317 102.27719030529261 165.18324415758252 6621.6739988196641 137.14238929748535 1853.7735996507108 68.309099830687046 765.7887450219132 13274.685234246543 11386.627934444696 19324.634691711515
leaf_count=219572 5465 2053 3839 2156 379 680 27681 520 5958 136 3336 50910 46750 80013
internal_value=-0.000538205 -0.00516468 -0.0115329 0.00792991 0.0137284 0.0238711 -0.0147981 -0.0168633 0.0283345 0.0310035 0.000575794 -1.51618e-05 0.000510323 0.00291438
internal_weight=126877 12878.1 8665.17 4212.88 3417.97 2189.54 7869.32 794.912 2024.36 1922.08 1247.65 113999 100724 30711.3
internal_count=449448 52203 36909 15294 12618 7153 33070 2676 6473 6094 5389 397245 346335 126763
is_linear=0
shrinkage=0.035


Tree=72
num_leaves=15
num_cat=0
split_feature=49 2 40 62 53 36 62 11 40 64 46 60 11 11
split_gain=312.897 964.793 778.783 497.917 513.921 433.109 318.568 443.743 248.734 219.84 236.06 187.717 185.749 174.049
threshold=0.55277777777777792 1.5000000000000002 0.30000000000000138 -0.31458333333333316 0.98750000000000016 19.650000000000002 -1.6333333333333344 1.0002366391180051 2.0500000000000016 -0.2854166666666666 1.1999999999999997 -0.94695267581281539 1.0098822440397444 1.044975438592026
decision_type=2 2 2 2 2 2 2 2 2 2 2 2 2 2
left_child=13 3 6 4 -2 9 7 -3 -5 -6 -11 -8 -9 -1
right_child=1 2 -4 8 5 -7 11 12 -10 10 -12 -13 -14 -15
leaf_value=-1.7084599421542497e-05 -2.8977924894050411e-08 -5.4965490658035848e-12 4.4694079017574669e-07 -1.0538390818290779e-06 -1.0914133431065443e-06 -1.1566473659325106e-09 2.4091436568719412e-09 9.244411395241179e-09 1.7624815115362441e-08 8.2761041454900786e-11 -1.6174076002984445e-05 -1.254976899031447e-08 -7.3572667078688543e-07 0.00012740283024721786
leaf_weight=99197.12612708658 1228.4283916428685 3530.5533419963904 795.84919460723177 657.76933135837317 102.27719030529261 165.18324415758252 497.52604467538185 932.97170229349285 137.14238929748535 1853.7735996507108 68.309099830687046 2202.0033164527267 706.27051911875606 14802.038103294326
leaf_count=334445 5465 14188 3839 2156 379 680 2152 4153 520 5958 136 8609 3968 62800
internal_value=-0.000616486 -0.00578561 -0.0124607 0.00794093 0.013742 0.0238711 -0.0158008 -0.0208838 -0.0168633 0.0283345 0.0310035 -0.00602547 -0.0057884 -3.20934e-05
internal_weight=126877 12878.1 8665.17 4212.88 3417.97 2189.54 7869.32 5169.8 794.912 2024.36 1922.08 2699.53 1639.24 113999
internal_count=449448 52203 36909 15294 12618 7153 33070 22309 2676 6473 6094 10761 8121 397245
is_linear=0
shrinkage=0.035


Tree=73
num_leaves=15
num_cat=0
split_feature=49 2 40 62 53 36 62 11 40 64 46 11 40 64
split_gain=277.466 919.998 752.813 497.388 513.365 433.109 390.608 443.743 248.48 219.84 236.06 185.749 172.902 181.757
threshold=0.55277777777777792 1.5000000000000002 0.30000000000000138 -0.31458333333333316 0.98750000000000016 19.650000000000002 -1.6333333333333344 1.0002366391180051 2.0500000000000016 -0.2854166666666666 1.1999999999999997 1.0098822440397444 0.4500000000000009 -0.29999999999999993
decision_type=2 2 2 2 2 2 2 2 2 2 2 2 2 2
left_child=12 3 6 4 -2 9 7 -3 -5 -6 -11 -9 13 -1
right_child=1 2 -4 8 5 -7 -8 11 -10 10 -12 -13 -14 -15
leaf_value=0.00064959865846786089 -2.7963697522758646e-08 -5.3041698485004592e-12 4.3129786251959556e-07 -1.0169547139650603e-06 -1.0532138760978152e-06 -1.1161647081248726e-09 -6.0032574474622283e-09 8.9208569964077366e-09 1.7007946586324754e-08 7.9864405003979268e-11 -1.5607983342879988e-05 -7.0997623730934444e-07 -0.00018172040570011013 5.5188906381183635e-06
leaf_weight=3023.053525660187 1228.4283916428685 3530.5533419963904 795.84919460723177 657.76933135837317 102.27719030529261 165.18324415758252 2699.5293611281086 932.97170229349285 137.14238929748535 1853.7735996507108 68.309099830687046 706.27051911875606 13274.685234246543 97701.425470474176
leaf_count=14232 5465 14188 3839 2156 379 680 10761 4153 520 5958 136 3968 50910 332103
internal_value=-0.000586615 -0.00545429 -0.0119727 0.00794952 0.0137475 0.0238711 -0.0152568 -0.0208838 -0.0168416 0.0283345 0.0310035 -0.0057884 -3.63019e-05 0.000458656
internal_weight=126877 12878.1 8665.17 4212.88 3417.97 2189.54 7869.32 5169.8 794.912 2024.36 1922.08 1639.24 113999 100724
internal_count=449448 52203 36909 15294 12618 7153 33070 22309 2676 6473 6094 8121 397245 346335
is_linear=0
shrinkage=0.035


Tree=74
num_leaves=15
num_cat=0
split_feature=49 2 40 62 53 62 11 36 60 40 64 46 11 11
split_gain=243.427 872.655 724.308 497.388 513.365 475.744 443.743 433.109 317.964 248.48 219.84 236.06 185.749 160.171
threshold=0.55277777777777792 1.5000000000000002 0.30000000000000138 -0.31458333333333316 0.98750000000000016 -1.6333333333333344 1.0002366391180051 19.650000000000002 -0.94695267581281539 2.0500000000000016 -0.2854166666666666 1.1999999999999997 1.0098822440397444 1.044975438592026
decision_type=2 2 2 2 2 2 2 2 2 2 2 2 2 2
left_child=13 3 5 4 -2 6 -3 10 -7 -5 -6 -12 -8 -1
right_child=1 2 -4 9 7 8 12 -9 -10 -11 11 -13 -14 -15
leaf_value=-1.6540712999374478e-05 -2.6984968109462094e-08 -5.1185239038029428e-12 4.1620243733140972e-07 -9.8136129897628302e-07 -1.0163513904343915e-06 2.5349376395426011e-09 8.6086270015334652e-09 -1.0770989433405023e-09 -1.1900413064992284e-08 1.6412668455803387e-08 7.7069150828839988e-11 -1.5061703925879189e-05 -6.8512706900351736e-07 0.00012192452971096701
leaf_weight=99197.12612708658 1228.4283916428685 3530.5533419963904 795.84919460723177 657.76933135837317 102.27719030529261 497.52604467538185 932.97170229349285 165.18324415758252 2202.0033164527267 137.14238929748535 1853.7735996507108 68.309099830687046 706.27051911875606 14802.038103294326
leaf_count=334445 5465 14188 3839 2156 379 2152 4153 680 8609 520 5958 136 3968 62800
internal_value=-0.000545227 -0.00510456 -0.0114531 0.00794952 0.0137475 -0.0146747 -0.0208838 0.0238711 -0.00275069 -0.0168416 0.0283345 0.0310035 -0.0057884 -2.97747e-05
internal_weight=126877 12878.1 8665.17 4212.88 3417.97 7869.32 5169.8 2189.54 2699.53 794.912 2024.36 1922.08 1639.24 113999
internal_count=449448 52203 36909 15294 12618 33070 22309 7153 10761 2676 6473 6094 8121 397245
is_linear=0
shrinkage=0.035


Tree=75
num_leaves=15
num_cat=0
split_feature=49 2 40 62 53 62 11 36 60 40 64 46 11 40
split_gain=244.93 875.375 710.825 497.388 513.365 475.744 443.743 433.109 317.964 248.48 219.84 236.06 185.749 153.102
threshold=0.55277777777777792 1.5000000000000002 0.30000000000000138 -0.31458333333333316 0.98750000000000016 -1.6333333333333344 1.0002366391180051 19.650000000000002 -0.94695267581281539 2.0500000000000016 -0.2854166666666666 1.1999999999999997 1.0098822440397444 0.30000000000000043
decision_type=2 2 2 2 2 2 2 2 2 2 2 2 2 2
left_child=13 3 5 4 -2 6 -3 10 -7 -5 -6 -12 -8 -1
right_child=1 2 -4 9 7 8 12 -9 -10 -11 11 -13 -14 -15
leaf_value=1.4507629950855626e-05 -2.6040494225630921e-08 -4.9393755671698406e-12 4.0163535202481035e-07 -9.4701365351211323e-07 -9.8077909176918793e-07 2.4462148221586101e-09 8.3073250564797952e-09 -1.0394004803235846e-09 -1.1483898607717555e-08 1.5838225059850268e-08 7.4371730549830586e-11 -1.4534544288473416e-05 -6.6114762158839426e-07 -0.00014250660906705759
leaf_weight=97778.188722606748 1228.4283916428685 3530.5533419963904 795.84919460723177 657.76933135837317 102.27719030529261 497.52604467538185 932.97170229349285 165.18324415758252 2202.0033164527267 137.14238929748535 1853.7735996507108 68.309099830687046 706.27051911875606 16220.975507774157
leaf_count=334796 5465 14188 3839 2156 379 2152 4153 680 8609 520 5958 136 3968 62449
internal_value=-0.000551521 -0.0051249 -0.0114833 0.00794952 0.0137475 -0.0146747 -0.0208838 0.0238711 -0.00275069 -0.0168416 0.0283345 0.0310035 -0.0057884 -3.44796e-05
internal_weight=126877 12878.1 8665.17 4212.88 3417.97 7869.32 5169.8 2189.54 2699.53 794.912 2024.36 1922.08 1639.24 113999
internal_count=449448 52203 36909 15294 12618 33070 22309 7153 10761 2676 6473 6094 8121 397245
is_linear=0
shrinkage=0.035


Tree=76
num_leaves=15
num_cat=0
split_feature=49 2 40 62 53 36 62 11 40 64 46 11 60 11
split_gain=281.294 924.617 733.458 496.137 513.365 433.109 390.608 443.743 248.031 219.84 236.06 185.749 158.269 149.211
threshold=0.55277777777777792 1.5000000000000002 0.30000000000000138 -0.31458333333333316 0.98750000000000016 19.650000000000002 -1.6333333333333344 1.0002366391180051 2.0500000000000016 -0.2854166666666666 1.1999999999999997 1.0098822440397444 -0.94695267581281539 1.044975438592026
decision_type=2 2 2 2 2 2 2 2 2 2 2 2 2 2
left_child=13 3 6 4 -2 9 7 -3 -5 -6 -11 -9 -8 -1
right_child=1 2 -4 8 5 -7 12 11 -10 10 -12 -13 -14 -15
leaf_value=-1.585023458776967e-05 -2.5129076927733837e-08 -4.7664974223188961e-12 3.8757811470394205e-07 -9.1386817563918929e-07 -9.4645182355726637e-07 -1.0030214635122591e-09 2.3605973033830585e-09 8.0165686795030018e-09 1.5283887182755511e-08 7.176871998058651e-11 -1.4025835238376848e-05 -6.3800745483280047e-07 -1.1081962156447441e-08 0.00011806996697022938
leaf_weight=99197.12612708658 1228.4283916428685 3530.5533419963904 795.84919460723177 657.76933135837317 102.27719030529261 165.18324415758252 497.52604467538185 932.97170229349285 137.14238929748535 1853.7735996507108 68.309099830687046 706.27051911875606 2202.0033164527267 14802.038103294326
leaf_count=334445 5465 14188 3839 2156 379 680 2152 4153 520 5958 136 3968 8609 62800
internal_value=-0.000579449 -0.00548059 -0.0120153 0.00795685 0.0137475 0.0238711 -0.0152568 -0.0208838 -0.0168031 0.0283345 0.0310035 -0.0057884 -0.00444354 -2.53543e-05
internal_weight=126877 12878.1 8665.17 4212.88 3417.97 2189.54 7869.32 5169.8 794.912 2024.36 1922.08 1639.24 2699.53 113999
internal_count=449448 52203 36909 15294 12618 7153 33070 22309 2676 6473 6094 8121 10761 397245
is_linear=0
shrinkage=0.035


Tree=77
num_leaves=15
num_cat=0
split_feature=49 2 40 62 53 36 62 11 40 64 46 11 60 40
split_gain=330.975 990.327 761.516 496.137 513.365 433.109 294.728 448.955 248.031 219.84 236.06 185.801 146.508 140.721
threshold=0.55277777777777792 1.5000000000000002 0.30000000000000138 -0.31458333333333316 0.98750000000000016 19.650000000000002 -1.5520833333333337 1.0002366391180051 2.0500000000000016 -0.2854166666666666 1.1999999999999997 1.0098822440397444 -0.8140159405215136 0.4500000000000009
decision_type=2 2 2 2 2 2 2 2 2 2 2 2 2 2
left_child=13 3 6 4 -2 9 7 -3 -5 -6 -11 -9 -13 -1
right_child=1 2 -4 8 5 -7 -8 11 -10 10 -12 12 -14 -15
leaf_value=1.2344090512811707e-05 -2.4249559235263153e-08 -4.5996700125377348e-12 3.7401288068930405e-07 -8.8188278949181762e-07 -9.1332600973276197e-07 -9.6791571228933011e-10 -7.5233102773956307e-09 7.7359887757203965e-09 1.4748951131359067e-08 6.9256814781265973e-11 -1.3534931005033657e-05 8.3904237103284645e-07 -6.7171861078701444e-07 -0.00017044934933590683
leaf_weight=100724.47899613436 1228.4283916428685 3603.0341854100116 795.84919460723177 657.76933135837317 102.27719030529261 165.18324415758252 2584.2798400775064 955.63510637078434 137.14238929748535 1853.7735996507108 68.309099830687046 134.32425168901682 592.05154098942876 13274.685234246543
leaf_count=346335 5465 14457 3839 2156 379 680 10272 4243 520 5958 136 805 3293 50910
internal_value=-0.000633913 -0.00595027 -0.0127131 0.00795685 0.0137475 0.0238711 -0.0160157 -0.0207473 -0.0168031 0.0283345 0.0310035 -0.00577167 -0.0189898 -3.28752e-05
internal_weight=126877 12878.1 8665.17 4212.88 3417.97 2189.54 7869.32 5285.05 794.912 2024.36 1922.08 1682.01 726.376 113999
internal_count=449448 52203 36909 15294 12618 7153 33070 22798 2676 6473 6094 8341 4098 397245
is_linear=0
shrinkage=0.035


Tree=78
num_leaves=15
num_cat=0
split_feature=49 2 40 62 11 62 53 36 60 64 46 40 11 60
split_gain=257.591 977.622 672.837 424.43 448.955 400.456 511.173 433.109 268.243 219.84 236.06 212.867 185.801 146.508
threshold=0.55277777777777792 1.5000000000000002 0.30000000000000138 -1.5520833333333337 1.0002366391180051 -0.31458333333333316 0.98750000000000016 19.650000000000002 -0.94695267581281539 -0.2854166666666666 1.1999999999999997 2.0500000000000016 1.0098822440397444 -0.8140159405215136
decision_type=2 2 2 2 2 2 2 2 2 2 2 2 2 2
left_child=-1 5 3 4 -3 6 -2 9 -5 -8 -11 -7 -6 -14
right_child=1 2 -4 8 12 11 7 -9 -10 10 -12 -13 13 -15
leaf_value=-7.8489300890091011e-07 -2.3400824662028943e-08 -4.4386815620989143e-12 3.6092242986517841e-07 2.8510782905827575e-08 7.4652291685701837e-09 -8.5101689185960403e-07 -8.8135959939211529e-07 -9.3403866235920352e-10 -1.0430777621262934e-08 6.6832826263921661e-11 -1.3061208419857479e-05 1.4232737841761499e-08 8.0967588804669676e-07 -6.4820845940946904e-07
leaf_weight=113999.16423038091 1228.4283916428685 3603.0341854100116 795.84919460723177 435.43445293721743 955.63510637078434 657.76933135837317 102.27719030529261 165.18324415758252 2148.8453871402889 1853.7735996507108 68.309099830687046 137.14238929748535 134.32425168901682 592.05154098942876
leaf_count=397245 5465 14457 3839 1912 4243 2156 379 680 8360 5958 136 520 805 3293
internal_value=-0.000557659 -0.00524775 -0.0119674 -0.0150717 -0.0207473 0.00856893 0.0137691 0.0238711 -0.00342947 0.0283345 0.0310035 -0.0136842 -0.00577167 -0.0189898
internal_weight=126877 12878.1 8665.17 7869.32 5285.05 4212.88 3417.97 2189.54 2584.28 2024.36 1922.08 794.912 1682.01 726.376
internal_count=449448 52203 36909 33070 22798 15294 12618 7153 10272 6473 6094 2676 8341 4098
is_linear=0
shrinkage=0.035


Tree=79
num_leaves=15
num_cat=0
split_feature=49 2 40 62 53 36 62 11 64 46 40 11 60 11
split_gain=313.12 1077.76 701.443 405.266 492.375 433.109 294.532 450.393 219.84 236.06 212.619 184.534 145.797 136.676
threshold=0.55277777777777792 1.5000000000000002 0.30000000000000138 -0.31458333333333316 0.98750000000000016 19.650000000000002 -1.5520833333333337 1.0002366391180051 -0.2854166666666666 1.1999999999999997 2.0500000000000016 1.0098822440397444 -0.8140159405215136 1.044975438592026
decision_type=2 2 2 2 2 2 2 2 2 2 2 2 2 2
left_child=13 3 6 4 -2 8 7 -3 -6 -10 -5 -9 -13 -1
right_child=1 2 -4 10 5 -7 -8 11 9 -11 -12 12 -14 -15
leaf_value=-1.4779130350408009e-05 -2.2581795798857929e-08 -4.2833277074254521e-12 3.4829014481989713e-07 -8.2123130064451786e-07 -8.5051201341339137e-07 -9.0134730917663135e-10 -6.8949172009425814e-09 7.2039461476702273e-09 6.4493677344684415e-11 -1.2604066125162468e-05 1.3734592017299846e-08 7.8133723196506243e-07 -6.2552116333013764e-07 0.000113756982789188
leaf_weight=99197.12612708658 1228.4283916428685 3603.0341854100116 795.84919460723177 657.76933135837317 102.27719030529261 165.18324415758252 2584.2798400775064 955.63510637078434 1853.7735996507108 68.309099830687046 137.14238929748535 134.32425168901682 592.05154098942876 14802.038103294326
leaf_count=334445 5465 14457 3839 2156 379 680 10272 4243 5958 136 520 805 3293 62800
internal_value=-0.000610742 -0.00578171 -0.0128369 0.00872572 0.0139569 0.0238711 -0.0160062 -0.0207362 0.0283345 0.0310035 -0.0136613 -0.00573692 -0.01891 -2.61421e-05
internal_weight=126877 12878.1 8665.17 4212.88 3417.97 2189.54 7869.32 5285.05 2024.36 1922.08 794.912 1682.01 726.376 113999
internal_count=449448 52203 36909 15294 12618 7153 33070 22798 6473 6094 2676 8341 4098 397245
is_linear=0
shrinkage=0.035


Tree=80
num_leaves=15
num_cat=0
split_feature=49 2 40 62 53 36 62 11 64 46 40 11 60 60
split_gain=338.629 1114.06 597.503 404.99 492.375 433.109 359.635 448.747 219.84 236.06 212.517 186.127 165.307 134.161
threshold=0.55277777777777792 1.5000000000000002 0.7000000000000014 -0.31458333333333316 0.98750000000000016 19.650000000000002 -1.1500000000000006 1.0001139594971284 -0.2854166666666666 1.1999999999999997 2.0500000000000016 1.0098822440397444 -0.8140159405215136 -0.94695267581281539
decision_type=2 2 2 2 2 2 2 2 2 2 2 2 2 2
left_child=-1 3 6 4 -2 8 7 -3 -6 -10 -5 -9 -13 -8
right_child=1 2 -4 10 5 -7 13 11 9 -11 -12 12 -14 -15
leaf_value=-8.7645781419898325e-07 -2.17914329458979e-08 -4.1334112376655611e-12 7.5115464220766898e-07 -7.9248820512195964e-07 -8.2074409294392261e-07 -8.6980015335544924e-10 5.6465251744898383e-08 6.9518080325017692e-09 6.2236398637620463e-11 -1.2162923810781782e-05 1.3253881296694352e-08 7.5399042884628524e-07 -6.6792937501208201e-07 -9.8243783024857412e-09
leaf_weight=113999.16423038091 1228.4283916428685 3946.293908165535 480.7391160344705 657.76933135837317 102.27719030529261 165.18324415758252 297.19401668081991 1186.7813398533035 1853.7735996507108 68.309099830687046 137.14238929748535 163.49473096663132 712.50092272460461 1878.1700847186148
leaf_count=397245 5465 15758 2509 2156 379 680 1411 5295 5958 136 520 1006 3960 6970
internal_value=-0.000644947 -0.00602242 -0.0131954 0.00872751 0.0139569 0.0238711 -0.0154294 -0.0198379 0.0283345 0.0310035 -0.0136519 -0.00656595 -0.0187061 -0.00321662
internal_weight=126877 12878.1 8665.17 4212.88 3417.97 2189.54 8184.44 6009.07 2024.36 1922.08 794.912 2062.78 875.996 2175.36
internal_count=449448 52203 36909 15294 12618 7153 34400 26019 6473 6094 2676 10261 4966 8381
is_linear=0
shrinkage=0.035


Tree=81
num_leaves=15
num_cat=0
split_feature=49 2 40 62 53 36 62 11 64 46 40 11 60 11
split_gain=374.742 1167.24 495.607 399.024 492.375 433.109 337.828 465.785 219.84 236.06 210.315 185.25 167.017 133.455
threshold=0.55277777777777792 1.5000000000000002 0.80000000000000127 -0.31458333333333316 0.98750000000000016 19.650000000000002 -1.1500000000000006 1.0001139594971284 -0.2854166666666666 1.1999999999999997 2.0500000000000016 1.0098822440397444 -0.8140159405215136 1.0061784460713457
decision_type=2 2 2 2 2 2 2 2 2 2 2 2 2 2
left_child=-1 3 6 4 -2 8 7 -3 -6 -10 -5 13 -13 -9
right_child=1 2 -4 10 5 -7 -8 11 9 -11 -12 12 -14 -15
leaf_value=-8.4578179070204073e-07 -2.1028732792791472e-08 -3.9887418443472663e-12 7.5328376552387975e-07 -7.6475111794269102e-07 -7.9201804969088532e-07 -8.3935714798800848e-10 -9.480525061898739e-09 -2.4765343935819458e-10 6.0058124685303744e-11 -1.1737221477404419e-05 1.2789995451310049e-08 7.276007638366652e-07 -6.4455184688665922e-07 5.6214314744152028e-07
leaf_weight=113999.16423038091 1228.4283916428685 3986.6090829537716 424.39087178907357 657.76933135837317 102.27719030529261 165.18324415758252 2179.1222458332777 1042.5523269926198 1853.7735996507108 68.309099830687046 137.14238929748535 165.19985597068444 712.50092272460461 154.79881287994795
leaf_count=397245 5465 15878 2299 2156 379 680 8431 4545 5958 136 520 1012 3960 784
internal_value=-0.000674866 -0.00633181 -0.013674 0.00876632 0.0139569 0.0238711 -0.0155796 -0.0198231 0.0283345 0.0310035 -0.0134483 -0.00633423 -0.0184523 0.00262798
internal_weight=126877 12878.1 8665.17 4212.88 3417.97 2189.54 8240.78 6061.66 2024.36 1922.08 794.912 2075.05 877.701 1197.35
internal_count=449448 52203 36909 15294 12618 7153 34610 26179 6473 6094 2676 10301 4972 5329
is_linear=0
shrinkage=0.035


Tree=82
num_leaves=15
num_cat=0
split_feature=49 2 40 62 53 36 62 11 64 46 40 11 60 11
split_gain=363.583 1156.8 492.132 394.703 492.375 433.109 359.653 465.905 219.84 236.06 208.716 185.142 166.952 133.455
threshold=0.55277777777777792 1.5000000000000002 0.80000000000000127 -0.31458333333333316 0.98750000000000016 19.650000000000002 -1.1500000000000006 1.0001139594971284 -0.2854166666666666 1.1999999999999997 2.0500000000000016 1.0098822440397444 -0.8140159405215136 1.0061784460713457
decision_type=2 2 2 2 2 2 2 2 2 2 2 2 2 2
left_child=-1 3 6 4 -2 8 7 -3 -6 -10 -5 13 -13 -9
right_child=1 2 -4 10 5 -7 -8 11 9 -11 -12 12 -14 -15
leaf_value=-8.1617942802744708e-07 -2.0292727145043772e-08 -3.8491358797951122e-12 7.269188337305439e-07 -7.3798482881469692e-07 -7.6429741795170439e-07 -8.0997964780842821e-10 -9.1487066847322829e-09 -2.3898556898065782e-10 5.7956090321318113e-11 -1.1326418725695266e-05 1.2342345610514198e-08 7.0213473710238196e-07 -6.2199253224562616e-07 5.4246813728106706e-07
leaf_weight=113999.16423038091 1228.4283916428685 3986.6090829537716 424.39087178907357 657.76933135837317 102.27719030529261 165.18324415758252 2179.1222458332777 1042.5523269926198 1853.7735996507108 68.309099830687046 137.14238929748535 165.19985597068444 712.50092272460461 154.79881287994795
leaf_count=397245 5465 15878 2299 2156 379 680 8431 4545 5958 136 520 1012 3960 784
internal_value=-0.00066364 -0.00623573 -0.013545 0.00879461 0.0139569 0.0238711 -0.015444 -0.0198222 0.0283345 0.0310035 -0.0132999 -0.00633162 -0.0184461 0.00262798
internal_weight=126877 12878.1 8665.17 4212.88 3417.97 2189.54 8240.78 6061.66 2024.36 1922.08 794.912 2075.05 877.701 1197.35
internal_count=449448 52203 36909 15294 12618 7153 34610 26179 6473 6094 2676 10301 4972 5329
is_linear=0
shrinkage=0.035


Tree=83
num_leaves=15
num_cat=0
split_feature=49 2 40 62 53 36 62 11 64 46 62 11 60 11
split_gain=374.377 1126.1 490.13 440.326 492.375 433.109 361.043 466.221 219.84 236.06 203.05 184.859 166.782 133.455
threshold=0.55277777777777792 1.5000000000000002 0.80000000000000127 -0.31458333333333316 0.98750000000000016 19.650000000000002 -1.1500000000000006 1.0001139594971284 -0.2854166666666666 1.1999999999999997 0.90208333333333279 1.0098822440397444 -0.8140159405215136 1.0061784460713457
decision_type=2 2 2 2 2 2 2 2 2 2 2 2 2 2
left_child=-1 3 6 4 -2 8 7 -3 -6 -10 -5 13 -13 -9
right_child=1 2 -4 10 5 -7 -8 11 9 -11 -12 12 -14 -15
leaf_value=-7.8761314804650341e-07 -1.9582481694967244e-08 -3.7144161240022837e-12 7.0147667454997496e-07 -7.1215535980618255e-07 -7.3754700832339473e-07 -7.8163036013513326e-10 -8.8285019507666526e-09 -2.3062107406633478e-10 5.5927627160071974e-11 -1.0929994070295931e-05 9.0471876974116611e-07 6.7756002130379854e-07 -6.0022279361702917e-07 5.2348175247622969e-07
leaf_weight=113999.16423038091 1228.4283916428685 3986.6090829537716 424.39087178907357 648.30320578813553 102.27719030529261 165.18324415758252 2179.1222458332777 1042.5523269926198 1853.7735996507108 68.309099830687046 146.60851486772299 165.19985597068444 712.50092272460461 154.79881287994795
leaf_count=397245 5465 15878 2299 2043 379 680 8431 4545 5958 136 633 1012 3960 784
internal_value=-0.000672344 -0.00632654 -0.0135381 0.00850327 0.0139569 0.0238711 -0.0154332 -0.0198199 0.0283345 0.0310035 -0.0148284 -0.00632475 -0.01843 0.00262798
internal_weight=126877 12878.1 8665.17 4212.88 3417.97 2189.54 8240.78 6061.66 2024.36 1922.08 794.912 2075.05 877.701 1197.35
internal_count=449448 52203 36909 15294 12618 7153 34610 26179 6473 6094 2676 10301 4972 5329
is_linear=0
shrinkage=0.035


Tree=84
num_leaves=15
num_cat=0
split_feature=49 2 40 62 53 36 62 11 64 46 40 11 60 11
split_gain=362.606 1158.34 489.381 392.125 492.044 433.109 361.043 466.221 219.84 236.06 207.726 184.859 166.782 133.455
threshold=0.55277777777777792 1.5000000000000002 0.80000000000000127 -0.31458333333333316 0.98750000000000016 19.650000000000002 -1.1500000000000006 1.0001139594971284 -0.2854166666666666 1.1999999999999997 2.0500000000000016 1.0098822440397444 -0.8140159405215136 1.0061784460713457
decision_type=2 2 2 2 2 2 2 2 2 2 2 2 2 2
left_child=-1 3 6 4 -2 8 7 -3 -6 -10 -5 13 -13 -9
right_child=1 2 -4 10 5 -7 -8 11 9 -11 -12 12 -14 -15
leaf_value=-7.6004668786487313e-07 -1.8897094835643392e-08 -3.5844115596622036e-12 6.7692499094072575e-07 -6.8722992221296619e-07 -7.1173286303207586e-07 -7.5427329753040352e-10 -8.5195043824898193e-09 -2.2254933647401306e-10 5.3970160209469451e-11 -1.0547444277835574e-05 3.6835801107362597e-08 6.5384542055816549e-07 -5.7921499584043326e-07 5.0515989113956173e-07
leaf_weight=113999.16423038091 1228.4283916428685 3986.6090829537716 424.39087178907357 657.76933135837317 102.27719030529261 165.18324415758252 2179.1222458332777 1042.5523269926198 1853.7735996507108 68.309099830687046 137.14238929748535 165.19985597068444 712.50092272460461 154.79881287994795
leaf_count=397245 5465 15878 2299 2156 379 680 8431 4545 5958 136 520 1012 3960 784
internal_value=-0.000660808 -0.00622541 -0.0135395 0.0088149 0.0139602 0.0238711 -0.0154332 -0.0198199 0.0283345 0.0310035 -0.0132077 -0.00632475 -0.01843 0.00262798
internal_weight=126877 12878.1 8665.17 4212.88 3417.97 2189.54 8240.78 6061.66 2024.36 1922.08 794.912 2075.05 877.701 1197.35
internal_count=449448 52203 36909 15294 12618 7153 34610 26179 6473 6094 2676 10301 4972 5329
is_linear=0
shrinkage=0.035


Tree=85
num_leaves=15
num_cat=0
split_feature=49 2 40 62 53 36 62 11 64 46 40 11 60 62
split_gain=356.758 1151.11 486.292 391.464 492.044 433.109 356.317 480.921 219.84 236.06 207.481 172.005 159 133.465
threshold=0.55277777777777792 1.5000000000000002 0.80000000000000127 -0.31458333333333316 0.98750000000000016 19.650000000000002 -1.1500000000000006 1.0001139594971284 -0.2854166666666666 1.1999999999999997 2.0500000000000016 1.0098822440397444 -0.8140159405215136 0.90208333333333279
decision_type=2 2 2 2 2 2 2 2 2 2 2 2 2 2
left_child=-1 3 6 4 -2 8 7 -3 -6 -10 13 -9 -13 -5
right_child=1 2 -4 10 5 -7 -8 11 9 -11 -12 12 -14 -15
leaf_value=-7.3344505378962137e-07 -1.8235696516395871e-08 -3.4589571550740265e-12 6.5323261625780029e-07 -6.6317687493551224e-07 -6.8682221282595319e-07 -7.2787373211683942e-10 -8.2213217291026769e-09 6.7413880810249783e-09 5.2081204602138023e-11 -1.0178283728111328e-05 3.55465480686049e-08 6.3096083083862982e-07 -5.589424709860181e-07 1.577685211284918e-07
leaf_weight=113999.16423038091 1228.4283916428685 3986.6090829537716 424.39087178907357 562.73927215486765 102.27719030529261 165.18324415758252 2179.1222458332777 1197.3511398725677 1853.7735996507108 68.309099830687046 137.14238929748535 165.19985597068444 712.50092272460461 95.030059203505516
leaf_count=397245 5465 15878 2299 1729 379 680 8431 5329 5958 136 520 1012 3960 427
internal_value=-0.000654439 -0.00617398 -0.0134652 0.00881926 0.0139602 0.0238711 -0.0153529 -0.0197108 0.0283345 0.0310035 -0.0131848 -0.00600722 -0.0176842 -0.021341
internal_weight=126877 12878.1 8665.17 4212.88 3417.97 2189.54 8240.78 6061.66 2024.36 1922.08 794.912 2075.05 877.701 657.769
internal_count=449448 52203 36909 15294 12618 7153 34610 26179 6473 6094 2676 10301 4972 2156
is_linear=0
shrinkage=0.035


Tree=86
num_leaves=15
num_cat=0
split_feature=49 2 40 62 53 36 62 11 64 46 40 11 60 62
split_gain=354.492 1152.19 485.83 392.449 488.656 433.109 355.251 484.281 219.84 236.06 207.481 169.159 157.263 133.465
threshold=0.55277777777777792 1.5000000000000002 0.80000000000000127 -0.31458333333333316 0.98750000000000016 19.650000000000002 -1.1500000000000006 1.0001139594971284 -0.2854166666666666 1.1999999999999997 2.0500000000000016 1.0098822440397444 -0.8140159405215136 0.90208333333333279
decision_type=2 2 2 2 2 2 2 2 2 2 2 2 2 2
left_child=-1 3 6 4 -2 8 7 -3 -6 -10 13 -9 -13 -5
right_child=1 2 -4 10 5 -7 -8 11 9 -11 -12 12 -14 -15
leaf_value=-7.0777447690697183e-07 -1.7597447138322018e-08 -3.3378936546464356e-12 6.3036947468877728e-07 -6.399656843127694e-07 -6.6278343537704483e-07 -7.0239815149275009e-10 -7.9335754685840828e-09 6.5054394981891044e-09 5.0258362441063185e-11 -9.8220437976274309e-06 3.4302418886203727e-08 6.0887720175927768e-07 -5.3937948450150755e-07 1.5224662288899459e-07
leaf_weight=113999.16423038091 1228.4283916428685 3986.6090829537716 424.39087178907357 562.73927215486765 102.27719030529261 165.18324415758252 2179.1222458332777 1197.3511398725677 1853.7735996507108 68.309099830687046 137.14238929748535 165.19985597068444 712.50092272460461 95.030059203505516
leaf_count=397245 5465 15878 2299 1729 379 680 8431 5329 5958 136 520 1012 3960 427
internal_value=-0.000651254 -0.00615324 -0.013448 0.00884705 0.0139945 0.0238711 -0.0153347 -0.0196861 0.0283345 0.0310035 -0.0131848 -0.00593531 -0.0175153 -0.021341
internal_weight=126877 12878.1 8665.17 4212.88 3417.97 2189.54 8240.78 6061.66 2024.36 1922.08 794.912 2075.05 877.701 657.769
internal_count=449448 52203 36909 15294 12618 7153 34610 26179 6473 6094 2676 10301 4972 2156
is_linear=0
shrinkage=0.035


Tree=87
num_leaves=15
num_cat=0
split_feature=49 2 40 62 53 36 62 11 64 46 40 11 60 11
split_gain=354.391 1152.03 482.593 392.449 488.656 433.109 354.787 485.749 219.84 236.06 207.481 167.393 156.322 133.578
threshold=0.55277777777777792 1.5000000000000002 0.80000000000000127 -0.31458333333333316 0.98750000000000016 19.650000000000002 -1.1500000000000006 1.0001139594971284 -0.2854166666666666 1.1999999999999997 2.0500000000000016 1.0098822440397444 -0.8140159405215136 1.0061784460713457
decision_type=2 2 2 2 2 2 2 2 2 2 2 2 2 2
left_child=-1 3 6 4 -2 8 7 -3 -6 -10 -5 13 -13 -9
right_child=1 2 -4 10 5 -7 -8 11 9 -11 -12 12 -14 -15
leaf_value=-6.8300237021522513e-07 -1.6981536488480745e-08 -3.2210673767338104e-12 6.0830654307467006e-07 -6.1756688536182237e-07 -6.3958601513884826e-07 -6.778142161905039e-10 -7.6559003271836386e-09 -6.7839907496991551e-10 4.8499319755625976e-11 -9.4782722647104732e-06 3.3101834225186595e-08 5.8756649969770296e-07 -5.2050120254395477e-07 4.8701565598440453e-07
leaf_weight=113999.16423038091 1228.4283916428685 3986.6090829537716 424.39087178907357 657.76933135837317 102.27719030529261 165.18324415758252 2179.1222458332777 1042.5523269926198 1853.7735996507108 68.309099830687046 137.14238929748535 165.19985597068444 712.50092272460461 154.79881287994795
leaf_count=397245 5465 15878 2299 2156 379 680 8431 4545 5958 136 520 1012 3960 784
internal_value=-0.000650969 -0.00615217 -0.0134464 0.00884705 0.0139945 0.0238711 -0.0153268 -0.0196754 0.0283345 0.0310035 -0.0131848 -0.00590397 -0.0174233 0.0026145
internal_weight=126877 12878.1 8665.17 4212.88 3417.97 2189.54 8240.78 6061.66 2024.36 1922.08 794.912 2075.05 877.701 1197.35
internal_count=449448 52203 36909 15294 12618 7153 34610 26179 6473 6094 2676 10301 4972 5329
is_linear=0
shrinkage=0.035


Tree=88
num_leaves=15
num_cat=0
split_feature=49 2 40 62 53 36 62 11 64 46 40 11 60 62
split_gain=352.512 1153.43 476.616 388.411 488.656 433.109 355.989 491.787 219.84 236.06 205.985 162.395 153.253 138.495
threshold=0.55277777777777792 1.5000000000000002 1.0000000000000016 -0.31458333333333316 0.98750000000000016 19.650000000000002 -1.1500000000000006 1.0001139594971284 -0.2854166666666666 1.1999999999999997 2.0500000000000016 1.0098822440397444 -0.8140159405215136 0.90208333333333279
decision_type=2 2 2 2 2 2 2 2 2 2 2 2 2 2
left_child=-1 3 6 4 -2 8 7 -3 -6 -10 13 -9 -13 -5
right_child=1 2 -4 10 5 -7 -8 11 9 -11 -12 12 -14 -15
leaf_value=-6.5909728725770985e-07 -1.6387182711383918e-08 -3.1083300185481273e-12 6.1984093835680578e-07 -5.9595204437415869e-07 -6.1720050460898855e-07 -6.5409071862383623e-10 -7.3879438157322118e-09 6.3014930833764338e-09 4.6801843564179067e-11 -9.1465327354456048e-06 3.1943270027305064e-08 5.6700167220828335e-07 -5.0228366045491637e-07 1.6853283207554358e-07
leaf_weight=113999.16423038091 1228.4283916428685 3986.6090829537716 407.417540082708 562.73927215486765 102.27719030529261 165.18324415758252 2196.0955775396433 1197.3511398725677 1853.7735996507108 68.309099830687046 137.14238929748535 165.19985597068444 712.50092272460461 95.030059203505516
leaf_count=397245 5465 15878 2148 1729 379 680 8582 5329 5958 136 520 1012 3960 427
internal_value=-0.00064803 -0.00613463 -0.0134333 0.0088737 0.0139945 0.0238711 -0.0152629 -0.0196313 0.0283345 0.0310035 -0.013045 -0.00577556 -0.0171217 -0.0211725
internal_weight=126877 12878.1 8665.17 4212.88 3417.97 2189.54 8257.76 6061.66 2024.36 1922.08 794.912 2075.05 877.701 657.769
internal_count=449448 52203 36909 15294 12618 7153 34761 26179 6473 6094 2676 10301 4972 2156
is_linear=0
shrinkage=0.035


Tree=89
num_leaves=15
num_cat=0
split_feature=49 2 40 62 53 36 62 11 64 46 40 11 60 62
split_gain=345.238 1158.2 471.472 395.687 474.505 433.109 352.431 503.701 219.84 236.06 207.138 181.42 146.435 133.195
threshold=0.55277777777777792 1.5000000000000002 1.0000000000000016 -0.31458333333333316 0.98750000000000016 19.650000000000002 -1.1500000000000006 1.0002366391180051 -0.2854166666666666 1.1999999999999997 2.0500000000000016 1.0098822440397444 -0.8140159405215136 0.90208333333333279
decision_type=2 2 2 2 2 2 2 2 2 2 2 2 2 2
left_child=-1 3 6 4 -2 8 7 -3 -6 -10 13 -9 -13 -5
right_child=1 2 -4 10 5 -7 -8 11 9 -11 -12 12 -14 -15
leaf_value=-6.3602888220367329e-07 -1.5813631316485483e-08 -2.9995384678989431e-12 5.9814650551431753e-07 -5.7509372282106313e-07 -5.9559848694767399e-07 -6.3119754347200196e-10 -7.1293657821815846e-09 6.0809408254582586e-09 4.5163779039432804e-11 -8.8264040897050073e-06 3.0825255576349386e-08 5.471566136809934e-07 -4.8470373233899421e-07 1.6263418295289957e-07
leaf_weight=113999.16423038091 1228.4283916428685 4113.6735859429464 407.417540082708 562.73927215486765 102.27719030529261 165.18324415758252 2196.0955775396433 1070.2866368833929 1853.7735996507108 68.309099830687046 137.14238929748535 165.19985597068444 712.50092272460461 95.030059203505516
leaf_count=397245 5465 16410 2148 1729 379 680 8582 4797 5958 136 520 1012 3960 427
internal_value=-0.000639252 -0.00606895 -0.0133827 0.00897025 0.0141387 0.0238711 -0.0152024 -0.0195489 0.0283345 0.0310035 -0.0131528 -0.00485387 -0.0165583 -0.0213025
internal_weight=126877 12878.1 8665.17 4212.88 3417.97 2189.54 8257.76 6061.66 2024.36 1922.08 794.912 1947.99 877.701 657.769
internal_count=449448 52203 36909 15294 12618 7153 34761 26179 6473 6094 2676 9769 4972 2156
is_linear=0
shrinkage=0.035


Tree=90
num_leaves=15
num_cat=0
split_feature=49 2 40 62 11 36 62 11 46 64 40 11 60 62
split_gain=336.04 1185.18 466.442 404.851 446.654 412.017 352.03 505.06 221.05 232.507 207.138 178.335 145.162 133.195
threshold=0.55277777777777792 1.5000000000000002 1.0000000000000016 -0.31458333333333316 1.000035558356769 19.650000000000002 -1.1500000000000006 1.0002366391180051 1.1999999999999997 -0.2854166666666666 2.0500000000000016 1.0098822440397444 -0.8140159405215136 0.90208333333333279
decision_type=2 2 2 2 2 2 2 2 2 2 2 2 2 2
left_child=-1 3 6 4 5 8 7 -3 9 -2 13 -9 -13 -5
right_child=1 2 -4 10 -6 -7 -8 11 -10 -11 -12 12 -14 -15
leaf_value=-6.1376787132653478e-07 -5.7475253990450538e-07 -2.8945546215224797e-12 5.7721137782131643e-07 -5.5496544252232592e-07 -2.5313684215331541e-09 -6.0910562945048185e-10 -6.8798379798052298e-09 5.8681078965672191e-09 -8.5174799465653327e-06 4.3583046773052654e-11 2.9746371631177158e-08 5.2800613220215868e-07 -4.6773910170712941e-07 1.5694198654954807e-07
leaf_weight=113999.16423038091 97.905801370739937 4113.6735859429464 407.417540082708 562.73927215486765 1330.6142861694098 147.56805516406894 2196.0955775396433 1070.2866368833929 67.970299817621708 1773.9130830653012 137.14238929748535 165.19985597068444 712.50092272460461 95.030059203505516
leaf_count=397245 359 16410 2148 1729 5864 609 8582 4797 135 5651 520 1012 3960 427
internal_value=-0.00063027 -0.00598714 -0.0133856 0.00922596 0.0144537 0.0245169 -0.0151956 -0.0195396 0.028826 0.0311078 -0.0131528 -0.00482495 -0.0164294 -0.0213025
internal_weight=126877 12878.1 8665.17 4212.88 3417.97 2087.36 8257.76 6061.66 1939.79 1871.82 794.912 1947.99 877.701 657.769
internal_count=449448 52203 36909 15294 12618 6754 34761 26179 6145 6010 2676 9769 4972 2156
is_linear=0
shrinkage=0.035


Tree=91
num_leaves=15
num_cat=0
split_feature=49 2 40 62 11 36 62 11 46 64 40 11 60 60
split_gain=324.454 1216.29 461.865 359.496 446.654 412.017 351.04 508.419 221.05 232.507 190.473 174.438 143.21 132.947
threshold=0.55277777777777792 1.5000000000000002 1.0000000000000016 -0.31458333333333316 1.000035558356769 19.650000000000002 -1.1500000000000006 1.0002366391180051 1.1999999999999997 -0.2854166666666666 2.0500000000000016 1.0098822440397444 -0.8140159405215136 -0.94695267581281539
decision_type=2 2 2 2 2 2 2 2 2 2 2 2 2 2
left_child=-1 3 6 4 5 8 7 -3 9 -2 -5 -9 -13 -8
right_child=1 2 -4 10 -6 -7 13 11 -10 -11 -12 12 -14 -15
leaf_value=-5.9228599583007963e-07 -5.5463620100784774e-07 -2.793245209769193e-12 5.5700897959757029e-07 -5.3554165203404448e-07 -2.4427705267794938e-09 -5.8778693241971502e-10 5.7330449345213623e-08 5.6627241201873666e-09 -8.2193681484355466e-06 4.2057640135995811e-11 2.8705248624085959e-08 5.0952591757508312e-07 -4.5136823314737991e-07 -6.6390436505120461e-09
leaf_weight=113999.16423038091 97.905801370739937 4113.6735859429464 407.417540082708 657.76933135837317 1330.6142861694098 147.56805516406894 312.67704837559722 1070.2866368833929 67.970299817621708 1773.9130830653012 137.14238929748535 165.19985597068444 712.50092272460461 1883.418529164046
leaf_count=397245 359 16410 2148 2156 5864 609 1545 4797 135 5651 520 1012 3960 7037
internal_value=-0.000618914 -0.00588263 -0.0133777 0.00952861 0.0144537 0.0245169 -0.0151787 -0.0195166 0.028826 0.0311078 -0.011565 -0.00475367 -0.0162307 -0.00317116
internal_weight=126877 12878.1 8665.17 4212.88 3417.97 2087.36 8257.76 6061.66 1939.79 1871.82 794.912 1947.99 877.701 2196.1
internal_count=449448 52203 36909 15294 12618 6754 34761 26179 6145 6010 2676 9769 4972 8582
is_linear=0
shrinkage=0.035


Tree=92
num_leaves=15
num_cat=0
split_feature=49 2 40 36 53 62 62 11 36 46 64 11 60 60
split_gain=322.608 1225.67 448.455 355.084 380.294 458.121 350.153 511.446 219.355 218.525 198.646 172.096 140.839 132.947
threshold=0.55277777777777792 1.5000000000000002 1.0000000000000016 18.750000000000004 0.98750000000000016 -0.31458333333333316 -1.1500000000000006 1.0002366391180051 4.6500000000000012 1.1999999999999997 -0.2854166666666666 1.0098822440397444 -0.8140159405215136 -0.94695267581281539
decision_type=2 2 2 2 2 2 2 2 2 2 2 2 2 2
left_child=-1 3 6 4 -2 9 7 -3 -7 10 -6 -9 -13 -8
right_child=1 2 -4 -5 5 8 13 11 -10 -11 -12 12 -14 -15
leaf_value=-5.7155598597602618e-07 -1.9747955013051777e-08 -2.6954816274272713e-12 5.3751366531165525e-07 -1.2117102138479084e-09 -5.6663975105072509e-07 -5.1679769421285289e-07 5.5323883618131146e-08 5.4645287759808083e-09 2.7700564922242949e-08 -7.9316902632403013e-06 4.0585622731235958e-11 4.9169251045995523e-07 -4.3557034498722162e-07 -6.4066771227441246e-09
leaf_weight=113999.16423038091 1279.2755924835801 4113.6735859429464 407.417540082708 474.48878939449787 88.736345708370209 237.36946312338114 312.67704837559722 1070.2866368833929 241.85441172868013 68.309099830687046 1822.8495439738035 165.19985597068444 712.50092272460461 1883.418529164046
leaf_count=397245 5568 16410 2148 2201 309 382 1545 4797 864 136 5834 1012 3960 7037
internal_value=-0.000616352 -0.00586508 -0.013389 0.00960545 0.0132311 0.021256 -0.0151635 -0.0194959 -0.00929503 0.0286603 0.0308879 -0.00468961 -0.0160894 -0.00317116
internal_weight=126877 12878.1 8665.17 4212.88 3738.39 2459.12 8257.76 6061.66 479.224 1979.89 1911.59 1947.99 877.701 2196.1
internal_count=449448 52203 36909 15294 13093 7525 34761 26179 1246 6279 6143 9769 4972 8582
is_linear=0
shrinkage=0.035


Tree=93
num_leaves=15
num_cat=0
split_feature=49 2 40 36 53 62 62 11 46 36 64 60 11 40
split_gain=318.111 1268.85 445.48 362.915 397.729 417.28 325.817 521.651 218.49 207.945 198.413 166.637 168.372 131.941
threshold=0.55277777777777792 1.5000000000000002 1.0000000000000016 18.750000000000004 0.98750000000000016 -0.28124999999999994 -1.1500000000000006 1.0002366391180051 1.1999999999999997 4.6500000000000012 -0.2854166666666666 -0.8140159405215136 1.0098822440397444 0.30000000000000043
decision_type=2 2 2 2 2 2 2 2 2 2 2 2 2 2
left_child=13 3 6 4 -2 8 7 -3 10 -7 -6 -9 -13 -1
right_child=1 2 -4 -5 5 9 -8 11 -10 -11 -12 12 -14 -15
leaf_value=1.3865517500432171e-05 -1.9056776587594962e-08 -2.6011397704673166e-12 5.1870068702574732e-07 -1.1693003563632314e-09 -5.4680735976394962e-07 -4.9870977491540309e-07 -6.18244342344808e-09 4.2893839451058249e-07 -7.6540811040268909e-06 2.6731045149964448e-08 3.9165125935642702e-11 1.898428688377205e-09 -4.2032538291266883e-07 -0.00013234177296670606
leaf_weight=97778.188722606748 1279.2755924835801 4113.6735859429464 407.417540082708 474.48878939449787 88.736345708370209 216.90736302733421 2196.0955775396433 434.07546320231631 68.309099830687046 241.85441172868013 1843.3116440698504 801.41102965176105 712.50092272460461 16220.975507774157
leaf_count=334796 5568 16410 2148 2201 309 317 8582 2322 136 864 5899 3487 3960 62449
internal_value=-0.000611444 -0.00582346 -0.0134789 0.00991703 0.0135821 0.0217889 -0.0152474 -0.0194267 0.0286668 -0.00817297 0.0308712 -0.00447505 -0.00995283 -2.22032e-05
internal_weight=126877 12878.1 8665.17 4212.88 3738.39 2459.12 8257.76 6061.66 2000.36 458.762 1932.05 1947.99 1513.91 113999
internal_count=449448 52203 36909 15294 13093 7525 34761 26179 6344 1181 6208 9769 7447 397245
is_linear=0
shrinkage=0.035


Tree=94
num_leaves=15
num_cat=0
split_feature=13 6 57 21 36 46 23 2 46 60 1 57 57 46
split_gain=126.25 172.574 118.6 147.123 120.304 348.695 113.401 115.282 108.696 311.461 219.178 170.843 167.108 282.956
threshold=1.0256352925099914 4.5909283758999786 2.195558549645483 1.0000000180025095e-35 27.850000000000005 2.9000000000000017 1.0000000180025095e-35 3.5000000000000004 -2.8499999999999988 -0.45205545877835857 18.500000000000004 0.20895744778118985 1.2953102889197674 2.5499999999999998
decision_type=2 2 2 2 2 2 2 2 2 2 2 2 2 2
left_child=2 -2 4 -4 8 -6 -3 -8 9 10 -1 -12 13 -10
right_child=1 6 3 -5 5 -7 7 -9 12 -11 11 -13 -14 -15
leaf_value=-2.716846861468069e-12 -4.4567772588799511e-05 0.00023463640200330609 -0.00056873830277660929 -0.0047027177730373211 0.0025365996267629593 -0.0035588435304061781 0.00026102159521723933 0.001234833425791206 7.9803921813737242e-14 7.9803921813737242e-14 0.00021523339094817515 -0.0017002102433554781 -0.00014162136816820383 0.0012812049280162812
leaf_weight=6494.3471972229891 2290.0785163000692 5304.6195044904016 3109.0520098800771 856.83234899863601 523.96472274884582 1089.8793104216456 2080.7386929802597 2783.3133943080902 32746.1874538837 15406.856612524018 385.94351608445868 2616.4297398568597 45747.555350625655 5441.4232254421804
leaf_count=26816 9388 25455 10739 3188 2363 4597 6968 7865 109345 57289 1824 10294 155654 17663
internal_value=-0.000106487 0.00323788 -0.000470898 -0.00640992 -0.000257092 -0.00971337 0.00519235 0.00904674 -0.000115996 -0.00214611 -0.00712805 -0.0149329 0.000486523 0.00219553
internal_weight=126877 12458.8 114418 3965.88 110453 1613.84 10168.7 4864.05 108839 24903.6 9496.72 3002.37 83935.2 38187.6
internal_count=449448 49676 399772 13927 385845 6960 40288 14833 378885 96223 38934 12118 282662 127008
is_linear=0
shrinkage=0.035


Tree=95
num_leaves=15
num_cat=0
split_feature=13 6 36 46 57 21 12 23 2 12 27 57 59 1
split_gain=114.12 160.748 110.693 330.107 115.881 134.686 106.819 103.435 102.407 94.7105 115.794 188.171 224.718 285.651
threshold=1.0256352925099914 4.5909283758999786 27.850000000000005 2.9000000000000017 2.195558549645483 1.0000000180025095e-35 0.88573591735431179 1.0000000180025095e-35 3.5000000000000004 1.0536915034648942 44.500000000000007 1.5843743142489461 0.15005400879207817 18.500000000000004
decision_type=2 2 2 2 2 2 2 2 2 2 2 2 2 2
left_child=2 -2 4 -4 6 -6 -1 -3 -9 10 11 -8 13 -13
right_child=1 7 3 -5 5 -7 9 8 -10 -11 -12 12 -14 -15
leaf_value=-0.0010857069372064278 -4.3007900548191516e-05 0.00022642412793319038 0.0023689056209161242 -0.0034342840068419616 -0.00055761106767893761 -0.0045381226509810151 3.2100270997218701e-11 0.00025188583938463599 0.0011916142558885136 0.00024359167625804241 -2.6217572213166867e-12 0.00037899835776449855 -0.0012511556594338449 -0.0055269154373812157
leaf_weight=933.78059091768228 2290.0785163000692 5304.6195044904016 562.06268494203687 1096.8096868470311 3068.7633588011377 852.09266145899892 51368.632308662636 2080.7386929802597 2783.3133943080902 6430.3287714370526 34888.731941636652 8092.5272230941337 6644.569946192205 480.17231369949877
leaf_count=5084 9388 25455 2514 4658 10555 3160 158086 6968 7865 28836 138527 20831 26016 1505
internal_value=-0.000104414 0.00307524 -0.000450877 -0.00939892 -0.000318416 -0.00622213 -0.000105185 0.00496157 0.0086427 -2.64459e-06 -0.000263836 0.000591989 -0.00282531 0.000919751
internal_weight=126877 12458.8 114418 1658.87 112760 3920.86 108839 10168.7 4864.05 107905 101475 66585.9 15217.3 8572.7
internal_count=449448 49676 399772 7172 392600 13715 378885 40288 14833 373801 344965 206438 48352 22336
is_linear=0
shrinkage=0.035


Tree=96
num_leaves=15
num_cat=0
split_feature=49 2 40 36 53 62 62 11 46 36 28 60 64 11
split_gain=260.298 1207.83 410.532 367.596 408.776 426.233 276.511 392.552 221.354 207.945 172.182 181.387 139.335 136.494
threshold=0.55277777777777792 1.5000000000000002 1.0000000000000016 18.750000000000004 0.98750000000000016 -0.28124999999999994 -1.1500000000000006 1.0002366391180051 1.1999999999999997 4.6500000000000012 9.5000000000000018 0.97308229207007269 -0.2854166666666666 1.0098822440397444
decision_type=2 2 2 2 2 2 2 2 2 2 2 2 2 2
left_child=-1 3 6 4 -2 8 7 10 12 -7 11 -3 -6 -9
right_child=1 2 -4 -5 5 9 -8 13 -10 -11 -12 -13 -14 -15
leaf_value=-1.9549826714432092e-07 -1.8389809302869213e-08 -1.0464987003523982e-12 5.0054625194821164e-07 -1.1282858755250357e-09 -5.2767022847483359e-07 -4.812560590959861e-07 -5.9671842062495627e-09 5.206805368888206e-09 -7.3861893916885716e-06 2.5794332267093525e-08 -2.5299957185706025e-12 1.6877228729634048e-13 3.6668043905729072e-11 -3.4131366841484825e-07
leaf_weight=113999.16423038091 1279.2755924835801 607.46946169435978 407.417540082708 474.48878939449787 88.736345708370209 216.90736302733421 2196.0955775396433 1070.2866368833929 68.309099830687046 241.85441172868013 3359.0322762047872 147.1718480437994 1843.3116440698504 877.70077869528905
leaf_count=397245 5568 2523 2148 2201 309 317 8582 4797 136 864 13416 471 5899 4972
internal_value=-0.000540359 -0.00525503 -0.0127243 0.0101017 0.0137901 0.0221101 -0.0144222 -0.0182725 0.0290613 -0.00817297 -0.0243909 -0.00912844 0.0312796 -0.00529322
internal_weight=126877 12878.1 8665.17 4212.88 3738.39 2459.12 8257.76 6061.66 2000.36 458.762 4113.67 754.641 1932.05 1947.99
internal_count=449448 52203 36909 15294 13093 7525 34761 26179 6344 1181 16410 2994 6208 9769
is_linear=0
shrinkage=0.035


Tree=97
num_leaves=15
num_cat=0
split_feature=49 2 40 36 53 62 62 11 46 36 28 60 64 36
split_gain=257.603 1210.27 401.658 368.701 403.986 426.233 274.491 399.404 221.354 207.945 172.182 181.387 139.335 133.103
threshold=0.55277777777777792 1.5000000000000002 1.0000000000000016 18.750000000000004 0.98750000000000016 -0.28124999999999994 -1.1500000000000006 1.0002366391180051 1.1999999999999997 4.6500000000000012 9.5000000000000018 0.97308229207007269 -0.2854166666666666 17.250000000000004
decision_type=2 2 2 2 2 2 2 2 2 2 2 2 2 2
left_child=13 3 6 4 -2 8 7 10 12 -7 11 -3 -6 -1
right_child=1 2 -4 -5 5 9 -8 -9 -10 -11 -12 -13 -14 -15
leaf_value=-1.8610590021546885e-05 -1.7746165977268791e-08 -1.0098712458400644e-12 4.8302713313002425e-07 -1.0887958698816594e-09 -5.0920177047821436e-07 -4.6441209702762661e-07 -5.7583327590308283e-09 -2.5415485050641548e-08 -7.1276727629794721e-06 2.4891530637745252e-08 -2.4414458684206316e-12 1.6286525724096856e-13 3.5384662369028556e-11 0.00015079811313905347
leaf_weight=82716.369221941335 1279.2755924835801 607.46946169435978 407.417540082708 474.48878939449787 88.736345708370209 216.90736302733421 2196.0955775396433 1947.987415578682 68.309099830687046 241.85441172868013 3359.0322762047872 147.1718480437994 1843.3116440698504 31282.795008439571
leaf_count=266829 5568 2523 2148 2201 309 317 8582 9769 136 864 13416 471 5899 130416
internal_value=-0.000536859 -0.00522706 -0.0127039 0.0101451 0.0138391 0.0221101 -0.0143832 -0.0182194 0.0290613 -0.00817297 -0.0243909 -0.00912844 0.0312796 -6.61216e-06
internal_weight=126877 12878.1 8665.17 4212.88 3738.39 2459.12 8257.76 6061.66 2000.36 458.762 4113.67 754.641 1932.05 113999
internal_count=449448 52203 36909 15294 13093 7525 34761 26179 6344 1181 16410 2994 6208 397245
is_linear=0
shrinkage=0.035


Tree=98
num_leaves=15
num_cat=0
split_feature=49 2 36 53 62 62 11 28 46 36 59 60 11 64
split_gain=295.676 1269.44 368.701 403.986 426.233 280.852 391.592 235.528 221.354 207.945 169.733 155.143 147.563 139.335
threshold=0.55277777777777792 1.5000000000000002 18.750000000000004 0.98750000000000016 -0.28124999999999994 -1.5520833333333337 1.0005856649319422 8.5000000000000018 1.1999999999999997 4.6500000000000012 -0.22611359161738873 -0.9574497222574998 1.0098822440397444 -0.2854166666666666
decision_type=2 2 2 2 2 2 2 2 2 2 2 2 2 2
left_child=-1 2 3 -2 8 6 7 10 13 -6 -3 -7 -8 -5
right_child=1 5 -4 4 9 11 12 -9 -10 -11 -12 -13 -14 -15
leaf_value=-2.0679258576518174e-07 -1.7125050168064382e-08 -9.7452575223566206e-13 -1.0506880144358014e-09 -4.9137970851147687e-07 -4.4815767363165967e-07 9.8708094186125124e-08 6.2565665024780008e-09 -2.3559952630259097e-12 -6.8782042162751905e-06 2.4020327065424167e-08 1.5716497323753467e-13 -5.5567911124647492e-09 -2.7977402049862796e-07 3.4146199186112558e-11
leaf_weight=113999.16423038091 1279.2755924835801 236.88700725883245 474.48878939449787 88.736345708370209 216.90736302733421 371.82439629151486 786.33998812083155 3213.8956368383951 68.309099830687046 241.85441172868013 508.2325546592474 2773.7465989887714 774.24793698638678 1843.3116440698504
leaf_count=397245 5568 545 2201 309 317 1827 3583 13275 136 864 2399 10849 4431 5899
internal_value=-0.000573842 -0.00559871 0.0101451 0.0138391 0.0221101 -0.013256 -0.0180074 -0.0238484 0.0290613 -0.00817297 -0.00602153 -0.00488798 -0.00313208 0.0312796
internal_weight=126877 12878.1 4212.88 3738.39 2459.12 8665.17 5519.6 3959.02 2000.36 458.762 745.12 3145.57 1560.59 1932.05
internal_count=449448 52203 15294 13093 7525 36909 24233 16219 6344 1181 2944 12676 8014 6208
is_linear=0
shrinkage=0.035


Tree=99
num_leaves=15
num_cat=0
split_feature=49 2 36 53 62 62 11 28 46 36 59 11 60 64
split_gain=285.507 1255.78 369.008 402.661 426.233 296.368 392.828 235.528 221.354 207.945 169.733 146.671 146.152 139.335
threshold=0.55277777777777792 1.5000000000000002 18.750000000000004 0.98750000000000016 -0.28124999999999994 -1.5520833333333337 1.0005856649319422 8.5000000000000018 1.1999999999999997 4.6500000000000012 -0.22611359161738873 1.0098822440397444 -0.9574497222574998 -0.2854166666666666
decision_type=2 2 2 2 2 2 2 2 2 2 2 2 2 2
left_child=-1 2 3 -2 8 6 7 10 13 -6 -3 -8 -7 -5
right_child=1 5 -4 4 9 12 11 -9 -10 -11 -12 -13 -14 -15
leaf_value=-1.9955484526340216e-07 -1.6525673412182127e-08 -9.4041735090741393e-13 -1.0139139339305482e-09 -4.7418141871357516e-07 -4.3247215505455156e-07 9.5253310889610738e-08 6.0375866748912706e-09 -2.2735354288200027e-12 -6.6374670687055589e-06 2.3179615618134323e-08 1.5166419917422097e-13 -2.6998192978117592e-07 -5.3623034235284827e-09 3.2951082214598618e-11
leaf_weight=113999.16423038091 1279.2755924835801 236.88700725883245 474.48878939449787 88.736345708370209 216.90736302733421 371.82439629151486 786.33998812083155 3213.8956368383951 68.309099830687046 241.85441172868013 508.2325546592474 774.24793698638678 2773.7465989887714 1843.3116440698504
leaf_count=397245 5568 545 2201 309 317 1827 3583 13275 136 864 2399 4431 10849 5899
internal_value=-0.000563924 -0.00550162 0.0101572 0.0138527 0.0221101 -0.0131176 -0.0179982 -0.0238484 0.0290613 -0.00817297 -0.00602153 -0.00309971 -0.00452371 0.0312796
internal_weight=126877 12878.1 4212.88 3738.39 2459.12 8665.17 5519.6 3959.02 2000.36 458.762 745.12 1560.59 3145.57 1932.05
internal_count=449448 52203 15294 13093 7525 36909 24233 16219 6344 1181 2944 8014 12676 6208
is_linear=0
shrinkage=0.035


Tree=100
num_leaves=15
num_cat=0
split_feature=49 2 36 53 62 62 11 28 46 36 59 60 11 64
split_gain=284.89 1254.82 369.008 402.661 426.233 296.11 394.313 235.528 221.354 207.945 169.733 146.078 145.605 139.335
threshold=0.55277777777777792 1.5000000000000002 18.750000000000004 0.98750000000000016 -0.28124999999999994 -1.5520833333333337 1.0005856649319422 8.5000000000000018 1.1999999999999997 4.6500000000000012 -0.22611359161738873 -0.9574497222574998 1.0098822440397444 -0.2854166666666666
decision_type=2 2 2 2 2 2 2 2 2 2 2 2 2 2
left_child=-1 2 3 -2 8 6 7 10 13 -6 -3 -7 -8 -5
right_child=1 5 -4 4 9 11 12 -9 -10 -11 -12 -13 -14 -15
leaf_value=-1.9257042567918439e-07 -1.5947274842755754e-08 -9.0750274362565441e-13 -9.7842694624297912e-10 -4.5758506905860003e-07 -4.1733562962764228e-07 9.1919445008474357e-08 5.8262711412700764e-09 -2.1939616888113024e-12 -6.4051557213008643e-06 2.2368329071499621e-08 1.4635595220312324e-13 -5.1746228037049863e-09 -2.605325622388348e-07 3.1797794337087663e-11
leaf_weight=113999.16423038091 1279.2755924835801 236.88700725883245 474.48878939449787 88.736345708370209 216.90736302733421 371.82439629151486 786.33998812083155 3213.8956368383951 68.309099830687046 241.85441172868013 508.2325546592474 2773.7465989887714 774.24793698638678 1843.3116440698504
leaf_count=397245 5568 545 2201 309 317 1827 3583 13275 136 864 2399 10849 4431 5899
internal_value=-0.000563274 -0.00549563 0.0101572 0.0138527 0.0221101 -0.0131087 -0.0179872 -0.0238484 0.0290613 -0.00817297 -0.00602153 -0.00451856 -0.00306088 0.0312796
internal_weight=126877 12878.1 4212.88 3738.39 2459.12 8665.17 5519.6 3959.02 2000.36 458.762 745.12 3145.57 1560.59 1932.05
internal_count=449448 52203 15294 13093 7525 36909 24233 16219 6344 1181 2944 12676 8014 6208
is_linear=0
shrinkage=0.035


Tree=101
num_leaves=15
num_cat=0
split_feature=1 2 53 62 36 1 62 11 28 46 41 11 59 64
split_gain=230.872 595.657 554.714 444.972 431.779 417.043 459.995 276.718 224.079 219.751 214.64 194.877 176.58 171.803
threshold=3.5000000000000004 1.5000000000000002 0.98750000000000016 -0.28124999999999994 19.650000000000002 1.5000000000000002 -1.5520833333333337 1.0008277785814934 8.5000000000000018 1.1999999999999997 2.3500000000000019 1.0278790689602759 -0.22611359161738873 -0.2854166666666666
decision_type=2 2 2 2 2 2 2 2 2 2 2 2 2 2
left_child=1 2 -1 4 9 -3 7 8 12 13 -5 -2 -7 -4
right_child=11 5 3 10 -6 6 -8 -9 -10 -11 -12 -13 -14 -15
leaf_value=-1.2895636886951473e-07 -1.2111079917914381e-05 -1.9924197973073966e-06 -4.41569591641549e-07 -4.0272888259067475e-07 -2.9968617906159163e-10 -8.7574014759875653e-13 -1.822727801999162e-09 -2.5348856907809032e-08 -2.1171730297029068e-12 -6.1809752710553337e-06 2.1585437553997133e-08 0.00018052434694766878 1.412334938760139e-13 3.0684871535289595e-11
leaf_weight=4314.794728346169 83611.197797850007 7097.7397974757478 100.09907915443182 397.0704635232687 163.03646635264158 221.91642387211323 2467.2089997343719 910.76788175851107 3014.7722976831719 66.601999804377556 109.51192277669907 22119.820198623231 483.07419442757964 1799.6093443855643
leaf_count=14078 285736 26402 356 968 660 460 8244 3849 11707 121 372 88804 2142 5549
internal_value=-0.000500576 -0.00383812 0.00455229 0.0171705 0.0241645 -0.00794674 -0.0139397 -0.0204322 -0.0246562 0.0287193 -0.0121265 0.000167233 -0.00677524 0.0309416
internal_weight=126877 21146.2 6950.72 2635.93 2129.35 14195.5 7097.74 4630.53 3719.76 1966.31 506.582 105731 704.991 1899.71
internal_count=449448 74908 22104 8026 6686 52804 26402 18158 14309 6026 1340 374540 2602 5905
is_linear=0
shrinkage=0.035


Tree=102
num_leaves=15
num_cat=0
split_feature=1 2 53 1 62 62 36 53 11 28 46 41 11 59
split_gain=230.805 578.288 550.745 449.162 459.805 444.972 431.779 371.896 277.226 224.079 219.751 214.64 181.643 176.58
threshold=3.5000000000000004 1.5000000000000002 0.98750000000000016 1.5000000000000002 -1.5520833333333337 -0.28124999999999994 19.650000000000002 0.76871657754010703 1.0008277785814934 8.5000000000000018 1.1999999999999997 2.3500000000000019 1.044975438592026 -0.22611359161738873
decision_type=2 2 2 2 2 2 2 2 2 2 2 2 2 2
left_child=1 2 -1 -3 8 6 10 12 9 13 -4 -7 -2 -5
right_child=7 3 5 4 -6 11 -8 -9 -10 -11 -12 -13 -14 -15
leaf_value=-1.2444289595908171e-07 -1.3686038204916277e-05 -1.9226851044016376e-06 2.9610901031554457e-11 -8.4508924243280015e-13 -1.7589323289291914e-09 -3.8863337170000116e-07 -2.8919716279443589e-10 4.2388578881817923e-07 -2.4461646916035716e-08 -2.0430719736633052e-12 -5.964641136568397e-06 2.0829947239607232e-08 0.00032387209318722378 1.3629032159035342e-13
leaf_weight=4314.794728346169 92495.292101446772 7097.7397974757478 1899.7084235399961 221.91642387211323 2467.2089997343719 397.0704635232687 163.03646635264158 612.07468960667029 910.76788175851107 3014.7722976831719 66.601999804377556 109.51192277669907 12623.651205419796 483.07419442757964
leaf_count=14078 315258 26402 5905 460 8244 968 660 3660 3849 11707 121 372 55622 2142
internal_value=-0.000332456 -0.00366952 0.00459755 -0.00771782 -0.0139372 0.0171705 0.0241645 0.000335241 -0.0204283 -0.0246562 0.0287193 -0.0121265 0.000175549 -0.00677524
internal_weight=126877 21146.2 6950.72 14195.5 7097.74 2635.93 2129.35 105731 4630.53 3719.76 1966.31 506.582 105119 704.991
internal_count=449448 74908 22104 52804 26402 8026 6686 374540 18158 14309 6026 1340 370880 2602
is_linear=0
shrinkage=0.035


Tree=103
num_leaves=15
num_cat=0
split_feature=1 2 53 62 36 1 62 49 11 28 46 41 60 59
split_gain=199.104 561.766 536.348 444.972 431.779 428.749 531.247 384.671 277.226 224.079 219.751 214.64 198.153 176.58
threshold=3.5000000000000004 1.5000000000000002 0.98750000000000016 -0.28124999999999994 19.650000000000002 1.5000000000000002 -1.5520833333333337 0.89444444444444449 1.0008277785814934 8.5000000000000018 1.1999999999999997 2.3500000000000019 -0.94695267581281539 -0.22611359161738873
decision_type=2 2 2 2 2 2 2 2 2 2 2 2 2 2
left_child=1 2 -1 4 10 -3 8 -2 9 13 -4 -5 -8 -7
right_child=7 5 3 11 -6 6 12 -9 -10 -11 -12 -13 -14 -15
leaf_value=-1.2008739460051386e-07 7.2694856197154871e-06 -1.8553911257475804e-06 2.8574519495450054e-11 -3.7503120369050117e-07 -2.7907526209663067e-10 -8.1551111894765211e-13 3.0635224357168318e-08 4.090503767585447e-07 -2.3605489273974467e-08 -1.9715644545850895e-12 -5.755878696788503e-06 2.0100899086220976e-08 -4.8681529009928195e-09 1.3152016033469106e-13
leaf_weight=4314.794728346169 105098.96797476429 7097.7397974757478 1899.7084235399961 397.0704635232687 163.03646635264158 221.91642387211323 401.84869835712016 632.05002170894295 910.76788175851107 3014.7722976831719 66.601999804377556 109.51192277669907 2065.3603013772517 483.07419442757964
leaf_count=14078 370846 26402 5905 968 660 460 1539 3694 3849 11707 121 372 6705 2142
internal_value=-0.000285373 -0.00338481 0.0047631 0.0171705 0.0241645 -0.00737492 -0.0134513 0.000334776 -0.0204283 -0.0246562 0.0287193 -0.0121265 -0.000326997 -0.00677524
internal_weight=126877 21146.2 6950.72 2635.93 2129.35 14195.5 7097.74 105731 4630.53 3719.76 1966.31 506.582 2467.21 704.991
internal_count=449448 74908 22104 8026 6686 52804 26402 374540 18158 14309 6026 1340 8244 2602
is_linear=0
shrinkage=0.035


Tree=104
num_leaves=15
num_cat=0
split_feature=1 2 53 1 62 36 62 49 11 28 46 41 59 64
split_gain=224.386 604.901 530.791 501.641 444.972 431.779 404.396 380.475 277.226 224.079 219.751 214.64 176.58 171.803
threshold=3.5000000000000004 1.5000000000000002 0.98750000000000016 1.5000000000000002 -0.28124999999999994 19.650000000000002 -1.5520833333333337 0.94281045751633996 1.0008277785814934 8.5000000000000018 1.1999999999999997 2.3500000000000019 -0.22611359161738873 -0.2854166666666666
decision_type=2 2 2 2 2 2 2 2 2 2 2 2 2 2
left_child=1 2 -1 -3 5 10 8 -2 9 12 13 -6 -5 -4
right_child=7 3 4 6 11 -7 -8 -9 -10 -11 -12 -13 -14 -15
leaf_value=-1.1588433578949587e-07 6.4380997452727383e-06 -1.7904524363464152e-06 -4.2611669242381322e-07 -7.8696822978448437e-13 -3.6190511156133359e-07 -2.6930762792324862e-10 -1.526984345881921e-09 3.9473361357199565e-07 -2.2779297149385358e-08 -1.9025596986746112e-12 -5.5544229424009051e-06 1.9397367618203244e-08 1.2691695472297687e-13 2.7574411313109302e-11
leaf_weight=4314.794728346169 105128.2642678069 7097.7397974757478 100.09907915443182 221.91642387211323 397.0704635232687 163.03646635264158 2467.2089997343719 602.75372866634279 910.76788175851107 3014.7722976831719 66.601999804377556 109.51192277669907 483.07419442757964 1799.6093443855643
leaf_count=14078 371039 26402 356 460 968 660 8244 3501 3849 11707 121 372 2142 5549
internal_value=-0.000337122 -0.00362746 0.00482759 -0.0077679 0.0171705 0.0241645 -0.0143405 0.000321227 -0.0204283 -0.0246562 0.0287193 -0.0121265 -0.00677524 0.0309416
internal_weight=126877 21146.2 6950.72 14195.5 2635.93 2129.35 7097.74 105731 4630.53 3719.76 1966.31 506.582 704.991 1899.71
internal_count=449448 74908 22104 52804 8026 6686 26402 374540 18158 14309 6026 1340 2602 5905
is_linear=0
shrinkage=0.035


Tree=105
num_leaves=15
num_cat=0
split_feature=1 2 53 1 62 36 62 49 11 28 46 41 59 64
split_gain=211.215 617.162 514.257 511.919 444.972 431.779 404.396 379.972 277.226 224.079 219.751 214.64 176.58 171.803
threshold=3.5000000000000004 1.5000000000000002 0.98750000000000016 1.5000000000000002 -0.28124999999999994 19.650000000000002 -1.5520833333333337 0.94281045751633996 1.0008277785814934 8.5000000000000018 1.1999999999999997 2.3500000000000019 -0.22611359161738873 -0.2854166666666666
decision_type=2 2 2 2 2 2 2 2 2 2 2 2 2 2
left_child=1 2 -1 -3 5 10 8 -2 9 12 13 -6 -5 -4
right_child=7 3 4 6 11 -7 -8 -9 -10 -11 -12 -13 -14 -15
leaf_value=-1.1182838403686353e-07 6.2127662541881944e-06 -1.7277866010742907e-06 -4.1120260818897979e-07 -7.5942434174202734e-13 -3.4923843265668696e-07 -2.598818609459349e-10 -1.4735398937760538e-09 3.8091793709697583e-07 -2.1982021749156872e-08 -1.8359701092209999e-12 -5.3600181394168725e-06 1.871845975156613e-08 1.2247486130767268e-13 2.6609306917150475e-11
leaf_weight=4314.794728346169 105128.2642678069 7097.7397974757478 100.09907915443182 221.91642387211323 397.0704635232687 163.03646635264158 2467.2089997343719 602.75372866634279 910.76788175851107 3014.7722976831719 66.601999804377556 109.51192277669907 483.07419442757964 1799.6093443855643
leaf_count=14078 371039 26402 356 460 968 660 8244 3501 3849 11707 121 372 2142 5549
internal_value=-0.000326384 -0.00351869 0.00502149 -0.00770093 0.0171705 0.0241645 -0.0143405 0.000312351 -0.0204283 -0.0246562 0.0287193 -0.0121265 -0.00677524 0.0309416
internal_weight=126877 21146.2 6950.72 14195.5 2635.93 2129.35 7097.74 105731 4630.53 3719.76 1966.31 506.582 704.991 1899.71
internal_count=449448 74908 22104 52804 8026 6686 26402 374540 18158 14309 6026 1340 2602 5905
is_linear=0
shrinkage=0.035


Tree=106
num_leaves=15
num_cat=0
split_feature=1 2 1 53 62 36 62 49 11 28 46 41 49 59
split_gain=201.055 627.289 518.694 501.839 444.972 431.779 404.396 378.715 277.226 224.079 219.751 214.64 185.54 176.58
threshold=3.5000000000000004 1.5000000000000002 1.5000000000000002 0.98750000000000016 -0.28124999999999994 19.650000000000002 -1.5520833333333337 0.94281045751633996 1.0008277785814934 8.5000000000000018 1.1999999999999997 2.3500000000000019 0.89444444444444449 -0.22611359161738873
decision_type=2 2 2 2 2 2 2 2 2 2 2 2 2 2
left_child=1 3 12 -1 5 10 8 -2 9 13 -5 -6 -3 -4
right_child=7 2 6 4 11 -7 -8 -9 -10 -11 -12 -13 -14 -15
leaf_value=-1.0791439059557329e-07 5.9953194352916092e-06 -6.7970826839734082e-06 -7.3284448978105636e-13 2.5677981175050207e-11 -3.3701508751370293e-07 -2.5078599581282718e-10 -1.4219659974938919e-09 3.6758580929858167e-07 -2.1212650987936379e-08 -1.7717111553982647e-12 -5.1724175045372821e-06 1.8063313660261314e-08 4.8031871208327804e-07 1.1818824116190413e-13
leaf_weight=4314.794728346169 105128.2642678069 6613.4438274139538 221.91642387211323 1899.7084235399961 397.0704635232687 163.03646635264158 2467.2089997343719 602.75372866634279 910.76788175851107 3014.7722976831719 66.601999804377556 109.51192277669907 484.29597006179392 483.07419442757964
leaf_count=14078 371039 23135 460 5905 968 660 8244 3501 3849 11707 121 372 3267 2142
internal_value=-0.000326126 -0.00344071 -0.00765715 0.00516916 0.0171705 0.0241645 -0.0143405 0.000297056 -0.0204283 -0.0246562 0.0287193 -0.0121265 -0.00096304 -0.00677524
internal_weight=126877 21146.2 14195.5 6950.72 2635.93 2129.35 7097.74 105731 4630.53 3719.76 1966.31 506.582 7097.74 704.991
internal_count=449448 74908 52804 22104 8026 6686 26402 374540 18158 14309 6026 1340 26402 2602
is_linear=0
shrinkage=0.035


Tree=107
num_leaves=15
num_cat=0
split_feature=1 2 1 53 62 36 62 49 11 28 46 41 49 59
split_gain=194.375 630.445 525.623 496.102 443.981 431.779 404.396 378.923 277.226 224.079 219.751 214.237 183.245 176.58
threshold=3.5000000000000004 1.5000000000000002 1.5000000000000002 0.98750000000000016 -0.28124999999999994 19.650000000000002 -1.5520833333333337 0.94281045751633996 1.0008277785814934 8.5000000000000018 1.1999999999999997 2.3500000000000019 0.89444444444444449 -0.22611359161738873
decision_type=2 2 2 2 2 2 2 2 2 2 2 2 2 2
left_child=1 3 12 -1 5 10 8 -2 9 13 -5 -6 -3 -4
right_child=7 2 6 4 11 -7 -8 -9 -10 -11 -12 -13 -14 -15
leaf_value=-1.0413738692472823e-07 5.7854832550564012e-06 -6.5591847900343386e-06 -7.0719493263871938e-13 2.4779251833923451e-11 -3.2521955945072332e-07 -2.4200848595937824e-10 -1.3721971875816055e-09 3.5472030597313131e-07 -2.0470208203358606e-08 -1.7097012649593255e-12 -4.9913828918784774e-06 1.7431097682152168e-08 4.6350755716036333e-07 1.1405165272123749e-13
leaf_weight=4314.794728346169 105128.2642678069 6613.4438274139538 221.91642387211323 1899.7084235399961 397.0704635232687 163.03646635264158 2467.2089997343719 602.75372866634279 910.76788175851107 3014.7722976831719 66.601999804377556 109.51192277669907 484.29597006179392 483.07419442757964
leaf_count=14078 371039 23135 460 5905 968 660 8244 3501 3849 11707 121 372 3267 2142
internal_value=-0.000323213 -0.00338562 -0.00761267 0.00524583 0.0171784 0.0241645 -0.0143405 0.000289531 -0.0204283 -0.0246562 0.0287193 -0.0120864 -0.000874141 -0.00677524
internal_weight=126877 21146.2 14195.5 6950.72 2635.93 2129.35 7097.74 105731 4630.53 3719.76 1966.31 506.582 7097.74 704.991
internal_count=449448 74908 52804 22104 8026 6686 26402 374540 18158 14309 6026 1340 26402 2602
is_linear=0
shrinkage=0.035


Tree=108
num_leaves=15
num_cat=0
split_feature=1 2 1 53 62 36 62 49 11 28 46 41 53 59
split_gain=184.121 620.699 542.757 496.486 440.402 431.779 403.351 379.129 280.215 224.079 219.751 212.781 204.156 176.58
threshold=3.5000000000000004 1.5000000000000002 1.5000000000000002 0.98750000000000016 -0.28124999999999994 19.650000000000002 -1.5520833333333337 0.94281045751633996 1.0008277785814934 8.5000000000000018 1.1999999999999997 2.3500000000000019 0.8514705882352942 -0.22611359161738873
decision_type=2 2 2 2 2 2 2 2 2 2 2 2 2 2
left_child=1 3 12 -1 5 10 8 -2 9 13 -5 -6 -3 -4
right_child=7 2 6 4 11 -7 -8 -9 -10 -11 -12 -13 -14 -15
leaf_value=-1.0049257838236275e-07 5.5829913411294262e-06 -6.497465812864371e-06 -6.8244310999636415e-13 2.3911978019736128e-11 -3.1383687486994805e-07 -2.3353818895080003e-10 -1.3241702860162492e-09 3.4230509526407167e-07 -1.9753750916241054e-08 -1.6498617206857492e-12 -4.8166844906627307e-06 1.682100926327684e-08 4.4815568733278186e-07 1.1005984487599417e-13
leaf_weight=4314.794728346169 105128.2642678069 6576.8300149822608 221.91642387211323 1899.7084235399961 397.0704635232687 163.03646635264158 2467.2089997343719 602.75372866634279 910.76788175851107 3014.7722976831719 66.601999804377556 109.51192277669907 520.909782493487 483.07419442757964
leaf_count=14078 371039 22719 460 5905 968 660 8244 3501 3849 11707 121 372 3683 2142
internal_value=-0.0003143 -0.00329483 -0.0074891 0.00526958 0.0172067 0.0241645 -0.0143257 0.000282062 -0.0204056 -0.0246562 0.0287193 -0.0119411 -0.000641994 -0.00677524
internal_weight=126877 21146.2 14195.5 6950.72 2635.93 2129.35 7097.74 105731 4630.53 3719.76 1966.31 506.582 7097.74 704.991
internal_count=449448 74908 52804 22104 8026 6686 26402 374540 18158 14309 6026 1340 26402 2602
is_linear=0
shrinkage=0.035


Tree=109
num_leaves=15
num_cat=0
split_feature=1 2 1 53 62 36 62 49 11 28 46 41 52 59
split_gain=181.567 618.427 546.864 496.284 440.402 431.779 403.351 377.765 280.215 224.079 219.751 212.781 204.168 176.58
threshold=3.5000000000000004 1.5000000000000002 1.5000000000000002 0.98750000000000016 -0.28124999999999994 19.650000000000002 -1.5520833333333337 0.94281045751633996 1.0008277785814934 8.5000000000000018 1.1999999999999997 2.3500000000000019 0.10119163818749534 -0.22611359161738873
decision_type=2 2 2 2 2 2 2 2 2 2 2 2 2 2
left_child=1 3 12 -1 5 10 8 -2 9 13 -5 -6 -3 -4
right_child=7 2 6 4 11 -7 -8 -9 -10 -11 -12 -13 -14 -15
leaf_value=-9.6975338138980056e-08 5.3875866441898981e-06 4.3247145354712218e-07 -6.5855760114649141e-13 2.3075058789045363e-11 -3.0285258424949985e-07 -2.2536435233752202e-10 -1.2778243260056808e-09 3.3032441692982919e-07 -1.9062369634172615e-08 -1.5921165604617481e-12 -4.6481005334895348e-06 1.6232273939062151e-08 -6.4920031274079021e-06 1.0620775030533438e-13
leaf_weight=4314.794728346169 105128.2642678069 591.54070348106325 221.91642387211323 1899.7084235399961 397.0704635232687 163.03646635264158 2467.2089997343719 602.75372866634279 910.76788175851107 3014.7722976831719 66.601999804377556 109.51192277669907 6506.1990939946845 483.07419442757964
leaf_count=14078 371039 4182 460 5905 968 660 8244 3501 3849 11707 121 372 22220 2142
internal_value=-0.000316911 -0.0032767 -0.00746328 0.00527202 0.0172067 0.0241645 -0.0143257 0.0002753 -0.0204056 -0.0246562 0.0287193 -0.0119411 -0.000590395 -0.00677524
internal_weight=126877 21146.2 14195.5 6950.72 2635.93 2129.35 7097.74 105731 4630.53 3719.76 1966.31 506.582 7097.74 704.991
internal_count=449448 74908 52804 22104 8026 6686 26402 374540 18158 14309 6026 1340 26402 2602
is_linear=0
shrinkage=0.035


Tree=110
num_leaves=15
num_cat=0
split_feature=1 2 1 53 62 36 62 49 11 28 46 41 53 59
split_gain=180.194 621.745 546.684 493.546 440.402 431.779 403.351 377.146 280.215 224.079 219.751 212.781 191.205 176.58
threshold=3.5000000000000004 1.5000000000000002 1.5000000000000002 0.98750000000000016 -0.28124999999999994 19.650000000000002 -1.5520833333333337 0.94281045751633996 1.0008277785814934 8.5000000000000018 1.1999999999999997 2.3500000000000019 0.8514705882352942 -0.22611359161738873
decision_type=2 2 2 2 2 2 2 2 2 2 2 2 2 2
left_child=1 3 12 -1 5 10 8 -2 9 13 -5 -6 -3 -4
right_child=7 2 6 4 11 -7 -8 -9 -10 -11 -12 -13 -14 -15
leaf_value=-9.3581201304115742e-08 5.1990211116432526e-06 -6.0663452844395908e-06 -6.3550808510636427e-13 2.2267431731428777e-11 -2.922527438007673e-07 -2.1747660000570875e-10 -1.233100474595482e-09 3.1876306233728515e-07 -1.8395186696976574e-08 -1.5363924808455869e-12 -4.4854170148174007e-06 1.5664144351194978e-08 4.1733484380876727e-07 1.0249047904464767e-13
leaf_weight=4314.794728346169 105128.2642678069 6576.8300149822608 221.91642387211323 1899.7084235399961 397.0704635232687 163.03646635264158 2467.2089997343719 602.75372866634279 910.76788175851107 3014.7722976831719 66.601999804377556 109.51192277669907 520.909782493487 483.07419442757964
leaf_count=14078 371039 22719 460 5905 968 660 8244 3501 3849 11707 121 372 3683 2142
internal_value=-0.00031803 -0.00326661 -0.00746441 0.005305 0.0172067 0.0241645 -0.0143257 0.000271938 -0.0204056 -0.0246562 0.0287193 -0.0119411 -0.000592655 -0.00677524
internal_weight=126877 21146.2 14195.5 6950.72 2635.93 2129.35 7097.74 105731 4630.53 3719.76 1966.31 506.582 7097.74 704.991
internal_count=449448 74908 52804 22104 8026 6686 26402 374540 18158 14309 6026 1340 26402 2602
is_linear=0
shrinkage=0.035


Tree=111
num_leaves=15
num_cat=1
split_feature=13 57 59 57 21 36 57 62 57 28 1 21 3 1
split_gain=118.7 135.965 219.957 106.481 147.018 114.866 114.083 102.206 251.066 242.317 442.134 269.9 342.647 195.362
threshold=0.9868611173648858 0.025513901728264912 0.63209755774300602 2.0025478082034289 1.0000000180025095e-35 16.750000000000004 1.2554939055094037 0.78333333333333421 1.2953102889197674 54.500000000000007 17.500000000000004 1.0000000180025095e-35 0 17.500000000000004
decision_type=2 2 2 2 2 2 2 2 2 2 2 2 1 2
left_child=1 2 -1 5 -5 -3 -7 -2 -9 10 11 -10 -13 -11
right_child=7 3 -4 4 -6 6 -8 8 9 13 -12 12 -14 -15
leaf_value=5.4401237896278465e-05 -1.2758717610488834e-12 -0.00024767915573719804 -4.2896420512657367e-05 -0.00035330056384477601 -0.0045762508928218638 0.00050689329094320173 -0.00039945830501624403 0.00058835392278583181 -0.0010784733013494841 0.0013871995524516896 0.0014081672349729932 0.0014012841758592523 -0.0017623430276557149 -0.00096221959699369032
leaf_weight=1206.134916580515 66582.749830210814 12245.45588754979 697.03020944073796 969.77785636787303 988.32963949907571 2485.7595350444317 3572.1197220422328 10874.661811344558 10639.916289243847 5648.4199450013693 4385.1794213540852 2788.2036476433277 1983.1114933602512 1810.3713910849765
leaf_count=3739 226781 44885 3112 4259 3594 11308 17178 35537 35776 22911 15406 7767 10326 6869
internal_value=-2.53504e-05 -0.00235161 0.00657005 -0.00319246 -0.0109299 -0.00235919 0.00158117 0.000467229 0.00191193 0.000117342 -0.00190851 -0.00469865 0.00221496 0.00548952
internal_weight=126877 22164.6 1903.17 20261.4 1958.11 18303.3 6057.88 104713 38129.9 27255.2 19796.4 15411.2 4771.32 7458.79
internal_count=449448 88075 6851 81224 7853 73371 28486 361373 134592 99055 69275 53869 18093 29780
cat_boundaries=0 1
cat_threshold=1
is_linear=0
shrinkage=0.035


Tree=112
num_leaves=15
num_cat=0
split_feature=57 12 7 57 36 46 2 9 62 59 60 1 14 52
split_gain=105.307 105.873 111.253 125.518 102.379 366.842 101.145 95.1027 153.094 129.401 119.978 112.572 86.9027 82.8519
threshold=2.2172500651780487 0.88573591735431179 1.0986177400626478 0.084027131293982052 27.850000000000005 2.5499999999999998 1.5000000000000002 1.0506718036548539 1.9833333333333341 0.59125596962661842 -0.61186373645567593 20.500000000000004 1.1694833628063137 0.16998168498168495
decision_type=2 2 2 2 2 2 2 2 2 2 2 2 2 2
left_child=1 12 4 -4 7 -6 -2 13 10 -10 11 -9 -1 -3
right_child=6 2 3 -5 5 -7 -8 8 9 -11 -12 -13 -14 -15
leaf_value=-0.00044986181833875822 0.00022896325962114503 1.4355882391479593e-13 -8.5288162610445827e-06 0.001093728590266266 0.002696758920637094 -0.0032199319091179689 -0.0022343417171830048 -5.8540231548286931e-06 0.0025047196418309273 0.00040018416848275909 0.00028499303378766146 -0.00093324302777271744 -0.002410094506242251 -1.6009050450384242e-05
leaf_weight=961.05042998120189 1418.5726293921471 29460.789243690204 736.75140744354576 4213.6932608182542 579.07544644922018 1206.5031389221549 2265.2751042621676 3710.346537870355 1870.6862373966724 1690.7160781882703 2657.1751800803468 981.73773388913833 210.64926883601584 74914.199898548191
leaf_count=5496 4950 84714 3729 20259 2663 5159 8673 17155 7788 8411 12639 4277 999 262536
internal_value=-0.000118423 5.61683e-05 0.000157124 0.00529107 -6.04026e-05 -0.00835347 -0.00594136 6.87563e-05 0.00317641 0.00912106 0.000287194 -0.00307667 -0.0103698 -0.00025637
internal_weight=126877 123193 122022 4950.44 117071 1785.58 3683.85 115286 10910.7 3561.4 7349.26 4692.08 1171.7 104375
internal_count=449448 435825 429330 23988 405342 7822 13623 397520 50270 16199 34071 21432 6495 347250
is_linear=0
shrinkage=0.035


Tree=113
num_leaves=15
num_cat=0
split_feature=13 57 59 1 2 62 53 36 49 36 53 62 46 64
split_gain=104.002 128.502 208.462 117.87 431.415 524.097 558.761 431.779 369.319 288.57 546.821 321.213 219.751 171.803
threshold=0.9868611173648858 0.025513901728264912 0.63209755774300602 3.5000000000000004 1.5000000000000002 -0.28124999999999994 0.98750000000000016 19.650000000000002 0.94281045751633996 9.4500000000000011 0.98750000000000016 -1.4500000000000017 1.1999999999999997 -0.2854166666666666
decision_type=2 2 2 2 2 2 2 2 2 2 2 2 2 2
left_child=1 2 -1 4 5 6 -2 12 -5 -6 -11 -12 13 -8
right_child=3 -3 -4 8 9 -7 7 -9 -10 10 11 -13 -14 -15
leaf_value=5.2174873182121842e-05 -1.3192306617511774e-09 -0.0002213464085114151 -4.09671783051002e-05 2.98504399126923e-05 -5.7363434932794851e-13 -5.0357917276259994e-07 -3.9681466718096685e-07 -2.0982528805270925e-10 3.076068220890238e-07 -3.9608975979281779e-08 -1.4429877912162984e-12 5.4182914936795348e-10 -4.3284273796678383e-06 2.1527702573628459e-11
leaf_weight=1206.134916580515 2583.3870731070638 20261.442640503403 697.03020944073796 85427.714281577617 5981.8155885965098 1232.0548814237118 100.09907915443182 163.03646635264158 602.75372866634279 4012.1793160331436 2151.820870000869 591.54120014095679 66.601999804377556 1799.6093443855643
leaf_count=3739 9160 81224 3112 290705 18731 3673 356 660 3501 16985 9341 2591 121 5549
internal_value=-9.81863e-05 -0.00227567 0.00639767 0.000362896 -0.00215628 0.00562283 0.0109352 0.0241645 0.000910141 -0.00578852 -0.0107402 -0.0227522 0.0287193 0.0309416
internal_weight=126877 22164.6 1903.17 104713 18682.1 5944.79 4712.73 2129.35 86030.5 12737.4 6755.54 2743.36 1966.31 1899.71
internal_count=449448 88075 6851 361373 67167 19519 15846 6686 294206 47648 28917 11932 6026 5905
is_linear=0
shrinkage=0.035


Tree=114
num_leaves=15
num_cat=0
split_feature=51 13 57 1 2 62 53 36 49 36 53 62 46 64
split_gain=101.027 99.3114 127.058 111.516 434.142 519.842 557.624 431.779 371.339 288.496 546.835 321.213 219.751 171.803
threshold=1.0270234180041347 0.9868611173648858 1.2989134797818134 3.5000000000000004 1.5000000000000002 -0.28124999999999994 0.98750000000000016 19.650000000000002 0.94281045751633996 9.4500000000000011 0.98750000000000016 -1.4500000000000017 1.1999999999999997 -0.2854166666666666
decision_type=2 2 2 2 2 2 2 2 2 2 2 2 2 2
left_child=1 2 -1 4 5 6 -3 12 -5 -6 -11 -12 13 -8
right_child=-2 3 -4 8 9 -7 7 -9 -10 10 11 -13 -14 -15
leaf_value=1.9571676923303968e-06 0.004190093650474758 -3.6287562533831962e-11 -0.00090607026318634775 2.6503287791774475e-05 -5.5355714710147026e-13 -4.8595390171590891e-07 -3.8292615382963301e-07 -2.0248140297086442e-10 2.9684058331590798e-07 -3.8222661820006917e-08 -1.3924832185237277e-12 5.2286512914007513e-10 -4.1769324213794644e-06 2.0774232983551462e-11
leaf_weight=12096.906571357511 329.62651583133265 2580.8122064545751 9985.9548076740466 85190.479839347769 5977.2174886199646 1230.6156925261021 100.09907915443182 163.03646635264158 602.71400644350797 4010.1855076742359 2151.820870000869 591.54120014095679 66.601999804377556 1799.6093443855643
leaf_count=46686 1483 9151 40970 289681 18714 3668 356 660 3499 16978 9341 2591 121 5549
internal_value=-9.48096e-05 -0.000145961 -0.00227795 0.000304896 -0.00214565 0.00566082 0.0109516 0.0241645 0.000838407 -0.0057901 -0.0107412 -0.0227522 0.0287193 0.0309416
internal_weight=126877 126548 22082.9 104465 18671.5 5940.77 4710.16 2129.35 85793.2 12730.8 6753.55 2743.36 1966.31 1899.71
internal_count=449448 447965 87656 360309 67129 19505 15837 6686 293180 47624 28910 11932 6026 5905
is_linear=0
shrinkage=0.035


Tree=115
num_leaves=15
num_cat=0
split_feature=36 46 46 60 60 1 1 14 1 57 1 57 14 1
split_gain=99.0431 354.238 108.889 414.917 241.595 1310.08 357.659 792.667 285.851 531.185 271.119 263.388 256.238 222.784
threshold=27.850000000000005 2.9000000000000017 4.2000000000000028 -0.8038981836306559 -0.86955717898714324 18.500000000000004 17.500000000000004 0.98774795522931602 6.5000000000000009 0.057082574837178227 12.500000000000002 0.20895744778118985 0.98774795522931602 12.500000000000002
decision_type=2 2 2 2 2 2 2 2 2 2 2 2 2 2
left_child=2 -2 4 13 5 8 10 -8 9 -1 -6 -7 -12 -4
right_child=1 -3 3 -5 6 11 7 -9 -10 -11 12 -13 -14 -15
leaf_value=1.5462259217810639e-11 0.002331218262904351 -0.0031687834013397601 7.2750980902339219e-05 -8.6390209323441059e-05 7.9960929376935787e-14 0.00012177627676059453 0.0015149439427245268 -2.8474835047378916e-05 0.00087246718877887288 -0.00062440892711972758 -0.0021910299330937075 -0.0023164819188009659 -0.00029678532519605865 0.002705136887059026
leaf_weight=5433.263348812703 662.63820071518421 1200.4615997225046 1501.5790986893699 12784.525696689263 46790.582997997291 622.0777377334889 7974.9368330389261 15917.5955653321 10430.965406312142 3023.0831518145278 3819.886562384665 5418.1697627145331 8286.1457379898056 3011.3098958213814
leaf_count=21615 3024 5211 6021 45986 158937 2604 34146 47805 39978 10893 16821 20616 24091 11700
internal_value=-8.98006e-05 -0.0080784 2.98909e-05 0.00260676 -0.000384112 -0.00340415 0.000525514 0.00413643 0.00113563 -0.00364414 -0.000939777 -0.0175781 -0.005606 0.0117178
internal_weight=126877 1863.1 125014 17297.4 107717 24927.6 82789.1 23892.5 18887.3 8456.35 58896.6 6040.25 12106 4512.89
internal_count=449448 8235 441213 63707 377506 95706 281800 81951 72486 32508 199849 23220 40912 17721
is_linear=0
shrinkage=0.035


Tree=116
num_leaves=15
num_cat=0
split_feature=57 12 7 57 36 46 2 9 62 59 50 60 1 1
split_gain=96.9977 102.092 104.407 105.062 93.8204 336.03 92.9461 87.3124 137.338 113.652 104.243 92.8574 1144.01 402.635
threshold=2.2172500651780487 0.88573591735431179 1.0986177400626478 0.10803771127657769 27.850000000000005 2.5499999999999998 1.5000000000000002 1.0515746879968411 1.9833333333333341 0.7025209685794126 19.000000000000004 -0.87792756428346708 18.500000000000004 12.500000000000002
decision_type=2 2 2 2 2 2 2 2 2 2 2 2 2 2
left_child=1 -1 4 -4 7 -6 -2 11 10 -10 -9 12 13 -3
right_child=6 2 3 -5 5 -7 -8 8 9 -11 -12 -13 -14 -15
leaf_value=-0.00096430559075894972 0.00021816682840613056 -1.776061172946525e-12 -9.3614759787068735e-06 0.001070150041654854 0.0025188073387434865 -0.0029921149704046517 -0.0021578538958123743 0.00027716817547838795 0.0021851077921917804 0.0001780412704740585 -8.3929076080064871e-05 7.7162296848743033e-14 -0.0019940957499215732 0.0017458050193174068
leaf_weight=1171.6996988172177 1418.5726293921471 11896.953483735677 787.84852294903249 4162.5961453127675 579.07544644922018 1206.5031389221549 2265.2751042621676 3118.6380712983664 2177.117901282385 1319.0337598994374 4077.8820834718645 83891.563026274554 4489.4474989357404 4315.015084765153
leaf_count=6495 4950 43990 4017 19971 2663 5159 8673 17997 9219 6681 15381 272407 16308 15537
internal_value=-0.000125406 4.21568e-05 0.000141294 0.00511479 -6.9433e-05 -0.0080083 -0.00571389 5.42105e-05 0.00306518 0.00874539 0.000297359 -0.000253868 -0.00235261 0.00197973
internal_weight=126877 123193 122022 4950.44 117071 1785.58 3683.85 115286 10692.7 3496.15 7196.52 104593 20701.4 16212
internal_count=449448 435825 429330 23988 405342 7822 13623 397520 49278 15900 33378 348242 75835 59527
is_linear=0
shrinkage=0.035


Tree=117
num_leaves=15
num_cat=0
split_feature=7 57 21 12 36 46 40 36 1 60 46 57 60 1
split_gain=94.6452 95.3465 119.618 90.7898 91.2565 314.384 87.3561 89.9714 415.879 240.813 175.658 204.517 187.654 977.262
threshold=1.0986177400626478 2.195558549645483 1.0000000180025095e-35 0.88573591735431179 27.850000000000005 2.9000000000000017 5.150000000000003 19.750000000000004 18.500000000000004 -0.79354221435844496 4.2000000000000028 1.2603328884191665 -0.87792756428346708 18.500000000000004
decision_type=2 2 2 2 2 2 2 2 2 2 2 2 2 2
left_child=1 3 -3 -1 6 -6 7 10 9 -9 12 -12 13 -5
right_child=-2 2 -4 4 5 -7 -8 8 -10 -11 11 -13 -14 -15
leaf_value=-0.0011208993025166763 0.00033723449261901178 -0.00047300196523909841 -0.0041404770903701177 1.4983242286240397e-11 0.0023193049031101031 -0.0029531519583287057 -0.0020220306905115982 0.0018160371783130808 0.0014062852280498615 -1.4850456366953557e-06 0.0020450788210345434 0.00024733163016432957 7.4461616459037029e-14 -0.0017645076472925078
leaf_weight=876.80439447727986 5328.6939324210398 3241.7841353968251 866.84932689648122 15440.26794669684 595.38766483962536 1181.5531121604145 620.34162356331944 1849.797737877816 4155.3625864572823 11965.131887387484 1573.5102417967282 8322.1789175283629 65681.461878898554 5178.0962093698326
leaf_count=4784 26211 11280 3296 58324 2708 5085 2979 7681 17197 49825 5184 27239 208325 19330
internal_value=-0.000116718 -0.000317025 -0.00555133 -0.000133446 -4.85641e-05 -0.00789714 7.36126e-05 0.000145342 0.00241789 -0.000504592 -0.000279401 0.00413499 -0.000786004 -0.0036981
internal_weight=126877 121549 4108.63 117440 116563 1776.94 114786 114166 17970.3 13814.9 96195.5 9895.69 86299.8 20618.4
internal_count=449448 423237 14576 408661 403877 7793 396084 393105 74703 57506 318402 32423 285979 77654
is_linear=0
shrinkage=0.035


Tree=118
num_leaves=15
num_cat=0
split_feature=11 36 57 46 57 28 1 61 49 46 62 2 60 21
split_gain=97.9761 123.384 432.798 176.28 245.681 141.869 125.335 115.337 179.047 378.938 305.649 298.626 318.246 188.697
threshold=0.99008769215259795 19.750000000000004 1.2132367771513464 2.9000000000000017 1.2828418053398616 54.500000000000007 17.500000000000004 13.297916666666669 0.94281045751633996 0.7999999999999996 -0.4937500000000003 1.5000000000000002 0.97308229207007269 1.0000000180025095e-35
decision_type=2 2 2 2 2 2 2 2 2 2 2 2 2 2
left_child=-1 3 -3 7 -5 6 -4 8 -2 10 11 -10 -13 -12
right_child=1 2 5 4 -6 -7 -8 -9 9 -11 13 12 -14 -15
leaf_value=-7.7019257505144949e-05 -2.2043023912268741e-06 0.00023156423099955027 -0.00082411282052650579 0.0017481701135233182 0.00019386113462703994 0.0016013886386096812 0.0017548819125483518 -2.3471767174640553e-12 2.3356182215521576e-11 -2.343649416609825e-05 1.4537912739650088e-08 7.1855459882970736e-14 7.1855459882970736e-14 -2.704311164842909e-05
leaf_weight=35448.988899100106 40088.870019936236 4500.5827388316393 5479.764902241528 2611.227073377464 9302.6965719815344 1351.1617097705603 936.8005440980196 21047.644882284105 1436.2188630327582 282.19601994752884 1026.4971299956087 2392.6224871589802 626.00780274719 345.94195126462728
leaf_count=134364 116033 19513 22146 8311 31106 5830 4384 87490 4457 690 2713 9089 2141 1181
internal_value=3.06441e-05 0.000636263 0.00390077 0.000129896 0.00405197 -0.00110524 -0.00327796 -0.000565474 0.000412983 0.0059893 0.0079273 0.0123702 0.00608156 -0.00647908
internal_weight=126877 91428.2 12268.3 79159.9 11913.9 7767.73 6416.57 67246 46198.4 6109.48 5827.29 4454.85 3018.63 1372.44
internal_count=449448 315084 51873 263211 39417 32360 26530 223794 136304 20271 19581 15687 11230 3894
is_linear=0
shrinkage=0.035


Tree=119
num_leaves=15
num_cat=0
split_feature=1 2 53 62 36 61 53 49 46 62 64 37 46 11
split_gain=100.622 332.279 417.967 759.82 470.275 334.565 573.302 302.805 219.751 204.729 171.803 167.089 158.156 143.37
threshold=3.5000000000000004 1.5000000000000002 0.98750000000000016 -0.28124999999999994 19.650000000000002 13.297916666666669 0.98750000000000016 0.94281045751633996 1.1999999999999997 -1.0645833333333334 -0.2854166666666666 0.25000000000000006 0.90000000000000135 1.0278790689602759
decision_type=2 2 2 2 2 2 2 2 2 2 2 2 2 2
left_child=1 2 -1 4 8 12 -7 13 10 -8 -4 -5 -3 -2
right_child=7 5 3 11 -6 6 9 -9 -10 -11 -12 -13 -14 -15
leaf_value=-2.5687497339301665e-07 -2.3156469023107638e-05 6.9340518787066763e-14 -3.6952456401744292e-07 -2.4789903558139705e-07 -8.0529668877531017e-06 -1.3284684190878089e-07 -2.2650255323528132e-12 2.864502190939742e-07 -3.2104624989232144e-06 4.3360705095255011e-08 1.922156298208994e-11 4.9240761485246518e-08 -2.4108126958825225e-05 0.00015283371288702852
leaf_weight=4314.794728346169 83008.523513629334 7385.2597990836948 100.09907915443182 408.60883058607578 163.03646635264158 4206.7700914107263 2126.4727880433202 602.75372866634279 66.601999804377556 247.64871327206492 1799.6093443855643 97.973555713891983 229.3282031416893 22119.740754177561
leaf_count=14078 282239 23986 356 1015 660 17900 9359 3501 121 1073 5549 325 486 88800
internal_value=-0.000207551 -0.00241093 0.00385533 0.0148084 0.0239626 -0.00547972 -0.0112531 0.000233311 0.0287193 -0.0249662 0.0309416 -0.0233886 -0.000481846 9.0311e-05
internal_weight=126877 21146.2 6950.72 2635.93 2129.35 14195.5 6580.89 105731 1966.31 2374.12 1899.71 506.582 7614.59 105128
internal_count=449448 74908 22104 8026 6686 52804 28332 374540 6026 10432 5905 1340 24472 371039
is_linear=0
shrinkage=0.035


Tree=120
num_leaves=15
num_cat=0
split_feature=1 2 53 62 36 61 53 49 46 62 64 37 46 11
split_gain=93.9981 351.358 422.731 772.777 437.363 334.565 573.302 302.605 219.988 204.729 171.947 167.089 158.156 137.672
threshold=3.5000000000000004 1.5000000000000002 0.98750000000000016 -0.28124999999999994 20.150000000000002 13.297916666666669 0.98750000000000016 0.94281045751633996 1.1999999999999997 -1.0645833333333334 -0.2854166666666666 0.25000000000000006 0.90000000000000135 1.044975438592026
decision_type=2 2 2 2 2 2 2 2 2 2 2 2 2 2
left_child=1 2 -1 4 8 12 -7 13 10 -8 -4 -5 -3 -2
right_child=7 5 3 11 -6 6 9 -9 -10 -11 -12 -13 -14 -15
leaf_value=-2.4788434932426107e-07 -1.4638185327547309e-05 6.6913600629519419e-14 -3.5659120427683241e-07 -2.3922256933604814e-07 -7.7711130466817439e-06 -1.2819720244197354e-07 -2.1857496387204649e-12 2.7642446142568516e-07 -3.0980963114609019e-06 4.184308041692109e-08 1.8548808277716792e-11 4.7517334833262887e-08 -2.3264342515266342e-05 0.00028054318396452191
leaf_weight=4314.794728346169 92501.877784607699 7385.2597990836948 100.09907915443182 408.60883058607578 150.30501095205545 4206.7700914107263 2126.4727880433202 602.75372866634279 66.601999804377556 247.64871327206492 1812.3407997861505 97.973555713891983 229.3282031416893 12626.386483199196
leaf_count=14078 315392 23986 356 1015 608 17900 9359 3501 121 1073 5601 325 486 55647
internal_value=-0.00019439 -0.00232401 0.00411952 0.0151347 0.0243661 -0.00547972 -0.0112531 0.000231714 0.0287595 -0.0249662 0.0309685 -0.0233886 -0.000481846 8.87608e-05
internal_weight=126877 21146.2 6950.72 2635.93 2129.35 14195.5 6580.89 105731 1979.04 2374.12 1912.44 506.582 7614.59 105128
internal_count=449448 74908 22104 8026 6686 52804 28332 374540 6078 10432 5957 1340 24472 371039
is_linear=0
shrinkage=0.035


Tree=121
num_leaves=15
num_cat=0
split_feature=51 36 46 46 60 6 59 2 49 36 1 57 14 53
split_gain=93.5068 85.5957 290.167 99.1649 302.967 224.201 387.163 224.509 299.023 277.158 178.714 195.035 169.895 165.865
threshold=1.0270234180041347 27.850000000000005 2.9000000000000017 -2.8499999999999988 -0.45205545877835857 3.9327992798645268 0.081675638985454754 1.5000000000000002 0.97500000000000009 19.850000000000005 18.500000000000004 0.20895744778118985 1.1694833628063137 0.98750000000000016
decision_type=2 2 2 2 2 2 2 2 2 2 2 2 2 2
left_child=1 3 -3 4 10 7 -7 8 -6 -10 -1 -12 -13 -9
right_child=-2 2 -4 -5 5 6 -8 13 9 -11 11 12 -14 -15
leaf_value=-1.7148371284068061e-12 0.0039793482294260092 0.0020441516246737495 -0.0028486247228687363 1.6259666268335818e-13 -8.7657541929955287e-07 -0.00031266662818100154 0.000409462536688927 -1.4605100403914034e-07 1.7899599987996707e-11 -7.4991253053188703e-06 0.00022745803765772139 -0.00079398311173280883 -0.0025136954692975043 -2.220330241367049e-12
leaf_weight=7147.1481173946522 329.62651583133265 660.10863412171602 1200.4615997225046 96191.299823909532 1576.1027081683278 2602.4007901549339 7262.2664603153244 3628.3027020450681 803.633480258286 108.31504388898611 527.93351036310196 1801.3869741978124 1303.0514752767049 1735.1837601196021
leaf_count=29417 1483 3016 5211 330303 5794 5515 26706 16615 2474 426 2472 7804 4611 7601
internal_value=-0.000186986 -0.000236189 -0.00766764 -0.000124691 -0.0019378 0.000877621 0.00438832 -0.00353319 0.00514254 0.020979 -0.00656148 -0.012873 -0.0162107 -0.00755983
internal_weight=126877 126548 1860.57 124687 28495.7 17716.2 9864.67 7851.54 2488.05 911.949 10779.5 3632.37 3104.44 5363.49
internal_count=449448 447965 8227 439738 109435 65131 32221 32910 8694 2900 44304 14887 12415 24216
is_linear=0
shrinkage=0.035


Tree=122
num_leaves=15
num_cat=0
split_feature=13 6 36 46 57 21 46 60 6 59 36 1 57 2
split_gain=88.7651 128.451 89.2657 249.765 90.8519 111.293 98.2672 235.426 175.236 307.594 204.538 163.186 166.903 158.17
threshold=1.0302243374822744 7.7351218193599456 27.850000000000005 2.9000000000000017 2.195558549645483 1.0000000180025095e-35 -2.8499999999999988 -0.45205545877835857 4.1538191891236549 0.047320950113892181 17.450000000000003 18.500000000000004 0.20895744778118985 1.5000000000000002
decision_type=2 2 2 2 2 2 2 2 2 2 2 2 2 2
left_child=2 -2 4 -4 6 -6 7 11 10 -10 13 -1 -13 -9
right_child=1 -3 3 -5 5 -7 -8 8 9 -11 -12 12 -14 -15
leaf_value=-1.6548178289125679e-12 6.2628320170485309e-05 0.0024812378795856889 0.0019532780021046408 -0.0027828657327566113 -0.00047134994607673982 -0.0039833259846037668 1.5690577948944065e-13 1.7273113988416822e-11 -0.00035409235840772128 0.00041785221419486396 -1.9903882409696678e-06 0.00023970393521749374 -0.0014676927212186137 -9.2734769527046375e-13
leaf_weight=6599.8691065083258 8812.1803846654948 904.92208285629749 582.8701098933816 1125.3093618564308 3138.2193139898591 857.88732394948602 85945.976862206589 1989.9231564477086 2087.9494667649269 6017.5585643053055 1661.759202953428 399.74763969471678 2703.0049631663132 4050.0440565096214
leaf_count=27240 38020 1580 2614 4786 10867 3194 290016 6416 4472 22240 7654 1884 10646 17819
internal_value=-0.000174299 0.00303849 -0.000441 -0.00836 -0.00032312 -0.00550164 -0.000136973 -0.0020441 0.000590644 0.00418031 -0.00318774 -0.00633273 -0.0129404 -0.000188615
internal_weight=126877 9717.1 117160 1708.18 115452 3996.11 111456 25509.9 15807.2 8105.51 7701.73 9702.62 3102.75 6039.97
internal_count=449448 39600 409848 7400 402448 14061 388387 98371 58601 26712 31889 39770 12530 24235
is_linear=0
shrinkage=0.035


Tree=123
num_leaves=15
num_cat=0
split_feature=51 13 57 59 57 21 64 27 62 28 59 1 49 2
split_gain=85.2623 87.868 133.304 203.935 96.3731 136.9 94.3751 136.264 213.347 149.094 130.028 300.913 117.056 329.966
threshold=1.0270234180041347 0.9868611173648858 0.033196781893504078 0.63209755774300602 2.0025478082034289 1.0000000180025095e-35 -0.052083333333333329 52.500000000000007 2.0291666666666681 48.500000000000007 0.7025209685794126 17.500000000000004 0.9472222222222223 1.5000000000000002
decision_type=2 2 2 2 2 2 2 2 2 2 2 2 2 2
left_child=1 2 3 -1 -4 -6 -3 12 9 -9 -10 -12 -8 -14
right_child=-2 6 4 -5 5 -7 7 8 10 -11 11 -13 13 -15
leaf_value=5.3312177087505969e-05 0.0038378790501901326 1.0013674697195811e-07 -0.00014393772682725516 -3.9669456315571032e-05 -0.00026879902609898936 -0.0042255858552140129 1.6791437742344579e-07 -8.9489052593599761e-13 0.0011321600917018301 -3.0613666835732411e-05 -0.001419397717821032 0.0026954870765531691 1.7888417402520658e-11 -4.3940322394005546e-13
leaf_weight=1262.5912305724341 329.62651583133265 23231.168567888439 18104.472309653182 758.06563183665276 969.48983414075337 988.24237282853574 53562.787662548246 6786.5732927620411 2950.4613585956395 8413.7366943210363 2290.8517858050764 928.55644081160426 1998.2461748346686 4302.3517233382445
leaf_count=3959 1483 90183 72361 3506 4241 3589 159476 29605 11828 34505 9696 4124 5752 15140
internal_value=-4.36334e-05 -9.06278e-05 -0.00209602 0.00645172 -0.00295974 -0.0103175 0.000333454 -0.000229187 -0.00262771 -0.00485482 0.00285806 -0.00200475 0.000627339 0.00513596
internal_weight=126877 126548 22082.9 2020.66 20062.2 1957.73 104465 81233.6 21370.2 15200.3 6169.87 3219.41 59863.4 6300.6
internal_count=449448 447965 87656 7465 80191 7830 360309 270126 89758 64110 25648 13820 180368 20892
is_linear=0
shrinkage=0.035


Tree=124
num_leaves=15
num_cat=0
split_feature=52 59 27 57 64 36 57 6 60 46 64 46 14 57
split_gain=141.801 380.057 235.754 382.387 561.136 171.115 432.799 426.826 222.836 215.527 216.597 180.648 439.488 311.452
threshold=0.16800682982356294 0.77214943412548942 47.500000000000007 0.0041866128198448449 -0.04374999999999999 16.750000000000004 1.2603328884191665 3.276352893373033 -0.61186373645567593 2.8500000000000001 -1.0000000180025095e-35 -1.1000000000000008 1.1694833628063137 0.052305983248172809
decision_type=2 2 2 2 2 2 2 2 2 2 2 2 2 2
left_child=1 2 -1 4 -4 11 7 -7 9 10 -9 12 -2 -14
right_child=5 -3 3 -5 -6 6 -8 8 -10 -11 -12 -13 13 -15
leaf_value=1.1475333020579216e-11 -1.2022581689370062e-05 -3.4916893914467719e-09 -3.4904538641556933e-09 6.4498177503733437e-05 1.0714763479401567e-06 -3.0292700855999501e-05 -0.00026983674846397854 0.00043297573228433001 0.0010570185875367344 0.0019097117086627063 -0.0014167285478437807 2.3860496538457596e-06 1.2931915235567167e-05 -0.0013499695908247256
leaf_weight=18971.266032156069 22469.124863315839 6255.0110802836716 551.98782189190388 2358.6921867579222 1923.5806697309017 1662.4587369821966 19626.572718657553 1067.7573898695409 6772.1491169296205 1124.9658077321947 1050.0939278788865 37640.231006002752 1151.0560587677173 4252.2741788111161
leaf_count=47027 80877 22405 2557 5653 8244 7916 85375 4763 28220 3904 4493 128103 4183 15728
internal_value=0.000146523 0.00224598 0.00426315 0.0111552 0.0207345 -0.0005055 0.0016228 0.0069551 0.00968118 0.00212756 -0.00444919 -0.00152256 -0.00365781 -0.0126103
internal_weight=126877 30060.5 23805.5 4834.26 2475.57 96816.7 31304 11677.4 10015 3242.82 2117.85 65512.7 27872.5 5403.33
internal_count=449448 85886 63481 16454 10801 363562 134671 49296 41380 13160 9256 228891 100788 19911
is_linear=0
shrinkage=0.035


Tree=125
num_leaves=15
num_cat=0
split_feature=36 49 36 64 27 28 62 61 40 53 11 64 57 1
split_gain=99.3376 245.883 795.956 673.538 331.366 277.913 231.239 183.665 177.744 169.354 162.252 150.984 162.494 129.461
threshold=8.2500000000000018 0.9472222222222223 19.750000000000004 -0.045833333333333358 51.500000000000007 38.500000000000007 -1.2083333333333324 18.135416666666668 0.50000000000000044 0.98750000000000016 1.012450707558515 -0.2854166666666666 0.036313070560869166 9.5000000000000018
decision_type=2 2 2 2 2 2 2 2 2 2 2 2 2 2
left_child=-1 8 3 -3 5 10 7 9 11 -7 -5 12 -2 -10
right_child=1 2 -4 4 -6 6 -8 -9 13 -11 -12 -13 -14 -15
leaf_value=-6.3632808833013633e-12 -1.6791438462621485e-05 -3.368308235213674e-09 -7.9863615072892843e-06 1.334599242596125e-10 1.0339746555059476e-06 2.3147983155313893e-07 5.623163170214167e-07 1.0849158903255209e-11 3.1582602528348338e-05 -2.584703347769882e-11 -1.2434802361903733e-07 6.2509502979476625e-06 0.0014593515260851238 -0.0012205613402318386
leaf_weight=50504.684909857111 376.01462405174971 1588.2984023652971 545.63799145445228 660.05198462679982 1780.8068633005023 122.80143582308665 235.67666971986182 232.5308014601469 1830.9848249529023 488.83547872607596 75.735445216298103 60915.73181876773 2081.555845592171 5437.8744998537004
leaf_count=140798 2024 6983 2441 2447 8072 488 1060 890 7316 1893 275 241199 10000 23562
internal_value=6.53725e-05 0.00086173 0.00782796 0.0120744 0.0204404 0.00983721 -0.00149792 -0.0100915 0.000295612 -0.0200757 0.0262697 0.000890434 0.00937793 -0.00488442
internal_weight=126877 76372.5 5730.38 5184.74 3596.44 1815.63 1079.84 844.168 70642.2 611.637 735.787 63373.3 2457.57 7268.86
internal_count=449448 308650 24549 22108 15125 7053 4331 3271 284101 2381 2722 253223 12024 30878
is_linear=0
shrinkage=0.035


Tree=126
num_leaves=15
num_cat=0
split_feature=51 36 46 36 1 60 60 1 28 28 14 57 59 1
split_gain=80.905 80.6475 250.981 90.5982 343.564 448.05 226.507 194.76 1028.1 413.602 309.639 304.664 242.946 237.384
threshold=1.0270234180041347 27.850000000000005 2.5499999999999998 17.250000000000004 18.500000000000004 -0.79354221435844496 -0.8038981836306559 17.500000000000004 57.500000000000007 40.500000000000007 1.0239625556666898 0.22047405267324455 0.15005400879207817 12.500000000000002
decision_type=2 2 2 2 2 2 2 2 2 2 2 2 2 2
left_child=1 3 -3 7 6 -6 -5 9 12 -1 -10 -12 -9 -11
right_child=-2 2 -4 4 5 -7 -8 8 10 13 11 -13 -14 -15
leaf_value=-1.6531632494063023e-08 0.0036746492718048147 0.0020361587163692752 -0.0025855271882586068 0.00077490796083287531 -0.0015519356065446732 0.0013762481937070867 -7.2194789810221871e-06 -0.00012602964718135305 -0.00043118822403008018 4.5853411915079322e-08 0.00011190285762441815 -0.0027610426835824814 0.00065156657038299335 0.0014922971837070434
leaf_weight=39272.330929849297 329.62651583133265 635.15523374825716 1225.4150000959635 4161.6408979296684 1040.6964890994132 5907.6157360784709 20254.237913731486 7452.7127866744995 3216.5363335141446 25310.884440914961 624.55877108871937 4447.5191585100256 6589.290624672547 6409.0007640291005
leaf_count=118214 1483 2944 5283 17371 4480 24550 85494 14580 12864 93709 2288 16177 27307 22704
internal_value=-0.000138653 -0.000184423 -0.00739788 -7.62001e-05 0.0015509 0.00841164 -0.000404182 -0.000623149 -0.00347324 0.000273712 -0.0132402 -0.0186204 0.00229725 0.00324573
internal_weight=126877 126548 1860.57 124687 31364.2 6948.31 24415.9 93322.8 22330.6 70992.2 8288.61 5072.08 14042 31719.9
internal_count=449448 447965 8227 439738 131895 29030 102865 307843 73216 234627 31329 18465 41887 116413
is_linear=0
shrinkage=0.035


Tree=127
num_leaves=15
num_cat=0
split_feature=52 36 6 59 46 49 28 27 36 57 6 14 1 28
split_gain=103.57 249.465 405.132 168.863 169.77 182.551 253.973 214.27 147.862 387.162 377.834 206.809 166.256 845.951
threshold=0.16800682982356294 19.750000000000004 4.2976196645665841 0.9927395293426734 -4.2999999999999972 0.9472222222222223 41.500000000000007 51.500000000000007 16.750000000000004 1.2603328884191665 3.4006069597218764 0.98774795522931602 17.500000000000004 54.500000000000007
decision_type=2 2 2 2 2 2 2 2 2 2 2 2 2 2
left_child=1 3 -3 4 5 -1 -7 -8 12 10 -10 -12 -2 -14
right_child=8 2 -4 -5 -6 6 7 -9 9 -11 11 -13 13 -15
leaf_value=-1.6342927715413027e-07 -3.80139422425283e-06 -7.4576619076635696e-06 4.2704827872943474e-05 -3.5489160246072857e-08 5.9569053826083349e-10 7.0351258745747711e-10 -1.5943999786861352e-09 9.9618069340251518e-07 -3.0505055413606436e-05 -0.00026169662436023057 0.0011600591777856564 0.00031507811633865978 0.00014254517893983175 -0.0013003338063098811
leaf_weight=907.97781363967806 46046.792072337586 668.07287821918726 1511.1404959484935 1033.6738109923899 23880.339570359793 1317.633325740695 427.43230469338596 314.26759122684598 1717.46304378286 19626.572718657553 5197.9229011163116 4762.0390344932675 11500.198629375547 7965.6954051842913
leaf_count=3717 162568 3260 3808 3679 63191 4936 1730 1565 8177 85375 21982 19137 35934 30389
internal_value=5.57789e-05 0.00185004 -0.00952802 0.00274245 0.00327831 0.0111601 0.0169014 0.00048989 -0.000501453 0.00147696 0.0065203 0.0091343 -0.00144688 -0.00415778
internal_weight=126877 30060.5 2179.21 27881.3 26847.7 2967.31 2059.33 741.7 96816.7 31304 11677.4 9959.96 65512.7 19465.9
internal_count=449448 85886 7068 78818 75139 11948 8231 3295 363562 134671 49296 41119 228891 66323
is_linear=0
shrinkage=0.035


Tree=128
num_leaves=15
num_cat=0
split_feature=52 36 6 59 46 49 28 27 41 59 36 57 6 60
split_gain=102.046 249.453 405.132 168.856 169.669 181.952 254.641 213.394 143.662 159.933 136.49 356.728 351.967 192.271
threshold=0.16800682982356294 19.750000000000004 4.2976196645665841 0.9927395293426734 -4.2999999999999972 0.9472222222222223 41.500000000000007 51.500000000000007 0.65000000000000135 0.86529924138975423 16.750000000000004 1.2603328884191665 3.4006069597218764 -0.59815875725621337
decision_type=2 2 2 2 2 2 2 2 2 2 2 2 2 2
left_child=1 3 -3 4 5 -1 -7 -8 9 -6 -2 12 -12 -14
right_child=10 2 -4 -5 8 6 7 -9 -10 -11 11 -13 13 -15
leaf_value=-1.5770925245373568e-07 -2.9553338393413473e-05 -7.1966437408953449e-06 4.1210158897390525e-05 -3.4247039637460305e-08 5.5774583981831716e-10 6.788896468964654e-10 -1.5385959794321206e-09 9.6131436913342711e-07 2.7179637761521747e-07 -1.0225372530643365e-06 -2.9437378474130209e-05 -0.00025253724250762254 0.00017557368171167563 0.00098514324374916014
leaf_weight=907.97781363967806 65512.686106897425 668.07287821918726 1511.1404959484935 1033.6738109923899 17443.739364736248 1317.633325740695 427.43230469338596 314.26759122684598 5606.6187664764002 829.98143914714456 1717.46304378286 19626.572718657553 3376.6397954523563 6583.3221401572227
leaf_count=3717 228891 3260 3808 3679 43522 4936 1730 1565 17034 2635 8177 85375 13706 27413
internal_value=6.87679e-05 0.00184978 -0.00952802 0.00274217 0.00327802 0.0111575 0.0168893 0.000456735 0.00229467 0.000789509 -0.000484351 0.00141646 0.00625753 0.00878047
internal_weight=126877 30060.5 2179.21 27881.3 26847.7 2967.31 2059.33 741.7 23880.3 18273.7 96816.7 31304 11677.4 9959.96
internal_count=449448 85886 7068 78818 75139 11948 8231 3295 63191 46157 363562 134671 49296 41119
is_linear=0
shrinkage=0.035


Tree=129
num_leaves=15
num_cat=0
split_feature=13 57 59 57 21 2 1 36 46 1 62 64 49 36
split_gain=90.3304 134.823 203.296 93.2935 127.294 95.2258 92.839 70.3421 119.318 73.3311 146.401 126.827 237.499 173.365
threshold=0.98745562856688196 0.033196781893504078 0.63209755774300602 2.0025478082034289 1.0000000180025095e-35 1.0000000180025095e-35 17.500000000000004 28.750000000000004 2.5499999999999998 2.5000000000000004 0.81666666666666743 -0.0041666666666666718 0.9472222222222223 19.750000000000004
decision_type=2 2 2 2 2 2 2 2 2 2 2 2 2 2
left_child=1 2 -1 5 -5 -3 -6 9 -9 10 11 -2 -13 -14
right_child=7 3 -4 4 6 -7 -8 8 -10 -11 -12 12 13 -15
leaf_value=5.0458114129092167e-05 -4.9109651463369164e-09 -0.00039724061521178379 -3.7904712205362653e-05 -0.00032087637571447494 -0.0013495625143953569 -3.4440392009528634e-05 -0.0056141799824070918 0.0015542279935426729 -0.0027378699781344614 1.1476606702861225e-07 -5.2953657126786023e-05 -1.9326120787067002e-06 6.5512850925508909e-10 -6.9412563924988212e-06
leaf_weight=1323.3119899716694 5117.127836370375 5119.72700836882 784.31424300000072 1006.7059705846477 407.50620135758072 13783.74922483624 610.80034657940269 328.07465169206262 740.09495502710342 89454.084621265065 615.95165422721766 4515.7477474906482 2949.6307702464983 120.39437475055456
leaf_count=4131 20080 16411 3645 4400 1938 58834 1745 1476 3086 305594 2272 14860 10491 485
internal_value=3.47712e-05 -0.00194751 0.00647027 -0.00279792 -0.00991967 -0.00203017 -0.0185812 0.000474667 -0.00841886 0.000567912 -0.0018541 -0.001039 0.00183291 0.00932807
internal_weight=126877 23036.1 2107.63 20928.5 2025.01 18903.5 1018.31 103841 1068.17 102773 13318.9 12702.9 7585.77 3070.03
internal_count=449448 91104 7776 83328 8083 75245 3683 358344 4562 353782 48188 45916 25836 10976
is_linear=0
shrinkage=0.035


Tree=130
num_leaves=15
num_cat=0
split_feature=1 48 1 60 36 41 59 59 61 62 62 62 2 57
split_gain=213.143 291.658 252.815 552.852 245.734 174.753 193.724 173.143 138.87 121.809 121.631 121.133 118.053 115.632
threshold=3.5000000000000004 1.0000000180025095e-35 2.5000000000000004 0.53435276464917691 20.150000000000002 0.60000000000000175 0.15855791680139919 0.32533907195844747 22.00833333333334 -4.0312499999999991 -1.485416666666669 -2.6249999999999978 2.5000000000000004 1.2953102889197674
decision_type=2 2 2 2 2 2 2 2 2 2 2 2 2 2
left_child=2 -2 11 4 5 6 -4 -8 9 -9 -5 -1 -11 -3
right_child=1 13 3 10 -6 -7 7 8 -10 12 -12 -13 -14 -15
leaf_value=5.2315709983081891e-10 2.6327202432241026e-07 3.2018824586017547e-05 -5.6671498873381613e-09 -3.487192232847518e-09 -6.9487780223100094e-06 3.355882275945665e-07 9.9212349052697739e-07 -4.2490322787152681e-09 3.1839556713729261e-07 -8.7353569397069803e-09 -1.3122549080647912e-07 -1.103087326993344e-08 3.4486430745675726e-07 -0.00014466635703393464
leaf_weight=4447.1503026275896 631.16511634085327 48618.513271358795 686.79100105119869 1345.2728996388614 258.72259993851185 751.3433004533872 214.09539915248752 270.42080024629831 177.2044992595911 369.92679994180799 774.21200008597225 11412.502396843396 438.56160005554557 56481.339608773589
leaf_count=15826 3615 172182 2511 4255 1089 3168 765 1017 792 1458 1611 40355 2061 198743
internal_value=-0.000388701 0.000252947 -0.00359554 -0.0102164 -0.000941127 0.00201096 -0.00306431 0.00411459 -0.000934122 -0.00571422 -0.0240066 -0.00138354 0.00116581 0.000109365
internal_weight=126877 105731 21146.2 5286.55 3167.07 2908.34 2157 1470.21 1256.11 1078.91 2119.48 15859.7 808.488 105100
internal_count=449448 374540 74908 18727 12861 11772 8604 6093 5328 4536 5866 56181 3519 370925
is_linear=0
shrinkage=0.035


Tree=131
num_leaves=15
num_cat=0
split_feature=1 48 1 60 36 41 59 59 62 36 62 49 36 13
split_gain=199.554 291.832 259.614 498.863 239.137 182.592 179.203 183.7 151.435 148.558 129.419 156.33 283.42 113.933
threshold=3.5000000000000004 1.0000000180025095e-35 2.5000000000000004 0.53435276464917691 20.150000000000002 0.60000000000000175 0.15855791680139919 0.32533907195844747 -1.485416666666669 17.250000000000004 -2.1687500000000006 0.9472222222222223 19.750000000000004 1.0235416847075658
decision_type=2 2 2 2 2 2 2 2 2 2 2 2 2 2
left_child=2 -2 10 4 5 6 -4 -8 -5 -9 11 -1 -13 -3
right_child=1 13 3 8 -6 -7 7 9 -10 -11 -12 12 -14 -15
leaf_value=-3.4804169972620561e-07 2.5405750347112595e-07 -1.1674969918344634e-05 -5.4687996412813251e-09 -3.3651405046978548e-09 -6.7055707915291587e-06 3.238426396287567e-07 9.5739916835853325e-07 -3.5894231252198608e-09 -1.2663259862825235e-07 2.9060464654447351e-07 -1.4383804308928112e-08 6.0442631172261485e-10 -6.6983307292598569e-06 0.00031799196943191945
leaf_weight=3583.1470695934258 631.16511634085327 93095.100096857175 686.79100105119869 1345.2728996388614 258.72259993851185 751.3433004533872 214.09539915248752 859.45890038833022 774.21200008597225 396.65479911491275 9920.5213989890181 2185.1453134021722 170.83891748636961 12004.752783275209
leaf_count=12515 3615 321880 2511 4255 1089 3168 765 3609 1611 1719 34650 8287 729 49045
internal_value=-0.000374938 0.000245918 -0.00347787 -0.0101871 -0.00137477 0.00153887 -0.003647 0.00326155 -0.0232868 -0.00193141 -0.00123644 0.00284685 0.00982956 0.000102295
internal_weight=126877 105731 21146.2 5286.55 3167.07 2908.34 2157 1470.21 2119.48 1256.11 15859.7 5939.13 2355.98 105100
internal_count=449448 374540 74908 18727 12861 11772 8604 6093 5866 5328 56181 21531 9016 370925
is_linear=0
shrinkage=0.035


Tree=132
num_leaves=15
num_cat=0
split_feature=1 48 1 60 40 28 36 59 62 63 11 36 62 6
split_gain=169.221 291.967 232.319 478.875 220.49 186.935 229.364 187.894 164.321 163.363 137.807 162.462 179.422 120.71
threshold=3.5000000000000004 1.0000000180025095e-35 2.5000000000000004 0.80898702767051967 0.25000000000000089 14.500000000000002 20.150000000000002 0.15855791680139919 -1.1500000000000006 0.27916666666666673 1.0120585747336797 20.050000000000004 -2.1687500000000006 2.4482774444962749
decision_type=2 2 2 2 2 2 2 2 2 2 2 2 2 2
left_child=2 -2 10 4 5 -4 7 8 -7 -5 11 12 -1 -13
right_child=1 -3 3 9 -6 6 -8 -9 -10 -11 -12 13 -14 -15
leaf_value=6.6451465872447167e-10 2.4516549084963653e-07 4.1278979346606012e-06 -1.261062900227075e-08 -5.2737870315657256e-09 3.526000602182765e-07 -5.2740542446771603e-09 -6.4708758138256382e-06 2.2741700368166174e-07 6.7679702381912488e-10 8.6590758464279491e-07 -5.48276222597675e-06 -6.5331482129976152e-06 -7.7876562649715559e-10 0.00010383579641867936
leaf_weight=3677.5734144779854 631.16511634085327 105099.85288013238 629.7665000744164 1364.3443992240354 481.70670061535202 412.49969979072921 258.72259993851185 1444.8235001787543 618.45939977653325 76.228100225329399 5826.9228715482168 415.31431112065911 5710.6982878274284 229.143814496696
leaf_count=13034 3615 370925 2565 3733 1908 1539 1089 6129 1530 234 22003 1844 18500 800
internal_value=-0.000331255 0.000240469 -0.00318864 -0.00953538 -0.00306368 -0.00624708 -0.0022537 0.00107548 -0.0102821 -0.026673 -0.00106838 0.00141808 0.00259087 -0.0154453
internal_weight=126877 105731 21146.2 5286.55 3845.98 3364.27 2734.51 2475.78 1030.96 1440.57 15859.7 10032.7 9388.27 644.458
internal_count=449448 374540 74908 18727 14760 12852 10287 9198 3069 3967 56181 34178 31534 2644
is_linear=0
shrinkage=0.035


Tree=133
num_leaves=15
num_cat=0
split_feature=1 48 1 60 36 28 40 63 59 62 62 62 48 36
split_gain=163.271 289.315 260.688 467.999 205.328 177.798 185.119 155.837 146.542 238.681 165.166 130.319 150.328 343.942
threshold=3.5000000000000004 1.0000000180025095e-35 2.5000000000000004 0.80898702767051967 20.150000000000002 14.500000000000002 0.20000000000000021 0.28958333333333341 0.15855791680139919 -1.2458333333333322 0.31041666666666662 -2.1687500000000006 0.047244381453735516 19.750000000000004
decision_type=2 2 2 2 2 2 2 2 2 2 2 2 2 2
left_child=2 -2 11 4 5 6 -4 -5 9 -7 -11 12 13 -1
right_child=1 -3 3 7 -6 8 -8 -9 -10 10 -12 -13 -14 -15
leaf_value=6.4125664566911525e-10 2.3658469866989923e-07 3.9834215069474806e-06 -1.2169256987191274e-08 -5.0904888521942578e-09 -6.2443951603417406e-06 -5.0904103533366933e-09 5.2129641599268451e-07 1.7412716642157561e-06 2.4806116440270514e-07 4.6631613345204872e-08 -2.253278258558659e-07 -1.3853114361188228e-08 -2.9677170591523119e-06 -6.2747392971584434e-06
leaf_weight=2468.4504189952277 631.16511634085327 105099.85288013238 608.28290024772286 1366.9243991775438 258.72259993851185 436.61689968849532 114.10009997338057 73.648100271821022 1557.1844004429877 716.5112002377864 154.56029984541237 9920.5213989890181 3259.8039415716194 210.8769399151206
leaf_count=9732 3615 370925 2484 3742 1089 1611 549 225 6606 2034 387 34650 10833 966
internal_value=-0.000325465 0.000236119 -0.00313217 -0.0098552 -0.00345614 -0.00124209 -0.0166343 -0.0267975 0.00268346 -0.00593035 0.00468615 -0.00088636 0.00321077 0.00933674
internal_weight=126877 105731 21146.2 5286.55 3845.98 3587.26 722.383 1440.57 2864.87 1307.69 871.072 15859.7 5939.13 2679.33
internal_count=449448 374540 74908 18727 14760 13671 3033 3967 10638 4032 2421 56181 21531 10698
is_linear=0
shrinkage=0.035


Tree=134
num_leaves=15
num_cat=0
split_feature=1 48 1 60 36 41 59 59 62 36 62 48 36 28
split_gain=172.307 288.874 285.917 492.557 237.05 179.763 176.529 185.722 151.435 148.75 131.014 149.353 343.942 112.708
threshold=3.5000000000000004 1.0000000180025095e-35 2.5000000000000004 0.53435276464917691 20.150000000000002 0.60000000000000175 0.15855791680139919 0.32533907195844747 -1.485416666666669 17.250000000000004 -2.1687500000000006 0.047244381453735516 19.750000000000004 59.500000000000007
decision_type=2 2 2 2 2 2 2 2 2 2 2 2 2 2
left_child=2 -2 10 4 5 6 -4 -8 -5 -9 11 12 -1 -11
right_child=1 -3 3 8 -6 -7 7 9 -10 13 -12 -13 -14 -15
leaf_value=6.1881266307069618e-10 2.2830423421645276e-07 3.8440017542043206e-06 -4.9146353929059933e-09 -2.8846109311018305e-09 -6.0258413297297802e-06 2.9853503866702831e-07 9.0724846158303173e-07 -1.9725190403816199e-08 -1.218377080203319e-07 2.7705658413792816e-07 -1.3368255358546639e-08 -2.8638469620819592e-06 -6.055123421757898e-06 -2.6236277356218668e-05
leaf_weight=2468.4504189952277 631.16511634085327 105099.85288013238 686.79100105119869 1345.2728996388614 258.72259993851185 751.3433004533872 214.09539915248752 859.45890038833022 774.21200008597225 345.5489992685616 9920.5213989890181 3259.8039415716194 210.8769399151206 51.105799846351147
leaf_count=9732 3615 370925 2511 4255 1089 3168 765 3609 1611 1476 34650 10833 966 243
internal_value=-0.00034596 0.000230957 -0.00322929 -0.0102701 -0.00151316 0.00138822 -0.00375681 0.00310079 -0.0232868 -0.00211936 -0.000877348 0.00323068 0.00933674 0.0153722
internal_weight=126877 105731 21146.2 5286.55 3167.07 2908.34 2157 1470.21 2119.48 1256.11 15859.7 5939.13 2679.33 396.655
internal_count=449448 374540 74908 18727 12861 11772 8604 6093 5866 5328 56181 21531 10698 1719
is_linear=0
shrinkage=0.035


Tree=135
num_leaves=15
num_cat=0
split_feature=1 1 60 48 36 28 40 63 11 36 64 57 62 59
split_gain=124.519 295.671 466.99 286.811 204.979 176.106 184.692 155.837 155.072 180.445 163.883 202.544 261.139 145.574
threshold=3.5000000000000004 2.5000000000000004 0.80898702767051967 1.0000000180025095e-35 20.150000000000002 14.500000000000002 0.20000000000000021 0.28958333333333341 1.0194542946642049 20.050000000000004 -0.04374999999999999 0.0031676918979062362 -0.58750000000000158 0.15855791680139919
decision_type=2 2 2 2 2 2 2 2 2 2 2 2 2 2
left_child=1 8 4 -2 5 6 -3 -4 9 10 -1 12 -12 -7
right_child=3 2 7 -5 -6 13 -8 -9 -10 -11 11 -13 -14 -15
leaf_value=-2.9076473032681504e-09 2.2031358601887693e-07 -1.1642371610051016e-08 -4.7980147818191731e-09 3.7094616928071684e-06 -5.8149368831892374e-06 -4.7389982249271206e-09 4.9260231507959451e-07 1.6845914757489163e-06 -7.0381685899215067e-06 -5.872942830380626e-06 4.2388164444744014e-09 -1.3104216280381561e-05 -3.3110729936954667e-08 2.3276022570734006e-07
leaf_weight=2458.1671358942986 631.16511634085327 608.28290024772286 1366.9243991775438 105099.85288013238 258.72259993851185 1307.6883997716941 114.10009997338057 73.648100271821022 5114.8763111436274 696.88752435147762 3738.2658612916712 2878.5850312062539 972.87083558365703 1557.1844004429877
leaf_count=9420 3615 2484 3742 370925 1089 4032 549 225 19132 2926 13996 7863 2844 6606
internal_value=-0.00026249 -0.00271359 -0.00987344 0.000227939 -0.0034812 -0.00126895 -0.0165877 -0.0267975 -0.000322251 0.00206552 0.00326504 0.00580728 0.0102691 0.00263797
internal_weight=126877 21146.2 5286.55 105731 3845.98 3587.26 722.383 1440.57 15859.7 10744.8 10047.9 7589.72 4711.14 2864.87
internal_count=449448 74908 18727 374540 14760 13671 3033 3967 56181 37049 34123 24703 16840 10638
is_linear=0
shrinkage=0.035


Tree=136
num_leaves=15
num_cat=0
split_feature=1 1 60 48 36 28 40 63 41 11 36 64 57 62
split_gain=121.623 301.943 464.579 286.874 204.144 174.633 184.692 155.837 146.158 140.486 179.224 161.302 193.134 255.124
threshold=3.5000000000000004 2.5000000000000004 0.80898702767051967 1.0000000180025095e-35 20.150000000000002 14.500000000000002 0.20000000000000021 0.28958333333333341 0.70000000000000173 1.0194542946642049 20.050000000000004 -0.04374999999999999 0.0031676918979062362 -0.58750000000000158
decision_type=2 2 2 2 2 2 2 2 2 2 2 2 2 2
left_child=1 9 4 -2 5 6 -3 -4 -7 10 11 -1 13 -13
right_child=3 2 7 -5 -6 8 -8 -9 -10 -11 -12 12 -14 -15
leaf_value=-2.8058796476537652e-09 2.1260261050821622e-07 -1.123488860369923e-08 -4.6300842644555018e-09 3.5796305335589161e-06 -5.6114140922776143e-06 -4.5609663894024047e-09 4.7536123405180868e-07 1.625630774097704e-06 2.4721083870370144e-07 -6.7918326892742543e-06 -5.6673898313173038e-06 4.0904578689177969e-09 -1.2645568710568208e-05 -3.1951854389161254e-08
leaf_weight=2458.1671358942986 631.16511634085327 608.28290024772286 1366.9243991775438 105099.85288013238 258.72259993851185 2249.6947993854992 114.10009997338057 73.648100271821022 615.17800082918257 5114.8763111436274 696.88752435147762 3738.2658612916712 2878.5850312062539 972.87083558365703
leaf_count=9420 3615 2484 3742 370925 1089 8100 549 225 2538 19132 2926 13996 7863 2844
internal_value=-0.000259307 -0.00268173 -0.00991712 0.000225385 -0.00354119 -0.00133326 -0.0165877 -0.0267975 0.0025575 -0.0002652 0.00200748 0.00320297 0.00572513 0.0100821
internal_weight=126877 21146.2 5286.55 105731 3845.98 3587.26 722.383 1440.57 2864.87 15859.7 10744.8 10047.9 7589.72 4711.14
internal_count=449448 74908 18727 374540 14760 13671 3033 3967 10638 56181 37049 34123 24703 16840
is_linear=0
shrinkage=0.035


Tree=137
num_leaves=15
num_cat=0
split_feature=1 1 60 48 36 28 59 62 40 62 48 36 46 64
split_gain=138.51 330.414 436.484 286.548 202.214 166.761 183.73 212.521 182.975 136.002 135.604 395.587 301.777 204.993
threshold=3.5000000000000004 2.5000000000000004 0.76663042157996963 1.0000000180025095e-35 20.150000000000002 14.500000000000002 0.15855791680139919 -1.2458333333333322 0.20000000000000021 0.81666666666666743 0.052290209790209832 19.750000000000004 -4.2999999999999972 -0.04374999999999999
decision_type=2 2 2 2 2 2 2 2 2 2 2 2 2 2
left_child=1 9 4 -2 5 8 7 -7 -3 10 11 12 -1 -14
right_child=3 2 -4 -5 -6 6 -8 -9 -10 -11 -12 -13 13 -15
leaf_value=4.1199040084409596e-08 2.0516151914042864e-07 -8.9245645301051712e-09 -4.4680313151995587e-09 3.4543434648843535e-06 -5.4150145990478971e-06 -4.4147349907166654e-09 2.5549623266804003e-07 7.9263912970876972e-09 4.5872359085999538e-07 -4.5629992401195949e-05 -4.4129924190535262e-06 -5.6259213361754511e-06 -2.908775691282419e-09 7.6390906939502067e-10
leaf_weight=1421.548890250735 631.16511634085327 598.95930022373796 1622.0967997414991 105099.85288013238 258.72259993851185 436.61689968849532 1483.3297002501786 772.7255000078585 114.10009997338057 773.80900144344196 9217.5725400052033 360.57461951673031 1051.6857883818448 3034.4618598730303
leaf_count=6143 3615 2412 4354 370925 1089 1611 6363 2349 549 2808 30308 1772 4483 10667
internal_value=-0.00029719 -0.00288232 -0.0104512 0.00022006 -0.0037347 -0.00142408 0.00257447 -0.00751683 -0.0163503 -0.000354377 0.000383918 0.00453849 0.00688229 0.00203222
internal_weight=126877 21146.2 5286.55 105731 3664.45 3405.73 2692.67 1209.34 713.059 15859.7 15085.8 5868.27 5507.7 4086.15
internal_count=449448 74908 18727 374540 14373 13284 10323 3960 2961 56181 53373 23065 21293 15150
is_linear=0
shrinkage=0.035


Tree=138
num_leaves=15
num_cat=0
split_feature=53 60 40 27 36 64 62 1 36 36 36 23 25 42
split_gain=339.525 440.638 261.734 257.502 328.543 359.006 318.958 199.854 162.593 380.006 204.344 154.648 153.863 139.815
threshold=0.98750000000000016 -0.42108527284769376 1.5500000000000016 52.500000000000007 19.450000000000003 -0.045833333333333358 -1.2458333333333322 3.5000000000000004 16.850000000000005 19.750000000000004 -0.24999999999999997 1.0000000180025095e-35 1.0000000180025095e-35 0.69999999999999862
decision_type=2 2 2 2 2 2 2 2 2 2 2 2 2 2
left_child=-1 3 8 6 5 11 7 -2 10 -10 12 -5 -3 -8
right_child=1 2 -4 4 -6 -7 13 -9 9 -11 -12 -13 -14 -15
leaf_value=-8.6449665233164892e-09 -4.2589837387505034e-09 -2.2886803635909027e-09 8.6242769139473775e-07 -3.9358415251740598e-08 -5.2721239404550573e-06 9.2708900988987336e-07 -2.5034443811341566e-08 1.9579252243161318e-07 2.5381250111114125e-07 -5.2181036452459238e-06 -4.3116502191675741e-09 2.4819096975412007e-07 4.9388685526491864e-10 8.0540952071460945e-08
leaf_weight=118203.3713505317 762.7311818881426 1138.9547590203583 179.60489657893777 341.37338800355792 190.438128516078 1031.3320929966867 406.47527201473713 80.265399690717459 350.1925104893744 251.66791567951441 2733.9081018213183 85.788388565182686 491.9362520352006 629.18195793638006
leaf_count=417723 2781 2489 844 1654 838 4600 1444 436 1518 1135 10360 337 711 2578
internal_value=-0.000509575 -0.00718922 -0.0137107 0.00233658 0.0123922 0.018066 -0.00650828 -0.0223656 -0.0152263 0.00180128 -0.017573 -0.00877258 -0.00770244 0.00648958
internal_weight=126877 8673.85 5146.26 3527.59 1648.93 1458.49 1878.65 842.997 4966.66 601.86 4364.8 427.162 1630.89 1035.66
internal_count=449448 31725 17057 14668 7429 6591 7239 3217 16213 2653 13560 1991 3200 4022
is_linear=0
shrinkage=0.035


Tree=139
num_leaves=15
num_cat=0
split_feature=53 60 40 41 27 64 36 36 36 36 25 1 62 61
split_gain=316.791 450.569 259.554 241.927 244.027 301.181 372.112 184.952 365.796 210.895 153.863 146.907 190.261 151.385
threshold=0.98750000000000016 -0.42108527284769376 1.5500000000000016 0.80000000000000149 52.500000000000007 -0.04374999999999999 18.250000000000004 16.050000000000004 19.750000000000004 -0.24999999999999997 1.0000000180025095e-35 3.5000000000000004 -1.899999999999999 11.129166666666668
decision_type=2 2 2 2 2 2 2 2 2 2 2 2 2 2
left_child=-1 3 7 4 11 -6 -7 9 -9 10 -3 12 -2 -14
right_child=1 2 -4 -5 5 6 -8 8 -10 -11 -12 -13 13 -15
leaf_value=-8.3423926950004118e-09 -4.1099193078942354e-09 -2.2085765508652214e-09 8.3224272219592192e-07 5.3870161395021697e-07 -3.7980870717929674e-08 8.9533334881824312e-07 -5.0875996025391299e-06 2.4492906357225133e-07 -5.0354700176623165e-06 -4.1607424614967093e-09 4.7660081533064653e-10 1.8893358674918669e-07 2.0343892282712657e-10 -4.7118836429720051e-09
leaf_weight=118203.3713505317 462.3433835497126 1138.9547590203583 179.60489657893777 670.55409061326645 422.97069601342082 714.35652550309896 254.6706261113286 408.78099640086293 251.66791567951441 2675.3196159098297 491.9362520352006 117.86063894256949 699.227618470788 185.60223040729761
leaf_count=417723 1716 2489 844 3001 1974 3166 1098 1762 1135 10116 711 620 2500 593
internal_value=-0.000492639 -0.00694478 -0.0135394 0.002687 -0.00177418 0.00868797 0.0193871 -0.0150489 0.00216895 -0.0176885 -0.00770244 -0.0117063 -0.0150191 -0.00537761
internal_weight=126877 8673.85 5146.26 3527.59 2857.03 1392 969.027 4966.66 660.449 4306.21 1630.89 1465.03 1347.17 884.83
internal_count=449448 31725 17057 14668 11667 6238 4264 16213 2897 13316 3200 5429 4809 3093
is_linear=0
shrinkage=0.035


Tree=140
num_leaves=15
num_cat=0
split_feature=53 60 27 36 62 40 64 1 36 36 62 62 1 46
split_gain=271.53 457.975 331.966 364.861 253.922 253.739 211.213 188.763 150.359 380.006 201.305 184.058 144.932 182.639
threshold=0.98750000000000016 -0.42108527284769376 52.500000000000007 19.450000000000003 -1.2458333333333322 1.5500000000000016 -0.23541666666666664 3.5000000000000004 16.850000000000005 19.750000000000004 -1.9291666666666669 0.3375000000000013 2.5000000000000004 -4.3499999999999979
decision_type=2 2 2 2 2 2 2 2 2 2 2 2 2 2
left_child=-1 2 4 6 7 8 -4 -2 10 -10 12 -12 13 -3
right_child=1 5 3 -5 -6 -7 -8 -9 9 -11 11 -13 -14 -15
leaf_value=-8.0504089506753977e-09 -3.9660721321179371e-09 -1.0331612066032322e-09 -4.4142661927135984e-07 -4.90953361645026e-06 1.5437580410874756e-08 8.0311422691906476e-07 8.5454456283868121e-07 1.8232710861028518e-07 2.3635654634722252e-07 -4.8592285670441355e-06 -3.2695824394430259e-10 -2.3131471670568499e-07 -2.3232382493628949e-09 -1.509893762474321e-10
leaf_weight=118203.3713505317 762.7311818881426 452.45954538136721 88.923233054578304 190.438128516078 1035.6572299511172 179.60489657893777 1369.570636510849 80.265399690717459 350.1925104893744 251.66791567951441 1448.1578305754811 398.90408474951982 1468.7923427633941 596.48530940711498
leaf_count=417723 2781 1531 478 838 4022 844 6113 436 1518 1135 3967 863 5371 1828
internal_value=-0.000457029 -0.0064305 0.00327879 0.0146949 -0.00676606 -0.0130793 0.0206673 -0.0209123 -0.0145722 0.00180128 -0.0168289 -0.00799121 -0.0232551 -0.0131304
internal_weight=126877 8673.85 3527.59 1648.93 1878.65 5146.26 1458.49 842.997 4966.66 601.86 4364.8 1847.06 2517.74 1048.94
internal_count=449448 31725 14668 7429 7239 17057 6591 3217 16213 2653 13560 4830 8730 3359
is_linear=0
shrinkage=0.035


Tree=141
num_leaves=15
num_cat=0
split_feature=53 60 27 64 62 40 36 36 62 1 62 61 63 1
split_gain=309.772 404.169 385.726 304.155 253.922 247.906 195.131 653.085 218.109 188.763 188.302 169.657 160.958 146.351
threshold=0.98750000000000016 -0.65187484896379932 52.500000000000007 -0.045833333333333358 -1.2458333333333322 1.5500000000000016 17.250000000000004 19.750000000000004 -1.9291666666666669 3.5000000000000004 0.3375000000000013 21.477083333333336 0.30625000000000008 3.5000000000000004
decision_type=2 2 2 2 2 2 2 2 2 2 2 2 2 2
left_child=-1 2 4 -4 9 6 8 12 13 -2 -10 -5 -8 -3
right_child=1 5 3 11 -6 -7 7 -9 10 -11 -12 -13 -14 -15
leaf_value=-7.7686446374017597e-09 -3.827259607493809e-09 -2.050061057895313e-09 -2.9754659002679908e-08 8.5360435113921079e-07 1.489726509649414e-08 7.750052289768975e-07 2.2887282946078431e-07 -4.693908193647514e-06 -3.1551470540625202e-10 1.7594565980892521e-07 -2.2321870162098599e-07 -2.543319301874449e-05 -1.638395938473553e-06 1.9757409304166374e-07
leaf_weight=118203.3713505317 762.7311818881426 2532.2794214002788 298.45815735310316 883.42187975347042 1035.6572299511172 180.59762993827462 461.35443824157119 402.66534116864204 1470.5228194501251 80.265399690717459 398.90408474951982 54.718822248280048 48.986367139965296 63.287472262978554
leaf_count=417723 2781 8541 1389 3744 4022 854 2066 1788 4062 436 863 330 234 615
internal_value=-0.000486728 -0.006867 0.00321904 0.0183211 -0.00676606 -0.0125152 -0.0138841 0.000852899 -0.0168927 -0.0209123 -0.00771882 0.0280406 0.0269214 -0.023445
internal_weight=126877 8673.85 3115.25 1236.6 1878.65 5558.6 5378 913.006 4464.99 842.997 1869.43 938.141 510.341 2595.57
internal_count=449448 31725 12702 5463 7239 19023 18169 4088 14081 3217 4925 4074 2300 9156
is_linear=0
shrinkage=0.035


Tree=142
num_leaves=15
num_cat=0
split_feature=53 60 27 64 62 40 1 36 36 62 62 61 63 1
split_gain=264.364 395.916 364.699 304.155 261.269 240.729 179.107 178.924 652.103 184.648 188.302 169.657 160.715 139.321
threshold=0.98750000000000016 -0.65187484896379932 52.500000000000007 -0.045833333333333358 -1.2708333333333333 1.5500000000000016 3.5000000000000004 17.250000000000004 19.750000000000004 -1.9291666666666669 0.3375000000000013 21.477083333333336 0.30625000000000008 3.5000000000000004
decision_type=2 2 2 2 2 2 2 2 2 2 2 2 2 2
left_child=-1 2 4 -4 6 7 -2 9 12 13 -11 -5 -9 -3
right_child=1 5 3 11 -6 -7 -8 8 -10 10 -12 -13 -14 -15
leaf_value=-7.4967420750926981e-09 -3.6933055212315258e-09 -1.9783089208689769e-09 -2.8713245937586109e-08 8.2372819884933842e-07 1.4375860818116845e-08 7.478800459627061e-07 1.6978756171561283e-07 2.2086228042965685e-07 -4.5296214068698509e-06 -3.0447169071703315e-10 -2.154060470642515e-07 -2.454303126308843e-05 -1.5810520806269789e-06 1.9065899978520551e-07
leaf_weight=118203.3713505317 742.85703170136549 2532.2794214002788 298.45815735310316 883.42187975347042 1058.5952801690437 180.59762993827462 77.201499659568071 461.35443824157119 402.66534116864204 1470.5228194501251 398.90408474951982 54.718822248280048 48.986367139965296 63.287472262978554
leaf_count=417723 2723 8541 1389 3744 4104 854 412 2066 1788 4062 863 330 234 615
internal_value=-0.00044979 -0.00634391 0.00363749 0.0183211 -0.00607364 -0.0119344 -0.0207814 -0.0132837 0.000827887 -0.0161647 -0.00771882 0.0280406 0.026877 -0.0221947
internal_weight=126877 8673.85 3115.25 1236.6 1878.65 5558.6 820.059 5378 913.006 4464.99 1869.43 938.141 510.341 2595.57
internal_count=449448 31725 12702 5463 7239 19023 3135 18169 4088 14081 4925 4074 2300 9156
is_linear=0
shrinkage=0.035


Tree=143
num_leaves=15
num_cat=0
split_feature=53 60 27 64 62 40 1 36 36 62 62 61 63 1
split_gain=276.991 374.766 385.726 304.155 253.922 240.698 188.763 179.382 652.906 184.695 188.302 169.657 158.996 138.941
threshold=0.98750000000000016 -0.65187484896379932 52.500000000000007 -0.045833333333333358 -1.2458333333333322 1.5500000000000016 3.5000000000000004 17.250000000000004 19.750000000000004 -1.9291666666666669 0.3375000000000013 21.477083333333336 0.30625000000000008 3.5000000000000004
decision_type=2 2 2 2 2 2 2 2 2 2 2 2 2 2
left_child=-1 2 4 -4 6 7 -2 9 12 13 -11 -5 -9 -3
right_child=1 5 3 11 -6 -7 -8 8 -10 10 -12 -13 -14 -15
leaf_value=-7.2343561024644529e-09 -3.5640398279884224e-09 -1.9090681086385628e-09 -2.7708282329770599e-08 7.9489771188961156e-07 1.3872705689482756e-08 7.2170424435401133e-07 1.6384716612169438e-07 2.1313210061461886e-07 -4.3710846576294057e-06 -2.93815181541937e-10 -2.0786683541700269e-07 -2.3684025168880339e-05 -1.5257152578050345e-06 1.8398593479272333e-07
leaf_weight=118203.3713505317 762.7311818881426 2532.2794214002788 298.45815735310316 883.42187975347042 1035.6572299511172 180.59762993827462 80.265399690717459 461.35443824157119 402.66534116864204 1470.5228194501251 398.90408474951982 54.718822248280048 48.986367139965296 63.287472262978554
leaf_count=417723 2781 8541 1389 3744 4022 854 436 2066 1788 4062 863 330 234 615
internal_value=-0.000459642 -0.00649289 0.00321904 0.0183211 -0.00676606 -0.0119318 -0.0209123 -0.0132811 0.000848334 -0.0161657 -0.00771882 0.0280406 0.0269133 -0.0221966
internal_weight=126877 8673.85 3115.25 1236.6 1878.65 5558.6 842.997 5378 913.006 4464.99 1869.43 938.141 510.341 2595.57
internal_count=449448 31725 12702 5463 7239 19023 3217 18169 4088 14081 4925 4074 2300 9156
is_linear=0
shrinkage=0.035


Tree=144
num_leaves=15
num_cat=0
split_feature=53 60 27 64 62 40 36 36 36 25 61 63 60 36
split_gain=251.372 383.401 364.731 304.155 247.507 237.701 173.817 654.159 192.708 177.679 169.657 156.331 156.054 144.492
threshold=0.98750000000000016 -0.65187484896379932 52.500000000000007 -0.045833333333333358 -1.899999999999999 1.5500000000000016 17.250000000000004 19.750000000000004 -0.24999999999999997 1.0000000180025095e-35 21.477083333333336 0.30625000000000008 0.91234096280339516 11.950000000000001
decision_type=2 2 2 2 2 2 2 2 2 2 2 2 2 2
left_child=-1 2 4 -4 -2 6 8 11 9 -3 -5 -8 -11 -6
right_child=1 5 3 10 13 -7 7 -9 -10 12 -12 -13 -14 -15
leaf_value=-6.9811536388781968e-09 -3.4389309907747352e-09 -1.842250724836213e-09 -2.6738492448228626e-08 7.6707629197347506e-07 3.1295775060703521e-09 6.9644459580162097e-07 2.0567247709310721e-07 -4.2180966946123764e-06 -3.7393383815172447e-09 2.0821108902085328e-07 -2.2855084287969525e-05 -1.4723152237818583e-06 -2.0336217853130224e-09 -4.1029378021692339e-08
leaf_weight=118203.3713505317 511.16274715866894 1138.9547590203583 298.45815735310316 883.42187975347042 1231.5676253766287 180.59762993827462 461.35443824157119 402.66534116864204 2834.1027868073434 271.43578788638115 54.718822248280048 48.986367139965296 220.50046414881945 135.9234389946796
leaf_count=417723 1993 2489 1389 3744 4715 854 2066 1788 10881 207 330 234 504 531
internal_value=-0.00043792 -0.00618538 0.00363685 0.0183211 -0.00607469 -0.0116868 -0.0130278 0.000880229 -0.0158674 -0.00622986 0.0280406 0.0269698 0.0111954 0.00173487
internal_weight=126877 8673.85 3115.25 1236.6 1878.65 5558.6 5378 913.006 4464.99 1630.89 938.141 510.341 491.936 1367.49
internal_count=449448 31725 12702 5463 7239 19023 18169 4088 14081 3200 4074 2300 711 5246
is_linear=0
shrinkage=0.035


Tree=145
num_leaves=15
num_cat=0
split_feature=53 60 36 64 59 59 62 36 40 1 1 64 36 36
split_gain=291.446 455.411 385.094 220.519 243.258 312.09 281.796 222.308 193.421 193.621 176.971 173.23 197.579 122.809
threshold=0.98750000000000016 0.53435276464917691 19.750000000000004 -0.2854166666666666 0.15855791680139919 0.93836870211866363 -1.899999999999999 17.150000000000002 1.6500000000000015 2.5000000000000004 3.5000000000000004 -0.045833333333333358 17.250000000000004 1.0500000000000003
decision_type=2 2 2 2 2 2 2 2 2 2 2 2 2 2
left_child=-1 2 3 -2 6 11 -5 -7 9 13 -11 12 -6 -3
right_child=1 8 -4 4 5 7 -8 -9 -10 10 -12 -13 -14 -15
leaf_value=-6.7368132615174604e-09 -1.0131756135511669e-06 1.4840840466823607e-10 -4.0730961266863175e-06 -3.3185684060976193e-09 -2.9223897601248644e-08 -8.0057453596198489e-09 9.5594189730241895e-10 2.2919408664800549e-07 4.7286057661868407e-07 -3.6071771714308078e-09 1.7828637894514213e-07 7.1213177483433326e-07 1.8052566752256374e-07 -1.7427742866778891e-09
leaf_weight=118203.3713505317 194.71729181334376 797.95737118273973 403.62980782985687 511.16274715866894 270.34964331239462 663.45021463930607 1326.6132516579237 139.56929552182555 125.03717308863997 1945.4646705863997 87.868787053972483 1304.1977843903005 142.49718542769551 761.33502157311887
leaf_count=417723 968 1546 1794 1993 1194 2912 5115 604 498 5301 663 5650 655 2832
internal_value=-0.000469302 -0.00665796 0.000292626 0.00322364 0.00488092 0.0119233 -0.00478821 -0.00603756 -0.0159 -0.0174072 -0.024505 0.0203094 0.000519538 -0.00805434
internal_weight=126877 8673.85 4956.19 4552.56 4357.84 2520.06 1837.78 803.02 3717.66 3592.63 2033.33 1717.04 412.847 1559.29
internal_count=449448 31725 20885 19091 18123 11015 7108 3516 10840 10342 5964 7499 1849 4378
is_linear=0
shrinkage=0.035


Tree=146
num_leaves=15
num_cat=0
split_feature=53 60 27 64 40 62 36 36 1 1 61 62 46 42
split_gain=345.798 467.923 366.493 304.155 258.124 246.093 194.048 619.279 180.874 234.96 169.657 161.422 161.255 146.234
threshold=0.98750000000000016 -0.65187484896379932 52.500000000000007 -0.045833333333333358 1.5500000000000016 -1.899999999999999 17.250000000000004 19.750000000000004 2.5000000000000004 3.5000000000000004 21.477083333333336 -1.485416666666669 -4.3499999999999979 0.69999999999999862
decision_type=2 2 2 2 2 2 2 2 2 2 2 2 2 2
left_child=-1 2 5 -4 6 -2 8 -8 12 11 -5 -10 -3 -7
right_child=1 4 3 10 -6 13 7 -9 9 -11 -12 -13 -14 -15
leaf_value=-6.5010247973643489e-09 -3.2024185118842024e-09 -6.5132971824680843e-10 -2.4779808796496923e-08 7.1530400963520175e-07 6.5551891476691031e-07 -4.1631871964769219e-09 1.8628114548890389e-07 -3.9279049458669219e-06 -3.4822103371640629e-09 1.7204635568206216e-07 -2.2080080950009793e-05 -4.469462095800537e-08 -1.4408618095382946e-09 5.3841501414791991e-08
leaf_weight=118203.3713505317 511.16274715866894 520.16922567319125 298.45815735310316 883.42187975347042 180.59762993827462 660.57574316486716 510.34080538153648 402.66534116864204 1570.1326933503151 114.61773984134197 54.718822248280048 777.60728450771421 1482.4668544903398 706.91532120644115
leaf_count=417723 1993 1878 1389 3744 854 2332 2300 1788 5381 926 330 1726 4170 2914
internal_value=-0.000509665 -0.00725074 0.00360132 0.0183211 -0.0133282 -0.00613348 -0.0147243 -1.89548e-05 -0.0177245 -0.0240713 0.0280406 -0.0264746 -0.00983985 0.00165427
internal_weight=126877 8673.85 3115.25 1236.6 5558.6 1878.65 5378 913.006 4464.99 2462.36 938.141 2347.74 2002.64 1367.49
internal_count=449448 31725 12702 5463 19023 7239 18169 4088 14081 8033 4074 7107 6048 5246
is_linear=0
shrinkage=0.035


Tree=147
num_leaves=15
num_cat=0
split_feature=53 60 27 64 40 62 36 36 1 1 61 46 62 63
split_gain=340.244 472.708 360.863 304.155 257.773 250.635 193.295 619.279 179.282 234.357 169.657 161.255 159.803 145.726
threshold=0.98750000000000016 -0.65187484896379932 52.500000000000007 -0.045833333333333358 1.5500000000000016 -1.899999999999999 17.250000000000004 19.750000000000004 2.5000000000000004 3.5000000000000004 21.477083333333336 -4.3499999999999979 -1.485416666666669 0.30625000000000008
decision_type=2 2 2 2 2 2 2 2 2 2 2 2 2 2
left_child=-1 2 5 -4 6 -2 8 13 11 12 -5 -3 -10 -8
right_child=1 4 3 10 -6 -7 7 -9 9 -11 -12 -13 -14 -15
leaf_value=-6.2734889294565969e-09 -3.0903338639682553e-09 -6.2853317810817021e-10 -2.391251548861953e-08 6.9026836929796979e-07 6.3257575275006844e-07 7.2581063139593161e-10 1.8063435771061458e-07 -3.7904282727615798e-06 -3.3603329753633211e-09 1.6602473323318999e-07 -2.1307278116759451e-05 -1.3904316462044543e-09 -4.3130309224475178e-08 -1.3918428845673142e-06
leaf_weight=118203.3713505317 511.16274715866894 520.16922567319125 298.45815735310316 883.42187975347042 180.59762993827462 1367.4910643713083 461.35443824157119 402.66534116864204 1570.1326933503151 114.61773984134197 54.718822248280048 1482.4668544903398 777.60728450771421 48.986367139965296
leaf_count=417723 1993 1878 1389 3744 854 5246 2066 1788 5381 926 330 4170 1726 234
internal_value=-0.000505338 -0.00719206 0.00371511 0.0183211 -0.0133006 -0.0059452 -0.0146957 -1.89548e-05 -0.0176901 -0.024009 0.0280406 -0.00983985 -0.0264093 0.0253748
internal_weight=126877 8673.85 3115.25 1236.6 5558.6 1878.65 5378 913.006 4464.99 2462.36 938.141 2002.64 2347.74 510.341
internal_count=449448 31725 12702 5463 19023 7239 18169 4088 14081 8033 4074 6048 7107 2300
is_linear=0
shrinkage=0.035


Tree=148
num_leaves=15
num_cat=0
split_feature=53 28 59 64 62 40 36 36 36 63 1 1 46 62
split_gain=262.986 412.665 384.478 256.229 250.635 241.587 194.227 187.538 611.47 213.816 163.817 186.342 167.256 143.531
threshold=0.98750000000000016 52.500000000000007 0.15855791680139919 -0.04374999999999999 -1.899999999999999 1.5500000000000016 17.550000000000004 17.250000000000004 19.750000000000004 0.30625000000000008 3.5000000000000004 2.5000000000000004 -4.3499999999999979 -1.485416666666669
decision_type=2 2 2 2 2 2 2 2 2 2 2 2 2 2
left_child=-1 5 4 -4 -3 7 -5 10 9 -9 11 12 -2 -13
right_child=1 2 3 6 -6 -7 -8 8 -10 -11 -12 13 -14 -15
leaf_value=-6.0539168169256158e-09 -6.0653451687438426e-10 -2.9821721787293663e-09 -2.3071781106629185e-08 6.6610895611623722e-07 7.0040725929707397e-10 6.1043560140381606e-07 -2.0556089196073234e-05 1.9551712120524858e-07 -3.6603960996002987e-06 -1.1519107833784458e-06 1.6021386757002832e-07 -3.2427213212256048e-09 -1.353700942846398e-09 -1.1362159055845023e-07
leaf_weight=118203.3713505317 520.16922567319125 511.16274715866894 272.92307925224304 796.98072437569499 1367.4910643713083 180.75246326997876 134.79935533180833 501.22577155381441 403.62980782985687 73.972867455333471 115.19058429822326 1570.1326933503151 1467.8964434638619 757.52341785188764
leaf_count=417723 1878 1993 1264 3273 5246 857 619 2346 1794 358 936 5381 4123 1657
internal_value=-0.000443929 -0.00632266 0.00394893 0.0193001 -0.0059452 -0.0119847 0.0279686 -0.0133292 0.000533173 0.023551 -0.0163859 -0.0174989 -0.00955789 -0.0242115
internal_weight=126877 8673.85 3083.36 1204.7 1878.65 5590.49 931.78 5409.74 978.828 575.199 4430.91 4315.72 1988.07 2327.66
internal_count=449448 31725 12395 5156 7239 19330 3892 18473 4498 2704 13975 13039 6001 7038
is_linear=0
shrinkage=0.035


Tree=149
num_leaves=15
num_cat=0
split_feature=53 60 36 64 59 62 40 59 36 59 64 28 63 36
split_gain=182.52 378.403 370.937 260.989 238.091 267.863 186.294 183.346 216.883 291.056 376.031 278.285 255.531 173.501
threshold=0.98750000000000016 0.76663042157996963 19.750000000000004 -0.2854166666666666 0.15855791680139919 -1.899999999999999 1.6500000000000015 0.32533907195844747 17.250000000000004 0.74409704927257569 -0.04374999999999999 59.500000000000007 0.15208333333333338 -1.6499999999999997
decision_type=2 2 2 2 2 2 2 2 2 2 2 2 2 2
left_child=-1 2 3 -2 5 -5 13 -6 9 10 -9 -10 -11 -3
right_child=1 6 -4 4 7 -7 -8 8 11 12 -12 -13 -14 -15
leaf_value=-5.8420297283332197e-09 -9.7761867315117362e-07 -1.2825627940477481e-09 -3.5322822361142884e-06 -2.8777961524738389e-09 5.5407774124494219e-07 6.9513114155562674e-10 5.8907035535468248e-07 -6.1070255665772544e-08 2.1981205619790544e-07 -1.2706594442381271e-08 6.4279514265216885e-07 -2.0487527070902316e-05 1.6705784915057177e-07 -4.4751446426765169e-09
leaf_weight=118203.3713505317 247.85811433196068 1170.5237652808428 403.62980782985687 511.16274715866894 354.43222384527326 1672.0956996695604 90.515188235789537 237.26663356274366 606.34256201609969 884.90516988188028 561.62185181304812 88.902644343674183 220.74322509393096 1623.8506121728569
leaf_count=417723 1231 2352 1794 1993 1311 5346 307 1017 2810 3859 2682 434 986 5603
internal_value=-0.000371842 -0.00526933 -0.000102552 0.00234649 0.00406362 -0.00468914 -0.0156011 0.0105262 0.00723551 0.00108984 0.0170694 0.0238166 -0.0105058 -0.0172343
internal_weight=126877 8673.85 5788.96 5385.33 5137.47 2183.26 2884.89 2954.21 2599.78 1904.54 798.888 695.245 1105.65 2794.37
internal_count=449448 31725 23463 21669 20438 7339 8262 13099 11788 8544 3699 3244 4845 7955
is_linear=0
shrinkage=0.035


Tree=150
num_leaves=15
num_cat=0
split_feature=53 60 36 36 59 62 64 59 62 40 62 49 36 62
split_gain=209.372 424.262 397.168 245.445 240.006 250.635 246.549 180.097 149.309 133.158 114.961 113.259 180.23 175.247
threshold=0.98750000000000016 0.60503365783732044 19.750000000000004 -0.24999999999999997 0.15855791680139919 -1.899999999999999 -0.25208333333333333 0.9927395293426734 -3.3895833333333347 1.6500000000000015 1.0000000180025095e-35 0.9472222222222223 19.750000000000004 -0.34374999999999906
decision_type=2 2 2 2 2 2 2 2 2 2 2 2 2 2
left_child=11 2 4 8 5 -2 -6 -8 -3 -5 -10 -1 13 -13
right_child=1 3 -4 9 6 -7 7 -9 10 -11 -12 12 -14 -15
leaf_value=-5.4541800286706567e-07 -2.7770732871372542e-09 -1.245686901225695e-09 -3.4086523578502885e-06 -7.790705036583843e-09 -7.2647034414485422e-07 6.5156341526722937e-10 1.8098059999613819e-07 -3.1969290865126173e-08 7.1469637625054086e-10 3.6924443458738842e-07 -1.9508404265247532e-07 2.436738645065914e-07 -5.2911550590763193e-06 -1.5819854520919465e-06
leaf_weight=116042.21744726715 511.16274715866894 275.25182419270277 403.62980782985687 1815.5101371649653 200.20403385534883 1367.4910643713083 2300.5612018294632 318.08209112659097 1077.824866168201 75.635117419064045 328.4973541200161 1799.5053821941838 142.0081836245954 219.64033744577318
leaf_count=408770 1993 669 1794 6526 1012 5246 10064 1380 2383 287 371 7282 647 1024
internal_value=-0.0003974 -0.00564278 0.000839012 -0.014874 0.00372663 -0.0059452 0.0101708 0.0130567 -0.00509878 -0.0234934 -0.000412687 -1.20451e-05 0.00790811 0.0106294
internal_weight=126877 8673.85 5101.13 3572.72 4697.5 1878.65 2818.85 2618.64 1681.57 1891.15 1406.32 118203 2161.15 2019.15
internal_count=449448 31725 21489 10236 19695 7239 12456 11444 3423 6813 2754 417723 8953 8306
is_linear=0
shrinkage=0.035


Tree=151
num_leaves=15
num_cat=0
split_feature=53 60 27 64 62 40 36 36 62 62 61 63 1 1
split_gain=295.536 458.551 385.072 251.275 250.635 250.504 177.508 618.685 241.222 195.399 169.13 145.583 141.918 141.547
threshold=0.98750000000000016 -0.65187484896379932 52.500000000000007 -0.045833333333333358 -1.899999999999999 1.5500000000000016 17.250000000000004 19.750000000000004 -1.9291666666666669 0.3375000000000013 21.477083333333336 0.30625000000000008 3.5000000000000004 2.5000000000000004
decision_type=2 2 2 2 2 2 2 2 2 2 2 2 2 2
left_child=-1 2 4 -4 -2 6 8 11 12 -10 -5 -8 13 -3
right_child=1 5 3 10 -6 -7 7 -9 9 -11 -12 -13 -14 -15
leaf_value=-8.9192510368215257e-09 -2.6798757220874503e-09 -1.9388164694411761e-09 -2.6464927159348621e-08 6.1396301191578168e-07 6.2875869573287632e-10 5.5552933770671e-07 1.5344131298176786e-07 -3.2867167089401543e-06 -5.4784516390567344e-10 -1.9968592821046636e-07 -1.9131331134328593e-05 -1.2431683905838513e-06 1.531813397228803e-07 -4.0458399039024038e-09
leaf_weight=118203.3713505317 511.16274715866894 1075.757965400815 298.45815735310316 883.42187975347042 1367.4910643713083 180.59762993827462 461.35443824157119 402.66534116864204 1470.5228194501251 398.90408474951982 54.718822248280048 48.986367139965296 63.287472262978554 1456.5214559994638
leaf_count=417723 1993 3459 1389 3744 5246 854 2066 1788 4062 863 330 234 615 5082
internal_value=-0.000475061 -0.006707 0.00403467 0.0191223 -0.0059452 -0.0127235 -0.0140993 -3.4469e-05 -0.0169688 -0.00732731 0.0279496 0.0253473 -0.0238581 -0.0251736
internal_weight=126877 8673.85 3115.25 1236.6 1878.65 5558.6 5378 913.006 4464.99 1869.43 938.141 510.341 2595.57 2532.28
internal_count=449448 31725 12702 5463 7239 19023 18169 4088 14081 4925 4074 2300 9156 8541
is_linear=0
shrinkage=0.035


Tree=152
num_leaves=15
num_cat=0
split_feature=53 60 27 64 40 62 36 36 62 62 61 63 1 1
split_gain=296.24 459.194 385.072 251.275 250.651 250.635 177.815 618.685 241.959 195.399 169.13 145.583 134.583 141.234
threshold=0.98750000000000016 -0.65187484896379932 52.500000000000007 -0.045833333333333358 1.5500000000000016 -1.899999999999999 17.250000000000004 19.750000000000004 -1.9291666666666669 0.3375000000000013 21.477083333333336 0.30625000000000008 3.5000000000000004 2.5000000000000004
decision_type=2 2 2 2 2 2 2 2 2 2 2 2 2 2
left_child=-1 2 5 -4 6 -2 8 11 12 -10 -5 -8 13 -3
right_child=1 4 3 10 -6 -7 7 -9 9 -11 -12 -13 -14 -15
leaf_value=-8.6070772505327717e-09 -2.5860800718143892e-09 -1.870957893010735e-09 -2.5538654708771422e-08 5.9247430649872931e-07 5.3608581088697502e-07 6.0675214138222565e-10 1.4807086702740596e-07 -3.1716816241272488e-06 -5.2867058316897493e-10 -1.9269692072310006e-07 -1.846173454462709e-05 -1.1996574969134165e-06 1.4781999283257948e-07 -3.90423550726582e-09
leaf_weight=118203.3713505317 511.16274715866894 1075.757965400815 298.45815735310316 883.42187975347042 180.59762993827462 1367.4910643713083 461.35443824157119 402.66534116864204 1470.5228194501251 398.90408474951982 54.718822248280048 48.986367139965296 63.287472262978554 1456.5214559994638
leaf_count=417723 1993 3459 1389 3744 854 5246 2066 1788 4062 863 330 234 615 5082
internal_value=-0.00047517 -0.00671453 0.00403467 0.0191223 -0.0127352 -0.0059452 -0.0141114 -3.4469e-05 -0.0169834 -0.00732731 0.0279496 0.0253473 -0.0238833 -0.025163
internal_weight=126877 8673.85 3115.25 1236.6 5558.6 1878.65 5378 913.006 4464.99 1869.43 938.141 510.341 2595.57 2532.28
internal_count=449448 31725 12702 5463 19023 7239 18169 4088 14081 4925 4074 2300 9156 8541
is_linear=0
shrinkage=0.035


Tree=153
num_leaves=15
num_cat=0
split_feature=53 60 27 64 40 62 1 61 36 36 36 62 63 42
split_gain=260.616 423.417 385.598 251.275 229.116 220.071 175.598 169.13 159.939 610.101 198.042 155.368 141.592 112.451
threshold=0.98750000000000016 -0.65187484896379932 52.500000000000007 -0.045833333333333358 1.6500000000000015 -1.2458333333333322 3.5000000000000004 21.477083333333336 17.250000000000004 19.750000000000004 -0.24999999999999997 -3.3895833333333347 0.30625000000000008 0.69999999999999862
decision_type=2 2 2 2 2 2 2 2 2 2 2 2 2 2
left_child=-1 2 5 -4 8 6 -2 -5 10 12 11 -3 -10 -7
right_child=1 4 3 7 -6 13 -8 -9 9 -11 -12 -13 -14 -15
leaf_value=-8.3058295467641252e-09 -2.4959347125349783e-09 -9.23835220291908e-10 -2.4644801793964423e-08 5.7173770577127373e-07 5.1732280750593092e-07 -2.6353354502970902e-08 1.5800662429395337e-07 -1.7815573835565143e-05 1.4288838668144677e-07 -3.0606727672827948e-06 -9.8788034004583628e-09 -9.8321496763025986e-10 -1.157669484521447e-06 5.8602656034975104e-08
leaf_weight=118203.3713505317 762.7311818881426 266.25612427666783 298.45815735310316 883.42187975347042 164.21708570793271 406.47527201473713 80.265399690717459 54.718822248280048 474.04700483009219 402.66534116864204 2836.5097866933793 1365.9158645346761 48.986367139965296 629.18195793638006
leaf_count=417723 2781 597 1389 3744 761 1444 436 330 2138 1788 10890 2615 234 2578
internal_value=-0.000445071 -0.00629727 0.00402434 0.0191223 -0.0120787 -0.0059623 -0.0191327 0.0279496 -0.0133339 -8.91405e-05 -0.0160713 -0.00630509 0.0246469 0.00483847
internal_weight=126877 8673.85 3115.25 1236.6 5558.6 1878.65 842.997 938.141 5394.38 925.699 4468.68 1632.17 523.033 1035.66
internal_count=449448 31725 12702 5463 19023 7239 3217 4074 18262 4160 14102 3212 2372 4022
is_linear=0
shrinkage=0.035


Tree=154
num_leaves=15
num_cat=0
split_feature=53 60 27 64 37 62 61 36 36 61 25 63 61 62
split_gain=246.136 377.187 406.359 251.275 243.972 180.531 169.13 162.685 610.332 178.391 167.596 141.61 112.292 102.405
threshold=0.98750000000000016 -0.65187484896379932 52.500000000000007 -0.045833333333333358 0.25000000000000006 -1.899999999999999 21.477083333333336 17.250000000000004 19.750000000000004 1.3562500000000002 1.0000000180025095e-35 0.30625000000000008 16.618750000000002 -0.28124999999999994
decision_type=2 2 2 2 2 2 2 2 2 2 2 2 2 2
left_child=-1 2 5 12 7 -2 -5 9 11 10 13 -9 -4 -3
right_child=1 4 3 6 -6 -7 -8 8 -10 -11 -12 -13 -14 -15
leaf_value=-8.0151255126273815e-09 -2.4082095543621615e-09 -5.5277781416301183e-10 -6.2587761698321713e-08 5.517268860692791e-07 3.0000805091334326e-07 7.018591817413955e-11 -1.7192028751320363e-05 1.3788729314759615e-07 -2.9535492204278973e-06 -7.9921217817007801e-09 2.840482640694997e-09 -1.1171510525631964e-06 5.1345888367871444e-08 -2.1893302380689118e-07
leaf_weight=118203.3713505317 511.16274715866894 730.94168617576361 147.02174502238631 883.42187975347042 319.6801373064518 1367.4910643713083 54.718822248280048 474.29893816635013 402.66534116864204 2705.5890086274594 467.23415610939264 48.986367139965296 151.43641233071685 409.20193965733051
leaf_count=417723 1993 1827 676 3744 1295 5246 330 2141 1788 10559 603 234 713 576
internal_value=-0.000432771 -0.00612006 0.00362221 0.0191223 -0.0115767 -0.00662772 0.0279496 -0.0133944 -7.96954e-05 -0.0162462 -0.00695127 0.0246518 -0.00863104 -0.0141521
internal_weight=126877 8673.85 3115.25 1236.6 5558.6 1878.65 938.141 5238.92 925.951 4312.97 1607.38 523.285 298.458 1140.14
internal_count=449448 31725 12702 5463 19023 7239 4074 17728 4163 13565 3006 2375 1389 2403
is_linear=0
shrinkage=0.035


Tree=155
num_leaves=15
num_cat=0
split_feature=1 48 46 36 6 36 1 62 62 57 62 59 11 57
split_gain=164.588 275.632 200.846 176.873 306.093 196.499 208.227 160.467 155.013 130.313 119.681 128.632 112.27 201.665
threshold=3.5000000000000004 1.0000000180025095e-35 0.90000000000000135 20.050000000000004 1.9475992390351078 7.6500000000000012 2.5000000000000004 -1.485416666666669 0.1791666666666665 0.06335131078084548 -5.4479166666666652 0.97873101657557349 1.0305327412878087 0.24696342784683112
decision_type=2 2 2 2 2 2 2 2 2 2 2 2 2 2
left_child=2 -2 3 5 -5 6 -1 -8 -9 10 -7 -12 -3 -14
right_child=1 12 -4 4 -6 9 7 8 -10 -11 11 -13 13 -15
leaf_value=-1.0328091116204646e-09 1.7510131450824809e-07 -1.8968853337200596e-05 -2.1072546213200417e-05 -4.1114033130879531e-06 0.00010245816901056015 -4.8330984460802708e-09 -2.3245771832614235e-09 3.6645024946204316e-09 -1.5715662639146057e-07 -0.00029950992702272008 1.1307740997509742e-07 -3.0091541200785373e-08 -5.0798321171429963e-05 0.00061806470453229241
leaf_weight=6734.8531010705046 631.16511634085327 84742.286769397324 393.48080378770828 876.89732301607728 564.84227640926838 239.2663012072444 1258.1289994246326 751.4871011513751 226.43519965559244 968.79226338025182 7518.1407695256639 1613.8794606663287 4315.797664957121 16041.76844577794
leaf_count=18966 3615 287967 945 4201 1982 774 3931 2007 621 3763 30869 6849 16250 66708
internal_value=-0.000348841 0.000215005 -0.00316684 -0.00268997 -0.0144727 -0.00180324 -0.00559077 -0.0148204 -0.00412042 0.00148499 0.00275157 0.00340123 7.54267e-05 0.00240868
internal_weight=126877 105731 21146.2 20752.7 1441.74 19311 8970.9 2236.05 977.922 10340.1 9371.29 9132.02 105100 20357.6
internal_count=449448 374540 74908 73963 6183 67780 25525 6559 2628 42255 38492 37718 370925 82958
is_linear=0
shrinkage=0.035


Tree=156
num_leaves=15
num_cat=0
split_feature=53 60 27 64 40 42 61 36 36 36 63 1 61 27
split_gain=257.484 317.8 404.458 234.156 219.93 189.123 161.827 140.346 610.101 185.572 141.592 138.351 118.221 139.391
threshold=0.98750000000000016 -0.65187484896379932 52.500000000000007 -0.045833333333333358 1.6500000000000015 0.69999999999999862 21.477083333333336 17.250000000000004 19.750000000000004 3.1500000000000008 0.30625000000000008 3.5000000000000004 9.0604166666666668 33.500000000000007
decision_type=2 2 2 2 2 2 2 2 2 2 2 2 2 2
left_child=-1 2 5 -4 7 11 -5 9 10 -3 -9 12 13 -2
right_child=1 4 3 6 -6 -7 -8 8 -10 -11 -12 -13 -14 -15
leaf_value=-6.8129195766287062e-09 -1.1596094432801944e-08 -8.651905484567325e-10 -2.5549371420862817e-08 5.2845873570772591e-07 4.8475851811212787e-07 1.2457066339229419e-08 -1.659426545437328e-05 1.2910352853830188e-07 -2.7062758817548426e-06 -9.6269435573329464e-09 -1.0820084750726129e-06 1.4634538992874019e-07 -8.0305786008880948e-09 1.0211786099486899e-08
leaf_weight=118203.3713505317 334.03794227913022 2343.3072882853448 298.45815735310316 883.42187975347042 164.21708570793271 796.15525720803998 54.718822248280048 474.04700483009219 402.66534116864204 2125.3744872193784 48.986367139965296 84.702875044196844 487.75177156832069 176.00596543028951
leaf_count=417723 1077 5730 1389 3744 761 3203 330 2138 1788 8372 234 460 1888 611
internal_value=-0.00044036 -0.00625728 0.00268683 0.0181526 -0.0112657 -0.00753553 0.0266747 -0.0124962 -8.91405e-05 -0.0150604 0.0246469 -0.0169963 -0.0206748 -0.00863239
internal_weight=126877 8673.85 3115.25 1236.6 5558.6 1878.65 938.141 5394.38 925.699 4468.68 523.033 1082.5 997.796 510.044
internal_count=449448 31725 12702 5463 19023 7239 4074 18262 4160 14102 2372 4036 3576 1688
is_linear=0
shrinkage=0.035


Tree=157
num_leaves=15
num_cat=0
split_feature=53 60 27 64 40 61 27 61 36 36 36 63 23 61
split_gain=238.131 320.142 390.403 234.156 217.463 174.809 191.688 161.827 141.627 600.264 170.224 141.077 130.455 112.292
threshold=0.98750000000000016 -0.65187484896379932 52.500000000000007 -0.045833333333333358 1.6500000000000015 12.631250000000001 34.500000000000007 21.477083333333336 19.750000000000004 17.250000000000004 3.1500000000000008 0.30625000000000008 1.0000000180025095e-35 16.618750000000002
decision_type=2 2 2 2 2 2 2 2 2 2 2 2 2 2
left_child=-1 2 5 13 8 6 12 -5 9 10 -3 -11 -2 -4
right_child=1 4 3 7 -6 -7 -8 -9 -10 11 -12 -13 -14 -15
leaf_value=-6.5744673914467009e-09 1.5689573883020838e-10 -8.3490887926074687e-10 -6.3460671388278671e-08 5.0996267995795554e-07 4.6779196997820344e-07 -3.8630191953736805e-08 8.4413086230794955e-08 -1.6013466163470215e-05 -2.6115562258934233e-06 1.2458490503946131e-07 -9.290000532826293e-09 -1.0441381784450714e-06 -7.1710134802361979e-09 4.6485300925597733e-08
leaf_weight=118203.3713505317 868.05920639354736 2343.3072882853448 147.02174502238631 883.42187975347042 164.21708570793271 372.39780751103535 246.67709669587202 54.718822248280048 402.66534116864204 474.04700483009219 2125.3744872193784 48.986367139965296 391.51970092952251 151.43641233071685
leaf_count=417723 3538 5730 676 3744 761 1573 965 330 1788 2138 8372 234 1163 713
internal_value=-0.000423644 -0.00601768 0.00295864 0.0181526 -0.0110446 -0.00708575 -0.00170889 0.0266747 -0.0122684 -0.0106128 -0.0147735 0.0245463 -0.00727523 -0.00863104
internal_weight=126877 8673.85 3115.25 1236.6 5558.6 1878.65 1506.26 938.141 5394.38 4991.72 4468.68 523.033 1259.58 298.458
internal_count=449448 31725 12702 5463 19023 7239 5666 4074 18262 16474 14102 2372 4701 1389
is_linear=0
shrinkage=0.035


Tree=158
num_leaves=15
num_cat=0
split_feature=53 60 27 64 62 1 40 36 36 36 36 59 63 61
split_gain=249.98 303.088 409.1 233.67 191.84 194.475 175.136 161.996 143.322 541.794 153.215 138.287 132.86 112.292
threshold=0.98750000000000016 -0.65187484896379932 52.500000000000007 -0.045833333333333358 -1.0104166666666667 3.5000000000000004 1.6500000000000015 15.050000000000002 19.750000000000004 17.250000000000004 3.1500000000000008 0.55601228778889811 0.30625000000000008 16.618750000000002
decision_type=2 2 2 2 2 2 2 2 2 2 2 2 2 2
left_child=-1 2 4 13 5 -2 8 -5 9 10 -3 -9 -11 -4
right_child=1 6 3 7 -6 -7 -8 11 -10 12 -12 -13 -14 -15
leaf_value=-6.344361032746066e-09 -4.6488720429101172e-09 -8.0568706848662076e-10 -6.1239547889688913e-08 4.9211396590312343e-07 1.2015577666497333e-08 1.4235163944074151e-07 4.5141925102896629e-07 -1.5452360394075376e-05 -2.5201517579871536e-06 1.2022443336308016e-07 -8.9648505141773726e-09 1.4956747922961811e-06 -1.0075933421994939e-06 4.4858315393201808e-08
leaf_weight=118203.3713505317 929.70552897965536 2343.3072882853448 147.02174502238631 721.06287176534534 847.66831053723581 101.27997201308608 164.21708570793271 127.47733041644096 402.66534116864204 474.04700483009219 2125.3744872193784 89.60049981996417 48.986367139965296 151.43641233071685
leaf_count=417723 3318 5730 676 2974 3382 539 761 582 1788 2138 8372 518 234 713
internal_value=-0.000433249 -0.00616478 0.00256999 0.0181246 -0.00771038 -0.0177809 -0.0110559 0.0266378 -0.0121527 -0.0104877 -0.0144401 8.46036e-05 0.022918 -0.00863104
internal_weight=126877 8673.85 3115.25 1236.6 1878.65 1030.99 5558.6 938.141 5394.38 4991.72 4468.68 217.078 523.033 298.458
internal_count=449448 31725 12702 5463 7239 3857 19023 4074 18262 16474 14102 1100 2372 1389
is_linear=0
shrinkage=0.035


Tree=159
num_leaves=15
num_cat=0
split_feature=53 60 27 64 61 40 61 36 36 36 27 62 36 63
split_gain=232.662 346.341 423.55 251.273 181.194 176.335 169.657 141.511 448.156 163.65 131.552 175.644 129.128 117.631
threshold=0.98750000000000016 -0.65187484896379932 52.500000000000007 -0.045833333333333358 12.631250000000001 1.6500000000000015 21.477083333333336 19.750000000000004 17.250000000000004 3.1500000000000008 26.500000000000004 -1.3041666666666667 3.9500000000000006 0.30625000000000008
decision_type=2 2 2 2 2 2 2 2 2 2 2 2 2 2
left_child=-1 2 4 -4 10 7 -5 8 9 -3 12 -12 -2 -10
right_child=1 5 3 6 -6 -7 -8 -9 13 -11 11 -13 -14 -15
leaf_value=-6.1223083965999544e-09 1.099130302542864e-07 -7.7748802108958912e-10 -2.0290635746403755e-08 4.7489099267775964e-07 -3.711542471385417e-08 4.3561957724295243e-07 -1.491216223395612e-05 -2.4319464464576029e-06 1.1601657819537235e-07 -8.6510807461811645e-09 -1.5301093742895005e-09 8.1038082994389714e-08 -6.2454604615677306e-09 -9.7232757522251171e-07
leaf_weight=118203.3713505317 187.3602207377553 2343.3072882853448 298.45815735310316 883.42187975347042 372.39780751103535 164.21708570793271 54.718822248280048 402.66534116864204 474.04700483009219 2125.3744872193784 276.33946492429823 276.60050119948573 765.95581715740263 48.986367139965296
leaf_count=417723 585 5730 1389 3744 1573 761 330 1788 2138 8372 1048 1066 2967 234
internal_value=-0.000417761 -0.0059472 0.00338843 0.0192136 -0.00707486 -0.0111759 0.0280406 -0.0122764 -0.0106214 -0.0142146 -0.00160166 0.0118517 -0.00944686 0.0197689
internal_weight=126877 8673.85 3115.25 1236.6 1878.65 5558.6 938.141 5394.38 4991.72 4468.68 1506.26 552.94 953.316 523.033
internal_count=449448 31725 12702 5463 7239 19023 4074 18262 16474 14102 5666 2114 3552 2372
is_linear=0
shrinkage=0.035


Tree=160
num_leaves=15
num_cat=0
split_feature=53 60 27 64 40 61 62 1 36 36 36 63 61 61
split_gain=204.256 346.31 403.814 251.273 172.598 169.657 153.798 164.514 147.213 435.974 140.565 117.631 111.357 109.415
threshold=0.98750000000000016 -0.65187484896379932 52.500000000000007 -0.045833333333333358 1.6500000000000015 21.477083333333336 -1.0104166666666667 3.5000000000000004 19.750000000000004 17.250000000000004 3.1500000000000008 0.30625000000000008 16.618750000000002 3.9833333333333338
decision_type=2 2 2 2 2 2 2 2 2 2 2 2 2 2
left_child=-1 2 6 12 8 -5 7 -2 9 10 13 -11 -4 -3
right_child=1 4 3 5 -6 -7 -8 -9 -10 11 -12 -13 -14 -15
leaf_value=-5.9080276027189555e-09 -3.7946262492568322e-09 -8.817461846084693e-10 -5.8385991462425678e-08 4.5826980793403808e-07 4.2037289203944914e-07 -1.4390236555767656e-05 1.1813623564324797e-08 1.3667051859660169e-07 -2.3468283208315868e-06 1.1195599795853432e-07 -8.3482929200648246e-09 -9.3829611008972371e-07 4.3998446605563876e-08 4.3630590257560851e-10
leaf_weight=118203.3713505317 929.70552897965536 1986.5714067779481 147.02174502238631 883.42187975347042 164.21708570793271 54.718822248280048 847.66831053723581 101.27997201308608 402.66534116864204 474.04700483009219 2125.3744872193784 48.986367139965296 151.43641233071685 356.7358815073967
leaf_count=417723 3318 4231 676 3744 761 330 3382 539 1788 2138 8372 234 713 1499
internal_value=-0.000390914 -0.00557182 0.00376248 0.0192136 -0.0108005 0.0280406 -0.0064559 -0.0154737 -0.0118895 -0.0102034 -0.0137478 0.0197689 -0.00854185 -0.007785
internal_weight=126877 8673.85 3115.25 1236.6 5558.6 938.141 1878.65 1030.99 5394.38 4991.72 4468.68 523.033 298.458 2343.31
internal_count=449448 31725 12702 5463 19023 4074 7239 3857 18262 16474 14102 2372 1389 5730
is_linear=0
shrinkage=0.035


Tree=161
num_leaves=15
num_cat=0
split_feature=53 60 27 64 40 61 62 1 36 36 36 63 61 1
split_gain=195.334 337.25 403.814 251.273 170.704 169.657 153.798 164.514 150.168 429.813 150.626 117.631 111.357 104.162
threshold=0.98750000000000016 -0.65187484896379932 52.500000000000007 -0.045833333333333358 1.6500000000000015 21.477083333333336 -1.0104166666666667 3.5000000000000004 19.750000000000004 17.250000000000004 3.1500000000000008 0.30625000000000008 16.618750000000002 2.5000000000000004
decision_type=2 2 2 2 2 2 2 2 2 2 2 2 2 2
left_child=-1 2 6 12 8 -5 7 -2 9 10 13 -11 -4 -3
right_child=1 4 3 5 -6 -7 -8 -9 -10 11 -12 -13 -14 -15
leaf_value=-5.7012466366237923e-09 -3.6618143305328431e-09 2.9534437669674609e-11 -5.6342481761240779e-08 4.4223036465634678e-07 4.0565984081806844e-07 -1.3886578276315788e-05 1.1400146739573429e-08 1.3188705044572064e-07 -2.2646893296024817e-06 1.0803753802998562e-07 -8.056102667862555e-09 -9.0545574623658343e-07 4.245850097436914e-08 -1.0229500382083837e-09
leaf_weight=118203.3713505317 929.70552897965536 1016.9308110065758 147.02174502238631 883.42187975347042 164.21708570793271 54.718822248280048 847.66831053723581 101.27997201308608 402.66534116864204 474.04700483009219 2125.3744872193784 48.986367139965296 151.43641233071685 1326.376477278769
leaf_count=417723 3318 2346 676 3744 761 330 3382 539 1788 2138 8372 234 713 3384
internal_value=-0.000382314 -0.0054488 0.00376248 0.0192136 -0.0106086 0.0280406 -0.0064559 -0.0154737 -0.0116918 -0.00998978 -0.0135092 0.0197689 -0.00854185 -0.00734167
internal_weight=126877 8673.85 3115.25 1236.6 5558.6 938.141 1878.65 1030.99 5394.38 4991.72 4468.68 523.033 298.458 2343.31
internal_count=449448 31725 12702 5463 19023 4074 7239 3857 18262 16474 14102 2372 1389 5730
is_linear=0
shrinkage=0.035


Tree=162
num_leaves=15
num_cat=0
split_feature=1 48 46 36 6 61 28 1 57 27 62 48 37 49
split_gain=171.412 268.894 193.905 174.651 304.802 160.197 181.363 251.502 228.151 204.616 251.615 205.284 161.87 144.621
threshold=3.5000000000000004 1.0000000180025095e-35 0.90000000000000135 20.050000000000004 1.9475992390351078 20.502083333333335 42.500000000000007 2.5000000000000004 0.057082574837178227 52.500000000000007 -2.3354166666666658 0.052290209790209832 1.2500000000000002 0.97500000000000009
decision_type=2 2 2 2 2 2 2 2 2 2 2 2 2 2
left_child=2 -2 3 5 -5 6 7 -1 9 13 11 -11 -9 -8
right_child=1 -3 -4 4 -6 -7 8 12 -10 10 -12 -13 -14 -15
leaf_value=-6.7579847639439731e-09 1.6799604064296141e-07 3.2225025213601722e-06 -2.0333707969903496e-05 -3.4466535184414271e-06 9.8873444311762838e-05 1.2285386423024328e-07 1.9008283787799459e-06 -7.2139549401293925e-09 -0.00032412439286792462 4.2675228163707132e-07 6.5966766289617832e-08 -1.5755738088363551e-06 1.114652125694221e-06 -2.9139793384784607e-09
leaf_weight=7451.7286945283413 631.16511634085327 105099.85288013238 393.48080378770828 876.89732301607728 564.84227640926838 1576.0881966240704 2360.4024392280262 2342.6764986999333 872.69893203442916 733.93187062069774 1249.3266580924392 227.97532383352518 83.075399469584227 2413.079182950547
leaf_count=23205 3615 370925 945 4201 1982 7236 8363 7333 2986 3030 5477 843 297 9010
internal_value=-0.000357183 0.000218233 -0.00323301 -0.00276438 -0.014473 -0.00188319 -0.00283487 -0.00598926 0.00113305 0.00324763 0.0120233 0.0253795 -0.0157541 -0.000834178
internal_weight=126877 105731 21146.2 20752.7 1441.74 19311 17734.9 9877.48 7857.41 6984.72 2211.23 961.907 2425.75 4773.48
internal_count=449448 374540 74908 73963 6183 67780 60544 30835 29709 26723 9350 3873 7630 17373
is_linear=0
shrinkage=0.035


Tree=163
num_leaves=15
num_cat=0
split_feature=1 48 46 36 6 61 1 27 62 28 64 62 11 57
split_gain=172.871 267.982 192.868 174.038 304.802 159 183.937 255.017 265.067 242.973 207.586 192.064 122.264 111.853
threshold=3.5000000000000004 1.0000000180025095e-35 0.90000000000000135 20.050000000000004 1.9475992390351078 20.502083333333335 2.5000000000000004 52.500000000000007 -1.485416666666669 54.500000000000007 -0.04374999999999999 0.31041666666666662 1.0005856649319422 0.052305983248172809
decision_type=2 2 2 2 2 2 2 2 2 2 2 2 2 2
left_child=2 -2 3 5 -5 6 13 8 12 -9 -11 -10 -8 -1
right_child=1 -3 -4 4 -6 -7 7 9 11 10 -12 -13 -14 -15
leaf_value=6.7611570345445359e-10 1.6211617922045778e-07 3.1097149331125642e-06 -1.9622028190956872e-05 -3.3260206452959773e-06 9.5412873760851135e-05 1.1855397898218479e-07 -2.8241569592839817e-09 -3.6822128471271885e-08 1.3211689316842489e-08 -5.6675994310574651e-08 3.963609510936245e-07 -1.5122207706895104e-07 -7.689108784903274e-09 -0.00018925568818458431
leaf_weight=11395.263016174547 631.16511634085327 105099.85288013238 393.48080378770828 876.89732301607728 564.84227640926838 1576.0881966240704 1721.5137029937468 481.25879859924316 1044.6001007091254 157.76719997823238 484.61410076543689 233.82049931772053 274.55479744449258 1941.5027834749781
leaf_count=39292 3615 370925 945 4201 1982 7236 5680 2115 3159 720 1917 612 897 6152
internal_value=-0.00036429 0.000213571 -0.00325233 -0.00278495 -0.014473 -0.00190529 -0.00285339 -0.00905166 -0.0139778 0.00530052 0.01926 -0.00151036 -0.0219154 -0.000804111
internal_weight=126877 105731 21146.2 20752.7 1441.74 19311 17734.9 4398.13 3274.49 1123.64 642.381 1278.42 1996.07 13336.8
internal_count=449448 374540 74908 73963 6183 67780 60544 15100 10348 4752 2637 3771 6577 45444
is_linear=0
shrinkage=0.035


Tree=164
num_leaves=15
num_cat=0
split_feature=1 48 46 36 6 61 1 27 62 28 64 62 11 13
split_gain=162.066 264.053 194.6 179.315 301.65 154.658 167.914 264.758 251.719 220.711 206.904 192.064 116.474 111.507
threshold=3.5000000000000004 1.0000000180025095e-35 0.90000000000000135 20.050000000000004 1.9475992390351078 20.502083333333335 2.5000000000000004 52.500000000000007 -1.485416666666669 54.500000000000007 -0.04374999999999999 0.31041666666666662 1.0005856649319422 0.9871299501393469
decision_type=2 2 2 2 2 2 2 2 2 2 2 2 2 2
left_child=2 -2 3 5 -5 6 -1 8 12 -9 -11 -10 -8 -3
right_child=1 13 -4 4 -6 -7 7 9 11 10 -12 -13 -14 -15
leaf_value=-6.7139975909878863e-10 1.5644211294774173e-07 -0.00014789455244689113 -1.8935257204273383e-05 -3.2096099227106178e-06 9.2073423179221345e-05 1.1440458971780832e-07 -2.7253114657090425e-09 -3.5533353974777369e-08 1.2749280190753001e-08 -5.4692334509704543e-08 3.8248831780534767e-07 -1.4592930437153774e-07 -7.4199899774316588e-09 2.5936459656084774e-05
leaf_weight=13336.765799649525 631.16511634085327 20093.438659506151 393.48080378770828 876.89732301607728 564.84227640926838 1576.0881966240704 1721.5137029937468 481.25879859924316 1044.6001007091254 157.76719997823238 484.61410076543689 233.82049931772053 274.55479744449258 85006.414220626233
leaf_count=45444 3615 81751 945 4201 1982 7236 5680 2115 3159 720 1917 612 897 289174
internal_value=-0.000348954 0.000210556 -0.00314528 -0.00267587 -0.0145397 -0.00178306 -0.00271817 -0.00864031 -0.0136601 0.00597974 0.0192788 -0.00151036 -0.0213953 7.39408e-05
internal_weight=126877 105731 21146.2 20752.7 1441.74 19311 17734.9 4398.13 3274.49 1123.64 642.381 1278.42 1996.07 105100
internal_count=449448 374540 74908 73963 6183 67780 60544 15100 10348 4752 2637 3771 6577 370925
is_linear=0
shrinkage=0.035


Tree=165
num_leaves=15
num_cat=0
split_feature=1 48 36 6 28 1 40 61 57 27 64 36 48 1
split_gain=154.427 262.866 171.407 293.645 172.516 172.439 192.444 125.495 115.375 150.269 183.56 239.778 320.19 160.579
threshold=3.5000000000000004 1.0000000180025095e-35 20.050000000000004 2.1860171107064335 14.500000000000002 2.5000000000000004 0.35000000000000103 22.00833333333334 0.06335131078084548 52.500000000000007 -0.04374999999999999 15.15 0.052290209790209832 2.5000000000000004
decision_type=2 2 2 2 2 2 2 2 2 2 2 2 2 2
left_child=2 -2 4 -4 5 -1 -7 8 9 13 -11 12 -12 -6
right_child=1 -3 3 -5 7 6 -8 -9 -10 10 11 -13 -14 -15
leaf_value=-1.9661640381639134e-08 1.5096663899457075e-07 3.214240491650554e-06 -3.2010273730241366e-06 9.9245896679331781e-05 5.648239060761034e-10 -1.8899893964659731e-08 2.3230616756420397e-07 1.2681947137949313e-07 -0.00030027282198771067 -2.5394569331980338e-08 4.5131353910281832e-07 -2.7665867627979727e-08 -1.1786610760426304e-06 -2.6299255644092258e-09
leaf_weight=4014.5504991598427 631.16511634085327 105099.85288013238 898.4347396120429 543.30485981330276 6620.5872855773196 1171.4095001406968 166.77399957925081 531.65999928861856 1088.9450722127222 1364.1914627477527 1019.5488105416298 802.1815664768219 526.37880346924067 2398.2370006754063
leaf_count=13365 3615 370925 4286 1897 20560 3843 612 2385 3921 6173 4424 3810 2101 7531
internal_value=-0.000345922 0.000200243 -0.00307555 -0.0146834 -0.0022192 -0.00757533 -0.0184095 -0.00021766 -0.000864769 7.43917e-05 0.00599184 0.0119058 0.0199213 -0.00236527
internal_weight=126877 105731 21146.2 1441.74 19704.5 5352.73 1338.18 14351.7 13820.1 12731.1 3712.3 2348.11 1545.93 9018.82
internal_count=449448 374540 74908 6183 68725 17820 4455 50905 48520 44599 16508 10335 6525 28091
is_linear=0
shrinkage=0.035


Tree=166
num_leaves=15
num_cat=0
split_feature=1 48 36 6 62 61 37 11 57 57 60 46 57 14
split_gain=83.0787 260.966 203.667 285.318 178.877 119.645 112.636 109.255 199.305 113.842 476.607 758.796 607.88 199.797
threshold=3.5000000000000004 1.0000000180025095e-35 20.050000000000004 2.1860171107064335 0.81666666666666743 22.406250000000004 1.2500000000000002 1.044975438592026 0.24696342784683112 1.2953102889197674 -0.8140159405215136 1.6500000000000006 0.20895744778118985 1.1694833628063137
decision_type=2 2 2 2 2 2 2 2 2 2 2 2 2 2
left_child=2 -2 4 -4 5 6 -1 9 -9 10 11 12 -3 -14
right_child=1 7 3 -5 -6 -7 -8 8 -10 -11 -12 -13 13 -15
leaf_value=-1.236637785469998e-09 1.4568280662976077e-07 3.6910350152869567e-05 -3.088991414968292e-06 9.5772290295555203e-05 -4.392598508727353e-05 1.3970710779744167e-07 1.0748227147569117e-06 -8.0300848290882878e-05 0.00084321272383274339 -0.00021747300727915515 8.0970276441186544e-05 0.0015140377373518358 -0.00087142352613210758 -0.0022604123375184544
leaf_weight=18319.100501198787 631.16511634085327 2455.9654897174332 898.4347396120429 543.30485981330276 794.90560162579641 421.46699830889702 168.99089873582125 2958.3815974544268 9668.0048857447691 51348.371976503637 28919.847295911983 2682.1145118817221 3790.9644705266692 3276.2026523917448
leaf_count=63433 3615 9143 4286 1897 2718 1899 675 11691 43956 175436 95032 8515 15139 12013
internal_value=-0.000203835 0.000196757 -0.00220594 -0.014858 -0.00127314 -0.000584993 -0.00100966 6.09444e-05 0.00311352 -0.000356148 0.00101593 -0.00478148 -0.00941186 -0.0146194
internal_weight=126877 105731 21146.2 1441.74 19704.5 18909.6 18488.1 105100 12626.4 92473.5 41125.1 12205.2 9523.13 7067.17
internal_count=449448 374540 74908 6183 68725 66007 64108 370925 55647 315278 139842 44810 36295 27152
is_linear=0
shrinkage=0.035


Tree=167
num_leaves=15
num_cat=0
split_feature=1 48 36 6 62 64 36 28 49 28 57 27 48 64
split_gain=85.6868 253.195 203.77 283.176 177.202 111.568 114.726 163.403 178.671 111.094 203.844 218.81 252.615 286.089
threshold=3.5000000000000004 1.0000000180025095e-35 20.050000000000004 2.1860171107064335 0.81666666666666743 -0.29374999999999996 18.050000000000004 59.500000000000007 0.9472222222222223 42.500000000000007 0.057082574837178227 52.500000000000007 0.19676061353992896 -0.04374999999999999
decision_type=2 2 2 2 2 2 2 2 2 2 2 2 2 2
left_child=2 -2 4 -4 5 -1 9 8 -8 -7 11 -11 13 -13
right_child=1 -3 3 -5 -6 6 7 -9 -10 10 -12 12 -14 -15
leaf_value=-9.4370531610108573e-07 1.4058390839771913e-07 2.5888906290572426e-06 -2.9808767154444018e-06 9.2420260135210749e-05 -4.2388575609218955e-05 -2.6837240428276004e-09 8.8600344808243196e-08 -2.4004418507405118e-05 1.4603034020392195e-07 -3.1507274223738494e-10 -0.00029204076852468175 -1.6938080221640932e-08 -5.5297927763889796e-06 4.4445720813706076e-07
leaf_weight=727.59290443733335 631.16511634085327 105099.85288013238 898.4347396120429 543.30485981330276 794.90560162579641 9391.5327894091606 670.03471368178725 166.05539941415191 641.1356837041676 4501.1979935613927 754.80626270617358 304.23472172021866 638.46905862540007 1114.4988709837198
leaf_count=3510 3615 370925 4286 1897 2718 28423 3032 810 2818 16164 2489 1441 2364 4956
internal_value=-0.000214763 0.000192069 -0.00224805 -0.0149033 -0.001315 -0.000630051 -8.8661e-05 0.00922678 0.0133949 -0.000917467 0.00231526 0.00430352 0.0137299 0.0219116
internal_weight=126877 105731 21146.2 1441.74 19704.5 18909.6 18182 1477.23 1311.17 16704.7 7313.21 6558.4 2057.2 1418.73
internal_count=449448 374540 74908 6183 68725 66007 62497 6660 5850 55837 27414 24925 8761 6397
is_linear=0
shrinkage=0.035


Tree=168
num_leaves=15
num_cat=1
split_feature=12 14 57 36 1 46 60 1 35 59 21 57 3 36
split_gain=79.615 112.898 77.442 77.3499 232.195 82.1747 326.847 225.735 139.177 123.852 129.944 117.242 110.958 107.506
threshold=0.89270200191206717 1.1694833628063137 2.2172500651780487 27.850000000000005 16.500000000000004 4.2000000000000028 -0.8038981836306559 13.500000000000002 30.500000000000004 0.98370018436603734 1.0000000180025095e-35 1.2513676389835358 0 22.750000000000004
decision_type=2 2 2 2 2 2 2 2 2 2 2 2 1 2
left_child=1 -1 3 5 -5 13 7 11 -8 10 -10 -7 -12 -2
right_child=2 -3 -4 4 -6 6 8 -9 9 -11 12 -13 -14 -15
leaf_value=-0.00034244220762229928 -2.4835683011851441e-09 -0.0021460702112198566 -0.001060373348611186 -0.0024589984556012512 0.0018223795360250452 0.0020820702002938602 -0.0055598300299418823 0.0029185759267704695 -0.00037762872203600051 0.0015468448221639683 0.0012518313196012993 -0.00018708821865903456 -0.00071164936830539851 0.00053581759770926051
leaf_weight=1338.6952927224338 97586.860583778471 235.28264362481423 3562.841052264208 1137.1800223141909 681.02930483967066 640.24713064171374 308.22749920003116 2084.8518313763198 8246.2446052059531 987.37340322881937 2031.1663437560201 1690.6071366097312 1076.2924605384469 5270.3222856670618
leaf_count=7424 335660 1115 12962 5020 2980 2342 1740 7892 27793 4197 5671 6849 5407 22396
internal_value=-0.000158911 -0.00795655 -6.03353e-05 8.87128e-05 -0.00705626 0.000197621 0.00244619 0.0106328 -0.00041778 0.000171386 -0.000866665 0.00312436 0.00522241 -0.00017564
internal_weight=126877 1573.98 125303 121740 1818.21 119922 17065 4415.71 12649.3 12341.1 11353.7 2330.85 3107.46 102857
internal_count=449448 8539 440909 427947 8000 419947 61891 17083 44808 43068 38871 9191 11078 358056
cat_boundaries=0 1
cat_threshold=1
is_linear=0
shrinkage=0.035


Tree=169
num_leaves=15
num_cat=0
split_feature=12 14 51 13 6 36 1 57 21 40 1 9 6 54
split_gain=77.0073 113.279 76.1241 71.0284 104.26 73.6966 197.734 69.3358 104.684 69.1165 74.9012 67.227 79.2644 73.1439
threshold=0.89270200191206717 1.1694833628063137 1.0270234180041347 1.0344308455895741 7.4074090358641511 27.850000000000005 16.500000000000004 2.195558549645483 1.0000000180025095e-35 5.150000000000003 9.5000000000000018 1.0506718036548539 7.6909189469034516 39.000000000000007
decision_type=2 2 2 2 2 2 2 2 2 2 2 2 2 2
left_child=1 -1 3 5 -5 7 -7 9 -9 11 -11 -2 13 -13
right_child=2 -3 -4 4 -6 6 -8 8 -10 10 -12 12 -14 -15
leaf_value=-0.00033045673035551882 -1.401973732337522e-09 -0.0020709577538271617 0.0035165128068180541 4.1480446218027374e-05 0.002209349647027424 -0.0024078639787821314 0.0015663199868884712 -0.00036966328122344313 -0.0036645031893611799 0.00052972224435376351 -0.0041491713997677433 0.00026104377103003206 0.0013202221081932842 -6.7850781677322855e-05
leaf_weight=1338.6952927224338 102514.05718028313 235.28264362481423 327.65430475119501 6259.5443102803547 1188.5511168856174 1083.5036927722394 653.41112781316042 3084.376890514046 835.77672351337969 182.07607068866491 422.03634698316455 5445.0743442149833 1407.3396939132363 1899.8418568074703
leaf_count=7424 345222 1115 1460 27706 2621 4731 2820 10599 3057 718 2165 30137 2983 6690
internal_value=-0.000151212 -0.00782009 -5.42645e-05 -9.90954e-05 0.00321307 -0.000309254 -0.00744444 -0.000201589 -0.00477083 -4.10615e-05 -0.0117506 2.35649e-05 0.00296611 0.00150158
internal_weight=126877 1573.98 125303 124976 7448.1 117527 1736.91 115791 3920.15 111870 604.112 111266 8752.26 7344.92
internal_count=449448 8539 440909 439449 30327 409122 7551 401571 13656 387915 2883 385032 39810 36827
is_linear=0
shrinkage=0.035


Tree=170
num_leaves=15
num_cat=0
split_feature=12 14 13 6 36 46 12 57 50 39 57 63 57 28
split_gain=73.1371 110.811 71.1285 95.1286 69.0007 172.617 71.2014 82.3502 83.8628 64.5977 76.7159 107.513 101.78 88.2558
threshold=0.89270200191206717 1.1694833628063137 1.0344308455895741 7.4074090358641511 28.250000000000004 2.9000000000000017 1.0710640273973844 0.97588847153639346 19.000000000000004 12.65 0.17030564934515588 0.26875000000000004 1.2828418053398616 50.500000000000007
decision_type=2 2 2 2 2 2 2 2 2 2 2 2 2 2
left_child=1 -1 4 -4 6 -6 9 8 -8 -2 11 -11 -12 -14
right_child=2 -3 3 -5 5 -7 7 -9 -10 10 12 -13 13 -15
leaf_value=-0.00031889074479307563 1.4730447807882919e-10 -0.001998474232443211 4.4854503173059555e-05 0.002132022409381464 0.0017962187178333596 -0.0026444812698181506 0.00014617252115458121 0.0013475028817152733 -0.00023727230994020963 -1.3360719723542281e-06 0.00029417386885626889 8.3434916148594029e-08 -0.00065043940703671341 0.00034319126593502906
leaf_weight=1338.6952927224338 90199.521517570829 235.28264362481423 6367.8661092831753 1188.5511168856174 482.15611356124282 942.1598882637918 452.70467220060527 3380.2347136952449 714.79431414604187 2367.5322149023414 4897.7126978340093 750.1988309584558 10471.735089695081 3088.0763804242015
leaf_count=7424 304799 1115 28191 2621 2147 4057 2345 16668 2442 7949 17314 3032 38046 11298
internal_value=-0.000157013 -0.00763069 -6.25322e-05 0.00322691 -0.000273889 -0.00790367 -0.000179794 0.00410828 -0.00388152 -0.000354613 -0.00207454 -0.00714372 -0.00121488 -0.00277648
internal_weight=126877 1573.98 125303 7556.42 117747 1424.32 116323 4547.73 1167.5 111775 21575.3 3117.73 18457.5 13559.8
internal_count=449448 8539 440909 30812 410097 6204 403893 21455 4787 382438 77639 10981 66658 49344
is_linear=0
shrinkage=0.035


Tree=171
num_leaves=15
num_cat=0
split_feature=12 14 57 60 1 59 27 1 2 62 60 46 1 14
split_gain=72.4576 109.768 72.3276 205.639 151.698 195.374 126.341 148.767 162.85 124.928 232.589 259.866 226.331 177.749
threshold=0.89270200191206717 1.1694833628063137 1.6355072939676398 -0.14153505243942421 18.500000000000004 0.37371625404731906 28.500000000000004 7.5000000000000009 1.5000000000000002 2.0291666666666681 -0.8038981836306559 -0.99999999999999978 16.500000000000004 0.94592306406186222
decision_type=2 2 2 2 2 2 2 2 2 2 2 2 2 2
left_child=1 -1 6 4 -4 -6 7 -2 -9 -8 11 -11 13 -12
right_child=2 -3 3 -5 5 -7 9 8 -10 10 12 -13 -14 -15
leaf_value=-0.000307729568725318 -1.0677962185949966e-09 -0.0019285276343076988 0.00064484839562198163 -0.00067888640933264966 -0.0044715887829170691 0.0016860287804680164 -3.7285064215500832e-08 -2.0078528755286991e-05 0.00056409376963641872 -0.00059366137958784509 -0.0020633719127657649 0.0018448522306827577 0.0015007852008225549 8.4202464308452218e-05
leaf_weight=1338.6952927224338 19516.422224374488 235.28264362481423 10415.104842659319 15693.854803089052 672.37844521994703 360.75534304976463 40064.382624049904 10116.460873432457 18729.097761092708 317.63611353514716 1890.0132969617844 3438.7389681907371 1502.6773161627352 2585.7210476025939
leaf_count=7424 60211 1115 44116 51172 2302 1527 161498 27260 56782 1160 7297 12568 6335 8681
internal_value=-4.38078e-05 -0.00748269 5.02244e-05 -0.00154858 0.00201735 -0.0107114 0.000492415 0.00176642 0.00336271 -0.000744925 0.00280952 0.00962231 -0.00148003 -0.00542573
internal_weight=126877 1573.98 125303 27142.1 11448.2 1033.13 98161.2 48362 28845.6 49799.2 9734.79 3756.38 5978.41 4475.73
internal_count=449448 8539 440909 99117 47945 3829 341792 144253 84042 197539 36041 13728 22313 15978
is_linear=0
shrinkage=0.035


Tree=172
num_leaves=15
num_cat=0
split_feature=52 59 62 53 61 27 57 64 23 14 1 28 1 28
split_gain=87.2609 287.667 168.567 288.838 131.132 141.216 260.396 373.879 162.313 119.069 584.49 534.691 447.361 489.38
threshold=0.16800682982356294 0.77214943412548942 0.31041666666666662 0.7947368421052633 21.477083333333336 53.500000000000007 0.0019989410301314127 -0.04374999999999999 1.0000000180025095e-35 1.0429066411824164 17.500000000000004 59.500000000000007 12.500000000000002 52.500000000000007
decision_type=2 2 2 2 2 2 2 2 2 2 2 2 2 2
left_child=1 2 4 -4 5 8 7 -7 -1 -2 12 -12 -11 -14
right_child=9 -3 3 -5 -6 6 -8 -9 -10 10 11 -13 13 -15
leaf_value=4.5932119498854073e-09 3.7932049080816539e-06 -2.7283643812981045e-08 8.1914316484939901e-05 -8.4614624195192206e-07 -1.3420675884231002e-05 -1.4909431851900438e-08 -4.599195555861503e-05 4.3344115539486103e-07 -9.3121393938822281e-10 -4.3428753243667816e-05 -0.00011109308666952957 -0.0023266480868774043 -0.00011675728105141105 0.0030312511033807003
leaf_weight=9762.6966497104149 69409.117405457655 6255.0110802836716 5415.4444238655269 868.70561499311589 199.53276541829109 428.75392205640674 994.65937791392207 1138.4020122848451 4997.3319442942739 12115.67424854869 4620.6316816024482 3970.8014334416948 3425.5388645716012 3274.9201713253278
leaf_count=27261 280245 22405 11153 2883 920 2122 2692 5213 11237 37507 10844 14631 8314 12021
internal_value=-3.73145e-06 0.00164321 0.00339823 -0.00151785 0.00516128 0.00549134 0.0130637 0.0219081 0.0041691 -0.000515207 -0.00246804 -0.0100264 0.000986571 0.00823678
internal_weight=126877 30060.5 23805.5 6284.15 17521.4 17321.8 2561.82 1567.16 14760 96816.7 27407.6 8591.43 18816.1 6700.46
internal_count=449448 85886 63481 14036 49445 48525 10027 7335 38498 363562 83317 25475 57842 20335
is_linear=0
shrinkage=0.035


Tree=173
num_leaves=15
num_cat=0
split_feature=52 59 60 27 61 53 36 1 59 60 1 57 21 1
split_gain=89.6088 291.543 163.036 132.988 115.094 165.79 109.983 345.962 387.413 250.062 264.48 209.05 194.768 180.908
threshold=0.16800682982356294 0.77214943412548942 -0.9523422988233432 52.500000000000007 12.631250000000001 0.98750000000000016 17.250000000000004 17.500000000000004 0.45972848220565493 -0.8038981836306559 10.500000000000002 0.013088771449383139 1.0000000180025095e-35 12.500000000000002
decision_type=2 2 2 2 2 2 2 2 2 2 2 2 2 2
left_child=1 2 3 4 -1 -6 -2 9 -9 13 11 -11 -12 -8
right_child=6 -3 -4 -5 5 -7 7 8 -10 10 12 -13 -14 -15
leaf_value=8.8642280131994233e-08 -2.6818987778290436e-05 -2.6328716279526708e-08 2.1898868522964891e-09 4.1827071495604089e-07 2.7642091840369268e-06 -3.6140849386204289e-08 -0.00026604997896696828 -0.0015120460194922346 0.0012703280304168648 -3.0731621131483095e-05 -0.0014166242760670776 0.00042777385720464982 0.00024442223946130603 0.0018886102491002415
leaf_weight=1452.234478974482 67811.177547562402 6255.0110802836716 20630.025324692018 784.85427616536617 566.0148231938947 372.39780751103535 925.23021402955055 1330.9824639372528 7710.7368830554187 1246.4446922279894 7547.2406975142658 4861.3565672114491 2886.1215436905622 2497.3931957185268
leaf_count=5071 238315 22405 52102 2687 2048 1573 4201 5266 32893 5132 31892 22572 13149 10142
internal_value=3.19267e-05 0.00170088 0.00346767 0.0108382 0.00668106 -0.00285756 -0.000486387 0.00131703 0.00699288 -0.00125582 -0.00303824 0.00274328 -0.00642218 0.00734218
internal_weight=126877 30060.5 23805.5 3175.5 2390.65 938.413 96816.7 29005.5 9041.72 19963.8 16541.2 6107.8 10433.4 3422.62
internal_count=449448 85886 63481 11379 8692 3621 363562 125247 38159 87088 72745 27704 45041 14343
is_linear=0
shrinkage=0.035


Tree=174
num_leaves=15
num_cat=0
split_feature=52 59 27 57 64 61 63 42 40 14 1 28 1 28
split_gain=79.9311 237.205 139.095 233.976 371.723 178.632 109.996 110.039 108.721 149.997 500.172 451.676 374.577 381.11
threshold=0.16800682982356294 0.77214943412548942 52.500000000000007 0.0019989410301314127 -0.04374999999999999 21.477083333333336 0.12083333333333336 4.8500000000000014 0.4500000000000009 1.0429066411824164 17.500000000000004 59.500000000000007 12.500000000000002 52.500000000000007
decision_type=2 2 2 2 2 2 2 2 2 2 2 2 2 2
left_child=1 2 6 4 -4 -6 7 -1 9 -2 12 -12 -11 -14
right_child=8 -3 3 -5 5 -7 -8 -9 -10 10 11 -13 13 -15
leaf_value=6.4906035030998639e-10 2.5522843498121245e-05 -2.5407211209743269e-08 -1.6213214621652879e-08 -1.7304417472251632e-05 4.1528377314490327e-07 -1.2676332054725669e-05 3.0228452548514779e-07 -7.1159948613340509e-09 -0.00019570245812683569 -4.4180698482828563e-05 -8.3424063581422306e-05 -0.0021603519434554618 -5.6004941072734558e-05 0.0027870372693415248
leaf_weight=17014.405343270395 60032.564720939379 6255.0110802836716 476.49385548010468 1564.5142333731055 1307.2141909785569 70.791488736867905 3131.5669496487826 240.54064904898405 11641.510493981652 11154.450880334014 4060.8326031900942 3752.2235449901782 3168.4045160003006 3006.6970455117989
leaf_count=40622 239948 22405 2360 4415 5871 444 8840 929 47394 34351 9348 13852 7611 11058
internal_value=2.89687e-05 0.00160522 0.00319887 0.00972172 0.0180966 0.0272604 0.00210069 0.00100336 -0.000460557 -2.67817e-05 -0.00229581 -0.00964171 0.00101975 0.00792863
internal_weight=126877 30060.5 23805.5 3419.01 1854.5 1378.01 20386.5 17254.9 96816.7 85175.2 25142.6 7813.06 17329.6 6175.1
internal_count=449448 85886 63481 13090 8675 6315 50391 41551 363562 316168 76220 23200 53020 18669
is_linear=0
shrinkage=0.035


Tree=175
num_leaves=15
num_cat=1
split_feature=57 46 60 57 57 14 36 59 1 21 1 61 60 3
split_gain=78.7335 286.976 390.196 919.518 289.814 308.537 204.818 203.457 418.245 302.642 246.6 316.044 314.301 195.956
threshold=1.2989134797818134 2.5499999999999998 -0.88603780069526494 0.057082574837178227 0.42610336992466463 0.94592306406186222 17.150000000000002 0.36571913681022045 17.500000000000004 1.0000000180025095e-35 17.500000000000004 4.3104166666666677 0.68389408864483048 0
decision_type=2 2 2 2 2 2 2 2 2 2 2 2 2 1
left_child=1 2 3 6 -4 -6 -1 10 -9 -10 12 -12 -2 -11
right_child=7 -3 4 -5 5 -7 -8 8 9 13 11 -13 -14 -15
leaf_value=2.2490230618135217e-07 0.0012832746091979339 0.0010045811866839227 -1.2642756838009972e-09 -0.00081324949528595845 0.0018851609664524717 0.0002619490701049959 -2.260399752112519e-05 -0.00076639008583783948 0.0020676166924723524 -0.0028237582787193406 0.00066954344523259719 -0.0023052669878828595 -0.00012074294570718531 0.0014775016345628996
leaf_weight=5015.7963521813508 10411.57251138729 7003.458558088867 32638.012167036533 8590.7559311178047 4263.3240875005722 13238.136235148646 268.45338074117899 22657.36904170271 3638.4677685983479 850.02832163870335 2337.3007402867079 3030.621604510583 12266.92806854099 666.99682728759944
leaf_count=19964 38742 22891 113632 32082 19440 43040 1258 94958 14777 2896 4757 10951 26044 4016
internal_value=4.91682e-05 0.000822368 8.5972e-05 -0.00510638 0.00152357 0.005156 0.00637447 -0.000933827 -0.00305447 0.00593516 0.00116949 -0.00556963 0.00276637 -0.00716494
internal_weight=126877 71017.9 64014.5 13875 50139.5 17501.5 5284.25 55859.3 27812.9 5155.49 28046.4 5367.92 22678.5 1517.03
internal_count=449448 252307 229416 53304 176112 62480 21222 197141 116647 21689 80494 15708 64786 6912
cat_boundaries=0 1
cat_threshold=1
is_linear=0
shrinkage=0.035


Tree=176
num_leaves=15
num_cat=1
split_feature=12 0 57 46 60 57 57 14 46 59 1 21 1 28
split_gain=68.622 95.2401 70.6299 267.795 371.302 699.461 271.753 410.385 233.402 190.919 388.695 282.882 225.252 310.508
threshold=0.89270200191206717 0 1.2953102889197674 2.5499999999999998 -0.88603780069526494 0.22047405267324455 0.24696342784683112 0.98774795522931602 -0.099999999999999742 0.36571913681022045 17.500000000000004 1.0000000180025095e-35 17.500000000000004 59.500000000000007
decision_type=2 1 2 2 2 2 2 2 2 2 2 2 2 2
left_child=1 -1 3 4 5 -2 -6 -8 -7 12 -11 -12 13 -4
right_child=2 -3 9 -5 6 8 7 -9 -10 10 11 -13 -14 -15
leaf_value=-0.0016770073031879991 9.294292567596168e-08 -0.00014895965953679789 -0.0001050760102487306 0.0010116590532444651 -2.3689848019670104e-09 -0.0016326626944758729 0.0013946356682062264 0.00010581465043552821 0.00020821540380425244 -0.00071946191346383204 0.0020075772540457302 -0.0012517764997574709 -0.00089263875755027215 0.0013412991707167756
leaf_weight=425.78606036794372 7095.6916144592687 1148.1918759793043 12514.089551232755 6582.0266336898785 27974.075078611262 5370.9701697276905 6886.4678938537836 14633.356633804739 1066.0235609649681 22955.150153576396 3621.0342950187624 1504.0668213050812 5319.5546059114859 9780.7366472645663
leaf_count=2200 27125 6339 26265 21774 96446 20860 30879 45380 3878 95347 14642 6789 15304 36220
internal_value=-1.36911e-05 -0.00725301 7.7816e-05 0.000821051 0.000119004 -0.00501634 0.00152385 0.0044798 -0.0133615 -0.000851079 -0.00288274 0.00582423 0.00121515 0.00275938
internal_weight=126877 1573.98 125303 69608.6 63026.6 13532.7 49493.9 21519.8 6436.99 55694.6 28080.3 5125.1 27614.4 22294.8
internal_count=449448 8539 440909 246342 224568 51863 172705 76259 24738 194567 116778 21431 77789 62485
cat_boundaries=0 2
cat_threshold=0 262144
is_linear=0
shrinkage=0.035


Tree=177
num_leaves=15
num_cat=0
split_feature=40 1 46 9 6 13 57 59 57 21 1 1 59 57
split_gain=66.4714 120.183 74.3952 69.3045 78.9768 70.7874 132.873 191.459 71.7773 107.873 80.7065 65.6289 64.8381 107.796
threshold=3.050000000000002 9.5000000000000018 -0.84999999999999953 1.0549227400587247 7.6909189469034516 0.9868611173648858 0.052305983248172809 0.59125596962661842 2.0025478082034289 1.0000000180025095e-35 17.500000000000004 1.0000000180025095e-35 0.8140385552266387 1.2731570032891582
decision_type=2 2 2 2 2 2 2 2 2 2 2 2 2 2
left_child=3 -2 -3 5 -5 6 7 11 12 -10 -11 -1 -8 -14
right_child=1 2 -4 4 -6 -7 8 -9 9 10 -12 -13 13 -15
leaf_value=1.0573288482974022e-05 3.9589931049854984e-06 -0.00011619758660022393 -0.0032566131620484226 6.4776787527828517e-05 0.0012315187908806624 7.5350735505101711e-10 -0.00027631851599810813 -3.6296719021458543e-05 -0.00026109915585841243 -0.00092919717606152125 -0.0049991597345456495 6.2392932365958089e-05 0.0004473221654669644 -0.00071684945372861651
leaf_weight=416.71622452512383 672.9253009185195 467.61760075390339 825.77850341051817 8883.177349655889 1476.4948682803661 95047.195904567139 11089.410498777637 984.75753120705485 859.95748594030738 320.68331761471927 580.89760778099298 1050.768664709758 2134.3904918469489 2066.4502457790077
leaf_count=1047 2574 2268 3852 45159 3178 317806 39531 4242 3740 1541 1605 3219 10043 9643
internal_value=-1.64688e-05 -0.00638513 -0.0125934 8.42884e-05 0.00282428 -0.000163733 -0.00208384 0.00551886 -0.00317979 -0.0098513 -0.0182402 0.0134938 -0.00240525 0.00129559
internal_weight=126877 1966.32 1293.4 124911 10359.7 114551 19504 2452.24 17051.8 1761.54 901.581 1467.48 15290.3 4200.84
internal_count=449448 8694 6120 440754 48337 392417 74611 8508 66103 6886 3146 4266 59217 19686
is_linear=0
shrinkage=0.035


Tree=178
num_leaves=15
num_cat=1
split_feature=40 1 46 57 2 12 0 36 1 9 62 50 59 1
split_gain=80.4467 85.3159 70.4877 65.872 75.1393 69.3285 77.8506 65.3223 185.051 67.8262 78.8487 75.2909 74.595 74.9499
threshold=3.050000000000002 9.5000000000000018 -0.84999999999999953 2.2172500651780487 1.5000000000000002 0.88573591735431179 0 27.850000000000005 17.500000000000004 1.0515746879968411 1.9833333333333341 19.000000000000004 0.7025209685794126 16.500000000000004
decision_type=2 2 2 2 2 2 1 2 2 2 2 2 2 2
left_child=3 -2 -3 5 -5 6 -1 9 -9 -7 11 -11 -12 -14
right_child=1 2 -4 4 -6 7 -8 8 -10 10 12 -13 13 -15
leaf_value=-0.0016272111421046518 3.8204283463110051e-06 -0.0001121306710692161 -0.0031426317013767279 0.00032065832640305907 -0.0017911533200366421 6.36638475562844e-10 -0.00011010102271756764 -0.0018895265502550751 0.002410800425582932 0.00028674080882897088 0.0016797519166883825 -4.714777979770933e-05 -0.00090479517583254765 0.0024808024019902057
leaf_weight=377.4678814674262 672.9253009185195 467.61760075390339 825.77850341051817 1378.6035402268171 2248.5543805735651 107924.1813659498 768.04977146163583 1351.8504000976682 467.67143538966775 2974.4475676228758 2174.1849929112941 3949.7388757094741 910.92665284126997 385.22332643344998
leaf_count=1957 2574 2268 3852 4786 8545 365368 4388 5956 2050 17171 9211 14756 4574 1992
internal_value=-3.16773e-05 -0.00703791 -0.0122654 7.9168e-05 -0.00456195 0.000218332 -0.00831384 0.000300371 -0.00626263 0.000401818 0.00310062 0.000939029 0.00739844 0.000740868
internal_weight=126877 1966.32 1293.4 124911 3627.16 121284 1145.52 120138 1819.52 118319 10394.5 6924.19 3470.33 1296.15
internal_count=449448 8694 6120 440754 13331 427423 6345 421078 8006 413072 47704 31927 15777 6566
cat_boundaries=0 2
cat_threshold=0 262144
is_linear=0
shrinkage=0.035


Tree=179
num_leaves=15
num_cat=2
split_feature=40 1 46 51 51 0 13 57 46 0 6 9 52 36
split_gain=74.2475 80.9247 65.4007 63.6965 66.6761 152.101 84.5227 80.2642 75.9545 108.885 74.2259 67.0182 69.8012 205.688
threshold=3.050000000000002 9.5000000000000018 -0.84999999999999953 1.0270234180041347 0.41281913716529522 0 1.0428920307658192 1.5670083854119952 1.0000000180025095e-35 1 7.4147504467901229 1.0582460596762131 0.16998168498168495 19.750000000000004
decision_type=2 2 2 2 2 1 2 2 2 1 2 2 2 2
left_child=3 -2 -3 4 6 -6 11 8 9 -7 -8 12 13 -1
right_child=1 2 -4 -5 5 7 10 -9 -10 -11 -12 -13 -14 -15
leaf_value=2.4042108830644851e-09 3.6867133541901205e-06 -0.00010820609758179354 -0.0030326395918285421 0.0031648463748170366 -0.0011017494439160597 -0.00091731906375905998 0.00011113041085631746 -0.0017277574022427752 0.0023771354606715398 0.00046539893051884064 0.0035019046464551326 0.00016183540882677445 -1.6995156980736074e-05 -4.1829039905570949e-06
leaf_weight=28080.996317651588 672.9253009185195 467.61760075390339 825.77850341051817 324.4970255154185 887.36282544559799 672.00276154279709 3645.7227306184359 991.93784541357309 731.38077258318663 477.63126164209098 526.02614559512585 7152.8877762916964 79243.351652896032 2177.1030754894018
leaf_count=79008 2574 2268 3852 1467 4637 2720 16625 3779 2945 2015 1151 33574 285740 7093
internal_value=-4.32624e-05 -0.00677414 -0.0118655 6.32274e-05 2.22742e-05 -0.00456118 0.000165285 -0.000597229 0.00364642 -0.00197061 0.00505437 -9.97527e-06 -0.000224506 0.00120529
internal_weight=126877 1966.32 1293.4 124911 124586 3760.32 120826 2872.95 1881.01 1149.63 4171.75 116654 109501 30258.1
internal_count=449448 8694 6120 440754 439287 16096 423191 11459 7680 4735 17776 405415 371841 86101
cat_boundaries=0 2 3
cat_threshold=268435458 262144 128
is_linear=0
shrinkage=0.035


Tree=180
num_leaves=15
num_cat=0
split_feature=40 1 36 46 12 14 57 21 1 46 59 39 57 57
split_gain=69.2962 79.9681 62.2229 160.367 62.7195 92.277 65.7441 70.8085 64.4437 61.7431 278.093 180.321 144.099 204.414
threshold=3.1500000000000008 9.5000000000000018 28.250000000000004 3.5000000000000018 0.90137809800127566 1.1694833628063137 2.2172500651780487 1.0000000180025095e-35 17.500000000000004 -1.7000000000000002 0.11593352601052392 9.3500000000000032 1.2953102889197674 0.77066501298801326
decision_type=2 2 2 2 2 2 2 2 2 2 2 2 2 2
left_child=2 -2 4 -4 5 -1 9 -8 -9 10 11 -6 13 -11
right_child=1 -3 3 -5 6 -7 7 8 -10 12 -12 -13 -14 -15
leaf_value=-0.00026624473872567629 3.5576783867934662e-06 -0.0017210000729937377 0.0013972612089409708 -0.0024787737147130605 -1.3580724967054458e-08 -0.0016537089260880895 -0.00037272446642264232 -0.0012595932008153579 -0.0094327806628960679 1.6011508386265252e-10 1.2078289603136593e-08 -3.8163647476088458e-05 -3.2389334046297877e-05 0.00079966004709126871
leaf_weight=1545.5935150869191 661.77390073984861 1200.2332042492926 601.67380101978779 933.94960014149547 9619.3651385675184 251.80390884075314 2727.0305371761788 523.64776045549661 220.4053546525538 14606.459966714727 27857.813000640832 4677.4823131526355 47156.962672584457 14293.02692174539
leaf_count=8462 2502 5679 2700 4095 25697 1235 9647 2063 751 44000 116100 15627 161998 48892
internal_value=-4.69063e-05 -0.00673099 5.31784e-05 -0.00692578 0.000140524 -0.00633153 0.000236637 -0.00450404 -0.0139988 0.000376209 -0.000698116 -0.00466456 0.000971672 0.00291728
internal_weight=126877 1862.01 125015 1535.62 123480 1797.4 121682 3471.08 744.053 118211 42154.7 14296.8 76056.4 28899.5
internal_count=449448 8181 441267 6795 434472 9697 424775 12461 2814 412314 157424 41324 254890 92892
is_linear=0
shrinkage=0.035


Tree=181
num_leaves=15
num_cat=0
split_feature=52 59 21 62 57 41 46 28 61 59 36 6 36 46
split_gain=117.021 252.01 173.952 118.618 127.187 144.444 141.168 125.965 175.673 169.909 96.4308 326.681 177.108 122.325
threshold=0.16800682982356294 0.77214943412548942 1.0000000180025095e-35 0.31041666666666662 0.0036847963766168971 0.60000000000000064 1.5000000000000004 26.500000000000004 14.677083333333334 0.32533907195844747 20.050000000000004 4.2976196645665841 17.250000000000004 -4.3499999999999979
decision_type=2 2 2 2 2 2 2 2 2 2 2 2 2 2
left_child=1 2 3 4 5 7 -7 -1 -9 -10 12 -12 -3 -14
right_child=-2 10 -4 -5 -6 6 -8 8 9 -11 11 -13 13 -15
leaf_value=2.2242897250992066e-09 -8.8537275581474225e-06 -2.2350676236403711e-08 -2.8206817612724141e-09 2.5783668706113708e-08 0.0001554062494974788 4.1239597479061374e-07 -1.9097940084796741e-05 -1.8162101497018744e-10 3.9168849378263464e-07 1.614072335890582e-10 -4.324931764567437e-06 5.7620174640808204e-05 1.3221181479097743e-07 1.0108677357825739e-08
leaf_weight=1120.1264157034457 96816.683804947417 3203.6808607205749 6973.9409457158763 4260.2125030045863 6321.0361072085798 1399.687292593997 75.034160226583481 2374.9516035169363 601.61773080006242 678.91995176672935 592.27617801353335 971.33831241354346 563.78478587791324 923.93094325810671
leaf_count=3238 363562 11733 20916 9171 11720 5324 142 7483 2391 3096 2837 2298 2574 2963
internal_value=0.00018259 0.00208979 0.00373232 0.00565722 0.00736649 0.0109042 0.0204559 0.00791808 0.0047455 0.01514 -0.00415737 -0.0116557 -0.00163873 0.00830566
internal_weight=126877 30060.5 23805.5 16831.6 12571.4 6250.34 1474.72 4775.62 3655.49 1280.54 6255.01 1563.61 4691.4 1487.72
internal_count=449448 85886 63481 42565 33394 21674 5466 16208 12970 5487 22405 5135 17270 5537
is_linear=0
shrinkage=0.035


Tree=182
num_leaves=15
num_cat=0
split_feature=52 36 6 60 27 57 63 57 39 53 42 46 40 1
split_gain=109.621 243.062 417.195 116.763 172.028 112.904 104.721 101.627 100.776 132.408 197.473 91.1356 88.5452 146.722
threshold=0.16800682982356294 19.750000000000004 4.2976196645665841 -0.9523422988233432 52.500000000000007 1.6304150257497732 0.13541666666666671 0.0017302067652570313 9.7500000000000018 0.98750000000000016 1.1499999999999997 1.0000000000000009 0.4500000000000009 9.5000000000000018
decision_type=2 2 2 2 2 2 2 2 2 2 2 2 2 2
left_child=1 3 -3 4 5 6 8 -6 9 -1 -11 -4 -2 -14
right_child=12 2 11 -5 7 -7 -8 -9 -10 10 -12 -13 13 -15
leaf_value=4.9893565816482601e-07 -3.3820040180473585e-08 -4.2578119234052564e-06 0.0015013899408974011 2.1464395847207343e-09 3.637070848540211e-07 0.0064617094026655515 7.5417427518166081e-07 0.00042881454947895178 1.2733082924899543e-06 -1.4290964478002886e-08 8.6517978040946189e-08 -0.00045031011325959657 2.8409938249722597e-05 -0.00074604799832825807
leaf_weight=643.91831293096766 85175.173310965765 668.07287821918726 431.96599530801177 24738.51057509426 456.35644302889705 291.01209310442209 226.95207973569632 308.71167776361108 606.70824589859694 526.56334499549121 82.59164410084486 1079.1745006404817 3352.5350165972486 8288.9754773844033
leaf_count=2155 316168 3260 987 67591 1794 826 861 804 2545 1950 292 2821 13450 33944
internal_value=0.000179384 0.00202531 -0.009206 0.00290613 0.00925055 0.00456132 0.00166246 0.0235773 -0.00112362 -0.00678058 -0.0183437 0.00102214 -0.000393904 -0.00325557
internal_weight=126877 30060.5 2179.21 27881.3 3142.81 2377.75 2086.73 765.068 1859.78 1253.07 609.155 1511.14 96816.7 11641.5
internal_count=449448 85886 7068 78818 11227 8629 7803 2598 6942 4397 2242 3808 363562 47394
is_linear=0
shrinkage=0.035


Tree=183
num_leaves=15
num_cat=0
split_feature=52 36 6 60 27 57 57 63 39 49 42 60 62 46
split_gain=105.529 246.73 412.95 124.219 165.1 105.017 103.976 101.237 102.783 141.381 173.147 86.7281 117.362 214.16
threshold=0.16800682982356294 19.750000000000004 4.2976196645665841 -0.9523422988233432 52.500000000000007 1.6304150257497732 0.0017302067652570313 0.13541666666666671 9.2500000000000018 0.97500000000000009 1.1499999999999997 0.89771014032557062 -4.2208333333333323 -5.6499999999999986
decision_type=2 2 2 2 2 2 2 2 2 2 2 2 2 2
left_child=1 3 -3 4 5 7 -6 8 9 -1 -11 12 13 -5
right_child=-2 2 -4 11 6 -7 -8 -9 -10 10 -12 -13 -14 -15
leaf_value=2.1989708103988952e-06 -8.2942760724074821e-06 -4.1087885060860721e-06 5.6582485373883421e-05 6.0772643875687926e-08 3.5097733688413035e-07 0.0062355495735722565 0.00041380604024718846 7.2777817555030266e-07 1.1669367972432403e-06 -1.622902661633662e-08 3.129533283645603e-08 3.297193794414265e-09 5.1870794320336777e-09 -2.1643527953594807e-08
leaf_weight=499.21942554507405 96816.683804947417 668.07287821918726 1511.1404959484935 233.82643618807197 456.35644302889705 291.01209310442209 308.71167776361108 226.95207973569632 732.75167370121926 535.78243793128058 92.028010748326778 8561.9787889644504 14200.483020615764 1742.222329325974
leaf_count=1633 363562 3260 3808 898 1794 826 804 861 2963 2014 332 20227 40366 6100
internal_value=0.000182123 0.00199326 -0.00932243 0.00288072 0.00942444 0.00482871 0.0234609 0.00203073 -0.000710658 -0.00732172 -0.0182542 0.00204593 0.000537333 -0.00743255
internal_weight=126877 30060.5 2179.21 27881.3 3142.81 2377.75 765.068 2086.73 1859.78 1127.03 627.81 24738.5 16176.5 1976.05
internal_count=449448 85886 7068 78818 11227 8629 2598 7803 6942 3979 2346 67591 47364 6998
is_linear=0
shrinkage=0.035


Tree=184
num_leaves=15
num_cat=0
split_feature=52 36 6 1 62 62 59 36 62 57 27 59 62 36
split_gain=74.7594 232.846 411.746 97.5737 194.446 92.3414 124.124 90.6696 88.1504 221.701 131.057 162.526 128.707 116.012
threshold=0.16800682982356294 19.750000000000004 4.2976196645665841 1.5000000000000002 -0.31458333333333316 -4.539583333333332 0.41327478071396911 18.050000000000004 -2.010416666666667 0.0036847963766168971 37.500000000000007 0.85206963063867758 -3.3249999999999997 5.6500000000000012
decision_type=2 2 2 2 2 2 2 2 2 2 2 2 2 2
left_child=1 3 -3 4 -1 6 -5 -8 9 10 12 -12 13 -7
right_child=-2 2 -4 5 -6 8 7 -9 -10 -11 11 -13 -14 -15
leaf_value=7.1485515709171566e-07 -8.00397640987322e-06 -3.9649809083730595e-06 5.4602098385797519e-05 1.1885184506444972e-09 -2.2988138517565096e-06 1.2778344138288145e-09 -2.0886004475218988e-08 1.2538223335217891e-07 9.0998395768887678e-09 -4.1274329941056218e-05 3.1296989306956709e-07 -1.3385910047194599e-09 -8.222753293007574e-10 4.4470278772845212e-08
leaf_weight=778.42189162783325 96816.683804947417 668.07287821918726 1511.1404959484935 957.07116556167603 231.7112176772207 500.22341376682743 1391.2074516154826 120.38929454609752 16435.56629997585 3050.1291445996612 2110.7062807232141 636.29837657138705 1119.3812162750401 550.2186637124978
leaf_count=5190 363562 3260 3808 2327 1259 1660 4867 394 38742 6935 8418 2782 4012 2232
internal_value=0.000112445 0.00163685 -0.00935554 0.00249906 0.0131257 0.00209486 -0.0043438 -0.0105617 0.00274773 0.00576685 0.0103581 0.0154247 0.00390247 0.0126456
internal_weight=126877 30060.5 2179.21 27881.3 1010.13 26871.2 2468.67 1511.6 24402.5 7966.96 4916.83 2747 2169.82 1050.44
internal_count=449448 85886 7068 78818 6449 72369 7588 5261 64781 26039 19104 11200 7904 3892
is_linear=0
shrinkage=0.035


Tree=185
num_leaves=15
num_cat=0
split_feature=40 46 62 57 27 59 2 1 59 1 60 62 27 1
split_gain=62.4884 71.5918 81.2226 59.1399 171.287 140.315 116.012 175.034 221.397 145.519 246.493 105.749 113.402 152.104
threshold=3.050000000000002 -0.84999999999999953 -1.3770833333333325 1.6355072939676398 21.500000000000004 -0.27609441636666071 1.5000000000000002 20.500000000000004 0.79356426026969662 18.500000000000004 -0.90878397393106225 -4.539583333333332 7.5000000000000009 7.5000000000000009
decision_type=2 2 2 2 2 2 2 2 2 2 2 2 2 2
left_child=3 -2 -3 6 5 -5 7 9 -9 -1 -11 -8 13 -13
right_child=1 2 -4 4 -6 -7 11 8 -10 10 -12 12 -14 -15
leaf_value=-1.107073662228731e-08 3.9906677276737962e-05 3.4075151647150016e-06 -0.0020901190010630091 -9.2157417952955914e-05 0.00019572072393245863 -0.0014072658716707289 -2.1298416040303515e-08 -0.00057551896351846338 0.00029136625777426698 -0.0024050842404411484 0.0014361374404053505 -2.2734709918407681e-09 8.8881997524110216e-08 0.0010030642888450728
leaf_weight=24546.594127882272 912.84260197728872 68.579799711704254 984.89900339394808 5706.768893763423 15452.883732871851 5938.1655370742083 4018.0549774244428 3677.0451014712453 1390.5206012092531 447.69498840719461 2622.8902291432023 4057.1510769203305 50776.86893811659 6276.2619864009321
leaf_count=77827 4023 306 4365 12448 63025 23677 15660 10737 5265 1568 8077 13858 188075 20537
internal_value=-7.25009e-06 -0.00618216 -0.0123542 9.04411e-05 -0.00135616 -0.00455981 0.000491301 -0.00120997 -0.00718242 -0.000111862 0.00705867 0.00134514 0.00170696 0.0050474
internal_weight=126877 1966.32 1053.48 124911 27097.8 11644.9 97813.1 32684.7 5067.57 27617.2 3070.59 65128.3 61110.3 10333.4
internal_count=449448 8694 4671 440754 99150 36125 341604 103474 16002 87472 9645 238130 222470 34395
is_linear=0
shrinkage=0.035


Tree=186
num_leaves=15
num_cat=1
split_feature=11 57 6 36 59 62 57 60 11 57 0 9 46 61
split_gain=61.61 98.5719 157.436 465.524 215.076 180.81 155.801 137.604 123.062 96.5994 92.9977 82.3535 89.3179 85.2167
threshold=1.0000000726240497 0.45144947034115807 0.80013466056551608 19.750000000000004 0.78829775591774598 -0.34374999999999906 0.15062123699030633 -0.54160775828284879 1.0462596892163949 0.33519368974949731 0 1.0110845129576875 0.65000000000000047 -7.029166666666665
decision_type=2 2 2 2 2 2 2 2 2 2 1 2 2 2
left_child=11 2 3 5 9 7 10 -2 -3 -4 -6 13 -13 -1
right_child=1 8 4 -5 6 -7 -8 -9 -10 -11 -12 12 -14 -15
leaf_value=1.1778076042937973e-09 6.3643254579556083e-07 0.00010273129136101613 -4.0197296042543861e-05 -4.8794099707986731e-06 3.1073737428149657e-05 -1.1491482285864926e-06 0.00059961586973569271 4.006278557510196e-08 0.00096848731227508619 -0.0010450319297348914 -6.4288848088780442e-05 9.2299123885005531e-05 -0.00018774641552845044 -1.242953449824931e-08
leaf_weight=2301.7040937915444 2139.514778150944 35348.216203829274 11356.961650678189 509.21087516844273 1582.4140769168735 800.66381909302436 2118.106345731765 3063.8404171653092 8113.1787142732646 1077.3915282934904 1530.2452894672751 9190.0947009765077 9489.698783214204 38255.980319017777
leaf_count=3333 10316 113460 33517 2717 6458 3606 8068 13577 37788 4176 6126 35366 38612 132328
internal_value=-9.28245e-05 0.000628904 -0.00116215 0.00348555 -0.00287678 0.00622565 0.00307347 0.0086085 0.00162534 -0.00538033 -0.0019107 -0.000916891 0.00100566 -0.0018024
internal_weight=126877 67639.7 24178.3 6513.23 17665.1 6004.02 5230.77 5203.36 43461.4 12434.4 3112.66 59237.5 18679.8 40557.7
internal_count=449448 239809 88561 30216 58345 27499 20652 23893 151248 37693 12584 209639 73978 135661
cat_boundaries=0 2
cat_threshold=67113088 262144
is_linear=0
shrinkage=0.035


Tree=187
num_leaves=15
num_cat=2
split_feature=51 51 0 13 57 6 46 0 9 6 57 59 1 21
split_gain=59.5765 60.863 141.476 79.0051 70.7594 69.4087 69.2654 94.4913 56.3187 55.9562 54.1871 156.137 243.218 276.763
threshold=1.0270234180041347 0.41281913716529522 0 1.0428920307658192 1.5670083854119952 7.4147504467901229 1.0000000180025095e-35 1 1.0582460596762131 7.7499039208738436 1.2953102889197674 0.12447811117596704 17.500000000000004 1.0000000180025095e-35
decision_type=2 2 1 2 2 2 2 1 2 2 2 2 2 2
left_child=1 3 -3 8 6 -5 7 -4 10 -10 -1 -12 -13 -14
right_child=-2 2 4 5 -6 -7 -8 -9 9 -11 11 12 13 -15
leaf_value=1.1365843381435144e-09 0.0029690450021843031 -0.0011391352286540648 -0.00076987747399636253 0.00010379465570281061 -0.0016894823339355773 0.0033355177294513787 0.0021269932876707334 0.00044443963971788715 5.885100209676554e-05 0.0011185724768614325 0.00014892234192407652 -0.00066504120439230213 0.0015486812654203262 -0.0016299432603284251
leaf_weight=61289.825862728991 329.62651583133265 801.41902006766759 741.04222701862454 3696.6136516449042 1041.2878483431414 535.78724976163357 754.63750145211816 493.67631743382663 6204.4111144503113 1158.4153060121462 21623.933507389855 22799.928592897952 3875.9750771000981 1530.6418036352843
leaf_count=212755 1483 3798 3357 16953 4017 1178 3140 2074 32382 2345 54703 89661 14870 6732
internal_value=-7.09735e-05 -0.000110254 -0.00444804 2.55545e-05 -0.000936122 0.00471856 0.00292935 -0.00218099 -0.000142471 0.00281984 -0.00033899 -0.00119604 -0.00291102 0.00375803
internal_weight=126877 126548 3832.06 122716 3030.64 4232.4 1989.36 1234.72 118483 7362.83 111120 49830.5 28206.5 5406.62
internal_count=449448 447965 16386 431579 12588 18131 8571 5431 413448 34727 378721 165966 111263 21602
cat_boundaries=0 2 3
cat_threshold=2 262144 268435584
is_linear=0
shrinkage=0.035


Tree=188
num_leaves=15
num_cat=1
split_feature=11 57 51 0 12 58 41 12 36 46 13 6 50 2
split_gain=57.2949 94.1943 73.9994 129.317 78.7502 61.3924 54.5922 53.6774 48.9671 144.136 49.0228 99.7832 56.6197 69.9293
threshold=1.0862793502980128 0.23109167196932104 0.33933692980060098 0 1.0710640273973844 10.165264945353137 26.550000000000004 1.5498560918691615 28.250000000000004 3.5000000000000018 0.98148119052529537 5.831210059884901 16.500000000000004 3.5000000000000004
decision_type=2 2 2 1 2 2 2 2 2 2 2 2 2 2
left_child=2 -2 4 5 6 -4 8 -5 10 -10 11 -1 -13 -14
right_child=1 -3 3 7 -6 -7 -8 -9 9 -11 -12 12 13 -15
leaf_value=2.3999114015922343e-05 -1.1416848251317521e-06 0.0012145840343396606 -0.00066104657531927734 -0.00022839143443950842 0.00035546057223792408 -0.0032952137916365219 -0.007552444215682466 0.0018113860624128051 0.0014118179858665129 -0.0026153534509422401 6.3182309559273853e-10 5.4711510334593193e-05 -0.00039877365522428878 -0.0019091976004347617
leaf_weight=4018.210815561004 2572.5976201104932 3507.8780465296004 603.08864107448608 3149.1390535868704 4215.3093784200028 343.5875349342823 97.693446144461632 368.11198068317026 535.97000079974532 774.33648864552379 98132.747822160833 2332.65685654548 4390.0585939884186 1835.8353165835142
leaf_count=16657 12544 17219 3300 15001 21088 1249 446 1257 2295 3205 322385 13104 14007 5691
internal_value=-8.49175e-05 0.00322732 -0.000251897 -0.00466906 -8.20146e-05 -0.0160059 -0.000258765 -0.00153128 -0.000234799 -0.00693533 -0.000154875 -0.00221127 -0.00434578 -0.00608589
internal_weight=126877 6080.48 120797 4463.93 116333 946.676 112118 3517.25 112020 1310.31 110710 12576.8 8558.55 6225.89
internal_count=449448 29763 419685 20807 398878 4549 377790 16258 377344 5500 371844 49459 32802 19698
cat_boundaries=0 2
cat_threshold=0 262144
is_linear=0
shrinkage=0.035


Tree=189
num_leaves=15
num_cat=1
split_feature=51 51 0 13 6 57 48 41 36 46 9 6 57 2
split_gain=55.4597 53.8487 122.595 72.5594 69.9824 67.3929 67.1906 52.3126 52.0756 128.252 55.5026 59.9316 53.1333 145.938
threshold=1.0270234180041347 0.41281913716529522 0 1.0428920307658192 7.4147504467901229 1.5670083854119952 0.67129882391818774 26.550000000000004 28.250000000000004 3.5000000000000018 1.0582460596762131 7.7499039208738436 2.1462153266154864 3.5000000000000004
decision_type=2 2 1 2 2 2 2 2 2 2 2 2 2 2
left_child=1 3 -3 7 -5 6 -4 8 10 -10 12 -12 -1 -14
right_child=-2 2 5 4 -6 -7 -8 -9 9 -11 11 -13 13 -15
leaf_value=-2.1016135335933964e-10 0.0028558825660791767 -0.0010340598590246393 -0.00026941107665888936 9.7250076430104574e-05 0.0032187745868067726 -0.0016333065652393475 0.00088730219345335248 -0.0070325923005121272 0.0013304421208390714 -0.0022952009310322095 6.3257356217480732e-05 0.0011569842340175508 -3.5314460592341984e-05 -0.0028393519607756881
leaf_weight=104758.08553419309 329.62651583133265 801.41902006766759 989.20587081089616 3696.6136516449042 535.78724976163357 1041.2878483431414 1000.1501750936732 114.34185746312141 549.6536189429462 893.15602231770754 5968.0575032529887 1101.8879289133474 3790.0293457470834 1307.9194533843547
leaf_count=356492 1483 3798 4545 16953 1178 4017 4026 556 2443 3868 30952 2228 11499 5410
internal_value=-8.6281e-05 -0.000124178 -0.00420435 3.5663e-06 0.00450106 -0.000934511 0.00283789 -0.000157457 -0.000133611 -0.00671928 -5.17796e-05 0.00295187 -0.000245335 -0.00373104
internal_weight=126877 126548 3832.06 122716 4232.4 3030.64 1989.36 118483 118369 1442.81 116926 7069.95 109856 5097.95
internal_count=449448 447965 16386 431579 18131 12588 8571 413448 412892 6311 406581 33180 373401 16909
cat_boundaries=0 2
cat_threshold=2 262144
is_linear=0
shrinkage=0.035


Tree=190
num_leaves=15
num_cat=1
split_feature=57 2 12 0 12 51 51 13 6 41 36 1 9 6
split_gain=53.2967 70.8318 58.7724 65.5498 55.4601 54.6402 71.5852 62.9937 72.8777 52.2607 50.1346 142.955 49.8131 57.7909
threshold=2.2172500651780487 1.5000000000000002 0.88573591735431179 0 1.8345429119556795 0.91106682255889482 0.41281913716529522 1.0428920307658192 5.2813156915591106 26.550000000000004 27.850000000000005 17.500000000000004 1.0506718036548539 7.6909189469034516
decision_type=2 2 2 1 2 2 2 2 2 2 2 2 2 2
left_child=2 -2 3 -1 5 6 7 9 -9 10 12 -12 -4 -14
right_child=1 -3 4 -5 -6 -7 -8 8 -10 -11 11 -13 13 -15
leaf_value=3.2487029884807739e-05 0.00032350620645259215 -0.0016556227611469034 -5.4742890766260777e-10 -0.0012213329137723723 0.0031562602026240921 0.0015228004391559368 -0.00043882040086663966 -2.6291002190744259e-05 0.0008379106430018643 -0.0067864515699942018 -0.00168604328914103 0.002258626272070849 4.5888578831694827e-05 0.0010482784516091062
leaf_weight=605.07483263686299 1418.5726293921471 2265.2751042621676 104297.05834605079 566.62486618035473 279.96445834124461 730.66176632931456 2476.012902835384 1394.0028040623292 2710.0047052858863 114.34185746312141 1292.204479329288 424.30946995690465 6834.9064738911111 1468.2068997509778
leaf_count=3271 4950 8673 351141 3224 1168 2574 10866 5835 11420 556 5617 1846 35193 3114
internal_value=-8.99086e-05 -0.00423242 3.42982e-05 -0.00773369 0.000109517 7.30966e-05 1.50879e-05 0.000138352 0.0043935 -1.4627e-05 1.00393e-05 -0.00590895 0.000100787 0.00270818
internal_weight=126877 3683.85 123193 1171.7 122022 121742 121011 118535 4104.01 114431 114317 1716.51 112600 8303.11
internal_count=449448 13623 435825 6495 429330 428162 425588 414722 17255 397467 396911 7463 389448 38307
cat_boundaries=0 1
cat_threshold=100796544
is_linear=0
shrinkage=0.035


Tree=191
num_leaves=15
num_cat=1
split_feature=41 57 2 12 0 12 51 13 36 46 64 62 60 1
split_gain=52.1141 51.1618 66.894 56.0687 62.6282 53.0333 49.3771 49.3139 45.404 127.605 58.3313 53.8133 228.858 106.661
threshold=26.550000000000004 2.2172500651780487 1.5000000000000002 0.88573591735431179 0 1.8345429119556795 1.0270234180041347 0.97115995396637522 28.250000000000004 2.9000000000000017 -0.0083333333333333436 3.2333333333333321 -0.79354221435844496 17.500000000000004
decision_type=2 2 2 2 1 2 2 2 2 2 2 2 2 2
left_child=1 3 -3 4 -1 6 8 -4 11 10 -10 -5 -13 -14
right_child=-2 2 7 5 -6 -7 -8 -9 9 -11 -12 12 13 -15
leaf_value=-0.0012573534286172388 -0.0065742286650806022 0.0003121834892267514 -0.006776109886731929 -7.7289424472335337e-10 -1.4549646884191091e-05 0.0030457910955322487 0.0028309035836591129 -0.0011882674265469972 -0.0023256884106080053 -0.002099609462158035 0.0023564139067258219 0.0015927363006080907 -0.00025328564397956532 0.0011008609309215277
leaf_weight=509.12450862699188 115.90040192753077 1418.5726293921471 258.26046919031069 105812.54481099406 662.57519019022584 279.96445834124461 325.2565158023499 2007.0146350718569 109.73761185631156 983.40567471086979 401.22490939125419 3218.8697560671717 8575.1337775206193 2199.6362466849387
leaf_count=3016 567 4950 1135 369337 3479 1168 1272 7538 707 4263 1598 12479 30147 7792
internal_value=-9.43525e-05 -7.19928e-05 -0.00413063 4.98126e-05 -0.00753736 0.000123349 8.76991e-05 -0.00785043 5.0622e-05 -0.00599205 0.00809312 0.000126487 0.00216543 -0.000283671
internal_weight=126877 126761 3683.85 123077 1171.7 121906 121626 2265.28 121301 1494.37 510.963 119806 13993.6 10774.8
internal_count=449448 448881 13623 435258 6495 428763 427595 8673 426323 6568 2305 419755 50418 37939
cat_boundaries=0 2
cat_threshold=268435458 262144
is_linear=0
shrinkage=0.035


Tree=192
num_leaves=15
num_cat=0
split_feature=40 1 63 1 40 46 64 57 57 62 44 48 59 28
split_gain=49.5825 80.6676 64.1083 127.699 130.349 125.482 93.3091 195.538 83.7565 107.014 78.7613 72.8592 67.7248 79.4143
threshold=3.050000000000002 9.5000000000000018 0.097916666666666693 10.500000000000002 0.30000000000000043 -1.9999999999999993 -0.2854166666666666 0.010650968941543052 1.3198197064749688 -0.41875000000000057 0.87500000000000011 0.047244381453735516 0.1670500785599974 28.500000000000004
decision_type=2 2 2 2 2 2 2 2 2 2 2 2 2 2
left_child=2 -2 -1 5 8 6 7 -4 9 -5 -10 12 -8 -14
right_child=1 -3 3 4 -6 -7 11 -9 10 -11 -12 -13 13 -15
leaf_value=-3.2671045343209294e-09 5.7159732154908767e-06 -0.0014516695319637563 -1.4974395324858446e-06 -0.0001500752039593579 -0.00054072259459855029 2.9304826762644759e-06 8.2345867621656542e-07 0.00029375372180978106 5.4261127692386891e-05 0.00098870934409190096 -0.0027002067404366028 -3.807233433395335e-06 6.5735611851050774e-08 -9.8097353914766762e-09
leaf_weight=97904.908762414008 672.9253009185195 1293.3961041644216 755.98726443946362 1247.2358978595585 6326.1475101727992 8390.156209288165 171.5080992076546 439.25674264505506 3845.3307225834578 2673.7648460566998 366.24593764171004 2059.9285676088184 360.45444166660309 369.97518910095096
leaf_count=335184 2574 6120 3856 4785 24408 31284 785 1958 15353 9954 1507 8249 1755 1676
internal_value=-7.16297e-05 -0.00557203 1.53956e-05 0.00152479 -0.000717251 0.00410691 -0.000864602 -0.00907707 0.00221275 0.00588726 -0.00121407 0.00246889 0.010706 0.0058611
internal_weight=126877 1966.32 124911 27006 14458.7 12547.3 4157.11 1195.24 8132.58 3921 4211.58 2961.87 901.938 730.43
internal_count=449448 8694 440754 105570 56007 49563 18279 5814 31599 14739 16860 12465 4216 3431
is_linear=0
shrinkage=0.035


Tree=193
num_leaves=15
num_cat=0
split_feature=11 57 58 57 60 1 11 9 46 52 14 1 59 1
split_gain=54.7725 171.998 126.807 109.009 134.083 186.239 87.7257 81.3795 84.9827 141.799 137.898 131.354 123.484 161.808
threshold=1.0061784460713457 0.45144947034115807 10.947180865728646 1.5604203553912255 -0.8140159405215136 17.500000000000004 1.0611796071181969 0.99235697298874059 0.84999999999999976 0.030176151761517816 0.91445908622183281 16.500000000000004 0.15005400879207817 18.500000000000004
decision_type=2 2 2 2 2 2 2 2 2 2 2 2 2 2
left_child=7 2 -2 6 5 -5 -3 -1 12 -10 11 -11 13 -9
right_child=1 3 -4 4 -6 -7 -8 8 9 10 -12 -13 -14 -15
leaf_value=-0.00018271851178200922 -1.0878194600844368e-06 0.00033779755488918531 -0.00012128836360686472 0.001856930114720107 -0.00052454764733902786 -0.0021173707809586865 0.0014410750181424014 2.6095697262511288e-10 -1.8285512097229014e-05 -0.0011300875771310856 1.3511679623557476e-05 0.00097014631566746533 6.4329885730587583e-08 -0.00074805070072879074
leaf_weight=13365.303991660709 18258.432176936418 19469.479586121626 864.92293918132782 2793.9987567537464 8094.3209261978045 874.78297794493847 3552.1532986634411 12269.828025483759 288.30976278334856 5079.8135018348694 15454.813347763382 985.44663920253515 21859.204834779724 3666.410830460256
leaf_count=45629 68289 64794 874 12183 29129 3690 17249 31913 698 19973 53478 3799 87868 9882
internal_value=-0.000148247 0.000697737 -0.00196795 0.00216338 -0.000577387 0.00496471 0.00356344 -0.000773253 -0.000219558 -0.00195888 -0.0016259 -0.0060935 0.000784305 -0.00155816
internal_weight=126877 53908.1 19123.4 34784.7 11763.1 3668.78 23021.6 72969.1 59603.8 21808.4 21520.1 6065.26 37795.4 15936.2
internal_count=449448 196208 69163 127045 45002 15873 82043 253240 207611 77948 77250 23772 129663 41795
is_linear=0
shrinkage=0.035


Tree=194
num_leaves=15
num_cat=0
split_feature=53 36 27 59 64 61 61 40 1 41 61 39 46 54
split_gain=102.817 213.03 282.105 280.858 312.713 215.431 227.421 254.293 177.331 176.586 166.929 145.835 208.638 165.841
threshold=0.98750000000000016 20.250000000000004 52.500000000000007 0.8140385552266387 -0.045833333333333358 -7.029166666666665 20.975000000000005 0.099999999999999936 3.5000000000000004 2.1000000000000019 21.477083333333336 11.250000000000002 -1.8 19.500000000000004
decision_type=2 2 2 2 2 2 2 2 2 2 2 2 2 2
left_child=-1 2 5 4 -4 -2 7 8 11 -9 -6 13 -13 -7
right_child=1 -3 3 -5 10 6 -8 9 -10 -11 -12 12 -14 -15
leaf_value=4.0502204266283726e-08 1.1440256660662489e-09 -1.5055614761816799e-06 -4.1872766459937638e-08 -1.9836523557029735e-08 3.1401547131925014e-07 -8.3556102737230167e-09 8.225154758769843e-08 1.7444944154798131e-07 9.3746212655448321e-08 -9.3979047615336808e-08 -1.1460845184894087e-05 1.1639850852144964e-07 -1.2344580065728627e-05 -1.1094881781150241e-08
leaf_weight=118203.3713505317 476.06676492840052 366.31341628730297 298.45815735310316 887.41253166645765 913.15059649944305 1165.7739608464763 263.27322183549404 768.92186927609146 170.58510943874717 551.69199089007452 55.871577817946672 342.78368637524545 143.33618618478067 2270.2111758366227
leaf_count=417723 736 1597 1389 4149 3873 4297 1203 2774 1083 2089 341 1273 445 6476
internal_value=-0.000202484 -0.00387827 -0.00270811 0.00816508 0.0186794 -0.00652339 -0.00842601 -0.00998301 -0.0142837 0.0033523 0.0282601 -0.0158137 0.00209167 -0.0183457
internal_weight=126877 8673.85 8307.54 2154.89 1267.48 6152.64 5676.58 5413.3 4092.69 1320.61 969.022 3922.11 486.12 3435.99
internal_count=449448 31725 30128 9752 5603 20376 19640 18437 13574 4863 4214 12491 1718 10773
is_linear=0
shrinkage=0.035


Tree=195
num_leaves=15
num_cat=0
split_feature=53 64 27 59 64 36 63 1 39 46 50 61 42 27
split_gain=88.9482 205.637 235.142 404.342 224.763 209.488 191.24 190.918 216.42 295.551 181.182 170.554 167.761 142.719
threshold=0.98750000000000016 -0.30624999999999991 52.500000000000007 0.77214943412548942 -0.045833333333333358 -9.9499999999999975 0.15208333333333338 3.5000000000000004 11.950000000000001 -1.1000000000000008 19.000000000000004 21.477083333333336 2.850000000000001 5.5000000000000009
decision_type=2 2 2 2 2 2 2 2 2 2 2 2 2 2
left_child=-1 -2 5 4 -4 -3 7 8 10 -10 -7 -6 -8 -12
right_child=1 2 3 -5 11 6 12 -9 9 -11 13 -13 -14 -15
leaf_value=3.9084627116963794e-08 -1.0233929124218391e-06 1.1039847677539303e-09 -2.6003190145536922e-08 -2.4701268136632089e-08 3.0302492982307638e-07 -5.6351682139042257e-09 6.2973088707743268e-07 9.91883476809946e-08 9.5194424476994694e-08 -1.7213458871525497e-05 1.2964378284736661e-10 -1.1059715603422793e-05 -5.7591474462186183e-08 -9.6888043412801164e-09
leaf_weight=118203.3713505317 287.07025042921305 255.72304841130972 250.56761266291142 1056.4458967745304 913.15059649944305 1771.468640205916 264.05716344900429 209.77308720722795 509.00007447577082 233.00853325380012 324.70308894664049 54.718822248280048 353.02586383745074 2191.1375668346882
leaf_count=417723 1487 441 1090 4911 3873 6618 869 1329 1870 632 825 330 1261 6189
internal_value=-0.000185055 -0.00360396 -0.00258707 0.00699852 0.0206632 -0.00616049 -0.00752831 -0.00970051 -0.0110775 0.00630596 -0.0140937 0.0282522 0.0107745 -0.0201164
internal_weight=126877 8673.85 8386.78 2274.88 1218.44 6111.9 5856.17 5239.09 5029.32 742.009 4287.31 967.869 617.083 2515.84
internal_count=449448 31725 30238 10204 5293 20034 19593 17463 16134 2502 13632 4203 2130 7014
is_linear=0
shrinkage=0.035


Tree=196
num_leaves=15
num_cat=0
split_feature=62 53 28 42 27 46 57 59 1 57 1 14 57 60
split_gain=72.8765 105.275 165.548 147.179 81.6777 79.963 74.6535 251.403 607.313 315.187 312.943 284.606 270.315 188.059
threshold=-4.0312499999999991 0.98750000000000016 21.500000000000004 2.5499999999999998 18.500000000000004 -4.3499999999999979 1.2989134797818134 0.36571913681022045 19.500000000000004 0.15062123699030633 12.500000000000002 1.1694833628063137 0.30560640846611248 -0.58427653070765262
decision_type=2 2 2 2 2 2 2 2 2 2 2 2 2 2
left_child=1 -1 3 4 -3 -6 7 8 10 -9 -2 -10 -13 -11
right_child=6 2 -4 -5 5 -7 -8 9 11 13 -12 12 -14 -15
leaf_value=-3.074753490880096e-07 2.3094547847410824e-09 2.6845212971128954e-09 -2.4263966577825122e-09 -1.8354720554663056e-08 -2.153603340151812e-08 2.7559982186390401e-09 -0.00012772207438829742 -7.8659330266560632e-09 -0.00024656776991748258 1.9008482824673324e-05 0.0023400434939307895 4.827890743866505e-05 -0.0025221635822257442 0.00082626888132148455
leaf_weight=8333.6955345948227 21794.396224465221 198.94189267605543 712.50840063020587 133.15536767989397 147.01298479735851 129.27601820230484 54385.871772356564 11044.929539967328 7563.4238434156869 4610.4031445682049 1952.0230588626582 736.38554300740361 2246.9354153543245 12888.262855189852
leaf_count=29591 63050 701 2823 567 574 505 192969 49503 19911 19514 5806 2459 8106 53369
internal_value=-0.000143576 -0.00306482 -0.0122065 0.00122592 0.0104072 -0.00201019 9.72619e-05 0.000918914 -0.00110075 0.00334493 0.00200358 -0.00808553 -0.0172231 0.00626562
internal_weight=126877 9654.59 1320.89 608.386 475.231 276.289 117223 62836.8 34293.2 28543.6 23746.4 10546.7 2983.32 17498.7
internal_count=449448 34761 5170 2347 1780 1079 414687 221718 99332 122386 68856 30476 10565 72883
is_linear=0
shrinkage=0.035


Tree=197
num_leaves=15
num_cat=0
split_feature=62 53 28 42 27 46 36 1 57 59 1 57 1 14
split_gain=62.9357 90.4795 192.186 101.067 78.8585 76.1042 69.7133 146.963 69.5058 263.404 543.405 349.925 306.842 268.346
threshold=-4.0312499999999991 0.98750000000000016 21.500000000000004 2.5499999999999998 18.500000000000004 -4.3499999999999979 18.950000000000003 4.5000000000000009 1.2828418053398616 0.36571913681022045 19.500000000000004 0.24696342784683112 8.5000000000000018 1.1694833628063137
decision_type=2 2 2 2 2 2 2 2 2 2 2 2 2 2
left_child=1 6 3 4 -3 -6 -1 -8 9 10 12 -11 -2 -12
right_child=8 2 -4 -5 5 -7 7 -9 -10 11 13 -13 -14 -15
leaf_value=-4.6066878627458622e-06 -1.794074242985859e-09 2.5905630517139438e-09 -2.3414727747601245e-09 -1.7712305335249848e-08 -2.0782272232464987e-08 2.6595382809866737e-09 -6.4097770758081711e-06 0.00207064380254387 -0.00011663145103877035 -5.4995874954998187e-09 -0.00023669672492796368 0.00083179403980802814 0.0012381752968577975 -0.0014506276520920051
leaf_weight=7641.8335305643268 17638.90920867282 198.94189267605543 712.50840063020587 133.15536767989397 147.01298479735851 129.27601820230484 215.63330421969295 476.22869981080294 56564.062654439593 13172.434964179061 7553.9867434150074 14132.918348491192 5205.0590917938389 2955.2603861957323
leaf_count=26594 51640 701 2823 567 574 505 900 2097 199213 57002 19873 61653 14857 10449
internal_value=-0.000137325 -0.00285203 -0.0113271 0.00311872 0.0106961 -0.00152048 -0.00149676 0.00906348 8.64851e-05 0.000909408 -0.00117733 0.00345783 0.00185305 -0.00775997
internal_weight=126877 9654.59 1320.89 608.386 475.231 276.289 8333.7 691.862 117223 60658.6 33353.2 27305.4 22844 10509.2
internal_count=449448 34761 5170 2347 1780 1079 29591 2997 414687 215474 96819 118655 66497 30322
is_linear=0
shrinkage=0.035


Tree=198
num_leaves=15
num_cat=0
split_feature=11 49 36 62 57 64 58 11 9 61 46 62 35 62
split_gain=58.9064 127.719 328.816 176.178 152.527 111.914 103.035 98.6183 76.5165 89.0058 81.3724 77.2408 78.5569 76.8456
threshold=1.0000000726240497 0.9472222222222223 19.750000000000004 -0.36458333333333298 0.45144947034115807 -0.04374999999999999 10.947180865728646 1.0462596892163949 1.0110845129576875 -0.27916666666666662 0.65000000000000047 0.62291666666666734 33.000000000000007 -4.539583333333332
decision_type=2 2 2 2 2 2 2 2 2 2 2 2 2 2
left_child=8 4 3 5 6 -3 -2 -6 9 -1 -10 -12 -13 -11
right_child=1 2 -4 -5 7 -7 -8 -9 10 13 11 12 -14 -15
leaf_value=1.055028146837189e-09 -2.1003979773506373e-06 1.0520952302765177e-08 -3.2928264927027299e-06 -6.8427823945291995e-07 9.2018524964194306e-05 2.4792162598655614e-07 -0.00010042022462828343 0.00086663986975855445 9.1226283136249984e-05 -1.0200577336726185e-08 -0.00087991586805981966 -0.0036356386737689487 0.00021852788241050349 -1.7196421507435389e-08
leaf_weight=7168.6688471883535 19774.683502927888 827.45386720821261 280.51785190030932 366.66265924833715 35348.216203829274 1991.9248161662836 937.10608321428299 8113.1787142732646 9190.0947009765077 2113.2746492354199 2201.6168343313038 404.29986073728651 6883.7820881456137 31275.740916385548
leaf_count=11252 73195 3414 1213 1614 113460 8153 972 37788 35366 7816 8774 2418 27420 116593
internal_value=-4.41068e-05 0.000661605 0.0071954 0.0104174 0.000307591 0.013386 -0.00216353 0.00148545 -0.000849893 -0.00170344 0.00100326 -0.0012695 0.000468421 -0.00246308
internal_weight=126877 67639.7 3466.56 3186.04 64173.2 2819.38 20711.8 43461.4 59237.5 40557.7 18679.8 9489.7 7288.08 33389
internal_count=449448 239809 14394 13181 225415 11567 74167 151248 209639 135661 73978 38612 29838 124409
is_linear=0
shrinkage=0.035


Tree=199
num_leaves=15
num_cat=2
split_feature=11 49 36 62 57 64 14 57 57 0 14 11 57 0
split_gain=58.0618 134.502 391.019 259.904 153.678 128.534 113.745 163.691 103.845 103.134 96.0123 92.4202 80.9927 78.4304
threshold=1.0000000726240497 0.84166666666666679 19.750000000000004 -0.34374999999999906 0.45144947034115807 -0.04374999999999999 0.98774795522931602 0.15062123699030633 0.0017302067652570313 0 1.1694833628063137 1.0462596892163949 0.06335131078084548 1
decision_type=2 2 2 2 2 2 2 2 2 1 2 2 2 1
left_child=-1 4 3 5 6 -3 7 9 -8 -2 13 -6 -12 -10
right_child=1 2 -4 -5 11 -7 8 -9 10 -11 12 -13 -14 -15
leaf_value=-5.6110786949097051e-09 1.6713847463710224e-05 1.3471526092611458e-08 -3.9801590636294029e-06 -1.033563805130092e-06 8.8797876590447552e-05 2.5742196052325979e-07 1.9303342688183725e-06 0.00060990751953421407 1.2942744037260807e-06 -3.3330088347447848e-05 -1.4410990433199701e-05 0.00083630747431700516 -0.00059424703753298725 -6.4353999507846442e-05
leaf_weight=59237.477897000033 1738.8846504241228 1076.8303287513554 381.94306346401572 467.75759665481746 35348.216203829274 2513.233091724338 1890.3998605071101 2037.1422053016722 3995.6412574558053 1856.0123677775264 769.50105640967377 8113.1787142732646 1395.9953021171968 6055.0080000776798
leaf_count=209639 7650 4660 1801 2036 113460 10536 7415 8155 13402 8754 2960 37788 4366 16826
internal_value=-2.58488e-05 0.000674784 0.00655631 0.00975998 0.000260638 0.0129598 -0.00229964 0.00190283 -0.00397764 -0.00258948 -0.00515866 0.00142369 -0.0118292 -0.00371111
internal_weight=126877 67639.7 4439.76 4057.82 63200 3590.06 19738.6 5632.04 14106.5 3594.9 12216.1 43461.4 2165.5 10050.6
internal_count=449448 239809 19033 17232 220776 15196 69528 24559 44969 16404 37554 151248 7326 30228
cat_boundaries=0 2 4
cat_threshold=67113088 262144 33558656 262144
is_linear=0
shrinkage=0.035


Tree=200
num_leaves=15
num_cat=1
split_feature=11 49 36 62 57 64 14 57 57 11 0 57 53 36
split_gain=53.2893 127.964 384.966 225.584 146.131 126.313 101.694 154.391 102.001 85.692 83.8025 77.6237 76.0103 72.4445
threshold=1.0000000726240497 0.84166666666666679 19.750000000000004 -0.34374999999999906 0.45144947034115807 -0.04374999999999999 0.98774795522931602 0.15062123699030633 0.33519368974949731 1.0462596892163949 0 0.0017302067652570313 0.027402402402402406 -11.949999999999998
decision_type=2 2 2 2 2 2 2 2 2 2 1 2 2 2
left_child=13 4 3 5 6 -3 7 10 11 -6 12 -8 -2 -1
right_child=1 2 -4 -5 9 -7 8 -9 -10 -11 -12 -13 -14 -15
leaf_value=1.2144899160197271e-09 0.00012553890232826239 1.3000022679370057e-08 -3.8408534964023735e-06 -9.9738907195053871e-07 8.5689950909781891e-05 2.4841219190494569e-07 1.8627725694097296e-06 0.00058856075635051663 -0.00092853845919473152 0.00080703671271591007 -3.2163535255287172e-05 -4.0368082286304883e-05 -8.1998922707009987e-06 -6.7808566986607022e-09
leaf_weight=580.92924726009369 1008.1118466705084 1076.8303287513554 381.94306346401572 467.75759665481746 35348.216203829274 2513.233091724338 1890.3998605071101 2037.1422053016722 1122.6678824275732 8113.1787142732646 1856.0123677775264 11093.477733632782 730.77280375361443 58656.54864973994
leaf_count=863 4387 4660 1801 2036 113460 10536 7415 8155 4191 37788 8754 33363 3263 208776
internal_value=-1.97728e-05 0.000651447 0.00638824 0.00956723 0.000247493 0.0125476 -0.00224913 0.00172458 -0.00383573 0.00138163 -0.00263799 -0.00295442 0.00287776 -0.000786179
internal_weight=126877 67639.7 4439.76 4057.82 63200 3590.06 19738.6 5632.04 14106.5 43461.4 3594.9 12983.9 1738.88 59237.5
internal_count=449448 239809 19033 17232 220776 15196 69528 24559 44969 151248 16404 40778 7650 209639
cat_boundaries=0 2
cat_threshold=67113088 262144
is_linear=0
shrinkage=0.035


Tree=201
num_leaves=15
num_cat=0
split_feature=12 14 57 46 57 62 59 1 27 59 57 40 10 13
split_gain=55.185 221.553 128.72 151.82 95.7858 119.75 101.382 87.7272 65.9498 67.408 65.6513 59.6486 57.0652 70.8422
threshold=0.99481340225773851 1.1694833628063137 0.052305983248172809 0.65000000000000047 1.6355072939676398 -0.55624999999999913 0.12447811117596704 18.500000000000004 27.500000000000004 0.8140385552266387 1.3198197064749688 0.40000000000000063 0.98305056922254275 0.98745562856688196
decision_type=2 2 2 2 2 2 2 2 2 2 2 2 2 2
left_child=1 4 -3 -4 5 -1 7 -6 10 -10 -7 -11 -2 -14
right_child=12 2 3 -5 6 8 -8 -9 9 11 -12 -13 13 -15
leaf_value=-5.1418394309903415e-05 0.00011000591647751234 2.4726009203330799e-05 -0.0021055582398141546 0.0005035094125705093 0.00021576282911439564 0.00051856867893176331 -0.0015506103119833651 -0.0046833931974355923 -0.00022983634215595884 0.00062477451047660666 0.00016058206403066504 -0.00075690639560805815 -8.8038394401126409e-05 3.8965055437417505e-09
leaf_weight=10266.665056527127 4100.8938783919439 301.60824507451616 1217.5956358239055 392.20670597464778 3997.0045040585101 5163.7716833008453 3937.9280587704852 185.35983282700181 3940.3059899657965 1795.3330313079059 4354.001141124405 346.97927985712886 9343.3850333318114 77534.183519431856
leaf_count=40639 20039 987 4883 1787 13200 17753 18951 587 14110 8265 15298 1767 28882 262300
internal_value=-9.12497e-06 -0.00117096 -0.0127336 -0.0166509 -0.000517137 0.000524212 -0.0038309 -3.35809e-05 0.00245548 -0.000391108 0.00427317 0.00459301 0.000449397 0.0002587
internal_weight=126877 35898.8 1911.41 1609.8 33987.3 25867.1 8120.29 4182.36 15600.4 6082.62 9517.77 2142.31 90978.5 86877.6
internal_count=449448 138227 7657 6670 130570 97832 32738 13787 57193 24142 33051 10032 311221 291182
is_linear=0
shrinkage=0.035


Tree=202
num_leaves=15
num_cat=0
split_feature=9 43 62 60 57 27 1 36 57 1 53 64 27 59
split_gain=54.7698 75.7838 64.7529 103.588 85.965 78.6832 89.2246 118.516 65.5828 64.5322 63.1109 209.565 211.73 377.921
threshold=0.98723569109534748 1.0000000180025095e-35 -0.63958333333333417 0.53435276464917691 1.4147405842343603 31.500000000000004 16.500000000000004 12.65 1.0136014344931097 17.500000000000004 0.98750000000000016 -0.2854166666666666 52.500000000000007 0.77214943412548942
decision_type=2 2 2 2 2 2 2 2 2 2 2 2 2 2
left_child=2 10 -1 5 -5 6 -4 9 -9 -8 -2 -12 -13 -14
right_child=1 -3 3 4 -6 -7 7 8 -10 -11 11 12 13 -15
leaf_value=-7.7536391184088808e-05 2.8435901216540457e-07 1.5596282547473237e-06 0.00081507629427121414 -1.9429822733710651e-06 -0.0012341398285162129 -0.00010703902520707723 0.00095205597431106492 0.0013384907273799689 -0.00011891655175445275 -0.0017000515980777229 -9.1579305366899073e-07 -2.8300353243848535e-09 2.5755468814305612e-07 -2.5739635667402247e-08
leaf_weight=10101.266815734329 86025.968150821747 3401.4002459570765 4185.9528606515378 4483.1574602564797 3351.4333137050271 4618.1018690194469 369.57143881544471 494.27628128603101 471.98639450408518 1030.2981007406488 319.86691728234291 5749.0588188085239 1218.4370314106345 1056.4458967745304
leaf_count=37784 301654 9227 15516 13878 12935 19025 1318 1709 1857 4018 1600 18723 5293 4911
internal_value=3.62028e-06 0.000400401 -0.0013289 -0.000124899 -0.00320805 0.00203851 0.00450195 -0.000929156 0.0084488 -0.00741632 0.000215119 -0.00268931 -0.00156332 0.00745411
internal_weight=126877 97771.2 29106 19004.8 7834.59 11170.2 6552.09 2366.13 966.263 1399.87 94369.8 8343.81 8023.94 2274.88
internal_count=449448 341408 108040 70256 26813 43443 24418 8902 3566 5336 332181 30527 28927 10204
is_linear=0
shrinkage=0.035


Tree=203
num_leaves=15
num_cat=0
split_feature=9 43 11 53 64 27 59 64 36 39 46 1 63 40
split_gain=52.0294 69.6665 60.9183 60.5066 210.206 216.895 369.269 224.763 193.927 175.689 342.992 188.122 184.25 173.025
threshold=0.98723569109534748 1.0000000180025095e-35 1.0061784460713457 0.98750000000000016 -0.2854166666666666 52.500000000000007 0.77214943412548942 -0.045833333333333358 -9.9499999999999975 11.950000000000001 -1.0999999999999999 3.5000000000000004 0.14166666666666669 2.0500000000000016
decision_type=2 2 2 2 2 2 2 2 2 2 2 2 2 2
left_child=2 3 -1 -2 -5 8 7 -7 -6 11 13 12 -10 -11
right_child=1 -3 -4 4 5 6 -8 -9 9 10 -12 -13 -14 -15
leaf_value=-0.0001707641940205998 2.7440644673961541e-07 1.5050412658311675e-06 1.032891271289516e-06 -8.8374029679057615e-07 1.1346563112815453e-09 -3.2740484559670392e-08 -2.4838748419043168e-08 2.7929535741160339e-07 -6.7555996627034428e-09 3.9338436159808672e-07 -1.6995768526729441e-05 9.4059807313665907e-08 3.7486751018559084e-07 -1.1005509094913952e-07
leaf_weight=11879.880625528516 86025.968150821747 3401.4002459570765 17226.163909184514 319.86691728234291 253.92274843901396 250.56761266291142 1056.4458967745304 967.8694187477231 4172.0489741205238 577.41707347077318 217.95521509647369 200.88449842855334 234.70757650956511 92.122732743620872
leaf_count=41677 301654 9227 66363 1600 434 1090 4911 4203 13088 2157 604 1259 863 318
internal_value=-1.27861e-05 0.000373942 -0.00131154 0.000196297 -0.00264757 -0.00151992 0.00760671 0.0206632 -0.00513823 -0.00653515 0.00766028 -0.00928005 -0.0108048 0.020047
internal_weight=126877 97771.2 29106 94369.8 8343.81 8023.94 2274.88 1218.44 5749.06 5495.14 887.495 4607.64 4406.76 669.54
internal_count=449448 341408 108040 332181 30527 28927 10204 5293 18723 18289 3079 15210 13951 2475
is_linear=0
shrinkage=0.035


Tree=204
num_leaves=15
num_cat=1
split_feature=41 12 0 59 57 21 1 12 46 36 46 64 62 60
split_gain=49.3655 49.6224 63.3931 55.1056 51.2509 60.9824 63.4202 46.548 45.0491 44.114 119.444 59.7859 48.3292 212.572
threshold=26.550000000000004 0.90137809800127566 0 0.64534213713577271 2.2172500651780487 1.0000000180025095e-35 17.500000000000004 1.8345429119556795 1.0000000180025095e-35 28.250000000000004 2.5499999999999998 -0.0083333333333333436 3.2333333333333321 -0.79354221435844496
decision_type=2 2 1 2 2 2 2 2 2 2 2 2 2 2
left_child=1 2 3 -1 7 8 -7 9 -6 12 11 -11 -3 -14
right_child=-2 4 -4 -5 5 6 -8 -9 -10 10 -12 -13 13 -15
leaf_value=-0.0015380743678973475 -0.0063545716468694675 -1.5568439864773576e-10 -0.0001337956247179934 0.00057456743997281437 0.00071167204713418284 -0.00095908928832268581 -0.0084891864309234091 0.0027992822903026944 -0.0011271803351360508 -0.0022773624704209633 -0.0019974556954291882 0.0024087583870125435 0.0015237396205928231 -2.4689607949305088e-05
leaf_weight=361.31353121344 115.90040192753077 105589.13515417068 1379.1890152134001 102.17402617633343 1245.7159032204654 529.12039936427027 223.85410747304559 279.96445834124461 1559.9004103518091 107.82376738637686 1008.2196195311844 376.0859423391521 3229.0104903089814 10769.814368749969
leaf_count=1858 567 367944 7558 537 3776 2139 766 1168 6236 698 4333 1527 12474 37867
internal_value=-2.51563e-05 -3.39948e-06 -0.00568945 -0.0165914 8.09242e-05 -0.00405315 -0.0128284 0.00020247 -0.00166083 0.000168913 -0.00579175 0.00838646 0.000243764 0.00217538
internal_weight=126877 126761 1842.68 463.488 124919 3558.59 752.975 121360 2805.62 121080 1492.13 483.91 119588 13998.8
internal_count=449448 448881 9953 2395 438928 12917 2905 426011 10012 424843 6558 2225 418285 50341
cat_boundaries=0 2
cat_threshold=0 262144
is_linear=0
shrinkage=0.035


Tree=205
num_leaves=15
num_cat=0
split_feature=11 49 36 62 57 1 14 57 57 64 27 59 11 36
split_gain=49.1617 91.9513 343.777 185.863 129.141 117.936 101.923 131.646 97.0034 86.2523 92.667 101.063 79.6711 72.1713
threshold=1.0000000726240497 0.84166666666666679 19.750000000000004 -0.34374999999999906 0.45144947034115807 1.5000000000000002 0.98774795522931602 0.15692509776695704 0.33519368974949731 -0.04374999999999999 52.500000000000007 0.89391031859722891 1.044975438592026 -11.949999999999998
decision_type=2 2 2 2 2 2 2 2 2 2 2 2 2 2
left_child=13 4 3 5 6 -3 7 -2 -8 -7 -11 -12 -6 -1
right_child=1 2 -4 -5 12 9 8 -9 -10 10 11 -13 -14 -15
leaf_value=1.100392294339362e-09 -5.5646656242161544e-06 7.2795476537635704e-07 -3.7261113438300452e-06 -9.8216817423402383e-07 7.9688464342366207e-05 -5.51415265265562e-09 -1.4341615986765509e-05 0.00060741706552897002 -0.00089657258155718749 7.5937456435437205e-08 5.9302373993409323e-07 1.881778694315878e-09 0.00074991984783208919 -6.4590784183282564e-09
leaf_weight=580.92924726009369 3731.0455838181078 563.98362808860838 381.94306346401572 467.75759665481746 35067.325702839065 939.98939914256334 12983.877594139893 1900.9936396852136 1122.6678824275732 1333.8333291888703 561.51715010404587 190.73991395160556 8394.0692152634729 58656.54864973994
leaf_count=863 16856 3723 1801 2036 112232 3677 40778 7703 4191 4590 2431 775 39016 208776
internal_value=-2.70148e-05 0.000617687 0.0054807 0.00848583 0.00027525 0.0111914 -0.00207176 0.0019062 -0.00366019 0.00839792 0.0123485 0.0221027 0.00134141 -0.000763141
internal_weight=126877 67639.7 4439.76 4057.82 63200 3590.06 19738.6 5632.04 14106.5 3026.08 2086.09 752.257 43461.4 59237.5
internal_count=449448 239809 19033 17232 220776 15196 69528 24559 44969 11473 7796 3206 151248 209639
is_linear=0
shrinkage=0.035


Tree=206
num_leaves=15
num_cat=0
split_feature=12 14 57 46 57 62 60 1 59 27 1 60 5 9
split_gain=50.4722 213.046 110.489 143.926 76.7661 139.944 94.4903 115.646 81.5524 89.3707 82.4508 57.0911 58.8921 56.2141
threshold=0.99749142536323798 1.1694833628063137 0.052305983248172809 0.29999999999999943 1.5843743142489461 -0.41875000000000057 -0.8140159405215136 17.500000000000004 0.80900950266415306 26.500000000000004 18.500000000000004 -0.63872576220844934 32.500000000000007 0.97774015765182809
decision_type=2 2 2 2 2 2 2 2 2 2 2 2 2 2
left_child=1 4 -3 -4 5 11 7 -6 9 -7 -10 -1 -13 -8
right_child=-2 2 3 -5 6 8 13 -9 10 -11 -12 12 -14 -15
leaf_value=-0.00021912557695841637 3.6158812791821351e-09 2.6441162428648026e-05 -0.0019564507185842323 4.663241746764537e-05 0.0011100704663760132 0.00028823019018233364 -0.0016771614406187959 -0.0019628953353984391 4.7776612208986669e-05 -0.00021817311649347914 0.0010863930451155833 -6.8988045934583554e-05 6.7242000425113304e-05 -0.00049803242512969342
leaf_weight=2820.838972217869 86216.279207192827 301.60824507451616 1266.7192952467594 511.00843406841159 2097.7928544692695 7387.6716434946284 2760.767910589464 680.04423044621944 1819.9330910295248 4243.997409388423 2856.3925070650876 5397.8058003662154 3455.4917879477143 5060.8702071709558
leaf_count=11467 297123 987 5049 2235 8569 23025 12049 2527 8235 14630 11652 19381 14519 18000
internal_value=-1.19302e-05 -0.00102829 -0.0119138 -0.0152268 -0.00043868 0.000522346 -0.00297384 0.0025646 0.00261588 0.00104436 0.00651423 -0.00240191 -0.00101723 -0.00494157
internal_weight=126877 40660.9 2079.34 1777.73 38581.6 27982.1 10599.5 2777.84 16308 11631.7 4676.33 11674.1 8853.3 7821.64
internal_count=449448 152325 8271 7284 144054 102909 41145 11096 57542 37655 19887 45367 33900 30049
is_linear=0
shrinkage=0.035


Tree=207
num_leaves=15
num_cat=2
split_feature=11 51 0 12 10 57 59 1 21 3 1 21 54 1
split_gain=49.237 63.6169 98.9879 57.4429 58.6103 75.9253 95.9186 210.798 218.581 154.96 152.623 204.163 256.075 102.438
threshold=1.0862793502980128 0.33933692980060098 0 1.0710640273973844 1.009567679297003 1.2778149440562661 0.13301347478292308 17.500000000000004 1.0000000180025095e-35 1 10.500000000000002 1.0000000180025095e-35 7.5000000000000009 17.500000000000004
decision_type=2 2 1 2 2 2 2 2 2 1 2 2 2 2
left_child=1 3 -3 4 5 -1 13 10 -9 -10 -8 -12 -13 -7
right_child=-2 2 -4 -5 -6 6 7 8 9 -11 11 12 -14 -15
leaf_value=6.3530021854209911e-09 2.4412855544945614e-05 -0.0012481568940474045 -0.00011411507081073175 0.00031877720715726683 -5.9353389571935196e-05 0.00030705998161418044 7.7172265608160309e-06 0.0015902091505490567 -0.0024897304253958157 0.0020056630197730113 -0.0011438061315884277 -0.0039604518371621359 0.00082826443320673806 -0.00069028228698312223
leaf_weight=47982.398048333591 6080.4756666400936 946.67617600876838 3517.2510342700407 4215.3093784200028 21437.658602258889 14408.493685612921 7723.211375056766 3429.970036547631 819.29959785193205 445.82766339927912 8878.2707468755543 711.38658316712826 2775.2478204555809 3505.7451808697078
leaf_count=164444 29763 4549 16258 21088 76907 33970 26418 12956 2654 2774 33542 4338 11007 8780
internal_value=-4.35073e-06 -0.000159149 -0.00425473 -1.64121e-06 -0.000152604 0.000236536 -0.00083697 -0.00224698 0.00442326 -0.00796805 -0.00380741 -0.00621692 0.000958265 0.00111386
internal_weight=126877 120797 4463.93 116333 112118 90679.9 42697.5 24783.2 4695.1 1265.13 20088.1 12364.9 3486.63 17914.2
internal_count=449448 419685 20807 398878 377790 300883 136439 93689 18384 5428 75305 48887 15345 42750
cat_boundaries=0 2 3
cat_threshold=0 262144 1
is_linear=0
shrinkage=0.035


Tree=208
num_leaves=15
num_cat=1
split_feature=11 48 36 57 62 14 57 57 0 1 11 60 9 46
split_gain=47.7439 72.8151 284.653 128.023 101.127 89.734 123.693 87.6524 78.8159 76.197 75.4505 72.0379 70.0577 76.3783
threshold=1.0000000726240497 0.065000000000000127 19.750000000000004 0.45144947034115807 -1.7375 0.98774795522931602 0.15692509776695704 0.33519368974949731 0 1.5000000000000002 1.044975438592026 -0.54160775828284879 1.0110845129576875 -0.40000000000000019
decision_type=2 2 2 2 2 2 2 2 1 2 2 2 2 2
left_child=12 2 4 5 9 6 8 -7 -3 -2 -5 -11 -1 -14
right_child=1 3 -4 10 -6 7 -8 -9 -10 11 -12 -13 13 -15
leaf_value=-7.1822597941589802e-09 6.8527121706400193e-07 4.5478288785037422e-05 -3.7144609937784762e-06 7.2506856961498969e-05 2.8518747714720168e-08 -1.5079397742582201e-05 0.00057142660174392095 -0.00086470505550089339 -2.5253014505488248e-05 4.2223587873023984e-07 0.00071847931131672636 4.7362976089535602e-08 9.6371573948151744e-05 -8.8466374373779119e-05
leaf_weight=40557.684412809322 359.77546387538314 1256.9011124521494 502.65673795714974 34173.724925328745 2221.6310949746985 12758.127686599502 1878.839667391032 1109.3128768950701 2384.3726280890405 970.2669034441933 8392.4895819306839 1631.6450198302045 7199.1269710748456 11480.666513115866
leaf_count=135661 2388 6050 2356 109388 9087 39721 7589 4131 10141 4006 38997 5955 27515 46463
internal_value=-5.43058e-05 0.000581034 0.00436805 0.000232822 0.00681719 -0.00212399 0.00164794 -0.00362556 -0.00211683 0.0110404 0.00130652 0.00888446 -0.000779738 0.00099347
internal_weight=126877 67639.7 5685.98 61953.8 5183.32 19387.6 5520.11 13867.4 3641.27 2961.69 42566.2 2601.91 59237.5 18679.8
internal_count=449448 239809 23792 216017 21436 67632 23780 43852 16191 12349 148385 9961 209639 73978
cat_boundaries=0 2
cat_threshold=67108992 262144
is_linear=0
shrinkage=0.035


Tree=209
num_leaves=15
num_cat=0
split_feature=9 43 40 1 53 64 27 59 64 63 61 61 1 61
split_gain=48.2801 63.3474 59.4317 72.9909 57.2093 200.395 196.089 316.658 239.268 233.911 222.353 170.722 183.885 165.845
threshold=0.98723569109534748 1.0000000180025095e-35 3.1500000000000008 7.5000000000000009 0.98750000000000016 -0.2854166666666666 52.500000000000007 0.77214943412548942 -0.045833333333333358 0.14791666666666672 -7.029166666666665 20.975000000000005 3.5000000000000004 21.477083333333336
decision_type=2 2 2 2 2 2 2 2 2 2 2 2 2 2
left_child=-1 2 4 -4 -2 -6 9 8 -8 10 -7 12 -12 -10
right_child=1 -3 3 -5 5 6 7 -9 13 -11 11 -13 -14 -15
leaf_value=-5.0422449192097377e-05 3.9412313147237007e-07 1.5058367217051123e-06 3.0474830590636983e-06 -0.00182859439489866 -8.4443744732402431e-07 9.6463937562547851e-10 -3.1460582729953312e-08 -1.7476628477597471e-08 2.6965400477232586e-07 5.2381530706733151e-07 -8.0704610629730319e-09 6.7833748071160743e-08 8.9310566408331329e-08 -1.0690400147548737e-05
leaf_weight=29106.04453471303 84762.319103525253 3401.4002459570765 316.36193691194057 1023.0650984309614 319.86691728234291 474.26646495610476 236.01702389121056 1056.4458967745304 899.58760774880648 419.73033974133432 4301.9633832431864 308.12291645258665 197.31130389124155 54.718822248280048
leaf_count=108040 295932 9227 1156 4821 1600 729 1029 4911 3821 1532 13756 1343 1221 330
internal_value=-2.46918e-05 0.000347843 0.000178447 -0.00711407 0.000284196 -0.00249304 -0.00138187 0.00735481 0.0196614 -0.00483162 -0.00684071 -0.00910234 -0.0108352 0.0274104
internal_weight=126877 97771.2 94369.8 1339.43 93030.3 8268.03 7948.16 2246.77 1190.32 5701.39 5281.66 4807.4 4499.27 954.306
internal_count=449448 341408 332181 5977 326204 30272 28672 10091 5180 18581 17049 16320 14977 4151
is_linear=0
shrinkage=0.035


Tree=210
num_leaves=15
num_cat=0
split_feature=9 43 51 14 1 27 57 60 1 1 57 60 40 1
split_gain=48.8388 61.2934 57.6442 56.2192 72.84 66.0339 83.2977 140.193 135.202 76.6415 71.6114 64.4962 55.7953 70.9162
threshold=0.98723569109534748 1.0000000180025095e-35 1.0270234180041347 0.88599000440540199 17.500000000000004 35.500000000000007 1.6355072939676398 -0.8140159405215136 17.500000000000004 7.5000000000000009 0.22047405267324455 0.5912395440171424 3.1500000000000008 7.5000000000000009
decision_type=2 2 2 2 2 2 2 2 2 2 2 2 2 2
left_child=3 2 12 4 -1 6 9 8 -8 10 -5 -11 -2 -14
right_child=1 -3 -4 5 -6 -7 7 -9 -10 11 -12 -13 13 -15
leaf_value=-2.4903326726263556e-05 1.3756316658239906e-09 1.4531324364454335e-06 0.003313982608643211 1.1401424424171877e-05 0.0014550612254667665 -0.00013417176440585051 0.0015002650120459215 -0.0017209729020835085 -0.0026739432601617773 0.00053743800879444933 -0.00076899583493581891 -3.351309091969336e-05 2.9408211519964687e-06 -0.0017764837934733145
leaf_weight=798.59325587749481 92787.933634950779 3401.4002459570765 244.95372124109417 1903.5437636054121 602.28035473823547 8968.9515940179117 1429.5563103053719 2967.7227729875594 489.16708668228239 5366.5210799174383 1639.6137650106102 4940.0945515707135 316.36193691194057 1020.5275219939649
leaf_count=3799 325031 9227 1181 6644 2393 33936 5587 11850 1747 19104 6078 16902 1156 4813
internal_value=9.50531e-06 0.000384187 0.000217555 -0.0012488 0.00556769 -0.00159535 -0.000412446 -0.00433644 0.00302756 0.000974141 -0.00346008 0.00250039 0.000172518 -0.0069
internal_weight=126877 97771.2 94369.8 29106 1400.87 27705.2 18736.2 4886.45 1918.72 13849.8 3543.16 10306.6 94124.8 1336.89
internal_count=449448 341408 332181 108040 6192 101848 67912 19184 7334 48728 12722 36006 331000 5969
is_linear=0
shrinkage=0.035


Tree=211
num_leaves=15
num_cat=1
split_feature=41 63 40 57 2 12 0 12 13 36 46 63 62 60
split_gain=45.5624 68.5431 66.4982 46.6681 61.4012 49.085 52.7533 45.7906 42.7992 41.9673 110.654 49.1842 46.1386 192.718
threshold=26.550000000000004 1.1020833333333335 6.950000000000002 2.2172500651780487 1.5000000000000002 0.90137809800127566 0 1.8345429119556795 0.97115995396637522 28.250000000000004 3.5000000000000018 0.022916666666666672 3.2333333333333321 -0.79354221435844496
decision_type=2 2 2 2 2 2 1 2 2 2 2 2 2 2
left_child=1 2 3 5 -5 6 -1 9 -6 12 11 -11 -7 -14
right_child=-2 -3 -4 4 8 7 -8 -9 -10 10 -12 -13 13 -15
leaf_value=-0.00090602277856666896 -0.0060296851762958355 0.0010571478078760315 -0.0031159149528585295 0.00033065130960952346 -0.0062644344374042753 -8.9634305101956168e-12 -4.8807681430787484e-05 0.0027193078323914854 -0.0010965230323206926 0.0020061838056477086 -0.0019785100729074871 -0.0020430398299120427 0.0014649670505204157 -2.1287839244893779e-05
leaf_weight=681.66797068808228 115.90040192753077 281.47240468114614 308.19650098308921 1408.4019291996956 258.26046919031069 105019.53525286331 1027.7661983780563 279.31554722273722 2005.7507323182654 415.68425349146128 926.22780845686793 150.21726730838418 3229.0104903089814 10769.814368749969
leaf_count=3771 567 1377 1485 4894 1135 365198 5443 1162 7517 1596 4021 941 12474 37867
internal_value=-1.41164e-05 6.7848e-06 -3.22812e-05 8.0188e-06 -0.00387421 0.000124711 -0.00574724 0.000208281 -0.00743181 0.000174878 -0.00563878 0.00648442 0.000248231 0.00213496
internal_weight=126877 126761 126480 126172 3672.41 122499 1709.43 120790 2264.01 120510 1492.13 565.902 119018 13998.8
internal_count=449448 448881 447504 446019 13546 432473 9214 423259 8652 422097 6558 2537 415539 50341
cat_boundaries=0 2
cat_threshold=268439552 262144
is_linear=0
shrinkage=0.035


Tree=212
num_leaves=15
num_cat=0
split_feature=11 57 14 1 27 57 14 9 10 1 60 1 28 61
split_gain=44.7967 111.574 101.817 93.1859 87.358 63.4723 55.0569 52.6967 76.3642 59.8853 86.2398 101.602 358.354 154.99
threshold=0.96968364371148541 1.2603328884191665 0.98774795522931602 16.500000000000004 59.500000000000007 0.013088771449383139 0.98774795522931602 0.98901312093725247 0.98024074289258989 7.5000000000000009 0.53435276464917691 17.500000000000004 48.500000000000007 12.543750000000003
decision_type=2 2 2 2 2 2 2 2 2 2 2 2 2 2
left_child=1 2 5 6 -5 -1 -3 9 -9 -2 11 13 -13 -11
right_child=7 3 -4 4 -6 -7 -8 8 -10 10 -12 12 -14 -15
leaf_value=-6.8609119966547364e-05 -5.0912073732825539e-05 -0.0015650266124354812 -2.5362224283214327e-05 -0.00076862100519355428 0.0013280269745776113 0.0009866907349221246 -0.00059485126330656077 9.3167393846425061e-05 2.9166674964364183e-09 0.0010169350851450981 -0.000277999223859203 0.00064223095119615703 -0.0015758597788967518 -0.00045099922120254619
leaf_weight=137.62224297225475 6975.5871050034184 2839.5541837885976 4014.8362654258963 1875.6246117304545 1459.7546620778739 1774.2324622310698 3446.277975236997 2893.2605451808777 79529.6605171212 5309.3470333192963 9635.586246128194 2315.645135179162 2237.4944437362719 2432.7381666363217
leaf_count=418 25172 12795 15852 6860 6713 8216 14859 13720 264930 18477 32318 8994 9165 10959
internal_value=-2.13766e-05 -0.00178057 0.00199502 -0.004106 0.000622169 0.00862028 -0.00661185 0.000224444 0.000675386 -0.00106115 -0.000162132 0.00178024 -0.00236532 0.00421816
internal_weight=126877 15547.9 5926.69 9621.21 3335.38 1911.85 6285.83 111329 82422.9 28906.4 21930.8 12295.2 4553.14 7742.09
internal_count=449448 65713 24486 41227 13573 8634 27654 383735 278650 105085 79913 47595 18159 29436
is_linear=0
shrinkage=0.035


Tree=213
num_leaves=15
num_cat=0
split_feature=12 14 6 46 57 62 59 1 57 59 6 59 6 54
split_gain=42.0211 174.815 111.045 118.498 76.4401 89.0459 87.5778 83.8364 57.6749 69.9584 77.3249 55.7089 55.3395 52.557
threshold=0.99481340225773851 1.1694833628063137 3.7848725261439058 0.29999999999999943 1.6355072939676398 -0.41875000000000057 0.12447811117596704 18.500000000000004 1.3028943127967711 0.80900950266415306 7.1337574395672299 -0.54162280503947502 7.6147842215101331 7.5000000000000009
decision_type=2 2 2 2 2 2 2 2 2 2 2 2 2 2
left_child=1 4 -3 -4 5 12 7 -6 9 10 -7 -10 -1 -8
right_child=-2 2 3 -5 6 8 13 -9 11 -11 -12 -13 -14 -15
leaf_value=-5.0387673644405148e-05 2.5187605972937768e-09 2.9190937070805585e-05 -0.001855687340303214 0.00015336998826426837 0.00018854537374561069 -4.652979656665411e-05 -0.0033950369549154116 -0.0042465425228446095 0.0016473232208125599 0.00080496287798185421 0.00077364391698414765 -0.0001692330751876192 0.0009349800155574044 -0.0009388667304363451
leaf_weight=10384.571143929381 90978.462431155611 287.36308547458611 1186.6768972149584 437.37060418352485 3997.0045040585101 3383.5518190199509 790.8353405399248 185.35983282700181 721.32468903064728 2626.5520564131439 1963.38564032875 6195.2741848872975 592.39664847403765 3147.0927182305604
leaf_count=42039 311221 1016 4655 1986 13200 14147 5247 587 2230 11287 4026 22971 1132 13704
internal_value=-2.84812e-05 -0.00104232 -0.0113132 -0.0148514 -0.000461537 0.000468727 -0.00342181 0.000107213 0.00223126 0.00425809 0.00195324 -0.000108051 -0.00192198 -0.00716066
internal_weight=126877 35898.8 1911.41 1624.05 33987.3 25867.1 8120.29 4182.36 14890.1 7973.49 5346.94 6916.6 10977 3937.93
internal_count=449448 138227 7657 6641 130570 97832 32738 13787 54661 29460 18173 25201 43171 18951
is_linear=0
shrinkage=0.035


Tree=214
num_leaves=15
num_cat=0
split_feature=53 64 27 59 63 64 61 63 61 59 46 28 60 60
split_gain=43.0492 189.015 212.267 330.326 245.725 219.654 166.304 155.616 146.52 176.989 295.43 136.643 129.346 146.351
threshold=0.98750000000000016 -0.30624999999999991 52.500000000000007 0.77214943412548942 0.14791666666666672 -0.045833333333333358 21.477083333333336 0.25000000000000006 20.975000000000005 -0.33346569090932171 -0.54999999999999882 59.500000000000007 -0.99626127116974506 -0.99862982478704421
decision_type=2 2 2 2 2 2 2 2 2 2 2 2 2 2
left_child=-1 -2 4 5 8 11 -7 -6 9 10 -3 -4 13 -11
right_child=1 2 3 -5 7 6 -8 -9 -10 12 -12 -13 -14 -15
leaf_value=1.0359653853641517e-07 -9.650946431418376e-07 2.7264275131558611e-09 8.851788646675941e-07 -1.9767872429908291e-08 4.9880116737698842e-07 2.5997857961421796e-07 -1.0316474215756048e-05 -3.6637290979331571e-08 6.5221493517153571e-08 -3.1289162016611959e-08 -1.3927467599485288e-08 -7.6140917909278431e-08 -8.6798996020976011e-09 1.1799876457964489e-06
leaf_weight=118203.3713505317 287.07025042921305 1033.8449556659907 74.262102041393518 1056.4458967745304 348.24799761734903 913.15059649944305 54.718822248280048 344.08792990446091 308.12291645258665 167.04122109944001 756.72067892365158 176.3055106215179 2997.8495883441065 155.981778614223
leaf_count=417723 1487 2390 315 4911 1230 3873 330 1219 1343 725 1411 775 11196 520
internal_value=-3.60768e-05 -0.00241457 -0.00144097 0.00766455 -0.00483708 0.0200124 0.0275157 0.0146591 -0.00735008 -0.00877037 0.000103247 -0.0089141 -0.0135408 0.00731566
internal_weight=126877 8673.85 8386.78 2274.88 6111.9 1218.44 967.869 692.336 5419.56 5111.44 1790.57 250.568 3320.87 323.023
internal_count=449448 31725 30238 10204 20034 5293 4203 2449 17585 16242 3801 1090 12441 1245
is_linear=0
shrinkage=0.035


Tree=215
num_leaves=15
num_cat=0
split_feature=9 51 10 62 60 46 60 1 57 14 57 57 57 59
split_gain=42.4891 52.5678 54.4725 68.2013 103.499 96.3584 73.4627 102.25 186.038 76.1075 64.9871 62.7635 70.1294 87.8923
threshold=0.98723569109534748 1.0270234180041347 1.009567679297003 1.9833333333333341 -0.8038981836306559 2.7000000000000011 -0.63872576220844934 19.500000000000004 0.22047405267324455 1.0239625556666898 1.7806198913340887 0.025513901728264912 1.2513676389835358 0.15005400879207817
decision_type=2 2 2 2 2 2 2 2 2 2 2 2 2 2
left_child=-1 2 -2 6 5 -5 7 10 -9 -10 -4 -8 13 -13
right_child=1 -3 3 4 -6 -7 11 8 9 -11 -12 12 -14 -15
leaf_value=-4.5632757383514994e-05 5.3876091433392227e-09 0.0031624923891403547 -8.3208756703030185e-05 -0.00047953112692731425 -0.00020632733392709826 0.0018461194642864459 -3.3583865697850984e-05 0.00022991729646490672 -0.0006152407142893117 -0.0020130810544763495 0.0020063844586966093 -9.3351906619500863e-05 -0.0005111636226891571 0.00036200809046572192
leaf_weight=29106.04453471303 74917.426574478624 245.27925457153469 4320.7881984917913 530.064458549954 4235.8985816109926 1624.9000368188135 1014.8682053033262 513.90057965368032 700.25014953012578 1048.4730659073684 646.98343022773042 1821.5866195783019 3280.320522419177 2870.437383913435
leaf_count=108040 254229 1182 18021 2115 17203 6496 2988 1843 3237 3861 2856 3298 11219 12860
internal_value=1.70701e-05 0.000366546 0.000324994 -0.00118041 0.00187982 0.0081056 -0.00238677 -0.00501043 -0.0111611 -0.0165805 -0.00219227 -0.000272764 0.000774419 0.00351612
internal_weight=126877 97771.2 97525.9 22608.5 6390.86 2154.96 16217.6 7230.4 2262.62 1748.72 4967.77 8987.21 7972.34 4692.02
internal_count=449448 341408 340226 85997 25814 8611 60183 29818 8941 7098 20877 30365 27377 16158
is_linear=0
shrinkage=0.035


Tree=216
num_leaves=15
num_cat=0
split_feature=9 51 57 13 57 59 50 25 1 59 6 1 57 51
split_gain=42.0245 57.0272 57.7997 41.5443 113.455 167.472 72.2428 70.9172 86.3196 87.4951 74.5746 50.8917 48.9176 42.7871
threshold=0.85174979223172576 0.91106682255889482 1.9168585121959676 0.98594296240529256 0.033196781893504078 0.63874350706337069 16.500000000000004 1.0000000180025095e-35 17.500000000000004 0.26781182513105634 6.4844107386339234 1.0000000180025095e-35 1.9052195245749095 0.41281913716529522
decision_type=2 2 2 2 2 2 2 2 2 2 2 2 2 2
left_child=-1 3 -3 4 5 11 12 8 -8 10 -10 -2 -6 -5
right_child=1 2 -4 13 6 -7 7 -9 9 -11 -12 -13 -14 -15
leaf_value=-0.00059472928229037153 -2.9384457747849857e-05 0.002402305837728819 -0.0025381774608040988 3.4573851349686781e-09 0.00024447539636338072 -3.0771966604614208e-05 -0.00013126778995366771 1.9823913392701243e-05 -0.00025746830757247211 -0.00035781693438131381 -0.0025558245332599396 6.2221910036603813e-05 -0.0018741282487619775 -0.00031193636546801887
leaf_weight=1871.0944935069419 129.83522111177444 490.82845902163535 98.596234891796485 102740.87803785293 4544.4720991849899 663.56746092438698 5155.0483248457313 3992.5225395485759 780.33182539790869 1975.9616960138083 1175.5644655674696 1030.0623727042694 636.69988449895754 1591.7584806967061
leaf_count=9000 484 1950 362 351300 26507 3028 17050 13240 2413 7343 2639 3110 4073 6949
internal_value=1.06568e-05 8.87856e-05 0.0108584 3.68962e-05 -0.0014204 0.0068809 -0.00225266 -0.00363744 -0.00534416 -0.00924408 -0.0144758 0.0148573 0.00124337 0.000317535
internal_weight=126877 125006 589.425 124417 20084.1 1823.47 18260.6 13079.4 9086.91 3931.86 1955.9 1159.9 5181.17 104333
internal_count=449448 440448 2312 438136 79887 6622 73265 42685 29445 12395 5052 3594 30580 358249
is_linear=0
shrinkage=0.035


Tree=217
num_leaves=15
num_cat=0
split_feature=53 62 39 60 27 21 64 27 59 64 28 60 42 60
split_gain=46.0147 179.653 233.485 217.752 188.424 195.851 175.858 135.705 317.036 260.414 188.278 215.943 165.073 158.061
threshold=0.98750000000000016 0.81666666666666743 11.950000000000001 0.99370977118463066 4.5000000000000009 1.0000000180025095e-35 -0.30624999999999991 52.500000000000007 0.77214943412548942 -0.045833333333333358 32.500000000000007 0.75546532993267179 1.1499999999999997 -0.91583036384466876
decision_type=2 2 2 2 2 2 2 2 2 2 2 2 2 2
left_child=-1 2 3 6 -4 -6 -2 10 9 -9 11 -8 -12 -14
right_child=1 -3 4 -5 5 -7 7 8 -10 -11 12 -13 13 -15
leaf_value=1.2424233398869457e-07 -9.3162590543161406e-07 -2.2741464000252901e-05 -3.5369740421384738e-08 -8.0318466109528766e-09 4.5323965300129063e-07 -2.8780791839529026e-07 -8.2312780568019057e-09 -2.824217837883752e-08 -3.197014408155985e-08 2.3922462458860556e-07 -4.8056421034688425e-09 2.5930235430821724e-09 3.2554190742241525e-07 -8.5992239019951812e-09
leaf_weight=118203.3713505317 271.36209477484226 218.41108600609004 206.45625200867653 437.77094288170338 809.76045396109112 224.12088384665549 1139.9735059663653 250.56761266291142 887.76002180948853 856.48964384943247 2014.9203264070675 734.13552436232567 228.76319393003359 393.358702769503
leaf_count=417723 1424 700 654 1431 2948 1094 3889 1090 4137 3739 6154 1952 960 1553
internal_value=-1.52691e-05 -0.00247432 -0.00164491 -0.00405971 0.0123222 0.0184069 -0.00249404 -0.00132037 0.00626138 0.018683 -0.00467944 0.0037914 -0.0106911 0.0050069
internal_weight=126877 8673.85 8455.44 7215.1 1240.34 1033.88 6777.33 6505.97 1994.82 1107.06 4511.15 1874.11 2637.04 622.122
internal_count=449448 31725 31025 26329 4696 4042 24898 23474 8966 4829 14508 5841 8667 2513
is_linear=0
shrinkage=0.035


Tree=218
num_leaves=15
num_cat=2
split_feature=41 57 2 12 51 0 13 6 58 51 0 6 57 58
split_gain=41.3793 41.7236 59.9431 43.7089 42.6793 94.6526 56.3257 57.0106 53.9853 50.0058 45.5621 47.5793 43.7823 46.8229
threshold=26.550000000000004 2.2172500651780487 1.5000000000000002 1.8345429119556795 0.34534397335932426 0 1.0428920307658192 7.5861523381455864 10.165264945353137 1.0270234180041347 1 4.2298130558934153 1.5670083854119952 9.6610043155562479
decision_type=2 2 2 2 2 1 2 2 2 2 1 2 2 2
left_child=1 3 -3 4 6 8 -1 10 -6 12 11 -8 13 -7
right_child=-2 2 -4 -5 5 9 7 -9 -10 -11 -12 -13 -14 -15
leaf_value=2.7848076854025651e-10 -0.0058186546693008018 0.00033507184869096933 -0.0014259231221200564 0.0025862560189127705 -0.00039595525354888412 -0.0002784823894657764 -0.0001103080360321673 0.0035345252844686233 -0.0025249758443758158 0.0024125691761249582 0.00023263075249353165 4.1769548902754995e-05 -0.0016275760377706301 0.00016795020259030368
leaf_weight=113604.5703514847 115.90040192753077 1418.5726293921471 2265.2751042621676 279.96445834124461 662.14538955269381 1057.3755274713039 234.4040641663596 308.05767925083637 355.8638708293438 312.08922960981727 2428.7957138626371 920.50838087778538 980.25882180780172 1933.4399729315192
leaf_count=393009 567 4950 8673 1168 3703 8387 915 534 1293 1048 10892 3932 4286 6091
internal_value=1.32264e-05 3.31429e-05 -0.00363207 0.000143133 0.000111074 -0.00295783 0.000249776 0.00438461 -0.0124385 -0.000650293 0.00311466 -0.00259163 -0.00172351 0.000387239
internal_weight=126877 126761 3683.85 123077 122798 5301.17 117496 3891.77 1018.01 4283.16 3583.71 1154.91 3971.07 2990.82
internal_count=449448 448881 13623 435258 434090 24808 409282 16273 4996 19812 15739 4847 18764 14478
cat_boundaries=0 2 3
cat_threshold=0 262144 268566530
is_linear=0
shrinkage=0.035


Tree=219
num_leaves=15
num_cat=2
split_feature=41 11 57 53 36 7 62 0 14 60 57 60 1 0
split_gain=40.5006 39.128 98.7059 101.357 169.248 100.314 95.8078 83.3162 88.1554 80.9237 76.5631 113.706 156.004 76.4265
threshold=29.000000000000004 1.0061784460713457 0.45144947034115807 0.53970588235294137 19.750000000000004 1.0914225718865846 -0.28124999999999994 0 1.1694833628063137 -0.78295110140207613 1.5604203553912255 -0.8140159405215136 17.500000000000004 1
decision_type=2 2 2 2 2 2 2 1 2 2 2 2 2 1
left_child=1 -1 3 7 5 6 9 8 -3 -5 -4 12 13 -12
right_child=-2 2 10 4 -6 -7 -8 -9 -10 -11 11 -13 -14 -15
leaf_value=-3.7413399422337214e-09 -0.0070568252438588767 1.4576140679906274e-05 0.00039137373595508424 2.1919824382297162e-06 -5.508859585786898e-06 -7.5092145021375873e-06 -1.6332398719075121e-06 -3.9423617109058073e-05 -0.00011995610076633991 3.8552739022693219e-07 0.0023367341681097623 -0.000480862194357756 -0.0018891758408116186 0.00019567102725735489
leaf_weight=72902.301721809665 82.78600137680769 7447.3377118634526 23005.84209556831 539.93459696881473 174.89266592264175 118.60775439813733 282.64780303207226 8325.442329463549 1063.5152230481617 1170.9770314209163 1790.1063279174268 8094.154926196672 874.78297794493847 1003.8924288363196
leaf_count=252919 405 28959 81962 2927 1253 1019 1506 23412 3967 6120 6358 29126 3690 5825
internal_value=2.36171e-05 4.05293e-05 0.000755558 -0.00126373 0.00563424 0.0084101 0.0102996 -0.00220355 0.000234433 0.0134109 0.00186624 -0.000430496 0.004673 0.00870583
internal_weight=126877 126794 53892.1 19123.4 2287.06 2112.17 1993.56 16836.3 8510.85 1710.91 34768.8 11762.9 3668.78 2794
internal_count=449448 449043 196124 69163 12825 11572 10553 56338 32926 9047 126961 44999 15873 12183
cat_boundaries=0 2 3
cat_threshold=100667520 262144 335681536
is_linear=0
shrinkage=0.035


Tree=220
num_leaves=15
num_cat=0
split_feature=11 57 1 14 14 21 57 57 14 60 46 57 58 9
split_gain=39.7426 103.959 89.3807 88.9632 82.1839 65.0632 63.8584 60.342 50.8736 49.2051 76.572 74.5949 50.6196 48.1953
threshold=0.96968364371148541 1.2603328884191665 16.500000000000004 0.98774795522931602 1.0123130853103539 1.0000000180025095e-35 1.9634263609080471 0.052305983248172809 0.98774795522931602 0.11593030527547614 1.5000000000000004 0.36161147247275599 10.057395624149921 0.98901312093725247
decision_type=2 2 2 2 2 2 2 2 2 2 2 2 2 2
left_child=1 3 8 7 5 -4 -7 -1 -3 10 11 12 -5 -2
right_child=13 2 4 9 -6 6 -8 -9 -10 -11 -12 -13 -14 -15
leaf_value=-5.6804830112282543e-05 -3.8363245702245386e-05 -0.0014969436678550537 0.0013880880819985932 -0.0002080179522792041 -0.0018563680312903542 0.00034577896146698712 -0.0029984671690119935 0.0010893438550453952 -0.00057003795557050317 4.6060494342248061e-05 0.0010439576160469065 -0.0016524585044468995 7.2722341040188371e-05 4.9266808273406801e-09
leaf_weight=202.82455976307392 28906.398130002664 2839.5541837885976 1763.5720998402685 453.17558457143605 809.29140195180662 516.88158198306337 245.63419003318995 1709.0301454402506 3446.277975236997 1390.9519064528868 507.76533270510845 997.212193377316 665.73124831914902 82422.921062302077
leaf_count=681 105085 12795 7090 2757 3061 2548 874 7953 14859 4404 1832 5096 1763 278650
internal_value=2.23733e-05 -0.00163461 -0.00387931 0.00200975 0.000750927 0.00386212 -0.00463848 0.00820264 -0.00633349 -0.000952332 -0.00376904 -0.00669637 -0.000472049 0.000253909
internal_weight=126877 15547.9 9621.21 5926.69 3335.38 2526.09 762.516 1911.85 6285.83 4014.84 2623.88 2116.12 1118.91 111329
internal_count=449448 65713 41227 24486 13573 10512 3422 8634 27654 15852 11448 9616 4520 383735
is_linear=0
shrinkage=0.035


Tree=221
num_leaves=15
num_cat=1
split_feature=11 57 6 36 59 6 11 0 6 60 57 60 1 60
split_gain=39.5418 88.7315 94.3998 160.686 100.925 105.155 91.8524 79.6934 88.2552 77.4501 72.1366 103.931 143.852 70.0413
threshold=1.0061784460713457 0.45144947034115807 0.80013466056551608 19.750000000000004 0.79877197597864635 6.5061483518448471 1.0098822440397444 0 1.9475992390351078 -0.78295110140207613 1.5604203553912255 -0.8140159405215136 17.500000000000004 -0.8140159405215136
decision_type=2 2 2 2 2 2 2 1 2 2 2 2 2 2
left_child=-1 2 3 6 -4 7 -2 8 -6 -8 13 12 -12 -3
right_child=1 10 4 -5 5 -7 9 -9 -10 -11 11 -13 -14 -15
leaf_value=-3.8187834276722105e-09 1.2046744726912255e-06 -1.2384920404313536e-05 -3.7642614710859075e-05 -6.364615130656047e-06 -3.9647885241354194e-05 0.0022986415071579217 1.6378749218656243e-06 -2.6143995064591042e-05 0.00034673361775187152 -7.4359121195995868e-09 0.0015952879274546002 -0.00046349617463310229 -0.0018230548588170411 0.00052089355812675892
leaf_weight=72969.130933968583 359.87355068465695 6623.9389991047792 11322.969758685911 221.52650224044919 349.6944170743227 162.49445369839668 862.09854623139836 2854.3176526352763 1270.0879202261567 1720.2923146411777 2793.9987567537464 8094.3209261978045 874.78297794493847 16397.693885680288
leaf_count=253240 1825 26110 34387 1413 1535 268 4591 10807 5842 8495 12183 29129 3690 55933
internal_value=4.88437e-06 0.000723675 -0.00119103 0.00432311 -0.00228616 0.00206019 0.00651252 0.00102403 0.00717519 0.0041582 0.00177635 -0.000453219 0.00442605 0.00291527
internal_weight=126877 53908.1 19123.4 3163.79 15959.6 4636.59 2942.26 4474.1 1619.78 2582.39 34784.7 11763.1 3668.78 23021.6
internal_count=449448 196208 69163 16324 52839 18452 14911 18184 7377 13086 127045 45002 15873 82043
cat_boundaries=0 2
cat_threshold=67108992 262144
is_linear=0
shrinkage=0.035


Tree=222
num_leaves=15
num_cat=0
split_feature=12 14 6 46 57 62 59 1 14 1 27 54 11 60
split_gain=41.2255 161.887 106.509 113.015 61.1408 111.176 83.9289 102.963 66.823 90.8123 84.7825 65.8134 51.266 50.2959
threshold=0.99749142536323798 1.1694833628063137 4.5085230472984206 0.90000000000000135 1.5843743142489461 -0.41875000000000057 0.12447811117596704 18.500000000000004 0.98774795522931602 17.500000000000004 34.500000000000007 7.5000000000000009 1.0862793502980128 -0.65187484896379932
decision_type=2 2 2 2 2 2 2 2 2 2 2 2 2 2
left_child=1 4 -3 -4 5 13 7 12 9 -7 -10 -8 -6 -1
right_child=-2 2 3 -5 6 8 11 -9 10 -11 -12 -13 -14 -15
leaf_value=-0.00020044174838182652 2.6254776231791393e-09 3.2176258702385176e-05 -0.0019540086263695731 0.00029706182473139027 8.9454343688939248e-05 1.7139784789830062e-05 -0.0031277472073993839 -0.0036982190325333696 0.00021373097558283216 0.0010710686786931263 -0.00031259576395975422 -0.00074119657835003026 0.003561186179028987 -1.6103338446906549e-05
leaf_weight=2776.2690218011849 86216.279207192827 353.29754083487205 1286.6382787616458 439.40015479316935 4748.718257766217 2134.8761906214058 888.24447793513536 255.01112339273095 8270.4880008390173 2945.4410421513021 2957.1894173659384 4439.5949808396399 267.90636274218559 8897.8675387306139
leaf_count=11306 297123 1337 5017 1917 14886 9431 5904 801 25511 12494 10106 18433 1121 34061
internal_value=2.87496e-05 -0.000889803 -0.0103788 -0.0139505 -0.000375843 0.000481813 -0.00263834 0.000493236 0.00234779 0.0056743 0.000838895 -0.00573199 0.00161332 -0.00212461
internal_weight=126877 40660.9 2079.34 1726.04 38581.6 27982.1 10599.5 5271.64 16308 5080.32 11227.7 5327.84 5016.62 11674.1
internal_count=449448 152325 8271 6934 144054 102909 41145 16808 57542 21925 35617 24337 16007 45367
is_linear=0
shrinkage=0.035


Tree=223
num_leaves=15
num_cat=0
split_feature=41 9 14 1 27 57 60 1 43 46 53 44 39 1
split_gain=39.317 39.7838 51.8018 63.774 53.6369 67.5564 129.327 68.691 49.7047 52.1012 66.4087 52.02 51.7678 49.659
threshold=29.000000000000004 0.98723569109534748 0.88599000440540199 17.500000000000004 35.500000000000007 1.7066017120737698 -0.8140159405215136 17.500000000000004 1.0000000180025095e-35 -1.0000000000000002 0.97434210526315801 1.0150000000000003 13.550000000000002 7.5000000000000009
decision_type=2 2 2 2 2 2 2 2 2 2 2 2 2 2
left_child=1 2 3 -1 5 13 7 -7 11 12 -11 -3 -10 -4
right_child=-2 8 4 -5 -6 6 -8 -9 9 10 -12 -13 -14 -15
leaf_value=-1.5997905050130424e-05 -0.0067898849901131455 1.7424635805424072e-09 -3.9953445260449058e-05 0.0013560626187318569 -0.00012005348457770957 0.0013015315825449505 -0.001873708429204502 -0.001729760345563384 2.6749988857893436e-07 0.00014122998001003754 4.8093332784032477e-07 -0.00041808719721068158 -2.9622286062843962e-07 0.00020528585774548424
leaf_weight=797.2017225176096 82.78600137680769 93697.723710432649 3718.1637309114449 602.28035473823547 8967.6955940132029 1178.5487203276716 2429.7464521750808 413.73930014111102 777.83877032250166 2169.4316229782999 135.09939104318619 591.91463665291667 319.03046161308885 10996.02112652408
leaf_count=3793 405 330141 13299 2393 33927 4626 9988 1505 2064 5697 362 1650 1104 38494
internal_value=2.90309e-05 4.56936e-05 -0.00108995 0.00545648 -0.00142249 -0.000356454 -0.00437034 0.00337039 0.000384093 0.00453444 0.00751278 0.000233908 -0.00173442 0.000742941
internal_weight=126877 126794 29103.4 1399.48 27703.9 18736.2 4022.03 1592.29 97691 3401.4 2304.53 94289.6 1096.87 14714.2
internal_count=449448 449043 108025 6186 101839 67912 16119 6131 341018 9227 6059 331791 3168 51793
is_linear=0
shrinkage=0.035


Tree=224
num_leaves=15
num_cat=0
split_feature=39 48 27 57 57 40 46 62 12 63 1 1 40 57
split_gain=41.9546 74.519 120.652 65.8335 63.9763 45.353 73.7093 66.949 42.2576 42.041 84.6694 114.498 134.854 109.864
threshold=16.450000000000003 0.047244381453735516 7.5000000000000009 1.3162610204341461 0.77066501298801326 3.050000000000002 -0.84999999999999953 -1.3041666666666667 1.8345429119556795 0.093750000000000014 10.500000000000002 6.5000000000000009 0.40000000000000135 0.013088771449383139
decision_type=2 2 2 2 2 2 2 2 2 2 2 2 2 2
left_child=5 2 -2 4 -3 8 -7 -8 9 -1 11 12 -11 -14
right_child=1 3 -4 -5 -6 6 7 -9 -10 10 -12 -13 13 -15
leaf_value=-6.2155268040287215e-10 -1.9533622255545337e-06 -1.7535769160577661e-05 9.6857659680229594e-08 -0.00069318606529988772 0.0010346789590572941 5.6206446507707324e-05 2.1075927323506753e-06 -0.0026621676426672276 0.0025872835908406834 -4.9079290779479633e-08 -4.4221814799629388e-05 0.0013151829277257229 4.6410066136591341e-07 -3.2085769422647423e-05
leaf_weight=93676.942409647163 324.81428485736251 1274.4843391266186 224.70714304223657 3815.8664378614631 1213.328887491487 856.34820245578885 57.346899777650833 844.35390386357903 268.10618871869519 5134.7020309753716 13103.235589390621 4012.0277065970004 1220.0507084727287 850.90686349011958
leaf_count=320169 1066 4032 902 14939 3849 3744 234 3852 1131 20739 50722 16089 4909 3071
internal_value=8.8788e-06 -0.00265259 -0.0148955 -0.00156341 0.00285942 0.000161053 -0.00540316 -0.0123306 0.000244216 0.000212081 0.00150832 0.00373881 0.00109655 0.00861343
internal_weight=126877 6853.2 549.521 6303.68 2487.81 120024 1758.05 901.701 118266 117998 24320.9 11217.7 7205.66 2070.96
internal_count=449448 24788 1968 22820 7881 424660 7830 4086 416830 415699 95530 44808 28719 7980
is_linear=0
shrinkage=0.035


Tree=225
num_leaves=15
num_cat=0
split_feature=41 12 14 57 46 57 62 59 1 59 27 40 54 52
split_gain=38.16 38.6765 143.738 114.949 120.217 57.5351 105.005 66.8541 103.582 64.2529 75.8213 71.2791 63.3345 52.1091
threshold=29.000000000000004 0.99749142536323798 1.1694833628063137 0.1313701521895769 0.90000000000000135 1.5670083854119952 -0.41875000000000057 0.12447811117596704 18.500000000000004 0.80900950266415306 26.500000000000004 0.30000000000000043 7.5000000000000009 0.24151424961213624
decision_type=2 2 2 2 2 2 2 2 2 2 2 2 2 2
left_child=1 2 5 -4 -5 6 -1 8 -7 10 -8 -11 -9 -14
right_child=-2 -3 3 4 -6 7 9 12 -10 11 -12 -13 13 -15
leaf_value=-4.3262178487150122e-05 -0.0064590631479658324 3.5955385612884914e-09 2.7708136066738148e-05 -0.0023954698832485675 0.00028806969948963685 0.00021380470806232999 0.00025370829276236622 -0.002928434747832752 -0.003249124098562406 0.00077647760302563802 -0.00020561115563095359 -0.0004886075018039756 0.00012089157624616314 -0.0013817984180516968
leaf_weight=11582.757087944541 82.78600137680769 86138.024528094102 481.63479807134718 1158.9342215447687 438.76695477357134 5183.1043112054467 7197.2993348678574 901.28595562651753 324.25651858001947 4018.1489218771458 4136.2130753882229 543.56651831418276 1979.4844683147967 2710.9588997885585
leaf_count=45019 405 296763 1604 4752 1915 16545 22477 5980 1026 16882 14257 2501 6226 13096
internal_value=3.70788e-05 5.34939e-05 -0.000836146 -0.00977738 -0.014275 -0.000351798 0.000507364 -0.00247737 0.00026048 0.00235369 0.000939909 0.00585646 -0.00516955 -0.00352034
internal_weight=126877 126794 40656.4 2079.34 1597.7 38577.1 27478 11099.1 5507.36 15895.2 11333.5 4561.72 5591.73 4690.44
internal_count=449448 449043 152280 8271 6667 144009 101136 42873 17571 56117 36734 19383 25302 19322
is_linear=0
shrinkage=0.035


Tree=226
num_leaves=15
num_cat=0
split_feature=53 39 46 60 64 27 59 64 60 41 27 61 61 59
split_gain=43.3147 199.085 296.018 208.11 163.718 173.309 300.645 259.784 202.635 136.873 136.287 158.972 120.098 150.853
threshold=0.98750000000000016 11.950000000000001 0.84999999999999976 0.99370977118463066 -0.30624999999999991 52.500000000000007 0.77214943412548942 -0.045833333333333358 0.91925191855388755 0.80000000000000149 8.5000000000000018 3.9833333333333338 21.477083333333336 -0.33346569090932171
decision_type=2 2 2 2 2 2 2 2 2 2 2 2 2 2
left_child=-1 3 -3 4 -2 8 7 -7 9 12 -10 -12 13 -6
right_child=1 2 -4 -5 5 6 -8 -9 10 -11 11 -13 -14 -15
leaf_value=1.3249176587724149e-07 -8.9749752169391024e-07 1.8477281071588753e-07 -1.6003204666478185e-05 -7.9252757654399027e-09 -5.4018853112104256e-10 -2.7428245921448581e-08 -3.1025732824575632e-08 2.3067721894213393e-07 3.6173478582386728e-09 7.0123966960536589e-08 -8.472794851295723e-09 2.3685101752178882e-09 6.6913195400404099e-08 -1.0253435301111915e-08
leaf_weight=118203.3713505317 272.55069477856159 1192.4426596474368 168.34108153730631 439.9112803041935 1480.4943822957575 250.56761266291142 887.76002180948853 857.14521887153387 226.88230606913567 410.74646277213469 237.85948602855206 209.62195302546024 195.67957171052694 1843.8475137231871
leaf_count=417723 1430 4670 417 1452 2782 1090 4137 3742 587 1856 756 782 881 7143
internal_value=4.41714e-06 -0.0023814 0.00986451 -0.00467042 -0.00315597 -0.00203596 0.00655836 0.0186478 -0.00576615 -0.00880865 0.0118377 0.000463304 -0.0110406 -0.0126172
internal_weight=126877 8673.85 1360.78 7313.07 6873.16 6600.6 1995.47 1107.71 4605.13 3930.77 674.364 447.481 3520.02 3324.34
internal_count=449448 31725 5087 26638 25186 23756 8969 4832 14787 12662 2125 1538 10806 9925
is_linear=0
shrinkage=0.035


Tree=227
num_leaves=15
num_cat=0
split_feature=53 62 36 40 1 61 27 59 2 64 61 27 2 54
split_gain=44.1675 204.252 215.511 178.221 177.814 166.7 169.148 315.322 258.443 131.129 144.62 133.816 141.402 124.329
threshold=0.9587542087542088 0.81666666666666743 19.750000000000004 0.75000000000000111 3.5000000000000004 22.00833333333334 46.500000000000007 0.823915376013162 1.0000000180025095e-35 -0.04374999999999999 21.477083333333336 52.500000000000007 3.5000000000000004 7.5000000000000009
decision_type=2 2 2 2 2 2 2 2 2 2 2 2 2 2
left_child=-1 2 3 4 5 6 -2 8 -8 -10 11 12 -11 -5
right_child=1 -3 -4 13 -6 -7 7 -9 9 10 -12 -13 -14 -15
leaf_value=4.3279368288545406e-07 -3.5472666656662715e-09 -2.1778645499823407e-05 -2.3679210169256768e-06 -1.3277937826262285e-07 1.230939190309441e-07 8.7562946546245755e-08 -5.2669673199614662e-08 -2.9245574283546803e-08 -2.6468257314197877e-08 1.1387310273171226e-06 -9.9723283013137743e-06 2.3971513203234067e-07 -5.8476742502468632e-08 4.4760468719342301e-07
leaf_weight=116697.3764252488 5268.7983760714997 242.66019306145608 537.99196534603834 74.846886821091175 434.87992979958653 309.68321618437767 302.27074362337589 1042.441456399858 228.44734082370996 177.34876724332571 52.488488890230656 856.62987241894007 105.64359959959984 545.71433423599228
leaf_count=412480 16345 787 2302 519 2486 1292 1099 4334 957 482 302 3535 493 2035
internal_value=1.7868e-08 -0.00220981 -0.00141821 -0.000174099 -0.00146348 -0.00261009 -0.00359218 0.0034098 0.0125766 0.0188171 0.0234407 0.0261089 0.00501848 0.0177998
internal_weight=126877 10179.8 9937.18 9399.19 8778.63 8343.75 8034.07 2765.27 1722.83 1420.56 1192.11 1139.62 282.992 620.561
internal_count=449448 36968 36181 33879 31325 28839 27547 11202 6868 5769 4812 4510 975 2554
is_linear=0
shrinkage=0.035


Tree=228
num_leaves=15
num_cat=1
split_feature=11 57 6 36 7 59 6 0 6 62 60 57 11 53
split_gain=39.2151 79.8103 81.8129 156.589 89.3124 88.1201 96.7477 73.4399 79.2426 71.1284 86.603 70.259 67.8909 86.474
threshold=1.0061784460713457 0.45144947034115807 0.80013466056551608 19.750000000000004 1.0914225718865846 0.79877197597864635 6.5061483518448471 0 1.9475992390351078 -0.28124999999999994 -0.78295110140207613 0.30560640846611248 1.0098822440397444 0.92546296296296304
decision_type=2 2 2 2 2 2 2 1 2 2 2 2 2 2
left_child=-1 2 3 4 9 11 7 8 -7 10 -2 -4 -12 -14
right_child=1 -3 5 -5 -6 6 -8 -9 -10 -11 12 -13 13 -15
leaf_value=-3.326795085158755e-09 2.4241660526514807e-06 0.0002415307084529104 -2.3542322607348038e-05 -6.0958112134571404e-06 -7.6176995610910073e-06 -3.6202240387803003e-05 0.0021543560523983162 -2.6413312570170921e-05 0.00033440375971170537 -1.4130517474756482e-06 5.4114785307056795e-07 -0.0007839446711882112 1.6272805853481768e-06 -2.7093600698144271e-07
leaf_weight=72969.130933968583 770.52920743776485 34784.735545681557 10040.900062208995 221.52650224044919 132.43903770670295 349.6944170743227 162.49445369839668 2854.3176526352763 1270.0879202261567 402.58322714664973 217.84320528060198 1282.0696964769159 1102.2370945028961 316.63263948261738
leaf_count=253240 3924 127045 29512 1413 1037 1535 268 10807 5842 1899 1091 4875 5768 1192
internal_value=2.91432e-06 0.000718729 -0.00109718 0.00403618 0.00619812 -0.0021167 0.00194455 0.000950741 0.00685579 0.00754548 0.00981874 -0.00377997 0.00520615 0.00234089
internal_weight=126877 53908.1 19123.4 3163.79 2942.26 15959.6 4636.59 4474.1 1619.78 2809.83 2407.24 11323 1636.71 1418.87
internal_count=449448 196208 69163 16324 14911 52839 18452 18184 7377 13874 11975 34387 8051 6960
cat_boundaries=0 2
cat_threshold=67108992 262144
is_linear=0
shrinkage=0.035


Tree=229
num_leaves=15
num_cat=0
split_feature=42 42 36 12 14 57 46 57 62 59 1 59 27 40
split_gain=38.2031 52.4206 39.6008 39.1384 136.938 111.962 116.153 53.5814 96.7199 62.6742 95.5289 57.6017 74.2117 65.9517
threshold=31.150000000000002 26.750000000000004 1.7500000000000002 0.99749142536323798 1.1694833628063137 0.1313701521895769 -0.099999999999999742 1.5670083854119952 -0.41875000000000057 0.12447811117596704 18.500000000000004 0.80900950266415306 7.5000000000000009 0.30000000000000043
decision_type=2 2 2 2 2 2 2 2 2 2 2 2 2 2
left_child=1 3 -3 4 7 -6 -7 8 -1 10 -9 12 -10 -13
right_child=-2 2 -4 -5 5 6 -8 9 11 -11 -12 13 -14 -15
leaf_value=-4.2005786078800056e-05 0.0039128408632747641 0.0048205547105716418 -0.00075632147599017524 2.4417089194444427e-09 2.7176752023643436e-05 -0.0023503092872514384 -0.00014597074790953239 0.00020583758798873772 0.00062759136399601393 -0.00096447406408554188 -0.0031354244236656008 0.00072996598437732288 -5.0861442056677477e-05 -0.00047970347602694789
leaf_weight=11503.555887843017 115.90040192753077 44.931599736213684 271.81530063226819 85898.864921953995 481.63479807134718 1032.6935365907848 565.00763972755522 5183.1043112054467 2894.4798059416935 5578.2889625988901 324.25651858001947 4001.4851549938321 8437.6362376511097 543.56651831418276
leaf_count=44623 567 288 1278 295589 1604 4173 2494 16545 9447 25235 1026 16801 27277 2501
internal_value=2.42289e-05 5.08905e-06 -0.0139957 4.12654e-05 -0.000854883 -0.00958144 -0.0140204 -0.000380793 0.000450497 -0.00243257 0.000216785 0.00222056 0.000883566 0.00554483
internal_weight=126877 126761 316.747 126445 40545.7 2079.34 1597.7 38466.4 27380.7 11085.6 5507.36 15877.2 11332.1 4545.05
internal_count=449448 448881 1566 447315 151726 8271 6667 143455 100649 42806 17571 56026 36724 19302
is_linear=0
shrinkage=0.035


Tree=230
num_leaves=15
num_cat=1
split_feature=36 46 63 46 57 21 62 59 0 36 36 1 28 10
split_gain=37.2365 95.4432 45.4256 41.8863 166.512 140.511 129.591 127.003 101.514 91.4663 86.3289 75.803 65.3819 53.8357
threshold=28.250000000000004 3.5000000000000018 0.022916666666666672 4.2000000000000028 1.2352061784186319 1.0000000180025095e-35 3.4854166666666675 0.99551215362393841 0 24.950000000000003 22.150000000000002 17.500000000000004 4.5000000000000009 1.009567679297003
decision_type=2 2 2 2 2 2 2 2 1 2 2 2 2 2
left_child=3 2 -2 9 8 7 12 10 -5 13 -6 -11 -7 -1
right_child=1 -3 -4 4 5 6 -8 -9 -10 11 -12 -13 -14 -15
leaf_value=2.7797593035743738e-10 0.0017976085431964676 -0.0019048559003559584 -0.0020415198217947966 -3.2020431858725933e-05 -5.1653035229902175e-05 -0.0038852925530318224 0.0019357584291406521 0.0015578572690457878 0.0025207033513709193 -1.8320478196214666e-05 -0.00090409154130229551 0.0017422185035838331 0.00026919000272330323 -5.2130265992000043e-05
leaf_weight=82788.705706954002 446.38250036537647 933.94960014149547 155.29130065441132 501.31235525384545 7739.1669202186167 259.5821037478745 2074.1114962026477 598.53674521669745 984.50945924827829 936.95329815894365 3022.4379733651876 1306.2377971857786 2326.8968379450962 22803.147501109634
leaf_count=281844 1728 4095 972 3039 25992 1551 7701 2230 2783 4302 12175 5544 9109 86383
internal_value=3.33507e-05 -0.00536598 0.00545136 9.99234e-05 0.00168736 0.000644231 0.00575492 -0.00145569 0.0128553 -0.000157922 -0.0023333 0.00681985 0.000519569 -0.00030679
internal_weight=126877 1535.62 601.674 125342 17506.6 16020.7 4660.59 11360.1 1485.82 107835 10761.6 2243.19 2586.48 105592
internal_count=449448 6795 2700 442653 64580 58758 18361 40397 5822 378073 38167 9846 10660 368227
cat_boundaries=0 1
cat_threshold=301993984
is_linear=0
shrinkage=0.035


Tree=231
num_leaves=15
num_cat=1
split_feature=57 21 1 46 9 51 12 51 13 6 0 6 6 1
split_gain=37.2507 55.6387 64.753 42.3635 39.8153 59.3876 40.0488 61.5033 44.5615 54.2829 39.3906 39.3014 37.0653 42.3259
threshold=2.2172500651780487 1.0000000180025095e-35 17.500000000000004 0.15000000000000038 0.85174979223172576 0.91106682255889482 1.8345429119556795 0.41281913716529522 1.0428920307658192 7.5861523381455864 0 4.2298130558934153 8.4873018021071029 16.500000000000004
decision_type=2 2 2 2 2 2 2 2 2 2 1 2 2 2
left_child=4 3 -3 -2 -1 6 7 8 12 10 11 -10 -6 -14
right_child=1 2 -4 -5 5 -7 -8 -9 9 -11 -12 -13 13 -15
leaf_value=-0.00056172081605297458 0.00067609222456869176 -0.00078556618345198572 -0.0077477147462175142 -0.00098862270064988119 1.8681404350761005e-10 0.0017314850515934271 0.0024048323055097156 -0.00036250636042114997 -0.00010142366294708358 0.0033796482520789708 0.00020463727223123414 3.9589277876636872e-05 0.0050890298252826757 0.00026386220285060211
leaf_weight=1719.9682625425048 1367.5577267832123 552.15072098840028 227.32104356214404 1536.8182423205581 113915.57371658739 564.01087999390438 269.46153883892111 2049.0722564226016 275.13151155691594 308.52193481009454 2573.4089307608083 964.59155568759888 162.84930354356766 390.78397136926651
leaf_count=8261 4302 2272 803 6246 397085 2192 966 9261 1139 536 11638 4064 252 431
internal_value=3.42558e-05 -0.00342898 -0.0116688 -0.00118512 0.000138087 0.000213156 0.000159823 0.000129155 0.000233263 0.00380424 0.00263722 -0.00247175 0.000104363 0.00905763
internal_weight=126877 3683.85 779.472 2904.38 123193 121473 120909 120640 118591 4121.65 3813.13 1239.72 114469 553.633
internal_count=449448 13623 3075 10548 435825 427564 425372 424406 415145 17377 16841 5203 397768 683
cat_boundaries=0 1
cat_threshold=268566530
is_linear=0
shrinkage=0.035


Tree=232
num_leaves=15
num_cat=0
split_feature=41 42 36 46 63 12 14 57 46 1 59 57 57 28
split_gain=37.1998 57.2468 35.2699 89.6898 43.6089 39.7609 126.71 106.698 109.391 55.8329 545.88 237.403 182.101 192.361
threshold=29.000000000000004 28.200000000000006 28.250000000000004 3.5000000000000018 0.022916666666666672 0.99749142536323798 1.1694833628063137 0.13859348036520475 -0.099999999999999742 19.500000000000004 0.33346569090932193 1.0701666665111358 0.1313701521895769 50.500000000000007
decision_type=2 2 2 2 2 2 2 2 2 2 2 2 2 2
left_child=1 2 5 4 -4 6 -1 -8 -9 -7 11 -11 -12 -14
right_child=-2 -3 3 -5 -6 9 7 8 -10 10 12 -13 13 -15
leaf_value=-1.6481534974243931e-05 -0.0062065443709479005 0.00037360183884795355 0.0017346922376460998 -0.0018381859503819918 -0.0019700666345704707 9.9515086863797674e-09 2.6252524178638333e-05 -0.0022842789249529327 -0.00013903907787233481 -0.0002759062711461308 -0.00056817527511836209 -0.0039555786748080987 0.0013006681403397622 -9.1554773155938805e-05
leaf_weight=38217.345486910548 82.78600137680769 250.47190127894282 446.38250036537647 933.94960014149547 155.29130065441132 72802.791533064563 489.94446468772367 1024.6896699653007 564.70183973666281 6623.2147980858572 375.07415582612157 802.118619766552 2815.6048762528226 1292.8548476547003
leaf_count=142285 405 1197 1728 4095 972 250328 1641 4137 2493 17994 2533 2772 11304 5564
internal_value=3.23247e-05 4.85323e-05 1.47918e-05 -0.00523994 0.00524673 7.97558e-05 -0.000825151 -0.00921806 -0.0135999 0.000510259 -0.00171048 -0.00752968 0.00792221 0.0100597
internal_weight=126877 126794 126544 1535.62 601.674 125008 40296.7 2079.34 1589.39 84711.7 11908.9 7425.33 4483.53 4108.46
internal_count=449448 449043 447846 6795 2700 441051 150556 8271 6630 290495 40167 20766 19401 16868
is_linear=0
shrinkage=0.035


Tree=233
num_leaves=15
num_cat=0
split_feature=53 42 64 27 59 64 63 36 61 1 39 46 59 60
split_gain=73.5826 201.403 176.381 197.328 273.201 262.585 256.407 191.149 160.3 131.364 137.317 227.937 172.811 252.274
threshold=0.98750000000000016 10.250000000000002 -0.21874999999999994 52.500000000000007 0.77214943412548942 -0.04374999999999999 0.14791666666666672 18.250000000000004 20.975000000000005 3.5000000000000004 11.350000000000003 1.2000000000000022 -0.23448921811828102 0.92589048012183106
decision_type=2 2 2 2 2 2 2 2 2 2 2 2 2 2
left_child=-1 2 -2 6 5 -5 8 -7 9 10 12 -12 13 -4
right_child=1 -3 3 4 -6 7 -8 -9 -10 -11 11 -13 -14 -15
leaf_value=1.3543521469009432e-07 -5.9783432233864876e-07 6.4172383751788029e-07 -1.5168274578432877e-09 -5.7332146740145384e-08 -1.8690747217697722e-08 2.2522448577965274e-07 2.8477869336331012e-07 -9.6940390786728376e-06 6.1172937994962789e-08 8.5452339553686143e-08 5.2711699563640468e-08 -1.5443301941255457e-05 -8.6943833236134635e-09 3.211655181314333e-09
leaf_weight=118203.3713505317 412.33145842701197 269.8483414426446 1700.8462051488459 204.37255798280239 964.97327697277069 820.66542970761657 492.23289721272886 90.15452216938138 308.12291645258665 213.21092040091753 571.78903833637014 161.66248160600662 2287.4901100008283 176.15008937567472
leaf_count=417723 1967 1319 3446 893 4433 3434 1695 403 1343 1305 2195 381 8447 464
internal_value=-4.69032e-05 -0.00315651 -0.00412461 -0.00295574 0.00629504 0.0180227 -0.00621608 0.0260266 -0.00842022 -0.00990497 -0.0110836 0.00284779 -0.0135381 -0.00562367
internal_weight=126877 8673.85 8404 7991.67 2080.17 1115.19 5911.5 910.82 5419.27 5111.15 4897.94 733.452 4164.49 1877
internal_count=449448 31725 30406 28439 9163 4730 19276 3837 17581 16238 14933 2576 12357 3910
is_linear=0
shrinkage=0.035


Tree=234
num_leaves=15
num_cat=0
split_feature=53 42 39 46 60 64 27 28 60 2 27 61 61 62
split_gain=71.2101 200.734 161.333 276.403 183.083 170.438 161.3 227.16 211.723 198.127 143.843 197.349 134.474 159.247
threshold=0.98750000000000016 10.250000000000002 11.950000000000001 -0.54999999999999882 0.99370977118463066 -0.2854166666666666 52.500000000000007 50.500000000000007 0.91925191855388755 1.5000000000000002 8.5000000000000018 3.9833333333333338 20.975000000000005 -1.5520833333333337
decision_type=2 2 2 2 2 2 2 2 2 2 2 2 2 2
left_child=-1 2 4 -4 5 -2 8 -8 12 -9 -10 -12 13 -7
right_child=1 -3 3 -5 -6 6 7 9 10 -11 11 -13 -14 -15
leaf_value=1.3069498217594101e-07 -7.7453379670243727e-07 6.1926350320475444e-07 1.4990551875381958e-07 -3.9942258250471948e-06 -7.5530258013332843e-09 -3.942166712003768e-09 -2.7547655195680726e-08 -2.5064678562633194e-08 3.1688946478440692e-09 2.0608940434455151e-07 -1.0230594620238038e-08 2.3804776314014851e-09 5.9031885165139094e-08 -8.2551696550807125e-09
leaf_weight=118203.3713505317 305.26245052367449 269.8483414426446 1000.6689025473315 260.75046467036009 439.9112803041935 1911.6817897586152 857.30102754756808 267.45720080286264 226.88230606913567 766.11999180912971 196.63847400248051 209.62195302546024 248.61844988912344 1713.0876128436066
leaf_count=417723 1541 1319 3807 786 1452 6670 3981 1029 587 3355 617 782 1136 4663
internal_value=-4.86359e-05 -0.00310771 -0.00407423 0.00742376 -0.00611238 -0.00465396 -0.00341024 0.00515082 -0.00700579 0.0161303 0.0116276 -0.000987747 -0.0100737 -0.0117882
internal_weight=126877 8673.85 8404 1261.42 7142.58 6702.67 6397.41 1890.88 4506.53 1033.58 633.143 406.26 3873.39 3624.77
internal_count=449448 31725 30406 4593 25813 24361 22820 8365 14455 4384 1986 1399 12469 11333
is_linear=0
shrinkage=0.035


Tree=235
num_leaves=15
num_cat=0
split_feature=41 42 53 62 39 60 64 36 36 28 59 27 64 63
split_gain=36.9021 53.7561 38.0705 206.417 228.456 222.38 234.652 187.682 220.154 204.773 190.128 375.678 349.386 193.714
threshold=29.000000000000004 28.200000000000006 0.9587542087542088 0.81666666666666743 11.950000000000001 0.99370977118463066 -0.21874999999999994 19.750000000000004 17.450000000000003 59.500000000000007 0.8140385552266387 52.500000000000007 -0.04374999999999999 0.14791666666666672
decision_type=2 2 2 2 2 2 2 2 2 2 2 2 2 2
left_child=1 2 -1 4 5 6 -4 8 10 -10 11 13 -13 -8
right_child=-2 -3 3 -5 -6 -7 7 -9 9 -11 -12 12 -14 -15
leaf_value=4.1623205528863262e-07 -0.0059893246325216139 0.00036051645993138488 -5.9271578213655879e-07 -2.1016133265412642e-05 1.1528008359722356e-07 -7.2886698982866184e-09 -1.5223932092576066e-09 -2.5203205502895062e-06 1.2995467726787199e-07 -2.1973898015983201e-05 -1.963941294057746e-08 -6.7617904507279628e-08 2.101290380057456e-07 4.2152676512395412e-07
leaf_weight=116402.88306678948 82.78600137680769 250.47190127894282 534.19258587062359 242.66019306145608 1474.3533775743563 469.62567344307899 3957.328399728518 420.48226522654295 638.0181921236217 79.489566512405872 1024.3461212143302 212.71272277832031 824.67426621168852 263.19726257771254
leaf_count=411045 405 1197 2398 787 5504 1547 12169 1849 2815 368 4177 950 3404 833
internal_value=2.48855e-05 4.10287e-05 8.33353e-06 -0.00204733 -0.00124866 -0.00347588 -0.00207762 -0.000450074 0.000928099 0.0191557 -0.00118085 0.00151485 0.0202792 -0.00313437
internal_weight=126877 126794 126544 10141.1 9898.42 8424.07 7954.44 7420.25 6999.77 717.508 6282.26 5257.91 1037.39 4220.53
internal_count=449448 449043 447846 36801 36014 30510 28963 26565 24716 3183 21533 17356 4354 13002
is_linear=0
shrinkage=0.035


Tree=236
num_leaves=15
num_cat=0
split_feature=64 53 64 62 40 64 44 57 36 62 60 59 49 61
split_gain=35.9658 82.0798 149.884 87.7639 77.5341 83.6959 83.1246 70.6225 258.741 196.432 181.777 184.284 150.973 159.363
threshold=-0.024999999999999998 0.051315789473684217 -0.2854166666666666 1.7562500000000005 0.30000000000000043 -0.29999999999999993 1.5050000000000001 0.010650968941543052 20.050000000000004 0.78333333333333421 -0.58427653070765262 0.37371625404731906 0.97500000000000009 14.677083333333334
decision_type=2 2 2 2 2 2 2 2 2 2 2 2 2 2
left_child=1 4 -3 -4 5 6 -1 8 9 10 11 12 -2 -14
right_child=7 2 3 -5 -6 -7 -8 -9 -10 -11 -12 -13 13 -15
leaf_value=0.00096123216662953939 4.4636784048799768e-06 -1.2432593760107328e-06 1.6606712735944759e-10 -1.5715880876106386e-05 -0.00014494539284660532 7.8400524654043092e-05 -0.0014169339757194111 -4.5768669962857123e-05 -9.6239198661030231e-06 -3.6846754643338012e-05 1.5775403551753207e-10 4.7944208523637704e-07 -9.6084401560126282e-09 1.6099182292848015e-07
leaf_weight=2309.8142468035221 1691.952906657476 797.26664683967829 4435.1571853943169 134.64375893818215 6075.657933274284 22831.580417844467 311.30950194597244 76069.406147157308 662.92907007783651 369.95435788156465 8339.5741716036573 880.22011627629399 1290.0383215686306 677.71681350469589
leaf_count=11066 6808 4162 19956 542 24009 86587 1242 252466 2703 1254 26407 4412 5116 2718
internal_value=4.03306e-05 0.000960445 -0.00303695 -0.000579638 0.00164167 0.00248953 0.00840153 -0.000337011 0.00195492 0.00302809 0.00375707 0.00938429 0.00589148 -0.000707234
internal_weight=126877 36895.4 5367.07 4569.8 31528.4 25452.7 2621.12 89981.8 13912.4 13249.5 12879.5 4539.93 3659.71 1967.76
internal_count=449448 147564 24660 20498 122904 98895 12308 301884 49418 46715 45461 19054 14642 7834
is_linear=0
shrinkage=0.035


Tree=237
num_leaves=15
num_cat=1
split_feature=36 46 64 9 0 62 57 57 25 57 2 2 60 48
split_gain=35.9962 84.7338 46.7878 40.2672 44.7411 75.9619 76.381 140.35 65.2581 65.914 92.3411 75.6593 55.1183 53.1244
threshold=28.250000000000004 2.5499999999999998 -0.0083333333333333436 0.98901312093725247 0 1.9062499999999993 0.37450808872536351 1.2647650279341953 1.0000000180025095e-35 1.9052195245749095 3.5000000000000004 3.5000000000000004 0.96897393274411414 0.14966791957888065
decision_type=2 2 2 2 1 2 2 2 2 2 2 2 2 2
left_child=3 2 -2 -1 -5 13 -7 -8 9 10 -9 -11 -13 -6
right_child=1 -3 -4 4 5 6 7 8 -10 11 -12 12 -14 -15
leaf_value=-4.0549211469972997e-05 -0.0020473598826509986 -0.0017114251783863098 0.0020393480661828195 7.4407354683525677e-08 7.0607859239811481e-10 -0.00014841778673936829 0.0013159024582130902 -7.6830912420997976e-05 -0.00032872925850053499 0.0011137739158295643 0.0014619646452979453 -0.0017295297503435996 0.00080848491875373145 -2.8773516262887584e-05
leaf_weight=30144.201686594635 112.89780073240399 1016.2758000977337 406.44980033114552 45834.370031668805 15423.885565329343 267.80275325942785 1564.3050377331674 1886.1766114383936 3219.0271362364292 592.98010861128569 2739.2478976547718 813.11642515752465 231.72017233818769 22624.764768584631
leaf_count=110737 729 4410 1656 183457 39828 720 4485 5452 8948 1636 10890 3068 743 72689
internal_value=4.18979e-05 -0.00526675 0.00615601 0.000107352 0.000460364 -0.000270826 0.00224568 0.00269925 0.00109128 0.00317124 0.00530487 -0.00285005 -0.00848846 -0.00101961
internal_weight=126877 1535.62 519.348 125342 95197.4 49363 11314.4 11046.6 9482.27 6263.24 4625.42 1637.82 1044.84 38048.7
internal_count=449448 6795 2385 442653 331916 148459 35942 35222 30737 21789 16342 5447 3811 112517
cat_boundaries=0 2
cat_threshold=33558658 262144
is_linear=0
shrinkage=0.035


Tree=238
num_leaves=15
num_cat=0
split_feature=53 42 27 59 25 40 61 62 54 57 36 60 13 27
split_gain=98.4756 217.335 184.573 274.084 215.646 150.858 154.373 135.84 120.189 112.235 204.423 137.114 140.939 108.945
threshold=0.9587542087542088 10.250000000000002 46.500000000000007 0.76109721063455271 1.0000000180025095e-35 0.30000000000000138 20.975000000000005 -2.0395833333333324 7.5000000000000009 0.0031676918979062362 19.650000000000002 -0.78295110140207613 1.002555792409032 52.500000000000007
decision_type=2 2 2 2 2 2 2 2 2 2 2 2 2 2
left_child=9 2 5 4 7 6 -2 13 -7 10 11 -1 -13 -4
right_child=1 -3 3 -5 -6 8 -8 -9 -10 -11 -12 12 -14 -15
leaf_value=3.1416507008138096e-06 -5.4224111800200206e-09 5.7008515894954945e-07 -4.2481932071489549e-08 -3.0313462723739529e-08 3.6341546885706513e-07 -1.9136882875545488e-07 5.2386830379792186e-08 -6.5281802949716354e-08 1.3910829035403534e-07 -2.4966695256078932e-06 -1.8754670370952506e-05 8.027095023973311e-07 -2.5865484334332088e-05 1.8596832036029183e-07
leaf_weight=1698.6507343493868 5200.7226659278385 304.36751890927553 228.62531090527773 1581.2974647469819 644.18492277339101 93.352684199810028 402.96385820955038 442.0740181915462 675.44581453804858 110371.54460678436 392.89816617965698 3290.1789280176163 944.10398991778493 606.81091211736202
leaf_count=8145 16530 1462 786 6855 2202 459 1576 1926 2395 385866 2220 13459 2790 2777
internal_value=-8.56985e-05 -0.00338537 -0.00429333 0.00215666 0.0110117 -0.00783675 -0.00983046 0.00262176 0.00663483 0.000202407 0.00473252 0.00636143 0.00297639 0.0108844
internal_weight=126877 10179.8 9875.48 3502.99 1921.7 6372.49 5603.69 1277.51 768.798 116697 6325.83 5932.93 4234.28 835.436
internal_count=449448 36968 35506 14546 7691 20960 18106 5489 2854 412480 26614 24394 16249 3563
is_linear=0
shrinkage=0.035


Tree=239
num_leaves=15
num_cat=0
split_feature=53 42 64 27 63 59 25 61 36 61 1 39 63 36
split_gain=84.0147 211.889 175.065 226.968 244.027 195.042 198.515 150.073 205.816 139.671 119.963 103.211 100.919 98.788
threshold=0.95227272727272738 10.250000000000002 -0.2854166666666666 46.500000000000007 0.14791666666666672 0.77214943412548942 1.0000000180025095e-35 15.062500000000002 16.750000000000004 20.975000000000005 3.5000000000000004 3.6500000000000008 0.26875000000000004 19.750000000000004
decision_type=2 2 2 2 2 2 2 2 2 2 2 2 2 2
left_child=-1 2 -2 4 9 6 7 11 -9 10 -4 -5 -6 -11
right_child=1 -3 3 5 12 -7 -8 8 -10 13 -12 -13 -14 -15
leaf_value=5.1694816060780403e-07 -7.5641700485966309e-07 5.5013217838631529e-07 -5.5682813682943964e-09 2.045713781090164e-07 2.5529695384680766e-07 -1.6332638524612372e-08 3.6746715562759942e-07 1.8522693054273459e-07 -8.6050427272777771e-06 6.5721647301985895e-08 8.1146062487865438e-08 -4.906381195306171e-08 -1.0145551808294449e-07 -3.4469178656818675e-07
leaf_weight=116635.86853437615 405.82449394464493 305.94607449322939 5154.9126584462356 60.363921541720629 338.4435061942786 1370.6465077921748 643.37932287529111 542.37103575840592 132.96432153880596 314.64854709804058 221.42604241520166 490.35772874578834 158.73177839815617 101.33712214976549
leaf_count=412328 1937 1470 15703 298 1256 5919 2194 2247 722 1301 1250 1907 565 351
internal_value=-8.37011e-05 -0.00312153 -0.00401508 -0.00304167 -0.00691485 0.0044749 0.0118017 0.0034675 0.0144301 -0.00894053 -0.0104545 -0.00999321 0.0163962 0.0104126
internal_weight=126877 10241.4 9935.41 9529.58 6289.5 3240.08 1869.44 1226.06 675.335 5792.32 5376.34 550.722 497.175 415.986
internal_count=449448 37120 35650 33713 20426 13287 7368 5174 2969 18605 16953 2205 1821 1652
is_linear=0
shrinkage=0.035


Tree=240
num_leaves=15
num_cat=0
split_feature=53 42 62 39 21 60 64 27 28 2 63 36 59 62
split_gain=65.1468 190.444 164.013 206.995 200.209 169.234 178.47 168.375 246.433 206.657 192.808 144.948 149.045 143.524
threshold=0.9587542087542088 10.250000000000002 0.81666666666666743 11.950000000000001 1.0000000180025095e-35 0.99696424012059681 -0.29999999999999993 52.500000000000007 50.500000000000007 1.5000000000000002 0.14166666666666669 17.150000000000002 -0.23448921811828102 -2.3354166666666658
decision_type=2 2 2 2 2 2 2 2 2 2 2 2 2 2
left_child=-1 2 3 5 -5 6 -2 10 -9 13 11 12 -8 -10
right_child=1 -3 -4 4 -6 -7 7 8 9 -11 -12 -13 -14 -15
leaf_value=4.804468174253776e-07 -1.2426181344076495e-06 5.3087755214279426e-07 -1.7410583194724288e-05 1.8621805257807628e-07 -1.5514942943959761e-07 -8.4284815910003948e-09 -8.5951123820355428e-10 -2.3442866665498924e-08 1.3715287258574933e-07 1.7874398797373889e-07 2.1231432254773932e-07 5.9960605632562445e-08 -8.0808140698978635e-09 -7.3573392372307759e-08
leaf_weight=116697.3764252488 340.6486269980669 304.36751890927553 242.37081528268754 1094.3940510519315 273.26291929371655 300.00920713692904 2051.3392248358577 1159.6298861838877 98.541877973824739 899.99410693347454 341.42034441232681 325.6973491050303 2517.2964861555956 230.87275624647737
leaf_count=412480 1701 1462 783 3790 1192 991 4692 5079 356 3868 1196 1296 9625 937
internal_value=-5.84394e-05 -0.00274226 -0.00359256 -0.00285974 0.00970668 -0.00494829 -0.00395554 -0.00282884 0.00485721 0.0157158 -0.0063385 -0.00812243 -0.00973652 -0.00782991
internal_weight=126877 10179.8 9875.48 9633.11 1367.66 8265.45 7965.44 7624.79 2389.04 1229.41 5235.75 4894.33 4568.64 329.415
internal_count=449448 36968 35506 34723 4982 29741 28750 27049 10240 5161 16809 15613 14317 1293
is_linear=0
shrinkage=0.035


Tree=241
num_leaves=15
num_cat=1
split_feature=53 27 59 2 63 63 61 1 3 64 63 25 36 1
split_gain=62.3683 180.759 269.933 203.342 176.458 163.555 130.123 110.453 109.423 105.634 136.583 107.549 98.788 91.482
threshold=0.95227272727272738 46.500000000000007 0.76109721063455271 1.0000000180025095e-35 0.14791666666666672 0.30000000000000004 20.975000000000005 3.5000000000000004 0 -0.21874999999999994 0.060416666666666681 1.0000000180025095e-35 19.750000000000004 1.5000000000000002
decision_type=2 2 2 2 2 2 2 2 1 2 2 2 2 2
left_child=-1 4 3 -3 6 -6 7 13 -5 -4 -11 -12 -8 -2
right_child=1 2 9 8 5 -7 12 -9 -10 10 11 -13 -14 -15
leaf_value=4.820393363766427e-07 2.8288665310317681e-07 -3.9150640466637891e-08 -5.0473844462911501e-07 -5.2487639792230651e-08 1.8755802873833325e-07 -3.2833404882296805e-07 6.1322768449276696e-08 7.858877879323658e-08 2.0930048174300073e-07 -2.9851723558252776e-08 1.2141528820901138e-07 -3.2714524811140488e-08 -3.347261952354399e-07 -5.5564402086978124e-09
leaf_weight=116635.86853437615 138.38255474716425 330.72695506364107 272.76731577143073 207.67125253751874 542.42642969451845 255.75086640939116 314.64854709804058 221.7154201939702 1470.1210340447724 784.60014230757952 336.46243654191494 248.21288113296032 101.33712214976549 5016.5301036990713
leaf_count=412328 761 1242 1178 1311 1941 1174 1301 1254 5632 3563 1535 935 351 14942
internal_value=-6.18052e-05 -0.00267919 0.00356235 0.0121409 -0.00613646 0.00920831 -0.00826308 -0.00972465 0.0170746 -0.00694081 -0.00289646 0.009813 0.0104126 -0.0107709
internal_weight=126877 10241.4 3650.56 2008.52 6590.79 798.177 5792.61 5376.63 1677.79 1642.04 1369.28 584.675 415.986 5154.91
internal_count=449448 37120 15396 8185 21724 3115 18609 16957 6943 7211 6033 2470 1652 15703
cat_boundaries=0 1
cat_threshold=2
is_linear=0
shrinkage=0.035


Tree=242
num_leaves=15
num_cat=2
split_feature=53 27 59 2 63 63 61 3 36 57 36 7 0 36
split_gain=56.6533 223.907 316.266 209.77 147.799 131.105 118.542 115.65 112.132 103.366 146.913 132.223 98.0487 86.1308
threshold=0.92546296296296304 46.500000000000007 0.76109721063455271 1.0000000180025095e-35 0.14791666666666672 0.31875000000000003 20.975000000000005 0 19.750000000000004 0.0031676918979062362 19.650000000000002 1.0384585422183055 1 -2.1499999999999999
decision_type=2 2 2 2 2 2 2 1 2 2 2 2 1 2
left_child=9 4 3 -3 6 -6 12 -5 -8 10 11 -1 -2 -7
right_child=1 2 -4 7 5 13 8 -9 -10 -11 -12 -13 -14 -15
leaf_value=3.5600397763258244e-06 -7.338087331839979e-09 -3.7780368050305561e-08 -2.8538425599026052e-08 -5.0650572399502577e-08 1.7055634506881247e-07 5.4722761410175898e-07 5.9647006257066863e-08 2.35466733886575e-07 -1.0350549879986291e-06 -2.4610662932159469e-06 -2.1340601249114212e-05 -8.1223763816974979e-06 -3.7664426854015254e-09 -6.0154299005897019e-07
leaf_weight=4403.0188164706342 1957.2622146371286 369.64344926178455 1754.1335925087333 207.67125253751874 644.29443152807653 50.651611253619194 335.153305336833 1623.4985880181193 117.37979724258184 110371.54460678436 338.98830624297261 667.63047531223856 3864.9170416686684 171.43410696461797
leaf_count=18379 5201 1412 7836 1311 2315 181 1417 6248 417 385866 1955 2784 13244 882
internal_value=-5.43934e-05 -0.00244227 0.0042317 0.0130421 -0.00613926 0.00734844 -0.0080103 0.017884 0.00909531 0.000174643 0.00489379 0.00639467 -0.00935316 -0.0153731
internal_weight=126877 11096 3954.95 2200.81 7141.09 866.38 6274.71 1831.17 452.533 115781 5409.64 5070.65 5822.18 222.086
internal_count=449448 40464 16807 8971 23657 3378 20279 7559 1834 408984 23118 21163 18445 1063
cat_boundaries=0 1 3
cat_threshold=2 4224 262144
is_linear=0
shrinkage=0.035


Tree=243
num_leaves=15
num_cat=2
split_feature=53 27 59 2 62 40 2 36 36 3 0 62 57 7
split_gain=59.8262 216 327.776 205.592 142.232 133.388 121.353 120.172 130.181 111.862 105.876 95.4266 93.6273 125.964
threshold=0.88562091503267981 46.500000000000007 0.76109721063455271 1.0000000180025095e-35 0.81666666666666743 0.40000000000000135 2.5000000000000004 17.150000000000002 19.750000000000004 0 1 -0.63958333333333417 0.0031676918979062362 1.0384585422183055
decision_type=2 2 2 2 2 2 2 2 2 1 1 2 2 2
left_child=12 4 3 -3 5 7 -7 10 -9 -5 -2 -8 13 -1
right_child=1 2 -4 9 -6 6 11 8 -10 -11 -12 -13 -14 -15
leaf_value=4.152586368694791e-06 -6.7808347960860054e-09 -3.6458055168544868e-08 -3.0570671546784663e-08 -4.8877802365519988e-08 -1.6766087541884882e-05 1.6458687299140405e-07 -7.9191299499818892e-08 7.6296898540322263e-08 -1.0012657308174084e-06 2.29964281030526e-07 -2.6944103821969669e-09 5.4604193998596269e-07 -2.3749289729533957e-06 -8.879803465389106e-06
leaf_weight=4388.8063039588742 1948.4084710772149 384.06092150509357 1793.3153201676905 207.67125253751874 255.63459357433021 534.23913388699293 199.53733405098319 358.42713906988502 125.57554168254137 1678.4007132202387 3845.5681089218706 78.627099498407915 110371.54460678436 707.40505583188497
leaf_count=18305 5206 1502 8129 1311 832 1775 844 1489 480 6566 13677 458 385866 3008
internal_value=-8.00583e-05 -0.0024967 0.00397204 0.0127826 -0.00607542 -0.00512548 0.00814779 -0.00685334 0.00975563 0.017523 -0.00825519 -0.010356 0.000158928 0.00479232
internal_weight=126877 11409.5 4063.45 2270.13 7346.02 7090.38 812.404 6277.98 484.003 1886.07 5793.98 278.164 115468 5096.21
internal_count=449448 42269 17508 9379 24761 23929 3077 20852 1969 7877 18883 1302 407179 21313
cat_boundaries=0 1 3
cat_threshold=2 4224 262144
is_linear=0
shrinkage=0.035


Tree=244
num_leaves=15
num_cat=0
split_feature=53 64 27 59 63 2 63 53 61 62 36 59 46 1
split_gain=51.872 210.459 260.145 222.782 204.19 202.94 136.012 122.888 113.545 110.735 108.18 127.653 207.707 137.784
threshold=0.88562091503267981 -0.25208333333333333 46.500000000000007 0.77214943412548942 0.14791666666666672 1.0000000180025095e-35 0.060416666666666681 0.98750000000000016 21.477083333333336 0.81666666666666743 17.150000000000002 -0.23448921811828102 -0.40000000000000019 1.5000000000000002
decision_type=2 2 2 2 2 2 2 2 2 2 2 2 2 2
left_child=-1 -2 4 5 9 -4 -5 -8 -7 10 11 12 -3 -13
right_child=1 2 3 6 -6 8 7 -9 -10 -11 -12 13 -14 -15
leaf_value=1.435047931330967e-06 -5.1207429536717785e-07 9.6288229073898429e-10 -3.5026385309191734e-08 -3.5990231015120264e-08 2.1805647087185979e-07 2.1933598653126817e-07 -1.7594975582231271e-07 2.3655061854477972e-08 -8.2369725800880806e-06 -1.6070704612722597e-05 3.9250078900156964e-08 2.5644531233173589e-07 -4.5849076970433783e-08 -6.8439250573625692e-09
leaf_weight=115467.75596657512 579.03710241615772 1680.804606212303 345.93141002953053 850.16364395618439 657.47596120648086 1761.9927113689482 255.30955284833908 453.37638002634048 54.718822248280048 226.15484922938049 497.02449179068208 186.241579413414 820.10256814956665 3041.1319502971601
leaf_count=407179 2689 4330 1307 3942 2503 7174 1094 2007 330 708 2045 1150 1581 11409
internal_value=-7.6324e-05 -0.00232659 -0.00121734 0.00626942 -0.00513991 0.0135153 -0.0038051 0.00746232 0.0181815 -0.00703753 -0.00613402 -0.00749541 -0.00154938 -0.012084
internal_weight=126877 11409.5 10830.4 3721.49 7108.94 2162.64 1558.85 708.686 1816.71 6451.46 6225.31 5728.28 2500.91 3227.37
internal_count=449448 42269 39580 15854 23726 8811 7043 3101 7504 21223 20515 18470 5911 12559
is_linear=0
shrinkage=0.035


Tree=245
num_leaves=15
num_cat=0
split_feature=64 53 64 40 64 44 57 62 28 57 1 21 57 1
split_gain=39.3528 77.6543 154.526 74.8141 77.7221 77.1987 81.6086 62.7206 136.798 120.839 88.0069 107.949 175.867 116.754
threshold=-0.024999999999999998 0.026671408250355622 -0.30624999999999991 0.30000000000000043 -0.29374999999999996 1.5050000000000001 0.24696342784683112 3.1854166666666672 55.500000000000007 1.9553982714560736 18.500000000000004 1.0000000180025095e-35 1.8758755093681185 16.500000000000004
decision_type=2 2 2 2 2 2 2 2 2 2 2 2 2 2
left_child=1 3 -3 4 5 6 -1 -2 10 -10 11 13 -13 -9
right_child=7 2 -4 -5 -6 -7 -8 8 9 -11 -12 12 -14 -15
leaf_value=-5.993708481866422e-06 -7.1378429357733772e-09 -1.3433365616378877e-06 -1.5583671422734697e-09 -0.00015183231711847104 8.1267544094333356e-05 -0.0013657674277786716 0.0022776475416745661 -0.00087953823031798487 0.001561180489878105 -0.0013934275681521447 0.0013315048996599636 0.0015379809492997289 -0.0014230769010399619 0.00050108230948234993
leaf_weight=653.92214168980718 76794.429703606758 706.18259174004197 4937.3959686835296 6047.0295421537012 22460.340856994502 311.30950194597244 1779.2490878328681 4067.9144046083093 2893.3388210656121 517.10027685016394 1178.6890013031662 1797.4643403617665 854.0005558617413 1878.8548010699451
leaf_count=2737 254990 3818 21828 23906 85344 1242 8689 13514 11242 2321 4176 6192 3079 6370
internal_value=-3.75522e-05 0.000924918 -0.00285029 0.00160735 0.002446 0.00799573 0.010095 -0.000432255 0.00179675 0.00782132 -0.000310611 -0.001543 0.00431953 -0.00415977
internal_weight=126877 36895.4 5643.58 31251.9 25204.8 2744.48 2433.17 89981.8 13187.4 3410.44 9776.92 8598.23 2651.46 5946.77
internal_count=449448 147564 25646 121918 98012 12668 11426 301884 46894 13563 33331 29155 9271 19884
is_linear=0
shrinkage=0.035


Tree=246
num_leaves=15
num_cat=1
split_feature=11 57 0 51 9 10 1 13 2 57 57 60 57 46
split_gain=36.3874 72.6439 65.8915 53.8473 52.2344 56.9326 55.5209 52.062 71.3596 79.8411 65.8643 97.7969 169.078 217.821
threshold=1.0757066945062175 0.23109167196932104 0 0.33933692980060098 1.0515746879968411 1.009567679297003 14.500000000000002 1.0115085725769768 3.5000000000000004 1.3425836480196718 1.2778149440562661 -0.88603780069526494 0.20895744778118985 1.6500000000000006
decision_type=2 2 1 2 2 2 2 2 2 2 2 2 2 2
left_child=3 2 -2 4 5 7 -6 10 -9 -10 11 12 -1 -14
right_child=1 -3 -4 -5 6 -7 -8 8 9 -11 -12 -13 13 -15
leaf_value=4.6337250306578255e-08 -4.5868462831050925e-05 0.00087101933615193431 1.9813429058559112e-06 -0.00032865007955347225 5.4960623253371566e-06 -6.4568072462278158e-05 0.00074045627924177121 1.4893821618982596e-05 5.1188528735227766e-05 0.0023480108821483329 -0.0001861501187074859 5.8873656537472092e-09 -0.0011754829825498035 0.0010490388254647922
leaf_weight=4528.1121426243335 1034.4394761938602 4340.2031555583235 2273.9856316570658 4207.8136425013654 5435.8884345260449 18366.406787391286 3690.9130602569785 7605.7449641041458 1823.449141501449 1116.5543612195179 36027.400164942257 32723.927716395818 3024.3155747035053 678.06734219193459
leaf_count=17567 2939 21309 11943 19646 25481 64029 17137 22969 4354 2839 114272 112169 10700 2094
internal_value=-4.56277e-05 0.00229295 -0.00161149 -0.000195829 -5.33959e-05 -0.00027245 0.00248571 9.93737e-05 0.00240443 0.00702525 -0.000216668 0.000743461 -0.00266478 -0.00820215
internal_weight=126877 7648.63 3308.43 119229 115021 105894 9126.8 87527.6 10545.7 2940 76981.8 40954.4 8230.5 3702.38
internal_count=449448 36191 14882 413257 393611 350993 42618 286964 30162 7193 256802 142530 30361 12794
cat_boundaries=0 1
cat_threshold=135170
is_linear=0
shrinkage=0.035


Tree=247
num_leaves=15
num_cat=1
split_feature=11 6 9 0 40 1 1 42 46 57 63 1 40 1
split_gain=43.944 46.8776 46.3769 37.7047 37.2528 65.9991 53.6697 50.3347 46.845 37.5783 35.9593 118.116 106.542 90.0397
threshold=1.0926551322291469 7.8259005705471338 0.93347269184730863 0 3.050000000000002 9.5000000000000018 16.500000000000004 4.6500000000000012 2.4000000000000017 0.013088771449383139 0.097916666666666693 10.500000000000002 0.30000000000000043 5.5000000000000009
decision_type=2 2 2 1 2 2 2 2 2 2 2 2 2 2
left_child=2 -2 3 -1 10 7 8 -6 -7 -9 -4 13 -13 -12
right_child=1 -3 4 -5 5 6 -8 9 -10 -11 11 12 -14 -15
leaf_value=-0.00082331816747674143 8.5921504855875583e-06 0.0050245259374655611 -1.603551595899145e-09 -0.00014894549857110158 -2.2861101791980039e-06 -0.003825674339506183 -7.4172791370686789e-05 3.708132481384854e-05 0.00060499590011557191 0.00018856008879353277 1.2437548045043457e-08 0.00020837229300029004 -0.00055225030177394557 0.00096189461445039728
leaf_weight=728.34210301423445 5119.3224865649827 165.09622689336538 88937.317944790237 6126.8498119078577 58.807899713516235 591.5858605876565 468.86881449446082 110.81235733255744 104.70902486518025 435.19609785452485 6340.8657023031265 7075.2968214675784 5572.0910199657083 5042.0594240128994
leaf_count=3418 25941 367 293769 26760 216 2748 2263 400 426 1629 24481 26632 20987 19411
internal_value=-2.69101e-05 0.00309453 -0.000162811 -0.00295711 4.3825e-06 -0.00501957 -0.00986018 0.00431444 -0.0159546 0.00774523 8.35353e-05 0.00128456 -0.00104316 0.0038695
internal_weight=126877 5284.42 121593 6855.19 114738 1769.98 1165.16 604.816 696.295 546.008 112968 24030.3 12647.4 11382.9
internal_count=449448 26308 423140 30178 392962 7682 5437 2245 3174 2029 385280 91511 47619 43892
cat_boundaries=0 2
cat_threshold=0 262144
is_linear=0
shrinkage=0.035


Tree=248
num_leaves=15
num_cat=0
split_feature=11 6 9 40 1 46 42 46 58 64 36 46 36 1
split_gain=37.9581 43.4129 42.3445 40.8016 51.1677 50.2647 45.7897 43.3924 38.1724 36.3136 31.6639 75.3921 41.8069 195.807
threshold=1.0926551322291469 7.8959068844352274 0.93347269184730863 3.050000000000002 9.5000000000000018 -0.80000000000000038 4.6500000000000012 2.4000000000000017 10.427468412851319 -1.2499999999999996 28.250000000000004 2.5499999999999998 17.750000000000004 17.500000000000004
decision_type=2 2 2 2 2 2 2 2 2 2 2 2 2 2
left_child=2 -2 8 9 6 -6 -5 -7 -1 -4 12 -12 -11 -14
right_child=1 -3 3 4 5 7 -8 -9 -10 10 11 -13 13 -15
leaf_value=-0.00039644768173034245 9.0738918367437585e-06 0.0059728444344544175 0.0041786330380166213 -2.2060963229260742e-06 -5.3381794344538662e-05 -0.0032470492969768035 5.8181999814208459e-05 0.00058382104361152682 4.7064144227178542e-05 -1.5474272900426751e-09 0.0012797219459825234 -0.0016318333376331557 -2.360723646556715e-07 0.00076304279999418062
leaf_weight=4850.3799612023868 5174.1627046917565 110.25600876659155 89.68800151348114 58.807899713516235 447.48939133435488 612.96528374776244 546.00845518708229 104.70902486518025 2004.8119537197053 85281.966498405673 484.74539978802204 1006.652418192476 18974.533154919744 7130.0454397201538
leaf_count=25918 26080 228 438 216 2087 2924 2029 426 4260 270161 2211 4365 79242 28863
internal_value=-3.75724e-05 0.00286349 -0.000163878 -4.11725e-06 -0.00526192 -0.00952213 0.00296665 -0.0151986 -0.00283394 7.87206e-05 6.00677e-05 -0.00498882 0.000128111 0.00135342
internal_weight=126877 5284.42 121593 114738 1769.98 1165.16 604.816 717.674 6855.19 112968 112878 1491.4 111387 26104.6
internal_count=449448 26308 423140 392962 7682 5437 2245 3350 30178 385280 384842 6576 378266 108105
is_linear=0
shrinkage=0.035


Tree=249
num_leaves=15
num_cat=0
split_feature=40 46 39 52 63 1 40 46 44 63 57 41 40 62
split_gain=47.0082 64.8479 55.4772 40.1379 39.1291 111.683 102.484 88.6089 74.519 61.1824 109.974 77.3923 59.3351 63.7676
threshold=3.050000000000002 -0.84999999999999953 13.950000000000001 0.050239005736137654 0.097916666666666693 10.500000000000002 0.30000000000000043 -1.9999999999999993 0.73500000000000021 0.30625000000000008 0.025513901728264912 2.2500000000000031 0.20000000000000065 3.537500000000001
decision_type=2 2 2 2 2 2 2 2 2 2 2 2 2 2
left_child=4 3 -3 -2 12 7 8 9 -7 -6 11 -11 -1 -14
right_child=1 2 -4 -5 5 6 -8 -9 -10 10 -12 -13 13 -15
leaf_value=-3.9152821689519269e-10 -2.1288829516236616e-06 -0.0023923872664840134 7.4491604060992553e-05 0.0001230369652397197 1.5198907419456012e-08 0.00027379786567044846 -0.00048981668483694216 1.9497696581623027e-06 -0.001770941497045764 -1.3235378917420494e-06 0.00027376489961180683 1.1274239489090538e-07 -1.846977571710954e-06 -0.0028678869463681892
leaf_weight=91167.063870347803 52.426249396055937 792.61300317570567 260.86579992994666 860.41635258123279 2834.0561975426972 7621.4765039794147 6326.1475101727992 8390.156209288165 511.10090016201138 626.3972592279315 474.441152818501 222.21569507941604 6448.4232917840127 289.42160028219223
leaf_count=309111 165 3618 1053 3858 11592 29700 24408 31284 1899 3318 2060 1309 24939 1134
internal_value=-5.08593e-05 -0.00540657 -0.0112811 0.00142184 3.38753e-05 0.0012131 -0.000883519 0.00362789 0.00171471 -0.000550174 -0.0067361 -0.0142215 -0.000291491 -0.0034584
internal_weight=126877 1966.32 1053.48 912.843 124911 27006 14458.7 12547.3 8132.58 4157.11 1323.05 848.613 97904.9 6737.84
internal_count=449448 8694 4671 4023 440754 105570 56007 49563 31599 18279 6687 4627 335184 26073
is_linear=0
shrinkage=0.035


Tree=250
num_leaves=15
num_cat=1
split_feature=57 2 64 12 41 42 9 51 51 13 6 3 2 1
split_gain=34.2074 51.6504 42.1936 35.7188 33.8486 42.1499 31.7523 52.2246 53.606 38.0348 50.3249 51.1021 41.9602 36.0563
threshold=2.2392209024604219 2.5000000000000004 -0.064583333333333312 1.8345429119556795 29.000000000000004 28.200000000000006 0.85174979223172576 0.91106682255889482 0.41281913716529522 1.0428920307658192 6.5987926236560916 0 3.5000000000000004 17.500000000000004
decision_type=2 2 2 2 2 2 2 2 2 2 2 1 2 2
left_child=3 -2 -3 4 5 6 13 8 9 -8 -11 12 -12 -1
right_child=1 2 -4 -5 -6 -7 7 -9 -10 10 11 -13 -14 -15
leaf_value=-0.00013169384042856967 6.2875558702759577e-05 0.0014132826886226486 -0.0022048587581088388 0.0022658893139151774 -0.0054456557321057959 0.00027469513344483611 2.8413197754842631e-10 0.0016349369407539615 -0.00035173612267587131 1.7313381847726048e-05 0.00091552153926829655 -0.00033037157152157533 0.0037115867641532626 -0.001545293257899306
leaf_weight=1248.808174317237 1864.7794009186327 189.80687125772238 1151.1706441121642 279.96445834124461 82.78600137680769 247.15420122072101 114616.34433122259 553.50796049158089 2052.4093856168911 2776.7272762176581 488.22465530782938 373.71516944235191 479.79201102256775 472.03105490189046
leaf_count=6011 6594 870 4558 1168 405 1178 397778 1990 9262 13169 1491 1638 1068 2268
internal_value=-9.25395e-06 -0.00357305 -0.00878445 8.34066e-05 5.45689e-05 7.04642e-05 4.08816e-05 0.000108016 5.84177e-05 0.000155578 0.00345608 0.00899477 0.0132028 -0.00466621
internal_weight=126877 3205.76 1340.98 123671 123392 123309 123062 121341 120787 118735 4118.46 1341.73 968.017 1720.84
internal_count=449448 12022 5428 437426 436258 435853 434675 426396 424406 415144 17366 4197 2559 8279
cat_boundaries=0 1
cat_threshold=1
is_linear=0
shrinkage=0.035


Tree=251
num_leaves=15
num_cat=0
split_feature=11 57 9 1 1 60 6 60 35 46 27 57 10 57
split_gain=34.1 74.216 62.2499 73.4468 118.887 86.7223 91.0646 111.376 85.3871 89.6413 71.1598 70.9824 61.4127 58.5861
threshold=1.0061784460713457 0.45144947034115807 1.0110845129576875 8.5000000000000018 14.500000000000002 -0.090248267031646914 6.6750629116899818 -0.94128245028753155 30.500000000000004 2.5499999999999998 38.500000000000007 1.640224142734841 1.0140900319455664 1.5604203553912255
decision_type=2 2 2 2 2 2 2 2 2 2 2 2 2 2
left_child=2 12 -1 5 8 6 -4 -8 -5 10 -10 -9 -2 -3
right_child=1 13 3 4 -6 -7 7 11 9 -11 -12 -13 -14 -15
leaf_value=-6.1352509828098119e-09 4.9096397189912717e-08 0.00034332882914780386 2.6540006089884107e-05 -0.005079442686711625 0.00031950143083364012 -2.198347777150588e-05 0.0060417892093781039 0.0019592065545557011 0.00042512339485687594 -2.3364185180278604e-05 -0.0017316504738854399 -3.8388720428399322e-05 -4.7603894972428312e-05 -6.7537395679166746e-05
leaf_weight=52272.432433699491 13800.326727870153 23021.632884785067 2239.1068760757335 334.80607834924012 8130.7529943082482 1854.5236071906984 506.86333449697122 748.07657331973314 395.40946353971958 4496.6565421670675 1260.1383782476187 730.36465257406235 5323.0283882475924 11763.102660896489
leaf_count=171581 50051 82043 10168 2021 33007 5747 1399 2312 1488 17961 4993 2563 19112 45002
internal_value=-2.83795e-05 0.000639123 -0.000521536 0.00110273 -0.000242439 0.00433249 0.00709728 0.0125358 -0.00377308 -0.00281824 -0.00975444 0.0075848 -0.00111197 0.00160185
internal_weight=126877 53908.1 72969.1 20696.7 14617.8 6078.94 4224.41 1985.3 6487.01 6152.2 1655.55 1478.44 19123.4 34784.7
internal_count=449448 196208 253240 81659 59470 22189 16442 6274 26463 24442 6481 4875 69163 127045
is_linear=0
shrinkage=0.035


Tree=252
num_leaves=15
num_cat=0
split_feature=11 6 9 14 27 57 60 1 2 58 10 62 60 46
split_gain=33.6565 41.5649 38.5458 47.0947 51.2448 68.5533 97.141 58.1533 49.4137 47.5714 40.0837 58.3035 79.0573 94.6249
threshold=1.0926551322291469 7.9121949554648507 0.98723569109534748 0.88599000440540199 35.500000000000007 1.6862985278684297 -0.8140159405215136 17.500000000000004 3.5000000000000004 10.44807285000328 1.009567679297003 1.8687499999999988 -0.8038981836306559 1.3000000000000007
decision_type=2 2 2 2 2 2 2 2 2 2 2 2 2 2
left_child=2 -2 3 9 5 -5 7 -7 -9 -1 -4 -12 13 -13
right_child=1 -3 10 4 -6 6 -8 8 -10 -11 11 12 -14 -15
leaf_value=6.7961425062026167e-05 9.4897646578355838e-06 0.006102611279081592 3.6985725235714967e-09 2.6203312135579387e-05 -0.00012652616824092693 0.0010991233101275654 -0.0017424943980666381 -3.310816540185221e-05 -0.0050772714875959709 0.0008943276564738308 -6.2996827571214835e-05 -0.00072292187065322959 -0.00017022022084262338 0.0015175164300337603
leaf_weight=982.74713556095958 5194.6492894445546 89.769424013793468 73233.31907360442 13415.46197523782 8309.0247545067687 1132.077310310211 2385.0275345090777 285.16788439452648 132.74376019416377 261.31003725528717 14910.000475679757 397.72755855880678 4265.9332542270422 1882.2621282706968
leaf_count=4852 26133 175 245131 45642 30599 4386 9756 974 535 469 54526 1549 17311 7410
internal_value=-2.05271e-05 0.00271121 -0.000139462 -0.00130829 -0.0016314 -0.000548217 -0.00460415 0.0022101 -0.00881241 0.00531592 0.000192735 -0.00113733 0.00161455 0.00686075
internal_weight=126877 5284.42 121593 26903.6 25659.5 17350.5 3935.02 1549.99 417.912 1244.06 94689.2 21455.9 6545.92 2279.99
internal_count=449448 26308 423140 97213 91892 61293 15651 5895 1509 5321 325927 80796 26270 8959
is_linear=0
shrinkage=0.035


Tree=253
num_leaves=15
num_cat=0
split_feature=9 6 10 11 57 58 11 1 57 59 1 60 1 1
split_gain=33.5077 75.8304 59.5579 51.292 59.434 53.5791 51.525 50.5231 55.401 74.5181 114.15 67.1617 258.401 145.538
threshold=1.0178134853620422 7.6909189469034516 1.0016926163968651 1.0061784460713457 0.49863363449312798 10.947180865728646 1.2979557473496464 21.500000000000004 1.554525095392483 0.24284747324344283 18.500000000000004 -0.8140159405215136 19.500000000000004 13.500000000000002
decision_type=2 2 2 2 2 2 2 2 2 2 2 2 2 2
left_child=3 2 -2 -1 5 -5 7 8 11 10 -10 12 13 -6
right_child=1 -3 -4 4 6 -7 -8 -9 9 -11 -12 -13 -14 -15
leaf_value=-5.8969728145341683e-09 4.9961829020102605e-05 0.0006550038192288521 -5.3876155264109584e-05 -3.0079989466497897e-07 -0.00024152938781796441 -7.8492218587780749e-05 0.0035088391143253597 -0.00187907807831167 0.00038417147085454296 -0.00083417457891575282 -0.0036019879478910825 0.00047004318878466993 -0.0029311077500515045 0.0018257353377851442
leaf_weight=55491.78343740385 7196.0357737045269 4795.1283606151119 13478.93411835772 15371.629148891894 2745.2140256019775 706.62278687953949 224.1457557969261 275.81628137268126 6162.743650813587 3905.7619018461555 339.85149158537388 14114.514274064451 754.51246985117905 1314.5281189829111
leaf_count=181924 34232 10727 62107 57151 10337 639 885 1385 18593 17834 1316 44908 3066 4344
internal_value=-3.93081e-05 0.00109536 0.000174788 -0.00032438 0.000540912 -0.00117402 0.00146512 0.00133534 0.00147753 -0.000573265 0.00172148 0.00260491 -0.000963347 0.00254589
internal_weight=126877 25470.1 20675 101407 45915.3 16078.3 29837.1 29612.9 29337.1 10408.4 6502.6 18928.8 4814.25 4059.74
internal_count=449448 107066 96339 342382 160458 57790 102668 101783 100398 37743 19909 62655 17747 14681
is_linear=0
shrinkage=0.035


Tree=254
num_leaves=15
num_cat=0
split_feature=11 57 1 27 14 57 10 13 7 1 15 57 59 62
split_gain=32.7308 95.3014 82.1825 79.9191 79.0155 59.3292 49.481 67.5045 61.7938 54.9464 51.6881 50.6261 106.688 128.026
threshold=0.96968364371148541 1.2473703464118877 16.500000000000004 59.500000000000007 0.98774795522931602 0.052305983248172809 0.98024074289258989 0.98059582994863825 0.98536013441435477 9.5000000000000018 1.0000000180025095e-35 0.79467717542165772 0.11593352601052392 0.69583333333333319
decision_type=2 2 2 2 2 2 2 2 2 2 2 2 2 2
left_child=1 4 -3 -4 5 -1 8 9 -2 -8 -11 12 13 -9
right_child=6 2 3 -5 -6 -7 7 11 -10 10 -12 -13 -14 -15
leaf_value=-5.2096723235708895e-05 0.00010557435554212984 -0.00089285212343738572 -0.00071073020011996424 0.0012575737837897975 -1.3210883801460951e-05 0.0010085970685560287 1.5281604177374229e-05 -5.5884235200747035e-09 3.7528548734242307e-05 -0.00070755920377452695 -2.63986095845097e-06 0.00012364570969023767 3.4322013220321246e-09 -5.7698187082324183e-05
leaf_weight=202.82455976307392 1351.3738190331496 6464.5179121221881 1878.796545087127 1478.6147870384157 3874.4388403026387 1648.7097591497004 1887.5163806565106 16094.711670236196 5857.517568570096 3181.4264287389815 1439.435622792691 56581.976969690062 23098.964702508412 1836.3960300786421
leaf_count=681 5816 28360 6889 6810 15335 7638 5486 42821 28609 10320 5171 184818 95771 4923
internal_value=-3.91977e-05 -0.00154292 -0.00363378 0.000807606 0.00204368 0.00797026 0.000170927 -2.33514e-05 0.0029731 -0.00347184 -0.00552376 0.000206912 -0.000729019 -0.00275393
internal_weight=126877 15547.9 9821.93 3357.41 5725.97 1851.53 111329 104120 7208.89 6508.38 4620.86 97612 41030.1 17931.1
internal_count=449448 65713 42059 13699 23654 8319 383735 349310 34425 20977 15491 328333 143515 47744
is_linear=0
shrinkage=0.035


Tree=255
num_leaves=15
num_cat=0
split_feature=57 2 64 12 40 1 64 9 51 51 9 1 59 1
split_gain=32.498 50.1168 39.0874 33.9977 32.5355 57.7726 35.8186 31.1443 46.9523 48.1576 38.9018 59.3367 52.5201 47.7131
threshold=2.2392209024604219 2.5000000000000004 -0.064583333333333312 1.8345429119556795 5.150000000000003 9.5000000000000018 -0.11874999999999998 0.85174979223172576 0.91106682255889482 0.41281913716529522 1.0493287698751106 14.500000000000002 -0.10738035228456462 17.500000000000004
decision_type=2 2 2 2 2 2 2 2 2 2 2 2 2 2
left_child=3 -2 -3 4 7 -6 -7 -1 9 10 -9 -12 13 -13
right_child=1 2 -4 -5 5 6 -8 8 -10 -11 11 12 -14 -15
leaf_value=-0.0004769516298338366 5.7182963364476593e-05 0.0013198030037660075 -0.0021091883980137974 0.0021743296334680506 0.0004778211493858312 0.002252157969975542 -0.0038923314571175024 -3.7910244015182034e-11 0.0015479553090128569 -0.00033057514736504687 -6.8033186156825538e-07 0.0041351540243008489 0.00083209537029743663 -0.00060880891143001866
leaf_weight=1712.4544695359655 1864.7794009186327 189.80687125772238 1151.1706441121642 279.96445834124461 199.04156664758921 68.711957283318043 384.08109551295638 108119.97431135247 551.33224656502716 2041.3263242980465 5965.5792731288821 92.217693909304217 3818.385661297245 438.39562160731293
leaf_count=8241 6594 870 4558 1168 789 349 2002 366245 1983 9219 27613 358 17846 1613
internal_value=-2.63331e-05 -0.00349994 -0.00863339 6.39839e-05 3.58509e-05 -0.0077035 -0.0145152 7.75766e-05 0.000144074 9.70116e-05 0.000189085 0.00224172 0.00534576 -0.00490092
internal_weight=126877 3205.76 1340.98 123671 123392 651.835 452.793 122740 121027 120476 118435 10314.6 4349 530.613
internal_count=449448 12022 5428 437426 436258 3140 2351 433118 424877 422894 413675 47430 19817 1971
is_linear=0
shrinkage=0.035


Tree=256
num_leaves=15
num_cat=0
split_feature=11 57 1 59 14 57 14 23 21 57 10 13 1 2
split_gain=31.6823 88.0594 75.9939 74.7846 72.904 59.7056 46.2267 44.9064 44.8805 46.2728 44.4014 65.188 79.6454 77.3348
threshold=0.96968364371148541 1.2473703464118877 16.500000000000004 0.6254047815183511 0.98774795522931602 0.15062123699030633 0.98774795522931602 1.0000000180025095e-35 1.0000000180025095e-35 1.9260864644465359 0.98024074289258989 0.9868611173648858 13.500000000000002 3.5000000000000004
decision_type=2 2 2 2 2 2 2 2 2 2 2 2 2 2
left_child=1 4 6 7 5 -1 -3 -4 -5 -10 -2 12 -12 -14
right_child=10 2 3 8 -6 -7 -8 -9 9 -11 11 -13 13 -15
leaf_value=-3.2923757610106794e-05 5.8309765954563048e-05 -0.0013857929066279603 -5.8249109170390607e-05 0.0017326644904531784 -1.2624575141881841e-05 0.0013376171465828476 -0.00047837047642636737 -0.0025186373090306103 0.00086969661912788816 -0.0025199651427154296 1.1058612795876478e-05 1.9505492685134604e-09 -0.00021974695526967661 -0.001803497546542427
leaf_weight=399.90152329578996 7208.8913876032457 2885.7391992472112 1014.8289123240393 1244.5585098005831 3874.4388403026387 1451.6327956169844 3578.7787128749769 536.39801948517561 356.71065375208855 204.91523676365614 5198.2700046338141 92920.295678690542 4740.2877366282046 1261.5743847489357
leaf_count=1678 34425 13040 4242 5161 15335 6641 15320 1679 1891 726 15857 314635 15025 3793
internal_value=-2.32535e-05 -0.0015027 -0.00351254 0.000758398 0.00194496 0.00763773 -0.00572844 -0.00486134 0.00558506 -0.00259699 0.000183477 -5.61256e-07 -0.00252181 -0.00526513
internal_weight=126877 15547.9 9821.93 3357.41 5725.97 1851.53 6464.52 1551.23 1806.18 561.626 111329 104120 11200.1 6001.86
internal_count=449448 65713 42059 13699 23654 8319 28360 5921 7778 2617 383735 349310 34675 18818
is_linear=0
shrinkage=0.035


Tree=257
num_leaves=15
num_cat=1
split_feature=41 42 9 11 57 59 6 10 46 59 1 61 57 0
split_gain=31.5764 31.4714 29.8868 61.877 87.4803 106.937 61.0958 73.0787 50.7466 102.984 98.7797 118.168 167.681 58.1415
threshold=29.000000000000004 31.150000000000002 1.0110845129576875 0.9816665419398124 0.013088771449383139 0.63209755774300602 7.6909189469034516 1.0014389200050873 -1.1500000000000001 0.047320950113892181 17.500000000000004 4.6458333333333339 0.64842810681825791 0
decision_type=2 2 2 2 2 2 2 2 2 2 2 2 2 1
left_child=1 2 3 4 5 -1 7 -4 9 10 -5 13 -13 -12
right_child=-2 -3 6 8 -6 -7 -8 -9 -10 -11 11 12 -14 -15
leaf_value=4.3728135559709093e-05 -0.0050768477125082119 0.003516760576882029 5.256999193851637e-05 -1.5936093094496007e-09 -0.00027949541542827272 -6.1087936730362636e-05 0.00051269597609860241 -5.8663609811636907e-05 1.3094061504075111e-07 2.0510900658796404e-09 0.00025467480646254825 -0.00012475266764127199 -0.0036144775793299088 -0.00031614273295328698
leaf_weight=628.35676478990354 82.78600137680769 115.90040192753077 8642.4549029644113 8198.8768103905022 13303.387072610436 187.60495392978191 5948.0395203866065 14853.453511576168 46621.52462625457 23256.552859650925 1024.293304823339 915.1377152025234 1063.6449172878638 2035.2082325965166
leaf_count=1383 405 567 39749 23283 51613 690 13149 66946 142139 96881 1879 3088 3810 3866
internal_value=-2.6253e-05 -1.13161e-05 -2.86967e-05 -0.000324537 -0.00246585 0.00859185 0.000948055 0.000145284 3.94739e-05 -0.000937881 -0.00340108 -0.00725289 -0.0138965 -0.00292473
internal_weight=126877 126794 126679 97234.6 14119.3 815.962 29443.9 23495.9 83115.2 36493.7 13237.2 5038.28 1978.78 3059.5
internal_count=449448 449043 448476 328632 53686 2073 119844 106695 274946 132807 35926 12643 6898 5745
cat_boundaries=0 2
cat_threshold=2050 262144
is_linear=0
shrinkage=0.035


Tree=258
num_leaves=15
num_cat=0
split_feature=53 62 64 40 27 59 2 28 28 61 36 36 40 55
split_gain=39.8233 184.808 192.984 175.05 166.13 265.957 191.404 136.514 174.853 110.306 108.954 134.484 110.286 101.987
threshold=0.88562091503267981 0.81666666666666743 -0.30624999999999991 0.80000000000000127 46.500000000000007 0.77214943412548942 1.0000000180025095e-35 8.5000000000000018 11.500000000000002 21.477083333333336 17.150000000000002 19.750000000000004 0.19999999999999987 3.0000000000000004
decision_type=2 2 2 2 2 2 2 2 2 2 2 2 2 2
left_child=-1 2 -2 4 7 6 -6 13 -9 -8 12 -12 -10 -4
right_child=1 -3 3 -5 5 -7 9 8 10 -11 11 -13 -14 -15
leaf_value=9.5321167271662992e-07 -1.0551406716545656e-06 -1.393941273242273e-05 2.0971472129033222e-09 2.8682952779702604e-07 -3.3322183339810124e-08 -2.2003074200579419e-08 2.0575643538569407e-07 -6.5397623824306494e-08 -4.9500814173259398e-09 -7.9462064162497678e-06 8.9978299150009826e-08 -9.5919618012810397e-07 4.1721520923733793e-08 -1.5194192588760143e-08
leaf_weight=115467.75596657512 392.21880094707012 277.87725456617773 869.90026543289423 659.99161664536223 345.93141002953053 1526.1329878754914 1652.5642513670027 389.63353696092963 4149.87585857464 54.718822248280048 358.42713906988502 125.57554168254137 488.93542860797606 117.68271518498659
leaf_count=407179 1974 940 2602 2774 1307 6776 6794 1108 12946 330 1489 480 1907 842
internal_value=-8.99658e-05 -0.00206164 -0.00134438 -0.000452503 -0.00160251 0.0044449 0.0126443 -0.00493433 -0.00708082 0.0174412 -0.00532979 0.0103248 -0.00698186 0.0069977
internal_weight=126877 11409.5 11131.6 10739.4 10079.4 3579.35 2053.21 6500.03 5512.45 1707.28 5122.81 484.003 4638.81 987.583
internal_count=449448 42269 41329 39355 36581 15207 8431 21374 17930 7124 16822 1969 14853 3444
is_linear=0
shrinkage=0.035


Tree=259
num_leaves=15
num_cat=0
split_feature=53 62 64 40 46 60 36 39 28 59 39 36 39 61
split_gain=35.7612 186.275 193.795 170.32 141.524 203.659 158.602 171.256 254.879 166.972 125.959 119.278 172.793 118.689
threshold=0.88562091503267981 0.81666666666666743 -0.30624999999999991 0.80000000000000127 -1.7000000000000002 0.94968266440323645 21.350000000000005 9.3500000000000032 52.500000000000007 -1.0000000180025095e-35 5.7500000000000009 17.350000000000005 13.250000000000002 20.943750000000005
decision_type=2 2 2 2 2 2 2 2 2 2 2 2 2 2
left_child=-1 2 -2 4 6 -6 7 10 9 -9 -4 12 -11 -12
right_child=1 -3 3 -5 5 -7 -8 8 -10 11 13 -13 -14 -15
leaf_value=9.1984926417154836e-07 -1.0182107481466558e-06 -1.3451533286787936e-05 1.8060149206432974e-09 2.7679049432413015e-07 -6.1455418376843085e-09 -5.2768751391910721e-08 -5.0359067251571916e-06 1.1189425199486032e-06 9.486127649141522e-07 -9.8017530241355633e-09 -4.7696889281859411e-09 8.9408603342948969e-08 3.619947480723798e-08 5.3633766104030542e-08
leaf_weight=115467.75596657512 392.21880094707012 277.87725456617773 1736.4680634513497 659.99161664536223 2470.0478964934591 414.95211654156446 337.60419050231576 234.55810035020113 664.35368498042226 735.18436267506331 2678.6166099654511 279.38394987210631 163.32608436699957 364.88289783522487
leaf_count=407179 1974 940 6541 2774 7326 1107 1505 638 2788 3091 10108 1057 650 1770
internal_value=-8.37511e-05 -0.00195217 -0.00123217 -0.00033853 -0.001473 -0.00800791 0.00115503 0.00232106 0.0106868 0.00221859 -0.00132842 -0.00321946 -0.00942799 -0.0056138
internal_weight=126877 11409.5 11131.6 10739.4 10079.4 2885 7194.38 6856.77 2076.81 1412.45 4779.97 1177.89 898.51 3043.5
internal_count=449448 42269 41329 39355 36581 8433 28148 26643 8224 5436 18419 4798 3741 11878
is_linear=0
shrinkage=0.035


Tree=260
num_leaves=15
num_cat=0
split_feature=53 64 62 40 46 36 60 39 60 2 36 59 27 63
split_gain=33.838 182.809 174.771 151.057 139.285 135.956 142.015 249.089 100.946 84.5326 85.8195 224.265 166.122 245.516
threshold=0.88562091503267981 -0.30624999999999991 0.81666666666666743 0.80000000000000127 -0.40000000000000119 22.750000000000004 0.99370977118463066 12.050000000000002 0.98367285631203072 5.5000000000000009 17.450000000000003 0.81900730237416519 52.500000000000007 0.060416666666666681
decision_type=2 2 2 2 2 2 2 2 2 2 2 2 2 2
left_child=-1 -2 3 4 5 6 8 -8 9 10 11 12 -3 -14
right_child=1 2 -4 -5 -6 -7 7 -9 -10 -11 -12 -13 13 -15
leaf_value=8.876545399255415e-07 -9.8822147741538686e-07 -5.7914790132974232e-10 -1.2980729621750359e-05 2.671028270227856e-07 -2.1557214453756914e-08 -1.8758384820211028e-05 -5.1412993559833206e-09 1.0497895059728608e-06 9.3544718976990218e-07 3.3714488272594482e-08 7.5959876916634915e-08 -1.9020262656621809e-08 1.6006321029329841e-07 -5.6176823665302009e-08
leaf_weight=115467.75596657512 394.26571344584227 3852.8236413835548 275.83034206740558 659.99161664536223 1080.6878810189664 177.45815970748663 526.0765467658639 107.46964954584837 201.92429948598146 527.31749881966971 1044.8532888405025 1406.3419140726328 887.06478866934776 267.36028872430325
leaf_count=407179 1987 12359 927 2774 2563 849 1740 303 758 3407 4257 5695 3474 1176
internal_value=-8.19241e-05 -0.0018994 -0.00105007 -0.000330849 -0.00139923 3.24291e-05 0.000658483 -0.0151744 0.00190061 0.00126629 0.000299959 -0.00121982 0.00225412 0.0138392
internal_weight=126877 11409.5 11015.2 10739.4 10079.4 8998.69 8821.23 633.546 8187.69 7985.76 7458.44 6413.59 5007.25 1154.43
internal_count=449448 42269 40282 39355 36581 34018 33169 2043 31126 30368 26961 22704 17009 4650
is_linear=0
shrinkage=0.035


Tree=261
num_leaves=15
num_cat=0
split_feature=53 64 62 39 60 27 36 36 59 27 64 28 41 62
split_gain=58.6584 170.22 162.498 159.537 279.859 203.649 122.314 130.99 174.134 225.882 235.249 152.016 145.929 132.581
threshold=0.88562091503267981 -0.30624999999999991 0.81666666666666743 12.050000000000002 0.98927755889796032 19.500000000000004 22.750000000000004 17.450000000000003 0.8140385552266387 52.500000000000007 -0.060416666666666667 59.500000000000007 1.0000000180025095e-35 -4.3708333333333336
decision_type=2 2 2 2 2 2 2 2 2 2 2 2 2 2
left_child=-1 -2 3 4 6 -5 7 8 9 12 -11 -9 13 -3
right_child=1 2 -4 5 -6 -7 -8 11 -10 10 -12 -13 -14 -15
leaf_value=8.5658663102814921e-07 -9.5363372570584813e-07 7.0325971255279627e-10 -1.2526404084989097e-05 -4.8322030253457838e-08 -5.6175576031448677e-09 3.628562528492488e-07 -1.8101841351503642e-05 8.8643618982145952e-08 -1.9344281041210632e-08 -5.4210634837016436e-08 1.493396004766961e-07 -2.0999915509496142e-05 1.1764764477205813e-08 -6.8939918852308948e-09
leaf_weight=115467.75596657512 394.26571344584227 570.79213917255402 275.83034206740558 605.70475888624787 610.76604683697224 980.12417133641429 174.15740970522165 1030.7143885195255 1211.7540766000748 267.36028872430325 965.46653964370489 87.601433090865612 1707.9143441845663 2527.0139769790694
leaf_count=407179 1987 1814 927 2320 2225 3670 830 4574 5166 1176 4087 405 5422 7666
internal_value=-0.000142212 -0.00253515 -0.00171491 -0.00102073 -0.00279838 0.00919326 -0.00114819 -0.000526663 -0.00225022 0.000187613 0.0134903 0.0105685 -0.0032459 -0.00776564
internal_weight=126877 11409.5 11015.2 10739.4 9153.54 1585.83 8542.77 8368.62 7250.3 6038.55 1232.83 1118.32 4805.72 3097.81
internal_count=449448 42269 40282 39355 33365 5990 31140 30310 25331 20165 5263 4979 14902 9480
is_linear=0
shrinkage=0.035


Tree=262
num_leaves=15
num_cat=0
split_feature=53 64 62 39 60 28 46 28 60 37 46 41 27 41
split_gain=57.1299 166.462 161.305 151.243 237.656 137.568 161.51 137.175 125.979 156.085 125.543 114.823 93.6215 92.9064
threshold=0.88562091503267981 -0.30624999999999991 0.81666666666666743 9.6500000000000004 0.97690230611205509 52.500000000000007 -1.6000000000000008 5.5000000000000009 0.91925191855388755 0.15000000000000005 -0.54999999999999882 0.60000000000000175 3.5000000000000004 0.25000000000000117
decision_type=2 2 2 2 2 2 2 2 2 2 2 2 2 2
left_child=-1 -2 3 4 8 7 -7 -5 9 10 -3 -8 -9 -10
right_child=1 2 -4 5 -6 6 11 12 13 -11 -12 -13 -14 -15
leaf_value=8.2660609894216655e-07 -9.2025654530614346e-07 -1.2928894523468951e-09 -1.2087979942014478e-05 6.9522983541885689e-07 -6.6261462396932174e-09 9.6400122215600482e-07 -2.583886680370846e-08 -6.1863294165458579e-08 2.9484180866347216e-09 4.9295757887524406e-07 -1.3287359485252219e-08 1.4415115905125163e-07 -1.9010778768956018e-09 -1.738142489138129e-09
leaf_weight=115467.75596657512 394.26571344584227 5320.359641415067 275.83034206740558 351.96714699268341 621.35428298264742 581.46690339408815 345.67162297293544 218.71231258660555 320.10540886223316 173.36619627848268 671.81794367730618 378.40011148876511 1596.1722823623568 159.97572066634893
leaf_count=407179 1987 20420 927 1373 2186 2478 1399 618 866 712 1116 1511 6219 457
internal_value=-0.000142729 -0.00250429 -0.00169315 -0.00100154 -0.0038713 0.00499814 0.0139261 -0.00042027 -0.00191873 -0.0032715 -0.00423825 0.00280135 -0.00432239 0.0151666
internal_weight=126877 11409.5 11015.2 10739.4 7266.98 3472.39 1305.54 2166.85 6645.62 6165.54 5992.18 724.072 1814.88 480.081
internal_count=449448 42269 40282 39355 25757 13598 5388 8210 23571 22248 21536 2910 6837 1323
is_linear=0
shrinkage=0.035


Tree=263
num_leaves=15
num_cat=0
split_feature=53 40 62 25 60 36 64 44 62 39 42 63 36 59
split_gain=60.0987 153.503 145.452 250.399 122.68 123.069 104.535 103.175 111.911 101.833 123.044 99.7566 97.5077 159.459
threshold=0.88562091503267981 0.4500000000000009 -0.34374999999999906 1.0000000180025095e-35 0.98927755889796032 22.750000000000004 -0.30624999999999991 0.31500000000000011 -1.3041666666666667 10.950000000000001 0.29999999999999855 0.14166666666666669 17.450000000000003 0.8140385552266387
decision_type=2 2 2 2 2 2 2 2 2 2 2 2 2 2
left_child=-1 2 4 9 5 6 -2 -3 -9 -4 -11 -5 13 -8
right_child=1 7 3 11 -6 -7 12 8 -10 10 -12 -13 -14 -15
leaf_value=7.976748854791937e-07 -3.6978438237818886e-07 1.9414795729077908e-07 -2.0158539873261367e-05 1.0437976106652066e-06 -2.9061402100449279e-09 -1.7468210366475321e-05 5.3371120752450436e-10 -3.5662620209275071e-07 4.4669159442137066e-08 4.249020095111237e-07 -2.8233073436884377e-05 -2.7867472559900135e-07 7.0244005691009725e-08 -1.6736940216734086e-08
leaf_weight=115467.75596657512 284.13229459524155 737.00249725510366 734.10019464418292 205.02539914101362 562.09725626558065 173.58678749203682 5496.7858876255341 121.58228721469641 144.36976703256369 107.86961030960083 141.05960911419243 172.56524711847305 1088.0695422068238 1441.2192491777241
leaf_count=407179 1473 2981 1881 301 1979 823 19534 467 479 381 514 639 4809 6008
internal_value=-0.000153022 -0.00257516 -0.00383801 -0.0144646 -0.00222542 -0.00116613 -0.000539287 0.0104365 -0.00803167 -0.0237035 -0.00414515 0.0095792 0.000211471 -0.00132052
internal_weight=126877 11409.5 10406.5 1360.62 9045.89 8483.79 8310.21 1002.95 265.952 983.029 248.929 377.591 8026.07 6938.01
internal_count=449448 42269 38342 3716 34626 32647 31824 3927 946 2776 895 940 30351 25542
is_linear=0
shrinkage=0.035


Tree=264
num_leaves=15
num_cat=0
split_feature=36 46 64 36 1 59 1 28 1 59 14 59 6 1
split_gain=30.5646 70.1762 42.755 40.3909 204.18 198.838 120.172 407.331 442.322 213.306 203.498 142.384 119.578 119.342
threshold=28.250000000000004 2.5499999999999998 -0.0083333333333333436 17.850000000000005 17.500000000000004 0.45972848220565493 19.500000000000004 56.500000000000007 22.500000000000004 0.064507852084056461 1.1694833628063137 0.64534213713577271 4.2976196645665841 17.500000000000004
decision_type=2 2 2 2 2 2 2 2 2 2 2 2 2 2
left_child=3 2 -2 6 -5 -6 11 9 10 -8 -9 -1 -11 -13
right_child=1 -3 -4 4 5 -7 7 8 -10 12 -12 13 -14 -15
leaf_value=4.2356718058288734e-08 -0.002055054859547547 -0.0015836575446083673 0.0018429842287553677 -5.1931633170124905e-07 -0.0009946121952334277 0.00094658428445203993 -0.00018991377883284774 -0.00090081362070757354 0.00020149821684771694 -0.00070144360342193021 -0.0026078929103020348 -6.2690409709202703e-08 0.00047357641670606535 0.0016328263485434235
leaf_weight=62958.016902470961 112.89780073240399 1016.2758000977337 406.44980033114552 20554.216391149908 1132.6751999370754 7050.604302816093 4543.0051911473274 2712.2919799189549 1587.6131011121906 255.05012260377407 1825.0762224539649 16334.707002598792 5309.8194793760777 1078.5222990214825
leaf_count=192650 729 4410 1656 86985 4482 29736 8208 10645 6120 2053 6725 69867 20322 4860
internal_value=-5.28109e-05 -0.00494456 0.0054526 7.51011e-06 0.00115923 0.00583121 -0.000335185 -0.00308099 -0.0101954 0.0012359 -0.01575 0.000219708 0.00582513 -0.00258052
internal_weight=126877 1535.62 519.348 125342 28737.5 8183.28 96604.1 16232.9 6124.98 10107.9 4537.37 80371.2 5564.87 17413.2
internal_count=449448 6795 2385 442653 121203 34218 321450 54073 23490 30583 17370 267377 22375 74727
is_linear=0
shrinkage=0.035


Tree=265
num_leaves=15
num_cat=0
split_feature=53 64 60 28 63 36 64 64 61 59 36 39 41 49
split_gain=43.1457 154.426 174.936 170.286 152.62 150.416 129.53 126.602 93.0105 155.577 143.506 123.002 98.7723 110.689
threshold=0.88562091503267981 -0.30624999999999991 0.78827585631460528 9.5000000000000018 0.21458333333333338 22.750000000000004 0.025000000000000019 -1.0000000180025095e-35 15.047916666666667 0.85206963063867758 17.350000000000005 3.3500000000000001 1.0000000180025095e-35 0.97500000000000009
decision_type=2 2 2 2 2 2 2 2 2 2 2 2 2 2
left_child=-1 -2 5 7 -5 6 8 -4 11 -10 -11 -3 13 -13
right_child=1 2 3 4 -6 -7 -8 -9 9 10 -12 12 -14 -15
leaf_value=6.997719012942191e-07 -5.9175973572495596e-07 1.9950483507042679e-08 5.9880915342721446e-07 -3.9826342410615186e-09 6.7136131411715207e-07 -1.6838646932039142e-05 1.5081848939716586e-07 -7.1333330953013589e-10 1.0612141648424839e-07 -1.6700651245191123e-08 6.3079080229002826e-08 7.6040225075948073e-07 2.3449184155021465e-09 -1.303897117257765e-08
leaf_weight=115467.75596657512 394.26571344584227 316.09423560276628 290.78758776187897 2256.7117895837873 166.55733965337276 177.45815970748663 696.01788873178884 618.26253094524145 1601.8694327957928 1128.1809090860188 744.46074581891298 210.44619012624025 1356.9077896124218 1451.4453163212165
leaf_count=407179 1987 1079 730 6946 590 849 2907 1561 7040 4570 3130 809 4903 5168
internal_value=-0.00012592 -0.00217819 -0.00139716 -0.00808176 -0.0129132 0.00150891 0.00227944 0.0047978 0.000798684 0.0047995 -0.00205162 -0.00337151 -0.00556127 -0.0112558
internal_weight=126877 11409.5 11015.2 3332.32 2423.27 7682.88 7505.42 909.05 6809.4 3474.51 1872.64 3334.89 3018.8 1661.89
internal_count=449448 42269 40282 9827 7536 30455 29606 2291 26699 14740 7700 11959 10880 5977
is_linear=0
shrinkage=0.035


Tree=266
num_leaves=15
num_cat=0
split_feature=53 64 60 40 28 36 63 61 39 28 36 25 36 46
split_gain=60.3109 147.976 162.419 152.089 136.652 128.544 108.321 106.96 132.985 120.129 129.845 101.55 99.6526 102.896
threshold=0.88562091503267981 -0.30624999999999991 0.78827585631460528 0.20000000000000184 9.5000000000000018 22.750000000000004 0.21458333333333338 15.062500000000002 3.3500000000000001 40.500000000000007 17.350000000000005 1.0000000180025095e-35 19.750000000000004 -2.8499999999999988
decision_type=2 2 2 2 2 2 2 2 2 2 2 2 2 2
left_child=-1 -2 3 5 -4 7 -6 8 11 10 -9 -3 13 -12
right_child=1 2 4 -5 6 -7 -8 9 -10 -11 12 -13 -14 -15
leaf_value=6.7527988474892144e-07 -5.7104814497458252e-07 1.1211462707121753e-07 5.3945466260812302e-10 1.8059164652466086e-07 -3.8432420426243658e-09 -1.6249294289417769e-05 6.4786366812305176e-07 -1.3460732545995474e-08 -1.0003062518347968e-08 1.094694101236441e-07 1.0428541073344991e-07 -2.1459481094856793e-08 -5.8249158485272744e-07 -3.6092518494286026e-08
leaf_weight=115467.75596657512 394.26571344584227 252.17873511090875 909.05011870712042 952.66218814370222 2256.7117895837873 177.45815970748663 166.55733965337276 1204.6467945612967 2819.0394961382262 1478.7511366046965 418.87197758629918 63.915500491857529 241.86710512638092 73.489574331790209
leaf_count=407179 1987 850 2291 3972 6946 849 590 4932 10067 6478 1745 229 1022 311
internal_value=-0.000165338 -0.00259175 -0.00182675 0.000973961 -0.00826758 -0.000885973 -0.0125946 -6.83516e-05 -0.00472928 0.00420864 -0.00152553 0.0164647 0.00999504 0.018907
internal_weight=126877 11409.5 11015.2 7682.88 3332.32 6730.22 2423.27 6552.76 3135.13 3417.63 1938.88 316.094 734.229 492.362
internal_count=449448 42269 40282 30455 9827 26483 7536 25634 11146 14488 8010 1079 3078 2056
is_linear=0
shrinkage=0.035


Tree=267
num_leaves=15
num_cat=0
split_feature=53 40 62 64 60 36 28 39 42 41 39 64 64 39
split_gain=58.0539 146.137 141.746 130.367 145.263 141.514 128.657 97.5225 148.854 132.507 111.776 101.939 91.5453 98.0145
threshold=0.88562091503267981 0.80000000000000127 0.81666666666666743 -0.30624999999999991 0.78827585631460528 22.750000000000004 9.5000000000000018 9.6500000000000004 0.099999999999998659 0.20000000000000176 1.8500000000000003 -0.04374999999999999 -0.016666666666666673 12.050000000000002
decision_type=2 2 2 2 2 2 2 2 2 2 2 2 2 2
left_child=-1 2 3 -2 5 7 12 10 -9 -10 -5 -11 -6 -14
right_child=1 -3 -4 4 6 -7 -8 8 9 11 -12 -13 13 -15
leaf_value=6.5164508878270917e-07 -5.5106145990047221e-07 2.5178393168434366e-07 -2.724639226597282e-05 6.487343088636295e-08 5.5176564731915858e-07 -1.5680568989288149e-05 -3.3331511568905466e-09 1.9544102691726479e-07 -2.3243376921731227e-08 -4.4334100461152372e-09 -6.5862807809733119e-09 8.56872942753862e-08 -1.4270391571995778e-09 9.7011324716072484e-07
leaf_weight=115467.75596657512 388.92377746105194 719.68931392719969 221.47458077035844 211.59856831282377 154.83972710371017 177.45815970748663 2185.4673358108848 550.26538154110312 459.58708673715591 414.78136990382336 4621.9417649330571 643.67245635623112 576.87880653887987 82.887300089001656
leaf_count=407179 1955 3020 713 659 369 849 6655 2193 1881 1661 18044 2604 1421 245
internal_value=-0.000162856 -0.00254343 -0.00357491 -0.00297289 -0.00219392 0.000543788 -0.00863448 0.00135682 0.0076975 0.00199327 -0.00136669 0.00879171 0.00320922 -0.00258246
internal_weight=126877 11409.5 10689.8 10468.3 10079.4 7079.3 3000.07 6901.85 2068.31 1518.04 4833.54 1058.45 814.606 659.766
internal_count=449448 42269 39249 38536 36581 27891 8690 27042 8339 6146 18703 4265 2035 1666
is_linear=0
shrinkage=0.035


Tree=268
num_leaves=15
num_cat=0
split_feature=52 40 45 63 36 27 59 61 40 1 63 1 59 1
split_gain=63.6559 119.092 116.016 111.733 112.182 144.919 127.812 145.088 131.89 135.796 103.592 95.4421 95.3255 125.672
threshold=0.081869826854312558 0.80000000000000127 0.52500000000000024 0.31875000000000003 22.750000000000004 41.500000000000007 -0.58429276287313703 20.975000000000005 0.1000000000000001 1.5000000000000002 0.14791666666666672 3.5000000000000004 0.85206963063867758 2.5000000000000004
decision_type=2 2 2 2 2 2 2 2 2 2 2 2 2 2
left_child=1 2 3 4 5 6 -1 8 9 -8 11 -11 13 -7
right_child=-2 -3 -4 -5 -6 12 7 -9 -10 10 -12 -13 -14 -15
leaf_value=1.0914301675755684e-07 1.3142399268514026e-06 2.4297149407539168e-07 -3.4491533554390895e-08 -6.3915111664472228e-07 -1.5147557921945254e-05 1.7398394524409101e-07 2.3013675110871034e-07 4.181139950467495e-08 2.6670762366233559e-08 -5.2310207751068745e-09 1.1618494064692797e-08 -2.9812666070886172e-08 -1.3566126988932149e-08 7.1087086421818809e-09
leaf_weight=1051.0434199124575 113710.8647891928 804.17099458887242 446.50194611400366 401.17424818873405 211.83617335557938 1338.0567525431979 319.93477221392095 486.60134579986334 809.15762177598663 3547.1550660105422 141.50502900034189 730.70042414357886 1221.4193019717932 1657.0997109562159
leaf_count=1236 400855 3462 1302 2126 1012 5790 2029 2080 3118 11205 565 2547 5502 6619
internal_value=-0.00017682 -0.00247976 -0.00333132 -0.00266553 -0.00202349 -0.00153831 -0.00459307 -0.00655448 -0.008165 -0.010392 -0.0119889 -0.0129726 0.00359404 0.00694815
internal_weight=126877 13166.4 12362.2 11915.7 11514.5 11302.7 7086.1 6035.05 5548.45 4739.3 4419.36 4277.86 4216.58 2995.16
internal_count=449448 48593 45131 43829 41703 40691 22780 21544 19464 16346 14317 13752 17911 12409
is_linear=0
shrinkage=0.035


Tree=269
num_leaves=15
num_cat=0
split_feature=53 62 39 60 21 27 64 53 36 36 28 62 27 21
split_gain=70.2477 142.612 156.841 159.513 154.69 161.904 128.286 118.138 116.105 142.431 147.971 132.849 188.557 126.099
threshold=0.88562091503267981 0.81666666666666743 11.950000000000001 0.98927755889796032 1.0000000180025095e-35 7.5000000000000009 -0.31041666666666651 0.98750000000000016 22.750000000000004 17.450000000000003 59.500000000000007 -0.67708333333333381 46.500000000000007 1.0000000180025095e-35
decision_type=2 2 2 2 2 2 2 2 2 2 2 2 2 2
left_child=-1 2 3 6 5 -4 -2 -7 9 11 -11 12 -8 -13
right_child=1 -3 4 -5 -6 7 8 -9 -10 10 -12 13 -14 -15
leaf_value=5.9163698115191894e-07 -8.2343220191702799e-07 -1.1702094102340042e-05 -5.0539824673326453e-08 -5.57474189582872e-09 -9.4507122145651729e-08 -5.6702709007801727e-09 -3.2232435676358592e-09 4.2814400083507975e-07 -1.4601584547394978e-05 9.1633693856756472e-08 -1.9548712212265665e-05 4.8439604380416484e-07 1.8212061815261166e-08 -2.5303268394803244e-05
leaf_weight=115467.75596657512 327.70875611528754 277.87725456617773 265.25813505798578 610.76604683697224 340.07625694014132 281.46557351201773 3986.3009416810237 766.65108700771816 174.15740970522165 1072.9865555875003 87.601433090865612 849.06516567245126 2069.7468896657228 299.80412375368178
leaf_count=407179 1685 940 776 2225 1606 1107 13737 2802 830 4765 405 1888 8688 815
internal_value=-0.000191597 -0.00281028 -0.00217924 -0.00391548 0.00773716 0.0131726 -0.00271147 0.0193212 -0.00187249 -0.00126579 0.0100607 -0.00310171 -0.00517244 0.00776418
internal_weight=126877 11409.5 11131.6 9478.14 1653.45 1313.37 8867.37 1048.12 8539.66 8365.51 1160.59 7204.92 6056.05 1148.87
internal_count=449448 42269 41329 35038 6291 4685 32813 3909 31128 30298 5170 25128 22425 2703
is_linear=0
shrinkage=0.035


Tree=270
num_leaves=15
num_cat=0
split_feature=52 27 59 1 2 2 46 36 53 1 1 60 36 61
split_gain=59.364 111.366 186.947 125.409 127.109 96.9168 151.969 151.852 148.905 118.22 140.619 117.866 102.336 82.4659
threshold=0.081869826854312558 44.500000000000007 0.76109721063455271 2.5000000000000004 1.0000000180025095e-35 1.5000000000000002 -1.1000000000000008 17.450000000000003 0.98750000000000016 3.5000000000000004 1.5000000000000002 -0.99626127116974506 19.750000000000004 -7.029166666666665
decision_type=2 2 2 2 2 2 2 2 2 2 2 2 2 2
left_child=1 5 3 4 -3 6 -1 9 -8 10 -7 -12 -9 -13
right_child=-2 2 -4 -5 -6 7 8 12 -10 -11 11 13 -14 -15
leaf_value=-1.7274477239764988e-09 1.2475342350712849e-06 -3.71700551233225e-08 -3.4448439466673957e-08 1.5543716640054123e-08 2.6718113743617346e-07 2.4428648390803015e-07 -4.1782741218494076e-07 7.6495810213366618e-08 2.371598499708096e-07 4.721561152022553e-08 7.2488551283301339e-07 2.0935900483141997e-09 -1.8959804585542914e-06 -9.7844536484687464e-09
leaf_weight=1877.3509918898344 113710.8647891928 221.59518784284592 1933.5325918309391 1486.2299829535186 1046.0651591680944 343.25371362827718 236.35450553894043 255.67654670774937 509.78500430285931 1121.7352595345583 141.8250214480795 305.56379956007004 98.140567012131214 3589.2484751571901
leaf_count=6108 400855 871 9044 5891 4584 2146 624 1155 1121 3596 608 450 401 11994
internal_value=-0.000170518 -0.00239446 0.00193218 0.00777742 0.0158186 -0.00478583 0.000803062 -0.00728699 0.0140584 -0.00872229 -0.0113136 -0.0131434 0.0146572 -0.0142944
internal_weight=126877 13166.4 4687.42 2753.89 1267.66 8478.93 2623.49 5855.44 746.14 5501.63 4379.89 4036.64 353.817 3894.81
internal_count=449448 48593 20390 11346 5455 28203 7853 20350 1745 18794 15198 13052 1556 12444
is_linear=0
shrinkage=0.035


Tree=271
num_leaves=15
num_cat=0
split_feature=52 36 27 59 62 62 21 36 1 62 11 1 2 1
split_gain=55.681 109.306 147.584 129.373 121.347 180.116 183.755 166.681 154.55 122.068 120.806 111.362 125.462 99.348
threshold=0.081869826854312558 22.750000000000004 46.500000000000007 0.85206963063867758 -0.67708333333333381 0.81666666666666743 1.0000000180025095e-35 17.250000000000004 1.5000000000000002 -0.34374999999999906 1.000035558356769 2.5000000000000004 1.0000000180025095e-35 3.5000000000000004
decision_type=2 2 2 2 2 2 2 2 2 2 2 2 2 2
left_child=1 2 4 11 7 6 10 8 -1 -8 -6 12 -4 -10
right_child=-2 -3 3 -5 5 -7 9 -9 13 -11 -12 -13 -14 -15
leaf_value=2.6299044069833092e-07 1.20387053684379e-06 -1.4105132240137013e-05 -3.8210896089977567e-08 -1.4691104764161686e-08 5.3836947077619792e-07 -1.12924603480878e-05 1.5320234754787486e-06 4.2453740886174665e-08 -4.3889863915743377e-09 -2.4477070119213146e-05 -7.9472838122365312e-08 1.4999686557652228e-08 1.726661992298849e-07 3.6489468317221853e-08
leaf_weight=357.78477349318564 113710.8647891928 215.22041364014149 214.33513279259205 1443.8071198575199 952.62035197764635 431.45623051933944 175.44646476954222 492.13060433417559 4703.1357215908356 329.13750790152699 409.68891971139237 1539.8710327520967 1059.9192502722144 841.80328296287917
leaf_count=2271 400855 1031 888 6703 2164 1311 718 2106 15338 779 1147 6298 4732 3107
internal_value=-0.000165464 -0.00231932 -0.00189742 0.00343584 -0.00451059 0.00237943 0.00710105 -0.00698676 -0.00862194 -0.010793 0.0137592 0.00779644 0.0154075 -0.010065
internal_weight=126877 13166.4 12951.1 4257.93 8693.2 2298.35 1866.89 6394.85 5902.72 504.584 1362.31 2814.13 1274.25 5544.94
internal_count=449448 48593 47562 18621 28941 6119 4808 22822 20716 1497 3311 11918 5620 18445
is_linear=0
shrinkage=0.035


Tree=272
num_leaves=15
num_cat=0
split_feature=52 27 59 1 59 61 46 2 62 36 53 28 63 53
split_gain=58.7559 113.694 155.89 129.212 94.3307 135.604 126.486 161.645 89.121 83.0988 83.5463 81.0744 120.197 117.778
threshold=0.081869826854312558 41.500000000000007 0.76109721063455271 2.5000000000000004 -0.34156760613242326 20.975000000000005 -0.54999999999999882 1.5000000000000002 0.54791666666666583 22.750000000000004 0.98750000000000016 9.5000000000000018 0.21458333333333338 0.98750000000000016
decision_type=2 2 2 2 2 2 2 2 2 2 2 2 2 2
left_child=1 4 3 8 6 11 -1 -8 -3 10 -4 -6 13 -13
right_child=-2 2 9 -5 5 -7 7 -9 -10 -11 -12 12 -14 -15
leaf_value=1.8520873763401188e-09 1.1617350680542567e-06 1.9666666340937999e-07 -2.2508281350943366e-07 3.1562606566679967e-11 -1.2994231107415367e-09 3.0246252789940352e-08 4.5034483357408315e-07 -2.4418056391354072e-08 -1.9748787213152847e-05 -1.3595643764450027e-05 4.6189504886830077e-09 -7.9457318794238611e-08 3.1023857616147733e-07 -7.572378133219095e-09
leaf_weight=1674.0031749140471 113710.8647891928 1356.719238120364 650.39405505359173 1662.4535650387406 987.18629121780396 511.01844566315413 253.24594196677208 1042.3516019042581 54.043131075799465 199.85046928375959 1083.2880674935877 1184.962684069993 242.80470509827137 2264.0354356749449
leaf_count=4069 400855 5758 3064 6492 4403 2218 426 2146 245 970 5010 4602 842 8348
internal_value=-0.000175202 -0.00238773 0.00176221 0.00665269 -0.00493318 -0.00777529 4.34395e-05 -0.00813287 0.0144032 -0.0060051 -0.00346571 -0.00964601 -0.0120227 -0.0137013
internal_weight=126877 13166.4 5006.75 3073.22 8159.61 5190.01 2969.6 1295.6 1410.76 1933.53 1733.68 4678.99 3691.8 3449
internal_count=449448 48593 21539 12495 27054 20413 6641 2572 6003 9044 8074 18195 13792 12950
is_linear=0
shrinkage=0.035


Tree=273
num_leaves=15
num_cat=0
split_feature=52 36 27 59 1 2 61 59 46 2 64 60 1 42
split_gain=52.8337 109.797 136.188 108.578 111.572 102.497 90.2201 112.913 107.164 152.908 77.8327 84.0222 77.4506 69.1361
threshold=0.081869826854312558 22.750000000000004 44.500000000000007 0.85206963063867758 2.5000000000000004 1.0000000180025095e-35 20.975000000000005 -0.34156760613242326 -0.54999999999999882 1.5000000000000002 -0.19374999999999995 0.98927755889796032 1.5000000000000002 4.1500000000000012
decision_type=2 2 2 2 2 2 2 2 2 2 2 2 2 2
left_child=1 2 6 4 5 -4 7 8 -1 -10 -7 -12 -9 -6
right_child=-2 -3 3 -5 13 10 -8 12 9 -11 11 -13 -14 -15
leaf_value=1.7872643181682146e-09 1.1210743406723585e-06 -1.3135605079976465e-05 -4.1177303282967184e-08 -1.3721510792896747e-08 -2.0157809761807397e-08 -1.0150295686005377e-07 3.1918968100892992e-08 1.6596444526690904e-07 4.345827643989902e-07 -2.3563424417656677e-08 2.7460616474035905e-07 -3.2822037067433196e-08 -6.798294813346304e-09 3.2518415030922714e-07
leaf_weight=1674.0031749140471 113710.8647891928 215.22041364014149 242.61433227360249 1443.8071198575199 1458.8778801634908 95.931865219026804 502.31610133498907 337.12806059792638 253.24594196677208 1042.3516019042581 972.28337074443698 62.594228662550449 4655.0349596987944 210.9477555975318
leaf_count=4069 400855 1031 972 6703 5871 463 2178 2343 426 2146 4302 249 16985 855
internal_value=-0.000167263 -0.00226532 -0.00184252 0.0030824 0.00682546 0.0141762 -0.00445393 -0.00536447 4.15874e-05 -0.00748435 0.0185767 0.021365 -0.00857393 0.000731113
internal_weight=126877 13166.4 12951.1 4487.06 3043.25 1373.42 8464.08 7961.76 2969.6 1295.6 1130.81 1034.88 4992.16 1669.83
internal_count=449448 48593 47562 19415 12712 5986 28147 25969 6641 2572 5014 4551 19328 6726
is_linear=0
shrinkage=0.035


Tree=274
num_leaves=15
num_cat=0
split_feature=40 1 1 28 62 57 21 1 60 1 1 57 61 1
split_gain=37.2411 180.653 75.9689 161.888 66.1594 137.805 196.716 100.862 95.1226 493.62 298.958 257.314 98.9474 87.162
threshold=0.30000000000000043 10.500000000000002 15.500000000000002 58.500000000000007 -0.55624999999999913 1.9716332333671904 1.0000000180025095e-35 17.500000000000004 -0.9523422988233432 18.500000000000004 13.500000000000002 0.34918012052730624 14.539583333333335 17.500000000000004
decision_type=2 2 2 2 2 2 2 2 2 2 2 2 2 2
left_child=4 -2 3 -3 -1 8 7 -7 9 10 12 -11 -6 -8
right_child=1 2 -4 -5 5 6 13 -9 -10 11 -12 -13 -14 -15
leaf_value=-3.0483900752888147e-09 4.1755650265679258e-07 -0.0017785151225092096 -0.0002282859187720403 0.00037460150985743238 2.7748839244199403e-06 -0.00083757109167176226 -0.0014190822532973927 0.00081929021194214859 6.0342426126034123e-05 0.00036042221061492166 0.001959441064354753 -0.0021921734109319247 -0.00056448893290849734 -0.0046194225179100202
leaf_weight=45554.953091355972 7266.7903035145719 3108.7001978605986 6105.8988047409803 1172.3625039197505 1624.1704639252275 2733.2013558812905 1219.9429243695922 2478.4001992081758 48004.305858571082 504.2997376921121 2530.741141540464 2482.8236021348275 1430.810137912631 659.82127314060926
leaf_count=163947 27459 12447 24426 4392 6004 10825 5366 7107 159929 1894 9283 9334 5147 1888
internal_value=-0.000127036 -0.00161807 -0.00457768 -0.00814733 0.000114085 0.000842668 -0.00375333 -0.000245046 0.00141929 -0.00197502 0.0041668 -0.0134354 -0.00320147 -0.0134272
internal_weight=126877 17653.8 10387 4281.06 109223 63668.5 7091.37 5211.6 56577.2 8572.85 5585.72 2987.12 3054.98 1879.76
internal_count=449448 68724 41265 16839 380724 216777 25186 17932 191591 31662 20434 11228 11151 7254
is_linear=0
shrinkage=0.035


Tree=275
num_leaves=15
num_cat=0
split_feature=53 62 40 60 36 36 60 1 1 28 59 39 63 28
split_gain=301.574 344.126 303.024 265.89 174.67 110.738 108.794 109.674 107.346 114.286 111.577 125.762 163.584 132.935
threshold=0.98750000000000016 -0.53750000000000064 0.7000000000000014 -0.9523422988233432 12.65 22.750000000000004 0.47493347945961045 2.5000000000000004 3.5000000000000004 9.5000000000000018 0.26781182513105634 14.550000000000002 0.04791666666666667 36.500000000000007
decision_type=2 2 2 2 2 2 2 2 2 2 2 2 2 2
left_child=-1 4 3 -3 8 6 7 -6 9 -2 -11 12 13 -12
right_child=1 2 -4 -5 5 -7 -8 -9 -10 10 11 -13 -14 -15
leaf_value=-1.6283391251452863e-09 2.5551608604622868e-10 2.6754514748191643e-06 2.1625612141300677e-07 -2.0290813858058069e-06 6.7193724613949442e-08 -1.2405998204992403e-05 -3.505289287988946e-09 3.3202454470722155e-09 7.6586506896102907e-08 -7.5062861977754993e-09 -8.9467484584138023e-09 1.9319088279823069e-07 -2.868787315784566e-08 1.1490775833609052e-09
leaf_weight=118203.3713505317 1130.4077762439847 101.66917375265621 228.52377019589767 1283.5652197180316 1031.6048819087446 119.84354148060083 196.22542985901237 1053.5408980920911 214.06727075576782 2038.3098421893083 245.95577564835548 110.27078922372311 391.71790335327387 528.14797281473875
leaf_count=417723 3729 399 905 3359 4359 555 889 5170 1439 6198 856 435 1541 1891
internal_value=-0.00046548 -0.00676075 -0.0212911 -0.0274309 -0.00341407 0.00424257 0.00600804 0.00837263 -0.00736099 -0.00853665 -0.0118057 -0.00364944 -0.00710964 0.00226667
internal_weight=126877 8673.85 1613.76 1385.23 7060.09 2401.21 2281.37 2085.15 4658.88 4444.81 3314.4 1276.09 1165.82 774.104
internal_count=449448 31725 4663 3758 27062 10973 10418 9529 16089 14650 10921 4723 4288 2747
is_linear=0
shrinkage=0.035


Tree=276
num_leaves=15
num_cat=1
split_feature=53 62 40 60 36 36 60 1 1 28 36 3 27 59
split_gain=273.066 320.73 357.657 302.428 152.199 109.079 106.583 102.301 97.7295 101.717 92.8707 86.5883 89.3701 85.7851
threshold=0.98750000000000016 -0.58750000000000158 0.30000000000000066 -0.9523422988233432 12.65 22.750000000000004 0.47493347945961045 2.5000000000000004 3.5000000000000004 9.5000000000000018 18.050000000000004 0 52.500000000000007 0.26781182513105634
decision_type=2 2 2 2 2 2 2 2 2 2 2 1 2 2
left_child=-1 4 3 -3 8 6 7 -6 9 11 -9 12 -2 -11
right_child=1 2 -4 -5 5 -7 -8 10 -10 13 -12 -13 -14 -15
leaf_value=-1.5713472557652012e-09 -1.2844466488124207e-08 2.5841221854465713e-06 1.0333070610746478e-07 -1.9680166193398854e-06 6.4841944252461215e-08 -1.1971788267817669e-05 -3.382604162909333e-09 -2.0209846345036175e-08 7.3350709445093522e-08 -6.9038558350535318e-09 3.3371833942538776e-08 8.5967428072741656e-10 9.9074960897646197e-07 -1.2447040626719143e-09
leaf_weight=118203.3713505317 187.5112773142755 90.184085067361593 356.57357343216427 1225.5919381743297 1030.5883374884725 119.84354148060083 196.22542985901237 676.12803591042757 208.46957073360682 1999.4139424166642 377.41286218166351 906.99639881029725 35.900100119411945 1263.0111522478983
leaf_count=417723 1069 317 1475 2988 4346 555 889 3391 1403 6184 1779 2475 185 4669
internal_value=-0.000443078 -0.00643342 -0.0201572 -0.0285376 -0.00313135 0.00400261 0.0057563 0.00809846 -0.00685327 -0.00797444 0.000406435 0.00106795 -0.0179748 -0.0111013
internal_weight=126877 8673.85 1672.35 1315.78 7001.5 2400.2 2280.35 2084.13 4601.3 4392.83 1053.54 1130.41 223.411 3262.43
internal_count=449448 31725 4780 3305 26945 10960 10405 9516 15985 14582 5170 3729 1254 10853
cat_boundaries=0 1
cat_threshold=4
is_linear=0
shrinkage=0.035


Tree=277
num_leaves=15
num_cat=1
split_feature=53 62 40 60 36 36 27 0 61 28 1 64 39 36
split_gain=259.312 327.127 355.765 300.972 128.608 157.169 116.805 111.38 108.729 103.613 96.0476 83.2374 82.4571 74.795
threshold=0.98750000000000016 -0.53750000000000064 0.40000000000000135 -0.9523422988233432 17.450000000000003 22.750000000000004 46.500000000000007 0 -0.27916666666666662 59.500000000000007 2.5000000000000004 -0.21874999999999994 11.550000000000002 16.950000000000003
decision_type=2 2 2 2 2 2 2 1 2 2 2 2 2 2
left_child=-1 4 3 -3 6 9 7 -2 -9 11 13 -6 -12 -8
right_child=1 2 -4 -5 5 -7 10 8 -10 -11 12 -13 -14 -15
leaf_value=-1.5163501018134192e-09 -4.1473305612972525e-09 2.4936779089559409e-06 1.3747144429468826e-07 -1.8985291725766072e-06 -5.3967889992483021e-08 -1.155277567844405e-05 4.0591885978895109e-08 7.2591828063682392e-10 -4.0375657682707555e-09 -6.8876504008964046e-06 -3.1774396109888917e-08 9.5446995646426074e-08 1.0024947730485966e-07 -2.729995950104435e-08
leaf_weight=118203.3713505317 1478.0866620964371 90.563373949378729 315.40732614626177 1207.787463570945 81.27896037325263 119.84354148060083 815.87843729555607 586.40449203550816 2100.2404615012929 53.235622219741344 871.01692792773247 711.06462861597538 191.13613751158118 51.906210511922836
leaf_count=417723 4242 321 1303 3039 358 555 3196 1302 8939 312 3933 3254 746 225
internal_value=-0.000431852 -0.00626938 -0.0204359 -0.0284948 -0.00300695 0.00880165 -0.00488883 -0.00818115 -0.00385397 0.0141684 0.0022214 0.0174308 -0.00482002 0.0107967
internal_weight=126877 8673.85 1613.76 1298.35 7060.09 965.423 6094.67 4164.73 2686.64 845.579 1929.94 792.344 1062.15 867.785
internal_count=449448 31725 4663 3360 27062 4479 22583 14483 10241 3924 8100 3612 4679 3421
cat_boundaries=0 2
cat_threshold=4224 262144
is_linear=0
shrinkage=0.035


Tree=278
num_leaves=15
num_cat=0
split_feature=53 62 40 60 36 36 1 39 63 17 1 46 62 28
split_gain=269.903 313.628 352.176 298.903 107.761 147.14 109.202 112.455 296.012 146.551 111.596 107.279 98.3754 97.5058
threshold=0.98750000000000016 -0.53750000000000064 0.40000000000000135 -0.9523422988233432 17.450000000000003 22.750000000000004 3.5000000000000004 11.950000000000001 0.04791666666666667 1.0000000180025095e-35 2.5000000000000004 0.65000000000000047 -5.2791666666666677 59.500000000000007
decision_type=2 2 2 2 2 2 2 2 2 2 2 2 2 2
left_child=-1 4 3 -3 6 13 7 10 -9 -10 -2 12 -12 -6
right_child=1 2 -4 -5 5 -7 -8 8 9 -11 11 -13 -14 -15
leaf_value=-1.4632778482499496e-09 -9.9773066762010596e-10 2.406399182142483e-06 1.3265994374437417e-07 -1.832080651536426e-06 7.1619111177325785e-08 -1.1148428529698508e-05 7.6222204554494295e-08 7.7103096362668928e-07 -2.8693078382441682e-07 2.7826016532573824e-07 4.0222253460750477e-10 1.8245554423401709e-07 -6.7136980596837483e-09 -6.64658263686503e-06
leaf_weight=118203.3713505317 2325.1697218853515 90.563373949378729 315.40732614626177 1207.787463570945 792.34358898922801 119.84354148060083 261.61027902364731 394.66508921887726 307.7582371160388 135.97998937964439 245.40860316902399 62.694999985396862 2361.3824091020506 53.235622219741344
leaf_count=417723 8248 321 1303 3039 3612 555 1931 1375 988 612 845 162 8422 312
internal_value=-0.000440522 -0.00639607 -0.0202675 -0.0282858 -0.00320123 0.00760974 -0.0049234 -0.0059247 0.00588329 -0.0136042 -0.00791458 -0.0127842 -0.0139089 0.0128096
internal_weight=126877 8673.85 1613.76 1298.35 7060.09 965.423 6094.67 5833.06 838.403 443.738 4994.66 2669.49 2606.79 845.579
internal_count=449448 31725 4663 3360 27062 4479 22583 20652 2975 1600 17677 9429 9267 3924
is_linear=0
shrinkage=0.035


Tree=279
num_leaves=15
num_cat=1
split_feature=53 62 40 60 27 0 61 36 61 1 60 39 64 46
split_gain=293.235 302.505 330.745 296.67 95.0944 102.711 132.005 93.8419 90.5167 85.6799 75.0674 69.2432 64.2604 70.9847
threshold=0.98750000000000016 -0.53750000000000064 0.40000000000000135 -0.9523422988233432 46.500000000000007 0 -0.27916666666666662 22.750000000000004 18.162500000000005 2.5000000000000004 -0.92910699518418138 9.4500000000000011 -0.21874999999999994 -4.4499999999999993
decision_type=2 2 2 2 2 1 2 2 2 2 2 2 2 2
left_child=-1 4 3 -3 5 -2 -7 9 -8 -6 11 -11 -12 -14
right_child=1 2 -4 -5 7 6 8 -9 -10 10 12 -13 13 -15
leaf_value=-1.4120631235612014e-09 -3.5713977420535104e-09 2.3221752107674962e-06 1.2801684571332106e-07 -1.7679578287326511e-06 4.0543356425153949e-08 8.665639596153478e-10 -4.5555289554288765e-09 -1.075823353115906e-05 3.0513605562268009e-09 -5.9522691869948776e-08 -8.0064312058172676e-08 8.6897846844112977e-07 -4.6316485219722611e-08 3.0180504918813032e-08
leaf_weight=118203.3713505317 1607.5340415737592 90.563373949378729 315.40732614626177 1207.787463570945 1125.6645193137228 586.40449203550816 1936.0301612718031 119.84354148060083 325.52613735198975 255.46367805451155 97.457319531589746 58.701488897204399 101.46199389919639 846.00470815971494
leaf_count=417723 4675 321 1303 3039 4603 1302 8191 555 1546 1073 516 252 539 3810
internal_value=-0.000459041 -0.00666667 -0.0202904 -0.0280594 -0.00352834 -0.00662881 -0.00257855 0.00178048 -0.00642691 0.00328374 -0.00262807 -0.0173453 0.00191925 0.00478219
internal_weight=126877 8673.85 1613.76 1298.35 7060.09 4455.49 2847.96 2604.6 2261.56 2484.75 1359.09 314.165 1044.92 947.467
internal_count=449448 31725 4663 3360 27062 15714 11039 11348 9737 10793 6190 1325 4865 4349
cat_boundaries=0 2
cat_threshold=4224 262144
is_linear=0
shrinkage=0.035


Tree=280
num_leaves=15
num_cat=2
split_feature=53 62 60 63 60 1 36 60 62 0 3 36 1 36
split_gain=252.084 216.254 315.51 120.426 137.923 92.8288 102.253 101.474 128.137 126.669 95.3081 92.8037 90.9663 113.577
threshold=0.98750000000000016 -0.53750000000000064 -0.78295110140207613 0.039583333333333338 -0.9523422988233432 3.5000000000000004 12.65 0.57727023316007775 -0.65833333333333222 0 1 22.750000000000004 2.5000000000000004 18.850000000000005
decision_type=2 2 2 2 2 2 2 2 2 1 1 2 2 2
left_child=-1 5 3 4 -3 6 7 8 -2 10 -9 12 -8 -14
right_child=1 2 -4 -5 -6 -7 11 9 -10 -11 -12 -13 13 -15
leaf_value=-1.3626409142365594e-09 -1.2992347104528691e-08 2.4100296725162455e-07 -1.7065611622507646e-06 1.3747075182353702e-07 -1.7060793047270081e-06 7.2761667119409328e-08 3.6544794287084084e-08 -8.2418745635843215e-09 1.135044504186317e-06 -1.5464652557073658e-09 9.0516083431692904e-10 -1.0381695357568493e-05 -1.5782834833561937e-08 2.8828583601197597e-07
leaf_weight=118203.3713505317 1760.270651166793 51.782640680670738 1021.1828525876626 365.92751422454603 174.86515617370605 288.17578196525574 1147.53410910815 176.70489687845111 67.868805672973394 1329.4956414401531 1110.4700643150136 119.57620814442635 861.07440805062652 198.92151482775807
leaf_count=417723 6474 172 2279 1463 749 2179 4862 825 297 4590 2464 549 3901 921
internal_value=-0.000425833 -0.00618144 -0.0177011 0.0026088 -0.0169974 -0.00352702 -0.00436282 -0.00746929 -0.0137742 -0.00302871 0.00477751 0.00157716 0.00325296 -0.00412164
internal_weight=126877 8673.85 1613.76 592.575 226.648 7060.09 6771.92 4444.81 1828.14 2616.67 1287.17 2327.11 2207.53 1060
internal_count=449448 31725 4663 2384 921 27062 24883 14650 6771 7879 3289 10233 9684 4822
cat_boundaries=0 1 2
cat_threshold=335677440 4
is_linear=0
shrinkage=0.035


Tree=281
num_leaves=15
num_cat=0
split_feature=53 62 60 1 1 42 59 60 27 39 42 63 46 41
split_gain=265.015 220.068 257.539 97.993 96.0324 105.255 101.25 96.1036 110.945 102.644 89.9788 87.0262 84.653 102.263
threshold=0.98750000000000016 -0.41875000000000057 -0.7721279831368929 3.5000000000000004 2.5000000000000004 0.19999999999999998 -0.038721922313638031 -0.89388548498445497 3.5000000000000004 9.7500000000000018 0.24999999999999917 0.039583333333333338 -0.49999999999999972 1.0000000180025095e-35
decision_type=2 2 2 2 2 2 2 2 2 2 2 2 2 2
left_child=-1 3 11 4 5 -2 -7 9 -9 -6 -11 -3 -10 -14
right_child=1 2 -4 -5 7 6 -8 8 12 10 -12 -13 13 -15
leaf_value=-1.3149484822382797e-09 1.9768974503365183e-09 -1.4846319090484301e-06 -1.6368284669851801e-06 7.2332410856754682e-08 -3.2806424694910779e-08 -1.4114357680329901e-08 -1.1324734571926047e-09 -2.2661653928854752e-08 -1.4395461247020659e-09 8.3653707660167554e-07 -6.5468491799945666e-08 1.8632391795463306e-07 -1.8647436798285368e-09 1.7430954527402407e-07
leaf_weight=118203.3713505317 1621.1354976873845 176.00588857196271 959.41131244134158 302.63287920504808 560.07445450266823 474.10568106500432 1173.6927100077737 295.09669231250882 2298.5534389661625 84.138264402747154 143.09241184894927 328.39810316567309 102.88621383160353 154.62669722735882
leaf_count=417723 5938 726 1992 2231 1976 1283 4820 1030 8926 298 589 1306 238 372
internal_value=-0.000436224 -0.0063376 -0.0186645 -0.00381255 -0.00467405 -0.00031636 -0.00652614 -0.00857755 -0.00555026 -0.0193335 0.00053407 0.00158785 -0.00315591 0.0155036
internal_weight=126877 8673.85 1463.82 7210.03 6907.4 3268.93 1647.8 3638.47 2851.16 787.305 227.231 504.404 2556.07 257.513
internal_count=449448 31725 4024 27701 25470 12041 6103 13429 10566 2863 887 2032 9536 610
is_linear=0
shrinkage=0.035


Tree=282
num_leaves=15
num_cat=1
split_feature=53 62 40 60 1 1 42 42 60 39 42 36 62 0
split_gain=242.696 253.041 229.953 138.769 92.3911 92.4429 93.1159 100.548 92.446 93.588 89.9788 78.8126 77.5195 74.7372
threshold=0.98750000000000016 -0.36458333333333298 0.40000000000000135 -0.94695267581281539 3.5000000000000004 2.5000000000000004 0.19999999999999998 2.9500000000000006 -0.89388548498445497 9.7500000000000018 0.24999999999999917 2.9500000000000006 -2.010416666666667 0
decision_type=2 2 2 2 2 2 2 2 2 2 2 2 2 1
left_child=-1 4 3 -3 5 6 -2 12 9 -7 -11 -9 -8 -10
right_child=1 2 -4 -5 -6 8 7 11 13 10 -12 -13 -14 -15
leaf_value=-1.2689252853599399e-09 1.9077060395747398e-09 3.5739966286436907e-07 1.7980258082622089e-07 -1.6038312455018725e-06 6.9800776476768269e-08 -2.5358445786689444e-08 -1.442686857125805e-09 -2.3967358100216991e-08 1.9249511761734402e-10 8.0725827892061697e-07 -6.3177094586947571e-08 3.7884907721227357e-08 -2.9000529253348691e-08 -2.2208385636931676e-09
leaf_weight=118203.3713505317 1621.1354976873845 109.33191014453769 268.3315703116823 1048.8631012579426 309.27594593912363 574.10065457550809 532.18903668737039 144.20029927790165 1356.0961451185867 84.138264402747154 143.09241184894927 437.83118162234314 550.19732914306223 1495.066897219047
leaf_count=417723 5938 389 1152 2314 2269 2057 2027 459 4383 298 589 1749 1918 6183
internal_value=-0.000417566 -0.00606497 -0.0194871 -0.0262094 -0.00339982 -0.00424153 2.08444e-05 -0.00577712 -0.00806528 -0.0185012 0.00053407 0.0058885 -0.0120466 -0.0050778
internal_weight=126877 8673.85 1426.53 1158.2 7247.32 6938.05 3285.55 1664.42 3652.49 801.331 227.231 582.031 1082.39 2851.16
internal_count=449448 31725 3855 2703 27870 25601 12091 6153 13510 2944 887 2208 3945 10566
cat_boundaries=0 1
cat_threshold=335677440
is_linear=0
shrinkage=0.035


Tree=283
num_leaves=15
num_cat=1
split_feature=53 62 60 61 21 0 61 61 27 1 1 60 62 61
split_gain=212.161 207.814 292.039 95.1509 92.4164 87.3222 146.034 71.974 62.8216 53.6784 75.8652 73.316 58.8185 66.8698
threshold=0.98750000000000016 -0.36458333333333298 -0.7721279831368929 15.062500000000002 1.0000000180025095e-35 0 -0.27916666666666662 3.0770833333333338 46.500000000000007 3.5000000000000004 2.5000000000000004 -0.89388548498445497 -1.960416666666666 25.247916666666672
decision_type=2 2 2 2 2 1 2 2 2 2 2 2 2 2
left_child=-1 5 3 4 -3 8 -7 -8 -2 10 12 -12 13 -9
right_child=1 2 -4 -5 -6 6 7 9 -10 -11 11 -13 -14 -15
leaf_value=-1.2245129003723417e-09 -2.9410473434869481e-09 1.7820774069315016e-07 -1.5453856396632289e-06 -1.9837117523660671e-05 -2.6422196705270367e-05 8.494002901058593e-10 -1.696981286777006e-08 4.3346740782282373e-09 -3.0320396348728825e-09 6.4144327864628631e-08 -2.0396095635841597e-08 -1.2475967160649511e-09 -4.2988562270775603e-09 -1.0015892436512549e-05
leaf_weight=118203.3713505317 1635.5697080581449 361.97372495313175 941.27915682177991 71.031833112239838 52.241866827011108 602.38314760476351 218.45472671091557 1173.8732114396989 806.19571754336357 267.57224631309509 505.24564573541284 1242.4198284959421 734.08713190630078 61.522299714386463
leaf_count=417723 4791 1422 1939 241 253 1354 930 4898 2796 2033 1937 5702 3183 246
internal_value=-0.000390589 -0.00567079 -0.0178347 0.0041802 0.0107406 -0.00325524 -0.000501286 -0.00282258 -0.00861387 -0.00172273 -0.00282448 -0.00811128 0.00188415 0.00652753
internal_weight=126877 8673.85 1426.53 485.247 414.216 7247.32 4805.56 4203.18 2441.77 3984.72 3717.15 1747.67 1969.48 1235.4
internal_count=449448 31725 3855 1916 1675 27870 20283 18929 7587 17999 15966 7639 8327 5144
cat_boundaries=0 2
cat_threshold=4224 262144
is_linear=0
shrinkage=0.035


Tree=284
num_leaves=15
num_cat=1
split_feature=53 62 60 61 21 0 61 61 27 1 1 60 39 62
split_gain=210.724 205.886 290.039 95.1509 92.4164 85.6652 146.365 71.8172 61.8941 53.153 75.3963 73.316 56.5183 64.8166
threshold=0.98750000000000016 -0.36458333333333298 -0.7721279831368929 15.062500000000002 1.0000000180025095e-35 0 -0.27916666666666662 3.0770833333333338 46.500000000000007 3.5000000000000004 2.5000000000000004 -0.89388548498445497 11.250000000000002 -1.0104166666666667
decision_type=2 2 2 2 2 1 2 2 2 2 2 2 2 2
left_child=-1 5 3 4 -3 8 -7 -8 -2 10 -9 12 13 -12
right_child=1 2 -4 -5 -6 6 7 9 -10 -11 11 -13 -14 -15
leaf_value=-1.1816549488593097e-09 -2.8381106864649049e-09 1.719704697688899e-07 -1.4912971422750157e-06 -1.9142818410332546e-05 -2.5497419820585905e-05 8.1967127995215426e-10 -1.6375869417398108e-08 7.9411807885779724e-10 -2.9259182476523316e-09 6.1899276389366632e-08 -3.7465827818781415e-08 -1.2039308310026775e-09 2.0175836396575787e-07 2.1417155536210537e-08
leaf_weight=118203.3713505317 1635.5697080581449 361.97372495313175 941.27915682177991 71.031833112239838 52.241866827011108 602.38314760476351 218.45472671091557 1969.4826430603862 806.19571754336357 267.57224631309509 368.63385763019323 1242.4198284959421 74.681020878255367 61.930767226964235
leaf_count=417723 4791 1422 1939 241 253 1354 930 8327 2796 2033 1367 5702 301 269
internal_value=-0.000389274 -0.00565157 -0.0177589 0.0041802 0.0107406 -0.00324723 -0.000519385 -0.00284331 -0.0085548 -0.00174459 -0.00284088 -0.00811128 -0.0192189 -0.0240165
internal_weight=126877 8673.85 1426.53 485.247 414.216 7247.32 4805.56 4203.18 2441.77 3984.72 3717.15 1747.67 505.246 430.565
internal_count=449448 31725 3855 1916 1675 27870 20283 18929 7587 17999 15966 7639 1937 1636
cat_boundaries=0 2
cat_threshold=4224 262144
is_linear=0
shrinkage=0.035


Tree=285
num_leaves=15
num_cat=1
split_feature=53 62 60 39 0 61 61 39 64 27 54 62 36 36
split_gain=206.47 204.341 295.358 95.2269 87.2303 145.041 72.4461 63.0906 76.2729 61.8941 52.4858 52.2834 56.0063 51.8046
threshold=0.98750000000000016 -0.36458333333333298 -0.7721279831368929 7.9500000000000011 0 -0.27916666666666662 3.0770833333333338 12.15 0.30208333333333354 46.500000000000007 4.5000000000000009 -5.4479166666666652 16.950000000000003 22.750000000000004
decision_type=2 2 2 2 1 2 2 2 2 2 2 2 2 2
left_child=-1 4 3 -3 9 -6 -7 -5 -9 11 -4 -2 -13 -8
right_child=1 2 10 7 5 6 13 8 -10 -11 -12 12 -14 -15
leaf_value=-1.140297025649234e-09 5.9903490606764107e-10 -1.9175330894277458e-05 -4.8266695511756764e-06 1.8125622281096393e-07 7.909827851538288e-10 -1.5802713987789174e-08 -5.9196243543579471e-10 -9.5571226636719115e-08 9.7127217656041753e-07 -2.8235111089845002e-09 -1.4391017422953903e-06 -5.0629100479040276e-09 8.5970276417031656e-09 -9.9159986094767965e-06
leaf_weight=118203.3713505317 109.76845322549343 70.644652662798762 131.99256312847137 233.10945054329932 602.38314760476351 218.45472671091557 3893.7668015388772 127.91518843104132 53.578133255243301 806.19571754336357 809.28659369330853 1375.5323534025811 150.2689014300704 90.953562065958977
leaf_count=417723 275 265 262 882 1354 930 17534 543 226 2796 1677 4000 516 465
internal_value=-0.000385352 -0.00559425 -0.017656 0.00447868 -0.00319902 -0.000446882 -0.00276027 0.0110177 -0.00437617 -0.0085548 -0.028994 -0.0124822 -0.0141646 -0.00165701
internal_weight=126877 8673.85 1426.53 485.247 7247.32 4805.56 4203.18 414.603 181.493 2441.77 941.279 1635.57 1525.8 3984.72
internal_count=449448 31725 3855 1916 27870 20283 18929 1651 769 7587 1939 4791 4516 17999
cat_boundaries=0 2
cat_threshold=4224 262144
is_linear=0
shrinkage=0.035


Tree=286
num_leaves=15
num_cat=1
split_feature=53 62 60 25 63 61 0 61 62 36 1 39 39 64
split_gain=208.619 235.703 272.351 101.623 98.2408 93.0142 141.504 109.744 112.862 85.5441 93.5047 81.3088 186.664 158.853
threshold=0.98750000000000016 -0.36458333333333298 -0.79354221435844496 1.0000000180025095e-35 0.039583333333333338 -0.27916666666666662 0 13.250000000000002 -0.65833333333333222 22.750000000000004 2.5000000000000004 15.450000000000001 11.950000000000001 -0.04374999999999999
decision_type=2 2 2 2 2 2 1 2 2 2 2 2 2 2
left_child=-1 5 3 4 -3 6 -2 8 11 10 -9 12 -7 -14
right_child=1 2 -4 -5 -6 7 -8 9 -10 -11 -12 -13 13 -15
leaf_value=-1.1003866297515106e-09 -5.8789038041532755e-10 -1.8188659530414697e-05 -1.2494425871691892e-06 1.7233271034939076e-07 2.9136211625929392e-07 -6.1125641775171548e-09 8.3102508793138716e-10 1.0443683529235219e-08 8.1117635833181866e-08 -9.6358275318770892e-06 -3.0248782933707155e-09 -3.1066470736922296e-07 -1.4815664930640791e-05 8.7710888680489293e-07
leaf_weight=118203.3713505317 463.74764374643564 121.66295583918691 961.65891238581389 108.67019181698561 234.5345216721762 2259.3113472526893 451.37065929174423 1529.2370485172141 169.28598115593195 124.98171919584274 1714.1802503161598 200.0597620755434 70.218953333795071 264.93029863666743
leaf_count=417723 1146 489 2004 369 993 8568 745 6245 782 594 7923 582 274 1011
internal_value=-0.000387338 -0.00562328 -0.0185771 0.0033867 -0.00580876 -0.00305144 0.00732456 -0.00456014 -0.00946013 -0.000233474 0.000899966 -0.0111551 -0.00941548 0.0146469
internal_weight=126877 8673.85 1426.53 464.868 356.197 7247.32 915.118 6332.21 2963.81 3368.4 3243.42 2794.52 2594.46 335.149
internal_count=449448 31725 3855 1851 1482 27870 1891 25979 11217 14762 14168 10435 9853 1285
cat_boundaries=0 2
cat_threshold=33558658 262144
is_linear=0
shrinkage=0.035


Tree=287
num_leaves=15
num_cat=0
split_feature=53 62 60 39 26 39 21 27 1 46 1 42 60 42
split_gain=179.889 164.382 385.036 120.462 82.2787 106.419 167.262 91.97 81.1485 93.8344 103.057 104.655 102.372 84.9324
threshold=0.98750000000000016 -0.36458333333333298 -0.7721279831368929 7.9500000000000011 1.0000000180025095e-35 11.950000000000001 1.0000000180025095e-35 22.500000000000004 3.5000000000000004 0.65000000000000047 2.5000000000000004 0.19999999999999998 -0.89388548498445497 2.9500000000000006
decision_type=2 2 2 2 2 2 2 2 2 2 2 2 2 2
left_child=-1 4 3 -3 5 8 7 -7 9 10 11 -2 -12 -13
right_child=1 2 -4 -5 -6 6 -8 -9 -10 -11 12 13 -14 -15
leaf_value=-1.0618730977102077e-09 1.3942174098883104e-09 -1.7867591229413233e-05 -1.3450026907641299e-06 1.6888061015035153e-07 -3.0115217287644046e-08 -1.775661402414492e-08 -6.6154979215985926e-08 6.5446476439233679e-07 6.3337997242506787e-08 1.689980409940276e-07 -2.0292784646072894e-08 -8.9761077288433016e-09 -1.0572279003472378e-09 1.0615416739399794e-08
leaf_weight=118203.3713505317 1494.0291502680629 70.644652662798762 941.27915682177991 414.60277222958393 221.1918460726738 188.38202275335789 257.23251270782202 425.47678669542074 282.01026823744178 80.3114999756217 718.63511395337991 890.46925263060257 2273.4959157537669 416.08929447387345
leaf_count=417723 5464 265 1939 1651 699 551 1220 1521 2058 193 2628 3351 8531 1654
internal_value=-0.000359871 -0.00522194 -0.0160406 0.00916439 -0.00307328 -0.00239367 0.00899004 0.018833 -0.00401672 -0.00490484 -0.00544807 -0.000616527 -0.0099532 -0.00782032
internal_weight=126877 8673.85 1426.53 485.247 7247.32 7026.13 871.091 613.859 6155.04 5873.03 5792.72 2800.59 2992.13 1306.56
internal_count=449448 31725 3855 1916 27870 27171 3292 2072 23879 21821 21628 10469 11159 5005
is_linear=0
shrinkage=0.035


Tree=288
num_leaves=15
num_cat=1
split_feature=53 62 60 39 36 27 59 53 1 63 0 61 41 61
split_gain=165.672 263.551 378.076 119.513 114.873 93.6652 124.679 145.176 127.012 123.291 87.9443 118.465 83.357 71.6128
threshold=0.88562091503267981 -0.36458333333333298 -0.7721279831368929 7.9500000000000011 22.750000000000004 46.500000000000007 0.76109721063455271 0.98750000000000016 2.5000000000000004 0.056250000000000001 0 -0.27916666666666662 0.10000000000000174 3.0770833333333338
decision_type=2 2 2 2 2 2 2 2 2 2 1 2 2 2
left_child=-1 4 3 -3 5 10 7 -7 9 -9 -2 -12 -10 -13
right_child=1 2 -4 -5 -6 6 -8 8 12 -11 11 13 -14 -15
leaf_value=5.1908334510422092e-07 -2.8820045765905872e-09 -2.230678840501094e-05 -1.4083222797776827e-06 1.4535355706502606e-07 -9.3087858231255291e-06 8.4740958618716005e-07 -1.5275751593214903e-08 9.8261405328026713e-08 -3.2226729273660858e-08 -2.4314517111797064e-08 7.7001557307782357e-10 -1.7487387313719666e-08 5.5037826108071369e-08 -1.1396343321574711e-09
leaf_weight=115467.75596657512 1992.2033159970306 93.511895475909114 1127.7928830040619 536.99533312139101 173.58678749203682 484.97536041215062 1506.5041645690799 543.46132526546717 581.09238985553384 155.35246589407325 704.61624558269978 245.74437259882689 267.25265055522323 2996.3764393692836
leaf_count=407179 5841 367 2550 2170 823 2009 6782 2171 2584 603 1669 1025 1047 12628
internal_value=-0.000344361 -0.00436589 -0.0167887 0.00487995 -0.00208761 -0.00155475 0.00294764 0.00858646 0.00328526 0.0142328 -0.00423789 -0.00118583 -0.00579341 -0.00402127
internal_weight=126877 11409.5 1758.3 630.507 9651.17 9477.58 3538.64 2032.13 1547.16 698.814 5938.94 3946.74 848.345 3242.12
internal_count=449448 42269 5087 2537 37182 36359 15196 8414 6405 2774 21163 15322 3631 13653
cat_boundaries=0 2
cat_threshold=4224 262144
is_linear=0
shrinkage=0.035


Tree=289
num_leaves=15
num_cat=0
split_feature=53 62 60 39 36 27 64 59 1 19 62 25 60 42
split_gain=170.195 260.406 378.879 118.236 114.244 96.6712 121.633 89.4549 135.365 84.218 83.1935 88.4496 74.4721 69.0871
threshold=0.88562091503267981 -0.36458333333333298 -0.7721279831368929 7.9500000000000011 22.750000000000004 46.500000000000007 -0.21874999999999994 0.85206963063867758 2.5000000000000004 1.0000000180025095e-35 -4.3708333333333336 1.0000000180025095e-35 0.84750952922804623 0.69999999999999862
decision_type=2 2 2 2 2 2 2 2 2 2 2 2 2 2
left_child=-1 4 3 -3 5 10 -7 8 9 -8 12 13 -2 -12
right_child=1 2 -4 -5 -6 6 7 -9 -10 -11 11 -13 -14 -15
leaf_value=5.0091542802557309e-07 -7.5520534797735258e-09 -2.1526050810835557e-05 -1.3590309999854637e-06 1.4026618256775014e-07 -8.9829783193161356e-06 -9.8870325360290585e-08 1.9714612956173674e-07 -8.2930247677625562e-09 3.8812757784176762e-09 2.9586447604563652e-09 -1.4814954367164332e-09 -7.0967188495822253e-09 1.1169969254708128e-09 2.1817064580750616e-09
leaf_weight=115467.75596657512 536.12288699671626 93.511895475909114 1127.7928830040619 536.99533312139101 173.58678749203682 337.42145048826933 769.63455003872514 1021.7876618541777 1155.4784948825836 254.31619928777218 1749.684868211858 1968.2754874378443 535.7930830270052 1149.0640478744172
leaf_count=407179 1987 367 2550 2170 823 1577 3027 4565 4847 1180 6539 6155 1685 4797
internal_value=-0.000351297 -0.00442735 -0.0167759 0.00491533 -0.0021626 -0.00163111 0.00294304 0.00506375 0.00905665 0.0182568 -0.00435693 -0.00629924 0.00443883 -0.00239611
internal_weight=126877 11409.5 1758.3 630.507 9651.17 9477.58 3538.64 3201.22 2179.43 1023.95 5938.94 4867.02 1071.92 2898.75
internal_count=449448 42269 5087 2537 37182 36359 15196 13619 9054 4207 21163 17491 3672 11336
is_linear=0
shrinkage=0.035


Tree=290
num_leaves=15
num_cat=1
split_feature=53 62 60 39 36 27 1 59 0 61 62 63 64 28
split_gain=147.258 273.694 378.879 118.236 117.343 89.1296 126.831 128.886 84.4148 115.971 77.5854 77.3085 74.3147 71.3373
threshold=0.88562091503267981 -0.36458333333333298 -0.7721279831368929 7.9500000000000011 22.750000000000004 46.500000000000007 2.5000000000000004 0.85206963063867758 0 -0.27916666666666662 -3.9395833333333337 0.056250000000000001 -0.21874999999999994 59.500000000000007
decision_type=2 2 2 2 2 2 2 2 1 2 2 2 2 2
left_child=-1 4 3 -3 5 8 7 11 -2 -10 -11 -7 -8 -13
right_child=1 2 -4 -5 -6 6 12 -9 9 10 -12 13 -14 -15
leaf_value=4.8338338804467801e-07 -2.5316070311453721e-09 -2.0772639032456312e-05 -1.3114649149859727e-06 1.3535686617787888e-07 -8.6685740781400727e-06 1.3683995267247681e-07 -2.618120233922461e-07 -7.496761156615645e-09 7.9491736830517491e-10 1.1281108744567953e-09 -3.6770482162717152e-09 1.2613725731120064e-07 -1.4713952761925718e-09 -6.9905634286988659e-08
leaf_weight=115467.75596657512 1992.2033159970306 93.511895475909114 1127.7928830040619 536.99533312139101 173.58678749203682 811.60638335347176 191.5435073338449 581.94802220538259 704.61624558269978 846.74121762812138 2395.3795943399891 125.87379922345281 1708.3094449080527 119.35719952732325
leaf_count=407179 5841 367 2550 2170 823 3365 891 2597 1669 3484 10169 473 7325 545
internal_value=-0.000325082 -0.00411653 -0.0167759 0.00491533 -0.00179522 -0.00125701 0.0031346 0.0102395 -0.00387456 -0.000886713 -0.00369209 0.0174689 -0.00301547 0.000214581
internal_weight=126877 11409.5 1758.3 630.507 9651.17 9477.58 3538.64 1638.79 5938.94 3946.74 3242.12 1056.84 1899.85 245.231
internal_count=449448 42269 5087 2537 37182 36359 15196 6980 21163 15322 13653 4383 8216 1018
cat_boundaries=0 2
cat_threshold=4224 262144
is_linear=0
shrinkage=0.035


Tree=291
num_leaves=15
num_cat=0
split_feature=53 62 60 39 36 27 64 1 59 19 62 60 25 59
split_gain=148.912 272.057 378.052 118.168 117.076 86.1035 117.519 90.2933 111.201 89.0158 88.5215 82.7043 67.8671 79.6859
threshold=0.88562091503267981 -0.36458333333333298 -0.7721279831368929 7.9500000000000011 22.750000000000004 46.500000000000007 -0.21874999999999994 2.5000000000000004 0.85206963063867758 1.0000000180025095e-35 -4.3708333333333336 0.84750952922804623 1.0000000180025095e-35 -0.23448921811828102
decision_type=2 2 2 2 2 2 2 2 2 2 2 2 2 2
left_child=-1 4 3 -3 5 10 -7 8 9 -8 11 -2 13 -12
right_child=1 2 -4 -5 -6 6 7 -9 -10 -11 12 -13 -14 -15
leaf_value=4.6646496946311429e-07 -7.3272154885874404e-09 -2.0045596666320341e-05 -1.2655636429614635e-06 1.3061937586165313e-07 -8.3651739854051697e-06 -9.238546404010143e-08 1.8545661668353926e-07 -1.4198964415258317e-09 -6.8691985131960402e-09 -1.5597118120516302e-09 8.3602187370261234e-10 1.1665082791694223e-09 -6.759727443756759e-09 -2.0998783622683821e-09
leaf_weight=115467.75596657512 536.12288699671626 93.511895475909114 1127.7928830040619 536.99533312139101 173.58678749203682 337.42145048826933 769.63455003872514 1708.3094449080527 468.95671182870865 254.31619928777218 1068.0450706705451 535.7930830270052 1968.2754874378443 1830.70384541573
leaf_count=407179 1987 367 2550 2170 823 1577 3027 7325 2087 1180 3295 1685 6155 8041
internal_value=-0.000328386 -0.00414107 -0.0167625 0.00490507 -0.00182666 -0.00128903 0.00302747 0.00511168 0.0113689 0.0177824 -0.00386173 0.00520806 -0.00586584 -0.00244536
internal_weight=126877 11409.5 1758.3 630.507 9651.17 9477.58 3538.64 3201.22 1492.91 1023.95 5938.94 1071.92 4867.02 2898.75
internal_count=449448 42269 5087 2537 37182 36359 15196 13619 6294 4207 21163 3672 17491 11336
is_linear=0
shrinkage=0.035


Tree=292
num_leaves=15
num_cat=0
split_feature=53 62 60 36 39 27 36 36 64 41 46 39 59 60
split_gain=144.613 295.284 346.77 118.391 109.144 88.5624 96.8255 80.779 75.5708 71.2519 76.7485 85.2746 112.114 94.6953
threshold=0.88562091503267981 -0.36458333333333298 -0.7721279831368929 22.750000000000004 7.9500000000000011 3.5000000000000004 -0.24999999999999997 7.5500000000000007 -0.21874999999999994 4.150000000000003 -1.7000000000000002 11.950000000000001 0.89773508019357628 0.98662138620987927
decision_type=2 2 2 2 2 2 2 2 2 2 2 2 2 2
left_child=-1 3 4 5 -3 6 -2 -6 -7 10 11 13 -13 -10
right_child=1 2 -4 -5 7 8 -8 -9 9 -11 -12 12 -14 -15
leaf_value=4.5013869553190531e-07 1.3132387222992982e-09 -1.934400078299913e-05 -1.2212689154578123e-06 -8.0723928959159884e-06 -6.4990308917969689e-10 -5.6573944403175999e-08 -2.6005653046275342e-08 5.3385037304078142e-07 5.7536787264455067e-10 2.3927238658729884e-07 -4.0807296067049177e-09 9.2349330762289035e-07 -2.4861278448904539e-08 -3.9895851674080397e-09
leaf_weight=115467.75596657512 149.38016659021378 93.511895475909114 1127.7928830040619 173.58678749203682 303.43151199049316 493.43874046579003 642.64734967797995 233.56382113089785 5121.6942918123677 366.75581121072173 2003.3944009211846 240.32258466165513 150.15702893957496 309.78835581988096
leaf_count=407179 377 367 2550 823 1146 2203 2519 1024 20084 1537 6877 982 556 1224
internal_value=-0.000325698 -0.00408295 -0.017232 -0.00167203 0.00353586 -0.00113157 -0.0122596 0.00972094 -0.00010388 0.00070414 -1.16284e-05 0.0020224 0.0176091 0.000871536
internal_weight=126877 11409.5 1758.3 9651.17 630.507 9477.58 792.028 536.995 8685.55 8192.11 7825.36 5821.96 390.48 5431.48
internal_count=449448 42269 5087 37182 2537 36359 2896 2170 33463 31260 29723 22846 1538 21308
is_linear=0
shrinkage=0.035


Tree=293
num_leaves=15
num_cat=0
split_feature=53 62 60 36 39 1 27 36 46 28 64 36 59 61
split_gain=147.655 297.786 342.222 132.329 106.467 89.362 83.0745 92.8509 77.2001 63.5099 96.7107 111.66 95.6809 181.806
threshold=0.8514705882352942 -0.36458333333333298 -0.7721279831368929 22.750000000000004 7.9500000000000011 1.5000000000000002 3.5000000000000004 -0.24999999999999997 -1.3499999999999994 6.5000000000000009 -0.1270833333333333 17.450000000000003 0.8140385552266387 13.250000000000002
decision_type=2 2 2 2 2 2 2 2 2 2 2 2 2 2
left_child=-1 3 4 5 -3 -2 7 -7 -6 -8 -11 12 13 -12
right_child=1 2 -4 -5 8 6 9 -9 -10 10 11 -13 -14 -15
leaf_value=7.1841327275372671e-07 2.6818510196841169e-07 -1.8666960755594158e-05 -1.1805982638956485e-06 -8.1620327851880834e-06 6.8184854395532006e-07 1.2672753670188229e-09 1.2777700114763433e-09 -2.7183500546086542e-08 -6.6049597590246459e-08 -5.4593856349064845e-08 -1.9903727211111928e-09 6.9091082393421485e-08 -1.5930214487405052e-08 1.1881775946149554e-08
leaf_weight=115005.51499110879 594.165926348418 95.45025379024446 1145.9371742969379 191.29835002496839 317.98007796891034 142.18151661008596 1067.4959560073912 654.47283601015806 241.08978979988024 692.15547432750463 2871.5819642916322 1014.411157194525 1131.3970496989787 1712.0890782894567
leaf_count=403624 4099 385 2737 952 1368 349 3493 2554 1007 3077 9753 4440 4811 6799
internal_value=-0.000330403 -0.00404492 -0.017114 -0.00169388 0.00306389 -0.00112034 -0.001967 -0.0127011 0.00900634 -0.000945911 -0.00209623 -0.000805294 -0.00270842 -0.000449529
internal_weight=126877 11871.7 1800.46 10071.2 654.52 9879.95 9285.79 796.654 559.07 8489.13 7421.63 6729.48 5715.07 4583.67
internal_count=449448 45824 5497 40327 2760 39375 35276 2903 2375 32373 28880 25803 21363 16552
is_linear=0
shrinkage=0.035


Tree=294
num_leaves=15
num_cat=0
split_feature=53 62 60 36 39 1 27 36 28 40 46 39 63 59
split_gain=128.5 289.27 449.815 127.664 97.5594 90.7493 75.6931 86.0157 69.1008 81.0365 68.8635 107.876 63.3603 106.141
threshold=0.8514705882352942 -0.55624999999999913 -0.78295110140207613 22.750000000000004 7.3500000000000005 1.5000000000000002 3.5000000000000004 -0.24999999999999997 6.5000000000000009 1.7500000000000016 -1.2999999999999992 8.4500000000000011 0.12708333333333338 0.17552986495352002
decision_type=2 2 2 2 2 2 2 2 2 2 2 2 2 2
left_child=-1 3 4 5 -3 -2 7 -7 10 12 11 -8 13 -10
right_child=1 2 -4 -5 -6 6 8 -9 9 -11 -12 -13 -14 -15
leaf_value=6.9326880820734639e-07 2.8528700320519931e-07 -1.2633519477958143e-05 -1.2367506394809436e-06 -7.8449094180929179e-06 7.9175452048921954e-08 1.222920729173164e-09 2.8894004620265721e-10 -2.6232078026973511e-08 -2.511212506904843e-09 1.5488220763528044e-06 -4.3665043301566465e-08 8.1091513837024827e-07 -4.674668381170537e-08 1.0506437972136239e-09
leaf_weight=115005.51499110879 565.90606135502458 88.605081811547279 1324.8342559365556 181.46372790262103 702.34836756018922 142.18151661008596 641.94697611033916 654.47283601015806 2398.5205071102828 118.86509972065687 103.25824959948659 300.80713047087193 856.85617384314537 3791.6406206181273
leaf_count=403624 3919 349 3451 882 3019 349 1974 2554 7999 459 250 1188 3532 15899
internal_value=-0.000306741 -0.00377196 -0.0154714 -0.00122144 0.00538143 -0.000654858 -0.00151437 -0.0117452 -0.000508771 -0.00173832 0.00785114 0.0108557 -0.00223823 -0.000995494
internal_weight=126877 11871.7 2115.79 9755.92 790.953 9574.46 9008.55 796.654 8211.89 7165.88 1046.01 942.754 7047.02 6190.16
internal_count=449448 45824 6819 39005 3368 38123 34204 2903 31301 27889 3412 3162 27430 23898
is_linear=0
shrinkage=0.035


Tree=295
num_leaves=15
num_cat=0
split_feature=53 62 60 36 39 1 46 27 39 21 54 59 40 62
split_gain=134.964 306.608 339.494 134.331 103.017 84.6414 75.2481 74.9147 83.7054 143.165 97.4176 93.1797 88.4143 84.4745
threshold=0.8514705882352942 -0.36458333333333298 -0.7721279831368929 22.750000000000004 7.9500000000000011 1.5000000000000002 -1.3499999999999994 3.5000000000000004 11.950000000000001 1.0000000180025095e-35 7.5000000000000009 0.30081702196488996 1.1500000000000012 -2.1354166666666674
decision_type=2 2 2 2 2 2 2 2 2 2 2 2 2 2
left_child=-1 3 4 5 -3 -2 -6 -7 10 11 -9 -10 13 -12
right_child=1 2 -4 -5 6 7 -8 8 9 -11 12 -13 -14 -15
leaf_value=6.6900439992008927e-07 2.5375738278093653e-07 -1.7996816152297714e-05 -1.0959910522774676e-06 -7.6017898080732481e-06 6.5521270409517147e-07 -9.5390022221420278e-09 -6.6509002496300106e-08 -6.2517337294778862e-09 7.4540993887129191e-07 -9.6111771274138227e-08 1.9061309469416717e-10 3.3864151156115805e-08 1.0958424116803885e-06 -9.4730846580027867e-09
leaf_weight=115005.51499110879 594.165926348418 95.45025379024446 1145.9371742969379 191.29835002496839 317.98007796891034 796.65435262024403 241.08978979988024 530.84177886322141 329.72529467940331 234.92979044001549 4467.0227926904336 437.62144401296973 115.90769922733307 2373.0818798961118
leaf_count=403624 4099 385 2737 952 1368 2903 1007 2888 1078 1058 16565 1612 486 8686
internal_value=-0.000316605 -0.00386791 -0.017129 -0.00148255 0.00296943 -0.000904932 0.0088154 -0.0017291 -0.000759624 0.00868849 -0.00203436 0.0159713 -0.000920492 -0.00145339
internal_weight=126877 11871.7 1800.46 10071.2 654.52 9879.95 559.07 9285.79 8489.13 1002.28 7486.85 767.347 6956.01 6840.1
internal_count=449448 45824 5497 40327 2760 39375 2375 35276 32373 3748 28625 2690 25737 25251
is_linear=0
shrinkage=0.035


Tree=296
num_leaves=15
num_cat=0
split_feature=52 62 60 36 39 54 1 61 27 39 21 59 59 63
split_gain=114.611 287.068 327.386 127.564 109.207 99.507 82.5794 92.1349 88.6238 101.745 127.596 91.5569 88.844 124.07
threshold=0.050239005736137654 -0.36458333333333298 -0.7721279831368929 22.750000000000004 7.9500000000000011 4.5000000000000009 1.5000000000000002 -3.9041666666666663 3.5000000000000004 11.950000000000001 1.0000000180025095e-35 0.89773508019357628 0.073094453017891456 0.1041666666666667
decision_type=2 2 2 2 2 2 2 2 2 2 2 2 2 2
left_child=1 3 4 6 -3 -4 -1 -8 -9 12 11 -11 13 -10
right_child=-2 2 5 -5 -6 -7 7 8 9 10 -12 -13 -14 -15
leaf_value=2.6845442703755529e-07 6.4558924592288608e-07 -1.7297111508511687e-05 -8.0474279341531901e-07 -7.3042749451771008e-06 7.5410881876651576e-08 -1.0576313654477562e-06 5.5778807687910268e-10 -2.0806910170406171e-08 -5.6577211738611263e-09 6.4709183448588884e-07 -9.2747859279543394e-08 -2.5062473847816021e-08 -1.5788966558795175e-10 1.6541157234887771e-07
leaf_weight=609.27045237645507 114968.21926414687 94.314276037737727 196.76196401566267 180.10835973918438 548.90174554241821 1025.5489779254422 575.38266409188509 658.46720675379038 1787.1094007561915 513.78378944098949 235.72787943761796 253.13874364644289 4889.3046834468842 341.18218841031194
leaf_count=4046 404125 376 400 884 2307 2440 921 2541 5935 1744 1063 928 20636 1102
internal_value=-0.000290747 -0.00355769 -0.0161275 -0.00120918 0.00405399 -0.0266944 -0.000661161 -0.00148767 -0.00239165 -0.00136936 0.00900517 0.0158878 -0.00286234 -0.00881307
internal_weight=126877 11909 1865.53 10043.5 643.216 1222.31 9863.37 9254.1 8678.71 8020.25 1002.65 766.923 7017.6 2128.29
internal_count=449448 45323 5523 39800 2683 2840 38916 34870 33949 31408 3735 2672 27673 7037
is_linear=0
shrinkage=0.035


Tree=297
num_leaves=15
num_cat=0
split_feature=52 62 60 49 36 39 1 36 61 27 39 21 53 41
split_gain=97.4878 190.36 176.342 173.867 115.891 94.8413 80.6037 71.7329 65.8726 89.8066 87.7306 113.025 105.761 65.7759
threshold=0.081869826854312558 -0.36458333333333298 -0.7721279831368929 0.24264705882352944 22.750000000000004 7.6500000000000012 1.5000000000000002 7.3500000000000005 -3.9041666666666663 3.5000000000000004 11.950000000000001 1.0000000180025095e-35 0.98750000000000016 12.350000000000003
decision_type=2 2 2 2 2 2 2 2 2 2 2 2 2 2
left_child=1 4 5 -4 6 -3 -1 -7 -8 -10 13 12 -12 -11
right_child=-2 2 3 -5 -6 7 8 -9 9 10 11 -13 -14 -15
leaf_value=2.7522240135398362e-07 9.6996906634617394e-07 -1.6677347004233358e-05 -5.0292551825750283e-06 -1.0208823000741965e-06 -7.0001481887041622e-06 -4.625949576660795e-08 5.1701325198305174e-10 4.6295794461519179e-07 -2.1025307075939627e-08 -1.7274286522904911e-09 -8.860681979541141e-08 -8.7847113473051138e-08 3.4210221908690455e-07 8.1453747700750755e-05
leaf_weight=645.11579554341733 113710.8647891928 98.263366280123591 455.24914190173149 1166.3561274437234 192.02731796354055 312.31971190101467 736.77902164310217 258.01453770860098 706.42184420675039 7442.7348682668526 263.21386424452066 260.17772427294403 561.39665222913027 68.286832969635725
leaf_count=4432 400855 401 888 2766 932 1225 1090 1217 2656 28691 819 1174 1943 359
internal_value=-0.000264036 -0.00311399 -0.012262 -0.0184667 -0.00117819 0.00283711 -0.000680964 0.00840812 -0.00145582 -0.00225655 -0.00126272 0.0079964 0.014308 -0.00260884
internal_weight=126877 13166.4 2290.2 1621.61 10876.2 668.598 10684.1 570.334 10039 9302.23 8595.81 1084.79 824.611 7511.02
internal_count=449448 48593 6497 3654 42096 2843 41164 2442 36732 35642 32986 3936 2762 29050
is_linear=0
shrinkage=0.035


Tree=298
num_leaves=15
num_cat=0
split_feature=52 60 62 40 36 49 25 36 1 61 27 15 52 59
split_gain=73.7493 122.661 122.116 114.223 110.424 103.59 144.555 105.082 71.1044 74.1252 73.7525 64.3144 62.9129 68.522
threshold=0.081869826854312558 -0.99626127116974506 -0.36458333333333298 0.30000000000000043 22.750000000000004 0.24264705882352944 1.0000000180025095e-35 5.2500000000000009 1.5000000000000002 -3.9041666666666663 3.5000000000000004 1.0000000180025095e-35 0.16800682982356294 0.80900950266415306
decision_type=2 2 2 2 2 2 2 2 2 2 2 2 2 2
left_child=1 11 4 5 8 -4 -7 -8 -3 -10 -11 -1 13 -2
right_child=12 2 3 -5 -6 6 7 -9 9 10 -12 -13 -14 -15
leaf_value=1.9610427204372543e-07 5.401350603903635e-05 2.1722812503768918e-07 -4.8532312511849e-06 1.9257345123411022e-08 -6.7551430020995169e-06 -3.4282173884014466e-06 3.175373253039318e-08 -1.7740296386918407e-06 4.9891778816364492e-10 -2.0289421328281736e-08 -1.2413227741765393e-09 8.96606920916636e-07 -5.0998637199364105e-06 -7.7281259012802669e-05
leaf_weight=293.94036993687041 14301.334997689119 618.17638727091253 439.31130690127611 426.25503771333024 192.02731796354055 956.99725959356874 244.12118865549564 119.41177561879158 736.77902164310217 706.42184420675039 8209.7350872037932 223.18020986765623 96816.683804947417 2592.8459865562618
leaf_count=1210 30303 4247 898 1855 932 2594 278 471 1090 2656 31532 830 363562 6990
internal_value=-0.00022446 -0.00270326 -0.0033902 -0.0108944 -0.00181342 -0.0148157 -0.0196812 -0.000842294 -0.00130809 -0.00204866 -0.00293296 0.0138455 6.27675e-05 0.00203291
internal_weight=126877 13166.4 12649.2 2186.1 10463.1 1759.84 1320.53 363.533 10271.1 9652.94 8916.16 517.121 113711 16894.2
internal_count=449448 48593 46553 6096 40457 4241 3343 749 39525 35278 34188 2040 400855 37293
is_linear=0
shrinkage=0.035


Tree=299
num_leaves=15
num_cat=1
split_feature=52 60 62 36 64 3 25 49 11 62 15 36 1 61
split_gain=71.9718 122.14 111.384 110.13 108.534 89.9529 107.97 114.52 94.8576 94.299 72.0055 93.5921 67.6671 69.981
threshold=0.081869826854312558 -0.99626127116974506 -0.36458333333333298 22.750000000000004 0.30208333333333354 0 1.0000000180025095e-35 0.24264705882352944 1.0004072257960555 -0.14791666666666711 1.0000000180025095e-35 4.4500000000000011 1.5000000000000002 -3.9041666666666663
decision_type=2 2 2 2 2 1 2 2 2 2 2 2 2 2
left_child=1 -1 3 12 5 -4 7 -7 9 -8 -9 -12 -3 -14
right_child=-2 2 4 -5 -6 6 8 10 -10 -11 11 -13 13 -15
leaf_value=6.4673959352343517e-07 9.1323241228887142e-07 2.0962514066137005e-07 1.0913352399153672e-06 -6.5187129970260331e-06 3.7712297201021592e-07 -2.2416311466920877e-06 -9.7536936747942823e-07 -2.3622029848429685e-05 -3.7589068550942842e-06 3.2387617097017015e-08 -3.2261194646274905e-07 1.8583338044091635e-08 4.8145566557791732e-10 -2.2827777312159136e-09
leaf_weight=517.12057980452664 113710.8647891928 618.17638727091253 255.54670537030324 192.02731796354055 99.538075400516391 277.5666507743299 124.5668343603611 720.56685103755444 132.73205128312111 234.57462354004383 164.23639935255051 176.76837736368179 736.77902164310217 8916.1569314105436
leaf_count=2040 400855 4247 865 932 417 565 231 2232 390 486 276 634 1090 34188
internal_value=-0.000219254 -0.002668 -0.0033535 -0.00184747 -0.0105205 -0.0122546 -0.0149618 -0.0200798 -0.00090532 0.00848156 -0.0252697 -0.0115483 -0.00134277 -0.00206517
internal_weight=126877 13166.4 12649.2 10463.1 2186.1 2086.56 1831.01 1339.14 491.874 359.141 1061.57 341.005 10271.1 9652.94
internal_count=449448 48593 46553 40457 6096 5679 4814 3707 1107 717 3142 910 39525 35278
cat_boundaries=0 1
cat_threshold=4
is_linear=0
shrinkage=0.035


Tree=300
num_leaves=15
num_cat=0
split_feature=52 64 36 60 39 52 49 39 2 63 64 63 42 63
split_gain=42.9775 106.971 99.3167 77.8944 79.1863 70.1179 73.9324 63.0158 92.7487 60.0955 58.8145 63.2527 59.1431 73.5248
threshold=0.098098987544079572 -0.36874999999999986 22.650000000000002 -0.99626127116974506 8.9500000000000011 0.16800682982356294 0.89444444444444449 17.350000000000005 1.5000000000000002 0.04791666666666667 0.25208333333333338 0.1041666666666667 5.2500000000000009 1.0000000180025095e-35
decision_type=2 2 2 2 2 2 2 2 2 2 2 2 2 2
left_child=1 -1 3 4 9 -2 -7 10 -9 -3 12 -12 -5 -14
right_child=5 2 -4 7 -6 6 -8 8 -10 -11 11 -13 13 -15
leaf_value=-1.1503741509223995e-06 4.431817903981263e-05 -6.4038500288411365e-08 -6.6211220092448625e-06 -5.9125618200382386e-10 8.0161233228044809e-07 -5.8955544747569745e-06 2.579623231912556e-06 4.318984025741794e-09 -5.5170363931901221e-07 1.0222594469473437e-06 -1.9659464062560364e-08 8.0089402801113602e-07 1.2211068603014911e-07 -4.5398429294961034e-08
leaf_weight=293.01444888859987 15515.086854909081 110.23711165040731 272.30769617855549 11606.925666428404 348.03702810197137 96659.270837345626 157.41296760179102 224.26114522665739 297.1401709811762 78.21280662715435 107.71480791270733 238.81692657805979 100.08565038442612 868.69747695326805
leaf_count=1539 34026 380 1161 39891 1443 362676 886 870 740 268 503 1003 426 3636
internal_value=-0.000155841 -0.00194529 -0.00150669 -0.00109085 0.0118642 7.60208e-05 -0.000274102 -0.00161628 -0.0134294 -0.00620882 -0.00112961 0.0128908 -0.00152589 -0.0097885
internal_weight=126877 14545.5 14252.4 13980.1 536.487 112332 96816.7 13443.6 521.401 188.45 12922.2 346.532 12575.7 968.783
internal_count=449448 51860 50321 49160 2091 397588 363562 47069 1610 648 45459 1506 43953 4062
is_linear=0
shrinkage=0.035


Tree=301
num_leaves=15
num_cat=0
split_feature=51 36 64 39 40 42 63 21 62 6 39 39 62 52
split_gain=41.1082 125.368 119.621 82.8702 73.6064 98.1571 83.1018 65.5356 85.4904 159.078 79.3179 108.885 76.6026 65.4797
threshold=0.040942582852571741 22.750000000000004 -0.3520833333333333 18.250000000000004 1.7000000000000013 5.2500000000000009 1.0000000180025095e-35 1.0000000180025095e-35 -0.34374999999999906 0.80013466056551608 11.950000000000001 12.850000000000003 -3.6645833333333315 0.16800682982356294
decision_type=2 2 2 2 2 2 2 2 2 2 2 2 2 2
left_child=1 2 -1 4 5 7 -7 10 -9 -10 -4 12 -12 -2
right_child=13 -3 3 -5 -6 6 -8 8 9 -11 11 -13 -14 -15
leaf_value=-1.1101110556401157e-06 3.7922323157637172e-05 -6.4081522531720292e-06 1.6863862828361098e-10 -5.3239401194284684e-07 4.2920791687416704e-07 1.178368120190939e-07 -5.2222109661727524e-08 -7.8981974742110003e-10 -2.3547494236992529e-05 0.00035591250675608122 -3.6729265907483862e-08 -1.8532061633331517e-08 5.8314308320112912e-07 -6.5287816937776614e-06
leaf_weight=297.99464893341064 16782.070729516679 251.43348041921854 7262.1218814770691 307.07515300810337 342.08494937047362 104.98076889291406 870.16373944655061 2763.4534245070536 321.11444114800543 245.26287105772644 78.97934028506279 324.35164988785982 534.5633474229835 96391.571170394775
leaf_count=1634 36237 1292 25899 912 1617 479 3779 11655 1052 685 298 1163 2018 360728
internal_value=-0.000154903 -0.00196466 -0.001497 -0.000991384 -0.000554682 -0.00099827 -0.0116024 -9.21403e-05 -0.00422566 -0.0164886 0.00158949 0.0111117 0.0196761 6.43847e-05
internal_weight=126877 13703.6 13452.1 13154.2 12847.1 12505 975.145 11529.8 3329.83 566.377 8200.02 937.894 613.543 113174
internal_count=449448 52483 51191 49557 48645 47028 4258 42770 13392 1737 29378 3479 2316 396965
is_linear=0
shrinkage=0.035


Tree=302
num_leaves=15
num_cat=0
split_feature=52 36 64 60 39 40 42 63 39 63 52 49 39 21
split_gain=40.2061 105.883 78.8637 74.0997 78.7779 68.1875 64.5543 75.9028 65.4076 60.0955 58.5017 77.4727 58.0275 56.4511
threshold=0.098098987544079572 19.750000000000004 -0.39583333333333331 -0.99626127116974506 8.9500000000000011 1.7000000000000013 5.3500000000000005 1.0000000180025095e-35 16.650000000000002 0.04791666666666667 0.16800682982356294 0.89444444444444449 19.950000000000003 1.0000000180025095e-35
decision_type=2 2 2 2 2 2 2 2 2 2 2 2 2 2
left_child=1 2 -1 4 9 6 8 -8 -5 -4 -2 13 -7 -12
right_child=10 -3 3 5 -6 12 7 -9 -10 -11 11 -13 -14 -15
leaf_value=-8.7065932714369261e-07 4.1439761462901963e-05 -2.2525418993480226e-06 -6.1803055130306889e-08 -4.5681009333815352e-10 7.5314589273859279e-07 3.208700999188728e-07 1.1371252359842561e-07 -4.6227257117942006e-08 -5.0801351471520767e-07 9.8650800999534645e-07 -1.8591540784116223e-05 2.5036574414930515e-06 -3.1291207895820367e-07 3.4386642477830708e-05
leaf_weight=190.61604986339808 15515.086854909081 816.64222937077284 110.23711165040731 11256.086418227525 347.03889477043413 410.15687322244048 100.08565038442612 907.51846604794264 278.91495581064373 78.21280662715435 70748.827696923865 157.41296760179102 49.941479936242104 25910.443140421761
leaf_count=1088 34026 3442 380 38425 1439 1713 426 3792 685 268 255815 886 202 106861
internal_value=-0.000156755 -0.00188754 -0.00115416 -0.000830733 0.011808 -0.00135991 -0.00184903 -0.0103002 -0.00110252 -0.00620882 6.75064e-05 -0.000252302 0.0117297 -0.000293474
internal_weight=126877 14545.5 13728.8 13538.2 535.489 13002.7 12542.6 1007.6 11535 188.45 112332 96816.7 460.098 96659.3
internal_count=449448 51860 48418 47330 2087 45243 43328 4218 39110 648 397588 363562 1915 362676
is_linear=0
shrinkage=0.035


Tree=303
num_leaves=15
num_cat=0
split_feature=64 57 60 64 42 40 60 11 40 64 44 57 28 62
split_gain=37.2639 80.4406 107.699 72.6975 82.6944 65.9836 63.9415 61.1615 53.319 58.2563 68.8554 71.1456 67.547 55.4341
threshold=-0.039583333333333325 0.0055234012931861991 0.98367285631203072 -0.3520833333333333 0.29999999999999855 0.30000000000000066 0.78827585631460528 1.0000076468051085 0.50000000000000044 -0.29374999999999996 1.5050000000000001 0.24696342784683112 56.500000000000007 4.5125000000000011
decision_type=2 2 2 2 2 2 2 2 2 2 2 2 2 2
left_child=1 2 3 -1 6 -6 -5 -4 9 10 11 -3 -13 -11
right_child=-2 8 7 4 5 -7 -8 -9 -10 13 -12 12 -14 -15
leaf_value=-1.1343855958161245e-06 -4.085756739669297e-09 -1.6148819332833511e-05 5.5051090239830805e-07 2.2797014256385915e-08 -5.1744189043652188e-08 4.8990745184402077e-08 -2.3009082450311346e-08 -1.7128999239793546e-07 -0.0002050867992771118 9.8036684172569003e-05 -0.0013707895021228956 0.0025307554673230843 -0.00011491038030925685 -0.0011094049232283703
leaf_weight=422.20767179876566 94077.932535609696 687.73121674731374 193.91937102377415 1056.879145052284 2525.2455810799729 527.79048136784695 185.79064630717039 145.4055453389883 3831.4187162816525 20304.583223066293 322.54240188002586 1584.4949600510299 414.34256199374795 596.9375381693244
leaf_count=2270 317598 3027 491 5169 10726 2112 638 484 15418 77784 1314 7708 1917 2792
internal_value=-0.000145012 0.000870677 -0.00318486 -0.00456472 -0.00317989 -0.00627236 0.00440721 0.015582 0.00161086 0.00222507 0.00677053 0.00860628 0.0119329 0.00156776
internal_weight=126877 32799.3 5057.24 4717.91 4295.71 3053.04 1242.67 339.325 27742.1 23910.6 3009.11 2686.57 1998.84 20901.5
internal_count=449448 131850 21890 20915 18645 12838 5807 975 109960 94542 13966 12652 9625 80576
is_linear=0
shrinkage=0.035


Tree=304
num_leaves=15
num_cat=0
split_feature=51 36 64 60 39 28 19 61 64 28 59 61 1 64
split_gain=36.7802 126.338 96.9831 64.8077 81.5099 70.5109 62.9902 113.163 128.108 122.023 114.958 112.318 107.414 91.1665
threshold=0.040942582852571741 22.750000000000004 -0.3520833333333333 -0.99626127116974506 8.9500000000000011 5.5000000000000009 1.0000000180025095e-35 11.391666666666667 -0.1270833333333333 52.500000000000007 0.46735488928835739 -7.029166666666665 2.5000000000000004 -0.064583333333333312
decision_type=2 2 2 2 2 2 2 2 2 2 2 2 2 2
left_child=1 2 -1 4 -4 -5 7 11 -9 13 12 -7 -11 -10
right_child=-2 -3 3 5 -6 6 -8 8 9 10 -12 -13 -14 -15
leaf_value=-1.001080596389118e-06 7.3626584681310465e-07 -6.1048849563479398e-06 -2.5176178255466785e-08 1.5637035369247637e-09 7.2238302726312391e-07 1.607351971175984e-09 1.377587014735459e-09 -8.8623535412739297e-08 2.5294824649085149e-08 7.1606850572199117e-08 1.395148950898004e-07 -1.4667192008576165e-08 -2.6768733437315921e-08 -3.1671365842313915e-09
leaf_weight=297.99464893341064 113173.64189991145 251.43348041921854 183.56154325604439 1578.51380841434 340.60217679734342 466.36664035916328 2938.5894058356062 526.42284021526575 269.39110269397497 380.63257759809494 472.90118047222495 3536.5280552250333 386.83055525273085 2073.8116803839803
leaf_count=1634 396965 1292 656 5859 1494 654 12897 2344 1100 1652 2244 10754 1500 8403
internal_value=-0.000160316 -0.00187216 -0.00140276 -0.000947457 0.0109954 -0.00145141 -0.00244062 -0.0040296 5.22674e-05 0.00243376 0.0112643 -0.00821037 0.00280713 -0.00226866
internal_weight=126877 13703.6 13452.1 13154.2 524.164 12630 11051.5 8112.88 4109.99 3583.57 1240.36 4002.89 767.463 2343.2
internal_count=449448 52483 51191 49557 2150 47407 41548 28651 17243 14899 5396 11408 3152 9503
is_linear=0
shrinkage=0.035


Tree=305
num_leaves=15
num_cat=0
split_feature=40 1 59 1 1 59 63 1 39 64 57 11 36 57
split_gain=34.1312 188.347 87.5912 149.207 86.8831 59.8748 59.671 55.4045 84.8323 84.2822 70.8529 66.1446 64.7274 63.4014
threshold=0.50000000000000044 9.5000000000000018 0.61866567420209762 16.500000000000004 18.500000000000004 0.021515898191483886 0.13541666666666671 6.5000000000000009 18.150000000000002 -0.027083333333333338 1.0295776135954902 1.0000000726240497 -8.8499999999999996 2.0226728560773704
decision_type=2 2 2 2 2 2 2 2 2 2 2 2 2 2
left_child=7 6 4 -4 -3 -6 -2 8 10 -9 11 12 -1 -11
right_child=1 2 3 -5 5 -7 -8 9 -10 13 -12 -13 -14 -15
leaf_value=8.1722986106953045e-10 -2.6478544010340673e-08 0.00042594621723838154 -0.0021218578232750358 -2.4523402405931851e-05 -0.00099264084010007299 -4.4061655082885088e-06 1.405162679656525e-06 0.00027309483683432469 -4.3036609171650507e-05 2.8992874800831024e-05 -0.0033779517079970968 -7.9847057831401373e-08 3.43692121324428e-10 -0.00064040837854165004
leaf_weight=962.50586933642626 1564.4012970705517 2389.5436063166708 2764.5160994939506 1692.7325991652906 840.41589855775237 699.97670160233974 3641.5547068025917 21017.668583903927 428.13840247690678 52440.221506422153 269.57736678491347 17397.830510557862 14525.056948686019 6243.0814985905308
leaf_count=1376 5778 8100 11889 8622 2385 2448 13878 83187 1134 174868 751 64330 50493 20209
internal_value=-0.000132906 -0.00178944 -0.005033 -0.008386 -0.00121846 -0.00767362 0.00343581 6.60044e-05 -0.00112621 0.000568438 -0.000923734 -0.000774332 0.000889081 -0.000112807
internal_weight=126877 13593.1 8387.18 4457.25 3929.94 1540.39 5205.96 113284 33583.1 79701 33155 32885.4 15487.6 58683.3
internal_count=449448 53100 33444 20511 12933 4833 19656 396348 118084 278264 116950 116199 51869 195077
is_linear=0
shrinkage=0.035


Tree=306
num_leaves=15
num_cat=0
split_feature=40 1 59 1 1 59 53 57 62 41 27 60 60 46
split_gain=40.7402 152.454 84.7167 140.629 79.8485 61.761 63.5468 71.4472 69.4501 73.9967 128.959 62.1098 58.4953 52.9956
threshold=0.50000000000000044 9.5000000000000018 0.61866567420209762 16.500000000000004 18.500000000000004 0.63209755774300602 0.7947368421052633 0.025513901728264912 -1.4041666666666657 3.3500000000000028 23.500000000000004 0.96457844552971317 0.95493138204271844 4.7500000000000018
decision_type=2 2 2 2 2 2 2 2 2 2 2 2 2 2
left_child=-1 5 4 13 -3 6 7 -2 -8 -10 -11 -9 -6 -4
right_child=1 2 3 -5 12 -7 8 11 9 10 -12 -13 -14 -15
leaf_value=3.9129436090418723e-10 3.4683815598907536e-05 0.00041103809963503825 -0.0021744236995489769 -2.3665083321724182e-05 -0.0011571415453859556 5.6429220702936705e-05 -1.1713475544016321e-07 -0.00011488688264711883 8.0415670807673263e-08 -1.0387092080128706e-07 8.9035998820512845e-08 0.0011926654108036794 2.7467144881038691e-05 0.0017437787887616474
leaf_weight=113284.08068675874 676.52582467137836 2389.5436063166708 2661.7949993051589 1692.7325991652906 874.03969791904092 1470.3892007023096 209.3288915976882 1996.3369930509944 255.36338114342652 233.05640703253448 115.32240887894295 249.63289679586887 666.3529022410512 102.72110018879175
leaf_count=396348 2280 8100 11511 8622 2961 6723 725 6927 1029 795 499 678 1872 378
internal_value=-0.000117651 -0.00192747 -0.00484551 -0.008143 -0.00109439 0.00277398 0.000375402 0.00278642 -0.00821931 -0.00205587 -0.0123987 -0.000232977 -0.00728285 -0.0129935
internal_weight=126877 13593.1 8387.18 4457.25 3929.94 5205.96 3735.57 2922.5 813.071 603.742 348.379 2245.97 1540.39 2764.52
internal_count=449448 53100 33444 20511 12933 19656 12933 9885 3048 2323 1294 7605 4833 11889
is_linear=0
shrinkage=0.035


Tree=307
num_leaves=15
num_cat=0
split_feature=40 1 52 21 57 57 59 39 63 27 42 62 28 58
split_gain=59.0932 102.284 113.16 74.7392 99.7499 98.861 80.2851 67.2555 67.6575 63.2579 61.242 55.8644 54.5984 65.6936
threshold=0.50000000000000044 10.500000000000002 0.073070811539587124 1.0000000180025095e-35 1.6984467519093798 1.9356492514856609 0.63874350706337069 10.15 0.52083333333333348 59.500000000000007 2.2500000000000004 -0.36458333333333298 49.500000000000007 10.843544550442299
decision_type=2 2 2 2 2 2 2 2 2 2 2 2 2 2
left_child=-1 2 7 5 9 6 -3 10 11 -5 -2 -9 -4 -14
right_child=1 3 12 4 -6 -7 -8 8 -10 -11 -12 -13 13 -15
leaf_value=3.7759905827254064e-10 -6.015811214740754e-08 -0.00041415777578544734 8.609588847459375e-05 0.0021437065735782435 -0.0024865269421578732 0.0010712683927283776 -0.0016687136286697268 -2.5221432434069324e-07 7.1220951885394362e-08 -0.00025014607348745053 1.6477585564832693e-07 -2.0330960577332448e-08 -4.4955709611279946e-05 0.0002688162480748866
leaf_weight=113284.08068675874 153.20780225098133 2826.6850756388158 2342.2189835011959 601.14915667101741 497.30817212536931 675.25264165177941 2679.440785933286 400.15794322267175 113.58354990929365 501.3828719034791 157.0903846770525 202.9499485543929 2052.2810970181599 390.43249595165253
leaf_count=396348 524 9090 8784 2743 2645 2768 11560 1590 441 2298 663 972 8393 629
internal_value=-0.000162064 -0.00234175 0.00117038 -0.00496315 0.00177059 -0.00670599 -0.00825562 -0.00931579 -0.0151467 0.00762541 0.00420431 -0.0197678 0.00343576 -0.000228277
internal_weight=126877 13593.1 5811.92 7781.22 1599.84 6181.38 5506.13 1026.99 716.691 1102.53 310.298 603.108 4784.93 2442.71
internal_count=449448 53100 21996 31104 7686 23418 20650 4190 3003 5041 1187 2562 17806 9022
is_linear=0
shrinkage=0.035


Tree=308
num_leaves=15
num_cat=0
split_feature=40 1 52 62 41 27 42 59 1 1 59 46 28 9
split_gain=50.5751 103.376 74.9626 86.2618 109.354 108.244 85.1885 70.1428 126.868 58.9692 55.7722 53.8233 51.0026 48.7355
threshold=0.50000000000000044 10.500000000000002 0.073070811539587124 -1.4041666666666657 3.3500000000000028 23.500000000000004 24.050000000000001 0.63209755774300602 16.500000000000004 18.500000000000004 0.021515898191483886 4.7500000000000018 1.5000000000000002 1.0178134853620422
decision_type=2 2 2 2 2 2 2 2 2 2 2 2 2 2
left_child=13 2 3 6 -5 -6 -2 9 11 -3 -11 -9 -10 -1
right_child=1 7 -4 4 5 -7 -8 8 12 10 -12 -13 -14 -15
leaf_value=-1.3327711263479083e-09 -6.0798139932367174e-07 0.00033230248599492435 3.770852310692333e-05 7.1833967381713246e-08 -9.3726676746830318e-08 8.015258391410345e-08 7.6579566779802263e-05 -0.0022371959171825981 0.0025400238137289889 -0.0009165186493442759 5.46786352859377e-05 0.0016077168010797513 -0.00035165390169727251 5.2811375841566812e-05
leaf_weight=91147.866923187161 337.52544115483761 2190.7216057423502 4784.9325764710084 259.42834523669444 262.24391591176391 122.32840174599551 45.46352456510067 2293.1135989613831 211.49120152741671 840.41589855775237 719.20810174942017 102.72110018879175 1423.5471971966326 22136.213763571577
leaf_count=303857 1500 7488 17806 1047 907 522 214 9945 1494 2385 2529 378 6885 92491
internal_value=-0.00014534 -0.00216181 0.00136875 -0.00716721 0.000707638 -0.0110403 -0.0200899 -0.00479722 -0.00799686 -0.00134613 -0.00652613 -0.0131095 -0.000471183 9.67895e-05
internal_weight=126877 13593.1 5811.92 1026.99 644.001 384.572 382.989 7781.22 4030.87 3750.35 1559.62 2395.83 1635.04 113284
internal_count=449448 53100 21996 4190 2476 1429 1714 31104 18702 12402 4914 10323 8379 396348
is_linear=0
shrinkage=0.035


Tree=309
num_leaves=15
num_cat=0
split_feature=40 1 59 1 62 1 39 62 39 46 53 28 57 28
split_gain=42.6533 104.115 65.1851 116.908 57.0805 55.2603 68.4866 73.3782 99.9202 51.7404 51.5133 51.0725 54.3161 47.6914
threshold=0.50000000000000044 10.500000000000002 0.63209755774300602 16.500000000000004 -2.1999999999999993 3.5000000000000004 12.050000000000002 -1.3041666666666667 14.250000000000002 4.7500000000000018 0.98750000000000016 29.500000000000004 0.13859348036520475 1.5000000000000002
decision_type=2 2 2 2 2 2 2 2 2 2 2 2 2 2
left_child=-1 5 4 9 -3 6 -2 -8 -9 -4 -10 -7 -13 -5
right_child=1 2 3 13 -6 11 7 8 10 -11 -12 12 -14 -15
leaf_value=3.4222011783469665e-10 1.3071972142981597e-08 -0.002793035925706839 -0.0021588940600812071 0.0024511229802484744 -4.6966107292087518e-05 0.00036507401279454858 -1.5936355665672166e-06 -9.0446243060691257e-08 2.2159074825516121e-07 0.0015514467130419598 6.6914253134549584e-07 3.8874867129693666e-05 -0.00010683118298585875 -0.00033934601513786798
leaf_weight=113284.08068675874 879.9661016985774 116.41799879819155 2293.1135989613831 211.49120152741671 3633.9276072513312 1183.5603943057358 282.84529922530055 270.36899994732812 257.44804420135915 102.72110018879175 92.223255710676312 485.09372420422733 2360.4163857921958 1423.5471971966326
leaf_count=396348 3411 369 9945 1494 12033 4635 1017 1053 894 378 393 1966 8627 6885
internal_value=-0.000140872 -0.0019927 -0.00463757 -0.00772207 -0.00131063 0.00155024 -0.00356705 -0.0102878 -0.00340888 -0.0126299 0.00885973 0.00381784 0.00126412 -0.000497561
internal_weight=126877 13593.1 7781.22 4030.87 3750.35 5811.92 1782.85 902.886 620.04 2395.83 349.671 4029.07 2845.51 1635.04
internal_count=449448 53100 31104 18702 12402 21996 6768 3357 2340 10323 1287 15228 10593 8379
is_linear=0
shrinkage=0.035


Tree=310
num_leaves=15
num_cat=0
split_feature=40 1 21 57 57 59 51 41 64 36 42 28 63 63
split_gain=43.0231 90.8358 63.8285 90.2386 83.0974 66.2397 56.8905 59.9942 85.1246 83.4239 54.8471 79.3556 71.9983 52.8567
threshold=0.50000000000000044 10.500000000000002 1.0000000180025095e-35 1.6984467519093798 1.9356492514856609 0.63874350706337069 0.034263085399449042 0.65000000000000135 0.26041666666666674 7.5500000000000007 2.5499999999999998 29.500000000000004 0.30625000000000008 0.060416666666666681
decision_type=2 2 2 2 2 2 2 2 2 2 2 2 2 2
left_child=-1 6 4 13 5 -3 7 -2 9 -9 -10 -12 -13 -4
right_child=1 2 3 -5 -6 -7 -8 8 10 -11 11 12 -14 -15
leaf_value=3.3024241371048229e-10 1.261445311797724e-08 -0.00038740867850606145 -0.0028331193170632635 -0.0023347307775293592 0.0010279870163433891 -0.0015085533200162621 3.7141139190011678e-05 -2.7530962835097215e-07 1.8496975258752001e-08 -2.2858089397783451e-08 -1.1217040640493474e-06 -3.5107590559106749e-07 2.929138356293065e-07 0.0013192241588642895
leaf_weight=113284.08068675874 72.469499856233597 2826.6850756388158 59.055832765996456 497.30817212536931 675.25264165177941 2679.440785933286 4741.0171635346487 323.88500942452811 132.81985883787274 206.46747163101099 139.83209064975381 73.664110848680139 121.76700030267239 1043.4761958085001
leaf_count=396348 220 9090 387 2645 2768 11560 17489 1161 475 1099 657 434 461 4654
internal_value=-0.000141834 -0.00200167 -0.00447207 0.00175022 -0.00608273 -0.0075035 0.0013078 -0.00594273 -0.00824104 -0.0177087 0.00263212 -0.00497162 0.0093128 0.00731856
internal_weight=126877 13593.1 7781.22 1599.84 6181.38 5506.13 5811.92 1070.91 998.436 530.352 468.083 335.263 195.431 1102.53
internal_count=449448 53100 31104 7686 23418 20650 21996 4507 4287 2260 2027 1552 895 5041
is_linear=0
shrinkage=0.035


Tree=311
num_leaves=15
num_cat=0
split_feature=40 1 21 57 57 61 49 41 64 36 39 63 41 1
split_gain=41.2089 84.7905 58.2962 87.724 77.6457 63.5716 53.5965 62.8485 84.2048 81.9102 55.6078 57.9717 78.1519 45.8015
threshold=0.50000000000000044 10.500000000000002 1.0000000180025095e-35 1.9457091221088376 1.9356492514856609 11.129166666666668 0.71111111111111114 0.65000000000000135 0.26041666666666674 7.5500000000000007 20.050000000000004 0.28958333333333341 1.7500000000000016 6.5000000000000009
decision_type=2 2 2 2 2 2 2 2 2 2 2 2 2 2
left_child=13 6 4 -4 5 -3 -2 -8 9 -9 11 12 -10 -1
right_child=1 2 3 -5 -6 -7 7 8 10 -11 -12 -13 -14 -15
leaf_value=-2.1379507608434741e-09 3.5878084557024906e-05 -0.00030650612677277864 0.00074060995752876747 -0.0043637329807248871 0.0009920074707713705 -0.001492816758406234 1.2172947258848036e-08 -2.6567379135868813e-07 1.5910931196853789e-08 -1.9908927128511544e-08 -1.9748700763265433e-06 2.3332067417604617e-07 -1.9998966383638003e-07 6.1935830724097322e-05
leaf_weight=33583.109097842127 4751.8171258454677 2543.4233955126256 1388.4945862814784 211.34561441838741 675.25264165177941 2962.7024660594761 68.704799808561802 320.97072357102297 101.96362595260143 203.05815805285238 50.30174931883812 157.46964993700385 157.63637259905227 79700.971588916611
leaf_count=118084 17446 7935 6550 1136 2768 12715 216 1148 357 1148 227 620 834 278264
internal_value=-0.000137075 -0.00195728 -0.00434405 0.00160282 -0.0058833 -0.00725667 0.0012402 -0.00584064 -0.00815866 -0.0176566 0.0026375 0.00702805 -0.0032132 8.1488e-05
internal_weight=126877 13593.1 7781.22 1599.84 6181.38 5506.13 5811.92 1060.11 991.4 524.029 467.371 417.07 259.6 113284
internal_count=449448 53100 31104 7686 23418 20650 21996 4550 4334 2296 2038 1811 1191 396348
is_linear=0
shrinkage=0.035


Tree=312
num_leaves=15
num_cat=0
split_feature=40 1 23 1 60 60 1 41 41 57 36 28 2 41
split_gain=37.425 81.4823 55.2503 77.4477 81.8342 67.3195 65.801 48.3754 58.7456 50.3246 49.0796 47.1297 46.2897 43.5439
threshold=0.50000000000000044 10.500000000000002 1.0000000180025095e-35 16.500000000000004 -0.78295110140207613 -0.92910699518418138 19.500000000000004 2.5000000000000009 2.1000000000000019 2.0025478082034289 16.650000000000002 34.500000000000007 1.0000000180025095e-35 6.0500000000000016
decision_type=2 2 2 2 2 2 2 2 2 2 2 2 2 2
left_child=-1 -2 3 4 -3 -5 12 8 -4 10 -9 -8 -7 -12
right_child=1 2 7 5 -6 6 11 9 -10 -11 13 -13 -14 -15
leaf_value=3.6395362847566237e-10 2.4084681692132232e-08 -3.4463014079167741e-05 0.00038137584141228933 -0.003923090418397261 -0.002021591785318484 0.0033056489919101118 -0.00013154573681031963 0.00044532829641077135 0.0054930951167041194 -0.0073902263414797175 -0.0033752109865062994 -0.0010928650166535854 0.0003659828160566083 0.00055286877647268387
leaf_weight=113284.08068675874 5811.9222050854005 754.71970272995532 660.25879842042923 129.54519974067807 1956.5940990708768 236.84980054199696 1148.9830996133387 815.99390348792076 140.68240013718605 124.16983821243048 258.60411360859871 461.3242986984551 950.4842989705503 143.00915069133043
leaf_count=396348 21996 2799 2052 603 8226 972 4257 3330 414 638 1027 1944 4266 576
internal_value=-0.000127134 -0.00186176 -0.00420152 -0.00601687 -0.0102683 -0.00205738 -0.000870811 0.000581268 0.00733708 -0.0034759 -0.00122386 -0.00546574 0.00535461 -0.0110887
internal_weight=126877 13593.1 7781.22 5638.5 2711.31 2927.19 2797.64 2142.72 800.941 1341.78 1217.61 1610.31 1187.33 401.613
internal_count=449448 53100 31104 23067 11025 12042 11439 8037 2466 5571 4933 6201 5238 1603
is_linear=0
shrinkage=0.035


Tree=313
num_leaves=15
num_cat=0
split_feature=40 1 23 1 60 60 1 51 64 62 61 36 41 41
split_gain=37.4233 74.1679 54.1799 74.071 78.2699 65.7853 59.9361 52.4607 59.0538 88.877 77.8368 62.4141 45.7899 58.1698
threshold=0.50000000000000044 10.500000000000002 1.0000000180025095e-35 16.500000000000004 -0.78295110140207613 -0.92910699518418138 19.500000000000004 0.034263085399449042 0.26041666666666674 -1.3041666666666667 5.2479166666666677 12.750000000000002 2.5000000000000009 2.1000000000000019
decision_type=2 2 2 2 2 2 2 2 2 2 2 2 2 2
left_child=-1 7 3 4 -3 -5 -7 8 10 11 -2 -10 13 -4
right_child=1 2 12 5 -6 6 -8 -9 9 -11 -12 -13 -14 -15
leaf_value=3.5121525147901423e-10 -1.3769579173678118e-07 -3.3256808586396903e-05 0.00036802768696285915 -0.003785782253753357 -0.0019508360728323368 0.00097734123109849522 -0.00039306661167451005 3.4584623395006168e-05 -4.8550848890071486e-07 5.7628552749693505e-08 -1.9139292440310633e-08 1.2914111061206117e-06 -0.00053546998720755356 0.0053008367876194755
leaf_weight=113284.08068675874 258.73941383138299 754.71970272995532 660.25879842042923 129.54519974067807 1956.5940990708768 1187.3340995125473 1610.3073983117938 4741.0171635346487 187.73836784437299 224.89139339886606 338.49864490283653 61.037221573293209 1341.7770060002804 140.68240013718605
leaf_count=396348 837 2799 2052 603 8226 5238 6201 17489 801 893 1621 355 5571 414
internal_value=-0.000130315 -0.0018649 -0.00409715 -0.00589484 -0.0100526 -0.00202259 -0.000849655 0.00112563 -0.00583649 0.00336267 -0.0130675 -0.0108614 0.000638813 0.00721133
internal_weight=126877 13593.1 7781.22 5638.5 2711.31 2927.19 2797.64 5811.92 1070.91 473.667 597.238 248.776 2142.72 800.941
internal_count=449448 53100 31104 23067 11025 12042 11439 21996 4507 2049 2458 1156 8037 2466
is_linear=0
shrinkage=0.035


Tree=314
num_leaves=15
num_cat=0
split_feature=9 6 10 11 57 1 1 23 57 63 40 1 59 21
split_gain=33.6364 56.7929 57.7305 50.9946 72.2648 68.0275 100.392 86.0719 154.195 73.859 66.8669 66.2799 240.014 197.065
threshold=1.0110845129576875 7.6909189469034516 1.0016926163968651 0.9816665419398124 0.084027131293982052 7.5000000000000009 10.500000000000002 1.0000000180025095e-35 2.0025478082034289 0.0062500000000000012 0.4500000000000009 17.500000000000004 0.63209755774300602 1.0000000180025095e-35
decision_type=2 2 2 2 2 2 2 2 2 2 2 2 2 2
left_child=3 2 -2 4 -1 -5 9 10 11 -7 -8 13 -13 -9
right_child=1 -3 -4 5 -6 6 7 8 -10 -11 -12 12 -14 -15
leaf_value=2.8181409208642527e-05 4.8521829038431633e-05 0.00050723331766081882 -5.0644522933219328e-05 -2.8883577200967916e-09 -0.0003488707083175063 9.8510392405614001e-05 -5.5616837207760032e-05 -3.7215241203447598e-05 -0.0020373900175693453 0.00093696722389777492 -0.00061650735157250665 -0.00029421522089674747 0.00088829634882095282 0.001527230255937247
leaf_weight=1374.8337412830442 8801.8565937965177 5972.9800207354128 14769.991422031308 31691.674493587809 12775.10566173587 5054.0511365667917 23970.777116927551 3726.8064137473702 1004.3107021972537 4996.1292771401349 3274.2829200644046 3746.9318893775344 2082.622476875782 3634.8677297011018
leaf_count=3764 40467 13218 66692 111815 50062 14197 81420 9338 3197 17135 12079 8747 7592 9725
internal_value=-0.000117751 0.000916409 0.000143377 -0.000431728 -0.00237335 -0.000101199 0.000684007 -7.73542e-05 0.00213156 0.00382034 -0.00122863 0.0031406 0.000351177 0.00534601
internal_weight=126877 29544.8 23571.8 97332.4 14149.9 83182.5 51490.8 41440.6 14195.5 10050.2 27245.1 13191.2 5829.55 7361.67
internal_count=449448 120377 107159 329071 53826 275245 163430 132098 38599 31332 93499 35402 16339 19063
is_linear=0
shrinkage=0.035


Tree=315
num_leaves=15
num_cat=0
split_feature=58 57 62 60 6 55 1 11 1 57 14 57 36 57
split_gain=33.393 60.8887 135.076 146.474 134.137 70.4867 63.55 51.8774 50.629 46.4478 85.1777 89.6444 57.8865 45.0116
threshold=9.848067909985657 1.7420988670189719 1.458333333333335 -0.88603780069526494 2.3038335330933397 3.0000000000000004 6.5000000000000009 1.0018489204250416 17.500000000000004 0.057082574837178227 0.98774795522931602 1.0701666665111358 19.750000000000004 0.37450808872536351
decision_type=2 2 2 2 2 2 2 2 2 2 2 2 2 2
left_child=1 2 3 4 7 -3 -6 -1 -8 12 11 -11 -5 -10
right_child=-2 5 -4 9 6 -7 8 -9 13 10 -12 -13 -14 -15
leaf_value=-7.4468625369724013e-09 7.6999596599533893e-10 -0.00074307319062779406 0.00094567546242088109 -2.1145621218939153e-09 -0.00076455327108717914 -0.0045999531675931498 -0.0006522672853531569 2.2091328037518055e-06 -8.0170134393525442e-05 0.0010563039336139812 -0.00011801231075937885 -0.00029072826767983156 -5.1893597147886749e-06 -0.0024415539943403292
leaf_weight=685.635265838122 99443.637660741806 4838.5707462853752 4712.2342271250673 3943.0501641184092 777.71737247030251 581.65420996397734 1322.1388509564567 556.80990397417918 289.16368329850957 2007.171416874975 5366.7650894578546 1209.777360714972 410.34794390574098 732.54770004213788
leaf_count=5464 247152 35378 35058 29879 4882 4685 9709 4375 1775 16276 35209 10403 3704 5499
internal_value=-0.000115824 -0.00119665 -0.000377666 -0.00180879 -0.00734567 -0.00451601 -0.011207 0.00236765 -0.00826853 6.31642e-05 0.00155632 0.00605027 -0.00287775 -0.0140858
internal_weight=126877 27433.6 22013.4 17301.1 4364.01 5420.22 3121.57 1242.45 2343.85 12937.1 8583.71 3216.95 4353.4 1021.71
internal_count=449448 202296 162233 127175 31704 40063 21865 9839 16983 95471 61888 26679 33583 7274
is_linear=0
shrinkage=0.035


Tree=316
num_leaves=15
num_cat=0
split_feature=40 1 59 1 62 46 9 6 46 51 50 46 62 6
split_gain=32.863 68.3647 50.949 96.2505 52.317 46.912 42.5366 48.9552 57.3049 50.6347 48.7489 107.601 81.2689 74.6469
threshold=0.50000000000000044 10.500000000000002 0.63209755774300602 16.500000000000004 -2.1999999999999993 2.3000000000000003 1.0178134853620422 7.6909189469034516 -1.5999999999999985 0.12784374138990742 19.000000000000004 1.8000000000000005 1.9833333333333341 3.9327992798645268
decision_type=2 2 2 2 2 2 2 2 2 2 2 2 2 2
left_child=6 -2 4 5 -3 -4 -1 10 -9 -10 11 13 -12 -8
right_child=1 2 3 -5 -6 -7 7 8 9 -11 12 -13 -14 -15
leaf_value=-1.416294034368864e-09 1.7678399160064944e-08 -0.0023491577711385707 -0.0024073855577109015 -4.8316163515244906e-06 -1.6629695475539957e-05 -0.00081863301510445017 -1.5307655269611925e-05 0.0036425237631592328 -2.7049942336104305e-05 0.00091531634443280617 -4.6480829712520236e-05 -0.00039303879289340736 0.00074199341408358939 0.00075438269836331038
leaf_weight=91147.866923187161 5811.9222050854005 116.41799879819155 1410.2290013283491 1635.0383987240493 3633.9276072513312 985.60569782182574 843.76644761860371 373.81939369440079 2021.8322166195139 1701.0114317405969 7125.1167706884444 3475.9967858484015 2524.4108883515 4070.2598290101159
leaf_count=303857 21996 369 6102 8379 12033 4221 4761 811 4332 3927 26153 20053 10508 21946
internal_value=-0.000113055 -0.00173852 -0.00388168 -0.00660854 -0.000941078 -0.0110616 8.21237e-05 0.00145798 0.00490705 0.00356872 0.00067243 0.00262213 -0.00102375 0.00595093
internal_weight=126877 13593.1 7781.22 4030.87 3750.35 2395.83 113284 22136.2 4096.66 3722.84 18039.6 8390.02 9649.53 4914.03
internal_count=449448 53100 31104 18702 12402 10323 396348 92491 9070 8259 83421 46760 36661 26707
is_linear=0
shrinkage=0.035


Tree=317
num_leaves=15
num_cat=0
split_feature=58 57 62 60 6 55 1 49 1 57 14 57 62 57
split_gain=32.2693 55.9044 117.48 136.144 126.46 68.5642 58.3532 50.0222 47.6683 41.8687 76.8711 95.7393 48.77 41.5796
threshold=9.848067909985657 1.7420988670189719 1.458333333333335 -0.88603780069526494 2.3038335330933397 3.0000000000000004 6.5000000000000009 0.97500000000000009 17.500000000000004 0.14307512925434676 0.98774795522931602 1.0701666665111358 -0.55624999999999913 0.37450808872536351
decision_type=2 2 2 2 2 2 2 2 2 2 2 2 2 2
left_child=1 2 3 4 7 -3 -6 -1 -8 12 11 -11 -5 -10
right_child=-2 5 -4 9 6 -7 8 -9 13 10 -12 -13 -14 -15
leaf_value=2.1976055996335129e-06 7.66709074365135e-10 -0.00071884371621479671 0.00091144833165490409 -9.6105131628080736e-10 -0.00073988334009580427 -0.0044243419172942831 -0.0006289005569946178 -8.2628208033463063e-09 -7.9220707822366221e-05 0.0014264994934703379 -0.00012360416831780002 -0.00027642805827769057 -3.1221062380180474e-06 -0.002357229339400746
leaf_weight=694.50842639943585 99443.637660741806 4838.5707462853752 4712.2342271250673 4127.5920241549611 777.71737247030251 581.65420996397734 1322.1388509564567 547.93674341286533 289.16368329850957 1711.3393008895218 4930.0003321282566 1209.777360714972 958.40295718424022 732.54770004213788
leaf_count=5249 247152 35378 35058 32500 4882 4685 9709 4590 1775 13837 32550 10403 6181 5499
internal_value=-0.000118034 -0.00118052 -0.000395755 -0.0017304 -0.00706846 -0.00436113 -0.0108177 0.00236239 -0.00800137 7.43349e-05 0.00167616 0.00616503 -0.0023968 -0.0136459
internal_weight=126877 27433.6 22013.4 17301.1 4364.01 5420.22 3121.57 1242.45 2343.85 12937.1 7851.12 2921.12 5085.99 1021.71
internal_count=449448 202296 162233 127175 31704 40063 21865 9839 16983 95471 56790 24240 38681 7274
is_linear=0
shrinkage=0.035


Tree=318
num_leaves=15
num_cat=0
split_feature=64 57 28 53 59 46 64 2 64 62 28 57 1 21
split_gain=31.9392 81.1495 79.4665 91.2234 91.1998 100.012 85.2183 68.7216 48.484 46.5779 117.864 116.352 76.584 215.171
threshold=-0.039583333333333325 0.0055234012931861991 28.500000000000004 0.98750000000000016 0.081675638985454754 -2.0000000000000004 -0.20624999999999996 1.5000000000000002 -0.90208333333333313 3.1854166666666672 55.500000000000007 1.9553982714560736 17.500000000000004 1.0000000180025095e-35
decision_type=2 2 2 2 2 2 2 2 2 2 2 2 2 2
left_child=1 2 3 -1 -5 7 -4 -6 -3 -2 12 -12 13 -11
right_child=9 8 6 4 5 -7 -8 -9 -10 10 11 -13 -14 -15
leaf_value=-2.4089829788720265e-07 -9.5118211658082697e-09 0.0021323044038454499 -5.1291875059990413e-07 5.3156340284379478e-07 1.7147991607350303e-08 -1.7201057315269082e-08 -5.8146193712645319e-09 9.7362219455996406e-10 7.7916629089326073e-05 -0.00074569960138564848 0.0014113461883800958 -0.0012925633466300442 0.00086846251743179421 0.00091982514703048
leaf_weight=1325.5483337603509 80483.541930398438 312.38129280507565 747.77486788481474 171.4394406080246 165.47693176567554 218.58397065475583 2085.5979203344323 342.81697696074843 27429.669325384311 5276.1525069661438 2991.4775851340964 540.94331476837397 2408.8421012535691 2376.9750970890746
leaf_count=5660 269300 1483 3398 385 616 817 9162 1852 108477 17581 11580 2415 8467 8255
internal_value=-0.000103303 0.00083702 -0.00323632 0.00171279 0.0102635 0.00465315 -0.00711316 0.0131039 0.00158047 -0.000431191 0.00146301 0.00695353 -0.000469516 -0.00218289
internal_weight=126877 32799.3 5057.24 2223.87 898.317 726.878 2833.37 508.294 27742.1 94077.9 13594.4 3532.42 10062 7653.13
internal_count=449448 131850 21890 9330 3670 3285 12560 2468 109960 317598 48298 13995 34303 25836
is_linear=0
shrinkage=0.035


Tree=319
num_leaves=15
num_cat=1
split_feature=9 60 36 39 10 62 1 57 28 1 58 0 46 46
split_gain=31.6211 52.9549 54.5613 82.1726 53.9006 53.2136 95.9184 184.252 162.211 93.8332 84.3395 79.205 74.7681 72.0854
threshold=0.98901312093725247 0.53435276464917691 8.2500000000000018 19.350000000000005 1.0043247937359603 0.62291666666666734 9.5000000000000018 0.34918012052730624 47.500000000000007 19.500000000000004 10.916842674511971 0 2.9000000000000017 -2.8499999999999988
decision_type=2 2 2 2 2 2 2 2 2 2 2 1 2 2
left_child=-1 5 3 4 -3 6 10 -8 9 12 -2 -10 -9 -7
right_child=1 2 -4 -5 -6 13 7 8 11 -11 -12 -13 -14 -15
leaf_value=-4.0764755484702159e-05 -3.1974363202903323e-09 2.5988068254697768e-09 2.6437721663295086e-05 -0.00013098884886027598 -4.9191633584951828e-05 -0.00019761006468996091 0.00016821965824866309 -0.0017591630432599546 -0.0016770370974386424 0.001182951252158301 2.6153354290438389e-05 -0.00091771848471579591 0.00063427178996659545 0.00016070743963455476
leaf_weight=30283.506227992475 23628.729966637446 21272.475995078683 8997.0290199443698 431.03851978760213 7508.2796069476753 1398.5343525344506 2530.1305692626629 910.98885479569435 1479.056673374027 822.07150588929653 1012.8844981193542 3720.8492438183166 534.99291718751192 22346.65364439832
leaf_count=111337 99557 49903 30524 1430 16242 5788 10323 4138 4730 3940 1607 16169 2112 91648
internal_value=-6.16545e-05 0.000247742 0.00126058 0.000526072 0.000755571 -0.000415194 -0.00128988 -0.00417942 -0.00694274 0.000866354 -0.000116263 -0.010344 -0.00449577 0.000860819
internal_weight=126877 96593.7 38208.8 29211.8 28780.8 58384.9 34639.7 9998.09 7467.96 2268.05 24641.6 5199.91 1445.98 23745.2
internal_count=449448 338111 98099 67575 66145 240012 142576 41412 31089 10190 101164 20899 6250 97436
cat_boundaries=0 1
cat_threshold=33685504
is_linear=0
shrinkage=0.035


Tree=320
num_leaves=15
num_cat=0
split_feature=53 36 62 39 36 27 36 36 21 62 61 60 1 62
split_gain=90.133 160.245 123.988 203.691 115.057 150.07 98.3285 206.663 91.8088 129.6 94.0481 91.168 79.5926 76.9903
threshold=0.7236111111111112 -8.8499999999999996 -0.55624999999999913 17.750000000000004 22.750000000000004 36.500000000000007 17.150000000000002 8.7500000000000018 1.0000000180025095e-35 -0.34374999999999906 15.133333333333335 0.53435276464917691 2.5000000000000004 -5.0166666666666657
decision_type=2 2 2 2 2 2 2 2 2 2 2 2 2 2
left_child=-1 -2 3 4 5 6 7 13 10 -10 -4 -9 -7 -3
right_child=1 2 8 -5 -6 12 -8 11 9 -11 -12 -13 -14 -15
leaf_value=5.1138077975631756e-07 9.9393843362796311e-10 2.5398084001494931e-09 -6.6472349196829966e-08 9.9219516979994803e-07 -5.4353600354416655e-06 2.9130069126006334e-08 2.8392412704682995e-08 -1.5464612529671548e-08 1.8073445904836943e-08 -2.2786093136612157e-05 -2.4428184866443736e-06 -9.24745690827781e-07 -6.9316551639823382e-09 -3.4463881517937117e-09
leaf_weight=114609.18287466769 621.55234669148922 191.5328126847744 1365.3871314967982 280.40354866534472 187.86700564622879 2098.9856781915296 550.51939579099417 841.26560202240944 104.5931610185653 426.52640762459487 263.32577129080892 638.52733751013875 2234.4033200978301 2463.1492023686878
leaf_count=400589 1019 762 4196 923 961 9965 2444 3265 450 1489 1351 2587 9667 9780
internal_value=-0.000274469 -0.00312448 -0.0040525 -0.00232339 -0.00323047 -0.00264813 -0.00698379 -0.00883346 -0.0116016 -0.0241224 -0.00739629 -0.0192683 0.00204461 -0.00296633
internal_weight=126877 12268 11646.5 9486.65 9206.25 9018.38 4684.99 4134.47 2159.83 531.12 1628.71 1479.79 4333.39 2654.68
internal_count=449448 48859 47840 40354 39431 38470 18838 16394 7486 1939 5547 5852 19632 10542
is_linear=0
shrinkage=0.035


Tree=321
num_leaves=15
num_cat=1
split_feature=53 36 36 27 62 36 60 59 41 64 62 62 0 61
split_gain=105.507 145.251 119.57 140.006 103.56 106.732 215.35 91.31 155.584 111.86 102.318 90.4331 85.7553 78.1868
threshold=0.7236111111111112 -8.8499999999999996 22.750000000000004 40.500000000000007 0.67499999999999993 8.7500000000000018 0.53435276464917691 0.74981945761428193 0.10000000000000174 -0.19374999999999995 -0.51666666666666605 -1.2458333333333322 0 21.477083333333336
decision_type=2 2 2 2 2 2 2 2 2 2 2 2 1 2
left_child=-1 12 3 4 5 -3 13 8 -5 -10 -9 -11 -2 -7
right_child=1 2 -4 7 -6 6 -8 10 9 11 -12 -13 -14 -15
leaf_value=4.9348245246484427e-07 1.784962020811054e-09 -2.5526641100287471e-09 -5.6843526865924672e-06 -4.8117929184059683e-10 -1.1668576200154732e-05 -1.4126744508116934e-08 -8.9241194174366299e-07 -8.1173454352692178e-09 -2.8913271409344864e-07 5.9413091480116545e-07 -2.852170005602796e-06 -1.3848747313686426e-07 8.6987058526521653e-11 2.7974462215657329e-08
leaf_weight=114609.18287466769 253.48379802703857 4207.836742952466 209.22208048030734 2047.2458104304969 279.13627999648452 1005.5774394311011 644.28041242435575 1660.507897567004 57.307300187647343 720.88360628252849 165.01745695993304 155.92610076745041 368.06854866445065 493.54524692893028
leaf_count=400589 267 15069 1131 8881 1026 4096 2623 8167 272 2892 799 722 752 2162
internal_value=-0.000300317 -0.00338382 -0.0042671 -0.00377279 -0.00706612 -0.00612251 -0.0124619 0.000775084 0.00454443 0.0162987 -0.00537205 0.019461 0.0129722 -0.00511208
internal_weight=126877 12268 11646.5 11437.3 6630.38 6351.24 2143.4 4806.89 2981.36 934.117 1825.53 876.81 621.552 1499.12
internal_count=449448 48859 47840 46709 24976 23950 8881 21733 12767 3886 8966 3614 1019 6258
cat_boundaries=0 1
cat_threshold=67241984
is_linear=0
shrinkage=0.035


Tree=322
num_leaves=15
num_cat=2
split_feature=53 36 36 27 62 36 60 0 3 64 62 61 42 42
split_gain=120.085 149.334 117.311 104.44 93.1876 101.745 222.942 85.7553 78.7758 85.2867 73.3485 72.4108 68.6883 91.083
threshold=0.7236111111111112 -8.8499999999999996 22.750000000000004 40.500000000000007 0.67499999999999993 8.7500000000000018 0.53435276464917691 0 1 -0.3520833333333333 -5.0166666666666657 21.477083333333336 0.59999999999999909 5.1500000000000012
decision_type=2 2 2 2 2 2 2 1 1 2 2 2 2 2
left_child=-1 7 3 4 5 10 11 -2 -5 -10 -3 -7 -12 -14
right_child=1 2 -4 8 -6 6 -8 -9 9 -11 12 -13 13 -15
leaf_value=4.7621056662857758e-07 1.722488350082667e-09 2.5402583499952668e-09 -5.4854003425617309e-06 -1.2485330736363396e-07 -1.1260176033149316e-05 -1.3632308450332842e-08 -8.6117752378263483e-07 8.394251147809339e-11 -1.9445175085917598e-06 6.2460234590548295e-09 -1.0499677129789306e-08 2.6995356038109321e-08 3.2655388270236973e-09 -1.6101858867179171e-08
leaf_weight=114609.18287466769 253.48379802703857 192.93563768267632 209.22208048030734 446.0604212700855 279.13627999648452 1005.5774394311011 644.28041242435575 368.06854866445065 159.78883461654186 4201.0389163084328 2236.8516132268123 493.54524692893028 1255.3464574483223 522.70303459465504
leaf_count=400589 267 772 1131 3130 1026 4096 2623 752 794 17809 7376 2162 5058 1863
internal_value=-0.000323184 -0.00361283 -0.00450831 -0.00401842 -0.00686279 -0.00596736 -0.0121569 0.0129722 -8.89284e-05 0.00135557 -0.00279317 -0.00468279 -0.00382217 0.0013108
internal_weight=126877 12268 11646.5 11437.3 6630.38 6351.24 2143.4 621.552 4806.89 4360.83 4207.84 1499.12 4014.9 1778.05
internal_count=449448 48859 47840 46709 24976 23950 8881 1019 21733 18603 15069 6258 14297 6921
cat_boundaries=0 1 2
cat_threshold=67241984 2
is_linear=0
shrinkage=0.035


Tree=323
num_leaves=15
num_cat=2
split_feature=53 36 36 27 36 36 42 62 0 3 64 62 42 42
split_gain=102.451 144.405 120.044 86.8493 86.1156 212.102 102.258 94.6925 85.7553 78.2189 81.8228 70.0092 59.224 82.827
threshold=0.7236111111111112 -8.8499999999999996 22.750000000000004 40.500000000000007 8.7500000000000018 15.65 1.7499999999999993 0.67499999999999993 0 1 -0.3520833333333333 -5.0166666666666657 0.59999999999999909 0.09999999999999952
decision_type=2 2 2 2 2 2 2 2 1 1 2 2 2 2
left_child=-1 8 3 4 7 6 -6 11 -2 -5 -11 -3 13 -13
right_child=1 2 -4 9 5 -7 -8 -9 -10 10 -12 12 -14 -15
leaf_value=4.5954319679658033e-07 1.6622012578297737e-09 2.4513493077454326e-09 -5.2934113305720702e-06 -1.2048344160590677e-07 -8.2536771705731995e-07 3.2561376357287749e-09 -1.3373251505543534e-08 -2.4388878631518627e-05 8.1004523576360114e-11 -1.8764593957910484e-06 6.0274126379879106e-09 -2.3914063332153591e-09 5.744146339614688e-10 -2.5170672941066511e-08
leaf_weight=114609.18287466769 253.48379802703857 192.93563768267632 209.22208048030734 446.0604212700855 1205.7324725612998 736.22136866301298 279.33221323788166 201.25332431867719 368.06854866445065 159.78883461654186 4201.0389163084328 1536.0353925805539 1778.0494920429774 700.81622064625844
leaf_count=400589 267 772 1131 3130 4701 3280 1223 703 752 794 17809 4817 6921 2559
internal_value=-0.000297453 -0.00333597 -0.0042167 -0.00372147 -0.00631527 -0.0119213 -0.0194955 -0.00347037 0.0129722 -0.000138033 0.00130145 -0.00231662 -0.00332278 -0.00710012
internal_weight=126877 12268 11646.5 11437.3 6630.38 2221.29 1485.06 4409.09 621.552 4806.89 4360.83 4207.84 4014.9 2236.85
internal_count=449448 48859 47840 46709 24976 9204 5924 15772 1019 21733 18603 15069 14297 7376
cat_boundaries=0 1 2
cat_threshold=67241984 2
is_linear=0
shrinkage=0.035


Tree=324
num_leaves=15
num_cat=1
split_feature=51 36 39 63 46 3 40 58 28 42 46 41 53 64
split_gain=43.6129 123.149 110.589 78.145 74.9576 62.3797 60.9796 60.5999 100.985 64.4094 88.5156 67.5856 52.7575 52.2466
threshold=0.040942582852571741 22.750000000000004 3.2500000000000004 0.40000000000000002 -6.9500000000000002 0 3.550000000000002 10.916842674511971 59.500000000000007 5.1500000000000012 -2.0000000000000004 4.4500000000000028 0.98750000000000016 -0.04374999999999999
decision_type=2 2 2 2 2 1 2 2 2 2 2 2 2 2
left_child=1 2 5 4 -4 -1 7 9 -9 11 -11 -6 -7 -2
right_child=13 -3 3 -5 6 12 -8 8 -10 10 -12 -13 -14 -15
leaf_value=-2.5657241890785862e-08 4.0228406537987724e-05 -5.1241899592251444e-06 -8.0244032952836762e-07 -1.0438429411115507e-06 -5.829494286889062e-10 2.1295053617196983e-08 7.3841101660539917e-05 -1.2655002080424133e-08 -9.1524410020627426e-07 4.8591507187115698e-09 -7.1597968528774935e-08 6.1034220206785231e-07 1.1893572744960826e-08 -8.5770787824608129e-06
leaf_weight=94.266488671302795 27819.944207586581 251.43348041921854 164.68415505066514 397.71618273109198 9529.122112861136 422.16766702383757 65.398076985031366 659.07168400287628 231.20371055603027 398.13777089118958 697.83884245157242 93.848389223217964 698.69113498926163 85353.697692324873
leaf_count=499 109977 1292 675 2077 37530 1563 245 663 367 2050 2885 318 2319 286988
internal_value=-0.000181444 -0.00204552 -0.00158193 -0.0025838 -0.00206312 0.00844624 -0.00172108 -0.00192324 -0.0106458 -0.00118953 -0.00918875 -0.000269889 0.0107773 4.44275e-05
internal_weight=126877 13703.6 13452.1 12237 11839.3 1215.13 11674.6 11609.2 890.275 10718.9 1095.98 9622.97 1120.86 113174
internal_count=449448 52483 51191 46810 44733 4381 44058 43813 1030 42783 4935 37848 3882 396965
cat_boundaries=0 1
cat_threshold=2
is_linear=0
shrinkage=0.035


Tree=325
num_leaves=15
num_cat=0
split_feature=1 62 57 11 59 57 13 23 2 1 1 57 14 1
split_gain=36.7411 94.7427 97.0258 84.6049 85.2923 130.144 72.6663 78.7864 85.0652 71.1618 81.1452 65.7138 253.851 316.621
threshold=6.5000000000000009 0.72291666666666698 1.0295776135954902 1.0000000726240497 -0.20931270765420754 0.15692509776695704 1.0256352925099914 1.0000000180025095e-35 3.5000000000000004 16.500000000000004 14.500000000000002 1.2778149440562661 0.98774795522931602 19.500000000000004
decision_type=2 2 2 2 2 2 2 2 2 2 2 2 2 2
left_child=1 2 3 4 5 -1 11 -8 -9 10 -10 12 -2 -14
right_child=6 -3 -4 -5 -6 -7 7 8 9 -11 -12 -13 13 -15
leaf_value=4.5809089926644835e-09 0.00074235637439998454 -2.3453168131284672e-05 -0.003498388815133255 -9.4589312297538303e-08 -7.5245451253596645e-10 -0.00038669447281589135 3.8835293821853395e-06 6.9800987471124674e-05 0.0010181700765157489 0.00020783417820084056 0.0042165534618111159 -0.00012104461985346145 0.00067155976834883438 -0.00025344876056239093
leaf_weight=3865.8199279247783 6419.9490664191544 1437.4162012371235 314.75879017915577 18576.654254165012 12065.67806480173 745.52906045783311 4939.4807363669388 1968.4263054579496 668.90451823174953 1189.8548888899386 782.24527404457331 53836.517784858821 7164.664403822273 12901.322318910854
leaf_count=8530 28755 4635 861 69176 46014 1873 24756 6806 2290 3370 2165 184233 24656 41328
internal_value=-0.000158999 -0.00108701 -0.0007296 -0.000554013 0.00125522 0.00529844 0.000223202 0.00310799 0.00639375 0.0104866 0.0156663 -0.000120092 0.00130689 -0.000632093
internal_weight=126877 37005.9 35568.4 35253.7 16677 4611.35 89871.4 9548.91 4609.43 2641 1451.15 80322.5 26485.9 20066
internal_count=449448 131089 126454 125593 56417 10403 318359 39387 14631 7825 4455 278972 94739 65984
is_linear=0
shrinkage=0.035


Tree=326
num_leaves=15
num_cat=0
split_feature=64 57 57 60 46 39 62 28 57 60 1 57 57 1
split_gain=36.802 70.6856 76.4171 157.287 189.048 59.2951 52.7539 108.019 99.5137 66.7139 242.207 320.531 151.783 152.235
threshold=-0.024999999999999998 0.45144947034115807 1.3067770989782757 -0.8140159405215136 1.1999999999999997 16.950000000000003 3.1854166666666672 55.500000000000007 1.9553982714560736 -0.91583036384466876 18.500000000000004 0.3928433877304171 1.9052195245749095 13.500000000000002
decision_type=2 2 2 2 2 2 2 2 2 2 2 2 2 2
left_child=1 -1 3 4 -3 -4 9 -8 -9 10 12 -12 13 -2
right_child=6 2 5 -5 -6 -7 7 8 -10 -11 11 -13 -14 -15
leaf_value=-1.535352654925024e-08 -8.3269577303274209e-08 -0.0013003865981654377 0.00018778512905418289 0.00078780106672606128 0.0012654873577165021 -0.00076514901793652338 -5.3813363457634657e-05 0.0013461787258079512 -0.0011904063407333512 -3.3063950725931685e-09 0.00022858729540971439 -0.0019853721503200971 0.0029750734614796635 0.0016992014104446663
leaf_weight=13141.107327833306 9692.993276122259 1517.1702982988209 13637.349532159045 6248.5433370061219 814.35447221249342 1536.9047235306352 9776.9231032049283 2893.3388210656121 517.10027685016394 61332.342039360665 1014.5883797418792 2576.0465111401863 1189.806178467581 988.65331877418794
leaf_count=52922 36632 6173 54943 25070 2701 5755 33331 11242 2321 197174 3781 9593 4233 3577
internal_value=-0.000147324 0.000783442 0.0019226 0.00456051 -0.00318736 0.000429005 -0.000529012 0.00151527 0.00686877 -0.000880214 -0.00293401 -0.0108855 -0.000521851 -0.00184606
internal_weight=126877 36895.4 23754.3 8580.07 2331.52 15174.3 89981.8 13187.4 3410.44 76794.4 15462.1 3590.63 11871.5 10681.6
internal_count=449448 147564 94642 33944 8874 60698 301884 46894 13563 254990 57816 13374 44442 40209
is_linear=0
shrinkage=0.035


Tree=327
num_leaves=15
num_cat=0
split_feature=64 57 57 60 46 39 59 57 64 46 57 59 62 28
split_gain=31.9038 73.1611 75.1208 137.242 165.785 57.2449 46.6893 100.615 55.2348 71.341 46.148 52.9466 45.2442 95.472
threshold=-0.027083333333333338 0.45144947034115807 1.3067770989782757 -0.8140159405215136 1.7 16.950000000000003 -0.090250774277322879 0.22047405267324455 -0.097916666666666666 0.65000000000000047 0.14307512925434676 0.047320950113892181 3.1854166666666672 55.500000000000007
decision_type=2 2 2 2 2 2 2 2 2 2 2 2 2 2
left_child=1 6 3 4 -3 -4 7 8 9 -1 -8 -12 -2 -14
right_child=12 2 5 -5 -6 -7 10 -9 -10 -11 11 -13 13 -15
leaf_value=7.4154463742507792e-07 -2.210216469998159e-08 -0.0011218766867603113 0.00019097538313161909 0.00076558194764495577 0.0014284864307957958 -0.00076278286804896728 -4.5125462213390255e-08 -0.0006557452174268285 8.1055274771279233e-07 -1.5546677636969026e-05 -0.00059143406706877279 0.0001152466058168704 -4.5882118217323651e-05 0.00095050548462614708
leaf_weight=1054.3367030359805 77772.454514766578 1563.4985365662724 13262.228636289015 6100.5439937487245 658.95251032337546 1514.7184789087623 7196.7524876631796 526.09654119354673 977.85266859666444 181.724504083395 170.52026084065437 2676.7105582803488 9810.3921035556123 3410.4390979157761
leaf_count=3346 259841 6324 53038 24144 2195 5680 30869 1733 3277 527 458 10879 33574 13563
internal_value=-9.95649e-05 0.000784097 0.00195947 0.0046168 -0.00282021 0.000460638 -0.0013396 0.00270324 0.00597541 0.00103556 -0.00244409 0.00132439 -0.000448092 0.00144409
internal_weight=126877 35883.9 23099.9 8323 2222.45 14776.9 12784 2740.01 2213.91 1236.06 10044 2847.23 90993.3 13220.8
internal_count=449448 142470 91381 32663 8519 58718 51089 8883 7150 3873 42206 11337 306978 47137
is_linear=0
shrinkage=0.035


Tree=328
num_leaves=15
num_cat=0
split_feature=36 49 46 64 51 36 62 39 46 64 36 60 39 1
split_gain=51.5521 218.433 59.6142 45.8159 42.985 123.266 97.2212 101.17 96.943 112.535 98.5288 441.771 143.421 113.785
threshold=-7.6499999999999995 0.97500000000000009 -3.0999999999999983 -1.0000000180025095e-35 0.040942582852571741 22.750000000000004 -0.55624999999999913 18.150000000000002 -1.7000000000000002 -0.052083333333333329 8.5500000000000025 0.50494235051780234 9.4500000000000011 2.5000000000000004
decision_type=2 2 2 2 2 2 2 2 2 2 2 2 2 2
left_child=1 2 -1 -3 5 6 7 8 10 -10 12 13 -2 -12
right_child=4 3 -4 -5 -6 -7 -8 -9 9 -11 11 -13 -14 -15
leaf_value=-4.6907316986240225e-05 7.4407329346656347e-10 7.0550821510753347e-10 4.5095006880406687e-05 1.8120151015749587e-09 -5.6638662398862187e-07 -4.9439276751522854e-06 -5.2830000717123916e-07 9.2892011006139116e-07 -2.2023677672709332e-07 -5.3356485203537296e-09 2.9157001035533765e-08 -7.9931765550939683e-07 6.4520957702029533e-07 -5.7922751067489756e-09
leaf_weight=986.3290203884244 1570.5159062831663 150.72409984469414 3590.7680098265409 432.63894713670015 108916.2474854493 251.43348041921854 2679.0521466131322 242.92019611597061 528.63239296525717 1838.9980060688686 2070.2354853376746 740.83229560405016 734.27924562664703 2143.6148780882359
leaf_count=1516 6310 238 4972 690 390982 1292 8704 754 1995 6545 9995 2919 3053 9483
internal_value=-0.000109967 0.00331294 0.000721173 0.0232932 -0.00025535 -0.00217312 -0.0016762 -6.87779e-05 -0.000642181 -0.00677652 0.00136506 -0.00141745 0.00732698 0.00298294
internal_weight=126877 5160.46 4577.1 583.363 121717 12800.5 12549.1 9870.03 9627.11 2367.63 7259.48 4954.68 2304.8 4213.85
internal_count=449448 7416 6488 928 442032 51050 49758 41054 40300 8540 31760 22397 9363 19478
is_linear=0
shrinkage=0.035


Tree=329
num_leaves=15
num_cat=0
split_feature=36 49 51 36 39 27 59 61 49 28 46 2 61 64
split_gain=59.3624 207.003 58.3427 118.967 93.0082 102.514 170.629 189.163 70.7829 70.4302 72.6224 74.5151 71.8372 64.6598
threshold=-7.6499999999999995 0.97500000000000009 0.040942582852571741 22.750000000000004 3.2500000000000004 27.500000000000004 0.85654306401281499 11.487500000000002 0.97500000000000009 29.500000000000004 -0.49999999999999972 4.5000000000000009 6.710416666666668 -0.3520833333333333
decision_type=2 2 2 2 2 2 2 2 2 2 2 2 2 2
left_child=1 -1 3 4 -2 6 7 9 -8 12 -11 -12 -6 -7
right_child=2 -3 -4 -5 5 13 8 -9 -10 10 11 -13 -14 -15
leaf_value=3.4178040528963519e-06 1.6068767585762615e-08 1.426636321021893e-09 -5.4656309214902003e-07 -4.7708902065219559e-06 8.0295149463384418e-09 -1.0805441676369318e-06 -2.0468517434955354e-07 -7.7198892254080399e-07 1.5058572356717472e-08 -1.2134363337595651e-08 -3.0065061435401868e-07 5.5265815981484789e-09 -6.0796752538052463e-09 1.0956577178816085e-09
leaf_weight=4577.0970302149653 1049.1485169231892 583.36304698139429 108916.2474854493 251.43348041921854 972.21379968523979 187.23191217705607 292.56634833291173 893.99761490896344 696.78315716609359 1541.0282300580293 610.39868830144405 131.67716142069548 271.91352631151676 5902.1215974178631
leaf_count=6488 4063 928 390982 1292 2242 1034 1483 3553 2873 5953 1681 601 1003 25272
internal_value=-0.000135456 0.0035376 -0.000291462 -0.00252571 -0.00203719 -0.00294905 -0.00645 -0.00938729 0.00663879 -0.0057076 -0.00934559 -0.0182739 0.000989773 0.000167133
internal_weight=126877 5160.46 121717 12800.5 12549.1 11499.9 5410.58 4421.23 989.35 3527.23 2283.1 742.076 1244.13 6089.35
internal_count=449448 7416 442032 51050 49758 45695 19389 15033 4356 11480 8235 2282 3245 26306
is_linear=0
shrinkage=0.035


Tree=330
num_leaves=15
num_cat=0
split_feature=36 49 42 46 1 57 62 13 40 23 2 1 1 57
split_gain=56.7439 207.74 46.215 45.6747 39.7637 84.7312 81.6631 73.5734 72.9492 71.6593 81.1405 64.7467 79.7384 59.8308
threshold=-7.6499999999999995 0.97500000000000009 0.19999999999999987 -5.9999999999999982 6.5000000000000009 1.0295776135954902 0.72291666666666698 1.0256352925099914 3.550000000000002 1.0000000180025095e-35 3.5000000000000004 16.500000000000004 14.500000000000002 1.2778149440562661
decision_type=2 2 2 2 2 2 2 2 2 2 2 2 2 2
left_child=1 3 -3 -1 5 6 8 13 -2 -9 -11 12 -12 -6
right_child=4 2 -4 -5 7 -7 -8 9 -10 10 11 -13 -14 -15
leaf_value=-0.00046410802928751748 -5.8644583890101116e-09 1.4609105345659602e-09 1.2221507277370862e-09 1.0788424563181301e-05 9.8787112031230214e-05 -0.0033386775090443414 -2.1981737710401787e-05 2.1317070343865182e-05 7.1304285103471532e-05 6.7397795449292188e-05 0.00096094473891445581 0.00021413392366811552 0.0040450176753383648 -0.00012435514896901381
leaf_weight=211.03129875659943 32821.610107537359 433.54008039087057 149.82296659052372 4366.0657314583659 25345.836851193802 320.84307908709161 1377.0938125455286 4822.9911030898802 256.2170098349452 1907.9979560822248 662.93651816248894 1149.0312388576567 782.24527404457331 52269.958568135975
leaf_count=360 121545 685 243 6128 92974 885 4530 24514 970 6726 2284 3347 2165 182092
internal_value=-8.80851e-05 0.00350304 0.0229883 0.000974896 -0.000240615 -0.00124069 -0.0010711 0.000159504 -0.00072199 0.00309516 0.0062655 0.010283 0.015192 -0.000193556
internal_weight=126877 5160.46 583.363 4577.1 121717 34775.8 34454.9 86941 33077.8 9325.2 4502.21 2594.21 1445.18 77615.8
internal_count=449448 7416 928 6488 442032 127930 127045 314102 122515 39036 14522 7796 4449 275066
is_linear=0
shrinkage=0.035


Tree=331
num_leaves=15
num_cat=0
split_feature=36 49 64 46 1 57 62 13 23 2 1 1 11 62
split_gain=54.4609 200.023 47.1293 43.884 38.2157 78.9589 80.1415 70.1255 68.5338 77.4048 62.2006 78.4434 60.0772 69.168
threshold=-7.6499999999999995 0.97500000000000009 -1.0000000180025095e-35 -5.9999999999999982 6.5000000000000009 1.0295776135954902 0.72291666666666698 1.0256352925099914 1.0000000180025095e-35 3.5000000000000004 16.500000000000004 14.500000000000002 1.0000000726240497 0.44166666666666748
decision_type=2 2 2 2 2 2 2 2 2 2 2 2 2 2
left_child=1 3 -3 -1 5 6 12 -6 -9 -10 11 -11 13 -2
right_child=4 2 -4 -5 7 -7 -8 8 9 10 -12 -13 -14 -15
leaf_value=-0.0004478642482624544 1.0585262952861704e-09 5.8810788087220552e-10 1.6475304330742602e-09 1.0410829703469956e-05 -2.1244720296205428e-05 -0.0032218237962277898 -2.1212376890537726e-05 2.0570972881829993e-05 6.5038872608566903e-05 0.00092731167305244971 0.00020663923633973158 0.0039034420567015215 -8.3902600021286704e-08 5.4240674731414271e-07
leaf_weight=211.03129875659943 15118.236412569415 150.72409984469414 432.63894713670015 4366.0657314583659 77615.795419329777 320.84307908709161 1377.0938125455286 4822.9911030898802 1907.9979560822248 662.93651816248894 1149.0312388576567 782.24527404457331 17527.796450023074 431.79425477981567
leaf_count=360 53822 238 690 6128 275066 885 4530 24514 6726 2284 3347 2165 67694 999
internal_value=-8.56727e-05 0.00343247 0.0225524 0.000951738 -0.000235102 -0.00121551 -0.0010518 0.00015715 0.00302319 0.00612363 0.0100476 0.014859 -0.000705962 0.000877394
internal_weight=126877 5160.46 583.363 4577.1 121717 34775.8 34454.9 86941 9325.2 4502.21 2594.21 1445.18 33077.8 15550
internal_count=449448 7416 928 6488 442032 127930 127045 314102 39036 14522 7796 4449 122515 54821
is_linear=0
shrinkage=0.035


Tree=332
num_leaves=15
num_cat=0
split_feature=36 49 64 46 9 6 10 1 59 11 57 59 1 28
split_gain=48.2099 171.606 38.4943 36.2944 36.1291 55.7814 56.3075 53.1435 67.2645 42.9874 79.2427 76.3794 73.4491 67.4498
threshold=-7.6499999999999995 0.97500000000000009 -1.0000000180025095e-35 -5.9999999999999982 1.0115909478378142 7.6909189469034516 1.0016926163968651 16.500000000000004 0.33346569090932193 0.99008769215259795 0.084027131293982052 0.60505046667002438 7.5000000000000009 52.500000000000007
decision_type=2 2 2 2 2 2 2 2 2 2 2 2 2 2
left_child=1 3 -3 -1 9 6 7 -6 -9 10 11 -2 -11 -12
right_child=4 2 -4 -5 5 -7 -8 8 -10 12 13 -13 -14 -15
leaf_value=-0.00043218899957326852 4.1309622544887881e-05 5.6752410504167843e-10 1.5898668679166612e-09 1.0046450663848506e-05 9.7632049640641295e-06 0.00047195612841007353 -5.5149189944485958e-05 -0.00011797631755801925 0.0012217576705000955 -9.7121959216147282e-09 -0.00015249497629237106 -3.1940485848383046e-05 7.0904002959697765e-05 -0.00064849458516160667
leaf_weight=211.03129875659943 1410.5560521408916 150.72409984469414 432.63894713670015 4366.0657314583659 6200.627451329492 5813.6382809616625 14621.825965442928 801.2936670682393 1576.8270288836211 27680.611590106739 12919.879910144024 715.11107045784593 44632.102324028965 5344.2881780071184
leaf_count=360 3827 238 690 6128 27822 12936 66308 3655 8335 103073 47528 2548 145431 20569
internal_value=-8.97677e-05 0.00322032 0.0209301 0.000922455 -0.00023036 0.000847308 7.8532e-05 0.00232807 0.00676447 -0.000567705 -0.00198665 0.00439503 -0.00016739 -0.00273137
internal_weight=126877 5160.46 583.363 4577.1 121717 29014.2 23200.6 8578.75 2378.12 92702.5 20389.8 2125.67 72312.7 18264.2
internal_count=449448 7416 928 6488 442032 119056 106120 39812 11990 322976 74472 6375 248504 68097
is_linear=0
shrinkage=0.035


Tree=333
num_leaves=15
num_cat=0
split_feature=36 49 39 36 52 36 27 28 42 61 49 28 62 28
split_gain=40.8859 133.181 34.8437 56.047 48.1468 101.028 79.4028 140.429 163.787 134.841 91.4434 96.9622 154.042 115.774
threshold=-7.6499999999999995 0.97500000000000009 3.5500000000000003 25.950000000000003 0.098098987544079572 21.650000000000002 27.500000000000004 39.500000000000007 0.49999999999999845 -1.6562499999999998 0.97500000000000009 10.500000000000002 -1.3041666666666667 1.5000000000000002
decision_type=2 2 2 2 2 2 2 2 2 2 2 2 2 2
left_child=1 -1 3 -2 5 6 7 9 -9 -4 -11 12 13 -12
right_child=2 -3 4 -5 -6 -7 -8 8 -10 10 11 -13 -14 -15
leaf_value=3.013744286294061e-06 4.4622450452126949e-08 1.2189837097229849e-09 -3.6098206255117811e-07 -0.0043796580904741454 -2.1472736455118165e-06 -3.8847708148370683e-06 1.2671632983198984e-09 -7.1793548983586029e-07 -1.1301642113668826e-08 -4.5398082466791043e-07 1.1883701703554135e-09 8.5890307929496633e-09 1.195419157515041e-07 -1.1604974257442409e-07
leaf_weight=4577.0970302149653 9510.110618237406 583.36304698139429 657.64727688580751 91.406299822032452 99963.225744884461 421.41590197384357 6083.7629650318995 941.52648615837097 1127.6762192649767 1083.3618515990674 122.40011258795857 1266.9697897173464 163.4970674701035 283.76118493825197
leaf_count=6488 32508 928 839 405 363883 1766 24629 3410 4588 3361 803 4170 569 1101
internal_value=-7.89011e-05 0.0029694 -0.000208374 0.00181409 -0.000381724 -0.00246103 -0.00184762 -0.00483272 -0.0120665 -0.000626952 0.00260936 0.00735159 -0.00458649 -0.0160656
internal_weight=126877 5160.46 121717 9601.52 112115 12152 11730.6 5646.84 2069.2 3577.64 2919.99 1836.63 569.658 406.161
internal_count=449448 7416 442032 32913 409119 45236 43470 18841 7998 10843 10004 6643 2473 1904
is_linear=0
shrinkage=0.035


Tree=334
num_leaves=15
num_cat=1
split_feature=9 0 46 31 57 51 62 57 59 1 21 57 2 21
split_gain=38.3458 50.9043 79.4417 178.147 72.8072 66.7217 59.4808 91.0438 73.3555 152.315 84.6403 70.5442 76.0544 70.3633
threshold=0.98723569109534748 0 1.2000000000000022 1.0000000180025095e-35 1.2132367771513464 0.30851372007593508 1.9062499999999993 1.2647650279341953 0.78297285307474518 17.500000000000004 1.0000000180025095e-35 2.1462153266154864 3.5000000000000004 1.0000000180025095e-35
decision_type=2 1 2 2 2 2 2 2 2 2 2 2 2 2
left_child=-1 2 5 4 -4 -2 -3 -8 11 13 -11 12 -9 -10
right_child=1 6 3 -5 -6 -7 7 8 9 10 -12 -13 -14 -15
leaf_value=-4.2304933059064514e-05 1.2942383285988348e-07 -1.3060447788176533e-08 0.00085942841840706721 -0.0043740866989403536 -0.00010464083777241097 -0.00023214563752635357 0.00061945345509255138 9.2647074354361056e-05 -0.0010107623455917879 0.0022097865012868164 -0.00066116347158263079 -0.0014374428973220662 0.0012557280411936637 0.00019015548399295293
leaf_weight=29106.04453471303 16044.861395677784 55126.517492825165 795.43859452661127 591.48004561662674 7177.5018133965787 943.13546348921955 2564.1492829956114 4594.9670367315412 3396.5618255250156 937.79894157871604 398.25501932948828 617.14707938954234 3173.5553117347881 1409.8077582381666
leaf_count=108040 45535 198689 2356 2197 21791 4040 8991 14323 14130 3800 1823 2687 14538 6508
internal_value=1.79861e-05 0.000349986 0.00169191 -0.00105514 0.000330109 0.00307763 -0.000125199 0.00167809 0.000602729 -0.002301 0.00811281 0.00272989 0.00363747 -0.00520662
internal_weight=126877 97771.2 25552.4 8564.42 7972.94 16988 72218.8 17092.2 14528.1 6142.42 1336.05 8385.67 7768.52 4806.37
internal_count=449448 341408 75919 26344 24147 49575 265489 66800 57809 26261 5623 31548 28861 20638
cat_boundaries=0 2
cat_threshold=4096 262144
is_linear=0
shrinkage=0.035


Tree=335
num_leaves=15
num_cat=0
split_feature=40 61 53 46 64 41 45 57 46 27 63 61 1 21
split_gain=40.0725 57.2187 57.47 69.1745 73.8306 47.9807 42.9895 38.4823 56.0227 43.1656 40.4261 38.4133 44.3968 71.0144
threshold=0.50000000000000044 12.589583333333337 0.80277777777777792 -1.7499999999999998 -0.0083333333333333436 1.000000000000002 8.2950000000000017 2.195558549645483 1.0000000180025095e-35 30.500000000000004 0.13541666666666671 23.525000000000006 9.5000000000000018 1.0000000180025095e-35
decision_type=2 2 2 2 2 2 2 2 2 2 2 2 2 2
left_child=7 2 -2 4 -4 -5 -7 -1 9 -9 -10 12 -3 -14
right_child=1 11 3 5 -6 6 -8 8 10 -11 -12 -13 13 -15
leaf_value=1.869392414763191e-09 1.9927643999371833e-05 8.5023580873974318e-08 -2.3060484844820163e-07 8.3186615274906325e-09 9.0833487135204841e-07 -3.0019977929785167e-07 2.926550875279024e-09 -0.00048445386228039149 -0.0016694820761958495 0.0017874032172264219 0.0010937436153304666 0.0017753124230507602 -0.0013782091633776873 9.5708071630886131e-05
leaf_weight=109520.80478669447 7276.1202012540307 1334.3786029324401 60.862790018320084 66.608233295381069 141.10850735940039 501.44589921226725 57.89487798511982 932.62206444935873 1996.9455561991781 540.15188927180134 293.55639014393091 219.83239837735891 2865.4266974143684 1069.4627011604607
leaf_count=383096 25436 5940 230 191 741 1786 227 2098 7982 1971 1201 1053 12303 5193
internal_value=-0.000132527 -0.00192746 -5.75111e-05 -0.00873803 0.00875748 -0.0144321 -0.0177683 8.3001e-05 -0.00339225 0.00192621 -0.00680548 -0.0046831 -0.00528581 -0.00715254
internal_weight=126877 13593.1 8104.04 827.92 201.971 625.949 559.341 113284 3763.28 1472.77 2290.5 5489.1 5269.27 3934.89
internal_count=449448 53100 28611 3175 971 2204 2013 396348 13252 4069 9183 24489 23436 17496
is_linear=0
shrinkage=0.035


Tree=336
num_leaves=15
num_cat=0
split_feature=40 61 53 59 46 45 64 57 64 44 28 57 60 46
split_gain=41.735 49.8989 73.7536 56.2474 59.7999 38.1405 37.4411 89.8858 69.8387 87.9384 58.3159 55.2446 88.7578 136.172
threshold=0.50000000000000044 12.589583333333337 0.80277777777777792 -0.6118807350392268 -2.8499999999999988 8.2950000000000017 -0.027083333333333338 0.45144947034115807 -0.29374999999999996 1.5050000000000001 56.500000000000007 1.3162610204341461 -0.86092912513210462 1.2000000000000022
decision_type=2 2 2 2 2 2 2 2 2 2 2 2 2 2
left_child=6 2 -2 -4 -5 -6 7 -1 9 10 -9 12 13 -10
right_child=1 -3 3 4 5 -7 -8 8 11 -11 -12 -13 -14 -15
leaf_value=-1.4329902175640216e-08 1.9230176459393817e-05 -0.0002501747746406191 8.8475509598751543e-09 8.6920303392351639e-07 -1.2609786770462621e-07 2.8241215946442579e-09 -4.2417967609758816e-09 0.0027285002461623097 -0.0012959251507167779 -0.0013431114461676563 -7.7471413179828951e-05 4.539671036646341e-05 0.00063479536174263764 0.0013178215991396303
leaf_weight=11835.643602013355 7276.1202012540307 5489.1003998846281 62.476199850440025 94.712041037157178 612.83718899777159 57.89487798511982 81976.799807918957 1423.9129037037492 984.13571554771625 322.54240188002586 380.29898953810334 10754.468668570975 5042.6492240391672 563.62937354668975
leaf_count=47280 25436 24489 171 492 2285 227 272283 6857 3947 1314 1741 42037 19107 1782
internal_value=-0.000133291 -0.00196508 -0.00021862 -0.0100522 -0.0127094 -0.0163763 8.66616e-05 0.00111609 0.00257772 0.00854942 0.0115526 0.00184099 0.00436165 -0.00295541
internal_weight=126877 13593.1 8104.04 827.92 765.444 670.732 113284 31307.3 19471.6 2126.75 1804.21 17344.9 6590.41 1547.77
internal_count=449448 53100 28611 3175 3004 2512 396348 124065 76785 9912 8598 66873 24836 5729
is_linear=0
shrinkage=0.035


Tree=337
num_leaves=15
num_cat=0
split_feature=39 57 62 57 4 46 21 60 57 54 46 60 62 62
split_gain=30.5241 55.1478 98.9628 70.7439 65.2145 52.7639 102.094 62.641 56.8253 52.5184 49.3243 95.683 47.3849 46.8954
threshold=12.65 0.17030564934515588 0.93124999999999869 1.2989134797818134 1.0000000180025095e-35 1.8499999999999999 1.0000000180025095e-35 -0.99049576193482802 1.8080210854896974 7.5000000000000009 1.2000000000000022 -0.7721279831368929 3.3333333333333339 -1.175
decision_type=2 2 2 2 2 2 2 2 2 2 2 2 2 2
left_child=-1 2 -2 9 5 13 7 -7 12 -3 11 -11 -8 -5
right_child=1 3 -4 4 -6 6 8 -9 -10 10 -12 -13 -14 -15
leaf_value=1.7041142043321731e-09 -2.7750181616813679e-08 0.0017961672847303487 -5.2259840596111329e-05 -0.00095375497831219852 -0.0055192263267344237 0.0016225766118733317 4.4133937480052117e-05 -0.00087613526307307667 -0.00076687482920986556 -0.0010794659072338815 0.00068810897062503249 0.00016527291177961383 0.0018452998077013556 0.00033166847716507451
leaf_weight=102292.29590870813 2969.8230518733617 401.52832859102637 445.30502542923205 879.74844020255841 276.37271215394139 312.28333082026802 801.05972929764539 5042.6249050833285 791.61032159253955 837.05122007499449 2353.7734363498166 2773.6379648298025 784.1998887937516 5915.9073319674935
leaf_count=358112 10636 2353 1405 2957 1765 1363 3447 19221 4042 3767 7265 9326 2996 20793
internal_value=-7.45274e-05 -0.00118161 -0.005302 -0.00051472 -0.00184125 -0.00151411 -0.00348975 -0.00616572 0.00253959 0.00256811 0.00173063 -0.000840293 0.00635093 0.000735491
internal_weight=126877 24584.9 3415.13 21169.8 14803.8 14527.4 7731.78 5354.91 2376.87 6365.99 5964.46 3610.69 1585.26 6795.66
internal_count=449448 91336 12041 79295 56584 54819 31069 20584 10485 22711 20358 13093 6443 23750
is_linear=0
shrinkage=0.035


Tree=338
num_leaves=15
num_cat=0
split_feature=9 62 60 57 27 1 57 1 57 60 36 59 1 14
split_gain=30.0525 38.3057 37.3684 47.1135 46.7533 73.6607 99.0368 80.0045 88.3968 62.821 47.54 41.6743 40.1322 65.2085
threshold=0.98723569109534748 -6.6229166666666615 0.53435276464917691 1.4264564600871423 32.500000000000007 7.5000000000000009 0.23109167196932104 16.500000000000004 0.95635335543418587 0.28434865436540863 21.150000000000002 0.13301347478292308 18.500000000000004 1.0239625556666898
decision_type=2 2 2 2 2 2 2 2 2 2 2 2 2 2
left_child=2 -2 4 11 5 6 -1 9 -9 -7 -6 -4 -10 -14
right_child=1 -3 3 -5 10 7 -8 8 12 -11 -12 -13 13 -15
leaf_value=2.8569110020908186e-05 -4.1677255802768651e-05 2.0269760725615042e-09 -0.00011377813228441822 -0.00093194910999587044 -8.0146237630161237e-05 0.0010301945857287408 -0.0012822703584797774 0.00048206316500599712 -0.00026492497293694362 -0.00084924251818191345 0.00025058522392365214 5.4553996318610876e-05 -0.00015999770901429947 -0.0040688501681899495
leaf_weight=895.8684487529099 458.35404383391142 97312.823017220944 3542.1028132364154 4198.6662574671209 6621.9387282361276 4219.7725163502619 1027.1043427349068 952.55661528976634 1028.8989342655987 516.16909002512693 1267.9910293109715 4130.9220923511311 319.75778159126639 384.29588510142639
leaf_count=3372 1354 340054 8099 15648 26894 15064 3653 3675 3797 2428 5435 17135 1342 1498
internal_value=-7.53781e-05 0.000218543 -0.00106243 -0.00257256 -2.13131e-05 0.00165298 -0.00443623 0.0032346 -0.00158777 0.0059667 -0.00200384 -0.000938945 -0.0062839 -0.0126613
internal_weight=126877 97771.2 29106 11871.7 17234.4 9344.42 1922.97 7421.45 2685.51 4735.94 7889.93 7673.02 1732.95 704.054
internal_count=449448 341408 108040 40882 67158 34829 7025 27804 10312 17492 32329 25234 6637 2840
is_linear=0
shrinkage=0.035


Tree=339
num_leaves=15
num_cat=2
split_feature=39 57 62 57 4 27 57 1 60 36 1 0 61 0
split_gain=31.2036 51.6658 98.0875 64.4714 63.7565 46.5588 73.6681 124.926 91.7822 65.8841 184.559 111.418 81.9576 89.7842
threshold=12.65 0.17030564934515588 0.93124999999999869 1.2828418053398616 1.0000000180025095e-35 30.500000000000004 1.6355072939676398 18.500000000000004 -0.8238924869212918 13.15 19.500000000000004 0 11.74791666666667 1
decision_type=2 2 2 2 2 2 2 2 2 2 2 1 2 1
left_child=5 2 -2 -3 -5 6 9 8 -8 12 -11 -12 -1 -14
right_child=1 3 -4 4 -6 -7 7 -9 -10 10 11 -13 13 -15
leaf_value=6.6464048617408879e-09 -2.6849869422764851e-08 0.00023340912310318123 -5.0430817119409973e-05 -0.00019172629343885381 -0.0052727600450740361 -1.0424457352422937e-08 0.0011270292645764286 -0.0055410742431896247 -0.00042453333838567191 3.160471909420145e-08 -0.00010407277037802064 0.0011730857920208184 1.4324986641281593e-08 -8.6787994310021074e-07
leaf_weight=27818.770226016175 2969.8230518733617 5735.8054507810157 445.30502542923205 15156.491584338946 277.50057463720441 51114.96896032989 1866.8310483931564 226.93537193536758 8554.6485724467784 7198.0155309634283 600.47310093790293 1997.2084035128355 1504.2370200455189 1410.2076741270721
leaf_count=73469 10636 20965 1405 56558 1772 205956 7325 789 23243 27689 3162 6324 5711 4444
internal_value=-4.79344e-05 -0.00116728 -0.00515547 -0.000521767 -0.0016991 0.000221176 0.000967332 -0.00162224 -0.00104987 0.00164794 0.00414602 0.012124 0.000850628 -0.00472354
internal_weight=126877 24584.9 3415.13 21169.8 15434 102292 51177.3 10648.4 10421.5 40528.9 9795.7 2597.68 30733.2 2914.44
internal_count=449448 91336 12041 79295 58330 358112 152156 31357 30568 120799 37175 9486 83624 10155
cat_boundaries=0 2 4
cat_threshold=268435458 262144 335548544 262144
is_linear=0
shrinkage=0.035


Tree=340
num_leaves=15
num_cat=0
split_feature=9 14 1 27 57 60 1 2 1 28 51 10 1 57
split_gain=31.6722 37.5691 51.7188 39.4602 51.0576 100.052 52.6909 47.169 38.8566 71.0735 35.8155 37.5375 34.9214 77.5973
threshold=0.98723569109534748 0.88599000440540199 17.500000000000004 35.500000000000007 1.7066017120737698 -0.8140159405215136 17.500000000000004 3.5000000000000004 18.500000000000004 56.500000000000007 1.0270234180041347 1.009567679297003 7.5000000000000009 0.22047405267324455
decision_type=2 2 2 2 2 2 2 2 2 2 2 2 2 2
left_child=1 2 -1 4 12 6 -6 -8 -5 -10 11 -2 13 -3
right_child=10 3 -4 8 5 -7 7 -9 9 -11 -12 -13 -14 -15
leaf_value=-2.2374093947912851e-05 3.3963087194526673e-09 1.754823064565175e-05 0.0011327938374045639 -4.0884577361031722e-05 0.0011288926057944667 -0.001596488642142414 6.5909457926021872e-05 -0.0046427010276871737 -0.00021665232997840616 -0.0017546506339898664 0.0025095489056869984 -3.4298242331922035e-05 0.00015553135498075029 -0.00069885493797052476
leaf_weight=798.59325587749481 74917.426574478624 1903.5437636054121 602.28035473823547 6358.8728004388977 1178.5487203276716 2429.7464521750808 282.60167606174946 131.13762407936156 1885.2790320664644 724.79976151254959 245.27925457153469 22608.471232004697 10996.02112652408 1814.6199673060328
leaf_count=3799 254229 6644 2393 24023 4626 9988 970 535 6662 3251 1182 85997 38494 6655
internal_value=-4.54117e-05 -0.00105872 0.00451364 -0.001342 -0.000427518 -0.00391697 0.00289186 -0.00772967 -0.00324977 -0.00683786 0.000256323 0.000222029 0.000528315 -0.00239978
internal_weight=126877 29106 1400.87 27705.2 18736.2 4022.03 1592.29 413.739 8968.95 2610.08 97771.2 97525.9 14714.2 3718.16
internal_count=449448 108040 6192 101848 67912 16119 6131 1505 33936 9913 341408 340226 51793 13299
is_linear=0
shrinkage=0.035


Tree=341
num_leaves=15
num_cat=0
split_feature=39 57 62 57 4 46 59 60 1 57 1 57 14 1
split_gain=30.839 50.5892 94.732 59.5287 60.2346 44.7372 88.7114 43.8218 522.171 356.989 307.426 212.926 116.605 106.511
threshold=12.65 0.17030564934515588 0.93124999999999869 1.2828418053398616 1.0000000180025095e-35 0.09999999999999977 1.0000000180025095e-35 -0.88603780069526494 17.500000000000004 0.34918012052730624 13.500000000000002 1.9457091221088376 1.1694833628063137 17.500000000000004
decision_type=2 2 2 2 2 2 2 2 2 2 2 2 2 2
left_child=7 2 -2 5 -5 6 -3 8 10 -10 11 -1 -11 -9
right_child=1 3 -4 4 -6 -7 -8 13 9 12 -12 -13 -14 -15
leaf_value=-2.7166455435430137e-08 -2.6028994798148921e-08 -0.00063524887302654856 -4.8665857391035803e-05 -0.00018219459244410638 -0.0050882135623672503 0.00070484956160655479 0.00036702237929883425 -1.1589154859954134e-09 0.00025723598305166858 -0.00090781321942865617 0.0016777854282931997 0.0040747544400799654 -0.0022566332830051931 0.00023397023238773493
leaf_weight=13291.218606882729 2969.8230518733617 1169.0251799072139 445.30502542923205 15156.491584338946 277.50057463720441 2464.2952329451218 2102.48503792868 58317.427212422714 1298.7637416243088 2079.9967049693223 3474.5966995402705 887.8132926824037 2912.0858528572135 20030.393797729164
leaf_count=50344 10636 3649 1405 56558 1772 8341 8975 198262 4774 8101 13077 3233 10768 69553
internal_value=-3.22747e-05 -0.00114506 -0.00509148 -0.000506318 -0.00163762 0.00253536 -0.000150013 0.000235258 -0.00107485 -0.00972478 0.0020113 -0.000277533 -0.013972 0.000635736
internal_weight=126877 24584.9 3415.13 21169.8 15434 5735.81 3271.51 102292 23944.5 6290.85 17653.6 14179 4992.08 78347.8
internal_count=449448 91336 12041 79295 58330 20965 12624 358112 90297 23643 66654 53577 18869 267815
is_linear=0
shrinkage=0.035


Tree=342
num_leaves=15
num_cat=0
split_feature=9 14 1 11 27 57 60 46 57 52 51 10 62 60
split_gain=31.5955 35.2276 47.8391 37.3885 41.0055 62.0547 70.8785 51.212 38.5173 36.4266 34.1247 34.9656 32.2442 68.3508
threshold=0.98723569109534748 0.88599000440540199 17.500000000000004 1.1057895378335565 29.500000000000004 1.7066017120737698 -0.8140159405215136 1.0000000000000009 0.0023921674770373343 0.092257364341085321 1.0270234180041347 1.009567679297003 1.9833333333333341 -0.8038981836306559
decision_type=2 2 2 2 2 2 2 2 2 2 2 2 2 2
left_child=1 2 -1 4 5 9 7 -7 -6 -3 11 -2 -13 -14
right_child=10 3 -4 -5 8 6 -8 -9 -10 -11 -12 12 13 -15
leaf_value=-2.1590960097693891e-05 3.483342613618162e-09 -0.00095378919739824328 0.0010803002698199448 0.0003090406976098043 3.5733267723049877e-05 -0.00043768147080555875 -0.0016461984206839531 0.0024307629708802845 -0.00013577803050115087 3.4436489322141346e-05 0.0024217156448138938 -4.7990986004855847e-05 0.00085149185488030534 -0.00020619920496063251
leaf_weight=798.59325587749481 74917.426574478624 157.96940105222166 602.28035473823547 1564.2420320671517 140.81022945372388 885.5138222835958 2092.0504397042096 365.8834073767066 10402.066290216753 12096.635301942937 245.27925457153469 16217.608155024936 2154.9644953687675 4235.8985816109926
leaf_count=3799 254229 348 2393 7953 476 3172 8364 1669 38765 41101 1182 60183 8611 17203
internal_value=-4.63362e-05 -0.00105842 0.00433755 -0.00133272 -0.00164765 -0.000507322 -0.0047262 0.00185512 -0.00333268 0.000646637 0.000255033 0.000221558 -0.000984543 0.0011198
internal_weight=126877 29106 1400.87 27705.2 26140.9 15598.1 3343.45 1251.4 10542.9 12254.6 97771.2 97525.9 22608.5 6390.86
internal_count=449448 108040 6192 101848 93895 54654 13205 4841 39241 41449 341408 340226 85997 25814
is_linear=0
shrinkage=0.035


Tree=343
num_leaves=15
num_cat=0
split_feature=9 48 14 51 39 57 62 57 46 21 54 60 62 41
split_gain=31.1924 33.9329 41.4366 31.4682 31.4095 46.6281 89.7839 57.2608 47.2555 68.2913 70.3811 56.6035 45.6035 45.2864
threshold=0.93347269184730863 0.67129882391818774 1.1694833628063137 1.0270234180041347 12.65 0.17030564934515588 0.93124999999999869 1.2828418053398616 1.8499999999999999 1.0000000180025095e-35 7.5000000000000009 -0.99049576193482802 -1.175 0.60000000000000175
decision_type=2 2 2 2 2 2 2 2 2 2 2 2 2 2
left_child=1 2 -1 4 -2 6 -6 -7 12 11 -11 -10 -9 -13
right_child=3 -3 -4 -5 5 7 -8 8 9 10 -12 13 -14 -15
leaf_value=-0.00013485013139351919 2.843342158281502e-09 0.00035178392287974375 -0.0013586796239887177 0.0023369555972454076 -2.3447152062464445e-08 0.00024212402691046385 -4.3911825785904711e-05 -0.00094951957758764949 0.0025213791956842694 -0.0019359607363661712 0.00071805136147020234 -0.00060256727106901341 0.00029702533240906986 -0.0016863304870758629
leaf_weight=6494.898903997615 95836.707977384562 537.50669234269299 651.34268840984441 245.27925457153469 2865.0069394989405 5317.0994025941473 428.30354251898825 881.20200621522963 228.74881319189444 537.79291882831603 1930.3603676117491 4345.020919598639 5724.8399123894051 853.11125661432743
leaf_count=29485 329405 2440 2721 1182 10195 18879 1339 2939 973 3152 7773 15917 19719 3329
internal_value=-3.29048e-05 -0.00219284 -0.00283288 0.000106507 8.01557e-05 -0.00107773 -0.00492763 -0.00043581 -0.00157491 -0.00340081 0.00142223 -0.00559293 0.000609103 -0.00634829
internal_weight=126877 7683.75 7146.24 119193 118948 23111.5 3293.31 19818.2 14501.1 7895.03 2468.15 5426.88 6606.04 5198.13
internal_count=449448 34646 32206 414802 413620 84215 11534 72681 53802 31144 10925 20219 22658 19246
is_linear=0
shrinkage=0.035


Tree=344
num_leaves=15
num_cat=0
split_feature=64 57 1 1 62 64 53 42 36 42 46 11 57 1
split_gain=29.7974 79.4979 139.355 71.3258 109.013 60.7739 55.9841 49.8621 42.3721 41.4427 52.1462 40.8789 70.5689 54.9119
threshold=-0.21458333333333329 0.036313070560869166 10.500000000000002 16.500000000000004 -0.043749999999998838 -0.29999999999999993 0.98750000000000016 28.850000000000005 17.450000000000003 0.89999999999999936 4.1500000000000021 0.97872776580602372 1.243331318502668 15.500000000000002
decision_type=2 2 2 2 2 2 2 2 2 2 2 2 2 2
left_child=1 5 8 9 -5 -1 -7 11 -3 -4 -11 12 -2 -14
right_child=7 2 3 4 -6 6 -8 -9 -10 10 -12 -13 13 -15
leaf_value=-9.1255962706574059e-07 2.2032589934931728e-05 0.00045827228064291621 0.0010508476085196814 -0.00025383970869116701 0.0015981611603305423 -4.5966351183395307e-07 1.6227379630648159e-08 -1.0901498677948222e-05 0.0019822555121583297 -0.00083690976337915106 -0.0040591789254168318 1.1572272557404166e-09 -0.00069776477313912382 -4.2438779699108767e-05
leaf_weight=917.0744560174644 7930.5201753175352 1432.4174741953611 342.79679783061147 1242.0763261020184 1389.6738527305424 531.51840805262327 213.1013061851263 128.66289975866675 690.06908861920238 1091.7307036407292 227.15590038895607 97715.882376611 7918.6469427205157 5105.8948875975329
leaf_count=4767 30554 6007 1917 4505 6093 2161 798 567 3020 4131 972 331725 31993 20238
internal_value=-2.77775e-05 0.00202786 0.00379453 0.000161672 0.00374153 -0.00477526 0.00263909 -0.000167707 0.011108 -0.00549652 -0.00830319 -0.000143185 -0.00154556 -0.00312956
internal_weight=126877 8077.61 6415.92 4293.43 2631.75 1661.69 744.62 118800 2122.49 1661.68 1318.89 118671 20955.1 13024.5
internal_count=449448 34371 26645 17618 10598 7726 2959 415077 9027 7020 5103 414510 82785 52231
is_linear=0
shrinkage=0.035


Tree=345
num_leaves=15
num_cat=0
split_feature=64 41 42 42 53 46 42 28 57 39 11 57 1 14
split_gain=33.533 77.4925 60.5704 59.3369 57.0627 55.7819 49.911 47.4651 47.407 43.3753 37.1177 65.5277 50.6235 58.3356
threshold=-0.21458333333333329 0.10000000000000085 1.8999999999999997 6.4500000000000011 0.7236111111111112 4.1500000000000021 28.850000000000005 56.500000000000007 0.2633016398601587 18.850000000000005 0.97872776580602372 1.243331318502668 15.500000000000002 1.0123130853103539
decision_type=2 2 2 2 2 2 2 2 2 2 2 2 2 2
left_child=1 7 4 8 -3 9 10 -1 -4 -5 11 -2 -13 -14
right_child=6 2 3 5 -6 -7 -8 -9 -10 -11 -12 12 13 -15
leaf_value=0.00015388784875653534 2.1261449287209113e-05 -8.0999557940551224e-05 -7.6287016697687888e-07 3.3778281918424757e-07 -3.1541298075264164e-06 -0.0038889710965641037 -1.0519946224220034e-05 -9.8433749068432301e-09 0.0011609764775371764 -0.00035724522628110107 1.116724301789502e-09 -0.00067334300607925436 0.00032043181487544385 -0.0013095333388576881
leaf_weight=1444.1161014847457 7930.5201753175352 504.79987227916718 559.23759764060378 3155.8429153449833 146.33153161779046 158.41180013120174 128.66289975866675 606.60099279135466 1159.7154054977 342.55809697508812 97715.882376611 7918.6469427205157 3796.4343659128062 1309.4605216847267
leaf_count=6570 30554 2707 2199 13158 794 729 567 2601 4362 1251 331725 31993 15411 4827
internal_value=-8.98283e-06 0.00217171 0.000168107 0.00139514 -0.00983016 -0.00112808 -0.000157426 0.00803074 0.00673837 -0.000180406 -0.000132893 -0.00146919 -0.00299558 -0.000276956
internal_weight=126877 8077.61 6026.9 5375.77 651.131 3656.81 118800 2050.72 1718.95 3498.4 118671 20955.1 13024.5 5105.89
internal_count=449448 34371 25200 21699 3501 15138 415077 9171 6561 14409 414510 82785 52231 20238
is_linear=0
shrinkage=0.035


Tree=346
num_leaves=15
num_cat=0
split_feature=9 6 10 1 59 46 62 60 60 62 11 57 14 1
split_gain=30.6922 47.5151 48.6313 48.7527 68.1951 45.5891 62.6721 47.7487 42.0007 49.8319 41.7467 60.716 52.9411 55.4824
threshold=1.0110845129576875 7.6909189469034516 1.0016926163968651 17.500000000000004 0.33346569090932193 -0.3000000000000001 0.62291666666666734 -0.69014782361074134 -0.40541071103273002 3.9375000000000004 0.9816665419398124 0.10803771127657769 1.1694833628063137 17.500000000000004
decision_type=2 2 2 2 2 2 2 2 2 2 2 2 2 2
left_child=10 2 3 -2 -5 -3 7 -7 9 -4 11 -1 -13 -14
right_child=1 5 8 4 -6 6 -8 -9 -10 -11 -12 12 13 -15
leaf_value=2.4901276701562058e-05 1.1276024132319215e-05 0.001569495464284772 -0.00018072234063097514 -0.00011710017989693452 0.0011896225332002699 -0.00097943454305893089 0.00050111743876414766 0.0002825074394710014 4.2903770164732518e-05 0.0013628623153010837 -1.037634857220645e-09 -0.00023332224184266845 -0.00017685420917635454 -0.0022391194366737925
leaf_weight=1495.3469308782369 6601.3018661621027 1472.9830157905817 8844.7205801496748 771.9918040111661 1428.5629236232489 688.17305035889149 3137.7681396910921 674.05581489484757 5233.5310103474185 691.73983153421432 83182.454156185733 11296.982937092893 642.92405257979408 714.68548246799037
leaf_count=4417 29640 3371 40634 3448 7379 1451 6739 1657 22493 3565 275245 44235 2767 2407
internal_value=-8.99224e-05 0.00089794 0.000190837 0.00224878 0.0067478 0.00368348 0.00192473 -0.00432304 -0.00103624 -0.00241798 -0.000389845 -0.00214661 -0.00293521 -0.00944135
internal_weight=126877 29544.8 23571.8 8801.86 2200.55 5972.98 4500 1362.23 14770 9536.46 97332.4 14149.9 12654.6 1357.61
internal_count=449448 120377 107159 40467 10827 13218 9847 3108 66692 44199 329071 53826 49409 5174
is_linear=0
shrinkage=0.035


Tree=347
num_leaves=15
num_cat=1
split_feature=8 58 9 47 64 53 1 6 2 59 57 0 59 57
split_gain=29.4508 44.0201 32.6307 41.9262 38.32 82.7402 38.921 83.7312 80.9761 51.6949 59.2139 49.6216 48.1737 40.9453
threshold=1.0523978771436489 10.478666522506417 1.0082176687638922 0.049745030894066858 -0.51874999999999993 0.23606811145510839 21.500000000000004 6.8337660417311907 1.5000000000000002 0.80900950266415306 0.30560640846611248 0 0.69016699705532247 1.6862985278684297
decision_type=2 2 2 2 2 2 2 2 2 2 2 1 2 2
left_child=2 -2 4 -4 5 -1 13 8 -8 10 -10 -11 -9 -6
right_child=1 -3 3 -5 6 -7 7 12 9 11 -12 -13 -14 -15
leaf_value=-8.6221346740229872e-05 8.1991877685841562e-05 0.00066685617703121246 0.00054780018676968086 1.9642122601460847e-05 9.3879474656357191e-10 -7.2358711244111518e-06 -0.00033001519915042246 -0.0018429853268517589 5.7916454820474434e-05 0.00090362774381443512 -0.00056679011414392463 -3.941213966085773e-05 -8.9692073603965677e-05 -0.0002774261913751636
leaf_weight=593.85471913591027 1432.3176130966749 316.57370309904218 1147.9003367074765 30112.811634924496 69042.443455904955 156.72773592546582 2187.3756656348705 242.78164615761489 2169.8800456468016 634.60523612052202 1156.1987411414739 617.76749081537127 128.35684761404991 16937.626723843161
leaf_count=2303 8684 631 4023 122085 228692 892 6612 340 6304 2434 4911 3052 243 58242
internal_value=-8.6148e-05 0.00441132 -0.000149356 0.000829881 -0.000475524 -0.00829989 -0.00041157 -0.00289334 -0.00199108 0.000658229 -0.00162605 0.00668969 -0.0188578 -0.000205253
internal_weight=126877 1748.89 125128 31260.7 93867.6 750.582 93117 7136.97 6765.83 4578.45 3326.08 1252.37 371.138 85980.1
internal_count=449448 9315 440133 126108 314025 3195 310830 23896 23313 16701 11215 5486 583 286934
cat_boundaries=0 2
cat_threshold=67240064 262144
is_linear=0
shrinkage=0.035


Tree=348
num_leaves=15
num_cat=0
split_feature=42 42 36 42 12 9 48 14 51 51 12 1 54 57
split_gain=28.4501 37.6139 28.9947 45.0101 28.1585 26.819 30.6477 36.767 29.9489 36.2539 36.214 48.2851 35.8949 63.7493
threshold=31.250000000000004 26.750000000000004 1.7500000000000002 30.950000000000006 1.8345429119556795 0.93347269184730863 0.67129882391818774 1.1694833628063137 1.0270234180041347 0.39149443203316564 1.105399762299607 6.5000000000000009 35.000000000000007 1.8666427559018484
decision_type=2 2 2 2 2 2 2 2 2 2 2 2 2 2
left_child=1 4 -3 -4 5 6 7 -1 9 10 -7 -12 13 -11
right_child=-2 2 3 -5 -6 8 -8 -9 -10 12 11 -13 -14 -15
leaf_value=-0.00012761324177925777 0.0055672863653101591 0.0044211279968314763 -0.00095946451110025266 0.00011106395197675244 0.0020328885907008993 3.0606219554828667e-10 0.00032834069344818585 -0.0012919821863538075 0.0022549083455987635 0.00024566960254882145 -6.4259540038747359e-05 0.0010486587079085387 -0.00055203805465103102 -0.0032387374408759024
leaf_weight=6476.1451193299145 66.228801101446152 44.931599736213684 203.03399996459484 118.45290149375796 293.97332777315751 114406.01476221858 537.07588124298491 651.34268840984441 243.33915452216752 797.23986779316328 262.56412646477111 1423.4607183416374 1195.0082999281585 158.41034744749777
leaf_count=29366 324 288 954 567 1233 391448 2437 2721 1020 4510 1009 8255 4798 518
internal_value=-8.74496e-05 -0.000100291 -0.0111477 -0.014828 -6.73982e-05 -9.30285e-05 -0.00209812 -0.00270769 3.68421e-05 1.10856e-05 9.46824e-05 0.00517154 -0.004481 0.000578805
internal_weight=126877 126811 366.419 321.487 126445 126151 7664.56 7127.49 118486 118243 116092 1686.02 2150.66 955.65
internal_count=449448 449124 1809 1521 447315 446082 34524 32087 411558 410538 400712 9264 9826 5028
is_linear=0
shrinkage=0.035


Tree=349
num_leaves=15
num_cat=1
split_feature=42 36 1 1 46 61 57 0 21 1 59 61 57 36
split_gain=27.3588 26.6323 79.6839 42.3257 36.6524 124.039 108.794 98.6311 83.8547 105.666 102.036 73.0374 141.691 101.007
threshold=31.250000000000004 27.850000000000005 15.500000000000002 11.500000000000002 4.2000000000000028 21.902083333333341 1.2352061784186319 0 1.0000000180025095e-35 14.500000000000002 0.99551215362393841 22.239583333333339 0.025513901728264912 22.750000000000004
decision_type=2 2 2 2 2 2 2 1 2 2 2 2 2 2
left_child=1 4 3 -3 11 6 7 -6 10 -10 -8 -1 13 -13
right_child=-2 2 -4 -5 5 -7 8 -9 9 -11 -12 12 -14 -15
leaf_value=-6.9648931437867591e-09 0.0053724313425243036 0.00047609328734564567 0.00058869934613906168 -0.0020105118232145187 -0.00023827293554242257 -0.00090693440297524267 -0.00013961453149929188 0.0022006303231124538 0.00028348834450322741 0.002415759641554402 0.0014600775542567117 -6.9881255391164221e-09 0.00052541714317103452 -6.4585628564844938e-06
leaf_weight=101117.99791607494 66.228801101446152 144.22900038957596 936.45760038495064 782.41319966316223 461.47496371343732 1689.7243951372802 9252.9272794760764 941.94742180267349 3149.9521628767252 1202.8517229771242 598.53674521669745 1344.4050829038024 4836.8249466978014 351.25035735219717
leaf_count=349723 324 783 4095 3357 2644 7236 31935 2636 12617 4409 2230 5850 19854 1755
internal_value=-5.81647e-05 -7.07597e-05 -0.00421325 -0.0114348 -8.65876e-06 0.00148631 0.00246273 0.0117241 0.00154008 0.00557968 -0.00024864 -0.000248988 0.00333496 -0.00534889
internal_weight=126877 126811 1863.1 926.642 124948 17297.4 15607.7 1403.42 14204.3 4352.8 9851.46 107650 6532.48 1695.66
internal_count=449448 449124 8235 4140 440889 63707 56471 5280 51191 17026 34165 377182 27459 7605
cat_boundaries=0 1
cat_threshold=301993984
is_linear=0
shrinkage=0.035


Tree=350
num_leaves=15
num_cat=1
split_feature=42 36 1 1 46 35 57 0 21 1 59 2 36 60
split_gain=27.3558 26.1173 74.8411 40.2752 34.3953 123.034 109.525 97.6782 89.3863 115.255 100.315 73.3191 67.6876 49.5577
threshold=31.250000000000004 27.850000000000005 15.500000000000002 11.500000000000002 4.2000000000000028 30.500000000000004 1.2352061784186319 0 1.0000000180025095e-35 14.500000000000002 0.99551215362393841 2.5000000000000004 24.950000000000003 -0.88603780069526494
decision_type=2 2 2 2 2 2 2 1 2 2 2 2 2 2
left_child=1 4 3 -3 12 -6 7 -7 10 11 -8 -10 13 -1
right_child=-2 2 -4 -5 5 6 8 -9 9 -11 -12 -13 -14 -15
leaf_value=-1.1019139036813843e-07 0.0051843962455359535 0.00045943002228854811 0.00056809486902419451 -0.0019401439094020106 -0.0044142840919343075 -0.00024268564365135896 -0.00017308772494071566 0.0021076932369775152 0.0021789656329676108 0.0024063768748961338 0.0014089748398577267 4.0438938702516347e-05 0.00074374239540893697 5.2849637362619917e-10
leaf_weight=23481.553102341015 66.228801101446152 144.22900038957596 936.45760038495064 782.41319966316223 358.85519937938079 494.1559386216104 10374.911583706737 963.31442584097385 221.39460043609142 1180.1683243103325 598.53674521669745 3106.0778736881912 2124.8538960665464 82044.071304621175
leaf_count=88821 324 783 4095 3357 2349 2985 36123 2689 746 4211 2230 12374 9279 279082
internal_value=-5.70196e-05 -6.9614e-05 -0.00417185 -0.0111703 -8.11647e-06 0.00144009 0.0018745 0.0110133 0.00100757 0.00515127 -0.000697707 0.00180206 -0.000240928 -0.000365719
internal_weight=126877 126811 1863.1 926.642 124948 17297.4 16938.6 1457.47 15481.1 4507.64 10973.4 3327.47 107650 105526
internal_count=449448 449124 8235 4140 440889 63707 61358 5674 55684 17331 38353 13120 377182 367903
cat_boundaries=0 1
cat_threshold=301993984
is_linear=0
shrinkage=0.035


Tree=351
num_leaves=15
num_cat=0
split_feature=12 14 57 46 57 59 5 27 1 11 10 13 1 15
split_gain=28.0961 48.6007 116.413 93.304 38.9046 54.7452 45.0198 70.2941 41.7954 40.6975 36.7726 38.9332 68.5717 54.2491
threshold=0.98993303609302552 1.1694833628063137 0.1313701521895769 0.90000000000000135 1.7066017120737698 0.12447811117596704 40.500000000000007 34.500000000000007 7.5000000000000009 1.1057895378335565 0.98390735618069647 0.98343812517645823 11.500000000000002 1.0000000180025095e-35
decision_type=2 2 2 2 2 2 2 2 2 2 2 2 2 2
left_child=1 4 -3 -4 6 8 7 -1 -6 -9 -2 12 -12 -14
right_child=10 2 3 -5 5 -7 -8 9 -10 -11 11 -13 13 -15
leaf_value=3.0167238228103051e-05 8.1656799198314033e-05 3.5835049854448923e-05 -0.0020677895599509983 0.00073454145176516826 -0.002347373798818342 -0.0013564309889109831 0.00010864873397314641 -0.00012211023751485393 0.00022898819230114507 0.00065960314683397264 2.8111173925692153e-05 2.1264677510253645e-09 -0.00064199879093348241 4.7830058158975683e-05
leaf_weight=10920.713113415986 4642.8327299635857 450.24518982227892 863.65758389071561 257.72730410308577 228.53784018009901 2544.6522945584729 5501.9142643110827 5387.6287612388842 2637.5437113344669 273.89580091461539 2568.5098697207868 85982.657529481687 3145.8995940387249 1470.8060087934136
leaf_count=40825 22114 1504 3716 1294 610 13018 23874 21094 9727 1424 7783 287119 10097 5249
internal_value=-3.37738e-05 -0.000989005 -0.00695533 -0.012959 -0.00064556 -0.00330246 6.59467e-06 -0.000903807 1.82073e-05 -0.0040651 0.000250165 9.85052e-05 -0.0023747 -0.00492123
internal_weight=126877 29066.5 1571.63 1121.38 27494.9 5410.73 22084.2 16582.2 2866.08 5661.52 97810.7 93167.9 7185.22 4616.71
internal_count=449448 117086 6514 5010 110572 23355 87217 63343 10337 22518 332362 310248 23129 15346
is_linear=0
shrinkage=0.035


Tree=352
num_leaves=15
num_cat=0
split_feature=39 57 62 19 53 57 4 46 21 60 57 1 59 1
split_gain=27.4053 53.3391 87.4204 59.6412 96.9377 52.4776 57.72 46.3521 87.0429 52.9196 50.6968 43.2055 76.7496 45.8532
threshold=12.65 0.17030564934515588 0.54791666666666583 1.0000000180025095e-35 0.97140522875817004 1.2989134797818134 1.0000000180025095e-35 1.8499999999999999 1.0000000180025095e-35 -0.99049576193482802 1.8080210854896974 13.500000000000002 0.89001933454452098 16.500000000000004
decision_type=2 2 2 2 2 2 2 2 2 2 2 2 2 2
left_child=-1 2 3 -2 -5 -3 7 -7 9 -9 -10 -11 -13 -14
right_child=1 5 -4 4 -6 6 -8 8 10 11 -12 12 13 -15
leaf_value=1.8419537580205951e-09 -4.1422314845336829e-08 0.00019139727079483206 -3.3326408645763006e-05 -4.1277513206850329e-06 6.139872056690685e-07 0.00014055185257263545 -0.0047583905209521958 0.0015517910509049927 0.00086247090312021864 -0.00025542443503399876 -0.00070761554456780836 -0.00048656134001597826 -0.0023149212125713101 -0.000159377659682294
leaf_weight=102292.29590870813 2127.2970123605337 6365.99094984564 702.45825643325225 398.28691280144267 187.08589570736513 6795.6557721700519 276.37271215394139 312.28333082026802 1585.259618091397 2017.4137410707772 791.61032159253955 1695.8511222079396 1120.7424424625933 208.61759934201837
leaf_count=358112 7002 22711 2241 1848 950 23750 1765 1363 6443 8096 4042 5912 4358 855
internal_value=-3.28033e-05 -0.00108181 -0.00513404 -0.00225942 0.0075491 -0.000425986 -0.0015685 -0.00126086 -0.00311261 -0.00558353 0.00245426 -0.00645235 -0.00909253 -0.0153608
internal_weight=126877 24584.9 3415.13 2712.67 585.373 21169.8 14803.8 14527.4 7731.78 5354.91 2376.87 5042.62 3025.21 1329.36
internal_count=449448 91336 12041 9800 2798 79295 56584 54819 31069 20584 10485 19221 11125 5213
is_linear=0
shrinkage=0.035


Tree=353
num_leaves=15
num_cat=1
split_feature=12 14 57 46 57 59 27 1 57 14 0 6 6 60
split_gain=27.3275 46.7457 112.462 88.7266 34.8982 50.9847 43.5719 61.0367 56.4835 53.1437 52.2677 47.4552 47.0758 42.9777
threshold=0.98993303609302552 1.1694833628063137 0.1313701521895769 0.90000000000000135 1.7066017120737698 0.12447811117596704 26.500000000000004 7.5000000000000009 0.93886198547215516 0.88599000440540199 0 7.5713155961936858 5.717863784552164 0.72064045540576338
decision_type=2 2 2 2 2 2 2 2 2 2 1 2 2 2
left_child=1 4 -3 -4 6 -6 7 8 10 -8 -1 -10 -12 -9
right_child=-2 2 3 -5 5 -7 9 13 11 -11 12 -13 -14 -15
leaf_value=0.00010019754171402749 1.9551215744396876e-09 3.4580758641161689e-05 -0.0019954169898210952 0.00070492401788652592 7.5777669344363238e-06 -0.0013029642663365843 0.00024684369714987674 0.00055819473108517637 -0.0025676927785135599 -7.0814772814715559e-05 1.0451816250621266e-06 0.0016133745447785056 -0.00066352782877487308 -2.6602493779144238e-05
leaf_weight=712.45477764308453 97810.705731998198 450.24518982227892 863.65758389071561 257.72730410308577 2866.0815515145659 2544.6522945584729 1039.8786211647093 5553.7852765955031 394.51891098916531 8895.5874385307543 1351.7175197713077 78.713718235492706 661.85209506284446 3395.6435818877071
leaf_count=2564 332362 1504 3716 1294 10337 13018 4921 21905 1457 36216 5930 186 1835 12203
internal_value=-3.02343e-05 -0.000972308 -0.00682366 -0.0127246 -0.000635481 -0.00315186 -1.7807e-05 0.00138761 -0.00275577 -0.00173597 -0.000797782 -0.0137847 -0.00367703 0.00287022
internal_weight=126877 29066.5 1571.63 1121.38 27494.9 5410.73 22084.2 12148.7 3199.26 9935.47 2726.02 473.233 2013.57 8949.43
internal_count=449448 117086 6514 5010 110572 23355 87217 46080 11972 41137 10329 1643 7765 34108
cat_boundaries=0 1
cat_threshold=67112960
is_linear=0
shrinkage=0.035


Tree=354
num_leaves=15
num_cat=0
split_feature=9 51 1 28 54 6 39 57 62 57 46 21 54 60
split_gain=27.3501 29.1028 28.8249 54.3373 33.2755 32.1866 27.4011 46.6097 85.2175 50.2694 46.6962 61.7019 63.2242 53.3715
threshold=0.93347269184730863 1.0270234180041347 18.500000000000004 56.500000000000007 7.5000000000000009 6.42158539314243 12.65 0.17030564934515588 0.93124999999999869 1.2989134797818134 1.8499999999999999 1.0000000180025095e-35 7.5000000000000009 -0.99049576193482802
decision_type=2 2 2 2 2 2 2 2 2 2 2 2 2 2
left_child=2 6 4 -4 -1 -5 -2 8 -8 -9 -11 13 -13 -12
right_child=1 -3 3 5 -6 -7 7 9 -10 10 11 12 -14 -15
leaf_value=-0.0009716055792263977 2.4869573884421493e-09 0.0021311934723539207 -0.00012285885453712224 -0.0003300778261133983 1.147476897744946e-05 -0.0040164377658148944 -2.1181143537611801e-08 0.00020777532491953051 -4.1912741007717461e-05 0.00010796471462530984 0.0025279613472913736 -0.0017612916354602501 0.00067516142381656525 -0.00075340360922274033
leaf_weight=636.94631596282125 95836.707977384562 245.27925457153469 1395.5013506896794 288.35712241916917 5038.4007333817426 324.54276229673997 2865.0069394989405 5923.4701613362413 428.30354251898825 6429.3825708171353 209.14104106510058 537.63085633236915 1849.9763614393305 4868.5746060535312
leaf_count=4161 329405 1182 5983 1560 21628 1314 10195 20532 1339 22172 908 3151 7565 18353
internal_value=-2.78121e-05 0.000102731 -0.00205035 -0.00564298 -0.000771296 -0.0142405 7.73894e-05 -0.00100409 -0.0048532 -0.000362339 -0.00151308 -0.00339419 0.00124283 -0.00557274
internal_weight=126877 119193 7683.75 2008.4 5675.35 612.9 118948 23111.5 3293.31 19818.2 13894.7 7465.32 2387.61 5077.72
internal_count=449448 414802 34646 8857 25789 2874 413620 84215 11534 72681 52149 29977 10716 19261
is_linear=0
shrinkage=0.035


Tree=355
num_leaves=15
num_cat=0
split_feature=12 42 8 58 1 6 2 59 14 6 57 60 60 11
split_gain=25.7396 25.6596 25.5365 33.4677 28.6978 138.519 117.556 102.738 53.2311 84.9837 70.9655 55.4431 37.9593 33.6003
threshold=1.8345429119556795 31.250000000000004 1.0523978771436489 10.478666522506417 21.500000000000004 6.7413174176957869 1.5000000000000002 0.823915376013162 0.98774795522931602 4.1538191891236549 0.30560640846611248 -0.8140159405215136 -0.021515300460958463 0.96968364371148541
decision_type=2 2 2 2 2 2 2 2 2 2 2 2 2 2
left_child=1 2 4 -4 13 6 -6 -7 9 -8 11 -10 -11 -1
right_child=-2 -3 3 -5 5 7 8 -9 10 12 -12 -13 -14 -15
leaf_value=-8.2353547202141023e-05 0.0018970574362827195 0.0050000841690291094 8.3858091416436022e-05 0.00063812568780584951 -0.00027272337370862237 -0.0014741764623938138 -0.00087171424140490843 0.00061785466661049265 0.00038181988181601044 0.00023007960664688163 -0.00042567900380005428 8.0380640694263491e-06 0.0010520524718522636 1.9920299004033388e-09
leaf_weight=14036.247333281673 294.41226111585274 66.228801101446152 1432.3176130966749 316.11692531779408 3145.702637154609 585.51276786718518 144.72564463317394 137.72728633880615 873.73783745034598 650.2786139883101 1711.0745385605842 2101.3185783466324 879.53358505293727 100502.28717246186
leaf_count=58659 1237 324 8684 630 10375 897 1321 260 3278 2805 7545 5725 3658 344050
internal_value=-2.53363e-05 -4.97782e-05 -6.20046e-05 0.00412639 -0.000121025 -0.00189626 -0.000764871 -0.0165542 0.0019724 0.00730852 5.40955e-05 0.00331748 0.00975632 3.76765e-05
internal_weight=126877 126583 126517 1748.43 124768 10229.6 9506.37 723.24 6360.67 1674.54 4686.13 2975.06 1529.81 114539
internal_count=449448 448211 447887 9314 438573 35864 34707 1157 24332 7784 16548 9003 6463 402709
is_linear=0
shrinkage=0.035


Tree=356
num_leaves=15
num_cat=0
split_feature=9 10 11 1 14 57 14 28 13 1 57 62 64 36
split_gain=25.8415 33.0463 41.1148 49.0136 67.6135 42.7414 41.4958 37.1223 35.4982 54.0974 53.8083 100.735 86.7555 78.3982
threshold=0.98723569109534748 0.99531310327380751 0.97385379220647461 17.500000000000004 0.98774795522931602 0.37450808872536351 1.1694833628063137 51.500000000000007 0.98343812517645823 9.5000000000000018 0.45144947034115807 0.7583333333333333 -0.19374999999999995 22.750000000000004
decision_type=2 2 2 2 2 2 2 2 2 2 2 2 2 2
left_child=-1 2 3 6 -5 -6 -2 -7 9 -3 11 12 -10 -14
right_child=1 8 -4 4 5 7 -8 -9 10 -11 -12 -13 13 -15
leaf_value=-3.5497504510654393e-05 -0.00018300221711626573 2.5608227958842008e-05 9.8443637095493297e-05 0.0017183622217205857 0.00056825011362612681 0.00047962591181035261 0.00019860182871683606 -0.0012650514926331382 -8.4944237289147173e-07 -0.00042393904520303995 0.0001072271283435569 -2.6440129425751875e-05 6.2453156316168679e-10 -4.7374747044514716e-06
leaf_weight=29106.04453471303 4350.4331251555122 1595.6112448908389 9746.9486764906906 918.79158645123243 260.79427468823269 583.89307329151779 642.16571721900254 683.85932212346233 2208.1728369798511 3808.0385241992772 46777.29926542216 1533.4589026393369 24202.177943872288 459.53256763145328
leaf_count=108040 19927 4441 36991 3878 1048 2249 2764 3129 9613 13005 152627 5009 84504 2223
internal_value=-2.20484e-05 0.000250499 0.00164334 -0.000316064 0.00373224 -0.000788329 -0.00230401 -0.00346026 -4.67317e-05 -0.00278407 0.00015036 -0.00105105 -0.00055137 4.49452e-05
internal_weight=126877 97771.2 17186.9 7439.94 2447.34 1528.55 4992.6 1267.75 80584.3 5403.65 75180.6 28403.3 26869.9 24661.7
internal_count=449448 341408 69986 32995 10304 6426 22691 5378 271422 17446 253976 101349 96340 86727
is_linear=0
shrinkage=0.035


Tree=357
num_leaves=15
num_cat=0
split_feature=39 57 62 57 4 54 46 60 46 21 60 57 62 62
split_gain=27.4752 48.1398 87.7413 45.2675 54.3258 42.8596 47.9298 73.3117 40.1088 76.2441 47.0042 45.5355 42.3314 42.1702
threshold=12.65 0.17030564934515588 0.93124999999999869 1.2989134797818134 1.0000000180025095e-35 7.5000000000000009 2.5499999999999998 -0.7721279831368929 1.8499999999999999 1.0000000180025095e-35 -0.99049576193482802 1.8080210854896974 -1.175 3.3333333333333339
decision_type=2 2 2 2 2 2 2 2 2 2 2 2 2 2
left_child=-1 2 -2 5 8 -3 7 -7 12 10 -10 13 -5 -11
right_child=1 3 -4 4 -6 6 -8 -9 9 11 -12 -13 -14 -15
leaf_value=2.0508731604084411e-09 -2.0953905007830899e-08 0.0016778321797330613 -4.1867059772924665e-05 -0.00086429441350950272 -0.0045491842445527344 -0.00090537504631454729 0.00081955614418154131 0.00013792157777938062 0.0014328839113581138 6.5206990757810358e-06 -0.00072215240482908399 -0.00068875947803658801 0.00032154882924206087 0.0016700521286889928
leaf_weight=102292.29590870813 2969.8230518733617 401.52832859102637 445.30502542923205 879.74844020255841 276.37271215394139 1033.9394322221633 1769.3363726194948 3161.1868164129555 312.28333082026802 801.05972929764539 5042.6249050833285 791.61032159253955 5915.9073319674935 784.1998887937516
leaf_count=358112 10636 2353 1405 2957 1765 4420 5696 10242 1363 3447 19221 4042 20793 2996
internal_value=1.38053e-05 -0.00103654 -0.00488621 -0.000413495 -0.00147462 0.00205254 0.00129648 -0.000743476 -0.00117619 -0.00289872 -0.0052113 0.00231136 0.000785001 0.00572303
internal_weight=126877 24584.9 3415.13 21169.8 14803.8 6365.99 5964.46 4195.13 14527.4 7731.78 5354.91 2376.87 6795.66 1585.26
internal_count=449448 91336 12041 79295 56584 22711 20358 14662 54819 31069 20584 10485 23750 6443
is_linear=0
shrinkage=0.035


Tree=358
num_leaves=15
num_cat=1
split_feature=7 11 57 11 57 52 1 10 6 6 0 60 1 1
split_gain=28.7411 42.5045 65.0663 48.9 43.2452 38.9097 43.5658 45.0398 37.9061 37.601 35.007 34.2786 59.9965 39.8902
threshold=1.00007184940365 1.010187190631062 0.24696342784683112 1.0757066945062175 2.1811143364214236 0.19047619047619055 12.500000000000002 1.0016926163968651 8.1479394626546355 7.8959068844352274 0 -0.9523422988233432 18.500000000000004 13.500000000000002
decision_type=2 2 2 2 2 2 2 2 2 2 1 2 2 2
left_child=-1 4 10 5 -2 6 -4 -8 -9 -5 -3 12 13 -7
right_child=1 2 3 9 -6 11 7 8 -10 -11 -12 -13 -14 -15
leaf_value=2.4567926281259554e-09 -7.7155476650290055e-05 -1.8134300372381123e-06 0.00057474771941137218 0.00063835993818116472 -0.0014937272110481447 -0.00081649816447564776 0.00037623579775861876 -0.00014203685416242024 -0.0010183367445289375 0.0041654255584547212 -2.9553462558796204e-05 3.292317786114184e-05 -0.0019602800211703133 0.00053149030019752842
leaf_weight=81076.071999642067 17313.603102507768 3218.5548735109624 2529.3565482897684 3401.4184820868541 1238.4021371230483 954.38892513979226 855.90386563539505 757.75430539064109 281.94257833622396 177.83202774077654 3032.8210008181632 10724.908385007642 406.51121071190573 907.75215382687747
leaf_count=303122 48927 12447 5530 17397 3597 3548 1895 1704 289 373 8471 37428 1524 3196
internal_value=3.12755e-05 -0.000669507 0.000210325 0.00114362 -0.00196122 0.000376868 0.00320762 -0.000803375 -0.00567381 0.00486361 -0.00292135 -0.00058887 -0.00448747 -0.00179131
internal_weight=126877 45801.1 27249.1 20997.8 18552 17418.5 4424.96 1895.6 1039.7 3579.25 6251.38 12993.6 2268.65 1862.14
internal_count=449448 146326 93802 72884 52524 55114 9418 3888 1993 17770 20918 45696 8268 6744
cat_boundaries=0 2
cat_threshold=100667520 262144
is_linear=0
shrinkage=0.035


Tree=359
num_leaves=15
num_cat=0
split_feature=12 14 57 46 57 27 5 27 11 1 59 57 27 58
split_gain=27.2804 41.193 103.497 81.802 31.8723 48.2727 40.5357 60.7179 42.887 33.8117 36.0249 46.2158 35.6116 34.4911
threshold=0.98993303609302552 1.1694833628063137 0.13859348036520475 0.90000000000000135 1.7066017120737698 5.5000000000000009 33.500000000000007 34.500000000000007 1.1057895378335565 7.5000000000000009 0.8140385552266387 1.2869651534557804 24.500000000000004 10.512484591035077
decision_type=2 2 2 2 2 2 2 2 2 2 2 2 2 2
left_child=1 4 -3 -4 6 -6 7 -1 -9 -8 12 13 -11 -12
right_child=-2 2 3 -5 5 -7 9 8 -10 10 11 -13 -14 -15
leaf_value=1.9560118427680185e-05 2.1537724462789554e-09 3.4096242636073566e-05 -0.0019477298836114302 0.00067680583542929751 -0.0024160766739694181 -0.00024197457276878772 -1.9366833868558459e-05 -0.00014002222525074794 0.00075806472737022408 0.00043602451700942255 0.00078246269511901437 0.00020915475066843355 -0.00033973141830051539 0.0014334815842200425
leaf_weight=9395.9189977888018 97810.705731998198 457.04653421300463 856.8562394999899 257.72730410308577 969.04319705162197 4441.6906490214169 2375.3909707069397 4660.9144038627855 244.95420519262552 1980.2217921158299 1107.7553698308766 1005.713359516114 1026.2633393891156 287.01950147747993
leaf_count=34730 332362 1532 3688 1294 4509 18846 9976 17966 1240 7459 6161 4665 4479 541
internal_value=3.64462e-05 -0.000904821 -0.00639766 -0.0121184 -0.000588634 -0.00299345 1.64563e-06 -0.00110431 -0.0042561 0.00203289 0.00355998 0.00674798 0.00100064 0.0108489
internal_weight=126877 29066.5 1571.63 1114.58 27494.9 5410.73 22084.2 14301.8 4905.87 7782.36 5406.97 2400.49 3006.49 1394.77
internal_count=449448 117086 6514 4982 110572 23355 87217 53936 19206 33281 23305 11367 11938 6702
is_linear=0
shrinkage=0.035


Tree=360
num_leaves=15
num_cat=2
split_feature=9 36 1 46 36 35 57 62 59 0 21 0 36 63
split_gain=26.7626 31.308 50.8455 38.5201 140.194 80.9586 70.7898 59.794 65.3789 56.6491 53.8015 50.8277 50.153 45.7711
threshold=0.98901312093725247 28.250000000000004 15.500000000000002 4.2000000000000028 22.350000000000005 70.000000000000014 1.2352061784186319 2.950000000000002 0.99466160899732492 0 1.0000000180025095e-35 1 25.350000000000005 0.068750000000000019
decision_type=2 2 2 2 2 2 2 2 2 1 2 1 2 2
left_child=-1 3 -3 12 6 -6 9 8 -8 -5 -9 -10 -2 -14
right_child=1 2 -4 4 5 -7 7 10 11 -11 -12 -13 13 -15
leaf_value=-3.292831016219519e-05 -6.4734187785022434e-11 -0.0017298223248793242 0.00034607323323297576 3.0361929548344133e-06 -0.0049830928831140322 -0.00025825177513222905 -0.00014826265319409782 0.00037228648278055072 0.0018116865988215781 0.0019805887370466925 0.0016463021785181036 -0.00038168158056683282 0.0012502594889116465 -0.00048674345085612851
leaf_weight=30283.506227992475 80249.111626102123 682.51414290443063 713.80471685901284 329.38233249634504 268.87691187858582 3427.8057936057448 3617.5383141348138 3201.0812752693892 217.78496052324772 795.65357057610527 1443.7302463706583 137.70185515284538 1226.6987802349031 282.0308416672051
leaf_count=111337 276200 3079 3116 1837 1449 13552 12703 10826 608 2219 5106 664 5320 1432
internal_value=3.4681e-05 0.000319311 -0.00486485 0.000395853 0.0021316 -0.00366491 0.00433244 0.00324586 9.18089e-05 0.0125538 0.00593774 0.0142009 0.0001103 0.00641124
internal_weight=126877 96593.7 1396.32 95197.4 13439.6 3696.68 9742.87 8617.84 3973.03 1125.04 4644.81 355.487 81757.8 1508.73
internal_count=449448 338111 6195 331916 48964 15001 33963 29907 13975 4056 15932 1272 282952 6752
cat_boundaries=0 1 2
cat_threshold=301993984 135298
is_linear=0
shrinkage=0.035


Tree=361
num_leaves=15
num_cat=0
split_feature=9 57 46 27 6 27 52 35 1 59 54 10 36 27
split_gain=25.938 27.6681 60.4891 39.926 29.8677 32.2352 29.3879 28.5029 27.5813 49.1786 30.2237 26.0199 44.2049 52.8355
threshold=0.93347269184730863 2.195558549645483 0.09999999999999977 6.5000000000000009 8.4873018021071029 20.500000000000004 1.2447272188524021 25.500000000000004 18.500000000000004 0.69016699705532247 7.5000000000000009 1.0027427682971772 8.0500000000000025 36.500000000000007
decision_type=2 2 2 2 2 2 2 2 2 2 2 2 2 2
left_child=8 4 3 -3 6 -6 11 -4 10 -10 -1 -2 -13 -14
right_child=1 2 7 -5 5 -7 -8 -9 9 -11 -12 12 13 -15
leaf_value=-0.00092702834262326547 3.4369506381566757e-09 -0.0026923092847758049 0.0060205146717791291 0.00080047072266717519 8.5375437038539989e-05 0.002716804024073885 0.00067386621884818454 -0.0012686088256335536 -0.00091816798771637408 4.3260561137504182e-05 1.1490616546851481e-05 -7.1784293918817293e-05 0.00013988638872566481 -3.6116928303181643e-05
leaf_weight=636.94631596282125 72119.584545756923 244.68813491612673 52.003200247418135 1393.8637404798064 256.58607059717178 218.9213752746582 387.83577501378022 2143.0347175882198 1136.750279009575 871.6509563960135 5038.4007333817426 14465.222195458831 9189.2771944575943 18722.456361227203
leaf_count=4161 250493 621 228 4088 237 322 2074 8387 4885 3972 21628 36977 33560 77815
internal_value=3.55305e-05 0.000162654 -0.00275865 0.00232254 0.000259964 0.00892277 0.000223335 -0.00654499 -0.00193411 -0.00544833 -0.000683094 0.000190323 -0.000497918 0.000315943
internal_weight=126877 119193 3833.59 1638.55 115360 475.507 114884 2195.04 7683.75 2008.4 5675.35 114497 42377 27911.7
internal_count=449448 414802 13324 4709 401478 559 400919 8615 34646 8857 25789 398845 148352 111375
is_linear=0
shrinkage=0.035


Tree=362
num_leaves=15
num_cat=1
split_feature=42 36 46 64 7 11 57 11 52 57 1 10 0 28
split_gain=25.179 24.3283 54.4887 34.8853 26.8242 39.7686 58.6203 45.4888 41.6582 39.4855 37.8465 37.1719 34.2294 34.7684
threshold=31.250000000000004 28.250000000000004 3.5000000000000018 -0.0083333333333333436 1.00007184940365 1.010187190631062 0.24696342784683112 1.0611796071181969 0.19203741682556433 2.1811143364214236 12.500000000000002 1.0016926163968651 0 41.500000000000007
decision_type=2 2 2 2 2 2 2 2 2 2 2 2 1 2
left_child=1 4 3 -3 -1 9 12 8 10 -6 -8 -12 -7 -14
right_child=-2 2 -4 -5 5 6 7 -9 -10 -11 11 -13 13 -15
leaf_value=2.682407501979229e-09 0.004800213171227208 -0.0020593761540156478 -0.0014289130591876853 0.0012795567250427303 -7.1144441205496937e-05 -9.6839882276018208e-07 0.00055133053226023995 0.00064276849347054052 -0.00010697883157782256 -0.0014418847228658937 0.00034799125605508243 -0.00038867767051467404 -5.443680693245476e-05 -5.8745650888741772e-08
leaf_weight=79748.484773884527 66.228801101446152 112.89780073240399 933.94960014149547 488.77600028738379 17182.38874263945 3213.9421095733996 2533.4661546638235 4832.7298992085271 11633.750729243271 1224.8750441521406 854.777064666152 1024.7138635450974 2030.2556475549936 995.98536437377334
leaf_count=297180 324 729 4095 1971 48368 12418 5501 23072 39911 3550 1905 1979 5240 3205
internal_value=4.21491e-05 3.00586e-05 -0.0043342 0.00384239 8.38972e-05 -0.000593863 0.000258416 0.00114809 0.000250684 -0.00184899 0.00314219 -0.000620982 -0.00271546 -0.00537182
internal_weight=126877 126811 1535.62 601.674 125275 45526.9 27119.6 20879.4 16046.7 18407.3 4412.96 1879.49 6240.18 3026.24
internal_count=449448 449124 6795 2700 442329 145149 93231 72368 49296 51918 9385 3884 20863 8445
cat_boundaries=0 2
cat_threshold=100667520 262144
is_linear=0
shrinkage=0.035


Tree=363
num_leaves=15
num_cat=1
split_feature=42 9 51 0 39 36 21 36 1 59 1 1 21 62
split_gain=25.1677 23.8854 31.8315 25.2164 24.328 33.6431 55.7189 73.2701 62.0844 51.1539 87.716 83.3545 52.0374 52.1574
threshold=31.250000000000004 0.86741724646847995 1.0270234180041347 0 12.65 8.2500000000000018 1.0000000180025095e-35 5.7500000000000009 21.500000000000004 0.030120025924939415 17.500000000000004 16.500000000000004 1.0000000180025095e-35 0.67499999999999993
decision_type=2 2 2 1 2 2 2 2 2 2 2 2 2 2
left_child=1 3 4 -1 -3 6 8 -8 -6 11 -11 -7 13 -12
right_child=-2 2 -4 -5 5 9 7 -9 -10 10 12 -13 -14 -15
leaf_value=0.00024675139603659162 0.0046322057102342554 2.1932489558460011e-09 0.0019875650278073547 -0.00057896808686083419 4.2347454646397109e-11 0.0010259755505516153 2.9581093677302178e-09 -0.00014853563157258905 -0.00050732184185257195 -6.3528413612428967e-05 -5.1763095312546645e-05 -0.00061036648746944262 -0.00046289310937699328 0.0016038740597449136
leaf_weight=396.33750244230032 66.228801101446152 100055.93987954198 262.2526546260342 1904.5485015255399 5894.4945733454078 1438.1897636672948 843.99677077494562 1266.6895869988948 611.40672383457422 10599.880662221462 694.27287768572569 619.95242991531268 730.11012446880341 1492.9207436181605
leaf_count=1652 324 347557 1237 9519 17776 4790 3980 3868 1766 43137 2975 2319 3048 5500
internal_value=4.66651e-05 3.4577e-05 0.000100006 -0.00349118 7.38055e-05 -0.000921974 -0.00267541 -0.00760263 -0.00106768 4.91572e-05 -0.000734659 0.00517566 0.00462972 0.00732223
internal_weight=126877 126811 124510 2300.89 124248 24191.9 8616.59 2110.69 6505.9 15575.3 13517.2 2058.14 2917.3 2187.19
internal_count=449448 449124 437953 11171 436716 89159 27390 7848 19542 61769 54660 7109 11523 8475
cat_boundaries=0 1
cat_threshold=67239936
is_linear=0
shrinkage=0.035


Tree=364
num_leaves=15
num_cat=0
split_feature=48 21 40 57 58 1 60 1 36 36 1 62 46 49
split_gain=28.7029 69.318 94.6911 66.6003 52.6686 86.1353 48.9986 91.6912 63.1795 76.3569 66.0571 50.7615 90.5067 73.6755
threshold=0.15289511606932801 1.0000000180025095e-35 1.0500000000000018 1.1565122431033688 10.947180865728646 17.500000000000004 -0.78295110140207613 17.500000000000004 11.550000000000002 15.450000000000001 17.500000000000004 -4.9166666666666679 -4.1499999999999986 0.97500000000000009
decision_type=2 2 2 2 2 2 2 2 2 2 2 2 2 2
left_child=1 6 -3 -4 -2 -6 7 -1 11 -10 -11 13 -13 -8
right_child=4 2 3 -5 5 -7 8 -9 9 10 -12 12 -14 -15
leaf_value=6.9106729030748402e-08 -1.3978671317478554e-06 -1.9396334897201208e-08 6.7180877136931143e-06 -0.00034430508611516561 1.1617372444923945e-06 -0.00051749897929802822 9.3051257946194919e-08 -0.0011405747197801386 -3.0453297413131136e-07 -5.0908564548443333e-09 0.0016062973231012274 -2.7173430688678016e-08 2.4587121251601475e-08 1.1713609782077603e-08
leaf_weight=6833.2181989627425 88467.421179609839 10485.738445467083 276.87061453983188 185.9896135032177 1263.3427413105965 884.01938861608505 369.05607493594289 467.46834570402279 2163.9633101671934 4591.4721319414675 324.48555555567145 548.88670013472438 9730.6756688989699 284.61362642049789
leaf_count=24139 330982 37355 1376 759 1568 1013 872 1666 8278 16563 1114 1641 21243 879
internal_value=0.000122347 0.000954371 -0.00137159 0.0139519 -0.000210683 -0.00561388 0.00196053 0.00437735 0.000979108 -0.00159538 0.000818467 0.00264618 0.0020383 0.0120308
internal_weight=126877 36262.4 10948.6 462.86 90614.8 2147.36 25313.8 7300.69 18013.2 7079.92 4915.96 10933.2 10279.6 653.67
internal_count=449448 115885 39490 2135 333563 2581 76395 25805 50590 25955 17677 24635 22884 1751
is_linear=0
shrinkage=0.035


Tree=365
num_leaves=15
num_cat=0
split_feature=48 21 40 57 58 1 46 39 46 53 59 60 46 62
split_gain=27.4192 56.375 91.8111 66.3778 51.4016 84.0552 41.405 39.4194 100.505 91.6523 151.008 86.676 59.7564 59.4431
threshold=0.15289511606932801 1.0000000180025095e-35 1.0500000000000018 1.1565122431033688 10.947180865728646 17.500000000000004 -8.0499999999999972 8.9500000000000011 -1.6000000000000008 0.94519519519519524 0.047320950113892181 0.85651926849515192 -3.0999999999999983 -2.010416666666667
decision_type=2 2 2 2 2 2 2 2 2 2 2 2 2 2
left_child=1 6 -3 -4 -2 -6 -1 -8 9 -9 -11 12 -12 -10
right_child=4 2 3 -5 5 -7 7 8 13 10 11 -13 -14 -15
leaf_value=-6.814319186612673e-07 -1.3489417821366864e-06 -1.8717463175799164e-08 6.4829546437138543e-06 -0.00033225440810113501 1.1210764409351602e-06 -0.00049938651502259715 1.396874669197309e-09 8.5406334676115506e-07 -2.0333015794952769e-07 8.4206979171192574e-07 5.5464123792944615e-08 -1.0426430496838213e-08 4.453951169004553e-09 7.7895074882776553e-07
leaf_weight=85.117552515119314 88467.421179609839 10485.738445467083 276.87061453983188 185.9896135032177 1263.3427413105965 884.01938861608505 14308.492683270946 1519.0902681143489 959.85361819714308 476.70767907612026 878.672631688416 239.05034302920103 461.2335430495441 6385.6212937803939
leaf_count=319 330982 37355 1376 759 1568 1013 41065 6236 3053 1730 3324 849 1985 17834
internal_value=0.000120904 0.000934109 -0.00116353 0.0139246 -0.000204594 -0.00554241 0.00184147 0.00192764 0.00351032 0.00831487 0.0131148 0.00780271 0.0112641 0.00116402
internal_weight=126877 36262.4 10948.6 462.86 90614.8 2147.36 25313.8 25228.7 10920.2 3574.75 2055.66 1578.96 1339.91 7345.47
internal_count=449448 115885 39490 2135 333563 2581 76395 76076 35011 14124 7888 6158 5309 20887
is_linear=0
shrinkage=0.035


Tree=366
num_leaves=15
num_cat=1
split_feature=42 12 57 14 57 46 57 59 1 5 27 11 0 10
split_gain=25.0553 24.4608 37.7153 41.1529 86.6933 81.5556 30.085 46.3276 39.334 38.3441 60.1808 34.0891 33.778 28.7373
threshold=31.250000000000004 0.98993303609302552 0.0011090875431332202 1.1694833628063137 0.23109167196932104 0.90000000000000135 1.7066017120737698 0.12447811117596704 7.5000000000000009 40.500000000000007 34.500000000000007 1.1057895378335565 0 0.98390735618069647
decision_type=2 2 2 2 2 2 2 2 2 2 2 2 1 2
left_child=1 2 -1 6 -5 -6 9 8 -8 10 -4 -12 -9 -3
right_child=-2 13 3 4 5 -7 7 12 -10 -11 11 -13 -14 -15
leaf_value=5.0514261298551723e-05 0.004470174648688042 7.5878833220669985e-05 2.9703755386102756e-05 3.2925912927358473e-05 -0.0021043226657831535 0.00065311487488759075 -0.0022543825627715352 -0.00013657969255858869 0.00024523732593749085 0.00010100620916205295 -0.00011485948103864641 0.00061312748500836766 -0.0019407760819324803 1.6519082420970606e-09
leaf_weight=80.446114646038041 66.228801101446152 4639.4827854689211 10901.862809624523 481.41113811568357 807.50135925156064 257.72730410308577 228.53784018009901 893.0993890138343 2637.5437113344669 5482.6116489516571 5363.6652309219353 273.60755645856261 1649.886349953711 93113.609556642361
leaf_count=300 324 22097 40751 1700 3453 1294 610 3747 9727 23783 20993 1423 9265 309981
internal_value=9.15807e-05 7.9516e-05 -0.000811888 -0.000882024 -0.0064181 -0.0119539 -0.000567657 -0.00290385 0.000149893 7.22526e-06 -0.000833778 -0.00376639 -0.00633268 0.000344549
internal_weight=126877 126811 29057.9 28977.5 1546.64 1065.23 27430.8 5409.07 2866.08 22021.7 16539.1 5637.27 2542.99 97753.1
internal_count=449448 449124 117046 116746 6447 4747 110299 23349 10337 86950 63167 22416 13012 332078
cat_boundaries=0 2
cat_threshold=131074 262144
is_linear=0
shrinkage=0.035


Tree=367
num_leaves=15
num_cat=2
split_feature=42 11 57 1 21 3 14 1 1 31 12 14 0 12
split_gain=24.9478 24.0168 64.4404 52.0796 94.8457 73.8571 71.7489 59.7144 56.9476 60.3715 54.6581 46.9554 44.8635 55.3432
threshold=31.250000000000004 0.97872776580602372 1.2473703464118877 16.500000000000004 1.0000000180025095e-35 0 1.0123130853103539 17.500000000000004 8.5000000000000018 1.0000000180025095e-35 1.0044614193728292 1.1694833628063137 1 0.96388375844673491
decision_type=2 2 2 2 2 1 2 2 2 2 2 2 1 2
left_child=1 2 12 8 6 7 -5 -6 10 -10 -4 -12 13 -1
right_child=-2 -3 3 4 5 -7 -8 -9 9 -11 11 -13 -14 -15
leaf_value=-0.00027121277342008964 0.0043137185359839614 3.1523299193367005e-09 -0.0010253640167903538 0.0011496912304641085 0.00074321042440175799 0.0004748585002085645 -0.00092338720790526236 -0.0030764878508192247 -0.00064314247073960634 -0.0053803633500861371 0.00052615579071570346 0.0059184170393027829 -2.7639819384592749e-06 0.00020836753090360986
leaf_weight=504.79334887256846 66.228801101446152 104129.33064524434 587.67670603655279 2524.53632937558 158.46364718675613 541.69454503967427 896.90754845901392 628.34994564205408 7592.8400952147786 223.79940938949585 745.77310554892756 164.23551331460476 6119.3072161199525 1993.2847392221447
leaf_count=2073 324 358523 1885 9594 541 3113 3197 1963 32460 857 2794 577 24961 6586
internal_value=8.99528e-05 7.79142e-05 -0.000953873 -0.00241351 0.000568367 -0.00733513 0.00364964 -0.0141165 -0.00393313 -0.00513011 0.00230667 0.00764713 0.00142841 0.00535975
internal_weight=126877 126811 22681.7 14064.3 4749.95 1328.51 3421.44 786.814 9314.32 7816.64 1497.69 910.009 8617.39 2498.08
internal_count=449448 449124 90601 56981 18408 5617 12791 2504 38573 33317 5256 3371 33620 8659
cat_boundaries=0 1 3
cat_threshold=1 4096 262144
is_linear=0
shrinkage=0.035


Tree=368
num_leaves=15
num_cat=0
split_feature=42 41 7 11 57 11 57 52 1 10 58 60 1 1
split_gain=24.6359 23.8846 23.7559 38.3782 54.1228 41.0842 37.2815 35.8571 40.2466 36.5836 35.0951 31.472 82.5921 61.0521
threshold=31.250000000000004 29.000000000000004 1.00007184940365 1.010187190631062 0.24696342784683112 1.0757066945062175 2.1811143364214236 0.19047619047619055 12.500000000000002 1.0016926163968651 10.576494764766116 -0.90878397393106225 18.500000000000004 13.500000000000002
decision_type=2 2 2 2 2 2 2 2 2 2 2 2 2 2
left_child=1 2 -1 6 -5 7 -4 8 -6 -10 -7 12 13 -9
right_child=-2 -3 3 4 5 10 -8 11 9 -11 -12 -13 -14 -15
leaf_value=3.3573519712323466e-09 0.0041627383872245224 -0.0040428574109598273 -6.8194974749868635e-05 -1.1534641670945403e-05 0.00053519625167732442 0.00063830845113647754 -0.0013575192716116572 -0.00073687668026097279 0.00034377605588667475 -0.00037525126403676473 0.0047585103181633582 6.1706895742854641e-05 -0.0019132752511233026 0.00069220617152664337
leaf_weight=80950.980364236049 66.228801101446152 82.78600137680769 17301.259868996916 6251.3758743291255 2529.3565482897684 3493.8546277845744 1236.5869815424085 1302.5112753426656 854.99031007289886 1038.3265503831208 84.750770906917751 9912.4349979395047 547.47168277599849 1224.306940689683
leaf_count=302502 324 405 48864 20918 5530 17628 3591 4845 1893 1990 139 34434 2070 4315
internal_value=8.94642e-05 7.7501e-05 9.04906e-05 -0.000546678 0.000289377 0.0011409 -0.00177467 0.000437742 0.00315586 -0.00070296 0.00455089 -0.000489637 -0.00357736 -0.000883564
internal_weight=126877 126811 126728 45777.2 27239.4 20988 18537.8 17409.4 4422.67 1893.32 3578.61 12986.7 3074.29 2526.82
internal_count=449448 449124 448719 146217 93762 72844 52455 55077 9413 3883 17767 45664 11230 9160
is_linear=0
shrinkage=0.035


Tree=369
num_leaves=15
num_cat=0
split_feature=42 40 41 7 11 57 11 51 1 13 10 59 57 57
split_gain=23.7265 22.9352 46.4455 23.1347 35.964 49.117 38.2779 36.4804 60.2335 47.5358 39.7309 41.2763 36.105 30.1122
threshold=31.250000000000004 6.8500000000000023 13.300000000000002 1.00007184940365 1.010187190631062 0.24696342784683112 1.2979557473496464 0.10839688757231415 10.500000000000002 1.03995341825403 1.0049710545424724 -0.55601228778889789 2.1811143364214236 0.01189937498537018
decision_type=2 2 2 2 2 2 2 2 2 2 2 2 2 2
left_child=1 3 -3 -1 12 -6 7 8 -7 10 -10 -12 13 -5
right_child=-2 2 -4 4 5 6 -8 -9 9 -11 11 -13 -14 -15
leaf_value=3.461161695910502e-09 0.0040170425436716643 -0.0046538060898427148 0.00090536917101200691 3.2238204800099377e-05 -1.110366428854329e-05 0.00078060698750725336 0.0025580067708617362 -4.982686251846711e-06 0.00026286713886499759 0.0041597114457308714 -0.00089327228330620789 -0.00020930936907813356 -0.0013100060971052492 -0.00011159282237744126
leaf_weight=80722.492662052624 66.228801101446152 214.27420070394874 176.70830165594816 417.28618381428532 6246.0364187171217 2630.8562806183472 253.34813063521869 14345.166773522506 1966.6813762346283 87.98565486818552 332.5392670109868 1334.7268920531496 1234.5069092996418 16848.383743479848
leaf_count=301364 324 1107 783 1373 20899 6820 1077 55809 5207 128 215 3413 3579 47350
internal_value=8.39875e-05 7.22475e-05 -0.00828513 9.87478e-05 -0.00053046 0.000279379 0.00109155 0.000922386 0.00312815 0.000258959 -0.000388619 -0.00434965 -0.00172052 -0.00130468
internal_weight=126877 126811 390.983 126420 45697.5 27197.3 20951.3 20698 6352.79 3721.93 3633.95 1667.27 18500.2 17265.7
internal_count=449448 449124 1890 447234 145870 93568 72669 71592 15783 8963 8835 3628 52302 48723
is_linear=0
shrinkage=0.035


Tree=370
num_leaves=15
num_cat=1
split_feature=42 57 2 13 64 10 13 6 2 13 36 27 9 0
split_gain=22.985 23.1733 44.5601 35.52 27.8962 25.9953 41.1959 49.1852 64.211 37.1766 31.6898 39.7539 49.7961 52.86
threshold=31.250000000000004 2.2392209024604219 1.5000000000000002 0.96254272107183836 -0.1354166666666666 1.0078703882027582 1.0125285989076807 7.1122126185459953 3.5000000000000004 1.03874376075038 8.0500000000000025 36.500000000000007 1.0559154634777939 0
decision_type=2 2 2 2 2 2 2 2 2 2 2 2 2 1
left_child=1 5 -3 -4 -5 6 -1 -8 -9 -10 -7 -12 -13 -14
right_child=-2 2 3 4 -6 10 7 8 9 -11 11 12 13 -15
leaf_value=1.1818183493349994e-09 0.0038764460546431559 0.00042329798897675156 -0.0065154600325432258 0.0022662442609471425 -0.00093496845102903172 -6.8349715564343082e-05 1.4827562665167989e-06 0.00034354548093634728 0.001149487185627109 0.0038885785270994164 0.00010474731656659609 -9.5565231957661301e-05 0.00038527000871231061 -0.0002065719785968559
leaf_weight=82153.852365807397 66.228801101446152 1232.2231862284243 184.291535906028 147.19811346195638 1638.7263806338888 10457.041788822506 5056.7540371706709 3655.3229515179992 1218.2301897061989 211.05514647066593 6738.5427373966668 9593.3457253656816 2325.0642517358065 2199.3443844425492
leaf_count=287958 324 4377 825 647 6154 29536 19018 9106 2495 421 26416 41018 8454 12699
internal_value=7.8285e-05 6.67302e-05 -0.00286804 -0.0061214 -0.00454613 0.00014299 0.000438629 0.00254209 0.00496928 0.0112337 -0.000728259 6.03672e-05 -0.000995262 0.0020286
internal_weight=126877 126811 3202.44 1970.22 1785.92 123609 92295.2 10141.4 5084.61 1429.29 31313.3 20856.3 14117.8 4524.41
internal_count=449448 449124 12003 7626 6801 437121 318998 31040 12022 2916 118123 88587 62171 21153
cat_boundaries=0 1
cat_threshold=67241986
is_linear=0
shrinkage=0.035


Tree=371
num_leaves=15
num_cat=1
split_feature=36 46 64 61 6 36 53 62 39 57 46 61 57 0
split_gain=23.0999 51.2542 37.5351 25.7917 175.882 86.8908 92.1022 55.3811 41.2314 35.9034 30.2892 125.083 87.8905 87.4067
threshold=28.250000000000004 2.5499999999999998 -0.0083333333333333436 24.354166666666675 2.0805928915684464 22.750000000000004 0.98750000000000016 -1.8166666666666671 6.6500000000000012 0.18079912731214931 4.2000000000000028 21.902083333333341 1.2352061784186319 0
decision_type=2 2 2 2 2 2 2 2 2 2 2 2 2 1
left_child=3 2 -2 10 5 6 -5 9 -9 -6 -1 12 13 -12
right_child=1 -3 -4 4 7 -7 -8 8 -10 -11 11 -13 -14 -15
leaf_value=-1.7674378938051087e-09 -0.0019933783643164144 -0.0013257438995232967 0.0015751568514354747 -2.3537298464734093e-06 4.5766424146720264e-05 -8.6770903292119228e-06 3.8373361542654138e-07 -0.00035526312428989514 0.00061479722559145897 0.0024519694094903926 -0.00024086509439786931 -0.00094147283157270734 0.00017968148415502226 0.0019674019773689307
leaf_weight=105435.02140882472 112.89780073240399 1016.2758000977337 406.44980033114552 180.42077498137951 292.94560726359487 294.16615629568696 131.93988293036819 455.99539988487959 790.90887794643641 648.44709405303001 461.47496371343732 1490.7230964191258 14217.607510491274 941.94742180267349
leaf_count=367453 729 4410 1656 914 1020 1553 586 1945 3360 2907 2644 6363 51272 2636
internal_value=7.69058e-05 -0.00417576 0.00470918 0.000129336 0.00344783 -0.0130894 -0.000119514 0.00807011 0.00318834 0.0144347 5.3379e-05 0.00141879 0.00234469 0.0106694
internal_weight=126877 1535.62 519.348 125342 2794.82 606.527 312.361 2188.3 1246.9 941.393 122547 17111.8 15621 1403.42
internal_count=449448 6795 2385 442653 12285 3053 1500 9232 5305 3927 430368 62915 56552 5280
cat_boundaries=0 1
cat_threshold=301993984
is_linear=0
shrinkage=0.035


Tree=372
num_leaves=15
num_cat=1
split_feature=8 58 1 6 2 59 14 0 57 60 11 51 57 1
split_gain=23.0768 31.2692 25.2328 135.248 105.455 63.6255 50.961 82.0019 74.3314 53.6089 38.9992 45.515 67.7084 66.5976
threshold=1.0523978771436489 10.478666522506417 21.500000000000004 6.8337660417311907 1.5000000000000002 0.73831951690629083 0.98774795522931602 0 0.30560640846611248 -0.94128245028753155 1.0757066945062175 0.30851372007593508 0.076256829880883642 7.5000000000000009
decision_type=2 2 2 2 2 2 2 1 2 2 2 2 2 2
left_child=2 -2 10 4 -4 -5 7 -6 9 -8 11 -1 -13 -14
right_child=1 -3 3 5 6 -7 8 -9 -10 -11 -12 12 13 -15
leaf_value=1.334517357525816e-09 8.2393604392705556e-05 0.00059253764604905417 -0.00025679615570567036 -0.001653810540071113 0.00088921063195925053 0.0001473959090572133 0.00047937786852131125 -0.00022482535549945898 -0.00041117667391916713 4.2369508528963229e-05 2.405179188474748e-05 8.0626631612301967e-05 -0.0010161631592888187 -0.00055100510083165902
leaf_weight=104735.66313795955 1432.3176130966749 316.57370309904218 3213.1026627011597 391.90710475575179 1139.2200526818633 125.74112805724144 507.55094985617325 560.65845892578363 1828.7192915005144 2469.0896881865337 5904.8354149705265 744.10863557551056 737.05977985775098 2770.6739745438099
leaf_count=355577 8684 631 10475 598 4322 239 1821 3517 7726 7211 28801 2368 3276 14202
internal_value=7.23579e-05 0.00405348 1.63952e-05 -0.00164788 -0.000710154 -0.0189057 0.00185234 0.00704156 5.85724e-06 0.00341428 0.0001648 1.45828e-05 -0.00353099 -0.00556443
internal_weight=126877 1748.89 125128 10236 9718.34 517.648 6505.24 1699.88 4805.36 2976.64 114892 108988 4251.84 3507.73
internal_count=449448 9315 440133 35909 35072 837 24597 7839 16758 9032 404224 375423 19846 17478
cat_boundaries=0 2
cat_threshold=67242112 262144
is_linear=0
shrinkage=0.035


Tree=373
num_leaves=15
num_cat=1
split_feature=12 6 58 57 62 60 6 0 46 59 36 14 6 57
split_gain=22.9978 24.2545 23.1638 48.7677 77.1681 111.941 170.236 52.35 52.3346 47.5335 39.8525 37.3851 48.1058 65.6975
threshold=1.8345429119556795 7.0330640724512383 9.8530962726721345 1.7420988670189719 1.9062499999999993 -0.90878397393106225 2.3038335330933397 0 -1.0000000180025095e-35 0.4749466738948262 17.150000000000002 0.98774795522931602 3.118284163566734 1.0701666665111358
decision_type=2 2 2 2 2 2 2 1 2 2 2 2 2 2
left_child=2 -2 3 4 5 6 10 -5 -8 -9 -1 12 -7 -14
right_child=1 -3 -4 7 -6 11 8 9 -10 -11 -12 -13 13 -15
leaf_value=8.2331049733645878e-08 0.0026906896813574618 -0.00091750701911951383 3.3879650087540056e-09 -0.00035112265199687721 0.00088135861844822433 -1.6695970445367485e-08 -0.00099634685419407046 -0.00051435945063994467 -0.00057998876900504555 -0.0035329968318890612 -6.4794966150314364e-06 -1.9013641826358751e-08 0.0008191667994240135 -0.00017728885418423525
leaf_weight=1032.546404925175 208.89746809238568 85.514793023467064 98872.428816583008 3745.4400884658098 3830.4759334390983 1657.7888751104474 2020.3448947104625 766.70638922951184 888.31994731561281 933.58004885166883 69.058022156357765 9158.2856499627233 2169.3879205919802 1438.4463433101773
leaf_count=8050 992 245 244959 31099 28606 14884 13908 3441 6303 5593 583 61143 17321 12321
internal_value=5.69069e-05 0.00966547 3.37971e-05 -0.000860358 -0.000133601 -0.00107337 -0.00623812 -0.00382599 -0.010666 -0.0088807 0.00544405 0.000365914 0.00271307 0.00497642
internal_weight=126877 294.412 126583 27710.4 22264.7 18434.2 4010.27 5445.73 2908.66 1700.29 1101.6 14423.9 5265.62 3607.83
internal_count=449448 1237 448211 203252 163119 134513 28844 40133 20211 9034 8633 105669 44526 29642
cat_boundaries=0 1
cat_threshold=369098754
is_linear=0
shrinkage=0.035


Tree=374
num_leaves=15
num_cat=1
split_feature=41 42 46 9 1 59 1 5 10 0 1 58 57 60
split_gain=21.6994 36.3201 21.3746 21.1626 37.3042 45.5337 52.4814 40.462 39.3429 38.0129 32.1519 30.6504 40.1838 60.2538
threshold=29.000000000000004 28.200000000000006 -2.4000000000000004 1.0506718036548539 14.500000000000002 -0.081675638985454838 17.500000000000004 19.500000000000004 1.1544719876419725 0 22.500000000000004 9.8530962726721345 1.7420988670189719 -0.30900554811238667
decision_type=2 2 2 2 2 2 2 2 2 1 2 2 2 2
left_child=1 3 -3 11 8 6 -6 -8 -5 -7 -9 12 13 -1
right_child=-2 2 -4 4 5 9 7 10 -10 -11 -12 -13 -14 -15
leaf_value=-4.7379173385809281e-07 -0.0039013576675070911 -2.825080350949833e-05 0.00056329961072314595 8.8010773888429867e-06 0.0037683564561876294 5.1507397366425199e-05 0.00048585129246862547 -0.0019320301636077271 -0.0010451952304829084 0.00084759363208094759 -3.1467794375276261e-05 2.0212405906818945e-09 -0.0010068260681542806 1.6439160193840801e-08
leaf_weight=8428.6506295045838 82.78600137680769 54.776599958539009 195.69530132040381 6438.9558557600249 113.52035036613233 1423.6823563051876 122.7645718739368 303.95331632206216 220.20626684906892 2778.0465044854209 159.31505604833364 91642.797274472658 4549.8578208140098 10362.213690310717
leaf_count=65305 405 243 954 30463 535 8186 571 1265 786 11602 513 223193 33311 72116
internal_value=5.33169e-05 6.56933e-05 0.0131218 3.88161e-05 0.0014656 0.00377973 -0.00444068 -0.00868849 -0.000240759 0.00515565 -0.0133708 -0.000104748 -0.00123676 -0.00052123
internal_weight=126877 126794 250.472 126544 11560.4 4901.28 699.553 586.033 6659.16 4201.73 463.268 114984 23340.7 18790.9
internal_count=449448 449043 1197 447846 53921 22672 2884 2349 31249 19788 1778 393925 170732 137421
cat_boundaries=0 2
cat_threshold=268435584 262144
is_linear=0
shrinkage=0.035


Tree=375
num_leaves=15
num_cat=0
split_feature=42 12 6 10 9 9 13 2 57 1 1 6 9 57
split_gain=21.3978 21.3721 22.2263 21.0084 34.0789 41.5865 32.0842 40.5394 66.3192 42.4628 61.461 40.3987 31.2335 53.8046
threshold=31.250000000000004 1.8345429119556795 7.0330640724512383 1.0083763033827686 1.2478017098865986 1.0953575390987298 1.0115085725769768 3.5000000000000004 1.3425836480196718 15.500000000000002 16.500000000000004 2.1860171107064335 0.98723569109534748 0.13859348036520475
decision_type=2 2 2 2 2 2 2 2 2 2 2 2 2 2
left_child=1 3 -3 6 5 -5 12 -8 11 -10 -11 -9 13 -1
right_child=-2 2 -4 4 -6 -7 7 8 9 10 -12 -13 -14 -15
leaf_value=2.4710931685611895e-05 0.0037210548529287789 0.0025962075048013406 -0.00090615463989446169 -3.1371210919217897e-05 -0.00060456469135725522 0.00024417572788514795 1.8371454992872837e-05 -5.8977744251929496e-05 0.00082069723547659548 0.0041080596391061793 -4.5171138890176654e-05 7.3986406073231511e-05 2.7761209699630156e-09 -0.00018511235826681392
leaf_weight=2271.4701579194516 66.228801101446152 208.89746809238568 85.514793023467064 27996.614347475814 775.93054228369147 2165.8741722484119 8526.0830310955644 165.26054012030363 572.02136257663369 403.6988751962781 152.58247848879546 1879.6905359989032 64405.164759105071 17202.189731041668
leaf_count=9010 324 992 245 102933 3227 11259 27470 534 1717 981 365 4753 222690 62948
internal_value=6.56373e-05 5.44894e-05 0.00931721 3.21998e-05 -0.000760376 -0.000572701 0.000288807 0.00200502 0.0053756 0.0121479 0.0189607 0.00159807 4.92209e-05 -0.00117867
internal_weight=126877 126811 294.412 126517 30938.4 30162.5 95578.2 11699.3 3173.25 1128.3 556.281 2044.95 83878.8 19473.7
internal_count=449448 449124 1237 447887 117419 114192 330468 35820 8350 3063 1346 5287 294648 71958
is_linear=0
shrinkage=0.035


Tree=376
num_leaves=15
num_cat=0
split_feature=64 57 1 64 41 18 57 53 1 62 39 40 39 11
split_gain=21.406 92.7611 111.549 86.9126 51.7841 49.5358 39.4646 37.1797 34.4495 60.2821 43.2577 32.5237 31.5159 30.8461
threshold=-0.23541666666666664 0.036313070560869166 10.500000000000002 -0.30624999999999991 3.4500000000000015 1.0000000180025095e-35 0.23109167196932104 0.96966911764705899 16.500000000000004 0.031249999999999115 10.850000000000003 0.90000000000000158 6.9500000000000011 0.96968364371148541
decision_type=2 2 2 2 2 2 2 2 2 2 2 2 2 2
left_child=1 3 6 4 -1 8 -3 -5 12 11 -11 -10 -4 -2
right_child=13 2 5 7 -6 -7 -8 -9 9 10 -12 -13 -14 -15
leaf_value=-4.7791696110901361e-06 -8.1081808877402374e-05 6.3009528578053376e-05 -0.0023997407428740744 -1.2843081269040888e-06 2.4120488427284203e-06 0.0034914330577065253 0.0018771137095283193 6.9793532875301182e-08 -0.00044327132250145584 0.0022049634141379035 -7.0379348635009586e-05 0.00080454500311839025 -0.00036815600642092886 1.6230958367277961e-09
leaf_weight=724.15254954248667 14537.772544160951 466.0152831710875 314.70230301469564 268.52540185302496 142.10550531372428 229.21386717632413 1353.9373166896403 175.52377787232399 896.31435905024409 632.06045256927609 446.02899893373251 195.71900044009089 956.76499686390162 105538.38523911638
leaf_count=3731 60824 1950 1242 1122 856 1700 5969 645 3047 2725 1739 816 3843 359239
internal_value=6.391e-05 0.00197266 0.00396974 -0.00636269 -0.0127667 0.000449421 0.0110289 0.00613647 -0.000619272 0.00205956 0.00789559 -0.00372132 -0.00517185 -4.43558e-05
internal_weight=126877 6801.06 5490.76 1310.31 866.258 3670.8 1819.95 444.049 3441.59 2170.12 1078.09 1092.03 1271.47 120076
internal_count=449448 29385 23031 6354 4587 15112 7919 1767 13412 8327 4464 3863 5085 420063
is_linear=0
shrinkage=0.035


Tree=377
num_leaves=15
num_cat=1
split_feature=8 58 1 1 6 2 59 14 6 57 60 0 11 64
split_gain=21.2028 27.8182 22.4602 21.9778 127.562 93.9183 60.1542 45.8695 79.1769 69.4806 48.9926 37.1112 32.68 29.2007
threshold=1.0523978771436489 10.478666522506417 10.500000000000002 21.500000000000004 6.8337660417311907 1.5000000000000002 0.73831951690629083 0.98774795522931602 4.1538191891236549 0.30560640846611248 -0.86092912513210462 0 1.012450707558515 -1.2499999999999996
decision_type=2 2 2 2 2 2 2 2 2 2 2 1 2 2
left_child=3 -2 -3 13 5 -5 -6 8 -7 10 12 -10 -9 -1
right_child=1 2 -4 4 6 7 -8 9 11 -11 -12 -13 -14 -15
leaf_value=0.0034928965031204903 8.166663742086464e-05 3.1301140401386614e-06 0.0017112372706220391 -0.00024539342075251833 -0.0015927205456210964 -0.00084306138400650399 0.00014159380518491004 0.00079602335081588066 0.0010094698150637516 -0.00039015884673111408 2.2693027569732224e-05 0.00039001089285678323 0.0001644087064833762 1.4602670108977859e-09
leaf_weight=65.723334431648254 1432.3176130966749 114.23134508542717 202.34235801361501 3213.1026627011597 391.90710475575179 144.72564463317394 125.74112805724144 277.80598650453612 507.5410929992795 1828.7192915005144 2237.7880229344591 1047.6117739751935 461.04662860371172 114826.6176084755
leaf_count=322 8684 238 393 10475 598 1321 239 955 1650 7726 6266 4868 1811 403902
internal_value=6.21994e-05 0.00387825 0.0131006 8.55766e-06 -0.00154467 -0.000634034 -0.018305 0.00178419 0.00670737 3.23254e-05 0.00332761 0.00903494 0.0110771 0.00014706
internal_weight=126877 1748.89 316.574 125128 10236 9718.34 517.648 6505.24 1699.88 4805.36 2976.64 1555.15 738.853 114892
internal_count=449448 9315 631 440133 35909 35072 837 24597 7839 16758 9032 6518 2766 404224
cat_boundaries=0 1
cat_threshold=67239936
is_linear=0
shrinkage=0.035


Tree=378
num_leaves=15
num_cat=0
split_feature=64 57 1 64 41 18 1 53 1 62 39 28 6 39
split_gain=21.0326 82.004 104.677 82.2921 48.3699 45.8051 36.8713 36.3667 32.6405 56.7223 40.8413 30.5242 43.7764 34.5472
threshold=-0.23541666666666664 0.036313070560869166 10.500000000000002 -0.30624999999999991 3.4500000000000015 1.0000000180025095e-35 5.5000000000000009 0.96966911764705899 16.500000000000004 0.031249999999999115 10.850000000000003 48.500000000000007 7.6589493311703949 6.9500000000000011
decision_type=2 2 2 2 2 2 2 2 2 2 2 2 2 2
left_child=1 3 6 4 -1 8 -3 -5 11 -10 -11 13 -13 -4
right_child=-2 2 5 7 -6 -7 -8 -9 9 10 -12 12 -14 -15
leaf_value=-4.6119497840473627e-06 -4.8447046360867723e-10 6.9689915124678147e-05 -0.0035819091852586633 -1.2394084518078272e-06 2.3275760238875443e-06 0.0033624752332117596 0.0018988196707160295 6.7299649879284227e-08 -0.00023553659063128954 0.0021153559303277295 -6.8710327397724895e-05 -0.00075314770120625443 0.0020330858051193254 -0.00080077200747970451
leaf_weight=724.15254954248667 120076.15778327733 499.30709542706609 193.59820099174976 268.52540185302496 142.10550531372428 229.21386717632413 1320.6455044336617 175.52377787232399 1092.033359490335 632.06045256927609 446.02899893373251 388.19445086270571 151.76244884729385 537.91219917684793
leaf_count=3731 420063 2033 801 1122 856 1700 5886 645 3863 2725 1739 1885 302 2097
internal_value=5.75608e-05 0.00194959 0.0038272 -0.00588784 -0.0121205 0.000417093 0.0106655 0.00627008 -0.000610528 0.00199704 0.00765814 -0.00504194 0.00126616 -0.00965249
internal_weight=126877 6801.06 5490.76 1310.31 866.258 3670.8 1819.95 444.049 3441.59 2170.12 1078.09 1271.47 539.957 731.51
internal_count=449448 29385 23031 6354 4587 15112 7919 1767 13412 8327 4464 5085 2187 2898
is_linear=0
shrinkage=0.035


Tree=379
num_leaves=15
num_cat=1
split_feature=36 46 64 46 35 57 0 21 1 59 2 61 6 36
split_gain=20.7383 47.3612 36.6632 23.6044 114.94 88.2502 88.1077 81.6741 97.8481 93.2 66.4465 64.3667 119.639 89.8859
threshold=28.250000000000004 2.5499999999999998 -0.0083333333333333436 4.2000000000000028 30.500000000000004 1.2352061784186319 0 1.0000000180025095e-35 14.500000000000002 0.99551215362393841 2.5000000000000004 22.239583333333339 4.2976196645665841 22.750000000000004
decision_type=2 2 2 2 2 2 1 2 2 2 2 2 2 2
left_child=3 2 -2 11 -5 6 -6 9 10 -7 -9 -1 13 -13
right_child=1 -3 -4 4 5 7 -8 8 -10 -11 -12 12 -14 -15
leaf_value=-3.5776202858806357e-09 -0.0019271964340450288 -0.0012774947111665932 0.0015133108244353159 -0.004153214580668879 -0.00027855428697481596 -0.00016011861013757493 0.0018659373549706629 0.0020538415624781611 0.0022172535606778403 0.0013162888599213757 4.1061937891281964e-05 4.2087587003818339e-09 0.000574188449520403 -8.3564599316137863e-06
leaf_weight=101184.22671717638 112.89780073240399 1016.2758000977337 406.44980033114552 379.59619945799932 500.29922195151448 10541.540128078312 965.05884809792042 221.39460043609142 1180.1683243103325 598.53674521669745 3119.9598236493766 1552.6708094030619 4620.5249704346061 477.62180639430881
leaf_count=350047 729 4410 1656 2455 3026 36798 2694 746 4211 2230 12420 6948 18669 2409
internal_value=5.42338e-05 -0.00397518 0.00456519 0.000103913 0.00129558 0.00172223 0.00990587 0.000950706 0.00491244 -0.000660241 0.00183702 -8.96511e-05 0.00324303 -0.00382566
internal_weight=126877 1535.62 519.348 125342 17506.6 17127 1465.36 15661.6 4521.52 11140.1 3341.35 107835 6650.82 2030.29
internal_count=449448 6795 2385 442653 64580 62125 5720 56405 17377 39028 13166 378073 28026 9357
cat_boundaries=0 1
cat_threshold=301993984
is_linear=0
shrinkage=0.035


Tree=380
num_leaves=15
num_cat=0
split_feature=10 13 57 6 2 12 9 12 48 47 57 6 57 62
split_gain=20.381 53.2174 66.4546 32.6536 30.531 26.5818 34.9417 26.3421 33.3894 32.221 30.8824 45.8255 37.3118 30.7711
threshold=0.97440874976242853 0.96469382023171624 1.9457091221088376 5.3259354335851041 3.5000000000000004 1.8345429119556795 1.2478017098865986 0.90719188918350258 0.45195269382391595 0.27618124845386333 1.5950480527512394 6.6261020558933046 1.3857016255284134 -2.5312499999999996
decision_type=2 2 2 2 2 2 2 2 2 2 2 2 2 2
left_child=3 2 -2 -1 -4 6 7 -3 9 -9 11 13 -13 -10
right_child=1 5 4 -5 -6 -7 -8 8 10 -11 -12 12 -14 -15
leaf_value=5.0791873419970336e-05 -6.6977749122694615e-05 -0.00045383998154712742 0.00081330280830012292 5.8359088651455996e-05 -0.0048976890358520065 0.0024512565719687386 -0.00054277328611777192 1.9503631082348056e-10 7.4817142080835065e-05 -0.00010156389788903987 -0.00063519722979353934 0.0016522561393555808 0.00014337640151670841 1.1303110456768568e-06
leaf_weight=2116.1594518418424 2184.7939906045794 1196.7802914993372 63.144100606441498 6144.448553382419 366.21516838669777 159.1792902383022 853.94554657465778 104110.39422344649 983.71411730558611 1006.6667127471883 1225.1507633111905 1217.6641876013018 677.6094865440391 4571.3557116778102
leaf_count=11207 7676 5971 278 31716 1178 739 3713 344785 4005 4520 5479 3889 2237 22055
internal_value=5.92347e-05 -5.78905e-05 -0.00498671 0.00173911 -0.0174117 5.36023e-05 3.33531e-05 8.60323e-05 0.000140571 -3.17544e-05 0.00222619 0.00307289 0.00775769 0.00146347
internal_weight=126877 118617 2614.15 8260.61 429.359 116002 115843 114989 113793 105117 8675.49 7450.34 1895.27 5555.07
internal_count=449448 406525 9132 42923 1456 397393 396654 392941 386970 349305 37665 32186 6126 26060
is_linear=0
shrinkage=0.035


Tree=381
num_leaves=15
num_cat=1
split_feature=10 13 57 6 2 1 0 12 9 9 1 10 11 6
split_gain=19.7347 50.6288 63.1296 31.7737 29.3783 29.2052 25.1781 25.1453 33.237 25.6769 37.2733 28.5889 32.1988 45.8687
threshold=0.97440874976242853 0.96469382023171624 1.9457091221088376 6.4091199851717251 3.5000000000000004 7.5000000000000009 0 1.8345429119556795 1.2478017098865986 1.0658120067815839 14.500000000000002 1.0083763033827686 1.0757066945062175 6.2751235461600317
decision_type=2 2 2 2 2 2 1 2 2 2 2 2 2 2
left_child=3 2 -2 -1 -4 6 -5 8 9 11 -11 -3 -13 -14
right_child=1 7 4 5 -6 -7 -8 -9 -10 10 -12 12 13 -15
leaf_value=6.1364530162678695e-05 -6.4633527903400263e-05 2.1992159786970529e-09 0.00078483721000961856 3.2008214633737252e-05 -0.0047262699195971848 6.700518580317936e-05 -0.0032161856417051082 0.0023654625919498329 -0.00052377622110364992 -1.2315474189220524e-06 0.0005549232863954433 -5.5781109073699163e-05 -3.617892826032238e-05 0.0012515370779191627
leaf_weight=3927.06588862231 2184.7939906045794 83288.013725767611 63.144100606441498 143.24662547651678 366.21516838669777 4038.8259858102538 151.46950531518087 159.1792902383022 853.94554657465778 3691.5707719712518 2708.3518820579629 22268.508147471352 1571.5675981873646 1461.3233686774038
leaf_count=24499 7676 270897 278 485 1178 17385 554 739 3713 17238 12509 78106 8326 5865
internal_value=4.90887e-05 -6.61637e-05 -0.00487361 0.00170211 -0.0169838 -0.000364831 -0.0108136 4.25846e-05 2.28909e-05 7.42698e-05 0.00222685 -5.27899e-05 -0.00108292 0.00229511
internal_weight=126877 118617 2614.15 8260.61 429.359 4333.54 294.716 116002 115843 114989 6399.92 108589 25301.4 3032.89
internal_count=449448 406525 9132 42923 1456 18424 1039 397393 396654 392941 29747 363194 92297 14191
cat_boundaries=0 1
cat_threshold=67246080
is_linear=0
shrinkage=0.035


Tree=382
num_leaves=15
num_cat=1
split_feature=8 58 1 6 2 59 0 14 57 61 6 11 64 11
split_gain=19.4736 26.1915 22.3643 122.313 87.6263 58.3351 42.7248 59.5423 59.9096 46.8508 34.0234 33.5395 28.108 28.6357
threshold=1.0523978771436489 10.478666522506417 21.500000000000004 6.8337660417311907 1.5000000000000002 0.73831951690629083 0 0.98774795522931602 0.36161147247275599 6.9958333333333345 6.4327619453122304 1.0147619676577559 -1.2499999999999996 0.96968364371148541
decision_type=2 2 2 2 2 2 1 2 2 2 2 2 2 2
left_child=2 -2 12 4 -4 -5 -6 10 9 -9 -8 -11 -1 -14
right_child=1 -3 3 5 6 -7 7 8 -10 11 -12 -13 13 -15
leaf_value=0.0032991917850824447 7.9431889354230159e-05 0.00055360593050908253 -0.00023792933170364614 -0.0015368526944385373 -0.00022782250074324236 0.00013663808037778431 0.00049349406990225643 -4.6740654486107796e-05 -0.00046299147880832908 0.00060152464155329647 0.0021862411763852456 9.3361020510771835e-05 -6.986378593904745e-05 3.4442556874181595e-09
leaf_weight=65.723334431648254 1432.3176130966749 316.57370309904218 3213.1026627011597 391.90710475575179 1122.7846526913345 125.74112805724144 1291.6336144432425 1423.403019814752 1022.5815665752161 641.48348123463802 119.92670795321465 883.42539843847044 14133.587816782529 100693.02979169297
leaf_count=322 8684 631 10475 598 8341 239 4942 2835 3808 1909 241 2521 58982 344920
internal_value=4.69016e-05 0.00370403 -4.50525e-06 -0.00157133 -0.000679564 -0.0179832 0.00165633 0.00295032 0.000753287 0.003285 0.00910284 0.00752719 0.000135211 0.000121143
internal_weight=126877 1748.89 125128 10236 9718.34 517.648 6505.24 5382.45 3970.89 2948.31 1411.56 1524.91 114892 114827
internal_count=449448 9315 440133 35909 35072 837 24597 16256 11073 7265 5183 4430 404224 403902
cat_boundaries=0 1
cat_threshold=301989890
is_linear=0
shrinkage=0.035


Tree=383
num_leaves=15
num_cat=0
split_feature=10 13 57 59 49 57 2 1 6 64 64 57 11 61
split_gain=19.4691 45.7045 68.1926 70.2598 43.036 40.5196 51.7774 41.7911 37.3987 75.5431 70.6049 66.8559 64.7343 55.3299
threshold=0.97440874976242853 0.98148119052529537 0.033196781893504078 0.7266007961912001 0.13750000000000004 2.0025478082034289 3.5000000000000004 17.500000000000004 6.3528005688995766 0.98750000000000016 -0.29374999999999996 0.013088771449383139 1.044975438592026 4.4833333333333343
decision_type=2 2 2 2 2 2 2 2 2 2 2 2 2 2
left_child=-1 2 3 4 -2 -4 -7 -8 9 13 -10 -11 -12 -3
right_child=1 8 5 -5 -6 6 7 -9 10 11 12 -13 -14 -15
leaf_value=4.7963623130773531e-05 6.8233339972471367e-05 -7.7258148338704947e-09 -0.00013021711245318719 -3.6733786246308581e-05 -8.2549767300620382e-06 0.0005541379125171672 0.0011525991833975051 -0.0036781581092049445 0.0013015828682240186 8.3354520145431665e-06 7.9559515159598206e-06 6.4974563713529325e-05 0.00061334094889500107 -9.3539230542787018e-10
leaf_weight=8260.6080052242614 437.55323559418321 10107.285237189382 7786.8801941163838 234.44987251237035 142.29652558267117 283.76703429222107 118.37591003626585 518.68017637729645 2063.4522223435342 189.10768985375762 59319.579850468319 239.5780585706234 5996.0977109393571 31179.509872667259
leaf_count=42923 1085 27504 26177 859 474 1194 434 1461 7763 771 164897 1431 20933 151542
internal_value=3.98286e-05 -7.46449e-05 -0.00239881 0.00722924 0.0137008 -0.00330643 -0.0102123 -0.015681 0.000128414 -0.000695072 0.000638275 0.013753 0.000436356 -0.000848382
internal_weight=126877 118617 9522 814.3 579.85 8707.7 920.823 637.056 109095 41715.5 67379.1 428.686 65315.7 41286.8
internal_count=449448 406525 31684 2418 1559 29266 3089 1895 374841 181248 193593 2202 185830 179046
is_linear=0
shrinkage=0.035


Tree=384
num_leaves=15
num_cat=0
split_feature=9 1 28 6 47 59 6 51 57 46 27 6 35 27
split_gain=20.1629 26.5247 42.0711 36.7618 28.3917 24.0518 24.1428 23.9277 22.2801 57.2456 36.5041 27.0872 26.9824 26.532
threshold=0.93347269184730863 18.500000000000004 56.500000000000007 6.42158539314243 0.13636952883776843 -0.021515898191483532 4.8716618687640798 1.0270234180041347 2.195558549645483 0.09999999999999977 30.500000000000004 8.4873018021071029 25.500000000000004 19.500000000000004
decision_type=2 2 2 2 2 2 2 2 2 2 2 2 2 2
left_child=1 4 -3 -4 5 -1 -7 8 11 10 -10 -2 -11 -13
right_child=7 2 3 -5 -6 6 -8 -9 9 12 -12 13 -14 -15
leaf_value=-6.3281767949849565e-05 2.3255292639883741e-09 -0.00014660425633663575 -0.00021498246051203569 -0.0037459820433601255 8.6837186241566245e-05 4.3997263048700639e-05 -0.0012267708866551166 0.0018629229658492247 -0.00032317996257746093 0.0055447595513959339 0.001574313419304115 -6.8879037068561737e-05 -0.0011404495441175715 0.0025608342205429061
leaf_weight=1379.9033300429583 114639.68553957809 1395.5013506896794 288.35712241916917 324.54276229673997 3413.2069879004266 130.45729236677289 751.7794390344061 245.27925457153469 963.82725391583517 51.998622469604015 674.42761036381125 236.19009518623352 2142.7475842470303 239.31735068559647
leaf_count=4685 399772 5983 1560 1314 16669 677 3758 1182 2156 226 2535 220 8372 339
internal_value=5.74565e-05 -0.00167912 -0.00512525 -0.0126908 -0.000452735 -0.00348524 -0.00796375 0.000169536 0.000146551 -0.00247504 0.00246762 0.00023405 -0.00615891 0.00848374
internal_weight=126877 7683.75 2008.4 612.9 5675.35 2262.14 882.237 119193 118948 3833 1638.25 115115 2194.75 475.507
internal_count=449448 34646 8857 2874 25789 9120 4435 414802 413620 13289 4691 400331 8598 559
is_linear=0
shrinkage=0.035


Tree=385
num_leaves=15
num_cat=0
split_feature=40 36 36 63 1 1 41 53 41 57 63 36 1 46
split_gain=19.5888 43.6945 27.0799 21.8169 83.607 84.6846 123.706 87.3671 56.2375 51.1728 58.2109 49.6365 46.8226 44.9141
threshold=6.8500000000000023 19.450000000000003 13.550000000000002 0.27916666666666673 10.500000000000002 5.5000000000000009 1.9500000000000017 0.96966911764705899 5.5500000000000034 0.036313070560869166 0.30625000000000008 6.8500000000000005 2.5000000000000004 -1.3499999999999994
decision_type=2 2 2 2 2 2 2 2 2 2 2 2 2 2
left_child=3 2 -2 -1 5 6 9 -8 -7 10 -5 12 -9 -14
right_child=1 -3 -4 4 -6 8 7 11 -10 -11 -12 -13 13 -15
leaf_value=-5.9501891346078056e-10 -0.0034895518153083508 -0.0049276354711651586 0.00083858761565208347 4.0545706703987999e-08 -0.00015059391555463308 0.0019720541146275275 3.9654224605136365e-06 8.4919678321937437e-07 0.00050214080849569269 0.00012367736767544458 -4.4506593274684422e-06 3.642572901830052e-06 2.1344252188467564e-08 -3.4223207967846771e-07
leaf_weight=115959.34686895832 75.173199847340584 157.78920089453459 158.02010161802173 238.633225440979 5663.3107134178281 1393.7653047218919 915.70621265098453 68.14698638021946 746.05079966410995 381.44527694955468 753.08219950646162 252.3866398781538 61.884210020303726 52.480655819177628
leaf_count=402495 378 702 810 872 24147 6354 3736 265 2844 1533 3823 1047 251 191
internal_value=5.24698e-05 -0.00767118 0.00204547 7.6949e-05 0.00160178 0.00496287 0.000860713 0.00835084 0.0101562 -0.00651349 -0.0106741 0.0210776 0.00664282 -0.00707457
internal_weight=126877 390.983 233.193 126486 10526.9 4863.58 2723.77 1350.6 2139.82 1373.16 991.715 434.898 182.512 114.365
internal_count=449448 1890 1188 447558 45063 20916 11718 5490 9198 6228 4695 1754 707 442
is_linear=0
shrinkage=0.035


Tree=386
num_leaves=15
num_cat=1
split_feature=41 42 46 9 6 46 52 54 1 1 14 62 0 14
split_gain=18.8423 34.682 19.8845 18.7981 44.7987 39.8884 44.9258 33.6928 57.2046 57.0189 75.0313 48.9341 43.6961 46.4668
threshold=29.000000000000004 28.200000000000006 -2.4000000000000004 1.0357255500065057 7.6909189469034516 -0.65000000000000024 0.26260297140478239 37.500000000000007 16.500000000000004 10.500000000000002 0.98774795522931602 1.9833333333333341 0 0.94592306406186222
decision_type=2 2 2 2 2 2 2 2 2 2 2 2 1 2
left_child=1 3 -3 -1 7 -6 -7 8 9 12 -11 -9 -5 -14
right_child=-2 2 -4 4 5 6 -8 11 -10 10 -12 -13 13 -15
leaf_value=-1.5196996089547743e-09 -0.0037545348958771718 -2.7375683060707322e-05 0.00041847835950936836 -3.3818135273923092e-05 0.0027104382020343219 -0.00014019751509213987 0.00085793992257875748 -5.5617127924997275e-05 0.0010477293607214192 -0.0019217670180267797 0.00099669132446773227 0.00046320900057145539 0.001829337492712623 7.7279647687210766e-05
leaf_weight=109754.5548026124 82.78600137680769 54.776599958539009 195.69530132040381 816.6425179168582 513.21030700951815 1257.3799919523299 1154.2768457029015 5772.9739566631615 1624.617915041279 1203.1904677115381 703.27030002651736 2276.7785828150809 625.15721749514341 841.91078816540539
leaf_count=373336 405 243 954 3220 1237 2616 2596 23292 10145 6810 4968 10029 3594 6003
internal_value=5.20899e-05 6.36226e-05 0.0128219 3.73585e-05 0.00112768 0.00505608 0.00314059 0.000295894 0.00232381 0.000157049 -0.00429935 -0.00117005 0.00387981 0.00744469
internal_weight=126877 126794 250.472 126544 16789.4 2924.87 2411.66 13864.5 5814.79 4190.17 1906.46 8049.75 2283.71 1467.07
internal_count=449448 449043 1197 447846 74510 6449 5212 68061 34740 24595 11778 33321 12817 9597
cat_boundaries=0 1
cat_threshold=33687552
is_linear=0
shrinkage=0.035


Tree=387
num_leaves=15
num_cat=0
split_feature=41 40 41 63 1 1 41 48 36 42 41 52 57 63
split_gain=18.7814 18.6776 43.4395 24.0863 70.3481 80.7933 106.462 73.8163 81.2551 57.5421 52.0032 48.7455 46.7943 53.7298
threshold=29.000000000000004 6.8500000000000023 13.300000000000002 0.27916666666666673 10.500000000000002 5.5000000000000009 1.9500000000000017 0.10725958040040889 6.8500000000000005 10.050000000000002 5.5500000000000034 1.0000000180025095e-35 0.036313070560869166 0.30625000000000008
decision_type=2 2 2 2 2 2 2 2 2 2 2 2 2 2
left_child=1 3 -3 9 5 6 12 8 -8 -1 -7 -11 13 -5
right_child=-2 2 -4 4 -6 10 7 -9 -10 11 -12 -13 -14 -15
leaf_value=4.9152282040759808e-11 -0.0036231261745214706 -0.004338831325454616 0.00083952226997342295 3.9179796455661836e-08 -0.00011868229920657179 0.0019013478815208312 6.1563231145252993e-09 3.3065549122819749e-06 3.5274271312296117e-06 -1.2646740795234194e-06 0.00048456593338782927 -8.7279826464594368e-05 0.0001179077616880981 -4.2948330615207333e-06
leaf_weight=114528.75696484372 82.78600137680769 214.27420070394874 176.70830165594816 238.633225440979 5580.5247120410204 1393.7653047218919 236.00624571368098 790.29985807090998 324.29860096424818 195.83864489942789 746.05079966410995 1234.7512592151761 381.44527694955468 753.08219950646162
leaf_count=395808 405 1107 783 872 23742 6354 955 3055 1480 924 2844 5763 1533 3823
internal_value=2.65528e-05 3.80687e-05 -0.00750378 6.19884e-05 0.00167103 0.00474351 0.000737126 0.00768581 0.0172828 -8.30644e-05 0.00981608 -0.00703453 -0.00610357 -0.0100825
internal_weight=126877 126794 390.983 126403 10444.1 4863.58 2723.77 1350.6 560.305 115959 2139.82 1430.59 1373.16 991.715
internal_count=449448 449043 1890 447153 44658 20916 11718 5490 2435 402495 9198 6687 6228 4695
is_linear=0
shrinkage=0.035


Tree=388
num_leaves=15
num_cat=1
split_feature=11 57 0 50 12 48 1 14 21 1 31 12 57 57
split_gain=18.7259 57.8609 50.2269 58.1592 49.5491 43.8091 42.3495 114.513 61.8555 46.0045 61.8572 53.8829 46.922 44.8708
threshold=0.97872776580602372 1.1689788402127228 0 19.000000000000004 0.96388375844673491 0.43523830564392618 16.500000000000004 1.0123130853103539 1.0000000180025095e-35 8.5000000000000018 1.0000000180025095e-35 1.007512381892425 1.9356492514856609 1.9457091221088376
decision_type=2 2 1 2 2 2 2 2 2 2 2 2 2 2
left_child=1 2 4 -4 -1 -6 9 8 -8 11 12 -3 -11 -10
right_child=-2 6 3 -5 5 -7 7 -9 13 10 -12 -13 -14 -15
leaf_value=-0.00016947100855647075 2.5845217297961878e-09 -0.00091418124162063964 5.753791514975297e-05 -6.836017285740866e-05 6.5340843986943397e-05 0.000894524590092159 0.0010868545463096301 -0.0016359503486270692 0.00030525810511288583 -0.00042339243050585875 -0.0050712269271764318 0.0011768200427698685 -0.0028225040642152468 -0.0017172760974646006
leaf_weight=484.32729034987278 104164.64806803665 649.43096996634267 3169.1745849819854 2464.8076340891421 1282.3442754889838 489.75669826962985 2600.0151840839535 1257.8606463654432 706.52156813046895 7445.9928149045445 235.89003995060921 885.54714509309269 671.4359383888077 369.46873766835779
leaf_count=1973 358699 2198 14787 8056 4208 1609 9953 4562 3476 30265 900 3326 4174 1262
internal_value=4.9574e-05 -0.000860796 0.00155914 -0.000215212 0.00594558 0.00867309 -0.00214921 0.000498814 0.00361874 -0.00346963 -0.00449226 0.00208856 -0.00396295 -0.00341648
internal_weight=126877 22712.6 7890.41 5633.98 2256.43 1772.1 14822.2 4933.87 3676.01 9888.3 8353.32 1534.98 8117.43 1075.99
internal_count=449448 90749 30633 22843 7790 5817 60116 19253 14691 40863 35339 5524 34439 4738
cat_boundaries=0 2
cat_threshold=4096 262144
is_linear=0
shrinkage=0.035


Tree=389
num_leaves=15
num_cat=1
split_feature=36 46 41 46 35 57 0 21 1 59 2 61 57 36
split_gain=18.8346 44.3343 34.8975 22.3276 104.797 80.9499 80.7063 76.1736 92.0936 87.3888 61.2935 58.2668 118.59 68.8496
threshold=28.250000000000004 1.4000000000000015 0.60000000000000064 4.2000000000000028 30.500000000000004 1.2352061784186319 0 1.0000000180025095e-35 14.500000000000002 0.99551215362393841 2.5000000000000004 22.239583333333339 0.23109167196932104 22.750000000000004
decision_type=2 2 2 2 2 2 1 2 2 2 2 2 2 2
left_child=3 2 -2 11 -5 6 -6 9 10 -7 -9 -1 13 -13
right_child=1 -3 -4 4 5 7 -8 8 -10 -11 -12 12 -14 -15
leaf_value=-3.6441467854752208e-09 0.0019736689753323622 -0.0010912797839607953 -0.0022750518273161775 -0.0039883506368027831 -0.00027704463260853576 -0.00015595661502824468 0.001776439609216958 0.0019816783455836214 0.0021322373894654091 0.0012759383286631346 4.235388050657027e-05 2.1549840050225976e-08 0.00089211530097082668 -8.1002756781725849e-06
leaf_weight=101184.22671717638 257.02230007201433 1197.7551003210247 80.846000768244267 379.59619945799932 500.29922195151448 10541.540128078312 965.05884809792042 221.39460043609142 1180.1683243103325 598.53674521669745 3119.9598236493766 2006.1140461526811 3957.2989038154483 687.40463626384735
leaf_count=350047 1044 5184 567 2455 3026 36798 2694 746 4211 2230 12420 8382 16631 3013
internal_value=4.65136e-05 -0.00379351 0.00725487 9.38585e-05 0.00125285 0.00166023 0.00949808 0.000921299 0.0047473 -0.000634459 0.00176375 -9.43976e-05 0.00307644 -0.00258309
internal_weight=126877 1535.62 337.868 125342 17506.6 17127 1465.36 15661.6 4521.52 11140.1 3341.35 107835 6650.82 2693.52
internal_count=449448 6795 1611 442653 64580 62125 5720 56405 17377 39028 13166 378073 28026 11395
cat_boundaries=0 1
cat_threshold=301993984
is_linear=0
shrinkage=0.035


Tree=390
num_leaves=15
num_cat=0
split_feature=12 14 57 46 50 57 57 27 5 27 1 60 1 6
split_gain=18.5482 45.2926 111.192 73.9472 31.5257 31.0812 28.7685 49.7111 42.1616 50.6654 42.0202 81.7237 39.6817 42.5313
threshold=0.99481340225773851 1.1694833628063137 0.23109167196932104 0.90000000000000135 19.000000000000004 1.3689852550485722 1.6355072939676398 5.5000000000000009 40.500000000000007 29.500000000000004 19.500000000000004 -0.6775896895960708 7.5000000000000009 6.3809484666880296
decision_type=2 2 2 2 2 2 2 2 2 2 2 2 2 2
left_child=1 6 -3 4 -4 -5 8 -8 9 12 -10 -12 13 -1
right_child=-2 2 3 5 -6 -7 7 -9 10 -11 11 -13 -14 -15
leaf_value=6.9914734524899594e-07 2.807256123694444e-09 3.7096664832921075e-05 -0.0010628102080527655 -0.0014840994140074026 -0.002343240888600804 0.0012182360844344179 -0.0017393627987610421 -0.00014052689150670703 1.9163228007907184e-05 -8.1061970323445049e-05 -0.00050394213177227685 0.00080142789940307563 0.00022817804085572226 -0.00089232961754320058
leaf_weight=2198.8844767250121 90978.462431155611 556.31553520774469 353.12881408538669 99.122405618894845 626.18045580387115 276.66337615717202 1470.6704488741234 6649.6219467818737 4451.2581602483988 7765.6324637080543 354.42492285370827 1749.3789875106886 8471.4967621266842 875.98040891066194
leaf_count=8283 311221 1919 2056 244 1976 1462 6214 26524 18683 30049 1439 7342 29728 2308
internal_value=4.71637e-05 -0.000626414 -0.0058544 -0.0112398 -0.0162614 0.00192894 -0.000330763 -0.00214681 0.000239949 -0.000583488 0.00266308 0.00672667 0.000886603 -0.00251369
internal_weight=126877 35898.8 1911.41 1355.1 979.309 375.786 33987.3 8120.29 25867.1 19312 6555.06 2103.8 11546.4 3074.86
internal_count=449448 138227 7657 5738 4032 1706 130570 32738 97832 70368 27464 8781 40319 10591
is_linear=0
shrinkage=0.035


Tree=391
num_leaves=15
num_cat=2
split_feature=1 6 2 59 0 59 57 0 28 55 21 28 60 13
split_gain=18.8653 129.374 80.7565 54.8585 43.4961 60.4488 51.8439 41.1695 32.2439 30.5024 28.7085 27.9325 27.8623 26.9453
threshold=21.500000000000004 6.8337660417311907 1.5000000000000002 0.73831951690629083 0 0.80900950266415306 0.30560640846611248 1 40.500000000000007 3.0000000000000004 1.0000000180025095e-35 9.5000000000000018 -0.090248267031646914 0.98995473001705114
decision_type=2 2 2 2 1 2 2 1 2 2 2 2 2 2
left_child=-1 2 11 -3 13 6 8 12 -6 -8 -10 -2 -7 -4
right_child=1 3 4 -5 5 7 9 -9 10 -11 -12 -13 -14 -15
leaf_value=1.8833783594101519e-09 -0.00048040724299655628 -0.0014802164595275993 0.00021785047058952913 0.00010084602851445306 -3.7806014172871688e-08 0.00049326494231189712 -0.00037632121511880704 0.00020586869411212553 0.00014403624766192298 0.0018946555096967985 0.00062605000925358158 -0.00015411229722742386 0.0011564529810436821 -0.00035805929558074178
leaf_weight=116304.11979612056 610.78181782364845 393.49752696882933 295.65898350253701 126.88117250800133 1240.1688537709415 254.71076706051826 1509.7143730181269 766.46159984171391 806.18983795214444 88.200954146683216 441.40674724010751 2695.9453137889504 467.1116344332695 876.37221759185195
leaf_count=411994 1625 602 2516 242 2598 1096 5197 2736 2226 462 1177 9160 1513 6304
internal_value=3.8621e-05 -0.00137615 -0.000486789 -0.0182237 0.00170952 0.00299654 0.000794627 0.00901564 0.00394843 -0.0041095 0.00789743 -0.0049591 0.0148921 -0.00437319
internal_weight=126877 10573.1 10052.7 520.379 6746 5573.96 4085.68 1488.28 2487.77 1597.92 1247.6 3306.73 721.822 1172.03
internal_count=449448 37454 36610 844 25825 17005 11660 5345 6001 5659 3403 10785 2609 8820
cat_boundaries=0 1 2
cat_threshold=301989890 67240064
is_linear=0
shrinkage=0.035


Tree=392
num_leaves=15
num_cat=1
split_feature=1 6 2 59 0 14 57 61 6 27 60 31 28 64
split_gain=19.2139 122.735 74.2749 52.6225 41.1295 56.57 53.1905 42.1261 41.8472 32.9296 28.9271 29.9895 26.8742 26.6742
threshold=21.500000000000004 6.8337660417311907 1.5000000000000002 0.73831951690629083 0 0.98774795522931602 0.36161147247275599 6.9958333333333345 6.4327619453122304 59.500000000000007 -0.090248267031646914 1.0000000180025095e-35 9.5000000000000018 -1.2499999999999996
decision_type=2 2 2 2 1 2 2 2 2 2 2 2 2 2
left_child=13 2 12 -3 -4 8 7 -7 10 -9 11 -6 -2 -1
right_child=1 3 4 -5 5 6 -8 9 -10 -11 -12 -13 -14 -15
leaf_value=0.0031303583129569162 -0.00046359298949167678 -0.0014284088834441331 -0.00020745904563279752 9.731641751644709e-05 -0.00013659545605381964 -4.2637954851745163e-05 -0.00043548040760392638 0.00040557186421227078 0.0021678591977607772 -5.2001190511657555e-05 0.00074057408098292092 0.0030826261322036159 -0.000148718366824464 1.5545293081252252e-09
leaf_weight=66.228801101446152 610.78181782364845 393.49752696882933 1172.031201094389 126.88117250800133 506.69673819839954 1433.3377573406324 1057.6668750597164 1176.0578955840319 137.32171896100044 390.40664229542017 808.86260323226452 63.614536792039871 2695.9453137889504 116237.89099501912
leaf_count=324 1625 602 8820 242 2011 2872 3988 3253 272 1305 3060 244 9160 411670
internal_value=2.69374e-05 -0.00140084 -0.000534541 -0.0178105 0.00157186 0.00282367 0.000666235 0.00304557 0.00857231 0.00699448 0.00662217 0.000560172 -0.00482356 0.000156845
internal_weight=126877 10573.1 10052.7 520.379 6746 5573.96 4057.47 2999.8 1516.5 1566.46 1379.17 570.311 3306.73 116304
internal_count=449448 37454 36610 844 25825 17005 11418 7430 5587 4558 5315 2255 10785 411994
cat_boundaries=0 1
cat_threshold=301989890
is_linear=0
shrinkage=0.035


Tree=393
num_leaves=15
num_cat=1
split_feature=9 1 28 6 47 51 59 6 0 5 57 46 27 6
split_gain=18.5147 26.6602 35.9758 35.4303 27.1937 22.7336 22.7179 23.6232 21.6146 20.1523 19.6822 53.8107 35.1574 26.7545
threshold=0.93347269184730863 18.500000000000004 56.500000000000007 6.42158539314243 0.13636952883776843 1.0270234180041347 -0.021515898191483532 4.8716618687640798 0 26.500000000000004 2.195558549645483 0.09999999999999977 6.5000000000000009 8.4873018021071029
decision_type=2 2 2 2 2 2 2 2 1 2 2 2 2 2
left_child=1 4 9 -4 6 10 -1 -8 -6 -3 13 12 -12 -2
right_child=5 2 3 -5 8 -7 7 -9 -10 -11 11 -13 -14 -15
leaf_value=-6.4062096596272726e-05 1.8185420541127191e-09 -0.00046021561125918512 -0.00020258273919947537 -0.0035589734580334549 0.00020043259955174821 0.0017981704604473877 4.146561927242417e-05 -0.0011740899135201136 -0.000120743893177923 0.00016897409078905576 -0.0024505906266004416 -0.0010101404038268683 0.00083616636903622221 0.00077876031256395581
leaf_weight=1379.9033300429583 114639.68553957809 670.64105243980885 288.35712241916917 324.54276229673997 2225.5059605836868 245.27925457153469 130.45729236677289 751.7794390344061 1187.7010273167398 724.86029824987054 244.68813491612673 2194.7462067166343 1393.5667293635197 475.50744587182999
leaf_count=4685 399772 2686 1560 1314 8213 1182 677 3758 8456 3297 621 8598 4070 559
internal_value=2.6515e-05 -0.00163757 -0.00509247 -0.0120895 -0.000408145 0.000133918 -0.00337603 -0.00772858 0.00156297 -0.00195523 0.000111517 -0.00235249 0.00243938 0.000193759
internal_weight=126877 7683.75 2008.4 612.9 5675.35 119193 2262.14 882.237 3413.21 1395.5 118948 3833 1638.25 115115
internal_count=449448 34646 8857 2874 25789 414802 9120 4435 16669 5983 413620 13289 4691 400331
cat_boundaries=0 1
cat_threshold=67242114
is_linear=0
shrinkage=0.035


Tree=394
num_leaves=15
num_cat=1
split_feature=9 6 6 64 10 1 59 0 49 60 62 57 1 57
split_gain=18.5551 36.93 53.8419 33.7048 32.6717 39.1792 55.5918 39.4213 33.5441 32.5712 38.519 46.0802 73.7937 47.8889
threshold=1.0082176687638922 7.6909189469034516 7.7798773324825872 -0.27708333333333329 1.0016926163968651 16.500000000000004 0.33346569090932193 0 1.0000000180025095e-35 -0.40541071103273002 3.9375000000000004 0.22047405267324455 20.500000000000004 0.66019552387941782
decision_type=2 2 2 2 2 2 2 1 2 2 2 2 2 2
left_child=-1 4 -3 -4 5 7 -7 8 -2 10 11 -6 -13 -14
right_child=1 2 3 -5 9 6 -8 -9 -10 -11 -12 12 13 -15
leaf_value=-2.0535813647888622e-09 -0.00012505834975104697 0.0013446114158718826 0.0017655065131709086 8.7232210502844113e-05 2.8175393979173796e-05 -0.00010791808375760756 0.00097368370185428555 2.7917561135555296e-05 -3.8840740099107339e-05 3.6652071602529062e-05 0.0011222192778714301 -0.0003549778056556356 -0.00041943326145654818 -0.0020966237855034454
leaf_weight=95616.509624135913 1605.6731459572911 1193.274979245849 302.30807287991047 5092.8335460294038 1735.8921948536299 888.07801879709587 1721.7492346772924 5010.4053200874478 256.23220071941614 5494.3887384962291 695.33166904468089 5796.0459527273197 1073.096412204206 395.40248591220006
leaf_count=323340 6869 3278 700 10470 5857 3927 8903 22689 804 23665 3587 29845 3819 1695
internal_value=2.32588e-05 0.000763363 0.00308917 0.00159283 0.000141285 0.0017523 0.00539426 0.000363406 -0.00395975 -0.000864851 -0.00208411 -0.00269883 -0.00392214 -0.0109035
internal_weight=126877 31260.7 6588.42 5395.14 24672.3 9482.14 2609.83 6872.31 1861.91 15190.2 9695.77 9000.44 7264.54 1468.5
internal_count=449448 126108 14448 11170 111660 43192 12830 30362 7673 68468 44803 41216 35359 5514
cat_boundaries=0 1
cat_threshold=67110912
is_linear=0
shrinkage=0.035


Tree=395
num_leaves=15
num_cat=1
split_feature=41 1 6 2 59 13 0 14 57 6 21 59 58 28
split_gain=18.7625 18.2461 114.102 71.5554 49.317 39.5415 46.4033 48.8876 42.1296 36.5151 36.2145 27.7193 38.9238 24.9991
threshold=29.000000000000004 21.500000000000004 6.8337660417311907 1.5000000000000002 0.73831951690629083 0.99018281520898721 0 0.98774795522931602 0.30560640846611248 6.4327619453122304 1.0000000180025095e-35 0.055916472294523401 10.553782238291754 9.5000000000000018
decision_type=2 2 2 2 2 2 1 2 2 2 2 2 2 2
left_child=1 -1 3 13 -4 -5 -7 9 10 -8 -9 -10 -13 -3
right_child=-2 2 4 5 -6 6 7 8 11 -11 -12 12 -14 -15
leaf_value=1.8267684299863843e-09 -0.0034845513053976826 -0.00044736722663309223 -0.0013777097882546178 0.00039665635156220828 9.3910351129747511e-05 -0.0003382661454118921 0.00037999084285099844 -2.1115683246659906e-05 -0.00079242806424793669 0.0020860135868365436 0.00035958506521416929 -0.00035155835492000926 0.00068768838100578497 -0.00014286977530142167
leaf_weight=116221.33379474375 82.78600137680769 610.78181782364845 393.49752696882933 1280.7582158076111 126.88117250800133 874.57865925878286 1097.4514520615339 1334.1065895457286 617.15423963963985 120.5669801235199 771.96002981299534 536.62662055995315 112.79318174812943 2695.9453137889504
leaf_count=411589 405 1625 602 6304 242 6285 4057 3068 1640 232 1755 2289 195 9160
internal_value=1.86275e-05 3.01383e-05 -0.00136117 -0.000525886 -0.0171832 0.0015416 0.000239881 0.00165401 -0.000517995 0.00763689 0.00251297 -0.00553811 -0.000462543 -0.00473566
internal_weight=126877 126794 10573.1 10052.7 520.379 6746 5465.24 4590.66 3372.64 1218.02 2106.07 1266.57 649.42 3306.73
internal_count=449448 449043 37454 36610 844 25825 19521 13236 8947 4289 4823 4124 2484 10785
cat_boundaries=0 1
cat_threshold=301989890
is_linear=0
shrinkage=0.035


Tree=396
num_leaves=15
num_cat=0
split_feature=9 1 28 6 47 59 6 57 46 27 35 6 27 51
split_gain=18.1616 26.0654 34.6284 34.0065 25.5741 21.9438 21.8647 20.8501 49.8553 34.237 26.0766 26.0398 25.394 24.1367
threshold=0.93347269184730863 18.500000000000004 56.500000000000007 6.42158539314243 0.13636952883776843 -0.021515898191483532 4.8716618687640798 2.195558549645483 1.0000000180025095e-35 30.500000000000004 25.500000000000004 8.4873018021071029 19.500000000000004 0.91106682255889482
decision_type=2 2 2 2 2 2 2 2 2 2 2 2 2 2
left_child=1 4 -3 -4 5 -1 -7 11 9 -9 -10 13 -13 -2
right_child=7 2 3 -5 -6 6 -8 8 10 -11 -12 12 -14 -15
leaf_value=-6.1819915276950529e-05 1.5250797677187559e-09 -0.00014317955777351372 -0.00019049182931659637 -0.0034344093790638314 7.6758270575096263e-05 4.0014330536342044e-05 -0.0011329967586084569 -0.00026931802441772544 0.0053077621454604524 0.001545218999893838 -0.0010531446250743974 -9.8189333828081543e-05 0.0024439483106235816 0.0009928009227132223
leaf_weight=1379.9033300429583 114373.85694768908 1395.5013506896794 288.35712241916917 324.54276229673997 3413.2069879004266 130.45729236677289 751.7794390344061 955.36263172933832 52.003200247418135 639.76841023168527 2186.4555510231294 236.19009518623352 239.31735068559647 510.51912422524765
leaf_count=4685 398894 5983 1560 1314 16669 677 3758 2137 228 2411 8548 220 339 2025
internal_value=2.19899e-05 -0.00162616 -0.00504229 -0.0119072 -0.000410505 -0.00328863 -0.00756635 0.000128364 -0.00240758 0.0023126 -0.00576653 0.000212839 0.00830147 0.000178641
internal_weight=126877 7683.75 2008.4 612.9 5675.35 2262.14 882.237 119193 3833.59 1595.13 2238.46 115360 475.507 114884
internal_count=449448 34646 8857 2874 25789 9120 4435 414802 13324 4548 8776 401478 559 400919
is_linear=0
shrinkage=0.035


Tree=397
num_leaves=15
num_cat=0
split_feature=41 9 6 1 62 14 54 1 1 14 62 57 50 12
split_gain=17.9506 18.2782 41.7848 39.0882 66.0798 64.746 28.1704 53.2669 48.9806 68.0201 42.9434 42.5965 41.7784 35.824
threshold=29.000000000000004 1.0357255500065057 7.6909189469034516 8.5000000000000018 0.42708333333333309 1.1694833628063137 37.500000000000007 16.500000000000004 10.500000000000002 0.98774795522931602 1.9833333333333341 0.016741381171786123 17.500000000000004 1.105399762299607
decision_type=2 2 2 2 2 2 2 2 2 2 2 2 2 2
left_child=1 -1 6 5 -5 -4 7 8 11 -10 -8 -3 -13 -12
right_child=-2 2 3 4 -6 -7 10 -9 9 -11 13 12 -14 -15
leaf_value=-1.3296260100527817e-09 -0.0033625920630865553 -4.0509744366668891e-05 0.00051825588028826309 -0.00091961439475273226 0.0005390267783282769 0.0065211483483651163 -5.1324235162169386e-05 0.0010001079977955689 -0.0018420813133757394 0.00095906235434499952 5.3603352924293456e-05 0.0001434662179055189 0.0014627951574916838 0.0019186524757989923
leaf_weight=109966.35706190113 82.78600137680769 338.79558439087123 401.99950140714645 412.57794028799981 1905.3920149384066 213.6007436811924 5788.3017123006284 1630.4026151741855 1206.7341788895428 703.27030002651736 1680.9091738723218 1322.9565909421071 627.26876763626933 595.86940894275904
leaf_count=374316 405 1524 1022 852 4101 501 23396 10187 6832 4968 6950 8277 3038 3079
internal_value=1.90681e-05 3.0327e-05 0.0011042 0.00489228 0.00278326 0.0126621 0.000301474 0.00215319 6.36788e-05 -0.00406309 -0.00103795 0.00350983 0.00550226 0.00302549
internal_weight=126877 126794 16828.1 2933.57 2317.97 615.6 13894.5 5829.43 4199.03 1910 8065.08 2289.02 1950.23 2276.78
internal_count=449448 449043 74727 6476 4953 1523 68251 34826 24639 11800 33425 12839 11315 10029
is_linear=0
shrinkage=0.035


Tree=398
num_leaves=15
num_cat=1
split_feature=36 46 41 36 46 61 41 57 0 24 59 2 1 36
split_gain=17.9832 39.6214 32.7792 22.2524 20.2309 101.377 77.7943 64.5052 65.5534 63.3903 63.3452 84.373 80.0933 54.4871
threshold=28.250000000000004 1.4000000000000015 0.60000000000000064 33.850000000000009 4.2000000000000028 21.902083333333341 4.3500000000000023 1.2352061784186319 0 1.0000000180025095e-35 0.99466160899732492 3.5000000000000004 13.500000000000002 24.950000000000003
decision_type=2 2 2 2 2 2 2 2 1 2 2 2 2 2
left_child=4 2 -2 -3 13 6 7 8 -6 10 11 -9 -13 -1
right_child=1 3 -4 -5 5 -7 -8 9 -10 -11 -12 12 -14 -15
leaf_value=-2.4292696391668644e-09 0.0018962551900901167 -0.0012382965539223972 -0.0022518453940652853 0.0018735601931926249 -0.00020517192983025753 -0.0007620897286885086 -0.0036840708195596335 -0.0001812650745474651 0.0017262216844051619 0.001627429422321516 0.0011892689835654275 1.8853665205251214e-05 0.0014548026411219956 0.00063994796838119043
leaf_weight=105591.85320806364 257.02230007201433 1124.4986997358501 80.846000768244267 73.256400585174561 458.78182614222169 1885.5239951908588 155.39230041205883 7553.1059849075973 940.85837180772796 568.82543497532606 638.65551912412047 2956.7372643442359 2348.6731942940969 2243.1910953447223
leaf_count=368227 1044 4896 567 288 2636 8028 657 22320 2633 1644 2373 13843 10446 9846
internal_value=1.8406e-05 -0.00373382 0.00671292 -0.00671187 6.46707e-05 0.0011679 0.00209425 0.00234814 0.00948728 0.00163153 0.00114424 0.00060542 0.00398425 -0.000114526
internal_weight=126877 1535.62 337.868 1197.76 125342 17506.6 15621 15465.6 1399.64 14066 13497.2 12858.5 5305.41 107835
internal_count=449448 6795 1611 5184 442653 64580 56552 55895 5269 50626 48982 46609 24289 378073
cat_boundaries=0 1
cat_threshold=301993984
is_linear=0
shrinkage=0.035


Tree=399
num_leaves=15
num_cat=1
split_feature=10 13 57 12 53 1 6 14 1 57 0 27 46 36
split_gain=18.122 27.7592 28.6765 28.4003 32.3813 34.4089 88.4019 95.6296 57.1569 80.525 66.9185 50.5825 47.5109 40.5207
threshold=1.009567679297003 1.0479080661549467 0.56920355648871912 1.0146691354105555 0.3246621621621622 8.5000000000000018 7.021090993831181 1.1694833628063137 15.500000000000002 1.2473703464118877 0 38.500000000000007 3.2000000000000011 17.850000000000005
decision_type=2 2 2 2 2 2 2 2 2 2 1 2 2 2
left_child=1 3 -3 -1 5 6 -5 13 9 10 -7 -11 -13 -8
right_child=-2 2 -4 4 -6 8 7 -9 -10 11 -12 12 -14 -15
leaf_value=-3.2682899793466333e-10 -2.5299196979720339e-05 2.8281618417791889e-05 0.0032575410254550466 2.618403324335683e-06 -1.8418128012276756e-05 0.0034776828460325506 9.645041869433414e-05 0.0056313315822690982 0.00038483332329558947 0.00044890915632136156 -0.00015447803873003564 -0.0015445905908798682 -0.00040376502537915016 0.0022893836525033091
leaf_weight=83834.84599077818 28720.623851903714 674.035778619349 258.65110431611538 2351.6031570010819 191.36375996819697 357.41443671518937 757.90068230312318 371.49146267771721 4632.5659884985071 867.40498167159967 449.35771809518337 1082.7632652642205 1849.7180082867853 477.48140966892242
leaf_count=279883 111077 2236 1033 10502 809 1381 2042 947 19890 3206 1726 4547 8696 1473
internal_value=1.64999e-05 0.000242773 0.00621993 0.000184799 0.00168102 0.00189221 0.00461819 0.0109181 0.000720557 -0.00203792 0.00794111 -0.0041719 -0.00636336 0.00613073
internal_weight=126877 98156.6 932.687 97223.9 13389.1 13197.7 3958.48 1606.87 9239.22 4606.66 806.772 3799.89 2932.48 1235.38
internal_count=449448 338371 3269 335102 55219 54410 14964 4462 39446 19556 3107 16449 13243 3515
cat_boundaries=0 2
cat_threshold=67111040 262144
is_linear=0
shrinkage=0.035


end of trees

feature_importances:
hour=554
base_share=470
temperature_2m_hour_anomaly=449
temperature_2m=415
annual_cos=292
temperature_change_6h=266
annual_sin=250
precipitation_hour_anomaly=232
ratio_ew_mean_7d=230
zero_rate_56d=210
precipitation_3h=200
dow=160
days_to_holiday=148
days_since_holiday=133
temperature_2m_day_mean=129
log_base=127
season=110
ratio_adaptive_dow_25=103
off_1=97
wind_speed_10m=96
precipitation_day_mean=88
zero_rate_28d=85
route=80
precipitation_12h=75
precipitation_24h=72
ratio_median_56d=67
tail_width_56d=63
ratio_ew_median_28d=55
iqr_56d=51
tail_width_28d=36
ratio_ew_median_14d=35
log_daily_base=29
kind=25
off_2=23
count_56d=23
off_3=16
count_28d=13
ratio_median_14d=12
event_age=10
snowfall_12h=8
horizon=7
iqr_28d=7
precipitation=6
holiday=5
ratio_median_28d=5
off_-2=5
snowfall_3h=5
off_-3=4
off_-1=4
event_merge=4
off_block_length=4
snowfall_24h=3
holiday_-2=2
holiday_2=1
holiday_3=1

parameters:
[boosting: gbdt]
[objective: regression_l1]
[metric: l1]
[tree_learner: serial]
[device_type: cpu]
[data_sample_strategy: bagging]
[data: ]
[valid: ]
[num_iterations: 400]
[learning_rate: 0.035]
[num_leaves: 15]
[num_threads: 3]
[seed: 2026]
[deterministic: 1]
[force_col_wise: 1]
[force_row_wise: 0]
[histogram_pool_size: -1]
[max_depth: -1]
[min_data_in_leaf: 200]
[min_sum_hessian_in_leaf: 0.001]
[bagging_fraction: 1]
[pos_bagging_fraction: 1]
[neg_bagging_fraction: 1]
[bagging_freq: 0]
[bagging_seed: 26038]
[bagging_by_query: 0]
[feature_fraction: 1]
[feature_fraction_bynode: 1]
[feature_fraction_seed: 28694]
[extra_trees: 0]
[extra_seed: 4728]
[early_stopping_round: 0]
[early_stopping_min_delta: 0]
[first_metric_only: 0]
[max_delta_step: 0]
[lambda_l1: 0]
[lambda_l2: 10]
[linear_lambda: 0]
[min_gain_to_split: 0]
[drop_rate: 0.1]
[max_drop: 50]
[skip_drop: 0.5]
[xgboost_dart_mode: 0]
[uniform_drop: 0]
[drop_seed: 5409]
[top_rate: 0.2]
[other_rate: 0.1]
[min_data_per_group: 100]
[max_cat_threshold: 32]
[cat_l2: 10]
[cat_smooth: 10]
[max_cat_to_onehot: 4]
[top_k: 20]
[monotone_constraints: ]
[monotone_constraints_method: basic]
[monotone_penalty: 0]
[feature_contri: ]
[forcedsplits_filename: ]
[refit_decay_rate: 0.9]
[cegb_tradeoff: 1]
[cegb_penalty_split: 0]
[cegb_penalty_feature_lazy: ]
[cegb_penalty_feature_coupled: ]
[path_smooth: 0]
[interaction_constraints: ]
[verbosity: -1]
[saved_feature_importance_type: 0]
[use_quantized_grad: 0]
[num_grad_quant_bins: 4]
[quant_train_renew_leaf: 0]
[stochastic_rounding: 1]
[linear_tree: 0]
[max_bin: 255]
[max_bin_by_feature: ]
[min_data_in_bin: 3]
[bin_construct_sample_cnt: 200000]
[data_random_seed: 6654]
[is_enable_sparse: 1]
[enable_bundle: 1]
[use_missing: 1]
[zero_as_missing: 0]
[feature_pre_filter: 1]
[pre_partition: 0]
[two_round: 0]
[header: 0]
[label_column: ]
[weight_column: ]
[group_column: ]
[ignore_column: ]
[categorical_feature: 0,3]
[forcedbins_filename: ]
[precise_float_parser: 0]
[parser_config_file: ]
[objective_seed: 199]
[num_class: 1]
[is_unbalance: 0]
[scale_pos_weight: 1]
[sigmoid: 1]
[boost_from_average: 1]
[reg_sqrt: 0]
[alpha: 0.9]
[fair_c: 1]
[poisson_max_delta_step: 0.7]
[tweedie_variance_power: 1.5]
[lambdarank_truncation_level: 30]
[lambdarank_norm: 1]
[label_gain: ]
[lambdarank_position_bias_regularization: 0]
[eval_at: ]
[multi_error_top_k: 1]
[auc_mu_weights: ]
[num_machines: 1]
[local_listen_port: 12400]
[time_out: 120]
[machine_list_filename: ]
[machines: ]
[gpu_platform_id: -1]
[gpu_device_id: -1]
[gpu_use_dp: 0]
[num_gpu: 1]

end of parameters

pandas_categorical:[]
